path_id,parameter,state,gravity_factor,steel_c,slab_c,support_c,right_anchor_x_m,max_DCR,max_down_m,max_slip_m,strain_energy_J,equilibrium_residual,energy_identity_residual,vertical_pair_reaction_N,left_horizontal_reaction_N,right_horizontal_reaction_N,support_compression_capacity_unchecked,unsupported_vertical_uplift,large_displacement_warning,governing_id,governing_kind,open_slab_segments,global_energy_credit_J
COLD-01,0.0,BELOW_FIRST_NOMINAL_LIMIT,0.0,20.0,20.0,20.0,0.0,0.0,-0.0,0.0,0.0,0.0,0.0,0.0,-0.0,-0.0,False,False,False,BOND-000,bond,0,0.0
COLD-01,0.05,BELOW_FIRST_NOMINAL_LIMIT,0.05,20.0,20.0,20.0,0.0,0.047354453526172256,0.0033596579142237994,0.00026332299930763173,7.614840171241019,7.930540689775721e-14,1.1290541770222163e-13,7047.960025956659,1.310178746736219e-09,-0.0,False,False,False,STEEL-009,top_chord,0,0.0
COLD-01,0.1,BELOW_FIRST_NOMINAL_LIMIT,0.1,20.0,20.0,20.0,0.0,0.09470890705234451,0.006719315828447599,0.0005266459986152635,30.459360684964075,7.930540689775721e-14,1.1290541770222163e-13,14095.920051913317,2.620357493472438e-09,-0.0,False,False,False,STEEL-009,top_chord,0,0.0
COLD-01,0.15000000000000002,BELOW_FIRST_NOMINAL_LIMIT,0.15000000000000002,20.0,20.0,20.0,0.0,0.14206336057851693,0.010078973742671405,0.0007899689979228954,68.53356154116929,8.812608014200484e-14,1.1197231507658334e-13,21143.880077869933,3.933418287605789e-09,-0.0,False,False,False,STEEL-009,top_chord,0,0.0
COLD-01,0.2,BELOW_FIRST_NOMINAL_LIMIT,0.2,20.0,20.0,20.0,0.0,0.18941781410468903,0.013438631656895197,0.001053291997230527,121.8374427398563,7.930540689775721e-14,1.1290541770222163e-13,28191.840103826635,5.240714986944876e-09,-0.0,False,False,False,STEEL-009,top_chord,0,0.0
COLD-01,0.25,BELOW_FIRST_NOMINAL_LIMIT,0.25,20.0,20.0,20.0,0.0,0.23677226763086162,0.016798289571119007,0.0013166149965381595,190.3710042810256,7.679389426601219e-14,1.1242020433688975e-13,35239.800129783194,6.6374704374909425e-09,-0.0,False,False,False,STEEL-009,top_chord,0,0.0
COLD-01,0.3,BELOW_FIRST_NOMINAL_LIMIT,0.3,20.0,20.0,20.0,0.0,0.2841267211570355,0.02015794748534281,0.0015799379958457897,274.1342461646769,8.814758742209011e-14,1.1217967121561415e-13,42287.7601557398,7.986729746932271e-09,-0.0,False,False,False,STEEL-009,top_chord,0,0.0
COLD-01,0.35000000000000003,BELOW_FIRST_NOMINAL_LIMIT,0.35000000000000003,20.0,20.0,20.0,0.0,0.33148117468320765,0.023517605399566596,0.0018432609951534213,373.1271683908097,5.356234481358291e-14,1.1319106136313133e-13,49335.720181696364,9.347056118378587e-09,-0.0,False,False,False,STEEL-009,top_chord,0,0.0
COLD-01,0.4,BELOW_FIRST_NOMINAL_LIMIT,0.4,20.0,20.0,20.0,0.0,0.37883562820937805,0.026877263313790395,0.002106583994461054,487.3497709594252,7.930540689775721e-14,1.1290541770222163e-13,56383.68020765327,1.0481429973889752e-08,-0.0,False,False,False,STEEL-009,top_chord,0,0.0
COLD-01,0.45,BELOW_FIRST_NOMINAL_LIMIT,0.45,20.0,20.0,20.0,0.0,0.4261900817355532,0.030236921228014187,0.002369906993768684,616.8020538705211,6.708837567369801e-14,1.139076390408702e-13,63431.64023360957,1.217376820548568e-08,-0.0,False,False,False,STEEL-009,top_chord,0,0.0
COLD-01,0.5,BELOW_FIRST_NOMINAL_LIMIT,0.5,20.0,20.0,20.0,0.0,0.47354453526172324,0.033596579142238014,0.002633229993076319,761.4840171241024,7.679389426601219e-14,1.1242020433688975e-13,70479.60025956639,1.3274940874981885e-08,-0.0,False,False,False,STEEL-009,top_chord,0,0.0
COLD-01,0.55,BELOW_FIRST_NOMINAL_LIMIT,0.55,20.0,20.0,20.0,0.0,0.5208989887878946,0.036956237056461845,0.002896552992383954,921.395660720166,5.680268190771492e-14,1.1129369498521005e-13,77527.5602855233,1.4213796635071615e-08,-0.0,False,False,False,STEEL-009,top_chord,0,0.0
COLD-01,0.6000000000000001,BELOW_FIRST_NOMINAL_LIMIT,0.6000000000000001,20.0,20.0,20.0,0.0,0.5682534423140677,0.04031589497068562,0.0031598759916915816,1096.5369846587087,8.812608014200484e-14,1.1197231507658334e-13,84575.52031147973,1.5733673150423157e-08,-0.0,False,False,False,STEEL-009,top_chord,0,0.0
COLD-01,0.6500000000000001,BELOW_FIRST_NOMINAL_LIMIT,0.6500000000000001,20.0,20.0,20.0,0.0,0.6156078958402428,0.043675552884909416,0.003423198990999207,1286.9079889397312,1.0586048697698448e-13,1.132532606928442e-13,91623.48033743595,1.7471201885206114e-08,-0.0,False,False,False,STEEL-009,top_chord,0,0.0
COLD-01,0.7000000000000001,BELOW_FIRST_NOMINAL_LIMIT,0.7000000000000001,20.0,20.0,20.0,0.0,0.6629623493664153,0.04703521079913319,0.0036865219903068425,1492.5086735632387,5.356234481358291e-14,1.1319106136313133e-13,98671.44036339273,1.8694112236757175e-08,-0.0,False,False,False,STEEL-009,top_chord,0,0.0
COLD-01,0.7500000000000001,BELOW_FIRST_NOMINAL_LIMIT,0.7500000000000001,20.0,20.0,20.0,0.0,0.7103168028925805,0.05039486871335702,0.0039498449896144825,1713.3390385292323,7.978340619760576e-14,1.1200549205882826e-13,105719.40038935034,1.917921845464244e-08,-0.0,False,False,False,STEEL-009,top_chord,0,0.0
COLD-01,0.8,BELOW_FIRST_NOMINAL_LIMIT,0.8,20.0,20.0,20.0,0.0,0.7576712564187561,0.05375452662758079,0.004213167988922108,1949.3990838377008,7.930540689775721e-14,1.1290541770222163e-13,112767.36041530654,2.0962859947779504e-08,-0.0,False,False,False,STEEL-009,top_chord,0,0.0
COLD-01,0.8500000000000001,BELOW_FIRST_NOMINAL_LIMIT,0.8500000000000001,20.0,20.0,20.0,0.0,0.8050257099449274,0.057114184541804676,0.004476490988229746,2200.688809488662,6.161456203675867e-14,1.1096495168835103e-13,119815.32044126341,2.167852995743533e-08,-0.0,False,False,False,STEEL-009,top_chord,0,0.0
COLD-01,0.9000000000000001,BELOW_FIRST_NOMINAL_LIMIT,0.9000000000000001,20.0,20.0,20.0,0.0,0.8523801634711013,0.06047384245602842,0.00473981398753738,2467.208215482095,6.703102292680814e-14,1.1188015679256968e-13,126863.28046722016,2.3163360776437753e-08,-0.0,False,False,False,STEEL-009,top_chord,0,0.0
COLD-01,0.9500000000000001,BELOW_FIRST_NOMINAL_LIMIT,0.9500000000000001,20.0,20.0,20.0,0.0,0.8997346169972752,0.0638335003702522,0.005003136986844998,2748.9573018180063,7.647536012838306e-14,1.1282012023228802e-13,133911.2404931758,2.5797321533624658e-08,-0.0,False,False,False,STEEL-009,top_chord,0,0.0
COLD-01,1.0,BELOW_FIRST_NOMINAL_LIMIT,1.0,20.0,20.0,20.0,0.0,0.9470890705234465,0.06719315828447603,0.005266459986152638,3045.9360684964095,7.679389426601219e-14,1.1242020433688975e-13,140959.20051913278,2.654988174996377e-08,-0.0,False,False,False,STEEL-009,top_chord,0,0.0
COLD-01,1.05,BELOW_FIRST_NOMINAL_LIMIT,1.05,20.0,20.0,20.0,0.0,0.994443524049622,0.07055281619869985,0.005529782985460269,3358.144515517293,7.212005505702625e-14,1.1226007461646274e-13,148007.1605450891,2.7815215839200616e-08,-0.0,False,False,False,STEEL-009,top_chord,0,0.0
COLD-01,1.0558669090270993,FIRST_NOMINAL_LIMIT_NO_POST_MEMBER_CONTINUATION,1.0558669090270993,20.0,20.0,20.0,0.0,1.0000000094669443,0.07094703234559832,0.0055606808270938805,3395.7768411439943,7.84656364028455e-14,1.128908154836522e-13,148834.1553510675,2.7999666872617067e-08,-0.0,False,False,False,STEEL-009,top_chord,0,0.0
COLD-02,0.0,BELOW_FIRST_NOMINAL_LIMIT,0.0,20.0,20.0,20.0,0.0,0.0,-0.0,0.0,0.0,0.0,0.0,0.0,-0.0,-0.0,False,False,False,BOND-000,bond,0,0.0
COLD-02,0.05,BELOW_FIRST_NOMINAL_LIMIT,0.05,20.0,20.0,20.0,0.0,0.04711898164671719,0.0023119821466391485,0.00011426652850635525,5.1499730910455845,5.824709128607639e-14,1.2382824027826873e-13,7047.960025956588,-9222.209596599438,9222.209596599569,False,False,False,SEAT-H-interior,seat_h,0,0.0
COLD-02,0.1,BELOW_FIRST_NOMINAL_LIMIT,0.1,20.0,20.0,20.0,0.0,0.09423796329343438,0.004623964293278297,0.0002285330570127105,20.599892364182338,5.824709128607639e-14,1.2382824027826873e-13,14095.920051913175,-18444.419193198875,18444.419193199137,False,False,False,SEAT-H-interior,seat_h,0,0.0
COLD-02,0.15000000000000002,BELOW_FIRST_NOMINAL_LIMIT,0.15000000000000002,20.0,20.0,20.0,0.0,0.14135694494015158,0.006935946439917446,0.0003427995855190658,46.34975781941022,3.452456135400535e-14,1.2463306635250075e-13,21143.88007786972,-27666.62878979828,27666.62878979871,False,False,False,SEAT-H-interior,seat_h,0,0.0
COLD-02,0.2,BELOW_FIRST_NOMINAL_LIMIT,0.2,20.0,20.0,20.0,0.0,0.18847592658686876,0.009247928586556594,0.000457066114025421,82.39956945672935,5.824709128607639e-14,1.2382824027826873e-13,28191.84010382635,-36888.83838639775,36888.838386398274,False,False,False,SEAT-H-interior,seat_h,0,0.0
COLD-02,0.25,BELOW_FIRST_NOMINAL_LIMIT,0.25,20.0,20.0,20.0,0.0,0.23559490823358584,0.011559910733195731,0.000571332642531776,128.74932727613898,4.1732726273982535e-14,1.2649106483244236e-13,35239.80012978264,-46111.04798299689,46111.04798299782,False,False,False,SEAT-H-interior,seat_h,0,0.0
COLD-02,0.3,BELOW_FIRST_NOMINAL_LIMIT,0.3,20.0,20.0,20.0,0.0,0.2827138898803028,0.013871892879834875,0.0006855991710381306,185.39903127764066,3.45245613540053e-14,1.2524626717096332e-13,42287.76015573958,-55333.257579596604,55333.25757959735,False,False,False,SEAT-H-interior,seat_h,0,0.0
COLD-02,0.35000000000000003,BELOW_FIRST_NOMINAL_LIMIT,0.35000000000000003,20.0,20.0,20.0,0.0,0.32983287152702,0.01618387502647401,0.000799865699544485,252.3486814612324,3.6943362246254826e-14,1.268199406999769e-13,49335.72018169589,-64555.46717619582,64555.46717619692,False,False,False,SEAT-H-interior,seat_h,0,0.0
COLD-02,0.4,BELOW_FIRST_NOMINAL_LIMIT,0.4,20.0,20.0,20.0,0.0,0.37695185317373753,0.018495857173113188,0.000914132228050842,329.5982778269174,5.824709128607639e-14,1.2382824027826873e-13,56383.6802076527,-73777.6767727955,73777.67677279655,False,False,False,SEAT-H-interior,seat_h,0,0.0
COLD-02,0.45,BELOW_FIRST_NOMINAL_LIMIT,0.45,20.0,20.0,20.0,0.0,0.4240708348204545,0.02080783931975233,0.0010283987565571963,417.1478203746915,4.601124119191803e-14,1.250929669663477e-13,63431.6402336091,-82999.88636939468,82999.88636939607,False,False,False,SEAT-H-interior,seat_h,0,0.0
COLD-02,0.5,BELOW_FIRST_NOMINAL_LIMIT,0.5,20.0,20.0,20.0,0.0,0.4711898164671717,0.023119821466391462,0.001142665285063552,514.9973091045559,4.1732726273982535e-14,1.2649106483244236e-13,70479.60025956528,-92222.09596599378,92222.09596599564,False,False,False,SEAT-H-interior,seat_h,0,0.0
COLD-02,0.55,BELOW_FIRST_NOMINAL_LIMIT,0.55,20.0,20.0,20.0,0.0,0.5183087981138886,0.02543180361303059,0.0012569318135699056,623.1467440165114,3.3222882107139214e-14,1.2752549913876119e-13,77527.56028552164,-101444.30556259297,101444.30556259517,False,False,False,SEAT-H-interior,seat_h,0,0.0
COLD-02,0.6000000000000001,BELOW_FIRST_NOMINAL_LIMIT,0.6000000000000001,20.0,20.0,20.0,0.0,0.5654277797606063,0.027743785759669785,0.0013711983420762633,741.5961251105635,3.452456135400535e-14,1.2463306635250075e-13,84575.52031147887,-110666.51515919312,110666.51515919484,False,False,False,SEAT-H-interior,seat_h,0,0.0
COLD-02,0.6500000000000001,BELOW_FIRST_NOMINAL_LIMIT,0.6500000000000001,20.0,20.0,20.0,0.0,0.612546761407323,0.030055767906308917,0.0014854648705826168,870.345452386702,4.7785867533174757e-14,1.250058851933116e-13,91623.4803374353,-119888.72475579238,119888.72475579429,False,False,False,SEAT-H-interior,seat_h,0,0.0
COLD-02,0.7000000000000001,BELOW_FIRST_NOMINAL_LIMIT,0.7000000000000001,20.0,20.0,20.0,0.0,0.65966574305404,0.03236775005294802,0.00159973139908897,1009.3947258449296,3.6943362246254826e-14,1.268199406999769e-13,98671.44036339178,-129110.93435239165,129110.93435239384,False,False,False,SEAT-H-interior,seat_h,0,0.0
COLD-02,0.7500000000000001,BELOW_FIRST_NOMINAL_LIMIT,0.7500000000000001,20.0,20.0,20.0,0.0,0.7067847247007571,0.03467973219958715,0.0017139979275953253,1158.7439454852483,3.079842507954314e-14,1.2774199450210595e-13,105719.400389348,-138333.14394899062,138333.14394899338,False,False,False,SEAT-H-interior,seat_h,0,0.0
COLD-02,0.8,BELOW_FIRST_NOMINAL_LIMIT,0.8,20.0,20.0,20.0,0.0,0.7539037063474751,0.036991714346226376,0.001828264456101684,1318.3931113076696,5.824709128607639e-14,1.2382824027826873e-13,112767.3604153054,-147555.353545591,147555.3535455931,False,False,False,SEAT-H-interior,seat_h,0,0.0
COLD-02,0.8500000000000001,BELOW_FIRST_NOMINAL_LIMIT,0.8500000000000001,20.0,20.0,20.0,0.0,0.8010226879941916,0.03930369649286552,0.0019425309846080377,1488.3422233121728,3.115266263385952e-14,1.2435457982162464e-13,119815.32044126173,-156777.56314219025,156777.56314219255,False,False,False,SEAT-H-interior,seat_h,0,0.0
COLD-02,0.9000000000000001,BELOW_FIRST_NOMINAL_LIMIT,0.9000000000000001,20.0,20.0,20.0,0.0,0.848141669640909,0.04161567863950464,0.0020567975131143912,1668.5912814987653,3.4483339067182014e-14,1.2550176751198937e-13,126863.28046721834,-165999.77273878964,165999.77273879215,False,False,False,SEAT-H-interior,seat_h,0,0.0
COLD-02,0.9500000000000001,BELOW_FIRST_NOMINAL_LIMIT,0.9500000000000001,20.0,20.0,20.0,0.0,0.8952606512876258,0.043927660786143734,0.0021710640416207454,1859.1402858674448,3.844143324394713e-14,1.270701574170137e-13,133911.24049317447,-175221.9823353884,175221.98233539163,False,False,False,SEAT-H-interior,seat_h,0,0.0
COLD-02,1.0,BELOW_FIRST_NOMINAL_LIMIT,1.0,20.0,20.0,20.0,0.0,0.9423796329343433,0.046239642932782925,0.002285330570127104,2059.9892364182238,4.1732726273982535e-14,1.2649106483244236e-13,140959.20051913057,-184444.19193198756,184444.19193199128,False,False,False,SEAT-H-interior,seat_h,0,0.0
COLD-02,1.05,BELOW_FIRST_NOMINAL_LIMIT,1.05,20.0,20.0,20.0,0.0,0.989498614581061,0.04855162507942208,0.002399597098633459,2271.138133151096,2.986439463020477e-14,1.2554348185338143e-13,148007.16054508794,-193666.40152858768,193666.40152859094,False,False,False,SEAT-H-interior,seat_h,0,0.0
COLD-02,1.0611434936523438,FIRST_NOMINAL_LIMIT_NO_POST_MEMBER_CONTINUATION,1.0611434936523438,20.0,20.0,20.0,0.0,1.000000016038762,0.04906689624693019,0.0024250636653351766,2319.600439020945,2.9526455011068977e-14,1.2605729060103842e-13,149577.93850131196,-195721.75421059324,195721.75421059658,False,False,False,SEAT-H-interior,seat_h,0,0.0
COLD-03,0.0,BELOW_FIRST_NOMINAL_LIMIT,0.0,20.0,20.0,20.0,0.0,0.0,-0.0,0.0,0.0,0.0,0.0,0.0,-0.0,-0.0,False,False,False,BOND-000,bond,0,0.0
COLD-03,0.05,BELOW_FIRST_NOMINAL_LIMIT,0.05,20.0,20.0,20.0,0.0,0.047354453526172256,0.0033596579142237994,0.00026332299930763173,7.614840171241019,7.930540689775721e-14,1.1290541770222163e-13,7047.960025956659,1.310178746736219e-09,-0.0,False,False,False,STEEL-009,top_chord,0,0.0
COLD-03,0.1,BELOW_FIRST_NOMINAL_LIMIT,0.1,20.0,20.0,20.0,0.0,0.09470890705234451,0.006719315828447599,0.0005266459986152635,30.459360684964075,7.930540689775721e-14,1.1290541770222163e-13,14095.920051913317,2.620357493472438e-09,-0.0,False,False,False,STEEL-009,top_chord,0,0.0
COLD-03,0.15000000000000002,BELOW_FIRST_NOMINAL_LIMIT,0.15000000000000002,20.0,20.0,20.0,0.0,0.14206336057851693,0.010078973742671405,0.0007899689979228954,68.53356154116929,8.812608014200484e-14,1.1197231507658334e-13,21143.880077869933,3.933418287605789e-09,-0.0,False,False,False,STEEL-009,top_chord,0,0.0
COLD-03,0.2,BELOW_FIRST_NOMINAL_LIMIT,0.2,20.0,20.0,20.0,0.0,0.18941781410468903,0.013438631656895197,0.001053291997230527,121.8374427398563,7.930540689775721e-14,1.1290541770222163e-13,28191.840103826635,5.240714986944876e-09,-0.0,False,False,False,STEEL-009,top_chord,0,0.0
COLD-03,0.25,BELOW_FIRST_NOMINAL_LIMIT,0.25,20.0,20.0,20.0,0.0,0.23677226763086162,0.016798289571119007,0.0013166149965381595,190.3710042810256,7.679389426601219e-14,1.1242020433688975e-13,35239.800129783194,6.6374704374909425e-09,-0.0,False,False,False,STEEL-009,top_chord,0,0.0
COLD-03,0.3,BELOW_FIRST_NOMINAL_LIMIT,0.3,20.0,20.0,20.0,0.0,0.2841267211570355,0.02015794748534281,0.0015799379958457897,274.1342461646769,8.814758742209011e-14,1.1217967121561415e-13,42287.7601557398,7.986729746932271e-09,-0.0,False,False,False,STEEL-009,top_chord,0,0.0
COLD-03,0.35000000000000003,BELOW_FIRST_NOMINAL_LIMIT,0.35000000000000003,20.0,20.0,20.0,0.0,0.33148117468320765,0.023517605399566596,0.0018432609951534213,373.1271683908097,5.356234481358291e-14,1.1319106136313133e-13,49335.720181696364,9.347056118378587e-09,-0.0,False,False,False,STEEL-009,top_chord,0,0.0
COLD-03,0.4,BELOW_FIRST_NOMINAL_LIMIT,0.4,20.0,20.0,20.0,0.0,0.37883562820937805,0.026877263313790395,0.002106583994461054,487.3497709594252,7.930540689775721e-14,1.1290541770222163e-13,56383.68020765327,1.0481429973889752e-08,-0.0,False,False,False,STEEL-009,top_chord,0,0.0
COLD-03,0.45,BELOW_FIRST_NOMINAL_LIMIT,0.45,20.0,20.0,20.0,0.0,0.4261900817355532,0.030236921228014187,0.002369906993768684,616.8020538705211,6.708837567369801e-14,1.139076390408702e-13,63431.64023360957,1.217376820548568e-08,-0.0,False,False,False,STEEL-009,top_chord,0,0.0
COLD-03,0.5,BELOW_FIRST_NOMINAL_LIMIT,0.5,20.0,20.0,20.0,0.0,0.47354453526172324,0.033596579142238014,0.002633229993076319,761.4840171241024,7.679389426601219e-14,1.1242020433688975e-13,70479.60025956639,1.3274940874981885e-08,-0.0,False,False,False,STEEL-009,top_chord,0,0.0
COLD-03,0.55,BELOW_FIRST_NOMINAL_LIMIT,0.55,20.0,20.0,20.0,0.0,0.5208989887878946,0.036956237056461845,0.002896552992383954,921.395660720166,5.680268190771492e-14,1.1129369498521005e-13,77527.5602855233,1.4213796635071615e-08,-0.0,False,False,False,STEEL-009,top_chord,0,0.0
COLD-03,0.6000000000000001,BELOW_FIRST_NOMINAL_LIMIT,0.6000000000000001,20.0,20.0,20.0,0.0,0.5682534423140677,0.04031589497068562,0.0031598759916915816,1096.5369846587087,8.812608014200484e-14,1.1197231507658334e-13,84575.52031147973,1.5733673150423157e-08,-0.0,False,False,False,STEEL-009,top_chord,0,0.0
COLD-03,0.6500000000000001,BELOW_FIRST_NOMINAL_LIMIT,0.6500000000000001,20.0,20.0,20.0,0.0,0.6156078958402428,0.043675552884909416,0.003423198990999207,1286.9079889397312,1.0586048697698448e-13,1.132532606928442e-13,91623.48033743595,1.7471201885206114e-08,-0.0,False,False,False,STEEL-009,top_chord,0,0.0
COLD-03,0.7000000000000001,BELOW_FIRST_NOMINAL_LIMIT,0.7000000000000001,20.0,20.0,20.0,0.0,0.6629623493664153,0.04703521079913319,0.0036865219903068425,1492.5086735632387,5.356234481358291e-14,1.1319106136313133e-13,98671.44036339273,1.8694112236757175e-08,-0.0,False,False,False,STEEL-009,top_chord,0,0.0
COLD-03,0.7500000000000001,BELOW_FIRST_NOMINAL_LIMIT,0.7500000000000001,20.0,20.0,20.0,0.0,0.7103168028925805,0.05039486871335702,0.0039498449896144825,1713.3390385292323,7.978340619760576e-14,1.1200549205882826e-13,105719.40038935034,1.917921845464244e-08,-0.0,False,False,False,STEEL-009,top_chord,0,0.0
COLD-03,0.8,BELOW_FIRST_NOMINAL_LIMIT,0.8,20.0,20.0,20.0,0.0,0.7576712564187561,0.05375452662758079,0.004213167988922108,1949.3990838377008,7.930540689775721e-14,1.1290541770222163e-13,112767.36041530654,2.0962859947779504e-08,-0.0,False,False,False,STEEL-009,top_chord,0,0.0
COLD-03,0.8500000000000001,BELOW_FIRST_NOMINAL_LIMIT,0.8500000000000001,20.0,20.0,20.0,0.0,0.8050257099449274,0.057114184541804676,0.004476490988229746,2200.688809488662,6.161456203675867e-14,1.1096495168835103e-13,119815.32044126341,2.167852995743533e-08,-0.0,False,False,False,STEEL-009,top_chord,0,0.0
COLD-03,0.9000000000000001,BELOW_FIRST_NOMINAL_LIMIT,0.9000000000000001,20.0,20.0,20.0,0.0,0.8523801634711013,0.06047384245602842,0.00473981398753738,2467.208215482095,6.703102292680814e-14,1.1188015679256968e-13,126863.28046722016,2.3163360776437753e-08,-0.0,False,False,False,STEEL-009,top_chord,0,0.0
COLD-03,0.9500000000000001,BELOW_FIRST_NOMINAL_LIMIT,0.9500000000000001,20.0,20.0,20.0,0.0,0.8997346169972752,0.0638335003702522,0.005003136986844998,2748.9573018180063,7.647536012838306e-14,1.1282012023228802e-13,133911.2404931758,2.5797321533624658e-08,-0.0,False,False,False,STEEL-009,top_chord,0,0.0
COLD-03,1.0,BELOW_FIRST_NOMINAL_LIMIT,1.0,20.0,20.0,20.0,0.0,0.9470890705234465,0.06719315828447603,0.005266459986152638,3045.9360684964095,7.679389426601219e-14,1.1242020433688975e-13,140959.20051913278,2.654988174996377e-08,-0.0,False,False,False,STEEL-009,top_chord,0,0.0
COLD-03,1.05,BELOW_FIRST_NOMINAL_LIMIT,1.05,20.0,20.0,20.0,0.0,0.994443524049622,0.07055281619869985,0.005529782985460269,3358.144515517293,7.212005505702625e-14,1.1226007461646274e-13,148007.1605450891,2.7815215839200616e-08,-0.0,False,False,False,STEEL-009,top_chord,0,0.0
COLD-03,1.0558669090270993,FIRST_NOMINAL_LIMIT_NO_POST_MEMBER_CONTINUATION,1.0558669090270993,20.0,20.0,20.0,0.0,1.0000000094669443,0.07094703234559832,0.0055606808270938805,3395.7768411439943,7.84656364028455e-14,1.128908154836522e-13,148834.1553510675,2.7999666872617067e-08,-0.0,False,False,False,STEEL-009,top_chord,0,0.0
COLD-04,0.0,BELOW_FIRST_NOMINAL_LIMIT,0.0,20.0,20.0,20.0,0.0,0.0,-0.0,0.0,0.0,0.0,0.0,0.0,-0.0,-0.0,False,False,False,BOND-000,bond,0,0.0
COLD-04,0.05,BELOW_FIRST_NOMINAL_LIMIT,0.05,20.0,20.0,20.0,0.0,0.04711898164671719,0.0023119821466391485,0.00011426652850635525,5.1499730910455845,5.824709128607639e-14,1.2382824027826873e-13,7047.960025956588,-9222.209596599438,9222.209596599569,False,False,False,SEAT-H-interior,seat_h,0,0.0
COLD-04,0.1,BELOW_FIRST_NOMINAL_LIMIT,0.1,20.0,20.0,20.0,0.0,0.09423796329343438,0.004623964293278297,0.0002285330570127105,20.599892364182338,5.824709128607639e-14,1.2382824027826873e-13,14095.920051913175,-18444.419193198875,18444.419193199137,False,False,False,SEAT-H-interior,seat_h,0,0.0
COLD-04,0.15000000000000002,BELOW_FIRST_NOMINAL_LIMIT,0.15000000000000002,20.0,20.0,20.0,0.0,0.14135694494015158,0.006935946439917446,0.0003427995855190658,46.34975781941022,3.452456135400535e-14,1.2463306635250075e-13,21143.88007786972,-27666.62878979828,27666.62878979871,False,False,False,SEAT-H-interior,seat_h,0,0.0
COLD-04,0.2,BELOW_FIRST_NOMINAL_LIMIT,0.2,20.0,20.0,20.0,0.0,0.18847592658686876,0.009247928586556594,0.000457066114025421,82.39956945672935,5.824709128607639e-14,1.2382824027826873e-13,28191.84010382635,-36888.83838639775,36888.838386398274,False,False,False,SEAT-H-interior,seat_h,0,0.0
COLD-04,0.25,BELOW_FIRST_NOMINAL_LIMIT,0.25,20.0,20.0,20.0,0.0,0.23559490823358584,0.011559910733195731,0.000571332642531776,128.74932727613898,4.1732726273982535e-14,1.2649106483244236e-13,35239.80012978264,-46111.04798299689,46111.04798299782,False,False,False,SEAT-H-interior,seat_h,0,0.0
COLD-04,0.3,BELOW_FIRST_NOMINAL_LIMIT,0.3,20.0,20.0,20.0,0.0,0.2827138898803028,0.013871892879834875,0.0006855991710381306,185.39903127764066,3.45245613540053e-14,1.2524626717096332e-13,42287.76015573958,-55333.257579596604,55333.25757959735,False,False,False,SEAT-H-interior,seat_h,0,0.0
COLD-04,0.35000000000000003,BELOW_FIRST_NOMINAL_LIMIT,0.35000000000000003,20.0,20.0,20.0,0.0,0.32983287152702,0.01618387502647401,0.000799865699544485,252.3486814612324,3.6943362246254826e-14,1.268199406999769e-13,49335.72018169589,-64555.46717619582,64555.46717619692,False,False,False,SEAT-H-interior,seat_h,0,0.0
COLD-04,0.4,BELOW_FIRST_NOMINAL_LIMIT,0.4,20.0,20.0,20.0,0.0,0.37695185317373753,0.018495857173113188,0.000914132228050842,329.5982778269174,5.824709128607639e-14,1.2382824027826873e-13,56383.6802076527,-73777.6767727955,73777.67677279655,False,False,False,SEAT-H-interior,seat_h,0,0.0
COLD-04,0.45,BELOW_FIRST_NOMINAL_LIMIT,0.45,20.0,20.0,20.0,0.0,0.4240708348204545,0.02080783931975233,0.0010283987565571963,417.1478203746915,4.601124119191803e-14,1.250929669663477e-13,63431.6402336091,-82999.88636939468,82999.88636939607,False,False,False,SEAT-H-interior,seat_h,0,0.0
COLD-04,0.5,BELOW_FIRST_NOMINAL_LIMIT,0.5,20.0,20.0,20.0,0.0,0.4711898164671717,0.023119821466391462,0.001142665285063552,514.9973091045559,4.1732726273982535e-14,1.2649106483244236e-13,70479.60025956528,-92222.09596599378,92222.09596599564,False,False,False,SEAT-H-interior,seat_h,0,0.0
COLD-04,0.55,BELOW_FIRST_NOMINAL_LIMIT,0.55,20.0,20.0,20.0,0.0,0.5183087981138886,0.02543180361303059,0.0012569318135699056,623.1467440165114,3.3222882107139214e-14,1.2752549913876119e-13,77527.56028552164,-101444.30556259297,101444.30556259517,False,False,False,SEAT-H-interior,seat_h,0,0.0
COLD-04,0.6000000000000001,BELOW_FIRST_NOMINAL_LIMIT,0.6000000000000001,20.0,20.0,20.0,0.0,0.5654277797606063,0.027743785759669785,0.0013711983420762633,741.5961251105635,3.452456135400535e-14,1.2463306635250075e-13,84575.52031147887,-110666.51515919312,110666.51515919484,False,False,False,SEAT-H-interior,seat_h,0,0.0
COLD-04,0.6500000000000001,BELOW_FIRST_NOMINAL_LIMIT,0.6500000000000001,20.0,20.0,20.0,0.0,0.612546761407323,0.030055767906308917,0.0014854648705826168,870.345452386702,4.7785867533174757e-14,1.250058851933116e-13,91623.4803374353,-119888.72475579238,119888.72475579429,False,False,False,SEAT-H-interior,seat_h,0,0.0
COLD-04,0.7000000000000001,BELOW_FIRST_NOMINAL_LIMIT,0.7000000000000001,20.0,20.0,20.0,0.0,0.65966574305404,0.03236775005294802,0.00159973139908897,1009.3947258449296,3.6943362246254826e-14,1.268199406999769e-13,98671.44036339178,-129110.93435239165,129110.93435239384,False,False,False,SEAT-H-interior,seat_h,0,0.0
COLD-04,0.7500000000000001,BELOW_FIRST_NOMINAL_LIMIT,0.7500000000000001,20.0,20.0,20.0,0.0,0.7067847247007571,0.03467973219958715,0.0017139979275953253,1158.7439454852483,3.079842507954314e-14,1.2774199450210595e-13,105719.400389348,-138333.14394899062,138333.14394899338,False,False,False,SEAT-H-interior,seat_h,0,0.0
COLD-04,0.8,BELOW_FIRST_NOMINAL_LIMIT,0.8,20.0,20.0,20.0,0.0,0.7539037063474751,0.036991714346226376,0.001828264456101684,1318.3931113076696,5.824709128607639e-14,1.2382824027826873e-13,112767.3604153054,-147555.353545591,147555.3535455931,False,False,False,SEAT-H-interior,seat_h,0,0.0
COLD-04,0.8500000000000001,BELOW_FIRST_NOMINAL_LIMIT,0.8500000000000001,20.0,20.0,20.0,0.0,0.8010226879941916,0.03930369649286552,0.0019425309846080377,1488.3422233121728,3.115266263385952e-14,1.2435457982162464e-13,119815.32044126173,-156777.56314219025,156777.56314219255,False,False,False,SEAT-H-interior,seat_h,0,0.0
COLD-04,0.9000000000000001,BELOW_FIRST_NOMINAL_LIMIT,0.9000000000000001,20.0,20.0,20.0,0.0,0.848141669640909,0.04161567863950464,0.0020567975131143912,1668.5912814987653,3.4483339067182014e-14,1.2550176751198937e-13,126863.28046721834,-165999.77273878964,165999.77273879215,False,False,False,SEAT-H-interior,seat_h,0,0.0
COLD-04,0.9500000000000001,BELOW_FIRST_NOMINAL_LIMIT,0.9500000000000001,20.0,20.0,20.0,0.0,0.8952606512876258,0.043927660786143734,0.0021710640416207454,1859.1402858674448,3.844143324394713e-14,1.270701574170137e-13,133911.24049317447,-175221.9823353884,175221.98233539163,False,False,False,SEAT-H-interior,seat_h,0,0.0
COLD-04,1.0,BELOW_FIRST_NOMINAL_LIMIT,1.0,20.0,20.0,20.0,0.0,0.9423796329343433,0.046239642932782925,0.002285330570127104,2059.9892364182238,4.1732726273982535e-14,1.2649106483244236e-13,140959.20051913057,-184444.19193198756,184444.19193199128,False,False,False,SEAT-H-interior,seat_h,0,0.0
COLD-04,1.05,BELOW_FIRST_NOMINAL_LIMIT,1.05,20.0,20.0,20.0,0.0,0.989498614581061,0.04855162507942208,0.002399597098633459,2271.138133151096,2.986439463020477e-14,1.2554348185338143e-13,148007.16054508794,-193666.40152858768,193666.40152859094,False,False,False,SEAT-H-interior,seat_h,0,0.0
COLD-04,1.0611434936523438,FIRST_NOMINAL_LIMIT_NO_POST_MEMBER_CONTINUATION,1.0611434936523438,20.0,20.0,20.0,0.0,1.000000016038762,0.04906689624693019,0.0024250636653351766,2319.600439020945,2.9526455011068977e-14,1.2605729060103842e-13,149577.93850131196,-195721.75421059324,195721.75421059658,False,False,False,SEAT-H-interior,seat_h,0,0.0
COLD-05,0.0,BELOW_FIRST_NOMINAL_LIMIT,0.0,20.0,20.0,20.0,0.0,0.0,-0.0,0.0,0.0,0.0,0.0,0.0,-0.0,-0.0,False,False,False,BOND-000,bond,0,0.0
COLD-05,0.05,BELOW_FIRST_NOMINAL_LIMIT,0.05,20.0,20.0,20.0,0.0,0.047354453526172256,0.0033596579142237994,0.00026332299930763173,7.614840171241019,7.930540689775721e-14,1.1290541770222163e-13,7047.960025956659,1.310178746736219e-09,-0.0,False,False,False,STEEL-009,top_chord,0,0.0
COLD-05,0.1,BELOW_FIRST_NOMINAL_LIMIT,0.1,20.0,20.0,20.0,0.0,0.09470890705234451,0.006719315828447599,0.0005266459986152635,30.459360684964075,7.930540689775721e-14,1.1290541770222163e-13,14095.920051913317,2.620357493472438e-09,-0.0,False,False,False,STEEL-009,top_chord,0,0.0
COLD-05,0.15000000000000002,BELOW_FIRST_NOMINAL_LIMIT,0.15000000000000002,20.0,20.0,20.0,0.0,0.14206336057851693,0.010078973742671405,0.0007899689979228954,68.53356154116929,8.812608014200484e-14,1.1197231507658334e-13,21143.880077869933,3.933418287605789e-09,-0.0,False,False,False,STEEL-009,top_chord,0,0.0
COLD-05,0.2,BELOW_FIRST_NOMINAL_LIMIT,0.2,20.0,20.0,20.0,0.0,0.18941781410468903,0.013438631656895197,0.001053291997230527,121.8374427398563,7.930540689775721e-14,1.1290541770222163e-13,28191.840103826635,5.240714986944876e-09,-0.0,False,False,False,STEEL-009,top_chord,0,0.0
COLD-05,0.25,BELOW_FIRST_NOMINAL_LIMIT,0.25,20.0,20.0,20.0,0.0,0.23677226763086162,0.016798289571119007,0.0013166149965381595,190.3710042810256,7.679389426601219e-14,1.1242020433688975e-13,35239.800129783194,6.6374704374909425e-09,-0.0,False,False,False,STEEL-009,top_chord,0,0.0
COLD-05,0.3,BELOW_FIRST_NOMINAL_LIMIT,0.3,20.0,20.0,20.0,0.0,0.2841267211570355,0.02015794748534281,0.0015799379958457897,274.1342461646769,8.814758742209011e-14,1.1217967121561415e-13,42287.7601557398,7.986729746932271e-09,-0.0,False,False,False,STEEL-009,top_chord,0,0.0
COLD-05,0.35000000000000003,BELOW_FIRST_NOMINAL_LIMIT,0.35000000000000003,20.0,20.0,20.0,0.0,0.33148117468320765,0.023517605399566596,0.0018432609951534213,373.1271683908097,5.356234481358291e-14,1.1319106136313133e-13,49335.720181696364,9.347056118378587e-09,-0.0,False,False,False,STEEL-009,top_chord,0,0.0
COLD-05,0.4,BELOW_FIRST_NOMINAL_LIMIT,0.4,20.0,20.0,20.0,0.0,0.37883562820937805,0.026877263313790395,0.002106583994461054,487.3497709594252,7.930540689775721e-14,1.1290541770222163e-13,56383.68020765327,1.0481429973889752e-08,-0.0,False,False,False,STEEL-009,top_chord,0,0.0
COLD-05,0.45,BELOW_FIRST_NOMINAL_LIMIT,0.45,20.0,20.0,20.0,0.0,0.4261900817355532,0.030236921228014187,0.002369906993768684,616.8020538705211,6.708837567369801e-14,1.139076390408702e-13,63431.64023360957,1.217376820548568e-08,-0.0,False,False,False,STEEL-009,top_chord,0,0.0
COLD-05,0.5,BELOW_FIRST_NOMINAL_LIMIT,0.5,20.0,20.0,20.0,0.0,0.47354453526172324,0.033596579142238014,0.002633229993076319,761.4840171241024,7.679389426601219e-14,1.1242020433688975e-13,70479.60025956639,1.3274940874981885e-08,-0.0,False,False,False,STEEL-009,top_chord,0,0.0
COLD-05,0.55,BELOW_FIRST_NOMINAL_LIMIT,0.55,20.0,20.0,20.0,0.0,0.5208989887878946,0.036956237056461845,0.002896552992383954,921.395660720166,5.680268190771492e-14,1.1129369498521005e-13,77527.5602855233,1.4213796635071615e-08,-0.0,False,False,False,STEEL-009,top_chord,0,0.0
COLD-05,0.6000000000000001,BELOW_FIRST_NOMINAL_LIMIT,0.6000000000000001,20.0,20.0,20.0,0.0,0.5682534423140677,0.04031589497068562,0.0031598759916915816,1096.5369846587087,8.812608014200484e-14,1.1197231507658334e-13,84575.52031147973,1.5733673150423157e-08,-0.0,False,False,False,STEEL-009,top_chord,0,0.0
COLD-05,0.6500000000000001,BELOW_FIRST_NOMINAL_LIMIT,0.6500000000000001,20.0,20.0,20.0,0.0,0.6156078958402428,0.043675552884909416,0.003423198990999207,1286.9079889397312,1.0586048697698448e-13,1.132532606928442e-13,91623.48033743595,1.7471201885206114e-08,-0.0,False,False,False,STEEL-009,top_chord,0,0.0
COLD-05,0.7000000000000001,BELOW_FIRST_NOMINAL_LIMIT,0.7000000000000001,20.0,20.0,20.0,0.0,0.6629623493664153,0.04703521079913319,0.0036865219903068425,1492.5086735632387,5.356234481358291e-14,1.1319106136313133e-13,98671.44036339273,1.8694112236757175e-08,-0.0,False,False,False,STEEL-009,top_chord,0,0.0
COLD-05,0.7500000000000001,BELOW_FIRST_NOMINAL_LIMIT,0.7500000000000001,20.0,20.0,20.0,0.0,0.7103168028925805,0.05039486871335702,0.0039498449896144825,1713.3390385292323,7.978340619760576e-14,1.1200549205882826e-13,105719.40038935034,1.917921845464244e-08,-0.0,False,False,False,STEEL-009,top_chord,0,0.0
COLD-05,0.8,BELOW_FIRST_NOMINAL_LIMIT,0.8,20.0,20.0,20.0,0.0,0.7576712564187561,0.05375452662758079,0.004213167988922108,1949.3990838377008,7.930540689775721e-14,1.1290541770222163e-13,112767.36041530654,2.0962859947779504e-08,-0.0,False,False,False,STEEL-009,top_chord,0,0.0
COLD-05,0.8500000000000001,BELOW_FIRST_NOMINAL_LIMIT,0.8500000000000001,20.0,20.0,20.0,0.0,0.8050257099449274,0.057114184541804676,0.004476490988229746,2200.688809488662,6.161456203675867e-14,1.1096495168835103e-13,119815.32044126341,2.167852995743533e-08,-0.0,False,False,False,STEEL-009,top_chord,0,0.0
COLD-05,0.9000000000000001,BELOW_FIRST_NOMINAL_LIMIT,0.9000000000000001,20.0,20.0,20.0,0.0,0.8523801634711013,0.06047384245602842,0.00473981398753738,2467.208215482095,6.703102292680814e-14,1.1188015679256968e-13,126863.28046722016,2.3163360776437753e-08,-0.0,False,False,False,STEEL-009,top_chord,0,0.0
COLD-05,0.9500000000000001,BELOW_FIRST_NOMINAL_LIMIT,0.9500000000000001,20.0,20.0,20.0,0.0,0.8997346169972752,0.0638335003702522,0.005003136986844998,2748.9573018180063,7.647536012838306e-14,1.1282012023228802e-13,133911.2404931758,2.5797321533624658e-08,-0.0,False,False,False,STEEL-009,top_chord,0,0.0
COLD-05,1.0,BELOW_FIRST_NOMINAL_LIMIT,1.0,20.0,20.0,20.0,0.0,0.9470890705234465,0.06719315828447603,0.005266459986152638,3045.9360684964095,7.679389426601219e-14,1.1242020433688975e-13,140959.20051913278,2.654988174996377e-08,-0.0,False,False,False,STEEL-009,top_chord,0,0.0
COLD-05,1.05,BELOW_FIRST_NOMINAL_LIMIT,1.05,20.0,20.0,20.0,0.0,0.994443524049622,0.07055281619869985,0.005529782985460269,3358.144515517293,7.212005505702625e-14,1.1226007461646274e-13,148007.1605450891,2.7815215839200616e-08,-0.0,False,False,False,STEEL-009,top_chord,0,0.0
COLD-05,1.0558669090270993,FIRST_NOMINAL_LIMIT_NO_POST_MEMBER_CONTINUATION,1.0558669090270993,20.0,20.0,20.0,0.0,1.0000000094669443,0.07094703234559832,0.0055606808270938805,3395.7768411439943,7.84656364028455e-14,1.128908154836522e-13,148834.1553510675,2.7999666872617067e-08,-0.0,False,False,False,STEEL-009,top_chord,0,0.0
COLD-06,0.0,BELOW_FIRST_NOMINAL_LIMIT,0.0,20.0,20.0,20.0,0.0,0.0,-0.0,0.0,0.0,0.0,0.0,0.0,-0.0,-0.0,False,False,False,BOND-000,bond,0,0.0
COLD-06,0.05,BELOW_FIRST_NOMINAL_LIMIT,0.05,20.0,20.0,20.0,0.0,0.04711898164671719,0.0023119821466391485,0.00011426652850635525,5.1499730910455845,5.824709128607639e-14,1.2382824027826873e-13,7047.960025956588,-9222.209596599438,9222.209596599569,False,False,False,SEAT-H-interior,seat_h,0,0.0
COLD-06,0.1,BELOW_FIRST_NOMINAL_LIMIT,0.1,20.0,20.0,20.0,0.0,0.09423796329343438,0.004623964293278297,0.0002285330570127105,20.599892364182338,5.824709128607639e-14,1.2382824027826873e-13,14095.920051913175,-18444.419193198875,18444.419193199137,False,False,False,SEAT-H-interior,seat_h,0,0.0
COLD-06,0.15000000000000002,BELOW_FIRST_NOMINAL_LIMIT,0.15000000000000002,20.0,20.0,20.0,0.0,0.14135694494015158,0.006935946439917446,0.0003427995855190658,46.34975781941022,3.452456135400535e-14,1.2463306635250075e-13,21143.88007786972,-27666.62878979828,27666.62878979871,False,False,False,SEAT-H-interior,seat_h,0,0.0
COLD-06,0.2,BELOW_FIRST_NOMINAL_LIMIT,0.2,20.0,20.0,20.0,0.0,0.18847592658686876,0.009247928586556594,0.000457066114025421,82.39956945672935,5.824709128607639e-14,1.2382824027826873e-13,28191.84010382635,-36888.83838639775,36888.838386398274,False,False,False,SEAT-H-interior,seat_h,0,0.0
COLD-06,0.25,BELOW_FIRST_NOMINAL_LIMIT,0.25,20.0,20.0,20.0,0.0,0.23559490823358584,0.011559910733195731,0.000571332642531776,128.74932727613898,4.1732726273982535e-14,1.2649106483244236e-13,35239.80012978264,-46111.04798299689,46111.04798299782,False,False,False,SEAT-H-interior,seat_h,0,0.0
COLD-06,0.3,BELOW_FIRST_NOMINAL_LIMIT,0.3,20.0,20.0,20.0,0.0,0.2827138898803028,0.013871892879834875,0.0006855991710381306,185.39903127764066,3.45245613540053e-14,1.2524626717096332e-13,42287.76015573958,-55333.257579596604,55333.25757959735,False,False,False,SEAT-H-interior,seat_h,0,0.0
COLD-06,0.35000000000000003,BELOW_FIRST_NOMINAL_LIMIT,0.35000000000000003,20.0,20.0,20.0,0.0,0.32983287152702,0.01618387502647401,0.000799865699544485,252.3486814612324,3.6943362246254826e-14,1.268199406999769e-13,49335.72018169589,-64555.46717619582,64555.46717619692,False,False,False,SEAT-H-interior,seat_h,0,0.0
COLD-06,0.4,BELOW_FIRST_NOMINAL_LIMIT,0.4,20.0,20.0,20.0,0.0,0.37695185317373753,0.018495857173113188,0.000914132228050842,329.5982778269174,5.824709128607639e-14,1.2382824027826873e-13,56383.6802076527,-73777.6767727955,73777.67677279655,False,False,False,SEAT-H-interior,seat_h,0,0.0
COLD-06,0.45,BELOW_FIRST_NOMINAL_LIMIT,0.45,20.0,20.0,20.0,0.0,0.4240708348204545,0.02080783931975233,0.0010283987565571963,417.1478203746915,4.601124119191803e-14,1.250929669663477e-13,63431.6402336091,-82999.88636939468,82999.88636939607,False,False,False,SEAT-H-interior,seat_h,0,0.0
COLD-06,0.5,BELOW_FIRST_NOMINAL_LIMIT,0.5,20.0,20.0,20.0,0.0,0.4711898164671717,0.023119821466391462,0.001142665285063552,514.9973091045559,4.1732726273982535e-14,1.2649106483244236e-13,70479.60025956528,-92222.09596599378,92222.09596599564,False,False,False,SEAT-H-interior,seat_h,0,0.0
COLD-06,0.55,BELOW_FIRST_NOMINAL_LIMIT,0.55,20.0,20.0,20.0,0.0,0.5183087981138886,0.02543180361303059,0.0012569318135699056,623.1467440165114,3.3222882107139214e-14,1.2752549913876119e-13,77527.56028552164,-101444.30556259297,101444.30556259517,False,False,False,SEAT-H-interior,seat_h,0,0.0
COLD-06,0.6000000000000001,BELOW_FIRST_NOMINAL_LIMIT,0.6000000000000001,20.0,20.0,20.0,0.0,0.5654277797606063,0.027743785759669785,0.0013711983420762633,741.5961251105635,3.452456135400535e-14,1.2463306635250075e-13,84575.52031147887,-110666.51515919312,110666.51515919484,False,False,False,SEAT-H-interior,seat_h,0,0.0
COLD-06,0.6500000000000001,BELOW_FIRST_NOMINAL_LIMIT,0.6500000000000001,20.0,20.0,20.0,0.0,0.612546761407323,0.030055767906308917,0.0014854648705826168,870.345452386702,4.7785867533174757e-14,1.250058851933116e-13,91623.4803374353,-119888.72475579238,119888.72475579429,False,False,False,SEAT-H-interior,seat_h,0,0.0
COLD-06,0.7000000000000001,BELOW_FIRST_NOMINAL_LIMIT,0.7000000000000001,20.0,20.0,20.0,0.0,0.65966574305404,0.03236775005294802,0.00159973139908897,1009.3947258449296,3.6943362246254826e-14,1.268199406999769e-13,98671.44036339178,-129110.93435239165,129110.93435239384,False,False,False,SEAT-H-interior,seat_h,0,0.0
COLD-06,0.7500000000000001,BELOW_FIRST_NOMINAL_LIMIT,0.7500000000000001,20.0,20.0,20.0,0.0,0.7067847247007571,0.03467973219958715,0.0017139979275953253,1158.7439454852483,3.079842507954314e-14,1.2774199450210595e-13,105719.400389348,-138333.14394899062,138333.14394899338,False,False,False,SEAT-H-interior,seat_h,0,0.0
COLD-06,0.8,BELOW_FIRST_NOMINAL_LIMIT,0.8,20.0,20.0,20.0,0.0,0.7539037063474751,0.036991714346226376,0.001828264456101684,1318.3931113076696,5.824709128607639e-14,1.2382824027826873e-13,112767.3604153054,-147555.353545591,147555.3535455931,False,False,False,SEAT-H-interior,seat_h,0,0.0
COLD-06,0.8500000000000001,BELOW_FIRST_NOMINAL_LIMIT,0.8500000000000001,20.0,20.0,20.0,0.0,0.8010226879941916,0.03930369649286552,0.0019425309846080377,1488.3422233121728,3.115266263385952e-14,1.2435457982162464e-13,119815.32044126173,-156777.56314219025,156777.56314219255,False,False,False,SEAT-H-interior,seat_h,0,0.0
COLD-06,0.9000000000000001,BELOW_FIRST_NOMINAL_LIMIT,0.9000000000000001,20.0,20.0,20.0,0.0,0.848141669640909,0.04161567863950464,0.0020567975131143912,1668.5912814987653,3.4483339067182014e-14,1.2550176751198937e-13,126863.28046721834,-165999.77273878964,165999.77273879215,False,False,False,SEAT-H-interior,seat_h,0,0.0
COLD-06,0.9500000000000001,BELOW_FIRST_NOMINAL_LIMIT,0.9500000000000001,20.0,20.0,20.0,0.0,0.8952606512876258,0.043927660786143734,0.0021710640416207454,1859.1402858674448,3.844143324394713e-14,1.270701574170137e-13,133911.24049317447,-175221.9823353884,175221.98233539163,False,False,False,SEAT-H-interior,seat_h,0,0.0
COLD-06,1.0,BELOW_FIRST_NOMINAL_LIMIT,1.0,20.0,20.0,20.0,0.0,0.9423796329343433,0.046239642932782925,0.002285330570127104,2059.9892364182238,4.1732726273982535e-14,1.2649106483244236e-13,140959.20051913057,-184444.19193198756,184444.19193199128,False,False,False,SEAT-H-interior,seat_h,0,0.0
COLD-06,1.05,BELOW_FIRST_NOMINAL_LIMIT,1.05,20.0,20.0,20.0,0.0,0.989498614581061,0.04855162507942208,0.002399597098633459,2271.138133151096,2.986439463020477e-14,1.2554348185338143e-13,148007.16054508794,-193666.40152858768,193666.40152859094,False,False,False,SEAT-H-interior,seat_h,0,0.0
COLD-06,1.0611434936523438,FIRST_NOMINAL_LIMIT_NO_POST_MEMBER_CONTINUATION,1.0611434936523438,20.0,20.0,20.0,0.0,1.000000016038762,0.04906689624693019,0.0024250636653351766,2319.600439020945,2.9526455011068977e-14,1.2605729060103842e-13,149577.93850131196,-195721.75421059324,195721.75421059658,False,False,False,SEAT-H-interior,seat_h,0,0.0
COLD-07,0.0,BELOW_FIRST_NOMINAL_LIMIT,0.0,20.0,20.0,20.0,0.0,0.0,-0.0,0.0,0.0,0.0,0.0,0.0,-0.0,-0.0,False,False,False,BOND-000,bond,0,0.0
COLD-07,0.05,BELOW_FIRST_NOMINAL_LIMIT,0.05,20.0,20.0,20.0,0.0,0.18290668704040014,0.00237230875980827,0.00012204142183031934,5.403787619402788,5.856254102041501e-14,1.1834078376580557e-14,7047.960025956981,1.9214160623415477e-09,-0.0,False,False,False,BOND-000,bond,0,0.0
COLD-07,0.1,BELOW_FIRST_NOMINAL_LIMIT,0.1,20.0,20.0,20.0,0.0,0.3658133740808003,0.00474461751961654,0.00024408284366063868,21.615150477611152,5.856254102041501e-14,1.1834078376580557e-14,14095.920051913961,3.8428321246830954e-09,-0.0,False,False,False,BOND-000,bond,0,0.0
COLD-07,0.15000000000000002,BELOW_FIRST_NOMINAL_LIMIT,0.15000000000000002,20.0,20.0,20.0,0.0,0.548720061121202,0.0071169262794248305,0.00036612426549095903,48.63408857462532,4.3444705768610544e-14,9.496482647873264e-15,21143.880077870937,5.68279735132643e-09,-0.0,False,False,False,BOND-000,bond,0,0.0
COLD-07,0.2,BELOW_FIRST_NOMINAL_LIMIT,0.2,20.0,20.0,20.0,0.0,0.7316267481616006,0.00948923503923308,0.00048816568732127735,86.46060191044461,5.856254102041501e-14,1.1834078376580557e-14,28191.840103827923,7.685664249366191e-09,-0.0,False,False,False,BOND-000,bond,0,0.0
COLD-07,0.25,BELOW_FIRST_NOMINAL_LIMIT,0.25,20.0,20.0,20.0,0.0,0.9145334352020023,0.011861543799041372,0.0006102071091515977,135.09469048506995,5.209493381818922e-14,1.1150331625933669e-14,35239.800129784955,9.506410739496464e-09,-0.0,False,False,False,BOND-000,bond,0,0.0
COLD-07,0.27336349487304684,FIRST_NOMINAL_LIMIT_NO_POST_MEMBER_CONTINUATION,0.27336349487304684,20.0,20.0,20.0,0.0,1.0000002241002877,0.012970052269982648,0.0006672333918162365,161.5248325946577,5.714273418943613e-14,1.2317113277070548e-14,38533.09968842246,1.0570305082183793e-08,-0.0,False,False,False,BOND-000,bond,0,0.0
COLD-08,0.0,BELOW_FIRST_NOMINAL_LIMIT,0.0,20.0,20.0,20.0,0.0,0.0,-0.0,0.0,0.0,0.0,0.0,0.0,-0.0,-0.0,False,False,False,BOND-000,bond,0,0.0
COLD-08,0.05,BELOW_FIRST_NOMINAL_LIMIT,0.05,20.0,20.0,20.0,0.0,0.1048480889987676,0.001996410431706503,6.995813037046121e-05,4.487454784152689,4.527820139574682e-14,5.4429309523090756e-14,7047.960025956949,-6539.418812109138,6539.418812109537,False,False,False,BOND-014,bond,0,0.0
COLD-08,0.1,BELOW_FIRST_NOMINAL_LIMIT,0.1,20.0,20.0,20.0,0.0,0.2096961779975352,0.003992820863413006,0.00013991626074092242,17.949819136610756,4.527820139574682e-14,5.4429309523090756e-14,14095.920051913898,-13078.837624218277,13078.837624219073,False,False,False,BOND-014,bond,0,0.0
COLD-08,0.15000000000000002,BELOW_FIRST_NOMINAL_LIMIT,0.15000000000000002,20.0,20.0,20.0,0.0,0.31454426699630245,0.005989231295119501,0.00020987439111138335,40.38709305737409,3.479877917507086e-14,5.6122665819364754e-14,21143.880077870792,-19618.256436327363,19618.2564363286,False,False,False,BOND-014,bond,0,0.0
COLD-08,0.2,BELOW_FIRST_NOMINAL_LIMIT,0.2,20.0,20.0,20.0,0.0,0.4193923559950704,0.007985641726826012,0.00027983252148184483,71.79927654644302,4.527820139574682e-14,5.4429309523090756e-14,28191.840103827795,-26157.675248436553,26157.675248438147,False,False,False,BOND-014,bond,0,0.0
COLD-08,0.25,BELOW_FIRST_NOMINAL_LIMIT,0.25,20.0,20.0,20.0,0.0,0.5242404449938376,0.009982052158532505,0.0003497906518523058,112.18636960381703,4.13714039685854e-14,5.535559740879286e-14,35239.80012978468,-32697.094060545627,32697.09406054769,False,False,False,BOND-014,bond,0,0.0
COLD-08,0.3,BELOW_FIRST_NOMINAL_LIMIT,0.3,20.0,20.0,20.0,0.0,0.6290885339926054,0.011978462590238997,0.0004197487822227671,161.54837222949638,3.465898185453186e-14,5.5418933332601594e-14,42287.760155741584,-39236.51287265474,39236.51287265722,False,False,False,BOND-014,bond,0,0.0
COLD-08,0.35000000000000003,BELOW_FIRST_NOMINAL_LIMIT,0.35000000000000003,20.0,20.0,20.0,0.0,0.7339366229913721,0.013974873021945517,0.0004897069125932277,219.8852844234817,5.178338550385039e-14,5.493421962998398e-14,49335.72018169873,-45775.931684764044,45775.93168476673,False,False,False,BOND-014,bond,0,0.0
COLD-08,0.4,BELOW_FIRST_NOMINAL_LIMIT,0.4,20.0,20.0,20.0,0.0,0.8387847119901408,0.015971283453652025,0.0005596650429636897,287.1971061857721,4.527820139574682e-14,5.4429309523090756e-14,56383.68020765559,-52315.35049687311,52315.35049687629,False,False,False,BOND-014,bond,0,0.0
COLD-08,0.45,BELOW_FIRST_NOMINAL_LIMIT,0.45,20.0,20.0,20.0,0.0,0.9436328009889073,0.017967693885358505,0.0006296231733341501,363.48383751636703,2.870504981808608e-14,5.5516673955763115e-14,63431.640233612496,-58854.76930898217,58854.769308985786,False,False,False,BOND-014,bond,0,0.0
COLD-08,0.47688045501708975,FIRST_NOMINAL_LIMIT_NO_POST_MEMBER_CONTINUATION,0.47688045501708975,20.0,20.0,20.0,0.0,1.0000000877880906,0.019040982301461205,0.0006672333008642073,408.2057551330697,4.884323541751067e-14,5.5561500150990237e-14,67220.68768241207,-62370.42037331834,62370.42037332219,False,False,False,BOND-014,bond,0,0.0
COLD-09,0.0,BELOW_FIRST_NOMINAL_LIMIT,0.0,20.0,20.0,20.0,0.0,0.0,-0.0,0.0,0.0,0.0,0.0,0.0,-0.0,-0.0,False,False,False,BOND-000,bond,0,0.0
COLD-09,0.05,BELOW_FIRST_NOMINAL_LIMIT,0.05,20.0,20.0,20.0,0.0,0.036581337408080034,0.00237230875980827,0.00012204142183031934,5.403787619402788,5.856254102041501e-14,1.1834078376580557e-14,7047.960025956981,1.9214160623415477e-09,-0.0,False,False,False,BOND-000,bond,0,0.0
COLD-09,0.1,BELOW_FIRST_NOMINAL_LIMIT,0.1,20.0,20.0,20.0,0.0,0.07316267481616007,0.00474461751961654,0.00024408284366063868,21.615150477611152,5.856254102041501e-14,1.1834078376580557e-14,14095.920051913961,3.8428321246830954e-09,-0.0,False,False,False,BOND-000,bond,0,0.0
COLD-09,0.15000000000000002,BELOW_FIRST_NOMINAL_LIMIT,0.15000000000000002,20.0,20.0,20.0,0.0,0.1097440122242404,0.0071169262794248305,0.00036612426549095903,48.63408857462532,4.3444705768610544e-14,9.496482647873264e-15,21143.880077870937,5.68279735132643e-09,-0.0,False,False,False,BOND-000,bond,0,0.0
COLD-09,0.2,BELOW_FIRST_NOMINAL_LIMIT,0.2,20.0,20.0,20.0,0.0,0.14632534963232013,0.00948923503923308,0.00048816568732127735,86.46060191044461,5.856254102041501e-14,1.1834078376580557e-14,28191.840103827923,7.685664249366191e-09,-0.0,False,False,False,BOND-000,bond,0,0.0
COLD-09,0.25,BELOW_FIRST_NOMINAL_LIMIT,0.25,20.0,20.0,20.0,0.0,0.18290668704040047,0.011861543799041372,0.0006102071091515977,135.09469048506995,5.209493381818922e-14,1.1150331625933669e-14,35239.800129784955,9.506410739496464e-09,-0.0,False,False,False,BOND-000,bond,0,0.0
COLD-09,0.3,BELOW_FIRST_NOMINAL_LIMIT,0.3,20.0,20.0,20.0,0.0,0.21948802444848048,0.014233852558849626,0.000732248530981917,194.53635429850053,5.1778776800958776e-14,1.139577917744794e-14,42287.76015574194,1.1445215182492686e-08,-0.0,False,False,False,BOND-000,bond,0,0.0
COLD-09,0.35000000000000003,BELOW_FIRST_NOMINAL_LIMIT,0.35000000000000003,20.0,20.0,20.0,0.0,0.2560693618565599,0.016606161318657872,0.0008542899528122342,264.7855933507357,4.466754826478738e-14,1.3954015319324031e-14,49335.720181698736,1.3580325291300893e-08,-0.0,False,False,False,BOND-000,bond,0,0.0
COLD-09,0.4,BELOW_FIRST_NOMINAL_LIMIT,0.4,20.0,20.0,20.0,0.0,0.29265069926464027,0.01897847007846616,0.0009763313746425547,345.84240764177844,5.856254102041501e-14,1.1834078376580557e-14,56383.680207655845,1.5371328498732382e-08,-0.0,False,False,False,BOND-000,bond,0,0.0
COLD-09,0.45,BELOW_FIRST_NOMINAL_LIMIT,0.45,20.0,20.0,20.0,0.0,0.3292320366727208,0.02135077883827446,0.0010983727964728755,437.70679717162665,4.632668129979171e-14,1.0908780067300586e-14,63431.64023361282,1.7170568307526607e-08,-0.0,False,False,False,BOND-000,bond,0,0.0
COLD-09,0.5,BELOW_FIRST_NOMINAL_LIMIT,0.5,20.0,20.0,20.0,0.0,0.36581337408080095,0.023723087598082743,0.0012204142183031954,540.3787619402798,5.209493381818922e-14,1.1150331625933669e-14,70479.60025956991,1.901282147899293e-08,-0.0,False,False,False,BOND-000,bond,0,0.0
COLD-09,0.55,BELOW_FIRST_NOMINAL_LIMIT,0.55,20.0,20.0,20.0,0.0,0.4023947114888805,0.02609539635789098,0.0013424556401335132,653.858301947737,5.681441315141616e-14,1.2170952967649427e-14,77527.56028552676,2.1184538704968868e-08,-0.0,False,False,False,BOND-000,bond,0,0.0
COLD-09,0.6000000000000001,BELOW_FIRST_NOMINAL_LIMIT,0.6000000000000001,20.0,20.0,20.0,0.0,0.4389760488969616,0.028467705117699322,0.0014644970619638361,778.1454171940052,4.3444705768610544e-14,9.496482647873264e-15,84575.52031148375,2.273118940530572e-08,-0.0,False,False,False,BOND-000,bond,0,0.0
COLD-09,0.6500000000000001,BELOW_FIRST_NOMINAL_LIMIT,0.6500000000000001,20.0,20.0,20.0,0.0,0.47555738630504185,0.030840013877507604,0.0015865384837941562,913.2401076790754,5.6084368833056214e-14,9.83450037343707e-15,91623.48033744107,2.46201166511609e-08,-0.0,False,False,False,BOND-000,bond,0,0.0
COLD-09,0.7000000000000001,BELOW_FIRST_NOMINAL_LIMIT,0.7000000000000001,20.0,20.0,20.0,0.0,0.5121387237131197,0.033212322637315744,0.0017085799056244684,1059.142373402943,4.466754826478738e-14,1.3954015319324031e-14,98671.44036339747,2.7160650582601786e-08,-0.0,False,False,False,BOND-000,bond,0,0.0
COLD-09,0.7500000000000001,BELOW_FIRST_NOMINAL_LIMIT,0.7500000000000001,20.0,20.0,20.0,0.0,0.5487200611211998,0.03558463139712401,0.0018306213274547874,1215.852214365623,6.214743652919029e-14,1.4025574372243642e-14,105719.40038935436,2.9128283130367597e-08,-0.0,False,False,False,BOND-000,bond,0,0.0
COLD-09,0.8,BELOW_FIRST_NOMINAL_LIMIT,0.8,20.0,20.0,20.0,0.0,0.5853013985292805,0.03795694015693232,0.0019526627492851094,1383.3696305671137,5.856254102041501e-14,1.1834078376580557e-14,112767.36041531169,3.0742656997464763e-08,-0.0,False,False,False,BOND-000,bond,0,0.0
COLD-09,0.8500000000000001,BELOW_FIRST_NOMINAL_LIMIT,0.8500000000000001,20.0,20.0,20.0,0.0,0.6218827359373608,0.040329248916740605,0.0020747041711154292,1561.694622007405,4.461167277260597e-14,1.2084318403767e-14,119815.3204412686,3.2659039581195744e-08,-0.0,False,False,False,BOND-000,bond,0,0.0
COLD-09,0.9000000000000001,BELOW_FIRST_NOMINAL_LIMIT,0.9000000000000001,20.0,20.0,20.0,0.0,0.6584640733454415,0.04270155767654892,0.002196745592945751,1750.8271886865066,4.632668129979171e-14,1.103864649667321e-14,126863.28046722565,3.4341136615053215e-08,-0.0,False,False,False,BOND-000,bond,0,0.0
COLD-09,0.9500000000000001,BELOW_FIRST_NOMINAL_LIMIT,0.9500000000000001,20.0,20.0,20.0,0.0,0.6950454107535208,0.045073866436357114,0.0023187870147760676,1950.7673306044035,5.482318889487423e-14,1.258805012910509e-14,133911.2404931829,3.657234040642673e-08,-0.0,False,False,False,BOND-000,bond,0,0.0
COLD-09,1.0,BELOW_FIRST_NOMINAL_LIMIT,1.0,20.0,20.0,20.0,0.0,0.7316267481616019,0.04744617519616549,0.0024408284366063907,2161.515047761119,5.209493381818922e-14,1.1150331625933669e-14,140959.20051913982,3.802564295798586e-08,-0.0,False,False,False,BOND-000,bond,0,0.0
COLD-09,1.05,BELOW_FIRST_NOMINAL_LIMIT,1.05,20.0,20.0,20.0,0.0,0.7682080855696811,0.04981848395597371,0.0025628698584367073,2383.07034015663,5.951986139672494e-14,1.1640272608256612e-14,148007.1605450967,4.0117739704121974e-08,-0.0,False,False,False,BOND-000,bond,0,0.0
COLD-09,1.1,BELOW_FIRST_NOMINAL_LIMIT,1.1,20.0,20.0,20.0,0.0,0.804789422977761,0.05219079271578196,0.0026849112802670265,2615.433207790948,5.681441315141616e-14,1.2170952967649427e-14,155055.12057105353,4.2369077409937737e-08,-0.0,False,False,False,BOND-000,bond,0,0.0
COLD-09,1.1500000000000001,BELOW_FIRST_NOMINAL_LIMIT,1.1500000000000001,20.0,20.0,20.0,0.0,0.8413707603858419,0.054563101475590264,0.0028069527020973483,2858.6036506640776,5.5995425079248605e-14,1.1453777181113879e-14,162103.0805970107,4.407496906995424e-08,-0.0,False,False,False,BOND-000,bond,0,0.0
COLD-09,1.2000000000000002,BELOW_FIRST_NOMINAL_LIMIT,1.2000000000000002,20.0,20.0,20.0,0.0,0.8779520977939232,0.056935410235398644,0.0029289941239276722,3112.5816687760207,4.3444705768610544e-14,9.496482647873264e-15,169151.0406229675,4.546237881061144e-08,-0.0,False,False,False,BOND-000,bond,0,0.0
COLD-09,1.25,PARAMETER_END_BELOW_CHECKED_LIMITS_NOT_PROOF_OF_SAFETY,1.25,20.0,20.0,20.0,0.0,0.9145334352020008,0.05930771899520679,0.003051035545757983,3377.3672621267424,5.0027654056558464e-14,1.1983450743644951e-14,176199.00064892427,4.809809124668843e-08,-0.0,False,False,False,BOND-000,bond,0,0.0
COLD-10,0.0,BELOW_FIRST_NOMINAL_LIMIT,0.0,20.0,20.0,20.0,0.0,0.0,-0.0,0.0,0.0,0.0,0.0,0.0,-0.0,-0.0,False,False,False,BOND-000,bond,0,0.0
COLD-10,0.05,BELOW_FIRST_NOMINAL_LIMIT,0.05,20.0,20.0,20.0,0.0,0.03341181435537975,0.001996410431706503,6.995813037046121e-05,4.487454784152689,4.527820139574682e-14,5.4429309523090756e-14,7047.960025956949,-6539.418812109138,6539.418812109537,False,False,False,SEAT-H-interior,seat_h,0,0.0
COLD-10,0.1,BELOW_FIRST_NOMINAL_LIMIT,0.1,20.0,20.0,20.0,0.0,0.0668236287107595,0.003992820863413006,0.00013991626074092242,17.949819136610756,4.527820139574682e-14,5.4429309523090756e-14,14095.920051913898,-13078.837624218277,13078.837624219073,False,False,False,SEAT-H-interior,seat_h,0,0.0
COLD-10,0.15000000000000002,BELOW_FIRST_NOMINAL_LIMIT,0.15000000000000002,20.0,20.0,20.0,0.0,0.10023544306613921,0.005989231295119501,0.00020987439111138335,40.38709305737409,3.479877917507086e-14,5.6122665819364754e-14,21143.880077870792,-19618.256436327363,19618.2564363286,False,False,False,SEAT-H-interior,seat_h,0,0.0
COLD-10,0.2,BELOW_FIRST_NOMINAL_LIMIT,0.2,20.0,20.0,20.0,0.0,0.133647257421519,0.007985641726826012,0.00027983252148184483,71.79927654644302,4.527820139574682e-14,5.4429309523090756e-14,28191.840103827795,-26157.675248436553,26157.675248438147,False,False,False,SEAT-H-interior,seat_h,0,0.0
COLD-10,0.25,BELOW_FIRST_NOMINAL_LIMIT,0.25,20.0,20.0,20.0,0.0,0.1670590717768988,0.009982052158532505,0.0003497906518523058,112.18636960381703,4.13714039685854e-14,5.535559740879286e-14,35239.80012978468,-32697.094060545627,32697.09406054769,False,False,False,SEAT-H-interior,seat_h,0,0.0
COLD-10,0.3,BELOW_FIRST_NOMINAL_LIMIT,0.3,20.0,20.0,20.0,0.0,0.20047088613227854,0.011978462590238997,0.0004197487822227671,161.54837222949638,3.465898185453186e-14,5.5418933332601594e-14,42287.760155741584,-39236.51287265474,39236.51287265722,False,False,False,SEAT-H-interior,seat_h,0,0.0
COLD-10,0.35000000000000003,BELOW_FIRST_NOMINAL_LIMIT,0.35000000000000003,20.0,20.0,20.0,0.0,0.23388270048765814,0.013974873021945517,0.0004897069125932277,219.8852844234817,5.178338550385039e-14,5.493421962998398e-14,49335.72018169873,-45775.931684764044,45775.93168476673,False,False,False,SEAT-H-interior,seat_h,0,0.0
COLD-10,0.4,BELOW_FIRST_NOMINAL_LIMIT,0.4,20.0,20.0,20.0,0.0,0.267294514843038,0.015971283453652025,0.0005596650429636897,287.1971061857721,4.527820139574682e-14,5.4429309523090756e-14,56383.68020765559,-52315.35049687311,52315.35049687629,False,False,False,SEAT-H-interior,seat_h,0,0.0
COLD-10,0.45,BELOW_FIRST_NOMINAL_LIMIT,0.45,20.0,20.0,20.0,0.0,0.30070632919841755,0.017967693885358505,0.0006296231733341501,363.48383751636703,2.870504981808608e-14,5.5516673955763115e-14,63431.640233612496,-58854.76930898217,58854.769308985786,False,False,False,SEAT-H-interior,seat_h,0,0.0
COLD-10,0.5,BELOW_FIRST_NOMINAL_LIMIT,0.5,20.0,20.0,20.0,0.0,0.3341181435537976,0.01996410431706501,0.0006995813037046116,448.7454784152681,4.13714039685854e-14,5.535559740879286e-14,70479.60025956936,-65394.188121091254,65394.18812109538,False,False,False,SEAT-H-interior,seat_h,0,0.0
COLD-10,0.55,BELOW_FIRST_NOMINAL_LIMIT,0.55,20.0,20.0,20.0,0.0,0.36752995790917725,0.02196051474877153,0.0007695394340750729,542.9820288824757,3.865444793185943e-14,5.4228113277520785e-14,77527.56028552659,-71933.60693320064,71933.6069332049,False,False,False,SEAT-H-interior,seat_h,0,0.0
COLD-10,0.6000000000000001,BELOW_FIRST_NOMINAL_LIMIT,0.6000000000000001,20.0,20.0,20.0,0.0,0.40094177226455685,0.023956925180478005,0.0008394975644455334,646.1934889179854,3.479877917507086e-14,5.6122665819364754e-14,84575.52031148317,-78473.02574530945,78473.0257453144,False,False,False,SEAT-H-interior,seat_h,0,0.0
COLD-10,0.6500000000000001,BELOW_FIRST_NOMINAL_LIMIT,0.6500000000000001,20.0,20.0,20.0,0.0,0.43435358661993656,0.025953335612184485,0.0009094556948159939,758.3798585218018,3.1824156898913426e-14,5.621531698995935e-14,91623.4803374403,-85012.44455741861,85012.44455742394,False,False,False,SEAT-H-interior,seat_h,0,0.0
COLD-10,0.7000000000000001,BELOW_FIRST_NOMINAL_LIMIT,0.7000000000000001,20.0,20.0,20.0,0.0,0.46776540097531627,0.027949746043891034,0.0009794138251864553,879.5411376939268,5.178338550385039e-14,5.493421962998398e-14,98671.44036339746,-91551.86336952809,91551.86336953346,False,False,False,SEAT-H-interior,seat_h,0,0.0
COLD-10,0.7500000000000001,BELOW_FIRST_NOMINAL_LIMIT,0.7500000000000001,20.0,20.0,20.0,0.0,0.5011772153306961,0.029946156475597514,0.0010493719555569167,1009.6773264343536,3.448047142983787e-14,5.528522416011652e-14,105719.40038935425,-98091.28218163706,98091.28218164302,False,False,False,SEAT-H-interior,seat_h,0,0.0
COLD-10,0.8,BELOW_FIRST_NOMINAL_LIMIT,0.8,20.0,20.0,20.0,0.0,0.534589029686076,0.03194256690730405,0.0011193300859273793,1148.7884247430884,4.527820139574682e-14,5.4429309523090756e-14,112767.36041531118,-104630.70099374621,104630.70099375259,False,False,False,SEAT-H-interior,seat_h,0,0.0
COLD-10,0.8500000000000001,BELOW_FIRST_NOMINAL_LIMIT,0.8500000000000001,20.0,20.0,20.0,0.0,0.5680008440414553,0.03393897733901046,0.0011892882162978387,1296.874432620121,3.6511770777011694e-14,5.698041588324832e-14,119815.32044126798,-111170.11980585499,111170.11980586204,False,False,False,SEAT-H-interior,seat_h,0,0.0
COLD-10,0.9000000000000001,BELOW_FIRST_NOMINAL_LIMIT,0.9000000000000001,20.0,20.0,20.0,0.0,0.6014126583968344,0.0359353877707169,0.0012592463466682966,1453.9353500654602,4.6011241191927285e-14,5.848798889987453e-14,126863.28046722489,-117709.53861796399,117709.53861797144,False,False,False,SEAT-H-interior,seat_h,0,0.0
COLD-10,0.9500000000000001,BELOW_FIRST_NOMINAL_LIMIT,0.9500000000000001,20.0,20.0,20.0,0.0,0.634824472752214,0.03793179820242337,0.0013292044770387575,1619.9711770791084,4.358959691866438e-14,5.810763979345529e-14,133911.2404931818,-124248.95743007307,124248.95743008095,False,False,False,SEAT-H-interior,seat_h,0,0.0
COLD-10,1.0,BELOW_FIRST_NOMINAL_LIMIT,1.0,20.0,20.0,20.0,0.0,0.6682362871075952,0.03992820863413002,0.0013991626074092232,1794.9819136610724,4.13714039685854e-14,5.535559740879286e-14,140959.2005191387,-130788.37624218251,130788.37624219076,False,False,False,SEAT-H-interior,seat_h,0,0.0
COLD-10,1.05,BELOW_FIRST_NOMINAL_LIMIT,1.05,20.0,20.0,20.0,0.0,0.7016481014629747,0.04192461906583658,0.001469120737779684,1978.9675598113379,5.91880347897331e-14,5.400069694346136e-14,148007.16054509627,-137327.7950542922,137327.79505430025,False,False,False,SEAT-H-interior,seat_h,0,0.0
COLD-10,1.1,BELOW_FIRST_NOMINAL_LIMIT,1.1,20.0,20.0,20.0,0.0,0.7350599158183545,0.04392102949754306,0.0015390788681501459,2171.9281155299027,3.865444793185943e-14,5.4228113277520785e-14,155055.12057105318,-143867.2138664013,143867.2138664098,False,False,False,SEAT-H-interior,seat_h,0,0.0
COLD-10,1.1500000000000001,BELOW_FIRST_NOMINAL_LIMIT,1.1500000000000001,20.0,20.0,20.0,0.0,0.7684717301737348,0.045917439929249446,0.0016090369985206072,2373.8635808167624,3.5986355075333036e-14,5.670301231719173e-14,162103.08059700963,-150406.63267850963,150406.63267851944,False,False,False,SEAT-H-interior,seat_h,0,0.0
COLD-10,1.2000000000000002,BELOW_FIRST_NOMINAL_LIMIT,1.2000000000000002,20.0,20.0,20.0,0.0,0.8018835445291137,0.04791385036095601,0.0016789951288910668,2584.7739556719416,3.479877917507086e-14,5.6122665819364754e-14,169151.04062296633,-156946.0514906189,156946.0514906288,False,False,False,SEAT-H-interior,seat_h,0,0.0
COLD-10,1.25,PARAMETER_END_BELOW_CHECKED_LIMITS_NOT_PROOF_OF_SAFETY,1.25,20.0,20.0,20.0,0.0,0.8352953588844932,0.04991026079266249,0.0017489532592615269,2804.659240095421,2.4797033645051717e-14,5.626256783773331e-14,176199.00064892345,-163485.47030272803,163485.4703027383,False,False,False,SEAT-H-interior,seat_h,0,0.0
COLD-11,0.0,BELOW_FIRST_NOMINAL_LIMIT,0.0,20.0,20.0,20.0,0.0,0.0,-0.0,0.0,0.0,0.0,0.0,0.0,-0.0,-0.0,False,False,False,BOND-000,bond,0,0.0
COLD-11,0.05,BELOW_FIRST_NOMINAL_LIMIT,0.05,20.0,20.0,20.0,0.0,0.03078530158952692,0.00237230875980827,0.00012204142183031934,5.403787619402788,5.856254102041501e-14,1.1834078376580557e-14,7047.960025956981,1.9214160623415477e-09,-0.0,False,False,False,STEEL-062,web,0,0.0
COLD-11,0.1,BELOW_FIRST_NOMINAL_LIMIT,0.1,20.0,20.0,20.0,0.0,0.06157060317905384,0.00474461751961654,0.00024408284366063868,21.615150477611152,5.856254102041501e-14,1.1834078376580557e-14,14095.920051913961,3.8428321246830954e-09,-0.0,False,False,False,STEEL-062,web,0,0.0
COLD-11,0.15000000000000002,BELOW_FIRST_NOMINAL_LIMIT,0.15000000000000002,20.0,20.0,20.0,0.0,0.09235590476857997,0.0071169262794248305,0.00036612426549095903,48.63408857462532,4.3444705768610544e-14,9.496482647873264e-15,21143.880077870937,5.68279735132643e-09,-0.0,False,False,False,STEEL-062,web,0,0.0
COLD-11,0.2,BELOW_FIRST_NOMINAL_LIMIT,0.2,20.0,20.0,20.0,0.0,0.12314120635810769,0.00948923503923308,0.00048816568732127735,86.46060191044461,5.856254102041501e-14,1.1834078376580557e-14,28191.840103827923,7.685664249366191e-09,-0.0,False,False,False,STEEL-062,web,0,0.0
COLD-11,0.25,BELOW_FIRST_NOMINAL_LIMIT,0.25,20.0,20.0,20.0,0.0,0.15392650794763413,0.011861543799041372,0.0006102071091515977,135.09469048506995,5.209493381818922e-14,1.1150331625933669e-14,35239.800129784955,9.506410739496464e-09,-0.0,False,False,False,STEEL-062,web,0,0.0
COLD-11,0.3,BELOW_FIRST_NOMINAL_LIMIT,0.3,20.0,20.0,20.0,0.0,0.1847118095371608,0.014233852558849626,0.000732248530981917,194.53635429850053,5.1778776800958776e-14,1.139577917744794e-14,42287.76015574194,1.1445215182492686e-08,-0.0,False,False,False,STEEL-062,web,0,0.0
COLD-11,0.35000000000000003,BELOW_FIRST_NOMINAL_LIMIT,0.35000000000000003,20.0,20.0,20.0,0.0,0.2154971111266883,0.016606161318657872,0.0008542899528122342,264.7855933507357,4.466754826478738e-14,1.3954015319324031e-14,49335.720181698736,1.3580325291300893e-08,-0.0,False,False,False,STEEL-062,web,0,0.0
COLD-11,0.4,BELOW_FIRST_NOMINAL_LIMIT,0.4,20.0,20.0,20.0,0.0,0.24628241271621537,0.01897847007846616,0.0009763313746425547,345.84240764177844,5.856254102041501e-14,1.1834078376580557e-14,56383.680207655845,1.5371328498732382e-08,-0.0,False,False,False,STEEL-062,web,0,0.0
COLD-11,0.45,BELOW_FIRST_NOMINAL_LIMIT,0.45,20.0,20.0,20.0,0.0,0.2770677143057429,0.02135077883827446,0.0010983727964728755,437.70679717162665,4.632668129979171e-14,1.0908780067300586e-14,63431.64023361282,1.7170568307526607e-08,-0.0,False,False,False,STEEL-062,web,0,0.0
COLD-11,0.5,BELOW_FIRST_NOMINAL_LIMIT,0.5,20.0,20.0,20.0,0.0,0.30785301589526826,0.023723087598082743,0.0012204142183031954,540.3787619402798,5.209493381818922e-14,1.1150331625933669e-14,70479.60025956991,1.901282147899293e-08,-0.0,False,False,False,STEEL-062,web,0,0.0
COLD-11,0.55,BELOW_FIRST_NOMINAL_LIMIT,0.55,20.0,20.0,20.0,0.0,0.33863831748479534,0.02609539635789098,0.0013424556401335132,653.858301947737,5.681441315141616e-14,1.2170952967649427e-14,77527.56028552676,2.1184538704968868e-08,-0.0,False,False,False,STEEL-062,web,0,0.0
COLD-11,0.6000000000000001,BELOW_FIRST_NOMINAL_LIMIT,0.6000000000000001,20.0,20.0,20.0,0.0,0.36942361907431986,0.028467705117699322,0.0014644970619638361,778.1454171940052,4.3444705768610544e-14,9.496482647873264e-15,84575.52031148375,2.273118940530572e-08,-0.0,False,False,False,STEEL-062,web,0,0.0
COLD-11,0.6500000000000001,BELOW_FIRST_NOMINAL_LIMIT,0.6500000000000001,20.0,20.0,20.0,0.0,0.40020892066384695,0.030840013877507604,0.0015865384837941562,913.2401076790754,5.6084368833056214e-14,9.83450037343707e-15,91623.48033744107,2.46201166511609e-08,-0.0,False,False,False,STEEL-062,web,0,0.0
COLD-11,0.7000000000000001,BELOW_FIRST_NOMINAL_LIMIT,0.7000000000000001,20.0,20.0,20.0,0.0,0.4309942222533766,0.033212322637315744,0.0017085799056244684,1059.142373402943,4.466754826478738e-14,1.3954015319324031e-14,98671.44036339747,2.7160650582601786e-08,-0.0,False,False,False,STEEL-062,web,0,0.0
COLD-11,0.7500000000000001,BELOW_FIRST_NOMINAL_LIMIT,0.7500000000000001,20.0,20.0,20.0,0.0,0.46177952384290455,0.03558463139712401,0.0018306213274547874,1215.852214365623,6.214743652919029e-14,1.4025574372243642e-14,105719.40038935436,2.9128283130367597e-08,-0.0,False,False,False,STEEL-062,web,0,0.0
COLD-11,0.8,BELOW_FIRST_NOMINAL_LIMIT,0.8,20.0,20.0,20.0,0.0,0.49256482543243074,0.03795694015693232,0.0019526627492851094,1383.3696305671137,5.856254102041501e-14,1.1834078376580557e-14,112767.36041531169,3.0742656997464763e-08,-0.0,False,False,False,STEEL-062,web,0,0.0
COLD-11,0.8500000000000001,BELOW_FIRST_NOMINAL_LIMIT,0.8500000000000001,20.0,20.0,20.0,0.0,0.5233501270219604,0.040329248916740605,0.0020747041711154292,1561.694622007405,4.461167277260597e-14,1.2084318403767e-14,119815.3204412686,3.2659039581195744e-08,-0.0,False,False,False,STEEL-062,web,0,0.0
COLD-11,0.9000000000000001,BELOW_FIRST_NOMINAL_LIMIT,0.9000000000000001,20.0,20.0,20.0,0.0,0.5541354286114858,0.04270155767654892,0.002196745592945751,1750.8271886865066,4.632668129979171e-14,1.103864649667321e-14,126863.28046722565,3.4341136615053215e-08,-0.0,False,False,False,STEEL-062,web,0,0.0
COLD-11,0.9500000000000001,BELOW_FIRST_NOMINAL_LIMIT,0.9500000000000001,20.0,20.0,20.0,0.0,0.5849207302010111,0.045073866436357114,0.0023187870147760676,1950.7673306044035,5.482318889487423e-14,1.258805012910509e-14,133911.2404931829,3.657234040642673e-08,-0.0,False,False,False,STEEL-062,web,0,0.0
COLD-11,1.0,BELOW_FIRST_NOMINAL_LIMIT,1.0,20.0,20.0,20.0,0.0,0.6157060317905365,0.04744617519616549,0.0024408284366063907,2161.515047761119,5.209493381818922e-14,1.1150331625933669e-14,140959.20051913982,3.802564295798586e-08,-0.0,False,False,False,STEEL-062,web,0,0.0
COLD-11,1.05,BELOW_FIRST_NOMINAL_LIMIT,1.05,20.0,20.0,20.0,0.0,0.6464913333800654,0.04981848395597371,0.0025628698584367073,2383.07034015663,5.951986139672494e-14,1.1640272608256612e-14,148007.1605450967,4.0117739704121974e-08,-0.0,False,False,False,STEEL-062,web,0,0.0
COLD-11,1.1,BELOW_FIRST_NOMINAL_LIMIT,1.1,20.0,20.0,20.0,0.0,0.6772766349695907,0.05219079271578196,0.0026849112802670265,2615.433207790948,5.681441315141616e-14,1.2170952967649427e-14,155055.12057105353,4.2369077409937737e-08,-0.0,False,False,False,STEEL-062,web,0,0.0
COLD-11,1.1500000000000001,BELOW_FIRST_NOMINAL_LIMIT,1.1500000000000001,20.0,20.0,20.0,0.0,0.7080619365591144,0.054563101475590264,0.0028069527020973483,2858.6036506640776,5.5995425079248605e-14,1.1453777181113879e-14,162103.0805970107,4.407496906995424e-08,-0.0,False,False,False,STEEL-062,web,0,0.0
COLD-11,1.2000000000000002,BELOW_FIRST_NOMINAL_LIMIT,1.2000000000000002,20.0,20.0,20.0,0.0,0.7388472381486397,0.056935410235398644,0.0029289941239276722,3112.5816687760207,4.3444705768610544e-14,9.496482647873264e-15,169151.0406229675,4.546237881061144e-08,-0.0,False,False,False,STEEL-062,web,0,0.0
COLD-11,1.25,PARAMETER_END_BELOW_CHECKED_LIMITS_NOT_PROOF_OF_SAFETY,1.25,20.0,20.0,20.0,0.0,0.7696325397381703,0.05930771899520679,0.003051035545757983,3377.3672621267424,5.0027654056558464e-14,1.1983450743644951e-14,176199.00064892427,4.809809124668843e-08,-0.0,False,False,False,STEEL-062,web,0,0.0
COLD-12,0.0,BELOW_FIRST_NOMINAL_LIMIT,0.0,20.0,20.0,20.0,0.0,0.0,-0.0,0.0,0.0,0.0,0.0,0.0,-0.0,-0.0,False,False,False,BOND-000,bond,0,0.0
COLD-12,0.05,BELOW_FIRST_NOMINAL_LIMIT,0.05,20.0,20.0,20.0,0.0,0.03341181435537975,0.001996410431706503,6.995813037046121e-05,4.487454784152689,4.527820139574682e-14,5.4429309523090756e-14,7047.960025956949,-6539.418812109138,6539.418812109537,False,False,False,SEAT-H-interior,seat_h,0,0.0
COLD-12,0.1,BELOW_FIRST_NOMINAL_LIMIT,0.1,20.0,20.0,20.0,0.0,0.0668236287107595,0.003992820863413006,0.00013991626074092242,17.949819136610756,4.527820139574682e-14,5.4429309523090756e-14,14095.920051913898,-13078.837624218277,13078.837624219073,False,False,False,SEAT-H-interior,seat_h,0,0.0
COLD-12,0.15000000000000002,BELOW_FIRST_NOMINAL_LIMIT,0.15000000000000002,20.0,20.0,20.0,0.0,0.10023544306613921,0.005989231295119501,0.00020987439111138335,40.38709305737409,3.479877917507086e-14,5.6122665819364754e-14,21143.880077870792,-19618.256436327363,19618.2564363286,False,False,False,SEAT-H-interior,seat_h,0,0.0
COLD-12,0.2,BELOW_FIRST_NOMINAL_LIMIT,0.2,20.0,20.0,20.0,0.0,0.133647257421519,0.007985641726826012,0.00027983252148184483,71.79927654644302,4.527820139574682e-14,5.4429309523090756e-14,28191.840103827795,-26157.675248436553,26157.675248438147,False,False,False,SEAT-H-interior,seat_h,0,0.0
COLD-12,0.25,BELOW_FIRST_NOMINAL_LIMIT,0.25,20.0,20.0,20.0,0.0,0.1670590717768988,0.009982052158532505,0.0003497906518523058,112.18636960381703,4.13714039685854e-14,5.535559740879286e-14,35239.80012978468,-32697.094060545627,32697.09406054769,False,False,False,SEAT-H-interior,seat_h,0,0.0
COLD-12,0.3,BELOW_FIRST_NOMINAL_LIMIT,0.3,20.0,20.0,20.0,0.0,0.20047088613227854,0.011978462590238997,0.0004197487822227671,161.54837222949638,3.465898185453186e-14,5.5418933332601594e-14,42287.760155741584,-39236.51287265474,39236.51287265722,False,False,False,SEAT-H-interior,seat_h,0,0.0
COLD-12,0.35000000000000003,BELOW_FIRST_NOMINAL_LIMIT,0.35000000000000003,20.0,20.0,20.0,0.0,0.23388270048765814,0.013974873021945517,0.0004897069125932277,219.8852844234817,5.178338550385039e-14,5.493421962998398e-14,49335.72018169873,-45775.931684764044,45775.93168476673,False,False,False,SEAT-H-interior,seat_h,0,0.0
COLD-12,0.4,BELOW_FIRST_NOMINAL_LIMIT,0.4,20.0,20.0,20.0,0.0,0.267294514843038,0.015971283453652025,0.0005596650429636897,287.1971061857721,4.527820139574682e-14,5.4429309523090756e-14,56383.68020765559,-52315.35049687311,52315.35049687629,False,False,False,SEAT-H-interior,seat_h,0,0.0
COLD-12,0.45,BELOW_FIRST_NOMINAL_LIMIT,0.45,20.0,20.0,20.0,0.0,0.30070632919841755,0.017967693885358505,0.0006296231733341501,363.48383751636703,2.870504981808608e-14,5.5516673955763115e-14,63431.640233612496,-58854.76930898217,58854.769308985786,False,False,False,SEAT-H-interior,seat_h,0,0.0
COLD-12,0.5,BELOW_FIRST_NOMINAL_LIMIT,0.5,20.0,20.0,20.0,0.0,0.3341181435537976,0.01996410431706501,0.0006995813037046116,448.7454784152681,4.13714039685854e-14,5.535559740879286e-14,70479.60025956936,-65394.188121091254,65394.18812109538,False,False,False,SEAT-H-interior,seat_h,0,0.0
COLD-12,0.55,BELOW_FIRST_NOMINAL_LIMIT,0.55,20.0,20.0,20.0,0.0,0.36752995790917725,0.02196051474877153,0.0007695394340750729,542.9820288824757,3.865444793185943e-14,5.4228113277520785e-14,77527.56028552659,-71933.60693320064,71933.6069332049,False,False,False,SEAT-H-interior,seat_h,0,0.0
COLD-12,0.6000000000000001,BELOW_FIRST_NOMINAL_LIMIT,0.6000000000000001,20.0,20.0,20.0,0.0,0.40094177226455685,0.023956925180478005,0.0008394975644455334,646.1934889179854,3.479877917507086e-14,5.6122665819364754e-14,84575.52031148317,-78473.02574530945,78473.0257453144,False,False,False,SEAT-H-interior,seat_h,0,0.0
COLD-12,0.6500000000000001,BELOW_FIRST_NOMINAL_LIMIT,0.6500000000000001,20.0,20.0,20.0,0.0,0.43435358661993656,0.025953335612184485,0.0009094556948159939,758.3798585218018,3.1824156898913426e-14,5.621531698995935e-14,91623.4803374403,-85012.44455741861,85012.44455742394,False,False,False,SEAT-H-interior,seat_h,0,0.0
COLD-12,0.7000000000000001,BELOW_FIRST_NOMINAL_LIMIT,0.7000000000000001,20.0,20.0,20.0,0.0,0.46776540097531627,0.027949746043891034,0.0009794138251864553,879.5411376939268,5.178338550385039e-14,5.493421962998398e-14,98671.44036339746,-91551.86336952809,91551.86336953346,False,False,False,SEAT-H-interior,seat_h,0,0.0
COLD-12,0.7500000000000001,BELOW_FIRST_NOMINAL_LIMIT,0.7500000000000001,20.0,20.0,20.0,0.0,0.5011772153306961,0.029946156475597514,0.0010493719555569167,1009.6773264343536,3.448047142983787e-14,5.528522416011652e-14,105719.40038935425,-98091.28218163706,98091.28218164302,False,False,False,SEAT-H-interior,seat_h,0,0.0
COLD-12,0.8,BELOW_FIRST_NOMINAL_LIMIT,0.8,20.0,20.0,20.0,0.0,0.534589029686076,0.03194256690730405,0.0011193300859273793,1148.7884247430884,4.527820139574682e-14,5.4429309523090756e-14,112767.36041531118,-104630.70099374621,104630.70099375259,False,False,False,SEAT-H-interior,seat_h,0,0.0
COLD-12,0.8500000000000001,BELOW_FIRST_NOMINAL_LIMIT,0.8500000000000001,20.0,20.0,20.0,0.0,0.5680008440414553,0.03393897733901046,0.0011892882162978387,1296.874432620121,3.6511770777011694e-14,5.698041588324832e-14,119815.32044126798,-111170.11980585499,111170.11980586204,False,False,False,SEAT-H-interior,seat_h,0,0.0
COLD-12,0.9000000000000001,BELOW_FIRST_NOMINAL_LIMIT,0.9000000000000001,20.0,20.0,20.0,0.0,0.6014126583968344,0.0359353877707169,0.0012592463466682966,1453.9353500654602,4.6011241191927285e-14,5.848798889987453e-14,126863.28046722489,-117709.53861796399,117709.53861797144,False,False,False,SEAT-H-interior,seat_h,0,0.0
COLD-12,0.9500000000000001,BELOW_FIRST_NOMINAL_LIMIT,0.9500000000000001,20.0,20.0,20.0,0.0,0.634824472752214,0.03793179820242337,0.0013292044770387575,1619.9711770791084,4.358959691866438e-14,5.810763979345529e-14,133911.2404931818,-124248.95743007307,124248.95743008095,False,False,False,SEAT-H-interior,seat_h,0,0.0
COLD-12,1.0,BELOW_FIRST_NOMINAL_LIMIT,1.0,20.0,20.0,20.0,0.0,0.6682362871075952,0.03992820863413002,0.0013991626074092232,1794.9819136610724,4.13714039685854e-14,5.535559740879286e-14,140959.2005191387,-130788.37624218251,130788.37624219076,False,False,False,SEAT-H-interior,seat_h,0,0.0
COLD-12,1.05,BELOW_FIRST_NOMINAL_LIMIT,1.05,20.0,20.0,20.0,0.0,0.7016481014629747,0.04192461906583658,0.001469120737779684,1978.9675598113379,5.91880347897331e-14,5.400069694346136e-14,148007.16054509627,-137327.7950542922,137327.79505430025,False,False,False,SEAT-H-interior,seat_h,0,0.0
COLD-12,1.1,BELOW_FIRST_NOMINAL_LIMIT,1.1,20.0,20.0,20.0,0.0,0.7350599158183545,0.04392102949754306,0.0015390788681501459,2171.9281155299027,3.865444793185943e-14,5.4228113277520785e-14,155055.12057105318,-143867.2138664013,143867.2138664098,False,False,False,SEAT-H-interior,seat_h,0,0.0
COLD-12,1.1500000000000001,BELOW_FIRST_NOMINAL_LIMIT,1.1500000000000001,20.0,20.0,20.0,0.0,0.7684717301737348,0.045917439929249446,0.0016090369985206072,2373.8635808167624,3.5986355075333036e-14,5.670301231719173e-14,162103.08059700963,-150406.63267850963,150406.63267851944,False,False,False,SEAT-H-interior,seat_h,0,0.0
COLD-12,1.2000000000000002,BELOW_FIRST_NOMINAL_LIMIT,1.2000000000000002,20.0,20.0,20.0,0.0,0.8018835445291137,0.04791385036095601,0.0016789951288910668,2584.7739556719416,3.479877917507086e-14,5.6122665819364754e-14,169151.04062296633,-156946.0514906189,156946.0514906288,False,False,False,SEAT-H-interior,seat_h,0,0.0
COLD-12,1.25,PARAMETER_END_BELOW_CHECKED_LIMITS_NOT_PROOF_OF_SAFETY,1.25,20.0,20.0,20.0,0.0,0.8352953588844932,0.04991026079266249,0.0017489532592615269,2804.659240095421,2.4797033645051717e-14,5.626256783773331e-14,176199.00064892345,-163485.47030272803,163485.4703027383,False,False,False,SEAT-H-interior,seat_h,0,0.0
COLD-13,0.0,BELOW_FIRST_NOMINAL_LIMIT,0.0,20.0,20.0,20.0,0.0,0.0,-0.0,0.0,0.0,0.0,0.0,0.0,-0.0,-0.0,False,False,False,BOND-000,bond,0,0.0
COLD-13,0.05,BELOW_FIRST_NOMINAL_LIMIT,0.05,20.0,20.0,20.0,0.0,0.30129281103795963,0.00167395729495162,2.0103257918724742e-05,3.8306267677538868,2.5881323170460268e-14,1.3633510713700424e-13,7047.960025956478,-1.455367620904366e-10,-0.0,False,False,False,BOND-016,bond,0,0.0
COLD-13,0.1,BELOW_FIRST_NOMINAL_LIMIT,0.1,20.0,20.0,20.0,0.0,0.6025856220759193,0.00334791458990324,4.0206515837449484e-05,15.322507071015547,2.5881323170460268e-14,1.3633510713700424e-13,14095.920051912955,-2.910735241808732e-10,-0.0,False,False,False,BOND-016,bond,0,0.0
COLD-13,0.15000000000000002,BELOW_FIRST_NOMINAL_LIMIT,0.15000000000000002,20.0,20.0,20.0,0.0,0.9038784331138782,0.005021871884854855,6.0309773756174185e-05,34.47564090978495,3.452993817402588e-14,1.3685035697501262e-13,21143.880077869435,-4.321355102773139e-10,-0.0,False,False,False,BOND-016,bond,0,0.0
COLD-13,0.16595153808593754,FIRST_NOMINAL_LIMIT_NO_POST_MEMBER_CONTINUATION,0.16595153808593754,20.0,20.0,20.0,0.0,1.0000001081197019,0.005555915755747931,6.672333144301342e-05,42.198051157174945,3.10650633038461e-14,1.3639009389838695e-13,23392.39613351364,-4.6537670337556886e-10,-0.0,False,False,False,BOND-016,bond,0,0.0
COLD-14,0.0,BELOW_FIRST_NOMINAL_LIMIT,0.0,20.0,20.0,20.0,0.0,0.0,-0.0,0.0,0.0,0.0,0.0,0.0,-0.0,-0.0,False,False,False,BOND-000,bond,0,0.0
COLD-14,0.05,BELOW_FIRST_NOMINAL_LIMIT,0.05,20.0,20.0,20.0,0.0,0.2247019958733244,0.0016122317989472916,1.499286412553846e-05,3.6745566021428098,2.5357083218423938e-14,9.172908374294973e-14,7047.960025956654,-3225.777094195263,3225.7770941954045,False,False,False,BOND-002,bond,0,0.0
COLD-14,0.1,BELOW_FIRST_NOMINAL_LIMIT,0.1,20.0,20.0,20.0,0.0,0.4494039917466488,0.003224463597894583,2.998572825107692e-05,14.698226408571239,2.5357083218423938e-14,9.172908374294973e-14,14095.920051913308,-6451.554188390526,6451.554188390809,False,False,False,BOND-002,bond,0,0.0
COLD-14,0.15000000000000002,BELOW_FIRST_NOMINAL_LIMIT,0.15000000000000002,20.0,20.0,20.0,0.0,0.6741059876199721,0.004836695396841866,4.4978592376615305e-05,33.07100941928524,2.1690091964193243e-14,9.260192672981726e-14,21143.880077869966,-9677.331282585805,9677.331282586212,False,False,False,BOND-002,bond,0,0.0
COLD-14,0.2,BELOW_FIRST_NOMINAL_LIMIT,0.2,20.0,20.0,20.0,0.0,0.8988079834932976,0.006448927195789166,5.997145650215384e-05,58.792905634284956,2.5357083218423938e-14,9.172908374294973e-14,28191.840103826617,-12903.108376781052,12903.108376781618,False,False,False,BOND-002,bond,0,0.0
COLD-14,0.22251701354980472,FIRST_NOMINAL_LIMIT_NO_POST_MEMBER_CONTINUATION,0.22251701354980472,20.0,20.0,20.0,0.0,1.000000341208253,0.007174980101035604,6.672334699545641e-05,72.77653561020253,2.3777017389065506e-14,9.216601710063265e-14,31365.82033188557,-14355.805707553962,14355.805707554555,False,False,False,BOND-002,bond,0,0.0
COLD-15,0.0,BELOW_FIRST_NOMINAL_LIMIT,0.0,20.0,20.0,20.0,0.0,0.0,-0.0,0.0,0.0,0.0,0.0,0.0,-0.0,-0.0,False,False,False,BOND-000,bond,0,0.0
COLD-15,0.05,BELOW_FIRST_NOMINAL_LIMIT,0.05,20.0,20.0,20.0,0.0,0.06025856220759193,0.00167395729495162,2.0103257918724742e-05,3.8306267677538868,2.5881323170460268e-14,1.3633510713700424e-13,7047.960025956478,-1.455367620904366e-10,-0.0,False,False,False,BOND-016,bond,0,0.0
COLD-15,0.1,BELOW_FIRST_NOMINAL_LIMIT,0.1,20.0,20.0,20.0,0.0,0.12051712441518386,0.00334791458990324,4.0206515837449484e-05,15.322507071015547,2.5881323170460268e-14,1.3633510713700424e-13,14095.920051912955,-2.910735241808732e-10,-0.0,False,False,False,BOND-016,bond,0,0.0
COLD-15,0.15000000000000002,BELOW_FIRST_NOMINAL_LIMIT,0.15000000000000002,20.0,20.0,20.0,0.0,0.18077568662277566,0.005021871884854855,6.0309773756174185e-05,34.47564090978495,3.452993817402588e-14,1.3685035697501262e-13,21143.880077869435,-4.321355102773139e-10,-0.0,False,False,False,BOND-016,bond,0,0.0
COLD-15,0.2,BELOW_FIRST_NOMINAL_LIMIT,0.2,20.0,20.0,20.0,0.0,0.24103424883036773,0.00669582917980648,8.041303167489897e-05,61.29002828406219,2.5881323170460268e-14,1.3633510713700424e-13,28191.84010382591,-5.821470483617464e-10,-0.0,False,False,False,BOND-016,bond,0,0.0
COLD-15,0.25,BELOW_FIRST_NOMINAL_LIMIT,0.25,20.0,20.0,20.0,0.0,0.3012928110379598,0.008369786474758095,0.00010051628959362375,95.76566919384713,3.106726608058421e-14,1.363722051253409e-13,35239.80012978241,-7.176688356084778e-10,-0.0,False,False,False,BOND-016,bond,0,0.0
COLD-15,0.3,BELOW_FIRST_NOMINAL_LIMIT,0.3,20.0,20.0,20.0,0.0,0.36155137324555164,0.010043743769709713,0.00012061954751234848,137.90256363913974,3.077691779946378e-14,1.37056456910216e-13,42287.76015573882,-8.523382845706389e-10,-0.0,False,False,False,BOND-016,bond,0,0.0
COLD-15,0.35000000000000003,BELOW_FIRST_NOMINAL_LIMIT,0.35000000000000003,20.0,20.0,20.0,0.0,0.42180993545314294,0.011717701064661343,0.000140722805431073,187.70071161994062,2.859239263669497e-14,1.3582406342012246e-13,49335.720181695346,-1.031329324330473e-09,-0.0,False,False,False,BOND-016,bond,0,0.0
COLD-15,0.4,BELOW_FIRST_NOMINAL_LIMIT,0.4,20.0,20.0,20.0,0.0,0.48206849766073545,0.01339165835961296,0.00016082606334979794,245.16011313624875,2.5881323170460268e-14,1.3633510713700424e-13,56383.68020765182,-1.1642940967234927e-09,-0.0,False,False,False,BOND-016,bond,0,0.0
COLD-15,0.45,BELOW_FIRST_NOMINAL_LIMIT,0.45,20.0,20.0,20.0,0.0,0.5423270598683273,0.015065615654564586,0.00018092932126852266,310.28076818806505,3.45299381740284e-14,1.3575115732059478e-13,63431.640233608305,-1.2716887205793931e-09,-0.0,False,False,False,BOND-016,bond,0,0.0
COLD-15,0.5,BELOW_FIRST_NOMINAL_LIMIT,0.5,20.0,20.0,20.0,0.0,0.6025856220759196,0.01673957294951619,0.0002010325791872475,383.0626767753885,3.106726608058421e-14,1.363722051253409e-13,70479.60025956482,-1.4353376712169557e-09,-0.0,False,False,False,BOND-016,bond,0,0.0
COLD-15,0.55,BELOW_FIRST_NOMINAL_LIMIT,0.55,20.0,20.0,20.0,0.0,0.6628441842835134,0.018413530244467815,0.00022113583710597288,463.5058388982206,3.767488908441623e-14,1.357602416152594e-13,77527.56028552135,-1.5742688116019697e-09,-0.0,False,False,False,BOND-016,bond,0,0.0
COLD-15,0.6000000000000001,BELOW_FIRST_NOMINAL_LIMIT,0.6000000000000001,20.0,20.0,20.0,0.0,0.7231027464911026,0.02008748753941942,0.00024123909502469674,551.6102545565592,3.452993817402588e-14,1.3685035697501262e-13,84575.52031147774,-1.7285420411092555e-09,-0.0,False,False,False,BOND-016,bond,0,0.0
COLD-15,0.6500000000000001,BELOW_FIRST_NOMINAL_LIMIT,0.6500000000000001,20.0,20.0,20.0,0.0,0.7833613086986942,0.021761444834371077,0.00026134235294342136,647.3759237504075,4.783053649949726e-14,1.359235170297194e-13,91623.48033743427,-1.9671967607890344e-09,-0.0,False,False,False,BOND-016,bond,0,0.0
COLD-15,0.7000000000000001,BELOW_FIRST_NOMINAL_LIMIT,0.7000000000000001,20.0,20.0,20.0,0.0,0.8436198709062859,0.023435402129322686,0.000281445610862146,750.8028464797625,2.859239263669497e-14,1.3582406342012246e-13,98671.44036339069,-2.062658648660946e-09,-0.0,False,False,False,BOND-016,bond,0,0.0
COLD-15,0.7500000000000001,BELOW_FIRST_NOMINAL_LIMIT,0.7500000000000001,20.0,20.0,20.0,0.0,0.9038784331138806,0.02510935942427436,0.0003015488687808717,861.8910227446283,4.144883017688123e-14,1.3388251790808432e-13,105719.40038934721,-2.2416496884207804e-09,-0.0,False,False,False,BOND-016,bond,0,0.0
COLD-15,0.8,BELOW_FIRST_NOMINAL_LIMIT,0.8,20.0,20.0,20.0,0.0,0.9641369953214709,0.02678331671922592,0.00032165212669959587,980.640452544995,2.5881323170460268e-14,1.3633510713700424e-13,112767.36041530364,-2.3285881934469854e-09,-0.0,False,False,False,BOND-016,bond,0,0.0
COLD-15,0.8297576904296875,FIRST_NOMINAL_LIMIT_NO_POST_MEMBER_CONTINUATION,0.8297576904296875,20.0,20.0,20.0,0.0,1.000000108119704,0.02777957877873968,0.00033361665721506786,1054.951278929375,4.3708816228013854e-14,1.3535285565343128e-13,116961.9806675683,-2.5024652034993955e-09,-0.0,False,False,False,BOND-016,bond,0,0.0
COLD-16,0.0,BELOW_FIRST_NOMINAL_LIMIT,0.0,20.0,20.0,20.0,0.0,0.0,-0.0,0.0,0.0,0.0,0.0,0.0,-0.0,-0.0,False,False,False,BOND-000,bond,0,0.0
COLD-16,0.05,BELOW_FIRST_NOMINAL_LIMIT,0.05,20.0,20.0,20.0,0.0,0.044940399174664886,0.0016122317989472916,1.499286412553846e-05,3.6745566021428098,2.5357083218423938e-14,9.172908374294973e-14,7047.960025956654,-3225.777094195263,3225.7770941954045,False,False,False,BOND-002,bond,0,0.0
COLD-16,0.1,BELOW_FIRST_NOMINAL_LIMIT,0.1,20.0,20.0,20.0,0.0,0.08988079834932977,0.003224463597894583,2.998572825107692e-05,14.698226408571239,2.5357083218423938e-14,9.172908374294973e-14,14095.920051913308,-6451.554188390526,6451.554188390809,False,False,False,BOND-002,bond,0,0.0
COLD-16,0.15000000000000002,BELOW_FIRST_NOMINAL_LIMIT,0.15000000000000002,20.0,20.0,20.0,0.0,0.13482119752399443,0.004836695396841866,4.4978592376615305e-05,33.07100941928524,2.1690091964193243e-14,9.260192672981726e-14,21143.880077869966,-9677.331282585805,9677.331282586212,False,False,False,BOND-002,bond,0,0.0
COLD-16,0.2,BELOW_FIRST_NOMINAL_LIMIT,0.2,20.0,20.0,20.0,0.0,0.17976159669865954,0.006448927195789166,5.997145650215384e-05,58.792905634284956,2.5357083218423938e-14,9.172908374294973e-14,28191.840103826617,-12903.108376781052,12903.108376781618,False,False,False,BOND-002,bond,0,0.0
COLD-16,0.25,BELOW_FIRST_NOMINAL_LIMIT,0.25,20.0,20.0,20.0,0.0,0.22470199587332337,0.008061158994736433,7.496432062769195e-05,91.86391505356985,1.6904722145616855e-14,9.405433745996487e-14,35239.80012978322,-16128.885470976313,16128.885470976997,False,False,False,BOND-002,bond,0,0.0
COLD-16,0.3,BELOW_FIRST_NOMINAL_LIMIT,0.3,20.0,20.0,20.0,0.0,0.26964239504798854,0.009673390793683725,8.99571847532305e-05,132.2840376771407,3.020697487724694e-14,9.367619502134655e-14,42287.76015573989,-19354.662565171595,19354.66256517241,False,False,False,BOND-002,bond,0,0.0
COLD-16,0.35000000000000003,BELOW_FIRST_NOMINAL_LIMIT,0.35000000000000003,20.0,20.0,20.0,0.0,0.3145827942226533,0.011285622592631026,0.00010495004887876893,180.0532735049974,2.2306121915154926e-14,9.234322538614291e-14,49335.72018169658,-22580.439659366843,22580.439659367843,False,False,False,BOND-002,bond,0,0.0
COLD-16,0.4,BELOW_FIRST_NOMINAL_LIMIT,0.4,20.0,20.0,20.0,0.0,0.3595231933973191,0.012897854391578333,0.00011994291300430768,235.17162253713983,2.5357083218423938e-14,9.172908374294973e-14,56383.68020765323,-25806.216753562105,25806.216753563236,False,False,False,BOND-002,bond,0,0.0
COLD-16,0.45,BELOW_FIRST_NOMINAL_LIMIT,0.45,20.0,20.0,20.0,0.0,0.4044635925719835,0.014510086190525613,0.000134935777129846,297.6390847735675,2.2941098755713345e-14,9.186187524009711e-14,63431.64023360987,-29031.993847757385,29031.993847758626,False,False,False,BOND-002,bond,0,0.0
COLD-16,0.5,BELOW_FIRST_NOMINAL_LIMIT,0.5,20.0,20.0,20.0,0.0,0.44940399174664675,0.016122317989472865,0.0001499286412553839,367.4556602142794,1.6904722145616855e-14,9.405433745996487e-14,70479.60025956645,-32257.770941952625,32257.770941953993,False,False,False,BOND-002,bond,0,0.0
COLD-16,0.55,BELOW_FIRST_NOMINAL_LIMIT,0.55,20.0,20.0,20.0,0.0,0.49434439092131377,0.017734549788420182,0.0001649215053809231,444.62134885927935,2.8242969164172664e-14,9.256108677823846e-14,77527.56028552323,-35483.54803614795,35483.54803614946,False,False,False,BOND-002,bond,0,0.0
COLD-16,0.6000000000000001,BELOW_FIRST_NOMINAL_LIMIT,0.6000000000000001,20.0,20.0,20.0,0.0,0.5392847900959777,0.019346781587367464,0.00017991436950646122,529.1361507085638,2.1690091964193243e-14,9.260192672981726e-14,84575.52031147986,-38709.32513034322,38709.32513034485,False,False,False,BOND-002,bond,0,0.0
COLD-16,0.6500000000000001,BELOW_FIRST_NOMINAL_LIMIT,0.6500000000000001,20.0,20.0,20.0,0.0,0.584225189270642,0.020959013386314788,0.0001949072336319995,621.0000657621353,2.4419034925554245e-14,9.153528637881954e-14,91623.48033743654,-41935.10222453844,41935.102224540286,False,False,False,BOND-002,bond,0,0.0
COLD-16,0.7000000000000001,BELOW_FIRST_NOMINAL_LIMIT,0.7000000000000001,20.0,20.0,20.0,0.0,0.6291655884453066,0.022571245185262052,0.00020990009775753786,720.2130940199896,2.2306121915154926e-14,9.234322538614291e-14,98671.44036339317,-45160.879318733685,45160.879318735686,False,False,False,BOND-002,bond,0,0.0
COLD-16,0.7500000000000001,BELOW_FIRST_NOMINAL_LIMIT,0.7500000000000001,20.0,20.0,20.0,0.0,0.6741059876199725,0.024183476984209338,0.00022489296188307663,826.7752354821321,2.470756335990406e-14,9.144171697496571e-14,105719.4003893499,-48386.656412929005,48386.65641293106,False,False,False,BOND-002,bond,0,0.0
COLD-16,0.8,BELOW_FIRST_NOMINAL_LIMIT,0.8,20.0,20.0,20.0,0.0,0.7190463867946382,0.025795708783156665,0.00023988582600861536,940.6864901485593,2.5357083218423938e-14,9.172908374294973e-14,112767.36041530647,-51612.43350712421,51612.43350712647,False,False,False,BOND-002,bond,0,0.0
COLD-16,0.8500000000000001,BELOW_FIRST_NOMINAL_LIMIT,0.8500000000000001,20.0,20.0,20.0,0.0,0.7639867859693026,0.02740794058210394,0.00025487869013415365,1061.9468580192724,3.0594738485816774e-14,9.14250639578513e-14,119815.3204412632,-54838.21060131962,54838.21060132178,False,False,False,BOND-002,bond,0,0.0
COLD-16,0.9000000000000001,BELOW_FIRST_NOMINAL_LIMIT,0.9000000000000001,20.0,20.0,20.0,0.0,0.8089271851439667,0.029020172381051233,0.0002698715542596919,1190.5563390942705,2.2994866955922286e-14,9.205285626970224e-14,126863.28046721987,-58063.98769551479,58063.987695517295,False,False,False,BOND-002,bond,0,0.0
COLD-16,0.9500000000000001,BELOW_FIRST_NOMINAL_LIMIT,0.9500000000000001,20.0,20.0,20.0,0.0,0.8538675843186314,0.0306324041799985,0.0002848644183852303,1326.5149333735521,2.347236630584633e-14,9.255967019314217e-14,133911.24049317648,-61289.76478971006,61289.76478971265,False,False,False,BOND-002,bond,0,0.0
COLD-16,1.0,BELOW_FIRST_NOMINAL_LIMIT,1.0,20.0,20.0,20.0,0.0,0.8988079834932935,0.03224463597894573,0.0002998572825107678,1469.8226408571177,1.6904722145616855e-14,9.405433745996487e-14,140959.2005191329,-64515.54188390525,64515.54188390799,False,False,False,BOND-002,bond,0,0.0
COLD-16,1.05,BELOW_FIRST_NOMINAL_LIMIT,1.05,20.0,20.0,20.0,0.0,0.943748382667964,0.03385686777789311,0.0003148501466363081,1620.4794615449805,2.470264741016942e-14,9.120318556656079e-14,148007.1605450899,-67741.31897810058,67741.31897810349,False,False,False,BOND-002,bond,0,0.0
COLD-16,1.1,BELOW_FIRST_NOMINAL_LIMIT,1.1,20.0,20.0,20.0,0.0,0.9886887818426275,0.035469099576840364,0.0003298430107618462,1778.4853954371174,2.8242969164172664e-14,9.256108677823846e-14,155055.12057104646,-70967.0960722959,70967.09607229893,False,False,False,BOND-002,bond,0,0.0
COLD-16,1.1125847816467287,FIRST_NOMINAL_LIMIT_NO_POST_MEMBER_CONTINUATION,1.1125847816467287,20.0,20.0,20.0,0.0,1.0000000840572278,0.0358748912799137,0.00033361664918742583,1819.4124545274626,2.7685734196339803e-14,9.135375342484149e-14,156829.0613306773,-71779.01007972524,71779.01007972825,False,False,False,BOND-002,bond,0,0.0
COLD-17,0.0,BELOW_FIRST_NOMINAL_LIMIT,0.0,20.0,20.0,20.0,0.0,0.0,-0.0,0.0,0.0,0.0,0.0,0.0,-0.0,-0.0,False,False,False,BOND-000,bond,0,0.0
COLD-17,0.05,BELOW_FIRST_NOMINAL_LIMIT,0.05,20.0,20.0,20.0,0.0,0.030785301589524045,0.00167395729495162,2.0103257918724742e-05,3.8306267677538868,2.5881323170460268e-14,1.3633510713700424e-13,7047.960025956478,-1.455367620904366e-10,-0.0,False,False,False,STEEL-062,web,0,0.0
COLD-17,0.1,BELOW_FIRST_NOMINAL_LIMIT,0.1,20.0,20.0,20.0,0.0,0.06157060317904809,0.00334791458990324,4.0206515837449484e-05,15.322507071015547,2.5881323170460268e-14,1.3633510713700424e-13,14095.920051912955,-2.910735241808732e-10,-0.0,False,False,False,STEEL-062,web,0,0.0
COLD-17,0.15000000000000002,BELOW_FIRST_NOMINAL_LIMIT,0.15000000000000002,20.0,20.0,20.0,0.0,0.09235590476857272,0.005021871884854855,6.0309773756174185e-05,34.47564090978495,3.452993817402588e-14,1.3685035697501262e-13,21143.880077869435,-4.321355102773139e-10,-0.0,False,False,False,STEEL-062,web,0,0.0
COLD-17,0.2,BELOW_FIRST_NOMINAL_LIMIT,0.2,20.0,20.0,20.0,0.0,0.12314120635809618,0.00669582917980648,8.041303167489897e-05,61.29002828406219,2.5881323170460268e-14,1.3633510713700424e-13,28191.84010382591,-5.821470483617464e-10,-0.0,False,False,False,STEEL-062,web,0,0.0
COLD-17,0.25,BELOW_FIRST_NOMINAL_LIMIT,0.25,20.0,20.0,20.0,0.0,0.15392650794762136,0.008369786474758095,0.00010051628959362375,95.76566919384713,3.106726608058421e-14,1.363722051253409e-13,35239.80012978241,-7.176688356084778e-10,-0.0,False,False,False,STEEL-062,web,0,0.0
COLD-17,0.3,BELOW_FIRST_NOMINAL_LIMIT,0.3,20.0,20.0,20.0,0.0,0.1847118095371463,0.010043743769709713,0.00012061954751234848,137.90256363913974,3.077691779946378e-14,1.37056456910216e-13,42287.76015573882,-8.523382845706389e-10,-0.0,False,False,False,STEEL-062,web,0,0.0
COLD-17,0.35000000000000003,BELOW_FIRST_NOMINAL_LIMIT,0.35000000000000003,20.0,20.0,20.0,0.0,0.21549711112667042,0.011717701064661343,0.000140722805431073,187.70071161994062,2.859239263669497e-14,1.3582406342012246e-13,49335.720181695346,-1.031329324330473e-09,-0.0,False,False,False,STEEL-062,web,0,0.0
COLD-17,0.4,BELOW_FIRST_NOMINAL_LIMIT,0.4,20.0,20.0,20.0,0.0,0.24628241271619236,0.01339165835961296,0.00016082606334979794,245.16011313624875,2.5881323170460268e-14,1.3633510713700424e-13,56383.68020765182,-1.1642940967234927e-09,-0.0,False,False,False,STEEL-062,web,0,0.0
COLD-17,0.45,BELOW_FIRST_NOMINAL_LIMIT,0.45,20.0,20.0,20.0,0.0,0.2770677143057186,0.015065615654564586,0.00018092932126852266,310.28076818806505,3.45299381740284e-14,1.3575115732059478e-13,63431.640233608305,-1.2716887205793931e-09,-0.0,False,False,False,STEEL-062,web,0,0.0
COLD-17,0.5,BELOW_FIRST_NOMINAL_LIMIT,0.5,20.0,20.0,20.0,0.0,0.3078530158952427,0.01673957294951619,0.0002010325791872475,383.0626767753885,3.106726608058421e-14,1.363722051253409e-13,70479.60025956482,-1.4353376712169557e-09,-0.0,False,False,False,STEEL-062,web,0,0.0
COLD-17,0.55,BELOW_FIRST_NOMINAL_LIMIT,0.55,20.0,20.0,20.0,0.0,0.3386383174847668,0.018413530244467815,0.00022113583710597288,463.5058388982206,3.767488908441623e-14,1.357602416152594e-13,77527.56028552135,-1.5742688116019697e-09,-0.0,False,False,False,STEEL-062,web,0,0.0
COLD-17,0.6000000000000001,BELOW_FIRST_NOMINAL_LIMIT,0.6000000000000001,20.0,20.0,20.0,0.0,0.3694236190742909,0.02008748753941942,0.00024123909502469674,551.6102545565592,3.452993817402588e-14,1.3685035697501262e-13,84575.52031147774,-1.7285420411092555e-09,-0.0,False,False,False,STEEL-062,web,0,0.0
COLD-17,0.6500000000000001,BELOW_FIRST_NOMINAL_LIMIT,0.6500000000000001,20.0,20.0,20.0,0.0,0.4002089206638129,0.021761444834371077,0.00026134235294342136,647.3759237504075,4.783053649949726e-14,1.359235170297194e-13,91623.48033743427,-1.9671967607890344e-09,-0.0,False,False,False,STEEL-062,web,0,0.0
COLD-17,0.7000000000000001,BELOW_FIRST_NOMINAL_LIMIT,0.7000000000000001,20.0,20.0,20.0,0.0,0.43099422225334083,0.023435402129322686,0.000281445610862146,750.8028464797625,2.859239263669497e-14,1.3582406342012246e-13,98671.44036339069,-2.062658648660946e-09,-0.0,False,False,False,STEEL-062,web,0,0.0
COLD-17,0.7500000000000001,BELOW_FIRST_NOMINAL_LIMIT,0.7500000000000001,20.0,20.0,20.0,0.0,0.46177952384286447,0.02510935942427436,0.0003015488687808717,861.8910227446283,4.144883017688123e-14,1.3388251790808432e-13,105719.40038934721,-2.2416496884207804e-09,-0.0,False,False,False,STEEL-062,web,0,0.0
COLD-17,0.8,BELOW_FIRST_NOMINAL_LIMIT,0.8,20.0,20.0,20.0,0.0,0.4925648254323847,0.02678331671922592,0.00032165212669959587,980.640452544995,2.5881323170460268e-14,1.3633510713700424e-13,112767.36041530364,-2.3285881934469854e-09,-0.0,False,False,False,STEEL-062,web,0,0.0
COLD-17,0.8500000000000001,BELOW_FIRST_NOMINAL_LIMIT,0.8500000000000001,20.0,20.0,20.0,0.0,0.5233501270219119,0.028457274014177577,0.0003417553846183216,1107.0511358808765,2.6886630372595427e-14,1.3452834524829254e-13,119815.3204412603,-2.5041698800685372e-09,-0.0,False,False,False,STEEL-062,web,0,0.0
COLD-17,0.9000000000000001,BELOW_FIRST_NOMINAL_LIMIT,0.9000000000000001,20.0,20.0,20.0,0.0,0.5541354286114355,0.030131231309129185,0.00036185864253704555,1241.1230727522611,4.0293889236399725e-14,1.3556795737819174e-13,126863.28046721648,-2.5143979394833846e-09,-0.0,False,False,False,STEEL-062,web,0,0.0
COLD-17,0.9500000000000001,BELOW_FIRST_NOMINAL_LIMIT,0.9500000000000001,20.0,20.0,20.0,0.0,0.5849207302009617,0.03180518860408077,0.0003819619004557704,1382.856263159153,2.7241800131004632e-14,1.3614242367957733e-13,133911.24049317307,-2.5621288834193406e-09,-0.0,False,False,False,STEEL-062,web,0,0.0
COLD-17,1.0,BELOW_FIRST_NOMINAL_LIMIT,1.0,20.0,20.0,20.0,0.0,0.6157060317904854,0.03347914589903238,0.000402065158374495,1532.250707101554,3.106726608058421e-14,1.363722051253409e-13,140959.20051912963,-2.8706753424339113e-09,-0.0,False,False,False,STEEL-062,web,0,0.0
COLD-17,1.05,BELOW_FIRST_NOMINAL_LIMIT,1.05,20.0,20.0,20.0,0.0,0.64649133338001,0.035153103193984035,0.0004221684162932194,1689.306404579464,4.441560584096895e-14,1.3621102656376962e-13,148007.16054508585,-2.9337483754921386e-09,-0.0,False,False,False,STEEL-062,web,0,0.0
COLD-17,1.1,BELOW_FIRST_NOMINAL_LIMIT,1.1,20.0,20.0,20.0,0.0,0.6772766349695336,0.03682706048893563,0.00044227167421194576,1854.0233555928824,3.767488908441623e-14,1.357602416152594e-13,155055.1205710427,-3.1485376232039395e-09,-0.0,False,False,False,STEEL-062,web,0,0.0
COLD-17,1.1500000000000001,BELOW_FIRST_NOMINAL_LIMIT,1.1500000000000001,20.0,20.0,20.0,0.0,0.7080619365590589,0.0385010177838873,0.00046237493213066995,2026.4015601418091,3.1525932205848286e-14,1.3554440804722122e-13,162103.08059699897,-3.327528662963774e-09,-0.0,False,False,False,STEEL-062,web,0,0.0
COLD-17,1.2000000000000002,BELOW_FIRST_NOMINAL_LIMIT,1.2000000000000002,20.0,20.0,20.0,0.0,0.7388472381485818,0.04017497507883884,0.0004824781900493935,2206.441018226237,3.452993817402588e-14,1.3685035697501262e-13,169151.04062295548,-3.457084082218511e-09,-0.0,False,False,False,STEEL-062,web,0,0.0
COLD-17,1.25,PARAMETER_END_BELOW_CHECKED_LIMITS_NOT_PROOF_OF_SAFETY,1.25,20.0,20.0,20.0,0.0,0.7696325397381055,0.04184893237379052,0.0005025814479681194,2394.1417298461824,2.5581619222498056e-14,1.3542843230205768e-13,176199.00064891187,-3.3991250788677076e-09,-0.0,False,False,False,STEEL-062,web,0,0.0
COLD-18,0.0,BELOW_FIRST_NOMINAL_LIMIT,0.0,20.0,20.0,20.0,0.0,0.0,-0.0,0.0,0.0,0.0,0.0,0.0,-0.0,-0.0,False,False,False,BOND-000,bond,0,0.0
COLD-18,0.05,BELOW_FIRST_NOMINAL_LIMIT,0.05,20.0,20.0,20.0,0.0,0.030785301589524798,0.0016122317989472916,1.499286412553846e-05,3.6745566021428098,2.5357083218423938e-14,9.172908374294973e-14,7047.960025956654,-3225.777094195263,3225.7770941954045,False,False,False,STEEL-033,web,0,0.0
COLD-18,0.1,BELOW_FIRST_NOMINAL_LIMIT,0.1,20.0,20.0,20.0,0.0,0.061570603179049596,0.003224463597894583,2.998572825107692e-05,14.698226408571239,2.5357083218423938e-14,9.172908374294973e-14,14095.920051913308,-6451.554188390526,6451.554188390809,False,False,False,STEEL-033,web,0,0.0
COLD-18,0.15000000000000002,BELOW_FIRST_NOMINAL_LIMIT,0.15000000000000002,20.0,20.0,20.0,0.0,0.0923559047685746,0.004836695396841866,4.4978592376615305e-05,33.07100941928524,2.1690091964193243e-14,9.260192672981726e-14,21143.880077869966,-9677.331282585805,9677.331282586212,False,False,False,STEEL-033,web,0,0.0
COLD-18,0.2,BELOW_FIRST_NOMINAL_LIMIT,0.2,20.0,20.0,20.0,0.0,0.12314120635809919,0.006448927195789166,5.997145650215384e-05,58.792905634284956,2.5357083218423938e-14,9.172908374294973e-14,28191.840103826617,-12903.108376781052,12903.108376781618,False,False,False,STEEL-033,web,0,0.0
COLD-18,0.25,BELOW_FIRST_NOMINAL_LIMIT,0.25,20.0,20.0,20.0,0.0,0.1539265079476241,0.008061158994736433,7.496432062769195e-05,91.86391505356985,1.6904722145616855e-14,9.405433745996487e-14,35239.80012978322,-16128.885470976313,16128.885470976997,False,False,False,STEEL-033,web,0,0.0
COLD-18,0.3,BELOW_FIRST_NOMINAL_LIMIT,0.3,20.0,20.0,20.0,0.0,0.1847118095371492,0.009673390793683725,8.99571847532305e-05,132.2840376771407,3.020697487724694e-14,9.367619502134655e-14,42287.76015573989,-19354.662565171595,19354.66256517241,False,False,False,STEEL-033,web,0,0.0
COLD-18,0.35000000000000003,BELOW_FIRST_NOMINAL_LIMIT,0.35000000000000003,20.0,20.0,20.0,0.0,0.21549711112667347,0.011285622592631026,0.00010495004887876893,180.0532735049974,2.2306121915154926e-14,9.234322538614291e-14,49335.72018169658,-22580.439659366843,22580.439659367843,False,False,False,STEEL-033,web,0,0.0
COLD-18,0.4,BELOW_FIRST_NOMINAL_LIMIT,0.4,20.0,20.0,20.0,0.0,0.24628241271619838,0.012897854391578333,0.00011994291300430768,235.17162253713983,2.5357083218423938e-14,9.172908374294973e-14,56383.68020765323,-25806.216753562105,25806.216753563236,False,False,False,STEEL-033,web,0,0.0
COLD-18,0.45,BELOW_FIRST_NOMINAL_LIMIT,0.45,20.0,20.0,20.0,0.0,0.27706771430572413,0.014510086190525613,0.000134935777129846,297.6390847735675,2.2941098755713345e-14,9.186187524009711e-14,63431.64023360987,-29031.993847757385,29031.993847758626,False,False,False,STEEL-033,web,0,0.0
COLD-18,0.5,BELOW_FIRST_NOMINAL_LIMIT,0.5,20.0,20.0,20.0,0.0,0.3078530158952482,0.016122317989472865,0.0001499286412553839,367.4556602142794,1.6904722145616855e-14,9.405433745996487e-14,70479.60025956645,-32257.770941952625,32257.770941953993,False,False,False,STEEL-033,web,0,0.0
COLD-18,0.55,BELOW_FIRST_NOMINAL_LIMIT,0.55,20.0,20.0,20.0,0.0,0.33863831748477224,0.017734549788420182,0.0001649215053809231,444.62134885927935,2.8242969164172664e-14,9.256108677823846e-14,77527.56028552323,-35483.54803614795,35483.54803614946,False,False,False,STEEL-033,web,0,0.0
COLD-18,0.6000000000000001,BELOW_FIRST_NOMINAL_LIMIT,0.6000000000000001,20.0,20.0,20.0,0.0,0.3694236190742984,0.019346781587367464,0.00017991436950646122,529.1361507085638,2.1690091964193243e-14,9.260192672981726e-14,84575.52031147986,-38709.32513034322,38709.32513034485,False,False,False,STEEL-033,web,0,0.0
COLD-18,0.6500000000000001,BELOW_FIRST_NOMINAL_LIMIT,0.6500000000000001,20.0,20.0,20.0,0.0,0.4002089206638233,0.020959013386314788,0.0001949072336319995,621.0000657621353,2.4419034925554245e-14,9.153528637881954e-14,91623.48033743654,-41935.10222453844,41935.102224540286,False,False,False,STEEL-033,web,0,0.0
COLD-18,0.7000000000000001,BELOW_FIRST_NOMINAL_LIMIT,0.7000000000000001,20.0,20.0,20.0,0.0,0.43099422225334694,0.022571245185262052,0.00020990009775753786,720.2130940199896,2.2306121915154926e-14,9.234322538614291e-14,98671.44036339317,-45160.879318733685,45160.879318735686,False,False,False,STEEL-033,web,0,0.0
COLD-18,0.7500000000000001,BELOW_FIRST_NOMINAL_LIMIT,0.7500000000000001,20.0,20.0,20.0,0.0,0.4617795238428723,0.024183476984209338,0.00022489296188307663,826.7752354821321,2.470756335990406e-14,9.144171697496571e-14,105719.4003893499,-48386.656412929005,48386.65641293106,False,False,False,STEEL-033,web,0,0.0
COLD-18,0.8,BELOW_FIRST_NOMINAL_LIMIT,0.8,20.0,20.0,20.0,0.0,0.49256482543239677,0.025795708783156665,0.00023988582600861536,940.6864901485593,2.5357083218423938e-14,9.172908374294973e-14,112767.36041530647,-51612.43350712421,51612.43350712647,False,False,False,STEEL-033,web,0,0.0
COLD-18,0.8500000000000001,BELOW_FIRST_NOMINAL_LIMIT,0.8500000000000001,20.0,20.0,20.0,0.0,0.5233501270219221,0.02740794058210394,0.00025487869013415365,1061.9468580192724,3.0594738485816774e-14,9.14250639578513e-14,119815.3204412632,-54838.21060131962,54838.21060132178,False,False,False,STEEL-033,web,0,0.0
COLD-18,0.9000000000000001,BELOW_FIRST_NOMINAL_LIMIT,0.9000000000000001,20.0,20.0,20.0,0.0,0.5541354286114483,0.029020172381051233,0.0002698715542596919,1190.5563390942705,2.2994866955922286e-14,9.205285626970224e-14,126863.28046721987,-58063.98769551479,58063.987695517295,False,False,False,STEEL-033,web,0,0.0
COLD-18,0.9500000000000001,BELOW_FIRST_NOMINAL_LIMIT,0.9500000000000001,20.0,20.0,20.0,0.0,0.5849207302009728,0.0306324041799985,0.0002848644183852303,1326.5149333735521,2.347236630584633e-14,9.255967019314217e-14,133911.24049317648,-61289.76478971006,61289.76478971265,False,False,False,STEEL-033,web,0,0.0
COLD-18,1.0,BELOW_FIRST_NOMINAL_LIMIT,1.0,20.0,20.0,20.0,0.0,0.6157060317904964,0.03224463597894573,0.0002998572825107678,1469.8226408571177,1.6904722145616855e-14,9.405433745996487e-14,140959.2005191329,-64515.54188390525,64515.54188390799,False,False,False,STEEL-033,web,0,0.0
COLD-18,1.05,BELOW_FIRST_NOMINAL_LIMIT,1.05,20.0,20.0,20.0,0.0,0.6464913333800208,0.03385686777789311,0.0003148501466363081,1620.4794615449805,2.470264741016942e-14,9.120318556656079e-14,148007.1605450899,-67741.31897810058,67741.31897810349,False,False,False,STEEL-033,web,0,0.0
COLD-18,1.1,BELOW_FIRST_NOMINAL_LIMIT,1.1,20.0,20.0,20.0,0.0,0.6772766349695445,0.035469099576840364,0.0003298430107618462,1778.4853954371174,2.8242969164172664e-14,9.256108677823846e-14,155055.12057104646,-70967.0960722959,70967.09607229893,False,False,False,STEEL-033,web,0,0.0
COLD-18,1.1500000000000001,BELOW_FIRST_NOMINAL_LIMIT,1.1500000000000001,20.0,20.0,20.0,0.0,0.708061936559069,0.03708133137578768,0.0003448358748873842,1943.8404425335457,1.6138875954818965e-14,9.193949512925612e-14,162103.08059700314,-74192.87316649112,74192.87316649428,False,False,False,STEEL-033,web,0,0.0
COLD-18,1.2000000000000002,BELOW_FIRST_NOMINAL_LIMIT,1.2000000000000002,20.0,20.0,20.0,0.0,0.7388472381485968,0.03869356317473493,0.00035982873901292244,2116.5446028342553,2.1690091964193243e-14,9.260192672981726e-14,169151.04062295973,-77418.65026068644,77418.6502606897,False,False,False,STEEL-033,web,0,0.0
COLD-18,1.25,PARAMETER_END_BELOW_CHECKED_LIMITS_NOT_PROOF_OF_SAFETY,1.25,20.0,20.0,20.0,0.0,0.7696325397381213,0.04030579497368221,0.00037482160313846073,2296.597876339251,3.770140169513971e-14,9.286628267099682e-14,176199.0006489164,-80644.42735488158,80644.42735488512,False,False,False,STEEL-033,web,0,0.0
UNIFORM_ROLLER,0.0,BELOW_FIRST_NOMINAL_LIMIT,0.5,20.0,20.0,20.0,0.0,0.30785301589526826,0.023723087598082743,0.0012204142183031954,540.3787619402798,5.209493381818922e-14,1.1150331625933669e-14,70479.60025956991,1.901282147899293e-08,-0.0,False,False,False,STEEL-062,web,0,0.0
UNIFORM_ROLLER,0.025,BELOW_FIRST_NOMINAL_LIMIT,0.5,34.5,34.5,34.5,0.0,0.3088424247359658,0.024703408099003555,0.001091857811412835,543.5040477609228,5.5508139167436285e-14,3.0769474298756277e-13,70479.60025958711,1.5495855054851588e-09,-0.0,False,False,False,STEEL-033,web,0,0.0
UNIFORM_ROLLER,0.05,BELOW_FIRST_NOMINAL_LIMIT,0.5,49.0,49.0,49.0,0.0,0.30986496488818155,0.025803669801031617,0.00099073985009818,549.6554179049035,9.972495629102771e-14,2.7095113149795143e-14,70479.60025957333,1.613972734074361e-08,-0.0,False,False,False,STEEL-062,web,0,0.0
UNIFORM_ROLLER,0.07500000000000001,BELOW_FIRST_NOMINAL_LIMIT,0.5,63.50000000000001,63.50000000000001,63.50000000000001,0.0,0.31092307827953347,0.02690700385518978,0.0008922891647759748,558.8088740694722,1.0475765983052777e-13,1.5421126433699326e-13,70479.6002595796,1.3461506355635767e-08,-0.0,False,False,False,STEEL-033,web,0,0.0
UNIFORM_ROLLER,0.1,BELOW_FIRST_NOMINAL_LIMIT,0.5,78.0,78.0,78.0,0.0,0.3235949024456334,0.028013586694676896,0.0008002572483766851,570.9387631941154,1.0080892320718621e-13,1.5790425895918695e-13,70479.60025957134,-4.000421072089175e-08,-0.0,False,False,False,STEEL-008,top_chord,0,0.0
UNIFORM_ROLLER,0.125,BELOW_FIRST_NOMINAL_LIMIT,0.5,92.5,92.5,92.5,0.0,0.3445909569309533,0.029123602724340378,0.0007258941666508005,586.0176162174114,2.168708094494428e-13,3.150543931623889e-13,70479.60025957806,6.822196331994201e-08,-0.0,False,False,False,STEEL-008,top_chord,0,0.0
UNIFORM_ROLLER,0.15,BELOW_FIRST_NOMINAL_LIMIT,0.5,107.0,107.0,107.0,0.0,0.3656219850862812,0.03023724411477387,0.0006521192843654891,604.0159788339942,2.599972074726668e-13,9.004361651327915e-13,70479.60025957359,-9.799148554004466e-08,-0.0,False,False,False,STEEL-009,top_chord,0,0.0
UNIFORM_ROLLER,0.17500000000000002,BELOW_FIRST_NOMINAL_LIMIT,0.5,121.50000000000001,121.50000000000001,121.50000000000001,0.0,0.38668951472266766,0.031354710547684746,0.0005789631839239993,624.9022331744771,2.985554592062293e-13,9.203707100100438e-13,70479.60025955983,-1.1013194214381637e-07,-0.0,False,False,False,STEEL-009,top_chord,0,0.0
UNIFORM_ROLLER,0.2,BELOW_FIRST_NOMINAL_LIMIT,0.5,136.0,136.0,136.0,0.0,0.407795109907813,0.032476208901375925,0.00052436859136063,648.6424091211533,2.1516743286690006e-13,3.393205790031286e-13,70479.6002595748,3.476537573862452e-08,-0.0,False,False,False,STEEL-008,top_chord,0,0.0
UNIFORM_ROLLER,0.225,BELOW_FIRST_NOMINAL_LIMIT,0.5,150.5,150.5,150.5,0.0,0.42894035262601227,0.033601952863331244,0.00047047223589263484,675.1999837810251,4.811522671142698e-13,1.064298753702858e-12,70479.60025957096,-8.749034982790188e-08,-0.0,False,False,False,STEEL-008,top_chord,0,0.0
UNIFORM_ROLLER,0.25,BELOW_FIRST_NOMINAL_LIMIT,0.5,165.0,165.0,165.0,0.0,0.44983767733952745,0.03471176277418485,0.0004150200175600943,703.5119109544903,2.625522723465441e-13,2.1670429030525575e-13,70479.60025956004,-4.732506711496913e-08,-0.0,False,False,False,STEEL-008,top_chord,2,0.0
UNIFORM_ROLLER,0.275,BELOW_FIRST_NOMINAL_LIMIT,0.5,179.5,179.5,179.5,0.0,0.47010154796032066,0.035778366280394686,0.0003588502731145197,731.9367768334043,5.071158556309319e-13,8.114089345621411e-13,70479.60025956265,5.106446798291262e-08,-0.0,False,False,False,STEEL-008,top_chord,2,0.0
UNIFORM_ROLLER,0.30000000000000004,BELOW_FIRST_NOMINAL_LIMIT,0.5,194.00000000000003,194.00000000000003,194.00000000000003,0.0,0.4904204849673887,0.03685035060409149,0.0003156319118818359,762.7425110262543,3.4630162099112846e-13,1.5607034622726154e-12,70479.60025955955,7.490539183439632e-08,-0.0,False,False,False,STEEL-008,top_chord,2,0.0
UNIFORM_ROLLER,0.32500000000000007,BELOW_FIRST_NOMINAL_LIMIT,0.5,208.50000000000003,208.50000000000003,208.50000000000003,0.0,0.5088746965015151,0.037796499793374586,0.00026224671486673595,789.2309665692331,4.906498819986338e-13,5.558797428775079e-13,70479.60025956985,2.5532778202623542e-08,-0.0,False,False,False,STEEL-008,top_chord,4,0.0
UNIFORM_ROLLER,0.35000000000000003,BELOW_FIRST_NOMINAL_LIMIT,0.5,223.00000000000003,223.00000000000003,223.00000000000003,0.0,0.527258004431742,0.03873905423271894,0.00020868464503156353,817.0142907195439,9.68376039393198e-13,3.699836542048554e-12,70479.60025958448,-2.703847658844706e-07,-0.0,False,False,False,STEEL-009,top_chord,4,0.0
UNIFORM_ROLLER,0.37500000000000006,BELOW_FIRST_NOMINAL_LIMIT,0.5,237.50000000000003,237.50000000000003,237.50000000000003,0.0,0.5433926536598774,0.03954365927284058,0.00016021873535500795,839.4763092828399,4.145915367118253e-13,1.4169612291927226e-12,70479.60025957224,7.456541497250764e-08,-0.0,False,False,False,STEEL-008,top_chord,6,0.0
UNIFORM_ROLLER,0.4,BELOW_FIRST_NOMINAL_LIMIT,0.5,252.0,252.0,252.0,0.0,0.5585115745575444,0.04029499584312898,0.00011049961195711694,860.3981656888465,6.164416617500303e-13,2.389886352471015e-12,70479.60025957049,-1.5687167640393002e-07,-0.0,False,False,False,STEEL-009,top_chord,8,0.0
UNIFORM_ROLLER,0.42500000000000004,BELOW_FIRST_NOMINAL_LIMIT,0.5,266.5,266.5,266.5,0.0,0.5715599098249335,0.04094081325553512,6.342799158093673e-05,877.112312648557,8.60495522494933e-13,3.794347017445284e-12,70479.60025956028,-2.447737787547364e-07,-0.0,False,False,False,STEEL-009,top_chord,10,0.0
UNIFORM_ROLLER,0.45000000000000007,BELOW_FIRST_NOMINAL_LIMIT,0.5,281.00000000000006,281.00000000000006,281.00000000000006,0.0,0.5813783903105163,0.04145439196808871,1.897373926242757e-05,888.3899177612935,4.894901019207375e-13,8.685291809257806e-13,70479.60025955619,3.539012244346293e-08,-0.0,False,False,False,STEEL-008,top_chord,12,0.0
UNIFORM_ROLLER,0.47500000000000003,BELOW_FIRST_NOMINAL_LIMIT,0.5,295.5,295.5,295.5,0.0,0.5869992941444288,0.04185661031645183,2.7755575615628914e-17,895.1328748567329,3.179120112811381e-13,2.100671697725867e-13,70479.60025957401,-1.5742729870364146e-08,-0.0,False,False,False,STEEL-009,top_chord,16,0.0
UNIFORM_ROLLER,0.5,BELOW_FIRST_NOMINAL_LIMIT,0.5,310.0,310.0,310.0,0.0,0.5907534313809683,0.042234643472496024,2.7755575615628914e-17,900.7782498688158,2.9130320436227273e-13,3.5098882077787556e-13,70479.60025955849,-3.974585906008957e-08,-0.0,False,False,False,STEEL-009,top_chord,16,0.0
UNIFORM_ROLLER,0.525,BELOW_FIRST_NOMINAL_LIMIT,0.5,324.5,324.5,324.5,0.0,0.5946853567802017,0.04262450970577715,2.0816681711721685e-17,906.6909781476089,2.9489061867996437e-13,7.449213890751439e-13,70479.60025959264,4.2526148190595893e-08,-0.0,False,False,False,STEEL-009,top_chord,16,0.0
UNIFORM_ROLLER,0.55,BELOW_FIRST_NOMINAL_LIMIT,0.5,339.0,339.0,339.0,0.0,0.5988051393969834,0.043026879184117225,2.7755575615628914e-17,912.8862012776175,1.8535834267109476e-13,6.986447584876025e-13,70479.60025959669,-6.170179213494449e-09,-0.0,False,False,False,STEEL-009,top_chord,16,0.0
UNIFORM_ROLLER,0.5750000000000001,BELOW_FIRST_NOMINAL_LIMIT,0.5,353.50000000000006,353.50000000000006,353.50000000000006,0.0,0.6031234870553196,0.04344246458999214,3.469446951953614e-17,919.3800214093142,6.134736570989476e-13,2.270076484470672e-12,70479.60025958068,-8.230783464417669e-08,-0.0,False,False,False,STEEL-009,top_chord,16,0.0
UNIFORM_ROLLER,0.6000000000000001,BELOW_FIRST_NOMINAL_LIMIT,0.5,368.00000000000006,368.00000000000006,368.00000000000006,0.0,0.6076518065059066,0.043872025124460944,4.85722573273506e-17,926.1895917215314,3.14195553282698e-13,1.1813155060392774e-12,70479.60025957161,-4.146896014044693e-08,-0.0,False,False,False,STEEL-008,top_chord,16,0.0
UNIFORM_ROLLER,0.6250000000000001,BELOW_FIRST_NOMINAL_LIMIT,0.5,382.50000000000006,382.50000000000006,382.50000000000006,0.0,0.6124022701543502,0.04431637094840867,4.163336342344337e-17,933.3332167646247,2.0781194307813884e-13,4.852804479120146e-13,70479.60025957908,2.973575607244673e-08,-0.0,False,False,False,STEEL-009,top_chord,16,0.0
UNIFORM_ROLLER,0.65,BELOW_FIRST_NOMINAL_LIMIT,0.5,397.0,397.0,397.0,0.0,0.6173878902134308,0.04477636811792005,2.7755575615628914e-17,940.8304639692792,3.3610717023180117e-13,2.2033361784074494e-12,70479.60025958245,8.812422568299575e-08,-0.0,False,False,False,STEEL-008,top_chord,16,0.0
UNIFORM_ROLLER,0.675,BELOW_FIRST_NOMINAL_LIMIT,0.5,411.5,411.5,411.5,0.0,0.6226226012622695,0.04525294407917602,2.7755575615628914e-17,948.7022877971405,2.3707904981556356e-13,2.487635051184432e-12,70479.60025958379,-7.419645502588045e-08,-0.0,False,False,False,STEEL-009,top_chord,16,0.0
UNIFORM_ROLLER,0.7000000000000001,BELOW_FIRST_NOMINAL_LIMIT,0.5,426.00000000000006,426.00000000000006,426.00000000000006,0.0,0.6281213523481345,0.04574709379845456,5.551115123125783e-17,956.9711682408382,2.9665851710263747e-13,2.124237816937344e-12,70479.60025956767,6.003363219804801e-08,-0.0,False,False,False,STEEL-009,top_chord,16,0.0
UNIFORM_ROLLER,0.7250000000000001,BELOW_FIRST_NOMINAL_LIMIT,0.5,440.50000000000006,440.50000000000006,440.50000000000006,0.0,0.6339002099434113,0.04625988661474347,4.163336342344337e-17,965.661265648383,4.112105922829507e-13,1.3417633445650129e-12,70479.60025955073,-6.211349026017907e-08,-0.0,False,False,False,STEEL-008,top_chord,16,0.0
UNIFORM_ROLLER,0.7500000000000001,BELOW_FIRST_NOMINAL_LIMIT,0.5,455.00000000000006,455.00000000000006,455.00000000000006,0.0,0.6399764732947266,0.04679247391695355,2.0816681711721685e-17,974.7985941827748,3.809369448372599e-13,4.3796552871919266e-12,70479.60025958001,-1.1239896672794219e-07,-0.0,False,False,False,STEEL-009,top_chord,16,0.0
UNIFORM_ROLLER,0.775,BELOW_FIRST_NOMINAL_LIMIT,0.5,469.5,469.5,469.5,0.0,0.6463688039328717,0.04734609776377347,3.469446951953614e-17,984.4112165731333,2.606242034958408e-13,3.4960267554418433e-12,70479.6002595909,1.313743807091764e-07,-0.0,False,False,False,STEEL-009,top_chord,16,0.0
UNIFORM_ROLLER,0.8,BELOW_FIRST_NOMINAL_LIMIT,0.5,484.0,484.0,484.0,0.0,0.6530973714317384,0.047922100585034086,4.163336342344337e-17,994.5294633053308,6.362627710752796e-13,2.7380054966477647e-12,70479.60025958362,-4.926641478379363e-08,-0.0,False,False,False,STEEL-008,top_chord,16,0.0
UNIFORM_ROLLER,0.8250000000000001,BELOW_FIRST_NOMINAL_LIMIT,0.5,498.50000000000006,498.50000000000006,498.50000000000006,0.0,0.6607846777684869,0.04852193612671713,5.551115123125783e-17,1005.1861799146058,3.923702149299236e-13,1.2575620058107415e-12,70479.60025958653,-2.22126730580616e-08,-0.0,False,False,False,STEEL-009,top_chord,16,0.0
UNIFORM_ROLLER,0.8500000000000001,BELOW_FIRST_NOMINAL_LIMIT,0.5,513.0,513.0,513.0,0.0,0.6790145826425819,0.04914718182973548,3.469446951953614e-17,1016.4170066633149,3.2973241241481093e-13,2.431519887036737e-12,70479.60025959152,6.927722472656751e-08,-0.0,False,False,False,STEEL-009,top_chord,16,0.0
UNIFORM_ROLLER,0.8750000000000001,BELOW_FIRST_NOMINAL_LIMIT,0.5,527.5,527.5,527.5,0.0,0.7000818715036734,0.049799552867956925,4.163336342344337e-17,1028.2606957133194,5.451837413781338e-13,8.557519777169773e-14,70479.60025959091,8.686837217280478e-09,-0.0,False,False,False,STEEL-009,top_chord,16,0.0
UNIFORM_ROLLER,0.9,BELOW_FIRST_NOMINAL_LIMIT,0.5,542.0,542.0,542.0,0.0,0.7246601237031823,0.05048091811136928,6.938893903907228e-17,1040.7594717960187,4.0426804227157933e-13,3.2543141438411085e-12,70479.60025959989,-4.050797753200819e-08,-0.0,False,False,False,STEEL-008,top_chord,16,0.0
UNIFORM_ROLLER,0.925,BELOW_FIRST_NOMINAL_LIMIT,0.5,556.5,556.5,556.5,0.0,0.753590566588153,0.051193318330020283,4.163336342344337e-17,1053.9594435028694,5.32279373328374e-13,3.6312153457507927e-12,70479.60025957655,7.684940287839317e-08,-0.0,False,False,False,STEEL-008,top_chord,16,0.0
UNIFORM_ROLLER,0.9500000000000001,BELOW_FIRST_NOMINAL_LIMIT,0.5,571.0,571.0,571.0,0.0,0.7879293928527298,0.051938987016240015,5.551115123125783e-17,1067.911073741519,6.419665017529787e-13,7.211411677079662e-13,70479.60025958379,1.9554693406306326e-08,-0.0,False,False,False,STEEL-009,top_chord,16,0.0
UNIFORM_ROLLER,0.9750000000000001,BELOW_FIRST_NOMINAL_LIMIT,0.5,585.5,585.5,585.5,0.0,0.8290102666964628,0.052720374275230915,2.7755575615628914e-17,1082.6697195082331,4.461814296984894e-13,3.1262392137330058e-12,70479.60025957752,-7.909172077377964e-08,-0.0,False,False,False,STEEL-008,top_chord,16,0.0
UNIFORM_ROLLER,1.0,PARAMETER_END_BELOW_CHECKED_LIMITS_NOT_PROOF_OF_SAFETY,0.5,600.0,600.0,600.0,0.0,0.8785267514964125,0.05354017432697763,4.163336342344337e-17,1098.2962532635997,3.228930973481168e-13,7.047096709183211e-13,70479.6002595896,2.11715732854188e-08,-0.0,False,False,False,STEEL-008,top_chord,16,0.0
UNIFORM_RESTRAINED,0.0,BELOW_FIRST_NOMINAL_LIMIT,0.5,20.0,20.0,20.0,0.0,0.3341181435537976,0.01996410431706501,0.0006995813037046116,448.7454784152681,4.13714039685854e-14,5.535559740879286e-14,70479.60025956936,-65394.188121091254,65394.18812109538,False,False,False,SEAT-H-interior,seat_h,0,0.0
UNIFORM_RESTRAINED,0.025,BELOW_FIRST_NOMINAL_LIMIT,0.5,34.5,34.5,34.5,0.0,0.30884242473593426,0.024838043165503417,0.0011160734121337594,550.1850559629193,3.768075470624562e-14,1.2315375444630358e-13,70479.60025957949,2335.3214938751607,-2335.32149387628,True,False,False,STEEL-033,web,0,0.0
UNIFORM_RESTRAINED,0.05,BELOW_FIRST_NOMINAL_LIMIT,0.5,49.0,49.0,49.0,0.0,0.3444653877099546,0.029842216116754593,0.0016888427035742638,851.3910643202288,4.872044157309316e-14,2.2967278971538716e-14,70479.60025957439,69837.49346389061,-69837.49346389069,True,False,False,STEEL-009,top_chord,0,0.0
UNIFORM_RESTRAINED,0.07500000000000001,BELOW_FIRST_NOMINAL_LIMIT,0.5,63.50000000000001,63.50000000000001,63.50000000000001,0.0,0.42625436063104694,0.03486033714362454,0.002261341749131133,1351.295939662177,7.232253073668094e-14,1.2316882300856696e-13,70479.60025958292,137100.9064286414,-137100.9064286298,True,False,False,STEEL-008,top_chord,0,0.0
UNIFORM_RESTRAINED,0.1,BELOW_FIRST_NOMINAL_LIMIT,0.5,78.0,78.0,78.0,0.0,0.5116420650816179,0.03989321454251945,0.0028335303553850165,2048.7595809858417,7.278063580243835e-14,1.1542038639163917e-14,70479.6002595672,204113.15496175553,-204113.15496175154,True,False,False,STEEL-001,top_chord,0,0.0
UNIFORM_RESTRAINED,0.125,BELOW_FIRST_NOMINAL_LIMIT,0.5,92.5,92.5,92.5,0.0,0.6692966038337346,0.04494171807612905,0.0034053648262617267,2942.5617905522754,1.0648684514921116e-13,2.766289430863482e-14,70479.60025957144,270860.8037601463,-270860.8037601428,True,False,False,STEEL-001,top_chord,0,0.0
UNIFORM_RESTRAINED,0.15,BELOW_FIRST_NOMINAL_LIMIT,0.5,107.0,107.0,107.0,0.0,0.8274917637592806,0.05000678380203803,0.003976797033173322,4031.3943262899265,1.9449463525068633e-13,6.880891859964176e-15,70479.60025957198,337329.3365786415,-337329.3365786405,True,False,False,STEEL-001,top_chord,0,0.0
UNIFORM_RESTRAINED,0.17500000000000002,BELOW_FIRST_NOMINAL_LIMIT,0.5,121.50000000000001,121.50000000000001,121.50000000000001,0.0,0.986253902975844,0.05508941952360082,0.004547773360609795,5313.852514108186,1.245013429470977e-13,5.853515640121708e-14,70479.60025955443,403503.0991746217,-403503.0991746446,True,False,False,STEEL-016,top_chord,0,0.0
UNIFORM_RESTRAINED,0.17716026306152347,FIRST_NOMINAL_LIMIT_NO_POST_MEMBER_CONTINUATION,0.5,122.75295257568361,122.75295257568361,122.75295257568361,0.0,1.0000001394357736,0.0555294722744801,0.004597088412381844,5433.710457929941,1.622853325976027e-13,1.6085222338781316e-13,70479.60025954145,409206.83147720987,-409206.8314772124,True,False,False,STEEL-001,top_chord,0,0.0
STEEL_HOT_SLAB_COOL,0.0,BELOW_FIRST_NOMINAL_LIMIT,0.5,20.0,20.0,20.0,0.0,0.3341181435537976,0.01996410431706501,0.0006995813037046116,448.7454784152681,4.13714039685854e-14,5.535559740879286e-14,70479.60025956936,-65394.188121091254,65394.18812109538,False,False,False,SEAT-H-interior,seat_h,0,0.0
STEEL_HOT_SLAB_COOL,0.025,BELOW_FIRST_NOMINAL_LIMIT,0.5,34.5,24.5,29.5,0.0,0.3150114478995337,0.026815492884730098,0.0006581795207382596,529.9611444210034,4.7797779257519166e-14,1.5145055118927685e-13,70479.60025958001,-16923.813909313616,16923.813909312998,False,False,False,STEEL-008,top_chord,0,0.0
STEEL_HOT_SLAB_COOL,0.05,BELOW_FIRST_NOMINAL_LIMIT,0.5,49.0,29.0,39.0,0.0,0.44865291347228836,0.03379484627112997,0.0006178653459163255,770.6164669088103,4.872044157309768e-14,4.293039559574462e-14,70479.60025957489,31367.163647256646,-31367.1636472518,True,False,False,STEEL-009,top_chord,0,0.0
STEEL_HOT_SLAB_COOL,0.07500000000000001,BELOW_FIRST_NOMINAL_LIMIT,0.5,63.50000000000001,33.5,48.5,0.0,0.5824600645458989,0.040785662299896386,0.0005786835947775497,1169.5475883671356,8.260085988857224e-14,2.0490987823057002e-13,70479.60025958484,79470.58130007719,-79470.58130007047,True,False,False,STEEL-008,top_chord,0,0.0
STEEL_HOT_SLAB_COOL,0.1,BELOW_FIRST_NOMINAL_LIMIT,0.5,78.0,38.0,58.0,0.0,0.7164406834697453,0.047788515659387354,0.0005497048126642393,1725.5190044661215,5.575332216037449e-14,6.83892424537746e-14,70479.60025956586,127377.56245268823,-127377.56245268523,True,False,False,STEEL-008,top_chord,0,0.0
STEEL_HOT_SLAB_COOL,0.125,BELOW_FIRST_NOMINAL_LIMIT,0.5,92.5,42.5,67.5,0.0,0.8506031331678381,0.05480402130210128,0.0005222046897511099,2437.2162733213545,9.42535042377551e-14,6.71705043623519e-15,70479.60025957099,175078.50761703445,-175078.50761703108,True,False,False,STEEL-008,top_chord,0,0.0
STEEL_HOT_SLAB_COOL,0.15,BELOW_FIRST_NOMINAL_LIMIT,0.5,107.0,47.0,77.0,0.0,0.9849563582074558,0.06183283502779308,0.0004957101233703331,3303.2386206974447,6.557999843049213e-14,5.1625170374887883e-14,70479.60025957157,222563.0841755812,-222563.08417558536,True,False,False,STEEL-008,top_chord,0,0.0
STEEL_HOT_SLAB_COOL,0.15279703140258788,FIRST_NOMINAL_LIMIT_NO_POST_MEMBER_CONTINUATION,0.5,108.62227821350098,47.50346565246582,78.0628719329834,0.0,1.0000002433718926,0.0626200854137908,0.00049281040036665,3409.6647213375654,7.703907725894956e-14,1.9778786962375354e-13,70479.60025959418,227861.78256226354,-227861.7825622639,True,False,False,STEEL-009,top_chord,0,0.0
SUPPORT_OPENING_COLD,0.0,BELOW_FIRST_NOMINAL_LIMIT,0.5,20.0,20.0,20.0,0.0,0.3341181435537976,0.01996410431706501,0.0006995813037046116,448.7454784152681,4.13714039685854e-14,5.535559740879286e-14,70479.60025956936,-65394.188121091254,65394.18812109538,False,False,False,SEAT-H-interior,seat_h,0,0.0
SUPPORT_OPENING_COLD,0.025,BELOW_FIRST_NOMINAL_LIMIT,0.5,20.0,20.0,20.0,0.0012500000000000002,0.4831454940270613,0.018287477861270437,0.0005326928124082797,466.9754121603755,3.6196752380495065e-14,4.722999529238154e-14,70479.60025956965,-94562.0821132635,94562.08211326302,False,False,False,SEAT-H-interior,seat_h,0,0.0
SUPPORT_OPENING_COLD,0.05,BELOW_FIRST_NOMINAL_LIMIT,0.5,20.0,20.0,20.0,0.0025000000000000005,0.6305572487639916,0.0165966548857087,0.000394524278828537,520.9147042114649,4.1371403968574196e-14,3.404616253138427e-14,70479.60025956959,-123413.76887889596,123413.76887889189,False,False,False,SEAT-H-interior,seat_h,2,0.0
SUPPORT_OPENING_COLD,0.07500000000000001,BELOW_FIRST_NOMINAL_LIMIT,0.5,20.0,20.0,20.0,0.0037500000000000007,0.7688822092257379,0.014811957540956995,0.00027473977227350293,605.2624680671227,5.29337177414476e-14,1.0518515930355689e-14,70479.60025956991,-150486.9723573671,150486.97235735564,False,False,False,SEAT-H-interior,seat_h,4,0.0
SUPPORT_OPENING_COLD,0.1,BELOW_FIRST_NOMINAL_LIMIT,0.5,20.0,20.0,20.0,0.005000000000000001,0.8947031537214212,0.012834667956501617,0.00015876790587526562,712.7369887254188,8.762711124409684e-14,9.889459997502087e-15,70479.60025957024,-175112.86793552194,175112.867935516,False,False,False,SEAT-H-interior,seat_h,6,0.0
SUPPORT_OPENING_COLD,0.1227434158325195,FIRST_NOMINAL_LIMIT_NO_POST_MEMBER_CONTINUATION,0.5,20.0,20.0,20.0,0.006137170791625976,1.0000001139155525,0.010838497768655796,6.585337009520475e-05,827.332194673203,1.0482441221100621e-13,8.107412559020224e-15,70479.6002595703,-195721.77336721757,195721.7733672134,False,False,False,SEAT-H-interior,seat_h,8,0.0
