"time","INTERNAL ENERGY","KINETIC ENERGY","X-MOMENTUM","Y-MOMENTUM","Z-MOMENTUM","MASS","TIME STEP","ROTATION ENERGY","EXTERNAL WORK","SPRING ENERGY","CONTACT ENERGY","HOURGLASS ENERGY","ELASTIC CONTACT ENERGY","FRICTIONAL CONTACT ENERGY","DAMPING CONTACT ENERGY ","PLASTIC WORK","ADDED MASS","PERCENTAGE ADDED MASS","INLET MASS","OUTLET MASS","INLET ENERGY","OUTLET ENERGY","DEFORMABLE_ENGINE_CORE_EQUIVALENT         IE ","DEFORMABLE_ENGINE_CORE_EQUIVALENT         KE ","DEFORMABLE_ENGINE_CORE_EQUIVALENT         ZMOM ","DEFORMABLE_ENGINE_CORE_EQUIVALENT         MASS ","DEFORMABLE_ENGINE_CORE_EQUIVALENT         HE ","DEFORMABLE_ENGINE_CORE_EQUIVALENT         ERODED ","DEFORMABLE_ENGINE_CORE_EQUIVALENT         VZ ","DEFORMABLE_COWLING_EQUIVALENT             IE ","DEFORMABLE_COWLING_EQUIVALENT             KE ","DEFORMABLE_COWLING_EQUIVALENT             ZMOM ","DEFORMABLE_COWLING_EQUIVALENT             MASS ","DEFORMABLE_COWLING_EQUIVALENT             HE ","DEFORMABLE_COWLING_EQUIVALENT             ERODED ","DEFORMABLE_COWLING_EQUIVALENT             VZ ","TH_FACADE_CONTACT                        1 PROJECTILE_TO_FACADE_DEFORMABLE_CONTACT  var 37"
0.000000e+00,0.000000e+00,8.938573e+10,0.000000e+00,0.000000e+00,-9.027448e+08,8.368962e+06,3.726834e-03,0.000000e+00,0.000000e+00,0.000000e+00,2.794549e+11,0.000000e+00,2.794549e+11,0.000000e+00,0.000000e+00,0.000000e+00,5.587935e-09,6.676975e-14,0.000000e+00,0.000000e+00,0.000000e+00,0.000000e+00,0.000000e+00,7.058934e+10,-7.129120e+08,3.600002e+06,0.000000e+00,0.000000e+00,-1.980310e+02,0.000000e+00,1.879639e+10,-1.898328e+08,9.586014e+05,0.000000e+00,0.000000e+00,-1.980310e+02,0.000000e+00
2.069925e-02,1.252782e+10,1.369001e+11,8.864399e-08,1.038893e-07,-9.027448e+08,8.368962e+06,3.387829e-03,3.291666e+09,0.000000e+00,0.000000e+00,2.112260e+11,0.000000e+00,2.112260e+11,0.000000e+00,0.000000e+00,4.517683e+09,5.587935e-09,6.676975e-14,0.000000e+00,0.000000e+00,0.000000e+00,0.000000e+00,1.252782e+10,1.143047e+11,-7.129120e+08,3.600002e+06,4.598256e+06,0.000000e+00,-1.980310e+02,0.000000e+00,1.879639e+10,-1.898328e+08,9.586014e+05,0.000000e+00,0.000000e+00,-1.980310e+02,0.000000e+00
4.102684e-02,1.931254e+10,1.984667e+11,1.079121e-07,1.002554e-07,-9.027448e+08,8.368962e+06,3.389387e-03,5.740726e+09,0.000000e+00,0.000000e+00,1.370242e+11,0.000000e+00,1.370242e+11,0.000000e+00,0.000000e+00,1.463082e+10,5.587935e-09,6.676975e-14,0.000000e+00,0.000000e+00,0.000000e+00,0.000000e+00,1.931254e+10,1.746066e+11,-7.129120e+08,3.600002e+06,1.749360e+07,0.000000e+00,-1.980310e+02,0.000000e+00,1.879639e+10,-1.898328e+08,9.586014e+05,0.000000e+00,0.000000e+00,-1.980310e+02,0.000000e+00
6.141023e-02,3.364639e+10,2.525870e+11,1.034736e-07,1.130106e-07,-9.027448e+08,8.368962e+06,3.414345e-03,1.784727e+09,0.000000e+00,0.000000e+00,6.905759e+10,0.000000e+00,6.905759e+10,0.000000e+00,0.000000e+00,2.499138e+10,5.587935e-09,6.676975e-14,0.000000e+00,0.000000e+00,0.000000e+00,0.000000e+00,3.364639e+10,2.310708e+11,-7.129120e+08,3.600002e+06,2.760123e+07,0.000000e+00,-1.980310e+02,0.000000e+00,1.879639e+10,-1.898328e+08,9.586014e+05,0.000000e+00,0.000000e+00,-1.980310e+02,0.000000e+00
8.196528e-02,4.741394e+10,2.608529e+11,1.137729e-07,9.153026e-08,-9.027448e+08,8.368962e+06,3.478644e-03,1.575478e+09,0.000000e+00,0.000000e+00,4.538836e+10,0.000000e+00,4.538836e+10,0.000000e+00,0.000000e+00,3.570096e+10,5.587935e-09,6.676975e-14,0.000000e+00,0.000000e+00,0.000000e+00,0.000000e+00,4.741394e+10,2.419013e+11,-7.129120e+08,3.600002e+06,3.972814e+07,0.000000e+00,-1.980310e+02,0.000000e+00,1.879639e+10,-1.898328e+08,9.586014e+05,0.000000e+00,0.000000e+00,-1.980310e+02,0.000000e+00
1.029468e-01,6.109312e+10,2.655090e+11,1.078968e-07,1.123386e-07,-9.027448e+08,8.368962e+06,3.948512e-03,2.088191e+09,0.000000e+00,0.000000e+00,2.588507e+10,0.000000e+00,2.588507e+10,0.000000e+00,0.000000e+00,4.619207e+10,5.587935e-09,6.676975e-14,0.000000e+00,0.000000e+00,0.000000e+00,0.000000e+00,6.109312e+10,2.466312e+11,-7.129120e+08,3.600002e+06,5.150689e+07,0.000000e+00,-1.980310e+02,0.000000e+00,1.879639e+10,-1.898328e+08,9.586014e+05,0.000000e+00,0.000000e+00,-1.980310e+02,0.000000e+00
1.230129e-01,7.240757e+10,2.712160e+11,1.099887e-07,9.862421e-08,-9.027448e+08,8.368962e+06,4.023172e-03,8.536230e+08,0.000000e+00,0.000000e+00,9.519980e+09,0.000000e+00,9.519980e+09,0.000000e+00,0.000000e+00,5.565118e+10,5.587935e-09,6.676975e-14,0.000000e+00,0.000000e+00,0.000000e+00,0.000000e+00,7.240757e+10,2.521231e+11,-7.129120e+08,3.600002e+06,5.911759e+07,0.000000e+00,-1.980310e+02,0.000000e+00,1.879639e+10,-1.898328e+08,9.586014e+05,0.000000e+00,0.000000e+00,-1.980310e+02,0.000000e+00
1.417742e-01,8.321277e+10,2.681896e+11,9.695382e-08,1.130493e-07,-9.027448e+08,8.368962e+06,4.062689e-03,1.144649e+09,0.000000e+00,0.000000e+00,5.366345e+08,0.000000e+00,5.366345e+08,0.000000e+00,0.000000e+00,6.394339e+10,5.587935e-09,6.676975e-14,0.000000e+00,0.000000e+00,0.000000e+00,0.000000e+00,8.321277e+10,2.502724e+11,-7.129120e+08,3.567349e+06,6.591272e+07,3.200000e+01,-1.998436e+02,0.000000e+00,1.879639e+10,-1.898328e+08,9.586014e+05,0.000000e+00,0.000000e+00,-1.980310e+02,0.000000e+00
1.637966e-01,9.409722e+10,2.577318e+11,9.566814e-08,1.074072e-07,-9.027448e+08,8.368962e+06,4.493382e-03,1.058301e+09,0.000000e+00,0.000000e+00,1.127015e+08,0.000000e+00,1.127015e+08,0.000000e+00,0.000000e+00,7.254425e+10,5.587935e-09,6.676975e-14,0.000000e+00,0.000000e+00,0.000000e+00,0.000000e+00,9.409722e+10,2.399256e+11,-7.129120e+08,3.322451e+06,7.396268e+07,2.720000e+02,-2.145741e+02,0.000000e+00,1.879639e+10,-1.898328e+08,9.586014e+05,0.000000e+00,0.000000e+00,-1.980310e+02,0.000000e+00
1.808917e-01,1.020398e+11,2.502312e+11,1.019975e-07,9.091172e-08,-9.027448e+08,8.368962e+06,4.468026e-03,6.678863e+08,0.000000e+00,0.000000e+00,4.839334e+07,0.000000e+00,4.839334e+07,0.000000e+00,0.000000e+00,7.876142e+10,5.587935e-09,6.676975e-14,0.000000e+00,0.000000e+00,0.000000e+00,0.000000e+00,1.020398e+11,2.324182e+11,-7.129120e+08,3.077553e+06,7.883570e+07,5.120000e+02,-2.316490e+02,0.000000e+00,1.879639e+10,-1.898328e+08,9.586014e+05,0.000000e+00,0.000000e+00,-1.980310e+02,0.000000e+00
2.032807e-01,1.118574e+11,2.404878e+11,9.679662e-08,9.554019e-08,-9.027448e+08,8.368962e+06,4.499044e-03,6.168931e+08,0.000000e+00,0.000000e+00,2.184816e+07,0.000000e+00,2.184816e+07,0.000000e+00,0.000000e+00,8.627597e+10,5.587935e-09,6.676975e-14,0.000000e+00,0.000000e+00,0.000000e+00,0.000000e+00,1.118574e+11,2.225828e+11,-7.129120e+08,3.044900e+06,8.395919e+07,5.440000e+02,-2.341332e+02,0.000000e+00,1.879639e+10,-1.898328e+08,9.586014e+05,0.000000e+00,0.000000e+00,-1.980310e+02,0.000000e+00
2.211560e-01,1.191955e+11,2.331484e+11,1.001864e-07,1.081637e-07,-9.027448e+08,8.368962e+06,4.502869e-03,6.195795e+08,0.000000e+00,0.000000e+00,1.373125e+07,0.000000e+00,1.373125e+07,0.000000e+00,0.000000e+00,9.183546e+10,5.587935e-09,6.676975e-14,0.000000e+00,0.000000e+00,0.000000e+00,0.000000e+00,1.191955e+11,2.152893e+11,-7.129120e+08,3.044900e+06,8.882954e+07,5.440000e+02,-2.341332e+02,0.000000e+00,1.879639e+10,-1.898328e+08,9.586014e+05,0.000000e+00,0.000000e+00,-1.980310e+02,0.000000e+00
2.436651e-01,1.275478e+11,2.249881e+11,1.069411e-07,9.719534e-08,-9.027448e+08,8.368962e+06,4.501901e-03,4.296014e+08,0.000000e+00,0.000000e+00,1.199973e+07,0.000000e+00,1.199973e+07,0.000000e+00,0.000000e+00,9.831141e+10,5.587935e-09,6.676975e-14,0.000000e+00,0.000000e+00,0.000000e+00,0.000000e+00,1.275478e+11,2.069117e+11,-7.129120e+08,2.987757e+06,9.309694e+07,6.000000e+02,-2.386111e+02,0.000000e+00,1.879639e+10,-1.898328e+08,9.586014e+05,0.000000e+00,0.000000e+00,-1.980310e+02,0.000000e+00
2.621048e-01,1.331527e+11,2.194265e+11,1.131069e-07,1.049706e-07,-9.027448e+08,8.368962e+06,4.497190e-03,3.858237e+08,0.000000e+00,0.000000e+00,1.054153e+07,0.000000e+00,1.054153e+07,0.000000e+00,0.000000e+00,1.027307e+11,5.587935e-09,6.676975e-14,0.000000e+00,0.000000e+00,0.000000e+00,0.000000e+00,1.331527e+11,2.012660e+11,-7.129120e+08,2.979594e+06,9.668292e+07,6.080000e+02,-2.392648e+02,0.000000e+00,1.879639e+10,-1.898328e+08,9.586014e+05,0.000000e+00,0.000000e+00,-1.980310e+02,0.000000e+00
2.800926e-01,1.370902e+11,2.154573e+11,9.657587e-08,1.039722e-07,-9.027448e+08,8.368962e+06,4.497970e-03,4.160165e+08,0.000000e+00,0.000000e+00,1.103343e+07,0.000000e+00,1.103343e+07,0.000000e+00,0.000000e+00,1.059342e+11,5.587935e-09,6.676975e-14,0.000000e+00,0.000000e+00,0.000000e+00,0.000000e+00,1.370902e+11,1.970256e+11,-7.129120e+08,2.914288e+06,9.960302e+07,6.720000e+02,-2.446265e+02,0.000000e+00,1.879639e+10,-1.898328e+08,9.586014e+05,0.000000e+00,0.000000e+00,-1.980310e+02,0.000000e+00
3.040302e-01,1.403456e+11,2.123196e+11,1.066749e-07,1.045543e-07,-9.027448e+08,8.368962e+06,4.560138e-03,2.940092e+08,0.000000e+00,0.000000e+00,1.038780e+07,0.000000e+00,1.038780e+07,0.000000e+00,0.000000e+00,1.087885e+11,5.587935e-09,6.676975e-14,0.000000e+00,0.000000e+00,0.000000e+00,0.000000e+00,1.403456e+11,1.938109e+11,-7.129120e+08,2.718369e+06,1.030379e+08,8.640000e+02,-2.622573e+02,0.000000e+00,1.879639e+10,-1.898328e+08,9.586014e+05,0.000000e+00,0.000000e+00,-1.980310e+02,0.000000e+00
3.226506e-01,1.420382e+11,2.105992e+11,1.039974e-07,1.145951e-07,-9.027448e+08,8.368962e+06,5.085844e-03,3.168475e+08,0.000000e+00,0.000000e+00,9.568298e+06,0.000000e+00,9.568298e+06,0.000000e+00,0.000000e+00,1.103625e+11,5.587935e-09,6.676975e-14,0.000000e+00,0.000000e+00,0.000000e+00,0.000000e+00,1.420382e+11,1.919787e+11,-7.129120e+08,2.571430e+06,1.055025e+08,1.008000e+03,-2.772434e+02,0.000000e+00,1.879639e+10,-1.898328e+08,9.586014e+05,0.000000e+00,0.000000e+00,-1.980310e+02,0.000000e+00
3.425229e-01,1.434761e+11,2.092266e+11,9.701243e-08,9.844248e-08,-9.027448e+08,8.368962e+06,5.147101e-03,2.427542e+08,0.000000e+00,0.000000e+00,1.461511e+07,0.000000e+00,1.461511e+07,0.000000e+00,0.000000e+00,1.117726e+11,5.587935e-09,6.676975e-14,0.000000e+00,0.000000e+00,0.000000e+00,0.000000e+00,1.434761e+11,1.906210e+11,-7.129120e+08,2.538777e+06,1.079695e+08,1.040000e+03,-2.808092e+02,0.000000e+00,1.879639e+10,-1.898328e+08,9.586014e+05,0.000000e+00,0.000000e+00,-1.980310e+02,0.000000e+00
3.633920e-01,1.446452e+11,2.080121e+11,8.618581e-08,9.302916e-08,-9.027448e+08,8.368962e+06,5.219064e-03,2.699953e+08,0.000000e+00,0.000000e+00,2.781688e+07,0.000000e+00,2.781688e+07,0.000000e+00,0.000000e+00,1.129907e+11,5.587935e-09,6.676975e-14,0.000000e+00,0.000000e+00,0.000000e+00,0.000000e+00,1.446452e+11,1.893251e+11,-7.129120e+08,2.506124e+06,1.105485e+08,1.072000e+03,-2.844680e+02,0.000000e+00,1.879639e+10,-1.898328e+08,9.586014e+05,0.000000e+00,0.000000e+00,-1.980310e+02,0.000000e+00
3.847648e-01,1.453949e+11,2.072555e+11,1.083338e-07,9.783130e-08,-9.027448e+08,8.368962e+06,5.311850e-03,2.667344e+08,0.000000e+00,0.000000e+00,2.972207e+07,0.000000e+00,2.972207e+07,0.000000e+00,0.000000e+00,1.138504e+11,5.587935e-09,6.676975e-14,0.000000e+00,0.000000e+00,0.000000e+00,0.000000e+00,1.453949e+11,1.885550e+11,-7.129120e+08,2.457144e+06,1.132290e+08,1.120000e+03,-2.901384e+02,0.000000e+00,1.879639e+10,-1.898328e+08,9.586014e+05,0.000000e+00,0.000000e+00,-1.980310e+02,0.000000e+00
4.002810e-01,1.457487e+11,2.068764e+11,9.983550e-08,1.027498e-07,-9.027448e+08,8.368962e+06,5.097327e-03,2.906998e+08,0.000000e+00,0.000000e+00,2.914739e+07,0.000000e+00,2.914739e+07,0.000000e+00,0.000000e+00,1.142635e+11,5.587935e-09,6.676975e-14,0.000000e+00,0.000000e+00,0.000000e+00,0.000000e+00,1.457487e+11,1.881190e+11,-7.129120e+08,2.424491e+06,1.150670e+08,1.152000e+03,-2.940460e+02,0.000000e+00,1.879639e+10,-1.898328e+08,9.586014e+05,0.000000e+00,0.000000e+00,-1.980310e+02,0.000000e+00
4.213414e-01,1.461060e+11,2.065214e+11,1.018437e-07,1.134892e-07,-9.027448e+08,8.368962e+06,4.913575e-03,2.310061e+08,0.000000e+00,0.000000e+00,7.327099e+07,0.000000e+00,7.327099e+07,0.000000e+00,0.000000e+00,1.146169e+11,5.587935e-09,6.676975e-14,0.000000e+00,0.000000e+00,0.000000e+00,0.000000e+00,1.461060e+11,1.877971e+11,-7.129120e+08,2.408165e+06,1.176696e+08,1.168000e+03,-2.960396e+02,0.000000e+00,1.879639e+10,-1.898328e+08,9.586014e+05,0.000000e+00,0.000000e+00,-1.980310e+02,0.000000e+00
4.411831e-01,1.463956e+11,2.056984e+11,1.041229e-07,1.005113e-07,-9.027448e+08,8.368962e+06,5.107645e-03,3.297262e+08,0.000000e+00,0.000000e+00,2.706334e+08,0.000000e+00,2.706334e+08,0.000000e+00,0.000000e+00,1.148708e+11,5.587935e-09,6.676975e-14,0.000000e+00,0.000000e+00,0.000000e+00,0.000000e+00,1.463952e+11,1.874031e+11,-7.129120e+08,2.408165e+06,1.199495e+08,1.168000e+03,-2.960396e+02,2.875474e+05,1.860516e+10,-1.888148e+08,9.586014e+05,1.151717e+03,0.000000e+00,-1.969690e+02,-4.594778e+06
4.610015e-01,1.467083e+11,2.052548e+11,9.103795e-08,9.529760e-08,-9.027448e+08,8.368962e+06,4.901587e-03,3.182389e+08,0.000000e+00,0.000000e+00,2.485254e+08,0.000000e+00,2.485254e+08,0.000000e+00,0.000000e+00,1.151416e+11,5.587935e-09,6.676975e-14,0.000000e+00,0.000000e+00,0.000000e+00,0.000000e+00,1.466010e+11,1.872470e+11,-7.129120e+08,2.408165e+06,1.228448e+08,1.168000e+03,-2.960396e+02,6.921234e+07,1.701401e+10,-1.728630e+08,9.586014e+05,8.978655e+04,0.000000e+00,-1.803284e+02,-1.864219e+07
4.815015e-01,1.471046e+11,2.050133e+11,9.652236e-08,1.038241e-07,-9.027448e+08,8.368962e+06,4.543467e-03,3.374992e+08,0.000000e+00,0.000000e+00,4.216072e+07,0.000000e+00,4.216072e+07,0.000000e+00,0.000000e+00,1.154964e+11,5.587935e-09,6.676975e-14,0.000000e+00,0.000000e+00,0.000000e+00,0.000000e+00,1.467626e+11,1.870280e+11,-7.129120e+08,2.408165e+06,1.258648e+08,1.168000e+03,-2.960396e+02,2.342317e+08,1.682182e+10,-1.704268e+08,9.586014e+05,3.771127e+05,0.000000e+00,-1.777869e+02,-1.947931e+07
5.041120e-01,1.474270e+11,2.047257e+11,9.952036e-08,1.090171e-07,-9.027448e+08,8.368962e+06,4.538648e-03,2.668427e+08,0.000000e+00,0.000000e+00,7.744864e+07,0.000000e+00,7.744864e+07,0.000000e+00,0.000000e+00,1.157922e+11,5.587935e-09,6.676975e-14,0.000000e+00,0.000000e+00,0.000000e+00,0.000000e+00,1.468949e+11,1.869557e+11,-7.129120e+08,2.408165e+06,1.285378e+08,1.168000e+03,-2.960396e+02,3.562030e+08,1.667547e+10,-1.703833e+08,9.586014e+05,7.847448e+05,0.000000e+00,-1.777416e+02,-1.953005e+07
5.222633e-01,1.476067e+11,2.044108e+11,9.292364e-08,1.145346e-07,-9.027448e+08,8.368962e+06,4.535830e-03,3.265552e+08,0.000000e+00,0.000000e+00,1.404102e+08,0.000000e+00,1.404102e+08,0.000000e+00,0.000000e+00,1.159900e+11,5.587935e-09,6.676975e-14,0.000000e+00,0.000000e+00,0.000000e+00,0.000000e+00,1.469747e+11,1.867556e+11,-7.129120e+08,2.391838e+06,1.310564e+08,1.184000e+03,-2.980603e+02,4.110508e+08,1.661149e+10,-1.702986e+08,9.586014e+05,1.133351e+06,0.000000e+00,-1.776532e+02,-1.962833e+07
5.402383e-01,1.477754e+11,2.042295e+11,1.022080e-07,9.818145e-08,-9.027448e+08,8.368962e+06,4.206343e-03,2.817745e+08,0.000000e+00,0.000000e+00,1.645801e+08,0.000000e+00,1.645801e+08,0.000000e+00,0.000000e+00,1.161706e+11,5.587935e-09,6.676975e-14,0.000000e+00,0.000000e+00,0.000000e+00,0.000000e+00,1.470604e+11,1.866378e+11,-7.129120e+08,2.391838e+06,1.333169e+08,1.184000e+03,-2.980603e+02,4.572573e+08,1.654926e+10,-1.701449e+08,9.586014e+05,1.515019e+06,0.000000e+00,-1.774929e+02,-1.980070e+07
5.622224e-01,1.479767e+11,2.039220e+11,9.453756e-08,1.046896e-07,-9.027448e+08,8.368962e+06,4.534347e-03,3.186922e+08,0.000000e+00,0.000000e+00,2.217317e+08,0.000000e+00,2.217317e+08,0.000000e+00,0.000000e+00,1.164100e+11,5.587935e-09,6.676975e-14,0.000000e+00,0.000000e+00,0.000000e+00,0.000000e+00,1.471686e+11,1.864536e+11,-7.129120e+08,2.391838e+06,1.361313e+08,1.184000e+03,-2.980603e+02,5.109526e+08,1.643219e+10,-1.696707e+08,9.586014e+05,1.970053e+06,0.000000e+00,-1.769982e+02,-2.040270e+07
5.803580e-01,1.482089e+11,2.036681e+11,1.037181e-07,1.101052e-07,-9.027448e+08,8.368962e+06,4.534067e-03,3.200447e+08,0.000000e+00,0.000000e+00,2.296619e+08,0.000000e+00,2.296619e+08,0.000000e+00,0.000000e+00,1.166171e+11,5.587935e-09,6.676975e-14,0.000000e+00,0.000000e+00,0.000000e+00,0.000000e+00,1.473128e+11,1.862957e+11,-7.129120e+08,2.391838e+06,1.387410e+08,1.184000e+03,-2.980603e+02,5.655049e+08,1.629066e+10,-1.688675e+08,9.586014e+05,2.357454e+06,0.000000e+00,-1.761602e+02,-2.125007e+07
6.035179e-01,1.485836e+11,2.029741e+11,8.951260e-08,1.183086e-07,-9.027448e+08,8.368962e+06,4.249106e-03,4.704391e+08,0.000000e+00,0.000000e+00,2.030062e+08,0.000000e+00,2.030062e+08,0.000000e+00,0.000000e+00,1.169156e+11,5.587935e-09,6.676975e-14,0.000000e+00,0.000000e+00,0.000000e+00,0.000000e+00,1.475064e+11,1.855007e+11,-7.112750e+08,2.391838e+06,1.423192e+08,1.184000e+03,-2.973759e+02,6.966976e+08,1.631268e+10,-1.694502e+08,9.586014e+05,5.928426e+06,0.000000e+00,-1.767682e+02,-2.223952e+07
6.205468e-01,1.487387e+11,2.028835e+11,9.637655e-08,9.826879e-08,-9.027448e+08,8.368962e+06,4.532835e-03,4.062559e+08,0.000000e+00,0.000000e+00,1.823531e+08,0.000000e+00,1.823531e+08,0.000000e+00,0.000000e+00,1.171312e+11,5.587935e-09,6.676975e-14,0.000000e+00,0.000000e+00,0.000000e+00,0.000000e+00,1.475740e+11,1.851528e+11,-7.103625e+08,2.391838e+06,1.455246e+08,1.184000e+03,-2.969944e+02,7.428452e+08,1.651726e+10,-1.699310e+08,9.581104e+05,9.252944e+06,4.000000e+00,-1.773606e+02,-2.260410e+07
6.431379e-01,1.489117e+11,2.025485e+11,1.045159e-07,1.143452e-07,-9.027448e+08,8.368962e+06,4.535329e-03,4.490426e+08,0.000000e+00,0.000000e+00,2.176665e+08,0.000000e+00,2.176665e+08,0.000000e+00,0.000000e+00,1.173508e+11,5.587935e-09,6.676975e-14,0.000000e+00,0.000000e+00,0.000000e+00,0.000000e+00,1.476148e+11,1.849165e+11,-7.098459e+08,2.378573e+06,1.496172e+08,1.197000e+03,-2.984335e+02,8.197889e+08,1.644599e+10,-1.699039e+08,9.581104e+05,1.321096e+07,4.000000e+00,-1.773323e+02,-2.340732e+07
6.610732e-01,1.491168e+11,2.023681e+11,9.353026e-08,1.051820e-07,-9.027448e+08,8.368962e+06,4.313496e-03,4.001348e+08,0.000000e+00,0.000000e+00,1.971304e+08,0.000000e+00,1.971304e+08,0.000000e+00,0.000000e+00,1.175208e+11,5.587935e-09,6.676975e-14,0.000000e+00,0.000000e+00,0.000000e+00,0.000000e+00,1.476299e+11,1.848064e+11,-7.095395e+08,2.360206e+06,1.524044e+08,1.215000e+03,-3.006261e+02,9.496685e+08,1.611831e+10,-1.688252e+08,9.571282e+05,1.862802e+07,1.200000e+01,-1.763873e+02,-2.476050e+07
6.810703e-01,1.493068e+11,2.020255e+11,8.886948e-08,1.059469e-07,-9.027448e+08,8.368962e+06,3.879607e-03,4.590024e+08,0.000000e+00,0.000000e+00,1.992940e+08,0.000000e+00,1.992940e+08,0.000000e+00,0.000000e+00,1.177264e+11,5.587935e-09,6.676975e-14,0.000000e+00,0.000000e+00,0.000000e+00,0.000000e+00,1.476858e+11,1.842659e+11,-7.082330e+08,2.360206e+06,1.550894e+08,1.215000e+03,-3.000726e+02,1.021568e+09,1.616749e+10,-1.692480e+08,9.551638e+05,2.718678e+07,2.800000e+01,-1.771926e+02,-2.545544e+07
7.007177e-01,1.495505e+11,2.017075e+11,9.336371e-08,9.892275e-08,-9.027448e+08,8.368962e+06,3.557400e-03,4.662303e+08,0.000000e+00,0.000000e+00,1.518535e+08,0.000000e+00,1.518535e+08,0.000000e+00,0.000000e+00,1.179702e+11,5.587935e-09,6.676975e-14,0.000000e+00,0.000000e+00,0.000000e+00,0.000000e+00,1.477748e+11,1.836341e+11,-7.066835e+08,2.360206e+06,1.571891e+08,1.215000e+03,-2.994161e+02,1.112184e+09,1.647273e+10,-1.702914e+08,9.498846e+05,3.447758e+07,7.100000e+01,-1.792759e+02,-2.602549e+07
7.207065e-01,1.498574e+11,2.013937e+11,9.710175e-08,1.065443e-07,-9.027448e+08,8.368962e+06,4.059529e-03,4.956568e+08,0.000000e+00,0.000000e+00,7.612866e+07,0.000000e+00,7.612866e+07,0.000000e+00,0.000000e+00,1.182310e+11,5.587935e-09,6.676975e-14,0.000000e+00,0.000000e+00,0.000000e+00,0.000000e+00,1.478927e+11,1.832247e+11,-7.058170e+08,2.360206e+06,1.594694e+08,1.215000e+03,-2.990490e+02,1.220556e+09,1.646327e+10,-1.705309e+08,9.473064e+05,4.170116e+07,9.200000e+01,-1.800166e+02,-2.661048e+07
7.428727e-01,1.501977e+11,2.011225e+11,1.002290e-07,1.019325e-07,-9.027448e+08,8.368962e+06,5.236993e-03,4.407499e+08,0.000000e+00,0.000000e+00,2.599297e+07,0.000000e+00,2.599297e+07,0.000000e+00,0.000000e+00,1.185124e+11,5.587935e-09,6.676975e-14,0.000000e+00,0.000000e+00,0.000000e+00,0.000000e+00,1.480682e+11,1.829993e+11,-7.055566e+08,2.360206e+06,1.616472e+08,1.215000e+03,-2.989386e+02,1.308554e+09,1.637049e+10,-1.703320e+08,9.436233e+05,4.779778e+07,1.220000e+02,-1.805085e+02,-2.701219e+07
7.633858e-01,1.504847e+11,2.008075e+11,1.009058e-07,1.029304e-07,-9.027448e+08,8.368962e+06,4.829072e-03,4.128023e+08,0.000000e+00,0.000000e+00,5.155599e+07,0.000000e+00,5.155599e+07,0.000000e+00,0.000000e+00,1.187447e+11,5.587935e-09,6.676975e-14,0.000000e+00,0.000000e+00,0.000000e+00,0.000000e+00,1.482429e+11,1.827968e+11,-7.055332e+08,2.360206e+06,1.634801e+08,1.215000e+03,-2.989287e+02,1.360894e+09,1.628279e+10,-1.700297e+08,9.420272e+05,5.224284e+07,1.350000e+02,-1.804934e+02,-2.733587e+07
7.818215e-01,1.507615e+11,2.003790e+11,9.745064e-08,9.725844e-08,-9.027448e+08,8.368962e+06,3.898133e-03,3.938617e+08,0.000000e+00,0.000000e+00,1.132006e+08,0.000000e+00,1.132006e+08,0.000000e+00,0.000000e+00,1.189487e+11,5.587935e-09,6.676975e-14,0.000000e+00,0.000000e+00,0.000000e+00,0.000000e+00,1.483990e+11,1.822528e+11,-7.045036e+08,2.357144e+06,1.651975e+08,1.218000e+03,-2.988801e+02,1.426233e+09,1.641524e+10,-1.707338e+08,9.383441e+05,5.603954e+07,1.650000e+02,-1.819522e+02,-2.765853e+07
8.018184e-01,1.510617e+11,1.999474e+11,1.005786e-07,9.832085e-08,-9.027448e+08,8.368962e+06,3.966330e-03,4.474119e+08,0.000000e+00,0.000000e+00,1.289167e+08,0.000000e+00,1.289167e+08,0.000000e+00,0.000000e+00,1.191895e+11,5.587935e-09,6.676975e-14,0.000000e+00,0.000000e+00,0.000000e+00,0.000000e+00,1.485478e+11,1.816146e+11,-7.030943e+08,2.342858e+06,1.668003e+08,1.232000e+03,-3.001010e+02,1.527962e+09,1.661250e+10,-1.717340e+08,9.363798e+05,5.988179e+07,1.810000e+02,-1.834021e+02,-2.809693e+07
8.224210e-01,1.513117e+11,1.997141e+11,1.080378e-07,9.791632e-08,-9.027448e+08,8.368962e+06,4.356730e-03,4.536871e+08,0.000000e+00,0.000000e+00,7.292825e+07,0.000000e+00,7.292825e+07,0.000000e+00,0.000000e+00,1.194364e+11,5.587935e-09,6.676975e-14,0.000000e+00,0.000000e+00,0.000000e+00,0.000000e+00,1.486925e+11,1.811823e+11,-7.022204e+08,2.335716e+06,1.686368e+08,1.239000e+03,-3.006447e+02,1.590502e+09,1.680140e+10,-1.722470e+08,9.349065e+05,6.325891e+07,1.930000e+02,-1.842398e+02,-2.845945e+07
8.430409e-01,1.515077e+11,1.994568e+11,9.750882e-08,9.470525e-08,-9.027448e+08,8.368962e+06,4.483060e-03,4.629937e+08,0.000000e+00,0.000000e+00,9.650948e+07,0.000000e+00,9.650948e+07,0.000000e+00,0.000000e+00,1.196686e+11,5.587935e-09,6.676975e-14,0.000000e+00,0.000000e+00,0.000000e+00,0.000000e+00,1.487996e+11,1.808838e+11,-7.015579e+08,2.318369e+06,1.706833e+08,1.256000e+03,-3.026084e+02,1.637396e+09,1.684183e+10,-1.723710e+08,9.320828e+05,6.631337e+07,2.160000e+02,-1.849310e+02,-2.907640e+07
8.610098e-01,1.516983e+11,1.992651e+11,9.769172e-08,1.108833e-07,-9.027448e+08,8.368962e+06,4.497329e-03,4.447753e+08,0.000000e+00,0.000000e+00,1.060485e+08,0.000000e+00,1.060485e+08,0.000000e+00,0.000000e+00,1.198520e+11,5.587935e-09,6.676975e-14,0.000000e+00,0.000000e+00,0.000000e+00,0.000000e+00,1.488964e+11,1.806206e+11,-7.008565e+08,2.315308e+06,1.725705e+08,1.259000e+03,-3.027056e+02,1.684674e+09,1.684177e+10,-1.722920e+08,9.315917e+05,6.909917e+07,2.200000e+02,-1.849437e+02,-2.985194e+07
8.831456e-01,1.519418e+11,1.989318e+11,8.967004e-08,9.829529e-08,-9.027448e+08,8.368962e+06,3.818799e-03,4.787811e+08,0.000000e+00,0.000000e+00,7.356280e+07,0.000000e+00,7.356280e+07,0.000000e+00,0.000000e+00,1.200797e+11,5.587935e-09,6.676975e-14,0.000000e+00,0.000000e+00,0.000000e+00,0.000000e+00,1.490296e+11,1.801606e+11,-6.997197e+08,2.312246e+06,1.747953e+08,1.262000e+03,-3.026147e+02,1.732055e+09,1.681831e+10,-1.723406e+08,9.311006e+05,7.257081e+07,2.240000e+02,-1.850934e+02,-3.099168e+07
9.031870e-01,1.521577e+11,1.986746e+11,1.015373e-07,1.062535e-07,-9.027448e+08,8.368962e+06,4.492249e-03,4.987189e+08,0.000000e+00,0.000000e+00,5.675211e+07,0.000000e+00,5.675211e+07,0.000000e+00,0.000000e+00,1.202920e+11,5.587935e-09,6.676975e-14,0.000000e+00,0.000000e+00,0.000000e+00,0.000000e+00,1.491365e+11,1.797279e+11,-6.988305e+08,2.308165e+06,1.768122e+08,1.266000e+03,-3.027646e+02,1.777306e+09,1.685303e+10,-1.724503e+08,9.306095e+05,7.582598e+07,2.280000e+02,-1.853090e+02,-3.174917e+07
9.230136e-01,1.523412e+11,1.984512e+11,1.149830e-07,9.704888e-08,-9.027448e+08,8.368962e+06,4.184502e-03,5.022647e+08,0.000000e+00,0.000000e+00,4.130139e+07,0.000000e+00,4.130139e+07,0.000000e+00,0.000000e+00,1.205052e+11,5.587935e-09,6.676975e-14,0.000000e+00,0.000000e+00,0.000000e+00,0.000000e+00,1.492286e+11,1.793750e+11,-6.981536e+08,2.304083e+06,1.786538e+08,1.270000e+03,-3.030071e+02,1.819768e+09,1.682893e+10,-1.724056e+08,9.288907e+05,7.824238e+07,2.420000e+02,-1.856038e+02,-3.241286e+07
9.431827e-01,1.525048e+11,1.982273e+11,9.957259e-08,1.041012e-07,-9.027448e+08,8.368962e+06,3.933446e-03,4.893394e+08,0.000000e+00,0.000000e+00,7.585897e+07,0.000000e+00,7.585897e+07,0.000000e+00,0.000000e+00,1.206928e+11,5.587935e-09,6.676975e-14,0.000000e+00,0.000000e+00,0.000000e+00,0.000000e+00,1.493073e+11,1.790048e+11,-6.973556e+08,2.304083e+06,1.805551e+08,1.270000e+03,-3.026608e+02,1.849936e+09,1.682373e+10,-1.723632e+08,9.280312e+05,8.055169e+07,2.490000e+02,-1.857300e+02,-3.334533e+07
9.637413e-01,1.526702e+11,1.980396e+11,8.788714e-08,1.002950e-07,-9.027448e+08,8.368962e+06,4.475974e-03,5.104468e+08,0.000000e+00,0.000000e+00,5.334450e+07,0.000000e+00,5.334450e+07,0.000000e+00,0.000000e+00,1.208717e+11,5.587935e-09,6.676975e-14,0.000000e+00,0.000000e+00,0.000000e+00,0.000000e+00,1.493875e+11,1.786591e+11,-6.965363e+08,2.303062e+06,1.822317e+08,1.271000e+03,-3.024392e+02,1.872630e+09,1.682855e+10,-1.723409e+08,9.263125e+05,8.256446e+07,2.630000e+02,-1.860505e+02,-3.411104e+07
9.816233e-01,1.527863e+11,1.979063e+11,9.670759e-08,1.048917e-07,-9.027448e+08,8.368962e+06,4.245199e-03,5.035685e+08,0.000000e+00,0.000000e+00,6.620887e+07,0.000000e+00,6.620887e+07,0.000000e+00,0.000000e+00,1.210188e+11,5.587935e-09,6.676975e-14,0.000000e+00,0.000000e+00,0.000000e+00,0.000000e+00,1.494440e+11,1.784150e+11,-6.960810e+08,2.302042e+06,1.838436e+08,1.272000e+03,-3.023754e+02,1.882078e+09,1.681554e+10,-1.723127e+08,9.254531e+05,8.412801e+07,2.700000e+02,-1.861928e+02,-3.456442e+07
1.001413e+00,1.529366e+11,1.977431e+11,9.124398e-08,1.047081e-07,-9.027448e+08,8.368962e+06,4.180614e-03,4.849798e+08,0.000000e+00,0.000000e+00,6.393267e+07,0.000000e+00,6.393267e+07,0.000000e+00,0.000000e+00,1.211810e+11,5.587935e-09,6.676975e-14,0.000000e+00,0.000000e+00,0.000000e+00,0.000000e+00,1.495153e+11,1.781809e+11,-6.957224e+08,2.298981e+06,1.856107e+08,1.275000e+03,-3.026220e+02,1.901497e+09,1.681885e+10,-1.723164e+08,9.232432e+05,8.575303e+07,2.880000e+02,-1.866425e+02,-3.484969e+07
1.022721e+00,1.531199e+11,1.975463e+11,1.020434e-07,9.848640e-08,-9.027448e+08,8.368962e+06,4.276757e-03,4.909165e+08,0.000000e+00,0.000000e+00,4.999729e+07,0.000000e+00,4.999729e+07,0.000000e+00,0.000000e+00,1.213630e+11,5.587935e-09,6.676975e-14,0.000000e+00,0.000000e+00,0.000000e+00,0.000000e+00,1.496029e+11,1.779776e+11,-6.955877e+08,2.294899e+06,1.875250e+08,1.279000e+03,-3.031016e+02,1.940550e+09,1.682378e+10,-1.723291e+08,9.232432e+05,8.743534e+07,2.880000e+02,-1.866562e+02,-3.497040e+07
1.044085e+00,1.532870e+11,1.973946e+11,8.966967e-08,1.091123e-07,-9.027448e+08,8.368962e+06,4.267524e-03,4.672149e+08,0.000000e+00,0.000000e+00,4.579612e+07,0.000000e+00,4.579612e+07,0.000000e+00,0.000000e+00,1.215304e+11,5.587935e-09,6.676975e-14,0.000000e+00,0.000000e+00,0.000000e+00,0.000000e+00,1.496895e+11,1.778505e+11,-6.954379e+08,2.290818e+06,1.892578e+08,1.283000e+03,-3.035763e+02,1.970662e+09,1.679291e+10,-1.722859e+08,9.217699e+05,8.887931e+07,3.000000e+02,-1.869077e+02,-3.519062e+07
1.061142e+00,1.534261e+11,1.972239e+11,9.461226e-08,1.048636e-07,-9.027448e+08,8.368962e+06,4.258978e-03,4.656302e+08,0.000000e+00,0.000000e+00,6.592794e+07,0.000000e+00,6.592794e+07,0.000000e+00,0.000000e+00,1.216538e+11,5.587935e-09,6.676975e-14,0.000000e+00,0.000000e+00,0.000000e+00,0.000000e+00,1.497738e+11,1.776749e+11,-6.952425e+08,2.287756e+06,1.905725e+08,1.286000e+03,-3.038971e+02,1.987148e+09,1.677720e+10,-1.722458e+08,9.202967e+05,8.992882e+07,3.120000e+02,-1.871633e+02,-3.544260e+07
1.082684e+00,1.536303e+11,1.970069e+11,9.359059e-08,1.006181e-07,-9.027448e+08,8.368962e+06,4.388209e-03,4.601964e+08,0.000000e+00,0.000000e+00,6.481892e+07,0.000000e+00,6.481892e+07,0.000000e+00,0.000000e+00,1.218192e+11,5.587935e-09,6.676975e-14,0.000000e+00,0.000000e+00,0.000000e+00,0.000000e+00,1.498959e+11,1.773879e+11,-6.949276e+08,2.280614e+06,1.922012e+08,1.293000e+03,-3.047108e+02,2.025792e+09,1.680196e+10,-1.721683e+08,9.190689e+05,9.140241e+07,3.220000e+02,-1.873290e+02,-3.585518e+07
1.103237e+00,1.538216e+11,1.967718e+11,8.730433e-08,9.741584e-08,-9.027448e+08,8.368962e+06,4.374540e-03,4.658924e+08,0.000000e+00,0.000000e+00,8.221252e+07,0.000000e+00,8.221252e+07,0.000000e+00,0.000000e+00,1.219781e+11,5.587935e-09,6.676975e-14,0.000000e+00,0.000000e+00,0.000000e+00,0.000000e+00,1.500222e+11,1.771523e+11,-6.946857e+08,2.279593e+06,1.939947e+08,1.294000e+03,-3.047411e+02,2.056687e+09,1.674630e+10,-1.720005e+08,9.187006e+05,9.253236e+07,3.250000e+02,-1.872215e+02,-3.627385e+07
1.124077e+00,1.540152e+11,1.965201e+11,8.470818e-08,9.645062e-08,-9.027448e+08,8.368962e+06,4.152471e-03,4.780814e+08,0.000000e+00,0.000000e+00,8.829328e+07,0.000000e+00,8.829328e+07,0.000000e+00,0.000000e+00,1.221311e+11,5.587935e-09,6.676975e-14,0.000000e+00,0.000000e+00,0.000000e+00,0.000000e+00,1.501622e+11,1.768565e+11,-6.942733e+08,2.278573e+06,1.968710e+08,1.295000e+03,-3.046966e+02,2.081374e+09,1.671044e+10,-1.718494e+08,9.174729e+05,9.351297e+07,3.350000e+02,-1.873073e+02,-3.686894e+07
1.140422e+00,1.541616e+11,1.963354e+11,9.121999e-08,9.626868e-08,-9.027448e+08,8.368962e+06,4.139845e-03,4.944609e+08,0.000000e+00,0.000000e+00,9.279013e+07,0.000000e+00,9.279013e+07,0.000000e+00,0.000000e+00,1.222575e+11,5.587935e-09,6.676975e-14,0.000000e+00,0.000000e+00,0.000000e+00,0.000000e+00,1.502730e+11,1.765510e+11,-6.937884e+08,2.261226e+06,1.992003e+08,1.312000e+03,-3.068196e+02,2.097819e+09,1.669109e+10,-1.717577e+08,9.158769e+05,9.421614e+07,3.480000e+02,-1.875336e+02,-3.749561e+07
1.161441e+00,1.543246e+11,1.961832e+11,7.669775e-08,9.865590e-08,-9.027448e+08,8.368962e+06,4.251996e-03,4.886977e+08,0.000000e+00,0.000000e+00,7.575076e+07,0.000000e+00,7.575076e+07,0.000000e+00,0.000000e+00,1.224195e+11,5.587935e-09,6.676975e-14,0.000000e+00,0.000000e+00,0.000000e+00,0.000000e+00,1.503873e+11,1.762116e+11,-6.930641e+08,2.253062e+06,2.024548e+08,1.320000e+03,-3.076098e+02,2.118051e+09,1.665234e+10,-1.715605e+08,9.153858e+05,9.501178e+07,3.520000e+02,-1.874188e+02,-3.838760e+07
1.182416e+00,1.544485e+11,1.960447e+11,1.094652e-07,9.958626e-08,-9.027448e+08,8.368962e+06,4.354616e-03,4.886172e+08,0.000000e+00,0.000000e+00,8.190622e+07,0.000000e+00,8.190622e+07,0.000000e+00,0.000000e+00,1.225566e+11,5.587935e-09,6.676975e-14,0.000000e+00,0.000000e+00,0.000000e+00,0.000000e+00,1.504688e+11,1.759510e+11,-6.925659e+08,2.241838e+06,2.050302e+08,1.331000e+03,-3.089277e+02,2.131335e+09,1.661910e+10,-1.713800e+08,9.148947e+05,9.575866e+07,3.560000e+02,-1.873221e+02,-3.902816e+07
1.203742e+00,1.545752e+11,1.959101e+11,8.370557e-08,7.152505e-08,-9.027448e+08,8.368962e+06,4.233349e-03,4.876511e+08,0.000000e+00,0.000000e+00,8.190350e+07,0.000000e+00,8.190350e+07,0.000000e+00,0.000000e+00,1.226843e+11,5.587935e-09,6.676975e-14,0.000000e+00,0.000000e+00,0.000000e+00,0.000000e+00,1.505505e+11,1.757256e+11,-6.921413e+08,2.226532e+06,2.074246e+08,1.346000e+03,-3.108607e+02,2.141601e+09,1.659681e+10,-1.712956e+08,9.144036e+05,9.641966e+07,3.600000e+02,-1.873304e+02,-3.954319e+07
1.220686e+00,1.546805e+11,1.957869e+11,7.637220e-08,-1.394365e-07,-9.027448e+08,8.368962e+06,4.238436e-03,4.995741e+08,0.000000e+00,0.000000e+00,7.983117e+07,0.000000e+00,7.983117e+07,0.000000e+00,0.000000e+00,1.227812e+11,5.587935e-09,6.676975e-14,0.000000e+00,0.000000e+00,0.000000e+00,0.000000e+00,1.506142e+11,1.755191e+11,-6.917553e+08,2.224491e+06,2.092022e+08,1.348000e+03,-3.109724e+02,2.149358e+09,1.656417e+10,-1.711425e+08,9.144036e+05,9.689398e+07,3.600000e+02,-1.871630e+02,-4.006572e+07
1.241924e+00,1.548021e+11,1.956732e+11,1.785892e-07,-3.293834e-06,-9.027448e+08,8.368962e+06,4.152932e-03,4.969061e+08,0.000000e+00,0.000000e+00,6.670222e+07,0.000000e+00,6.670222e+07,0.000000e+00,0.000000e+00,1.229116e+11,5.587935e-09,6.676975e-14,0.000000e+00,0.000000e+00,0.000000e+00,0.000000e+00,1.506878e+11,1.753777e+11,-6.915437e+08,2.220410e+06,2.113355e+08,1.352000e+03,-3.114487e+02,2.161580e+09,1.652696e+10,-1.709686e+08,9.140353e+05,9.747655e+07,3.630000e+02,-1.870481e+02,-4.039695e+07
1.262686e+00,1.549118e+11,1.955702e+11,7.617230e-07,-3.112955e-05,-9.027448e+08,8.368962e+06,4.151191e-03,4.882148e+08,0.000000e+00,0.000000e+00,6.223540e+07,0.000000e+00,6.223540e+07,0.000000e+00,0.000000e+00,1.230247e+11,5.587935e-09,6.676975e-14,0.000000e+00,0.000000e+00,0.000000e+00,0.000000e+00,1.507538e+11,1.752910e+11,-6.914760e+08,2.217348e+06,2.133142e+08,1.355000e+03,-3.118482e+02,2.168397e+09,1.650242e+10,-1.708557e+08,9.139126e+05,9.804958e+07,3.640000e+02,-1.869497e+02,-4.054837e+07
1.283439e+00,1.550181e+11,1.954625e+11,4.411180e-06,-2.012305e-04,-9.027448e+08,8.368962e+06,3.980228e-03,4.808442e+08,0.000000e+00,0.000000e+00,6.269971e+07,0.000000e+00,6.269971e+07,0.000000e+00,0.000000e+00,1.231345e+11,5.587935e-09,6.676975e-14,0.000000e+00,0.000000e+00,0.000000e+00,0.000000e+00,1.508159e+11,1.752040e+11,-6.914555e+08,2.209185e+06,2.151137e+08,1.363000e+03,-3.129912e+02,2.176956e+09,1.648191e+10,-1.707621e+08,9.139126e+05,9.861038e+07,3.640000e+02,-1.868473e+02,-4.067002e+07
1.303301e+00,1.551176e+11,1.953463e+11,1.794198e-05,-8.421929e-04,-9.027448e+08,8.368962e+06,4.335525e-03,4.817947e+08,0.000000e+00,0.000000e+00,6.624200e+07,0.000000e+00,6.624200e+07,0.000000e+00,0.000000e+00,1.232346e+11,5.587935e-09,6.676975e-14,0.000000e+00,0.000000e+00,0.000000e+00,0.000000e+00,1.508713e+11,1.750875e+11,-6.913425e+08,2.204083e+06,2.169446e+08,1.368000e+03,-3.136645e+02,2.189851e+09,1.645741e+10,-1.706424e+08,9.139126e+05,9.912010e+07,3.640000e+02,-1.867164e+02,-4.094108e+07
1.323912e+00,1.552404e+11,1.952176e+11,5.042049e-05,-2.516579e-03,-9.027449e+08,8.368962e+06,4.260719e-03,4.910817e+08,0.000000e+00,0.000000e+00,5.766825e+07,0.000000e+00,5.766825e+07,0.000000e+00,0.000000e+00,1.233443e+11,5.587935e-09,6.676975e-14,0.000000e+00,0.000000e+00,0.000000e+00,0.000000e+00,1.509455e+11,1.749473e+11,-6.911920e+08,2.198981e+06,2.186510e+08,1.373000e+03,-3.143238e+02,2.207066e+09,1.642310e+10,-1.704754e+08,9.139126e+05,9.966661e+07,3.640000e+02,-1.865336e+02,-4.124896e+07
1.340877e+00,1.553490e+11,1.951066e+11,7.701345e-05,-4.528595e-03,-9.027450e+08,8.368962e+06,4.191480e-03,4.897372e+08,0.000000e+00,0.000000e+00,5.252253e+07,0.000000e+00,5.252253e+07,0.000000e+00,0.000000e+00,1.234439e+11,5.587935e-09,6.676975e-14,0.000000e+00,0.000000e+00,0.000000e+00,0.000000e+00,1.510204e+11,1.748142e+11,-6.910456e+08,2.197960e+06,2.202075e+08,1.374000e+03,-3.144031e+02,2.217083e+09,1.639677e+10,-1.703695e+08,9.139126e+05,1.000995e+08,3.640000e+02,-1.864178e+02,-4.150558e+07
1.361849e+00,1.554847e+11,1.949671e+11,4.804195e-05,-6.755171e-03,-9.027452e+08,8.368962e+06,4.196347e-03,4.803409e+08,0.000000e+00,0.000000e+00,5.493254e+07,0.000000e+00,5.493254e+07,0.000000e+00,0.000000e+00,1.235680e+11,5.587935e-09,6.676975e-14,0.000000e+00,0.000000e+00,0.000000e+00,0.000000e+00,1.511191e+11,1.746066e+11,-6.908303e+08,2.197960e+06,2.218728e+08,1.374000e+03,-3.143051e+02,2.224123e+09,1.638041e+10,-1.702712e+08,9.139126e+05,1.006076e+08,3.640000e+02,-1.863102e+02,-4.181509e+07
1.382894e+00,1.556160e+11,1.948408e+11,-5.413937e-05,-1.034415e-02,-9.027453e+08,8.368962e+06,4.196235e-03,4.838084e+08,0.000000e+00,0.000000e+00,3.875994e+07,0.000000e+00,3.875994e+07,0.000000e+00,0.000000e+00,1.236955e+11,5.587935e-09,6.676975e-14,0.000000e+00,0.000000e+00,0.000000e+00,0.000000e+00,1.512150e+11,1.744141e+11,-6.906459e+08,2.197960e+06,2.236011e+08,1.374000e+03,-3.142213e+02,2.231677e+09,1.636227e+10,-1.701917e+08,9.139126e+05,1.010608e+08,3.640000e+02,-1.862232e+02,-4.205716e+07
1.403937e+00,1.557353e+11,1.947230e+11,-6.460392e-05,-2.000771e-02,-9.027453e+08,8.368962e+06,4.260718e-03,4.731716e+08,0.000000e+00,0.000000e+00,3.575037e+07,0.000000e+00,3.575037e+07,0.000000e+00,0.000000e+00,1.238305e+11,5.587935e-09,6.676975e-14,0.000000e+00,0.000000e+00,0.000000e+00,0.000000e+00,1.513057e+11,1.742821e+11,-6.905775e+08,2.196940e+06,2.255788e+08,1.375000e+03,-3.143361e+02,2.233937e+09,1.634801e+10,-1.701107e+08,9.139126e+05,1.014996e+08,3.640000e+02,-1.861345e+02,-4.219433e+07
1.420533e+00,1.558453e+11,1.946069e+11,-3.170475e-05,-2.795757e-02,-9.027452e+08,8.368962e+06,3.918618e-03,4.738059e+08,0.000000e+00,0.000000e+00,2.961812e+07,0.000000e+00,2.961812e+07,0.000000e+00,0.000000e+00,1.239411e+11,5.587935e-09,6.676975e-14,0.000000e+00,0.000000e+00,0.000000e+00,0.000000e+00,1.513957e+11,1.741704e+11,-6.905329e+08,2.196940e+06,2.272283e+08,1.375000e+03,-3.143157e+02,2.235056e+09,1.634321e+10,-1.700572e+08,9.139126e+05,1.018186e+08,3.640000e+02,-1.860760e+02,-4.229084e+07
1.441227e+00,1.560027e+11,1.943163e+11,-2.414770e-04,-2.908009e-02,-9.027448e+08,8.368962e+06,4.268229e-03,4.841235e+08,0.000000e+00,0.000000e+00,1.161399e+08,0.000000e+00,1.161399e+08,0.000000e+00,0.000000e+00,1.240926e+11,5.587935e-09,6.676975e-14,0.000000e+00,0.000000e+00,0.000000e+00,0.000000e+00,1.515286e+11,1.738990e+11,-6.904874e+08,2.194899e+06,2.301624e+08,1.377000e+03,-3.145872e+02,2.237243e+09,1.633071e+10,-1.699889e+08,9.139126e+05,1.021849e+08,3.640000e+02,-1.860013e+02,-4.239791e+07
1.462141e+00,1.562904e+11,1.938871e+11,-5.397528e-04,-2.806277e-02,-9.027440e+08,8.368962e+06,4.198067e-03,5.518184e+08,0.000000e+00,0.000000e+00,1.178320e+08,0.000000e+00,1.178320e+08,0.000000e+00,0.000000e+00,1.243170e+11,5.587935e-09,6.676975e-14,0.000000e+00,0.000000e+00,0.000000e+00,0.000000e+00,1.517872e+11,1.734846e+11,-6.904620e+08,2.183675e+06,2.347024e+08,1.388000e+03,-3.161927e+02,2.242832e+09,1.631745e+10,-1.699150e+08,9.139126e+05,1.025364e+08,3.640000e+02,-1.859204e+02,-4.249752e+07
1.483085e+00,1.565638e+11,1.935973e+11,-4.010010e-04,-2.599991e-02,-9.027429e+08,8.368962e+06,4.197975e-03,6.087192e+08,0.000000e+00,0.000000e+00,1.443696e+07,0.000000e+00,1.443696e+07,0.000000e+00,0.000000e+00,1.245695e+11,5.587935e-09,6.676975e-14,0.000000e+00,0.000000e+00,0.000000e+00,0.000000e+00,1.520366e+11,1.731954e+11,-6.904487e+08,2.179593e+06,2.395970e+08,1.392000e+03,-3.167787e+02,2.246541e+09,1.630570e+10,-1.698532e+08,9.139126e+05,1.028673e+08,3.640000e+02,-1.858528e+02,-4.256411e+07
1.503591e+00,1.567011e+11,1.934678e+11,-8.163998e-05,-1.943781e-02,-9.027418e+08,8.368962e+06,4.141646e-03,6.008023e+08,0.000000e+00,0.000000e+00,1.119552e+07,0.000000e+00,1.119552e+07,0.000000e+00,0.000000e+00,1.247378e+11,5.587935e-09,6.676975e-14,0.000000e+00,0.000000e+00,0.000000e+00,0.000000e+00,1.521570e+11,1.730622e+11,-6.904303e+08,2.162246e+06,2.431311e+08,1.409000e+03,-3.193116e+02,2.247444e+09,1.629718e+10,-1.698143e+08,9.139126e+05,1.031660e+08,3.640000e+02,-1.858102e+02,-4.262468e+07
1.523853e+00,1.567679e+11,1.933986e+11,1.089078e-04,-2.317051e-02,-9.027406e+08,8.368962e+06,3.970545e-03,5.975422e+08,0.000000e+00,0.000000e+00,1.125829e+07,0.000000e+00,1.125829e+07,0.000000e+00,0.000000e+00,1.248366e+11,5.587935e-09,6.676975e-14,0.000000e+00,0.000000e+00,0.000000e+00,0.000000e+00,1.522068e+11,1.729974e+11,-6.904095e+08,2.127552e+06,2.458526e+08,1.443000e+03,-3.245088e+02,2.249549e+09,1.629050e+10,-1.697677e+08,9.139126e+05,1.034361e+08,3.640000e+02,-1.857593e+02,-4.269214e+07
1.543503e+00,1.568157e+11,1.933507e+11,1.570376e-05,-1.406833e-02,-9.027392e+08,8.368962e+06,3.918611e-03,5.932574e+08,0.000000e+00,0.000000e+00,1.236524e+07,0.000000e+00,1.236524e+07,0.000000e+00,0.000000e+00,1.249036e+11,5.587935e-09,6.676975e-14,0.000000e+00,0.000000e+00,0.000000e+00,0.000000e+00,1.522374e+11,1.729613e+11,-6.904026e+08,2.100001e+06,2.480172e+08,1.470000e+03,-3.287629e+02,2.253586e+09,1.627860e+10,-1.697149e+08,9.139126e+05,1.036961e+08,3.640000e+02,-1.857014e+02,-4.275402e+07
1.562261e+00,1.568573e+11,1.933057e+11,2.111544e-04,1.040178e-02,-9.027380e+08,8.368962e+06,3.484866e-03,5.889421e+08,0.000000e+00,0.000000e+00,1.626223e+07,0.000000e+00,1.626223e+07,0.000000e+00,0.000000e+00,1.249587e+11,5.587935e-09,6.676975e-14,0.000000e+00,0.000000e+00,0.000000e+00,0.000000e+00,1.522641e+11,1.729348e+11,-6.904025e+08,2.091838e+06,2.500014e+08,1.478000e+03,-3.300459e+02,2.256588e+09,1.626454e+10,-1.696336e+08,9.139126e+05,1.039350e+08,3.640000e+02,-1.856125e+02,-4.283884e+07
1.583169e+00,1.569174e+11,1.932304e+11,1.595663e-03,1.491373e-02,-9.027373e+08,8.368962e+06,3.484244e-03,5.964700e+08,0.000000e+00,0.000000e+00,2.101486e+07,0.000000e+00,2.101486e+07,0.000000e+00,0.000000e+00,1.250187e+11,5.587935e-09,6.676975e-14,0.000000e+00,0.000000e+00,0.000000e+00,0.000000e+00,1.523083e+11,1.728729e+11,-6.904025e+08,2.081634e+06,2.520205e+08,1.488000e+03,-3.316637e+02,2.259442e+09,1.625385e+10,-1.695452e+08,9.139126e+05,1.041826e+08,3.640000e+02,-1.855157e+02,-4.292527e+07
1.600591e+00,1.569719e+11,1.931832e+11,2.171651e-03,-7.179664e-03,-9.027377e+08,8.368962e+06,3.485319e-03,5.863423e+08,0.000000e+00,0.000000e+00,1.846042e+07,0.000000e+00,1.846042e+07,0.000000e+00,0.000000e+00,1.250707e+11,5.587935e-09,6.676975e-14,0.000000e+00,0.000000e+00,0.000000e+00,0.000000e+00,1.523511e+11,1.728379e+11,-6.904025e+08,2.078573e+06,2.536846e+08,1.491000e+03,-3.321522e+02,2.261023e+09,1.624526e+10,-1.694827e+08,9.139126e+05,1.043902e+08,3.640000e+02,-1.854474e+02,-4.298370e+07
1.622169e+00,1.570318e+11,1.931068e+11,-1.721588e-03,-6.897797e-02,-9.027395e+08,8.368962e+06,3.921214e-03,5.913523e+08,0.000000e+00,0.000000e+00,2.212048e+07,0.000000e+00,2.212048e+07,0.000000e+00,0.000000e+00,1.251362e+11,5.587935e-09,6.676975e-14,0.000000e+00,0.000000e+00,0.000000e+00,0.000000e+00,1.523984e+11,1.727789e+11,-6.904025e+08,2.075512e+06,2.558008e+08,1.494000e+03,-3.326421e+02,2.262207e+09,1.623582e+10,-1.694395e+08,9.139126e+05,1.046325e+08,3.640000e+02,-1.854001e+02,-4.302260e+07
1.641427e+00,1.571001e+11,1.930360e+11,-1.261249e-02,-2.217019e-01,-9.027420e+08,8.368962e+06,3.910364e-03,5.807862e+08,0.000000e+00,0.000000e+00,2.476529e+07,0.000000e+00,2.476529e+07,0.000000e+00,0.000000e+00,1.251966e+11,5.587935e-09,6.676975e-14,0.000000e+00,0.000000e+00,0.000000e+00,0.000000e+00,1.524545e+11,1.727214e+11,-6.904088e+08,2.072450e+06,2.577952e+08,1.497000e+03,-3.331365e+02,2.264286e+09,1.622847e+10,-1.694036e+08,9.139126e+05,1.048336e+08,3.640000e+02,-1.853609e+02,-4.305493e+07
1.661406e+00,1.571929e+11,1.929143e+11,-4.722895e-02,-7.648959e-01,-9.027452e+08,8.368962e+06,4.500906e-03,5.884092e+08,0.000000e+00,0.000000e+00,3.694848e+07,0.000000e+00,3.694848e+07,0.000000e+00,0.000000e+00,1.252635e+11,5.587935e-09,6.676975e-14,0.000000e+00,0.000000e+00,0.000000e+00,0.000000e+00,1.525278e+11,1.726216e+11,-6.904392e+08,2.069389e+06,2.599017e+08,1.500000e+03,-3.336440e+02,2.272704e+09,1.621583e+10,-1.693219e+08,9.139126e+05,1.050706e+08,3.640000e+02,-1.852715e+02,-4.310796e+07
1.683809e+00,1.573202e+11,1.927961e+11,-2.317794e-01,-2.590311e+00,-9.027492e+08,8.368962e+06,4.520432e-03,5.810924e+08,0.000000e+00,0.000000e+00,2.497620e+07,0.000000e+00,2.497620e+07,0.000000e+00,0.000000e+00,1.253590e+11,5.587935e-09,6.676975e-14,0.000000e+00,0.000000e+00,0.000000e+00,0.000000e+00,1.526304e+11,1.725255e+11,-6.904780e+08,2.067348e+06,2.625495e+08,1.502000e+03,-3.339921e+02,2.285342e+09,1.619573e+10,-1.692286e+08,9.139126e+05,1.053318e+08,3.640000e+02,-1.851693e+02,-4.315782e+07
1.701419e+00,1.574107e+11,1.926899e+11,-7.358610e-01,-5.183795e+00,-9.027524e+08,8.368962e+06,4.359850e-03,5.907580e+08,0.000000e+00,0.000000e+00,2.271474e+07,0.000000e+00,2.271474e+07,0.000000e+00,0.000000e+00,1.254372e+11,5.587935e-09,6.676975e-14,0.000000e+00,0.000000e+00,0.000000e+00,0.000000e+00,1.527033e+11,1.724372e+11,-6.904912e+08,2.064287e+06,2.645830e+08,1.505000e+03,-3.344938e+02,2.294512e+09,1.618529e+10,-1.691964e+08,9.139126e+05,1.055295e+08,3.640000e+02,-1.851341e+02,-4.317471e+07
1.722852e+00,1.575157e+11,1.925600e+11,-2.118869e+00,-9.238437e+00,-9.027560e+08,8.368962e+06,3.972702e-03,5.865581e+08,0.000000e+00,0.000000e+00,3.902250e+07,0.000000e+00,3.902250e+07,0.000000e+00,0.000000e+00,1.255356e+11,5.587935e-09,6.676975e-14,0.000000e+00,0.000000e+00,0.000000e+00,0.000000e+00,1.527875e+11,1.723329e+11,-6.904997e+08,2.060205e+06,2.668894e+08,1.509000e+03,-3.351606e+02,2.305240e+09,1.616349e+10,-1.691315e+08,9.135442e+05,1.057801e+08,3.670000e+02,-1.851377e+02,-4.324018e+07
1.743850e+00,1.576225e+11,1.924110e+11,-3.330485e+00,-1.574085e+01,-9.027583e+08,8.368962e+06,4.511302e-03,6.052484e+08,0.000000e+00,0.000000e+00,2.757313e+07,0.000000e+00,2.757313e+07,0.000000e+00,0.000000e+00,1.256274e+11,5.587935e-09,6.676975e-14,0.000000e+00,0.000000e+00,0.000000e+00,0.000000e+00,1.528626e+11,1.721789e+11,-6.904205e+08,2.054083e+06,2.689428e+08,1.515000e+03,-3.361211e+02,2.327337e+09,1.617095e+10,-1.691496e+08,9.134214e+05,1.061384e+08,3.680000e+02,-1.851824e+02,-4.330192e+07
1.761904e+00,1.576887e+11,1.923082e+11,-1.366951e+00,-2.801391e+01,-9.027592e+08,8.368962e+06,4.509958e-03,6.111286e+08,0.000000e+00,0.000000e+00,4.367564e+07,0.000000e+00,4.367564e+07,0.000000e+00,0.000000e+00,1.257043e+11,5.587935e-09,6.676975e-14,0.000000e+00,0.000000e+00,0.000000e+00,0.000000e+00,1.529006e+11,1.720845e+11,-6.903724e+08,2.051022e+06,2.705996e+08,1.518000e+03,-3.365992e+02,2.347118e+09,1.616175e+10,-1.691220e+08,9.134214e+05,1.065176e+08,3.680000e+02,-1.851522e+02,-4.338382e+07
1.784313e+00,1.577726e+11,1.921571e+11,7.504117e+00,-5.698305e+01,-9.027585e+08,8.368962e+06,4.360634e-03,6.283615e+08,0.000000e+00,0.000000e+00,5.418244e+07,0.000000e+00,5.418244e+07,0.000000e+00,0.000000e+00,1.257899e+11,5.587935e-09,6.676975e-14,0.000000e+00,0.000000e+00,0.000000e+00,0.000000e+00,1.529550e+11,1.719635e+11,-6.903729e+08,2.046940e+06,2.732404e+08,1.522000e+03,-3.372707e+02,2.366599e+09,1.614258e+10,-1.690182e+08,9.131759e+05,1.069788e+08,3.700000e+02,-1.850883e+02,-4.348495e+07
1.801755e+00,1.578862e+11,1.919913e+11,1.411035e+01,-8.894993e+01,-9.027564e+08,8.368962e+06,4.359751e-03,6.392188e+08,0.000000e+00,0.000000e+00,5.383309e+07,0.000000e+00,5.383309e+07,0.000000e+00,0.000000e+00,1.258743e+11,5.587935e-09,6.676975e-14,0.000000e+00,0.000000e+00,0.000000e+00,0.000000e+00,1.530545e+11,1.718072e+11,-6.903731e+08,2.046940e+06,2.762631e+08,1.522000e+03,-3.372708e+02,2.373179e+09,1.613209e+10,-1.689543e+08,9.120709e+05,1.072497e+08,3.790000e+02,-1.852425e+02,-4.353993e+07
1.824130e+00,1.580090e+11,1.918029e+11,1.156818e+01,-1.355204e+02,-9.027516e+08,8.368962e+06,4.521013e-03,6.838447e+08,0.000000e+00,0.000000e+00,1.783586e+07,0.000000e+00,1.783586e+07,0.000000e+00,0.000000e+00,1.259883e+11,5.587935e-09,6.676975e-14,0.000000e+00,0.000000e+00,0.000000e+00,0.000000e+00,1.531670e+11,1.716195e+11,-6.903731e+08,2.044899e+06,2.796603e+08,1.524000e+03,-3.376074e+02,2.374248e+09,1.612696e+10,-1.689085e+08,9.112116e+05,1.074940e+08,3.860000e+02,-1.853669e+02,-4.358293e+07
1.842179e+00,1.580861e+11,1.917227e+11,5.980927e+00,-1.679019e+02,-9.027462e+08,8.368962e+06,4.368606e-03,6.846538e+08,0.000000e+00,0.000000e+00,1.238695e+07,0.000000e+00,1.238695e+07,0.000000e+00,0.000000e+00,1.260637e+11,5.587935e-09,6.676975e-14,0.000000e+00,0.000000e+00,0.000000e+00,0.000000e+00,1.532356e+11,1.715409e+11,-6.903731e+08,2.039797e+06,2.821370e+08,1.529000e+03,-3.384518e+02,2.374895e+09,1.612453e+10,-1.688823e+08,9.104749e+05,1.076546e+08,3.920000e+02,-1.854881e+02,-4.360700e+07
1.863986e+00,1.581638e+11,1.916411e+11,8.080400e+00,-1.863399e+02,-9.027383e+08,8.368962e+06,4.358246e-03,6.794993e+08,0.000000e+00,0.000000e+00,1.017659e+07,0.000000e+00,1.017659e+07,0.000000e+00,0.000000e+00,1.261413e+11,5.587935e-09,6.676975e-14,0.000000e+00,0.000000e+00,0.000000e+00,0.000000e+00,1.533047e+11,1.714674e+11,-6.903731e+08,2.023471e+06,2.850359e+08,1.545000e+03,-3.411826e+02,2.374758e+09,1.612399e+10,-1.688656e+08,9.104749e+05,1.078293e+08,3.920000e+02,-1.854698e+02,-4.362024e+07
1.881566e+00,1.582168e+11,1.915640e+11,7.248397e+00,-1.765319e+02,-9.027313e+08,8.368962e+06,4.366383e-03,6.899126e+08,0.000000e+00,0.000000e+00,1.680811e+07,0.000000e+00,1.680811e+07,0.000000e+00,0.000000e+00,1.262004e+11,5.587935e-09,6.676975e-14,0.000000e+00,0.000000e+00,0.000000e+00,0.000000e+00,1.533517e+11,1.714013e+11,-6.903731e+08,2.010205e+06,2.872522e+08,1.558000e+03,-3.434341e+02,2.373706e+09,1.612485e+10,-1.688623e+08,9.104749e+05,1.079677e+08,3.920000e+02,-1.854662e+02,-4.362187e+07
1.903365e+00,1.582755e+11,1.915185e+11,-1.022867e+01,-9.897396e+01,-9.027215e+08,8.368962e+06,4.357906e-03,6.755123e+08,0.000000e+00,0.000000e+00,1.010288e+07,0.000000e+00,1.010288e+07,0.000000e+00,0.000000e+00,1.262759e+11,5.587935e-09,6.676975e-14,0.000000e+00,0.000000e+00,0.000000e+00,0.000000e+00,1.534022e+11,1.713584e+11,-6.903731e+08,2.000001e+06,2.904820e+08,1.568000e+03,-3.451863e+02,2.373051e+09,1.612492e+10,-1.688623e+08,9.104749e+05,1.081283e+08,3.920000e+02,-1.854662e+02,-4.362185e+07
1.920798e+00,1.583108e+11,1.914595e+11,-2.098258e+01,3.505345e+01,-9.027118e+08,8.368962e+06,4.358415e-03,6.817713e+08,0.000000e+00,0.000000e+00,2.090340e+07,0.000000e+00,2.090340e+07,0.000000e+00,0.000000e+00,1.263217e+11,5.587935e-09,6.676975e-14,0.000000e+00,0.000000e+00,0.000000e+00,0.000000e+00,1.534293e+11,1.713038e+11,-6.903772e+08,1.991838e+06,2.927683e+08,1.576000e+03,-3.466031e+02,2.374378e+09,1.612696e+10,-1.688587e+08,9.104749e+05,1.082764e+08,3.920000e+02,-1.854622e+02,-4.362099e+07
1.942732e+00,1.583782e+11,1.913886e+11,-1.411169e+01,2.327947e+02,-9.026961e+08,8.368962e+06,4.505495e-03,6.698748e+08,0.000000e+00,0.000000e+00,1.758412e+07,0.000000e+00,1.758412e+07,0.000000e+00,0.000000e+00,1.263802e+11,5.587935e-09,6.676975e-14,0.000000e+00,0.000000e+00,0.000000e+00,0.000000e+00,1.534849e+11,1.712476e+11,-6.903855e+08,1.971430e+06,2.964785e+08,1.596000e+03,-3.501954e+02,2.377940e+09,1.612530e+10,-1.688534e+08,9.104749e+05,1.084976e+08,3.920000e+02,-1.854564e+02,-4.361747e+07
1.960161e+00,1.584346e+11,1.913250e+11,-1.154807e+01,3.982645e+02,-9.026800e+08,8.368962e+06,4.482876e-03,6.694052e+08,0.000000e+00,0.000000e+00,1.830765e+07,0.000000e+00,1.830765e+07,0.000000e+00,0.000000e+00,1.264279e+11,5.587935e-09,6.676975e-14,0.000000e+00,0.000000e+00,0.000000e+00,0.000000e+00,1.535319e+11,1.711888e+11,-6.903908e+08,1.952042e+06,2.989158e+08,1.615000e+03,-3.536762e+02,2.380428e+09,1.612450e+10,-1.688445e+08,9.104749e+05,1.086668e+08,3.920000e+02,-1.854466e+02,-4.362447e+07
1.982672e+00,1.585225e+11,1.912397e+11,-3.197933e+01,7.414423e+02,-9.026538e+08,8.368962e+06,4.496797e-03,6.648593e+08,0.000000e+00,0.000000e+00,1.531452e+07,0.000000e+00,1.531452e+07,0.000000e+00,0.000000e+00,1.264951e+11,5.587935e-09,6.676975e-14,0.000000e+00,0.000000e+00,0.000000e+00,0.000000e+00,1.536046e+11,1.711146e+11,-6.903993e+08,1.951022e+06,3.016594e+08,1.616000e+03,-3.538655e+02,2.387179e+09,1.612266e+10,-1.688228e+08,9.104749e+05,1.089007e+08,3.920000e+02,-1.854228e+02,-4.363771e+07
2.000697e+00,1.585889e+11,1.911643e+11,-4.835560e+01,1.101531e+03,-9.026280e+08,8.368962e+06,4.506392e-03,6.705290e+08,0.000000e+00,0.000000e+00,1.392089e+07,0.000000e+00,1.392089e+07,0.000000e+00,0.000000e+00,1.265496e+11,5.587935e-09,6.676975e-14,0.000000e+00,0.000000e+00,0.000000e+00,0.000000e+00,1.536594e+11,1.710467e+11,-6.904034e+08,1.950001e+06,3.037894e+08,1.617000e+03,-3.540528e+02,2.392484e+09,1.611999e+10,-1.688096e+08,9.104749e+05,1.090860e+08,3.920000e+02,-1.854083e+02,-4.364552e+07
2.023244e+00,1.586605e+11,1.910910e+11,-3.673209e+01,1.498633e+03,-9.025889e+08,8.368962e+06,4.509326e-03,6.717821e+08,0.000000e+00,0.000000e+00,7.550324e+06,0.000000e+00,7.550324e+06,0.000000e+00,0.000000e+00,1.266128e+11,5.587935e-09,6.676975e-14,0.000000e+00,0.000000e+00,0.000000e+00,0.000000e+00,1.537188e+11,1.709829e+11,-6.904061e+08,1.947960e+06,3.060298e+08,1.619000e+03,-3.544251e+02,2.396592e+09,1.611742e+10,-1.688033e+08,9.104749e+05,1.093228e+08,3.920000e+02,-1.854014e+02,-4.364796e+07
2.041288e+00,1.587074e+11,1.910256e+11,-1.679229e+00,1.768733e+03,-9.025516e+08,8.368962e+06,4.513470e-03,6.808386e+08,0.000000e+00,0.000000e+00,1.084670e+07,0.000000e+00,1.084670e+07,0.000000e+00,0.000000e+00,1.266688e+11,5.587935e-09,6.676975e-14,0.000000e+00,0.000000e+00,0.000000e+00,0.000000e+00,1.537562e+11,1.709218e+11,-6.904046e+08,1.937756e+06,3.078512e+08,1.629000e+03,-3.562907e+02,2.399517e+09,1.611667e+10,-1.688042e+08,9.104749e+05,1.094935e+08,3.920000e+02,-1.854023e+02,-4.364854e+07
2.063702e+00,1.587806e+11,1.909459e+11,4.140161e+01,2.034401e+03,-9.024984e+08,8.368962e+06,4.512814e-03,6.782577e+08,0.000000e+00,0.000000e+00,1.222863e+07,0.000000e+00,1.222863e+07,0.000000e+00,0.000000e+00,1.267383e+11,5.587935e-09,6.676975e-14,0.000000e+00,0.000000e+00,0.000000e+00,0.000000e+00,1.538144e+11,1.708475e+11,-6.903877e+08,1.927552e+06,3.100297e+08,1.639000e+03,-3.581681e+02,2.406192e+09,1.612208e+10,-1.688126e+08,9.101066e+05,1.097032e+08,3.950000e+02,-1.854866e+02,-4.366237e+07
2.081464e+00,1.588427e+11,1.908704e+11,5.521421e+01,2.193591e+03,-9.024518e+08,8.368962e+06,4.530028e-03,6.865028e+08,0.000000e+00,0.000000e+00,1.127961e+07,0.000000e+00,1.127961e+07,0.000000e+00,0.000000e+00,1.268041e+11,5.587935e-09,6.676975e-14,0.000000e+00,0.000000e+00,0.000000e+00,0.000000e+00,1.538617e+11,1.707660e+11,-6.903749e+08,1.927552e+06,3.118880e+08,1.639000e+03,-3.581615e+02,2.412645e+09,1.612218e+10,-1.688067e+08,9.101066e+05,1.098580e+08,3.950000e+02,-1.854801e+02,-4.367806e+07
2.103443e+00,1.589250e+11,1.907666e+11,5.148052e+01,2.373769e+03,-9.023912e+08,8.368962e+06,4.360095e-03,6.768589e+08,0.000000e+00,0.000000e+00,1.492448e+07,0.000000e+00,1.492448e+07,0.000000e+00,0.000000e+00,1.268776e+11,5.587935e-09,6.676975e-14,0.000000e+00,0.000000e+00,0.000000e+00,0.000000e+00,1.539273e+11,1.706685e+11,-6.903642e+08,1.925511e+06,3.144157e+08,1.641000e+03,-3.585355e+02,2.420588e+09,1.612051e+10,-1.688058e+08,9.099838e+05,1.100717e+08,3.960000e+02,-1.855041e+02,-4.369082e+07
2.120131e+00,1.589886e+11,1.906710e+11,3.899867e+01,2.423718e+03,-9.023446e+08,8.368962e+06,3.971767e-03,6.927412e+08,0.000000e+00,0.000000e+00,2.083617e+07,0.000000e+00,2.083617e+07,0.000000e+00,0.000000e+00,1.269405e+11,5.587935e-09,6.676975e-14,0.000000e+00,0.000000e+00,0.000000e+00,0.000000e+00,1.539701e+11,1.705700e+11,-6.903475e+08,1.922450e+06,3.161706e+08,1.644000e+03,-3.590977e+02,2.435187e+09,1.612854e+10,-1.688104e+08,9.099838e+05,1.102811e+08,3.960000e+02,-1.855092e+02,-4.370163e+07
2.140741e+00,1.590931e+11,1.904647e+11,7.312745e+00,2.322105e+03,-9.022883e+08,8.368962e+06,4.359909e-03,7.032527e+08,0.000000e+00,0.000000e+00,5.554971e+07,0.000000e+00,5.554971e+07,0.000000e+00,0.000000e+00,1.270239e+11,5.587935e-09,6.676975e-14,0.000000e+00,0.000000e+00,0.000000e+00,0.000000e+00,1.540458e+11,1.704077e+11,-6.903375e+08,1.912246e+06,3.197239e+08,1.654000e+03,-3.610087e+02,2.457305e+09,1.611798e+10,-1.688133e+08,9.094928e+05,1.105635e+08,4.000000e+02,-1.856126e+02,-4.370725e+07
2.162541e+00,1.592068e+11,1.902925e+11,-4.325086e+01,2.164263e+03,-9.022332e+08,8.368962e+06,4.359767e-03,7.451150e+08,0.000000e+00,0.000000e+00,1.878997e+07,0.000000e+00,1.878997e+07,0.000000e+00,0.000000e+00,1.271274e+11,5.587935e-09,6.676975e-14,0.000000e+00,0.000000e+00,0.000000e+00,0.000000e+00,1.541376e+11,1.702503e+11,-6.903375e+08,1.908164e+06,3.251205e+08,1.658000e+03,-3.617809e+02,2.472474e+09,1.610296e+10,-1.688120e+08,9.090017e+05,1.107573e+08,4.040000e+02,-1.857114e+02,-4.370809e+07
2.184339e+00,1.593327e+11,1.900288e+11,-7.747321e+01,2.067156e+03,-9.021850e+08,8.368962e+06,4.359782e-03,7.422236e+08,0.000000e+00,0.000000e+00,7.607467e+07,0.000000e+00,7.607467e+07,0.000000e+00,0.000000e+00,1.272276e+11,5.587935e-09,6.676975e-14,0.000000e+00,0.000000e+00,0.000000e+00,0.000000e+00,1.542448e+11,1.700046e+11,-6.903375e+08,1.889797e+06,3.298816e+08,1.676000e+03,-3.652971e+02,2.484993e+09,1.609027e+10,-1.688028e+08,9.081422e+05,1.109296e+08,4.110000e+02,-1.858771e+02,-4.372106e+07
2.202110e+00,1.594622e+11,1.898734e+11,-7.496814e+01,2.069302e+03,-9.021515e+08,8.368962e+06,4.360590e-03,7.717496e+08,0.000000e+00,0.000000e+00,1.190737e+07,0.000000e+00,1.190737e+07,0.000000e+00,0.000000e+00,1.273046e+11,5.587935e-09,6.676975e-14,0.000000e+00,0.000000e+00,0.000000e+00,0.000000e+00,1.543611e+11,1.698510e+11,-6.903375e+08,1.886736e+06,3.362009e+08,1.679000e+03,-3.658898e+02,2.493192e+09,1.608107e+10,-1.687914e+08,9.072829e+05,1.110534e+08,4.180000e+02,-1.860406e+02,-4.372860e+07
2.223910e+00,1.595377e+11,1.897391e+11,-4.034264e+01,2.113682e+03,-9.021168e+08,8.368962e+06,4.359644e-03,7.815451e+08,0.000000e+00,0.000000e+00,1.169458e+07,0.000000e+00,1.169458e+07,0.000000e+00,0.000000e+00,1.274191e+11,5.587935e-09,6.676975e-14,0.000000e+00,0.000000e+00,0.000000e+00,0.000000e+00,1.544236e+11,1.697173e+11,-6.903370e+08,1.865307e+06,3.458251e+08,1.700000e+03,-3.700929e+02,2.500035e+09,1.607419e+10,-1.687914e+08,9.072829e+05,1.112095e+08,4.180000e+02,-1.860405e+02,-4.372908e+07
2.241348e+00,1.596138e+11,1.896206e+11,1.200026e+00,2.117722e+03,-9.020936e+08,8.368962e+06,4.360511e-03,7.662228e+08,0.000000e+00,0.000000e+00,2.471612e+07,0.000000e+00,2.471612e+07,0.000000e+00,0.000000e+00,1.274921e+11,5.587935e-09,6.676975e-14,0.000000e+00,0.000000e+00,0.000000e+00,0.000000e+00,1.544885e+11,1.696147e+11,-6.903435e+08,1.860205e+06,3.532736e+08,1.705000e+03,-3.711115e+02,2.506255e+09,1.606976e+10,-1.687806e+08,9.070373e+05,1.113437e+08,4.200000e+02,-1.860790e+02,-4.373521e+07
2.263618e+00,1.597182e+11,1.895055e+11,5.774919e+01,2.192601e+03,-9.020692e+08,8.368962e+06,4.532221e-03,7.501702e+08,0.000000e+00,0.000000e+00,1.817754e+07,0.000000e+00,1.817754e+07,0.000000e+00,0.000000e+00,1.275790e+11,5.587935e-09,6.676975e-14,0.000000e+00,0.000000e+00,0.000000e+00,0.000000e+00,1.545787e+11,1.695001e+11,-6.903709e+08,1.841838e+06,3.612346e+08,1.723000e+03,-3.748272e+02,2.513731e+09,1.606639e+10,-1.687490e+08,9.067918e+05,1.115198e+08,4.220000e+02,-1.860945e+02,-4.373656e+07
2.281735e+00,1.597760e+11,1.894352e+11,1.169254e+02,2.535004e+03,-9.020538e+08,8.368962e+06,4.530495e-03,7.634883e+08,0.000000e+00,0.000000e+00,8.998564e+06,0.000000e+00,8.998564e+06,0.000000e+00,0.000000e+00,1.276463e+11,5.587935e-09,6.676975e-14,0.000000e+00,0.000000e+00,0.000000e+00,0.000000e+00,1.546278e+11,1.694354e+11,-6.903804e+08,1.821430e+06,3.666124e+08,1.743000e+03,-3.790321e+02,2.516911e+09,1.606449e+10,-1.687435e+08,9.067918e+05,1.116820e+08,4.220000e+02,-1.860885e+02,-4.373299e+07
2.304404e+00,1.598256e+11,1.893980e+11,2.492095e+02,3.364231e+03,-9.020394e+08,8.368962e+06,4.527166e-03,7.380442e+08,0.000000e+00,0.000000e+00,1.056478e+07,0.000000e+00,1.056478e+07,0.000000e+00,0.000000e+00,1.277367e+11,5.587935e-09,6.676975e-14,0.000000e+00,0.000000e+00,0.000000e+00,0.000000e+00,1.546669e+11,1.694051e+11,-6.903804e+08,1.814287e+06,3.731420e+08,1.750000e+03,-3.805244e+02,2.520805e+09,1.606243e+10,-1.687454e+08,9.067918e+05,1.118742e+08,4.220000e+02,-1.860905e+02,-4.373156e+07
2.322536e+00,1.598728e+11,1.893582e+11,3.980218e+02,4.057742e+03,-9.020310e+08,8.368962e+06,4.534160e-03,7.291746e+08,0.000000e+00,0.000000e+00,1.038542e+07,0.000000e+00,1.038542e+07,0.000000e+00,0.000000e+00,1.277844e+11,5.587935e-09,6.676975e-14,0.000000e+00,0.000000e+00,0.000000e+00,0.000000e+00,1.547069e+11,1.693710e+11,-6.903816e+08,1.805103e+06,3.768661e+08,1.759000e+03,-3.824611e+02,2.522926e+09,1.606039e+10,-1.687430e+08,9.067918e+05,1.120237e+08,4.220000e+02,-1.860879e+02,-4.373351e+07
2.340641e+00,1.598939e+11,1.893373e+11,5.410169e+02,4.553175e+03,-9.020246e+08,8.368962e+06,4.521294e-03,7.215672e+08,0.000000e+00,0.000000e+00,1.130677e+07,0.000000e+00,1.130677e+07,0.000000e+00,0.000000e+00,1.278217e+11,5.587935e-09,6.676975e-14,0.000000e+00,0.000000e+00,0.000000e+00,0.000000e+00,1.547208e+11,1.693555e+11,-6.903830e+08,1.783674e+06,3.805593e+08,1.780000e+03,-3.870566e+02,2.525215e+09,1.605829e+10,-1.687386e+08,9.067918e+05,1.121566e+08,4.220000e+02,-1.860831e+02,-4.373617e+07
2.363281e+00,1.599265e+11,1.892924e+11,6.703315e+02,4.948049e+03,-9.020192e+08,8.368962e+06,4.529442e-03,7.177070e+08,0.000000e+00,0.000000e+00,1.983944e+07,0.000000e+00,1.983944e+07,0.000000e+00,0.000000e+00,1.278591e+11,5.587935e-09,6.676975e-14,0.000000e+00,0.000000e+00,0.000000e+00,0.000000e+00,1.547440e+11,1.693158e+11,-6.903667e+08,1.765307e+06,3.847063e+08,1.798000e+03,-3.910746e+02,2.528848e+09,1.606087e+10,-1.687535e+08,9.065462e+05,1.123101e+08,4.240000e+02,-1.861499e+02,-4.373714e+07
2.381395e+00,1.599534e+11,1.892567e+11,7.110751e+02,5.339980e+03,-9.020182e+08,8.368962e+06,4.532598e-03,7.199078e+08,0.000000e+00,0.000000e+00,1.958110e+07,0.000000e+00,1.958110e+07,0.000000e+00,0.000000e+00,1.278898e+11,5.587935e-09,6.676975e-14,0.000000e+00,0.000000e+00,0.000000e+00,0.000000e+00,1.547614e+11,1.692717e+11,-6.903412e+08,1.759185e+06,3.882765e+08,1.804000e+03,-3.924211e+02,2.533918e+09,1.607191e+10,-1.687789e+08,9.064234e+05,1.124416e+08,4.250000e+02,-1.862032e+02,-4.373715e+07
2.404062e+00,1.599827e+11,1.892312e+11,6.726591e+02,6.159535e+03,-9.020235e+08,8.368962e+06,4.533422e-03,7.188803e+08,0.000000e+00,0.000000e+00,1.320774e+07,0.000000e+00,1.320774e+07,0.000000e+00,0.000000e+00,1.279278e+11,5.587935e-09,6.676975e-14,0.000000e+00,0.000000e+00,0.000000e+00,0.000000e+00,1.547778e+11,1.692402e+11,-6.903331e+08,1.755103e+06,3.921886e+08,1.808000e+03,-3.933291e+02,2.541448e+09,1.608179e+10,-1.687871e+08,9.063007e+05,1.126183e+08,4.260000e+02,-1.862374e+02,-4.373715e+07
2.422156e+00,1.600048e+11,1.892049e+11,5.884156e+02,6.863071e+03,-9.020328e+08,8.368962e+06,4.368631e-03,7.197843e+08,0.000000e+00,0.000000e+00,1.203949e+07,0.000000e+00,1.203949e+07,0.000000e+00,0.000000e+00,1.279557e+11,5.587935e-09,6.676975e-14,0.000000e+00,0.000000e+00,0.000000e+00,0.000000e+00,1.547890e+11,1.692214e+11,-6.903321e+08,1.752042e+06,3.949368e+08,1.811000e+03,-3.940157e+02,2.548217e+09,1.607807e+10,-1.687880e+08,9.063007e+05,1.127805e+08,4.260000e+02,-1.862385e+02,-4.373715e+07
2.443965e+00,1.600275e+11,1.891898e+11,4.740888e+02,7.404100e+03,-9.020495e+08,8.368962e+06,4.360021e-03,7.099380e+08,0.000000e+00,0.000000e+00,1.255627e+07,0.000000e+00,1.255627e+07,0.000000e+00,0.000000e+00,1.279870e+11,5.587935e-09,6.676975e-14,0.000000e+00,0.000000e+00,0.000000e+00,0.000000e+00,1.547992e+11,1.692152e+11,-6.903299e+08,1.751022e+06,3.977644e+08,1.812000e+03,-3.942441e+02,2.555457e+09,1.607354e+10,-1.687902e+08,9.063007e+05,1.129700e+08,4.260000e+02,-1.862409e+02,-4.373715e+07
2.461405e+00,1.600400e+11,1.891767e+11,4.167067e+02,7.623480e+03,-9.020674e+08,8.368962e+06,4.360105e-03,7.072276e+08,0.000000e+00,0.000000e+00,1.233084e+07,0.000000e+00,1.233084e+07,0.000000e+00,0.000000e+00,1.280084e+11,5.587935e-09,6.676975e-14,0.000000e+00,0.000000e+00,0.000000e+00,0.000000e+00,1.548037e+11,1.692079e+11,-6.903280e+08,1.747960e+06,4.000321e+08,1.815000e+03,-3.949335e+02,2.559079e+09,1.607125e+10,-1.687922e+08,9.063007e+05,1.131130e+08,4.260000e+02,-1.862430e+02,-4.373715e+07
2.483207e+00,1.600514e+11,1.891638e+11,3.870232e+02,7.807820e+03,-9.020987e+08,8.368962e+06,4.360242e-03,7.053416e+08,0.000000e+00,0.000000e+00,1.304737e+07,0.000000e+00,1.304737e+07,0.000000e+00,0.000000e+00,1.280315e+11,5.587935e-09,6.676975e-14,0.000000e+00,0.000000e+00,0.000000e+00,0.000000e+00,1.548075e+11,1.692032e+11,-6.903299e+08,1.747960e+06,4.026696e+08,1.815000e+03,-3.949345e+02,2.561333e+09,1.606856e+10,-1.687903e+08,9.058096e+05,1.132680e+08,4.300000e+02,-1.863419e+02,-4.373719e+07
2.500648e+00,1.600625e+11,1.891505e+11,3.490138e+02,8.089569e+03,-9.021327e+08,8.368962e+06,4.360470e-03,7.030249e+08,0.000000e+00,0.000000e+00,1.420026e+07,0.000000e+00,1.420026e+07,0.000000e+00,0.000000e+00,1.280468e+11,5.587935e-09,6.676975e-14,0.000000e+00,0.000000e+00,0.000000e+00,0.000000e+00,1.548120e+11,1.691932e+11,-6.903412e+08,1.744899e+06,4.048204e+08,1.818000e+03,-3.956339e+02,2.563484e+09,1.606988e+10,-1.687789e+08,9.056868e+05,1.134182e+08,4.310000e+02,-1.863546e+02,-4.373724e+07
2.522600e+00,1.600742e+11,1.891227e+11,2.461740e+02,8.993741e+03,-9.021896e+08,8.368962e+06,4.518762e-03,7.033782e+08,0.000000e+00,0.000000e+00,1.937474e+07,0.000000e+00,1.937474e+07,0.000000e+00,0.000000e+00,1.280660e+11,5.587935e-09,6.676975e-14,0.000000e+00,0.000000e+00,0.000000e+00,0.000000e+00,1.548131e+11,1.691706e+11,-6.903455e+08,1.741838e+06,4.072037e+08,1.821000e+03,-3.963316e+02,2.568018e+09,1.607002e+10,-1.687600e+08,9.048274e+05,1.136008e+08,4.380000e+02,-1.865107e+02,-4.375802e+07
2.540675e+00,1.600897e+11,1.891022e+11,1.359836e+02,9.996532e+03,-9.022469e+08,8.368962e+06,4.517308e-03,7.043786e+08,0.000000e+00,0.000000e+00,1.407412e+07,0.000000e+00,1.407412e+07,0.000000e+00,0.000000e+00,1.280876e+11,5.587935e-09,6.676975e-14,0.000000e+00,0.000000e+00,0.000000e+00,0.000000e+00,1.548168e+11,1.691388e+11,-6.903438e+08,1.739797e+06,4.091567e+08,1.823000e+03,-3.967956e+02,2.573834e+09,1.607946e+10,-1.687448e+08,9.045819e+05,1.138071e+08,4.400000e+02,-1.865446e+02,-4.377193e+07
2.563110e+00,1.601035e+11,1.890776e+11,-5.887540e+01,1.075700e+04,-9.023297e+08,8.368962e+06,4.361395e-03,7.075910e+08,0.000000e+00,0.000000e+00,1.699949e+07,0.000000e+00,1.699949e+07,0.000000e+00,0.000000e+00,1.281123e+11,5.587935e-09,6.676975e-14,0.000000e+00,0.000000e+00,0.000000e+00,0.000000e+00,1.548157e+11,1.691169e+11,-6.903302e+08,1.739797e+06,4.113674e+08,1.823000e+03,-3.967878e+02,2.582156e+09,1.608143e+10,-1.687436e+08,9.044591e+05,1.140478e+08,4.410000e+02,-1.865685e+02,-4.378451e+07
2.580553e+00,1.601179e+11,1.890565e+11,-2.822558e+02,1.107332e+04,-9.024011e+08,8.368962e+06,4.360155e-03,7.129946e+08,0.000000e+00,0.000000e+00,1.460169e+07,0.000000e+00,1.460169e+07,0.000000e+00,0.000000e+00,1.281310e+11,5.587935e-09,6.676975e-14,0.000000e+00,0.000000e+00,0.000000e+00,0.000000e+00,1.548192e+11,1.691010e+11,-6.903245e+08,1.739797e+06,4.130396e+08,1.823000e+03,-3.967845e+02,2.588377e+09,1.608125e+10,-1.687476e+08,9.039680e+05,1.142388e+08,4.450000e+02,-1.866743e+02,-4.378473e+07
2.602353e+00,1.601403e+11,1.890366e+11,-5.274383e+02,1.155232e+04,-9.024977e+08,8.368962e+06,4.359755e-03,7.068378e+08,0.000000e+00,0.000000e+00,1.247144e+07,0.000000e+00,1.247144e+07,0.000000e+00,0.000000e+00,1.281555e+11,5.587935e-09,6.676975e-14,0.000000e+00,0.000000e+00,0.000000e+00,0.000000e+00,1.548223e+11,1.690884e+11,-6.903427e+08,1.739797e+06,4.150094e+08,1.823000e+03,-3.967950e+02,2.602337e+09,1.607860e+10,-1.687294e+08,9.034769e+05,1.146539e+08,4.490000e+02,-1.867556e+02,-4.378507e+07
2.624151e+00,1.601614e+11,1.889826e+11,-5.682939e+02,1.177261e+04,-9.025995e+08,8.368962e+06,4.358960e-03,7.088682e+08,0.000000e+00,0.000000e+00,2.656259e+07,0.000000e+00,2.656259e+07,0.000000e+00,0.000000e+00,1.281814e+11,5.587935e-09,6.676975e-14,0.000000e+00,0.000000e+00,0.000000e+00,0.000000e+00,1.548228e+11,1.690509e+11,-6.903219e+08,1.738776e+06,4.168357e+08,1.824000e+03,-3.970159e+02,2.616397e+09,1.607004e+10,-1.687089e+08,9.034769e+05,1.149781e+08,4.490000e+02,-1.867330e+02,-4.384396e+07
2.641588e+00,1.601948e+11,1.889397e+11,-5.199724e+02,1.168025e+04,-9.026818e+08,8.368962e+06,4.359730e-03,7.076245e+08,0.000000e+00,0.000000e+00,3.382262e+07,0.000000e+00,3.382262e+07,0.000000e+00,0.000000e+00,1.282067e+11,5.587935e-09,6.676975e-14,0.000000e+00,0.000000e+00,0.000000e+00,0.000000e+00,1.548306e+11,1.689963e+11,-6.902704e+08,1.737756e+06,4.182718e+08,1.825000e+03,-3.972194e+02,2.628244e+09,1.606244e+10,-1.686979e+08,9.034769e+05,1.151886e+08,4.490000e+02,-1.867208e+02,-4.389865e+07
2.664019e+00,1.602329e+11,1.889045e+11,-5.488423e+02,1.189176e+04,-9.027878e+08,8.368962e+06,4.518626e-03,7.133053e+08,0.000000e+00,0.000000e+00,1.342125e+07,0.000000e+00,1.342125e+07,0.000000e+00,0.000000e+00,1.282382e+11,5.587935e-09,6.676975e-14,0.000000e+00,0.000000e+00,0.000000e+00,0.000000e+00,1.548329e+11,1.689686e+11,-6.902620e+08,1.735715e+06,4.200646e+08,1.827000e+03,-3.976816e+02,2.642707e+09,1.605138e+10,-1.686879e+08,9.032314e+05,1.154296e+08,4.510000e+02,-1.867604e+02,-4.390770e+07
2.682085e+00,1.602497e+11,1.888842e+11,-6.128822e+02,1.247332e+04,-9.028730e+08,8.368962e+06,4.515655e-03,7.135903e+08,0.000000e+00,0.000000e+00,1.371573e+07,0.000000e+00,1.371573e+07,0.000000e+00,0.000000e+00,1.282567e+11,5.587935e-09,6.676975e-14,0.000000e+00,0.000000e+00,0.000000e+00,0.000000e+00,1.548297e+11,1.689655e+11,-6.902694e+08,1.734695e+06,4.214679e+08,1.828000e+03,-3.979198e+02,2.651984e+09,1.604489e+10,-1.686765e+08,9.022492e+05,1.156154e+08,4.590000e+02,-1.869511e+02,-4.391209e+07
2.700161e+00,1.602636e+11,1.888656e+11,-6.190249e+02,1.301946e+04,-9.029592e+08,8.368962e+06,4.520153e-03,7.170772e+08,0.000000e+00,0.000000e+00,1.416752e+07,0.000000e+00,1.416752e+07,0.000000e+00,0.000000e+00,1.282704e+11,5.587935e-09,6.676975e-14,0.000000e+00,0.000000e+00,0.000000e+00,0.000000e+00,1.548291e+11,1.689579e+11,-6.902731e+08,1.733674e+06,4.227162e+08,1.829000e+03,-3.981561e+02,2.659344e+09,1.603956e+10,-1.686692e+08,9.016354e+05,1.157718e+08,4.640000e+02,-1.870703e+02,-4.391556e+07
2.722289e+00,1.602768e+11,1.888486e+11,-5.395079e+02,1.356883e+04,-9.030645e+08,8.368962e+06,4.359785e-03,7.156070e+08,0.000000e+00,0.000000e+00,1.542793e+07,0.000000e+00,1.542793e+07,0.000000e+00,0.000000e+00,1.282835e+11,5.587935e-09,6.676975e-14,0.000000e+00,0.000000e+00,0.000000e+00,0.000000e+00,1.548299e+11,1.689529e+11,-6.902709e+08,1.733674e+06,4.243959e+08,1.829000e+03,-3.981548e+02,2.665830e+09,1.603196e+10,-1.686667e+08,9.011442e+05,1.159500e+08,4.680000e+02,-1.871695e+02,-4.392234e+07
2.740200e+00,1.602855e+11,1.888379e+11,-4.235638e+02,1.432342e+04,-9.031509e+08,8.368962e+06,4.520026e-03,7.137919e+08,0.000000e+00,0.000000e+00,1.837802e+07,0.000000e+00,1.837802e+07,0.000000e+00,0.000000e+00,1.282934e+11,5.587935e-09,6.676975e-14,0.000000e+00,0.000000e+00,0.000000e+00,0.000000e+00,1.548288e+11,1.689502e+11,-6.902676e+08,1.733674e+06,4.255900e+08,1.829000e+03,-3.981530e+02,2.671404e+09,1.602593e+10,-1.686505e+08,9.002849e+05,1.160817e+08,4.750000e+02,-1.873301e+02,-4.394519e+07
2.762800e+00,1.602963e+11,1.888228e+11,-2.136435e+02,1.614879e+04,-9.032595e+08,8.368962e+06,4.520366e-03,7.148865e+08,0.000000e+00,0.000000e+00,1.926922e+07,0.000000e+00,1.926922e+07,0.000000e+00,0.000000e+00,1.283060e+11,5.587935e-09,6.676975e-14,0.000000e+00,0.000000e+00,0.000000e+00,0.000000e+00,1.548269e+11,1.689471e+11,-6.902620e+08,1.733674e+06,4.271569e+08,1.829000e+03,-3.981497e+02,2.678931e+09,1.601785e+10,-1.686283e+08,9.001621e+05,1.162298e+08,4.760000e+02,-1.873311e+02,-4.397016e+07
2.780731e+00,1.603031e+11,1.888113e+11,-2.881757e+01,1.832449e+04,-9.033450e+08,8.368962e+06,4.360574e-03,7.166622e+08,0.000000e+00,0.000000e+00,2.022840e+07,0.000000e+00,2.022840e+07,0.000000e+00,0.000000e+00,1.283156e+11,5.587935e-09,6.676975e-14,0.000000e+00,0.000000e+00,0.000000e+00,0.000000e+00,1.548256e+11,1.689426e+11,-6.902563e+08,1.733674e+06,4.283182e+08,1.829000e+03,-3.981464e+02,2.683181e+09,1.601357e+10,-1.686184e+08,9.000393e+05,1.163442e+08,4.770000e+02,-1.873456e+02,-4.399427e+07
2.802531e+00,1.603154e+11,1.888021e+11,1.721081e+02,2.127387e+04,-9.034463e+08,8.368962e+06,4.359748e-03,7.113867e+08,0.000000e+00,0.000000e+00,1.962739e+07,0.000000e+00,1.962739e+07,0.000000e+00,0.000000e+00,1.283284e+11,5.587935e-09,6.676975e-14,0.000000e+00,0.000000e+00,0.000000e+00,0.000000e+00,1.548278e+11,1.689412e+11,-6.902479e+08,1.732654e+06,4.296709e+08,1.830000e+03,-3.983761e+02,2.688247e+09,1.600648e+10,-1.685737e+08,8.995482e+05,1.164971e+08,4.810000e+02,-1.873982e+02,-4.404736e+07
2.824329e+00,1.603262e+11,1.887857e+11,2.518767e+02,2.387423e+04,-9.035437e+08,8.368962e+06,4.359419e-03,7.138627e+08,0.000000e+00,0.000000e+00,2.019979e+07,0.000000e+00,2.019979e+07,0.000000e+00,0.000000e+00,1.283425e+11,5.587935e-09,6.676975e-14,0.000000e+00,0.000000e+00,0.000000e+00,0.000000e+00,1.548258e+11,1.689387e+11,-6.902426e+08,1.731634e+06,4.309326e+08,1.831000e+03,-3.986077e+02,2.695501e+09,1.599213e+10,-1.684972e+08,8.995482e+05,1.166333e+08,4.810000e+02,-1.873131e+02,-4.413534e+07
2.841767e+00,1.603363e+11,1.887702e+11,1.683955e+02,2.572635e+04,-9.036167e+08,8.368962e+06,4.359691e-03,7.126697e+08,0.000000e+00,0.000000e+00,2.411205e+07,0.000000e+00,2.411205e+07,0.000000e+00,0.000000e+00,1.283553e+11,5.587935e-09,6.676975e-14,0.000000e+00,0.000000e+00,0.000000e+00,0.000000e+00,1.548246e+11,1.689402e+11,-6.902422e+08,1.731634e+06,4.318583e+08,1.831000e+03,-3.986075e+02,2.703466e+09,1.597367e+10,-1.683914e+08,8.995482e+05,1.167413e+08,4.810000e+02,-1.871956e+02,-4.428065e+07
2.863564e+00,1.603594e+11,1.887406e+11,-4.617199e+01,2.785012e+04,-9.036980e+08,8.368962e+06,4.359898e-03,7.124664e+08,0.000000e+00,0.000000e+00,2.565506e+07,0.000000e+00,2.565506e+07,0.000000e+00,0.000000e+00,1.283783e+11,5.587935e-09,6.676975e-14,0.000000e+00,0.000000e+00,0.000000e+00,0.000000e+00,1.548224e+11,1.689446e+11,-6.902419e+08,1.731634e+06,4.330580e+08,1.831000e+03,-3.986074e+02,2.722758e+09,1.592797e+10,-1.680907e+08,8.994255e+05,1.169240e+08,4.820000e+02,-1.868867e+02,-4.460123e+07
2.881005e+00,1.603847e+11,1.887035e+11,-2.039448e+02,2.933439e+04,-9.037558e+08,8.368962e+06,4.360274e-03,7.113372e+08,0.000000e+00,0.000000e+00,3.274298e+07,0.000000e+00,3.274298e+07,0.000000e+00,0.000000e+00,1.284019e+11,5.587935e-09,6.676975e-14,0.000000e+00,0.000000e+00,0.000000e+00,0.000000e+00,1.548205e+11,1.689404e+11,-6.902506e+08,1.731634e+06,4.340109e+08,1.831000e+03,-3.986124e+02,2.743788e+09,1.587799e+10,-1.677655e+08,8.993027e+05,1.170715e+08,4.830000e+02,-1.865506e+02,-4.491686e+07
2.903438e+00,1.604278e+11,1.886407e+11,-3.167047e+02,3.073029e+04,-9.038204e+08,8.368962e+06,4.521834e-03,7.178345e+08,0.000000e+00,0.000000e+00,3.974115e+07,0.000000e+00,3.974115e+07,0.000000e+00,0.000000e+00,1.284397e+11,5.587935e-09,6.676975e-14,0.000000e+00,0.000000e+00,0.000000e+00,0.000000e+00,1.548206e+11,1.689269e+11,-6.902782e+08,1.731634e+06,4.351623e+08,1.831000e+03,-3.986283e+02,2.777779e+09,1.580583e+10,-1.673327e+08,8.991799e+05,1.173632e+08,4.840000e+02,-1.860948e+02,-4.534755e+07
2.921524e+00,1.604734e+11,1.885851e+11,-2.814165e+02,3.145630e+04,-9.038659e+08,8.368962e+06,4.520422e-03,7.206349e+08,0.000000e+00,0.000000e+00,3.861333e+07,0.000000e+00,3.861333e+07,0.000000e+00,0.000000e+00,1.284770e+11,5.587935e-09,6.676975e-14,0.000000e+00,0.000000e+00,0.000000e+00,0.000000e+00,1.548238e+11,1.689143e+11,-6.903089e+08,1.730613e+06,4.360092e+08,1.832000e+03,-3.988811e+02,2.810323e+09,1.572370e+10,-1.668560e+08,8.991799e+05,1.175456e+08,4.840000e+02,-1.855646e+02,-4.581909e+07
2.944122e+00,1.605470e+11,1.884823e+11,-9.639415e+01,3.250314e+04,-9.039135e+08,8.368962e+06,4.516293e-03,7.287634e+08,0.000000e+00,0.000000e+00,4.991160e+07,0.000000e+00,4.991160e+07,0.000000e+00,0.000000e+00,1.285378e+11,5.587935e-09,6.676975e-14,0.000000e+00,0.000000e+00,0.000000e+00,0.000000e+00,1.548236e+11,1.688985e+11,-6.903416e+08,1.730613e+06,4.370857e+08,1.832000e+03,-3.989000e+02,2.864497e+09,1.556296e+10,-1.658825e+08,8.985661e+05,1.177053e+08,4.890000e+02,-1.846081e+02,-4.680741e+07
2.962194e+00,1.606148e+11,1.884287e+11,3.664304e+01,3.344082e+04,-9.039444e+08,8.368962e+06,4.518580e-03,7.343882e+08,0.000000e+00,0.000000e+00,2.361045e+07,0.000000e+00,2.361045e+07,0.000000e+00,0.000000e+00,1.285985e+11,5.587935e-09,6.676975e-14,0.000000e+00,0.000000e+00,0.000000e+00,0.000000e+00,1.548254e+11,1.688889e+11,-6.903738e+08,1.730613e+06,4.378948e+08,1.832000e+03,-3.989186e+02,2.914949e+09,1.547575e+10,-1.653914e+08,8.980750e+05,1.178299e+08,4.930000e+02,-1.841621e+02,-4.710906e+07
2.984155e+00,1.606690e+11,1.883774e+11,3.955886e+01,3.403052e+04,-9.039738e+08,8.368962e+06,4.358348e-03,7.274904e+08,0.000000e+00,0.000000e+00,2.194375e+07,0.000000e+00,2.194375e+07,0.000000e+00,0.000000e+00,1.286477e+11,5.587935e-09,6.676975e-14,0.000000e+00,0.000000e+00,0.000000e+00,0.000000e+00,1.548314e+11,1.688685e+11,-6.903999e+08,1.730613e+06,4.388615e+08,1.832000e+03,-3.989337e+02,2.941489e+09,1.543998e+10,-1.652971e+08,8.974611e+05,1.179908e+08,4.980000e+02,-1.841830e+02,-4.717516e+07
3.001589e+00,1.606911e+11,1.883451e+11,-7.984314e+01,3.422678e+04,-9.039921e+08,8.368962e+06,4.358690e-03,7.248511e+08,0.000000e+00,0.000000e+00,2.702819e+07,0.000000e+00,2.702819e+07,0.000000e+00,0.000000e+00,1.286757e+11,5.587935e-09,6.676975e-14,0.000000e+00,0.000000e+00,0.000000e+00,0.000000e+00,1.548299e+11,1.688551e+11,-6.903917e+08,1.729593e+06,4.395887e+08,1.833000e+03,-3.991643e+02,2.947619e+09,1.542077e+10,-1.652048e+08,8.964789e+05,1.181229e+08,5.060000e+02,-1.842818e+02,-4.730256e+07
3.023385e+00,1.607281e+11,1.882969e+11,-2.885550e+02,3.445556e+04,-9.040118e+08,8.368962e+06,4.359858e-03,7.242214e+08,0.000000e+00,0.000000e+00,3.372548e+07,0.000000e+00,3.372548e+07,0.000000e+00,0.000000e+00,1.287090e+11,5.587935e-09,6.676975e-14,0.000000e+00,0.000000e+00,0.000000e+00,0.000000e+00,1.548329e+11,1.688216e+11,-6.903544e+08,1.729593e+06,4.405172e+08,1.833000e+03,-3.991427e+02,2.955667e+09,1.538779e+10,-1.649689e+08,8.953740e+05,1.183373e+08,5.150000e+02,-1.842458e+02,-4.758512e+07
3.040824e+00,1.607619e+11,1.882628e+11,-4.001298e+02,3.478640e+04,-9.040266e+08,8.368962e+06,4.359298e-03,7.251726e+08,0.000000e+00,0.000000e+00,2.603564e+07,0.000000e+00,2.603564e+07,0.000000e+00,0.000000e+00,1.287383e+11,5.587935e-09,6.676975e-14,0.000000e+00,0.000000e+00,0.000000e+00,0.000000e+00,1.548353e+11,1.688034e+11,-6.903551e+08,1.729593e+06,4.411805e+08,1.833000e+03,-3.991431e+02,2.965386e+09,1.536741e+10,-1.648107e+08,8.950057e+05,1.185212e+08,5.180000e+02,-1.841448e+02,-4.772987e+07
3.062621e+00,1.608066e+11,1.882022e+11,-4.205087e+02,3.557592e+04,-9.040473e+08,8.368962e+06,4.359637e-03,7.215236e+08,0.000000e+00,0.000000e+00,3.832715e+07,0.000000e+00,3.832715e+07,0.000000e+00,0.000000e+00,1.287780e+11,5.587935e-09,6.676975e-14,0.000000e+00,0.000000e+00,0.000000e+00,0.000000e+00,1.548330e+11,1.687603e+11,-6.903191e+08,1.729593e+06,4.420542e+08,1.833000e+03,-3.991223e+02,2.976708e+09,1.531940e+10,-1.644960e+08,8.947601e+05,1.187349e+08,5.200000e+02,-1.838437e+02,-4.813532e+07
3.080061e+00,1.608464e+11,1.881603e+11,-3.907062e+02,3.587462e+04,-9.040653e+08,8.368962e+06,4.360104e-03,7.318742e+08,0.000000e+00,0.000000e+00,2.716738e+07,0.000000e+00,2.716738e+07,0.000000e+00,0.000000e+00,1.288169e+11,5.587935e-09,6.676975e-14,0.000000e+00,0.000000e+00,0.000000e+00,0.000000e+00,1.548296e+11,1.687385e+11,-6.903176e+08,1.729593e+06,4.427333e+08,1.833000e+03,-3.991215e+02,2.987425e+09,1.526562e+10,-1.641243e+08,8.940235e+05,1.189096e+08,5.260000e+02,-1.835794e+02,-4.849910e+07
3.101862e+00,1.608968e+11,1.881090e+11,-3.729839e+02,3.503997e+04,-9.040891e+08,8.368962e+06,4.360300e-03,7.324403e+08,0.000000e+00,0.000000e+00,2.312651e+07,0.000000e+00,2.312651e+07,0.000000e+00,0.000000e+00,1.288644e+11,5.587935e-09,6.676975e-14,0.000000e+00,0.000000e+00,0.000000e+00,0.000000e+00,1.548259e+11,1.687308e+11,-6.903221e+08,1.729593e+06,4.435814e+08,1.833000e+03,-3.991241e+02,3.002720e+09,1.520768e+10,-1.637560e+08,8.940235e+05,1.191473e+08,5.260000e+02,-1.831674e+02,-4.882977e+07
3.123663e+00,1.609417e+11,1.880643e+11,-4.654616e+02,3.353550e+04,-9.041142e+08,8.368962e+06,4.360192e-03,7.317480e+08,0.000000e+00,0.000000e+00,2.148801e+07,0.000000e+00,2.148801e+07,0.000000e+00,0.000000e+00,1.289076e+11,5.587935e-09,6.676975e-14,0.000000e+00,0.000000e+00,0.000000e+00,0.000000e+00,1.548210e+11,1.687306e+11,-6.903249e+08,1.729593e+06,4.443768e+08,1.833000e+03,-3.991257e+02,3.018885e+09,1.515838e+10,-1.635008e+08,8.937780e+05,1.193905e+08,5.280000e+02,-1.829323e+02,-4.908331e+07
3.141104e+00,1.609738e+11,1.880276e+11,-6.275479e+02,3.220169e+04,-9.041347e+08,8.368962e+06,4.360425e-03,7.346607e+08,0.000000e+00,0.000000e+00,2.107285e+07,0.000000e+00,2.107285e+07,0.000000e+00,0.000000e+00,1.289386e+11,5.587935e-09,6.676975e-14,0.000000e+00,0.000000e+00,0.000000e+00,0.000000e+00,1.548195e+11,1.687275e+11,-6.903258e+08,1.728572e+06,4.450012e+08,1.834000e+03,-3.993618e+02,3.028044e+09,1.511423e+10,-1.632678e+08,8.935324e+05,1.195679e+08,5.300000e+02,-1.827217e+02,-4.932484e+07
3.162906e+00,1.610067e+11,1.879914e+11,-8.794692e+02,3.042456e+04,-9.041610e+08,8.368962e+06,4.520205e-03,7.371174e+08,0.000000e+00,0.000000e+00,2.056111e+07,0.000000e+00,2.056111e+07,0.000000e+00,0.000000e+00,1.289729e+11,5.587935e-09,6.676975e-14,0.000000e+00,0.000000e+00,0.000000e+00,0.000000e+00,1.548163e+11,1.687254e+11,-6.903261e+08,1.727552e+06,4.457711e+08,1.835000e+03,-3.995979e+02,3.037287e+09,1.505602e+10,-1.629368e+08,8.932869e+05,1.197639e+08,5.320000e+02,-1.824014e+02,-4.966038e+07
3.180687e+00,1.610319e+11,1.879640e+11,-1.034799e+03,2.894887e+04,-9.041834e+08,8.368962e+06,4.360819e-03,7.370653e+08,0.000000e+00,0.000000e+00,2.104296e+07,0.000000e+00,2.104296e+07,0.000000e+00,0.000000e+00,1.289986e+11,5.587935e-09,6.676975e-14,0.000000e+00,0.000000e+00,0.000000e+00,0.000000e+00,1.548128e+11,1.687271e+11,-6.903260e+08,1.727552e+06,4.463861e+08,1.835000e+03,-3.995978e+02,3.045483e+09,1.500731e+10,-1.626529e+08,8.920592e+05,1.199185e+08,5.420000e+02,-1.823342e+02,-4.994804e+07
3.203413e+00,1.610693e+11,1.879255e+11,-1.134400e+03,2.667710e+04,-9.042141e+08,8.368962e+06,4.361879e-03,7.372268e+08,0.000000e+00,0.000000e+00,1.990870e+07,0.000000e+00,1.990870e+07,0.000000e+00,0.000000e+00,1.290322e+11,5.587935e-09,6.676975e-14,0.000000e+00,0.000000e+00,0.000000e+00,0.000000e+00,1.548115e+11,1.687280e+11,-6.903240e+08,1.727552e+06,4.471678e+08,1.835000e+03,-3.995966e+02,3.058631e+09,1.494665e+10,-1.622872e+08,8.916909e+05,1.201085e+08,5.450000e+02,-1.819993e+02,-5.030354e+07
3.221162e+00,1.610987e+11,1.878969e+11,-1.138717e+03,2.444745e+04,-9.042399e+08,8.368962e+06,4.517809e-03,7.369168e+08,0.000000e+00,0.000000e+00,1.855271e+07,0.000000e+00,1.855271e+07,0.000000e+00,0.000000e+00,1.290573e+11,5.587935e-09,6.676975e-14,0.000000e+00,0.000000e+00,0.000000e+00,0.000000e+00,1.548123e+11,1.687234e+11,-6.903196e+08,1.727552e+06,4.477590e+08,1.835000e+03,-3.995941e+02,3.069116e+09,1.490916e+10,-1.620662e+08,8.911998e+05,1.202560e+08,5.490000e+02,-1.818517e+02,-5.051895e+07
3.243753e+00,1.611310e+11,1.878607e+11,-1.214759e+03,2.110226e+04,-9.042747e+08,8.368962e+06,4.520576e-03,7.389515e+08,0.000000e+00,0.000000e+00,1.848968e+07,0.000000e+00,1.848968e+07,0.000000e+00,0.000000e+00,1.290878e+11,5.587935e-09,6.676975e-14,0.000000e+00,0.000000e+00,0.000000e+00,0.000000e+00,1.548142e+11,1.687167e+11,-6.903162e+08,1.727552e+06,4.484591e+08,1.835000e+03,-3.995921e+02,3.078729e+09,1.486652e+10,-1.618036e+08,8.909542e+05,1.204310e+08,5.510000e+02,-1.816071e+02,-5.078973e+07
3.261828e+00,1.611591e+11,1.878311e+11,-1.482167e+03,1.828654e+04,-9.043025e+08,8.368962e+06,4.520482e-03,7.361551e+08,0.000000e+00,0.000000e+00,2.072671e+07,0.000000e+00,2.072671e+07,0.000000e+00,0.000000e+00,1.291127e+11,5.587935e-09,6.676975e-14,0.000000e+00,0.000000e+00,0.000000e+00,0.000000e+00,1.548175e+11,1.687009e+11,-6.903027e+08,1.727552e+06,4.490012e+08,1.835000e+03,-3.995843e+02,3.086410e+09,1.483760e+10,-1.615895e+08,8.904631e+05,1.205965e+08,5.550000e+02,-1.814668e+02,-5.101352e+07
3.283177e+00,1.611915e+11,1.877935e+11,-1.940361e+03,1.570870e+04,-9.043329e+08,8.368962e+06,4.350932e-03,7.416524e+08,0.000000e+00,0.000000e+00,1.832699e+07,0.000000e+00,1.832699e+07,0.000000e+00,0.000000e+00,1.291433e+11,5.587935e-09,6.676975e-14,0.000000e+00,0.000000e+00,0.000000e+00,0.000000e+00,1.548170e+11,1.686693e+11,-6.902726e+08,1.727552e+06,4.496324e+08,1.835000e+03,-3.995669e+02,3.097708e+09,1.481436e+10,-1.613824e+08,8.903404e+05,1.208217e+08,5.560000e+02,-1.812592e+02,-5.124646e+07
3.300755e+00,1.612178e+11,1.877576e+11,-2.238729e+03,1.460468e+04,-9.043558e+08,8.368962e+06,4.516756e-03,7.440143e+08,0.000000e+00,0.000000e+00,2.165225e+07,0.000000e+00,2.165225e+07,0.000000e+00,0.000000e+00,1.291700e+11,5.587935e-09,6.676975e-14,0.000000e+00,0.000000e+00,0.000000e+00,0.000000e+00,1.548163e+11,1.686480e+11,-6.902487e+08,1.727552e+06,4.501466e+08,1.835000e+03,-3.995530e+02,3.106714e+09,1.478993e+10,-1.611707e+08,8.898493e+05,1.210414e+08,5.600000e+02,-1.811213e+02,-5.152352e+07
3.323341e+00,1.612678e+11,1.877004e+11,-2.310048e+03,1.379126e+04,-9.043836e+08,8.368962e+06,4.517874e-03,7.456225e+08,0.000000e+00,0.000000e+00,2.426806e+07,0.000000e+00,2.426806e+07,0.000000e+00,0.000000e+00,1.292151e+11,5.587935e-09,6.676975e-14,0.000000e+00,0.000000e+00,0.000000e+00,0.000000e+00,1.548181e+11,1.686331e+11,-6.902350e+08,1.727552e+06,4.507833e+08,1.835000e+03,-3.995451e+02,3.127705e+09,1.471962e+10,-1.606391e+08,8.892354e+05,1.213939e+08,5.650000e+02,-1.806485e+02,-5.209694e+07
3.341458e+00,1.613184e+11,1.876484e+11,-2.140373e+03,1.307985e+04,-9.044070e+08,8.368962e+06,4.541945e-03,7.490401e+08,0.000000e+00,0.000000e+00,1.964312e+07,0.000000e+00,1.964312e+07,0.000000e+00,0.000000e+00,1.292612e+11,5.587935e-09,6.676975e-14,0.000000e+00,0.000000e+00,0.000000e+00,0.000000e+00,1.548185e+11,1.686276e+11,-6.902303e+08,1.727552e+06,4.513110e+08,1.835000e+03,-3.995424e+02,3.153959e+09,1.464792e+10,-1.601877e+08,8.892354e+05,1.216848e+08,5.650000e+02,-1.801409e+02,-5.253350e+07
3.364255e+00,1.613822e+11,1.875844e+11,-1.811398e+03,1.194522e+04,-9.044410e+08,8.368962e+06,4.383783e-03,7.493920e+08,0.000000e+00,0.000000e+00,1.744557e+07,0.000000e+00,1.744557e+07,0.000000e+00,0.000000e+00,1.293195e+11,5.587935e-09,6.676975e-14,0.000000e+00,0.000000e+00,0.000000e+00,0.000000e+00,1.548189e+11,1.686261e+11,-6.902271e+08,1.727552e+06,4.519344e+08,1.835000e+03,-3.995405e+02,3.184587e+09,1.456547e+10,-1.597181e+08,8.892354e+05,1.219752e+08,5.650000e+02,-1.796129e+02,-5.299427e+07
3.381722e+00,1.614285e+11,1.875344e+11,-1.619714e+03,1.121568e+04,-9.044720e+08,8.368962e+06,4.360980e-03,7.471997e+08,0.000000e+00,0.000000e+00,2.081320e+07,0.000000e+00,2.081320e+07,0.000000e+00,0.000000e+00,1.293605e+11,5.587935e-09,6.676975e-14,0.000000e+00,0.000000e+00,0.000000e+00,0.000000e+00,1.548187e+11,1.686267e+11,-6.902233e+08,1.726532e+06,4.523756e+08,1.836000e+03,-3.997745e+02,3.205166e+09,1.450357e+10,-1.593752e+08,8.883760e+05,1.221648e+08,5.720000e+02,-1.794006e+02,-5.335198e+07
3.400527e+00,1.614815e+11,1.874778e+11,-1.520612e+03,1.109859e+04,-9.045095e+08,8.368962e+06,4.823931e-03,7.477643e+08,0.000000e+00,0.000000e+00,2.094699e+07,0.000000e+00,2.094699e+07,0.000000e+00,0.000000e+00,1.294060e+11,5.587935e-09,6.676975e-14,0.000000e+00,0.000000e+00,0.000000e+00,0.000000e+00,1.548167e+11,1.686265e+11,-6.902186e+08,1.726532e+06,4.528630e+08,1.836000e+03,-3.997717e+02,3.231280e+09,1.443192e+10,-1.589471e+08,8.882532e+05,1.223756e+08,5.730000e+02,-1.789435e+02,-5.378701e+07
3.422917e+00,1.615460e+11,1.874062e+11,-1.499222e+03,1.204707e+04,-9.045576e+08,8.368962e+06,4.337399e-03,7.472986e+08,0.000000e+00,0.000000e+00,2.308751e+07,0.000000e+00,2.308751e+07,0.000000e+00,0.000000e+00,1.294604e+11,5.587935e-09,6.676975e-14,0.000000e+00,0.000000e+00,0.000000e+00,0.000000e+00,1.548181e+11,1.686063e+11,-6.902031e+08,1.726532e+06,4.534367e+08,1.836000e+03,-3.997628e+02,3.261326e+09,1.436081e+10,-1.584910e+08,8.871483e+05,1.226573e+08,5.820000e+02,-1.786522e+02,-5.424308e+07
3.440333e+00,1.615855e+11,1.873667e+11,-1.404615e+03,1.314357e+04,-9.045964e+08,8.368962e+06,4.359572e-03,7.442541e+08,0.000000e+00,0.000000e+00,2.423015e+07,0.000000e+00,2.423015e+07,0.000000e+00,0.000000e+00,1.294966e+11,5.587935e-09,6.676975e-14,0.000000e+00,0.000000e+00,0.000000e+00,0.000000e+00,1.548199e+11,1.685836e+11,-6.901878e+08,1.726532e+06,4.538591e+08,1.836000e+03,-3.997540e+02,3.277839e+09,1.431530e+10,-1.581575e+08,8.866572e+05,1.228471e+08,5.860000e+02,-1.783750e+02,-5.459499e+07
3.462132e+00,1.616282e+11,1.873323e+11,-1.101832e+03,1.397706e+04,-9.046457e+08,8.368962e+06,4.359806e-03,7.433571e+08,0.000000e+00,0.000000e+00,1.417653e+07,0.000000e+00,1.417653e+07,0.000000e+00,0.000000e+00,1.295390e+11,5.587935e-09,6.676975e-14,0.000000e+00,0.000000e+00,0.000000e+00,0.000000e+00,1.548168e+11,1.685742e+11,-6.901741e+08,1.725511e+06,4.544068e+08,1.837000e+03,-3.999824e+02,3.300378e+09,1.426595e+10,-1.578095e+08,8.857978e+05,1.230944e+08,5.930000e+02,-1.781553e+02,-5.491168e+07
3.483932e+00,1.616699e+11,1.872972e+11,-6.561710e+02,1.421387e+04,-9.046966e+08,8.368962e+06,4.359806e-03,7.379597e+08,0.000000e+00,0.000000e+00,1.184713e+07,0.000000e+00,1.184713e+07,0.000000e+00,0.000000e+00,1.295751e+11,5.587935e-09,6.676975e-14,0.000000e+00,0.000000e+00,0.000000e+00,0.000000e+00,1.548178e+11,1.685695e+11,-6.901708e+08,1.725511e+06,4.549266e+08,1.837000e+03,-3.999804e+02,3.321881e+09,1.423069e+10,-1.576642e+08,8.846929e+05,1.233319e+08,6.020000e+02,-1.782135e+02,-5.503471e+07
3.501371e+00,1.616954e+11,1.872761e+11,-2.362433e+02,1.490250e+04,-9.047386e+08,8.368962e+06,4.359690e-03,7.317123e+08,0.000000e+00,0.000000e+00,1.271267e+07,0.000000e+00,1.271267e+07,0.000000e+00,0.000000e+00,1.295984e+11,5.587935e-09,6.676975e-14,0.000000e+00,0.000000e+00,0.000000e+00,0.000000e+00,1.548175e+11,1.685707e+11,-6.901674e+08,1.725511e+06,4.553184e+08,1.837000e+03,-3.999785e+02,3.334306e+09,1.420880e+10,-1.575853e+08,8.844473e+05,1.234899e+08,6.040000e+02,-1.781737e+02,-5.513070e+07
3.523170e+00,1.617255e+11,1.872448e+11,3.896448e+02,1.649026e+04,-9.047900e+08,8.368962e+06,4.360175e-03,7.307700e+08,0.000000e+00,0.000000e+00,1.357226e+07,0.000000e+00,1.357226e+07,0.000000e+00,0.000000e+00,1.296261e+11,5.587935e-09,6.676975e-14,0.000000e+00,0.000000e+00,0.000000e+00,0.000000e+00,1.548159e+11,1.685706e+11,-6.901613e+08,1.725511e+06,4.558076e+08,1.837000e+03,-3.999749e+02,3.349869e+09,1.417413e+10,-1.574116e+08,8.839562e+05,1.236902e+08,6.080000e+02,-1.780762e+02,-5.531240e+07
3.541076e+00,1.617507e+11,1.872181e+11,8.892440e+02,1.801821e+04,-9.048310e+08,8.368962e+06,4.518314e-03,7.304465e+08,0.000000e+00,0.000000e+00,1.379079e+07,0.000000e+00,1.379079e+07,0.000000e+00,0.000000e+00,1.296493e+11,5.587935e-09,6.676975e-14,0.000000e+00,0.000000e+00,0.000000e+00,0.000000e+00,1.548151e+11,1.685646e+11,-6.901517e+08,1.725511e+06,4.562145e+08,1.837000e+03,-3.999694e+02,3.363195e+09,1.415152e+10,-1.573009e+08,8.828513e+05,1.238547e+08,6.170000e+02,-1.781737e+02,-5.542382e+07
3.563667e+00,1.617797e+11,1.871802e+11,1.427553e+03,2.021947e+04,-9.048814e+08,8.368962e+06,4.517805e-03,7.291478e+08,0.000000e+00,0.000000e+00,1.962513e+07,0.000000e+00,1.962513e+07,0.000000e+00,0.000000e+00,1.296750e+11,5.587935e-09,6.676975e-14,0.000000e+00,0.000000e+00,0.000000e+00,0.000000e+00,1.548155e+11,1.685407e+11,-6.901248e+08,1.725511e+06,4.567249e+08,1.837000e+03,-3.999538e+02,3.376472e+09,1.413664e+10,-1.572059e+08,8.816236e+05,1.240748e+08,6.270000e+02,-1.783141e+02,-5.554092e+07
3.581736e+00,1.618034e+11,1.871544e+11,1.800380e+03,2.195136e+04,-9.049221e+08,8.368962e+06,4.517609e-03,7.297422e+08,0.000000e+00,0.000000e+00,1.927558e+07,0.000000e+00,1.927558e+07,0.000000e+00,0.000000e+00,1.296953e+11,5.587935e-09,6.676975e-14,0.000000e+00,0.000000e+00,0.000000e+00,0.000000e+00,1.548174e+11,1.685170e+11,-6.901044e+08,1.724491e+06,4.571189e+08,1.838000e+03,-4.001786e+02,3.385816e+09,1.413393e+10,-1.571536e+08,8.794137e+05,1.242440e+08,6.450000e+02,-1.787027e+02,-5.560899e+07
3.604349e+00,1.618293e+11,1.871250e+11,2.075187e+03,2.409578e+04,-9.049750e+08,8.368962e+06,4.542875e-03,7.337589e+08,0.000000e+00,0.000000e+00,1.693031e+07,0.000000e+00,1.693031e+07,0.000000e+00,0.000000e+00,1.297218e+11,5.587935e-09,6.676975e-14,0.000000e+00,0.000000e+00,0.000000e+00,0.000000e+00,1.548139e+11,1.684945e+11,-6.900821e+08,1.724491e+06,4.575857e+08,1.838000e+03,-4.001657e+02,3.400024e+09,1.413027e+10,-1.570951e+08,8.787998e+05,1.244639e+08,6.500000e+02,-1.787609e+02,-5.569096e+07
3.622468e+00,1.618553e+11,1.870972e+11,1.949498e+03,2.591648e+04,-9.050203e+08,8.368962e+06,4.517084e-03,7.340881e+08,0.000000e+00,0.000000e+00,1.689814e+07,0.000000e+00,1.689814e+07,0.000000e+00,0.000000e+00,1.297437e+11,5.587935e-09,6.676975e-14,0.000000e+00,0.000000e+00,0.000000e+00,0.000000e+00,1.548133e+11,1.684802e+11,-6.900565e+08,1.724491e+06,4.579759e+08,1.838000e+03,-4.001509e+02,3.414355e+09,1.411999e+10,-1.570456e+08,8.785543e+05,1.246507e+08,6.520000e+02,-1.787546e+02,-5.576777e+07
3.640539e+00,1.618846e+11,1.870717e+11,1.424429e+03,2.741397e+04,-9.050674e+08,8.368962e+06,4.520831e-03,7.305555e+08,0.000000e+00,0.000000e+00,1.587620e+07,0.000000e+00,1.587620e+07,0.000000e+00,0.000000e+00,1.297663e+11,5.587935e-09,6.676975e-14,0.000000e+00,0.000000e+00,0.000000e+00,0.000000e+00,1.548162e+11,1.684652e+11,-6.900292e+08,1.724491e+06,4.583425e+08,1.838000e+03,-4.001350e+02,3.428358e+09,1.411154e+10,-1.570008e+08,8.785543e+05,1.248374e+08,6.520000e+02,-1.787036e+02,-5.583567e+07
3.662831e+00,1.619160e+11,1.870447e+11,3.337982e+02,2.838344e+04,-9.051267e+08,8.368962e+06,4.360139e-03,7.272419e+08,0.000000e+00,0.000000e+00,1.419795e+07,0.000000e+00,1.419795e+07,0.000000e+00,0.000000e+00,1.297943e+11,5.587935e-09,6.676975e-14,0.000000e+00,0.000000e+00,0.000000e+00,0.000000e+00,1.548184e+11,1.684499e+11,-6.899975e+08,1.724491e+06,4.587664e+08,1.838000e+03,-4.001167e+02,3.443047e+09,1.410609e+10,-1.569725e+08,8.783088e+05,1.250487e+08,6.540000e+02,-1.787214e+02,-5.589338e+07
3.680271e+00,1.619376e+11,1.870219e+11,-6.701203e+02,2.881974e+04,-9.051735e+08,8.368962e+06,4.359320e-03,7.250380e+08,0.000000e+00,0.000000e+00,1.615586e+07,0.000000e+00,1.615586e+07,0.000000e+00,0.000000e+00,1.298156e+11,5.587935e-09,6.676975e-14,0.000000e+00,0.000000e+00,0.000000e+00,0.000000e+00,1.548195e+11,1.684388e+11,-6.899812e+08,1.724491e+06,4.591005e+08,1.838000e+03,-4.001072e+02,3.452368e+09,1.409674e+10,-1.569106e+08,8.783088e+05,1.252031e+08,6.540000e+02,-1.786508e+02,-5.598902e+07
3.702067e+00,1.619691e+11,1.869893e+11,-1.713246e+03,2.946869e+04,-9.052294e+08,8.368962e+06,4.358829e-03,7.195169e+08,0.000000e+00,0.000000e+00,1.886784e+07,0.000000e+00,1.886784e+07,0.000000e+00,0.000000e+00,1.298443e+11,5.587935e-09,6.676975e-14,0.000000e+00,0.000000e+00,0.000000e+00,0.000000e+00,1.548220e+11,1.684261e+11,-6.899549e+08,1.724491e+06,4.595207e+08,1.838000e+03,-4.000920e+02,3.466753e+09,1.407559e+10,-1.567734e+08,8.781860e+05,1.254264e+08,6.550000e+02,-1.785196e+02,-5.615600e+07
3.723860e+00,1.620018e+11,1.869565e+11,-2.396201e+03,3.022334e+04,-9.052799e+08,8.368962e+06,4.358753e-03,7.190800e+08,0.000000e+00,0.000000e+00,1.529563e+07,0.000000e+00,1.529563e+07,0.000000e+00,0.000000e+00,1.298736e+11,5.587935e-09,6.676975e-14,0.000000e+00,0.000000e+00,0.000000e+00,0.000000e+00,1.548239e+11,1.684048e+11,-6.899192e+08,1.724491e+06,4.599348e+08,1.838000e+03,-4.000713e+02,3.482072e+09,1.405893e+10,-1.566790e+08,8.781860e+05,1.256582e+08,6.550000e+02,-1.784121e+02,-5.627164e+07
3.741295e+00,1.620252e+11,1.869318e+11,-2.602614e+03,3.046509e+04,-9.053154e+08,8.368962e+06,4.359080e-03,7.187701e+08,0.000000e+00,0.000000e+00,1.554804e+07,0.000000e+00,1.554804e+07,0.000000e+00,0.000000e+00,1.298944e+11,5.587935e-09,6.676975e-14,0.000000e+00,0.000000e+00,0.000000e+00,0.000000e+00,1.548270e+11,1.683858e+11,-6.898932e+08,1.724491e+06,4.602439e+08,1.838000e+03,-4.000562e+02,3.492022e+09,1.405499e+10,-1.566314e+08,8.778176e+05,1.258202e+08,6.580000e+02,-1.784327e+02,-5.634644e+07
3.763093e+00,1.620544e+11,1.869002e+11,-2.508323e+03,3.022712e+04,-9.053564e+08,8.368962e+06,4.360099e-03,7.193080e+08,0.000000e+00,0.000000e+00,1.562035e+07,0.000000e+00,1.562035e+07,0.000000e+00,0.000000e+00,1.299201e+11,5.587935e-09,6.676975e-14,0.000000e+00,0.000000e+00,0.000000e+00,0.000000e+00,1.548303e+11,1.683603e+11,-6.898531e+08,1.724491e+06,4.606459e+08,1.838000e+03,-4.000329e+02,3.506157e+09,1.405349e+10,-1.565636e+08,8.776949e+05,1.260550e+08,6.590000e+02,-1.783805e+02,-5.645555e+07
3.780534e+00,1.620778e+11,1.868753e+11,-2.296866e+03,2.976066e+04,-9.053887e+08,8.368962e+06,4.360228e-03,7.197159e+08,0.000000e+00,0.000000e+00,1.479073e+07,0.000000e+00,1.479073e+07,0.000000e+00,0.000000e+00,1.299430e+11,5.587935e-09,6.676975e-14,0.000000e+00,0.000000e+00,0.000000e+00,0.000000e+00,1.548306e+11,1.683407e+11,-6.898220e+08,1.724491e+06,4.609686e+08,1.838000e+03,-4.000149e+02,3.520109e+09,1.405270e+10,-1.565193e+08,8.772038e+05,1.262585e+08,6.630000e+02,-1.784299e+02,-5.652455e+07
3.802335e+00,1.621083e+11,1.868360e+11,-1.905201e+03,2.896127e+04,-9.054316e+08,8.368962e+06,4.360313e-03,7.253196e+08,0.000000e+00,0.000000e+00,1.584634e+07,0.000000e+00,1.584634e+07,0.000000e+00,0.000000e+00,1.299714e+11,5.587935e-09,6.676975e-14,0.000000e+00,0.000000e+00,0.000000e+00,0.000000e+00,1.548321e+11,1.683149e+11,-6.897928e+08,1.724491e+06,4.613643e+08,1.838000e+03,-3.999980e+02,3.538493e+09,1.404496e+10,-1.564805e+08,8.769582e+05,1.265320e+08,6.650000e+02,-1.784355e+02,-5.659628e+07
3.824136e+00,1.621380e+11,1.868054e+11,-1.340977e+03,2.826764e+04,-9.054788e+08,8.368962e+06,4.360216e-03,7.267908e+08,0.000000e+00,0.000000e+00,1.376877e+07,0.000000e+00,1.376877e+07,0.000000e+00,0.000000e+00,1.299991e+11,5.587935e-09,6.676975e-14,0.000000e+00,0.000000e+00,0.000000e+00,0.000000e+00,1.548341e+11,1.682929e+11,-6.897670e+08,1.724491e+06,4.617480e+08,1.838000e+03,-3.999830e+02,3.555710e+09,1.403845e+10,-1.564085e+08,8.769582e+05,1.267950e+08,6.650000e+02,-1.783535e+02,-5.669144e+07
3.841577e+00,1.621581e+11,1.867811e+11,-7.619427e+02,2.789238e+04,-9.055195e+08,8.368962e+06,4.796386e-03,7.281612e+08,0.000000e+00,0.000000e+00,1.193783e+07,0.000000e+00,1.193783e+07,0.000000e+00,0.000000e+00,1.300208e+11,5.587935e-09,6.676975e-14,0.000000e+00,0.000000e+00,0.000000e+00,0.000000e+00,1.548331e+11,1.682769e+11,-6.897363e+08,1.724491e+06,4.620644e+08,1.838000e+03,-3.999652e+02,3.568135e+09,1.403349e+10,-1.563800e+08,8.764672e+05,1.269998e+08,6.690000e+02,-1.784209e+02,-5.674812e+07
3.860843e+00,1.621777e+11,1.867562e+11,-5.281931e+00,2.729863e+04,-9.055667e+08,8.368962e+06,4.823850e-03,7.300876e+08,0.000000e+00,0.000000e+00,1.296510e+07,0.000000e+00,1.296510e+07,0.000000e+00,0.000000e+00,1.300440e+11,5.587935e-09,6.676975e-14,0.000000e+00,0.000000e+00,0.000000e+00,0.000000e+00,1.548331e+11,1.682508e+11,-6.896913e+08,1.724491e+06,4.624284e+08,1.838000e+03,-3.999391e+02,3.577033e+09,1.403213e+10,-1.563651e+08,8.763444e+05,1.272233e+08,6.700000e+02,-1.784288e+02,-5.680722e+07
3.880139e+00,1.622006e+11,1.867277e+11,7.383619e+02,2.640068e+04,-9.056154e+08,8.368962e+06,4.822738e-03,7.326547e+08,0.000000e+00,0.000000e+00,1.276232e+07,0.000000e+00,1.276232e+07,0.000000e+00,0.000000e+00,1.300660e+11,5.587935e-09,6.676975e-14,0.000000e+00,0.000000e+00,0.000000e+00,0.000000e+00,1.548348e+11,1.682242e+11,-6.896440e+08,1.724491e+06,4.627855e+08,1.838000e+03,-3.999117e+02,3.587245e+09,1.402981e+10,-1.563495e+08,8.752394e+05,1.274368e+08,6.790000e+02,-1.786363e+02,-5.687820e+07
3.903962e+00,1.622338e+11,1.866911e+11,1.225537e+03,2.494751e+04,-9.056776e+08,8.368962e+06,4.517455e-03,7.307555e+08,0.000000e+00,0.000000e+00,1.284609e+07,0.000000e+00,1.284609e+07,0.000000e+00,0.000000e+00,1.300930e+11,5.587935e-09,6.676975e-14,0.000000e+00,0.000000e+00,0.000000e+00,0.000000e+00,1.548392e+11,1.681973e+11,-6.895905e+08,1.724491e+06,4.632012e+08,1.838000e+03,-3.998806e+02,3.603477e+09,1.401923e+10,-1.563016e+08,8.749939e+05,1.277030e+08,6.810000e+02,-1.786316e+02,-5.698637e+07
3.922042e+00,1.622588e+11,1.866619e+11,1.297839e+03,2.395203e+04,-9.057272e+08,8.368962e+06,4.523595e-03,7.308354e+08,0.000000e+00,0.000000e+00,1.510744e+07,0.000000e+00,1.510744e+07,0.000000e+00,0.000000e+00,1.301134e+11,5.587935e-09,6.676975e-14,0.000000e+00,0.000000e+00,0.000000e+00,0.000000e+00,1.548432e+11,1.681688e+11,-6.895342e+08,1.724491e+06,4.635310e+08,1.838000e+03,-3.998480e+02,3.614128e+09,1.400775e+10,-1.562485e+08,8.749939e+05,1.278858e+08,6.810000e+02,-1.785710e+02,-5.709817e+07
3.941018e+00,1.622822e+11,1.866346e+11,1.328072e+03,2.344523e+04,-9.057814e+08,8.368962e+06,4.558529e-03,7.342548e+08,0.000000e+00,0.000000e+00,1.371614e+07,0.000000e+00,1.371614e+07,0.000000e+00,0.000000e+00,1.301347e+11,5.587935e-09,6.676975e-14,0.000000e+00,0.000000e+00,0.000000e+00,0.000000e+00,1.548462e+11,1.681375e+11,-6.894724e+08,1.724491e+06,4.638520e+08,1.838000e+03,-3.998122e+02,3.623699e+09,1.399640e+10,-1.561888e+08,8.749939e+05,1.280848e+08,6.810000e+02,-1.785027e+02,-5.721734e+07
3.960033e+00,1.623092e+11,1.866097e+11,1.411348e+03,2.331901e+04,-9.058376e+08,8.368962e+06,4.384211e-03,7.312993e+08,0.000000e+00,0.000000e+00,1.300032e+07,0.000000e+00,1.300032e+07,0.000000e+00,0.000000e+00,1.301560e+11,5.587935e-09,6.676975e-14,0.000000e+00,0.000000e+00,0.000000e+00,0.000000e+00,1.548515e+11,1.681104e+11,-6.894173e+08,1.723470e+06,4.642092e+08,1.839000e+03,-4.000169e+02,3.633799e+09,1.398731e+10,-1.561399e+08,8.748711e+05,1.282982e+08,6.820000e+02,-1.784719e+02,-5.731393e+07
3.981859e+00,1.623376e+11,1.865845e+11,1.705629e+03,2.363571e+04,-9.059041e+08,8.368962e+06,4.576699e-03,7.284118e+08,0.000000e+00,0.000000e+00,1.186804e+07,0.000000e+00,1.186804e+07,0.000000e+00,0.000000e+00,1.301812e+11,5.587935e-09,6.676975e-14,0.000000e+00,0.000000e+00,0.000000e+00,0.000000e+00,1.548540e+11,1.680829e+11,-6.893645e+08,1.723470e+06,4.645851e+08,1.839000e+03,-3.999863e+02,3.647099e+09,1.398423e+10,-1.561089e+08,8.745028e+05,1.285173e+08,6.850000e+02,-1.785116e+02,-5.739084e+07
4.004347e+00,1.623639e+11,1.865575e+11,2.317811e+03,2.490591e+04,-9.059729e+08,8.368962e+06,4.360578e-03,7.302623e+08,0.000000e+00,0.000000e+00,9.312947e+06,0.000000e+00,9.312947e+06,0.000000e+00,0.000000e+00,1.302062e+11,5.587935e-09,6.676975e-14,0.000000e+00,0.000000e+00,0.000000e+00,0.000000e+00,1.548556e+11,1.680577e+11,-6.893172e+08,1.723470e+06,4.650053e+08,1.839000e+03,-3.999588e+02,3.660108e+09,1.398232e+10,-1.560972e+08,8.742572e+05,1.287346e+08,6.870000e+02,-1.785483e+02,-5.744659e+07
4.021789e+00,1.623880e+11,1.865361e+11,2.911071e+03,2.620531e+04,-9.060257e+08,8.368962e+06,4.360397e-03,7.273267e+08,0.000000e+00,0.000000e+00,8.333326e+06,0.000000e+00,8.333326e+06,0.000000e+00,0.000000e+00,1.302245e+11,5.587935e-09,6.676975e-14,0.000000e+00,0.000000e+00,0.000000e+00,0.000000e+00,1.548611e+11,1.680420e+11,-6.892880e+08,1.723470e+06,4.653117e+08,1.839000e+03,-3.999419e+02,3.670306e+09,1.397898e+10,-1.560916e+08,8.738889e+05,1.289196e+08,6.900000e+02,-1.786173e+02,-5.747915e+07
4.044065e+00,1.624156e+11,1.865090e+11,3.799009e+03,2.783916e+04,-9.060911e+08,8.368962e+06,4.522214e-03,7.260232e+08,0.000000e+00,0.000000e+00,8.363450e+06,0.000000e+00,8.363450e+06,0.000000e+00,0.000000e+00,1.302470e+11,5.587935e-09,6.676975e-14,0.000000e+00,0.000000e+00,0.000000e+00,0.000000e+00,1.548636e+11,1.680283e+11,-6.892597e+08,1.723470e+06,4.656677e+08,1.839000e+03,-3.999255e+02,3.685264e+09,1.396967e+10,-1.560854e+08,8.735206e+05,1.291357e+08,6.930000e+02,-1.786854e+02,-5.751894e+07
4.061998e+00,1.624339e+11,1.864842e+11,4.560379e+03,2.934931e+04,-9.061433e+08,8.368962e+06,4.360025e-03,7.287761e+08,0.000000e+00,0.000000e+00,1.103524e+07,0.000000e+00,1.103524e+07,0.000000e+00,0.000000e+00,1.302651e+11,5.587935e-09,6.676975e-14,0.000000e+00,0.000000e+00,0.000000e+00,0.000000e+00,1.548612e+11,1.680179e+11,-6.892400e+08,1.723470e+06,4.659598e+08,1.839000e+03,-3.999140e+02,3.697962e+09,1.395742e+10,-1.560369e+08,8.731523e+05,1.293078e+08,6.960000e+02,-1.787053e+02,-5.759382e+07
4.083798e+00,1.624620e+11,1.864580e+11,5.371567e+03,3.152674e+04,-9.062068e+08,8.368962e+06,4.359999e-03,7.273965e+08,0.000000e+00,0.000000e+00,9.070736e+06,0.000000e+00,9.070736e+06,0.000000e+00,0.000000e+00,1.302908e+11,5.587935e-09,6.676975e-14,0.000000e+00,0.000000e+00,0.000000e+00,0.000000e+00,1.548614e+11,1.680059e+11,-6.892127e+08,1.723470e+06,4.663437e+08,1.839000e+03,-3.998982e+02,3.715826e+09,1.394716e+10,-1.559888e+08,8.726612e+05,1.295534e+08,7.000000e+02,-1.787507e+02,-5.765760e+07
4.101238e+00,1.624819e+11,1.864387e+11,5.794229e+03,3.368327e+04,-9.062582e+08,8.368962e+06,4.360139e-03,7.265119e+08,0.000000e+00,0.000000e+00,8.505904e+06,0.000000e+00,8.505904e+06,0.000000e+00,0.000000e+00,1.303100e+11,5.587935e-09,6.676975e-14,0.000000e+00,0.000000e+00,0.000000e+00,0.000000e+00,1.548618e+11,1.679940e+11,-6.891867e+08,1.723470e+06,4.666168e+08,1.839000e+03,-3.998831e+02,3.727930e+09,1.394551e+10,-1.559951e+08,8.721702e+05,1.297525e+08,7.040000e+02,-1.788585e+02,-5.767371e+07
4.123039e+00,1.625019e+11,1.864118e+11,6.094901e+03,3.695740e+04,-9.063226e+08,8.368962e+06,4.360022e-03,7.297439e+08,0.000000e+00,0.000000e+00,1.000367e+07,0.000000e+00,1.000367e+07,0.000000e+00,0.000000e+00,1.303319e+11,5.587935e-09,6.676975e-14,0.000000e+00,0.000000e+00,0.000000e+00,0.000000e+00,1.548616e+11,1.679762e+11,-6.891523e+08,1.723470e+06,4.669614e+08,1.839000e+03,-3.998632e+02,3.739543e+09,1.394271e+10,-1.559913e+08,8.719246e+05,1.299613e+08,7.060000e+02,-1.789046e+02,-5.772691e+07
4.140479e+00,1.625209e+11,1.863880e+11,6.286143e+03,3.921691e+04,-9.063739e+08,8.368962e+06,4.359910e-03,7.317612e+08,0.000000e+00,0.000000e+00,1.106155e+07,0.000000e+00,1.106155e+07,0.000000e+00,0.000000e+00,1.303498e+11,5.587935e-09,6.676975e-14,0.000000e+00,0.000000e+00,0.000000e+00,0.000000e+00,1.548617e+11,1.679580e+11,-6.891133e+08,1.723470e+06,4.672364e+08,1.839000e+03,-3.998405e+02,3.751148e+09,1.393327e+10,-1.559480e+08,8.718018e+05,1.301213e+08,7.070000e+02,-1.788801e+02,-5.781044e+07
4.162279e+00,1.625469e+11,1.863632e+11,6.668346e+03,4.085470e+04,-9.064374e+08,8.368962e+06,4.360124e-03,7.324745e+08,0.000000e+00,0.000000e+00,8.154742e+06,0.000000e+00,8.154742e+06,0.000000e+00,0.000000e+00,1.303733e+11,5.587935e-09,6.676975e-14,0.000000e+00,0.000000e+00,0.000000e+00,0.000000e+00,1.548636e+11,1.679432e+11,-6.890830e+08,1.722450e+06,4.675635e+08,1.840000e+03,-4.000598e+02,3.766529e+09,1.392319e+10,-1.559018e+08,8.716791e+05,1.303292e+08,7.080000e+02,-1.788523e+02,-5.787592e+07
4.184515e+00,1.625717e+11,1.863382e+11,7.472032e+03,4.227803e+04,-9.065000e+08,8.368962e+06,4.821995e-03,7.324114e+08,0.000000e+00,0.000000e+00,7.906706e+06,0.000000e+00,7.906706e+06,0.000000e+00,0.000000e+00,1.303956e+11,5.587935e-09,6.676975e-14,0.000000e+00,0.000000e+00,0.000000e+00,0.000000e+00,1.548658e+11,1.679304e+11,-6.890593e+08,1.722450e+06,4.678869e+08,1.840000e+03,-4.000461e+02,3.781260e+09,1.391682e+10,-1.558853e+08,8.714335e+05,1.305271e+08,7.100000e+02,-1.788838e+02,-5.791538e+07
4.203807e+00,1.625881e+11,1.863199e+11,8.177611e+03,4.414725e+04,-9.065526e+08,8.368962e+06,4.822942e-03,7.328594e+08,0.000000e+00,0.000000e+00,7.598898e+06,0.000000e+00,7.598898e+06,0.000000e+00,0.000000e+00,1.304132e+11,5.587935e-09,6.676975e-14,0.000000e+00,0.000000e+00,0.000000e+00,0.000000e+00,1.548654e+11,1.679194e+11,-6.890358e+08,1.722450e+06,4.681751e+08,1.840000e+03,-4.000324e+02,3.791278e+09,1.391205e+10,-1.558692e+08,8.711880e+05,1.306921e+08,7.120000e+02,-1.789156e+02,-5.795672e+07
4.223098e+00,1.626064e+11,1.863050e+11,8.523801e+03,4.653076e+04,-9.066063e+08,8.368962e+06,4.822618e-03,7.291827e+08,0.000000e+00,0.000000e+00,6.839927e+06,0.000000e+00,6.839927e+06,0.000000e+00,0.000000e+00,1.304305e+11,5.587935e-09,6.676975e-14,0.000000e+00,0.000000e+00,0.000000e+00,0.000000e+00,1.548685e+11,1.679099e+11,-6.890110e+08,1.722450e+06,4.684665e+08,1.840000e+03,-4.000180e+02,3.800042e+09,1.391078e+10,-1.558565e+08,8.710652e+05,1.308507e+08,7.130000e+02,-1.789264e+02,-5.798982e+07
4.241843e+00,1.626264e+11,1.862859e+11,8.228071e+03,4.875430e+04,-9.066621e+08,8.368962e+06,4.809869e-03,7.277495e+08,0.000000e+00,0.000000e+00,5.973465e+06,0.000000e+00,5.973465e+06,0.000000e+00,0.000000e+00,1.304468e+11,5.587935e-09,6.676975e-14,0.000000e+00,0.000000e+00,0.000000e+00,0.000000e+00,1.548742e+11,1.678964e+11,-6.889857e+08,1.722450e+06,4.687591e+08,1.840000e+03,-4.000033e+02,3.808251e+09,1.391022e+10,-1.558653e+08,8.704514e+05,1.309998e+08,7.180000e+02,-1.790626e+02,-5.800172e+07
4.261124e+00,1.626430e+11,1.862708e+11,7.390312e+03,4.961395e+04,-9.067242e+08,8.368962e+06,4.557218e-03,7.252425e+08,0.000000e+00,0.000000e+00,6.474900e+06,0.000000e+00,6.474900e+06,0.000000e+00,0.000000e+00,1.304619e+11,5.587935e-09,6.676975e-14,0.000000e+00,0.000000e+00,0.000000e+00,0.000000e+00,1.548777e+11,1.678832e+11,-6.889567e+08,1.722450e+06,4.690381e+08,1.840000e+03,-3.999865e+02,3.815245e+09,1.391391e+10,-1.558924e+08,8.698375e+05,1.311344e+08,7.230000e+02,-1.792202e+02,-5.800165e+07
4.284120e+00,1.626633e+11,1.862532e+11,6.333166e+03,4.900860e+04,-9.068029e+08,8.368962e+06,4.822267e-03,7.212246e+08,0.000000e+00,0.000000e+00,7.127116e+06,0.000000e+00,7.127116e+06,0.000000e+00,0.000000e+00,1.304787e+11,5.587935e-09,6.676975e-14,0.000000e+00,0.000000e+00,0.000000e+00,0.000000e+00,1.548816e+11,1.678654e+11,-6.889159e+08,1.722450e+06,4.693576e+08,1.840000e+03,-3.999628e+02,3.824612e+09,1.392082e+10,-1.559347e+08,8.694692e+05,1.312897e+08,7.260000e+02,-1.793447e+02,-5.800048e+07
4.303411e+00,1.626783e+11,1.862392e+11,5.857834e+03,4.894307e+04,-9.068695e+08,8.368962e+06,4.538358e-03,7.196041e+08,0.000000e+00,0.000000e+00,7.041608e+06,0.000000e+00,7.041608e+06,0.000000e+00,0.000000e+00,1.304922e+11,5.587935e-09,6.676975e-14,0.000000e+00,0.000000e+00,0.000000e+00,0.000000e+00,1.548831e+11,1.678510e+11,-6.888800e+08,1.722450e+06,4.696182e+08,1.840000e+03,-3.999420e+02,3.832054e+09,1.392747e+10,-1.559704e+08,8.687326e+05,1.314204e+08,7.320000e+02,-1.795379e+02,-5.800085e+07
4.321516e+00,1.626936e+11,1.862218e+11,5.920155e+03,4.852354e+04,-9.069290e+08,8.368962e+06,4.522293e-03,7.204467e+08,0.000000e+00,0.000000e+00,7.457527e+06,0.000000e+00,7.457527e+06,0.000000e+00,0.000000e+00,1.305049e+11,5.587935e-09,6.676975e-14,0.000000e+00,0.000000e+00,0.000000e+00,0.000000e+00,1.548852e+11,1.678311e+11,-6.888385e+08,1.722450e+06,4.698614e+08,1.840000e+03,-3.999178e+02,3.840023e+09,1.393502e+10,-1.560112e+08,8.687326e+05,1.315453e+08,7.320000e+02,-1.795849e+02,-5.800186e+07
4.343976e+00,1.627145e+11,1.862037e+11,6.477409e+03,4.644067e+04,-9.069948e+08,8.368962e+06,4.360621e-03,7.182629e+08,0.000000e+00,0.000000e+00,6.254176e+06,0.000000e+00,6.254176e+06,0.000000e+00,0.000000e+00,1.305210e+11,5.587935e-09,6.676975e-14,0.000000e+00,0.000000e+00,0.000000e+00,0.000000e+00,1.548896e+11,1.678083e+11,-6.887875e+08,1.722450e+06,4.701487e+08,1.840000e+03,-3.998882e+02,3.850049e+09,1.394525e+10,-1.560614e+08,8.682414e+05,1.317039e+08,7.360000e+02,-1.797443e+02,-5.800238e+07
4.361259e+00,1.627267e+11,1.861898e+11,7.133783e+03,4.460134e+04,-9.070392e+08,8.368962e+06,4.359655e-03,7.199579e+08,0.000000e+00,0.000000e+00,5.552061e+06,0.000000e+00,5.552061e+06,0.000000e+00,0.000000e+00,1.305336e+11,5.587935e-09,6.676975e-14,0.000000e+00,0.000000e+00,0.000000e+00,0.000000e+00,1.548906e+11,1.677951e+11,-6.887597e+08,1.722450e+06,4.703721e+08,1.840000e+03,-3.998721e+02,3.856524e+09,1.394996e+10,-1.560892e+08,8.681187e+05,1.318205e+08,7.370000e+02,-1.798017e+02,-5.800205e+07
4.383060e+00,1.627404e+11,1.861740e+11,7.975119e+03,4.188063e+04,-9.070909e+08,8.368962e+06,4.360052e-03,7.216026e+08,0.000000e+00,0.000000e+00,5.286792e+06,0.000000e+00,5.286792e+06,0.000000e+00,0.000000e+00,1.305497e+11,5.587935e-09,6.676975e-14,0.000000e+00,0.000000e+00,0.000000e+00,0.000000e+00,1.548896e+11,1.677800e+11,-6.887242e+08,1.722450e+06,4.706678e+08,1.840000e+03,-3.998515e+02,3.865119e+09,1.395487e+10,-1.561256e+08,8.676276e+05,1.319748e+08,7.410000e+02,-1.799454e+02,-5.800201e+07
4.400342e+00,1.627517e+11,1.861590e+11,8.586803e+03,3.966731e+04,-9.071303e+08,8.368962e+06,4.359079e-03,7.237812e+08,0.000000e+00,0.000000e+00,5.814566e+06,0.000000e+00,5.814566e+06,0.000000e+00,0.000000e+00,1.305622e+11,5.587935e-09,6.676975e-14,0.000000e+00,0.000000e+00,0.000000e+00,0.000000e+00,1.548893e+11,1.677685e+11,-6.886988e+08,1.722450e+06,4.709062e+08,1.840000e+03,-3.998367e+02,3.872041e+09,1.395494e+10,-1.561411e+08,8.676276e+05,1.320890e+08,7.410000e+02,-1.799633e+02,-5.801716e+07
4.422140e+00,1.627698e+11,1.861418e+11,9.320031e+03,3.807613e+04,-9.071784e+08,8.368962e+06,4.359724e-03,7.226568e+08,0.000000e+00,0.000000e+00,5.197342e+06,0.000000e+00,5.197342e+06,0.000000e+00,0.000000e+00,1.305779e+11,5.587935e-09,6.676975e-14,0.000000e+00,0.000000e+00,0.000000e+00,0.000000e+00,1.548915e+11,1.677552e+11,-6.886641e+08,1.722450e+06,4.711827e+08,1.840000e+03,-3.998166e+02,3.882079e+09,1.395123e+10,-1.561475e+08,8.675048e+05,1.322273e+08,7.420000e+02,-1.799961e+02,-5.804268e+07
4.443633e+00,1.627895e+11,1.861188e+11,9.887424e+03,3.751309e+04,-9.072237e+08,8.368962e+06,4.201563e-03,7.250785e+08,0.000000e+00,0.000000e+00,5.282979e+06,0.000000e+00,5.282979e+06,0.000000e+00,0.000000e+00,1.305931e+11,5.587935e-09,6.676975e-14,0.000000e+00,0.000000e+00,0.000000e+00,0.000000e+00,1.548945e+11,1.677375e+11,-6.886316e+08,1.722450e+06,4.714462e+08,1.840000e+03,-3.997978e+02,3.892814e+09,1.395064e+10,-1.561733e+08,8.672593e+05,1.323654e+08,7.440000e+02,-1.800768e+02,-5.804786e+07
4.460439e+00,1.628042e+11,1.861013e+11,1.013333e+04,3.715064e+04,-9.072586e+08,8.368962e+06,4.201605e-03,7.265117e+08,0.000000e+00,0.000000e+00,5.963882e+06,0.000000e+00,5.963882e+06,0.000000e+00,0.000000e+00,1.306045e+11,5.587935e-09,6.676975e-14,0.000000e+00,0.000000e+00,0.000000e+00,0.000000e+00,1.548957e+11,1.677258e+11,-6.886111e+08,1.722450e+06,4.716648e+08,1.840000e+03,-3.997858e+02,3.901564e+09,1.394879e+10,-1.561844e+08,8.672593e+05,1.324784e+08,7.440000e+02,-1.800897e+02,-5.806092e+07
4.481606e+00,1.628247e+11,1.860811e+11,9.957186e+03,3.656071e+04,-9.073021e+08,8.368962e+06,4.201395e-03,7.240755e+08,0.000000e+00,0.000000e+00,7.031530e+06,0.000000e+00,7.031530e+06,0.000000e+00,0.000000e+00,1.306195e+11,5.587935e-09,6.676975e-14,0.000000e+00,0.000000e+00,0.000000e+00,0.000000e+00,1.548989e+11,1.677152e+11,-6.885889e+08,1.722450e+06,4.719250e+08,1.840000e+03,-3.997729e+02,3.912886e+09,1.394278e+10,-1.561620e+08,8.670138e+05,1.326270e+08,7.460000e+02,-1.801148e+02,-5.811374e+07
4.503273e+00,1.628485e+11,1.860584e+11,9.023275e+03,3.706248e+04,-9.073457e+08,8.368962e+06,4.542823e-03,7.234838e+08,0.000000e+00,0.000000e+00,5.969868e+06,0.000000e+00,5.969868e+06,0.000000e+00,0.000000e+00,1.306377e+11,5.587935e-09,6.676975e-14,0.000000e+00,0.000000e+00,0.000000e+00,0.000000e+00,1.549016e+11,1.677030e+11,-6.885649e+08,1.722450e+06,4.721897e+08,1.840000e+03,-3.997590e+02,3.927132e+09,1.393424e+10,-1.561096e+08,8.670138e+05,1.328151e+08,7.460000e+02,-1.800544e+02,-5.818963e+07
4.520784e+00,1.628641e+11,1.860430e+11,7.841439e+03,3.937001e+04,-9.073804e+08,8.368962e+06,4.522127e-03,7.244669e+08,0.000000e+00,0.000000e+00,3.990062e+06,0.000000e+00,3.990062e+06,0.000000e+00,0.000000e+00,1.306520e+11,5.587935e-09,6.676975e-14,0.000000e+00,0.000000e+00,0.000000e+00,0.000000e+00,1.549007e+11,1.676948e+11,-6.885452e+08,1.722450e+06,4.723963e+08,1.840000e+03,-3.997476e+02,3.938137e+09,1.392829e+10,-1.560914e+08,8.667682e+05,1.329633e+08,7.480000e+02,-1.800844e+02,-5.821903e+07
4.543458e+00,1.628789e+11,1.860292e+11,6.127319e+03,4.250125e+04,-9.074239e+08,8.368962e+06,4.374715e-03,7.214670e+08,0.000000e+00,0.000000e+00,4.971408e+06,0.000000e+00,4.971408e+06,0.000000e+00,0.000000e+00,1.306675e+11,5.587935e-09,6.676975e-14,0.000000e+00,0.000000e+00,0.000000e+00,0.000000e+00,1.548998e+11,1.676899e+11,-6.885202e+08,1.722450e+06,4.726748e+08,1.840000e+03,-3.997331e+02,3.947622e+09,1.392349e+10,-1.560801e+08,8.667682e+05,1.331425e+08,7.480000e+02,-1.800713e+02,-5.826073e+07
4.561271e+00,1.628927e+11,1.860158e+11,4.881323e+03,4.324170e+04,-9.074578e+08,8.368962e+06,4.541976e-03,7.194799e+08,0.000000e+00,0.000000e+00,5.619132e+06,0.000000e+00,5.619132e+06,0.000000e+00,0.000000e+00,1.306793e+11,5.587935e-09,6.676975e-14,0.000000e+00,0.000000e+00,0.000000e+00,0.000000e+00,1.549012e+11,1.676832e+11,-6.884988e+08,1.722450e+06,4.728891e+08,1.840000e+03,-3.997206e+02,3.955242e+09,1.391910e+10,-1.560547e+08,8.667682e+05,1.332781e+08,7.480000e+02,-1.800420e+02,-5.830860e+07
4.583981e+00,1.629107e+11,1.859977e+11,3.649580e+03,4.259850e+04,-9.075027e+08,8.368962e+06,4.542178e-03,7.192806e+08,0.000000e+00,0.000000e+00,5.257923e+06,0.000000e+00,5.257923e+06,0.000000e+00,0.000000e+00,1.306957e+11,5.587935e-09,6.676975e-14,0.000000e+00,0.000000e+00,0.000000e+00,0.000000e+00,1.549025e+11,1.676688e+11,-6.884675e+08,1.722450e+06,4.731481e+08,1.840000e+03,-3.997025e+02,3.965664e+09,1.391645e+10,-1.560370e+08,8.665227e+05,1.334502e+08,7.500000e+02,-1.800726e+02,-5.835170e+07
4.601830e+00,1.629218e+11,1.859877e+11,3.128763e+03,4.225840e+04,-9.075400e+08,8.368962e+06,4.202361e-03,7.185004e+08,0.000000e+00,0.000000e+00,4.728969e+06,0.000000e+00,4.728969e+06,0.000000e+00,0.000000e+00,1.307079e+11,5.587935e-09,6.676975e-14,0.000000e+00,0.000000e+00,0.000000e+00,0.000000e+00,1.549017e+11,1.676619e+11,-6.884447e+08,1.722450e+06,4.733500e+08,1.840000e+03,-3.996892e+02,3.972772e+09,1.391675e+10,-1.560394e+08,8.665227e+05,1.335781e+08,7.500000e+02,-1.800753e+02,-5.837006e+07
4.622837e+00,1.629301e+11,1.859807e+11,2.946961e+03,4.338805e+04,-9.075868e+08,8.368962e+06,4.201325e-03,7.166515e+08,0.000000e+00,0.000000e+00,4.874682e+06,0.000000e+00,4.874682e+06,0.000000e+00,0.000000e+00,1.307200e+11,5.587935e-09,6.676975e-14,0.000000e+00,0.000000e+00,0.000000e+00,0.000000e+00,1.548995e+11,1.676557e+11,-6.884157e+08,1.722450e+06,4.735856e+08,1.840000e+03,-3.996724e+02,3.977664e+09,1.391843e+10,-1.560501e+08,8.665227e+05,1.337279e+08,7.500000e+02,-1.800877e+02,-5.838802e+07
4.640108e+00,1.629373e+11,1.859729e+11,2.942673e+03,4.444166e+04,-9.076269e+08,8.368962e+06,4.359907e-03,7.173711e+08,0.000000e+00,0.000000e+00,4.707123e+06,0.000000e+00,4.707123e+06,0.000000e+00,0.000000e+00,1.307298e+11,5.587935e-09,6.676975e-14,0.000000e+00,0.000000e+00,0.000000e+00,0.000000e+00,1.548982e+11,1.676482e+11,-6.883884e+08,1.722450e+06,4.737824e+08,1.840000e+03,-3.996565e+02,3.981540e+09,1.392119e+10,-1.560645e+08,8.665227e+05,1.338514e+08,7.500000e+02,-1.801043e+02,-5.840018e+07
4.661908e+00,1.629460e+11,1.859644e+11,3.084892e+03,4.474641e+04,-9.076785e+08,8.368962e+06,4.211138e-03,7.174988e+08,0.000000e+00,0.000000e+00,4.081073e+06,0.000000e+00,4.081073e+06,0.000000e+00,0.000000e+00,1.307418e+11,5.587935e-09,6.676975e-14,0.000000e+00,0.000000e+00,0.000000e+00,0.000000e+00,1.548964e+11,1.676393e+11,-6.883545e+08,1.722450e+06,4.740252e+08,1.840000e+03,-3.996368e+02,3.986125e+09,1.392500e+10,-1.560864e+08,8.663999e+05,1.339980e+08,7.510000e+02,-1.801551e+02,-5.841159e+07
4.682926e+00,1.629538e+11,1.859585e+11,3.287746e+03,4.525749e+04,-9.077309e+08,8.368962e+06,4.201747e-03,7.150643e+08,0.000000e+00,0.000000e+00,4.519288e+06,0.000000e+00,4.519288e+06,0.000000e+00,0.000000e+00,1.307529e+11,5.587935e-09,6.676975e-14,0.000000e+00,0.000000e+00,0.000000e+00,0.000000e+00,1.548930e+11,1.676354e+11,-6.883242e+08,1.722450e+06,4.742529e+08,1.840000e+03,-3.996192e+02,3.991321e+09,1.392734e+10,-1.561038e+08,8.662771e+05,1.341344e+08,7.520000e+02,-1.802008e+02,-5.842519e+07
4.703934e+00,1.629609e+11,1.859473e+11,3.381281e+03,4.589790e+04,-9.077871e+08,8.368962e+06,4.201600e-03,7.163460e+08,0.000000e+00,0.000000e+00,6.255708e+06,0.000000e+00,6.255708e+06,0.000000e+00,0.000000e+00,1.307631e+11,5.587935e-09,6.676975e-14,0.000000e+00,0.000000e+00,0.000000e+00,0.000000e+00,1.548886e+11,1.676286e+11,-6.882949e+08,1.722450e+06,4.744852e+08,1.840000e+03,-3.996023e+02,3.997055e+09,1.392755e+10,-1.561057e+08,8.662771e+05,1.342702e+08,7.520000e+02,-1.802030e+02,-5.845984e+07
4.721399e+00,1.629680e+11,1.859378e+11,3.266169e+03,4.596043e+04,-9.078356e+08,8.368962e+06,4.370263e-03,7.181556e+08,0.000000e+00,0.000000e+00,6.167640e+06,0.000000e+00,6.167640e+06,0.000000e+00,0.000000e+00,1.307714e+11,5.587935e-09,6.676975e-14,0.000000e+00,0.000000e+00,0.000000e+00,0.000000e+00,1.548856e+11,1.676223e+11,-6.882717e+08,1.722450e+06,4.746768e+08,1.840000e+03,-3.995888e+02,4.002293e+09,1.392566e+10,-1.560879e+08,8.662771e+05,1.343877e+08,7.520000e+02,-1.801824e+02,-5.849842e+07
4.742745e+00,1.629768e+11,1.859298e+11,3.034446e+03,4.725673e+04,-9.078955e+08,8.368962e+06,4.201530e-03,7.173990e+08,0.000000e+00,0.000000e+00,5.197949e+06,0.000000e+00,5.197949e+06,0.000000e+00,0.000000e+00,1.307816e+11,5.587935e-09,6.676975e-14,0.000000e+00,0.000000e+00,0.000000e+00,0.000000e+00,1.548829e+11,1.676206e+11,-6.882519e+08,1.722450e+06,4.749043e+08,1.840000e+03,-3.995773e+02,4.008181e+09,1.392226e+10,-1.560788e+08,8.660316e+05,1.345525e+08,7.540000e+02,-1.802230e+02,-5.852382e+07
4.764217e+00,1.629873e+11,1.859188e+11,2.722649e+03,4.991996e+04,-9.079548e+08,8.368962e+06,4.359401e-03,7.175652e+08,0.000000e+00,0.000000e+00,4.741992e+06,0.000000e+00,4.741992e+06,0.000000e+00,0.000000e+00,1.307915e+11,5.587935e-09,6.676975e-14,0.000000e+00,0.000000e+00,0.000000e+00,0.000000e+00,1.548819e+11,1.676178e+11,-6.882400e+08,1.722450e+06,4.751454e+08,1.840000e+03,-3.995704e+02,4.014426e+09,1.391850e+10,-1.560753e+08,8.656632e+05,1.347427e+08,7.570000e+02,-1.802956e+02,-5.853584e+07
4.781655e+00,1.629949e+11,1.859085e+11,2.324145e+03,5.160402e+04,-9.080015e+08,8.368962e+06,4.359380e-03,7.197686e+08,0.000000e+00,0.000000e+00,4.842032e+06,0.000000e+00,4.842032e+06,0.000000e+00,0.000000e+00,1.307992e+11,5.587935e-09,6.676975e-14,0.000000e+00,0.000000e+00,0.000000e+00,0.000000e+00,1.548812e+11,1.676132e+11,-6.882312e+08,1.722450e+06,4.753269e+08,1.840000e+03,-3.995652e+02,4.018466e+09,1.391562e+10,-1.560773e+08,8.652949e+05,1.348846e+08,7.600000e+02,-1.803747e+02,-5.854293e+07
4.802989e+00,1.630043e+11,1.859015e+11,1.584597e+03,5.362379e+04,-9.080568e+08,8.368962e+06,4.350020e-03,7.161787e+08,0.000000e+00,0.000000e+00,5.354066e+06,0.000000e+00,5.354066e+06,0.000000e+00,0.000000e+00,1.308084e+11,5.587935e-09,6.676975e-14,0.000000e+00,0.000000e+00,0.000000e+00,0.000000e+00,1.548811e+11,1.676109e+11,-6.882166e+08,1.722450e+06,4.755444e+08,1.840000e+03,-3.995568e+02,4.023205e+09,1.391448e+10,-1.560807e+08,8.652949e+05,1.350652e+08,7.600000e+02,-1.803786e+02,-5.855492e+07
4.820416e+00,1.630114e+11,1.858942e+11,8.330258e+02,5.590942e+04,-9.081013e+08,8.368962e+06,4.211711e-03,7.157544e+08,0.000000e+00,0.000000e+00,5.370972e+06,0.000000e+00,5.370972e+06,0.000000e+00,0.000000e+00,1.308161e+11,5.587935e-09,6.676975e-14,0.000000e+00,0.000000e+00,0.000000e+00,0.000000e+00,1.548808e+11,1.676075e+11,-6.882008e+08,1.722450e+06,4.757253e+08,1.840000e+03,-3.995476e+02,4.026742e+09,1.391405e+10,-1.560872e+08,8.652949e+05,1.352054e+08,7.600000e+02,-1.803862e+02,-5.856528e+07
4.841899e+00,1.630211e+11,1.858843e+11,4.823193e+01,5.881350e+04,-9.081559e+08,8.368962e+06,4.531279e-03,7.160584e+08,0.000000e+00,0.000000e+00,4.717872e+06,0.000000e+00,4.717872e+06,0.000000e+00,0.000000e+00,1.308258e+11,5.587935e-09,6.676975e-14,0.000000e+00,0.000000e+00,0.000000e+00,0.000000e+00,1.548810e+11,1.676014e+11,-6.881821e+08,1.722450e+06,4.759456e+08,1.840000e+03,-3.995368e+02,4.031375e+09,1.391351e+10,-1.560924e+08,8.652949e+05,1.353764e+08,7.600000e+02,-1.803922e+02,-5.857642e+07
4.860056e+00,1.630297e+11,1.858768e+11,-7.169421e+02,6.059942e+04,-9.082022e+08,8.368962e+06,4.542034e-03,7.148056e+08,0.000000e+00,0.000000e+00,4.402190e+06,0.000000e+00,4.402190e+06,0.000000e+00,0.000000e+00,1.308339e+11,5.587935e-09,6.676975e-14,0.000000e+00,0.000000e+00,0.000000e+00,0.000000e+00,1.548813e+11,1.675985e+11,-6.881684e+08,1.722450e+06,4.761414e+08,1.840000e+03,-3.995288e+02,4.035730e+09,1.391224e+10,-1.561040e+08,8.652949e+05,1.355199e+08,7.600000e+02,-1.804056e+02,-5.857805e+07
4.882767e+00,1.630424e+11,1.858675e+11,-1.783530e+03,6.251147e+04,-9.082605e+08,8.368962e+06,4.542606e-03,7.109898e+08,0.000000e+00,0.000000e+00,4.239854e+06,0.000000e+00,4.239854e+06,0.000000e+00,0.000000e+00,1.308433e+11,5.587935e-09,6.676975e-14,0.000000e+00,0.000000e+00,0.000000e+00,0.000000e+00,1.548828e+11,1.675955e+11,-6.881519e+08,1.722450e+06,4.763707e+08,1.840000e+03,-3.995192e+02,4.042234e+09,1.391072e+10,-1.561180e+08,8.652949e+05,1.356873e+08,7.600000e+02,-1.804217e+02,-5.858016e+07
4.901205e+00,1.630536e+11,1.858557e+11,-2.668500e+03,6.526743e+04,-9.083086e+08,8.368962e+06,4.822611e-03,7.109406e+08,0.000000e+00,0.000000e+00,4.498903e+06,0.000000e+00,4.498903e+06,0.000000e+00,0.000000e+00,1.308507e+11,5.587935e-09,6.676975e-14,0.000000e+00,0.000000e+00,0.000000e+00,0.000000e+00,1.548852e+11,1.675886e+11,-6.881384e+08,1.722450e+06,4.765485e+08,1.840000e+03,-3.995114e+02,4.047459e+09,1.390937e+10,-1.561312e+08,8.652949e+05,1.358178e+08,7.600000e+02,-1.804370e+02,-5.858046e+07
4.923365e+00,1.630642e+11,1.858441e+11,-3.212401e+03,6.992759e+04,-9.083660e+08,8.368962e+06,4.531628e-03,7.109167e+08,0.000000e+00,0.000000e+00,5.145674e+06,0.000000e+00,5.145674e+06,0.000000e+00,0.000000e+00,1.308592e+11,5.587935e-09,6.676975e-14,0.000000e+00,0.000000e+00,0.000000e+00,0.000000e+00,1.548857e+11,1.675807e+11,-6.881168e+08,1.722450e+06,4.767430e+08,1.840000e+03,-3.994988e+02,4.053354e+09,1.390918e+10,-1.561515e+08,8.652949e+05,1.359641e+08,7.600000e+02,-1.804604e+02,-5.858184e+07
4.940730e+00,1.630700e+11,1.858377e+11,-3.197377e+03,7.326134e+04,-9.084119e+08,8.368962e+06,4.530811e-03,7.110289e+08,0.000000e+00,0.000000e+00,5.468497e+06,0.000000e+00,5.468497e+06,0.000000e+00,0.000000e+00,1.308656e+11,5.587935e-09,6.676975e-14,0.000000e+00,0.000000e+00,0.000000e+00,0.000000e+00,1.548844e+11,1.675766e+11,-6.880977e+08,1.722450e+06,4.768907e+08,1.840000e+03,-3.994878e+02,4.057239e+09,1.390987e+10,-1.561695e+08,8.652949e+05,1.360765e+08,7.600000e+02,-1.804812e+02,-5.858297e+07
4.962841e+00,1.630753e+11,1.858293e+11,-2.506733e+03,7.629011e+04,-9.084729e+08,8.368962e+06,4.347280e-03,7.137446e+08,0.000000e+00,0.000000e+00,5.404219e+06,0.000000e+00,5.404219e+06,0.000000e+00,0.000000e+00,1.308736e+11,5.587935e-09,6.676975e-14,0.000000e+00,0.000000e+00,0.000000e+00,0.000000e+00,1.548815e+11,1.675692e+11,-6.880723e+08,1.722450e+06,4.770726e+08,1.840000e+03,-3.994730e+02,4.061478e+09,1.391284e+10,-1.561936e+08,8.652949e+05,1.362200e+08,7.600000e+02,-1.805091e+02,-5.858445e+07
4.980637e+00,1.630776e+11,1.858223e+11,-1.521830e+03,7.788095e+04,-9.085265e+08,8.368962e+06,4.364689e-03,7.178886e+08,0.000000e+00,0.000000e+00,5.580806e+06,0.000000e+00,5.580806e+06,0.000000e+00,0.000000e+00,1.308799e+11,5.587935e-09,6.676975e-14,0.000000e+00,0.000000e+00,0.000000e+00,0.000000e+00,1.548768e+11,1.675632e+11,-6.880496e+08,1.722450e+06,4.772295e+08,1.840000e+03,-3.994598e+02,4.065366e+09,1.391476e+10,-1.562148e+08,8.652949e+05,1.363318e+08,7.600000e+02,-1.805335e+02,-5.858599e+07
5.002619e+00,1.630818e+11,1.858181e+11,-2.869831e+02,7.846752e+04,-9.085983e+08,8.368962e+06,4.542468e-03,7.171249e+08,0.000000e+00,0.000000e+00,5.835958e+06,0.000000e+00,5.835958e+06,0.000000e+00,0.000000e+00,1.308881e+11,5.587935e-09,6.676975e-14,0.000000e+00,0.000000e+00,0.000000e+00,0.000000e+00,1.548710e+11,1.675594e+11,-6.880212e+08,1.722450e+06,4.774337e+08,1.840000e+03,-3.994434e+02,4.071355e+09,1.391809e+10,-1.562416e+08,8.652949e+05,1.364661e+08,7.600000e+02,-1.805645e+02,-5.858716e+07
5.023894e+00,1.630867e+11,1.858100e+11,3.818595e+02,7.785406e+04,-9.086712e+08,8.368962e+06,4.509246e-03,7.192811e+08,0.000000e+00,0.000000e+00,6.148460e+06,0.000000e+00,6.148460e+06,0.000000e+00,0.000000e+00,1.308964e+11,5.587935e-09,6.676975e-14,0.000000e+00,0.000000e+00,0.000000e+00,0.000000e+00,1.548665e+11,1.675544e+11,-6.879989e+08,1.722450e+06,4.776346e+08,1.840000e+03,-3.994304e+02,4.076755e+09,1.391921e+10,-1.562634e+08,8.652949e+05,1.365910e+08,7.600000e+02,-1.805897e+02,-5.858881e+07
5.040592e+00,1.630920e+11,1.858013e+11,4.209064e+02,7.785791e+04,-9.087281e+08,8.368962e+06,4.357337e-03,7.203619e+08,0.000000e+00,0.000000e+00,7.665053e+06,0.000000e+00,7.665053e+06,0.000000e+00,0.000000e+00,1.309033e+11,5.587935e-09,6.676975e-14,0.000000e+00,0.000000e+00,0.000000e+00,0.000000e+00,1.548640e+11,1.675501e+11,-6.879852e+08,1.722450e+06,4.777841e+08,1.840000e+03,-3.994224e+02,4.081338e+09,1.391711e+10,-1.562622e+08,8.651722e+05,1.366890e+08,7.610000e+02,-1.806140e+02,-5.860878e+07
5.061501e+00,1.631012e+11,1.857917e+11,4.289823e+02,7.791657e+04,-9.087975e+08,8.368962e+06,4.359675e-03,7.196141e+08,0.000000e+00,0.000000e+00,8.398827e+06,0.000000e+00,8.398827e+06,0.000000e+00,0.000000e+00,1.309128e+11,5.587935e-09,6.676975e-14,0.000000e+00,0.000000e+00,0.000000e+00,0.000000e+00,1.548625e+11,1.675477e+11,-6.879686e+08,1.722450e+06,4.779635e+08,1.840000e+03,-3.994128e+02,4.087402e+09,1.391166e+10,-1.562470e+08,8.651722e+05,1.368146e+08,7.610000e+02,-1.805965e+02,-5.864148e+07
5.082994e+00,1.631092e+11,1.857828e+11,7.032249e+02,7.550412e+04,-9.088694e+08,8.368962e+06,4.201784e-03,7.187100e+08,0.000000e+00,0.000000e+00,8.939208e+06,0.000000e+00,8.939208e+06,0.000000e+00,0.000000e+00,1.309221e+11,5.587935e-09,6.676975e-14,0.000000e+00,0.000000e+00,0.000000e+00,0.000000e+00,1.548605e+11,1.675452e+11,-6.879492e+08,1.722450e+06,4.781544e+08,1.840000e+03,-3.994015e+02,4.092421e+09,1.390593e+10,-1.562224e+08,8.650494e+05,1.369478e+08,7.620000e+02,-1.805936e+02,-5.868638e+07
5.100265e+00,1.631165e+11,1.857739e+11,1.086493e+03,7.231032e+04,-9.089290e+08,8.368962e+06,4.360114e-03,7.198169e+08,0.000000e+00,0.000000e+00,9.117011e+06,0.000000e+00,9.117011e+06,0.000000e+00,0.000000e+00,1.309293e+11,5.587935e-09,6.676975e-14,0.000000e+00,0.000000e+00,0.000000e+00,0.000000e+00,1.548594e+11,1.675409e+11,-6.879307e+08,1.722450e+06,4.783081e+08,1.840000e+03,-3.993908e+02,4.096414e+09,1.390305e+10,-1.562109e+08,8.650494e+05,1.370636e+08,7.620000e+02,-1.805803e+02,-5.871388e+07
5.122066e+00,1.631268e+11,1.857666e+11,1.035492e+03,6.861701e+04,-9.090089e+08,8.368962e+06,4.360349e-03,7.164390e+08,0.000000e+00,0.000000e+00,8.762455e+06,0.000000e+00,8.762455e+06,0.000000e+00,0.000000e+00,1.309379e+11,5.587935e-09,6.676975e-14,0.000000e+00,0.000000e+00,0.000000e+00,0.000000e+00,1.548601e+11,1.675369e+11,-6.879072e+08,1.722450e+06,4.784917e+08,1.840000e+03,-3.993772e+02,4.101067e+09,1.390209e+10,-1.562143e+08,8.650494e+05,1.372075e+08,7.620000e+02,-1.805843e+02,-5.873005e+07
5.144028e+00,1.631362e+11,1.857601e+11,4.014164e+02,6.569023e+04,-9.090924e+08,8.368962e+06,4.523033e-03,7.127364e+08,0.000000e+00,0.000000e+00,8.620902e+06,0.000000e+00,8.620902e+06,0.000000e+00,0.000000e+00,1.309459e+11,5.587935e-09,6.676975e-14,0.000000e+00,0.000000e+00,0.000000e+00,0.000000e+00,1.548607e+11,1.675346e+11,-6.878855e+08,1.722450e+06,4.786668e+08,1.840000e+03,-3.993646e+02,4.105566e+09,1.390181e+10,-1.562308e+08,8.649266e+05,1.373450e+08,7.630000e+02,-1.806290e+02,-5.873374e+07
5.162121e+00,1.631437e+11,1.857529e+11,-5.824136e+02,6.295362e+04,-9.091629e+08,8.368962e+06,4.523173e-03,7.121133e+08,0.000000e+00,0.000000e+00,8.421586e+06,0.000000e+00,8.421586e+06,0.000000e+00,0.000000e+00,1.309521e+11,5.587935e-09,6.676975e-14,0.000000e+00,0.000000e+00,0.000000e+00,0.000000e+00,1.548611e+11,1.675300e+11,-6.878675e+08,1.722450e+06,4.788182e+08,1.840000e+03,-3.993541e+02,4.109014e+09,1.390287e+10,-1.562470e+08,8.648039e+05,1.374590e+08,7.640000e+02,-1.806733e+02,-5.873617e+07
5.184448e+00,1.631528e+11,1.857472e+11,-1.870136e+03,5.927062e+04,-9.092509e+08,8.368962e+06,4.542606e-03,7.091370e+08,0.000000e+00,0.000000e+00,7.743262e+06,0.000000e+00,7.743262e+06,0.000000e+00,0.000000e+00,1.309592e+11,5.587935e-09,6.676975e-14,0.000000e+00,0.000000e+00,0.000000e+00,0.000000e+00,1.548623e+11,1.675264e+11,-6.878461e+08,1.722450e+06,4.789983e+08,1.840000e+03,-3.993417e+02,4.112671e+09,1.390415e+10,-1.562648e+08,8.646811e+05,1.375938e+08,7.650000e+02,-1.807196e+02,-5.873912e+07
5.202299e+00,1.631589e+11,1.857440e+11,-2.499054e+03,5.806822e+04,-9.093225e+08,8.368962e+06,4.203549e-03,7.064714e+08,0.000000e+00,0.000000e+00,7.331402e+06,0.000000e+00,7.331402e+06,0.000000e+00,0.000000e+00,1.309648e+11,5.587935e-09,6.676975e-14,0.000000e+00,0.000000e+00,0.000000e+00,0.000000e+00,1.548628e+11,1.675247e+11,-6.878299e+08,1.722450e+06,4.791318e+08,1.840000e+03,-3.993323e+02,4.114598e+09,1.390604e+10,-1.562803e+08,8.645583e+05,1.376982e+08,7.660000e+02,-1.807631e+02,-5.874003e+07
5.220106e+00,1.631639e+11,1.857381e+11,-2.451448e+03,5.902114e+04,-9.093943e+08,8.368962e+06,4.541799e-03,7.071020e+08,0.000000e+00,0.000000e+00,7.236510e+06,0.000000e+00,7.236510e+06,0.000000e+00,0.000000e+00,1.309702e+11,5.587935e-09,6.676975e-14,0.000000e+00,0.000000e+00,0.000000e+00,0.000000e+00,1.548631e+11,1.675210e+11,-6.878155e+08,1.722450e+06,4.792720e+08,1.840000e+03,-3.993239e+02,4.115953e+09,1.390734e+10,-1.562904e+08,8.645583e+05,1.377973e+08,7.660000e+02,-1.807749e+02,-5.874517e+07
5.242819e+00,1.631696e+11,1.857320e+11,-1.571068e+03,6.153656e+04,-9.094874e+08,8.368962e+06,4.543080e-03,7.076749e+08,0.000000e+00,0.000000e+00,6.860620e+06,0.000000e+00,6.860620e+06,0.000000e+00,0.000000e+00,1.309769e+11,5.587935e-09,6.676975e-14,0.000000e+00,0.000000e+00,0.000000e+00,0.000000e+00,1.548636e+11,1.675160e+11,-6.877985e+08,1.722450e+06,4.794480e+08,1.840000e+03,-3.993141e+02,4.116689e+09,1.390941e+10,-1.563026e+08,8.645583e+05,1.379204e+08,7.660000e+02,-1.807890e+02,-5.874885e+07
5.260991e+00,1.631745e+11,1.857289e+11,-5.493208e+02,6.366642e+04,-9.095659e+08,8.368962e+06,4.542773e-03,7.059367e+08,0.000000e+00,0.000000e+00,6.592892e+06,0.000000e+00,6.592892e+06,0.000000e+00,0.000000e+00,1.309821e+11,5.587935e-09,6.676975e-14,0.000000e+00,0.000000e+00,0.000000e+00,0.000000e+00,1.548641e+11,1.675142e+11,-6.877847e+08,1.722450e+06,4.795818e+08,1.840000e+03,-3.993060e+02,4.117606e+09,1.391161e+10,-1.563158e+08,8.645583e+05,1.380191e+08,7.660000e+02,-1.808042e+02,-5.874934e+07
5.283704e+00,1.631795e+11,1.857225e+11,6.743172e+02,6.608907e+04,-9.096698e+08,8.368962e+06,4.542689e-03,7.071711e+08,0.000000e+00,0.000000e+00,6.393498e+06,0.000000e+00,6.393498e+06,0.000000e+00,0.000000e+00,1.309884e+11,5.587935e-09,6.676975e-14,0.000000e+00,0.000000e+00,0.000000e+00,0.000000e+00,1.548625e+11,1.675112e+11,-6.877704e+08,1.722450e+06,4.797555e+08,1.840000e+03,-3.992977e+02,4.119850e+09,1.391255e+10,-1.563291e+08,8.645583e+05,1.381381e+08,7.660000e+02,-1.808196e+02,-5.875155e+07
5.301875e+00,1.631838e+11,1.857156e+11,1.376360e+03,6.826864e+04,-9.097576e+08,8.368962e+06,4.542702e-03,7.083617e+08,0.000000e+00,0.000000e+00,7.276739e+06,0.000000e+00,7.276739e+06,0.000000e+00,0.000000e+00,1.309935e+11,5.587935e-09,6.676975e-14,0.000000e+00,0.000000e+00,0.000000e+00,0.000000e+00,1.548606e+11,1.675098e+11,-6.877622e+08,1.722450e+06,4.798972e+08,1.840000e+03,-3.992930e+02,4.122566e+09,1.391027e+10,-1.563245e+08,8.645583e+05,1.382348e+08,7.660000e+02,-1.808143e+02,-5.876839e+07
5.320043e+00,1.631912e+11,1.857094e+11,1.855643e+03,7.175146e+04,-9.098496e+08,8.368962e+06,4.541534e-03,7.065633e+08,0.000000e+00,0.000000e+00,7.581492e+06,0.000000e+00,7.581492e+06,0.000000e+00,0.000000e+00,1.309995e+11,5.587935e-09,6.676975e-14,0.000000e+00,0.000000e+00,0.000000e+00,0.000000e+00,1.548604e+11,1.675097e+11,-6.877547e+08,1.722450e+06,4.800447e+08,1.840000e+03,-3.992886e+02,4.126442e+09,1.390615e+10,-1.563107e+08,8.645583e+05,1.383335e+08,7.660000e+02,-1.807983e+02,-5.878872e+07
5.342579e+00,1.631974e+11,1.857038e+11,2.181348e+03,7.690101e+04,-9.099702e+08,8.368962e+06,4.360999e-03,7.059510e+08,0.000000e+00,0.000000e+00,7.197271e+06,0.000000e+00,7.197271e+06,0.000000e+00,0.000000e+00,1.310065e+11,5.587935e-09,6.676975e-14,0.000000e+00,0.000000e+00,0.000000e+00,0.000000e+00,1.548601e+11,1.675094e+11,-6.877475e+08,1.722450e+06,4.802246e+08,1.840000e+03,-3.992844e+02,4.128446e+09,1.390347e+10,-1.563027e+08,8.645583e+05,1.384453e+08,7.660000e+02,-1.807890e+02,-5.880071e+07
5.360021e+00,1.632008e+11,1.856987e+11,2.433352e+03,7.928323e+04,-9.100675e+08,8.368962e+06,4.360455e-03,7.076200e+08,0.000000e+00,0.000000e+00,6.834348e+06,0.000000e+00,6.834348e+06,0.000000e+00,0.000000e+00,1.310111e+11,5.587935e-09,6.676975e-14,0.000000e+00,0.000000e+00,0.000000e+00,0.000000e+00,1.548602e+11,1.675065e+11,-6.877437e+08,1.722450e+06,4.803657e+08,1.840000e+03,-3.992823e+02,4.128371e+09,1.390344e+10,-1.563046e+08,8.645583e+05,1.385307e+08,7.660000e+02,-1.807913e+02,-5.880122e+07
5.381823e+00,1.632066e+11,1.856948e+11,3.130855e+03,8.008617e+04,-9.101910e+08,8.368962e+06,4.360307e-03,7.048383e+08,0.000000e+00,0.000000e+00,7.277222e+06,0.000000e+00,7.277222e+06,0.000000e+00,0.000000e+00,1.310166e+11,5.587935e-09,6.676975e-14,0.000000e+00,0.000000e+00,0.000000e+00,0.000000e+00,1.548616e+11,1.675056e+11,-6.877396e+08,1.722450e+06,4.805403e+08,1.840000e+03,-3.992799e+02,4.128808e+09,1.390412e+10,-1.563090e+08,8.645583e+05,1.386317e+08,7.660000e+02,-1.807964e+02,-5.880153e+07
5.403625e+00,1.632123e+11,1.856906e+11,4.643380e+03,8.064909e+04,-9.103168e+08,8.368962e+06,4.360318e-03,7.021471e+08,0.000000e+00,0.000000e+00,8.061015e+06,0.000000e+00,8.061015e+06,0.000000e+00,0.000000e+00,1.310221e+11,5.587935e-09,6.676975e-14,0.000000e+00,0.000000e+00,0.000000e+00,0.000000e+00,1.548622e+11,1.675061e+11,-6.877362e+08,1.722450e+06,4.807049e+08,1.840000e+03,-3.992779e+02,4.130068e+09,1.390312e+10,-1.563085e+08,8.645583e+05,1.387277e+08,7.660000e+02,-1.807957e+02,-5.880758e+07
5.421066e+00,1.632171e+11,1.856842e+11,6.135007e+03,8.164081e+04,-9.104172e+08,8.368962e+06,4.360205e-03,7.028835e+08,0.000000e+00,0.000000e+00,8.721531e+06,0.000000e+00,8.721531e+06,0.000000e+00,0.000000e+00,1.310264e+11,5.587935e-09,6.676975e-14,0.000000e+00,0.000000e+00,0.000000e+00,0.000000e+00,1.548627e+11,1.675044e+11,-6.877344e+08,1.722450e+06,4.808286e+08,1.840000e+03,-3.992769e+02,4.131251e+09,1.390090e+10,-1.562980e+08,8.645583e+05,1.388054e+08,7.660000e+02,-1.807837e+02,-5.882028e+07
5.442867e+00,1.632232e+11,1.856784e+11,8.123790e+03,8.257844e+04,-9.105418e+08,8.368962e+06,4.360233e-03,7.024232e+08,0.000000e+00,0.000000e+00,8.349998e+06,0.000000e+00,8.349998e+06,0.000000e+00,0.000000e+00,1.310317e+11,5.587935e-09,6.676975e-14,0.000000e+00,0.000000e+00,0.000000e+00,0.000000e+00,1.548640e+11,1.675036e+11,-6.877340e+08,1.722450e+06,4.809946e+08,1.840000e+03,-3.992766e+02,4.132108e+09,1.389817e+10,-1.562859e+08,8.645583e+05,1.389044e+08,7.660000e+02,-1.807696e+02,-5.883159e+07
5.460309e+00,1.632284e+11,1.856760e+11,9.357917e+03,8.280748e+04,-9.106393e+08,8.368962e+06,4.360376e-03,6.994481e+08,0.000000e+00,0.000000e+00,8.300490e+06,0.000000e+00,8.300490e+06,0.000000e+00,0.000000e+00,1.310359e+11,5.587935e-09,6.676975e-14,0.000000e+00,0.000000e+00,0.000000e+00,0.000000e+00,1.548652e+11,1.675049e+11,-6.877338e+08,1.722450e+06,4.811280e+08,1.840000e+03,-3.992765e+02,4.132970e+09,1.389670e+10,-1.562780e+08,8.645583e+05,1.389838e+08,7.660000e+02,-1.807605e+02,-5.884077e+07
5.482111e+00,1.632362e+11,1.856660e+11,1.051583e+04,8.325505e+04,-9.107564e+08,8.368962e+06,4.360344e-03,7.009249e+08,0.000000e+00,0.000000e+00,8.548582e+06,0.000000e+00,8.548582e+06,0.000000e+00,0.000000e+00,1.310414e+11,5.587935e-09,6.676975e-14,0.000000e+00,0.000000e+00,0.000000e+00,0.000000e+00,1.548665e+11,1.675024e+11,-6.877330e+08,1.722450e+06,4.812826e+08,1.840000e+03,-3.992760e+02,4.135538e+09,1.389241e+10,-1.562640e+08,8.645583e+05,1.390795e+08,7.660000e+02,-1.807443e+02,-5.885695e+07
5.503913e+00,1.632426e+11,1.856578e+11,1.108651e+04,8.362613e+04,-9.108665e+08,8.368962e+06,4.360699e-03,7.022336e+08,0.000000e+00,0.000000e+00,8.713392e+06,0.000000e+00,8.713392e+06,0.000000e+00,0.000000e+00,1.310469e+11,5.587935e-09,6.676975e-14,0.000000e+00,0.000000e+00,0.000000e+00,0.000000e+00,1.548660e+11,1.675007e+11,-6.877320e+08,1.722450e+06,4.814341e+08,1.840000e+03,-3.992755e+02,4.138709e+09,1.388719e+10,-1.562441e+08,8.645583e+05,1.391758e+08,7.660000e+02,-1.807213e+02,-5.887693e+07
5.522220e+00,1.632470e+11,1.856527e+11,1.121874e+04,8.437442e+04,-9.109505e+08,8.368962e+06,4.544599e-03,7.025679e+08,0.000000e+00,0.000000e+00,8.693262e+06,0.000000e+00,8.693262e+06,0.000000e+00,0.000000e+00,1.310515e+11,5.587935e-09,6.676975e-14,0.000000e+00,0.000000e+00,0.000000e+00,0.000000e+00,1.548651e+11,1.675008e+11,-6.877308e+08,1.722450e+06,4.815698e+08,1.840000e+03,-3.992747e+02,4.140988e+09,1.388355e+10,-1.562329e+08,8.644356e+05,1.392560e+08,7.670000e+02,-1.807340e+02,-5.888803e+07
5.541216e+00,1.632529e+11,1.856449e+11,1.112523e+04,8.703123e+04,-9.110291e+08,8.368962e+06,4.821923e-03,7.041846e+08,0.000000e+00,0.000000e+00,8.674492e+06,0.000000e+00,8.674492e+06,0.000000e+00,0.000000e+00,1.310565e+11,5.587935e-09,6.676975e-14,0.000000e+00,0.000000e+00,0.000000e+00,0.000000e+00,1.548652e+11,1.674986e+11,-6.877293e+08,1.722450e+06,4.817101e+08,1.840000e+03,-3.992739e+02,4.143555e+09,1.388082e+10,-1.562287e+08,8.644356e+05,1.393359e+08,7.670000e+02,-1.807292e+02,-5.889187e+07
5.560505e+00,1.632586e+11,1.856360e+11,1.114784e+04,9.171140e+04,-9.111000e+08,8.368962e+06,4.822496e-03,7.069734e+08,0.000000e+00,0.000000e+00,8.742276e+06,0.000000e+00,8.742276e+06,0.000000e+00,0.000000e+00,1.310615e+11,5.587935e-09,6.676975e-14,0.000000e+00,0.000000e+00,0.000000e+00,0.000000e+00,1.548655e+11,1.674948e+11,-6.877286e+08,1.722450e+06,4.818487e+08,1.840000e+03,-3.992735e+02,4.145828e+09,1.387842e+10,-1.562283e+08,8.644356e+05,1.394161e+08,7.670000e+02,-1.807287e+02,-5.889272e+07
5.583794e+00,1.632651e+11,1.856300e+11,1.141668e+04,9.736137e+04,-9.111777e+08,8.368962e+06,4.542635e-03,7.061538e+08,0.000000e+00,0.000000e+00,8.687649e+06,0.000000e+00,8.687649e+06,0.000000e+00,0.000000e+00,1.310672e+11,5.587935e-09,6.676975e-14,0.000000e+00,0.000000e+00,0.000000e+00,0.000000e+00,1.548654e+11,1.674945e+11,-6.877286e+08,1.722450e+06,4.820040e+08,1.840000e+03,-3.992735e+02,4.148784e+09,1.387574e+10,-1.562275e+08,8.644356e+05,1.395066e+08,7.670000e+02,-1.807278e+02,-5.889371e+07
5.601964e+00,1.632691e+11,1.856248e+11,1.170968e+04,1.011181e+05,-9.112335e+08,8.368962e+06,4.542497e-03,7.070005e+08,0.000000e+00,0.000000e+00,8.901261e+06,0.000000e+00,8.901261e+06,0.000000e+00,0.000000e+00,1.310717e+11,5.587935e-09,6.676975e-14,0.000000e+00,0.000000e+00,0.000000e+00,0.000000e+00,1.548649e+11,1.674941e+11,-6.877286e+08,1.722450e+06,4.821242e+08,1.840000e+03,-3.992735e+02,4.150538e+09,1.387327e+10,-1.562231e+08,8.644356e+05,1.395769e+08,7.670000e+02,-1.807227e+02,-5.889990e+07
5.620135e+00,1.632729e+11,1.856184e+11,1.203800e+04,1.044987e+05,-9.112849e+08,8.368962e+06,4.543045e-03,7.091935e+08,0.000000e+00,0.000000e+00,9.058924e+06,0.000000e+00,9.058924e+06,0.000000e+00,0.000000e+00,1.310761e+11,5.587935e-09,6.676975e-14,0.000000e+00,0.000000e+00,0.000000e+00,0.000000e+00,1.548646e+11,1.674916e+11,-6.877286e+08,1.722450e+06,4.822480e+08,1.840000e+03,-3.992735e+02,4.151781e+09,1.387154e+10,-1.562153e+08,8.643128e+05,1.396441e+08,7.680000e+02,-1.807393e+02,-5.890674e+07
5.643675e+00,1.632787e+11,1.856123e+11,1.221900e+04,1.091792e+05,-9.113454e+08,8.368962e+06,4.822976e-03,7.083516e+08,0.000000e+00,0.000000e+00,9.738013e+06,0.000000e+00,9.738013e+06,0.000000e+00,0.000000e+00,1.310812e+11,5.587935e-09,6.676975e-14,0.000000e+00,0.000000e+00,0.000000e+00,0.000000e+00,1.548668e+11,1.674895e+11,-6.877286e+08,1.722450e+06,4.824057e+08,1.840000e+03,-3.992735e+02,4.152011e+09,1.387028e+10,-1.562117e+08,8.641900e+05,1.397316e+08,7.690000e+02,-1.807609e+02,-5.890928e+07
5.662967e+00,1.632834e+11,1.856077e+11,1.197941e+04,1.145461e+05,-9.113905e+08,8.368962e+06,4.557006e-03,7.069500e+08,0.000000e+00,0.000000e+00,1.065634e+07,0.000000e+00,1.065634e+07,0.000000e+00,0.000000e+00,1.310851e+11,5.587935e-09,6.676975e-14,0.000000e+00,0.000000e+00,0.000000e+00,0.000000e+00,1.548684e+11,1.674881e+11,-6.877286e+08,1.722450e+06,4.825344e+08,1.840000e+03,-3.992735e+02,4.152413e+09,1.387007e+10,-1.562115e+08,8.641900e+05,1.398045e+08,7.690000e+02,-1.807605e+02,-5.890942e+07
5.680798e+00,1.632878e+11,1.856001e+11,1.154409e+04,1.204319e+05,-9.114303e+08,8.368962e+06,4.360192e-03,7.089980e+08,0.000000e+00,0.000000e+00,1.152492e+07,0.000000e+00,1.152492e+07,0.000000e+00,0.000000e+00,1.310887e+11,5.587935e-09,6.676975e-14,0.000000e+00,0.000000e+00,0.000000e+00,0.000000e+00,1.548695e+11,1.674844e+11,-6.877286e+08,1.722450e+06,4.826585e+08,1.840000e+03,-3.992735e+02,4.153116e+09,1.386901e+10,-1.562112e+08,8.641900e+05,1.398673e+08,7.690000e+02,-1.807602e+02,-5.890980e+07
5.702598e+00,1.632966e+11,1.855925e+11,1.112795e+04,1.264695e+05,-9.114788e+08,8.368962e+06,4.359926e-03,7.069046e+08,0.000000e+00,0.000000e+00,1.220093e+07,0.000000e+00,1.220093e+07,0.000000e+00,0.000000e+00,1.310931e+11,5.587935e-09,6.676975e-14,0.000000e+00,0.000000e+00,0.000000e+00,0.000000e+00,1.548731e+11,1.674808e+11,-6.877286e+08,1.722450e+06,4.828103e+08,1.840000e+03,-3.992735e+02,4.155278e+09,1.386741e+10,-1.562105e+08,8.641900e+05,1.399422e+08,7.690000e+02,-1.807595e+02,-5.891036e+07
5.720037e+00,1.633040e+11,1.855866e+11,1.070534e+04,1.298842e+05,-9.115180e+08,8.368962e+06,4.359989e-03,7.051432e+08,0.000000e+00,0.000000e+00,1.239419e+07,0.000000e+00,1.239419e+07,0.000000e+00,0.000000e+00,1.310967e+11,5.587935e-09,6.676975e-14,0.000000e+00,0.000000e+00,0.000000e+00,0.000000e+00,1.548757e+11,1.674799e+11,-6.877286e+08,1.722450e+06,4.829184e+08,1.840000e+03,-3.992735e+02,4.157675e+09,1.386487e+10,-1.562102e+08,8.641900e+05,1.400008e+08,7.690000e+02,-1.807591e+02,-5.891097e+07
5.741838e+00,1.633111e+11,1.855778e+11,1.013171e+04,1.327301e+05,-9.115687e+08,8.368962e+06,4.360028e-03,7.064278e+08,0.000000e+00,0.000000e+00,1.238948e+07,0.000000e+00,1.238948e+07,0.000000e+00,0.000000e+00,1.311012e+11,5.587935e-09,6.676975e-14,0.000000e+00,0.000000e+00,0.000000e+00,0.000000e+00,1.548771e+11,1.674773e+11,-6.877286e+08,1.722450e+06,4.830595e+08,1.840000e+03,-3.992735e+02,4.160575e+09,1.386141e+10,-1.562062e+08,8.641900e+05,1.400740e+08,7.690000e+02,-1.807544e+02,-5.891607e+07
5.763638e+00,1.633169e+11,1.855716e+11,9.240947e+03,1.327305e+05,-9.116202e+08,8.368962e+06,4.360326e-03,7.071742e+08,0.000000e+00,0.000000e+00,1.175397e+07,0.000000e+00,1.175397e+07,0.000000e+00,0.000000e+00,1.311055e+11,5.587935e-09,6.676975e-14,0.000000e+00,0.000000e+00,0.000000e+00,0.000000e+00,1.548775e+11,1.674763e+11,-6.877286e+08,1.722450e+06,4.832062e+08,1.840000e+03,-3.992735e+02,4.162879e+09,1.385814e+10,-1.562007e+08,8.641900e+05,1.401463e+08,7.690000e+02,-1.807480e+02,-5.892060e+07
5.782536e+00,1.633213e+11,1.855698e+11,8.271049e+03,1.322153e+05,-9.116646e+08,8.368962e+06,4.825686e-03,7.047627e+08,0.000000e+00,0.000000e+00,1.117392e+07,0.000000e+00,1.117392e+07,0.000000e+00,0.000000e+00,1.311091e+11,5.587935e-09,6.676975e-14,0.000000e+00,0.000000e+00,0.000000e+00,0.000000e+00,1.548786e+11,1.674775e+11,-6.877286e+08,1.722450e+06,4.833307e+08,1.840000e+03,-3.992735e+02,4.163658e+09,1.385733e+10,-1.562000e+08,8.640672e+05,1.402088e+08,7.700000e+02,-1.807730e+02,-5.892075e+07
5.801833e+00,1.633252e+11,1.855660e+11,7.086603e+03,1.329254e+05,-9.117084e+08,8.368962e+06,4.600934e-03,7.046365e+08,0.000000e+00,0.000000e+00,1.107125e+07,0.000000e+00,1.107125e+07,0.000000e+00,0.000000e+00,1.311128e+11,5.587935e-09,6.676975e-14,0.000000e+00,0.000000e+00,0.000000e+00,0.000000e+00,1.548796e+11,1.674771e+11,-6.877286e+08,1.722450e+06,4.834573e+08,1.840000e+03,-3.992735e+02,4.163887e+09,1.385695e+10,-1.562001e+08,8.640672e+05,1.402711e+08,7.700000e+02,-1.807731e+02,-5.892074e+07
5.823887e+00,1.633286e+11,1.855620e+11,5.739334e+03,1.328244e+05,-9.117558e+08,8.368962e+06,4.359656e-03,7.050156e+08,0.000000e+00,0.000000e+00,1.094643e+07,0.000000e+00,1.094643e+07,0.000000e+00,0.000000e+00,1.311169e+11,5.587935e-09,6.676975e-14,0.000000e+00,0.000000e+00,0.000000e+00,0.000000e+00,1.548804e+11,1.674750e+11,-6.877286e+08,1.722450e+06,4.836088e+08,1.840000e+03,-3.992735e+02,4.163394e+09,1.385742e+10,-1.562000e+08,8.640672e+05,1.403411e+08,7.700000e+02,-1.807730e+02,-5.892081e+07
5.841326e+00,1.633319e+11,1.855609e+11,4.792242e+03,1.313439e+05,-9.117917e+08,8.368962e+06,4.359319e-03,7.025952e+08,0.000000e+00,0.000000e+00,1.081146e+07,0.000000e+00,1.081146e+07,0.000000e+00,0.000000e+00,1.311201e+11,5.587935e-09,6.676975e-14,0.000000e+00,0.000000e+00,0.000000e+00,0.000000e+00,1.548822e+11,1.674759e+11,-6.877286e+08,1.722450e+06,4.837235e+08,1.840000e+03,-3.992735e+02,4.162588e+09,1.385770e+10,-1.561991e+08,8.640672e+05,1.403960e+08,7.700000e+02,-1.807719e+02,-5.892265e+07
5.863121e+00,1.633364e+11,1.855570e+11,3.628388e+03,1.298036e+05,-9.118339e+08,8.368962e+06,4.359051e-03,7.012961e+08,0.000000e+00,0.000000e+00,1.112632e+07,0.000000e+00,1.112632e+07,0.000000e+00,0.000000e+00,1.311242e+11,5.587935e-09,6.676975e-14,0.000000e+00,0.000000e+00,0.000000e+00,0.000000e+00,1.548844e+11,1.674754e+11,-6.877286e+08,1.722450e+06,4.838618e+08,1.840000e+03,-3.992735e+02,4.161964e+09,1.385719e+10,-1.561886e+08,8.640672e+05,1.404678e+08,7.700000e+02,-1.807597e+02,-5.893622e+07
5.880558e+00,1.633414e+11,1.855505e+11,2.677779e+03,1.295693e+05,-9.118662e+08,8.368962e+06,4.359167e-03,7.026657e+08,0.000000e+00,0.000000e+00,1.107490e+07,0.000000e+00,1.107490e+07,0.000000e+00,0.000000e+00,1.311278e+11,5.587935e-09,6.676975e-14,0.000000e+00,0.000000e+00,0.000000e+00,0.000000e+00,1.548863e+11,1.674727e+11,-6.877286e+08,1.722450e+06,4.839775e+08,1.840000e+03,-3.992735e+02,4.162701e+09,1.385481e+10,-1.561732e+08,8.640672e+05,1.405280e+08,7.700000e+02,-1.807419e+02,-5.895079e+07
5.902354e+00,1.633484e+11,1.855456e+11,1.338545e+03,1.304007e+05,-9.119028e+08,8.368962e+06,4.359582e-03,7.008975e+08,0.000000e+00,0.000000e+00,1.058959e+07,0.000000e+00,1.058959e+07,0.000000e+00,0.000000e+00,1.311318e+11,5.587935e-09,6.676975e-14,0.000000e+00,0.000000e+00,0.000000e+00,0.000000e+00,1.548890e+11,1.674713e+11,-6.877286e+08,1.722450e+06,4.841079e+08,1.840000e+03,-3.992735e+02,4.164124e+09,1.385242e+10,-1.561614e+08,8.640672e+05,1.406070e+08,7.700000e+02,-1.807283e+02,-5.896069e+07
5.920229e+00,1.633515e+11,1.855436e+11,2.991329e+02,1.314222e+05,-9.119277e+08,8.368962e+06,4.869292e-03,6.999059e+08,0.000000e+00,0.000000e+00,1.032852e+07,0.000000e+00,1.032852e+07,0.000000e+00,0.000000e+00,1.311350e+11,5.587935e-09,6.676975e-14,0.000000e+00,0.000000e+00,0.000000e+00,0.000000e+00,1.548889e+11,1.674725e+11,-6.877286e+08,1.722450e+06,4.842074e+08,1.840000e+03,-3.992735e+02,4.165052e+09,1.385107e+10,-1.561576e+08,8.640672e+05,1.406679e+08,7.700000e+02,-1.807238e+02,-5.896403e+07
5.944590e+00,1.633541e+11,1.855378e+11,-7.638787e+02,1.328165e+05,-9.119542e+08,8.368962e+06,4.872818e-03,7.029663e+08,0.000000e+00,0.000000e+00,1.024085e+07,0.000000e+00,1.024085e+07,0.000000e+00,0.000000e+00,1.311393e+11,5.587935e-09,6.676975e-14,0.000000e+00,0.000000e+00,0.000000e+00,0.000000e+00,1.548871e+11,1.674710e+11,-6.877286e+08,1.722450e+06,4.843515e+08,1.840000e+03,-3.992735e+02,4.166128e+09,1.384953e+10,-1.561537e+08,8.639444e+05,1.407501e+08,7.710000e+02,-1.807451e+02,-5.896736e+07
5.964034e+00,1.633570e+11,1.855353e+11,-1.183367e+03,1.355859e+05,-9.119695e+08,8.368962e+06,4.384099e-03,7.022672e+08,0.000000e+00,0.000000e+00,1.034102e+07,0.000000e+00,1.034102e+07,0.000000e+00,0.000000e+00,1.311427e+11,5.587935e-09,6.676975e-14,0.000000e+00,0.000000e+00,0.000000e+00,0.000000e+00,1.548860e+11,1.674721e+11,-6.877286e+08,1.722450e+06,4.844743e+08,1.840000e+03,-3.992735e+02,4.167645e+09,1.384811e+10,-1.561530e+08,8.639444e+05,1.408128e+08,7.710000e+02,-1.807443e+02,-5.896770e+07
5.982399e+00,1.633598e+11,1.855326e+11,-1.465631e+03,1.400408e+05,-9.119809e+08,8.368962e+06,4.823959e-03,7.016964e+08,0.000000e+00,0.000000e+00,1.059388e+07,0.000000e+00,1.059388e+07,0.000000e+00,0.000000e+00,1.311457e+11,5.587935e-09,6.676975e-14,0.000000e+00,0.000000e+00,0.000000e+00,0.000000e+00,1.548850e+11,1.674732e+11,-6.877286e+08,1.722450e+06,4.845981e+08,1.840000e+03,-3.992735e+02,4.169150e+09,1.384674e+10,-1.561523e+08,8.639444e+05,1.408700e+08,7.710000e+02,-1.807434e+02,-5.896903e+07
6.001695e+00,1.633628e+11,1.855273e+11,-2.007148e+03,1.445773e+05,-9.119917e+08,8.368962e+06,4.824089e-03,7.035801e+08,0.000000e+00,0.000000e+00,1.086250e+07,0.000000e+00,1.086250e+07,0.000000e+00,0.000000e+00,1.311490e+11,5.587935e-09,6.676975e-14,0.000000e+00,0.000000e+00,0.000000e+00,0.000000e+00,1.548840e+11,1.674720e+11,-6.877286e+08,1.722450e+06,4.847265e+08,1.840000e+03,-3.992735e+02,4.170682e+09,1.384514e+10,-1.561504e+08,8.638217e+05,1.409293e+08,7.720000e+02,-1.807670e+02,-5.897043e+07
6.021008e+00,1.633649e+11,1.855232e+11,-2.932134e+03,1.489702e+05,-9.120019e+08,8.368962e+06,4.824182e-03,7.050453e+08,0.000000e+00,0.000000e+00,1.116918e+07,0.000000e+00,1.116918e+07,0.000000e+00,0.000000e+00,1.311522e+11,5.587935e-09,6.676975e-14,0.000000e+00,0.000000e+00,0.000000e+00,0.000000e+00,1.548833e+11,1.674702e+11,-6.877286e+08,1.722450e+06,4.848541e+08,1.840000e+03,-3.992735e+02,4.171016e+09,1.384461e+10,-1.561497e+08,8.638217e+05,1.409898e+08,7.720000e+02,-1.807662e+02,-5.897100e+07
6.043517e+00,1.633678e+11,1.855206e+11,-4.358883e+03,1.550104e+05,-9.120134e+08,8.368962e+06,4.588787e-03,7.039376e+08,0.000000e+00,0.000000e+00,1.154960e+07,0.000000e+00,1.154960e+07,0.000000e+00,0.000000e+00,1.311556e+11,5.587935e-09,6.676975e-14,0.000000e+00,0.000000e+00,0.000000e+00,0.000000e+00,1.548841e+11,1.674704e+11,-6.877286e+08,1.722450e+06,4.849995e+08,1.840000e+03,-3.992735e+02,4.170379e+09,1.384465e+10,-1.561496e+08,8.638217e+05,1.410600e+08,7.720000e+02,-1.807661e+02,-5.897108e+07
6.061873e+00,1.633716e+11,1.855163e+11,-5.704136e+03,1.591057e+05,-9.120218e+08,8.368962e+06,4.372853e-03,7.041045e+08,0.000000e+00,0.000000e+00,1.177396e+07,0.000000e+00,1.177396e+07,0.000000e+00,0.000000e+00,1.311583e+11,5.587935e-09,6.676975e-14,0.000000e+00,0.000000e+00,0.000000e+00,0.000000e+00,1.548860e+11,1.674680e+11,-6.877286e+08,1.722450e+06,4.851124e+08,1.840000e+03,-3.992735e+02,4.169945e+09,1.384511e+10,-1.561495e+08,8.638217e+05,1.411163e+08,7.720000e+02,-1.807659e+02,-5.897154e+07
6.083688e+00,1.633747e+11,1.855114e+11,-7.239589e+03,1.617561e+05,-9.120317e+08,8.368962e+06,4.360368e-03,7.052452e+08,0.000000e+00,0.000000e+00,1.207250e+07,0.000000e+00,1.207250e+07,0.000000e+00,0.000000e+00,1.311614e+11,5.587935e-09,6.676975e-14,0.000000e+00,0.000000e+00,0.000000e+00,0.000000e+00,1.548865e+11,1.674658e+11,-6.877286e+08,1.722450e+06,4.852399e+08,1.840000e+03,-3.992735e+02,4.169942e+09,1.384414e+10,-1.561416e+08,8.638217e+05,1.411824e+08,7.720000e+02,-1.807567e+02,-5.898162e+07
6.101130e+00,1.633768e+11,1.855106e+11,-8.236687e+03,1.637022e+05,-9.120397e+08,8.368962e+06,4.511751e-03,7.036252e+08,0.000000e+00,0.000000e+00,1.217652e+07,0.000000e+00,1.217652e+07,0.000000e+00,0.000000e+00,1.311641e+11,5.587935e-09,6.676975e-14,0.000000e+00,0.000000e+00,0.000000e+00,0.000000e+00,1.548863e+11,1.674672e+11,-6.877286e+08,1.722450e+06,4.853478e+08,1.840000e+03,-3.992735e+02,4.170099e+09,1.384275e+10,-1.561304e+08,8.638217e+05,1.412335e+08,7.720000e+02,-1.807438e+02,-5.899331e+07
6.123726e+00,1.633804e+11,1.855079e+11,-9.319895e+03,1.661470e+05,-9.120506e+08,8.368962e+06,4.368769e-03,7.028152e+08,0.000000e+00,0.000000e+00,1.182270e+07,0.000000e+00,1.182270e+07,0.000000e+00,0.000000e+00,1.311676e+11,5.587935e-09,6.676975e-14,0.000000e+00,0.000000e+00,0.000000e+00,0.000000e+00,1.548866e+11,1.674679e+11,-6.877286e+08,1.722450e+06,4.854884e+08,1.840000e+03,-3.992735e+02,4.170627e+09,1.384096e+10,-1.561192e+08,8.638217e+05,1.413000e+08,7.720000e+02,-1.807308e+02,-5.900239e+07
6.141175e+00,1.633829e+11,1.855038e+11,-1.041040e+04,1.678424e+05,-9.120598e+08,8.368962e+06,4.359997e-03,7.043628e+08,0.000000e+00,0.000000e+00,1.163155e+07,0.000000e+00,1.163155e+07,0.000000e+00,0.000000e+00,1.311702e+11,5.587935e-09,6.676975e-14,0.000000e+00,0.000000e+00,0.000000e+00,0.000000e+00,1.548868e+11,1.674662e+11,-6.877286e+08,1.722450e+06,4.855949e+08,1.840000e+03,-3.992735e+02,4.171035e+09,1.384040e+10,-1.561174e+08,8.638217e+05,1.413525e+08,7.720000e+02,-1.807288e+02,-5.900326e+07
6.162975e+00,1.633852e+11,1.855027e+11,-1.177665e+04,1.714177e+05,-9.120729e+08,8.368962e+06,4.359883e-03,7.030220e+08,0.000000e+00,0.000000e+00,1.143879e+07,0.000000e+00,1.143879e+07,0.000000e+00,0.000000e+00,1.311732e+11,5.587935e-09,6.676975e-14,0.000000e+00,0.000000e+00,0.000000e+00,0.000000e+00,1.548870e+11,1.674668e+11,-6.877286e+08,1.722450e+06,4.857287e+08,1.840000e+03,-3.992735e+02,4.171029e+09,1.384015e+10,-1.561174e+08,8.638217e+05,1.414193e+08,7.720000e+02,-1.807287e+02,-5.900326e+07
6.180414e+00,1.633860e+11,1.855021e+11,-1.254887e+04,1.748315e+05,-9.120870e+08,8.368962e+06,4.359810e-03,7.028551e+08,0.000000e+00,0.000000e+00,1.128261e+07,0.000000e+00,1.128261e+07,0.000000e+00,0.000000e+00,1.311754e+11,5.587935e-09,6.676975e-14,0.000000e+00,0.000000e+00,0.000000e+00,0.000000e+00,1.548864e+11,1.674679e+11,-6.877286e+08,1.722450e+06,4.858378e+08,1.840000e+03,-3.992735e+02,4.170749e+09,1.384033e+10,-1.561170e+08,8.638217e+05,1.414710e+08,7.720000e+02,-1.807283e+02,-5.900388e+07
6.202214e+00,1.633858e+11,1.854996e+11,-1.272547e+04,1.782392e+05,-9.121086e+08,8.368962e+06,4.360134e-03,7.056167e+08,0.000000e+00,0.000000e+00,1.112895e+07,0.000000e+00,1.112895e+07,0.000000e+00,0.000000e+00,1.311782e+11,5.587935e-09,6.676975e-14,0.000000e+00,0.000000e+00,0.000000e+00,0.000000e+00,1.548844e+11,1.674669e+11,-6.877286e+08,1.722450e+06,4.859728e+08,1.840000e+03,-3.992735e+02,4.170463e+09,1.384077e+10,-1.561164e+08,8.638217e+05,1.415330e+08,7.720000e+02,-1.807276e+02,-5.900416e+07
6.224015e+00,1.633849e+11,1.854993e+11,-1.209871e+04,1.819734e+05,-9.121336e+08,8.368962e+06,4.360273e-03,7.066049e+08,0.000000e+00,0.000000e+00,1.106542e+07,0.000000e+00,1.106542e+07,0.000000e+00,0.000000e+00,1.311807e+11,5.587935e-09,6.676975e-14,0.000000e+00,0.000000e+00,0.000000e+00,0.000000e+00,1.548823e+11,1.674674e+11,-6.877286e+08,1.722450e+06,4.861046e+08,1.840000e+03,-3.992735e+02,4.169597e+09,1.384157e+10,-1.561167e+08,8.636989e+05,1.415928e+08,7.730000e+02,-1.807536e+02,-5.900396e+07
6.241608e+00,1.633836e+11,1.854998e+11,-1.121963e+04,1.855755e+05,-9.121564e+08,8.368962e+06,4.520064e-03,7.071585e+08,0.000000e+00,0.000000e+00,1.114277e+07,0.000000e+00,1.114277e+07,0.000000e+00,0.000000e+00,1.311827e+11,5.587935e-09,6.676975e-14,0.000000e+00,0.000000e+00,0.000000e+00,0.000000e+00,1.548802e+11,1.674690e+11,-6.877286e+08,1.722450e+06,4.862072e+08,1.840000e+03,-3.992735e+02,4.168719e+09,1.384231e+10,-1.561167e+08,8.636989e+05,1.416402e+08,7.730000e+02,-1.807536e+02,-5.900396e+07
6.264210e+00,1.633822e+11,1.854980e+11,-9.644702e+03,1.898713e+05,-9.121887e+08,8.368962e+06,4.520700e-03,7.098457e+08,0.000000e+00,0.000000e+00,1.139847e+07,0.000000e+00,1.139847e+07,0.000000e+00,0.000000e+00,1.311852e+11,5.587935e-09,6.676975e-14,0.000000e+00,0.000000e+00,0.000000e+00,0.000000e+00,1.548778e+11,1.674683e+11,-6.877286e+08,1.722450e+06,4.863432e+08,1.840000e+03,-3.992735e+02,4.167680e+09,1.384322e+10,-1.561167e+08,8.635761e+05,1.416997e+08,7.740000e+02,-1.807793e+02,-5.900407e+07
6.282293e+00,1.633811e+11,1.854979e+11,-8.344343e+03,1.930229e+05,-9.122170e+08,8.368962e+06,4.520981e-03,7.104936e+08,0.000000e+00,0.000000e+00,1.163809e+07,0.000000e+00,1.163809e+07,0.000000e+00,0.000000e+00,1.311872e+11,5.587935e-09,6.676975e-14,0.000000e+00,0.000000e+00,0.000000e+00,0.000000e+00,1.548759e+11,1.674689e+11,-6.877286e+08,1.722450e+06,4.864536e+08,1.840000e+03,-3.992735e+02,4.166931e+09,1.384403e+10,-1.561155e+08,8.635761e+05,1.417450e+08,7.740000e+02,-1.807779e+02,-5.900554e+07
6.300378e+00,1.633798e+11,1.854998e+11,-6.893726e+03,1.969950e+05,-9.122472e+08,8.368962e+06,4.541112e-03,7.096356e+08,0.000000e+00,0.000000e+00,1.161083e+07,0.000000e+00,1.161083e+07,0.000000e+00,0.000000e+00,1.311891e+11,5.587935e-09,6.676975e-14,0.000000e+00,0.000000e+00,0.000000e+00,0.000000e+00,1.548733e+11,1.674723e+11,-6.877286e+08,1.721430e+06,4.865644e+08,1.841000e+03,-3.995102e+02,4.166618e+09,1.384400e+10,-1.561142e+08,8.635761e+05,1.417901e+08,7.740000e+02,-1.807764e+02,-5.900670e+07
6.322735e+00,1.633804e+11,1.854990e+11,-5.215293e+03,2.027790e+05,-9.122872e+08,8.368962e+06,4.360379e-03,7.098529e+08,0.000000e+00,0.000000e+00,1.135111e+07,0.000000e+00,1.135111e+07,0.000000e+00,0.000000e+00,1.311915e+11,5.587935e-09,6.676975e-14,0.000000e+00,0.000000e+00,0.000000e+00,0.000000e+00,1.548717e+11,1.674739e+11,-6.877286e+08,1.721430e+06,4.867136e+08,1.841000e+03,-3.995102e+02,4.166835e+09,1.384404e+10,-1.561135e+08,8.635761e+05,1.418449e+08,7.740000e+02,-1.807756e+02,-5.900720e+07
6.340176e+00,1.633827e+11,1.854965e+11,-3.667634e+03,2.066927e+05,-9.123202e+08,8.368962e+06,4.360182e-03,7.101225e+08,0.000000e+00,0.000000e+00,1.105136e+07,0.000000e+00,1.105136e+07,0.000000e+00,0.000000e+00,1.311933e+11,5.587935e-09,6.676975e-14,0.000000e+00,0.000000e+00,0.000000e+00,0.000000e+00,1.548721e+11,1.674732e+11,-6.877286e+08,1.721430e+06,4.868300e+08,1.841000e+03,-3.995102e+02,4.167265e+09,1.384354e+10,-1.561133e+08,8.635761e+05,1.418864e+08,7.740000e+02,-1.807754e+02,-5.900735e+07
6.361977e+00,1.633869e+11,1.854951e+11,-1.522783e+03,2.100922e+05,-9.123598e+08,8.368962e+06,4.360036e-03,7.075452e+08,0.000000e+00,0.000000e+00,1.061203e+07,0.000000e+00,1.061203e+07,0.000000e+00,0.000000e+00,1.311956e+11,5.587935e-09,6.676975e-14,0.000000e+00,0.000000e+00,0.000000e+00,0.000000e+00,1.548733e+11,1.674748e+11,-6.877286e+08,1.721430e+06,4.869582e+08,1.841000e+03,-3.995102e+02,4.168437e+09,1.384217e+10,-1.561132e+08,8.635761e+05,1.419385e+08,7.740000e+02,-1.807752e+02,-5.900749e+07
6.383777e+00,1.633911e+11,1.854922e+11,7.021400e+02,2.125587e+05,-9.123949e+08,8.368962e+06,4.359950e-03,7.065794e+08,0.000000e+00,0.000000e+00,1.003056e+07,0.000000e+00,1.003056e+07,0.000000e+00,0.000000e+00,1.311978e+11,5.587935e-09,6.676975e-14,0.000000e+00,0.000000e+00,0.000000e+00,0.000000e+00,1.548735e+11,1.674760e+11,-6.877286e+08,1.721430e+06,4.870757e+08,1.841000e+03,-3.995102e+02,4.170793e+09,1.384004e+10,-1.561131e+08,8.634534e+05,1.419905e+08,7.750000e+02,-1.808009e+02,-5.900755e+07
6.401217e+00,1.633932e+11,1.854894e+11,2.277919e+03,2.151692e+05,-9.124186e+08,8.368962e+06,4.359929e-03,7.078923e+08,0.000000e+00,0.000000e+00,9.435868e+06,0.000000e+00,9.435868e+06,0.000000e+00,0.000000e+00,1.311996e+11,5.587935e-09,6.676975e-14,0.000000e+00,0.000000e+00,0.000000e+00,0.000000e+00,1.548721e+11,1.674764e+11,-6.877286e+08,1.721430e+06,4.871714e+08,1.841000e+03,-3.995102e+02,4.172766e+09,1.383820e+10,-1.561131e+08,8.634534e+05,1.420299e+08,7.750000e+02,-1.808008e+02,-5.900756e+07
6.423176e+00,1.633959e+11,1.854885e+11,3.501714e+03,2.215678e+05,-9.124436e+08,8.368962e+06,4.360386e-03,7.065352e+08,0.000000e+00,0.000000e+00,8.778179e+06,0.000000e+00,8.778179e+06,0.000000e+00,0.000000e+00,1.312018e+11,5.587935e-09,6.676975e-14,0.000000e+00,0.000000e+00,0.000000e+00,0.000000e+00,1.548707e+11,1.674791e+11,-6.877286e+08,1.721430e+06,4.872968e+08,1.841000e+03,-3.995102e+02,4.175153e+09,1.383583e+10,-1.561131e+08,8.634534e+05,1.420791e+08,7.750000e+02,-1.808008e+02,-5.900756e+07
6.441079e+00,1.633977e+11,1.854870e+11,3.963064e+03,2.301420e+05,-9.124609e+08,8.368962e+06,4.807658e-03,7.062837e+08,0.000000e+00,0.000000e+00,8.512087e+06,0.000000e+00,8.512087e+06,0.000000e+00,0.000000e+00,1.312035e+11,5.587935e-09,6.676975e-14,0.000000e+00,0.000000e+00,0.000000e+00,0.000000e+00,1.548695e+11,1.674812e+11,-6.877286e+08,1.721430e+06,4.874006e+08,1.841000e+03,-3.995102e+02,4.176699e+09,1.383415e+10,-1.561120e+08,8.634534e+05,1.421183e+08,7.750000e+02,-1.807995e+02,-5.900958e+07
6.460354e+00,1.634001e+11,1.854825e+11,3.837182e+03,2.406157e+05,-9.124774e+08,8.368962e+06,4.823036e-03,7.082666e+08,0.000000e+00,0.000000e+00,8.373228e+06,0.000000e+00,8.373228e+06,0.000000e+00,0.000000e+00,1.312055e+11,5.587935e-09,6.676975e-14,0.000000e+00,0.000000e+00,0.000000e+00,0.000000e+00,1.548689e+11,1.674803e+11,-6.877286e+08,1.721430e+06,4.875108e+08,1.841000e+03,-3.995102e+02,4.177992e+09,1.383204e+10,-1.561069e+08,8.634534e+05,1.421614e+08,7.750000e+02,-1.807937e+02,-5.901496e+07
6.484470e+00,1.634046e+11,1.854789e+11,3.636119e+03,2.516378e+05,-9.124975e+08,8.368962e+06,4.822657e-03,7.071576e+08,0.000000e+00,0.000000e+00,8.314652e+06,0.000000e+00,8.314652e+06,0.000000e+00,0.000000e+00,1.312082e+11,5.587935e-09,6.676975e-14,0.000000e+00,0.000000e+00,0.000000e+00,0.000000e+00,1.548694e+11,1.674804e+11,-6.877286e+08,1.721430e+06,4.876538e+08,1.841000e+03,-3.995102e+02,4.179862e+09,1.382963e+10,-1.560987e+08,8.634534e+05,1.422168e+08,7.750000e+02,-1.807841e+02,-5.902457e+07
6.503762e+00,1.634079e+11,1.854756e+11,4.069610e+03,2.584018e+05,-9.125130e+08,8.368962e+06,4.823552e-03,7.065708e+08,0.000000e+00,0.000000e+00,8.565310e+06,0.000000e+00,8.565310e+06,0.000000e+00,0.000000e+00,1.312106e+11,5.587935e-09,6.676975e-14,0.000000e+00,0.000000e+00,0.000000e+00,0.000000e+00,1.548693e+11,1.674816e+11,-6.877286e+08,1.721430e+06,4.877648e+08,1.841000e+03,-3.995102e+02,4.181228e+09,1.382689e+10,-1.560866e+08,8.634534e+05,1.422628e+08,7.750000e+02,-1.807702e+02,-5.903747e+07
6.523056e+00,1.634111e+11,1.854720e+11,5.352805e+03,2.642566e+05,-9.125273e+08,8.368962e+06,4.384824e-03,7.069615e+08,0.000000e+00,0.000000e+00,8.463787e+06,0.000000e+00,8.463787e+06,0.000000e+00,0.000000e+00,1.312135e+11,5.587935e-09,6.676975e-14,0.000000e+00,0.000000e+00,0.000000e+00,0.000000e+00,1.548691e+11,1.674813e+11,-6.877286e+08,1.721430e+06,4.878736e+08,1.841000e+03,-3.995102e+02,4.182367e+09,1.382427e+10,-1.560732e+08,8.634534e+05,1.423106e+08,7.750000e+02,-1.807546e+02,-5.905014e+07
6.540524e+00,1.634139e+11,1.854699e+11,7.182036e+03,2.690611e+05,-9.125389e+08,8.368962e+06,4.360571e-03,7.066843e+08,0.000000e+00,0.000000e+00,7.899258e+06,0.000000e+00,7.899258e+06,0.000000e+00,0.000000e+00,1.312163e+11,5.587935e-09,6.676975e-14,0.000000e+00,0.000000e+00,0.000000e+00,0.000000e+00,1.548686e+11,1.674822e+11,-6.877286e+08,1.721430e+06,4.879736e+08,1.841000e+03,-3.995102e+02,4.183265e+09,1.382214e+10,-1.560652e+08,8.634534e+05,1.423535e+08,7.750000e+02,-1.807454e+02,-5.905668e+07
6.562326e+00,1.634167e+11,1.854701e+11,9.527087e+03,2.736108e+05,-9.125495e+08,8.368962e+06,4.360074e-03,7.038485e+08,0.000000e+00,0.000000e+00,7.376010e+06,0.000000e+00,7.376010e+06,0.000000e+00,0.000000e+00,1.312196e+11,5.587935e-09,6.676975e-14,0.000000e+00,0.000000e+00,0.000000e+00,0.000000e+00,1.548677e+11,1.674860e+11,-6.877286e+08,1.721430e+06,4.880900e+08,1.841000e+03,-3.995102e+02,4.184155e+09,1.382061e+10,-1.560609e+08,8.634534e+05,1.424093e+08,7.750000e+02,-1.807404e+02,-5.906118e+07
6.584126e+00,1.634195e+11,1.854679e+11,1.179634e+04,2.763981e+05,-9.125558e+08,8.368962e+06,4.359950e-03,7.031655e+08,0.000000e+00,0.000000e+00,7.468454e+06,0.000000e+00,7.468454e+06,0.000000e+00,0.000000e+00,1.312225e+11,5.587935e-09,6.676975e-14,0.000000e+00,0.000000e+00,0.000000e+00,0.000000e+00,1.548671e+11,1.674874e+11,-6.877286e+08,1.721430e+06,4.882009e+08,1.841000e+03,-3.995102e+02,4.185214e+09,1.381858e+10,-1.560492e+08,8.634534e+05,1.424652e+08,7.750000e+02,-1.807269e+02,-5.907476e+07
6.601566e+00,1.634205e+11,1.854665e+11,1.360286e+04,2.776753e+05,-9.125585e+08,8.368962e+06,4.360036e-03,7.032298e+08,0.000000e+00,0.000000e+00,7.600760e+06,0.000000e+00,7.600760e+06,0.000000e+00,0.000000e+00,1.312248e+11,5.587935e-09,6.676975e-14,0.000000e+00,0.000000e+00,0.000000e+00,0.000000e+00,1.548660e+11,1.674882e+11,-6.877286e+08,1.721430e+06,4.882943e+08,1.841000e+03,-3.995102e+02,4.185782e+09,1.381711e+10,-1.560375e+08,8.634534e+05,1.425133e+08,7.750000e+02,-1.807133e+02,-5.908566e+07
6.623366e+00,1.634218e+11,1.854673e+11,1.572885e+04,2.788028e+05,-9.125615e+08,8.368962e+06,4.360087e-03,7.007690e+08,0.000000e+00,0.000000e+00,7.619305e+06,0.000000e+00,7.619305e+06,0.000000e+00,0.000000e+00,1.312277e+11,5.587935e-09,6.676975e-14,0.000000e+00,0.000000e+00,0.000000e+00,0.000000e+00,1.548652e+11,1.674909e+11,-6.877286e+08,1.721430e+06,4.884139e+08,1.841000e+03,-3.995102e+02,4.185840e+09,1.381586e+10,-1.560290e+08,8.634534e+05,1.425704e+08,7.750000e+02,-1.807034e+02,-5.909268e+07
6.640807e+00,1.634230e+11,1.854663e+11,1.704704e+04,2.786169e+05,-9.125661e+08,8.368962e+06,4.360144e-03,7.002082e+08,0.000000e+00,0.000000e+00,7.794880e+06,0.000000e+00,7.794880e+06,0.000000e+00,0.000000e+00,1.312298e+11,5.587935e-09,6.676975e-14,0.000000e+00,0.000000e+00,0.000000e+00,0.000000e+00,1.548652e+11,1.674912e+11,-6.877286e+08,1.721430e+06,4.885100e+08,1.841000e+03,-3.995102e+02,4.185247e+09,1.381627e+10,-1.560270e+08,8.634534e+05,1.426183e+08,7.750000e+02,-1.807011e+02,-5.909393e+07
6.662608e+00,1.634243e+11,1.854633e+11,1.791065e+04,2.765932e+05,-9.125752e+08,8.368962e+06,4.360236e-03,7.011551e+08,0.000000e+00,0.000000e+00,8.271265e+06,0.000000e+00,8.271265e+06,0.000000e+00,0.000000e+00,1.312324e+11,5.587935e-09,6.676975e-14,0.000000e+00,0.000000e+00,0.000000e+00,0.000000e+00,1.548654e+11,1.674896e+11,-6.877286e+08,1.721430e+06,4.886237e+08,1.841000e+03,-3.995102e+02,4.184270e+09,1.381683e+10,-1.560268e+08,8.634534e+05,1.426717e+08,7.750000e+02,-1.807009e+02,-5.909402e+07
6.680048e+00,1.634259e+11,1.854630e+11,1.827890e+04,2.741190e+05,-9.125858e+08,8.368962e+06,4.360259e-03,6.994995e+08,0.000000e+00,0.000000e+00,8.581749e+06,0.000000e+00,8.581749e+06,0.000000e+00,0.000000e+00,1.312344e+11,5.587935e-09,6.676975e-14,0.000000e+00,0.000000e+00,0.000000e+00,0.000000e+00,1.548660e+11,1.674898e+11,-6.877286e+08,1.721430e+06,4.887108e+08,1.841000e+03,-3.995102e+02,4.183536e+09,1.381758e+10,-1.560266e+08,8.634534e+05,1.427171e+08,7.750000e+02,-1.807007e+02,-5.909426e+07
6.701850e+00,1.634274e+11,1.854618e+11,1.839712e+04,2.702837e+05,-9.126024e+08,8.368962e+06,4.360328e-03,6.990746e+08,0.000000e+00,0.000000e+00,8.675058e+06,0.000000e+00,8.675058e+06,0.000000e+00,0.000000e+00,1.312369e+11,5.587935e-09,6.676975e-14,0.000000e+00,0.000000e+00,0.000000e+00,0.000000e+00,1.548660e+11,1.674906e+11,-6.877286e+08,1.721430e+06,4.888227e+08,1.841000e+03,-3.995102e+02,4.182870e+09,1.381808e+10,-1.560263e+08,8.634534e+05,1.427706e+08,7.750000e+02,-1.807003e+02,-5.909456e+07
6.723652e+00,1.634300e+11,1.854582e+11,1.807653e+04,2.652896e+05,-9.126212e+08,8.368962e+06,4.360471e-03,7.000232e+08,0.000000e+00,0.000000e+00,8.483491e+06,0.000000e+00,8.483491e+06,0.000000e+00,0.000000e+00,1.312394e+11,5.587935e-09,6.676975e-14,0.000000e+00,0.000000e+00,0.000000e+00,0.000000e+00,1.548669e+11,1.674887e+11,-6.877286e+08,1.721430e+06,4.889276e+08,1.841000e+03,-3.995102e+02,4.182560e+09,1.381840e+10,-1.560260e+08,8.634534e+05,1.428245e+08,7.750000e+02,-1.807000e+02,-5.909498e+07
6.741569e+00,1.634334e+11,1.854559e+11,1.750653e+04,2.603895e+05,-9.126376e+08,8.368962e+06,4.518440e-03,6.987196e+08,0.000000e+00,0.000000e+00,8.599898e+06,0.000000e+00,8.599898e+06,0.000000e+00,0.000000e+00,1.312414e+11,5.587935e-09,6.676975e-14,0.000000e+00,0.000000e+00,0.000000e+00,0.000000e+00,1.548687e+11,1.674880e+11,-6.877286e+08,1.721430e+06,4.890132e+08,1.841000e+03,-3.995102e+02,4.182580e+09,1.381781e+10,-1.560230e+08,8.634534e+05,1.428655e+08,7.750000e+02,-1.806965e+02,-5.909904e+07
6.764160e+00,1.634368e+11,1.854535e+11,1.619447e+04,2.541012e+05,-9.126588e+08,8.368962e+06,4.518205e-03,6.973765e+08,0.000000e+00,0.000000e+00,8.509411e+06,0.000000e+00,8.509411e+06,0.000000e+00,0.000000e+00,1.312438e+11,5.587935e-09,6.676975e-14,0.000000e+00,0.000000e+00,0.000000e+00,0.000000e+00,1.548698e+11,1.674880e+11,-6.877286e+08,1.721430e+06,4.891279e+08,1.841000e+03,-3.995102e+02,4.182939e+09,1.381672e+10,-1.560174e+08,8.634534e+05,1.429149e+08,7.750000e+02,-1.806900e+02,-5.910433e+07
6.782233e+00,1.634397e+11,1.854505e+11,1.491681e+04,2.499831e+05,-9.126769e+08,8.368962e+06,4.518243e-03,6.977503e+08,0.000000e+00,0.000000e+00,8.028506e+06,0.000000e+00,8.028506e+06,0.000000e+00,0.000000e+00,1.312457e+11,5.587935e-09,6.676975e-14,0.000000e+00,0.000000e+00,0.000000e+00,0.000000e+00,1.548705e+11,1.674873e+11,-6.877286e+08,1.721430e+06,4.892226e+08,1.841000e+03,-3.995102e+02,4.183674e+09,1.381542e+10,-1.560136e+08,8.633306e+05,1.429542e+08,7.760000e+02,-1.807113e+02,-5.910803e+07
6.800306e+00,1.634422e+11,1.854488e+11,1.358394e+04,2.475395e+05,-9.126956e+08,8.368962e+06,4.518072e-03,6.972225e+08,0.000000e+00,0.000000e+00,7.670522e+06,0.000000e+00,7.670522e+06,0.000000e+00,0.000000e+00,1.312476e+11,5.587935e-09,6.676975e-14,0.000000e+00,0.000000e+00,0.000000e+00,0.000000e+00,1.548708e+11,1.674873e+11,-6.877286e+08,1.721430e+06,4.893173e+08,1.841000e+03,-3.995102e+02,4.184466e+09,1.381447e+10,-1.560109e+08,8.633306e+05,1.429923e+08,7.760000e+02,-1.807082e+02,-5.911037e+07
6.822892e+00,1.634461e+11,1.854465e+11,1.239276e+04,2.459467e+05,-9.127193e+08,8.368962e+06,4.517003e-03,6.958010e+08,0.000000e+00,0.000000e+00,7.181618e+06,0.000000e+00,7.181618e+06,0.000000e+00,0.000000e+00,1.312500e+11,5.587935e-09,6.676975e-14,0.000000e+00,0.000000e+00,0.000000e+00,0.000000e+00,1.548721e+11,1.674879e+11,-6.877286e+08,1.721430e+06,4.894376e+08,1.841000e+03,-3.995102e+02,4.185234e+09,1.381342e+10,-1.560092e+08,8.633306e+05,1.430393e+08,7.760000e+02,-1.807063e+02,-5.911274e+07
6.840961e+00,1.634507e+11,1.854409e+11,1.199253e+04,2.443179e+05,-9.127391e+08,8.368962e+06,4.518210e-03,6.962083e+08,0.000000e+00,0.000000e+00,7.327572e+06,0.000000e+00,7.327572e+06,0.000000e+00,0.000000e+00,1.312520e+11,5.587935e-09,6.676975e-14,0.000000e+00,0.000000e+00,0.000000e+00,0.000000e+00,1.548744e+11,1.674855e+11,-6.877286e+08,1.721430e+06,4.895290e+08,1.841000e+03,-3.995102e+02,4.186035e+09,1.381146e+10,-1.559988e+08,8.633306e+05,1.430798e+08,7.760000e+02,-1.806941e+02,-5.912569e+07
6.863558e+00,1.634564e+11,1.854348e+11,1.151256e+04,2.410631e+05,-9.127630e+08,8.368962e+06,4.521406e-03,6.974243e+08,0.000000e+00,0.000000e+00,6.336064e+06,0.000000e+00,6.336064e+06,0.000000e+00,0.000000e+00,1.312549e+11,5.587935e-09,6.676975e-14,0.000000e+00,0.000000e+00,0.000000e+00,0.000000e+00,1.548766e+11,1.674829e+11,-6.877286e+08,1.721430e+06,4.896382e+08,1.841000e+03,-3.995102e+02,4.187293e+09,1.380820e+10,-1.559829e+08,8.633306e+05,1.431312e+08,7.760000e+02,-1.806757e+02,-5.914015e+07
6.881644e+00,1.634604e+11,1.854321e+11,1.090000e+04,2.380948e+05,-9.127812e+08,8.368962e+06,4.585998e-03,6.965386e+08,0.000000e+00,0.000000e+00,5.724402e+06,0.000000e+00,5.724402e+06,0.000000e+00,0.000000e+00,1.312573e+11,5.587935e-09,6.676975e-14,0.000000e+00,0.000000e+00,0.000000e+00,0.000000e+00,1.548781e+11,1.674826e+11,-6.877286e+08,1.721430e+06,4.897260e+08,1.841000e+03,-3.995102e+02,4.188015e+09,1.380657e+10,-1.559738e+08,8.633306e+05,1.431761e+08,7.760000e+02,-1.806653e+02,-5.914834e+07
6.903912e+00,1.634642e+11,1.854272e+11,9.819970e+03,2.373539e+05,-9.128020e+08,8.368962e+06,4.359776e-03,6.982349e+08,0.000000e+00,0.000000e+00,5.037796e+06,0.000000e+00,5.037796e+06,0.000000e+00,0.000000e+00,1.312602e+11,5.587935e-09,6.676975e-14,0.000000e+00,0.000000e+00,0.000000e+00,0.000000e+00,1.548786e+11,1.674809e+11,-6.877286e+08,1.721430e+06,4.898380e+08,1.841000e+03,-3.995102e+02,4.189072e+09,1.380506e+10,-1.559692e+08,8.633306e+05,1.432250e+08,7.760000e+02,-1.806599e+02,-5.915213e+07
6.921350e+00,1.634664e+11,1.854237e+11,8.745078e+03,2.385707e+05,-9.128161e+08,8.368962e+06,4.359299e-03,6.997020e+08,0.000000e+00,0.000000e+00,4.678259e+06,0.000000e+00,4.678259e+06,0.000000e+00,0.000000e+00,1.312622e+11,5.587935e-09,6.676975e-14,0.000000e+00,0.000000e+00,0.000000e+00,0.000000e+00,1.548787e+11,1.674791e+11,-6.877286e+08,1.721430e+06,4.899295e+08,1.841000e+03,-3.995102e+02,4.189768e+09,1.380428e+10,-1.559676e+08,8.633306e+05,1.432645e+08,7.760000e+02,-1.806580e+02,-5.915339e+07
6.943147e+00,1.634699e+11,1.854204e+11,7.233728e+03,2.384553e+05,-9.128312e+08,8.368962e+06,4.359294e-03,6.993103e+08,0.000000e+00,0.000000e+00,4.487847e+06,0.000000e+00,4.487847e+06,0.000000e+00,0.000000e+00,1.312644e+11,5.587935e-09,6.676975e-14,0.000000e+00,0.000000e+00,0.000000e+00,0.000000e+00,1.548796e+11,1.674786e+11,-6.877286e+08,1.721430e+06,4.900444e+08,1.841000e+03,-3.995102e+02,4.190652e+09,1.380311e+10,-1.559673e+08,8.633306e+05,1.433116e+08,7.760000e+02,-1.806577e+02,-5.915351e+07
6.960584e+00,1.634725e+11,1.854170e+11,6.229288e+03,2.372917e+05,-9.128407e+08,8.368962e+06,4.359507e-03,7.000698e+08,0.000000e+00,0.000000e+00,4.466711e+06,0.000000e+00,4.466711e+06,0.000000e+00,0.000000e+00,1.312661e+11,5.587935e-09,6.676975e-14,0.000000e+00,0.000000e+00,0.000000e+00,0.000000e+00,1.548802e+11,1.674775e+11,-6.877286e+08,1.721430e+06,4.901319e+08,1.841000e+03,-3.995102e+02,4.191365e+09,1.380242e+10,-1.559673e+08,8.633306e+05,1.433482e+08,7.760000e+02,-1.806577e+02,-5.915354e+07
6.982383e+00,1.634753e+11,1.854126e+11,5.319486e+03,2.357651e+05,-9.128511e+08,8.368962e+06,4.359994e-03,7.014560e+08,0.000000e+00,0.000000e+00,4.493883e+06,0.000000e+00,4.493883e+06,0.000000e+00,0.000000e+00,1.312683e+11,5.587935e-09,6.676975e-14,0.000000e+00,0.000000e+00,0.000000e+00,0.000000e+00,1.548805e+11,1.674751e+11,-6.877286e+08,1.721430e+06,4.902434e+08,1.841000e+03,-3.995102e+02,4.192122e+09,1.380171e+10,-1.559672e+08,8.633306e+05,1.433929e+08,7.760000e+02,-1.806576e+02,-5.915359e+07
7.000794e+00,1.634782e+11,1.854108e+11,4.727311e+03,2.336450e+05,-9.128591e+08,8.368962e+06,4.361823e-03,7.001804e+08,0.000000e+00,0.000000e+00,4.488924e+06,0.000000e+00,4.488924e+06,0.000000e+00,0.000000e+00,1.312701e+11,5.587935e-09,6.676975e-14,0.000000e+00,0.000000e+00,0.000000e+00,0.000000e+00,1.548817e+11,1.674750e+11,-6.877286e+08,1.721430e+06,4.903373e+08,1.841000e+03,-3.995102e+02,4.192447e+09,1.380132e+10,-1.559672e+08,8.633306e+05,1.434295e+08,7.760000e+02,-1.806575e+02,-5.915366e+07
7.022597e+00,1.634819e+11,1.854083e+11,4.390453e+03,2.302002e+05,-9.128683e+08,8.368962e+06,4.360213e-03,6.989919e+08,0.000000e+00,0.000000e+00,4.387110e+06,0.000000e+00,4.387110e+06,0.000000e+00,0.000000e+00,1.312722e+11,5.587935e-09,6.676975e-14,0.000000e+00,0.000000e+00,0.000000e+00,0.000000e+00,1.548836e+11,1.674743e+11,-6.877286e+08,1.721430e+06,4.904436e+08,1.841000e+03,-3.995102e+02,4.192582e+09,1.380123e+10,-1.559671e+08,8.633306e+05,1.434719e+08,7.760000e+02,-1.806574e+02,-5.915376e+07
7.040038e+00,1.634850e+11,1.854049e+11,4.110441e+03,2.281671e+05,-9.128767e+08,8.368962e+06,4.360093e-03,6.993640e+08,0.000000e+00,0.000000e+00,4.244768e+06,0.000000e+00,4.244768e+06,0.000000e+00,0.000000e+00,1.312738e+11,5.587935e-09,6.676975e-14,0.000000e+00,0.000000e+00,0.000000e+00,0.000000e+00,1.548856e+11,1.674719e+11,-6.877286e+08,1.721430e+06,4.905247e+08,1.841000e+03,-3.995102e+02,4.192503e+09,1.380127e+10,-1.559669e+08,8.633306e+05,1.435049e+08,7.760000e+02,-1.806573e+02,-5.915393e+07
7.061839e+00,1.634879e+11,1.854028e+11,3.135002e+03,2.266238e+05,-9.128887e+08,8.368962e+06,4.360112e-03,6.985229e+08,0.000000e+00,0.000000e+00,4.020531e+06,0.000000e+00,4.020531e+06,0.000000e+00,0.000000e+00,1.312758e+11,5.587935e-09,6.676975e-14,0.000000e+00,0.000000e+00,0.000000e+00,0.000000e+00,1.548876e+11,1.674708e+11,-6.877286e+08,1.721430e+06,4.906225e+08,1.841000e+03,-3.995102e+02,4.191939e+09,1.380149e+10,-1.559667e+08,8.633306e+05,1.435452e+08,7.760000e+02,-1.806569e+02,-5.915426e+07
7.083640e+00,1.634909e+11,1.854022e+11,1.292113e+03,2.241945e+05,-9.129026e+08,8.368962e+06,4.508608e-03,6.960928e+08,0.000000e+00,0.000000e+00,3.882098e+06,0.000000e+00,3.882098e+06,0.000000e+00,0.000000e+00,1.312778e+11,5.587935e-09,6.676975e-14,0.000000e+00,0.000000e+00,0.000000e+00,0.000000e+00,1.548892e+11,1.674717e+11,-6.877286e+08,1.721430e+06,4.907204e+08,1.841000e+03,-3.995102e+02,4.191936e+09,1.380158e+10,-1.559661e+08,8.633306e+05,1.435850e+08,7.760000e+02,-1.806563e+02,-5.915480e+07
7.101701e+00,1.634937e+11,1.853985e+11,-5.641660e+02,2.210344e+05,-9.129146e+08,8.368962e+06,4.517797e-03,6.969955e+08,0.000000e+00,0.000000e+00,3.733565e+06,0.000000e+00,3.733565e+06,0.000000e+00,0.000000e+00,1.312795e+11,5.587935e-09,6.676975e-14,0.000000e+00,0.000000e+00,0.000000e+00,0.000000e+00,1.548908e+11,1.674694e+11,-6.877286e+08,1.721430e+06,4.908027e+08,1.841000e+03,-3.995102e+02,4.191911e+09,1.380148e+10,-1.559658e+08,8.633306e+05,1.436173e+08,7.760000e+02,-1.806560e+02,-5.915500e+07
7.124291e+00,1.634961e+11,1.853961e+11,-2.711199e+03,2.176560e+05,-9.129291e+08,8.368962e+06,4.518982e-03,6.967687e+08,0.000000e+00,0.000000e+00,3.772074e+06,0.000000e+00,3.772074e+06,0.000000e+00,0.000000e+00,1.312815e+11,5.587935e-09,6.676975e-14,0.000000e+00,0.000000e+00,0.000000e+00,0.000000e+00,1.548918e+11,1.674681e+11,-6.877286e+08,1.721430e+06,4.909140e+08,1.841000e+03,-3.995102e+02,4.191847e+09,1.380157e+10,-1.559658e+08,8.633306e+05,1.436573e+08,7.760000e+02,-1.806560e+02,-5.915497e+07
7.142367e+00,1.634972e+11,1.853958e+11,-3.610095e+03,2.151344e+05,-9.129393e+08,8.368962e+06,4.519042e-03,6.956261e+08,0.000000e+00,0.000000e+00,3.955959e+06,0.000000e+00,3.955959e+06,0.000000e+00,0.000000e+00,1.312833e+11,5.587935e-09,6.676975e-14,0.000000e+00,0.000000e+00,0.000000e+00,0.000000e+00,1.548917e+11,1.674689e+11,-6.877286e+08,1.721430e+06,4.910041e+08,1.841000e+03,-3.995102e+02,4.191854e+09,1.380162e+10,-1.559658e+08,8.633306e+05,1.436890e+08,7.760000e+02,-1.806560e+02,-5.915497e+07
7.160444e+00,1.634988e+11,1.853933e+11,-3.694129e+03,2.114443e+05,-9.129466e+08,8.368962e+06,4.519443e-03,6.964373e+08,0.000000e+00,0.000000e+00,4.064742e+06,0.000000e+00,4.064742e+06,0.000000e+00,0.000000e+00,1.312850e+11,5.587935e-09,6.676975e-14,0.000000e+00,0.000000e+00,0.000000e+00,0.000000e+00,1.548919e+11,1.674682e+11,-6.877286e+08,1.721430e+06,4.910836e+08,1.841000e+03,-3.995102e+02,4.191996e+09,1.380139e+10,-1.559658e+08,8.633306e+05,1.437206e+08,7.760000e+02,-1.806560e+02,-5.915497e+07
7.183042e+00,1.634997e+11,1.853904e+11,-3.142362e+03,2.054497e+05,-9.129514e+08,8.368962e+06,4.519800e-03,6.981889e+08,0.000000e+00,0.000000e+00,4.237660e+06,0.000000e+00,4.237660e+06,0.000000e+00,0.000000e+00,1.312873e+11,5.587935e-09,6.676975e-14,0.000000e+00,0.000000e+00,0.000000e+00,0.000000e+00,1.548911e+11,1.674665e+11,-6.877286e+08,1.721430e+06,4.911800e+08,1.841000e+03,-3.995102e+02,4.192285e+09,1.380125e+10,-1.559658e+08,8.633306e+05,1.437602e+08,7.760000e+02,-1.806560e+02,-5.915497e+07
7.201122e+00,1.635004e+11,1.853909e+11,-2.644475e+03,2.008492e+05,-9.129526e+08,8.368962e+06,4.519987e-03,6.968332e+08,0.000000e+00,0.000000e+00,4.288447e+06,0.000000e+00,4.288447e+06,0.000000e+00,0.000000e+00,1.312893e+11,5.587935e-09,6.676975e-14,0.000000e+00,0.000000e+00,0.000000e+00,0.000000e+00,1.548905e+11,1.674679e+11,-6.877286e+08,1.721430e+06,4.912594e+08,1.841000e+03,-3.995102e+02,4.192477e+09,1.380112e+10,-1.559658e+08,8.633306e+05,1.437901e+08,7.760000e+02,-1.806560e+02,-5.915497e+07
7.223412e+00,1.635015e+11,1.853890e+11,-2.748250e+03,1.963502e+05,-9.129524e+08,8.368962e+06,4.360188e-03,6.976691e+08,0.000000e+00,0.000000e+00,4.207691e+06,0.000000e+00,4.207691e+06,0.000000e+00,0.000000e+00,1.312917e+11,5.587935e-09,6.676975e-14,0.000000e+00,0.000000e+00,0.000000e+00,0.000000e+00,1.548896e+11,1.674684e+11,-6.877286e+08,1.721430e+06,4.913632e+08,1.841000e+03,-3.995102e+02,4.193068e+09,1.380073e+10,-1.559658e+08,8.633306e+05,1.438259e+08,7.760000e+02,-1.806560e+02,-5.915496e+07
7.240852e+00,1.635029e+11,1.853866e+11,-3.482598e+03,1.939206e+05,-9.129528e+08,8.368962e+06,4.360181e-03,6.986926e+08,0.000000e+00,0.000000e+00,4.079452e+06,0.000000e+00,4.079452e+06,0.000000e+00,0.000000e+00,1.312935e+11,5.587935e-09,6.676975e-14,0.000000e+00,0.000000e+00,0.000000e+00,0.000000e+00,1.548894e+11,1.674675e+11,-6.877286e+08,1.721430e+06,4.914455e+08,1.841000e+03,-3.995102e+02,4.193603e+09,1.380006e+10,-1.559659e+08,8.633306e+05,1.438535e+08,7.760000e+02,-1.806560e+02,-5.915496e+07
7.263299e+00,1.635062e+11,1.853851e+11,-5.099795e+03,1.910515e+05,-9.129542e+08,8.368962e+06,4.385938e-03,6.969402e+08,0.000000e+00,0.000000e+00,3.854377e+06,0.000000e+00,3.854377e+06,0.000000e+00,0.000000e+00,1.312957e+11,5.587935e-09,6.676975e-14,0.000000e+00,0.000000e+00,0.000000e+00,0.000000e+00,1.548910e+11,1.674678e+11,-6.877286e+08,1.721430e+06,4.915569e+08,1.841000e+03,-3.995102e+02,4.193859e+09,1.379961e+10,-1.559659e+08,8.633306e+05,1.438890e+08,7.760000e+02,-1.806560e+02,-5.915495e+07
7.280768e+00,1.635089e+11,1.853832e+11,-6.767050e+03,1.876451e+05,-9.129555e+08,8.368962e+06,4.360001e-03,6.960458e+08,0.000000e+00,0.000000e+00,3.737710e+06,0.000000e+00,3.737710e+06,0.000000e+00,0.000000e+00,1.312975e+11,5.587935e-09,6.676975e-14,0.000000e+00,0.000000e+00,0.000000e+00,0.000000e+00,1.548923e+11,1.674678e+11,-6.877286e+08,1.721430e+06,4.916406e+08,1.841000e+03,-3.995102e+02,4.194188e+09,1.379913e+10,-1.559659e+08,8.633306e+05,1.439165e+08,7.760000e+02,-1.806560e+02,-5.915493e+07
7.302568e+00,1.635130e+11,1.853782e+11,-9.108168e+03,1.824009e+05,-9.129566e+08,8.368962e+06,4.360017e-03,6.967248e+08,0.000000e+00,0.000000e+00,3.773229e+06,0.000000e+00,3.773229e+06,0.000000e+00,0.000000e+00,1.312995e+11,5.587935e-09,6.676975e-14,0.000000e+00,0.000000e+00,0.000000e+00,0.000000e+00,1.548943e+11,1.674645e+11,-6.877286e+08,1.721430e+06,4.917394e+08,1.841000e+03,-3.995102e+02,4.194885e+09,1.379876e+10,-1.559659e+08,8.633306e+05,1.439505e+08,7.760000e+02,-1.806561e+02,-5.915491e+07
7.320008e+00,1.635160e+11,1.853759e+11,-1.075888e+04,1.786268e+05,-9.129567e+08,8.368962e+06,4.360178e-03,6.956788e+08,0.000000e+00,0.000000e+00,3.900393e+06,0.000000e+00,3.900393e+06,0.000000e+00,0.000000e+00,1.313011e+11,5.587935e-09,6.676975e-14,0.000000e+00,0.000000e+00,0.000000e+00,0.000000e+00,1.548959e+11,1.674635e+11,-6.877286e+08,1.721430e+06,4.918165e+08,1.841000e+03,-3.995102e+02,4.195082e+09,1.379851e+10,-1.559659e+08,8.633306e+05,1.439768e+08,7.760000e+02,-1.806561e+02,-5.915488e+07
7.341809e+00,1.635196e+11,1.853740e+11,-1.241857e+04,1.742435e+05,-9.129572e+08,8.368962e+06,4.360109e-03,6.936287e+08,0.000000e+00,0.000000e+00,4.071548e+06,0.000000e+00,4.071548e+06,0.000000e+00,0.000000e+00,1.313032e+11,5.587935e-09,6.676975e-14,0.000000e+00,0.000000e+00,0.000000e+00,0.000000e+00,1.548977e+11,1.674634e+11,-6.877286e+08,1.721430e+06,4.919130e+08,1.841000e+03,-3.995102e+02,4.195348e+09,1.379831e+10,-1.559659e+08,8.633306e+05,1.440097e+08,7.760000e+02,-1.806561e+02,-5.915492e+07
7.363610e+00,1.635234e+11,1.853690e+11,-1.405113e+04,1.719438e+05,-9.129595e+08,8.368962e+06,4.360213e-03,6.946807e+08,0.000000e+00,0.000000e+00,4.150437e+06,0.000000e+00,4.150437e+06,0.000000e+00,0.000000e+00,1.313054e+11,5.587935e-09,6.676975e-14,0.000000e+00,0.000000e+00,0.000000e+00,0.000000e+00,1.548997e+11,1.674604e+11,-6.877286e+08,1.721430e+06,4.920064e+08,1.841000e+03,-3.995102e+02,4.195574e+09,1.379798e+10,-1.559658e+08,8.633306e+05,1.440425e+08,7.760000e+02,-1.806559e+02,-5.915505e+07
7.381513e+00,1.635256e+11,1.853670e+11,-1.539690e+04,1.723036e+05,-9.129634e+08,8.368962e+06,4.517377e-03,6.943619e+08,0.000000e+00,0.000000e+00,4.200994e+06,0.000000e+00,4.200994e+06,0.000000e+00,0.000000e+00,1.313073e+11,5.587935e-09,6.676975e-14,0.000000e+00,0.000000e+00,0.000000e+00,0.000000e+00,1.549002e+11,1.674596e+11,-6.877286e+08,1.721430e+06,4.920832e+08,1.841000e+03,-3.995102e+02,4.196062e+09,1.379763e+10,-1.559656e+08,8.633306e+05,1.440693e+08,7.760000e+02,-1.806557e+02,-5.915522e+07
7.404171e+00,1.635274e+11,1.853667e+11,-1.717891e+04,1.741097e+05,-9.129700e+08,8.368962e+06,4.542027e-03,6.925807e+08,0.000000e+00,0.000000e+00,4.386609e+06,0.000000e+00,4.386609e+06,0.000000e+00,0.000000e+00,1.313095e+11,5.587935e-09,6.676975e-14,0.000000e+00,0.000000e+00,0.000000e+00,0.000000e+00,1.548994e+11,1.674618e+11,-6.877286e+08,1.721430e+06,4.921783e+08,1.841000e+03,-3.995102e+02,4.197099e+09,1.379617e+10,-1.559625e+08,8.633306e+05,1.441031e+08,7.760000e+02,-1.806521e+02,-5.915954e+07
7.422340e+00,1.635285e+11,1.853647e+11,-1.872724e+04,1.754766e+05,-9.129751e+08,8.368962e+06,4.542242e-03,6.932548e+08,0.000000e+00,0.000000e+00,4.402056e+06,0.000000e+00,4.402056e+06,0.000000e+00,0.000000e+00,1.313113e+11,5.587935e-09,6.676975e-14,0.000000e+00,0.000000e+00,0.000000e+00,0.000000e+00,1.548986e+11,1.674621e+11,-6.877286e+08,1.721430e+06,4.922554e+08,1.841000e+03,-3.995102e+02,4.197741e+09,1.379516e+10,-1.559585e+08,8.633306e+05,1.441310e+08,7.760000e+02,-1.806475e+02,-5.916346e+07
7.440509e+00,1.635295e+11,1.853623e+11,-2.011485e+04,1.767983e+05,-9.129788e+08,8.368962e+06,4.542694e-03,6.940090e+08,0.000000e+00,0.000000e+00,4.697560e+06,0.000000e+00,4.697560e+06,0.000000e+00,0.000000e+00,1.313132e+11,5.587935e-09,6.676975e-14,0.000000e+00,0.000000e+00,0.000000e+00,0.000000e+00,1.548977e+11,1.674617e+11,-6.877286e+08,1.721430e+06,4.923363e+08,1.841000e+03,-3.995102e+02,4.198401e+09,1.379343e+10,-1.559508e+08,8.633306e+05,1.441626e+08,7.760000e+02,-1.806385e+02,-5.917225e+07
7.463151e+00,1.635319e+11,1.853615e+11,-2.164796e+04,1.783333e+05,-9.129808e+08,8.368962e+06,4.518430e-03,6.924051e+08,0.000000e+00,0.000000e+00,4.599338e+06,0.000000e+00,4.599338e+06,0.000000e+00,0.000000e+00,1.313156e+11,5.587935e-09,6.676975e-14,0.000000e+00,0.000000e+00,0.000000e+00,0.000000e+00,1.548979e+11,1.674634e+11,-6.877286e+08,1.721430e+06,4.924356e+08,1.841000e+03,-3.995102e+02,4.198972e+09,1.379150e+10,-1.559423e+08,8.633306e+05,1.442000e+08,7.760000e+02,-1.806288e+02,-5.917937e+07
7.481225e+00,1.635338e+11,1.853595e+11,-2.266908e+04,1.793650e+05,-9.129812e+08,8.368962e+06,4.518828e-03,6.924340e+08,0.000000e+00,0.000000e+00,4.553415e+06,0.000000e+00,4.553415e+06,0.000000e+00,0.000000e+00,1.313174e+11,5.587935e-09,6.676975e-14,0.000000e+00,0.000000e+00,0.000000e+00,0.000000e+00,1.548982e+11,1.674632e+11,-6.877286e+08,1.721430e+06,4.925145e+08,1.841000e+03,-3.995102e+02,4.199330e+09,1.379088e+10,-1.559404e+08,8.633306e+05,1.442322e+08,7.760000e+02,-1.806265e+02,-5.918042e+07
7.503820e+00,1.635365e+11,1.853552e+11,-2.341904e+04,1.799251e+05,-9.129818e+08,8.368962e+06,4.519029e-03,6.939570e+08,0.000000e+00,0.000000e+00,4.500976e+06,0.000000e+00,4.500976e+06,0.000000e+00,0.000000e+00,1.313194e+11,5.587935e-09,6.676975e-14,0.000000e+00,0.000000e+00,0.000000e+00,0.000000e+00,1.548988e+11,1.674607e+11,-6.877286e+08,1.721430e+06,4.926107e+08,1.841000e+03,-3.995102e+02,4.199965e+09,1.379038e+10,-1.559404e+08,8.633306e+05,1.442702e+08,7.760000e+02,-1.806265e+02,-5.918042e+07
7.521896e+00,1.635380e+11,1.853543e+11,-2.393471e+04,1.790179e+05,-9.129818e+08,8.368962e+06,4.518963e-03,6.934547e+08,0.000000e+00,0.000000e+00,4.442670e+06,0.000000e+00,4.442670e+06,0.000000e+00,0.000000e+00,1.313211e+11,5.587935e-09,6.676975e-14,0.000000e+00,0.000000e+00,0.000000e+00,0.000000e+00,1.548989e+11,1.674609e+11,-6.877286e+08,1.721430e+06,4.926855e+08,1.841000e+03,-3.995102e+02,4.200231e+09,1.379008e+10,-1.559404e+08,8.633306e+05,1.443000e+08,7.760000e+02,-1.806265e+02,-5.918049e+07
7.544182e+00,1.635377e+11,1.853543e+11,-2.480705e+04,1.765001e+05,-9.129801e+08,8.368962e+06,4.360158e-03,6.936028e+08,0.000000e+00,0.000000e+00,4.459748e+06,0.000000e+00,4.459748e+06,0.000000e+00,0.000000e+00,1.313231e+11,5.587935e-09,6.676975e-14,0.000000e+00,0.000000e+00,0.000000e+00,0.000000e+00,1.548974e+11,1.674624e+11,-6.877286e+08,1.721430e+06,4.927792e+08,1.841000e+03,-3.995102e+02,4.200084e+09,1.378987e+10,-1.559384e+08,8.633306e+05,1.443360e+08,7.760000e+02,-1.806242e+02,-5.918394e+07
7.561623e+00,1.635374e+11,1.853523e+11,-2.601891e+04,1.742792e+05,-9.129761e+08,8.368962e+06,4.360041e-03,6.957781e+08,0.000000e+00,0.000000e+00,4.486432e+06,0.000000e+00,4.486432e+06,0.000000e+00,0.000000e+00,1.313247e+11,5.587935e-09,6.676975e-14,0.000000e+00,0.000000e+00,0.000000e+00,0.000000e+00,1.548960e+11,1.674618e+11,-6.877286e+08,1.721430e+06,4.928560e+08,1.841000e+03,-3.995102e+02,4.200144e+09,1.378881e+10,-1.559317e+08,8.633306e+05,1.443649e+08,7.760000e+02,-1.806164e+02,-5.919088e+07
7.583573e+00,1.635373e+11,1.853530e+11,-2.802163e+04,1.721753e+05,-9.129661e+08,8.368962e+06,4.518352e-03,6.951523e+08,0.000000e+00,0.000000e+00,4.303384e+06,0.000000e+00,4.303384e+06,0.000000e+00,0.000000e+00,1.313267e+11,5.587935e-09,6.676975e-14,0.000000e+00,0.000000e+00,0.000000e+00,0.000000e+00,1.548946e+11,1.674634e+11,-6.877286e+08,1.721430e+06,4.929594e+08,1.841000e+03,-3.995102e+02,4.200116e+09,1.378787e+10,-1.559234e+08,8.633306e+05,1.444003e+08,7.760000e+02,-1.806068e+02,-5.919880e+07
7.602337e+00,1.635377e+11,1.853534e+11,-2.956141e+04,1.712896e+05,-9.129535e+08,8.368962e+06,4.872980e-03,6.943370e+08,0.000000e+00,0.000000e+00,4.086049e+06,0.000000e+00,4.086049e+06,0.000000e+00,0.000000e+00,1.313284e+11,5.587935e-09,6.676975e-14,0.000000e+00,0.000000e+00,0.000000e+00,0.000000e+00,1.548939e+11,1.674651e+11,-6.877286e+08,1.721430e+06,4.930491e+08,1.841000e+03,-3.995102e+02,4.200210e+09,1.378716e+10,-1.559192e+08,8.633306e+05,1.444298e+08,7.760000e+02,-1.806019e+02,-5.920192e+07
7.621830e+00,1.635392e+11,1.853509e+11,-3.037973e+04,1.702044e+05,-9.129386e+08,8.368962e+06,4.386921e-03,6.952541e+08,0.000000e+00,0.000000e+00,4.040135e+06,0.000000e+00,4.040135e+06,0.000000e+00,0.000000e+00,1.313302e+11,5.587935e-09,6.676975e-14,0.000000e+00,0.000000e+00,0.000000e+00,0.000000e+00,1.548938e+11,1.674643e+11,-6.877286e+08,1.721430e+06,4.931399e+08,1.841000e+03,-3.995102e+02,4.200571e+09,1.378689e+10,-1.559187e+08,8.633306e+05,1.444597e+08,7.760000e+02,-1.806014e+02,-5.920203e+07
7.643659e+00,1.635412e+11,1.853486e+11,-3.024389e+04,1.687106e+05,-9.129209e+08,8.368962e+06,4.359978e-03,6.951743e+08,0.000000e+00,0.000000e+00,4.189056e+06,0.000000e+00,4.189056e+06,0.000000e+00,0.000000e+00,1.313322e+11,5.587935e-09,6.676975e-14,0.000000e+00,0.000000e+00,0.000000e+00,0.000000e+00,1.548943e+11,1.674634e+11,-6.877286e+08,1.721430e+06,4.932383e+08,1.841000e+03,-3.995102e+02,4.200928e+09,1.378626e+10,-1.559187e+08,8.633306e+05,1.444930e+08,7.760000e+02,-1.806014e+02,-5.920201e+07
7.661098e+00,1.635426e+11,1.853485e+11,-2.959876e+04,1.679780e+05,-9.129071e+08,8.368962e+06,4.359807e-03,6.937663e+08,0.000000e+00,0.000000e+00,4.303722e+06,0.000000e+00,4.303722e+06,0.000000e+00,0.000000e+00,1.313338e+11,5.587935e-09,6.676975e-14,0.000000e+00,0.000000e+00,0.000000e+00,0.000000e+00,1.548943e+11,1.674645e+11,-6.877286e+08,1.721430e+06,4.933105e+08,1.841000e+03,-3.995102e+02,4.201352e+09,1.378582e+10,-1.559189e+08,8.633306e+05,1.445194e+08,7.760000e+02,-1.806016e+02,-5.920178e+07
7.682897e+00,1.635430e+11,1.853462e+11,-2.846998e+04,1.669247e+05,-9.128918e+08,8.368962e+06,4.359538e-03,6.952264e+08,0.000000e+00,0.000000e+00,4.419624e+06,0.000000e+00,4.419624e+06,0.000000e+00,0.000000e+00,1.313357e+11,5.587935e-09,6.676975e-14,0.000000e+00,0.000000e+00,0.000000e+00,0.000000e+00,1.548930e+11,1.674645e+11,-6.877286e+08,1.721430e+06,4.934048e+08,1.841000e+03,-3.995102e+02,4.201884e+09,1.378515e+10,-1.559192e+08,8.633306e+05,1.445526e+08,7.760000e+02,-1.806019e+02,-5.920155e+07
7.700335e+00,1.635434e+11,1.853448e+11,-2.779256e+04,1.664402e+05,-9.128815e+08,8.368962e+06,4.359603e-03,6.962120e+08,0.000000e+00,0.000000e+00,4.325158e+06,0.000000e+00,4.325158e+06,0.000000e+00,0.000000e+00,1.313372e+11,5.587935e-09,6.676975e-14,0.000000e+00,0.000000e+00,0.000000e+00,0.000000e+00,1.548920e+11,1.674640e+11,-6.877286e+08,1.721430e+06,4.934835e+08,1.841000e+03,-3.995102e+02,4.202331e+09,1.378467e+10,-1.559192e+08,8.633306e+05,1.445780e+08,7.760000e+02,-1.806020e+02,-5.920150e+07
7.722134e+00,1.635447e+11,1.853445e+11,-2.759897e+04,1.668860e+05,-9.128702e+08,8.368962e+06,4.360000e-03,6.952733e+08,0.000000e+00,0.000000e+00,4.172102e+06,0.000000e+00,4.172102e+06,0.000000e+00,0.000000e+00,1.313390e+11,5.587935e-09,6.676975e-14,0.000000e+00,0.000000e+00,0.000000e+00,0.000000e+00,1.548916e+11,1.674652e+11,-6.877286e+08,1.721430e+06,4.935792e+08,1.841000e+03,-3.995102e+02,4.202803e+09,1.378429e+10,-1.559192e+08,8.633306e+05,1.446105e+08,7.760000e+02,-1.806020e+02,-5.920150e+07
7.744473e+00,1.635456e+11,1.853428e+11,-2.787926e+04,1.677622e+05,-9.128599e+08,8.368962e+06,4.543515e-03,6.958604e+08,0.000000e+00,0.000000e+00,4.077620e+06,0.000000e+00,4.077620e+06,0.000000e+00,0.000000e+00,1.313409e+11,5.587935e-09,6.676975e-14,0.000000e+00,0.000000e+00,0.000000e+00,0.000000e+00,1.548912e+11,1.674653e+11,-6.877286e+08,1.721430e+06,4.936816e+08,1.841000e+03,-3.995102e+02,4.203032e+09,1.378399e+10,-1.559203e+08,8.633306e+05,1.446429e+08,7.760000e+02,-1.806033e+02,-5.919983e+07
7.762647e+00,1.635463e+11,1.853408e+11,-2.816706e+04,1.675897e+05,-9.128524e+08,8.368962e+06,4.543496e-03,6.969775e+08,0.000000e+00,0.000000e+00,4.089646e+06,0.000000e+00,4.089646e+06,0.000000e+00,0.000000e+00,1.313425e+11,5.587935e-09,6.676975e-14,0.000000e+00,0.000000e+00,0.000000e+00,0.000000e+00,1.548905e+11,1.674646e+11,-6.877286e+08,1.721430e+06,4.937606e+08,1.841000e+03,-3.995102e+02,4.203513e+09,1.378368e+10,-1.559227e+08,8.633306e+05,1.446688e+08,7.760000e+02,-1.806060e+02,-5.919745e+07
7.780474e+00,1.635471e+11,1.853409e+11,-2.866883e+04,1.659265e+05,-9.128445e+08,8.368962e+06,4.364500e-03,6.959897e+08,0.000000e+00,0.000000e+00,4.189615e+06,0.000000e+00,4.189615e+06,0.000000e+00,0.000000e+00,1.313441e+11,5.587935e-09,6.676975e-14,0.000000e+00,0.000000e+00,0.000000e+00,0.000000e+00,1.548898e+11,1.674657e+11,-6.877286e+08,1.721430e+06,4.938361e+08,1.841000e+03,-3.995102e+02,4.204114e+09,1.378342e+10,-1.559252e+08,8.633306e+05,1.446939e+08,7.760000e+02,-1.806089e+02,-5.919498e+07
7.802296e+00,1.635478e+11,1.853401e+11,-2.935542e+04,1.629248e+05,-9.128330e+08,8.368962e+06,4.364402e-03,6.955660e+08,0.000000e+00,0.000000e+00,4.465096e+06,0.000000e+00,4.465096e+06,0.000000e+00,0.000000e+00,1.313461e+11,5.587935e-09,6.676975e-14,0.000000e+00,0.000000e+00,0.000000e+00,0.000000e+00,1.548885e+11,1.674672e+11,-6.877286e+08,1.721430e+06,4.939271e+08,1.841000e+03,-3.995102e+02,4.205155e+09,1.378263e+10,-1.559271e+08,8.633306e+05,1.447235e+08,7.760000e+02,-1.806111e+02,-5.919356e+07
7.824118e+00,1.635476e+11,1.853386e+11,-2.992422e+04,1.618781e+05,-9.128205e+08,8.368962e+06,4.212373e-03,6.969357e+08,0.000000e+00,0.000000e+00,4.790930e+06,0.000000e+00,4.790930e+06,0.000000e+00,0.000000e+00,1.313480e+11,5.587935e-09,6.676975e-14,0.000000e+00,0.000000e+00,0.000000e+00,0.000000e+00,1.548865e+11,1.674672e+11,-6.877286e+08,1.721430e+06,4.940164e+08,1.841000e+03,-3.995102e+02,4.205897e+09,1.378197e+10,-1.559272e+08,8.633306e+05,1.447519e+08,7.760000e+02,-1.806112e+02,-5.919354e+07
7.841251e+00,1.635471e+11,1.853394e+11,-3.025062e+04,1.625141e+05,-9.128112e+08,8.368962e+06,4.364189e-03,6.965177e+08,0.000000e+00,0.000000e+00,4.931330e+06,0.000000e+00,4.931330e+06,0.000000e+00,0.000000e+00,1.313493e+11,5.587935e-09,6.676975e-14,0.000000e+00,0.000000e+00,0.000000e+00,0.000000e+00,1.548849e+11,1.674690e+11,-6.877286e+08,1.721430e+06,4.940846e+08,1.841000e+03,-3.995102e+02,4.206221e+09,1.378152e+10,-1.559272e+08,8.633306e+05,1.447743e+08,7.760000e+02,-1.806112e+02,-5.919354e+07
7.863189e+00,1.635456e+11,1.853407e+11,-3.034512e+04,1.628227e+05,-9.128020e+08,8.368962e+06,4.227786e-03,6.966471e+08,0.000000e+00,0.000000e+00,4.958074e+06,0.000000e+00,4.958074e+06,0.000000e+00,0.000000e+00,1.313511e+11,5.587935e-09,6.676975e-14,0.000000e+00,0.000000e+00,0.000000e+00,0.000000e+00,1.548822e+11,1.674720e+11,-6.877286e+08,1.721430e+06,4.941693e+08,1.841000e+03,-3.995102e+02,4.206517e+09,1.378089e+10,-1.559272e+08,8.633306e+05,1.448026e+08,7.760000e+02,-1.806112e+02,-5.919354e+07
7.880024e+00,1.635446e+11,1.853404e+11,-3.025219e+04,1.626338e+05,-9.127974e+08,8.368962e+06,4.201722e-03,6.979606e+08,0.000000e+00,0.000000e+00,4.895759e+06,0.000000e+00,4.895759e+06,0.000000e+00,0.000000e+00,1.313525e+11,5.587935e-09,6.676975e-14,0.000000e+00,0.000000e+00,0.000000e+00,0.000000e+00,1.548802e+11,1.674728e+11,-6.877286e+08,1.721430e+06,4.942351e+08,1.841000e+03,-3.995102e+02,4.206863e+09,1.378054e+10,-1.559272e+08,8.633306e+05,1.448241e+08,7.760000e+02,-1.806112e+02,-5.919354e+07
7.901032e+00,1.635440e+11,1.853403e+11,-3.037535e+04,1.625210e+05,-9.127942e+08,8.368962e+06,4.201632e-03,6.985357e+08,0.000000e+00,0.000000e+00,4.815168e+06,0.000000e+00,4.815168e+06,0.000000e+00,0.000000e+00,1.313543e+11,5.587935e-09,6.676975e-14,0.000000e+00,0.000000e+00,0.000000e+00,0.000000e+00,1.548781e+11,1.674742e+11,-6.877286e+08,1.721430e+06,4.943214e+08,1.841000e+03,-3.995102e+02,4.207446e+09,1.377986e+10,-1.559272e+08,8.633306e+05,1.448512e+08,7.760000e+02,-1.806112e+02,-5.919354e+07
7.922041e+00,1.635445e+11,1.853405e+11,-3.101538e+04,1.610722e+05,-9.127931e+08,8.368962e+06,4.201560e-03,6.977903e+08,0.000000e+00,0.000000e+00,4.798348e+06,0.000000e+00,4.798348e+06,0.000000e+00,0.000000e+00,1.313560e+11,5.587935e-09,6.676975e-14,0.000000e+00,0.000000e+00,0.000000e+00,0.000000e+00,1.548770e+11,1.674763e+11,-6.877286e+08,1.721430e+06,4.944073e+08,1.841000e+03,-3.995102e+02,4.208232e+09,1.377912e+10,-1.559272e+08,8.633306e+05,1.448782e+08,7.760000e+02,-1.806112e+02,-5.919354e+07
7.943198e+00,1.635459e+11,1.853376e+11,-3.194003e+04,1.575051e+05,-9.127933e+08,8.368962e+06,4.359738e-03,6.990395e+08,0.000000e+00,0.000000e+00,4.961722e+06,0.000000e+00,4.961722e+06,0.000000e+00,0.000000e+00,1.313577e+11,5.587935e-09,6.676975e-14,0.000000e+00,0.000000e+00,0.000000e+00,0.000000e+00,1.548768e+11,1.674752e+11,-6.877286e+08,1.721430e+06,4.944930e+08,1.841000e+03,-3.995102e+02,4.208941e+09,1.377834e+10,-1.559272e+08,8.633306e+05,1.449041e+08,7.760000e+02,-1.806112e+02,-5.919354e+07
7.960639e+00,1.635477e+11,1.853347e+11,-3.276366e+04,1.544688e+05,-9.127937e+08,8.368962e+06,4.360119e-03,6.996556e+08,0.000000e+00,0.000000e+00,5.248690e+06,0.000000e+00,5.248690e+06,0.000000e+00,0.000000e+00,1.313591e+11,5.587935e-09,6.676975e-14,0.000000e+00,0.000000e+00,0.000000e+00,0.000000e+00,1.548772e+11,1.674737e+11,-6.877286e+08,1.721430e+06,4.945632e+08,1.841000e+03,-3.995102e+02,4.209574e+09,1.377767e+10,-1.559272e+08,8.633306e+05,1.449256e+08,7.760000e+02,-1.806112e+02,-5.919352e+07
7.982439e+00,1.635492e+11,1.853334e+11,-3.338138e+04,1.511463e+05,-9.127930e+08,8.368962e+06,4.359968e-03,6.990017e+08,0.000000e+00,0.000000e+00,5.704820e+06,0.000000e+00,5.704820e+06,0.000000e+00,0.000000e+00,1.313608e+11,5.587935e-09,6.676975e-14,0.000000e+00,0.000000e+00,0.000000e+00,0.000000e+00,1.548773e+11,1.674737e+11,-6.877286e+08,1.721430e+06,4.946437e+08,1.841000e+03,-3.995102e+02,4.210078e+09,1.377705e+10,-1.559272e+08,8.633306e+05,1.449530e+08,7.760000e+02,-1.806112e+02,-5.919352e+07
8.004089e+00,1.635493e+11,1.853321e+11,-3.342667e+04,1.473900e+05,-9.127895e+08,8.368962e+06,4.202040e-03,6.997980e+08,0.000000e+00,0.000000e+00,5.965916e+06,0.000000e+00,5.965916e+06,0.000000e+00,0.000000e+00,1.313625e+11,5.587935e-09,6.676975e-14,0.000000e+00,0.000000e+00,0.000000e+00,0.000000e+00,1.548762e+11,1.674736e+11,-6.877286e+08,1.721430e+06,4.947261e+08,1.841000e+03,-3.995102e+02,4.210356e+09,1.377685e+10,-1.559272e+08,8.632078e+05,1.449791e+08,7.770000e+02,-1.806369e+02,-5.919352e+07
8.020896e+00,1.635487e+11,1.853313e+11,-3.311016e+04,1.445255e+05,-9.127846e+08,8.368962e+06,4.201340e-03,7.010369e+08,0.000000e+00,0.000000e+00,6.006086e+06,0.000000e+00,6.006086e+06,0.000000e+00,0.000000e+00,1.313639e+11,5.587935e-09,6.676975e-14,0.000000e+00,0.000000e+00,0.000000e+00,0.000000e+00,1.548747e+11,1.674734e+11,-6.877286e+08,1.721430e+06,4.947940e+08,1.841000e+03,-3.995102e+02,4.210381e+09,1.377682e+10,-1.559272e+08,8.632078e+05,1.449994e+08,7.770000e+02,-1.806369e+02,-5.919352e+07
8.041903e+00,1.635488e+11,1.853323e+11,-3.214178e+04,1.419034e+05,-9.127757e+08,8.368962e+06,4.201466e-03,6.998261e+08,0.000000e+00,0.000000e+00,5.998665e+06,0.000000e+00,5.998665e+06,0.000000e+00,0.000000e+00,1.313656e+11,5.587935e-09,6.676975e-14,0.000000e+00,0.000000e+00,0.000000e+00,0.000000e+00,1.548739e+11,1.674754e+11,-6.877286e+08,1.721430e+06,4.948793e+08,1.841000e+03,-3.995102e+02,4.210364e+09,1.377680e+10,-1.559272e+08,8.632078e+05,1.450248e+08,7.770000e+02,-1.806369e+02,-5.919352e+07
8.062910e+00,1.635496e+11,1.853314e+11,-3.100094e+04,1.393748e+05,-9.127642e+08,8.368962e+06,4.201604e-03,6.996184e+08,0.000000e+00,0.000000e+00,6.030900e+06,0.000000e+00,6.030900e+06,0.000000e+00,0.000000e+00,1.313674e+11,5.587935e-09,6.676975e-14,0.000000e+00,0.000000e+00,0.000000e+00,0.000000e+00,1.548742e+11,1.674756e+11,-6.877286e+08,1.721430e+06,4.949643e+08,1.841000e+03,-3.995102e+02,4.210062e+09,1.377687e+10,-1.559272e+08,8.632078e+05,1.450504e+08,7.770000e+02,-1.806369e+02,-5.919352e+07
8.084226e+00,1.635506e+11,1.853299e+11,-2.963617e+04,1.356094e+05,-9.127505e+08,8.368962e+06,4.360444e-03,7.001078e+08,0.000000e+00,0.000000e+00,6.051005e+06,0.000000e+00,6.051005e+06,0.000000e+00,0.000000e+00,1.313691e+11,5.587935e-09,6.676975e-14,0.000000e+00,0.000000e+00,0.000000e+00,0.000000e+00,1.548741e+11,1.674749e+11,-6.877286e+08,1.721430e+06,4.950500e+08,1.841000e+03,-3.995102e+02,4.210078e+09,1.377695e+10,-1.559272e+08,8.632078e+05,1.450759e+08,7.770000e+02,-1.806369e+02,-5.919352e+07
8.102022e+00,1.635512e+11,1.853302e+11,-2.830418e+04,1.323888e+05,-9.127383e+08,8.368962e+06,4.543135e-03,6.989751e+08,0.000000e+00,0.000000e+00,6.081266e+06,0.000000e+00,6.081266e+06,0.000000e+00,0.000000e+00,1.313705e+11,5.587935e-09,6.676975e-14,0.000000e+00,0.000000e+00,0.000000e+00,0.000000e+00,1.548738e+11,1.674759e+11,-6.877286e+08,1.721430e+06,4.951252e+08,1.841000e+03,-3.995102e+02,4.210255e+09,1.377685e+10,-1.559272e+08,8.630851e+05,1.450966e+08,7.780000e+02,-1.806626e+02,-5.919352e+07
8.120194e+00,1.635513e+11,1.853304e+11,-2.742208e+04,1.295581e+05,-9.127258e+08,8.368962e+06,4.543281e-03,6.984232e+08,0.000000e+00,0.000000e+00,6.154536e+06,0.000000e+00,6.154536e+06,0.000000e+00,0.000000e+00,1.313719e+11,5.587935e-09,6.676975e-14,0.000000e+00,0.000000e+00,0.000000e+00,0.000000e+00,1.548731e+11,1.674771e+11,-6.877286e+08,1.721430e+06,4.952057e+08,1.841000e+03,-3.995102e+02,4.210258e+09,1.377692e+10,-1.559272e+08,8.630851e+05,1.451175e+08,7.780000e+02,-1.806626e+02,-5.919352e+07
8.143456e+00,1.635528e+11,1.853273e+11,-2.732257e+04,1.257123e+05,-9.127101e+08,8.368962e+06,4.822218e-03,6.997048e+08,0.000000e+00,0.000000e+00,6.245646e+06,0.000000e+00,6.245646e+06,0.000000e+00,0.000000e+00,1.313736e+11,5.587935e-09,6.676975e-14,0.000000e+00,0.000000e+00,0.000000e+00,0.000000e+00,1.548735e+11,1.674753e+11,-6.877286e+08,1.721430e+06,4.953109e+08,1.841000e+03,-3.995102e+02,4.210213e+09,1.377687e+10,-1.559272e+08,8.630851e+05,1.451441e+08,7.780000e+02,-1.806626e+02,-5.919352e+07
8.162357e+00,1.635554e+11,1.853258e+11,-2.761302e+04,1.226423e+05,-9.126979e+08,8.368962e+06,4.361693e-03,6.983712e+08,0.000000e+00,0.000000e+00,6.367746e+06,0.000000e+00,6.367746e+06,0.000000e+00,0.000000e+00,1.313749e+11,5.587935e-09,6.676975e-14,0.000000e+00,0.000000e+00,0.000000e+00,0.000000e+00,1.548751e+11,1.674746e+11,-6.877286e+08,1.721430e+06,4.953904e+08,1.841000e+03,-3.995102e+02,4.210450e+09,1.377667e+10,-1.559272e+08,8.630851e+05,1.451655e+08,7.780000e+02,-1.806626e+02,-5.919352e+07
8.184160e+00,1.635573e+11,1.853244e+11,-2.849112e+04,1.214892e+05,-9.126853e+08,8.368962e+06,4.360105e-03,6.975493e+08,0.000000e+00,0.000000e+00,6.610816e+06,0.000000e+00,6.610816e+06,0.000000e+00,0.000000e+00,1.313765e+11,5.587935e-09,6.676975e-14,0.000000e+00,0.000000e+00,0.000000e+00,0.000000e+00,1.548755e+11,1.674748e+11,-6.877286e+08,1.721430e+06,4.954734e+08,1.841000e+03,-3.995102e+02,4.210838e+09,1.377627e+10,-1.559269e+08,8.630851e+05,1.451900e+08,7.780000e+02,-1.806622e+02,-5.919402e+07
8.201600e+00,1.635583e+11,1.853223e+11,-2.957947e+04,1.218061e+05,-9.126764e+08,8.368962e+06,4.360084e-03,6.983513e+08,0.000000e+00,0.000000e+00,6.840846e+06,0.000000e+00,6.840846e+06,0.000000e+00,0.000000e+00,1.313778e+11,5.587935e-09,6.676975e-14,0.000000e+00,0.000000e+00,0.000000e+00,0.000000e+00,1.548754e+11,1.674740e+11,-6.877286e+08,1.721430e+06,4.955432e+08,1.841000e+03,-3.995102e+02,4.211155e+09,1.377584e+10,-1.559261e+08,8.630851e+05,1.452093e+08,7.780000e+02,-1.806614e+02,-5.919481e+07
8.223837e+00,1.635601e+11,1.853211e+11,-3.123714e+04,1.211481e+05,-9.126667e+08,8.368962e+06,4.822521e-03,6.972853e+08,0.000000e+00,0.000000e+00,7.144394e+06,0.000000e+00,7.144394e+06,0.000000e+00,0.000000e+00,1.313795e+11,5.587935e-09,6.676975e-14,0.000000e+00,0.000000e+00,0.000000e+00,0.000000e+00,1.548754e+11,1.674740e+11,-6.877286e+08,1.721430e+06,4.956369e+08,1.841000e+03,-3.995102e+02,4.211884e+09,1.377517e+10,-1.559250e+08,8.630851e+05,1.452343e+08,7.780000e+02,-1.806601e+02,-5.919590e+07
8.243131e+00,1.635621e+11,1.853205e+11,-3.325003e+04,1.192324e+05,-9.126594e+08,8.368962e+06,4.823634e-03,6.954197e+08,0.000000e+00,0.000000e+00,7.472730e+06,0.000000e+00,7.472730e+06,0.000000e+00,0.000000e+00,1.313810e+11,5.587935e-09,6.676975e-14,0.000000e+00,0.000000e+00,0.000000e+00,0.000000e+00,1.548759e+11,1.674752e+11,-6.877286e+08,1.721430e+06,4.957173e+08,1.841000e+03,-3.995102e+02,4.212291e+09,1.377460e+10,-1.559241e+08,8.630851e+05,1.452548e+08,7.780000e+02,-1.806590e+02,-5.919674e+07
8.262424e+00,1.635643e+11,1.853175e+11,-3.581318e+04,1.168719e+05,-9.126531e+08,8.368962e+06,4.823206e-03,6.956003e+08,0.000000e+00,0.000000e+00,7.960282e+06,0.000000e+00,7.960282e+06,0.000000e+00,0.000000e+00,1.313826e+11,5.587935e-09,6.676975e-14,0.000000e+00,0.000000e+00,0.000000e+00,0.000000e+00,1.548769e+11,1.674737e+11,-6.877286e+08,1.721430e+06,4.957963e+08,1.841000e+03,-3.995102e+02,4.212451e+09,1.377419e+10,-1.559236e+08,8.630851e+05,1.452756e+08,7.780000e+02,-1.806585e+02,-5.919720e+07
8.280817e+00,1.635666e+11,1.853150e+11,-3.863524e+04,1.150512e+05,-9.126488e+08,8.368962e+06,4.360487e-03,6.953589e+08,0.000000e+00,0.000000e+00,8.324276e+06,0.000000e+00,8.324276e+06,0.000000e+00,0.000000e+00,1.313841e+11,5.587935e-09,6.676975e-14,0.000000e+00,0.000000e+00,0.000000e+00,0.000000e+00,1.548780e+11,1.674721e+11,-6.877286e+08,1.721430e+06,4.958703e+08,1.841000e+03,-3.995102e+02,4.212630e+09,1.377401e+10,-1.559234e+08,8.630851e+05,1.452957e+08,7.780000e+02,-1.806582e+02,-5.919724e+07
8.302619e+00,1.635699e+11,1.853133e+11,-4.231778e+04,1.130633e+05,-9.126463e+08,8.368962e+06,4.360340e-03,6.933916e+08,0.000000e+00,0.000000e+00,8.605142e+06,0.000000e+00,8.605142e+06,0.000000e+00,0.000000e+00,1.313860e+11,5.587935e-09,6.676975e-14,0.000000e+00,0.000000e+00,0.000000e+00,0.000000e+00,1.548795e+11,1.674722e+11,-6.877286e+08,1.721430e+06,4.959570e+08,1.841000e+03,-3.995102e+02,4.213197e+09,1.377343e+10,-1.559235e+08,8.630851e+05,1.453195e+08,7.780000e+02,-1.806583e+02,-5.919724e+07
8.320061e+00,1.635715e+11,1.853114e+11,-4.541964e+04,1.112586e+05,-9.126461e+08,8.368962e+06,4.360450e-03,6.936405e+08,0.000000e+00,0.000000e+00,8.711909e+06,0.000000e+00,8.711909e+06,0.000000e+00,0.000000e+00,1.313874e+11,5.587935e-09,6.676975e-14,0.000000e+00,0.000000e+00,0.000000e+00,0.000000e+00,1.548796e+11,1.674718e+11,-6.877286e+08,1.719389e+06,4.960201e+08,1.843000e+03,-3.999844e+02,4.213757e+09,1.377295e+10,-1.559235e+08,8.630851e+05,1.453377e+08,7.780000e+02,-1.806583e+02,-5.919724e+07
8.341863e+00,1.635714e+11,1.853091e+11,-4.900666e+04,1.091566e+05,-9.126472e+08,8.368962e+06,4.360430e-03,6.961286e+08,0.000000e+00,0.000000e+00,8.641992e+06,0.000000e+00,8.641992e+06,0.000000e+00,0.000000e+00,1.313892e+11,5.587935e-09,6.676975e-14,0.000000e+00,0.000000e+00,0.000000e+00,0.000000e+00,1.548774e+11,1.674714e+11,-6.877286e+08,1.719389e+06,4.961048e+08,1.843000e+03,-3.999844e+02,4.214600e+09,1.377203e+10,-1.559235e+08,8.630851e+05,1.453605e+08,7.780000e+02,-1.806583e+02,-5.919724e+07
8.363665e+00,1.635714e+11,1.853092e+11,-5.198066e+04,1.075379e+05,-9.126493e+08,8.368962e+06,4.360394e-03,6.960249e+08,0.000000e+00,0.000000e+00,8.467278e+06,0.000000e+00,8.467278e+06,0.000000e+00,0.000000e+00,1.313909e+11,5.587935e-09,6.676975e-14,0.000000e+00,0.000000e+00,0.000000e+00,0.000000e+00,1.548752e+11,1.674737e+11,-6.877286e+08,1.719389e+06,4.962012e+08,1.843000e+03,-3.999844e+02,4.215462e+09,1.377102e+10,-1.559235e+08,8.630851e+05,1.453841e+08,7.780000e+02,-1.806583e+02,-5.919724e+07
8.381106e+00,1.635721e+11,1.853075e+11,-5.366415e+04,1.056366e+05,-9.126515e+08,8.368962e+06,4.360413e-03,6.970681e+08,0.000000e+00,0.000000e+00,8.354506e+06,0.000000e+00,8.354506e+06,0.000000e+00,0.000000e+00,1.313924e+11,5.587935e-09,6.676975e-14,0.000000e+00,0.000000e+00,0.000000e+00,0.000000e+00,1.548739e+11,1.674742e+11,-6.877286e+08,1.719389e+06,4.962788e+08,1.843000e+03,-3.999844e+02,4.216415e+09,1.377012e+10,-1.559235e+08,8.630851e+05,1.454026e+08,7.780000e+02,-1.806583e+02,-5.919724e+07
8.402908e+00,1.635735e+11,1.853031e+11,-5.466432e+04,1.028369e+05,-9.126543e+08,8.368962e+06,4.360578e-03,6.998525e+08,0.000000e+00,0.000000e+00,8.346463e+06,0.000000e+00,8.346463e+06,0.000000e+00,0.000000e+00,1.313942e+11,5.587935e-09,6.676975e-14,0.000000e+00,0.000000e+00,0.000000e+00,0.000000e+00,1.548729e+11,1.674723e+11,-6.877286e+08,1.719389e+06,4.963734e+08,1.843000e+03,-3.999844e+02,4.217636e+09,1.376889e+10,-1.559231e+08,8.630851e+05,1.454255e+08,7.780000e+02,-1.806579e+02,-5.919866e+07
8.420351e+00,1.635751e+11,1.853013e+11,-5.457441e+04,1.007310e+05,-9.126566e+08,8.368962e+06,4.360719e-03,6.996430e+08,0.000000e+00,0.000000e+00,8.614107e+06,0.000000e+00,8.614107e+06,0.000000e+00,0.000000e+00,1.313956e+11,5.587935e-09,6.676975e-14,0.000000e+00,0.000000e+00,0.000000e+00,0.000000e+00,1.548726e+11,1.674722e+11,-6.877286e+08,1.719389e+06,4.964487e+08,1.843000e+03,-3.999844e+02,4.218537e+09,1.376716e+10,-1.559162e+08,8.630851e+05,1.454447e+08,7.780000e+02,-1.806499e+02,-5.920667e+07
8.442155e+00,1.635767e+11,1.852996e+11,-5.361794e+04,9.961038e+04,-9.126588e+08,8.368962e+06,4.360690e-03,6.992958e+08,0.000000e+00,0.000000e+00,8.771667e+06,0.000000e+00,8.771667e+06,0.000000e+00,0.000000e+00,1.313976e+11,5.587935e-09,6.676975e-14,0.000000e+00,0.000000e+00,0.000000e+00,0.000000e+00,1.548720e+11,1.674732e+11,-6.877286e+08,1.719389e+06,4.965448e+08,1.843000e+03,-3.999844e+02,4.219379e+09,1.376476e+10,-1.559057e+08,8.630851e+05,1.454676e+08,7.780000e+02,-1.806377e+02,-5.921681e+07
8.460134e+00,1.635787e+11,1.852963e+11,-5.243127e+04,9.953498e+04,-9.126589e+08,8.368962e+06,4.543371e-03,7.003458e+08,0.000000e+00,0.000000e+00,8.870495e+06,0.000000e+00,8.870495e+06,0.000000e+00,0.000000e+00,1.313992e+11,5.587935e-09,6.676975e-14,0.000000e+00,0.000000e+00,0.000000e+00,0.000000e+00,1.548725e+11,1.674715e+11,-6.877286e+08,1.719389e+06,4.966228e+08,1.843000e+03,-3.999844e+02,4.219830e+09,1.376335e+10,-1.558997e+08,8.630851e+05,1.454872e+08,7.780000e+02,-1.806307e+02,-5.922211e+07
8.483675e+00,1.635823e+11,1.852936e+11,-5.077536e+04,9.838427e+04,-9.126559e+08,8.368962e+06,4.822873e-03,6.988022e+08,0.000000e+00,0.000000e+00,9.209931e+06,0.000000e+00,9.209931e+06,0.000000e+00,0.000000e+00,1.314012e+11,5.587935e-09,6.676975e-14,0.000000e+00,0.000000e+00,0.000000e+00,0.000000e+00,1.548741e+11,1.674705e+11,-6.877286e+08,1.719389e+06,4.967231e+08,1.843000e+03,-3.999844e+02,4.220333e+09,1.376180e+10,-1.558932e+08,8.630851e+05,1.455124e+08,7.780000e+02,-1.806232e+02,-5.922878e+07
8.502966e+00,1.635850e+11,1.852927e+11,-4.963354e+04,9.648611e+04,-9.126508e+08,8.368962e+06,4.822750e-03,6.965669e+08,0.000000e+00,0.000000e+00,9.495933e+06,0.000000e+00,9.495933e+06,0.000000e+00,0.000000e+00,1.314028e+11,5.587935e-09,6.676975e-14,0.000000e+00,0.000000e+00,0.000000e+00,0.000000e+00,1.548755e+11,1.674714e+11,-6.877286e+08,1.719389e+06,4.968016e+08,1.843000e+03,-3.999844e+02,4.220609e+09,1.376062e+10,-1.558877e+08,8.630851e+05,1.455328e+08,7.780000e+02,-1.806169e+02,-5.923404e+07
8.522258e+00,1.635883e+11,1.852899e+11,-4.846702e+04,9.415318e+04,-9.126445e+08,8.368962e+06,4.822935e-03,6.958475e+08,0.000000e+00,0.000000e+00,9.738322e+06,0.000000e+00,9.738322e+06,0.000000e+00,0.000000e+00,1.314044e+11,5.587935e-09,6.676975e-14,0.000000e+00,0.000000e+00,0.000000e+00,0.000000e+00,1.548775e+11,1.674698e+11,-6.877286e+08,1.719389e+06,4.968771e+08,1.843000e+03,-3.999844e+02,4.220669e+09,1.376016e+10,-1.558843e+08,8.630851e+05,1.455536e+08,7.780000e+02,-1.806129e+02,-5.923652e+07
8.541549e+00,1.635910e+11,1.852875e+11,-4.698951e+04,9.041720e+04,-9.126379e+08,8.368962e+06,4.823068e-03,6.952141e+08,0.000000e+00,0.000000e+00,1.006712e+07,0.000000e+00,1.006712e+07,0.000000e+00,0.000000e+00,1.314060e+11,5.587935e-09,6.676975e-14,0.000000e+00,0.000000e+00,0.000000e+00,0.000000e+00,1.548790e+11,1.674685e+11,-6.877286e+08,1.719389e+06,4.969489e+08,1.843000e+03,-3.999844e+02,4.220730e+09,1.375990e+10,-1.558838e+08,8.630851e+05,1.455739e+08,7.780000e+02,-1.806124e+02,-5.923686e+07
8.560842e+00,1.635936e+11,1.852870e+11,-4.519712e+04,8.602416e+04,-9.126315e+08,8.368962e+06,4.823397e-03,6.926988e+08,0.000000e+00,0.000000e+00,1.036754e+07,0.000000e+00,1.036754e+07,0.000000e+00,0.000000e+00,1.314075e+11,5.587935e-09,6.676975e-14,0.000000e+00,0.000000e+00,0.000000e+00,0.000000e+00,1.548803e+11,1.674694e+11,-6.877286e+08,1.719389e+06,4.970195e+08,1.843000e+03,-3.999844e+02,4.220818e+09,1.375973e+10,-1.558833e+08,8.630851e+05,1.455937e+08,7.780000e+02,-1.806117e+02,-5.923742e+07
8.584134e+00,1.635960e+11,1.852837e+11,-4.301569e+04,8.190670e+04,-9.126248e+08,8.368962e+06,4.543294e-03,6.932622e+08,0.000000e+00,0.000000e+00,1.070309e+07,0.000000e+00,1.070309e+07,0.000000e+00,0.000000e+00,1.314093e+11,5.587935e-09,6.676975e-14,0.000000e+00,0.000000e+00,0.000000e+00,0.000000e+00,1.548812e+11,1.674678e+11,-6.877286e+08,1.719389e+06,4.971060e+08,1.843000e+03,-3.999844e+02,4.220812e+09,1.375962e+10,-1.558827e+08,8.629622e+05,1.456175e+08,7.790000e+02,-1.806367e+02,-5.923801e+07
8.602135e+00,1.635966e+11,1.852807e+11,-4.172717e+04,7.970325e+04,-9.126201e+08,8.368962e+06,4.360721e-03,6.952666e+08,0.000000e+00,0.000000e+00,1.096638e+07,0.000000e+00,1.096638e+07,0.000000e+00,0.000000e+00,1.314106e+11,5.587935e-09,6.676975e-14,0.000000e+00,0.000000e+00,0.000000e+00,0.000000e+00,1.548808e+11,1.674658e+11,-6.877286e+08,1.719389e+06,4.971756e+08,1.843000e+03,-3.999844e+02,4.220784e+09,1.375950e+10,-1.558824e+08,8.628395e+05,1.456356e+08,7.800000e+02,-1.806621e+02,-5.923821e+07
8.623936e+00,1.635977e+11,1.852800e+11,-4.081092e+04,7.678984e+04,-9.126148e+08,8.368962e+06,4.360016e-03,6.943205e+08,0.000000e+00,0.000000e+00,1.126049e+07,0.000000e+00,1.126049e+07,0.000000e+00,0.000000e+00,1.314123e+11,5.587935e-09,6.676975e-14,0.000000e+00,0.000000e+00,0.000000e+00,0.000000e+00,1.548804e+11,1.674662e+11,-6.877286e+08,1.719389e+06,4.972635e+08,1.843000e+03,-3.999844e+02,4.220875e+09,1.375961e+10,-1.558824e+08,8.628395e+05,1.456576e+08,7.800000e+02,-1.806620e+02,-5.923821e+07
8.641376e+00,1.635987e+11,1.852780e+11,-4.039879e+04,7.359725e+04,-9.126106e+08,8.368962e+06,4.360046e-03,6.951636e+08,0.000000e+00,0.000000e+00,1.141249e+07,0.000000e+00,1.141249e+07,0.000000e+00,0.000000e+00,1.314136e+11,5.587935e-09,6.676975e-14,0.000000e+00,0.000000e+00,0.000000e+00,0.000000e+00,1.548803e+11,1.674656e+11,-6.877286e+08,1.719389e+06,4.973286e+08,1.843000e+03,-3.999844e+02,4.220862e+09,1.375961e+10,-1.558824e+08,8.628395e+05,1.456748e+08,7.800000e+02,-1.806620e+02,-5.923821e+07
8.663176e+00,1.635995e+11,1.852738e+11,-3.982995e+04,6.867323e+04,-9.126059e+08,8.368962e+06,4.360198e-03,6.983129e+08,0.000000e+00,0.000000e+00,1.152878e+07,0.000000e+00,1.152878e+07,0.000000e+00,0.000000e+00,1.314153e+11,5.587935e-09,6.676975e-14,0.000000e+00,0.000000e+00,0.000000e+00,0.000000e+00,1.548800e+11,1.674628e+11,-6.877286e+08,1.719389e+06,4.974030e+08,1.843000e+03,-3.999844e+02,4.220669e+09,1.375954e+10,-1.558824e+08,8.628395e+05,1.456967e+08,7.800000e+02,-1.806620e+02,-5.923821e+07
8.680617e+00,1.636008e+11,1.852733e+11,-3.943809e+04,6.453214e+04,-9.126020e+08,8.368962e+06,4.360366e-03,6.975606e+08,0.000000e+00,0.000000e+00,1.154954e+07,0.000000e+00,1.154954e+07,0.000000e+00,0.000000e+00,1.314166e+11,5.587935e-09,6.676975e-14,0.000000e+00,0.000000e+00,0.000000e+00,0.000000e+00,1.548800e+11,1.674629e+11,-6.877286e+08,1.719389e+06,4.974628e+08,1.843000e+03,-3.999844e+02,4.220788e+09,1.375958e+10,-1.558824e+08,8.628395e+05,1.457138e+08,7.800000e+02,-1.806620e+02,-5.923821e+07
8.702898e+00,1.636016e+11,1.852728e+11,-3.953499e+04,6.038698e+04,-9.125958e+08,8.368962e+06,4.807978e-03,6.972050e+08,0.000000e+00,0.000000e+00,1.149452e+07,0.000000e+00,1.149452e+07,0.000000e+00,0.000000e+00,1.314184e+11,5.587935e-09,6.676975e-14,0.000000e+00,0.000000e+00,0.000000e+00,0.000000e+00,1.548791e+11,1.674645e+11,-6.877286e+08,1.719389e+06,4.975455e+08,1.843000e+03,-3.999844e+02,4.221098e+09,1.375930e+10,-1.558824e+08,8.628395e+05,1.457355e+08,7.800000e+02,-1.806620e+02,-5.923821e+07
8.721274e+00,1.636033e+11,1.852696e+11,-4.052134e+04,5.760259e+04,-9.125892e+08,8.368962e+06,4.360226e-03,6.986323e+08,0.000000e+00,0.000000e+00,1.139944e+07,0.000000e+00,1.139944e+07,0.000000e+00,0.000000e+00,1.314198e+11,5.587935e-09,6.676975e-14,0.000000e+00,0.000000e+00,0.000000e+00,0.000000e+00,1.548793e+11,1.674628e+11,-6.877286e+08,1.719389e+06,4.976192e+08,1.843000e+03,-3.999844e+02,4.221416e+09,1.375902e+10,-1.558824e+08,8.628395e+05,1.457534e+08,7.800000e+02,-1.806620e+02,-5.923821e+07
8.743074e+00,1.636066e+11,1.852670e+11,-4.226182e+04,5.485075e+04,-9.125800e+08,8.368962e+06,4.359659e-03,6.977954e+08,0.000000e+00,0.000000e+00,1.123502e+07,0.000000e+00,1.123502e+07,0.000000e+00,0.000000e+00,1.314215e+11,5.587935e-09,6.676975e-14,0.000000e+00,0.000000e+00,0.000000e+00,0.000000e+00,1.548807e+11,1.674618e+11,-6.877286e+08,1.719389e+06,4.977053e+08,1.843000e+03,-3.999844e+02,4.221952e+09,1.375850e+10,-1.558824e+08,8.628395e+05,1.457743e+08,7.800000e+02,-1.806620e+02,-5.923821e+07
8.760512e+00,1.636092e+11,1.852656e+11,-4.362027e+04,5.298030e+04,-9.125717e+08,8.368962e+06,4.359457e-03,6.966561e+08,0.000000e+00,0.000000e+00,1.112195e+07,0.000000e+00,1.112195e+07,0.000000e+00,0.000000e+00,1.314228e+11,5.587935e-09,6.676975e-14,0.000000e+00,0.000000e+00,0.000000e+00,0.000000e+00,1.548818e+11,1.674622e+11,-6.877286e+08,1.719389e+06,4.977684e+08,1.843000e+03,-3.999844e+02,4.222373e+09,1.375804e+10,-1.558824e+08,8.627168e+05,1.457906e+08,7.810000e+02,-1.806878e+02,-5.923821e+07
8.782310e+00,1.636122e+11,1.852612e+11,-4.443924e+04,5.036905e+04,-9.125613e+08,8.368962e+06,4.359364e-03,6.981131e+08,0.000000e+00,0.000000e+00,1.099006e+07,0.000000e+00,1.099006e+07,0.000000e+00,0.000000e+00,1.314245e+11,5.587935e-09,6.676975e-14,0.000000e+00,0.000000e+00,0.000000e+00,0.000000e+00,1.548833e+11,1.674596e+11,-6.877286e+08,1.719389e+06,4.978429e+08,1.843000e+03,-3.999844e+02,4.222683e+09,1.375757e+10,-1.558824e+08,8.627168e+05,1.458110e+08,7.810000e+02,-1.806878e+02,-5.923821e+07
8.804107e+00,1.636140e+11,1.852581e+11,-4.409216e+04,4.713549e+04,-9.125516e+08,8.368962e+06,4.359797e-03,6.995384e+08,0.000000e+00,0.000000e+00,1.081799e+07,0.000000e+00,1.081799e+07,0.000000e+00,0.000000e+00,1.314261e+11,5.587935e-09,6.676975e-14,0.000000e+00,0.000000e+00,0.000000e+00,0.000000e+00,1.548829e+11,1.674582e+11,-6.877286e+08,1.719389e+06,4.979166e+08,1.843000e+03,-3.999844e+02,4.223557e+09,1.375672e+10,-1.558824e+08,8.627168e+05,1.458314e+08,7.810000e+02,-1.806878e+02,-5.923821e+07
8.821547e+00,1.636149e+11,1.852580e+11,-4.337253e+04,4.438832e+04,-9.125446e+08,8.368962e+06,4.360181e-03,6.987004e+08,0.000000e+00,0.000000e+00,1.064232e+07,0.000000e+00,1.064232e+07,0.000000e+00,0.000000e+00,1.314275e+11,5.587935e-09,6.676975e-14,0.000000e+00,0.000000e+00,0.000000e+00,0.000000e+00,1.548820e+11,1.674600e+11,-6.877286e+08,1.719389e+06,4.979794e+08,1.843000e+03,-3.999844e+02,4.224442e+09,1.375584e+10,-1.558808e+08,8.625939e+05,1.458479e+08,7.820000e+02,-1.807117e+02,-5.924010e+07
8.844246e+00,1.636166e+11,1.852546e+11,-4.244123e+04,4.111556e+04,-9.125363e+08,8.368962e+06,4.823164e-03,7.005652e+08,0.000000e+00,0.000000e+00,1.036700e+07,0.000000e+00,1.036700e+07,0.000000e+00,0.000000e+00,1.314292e+11,5.587935e-09,6.676975e-14,0.000000e+00,0.000000e+00,0.000000e+00,0.000000e+00,1.548814e+11,1.674597e+11,-6.877286e+08,1.719389e+06,4.980642e+08,1.843000e+03,-3.999844e+02,4.225374e+09,1.375446e+10,-1.558775e+08,8.625939e+05,1.458714e+08,7.820000e+02,-1.807079e+02,-5.924396e+07
8.863557e+00,1.636184e+11,1.852512e+11,-4.202510e+04,3.914048e+04,-9.125294e+08,8.368962e+06,4.829571e-03,7.025937e+08,0.000000e+00,0.000000e+00,9.731657e+06,0.000000e+00,9.731657e+06,0.000000e+00,0.000000e+00,1.314306e+11,5.587935e-09,6.676975e-14,0.000000e+00,0.000000e+00,0.000000e+00,0.000000e+00,1.548812e+11,1.674582e+11,-6.877286e+08,1.719389e+06,4.981387e+08,1.843000e+03,-3.999844e+02,4.226367e+09,1.375315e+10,-1.558748e+08,8.625939e+05,1.458939e+08,7.820000e+02,-1.807047e+02,-5.924581e+07
8.882875e+00,1.636214e+11,1.852501e+11,-4.178928e+04,3.809729e+04,-9.125218e+08,8.368962e+06,4.829770e-03,7.008732e+08,0.000000e+00,0.000000e+00,9.357078e+06,0.000000e+00,9.357078e+06,0.000000e+00,0.000000e+00,1.314320e+11,5.587935e-09,6.676975e-14,0.000000e+00,0.000000e+00,0.000000e+00,0.000000e+00,1.548822e+11,1.674588e+11,-6.877286e+08,1.719389e+06,4.982149e+08,1.843000e+03,-3.999844e+02,4.227220e+09,1.375239e+10,-1.558745e+08,8.625939e+05,1.459228e+08,7.820000e+02,-1.807044e+02,-5.924597e+07
8.902195e+00,1.636238e+11,1.852479e+11,-4.154495e+04,3.750686e+04,-9.125133e+08,8.368962e+06,4.384727e-03,7.007679e+08,0.000000e+00,0.000000e+00,9.201623e+06,0.000000e+00,9.201623e+06,0.000000e+00,0.000000e+00,1.314334e+11,5.587935e-09,6.676975e-14,0.000000e+00,0.000000e+00,0.000000e+00,0.000000e+00,1.548828e+11,1.674589e+11,-6.877286e+08,1.719389e+06,4.982909e+08,1.843000e+03,-3.999844e+02,4.227820e+09,1.375158e+10,-1.558743e+08,8.625939e+05,1.459487e+08,7.820000e+02,-1.807041e+02,-5.924629e+07
8.920296e+00,1.636253e+11,1.852449e+11,-4.109773e+04,3.693950e+04,-9.125044e+08,8.368962e+06,4.543769e-03,7.021015e+08,0.000000e+00,0.000000e+00,9.211883e+06,0.000000e+00,9.211883e+06,0.000000e+00,0.000000e+00,1.314347e+11,5.587935e-09,6.676975e-14,0.000000e+00,0.000000e+00,0.000000e+00,0.000000e+00,1.548829e+11,1.674571e+11,-6.877286e+08,1.719389e+06,4.983603e+08,1.843000e+03,-3.999844e+02,4.228175e+09,1.375123e+10,-1.558739e+08,8.625939e+05,1.459750e+08,7.820000e+02,-1.807037e+02,-5.924660e+07
8.943012e+00,1.636277e+11,1.852438e+11,-4.055729e+04,3.617108e+04,-9.124915e+08,8.368962e+06,4.543026e-03,7.004440e+08,0.000000e+00,0.000000e+00,9.342409e+06,0.000000e+00,9.342409e+06,0.000000e+00,0.000000e+00,1.314363e+11,5.587935e-09,6.676975e-14,0.000000e+00,0.000000e+00,0.000000e+00,0.000000e+00,1.548833e+11,1.674578e+11,-6.877286e+08,1.719389e+06,4.984469e+08,1.843000e+03,-3.999844e+02,4.228766e+09,1.375056e+10,-1.558738e+08,8.625939e+05,1.460065e+08,7.820000e+02,-1.807035e+02,-5.924668e+07
8.961185e+00,1.636292e+11,1.852433e+11,-4.051498e+04,3.561355e+04,-9.124801e+08,8.368962e+06,4.808922e-03,6.992241e+08,0.000000e+00,0.000000e+00,9.457591e+06,0.000000e+00,9.457591e+06,0.000000e+00,0.000000e+00,1.314376e+11,5.587935e-09,6.676975e-14,0.000000e+00,0.000000e+00,0.000000e+00,0.000000e+00,1.548833e+11,1.674593e+11,-6.877286e+08,1.719389e+06,4.985156e+08,1.843000e+03,-3.999844e+02,4.229199e+09,1.375001e+10,-1.558738e+08,8.625939e+05,1.460300e+08,7.820000e+02,-1.807035e+02,-5.924668e+07
8.980462e+00,1.636309e+11,1.852412e+11,-4.116333e+04,3.540650e+04,-9.124675e+08,8.368962e+06,4.822819e-03,6.995846e+08,0.000000e+00,0.000000e+00,9.431333e+06,0.000000e+00,9.431333e+06,0.000000e+00,0.000000e+00,1.314389e+11,5.587935e-09,6.676975e-14,0.000000e+00,0.000000e+00,0.000000e+00,0.000000e+00,1.548838e+11,1.674582e+11,-6.877286e+08,1.719389e+06,4.985854e+08,1.843000e+03,-3.999844e+02,4.229281e+09,1.374990e+10,-1.558738e+08,8.625939e+05,1.460546e+08,7.820000e+02,-1.807035e+02,-5.924668e+07
9.004576e+00,1.636330e+11,1.852407e+11,-4.284375e+04,3.533825e+04,-9.124513e+08,8.368962e+06,4.823466e-03,6.982677e+08,0.000000e+00,0.000000e+00,9.151226e+06,0.000000e+00,9.151226e+06,0.000000e+00,0.000000e+00,1.314405e+11,5.587935e-09,6.676975e-14,0.000000e+00,0.000000e+00,0.000000e+00,0.000000e+00,1.548841e+11,1.674594e+11,-6.877286e+08,1.719389e+06,4.986642e+08,1.843000e+03,-3.999844e+02,4.229592e+09,1.374943e+10,-1.558738e+08,8.625939e+05,1.460837e+08,7.820000e+02,-1.807035e+02,-5.924668e+07
9.023870e+00,1.636340e+11,1.852418e+11,-4.454402e+04,3.468906e+04,-9.124385e+08,8.368962e+06,4.823129e-03,6.963421e+08,0.000000e+00,0.000000e+00,8.932712e+06,0.000000e+00,8.932712e+06,0.000000e+00,0.000000e+00,1.314419e+11,5.587935e-09,6.676975e-14,0.000000e+00,0.000000e+00,0.000000e+00,0.000000e+00,1.548837e+11,1.674619e+11,-6.877286e+08,1.719389e+06,4.987294e+08,1.843000e+03,-3.999844e+02,4.229905e+09,1.374925e+10,-1.558738e+08,8.625939e+05,1.461062e+08,7.820000e+02,-1.807035e+02,-5.924668e+07
9.043161e+00,1.636359e+11,1.852394e+11,-4.638644e+04,3.387199e+04,-9.124265e+08,8.368962e+06,4.822819e-03,6.967977e+08,0.000000e+00,0.000000e+00,8.895316e+06,0.000000e+00,8.895316e+06,0.000000e+00,0.000000e+00,1.314433e+11,5.587935e-09,6.676975e-14,0.000000e+00,0.000000e+00,0.000000e+00,0.000000e+00,1.548842e+11,1.674611e+11,-6.877286e+08,1.719389e+06,4.987971e+08,1.843000e+03,-3.999844e+02,4.230215e+09,1.374897e+10,-1.558733e+08,8.625939e+05,1.461278e+08,7.820000e+02,-1.807030e+02,-5.924757e+07
9.062452e+00,1.636375e+11,1.852369e+11,-4.817150e+04,3.391850e+04,-9.124156e+08,8.368962e+06,4.384132e-03,6.974110e+08,0.000000e+00,0.000000e+00,8.975348e+06,0.000000e+00,8.975348e+06,0.000000e+00,0.000000e+00,1.314447e+11,5.587935e-09,6.676975e-14,0.000000e+00,0.000000e+00,0.000000e+00,0.000000e+00,1.548844e+11,1.674600e+11,-6.877286e+08,1.719389e+06,4.988646e+08,1.843000e+03,-3.999844e+02,4.230534e+09,1.374833e+10,-1.558713e+08,8.625939e+05,1.461497e+08,7.820000e+02,-1.807007e+02,-5.924962e+07
9.084278e+00,1.636388e+11,1.852371e+11,-4.936269e+04,3.518222e+04,-9.124042e+08,8.368962e+06,4.359887e-03,6.956500e+08,0.000000e+00,0.000000e+00,9.165293e+06,0.000000e+00,9.165293e+06,0.000000e+00,0.000000e+00,1.314464e+11,5.587935e-09,6.676975e-14,0.000000e+00,0.000000e+00,0.000000e+00,0.000000e+00,1.548840e+11,1.674616e+11,-6.877286e+08,1.719389e+06,4.989386e+08,1.843000e+03,-3.999844e+02,4.231008e+09,1.374781e+10,-1.558693e+08,8.625939e+05,1.461740e+08,7.820000e+02,-1.806984e+02,-5.925146e+07
9.101718e+00,1.636395e+11,1.852351e+11,-4.966365e+04,3.633529e+04,-9.123958e+08,8.368962e+06,4.359968e-03,6.966298e+08,0.000000e+00,0.000000e+00,9.389187e+06,0.000000e+00,9.389187e+06,0.000000e+00,0.000000e+00,1.314478e+11,5.587935e-09,6.676975e-14,0.000000e+00,0.000000e+00,0.000000e+00,0.000000e+00,1.548833e+11,1.674615e+11,-6.877286e+08,1.719389e+06,4.989981e+08,1.843000e+03,-3.999844e+02,4.231481e+09,1.374722e+10,-1.558687e+08,8.625939e+05,1.461926e+08,7.820000e+02,-1.806976e+02,-5.925183e+07
9.123518e+00,1.636399e+11,1.852324e+11,-4.962756e+04,3.761151e+04,-9.123854e+08,8.368962e+06,4.360135e-03,6.982061e+08,0.000000e+00,0.000000e+00,9.917500e+06,0.000000e+00,9.917500e+06,0.000000e+00,0.000000e+00,1.314495e+11,5.587935e-09,6.676975e-14,0.000000e+00,0.000000e+00,0.000000e+00,0.000000e+00,1.548818e+11,1.674607e+11,-6.877286e+08,1.719389e+06,4.990760e+08,1.843000e+03,-3.999844e+02,4.232187e+09,1.374626e+10,-1.558653e+08,8.625939e+05,1.462159e+08,7.820000e+02,-1.806937e+02,-5.925673e+07
9.140959e+00,1.636417e+11,1.852321e+11,-4.924367e+04,3.872213e+04,-9.123768e+08,8.368962e+06,4.360263e-03,6.966542e+08,0.000000e+00,0.000000e+00,9.913727e+06,0.000000e+00,9.913727e+06,0.000000e+00,0.000000e+00,1.314511e+11,5.587935e-09,6.676975e-14,0.000000e+00,0.000000e+00,0.000000e+00,0.000000e+00,1.548815e+11,1.674621e+11,-6.877286e+08,1.719389e+06,4.991373e+08,1.843000e+03,-3.999844e+02,4.233022e+09,1.374511e+10,-1.558611e+08,8.625939e+05,1.462354e+08,7.820000e+02,-1.806888e+02,-5.926033e+07
9.162760e+00,1.636432e+11,1.852298e+11,-4.864163e+04,3.991472e+04,-9.123666e+08,8.368962e+06,4.360197e-03,6.964337e+08,0.000000e+00,0.000000e+00,1.052696e+07,0.000000e+00,1.052696e+07,0.000000e+00,0.000000e+00,1.314528e+11,5.587935e-09,6.676975e-14,0.000000e+00,0.000000e+00,0.000000e+00,0.000000e+00,1.548812e+11,1.674626e+11,-6.877286e+08,1.719389e+06,4.992191e+08,1.843000e+03,-3.999844e+02,4.233612e+09,1.374399e+10,-1.558588e+08,8.625939e+05,1.462605e+08,7.820000e+02,-1.806861e+02,-5.926178e+07
9.181098e+00,1.636458e+11,1.852271e+11,-4.839032e+04,4.049819e+04,-9.123583e+08,8.368962e+06,4.822404e-03,6.971942e+08,0.000000e+00,0.000000e+00,9.726029e+06,0.000000e+00,9.726029e+06,0.000000e+00,0.000000e+00,1.314543e+11,5.587935e-09,6.676975e-14,0.000000e+00,0.000000e+00,0.000000e+00,0.000000e+00,1.548820e+11,1.674612e+11,-6.877286e+08,1.719389e+06,4.993097e+08,1.843000e+03,-3.999844e+02,4.234264e+09,1.374345e+10,-1.558586e+08,8.625939e+05,1.462812e+08,7.820000e+02,-1.806860e+02,-5.926194e+07
9.200538e+00,1.636480e+11,1.852267e+11,-4.822103e+04,4.069802e+04,-9.123498e+08,8.368962e+06,4.540341e-03,6.954006e+08,0.000000e+00,0.000000e+00,9.540738e+06,0.000000e+00,9.540738e+06,0.000000e+00,0.000000e+00,1.314559e+11,5.587935e-09,6.676975e-14,0.000000e+00,0.000000e+00,0.000000e+00,0.000000e+00,1.548822e+11,1.674626e+11,-6.877286e+08,1.719389e+06,4.993959e+08,1.843000e+03,-3.999844e+02,4.235062e+09,1.374242e+10,-1.558584e+08,8.625939e+05,1.463025e+08,7.820000e+02,-1.806857e+02,-5.926224e+07
9.223501e+00,1.636511e+11,1.852261e+11,-4.790702e+04,4.054489e+04,-9.123401e+08,8.368962e+06,4.872336e-03,6.932896e+08,0.000000e+00,0.000000e+00,8.910813e+06,0.000000e+00,8.910813e+06,0.000000e+00,0.000000e+00,1.314579e+11,5.587935e-09,6.676975e-14,0.000000e+00,0.000000e+00,0.000000e+00,0.000000e+00,1.548829e+11,1.674648e+11,-6.877286e+08,1.719389e+06,4.995046e+08,1.843000e+03,-3.999844e+02,4.236141e+09,1.374146e+10,-1.558580e+08,8.625939e+05,1.463278e+08,7.820000e+02,-1.806852e+02,-5.926262e+07
9.242992e+00,1.636539e+11,1.852233e+11,-4.756321e+04,4.009603e+04,-9.123313e+08,8.368962e+06,4.386713e-03,6.934164e+08,0.000000e+00,0.000000e+00,8.545490e+06,0.000000e+00,8.545490e+06,0.000000e+00,0.000000e+00,1.314595e+11,5.587935e-09,6.676975e-14,0.000000e+00,0.000000e+00,0.000000e+00,0.000000e+00,1.548837e+11,1.674639e+11,-6.877286e+08,1.719389e+06,4.995896e+08,1.843000e+03,-3.999844e+02,4.237009e+09,1.374054e+10,-1.558577e+08,8.625939e+05,1.463490e+08,7.820000e+02,-1.806849e+02,-5.926282e+07
9.260462e+00,1.636560e+11,1.852220e+11,-4.693712e+04,3.983311e+04,-9.123225e+08,8.368962e+06,4.360189e-03,6.927073e+08,0.000000e+00,0.000000e+00,8.328707e+06,0.000000e+00,8.328707e+06,0.000000e+00,0.000000e+00,1.314609e+11,5.587935e-09,6.676975e-14,0.000000e+00,0.000000e+00,0.000000e+00,0.000000e+00,1.548840e+11,1.674642e+11,-6.877286e+08,1.719389e+06,4.996622e+08,1.843000e+03,-3.999844e+02,4.237776e+09,1.373967e+10,-1.558576e+08,8.625939e+05,1.463678e+08,7.820000e+02,-1.806848e+02,-5.926289e+07
9.282262e+00,1.636577e+11,1.852226e+11,-4.590196e+04,3.988476e+04,-9.123103e+08,8.368962e+06,4.360138e-03,6.905479e+08,0.000000e+00,0.000000e+00,8.044026e+06,0.000000e+00,8.044026e+06,0.000000e+00,0.000000e+00,1.314626e+11,5.587935e-09,6.676975e-14,0.000000e+00,0.000000e+00,0.000000e+00,0.000000e+00,1.548836e+11,1.674668e+11,-6.877286e+08,1.719389e+06,4.997482e+08,1.843000e+03,-3.999844e+02,4.238708e+09,1.373882e+10,-1.558576e+08,8.625939e+05,1.463907e+08,7.820000e+02,-1.806848e+02,-5.926289e+07
9.304063e+00,1.636592e+11,1.852205e+11,-4.518268e+04,3.998160e+04,-9.122970e+08,8.368962e+06,4.360177e-03,6.912565e+08,0.000000e+00,0.000000e+00,7.851996e+06,0.000000e+00,7.851996e+06,0.000000e+00,0.000000e+00,1.314642e+11,5.587935e-09,6.676975e-14,0.000000e+00,0.000000e+00,0.000000e+00,0.000000e+00,1.548830e+11,1.674669e+11,-6.877286e+08,1.719389e+06,4.998311e+08,1.843000e+03,-3.999844e+02,4.239622e+09,1.373792e+10,-1.558576e+08,8.625939e+05,1.464132e+08,7.820000e+02,-1.806848e+02,-5.926289e+07
9.321504e+00,1.636598e+11,1.852201e+11,-4.490478e+04,3.984893e+04,-9.122861e+08,8.368962e+06,4.360280e-03,6.910492e+08,0.000000e+00,0.000000e+00,7.675776e+06,0.000000e+00,7.675776e+06,0.000000e+00,0.000000e+00,1.314655e+11,5.587935e-09,6.676975e-14,0.000000e+00,0.000000e+00,0.000000e+00,0.000000e+00,1.548823e+11,1.674676e+11,-6.877286e+08,1.719389e+06,4.999012e+08,1.843000e+03,-3.999844e+02,4.240059e+09,1.373749e+10,-1.558576e+08,8.625939e+05,1.464311e+08,7.820000e+02,-1.806848e+02,-5.926289e+07
9.340306e+00,1.636616e+11,1.852204e+11,-4.471540e+04,3.972766e+04,-9.122745e+08,8.368962e+06,4.823515e-03,6.889169e+08,0.000000e+00,0.000000e+00,7.500786e+06,0.000000e+00,7.500786e+06,0.000000e+00,0.000000e+00,1.314669e+11,5.587935e-09,6.676975e-14,0.000000e+00,0.000000e+00,0.000000e+00,0.000000e+00,1.548828e+11,1.674693e+11,-6.877286e+08,1.719389e+06,4.999763e+08,1.843000e+03,-3.999844e+02,4.240442e+09,1.373708e+10,-1.558576e+08,8.625939e+05,1.464504e+08,7.820000e+02,-1.806848e+02,-5.926289e+07
9.364423e+00,1.636651e+11,1.852178e+11,-4.455029e+04,3.957018e+04,-9.122601e+08,8.368962e+06,4.822934e-03,6.881823e+08,0.000000e+00,0.000000e+00,7.344881e+06,0.000000e+00,7.344881e+06,0.000000e+00,0.000000e+00,1.314688e+11,5.587935e-09,6.676975e-14,0.000000e+00,0.000000e+00,0.000000e+00,0.000000e+00,1.548846e+11,1.674688e+11,-6.877286e+08,1.719389e+06,5.000743e+08,1.843000e+03,-3.999844e+02,4.240810e+09,1.373665e+10,-1.558576e+08,8.625939e+05,1.464739e+08,7.820000e+02,-1.806848e+02,-5.926289e+07
9.383716e+00,1.636677e+11,1.852155e+11,-4.452692e+04,3.934242e+04,-9.122487e+08,8.368962e+06,4.538550e-03,6.879287e+08,0.000000e+00,0.000000e+00,7.174704e+06,0.000000e+00,7.174704e+06,0.000000e+00,0.000000e+00,1.314704e+11,5.587935e-09,6.676975e-14,0.000000e+00,0.000000e+00,0.000000e+00,0.000000e+00,1.548858e+11,1.674676e+11,-6.877286e+08,1.719389e+06,5.001545e+08,1.843000e+03,-3.999844e+02,4.241251e+09,1.373629e+10,-1.558576e+08,8.625939e+05,1.464920e+08,7.820000e+02,-1.806848e+02,-5.926290e+07
9.402407e+00,1.636702e+11,1.852150e+11,-4.460235e+04,3.950471e+04,-9.122378e+08,8.368962e+06,4.822610e-03,6.860125e+08,0.000000e+00,0.000000e+00,7.001030e+06,0.000000e+00,7.001030e+06,0.000000e+00,0.000000e+00,1.314719e+11,5.587935e-09,6.676975e-14,0.000000e+00,0.000000e+00,0.000000e+00,0.000000e+00,1.548869e+11,1.674686e+11,-6.877286e+08,1.719389e+06,5.002333e+08,1.843000e+03,-3.999844e+02,4.241654e+09,1.373567e+10,-1.558576e+08,8.625939e+05,1.465100e+08,7.820000e+02,-1.806848e+02,-5.926297e+07
9.421698e+00,1.636723e+11,1.852130e+11,-4.477836e+04,3.996620e+04,-9.122269e+08,8.368962e+06,4.822758e-03,6.857488e+08,0.000000e+00,0.000000e+00,7.116213e+06,0.000000e+00,7.116213e+06,0.000000e+00,0.000000e+00,1.314735e+11,5.587935e-09,6.676975e-14,0.000000e+00,0.000000e+00,0.000000e+00,0.000000e+00,1.548874e+11,1.674688e+11,-6.877286e+08,1.719389e+06,5.003099e+08,1.843000e+03,-3.999844e+02,4.242252e+09,1.373490e+10,-1.558558e+08,8.625939e+05,1.465290e+08,7.820000e+02,-1.806827e+02,-5.926690e+07
9.440989e+00,1.636743e+11,1.852098e+11,-4.496180e+04,4.067928e+04,-9.122161e+08,8.368962e+06,4.384599e-03,6.869040e+08,0.000000e+00,0.000000e+00,6.997508e+06,0.000000e+00,6.997508e+06,0.000000e+00,0.000000e+00,1.314753e+11,5.587935e-09,6.676975e-14,0.000000e+00,0.000000e+00,0.000000e+00,0.000000e+00,1.548872e+11,1.674676e+11,-6.877286e+08,1.719389e+06,5.003853e+08,1.843000e+03,-3.999844e+02,4.243258e+09,1.373333e+10,-1.558496e+08,8.625939e+05,1.465499e+08,7.820000e+02,-1.806755e+02,-5.927325e+07
9.462817e+00,1.636764e+11,1.852080e+11,-4.512824e+04,4.125267e+04,-9.122035e+08,8.368962e+06,4.360350e-03,6.863689e+08,0.000000e+00,0.000000e+00,6.941428e+06,0.000000e+00,6.941428e+06,0.000000e+00,0.000000e+00,1.314773e+11,5.587935e-09,6.676975e-14,0.000000e+00,0.000000e+00,0.000000e+00,0.000000e+00,1.548870e+11,1.674687e+11,-6.877286e+08,1.719389e+06,5.004675e+08,1.843000e+03,-3.999844e+02,4.244201e+09,1.373103e+10,-1.558401e+08,8.625939e+05,1.465744e+08,7.820000e+02,-1.806645e+02,-5.928216e+07
9.480258e+00,1.636773e+11,1.852073e+11,-4.530491e+04,4.137857e+04,-9.121932e+08,8.368962e+06,4.360372e-03,6.864189e+08,0.000000e+00,0.000000e+00,6.706918e+06,0.000000e+00,6.706918e+06,0.000000e+00,0.000000e+00,1.314788e+11,5.587935e-09,6.676975e-14,0.000000e+00,0.000000e+00,0.000000e+00,0.000000e+00,1.548860e+11,1.674698e+11,-6.877286e+08,1.719389e+06,5.005364e+08,1.843000e+03,-3.999844e+02,4.244998e+09,1.372987e+10,-1.558360e+08,8.625939e+05,1.465933e+08,7.820000e+02,-1.806597e+02,-5.928498e+07
9.502233e+00,1.636784e+11,1.852050e+11,-4.556564e+04,4.162227e+04,-9.121798e+08,8.368962e+06,4.542783e-03,6.876818e+08,0.000000e+00,0.000000e+00,6.468126e+06,0.000000e+00,6.468126e+06,0.000000e+00,0.000000e+00,1.314808e+11,5.587935e-09,6.676975e-14,0.000000e+00,0.000000e+00,0.000000e+00,0.000000e+00,1.548853e+11,1.674692e+11,-6.877286e+08,1.719389e+06,5.006203e+08,1.843000e+03,-3.999844e+02,4.245492e+09,1.372922e+10,-1.558354e+08,8.625939e+05,1.466173e+08,7.820000e+02,-1.806591e+02,-5.928531e+07
9.520450e+00,1.636793e+11,1.852044e+11,-4.588799e+04,4.216936e+04,-9.121686e+08,8.368962e+06,4.589419e-03,6.873960e+08,0.000000e+00,0.000000e+00,6.274666e+06,0.000000e+00,6.274666e+06,0.000000e+00,0.000000e+00,1.314824e+11,5.587935e-09,6.676975e-14,0.000000e+00,0.000000e+00,0.000000e+00,0.000000e+00,1.548849e+11,1.674698e+11,-6.877286e+08,1.719389e+06,5.006905e+08,1.843000e+03,-3.999844e+02,4.245655e+09,1.372909e+10,-1.558354e+08,8.625939e+05,1.466367e+08,7.820000e+02,-1.806591e+02,-5.928534e+07
9.543397e+00,1.636801e+11,1.852044e+11,-4.695139e+04,4.270737e+04,-9.121549e+08,8.368962e+06,4.589449e-03,6.866020e+08,0.000000e+00,0.000000e+00,6.007280e+06,0.000000e+00,6.007280e+06,0.000000e+00,0.000000e+00,1.314844e+11,5.587935e-09,6.676975e-14,0.000000e+00,0.000000e+00,0.000000e+00,0.000000e+00,1.548843e+11,1.674713e+11,-6.877286e+08,1.719389e+06,5.007799e+08,1.843000e+03,-3.999844e+02,4.245765e+09,1.372887e+10,-1.558354e+08,8.625939e+05,1.466607e+08,7.820000e+02,-1.806590e+02,-5.928533e+07
9.562306e+00,1.636810e+11,1.852021e+11,-4.842001e+04,4.304223e+04,-9.121435e+08,8.368962e+06,4.830875e-03,6.879802e+08,0.000000e+00,0.000000e+00,5.830488e+06,0.000000e+00,5.830488e+06,0.000000e+00,0.000000e+00,1.314859e+11,5.587935e-09,6.676975e-14,0.000000e+00,0.000000e+00,0.000000e+00,0.000000e+00,1.548842e+11,1.674704e+11,-6.877286e+08,1.719389e+06,5.008480e+08,1.843000e+03,-3.999844e+02,4.245790e+09,1.372876e+10,-1.558355e+08,8.625939e+05,1.466805e+08,7.820000e+02,-1.806591e+02,-5.928526e+07
9.580712e+00,1.636805e+11,1.852020e+11,-5.021747e+04,4.351721e+04,-9.121320e+08,8.368962e+06,4.360369e-03,6.887411e+08,0.000000e+00,0.000000e+00,5.748000e+06,0.000000e+00,5.748000e+06,0.000000e+00,0.000000e+00,1.314874e+11,5.587935e-09,6.676975e-14,0.000000e+00,0.000000e+00,0.000000e+00,0.000000e+00,1.548826e+11,1.674709e+11,-6.877286e+08,1.719389e+06,5.009112e+08,1.843000e+03,-3.999844e+02,4.245732e+09,1.372878e+10,-1.558356e+08,8.625939e+05,1.467000e+08,7.820000e+02,-1.806592e+02,-5.928516e+07
9.602514e+00,1.636793e+11,1.852033e+11,-5.296837e+04,4.449243e+04,-9.121179e+08,8.368962e+06,4.360296e-03,6.884627e+08,0.000000e+00,0.000000e+00,5.824730e+06,0.000000e+00,5.824730e+06,0.000000e+00,0.000000e+00,1.314890e+11,5.587935e-09,6.676975e-14,0.000000e+00,0.000000e+00,0.000000e+00,0.000000e+00,1.548800e+11,1.674736e+11,-6.877286e+08,1.719389e+06,5.009883e+08,1.843000e+03,-3.999844e+02,4.246102e+09,1.372839e+10,-1.558357e+08,8.625939e+05,1.467228e+08,7.820000e+02,-1.806594e+02,-5.928505e+07
9.624316e+00,1.636786e+11,1.852017e+11,-5.637734e+04,4.606792e+04,-9.121028e+08,8.368962e+06,4.360413e-03,6.906620e+08,0.000000e+00,0.000000e+00,5.875631e+06,0.000000e+00,5.875631e+06,0.000000e+00,0.000000e+00,1.314906e+11,5.587935e-09,6.676975e-14,0.000000e+00,0.000000e+00,0.000000e+00,0.000000e+00,1.548777e+11,1.674739e+11,-6.877286e+08,1.719389e+06,5.010688e+08,1.843000e+03,-3.999844e+02,4.246612e+09,1.372791e+10,-1.558357e+08,8.625939e+05,1.467456e+08,7.820000e+02,-1.806594e+02,-5.928504e+07
9.642071e+00,1.636781e+11,1.852008e+11,-5.925582e+04,4.760298e+04,-9.120893e+08,8.368962e+06,4.522188e-03,6.917716e+08,0.000000e+00,0.000000e+00,5.958769e+06,0.000000e+00,5.958769e+06,0.000000e+00,0.000000e+00,1.314919e+11,5.587935e-09,6.676975e-14,0.000000e+00,0.000000e+00,0.000000e+00,0.000000e+00,1.548761e+11,1.674740e+11,-6.877286e+08,1.719389e+06,5.011353e+08,1.843000e+03,-3.999844e+02,4.247046e+09,1.372743e+10,-1.558357e+08,8.625939e+05,1.467640e+08,7.820000e+02,-1.806594e+02,-5.928510e+07
9.660462e+00,1.636788e+11,1.852005e+11,-6.213300e+04,4.874445e+04,-9.120749e+08,8.368962e+06,4.808743e-03,6.911855e+08,0.000000e+00,0.000000e+00,6.015501e+06,0.000000e+00,6.015501e+06,0.000000e+00,0.000000e+00,1.314932e+11,5.587935e-09,6.676975e-14,0.000000e+00,0.000000e+00,0.000000e+00,0.000000e+00,1.548753e+11,1.674754e+11,-6.877286e+08,1.719389e+06,5.012073e+08,1.843000e+03,-3.999844e+02,4.247689e+09,1.372663e+10,-1.558352e+08,8.625939e+05,1.467833e+08,7.820000e+02,-1.806588e+02,-5.928600e+07
9.684563e+00,1.636801e+11,1.851981e+11,-6.575902e+04,4.864359e+04,-9.120557e+08,8.368962e+06,4.822820e-03,6.922835e+08,0.000000e+00,0.000000e+00,5.922142e+06,0.000000e+00,5.922142e+06,0.000000e+00,0.000000e+00,1.314949e+11,5.587935e-09,6.676975e-14,0.000000e+00,0.000000e+00,0.000000e+00,0.000000e+00,1.548745e+11,1.674754e+11,-6.877286e+08,1.719389e+06,5.013030e+08,1.843000e+03,-3.999844e+02,4.248736e+09,1.372558e+10,-1.558337e+08,8.625939e+05,1.468090e+08,7.820000e+02,-1.806571e+02,-5.928706e+07
9.703854e+00,1.636818e+11,1.851956e+11,-6.826581e+04,4.793941e+04,-9.120399e+08,8.368962e+06,4.822496e-03,6.928947e+08,0.000000e+00,0.000000e+00,5.896302e+06,0.000000e+00,5.896302e+06,0.000000e+00,0.000000e+00,1.314964e+11,5.587935e-09,6.676975e-14,0.000000e+00,0.000000e+00,0.000000e+00,0.000000e+00,1.548746e+11,1.674742e+11,-6.877286e+08,1.719389e+06,5.013811e+08,1.843000e+03,-3.999844e+02,4.249433e+09,1.372487e+10,-1.558337e+08,8.625939e+05,1.468316e+08,7.820000e+02,-1.806570e+02,-5.928705e+07
9.722560e+00,1.636843e+11,1.851946e+11,-7.037967e+04,4.736660e+04,-9.120246e+08,8.368962e+06,4.522603e-03,6.913210e+08,0.000000e+00,0.000000e+00,5.963093e+06,0.000000e+00,5.963093e+06,0.000000e+00,0.000000e+00,1.314978e+11,5.587935e-09,6.676975e-14,0.000000e+00,0.000000e+00,0.000000e+00,0.000000e+00,1.548758e+11,1.674744e+11,-6.877286e+08,1.719389e+06,5.014521e+08,1.843000e+03,-3.999844e+02,4.249819e+09,1.372452e+10,-1.558337e+08,8.625939e+05,1.468529e+08,7.820000e+02,-1.806570e+02,-5.928705e+07
9.740651e+00,1.636864e+11,1.851923e+11,-7.222322e+04,4.719729e+04,-9.120092e+08,8.368962e+06,4.522806e-03,6.910996e+08,0.000000e+00,0.000000e+00,6.165266e+06,0.000000e+00,6.165266e+06,0.000000e+00,0.000000e+00,1.314993e+11,5.587935e-09,6.676975e-14,0.000000e+00,0.000000e+00,0.000000e+00,0.000000e+00,1.548766e+11,1.674737e+11,-6.877286e+08,1.719389e+06,5.015193e+08,1.843000e+03,-3.999844e+02,4.250315e+09,1.372400e+10,-1.558336e+08,8.625939e+05,1.468731e+08,7.820000e+02,-1.806570e+02,-5.928710e+07
9.763307e+00,1.636890e+11,1.851883e+11,-7.412787e+04,4.794069e+04,-9.119882e+08,8.368962e+06,4.542171e-03,6.918616e+08,0.000000e+00,0.000000e+00,6.568314e+06,0.000000e+00,6.568314e+06,0.000000e+00,0.000000e+00,1.315011e+11,5.587935e-09,6.676975e-14,0.000000e+00,0.000000e+00,0.000000e+00,0.000000e+00,1.548777e+11,1.674713e+11,-6.877286e+08,1.719389e+06,5.016044e+08,1.843000e+03,-3.999844e+02,4.250879e+09,1.372333e+10,-1.558334e+08,8.625939e+05,1.468977e+08,7.820000e+02,-1.806567e+02,-5.928740e+07
9.781478e+00,1.636912e+11,1.851869e+11,-7.547184e+04,4.908379e+04,-9.119702e+08,8.368962e+06,4.543229e-03,6.908335e+08,0.000000e+00,0.000000e+00,6.835481e+06,0.000000e+00,6.835481e+06,0.000000e+00,0.000000e+00,1.315027e+11,5.587935e-09,6.676975e-14,0.000000e+00,0.000000e+00,0.000000e+00,0.000000e+00,1.548785e+11,1.674712e+11,-6.877286e+08,1.719389e+06,5.016695e+08,1.843000e+03,-3.999844e+02,4.251379e+09,1.372279e+10,-1.558330e+08,8.625939e+05,1.469163e+08,7.820000e+02,-1.806562e+02,-5.928834e+07
9.803656e+00,1.636941e+11,1.851847e+11,-7.718161e+04,5.048825e+04,-9.119472e+08,8.368962e+06,4.359952e-03,6.899028e+08,0.000000e+00,0.000000e+00,6.846976e+06,0.000000e+00,6.846976e+06,0.000000e+00,0.000000e+00,1.315045e+11,5.587935e-09,6.676975e-14,0.000000e+00,0.000000e+00,0.000000e+00,0.000000e+00,1.548795e+11,1.674712e+11,-6.877286e+08,1.719389e+06,5.017484e+08,1.843000e+03,-3.999844e+02,4.252211e+09,1.372158e+10,-1.558299e+08,8.625939e+05,1.469397e+08,7.820000e+02,-1.806527e+02,-5.929095e+07
9.821095e+00,1.636966e+11,1.851813e+11,-7.849541e+04,5.140031e+04,-9.119288e+08,8.368962e+06,4.359620e-03,6.909487e+08,0.000000e+00,0.000000e+00,6.693114e+06,0.000000e+00,6.693114e+06,0.000000e+00,0.000000e+00,1.315060e+11,5.587935e-09,6.676975e-14,0.000000e+00,0.000000e+00,0.000000e+00,0.000000e+00,1.548806e+11,1.674692e+11,-6.877286e+08,1.719389e+06,5.018084e+08,1.843000e+03,-3.999844e+02,4.252778e+09,1.372102e+10,-1.558296e+08,8.625939e+05,1.469582e+08,7.820000e+02,-1.806523e+02,-5.929118e+07
9.842893e+00,1.636991e+11,1.851795e+11,-8.025989e+04,5.247699e+04,-9.119060e+08,8.368962e+06,4.359278e-03,6.904981e+08,0.000000e+00,0.000000e+00,6.419980e+06,0.000000e+00,6.419980e+06,0.000000e+00,0.000000e+00,1.315078e+11,5.587935e-09,6.676975e-14,0.000000e+00,0.000000e+00,0.000000e+00,0.000000e+00,1.548811e+11,1.674690e+11,-6.877286e+08,1.719389e+06,5.018850e+08,1.843000e+03,-3.999844e+02,4.253622e+09,1.372013e+10,-1.558296e+08,8.625939e+05,1.469807e+08,7.820000e+02,-1.806524e+02,-5.929112e+07
9.860330e+00,1.637011e+11,1.851787e+11,-8.154307e+04,5.325681e+04,-9.118884e+08,8.368962e+06,4.359422e-03,6.895491e+08,0.000000e+00,0.000000e+00,6.098956e+06,0.000000e+00,6.098956e+06,0.000000e+00,0.000000e+00,1.315094e+11,5.587935e-09,6.676975e-14,0.000000e+00,0.000000e+00,0.000000e+00,0.000000e+00,1.548815e+11,1.674699e+11,-6.877286e+08,1.719389e+06,5.019488e+08,1.843000e+03,-3.999844e+02,4.254336e+09,1.371933e+10,-1.558296e+08,8.625939e+05,1.469985e+08,7.820000e+02,-1.806524e+02,-5.929112e+07
9.882127e+00,1.637037e+11,1.851752e+11,-8.216205e+04,5.339260e+04,-9.118672e+08,8.368962e+06,4.359837e-03,6.905747e+08,0.000000e+00,0.000000e+00,5.728291e+06,0.000000e+00,5.728291e+06,0.000000e+00,0.000000e+00,1.315114e+11,5.587935e-09,6.676975e-14,0.000000e+00,0.000000e+00,0.000000e+00,0.000000e+00,1.548820e+11,1.674688e+11,-6.877286e+08,1.719389e+06,5.020326e+08,1.843000e+03,-3.999844e+02,4.255376e+09,1.371835e+10,-1.558296e+08,8.625939e+05,1.470212e+08,7.820000e+02,-1.806524e+02,-5.929112e+07
9.904077e+00,1.637065e+11,1.851731e+11,-8.207152e+04,5.141136e+04,-9.118472e+08,8.368962e+06,4.517948e-03,6.898367e+08,0.000000e+00,0.000000e+00,5.504177e+06,0.000000e+00,5.504177e+06,0.000000e+00,0.000000e+00,1.315134e+11,5.587935e-09,6.676975e-14,0.000000e+00,0.000000e+00,0.000000e+00,0.000000e+00,1.548826e+11,1.674685e+11,-6.877286e+08,1.719389e+06,5.021186e+08,1.843000e+03,-3.999844e+02,4.256649e+09,1.371713e+10,-1.558296e+08,8.625939e+05,1.470436e+08,7.820000e+02,-1.806524e+02,-5.929112e+07
9.921844e+00,1.637089e+11,1.851729e+11,-8.180573e+04,4.792080e+04,-9.118320e+08,8.368962e+06,4.360370e-03,6.877034e+08,0.000000e+00,0.000000e+00,5.349016e+06,0.000000e+00,5.349016e+06,0.000000e+00,0.000000e+00,1.315149e+11,5.587935e-09,6.676975e-14,0.000000e+00,0.000000e+00,0.000000e+00,0.000000e+00,1.548835e+11,1.674699e+11,-6.877286e+08,1.718368e+06,5.021829e+08,1.844000e+03,-4.002219e+02,4.257270e+09,1.371656e+10,-1.558296e+08,8.625939e+05,1.470611e+08,7.820000e+02,-1.806524e+02,-5.929112e+07
9.943645e+00,1.637120e+11,1.851701e+11,-8.110980e+04,4.247809e+04,-9.118141e+08,8.368962e+06,4.360291e-03,6.874516e+08,0.000000e+00,0.000000e+00,5.219090e+06,0.000000e+00,5.219090e+06,0.000000e+00,0.000000e+00,1.315167e+11,5.587935e-09,6.676975e-14,0.000000e+00,0.000000e+00,0.000000e+00,0.000000e+00,1.548851e+11,1.674690e+11,-6.877286e+08,1.718368e+06,5.022591e+08,1.844000e+03,-4.002219e+02,4.257817e+09,1.371599e+10,-1.558296e+08,8.625939e+05,1.470825e+08,7.820000e+02,-1.806524e+02,-5.929112e+07
9.961086e+00,1.637141e+11,1.851682e+11,-8.039952e+04,3.784715e+04,-9.118001e+08,8.368962e+06,4.360276e-03,6.872995e+08,0.000000e+00,0.000000e+00,5.101606e+06,0.000000e+00,5.101606e+06,0.000000e+00,0.000000e+00,1.315181e+11,5.587935e-09,6.676975e-14,0.000000e+00,0.000000e+00,0.000000e+00,0.000000e+00,1.548860e+11,1.674679e+11,-6.877286e+08,1.718368e+06,5.023200e+08,1.844000e+03,-4.002219e+02,4.258121e+09,1.371568e+10,-1.558296e+08,8.625939e+05,1.470995e+08,7.820000e+02,-1.806524e+02,-5.929112e+07
9.984712e+00,1.637158e+11,1.851687e+11,-7.956034e+04,3.214339e+04,-9.117813e+08,8.368962e+06,4.823645e-03,6.852209e+08,0.000000e+00,0.000000e+00,4.929124e+06,0.000000e+00,4.929124e+06,0.000000e+00,0.000000e+00,1.315200e+11,5.587935e-09,6.676975e-14,0.000000e+00,0.000000e+00,0.000000e+00,0.000000e+00,1.548866e+11,1.674696e+11,-6.877286e+08,1.718368e+06,5.024015e+08,1.844000e+03,-4.002219e+02,4.258242e+09,1.371552e+10,-1.558296e+08,8.625939e+05,1.471228e+08,7.820000e+02,-1.806523e+02,-5.929126e+07
1.000312e+01,1.637164e+11,1.851677e+11,-7.903860e+04,2.863292e+04,-9.117667e+08,8.368962e+06,4.522684e-03,6.856553e+08,0.000000e+00,0.000000e+00,4.791222e+06,0.000000e+00,4.791222e+06,0.000000e+00,0.000000e+00,1.315215e+11,5.587935e-09,6.676975e-14,0.000000e+00,0.000000e+00,0.000000e+00,0.000000e+00,1.548863e+11,1.674697e+11,-6.877286e+08,1.718368e+06,5.024694e+08,1.844000e+03,-4.002219e+02,4.258241e+09,1.371537e+10,-1.558293e+08,8.625939e+05,1.471406e+08,7.820000e+02,-1.806520e+02,-5.929145e+07
1.002121e+01,1.637171e+11,1.851654e+11,-7.858807e+04,2.582083e+04,-9.117523e+08,8.368962e+06,4.523470e-03,6.872352e+08,0.000000e+00,0.000000e+00,4.625712e+06,0.000000e+00,4.625712e+06,0.000000e+00,0.000000e+00,1.315230e+11,5.587935e-09,6.676975e-14,0.000000e+00,0.000000e+00,0.000000e+00,0.000000e+00,1.548861e+11,1.674683e+11,-6.877286e+08,1.718368e+06,5.025383e+08,1.844000e+03,-4.002219e+02,4.258230e+09,1.371546e+10,-1.558293e+08,8.625939e+05,1.471580e+08,7.820000e+02,-1.806520e+02,-5.929146e+07
1.004019e+01,1.637182e+11,1.851647e+11,-7.828709e+04,2.325628e+04,-9.117368e+08,8.368962e+06,4.822607e-03,6.868912e+08,0.000000e+00,0.000000e+00,4.492105e+06,0.000000e+00,4.492105e+06,0.000000e+00,0.000000e+00,1.315245e+11,5.587935e-09,6.676975e-14,0.000000e+00,0.000000e+00,0.000000e+00,0.000000e+00,1.548865e+11,1.674682e+11,-6.877286e+08,1.718368e+06,5.026092e+08,1.844000e+03,-4.002219e+02,4.258078e+09,1.371549e+10,-1.558293e+08,8.625939e+05,1.471755e+08,7.820000e+02,-1.806520e+02,-5.929146e+07
1.006348e+01,1.637197e+11,1.851628e+11,-7.806497e+04,2.043227e+04,-9.117168e+08,8.368962e+06,4.543067e-03,6.872278e+08,0.000000e+00,0.000000e+00,4.424723e+06,0.000000e+00,4.424723e+06,0.000000e+00,0.000000e+00,1.315262e+11,5.587935e-09,6.676975e-14,0.000000e+00,0.000000e+00,0.000000e+00,0.000000e+00,1.548870e+11,1.674679e+11,-6.877286e+08,1.718368e+06,5.026944e+08,1.844000e+03,-4.002219e+02,4.258042e+09,1.371538e+10,-1.558293e+08,8.625939e+05,1.471974e+08,7.820000e+02,-1.806520e+02,-5.929146e+07
1.008165e+01,1.637209e+11,1.851591e+11,-7.799468e+04,1.868171e+04,-9.116999e+08,8.368962e+06,4.542858e-03,6.896737e+08,0.000000e+00,0.000000e+00,4.403922e+06,0.000000e+00,4.403922e+06,0.000000e+00,0.000000e+00,1.315276e+11,5.587935e-09,6.676975e-14,0.000000e+00,0.000000e+00,0.000000e+00,0.000000e+00,1.548870e+11,1.674652e+11,-6.877286e+08,1.718368e+06,5.027609e+08,1.844000e+03,-4.002219e+02,4.258419e+09,1.371514e+10,-1.558293e+08,8.625939e+05,1.472142e+08,7.820000e+02,-1.806520e+02,-5.929146e+07
1.010436e+01,1.637230e+11,1.851570e+11,-7.827146e+04,1.685155e+04,-9.116774e+08,8.368962e+06,4.542870e-03,6.895286e+08,0.000000e+00,0.000000e+00,4.389371e+06,0.000000e+00,4.389371e+06,0.000000e+00,0.000000e+00,1.315294e+11,5.587935e-09,6.676975e-14,0.000000e+00,0.000000e+00,0.000000e+00,0.000000e+00,1.548874e+11,1.674645e+11,-6.877286e+08,1.718368e+06,5.028431e+08,1.844000e+03,-4.002219e+02,4.259090e+09,1.371448e+10,-1.558293e+08,8.625939e+05,1.472345e+08,7.820000e+02,-1.806520e+02,-5.929146e+07
1.012254e+01,1.637248e+11,1.851553e+11,-7.866216e+04,1.566181e+04,-9.116582e+08,8.368962e+06,4.542991e-03,6.892281e+08,0.000000e+00,0.000000e+00,4.365311e+06,0.000000e+00,4.365311e+06,0.000000e+00,0.000000e+00,1.315308e+11,5.587935e-09,6.676975e-14,0.000000e+00,0.000000e+00,0.000000e+00,0.000000e+00,1.548880e+11,1.674645e+11,-6.877286e+08,1.718368e+06,5.029068e+08,1.844000e+03,-4.002219e+02,4.259556e+09,1.371403e+10,-1.558290e+08,8.625939e+05,1.472512e+08,7.820000e+02,-1.806516e+02,-5.929176e+07
1.014071e+01,1.637273e+11,1.851511e+11,-7.908935e+04,1.483193e+04,-9.116381e+08,8.368962e+06,4.543314e-03,6.909839e+08,0.000000e+00,0.000000e+00,4.164411e+06,0.000000e+00,4.164411e+06,0.000000e+00,0.000000e+00,1.315323e+11,5.587935e-09,6.676975e-14,0.000000e+00,0.000000e+00,0.000000e+00,0.000000e+00,1.548892e+11,1.674616e+11,-6.877286e+08,1.718368e+06,5.029774e+08,1.844000e+03,-4.002219e+02,4.259990e+09,1.371357e+10,-1.558289e+08,8.625939e+05,1.472676e+08,7.820000e+02,-1.806515e+02,-5.929192e+07
1.016289e+01,1.637297e+11,1.851482e+11,-7.972789e+04,1.372811e+04,-9.116128e+08,8.368962e+06,4.360214e-03,6.916889e+08,0.000000e+00,0.000000e+00,3.924742e+06,0.000000e+00,3.924742e+06,0.000000e+00,0.000000e+00,1.315340e+11,5.587935e-09,6.676975e-14,0.000000e+00,0.000000e+00,0.000000e+00,0.000000e+00,1.548903e+11,1.674594e+11,-6.877286e+08,1.718368e+06,5.030656e+08,1.844000e+03,-4.002219e+02,4.260228e+09,1.371318e+10,-1.558288e+08,8.625939e+05,1.472874e+08,7.820000e+02,-1.806514e+02,-5.929196e+07
1.018033e+01,1.637315e+11,1.851481e+11,-8.017603e+04,1.255819e+04,-9.115922e+08,8.368962e+06,4.532897e-03,6.899251e+08,0.000000e+00,0.000000e+00,3.786576e+06,0.000000e+00,3.786576e+06,0.000000e+00,0.000000e+00,1.315355e+11,5.587935e-09,6.676975e-14,0.000000e+00,0.000000e+00,0.000000e+00,0.000000e+00,1.548913e+11,1.674603e+11,-6.877286e+08,1.718368e+06,5.031393e+08,1.844000e+03,-4.002219e+02,4.260304e+09,1.371311e+10,-1.558288e+08,8.625939e+05,1.473026e+08,7.820000e+02,-1.806514e+02,-5.929196e+07
1.020317e+01,1.637340e+11,1.851443e+11,-8.065088e+04,1.089365e+04,-9.115639e+08,8.368962e+06,4.372682e-03,6.905827e+08,0.000000e+00,0.000000e+00,4.109968e+06,0.000000e+00,4.109968e+06,0.000000e+00,0.000000e+00,1.315373e+11,5.587935e-09,6.676975e-14,0.000000e+00,0.000000e+00,0.000000e+00,0.000000e+00,1.548926e+11,1.674585e+11,-6.877286e+08,1.718368e+06,5.032326e+08,1.844000e+03,-4.002219e+02,4.260427e+09,1.371216e+10,-1.558233e+08,8.625939e+05,1.473231e+08,7.820000e+02,-1.806450e+02,-5.930085e+07
1.022062e+01,1.637360e+11,1.851418e+11,-8.133238e+04,9.638368e+03,-9.115414e+08,8.368962e+06,4.360153e-03,6.908983e+08,0.000000e+00,0.000000e+00,4.213902e+06,0.000000e+00,4.213902e+06,0.000000e+00,0.000000e+00,1.315390e+11,5.587935e-09,6.676975e-14,0.000000e+00,0.000000e+00,0.000000e+00,0.000000e+00,1.548932e+11,1.674571e+11,-6.877286e+08,1.718368e+06,5.032994e+08,1.844000e+03,-4.002219e+02,4.260959e+09,1.371004e+10,-1.558093e+08,8.625939e+05,1.473402e+08,7.820000e+02,-1.806288e+02,-5.931490e+07
1.024242e+01,1.637379e+11,1.851421e+11,-8.272941e+04,7.930500e+03,-9.115126e+08,8.368962e+06,4.360151e-03,6.886419e+08,0.000000e+00,0.000000e+00,4.141604e+06,0.000000e+00,4.141604e+06,0.000000e+00,0.000000e+00,1.315411e+11,5.587935e-09,6.676975e-14,0.000000e+00,0.000000e+00,0.000000e+00,0.000000e+00,1.548934e+11,1.674589e+11,-6.877286e+08,1.718368e+06,5.033823e+08,1.844000e+03,-4.002219e+02,4.261214e+09,1.370768e+10,-1.557956e+08,8.625939e+05,1.473595e+08,7.820000e+02,-1.806129e+02,-5.932749e+07
1.026423e+01,1.637387e+11,1.851412e+11,-8.462342e+04,6.202042e+03,-9.114832e+08,8.368962e+06,4.360276e-03,6.885593e+08,0.000000e+00,0.000000e+00,4.220984e+06,0.000000e+00,4.220984e+06,0.000000e+00,0.000000e+00,1.315431e+11,5.587935e-09,6.676975e-14,0.000000e+00,0.000000e+00,0.000000e+00,0.000000e+00,1.548929e+11,1.674596e+11,-6.877286e+08,1.718368e+06,5.034635e+08,1.844000e+03,-4.002219e+02,4.261179e+09,1.370608e+10,-1.557874e+08,8.625939e+05,1.473784e+08,7.820000e+02,-1.806034e+02,-5.933397e+07
1.028167e+01,1.637395e+11,1.851391e+11,-8.660575e+04,5.427781e+03,-9.114591e+08,8.368962e+06,4.532371e-03,6.894852e+08,0.000000e+00,0.000000e+00,4.432836e+06,0.000000e+00,4.432836e+06,0.000000e+00,0.000000e+00,1.315445e+11,5.587935e-09,6.676975e-14,0.000000e+00,0.000000e+00,0.000000e+00,0.000000e+00,1.548925e+11,1.674585e+11,-6.877286e+08,1.718368e+06,5.035319e+08,1.844000e+03,-4.002219e+02,4.261473e+09,1.370584e+10,-1.557869e+08,8.625939e+05,1.473936e+08,7.820000e+02,-1.806028e+02,-5.933400e+07
1.030431e+01,1.637423e+11,1.851383e+11,-8.953701e+04,5.070695e+03,-9.114267e+08,8.368962e+06,4.523020e-03,6.871516e+08,0.000000e+00,0.000000e+00,4.705560e+06,0.000000e+00,4.705560e+06,0.000000e+00,0.000000e+00,1.315462e+11,5.587935e-09,6.676975e-14,0.000000e+00,0.000000e+00,0.000000e+00,0.000000e+00,1.548935e+11,1.674591e+11,-6.877286e+08,1.718368e+06,5.036197e+08,1.844000e+03,-4.002219e+02,4.262197e+09,1.370526e+10,-1.557869e+08,8.625939e+05,1.474129e+08,7.820000e+02,-1.806028e+02,-5.933400e+07
1.032241e+01,1.637443e+11,1.851371e+11,-9.180486e+04,4.900440e+03,-9.113995e+08,8.368962e+06,4.523877e-03,6.861896e+08,0.000000e+00,0.000000e+00,4.907217e+06,0.000000e+00,4.907217e+06,0.000000e+00,0.000000e+00,1.315475e+11,5.587935e-09,6.676975e-14,0.000000e+00,0.000000e+00,0.000000e+00,0.000000e+00,1.548943e+11,1.674593e+11,-6.877286e+08,1.718368e+06,5.036886e+08,1.844000e+03,-4.002219e+02,4.262537e+09,1.370495e+10,-1.557869e+08,8.625939e+05,1.474280e+08,7.820000e+02,-1.806028e+02,-5.933400e+07
1.034056e+01,1.637461e+11,1.851337e+11,-9.374453e+04,4.563427e+03,-9.113712e+08,8.368962e+06,4.543302e-03,6.875748e+08,0.000000e+00,0.000000e+00,4.997992e+06,0.000000e+00,4.997992e+06,0.000000e+00,0.000000e+00,1.315489e+11,5.587935e-09,6.676975e-14,0.000000e+00,0.000000e+00,0.000000e+00,0.000000e+00,1.548949e+11,1.674572e+11,-6.877286e+08,1.718368e+06,5.037549e+08,1.844000e+03,-4.002219e+02,4.262888e+09,1.370455e+10,-1.557869e+08,8.625939e+05,1.474427e+08,7.820000e+02,-1.806028e+02,-5.933400e+07
1.036328e+01,1.637478e+11,1.851329e+11,-9.531748e+04,3.783424e+03,-9.113347e+08,8.368962e+06,4.808401e-03,6.865414e+08,0.000000e+00,0.000000e+00,4.987070e+06,0.000000e+00,4.987070e+06,0.000000e+00,0.000000e+00,1.315506e+11,5.587935e-09,6.676975e-14,0.000000e+00,0.000000e+00,0.000000e+00,0.000000e+00,1.548956e+11,1.674571e+11,-6.877286e+08,1.718368e+06,5.038378e+08,1.844000e+03,-4.002219e+02,4.263023e+09,1.370427e+10,-1.557869e+08,8.625939e+05,1.474613e+08,7.820000e+02,-1.806028e+02,-5.933400e+07
1.038255e+01,1.637485e+11,1.851331e+11,-9.582663e+04,3.176515e+03,-9.113027e+08,8.368962e+06,4.822383e-03,6.855044e+08,0.000000e+00,0.000000e+00,4.960898e+06,0.000000e+00,4.960898e+06,0.000000e+00,0.000000e+00,1.315520e+11,5.587935e-09,6.676975e-14,0.000000e+00,0.000000e+00,0.000000e+00,0.000000e+00,1.548956e+11,1.674584e+11,-6.877286e+08,1.718368e+06,5.039084e+08,1.844000e+03,-4.002219e+02,4.262879e+09,1.370437e+10,-1.557869e+08,8.625939e+05,1.474770e+08,7.820000e+02,-1.806028e+02,-5.933400e+07
1.040096e+01,1.637493e+11,1.851308e+11,-9.587773e+04,2.659900e+03,-9.112712e+08,8.368962e+06,4.523225e-03,6.869901e+08,0.000000e+00,0.000000e+00,4.988290e+06,0.000000e+00,4.988290e+06,0.000000e+00,0.000000e+00,1.315534e+11,5.587935e-09,6.676975e-14,0.000000e+00,0.000000e+00,0.000000e+00,0.000000e+00,1.548958e+11,1.674570e+11,-6.877286e+08,1.718368e+06,5.039766e+08,1.844000e+03,-4.002219e+02,4.262657e+09,1.370440e+10,-1.557869e+08,8.625939e+05,1.474918e+08,7.820000e+02,-1.806028e+02,-5.933400e+07
1.042476e+01,1.637505e+11,1.851291e+11,-9.567378e+04,1.467706e+03,-9.112291e+08,8.368962e+06,4.823254e-03,6.872219e+08,0.000000e+00,0.000000e+00,5.118284e+06,0.000000e+00,5.118284e+06,0.000000e+00,0.000000e+00,1.315552e+11,5.587935e-09,6.676975e-14,0.000000e+00,0.000000e+00,0.000000e+00,0.000000e+00,1.548961e+11,1.674556e+11,-6.877286e+08,1.718368e+06,5.040624e+08,1.844000e+03,-4.002219e+02,4.262541e+09,1.370465e+10,-1.557869e+08,8.625939e+05,1.475108e+08,7.820000e+02,-1.806028e+02,-5.933400e+07
1.044405e+01,1.637511e+11,1.851294e+11,-9.544957e+04,2.019139e-01,-9.111939e+08,8.368962e+06,4.823006e-03,6.861197e+08,0.000000e+00,0.000000e+00,5.221892e+06,0.000000e+00,5.221892e+06,0.000000e+00,0.000000e+00,1.315566e+11,5.587935e-09,6.676975e-14,0.000000e+00,0.000000e+00,0.000000e+00,0.000000e+00,1.548960e+11,1.674570e+11,-6.877286e+08,1.718368e+06,5.041314e+08,1.844000e+03,-4.002219e+02,4.262468e+09,1.370469e+10,-1.557869e+08,8.625939e+05,1.475257e+08,7.820000e+02,-1.806028e+02,-5.933400e+07
1.046344e+01,1.637517e+11,1.851272e+11,-9.543587e+04,-1.564214e+03,-9.111580e+08,8.368962e+06,4.872877e-03,6.876262e+08,0.000000e+00,0.000000e+00,5.323582e+06,0.000000e+00,5.323582e+06,0.000000e+00,0.000000e+00,1.315580e+11,5.587935e-09,6.676975e-14,0.000000e+00,0.000000e+00,0.000000e+00,0.000000e+00,1.548958e+11,1.674559e+11,-6.877286e+08,1.718368e+06,5.042046e+08,1.844000e+03,-4.002219e+02,4.262449e+09,1.370457e+10,-1.557869e+08,8.625939e+05,1.475403e+08,7.820000e+02,-1.806028e+02,-5.933400e+07
1.048293e+01,1.637524e+11,1.851250e+11,-9.526760e+04,-2.778094e+03,-9.111213e+08,8.368962e+06,4.872766e-03,6.888417e+08,0.000000e+00,0.000000e+00,5.322936e+06,0.000000e+00,5.322936e+06,0.000000e+00,0.000000e+00,1.315593e+11,5.587935e-09,6.676975e-14,0.000000e+00,0.000000e+00,0.000000e+00,0.000000e+00,1.548953e+11,1.674545e+11,-6.877286e+08,1.718368e+06,5.042820e+08,1.844000e+03,-4.002219e+02,4.262760e+09,1.370437e+10,-1.557869e+08,8.625939e+05,1.475551e+08,7.820000e+02,-1.806028e+02,-5.933400e+07
1.050242e+01,1.637540e+11,1.851248e+11,-9.439120e+04,-2.984669e+03,-9.110840e+08,8.368962e+06,4.872756e-03,6.874492e+08,0.000000e+00,0.000000e+00,5.187292e+06,0.000000e+00,5.187292e+06,0.000000e+00,0.000000e+00,1.315606e+11,5.587935e-09,6.676975e-14,0.000000e+00,0.000000e+00,0.000000e+00,0.000000e+00,1.548958e+11,1.674554e+11,-6.877286e+08,1.718368e+06,5.043599e+08,1.844000e+03,-4.002219e+02,4.263128e+09,1.370402e+10,-1.557869e+08,8.625939e+05,1.475698e+08,7.820000e+02,-1.806028e+02,-5.933402e+07
1.052143e+01,1.637560e+11,1.851231e+11,-9.293589e+04,-2.189832e+03,-9.110467e+08,8.368962e+06,4.361846e-03,6.872977e+08,0.000000e+00,0.000000e+00,4.975662e+06,0.000000e+00,4.975662e+06,0.000000e+00,0.000000e+00,1.315619e+11,5.587935e-09,6.676975e-14,0.000000e+00,0.000000e+00,0.000000e+00,0.000000e+00,1.548967e+11,1.674549e+11,-6.877286e+08,1.718368e+06,5.044318e+08,1.844000e+03,-4.002219e+02,4.263303e+09,1.370390e+10,-1.557869e+08,8.625939e+05,1.475838e+08,7.820000e+02,-1.806028e+02,-5.933407e+07
1.054323e+01,1.637579e+11,1.851195e+11,-9.092666e+04,-5.840812e+02,-9.110036e+08,8.368962e+06,4.360100e-03,6.889427e+08,0.000000e+00,0.000000e+00,4.825768e+06,0.000000e+00,4.825768e+06,0.000000e+00,0.000000e+00,1.315634e+11,5.587935e-09,6.676975e-14,0.000000e+00,0.000000e+00,0.000000e+00,0.000000e+00,1.548974e+11,1.674525e+11,-6.877286e+08,1.718368e+06,5.045100e+08,1.844000e+03,-4.002219e+02,4.263592e+09,1.370354e+10,-1.557868e+08,8.625939e+05,1.476001e+08,7.820000e+02,-1.806027e+02,-5.933416e+07
1.056067e+01,1.637596e+11,1.851192e+11,-8.914462e+04,1.115091e+03,-9.109690e+08,8.368962e+06,4.359976e-03,6.876033e+08,0.000000e+00,0.000000e+00,4.804936e+06,0.000000e+00,4.804936e+06,0.000000e+00,0.000000e+00,1.315646e+11,5.587935e-09,6.676975e-14,0.000000e+00,0.000000e+00,0.000000e+00,0.000000e+00,1.548979e+11,1.674529e+11,-6.877286e+08,1.718368e+06,5.045713e+08,1.844000e+03,-4.002219e+02,4.263938e+09,1.370319e+10,-1.557867e+08,8.625939e+05,1.476129e+08,7.820000e+02,-1.806026e+02,-5.933422e+07
1.058316e+01,1.637610e+11,1.851182e+11,-8.675888e+04,4.112523e+03,-9.109244e+08,8.368962e+06,4.361034e-03,6.868236e+08,0.000000e+00,0.000000e+00,4.952370e+06,0.000000e+00,4.952370e+06,0.000000e+00,0.000000e+00,1.315661e+11,5.587935e-09,6.676975e-14,0.000000e+00,0.000000e+00,0.000000e+00,0.000000e+00,1.548983e+11,1.674533e+11,-6.877286e+08,1.718368e+06,5.046520e+08,1.844000e+03,-4.002219e+02,4.264062e+09,1.370310e+10,-1.557867e+08,8.625939e+05,1.476295e+08,7.820000e+02,-1.806025e+02,-5.933426e+07
1.060060e+01,1.637620e+11,1.851153e+11,-8.494110e+04,6.400726e+03,-9.108899e+08,8.368962e+06,4.360241e-03,6.885207e+08,0.000000e+00,0.000000e+00,5.116468e+06,0.000000e+00,5.116468e+06,0.000000e+00,0.000000e+00,1.315673e+11,5.587935e-09,6.676975e-14,0.000000e+00,0.000000e+00,0.000000e+00,0.000000e+00,1.548986e+11,1.674513e+11,-6.877286e+08,1.718368e+06,5.047154e+08,1.844000e+03,-4.002219e+02,4.263977e+09,1.370307e+10,-1.557867e+08,8.625939e+05,1.476419e+08,7.820000e+02,-1.806025e+02,-5.933426e+07
1.062240e+01,1.637634e+11,1.851142e+11,-8.279035e+04,8.779343e+03,-9.108460e+08,8.368962e+06,4.360243e-03,6.878195e+08,0.000000e+00,0.000000e+00,5.357730e+06,0.000000e+00,5.357730e+06,0.000000e+00,0.000000e+00,1.315687e+11,5.587935e-09,6.676975e-14,0.000000e+00,0.000000e+00,0.000000e+00,0.000000e+00,1.548992e+11,1.674504e+11,-6.877286e+08,1.718368e+06,5.047961e+08,1.844000e+03,-4.002219e+02,4.263924e+09,1.370324e+10,-1.557867e+08,8.625939e+05,1.476574e+08,7.820000e+02,-1.806025e+02,-5.933426e+07
1.064001e+01,1.637646e+11,1.851137e+11,-8.115694e+04,1.054884e+04,-9.108098e+08,8.368962e+06,4.542754e-03,6.868169e+08,0.000000e+00,0.000000e+00,5.652488e+06,0.000000e+00,5.652488e+06,0.000000e+00,0.000000e+00,1.315699e+11,5.587935e-09,6.676975e-14,0.000000e+00,0.000000e+00,0.000000e+00,0.000000e+00,1.548995e+11,1.674510e+11,-6.877286e+08,1.718368e+06,5.048593e+08,1.844000e+03,-4.002219e+02,4.264032e+09,1.370313e+10,-1.557864e+08,8.625939e+05,1.476698e+08,7.820000e+02,-1.806022e+02,-5.933462e+07
1.066273e+01,1.637666e+11,1.851102e+11,-7.909138e+04,1.270428e+04,-9.107622e+08,8.368962e+06,4.543154e-03,6.878344e+08,0.000000e+00,0.000000e+00,5.994393e+06,0.000000e+00,5.994393e+06,0.000000e+00,0.000000e+00,1.315714e+11,5.587935e-09,6.676975e-14,0.000000e+00,0.000000e+00,0.000000e+00,0.000000e+00,1.549001e+11,1.674492e+11,-6.877286e+08,1.718368e+06,5.049367e+08,1.844000e+03,-4.002219e+02,4.264483e+09,1.370258e+10,-1.557860e+08,8.625939e+05,1.476859e+08,7.820000e+02,-1.806017e+02,-5.933494e+07
1.068090e+01,1.637678e+11,1.851089e+11,-7.741295e+04,1.413032e+04,-9.107239e+08,8.368962e+06,4.543047e-03,6.876418e+08,0.000000e+00,0.000000e+00,6.195420e+06,0.000000e+00,6.195420e+06,0.000000e+00,0.000000e+00,1.315727e+11,5.587935e-09,6.676975e-14,0.000000e+00,0.000000e+00,0.000000e+00,0.000000e+00,1.549000e+11,1.674486e+11,-6.877286e+08,1.718368e+06,5.049946e+08,1.844000e+03,-4.002219e+02,4.265029e+09,1.370210e+10,-1.557860e+08,8.625939e+05,1.476993e+08,7.820000e+02,-1.806017e+02,-5.933494e+07
1.070362e+01,1.637683e+11,1.851096e+11,-7.564316e+04,1.521601e+04,-9.106765e+08,8.368962e+06,4.543070e-03,6.864263e+08,0.000000e+00,0.000000e+00,6.220741e+06,0.000000e+00,6.220741e+06,0.000000e+00,0.000000e+00,1.315743e+11,5.587935e-09,6.676975e-14,0.000000e+00,0.000000e+00,0.000000e+00,0.000000e+00,1.548988e+11,1.674512e+11,-6.877286e+08,1.718368e+06,5.050673e+08,1.844000e+03,-4.002219e+02,4.265762e+09,1.370141e+10,-1.557860e+08,8.625939e+05,1.477164e+08,7.820000e+02,-1.806017e+02,-5.933494e+07
1.072179e+01,1.637682e+11,1.851090e+11,-7.480330e+04,1.551375e+04,-9.106397e+08,8.368962e+06,4.543256e-03,6.870573e+08,0.000000e+00,0.000000e+00,6.154128e+06,0.000000e+00,6.154128e+06,0.000000e+00,0.000000e+00,1.315755e+11,5.587935e-09,6.676975e-14,0.000000e+00,0.000000e+00,0.000000e+00,0.000000e+00,1.548976e+11,1.674517e+11,-6.877286e+08,1.718368e+06,5.051278e+08,1.844000e+03,-4.002219e+02,4.266139e+09,1.370103e+10,-1.557860e+08,8.624712e+05,1.477300e+08,7.830000e+02,-1.806275e+02,-5.933494e+07
1.074051e+01,1.637681e+11,1.851078e+11,-7.457880e+04,1.497024e+04,-9.106029e+08,8.368962e+06,4.822298e-03,6.884688e+08,0.000000e+00,0.000000e+00,6.019666e+06,0.000000e+00,6.019666e+06,0.000000e+00,0.000000e+00,1.315767e+11,5.587935e-09,6.676975e-14,0.000000e+00,0.000000e+00,0.000000e+00,0.000000e+00,1.548964e+11,1.674516e+11,-6.877286e+08,1.718368e+06,5.051899e+08,1.844000e+03,-4.002219e+02,4.266515e+09,1.370063e+10,-1.557860e+08,8.624712e+05,1.477434e+08,7.830000e+02,-1.806275e+02,-5.933494e+07
1.076462e+01,1.637685e+11,1.851087e+11,-7.542633e+04,1.282376e+04,-9.105569e+08,8.368962e+06,4.822394e-03,6.872769e+08,0.000000e+00,0.000000e+00,5.824902e+06,0.000000e+00,5.824902e+06,0.000000e+00,0.000000e+00,1.315782e+11,5.587935e-09,6.676975e-14,0.000000e+00,0.000000e+00,0.000000e+00,0.000000e+00,1.548955e+11,1.674539e+11,-6.877286e+08,1.718368e+06,5.052671e+08,1.844000e+03,-4.002219e+02,4.266799e+09,1.370022e+10,-1.557860e+08,8.624712e+05,1.477605e+08,7.830000e+02,-1.806275e+02,-5.933494e+07
1.078391e+01,1.637696e+11,1.851074e+11,-7.662037e+04,1.046869e+04,-9.105203e+08,8.368962e+06,4.870849e-03,6.875662e+08,0.000000e+00,0.000000e+00,5.722527e+06,0.000000e+00,5.722527e+06,0.000000e+00,0.000000e+00,1.315794e+11,5.587935e-09,6.676975e-14,0.000000e+00,0.000000e+00,0.000000e+00,0.000000e+00,1.548956e+11,1.674539e+11,-6.877286e+08,1.718368e+06,5.053284e+08,1.844000e+03,-4.002219e+02,4.267020e+09,1.370003e+10,-1.557859e+08,8.624712e+05,1.477742e+08,7.830000e+02,-1.806274e+02,-5.933509e+07
1.080340e+01,1.637700e+11,1.851054e+11,-7.778149e+04,8.651825e+03,-9.104824e+08,8.368962e+06,4.873221e-03,6.891913e+08,0.000000e+00,0.000000e+00,5.708953e+06,0.000000e+00,5.708953e+06,0.000000e+00,0.000000e+00,1.315806e+11,5.587935e-09,6.676975e-14,0.000000e+00,0.000000e+00,0.000000e+00,0.000000e+00,1.548950e+11,1.674528e+11,-6.877286e+08,1.718368e+06,5.053897e+08,1.844000e+03,-4.002219e+02,4.267201e+09,1.369978e+10,-1.557857e+08,8.624712e+05,1.477876e+08,7.830000e+02,-1.806272e+02,-5.933520e+07
1.082289e+01,1.637697e+11,1.851066e+11,-7.873428e+04,8.054353e+03,-9.104426e+08,8.368962e+06,4.873053e-03,6.880982e+08,0.000000e+00,0.000000e+00,5.791687e+06,0.000000e+00,5.791687e+06,0.000000e+00,0.000000e+00,1.315818e+11,5.587935e-09,6.676975e-14,0.000000e+00,0.000000e+00,0.000000e+00,0.000000e+00,1.548939e+11,1.674543e+11,-6.877286e+08,1.718368e+06,5.054530e+08,1.844000e+03,-4.002219e+02,4.267260e+09,1.369979e+10,-1.557857e+08,8.624712e+05,1.478007e+08,7.830000e+02,-1.806271e+02,-5.933525e+07
1.084238e+01,1.637689e+11,1.851071e+11,-7.921157e+04,8.124506e+03,-9.104006e+08,8.368962e+06,4.872929e-03,6.881383e+08,0.000000e+00,0.000000e+00,5.903984e+06,0.000000e+00,5.903984e+06,0.000000e+00,0.000000e+00,1.315829e+11,5.587935e-09,6.676975e-14,0.000000e+00,0.000000e+00,0.000000e+00,0.000000e+00,1.548923e+11,1.674561e+11,-6.877286e+08,1.718368e+06,5.055190e+08,1.844000e+03,-4.002219e+02,4.267140e+09,1.369982e+10,-1.557856e+08,8.624712e+05,1.478138e+08,7.830000e+02,-1.806271e+02,-5.933528e+07
1.086088e+01,1.637681e+11,1.851062e+11,-7.916559e+04,7.951150e+03,-9.103588e+08,8.368962e+06,4.360270e-03,6.895821e+08,0.000000e+00,0.000000e+00,6.040856e+06,0.000000e+00,6.040856e+06,0.000000e+00,0.000000e+00,1.315839e+11,5.587935e-09,6.676975e-14,0.000000e+00,0.000000e+00,0.000000e+00,0.000000e+00,1.548908e+11,1.674560e+11,-6.877286e+08,1.718368e+06,5.055822e+08,1.844000e+03,-4.002219e+02,4.267069e+09,1.369975e+10,-1.557856e+08,8.624712e+05,1.478261e+08,7.830000e+02,-1.806270e+02,-5.933528e+07
1.088268e+01,1.637681e+11,1.851069e+11,-7.881345e+04,7.243802e+03,-9.103067e+08,8.368962e+06,4.360115e-03,6.885253e+08,0.000000e+00,0.000000e+00,6.306910e+06,0.000000e+00,6.306910e+06,0.000000e+00,0.000000e+00,1.315851e+11,5.587935e-09,6.676975e-14,0.000000e+00,0.000000e+00,0.000000e+00,0.000000e+00,1.548897e+11,1.674573e+11,-6.877286e+08,1.718368e+06,5.056569e+08,1.844000e+03,-4.002219e+02,4.267223e+09,1.369968e+10,-1.557856e+08,8.624712e+05,1.478409e+08,7.830000e+02,-1.806270e+02,-5.933529e+07
1.090012e+01,1.637676e+11,1.851076e+11,-7.845862e+04,6.405788e+03,-9.102628e+08,8.368962e+06,4.360191e-03,6.879021e+08,0.000000e+00,0.000000e+00,6.548050e+06,0.000000e+00,6.548050e+06,0.000000e+00,0.000000e+00,1.315861e+11,5.587935e-09,6.676975e-14,0.000000e+00,0.000000e+00,0.000000e+00,0.000000e+00,1.548884e+11,1.674593e+11,-6.877286e+08,1.718368e+06,5.057173e+08,1.844000e+03,-4.002219e+02,4.267359e+09,1.369951e+10,-1.557856e+08,8.624712e+05,1.478525e+08,7.830000e+02,-1.806270e+02,-5.933532e+07
1.092192e+01,1.637678e+11,1.851066e+11,-7.797240e+04,4.947686e+03,-9.102060e+08,8.368962e+06,4.359593e-03,6.884218e+08,0.000000e+00,0.000000e+00,6.776507e+06,0.000000e+00,6.776507e+06,0.000000e+00,0.000000e+00,1.315873e+11,5.587935e-09,6.676975e-14,0.000000e+00,0.000000e+00,0.000000e+00,0.000000e+00,1.548875e+11,1.674593e+11,-6.877286e+08,1.718368e+06,5.057912e+08,1.844000e+03,-4.002219e+02,4.267449e+09,1.369956e+10,-1.557856e+08,8.624712e+05,1.478664e+08,7.830000e+02,-1.806270e+02,-5.933533e+07
1.094372e+01,1.637686e+11,1.851058e+11,-7.747651e+04,3.058749e+03,-9.101471e+08,8.368962e+06,4.359604e-03,6.882020e+08,0.000000e+00,0.000000e+00,6.890662e+06,0.000000e+00,6.890662e+06,0.000000e+00,0.000000e+00,1.315886e+11,5.587935e-09,6.676975e-14,0.000000e+00,0.000000e+00,0.000000e+00,0.000000e+00,1.548873e+11,1.674593e+11,-6.877286e+08,1.718368e+06,5.058627e+08,1.844000e+03,-4.002219e+02,4.267436e+09,1.369952e+10,-1.557856e+08,8.624712e+05,1.478803e+08,7.830000e+02,-1.806270e+02,-5.933533e+07
1.096116e+01,1.637689e+11,1.851061e+11,-7.707341e+04,1.264478e+03,-9.100989e+08,8.368962e+06,4.359951e-03,6.875403e+08,0.000000e+00,0.000000e+00,6.904586e+06,0.000000e+00,6.904586e+06,0.000000e+00,0.000000e+00,1.315896e+11,5.587935e-09,6.676975e-14,0.000000e+00,0.000000e+00,0.000000e+00,0.000000e+00,1.548868e+11,1.674606e+11,-6.877286e+08,1.718368e+06,5.059192e+08,1.844000e+03,-4.002219e+02,4.267437e+09,1.369951e+10,-1.557856e+08,8.624712e+05,1.478915e+08,7.830000e+02,-1.806270e+02,-5.933533e+07
1.098296e+01,1.637693e+11,1.851051e+11,-7.640155e+04,-5.336967e+02,-9.100380e+08,8.368962e+06,4.360405e-03,6.880464e+08,0.000000e+00,0.000000e+00,6.881848e+06,0.000000e+00,6.881848e+06,0.000000e+00,0.000000e+00,1.315909e+11,5.587935e-09,6.676975e-14,0.000000e+00,0.000000e+00,0.000000e+00,0.000000e+00,1.548867e+11,1.674601e+11,-6.877286e+08,1.718368e+06,5.059894e+08,1.844000e+03,-4.002219e+02,4.267093e+09,1.369984e+10,-1.557856e+08,8.624712e+05,1.479057e+08,7.830000e+02,-1.806270e+02,-5.933533e+07
1.100176e+01,1.637693e+11,1.851042e+11,-7.581208e+04,-1.403825e+03,-9.099852e+08,8.368962e+06,4.822698e-03,6.888776e+08,0.000000e+00,0.000000e+00,6.803524e+06,0.000000e+00,6.803524e+06,0.000000e+00,0.000000e+00,1.315919e+11,5.587935e-09,6.676975e-14,0.000000e+00,0.000000e+00,0.000000e+00,0.000000e+00,1.548864e+11,1.674596e+11,-6.877286e+08,1.718368e+06,5.060504e+08,1.844000e+03,-4.002219e+02,4.266578e+09,1.370026e+10,-1.557856e+08,8.624712e+05,1.479172e+08,7.830000e+02,-1.806270e+02,-5.933533e+07
1.102105e+01,1.637692e+11,1.851054e+11,-7.532923e+04,-2.481681e+03,-9.099308e+08,8.368962e+06,4.822648e-03,6.878012e+08,0.000000e+00,0.000000e+00,6.683032e+06,0.000000e+00,6.683032e+06,0.000000e+00,0.000000e+00,1.315930e+11,5.587935e-09,6.676975e-14,0.000000e+00,0.000000e+00,0.000000e+00,0.000000e+00,1.548862e+11,1.674607e+11,-6.877286e+08,1.718368e+06,5.061135e+08,1.844000e+03,-4.002219e+02,4.265875e+09,1.370104e+10,-1.557856e+08,8.624712e+05,1.479291e+08,7.830000e+02,-1.806270e+02,-5.933533e+07
1.104034e+01,1.637692e+11,1.851057e+11,-7.485690e+04,-4.433062e+03,-9.098767e+08,8.368962e+06,4.822505e-03,6.875923e+08,0.000000e+00,0.000000e+00,6.548802e+06,0.000000e+00,6.548802e+06,0.000000e+00,0.000000e+00,1.315941e+11,5.587935e-09,6.676975e-14,0.000000e+00,0.000000e+00,0.000000e+00,0.000000e+00,1.548861e+11,1.674613e+11,-6.877286e+08,1.718368e+06,5.061763e+08,1.844000e+03,-4.002219e+02,4.265112e+09,1.370170e+10,-1.557856e+08,8.624712e+05,1.479412e+08,7.830000e+02,-1.806270e+02,-5.933533e+07
1.106445e+01,1.637687e+11,1.851051e+11,-7.446772e+04,-6.155199e+03,-9.098100e+08,8.368962e+06,4.822239e-03,6.887339e+08,0.000000e+00,0.000000e+00,6.402272e+06,0.000000e+00,6.402272e+06,0.000000e+00,0.000000e+00,1.315953e+11,5.587935e-09,6.676975e-14,0.000000e+00,0.000000e+00,0.000000e+00,0.000000e+00,1.548852e+11,1.674613e+11,-6.877286e+08,1.717348e+06,5.062504e+08,1.845000e+03,-4.004597e+02,4.264442e+09,1.370223e+10,-1.557856e+08,8.624712e+05,1.479561e+08,7.830000e+02,-1.806270e+02,-5.933533e+07
1.108374e+01,1.637691e+11,1.851064e+11,-7.445918e+04,-5.555131e+03,-9.097581e+08,8.368962e+06,4.823564e-03,6.870860e+08,0.000000e+00,0.000000e+00,6.322518e+06,0.000000e+00,6.322518e+06,0.000000e+00,0.000000e+00,1.315964e+11,5.587935e-09,6.676975e-14,0.000000e+00,0.000000e+00,0.000000e+00,0.000000e+00,1.548849e+11,1.674629e+11,-6.877286e+08,1.717348e+06,5.063105e+08,1.845000e+03,-4.004597e+02,4.264267e+09,1.370257e+10,-1.557856e+08,8.624712e+05,1.479677e+08,7.830000e+02,-1.806270e+02,-5.933541e+07
1.110213e+01,1.637698e+11,1.851057e+11,-7.456864e+04,-3.935965e+03,-9.097098e+08,8.368962e+06,4.360245e-03,6.870968e+08,0.000000e+00,0.000000e+00,6.301787e+06,0.000000e+00,6.301787e+06,0.000000e+00,0.000000e+00,1.315974e+11,5.587935e-09,6.676975e-14,0.000000e+00,0.000000e+00,0.000000e+00,0.000000e+00,1.548847e+11,1.674636e+11,-6.877286e+08,1.717348e+06,5.063671e+08,1.845000e+03,-4.004597e+02,4.264323e+09,1.370250e+10,-1.557852e+08,8.624712e+05,1.479786e+08,7.830000e+02,-1.806265e+02,-5.933576e+07
1.112094e+01,1.637701e+11,1.851045e+11,-7.492134e+04,-2.357719e+03,-9.096615e+08,8.368962e+06,4.823196e-03,6.880499e+08,0.000000e+00,0.000000e+00,6.263158e+06,0.000000e+00,6.263158e+06,0.000000e+00,0.000000e+00,1.315985e+11,5.587935e-09,6.676975e-14,0.000000e+00,0.000000e+00,0.000000e+00,0.000000e+00,1.548841e+11,1.674630e+11,-6.877286e+08,1.717348e+06,5.064242e+08,1.845000e+03,-4.004597e+02,4.264324e+09,1.370258e+10,-1.557852e+08,8.624712e+05,1.479899e+08,7.830000e+02,-1.806266e+02,-5.933569e+07
1.114023e+01,1.637706e+11,1.851045e+11,-7.545065e+04,-9.518351e+02,-9.096120e+08,8.368962e+06,4.822960e-03,6.875224e+08,0.000000e+00,0.000000e+00,6.287877e+06,0.000000e+00,6.287877e+06,0.000000e+00,0.000000e+00,1.315996e+11,5.587935e-09,6.676975e-14,0.000000e+00,0.000000e+00,0.000000e+00,0.000000e+00,1.548837e+11,1.674637e+11,-6.877286e+08,1.717348e+06,5.064837e+08,1.845000e+03,-4.004597e+02,4.264379e+09,1.370241e+10,-1.557852e+08,8.624712e+05,1.480016e+08,7.830000e+02,-1.806265e+02,-5.933577e+07
1.116434e+01,1.637705e+11,1.851039e+11,-7.594973e+04,8.879797e+02,-9.095497e+08,8.368962e+06,4.870344e-03,6.880371e+08,0.000000e+00,0.000000e+00,6.329614e+06,0.000000e+00,6.329614e+06,0.000000e+00,0.000000e+00,1.316010e+11,5.587935e-09,6.676975e-14,0.000000e+00,0.000000e+00,0.000000e+00,0.000000e+00,1.548826e+11,1.674647e+11,-6.877286e+08,1.717348e+06,5.065585e+08,1.845000e+03,-4.004597e+02,4.264458e+09,1.370221e+10,-1.557851e+08,8.624712e+05,1.480163e+08,7.830000e+02,-1.806264e+02,-5.933582e+07
1.118286e+01,1.637703e+11,1.851025e+11,-7.625338e+04,2.036324e+03,-9.095012e+08,8.368962e+06,4.543141e-03,6.895009e+08,0.000000e+00,0.000000e+00,6.430046e+06,0.000000e+00,6.430046e+06,0.000000e+00,0.000000e+00,1.316021e+11,5.587935e-09,6.676975e-14,0.000000e+00,0.000000e+00,0.000000e+00,0.000000e+00,1.548816e+11,1.674638e+11,-6.877286e+08,1.717348e+06,5.066132e+08,1.845000e+03,-4.004597e+02,4.264476e+09,1.370221e+10,-1.557851e+08,8.624712e+05,1.480275e+08,7.830000e+02,-1.806264e+02,-5.933584e+07
1.120103e+01,1.637695e+11,1.851022e+11,-7.654328e+04,2.429802e+03,-9.094534e+08,8.368962e+06,4.524123e-03,6.903585e+08,0.000000e+00,0.000000e+00,6.624550e+06,0.000000e+00,6.624550e+06,0.000000e+00,0.000000e+00,1.316031e+11,5.587935e-09,6.676975e-14,0.000000e+00,0.000000e+00,0.000000e+00,0.000000e+00,1.548800e+11,1.674643e+11,-6.877286e+08,1.717348e+06,5.066663e+08,1.845000e+03,-4.004597e+02,4.264424e+09,1.370212e+10,-1.557851e+08,8.624712e+05,1.480384e+08,7.830000e+02,-1.806264e+02,-5.933585e+07
1.122317e+01,1.637680e+11,1.851027e+11,-7.658876e+04,2.199258e+03,-9.093952e+08,8.368962e+06,4.360235e-03,6.908948e+08,0.000000e+00,0.000000e+00,6.934050e+06,0.000000e+00,6.934050e+06,0.000000e+00,0.000000e+00,1.316043e+11,5.587935e-09,6.676975e-14,0.000000e+00,0.000000e+00,0.000000e+00,0.000000e+00,1.548776e+11,1.674659e+11,-6.877286e+08,1.717348e+06,5.067364e+08,1.845000e+03,-4.004597e+02,4.264362e+09,1.370228e+10,-1.557851e+08,8.624712e+05,1.480516e+08,7.830000e+02,-1.806264e+02,-5.933587e+07
1.124061e+01,1.637676e+11,1.851012e+11,-7.633577e+04,2.215582e+03,-9.093490e+08,8.368962e+06,4.360272e-03,6.922968e+08,0.000000e+00,0.000000e+00,7.198590e+06,0.000000e+00,7.198590e+06,0.000000e+00,0.000000e+00,1.316052e+11,5.587935e-09,6.676975e-14,0.000000e+00,0.000000e+00,0.000000e+00,0.000000e+00,1.548766e+11,1.674650e+11,-6.877286e+08,1.717348e+06,5.067972e+08,1.845000e+03,-4.004597e+02,4.264182e+09,1.370240e+10,-1.557850e+08,8.624712e+05,1.480621e+08,7.830000e+02,-1.806264e+02,-5.933589e+07
1.126277e+01,1.637674e+11,1.850999e+11,-7.600762e+04,2.884204e+03,-9.092893e+08,8.368962e+06,4.542965e-03,6.932639e+08,0.000000e+00,0.000000e+00,7.521942e+06,0.000000e+00,7.521942e+06,0.000000e+00,0.000000e+00,1.316064e+11,5.587935e-09,6.676975e-14,0.000000e+00,0.000000e+00,0.000000e+00,0.000000e+00,1.548756e+11,1.674647e+11,-6.877286e+08,1.716328e+06,5.068742e+08,1.846000e+03,-4.006978e+02,4.264014e+09,1.370242e+10,-1.557849e+08,8.624712e+05,1.480753e+08,7.830000e+02,-1.806262e+02,-5.933598e+07
1.128094e+01,1.637675e+11,1.851007e+11,-7.596494e+04,3.512800e+03,-9.092392e+08,8.368962e+06,4.543145e-03,6.920159e+08,0.000000e+00,0.000000e+00,7.753891e+06,0.000000e+00,7.753891e+06,0.000000e+00,0.000000e+00,1.316073e+11,5.587935e-09,6.676975e-14,0.000000e+00,0.000000e+00,0.000000e+00,0.000000e+00,1.548747e+11,1.674662e+11,-6.877286e+08,1.716328e+06,5.069351e+08,1.846000e+03,-4.006978e+02,4.264179e+09,1.370239e+10,-1.557849e+08,8.624712e+05,1.480861e+08,7.830000e+02,-1.806263e+02,-5.933597e+07
1.130366e+01,1.637679e+11,1.850995e+11,-7.588912e+04,3.902204e+03,-9.091750e+08,8.368962e+06,4.524466e-03,6.926751e+08,0.000000e+00,0.000000e+00,7.978292e+06,0.000000e+00,7.978292e+06,0.000000e+00,0.000000e+00,1.316084e+11,5.587935e-09,6.676975e-14,0.000000e+00,0.000000e+00,0.000000e+00,0.000000e+00,1.548736e+11,1.674665e+11,-6.877286e+08,1.716328e+06,5.070083e+08,1.846000e+03,-4.006978e+02,4.264543e+09,1.370208e+10,-1.557849e+08,8.624712e+05,1.480992e+08,7.830000e+02,-1.806263e+02,-5.933599e+07
1.132175e+01,1.637679e+11,1.850988e+11,-7.589077e+04,3.438687e+03,-9.091226e+08,8.368962e+06,4.523408e-03,6.930786e+08,0.000000e+00,0.000000e+00,8.102680e+06,0.000000e+00,8.102680e+06,0.000000e+00,0.000000e+00,1.316093e+11,5.587935e-09,6.676975e-14,0.000000e+00,0.000000e+00,0.000000e+00,0.000000e+00,1.548728e+11,1.674666e+11,-6.877286e+08,1.716328e+06,5.070661e+08,1.846000e+03,-4.006978e+02,4.264647e+09,1.370196e+10,-1.557849e+08,8.624712e+05,1.481093e+08,7.830000e+02,-1.806262e+02,-5.933601e+07
1.134445e+01,1.637695e+11,1.850989e+11,-7.602980e+04,1.953010e+03,-9.090558e+08,8.368962e+06,4.543509e-03,6.912077e+08,0.000000e+00,0.000000e+00,8.163446e+06,0.000000e+00,8.163446e+06,0.000000e+00,0.000000e+00,1.316103e+11,5.587935e-09,6.676975e-14,0.000000e+00,0.000000e+00,0.000000e+00,0.000000e+00,1.548732e+11,1.674678e+11,-6.877286e+08,1.716328e+06,5.071402e+08,1.846000e+03,-4.006978e+02,4.264738e+09,1.370176e+10,-1.557849e+08,8.624712e+05,1.481221e+08,7.830000e+02,-1.806263e+02,-5.933596e+07
1.136289e+01,1.637715e+11,1.850969e+11,-7.618444e+04,1.176246e+03,-9.090013e+08,8.368962e+06,4.821803e-03,6.910964e+08,0.000000e+00,0.000000e+00,8.155524e+06,0.000000e+00,8.155524e+06,0.000000e+00,0.000000e+00,1.316112e+11,5.587935e-09,6.676975e-14,0.000000e+00,0.000000e+00,0.000000e+00,0.000000e+00,1.548743e+11,1.674673e+11,-6.877286e+08,1.716328e+06,5.071985e+08,1.846000e+03,-4.006978e+02,4.264978e+09,1.370149e+10,-1.557850e+08,8.624712e+05,1.481329e+08,7.830000e+02,-1.806263e+02,-5.933595e+07
1.138217e+01,1.637736e+11,1.850947e+11,-7.647380e+04,1.926460e+03,-9.089443e+08,8.368962e+06,4.822288e-03,6.911174e+08,0.000000e+00,0.000000e+00,8.144876e+06,0.000000e+00,8.144876e+06,0.000000e+00,0.000000e+00,1.316121e+11,5.587935e-09,6.676975e-14,0.000000e+00,0.000000e+00,0.000000e+00,0.000000e+00,1.548755e+11,1.674657e+11,-6.877286e+08,1.716328e+06,5.072560e+08,1.846000e+03,-4.006978e+02,4.265104e+09,1.370142e+10,-1.557850e+08,8.624712e+05,1.481440e+08,7.830000e+02,-1.806263e+02,-5.933595e+07
1.140146e+01,1.637754e+11,1.850944e+11,-7.691985e+04,3.732677e+03,-9.088881e+08,8.368962e+06,4.822461e-03,6.895770e+08,0.000000e+00,0.000000e+00,8.187424e+06,0.000000e+00,8.187424e+06,0.000000e+00,0.000000e+00,1.316130e+11,5.587935e-09,6.676975e-14,0.000000e+00,0.000000e+00,0.000000e+00,0.000000e+00,1.548766e+11,1.674659e+11,-6.877286e+08,1.716328e+06,5.073123e+08,1.846000e+03,-4.006978e+02,4.265054e+09,1.370140e+10,-1.557850e+08,8.624712e+05,1.481549e+08,7.830000e+02,-1.806263e+02,-5.933595e+07
1.142075e+01,1.637758e+11,1.850943e+11,-7.772281e+04,5.004494e+03,-9.088328e+08,8.368962e+06,4.822588e-03,6.892170e+08,0.000000e+00,0.000000e+00,8.305312e+06,0.000000e+00,8.305312e+06,0.000000e+00,0.000000e+00,1.316139e+11,5.587935e-09,6.676975e-14,0.000000e+00,0.000000e+00,0.000000e+00,0.000000e+00,1.548763e+11,1.674667e+11,-6.877286e+08,1.716328e+06,5.073685e+08,1.846000e+03,-4.006978e+02,4.264824e+09,1.370175e+10,-1.557850e+08,8.624712e+05,1.481657e+08,7.830000e+02,-1.806263e+02,-5.933596e+07
1.144004e+01,1.637759e+11,1.850928e+11,-7.865176e+04,5.383814e+03,-9.087784e+08,8.368962e+06,4.822581e-03,6.901933e+08,0.000000e+00,0.000000e+00,8.463230e+06,0.000000e+00,8.463230e+06,0.000000e+00,0.000000e+00,1.316149e+11,5.587935e-09,6.676975e-14,0.000000e+00,0.000000e+00,0.000000e+00,0.000000e+00,1.548761e+11,1.674655e+11,-6.877286e+08,1.716328e+06,5.074245e+08,1.846000e+03,-4.006978e+02,4.264385e+09,1.370210e+10,-1.557850e+08,8.624712e+05,1.481766e+08,7.830000e+02,-1.806263e+02,-5.933597e+07
1.146416e+01,1.637766e+11,1.850924e+11,-7.966670e+04,6.592275e+03,-9.087111e+08,8.368962e+06,4.822475e-03,6.897139e+08,0.000000e+00,0.000000e+00,8.662505e+06,0.000000e+00,8.662505e+06,0.000000e+00,0.000000e+00,1.316161e+11,5.587935e-09,6.676975e-14,0.000000e+00,0.000000e+00,0.000000e+00,0.000000e+00,1.548763e+11,1.674655e+11,-6.877286e+08,1.716328e+06,5.074926e+08,1.846000e+03,-4.006978e+02,4.263821e+09,1.370259e+10,-1.557848e+08,8.624712e+05,1.481904e+08,7.830000e+02,-1.806261e+02,-5.933606e+07
1.148345e+01,1.637773e+11,1.850921e+11,-8.040338e+04,8.555895e+03,-9.086572e+08,8.368962e+06,4.822613e-03,6.892337e+08,0.000000e+00,0.000000e+00,8.728154e+06,0.000000e+00,8.728154e+06,0.000000e+00,0.000000e+00,1.316170e+11,5.587935e-09,6.676975e-14,0.000000e+00,0.000000e+00,0.000000e+00,0.000000e+00,1.548764e+11,1.674658e+11,-6.877286e+08,1.716328e+06,5.075470e+08,1.846000e+03,-4.006978e+02,4.263542e+09,1.370302e+10,-1.557849e+08,8.624712e+05,1.482009e+08,7.830000e+02,-1.806262e+02,-5.933605e+07
1.150274e+01,1.637786e+11,1.850897e+11,-8.106552e+04,1.081367e+04,-9.086033e+08,8.368962e+06,4.822733e-03,6.903343e+08,0.000000e+00,0.000000e+00,8.689201e+06,0.000000e+00,8.689201e+06,0.000000e+00,0.000000e+00,1.316180e+11,5.587935e-09,6.676975e-14,0.000000e+00,0.000000e+00,0.000000e+00,0.000000e+00,1.548770e+11,1.674641e+11,-6.877286e+08,1.716328e+06,5.076023e+08,1.846000e+03,-4.006978e+02,4.263361e+09,1.370321e+10,-1.557849e+08,8.624712e+05,1.482113e+08,7.830000e+02,-1.806262e+02,-5.933605e+07
1.152203e+01,1.637803e+11,1.850882e+11,-8.148338e+04,1.246978e+04,-9.085494e+08,8.368962e+06,4.823416e-03,6.901380e+08,0.000000e+00,0.000000e+00,8.597839e+06,0.000000e+00,8.597839e+06,0.000000e+00,0.000000e+00,1.316190e+11,5.587935e-09,6.676975e-14,0.000000e+00,0.000000e+00,0.000000e+00,0.000000e+00,1.548781e+11,1.674632e+11,-6.877286e+08,1.716328e+06,5.076581e+08,1.846000e+03,-4.006978e+02,4.263246e+09,1.370341e+10,-1.557848e+08,8.624712e+05,1.482217e+08,7.830000e+02,-1.806261e+02,-5.933608e+07
1.154042e+01,1.637826e+11,1.850876e+11,-8.161828e+04,1.322468e+04,-9.084977e+08,8.368962e+06,4.360311e-03,6.884786e+08,0.000000e+00,0.000000e+00,8.507013e+06,0.000000e+00,8.507013e+06,0.000000e+00,0.000000e+00,1.316199e+11,5.587935e-09,6.676975e-14,0.000000e+00,0.000000e+00,0.000000e+00,0.000000e+00,1.548795e+11,1.674634e+11,-6.877286e+08,1.716328e+06,5.077107e+08,1.846000e+03,-4.006978e+02,4.263411e+09,1.370323e+10,-1.557848e+08,8.624712e+05,1.482317e+08,7.830000e+02,-1.806261e+02,-5.933613e+07
1.156222e+01,1.637855e+11,1.850841e+11,-8.143067e+04,1.456951e+04,-9.084359e+08,8.368962e+06,4.360182e-03,6.891754e+08,0.000000e+00,0.000000e+00,8.342692e+06,0.000000e+00,8.342692e+06,0.000000e+00,0.000000e+00,1.316209e+11,5.587935e-09,6.676975e-14,0.000000e+00,0.000000e+00,0.000000e+00,0.000000e+00,1.548812e+11,1.674614e+11,-6.877286e+08,1.716328e+06,5.077733e+08,1.846000e+03,-4.006978e+02,4.263675e+09,1.370290e+10,-1.557847e+08,8.624712e+05,1.482434e+08,7.830000e+02,-1.806259e+02,-5.933625e+07
1.158402e+01,1.637878e+11,1.850821e+11,-8.125983e+04,1.653195e+04,-9.083734e+08,8.368962e+06,4.360219e-03,6.889979e+08,0.000000e+00,0.000000e+00,8.098948e+06,0.000000e+00,8.098948e+06,0.000000e+00,0.000000e+00,1.316220e+11,5.587935e-09,6.676975e-14,0.000000e+00,0.000000e+00,0.000000e+00,0.000000e+00,1.548824e+11,1.674600e+11,-6.877286e+08,1.716328e+06,5.078368e+08,1.846000e+03,-4.006978e+02,4.263876e+09,1.370280e+10,-1.557847e+08,8.624712e+05,1.482550e+08,7.830000e+02,-1.806259e+02,-5.933628e+07
1.160146e+01,1.637897e+11,1.850818e+11,-8.129712e+04,1.778642e+04,-9.083228e+08,8.368962e+06,4.360378e-03,6.875798e+08,0.000000e+00,0.000000e+00,7.870566e+06,0.000000e+00,7.870566e+06,0.000000e+00,0.000000e+00,1.316228e+11,5.587935e-09,6.676975e-14,0.000000e+00,0.000000e+00,0.000000e+00,0.000000e+00,1.548836e+11,1.674605e+11,-6.877286e+08,1.716328e+06,5.078880e+08,1.846000e+03,-4.006978e+02,4.263830e+09,1.370270e+10,-1.557846e+08,8.624712e+05,1.482645e+08,7.830000e+02,-1.806259e+02,-5.933629e+07
1.162327e+01,1.637919e+11,1.850793e+11,-8.165652e+04,1.833549e+04,-9.082576e+08,8.368962e+06,4.360042e-03,6.880378e+08,0.000000e+00,0.000000e+00,7.602604e+06,0.000000e+00,7.602604e+06,0.000000e+00,0.000000e+00,1.316239e+11,5.587935e-09,6.676975e-14,0.000000e+00,0.000000e+00,0.000000e+00,0.000000e+00,1.548851e+11,1.674591e+11,-6.877286e+08,1.716328e+06,5.079528e+08,1.846000e+03,-4.006978e+02,4.263627e+09,1.370294e+10,-1.557846e+08,8.624712e+05,1.482761e+08,7.830000e+02,-1.806259e+02,-5.933630e+07
1.164071e+01,1.637932e+11,1.850773e+11,-8.210348e+04,1.795961e+04,-9.082044e+08,8.368962e+06,4.359863e-03,6.888927e+08,0.000000e+00,0.000000e+00,7.419671e+06,0.000000e+00,7.419671e+06,0.000000e+00,0.000000e+00,1.316247e+11,5.587935e-09,6.676975e-14,0.000000e+00,0.000000e+00,0.000000e+00,0.000000e+00,1.548860e+11,1.674572e+11,-6.877286e+08,1.716328e+06,5.080049e+08,1.846000e+03,-4.006978e+02,4.263306e+09,1.370318e+10,-1.557846e+08,8.624712e+05,1.482853e+08,7.830000e+02,-1.806259e+02,-5.933630e+07
1.166250e+01,1.637948e+11,1.850770e+11,-8.261984e+04,1.671433e+04,-9.081373e+08,8.368962e+06,4.359759e-03,6.876860e+08,0.000000e+00,0.000000e+00,7.216554e+06,0.000000e+00,7.216554e+06,0.000000e+00,0.000000e+00,1.316257e+11,5.587935e-09,6.676975e-14,0.000000e+00,0.000000e+00,0.000000e+00,0.000000e+00,1.548871e+11,1.674575e+11,-6.877286e+08,1.716328e+06,5.080668e+08,1.846000e+03,-4.006978e+02,4.262927e+09,1.370339e+10,-1.557846e+08,8.624712e+05,1.482966e+08,7.830000e+02,-1.806259e+02,-5.933630e+07
1.168430e+01,1.637958e+11,1.850762e+11,-8.286890e+04,1.507937e+04,-9.080706e+08,8.368962e+06,4.576894e-03,6.876079e+08,0.000000e+00,0.000000e+00,7.079036e+06,0.000000e+00,7.079036e+06,0.000000e+00,0.000000e+00,1.316267e+11,5.587935e-09,6.676975e-14,0.000000e+00,0.000000e+00,0.000000e+00,0.000000e+00,1.548874e+11,1.674576e+11,-6.877286e+08,1.716328e+06,5.081274e+08,1.846000e+03,-4.006978e+02,4.262794e+09,1.370362e+10,-1.557846e+08,8.624712e+05,1.483080e+08,7.830000e+02,-1.806259e+02,-5.933629e+07
1.170265e+01,1.637964e+11,1.850741e+11,-8.284302e+04,1.393663e+04,-9.080144e+08,8.368962e+06,4.589427e-03,6.889496e+08,0.000000e+00,0.000000e+00,7.072544e+06,0.000000e+00,7.072544e+06,0.000000e+00,0.000000e+00,1.316275e+11,5.587935e-09,6.676975e-14,0.000000e+00,0.000000e+00,0.000000e+00,0.000000e+00,1.548874e+11,1.674560e+11,-6.877286e+08,1.716328e+06,5.081797e+08,1.846000e+03,-4.006978e+02,4.262708e+09,1.370367e+10,-1.557846e+08,8.624712e+05,1.483176e+08,7.830000e+02,-1.806259e+02,-5.933630e+07
1.172101e+01,1.637973e+11,1.850737e+11,-8.268102e+04,1.338728e+04,-9.079584e+08,8.368962e+06,4.810567e-03,6.882708e+08,0.000000e+00,0.000000e+00,7.167870e+06,0.000000e+00,7.167870e+06,0.000000e+00,0.000000e+00,1.316284e+11,5.587935e-09,6.676975e-14,0.000000e+00,0.000000e+00,0.000000e+00,0.000000e+00,1.548876e+11,1.674562e+11,-6.877286e+08,1.716328e+06,5.082305e+08,1.846000e+03,-4.006978e+02,4.262632e+09,1.370371e+10,-1.557846e+08,8.624712e+05,1.483270e+08,7.830000e+02,-1.806259e+02,-5.933631e+07
1.174028e+01,1.637979e+11,1.850738e+11,-8.237904e+04,1.326510e+04,-9.079000e+08,8.368962e+06,4.822039e-03,6.872653e+08,0.000000e+00,0.000000e+00,7.338209e+06,0.000000e+00,7.338209e+06,0.000000e+00,0.000000e+00,1.316292e+11,5.587935e-09,6.676975e-14,0.000000e+00,0.000000e+00,0.000000e+00,0.000000e+00,1.548875e+11,1.674571e+11,-6.877286e+08,1.716328e+06,5.082830e+08,1.846000e+03,-4.006978e+02,4.262622e+09,1.370375e+10,-1.557846e+08,8.624712e+05,1.483369e+08,7.830000e+02,-1.806259e+02,-5.933632e+07
1.176445e+01,1.637990e+11,1.850709e+11,-8.207414e+04,1.350419e+04,-9.078273e+08,8.368962e+06,4.823095e-03,6.887890e+08,0.000000e+00,0.000000e+00,7.586044e+06,0.000000e+00,7.586044e+06,0.000000e+00,0.000000e+00,1.316303e+11,5.587935e-09,6.676975e-14,0.000000e+00,0.000000e+00,0.000000e+00,0.000000e+00,1.548879e+11,1.674551e+11,-6.877286e+08,1.716328e+06,5.083507e+08,1.846000e+03,-4.006978e+02,4.262387e+09,1.370386e+10,-1.557845e+08,8.624712e+05,1.483494e+08,7.830000e+02,-1.806258e+02,-5.933640e+07
1.178374e+01,1.637999e+11,1.850704e+11,-8.173532e+04,1.390190e+04,-9.077692e+08,8.368962e+06,4.823143e-03,6.881928e+08,0.000000e+00,0.000000e+00,7.744146e+06,0.000000e+00,7.744146e+06,0.000000e+00,0.000000e+00,1.316312e+11,5.587935e-09,6.676975e-14,0.000000e+00,0.000000e+00,0.000000e+00,0.000000e+00,1.548883e+11,1.674548e+11,-6.877286e+08,1.716328e+06,5.084067e+08,1.846000e+03,-4.006978e+02,4.262158e+09,1.370411e+10,-1.557845e+08,8.624712e+05,1.483596e+08,7.830000e+02,-1.806258e+02,-5.933648e+07
1.180303e+01,1.638011e+11,1.850705e+11,-8.098983e+04,1.491025e+04,-9.077108e+08,8.368962e+06,4.823208e-03,6.866239e+08,0.000000e+00,0.000000e+00,7.853764e+06,0.000000e+00,7.853764e+06,0.000000e+00,0.000000e+00,1.316320e+11,5.587935e-09,6.676975e-14,0.000000e+00,0.000000e+00,0.000000e+00,0.000000e+00,1.548889e+11,1.674557e+11,-6.877286e+08,1.716328e+06,5.084608e+08,1.846000e+03,-4.006978e+02,4.261952e+09,1.370419e+10,-1.557840e+08,8.624712e+05,1.483698e+08,7.830000e+02,-1.806251e+02,-5.933703e+07
1.182232e+01,1.638031e+11,1.850677e+11,-7.962450e+04,1.621640e+04,-9.076527e+08,8.368962e+06,4.823153e-03,6.874913e+08,0.000000e+00,0.000000e+00,7.859240e+06,0.000000e+00,7.859240e+06,0.000000e+00,0.000000e+00,1.316329e+11,5.587935e-09,6.676975e-14,0.000000e+00,0.000000e+00,0.000000e+00,0.000000e+00,1.548904e+11,1.674538e+11,-6.877286e+08,1.716328e+06,5.085112e+08,1.846000e+03,-4.006978e+02,4.261731e+09,1.370450e+10,-1.557839e+08,8.624712e+05,1.483801e+08,7.830000e+02,-1.806251e+02,-5.933698e+07
1.184135e+01,1.638045e+11,1.850656e+11,-7.790755e+04,1.738219e+04,-9.075955e+08,8.368962e+06,4.544208e-03,6.880472e+08,0.000000e+00,0.000000e+00,7.869622e+06,0.000000e+00,7.869622e+06,0.000000e+00,0.000000e+00,1.316338e+11,5.587935e-09,6.676975e-14,0.000000e+00,0.000000e+00,0.000000e+00,0.000000e+00,1.548915e+11,1.674516e+11,-6.877286e+08,1.716328e+06,5.085609e+08,1.846000e+03,-4.006978e+02,4.261256e+09,1.370491e+10,-1.557840e+08,8.624712e+05,1.483897e+08,7.830000e+02,-1.806251e+02,-5.933696e+07
1.186335e+01,1.638062e+11,1.850653e+11,-7.574987e+04,1.788590e+04,-9.075290e+08,8.368962e+06,4.360375e-03,6.867717e+08,0.000000e+00,0.000000e+00,7.847952e+06,0.000000e+00,7.847952e+06,0.000000e+00,0.000000e+00,1.316347e+11,5.587935e-09,6.676975e-14,0.000000e+00,0.000000e+00,0.000000e+00,0.000000e+00,1.548929e+11,1.674516e+11,-6.877286e+08,1.716328e+06,5.086177e+08,1.846000e+03,-4.006978e+02,4.260594e+09,1.370545e+10,-1.557840e+08,8.624712e+05,1.484011e+08,7.830000e+02,-1.806251e+02,-5.933696e+07
1.188096e+01,1.638070e+11,1.850639e+11,-7.401693e+04,1.742018e+04,-9.074748e+08,8.368962e+06,4.542758e-03,6.874019e+08,0.000000e+00,0.000000e+00,7.776416e+06,0.000000e+00,7.776416e+06,0.000000e+00,0.000000e+00,1.316354e+11,5.587935e-09,6.676975e-14,0.000000e+00,0.000000e+00,0.000000e+00,0.000000e+00,1.548934e+11,1.674508e+11,-6.877286e+08,1.716328e+06,5.086619e+08,1.846000e+03,-4.006978e+02,4.260194e+09,1.370588e+10,-1.557840e+08,8.624712e+05,1.484101e+08,7.830000e+02,-1.806251e+02,-5.933696e+07
1.190366e+01,1.638073e+11,1.850621e+11,-7.175145e+04,1.641015e+04,-9.074031e+08,8.368962e+06,4.523521e-03,6.889674e+08,0.000000e+00,0.000000e+00,7.558756e+06,0.000000e+00,7.558756e+06,0.000000e+00,0.000000e+00,1.316364e+11,5.587935e-09,6.676975e-14,0.000000e+00,0.000000e+00,0.000000e+00,0.000000e+00,1.548932e+11,1.674490e+11,-6.877286e+08,1.716328e+06,5.087204e+08,1.846000e+03,-4.006978e+02,4.259780e+09,1.370639e+10,-1.557840e+08,8.624712e+05,1.484217e+08,7.830000e+02,-1.806251e+02,-5.933696e+07
1.192175e+01,1.638079e+11,1.850625e+11,-6.989522e+04,1.557394e+04,-9.073438e+08,8.368962e+06,4.523613e-03,6.881260e+08,0.000000e+00,0.000000e+00,7.316346e+06,0.000000e+00,7.316346e+06,0.000000e+00,0.000000e+00,1.316371e+11,5.587935e-09,6.676975e-14,0.000000e+00,0.000000e+00,0.000000e+00,0.000000e+00,1.548934e+11,1.674499e+11,-6.877286e+08,1.716328e+06,5.087700e+08,1.846000e+03,-4.006978e+02,4.259497e+09,1.370671e+10,-1.557839e+08,8.624712e+05,1.484309e+08,7.830000e+02,-1.806251e+02,-5.933702e+07
1.194437e+01,1.638090e+11,1.850618e+11,-6.706997e+04,1.466978e+04,-9.072662e+08,8.368962e+06,4.523381e-03,6.878065e+08,0.000000e+00,0.000000e+00,7.049052e+06,0.000000e+00,7.049052e+06,0.000000e+00,0.000000e+00,1.316381e+11,5.587935e-09,6.676975e-14,0.000000e+00,0.000000e+00,0.000000e+00,0.000000e+00,1.548938e+11,1.674501e+11,-6.877286e+08,1.716328e+06,5.088349e+08,1.846000e+03,-4.006978e+02,4.259321e+09,1.370693e+10,-1.557839e+08,8.624712e+05,1.484424e+08,7.830000e+02,-1.806250e+02,-5.933702e+07
1.196252e+01,1.638105e+11,1.850596e+11,-6.444599e+04,1.437856e+04,-9.072021e+08,8.368962e+06,4.543490e-03,6.886115e+08,0.000000e+00,0.000000e+00,6.911438e+06,0.000000e+00,6.911438e+06,0.000000e+00,0.000000e+00,1.316388e+11,5.587935e-09,6.676975e-14,0.000000e+00,0.000000e+00,0.000000e+00,0.000000e+00,1.548947e+11,1.674484e+11,-6.877286e+08,1.716328e+06,5.088870e+08,1.846000e+03,-4.006978e+02,4.259245e+09,1.370706e+10,-1.557839e+08,8.624712e+05,1.484513e+08,7.830000e+02,-1.806251e+02,-5.933701e+07
1.198070e+01,1.638118e+11,1.850592e+11,-6.152482e+04,1.451477e+04,-9.071377e+08,8.368962e+06,4.586822e-03,6.877651e+08,0.000000e+00,0.000000e+00,6.838422e+06,0.000000e+00,6.838422e+06,0.000000e+00,0.000000e+00,1.316396e+11,5.587935e-09,6.676975e-14,0.000000e+00,0.000000e+00,0.000000e+00,0.000000e+00,1.548955e+11,1.674483e+11,-6.877286e+08,1.716328e+06,5.089385e+08,1.846000e+03,-4.006978e+02,4.258951e+09,1.370736e+10,-1.557839e+08,8.624712e+05,1.484601e+08,7.830000e+02,-1.806251e+02,-5.933701e+07
1.200364e+01,1.638123e+11,1.850602e+11,-5.757911e+04,1.485037e+04,-9.070573e+08,8.368962e+06,4.588937e-03,6.862035e+08,0.000000e+00,0.000000e+00,6.846975e+06,0.000000e+00,6.846975e+06,0.000000e+00,0.000000e+00,1.316406e+11,5.587935e-09,6.676975e-14,0.000000e+00,0.000000e+00,0.000000e+00,0.000000e+00,1.548954e+11,1.674498e+11,-6.877286e+08,1.716328e+06,5.090038e+08,1.846000e+03,-4.006978e+02,4.258585e+09,1.370776e+10,-1.557839e+08,8.624712e+05,1.484713e+08,7.830000e+02,-1.806251e+02,-5.933701e+07
1.202155e+01,1.638123e+11,1.850590e+11,-5.458259e+04,1.481750e+04,-9.069959e+08,8.368962e+06,4.359744e-03,6.871888e+08,0.000000e+00,0.000000e+00,6.944423e+06,0.000000e+00,6.944423e+06,0.000000e+00,0.000000e+00,1.316413e+11,5.587935e-09,6.676975e-14,0.000000e+00,0.000000e+00,0.000000e+00,0.000000e+00,1.548951e+11,1.674492e+11,-6.877286e+08,1.716328e+06,5.090552e+08,1.846000e+03,-4.006978e+02,4.258248e+09,1.370811e+10,-1.557839e+08,8.624712e+05,1.484801e+08,7.830000e+02,-1.806251e+02,-5.933701e+07
1.204335e+01,1.638116e+11,1.850596e+11,-5.139315e+04,1.479401e+04,-9.069230e+08,8.368962e+06,4.360015e-03,6.870087e+08,0.000000e+00,0.000000e+00,7.149442e+06,0.000000e+00,7.149442e+06,0.000000e+00,0.000000e+00,1.316423e+11,5.587935e-09,6.676975e-14,0.000000e+00,0.000000e+00,0.000000e+00,0.000000e+00,1.548940e+11,1.674499e+11,-6.877286e+08,1.716328e+06,5.091175e+08,1.846000e+03,-4.006978e+02,4.257742e+09,1.370854e+10,-1.557839e+08,8.624712e+05,1.484906e+08,7.830000e+02,-1.806250e+02,-5.933702e+07
1.206079e+01,1.638108e+11,1.850613e+11,-4.926691e+04,1.499680e+04,-9.068660e+08,8.368962e+06,4.360371e-03,6.857666e+08,0.000000e+00,0.000000e+00,7.358750e+06,0.000000e+00,7.358750e+06,0.000000e+00,0.000000e+00,1.316430e+11,5.587935e-09,6.676975e-14,0.000000e+00,0.000000e+00,0.000000e+00,0.000000e+00,1.548928e+11,1.674521e+11,-6.877286e+08,1.716328e+06,5.091655e+08,1.846000e+03,-4.006978e+02,4.257452e+09,1.370870e+10,-1.557839e+08,8.624712e+05,1.484991e+08,7.830000e+02,-1.806250e+02,-5.933706e+07
1.208354e+01,1.638100e+11,1.850610e+11,-4.678098e+04,1.540641e+04,-9.067930e+08,8.368962e+06,4.824641e-03,6.866276e+08,0.000000e+00,0.000000e+00,7.662607e+06,0.000000e+00,7.662607e+06,0.000000e+00,0.000000e+00,1.316440e+11,5.587935e-09,6.676975e-14,0.000000e+00,0.000000e+00,0.000000e+00,0.000000e+00,1.548910e+11,1.674530e+11,-6.877286e+08,1.716328e+06,5.092256e+08,1.846000e+03,-4.006978e+02,4.257430e+09,1.370875e+10,-1.557838e+08,8.624712e+05,1.485104e+08,7.830000e+02,-1.806249e+02,-5.933718e+07
1.210283e+01,1.638093e+11,1.850609e+11,-4.471476e+04,1.598633e+04,-9.067319e+08,8.368962e+06,4.822585e-03,6.869821e+08,0.000000e+00,0.000000e+00,7.907394e+06,0.000000e+00,7.907394e+06,0.000000e+00,0.000000e+00,1.316448e+11,5.587935e-09,6.676975e-14,0.000000e+00,0.000000e+00,0.000000e+00,0.000000e+00,1.548896e+11,1.674535e+11,-6.877286e+08,1.716328e+06,5.092754e+08,1.846000e+03,-4.006978e+02,4.257549e+09,1.370866e+10,-1.557837e+08,8.624712e+05,1.485202e+08,7.830000e+02,-1.806248e+02,-5.933719e+07
1.212212e+01,1.638091e+11,1.850621e+11,-4.252281e+04,1.703370e+04,-9.066715e+08,8.368962e+06,4.822737e-03,6.858575e+08,0.000000e+00,0.000000e+00,8.100994e+06,0.000000e+00,8.100994e+06,0.000000e+00,0.000000e+00,1.316456e+11,5.587935e-09,6.676975e-14,0.000000e+00,0.000000e+00,0.000000e+00,0.000000e+00,1.548886e+11,1.674555e+11,-6.877286e+08,1.716328e+06,5.093252e+08,1.846000e+03,-4.006978e+02,4.257535e+09,1.370859e+10,-1.557838e+08,8.624712e+05,1.485297e+08,7.830000e+02,-1.806249e+02,-5.933716e+07
1.214141e+01,1.638090e+11,1.850618e+11,-4.042068e+04,1.824225e+04,-9.066117e+08,8.368962e+06,4.822706e-03,6.860077e+08,0.000000e+00,0.000000e+00,8.203752e+06,0.000000e+00,8.203752e+06,0.000000e+00,0.000000e+00,1.316464e+11,5.587935e-09,6.676975e-14,0.000000e+00,0.000000e+00,0.000000e+00,0.000000e+00,1.548877e+11,1.674564e+11,-6.877286e+08,1.716328e+06,5.093751e+08,1.846000e+03,-4.006978e+02,4.257574e+09,1.370851e+10,-1.557838e+08,8.624712e+05,1.485391e+08,7.830000e+02,-1.806249e+02,-5.933715e+07
1.216070e+01,1.638094e+11,1.850605e+11,-3.847231e+04,1.966337e+04,-9.065528e+08,8.368962e+06,4.823365e-03,6.868391e+08,0.000000e+00,0.000000e+00,8.195803e+06,0.000000e+00,8.195803e+06,0.000000e+00,0.000000e+00,1.316471e+11,5.587935e-09,6.676975e-14,0.000000e+00,0.000000e+00,0.000000e+00,0.000000e+00,1.548873e+11,1.674558e+11,-6.877286e+08,1.716328e+06,5.094250e+08,1.846000e+03,-4.006978e+02,4.257647e+09,1.370841e+10,-1.557837e+08,8.624712e+05,1.485488e+08,7.830000e+02,-1.806249e+02,-5.933717e+07
1.218392e+01,1.638104e+11,1.850609e+11,-3.671920e+04,2.128580e+04,-9.064827e+08,8.368962e+06,4.360319e-03,6.855184e+08,0.000000e+00,0.000000e+00,8.106178e+06,0.000000e+00,8.106178e+06,0.000000e+00,0.000000e+00,1.316481e+11,5.587935e-09,6.676975e-14,0.000000e+00,0.000000e+00,0.000000e+00,0.000000e+00,1.548874e+11,1.674570e+11,-6.877286e+08,1.716328e+06,5.094851e+08,1.846000e+03,-4.006978e+02,4.257623e+09,1.370843e+10,-1.557838e+08,8.624712e+05,1.485603e+08,7.830000e+02,-1.806249e+02,-5.933714e+07
1.220136e+01,1.638111e+11,1.850610e+11,-3.600433e+04,2.198856e+04,-9.064301e+08,8.368962e+06,4.360147e-03,6.848039e+08,0.000000e+00,0.000000e+00,8.006704e+06,0.000000e+00,8.006704e+06,0.000000e+00,0.000000e+00,1.316487e+11,5.587935e-09,6.676975e-14,0.000000e+00,0.000000e+00,0.000000e+00,0.000000e+00,1.548877e+11,1.674576e+11,-6.877286e+08,1.716328e+06,5.095307e+08,1.846000e+03,-4.006978e+02,4.257362e+09,1.370866e+10,-1.557838e+08,8.624712e+05,1.485689e+08,7.830000e+02,-1.806249e+02,-5.933714e+07
1.222316e+01,1.638123e+11,1.850592e+11,-3.555695e+04,2.217490e+04,-9.063639e+08,8.368962e+06,4.360196e-03,6.854525e+08,0.000000e+00,0.000000e+00,7.847126e+06,0.000000e+00,7.847126e+06,0.000000e+00,0.000000e+00,1.316496e+11,5.587935e-09,6.676975e-14,0.000000e+00,0.000000e+00,0.000000e+00,0.000000e+00,1.548884e+11,1.674564e+11,-6.877286e+08,1.716328e+06,5.095881e+08,1.846000e+03,-4.006978e+02,4.257001e+09,1.370903e+10,-1.557838e+08,8.624712e+05,1.485797e+08,7.830000e+02,-1.806249e+02,-5.933714e+07
1.224060e+01,1.638132e+11,1.850593e+11,-3.518989e+04,2.205381e+04,-9.063105e+08,8.368962e+06,4.360235e-03,6.845532e+08,0.000000e+00,0.000000e+00,7.710750e+06,0.000000e+00,7.710750e+06,0.000000e+00,0.000000e+00,1.316503e+11,5.587935e-09,6.676975e-14,0.000000e+00,0.000000e+00,0.000000e+00,0.000000e+00,1.548889e+11,1.674567e+11,-6.877286e+08,1.716328e+06,5.096326e+08,1.846000e+03,-4.006978e+02,4.256700e+09,1.370929e+10,-1.557838e+08,8.624712e+05,1.485882e+08,7.830000e+02,-1.806249e+02,-5.933716e+07
1.226376e+01,1.638143e+11,1.850600e+11,-3.449865e+04,2.257702e+04,-9.062392e+08,8.368962e+06,4.822814e-03,6.828669e+08,0.000000e+00,0.000000e+00,7.538430e+06,0.000000e+00,7.538430e+06,0.000000e+00,0.000000e+00,1.316512e+11,5.587935e-09,6.676975e-14,0.000000e+00,0.000000e+00,0.000000e+00,0.000000e+00,1.548895e+11,1.674580e+11,-6.877286e+08,1.716328e+06,5.096905e+08,1.846000e+03,-4.006978e+02,4.256341e+09,1.370960e+10,-1.557837e+08,8.624712e+05,1.485996e+08,7.830000e+02,-1.806248e+02,-5.933720e+07
1.228310e+01,1.638151e+11,1.850587e+11,-3.355129e+04,2.399308e+04,-9.061804e+08,8.368962e+06,4.822487e-03,6.834557e+08,0.000000e+00,0.000000e+00,7.409296e+06,0.000000e+00,7.409296e+06,0.000000e+00,0.000000e+00,1.316520e+11,5.587935e-09,6.676975e-14,0.000000e+00,0.000000e+00,0.000000e+00,0.000000e+00,1.548897e+11,1.674575e+11,-6.877286e+08,1.716328e+06,5.097396e+08,1.846000e+03,-4.006978e+02,4.256160e+09,1.370983e+10,-1.557837e+08,8.624712e+05,1.486090e+08,7.830000e+02,-1.806248e+02,-5.933718e+07
1.230239e+01,1.638157e+11,1.850588e+11,-3.233356e+04,2.517726e+04,-9.061231e+08,8.368962e+06,4.384417e-03,6.828502e+08,0.000000e+00,0.000000e+00,7.272449e+06,0.000000e+00,7.272449e+06,0.000000e+00,0.000000e+00,1.316528e+11,5.587935e-09,6.676975e-14,0.000000e+00,0.000000e+00,0.000000e+00,0.000000e+00,1.548898e+11,1.674576e+11,-6.877286e+08,1.716328e+06,5.097890e+08,1.846000e+03,-4.006978e+02,4.255950e+09,1.371004e+10,-1.557837e+08,8.624712e+05,1.486183e+08,7.830000e+02,-1.806249e+02,-5.933718e+07
1.232422e+01,1.638161e+11,1.850594e+11,-3.118306e+04,2.511825e+04,-9.060601e+08,8.368962e+06,4.360390e-03,6.818482e+08,0.000000e+00,0.000000e+00,7.176432e+06,0.000000e+00,7.176432e+06,0.000000e+00,0.000000e+00,1.316537e+11,5.587935e-09,6.676975e-14,0.000000e+00,0.000000e+00,0.000000e+00,0.000000e+00,1.548897e+11,1.674590e+11,-6.877286e+08,1.716328e+06,5.098442e+08,1.846000e+03,-4.006978e+02,4.255657e+09,1.371032e+10,-1.557837e+08,8.624712e+05,1.486287e+08,7.830000e+02,-1.806249e+02,-5.933718e+07
1.234166e+01,1.638165e+11,1.850584e+11,-3.069719e+04,2.418225e+04,-9.060109e+08,8.368962e+06,4.360316e-03,6.823974e+08,0.000000e+00,0.000000e+00,7.218343e+06,0.000000e+00,7.218343e+06,0.000000e+00,0.000000e+00,1.316544e+11,5.587935e-09,6.676975e-14,0.000000e+00,0.000000e+00,0.000000e+00,0.000000e+00,1.548896e+11,1.674588e+11,-6.877286e+08,1.716328e+06,5.098870e+08,1.846000e+03,-4.006978e+02,4.255578e+09,1.371040e+10,-1.557837e+08,8.624712e+05,1.486368e+08,7.830000e+02,-1.806249e+02,-5.933718e+07
1.236368e+01,1.638167e+11,1.850576e+11,-3.054014e+04,2.279805e+04,-9.059494e+08,8.368962e+06,4.588865e-03,6.828554e+08,0.000000e+00,0.000000e+00,7.433932e+06,0.000000e+00,7.433932e+06,0.000000e+00,0.000000e+00,1.316553e+11,5.587935e-09,6.676975e-14,0.000000e+00,0.000000e+00,0.000000e+00,0.000000e+00,1.548890e+11,1.674584e+11,-6.877286e+08,1.716328e+06,5.099417e+08,1.846000e+03,-4.006978e+02,4.255483e+09,1.371048e+10,-1.557837e+08,8.624712e+05,1.486475e+08,7.830000e+02,-1.806249e+02,-5.933718e+07
1.238204e+01,1.638161e+11,1.850580e+11,-3.082721e+04,2.205121e+04,-9.058981e+08,8.368962e+06,4.589492e-03,6.827304e+08,0.000000e+00,0.000000e+00,7.668454e+06,0.000000e+00,7.668454e+06,0.000000e+00,0.000000e+00,1.316560e+11,5.587935e-09,6.676975e-14,0.000000e+00,0.000000e+00,0.000000e+00,0.000000e+00,1.548879e+11,1.674594e+11,-6.877286e+08,1.716328e+06,5.099891e+08,1.846000e+03,-4.006978e+02,4.255264e+09,1.371070e+10,-1.557837e+08,8.624712e+05,1.486567e+08,7.830000e+02,-1.806249e+02,-5.933718e+07
1.240040e+01,1.638154e+11,1.850580e+11,-3.137201e+04,2.215266e+04,-9.058467e+08,8.368962e+06,4.589634e-03,6.831589e+08,0.000000e+00,0.000000e+00,7.891392e+06,0.000000e+00,7.891392e+06,0.000000e+00,0.000000e+00,1.316568e+11,5.587935e-09,6.676975e-14,0.000000e+00,0.000000e+00,0.000000e+00,0.000000e+00,1.548868e+11,1.674599e+11,-6.877286e+08,1.716328e+06,5.100371e+08,1.846000e+03,-4.006978e+02,4.254981e+09,1.371096e+10,-1.557837e+08,8.624712e+05,1.486657e+08,7.830000e+02,-1.806248e+02,-5.933720e+07
1.242290e+01,1.638135e+11,1.850578e+11,-3.193360e+04,2.284775e+04,-9.057839e+08,8.368962e+06,4.360500e-03,6.848982e+08,0.000000e+00,0.000000e+00,8.109578e+06,0.000000e+00,8.109578e+06,0.000000e+00,0.000000e+00,1.316577e+11,5.587935e-09,6.676975e-14,0.000000e+00,0.000000e+00,0.000000e+00,0.000000e+00,1.548847e+11,1.674598e+11,-6.877286e+08,1.716328e+06,5.100955e+08,1.846000e+03,-4.006978e+02,4.254395e+09,1.371150e+10,-1.557837e+08,8.624712e+05,1.486768e+08,7.830000e+02,-1.806248e+02,-5.933724e+07
1.244034e+01,1.638118e+11,1.850590e+11,-3.231731e+04,2.304821e+04,-9.057356e+08,8.368962e+06,4.360407e-03,6.852834e+08,0.000000e+00,0.000000e+00,8.181410e+06,0.000000e+00,8.181410e+06,0.000000e+00,0.000000e+00,1.316584e+11,5.587935e-09,6.676975e-14,0.000000e+00,0.000000e+00,0.000000e+00,0.000000e+00,1.548827e+11,1.674613e+11,-6.877286e+08,1.716328e+06,5.101413e+08,1.846000e+03,-4.006978e+02,4.253872e+09,1.371198e+10,-1.557837e+08,8.624712e+05,1.486858e+08,7.830000e+02,-1.806248e+02,-5.933721e+07
1.246314e+01,1.638096e+11,1.850604e+11,-3.271940e+04,2.301108e+04,-9.056727e+08,8.368962e+06,4.542178e-03,6.860312e+08,0.000000e+00,0.000000e+00,8.050039e+06,0.000000e+00,8.050039e+06,0.000000e+00,0.000000e+00,1.316593e+11,5.587935e-09,6.676975e-14,0.000000e+00,0.000000e+00,0.000000e+00,0.000000e+00,1.548803e+11,1.674631e+11,-6.877286e+08,1.716328e+06,5.102022e+08,1.846000e+03,-4.006978e+02,4.253259e+09,1.371244e+10,-1.557837e+08,8.624712e+05,1.486975e+08,7.830000e+02,-1.806248e+02,-5.933720e+07
1.248131e+01,1.638081e+11,1.850606e+11,-3.278934e+04,2.295931e+04,-9.056225e+08,8.368962e+06,4.542179e-03,6.875143e+08,0.000000e+00,0.000000e+00,7.817980e+06,0.000000e+00,7.817980e+06,0.000000e+00,0.000000e+00,1.316601e+11,5.587935e-09,6.676975e-14,0.000000e+00,0.000000e+00,0.000000e+00,0.000000e+00,1.548784e+11,1.674638e+11,-6.877286e+08,1.716328e+06,5.102508e+08,1.846000e+03,-4.006978e+02,4.252876e+09,1.371277e+10,-1.557833e+08,8.624712e+05,1.487066e+08,7.830000e+02,-1.806243e+02,-5.933800e+07
1.250012e+01,1.638073e+11,1.850617e+11,-3.275117e+04,2.290497e+04,-9.055695e+08,8.368962e+06,4.872757e-03,6.874723e+08,0.000000e+00,0.000000e+00,7.429100e+06,0.000000e+00,7.429100e+06,0.000000e+00,0.000000e+00,1.316609e+11,5.587935e-09,6.676975e-14,0.000000e+00,0.000000e+00,0.000000e+00,0.000000e+00,1.548774e+11,1.674650e+11,-6.877286e+08,1.716328e+06,5.103022e+08,1.846000e+03,-4.006978e+02,4.252489e+09,1.371307e+10,-1.557821e+08,8.624712e+05,1.487164e+08,7.830000e+02,-1.806230e+02,-5.933892e+07
1.252434e+01,1.638073e+11,1.850625e+11,-3.263555e+04,2.295087e+04,-9.054988e+08,8.368962e+06,4.822920e-03,6.871447e+08,0.000000e+00,0.000000e+00,6.842553e+06,0.000000e+00,6.842553e+06,0.000000e+00,0.000000e+00,1.316619e+11,5.587935e-09,6.676975e-14,0.000000e+00,0.000000e+00,0.000000e+00,0.000000e+00,1.548770e+11,1.674664e+11,-6.877286e+08,1.716328e+06,5.103703e+08,1.846000e+03,-4.006978e+02,4.251928e+09,1.371355e+10,-1.557820e+08,8.624712e+05,1.487291e+08,7.830000e+02,-1.806229e+02,-5.933888e+07
1.254363e+01,1.638086e+11,1.850611e+11,-3.224530e+04,2.272362e+04,-9.054405e+08,8.368962e+06,4.823187e-03,6.875110e+08,0.000000e+00,0.000000e+00,6.411191e+06,0.000000e+00,6.411191e+06,0.000000e+00,0.000000e+00,1.316627e+11,5.587935e-09,6.676975e-14,0.000000e+00,0.000000e+00,0.000000e+00,0.000000e+00,1.548779e+11,1.674656e+11,-6.877286e+08,1.716328e+06,5.104237e+08,1.846000e+03,-4.006978e+02,4.251630e+09,1.371387e+10,-1.557820e+08,8.624712e+05,1.487388e+08,7.830000e+02,-1.806228e+02,-5.933892e+07
1.256292e+01,1.638108e+11,1.850602e+11,-3.181170e+04,2.202019e+04,-9.053807e+08,8.368962e+06,4.823314e-03,6.865819e+08,0.000000e+00,0.000000e+00,6.044502e+06,0.000000e+00,6.044502e+06,0.000000e+00,0.000000e+00,1.316636e+11,5.587935e-09,6.676975e-14,0.000000e+00,0.000000e+00,0.000000e+00,0.000000e+00,1.548796e+11,1.674649e+11,-6.877286e+08,1.716328e+06,5.104748e+08,1.846000e+03,-4.006978e+02,4.251342e+09,1.371417e+10,-1.557819e+08,8.624712e+05,1.487484e+08,7.830000e+02,-1.806228e+02,-5.933900e+07
1.258222e+01,1.638124e+11,1.850592e+11,-3.157167e+04,2.136486e+04,-9.053197e+08,8.368962e+06,4.823354e-03,6.861503e+08,0.000000e+00,0.000000e+00,5.774708e+06,0.000000e+00,5.774708e+06,0.000000e+00,0.000000e+00,1.316644e+11,5.587935e-09,6.676975e-14,0.000000e+00,0.000000e+00,0.000000e+00,0.000000e+00,1.548808e+11,1.674646e+11,-6.877286e+08,1.716328e+06,5.105243e+08,1.846000e+03,-4.006978e+02,4.250961e+09,1.371444e+10,-1.557819e+08,8.624712e+05,1.487582e+08,7.830000e+02,-1.806227e+02,-5.933904e+07
1.260151e+01,1.638137e+11,1.850579e+11,-3.150747e+04,2.146139e+04,-9.052580e+08,8.368962e+06,4.823395e-03,6.863292e+08,0.000000e+00,0.000000e+00,5.592780e+06,0.000000e+00,5.592780e+06,0.000000e+00,0.000000e+00,1.316652e+11,5.587935e-09,6.676975e-14,0.000000e+00,0.000000e+00,0.000000e+00,0.000000e+00,1.548816e+11,1.674636e+11,-6.877286e+08,1.716328e+06,5.105740e+08,1.846000e+03,-4.006978e+02,4.250708e+09,1.371474e+10,-1.557819e+08,8.624712e+05,1.487681e+08,7.830000e+02,-1.806227e+02,-5.933904e+07
1.262057e+01,1.638144e+11,1.850573e+11,-3.158362e+04,2.210254e+04,-9.051971e+08,8.368962e+06,4.524413e-03,6.863809e+08,0.000000e+00,0.000000e+00,5.424369e+06,0.000000e+00,5.424369e+06,0.000000e+00,0.000000e+00,1.316661e+11,5.587935e-09,6.676975e-14,0.000000e+00,0.000000e+00,0.000000e+00,0.000000e+00,1.548818e+11,1.674633e+11,-6.877286e+08,1.716328e+06,5.106233e+08,1.846000e+03,-4.006978e+02,4.250540e+09,1.371493e+10,-1.557819e+08,8.624712e+05,1.487778e+08,7.830000e+02,-1.806227e+02,-5.933904e+07
1.264319e+01,1.638143e+11,1.850576e+11,-3.166011e+04,2.240371e+04,-9.051250e+08,8.368962e+06,4.807064e-03,6.862612e+08,0.000000e+00,0.000000e+00,5.238853e+06,0.000000e+00,5.238853e+06,0.000000e+00,0.000000e+00,1.316671e+11,5.587935e-09,6.676975e-14,0.000000e+00,0.000000e+00,0.000000e+00,0.000000e+00,1.548811e+11,1.674644e+11,-6.877286e+08,1.716328e+06,5.106808e+08,1.846000e+03,-4.006978e+02,4.250267e+09,1.371509e+10,-1.557819e+08,8.624712e+05,1.487891e+08,7.830000e+02,-1.806227e+02,-5.933904e+07
1.266256e+01,1.638139e+11,1.850576e+11,-3.139213e+04,2.258116e+04,-9.050637e+08,8.368962e+06,4.873001e-03,6.866951e+08,0.000000e+00,0.000000e+00,5.137644e+06,0.000000e+00,5.137644e+06,0.000000e+00,0.000000e+00,1.316679e+11,5.587935e-09,6.676975e-14,0.000000e+00,0.000000e+00,0.000000e+00,0.000000e+00,1.548803e+11,1.674648e+11,-6.877286e+08,1.716328e+06,5.107300e+08,1.846000e+03,-4.006978e+02,4.249993e+09,1.371536e+10,-1.557819e+08,8.624712e+05,1.487986e+08,7.830000e+02,-1.806227e+02,-5.933904e+07
1.268195e+01,1.638133e+11,1.850575e+11,-3.080952e+04,2.386102e+04,-9.050028e+08,8.368962e+06,4.386809e-03,6.874340e+08,0.000000e+00,0.000000e+00,5.125478e+06,0.000000e+00,5.125478e+06,0.000000e+00,0.000000e+00,1.316688e+11,5.587935e-09,6.676975e-14,0.000000e+00,0.000000e+00,0.000000e+00,0.000000e+00,1.548792e+11,1.674651e+11,-6.877286e+08,1.716328e+06,5.107822e+08,1.846000e+03,-4.006978e+02,4.249648e+09,1.371571e+10,-1.557819e+08,8.624712e+05,1.488080e+08,7.830000e+02,-1.806227e+02,-5.933904e+07
1.270378e+01,1.638133e+11,1.850579e+11,-2.976506e+04,2.666438e+04,-9.049347e+08,8.368962e+06,4.359986e-03,6.868072e+08,0.000000e+00,0.000000e+00,5.193467e+06,0.000000e+00,5.193467e+06,0.000000e+00,0.000000e+00,1.316696e+11,5.587935e-09,6.676975e-14,0.000000e+00,0.000000e+00,0.000000e+00,0.000000e+00,1.548790e+11,1.674658e+11,-6.877286e+08,1.716328e+06,5.108440e+08,1.846000e+03,-4.006978e+02,4.249143e+09,1.371621e+10,-1.557819e+08,8.624712e+05,1.488183e+08,7.830000e+02,-1.806227e+02,-5.933904e+07
1.272122e+01,1.638142e+11,1.850568e+11,-2.851896e+04,2.926856e+04,-9.048801e+08,8.368962e+06,4.359737e-03,6.868191e+08,0.000000e+00,0.000000e+00,5.271027e+06,0.000000e+00,5.271027e+06,0.000000e+00,0.000000e+00,1.316704e+11,5.587935e-09,6.676975e-14,0.000000e+00,0.000000e+00,0.000000e+00,0.000000e+00,1.548796e+11,1.674652e+11,-6.877286e+08,1.716328e+06,5.108929e+08,1.846000e+03,-4.006978e+02,4.248721e+09,1.371659e+10,-1.557819e+08,8.624712e+05,1.488265e+08,7.830000e+02,-1.806227e+02,-5.933904e+07
1.274302e+01,1.638158e+11,1.850549e+11,-2.677414e+04,3.235237e+04,-9.048112e+08,8.368962e+06,4.359472e-03,6.870058e+08,0.000000e+00,0.000000e+00,5.397668e+06,0.000000e+00,5.397668e+06,0.000000e+00,0.000000e+00,1.316713e+11,5.587935e-09,6.676975e-14,0.000000e+00,0.000000e+00,0.000000e+00,0.000000e+00,1.548808e+11,1.674638e+11,-6.877286e+08,1.716328e+06,5.109530e+08,1.846000e+03,-4.006978e+02,4.248363e+09,1.371686e+10,-1.557819e+08,8.624712e+05,1.488368e+08,7.830000e+02,-1.806227e+02,-5.933904e+07
1.276045e+01,1.638177e+11,1.850543e+11,-2.545958e+04,3.445854e+04,-9.047555e+08,8.368962e+06,4.359544e-03,6.855002e+08,0.000000e+00,0.000000e+00,5.490006e+06,0.000000e+00,5.490006e+06,0.000000e+00,0.000000e+00,1.316721e+11,5.587935e-09,6.676975e-14,0.000000e+00,0.000000e+00,0.000000e+00,0.000000e+00,1.548822e+11,1.674635e+11,-6.877286e+08,1.716328e+06,5.110005e+08,1.846000e+03,-4.006978e+02,4.248281e+09,1.371696e+10,-1.557819e+08,8.624712e+05,1.488450e+08,7.830000e+02,-1.806227e+02,-5.933904e+07
1.278225e+01,1.638199e+11,1.850528e+11,-2.396921e+04,3.682644e+04,-9.046855e+08,8.368962e+06,4.359838e-03,6.846823e+08,0.000000e+00,0.000000e+00,5.538969e+06,0.000000e+00,5.538969e+06,0.000000e+00,0.000000e+00,1.316730e+11,5.587935e-09,6.676975e-14,0.000000e+00,0.000000e+00,0.000000e+00,0.000000e+00,1.548838e+11,1.674629e+11,-6.877286e+08,1.716328e+06,5.110582e+08,1.846000e+03,-4.006978e+02,4.248216e+09,1.371707e+10,-1.557819e+08,8.624712e+05,1.488552e+08,7.830000e+02,-1.806227e+02,-5.933904e+07
1.280405e+01,1.638217e+11,1.850513e+11,-2.269381e+04,3.890868e+04,-9.046144e+08,8.368962e+06,4.360266e-03,6.843178e+08,0.000000e+00,0.000000e+00,5.513395e+06,0.000000e+00,5.513395e+06,0.000000e+00,0.000000e+00,1.316740e+11,5.587935e-09,6.676975e-14,0.000000e+00,0.000000e+00,0.000000e+00,0.000000e+00,1.548850e+11,1.674618e+11,-6.877286e+08,1.716328e+06,5.111129e+08,1.846000e+03,-4.006978e+02,4.248036e+09,1.371720e+10,-1.557819e+08,8.624712e+05,1.488653e+08,7.830000e+02,-1.806227e+02,-5.933904e+07
1.282295e+01,1.638228e+11,1.850516e+11,-2.166865e+04,4.066513e+04,-9.045511e+08,8.368962e+06,4.873055e-03,6.829624e+08,0.000000e+00,0.000000e+00,5.482748e+06,0.000000e+00,5.482748e+06,0.000000e+00,0.000000e+00,1.316748e+11,5.587935e-09,6.676975e-14,0.000000e+00,0.000000e+00,0.000000e+00,0.000000e+00,1.548858e+11,1.674622e+11,-6.877286e+08,1.716328e+06,5.111592e+08,1.846000e+03,-4.006978e+02,4.247767e+09,1.371744e+10,-1.557819e+08,8.624712e+05,1.488743e+08,7.830000e+02,-1.806227e+02,-5.933904e+07
1.284144e+01,1.638228e+11,1.850516e+11,-2.076103e+04,4.231200e+04,-9.044871e+08,8.368962e+06,4.360367e-03,6.829043e+08,0.000000e+00,0.000000e+00,5.500647e+06,0.000000e+00,5.500647e+06,0.000000e+00,0.000000e+00,1.316756e+11,5.587935e-09,6.676975e-14,0.000000e+00,0.000000e+00,0.000000e+00,0.000000e+00,1.548855e+11,1.674628e+11,-6.877286e+08,1.716328e+06,5.112031e+08,1.846000e+03,-4.006978e+02,4.247430e+09,1.371771e+10,-1.557817e+08,8.624712e+05,1.488832e+08,7.830000e+02,-1.806225e+02,-5.933917e+07
1.286325e+01,1.638224e+11,1.850513e+11,-2.020892e+04,4.379032e+04,-9.044097e+08,8.368962e+06,4.360274e-03,6.835522e+08,0.000000e+00,0.000000e+00,5.556264e+06,0.000000e+00,5.556264e+06,0.000000e+00,0.000000e+00,1.316765e+11,5.587935e-09,6.676975e-14,0.000000e+00,0.000000e+00,0.000000e+00,0.000000e+00,1.548848e+11,1.674626e+11,-6.877286e+08,1.716328e+06,5.112531e+08,1.846000e+03,-4.006978e+02,4.247046e+09,1.371806e+10,-1.557818e+08,8.624712e+05,1.488936e+08,7.830000e+02,-1.806226e+02,-5.933915e+07
1.288069e+01,1.638220e+11,1.850513e+11,-2.032364e+04,4.398341e+04,-9.043469e+08,8.368962e+06,4.360273e-03,6.838333e+08,0.000000e+00,0.000000e+00,5.628988e+06,0.000000e+00,5.628988e+06,0.000000e+00,0.000000e+00,1.316773e+11,5.587935e-09,6.676975e-14,0.000000e+00,0.000000e+00,0.000000e+00,0.000000e+00,1.548841e+11,1.674630e+11,-6.877286e+08,1.716328e+06,5.112938e+08,1.846000e+03,-4.006978e+02,4.246812e+09,1.371836e+10,-1.557818e+08,8.624712e+05,1.489017e+08,7.830000e+02,-1.806226e+02,-5.933915e+07
1.290441e+01,1.638219e+11,1.850507e+11,-2.081400e+04,4.290319e+04,-9.042616e+08,8.368962e+06,4.539556e-03,6.844280e+08,0.000000e+00,0.000000e+00,5.736134e+06,0.000000e+00,5.736134e+06,0.000000e+00,0.000000e+00,1.316783e+11,5.587935e-09,6.676975e-14,0.000000e+00,0.000000e+00,0.000000e+00,0.000000e+00,1.548834e+11,1.674631e+11,-6.877286e+08,1.716328e+06,5.113540e+08,1.846000e+03,-4.006978e+02,4.246524e+09,1.371876e+10,-1.557818e+08,8.624712e+05,1.489126e+08,7.830000e+02,-1.806226e+02,-5.933915e+07
1.292252e+01,1.638224e+11,1.850487e+11,-2.118077e+04,4.147091e+04,-9.041972e+08,8.368962e+06,4.523200e-03,6.857863e+08,0.000000e+00,0.000000e+00,5.819904e+06,0.000000e+00,5.819904e+06,0.000000e+00,0.000000e+00,1.316792e+11,5.587935e-09,6.676975e-14,0.000000e+00,0.000000e+00,0.000000e+00,0.000000e+00,1.548836e+11,1.674613e+11,-6.877286e+08,1.716328e+06,5.114032e+08,1.846000e+03,-4.006978e+02,4.246257e+09,1.371898e+10,-1.557818e+08,8.624712e+05,1.489210e+08,7.830000e+02,-1.806226e+02,-5.933915e+07
1.294062e+01,1.638231e+11,1.850469e+11,-2.150677e+04,3.972811e+04,-9.041339e+08,8.368962e+06,4.523315e-03,6.868532e+08,0.000000e+00,0.000000e+00,5.866000e+06,0.000000e+00,5.866000e+06,0.000000e+00,0.000000e+00,1.316801e+11,5.587935e-09,6.676975e-14,0.000000e+00,0.000000e+00,0.000000e+00,0.000000e+00,1.548839e+11,1.674599e+11,-6.877286e+08,1.716328e+06,5.114534e+08,1.846000e+03,-4.006978e+02,4.246033e+09,1.371922e+10,-1.557818e+08,8.624712e+05,1.489292e+08,7.830000e+02,-1.806226e+02,-5.933915e+07
1.296381e+01,1.638236e+11,1.850462e+11,-2.173992e+04,3.762660e+04,-9.040540e+08,8.368962e+06,4.822154e-03,6.869196e+08,0.000000e+00,0.000000e+00,5.881294e+06,0.000000e+00,5.881294e+06,0.000000e+00,0.000000e+00,1.316813e+11,5.587935e-09,6.676975e-14,0.000000e+00,0.000000e+00,0.000000e+00,0.000000e+00,1.548840e+11,1.674594e+11,-6.877286e+08,1.716328e+06,5.115192e+08,1.846000e+03,-4.006978e+02,4.245599e+09,1.371964e+10,-1.557818e+08,8.624712e+05,1.489398e+08,7.830000e+02,-1.806226e+02,-5.933915e+07
1.298310e+01,1.638241e+11,1.850444e+11,-2.170938e+04,3.642273e+04,-9.039889e+08,8.368962e+06,4.822473e-03,6.879308e+08,0.000000e+00,0.000000e+00,5.892828e+06,0.000000e+00,5.892828e+06,0.000000e+00,0.000000e+00,1.316822e+11,5.587935e-09,6.676975e-14,0.000000e+00,0.000000e+00,0.000000e+00,0.000000e+00,1.548843e+11,1.674581e+11,-6.877286e+08,1.716328e+06,5.115747e+08,1.846000e+03,-4.006978e+02,4.245224e+09,1.371997e+10,-1.557818e+08,8.624712e+05,1.489486e+08,7.830000e+02,-1.806226e+02,-5.933912e+07
1.300239e+01,1.638250e+11,1.850431e+11,-2.148216e+04,3.584118e+04,-9.039252e+08,8.368962e+06,4.822536e-03,6.881614e+08,0.000000e+00,0.000000e+00,5.965071e+06,0.000000e+00,5.965071e+06,0.000000e+00,0.000000e+00,1.316831e+11,5.587935e-09,6.676975e-14,0.000000e+00,0.000000e+00,0.000000e+00,0.000000e+00,1.548848e+11,1.674572e+11,-6.877286e+08,1.716328e+06,5.116293e+08,1.846000e+03,-4.006978e+02,4.244990e+09,1.372029e+10,-1.557819e+08,8.624712e+05,1.489585e+08,7.830000e+02,-1.806227e+02,-5.933894e+07
1.302168e+01,1.638265e+11,1.850430e+11,-2.102266e+04,3.556991e+04,-9.038630e+08,8.368962e+06,4.822598e-03,6.866778e+08,0.000000e+00,0.000000e+00,5.976652e+06,0.000000e+00,5.976652e+06,0.000000e+00,0.000000e+00,1.316840e+11,5.587935e-09,6.676975e-14,0.000000e+00,0.000000e+00,0.000000e+00,0.000000e+00,1.548859e+11,1.674573e+11,-6.877286e+08,1.716328e+06,5.116819e+08,1.846000e+03,-4.006978e+02,4.244783e+09,1.372058e+10,-1.557821e+08,8.624712e+05,1.489681e+08,7.830000e+02,-1.806229e+02,-5.933879e+07
1.304029e+01,1.638281e+11,1.850417e+11,-2.060687e+04,3.563087e+04,-9.038048e+08,8.368962e+06,4.589489e-03,6.863365e+08,0.000000e+00,0.000000e+00,5.970022e+06,0.000000e+00,5.970022e+06,0.000000e+00,0.000000e+00,1.316849e+11,5.587935e-09,6.676975e-14,0.000000e+00,0.000000e+00,0.000000e+00,0.000000e+00,1.548871e+11,1.674567e+11,-6.877286e+08,1.716328e+06,5.117321e+08,1.846000e+03,-4.006978e+02,4.244559e+09,1.372077e+10,-1.557822e+08,8.624712e+05,1.489781e+08,7.830000e+02,-1.806230e+02,-5.933872e+07
1.306323e+01,1.638299e+11,1.850401e+11,-2.032942e+04,3.635457e+04,-9.037352e+08,8.368962e+06,4.589375e-03,6.859729e+08,0.000000e+00,0.000000e+00,5.962718e+06,0.000000e+00,5.962718e+06,0.000000e+00,0.000000e+00,1.316860e+11,5.587935e-09,6.676975e-14,0.000000e+00,0.000000e+00,0.000000e+00,0.000000e+00,1.548885e+11,1.674554e+11,-6.877286e+08,1.716328e+06,5.117933e+08,1.846000e+03,-4.006978e+02,4.244306e+09,1.372099e+10,-1.557822e+08,8.624712e+05,1.489895e+08,7.830000e+02,-1.806231e+02,-5.933871e+07
1.308159e+01,1.638319e+11,1.850397e+11,-2.020542e+04,3.729373e+04,-9.036810e+08,8.368962e+06,4.372509e-03,6.843987e+08,0.000000e+00,0.000000e+00,5.936294e+06,0.000000e+00,5.936294e+06,0.000000e+00,0.000000e+00,1.316868e+11,5.587935e-09,6.676975e-14,0.000000e+00,0.000000e+00,0.000000e+00,0.000000e+00,1.548899e+11,1.674555e+11,-6.877286e+08,1.716328e+06,5.118404e+08,1.846000e+03,-4.006978e+02,4.244241e+09,1.372104e+10,-1.557822e+08,8.624712e+05,1.489990e+08,7.830000e+02,-1.806231e+02,-5.933868e+07
1.310340e+01,1.638342e+11,1.850382e+11,-2.045860e+04,3.859534e+04,-9.036173e+08,8.368962e+06,4.360046e-03,6.836324e+08,0.000000e+00,0.000000e+00,5.847962e+06,0.000000e+00,5.847962e+06,0.000000e+00,0.000000e+00,1.316877e+11,5.587935e-09,6.676975e-14,0.000000e+00,0.000000e+00,0.000000e+00,0.000000e+00,1.548916e+11,1.674549e+11,-6.877286e+08,1.716328e+06,5.118940e+08,1.846000e+03,-4.006978e+02,4.244112e+09,1.372117e+10,-1.557823e+08,8.624712e+05,1.490095e+08,7.830000e+02,-1.806232e+02,-5.933842e+07
1.312084e+01,1.638361e+11,1.850362e+11,-2.117964e+04,3.992046e+04,-9.035661e+08,8.368962e+06,4.360077e-03,6.837406e+08,0.000000e+00,0.000000e+00,5.761695e+06,0.000000e+00,5.761695e+06,0.000000e+00,0.000000e+00,1.316884e+11,5.587935e-09,6.676975e-14,0.000000e+00,0.000000e+00,0.000000e+00,0.000000e+00,1.548933e+11,1.674531e+11,-6.877286e+08,1.716328e+06,5.119351e+08,1.846000e+03,-4.006978e+02,4.243856e+09,1.372162e+10,-1.557837e+08,8.624712e+05,1.490188e+08,7.830000e+02,-1.806249e+02,-5.933670e+07
1.314265e+01,1.638385e+11,1.850347e+11,-2.258973e+04,4.151704e+04,-9.035014e+08,8.368962e+06,4.360191e-03,6.831281e+08,0.000000e+00,0.000000e+00,5.457742e+06,0.000000e+00,5.457742e+06,0.000000e+00,0.000000e+00,1.316893e+11,5.587935e-09,6.676975e-14,0.000000e+00,0.000000e+00,0.000000e+00,0.000000e+00,1.548952e+11,1.674522e+11,-6.877286e+08,1.716328e+06,5.119843e+08,1.846000e+03,-4.006978e+02,4.243625e+09,1.372214e+10,-1.557859e+08,8.624712e+05,1.490304e+08,7.830000e+02,-1.806273e+02,-5.933472e+07
1.316009e+01,1.638396e+11,1.850342e+11,-2.391972e+04,4.214379e+04,-9.034492e+08,8.368962e+06,4.360169e-03,6.826957e+08,0.000000e+00,0.000000e+00,5.210920e+06,0.000000e+00,5.210920e+06,0.000000e+00,0.000000e+00,1.316900e+11,5.587935e-09,6.676975e-14,0.000000e+00,0.000000e+00,0.000000e+00,0.000000e+00,1.548958e+11,1.674523e+11,-6.877286e+08,1.716328e+06,5.120221e+08,1.846000e+03,-4.006978e+02,4.243617e+09,1.372237e+10,-1.557868e+08,8.624712e+05,1.490404e+08,7.830000e+02,-1.806285e+02,-5.933399e+07
1.318189e+01,1.638410e+11,1.850318e+11,-2.533609e+04,4.189631e+04,-9.033830e+08,8.368962e+06,4.360240e-03,6.838790e+08,0.000000e+00,0.000000e+00,5.079136e+06,0.000000e+00,5.079136e+06,0.000000e+00,0.000000e+00,1.316909e+11,5.587935e-09,6.676975e-14,0.000000e+00,0.000000e+00,0.000000e+00,0.000000e+00,1.548963e+11,1.674506e+11,-6.877286e+08,1.716328e+06,5.120703e+08,1.846000e+03,-4.006978e+02,4.243749e+09,1.372229e+10,-1.557865e+08,8.624712e+05,1.490522e+08,7.830000e+02,-1.806281e+02,-5.933442e+07
1.320369e+01,1.638422e+11,1.850299e+11,-2.600937e+04,4.079769e+04,-9.033165e+08,8.368962e+06,4.360316e-03,6.845702e+08,0.000000e+00,0.000000e+00,5.084152e+06,0.000000e+00,5.084152e+06,0.000000e+00,0.000000e+00,1.316918e+11,5.587935e-09,6.676975e-14,0.000000e+00,0.000000e+00,0.000000e+00,0.000000e+00,1.548967e+11,1.674495e+11,-6.877286e+08,1.716328e+06,5.121217e+08,1.846000e+03,-4.006978e+02,4.243835e+09,1.372225e+10,-1.557865e+08,8.624712e+05,1.490644e+08,7.830000e+02,-1.806281e+02,-5.933440e+07
1.322226e+01,1.638430e+11,1.850291e+11,-2.612485e+04,3.943136e+04,-9.032600e+08,8.368962e+06,4.524379e-03,6.842749e+08,0.000000e+00,0.000000e+00,5.229894e+06,0.000000e+00,5.229894e+06,0.000000e+00,0.000000e+00,1.316925e+11,5.587935e-09,6.676975e-14,0.000000e+00,0.000000e+00,0.000000e+00,0.000000e+00,1.548969e+11,1.674491e+11,-6.877286e+08,1.716328e+06,5.121676e+08,1.846000e+03,-4.006978e+02,4.243853e+09,1.372228e+10,-1.557864e+08,8.624712e+05,1.490743e+08,7.830000e+02,-1.806279e+02,-5.933458e+07
1.324035e+01,1.638438e+11,1.850269e+11,-2.599553e+04,3.794910e+04,-9.032049e+08,8.368962e+06,4.523216e-03,6.854150e+08,0.000000e+00,0.000000e+00,5.466144e+06,0.000000e+00,5.466144e+06,0.000000e+00,0.000000e+00,1.316932e+11,5.587935e-09,6.676975e-14,0.000000e+00,0.000000e+00,0.000000e+00,0.000000e+00,1.548973e+11,1.674476e+11,-6.877286e+08,1.716328e+06,5.122138e+08,1.846000e+03,-4.006978e+02,4.243747e+09,1.372232e+10,-1.557862e+08,8.624712e+05,1.490835e+08,7.830000e+02,-1.806277e+02,-5.933478e+07
1.326297e+01,1.638437e+11,1.850253e+11,-2.528379e+04,3.625323e+04,-9.031364e+08,8.368962e+06,4.523421e-03,6.865292e+08,0.000000e+00,0.000000e+00,5.851975e+06,0.000000e+00,5.851975e+06,0.000000e+00,0.000000e+00,1.316940e+11,5.587935e-09,6.676975e-14,0.000000e+00,0.000000e+00,0.000000e+00,0.000000e+00,1.548968e+11,1.674463e+11,-6.877286e+08,1.716328e+06,5.122737e+08,1.846000e+03,-4.006978e+02,4.243497e+09,1.372247e+10,-1.557861e+08,8.624712e+05,1.490958e+08,7.830000e+02,-1.806276e+02,-5.933479e+07
1.328136e+01,1.638440e+11,1.850255e+11,-2.410440e+04,3.488923e+04,-9.030806e+08,8.368962e+06,4.524191e-03,6.856520e+08,0.000000e+00,0.000000e+00,6.142715e+06,0.000000e+00,6.142715e+06,0.000000e+00,0.000000e+00,1.316947e+11,5.587935e-09,6.676975e-14,0.000000e+00,0.000000e+00,0.000000e+00,0.000000e+00,1.548966e+11,1.674467e+11,-6.877286e+08,1.716328e+06,5.123238e+08,1.846000e+03,-4.006978e+02,4.243278e+09,1.372270e+10,-1.557861e+08,8.624712e+05,1.491055e+08,7.830000e+02,-1.806276e+02,-5.933479e+07
1.330398e+01,1.638445e+11,1.850243e+11,-2.183978e+04,3.298700e+04,-9.030118e+08,8.368962e+06,4.523258e-03,6.860744e+08,0.000000e+00,0.000000e+00,6.381324e+06,0.000000e+00,6.381324e+06,0.000000e+00,0.000000e+00,1.316956e+11,5.587935e-09,6.676975e-14,0.000000e+00,0.000000e+00,0.000000e+00,0.000000e+00,1.548967e+11,1.674463e+11,-6.877286e+08,1.716328e+06,5.123857e+08,1.846000e+03,-4.006978e+02,4.242903e+09,1.372309e+10,-1.557861e+08,8.624712e+05,1.491173e+08,7.830000e+02,-1.806276e+02,-5.933479e+07
1.332207e+01,1.638450e+11,1.850232e+11,-1.923379e+04,3.099566e+04,-9.029565e+08,8.368962e+06,4.522997e-03,6.864063e+08,0.000000e+00,0.000000e+00,6.500963e+06,0.000000e+00,6.500963e+06,0.000000e+00,0.000000e+00,1.316965e+11,5.587935e-09,6.676975e-14,0.000000e+00,0.000000e+00,0.000000e+00,0.000000e+00,1.548970e+11,1.674452e+11,-6.877286e+08,1.716328e+06,5.124336e+08,1.846000e+03,-4.006978e+02,4.242568e+09,1.372335e+10,-1.557861e+08,8.624712e+05,1.491266e+08,7.830000e+02,-1.806276e+02,-5.933479e+07
1.334016e+01,1.638464e+11,1.850228e+11,-1.608108e+04,2.848871e+04,-9.029013e+08,8.368962e+06,4.542411e-03,6.853037e+08,0.000000e+00,0.000000e+00,6.576840e+06,0.000000e+00,6.576840e+06,0.000000e+00,0.000000e+00,1.316972e+11,5.587935e-09,6.676975e-14,0.000000e+00,0.000000e+00,0.000000e+00,0.000000e+00,1.548980e+11,1.674453e+11,-6.877286e+08,1.716328e+06,5.124794e+08,1.846000e+03,-4.006978e+02,4.242378e+09,1.372350e+10,-1.557861e+08,8.624712e+05,1.491357e+08,7.830000e+02,-1.806276e+02,-5.933479e+07
1.336288e+01,1.638474e+11,1.850222e+11,-1.168001e+04,2.504287e+04,-9.028316e+08,8.368962e+06,4.543380e-03,6.849045e+08,0.000000e+00,0.000000e+00,6.615398e+06,0.000000e+00,6.615398e+06,0.000000e+00,0.000000e+00,1.316982e+11,5.587935e-09,6.676975e-14,0.000000e+00,0.000000e+00,0.000000e+00,0.000000e+00,1.548984e+11,1.674454e+11,-6.877286e+08,1.716328e+06,5.125348e+08,1.846000e+03,-4.006978e+02,4.242182e+09,1.372370e+10,-1.557861e+08,8.624712e+05,1.491474e+08,7.830000e+02,-1.806276e+02,-5.933479e+07
1.338105e+01,1.638482e+11,1.850207e+11,-8.042013e+03,2.266618e+04,-9.027756e+08,8.368962e+06,4.543704e-03,6.855185e+08,0.000000e+00,0.000000e+00,6.593888e+06,0.000000e+00,6.593888e+06,0.000000e+00,0.000000e+00,1.316990e+11,5.587935e-09,6.676975e-14,0.000000e+00,0.000000e+00,0.000000e+00,0.000000e+00,1.548987e+11,1.674443e+11,-6.877286e+08,1.716328e+06,5.125790e+08,1.846000e+03,-4.006978e+02,4.242073e+09,1.372378e+10,-1.557861e+08,8.624712e+05,1.491564e+08,7.830000e+02,-1.806276e+02,-5.933480e+07
1.340005e+01,1.638491e+11,1.850199e+11,-4.390326e+03,2.106818e+04,-9.027171e+08,8.368962e+06,4.821979e-03,6.854288e+08,0.000000e+00,0.000000e+00,6.534140e+06,0.000000e+00,6.534140e+06,0.000000e+00,0.000000e+00,1.316998e+11,5.587935e-09,6.676975e-14,0.000000e+00,0.000000e+00,0.000000e+00,0.000000e+00,1.548991e+11,1.674441e+11,-6.877286e+08,1.716328e+06,5.126269e+08,1.846000e+03,-4.006978e+02,4.242026e+09,1.372392e+10,-1.557861e+08,8.624712e+05,1.491656e+08,7.830000e+02,-1.806276e+02,-5.933480e+07
1.342326e+01,1.638500e+11,1.850195e+11,-4.213761e+02,2.066565e+04,-9.026459e+08,8.368962e+06,4.360540e-03,6.848655e+08,0.000000e+00,0.000000e+00,6.411192e+06,0.000000e+00,6.411192e+06,0.000000e+00,0.000000e+00,1.317008e+11,5.587935e-09,6.676975e-14,0.000000e+00,0.000000e+00,0.000000e+00,0.000000e+00,1.548996e+11,1.674441e+11,-6.877286e+08,1.716328e+06,5.126861e+08,1.846000e+03,-4.006978e+02,4.241705e+09,1.372425e+10,-1.557861e+08,8.624712e+05,1.491763e+08,7.830000e+02,-1.806276e+02,-5.933478e+07
1.344070e+01,1.638510e+11,1.850179e+11,2.176287e+03,2.124741e+04,-9.025930e+08,8.368962e+06,4.360306e-03,6.856580e+08,0.000000e+00,0.000000e+00,6.269532e+06,0.000000e+00,6.269532e+06,0.000000e+00,0.000000e+00,1.317015e+11,5.587935e-09,6.676975e-14,0.000000e+00,0.000000e+00,0.000000e+00,0.000000e+00,1.549004e+11,1.674428e+11,-6.877286e+08,1.716328e+06,5.127289e+08,1.846000e+03,-4.006978e+02,4.241253e+09,1.372457e+10,-1.557861e+08,8.624712e+05,1.491845e+08,7.830000e+02,-1.806276e+02,-5.933478e+07
1.346250e+01,1.638514e+11,1.850174e+11,4.945379e+03,2.284835e+04,-9.025274e+08,8.368962e+06,4.360144e-03,6.858552e+08,0.000000e+00,0.000000e+00,6.059624e+06,0.000000e+00,6.059624e+06,0.000000e+00,0.000000e+00,1.317025e+11,5.587935e-09,6.676975e-14,0.000000e+00,0.000000e+00,0.000000e+00,0.000000e+00,1.549007e+11,1.674424e+11,-6.877286e+08,1.716328e+06,5.127800e+08,1.846000e+03,-4.006978e+02,4.240695e+09,1.372507e+10,-1.557861e+08,8.624712e+05,1.491949e+08,7.830000e+02,-1.806276e+02,-5.933481e+07
1.348430e+01,1.638523e+11,1.850178e+11,7.256617e+03,2.559740e+04,-9.024618e+08,8.368962e+06,4.360128e-03,6.847337e+08,0.000000e+00,0.000000e+00,5.857880e+06,0.000000e+00,5.857880e+06,0.000000e+00,0.000000e+00,1.317034e+11,5.587935e-09,6.676975e-14,0.000000e+00,0.000000e+00,0.000000e+00,0.000000e+00,1.549012e+11,1.674432e+11,-6.877286e+08,1.716328e+06,5.128307e+08,1.846000e+03,-4.006978e+02,4.240331e+09,1.372544e+10,-1.557860e+08,8.624712e+05,1.492052e+08,7.830000e+02,-1.806275e+02,-5.933487e+07
1.350174e+01,1.638537e+11,1.850163e+11,8.939717e+03,2.854149e+04,-9.024092e+08,8.368962e+06,4.360160e-03,6.849661e+08,0.000000e+00,0.000000e+00,5.706736e+06,0.000000e+00,5.706736e+06,0.000000e+00,0.000000e+00,1.317041e+11,5.587935e-09,6.676975e-14,0.000000e+00,0.000000e+00,0.000000e+00,0.000000e+00,1.549023e+11,1.674423e+11,-6.877286e+08,1.716328e+06,5.128718e+08,1.846000e+03,-4.006978e+02,4.240100e+09,1.372561e+10,-1.557860e+08,8.624712e+05,1.492136e+08,7.830000e+02,-1.806275e+02,-5.933494e+07
1.352354e+01,1.638556e+11,1.850147e+11,1.078124e+04,3.230926e+04,-9.023436e+08,8.368962e+06,4.360199e-03,6.846933e+08,0.000000e+00,0.000000e+00,5.516464e+06,0.000000e+00,5.516464e+06,0.000000e+00,0.000000e+00,1.317049e+11,5.587935e-09,6.676975e-14,0.000000e+00,0.000000e+00,0.000000e+00,0.000000e+00,1.549035e+11,1.674411e+11,-6.877286e+08,1.716328e+06,5.129233e+08,1.846000e+03,-4.006978e+02,4.240016e+09,1.372574e+10,-1.557859e+08,8.624712e+05,1.492240e+08,7.830000e+02,-1.806273e+02,-5.933506e+07
1.354142e+01,1.638574e+11,1.850143e+11,1.209809e+04,3.488635e+04,-9.022902e+08,8.368962e+06,4.869349e-03,6.835603e+08,0.000000e+00,0.000000e+00,5.365686e+06,0.000000e+00,5.365686e+06,0.000000e+00,0.000000e+00,1.317056e+11,5.587935e-09,6.676975e-14,0.000000e+00,0.000000e+00,0.000000e+00,0.000000e+00,1.549045e+11,1.674413e+11,-6.877286e+08,1.716328e+06,5.129652e+08,1.846000e+03,-4.006978e+02,4.240093e+09,1.372570e+10,-1.557858e+08,8.624712e+05,1.492324e+08,7.830000e+02,-1.806273e+02,-5.933510e+07
1.356091e+01,1.638581e+11,1.850132e+11,1.347007e+04,3.717893e+04,-9.022328e+08,8.368962e+06,4.872859e-03,6.839684e+08,0.000000e+00,0.000000e+00,5.250262e+06,0.000000e+00,5.250262e+06,0.000000e+00,0.000000e+00,1.317063e+11,5.587935e-09,6.676975e-14,0.000000e+00,0.000000e+00,0.000000e+00,0.000000e+00,1.549047e+11,1.674412e+11,-6.877286e+08,1.716328e+06,5.130103e+08,1.846000e+03,-4.006978e+02,4.240110e+09,1.372563e+10,-1.557858e+08,8.624712e+05,1.492414e+08,7.830000e+02,-1.806272e+02,-5.933509e+07
1.358040e+01,1.638583e+11,1.850118e+11,1.473151e+04,3.923851e+04,-9.021765e+08,8.368962e+06,4.872805e-03,6.850038e+08,0.000000e+00,0.000000e+00,5.313324e+06,0.000000e+00,5.313324e+06,0.000000e+00,0.000000e+00,1.317070e+11,5.587935e-09,6.676975e-14,0.000000e+00,0.000000e+00,0.000000e+00,0.000000e+00,1.549042e+11,1.674403e+11,-6.877286e+08,1.716328e+06,5.130554e+08,1.846000e+03,-4.006978e+02,4.240113e+09,1.372573e+10,-1.557862e+08,8.624712e+05,1.492506e+08,7.830000e+02,-1.806277e+02,-5.933460e+07
1.360472e+01,1.638585e+11,1.850110e+11,1.593733e+04,4.208158e+04,-9.021083e+08,8.368962e+06,4.822746e-03,6.854710e+08,0.000000e+00,0.000000e+00,5.444100e+06,0.000000e+00,5.444100e+06,0.000000e+00,0.000000e+00,1.317078e+11,5.587935e-09,6.676975e-14,0.000000e+00,0.000000e+00,0.000000e+00,0.000000e+00,1.549035e+11,1.674406e+11,-6.877286e+08,1.716328e+06,5.131114e+08,1.846000e+03,-4.006978e+02,4.240198e+09,1.372584e+10,-1.557870e+08,8.624712e+05,1.492623e+08,7.830000e+02,-1.806286e+02,-5.933376e+07
1.362401e+01,1.638584e+11,1.850102e+11,1.672212e+04,4.462721e+04,-9.020559e+08,8.368962e+06,4.822840e-03,6.862301e+08,0.000000e+00,0.000000e+00,5.471254e+06,0.000000e+00,5.471254e+06,0.000000e+00,0.000000e+00,1.317085e+11,5.587935e-09,6.676975e-14,0.000000e+00,0.000000e+00,0.000000e+00,0.000000e+00,1.549027e+11,1.674405e+11,-6.877286e+08,1.716328e+06,5.131556e+08,1.846000e+03,-4.006978e+02,4.240238e+09,1.372598e+10,-1.557875e+08,8.624712e+05,1.492714e+08,7.830000e+02,-1.806293e+02,-5.933329e+07
1.364330e+01,1.638582e+11,1.850088e+11,1.753244e+04,4.722045e+04,-9.020054e+08,8.368962e+06,4.822209e-03,6.878068e+08,0.000000e+00,0.000000e+00,5.528514e+06,0.000000e+00,5.528514e+06,0.000000e+00,0.000000e+00,1.317091e+11,5.587935e-09,6.676975e-14,0.000000e+00,0.000000e+00,0.000000e+00,0.000000e+00,1.549019e+11,1.674394e+11,-6.877286e+08,1.716328e+06,5.131998e+08,1.846000e+03,-4.006978e+02,4.240106e+09,1.372613e+10,-1.557878e+08,8.624712e+05,1.492803e+08,7.830000e+02,-1.806295e+02,-5.933311e+07
1.366259e+01,1.638574e+11,1.850088e+11,1.842385e+04,4.951794e+04,-9.019565e+08,8.368962e+06,4.822250e-03,6.885009e+08,0.000000e+00,0.000000e+00,5.640206e+06,0.000000e+00,5.640206e+06,0.000000e+00,0.000000e+00,1.317098e+11,5.587935e-09,6.676975e-14,0.000000e+00,0.000000e+00,0.000000e+00,0.000000e+00,1.549007e+11,1.674399e+11,-6.877286e+08,1.716328e+06,5.132443e+08,1.846000e+03,-4.006978e+02,4.239913e+09,1.372620e+10,-1.557878e+08,8.624712e+05,1.492895e+08,7.830000e+02,-1.806296e+02,-5.933309e+07
1.368188e+01,1.638562e+11,1.850097e+11,1.935429e+04,5.139366e+04,-9.019086e+08,8.368962e+06,4.822305e-03,6.885256e+08,0.000000e+00,0.000000e+00,5.740161e+06,0.000000e+00,5.740161e+06,0.000000e+00,0.000000e+00,1.317104e+11,5.587935e-09,6.676975e-14,0.000000e+00,0.000000e+00,0.000000e+00,0.000000e+00,1.548990e+11,1.674412e+11,-6.877286e+08,1.716328e+06,5.132907e+08,1.846000e+03,-4.006978e+02,4.239844e+09,1.372633e+10,-1.557878e+08,8.624712e+05,1.492986e+08,7.830000e+02,-1.806296e+02,-5.933309e+07
1.370117e+01,1.638556e+11,1.850094e+11,2.001837e+04,5.255543e+04,-9.018611e+08,8.368962e+06,4.822320e-03,6.894089e+08,0.000000e+00,0.000000e+00,5.786412e+06,0.000000e+00,5.786412e+06,0.000000e+00,0.000000e+00,1.317111e+11,5.587935e-09,6.676975e-14,0.000000e+00,0.000000e+00,0.000000e+00,0.000000e+00,1.548977e+11,1.674416e+11,-6.877286e+08,1.716328e+06,5.133382e+08,1.846000e+03,-4.006978e+02,4.239796e+09,1.372644e+10,-1.557878e+08,8.624712e+05,1.493077e+08,7.830000e+02,-1.806296e+02,-5.933310e+07
1.372046e+01,1.638548e+11,1.850100e+11,2.028761e+04,5.310862e+04,-9.018130e+08,8.368962e+06,4.822600e-03,6.894788e+08,0.000000e+00,0.000000e+00,5.776228e+06,0.000000e+00,5.776228e+06,0.000000e+00,0.000000e+00,1.317117e+11,5.587935e-09,6.676975e-14,0.000000e+00,0.000000e+00,0.000000e+00,0.000000e+00,1.548965e+11,1.674426e+11,-6.877286e+08,1.716328e+06,5.133847e+08,1.846000e+03,-4.006978e+02,4.239623e+09,1.372652e+10,-1.557878e+08,8.624712e+05,1.493168e+08,7.830000e+02,-1.806296e+02,-5.933309e+07
1.374457e+01,1.638540e+11,1.850118e+11,2.010682e+04,5.339235e+04,-9.017512e+08,8.368962e+06,4.822443e-03,6.884974e+08,0.000000e+00,0.000000e+00,5.740386e+06,0.000000e+00,5.740386e+06,0.000000e+00,0.000000e+00,1.317124e+11,5.587935e-09,6.676975e-14,0.000000e+00,0.000000e+00,0.000000e+00,0.000000e+00,1.548951e+11,1.674450e+11,-6.877286e+08,1.716328e+06,5.134409e+08,1.846000e+03,-4.006978e+02,4.239366e+09,1.372673e+10,-1.557878e+08,8.624712e+05,1.493287e+08,7.830000e+02,-1.806295e+02,-5.933350e+07
1.376391e+01,1.638534e+11,1.850119e+11,1.956145e+04,5.358344e+04,-9.017007e+08,8.368962e+06,4.872872e-03,6.887786e+08,0.000000e+00,0.000000e+00,5.848510e+06,0.000000e+00,5.848510e+06,0.000000e+00,0.000000e+00,1.317130e+11,5.587935e-09,6.676975e-14,0.000000e+00,0.000000e+00,0.000000e+00,0.000000e+00,1.548938e+11,1.674461e+11,-6.877286e+08,1.716328e+06,5.134865e+08,1.846000e+03,-4.006978e+02,4.239428e+09,1.372622e+10,-1.557839e+08,8.624712e+05,1.493396e+08,7.830000e+02,-1.806251e+02,-5.933855e+07
1.378291e+01,1.638530e+11,1.850125e+11,1.883949e+04,5.377229e+04,-9.016504e+08,8.368962e+06,4.361650e-03,6.885080e+08,0.000000e+00,0.000000e+00,5.826025e+06,0.000000e+00,5.826025e+06,0.000000e+00,0.000000e+00,1.317135e+11,5.587935e-09,6.676975e-14,0.000000e+00,0.000000e+00,0.000000e+00,0.000000e+00,1.548926e+11,1.674474e+11,-6.877286e+08,1.716328e+06,5.135325e+08,1.846000e+03,-4.006978e+02,4.239514e+09,1.372527e+10,-1.557773e+08,8.624712e+05,1.493515e+08,7.830000e+02,-1.806174e+02,-5.934534e+07
1.380035e+01,1.638534e+11,1.850130e+11,1.816696e+04,5.415762e+04,-9.016037e+08,8.368962e+06,4.359875e-03,6.876653e+08,0.000000e+00,0.000000e+00,5.696744e+06,0.000000e+00,5.696744e+06,0.000000e+00,0.000000e+00,1.317140e+11,5.587935e-09,6.676975e-14,0.000000e+00,0.000000e+00,0.000000e+00,0.000000e+00,1.548924e+11,1.674486e+11,-6.877286e+08,1.716328e+06,5.135747e+08,1.846000e+03,-4.006978e+02,4.239553e+09,1.372458e+10,-1.557714e+08,8.624712e+05,1.493622e+08,7.830000e+02,-1.806105e+02,-5.935087e+07
1.382215e+01,1.638545e+11,1.850122e+11,1.742279e+04,5.492687e+04,-9.015450e+08,8.368962e+06,4.359567e-03,6.872829e+08,0.000000e+00,0.000000e+00,5.593792e+06,0.000000e+00,5.593792e+06,0.000000e+00,0.000000e+00,1.317147e+11,5.587935e-09,6.676975e-14,0.000000e+00,0.000000e+00,0.000000e+00,0.000000e+00,1.548927e+11,1.674487e+11,-6.877286e+08,1.716328e+06,5.136254e+08,1.846000e+03,-4.006978e+02,4.239616e+09,1.372402e+10,-1.557672e+08,8.624712e+05,1.493753e+08,7.830000e+02,-1.806057e+02,-5.935422e+07
1.384395e+01,1.638554e+11,1.850114e+11,1.708208e+04,5.565830e+04,-9.014864e+08,8.368962e+06,4.359575e-03,6.870364e+08,0.000000e+00,0.000000e+00,5.666722e+06,0.000000e+00,5.666722e+06,0.000000e+00,0.000000e+00,1.317154e+11,5.587935e-09,6.676975e-14,0.000000e+00,0.000000e+00,0.000000e+00,0.000000e+00,1.548929e+11,1.674484e+11,-6.877286e+08,1.716328e+06,5.136742e+08,1.846000e+03,-4.006978e+02,4.239497e+09,1.372390e+10,-1.557660e+08,8.624712e+05,1.493883e+08,7.830000e+02,-1.806042e+02,-5.935542e+07
1.386139e+01,1.638556e+11,1.850114e+11,1.729676e+04,5.656670e+04,-9.014399e+08,8.368962e+06,4.359772e-03,6.867015e+08,0.000000e+00,0.000000e+00,5.702668e+06,0.000000e+00,5.702668e+06,0.000000e+00,0.000000e+00,1.317159e+11,5.587935e-09,6.676975e-14,0.000000e+00,0.000000e+00,0.000000e+00,0.000000e+00,1.548926e+11,1.674492e+11,-6.877286e+08,1.716328e+06,5.137132e+08,1.846000e+03,-4.006978e+02,4.239358e+09,1.372383e+10,-1.557645e+08,8.624712e+05,1.493987e+08,7.830000e+02,-1.806026e+02,-5.935690e+07
1.388319e+01,1.638551e+11,1.850116e+11,1.812360e+04,5.835997e+04,-9.013827e+08,8.368962e+06,4.360136e-03,6.869214e+08,0.000000e+00,0.000000e+00,5.700948e+06,0.000000e+00,5.700948e+06,0.000000e+00,0.000000e+00,1.317166e+11,5.587935e-09,6.676975e-14,0.000000e+00,0.000000e+00,0.000000e+00,0.000000e+00,1.548915e+11,1.674501e+11,-6.877286e+08,1.716328e+06,5.137630e+08,1.846000e+03,-4.006978e+02,4.239227e+09,1.372334e+10,-1.557610e+08,8.624712e+05,1.494124e+08,7.830000e+02,-1.805985e+02,-5.936094e+07
1.390098e+01,1.638547e+11,1.850112e+11,1.921030e+04,6.027826e+04,-9.013368e+08,8.368962e+06,4.543019e-03,6.878170e+08,0.000000e+00,0.000000e+00,5.608042e+06,0.000000e+00,5.608042e+06,0.000000e+00,0.000000e+00,1.317172e+11,5.587935e-09,6.676975e-14,0.000000e+00,0.000000e+00,0.000000e+00,0.000000e+00,1.548905e+11,1.674502e+11,-6.877286e+08,1.716328e+06,5.138048e+08,1.846000e+03,-4.006978e+02,4.239030e+09,1.372305e+10,-1.557583e+08,8.624712e+05,1.494232e+08,7.830000e+02,-1.805954e+02,-5.936310e+07
1.392370e+01,1.638545e+11,1.850112e+11,2.113061e+04,6.371897e+04,-9.012799e+08,8.368962e+06,4.542890e-03,6.879428e+08,0.000000e+00,0.000000e+00,5.602834e+06,0.000000e+00,5.602834e+06,0.000000e+00,0.000000e+00,1.317180e+11,5.587935e-09,6.676975e-14,0.000000e+00,0.000000e+00,0.000000e+00,0.000000e+00,1.548899e+11,1.674508e+11,-6.877286e+08,1.716328e+06,5.138577e+08,1.846000e+03,-4.006978e+02,4.238652e+09,1.372319e+10,-1.557573e+08,8.624712e+05,1.494378e+08,7.830000e+02,-1.805943e+02,-5.936367e+07
1.394187e+01,1.638546e+11,1.850108e+11,2.281761e+04,6.774366e+04,-9.012357e+08,8.368962e+06,4.542870e-03,6.881494e+08,0.000000e+00,0.000000e+00,5.598878e+06,0.000000e+00,5.598878e+06,0.000000e+00,0.000000e+00,1.317186e+11,5.587935e-09,6.676975e-14,0.000000e+00,0.000000e+00,0.000000e+00,0.000000e+00,1.548895e+11,1.674509e+11,-6.877286e+08,1.716328e+06,5.138989e+08,1.846000e+03,-4.006978e+02,4.238385e+09,1.372339e+10,-1.557575e+08,8.624712e+05,1.494495e+08,7.830000e+02,-1.805945e+02,-5.936348e+07
1.396004e+01,1.638549e+11,1.850099e+11,2.425164e+04,7.291258e+04,-9.011924e+08,8.368962e+06,4.542889e-03,6.887703e+08,0.000000e+00,0.000000e+00,5.629755e+06,0.000000e+00,5.629755e+06,0.000000e+00,0.000000e+00,1.317192e+11,5.587935e-09,6.676975e-14,0.000000e+00,0.000000e+00,0.000000e+00,0.000000e+00,1.548893e+11,1.674505e+11,-6.877286e+08,1.716328e+06,5.139396e+08,1.846000e+03,-4.006978e+02,4.238227e+09,1.372354e+10,-1.557577e+08,8.624712e+05,1.494612e+08,7.830000e+02,-1.805947e+02,-5.936330e+07
1.398276e+01,1.638552e+11,1.850101e+11,2.535385e+04,8.080144e+04,-9.011395e+08,8.368962e+06,4.543020e-03,6.881273e+08,0.000000e+00,0.000000e+00,5.735274e+06,0.000000e+00,5.735274e+06,0.000000e+00,0.000000e+00,1.317199e+11,5.587935e-09,6.676975e-14,0.000000e+00,0.000000e+00,0.000000e+00,0.000000e+00,1.548888e+11,1.674513e+11,-6.877286e+08,1.716328e+06,5.139902e+08,1.846000e+03,-4.006978e+02,4.238181e+09,1.372365e+10,-1.557579e+08,8.624712e+05,1.494758e+08,7.830000e+02,-1.805949e+02,-5.936311e+07
1.400093e+01,1.638555e+11,1.850102e+11,2.567205e+04,8.760834e+04,-9.010978e+08,8.368962e+06,4.543220e-03,6.875560e+08,0.000000e+00,0.000000e+00,5.849954e+06,0.000000e+00,5.849954e+06,0.000000e+00,0.000000e+00,1.317205e+11,5.587935e-09,6.676975e-14,0.000000e+00,0.000000e+00,0.000000e+00,0.000000e+00,1.548884e+11,1.674521e+11,-6.877286e+08,1.716328e+06,5.140308e+08,1.846000e+03,-4.006978e+02,4.238192e+09,1.372365e+10,-1.557580e+08,8.624712e+05,1.494868e+08,7.830000e+02,-1.805951e+02,-5.936298e+07
1.402365e+01,1.638564e+11,1.850093e+11,2.571524e+04,9.561130e+04,-9.010456e+08,8.368962e+06,4.543630e-03,6.873645e+08,0.000000e+00,0.000000e+00,5.989714e+06,0.000000e+00,5.989714e+06,0.000000e+00,0.000000e+00,1.317212e+11,5.587935e-09,6.676975e-14,0.000000e+00,0.000000e+00,0.000000e+00,0.000000e+00,1.548886e+11,1.674521e+11,-6.877286e+08,1.716328e+06,5.140814e+08,1.846000e+03,-4.006978e+02,4.238173e+09,1.372362e+10,-1.557582e+08,8.624712e+05,1.495001e+08,7.830000e+02,-1.805952e+02,-5.936286e+07
1.404236e+01,1.638569e+11,1.850094e+11,2.569989e+04,1.010340e+05,-9.010024e+08,8.368962e+06,4.822133e-03,6.865828e+08,0.000000e+00,0.000000e+00,6.014519e+06,0.000000e+00,6.014519e+06,0.000000e+00,0.000000e+00,1.317218e+11,5.587935e-09,6.676975e-14,0.000000e+00,0.000000e+00,0.000000e+00,0.000000e+00,1.548885e+11,1.674527e+11,-6.877286e+08,1.716328e+06,5.141230e+08,1.846000e+03,-4.006978e+02,4.238114e+09,1.372363e+10,-1.557583e+08,8.624712e+05,1.495110e+08,7.830000e+02,-1.805953e+02,-5.936275e+07
1.406165e+01,1.638571e+11,1.850097e+11,2.577586e+04,1.056119e+05,-9.009576e+08,8.368962e+06,4.822325e-03,6.861421e+08,0.000000e+00,0.000000e+00,5.967393e+06,0.000000e+00,5.967393e+06,0.000000e+00,0.000000e+00,1.317224e+11,5.587935e-09,6.676975e-14,0.000000e+00,0.000000e+00,0.000000e+00,0.000000e+00,1.548880e+11,1.674539e+11,-6.877286e+08,1.716328e+06,5.141657e+08,1.846000e+03,-4.006978e+02,4.238168e+09,1.372355e+10,-1.557584e+08,8.624712e+05,1.495223e+08,7.830000e+02,-1.805955e+02,-5.936259e+07
1.408094e+01,1.638567e+11,1.850097e+11,2.598936e+04,1.096367e+05,-9.009127e+08,8.368962e+06,4.822829e-03,6.865865e+08,0.000000e+00,0.000000e+00,5.894869e+06,0.000000e+00,5.894869e+06,0.000000e+00,0.000000e+00,1.317231e+11,5.587935e-09,6.676975e-14,0.000000e+00,0.000000e+00,0.000000e+00,0.000000e+00,1.548868e+11,1.674546e+11,-6.877286e+08,1.716328e+06,5.142090e+08,1.846000e+03,-4.006978e+02,4.238262e+09,1.372351e+10,-1.557586e+08,8.624712e+05,1.495332e+08,7.830000e+02,-1.805957e+02,-5.936242e+07
1.410023e+01,1.638560e+11,1.850101e+11,2.618779e+04,1.132936e+05,-9.008678e+08,8.368962e+06,4.870458e-03,6.868989e+08,0.000000e+00,0.000000e+00,5.831029e+06,0.000000e+00,5.831029e+06,0.000000e+00,0.000000e+00,1.317237e+11,5.587935e-09,6.676975e-14,0.000000e+00,0.000000e+00,0.000000e+00,0.000000e+00,1.548853e+11,1.674555e+11,-6.877286e+08,1.716328e+06,5.142534e+08,1.846000e+03,-4.006978e+02,4.238376e+09,1.372349e+10,-1.557587e+08,8.624712e+05,1.495439e+08,7.830000e+02,-1.805959e+02,-5.936228e+07
1.412459e+01,1.638556e+11,1.850103e+11,2.604338e+04,1.174067e+05,-9.008109e+08,8.368962e+06,4.872904e-03,6.869510e+08,0.000000e+00,0.000000e+00,5.810117e+06,0.000000e+00,5.810117e+06,0.000000e+00,0.000000e+00,1.317244e+11,5.587935e-09,6.676975e-14,0.000000e+00,0.000000e+00,0.000000e+00,0.000000e+00,1.548840e+11,1.674570e+11,-6.877286e+08,1.716328e+06,5.143106e+08,1.846000e+03,-4.006978e+02,4.238444e+09,1.372338e+10,-1.557588e+08,8.624712e+05,1.495571e+08,7.830000e+02,-1.805959e+02,-5.936232e+07
1.414309e+01,1.638556e+11,1.850098e+11,2.554799e+04,1.201309e+05,-9.007672e+08,8.368962e+06,4.360435e-03,6.873192e+08,0.000000e+00,0.000000e+00,5.859438e+06,0.000000e+00,5.859438e+06,0.000000e+00,0.000000e+00,1.317250e+11,5.587935e-09,6.676975e-14,0.000000e+00,0.000000e+00,0.000000e+00,0.000000e+00,1.548833e+11,1.674570e+11,-6.877286e+08,1.716328e+06,5.143540e+08,1.846000e+03,-4.006978e+02,4.238490e+09,1.372333e+10,-1.557586e+08,8.624712e+05,1.495671e+08,7.830000e+02,-1.805957e+02,-5.936265e+07
1.416053e+01,1.638559e+11,1.850090e+11,2.480501e+04,1.223600e+05,-9.007249e+08,8.368962e+06,4.360322e-03,6.876882e+08,0.000000e+00,0.000000e+00,5.967242e+06,0.000000e+00,5.967242e+06,0.000000e+00,0.000000e+00,1.317255e+11,5.587935e-09,6.676975e-14,0.000000e+00,0.000000e+00,0.000000e+00,0.000000e+00,1.548829e+11,1.674569e+11,-6.877286e+08,1.716328e+06,5.143949e+08,1.846000e+03,-4.006978e+02,4.238550e+09,1.372308e+10,-1.557576e+08,8.624712e+05,1.495765e+08,7.830000e+02,-1.805945e+02,-5.936380e+07
1.418233e+01,1.638565e+11,1.850092e+11,2.376556e+04,1.247179e+05,-9.006704e+08,8.368962e+06,4.360245e-03,6.867332e+08,0.000000e+00,0.000000e+00,6.043084e+06,0.000000e+00,6.043084e+06,0.000000e+00,0.000000e+00,1.317261e+11,5.587935e-09,6.676975e-14,0.000000e+00,0.000000e+00,0.000000e+00,0.000000e+00,1.548827e+11,1.674580e+11,-6.877286e+08,1.716328e+06,5.144462e+08,1.846000e+03,-4.006978e+02,4.238718e+09,1.372270e+10,-1.557564e+08,8.624712e+05,1.495885e+08,7.830000e+02,-1.805931e+02,-5.936480e+07
1.420413e+01,1.638572e+11,1.850086e+11,2.296953e+04,1.261040e+05,-9.006141e+08,8.368962e+06,4.360157e-03,6.864805e+08,0.000000e+00,0.000000e+00,6.113213e+06,0.000000e+00,6.113213e+06,0.000000e+00,0.000000e+00,1.317267e+11,5.587935e-09,6.676975e-14,0.000000e+00,0.000000e+00,0.000000e+00,0.000000e+00,1.548825e+11,1.674582e+11,-6.877286e+08,1.716328e+06,5.144975e+08,1.846000e+03,-4.006978e+02,4.238828e+09,1.372255e+10,-1.557561e+08,8.624712e+05,1.496008e+08,7.830000e+02,-1.805928e+02,-5.936500e+07
1.422157e+01,1.638582e+11,1.850075e+11,2.275419e+04,1.263060e+05,-9.005685e+08,8.368962e+06,4.360246e-03,6.864806e+08,0.000000e+00,0.000000e+00,6.157034e+06,0.000000e+00,6.157034e+06,0.000000e+00,0.000000e+00,1.317273e+11,5.587935e-09,6.676975e-14,0.000000e+00,0.000000e+00,0.000000e+00,0.000000e+00,1.548828e+11,1.674580e+11,-6.877286e+08,1.716328e+06,5.145372e+08,1.846000e+03,-4.006978e+02,4.238913e+09,1.372242e+10,-1.557560e+08,8.624712e+05,1.496106e+08,7.830000e+02,-1.805927e+02,-5.936512e+07
1.424338e+01,1.638590e+11,1.850078e+11,2.301953e+04,1.255528e+05,-9.005116e+08,8.368962e+06,4.360386e-03,6.853164e+08,0.000000e+00,0.000000e+00,6.226924e+06,0.000000e+00,6.226924e+06,0.000000e+00,0.000000e+00,1.317279e+11,5.587935e-09,6.676975e-14,0.000000e+00,0.000000e+00,0.000000e+00,0.000000e+00,1.548828e+11,1.674589e+11,-6.877286e+08,1.716328e+06,5.145856e+08,1.846000e+03,-4.006978e+02,4.238918e+09,1.372227e+10,-1.557556e+08,8.624712e+05,1.496229e+08,7.830000e+02,-1.805923e+02,-5.936571e+07
1.426125e+01,1.638594e+11,1.850073e+11,2.347667e+04,1.244947e+05,-9.004659e+08,8.368962e+06,4.820948e-03,6.853053e+08,0.000000e+00,0.000000e+00,6.255492e+06,0.000000e+00,6.255492e+06,0.000000e+00,0.000000e+00,1.317285e+11,5.587935e-09,6.676975e-14,0.000000e+00,0.000000e+00,0.000000e+00,0.000000e+00,1.548825e+11,1.674594e+11,-6.877286e+08,1.716328e+06,5.146254e+08,1.846000e+03,-4.006978e+02,4.238974e+09,1.372211e+10,-1.557543e+08,8.624712e+05,1.496342e+08,7.830000e+02,-1.805908e+02,-5.936701e+07
1.428069e+01,1.638599e+11,1.850059e+11,2.427240e+04,1.234835e+05,-9.004175e+08,8.368962e+06,4.872881e-03,6.861121e+08,0.000000e+00,0.000000e+00,6.221912e+06,0.000000e+00,6.221912e+06,0.000000e+00,0.000000e+00,1.317291e+11,5.587935e-09,6.676975e-14,0.000000e+00,0.000000e+00,0.000000e+00,0.000000e+00,1.548822e+11,1.674590e+11,-6.877286e+08,1.716328e+06,5.146691e+08,1.846000e+03,-4.006978e+02,4.239145e+09,1.372187e+10,-1.557532e+08,8.624712e+05,1.496462e+08,7.830000e+02,-1.805895e+02,-5.936802e+07
1.430018e+01,1.638606e+11,1.850055e+11,2.546058e+04,1.230022e+05,-9.003700e+08,8.368962e+06,4.872853e-03,6.857997e+08,0.000000e+00,0.000000e+00,6.203284e+06,0.000000e+00,6.203284e+06,0.000000e+00,0.000000e+00,1.317297e+11,5.587935e-09,6.676975e-14,0.000000e+00,0.000000e+00,0.000000e+00,0.000000e+00,1.548819e+11,1.674592e+11,-6.877286e+08,1.716328e+06,5.147130e+08,1.846000e+03,-4.006978e+02,4.239417e+09,1.372164e+10,-1.557526e+08,8.624712e+05,1.496583e+08,7.830000e+02,-1.805888e+02,-5.936853e+07
1.432455e+01,1.638622e+11,1.850037e+11,2.742522e+04,1.229680e+05,-9.003116e+08,8.368962e+06,4.824756e-03,6.858895e+08,0.000000e+00,0.000000e+00,6.294498e+06,0.000000e+00,6.294498e+06,0.000000e+00,0.000000e+00,1.317304e+11,5.587935e-09,6.676975e-14,0.000000e+00,0.000000e+00,0.000000e+00,0.000000e+00,1.548825e+11,1.674588e+11,-6.877286e+08,1.716328e+06,5.147688e+08,1.846000e+03,-4.006978e+02,4.239557e+09,1.372141e+10,-1.557523e+08,8.624712e+05,1.496729e+08,7.830000e+02,-1.805884e+02,-5.936884e+07
1.434384e+01,1.638638e+11,1.850011e+11,2.921729e+04,1.230579e+05,-9.002658e+08,8.368962e+06,4.822415e-03,6.867620e+08,0.000000e+00,0.000000e+00,6.387102e+06,0.000000e+00,6.387102e+06,0.000000e+00,0.000000e+00,1.317310e+11,5.587935e-09,6.676975e-14,0.000000e+00,0.000000e+00,0.000000e+00,0.000000e+00,1.548833e+11,1.674568e+11,-6.877286e+08,1.716328e+06,5.148133e+08,1.846000e+03,-4.006978e+02,4.239615e+09,1.372127e+10,-1.557519e+08,8.624712e+05,1.496845e+08,7.830000e+02,-1.805880e+02,-5.936915e+07
1.436313e+01,1.638652e+11,1.849996e+11,3.115331e+04,1.231011e+05,-9.002206e+08,8.368962e+06,4.822406e-03,6.866712e+08,0.000000e+00,0.000000e+00,6.464682e+06,0.000000e+00,6.464682e+06,0.000000e+00,0.000000e+00,1.317316e+11,5.587935e-09,6.676975e-14,0.000000e+00,0.000000e+00,0.000000e+00,0.000000e+00,1.548841e+11,1.674557e+11,-6.877286e+08,1.716328e+06,5.148576e+08,1.846000e+03,-4.006978e+02,4.239601e+09,1.372127e+10,-1.557518e+08,8.624712e+05,1.496960e+08,7.830000e+02,-1.805879e+02,-5.936918e+07
1.438242e+01,1.638661e+11,1.849988e+11,3.323076e+04,1.232519e+05,-9.001764e+08,8.368962e+06,4.822432e-03,6.864271e+08,0.000000e+00,0.000000e+00,6.530112e+06,0.000000e+00,6.530112e+06,0.000000e+00,0.000000e+00,1.317322e+11,5.587935e-09,6.676975e-14,0.000000e+00,0.000000e+00,0.000000e+00,0.000000e+00,1.548844e+11,1.674557e+11,-6.877286e+08,1.716328e+06,5.149025e+08,1.846000e+03,-4.006978e+02,4.239594e+09,1.372130e+10,-1.557519e+08,8.624712e+05,1.497072e+08,7.830000e+02,-1.805879e+02,-5.936913e+07
1.440171e+01,1.638665e+11,1.849973e+11,3.543476e+04,1.239132e+05,-9.001336e+08,8.368962e+06,4.823286e-03,6.874247e+08,0.000000e+00,0.000000e+00,6.597406e+06,0.000000e+00,6.597406e+06,0.000000e+00,0.000000e+00,1.317328e+11,5.587935e-09,6.676975e-14,0.000000e+00,0.000000e+00,0.000000e+00,0.000000e+00,1.548840e+11,1.674549e+11,-6.877286e+08,1.716328e+06,5.149494e+08,1.846000e+03,-4.006978e+02,4.239622e+09,1.372127e+10,-1.557519e+08,8.624712e+05,1.497184e+08,7.830000e+02,-1.805879e+02,-5.936912e+07
1.442100e+01,1.638669e+11,1.849961e+11,3.778150e+04,1.250436e+05,-9.000922e+08,8.368962e+06,4.823302e-03,6.879644e+08,0.000000e+00,0.000000e+00,6.711998e+06,0.000000e+00,6.711998e+06,0.000000e+00,0.000000e+00,1.317334e+11,5.587935e-09,6.676975e-14,0.000000e+00,0.000000e+00,0.000000e+00,0.000000e+00,1.548838e+11,1.674543e+11,-6.877286e+08,1.716328e+06,5.149981e+08,1.846000e+03,-4.006978e+02,4.239551e+09,1.372125e+10,-1.557519e+08,8.624712e+05,1.497293e+08,7.830000e+02,-1.805879e+02,-5.936948e+07
1.444029e+01,1.638676e+11,1.849957e+11,4.016184e+04,1.261056e+05,-9.000521e+08,8.368962e+06,4.384364e-03,6.872077e+08,0.000000e+00,0.000000e+00,6.975530e+06,0.000000e+00,6.975530e+06,0.000000e+00,0.000000e+00,1.317340e+11,5.587935e-09,6.676975e-14,0.000000e+00,0.000000e+00,0.000000e+00,0.000000e+00,1.548840e+11,1.674548e+11,-6.877286e+08,1.716328e+06,5.150461e+08,1.846000e+03,-4.006978e+02,4.239445e+09,1.372099e+10,-1.557494e+08,8.624712e+05,1.497428e+08,7.830000e+02,-1.805851e+02,-5.937237e+07
1.446212e+01,1.638689e+11,1.849941e+11,4.250345e+04,1.272212e+05,-9.000085e+08,8.368962e+06,4.360227e-03,6.874323e+08,0.000000e+00,0.000000e+00,6.976122e+06,0.000000e+00,6.976122e+06,0.000000e+00,0.000000e+00,1.317347e+11,5.587935e-09,6.676975e-14,0.000000e+00,0.000000e+00,0.000000e+00,0.000000e+00,1.548845e+11,1.674540e+11,-6.877286e+08,1.716328e+06,5.150976e+08,1.846000e+03,-4.006978e+02,4.239464e+09,1.372066e+10,-1.557463e+08,8.624712e+05,1.497584e+08,7.830000e+02,-1.805814e+02,-5.937518e+07
1.448392e+01,1.638704e+11,1.849924e+11,4.417167e+04,1.283259e+05,-8.999663e+08,8.368962e+06,4.360160e-03,6.876856e+08,0.000000e+00,0.000000e+00,6.946786e+06,0.000000e+00,6.946786e+06,0.000000e+00,0.000000e+00,1.317355e+11,5.587935e-09,6.676975e-14,0.000000e+00,0.000000e+00,0.000000e+00,0.000000e+00,1.548849e+11,1.674531e+11,-6.877286e+08,1.716328e+06,5.151471e+08,1.846000e+03,-4.006978e+02,4.239726e+09,1.372048e+10,-1.557455e+08,8.624712e+05,1.497757e+08,7.830000e+02,-1.805805e+02,-5.937561e+07
1.450136e+01,1.638714e+11,1.849925e+11,4.494266e+04,1.289933e+05,-8.999331e+08,8.368962e+06,4.360227e-03,6.865064e+08,0.000000e+00,0.000000e+00,6.954778e+06,0.000000e+00,6.954778e+06,0.000000e+00,0.000000e+00,1.317360e+11,5.587935e-09,6.676975e-14,0.000000e+00,0.000000e+00,0.000000e+00,0.000000e+00,1.548852e+11,1.674538e+11,-6.877286e+08,1.716328e+06,5.151860e+08,1.846000e+03,-4.006978e+02,4.239798e+09,1.372041e+10,-1.557455e+08,8.624712e+05,1.497878e+08,7.830000e+02,-1.805805e+02,-5.937562e+07
1.452362e+01,1.638729e+11,1.849912e+11,4.517306e+04,1.292622e+05,-8.998909e+08,8.368962e+06,4.361681e-03,6.862756e+08,0.000000e+00,0.000000e+00,6.915360e+06,0.000000e+00,6.915360e+06,0.000000e+00,0.000000e+00,1.317368e+11,5.587935e-09,6.676975e-14,0.000000e+00,0.000000e+00,0.000000e+00,0.000000e+00,1.548857e+11,1.674538e+11,-6.877286e+08,1.716328e+06,5.152350e+08,1.846000e+03,-4.006978e+02,4.239930e+09,1.372018e+10,-1.557454e+08,8.624712e+05,1.498041e+08,7.830000e+02,-1.805805e+02,-5.937566e+07
1.454106e+01,1.638738e+11,1.849897e+11,4.492121e+04,1.289611e+05,-8.998579e+08,8.368962e+06,4.360194e-03,6.867732e+08,0.000000e+00,0.000000e+00,6.884715e+06,0.000000e+00,6.884715e+06,0.000000e+00,0.000000e+00,1.317373e+11,5.587935e-09,6.676975e-14,0.000000e+00,0.000000e+00,0.000000e+00,0.000000e+00,1.548859e+11,1.674530e+11,-6.877286e+08,1.716328e+06,5.152735e+08,1.846000e+03,-4.006978e+02,4.240102e+09,1.372004e+10,-1.557454e+08,8.624712e+05,1.498163e+08,7.830000e+02,-1.805804e+02,-5.937572e+07
1.456287e+01,1.638746e+11,1.849900e+11,4.419539e+04,1.280930e+05,-8.998171e+08,8.368962e+06,4.360011e-03,6.857558e+08,0.000000e+00,0.000000e+00,6.895898e+06,0.000000e+00,6.895898e+06,0.000000e+00,0.000000e+00,1.317381e+11,5.587935e-09,6.676975e-14,0.000000e+00,0.000000e+00,0.000000e+00,0.000000e+00,1.548857e+11,1.674539e+11,-6.877286e+08,1.716328e+06,5.153227e+08,1.846000e+03,-4.006978e+02,4.240170e+09,1.371999e+10,-1.557454e+08,8.624712e+05,1.498304e+08,7.830000e+02,-1.805804e+02,-5.937557e+07
1.458031e+01,1.638749e+11,1.849899e+11,4.329010e+04,1.270359e+05,-8.997849e+08,8.368962e+06,4.359984e-03,6.854074e+08,0.000000e+00,0.000000e+00,6.948254e+06,0.000000e+00,6.948254e+06,0.000000e+00,0.000000e+00,1.317387e+11,5.587935e-09,6.676975e-14,0.000000e+00,0.000000e+00,0.000000e+00,0.000000e+00,1.548855e+11,1.674548e+11,-6.877286e+08,1.716328e+06,5.153634e+08,1.846000e+03,-4.006978e+02,4.240152e+09,1.372000e+10,-1.557460e+08,8.624712e+05,1.498419e+08,7.830000e+02,-1.805810e+02,-5.937502e+07
1.460211e+01,1.638759e+11,1.849882e+11,4.186068e+04,1.252513e+05,-8.997455e+08,8.368962e+06,4.360037e-03,6.859704e+08,0.000000e+00,0.000000e+00,7.012796e+06,0.000000e+00,7.012796e+06,0.000000e+00,0.000000e+00,1.317394e+11,5.587935e-09,6.676975e-14,0.000000e+00,0.000000e+00,0.000000e+00,0.000000e+00,1.548856e+11,1.674540e+11,-6.877286e+08,1.716328e+06,5.154146e+08,1.846000e+03,-4.006978e+02,4.240174e+09,1.372010e+10,-1.557464e+08,8.624712e+05,1.498561e+08,7.830000e+02,-1.805816e+02,-5.937466e+07
1.462391e+01,1.638777e+11,1.849870e+11,4.026063e+04,1.228762e+05,-8.997070e+08,8.368962e+06,4.360205e-03,6.852721e+08,0.000000e+00,0.000000e+00,7.092118e+06,0.000000e+00,7.092118e+06,0.000000e+00,0.000000e+00,1.317402e+11,5.587935e-09,6.676975e-14,0.000000e+00,0.000000e+00,0.000000e+00,0.000000e+00,1.548866e+11,1.674537e+11,-6.877286e+08,1.716328e+06,5.154633e+08,1.846000e+03,-4.006978e+02,4.240137e+09,1.372009e+10,-1.557467e+08,8.624712e+05,1.498702e+08,7.830000e+02,-1.805819e+02,-5.937391e+07
1.464270e+01,1.638796e+11,1.849862e+11,3.883986e+04,1.205824e+05,-8.996748e+08,8.368962e+06,4.822138e-03,6.840724e+08,0.000000e+00,0.000000e+00,7.207154e+06,0.000000e+00,7.207154e+06,0.000000e+00,0.000000e+00,1.317409e+11,5.587935e-09,6.676975e-14,0.000000e+00,0.000000e+00,0.000000e+00,0.000000e+00,1.548876e+11,1.674539e+11,-6.877286e+08,1.716328e+06,5.155026e+08,1.846000e+03,-4.006978e+02,4.240207e+09,1.372061e+10,-1.557504e+08,8.624712e+05,1.498826e+08,7.830000e+02,-1.805863e+02,-5.936950e+07
1.466199e+01,1.638817e+11,1.849839e+11,3.754907e+04,1.187659e+05,-8.996431e+08,8.368962e+06,4.822449e-03,6.841957e+08,0.000000e+00,0.000000e+00,7.236928e+06,0.000000e+00,7.236928e+06,0.000000e+00,0.000000e+00,1.317416e+11,5.587935e-09,6.676975e-14,0.000000e+00,0.000000e+00,0.000000e+00,0.000000e+00,1.548888e+11,1.674526e+11,-6.877286e+08,1.716328e+06,5.155420e+08,1.846000e+03,-4.006978e+02,4.240355e+09,1.372143e+10,-1.557554e+08,8.624712e+05,1.498952e+08,7.830000e+02,-1.805920e+02,-5.936474e+07
1.468128e+01,1.638833e+11,1.849821e+11,3.674468e+04,1.176907e+05,-8.996129e+08,8.368962e+06,4.822419e-03,6.843978e+08,0.000000e+00,0.000000e+00,7.229040e+06,0.000000e+00,7.229040e+06,0.000000e+00,0.000000e+00,1.317423e+11,5.587935e-09,6.676975e-14,0.000000e+00,0.000000e+00,0.000000e+00,0.000000e+00,1.548896e+11,1.674515e+11,-6.877286e+08,1.716328e+06,5.155817e+08,1.846000e+03,-4.006978e+02,4.240435e+09,1.372184e+10,-1.557586e+08,8.624712e+05,1.499075e+08,7.830000e+02,-1.805957e+02,-5.936230e+07
1.470057e+01,1.638847e+11,1.849821e+11,3.656593e+04,1.170485e+05,-8.995841e+08,8.368962e+06,4.822413e-03,6.829781e+08,0.000000e+00,0.000000e+00,7.277196e+06,0.000000e+00,7.277196e+06,0.000000e+00,0.000000e+00,1.317430e+11,5.587935e-09,6.676975e-14,0.000000e+00,0.000000e+00,0.000000e+00,0.000000e+00,1.548901e+11,1.674521e+11,-6.877286e+08,1.716328e+06,5.156220e+08,1.846000e+03,-4.006978e+02,4.240471e+09,1.372192e+10,-1.557591e+08,8.624712e+05,1.499193e+08,7.830000e+02,-1.805963e+02,-5.936208e+07
1.472468e+01,1.638865e+11,1.849799e+11,3.709891e+04,1.166782e+05,-8.995497e+08,8.368962e+06,4.822822e-03,6.831828e+08,0.000000e+00,0.000000e+00,7.356511e+06,0.000000e+00,7.356511e+06,0.000000e+00,0.000000e+00,1.317438e+11,5.587935e-09,6.676975e-14,0.000000e+00,0.000000e+00,0.000000e+00,0.000000e+00,1.548909e+11,1.674512e+11,-6.877286e+08,1.716328e+06,5.156737e+08,1.846000e+03,-4.006978e+02,4.240480e+09,1.372195e+10,-1.557592e+08,8.624712e+05,1.499340e+08,7.830000e+02,-1.805964e+02,-5.936203e+07
1.474398e+01,1.638880e+11,1.849777e+11,3.794318e+04,1.170131e+05,-8.995223e+08,8.368962e+06,4.822929e-03,6.836938e+08,0.000000e+00,0.000000e+00,7.439244e+06,0.000000e+00,7.439244e+06,0.000000e+00,0.000000e+00,1.317445e+11,5.587935e-09,6.676975e-14,0.000000e+00,0.000000e+00,0.000000e+00,0.000000e+00,1.548916e+11,1.674497e+11,-6.877286e+08,1.716328e+06,5.157154e+08,1.846000e+03,-4.006978e+02,4.240551e+09,1.372186e+10,-1.557591e+08,8.624712e+05,1.499458e+08,7.830000e+02,-1.805963e+02,-5.936205e+07
1.476283e+01,1.638896e+11,1.849772e+11,3.884078e+04,1.181156e+05,-8.994953e+08,8.368962e+06,4.361603e-03,6.823775e+08,0.000000e+00,0.000000e+00,7.564721e+06,0.000000e+00,7.564721e+06,0.000000e+00,0.000000e+00,1.317452e+11,5.587935e-09,6.676975e-14,0.000000e+00,0.000000e+00,0.000000e+00,0.000000e+00,1.548924e+11,1.674497e+11,-6.877286e+08,1.716328e+06,5.157559e+08,1.846000e+03,-4.006978e+02,4.240574e+09,1.372185e+10,-1.557589e+08,8.624712e+05,1.499569e+08,7.830000e+02,-1.805961e+02,-5.936248e+07
1.478027e+01,1.638906e+11,1.849760e+11,3.958133e+04,1.197390e+05,-8.994700e+08,8.368962e+06,4.360254e-03,6.823594e+08,0.000000e+00,0.000000e+00,7.712490e+06,0.000000e+00,7.712490e+06,0.000000e+00,0.000000e+00,1.317458e+11,5.587935e-09,6.676975e-14,0.000000e+00,0.000000e+00,0.000000e+00,0.000000e+00,1.548928e+11,1.674495e+11,-6.877286e+08,1.716328e+06,5.157927e+08,1.846000e+03,-4.006978e+02,4.240568e+09,1.372170e+10,-1.557582e+08,8.624712e+05,1.499670e+08,7.830000e+02,-1.805952e+02,-5.936324e+07
1.480207e+01,1.638916e+11,1.849736e+11,4.026798e+04,1.220558e+05,-8.994386e+08,8.368962e+06,4.360309e-03,6.834952e+08,0.000000e+00,0.000000e+00,7.932604e+06,0.000000e+00,7.932604e+06,0.000000e+00,0.000000e+00,1.317466e+11,5.587935e-09,6.676975e-14,0.000000e+00,0.000000e+00,0.000000e+00,0.000000e+00,1.548929e+11,1.674478e+11,-6.877286e+08,1.716328e+06,5.158384e+08,1.846000e+03,-4.006978e+02,4.240604e+09,1.372154e+10,-1.557571e+08,8.624712e+05,1.499793e+08,7.830000e+02,-1.805940e+02,-5.936435e+07
1.482477e+01,1.638924e+11,1.849731e+11,4.056818e+04,1.243105e+05,-8.994065e+08,8.368962e+06,4.822923e-03,6.828733e+08,0.000000e+00,0.000000e+00,8.168292e+06,0.000000e+00,8.168292e+06,0.000000e+00,0.000000e+00,1.317474e+11,5.587935e-09,6.676975e-14,0.000000e+00,0.000000e+00,0.000000e+00,0.000000e+00,1.548928e+11,1.674481e+11,-6.877286e+08,1.716328e+06,5.158865e+08,1.846000e+03,-4.006978e+02,4.240582e+09,1.372133e+10,-1.557560e+08,8.624712e+05,1.499920e+08,7.830000e+02,-1.805927e+02,-5.936542e+07
1.484421e+01,1.638926e+11,1.849726e+11,4.068496e+04,1.260558e+05,-8.993798e+08,8.368962e+06,4.561009e-03,6.829849e+08,0.000000e+00,0.000000e+00,8.331728e+06,0.000000e+00,8.331728e+06,0.000000e+00,0.000000e+00,1.317481e+11,5.587935e-09,6.676975e-14,0.000000e+00,0.000000e+00,0.000000e+00,0.000000e+00,1.548922e+11,1.674487e+11,-6.877286e+08,1.716328e+06,5.159291e+08,1.846000e+03,-4.006978e+02,4.240639e+09,1.372108e+10,-1.557552e+08,8.624712e+05,1.500030e+08,7.830000e+02,-1.805917e+02,-5.936630e+07
1.486240e+01,1.638929e+11,1.849710e+11,4.080208e+04,1.273476e+05,-8.993554e+08,8.368962e+06,4.543365e-03,6.841136e+08,0.000000e+00,0.000000e+00,8.526545e+06,0.000000e+00,8.526545e+06,0.000000e+00,0.000000e+00,1.317487e+11,5.587935e-09,6.676975e-14,0.000000e+00,0.000000e+00,0.000000e+00,0.000000e+00,1.548916e+11,1.674479e+11,-6.877286e+08,1.716328e+06,5.159704e+08,1.846000e+03,-4.006978e+02,4.240763e+09,1.372059e+10,-1.557528e+08,8.624712e+05,1.500140e+08,7.830000e+02,-1.805889e+02,-5.936942e+07
1.488058e+01,1.638928e+11,1.849703e+11,4.099834e+04,1.282350e+05,-8.993313e+08,8.368962e+06,4.370212e-03,6.846223e+08,0.000000e+00,0.000000e+00,8.583763e+06,0.000000e+00,8.583763e+06,0.000000e+00,0.000000e+00,1.317494e+11,5.587935e-09,6.676975e-14,0.000000e+00,0.000000e+00,0.000000e+00,0.000000e+00,1.548907e+11,1.674481e+11,-6.877286e+08,1.716328e+06,5.160126e+08,1.846000e+03,-4.006978e+02,4.240883e+09,1.371991e+10,-1.557488e+08,8.624712e+05,1.500257e+08,7.830000e+02,-1.805843e+02,-5.937353e+07
1.490239e+01,1.638929e+11,1.849708e+11,4.121577e+04,1.287355e+05,-8.993024e+08,8.368962e+06,4.359838e-03,6.840788e+08,0.000000e+00,0.000000e+00,8.451896e+06,0.000000e+00,8.451896e+06,0.000000e+00,0.000000e+00,1.317502e+11,5.587935e-09,6.676975e-14,0.000000e+00,0.000000e+00,0.000000e+00,0.000000e+00,1.548898e+11,1.674496e+11,-6.877286e+08,1.716328e+06,5.160628e+08,1.846000e+03,-4.006978e+02,4.241026e+09,1.371924e+10,-1.557437e+08,8.624712e+05,1.500392e+08,7.830000e+02,-1.805784e+02,-5.937848e+07
1.492419e+01,1.638938e+11,1.849689e+11,4.102247e+04,1.287183e+05,-8.992734e+08,8.368962e+06,4.359686e-03,6.851091e+08,0.000000e+00,0.000000e+00,8.372410e+06,0.000000e+00,8.372410e+06,0.000000e+00,0.000000e+00,1.317510e+11,5.587935e-09,6.676975e-14,0.000000e+00,0.000000e+00,0.000000e+00,0.000000e+00,1.548897e+11,1.674491e+11,-6.877286e+08,1.716328e+06,5.161111e+08,1.846000e+03,-4.006978e+02,4.241147e+09,1.371856e+10,-1.557406e+08,8.624712e+05,1.500521e+08,7.830000e+02,-1.805748e+02,-5.938088e+07
1.494163e+01,1.638947e+11,1.849678e+11,4.035565e+04,1.283386e+05,-8.992500e+08,8.368962e+06,4.359772e-03,6.856339e+08,0.000000e+00,0.000000e+00,8.019198e+06,0.000000e+00,8.019198e+06,0.000000e+00,0.000000e+00,1.317517e+11,5.587935e-09,6.676975e-14,0.000000e+00,0.000000e+00,0.000000e+00,0.000000e+00,1.548896e+11,1.674486e+11,-6.877286e+08,1.716328e+06,5.161481e+08,1.846000e+03,-4.006978e+02,4.241202e+09,1.371840e+10,-1.557399e+08,8.624712e+05,1.500627e+08,7.830000e+02,-1.805740e+02,-5.938162e+07
1.496343e+01,1.638958e+11,1.849680e+11,3.882671e+04,1.276177e+05,-8.992204e+08,8.368962e+06,4.360027e-03,6.845763e+08,0.000000e+00,0.000000e+00,7.695456e+06,0.000000e+00,7.695456e+06,0.000000e+00,0.000000e+00,1.317526e+11,5.587935e-09,6.676975e-14,0.000000e+00,0.000000e+00,0.000000e+00,0.000000e+00,1.548899e+11,1.674495e+11,-6.877286e+08,1.716328e+06,5.161927e+08,1.846000e+03,-4.006978e+02,4.241159e+09,1.371820e+10,-1.557384e+08,8.624712e+05,1.500756e+08,7.830000e+02,-1.805723e+02,-5.938316e+07
1.498087e+01,1.638965e+11,1.849671e+11,3.721338e+04,1.270192e+05,-8.991962e+08,8.368962e+06,4.360319e-03,6.849543e+08,0.000000e+00,0.000000e+00,7.514348e+06,0.000000e+00,7.514348e+06,0.000000e+00,0.000000e+00,1.317534e+11,5.587935e-09,6.676975e-14,0.000000e+00,0.000000e+00,0.000000e+00,0.000000e+00,1.548897e+11,1.674497e+11,-6.877286e+08,1.716328e+06,5.162275e+08,1.846000e+03,-4.006978e+02,4.241323e+09,1.371790e+10,-1.557373e+08,8.624712e+05,1.500859e+08,7.830000e+02,-1.805710e+02,-5.938419e+07
1.500449e+01,1.638970e+11,1.849660e+11,3.469902e+04,1.265333e+05,-8.991631e+08,8.368962e+06,4.822346e-03,6.857593e+08,0.000000e+00,0.000000e+00,7.304754e+06,0.000000e+00,7.304754e+06,0.000000e+00,0.000000e+00,1.317543e+11,5.587935e-09,6.676975e-14,0.000000e+00,0.000000e+00,0.000000e+00,0.000000e+00,1.548888e+11,1.674495e+11,-6.877286e+08,1.716328e+06,5.162753e+08,1.846000e+03,-4.006978e+02,4.241539e+09,1.371771e+10,-1.557366e+08,8.624712e+05,1.500991e+08,7.830000e+02,-1.805702e+02,-5.938467e+07
1.502378e+01,1.638979e+11,1.849659e+11,3.246017e+04,1.266394e+05,-8.991360e+08,8.368962e+06,4.822530e-03,6.850466e+08,0.000000e+00,0.000000e+00,7.136551e+06,0.000000e+00,7.136551e+06,0.000000e+00,0.000000e+00,1.317550e+11,5.587935e-09,6.676975e-14,0.000000e+00,0.000000e+00,0.000000e+00,0.000000e+00,1.548887e+11,1.674507e+11,-6.877286e+08,1.716328e+06,5.163160e+08,1.846000e+03,-4.006978e+02,4.241722e+09,1.371736e+10,-1.557366e+08,8.624712e+05,1.501103e+08,7.830000e+02,-1.805702e+02,-5.938463e+07
1.504307e+01,1.638990e+11,1.849649e+11,3.003001e+04,1.270312e+05,-8.991089e+08,8.368962e+06,4.822750e-03,6.850797e+08,0.000000e+00,0.000000e+00,6.975518e+06,0.000000e+00,6.975518e+06,0.000000e+00,0.000000e+00,1.317557e+11,5.587935e-09,6.676975e-14,0.000000e+00,0.000000e+00,0.000000e+00,0.000000e+00,1.548888e+11,1.674509e+11,-6.877286e+08,1.716328e+06,5.163578e+08,1.846000e+03,-4.006978e+02,4.241895e+09,1.371730e+10,-1.557370e+08,8.624712e+05,1.501209e+08,7.830000e+02,-1.805707e+02,-5.938401e+07
1.506236e+01,1.639003e+11,1.849628e+11,2.742228e+04,1.271323e+05,-8.990811e+08,8.368962e+06,4.822748e-03,6.858861e+08,0.000000e+00,0.000000e+00,6.894068e+06,0.000000e+00,6.894068e+06,0.000000e+00,0.000000e+00,1.317565e+11,5.587935e-09,6.676975e-14,0.000000e+00,0.000000e+00,0.000000e+00,0.000000e+00,1.548890e+11,1.674498e+11,-6.877286e+08,1.716328e+06,5.163999e+08,1.846000e+03,-4.006978e+02,4.242089e+09,1.371719e+10,-1.557369e+08,8.624712e+05,1.501321e+08,7.830000e+02,-1.805705e+02,-5.938467e+07
1.508175e+01,1.639012e+11,1.849620e+11,2.471241e+04,1.263867e+05,-8.990521e+08,8.368962e+06,4.823037e-03,6.858733e+08,0.000000e+00,0.000000e+00,6.730336e+06,0.000000e+00,6.730336e+06,0.000000e+00,0.000000e+00,1.317572e+11,5.587935e-09,6.676975e-14,0.000000e+00,0.000000e+00,0.000000e+00,0.000000e+00,1.548890e+11,1.674500e+11,-6.877286e+08,1.716328e+06,5.164420e+08,1.846000e+03,-4.006978e+02,4.242247e+09,1.371692e+10,-1.557361e+08,8.624712e+05,1.501440e+08,7.830000e+02,-1.805696e+02,-5.938520e+07
1.510104e+01,1.639016e+11,1.849620e+11,2.214305e+04,1.248514e+05,-8.990218e+08,8.368962e+06,4.384387e-03,6.855009e+08,0.000000e+00,0.000000e+00,6.672254e+06,0.000000e+00,6.672254e+06,0.000000e+00,0.000000e+00,1.317579e+11,5.587935e-09,6.676975e-14,0.000000e+00,0.000000e+00,0.000000e+00,0.000000e+00,1.548884e+11,1.674508e+11,-6.877286e+08,1.716328e+06,5.164840e+08,1.846000e+03,-4.006978e+02,4.242333e+09,1.371699e+10,-1.557361e+08,8.624712e+05,1.501575e+08,7.830000e+02,-1.805697e+02,-5.938485e+07
1.512287e+01,1.639022e+11,1.849599e+11,1.966222e+04,1.227707e+05,-8.989854e+08,8.368962e+06,4.360150e-03,6.868284e+08,0.000000e+00,0.000000e+00,6.703213e+06,0.000000e+00,6.703213e+06,0.000000e+00,0.000000e+00,1.317588e+11,5.587935e-09,6.676975e-14,0.000000e+00,0.000000e+00,0.000000e+00,0.000000e+00,1.548879e+11,1.674501e+11,-6.877286e+08,1.716328e+06,5.165312e+08,1.846000e+03,-4.006978e+02,4.242432e+09,1.371725e+10,-1.557377e+08,8.624712e+05,1.501714e+08,7.830000e+02,-1.805715e+02,-5.938296e+07
1.514031e+01,1.639024e+11,1.849591e+11,1.819181e+04,1.211842e+05,-8.989546e+08,8.368962e+06,4.360144e-03,6.873947e+08,0.000000e+00,0.000000e+00,6.772664e+06,0.000000e+00,6.772664e+06,0.000000e+00,0.000000e+00,1.317595e+11,5.587935e-09,6.676975e-14,0.000000e+00,0.000000e+00,0.000000e+00,0.000000e+00,1.548873e+11,1.674500e+11,-6.877286e+08,1.716328e+06,5.165694e+08,1.846000e+03,-4.006978e+02,4.242387e+09,1.371768e+10,-1.557403e+08,8.624712e+05,1.501833e+08,7.830000e+02,-1.805745e+02,-5.938026e+07
1.516211e+01,1.639027e+11,1.849594e+11,1.695863e+04,1.197359e+05,-8.989142e+08,8.368962e+06,4.360136e-03,6.866007e+08,0.000000e+00,0.000000e+00,6.891882e+06,0.000000e+00,6.891882e+06,0.000000e+00,0.000000e+00,1.317603e+11,5.587935e-09,6.676975e-14,0.000000e+00,0.000000e+00,0.000000e+00,0.000000e+00,1.548867e+11,1.674511e+11,-6.877286e+08,1.716328e+06,5.166186e+08,1.846000e+03,-4.006978e+02,4.242398e+09,1.371828e+10,-1.557432e+08,8.624712e+05,1.501978e+08,7.830000e+02,-1.805779e+02,-5.937758e+07
1.518481e+01,1.639034e+11,1.849576e+11,1.625848e+04,1.188113e+05,-8.988710e+08,8.368962e+06,4.822593e-03,6.872987e+08,0.000000e+00,0.000000e+00,7.111775e+06,0.000000e+00,7.111775e+06,0.000000e+00,0.000000e+00,1.317613e+11,5.587935e-09,6.676975e-14,0.000000e+00,0.000000e+00,0.000000e+00,0.000000e+00,1.548861e+11,1.674507e+11,-6.877286e+08,1.716328e+06,5.166721e+08,1.846000e+03,-4.006978e+02,4.242595e+09,1.371834e+10,-1.557444e+08,8.624712e+05,1.502123e+08,7.830000e+02,-1.805793e+02,-5.937685e+07
1.520420e+01,1.639042e+11,1.849567e+11,1.599318e+04,1.185413e+05,-8.988340e+08,8.368962e+06,4.872959e-03,6.871013e+08,0.000000e+00,0.000000e+00,7.324190e+06,0.000000e+00,7.324190e+06,0.000000e+00,0.000000e+00,1.317620e+11,5.587935e-09,6.676975e-14,0.000000e+00,0.000000e+00,0.000000e+00,0.000000e+00,1.548859e+11,1.674506e+11,-6.877286e+08,1.716328e+06,5.167190e+08,1.846000e+03,-4.006978e+02,4.242738e+09,1.371820e+10,-1.557441e+08,8.624712e+05,1.502238e+08,7.830000e+02,-1.805789e+02,-5.937723e+07
1.522369e+01,1.639053e+11,1.849568e+11,1.588762e+04,1.189021e+05,-8.987971e+08,8.368962e+06,4.872945e-03,6.856885e+08,0.000000e+00,0.000000e+00,7.470668e+06,0.000000e+00,7.470668e+06,0.000000e+00,0.000000e+00,1.317629e+11,5.587935e-09,6.676975e-14,0.000000e+00,0.000000e+00,0.000000e+00,0.000000e+00,1.548862e+11,1.674513e+11,-6.877286e+08,1.716328e+06,5.167660e+08,1.846000e+03,-4.006978e+02,4.242661e+09,1.371830e+10,-1.557439e+08,8.624712e+05,1.502356e+08,7.830000e+02,-1.805787e+02,-5.937730e+07
1.524245e+01,1.639067e+11,1.849553e+11,1.590631e+04,1.197549e+05,-8.987620e+08,8.368962e+06,4.523339e-03,6.855132e+08,0.000000e+00,0.000000e+00,7.563210e+06,0.000000e+00,7.563210e+06,0.000000e+00,0.000000e+00,1.317637e+11,5.587935e-09,6.676975e-14,0.000000e+00,0.000000e+00,0.000000e+00,0.000000e+00,1.548869e+11,1.674509e+11,-6.877286e+08,1.716328e+06,5.168094e+08,1.846000e+03,-4.006978e+02,4.242622e+09,1.371827e+10,-1.557439e+08,8.624712e+05,1.502467e+08,7.830000e+02,-1.805787e+02,-5.937730e+07
1.526054e+01,1.639080e+11,1.849541e+11,1.593798e+04,1.209109e+05,-8.987281e+08,8.368962e+06,4.523352e-03,6.854655e+08,0.000000e+00,0.000000e+00,7.572064e+06,0.000000e+00,7.572064e+06,0.000000e+00,0.000000e+00,1.317645e+11,5.587935e-09,6.676975e-14,0.000000e+00,0.000000e+00,0.000000e+00,0.000000e+00,1.548873e+11,1.674502e+11,-6.877286e+08,1.716328e+06,5.168485e+08,1.846000e+03,-4.006978e+02,4.242650e+09,1.371828e+10,-1.557439e+08,8.624712e+05,1.502572e+08,7.830000e+02,-1.805787e+02,-5.937730e+07
1.528314e+01,1.639087e+11,1.849547e+11,1.583637e+04,1.223759e+05,-8.986852e+08,8.368962e+06,4.360466e-03,6.841798e+08,0.000000e+00,0.000000e+00,7.529714e+06,0.000000e+00,7.529714e+06,0.000000e+00,0.000000e+00,1.317655e+11,5.587935e-09,6.676975e-14,0.000000e+00,0.000000e+00,0.000000e+00,0.000000e+00,1.548872e+11,1.674515e+11,-6.877286e+08,1.716328e+06,5.168931e+08,1.846000e+03,-4.006978e+02,4.242555e+09,1.371841e+10,-1.557438e+08,8.624712e+05,1.502701e+08,7.830000e+02,-1.805786e+02,-5.937744e+07
1.530058e+01,1.639085e+11,1.849549e+11,1.572256e+04,1.232374e+05,-8.986515e+08,8.368962e+06,4.360298e-03,6.841185e+08,0.000000e+00,0.000000e+00,7.517792e+06,0.000000e+00,7.517792e+06,0.000000e+00,0.000000e+00,1.317662e+11,5.587935e-09,6.676975e-14,0.000000e+00,0.000000e+00,0.000000e+00,0.000000e+00,1.548862e+11,1.674528e+11,-6.877286e+08,1.716328e+06,5.169258e+08,1.846000e+03,-4.006978e+02,4.242544e+09,1.371839e+10,-1.557438e+08,8.624712e+05,1.502799e+08,7.830000e+02,-1.805786e+02,-5.937832e+07
1.532239e+01,1.639083e+11,1.849537e+11,1.570804e+04,1.240554e+05,-8.986088e+08,8.368962e+06,4.360256e-03,6.849032e+08,0.000000e+00,0.000000e+00,8.120262e+06,0.000000e+00,8.120262e+06,0.000000e+00,0.000000e+00,1.317672e+11,5.587935e-09,6.676975e-14,0.000000e+00,0.000000e+00,0.000000e+00,0.000000e+00,1.548847e+11,1.674534e+11,-6.877286e+08,1.716328e+06,5.169670e+08,1.846000e+03,-4.006978e+02,4.242786e+09,1.371704e+10,-1.557332e+08,8.624712e+05,1.502970e+08,7.830000e+02,-1.805662e+02,-5.939120e+07
1.534419e+01,1.639088e+11,1.849533e+11,1.587309e+04,1.248896e+05,-8.985661e+08,8.368962e+06,4.360257e-03,6.850403e+08,0.000000e+00,0.000000e+00,8.015946e+06,0.000000e+00,8.015946e+06,0.000000e+00,0.000000e+00,1.317683e+11,5.587935e-09,6.676975e-14,0.000000e+00,0.000000e+00,0.000000e+00,0.000000e+00,1.548837e+11,1.674546e+11,-6.877286e+08,1.716328e+06,5.170105e+08,1.846000e+03,-4.006978e+02,4.243272e+09,1.371495e+10,-1.557174e+08,8.624712e+05,1.503141e+08,7.830000e+02,-1.805479e+02,-5.940675e+07
1.536207e+01,1.639093e+11,1.849529e+11,1.623596e+04,1.254018e+05,-8.985317e+08,8.368962e+06,4.869330e-03,6.852742e+08,0.000000e+00,0.000000e+00,7.531632e+06,0.000000e+00,7.531632e+06,0.000000e+00,0.000000e+00,1.317694e+11,5.587935e-09,6.676975e-14,0.000000e+00,0.000000e+00,0.000000e+00,0.000000e+00,1.548832e+11,1.674552e+11,-6.877286e+08,1.716328e+06,5.170480e+08,1.846000e+03,-4.006978e+02,4.243498e+09,1.371370e+10,-1.557075e+08,8.624712e+05,1.503308e+08,7.830000e+02,-1.805365e+02,-5.941513e+07
1.538155e+01,1.639104e+11,1.849510e+11,1.694606e+04,1.256189e+05,-8.984947e+08,8.368962e+06,4.872866e-03,6.861917e+08,0.000000e+00,0.000000e+00,7.305783e+06,0.000000e+00,7.305783e+06,0.000000e+00,0.000000e+00,1.317705e+11,5.587935e-09,6.676975e-14,0.000000e+00,0.000000e+00,0.000000e+00,0.000000e+00,1.548831e+11,1.674543e+11,-6.877286e+08,1.716328e+06,5.170895e+08,1.846000e+03,-4.006978e+02,4.243818e+09,1.371312e+10,-1.557040e+08,8.624712e+05,1.503446e+08,7.830000e+02,-1.805325e+02,-5.941714e+07
1.540104e+01,1.639115e+11,1.849497e+11,1.794961e+04,1.254658e+05,-8.984578e+08,8.368962e+06,4.386640e-03,6.863540e+08,0.000000e+00,0.000000e+00,7.258186e+06,0.000000e+00,7.258186e+06,0.000000e+00,0.000000e+00,1.317714e+11,5.587935e-09,6.676975e-14,0.000000e+00,0.000000e+00,0.000000e+00,0.000000e+00,1.548833e+11,1.674537e+11,-6.877286e+08,1.716328e+06,5.171313e+08,1.846000e+03,-4.006978e+02,4.243930e+09,1.371298e+10,-1.557035e+08,8.624712e+05,1.503579e+08,7.830000e+02,-1.805318e+02,-5.941764e+07
1.542287e+01,1.639128e+11,1.849487e+11,1.914679e+04,1.248770e+05,-8.984164e+08,8.368962e+06,4.360216e-03,6.860636e+08,0.000000e+00,0.000000e+00,7.204706e+06,0.000000e+00,7.204706e+06,0.000000e+00,0.000000e+00,1.317724e+11,5.587935e-09,6.676975e-14,0.000000e+00,0.000000e+00,0.000000e+00,0.000000e+00,1.548837e+11,1.674538e+11,-6.877286e+08,1.716328e+06,5.171783e+08,1.846000e+03,-4.006978e+02,4.243792e+09,1.371272e+10,-1.557016e+08,8.624712e+05,1.503730e+08,7.830000e+02,-1.805296e+02,-5.942052e+07
1.544031e+01,1.639142e+11,1.849467e+11,1.994734e+04,1.242406e+05,-8.983834e+08,8.368962e+06,4.360249e-03,6.866412e+08,0.000000e+00,0.000000e+00,7.116247e+06,0.000000e+00,7.116247e+06,0.000000e+00,0.000000e+00,1.317731e+11,5.587935e-09,6.676975e-14,0.000000e+00,0.000000e+00,0.000000e+00,0.000000e+00,1.548843e+11,1.674528e+11,-6.877286e+08,1.716328e+06,5.172155e+08,1.846000e+03,-4.006978e+02,4.243773e+09,1.371225e+10,-1.556972e+08,8.624712e+05,1.503852e+08,7.830000e+02,-1.805245e+02,-5.942473e+07
1.546255e+01,1.639154e+11,1.849456e+11,2.037596e+04,1.235256e+05,-8.983414e+08,8.368962e+06,4.821784e-03,6.866479e+08,0.000000e+00,0.000000e+00,7.029528e+06,0.000000e+00,7.029528e+06,0.000000e+00,0.000000e+00,1.317741e+11,5.587935e-09,6.676975e-14,0.000000e+00,0.000000e+00,0.000000e+00,0.000000e+00,1.548846e+11,1.674522e+11,-6.877286e+08,1.716328e+06,5.172626e+08,1.846000e+03,-4.006978e+02,4.243726e+09,1.371217e+10,-1.556951e+08,8.624712e+05,1.504005e+08,7.830000e+02,-1.805221e+02,-5.942616e+07
1.548184e+01,1.639160e+11,1.849456e+11,2.019773e+04,1.234098e+05,-8.983047e+08,8.368962e+06,4.823160e-03,6.860036e+08,0.000000e+00,0.000000e+00,7.016668e+06,0.000000e+00,7.016668e+06,0.000000e+00,0.000000e+00,1.317750e+11,5.587935e-09,6.676975e-14,0.000000e+00,0.000000e+00,0.000000e+00,0.000000e+00,1.548844e+11,1.674531e+11,-6.877286e+08,1.716328e+06,5.173040e+08,1.846000e+03,-4.006978e+02,4.243664e+09,1.371205e+10,-1.556947e+08,8.624712e+05,1.504142e+08,7.830000e+02,-1.805216e+02,-5.942632e+07
1.550114e+01,1.639166e+11,1.849449e+11,1.965232e+04,1.237157e+05,-8.982676e+08,8.368962e+06,4.823212e-03,6.858834e+08,0.000000e+00,0.000000e+00,7.026800e+06,0.000000e+00,7.026800e+06,0.000000e+00,0.000000e+00,1.317758e+11,5.587935e-09,6.676975e-14,0.000000e+00,0.000000e+00,0.000000e+00,0.000000e+00,1.548841e+11,1.674535e+11,-6.877286e+08,1.716328e+06,5.173471e+08,1.846000e+03,-4.006978e+02,4.243751e+09,1.371201e+10,-1.556947e+08,8.624712e+05,1.504277e+08,7.830000e+02,-1.805217e+02,-5.942631e+07
1.552043e+01,1.639174e+11,1.849442e+11,1.873818e+04,1.242293e+05,-8.982297e+08,8.368962e+06,4.823175e-03,6.856906e+08,0.000000e+00,0.000000e+00,7.050591e+06,0.000000e+00,7.050591e+06,0.000000e+00,0.000000e+00,1.317767e+11,5.587935e-09,6.676975e-14,0.000000e+00,0.000000e+00,0.000000e+00,0.000000e+00,1.548839e+11,1.674535e+11,-6.877286e+08,1.716328e+06,5.173916e+08,1.846000e+03,-4.006978e+02,4.243962e+09,1.371184e+10,-1.556947e+08,8.624712e+05,1.504410e+08,7.830000e+02,-1.805217e+02,-5.942631e+07
1.554459e+01,1.639192e+11,1.849440e+11,1.728469e+04,1.250057e+05,-8.981808e+08,8.368962e+06,4.872965e-03,6.840398e+08,0.000000e+00,0.000000e+00,7.060597e+06,0.000000e+00,7.060597e+06,0.000000e+00,0.000000e+00,1.317778e+11,5.587935e-09,6.676975e-14,0.000000e+00,0.000000e+00,0.000000e+00,0.000000e+00,1.548845e+11,1.674546e+11,-6.877286e+08,1.716328e+06,5.174473e+08,1.846000e+03,-4.006978e+02,4.244063e+09,1.371165e+10,-1.556947e+08,8.624712e+05,1.504569e+08,7.830000e+02,-1.805216e+02,-5.942634e+07
1.556408e+01,1.639207e+11,1.849431e+11,1.602364e+04,1.258212e+05,-8.981400e+08,8.368962e+06,4.872997e-03,6.832988e+08,0.000000e+00,0.000000e+00,7.019480e+06,0.000000e+00,7.019480e+06,0.000000e+00,0.000000e+00,1.317788e+11,5.587935e-09,6.676975e-14,0.000000e+00,0.000000e+00,0.000000e+00,0.000000e+00,1.548852e+11,1.674547e+11,-6.877286e+08,1.716328e+06,5.174902e+08,1.846000e+03,-4.006978e+02,4.244130e+09,1.371162e+10,-1.556947e+08,8.624712e+05,1.504702e+08,7.830000e+02,-1.805216e+02,-5.942640e+07
1.558358e+01,1.639225e+11,1.849417e+11,1.471712e+04,1.269902e+05,-8.980982e+08,8.368962e+06,4.872977e-03,6.829784e+08,0.000000e+00,0.000000e+00,6.922754e+06,0.000000e+00,6.922754e+06,0.000000e+00,0.000000e+00,1.317798e+11,5.587935e-09,6.676975e-14,0.000000e+00,0.000000e+00,0.000000e+00,0.000000e+00,1.548859e+11,1.674543e+11,-6.877286e+08,1.716328e+06,5.175305e+08,1.846000e+03,-4.006978e+02,4.244394e+09,1.371130e+10,-1.556940e+08,8.624712e+05,1.504828e+08,7.830000e+02,-1.805208e+02,-5.942710e+07
1.560307e+01,1.639247e+11,1.849412e+11,1.349757e+04,1.282754e+05,-8.980557e+08,8.368962e+06,4.872947e-03,6.814985e+08,0.000000e+00,0.000000e+00,6.765872e+06,0.000000e+00,6.765872e+06,0.000000e+00,0.000000e+00,1.317808e+11,5.587935e-09,6.676975e-14,0.000000e+00,0.000000e+00,0.000000e+00,0.000000e+00,1.548870e+11,1.674548e+11,-6.877286e+08,1.716328e+06,5.175685e+08,1.846000e+03,-4.006978e+02,4.244556e+09,1.371107e+10,-1.556938e+08,8.624712e+05,1.504953e+08,7.830000e+02,-1.805206e+02,-5.942730e+07
1.562256e+01,1.639263e+11,1.849403e+11,1.249642e+04,1.294816e+05,-8.980127e+08,8.368962e+06,4.872937e-03,6.807999e+08,0.000000e+00,0.000000e+00,6.693216e+06,0.000000e+00,6.693216e+06,0.000000e+00,0.000000e+00,1.317818e+11,5.587935e-09,6.676975e-14,0.000000e+00,0.000000e+00,0.000000e+00,0.000000e+00,1.548877e+11,1.674550e+11,-6.877286e+08,1.716328e+06,5.176057e+08,1.846000e+03,-4.006978e+02,4.244676e+09,1.371092e+10,-1.556933e+08,8.624712e+05,1.505074e+08,7.830000e+02,-1.805201e+02,-5.942744e+07
1.564054e+01,1.639280e+11,1.849383e+11,1.167423e+04,1.305233e+05,-8.979728e+08,8.368962e+06,4.360001e-03,6.810709e+08,0.000000e+00,0.000000e+00,6.646375e+06,0.000000e+00,6.646375e+06,0.000000e+00,0.000000e+00,1.317827e+11,5.587935e-09,6.676975e-14,0.000000e+00,0.000000e+00,0.000000e+00,0.000000e+00,1.548884e+11,1.674541e+11,-6.877286e+08,1.716328e+06,5.176402e+08,1.846000e+03,-4.006978e+02,4.244969e+09,1.371098e+10,-1.556953e+08,8.624712e+05,1.505191e+08,7.830000e+02,-1.805223e+02,-5.942502e+07
1.566234e+01,1.639293e+11,1.849375e+11,1.086516e+04,1.313461e+05,-8.979248e+08,8.368962e+06,4.359818e-03,6.805215e+08,0.000000e+00,0.000000e+00,6.721102e+06,0.000000e+00,6.721102e+06,0.000000e+00,0.000000e+00,1.317838e+11,5.587935e-09,6.676975e-14,0.000000e+00,0.000000e+00,0.000000e+00,0.000000e+00,1.548883e+11,1.674544e+11,-6.877286e+08,1.716328e+06,5.176826e+08,1.846000e+03,-4.006978e+02,4.245371e+09,1.371106e+10,-1.556975e+08,8.624712e+05,1.505328e+08,7.830000e+02,-1.805248e+02,-5.942458e+07
1.568414e+01,1.639296e+11,1.849368e+11,1.049629e+04,1.312333e+05,-8.978778e+08,8.368962e+06,4.359907e-03,6.804338e+08,0.000000e+00,0.000000e+00,7.091552e+06,0.000000e+00,7.091552e+06,0.000000e+00,0.000000e+00,1.317851e+11,5.587935e-09,6.676975e-14,0.000000e+00,0.000000e+00,0.000000e+00,0.000000e+00,1.548872e+11,1.674555e+11,-6.877286e+08,1.716328e+06,5.177254e+08,1.846000e+03,-4.006978e+02,4.245745e+09,1.370985e+10,-1.556882e+08,8.624712e+05,1.505485e+08,7.830000e+02,-1.805141e+02,-5.943444e+07
1.570158e+01,1.639301e+11,1.849349e+11,1.041199e+04,1.306302e+05,-8.978413e+08,8.368962e+06,4.360021e-03,6.816513e+08,0.000000e+00,0.000000e+00,7.081612e+06,0.000000e+00,7.081612e+06,0.000000e+00,0.000000e+00,1.317864e+11,5.587935e-09,6.676975e-14,0.000000e+00,0.000000e+00,0.000000e+00,0.000000e+00,1.548862e+11,1.674555e+11,-6.877286e+08,1.716328e+06,5.177606e+08,1.846000e+03,-4.006978e+02,4.246303e+09,1.370881e+10,-1.556827e+08,8.624712e+05,1.505620e+08,7.830000e+02,-1.805077e+02,-5.944054e+07
1.572338e+01,1.639302e+11,1.849336e+11,1.053051e+04,1.295210e+05,-8.977969e+08,8.368962e+06,4.360242e-03,6.821651e+08,0.000000e+00,0.000000e+00,7.616496e+06,0.000000e+00,7.616496e+06,0.000000e+00,0.000000e+00,1.317878e+11,5.587935e-09,6.676975e-14,0.000000e+00,0.000000e+00,0.000000e+00,0.000000e+00,1.548845e+11,1.674562e+11,-6.877286e+08,1.716328e+06,5.178070e+08,1.846000e+03,-4.006978e+02,4.246888e+09,1.370691e+10,-1.556699e+08,8.624712e+05,1.505789e+08,7.830000e+02,-1.804929e+02,-5.945336e+07
1.574228e+01,1.639308e+11,1.849331e+11,1.078070e+04,1.280846e+05,-8.977592e+08,8.368962e+06,4.873013e-03,6.821501e+08,0.000000e+00,0.000000e+00,7.430986e+06,0.000000e+00,7.430986e+06,0.000000e+00,0.000000e+00,1.317890e+11,5.587935e-09,6.676975e-14,0.000000e+00,0.000000e+00,0.000000e+00,0.000000e+00,1.548837e+11,1.674572e+11,-6.877286e+08,1.716328e+06,5.178483e+08,1.846000e+03,-4.006978e+02,4.247169e+09,1.370599e+10,-1.556628e+08,8.624712e+05,1.505932e+08,7.830000e+02,-1.804846e+02,-5.945878e+07
1.576077e+01,1.639315e+11,1.849315e+11,1.085284e+04,1.259625e+05,-8.977228e+08,8.368962e+06,4.360384e-03,6.831685e+08,0.000000e+00,0.000000e+00,7.199100e+06,0.000000e+00,7.199100e+06,0.000000e+00,0.000000e+00,1.317901e+11,5.587935e-09,6.676975e-14,0.000000e+00,0.000000e+00,0.000000e+00,0.000000e+00,1.548833e+11,1.674569e+11,-6.877286e+08,1.716328e+06,5.178878e+08,1.846000e+03,-4.006978e+02,4.247142e+09,1.370580e+10,-1.556617e+08,8.624712e+05,1.506077e+08,7.830000e+02,-1.804834e+02,-5.945870e+07
1.578257e+01,1.639322e+11,1.849303e+11,1.062446e+04,1.224643e+05,-8.976796e+08,8.368962e+06,4.360233e-03,6.835740e+08,0.000000e+00,0.000000e+00,7.208963e+06,0.000000e+00,7.208963e+06,0.000000e+00,0.000000e+00,1.317912e+11,5.587935e-09,6.676975e-14,0.000000e+00,0.000000e+00,0.000000e+00,0.000000e+00,1.548829e+11,1.674564e+11,-6.877286e+08,1.716328e+06,5.179331e+08,1.846000e+03,-4.006978e+02,4.247123e+09,1.370618e+10,-1.556637e+08,8.624712e+05,1.506244e+08,7.830000e+02,-1.804857e+02,-5.945672e+07
1.580001e+01,1.639333e+11,1.849301e+11,1.025555e+04,1.192886e+05,-8.976447e+08,8.368962e+06,4.360215e-03,6.827405e+08,0.000000e+00,0.000000e+00,7.187076e+06,0.000000e+00,7.187076e+06,0.000000e+00,0.000000e+00,1.317922e+11,5.587935e-09,6.676975e-14,0.000000e+00,0.000000e+00,0.000000e+00,0.000000e+00,1.548831e+11,1.674570e+11,-6.877286e+08,1.716328e+06,5.179693e+08,1.846000e+03,-4.006978e+02,4.247040e+09,1.370641e+10,-1.556648e+08,8.624712e+05,1.506375e+08,7.830000e+02,-1.804870e+02,-5.945580e+07
1.582379e+01,1.639343e+11,1.849288e+11,9.361987e+03,1.145427e+05,-8.975964e+08,8.368962e+06,4.872809e-03,6.829431e+08,0.000000e+00,0.000000e+00,7.208324e+06,0.000000e+00,7.208324e+06,0.000000e+00,0.000000e+00,1.317934e+11,5.587935e-09,6.676975e-14,0.000000e+00,0.000000e+00,0.000000e+00,0.000000e+00,1.548831e+11,1.674569e+11,-6.877286e+08,1.716328e+06,5.180189e+08,1.846000e+03,-4.006978e+02,4.246863e+09,1.370655e+10,-1.556652e+08,8.624712e+05,1.506551e+08,7.830000e+02,-1.804874e+02,-5.945560e+07
1.584295e+01,1.639355e+11,1.849272e+11,8.457811e+03,1.105600e+05,-8.975568e+08,8.368962e+06,4.524505e-03,6.832126e+08,0.000000e+00,0.000000e+00,7.196932e+06,0.000000e+00,7.196932e+06,0.000000e+00,0.000000e+00,1.317944e+11,5.587935e-09,6.676975e-14,0.000000e+00,0.000000e+00,0.000000e+00,0.000000e+00,1.548833e+11,1.674562e+11,-6.877286e+08,1.716328e+06,5.180591e+08,1.846000e+03,-4.006978e+02,4.246965e+09,1.370647e+10,-1.556652e+08,8.624712e+05,1.506692e+08,7.830000e+02,-1.804874e+02,-5.945560e+07
1.586104e+01,1.639367e+11,1.849263e+11,7.715403e+03,1.065865e+05,-8.975189e+08,8.368962e+06,4.523537e-03,6.821703e+08,0.000000e+00,0.000000e+00,7.788277e+06,0.000000e+00,7.788277e+06,0.000000e+00,0.000000e+00,1.317953e+11,5.587935e-09,6.676975e-14,0.000000e+00,0.000000e+00,0.000000e+00,0.000000e+00,1.548836e+11,1.674562e+11,-6.877286e+08,1.716328e+06,5.180974e+08,1.846000e+03,-4.006978e+02,4.247070e+09,1.370639e+10,-1.556652e+08,8.624712e+05,1.506825e+08,7.830000e+02,-1.804874e+02,-5.945560e+07
1.588394e+01,1.639384e+11,1.849247e+11,6.967233e+03,1.013277e+05,-8.974707e+08,8.368962e+06,4.822187e-03,6.824735e+08,0.000000e+00,0.000000e+00,7.252526e+06,0.000000e+00,7.252526e+06,0.000000e+00,0.000000e+00,1.317965e+11,5.587935e-09,6.676975e-14,0.000000e+00,0.000000e+00,0.000000e+00,0.000000e+00,1.548844e+11,1.674558e+11,-6.877286e+08,1.716328e+06,5.181580e+08,1.846000e+03,-4.006978e+02,4.246935e+09,1.370640e+10,-1.556652e+08,8.624712e+05,1.506993e+08,7.830000e+02,-1.804874e+02,-5.945560e+07
1.590323e+01,1.639397e+11,1.849228e+11,6.575485e+03,9.728984e+04,-8.974301e+08,8.368962e+06,4.822882e-03,6.830801e+08,0.000000e+00,0.000000e+00,7.299266e+06,0.000000e+00,7.299266e+06,0.000000e+00,0.000000e+00,1.317974e+11,5.587935e-09,6.676975e-14,0.000000e+00,0.000000e+00,0.000000e+00,0.000000e+00,1.548850e+11,1.674546e+11,-6.877286e+08,1.716328e+06,5.182050e+08,1.846000e+03,-4.006978e+02,4.246817e+09,1.370631e+10,-1.556631e+08,8.624712e+05,1.507136e+08,7.830000e+02,-1.804850e+02,-5.945908e+07
1.592252e+01,1.639414e+11,1.849218e+11,6.427922e+03,9.388121e+04,-8.973897e+08,8.368962e+06,4.822093e-03,6.823306e+08,0.000000e+00,0.000000e+00,7.069756e+06,0.000000e+00,7.069756e+06,0.000000e+00,0.000000e+00,1.317985e+11,5.587935e-09,6.676975e-14,0.000000e+00,0.000000e+00,0.000000e+00,0.000000e+00,1.548858e+11,1.674546e+11,-6.877286e+08,1.716328e+06,5.182575e+08,1.846000e+03,-4.006978e+02,4.246902e+09,1.370590e+10,-1.556576e+08,8.624712e+05,1.507309e+08,7.830000e+02,-1.804786e+02,-5.946470e+07
1.594181e+01,1.639435e+11,1.849201e+11,6.397522e+03,9.119560e+04,-8.973497e+08,8.368962e+06,4.822228e-03,6.821257e+08,0.000000e+00,0.000000e+00,6.803796e+06,0.000000e+00,6.803796e+06,0.000000e+00,0.000000e+00,1.317994e+11,5.587935e-09,6.676975e-14,0.000000e+00,0.000000e+00,0.000000e+00,0.000000e+00,1.548869e+11,1.674541e+11,-6.877286e+08,1.716328e+06,5.183052e+08,1.846000e+03,-4.006978e+02,4.247007e+09,1.370552e+10,-1.556528e+08,8.624712e+05,1.507527e+08,7.830000e+02,-1.804731e+02,-5.946799e+07
1.596110e+01,1.639459e+11,1.849174e+11,6.463621e+03,8.954289e+04,-8.973100e+08,8.368962e+06,4.822246e-03,6.825166e+08,0.000000e+00,0.000000e+00,6.700643e+06,0.000000e+00,6.700643e+06,0.000000e+00,0.000000e+00,1.318004e+11,5.587935e-09,6.676975e-14,0.000000e+00,0.000000e+00,0.000000e+00,0.000000e+00,1.548881e+11,1.674523e+11,-6.877286e+08,1.716328e+06,5.183506e+08,1.846000e+03,-4.006978e+02,4.247266e+09,1.370539e+10,-1.556526e+08,8.624712e+05,1.507738e+08,7.830000e+02,-1.804728e+02,-5.946851e+07
1.598039e+01,1.639478e+11,1.849154e+11,6.523081e+03,8.878218e+04,-8.972701e+08,8.368962e+06,4.822381e-03,6.824720e+08,0.000000e+00,0.000000e+00,6.752064e+06,0.000000e+00,6.752064e+06,0.000000e+00,0.000000e+00,1.318013e+11,5.587935e-09,6.676975e-14,0.000000e+00,0.000000e+00,0.000000e+00,0.000000e+00,1.548888e+11,1.674513e+11,-6.877286e+08,1.716328e+06,5.183981e+08,1.846000e+03,-4.006978e+02,4.247572e+09,1.370494e+10,-1.556501e+08,8.624712e+05,1.507936e+08,7.830000e+02,-1.804699e+02,-5.947192e+07
1.600314e+01,1.639501e+11,1.849137e+11,6.295703e+03,8.833934e+04,-8.972228e+08,8.368962e+06,4.360049e-03,6.820561e+08,0.000000e+00,0.000000e+00,6.495977e+06,0.000000e+00,6.495977e+06,0.000000e+00,0.000000e+00,1.318025e+11,5.587935e-09,6.676975e-14,0.000000e+00,0.000000e+00,0.000000e+00,0.000000e+00,1.548898e+11,1.674511e+11,-6.877286e+08,1.716328e+06,5.184507e+08,1.846000e+03,-4.006978e+02,4.247864e+09,1.370425e+10,-1.556459e+08,8.624712e+05,1.508158e+08,7.830000e+02,-1.804650e+02,-5.947524e+07
1.602058e+01,1.639516e+11,1.849118e+11,5.747629e+03,8.819210e+04,-8.971860e+08,8.368962e+06,4.359985e-03,6.825878e+08,0.000000e+00,0.000000e+00,6.348372e+06,0.000000e+00,6.348372e+06,0.000000e+00,0.000000e+00,1.318034e+11,5.587935e-09,6.676975e-14,0.000000e+00,0.000000e+00,0.000000e+00,0.000000e+00,1.548903e+11,1.674502e+11,-6.877286e+08,1.716328e+06,5.184935e+08,1.846000e+03,-4.006978e+02,4.248024e+09,1.370400e+10,-1.556452e+08,8.624712e+05,1.508332e+08,7.830000e+02,-1.804643e+02,-5.947572e+07
1.604238e+01,1.639540e+11,1.849089e+11,4.512857e+03,8.841315e+04,-8.971395e+08,8.368962e+06,4.360029e-03,6.829633e+08,0.000000e+00,0.000000e+00,6.263030e+06,0.000000e+00,6.263030e+06,0.000000e+00,0.000000e+00,1.318045e+11,5.587935e-09,6.676975e-14,0.000000e+00,0.000000e+00,0.000000e+00,0.000000e+00,1.548913e+11,1.674487e+11,-6.877286e+08,1.716328e+06,5.185471e+08,1.846000e+03,-4.006978e+02,4.248456e+09,1.370344e+10,-1.556447e+08,8.624712e+05,1.508537e+08,7.830000e+02,-1.804637e+02,-5.947684e+07
1.606418e+01,1.639568e+11,1.849069e+11,2.677022e+03,8.892916e+04,-8.970921e+08,8.368962e+06,4.360212e-03,6.820890e+08,0.000000e+00,0.000000e+00,6.181838e+06,0.000000e+00,6.181838e+06,0.000000e+00,0.000000e+00,1.318055e+11,5.587935e-09,6.676975e-14,0.000000e+00,0.000000e+00,0.000000e+00,0.000000e+00,1.548925e+11,1.674484e+11,-6.877286e+08,1.716328e+06,5.185982e+08,1.846000e+03,-4.006978e+02,4.249010e+09,1.370240e+10,-1.556404e+08,8.624712e+05,1.508751e+08,7.830000e+02,-1.804587e+02,-5.948107e+07
1.608162e+01,1.639584e+11,1.849051e+11,9.667228e+02,8.930610e+04,-8.970538e+08,8.368962e+06,4.360194e-03,6.825135e+08,0.000000e+00,0.000000e+00,6.004894e+06,0.000000e+00,6.004894e+06,0.000000e+00,0.000000e+00,1.318063e+11,5.587935e-09,6.676975e-14,0.000000e+00,0.000000e+00,0.000000e+00,0.000000e+00,1.548929e+11,1.674478e+11,-6.877286e+08,1.716328e+06,5.186386e+08,1.846000e+03,-4.006978e+02,4.249310e+09,1.370183e+10,-1.556381e+08,8.624712e+05,1.508910e+08,7.830000e+02,-1.804560e+02,-5.948316e+07
1.610342e+01,1.639599e+11,1.849026e+11,-1.126724e+03,8.948223e+04,-8.970056e+08,8.368962e+06,4.360199e-03,6.835025e+08,0.000000e+00,0.000000e+00,5.914851e+06,0.000000e+00,5.914851e+06,0.000000e+00,0.000000e+00,1.318073e+11,5.587935e-09,6.676975e-14,0.000000e+00,0.000000e+00,0.000000e+00,0.000000e+00,1.548933e+11,1.674466e+11,-6.877286e+08,1.716328e+06,5.186891e+08,1.846000e+03,-4.006978e+02,4.249519e+09,1.370117e+10,-1.556358e+08,8.624712e+05,1.509107e+08,7.830000e+02,-1.804533e+02,-5.948565e+07
1.612086e+01,1.639609e+11,1.849021e+11,-2.623093e+03,8.932166e+04,-8.969670e+08,8.368962e+06,4.360229e-03,6.829426e+08,0.000000e+00,0.000000e+00,5.875470e+06,0.000000e+00,5.875470e+06,0.000000e+00,0.000000e+00,1.318081e+11,5.587935e-09,6.676975e-14,0.000000e+00,0.000000e+00,0.000000e+00,0.000000e+00,1.548935e+11,1.674468e+11,-6.877286e+08,1.716328e+06,5.187276e+08,1.846000e+03,-4.006978e+02,4.249544e+09,1.370087e+10,-1.556328e+08,8.624712e+05,1.509280e+08,7.830000e+02,-1.804499e+02,-5.948902e+07
1.614338e+01,1.639624e+11,1.849005e+11,-4.242274e+03,8.829591e+04,-8.969171e+08,8.368962e+06,4.542871e-03,6.830398e+08,0.000000e+00,0.000000e+00,5.829473e+06,0.000000e+00,5.829473e+06,0.000000e+00,0.000000e+00,1.318091e+11,5.587935e-09,6.676975e-14,0.000000e+00,0.000000e+00,0.000000e+00,0.000000e+00,1.548938e+11,1.674466e+11,-6.877286e+08,1.716328e+06,5.187811e+08,1.846000e+03,-4.006978e+02,4.249524e+09,1.370034e+10,-1.556266e+08,8.624712e+05,1.509516e+08,7.830000e+02,-1.804427e+02,-5.949597e+07
1.616156e+01,1.639637e+11,1.848981e+11,-5.323455e+03,8.648773e+04,-8.968766e+08,8.368962e+06,4.543038e-03,6.840856e+08,0.000000e+00,0.000000e+00,5.804177e+06,0.000000e+00,5.804177e+06,0.000000e+00,0.000000e+00,1.318100e+11,5.587935e-09,6.676975e-14,0.000000e+00,0.000000e+00,0.000000e+00,0.000000e+00,1.548942e+11,1.674454e+11,-6.877286e+08,1.716328e+06,5.188232e+08,1.846000e+03,-4.006978e+02,4.249583e+09,1.369951e+10,-1.556196e+08,8.624712e+05,1.509703e+08,7.830000e+02,-1.804345e+02,-5.950352e+07
1.618427e+01,1.639650e+11,1.848972e+11,-6.556068e+03,8.315922e+04,-8.968255e+08,8.368962e+06,4.543411e-03,6.836236e+08,0.000000e+00,0.000000e+00,5.693696e+06,0.000000e+00,5.693696e+06,0.000000e+00,0.000000e+00,1.318112e+11,5.587935e-09,6.676975e-14,0.000000e+00,0.000000e+00,0.000000e+00,0.000000e+00,1.548940e+11,1.674456e+11,-6.877286e+08,1.716328e+06,5.188776e+08,1.846000e+03,-4.006978e+02,4.249918e+09,1.369873e+10,-1.556098e+08,8.624712e+05,1.509978e+08,7.830000e+02,-1.804232e+02,-5.951148e+07
1.620271e+01,1.639659e+11,1.848963e+11,-7.462521e+03,8.008732e+04,-8.967837e+08,8.368962e+06,4.822325e-03,6.834529e+08,0.000000e+00,0.000000e+00,5.747678e+06,0.000000e+00,5.747678e+06,0.000000e+00,0.000000e+00,1.318121e+11,5.587935e-09,6.676975e-14,0.000000e+00,0.000000e+00,0.000000e+00,0.000000e+00,1.548938e+11,1.674460e+11,-6.877286e+08,1.716328e+06,5.189225e+08,1.846000e+03,-4.006978e+02,4.250114e+09,1.369842e+10,-1.556081e+08,8.624712e+05,1.510193e+08,7.830000e+02,-1.804212e+02,-5.951351e+07
1.622200e+01,1.639668e+11,1.848944e+11,-8.381071e+03,7.700541e+04,-8.967399e+08,8.368962e+06,4.822950e-03,6.844037e+08,0.000000e+00,0.000000e+00,5.776027e+06,0.000000e+00,5.776027e+06,0.000000e+00,0.000000e+00,1.318131e+11,5.587935e-09,6.676975e-14,0.000000e+00,0.000000e+00,0.000000e+00,0.000000e+00,1.548937e+11,1.674453e+11,-6.877286e+08,1.716328e+06,5.189680e+08,1.846000e+03,-4.006978e+02,4.250178e+09,1.369798e+10,-1.556039e+08,8.624712e+05,1.510423e+08,7.830000e+02,-1.804164e+02,-5.951811e+07
1.624129e+01,1.639679e+11,1.848931e+11,-9.349974e+03,7.459514e+04,-8.966966e+08,8.368962e+06,4.821799e-03,6.845001e+08,0.000000e+00,0.000000e+00,5.739140e+06,0.000000e+00,5.739140e+06,0.000000e+00,0.000000e+00,1.318140e+11,5.587935e-09,6.676975e-14,0.000000e+00,0.000000e+00,0.000000e+00,0.000000e+00,1.548937e+11,1.674450e+11,-6.877286e+08,1.716328e+06,5.190160e+08,1.846000e+03,-4.006978e+02,4.250288e+09,1.369756e+10,-1.555985e+08,8.623484e+05,1.510670e+08,7.840000e+02,-1.804358e+02,-5.952328e+07
1.626058e+01,1.639698e+11,1.848920e+11,-1.020971e+04,7.308643e+04,-8.966542e+08,8.368962e+06,4.821766e-03,6.837763e+08,0.000000e+00,0.000000e+00,5.593173e+06,0.000000e+00,5.593173e+06,0.000000e+00,0.000000e+00,1.318150e+11,5.587935e-09,6.676975e-14,0.000000e+00,0.000000e+00,0.000000e+00,0.000000e+00,1.548945e+11,1.674452e+11,-6.877286e+08,1.716328e+06,5.190621e+08,1.846000e+03,-4.006978e+02,4.250447e+09,1.369713e+10,-1.555948e+08,8.623484e+05,1.510936e+08,7.840000e+02,-1.804315e+02,-5.952668e+07
1.628469e+01,1.639722e+11,1.848892e+11,-1.079792e+04,7.222088e+04,-8.966029e+08,8.368962e+06,4.822343e-03,6.840478e+08,0.000000e+00,0.000000e+00,5.477601e+06,0.000000e+00,5.477601e+06,0.000000e+00,0.000000e+00,1.318163e+11,5.587935e-09,6.676975e-14,0.000000e+00,0.000000e+00,0.000000e+00,0.000000e+00,1.548956e+11,1.674439e+11,-6.877286e+08,1.716328e+06,5.191212e+08,1.846000e+03,-4.006978e+02,4.250639e+09,1.369669e+10,-1.555923e+08,8.623484e+05,1.511263e+08,7.840000e+02,-1.804285e+02,-5.952971e+07
1.630398e+01,1.639742e+11,1.848867e+11,-1.090252e+04,7.223145e+04,-8.965631e+08,8.368962e+06,4.822265e-03,6.840648e+08,0.000000e+00,0.000000e+00,5.729614e+06,0.000000e+00,5.729614e+06,0.000000e+00,0.000000e+00,1.318173e+11,5.587935e-09,6.676975e-14,0.000000e+00,0.000000e+00,0.000000e+00,0.000000e+00,1.548963e+11,1.674431e+11,-6.877286e+08,1.716328e+06,5.191668e+08,1.846000e+03,-4.006978e+02,4.250949e+09,1.369547e+10,-1.555843e+08,8.623484e+05,1.511533e+08,7.840000e+02,-1.804193e+02,-5.953892e+07
1.632327e+01,1.639767e+11,1.848854e+11,-1.069579e+04,7.282677e+04,-8.965244e+08,8.368962e+06,4.822303e-03,6.830252e+08,0.000000e+00,0.000000e+00,5.455788e+06,0.000000e+00,5.455788e+06,0.000000e+00,0.000000e+00,1.318186e+11,5.587935e-09,6.676975e-14,0.000000e+00,0.000000e+00,0.000000e+00,0.000000e+00,1.548968e+11,1.674435e+11,-6.877286e+08,1.716328e+06,5.192135e+08,1.846000e+03,-4.006978e+02,4.251822e+09,1.369413e+10,-1.555764e+08,8.623484e+05,1.511786e+08,7.840000e+02,-1.804101e+02,-5.954518e+07
1.634266e+01,1.639783e+11,1.848834e+11,-1.013112e+04,7.373069e+04,-8.964863e+08,8.368962e+06,4.872974e-03,6.829379e+08,0.000000e+00,0.000000e+00,5.781868e+06,0.000000e+00,5.781868e+06,0.000000e+00,0.000000e+00,1.318196e+11,5.587935e-09,6.676975e-14,0.000000e+00,0.000000e+00,0.000000e+00,0.000000e+00,1.548973e+11,1.674429e+11,-6.877286e+08,1.716328e+06,5.192603e+08,1.846000e+03,-4.006978e+02,4.252048e+09,1.369366e+10,-1.555736e+08,8.623484e+05,1.512041e+08,7.840000e+02,-1.804069e+02,-5.954748e+07
1.636215e+01,1.639804e+11,1.848811e+11,-9.362058e+03,7.490286e+04,-8.964483e+08,8.368962e+06,4.872921e-03,6.831857e+08,0.000000e+00,0.000000e+00,5.609186e+06,0.000000e+00,5.609186e+06,0.000000e+00,0.000000e+00,1.318207e+11,5.587935e-09,6.676975e-14,0.000000e+00,0.000000e+00,0.000000e+00,0.000000e+00,1.548982e+11,1.674417e+11,-6.877286e+08,1.716328e+06,5.193079e+08,1.846000e+03,-4.006978e+02,4.252364e+09,1.369331e+10,-1.555732e+08,8.623484e+05,1.512299e+08,7.840000e+02,-1.804064e+02,-5.954764e+07
1.638064e+01,1.639819e+11,1.848802e+11,-8.585737e+03,7.664442e+04,-8.964122e+08,8.368962e+06,4.360427e-03,6.823519e+08,0.000000e+00,0.000000e+00,5.990869e+06,0.000000e+00,5.990869e+06,0.000000e+00,0.000000e+00,1.318217e+11,5.587935e-09,6.676975e-14,0.000000e+00,0.000000e+00,0.000000e+00,0.000000e+00,1.548984e+11,1.674419e+11,-6.877286e+08,1.716328e+06,5.193516e+08,1.846000e+03,-4.006978e+02,4.252694e+09,1.369278e+10,-1.555712e+08,8.623484e+05,1.512530e+08,7.840000e+02,-1.804041e+02,-5.955086e+07
1.640244e+01,1.639837e+11,1.848781e+11,-7.755474e+03,7.967916e+04,-8.963690e+08,8.368962e+06,4.360228e-03,6.824898e+08,0.000000e+00,0.000000e+00,5.891540e+06,0.000000e+00,5.891540e+06,0.000000e+00,0.000000e+00,1.318229e+11,5.587935e-09,6.676975e-14,0.000000e+00,0.000000e+00,0.000000e+00,0.000000e+00,1.548986e+11,1.674418e+11,-6.877286e+08,1.716328e+06,5.194035e+08,1.846000e+03,-4.006978e+02,4.253147e+09,1.369193e+10,-1.555662e+08,8.623484e+05,1.512810e+08,7.840000e+02,-1.803983e+02,-5.955582e+07
1.642424e+01,1.639858e+11,1.848755e+11,-7.196719e+03,8.335659e+04,-8.963247e+08,8.368962e+06,4.360059e-03,6.833310e+08,0.000000e+00,0.000000e+00,5.473741e+06,0.000000e+00,5.473741e+06,0.000000e+00,0.000000e+00,1.318241e+11,5.587935e-09,6.676975e-14,0.000000e+00,0.000000e+00,0.000000e+00,0.000000e+00,1.548995e+11,1.674402e+11,-6.877286e+08,1.716328e+06,5.194538e+08,1.846000e+03,-4.006978e+02,4.253347e+09,1.369149e+10,-1.555609e+08,8.623484e+05,1.513084e+08,7.840000e+02,-1.803922e+02,-5.956051e+07
1.644168e+01,1.639876e+11,1.848738e+11,-7.164285e+03,8.626035e+04,-8.962883e+08,8.368962e+06,4.360089e-03,6.832240e+08,0.000000e+00,0.000000e+00,5.421301e+06,0.000000e+00,5.421301e+06,0.000000e+00,0.000000e+00,1.318250e+11,5.587935e-09,6.676975e-14,0.000000e+00,0.000000e+00,0.000000e+00,0.000000e+00,1.549002e+11,1.674397e+11,-6.877286e+08,1.716328e+06,5.194946e+08,1.846000e+03,-4.006978e+02,4.253596e+09,1.369115e+10,-1.555593e+08,8.623484e+05,1.513304e+08,7.840000e+02,-1.803903e+02,-5.956210e+07
1.646349e+01,1.639900e+11,1.848715e+11,-7.772916e+03,8.940645e+04,-8.962414e+08,8.368962e+06,4.360101e-03,6.832118e+08,0.000000e+00,0.000000e+00,5.320468e+06,0.000000e+00,5.320468e+06,0.000000e+00,0.000000e+00,1.318262e+11,5.587935e-09,6.676975e-14,0.000000e+00,0.000000e+00,0.000000e+00,0.000000e+00,1.549013e+11,1.674388e+11,-6.877286e+08,1.716328e+06,5.195480e+08,1.846000e+03,-4.006978e+02,4.253867e+09,1.369078e+10,-1.555564e+08,8.623484e+05,1.513582e+08,7.840000e+02,-1.803869e+02,-5.956511e+07
1.648093e+01,1.639917e+11,1.848691e+11,-8.790771e+03,9.131766e+04,-8.962029e+08,8.368962e+06,4.796224e-03,6.838558e+08,0.000000e+00,0.000000e+00,5.216758e+06,0.000000e+00,5.216758e+06,0.000000e+00,0.000000e+00,1.318271e+11,5.587935e-09,6.676975e-14,0.000000e+00,0.000000e+00,0.000000e+00,0.000000e+00,1.549020e+11,1.674374e+11,-6.877286e+08,1.716328e+06,5.195907e+08,1.846000e+03,-4.006978e+02,4.254039e+09,1.369051e+10,-1.555542e+08,8.623484e+05,1.513803e+08,7.840000e+02,-1.803844e+02,-5.956704e+07
1.650034e+01,1.639935e+11,1.848669e+11,-1.036537e+04,9.290130e+04,-8.961592e+08,8.368962e+06,4.872856e-03,6.843413e+08,0.000000e+00,0.000000e+00,5.094075e+06,0.000000e+00,5.094075e+06,0.000000e+00,0.000000e+00,1.318280e+11,5.587935e-09,6.676975e-14,0.000000e+00,0.000000e+00,0.000000e+00,0.000000e+00,1.549023e+11,1.674365e+11,-6.877286e+08,1.716328e+06,5.196396e+08,1.846000e+03,-4.006978e+02,4.254461e+09,1.369000e+10,-1.555525e+08,8.623484e+05,1.514041e+08,7.840000e+02,-1.803825e+02,-5.956920e+07
1.652470e+01,1.639955e+11,1.848652e+11,-1.270494e+04,9.415102e+04,-8.961036e+08,8.368962e+06,4.872905e-03,6.840765e+08,0.000000e+00,0.000000e+00,4.878827e+06,0.000000e+00,4.878827e+06,0.000000e+00,0.000000e+00,1.318293e+11,5.587935e-09,6.676975e-14,0.000000e+00,0.000000e+00,0.000000e+00,0.000000e+00,1.549026e+11,1.674369e+11,-6.877286e+08,1.716328e+06,5.196988e+08,1.846000e+03,-4.006978e+02,4.255127e+09,1.368854e+10,-1.555402e+08,8.623484e+05,1.514347e+08,7.840000e+02,-1.803681e+02,-5.958248e+07
1.654404e+01,1.639967e+11,1.848635e+11,-1.476633e+04,9.507609e+04,-8.960588e+08,8.368962e+06,4.822713e-03,6.846654e+08,0.000000e+00,0.000000e+00,4.638310e+06,0.000000e+00,4.638310e+06,0.000000e+00,0.000000e+00,1.318305e+11,5.587935e-09,6.676975e-14,0.000000e+00,0.000000e+00,0.000000e+00,0.000000e+00,1.549024e+11,1.674366e+11,-6.877286e+08,1.716328e+06,5.197458e+08,1.846000e+03,-4.006978e+02,4.255534e+09,1.368774e+10,-1.555355e+08,8.623484e+05,1.514595e+08,7.840000e+02,-1.803627e+02,-5.958595e+07
1.656304e+01,1.639976e+11,1.848625e+11,-1.682073e+04,9.651695e+04,-8.960150e+08,8.368962e+06,4.822879e-03,6.848887e+08,0.000000e+00,0.000000e+00,4.559236e+06,0.000000e+00,4.559236e+06,0.000000e+00,0.000000e+00,1.318315e+11,5.587935e-09,6.676975e-14,0.000000e+00,0.000000e+00,0.000000e+00,0.000000e+00,1.549020e+11,1.674368e+11,-6.877286e+08,1.716328e+06,5.197912e+08,1.846000e+03,-4.006978e+02,4.255846e+09,1.368738e+10,-1.555329e+08,8.623484e+05,1.514829e+08,7.840000e+02,-1.803597e+02,-5.958888e+07
1.658233e+01,1.639984e+11,1.848626e+11,-1.886494e+04,9.896880e+04,-8.959706e+08,8.368962e+06,4.822038e-03,6.839604e+08,0.000000e+00,0.000000e+00,4.503078e+06,0.000000e+00,4.503078e+06,0.000000e+00,0.000000e+00,1.318326e+11,5.587935e-09,6.676975e-14,0.000000e+00,0.000000e+00,0.000000e+00,0.000000e+00,1.549014e+11,1.674380e+11,-6.877286e+08,1.716328e+06,5.198370e+08,1.846000e+03,-4.006978e+02,4.256308e+09,1.368681e+10,-1.555293e+08,8.623484e+05,1.515076e+08,7.840000e+02,-1.803555e+02,-5.959226e+07
1.660162e+01,1.639987e+11,1.848620e+11,-2.094139e+04,1.026433e+05,-8.959265e+08,8.368962e+06,4.822065e-03,6.841853e+08,0.000000e+00,0.000000e+00,4.457780e+06,0.000000e+00,4.457780e+06,0.000000e+00,0.000000e+00,1.318337e+11,5.587935e-09,6.676975e-14,0.000000e+00,0.000000e+00,0.000000e+00,0.000000e+00,1.549006e+11,1.674388e+11,-6.877286e+08,1.716328e+06,5.198835e+08,1.846000e+03,-4.006978e+02,4.256548e+09,1.368639e+10,-1.555271e+08,8.623484e+05,1.515301e+08,7.840000e+02,-1.803530e+02,-5.959413e+07
1.662090e+01,1.639987e+11,1.848615e+11,-2.293256e+04,1.070575e+05,-8.958827e+08,8.368962e+06,4.822544e-03,6.847004e+08,0.000000e+00,0.000000e+00,4.482290e+06,0.000000e+00,4.482290e+06,0.000000e+00,0.000000e+00,1.318347e+11,5.587935e-09,6.676975e-14,0.000000e+00,0.000000e+00,0.000000e+00,0.000000e+00,1.548999e+11,1.674391e+11,-6.877286e+08,1.716328e+06,5.199296e+08,1.846000e+03,-4.006978e+02,4.256362e+09,1.368631e+10,-1.555254e+08,8.623484e+05,1.515546e+08,7.840000e+02,-1.803510e+02,-5.959588e+07
1.664019e+01,1.639989e+11,1.848616e+11,-2.454337e+04,1.109776e+05,-8.958390e+08,8.368962e+06,4.822593e-03,6.842701e+08,0.000000e+00,0.000000e+00,4.443583e+06,0.000000e+00,4.443583e+06,0.000000e+00,0.000000e+00,1.318356e+11,5.587935e-09,6.676975e-14,0.000000e+00,0.000000e+00,0.000000e+00,0.000000e+00,1.548993e+11,1.674400e+11,-6.877286e+08,1.716328e+06,5.199763e+08,1.846000e+03,-4.006978e+02,4.256286e+09,1.368616e+10,-1.555234e+08,8.623484e+05,1.515795e+08,7.840000e+02,-1.803486e+02,-5.959801e+07
1.666431e+01,1.640002e+11,1.848592e+11,-2.566282e+04,1.140088e+05,-8.957846e+08,8.368962e+06,4.822639e-03,6.844683e+08,0.000000e+00,0.000000e+00,5.008640e+06,0.000000e+00,5.008640e+06,0.000000e+00,0.000000e+00,1.318369e+11,5.587935e-09,6.676975e-14,0.000000e+00,0.000000e+00,0.000000e+00,0.000000e+00,1.548989e+11,1.674404e+11,-6.877286e+08,1.716328e+06,5.200333e+08,1.846000e+03,-4.006978e+02,4.256766e+09,1.368447e+10,-1.555111e+08,8.621029e+05,1.516123e+08,7.860000e+02,-1.803858e+02,-5.961350e+07
1.668309e+01,1.640020e+11,1.848567e+11,-2.584148e+04,1.153681e+05,-8.957425e+08,8.368962e+06,4.872292e-03,6.851592e+08,0.000000e+00,0.000000e+00,4.895391e+06,0.000000e+00,4.895391e+06,0.000000e+00,0.000000e+00,1.318381e+11,5.587935e-09,6.676975e-14,0.000000e+00,0.000000e+00,0.000000e+00,0.000000e+00,1.548986e+11,1.674399e+11,-6.877286e+08,1.716328e+06,5.200778e+08,1.846000e+03,-4.006978e+02,4.257747e+09,1.368234e+10,-1.554980e+08,8.621029e+05,1.516391e+08,7.860000e+02,-1.803705e+02,-5.962556e+07
1.670258e+01,1.640031e+11,1.848553e+11,-2.552194e+04,1.158454e+05,-8.956986e+08,8.368962e+06,4.872929e-03,6.855546e+08,0.000000e+00,0.000000e+00,4.673078e+06,0.000000e+00,4.673078e+06,0.000000e+00,0.000000e+00,1.318393e+11,5.587935e-09,6.676975e-14,0.000000e+00,0.000000e+00,0.000000e+00,0.000000e+00,1.548981e+11,1.674402e+11,-6.877286e+08,1.716328e+06,5.201230e+08,1.846000e+03,-4.006978e+02,4.258292e+09,1.368089e+10,-1.554900e+08,8.621029e+05,1.516666e+08,7.860000e+02,-1.803614e+02,-5.963206e+07
1.672158e+01,1.640040e+11,1.848544e+11,-2.488609e+04,1.153726e+05,-8.956553e+08,8.368962e+06,4.361507e-03,6.856096e+08,0.000000e+00,0.000000e+00,4.559610e+06,0.000000e+00,4.559610e+06,0.000000e+00,0.000000e+00,1.318404e+11,5.587935e-09,6.676975e-14,0.000000e+00,0.000000e+00,0.000000e+00,0.000000e+00,1.548976e+11,1.674406e+11,-6.877286e+08,1.716328e+06,5.201663e+08,1.846000e+03,-4.006978e+02,4.258676e+09,1.368013e+10,-1.554847e+08,8.621029e+05,1.516959e+08,7.860000e+02,-1.803552e+02,-5.963737e+07
1.674339e+01,1.640044e+11,1.848531e+11,-2.376846e+04,1.132282e+05,-8.956051e+08,8.368962e+06,4.359806e-03,6.863180e+08,0.000000e+00,0.000000e+00,4.621428e+06,0.000000e+00,4.621428e+06,0.000000e+00,0.000000e+00,1.318416e+11,5.587935e-09,6.676975e-14,0.000000e+00,0.000000e+00,0.000000e+00,0.000000e+00,1.548965e+11,1.674407e+11,-6.877286e+08,1.716328e+06,5.202153e+08,1.846000e+03,-4.006978e+02,4.258944e+09,1.367957e+10,-1.554800e+08,8.621029e+05,1.517276e+08,7.860000e+02,-1.803497e+02,-5.964183e+07
1.676082e+01,1.640043e+11,1.848527e+11,-2.259502e+04,1.104368e+05,-8.955645e+08,8.368962e+06,4.359796e-03,6.866385e+08,0.000000e+00,0.000000e+00,4.648341e+06,0.000000e+00,4.648341e+06,0.000000e+00,0.000000e+00,1.318425e+11,5.587935e-09,6.676975e-14,0.000000e+00,0.000000e+00,0.000000e+00,0.000000e+00,1.548955e+11,1.674413e+11,-6.877286e+08,1.716328e+06,5.202551e+08,1.846000e+03,-4.006978e+02,4.258968e+09,1.367940e+10,-1.554773e+08,8.619801e+05,1.517520e+08,7.870000e+02,-1.803723e+02,-5.964406e+07
1.678262e+01,1.640044e+11,1.848529e+11,-2.125134e+04,1.072036e+05,-8.955136e+08,8.368962e+06,4.359924e-03,6.862081e+08,0.000000e+00,0.000000e+00,4.758892e+06,0.000000e+00,4.758892e+06,0.000000e+00,0.000000e+00,1.318437e+11,5.587935e-09,6.676975e-14,0.000000e+00,0.000000e+00,0.000000e+00,0.000000e+00,1.548942e+11,1.674427e+11,-6.877286e+08,1.716328e+06,5.203065e+08,1.846000e+03,-4.006978e+02,4.259162e+09,1.367902e+10,-1.554760e+08,8.619801e+05,1.517823e+08,7.870000e+02,-1.803707e+02,-5.964514e+07
1.680006e+01,1.640046e+11,1.848520e+11,-2.067726e+04,1.055481e+05,-8.954728e+08,8.368962e+06,4.360111e-03,6.865370e+08,0.000000e+00,0.000000e+00,4.878505e+06,0.000000e+00,4.878505e+06,0.000000e+00,0.000000e+00,1.318446e+11,5.587935e-09,6.676975e-14,0.000000e+00,0.000000e+00,0.000000e+00,0.000000e+00,1.548935e+11,1.674431e+11,-6.877286e+08,1.716328e+06,5.203492e+08,1.846000e+03,-4.006978e+02,4.259332e+09,1.367884e+10,-1.554749e+08,8.618573e+05,1.518057e+08,7.880000e+02,-1.803952e+02,-5.964643e+07
1.682187e+01,1.640059e+11,1.848504e+11,-2.068474e+04,1.052921e+05,-8.954218e+08,8.368962e+06,4.360401e-03,6.865875e+08,0.000000e+00,0.000000e+00,5.082868e+06,0.000000e+00,5.082868e+06,0.000000e+00,0.000000e+00,1.318458e+11,5.587935e-09,6.676975e-14,0.000000e+00,0.000000e+00,0.000000e+00,0.000000e+00,1.548934e+11,1.674430e+11,-6.877286e+08,1.716328e+06,5.204023e+08,1.846000e+03,-4.006978e+02,4.259584e+09,1.367821e+10,-1.554711e+08,8.618573e+05,1.518336e+08,7.880000e+02,-1.803908e+02,-5.965125e+07
1.684076e+01,1.640074e+11,1.848495e+11,-2.124198e+04,1.062733e+05,-8.953776e+08,8.368962e+06,4.872885e-03,6.858776e+08,0.000000e+00,0.000000e+00,5.012714e+06,0.000000e+00,5.012714e+06,0.000000e+00,0.000000e+00,1.318468e+11,5.587935e-09,6.676975e-14,0.000000e+00,0.000000e+00,0.000000e+00,0.000000e+00,1.548936e+11,1.674433e+11,-6.877286e+08,1.716328e+06,5.204467e+08,1.846000e+03,-4.006978e+02,4.260043e+09,1.367755e+10,-1.554664e+08,8.618573e+05,1.518598e+08,7.880000e+02,-1.803853e+02,-5.965528e+07
1.686021e+01,1.640090e+11,1.848481e+11,-2.230693e+04,1.075085e+05,-8.953322e+08,8.368962e+06,4.822552e-03,6.856580e+08,0.000000e+00,0.000000e+00,5.040622e+06,0.000000e+00,5.040622e+06,0.000000e+00,0.000000e+00,1.318478e+11,5.587935e-09,6.676975e-14,0.000000e+00,0.000000e+00,0.000000e+00,0.000000e+00,1.548939e+11,1.674433e+11,-6.877286e+08,1.716328e+06,5.204908e+08,1.846000e+03,-4.006978e+02,4.260348e+09,1.367711e+10,-1.554628e+08,8.618573e+05,1.518882e+08,7.880000e+02,-1.803811e+02,-5.965916e+07
1.688432e+01,1.640107e+11,1.848465e+11,-2.413834e+04,1.094283e+05,-8.952765e+08,8.368962e+06,4.821950e-03,6.854517e+08,0.000000e+00,0.000000e+00,5.079400e+06,0.000000e+00,5.079400e+06,0.000000e+00,0.000000e+00,1.318490e+11,5.587935e-09,6.676975e-14,0.000000e+00,0.000000e+00,0.000000e+00,0.000000e+00,1.548940e+11,1.674430e+11,-6.877286e+08,1.716328e+06,5.205445e+08,1.846000e+03,-4.006978e+02,4.260752e+09,1.367639e+10,-1.554578e+08,8.618573e+05,1.519206e+08,7.880000e+02,-1.803753e+02,-5.966360e+07
1.690361e+01,1.640116e+11,1.848457e+11,-2.570600e+04,1.118416e+05,-8.952329e+08,8.368962e+06,4.821969e-03,6.851456e+08,0.000000e+00,0.000000e+00,5.124354e+06,0.000000e+00,5.124354e+06,0.000000e+00,0.000000e+00,1.318500e+11,5.587935e-09,6.676975e-14,0.000000e+00,0.000000e+00,0.000000e+00,0.000000e+00,1.548940e+11,1.674434e+11,-6.877286e+08,1.716328e+06,5.205885e+08,1.846000e+03,-4.006978e+02,4.260940e+09,1.367597e+10,-1.554562e+08,8.618573e+05,1.519464e+08,7.880000e+02,-1.803735e+02,-5.966492e+07
1.692290e+01,1.640129e+11,1.848439e+11,-2.724663e+04,1.142417e+05,-8.951907e+08,8.368962e+06,4.821974e-03,6.850981e+08,0.000000e+00,0.000000e+00,5.430002e+06,0.000000e+00,5.430002e+06,0.000000e+00,0.000000e+00,1.318510e+11,5.587935e-09,6.676975e-14,0.000000e+00,0.000000e+00,0.000000e+00,0.000000e+00,1.548939e+11,1.674435e+11,-6.877286e+08,1.716328e+06,5.206308e+08,1.846000e+03,-4.006978e+02,4.261501e+09,1.367510e+10,-1.554508e+08,8.618573e+05,1.519726e+08,7.880000e+02,-1.803672e+02,-5.967236e+07
1.694218e+01,1.640141e+11,1.848425e+11,-2.874991e+04,1.163901e+05,-8.951500e+08,8.368962e+06,4.822083e-03,6.854763e+08,0.000000e+00,0.000000e+00,5.203628e+06,0.000000e+00,5.203628e+06,0.000000e+00,0.000000e+00,1.318525e+11,5.587935e-09,6.676975e-14,0.000000e+00,0.000000e+00,0.000000e+00,0.000000e+00,1.548932e+11,1.674436e+11,-6.877286e+08,1.716328e+06,5.206720e+08,1.846000e+03,-4.006978e+02,4.262550e+09,1.367415e+10,-1.554446e+08,8.618573e+05,1.520018e+08,7.880000e+02,-1.803601e+02,-5.967666e+07
1.696147e+01,1.640144e+11,1.848419e+11,-3.028500e+04,1.178603e+05,-8.951108e+08,8.368962e+06,4.822130e-03,6.855578e+08,0.000000e+00,0.000000e+00,5.282864e+06,0.000000e+00,5.282864e+06,0.000000e+00,0.000000e+00,1.318537e+11,5.587935e-09,6.676975e-14,0.000000e+00,0.000000e+00,0.000000e+00,0.000000e+00,1.548921e+11,1.674446e+11,-6.877286e+08,1.716328e+06,5.207139e+08,1.846000e+03,-4.006978e+02,4.263218e+09,1.367343e+10,-1.554434e+08,8.617346e+05,1.520293e+08,7.890000e+02,-1.803843e+02,-5.967845e+07
1.698022e+01,1.640153e+11,1.848412e+11,-3.191105e+04,1.181688e+05,-8.950740e+08,8.368962e+06,4.541940e-03,6.851756e+08,0.000000e+00,0.000000e+00,5.383696e+06,0.000000e+00,5.383696e+06,0.000000e+00,0.000000e+00,1.318547e+11,5.587935e-09,6.676975e-14,0.000000e+00,0.000000e+00,0.000000e+00,0.000000e+00,1.548912e+11,1.674457e+11,-6.877286e+08,1.716328e+06,5.207561e+08,1.846000e+03,-4.006978e+02,4.264178e+09,1.367210e+10,-1.554366e+08,8.617346e+05,1.520585e+08,7.890000e+02,-1.803764e+02,-5.968557e+07
1.700292e+01,1.640165e+11,1.848396e+11,-3.425193e+04,1.167377e+05,-8.950305e+08,8.368962e+06,4.541818e-03,6.854742e+08,0.000000e+00,0.000000e+00,5.286920e+06,0.000000e+00,5.286920e+06,0.000000e+00,0.000000e+00,1.318562e+11,5.587935e-09,6.676975e-14,0.000000e+00,0.000000e+00,0.000000e+00,0.000000e+00,1.548905e+11,1.674461e+11,-6.877286e+08,1.716328e+06,5.208075e+08,1.846000e+03,-4.006978e+02,4.264955e+09,1.367090e+10,-1.554328e+08,8.617346e+05,1.520907e+08,7.890000e+02,-1.803720e+02,-5.968883e+07
1.702109e+01,1.640181e+11,1.848383e+11,-3.644142e+04,1.140657e+05,-8.949962e+08,8.368962e+06,4.541937e-03,6.851251e+08,0.000000e+00,0.000000e+00,5.235994e+06,0.000000e+00,5.235994e+06,0.000000e+00,0.000000e+00,1.318574e+11,5.587935e-09,6.676975e-14,0.000000e+00,0.000000e+00,0.000000e+00,0.000000e+00,1.548908e+11,1.674464e+11,-6.877286e+08,1.716328e+06,5.208480e+08,1.846000e+03,-4.006978e+02,4.265516e+09,1.367021e+10,-1.554308e+08,8.617346e+05,1.521165e+08,7.890000e+02,-1.803698e+02,-5.969050e+07
1.704380e+01,1.640203e+11,1.848374e+11,-3.921415e+04,1.091651e+05,-8.949533e+08,8.368962e+06,4.542180e-03,6.836773e+08,0.000000e+00,0.000000e+00,5.245862e+06,0.000000e+00,5.245862e+06,0.000000e+00,0.000000e+00,1.318587e+11,5.587935e-09,6.676975e-14,0.000000e+00,0.000000e+00,0.000000e+00,0.000000e+00,1.548915e+11,1.674467e+11,-6.877286e+08,1.716328e+06,5.208991e+08,1.846000e+03,-4.006978e+02,4.265991e+09,1.366976e+10,-1.554298e+08,8.616118e+05,1.521470e+08,7.900000e+02,-1.803943e+02,-5.969110e+07
1.706261e+01,1.640221e+11,1.848359e+11,-4.133000e+04,1.045252e+05,-8.949175e+08,8.368962e+06,4.872730e-03,6.831988e+08,0.000000e+00,0.000000e+00,5.315184e+06,0.000000e+00,5.315184e+06,0.000000e+00,0.000000e+00,1.318598e+11,5.587935e-09,6.676975e-14,0.000000e+00,0.000000e+00,0.000000e+00,0.000000e+00,1.548919e+11,1.674466e+11,-6.877286e+08,1.716328e+06,5.209401e+08,1.846000e+03,-4.006978e+02,4.266493e+09,1.366938e+10,-1.554300e+08,8.616118e+05,1.521725e+08,7.900000e+02,-1.803945e+02,-5.969095e+07
1.708211e+01,1.640235e+11,1.848353e+11,-4.340300e+04,9.946059e+04,-8.948801e+08,8.368962e+06,4.872926e-03,6.822968e+08,0.000000e+00,0.000000e+00,5.354504e+06,0.000000e+00,5.354504e+06,0.000000e+00,0.000000e+00,1.318608e+11,5.587935e-09,6.676975e-14,0.000000e+00,0.000000e+00,0.000000e+00,0.000000e+00,1.548923e+11,1.674470e+11,-6.877286e+08,1.716328e+06,5.209808e+08,1.846000e+03,-4.006978e+02,4.266758e+09,1.366898e+10,-1.554297e+08,8.616118e+05,1.521977e+08,7.900000e+02,-1.803941e+02,-5.969146e+07
1.710009e+01,1.640243e+11,1.848353e+11,-4.521288e+04,9.469614e+04,-8.948452e+08,8.368962e+06,4.360243e-03,6.814555e+08,0.000000e+00,0.000000e+00,5.368416e+06,0.000000e+00,5.368416e+06,0.000000e+00,0.000000e+00,1.318617e+11,5.587935e-09,6.676975e-14,0.000000e+00,0.000000e+00,0.000000e+00,0.000000e+00,1.548920e+11,1.674480e+11,-6.877286e+08,1.716328e+06,5.210185e+08,1.846000e+03,-4.006978e+02,4.266994e+09,1.366866e+10,-1.554291e+08,8.616118e+05,1.522203e+08,7.900000e+02,-1.803935e+02,-5.969198e+07
1.712189e+01,1.640250e+11,1.848345e+11,-4.713112e+04,8.857860e+04,-8.948020e+08,8.368962e+06,4.360115e-03,6.813636e+08,0.000000e+00,0.000000e+00,5.443762e+06,0.000000e+00,5.443762e+06,0.000000e+00,0.000000e+00,1.318628e+11,5.587935e-09,6.676975e-14,0.000000e+00,0.000000e+00,0.000000e+00,0.000000e+00,1.548916e+11,1.674487e+11,-6.877286e+08,1.716328e+06,5.210638e+08,1.846000e+03,-4.006978e+02,4.267222e+09,1.366826e+10,-1.554285e+08,8.614890e+05,1.522481e+08,7.910000e+02,-1.804185e+02,-5.969262e+07
1.714369e+01,1.640253e+11,1.848343e+11,-4.867868e+04,8.122980e+04,-8.947580e+08,8.368962e+06,4.360054e-03,6.811550e+08,0.000000e+00,0.000000e+00,5.592952e+06,0.000000e+00,5.592952e+06,0.000000e+00,0.000000e+00,1.318639e+11,5.587935e-09,6.676975e-14,0.000000e+00,0.000000e+00,0.000000e+00,0.000000e+00,1.548906e+11,1.674494e+11,-6.877286e+08,1.716328e+06,5.211080e+08,1.846000e+03,-4.006978e+02,4.267507e+09,1.366798e+10,-1.554277e+08,8.614890e+05,1.522754e+08,7.910000e+02,-1.804176e+02,-5.969356e+07
1.716113e+01,1.640256e+11,1.848338e+11,-4.976237e+04,7.490133e+04,-8.947223e+08,8.368962e+06,4.360112e-03,6.810168e+08,0.000000e+00,0.000000e+00,5.741229e+06,0.000000e+00,5.741229e+06,0.000000e+00,0.000000e+00,1.318648e+11,5.587935e-09,6.676975e-14,0.000000e+00,0.000000e+00,0.000000e+00,0.000000e+00,1.548900e+11,1.674502e+11,-6.877286e+08,1.716328e+06,5.211441e+08,1.846000e+03,-4.006978e+02,4.267772e+09,1.366760e+10,-1.554265e+08,8.614890e+05,1.522964e+08,7.910000e+02,-1.804161e+02,-5.969483e+07
1.718293e+01,1.640270e+11,1.848322e+11,-5.112911e+04,6.857390e+04,-8.946778e+08,8.368962e+06,4.360297e-03,6.809839e+08,0.000000e+00,0.000000e+00,6.002334e+06,0.000000e+00,6.002334e+06,0.000000e+00,0.000000e+00,1.318659e+11,5.587935e-09,6.676975e-14,0.000000e+00,0.000000e+00,0.000000e+00,0.000000e+00,1.548898e+11,1.674502e+11,-6.877286e+08,1.716328e+06,5.211891e+08,1.846000e+03,-4.006978e+02,4.268354e+09,1.366688e+10,-1.554248e+08,8.613662e+05,1.523213e+08,7.920000e+02,-1.804398e+02,-5.969644e+07
1.720037e+01,1.640282e+11,1.848307e+11,-5.229089e+04,6.579211e+04,-8.946422e+08,8.368962e+06,4.360432e-03,6.810695e+08,0.000000e+00,0.000000e+00,6.136494e+06,0.000000e+00,6.136494e+06,0.000000e+00,0.000000e+00,1.318668e+11,5.587935e-09,6.676975e-14,0.000000e+00,0.000000e+00,0.000000e+00,0.000000e+00,1.548899e+11,1.674497e+11,-6.877286e+08,1.716328e+06,5.212252e+08,1.846000e+03,-4.006978e+02,4.268765e+09,1.366648e+10,-1.554240e+08,8.613662e+05,1.523420e+08,7.920000e+02,-1.804389e+02,-5.969716e+07
1.722287e+01,1.640305e+11,1.848289e+11,-5.368204e+04,6.427447e+04,-8.945965e+08,8.368962e+06,4.543074e-03,6.804092e+08,0.000000e+00,0.000000e+00,6.231098e+06,0.000000e+00,6.231098e+06,0.000000e+00,0.000000e+00,1.318680e+11,5.587935e-09,6.676975e-14,0.000000e+00,0.000000e+00,0.000000e+00,0.000000e+00,1.548907e+11,1.674495e+11,-6.877286e+08,1.716328e+06,5.212711e+08,1.846000e+03,-4.006978e+02,4.269418e+09,1.366592e+10,-1.554231e+08,8.613662e+05,1.523671e+08,7.920000e+02,-1.804379e+02,-5.969796e+07
1.724104e+01,1.640320e+11,1.848277e+11,-5.459189e+04,6.402703e+04,-8.945596e+08,8.368962e+06,4.543207e-03,6.798930e+08,0.000000e+00,0.000000e+00,6.343212e+06,0.000000e+00,6.343212e+06,0.000000e+00,0.000000e+00,1.318689e+11,5.587935e-09,6.676975e-14,0.000000e+00,0.000000e+00,0.000000e+00,0.000000e+00,1.548910e+11,1.674494e+11,-6.877286e+08,1.716328e+06,5.213084e+08,1.846000e+03,-4.006978e+02,4.269886e+09,1.366545e+10,-1.554228e+08,8.613662e+05,1.523862e+08,7.920000e+02,-1.804376e+02,-5.969820e+07
1.726375e+01,1.640332e+11,1.848263e+11,-5.541898e+04,6.398919e+04,-8.945136e+08,8.368962e+06,4.524574e-03,6.799006e+08,0.000000e+00,0.000000e+00,6.472369e+06,0.000000e+00,6.472369e+06,0.000000e+00,0.000000e+00,1.318700e+11,5.587935e-09,6.676975e-14,0.000000e+00,0.000000e+00,0.000000e+00,0.000000e+00,1.548908e+11,1.674494e+11,-6.877286e+08,1.716328e+06,5.213562e+08,1.846000e+03,-4.006978e+02,4.270341e+09,1.366501e+10,-1.554223e+08,8.613662e+05,1.524102e+08,7.920000e+02,-1.804369e+02,-5.969892e+07
1.728191e+01,1.640342e+11,1.848259e+11,-5.563000e+04,6.349528e+04,-8.944777e+08,8.368962e+06,4.543428e-03,6.791027e+08,0.000000e+00,0.000000e+00,6.552058e+06,0.000000e+00,6.552058e+06,0.000000e+00,0.000000e+00,1.318709e+11,5.587935e-09,6.676975e-14,0.000000e+00,0.000000e+00,0.000000e+00,0.000000e+00,1.548907e+11,1.674501e+11,-6.877286e+08,1.716328e+06,5.213946e+08,1.846000e+03,-4.006978e+02,4.270692e+09,1.366454e+10,-1.554213e+08,8.613662e+05,1.524287e+08,7.920000e+02,-1.804358e+02,-5.969998e+07
1.730008e+01,1.640350e+11,1.848256e+11,-5.531852e+04,6.216895e+04,-8.944431e+08,8.368962e+06,4.543581e-03,6.784611e+08,0.000000e+00,0.000000e+00,6.555314e+06,0.000000e+00,6.555314e+06,0.000000e+00,0.000000e+00,1.318718e+11,5.587935e-09,6.676975e-14,0.000000e+00,0.000000e+00,0.000000e+00,0.000000e+00,1.548905e+11,1.674510e+11,-6.877286e+08,1.716328e+06,5.214324e+08,1.846000e+03,-4.006978e+02,4.271024e+09,1.366394e+10,-1.554198e+08,8.613662e+05,1.524471e+08,7.920000e+02,-1.804341e+02,-5.970152e+07
1.732280e+01,1.640365e+11,1.848240e+11,-5.425450e+04,5.961202e+04,-8.944017e+08,8.368962e+06,4.543889e-03,6.785331e+08,0.000000e+00,0.000000e+00,6.512743e+06,0.000000e+00,6.512743e+06,0.000000e+00,0.000000e+00,1.318730e+11,5.587935e-09,6.676975e-14,0.000000e+00,0.000000e+00,0.000000e+00,0.000000e+00,1.548905e+11,1.674511e+11,-6.877286e+08,1.716328e+06,5.214776e+08,1.846000e+03,-4.006978e+02,4.271502e+09,1.366336e+10,-1.554183e+08,8.613662e+05,1.524699e+08,7.920000e+02,-1.804323e+02,-5.970330e+07
1.734098e+01,1.640375e+11,1.848235e+11,-5.319865e+04,5.657189e+04,-8.943699e+08,8.368962e+06,4.543701e-03,6.779695e+08,0.000000e+00,0.000000e+00,6.454329e+06,0.000000e+00,6.454329e+06,0.000000e+00,0.000000e+00,1.318739e+11,5.587935e-09,6.676975e-14,0.000000e+00,0.000000e+00,0.000000e+00,0.000000e+00,1.548904e+11,1.674516e+11,-6.877286e+08,1.716328e+06,5.215126e+08,1.846000e+03,-4.006978e+02,4.271896e+09,1.366271e+10,-1.554161e+08,8.613662e+05,1.524883e+08,7.920000e+02,-1.804297e+02,-5.970528e+07
1.736369e+01,1.640384e+11,1.848228e+11,-5.193807e+04,5.241428e+04,-8.943311e+08,8.368962e+06,4.543436e-03,6.779643e+08,0.000000e+00,0.000000e+00,6.274520e+06,0.000000e+00,6.274520e+06,0.000000e+00,0.000000e+00,1.318750e+11,5.587935e-09,6.676975e-14,0.000000e+00,0.000000e+00,0.000000e+00,0.000000e+00,1.548898e+11,1.674525e+11,-6.877286e+08,1.716328e+06,5.215557e+08,1.846000e+03,-4.006978e+02,4.272316e+09,1.366199e+10,-1.554151e+08,8.612435e+05,1.525113e+08,7.930000e+02,-1.804543e+02,-5.970600e+07
1.738133e+01,1.640393e+11,1.848214e+11,-5.112559e+04,5.054414e+04,-8.943015e+08,8.368962e+06,4.360180e-03,6.784544e+08,0.000000e+00,0.000000e+00,6.184906e+06,0.000000e+00,6.184906e+06,0.000000e+00,0.000000e+00,1.318759e+11,5.587935e-09,6.676975e-14,0.000000e+00,0.000000e+00,0.000000e+00,0.000000e+00,1.548896e+11,1.674524e+11,-6.877286e+08,1.716328e+06,5.215887e+08,1.846000e+03,-4.006978e+02,4.272734e+09,1.366155e+10,-1.554145e+08,8.611207e+05,1.525294e+08,7.940000e+02,-1.804794e+02,-5.970667e+07
1.740313e+01,1.640404e+11,1.848200e+11,-5.050902e+04,4.888021e+04,-8.942648e+08,8.368962e+06,4.360158e-03,6.787516e+08,0.000000e+00,0.000000e+00,6.130915e+06,0.000000e+00,6.130915e+06,0.000000e+00,0.000000e+00,1.318770e+11,5.587935e-09,6.676975e-14,0.000000e+00,0.000000e+00,0.000000e+00,0.000000e+00,1.548893e+11,1.674520e+11,-6.877286e+08,1.716328e+06,5.216311e+08,1.846000e+03,-4.006978e+02,4.273239e+09,1.366106e+10,-1.554137e+08,8.611207e+05,1.525512e+08,7.940000e+02,-1.804785e+02,-5.970731e+07
1.742057e+01,1.640415e+11,1.848185e+11,-5.065589e+04,4.739822e+04,-8.942351e+08,8.368962e+06,4.360160e-03,6.789585e+08,0.000000e+00,0.000000e+00,6.175141e+06,0.000000e+00,6.175141e+06,0.000000e+00,0.000000e+00,1.318778e+11,5.587935e-09,6.676975e-14,0.000000e+00,0.000000e+00,0.000000e+00,0.000000e+00,1.548895e+11,1.674518e+11,-6.877286e+08,1.716328e+06,5.216666e+08,1.846000e+03,-4.006978e+02,4.273497e+09,1.366065e+10,-1.554123e+08,8.611207e+05,1.525681e+08,7.940000e+02,-1.804768e+02,-5.970975e+07
1.744309e+01,1.640425e+11,1.848168e+11,-5.180084e+04,4.593191e+04,-8.941963e+08,8.368962e+06,4.543731e-03,6.795902e+08,0.000000e+00,0.000000e+00,6.204230e+06,0.000000e+00,6.204230e+06,0.000000e+00,0.000000e+00,1.318789e+11,5.587935e-09,6.676975e-14,0.000000e+00,0.000000e+00,0.000000e+00,0.000000e+00,1.548894e+11,1.674510e+11,-6.877286e+08,1.716328e+06,5.217114e+08,1.846000e+03,-4.006978e+02,4.273667e+09,1.366020e+10,-1.554072e+08,8.611207e+05,1.525900e+08,7.940000e+02,-1.804709e+02,-5.971416e+07
1.746224e+01,1.640428e+11,1.848156e+11,-5.324203e+04,4.427911e+04,-8.941631e+08,8.368962e+06,4.386804e-03,6.803697e+08,0.000000e+00,0.000000e+00,6.256079e+06,0.000000e+00,6.256079e+06,0.000000e+00,0.000000e+00,1.318798e+11,5.587935e-09,6.676975e-14,0.000000e+00,0.000000e+00,0.000000e+00,0.000000e+00,1.548888e+11,1.674506e+11,-6.877286e+08,1.716328e+06,5.217503e+08,1.846000e+03,-4.006978e+02,4.273854e+09,1.366006e+10,-1.554067e+08,8.611207e+05,1.526078e+08,7.940000e+02,-1.804702e+02,-5.971422e+07
1.748407e+01,1.640433e+11,1.848149e+11,-5.482657e+04,4.130946e+04,-8.941251e+08,8.368962e+06,4.360131e-03,6.803713e+08,0.000000e+00,0.000000e+00,6.351306e+06,0.000000e+00,6.351306e+06,0.000000e+00,0.000000e+00,1.318809e+11,5.587935e-09,6.676975e-14,0.000000e+00,0.000000e+00,0.000000e+00,0.000000e+00,1.548882e+11,1.674510e+11,-6.877286e+08,1.716328e+06,5.217947e+08,1.846000e+03,-4.006978e+02,4.274169e+09,1.365978e+10,-1.554066e+08,8.611207e+05,1.526281e+08,7.940000e+02,-1.804701e+02,-5.971450e+07
1.750151e+01,1.640440e+11,1.848141e+11,-5.597176e+04,3.904682e+04,-8.940948e+08,8.368962e+06,4.359989e-03,6.804060e+08,0.000000e+00,0.000000e+00,6.418334e+06,0.000000e+00,6.418334e+06,0.000000e+00,0.000000e+00,1.318818e+11,5.587935e-09,6.676975e-14,0.000000e+00,0.000000e+00,0.000000e+00,0.000000e+00,1.548879e+11,1.674510e+11,-6.877286e+08,1.716328e+06,5.218303e+08,1.846000e+03,-4.006978e+02,4.274471e+09,1.365947e+10,-1.554062e+08,8.611207e+05,1.526436e+08,7.940000e+02,-1.804697e+02,-5.971474e+07
1.752331e+01,1.640455e+11,1.848117e+11,-5.749700e+04,3.643920e+04,-8.940570e+08,8.368962e+06,4.359899e-03,6.810520e+08,0.000000e+00,0.000000e+00,6.530384e+06,0.000000e+00,6.530384e+06,0.000000e+00,0.000000e+00,1.318828e+11,5.587935e-09,6.676975e-14,0.000000e+00,0.000000e+00,0.000000e+00,0.000000e+00,1.548881e+11,1.674502e+11,-6.877286e+08,1.716328e+06,5.218739e+08,1.846000e+03,-4.006978e+02,4.274964e+09,1.365894e+10,-1.554059e+08,8.611207e+05,1.526632e+08,7.940000e+02,-1.804694e+02,-5.971509e+07
1.754075e+01,1.640470e+11,1.848107e+11,-5.874734e+04,3.401439e+04,-8.940270e+08,8.368962e+06,4.359932e-03,6.804097e+08,0.000000e+00,0.000000e+00,6.602316e+06,0.000000e+00,6.602316e+06,0.000000e+00,0.000000e+00,1.318836e+11,5.587935e-09,6.676975e-14,0.000000e+00,0.000000e+00,0.000000e+00,0.000000e+00,1.548887e+11,1.674500e+11,-6.877286e+08,1.716328e+06,5.219081e+08,1.846000e+03,-4.006978e+02,4.275227e+09,1.365871e+10,-1.554055e+08,8.611207e+05,1.526784e+08,7.940000e+02,-1.804689e+02,-5.971564e+07
1.756255e+01,1.640486e+11,1.848090e+11,-6.022954e+04,3.089368e+04,-8.939897e+08,8.368962e+06,4.360103e-03,6.802015e+08,0.000000e+00,0.000000e+00,6.748198e+06,0.000000e+00,6.748198e+06,0.000000e+00,0.000000e+00,1.318846e+11,5.587935e-09,6.676975e-14,0.000000e+00,0.000000e+00,0.000000e+00,0.000000e+00,1.548892e+11,1.674497e+11,-6.877286e+08,1.716328e+06,5.219511e+08,1.846000e+03,-4.006978e+02,4.275559e+09,1.365819e+10,-1.554036e+08,8.611207e+05,1.526991e+08,7.940000e+02,-1.804667e+02,-5.971776e+07
1.758435e+01,1.640500e+11,1.848068e+11,-6.165604e+04,2.735014e+04,-8.939529e+08,8.368962e+06,4.796303e-03,6.809605e+08,0.000000e+00,0.000000e+00,6.855524e+06,0.000000e+00,6.855524e+06,0.000000e+00,0.000000e+00,1.318856e+11,5.587935e-09,6.676975e-14,0.000000e+00,0.000000e+00,0.000000e+00,0.000000e+00,1.548894e+11,1.674487e+11,-6.877286e+08,1.716328e+06,5.219938e+08,1.846000e+03,-4.006978e+02,4.275873e+09,1.365766e+10,-1.554014e+08,8.611207e+05,1.527186e+08,7.940000e+02,-1.804641e+02,-5.971996e+07
1.760361e+01,1.640508e+11,1.848059e+11,-6.285139e+04,2.425157e+04,-8.939210e+08,8.368962e+06,4.822215e-03,6.808169e+08,0.000000e+00,0.000000e+00,6.930055e+06,0.000000e+00,6.930055e+06,0.000000e+00,0.000000e+00,1.318866e+11,5.587935e-09,6.676975e-14,0.000000e+00,0.000000e+00,0.000000e+00,0.000000e+00,1.548893e+11,1.674486e+11,-6.877286e+08,1.716328e+06,5.220327e+08,1.846000e+03,-4.006978e+02,4.276064e+09,1.365742e+10,-1.553998e+08,8.611207e+05,1.527352e+08,7.940000e+02,-1.804623e+02,-5.972144e+07
1.762290e+01,1.640515e+11,1.848048e+11,-6.392402e+04,2.345856e+04,-8.938894e+08,8.368962e+06,4.822250e-03,6.811557e+08,0.000000e+00,0.000000e+00,7.064872e+06,0.000000e+00,7.064872e+06,0.000000e+00,0.000000e+00,1.318875e+11,5.587935e-09,6.676975e-14,0.000000e+00,0.000000e+00,0.000000e+00,0.000000e+00,1.548891e+11,1.674485e+11,-6.877286e+08,1.716328e+06,5.220730e+08,1.846000e+03,-4.006978e+02,4.276141e+09,1.365721e+10,-1.553983e+08,8.611207e+05,1.527513e+08,7.940000e+02,-1.804606e+02,-5.972297e+07
1.764223e+01,1.640521e+11,1.848031e+11,-6.479642e+04,2.568246e+04,-8.938584e+08,8.368962e+06,4.872794e-03,6.819116e+08,0.000000e+00,0.000000e+00,7.228384e+06,0.000000e+00,7.228384e+06,0.000000e+00,0.000000e+00,1.318885e+11,5.587935e-09,6.676975e-14,0.000000e+00,0.000000e+00,0.000000e+00,0.000000e+00,1.548892e+11,1.674475e+11,-6.877286e+08,1.716328e+06,5.221145e+08,1.846000e+03,-4.006978e+02,4.275945e+09,1.365721e+10,-1.553967e+08,8.611207e+05,1.527679e+08,7.940000e+02,-1.804586e+02,-5.972467e+07
1.766168e+01,1.640529e+11,1.848017e+11,-6.521344e+04,2.963818e+04,-8.938280e+08,8.368962e+06,4.823023e-03,6.823443e+08,0.000000e+00,0.000000e+00,7.290774e+06,0.000000e+00,7.290774e+06,0.000000e+00,0.000000e+00,1.318894e+11,5.587935e-09,6.676975e-14,0.000000e+00,0.000000e+00,0.000000e+00,0.000000e+00,1.548894e+11,1.674465e+11,-6.877286e+08,1.716328e+06,5.221572e+08,1.846000e+03,-4.006978e+02,4.275802e+09,1.365724e+10,-1.553951e+08,8.611207e+05,1.527846e+08,7.940000e+02,-1.804568e+02,-5.972617e+07
1.768097e+01,1.640542e+11,1.848003e+11,-6.498603e+04,3.297333e+04,-8.937985e+08,8.368962e+06,4.823037e-03,6.823594e+08,0.000000e+00,0.000000e+00,7.267984e+06,0.000000e+00,7.267984e+06,0.000000e+00,0.000000e+00,1.318904e+11,5.587935e-09,6.676975e-14,0.000000e+00,0.000000e+00,0.000000e+00,0.000000e+00,1.548901e+11,1.674459e+11,-6.877286e+08,1.716328e+06,5.221987e+08,1.846000e+03,-4.006978e+02,4.275650e+09,1.365729e+10,-1.553939e+08,8.611207e+05,1.528001e+08,7.940000e+02,-1.804554e+02,-5.972719e+07
1.770372e+01,1.640557e+11,1.847986e+11,-6.394245e+04,3.365939e+04,-8.937645e+08,8.368962e+06,4.360212e-03,6.825845e+08,0.000000e+00,0.000000e+00,7.262629e+06,0.000000e+00,7.262629e+06,0.000000e+00,0.000000e+00,1.318915e+11,5.587935e-09,6.676975e-14,0.000000e+00,0.000000e+00,0.000000e+00,0.000000e+00,1.548909e+11,1.674448e+11,-6.877286e+08,1.716328e+06,5.222451e+08,1.846000e+03,-4.006978e+02,4.275553e+09,1.365733e+10,-1.553931e+08,8.611207e+05,1.528185e+08,7.940000e+02,-1.804545e+02,-5.972857e+07
1.772116e+01,1.640565e+11,1.847972e+11,-6.264988e+04,3.244658e+04,-8.937391e+08,8.368962e+06,4.360227e-03,6.830828e+08,0.000000e+00,0.000000e+00,7.317674e+06,0.000000e+00,7.317674e+06,0.000000e+00,0.000000e+00,1.318925e+11,5.587935e-09,6.676975e-14,0.000000e+00,0.000000e+00,0.000000e+00,0.000000e+00,1.548908e+11,1.674444e+11,-6.877286e+08,1.716328e+06,5.222788e+08,1.846000e+03,-4.006978e+02,4.275812e+09,1.365681e+10,-1.553895e+08,8.609979e+05,1.528334e+08,7.950000e+02,-1.804761e+02,-5.973205e+07
1.774442e+01,1.640573e+11,1.847967e+11,-6.070406e+04,3.130782e+04,-8.937055e+08,8.368962e+06,4.561186e-03,6.827158e+08,0.000000e+00,0.000000e+00,7.377350e+06,0.000000e+00,7.377350e+06,0.000000e+00,0.000000e+00,1.318936e+11,5.587935e-09,6.676975e-14,0.000000e+00,0.000000e+00,0.000000e+00,0.000000e+00,1.548903e+11,1.674452e+11,-6.877286e+08,1.716328e+06,5.223238e+08,1.846000e+03,-4.006978e+02,4.276248e+09,1.365614e+10,-1.553871e+08,8.609979e+05,1.528526e+08,7.950000e+02,-1.804733e+02,-5.973408e+07
1.776262e+01,1.640575e+11,1.847963e+11,-5.948082e+04,3.098232e+04,-8.936794e+08,8.368962e+06,4.543602e-03,6.828644e+08,0.000000e+00,0.000000e+00,7.396528e+06,0.000000e+00,7.396528e+06,0.000000e+00,0.000000e+00,1.318945e+11,5.587935e-09,6.676975e-14,0.000000e+00,0.000000e+00,0.000000e+00,0.000000e+00,1.548896e+11,1.674456e+11,-6.877286e+08,1.716328e+06,5.223614e+08,1.846000e+03,-4.006978e+02,4.276490e+09,1.365584e+10,-1.553865e+08,8.609979e+05,1.528675e+08,7.950000e+02,-1.804726e+02,-5.973438e+07
1.778079e+01,1.640578e+11,1.847952e+11,-5.871934e+04,3.024279e+04,-8.936528e+08,8.368962e+06,4.543818e-03,6.834515e+08,0.000000e+00,0.000000e+00,7.436495e+06,0.000000e+00,7.436495e+06,0.000000e+00,0.000000e+00,1.318953e+11,5.587935e-09,6.676975e-14,0.000000e+00,0.000000e+00,0.000000e+00,0.000000e+00,1.548892e+11,1.674455e+11,-6.877286e+08,1.716328e+06,5.224008e+08,1.846000e+03,-4.006978e+02,4.276630e+09,1.365567e+10,-1.553864e+08,8.609979e+05,1.528823e+08,7.950000e+02,-1.804724e+02,-5.973460e+07
1.780481e+01,1.640593e+11,1.847945e+11,-5.823333e+04,2.995312e+04,-8.936164e+08,8.368962e+06,4.872875e-03,6.826171e+08,0.000000e+00,0.000000e+00,7.496024e+06,0.000000e+00,7.496024e+06,0.000000e+00,0.000000e+00,1.318965e+11,5.587935e-09,6.676975e-14,0.000000e+00,0.000000e+00,0.000000e+00,0.000000e+00,1.548898e+11,1.674455e+11,-6.877286e+08,1.716328e+06,5.224533e+08,1.846000e+03,-4.006978e+02,4.276663e+09,1.365561e+10,-1.553861e+08,8.609979e+05,1.529016e+08,7.950000e+02,-1.804721e+02,-5.973492e+07
1.782279e+01,1.640606e+11,1.847930e+11,-5.794905e+04,3.010873e+04,-8.935880e+08,8.368962e+06,4.360007e-03,6.826472e+08,0.000000e+00,0.000000e+00,7.591237e+06,0.000000e+00,7.591237e+06,0.000000e+00,0.000000e+00,1.318973e+11,5.587935e-09,6.676975e-14,0.000000e+00,0.000000e+00,0.000000e+00,0.000000e+00,1.548905e+11,1.674449e+11,-6.877286e+08,1.716328e+06,5.224915e+08,1.846000e+03,-4.006978e+02,4.276623e+09,1.365552e+10,-1.553852e+08,8.609979e+05,1.529161e+08,7.950000e+02,-1.804711e+02,-5.973596e+07
1.784023e+01,1.640618e+11,1.847912e+11,-5.757567e+04,2.985927e+04,-8.935595e+08,8.368962e+06,4.359923e-03,6.830429e+08,0.000000e+00,0.000000e+00,7.660813e+06,0.000000e+00,7.660813e+06,0.000000e+00,0.000000e+00,1.318981e+11,5.587935e-09,6.676975e-14,0.000000e+00,0.000000e+00,0.000000e+00,0.000000e+00,1.548912e+11,1.674437e+11,-6.877286e+08,1.716328e+06,5.225263e+08,1.846000e+03,-4.006978e+02,4.276544e+09,1.365548e+10,-1.553842e+08,8.609979e+05,1.529303e+08,7.950000e+02,-1.804698e+02,-5.973705e+07
1.786203e+01,1.640629e+11,1.847902e+11,-5.718571e+04,2.978940e+04,-8.935227e+08,8.368962e+06,4.359866e-03,6.828850e+08,0.000000e+00,0.000000e+00,7.729034e+06,0.000000e+00,7.729034e+06,0.000000e+00,0.000000e+00,1.318991e+11,5.587935e-09,6.676975e-14,0.000000e+00,0.000000e+00,0.000000e+00,0.000000e+00,1.548915e+11,1.674432e+11,-6.877286e+08,1.716328e+06,5.225697e+08,1.846000e+03,-4.006978e+02,4.276616e+09,1.365533e+10,-1.553828e+08,8.609979e+05,1.529480e+08,7.950000e+02,-1.804683e+02,-5.973838e+07
1.788383e+01,1.640636e+11,1.847889e+11,-5.729683e+04,3.031816e+04,-8.934847e+08,8.368962e+06,4.360029e-03,6.831719e+08,0.000000e+00,0.000000e+00,7.930872e+06,0.000000e+00,7.930872e+06,0.000000e+00,0.000000e+00,1.319001e+11,5.587935e-09,6.676975e-14,0.000000e+00,0.000000e+00,0.000000e+00,0.000000e+00,1.548912e+11,1.674433e+11,-6.877286e+08,1.716328e+06,5.226138e+08,1.846000e+03,-4.006978e+02,4.276864e+09,1.365488e+10,-1.553800e+08,8.609979e+05,1.529656e+08,7.950000e+02,-1.804651e+02,-5.974163e+07
1.790127e+01,1.640641e+11,1.847877e+11,-5.797398e+04,2.993957e+04,-8.934538e+08,8.368962e+06,4.360144e-03,6.837734e+08,0.000000e+00,0.000000e+00,7.993686e+06,0.000000e+00,7.993686e+06,0.000000e+00,0.000000e+00,1.319010e+11,5.587935e-09,6.676975e-14,0.000000e+00,0.000000e+00,0.000000e+00,0.000000e+00,1.548909e+11,1.674428e+11,-6.877286e+08,1.716328e+06,5.226497e+08,1.846000e+03,-4.006978e+02,4.276975e+09,1.365452e+10,-1.553774e+08,8.609979e+05,1.529796e+08,7.950000e+02,-1.804620e+02,-5.974412e+07
1.792307e+01,1.640643e+11,1.847867e+11,-5.939318e+04,2.767961e+04,-8.934147e+08,8.368962e+06,4.360433e-03,6.843443e+08,0.000000e+00,0.000000e+00,8.019746e+06,0.000000e+00,8.019746e+06,0.000000e+00,0.000000e+00,1.319021e+11,5.587935e-09,6.676975e-14,0.000000e+00,0.000000e+00,0.000000e+00,0.000000e+00,1.548901e+11,1.674428e+11,-6.877286e+08,1.716328e+06,5.226946e+08,1.846000e+03,-4.006978e+02,4.277187e+09,1.365420e+10,-1.553751e+08,8.609979e+05,1.529973e+08,7.950000e+02,-1.804594e+02,-5.974589e+07
1.794141e+01,1.640645e+11,1.847862e+11,-6.075624e+04,2.448210e+04,-8.933812e+08,8.368962e+06,4.822084e-03,6.844291e+08,0.000000e+00,0.000000e+00,8.119680e+06,0.000000e+00,8.119680e+06,0.000000e+00,0.000000e+00,1.319031e+11,5.587935e-09,6.676975e-14,0.000000e+00,0.000000e+00,0.000000e+00,0.000000e+00,1.548895e+11,1.674433e+11,-6.877286e+08,1.716328e+06,5.227325e+08,1.846000e+03,-4.006978e+02,4.277473e+09,1.365396e+10,-1.553748e+08,8.609979e+05,1.530129e+08,7.950000e+02,-1.804589e+02,-5.974626e+07
1.796070e+01,1.640648e+11,1.847853e+11,-6.194227e+04,2.126435e+04,-8.933453e+08,8.368962e+06,4.822213e-03,6.847966e+08,0.000000e+00,0.000000e+00,8.270286e+06,0.000000e+00,8.270286e+06,0.000000e+00,0.000000e+00,1.319040e+11,5.587935e-09,6.676975e-14,0.000000e+00,0.000000e+00,0.000000e+00,0.000000e+00,1.548888e+11,1.674434e+11,-6.877286e+08,1.716328e+06,5.227734e+08,1.846000e+03,-4.006978e+02,4.277819e+09,1.365359e+10,-1.553739e+08,8.609979e+05,1.530290e+08,7.950000e+02,-1.804580e+02,-5.974724e+07
1.798004e+01,1.640651e+11,1.847842e+11,-6.248529e+04,1.957185e+04,-8.933083e+08,8.368962e+06,4.872876e-03,6.852307e+08,0.000000e+00,0.000000e+00,8.506941e+06,0.000000e+00,8.506941e+06,0.000000e+00,0.000000e+00,1.319050e+11,5.587935e-09,6.676975e-14,0.000000e+00,0.000000e+00,0.000000e+00,0.000000e+00,1.548883e+11,1.674433e+11,-6.877286e+08,1.716328e+06,5.228160e+08,1.846000e+03,-4.006978e+02,4.278068e+09,1.365323e+10,-1.553725e+08,8.609979e+05,1.530453e+08,7.950000e+02,-1.804563e+02,-5.974884e+07
