 I02IB_TRUE_L0635_R3_0001.out
************************************************************************
**                                                                    **
**                                                                    **
**                         OpenRadioss Engine                         **
**                                                                    **
**            Non-linear Finite Element Analysis Software             **
**                                                                    **
**                                                                    **
**                                                                    **
**                  Windows 64 bits, Intel compiler                   **
**                      Double Precision Version                      **
**                                                                    **
**                                                                    **
**                                                                    **
************************************************************************
** OpenRadioss Software                                               **
** COPYRIGHT (C) 2026 Siemens                                         **
** Licensed under GNU Affero General Public License.                  **
** See License file.                                                  **
************************************************************************
 
 NUMBER OF SPMD DOMAINS           1
 NUMBER OF THREADS PER DOMAIN     1
 NUMBER OF HMPP PROCESSES         1
  
 COMPUTATION HARDWARE DESCRIPTION
  
 HOSTNAME     CPU TYPE, FREQUENCY AND MEMORY
 jeux   AMD Ryzen 5 5600 6-Core Processor               (x86_64), 3700 MHz,   7128 MB RAM,  18473 MB swap
  
 STACKSIZE  . . . . . . . . . . . . . . . . . . . . 1430 MB
 THREAD STACKSIZE . . . . . . . . . . . . . . . . . 400 MB
 
************************************************************************


 I02IB_TRUE_L0635_R3D01                                                          


 FINAL TIME . . . . . . . . . . . . . . . . . . .   12.00000    

 TIME INTERVAL FOR TIME HISTORY PLOTS . . . . . .  0.4000000E-02

 TIME STEP SCALE FACTOR . . . . . . . . . . . . .  0.9000000    

 MINIMUM TIME STEP  . . . . . . . . . . . . . . .   0.000000    


 BRICK TIME STEP SCALE FACTOR . . . . . . . . . .  0.9000000    
 BRICK MINIMUM TIME STEP. . . . . . . . . . . . .   0.000000    
 MIN. TIME STEP FLAG (1:STOP RUN, 2:DELETE BRICK)     1

 QUAD TIME STEP SCALE FACTOR. . . . . . . . . . .  0.9000000    
 QUAD MINIMUM TIME STEP . . . . . . . . . . . . .   0.000000    
 MIN. TIME STEP FLAG (1:STOP RUN, 2:DELETE QUAD).     1

 SHELL TIME STEP SCALE FACTOR . . . . . . . . . .  0.9000000    
 SHELL MINIMUM TIME STEP. . . . . . . . . . . . .   0.000000    
 MIN. TIME FLAG (1:STOP, 2:DELETE, 3:SMALL STRAIN)    2

 TRUSS TIME STEP SCALE FACTOR . . . . . . . . . .  0.9000000    
 TRUSS MINIMUM TIME STEP. . . . . . . . . . . . .   0.000000    
 MIN. TIME FLAG (1:STOP, 2:DELETE). . . . . . . .     0

 BEAM TIME STEP SCALE FACTOR. . . . . . . . . . .  0.9000000    
 BEAM MINIMUM TIME STEP . . . . . . . . . . . . .   0.000000    
 MIN. TIME FLAG (1:STOP, 2:DELETE). . . . . . . .     0

 SPRING TIME STEP SCALE FACTOR. . . . . . . . . .  0.9000000    
 SPRING MINIMUM TIME STEP . . . . . . . . . . . .   0.000000    
 MIN. TIME FLAG (1:STOP, 2:DELETE). . . . . . . .     0

 AIRBAG TIME STEP SCALE FACTOR. . . . . . . . . .  0.9000000    
 AIRBAG MINIMUM TIME STEP . . . . . . . . . . . .   0.000000    
 MIN. TIME FLAG (1:STOP). . . . . . . . . . . . .     0

 CONTACT TIME STEP SCALE FACTOR . . . . . . . . .  0.9000000    
 CONTACT MINIMUM TIME STEP. . . . . . . . . . . .   0.000000    
 MIN. TIME FLAG(1:STOP, 2:REMOVE NODE FROM INTERF)    0

 PRINTOUT CYCLE FREQUENCY . . . . . . . . . . . .  -100

 RESTART CYCLE FREQUENCY. . . . . . . . . . . . .   10000000

 MAXIMUM RESTART WRITE BEFORE OVERWRITE . . . . .     0

 INVERS: INPUT DECK VERSION . . . . . . . . . . .  2026
 ITTYP : FLAG FOR TYPE OF T-FILE. . . . . . . . .     4

 INITIAL TIME STEP. . . . . . . . . . . . . . . .   0.000000    
 MAXIMUM TIME STEP. . . . . . . . . . . . . . . .  0.1000000E+21

 PARALLEL ARITHMETIC ON
 NUMBER OF INTERFACES TO BE ELIMINATED. . . . . .        0

 NUMBER OF PARTS TO BE ELIMINATED . . . . . . . .        0

 NUMBER OF SOLID  ELEMENT BLOCKS TO BE ELIMINATED        0

 NUMBER OF QUAD   ELEMENT BLOCKS TO BE ELIMINATED        0

 NUMBER OF SHELL  ELEMENT BLOCKS TO BE ELIMINATED        0

 NUMBER OF TRUSS  ELEMENT BLOCKS TO BE ELIMINATED        0

 NUMBER OF BEAM   ELEMENT BLOCKS TO BE ELIMINATED        0

 NUMBER OF SPRING ELEMENT BLOCKS TO BE ELIMINATED        0

 NUMBER OF SH_3N  ELEMENT BLOCKS TO BE ELIMINATED        0

 NUMBER OF  SPH PARTICLES BLOCKS TO BE ELIMINATED        0

 NUMBER OF RIGID LINKS. . . . . . . . . . . . . .        0

 NUMBER OF NEW BOUNDARY CONDITIONS. . . . . . . .        0


 TIME FOR FIRST ANIMATION-FILE PLOT . . . . . . .  0.1000000E+31
 TIME INTERVAL FOR ANIMATION-FILE PLOTS . . . . .   0.000000    
 TIME TO STOP ANIMATION-FILE PLOTS. . . . . . . .  0.1000000E+21
 SENSOR FOR ANIMATION-FILE PLOTS. . . . . . . . .          0
 TIME INTERVAL FOR SENSOR ANIMATION-FILE PLOTS. .   0.000000    

 VARIABLE SAVED ON ANIMATION FILES (1: YES) :
      PLASTIC STRAIN. . . . . .     0
      DENSITY     (SOLID ONLY).     0
      SPECIFIC ENERGY . . . . .     0
      HOURGLASS ENERGY. . . . .     0
      TEMPERATURE (SOLID ONLY).     0
      THICKNESS   (SHELL ONLY).     0
      PRESSURE    (SOLID ONLY).     0
      VON MISES . . . . . . . .     0
      TURBULENT ENERGY (FLUID).     0
      TURBULENT VISCOSITY(FLUID)    0
      VORTICITY (FLUID) . . . .     0
 NODAL VALUES SAVED ON ANIMATION FILES (1: YES) :
      PRESSURE. . . . . . . . .     0
      DENSITY . . . . . . . . .     0
      TEMPERATURE . . . . . . .     0
 VECTOR SAVED ON ANIMATION FILES (1: YES) :
      VELOCITY VECTOR . . . . .     0
      DISPLACEMENT VECTOR . . .     0
      ACCELERATION VECTOR . . .     0
      CONTACT FORCES. . . . . .     0
      INTERNAL FORCES . . . . .     0
      EXTERNAL FORCES . . . . .     0
      SECTION RBY RWALL FORCES.     0
      ROTATIONAL VELOCITY VECTOR    0
      CONTACT PRESSURE (VECTORS)    0
 SHELL TENSOR SAVED ON ANIMATION FILES (1: YES) :
      MEMBRANE STRESS . . . . .     0
      BENDING STRESS(MOMENT/T^2)    0
      UPPER LAYER STRESS. . . .     0
      LOWER LAYER STRESS. . . .     0
      MEMBRANE STRAIN . . . . .     0
      CURVATURE . . . . . . . .     0
      UPPER LAYER STRAIN. . . .     0
      LOWER LAYER STRAIN. . . .     0
 NODAL MASS SAVED ON ANIMATION FILES (1: YES) :    0
 KEEP DELETED ELEMENT (1: YES) :    0


 02/10/2026
   CYCLE    TIME      TIME-STEP  ELEMENT          ERROR  I-ENERGY    K-ENERGY T  K-ENERGY R  EXT-WORK     MAS.ERR     TOTAL MASS  MASS ADDED
       0   0.000      0.8153E-04 NODE        3797   0.0%   0.000       0.000       0.000       0.000       0.000       146.2       0.000    
     100  0.8153E-02  0.8153E-04 NODE        3797   0.0%  0.2384E-10  0.2479E-10   0.000      0.4863E-10   0.000       146.2       0.000    
     200  0.1631E-01  0.8153E-04 NODE        3858   0.0%  0.2156E-09  0.2016E-09   0.000      0.4170E-09   0.000       146.2       0.000    
     300  0.2446E-01  0.8153E-04 NODE        3731   0.0%  0.1404E-08  0.1438E-08   0.000      0.2842E-08   0.000       146.2       0.000    
     400  0.3261E-01  0.8153E-04 NODE        3718   0.0%  0.4940E-08  0.5010E-08   0.000      0.9950E-08   0.000       146.2       0.000    
     500  0.4076E-01  0.8153E-04 NODE        3810  -0.0%  0.1365E-07  0.1379E-07   0.000      0.2744E-07   0.000       146.2       0.000    
     600  0.4892E-01  0.8153E-04 NODE        3797  -0.0%  0.3365E-07  0.3438E-07   0.000      0.6804E-07   0.000       146.2       0.000    
     700  0.5707E-01  0.8153E-04 NODE        3718  -0.0%  0.6579E-07  0.6825E-07   0.000      0.1340E-06   0.000       146.2       0.000    
     800  0.6522E-01  0.8153E-04 NODE        3797  -0.0%  0.1326E-06  0.1389E-06   0.000      0.2715E-06   0.000       146.2       0.000    
     900  0.7338E-01  0.8153E-04 NODE        3775  -0.0%  0.2184E-06  0.2291E-06   0.000      0.4475E-06   0.000       146.2       0.000    
    1000  0.8153E-01  0.8153E-04 NODE        3797  -0.0%  0.3905E-06  0.4047E-06   0.000      0.7951E-06   0.000       146.2       0.000    
    1100  0.8968E-01  0.8153E-04 NODE        3731  -0.0%  0.5911E-06  0.5871E-06   0.000      0.1178E-05   0.000       146.2       0.000    
    1200  0.9783E-01  0.8153E-04 NODE        3810  -0.0%  0.9849E-06  0.9313E-06   0.000      0.1916E-05   0.000       146.2       0.000    
    1300  0.1060      0.8153E-04 NODE        3731  -0.0%  0.1461E-05  0.1261E-05   0.000      0.2722E-05   0.000       146.2       0.000    
    1400  0.1141      0.8153E-04 NODE        3854  -0.0%  0.2260E-05  0.1790E-05   0.000      0.4050E-05   0.000       146.2       0.000    
    1500  0.1223      0.8153E-04 NODE        3718  -0.0%  0.3292E-05  0.2311E-05   0.000      0.5603E-05   0.000       146.2       0.000    
    1600  0.1304      0.8153E-04 NODE        3854  -0.0%  0.4793E-05  0.2993E-05   0.000      0.7786E-05   0.000       146.2       0.000    
    1700  0.1386      0.8153E-04 NODE        3718  -0.0%  0.6797E-05  0.3759E-05   0.000      0.1056E-04   0.000       146.2       0.000    
    1800  0.1468      0.8153E-04 NODE        3797  -0.0%  0.9461E-05  0.4594E-05   0.000      0.1406E-04   0.000       146.2       0.000    
    1900  0.1549      0.8153E-04 NODE        3797  -0.0%  0.1305E-04  0.5729E-05   0.000      0.1878E-04   0.000       146.2       0.000    
    2000  0.1631      0.8153E-04 NODE        3718  -0.0%  0.1752E-04  0.6782E-05   0.000      0.2431E-04   0.000       146.2       0.000    
    2100  0.1712      0.8153E-04 NODE        3797  -0.0%  0.2357E-04  0.8449E-05   0.000      0.3202E-04   0.000       146.2       0.000    
    2200  0.1794      0.8153E-04 NODE        3718  -0.0%  0.3071E-04  0.9822E-05   0.000      0.4053E-04   0.000       146.2       0.000    
    2300  0.1875      0.8153E-04 NODE        3797  -0.0%  0.4035E-04  0.1216E-04   0.000      0.5252E-04   0.000       146.2       0.000    
    2400  0.1957      0.8153E-04 NODE        3718  -0.0%  0.5146E-04  0.1411E-04   0.000      0.6557E-04   0.000       146.2       0.000    
    2500  0.2038      0.8153E-04 NODE        3797  -0.0%  0.6602E-04  0.1708E-04   0.000      0.8310E-04   0.000       146.2       0.000    
    2600  0.2120      0.8153E-04 NODE        3718  -0.0%  0.8290E-04  0.1988E-04   0.000      0.1028E-03   0.000       146.2       0.000    
    2700  0.2201      0.8153E-04 NODE        3797  -0.0%  0.1039E-03  0.2331E-04   0.000      0.1272E-03   0.000       146.2       0.000    
    2800  0.2283      0.8153E-04 NODE        3797  -0.0%  0.1286E-03  0.2722E-04   0.000      0.1559E-03   0.000       146.2       0.000    
    2900  0.2364      0.8153E-04 NODE        3718  -0.0%  0.1582E-03  0.3096E-04   0.000      0.1892E-03   0.000       146.2       0.000    
    3000  0.2446      0.8153E-04 NODE        3797  -0.0%  0.1935E-03  0.3607E-04   0.000      0.2295E-03   0.000       146.2       0.000    
    3100  0.2527      0.8153E-04 NODE        3718  -0.0%  0.2343E-03  0.3997E-04   0.000      0.2743E-03   0.000       146.2       0.000    
    3200  0.2609      0.8153E-04 NODE        3797  -0.0%  0.2834E-03  0.4619E-04   0.000      0.3296E-03   0.000       146.2       0.000    
    3300  0.2690      0.8153E-04 NODE        3718  -0.0%  0.3388E-03  0.5033E-04   0.000      0.3891E-03   0.000       146.2       0.000    
    3400  0.2772      0.8153E-04 NODE        3797  -0.0%  0.4058E-03  0.5767E-04   0.000      0.4635E-03   0.000       146.2       0.000    
    3500  0.2854      0.8153E-04 NODE        3718  -0.0%  0.4799E-03  0.6291E-04   0.000      0.5428E-03   0.000       146.2       0.000    
    3600  0.2935      0.8153E-04 NODE        3797  -0.0%  0.5691E-03  0.7135E-04   0.000      0.6405E-03   0.000       146.2       0.000    
    3700  0.3017      0.8153E-04 NODE        3718  -0.0%  0.6678E-03  0.7871E-04   0.000      0.7465E-03   0.000       146.2       0.000    
    3800  0.3098      0.8153E-04 NODE        3797  -0.0%  0.7833E-03  0.8788E-04   0.000      0.8712E-03   0.000       146.2       0.000    
    3900  0.3180      0.8153E-04 NODE        3718  -0.0%  0.9124E-03  0.9825E-04   0.000      0.1011E-02   0.000       146.2       0.000    
    4000  0.3261      0.8153E-04 NODE        3867  -0.0%  0.1060E-02  0.1077E-03   0.000      0.1168E-02   0.000       146.2       0.000    
    4100  0.3343      0.8153E-04 NODE        3797  -0.0%  0.1226E-02  0.1211E-03   0.000      0.1347E-02   0.000       146.2       0.000    
    4200  0.3424      0.8153E-04 NODE        3718  -0.0%  0.1413E-02  0.1307E-03   0.000      0.1543E-02   0.000       146.2       0.000    
    4300  0.3506      0.8153E-04 NODE        3867  -0.0%  0.1625E-02  0.1467E-03   0.000      0.1771E-02   0.000       146.2       0.000    
    4400  0.3587      0.8153E-04 NODE        3718  -0.0%  0.1858E-02  0.1565E-03   0.000      0.2014E-02   0.000       146.2       0.000    
    4500  0.3669      0.8153E-04 NODE        3867  -0.0%  0.2125E-02  0.1740E-03   0.000      0.2299E-02   0.000       146.2       0.000    
    4600  0.3750      0.8153E-04 NODE        3718  -0.0%  0.2414E-02  0.1854E-03   0.000      0.2599E-02   0.000       146.2       0.000    
    4700  0.3832      0.8153E-04 NODE        3797  -0.0%  0.2747E-02  0.2037E-03   0.000      0.2950E-02   0.000       146.2       0.000    
    4800  0.3913      0.8153E-04 NODE        3718  -0.0%  0.3105E-02  0.2187E-03   0.000      0.3324E-02   0.000       146.2       0.000    
    4900  0.3995      0.8153E-04 NODE        3797  -0.0%  0.3511E-02  0.2368E-03   0.000      0.3747E-02   0.000       146.2       0.000    
    5000  0.4076      0.8153E-04 NODE        3718  -0.0%  0.3952E-02  0.2574E-03   0.000      0.4209E-02   0.000       146.2       0.000    
    5100  0.4158      0.8153E-04 NODE        3797  -0.0%  0.4442E-02  0.2750E-03   0.000      0.4717E-02   0.000       146.2       0.000    
    5200  0.4239      0.8153E-04 NODE        3797  -0.0%  0.4980E-02  0.3017E-03   0.000      0.5281E-02   0.000       146.2       0.000    
    5300  0.4321      0.8153E-04 NODE        3718  -0.0%  0.5568E-02  0.3194E-03   0.000      0.5888E-02   0.000       146.2       0.000    
    5400  0.4403      0.8153E-04 NODE        3867  -0.0%  0.6219E-02  0.3511E-03   0.000      0.6570E-02   0.000       146.2       0.000    
    5500  0.4484      0.8153E-04 NODE        3718  -0.0%  0.6922E-02  0.3696E-03   0.000      0.7291E-02   0.000       146.2       0.000    
    5600  0.4566      0.8153E-04 NODE        3797  -0.0%  0.7703E-02  0.4035E-03   0.000      0.8107E-02   0.000       146.2       0.000    
    5700  0.4647      0.8153E-04 NODE        3718  -0.0%  0.8536E-02  0.4246E-03   0.000      0.8961E-02   0.000       146.2       0.000    
    5800  0.4729      0.8153E-04 NODE        3867  -0.0%  0.9468E-02  0.4593E-03   0.000      0.9927E-02   0.000       146.2       0.000    
    5900  0.4810      0.8153E-04 NODE        3718  -0.0%  0.1046E-01  0.4872E-03   0.000      0.1094E-01   0.000       146.2       0.000    
    6000  0.4892      0.8153E-04 NODE        3797  -0.0%  0.1155E-01  0.5199E-03   0.000      0.1207E-01   0.000       146.2       0.000    
    6100  0.4973      0.8153E-04 NODE        3718  -0.0%  0.1272E-01  0.5568E-03   0.000      0.1328E-01   0.000       146.2       0.000    
    6200  0.5055      0.8153E-04 NODE        3797  -0.0%  0.1400E-01  0.5861E-03   0.000      0.1459E-01   0.000       146.2       0.000    
    6300  0.5136      0.8153E-04 NODE        3867  -0.0%  0.1538E-01  0.6317E-03   0.000      0.1601E-01   0.000       146.2       0.000    
    6400  0.5218      0.8153E-04 NODE        3718  -0.0%  0.1686E-01  0.6595E-03   0.000      0.1752E-01   0.000       146.2       0.000    
    6500  0.5299      0.8153E-04 NODE        3797  -0.0%  0.1847E-01  0.7118E-03   0.000      0.1918E-01   0.000       146.2       0.000    
    6600  0.5381      0.8153E-04 NODE        3718  -0.0%  0.2019E-01  0.7413E-03   0.000      0.2093E-01   0.000       146.2       0.000    
    6700  0.5462      0.8153E-04 NODE        3797  -0.0%  0.2206E-01  0.7971E-03   0.000      0.2286E-01   0.000       146.2       0.000    
    6800  0.5544      0.8153E-04 NODE        3718  -0.0%  0.2404E-01  0.8319E-03   0.000      0.2487E-01   0.000       146.2       0.000    
    6900  0.5625      0.8153E-04 NODE        3867  -0.0%  0.2621E-01  0.8887E-03   0.000      0.2710E-01   0.000       146.2       0.000    
    7000  0.5707      0.8153E-04 NODE        3718  -0.0%  0.2849E-01  0.9348E-03   0.000      0.2942E-01   0.000       146.2       0.000    
    7100  0.5789      0.8153E-04 NODE        3797  -0.0%  0.3098E-01  0.9885E-03   0.000      0.3197E-01   0.000       146.2       0.000    
    7200  0.5870      0.8153E-04 NODE        3718  -0.0%  0.3360E-01  0.1048E-02   0.000      0.3465E-01   0.000       146.2       0.000    
    7300  0.5952      0.8153E-04 NODE        3797  -0.0%  0.3643E-01  0.1096E-02   0.000      0.3753E-01   0.000       146.2       0.000    
    7400  0.6033      0.8153E-04 NODE        3797  -0.0%  0.3944E-01  0.1168E-02   0.000      0.4061E-01   0.000       146.2       0.000    
    7500  0.6115      0.8153E-04 NODE        3718  -0.0%  0.4266E-01  0.1212E-02   0.000      0.4387E-01   0.000       146.2       0.000    
    7600  0.6196      0.8153E-04 NODE        3867  -0.0%  0.4609E-01  0.1292E-02   0.000      0.4739E-01   0.000       146.2       0.000    
    7700  0.6278      0.8153E-04 NODE        3718  -0.0%  0.4974E-01  0.1336E-02   0.000      0.5107E-01   0.000       146.2       0.000    
    7800  0.6359      0.8153E-04 NODE        3797  -0.0%  0.5364E-01  0.1420E-02   0.000      0.5506E-01   0.000       146.2       0.000    
    7900  0.6441      0.8153E-04 NODE        3718  -0.0%  0.5775E-01  0.1471E-02   0.000      0.5922E-01   0.000       146.2       0.000    
    8000  0.6522      0.8153E-04 NODE        3797  -0.0%  0.6218E-01  0.1553E-02   0.000      0.6373E-01   0.000       146.2       0.000    
    8100  0.6604      0.8153E-04 NODE        3718  -0.0%  0.6681E-01  0.1620E-02   0.000      0.6843E-01   0.000       146.2       0.000    
    8200  0.6685      0.8153E-04 NODE        3797  -0.0%  0.7180E-01  0.1699E-02   0.000      0.7350E-01   0.000       146.2       0.000    
    8300  0.6767      0.8153E-04 NODE        3718  -0.0%  0.7702E-01  0.1787E-02   0.000      0.7881E-01   0.000       146.2       0.000    
    8400  0.6848      0.8153E-04 NODE        3797  -0.0%  0.8261E-01  0.1859E-02   0.000      0.8447E-01   0.000       146.2       0.000    
    8500  0.6930      0.8153E-04 NODE        3718  -0.0%  0.8848E-01  0.1965E-02   0.000      0.9045E-01   0.000       146.2       0.000    
    8600  0.7011      0.8153E-04 NODE        3797  -0.0%  0.9472E-01  0.2032E-02   0.000      0.9675E-01   0.000       146.2       0.000    
    8700  0.7093      0.8153E-04 NODE        3797  -0.0%  0.1013      0.2149E-02   0.000      0.1035       0.000       146.2       0.000    
    8800  0.7175      0.8153E-04 NODE        3718  -0.0%  0.1083      0.2215E-02   0.000      0.1105       0.000       146.2       0.000    
    8900  0.7256      0.8153E-04 NODE        3797  -0.0%  0.1156      0.2335E-02   0.000      0.1180       0.000       146.2       0.000    
    9000  0.7338      0.8153E-04 NODE        3718  -0.0%  0.1233      0.2409E-02   0.000      0.1257       0.000       146.2       0.000    
    9100  0.7419      0.8153E-04 NODE        3797  -0.0%  0.1316      0.2525E-02   0.000      0.1341       0.000       146.2       0.000    
    9200  0.7501      0.8153E-04 NODE        3718  -0.0%  0.1401      0.2617E-02   0.000      0.1427       0.000       146.2       0.000    
    9300  0.7582      0.8153E-04 NODE        3797  -0.0%  0.1492      0.2727E-02   0.000      0.1520       0.000       146.2       0.000    
    9400  0.7664      0.8153E-04 NODE        3718  -0.0%  0.1587      0.2843E-02   0.000      0.1616       0.000       146.2       0.000    
    9500  0.7745      0.8153E-04 NODE        3797  -0.0%  0.1688      0.2944E-02   0.000      0.1718       0.000       146.2       0.000    
    9600  0.7827      0.8153E-04 NODE        3718  -0.0%  0.1794      0.3086E-02   0.000      0.1825       0.000       146.2       0.000    
    9700  0.7908      0.8153E-04 NODE        3797  -0.0%  0.1905      0.3180E-02   0.000      0.1937       0.000       146.2       0.000    
    9800  0.7990      0.8153E-04 NODE        3797  -0.0%  0.2021      0.3340E-02   0.000      0.2055       0.000       146.2       0.000    
    9900  0.8071      0.8153E-04 NODE        3718  -0.0%  0.2144      0.3436E-02   0.000      0.2178       0.000       146.2       0.000    
   CYCLE    TIME      TIME-STEP  ELEMENT          ERROR  I-ENERGY    K-ENERGY T  K-ENERGY R  EXT-WORK     MAS.ERR     TOTAL MASS  MASS ADDED
   10000  0.8153      0.8153E-04 NODE        3797  -0.0%  0.2272      0.3602E-02   0.000      0.2308       0.000       146.2       0.000    
   10100  0.8234      0.8153E-04 NODE        3718  -0.0%  0.2406      0.3706E-02   0.000      0.2443       0.000       146.2       0.000    
   10200  0.8316      0.8153E-04 NODE        3797  -0.0%  0.2548      0.3867E-02   0.000      0.2587       0.000       146.2       0.000    
   10300  0.8397      0.8153E-04 NODE        3718  -0.0%  0.2695      0.3986E-02   0.000      0.2735       0.000       146.2       0.000    
   10400  0.8479      0.8153E-04 NODE        3797  -0.0%  0.2851      0.4140E-02   0.000      0.2892       0.000       146.2       0.000    
   10500  0.8561      0.8153E-04 NODE        3718  -0.0%  0.3012      0.4290E-02   0.000      0.3055       0.000       146.2       0.000    
   10600  0.8642      0.8153E-04 NODE        3797  -0.0%  0.3182      0.4429E-02   0.000      0.3226       0.000       146.2       0.000    
   10700  0.8724      0.8153E-04 NODE        3718  -0.0%  0.3358      0.4610E-02   0.000      0.3405       0.000       146.2       0.000    
   10800  0.8805      0.8153E-04 NODE        3797  -0.0%  0.3544      0.4736E-02   0.000      0.3591       0.000       146.2       0.000    
   10900  0.8887      0.8153E-04 NODE        3797  -0.0%  0.3737      0.4941E-02   0.000      0.3787       0.000       146.2       0.000    
   11000  0.8968      0.8153E-04 NODE        3718  -0.0%  0.3939      0.5066E-02   0.000      0.3990       0.000       146.2       0.000    
   11100  0.9050      0.8153E-04 NODE        3797  -0.0%  0.4150      0.5283E-02   0.000      0.4203       0.000       146.2       0.000    
   11200  0.9131      0.8153E-04 NODE        3718  -0.0%  0.4370      0.5419E-02   0.000      0.4424       0.000       146.2       0.000    
   11300  0.9213      0.8153E-04 NODE        3797  -0.0%  0.4600      0.5634E-02   0.000      0.4656       0.000       146.2       0.000    
   11400  0.9294      0.8153E-04 NODE        3718  -0.0%  0.4838      0.5791E-02   0.000      0.4896       0.000       146.2       0.000    
   11500  0.9376      0.8153E-04 NODE        3797  -0.0%  0.5089      0.5998E-02   0.000      0.5149       0.000       146.2       0.000    
   11600  0.9457      0.8153E-04 NODE        3718  -0.0%  0.5347      0.6189E-02   0.000      0.5409       0.000       146.2       0.000    
   11700  0.9539      0.8153E-04 NODE        3797  -0.0%  0.5619      0.6378E-02   0.000      0.5683       0.000       146.2       0.000    
   11800  0.9620      0.8153E-04 NODE        3718  -0.0%  0.5899      0.6605E-02   0.000      0.5966       0.000       146.2       0.000    
   11900  0.9702      0.8153E-04 NODE        3797  -0.0%  0.6193      0.6773E-02   0.000      0.6261       0.000       146.2       0.000    
   12000  0.9783      0.8153E-04 NODE        3797  -0.0%  0.6498      0.7028E-02   0.000      0.6568       0.000       146.2       0.000    
   12100  0.9865      0.8153E-04 NODE        3718  -0.0%  0.6815      0.7189E-02   0.000      0.6887       0.000       146.2       0.000    
   12200  0.9947      0.8153E-04 NODE        3797  -0.0%  0.7144      0.7461E-02   0.000      0.7219       0.000       146.2       0.000    
   12300   1.003      0.8153E-04 NODE        3718  -0.0%  0.7486      0.7630E-02   0.000      0.7562       0.000       146.2       0.000    
   12400   1.011      0.8153E-04 NODE        3797  -0.0%  0.7843      0.7904E-02   0.000      0.7922       0.000       146.2       0.000    
   12500   1.019      0.8153E-04 NODE        3718  -0.0%  0.8210      0.8095E-02   0.000      0.8291       0.000       146.2       0.000    
   12600   1.027      0.8153E-04 NODE        3797  -0.0%  0.8596      0.8361E-02   0.000      0.8679       0.000       146.2       0.000    
   12700   1.035      0.8153E-04 NODE        3718  -0.0%  0.8991      0.8594E-02   0.000      0.9077       0.000       146.2       0.000    
   12800   1.044      0.8153E-04 NODE        3797  -0.0%  0.9406      0.8842E-02   0.000      0.9495       0.000       146.2       0.000    
   12900   1.052      0.8153E-04 NODE        3718  -0.0%  0.9833      0.9120E-02   0.000      0.9924       0.000       146.2       0.000    
   13000   1.060      0.8153E-04 NODE        3797  -0.0%   1.028      0.9345E-02   0.000       1.037       0.000       146.2       0.000    
   13100   1.068      0.8153E-04 NODE        3797  -0.0%   1.074      0.9662E-02   0.000       1.083       0.000       146.2       0.000    
   13200   1.076      0.8153E-04 NODE        3797  -0.0%   1.122      0.9870E-02   0.000       1.131       0.000       146.2       0.000    
   13300   1.084      0.8153E-04 NODE        3797  -0.0%   1.171      0.1021E-01   0.000       1.181       0.000       146.2       0.000    
   13400   1.092      0.8153E-04 NODE        3718  -0.0%   1.222      0.1041E-01   0.000       1.232       0.000       146.2       0.000    
   13500   1.101      0.8153E-04 NODE        3797  -0.0%   1.275      0.1076E-01   0.000       1.286       0.000       146.2       0.000    
   13600   1.109      0.8153E-04 NODE        3718  -0.0%   1.330      0.1098E-01   0.000       1.341       0.000       146.2       0.000    
   13700   1.117      0.8153E-04 NODE        3797  -0.0%   1.387      0.1131E-01   0.000       1.398       0.000       146.2       0.000    
   13800   1.125      0.8153E-04 NODE        3718  -0.0%   1.445      0.1159E-01   0.000       1.457       0.000       146.2       0.000    
   13900   1.133      0.8153E-04 NODE        3797  -0.0%   1.506      0.1190E-01   0.000       1.518       0.000       146.2       0.000    
   14000   1.141      0.8153E-04 NODE        3718  -0.0%   1.569      0.1222E-01   0.000       1.581       0.000       146.2       0.000    
   14100   1.150      0.8153E-04 NODE        3797  -0.0%   1.634      0.1251E-01   0.000       1.646       0.000       146.2       0.000    
   14200   1.158      0.8153E-04 NODE        3718  -0.0%   1.701      0.1289E-01   0.000       1.713       0.000       146.2       0.000    
   14300   1.166      0.8153E-04 NODE        3797  -0.0%   1.770      0.1315E-01   0.000       1.783       0.000       146.2       0.000    
   14400   1.174      0.8153E-04 NODE        3797  -0.0%   1.841      0.1357E-01   0.000       1.855       0.000       146.2       0.000    
   14500   1.182      0.8153E-04 NODE        3718  -0.0%   1.915      0.1382E-01   0.000       1.929       0.000       146.2       0.000    
   14600   1.190      0.8153E-04 NODE        3797  -0.0%   1.992      0.1425E-01   0.000       2.006       0.000       146.2       0.000    
   14700   1.198      0.8153E-04 NODE        3718  -0.0%   2.070      0.1452E-01   0.000       2.085       0.000       146.2       0.000    
   14800   1.207      0.8153E-04 NODE        3797  -0.0%   2.152      0.1493E-01   0.000       2.167       0.000       146.2       0.000    
   14900   1.215      0.8153E-04 NODE        3718  -0.0%   2.235      0.1523E-01   0.000       2.250       0.000       146.2       0.000    
   15000   1.223      0.8153E-04 NODE        3797  -0.0%   2.322      0.1562E-01   0.000       2.337       0.000       146.2       0.000    
   15100   1.231      0.8153E-04 NODE        3718  -0.0%   2.411      0.1599E-01   0.000       2.427       0.000       146.2       0.000    
   15200   1.239      0.8153E-04 NODE        3797  -0.0%   2.503      0.1634E-01   0.000       2.519       0.000       146.2       0.000    
   15300   1.247      0.8153E-04 NODE        3718  -0.0%   2.597      0.1678E-01   0.000       2.614       0.000       146.2       0.000    
   15400   1.256      0.8153E-04 NODE        3797  -0.0%   2.695      0.1710E-01   0.000       2.712       0.000       146.2       0.000    
   15500   1.264      0.8153E-04 NODE        3797  -0.0%   2.796      0.1760E-01   0.000       2.813       0.000       146.2       0.000    
   15600   1.272      0.8153E-04 NODE        3718  -0.0%   2.899      0.1790E-01   0.000       2.917       0.000       146.2       0.000    
   15700   1.280      0.8153E-04 NODE        3797  -0.0%   3.006      0.1842E-01   0.000       3.024       0.000       146.2       0.000    
   15800   1.288      0.8153E-04 NODE        3718  -0.0%   3.116      0.1874E-01   0.000       3.134       0.000       146.2       0.000    
   15900   1.296      0.8153E-04 NODE        3797  -0.0%   3.229      0.1924E-01   0.000       3.248       0.000       146.2       0.000    
   16000   1.304      0.8153E-04 NODE        3718  -0.0%   3.345      0.1960E-01   0.000       3.364       0.000       146.2       0.000    
   16100   1.313      0.8153E-04 NODE        3797  -0.0%   3.465      0.2007E-01   0.000       3.485       0.000       146.2       0.000    
   16200   1.321      0.8153E-04 NODE        3718  -0.0%   3.588      0.2050E-01   0.000       3.608       0.000       146.2       0.000    
   16300   1.329      0.8153E-04 NODE        3797  -0.0%   3.715      0.2093E-01   0.000       3.736       0.000       146.2       0.000    
   16400   1.337      0.8153E-04 NODE        3718  -0.0%   3.845      0.2143E-01   0.000       3.866       0.000       146.2       0.000    
   16500   1.345      0.8153E-04 NODE        3797  -0.0%   3.979      0.2180E-01   0.000       4.001       0.000       146.2       0.000    
   16600   1.353      0.8153E-04 NODE        3797  -0.0%   4.117      0.2238E-01   0.000       4.139       0.000       146.2       0.000    
   16700   1.362      0.8153E-04 NODE        3718  -0.0%   4.259      0.2273E-01   0.000       4.281       0.000       146.2       0.000    
   16800   1.370      0.8153E-04 NODE        3797  -0.0%   4.404      0.2333E-01   0.000       4.428       0.000       146.2       0.000    
   16900   1.378      0.8153E-04 NODE        3718  -0.0%   4.554      0.2370E-01   0.000       4.577       0.000       146.2       0.000    
   17000   1.386      0.8153E-04 NODE        3797  -0.0%   4.708      0.2430E-01   0.000       4.732       0.000       146.2       0.000    
   17100   1.394      0.8153E-04 NODE        3718  -0.0%   4.865      0.2471E-01   0.000       4.890       0.000       146.2       0.000    
   17200   1.402      0.8153E-04 NODE        3797  -0.0%   5.027      0.2528E-01   0.000       5.053       0.000       146.2       0.000    
   17300   1.410      0.8153E-04 NODE        3718  -0.0%   5.193      0.2577E-01   0.000       5.219       0.000       146.2       0.000    
   17400   1.419      0.8153E-04 NODE        3797  -0.0%   5.365      0.2629E-01   0.000       5.391       0.000       146.2       0.000    
   17500   1.427      0.8153E-04 NODE        3718  -0.0%   5.540      0.2686E-01   0.000       5.566       0.000       146.2       0.000    
   17600   1.435      0.8153E-04 NODE        3797  -0.0%   5.720      0.2732E-01   0.000       5.747       0.000       146.2       0.000    
   17700   1.443      0.8153E-04 NODE        3797  -0.0%   5.904      0.2797E-01   0.000       5.932       0.000       146.2       0.000    
   17800   1.451      0.8153E-04 NODE        3797  -0.0%   6.094      0.2838E-01   0.000       6.122       0.000       146.2       0.000    
   17900   1.459      0.8153E-04 NODE        3797  -0.0%   6.288      0.2908E-01   0.000       6.317       0.000       146.2       0.000    
   18000   1.468      0.8153E-04 NODE        3718  -0.0%   6.487      0.2949E-01   0.000       6.517       0.000       146.2       0.000    
   18100   1.476      0.8153E-04 NODE        3797  -0.0%   6.692      0.3019E-01   0.000       6.722       0.000       146.2       0.000    
   18200   1.484      0.8153E-04 NODE        3718  -0.0%   6.901      0.3064E-01   0.000       6.931       0.000       146.2       0.000    
   18300   1.492      0.8153E-04 NODE        3797  -0.0%   7.116      0.3130E-01   0.000       7.147       0.000       146.2       0.000    
   18400   1.500      0.8153E-04 NODE        3718  -0.0%   7.335      0.3185E-01   0.000       7.367       0.000       146.2       0.000    
   18500   1.508      0.8153E-04 NODE        3797  -0.0%   7.562      0.3246E-01   0.000       7.594       0.000       146.2       0.000    
   18600   1.516      0.8153E-04 NODE        3718  -0.0%   7.792      0.3311E-01   0.000       7.825       0.000       146.2       0.000    
   18700   1.525      0.8153E-04 NODE        3797  -0.0%   8.030      0.3365E-01   0.000       8.063       0.000       146.2       0.000    
   18800   1.533      0.8153E-04 NODE        3718  -0.0%   8.272      0.3440E-01   0.000       8.306       0.000       146.2       0.000    
   18900   1.541      0.8153E-04 NODE        3797  -0.0%   8.521      0.3488E-01   0.000       8.555       0.000       146.2       0.000    
   19000   1.549      0.8153E-04 NODE        3797  -0.0%   8.775      0.3568E-01   0.000       8.811       0.000       146.2       0.000    
   19100   1.557      0.8153E-04 NODE        3718  -0.0%   9.035      0.3615E-01   0.000       9.071       0.000       146.2       0.000    
   19200   1.565      0.8153E-04 NODE        3797  -0.0%   9.302      0.3696E-01   0.000       9.339       0.000       146.2       0.000    
   19300   1.574      0.8153E-04 NODE        3718  -0.0%   9.575      0.3746E-01   0.000       9.612       0.000       146.2       0.000    
   19400   1.582      0.8153E-04 NODE        3797  -0.0%   9.855      0.3822E-01   0.000       9.893       0.000       146.2       0.000    
   19500   1.590      0.8153E-04 NODE        3718  -0.0%   10.14      0.3879E-01   0.000       10.18       0.000       146.2       0.000    
   19600   1.598      0.8153E-04 NODE        3797  -0.0%   10.43      0.3951E-01   0.000       10.47       0.000       146.2       0.000    
   19700   1.606      0.8153E-04 NODE        3718  -0.0%   10.73      0.4022E-01   0.000       10.77       0.000       146.2       0.000    
   19800   1.614      0.8153E-04 NODE        3797  -0.0%   11.04      0.4085E-01   0.000       11.08       0.000       146.2       0.000    
   19900   1.622      0.8153E-04 NODE        3718  -0.0%   11.35      0.4168E-01   0.000       11.39       0.000       146.2       0.000    
   CYCLE    TIME      TIME-STEP  ELEMENT          ERROR  I-ENERGY    K-ENERGY T  K-ENERGY R  EXT-WORK     MAS.ERR     TOTAL MASS  MASS ADDED
   20000   1.631      0.8153E-04 NODE        3797  -0.0%   11.67      0.4225E-01   0.000       11.71       0.000       146.2       0.000    
   20100   1.639      0.8153E-04 NODE        3797  -0.0%   12.00      0.4316E-01   0.000       12.04       0.000       146.2       0.000    
   20200   1.647      0.8153E-04 NODE        3718  -0.0%   12.33      0.4370E-01   0.000       12.38       0.000       146.2       0.000    
   20300   1.655      0.8153E-04 NODE        3797  -0.0%   12.68      0.4462E-01   0.000       12.72       0.000       146.2       0.000    
   20400   1.663      0.8153E-04 NODE        3718  -0.0%   13.03      0.4519E-01   0.000       13.07       0.000       146.2       0.000    
   20500   1.671      0.8153E-04 NODE        3797  -0.0%   13.38      0.4607E-01   0.000       13.43       0.000       146.2       0.000    
   20600   1.679      0.8153E-04 NODE        3718  -0.0%   13.75      0.4670E-01   0.000       13.80       0.000       146.2       0.000    
   20700   1.688      0.8153E-04 NODE        3797  -0.0%   14.12      0.4752E-01   0.000       14.17       0.000       146.2       0.000    
   20800   1.696      0.8153E-04 NODE        3718  -0.0%   14.50      0.4828E-01   0.000       14.55       0.000       146.2       0.000    
   20900   1.704      0.8153E-04 NODE        3797  -0.0%   14.89      0.4901E-01   0.000       14.94       0.000       146.2       0.000    
   21000   1.712      0.8153E-04 NODE        3718  -0.0%   15.29      0.4991E-01   0.000       15.34       0.000       146.2       0.000    
   21100   1.720      0.8153E-04 NODE        3797  -0.0%   15.70      0.5055E-01   0.000       15.75       0.000       146.2       0.000    
   21200   1.728      0.8153E-04 NODE        3797  -0.0%   16.11      0.5155E-01   0.000       16.17       0.000       146.2       0.000    
   21300   1.737      0.8153E-04 NODE        3718  -0.0%   16.54      0.5215E-01   0.000       16.59       0.000       146.2       0.000    
   21400   1.745      0.8153E-04 NODE        3797  -0.0%   16.97      0.5319E-01   0.000       17.02       0.000       146.2       0.000    
   21500   1.753      0.8153E-04 NODE        3718  -0.0%   17.41      0.5382E-01   0.000       17.47       0.000       146.2       0.000    
   21600   1.761      0.8153E-04 NODE        3797  -0.0%   17.86      0.5484E-01   0.000       17.92       0.000       146.2       0.000    
   21700   1.769      0.8153E-04 NODE        3718  -0.0%   18.32      0.5554E-01   0.000       18.38       0.000       146.2       0.000    
   21800   1.777      0.8153E-04 NODE        3797  -0.0%   18.79      0.5648E-01   0.000       18.85       0.000       146.2       0.000    
   21900   1.785      0.8153E-04 NODE        3718  -0.0%   19.27      0.5731E-01   0.000       19.33       0.000       146.2       0.000    
   22000   1.794      0.8153E-04 NODE        3797  -0.0%   19.76      0.5814E-01   0.000       19.82       0.000       146.2       0.000    
   22100   1.802      0.8153E-04 NODE        3718  -0.0%   20.26      0.5911E-01   0.000       20.32       0.000       146.2       0.000    
   22200   1.810      0.8153E-04 NODE        3797  -0.0%   20.77      0.5984E-01   0.000       20.83       0.000       146.2       0.000    
   22300   1.818      0.8153E-04 NODE        3797  -0.0%   21.29      0.6093E-01   0.000       21.35       0.000       146.2       0.000    
   22400   1.826      0.8153E-04 NODE        3797  -0.0%   21.82      0.6160E-01   0.000       21.88       0.000       146.2       0.000    
   22500   1.834      0.8153E-04 NODE        3797  -0.0%   22.36      0.6274E-01   0.000       22.42       0.000       146.2       0.000    
   22600   1.843      0.8153E-04 NODE        3718  -0.0%   22.91      0.6343E-01   0.000       22.97       0.000       146.2       0.000    
   22700   1.851      0.8153E-04 NODE        3797  -0.0%   23.47      0.6456E-01   0.000       23.54       0.000       146.2       0.000    
   22800   1.859      0.8153E-04 NODE        3718  -0.0%   24.04      0.6531E-01   0.000       24.11       0.000       146.2       0.000    
   22900   1.867      0.8153E-04 NODE        3797  -0.0%   24.63      0.6638E-01   0.000       24.69       0.000       146.2       0.000    
   23000   1.875      0.8153E-04 NODE        3718  -0.0%   25.22      0.6728E-01   0.000       25.29       0.000       146.2       0.000    
   23100   1.883      0.8153E-04 NODE        3797  -0.0%   25.83      0.6824E-01   0.000       25.90       0.000       146.2       0.000    
   23200   1.891      0.8153E-04 NODE        3718  -0.0%   26.44      0.6928E-01   0.000       26.51       0.000       146.2       0.000    
   23300   1.900      0.8153E-04 NODE        3797  -0.0%   27.07      0.7013E-01   0.000       27.14       0.000       146.2       0.000    
   23400   1.908      0.8153E-04 NODE        3718  -0.0%   27.71      0.7131E-01   0.000       27.79       0.000       146.2       0.000    
   23500   1.916      0.8153E-04 NODE        3797  -0.0%   28.37      0.7206E-01   0.000       28.44       0.000       146.2       0.000    
   23600   1.924      0.8153E-04 NODE        3797  -0.0%   29.03      0.7331E-01   0.000       29.11       0.000       146.2       0.000    
   23700   1.932      0.8153E-04 NODE        3718  -0.0%   29.71      0.7405E-01   0.000       29.78       0.000       146.2       0.000    
   23800   1.940      0.8153E-04 NODE        3797  -0.0%   30.40      0.7530E-01   0.000       30.48       0.000       146.2       0.000    
   23900   1.949      0.8153E-04 NODE        3718  -0.0%   31.10      0.7610E-01   0.000       31.18       0.000       146.2       0.000    
   24000   1.957      0.8153E-04 NODE        3797  -0.0%   31.82      0.7728E-01   0.000       31.90       0.000       146.2       0.000    
   24100   1.965      0.8153E-04 NODE        3718  -0.0%   32.55      0.7819E-01   0.000       32.63       0.000       146.2       0.000    
   24200   1.973      0.8153E-04 NODE        3797  -0.0%   33.29      0.7931E-01   0.000       33.37       0.000       146.2       0.000    
   24300   1.981      0.8153E-04 NODE        3718  -0.0%   34.05      0.8041E-01   0.000       34.13       0.000       146.2       0.000    
   24400   1.989      0.8153E-04 NODE        3797  -0.0%   34.82      0.8138E-01   0.000       34.90       0.000       146.2       0.000    
   24500   1.997      0.8153E-04 NODE        3718  -0.0%   35.60      0.8265E-01   0.000       35.68       0.000       146.2       0.000    
   24600   2.006      0.8153E-04 NODE        3797  -0.0%   36.40      0.8351E-01   0.000       36.48       0.000       146.2       0.000    
   24700   2.014      0.8153E-04 NODE        3797  -0.0%   37.21      0.8488E-01   0.000       37.29       0.000       146.2       0.000    
   24800   2.022      0.8153E-04 NODE        3718  -0.0%   38.03      0.8570E-01   0.000       38.12       0.000       146.2       0.000    
   24900   2.030      0.8153E-04 NODE        3797  -0.0%   38.87      0.8708E-01   0.000       38.96       0.000       146.2       0.000    
   25000   2.038      0.8153E-04 NODE        3718  -0.0%   39.72      0.8793E-01   0.000       39.81       0.000       146.2       0.000    
   25100   2.046      0.8153E-04 NODE        3797  -0.0%   40.59      0.8924E-01   0.000       40.68       0.000       146.2       0.000    
   25200   2.055      0.8153E-04 NODE        3718  -0.0%   41.48      0.9019E-01   0.000       41.57       0.000       146.2       0.000    
   25300   2.063      0.8153E-04 NODE        3797  -0.0%   42.38      0.9142E-01   0.000       42.47       0.000       146.2       0.000    
   25400   2.071      0.8153E-04 NODE        3718  -0.0%   43.29      0.9255E-01   0.000       43.38       0.000       146.2       0.000    
   25500   2.079      0.8153E-04 NODE        3797  -0.0%   44.22      0.9364E-01   0.000       44.32       0.000       146.2       0.000    
   25600   2.087      0.8153E-04 NODE        3718  -0.0%   45.17      0.9498E-01   0.000       45.26       0.000       146.2       0.000    
   25700   2.095      0.8153E-04 NODE        3797  -0.0%   46.13      0.9594E-01   0.000       46.23       0.000       146.2       0.000    
   25800   2.103      0.8153E-04 NODE        3797  -0.0%   47.11      0.9742E-01   0.000       47.21       0.000       146.2       0.000    
   25900   2.112      0.8153E-04 NODE        3718  -0.0%   48.10      0.9831E-01   0.000       48.20       0.000       146.2       0.000    
   26000   2.120      0.8153E-04 NODE        3797  -0.0%   49.11      0.9983E-01   0.000       49.21       0.000       146.2       0.000    
   26100   2.128      0.8153E-04 NODE        3718  -0.0%   50.14      0.1008       0.000       50.24       0.000       146.2       0.000    
   26200   2.136      0.8153E-04 NODE        3797  -0.0%   51.19      0.1022       0.000       51.29       0.000       146.2       0.000    
   26300   2.144      0.8153E-04 NODE        3718  -0.0%   52.25      0.1032       0.000       52.35       0.000       146.2       0.000    
   26400   2.152      0.8153E-04 NODE        3797  -0.0%   53.33      0.1046       0.000       53.43       0.000       146.2       0.000    
   26500   2.161      0.8153E-04 NODE        3718  -0.0%   54.42      0.1058       0.000       54.53       0.000       146.2       0.000    
   26600   2.169      0.8153E-04 NODE        3797  -0.0%   55.54      0.1070       0.000       55.65       0.000       146.2       0.000    
   26700   2.177      0.8153E-04 NODE        3718  -0.0%   56.67      0.1084       0.000       56.78       0.000       146.2       0.000    
   26800   2.185      0.8153E-04 NODE        3797  -0.0%   57.82      0.1094       0.000       57.93       0.000       146.2       0.000    
   26900   2.193      0.8153E-04 NODE        3797  -0.0%   58.99      0.1110       0.000       59.10       0.000       146.2       0.000    
   27000   2.201      0.8153E-04 NODE        3797  -0.0%   60.18      0.1119       0.000       60.29       0.000       146.2       0.000    
   27100   2.209      0.8153E-04 NODE        3797  -0.0%   61.38      0.1136       0.000       61.50       0.000       146.2       0.000    
   27200   2.218      0.8153E-04 NODE        3718  -0.0%   62.61      0.1145       0.000       62.72       0.000       146.2       0.000    
   27300   2.226      0.8153E-04 NODE        3797  -0.0%   63.85      0.1162       0.000       63.97       0.000       146.2       0.000    
   27400   2.234      0.8153E-04 NODE        3718  -0.0%   65.11      0.1172       0.000       65.23       0.000       146.2       0.000    
   27500   2.242      0.8153E-04 NODE        3797  -0.0%   66.40      0.1187       0.000       66.52       0.000       146.2       0.000    
   27600   2.250      0.8153E-04 NODE        3718  -0.0%   67.70      0.1200       0.000       67.82       0.000       146.2       0.000    
   27700   2.258      0.8153E-04 NODE        3797  -0.0%   69.03      0.1213       0.000       69.15       0.000       146.2       0.000    
   27800   2.267      0.8153E-04 NODE        3718  -0.0%   70.37      0.1228       0.000       70.49       0.000       146.2       0.000    
   27900   2.275      0.8153E-04 NODE        3797  -0.0%   71.73      0.1239       0.000       71.86       0.000       146.2       0.000    
   28000   2.283      0.8153E-04 NODE        3718  -0.0%   73.12      0.1256       0.000       73.24       0.000       146.2       0.000    
   28100   2.291      0.8153E-04 NODE        3797  -0.0%   74.52      0.1266       0.000       74.65       0.000       146.2       0.000    
   28200   2.299      0.8153E-04 NODE        3797  -0.0%   75.95      0.1283       0.000       76.08       0.000       146.2       0.000    
   28300   2.307      0.8153E-04 NODE        3718  -0.0%   77.40      0.1294       0.000       77.53       0.000       146.2       0.000    
   28400   2.315      0.8153E-04 NODE        3797  -0.0%   78.87      0.1311       0.000       79.00       0.000       146.2       0.000    
   28500   2.324      0.8153E-04 NODE        3718  -0.0%   80.36      0.1322       0.000       80.49       0.000       146.2       0.000    
   28600   2.332      0.8153E-04 NODE        3797  -0.0%   81.87      0.1338       0.000       82.01       0.000       146.2       0.000    
   28700   2.340      0.8153E-04 NODE        3718  -0.0%   83.41      0.1351       0.000       83.54       0.000       146.2       0.000    
   28800   2.348      0.8153E-04 NODE        3797  -0.0%   84.97      0.1366       0.000       85.10       0.000       146.2       0.000    
   28900   2.356      0.8153E-04 NODE        3718  -0.0%   86.55      0.1381       0.000       86.68       0.000       146.2       0.000    
   29000   2.364      0.8153E-04 NODE        3797  -0.0%   88.15      0.1394       0.000       88.29       0.000       146.2       0.000    
   29100   2.372      0.8153E-04 NODE        3718  -0.0%   89.78      0.1412       0.000       89.92       0.000       146.2       0.000    
   29200   2.381      0.8153E-04 NODE        3797  -0.0%   91.43      0.1423       0.000       91.57       0.000       146.2       0.000    
   29300   2.389      0.8153E-04 NODE        3797  -0.0%   93.10      0.1441       0.000       93.25       0.000       146.2       0.000    
   29400   2.397      0.8153E-04 NODE        3718  -0.0%   94.80      0.1452       0.000       94.95       0.000       146.2       0.000    
   29500   2.405      0.8153E-04 NODE        3797  -0.0%   96.53      0.1471       0.000       96.67       0.000       146.2       0.000    
   29600   2.413      0.8153E-04 NODE        3718  -0.0%   98.27      0.1482       0.000       98.42       0.000       146.2       0.000    
   29700   2.421      0.8153E-04 NODE        3797  -0.0%   100.0      0.1500       0.000       100.2       0.000       146.2       0.000    
   29800   2.430      0.8153E-04 NODE        3718  -0.0%   101.8      0.1513       0.000       102.0       0.000       146.2       0.000    
   29900   2.438      0.8153E-04 NODE        3797  -0.0%   103.7      0.1529       0.000       103.8       0.000       146.2       0.000    
   CYCLE    TIME      TIME-STEP  ELEMENT          ERROR  I-ENERGY    K-ENERGY T  K-ENERGY R  EXT-WORK     MAS.ERR     TOTAL MASS  MASS ADDED
   30000   2.446      0.8153E-04 NODE        3718  -0.0%   105.5      0.1544       0.000       105.7       0.000       146.2       0.000    
   30100   2.454      0.8153E-04 NODE        3797  -0.0%   107.4      0.1559       0.000       107.5       0.000       146.2       0.000    
   30200   2.462      0.8153E-04 NODE        3718  -0.0%   109.3      0.1577       0.000       109.4       0.000       146.2       0.000    
   30300   2.470      0.8153E-04 NODE        3797  -0.0%   111.2      0.1589       0.000       111.4       0.000       146.2       0.000    
   30400   2.478      0.8153E-04 NODE        3797  -0.0%   113.2      0.1609       0.000       113.3       0.000       146.2       0.000    
   30500   2.487      0.8153E-04 NODE        3718  -0.0%   115.1      0.1620       0.000       115.3       0.000       146.2       0.000    
   30600   2.495      0.8153E-04 NODE        3797  -0.0%   117.1      0.1640       0.000       117.3       0.000       146.2       0.000    
   30700   2.503      0.8153E-04 NODE        3718  -0.0%   119.2      0.1652       0.000       119.3       0.000       146.2       0.000    
   30800   2.511      0.8153E-04 NODE        3797  -0.0%   121.2      0.1671       0.000       121.4       0.000       146.2       0.000    
   30900   2.519      0.8153E-04 NODE        3718  -0.0%   123.3      0.1684       0.000       123.5       0.000       146.2       0.000    
   31000   2.527      0.8153E-04 NODE        3797  -0.0%   125.4      0.1702       0.000       125.6       0.000       146.2       0.000    
   31100   2.536      0.8153E-04 NODE        3718  -0.0%   127.6      0.1717       0.000       127.7       0.000       146.2       0.000    
   31200   2.544      0.8153E-04 NODE        3797  -0.0%   129.7      0.1733       0.000       129.9       0.000       146.2       0.000    
   31300   2.552      0.8153E-04 NODE        3718  -0.0%   131.9      0.1751       0.000       132.1       0.000       146.2       0.000    
   31400   2.560      0.8153E-04 NODE        3797  -0.0%   134.2      0.1765       0.000       134.3       0.000       146.2       0.000    
   31500   2.568      0.8153E-04 NODE        3797  -0.0%   136.4      0.1785       0.000       136.6       0.000       146.2       0.000    
   31600   2.576      0.8153E-04 NODE        3797  -0.0%   138.7      0.1797       0.000       138.9       0.000       146.2       0.000    
   31700   2.584      0.8153E-04 NODE        3797  -0.0%   141.0      0.1819       0.000       141.2       0.000       146.2       0.000    
   31800   2.593      0.8153E-04 NODE        3718  -0.0%   143.4      0.1831       0.000       143.6       0.000       146.2       0.000    
   31900   2.601      0.8153E-04 NODE        3797  -0.0%   145.8      0.1852       0.000       145.9       0.000       146.2       0.000    
   32000   2.609      0.8153E-04 NODE        3718  -0.0%   148.2      0.1865       0.000       148.3       0.000       146.2       0.000    
   32100   2.617      0.8153E-04 NODE        3797  -0.0%   150.6      0.1884       0.000       150.8       0.000       146.2       0.000    
   32200   2.625      0.8153E-04 NODE        3718  -0.0%   153.1      0.1900       0.000       153.3       0.000       146.2       0.000    
   32300   2.633      0.8153E-04 NODE        3797  -0.0%   155.6      0.1917       0.000       155.8       0.000       146.2       0.000    
   32400   2.642      0.8153E-04 NODE        3718  -0.0%   158.1      0.1935       0.000       158.3       0.000       146.2       0.000    
   32500   2.650      0.8153E-04 NODE        3797  -0.0%   160.7      0.1950       0.000       160.9       0.000       146.2       0.000    
   32600   2.658      0.8153E-04 NODE        3797  -0.0%   163.3      0.1971       0.000       163.5       0.000       146.2       0.000    
   32700   2.666      0.8153E-04 NODE        3797  -0.0%   165.9      0.1984       0.000       166.1       0.000       146.2       0.000    
   32800   2.674      0.8153E-04 NODE        3797  -0.0%   168.5      0.2006       0.000       168.7       0.000       146.2       0.000    
   32900   2.682      0.8153E-04 NODE        3718  -0.0%   171.2      0.2019       0.000       171.4       0.000       146.2       0.000    
   33000   2.690      0.8153E-04 NODE        3797  -0.0%   174.0      0.2040       0.000       174.2       0.000       146.2       0.000    
   33100   2.699      0.8153E-04 NODE        3718  -0.0%   176.7      0.2054       0.000       176.9       0.000       146.2       0.000    
   33200   2.707      0.8153E-04 NODE        3797  -0.0%   179.5      0.2075       0.000       179.7       0.000       146.2       0.000    
   33300   2.715      0.8153E-04 NODE        3718  -0.0%   182.3      0.2091       0.000       182.6       0.000       146.2       0.000    
   33400   2.723      0.8153E-04 NODE        3797  -0.0%   185.2      0.2109       0.000       185.4       0.000       146.2       0.000    
   33500   2.731      0.8153E-04 NODE        3718  -0.0%   188.1      0.2128       0.000       188.3       0.000       146.2       0.000    
   33600   2.739      0.8153E-04 NODE        3797  -0.0%   191.0      0.2144       0.000       191.3       0.000       146.2       0.000    
   33700   2.748      0.8153E-04 NODE        3718  -0.0%   194.0      0.2165       0.000       194.2       0.000       146.2       0.000    
   33800   2.756      0.8153E-04 NODE        3797  -0.0%   197.0      0.2179       0.000       197.2       0.000       146.2       0.000    
   33900   2.764      0.8153E-04 NODE        3797  -0.0%   200.0      0.2202       0.000       200.3       0.000       146.2       0.000    
   34000   2.772      0.8153E-04 NODE        3718  -0.0%   203.1      0.2215       0.000       203.3       0.000       146.2       0.000    
   34100   2.780      0.8153E-04 NODE        3797  -0.0%   206.2      0.2238       0.000       206.5       0.000       146.2       0.000    
   34200   2.788      0.8153E-04 NODE        3718  -0.0%   209.4      0.2252       0.000       209.6       0.000       146.2       0.000    
   34300   2.796      0.8153E-04 NODE        3797  -0.0%   212.6      0.2274       0.000       212.8       0.000       146.2       0.000    
   34400   2.805      0.8153E-04 NODE        3718  -0.0%   215.8      0.2290       0.000       216.0       0.000       146.2       0.000    
   34500   2.813      0.8153E-04 NODE        3797  -0.0%   219.0      0.2310       0.000       219.3       0.000       146.2       0.000    
   34600   2.821      0.8153E-04 NODE        3718  -0.0%   222.3      0.2329       0.000       222.6       0.000       146.2       0.000    
   34700   2.829      0.8153E-04 NODE        3797  -0.0%   225.7      0.2346       0.000       225.9       0.000       146.2       0.000    
   34800   2.837      0.8153E-04 NODE        3718  -0.0%   229.0      0.2368       0.000       229.3       0.000       146.2       0.000    
   34900   2.845      0.8153E-04 NODE        3797  -0.0%   232.5      0.2383       0.000       232.7       0.000       146.2       0.000    
   35000   2.854      0.8153E-04 NODE        3797  -0.0%   235.9      0.2406       0.000       236.1       0.000       146.2       0.000    
   35100   2.862      0.8153E-04 NODE        3718  -0.0%   239.4      0.2420       0.000       239.6       0.000       146.2       0.000    
   35200   2.870      0.8153E-04 NODE        3797  -0.0%   242.9      0.2444       0.000       243.2       0.000       146.2       0.000    
   35300   2.878      0.8153E-04 NODE        3718  -0.0%   246.5      0.2458       0.000       246.7       0.000       146.2       0.000    
   35400   2.886      0.8153E-04 NODE        3797  -0.0%   250.1      0.2481       0.000       250.3       0.000       146.2       0.000    
   35500   2.894      0.8153E-04 NODE        3718  -0.0%   253.7      0.2497       0.000       254.0       0.000       146.2       0.000    
   35600   2.902      0.8153E-04 NODE        3797  -0.0%   257.4      0.2518       0.000       257.7       0.000       146.2       0.000    
   35700   2.911      0.8153E-04 NODE        3718  -0.0%   261.2      0.2537       0.000       261.4       0.000       146.2       0.000    
   35800   2.919      0.8153E-04 NODE        3797  -0.0%   264.9      0.2555       0.000       265.2       0.000       146.2       0.000    
   35900   2.927      0.8153E-04 NODE        3718  -0.0%   268.7      0.2577       0.000       269.0       0.000       146.2       0.000    
   36000   2.935      0.8153E-04 NODE        3797  -0.0%   272.6      0.2593       0.000       272.9       0.000       146.2       0.000    
   36100   2.943      0.8153E-04 NODE        3797  -0.0%   276.5      0.2618       0.000       276.7       0.000       146.2       0.000    
   36200   2.951      0.8153E-04 NODE        3718  -0.0%   280.4      0.2632       0.000       280.7       0.000       146.2       0.000    
   36300   2.960      0.8153E-04 NODE        3797  -0.0%   284.4      0.2657       0.000       284.7       0.000       146.2       0.000    
   36400   2.968      0.8153E-04 NODE        3718  -0.0%   288.4      0.2672       0.000       288.7       0.000       146.2       0.000    
   36500   2.976      0.8153E-04 NODE        3797  -0.0%   292.5      0.2696       0.000       292.8       0.000       146.2       0.000    
   36600   2.984      0.8153E-04 NODE        3718  -0.0%   296.6      0.2712       0.000       296.9       0.000       146.2       0.000    
   36700   2.992      0.8153E-04 NODE        3797  -0.0%   300.8      0.2734       0.000       301.0       0.000       146.2       0.000    
   36800   3.000      0.8153E-04 NODE        3718  -0.0%   305.0      0.2753       0.000       305.2       0.000       146.2       0.000    
   36900   3.008      0.8153E-04 NODE        3797  -0.0%   309.2      0.2772       0.000       309.5       0.000       146.2       0.000    
   37000   3.017      0.8153E-04 NODE        3718  -0.0%   313.5      0.2794       0.000       313.8       0.000       146.2       0.000    
   37100   3.025      0.8153E-04 NODE        3797  -0.0%   317.8      0.2811       0.000       318.1       0.000       146.2       0.000    
   37200   3.033      0.8153E-04 NODE        3797  -0.0%   322.2      0.2835       0.000       322.5       0.000       146.2       0.000    
   37300   3.041      0.8153E-04 NODE        3797  -0.0%   326.6      0.2851       0.000       326.9       0.000       146.2       0.000    
   37400   3.049      0.8153E-04 NODE        3797  -0.0%   331.1      0.2877       0.000       331.4       0.000       146.2       0.000    
   37500   3.057      0.8153E-04 NODE        3718  -0.0%   335.6      0.2892       0.000       335.9       0.000       146.2       0.000    
   37600   3.065      0.8153E-04 NODE        3797  -0.0%   340.2      0.2917       0.000       340.5       0.000       146.2       0.000    
   37700   3.074      0.8153E-04 NODE        3718  -0.0%   344.8      0.2933       0.000       345.1       0.000       146.2       0.000    
   37800   3.082      0.8153E-04 NODE        3797  -0.0%   349.4      0.2957       0.000       349.7       0.000       146.2       0.000    
   37900   3.090      0.8153E-04 NODE        3718  -0.0%   354.1      0.2975       0.000       354.4       0.000       146.2       0.000    
   38000   3.098      0.8153E-04 NODE        3797  -0.0%   358.9      0.2996       0.000       359.2       0.000       146.2       0.000    
   38100   3.106      0.8153E-04 NODE        3718  -0.0%   363.7      0.3018       0.000       364.0       0.000       146.2       0.000    
   38200   3.114      0.8153E-04 NODE        3797  -0.0%   368.6      0.3036       0.000       368.9       0.000       146.2       0.000    
   38300   3.123      0.8153E-04 NODE        3718  -0.0%   373.5      0.3060       0.000       373.8       0.000       146.2       0.000    
   38400   3.131      0.8153E-04 NODE        3797  -0.0%   378.4      0.3076       0.000       378.7       0.000       146.2       0.000    
   38500   3.139      0.8153E-04 NODE        3797  -0.0%   383.4      0.3102       0.000       383.7       0.000       146.2       0.000    
   38600   3.147      0.8153E-04 NODE        3718  -0.0%   388.4      0.3118       0.000       388.8       0.000       146.2       0.000    
   38700   3.155      0.8153E-04 NODE        3797  -0.0%   393.5      0.3144       0.000       393.9       0.000       146.2       0.000    
   38800   3.163      0.8153E-04 NODE        3718  -0.0%   398.7      0.3160       0.000       399.0       0.000       146.2       0.000    
   38900   3.171      0.8153E-04 NODE        3797  -0.0%   403.9      0.3185       0.000       404.2       0.000       146.2       0.000    
   39000   3.180      0.8153E-04 NODE        3718  -0.0%   409.1      0.3203       0.000       409.4       0.000       146.2       0.000    
   39100   3.188      0.8153E-04 NODE        3797  -0.0%   414.4      0.3226       0.000       414.8       0.000       146.2       0.000    
   39200   3.196      0.8153E-04 NODE        3718  -0.0%   419.8      0.3247       0.000       420.1       0.000       146.2       0.000    
   39300   3.204      0.8153E-04 NODE        3797  -0.0%   425.2      0.3267       0.000       425.5       0.000       146.2       0.000    
   39400   3.212      0.8153E-04 NODE        3718  -0.0%   430.6      0.3291       0.000       431.0       0.000       146.2       0.000    
   39500   3.220      0.8153E-04 NODE        3797  -0.0%   436.2      0.3308       0.000       436.5       0.000       146.2       0.000    
   39600   3.229      0.8153E-04 NODE        3797  -0.0%   441.7      0.3334       0.000       442.0       0.000       146.2       0.000    
   39700   3.237      0.8153E-04 NODE        3718  -0.0%   447.3      0.3350       0.000       447.7       0.000       146.2       0.000    
   39800   3.245      0.8153E-04 NODE        3797  -0.0%   453.0      0.3377       0.000       453.3       0.000       146.2       0.000    
   39900   3.253      0.8153E-04 NODE        3718  -0.0%   458.7      0.3393       0.000       459.1       0.000       146.2       0.000    
   CYCLE    TIME      TIME-STEP  ELEMENT          ERROR  I-ENERGY    K-ENERGY T  K-ENERGY R  EXT-WORK     MAS.ERR     TOTAL MASS  MASS ADDED
   40000   3.261      0.8153E-04 NODE        3797  -0.0%   464.5      0.3418       0.000       464.8       0.000       146.2       0.000    
   40100   3.269      0.8153E-04 NODE        3718  -0.0%   470.3      0.3436       0.000       470.7       0.000       146.2       0.000    
   40200   3.277      0.8153E-04 NODE        3797  -0.0%   476.2      0.3459       0.000       476.6       0.000       146.2       0.000    
   40300   3.286      0.8153E-04 NODE        3718  -0.0%   482.1      0.3481       0.000       482.5       0.000       146.2       0.000    
   40400   3.294      0.8153E-04 NODE        3797  -0.0%   488.1      0.3501       0.000       488.5       0.000       146.2       0.000    
   40500   3.302      0.8153E-04 NODE        3718  -0.0%   494.2      0.3526       0.000       494.5       0.000       146.2       0.000    
   40600   3.310      0.8153E-04 NODE        3797  -0.0%   500.3      0.3544       0.000       500.7       0.000       146.2       0.000    
   40700   3.318      0.8153E-04 NODE        3797  -0.0%   506.5      0.3571       0.000       506.8       0.000       146.2       0.000    
   40800   3.326      0.8153E-04 NODE        3718  -0.0%   512.7      0.3587       0.000       513.0       0.000       146.2       0.000    
   40900   3.335      0.8153E-04 NODE        3797  -0.0%   519.0      0.3614       0.000       519.3       0.000       146.2       0.000    
   41000   3.343      0.8153E-04 NODE        3718  -0.0%   525.3      0.3630       0.000       525.7       0.000       146.2       0.000    
   41100   3.351      0.8153E-04 NODE        3797  -0.0%   531.7      0.3657       0.000       532.0       0.000       146.2       0.000    
   41200   3.359      0.8153E-04 NODE        3718  -0.0%   538.1      0.3674       0.000       538.5       0.000       146.2       0.000    
   41300   3.367      0.8153E-04 NODE        3797  -0.0%   544.6      0.3698       0.000       545.0       0.000       146.2       0.000    
   41400   3.375      0.8153E-04 NODE        3718  -0.0%   551.2      0.3719       0.000       551.6       0.000       146.2       0.000    
   41500   3.383      0.8153E-04 NODE        3797  -0.0%   557.8      0.3740       0.000       558.2       0.000       146.2       0.000    
   41600   3.392      0.8153E-04 NODE        3718  -0.0%   564.5      0.3764       0.000       564.9       0.000       146.2       0.000    
   41700   3.400      0.8153E-04 NODE        3797  -0.0%   571.3      0.3783       0.000       571.6       0.000       146.2       0.000    
   41800   3.408      0.8153E-04 NODE        3797  -0.0%   578.1      0.3810       0.000       578.4       0.000       146.2       0.000    
   41900   3.416      0.8153E-04 NODE        3797  -0.0%   584.9      0.3827       0.000       585.3       0.000       146.2       0.000    
   42000   3.424      0.8153E-04 NODE        3797  -0.0%   591.8      0.3855       0.000       592.2       0.000       146.2       0.000    
   42100   3.432      0.8153E-04 NODE        3718  -0.0%   598.8      0.3871       0.000       599.2       0.000       146.2       0.000    
   42200   3.441      0.8153E-04 NODE        3797  -0.0%   605.9      0.3899       0.000       606.3       0.000       146.2       0.000    
   42300   3.449      0.8153E-04 NODE        3718  -0.0%   613.0      0.3916       0.000       613.4       0.000       146.2       0.000    
   42400   3.457      0.8153E-04 NODE        3797  -0.0%   620.2      0.3941       0.000       620.6       0.000       146.2       0.000    
   42500   3.465      0.8153E-04 NODE        3718  -0.0%   627.4      0.3961       0.000       627.8       0.000       146.2       0.000    
   42600   3.473      0.8153E-04 NODE        3797  -0.0%   634.7      0.3984       0.000       635.1       0.000       146.2       0.000    
   42700   3.481      0.8153E-04 NODE        3718  -0.0%   642.0      0.4007       0.000       642.4       0.000       146.2       0.000    
   42800   3.489      0.8153E-04 NODE        3797  -0.0%   649.5      0.4026       0.000       649.9       0.000       146.2       0.000    
   42900   3.498      0.8153E-04 NODE        3718  -0.0%   656.9      0.4053       0.000       657.3       0.000       146.2       0.000    
   43000   3.506      0.8153E-04 NODE        3797  -0.0%   664.5      0.4070       0.000       664.9       0.000       146.2       0.000    
   43100   3.514      0.8153E-04 NODE        3797  -0.0%   672.1      0.4098       0.000       672.5       0.000       146.2       0.000    
   43200   3.522      0.8153E-04 NODE        3718  -0.0%   679.8      0.4114       0.000       680.2       0.000       146.2       0.000    
   43300   3.530      0.8153E-04 NODE        3797  -0.0%   687.5      0.4143       0.000       687.9       0.000       146.2       0.000    
   43400   3.538      0.8153E-04 NODE        3718  -0.0%   695.3      0.4160       0.000       695.7       0.000       146.2       0.000    
   43500   3.547      0.8153E-04 NODE        3797  -0.0%   703.2      0.4186       0.000       703.6       0.000       146.2       0.000    
   43600   3.555      0.8153E-04 NODE        3718  -0.0%   711.1      0.4206       0.000       711.5       0.000       146.2       0.000    
   43700   3.563      0.8153E-04 NODE        3797  -0.0%   719.1      0.4229       0.000       719.5       0.000       146.2       0.000    
   43800   3.571      0.8153E-04 NODE        3718  -0.0%   727.2      0.4252       0.000       727.6       0.000       146.2       0.000    
   43900   3.579      0.8153E-04 NODE        3797  -0.0%   735.3      0.4273       0.000       735.7       0.000       146.2       0.000    
   44000   3.587      0.8153E-04 NODE        3718  -0.0%   743.5      0.4299       0.000       743.9       0.000       146.2       0.000    
   44100   3.595      0.8153E-04 NODE        3797  -0.0%   751.8      0.4316       0.000       752.2       0.000       146.2       0.000    
   44200   3.604      0.8153E-04 NODE        3797  -0.0%   760.1      0.4344       0.000       760.5       0.000       146.2       0.000    
   44300   3.612      0.8153E-04 NODE        3718  -0.0%   768.5      0.4360       0.000       768.9       0.000       146.2       0.000    
   44400   3.620      0.8153E-04 NODE        3797  -0.0%   777.0      0.4389       0.000       777.4       0.000       146.2       0.000    
   44500   3.628      0.8153E-04 NODE        3718  -0.0%   785.5      0.4406       0.000       785.9       0.000       146.2       0.000    
   44600   3.636      0.8153E-04 NODE        3797  -0.0%   794.1      0.4432       0.000       794.5       0.000       146.2       0.000    
   44700   3.644      0.8153E-04 NODE        3718  -0.0%   802.8      0.4452       0.000       803.2       0.000       146.2       0.000    
   44800   3.653      0.8153E-04 NODE        3797  -0.0%   811.5      0.4476       0.000       812.0       0.000       146.2       0.000    
   44900   3.661      0.8153E-04 NODE        3718  -0.0%   820.3      0.4499       0.000       820.8       0.000       146.2       0.000    
   45000   3.669      0.8153E-04 NODE        3797  -0.0%   829.2      0.4520       0.000       829.7       0.000       146.2       0.000    
   45100   3.677      0.8153E-04 NODE        3718  -0.0%   838.2      0.4546       0.000       838.6       0.000       146.2       0.000    
   45200   3.685      0.8153E-04 NODE        3797  -0.0%   847.2      0.4564       0.000       847.6       0.000       146.2       0.000    
   45300   3.693      0.8153E-04 NODE        3797  -0.0%   856.3      0.4592       0.000       856.7       0.000       146.2       0.000    
   45400   3.701      0.8153E-04 NODE        3718  -0.0%   865.4      0.4608       0.000       865.9       0.000       146.2       0.000    
   45500   3.710      0.8153E-04 NODE        3797  -0.0%   874.7      0.4636       0.000       875.2       0.000       146.2       0.000    
   45600   3.718      0.8153E-04 NODE        3718  -0.0%   884.0      0.4653       0.000       884.5       0.000       146.2       0.000    
   45700   3.726      0.8153E-04 NODE        3797  -0.0%   893.4      0.4680       0.000       893.8       0.000       146.2       0.000    
   45800   3.734      0.8153E-04 NODE        3718  -0.0%   902.8      0.4699       0.000       903.3       0.000       146.2       0.000    
   45900   3.742      0.8153E-04 NODE        3797  -0.0%   912.4      0.4723       0.000       912.8       0.000       146.2       0.000    
   46000   3.750      0.8153E-04 NODE        3718  -0.0%   921.9      0.4745       0.000       922.4       0.000       146.2       0.000    
   46100   3.758      0.8153E-04 NODE        3797  -0.0%   931.6      0.4767       0.000       932.1       0.000       146.2       0.000    
   46200   3.767      0.8153E-04 NODE        3718  -0.0%   941.4      0.4792       0.000       941.8       0.000       146.2       0.000    
   46300   3.775      0.8153E-04 NODE        3797  -0.0%   951.2      0.4811       0.000       951.7       0.000       146.2       0.000    
   46400   3.783      0.8153E-04 NODE        3797  -0.0%   961.1      0.4839       0.000       961.6       0.000       146.2       0.000    
   46500   3.791      0.8153E-04 NODE        3797  -0.0%   971.0      0.4856       0.000       971.5       0.000       146.2       0.000    
   46600   3.799      0.8153E-04 NODE        3797  -0.0%   981.1      0.4885       0.000       981.6       0.000       146.2       0.000    
   46700   3.807      0.8153E-04 NODE        3718  -0.0%   991.2      0.4901       0.000       991.7       0.000       146.2       0.000    
   46800   3.816      0.8153E-04 NODE        3797  -0.0%   1001.      0.4929       0.000       1002.       0.000       146.2       0.000    
   46900   3.824      0.8153E-04 NODE        3718  -0.0%   1012.      0.4946       0.000       1012.       0.000       146.2       0.000    
   47000   3.832      0.8153E-04 NODE        3797  -0.0%   1022.      0.4972       0.000       1022.       0.000       146.2       0.000    
   47100   3.840      0.8153E-04 NODE        3718  -0.0%   1032.      0.4992       0.000       1033.       0.000       146.2       0.000    
   47200   3.848      0.8153E-04 NODE        3797  -0.0%   1043.      0.5014       0.000       1043.       0.000       146.2       0.000    
   47300   3.856      0.8153E-04 NODE        3718  -0.0%   1053.      0.5038       0.000       1054.       0.000       146.2       0.000    
   47400   3.864      0.8153E-04 NODE        3797  -0.0%   1064.      0.5058       0.000       1065.       0.000       146.2       0.000    
   47500   3.873      0.8153E-04 NODE        3718  -0.0%   1075.      0.5085       0.000       1075.       0.000       146.2       0.000    
   47600   3.881      0.8153E-04 NODE        3797  -0.0%   1086.      0.5102       0.000       1086.       0.000       146.2       0.000    
   47700   3.889      0.8153E-04 NODE        3797  -0.0%   1097.      0.5131       0.000       1097.       0.000       146.2       0.000    
   47800   3.897      0.8153E-04 NODE        3718  -0.0%   1107.      0.5147       0.000       1108.       0.000       146.2       0.000    
   47900   3.905      0.8153E-04 NODE        3797  -0.0%   1119.      0.5176       0.000       1119.       0.000       146.2       0.000    
   48000   3.913      0.8153E-04 NODE        3718  -0.0%   1130.      0.5193       0.000       1130.       0.000       146.2       0.000    
   48100   3.922      0.8153E-04 NODE        3797  -0.0%   1141.      0.5219       0.000       1141.       0.000       146.2       0.000    
   48200   3.930      0.8153E-04 NODE        3718  -0.0%   1152.      0.5238       0.000       1153.       0.000       146.2       0.000    
   48300   3.938      0.8153E-04 NODE        3797  -0.0%   1163.      0.5262       0.000       1164.       0.000       146.2       0.000    
   48400   3.946      0.8153E-04 NODE        3718  -0.0%   1175.      0.5285       0.000       1175.       0.000       146.2       0.000    
   48500   3.954      0.8153E-04 NODE        3797  -0.0%   1186.      0.5304       0.000       1187.       0.000       146.2       0.000    
   48600   3.962      0.8153E-04 NODE        3718  -0.0%   1198.      0.5330       0.000       1199.       0.000       146.2       0.000    
   48700   3.970      0.8153E-04 NODE        3797  -0.0%   1210.      0.5347       0.000       1210.       0.000       146.2       0.000    
   48800   3.979      0.8153E-04 NODE        3797  -0.0%   1221.      0.5375       0.000       1222.       0.000       146.2       0.000    
   48900   3.987      0.8153E-04 NODE        3718  -0.0%   1233.      0.5392       0.000       1234.       0.000       146.2       0.000    
   49000   3.995      0.8153E-04 NODE        3797  -0.0%   1245.      0.5420       0.000       1246.       0.000       146.2       0.000    
   49100   4.003      0.8153E-04 NODE        3718  -0.0%   1257.      0.5437       0.000       1258.       0.000       146.2       0.000    
   49200   4.011      0.8153E-04 NODE        3797  -0.0%   1269.      0.5463       0.000       1270.       0.000       146.2       0.000    
   49300   4.019      0.8153E-04 NODE        3718  -0.0%   1281.      0.5482       0.000       1282.       0.000       146.2       0.000    
   49400   4.028      0.8153E-04 NODE        3797  -0.0%   1294.      0.5506       0.000       1294.       0.000       146.2       0.000    
   49500   4.036      0.8153E-04 NODE        3718  -0.0%   1306.      0.5528       0.000       1307.       0.000       146.2       0.000    
   49600   4.044      0.8153E-04 NODE        3797  -0.0%   1318.      0.5549       0.000       1319.       0.000       146.2       0.000    
   49700   4.052      0.8153E-04 NODE        3718  -0.0%   1331.      0.5574       0.000       1332.       0.000       146.2       0.000    
   49800   4.060      0.8153E-04 NODE        3797  -0.0%   1344.      0.5591       0.000       1344.       0.000       146.2       0.000    
   49900   4.068      0.8153E-04 NODE        3797  -0.0%   1356.      0.5619       0.000       1357.       0.000       146.2       0.000    
   CYCLE    TIME      TIME-STEP  ELEMENT          ERROR  I-ENERGY    K-ENERGY T  K-ENERGY R  EXT-WORK     MAS.ERR     TOTAL MASS  MASS ADDED
   50000   4.076      0.8153E-04 NODE        3718  -0.0%   1369.      0.5634       0.000       1370.       0.000       146.2       0.000    
   50100   4.085      0.8153E-04 NODE        3797  -0.0%   1382.      0.5662       0.000       1382.       0.000       146.2       0.000    
   50200   4.093      0.8153E-04 NODE        3718  -0.0%   1395.      0.5678       0.000       1395.       0.000       146.2       0.000    
   50300   4.101      0.8153E-04 NODE        3797  -0.0%   1408.      0.5705       0.000       1408.       0.000       146.2       0.000    
   50400   4.109      0.8153E-04 NODE        3718  -0.0%   1421.      0.5723       0.000       1421.       0.000       146.2       0.000    
   50500   4.117      0.8153E-04 NODE        3797  -0.0%   1434.      0.5747       0.000       1435.       0.000       146.2       0.000    
   50600   4.125      0.8153E-04 NODE        3718  -0.0%   1447.      0.5768       0.000       1448.       0.000       146.2       0.000    
   50700   4.134      0.8153E-04 NODE        3797  -0.0%   1461.      0.5789       0.000       1461.       0.000       146.2       0.000    
   50800   4.142      0.8153E-04 NODE        3718  -0.0%   1474.      0.5814       0.000       1475.       0.000       146.2       0.000    
   50900   4.150      0.8153E-04 NODE        3797  -0.0%   1488.      0.5832       0.000       1488.       0.000       146.2       0.000    
   51000   4.158      0.8153E-04 NODE        3797  -0.0%   1501.      0.5858       0.000       1502.       0.000       146.2       0.000    
   51100   4.166      0.8153E-04 NODE        3797  -0.0%   1515.      0.5874       0.000       1515.       0.000       146.2       0.000    
   51200   4.174      0.8153E-04 NODE        3797  -0.0%   1529.      0.5901       0.000       1529.       0.000       146.2       0.000    
   51300   4.182      0.8153E-04 NODE        3718  -0.0%   1543.      0.5917       0.000       1543.       0.000       146.2       0.000    
   51400   4.191      0.8153E-04 NODE        3797  -0.0%   1556.      0.5943       0.000       1557.       0.000       146.2       0.000    
   51500   4.199      0.8153E-04 NODE        3718  -0.0%   1571.      0.5960       0.000       1571.       0.000       146.2       0.000    
   51600   4.207      0.8153E-04 NODE        3797  -0.0%   1585.      0.5984       0.000       1585.       0.000       146.2       0.000    
   51700   4.215      0.8153E-04 NODE        3718  -0.0%   1599.      0.6004       0.000       1599.       0.000       146.2       0.000    
   51800   4.223      0.8153E-04 NODE        3867  -0.0%   1613.      0.6025       0.000       1614.       0.000       146.2       0.000    
   51900   4.231      0.8153E-04 NODE        3718  -0.0%   1628.      0.6048       0.000       1628.       0.000       146.2       0.000    
   52000   4.240      0.8153E-04 NODE        3797  -0.0%   1642.      0.6067       0.000       1643.       0.000       146.2       0.000    
   52100   4.248      0.8153E-04 NODE        3718  -0.0%   1657.      0.6093       0.000       1657.       0.000       146.2       0.000    
   52200   4.256      0.8153E-04 NODE        3797  -0.0%   1671.      0.6109       0.000       1672.       0.000       146.2       0.000    
   52300   4.264      0.8153E-04 NODE        3797  -0.0%   1686.      0.6136       0.000       1687.       0.000       146.2       0.000    
   52400   4.272      0.8153E-04 NODE        3718  -0.0%   1701.      0.6151       0.000       1702.       0.000       146.2       0.000    
   52500   4.280      0.8153E-04 NODE        3867  -0.0%   1716.      0.6177       0.000       1717.       0.000       146.2       0.000    
   52600   4.288      0.8153E-04 NODE        3718  -0.0%   1731.      0.6194       0.000       1732.       0.000       146.2       0.000    
   52700   4.297      0.8153E-04 NODE        3797  -0.0%   1746.      0.6217       0.000       1747.       0.000       146.2       0.000    
   52800   4.305      0.8153E-04 NODE        3718  -0.0%   1761.      0.6236       0.000       1762.       0.000       146.2       0.000    
   52900   4.313      0.8153E-04 NODE        3797  -0.0%   1777.      0.6257       0.000       1777.       0.000       146.2       0.000    
   53000   4.321      0.8153E-04 NODE        3718  -0.0%   1792.      0.6281       0.000       1793.       0.000       146.2       0.000    
   53100   4.329      0.8153E-04 NODE        3867  -0.0%   1807.      0.6304       0.000       1808.       0.000       146.2       0.000    
   53200   4.337      0.8153E-04 NODE        3718  -0.0%   1823.      0.6337       0.000       1824.       0.000       146.2       0.000    
   53300   4.346      0.8153E-04 NODE        3867  -0.0%   1839.      0.6357       0.000       1839.       0.000       146.2       0.000    
   53400   4.354      0.8153E-04 NODE        3867  -0.0%   1854.      0.6377       0.000       1855.       0.000       146.2       0.000    
   53500   4.362      0.8153E-04 NODE        3718  -0.0%   1870.      0.6384       0.000       1871.       0.000       146.2       0.000    
   53600   4.370      0.8153E-04 NODE        3867  -0.0%   1886.      0.6403       0.000       1887.       0.000       146.2       0.000    
   53700   4.378      0.8153E-04 NODE        3718  -0.0%   1902.      0.6419       0.000       1903.       0.000       146.2       0.000    
   53800   4.386      0.8153E-04 NODE        3797  -0.0%   1918.      0.6450       0.000       1919.       0.000       146.2       0.000    
   53900   4.394      0.8153E-04 NODE        3718  -0.0%   1935.      0.6473       0.000       1935.       0.000       146.2       0.000    
   54000   4.403      0.8153E-04 NODE        3797  -0.0%   1951.      0.6499       0.000       1952.       0.000       146.2       0.000    
   54100   4.411      0.8153E-04 NODE        3718  -0.0%   1967.      0.6521       0.000       1968.       0.000       146.2       0.000    
   54200   4.419      0.8153E-04 NODE        3797  -0.0%   1984.      0.6538       0.000       1985.       0.000       146.2       0.000    
   54300   4.427      0.8153E-04 NODE        3718  -0.0%   2001.      0.6551       0.000       2001.       0.000       146.2       0.000    
   54400   4.435      0.8153E-04 NODE        3797  -0.0%   2017.      0.6557       0.000       2018.       0.000       146.2       0.000    
   54500   4.443      0.8153E-04 NODE        3867  -0.0%   2034.      0.6584       0.000       2035.       0.000       146.2       0.000    
   54600   4.452      0.8153E-04 NODE        3718  -0.0%   2051.      0.6606       0.000       2052.       0.000       146.2       0.000    
   54700   4.460      0.8153E-04 NODE        3867  -0.0%   2068.      0.6639       0.000       2069.       0.000       146.2       0.000    
   54800   4.468      0.8153E-04 NODE        3718  -0.0%   2085.      0.6656       0.000       2086.       0.000       146.2       0.000    
   54900   4.476      0.8153E-04 NODE        3867  -0.0%   2102.      0.6681       0.000       2103.       0.000       146.2       0.000    
   55000   4.484      0.8153E-04 NODE        3718  -0.0%   2119.      0.6692       0.000       2120.       0.000       146.2       0.000    
   55100   4.492      0.8153E-04 NODE        3867  -0.0%   2137.      0.6708       0.000       2138.       0.000       146.2       0.000    
   55200   4.500      0.8153E-04 NODE        3718  -0.0%   2154.      0.6721       0.000       2155.       0.000       146.2       0.000    
   55300   4.509      0.8153E-04 NODE        3867  -0.0%   2172.      0.6737       0.000       2173.       0.000       146.2       0.000    
   55400   4.517      0.8153E-04 NODE        3718  -0.0%   2190.      0.6767       0.000       2190.       0.000       146.2       0.000    
   55500   4.525      0.8153E-04 NODE        3867  -0.0%   2207.      0.6793       0.000       2208.       0.000       146.2       0.000    
   55600   4.533      0.8153E-04 NODE        3867  -0.0%   2225.      0.6821       0.000       2226.       0.000       146.2       0.000    
   55700   4.541      0.8153E-04 NODE        3797  -0.0%   2243.      0.6831       0.000       2244.       0.000       146.2       0.000    
   55800   4.549      0.8153E-04 NODE        3810  -0.0%   2261.      0.6849       0.000       2262.       0.000       146.2       0.000    
   55900   4.558      0.8153E-04 NODE        3775  -0.0%   2279.      0.6857       0.000       2280.       0.000       146.2       0.000    
   56000   4.566      0.8153E-04 NODE        3810  -0.0%   2298.      0.6877       0.000       2298.       0.000       146.2       0.000    
   56100   4.574      0.8153E-04 NODE        3731  -0.0%   2316.      0.6892       0.000       2317.       0.000       146.2       0.000    
   56200   4.582      0.8153E-04 NODE        3810  -0.0%   2334.      0.6918       0.000       2335.       0.000       146.2       0.000    
   56300   4.590      0.8153E-04 NODE        3731  -0.0%   2353.      0.6946       0.000       2354.       0.000       146.2       0.000    
   56400   4.598      0.8153E-04 NODE        3810  -0.0%   2371.      0.6970       0.000       2372.       0.000       146.2       0.000    
   56500   4.606      0.8153E-04 NODE        3731  -0.0%   2390.      0.6988       0.000       2391.       0.000       146.2       0.000    
   56600   4.615      0.8153E-04 NODE        3810  -0.0%   2409.      0.6994       0.000       2410.       0.000       146.2       0.000    
   56700   4.623      0.8153E-04 NODE        3731  -0.0%   2428.      0.7009       0.000       2429.       0.000       146.2       0.000    
   56800   4.631      0.8153E-04 NODE        3810  -0.0%   2447.      0.7023       0.000       2448.       0.000       146.2       0.000    
   56900   4.639      0.8153E-04 NODE        3810  -0.0%   2466.      0.7050       0.000       2467.       0.000       146.2       0.000    
   57000   4.647      0.8153E-04 NODE        3731  -0.0%   2485.      0.7066       0.000       2486.       0.000       146.2       0.000    
   57100   4.655      0.8153E-04 NODE        3810  -0.0%   2505.      0.7096       0.000       2505.       0.000       146.2       0.000    
   57200   4.663      0.8153E-04 NODE        3731  -0.0%   2524.      0.7116       0.000       2525.       0.000       146.2       0.000    
   57300   4.672      0.8153E-04 NODE        3810  -0.0%   2544.      0.7134       0.000       2544.       0.000       146.2       0.000    
   57400   4.680      0.8153E-04 NODE        3731  -0.0%   2563.      0.7140       0.000       2564.       0.000       146.2       0.000    
   57500   4.688      0.8153E-04 NODE        3810  -0.0%   2583.      0.7149       0.000       2584.       0.000       146.2       0.000    
   57600   4.696      0.8153E-04 NODE        3731  -0.0%   2603.      0.7168       0.000       2603.       0.000       146.2       0.000    
   57700   4.704      0.8153E-04 NODE        3810  -0.0%   2623.      0.7187       0.000       2623.       0.000       146.2       0.000    
   57800   4.712      0.8153E-04 NODE        3731  -0.0%   2643.      0.7218       0.000       2643.       0.000       146.2       0.000    
   57900   4.721      0.8153E-04 NODE        3810  -0.0%   2663.      0.7237       0.000       2664.       0.000       146.2       0.000    
   58000   4.729      0.8153E-04 NODE        3810  -0.0%   2683.      0.7259       0.000       2684.       0.000       146.2       0.000    
   58100   4.737      0.8153E-04 NODE        3731  -0.0%   2703.      0.7271       0.000       2704.       0.000       146.2       0.000    
   58200   4.745      0.8153E-04 NODE        3810  -0.0%   2724.      0.7287       0.000       2725.       0.000       146.2       0.000    
   58300   4.753      0.8153E-04 NODE        3731  -0.0%   2744.      0.7291       0.000       2745.       0.000       146.2       0.000    
   58400   4.761      0.8153E-04 NODE        3810  -0.0%   2765.      0.7307       0.000       2766.       0.000       146.2       0.000    
   58500   4.769      0.8153E-04 NODE        3731  -0.0%   2786.      0.7328       0.000       2786.       0.000       146.2       0.000    
   58600   4.778      0.8153E-04 NODE        3810  -0.0%   2807.      0.7357       0.000       2807.       0.000       146.2       0.000    
   58700   4.786      0.8153E-04 NODE        3731  -0.0%   2827.      0.7379       0.000       2828.       0.000       146.2       0.000    
   58800   4.794      0.8153E-04 NODE        3810  -0.0%   2849.      0.7393       0.000       2849.       0.000       146.2       0.000    
   58900   4.802      0.8153E-04 NODE        3731  -0.0%   2870.      0.7407       0.000       2870.       0.000       146.2       0.000    
   59000   4.810      0.8153E-04 NODE        3810  -0.0%   2891.      0.7415       0.000       2892.       0.000       146.2       0.000    
   59100   4.818      0.8153E-04 NODE        3854  -0.0%   2912.      0.7430       0.000       2913.       0.000       146.2       0.000    
   59200   4.827      0.8153E-04 NODE        3810  -0.0%   2934.      0.7439       0.000       2934.       0.000       146.2       0.000    
   59300   4.835      0.8153E-04 NODE        3810  -0.0%   2955.      0.7464       0.000       2956.       0.000       146.2       0.000    
   59400   4.843      0.8153E-04 NODE        3731  -0.0%   2977.      0.7487       0.000       2978.       0.000       146.2       0.000    
   59500   4.851      0.8153E-04 NODE        3810  -0.0%   2999.      0.7516       0.000       2999.       0.000       146.2       0.000    
   59600   4.859      0.8153E-04 NODE        3731  -0.0%   3020.      0.7527       0.000       3021.       0.000       146.2       0.000    
   59700   4.867      0.8153E-04 NODE        3810  -0.0%   3042.      0.7536       0.000       3043.       0.000       146.2       0.000    
   59800   4.875      0.8153E-04 NODE        3731  -0.0%   3064.      0.7545       0.000       3065.       0.000       146.2       0.000    
   59900   4.884      0.8153E-04 NODE        3854  -0.0%   3087.      0.7557       0.000       3087.       0.000       146.2       0.000    
   CYCLE    TIME      TIME-STEP  ELEMENT          ERROR  I-ENERGY    K-ENERGY T  K-ENERGY R  EXT-WORK     MAS.ERR     TOTAL MASS  MASS ADDED
   60000   4.892      0.8153E-04 NODE        3731  -0.0%   3109.      0.7574       0.000       3110.       0.000       146.2       0.000    
   60100   4.900      0.8153E-04 NODE        3810  -0.0%   3131.      0.7591       0.000       3132.       0.000       146.2       0.000    
   60200   4.908      0.8153E-04 NODE        3731  -0.0%   3154.      0.7618       0.000       3154.       0.000       146.2       0.000    
   60300   4.916      0.8153E-04 NODE        3854  -0.0%   3176.      0.7636       0.000       3177.       0.000       146.2       0.000    
   60400   4.924      0.8153E-04 NODE        3854  -0.0%   3199.      0.7655       0.000       3200.       0.000       146.2       0.000    
   60500   4.933      0.8153E-04 NODE        3731  -0.0%   3222.      0.7660       0.000       3222.       0.000       146.2       0.000    
   60600   4.941      0.8153E-04 NODE        3810  -0.0%   3245.      0.7668       0.000       3245.       0.000       146.2       0.000    
   60700   4.949      0.8153E-04 NODE        3731  -0.0%   3268.      0.7675       0.000       3268.       0.000       146.2       0.000    
   60800   4.957      0.8153E-04 NODE        3810  -0.0%   3291.      0.7698       0.000       3291.       0.000       146.2       0.000    
   60900   4.965      0.8153E-04 NODE        3775  -0.0%   3314.      0.7720       0.000       3315.       0.000       146.2       0.000    
   61000   4.973      0.8153E-04 NODE        3810  -0.0%   3337.      0.7738       0.000       3338.       0.000       146.2       0.000    
   61100   4.981      0.8153E-04 NODE        3731  -0.0%   3361.      0.7759       0.000       3361.       0.000       146.2       0.000    
   61200   4.990      0.8153E-04 NODE        3810  -0.0%   3384.      0.7773       0.000       3385.       0.000       146.2       0.000    
   61300   4.998      0.8153E-04 NODE        3731  -0.0%   3408.      0.7784       0.000       3408.       0.000       146.2       0.000    
   61400   5.006      0.8153E-04 NODE        3810  -0.0%   3431.      0.7783       0.000       3432.       0.000       146.2       0.000    
   61500   5.014      0.8153E-04 NODE        3810  -0.0%   3455.      0.7797       0.000       3456.       0.000       146.2       0.000    
   61600   5.022      0.8153E-04 NODE        3731  -0.0%   3479.      0.7811       0.000       3480.       0.000       146.2       0.000    
   61700   5.030      0.8153E-04 NODE        3810  -0.0%   3503.      0.7839       0.000       3504.       0.000       146.2       0.000    
   61800   5.039      0.8153E-04 NODE        3775  -0.0%   3527.      0.7855       0.000       3528.       0.000       146.2       0.000    
   61900   5.047      0.8153E-04 NODE        3810  -0.0%   3552.      0.7873       0.000       3552.       0.000       146.2       0.000    
   62000   5.055      0.8153E-04 NODE        3731  -0.0%   3576.      0.7882       0.000       3577.       0.000       146.2       0.000    
   62100   5.063      0.8153E-04 NODE        3810  -0.0%   3600.      0.7891       0.000       3601.       0.000       146.2       0.000    
   62200   5.071      0.8153E-04 NODE        3775  -0.0%   3625.      0.7900       0.000       3626.       0.000       146.2       0.000    
   62300   5.079      0.8153E-04 NODE        3810  -0.0%   3649.      0.7905       0.000       3650.       0.000       146.2       0.000    
   62400   5.087      0.8153E-04 NODE        3775  -0.0%   3674.      0.7925       0.000       3675.       0.000       146.2       0.000    
   62500   5.096      0.8153E-04 NODE        3810  -0.0%   3699.      0.7945       0.000       3700.       0.000       146.2       0.000    
   62600   5.104      0.8153E-04 NODE        3810  -0.0%   3724.      0.7972       0.000       3725.       0.000       146.2       0.000    
   62700   5.112      0.8153E-04 NODE        3775  -0.0%   3749.      0.7982       0.000       3750.       0.000       146.2       0.000    
   62800   5.120      0.8153E-04 NODE        3810  -0.0%   3774.      0.7992       0.000       3775.       0.000       146.2       0.000    
   62900   5.128      0.8153E-04 NODE        3775  -0.0%   3800.      0.7995       0.000       3800.       0.000       146.2       0.000    
   63000   5.136      0.8153E-04 NODE        3810  -0.0%   3825.      0.8006       0.000       3826.       0.000       146.2       0.000    
   63100   5.145      0.8153E-04 NODE        3775  -0.0%   3850.      0.8016       0.000       3851.       0.000       146.2       0.000    
   63200   5.153      0.8153E-04 NODE        3810  -0.0%   3876.      0.8030       0.000       3877.       0.000       146.2       0.000    
   63300   5.161      0.8153E-04 NODE        3775  -0.0%   3902.      0.8049       0.000       3902.       0.000       146.2       0.000    
   63400   5.169      0.8153E-04 NODE        3775  -0.0%   3927.      0.8069       0.000       3928.       0.000       146.2       0.000    
   63500   5.177      0.8153E-04 NODE        3731  -0.0%   3953.      0.8087       0.000       3954.       0.000       146.2       0.000    
   63600   5.185      0.8153E-04 NODE        3731  -0.0%   3979.      0.8090       0.000       3980.       0.000       146.2       0.000    
   63700   5.193      0.8153E-04 NODE        3775  -0.0%   4006.      0.8095       0.000       4006.       0.000       146.2       0.000    
   63800   5.202      0.8153E-04 NODE        3775  -0.0%   4032.      0.8100       0.000       4033.       0.000       146.2       0.000    
   63900   5.210      0.8153E-04 NODE        3775  -0.0%   4058.      0.8119       0.000       4059.       0.000       146.2       0.000    
   64000   5.218      0.8153E-04 NODE        3775  -0.0%   4084.      0.8130       0.000       4085.       0.000       146.2       0.000    
   64100   5.226      0.8153E-04 NODE        3810  -0.0%   4111.      0.8149       0.000       4112.       0.000       146.2       0.000    
   64200   5.234      0.8153E-04 NODE        3775  -0.0%   4138.      0.8166       0.000       4138.       0.000       146.2       0.000    
   64300   5.242      0.8153E-04 NODE        3810  -0.0%   4164.      0.8179       0.000       4165.       0.000       146.2       0.000    
   64400   5.251      0.8153E-04 NODE        3775  -0.0%   4191.      0.8186       0.000       4192.       0.000       146.2       0.000    
   64500   5.259      0.8153E-04 NODE        3731  -0.0%   4218.      0.8187       0.000       4219.       0.000       146.2       0.000    
   64600   5.267      0.8153E-04 NODE        3731  -0.0%   4245.      0.8193       0.000       4246.       0.000       146.2       0.000    
   64700   5.275      0.8153E-04 NODE        3731  -0.0%   4272.      0.8202       0.000       4273.       0.000       146.2       0.000    
   64800   5.283      0.8153E-04 NODE        3775  -0.0%   4300.      0.8224       0.000       4300.       0.000       146.2       0.000    
   64900   5.291      0.8153E-04 NODE        3731  -0.0%   4327.      0.8239       0.000       4328.       0.000       146.2       0.000    
   65000   5.299      0.8153E-04 NODE        3731  -0.0%   4354.      0.8254       0.000       4355.       0.000       146.2       0.000    
   65100   5.308      0.8153E-04 NODE        3731  -0.0%   4382.      0.8262       0.000       4383.       0.000       146.2       0.000    
   65200   5.316      0.8153E-04 NODE        3810  -0.0%   4410.      0.8273       0.000       4411.       0.000       146.2       0.000    
   65300   5.324      0.8153E-04 NODE        3731  -0.0%   4438.      0.8274       0.000       4438.       0.000       146.2       0.000    
   65400   5.332      0.8153E-04 NODE        3854  -0.0%   4465.      0.8278       0.000       4466.       0.000       146.2       0.000    
   65500   5.340      0.8153E-04 NODE        3731  -0.0%   4493.      0.8289       0.000       4494.       0.000       146.2       0.000    
   65600   5.348      0.8153E-04 NODE        3810  -0.0%   4521.      0.8308       0.000       4522.       0.000       146.2       0.000    
   65700   5.356      0.8153E-04 NODE        3731  -0.0%   4550.      0.8333       0.000       4551.       0.000       146.2       0.000    
   65800   5.365      0.8153E-04 NODE        3810  -0.0%   4578.      0.8352       0.000       4579.       0.000       146.2       0.000    
   65900   5.373      0.8153E-04 NODE        3731  -0.0%   4606.      0.8360       0.000       4607.       0.000       146.2       0.000    
   66000   5.381      0.8153E-04 NODE        3731  -0.0%   4635.      0.8355       0.000       4636.       0.000       146.2       0.000    
   66100   5.389      0.8153E-04 NODE        3810  -0.0%   4664.      0.8355       0.000       4664.       0.000       146.2       0.000    
   66200   5.397      0.8153E-04 NODE        3731  -0.0%   4692.      0.8354       0.000       4693.       0.000       146.2       0.000    
   66300   5.405      0.8153E-04 NODE        3854  -0.0%   4721.      0.8366       0.000       4722.       0.000       146.2       0.000    
   66400   5.414      0.8153E-04 NODE        3731  -0.0%   4750.      0.8383       0.000       4751.       0.000       146.2       0.000    
   66500   5.422      0.8153E-04 NODE        3810  -0.0%   4779.      0.8409       0.000       4780.       0.000       146.2       0.000    
   66600   5.430      0.8153E-04 NODE        3731  -0.0%   4808.      0.8425       0.000       4809.       0.000       146.2       0.000    
   66700   5.438      0.8153E-04 NODE        3854  -0.0%   4837.      0.8430       0.000       4838.       0.000       146.2       0.000    
   66800   5.446      0.8153E-04 NODE        3731  -0.0%   4867.      0.8429       0.000       4868.       0.000       146.2       0.000    
   66900   5.454      0.8153E-04 NODE        3731  -0.0%   4896.      0.8424       0.000       4897.       0.000       146.2       0.000    
   67000   5.462      0.8153E-04 NODE        3731  -0.0%   4926.      0.8431       0.000       4927.       0.000       146.2       0.000    
   67100   5.471      0.8153E-04 NODE        3731  -0.0%   4955.      0.8449       0.000       4956.       0.000       146.2       0.000    
   67200   5.479      0.8153E-04 NODE        3731  -0.0%   4985.      0.8475       0.000       4986.       0.000       146.2       0.000    
   67300   5.487      0.8153E-04 NODE        3731  -0.0%   5015.      0.8487       0.000       5016.       0.000       146.2       0.000    
   67400   5.495      0.8153E-04 NODE        3731  -0.0%   5045.      0.8497       0.000       5046.       0.000       146.2       0.000    
   67500   5.503      0.8153E-04 NODE        3731  -0.0%   5075.      0.8496       0.000       5076.       0.000       146.2       0.000    
   67600   5.511      0.8153E-04 NODE        3731  -0.0%   5105.      0.8489       0.000       5106.       0.000       146.2       0.000    
   67700   5.520      0.8153E-04 NODE        3731  -0.0%   5135.      0.8487       0.000       5136.       0.000       146.2       0.000    
   67800   5.528      0.8153E-04 NODE        3731  -0.0%   5166.      0.8494       0.000       5167.       0.000       146.2       0.000    
   67900   5.536      0.8153E-04 NODE        3775  -0.0%   5196.      0.8510       0.000       5197.       0.000       146.2       0.000    
   68000   5.544      0.8153E-04 NODE        3867  -0.0%   5227.      0.8532       0.000       5228.       0.000       146.2       0.000    
   68100   5.552      0.8153E-04 NODE        3718  -0.0%   5257.      0.8552       0.000       5258.       0.000       146.2       0.000    
   68200   5.560      0.8153E-04 NODE        3867  -0.0%   5288.      0.8556       0.000       5289.       0.000       146.2       0.000    
   68300   5.568      0.8153E-04 NODE        3867  -0.0%   5319.      0.8551       0.000       5320.       0.000       146.2       0.000    
   68400   5.577      0.8153E-04 NODE        3718  -0.0%   5350.      0.8545       0.000       5351.       0.000       146.2       0.000    
   68500   5.585      0.8153E-04 NODE        3867  -0.0%   5381.      0.8546       0.000       5382.       0.000       146.2       0.000    
   68600   5.593      0.8153E-04 NODE        3718  -0.0%   5412.      0.8550       0.000       5413.       0.000       146.2       0.000    
   68700   5.601      0.8153E-04 NODE        3867  -0.0%   5444.      0.8567       0.000       5444.       0.000       146.2       0.000    
   68800   5.609      0.8153E-04 NODE        3718  -0.0%   5475.      0.8587       0.000       5476.       0.000       146.2       0.000    
   68900   5.617      0.8153E-04 NODE        3867  -0.0%   5506.      0.8602       0.000       5507.       0.000       146.2       0.000    
   69000   5.626      0.8153E-04 NODE        3718  -0.0%   5538.      0.8606       0.000       5539.       0.000       146.2       0.000    
   69100   5.634      0.8153E-04 NODE        3867  -0.0%   5570.      0.8601       0.000       5571.       0.000       146.2       0.000    
   69200   5.642      0.8153E-04 NODE        3718  -0.0%   5601.      0.8592       0.000       5602.       0.000       146.2       0.000    
   69300   5.650      0.8153E-04 NODE        3867  -0.0%   5633.      0.8587       0.000       5634.       0.000       146.2       0.000    
   69400   5.658      0.8153E-04 NODE        3867  -0.0%   5665.      0.8600       0.000       5666.       0.000       146.2       0.000    
   69500   5.666      0.8153E-04 NODE        3867  -0.0%   5697.      0.8615       0.000       5698.       0.000       146.2       0.000    
   69600   5.674      0.8153E-04 NODE        3867  -0.0%   5730.      0.8633       0.000       5730.       0.000       146.2       0.000    
   69700   5.683      0.8153E-04 NODE        3718  -0.0%   5762.      0.8644       0.000       5763.       0.000       146.2       0.000    
   69800   5.691      0.8153E-04 NODE        3867  -0.0%   5794.      0.8650       0.000       5795.       0.000       146.2       0.000    
   69900   5.699      0.8153E-04 NODE        3718  -0.0%   5827.      0.8645       0.000       5828.       0.000       146.2       0.000    
   CYCLE    TIME      TIME-STEP  ELEMENT          ERROR  I-ENERGY    K-ENERGY T  K-ENERGY R  EXT-WORK     MAS.ERR     TOTAL MASS  MASS ADDED
   70000   5.707      0.8153E-04 NODE        3867  -0.0%   5859.      0.8634       0.000       5860.       0.000       146.2       0.000    
   70100   5.715      0.8153E-04 NODE        3718  -0.0%   5892.      0.8633       0.000       5893.       0.000       146.2       0.000    
   70200   5.723      0.8153E-04 NODE        3867  -0.0%   5925.      0.8642       0.000       5926.       0.000       146.2       0.000    
   70300   5.732      0.8153E-04 NODE        3718  -0.0%   5958.      0.8656       0.000       5959.       0.000       146.2       0.000    
   70400   5.740      0.8153E-04 NODE        3867  -0.0%   5991.      0.8671       0.000       5991.       0.000       146.2       0.000    
   70500   5.748      0.8153E-04 NODE        3867  -0.0%   6024.      0.8682       0.000       6025.       0.000       146.2       0.000    
   70600   5.756      0.8153E-04 NODE        3867  -0.0%   6057.      0.8680       0.000       6058.       0.000       146.2       0.000    
   70700   5.764      0.8153E-04 NODE        3867  -0.0%   6090.      0.8676       0.000       6091.       0.000       146.2       0.000    
   70800   5.772      0.8153E-04 NODE        3718  -0.0%   6123.      0.8668       0.000       6124.       0.000       146.2       0.000    
   70900   5.780      0.8153E-04 NODE        3867  -0.0%   6157.      0.8664       0.000       6158.       0.000       146.2       0.000    
   71000   5.789      0.8153E-04 NODE        3718  -0.0%   6190.      0.8671       0.000       6191.       0.000       146.2       0.000    
   71100   5.797      0.8153E-04 NODE        3867  -0.0%   6224.      0.8688       0.000       6225.       0.000       146.2       0.000    
   71200   5.805      0.8153E-04 NODE        3718  -0.0%   6258.      0.8704       0.000       6259.       0.000       146.2       0.000    
   71300   5.813      0.8153E-04 NODE        3867  -0.0%   6292.      0.8709       0.000       6293.       0.000       146.2       0.000    
   71400   5.821      0.8153E-04 NODE        3718  -0.0%   6326.      0.8709       0.000       6327.       0.000       146.2       0.000    
   71500   5.829      0.8153E-04 NODE        3867  -0.0%   6360.      0.8701       0.000       6361.       0.000       146.2       0.000    
   71600   5.838      0.8153E-04 NODE        3867  -0.0%   6394.      0.8692       0.000       6395.       0.000       146.2       0.000    
   71700   5.846      0.8153E-04 NODE        3867  -0.0%   6428.      0.8689       0.000       6429.       0.000       146.2       0.000    
   71800   5.854      0.8153E-04 NODE        3867  -0.0%   6462.      0.8699       0.000       6463.       0.000       146.2       0.000    
   71900   5.862      0.8153E-04 NODE        3718  -0.0%   6497.      0.8715       0.000       6498.       0.000       146.2       0.000    
   72000   5.870      0.8153E-04 NODE        3718  -0.0%   6531.      0.8739       0.000       6532.       0.000       146.2       0.000    
   72100   5.878      0.8153E-04 NODE        3718  -0.0%   6566.      0.8753       0.000       6567.       0.000       146.2       0.000    
   72200   5.886      0.8153E-04 NODE        3867  -0.0%   6601.      0.8746       0.000       6602.       0.000       146.2       0.000    
   72300   5.895      0.8153E-04 NODE        3718  -0.0%   6635.      0.8727       0.000       6636.       0.000       146.2       0.000    
   72400   5.903      0.8153E-04 NODE        3867  -0.0%   6670.      0.8710       0.000       6671.       0.000       146.2       0.000    
   72500   5.911      0.8153E-04 NODE        3718  -0.0%   6705.      0.8708       0.000       6706.       0.000       146.2       0.000    
   72600   5.919      0.8153E-04 NODE        3718  -0.0%   6740.      0.8715       0.000       6741.       0.000       146.2       0.000    
   72700   5.927      0.8153E-04 NODE        3718  -0.0%   6776.      0.8732       0.000       6776.       0.000       146.2       0.000    
   72800   5.935      0.8153E-04 NODE        3867  -0.0%   6811.      0.8753       0.000       6812.       0.000       146.2       0.000    
   72900   5.944      0.8153E-04 NODE        3867  -0.0%   6846.      0.8765       0.000       6847.       0.000       146.2       0.000    
   73000   5.952      0.8153E-04 NODE        3718  -0.0%   6882.      0.8757       0.000       6882.       0.000       146.2       0.000    
   73100   5.960      0.8153E-04 NODE        3718  -0.0%   6917.      0.8739       0.000       6918.       0.000       146.2       0.000    
   73200   5.968      0.8153E-04 NODE        3718  -0.0%   6953.      0.8719       0.000       6954.       0.000       146.2       0.000    
   73300   5.976      0.8153E-04 NODE        3867  -0.0%   6989.      0.8710       0.000       6989.       0.000       146.2       0.000    
   73400   5.984      0.8153E-04 NODE        3867  -0.0%   7024.      0.8721       0.000       7025.       0.000       146.2       0.000    
   73500   5.992      0.8153E-04 NODE        3867  -0.0%   7060.      0.8741       0.000       7061.       0.000       146.2       0.000    
   73600   6.001      0.8153E-04 NODE        3718  -0.0%   7096.      0.8757       0.000       7097.       0.000       146.2       0.000    
   73700   6.009      0.8153E-04 NODE        3718  -0.0%   7132.      0.8763       0.000       7133.       0.000       146.2       0.000    
   73800   6.017      0.8153E-04 NODE        3867  -0.0%   7168.      0.8758       0.000       7169.       0.000       146.2       0.000    
   73900   6.025      0.8153E-04 NODE        3867  -0.0%   7205.      0.8740       0.000       7206.       0.000       146.2       0.000    
   74000   6.033      0.8153E-04 NODE        3867  -0.0%   7241.      0.8719       0.000       7242.       0.000       146.2       0.000    
   74100   6.041      0.8153E-04 NODE        3867  -0.0%   7278.      0.8710       0.000       7278.       0.000       146.2       0.000    
   74200   6.050      0.8153E-04 NODE        3718  -0.0%   7314.      0.8720       0.000       7315.       0.000       146.2       0.000    
   74300   6.058      0.8153E-04 NODE        3718  -0.0%   7351.      0.8740       0.000       7352.       0.000       146.2       0.000    
   74400   6.066      0.8153E-04 NODE        3718  -0.0%   7387.      0.8759       0.000       7388.       0.000       146.2       0.000    
   74500   6.074      0.8153E-04 NODE        3867  -0.0%   7424.      0.8765       0.000       7425.       0.000       146.2       0.000    
   74600   6.082      0.8153E-04 NODE        3718  -0.0%   7461.      0.8750       0.000       7462.       0.000       146.2       0.000    
   74700   6.090      0.8153E-04 NODE        3867  -0.0%   7498.      0.8731       0.000       7499.       0.000       146.2       0.000    
   74800   6.098      0.8153E-04 NODE        3718  -0.0%   7535.      0.8713       0.000       7536.       0.000       146.2       0.000    
   74900   6.107      0.8153E-04 NODE        3867  -0.0%   7572.      0.8702       0.000       7573.       0.000       146.2       0.000    
   75000   6.115      0.8153E-04 NODE        3718  -0.0%   7610.      0.8708       0.000       7610.       0.000       146.2       0.000    
   75100   6.123      0.8153E-04 NODE        3867  -0.0%   7647.      0.8730       0.000       7648.       0.000       146.2       0.000    
   75200   6.131      0.8153E-04 NODE        3867  -0.0%   7684.      0.8750       0.000       7685.       0.000       146.2       0.000    
   75300   6.139      0.8153E-04 NODE        3718  -0.0%   7722.      0.8753       0.000       7723.       0.000       146.2       0.000    
   75400   6.147      0.8153E-04 NODE        3867  -0.0%   7759.      0.8738       0.000       7760.       0.000       146.2       0.000    
   75500   6.156      0.8153E-04 NODE        3718  -0.0%   7797.      0.8714       0.000       7798.       0.000       146.2       0.000    
   75600   6.164      0.8153E-04 NODE        3867  -0.0%   7835.      0.8694       0.000       7836.       0.000       146.2       0.000    
   75700   6.172      0.8153E-04 NODE        3718  -0.0%   7873.      0.8687       0.000       7873.       0.000       146.2       0.000    
   75800   6.180      0.8153E-04 NODE        3867  -0.0%   7910.      0.8696       0.000       7911.       0.000       146.2       0.000    
   75900   6.188      0.8153E-04 NODE        3718  -0.0%   7948.      0.8711       0.000       7949.       0.000       146.2       0.000    
   76000   6.196      0.8153E-04 NODE        3867  -0.0%   7987.      0.8727       0.000       7987.       0.000       146.2       0.000    
   76100   6.204      0.8153E-04 NODE        3718  -0.0%   8025.      0.8733       0.000       8026.       0.000       146.2       0.000    
   76200   6.213      0.8153E-04 NODE        3867  -0.0%   8063.      0.8720       0.000       8064.       0.000       146.2       0.000    
   76300   6.221      0.8153E-04 NODE        3718  -0.0%   8101.      0.8696       0.000       8102.       0.000       146.2       0.000    
   76400   6.229      0.8153E-04 NODE        3718  -0.0%   8140.      0.8682       0.000       8141.       0.000       146.2       0.000    
   76500   6.237      0.8153E-04 NODE        3867  -0.0%   8178.      0.8681       0.000       8179.       0.000       146.2       0.000    
   76600   6.245      0.8153E-04 NODE        3718  -0.0%   8217.      0.8687       0.000       8218.       0.000       146.2       0.000    
   76700   6.253      0.8153E-04 NODE        3867  -0.0%   8255.      0.8696       0.000       8256.       0.000       146.2       0.000    
   76800   6.262      0.8153E-04 NODE        3718  -0.0%   8294.      0.8700       0.000       8295.       0.000       146.2       0.000    
   76900   6.270      0.8153E-04 NODE        3867  -0.0%   8333.      0.8701       0.000       8334.       0.000       146.2       0.000    
   77000   6.278      0.8153E-04 NODE        3718  -0.0%   8372.      0.8690       0.000       8373.       0.000       146.2       0.000    
   77100   6.286      0.8153E-04 NODE        3867  -0.0%   8411.      0.8672       0.000       8412.       0.000       146.2       0.000    
   77200   6.294      0.8153E-04 NODE        3718  -0.0%   8450.      0.8651       0.000       8451.       0.000       146.2       0.000    
   77300   6.302      0.8153E-04 NODE        3867  -0.0%   8489.      0.8644       0.000       8490.       0.000       146.2       0.000    
   77400   6.310      0.8154E-04 NODE        3718  -0.0%   8528.      0.8653       0.000       8529.       0.000       146.2       0.000    
   77500   6.319      0.8154E-04 NODE        3867  -0.0%   8568.      0.8664       0.000       8568.       0.000       146.2       0.000    
   77600   6.327      0.8154E-04 NODE        3867  -0.0%   8607.      0.8666       0.000       8608.       0.000       146.2       0.000    
   77700   6.335      0.8154E-04 NODE        3718  -0.0%   8646.      0.8661       0.000       8647.       0.000       146.2       0.000    
   77800   6.343      0.8154E-04 NODE        3867  -0.0%   8686.      0.8655       0.000       8687.       0.000       146.2       0.000    
   77900   6.351      0.8154E-04 NODE        3718  -0.0%   8725.      0.8636       0.000       8726.       0.000       146.2       0.000    
   78000   6.359      0.8154E-04 NODE        3867  -0.0%   8765.      0.8618       0.000       8766.       0.000       146.2       0.000    
   78100   6.368      0.8154E-04 NODE        3718  -0.0%   8805.      0.8605       0.000       8806.       0.000       146.2       0.000    
   78200   6.376      0.8154E-04 NODE        3867  -0.0%   8845.      0.8605       0.000       8846.       0.000       146.2       0.000    
   78300   6.384      0.8154E-04 NODE        3718  -0.0%   8885.      0.8616       0.000       8885.       0.000       146.2       0.000    
   78400   6.392      0.8154E-04 NODE        3867  -0.0%   8925.      0.8626       0.000       8925.       0.000       146.2       0.000    
   78500   6.400      0.8154E-04 NODE        3718  -0.0%   8965.      0.8621       0.000       8965.       0.000       146.2       0.000    
   78600   6.408      0.8154E-04 NODE        3867  -0.0%   9005.      0.8603       0.000       9006.       0.000       146.2       0.000    
   78700   6.416      0.8154E-04 NODE        3867  -0.0%   9045.      0.8587       0.000       9046.       0.000       146.2       0.000    
   78800   6.425      0.8154E-04 NODE        3718  -0.0%   9085.      0.8573       0.000       9086.       0.000       146.2       0.000    
   78900   6.433      0.8154E-04 NODE        3867  -0.0%   9126.      0.8565       0.000       9126.       0.000       146.2       0.000    
   79000   6.441      0.8154E-04 NODE        3718  -0.0%   9166.      0.8559       0.000       9167.       0.000       146.2       0.000    
   79100   6.449      0.8154E-04 NODE        3867  -0.0%   9206.      0.8575       0.000       9207.       0.000       146.2       0.000    
   79200   6.457      0.8154E-04 NODE        3718  -0.0%   9247.      0.8584       0.000       9248.       0.000       146.2       0.000    
   79300   6.465      0.8154E-04 NODE        3867  -0.0%   9288.      0.8578       0.000       9288.       0.000       146.2       0.000    
   79400   6.474      0.8154E-04 NODE        3718  -0.0%   9328.      0.8556       0.000       9329.       0.000       146.2       0.000    
   79500   6.482      0.8154E-04 NODE        3867  -0.0%   9369.      0.8533       0.000       9370.       0.000       146.2       0.000    
   79600   6.490      0.8154E-04 NODE        3718  -0.0%   9410.      0.8520       0.000       9411.       0.000       146.2       0.000    
   79700   6.498      0.8154E-04 NODE        3867  -0.0%   9451.      0.8519       0.000       9452.       0.000       146.2       0.000    
   79800   6.506      0.8154E-04 NODE        3867  -0.0%   9492.      0.8521       0.000       9493.       0.000       146.2       0.000    
   79900   6.514      0.8154E-04 NODE        3718  -0.0%   9533.      0.8518       0.000       9534.       0.000       146.2       0.000    
   CYCLE    TIME      TIME-STEP  ELEMENT          ERROR  I-ENERGY    K-ENERGY T  K-ENERGY R  EXT-WORK     MAS.ERR     TOTAL MASS  MASS ADDED
   80000   6.522      0.8154E-04 NODE        3867  -0.0%   9574.      0.8522       0.000       9575.       0.000       146.2       0.000    
   80100   6.531      0.8154E-04 NODE        3718  -0.0%   9615.      0.8518       0.000       9616.       0.000       146.2       0.000    
   80200   6.539      0.8154E-04 NODE        3867  -0.0%   9656.      0.8508       0.000       9657.       0.000       146.2       0.000    
   80300   6.547      0.8154E-04 NODE        3718  -0.0%   9698.      0.8480       0.000       9698.       0.000       146.2       0.000    
   80400   6.555      0.8154E-04 NODE        3867  -0.0%   9739.      0.8460       0.000       9740.       0.000       146.2       0.000    
   80500   6.563      0.8154E-04 NODE        3718  -0.0%   9780.      0.8454       0.000       9781.       0.000       146.2       0.000    
   80600   6.571      0.8154E-04 NODE        3867  -0.0%   9822.      0.8459       0.000       9823.       0.000       146.2       0.000    
   80700   6.580      0.8154E-04 NODE        3718  -0.0%   9863.      0.8465       0.000       9864.       0.000       146.2       0.000    
   80800   6.588      0.8154E-04 NODE        3867  -0.0%   9905.      0.8460       0.000       9906.       0.000       146.2       0.000    
   80900   6.596      0.8154E-04 NODE        3718  -0.0%   9947.      0.8447       0.000       9948.       0.000       146.2       0.000    
   81000   6.604      0.8154E-04 NODE        3867  -0.0%   9989.      0.8432       0.000       9989.       0.000       146.2       0.000    
   81100   6.612      0.8154E-04 NODE        3867  -0.0%  0.1003E+05  0.8421       0.000      0.1003E+05   0.000       146.2       0.000    
   81200   6.620      0.8154E-04 NODE        3718  -0.0%  0.1007E+05  0.8395       0.000      0.1007E+05   0.000       146.2       0.000    
   81300   6.628      0.8154E-04 NODE        3867  -0.0%  0.1011E+05  0.8381       0.000      0.1012E+05   0.000       146.2       0.000    
   81400   6.637      0.8154E-04 NODE        3718  -0.0%  0.1016E+05  0.8379       0.000      0.1016E+05   0.000       146.2       0.000    
   81500   6.645      0.8154E-04 NODE        3718  -0.0%  0.1020E+05  0.8391       0.000      0.1020E+05   0.000       146.2       0.000    
   81600   6.653      0.8154E-04 NODE        3867  -0.0%  0.1024E+05  0.8390       0.000      0.1024E+05   0.000       146.2       0.000    
   81700   6.661      0.8154E-04 NODE        3718  -0.0%  0.1028E+05  0.8377       0.000      0.1028E+05   0.000       146.2       0.000    
   81800   6.669      0.8154E-04 NODE        3718  -0.0%  0.1032E+05  0.8357       0.000      0.1033E+05   0.000       146.2       0.000    
   81900   6.677      0.8154E-04 NODE        3867  -0.0%  0.1037E+05  0.8339       0.000      0.1037E+05   0.000       146.2       0.000    
   82000   6.685      0.8154E-04 NODE        3718  -0.0%  0.1041E+05  0.8324       0.000      0.1041E+05   0.000       146.2       0.000    
   82100   6.694      0.8154E-04 NODE        3718  -0.0%  0.1045E+05  0.8306       0.000      0.1045E+05   0.000       146.2       0.000    
   82200   6.702      0.8154E-04 NODE        3718  -0.0%  0.1049E+05  0.8302       0.000      0.1050E+05   0.000       146.2       0.000    
   82300   6.710      0.8154E-04 NODE        3718  -0.0%  0.1054E+05  0.8303       0.000      0.1054E+05   0.000       146.2       0.000    
   82400   6.718      0.8154E-04 NODE        3867  -0.0%  0.1058E+05  0.8320       0.000      0.1058E+05   0.000       146.2       0.000    
   82500   6.726      0.8154E-04 NODE        3867  -0.0%  0.1062E+05  0.8315       0.000      0.1062E+05   0.000       146.2       0.000    
   82600   6.734      0.8154E-04 NODE        3867  -0.0%  0.1066E+05  0.8294       0.000      0.1067E+05   0.000       146.2       0.000    
   82700   6.743      0.8154E-04 NODE        3718  -0.0%  0.1071E+05  0.8264       0.000      0.1071E+05   0.000       146.2       0.000    
   82800   6.751      0.8154E-04 NODE        3867  -0.0%  0.1075E+05  0.8243       0.000      0.1075E+05   0.000       146.2       0.000    
   82900   6.759      0.8154E-04 NODE        3718  -0.0%  0.1079E+05  0.8230       0.000      0.1079E+05   0.000       146.2       0.000    
   83000   6.767      0.8154E-04 NODE        3867  -0.0%  0.1084E+05  0.8223       0.000      0.1084E+05   0.000       146.2       0.000    
   83100   6.775      0.8154E-04 NODE        3718  -0.0%  0.1088E+05  0.8220       0.000      0.1088E+05   0.000       146.2       0.000    
   83200   6.783      0.8154E-04 NODE        3867  -0.0%  0.1092E+05  0.8220       0.000      0.1092E+05   0.000       146.2       0.000    
   83300   6.791      0.8154E-04 NODE        3718  -0.0%  0.1097E+05  0.8228       0.000      0.1097E+05   0.000       146.2       0.000    
   83400   6.800      0.8154E-04 NODE        3718  -0.0%  0.1101E+05  0.8212       0.000      0.1101E+05   0.000       146.2       0.000    
   83500   6.808      0.8154E-04 NODE        3867  -0.0%  0.1105E+05  0.8184       0.000      0.1105E+05   0.000       146.2       0.000    
   83600   6.816      0.8154E-04 NODE        3718  -0.0%  0.1109E+05  0.8142       0.000      0.1110E+05   0.000       146.2       0.000    
   83700   6.824      0.8154E-04 NODE        3867  -0.0%  0.1114E+05  0.8131       0.000      0.1114E+05   0.000       146.2       0.000    
   83800   6.832      0.8154E-04 NODE        3867  -0.0%  0.1118E+05  0.8130       0.000      0.1118E+05   0.000       146.2       0.000    
   83900   6.840      0.8154E-04 NODE        3718  -0.0%  0.1122E+05  0.8129       0.000      0.1123E+05   0.000       146.2       0.000    
   84000   6.849      0.8154E-04 NODE        3867  -0.0%  0.1127E+05  0.8125       0.000      0.1127E+05   0.000       146.2       0.000    
   84100   6.857      0.8154E-04 NODE        3718  -0.0%  0.1131E+05  0.8122       0.000      0.1131E+05   0.000       146.2       0.000    
   84200   6.865      0.8154E-04 NODE        3718  -0.0%  0.1135E+05  0.8114       0.000      0.1136E+05   0.000       146.2       0.000    
   84300   6.873      0.8154E-04 NODE        3867  -0.0%  0.1140E+05  0.8092       0.000      0.1140E+05   0.000       146.2       0.000    
   84400   6.881      0.8154E-04 NODE        3867  -0.0%  0.1144E+05  0.8067       0.000      0.1144E+05   0.000       146.2       0.000    
   84500   6.889      0.8154E-04 NODE        3718  -0.0%  0.1149E+05  0.8031       0.000      0.1149E+05   0.000       146.2       0.000    
   84600   6.897      0.8154E-04 NODE        3867  -0.0%  0.1153E+05  0.8023       0.000      0.1153E+05   0.000       146.2       0.000    
   84700   6.906      0.8154E-04 NODE        3718  -0.0%  0.1157E+05  0.8024       0.000      0.1157E+05   0.000       146.2       0.000    
   84800   6.914      0.8154E-04 NODE        3718  -0.0%  0.1162E+05  0.8036       0.000      0.1162E+05   0.000       146.2       0.000    
   84900   6.922      0.8154E-04 NODE        3718  -0.0%  0.1166E+05  0.8031       0.000      0.1166E+05   0.000       146.2       0.000    
   85000   6.930      0.8154E-04 NODE        3718  -0.0%  0.1170E+05  0.8019       0.000      0.1171E+05   0.000       146.2       0.000    
   85100   6.938      0.8154E-04 NODE        3718  -0.0%  0.1175E+05  0.7997       0.000      0.1175E+05   0.000       146.2       0.000    
   85200   6.946      0.8154E-04 NODE        3718  -0.0%  0.1179E+05  0.7968       0.000      0.1179E+05   0.000       146.2       0.000    
   85300   6.955      0.8154E-04 NODE        3718  -0.0%  0.1184E+05  0.7937       0.000      0.1184E+05   0.000       146.2       0.000    
   85400   6.963      0.8154E-04 NODE        3788  -0.0%  0.1188E+05  0.7911       0.000      0.1188E+05   0.000       146.2       0.000    
   85500   6.971      0.8154E-04 NODE        3788  -0.0%  0.1192E+05  0.7911       0.000      0.1192E+05   0.000       146.2       0.000    
   85600   6.979      0.8154E-04 NODE        3788  -0.0%  0.1197E+05  0.7918       0.000      0.1197E+05   0.000       146.2       0.000    
   85700   6.987      0.8154E-04 NODE        3867  -0.0%  0.1201E+05  0.7934       0.000      0.1201E+05   0.000       146.2       0.000    
   85800   6.995      0.8154E-04 NODE        3788  -0.0%  0.1206E+05  0.7920       0.000      0.1206E+05   0.000       146.2       0.000    
   85900   7.003      0.8154E-04 NODE        3788  -0.0%  0.1210E+05  0.7897       0.000      0.1210E+05   0.000       146.2       0.000    
   86000   7.012      0.8154E-04 NODE        3718  -0.0%  0.1215E+05  0.7860       0.000      0.1215E+05   0.000       146.2       0.000    
   86100   7.020      0.8154E-04 NODE        3867  -0.0%  0.1219E+05  0.7833       0.000      0.1219E+05   0.000       146.2       0.000    
   86200   7.028      0.8154E-04 NODE        3867  -0.0%  0.1223E+05  0.7806       0.000      0.1223E+05   0.000       146.2       0.000    
   86300   7.036      0.8154E-04 NODE        3797  -0.0%  0.1228E+05  0.7794       0.000      0.1228E+05   0.000       146.2       0.000    
   86400   7.044      0.8154E-04 NODE        3867  -0.0%  0.1232E+05  0.7797       0.000      0.1232E+05   0.000       146.2       0.000    
   86500   7.052      0.8154E-04 NODE        3788  -0.0%  0.1237E+05  0.7805       0.000      0.1237E+05   0.000       146.2       0.000    
   86600   7.061      0.8154E-04 NODE        3797  -0.0%  0.1241E+05  0.7808       0.000      0.1241E+05   0.000       146.2       0.000    
   86700   7.069      0.8154E-04 NODE        3797  -0.0%  0.1246E+05  0.7782       0.000      0.1246E+05   0.000       146.2       0.000    
   86800   7.077      0.8154E-04 NODE        3718  -0.0%  0.1250E+05  0.7754       0.000      0.1250E+05   0.000       146.2       0.000    
   86900   7.085      0.8154E-04 NODE        3797  -0.0%  0.1254E+05  0.7711       0.000      0.1255E+05   0.000       146.2       0.000    
   87000   7.093      0.8154E-04 NODE        3718  -0.0%  0.1259E+05  0.7696       0.000      0.1259E+05   0.000       146.2       0.000    
   87100   7.101      0.8154E-04 NODE        3718  -0.0%  0.1263E+05  0.7687       0.000      0.1263E+05   0.000       146.2       0.000    
   87200   7.109      0.8154E-04 NODE        3797  -0.0%  0.1268E+05  0.7686       0.000      0.1268E+05   0.000       146.2       0.000    
   87300   7.118      0.8154E-04 NODE        3788  -0.0%  0.1272E+05  0.7681       0.000      0.1272E+05   0.000       146.2       0.000    
   87400   7.126      0.8154E-04 NODE        3797  -0.0%  0.1277E+05  0.7685       0.000      0.1277E+05   0.000       146.2       0.000    
   87500   7.134      0.8154E-04 NODE        3797  -0.0%  0.1281E+05  0.7675       0.000      0.1281E+05   0.000       146.2       0.000    
   87600   7.142      0.8154E-04 NODE        3718  -0.0%  0.1286E+05  0.7643       0.000      0.1286E+05   0.000       146.2       0.000    
   87700   7.150      0.8154E-04 NODE        3797  -0.0%  0.1290E+05  0.7604       0.000      0.1290E+05   0.000       146.2       0.000    
   87800   7.158      0.8154E-04 NODE        3788  -0.0%  0.1295E+05  0.7568       0.000      0.1295E+05   0.000       146.2       0.000    
   87900   7.167      0.8154E-04 NODE        3797  -0.0%  0.1299E+05  0.7563       0.000      0.1299E+05   0.000       146.2       0.000    
   88000   7.175      0.8154E-04 NODE        3797  -0.0%  0.1304E+05  0.7557       0.000      0.1304E+05   0.000       146.2       0.000    
   88100   7.183      0.8154E-04 NODE        3788  -0.0%  0.1308E+05  0.7560       0.000      0.1308E+05   0.000       146.2       0.000    
   88200   7.191      0.8154E-04 NODE        3797  -0.0%  0.1313E+05  0.7546       0.000      0.1313E+05   0.000       146.2       0.000    
   88300   7.199      0.8154E-04 NODE        3797  -0.0%  0.1317E+05  0.7539       0.000      0.1317E+05   0.000       146.2       0.000    
   88400   7.207      0.8154E-04 NODE        3788  -0.0%  0.1322E+05  0.7517       0.000      0.1322E+05   0.000       146.2       0.000    
   88500   7.215      0.8154E-04 NODE        3797  -0.0%  0.1326E+05  0.7489       0.000      0.1326E+05   0.000       146.2       0.000    
   88600   7.224      0.8154E-04 NODE        3788  -0.0%  0.1331E+05  0.7452       0.000      0.1331E+05   0.000       146.2       0.000    
   88700   7.232      0.8154E-04 NODE        3797  -0.0%  0.1335E+05  0.7428       0.000      0.1335E+05   0.000       146.2       0.000    
   88800   7.240      0.8154E-04 NODE        3797  -0.0%  0.1340E+05  0.7429       0.000      0.1340E+05   0.000       146.2       0.000    
   88900   7.248      0.8154E-04 NODE        3788  -0.0%  0.1344E+05  0.7434       0.000      0.1344E+05   0.000       146.2       0.000    
   89000   7.256      0.8154E-04 NODE        3797  -0.0%  0.1349E+05  0.7446       0.000      0.1349E+05   0.000       146.2       0.000    
   89100   7.264      0.8154E-04 NODE        3867  -0.0%  0.1353E+05  0.7429       0.000      0.1353E+05   0.000       146.2       0.000    
   89200   7.273      0.8154E-04 NODE        3797  -0.0%  0.1358E+05  0.7419       0.000      0.1358E+05   0.000       146.2       0.000    
   89300   7.281      0.8154E-04 NODE        3788  -0.0%  0.1362E+05  0.7393       0.000      0.1362E+05   0.000       146.2       0.000    
   89400   7.289      0.8154E-04 NODE        3797  -0.0%  0.1367E+05  0.7364       0.000      0.1367E+05   0.000       146.2       0.000    
   89500   7.297      0.8154E-04 NODE        3797  -0.0%  0.1371E+05  0.7314       0.000      0.1371E+05   0.000       146.2       0.000    
   89600   7.305      0.8154E-04 NODE        3797  -0.0%  0.1376E+05  0.7281       0.000      0.1376E+05   0.000       146.2       0.000    
   89700   7.313      0.8154E-04 NODE        3797  -0.0%  0.1380E+05  0.7275       0.000      0.1380E+05   0.000       146.2       0.000    
   89800   7.321      0.8154E-04 NODE        3797  -0.0%  0.1385E+05  0.7299       0.000      0.1385E+05   0.000       146.2       0.000    
   89900   7.330      0.8154E-04 NODE        3797  -0.0%  0.1389E+05  0.7311       0.000      0.1389E+05   0.000       146.2       0.000    
   CYCLE    TIME      TIME-STEP  ELEMENT          ERROR  I-ENERGY    K-ENERGY T  K-ENERGY R  EXT-WORK     MAS.ERR     TOTAL MASS  MASS ADDED
   90000   7.338      0.8154E-04 NODE        3797  -0.0%  0.1394E+05  0.7290       0.000      0.1394E+05   0.000       146.2       0.000    
   90100   7.346      0.8154E-04 NODE        3797  -0.0%  0.1398E+05  0.7265       0.000      0.1398E+05   0.000       146.2       0.000    
   90200   7.354      0.8154E-04 NODE        3797  -0.0%  0.1403E+05  0.7224       0.000      0.1403E+05   0.000       146.2       0.000    
   90300   7.362      0.8154E-04 NODE        3797  -0.0%  0.1407E+05  0.7195       0.000      0.1407E+05   0.000       146.2       0.000    
   90400   7.370      0.8154E-04 NODE        3797  -0.0%  0.1412E+05  0.7160       0.000      0.1412E+05   0.000       146.2       0.000    
   90500   7.379      0.8154E-04 NODE        3788  -0.0%  0.1416E+05  0.7151       0.000      0.1416E+05   0.000       146.2       0.000    
   90600   7.387      0.8154E-04 NODE        3797  -0.0%  0.1421E+05  0.7142       0.000      0.1421E+05   0.000       146.2       0.000    
   90700   7.395      0.8154E-04 NODE        3718  -0.0%  0.1425E+05  0.7160       0.000      0.1426E+05   0.000       146.2       0.000    
   90800   7.403      0.8154E-04 NODE        3718  -0.0%  0.1430E+05  0.7163       0.000      0.1430E+05   0.000       146.2       0.000    
   90900   7.411      0.8154E-04 NODE        3797  -0.0%  0.1435E+05  0.7150       0.000      0.1435E+05   0.000       146.2       0.000    
   91000   7.419      0.8154E-04 NODE        3718  -0.0%  0.1439E+05  0.7110       0.000      0.1439E+05   0.000       146.2       0.000    
   91100   7.427      0.8154E-04 NODE        3718  -0.0%  0.1444E+05  0.7067       0.000      0.1444E+05   0.000       146.2       0.000    
   91200   7.436      0.8154E-04 NODE        3718  -0.0%  0.1448E+05  0.7040       0.000      0.1448E+05   0.000       146.2       0.000    
   91300   7.444      0.8154E-04 NODE        3797  -0.0%  0.1453E+05  0.7006       0.000      0.1453E+05   0.000       146.2       0.000    
   91400   7.452      0.8154E-04 NODE        3718  -0.0%  0.1457E+05  0.6994       0.000      0.1457E+05   0.000       146.2       0.000    
   91500   7.460      0.8154E-04 NODE        3718  -0.0%  0.1462E+05  0.6985       0.000      0.1462E+05   0.000       146.2       0.000    
   91600   7.468      0.8154E-04 NODE        3718  -0.0%  0.1466E+05  0.7001       0.000      0.1466E+05   0.000       146.2       0.000    
   91700   7.476      0.8154E-04 NODE        3788  -0.0%  0.1471E+05  0.7003       0.000      0.1471E+05   0.000       146.2       0.000    
   91800   7.485      0.8154E-04 NODE        3718  -0.0%  0.1475E+05  0.6996       0.000      0.1475E+05   0.000       146.2       0.000    
   91900   7.493      0.8154E-04 NODE        3788  -0.0%  0.1480E+05  0.6952       0.000      0.1480E+05   0.000       146.2       0.000    
   92000   7.501      0.8154E-04 NODE        3718  -0.0%  0.1484E+05  0.6917       0.000      0.1484E+05   0.000       146.2       0.000    
   92100   7.509      0.8154E-04 NODE        3788  -0.0%  0.1489E+05  0.6885       0.000      0.1489E+05   0.000       146.2       0.000    
   92200   7.517      0.8154E-04 NODE        3718  -0.0%  0.1493E+05  0.6860       0.000      0.1493E+05   0.000       146.2       0.000    
   92300   7.525      0.8154E-04 NODE        3718  -0.0%  0.1498E+05  0.6843       0.000      0.1498E+05   0.000       146.2       0.000    
   92400   7.533      0.8154E-04 NODE        3788  -0.0%  0.1502E+05  0.6829       0.000      0.1503E+05   0.000       146.2       0.000    
   92500   7.542      0.8154E-04 NODE        3718  -0.0%  0.1507E+05  0.6835       0.000      0.1507E+05   0.000       146.2       0.000    
   92600   7.550      0.8154E-04 NODE        3718  -0.0%  0.1512E+05  0.6827       0.000      0.1512E+05   0.000       146.2       0.000    
   92700   7.558      0.8154E-04 NODE        3718  -0.0%  0.1516E+05  0.6822       0.000      0.1516E+05   0.000       146.2       0.000    
   92800   7.566      0.8154E-04 NODE        3718  -0.0%  0.1521E+05  0.6780       0.000      0.1521E+05   0.000       146.2       0.000    
   92900   7.574      0.8154E-04 NODE        3718  -0.0%  0.1525E+05  0.6746       0.000      0.1525E+05   0.000       146.2       0.000    
   93000   7.582      0.8154E-04 NODE        3718  -0.0%  0.1530E+05  0.6702       0.000      0.1530E+05   0.000       146.2       0.000    
   93100   7.591      0.8154E-04 NODE        3788  -0.0%  0.1534E+05  0.6697       0.000      0.1534E+05   0.000       146.2       0.000    
   93200   7.599      0.8154E-04 NODE        3718  -0.0%  0.1539E+05  0.6693       0.000      0.1539E+05   0.000       146.2       0.000    
   93300   7.607      0.8154E-04 NODE        3788  -0.0%  0.1543E+05  0.6688       0.000      0.1543E+05   0.000       146.2       0.000    
   93400   7.615      0.8154E-04 NODE        3718  -0.0%  0.1548E+05  0.6685       0.000      0.1548E+05   0.000       146.2       0.000    
   93500   7.623      0.8154E-04 NODE        3788  -0.0%  0.1552E+05  0.6676       0.000      0.1552E+05   0.000       146.2       0.000    
   93600   7.631      0.8154E-04 NODE        3788  -0.0%  0.1557E+05  0.6662       0.000      0.1557E+05   0.000       146.2       0.000    
   93700   7.640      0.8154E-04 NODE        3788  -0.0%  0.1561E+05  0.6615       0.000      0.1561E+05   0.000       146.2       0.000    
   93800   7.648      0.8154E-04 NODE        3788  -0.0%  0.1566E+05  0.6581       0.000      0.1566E+05   0.000       146.2       0.000    
   93900   7.656      0.8154E-04 NODE        3788  -0.0%  0.1570E+05  0.6542       0.000      0.1570E+05   0.000       146.2       0.000    
   94000   7.664      0.8154E-04 NODE        3718  -0.0%  0.1575E+05  0.6531       0.000      0.1575E+05   0.000       146.2       0.000    
   94100   7.672      0.8154E-04 NODE        3788  -0.0%  0.1579E+05  0.6517       0.000      0.1579E+05   0.000       146.2       0.000    
   94200   7.680      0.8154E-04 NODE        3788  -0.0%  0.1584E+05  0.6529       0.000      0.1584E+05   0.000       146.2       0.000    
   94300   7.688      0.8154E-04 NODE        3718  -0.0%  0.1588E+05  0.6524       0.000      0.1588E+05   0.000       146.2       0.000    
   94400   7.697      0.8154E-04 NODE        3788  -0.0%  0.1593E+05  0.6528       0.000      0.1593E+05   0.000       146.2       0.000    
   94500   7.705      0.8154E-04 NODE        3718  -0.0%  0.1597E+05  0.6523       0.000      0.1597E+05   0.000       146.2       0.000    
   94600   7.713      0.8154E-04 NODE        3788  -0.0%  0.1602E+05  0.6492       0.000      0.1602E+05   0.000       146.2       0.000    
   94700   7.721      0.8154E-04 NODE        3797  -0.0%  0.1606E+05  0.6444       0.000      0.1606E+05   0.000       146.2       0.000    
   94800   7.729      0.8154E-04 NODE        3797  -0.0%  0.1611E+05  0.6386       0.000      0.1611E+05   0.000       146.2       0.000    
   94900   7.737      0.8154E-04 NODE        3797  -0.0%  0.1615E+05  0.6352       0.000      0.1615E+05   0.000       146.2       0.000    
   95000   7.746      0.8154E-04 NODE        3718  -0.0%  0.1620E+05  0.6329       0.000      0.1620E+05   0.000       146.2       0.000    
   95100   7.754      0.8154E-04 NODE        3718  -0.0%  0.1624E+05  0.6343       0.000      0.1624E+05   0.000       146.2       0.000    
   95200   7.762      0.8154E-04 NODE        3718  -0.0%  0.1629E+05  0.6342       0.000      0.1629E+05   0.000       146.2       0.000    
   95300   7.770      0.8154E-04 NODE        3718  -0.0%  0.1633E+05  0.6365       0.000      0.1633E+05   0.000       146.2       0.000    
   95400   7.778      0.8154E-04 NODE        3718  -0.0%  0.1638E+05  0.6370       0.000      0.1638E+05   0.000       146.2       0.000    
   95500   7.786      0.8154E-04 NODE        3718  -0.0%  0.1642E+05  0.6363       0.000      0.1642E+05   0.000       146.2       0.000    
   95600   7.794      0.8154E-04 NODE        3718  -0.0%  0.1647E+05  0.6317       0.000      0.1647E+05   0.000       146.2       0.000    
   95700   7.803      0.8154E-04 NODE        3718  -0.0%  0.1651E+05  0.6254       0.000      0.1651E+05   0.000       146.2       0.000    
   95800   7.811      0.8154E-04 NODE        3718  -0.0%  0.1656E+05  0.6197       0.000      0.1656E+05   0.000       146.2       0.000    
   95900   7.819      0.8154E-04 NODE        3718  -0.0%  0.1660E+05  0.6159       0.000      0.1660E+05   0.000       146.2       0.000    
   96000   7.827      0.8154E-04 NODE        3718  -0.0%  0.1665E+05  0.6158       0.000      0.1665E+05   0.000       146.2       0.000    
   96100   7.835      0.8154E-04 NODE        3718  -0.0%  0.1669E+05  0.6169       0.000      0.1669E+05   0.000       146.2       0.000    
   96200   7.843      0.8154E-04 NODE        3718  -0.0%  0.1674E+05  0.6194       0.000      0.1674E+05   0.000       146.2       0.000    
   96300   7.852      0.8154E-04 NODE        3718  -0.0%  0.1678E+05  0.6194       0.000      0.1678E+05   0.000       146.2       0.000    
   96400   7.860      0.8154E-04 NODE        3718  -0.0%  0.1683E+05  0.6196       0.000      0.1683E+05   0.000       146.2       0.000    
   96500   7.868      0.8154E-04 NODE        3718  -0.0%  0.1687E+05  0.6163       0.000      0.1687E+05   0.000       146.2       0.000    
   96600   7.876      0.8154E-04 NODE        3774  -0.0%  0.1691E+05  0.6125       0.000      0.1692E+05   0.000       146.2       0.000    
   96700   7.884      0.8154E-04 NODE        3774  -0.0%  0.1696E+05  0.6061       0.000      0.1696E+05   0.000       146.2       0.000    
   96800   7.892      0.8154E-04 NODE        3774  -0.0%  0.1700E+05  0.6018       0.000      0.1700E+05   0.000       146.2       0.000    
   96900   7.900      0.8154E-04 NODE        3774  -0.0%  0.1705E+05  0.5994       0.000      0.1705E+05   0.000       146.2       0.000    
   97000   7.909      0.8154E-04 NODE        3774  -0.0%  0.1709E+05  0.5999       0.000      0.1709E+05   0.000       146.2       0.000    
   97100   7.917      0.8154E-04 NODE        3774  -0.0%  0.1714E+05  0.6010       0.000      0.1714E+05   0.000       146.2       0.000    
   97200   7.925      0.8154E-04 NODE        3774  -0.0%  0.1718E+05  0.6019       0.000      0.1718E+05   0.000       146.2       0.000    
   97300   7.933      0.8154E-04 NODE        3774  -0.0%  0.1723E+05  0.6024       0.000      0.1723E+05   0.000       146.2       0.000    
   97400   7.941      0.8154E-04 NODE        3774  -0.0%  0.1727E+05  0.6005       0.000      0.1727E+05   0.000       146.2       0.000    
   97500   7.949      0.8154E-04 NODE        3774  -0.0%  0.1731E+05  0.5990       0.000      0.1731E+05   0.000       146.2       0.000    
   97600   7.958      0.8154E-04 NODE        3774  -0.0%  0.1736E+05  0.5951       0.000      0.1736E+05   0.000       146.2       0.000    
   97700   7.966      0.8154E-04 NODE        3774  -0.0%  0.1740E+05  0.5923       0.000      0.1740E+05   0.000       146.2       0.000    
   97800   7.974      0.8154E-04 NODE        3774  -0.0%  0.1745E+05  0.5883       0.000      0.1745E+05   0.000       146.2       0.000    
   97900   7.982      0.8154E-04 NODE        3811  -0.0%  0.1749E+05  0.5865       0.000      0.1749E+05   0.000       146.2       0.000    
   98000   7.990      0.8154E-04 NODE        3811  -0.0%  0.1753E+05  0.5851       0.000      0.1753E+05   0.000       146.2       0.000    
   98100   7.998      0.8154E-04 NODE        3811  -0.0%  0.1758E+05  0.5862       0.000      0.1758E+05   0.000       146.2       0.000    
   98200   8.006      0.8154E-04 NODE        3774  -0.0%  0.1762E+05  0.5875       0.000      0.1762E+05   0.000       146.2       0.000    
   98300   8.015      0.8154E-04 NODE        3774  -0.0%  0.1767E+05  0.5888       0.000      0.1767E+05   0.000       146.2       0.000    
   98400   8.023      0.8154E-04 NODE        3774  -0.0%  0.1771E+05  0.5899       0.000      0.1771E+05   0.000       146.2       0.000    
 -- RUPTURE OF SPRING ELEMENT NUMBER       7352
 -- RUPTURE OF SPRING ELEMENT NUMBER       7353
   98500   8.031      0.8153E-04 NODE        3774  -0.0%  0.1775E+05  0.5888       0.000      0.1775E+05   0.000       146.2       0.000    
   98600   8.039      0.8153E-04 NODE        3774  -0.0%  0.1780E+05  0.5834       0.000      0.1780E+05   0.000       146.2       0.000    
   98700   8.047      0.8153E-04 NODE        3774  -0.0%  0.1784E+05  0.5725       0.000      0.1784E+05   0.000       146.2       0.000    
   98800   8.055      0.8153E-04 NODE        3774  -0.0%  0.1788E+05  0.5586       0.000      0.1788E+05   0.000       146.2       0.000    
   98900   8.064      0.8153E-04 NODE        3774  -0.0%  0.1793E+05  0.5472       0.000      0.1793E+05   0.000       146.2       0.000    
   99000   8.072      0.8153E-04 NODE        3774  -0.0%  0.1797E+05  0.5453       0.000      0.1797E+05   0.000       146.2       0.000    
   99100   8.080      0.8153E-04 NODE        3774  -0.0%  0.1801E+05  0.5505       0.000      0.1801E+05   0.000       146.2       0.000    
   99200   8.088      0.8153E-04 NODE        3774  -0.0%  0.1806E+05  0.5617       0.000      0.1806E+05   0.000       146.2       0.000    
   99300   8.096      0.8153E-04 NODE        3774  -0.0%  0.1810E+05  0.5705       0.000      0.1810E+05   0.000       146.2       0.000    
   99400   8.104      0.8153E-04 NODE        3774  -0.0%  0.1814E+05  0.5731       0.000      0.1814E+05   0.000       146.2       0.000    
   99500   8.112      0.8153E-04 NODE        3811  -0.0%  0.1819E+05  0.5707       0.000      0.1819E+05   0.000       146.2       0.000    
   99600   8.121      0.8153E-04 NODE        3811  -0.0%  0.1823E+05  0.5641       0.000      0.1823E+05   0.000       146.2       0.000    
   99700   8.129      0.8153E-04 NODE        3811  -0.0%  0.1827E+05  0.5533       0.000      0.1827E+05   0.000       146.2       0.000    
   99800   8.137      0.8153E-04 NODE        3811  -0.0%  0.1832E+05  0.5388       0.000      0.1832E+05   0.000       146.2       0.000    
   99900   8.145      0.8153E-04 NODE        3811  -0.0%  0.1836E+05  0.5283       0.000      0.1836E+05   0.000       146.2       0.000    
   CYCLE    TIME      TIME-STEP  ELEMENT          ERROR  I-ENERGY    K-ENERGY T  K-ENERGY R  EXT-WORK     MAS.ERR     TOTAL MASS  MASS ADDED
  100000   8.153      0.8153E-04 NODE        3811  -0.0%  0.1840E+05  0.5256       0.000      0.1840E+05   0.000       146.2       0.000    
  100100   8.161      0.8153E-04 NODE        3811  -0.0%  0.1845E+05  0.5313       0.000      0.1845E+05   0.000       146.2       0.000    
  100200   8.170      0.8153E-04 NODE        3811  -0.0%  0.1849E+05  0.5408       0.000      0.1849E+05   0.000       146.2       0.000    
  100300   8.178      0.8153E-04 NODE        3811  -0.0%  0.1853E+05  0.5497       0.000      0.1853E+05   0.000       146.2       0.000    
  100400   8.186      0.8153E-04 NODE        3811  -0.0%  0.1857E+05  0.5532       0.000      0.1857E+05   0.000       146.2       0.000    
  100500   8.194      0.8153E-04 NODE        3811  -0.0%  0.1862E+05  0.5507       0.000      0.1862E+05   0.000       146.2       0.000    
  100600   8.202      0.8153E-04 NODE        3811  -0.0%  0.1866E+05  0.5461       0.000      0.1866E+05   0.000       146.2       0.000    
  100700   8.210      0.8153E-04 NODE        3811  -0.0%  0.1870E+05  0.5385       0.000      0.1870E+05   0.000       146.2       0.000    
  100800   8.218      0.8153E-04 NODE        3811  -0.0%  0.1874E+05  0.5309       0.000      0.1874E+05   0.000       146.2       0.000    
  100900   8.227      0.8153E-04 NODE        3811  -0.0%  0.1879E+05  0.5288       0.000      0.1879E+05   0.000       146.2       0.000    
  101000   8.235      0.8153E-04 NODE        3811  -0.0%  0.1883E+05  0.5333       0.000      0.1883E+05   0.000       146.2       0.000    
  101100   8.243      0.8153E-04 NODE        3811  -0.0%  0.1887E+05  0.5454       0.000      0.1887E+05   0.000       146.2       0.000    
  101200   8.251      0.8153E-04 NODE        3811  -0.0%  0.1891E+05  0.5622       0.000      0.1891E+05   0.000       146.2       0.000    
  101300   8.259      0.8153E-04 NODE        3811  -0.0%  0.1896E+05  0.5781       0.000      0.1896E+05   0.000       146.2       0.000    
  101400   8.267      0.8153E-04 NODE        3811  -0.0%  0.1900E+05  0.5912       0.000      0.1900E+05   0.000       146.2       0.000    
  101500   8.275      0.8153E-04 NODE        3811  -0.0%  0.1904E+05  0.6078       0.000      0.1904E+05   0.000       146.2       0.000    
  101600   8.284      0.8153E-04 NODE        3811  -0.0%  0.1908E+05  0.6254       0.000      0.1908E+05   0.000       146.2       0.000    
  101700   8.292      0.8153E-04 NODE        3853  -0.0%  0.1912E+05  0.6435       0.000      0.1912E+05   0.000       146.2       0.000    
  101800   8.300      0.8153E-04 NODE        3811  -0.0%  0.1916E+05  0.6589       0.000      0.1917E+05   0.000       146.2       0.000    
  101900   8.308      0.8153E-04 NODE        3811  -0.0%  0.1921E+05  0.6734       0.000      0.1921E+05   0.000       146.2       0.000    
  102000   8.316      0.8153E-04 NODE        3811  -0.0%  0.1925E+05  0.6899       0.000      0.1925E+05   0.000       146.2       0.000    
  102100   8.324      0.8153E-04 NODE        3853  -0.0%  0.1929E+05  0.7095       0.000      0.1929E+05   0.000       146.2       0.000    
  102200   8.333      0.8153E-04 NODE        3853  -0.0%  0.1933E+05  0.7372       0.000      0.1933E+05   0.000       146.2       0.000    
 -- RUPTURE OF SPRING ELEMENT NUMBER       7354
 -- RUPTURE OF SPRING ELEMENT NUMBER       7351
  102300   8.341      0.8155E-04 NODE        3797  -0.0%  0.1937E+05  0.7501       0.000      0.1937E+05   0.000       146.2       0.000    
  102400   8.349      0.8155E-04 NODE        3797  -0.0%  0.1941E+05  0.7021       0.000      0.1941E+05   0.000       146.2       0.000    
  102500   8.357      0.8155E-04 NODE        3797  -0.0%  0.1945E+05  0.6107       0.000      0.1945E+05   0.000       146.2       0.000    
  102600   8.365      0.8155E-04 NODE        3797  -0.0%  0.1949E+05  0.4972       0.000      0.1950E+05   0.000       146.2       0.000    
  102700   8.373      0.8155E-04 NODE        3867  -0.0%  0.1954E+05  0.4328       0.000      0.1954E+05   0.000       146.2       0.000    
  102800   8.381      0.8155E-04 NODE        3867  -0.0%  0.1958E+05  0.4062       0.000      0.1958E+05   0.000       146.2       0.000    
  102900   8.390      0.8155E-04 NODE        3867  -0.0%  0.1962E+05  0.4150       0.000      0.1962E+05   0.000       146.2       0.000    
  103000   8.398      0.8155E-04 NODE        3867  -0.0%  0.1966E+05  0.4481       0.000      0.1966E+05   0.000       146.2       0.000    
  103100   8.406      0.8155E-04 NODE        3867  -0.0%  0.1970E+05  0.4838       0.000      0.1970E+05   0.000       146.2       0.000    
  103200   8.414      0.8155E-04 NODE        3867  -0.0%  0.1974E+05  0.5439       0.000      0.1974E+05   0.000       146.2       0.000    
  103300   8.422      0.8155E-04 NODE        3718  -0.0%  0.1978E+05  0.6453       0.000      0.1978E+05   0.000       146.2       0.000    
  103400   8.430      0.8155E-04 NODE        3867  -0.0%  0.1982E+05  0.7596       0.000      0.1982E+05   0.000       146.2       0.000    
  103500   8.439      0.8155E-04 NODE        3867  -0.0%  0.1986E+05  0.8357       0.000      0.1986E+05   0.000       146.2       0.000    
  103600   8.447      0.8155E-04 NODE        3867  -0.0%  0.1990E+05  0.8582       0.000      0.1990E+05   0.000       146.2       0.000    
  103700   8.455      0.8155E-04 NODE        3867  -0.0%  0.1994E+05  0.8436       0.000      0.1994E+05   0.000       146.2       0.000    
  103800   8.463      0.8155E-04 NODE        3867  -0.0%  0.1998E+05  0.8226       0.000      0.1998E+05   0.000       146.2       0.000    
 -- RUPTURE OF SPRING ELEMENT NUMBER       7350
 -- RUPTURE OF SPRING ELEMENT NUMBER       7355
  103900   8.471      0.8155E-04 NODE        3867  -0.0%  0.2002E+05  0.8065       0.000      0.2002E+05   0.000       146.2       0.000    
  104000   8.479      0.8155E-04 NODE        3867  -0.0%  0.2006E+05  0.7518       0.000      0.2006E+05   0.000       146.2       0.000    
  104100   8.488      0.8155E-04 NODE        3867  -0.0%  0.2010E+05  0.6639       0.000      0.2010E+05   0.000       146.2       0.000    
  104200   8.496      0.8155E-04 NODE        3867  -0.0%  0.2014E+05  0.5209       0.000      0.2014E+05   0.000       146.2       0.000    
  104300   8.504      0.8155E-04 NODE        3797  -0.0%  0.2018E+05  0.4303       0.000      0.2018E+05   0.000       146.2       0.000    
  104400   8.512      0.8155E-04 NODE        3797  -0.0%  0.2022E+05  0.3982       0.000      0.2022E+05   0.000       146.2       0.000    
  104500   8.520      0.8155E-04 NODE        3797  -0.0%  0.2025E+05  0.4074       0.000      0.2026E+05   0.000       146.2       0.000    
  104600   8.528      0.8155E-04 NODE        3797  -0.0%  0.2029E+05  0.4461       0.000      0.2029E+05   0.000       146.2       0.000    
  104700   8.536      0.8155E-04 NODE        3867  -0.0%  0.2033E+05  0.4680       0.000      0.2033E+05   0.000       146.2       0.000    
  104800   8.545      0.8155E-04 NODE        3867  -0.0%  0.2037E+05  0.5110       0.000      0.2037E+05   0.000       146.2       0.000    
  104900   8.553      0.8155E-04 NODE        3797  -0.0%  0.2041E+05  0.6390       0.000      0.2041E+05   0.000       146.2       0.000    
  105000   8.561      0.8156E-04 NODE        3867  -0.0%  0.2045E+05  0.8580       0.000      0.2045E+05   0.000       146.2       0.000    
  105100   8.569      0.8156E-04 NODE        3867  -0.0%  0.2049E+05   1.161       0.000      0.2049E+05   0.000       146.2       0.000    
  105200   8.577      0.8156E-04 NODE        3867  -0.0%  0.2052E+05   1.531       0.000      0.2053E+05   0.000       146.2       0.000    
  105300   8.585      0.8156E-04 NODE        3867  -0.0%  0.2056E+05   2.075       0.000      0.2056E+05   0.000       146.2       0.000    
 -- RUPTURE OF SPRING ELEMENT NUMBER       7349
 -- RUPTURE OF SPRING ELEMENT NUMBER       7356
  105400   8.594      0.8157E-04 NODE        3867  -0.0%  0.2060E+05   2.873       0.000      0.2060E+05   0.000       146.2       0.000    
  105500   8.602      0.8157E-04 NODE        3788  -0.0%  0.2064E+05   3.867       0.000      0.2064E+05   0.000       146.2       0.000    
 -- RUPTURE OF SPRING ELEMENT NUMBER       7348
  105600   8.610      0.8158E-04 NODE        3788  -0.0%  0.2067E+05   5.675       0.000      0.2068E+05   0.000       146.2       0.000    
 -- RUPTURE OF SPRING ELEMENT NUMBER       7357
  105700   8.618      0.8159E-04 NODE        3797  -0.0%  0.2071E+05   8.653       0.000      0.2071E+05   0.000       146.2       0.000    
 -- RUPTURE OF SPRING ELEMENT NUMBER       7347
 -- RUPTURE OF SPRING ELEMENT NUMBER       7358
  105800   8.626      0.8160E-04 NODE        3867  -0.0%  0.2074E+05   14.20       0.000      0.2075E+05   0.000       146.2       0.000    
 -- RUPTURE OF SPRING ELEMENT NUMBER       7346
 -- RUPTURE OF SPRING ELEMENT NUMBER       7359
  105900   8.634      0.8163E-04 NODE        3867  -0.0%  0.2076E+05   25.87       0.000      0.2079E+05   0.000       146.2       0.000    
 -- RUPTURE OF SPRING ELEMENT NUMBER       7345
 -- RUPTURE OF SPRING ELEMENT NUMBER       7360
  106000   8.642      0.8169E-04 NODE        3797  -0.0%  0.2077E+05   51.56       0.000      0.2082E+05   0.000       146.2       0.000    
 -- RUPTURE OF SPRING ELEMENT NUMBER       7361
 -- RUPTURE OF SPRING ELEMENT NUMBER       7344
 -- RUPTURE OF SPRING ELEMENT NUMBER       7343
 -- RUPTURE OF SPRING ELEMENT NUMBER       7362
 -- RUPTURE OF SPRING ELEMENT NUMBER       7342
 -- RUPTURE OF SPRING ELEMENT NUMBER       7363
  106100   8.651      0.8192E-04 NODE        3784  -0.0%  0.2075E+05   112.5       0.000      0.2086E+05   0.000       146.2       0.000    
 -- RUPTURE OF SPRING ELEMENT NUMBER       7341
 -- RUPTURE OF SPRING ELEMENT NUMBER       7364
 -- RUPTURE OF SPRING ELEMENT NUMBER       7340
 -- RUPTURE OF SPRING ELEMENT NUMBER       7365
 -- RUPTURE OF SPRING ELEMENT NUMBER       7339
 -- RUPTURE OF SPRING ELEMENT NUMBER       7366
  106200   8.659      0.8176E-04 NODE        3797  -0.0%  0.2065E+05   239.0       0.000      0.2089E+05   0.000       146.2       0.000    
 -- RUPTURE OF SPRING ELEMENT NUMBER       7367
 -- RUPTURE OF SPRING ELEMENT NUMBER       7338
 -- RUPTURE OF SPRING ELEMENT NUMBER       7337
 -- RUPTURE OF SPRING ELEMENT NUMBER       7368
 SENSOR NUMBER        502 ACTIVATED AT TIME  8.66151E+00
      TARGET MAX DISTANCE=  9.69697E-02
      CURRENT DISTANCE AFTER TMIN AND TDELAY =  9.99730E-02

MESSAGE ID :        234

 ** RUN STOPPED: SENSOR 502 IS ACTIVATED 

 SENSOR NUMBER        501 ACTIVATED AT TIME  8.66160E+00
      TARGET MAX DISTANCE=  9.69697E-02
      CURRENT DISTANCE AFTER TMIN AND TDELAY =  1.01177E-01
      
                          ** STATISTICS   **
      
***  PARTS WITH HIGHEST KINETIC ENERGY
      
   PART_ID   K-ENERGY   PROP_ID PROP_TYPE    MAT_ID  MAT_TYPE
      
***  PARTS WITH HIGHEST INTERNAL ENERGY
      
   PART_ID   I-ENERGY   PROP_ID PROP_TYPE    MAT_ID  MAT_TYPE
      
***  NODES WITH HIGHEST VELOCITY
      
      NODE   VELOCITY     K-ENER       MASS      MASS0   DM/MASS0
      3796  26.70      2.067     0.5801E-02 0.5801E-02  0.000    
      3717  26.58      2.050     0.5801E-02 0.5801E-02  0.000    
      3868  25.27      1.853     0.5801E-02 0.5801E-02  0.000    
      3789  24.84      1.790     0.5801E-02 0.5801E-02  0.000    
      3947  20.83      2.518     0.1160E-01 0.1160E-01  0.000    
      3710  20.59      2.459     0.1160E-01 0.1160E-01  0.000    
      3875  19.35      2.172     0.1160E-01 0.1160E-01  0.000    
      3638  19.20      2.139     0.1160E-01 0.1160E-01  0.000    
      3946  16.66     0.3579     0.2578E-02 0.2578E-02  0.000    
      3631  16.53      1.586     0.1160E-01 0.1160E-01  0.000    

     RESTART FILES: I02IB_TRUE_L0635_R3_0001_[0001-0001].rst WRITTEN
     -------------

  
                           ** CPU USER TIME **
  
  
                        ** SUMMARY **
  
 #PROC  ELEMENT   KINCOND   INTEG     IO        T0        ASM       RESOL    
   1   .3152E+03 .6297E+01 .6859E+01 .1683E+02 .2531E+01 .1080E+02 .3614E+03
  
 
                   ** CUMULATIVE CPU TIME SUMMARY **
  
 CONTACT SORTING.............: .0000E+00     0.00 % 
 CONTACT FORCES..............: .0000E+00     0.00 % 
 ELEMENT FORCES..............: .3152E+03    87.24 % 
 KINEMATIC COND..............: .6297E+01     1.74 % 
 INTEGRATION.................: .6859E+01     1.90 % 
 ASSEMBLING..................: .1080E+02     2.99 % 
 OTHERS (including I/O)......: .2217E+02     6.14 % 
 TOTAL.......................: .3614E+03   100.00 % 
  
  
                           ** ELAPSED TIME **
  
  
                        ** SUMMARY **
  
 #PROC  ELEMENT   KINCOND   INTEG     IO        T0        ASM       RESOL    
   1   .3180E+03 .5583E+01 .6473E+01 .1675E+02 .2478E+01 .9839E+01 .3618E+03
  
                   ** MEMORY USAGE STATISTICS **
  
 TOTAL MEMORY USED .........................:       69 MB
 MAXIMUM MEMORY PER PROCESSOR...............:       69 MB
 MINIMUM MEMORY PER PROCESSOR...............:       69 MB
 AVERAGE MEMORY PER PROCESSOR...............:       69 MB
  
                   ** DISK USAGE STATISTICS **
  
 TOTAL DISK SPACE USED .....................:         18 MB
 ANIMATION/H3D/TH/OUTP SIZE ................:         10 MB
 RESTART FILE SIZE .........................:          8 MB
  
                   ** COMPUTE TIME INFORMATION **
                        ** CURRENT ENGINE **
  
 EXECUTION STARTED .........................:      2026/10/02  10:41:15
 EXECUTION COMPLETED .......................:      2026/10/02  10:47:17
  
 ELAPSED TIME     =        361.88 s
                          0:06:01



     NORMAL TERMINATION      
     USER BREAK 



     TOTAL NUMBER OF CYCLES  :  106234

  
                   ** COMPUTE RUNTIME INFORMATION SUMMARY **
  
        STARTER RUNTIME =          0.87s (00:00:00)
 # 001   ENGINE RUNTIME =        361.88s (00:06:01)
 ------------------------------ 
 STARTER+ENGINE RUNTIME =        362.75s (00:06:02)
  
