"time","INTERNAL ENERGY","KINETIC ENERGY","X-MOMENTUM","Y-MOMENTUM","Z-MOMENTUM","MASS","TIME STEP","ROTATION ENERGY","EXTERNAL WORK","SPRING ENERGY","CONTACT ENERGY","HOURGLASS ENERGY","ELASTIC CONTACT ENERGY","FRICTIONAL CONTACT ENERGY","DAMPING CONTACT ENERGY ","PLASTIC WORK","ADDED MASS","PERCENTAGE ADDED MASS","INLET MASS","OUTLET MASS","INLET ENERGY","OUTLET ENERGY","SEAM_HISTORY                             1 ONE_SPRING                               var 23","SEAM_HISTORY                             1 ONE_SPRING                               var 24","SEAM_HISTORY                             1 ONE_SPRING                               var 25","SEAM_HISTORY                             1 ONE_SPRING                               var 26","SEAM_HISTORY                             1 ONE_SPRING                               var 27","SEAM_HISTORY                             1 ONE_SPRING                               var 28","NODES                                    1                                          var 29","NODES                                    1                                          var 30","NODES                                    1                                          var 31","NODES                                    1                                          var 32","NODES                                    1                                          var 33","NODES                                    1                                          var 34","NODES                                    2                                          var 35","NODES                                    2                                          var 36","NODES                                    2                                          var 37","NODES                                    2                                          var 38","NODES                                    2                                          var 39","NODES                                    2                                          var 40"
0.000000e+00,0.000000e+00,4.500000e+01,0.000000e+00,3.000000e+00,0.000000e+00,2.000000e-01,2.500000e-05,0.000000e+00,0.000000e+00,0.000000e+00,0.000000e+00,0.000000e+00,0.000000e+00,0.000000e+00,0.000000e+00,0.000000e+00,0.000000e+00,0.000000e+00,0.000000e+00,0.000000e+00,0.000000e+00,0.000000e+00,1.000000e+00,0.000000e+00,0.000000e+00,0.000000e+00,0.000000e+00,0.000000e+00,0.000000e+00,0.000000e+00,0.000000e+00,0.000000e+00,0.000000e+00,0.000000e+00,0.000000e+00,0.000000e+00,0.000000e+00,3.000000e+01,0.000000e+00,0.000000e+00
2.500000e-05,1.575000e-02,4.498425e+01,0.000000e+00,2.999475e+00,0.000000e+00,2.000000e-01,2.500000e-05,0.000000e+00,0.000000e+00,1.575000e-02,0.000000e+00,0.000000e+00,0.000000e+00,0.000000e+00,0.000000e+00,0.000000e+00,0.000000e+00,0.000000e+00,0.000000e+00,0.000000e+00,0.000000e+00,0.000000e+00,1.000000e+00,0.000000e+00,4.200000e+01,0.000000e+00,7.500000e-04,1.575000e-02,0.000000e+00,0.000000e+00,0.000000e+00,0.000000e+00,0.000000e+00,-1.050000e-03,0.000000e+00,7.500000e-04,0.000000e+00,3.000000e+01,0.000000e+00,0.000000e+00
5.000000e-05,6.297795e-02,4.493703e+01,0.000000e+00,2.997900e+00,0.000000e+00,2.000000e-01,2.500000e-05,0.000000e+00,0.000000e+00,6.297795e-02,0.000000e+00,0.000000e+00,0.000000e+00,0.000000e+00,0.000000e+00,0.000000e+00,0.000000e+00,0.000000e+00,0.000000e+00,0.000000e+00,0.000000e+00,0.000000e+00,1.000000e+00,0.000000e+00,8.398530e+01,0.000000e+00,1.499737e-03,6.297795e-02,0.000000e+00,0.000000e+00,0.000000e+00,0.000000e+00,0.000000e+00,-3.149633e-03,0.000000e+00,1.499737e-03,0.000000e+00,2.998950e+01,0.000000e+00,0.000000e+00
7.500000e-05,1.416177e-01,4.485839e+01,0.000000e+00,2.995276e+00,0.000000e+00,2.000000e-01,2.500000e-05,0.000000e+00,0.000000e+00,1.416177e-01,0.000000e+00,0.000000e+00,0.000000e+00,0.000000e+00,0.000000e+00,0.000000e+00,0.000000e+00,0.000000e+00,0.000000e+00,0.000000e+00,0.000000e+00,0.000000e+00,1.000000e+00,0.000000e+00,1.259412e+02,0.000000e+00,2.248950e-03,1.416177e-01,0.000000e+00,0.000000e+00,0.000000e+00,0.000000e+00,0.000000e+00,-6.298163e-03,0.000000e+00,2.248950e-03,0.000000e+00,2.996850e+01,0.000000e+00,0.000000e+00
1.000000e-04,2.515593e-01,4.474846e+01,0.000000e+00,2.991604e+00,0.000000e+00,2.000000e-01,2.500000e-05,0.000000e+00,0.000000e+00,2.515593e-01,0.000000e+00,0.000000e+00,0.000000e+00,0.000000e+00,0.000000e+00,0.000000e+00,0.000000e+00,0.000000e+00,0.000000e+00,0.000000e+00,0.000000e+00,0.000000e+00,1.000000e+00,0.000000e+00,1.678530e+02,0.000000e+00,2.997376e-03,2.515593e-01,0.000000e+00,0.000000e+00,0.000000e+00,0.000000e+00,0.000000e+00,-1.049449e-02,0.000000e+00,2.997376e-03,0.000000e+00,2.993702e+01,0.000000e+00,0.000000e+00
1.250000e-04,3.926487e-01,4.460739e+01,0.000000e+00,2.986884e+00,0.000000e+00,2.000000e-01,2.500000e-05,0.000000e+00,0.000000e+00,3.926487e-01,0.000000e+00,0.000000e+00,0.000000e+00,0.000000e+00,0.000000e+00,0.000000e+00,0.000000e+00,0.000000e+00,0.000000e+00,0.000000e+00,0.000000e+00,0.000000e+00,1.000000e+00,0.000000e+00,2.097061e+02,0.000000e+00,3.744752e-03,3.926487e-01,0.000000e+00,0.000000e+00,0.000000e+00,0.000000e+00,0.000000e+00,-1.573714e-02,0.000000e+00,3.744752e-03,0.000000e+00,2.989506e+01,0.000000e+00,0.000000e+00
1.500000e-04,5.646884e-01,4.443536e+01,0.000000e+00,2.981119e+00,0.000000e+00,2.000000e-01,2.500000e-05,0.000000e+00,0.000000e+00,5.646884e-01,0.000000e+00,0.000000e+00,0.000000e+00,0.000000e+00,0.000000e+00,0.000000e+00,0.000000e+00,0.000000e+00,0.000000e+00,0.000000e+00,0.000000e+00,0.000000e+00,1.000000e+00,0.000000e+00,2.514858e+02,0.000000e+00,4.490817e-03,5.646884e-01,0.000000e+00,0.000000e+00,0.000000e+00,0.000000e+00,0.000000e+00,-2.202429e-02,0.000000e+00,4.490817e-03,0.000000e+00,2.984263e+01,0.000000e+00,0.000000e+00
1.750000e-04,7.674376e-01,4.423263e+01,0.000000e+00,2.974311e+00,0.000000e+00,2.000000e-01,2.500000e-05,0.000000e+00,0.000000e+00,7.674376e-01,0.000000e+00,0.000000e+00,0.000000e+00,0.000000e+00,0.000000e+00,0.000000e+00,0.000000e+00,0.000000e+00,0.000000e+00,0.000000e+00,0.000000e+00,0.000000e+00,1.000000e+00,0.000000e+00,2.931775e+02,0.000000e+00,5.235312e-03,7.674376e-01,0.000000e+00,0.000000e+00,0.000000e+00,0.000000e+00,0.000000e+00,-2.935372e-02,0.000000e+00,5.235312e-03,0.000000e+00,2.977976e+01,0.000000e+00,0.000000e+00
2.000000e-04,1.000613e+00,4.399947e+01,0.000000e+00,2.966462e+00,0.000000e+00,2.000000e-01,2.500000e-05,0.000000e+00,0.000000e+00,1.000613e+00,0.000000e+00,0.000000e+00,0.000000e+00,0.000000e+00,0.000000e+00,0.000000e+00,0.000000e+00,0.000000e+00,0.000000e+00,0.000000e+00,0.000000e+00,0.000000e+00,1.000000e+00,0.000000e+00,3.347665e+02,0.000000e+00,5.977973e-03,1.000613e+00,0.000000e+00,0.000000e+00,0.000000e+00,0.000000e+00,0.000000e+00,-3.772289e-02,0.000000e+00,5.977973e-03,0.000000e+00,2.970646e+01,0.000000e+00,0.000000e+00
2.250000e-04,1.263887e+00,4.373623e+01,0.000000e+00,2.957574e+00,0.000000e+00,2.000000e-01,2.500000e-05,0.000000e+00,0.000000e+00,1.263887e+00,0.000000e+00,0.000000e+00,0.000000e+00,0.000000e+00,0.000000e+00,0.000000e+00,0.000000e+00,0.000000e+00,0.000000e+00,0.000000e+00,0.000000e+00,0.000000e+00,1.000000e+00,0.000000e+00,3.762384e+02,0.000000e+00,6.718542e-03,1.263887e+00,0.000000e+00,0.000000e+00,0.000000e+00,0.000000e+00,0.000000e+00,-4.712885e-02,0.000000e+00,6.718542e-03,0.000000e+00,2.962277e+01,0.000000e+00,0.000000e+00
2.500000e-04,1.556892e+00,4.344324e+01,0.000000e+00,2.947651e+00,0.000000e+00,2.000000e-01,2.500000e-05,0.000000e+00,0.000000e+00,1.556892e+00,0.000000e+00,0.000000e+00,0.000000e+00,0.000000e+00,0.000000e+00,0.000000e+00,0.000000e+00,0.000000e+00,0.000000e+00,0.000000e+00,0.000000e+00,0.000000e+00,1.000000e+00,0.000000e+00,4.175786e+02,0.000000e+00,7.456760e-03,1.556892e+00,0.000000e+00,0.000000e+00,0.000000e+00,0.000000e+00,0.000000e+00,-5.756831e-02,0.000000e+00,7.456760e-03,0.000000e+00,2.952871e+01,0.000000e+00,0.000000e+00
2.750000e-04,1.879217e+00,4.312095e+01,0.000000e+00,2.936697e+00,0.000000e+00,2.000000e-01,2.500000e-05,0.000000e+00,0.000000e+00,1.879217e+00,0.000000e+00,0.000000e+00,0.000000e+00,0.000000e+00,0.000000e+00,0.000000e+00,0.000000e+00,0.000000e+00,0.000000e+00,0.000000e+00,0.000000e+00,0.000000e+00,1.000000e+00,0.000000e+00,4.587726e+02,0.000000e+00,8.192368e-03,1.879217e+00,0.000000e+00,0.000000e+00,0.000000e+00,0.000000e+00,0.000000e+00,-6.903762e-02,0.000000e+00,8.192368e-03,0.000000e+00,2.942432e+01,0.000000e+00,0.000000e+00
3.000000e-04,2.228513e+00,4.277168e+01,0.000000e+00,2.924780e+00,0.000000e+00,2.000000e-01,2.500000e-05,0.000000e+00,0.000000e+00,2.228513e+00,0.000000e+00,0.000000e+00,0.000000e+00,0.000000e+00,0.000000e+00,0.000000e+00,0.000000e+00,0.000000e+00,0.000000e+00,0.000000e+00,0.000000e+00,0.000000e+00,1.000000e+00,0.000000e+00,4.946219e+02,0.000000e+00,8.925109e-03,2.228513e+00,0.000000e+00,0.000000e+00,0.000000e+00,0.000000e+00,0.000000e+00,-8.140317e-02,0.000000e+00,8.925109e-03,0.000000e+00,2.930962e+01,0.000000e+00,0.000000e+00
3.250000e-04,2.588240e+00,4.241195e+01,0.000000e+00,2.912454e+00,0.000000e+00,2.000000e-01,2.500000e-05,0.000000e+00,0.000000e+00,2.588240e+00,0.000000e+00,0.000000e+00,0.000000e+00,0.000000e+00,0.000000e+00,0.000000e+00,0.000000e+00,0.000000e+00,0.000000e+00,0.000000e+00,0.000000e+00,0.000000e+00,1.000000e+00,0.000000e+00,4.914079e+02,0.000000e+00,9.654758e-03,2.588240e+00,0.000000e+00,0.000000e+00,0.000000e+00,0.000000e+00,0.000000e+00,-9.368837e-02,0.000000e+00,9.654758e-03,0.000000e+00,2.918597e+01,0.000000e+00,0.000000e+00
3.500000e-04,2.944124e+00,4.205606e+01,0.000000e+00,2.900209e+00,0.000000e+00,2.000000e-01,2.500000e-05,0.000000e+00,0.000000e+00,2.944124e+00,0.000000e+00,0.000000e+00,0.000000e+00,0.000000e+00,0.000000e+00,0.000000e+00,0.000000e+00,0.000000e+00,0.000000e+00,0.000000e+00,0.000000e+00,0.000000e+00,1.000000e+00,0.000000e+00,4.882073e+02,0.000000e+00,1.038134e-02,2.944124e+00,0.000000e+00,0.000000e+00,0.000000e+00,0.000000e+00,0.000000e+00,-1.058936e-01,0.000000e+00,1.038134e-02,0.000000e+00,2.906312e+01,0.000000e+00,0.000000e+00
3.750000e-04,3.296202e+00,4.170398e+01,0.000000e+00,2.888044e+00,0.000000e+00,2.000000e-01,2.500000e-05,0.000000e+00,0.000000e+00,3.296202e+00,0.000000e+00,0.000000e+00,0.000000e+00,0.000000e+00,0.000000e+00,0.000000e+00,0.000000e+00,0.000000e+00,0.000000e+00,0.000000e+00,0.000000e+00,0.000000e+00,1.000000e+00,0.000000e+00,4.850202e+02,0.000000e+00,1.110486e-02,3.296202e+00,0.000000e+00,0.000000e+00,0.000000e+00,0.000000e+00,0.000000e+00,-1.180191e-01,0.000000e+00,1.110486e-02,0.000000e+00,2.894106e+01,0.000000e+00,0.000000e+00
4.000000e-04,3.644513e+00,4.135567e+01,0.000000e+00,2.875958e+00,0.000000e+00,2.000000e-01,2.500000e-05,0.000000e+00,0.000000e+00,3.644513e+00,0.000000e+00,0.000000e+00,0.000000e+00,0.000000e+00,0.000000e+00,0.000000e+00,0.000000e+00,0.000000e+00,0.000000e+00,0.000000e+00,0.000000e+00,0.000000e+00,1.000000e+00,0.000000e+00,4.818464e+02,0.000000e+00,1.182536e-02,3.644513e+00,0.000000e+00,0.000000e+00,0.000000e+00,0.000000e+00,0.000000e+00,-1.300652e-01,0.000000e+00,1.182536e-02,0.000000e+00,2.881981e+01,0.000000e+00,0.000000e+00
4.250000e-04,3.989096e+00,4.101108e+01,0.000000e+00,2.863951e+00,0.000000e+00,2.000000e-01,2.500000e-05,0.000000e+00,0.000000e+00,3.989096e+00,0.000000e+00,0.000000e+00,0.000000e+00,0.000000e+00,0.000000e+00,0.000000e+00,0.000000e+00,0.000000e+00,0.000000e+00,0.000000e+00,0.000000e+00,0.000000e+00,1.000000e+00,0.000000e+00,4.786859e+02,0.000000e+00,1.254284e-02,3.989096e+00,0.000000e+00,0.000000e+00,0.000000e+00,0.000000e+00,0.000000e+00,-1.420324e-01,0.000000e+00,1.254284e-02,0.000000e+00,2.869935e+01,0.000000e+00,0.000000e+00
4.500000e-04,4.329989e+00,4.067019e+01,0.000000e+00,2.852023e+00,0.000000e+00,2.000000e-01,2.500000e-05,0.000000e+00,0.000000e+00,4.329989e+00,0.000000e+00,0.000000e+00,0.000000e+00,0.000000e+00,0.000000e+00,0.000000e+00,0.000000e+00,0.000000e+00,0.000000e+00,0.000000e+00,0.000000e+00,0.000000e+00,1.000000e+00,0.000000e+00,4.755386e+02,0.000000e+00,1.325733e-02,4.329989e+00,0.000000e+00,0.000000e+00,0.000000e+00,0.000000e+00,0.000000e+00,-1.539208e-01,0.000000e+00,1.325733e-02,0.000000e+00,2.857968e+01,0.000000e+00,0.000000e+00
4.750000e-04,4.667229e+00,4.033295e+01,0.000000e+00,2.840174e+00,0.000000e+00,2.000000e-01,2.500000e-05,0.000000e+00,0.000000e+00,4.667229e+00,0.000000e+00,0.000000e+00,0.000000e+00,0.000000e+00,0.000000e+00,0.000000e+00,0.000000e+00,0.000000e+00,0.000000e+00,0.000000e+00,0.000000e+00,0.000000e+00,1.000000e+00,0.000000e+00,4.724044e+02,0.000000e+00,1.396885e-02,4.667229e+00,0.000000e+00,0.000000e+00,0.000000e+00,0.000000e+00,0.000000e+00,-1.657309e-01,0.000000e+00,1.396885e-02,0.000000e+00,2.846079e+01,0.000000e+00,0.000000e+00
5.000000e-04,5.000854e+00,3.999932e+01,0.000000e+00,2.828403e+00,0.000000e+00,2.000000e-01,2.500000e-05,0.000000e+00,0.000000e+00,5.000854e+00,0.000000e+00,0.000000e+00,0.000000e+00,0.000000e+00,0.000000e+00,0.000000e+00,0.000000e+00,0.000000e+00,0.000000e+00,0.000000e+00,0.000000e+00,0.000000e+00,1.000000e+00,0.000000e+00,4.692831e+02,0.000000e+00,1.467742e-02,5.000854e+00,0.000000e+00,0.000000e+00,0.000000e+00,0.000000e+00,0.000000e+00,-1.774630e-01,0.000000e+00,1.467742e-02,0.000000e+00,2.834269e+01,0.000000e+00,0.000000e+00
5.250000e-04,5.330899e+00,3.966927e+01,0.000000e+00,2.816710e+00,0.000000e+00,2.000000e-01,2.500000e-05,0.000000e+00,0.000000e+00,5.330899e+00,0.000000e+00,0.000000e+00,0.000000e+00,0.000000e+00,0.000000e+00,0.000000e+00,0.000000e+00,0.000000e+00,0.000000e+00,0.000000e+00,0.000000e+00,0.000000e+00,1.000000e+00,0.000000e+00,4.661748e+02,0.000000e+00,1.538305e-02,5.330899e+00,0.000000e+00,0.000000e+00,0.000000e+00,0.000000e+00,0.000000e+00,-1.891174e-01,0.000000e+00,1.538305e-02,0.000000e+00,2.822537e+01,0.000000e+00,0.000000e+00
5.500000e-04,5.657403e+00,3.934277e+01,0.000000e+00,2.805094e+00,0.000000e+00,2.000000e-01,2.500000e-05,0.000000e+00,0.000000e+00,5.657403e+00,0.000000e+00,0.000000e+00,0.000000e+00,0.000000e+00,0.000000e+00,0.000000e+00,0.000000e+00,0.000000e+00,0.000000e+00,0.000000e+00,0.000000e+00,0.000000e+00,1.000000e+00,0.000000e+00,4.630794e+02,0.000000e+00,1.608578e-02,5.657403e+00,0.000000e+00,0.000000e+00,0.000000e+00,0.000000e+00,0.000000e+00,-2.006944e-01,0.000000e+00,1.608578e-02,0.000000e+00,2.810883e+01,0.000000e+00,0.000000e+00
5.750000e-04,5.980399e+00,3.901977e+01,0.000000e+00,2.793556e+00,0.000000e+00,2.000000e-01,2.500000e-05,0.000000e+00,0.000000e+00,5.980399e+00,0.000000e+00,0.000000e+00,0.000000e+00,0.000000e+00,0.000000e+00,0.000000e+00,0.000000e+00,0.000000e+00,0.000000e+00,0.000000e+00,0.000000e+00,0.000000e+00,1.000000e+00,0.000000e+00,4.599966e+02,0.000000e+00,1.678560e-02,5.980399e+00,0.000000e+00,0.000000e+00,0.000000e+00,0.000000e+00,0.000000e+00,-2.121943e-01,0.000000e+00,1.678560e-02,0.000000e+00,2.799306e+01,0.000000e+00,0.000000e+00
6.000000e-04,6.299924e+00,3.870024e+01,0.000000e+00,2.782094e+00,0.000000e+00,2.000000e-01,2.500000e-05,0.000000e+00,0.000000e+00,6.299924e+00,0.000000e+00,0.000000e+00,0.000000e+00,0.000000e+00,0.000000e+00,0.000000e+00,0.000000e+00,0.000000e+00,0.000000e+00,0.000000e+00,0.000000e+00,0.000000e+00,1.000000e+00,0.000000e+00,4.569266e+02,0.000000e+00,1.748255e-02,6.299924e+00,0.000000e+00,0.000000e+00,0.000000e+00,0.000000e+00,0.000000e+00,-2.236174e-01,0.000000e+00,1.748255e-02,0.000000e+00,2.787806e+01,0.000000e+00,0.000000e+00
6.250000e-04,6.616014e+00,3.838415e+01,0.000000e+00,2.770709e+00,0.000000e+00,2.000000e-01,2.500000e-05,0.000000e+00,0.000000e+00,6.616014e+00,0.000000e+00,0.000000e+00,0.000000e+00,0.000000e+00,0.000000e+00,0.000000e+00,0.000000e+00,0.000000e+00,0.000000e+00,0.000000e+00,0.000000e+00,0.000000e+00,1.000000e+00,0.000000e+00,4.538691e+02,0.000000e+00,1.817665e-02,6.616014e+00,0.000000e+00,0.000000e+00,0.000000e+00,0.000000e+00,0.000000e+00,-2.349642e-01,0.000000e+00,1.817665e-02,0.000000e+00,2.776383e+01,0.000000e+00,0.000000e+00
6.500000e-04,6.928703e+00,3.807146e+01,0.000000e+00,2.759401e+00,0.000000e+00,2.000000e-01,2.500000e-05,0.000000e+00,0.000000e+00,6.928703e+00,0.000000e+00,0.000000e+00,0.000000e+00,0.000000e+00,0.000000e+00,0.000000e+00,0.000000e+00,0.000000e+00,0.000000e+00,0.000000e+00,0.000000e+00,0.000000e+00,1.000000e+00,0.000000e+00,4.508241e+02,0.000000e+00,1.886791e-02,6.928703e+00,0.000000e+00,0.000000e+00,0.000000e+00,0.000000e+00,0.000000e+00,-2.462348e-01,0.000000e+00,1.886791e-02,0.000000e+00,2.765036e+01,0.000000e+00,0.000000e+00
6.750000e-04,7.238025e+00,3.776213e+01,0.000000e+00,2.748168e+00,0.000000e+00,2.000000e-01,2.500000e-05,0.000000e+00,0.000000e+00,7.238025e+00,0.000000e+00,0.000000e+00,0.000000e+00,0.000000e+00,0.000000e+00,0.000000e+00,0.000000e+00,0.000000e+00,0.000000e+00,0.000000e+00,0.000000e+00,0.000000e+00,1.000000e+00,0.000000e+00,4.477916e+02,0.000000e+00,1.955635e-02,7.238025e+00,0.000000e+00,0.000000e+00,0.000000e+00,0.000000e+00,0.000000e+00,-2.574296e-01,0.000000e+00,1.955635e-02,0.000000e+00,2.753765e+01,0.000000e+00,0.000000e+00
7.000000e-04,7.544014e+00,3.745614e+01,0.000000e+00,2.737011e+00,0.000000e+00,2.000000e-01,2.500000e-05,0.000000e+00,0.000000e+00,7.544014e+00,0.000000e+00,0.000000e+00,0.000000e+00,0.000000e+00,0.000000e+00,0.000000e+00,0.000000e+00,0.000000e+00,0.000000e+00,0.000000e+00,0.000000e+00,0.000000e+00,1.000000e+00,0.000000e+00,4.447713e+02,0.000000e+00,2.024199e-02,7.544014e+00,0.000000e+00,0.000000e+00,0.000000e+00,0.000000e+00,0.000000e+00,-2.685488e-01,0.000000e+00,2.024199e-02,0.000000e+00,2.742570e+01,0.000000e+00,0.000000e+00
7.250000e-04,7.846705e+00,3.715345e+01,0.000000e+00,2.725929e+00,0.000000e+00,2.000000e-01,2.500000e-05,0.000000e+00,0.000000e+00,7.846705e+00,0.000000e+00,0.000000e+00,0.000000e+00,0.000000e+00,0.000000e+00,0.000000e+00,0.000000e+00,0.000000e+00,0.000000e+00,0.000000e+00,0.000000e+00,0.000000e+00,1.000000e+00,0.000000e+00,4.417633e+02,0.000000e+00,2.092486e-02,7.846705e+00,0.000000e+00,0.000000e+00,0.000000e+00,0.000000e+00,0.000000e+00,-2.795929e-01,0.000000e+00,2.092486e-02,0.000000e+00,2.731451e+01,0.000000e+00,0.000000e+00
7.500000e-04,8.146131e+00,3.685402e+01,0.000000e+00,2.714922e+00,0.000000e+00,2.000000e-01,2.500000e-05,0.000000e+00,0.000000e+00,8.146131e+00,0.000000e+00,0.000000e+00,0.000000e+00,0.000000e+00,0.000000e+00,0.000000e+00,0.000000e+00,0.000000e+00,0.000000e+00,0.000000e+00,0.000000e+00,0.000000e+00,1.000000e+00,0.000000e+00,4.387675e+02,0.000000e+00,2.160496e-02,8.146131e+00,0.000000e+00,0.000000e+00,0.000000e+00,0.000000e+00,0.000000e+00,-2.905621e-01,0.000000e+00,2.160496e-02,0.000000e+00,2.720407e+01,0.000000e+00,0.000000e+00
7.750000e-04,8.442323e+00,3.655783e+01,0.000000e+00,2.703990e+00,0.000000e+00,2.000000e-01,2.500000e-05,0.000000e+00,0.000000e+00,8.442323e+00,0.000000e+00,0.000000e+00,0.000000e+00,0.000000e+00,0.000000e+00,0.000000e+00,0.000000e+00,0.000000e+00,0.000000e+00,0.000000e+00,0.000000e+00,0.000000e+00,1.000000e+00,0.000000e+00,4.357837e+02,0.000000e+00,2.228232e-02,8.442323e+00,0.000000e+00,0.000000e+00,0.000000e+00,0.000000e+00,0.000000e+00,-3.014567e-01,0.000000e+00,2.228232e-02,0.000000e+00,2.709438e+01,0.000000e+00,0.000000e+00
8.000000e-04,8.735316e+00,3.626483e+01,0.000000e+00,2.693133e+00,0.000000e+00,2.000000e-01,2.500000e-05,0.000000e+00,0.000000e+00,8.735316e+00,0.000000e+00,0.000000e+00,0.000000e+00,0.000000e+00,0.000000e+00,0.000000e+00,0.000000e+00,0.000000e+00,0.000000e+00,0.000000e+00,0.000000e+00,0.000000e+00,1.000000e+00,0.000000e+00,4.328120e+02,0.000000e+00,2.295695e-02,8.735316e+00,0.000000e+00,0.000000e+00,0.000000e+00,0.000000e+00,0.000000e+00,-3.122770e-01,0.000000e+00,2.295695e-02,0.000000e+00,2.698543e+01,0.000000e+00,0.000000e+00
8.250000e-04,9.025142e+00,3.597500e+01,0.000000e+00,2.682350e+00,0.000000e+00,2.000000e-01,2.500000e-05,0.000000e+00,0.000000e+00,9.025142e+00,0.000000e+00,0.000000e+00,0.000000e+00,0.000000e+00,0.000000e+00,0.000000e+00,0.000000e+00,0.000000e+00,0.000000e+00,0.000000e+00,0.000000e+00,0.000000e+00,1.000000e+00,0.000000e+00,4.298521e+02,0.000000e+00,2.362888e-02,9.025142e+00,0.000000e+00,0.000000e+00,0.000000e+00,0.000000e+00,0.000000e+00,-3.230233e-01,0.000000e+00,2.362888e-02,0.000000e+00,2.687723e+01,0.000000e+00,0.000000e+00
8.500000e-04,9.311831e+00,3.568831e+01,0.000000e+00,2.671640e+00,0.000000e+00,2.000000e-01,2.500000e-05,0.000000e+00,0.000000e+00,9.311831e+00,0.000000e+00,0.000000e+00,0.000000e+00,0.000000e+00,0.000000e+00,0.000000e+00,0.000000e+00,0.000000e+00,0.000000e+00,0.000000e+00,0.000000e+00,0.000000e+00,1.000000e+00,0.000000e+00,4.269041e+02,0.000000e+00,2.429813e-02,9.311831e+00,0.000000e+00,0.000000e+00,0.000000e+00,0.000000e+00,0.000000e+00,-3.336959e-01,0.000000e+00,2.429813e-02,0.000000e+00,2.676977e+01,0.000000e+00,0.000000e+00
8.750000e-04,9.595416e+00,3.540472e+01,0.000000e+00,2.661005e+00,0.000000e+00,2.000000e-01,2.500000e-05,0.000000e+00,0.000000e+00,9.595416e+00,0.000000e+00,0.000000e+00,0.000000e+00,0.000000e+00,0.000000e+00,0.000000e+00,0.000000e+00,0.000000e+00,0.000000e+00,0.000000e+00,0.000000e+00,0.000000e+00,1.000000e+00,0.000000e+00,4.239679e+02,0.000000e+00,2.496470e-02,9.595416e+00,0.000000e+00,0.000000e+00,0.000000e+00,0.000000e+00,0.000000e+00,-3.442951e-01,0.000000e+00,2.496470e-02,0.000000e+00,2.666304e+01,0.000000e+00,0.000000e+00
9.000000e-04,9.875929e+00,3.512421e+01,0.000000e+00,2.650442e+00,0.000000e+00,2.000000e-01,2.500000e-05,0.000000e+00,0.000000e+00,9.875929e+00,0.000000e+00,0.000000e+00,0.000000e+00,0.000000e+00,0.000000e+00,0.000000e+00,0.000000e+00,0.000000e+00,0.000000e+00,0.000000e+00,0.000000e+00,0.000000e+00,1.000000e+00,0.000000e+00,4.210433e+02,0.000000e+00,2.562863e-02,9.875929e+00,0.000000e+00,0.000000e+00,0.000000e+00,0.000000e+00,0.000000e+00,-3.548212e-01,0.000000e+00,2.562863e-02,0.000000e+00,2.655705e+01,0.000000e+00,0.000000e+00
9.250000e-04,1.015340e+01,3.484674e+01,0.000000e+00,2.639952e+00,0.000000e+00,2.000000e-01,2.500000e-05,0.000000e+00,0.000000e+00,1.015340e+01,0.000000e+00,0.000000e+00,0.000000e+00,0.000000e+00,0.000000e+00,0.000000e+00,0.000000e+00,0.000000e+00,0.000000e+00,0.000000e+00,0.000000e+00,0.000000e+00,1.000000e+00,0.000000e+00,4.181303e+02,0.000000e+00,2.628992e-02,1.015340e+01,0.000000e+00,0.000000e+00,0.000000e+00,0.000000e+00,0.000000e+00,-3.652745e-01,0.000000e+00,2.628992e-02,0.000000e+00,2.645179e+01,0.000000e+00,0.000000e+00
9.500000e-04,1.042786e+01,3.457228e+01,0.000000e+00,2.629535e+00,0.000000e+00,2.000000e-01,2.500000e-05,0.000000e+00,0.000000e+00,1.042786e+01,0.000000e+00,0.000000e+00,0.000000e+00,0.000000e+00,0.000000e+00,0.000000e+00,0.000000e+00,0.000000e+00,0.000000e+00,0.000000e+00,0.000000e+00,0.000000e+00,1.000000e+00,0.000000e+00,4.152288e+02,0.000000e+00,2.694860e-02,1.042786e+01,0.000000e+00,0.000000e+00,0.000000e+00,0.000000e+00,0.000000e+00,-3.756552e-01,0.000000e+00,2.694860e-02,0.000000e+00,2.634726e+01,0.000000e+00,0.000000e+00
9.750000e-04,1.069934e+01,3.430080e+01,0.000000e+00,2.619191e+00,0.000000e+00,2.000000e-01,2.500000e-05,0.000000e+00,0.000000e+00,1.069934e+01,0.000000e+00,0.000000e+00,0.000000e+00,0.000000e+00,0.000000e+00,0.000000e+00,0.000000e+00,0.000000e+00,0.000000e+00,0.000000e+00,0.000000e+00,0.000000e+00,1.000000e+00,0.000000e+00,4.123388e+02,0.000000e+00,2.760469e-02,1.069934e+01,0.000000e+00,0.000000e+00,0.000000e+00,0.000000e+00,0.000000e+00,-3.859636e-01,0.000000e+00,2.760469e-02,0.000000e+00,2.624345e+01,0.000000e+00,0.000000e+00
1.000000e-03,1.096786e+01,3.403227e+01,0.000000e+00,2.608918e+00,0.000000e+00,2.000000e-01,2.500000e-05,0.000000e+00,0.000000e+00,1.096786e+01,0.000000e+00,0.000000e+00,0.000000e+00,0.000000e+00,0.000000e+00,0.000000e+00,0.000000e+00,0.000000e+00,0.000000e+00,0.000000e+00,0.000000e+00,0.000000e+00,1.000000e+00,0.000000e+00,4.094601e+02,0.000000e+00,2.825820e-02,1.096786e+01,0.000000e+00,0.000000e+00,0.000000e+00,0.000000e+00,0.000000e+00,-3.962002e-01,0.000000e+00,2.825820e-02,0.000000e+00,2.614036e+01,0.000000e+00,0.000000e+00
1.025000e-03,1.123347e+01,3.376666e+01,0.000000e+00,2.598717e+00,0.000000e+00,2.000000e-01,2.500000e-05,0.000000e+00,0.000000e+00,1.123347e+01,0.000000e+00,0.000000e+00,0.000000e+00,0.000000e+00,0.000000e+00,0.000000e+00,0.000000e+00,0.000000e+00,0.000000e+00,0.000000e+00,0.000000e+00,0.000000e+00,1.000000e+00,0.000000e+00,4.065927e+02,0.000000e+00,2.890915e-02,1.123347e+01,0.000000e+00,0.000000e+00,0.000000e+00,0.000000e+00,0.000000e+00,-4.063650e-01,0.000000e+00,2.890915e-02,0.000000e+00,2.603800e+01,0.000000e+00,0.000000e+00
1.050000e-03,1.149618e+01,3.350395e+01,0.000000e+00,2.588588e+00,0.000000e+00,2.000000e-01,2.500000e-05,0.000000e+00,0.000000e+00,1.149618e+01,0.000000e+00,0.000000e+00,0.000000e+00,0.000000e+00,0.000000e+00,0.000000e+00,0.000000e+00,0.000000e+00,0.000000e+00,0.000000e+00,0.000000e+00,0.000000e+00,1.000000e+00,0.000000e+00,4.037365e+02,0.000000e+00,2.955756e-02,1.149618e+01,0.000000e+00,0.000000e+00,0.000000e+00,0.000000e+00,0.000000e+00,-4.164584e-01,0.000000e+00,2.955756e-02,0.000000e+00,2.593635e+01,0.000000e+00,0.000000e+00
1.075000e-03,1.175603e+01,3.324410e+01,0.000000e+00,2.578531e+00,0.000000e+00,2.000000e-01,2.500000e-05,0.000000e+00,0.000000e+00,1.175603e+01,0.000000e+00,0.000000e+00,0.000000e+00,0.000000e+00,0.000000e+00,0.000000e+00,0.000000e+00,0.000000e+00,0.000000e+00,0.000000e+00,0.000000e+00,0.000000e+00,1.000000e+00,0.000000e+00,4.008913e+02,0.000000e+00,3.020344e-02,1.175603e+01,0.000000e+00,0.000000e+00,0.000000e+00,0.000000e+00,0.000000e+00,-4.264807e-01,0.000000e+00,3.020344e-02,0.000000e+00,2.583542e+01,0.000000e+00,0.000000e+00
1.100000e-03,1.201304e+01,3.298708e+01,0.000000e+00,2.568544e+00,0.000000e+00,2.000000e-01,2.500000e-05,0.000000e+00,0.000000e+00,1.201304e+01,0.000000e+00,0.000000e+00,0.000000e+00,0.000000e+00,0.000000e+00,0.000000e+00,0.000000e+00,0.000000e+00,0.000000e+00,0.000000e+00,0.000000e+00,0.000000e+00,1.000000e+00,0.000000e+00,3.980573e+02,0.000000e+00,3.084682e-02,1.201304e+01,0.000000e+00,0.000000e+00,0.000000e+00,0.000000e+00,0.000000e+00,-4.364321e-01,0.000000e+00,3.084682e-02,0.000000e+00,2.573519e+01,0.000000e+00,0.000000e+00
1.125000e-03,1.226725e+01,3.273287e+01,0.000000e+00,2.558627e+00,0.000000e+00,2.000000e-01,2.500000e-05,0.000000e+00,0.000000e+00,1.226725e+01,0.000000e+00,0.000000e+00,0.000000e+00,0.000000e+00,0.000000e+00,0.000000e+00,0.000000e+00,0.000000e+00,0.000000e+00,0.000000e+00,0.000000e+00,0.000000e+00,1.000000e+00,0.000000e+00,3.952341e+02,0.000000e+00,3.148771e-02,1.226725e+01,0.000000e+00,0.000000e+00,0.000000e+00,0.000000e+00,0.000000e+00,-4.463130e-01,0.000000e+00,3.148771e-02,0.000000e+00,2.563568e+01,0.000000e+00,0.000000e+00
1.150000e-03,1.251868e+01,3.248144e+01,0.000000e+00,2.548782e+00,0.000000e+00,2.000000e-01,2.500000e-05,0.000000e+00,0.000000e+00,1.251868e+01,0.000000e+00,0.000000e+00,0.000000e+00,0.000000e+00,0.000000e+00,0.000000e+00,0.000000e+00,0.000000e+00,0.000000e+00,0.000000e+00,0.000000e+00,0.000000e+00,1.000000e+00,0.000000e+00,3.924219e+02,0.000000e+00,3.212614e-02,1.251868e+01,0.000000e+00,0.000000e+00,0.000000e+00,0.000000e+00,0.000000e+00,-4.561235e-01,0.000000e+00,3.212614e-02,0.000000e+00,2.553687e+01,0.000000e+00,0.000000e+00
1.175000e-03,1.276735e+01,3.223277e+01,0.000000e+00,2.539006e+00,0.000000e+00,2.000000e-01,2.500000e-05,0.000000e+00,0.000000e+00,1.276735e+01,0.000000e+00,0.000000e+00,0.000000e+00,0.000000e+00,0.000000e+00,0.000000e+00,0.000000e+00,0.000000e+00,0.000000e+00,0.000000e+00,0.000000e+00,0.000000e+00,1.000000e+00,0.000000e+00,3.896205e+02,0.000000e+00,3.276211e-02,1.276735e+01,0.000000e+00,0.000000e+00,0.000000e+00,0.000000e+00,0.000000e+00,-4.658640e-01,0.000000e+00,3.276211e-02,0.000000e+00,2.543876e+01,0.000000e+00,0.000000e+00
1.200000e-03,1.301331e+01,3.198681e+01,0.000000e+00,2.529301e+00,0.000000e+00,2.000000e-01,2.500000e-05,0.000000e+00,0.000000e+00,1.301331e+01,0.000000e+00,0.000000e+00,0.000000e+00,0.000000e+00,0.000000e+00,0.000000e+00,0.000000e+00,0.000000e+00,0.000000e+00,0.000000e+00,0.000000e+00,0.000000e+00,1.000000e+00,0.000000e+00,3.868298e+02,0.000000e+00,3.339564e-02,1.301331e+01,0.000000e+00,0.000000e+00,0.000000e+00,0.000000e+00,0.000000e+00,-4.755348e-01,0.000000e+00,3.339564e-02,0.000000e+00,2.534136e+01,0.000000e+00,0.000000e+00
1.225000e-03,1.325657e+01,3.174355e+01,0.000000e+00,2.519665e+00,0.000000e+00,2.000000e-01,2.500000e-05,0.000000e+00,0.000000e+00,1.325657e+01,0.000000e+00,0.000000e+00,0.000000e+00,0.000000e+00,0.000000e+00,0.000000e+00,0.000000e+00,0.000000e+00,0.000000e+00,0.000000e+00,0.000000e+00,0.000000e+00,1.000000e+00,0.000000e+00,3.840497e+02,0.000000e+00,3.402676e-02,1.325657e+01,0.000000e+00,0.000000e+00,0.000000e+00,0.000000e+00,0.000000e+00,-4.851360e-01,0.000000e+00,3.402676e-02,0.000000e+00,2.524465e+01,0.000000e+00,0.000000e+00
1.250000e-03,1.349715e+01,3.150296e+01,0.000000e+00,2.510098e+00,0.000000e+00,2.000000e-01,2.500000e-05,0.000000e+00,0.000000e+00,1.349715e+01,0.000000e+00,0.000000e+00,0.000000e+00,0.000000e+00,0.000000e+00,0.000000e+00,0.000000e+00,0.000000e+00,0.000000e+00,0.000000e+00,0.000000e+00,0.000000e+00,1.000000e+00,0.000000e+00,3.812802e+02,0.000000e+00,3.465547e-02,1.349715e+01,0.000000e+00,0.000000e+00,0.000000e+00,0.000000e+00,0.000000e+00,-4.946680e-01,0.000000e+00,3.465547e-02,0.000000e+00,2.514864e+01,0.000000e+00,0.000000e+00
1.275000e-03,1.373510e+01,3.126501e+01,0.000000e+00,2.500601e+00,0.000000e+00,2.000000e-01,2.500000e-05,0.000000e+00,0.000000e+00,1.373510e+01,0.000000e+00,0.000000e+00,0.000000e+00,0.000000e+00,0.000000e+00,0.000000e+00,0.000000e+00,0.000000e+00,0.000000e+00,0.000000e+00,0.000000e+00,0.000000e+00,1.000000e+00,0.000000e+00,3.785212e+02,0.000000e+00,3.528181e-02,1.373510e+01,0.000000e+00,0.000000e+00,0.000000e+00,0.000000e+00,0.000000e+00,-5.041310e-01,0.000000e+00,3.528181e-02,0.000000e+00,2.505332e+01,0.000000e+00,0.000000e+00
1.300000e-03,1.397043e+01,3.102968e+01,0.000000e+00,2.491172e+00,0.000000e+00,2.000000e-01,2.500000e-05,0.000000e+00,0.000000e+00,1.397043e+01,0.000000e+00,0.000000e+00,0.000000e+00,0.000000e+00,0.000000e+00,0.000000e+00,0.000000e+00,0.000000e+00,0.000000e+00,0.000000e+00,0.000000e+00,0.000000e+00,1.000000e+00,0.000000e+00,3.757727e+02,0.000000e+00,3.590577e-02,1.397043e+01,0.000000e+00,0.000000e+00,0.000000e+00,0.000000e+00,0.000000e+00,-5.135254e-01,0.000000e+00,3.590577e-02,0.000000e+00,2.495869e+01,0.000000e+00,0.000000e+00
1.325000e-03,1.420316e+01,3.079695e+01,0.000000e+00,2.481812e+00,0.000000e+00,2.000000e-01,2.500000e-05,0.000000e+00,0.000000e+00,1.420316e+01,0.000000e+00,0.000000e+00,0.000000e+00,0.000000e+00,0.000000e+00,0.000000e+00,0.000000e+00,0.000000e+00,0.000000e+00,0.000000e+00,0.000000e+00,0.000000e+00,1.000000e+00,0.000000e+00,3.730345e+02,0.000000e+00,3.652739e-02,1.420316e+01,0.000000e+00,0.000000e+00,0.000000e+00,0.000000e+00,0.000000e+00,-5.228512e-01,0.000000e+00,3.652739e-02,0.000000e+00,2.486475e+01,0.000000e+00,0.000000e+00
1.350000e-03,1.443333e+01,3.056677e+01,0.000000e+00,2.472520e+00,0.000000e+00,2.000000e-01,2.500000e-05,0.000000e+00,0.000000e+00,1.443333e+01,0.000000e+00,0.000000e+00,0.000000e+00,0.000000e+00,0.000000e+00,0.000000e+00,0.000000e+00,0.000000e+00,0.000000e+00,0.000000e+00,0.000000e+00,0.000000e+00,1.000000e+00,0.000000e+00,3.703065e+02,0.000000e+00,3.714668e-02,1.443333e+01,0.000000e+00,0.000000e+00,0.000000e+00,0.000000e+00,0.000000e+00,-5.321089e-01,0.000000e+00,3.714668e-02,0.000000e+00,2.477149e+01,0.000000e+00,0.000000e+00
1.375000e-03,1.466096e+01,3.033914e+01,0.000000e+00,2.463296e+00,0.000000e+00,2.000000e-01,2.500000e-05,0.000000e+00,0.000000e+00,1.466096e+01,0.000000e+00,0.000000e+00,0.000000e+00,0.000000e+00,0.000000e+00,0.000000e+00,0.000000e+00,0.000000e+00,0.000000e+00,0.000000e+00,0.000000e+00,0.000000e+00,1.000000e+00,0.000000e+00,3.675888e+02,0.000000e+00,3.776365e-02,1.466096e+01,0.000000e+00,0.000000e+00,0.000000e+00,0.000000e+00,0.000000e+00,-5.412986e-01,0.000000e+00,3.776365e-02,0.000000e+00,2.467891e+01,0.000000e+00,0.000000e+00
1.400000e-03,1.488608e+01,3.011403e+01,0.000000e+00,2.454140e+00,0.000000e+00,2.000000e-01,2.500000e-05,0.000000e+00,0.000000e+00,1.488608e+01,0.000000e+00,0.000000e+00,0.000000e+00,0.000000e+00,0.000000e+00,0.000000e+00,0.000000e+00,0.000000e+00,0.000000e+00,0.000000e+00,0.000000e+00,0.000000e+00,1.000000e+00,0.000000e+00,3.648811e+02,0.000000e+00,3.837833e-02,1.488608e+01,0.000000e+00,0.000000e+00,0.000000e+00,0.000000e+00,0.000000e+00,-5.504206e-01,0.000000e+00,3.837833e-02,0.000000e+00,2.458701e+01,0.000000e+00,0.000000e+00
1.425000e-03,1.510870e+01,2.989140e+01,0.000000e+00,2.445052e+00,0.000000e+00,2.000000e-01,2.500000e-05,0.000000e+00,0.000000e+00,1.510870e+01,0.000000e+00,0.000000e+00,0.000000e+00,0.000000e+00,0.000000e+00,0.000000e+00,0.000000e+00,0.000000e+00,0.000000e+00,0.000000e+00,0.000000e+00,0.000000e+00,1.000000e+00,0.000000e+00,3.621836e+02,0.000000e+00,3.899072e-02,1.510870e+01,0.000000e+00,0.000000e+00,0.000000e+00,0.000000e+00,0.000000e+00,-5.594752e-01,0.000000e+00,3.899072e-02,0.000000e+00,2.449579e+01,0.000000e+00,0.000000e+00
1.450000e-03,1.532886e+01,2.967124e+01,0.000000e+00,2.436031e+00,0.000000e+00,2.000000e-01,2.500000e-05,0.000000e+00,0.000000e+00,1.532886e+01,0.000000e+00,0.000000e+00,0.000000e+00,0.000000e+00,0.000000e+00,0.000000e+00,0.000000e+00,0.000000e+00,0.000000e+00,0.000000e+00,0.000000e+00,0.000000e+00,1.000000e+00,0.000000e+00,3.594959e+02,0.000000e+00,3.960085e-02,1.532886e+01,0.000000e+00,0.000000e+00,0.000000e+00,0.000000e+00,0.000000e+00,-5.684626e-01,0.000000e+00,3.960085e-02,0.000000e+00,2.440525e+01,0.000000e+00,0.000000e+00
1.475000e-03,1.554658e+01,2.945352e+01,0.000000e+00,2.427077e+00,0.000000e+00,2.000000e-01,2.500000e-05,0.000000e+00,0.000000e+00,1.554658e+01,0.000000e+00,0.000000e+00,0.000000e+00,0.000000e+00,0.000000e+00,0.000000e+00,0.000000e+00,0.000000e+00,0.000000e+00,0.000000e+00,0.000000e+00,0.000000e+00,1.000000e+00,0.000000e+00,3.568182e+02,0.000000e+00,4.020874e-02,1.554658e+01,0.000000e+00,0.000000e+00,0.000000e+00,0.000000e+00,0.000000e+00,-5.773830e-01,0.000000e+00,4.020874e-02,0.000000e+00,2.431537e+01,0.000000e+00,0.000000e+00
1.500000e-03,1.576188e+01,2.923822e+01,0.000000e+00,2.418190e+00,0.000000e+00,2.000000e-01,2.500000e-05,0.000000e+00,0.000000e+00,1.576188e+01,0.000000e+00,0.000000e+00,0.000000e+00,0.000000e+00,0.000000e+00,0.000000e+00,0.000000e+00,0.000000e+00,0.000000e+00,0.000000e+00,0.000000e+00,0.000000e+00,1.000000e+00,0.000000e+00,3.541503e+02,0.000000e+00,4.081439e-02,1.576188e+01,0.000000e+00,0.000000e+00,0.000000e+00,0.000000e+00,0.000000e+00,-5.862368e-01,0.000000e+00,4.081439e-02,0.000000e+00,2.422617e+01,0.000000e+00,0.000000e+00
1.525000e-03,1.597479e+01,2.902531e+01,0.000000e+00,2.409369e+00,0.000000e+00,2.000000e-01,2.500000e-05,0.000000e+00,0.000000e+00,1.597479e+01,0.000000e+00,0.000000e+00,0.000000e+00,0.000000e+00,0.000000e+00,0.000000e+00,0.000000e+00,0.000000e+00,0.000000e+00,0.000000e+00,0.000000e+00,0.000000e+00,1.000000e+00,0.000000e+00,3.514922e+02,0.000000e+00,4.141783e-02,1.597479e+01,0.000000e+00,0.000000e+00,0.000000e+00,0.000000e+00,0.000000e+00,-5.950241e-01,0.000000e+00,4.141783e-02,0.000000e+00,2.413763e+01,0.000000e+00,0.000000e+00
1.550000e-03,1.618533e+01,2.881477e+01,0.000000e+00,2.400615e+00,0.000000e+00,2.000000e-01,2.500000e-05,0.000000e+00,0.000000e+00,1.618533e+01,0.000000e+00,0.000000e+00,0.000000e+00,0.000000e+00,0.000000e+00,0.000000e+00,0.000000e+00,0.000000e+00,0.000000e+00,0.000000e+00,0.000000e+00,0.000000e+00,1.000000e+00,0.000000e+00,3.488437e+02,0.000000e+00,4.201908e-02,1.618533e+01,0.000000e+00,0.000000e+00,0.000000e+00,0.000000e+00,0.000000e+00,-6.037452e-01,0.000000e+00,4.201908e-02,0.000000e+00,2.404976e+01,0.000000e+00,0.000000e+00
1.575000e-03,1.639351e+01,2.860658e+01,0.000000e+00,2.391927e+00,0.000000e+00,2.000000e-01,2.500000e-05,0.000000e+00,0.000000e+00,1.639351e+01,0.000000e+00,0.000000e+00,0.000000e+00,0.000000e+00,0.000000e+00,0.000000e+00,0.000000e+00,0.000000e+00,0.000000e+00,0.000000e+00,0.000000e+00,0.000000e+00,1.000000e+00,0.000000e+00,3.462048e+02,0.000000e+00,4.261814e-02,1.639351e+01,0.000000e+00,0.000000e+00,0.000000e+00,0.000000e+00,0.000000e+00,-6.124004e-01,0.000000e+00,4.261814e-02,0.000000e+00,2.396255e+01,0.000000e+00,0.000000e+00
1.600000e-03,1.659938e+01,2.840071e+01,0.000000e+00,2.383305e+00,0.000000e+00,2.000000e-01,2.500000e-05,0.000000e+00,0.000000e+00,1.659938e+01,0.000000e+00,0.000000e+00,0.000000e+00,0.000000e+00,0.000000e+00,0.000000e+00,0.000000e+00,0.000000e+00,0.000000e+00,0.000000e+00,0.000000e+00,0.000000e+00,1.000000e+00,0.000000e+00,3.435755e+02,0.000000e+00,4.321504e-02,1.659938e+01,0.000000e+00,0.000000e+00,0.000000e+00,0.000000e+00,0.000000e+00,-6.209897e-01,0.000000e+00,4.321504e-02,0.000000e+00,2.387600e+01,0.000000e+00,0.000000e+00
1.625000e-03,1.680294e+01,2.819715e+01,0.000000e+00,2.374748e+00,0.000000e+00,2.000000e-01,2.500000e-05,0.000000e+00,0.000000e+00,1.680294e+01,0.000000e+00,0.000000e+00,0.000000e+00,0.000000e+00,0.000000e+00,0.000000e+00,0.000000e+00,0.000000e+00,0.000000e+00,0.000000e+00,0.000000e+00,0.000000e+00,1.000000e+00,0.000000e+00,3.409557e+02,0.000000e+00,4.380979e-02,1.680294e+01,0.000000e+00,0.000000e+00,0.000000e+00,0.000000e+00,0.000000e+00,-6.295136e-01,0.000000e+00,4.380979e-02,0.000000e+00,2.379010e+01,0.000000e+00,0.000000e+00
1.650000e-03,1.700423e+01,2.799586e+01,0.000000e+00,2.366257e+00,0.000000e+00,2.000000e-01,2.500000e-05,0.000000e+00,0.000000e+00,1.700423e+01,0.000000e+00,0.000000e+00,0.000000e+00,0.000000e+00,0.000000e+00,0.000000e+00,0.000000e+00,0.000000e+00,0.000000e+00,0.000000e+00,0.000000e+00,0.000000e+00,1.000000e+00,0.000000e+00,3.383452e+02,0.000000e+00,4.440241e-02,1.700423e+01,0.000000e+00,0.000000e+00,0.000000e+00,0.000000e+00,0.000000e+00,-6.379722e-01,0.000000e+00,4.440241e-02,0.000000e+00,2.370486e+01,0.000000e+00,0.000000e+00
1.675000e-03,1.720325e+01,2.779683e+01,0.000000e+00,2.357831e+00,0.000000e+00,2.000000e-01,2.500000e-05,0.000000e+00,0.000000e+00,1.720325e+01,0.000000e+00,0.000000e+00,0.000000e+00,0.000000e+00,0.000000e+00,0.000000e+00,0.000000e+00,0.000000e+00,0.000000e+00,0.000000e+00,0.000000e+00,0.000000e+00,1.000000e+00,0.000000e+00,3.357440e+02,0.000000e+00,4.499292e-02,1.720325e+01,0.000000e+00,0.000000e+00,0.000000e+00,0.000000e+00,0.000000e+00,-6.463658e-01,0.000000e+00,4.499292e-02,0.000000e+00,2.362028e+01,0.000000e+00,0.000000e+00
1.700000e-03,1.740005e+01,2.760004e+01,0.000000e+00,2.349470e+00,0.000000e+00,2.000000e-01,2.500000e-05,0.000000e+00,0.000000e+00,1.740005e+01,0.000000e+00,0.000000e+00,0.000000e+00,0.000000e+00,0.000000e+00,0.000000e+00,0.000000e+00,0.000000e+00,0.000000e+00,0.000000e+00,0.000000e+00,0.000000e+00,1.000000e+00,0.000000e+00,3.331521e+02,0.000000e+00,4.558133e-02,1.740005e+01,0.000000e+00,0.000000e+00,0.000000e+00,0.000000e+00,0.000000e+00,-6.546947e-01,0.000000e+00,4.558133e-02,0.000000e+00,2.353634e+01,0.000000e+00,0.000000e+00
1.725000e-03,1.759463e+01,2.740546e+01,0.000000e+00,2.341173e+00,0.000000e+00,2.000000e-01,2.500000e-05,0.000000e+00,0.000000e+00,1.759463e+01,0.000000e+00,0.000000e+00,0.000000e+00,0.000000e+00,0.000000e+00,0.000000e+00,0.000000e+00,0.000000e+00,0.000000e+00,0.000000e+00,0.000000e+00,0.000000e+00,1.000000e+00,0.000000e+00,3.305693e+02,0.000000e+00,4.616766e-02,1.759463e+01,0.000000e+00,0.000000e+00,0.000000e+00,0.000000e+00,0.000000e+00,-6.629589e-01,0.000000e+00,4.616766e-02,0.000000e+00,2.345305e+01,0.000000e+00,0.000000e+00
1.750000e-03,1.778701e+01,2.721307e+01,0.000000e+00,2.332941e+00,0.000000e+00,2.000000e-01,2.500000e-05,0.000000e+00,0.000000e+00,1.778701e+01,0.000000e+00,0.000000e+00,0.000000e+00,0.000000e+00,0.000000e+00,0.000000e+00,0.000000e+00,0.000000e+00,0.000000e+00,0.000000e+00,0.000000e+00,0.000000e+00,1.000000e+00,0.000000e+00,3.279956e+02,0.000000e+00,4.675192e-02,1.778701e+01,0.000000e+00,0.000000e+00,0.000000e+00,0.000000e+00,0.000000e+00,-6.711588e-01,0.000000e+00,4.675192e-02,0.000000e+00,2.337041e+01,0.000000e+00,0.000000e+00
1.775000e-03,1.797723e+01,2.702286e+01,0.000000e+00,2.324773e+00,0.000000e+00,2.000000e-01,2.500000e-05,0.000000e+00,0.000000e+00,1.797723e+01,0.000000e+00,0.000000e+00,0.000000e+00,0.000000e+00,0.000000e+00,0.000000e+00,0.000000e+00,0.000000e+00,0.000000e+00,0.000000e+00,0.000000e+00,0.000000e+00,1.000000e+00,0.000000e+00,3.254310e+02,0.000000e+00,4.733413e-02,1.797723e+01,0.000000e+00,0.000000e+00,0.000000e+00,0.000000e+00,0.000000e+00,-6.792945e-01,0.000000e+00,4.733413e-02,0.000000e+00,2.328841e+01,0.000000e+00,0.000000e+00
1.800000e-03,1.816529e+01,2.683479e+01,0.000000e+00,2.316669e+00,0.000000e+00,2.000000e-01,2.500000e-05,0.000000e+00,0.000000e+00,1.816529e+01,0.000000e+00,0.000000e+00,0.000000e+00,0.000000e+00,0.000000e+00,0.000000e+00,0.000000e+00,0.000000e+00,0.000000e+00,0.000000e+00,0.000000e+00,0.000000e+00,1.000000e+00,0.000000e+00,3.228754e+02,0.000000e+00,4.791430e-02,1.816529e+01,0.000000e+00,0.000000e+00,0.000000e+00,0.000000e+00,0.000000e+00,-6.873664e-01,0.000000e+00,4.791430e-02,0.000000e+00,2.320705e+01,0.000000e+00,0.000000e+00
1.825000e-03,1.835123e+01,2.664885e+01,0.000000e+00,2.308630e+00,0.000000e+00,2.000000e-01,2.500000e-05,0.000000e+00,0.000000e+00,1.835123e+01,0.000000e+00,0.000000e+00,0.000000e+00,0.000000e+00,0.000000e+00,0.000000e+00,0.000000e+00,0.000000e+00,0.000000e+00,0.000000e+00,0.000000e+00,0.000000e+00,1.000000e+00,0.000000e+00,3.203286e+02,0.000000e+00,4.849246e-02,1.835123e+01,0.000000e+00,0.000000e+00,0.000000e+00,0.000000e+00,0.000000e+00,-6.953747e-01,0.000000e+00,4.849246e-02,0.000000e+00,2.312634e+01,0.000000e+00,0.000000e+00
1.850000e-03,1.853506e+01,2.646502e+01,0.000000e+00,2.300653e+00,0.000000e+00,2.000000e-01,2.500000e-05,0.000000e+00,0.000000e+00,1.853506e+01,0.000000e+00,0.000000e+00,0.000000e+00,0.000000e+00,0.000000e+00,0.000000e+00,0.000000e+00,0.000000e+00,0.000000e+00,0.000000e+00,0.000000e+00,0.000000e+00,1.000000e+00,0.000000e+00,3.177906e+02,0.000000e+00,4.906862e-02,1.853506e+01,0.000000e+00,0.000000e+00,0.000000e+00,0.000000e+00,0.000000e+00,-7.033194e-01,0.000000e+00,4.906862e-02,0.000000e+00,2.304625e+01,0.000000e+00,0.000000e+00
1.875000e-03,1.871680e+01,2.628328e+01,0.000000e+00,2.292740e+00,0.000000e+00,2.000000e-01,2.500000e-05,0.000000e+00,0.000000e+00,1.871680e+01,0.000000e+00,0.000000e+00,0.000000e+00,0.000000e+00,0.000000e+00,0.000000e+00,0.000000e+00,0.000000e+00,0.000000e+00,0.000000e+00,0.000000e+00,0.000000e+00,1.000000e+00,0.000000e+00,3.152614e+02,0.000000e+00,4.964279e-02,1.871680e+01,0.000000e+00,0.000000e+00,0.000000e+00,0.000000e+00,0.000000e+00,-7.112010e-01,0.000000e+00,4.964279e-02,0.000000e+00,2.296681e+01,0.000000e+00,0.000000e+00
1.900000e-03,1.889647e+01,2.610361e+01,0.000000e+00,2.284890e+00,0.000000e+00,2.000000e-01,2.500000e-05,0.000000e+00,0.000000e+00,1.889647e+01,0.000000e+00,0.000000e+00,0.000000e+00,0.000000e+00,0.000000e+00,0.000000e+00,0.000000e+00,0.000000e+00,0.000000e+00,0.000000e+00,0.000000e+00,0.000000e+00,1.000000e+00,0.000000e+00,3.127409e+02,0.000000e+00,5.021499e-02,1.889647e+01,0.000000e+00,0.000000e+00,0.000000e+00,0.000000e+00,0.000000e+00,-7.190195e-01,0.000000e+00,5.021499e-02,0.000000e+00,2.288799e+01,0.000000e+00,0.000000e+00
1.925000e-03,1.907409e+01,2.592598e+01,0.000000e+00,2.277103e+00,0.000000e+00,2.000000e-01,2.500000e-05,0.000000e+00,0.000000e+00,1.907409e+01,0.000000e+00,0.000000e+00,0.000000e+00,0.000000e+00,0.000000e+00,0.000000e+00,0.000000e+00,0.000000e+00,0.000000e+00,0.000000e+00,0.000000e+00,0.000000e+00,1.000000e+00,0.000000e+00,3.102290e+02,0.000000e+00,5.078523e-02,1.907409e+01,0.000000e+00,0.000000e+00,0.000000e+00,0.000000e+00,0.000000e+00,-7.267752e-01,0.000000e+00,5.078523e-02,0.000000e+00,2.280980e+01,0.000000e+00,0.000000e+00
1.950000e-03,1.924969e+01,2.575039e+01,0.000000e+00,2.269378e+00,0.000000e+00,2.000000e-01,2.500000e-05,0.000000e+00,0.000000e+00,1.924969e+01,0.000000e+00,0.000000e+00,0.000000e+00,0.000000e+00,0.000000e+00,0.000000e+00,0.000000e+00,0.000000e+00,0.000000e+00,0.000000e+00,0.000000e+00,0.000000e+00,1.000000e+00,0.000000e+00,3.077256e+02,0.000000e+00,5.135354e-02,1.924969e+01,0.000000e+00,0.000000e+00,0.000000e+00,0.000000e+00,0.000000e+00,-7.344683e-01,0.000000e+00,5.135354e-02,0.000000e+00,2.273225e+01,0.000000e+00,0.000000e+00
1.975000e-03,1.942327e+01,2.557680e+01,0.000000e+00,2.261716e+00,0.000000e+00,2.000000e-01,2.500000e-05,0.000000e+00,0.000000e+00,1.942327e+01,0.000000e+00,0.000000e+00,0.000000e+00,0.000000e+00,0.000000e+00,0.000000e+00,0.000000e+00,0.000000e+00,0.000000e+00,0.000000e+00,0.000000e+00,0.000000e+00,1.000000e+00,0.000000e+00,3.052307e+02,0.000000e+00,5.191992e-02,1.942327e+01,0.000000e+00,0.000000e+00,0.000000e+00,0.000000e+00,0.000000e+00,-7.420991e-01,0.000000e+00,5.191992e-02,0.000000e+00,2.265532e+01,0.000000e+00,0.000000e+00
2.000000e-03,1.959486e+01,2.540521e+01,0.000000e+00,2.254117e+00,0.000000e+00,2.000000e-01,2.500000e-05,0.000000e+00,0.000000e+00,1.959486e+01,0.000000e+00,0.000000e+00,0.000000e+00,0.000000e+00,0.000000e+00,0.000000e+00,0.000000e+00,0.000000e+00,0.000000e+00,0.000000e+00,0.000000e+00,0.000000e+00,1.000000e+00,0.000000e+00,3.027442e+02,0.000000e+00,5.248440e-02,1.959486e+01,0.000000e+00,0.000000e+00,0.000000e+00,0.000000e+00,0.000000e+00,-7.496677e-01,0.000000e+00,5.248440e-02,0.000000e+00,2.257901e+01,0.000000e+00,0.000000e+00
2.025000e-03,1.976448e+01,2.523559e+01,0.000000e+00,2.246579e+00,0.000000e+00,2.000000e-01,2.500000e-05,0.000000e+00,0.000000e+00,1.976448e+01,0.000000e+00,0.000000e+00,0.000000e+00,0.000000e+00,0.000000e+00,0.000000e+00,0.000000e+00,0.000000e+00,0.000000e+00,0.000000e+00,0.000000e+00,0.000000e+00,1.000000e+00,0.000000e+00,3.002660e+02,0.000000e+00,5.304698e-02,1.976448e+01,0.000000e+00,0.000000e+00,0.000000e+00,0.000000e+00,0.000000e+00,-7.571744e-01,0.000000e+00,5.304698e-02,0.000000e+00,2.250332e+01,0.000000e+00,0.000000e+00
2.050000e-03,1.993215e+01,2.506791e+01,0.000000e+00,2.239103e+00,0.000000e+00,2.000000e-01,2.500000e-05,0.000000e+00,0.000000e+00,1.993215e+01,0.000000e+00,0.000000e+00,0.000000e+00,0.000000e+00,0.000000e+00,0.000000e+00,0.000000e+00,0.000000e+00,0.000000e+00,0.000000e+00,0.000000e+00,0.000000e+00,1.000000e+00,0.000000e+00,2.977961e+02,0.000000e+00,5.360769e-02,1.993215e+01,0.000000e+00,0.000000e+00,0.000000e+00,0.000000e+00,0.000000e+00,-7.646193e-01,0.000000e+00,5.360769e-02,0.000000e+00,2.242826e+01,0.000000e+00,0.000000e+00
2.075000e-03,2.009789e+01,2.490218e+01,0.000000e+00,2.231689e+00,0.000000e+00,2.000000e-01,2.500000e-05,0.000000e+00,0.000000e+00,2.009789e+01,0.000000e+00,0.000000e+00,0.000000e+00,0.000000e+00,0.000000e+00,0.000000e+00,0.000000e+00,0.000000e+00,0.000000e+00,0.000000e+00,0.000000e+00,0.000000e+00,1.000000e+00,0.000000e+00,2.953344e+02,0.000000e+00,5.416653e-02,2.009789e+01,0.000000e+00,0.000000e+00,0.000000e+00,0.000000e+00,0.000000e+00,-7.720026e-01,0.000000e+00,5.416653e-02,0.000000e+00,2.235381e+01,0.000000e+00,0.000000e+00
2.100000e-03,2.026171e+01,2.473836e+01,0.000000e+00,2.224336e+00,0.000000e+00,2.000000e-01,2.500000e-05,0.000000e+00,0.000000e+00,2.026171e+01,0.000000e+00,0.000000e+00,0.000000e+00,0.000000e+00,0.000000e+00,0.000000e+00,0.000000e+00,0.000000e+00,0.000000e+00,0.000000e+00,0.000000e+00,0.000000e+00,1.000000e+00,0.000000e+00,2.928809e+02,0.000000e+00,5.472353e-02,2.026171e+01,0.000000e+00,0.000000e+00,0.000000e+00,0.000000e+00,0.000000e+00,-7.793247e-01,0.000000e+00,5.472353e-02,0.000000e+00,2.227997e+01,0.000000e+00,0.000000e+00
2.125000e-03,2.042363e+01,2.457644e+01,0.000000e+00,2.217045e+00,0.000000e+00,2.000000e-01,2.500000e-05,0.000000e+00,0.000000e+00,2.042363e+01,0.000000e+00,0.000000e+00,0.000000e+00,0.000000e+00,0.000000e+00,0.000000e+00,0.000000e+00,0.000000e+00,0.000000e+00,0.000000e+00,0.000000e+00,0.000000e+00,1.000000e+00,0.000000e+00,2.904353e+02,0.000000e+00,5.527870e-02,2.042363e+01,0.000000e+00,0.000000e+00,0.000000e+00,0.000000e+00,0.000000e+00,-7.865855e-01,0.000000e+00,5.527870e-02,0.000000e+00,2.220675e+01,0.000000e+00,0.000000e+00
2.150000e-03,2.058366e+01,2.441640e+01,0.000000e+00,2.209815e+00,0.000000e+00,2.000000e-01,2.500000e-05,0.000000e+00,0.000000e+00,2.058366e+01,0.000000e+00,0.000000e+00,0.000000e+00,0.000000e+00,0.000000e+00,0.000000e+00,0.000000e+00,0.000000e+00,0.000000e+00,0.000000e+00,0.000000e+00,0.000000e+00,1.000000e+00,0.000000e+00,2.879978e+02,0.000000e+00,5.583205e-02,2.058366e+01,0.000000e+00,0.000000e+00,0.000000e+00,0.000000e+00,0.000000e+00,-7.937855e-01,0.000000e+00,5.583205e-02,0.000000e+00,2.213414e+01,0.000000e+00,0.000000e+00
2.175000e-03,2.074184e+01,2.425822e+01,0.000000e+00,2.202645e+00,0.000000e+00,2.000000e-01,2.500000e-05,0.000000e+00,0.000000e+00,2.074184e+01,0.000000e+00,0.000000e+00,0.000000e+00,0.000000e+00,0.000000e+00,0.000000e+00,0.000000e+00,0.000000e+00,0.000000e+00,0.000000e+00,0.000000e+00,0.000000e+00,1.000000e+00,0.000000e+00,2.855683e+02,0.000000e+00,5.638361e-02,2.074184e+01,0.000000e+00,0.000000e+00,0.000000e+00,0.000000e+00,0.000000e+00,-8.009247e-01,0.000000e+00,5.638361e-02,0.000000e+00,2.206215e+01,0.000000e+00,0.000000e+00
2.200000e-03,2.089817e+01,2.410189e+01,0.000000e+00,2.195536e+00,0.000000e+00,2.000000e-01,2.500000e-05,0.000000e+00,0.000000e+00,2.089817e+01,0.000000e+00,0.000000e+00,0.000000e+00,0.000000e+00,0.000000e+00,0.000000e+00,0.000000e+00,0.000000e+00,0.000000e+00,0.000000e+00,0.000000e+00,0.000000e+00,1.000000e+00,0.000000e+00,2.831465e+02,0.000000e+00,5.693338e-02,2.089817e+01,0.000000e+00,0.000000e+00,0.000000e+00,0.000000e+00,0.000000e+00,-8.080034e-01,0.000000e+00,5.693338e-02,0.000000e+00,2.199075e+01,0.000000e+00,0.000000e+00
2.225000e-03,2.105267e+01,2.394739e+01,0.000000e+00,2.188488e+00,0.000000e+00,2.000000e-01,2.500000e-05,0.000000e+00,0.000000e+00,2.105267e+01,0.000000e+00,0.000000e+00,0.000000e+00,0.000000e+00,0.000000e+00,0.000000e+00,0.000000e+00,0.000000e+00,0.000000e+00,0.000000e+00,0.000000e+00,0.000000e+00,1.000000e+00,0.000000e+00,2.807326e+02,0.000000e+00,5.748137e-02,2.105267e+01,0.000000e+00,0.000000e+00,0.000000e+00,0.000000e+00,0.000000e+00,-8.150216e-01,0.000000e+00,5.748137e-02,0.000000e+00,2.191997e+01,0.000000e+00,0.000000e+00
2.250000e-03,2.120537e+01,2.379469e+01,0.000000e+00,2.181499e+00,0.000000e+00,2.000000e-01,2.500000e-05,0.000000e+00,0.000000e+00,2.120537e+01,0.000000e+00,0.000000e+00,0.000000e+00,0.000000e+00,0.000000e+00,0.000000e+00,0.000000e+00,0.000000e+00,0.000000e+00,0.000000e+00,0.000000e+00,0.000000e+00,1.000000e+00,0.000000e+00,2.783264e+02,0.000000e+00,5.802762e-02,2.120537e+01,0.000000e+00,0.000000e+00,0.000000e+00,0.000000e+00,0.000000e+00,-8.219798e-01,0.000000e+00,5.802762e-02,0.000000e+00,2.184978e+01,0.000000e+00,0.000000e+00
2.275000e-03,2.135626e+01,2.364380e+01,0.000000e+00,2.174571e+00,0.000000e+00,2.000000e-01,2.500000e-05,0.000000e+00,0.000000e+00,2.135626e+01,0.000000e+00,0.000000e+00,0.000000e+00,0.000000e+00,0.000000e+00,0.000000e+00,0.000000e+00,0.000000e+00,0.000000e+00,0.000000e+00,0.000000e+00,0.000000e+00,1.000000e+00,0.000000e+00,2.759279e+02,0.000000e+00,5.857212e-02,2.135626e+01,0.000000e+00,0.000000e+00,0.000000e+00,0.000000e+00,0.000000e+00,-8.288780e-01,0.000000e+00,5.857212e-02,0.000000e+00,2.178020e+01,0.000000e+00,0.000000e+00
2.300000e-03,2.150538e+01,2.349468e+01,0.000000e+00,2.167703e+00,0.000000e+00,2.000000e-01,2.500000e-05,0.000000e+00,0.000000e+00,2.150538e+01,0.000000e+00,0.000000e+00,0.000000e+00,0.000000e+00,0.000000e+00,0.000000e+00,0.000000e+00,0.000000e+00,0.000000e+00,0.000000e+00,0.000000e+00,0.000000e+00,1.000000e+00,0.000000e+00,2.735370e+02,0.000000e+00,5.911491e-02,2.150538e+01,0.000000e+00,0.000000e+00,0.000000e+00,0.000000e+00,0.000000e+00,-8.357164e-01,0.000000e+00,5.911491e-02,0.000000e+00,2.171122e+01,0.000000e+00,0.000000e+00
2.325000e-03,2.165274e+01,2.334732e+01,0.000000e+00,2.160894e+00,0.000000e+00,2.000000e-01,2.500000e-05,0.000000e+00,0.000000e+00,2.165274e+01,0.000000e+00,0.000000e+00,0.000000e+00,0.000000e+00,0.000000e+00,0.000000e+00,0.000000e+00,0.000000e+00,0.000000e+00,0.000000e+00,0.000000e+00,0.000000e+00,1.000000e+00,0.000000e+00,2.711535e+02,0.000000e+00,5.965598e-02,2.165274e+01,0.000000e+00,0.000000e+00,0.000000e+00,0.000000e+00,0.000000e+00,-8.424953e-01,0.000000e+00,5.965598e-02,0.000000e+00,2.164284e+01,0.000000e+00,0.000000e+00
2.350000e-03,2.179835e+01,2.320170e+01,0.000000e+00,2.154145e+00,0.000000e+00,2.000000e-01,2.500000e-05,0.000000e+00,0.000000e+00,2.179835e+01,0.000000e+00,0.000000e+00,0.000000e+00,0.000000e+00,0.000000e+00,0.000000e+00,0.000000e+00,0.000000e+00,0.000000e+00,0.000000e+00,0.000000e+00,0.000000e+00,1.000000e+00,0.000000e+00,2.687776e+02,0.000000e+00,6.019535e-02,2.179835e+01,0.000000e+00,0.000000e+00,0.000000e+00,0.000000e+00,0.000000e+00,-8.492147e-01,0.000000e+00,6.019535e-02,0.000000e+00,2.157505e+01,0.000000e+00,0.000000e+00
2.375000e-03,2.194224e+01,2.305782e+01,0.000000e+00,2.147455e+00,0.000000e+00,2.000000e-01,2.500000e-05,0.000000e+00,0.000000e+00,2.194224e+01,0.000000e+00,0.000000e+00,0.000000e+00,0.000000e+00,0.000000e+00,0.000000e+00,0.000000e+00,0.000000e+00,0.000000e+00,0.000000e+00,0.000000e+00,0.000000e+00,1.000000e+00,0.000000e+00,2.664091e+02,0.000000e+00,6.073305e-02,2.194224e+01,0.000000e+00,0.000000e+00,0.000000e+00,0.000000e+00,0.000000e+00,-8.558750e-01,0.000000e+00,6.073305e-02,0.000000e+00,2.150785e+01,0.000000e+00,0.000000e+00
2.400000e-03,2.208441e+01,2.291565e+01,0.000000e+00,2.140825e+00,0.000000e+00,2.000000e-01,2.500000e-05,0.000000e+00,0.000000e+00,2.208441e+01,0.000000e+00,0.000000e+00,0.000000e+00,0.000000e+00,0.000000e+00,0.000000e+00,0.000000e+00,0.000000e+00,0.000000e+00,0.000000e+00,0.000000e+00,0.000000e+00,1.000000e+00,0.000000e+00,2.640479e+02,0.000000e+00,6.126908e-02,2.208441e+01,0.000000e+00,0.000000e+00,0.000000e+00,0.000000e+00,0.000000e+00,-8.624762e-01,0.000000e+00,6.126908e-02,0.000000e+00,2.144125e+01,0.000000e+00,0.000000e+00
2.425000e-03,2.222488e+01,2.277517e+01,0.000000e+00,2.134253e+00,0.000000e+00,2.000000e-01,2.500000e-05,0.000000e+00,0.000000e+00,2.222488e+01,0.000000e+00,0.000000e+00,0.000000e+00,0.000000e+00,0.000000e+00,0.000000e+00,0.000000e+00,0.000000e+00,0.000000e+00,0.000000e+00,0.000000e+00,0.000000e+00,1.000000e+00,0.000000e+00,2.616939e+02,0.000000e+00,6.180346e-02,2.222488e+01,0.000000e+00,0.000000e+00,0.000000e+00,0.000000e+00,0.000000e+00,-8.690185e-01,0.000000e+00,6.180346e-02,0.000000e+00,2.137524e+01,0.000000e+00,0.000000e+00
2.450000e-03,2.236367e+01,2.263638e+01,0.000000e+00,2.127740e+00,0.000000e+00,2.000000e-01,2.500000e-05,0.000000e+00,0.000000e+00,2.236367e+01,0.000000e+00,0.000000e+00,0.000000e+00,0.000000e+00,0.000000e+00,0.000000e+00,0.000000e+00,0.000000e+00,0.000000e+00,0.000000e+00,0.000000e+00,0.000000e+00,1.000000e+00,0.000000e+00,2.593472e+02,0.000000e+00,6.233621e-02,2.236367e+01,0.000000e+00,0.000000e+00,0.000000e+00,0.000000e+00,0.000000e+00,-8.755022e-01,0.000000e+00,6.233621e-02,0.000000e+00,2.130981e+01,0.000000e+00,0.000000e+00
2.475000e-03,2.250080e+01,2.249926e+01,0.000000e+00,2.121285e+00,0.000000e+00,2.000000e-01,2.500000e-05,0.000000e+00,0.000000e+00,2.250080e+01,0.000000e+00,0.000000e+00,0.000000e+00,0.000000e+00,0.000000e+00,0.000000e+00,0.000000e+00,0.000000e+00,0.000000e+00,0.000000e+00,0.000000e+00,0.000000e+00,1.000000e+00,0.000000e+00,2.570076e+02,0.000000e+00,6.286733e-02,2.250080e+01,0.000000e+00,0.000000e+00,0.000000e+00,0.000000e+00,0.000000e+00,-8.819274e-01,0.000000e+00,6.286733e-02,0.000000e+00,2.124498e+01,0.000000e+00,0.000000e+00
2.500000e-03,2.263627e+01,2.236378e+01,0.000000e+00,2.114889e+00,0.000000e+00,2.000000e-01,2.500000e-05,0.000000e+00,0.000000e+00,2.263627e+01,0.000000e+00,0.000000e+00,0.000000e+00,0.000000e+00,0.000000e+00,0.000000e+00,0.000000e+00,0.000000e+00,0.000000e+00,0.000000e+00,0.000000e+00,0.000000e+00,1.000000e+00,0.000000e+00,2.546751e+02,0.000000e+00,6.339685e-02,2.263627e+01,0.000000e+00,0.000000e+00,0.000000e+00,0.000000e+00,0.000000e+00,-8.882942e-01,0.000000e+00,6.339685e-02,0.000000e+00,2.118073e+01,0.000000e+00,0.000000e+00
2.525000e-03,2.277011e+01,2.222994e+01,0.000000e+00,2.108552e+00,0.000000e+00,2.000000e-01,2.500000e-05,0.000000e+00,0.000000e+00,2.277011e+01,0.000000e+00,0.000000e+00,0.000000e+00,0.000000e+00,0.000000e+00,0.000000e+00,0.000000e+00,0.000000e+00,0.000000e+00,0.000000e+00,0.000000e+00,0.000000e+00,1.000000e+00,0.000000e+00,2.523496e+02,0.000000e+00,6.392477e-02,2.277011e+01,0.000000e+00,0.000000e+00,0.000000e+00,0.000000e+00,0.000000e+00,-8.946030e-01,0.000000e+00,6.392477e-02,0.000000e+00,2.111706e+01,0.000000e+00,0.000000e+00
2.550000e-03,2.290232e+01,2.209773e+01,0.000000e+00,2.102272e+00,0.000000e+00,2.000000e-01,2.500000e-05,0.000000e+00,0.000000e+00,2.290232e+01,0.000000e+00,0.000000e+00,0.000000e+00,0.000000e+00,0.000000e+00,0.000000e+00,0.000000e+00,0.000000e+00,0.000000e+00,0.000000e+00,0.000000e+00,0.000000e+00,1.000000e+00,0.000000e+00,2.500310e+02,0.000000e+00,6.445113e-02,2.290232e+01,0.000000e+00,0.000000e+00,0.000000e+00,0.000000e+00,0.000000e+00,-9.008538e-01,0.000000e+00,6.445113e-02,0.000000e+00,2.105397e+01,0.000000e+00,0.000000e+00
2.575000e-03,2.303292e+01,2.196712e+01,0.000000e+00,2.096050e+00,0.000000e+00,2.000000e-01,2.500000e-05,0.000000e+00,0.000000e+00,2.303292e+01,0.000000e+00,0.000000e+00,0.000000e+00,0.000000e+00,0.000000e+00,0.000000e+00,0.000000e+00,0.000000e+00,0.000000e+00,0.000000e+00,0.000000e+00,0.000000e+00,1.000000e+00,0.000000e+00,2.477193e+02,0.000000e+00,6.497591e-02,2.303292e+01,0.000000e+00,0.000000e+00,0.000000e+00,0.000000e+00,0.000000e+00,-9.070467e-01,0.000000e+00,6.497591e-02,0.000000e+00,2.099146e+01,0.000000e+00,0.000000e+00
2.600000e-03,2.316194e+01,2.183811e+01,0.000000e+00,2.089885e+00,0.000000e+00,2.000000e-01,2.500000e-05,0.000000e+00,0.000000e+00,2.316194e+01,0.000000e+00,0.000000e+00,0.000000e+00,0.000000e+00,0.000000e+00,0.000000e+00,0.000000e+00,0.000000e+00,0.000000e+00,0.000000e+00,0.000000e+00,0.000000e+00,1.000000e+00,0.000000e+00,2.454145e+02,0.000000e+00,6.549915e-02,2.316194e+01,0.000000e+00,0.000000e+00,0.000000e+00,0.000000e+00,0.000000e+00,-9.131821e-01,0.000000e+00,6.549915e-02,0.000000e+00,2.092953e+01,0.000000e+00,0.000000e+00
2.625000e-03,2.328937e+01,2.171067e+01,0.000000e+00,2.083779e+00,0.000000e+00,2.000000e-01,2.500000e-05,0.000000e+00,0.000000e+00,2.328937e+01,0.000000e+00,0.000000e+00,0.000000e+00,0.000000e+00,0.000000e+00,0.000000e+00,0.000000e+00,0.000000e+00,0.000000e+00,0.000000e+00,0.000000e+00,0.000000e+00,1.000000e+00,0.000000e+00,2.431164e+02,0.000000e+00,6.602085e-02,2.328937e+01,0.000000e+00,0.000000e+00,0.000000e+00,0.000000e+00,0.000000e+00,-9.192600e-01,0.000000e+00,6.602085e-02,0.000000e+00,2.086818e+01,0.000000e+00,0.000000e+00
2.650000e-03,2.341524e+01,2.158480e+01,0.000000e+00,2.077730e+00,0.000000e+00,2.000000e-01,2.500000e-05,0.000000e+00,0.000000e+00,2.341524e+01,0.000000e+00,0.000000e+00,0.000000e+00,0.000000e+00,0.000000e+00,0.000000e+00,0.000000e+00,0.000000e+00,0.000000e+00,0.000000e+00,0.000000e+00,0.000000e+00,1.000000e+00,0.000000e+00,2.408250e+02,0.000000e+00,6.654104e-02,2.341524e+01,0.000000e+00,0.000000e+00,0.000000e+00,0.000000e+00,0.000000e+00,-9.252806e-01,0.000000e+00,6.654104e-02,0.000000e+00,2.080740e+01,0.000000e+00,0.000000e+00
2.675000e-03,2.353956e+01,2.146048e+01,0.000000e+00,2.071738e+00,0.000000e+00,2.000000e-01,2.500000e-05,0.000000e+00,0.000000e+00,2.353956e+01,0.000000e+00,0.000000e+00,0.000000e+00,0.000000e+00,0.000000e+00,0.000000e+00,0.000000e+00,0.000000e+00,0.000000e+00,0.000000e+00,0.000000e+00,0.000000e+00,1.000000e+00,0.000000e+00,2.385402e+02,0.000000e+00,6.705972e-02,2.353956e+01,0.000000e+00,0.000000e+00,0.000000e+00,0.000000e+00,0.000000e+00,-9.312441e-01,0.000000e+00,6.705972e-02,0.000000e+00,2.074719e+01,0.000000e+00,0.000000e+00
2.700000e-03,2.366234e+01,2.133770e+01,0.000000e+00,2.065803e+00,0.000000e+00,2.000000e-01,2.500000e-05,0.000000e+00,0.000000e+00,2.366234e+01,0.000000e+00,0.000000e+00,0.000000e+00,0.000000e+00,0.000000e+00,0.000000e+00,0.000000e+00,0.000000e+00,0.000000e+00,0.000000e+00,0.000000e+00,0.000000e+00,1.000000e+00,0.000000e+00,2.362620e+02,0.000000e+00,6.757691e-02,2.366234e+01,0.000000e+00,0.000000e+00,0.000000e+00,0.000000e+00,0.000000e+00,-9.371507e-01,0.000000e+00,6.757691e-02,0.000000e+00,2.068756e+01,0.000000e+00,0.000000e+00
2.725000e-03,2.378360e+01,2.121644e+01,0.000000e+00,2.059924e+00,0.000000e+00,2.000000e-01,2.500000e-05,0.000000e+00,0.000000e+00,2.378360e+01,0.000000e+00,0.000000e+00,0.000000e+00,0.000000e+00,0.000000e+00,0.000000e+00,0.000000e+00,0.000000e+00,0.000000e+00,0.000000e+00,0.000000e+00,0.000000e+00,1.000000e+00,0.000000e+00,2.339903e+02,0.000000e+00,6.809262e-02,2.378360e+01,0.000000e+00,0.000000e+00,0.000000e+00,0.000000e+00,0.000000e+00,-9.430004e-01,0.000000e+00,6.809262e-02,0.000000e+00,2.062849e+01,0.000000e+00,0.000000e+00
2.750000e-03,2.390335e+01,2.109669e+01,0.000000e+00,2.054103e+00,0.000000e+00,2.000000e-01,2.500000e-05,0.000000e+00,0.000000e+00,2.390335e+01,0.000000e+00,0.000000e+00,0.000000e+00,0.000000e+00,0.000000e+00,0.000000e+00,0.000000e+00,0.000000e+00,0.000000e+00,0.000000e+00,0.000000e+00,0.000000e+00,1.000000e+00,0.000000e+00,2.317250e+02,0.000000e+00,6.860687e-02,2.390335e+01,0.000000e+00,0.000000e+00,0.000000e+00,0.000000e+00,0.000000e+00,-9.487936e-01,0.000000e+00,6.860687e-02,0.000000e+00,2.057000e+01,0.000000e+00,0.000000e+00
2.775000e-03,2.402160e+01,2.097845e+01,0.000000e+00,2.048338e+00,0.000000e+00,2.000000e-01,2.500000e-05,0.000000e+00,0.000000e+00,2.402160e+01,0.000000e+00,0.000000e+00,0.000000e+00,0.000000e+00,0.000000e+00,0.000000e+00,0.000000e+00,0.000000e+00,0.000000e+00,0.000000e+00,0.000000e+00,0.000000e+00,1.000000e+00,0.000000e+00,2.294662e+02,0.000000e+00,6.911967e-02,2.402160e+01,0.000000e+00,0.000000e+00,0.000000e+00,0.000000e+00,0.000000e+00,-9.545302e-01,0.000000e+00,6.911967e-02,0.000000e+00,2.051206e+01,0.000000e+00,0.000000e+00
2.800000e-03,2.413836e+01,2.086168e+01,0.000000e+00,2.042630e+00,0.000000e+00,2.000000e-01,2.500000e-05,0.000000e+00,0.000000e+00,2.413836e+01,0.000000e+00,0.000000e+00,0.000000e+00,0.000000e+00,0.000000e+00,0.000000e+00,0.000000e+00,0.000000e+00,0.000000e+00,0.000000e+00,0.000000e+00,0.000000e+00,1.000000e+00,0.000000e+00,2.272136e+02,0.000000e+00,6.963104e-02,2.413836e+01,0.000000e+00,0.000000e+00,0.000000e+00,0.000000e+00,0.000000e+00,-9.602106e-01,0.000000e+00,6.963104e-02,0.000000e+00,2.045470e+01,0.000000e+00,0.000000e+00
2.825000e-03,2.425366e+01,2.074638e+01,0.000000e+00,2.036977e+00,0.000000e+00,2.000000e-01,2.500000e-05,0.000000e+00,0.000000e+00,2.425366e+01,0.000000e+00,0.000000e+00,0.000000e+00,0.000000e+00,0.000000e+00,0.000000e+00,0.000000e+00,0.000000e+00,0.000000e+00,0.000000e+00,0.000000e+00,0.000000e+00,1.000000e+00,0.000000e+00,2.249673e+02,0.000000e+00,7.014099e-02,2.425366e+01,0.000000e+00,0.000000e+00,0.000000e+00,0.000000e+00,0.000000e+00,-9.658347e-01,0.000000e+00,7.014099e-02,0.000000e+00,2.039789e+01,0.000000e+00,0.000000e+00
2.850000e-03,2.436749e+01,2.063255e+01,0.000000e+00,2.031381e+00,0.000000e+00,2.000000e-01,2.500000e-05,0.000000e+00,0.000000e+00,2.436749e+01,0.000000e+00,0.000000e+00,0.000000e+00,0.000000e+00,0.000000e+00,0.000000e+00,0.000000e+00,0.000000e+00,0.000000e+00,0.000000e+00,0.000000e+00,0.000000e+00,1.000000e+00,0.000000e+00,2.227272e+02,0.000000e+00,7.064953e-02,2.436749e+01,0.000000e+00,0.000000e+00,0.000000e+00,0.000000e+00,0.000000e+00,-9.714029e-01,0.000000e+00,7.064953e-02,0.000000e+00,2.034165e+01,0.000000e+00,0.000000e+00
2.875000e-03,2.447988e+01,2.052016e+01,0.000000e+00,2.025841e+00,0.000000e+00,2.000000e-01,2.500000e-05,0.000000e+00,0.000000e+00,2.447988e+01,0.000000e+00,0.000000e+00,0.000000e+00,0.000000e+00,0.000000e+00,0.000000e+00,0.000000e+00,0.000000e+00,0.000000e+00,0.000000e+00,0.000000e+00,0.000000e+00,1.000000e+00,0.000000e+00,2.204932e+02,0.000000e+00,7.115668e-02,2.447988e+01,0.000000e+00,0.000000e+00,0.000000e+00,0.000000e+00,0.000000e+00,-9.769152e-01,0.000000e+00,7.115668e-02,0.000000e+00,2.028597e+01,0.000000e+00,0.000000e+00
2.900000e-03,2.459084e+01,2.040920e+01,0.000000e+00,2.020356e+00,0.000000e+00,2.000000e-01,2.500000e-05,0.000000e+00,0.000000e+00,2.459084e+01,0.000000e+00,0.000000e+00,0.000000e+00,0.000000e+00,0.000000e+00,0.000000e+00,0.000000e+00,0.000000e+00,0.000000e+00,0.000000e+00,0.000000e+00,0.000000e+00,1.000000e+00,0.000000e+00,2.182653e+02,0.000000e+00,7.166245e-02,2.459084e+01,0.000000e+00,0.000000e+00,0.000000e+00,0.000000e+00,0.000000e+00,-9.823719e-01,0.000000e+00,7.166245e-02,0.000000e+00,2.023085e+01,0.000000e+00,0.000000e+00
2.925000e-03,2.470037e+01,2.029967e+01,0.000000e+00,2.014928e+00,0.000000e+00,2.000000e-01,2.500000e-05,0.000000e+00,0.000000e+00,2.470037e+01,0.000000e+00,0.000000e+00,0.000000e+00,0.000000e+00,0.000000e+00,0.000000e+00,0.000000e+00,0.000000e+00,0.000000e+00,0.000000e+00,0.000000e+00,0.000000e+00,1.000000e+00,0.000000e+00,2.160434e+02,0.000000e+00,7.216685e-02,2.470037e+01,0.000000e+00,0.000000e+00,0.000000e+00,0.000000e+00,0.000000e+00,-9.877729e-01,0.000000e+00,7.216685e-02,0.000000e+00,2.017628e+01,0.000000e+00,0.000000e+00
2.950000e-03,2.480849e+01,2.019154e+01,0.000000e+00,2.009554e+00,0.000000e+00,2.000000e-01,2.500000e-05,0.000000e+00,0.000000e+00,2.480849e+01,0.000000e+00,0.000000e+00,0.000000e+00,0.000000e+00,0.000000e+00,0.000000e+00,0.000000e+00,0.000000e+00,0.000000e+00,0.000000e+00,0.000000e+00,0.000000e+00,1.000000e+00,0.000000e+00,2.138274e+02,0.000000e+00,7.266992e-02,2.480849e+01,0.000000e+00,0.000000e+00,0.000000e+00,0.000000e+00,0.000000e+00,-9.931186e-01,0.000000e+00,7.266992e-02,0.000000e+00,2.012227e+01,0.000000e+00,0.000000e+00
2.975000e-03,2.491522e+01,2.008481e+01,0.000000e+00,2.004236e+00,0.000000e+00,2.000000e-01,2.500000e-05,0.000000e+00,0.000000e+00,2.491522e+01,0.000000e+00,0.000000e+00,0.000000e+00,0.000000e+00,0.000000e+00,0.000000e+00,0.000000e+00,0.000000e+00,0.000000e+00,0.000000e+00,0.000000e+00,0.000000e+00,1.000000e+00,0.000000e+00,2.116174e+02,0.000000e+00,7.317163e-02,2.491522e+01,0.000000e+00,0.000000e+00,0.000000e+00,0.000000e+00,0.000000e+00,-9.984091e-01,0.000000e+00,7.317163e-02,0.000000e+00,2.006881e+01,0.000000e+00,0.000000e+00
3.000000e-03,2.502056e+01,1.997947e+01,0.000000e+00,1.998973e+00,0.000000e+00,2.000000e-01,2.500000e-05,0.000000e+00,0.000000e+00,2.502056e+01,0.000000e+00,0.000000e+00,0.000000e+00,0.000000e+00,0.000000e+00,0.000000e+00,0.000000e+00,0.000000e+00,0.000000e+00,0.000000e+00,0.000000e+00,0.000000e+00,1.000000e+00,0.000000e+00,2.094131e+02,0.000000e+00,7.367203e-02,2.502056e+01,0.000000e+00,0.000000e+00,0.000000e+00,0.000000e+00,0.000000e+00,-1.003644e+00,0.000000e+00,7.367203e-02,0.000000e+00,2.001591e+01,0.000000e+00,0.000000e+00
3.025000e-03,2.512453e+01,1.987550e+01,0.000000e+00,1.993765e+00,0.000000e+00,2.000000e-01,2.500000e-05,0.000000e+00,0.000000e+00,2.512453e+01,0.000000e+00,0.000000e+00,0.000000e+00,0.000000e+00,0.000000e+00,0.000000e+00,0.000000e+00,0.000000e+00,0.000000e+00,0.000000e+00,0.000000e+00,0.000000e+00,1.000000e+00,0.000000e+00,2.072146e+02,0.000000e+00,7.417112e-02,2.512453e+01,0.000000e+00,0.000000e+00,0.000000e+00,0.000000e+00,0.000000e+00,-1.008825e+00,0.000000e+00,7.417112e-02,0.000000e+00,1.996356e+01,0.000000e+00,0.000000e+00
3.050000e-03,2.522713e+01,1.977290e+01,0.000000e+00,1.988612e+00,0.000000e+00,2.000000e-01,2.500000e-05,0.000000e+00,0.000000e+00,2.522713e+01,0.000000e+00,0.000000e+00,0.000000e+00,0.000000e+00,0.000000e+00,0.000000e+00,0.000000e+00,0.000000e+00,0.000000e+00,0.000000e+00,0.000000e+00,0.000000e+00,1.000000e+00,0.000000e+00,2.050219e+02,0.000000e+00,7.466891e-02,2.522713e+01,0.000000e+00,0.000000e+00,0.000000e+00,0.000000e+00,0.000000e+00,-1.013950e+00,0.000000e+00,7.466891e-02,0.000000e+00,1.991175e+01,0.000000e+00,0.000000e+00
3.075000e-03,2.532839e+01,1.967164e+01,0.000000e+00,1.983514e+00,0.000000e+00,2.000000e-01,2.500000e-05,0.000000e+00,0.000000e+00,2.532839e+01,0.000000e+00,0.000000e+00,0.000000e+00,0.000000e+00,0.000000e+00,0.000000e+00,0.000000e+00,0.000000e+00,0.000000e+00,0.000000e+00,0.000000e+00,0.000000e+00,1.000000e+00,0.000000e+00,2.028347e+02,0.000000e+00,7.516543e-02,2.532839e+01,0.000000e+00,0.000000e+00,0.000000e+00,0.000000e+00,0.000000e+00,-1.019021e+00,0.000000e+00,7.516543e-02,0.000000e+00,1.986050e+01,0.000000e+00,0.000000e+00
3.100000e-03,2.542830e+01,1.957173e+01,0.000000e+00,1.978471e+00,0.000000e+00,2.000000e-01,2.500000e-05,0.000000e+00,0.000000e+00,2.542830e+01,0.000000e+00,0.000000e+00,0.000000e+00,0.000000e+00,0.000000e+00,0.000000e+00,0.000000e+00,0.000000e+00,0.000000e+00,0.000000e+00,0.000000e+00,0.000000e+00,1.000000e+00,0.000000e+00,2.006532e+02,0.000000e+00,7.566067e-02,2.542830e+01,0.000000e+00,0.000000e+00,0.000000e+00,0.000000e+00,0.000000e+00,-1.024037e+00,0.000000e+00,7.566067e-02,0.000000e+00,1.980979e+01,0.000000e+00,0.000000e+00
3.125000e-03,2.552688e+01,1.947315e+01,0.000000e+00,1.973482e+00,0.000000e+00,2.000000e-01,2.500000e-05,0.000000e+00,0.000000e+00,2.552688e+01,0.000000e+00,0.000000e+00,0.000000e+00,0.000000e+00,0.000000e+00,0.000000e+00,0.000000e+00,0.000000e+00,0.000000e+00,0.000000e+00,0.000000e+00,0.000000e+00,1.000000e+00,0.000000e+00,1.984772e+02,0.000000e+00,7.615466e-02,2.552688e+01,0.000000e+00,0.000000e+00,0.000000e+00,0.000000e+00,0.000000e+00,-1.028999e+00,0.000000e+00,7.615466e-02,0.000000e+00,1.975962e+01,0.000000e+00,0.000000e+00
3.150000e-03,2.562415e+01,1.937588e+01,0.000000e+00,1.968547e+00,0.000000e+00,2.000000e-01,2.500000e-05,0.000000e+00,0.000000e+00,2.562415e+01,0.000000e+00,0.000000e+00,0.000000e+00,0.000000e+00,0.000000e+00,0.000000e+00,0.000000e+00,0.000000e+00,0.000000e+00,0.000000e+00,0.000000e+00,0.000000e+00,1.000000e+00,0.000000e+00,1.963066e+02,0.000000e+00,7.664741e-02,2.562415e+01,0.000000e+00,0.000000e+00,0.000000e+00,0.000000e+00,0.000000e+00,-1.033907e+00,0.000000e+00,7.664741e-02,0.000000e+00,1.971000e+01,0.000000e+00,0.000000e+00
3.175000e-03,2.572011e+01,1.927992e+01,0.000000e+00,1.963666e+00,0.000000e+00,2.000000e-01,2.500000e-05,0.000000e+00,0.000000e+00,2.572011e+01,0.000000e+00,0.000000e+00,0.000000e+00,0.000000e+00,0.000000e+00,0.000000e+00,0.000000e+00,0.000000e+00,0.000000e+00,0.000000e+00,0.000000e+00,0.000000e+00,1.000000e+00,0.000000e+00,1.941415e+02,0.000000e+00,7.713893e-02,2.572011e+01,0.000000e+00,0.000000e+00,0.000000e+00,0.000000e+00,0.000000e+00,-1.038761e+00,0.000000e+00,7.713893e-02,0.000000e+00,1.966093e+01,0.000000e+00,0.000000e+00
3.200000e-03,2.581477e+01,1.918526e+01,0.000000e+00,1.958840e+00,0.000000e+00,2.000000e-01,2.500000e-05,0.000000e+00,0.000000e+00,2.581477e+01,0.000000e+00,0.000000e+00,0.000000e+00,0.000000e+00,0.000000e+00,0.000000e+00,0.000000e+00,0.000000e+00,0.000000e+00,0.000000e+00,0.000000e+00,0.000000e+00,1.000000e+00,0.000000e+00,1.919817e+02,0.000000e+00,7.762925e-02,2.581477e+01,0.000000e+00,0.000000e+00,0.000000e+00,0.000000e+00,0.000000e+00,-1.043560e+00,0.000000e+00,7.762925e-02,0.000000e+00,1.961239e+01,0.000000e+00,0.000000e+00
3.225000e-03,2.590814e+01,1.909189e+01,0.000000e+00,1.954067e+00,0.000000e+00,2.000000e-01,2.500000e-05,0.000000e+00,0.000000e+00,2.590814e+01,0.000000e+00,0.000000e+00,0.000000e+00,0.000000e+00,0.000000e+00,0.000000e+00,0.000000e+00,0.000000e+00,0.000000e+00,0.000000e+00,0.000000e+00,0.000000e+00,1.000000e+00,0.000000e+00,1.898271e+02,0.000000e+00,7.811835e-02,2.590814e+01,0.000000e+00,0.000000e+00,0.000000e+00,0.000000e+00,0.000000e+00,-1.048306e+00,0.000000e+00,7.811835e-02,0.000000e+00,1.956440e+01,0.000000e+00,0.000000e+00
3.250000e-03,2.600024e+01,1.899979e+01,0.000000e+00,1.949348e+00,0.000000e+00,2.000000e-01,2.500000e-05,0.000000e+00,0.000000e+00,2.600024e+01,0.000000e+00,0.000000e+00,0.000000e+00,0.000000e+00,0.000000e+00,0.000000e+00,0.000000e+00,0.000000e+00,0.000000e+00,0.000000e+00,0.000000e+00,0.000000e+00,1.000000e+00,0.000000e+00,1.876779e+02,0.000000e+00,7.860628e-02,2.600024e+01,0.000000e+00,0.000000e+00,0.000000e+00,0.000000e+00,0.000000e+00,-1.052998e+00,0.000000e+00,7.860628e-02,0.000000e+00,1.951694e+01,0.000000e+00,0.000000e+00
3.275000e-03,2.609107e+01,1.890896e+01,0.000000e+00,1.944683e+00,0.000000e+00,2.000000e-01,2.500000e-05,0.000000e+00,0.000000e+00,2.609107e+01,0.000000e+00,0.000000e+00,0.000000e+00,0.000000e+00,0.000000e+00,0.000000e+00,0.000000e+00,0.000000e+00,0.000000e+00,0.000000e+00,0.000000e+00,0.000000e+00,1.000000e+00,0.000000e+00,1.855337e+02,0.000000e+00,7.909303e-02,2.609107e+01,0.000000e+00,0.000000e+00,0.000000e+00,0.000000e+00,0.000000e+00,-1.057636e+00,0.000000e+00,7.909303e-02,0.000000e+00,1.947002e+01,0.000000e+00,0.000000e+00
3.300000e-03,2.618064e+01,1.881939e+01,0.000000e+00,1.940071e+00,0.000000e+00,2.000000e-01,2.500000e-05,0.000000e+00,0.000000e+00,2.618064e+01,0.000000e+00,0.000000e+00,0.000000e+00,0.000000e+00,0.000000e+00,0.000000e+00,0.000000e+00,0.000000e+00,0.000000e+00,0.000000e+00,0.000000e+00,0.000000e+00,1.000000e+00,0.000000e+00,1.833947e+02,0.000000e+00,7.957862e-02,2.618064e+01,0.000000e+00,0.000000e+00,0.000000e+00,0.000000e+00,0.000000e+00,-1.062221e+00,0.000000e+00,7.957862e-02,0.000000e+00,1.942364e+01,0.000000e+00,0.000000e+00
3.325000e-03,2.626897e+01,1.873106e+01,0.000000e+00,1.935513e+00,0.000000e+00,2.000000e-01,2.500000e-05,0.000000e+00,0.000000e+00,2.626897e+01,0.000000e+00,0.000000e+00,0.000000e+00,0.000000e+00,0.000000e+00,0.000000e+00,0.000000e+00,0.000000e+00,0.000000e+00,0.000000e+00,0.000000e+00,0.000000e+00,1.000000e+00,0.000000e+00,1.812607e+02,0.000000e+00,8.006307e-02,2.626897e+01,0.000000e+00,0.000000e+00,0.000000e+00,0.000000e+00,0.000000e+00,-1.066753e+00,0.000000e+00,8.006307e-02,0.000000e+00,1.937779e+01,0.000000e+00,0.000000e+00
3.350000e-03,2.635606e+01,1.864396e+01,0.000000e+00,1.931008e+00,0.000000e+00,2.000000e-01,2.500000e-05,0.000000e+00,0.000000e+00,2.635606e+01,0.000000e+00,0.000000e+00,0.000000e+00,0.000000e+00,0.000000e+00,0.000000e+00,0.000000e+00,0.000000e+00,0.000000e+00,0.000000e+00,0.000000e+00,0.000000e+00,1.000000e+00,0.000000e+00,1.791318e+02,0.000000e+00,8.054638e-02,2.635606e+01,0.000000e+00,0.000000e+00,0.000000e+00,0.000000e+00,0.000000e+00,-1.071231e+00,0.000000e+00,8.054638e-02,0.000000e+00,1.933247e+01,0.000000e+00,0.000000e+00
3.375000e-03,2.644192e+01,1.855810e+01,0.000000e+00,1.926557e+00,0.000000e+00,2.000000e-01,2.500000e-05,0.000000e+00,0.000000e+00,2.644192e+01,0.000000e+00,0.000000e+00,0.000000e+00,0.000000e+00,0.000000e+00,0.000000e+00,0.000000e+00,0.000000e+00,0.000000e+00,0.000000e+00,0.000000e+00,0.000000e+00,1.000000e+00,0.000000e+00,1.770077e+02,0.000000e+00,8.102857e-02,2.644192e+01,0.000000e+00,0.000000e+00,0.000000e+00,0.000000e+00,0.000000e+00,-1.075656e+00,0.000000e+00,8.102857e-02,0.000000e+00,1.928769e+01,0.000000e+00,0.000000e+00
3.400000e-03,2.652657e+01,1.847345e+01,0.000000e+00,1.922158e+00,0.000000e+00,2.000000e-01,2.500000e-05,0.000000e+00,0.000000e+00,2.652657e+01,0.000000e+00,0.000000e+00,0.000000e+00,0.000000e+00,0.000000e+00,0.000000e+00,0.000000e+00,0.000000e+00,0.000000e+00,0.000000e+00,0.000000e+00,0.000000e+00,1.000000e+00,0.000000e+00,1.748885e+02,0.000000e+00,8.150966e-02,2.652657e+01,0.000000e+00,0.000000e+00,0.000000e+00,0.000000e+00,0.000000e+00,-1.080028e+00,0.000000e+00,8.150966e-02,0.000000e+00,1.924344e+01,0.000000e+00,0.000000e+00
3.425000e-03,2.661001e+01,1.839002e+01,0.000000e+00,1.917812e+00,0.000000e+00,2.000000e-01,2.500000e-05,0.000000e+00,0.000000e+00,2.661001e+01,0.000000e+00,0.000000e+00,0.000000e+00,0.000000e+00,0.000000e+00,0.000000e+00,0.000000e+00,0.000000e+00,0.000000e+00,0.000000e+00,0.000000e+00,0.000000e+00,1.000000e+00,0.000000e+00,1.727742e+02,0.000000e+00,8.198965e-02,2.661001e+01,0.000000e+00,0.000000e+00,0.000000e+00,0.000000e+00,0.000000e+00,-1.084348e+00,0.000000e+00,8.198965e-02,0.000000e+00,1.919972e+01,0.000000e+00,0.000000e+00
3.450000e-03,2.669225e+01,1.830778e+01,0.000000e+00,1.913519e+00,0.000000e+00,2.000000e-01,2.500000e-05,0.000000e+00,0.000000e+00,2.669225e+01,0.000000e+00,0.000000e+00,0.000000e+00,0.000000e+00,0.000000e+00,0.000000e+00,0.000000e+00,0.000000e+00,0.000000e+00,0.000000e+00,0.000000e+00,0.000000e+00,1.000000e+00,0.000000e+00,1.706646e+02,0.000000e+00,8.246856e-02,2.669225e+01,0.000000e+00,0.000000e+00,0.000000e+00,0.000000e+00,0.000000e+00,-1.088614e+00,0.000000e+00,8.246856e-02,0.000000e+00,1.915652e+01,0.000000e+00,0.000000e+00
3.475000e-03,2.677329e+01,1.822673e+01,0.000000e+00,1.909279e+00,0.000000e+00,2.000000e-01,2.500000e-05,0.000000e+00,0.000000e+00,2.677329e+01,0.000000e+00,0.000000e+00,0.000000e+00,0.000000e+00,0.000000e+00,0.000000e+00,0.000000e+00,0.000000e+00,0.000000e+00,0.000000e+00,0.000000e+00,0.000000e+00,1.000000e+00,0.000000e+00,1.685597e+02,0.000000e+00,8.294640e-02,2.677329e+01,0.000000e+00,0.000000e+00,0.000000e+00,0.000000e+00,0.000000e+00,-1.092828e+00,0.000000e+00,8.294640e-02,0.000000e+00,1.911386e+01,0.000000e+00,0.000000e+00
3.500000e-03,2.685316e+01,1.814686e+01,0.000000e+00,1.905091e+00,0.000000e+00,2.000000e-01,2.500000e-05,0.000000e+00,0.000000e+00,2.685316e+01,0.000000e+00,0.000000e+00,0.000000e+00,0.000000e+00,0.000000e+00,0.000000e+00,0.000000e+00,0.000000e+00,0.000000e+00,0.000000e+00,0.000000e+00,0.000000e+00,1.000000e+00,0.000000e+00,1.664594e+02,0.000000e+00,8.342320e-02,2.685316e+01,0.000000e+00,0.000000e+00,0.000000e+00,0.000000e+00,0.000000e+00,-1.096990e+00,0.000000e+00,8.342320e-02,0.000000e+00,1.907172e+01,0.000000e+00,0.000000e+00
3.525000e-03,2.693186e+01,1.806816e+01,0.000000e+00,1.900956e+00,0.000000e+00,2.000000e-01,2.500000e-05,0.000000e+00,0.000000e+00,2.693186e+01,0.000000e+00,0.000000e+00,0.000000e+00,0.000000e+00,0.000000e+00,0.000000e+00,0.000000e+00,0.000000e+00,0.000000e+00,0.000000e+00,0.000000e+00,0.000000e+00,1.000000e+00,0.000000e+00,1.643637e+02,0.000000e+00,8.389895e-02,2.693186e+01,0.000000e+00,0.000000e+00,0.000000e+00,0.000000e+00,0.000000e+00,-1.101099e+00,0.000000e+00,8.389895e-02,0.000000e+00,1.903010e+01,0.000000e+00,0.000000e+00
3.550000e-03,2.700939e+01,1.799063e+01,0.000000e+00,1.896873e+00,0.000000e+00,2.000000e-01,2.500000e-05,0.000000e+00,0.000000e+00,2.700939e+01,0.000000e+00,0.000000e+00,0.000000e+00,0.000000e+00,0.000000e+00,0.000000e+00,0.000000e+00,0.000000e+00,0.000000e+00,0.000000e+00,0.000000e+00,0.000000e+00,1.000000e+00,0.000000e+00,1.622726e+02,0.000000e+00,8.437368e-02,2.700939e+01,0.000000e+00,0.000000e+00,0.000000e+00,0.000000e+00,0.000000e+00,-1.105156e+00,0.000000e+00,8.437368e-02,0.000000e+00,1.898901e+01,0.000000e+00,0.000000e+00
3.575000e-03,2.708576e+01,1.791426e+01,0.000000e+00,1.892842e+00,0.000000e+00,2.000000e-01,2.500000e-05,0.000000e+00,0.000000e+00,2.708576e+01,0.000000e+00,0.000000e+00,0.000000e+00,0.000000e+00,0.000000e+00,0.000000e+00,0.000000e+00,0.000000e+00,0.000000e+00,0.000000e+00,0.000000e+00,0.000000e+00,1.000000e+00,0.000000e+00,1.601859e+02,0.000000e+00,8.484739e-02,2.708576e+01,0.000000e+00,0.000000e+00,0.000000e+00,0.000000e+00,0.000000e+00,-1.109160e+00,0.000000e+00,8.484739e-02,0.000000e+00,1.894844e+01,0.000000e+00,0.000000e+00
3.600000e-03,2.716099e+01,1.783903e+01,0.000000e+00,1.888863e+00,0.000000e+00,2.000000e-01,2.500000e-05,0.000000e+00,0.000000e+00,2.716099e+01,0.000000e+00,0.000000e+00,0.000000e+00,0.000000e+00,0.000000e+00,0.000000e+00,0.000000e+00,0.000000e+00,0.000000e+00,0.000000e+00,0.000000e+00,0.000000e+00,1.000000e+00,0.000000e+00,1.581036e+02,0.000000e+00,8.532010e-02,2.716099e+01,0.000000e+00,0.000000e+00,0.000000e+00,0.000000e+00,0.000000e+00,-1.113113e+00,0.000000e+00,8.532010e-02,0.000000e+00,1.890840e+01,0.000000e+00,0.000000e+00
3.625000e-03,2.723508e+01,1.776493e+01,0.000000e+00,1.884937e+00,0.000000e+00,2.000000e-01,2.500000e-05,0.000000e+00,0.000000e+00,2.723508e+01,0.000000e+00,0.000000e+00,0.000000e+00,0.000000e+00,0.000000e+00,0.000000e+00,0.000000e+00,0.000000e+00,0.000000e+00,0.000000e+00,0.000000e+00,0.000000e+00,1.000000e+00,0.000000e+00,1.560257e+02,0.000000e+00,8.579182e-02,2.723508e+01,0.000000e+00,0.000000e+00,0.000000e+00,0.000000e+00,0.000000e+00,-1.117013e+00,0.000000e+00,8.579182e-02,0.000000e+00,1.886887e+01,0.000000e+00,0.000000e+00
3.650000e-03,2.730804e+01,1.769197e+01,0.000000e+00,1.881062e+00,0.000000e+00,2.000000e-01,2.500000e-05,0.000000e+00,0.000000e+00,2.730804e+01,0.000000e+00,0.000000e+00,0.000000e+00,0.000000e+00,0.000000e+00,0.000000e+00,0.000000e+00,0.000000e+00,0.000000e+00,0.000000e+00,0.000000e+00,0.000000e+00,1.000000e+00,0.000000e+00,1.539521e+02,0.000000e+00,8.626257e-02,2.730804e+01,0.000000e+00,0.000000e+00,0.000000e+00,0.000000e+00,0.000000e+00,-1.120862e+00,0.000000e+00,8.626257e-02,0.000000e+00,1.882986e+01,0.000000e+00,0.000000e+00
3.675000e-03,2.737988e+01,1.762013e+01,0.000000e+00,1.877239e+00,0.000000e+00,2.000000e-01,2.500000e-05,0.000000e+00,0.000000e+00,2.737988e+01,0.000000e+00,0.000000e+00,0.000000e+00,0.000000e+00,0.000000e+00,0.000000e+00,0.000000e+00,0.000000e+00,0.000000e+00,0.000000e+00,0.000000e+00,0.000000e+00,1.000000e+00,0.000000e+00,1.518827e+02,0.000000e+00,8.673235e-02,2.737988e+01,0.000000e+00,0.000000e+00,0.000000e+00,0.000000e+00,0.000000e+00,-1.124659e+00,0.000000e+00,8.673235e-02,0.000000e+00,1.879138e+01,0.000000e+00,0.000000e+00
3.700000e-03,2.745061e+01,1.754941e+01,0.000000e+00,1.873468e+00,0.000000e+00,2.000000e-01,2.500000e-05,0.000000e+00,0.000000e+00,2.745061e+01,0.000000e+00,0.000000e+00,0.000000e+00,0.000000e+00,0.000000e+00,0.000000e+00,0.000000e+00,0.000000e+00,0.000000e+00,0.000000e+00,0.000000e+00,0.000000e+00,1.000000e+00,0.000000e+00,1.498175e+02,0.000000e+00,8.720119e-02,2.745061e+01,0.000000e+00,0.000000e+00,0.000000e+00,0.000000e+00,0.000000e+00,-1.128405e+00,0.000000e+00,8.720119e-02,0.000000e+00,1.875341e+01,0.000000e+00,0.000000e+00
3.725000e-03,2.752022e+01,1.747979e+01,0.000000e+00,1.869748e+00,0.000000e+00,2.000000e-01,2.500000e-05,0.000000e+00,0.000000e+00,2.752022e+01,0.000000e+00,0.000000e+00,0.000000e+00,0.000000e+00,0.000000e+00,0.000000e+00,0.000000e+00,0.000000e+00,0.000000e+00,0.000000e+00,0.000000e+00,0.000000e+00,1.000000e+00,0.000000e+00,1.477564e+02,0.000000e+00,8.766908e-02,2.752022e+01,0.000000e+00,0.000000e+00,0.000000e+00,0.000000e+00,0.000000e+00,-1.132099e+00,0.000000e+00,8.766908e-02,0.000000e+00,1.871595e+01,0.000000e+00,0.000000e+00
3.750000e-03,2.758874e+01,1.741127e+01,0.000000e+00,1.866080e+00,0.000000e+00,2.000000e-01,2.500000e-05,0.000000e+00,0.000000e+00,2.758874e+01,0.000000e+00,0.000000e+00,0.000000e+00,0.000000e+00,0.000000e+00,0.000000e+00,0.000000e+00,0.000000e+00,0.000000e+00,0.000000e+00,0.000000e+00,0.000000e+00,1.000000e+00,0.000000e+00,1.456994e+02,0.000000e+00,8.813606e-02,2.758874e+01,0.000000e+00,0.000000e+00,0.000000e+00,0.000000e+00,0.000000e+00,-1.135741e+00,0.000000e+00,8.813606e-02,0.000000e+00,1.867901e+01,0.000000e+00,0.000000e+00
3.775000e-03,2.765617e+01,1.734385e+01,0.000000e+00,1.862463e+00,0.000000e+00,2.000000e-01,2.500000e-05,0.000000e+00,0.000000e+00,2.765617e+01,0.000000e+00,0.000000e+00,0.000000e+00,0.000000e+00,0.000000e+00,0.000000e+00,0.000000e+00,0.000000e+00,0.000000e+00,0.000000e+00,0.000000e+00,0.000000e+00,1.000000e+00,0.000000e+00,1.436463e+02,0.000000e+00,8.860213e-02,2.765617e+01,0.000000e+00,0.000000e+00,0.000000e+00,0.000000e+00,0.000000e+00,-1.139332e+00,0.000000e+00,8.860213e-02,0.000000e+00,1.864259e+01,0.000000e+00,0.000000e+00
3.800000e-03,2.772251e+01,1.727750e+01,0.000000e+00,1.858898e+00,0.000000e+00,2.000000e-01,2.500000e-05,0.000000e+00,0.000000e+00,2.772251e+01,0.000000e+00,0.000000e+00,0.000000e+00,0.000000e+00,0.000000e+00,0.000000e+00,0.000000e+00,0.000000e+00,0.000000e+00,0.000000e+00,0.000000e+00,0.000000e+00,1.000000e+00,0.000000e+00,1.415973e+02,0.000000e+00,8.906730e-02,2.772251e+01,0.000000e+00,0.000000e+00,0.000000e+00,0.000000e+00,0.000000e+00,-1.142872e+00,0.000000e+00,8.906730e-02,0.000000e+00,1.860668e+01,0.000000e+00,0.000000e+00
3.825000e-03,2.778778e+01,1.721224e+01,0.000000e+00,1.855383e+00,0.000000e+00,2.000000e-01,2.500000e-05,0.000000e+00,0.000000e+00,2.778778e+01,0.000000e+00,0.000000e+00,0.000000e+00,0.000000e+00,0.000000e+00,0.000000e+00,0.000000e+00,0.000000e+00,0.000000e+00,0.000000e+00,0.000000e+00,0.000000e+00,1.000000e+00,0.000000e+00,1.395522e+02,0.000000e+00,8.953157e-02,2.778778e+01,0.000000e+00,0.000000e+00,0.000000e+00,0.000000e+00,0.000000e+00,-1.146361e+00,0.000000e+00,8.953157e-02,0.000000e+00,1.857128e+01,0.000000e+00,0.000000e+00
3.850000e-03,2.785198e+01,1.714804e+01,0.000000e+00,1.851920e+00,0.000000e+00,2.000000e-01,2.500000e-05,0.000000e+00,0.000000e+00,2.785198e+01,0.000000e+00,0.000000e+00,0.000000e+00,0.000000e+00,0.000000e+00,0.000000e+00,0.000000e+00,0.000000e+00,0.000000e+00,0.000000e+00,0.000000e+00,0.000000e+00,1.000000e+00,0.000000e+00,1.375108e+02,0.000000e+00,8.999498e-02,2.785198e+01,0.000000e+00,0.000000e+00,0.000000e+00,0.000000e+00,0.000000e+00,-1.149799e+00,0.000000e+00,8.999498e-02,0.000000e+00,1.853639e+01,0.000000e+00,0.000000e+00
3.875000e-03,2.791511e+01,1.708490e+01,0.000000e+00,1.848508e+00,0.000000e+00,2.000000e-01,2.500000e-05,0.000000e+00,0.000000e+00,2.791511e+01,0.000000e+00,0.000000e+00,0.000000e+00,0.000000e+00,0.000000e+00,0.000000e+00,0.000000e+00,0.000000e+00,0.000000e+00,0.000000e+00,0.000000e+00,0.000000e+00,1.000000e+00,0.000000e+00,1.354733e+02,0.000000e+00,9.045754e-02,2.791511e+01,0.000000e+00,0.000000e+00,0.000000e+00,0.000000e+00,0.000000e+00,-1.153186e+00,0.000000e+00,9.045754e-02,0.000000e+00,1.850201e+01,0.000000e+00,0.000000e+00
3.900000e-03,2.797719e+01,1.702283e+01,0.000000e+00,1.845146e+00,0.000000e+00,2.000000e-01,2.500000e-05,0.000000e+00,0.000000e+00,2.797719e+01,0.000000e+00,0.000000e+00,0.000000e+00,0.000000e+00,0.000000e+00,0.000000e+00,0.000000e+00,0.000000e+00,0.000000e+00,0.000000e+00,0.000000e+00,0.000000e+00,1.000000e+00,0.000000e+00,1.334395e+02,0.000000e+00,9.091923e-02,2.797719e+01,0.000000e+00,0.000000e+00,0.000000e+00,0.000000e+00,0.000000e+00,-1.156522e+00,0.000000e+00,9.091923e-02,0.000000e+00,1.846814e+01,0.000000e+00,0.000000e+00
3.925000e-03,2.803822e+01,1.696179e+01,0.000000e+00,1.841836e+00,0.000000e+00,2.000000e-01,2.500000e-05,0.000000e+00,0.000000e+00,2.803822e+01,0.000000e+00,0.000000e+00,0.000000e+00,0.000000e+00,0.000000e+00,0.000000e+00,0.000000e+00,0.000000e+00,0.000000e+00,0.000000e+00,0.000000e+00,0.000000e+00,1.000000e+00,0.000000e+00,1.314094e+02,0.000000e+00,9.138010e-02,2.803822e+01,0.000000e+00,0.000000e+00,0.000000e+00,0.000000e+00,0.000000e+00,-1.159807e+00,0.000000e+00,9.138010e-02,0.000000e+00,1.843478e+01,0.000000e+00,0.000000e+00
3.950000e-03,2.809821e+01,1.690181e+01,0.000000e+00,1.838576e+00,0.000000e+00,2.000000e-01,2.500000e-05,0.000000e+00,0.000000e+00,2.809821e+01,0.000000e+00,0.000000e+00,0.000000e+00,0.000000e+00,0.000000e+00,0.000000e+00,0.000000e+00,0.000000e+00,0.000000e+00,0.000000e+00,0.000000e+00,0.000000e+00,1.000000e+00,0.000000e+00,1.293829e+02,0.000000e+00,9.184016e-02,2.809821e+01,0.000000e+00,0.000000e+00,0.000000e+00,0.000000e+00,0.000000e+00,-1.163041e+00,0.000000e+00,9.184016e-02,0.000000e+00,1.840193e+01,0.000000e+00,0.000000e+00
3.975000e-03,2.815716e+01,1.684285e+01,0.000000e+00,1.835366e+00,0.000000e+00,2.000000e-01,2.500000e-05,0.000000e+00,0.000000e+00,2.815716e+01,0.000000e+00,0.000000e+00,0.000000e+00,0.000000e+00,0.000000e+00,0.000000e+00,0.000000e+00,0.000000e+00,0.000000e+00,0.000000e+00,0.000000e+00,0.000000e+00,1.000000e+00,0.000000e+00,1.273600e+02,0.000000e+00,9.229939e-02,2.815716e+01,0.000000e+00,0.000000e+00,0.000000e+00,0.000000e+00,0.000000e+00,-1.166225e+00,0.000000e+00,9.229939e-02,0.000000e+00,1.836959e+01,0.000000e+00,0.000000e+00
4.000000e-03,2.821509e+01,1.678493e+01,0.000000e+00,1.832208e+00,0.000000e+00,2.000000e-01,2.500000e-05,0.000000e+00,0.000000e+00,2.821509e+01,0.000000e+00,0.000000e+00,0.000000e+00,0.000000e+00,0.000000e+00,0.000000e+00,0.000000e+00,0.000000e+00,0.000000e+00,0.000000e+00,0.000000e+00,0.000000e+00,1.000000e+00,0.000000e+00,1.253405e+02,0.000000e+00,9.275784e-02,2.821509e+01,0.000000e+00,0.000000e+00,0.000000e+00,0.000000e+00,0.000000e+00,-1.169359e+00,0.000000e+00,9.275784e-02,0.000000e+00,1.833775e+01,0.000000e+00,0.000000e+00
4.025000e-03,2.827199e+01,1.672802e+01,0.000000e+00,1.829099e+00,0.000000e+00,2.000000e-01,2.500000e-05,0.000000e+00,0.000000e+00,2.827199e+01,0.000000e+00,0.000000e+00,0.000000e+00,0.000000e+00,0.000000e+00,0.000000e+00,0.000000e+00,0.000000e+00,0.000000e+00,0.000000e+00,0.000000e+00,0.000000e+00,1.000000e+00,0.000000e+00,1.233245e+02,0.000000e+00,9.321550e-02,2.827199e+01,0.000000e+00,0.000000e+00,0.000000e+00,0.000000e+00,0.000000e+00,-1.172442e+00,0.000000e+00,9.321550e-02,0.000000e+00,1.830641e+01,0.000000e+00,0.000000e+00
4.050000e-03,2.832787e+01,1.667214e+01,0.000000e+00,1.826041e+00,0.000000e+00,2.000000e-01,2.500000e-05,0.000000e+00,0.000000e+00,2.832787e+01,0.000000e+00,0.000000e+00,0.000000e+00,0.000000e+00,0.000000e+00,0.000000e+00,0.000000e+00,0.000000e+00,0.000000e+00,0.000000e+00,0.000000e+00,0.000000e+00,1.000000e+00,0.000000e+00,1.213120e+02,0.000000e+00,9.367239e-02,2.832787e+01,0.000000e+00,0.000000e+00,0.000000e+00,0.000000e+00,0.000000e+00,-1.175475e+00,0.000000e+00,9.367239e-02,0.000000e+00,1.827558e+01,0.000000e+00,0.000000e+00
4.075000e-03,2.838275e+01,1.661726e+01,0.000000e+00,1.823034e+00,0.000000e+00,2.000000e-01,2.500000e-05,0.000000e+00,0.000000e+00,2.838275e+01,0.000000e+00,0.000000e+00,0.000000e+00,0.000000e+00,0.000000e+00,0.000000e+00,0.000000e+00,0.000000e+00,0.000000e+00,0.000000e+00,0.000000e+00,0.000000e+00,1.000000e+00,0.000000e+00,1.193027e+02,0.000000e+00,9.412852e-02,2.838275e+01,0.000000e+00,0.000000e+00,0.000000e+00,0.000000e+00,0.000000e+00,-1.178457e+00,0.000000e+00,9.412852e-02,0.000000e+00,1.824525e+01,0.000000e+00,0.000000e+00
4.100000e-03,2.843662e+01,1.656339e+01,0.000000e+00,1.820076e+00,0.000000e+00,2.000000e-01,2.500000e-05,0.000000e+00,0.000000e+00,2.843662e+01,0.000000e+00,0.000000e+00,0.000000e+00,0.000000e+00,0.000000e+00,0.000000e+00,0.000000e+00,0.000000e+00,0.000000e+00,0.000000e+00,0.000000e+00,0.000000e+00,1.000000e+00,0.000000e+00,1.172967e+02,0.000000e+00,9.458391e-02,2.843662e+01,0.000000e+00,0.000000e+00,0.000000e+00,0.000000e+00,0.000000e+00,-1.181390e+00,0.000000e+00,9.458391e-02,0.000000e+00,1.821543e+01,0.000000e+00,0.000000e+00
4.125000e-03,2.848950e+01,1.651052e+01,0.000000e+00,1.817169e+00,0.000000e+00,2.000000e-01,2.500000e-05,0.000000e+00,0.000000e+00,2.848950e+01,0.000000e+00,0.000000e+00,0.000000e+00,0.000000e+00,0.000000e+00,0.000000e+00,0.000000e+00,0.000000e+00,0.000000e+00,0.000000e+00,0.000000e+00,0.000000e+00,1.000000e+00,0.000000e+00,1.152940e+02,0.000000e+00,9.503856e-02,2.848950e+01,0.000000e+00,0.000000e+00,0.000000e+00,0.000000e+00,0.000000e+00,-1.184272e+00,0.000000e+00,9.503856e-02,0.000000e+00,1.818610e+01,0.000000e+00,0.000000e+00
4.150000e-03,2.854138e+01,1.645863e+01,0.000000e+00,1.814312e+00,0.000000e+00,2.000000e-01,2.500000e-05,0.000000e+00,0.000000e+00,2.854138e+01,0.000000e+00,0.000000e+00,0.000000e+00,0.000000e+00,0.000000e+00,0.000000e+00,0.000000e+00,0.000000e+00,0.000000e+00,0.000000e+00,0.000000e+00,0.000000e+00,1.000000e+00,0.000000e+00,1.132944e+02,0.000000e+00,9.549249e-02,2.854138e+01,0.000000e+00,0.000000e+00,0.000000e+00,0.000000e+00,0.000000e+00,-1.187105e+00,0.000000e+00,9.549249e-02,0.000000e+00,1.815728e+01,0.000000e+00,0.000000e+00
4.175000e-03,2.859227e+01,1.640774e+01,0.000000e+00,1.811504e+00,0.000000e+00,2.000000e-01,2.500000e-05,0.000000e+00,0.000000e+00,2.859227e+01,0.000000e+00,0.000000e+00,0.000000e+00,0.000000e+00,0.000000e+00,0.000000e+00,0.000000e+00,0.000000e+00,0.000000e+00,0.000000e+00,0.000000e+00,0.000000e+00,1.000000e+00,0.000000e+00,1.112980e+02,0.000000e+00,9.594572e-02,2.859227e+01,0.000000e+00,0.000000e+00,0.000000e+00,0.000000e+00,0.000000e+00,-1.189887e+00,0.000000e+00,9.594572e-02,0.000000e+00,1.812895e+01,0.000000e+00,0.000000e+00
4.200000e-03,2.864219e+01,1.635782e+01,0.000000e+00,1.808747e+00,0.000000e+00,2.000000e-01,2.500000e-05,0.000000e+00,0.000000e+00,2.864219e+01,0.000000e+00,0.000000e+00,0.000000e+00,0.000000e+00,0.000000e+00,0.000000e+00,0.000000e+00,0.000000e+00,0.000000e+00,0.000000e+00,0.000000e+00,0.000000e+00,1.000000e+00,0.000000e+00,1.093046e+02,0.000000e+00,9.639824e-02,2.864219e+01,0.000000e+00,0.000000e+00,0.000000e+00,0.000000e+00,0.000000e+00,-1.192620e+00,0.000000e+00,9.639824e-02,0.000000e+00,1.810113e+01,0.000000e+00,0.000000e+00
4.225000e-03,2.869113e+01,1.630888e+01,0.000000e+00,1.806039e+00,0.000000e+00,2.000000e-01,2.500000e-05,0.000000e+00,0.000000e+00,2.869113e+01,0.000000e+00,0.000000e+00,0.000000e+00,0.000000e+00,0.000000e+00,0.000000e+00,0.000000e+00,0.000000e+00,0.000000e+00,0.000000e+00,0.000000e+00,0.000000e+00,1.000000e+00,0.000000e+00,1.073143e+02,0.000000e+00,9.685009e-02,2.869113e+01,0.000000e+00,0.000000e+00,0.000000e+00,0.000000e+00,0.000000e+00,-1.195302e+00,0.000000e+00,9.685009e-02,0.000000e+00,1.807380e+01,0.000000e+00,0.000000e+00
4.250000e-03,2.873910e+01,1.626091e+01,0.000000e+00,1.803381e+00,0.000000e+00,2.000000e-01,2.500000e-05,0.000000e+00,0.000000e+00,2.873910e+01,0.000000e+00,0.000000e+00,0.000000e+00,0.000000e+00,0.000000e+00,0.000000e+00,0.000000e+00,0.000000e+00,0.000000e+00,0.000000e+00,0.000000e+00,0.000000e+00,1.000000e+00,0.000000e+00,1.053268e+02,0.000000e+00,9.730126e-02,2.873910e+01,0.000000e+00,0.000000e+00,0.000000e+00,0.000000e+00,0.000000e+00,-1.197936e+00,0.000000e+00,9.730126e-02,0.000000e+00,1.804697e+01,0.000000e+00,0.000000e+00
4.275000e-03,2.878610e+01,1.621391e+01,0.000000e+00,1.800773e+00,0.000000e+00,2.000000e-01,2.500000e-05,0.000000e+00,0.000000e+00,2.878610e+01,0.000000e+00,0.000000e+00,0.000000e+00,0.000000e+00,0.000000e+00,0.000000e+00,0.000000e+00,0.000000e+00,0.000000e+00,0.000000e+00,0.000000e+00,0.000000e+00,1.000000e+00,0.000000e+00,1.033423e+02,0.000000e+00,9.775177e-02,2.878610e+01,0.000000e+00,0.000000e+00,0.000000e+00,0.000000e+00,0.000000e+00,-1.200519e+00,0.000000e+00,9.775177e-02,0.000000e+00,1.802064e+01,0.000000e+00,0.000000e+00
4.300000e-03,2.883215e+01,1.616786e+01,0.000000e+00,1.798214e+00,0.000000e+00,2.000000e-01,2.500000e-05,0.000000e+00,0.000000e+00,2.883215e+01,0.000000e+00,0.000000e+00,0.000000e+00,0.000000e+00,0.000000e+00,0.000000e+00,0.000000e+00,0.000000e+00,0.000000e+00,0.000000e+00,0.000000e+00,0.000000e+00,1.000000e+00,0.000000e+00,1.013607e+02,0.000000e+00,9.820165e-02,2.883215e+01,0.000000e+00,0.000000e+00,0.000000e+00,0.000000e+00,0.000000e+00,-1.203053e+00,0.000000e+00,9.820165e-02,0.000000e+00,1.799481e+01,0.000000e+00,0.000000e+00
4.325000e-03,2.887724e+01,1.612277e+01,0.000000e+00,1.795704e+00,0.000000e+00,2.000000e-01,2.500000e-05,0.000000e+00,0.000000e+00,2.887724e+01,0.000000e+00,0.000000e+00,0.000000e+00,0.000000e+00,0.000000e+00,0.000000e+00,0.000000e+00,0.000000e+00,0.000000e+00,0.000000e+00,0.000000e+00,0.000000e+00,1.000000e+00,0.000000e+00,9.938178e+01,0.000000e+00,9.865089e-02,2.887724e+01,0.000000e+00,0.000000e+00,0.000000e+00,0.000000e+00,0.000000e+00,-1.205538e+00,0.000000e+00,9.865089e-02,0.000000e+00,1.796947e+01,0.000000e+00,0.000000e+00
4.350000e-03,2.892138e+01,1.607863e+01,0.000000e+00,1.793245e+00,0.000000e+00,2.000000e-01,2.500000e-05,0.000000e+00,0.000000e+00,2.892138e+01,0.000000e+00,0.000000e+00,0.000000e+00,0.000000e+00,0.000000e+00,0.000000e+00,0.000000e+00,0.000000e+00,0.000000e+00,0.000000e+00,0.000000e+00,0.000000e+00,1.000000e+00,0.000000e+00,9.740564e+01,0.000000e+00,9.909950e-02,2.892138e+01,0.000000e+00,0.000000e+00,0.000000e+00,0.000000e+00,0.000000e+00,-1.207973e+00,0.000000e+00,9.909950e-02,0.000000e+00,1.794462e+01,0.000000e+00,0.000000e+00
4.375000e-03,2.896457e+01,1.603543e+01,0.000000e+00,1.790834e+00,0.000000e+00,2.000000e-01,2.500000e-05,0.000000e+00,0.000000e+00,2.896457e+01,0.000000e+00,0.000000e+00,0.000000e+00,0.000000e+00,0.000000e+00,0.000000e+00,0.000000e+00,0.000000e+00,0.000000e+00,0.000000e+00,0.000000e+00,0.000000e+00,1.000000e+00,0.000000e+00,9.543217e+01,0.000000e+00,9.954751e-02,2.896457e+01,0.000000e+00,0.000000e+00,0.000000e+00,0.000000e+00,0.000000e+00,-1.210359e+00,0.000000e+00,9.954751e-02,0.000000e+00,1.792027e+01,0.000000e+00,0.000000e+00
4.400000e-03,2.900683e+01,1.599318e+01,0.000000e+00,1.788473e+00,0.000000e+00,2.000000e-01,2.500000e-05,0.000000e+00,0.000000e+00,2.900683e+01,0.000000e+00,0.000000e+00,0.000000e+00,0.000000e+00,0.000000e+00,0.000000e+00,0.000000e+00,0.000000e+00,0.000000e+00,0.000000e+00,0.000000e+00,0.000000e+00,1.000000e+00,0.000000e+00,9.346134e+01,0.000000e+00,9.999492e-02,2.900683e+01,0.000000e+00,0.000000e+00,0.000000e+00,0.000000e+00,0.000000e+00,-1.212695e+00,0.000000e+00,9.999492e-02,0.000000e+00,1.789641e+01,0.000000e+00,0.000000e+00
4.425000e-03,2.904815e+01,1.595186e+01,0.000000e+00,1.786161e+00,0.000000e+00,2.000000e-01,2.500000e-05,0.000000e+00,0.000000e+00,2.904815e+01,0.000000e+00,0.000000e+00,0.000000e+00,0.000000e+00,0.000000e+00,0.000000e+00,0.000000e+00,0.000000e+00,0.000000e+00,0.000000e+00,0.000000e+00,0.000000e+00,1.000000e+00,0.000000e+00,9.149308e+01,0.000000e+00,1.004417e-01,2.904815e+01,0.000000e+00,0.000000e+00,0.000000e+00,0.000000e+00,0.000000e+00,-1.214983e+00,0.000000e+00,1.004417e-01,0.000000e+00,1.787305e+01,0.000000e+00,0.000000e+00
4.450000e-03,2.908854e+01,1.591147e+01,0.000000e+00,1.783898e+00,0.000000e+00,2.000000e-01,2.500000e-05,0.000000e+00,0.000000e+00,2.908854e+01,0.000000e+00,0.000000e+00,0.000000e+00,0.000000e+00,0.000000e+00,0.000000e+00,0.000000e+00,0.000000e+00,0.000000e+00,0.000000e+00,0.000000e+00,0.000000e+00,1.000000e+00,0.000000e+00,8.952734e+01,0.000000e+00,1.008880e-01,2.908854e+01,0.000000e+00,0.000000e+00,0.000000e+00,0.000000e+00,0.000000e+00,-1.217221e+00,0.000000e+00,1.008880e-01,0.000000e+00,1.785017e+01,0.000000e+00,0.000000e+00
4.475000e-03,2.912801e+01,1.587200e+01,0.000000e+00,1.781685e+00,0.000000e+00,2.000000e-01,2.500000e-05,0.000000e+00,0.000000e+00,2.912801e+01,0.000000e+00,0.000000e+00,0.000000e+00,0.000000e+00,0.000000e+00,0.000000e+00,0.000000e+00,0.000000e+00,0.000000e+00,0.000000e+00,0.000000e+00,0.000000e+00,1.000000e+00,0.000000e+00,8.756406e+01,0.000000e+00,1.013337e-01,2.912801e+01,0.000000e+00,0.000000e+00,0.000000e+00,0.000000e+00,0.000000e+00,-1.219410e+00,0.000000e+00,1.013337e-01,0.000000e+00,1.782779e+01,0.000000e+00,0.000000e+00
4.500000e-03,2.916655e+01,1.583346e+01,0.000000e+00,1.779520e+00,0.000000e+00,2.000000e-01,2.500000e-05,0.000000e+00,0.000000e+00,2.916655e+01,0.000000e+00,0.000000e+00,0.000000e+00,0.000000e+00,0.000000e+00,0.000000e+00,0.000000e+00,0.000000e+00,0.000000e+00,0.000000e+00,0.000000e+00,0.000000e+00,1.000000e+00,0.000000e+00,8.560320e+01,0.000000e+00,1.017788e-01,2.916655e+01,0.000000e+00,0.000000e+00,0.000000e+00,0.000000e+00,0.000000e+00,-1.221550e+00,0.000000e+00,1.017788e-01,0.000000e+00,1.780590e+01,0.000000e+00,0.000000e+00
4.525000e-03,2.920417e+01,1.579583e+01,0.000000e+00,1.777404e+00,0.000000e+00,2.000000e-01,2.500000e-05,0.000000e+00,0.000000e+00,2.920417e+01,0.000000e+00,0.000000e+00,0.000000e+00,0.000000e+00,0.000000e+00,0.000000e+00,0.000000e+00,0.000000e+00,0.000000e+00,0.000000e+00,0.000000e+00,0.000000e+00,1.000000e+00,0.000000e+00,8.364469e+01,0.000000e+00,1.022234e-01,2.920417e+01,0.000000e+00,0.000000e+00,0.000000e+00,0.000000e+00,0.000000e+00,-1.223641e+00,0.000000e+00,1.022234e-01,0.000000e+00,1.778450e+01,0.000000e+00,0.000000e+00
4.550000e-03,2.924088e+01,1.575912e+01,0.000000e+00,1.775338e+00,0.000000e+00,2.000000e-01,2.500000e-05,0.000000e+00,0.000000e+00,2.924088e+01,0.000000e+00,0.000000e+00,0.000000e+00,0.000000e+00,0.000000e+00,0.000000e+00,0.000000e+00,0.000000e+00,0.000000e+00,0.000000e+00,0.000000e+00,0.000000e+00,1.000000e+00,0.000000e+00,8.168848e+01,0.000000e+00,1.026675e-01,2.924088e+01,0.000000e+00,0.000000e+00,0.000000e+00,0.000000e+00,0.000000e+00,-1.225683e+00,0.000000e+00,1.026675e-01,0.000000e+00,1.776359e+01,0.000000e+00,0.000000e+00
4.575000e-03,2.927669e+01,1.572332e+01,0.000000e+00,1.773320e+00,0.000000e+00,2.000000e-01,2.500000e-05,0.000000e+00,0.000000e+00,2.927669e+01,0.000000e+00,0.000000e+00,0.000000e+00,0.000000e+00,0.000000e+00,0.000000e+00,0.000000e+00,0.000000e+00,0.000000e+00,0.000000e+00,0.000000e+00,0.000000e+00,1.000000e+00,0.000000e+00,7.973453e+01,0.000000e+00,1.031111e-01,2.927669e+01,0.000000e+00,0.000000e+00,0.000000e+00,0.000000e+00,0.000000e+00,-1.227677e+00,0.000000e+00,1.031111e-01,0.000000e+00,1.774317e+01,0.000000e+00,0.000000e+00
4.600000e-03,2.931158e+01,1.568842e+01,0.000000e+00,1.771351e+00,0.000000e+00,2.000000e-01,2.500000e-05,0.000000e+00,0.000000e+00,2.931158e+01,0.000000e+00,0.000000e+00,0.000000e+00,0.000000e+00,0.000000e+00,0.000000e+00,0.000000e+00,0.000000e+00,0.000000e+00,0.000000e+00,0.000000e+00,0.000000e+00,1.000000e+00,0.000000e+00,7.778277e+01,0.000000e+00,1.035542e-01,2.931158e+01,0.000000e+00,0.000000e+00,0.000000e+00,0.000000e+00,0.000000e+00,-1.229621e+00,0.000000e+00,1.035542e-01,0.000000e+00,1.772323e+01,0.000000e+00,0.000000e+00
4.625000e-03,2.934558e+01,1.565443e+01,0.000000e+00,1.769431e+00,0.000000e+00,2.000000e-01,2.500000e-05,0.000000e+00,0.000000e+00,2.934558e+01,0.000000e+00,0.000000e+00,0.000000e+00,0.000000e+00,0.000000e+00,0.000000e+00,0.000000e+00,0.000000e+00,0.000000e+00,0.000000e+00,0.000000e+00,0.000000e+00,1.000000e+00,0.000000e+00,7.583315e+01,0.000000e+00,1.039968e-01,2.934558e+01,0.000000e+00,0.000000e+00,0.000000e+00,0.000000e+00,0.000000e+00,-1.231517e+00,0.000000e+00,1.039968e-01,0.000000e+00,1.770379e+01,0.000000e+00,0.000000e+00
4.650000e-03,2.937867e+01,1.562133e+01,0.000000e+00,1.767559e+00,0.000000e+00,2.000000e-01,2.500000e-05,0.000000e+00,0.000000e+00,2.937867e+01,0.000000e+00,0.000000e+00,0.000000e+00,0.000000e+00,0.000000e+00,0.000000e+00,0.000000e+00,0.000000e+00,0.000000e+00,0.000000e+00,0.000000e+00,0.000000e+00,1.000000e+00,0.000000e+00,7.388561e+01,0.000000e+00,1.044389e-01,2.937867e+01,0.000000e+00,0.000000e+00,0.000000e+00,0.000000e+00,0.000000e+00,-1.233364e+00,0.000000e+00,1.044389e-01,0.000000e+00,1.768483e+01,0.000000e+00,0.000000e+00
4.675000e-03,2.941088e+01,1.558913e+01,0.000000e+00,1.765737e+00,0.000000e+00,2.000000e-01,2.500000e-05,0.000000e+00,0.000000e+00,2.941088e+01,0.000000e+00,0.000000e+00,0.000000e+00,0.000000e+00,0.000000e+00,0.000000e+00,0.000000e+00,0.000000e+00,0.000000e+00,0.000000e+00,0.000000e+00,0.000000e+00,1.000000e+00,0.000000e+00,7.194012e+01,0.000000e+00,1.048806e-01,2.941088e+01,0.000000e+00,0.000000e+00,0.000000e+00,0.000000e+00,0.000000e+00,-1.235163e+00,0.000000e+00,1.048806e-01,0.000000e+00,1.766636e+01,0.000000e+00,0.000000e+00
4.700000e-03,2.944219e+01,1.555782e+01,0.000000e+00,1.763962e+00,0.000000e+00,2.000000e-01,2.500000e-05,0.000000e+00,0.000000e+00,2.944219e+01,0.000000e+00,0.000000e+00,0.000000e+00,0.000000e+00,0.000000e+00,0.000000e+00,0.000000e+00,0.000000e+00,0.000000e+00,0.000000e+00,0.000000e+00,0.000000e+00,1.000000e+00,0.000000e+00,6.999660e+01,0.000000e+00,1.053218e-01,2.944219e+01,0.000000e+00,0.000000e+00,0.000000e+00,0.000000e+00,0.000000e+00,-1.236913e+00,0.000000e+00,1.053218e-01,0.000000e+00,1.764837e+01,0.000000e+00,0.000000e+00
4.725000e-03,2.947261e+01,1.552739e+01,0.000000e+00,1.762237e+00,0.000000e+00,2.000000e-01,2.500000e-05,0.000000e+00,0.000000e+00,2.947261e+01,0.000000e+00,0.000000e+00,0.000000e+00,0.000000e+00,0.000000e+00,0.000000e+00,0.000000e+00,0.000000e+00,0.000000e+00,0.000000e+00,0.000000e+00,0.000000e+00,1.000000e+00,0.000000e+00,6.805501e+01,0.000000e+00,1.057626e-01,2.947261e+01,0.000000e+00,0.000000e+00,0.000000e+00,0.000000e+00,0.000000e+00,-1.238614e+00,0.000000e+00,1.057626e-01,0.000000e+00,1.763087e+01,0.000000e+00,0.000000e+00
4.750000e-03,2.950215e+01,1.549785e+01,0.000000e+00,1.760560e+00,0.000000e+00,2.000000e-01,2.500000e-05,0.000000e+00,0.000000e+00,2.950215e+01,0.000000e+00,0.000000e+00,0.000000e+00,0.000000e+00,0.000000e+00,0.000000e+00,0.000000e+00,0.000000e+00,0.000000e+00,0.000000e+00,0.000000e+00,0.000000e+00,1.000000e+00,0.000000e+00,6.611529e+01,0.000000e+00,1.062029e-01,2.950215e+01,0.000000e+00,0.000000e+00,0.000000e+00,0.000000e+00,0.000000e+00,-1.240267e+00,0.000000e+00,1.062029e-01,0.000000e+00,1.761386e+01,0.000000e+00,0.000000e+00
4.775000e-03,2.953081e+01,1.546919e+01,0.000000e+00,1.758931e+00,0.000000e+00,2.000000e-01,2.500000e-05,0.000000e+00,0.000000e+00,2.953081e+01,0.000000e+00,0.000000e+00,0.000000e+00,0.000000e+00,0.000000e+00,0.000000e+00,0.000000e+00,0.000000e+00,0.000000e+00,0.000000e+00,0.000000e+00,0.000000e+00,1.000000e+00,0.000000e+00,6.417739e+01,0.000000e+00,1.066428e-01,2.953081e+01,0.000000e+00,0.000000e+00,0.000000e+00,0.000000e+00,0.000000e+00,-1.241871e+00,0.000000e+00,1.066428e-01,0.000000e+00,1.759733e+01,0.000000e+00,0.000000e+00
4.800000e-03,2.955860e+01,1.544141e+01,0.000000e+00,1.757351e+00,0.000000e+00,2.000000e-01,2.500000e-05,0.000000e+00,0.000000e+00,2.955860e+01,0.000000e+00,0.000000e+00,0.000000e+00,0.000000e+00,0.000000e+00,0.000000e+00,0.000000e+00,0.000000e+00,0.000000e+00,0.000000e+00,0.000000e+00,0.000000e+00,1.000000e+00,0.000000e+00,6.224126e+01,0.000000e+00,1.070824e-01,2.955860e+01,0.000000e+00,0.000000e+00,0.000000e+00,0.000000e+00,0.000000e+00,-1.243427e+00,0.000000e+00,1.070824e-01,0.000000e+00,1.758129e+01,0.000000e+00,0.000000e+00
4.825000e-03,2.958550e+01,1.541450e+01,0.000000e+00,1.755819e+00,0.000000e+00,2.000000e-01,2.500000e-05,0.000000e+00,0.000000e+00,2.958550e+01,0.000000e+00,0.000000e+00,0.000000e+00,0.000000e+00,0.000000e+00,0.000000e+00,0.000000e+00,0.000000e+00,0.000000e+00,0.000000e+00,0.000000e+00,0.000000e+00,1.000000e+00,0.000000e+00,6.030685e+01,0.000000e+00,1.075215e-01,2.958550e+01,0.000000e+00,0.000000e+00,0.000000e+00,0.000000e+00,0.000000e+00,-1.244935e+00,0.000000e+00,1.075215e-01,0.000000e+00,1.756573e+01,0.000000e+00,0.000000e+00
4.850000e-03,2.961154e+01,1.538846e+01,0.000000e+00,1.754335e+00,0.000000e+00,2.000000e-01,2.500000e-05,0.000000e+00,0.000000e+00,2.961154e+01,0.000000e+00,0.000000e+00,0.000000e+00,0.000000e+00,0.000000e+00,0.000000e+00,0.000000e+00,0.000000e+00,0.000000e+00,0.000000e+00,0.000000e+00,0.000000e+00,1.000000e+00,0.000000e+00,5.837409e+01,0.000000e+00,1.079603e-01,2.961154e+01,0.000000e+00,0.000000e+00,0.000000e+00,0.000000e+00,0.000000e+00,-1.246394e+00,0.000000e+00,1.079603e-01,0.000000e+00,1.755065e+01,0.000000e+00,0.000000e+00
4.875000e-03,2.963671e+01,1.536329e+01,0.000000e+00,1.752900e+00,0.000000e+00,2.000000e-01,2.500000e-05,0.000000e+00,0.000000e+00,2.963671e+01,0.000000e+00,0.000000e+00,0.000000e+00,0.000000e+00,0.000000e+00,0.000000e+00,0.000000e+00,0.000000e+00,0.000000e+00,0.000000e+00,0.000000e+00,0.000000e+00,1.000000e+00,0.000000e+00,5.644294e+01,0.000000e+00,1.083987e-01,2.963671e+01,0.000000e+00,0.000000e+00,0.000000e+00,0.000000e+00,0.000000e+00,-1.247805e+00,0.000000e+00,1.083987e-01,0.000000e+00,1.753606e+01,0.000000e+00,0.000000e+00
4.900000e-03,2.966101e+01,1.533899e+01,0.000000e+00,1.751513e+00,0.000000e+00,2.000000e-01,2.500000e-05,0.000000e+00,0.000000e+00,2.966101e+01,0.000000e+00,0.000000e+00,0.000000e+00,0.000000e+00,0.000000e+00,0.000000e+00,0.000000e+00,0.000000e+00,0.000000e+00,0.000000e+00,0.000000e+00,0.000000e+00,1.000000e+00,0.000000e+00,5.451335e+01,0.000000e+00,1.088367e-01,2.966101e+01,0.000000e+00,0.000000e+00,0.000000e+00,0.000000e+00,0.000000e+00,-1.249168e+00,0.000000e+00,1.088367e-01,0.000000e+00,1.752195e+01,0.000000e+00,0.000000e+00
4.925000e-03,2.968445e+01,1.531555e+01,0.000000e+00,1.750174e+00,0.000000e+00,2.000000e-01,2.500000e-05,0.000000e+00,0.000000e+00,2.968445e+01,0.000000e+00,0.000000e+00,0.000000e+00,0.000000e+00,0.000000e+00,0.000000e+00,0.000000e+00,0.000000e+00,0.000000e+00,0.000000e+00,0.000000e+00,0.000000e+00,1.000000e+00,0.000000e+00,5.258525e+01,0.000000e+00,1.092744e-01,2.968445e+01,0.000000e+00,0.000000e+00,0.000000e+00,0.000000e+00,0.000000e+00,-1.250483e+00,0.000000e+00,1.092744e-01,0.000000e+00,1.750832e+01,0.000000e+00,0.000000e+00
4.950000e-03,2.970703e+01,1.529297e+01,0.000000e+00,1.748884e+00,0.000000e+00,2.000000e-01,2.500000e-05,0.000000e+00,0.000000e+00,2.970703e+01,0.000000e+00,0.000000e+00,0.000000e+00,0.000000e+00,0.000000e+00,0.000000e+00,0.000000e+00,0.000000e+00,0.000000e+00,0.000000e+00,0.000000e+00,0.000000e+00,1.000000e+00,0.000000e+00,5.065860e+01,0.000000e+00,1.097118e-01,2.970703e+01,0.000000e+00,0.000000e+00,0.000000e+00,0.000000e+00,0.000000e+00,-1.251749e+00,0.000000e+00,1.097118e-01,0.000000e+00,1.749517e+01,0.000000e+00,0.000000e+00
4.975000e-03,2.972875e+01,1.527125e+01,0.000000e+00,1.747641e+00,0.000000e+00,2.000000e-01,2.500000e-05,0.000000e+00,0.000000e+00,2.972875e+01,0.000000e+00,0.000000e+00,0.000000e+00,0.000000e+00,0.000000e+00,0.000000e+00,0.000000e+00,0.000000e+00,0.000000e+00,0.000000e+00,0.000000e+00,0.000000e+00,1.000000e+00,0.000000e+00,4.873335e+01,0.000000e+00,1.101489e-01,2.972875e+01,0.000000e+00,0.000000e+00,0.000000e+00,0.000000e+00,0.000000e+00,-1.252968e+00,0.000000e+00,1.101489e-01,0.000000e+00,1.748251e+01,0.000000e+00,0.000000e+00
5.000000e-03,2.974961e+01,1.525039e+01,0.000000e+00,1.746447e+00,0.000000e+00,2.000000e-01,2.500000e-05,0.000000e+00,0.000000e+00,2.974961e+01,0.000000e+00,0.000000e+00,0.000000e+00,0.000000e+00,0.000000e+00,0.000000e+00,0.000000e+00,0.000000e+00,0.000000e+00,0.000000e+00,0.000000e+00,0.000000e+00,1.000000e+00,0.000000e+00,4.680944e+01,0.000000e+00,1.105856e-01,2.974961e+01,0.000000e+00,0.000000e+00,0.000000e+00,0.000000e+00,0.000000e+00,-1.254138e+00,0.000000e+00,1.105856e-01,0.000000e+00,1.747032e+01,0.000000e+00,0.000000e+00
5.025000e-03,2.976962e+01,1.523038e+01,0.000000e+00,1.745301e+00,0.000000e+00,2.000000e-01,2.500000e-05,0.000000e+00,0.000000e+00,2.976962e+01,0.000000e+00,0.000000e+00,0.000000e+00,0.000000e+00,0.000000e+00,0.000000e+00,0.000000e+00,0.000000e+00,0.000000e+00,0.000000e+00,0.000000e+00,0.000000e+00,1.000000e+00,0.000000e+00,4.488682e+01,0.000000e+00,1.110221e-01,2.976962e+01,0.000000e+00,0.000000e+00,0.000000e+00,0.000000e+00,0.000000e+00,-1.255260e+00,0.000000e+00,1.110221e-01,0.000000e+00,1.745862e+01,0.000000e+00,0.000000e+00
5.050000e-03,2.978878e+01,1.521122e+01,0.000000e+00,1.744203e+00,0.000000e+00,2.000000e-01,2.500000e-05,0.000000e+00,0.000000e+00,2.978878e+01,0.000000e+00,0.000000e+00,0.000000e+00,0.000000e+00,0.000000e+00,0.000000e+00,0.000000e+00,0.000000e+00,0.000000e+00,0.000000e+00,0.000000e+00,0.000000e+00,1.000000e+00,0.000000e+00,4.296544e+01,0.000000e+00,1.114583e-01,2.978878e+01,0.000000e+00,0.000000e+00,0.000000e+00,0.000000e+00,0.000000e+00,-1.256334e+00,0.000000e+00,1.114583e-01,0.000000e+00,1.744740e+01,0.000000e+00,0.000000e+00
5.075000e-03,2.980709e+01,1.519291e+01,0.000000e+00,1.743153e+00,0.000000e+00,2.000000e-01,2.500000e-05,0.000000e+00,0.000000e+00,2.980709e+01,0.000000e+00,0.000000e+00,0.000000e+00,0.000000e+00,0.000000e+00,0.000000e+00,0.000000e+00,0.000000e+00,0.000000e+00,0.000000e+00,0.000000e+00,0.000000e+00,1.000000e+00,0.000000e+00,4.104523e+01,0.000000e+00,1.118942e-01,2.980709e+01,0.000000e+00,0.000000e+00,0.000000e+00,0.000000e+00,0.000000e+00,-1.257360e+00,0.000000e+00,1.118942e-01,0.000000e+00,1.743666e+01,0.000000e+00,0.000000e+00
5.100000e-03,2.982456e+01,1.517544e+01,0.000000e+00,1.742151e+00,0.000000e+00,2.000000e-01,2.500000e-05,0.000000e+00,0.000000e+00,2.982456e+01,0.000000e+00,0.000000e+00,0.000000e+00,0.000000e+00,0.000000e+00,0.000000e+00,0.000000e+00,0.000000e+00,0.000000e+00,0.000000e+00,0.000000e+00,0.000000e+00,1.000000e+00,0.000000e+00,3.912616e+01,0.000000e+00,1.123299e-01,2.982456e+01,0.000000e+00,0.000000e+00,0.000000e+00,0.000000e+00,0.000000e+00,-1.258339e+00,0.000000e+00,1.123299e-01,0.000000e+00,1.742640e+01,0.000000e+00,0.000000e+00
5.125000e-03,2.984118e+01,1.515882e+01,0.000000e+00,1.741196e+00,0.000000e+00,2.000000e-01,2.500000e-05,0.000000e+00,0.000000e+00,2.984118e+01,0.000000e+00,0.000000e+00,0.000000e+00,0.000000e+00,0.000000e+00,0.000000e+00,0.000000e+00,0.000000e+00,0.000000e+00,0.000000e+00,0.000000e+00,0.000000e+00,1.000000e+00,0.000000e+00,3.720816e+01,0.000000e+00,1.127653e-01,2.984118e+01,0.000000e+00,0.000000e+00,0.000000e+00,0.000000e+00,0.000000e+00,-1.259269e+00,0.000000e+00,1.127653e-01,0.000000e+00,1.741661e+01,0.000000e+00,0.000000e+00
5.150000e-03,2.985695e+01,1.514305e+01,0.000000e+00,1.740290e+00,0.000000e+00,2.000000e-01,2.500000e-05,0.000000e+00,0.000000e+00,2.985695e+01,0.000000e+00,0.000000e+00,0.000000e+00,0.000000e+00,0.000000e+00,0.000000e+00,0.000000e+00,0.000000e+00,0.000000e+00,0.000000e+00,0.000000e+00,0.000000e+00,1.000000e+00,0.000000e+00,3.529119e+01,0.000000e+00,1.132005e-01,2.985695e+01,0.000000e+00,0.000000e+00,0.000000e+00,0.000000e+00,0.000000e+00,-1.260151e+00,0.000000e+00,1.132005e-01,0.000000e+00,1.740731e+01,0.000000e+00,0.000000e+00
5.175000e-03,2.987189e+01,1.512811e+01,0.000000e+00,1.739432e+00,0.000000e+00,2.000000e-01,2.500000e-05,0.000000e+00,0.000000e+00,2.987189e+01,0.000000e+00,0.000000e+00,0.000000e+00,0.000000e+00,0.000000e+00,0.000000e+00,0.000000e+00,0.000000e+00,0.000000e+00,0.000000e+00,0.000000e+00,0.000000e+00,1.000000e+00,0.000000e+00,3.337519e+01,0.000000e+00,1.136354e-01,2.987189e+01,0.000000e+00,0.000000e+00,0.000000e+00,0.000000e+00,0.000000e+00,-1.260985e+00,0.000000e+00,1.136354e-01,0.000000e+00,1.739849e+01,0.000000e+00,0.000000e+00
5.200000e-03,2.988598e+01,1.511402e+01,0.000000e+00,1.738621e+00,0.000000e+00,2.000000e-01,2.500000e-05,0.000000e+00,0.000000e+00,2.988598e+01,0.000000e+00,0.000000e+00,0.000000e+00,0.000000e+00,0.000000e+00,0.000000e+00,0.000000e+00,0.000000e+00,0.000000e+00,0.000000e+00,0.000000e+00,0.000000e+00,1.000000e+00,0.000000e+00,3.146011e+01,0.000000e+00,1.140702e-01,2.988598e+01,0.000000e+00,0.000000e+00,0.000000e+00,0.000000e+00,0.000000e+00,-1.261772e+00,0.000000e+00,1.140702e-01,0.000000e+00,1.739015e+01,0.000000e+00,0.000000e+00
5.225000e-03,2.989923e+01,1.510077e+01,0.000000e+00,1.737859e+00,0.000000e+00,2.000000e-01,2.500000e-05,0.000000e+00,0.000000e+00,2.989923e+01,0.000000e+00,0.000000e+00,0.000000e+00,0.000000e+00,0.000000e+00,0.000000e+00,0.000000e+00,0.000000e+00,0.000000e+00,0.000000e+00,0.000000e+00,0.000000e+00,1.000000e+00,0.000000e+00,2.954590e+01,0.000000e+00,1.145047e-01,2.989923e+01,0.000000e+00,0.000000e+00,0.000000e+00,0.000000e+00,0.000000e+00,-1.262511e+00,0.000000e+00,1.145047e-01,0.000000e+00,1.738228e+01,0.000000e+00,0.000000e+00
5.250000e-03,2.991165e+01,1.508835e+01,0.000000e+00,1.737144e+00,0.000000e+00,2.000000e-01,2.500000e-05,0.000000e+00,0.000000e+00,2.991165e+01,0.000000e+00,0.000000e+00,0.000000e+00,0.000000e+00,0.000000e+00,0.000000e+00,0.000000e+00,0.000000e+00,0.000000e+00,0.000000e+00,0.000000e+00,0.000000e+00,1.000000e+00,0.000000e+00,2.763250e+01,0.000000e+00,1.149391e-01,2.991165e+01,0.000000e+00,0.000000e+00,0.000000e+00,0.000000e+00,0.000000e+00,-1.263201e+00,0.000000e+00,1.149391e-01,0.000000e+00,1.737490e+01,0.000000e+00,0.000000e+00
5.275000e-03,2.992324e+01,1.507676e+01,0.000000e+00,1.736477e+00,0.000000e+00,2.000000e-01,2.500000e-05,0.000000e+00,0.000000e+00,2.992324e+01,0.000000e+00,0.000000e+00,0.000000e+00,0.000000e+00,0.000000e+00,0.000000e+00,0.000000e+00,0.000000e+00,0.000000e+00,0.000000e+00,0.000000e+00,0.000000e+00,1.000000e+00,0.000000e+00,2.571986e+01,0.000000e+00,1.153733e-01,2.992324e+01,0.000000e+00,0.000000e+00,0.000000e+00,0.000000e+00,0.000000e+00,-1.263844e+00,0.000000e+00,1.153733e-01,0.000000e+00,1.736799e+01,0.000000e+00,0.000000e+00
5.300000e-03,2.993398e+01,1.506602e+01,0.000000e+00,1.735858e+00,0.000000e+00,2.000000e-01,2.500000e-05,0.000000e+00,0.000000e+00,2.993398e+01,0.000000e+00,0.000000e+00,0.000000e+00,0.000000e+00,0.000000e+00,0.000000e+00,0.000000e+00,0.000000e+00,0.000000e+00,0.000000e+00,0.000000e+00,0.000000e+00,1.000000e+00,0.000000e+00,2.380792e+01,0.000000e+00,1.158073e-01,2.993398e+01,0.000000e+00,0.000000e+00,0.000000e+00,0.000000e+00,0.000000e+00,-1.264440e+00,0.000000e+00,1.158073e-01,0.000000e+00,1.736156e+01,0.000000e+00,0.000000e+00
5.325000e-03,2.994390e+01,1.505610e+01,0.000000e+00,1.735287e+00,0.000000e+00,2.000000e-01,2.500000e-05,0.000000e+00,0.000000e+00,2.994390e+01,0.000000e+00,0.000000e+00,0.000000e+00,0.000000e+00,0.000000e+00,0.000000e+00,0.000000e+00,0.000000e+00,0.000000e+00,0.000000e+00,0.000000e+00,0.000000e+00,1.000000e+00,0.000000e+00,2.189665e+01,0.000000e+00,1.162412e-01,2.994390e+01,0.000000e+00,0.000000e+00,0.000000e+00,0.000000e+00,0.000000e+00,-1.264987e+00,0.000000e+00,1.162412e-01,0.000000e+00,1.735560e+01,0.000000e+00,0.000000e+00
5.350000e-03,2.995298e+01,1.504702e+01,0.000000e+00,1.734763e+00,0.000000e+00,2.000000e-01,2.500000e-05,0.000000e+00,0.000000e+00,2.995298e+01,0.000000e+00,0.000000e+00,0.000000e+00,0.000000e+00,0.000000e+00,0.000000e+00,0.000000e+00,0.000000e+00,0.000000e+00,0.000000e+00,0.000000e+00,0.000000e+00,1.000000e+00,0.000000e+00,1.998597e+01,0.000000e+00,1.166750e-01,2.995298e+01,0.000000e+00,0.000000e+00,0.000000e+00,0.000000e+00,0.000000e+00,-1.265487e+00,0.000000e+00,1.166750e-01,0.000000e+00,1.735013e+01,0.000000e+00,0.000000e+00
5.375000e-03,2.996124e+01,1.503876e+01,0.000000e+00,1.734287e+00,0.000000e+00,2.000000e-01,2.500000e-05,0.000000e+00,0.000000e+00,2.996124e+01,0.000000e+00,0.000000e+00,0.000000e+00,0.000000e+00,0.000000e+00,0.000000e+00,0.000000e+00,0.000000e+00,0.000000e+00,0.000000e+00,0.000000e+00,0.000000e+00,1.000000e+00,0.000000e+00,1.807585e+01,0.000000e+00,1.171086e-01,2.996124e+01,0.000000e+00,0.000000e+00,0.000000e+00,0.000000e+00,0.000000e+00,-1.265939e+00,0.000000e+00,1.171086e-01,0.000000e+00,1.734513e+01,0.000000e+00,0.000000e+00
5.400000e-03,2.996866e+01,1.503134e+01,0.000000e+00,1.733859e+00,0.000000e+00,2.000000e-01,2.500000e-05,0.000000e+00,0.000000e+00,2.996866e+01,0.000000e+00,0.000000e+00,0.000000e+00,0.000000e+00,0.000000e+00,0.000000e+00,0.000000e+00,0.000000e+00,0.000000e+00,0.000000e+00,0.000000e+00,0.000000e+00,1.000000e+00,0.000000e+00,1.616622e+01,0.000000e+00,1.175421e-01,2.996866e+01,0.000000e+00,0.000000e+00,0.000000e+00,0.000000e+00,0.000000e+00,-1.266343e+00,0.000000e+00,1.175421e-01,0.000000e+00,1.734061e+01,0.000000e+00,0.000000e+00
5.425000e-03,2.997525e+01,1.502475e+01,0.000000e+00,1.733479e+00,0.000000e+00,2.000000e-01,2.500000e-05,0.000000e+00,0.000000e+00,2.997525e+01,0.000000e+00,0.000000e+00,0.000000e+00,0.000000e+00,0.000000e+00,0.000000e+00,0.000000e+00,0.000000e+00,0.000000e+00,0.000000e+00,0.000000e+00,0.000000e+00,1.000000e+00,0.000000e+00,1.425704e+01,0.000000e+00,1.179755e-01,2.997525e+01,0.000000e+00,0.000000e+00,0.000000e+00,0.000000e+00,0.000000e+00,-1.266699e+00,0.000000e+00,1.179755e-01,0.000000e+00,1.733657e+01,0.000000e+00,0.000000e+00
5.450000e-03,2.998102e+01,1.501898e+01,0.000000e+00,1.733147e+00,0.000000e+00,2.000000e-01,2.500000e-05,0.000000e+00,0.000000e+00,2.998102e+01,0.000000e+00,0.000000e+00,0.000000e+00,0.000000e+00,0.000000e+00,0.000000e+00,0.000000e+00,0.000000e+00,0.000000e+00,0.000000e+00,0.000000e+00,0.000000e+00,1.000000e+00,0.000000e+00,1.234825e+01,0.000000e+00,1.184089e-01,2.998102e+01,0.000000e+00,0.000000e+00,0.000000e+00,0.000000e+00,0.000000e+00,-1.267008e+00,0.000000e+00,1.184089e-01,0.000000e+00,1.733301e+01,0.000000e+00,0.000000e+00
5.475000e-03,2.998595e+01,1.501405e+01,0.000000e+00,1.732862e+00,0.000000e+00,2.000000e-01,2.500000e-05,0.000000e+00,0.000000e+00,2.998595e+01,0.000000e+00,0.000000e+00,0.000000e+00,0.000000e+00,0.000000e+00,0.000000e+00,0.000000e+00,0.000000e+00,0.000000e+00,0.000000e+00,0.000000e+00,0.000000e+00,1.000000e+00,0.000000e+00,1.043981e+01,0.000000e+00,1.188421e-01,2.998595e+01,0.000000e+00,0.000000e+00,0.000000e+00,0.000000e+00,0.000000e+00,-1.267269e+00,0.000000e+00,1.188421e-01,0.000000e+00,1.732992e+01,0.000000e+00,0.000000e+00
5.500000e-03,2.999006e+01,1.500994e+01,0.000000e+00,1.732625e+00,0.000000e+00,2.000000e-01,2.500000e-05,0.000000e+00,0.000000e+00,2.999006e+01,0.000000e+00,0.000000e+00,0.000000e+00,0.000000e+00,0.000000e+00,0.000000e+00,0.000000e+00,0.000000e+00,0.000000e+00,0.000000e+00,0.000000e+00,0.000000e+00,1.000000e+00,0.000000e+00,8.531644e+00,0.000000e+00,1.192753e-01,2.999006e+01,0.000000e+00,0.000000e+00,0.000000e+00,0.000000e+00,0.000000e+00,-1.267482e+00,0.000000e+00,1.192753e-01,0.000000e+00,1.732731e+01,0.000000e+00,0.000000e+00
5.525000e-03,2.999334e+01,1.500666e+01,0.000000e+00,1.732435e+00,0.000000e+00,2.000000e-01,2.500000e-05,0.000000e+00,0.000000e+00,2.999334e+01,0.000000e+00,0.000000e+00,0.000000e+00,0.000000e+00,0.000000e+00,0.000000e+00,0.000000e+00,0.000000e+00,0.000000e+00,0.000000e+00,0.000000e+00,0.000000e+00,1.000000e+00,0.000000e+00,6.623718e+00,0.000000e+00,1.197084e-01,2.999334e+01,0.000000e+00,0.000000e+00,0.000000e+00,0.000000e+00,0.000000e+00,-1.267648e+00,0.000000e+00,1.197084e-01,0.000000e+00,1.732518e+01,0.000000e+00,0.000000e+00
5.550000e-03,2.999580e+01,1.500420e+01,0.000000e+00,1.732293e+00,0.000000e+00,2.000000e-01,2.500000e-05,0.000000e+00,0.000000e+00,2.999580e+01,0.000000e+00,0.000000e+00,0.000000e+00,0.000000e+00,0.000000e+00,0.000000e+00,0.000000e+00,0.000000e+00,0.000000e+00,0.000000e+00,0.000000e+00,0.000000e+00,1.000000e+00,0.000000e+00,4.715974e+00,0.000000e+00,1.201415e-01,2.999580e+01,0.000000e+00,0.000000e+00,0.000000e+00,0.000000e+00,0.000000e+00,-1.267766e+00,0.000000e+00,1.201415e-01,0.000000e+00,1.732352e+01,0.000000e+00,0.000000e+00
5.575000e-03,2.999743e+01,1.500257e+01,0.000000e+00,1.732199e+00,0.000000e+00,2.000000e-01,2.500000e-05,0.000000e+00,0.000000e+00,2.999743e+01,0.000000e+00,0.000000e+00,0.000000e+00,0.000000e+00,0.000000e+00,0.000000e+00,0.000000e+00,0.000000e+00,0.000000e+00,0.000000e+00,0.000000e+00,0.000000e+00,1.000000e+00,0.000000e+00,2.808360e+00,0.000000e+00,1.205746e-01,2.999743e+01,0.000000e+00,0.000000e+00,0.000000e+00,0.000000e+00,0.000000e+00,-1.267836e+00,0.000000e+00,1.205746e-01,0.000000e+00,1.732234e+01,0.000000e+00,0.000000e+00
5.600000e-03,2.999823e+01,1.500177e+01,0.000000e+00,1.732153e+00,0.000000e+00,2.000000e-01,2.500000e-05,0.000000e+00,0.000000e+00,2.999823e+01,0.000000e+00,0.000000e+00,0.000000e+00,0.000000e+00,0.000000e+00,0.000000e+00,0.000000e+00,0.000000e+00,0.000000e+00,0.000000e+00,0.000000e+00,0.000000e+00,1.000000e+00,0.000000e+00,9.008229e-01,0.000000e+00,1.210076e-01,2.999823e+01,0.000000e+00,0.000000e+00,0.000000e+00,0.000000e+00,0.000000e+00,-1.267858e+00,0.000000e+00,1.210076e-01,0.000000e+00,1.732164e+01,0.000000e+00,0.000000e+00
5.625000e-03,2.999843e+01,1.500157e+01,0.000000e+00,1.732142e+00,0.000000e+00,2.000000e-01,2.500000e-05,0.000000e+00,0.000000e+00,2.999843e+01,0.000000e+00,0.000000e+00,0.000000e+00,0.000000e+00,0.000000e+00,0.000000e+00,0.000000e+00,0.000000e+00,0.000000e+00,0.000000e+00,0.000000e+00,0.000000e+00,0.000000e+00,0.000000e+00,0.000000e+00,0.000000e+00,1.214407e-01,2.999843e+01,0.000000e+00,0.000000e+00,0.000000e+00,0.000000e+00,0.000000e+00,-1.267858e+00,0.000000e+00,1.214407e-01,0.000000e+00,1.732142e+01,0.000000e+00,0.000000e+00
5.650000e-03,2.999843e+01,1.500157e+01,0.000000e+00,1.732142e+00,0.000000e+00,2.000000e-01,2.500000e-05,0.000000e+00,0.000000e+00,2.999843e+01,0.000000e+00,0.000000e+00,0.000000e+00,0.000000e+00,0.000000e+00,0.000000e+00,0.000000e+00,0.000000e+00,0.000000e+00,0.000000e+00,0.000000e+00,0.000000e+00,0.000000e+00,0.000000e+00,0.000000e+00,0.000000e+00,1.218737e-01,2.999843e+01,0.000000e+00,0.000000e+00,0.000000e+00,0.000000e+00,0.000000e+00,-1.267858e+00,0.000000e+00,1.218737e-01,0.000000e+00,1.732142e+01,0.000000e+00,0.000000e+00
5.675000e-03,2.999843e+01,1.500157e+01,0.000000e+00,1.732142e+00,0.000000e+00,2.000000e-01,2.500000e-05,0.000000e+00,0.000000e+00,2.999843e+01,0.000000e+00,0.000000e+00,0.000000e+00,0.000000e+00,0.000000e+00,0.000000e+00,0.000000e+00,0.000000e+00,0.000000e+00,0.000000e+00,0.000000e+00,0.000000e+00,0.000000e+00,0.000000e+00,0.000000e+00,0.000000e+00,1.223067e-01,2.999843e+01,0.000000e+00,0.000000e+00,0.000000e+00,0.000000e+00,0.000000e+00,-1.267858e+00,0.000000e+00,1.223067e-01,0.000000e+00,1.732142e+01,0.000000e+00,0.000000e+00
5.700000e-03,2.999843e+01,1.500157e+01,0.000000e+00,1.732142e+00,0.000000e+00,2.000000e-01,2.500000e-05,0.000000e+00,0.000000e+00,2.999843e+01,0.000000e+00,0.000000e+00,0.000000e+00,0.000000e+00,0.000000e+00,0.000000e+00,0.000000e+00,0.000000e+00,0.000000e+00,0.000000e+00,0.000000e+00,0.000000e+00,0.000000e+00,0.000000e+00,0.000000e+00,0.000000e+00,1.227398e-01,2.999843e+01,0.000000e+00,0.000000e+00,0.000000e+00,0.000000e+00,0.000000e+00,-1.267858e+00,0.000000e+00,1.227398e-01,0.000000e+00,1.732142e+01,0.000000e+00,0.000000e+00
5.725000e-03,2.999843e+01,1.500157e+01,0.000000e+00,1.732142e+00,0.000000e+00,2.000000e-01,2.500000e-05,0.000000e+00,0.000000e+00,2.999843e+01,0.000000e+00,0.000000e+00,0.000000e+00,0.000000e+00,0.000000e+00,0.000000e+00,0.000000e+00,0.000000e+00,0.000000e+00,0.000000e+00,0.000000e+00,0.000000e+00,0.000000e+00,0.000000e+00,0.000000e+00,0.000000e+00,1.231728e-01,2.999843e+01,0.000000e+00,0.000000e+00,0.000000e+00,0.000000e+00,0.000000e+00,-1.267858e+00,0.000000e+00,1.231728e-01,0.000000e+00,1.732142e+01,0.000000e+00,0.000000e+00
5.750000e-03,2.999843e+01,1.500157e+01,0.000000e+00,1.732142e+00,0.000000e+00,2.000000e-01,2.500000e-05,0.000000e+00,0.000000e+00,2.999843e+01,0.000000e+00,0.000000e+00,0.000000e+00,0.000000e+00,0.000000e+00,0.000000e+00,0.000000e+00,0.000000e+00,0.000000e+00,0.000000e+00,0.000000e+00,0.000000e+00,0.000000e+00,0.000000e+00,0.000000e+00,0.000000e+00,1.236058e-01,2.999843e+01,0.000000e+00,0.000000e+00,0.000000e+00,0.000000e+00,0.000000e+00,-1.267858e+00,0.000000e+00,1.236058e-01,0.000000e+00,1.732142e+01,0.000000e+00,0.000000e+00
5.775000e-03,2.999843e+01,1.500157e+01,0.000000e+00,1.732142e+00,0.000000e+00,2.000000e-01,2.500000e-05,0.000000e+00,0.000000e+00,2.999843e+01,0.000000e+00,0.000000e+00,0.000000e+00,0.000000e+00,0.000000e+00,0.000000e+00,0.000000e+00,0.000000e+00,0.000000e+00,0.000000e+00,0.000000e+00,0.000000e+00,0.000000e+00,0.000000e+00,0.000000e+00,0.000000e+00,1.240389e-01,2.999843e+01,0.000000e+00,0.000000e+00,0.000000e+00,0.000000e+00,0.000000e+00,-1.267858e+00,0.000000e+00,1.240389e-01,0.000000e+00,1.732142e+01,0.000000e+00,0.000000e+00
5.800000e-03,2.999843e+01,1.500157e+01,0.000000e+00,1.732142e+00,0.000000e+00,2.000000e-01,2.500000e-05,0.000000e+00,0.000000e+00,2.999843e+01,0.000000e+00,0.000000e+00,0.000000e+00,0.000000e+00,0.000000e+00,0.000000e+00,0.000000e+00,0.000000e+00,0.000000e+00,0.000000e+00,0.000000e+00,0.000000e+00,0.000000e+00,0.000000e+00,0.000000e+00,0.000000e+00,1.244719e-01,2.999843e+01,0.000000e+00,0.000000e+00,0.000000e+00,0.000000e+00,0.000000e+00,-1.267858e+00,0.000000e+00,1.244719e-01,0.000000e+00,1.732142e+01,0.000000e+00,0.000000e+00
5.825000e-03,2.999843e+01,1.500157e+01,0.000000e+00,1.732142e+00,0.000000e+00,2.000000e-01,2.500000e-05,0.000000e+00,0.000000e+00,2.999843e+01,0.000000e+00,0.000000e+00,0.000000e+00,0.000000e+00,0.000000e+00,0.000000e+00,0.000000e+00,0.000000e+00,0.000000e+00,0.000000e+00,0.000000e+00,0.000000e+00,0.000000e+00,0.000000e+00,0.000000e+00,0.000000e+00,1.249049e-01,2.999843e+01,0.000000e+00,0.000000e+00,0.000000e+00,0.000000e+00,0.000000e+00,-1.267858e+00,0.000000e+00,1.249049e-01,0.000000e+00,1.732142e+01,0.000000e+00,0.000000e+00
5.850000e-03,2.999843e+01,1.500157e+01,0.000000e+00,1.732142e+00,0.000000e+00,2.000000e-01,2.500000e-05,0.000000e+00,0.000000e+00,2.999843e+01,0.000000e+00,0.000000e+00,0.000000e+00,0.000000e+00,0.000000e+00,0.000000e+00,0.000000e+00,0.000000e+00,0.000000e+00,0.000000e+00,0.000000e+00,0.000000e+00,0.000000e+00,0.000000e+00,0.000000e+00,0.000000e+00,1.253380e-01,2.999843e+01,0.000000e+00,0.000000e+00,0.000000e+00,0.000000e+00,0.000000e+00,-1.267858e+00,0.000000e+00,1.253380e-01,0.000000e+00,1.732142e+01,0.000000e+00,0.000000e+00
5.875000e-03,2.999843e+01,1.500157e+01,0.000000e+00,1.732142e+00,0.000000e+00,2.000000e-01,2.500000e-05,0.000000e+00,0.000000e+00,2.999843e+01,0.000000e+00,0.000000e+00,0.000000e+00,0.000000e+00,0.000000e+00,0.000000e+00,0.000000e+00,0.000000e+00,0.000000e+00,0.000000e+00,0.000000e+00,0.000000e+00,0.000000e+00,0.000000e+00,0.000000e+00,0.000000e+00,1.257710e-01,2.999843e+01,0.000000e+00,0.000000e+00,0.000000e+00,0.000000e+00,0.000000e+00,-1.267858e+00,0.000000e+00,1.257710e-01,0.000000e+00,1.732142e+01,0.000000e+00,0.000000e+00
5.900000e-03,2.999843e+01,1.500157e+01,0.000000e+00,1.732142e+00,0.000000e+00,2.000000e-01,2.500000e-05,0.000000e+00,0.000000e+00,2.999843e+01,0.000000e+00,0.000000e+00,0.000000e+00,0.000000e+00,0.000000e+00,0.000000e+00,0.000000e+00,0.000000e+00,0.000000e+00,0.000000e+00,0.000000e+00,0.000000e+00,0.000000e+00,0.000000e+00,0.000000e+00,0.000000e+00,1.262040e-01,2.999843e+01,0.000000e+00,0.000000e+00,0.000000e+00,0.000000e+00,0.000000e+00,-1.267858e+00,0.000000e+00,1.262040e-01,0.000000e+00,1.732142e+01,0.000000e+00,0.000000e+00
5.925000e-03,2.999843e+01,1.500157e+01,0.000000e+00,1.732142e+00,0.000000e+00,2.000000e-01,2.500000e-05,0.000000e+00,0.000000e+00,2.999843e+01,0.000000e+00,0.000000e+00,0.000000e+00,0.000000e+00,0.000000e+00,0.000000e+00,0.000000e+00,0.000000e+00,0.000000e+00,0.000000e+00,0.000000e+00,0.000000e+00,0.000000e+00,0.000000e+00,0.000000e+00,0.000000e+00,1.266371e-01,2.999843e+01,0.000000e+00,0.000000e+00,0.000000e+00,0.000000e+00,0.000000e+00,-1.267858e+00,0.000000e+00,1.266371e-01,0.000000e+00,1.732142e+01,0.000000e+00,0.000000e+00
5.950000e-03,2.999843e+01,1.500157e+01,0.000000e+00,1.732142e+00,0.000000e+00,2.000000e-01,2.500000e-05,0.000000e+00,0.000000e+00,2.999843e+01,0.000000e+00,0.000000e+00,0.000000e+00,0.000000e+00,0.000000e+00,0.000000e+00,0.000000e+00,0.000000e+00,0.000000e+00,0.000000e+00,0.000000e+00,0.000000e+00,0.000000e+00,0.000000e+00,0.000000e+00,0.000000e+00,1.270701e-01,2.999843e+01,0.000000e+00,0.000000e+00,0.000000e+00,0.000000e+00,0.000000e+00,-1.267858e+00,0.000000e+00,1.270701e-01,0.000000e+00,1.732142e+01,0.000000e+00,0.000000e+00
5.975000e-03,2.999843e+01,1.500157e+01,0.000000e+00,1.732142e+00,0.000000e+00,2.000000e-01,2.500000e-05,0.000000e+00,0.000000e+00,2.999843e+01,0.000000e+00,0.000000e+00,0.000000e+00,0.000000e+00,0.000000e+00,0.000000e+00,0.000000e+00,0.000000e+00,0.000000e+00,0.000000e+00,0.000000e+00,0.000000e+00,0.000000e+00,0.000000e+00,0.000000e+00,0.000000e+00,1.275032e-01,2.999843e+01,0.000000e+00,0.000000e+00,0.000000e+00,0.000000e+00,0.000000e+00,-1.267858e+00,0.000000e+00,1.275032e-01,0.000000e+00,1.732142e+01,0.000000e+00,0.000000e+00
6.000000e-03,2.999843e+01,1.500157e+01,0.000000e+00,1.732142e+00,0.000000e+00,2.000000e-01,2.500000e-05,0.000000e+00,0.000000e+00,2.999843e+01,0.000000e+00,0.000000e+00,0.000000e+00,0.000000e+00,0.000000e+00,0.000000e+00,0.000000e+00,0.000000e+00,0.000000e+00,0.000000e+00,0.000000e+00,0.000000e+00,0.000000e+00,0.000000e+00,0.000000e+00,0.000000e+00,1.279362e-01,2.999843e+01,0.000000e+00,0.000000e+00,0.000000e+00,0.000000e+00,0.000000e+00,-1.267858e+00,0.000000e+00,1.279362e-01,0.000000e+00,1.732142e+01,0.000000e+00,0.000000e+00
6.025000e-03,2.999843e+01,1.500157e+01,0.000000e+00,1.732142e+00,0.000000e+00,2.000000e-01,2.500000e-05,0.000000e+00,0.000000e+00,2.999843e+01,0.000000e+00,0.000000e+00,0.000000e+00,0.000000e+00,0.000000e+00,0.000000e+00,0.000000e+00,0.000000e+00,0.000000e+00,0.000000e+00,0.000000e+00,0.000000e+00,0.000000e+00,0.000000e+00,0.000000e+00,0.000000e+00,1.283692e-01,2.999843e+01,0.000000e+00,0.000000e+00,0.000000e+00,0.000000e+00,0.000000e+00,-1.267858e+00,0.000000e+00,1.283692e-01,0.000000e+00,1.732142e+01,0.000000e+00,0.000000e+00
6.050000e-03,2.999843e+01,1.500157e+01,0.000000e+00,1.732142e+00,0.000000e+00,2.000000e-01,2.500000e-05,0.000000e+00,0.000000e+00,2.999843e+01,0.000000e+00,0.000000e+00,0.000000e+00,0.000000e+00,0.000000e+00,0.000000e+00,0.000000e+00,0.000000e+00,0.000000e+00,0.000000e+00,0.000000e+00,0.000000e+00,0.000000e+00,0.000000e+00,0.000000e+00,0.000000e+00,1.288023e-01,2.999843e+01,0.000000e+00,0.000000e+00,0.000000e+00,0.000000e+00,0.000000e+00,-1.267858e+00,0.000000e+00,1.288023e-01,0.000000e+00,1.732142e+01,0.000000e+00,0.000000e+00
6.075000e-03,2.999843e+01,1.500157e+01,0.000000e+00,1.732142e+00,0.000000e+00,2.000000e-01,2.500000e-05,0.000000e+00,0.000000e+00,2.999843e+01,0.000000e+00,0.000000e+00,0.000000e+00,0.000000e+00,0.000000e+00,0.000000e+00,0.000000e+00,0.000000e+00,0.000000e+00,0.000000e+00,0.000000e+00,0.000000e+00,0.000000e+00,0.000000e+00,0.000000e+00,0.000000e+00,1.292353e-01,2.999843e+01,0.000000e+00,0.000000e+00,0.000000e+00,0.000000e+00,0.000000e+00,-1.267858e+00,0.000000e+00,1.292353e-01,0.000000e+00,1.732142e+01,0.000000e+00,0.000000e+00
6.100000e-03,2.999843e+01,1.500157e+01,0.000000e+00,1.732142e+00,0.000000e+00,2.000000e-01,2.500000e-05,0.000000e+00,0.000000e+00,2.999843e+01,0.000000e+00,0.000000e+00,0.000000e+00,0.000000e+00,0.000000e+00,0.000000e+00,0.000000e+00,0.000000e+00,0.000000e+00,0.000000e+00,0.000000e+00,0.000000e+00,0.000000e+00,0.000000e+00,0.000000e+00,0.000000e+00,1.296683e-01,2.999843e+01,0.000000e+00,0.000000e+00,0.000000e+00,0.000000e+00,0.000000e+00,-1.267858e+00,0.000000e+00,1.296683e-01,0.000000e+00,1.732142e+01,0.000000e+00,0.000000e+00
6.125000e-03,2.999843e+01,1.500157e+01,0.000000e+00,1.732142e+00,0.000000e+00,2.000000e-01,2.500000e-05,0.000000e+00,0.000000e+00,2.999843e+01,0.000000e+00,0.000000e+00,0.000000e+00,0.000000e+00,0.000000e+00,0.000000e+00,0.000000e+00,0.000000e+00,0.000000e+00,0.000000e+00,0.000000e+00,0.000000e+00,0.000000e+00,0.000000e+00,0.000000e+00,0.000000e+00,1.301014e-01,2.999843e+01,0.000000e+00,0.000000e+00,0.000000e+00,0.000000e+00,0.000000e+00,-1.267858e+00,0.000000e+00,1.301014e-01,0.000000e+00,1.732142e+01,0.000000e+00,0.000000e+00
6.150000e-03,2.999843e+01,1.500157e+01,0.000000e+00,1.732142e+00,0.000000e+00,2.000000e-01,2.500000e-05,0.000000e+00,0.000000e+00,2.999843e+01,0.000000e+00,0.000000e+00,0.000000e+00,0.000000e+00,0.000000e+00,0.000000e+00,0.000000e+00,0.000000e+00,0.000000e+00,0.000000e+00,0.000000e+00,0.000000e+00,0.000000e+00,0.000000e+00,0.000000e+00,0.000000e+00,1.305344e-01,2.999843e+01,0.000000e+00,0.000000e+00,0.000000e+00,0.000000e+00,0.000000e+00,-1.267858e+00,0.000000e+00,1.305344e-01,0.000000e+00,1.732142e+01,0.000000e+00,0.000000e+00
6.175000e-03,2.999843e+01,1.500157e+01,0.000000e+00,1.732142e+00,0.000000e+00,2.000000e-01,2.500000e-05,0.000000e+00,0.000000e+00,2.999843e+01,0.000000e+00,0.000000e+00,0.000000e+00,0.000000e+00,0.000000e+00,0.000000e+00,0.000000e+00,0.000000e+00,0.000000e+00,0.000000e+00,0.000000e+00,0.000000e+00,0.000000e+00,0.000000e+00,0.000000e+00,0.000000e+00,1.309674e-01,2.999843e+01,0.000000e+00,0.000000e+00,0.000000e+00,0.000000e+00,0.000000e+00,-1.267858e+00,0.000000e+00,1.309674e-01,0.000000e+00,1.732142e+01,0.000000e+00,0.000000e+00
6.200000e-03,2.999843e+01,1.500157e+01,0.000000e+00,1.732142e+00,0.000000e+00,2.000000e-01,2.500000e-05,0.000000e+00,0.000000e+00,2.999843e+01,0.000000e+00,0.000000e+00,0.000000e+00,0.000000e+00,0.000000e+00,0.000000e+00,0.000000e+00,0.000000e+00,0.000000e+00,0.000000e+00,0.000000e+00,0.000000e+00,0.000000e+00,0.000000e+00,0.000000e+00,0.000000e+00,1.314005e-01,2.999843e+01,0.000000e+00,0.000000e+00,0.000000e+00,0.000000e+00,0.000000e+00,-1.267858e+00,0.000000e+00,1.314005e-01,0.000000e+00,1.732142e+01,0.000000e+00,0.000000e+00
6.225000e-03,2.999843e+01,1.500157e+01,0.000000e+00,1.732142e+00,0.000000e+00,2.000000e-01,2.500000e-05,0.000000e+00,0.000000e+00,2.999843e+01,0.000000e+00,0.000000e+00,0.000000e+00,0.000000e+00,0.000000e+00,0.000000e+00,0.000000e+00,0.000000e+00,0.000000e+00,0.000000e+00,0.000000e+00,0.000000e+00,0.000000e+00,0.000000e+00,0.000000e+00,0.000000e+00,1.318335e-01,2.999843e+01,0.000000e+00,0.000000e+00,0.000000e+00,0.000000e+00,0.000000e+00,-1.267858e+00,0.000000e+00,1.318335e-01,0.000000e+00,1.732142e+01,0.000000e+00,0.000000e+00
6.250000e-03,2.999843e+01,1.500157e+01,0.000000e+00,1.732142e+00,0.000000e+00,2.000000e-01,2.500000e-05,0.000000e+00,0.000000e+00,2.999843e+01,0.000000e+00,0.000000e+00,0.000000e+00,0.000000e+00,0.000000e+00,0.000000e+00,0.000000e+00,0.000000e+00,0.000000e+00,0.000000e+00,0.000000e+00,0.000000e+00,0.000000e+00,0.000000e+00,0.000000e+00,0.000000e+00,1.322665e-01,2.999843e+01,0.000000e+00,0.000000e+00,0.000000e+00,0.000000e+00,0.000000e+00,-1.267858e+00,0.000000e+00,1.322665e-01,0.000000e+00,1.732142e+01,0.000000e+00,0.000000e+00
6.275000e-03,2.999843e+01,1.500157e+01,0.000000e+00,1.732142e+00,0.000000e+00,2.000000e-01,2.500000e-05,0.000000e+00,0.000000e+00,2.999843e+01,0.000000e+00,0.000000e+00,0.000000e+00,0.000000e+00,0.000000e+00,0.000000e+00,0.000000e+00,0.000000e+00,0.000000e+00,0.000000e+00,0.000000e+00,0.000000e+00,0.000000e+00,0.000000e+00,0.000000e+00,0.000000e+00,1.326996e-01,2.999843e+01,0.000000e+00,0.000000e+00,0.000000e+00,0.000000e+00,0.000000e+00,-1.267858e+00,0.000000e+00,1.326996e-01,0.000000e+00,1.732142e+01,0.000000e+00,0.000000e+00
6.300000e-03,2.999843e+01,1.500157e+01,0.000000e+00,1.732142e+00,0.000000e+00,2.000000e-01,2.500000e-05,0.000000e+00,0.000000e+00,2.999843e+01,0.000000e+00,0.000000e+00,0.000000e+00,0.000000e+00,0.000000e+00,0.000000e+00,0.000000e+00,0.000000e+00,0.000000e+00,0.000000e+00,0.000000e+00,0.000000e+00,0.000000e+00,0.000000e+00,0.000000e+00,0.000000e+00,1.331326e-01,2.999843e+01,0.000000e+00,0.000000e+00,0.000000e+00,0.000000e+00,0.000000e+00,-1.267858e+00,0.000000e+00,1.331326e-01,0.000000e+00,1.732142e+01,0.000000e+00,0.000000e+00
6.325000e-03,2.999843e+01,1.500157e+01,0.000000e+00,1.732142e+00,0.000000e+00,2.000000e-01,2.500000e-05,0.000000e+00,0.000000e+00,2.999843e+01,0.000000e+00,0.000000e+00,0.000000e+00,0.000000e+00,0.000000e+00,0.000000e+00,0.000000e+00,0.000000e+00,0.000000e+00,0.000000e+00,0.000000e+00,0.000000e+00,0.000000e+00,0.000000e+00,0.000000e+00,0.000000e+00,1.335656e-01,2.999843e+01,0.000000e+00,0.000000e+00,0.000000e+00,0.000000e+00,0.000000e+00,-1.267858e+00,0.000000e+00,1.335656e-01,0.000000e+00,1.732142e+01,0.000000e+00,0.000000e+00
6.350000e-03,2.999843e+01,1.500157e+01,0.000000e+00,1.732142e+00,0.000000e+00,2.000000e-01,2.500000e-05,0.000000e+00,0.000000e+00,2.999843e+01,0.000000e+00,0.000000e+00,0.000000e+00,0.000000e+00,0.000000e+00,0.000000e+00,0.000000e+00,0.000000e+00,0.000000e+00,0.000000e+00,0.000000e+00,0.000000e+00,0.000000e+00,0.000000e+00,0.000000e+00,0.000000e+00,1.339987e-01,2.999843e+01,0.000000e+00,0.000000e+00,0.000000e+00,0.000000e+00,0.000000e+00,-1.267858e+00,0.000000e+00,1.339987e-01,0.000000e+00,1.732142e+01,0.000000e+00,0.000000e+00
6.375000e-03,2.999843e+01,1.500157e+01,0.000000e+00,1.732142e+00,0.000000e+00,2.000000e-01,2.500000e-05,0.000000e+00,0.000000e+00,2.999843e+01,0.000000e+00,0.000000e+00,0.000000e+00,0.000000e+00,0.000000e+00,0.000000e+00,0.000000e+00,0.000000e+00,0.000000e+00,0.000000e+00,0.000000e+00,0.000000e+00,0.000000e+00,0.000000e+00,0.000000e+00,0.000000e+00,1.344317e-01,2.999843e+01,0.000000e+00,0.000000e+00,0.000000e+00,0.000000e+00,0.000000e+00,-1.267858e+00,0.000000e+00,1.344317e-01,0.000000e+00,1.732142e+01,0.000000e+00,0.000000e+00
6.400000e-03,2.999843e+01,1.500157e+01,0.000000e+00,1.732142e+00,0.000000e+00,2.000000e-01,2.500000e-05,0.000000e+00,0.000000e+00,2.999843e+01,0.000000e+00,0.000000e+00,0.000000e+00,0.000000e+00,0.000000e+00,0.000000e+00,0.000000e+00,0.000000e+00,0.000000e+00,0.000000e+00,0.000000e+00,0.000000e+00,0.000000e+00,0.000000e+00,0.000000e+00,0.000000e+00,1.348647e-01,2.999843e+01,0.000000e+00,0.000000e+00,0.000000e+00,0.000000e+00,0.000000e+00,-1.267858e+00,0.000000e+00,1.348647e-01,0.000000e+00,1.732142e+01,0.000000e+00,0.000000e+00
6.425000e-03,2.999843e+01,1.500157e+01,0.000000e+00,1.732142e+00,0.000000e+00,2.000000e-01,2.500000e-05,0.000000e+00,0.000000e+00,2.999843e+01,0.000000e+00,0.000000e+00,0.000000e+00,0.000000e+00,0.000000e+00,0.000000e+00,0.000000e+00,0.000000e+00,0.000000e+00,0.000000e+00,0.000000e+00,0.000000e+00,0.000000e+00,0.000000e+00,0.000000e+00,0.000000e+00,1.352978e-01,2.999843e+01,0.000000e+00,0.000000e+00,0.000000e+00,0.000000e+00,0.000000e+00,-1.267858e+00,0.000000e+00,1.352978e-01,0.000000e+00,1.732142e+01,0.000000e+00,0.000000e+00
6.450000e-03,2.999843e+01,1.500157e+01,0.000000e+00,1.732142e+00,0.000000e+00,2.000000e-01,2.500000e-05,0.000000e+00,0.000000e+00,2.999843e+01,0.000000e+00,0.000000e+00,0.000000e+00,0.000000e+00,0.000000e+00,0.000000e+00,0.000000e+00,0.000000e+00,0.000000e+00,0.000000e+00,0.000000e+00,0.000000e+00,0.000000e+00,0.000000e+00,0.000000e+00,0.000000e+00,1.357308e-01,2.999843e+01,0.000000e+00,0.000000e+00,0.000000e+00,0.000000e+00,0.000000e+00,-1.267858e+00,0.000000e+00,1.357308e-01,0.000000e+00,1.732142e+01,0.000000e+00,0.000000e+00
6.475000e-03,2.999843e+01,1.500157e+01,0.000000e+00,1.732142e+00,0.000000e+00,2.000000e-01,2.500000e-05,0.000000e+00,0.000000e+00,2.999843e+01,0.000000e+00,0.000000e+00,0.000000e+00,0.000000e+00,0.000000e+00,0.000000e+00,0.000000e+00,0.000000e+00,0.000000e+00,0.000000e+00,0.000000e+00,0.000000e+00,0.000000e+00,0.000000e+00,0.000000e+00,0.000000e+00,1.361639e-01,2.999843e+01,0.000000e+00,0.000000e+00,0.000000e+00,0.000000e+00,0.000000e+00,-1.267858e+00,0.000000e+00,1.361639e-01,0.000000e+00,1.732142e+01,0.000000e+00,0.000000e+00
6.500000e-03,2.999843e+01,1.500157e+01,0.000000e+00,1.732142e+00,0.000000e+00,2.000000e-01,2.500000e-05,0.000000e+00,0.000000e+00,2.999843e+01,0.000000e+00,0.000000e+00,0.000000e+00,0.000000e+00,0.000000e+00,0.000000e+00,0.000000e+00,0.000000e+00,0.000000e+00,0.000000e+00,0.000000e+00,0.000000e+00,0.000000e+00,0.000000e+00,0.000000e+00,0.000000e+00,1.365969e-01,2.999843e+01,0.000000e+00,0.000000e+00,0.000000e+00,0.000000e+00,0.000000e+00,-1.267858e+00,0.000000e+00,1.365969e-01,0.000000e+00,1.732142e+01,0.000000e+00,0.000000e+00
6.525000e-03,2.999843e+01,1.500157e+01,0.000000e+00,1.732142e+00,0.000000e+00,2.000000e-01,2.500000e-05,0.000000e+00,0.000000e+00,2.999843e+01,0.000000e+00,0.000000e+00,0.000000e+00,0.000000e+00,0.000000e+00,0.000000e+00,0.000000e+00,0.000000e+00,0.000000e+00,0.000000e+00,0.000000e+00,0.000000e+00,0.000000e+00,0.000000e+00,0.000000e+00,0.000000e+00,1.370299e-01,2.999843e+01,0.000000e+00,0.000000e+00,0.000000e+00,0.000000e+00,0.000000e+00,-1.267858e+00,0.000000e+00,1.370299e-01,0.000000e+00,1.732142e+01,0.000000e+00,0.000000e+00
6.550000e-03,2.999843e+01,1.500157e+01,0.000000e+00,1.732142e+00,0.000000e+00,2.000000e-01,2.500000e-05,0.000000e+00,0.000000e+00,2.999843e+01,0.000000e+00,0.000000e+00,0.000000e+00,0.000000e+00,0.000000e+00,0.000000e+00,0.000000e+00,0.000000e+00,0.000000e+00,0.000000e+00,0.000000e+00,0.000000e+00,0.000000e+00,0.000000e+00,0.000000e+00,0.000000e+00,1.374630e-01,2.999843e+01,0.000000e+00,0.000000e+00,0.000000e+00,0.000000e+00,0.000000e+00,-1.267858e+00,0.000000e+00,1.374630e-01,0.000000e+00,1.732142e+01,0.000000e+00,0.000000e+00
6.575000e-03,2.999843e+01,1.500157e+01,0.000000e+00,1.732142e+00,0.000000e+00,2.000000e-01,2.500000e-05,0.000000e+00,0.000000e+00,2.999843e+01,0.000000e+00,0.000000e+00,0.000000e+00,0.000000e+00,0.000000e+00,0.000000e+00,0.000000e+00,0.000000e+00,0.000000e+00,0.000000e+00,0.000000e+00,0.000000e+00,0.000000e+00,0.000000e+00,0.000000e+00,0.000000e+00,1.378960e-01,2.999843e+01,0.000000e+00,0.000000e+00,0.000000e+00,0.000000e+00,0.000000e+00,-1.267858e+00,0.000000e+00,1.378960e-01,0.000000e+00,1.732142e+01,0.000000e+00,0.000000e+00
6.600000e-03,2.999843e+01,1.500157e+01,0.000000e+00,1.732142e+00,0.000000e+00,2.000000e-01,2.500000e-05,0.000000e+00,0.000000e+00,2.999843e+01,0.000000e+00,0.000000e+00,0.000000e+00,0.000000e+00,0.000000e+00,0.000000e+00,0.000000e+00,0.000000e+00,0.000000e+00,0.000000e+00,0.000000e+00,0.000000e+00,0.000000e+00,0.000000e+00,0.000000e+00,0.000000e+00,1.383290e-01,2.999843e+01,0.000000e+00,0.000000e+00,0.000000e+00,0.000000e+00,0.000000e+00,-1.267858e+00,0.000000e+00,1.383290e-01,0.000000e+00,1.732142e+01,0.000000e+00,0.000000e+00
6.625000e-03,2.999843e+01,1.500157e+01,0.000000e+00,1.732142e+00,0.000000e+00,2.000000e-01,2.500000e-05,0.000000e+00,0.000000e+00,2.999843e+01,0.000000e+00,0.000000e+00,0.000000e+00,0.000000e+00,0.000000e+00,0.000000e+00,0.000000e+00,0.000000e+00,0.000000e+00,0.000000e+00,0.000000e+00,0.000000e+00,0.000000e+00,0.000000e+00,0.000000e+00,0.000000e+00,1.387621e-01,2.999843e+01,0.000000e+00,0.000000e+00,0.000000e+00,0.000000e+00,0.000000e+00,-1.267858e+00,0.000000e+00,1.387621e-01,0.000000e+00,1.732142e+01,0.000000e+00,0.000000e+00
6.650000e-03,2.999843e+01,1.500157e+01,0.000000e+00,1.732142e+00,0.000000e+00,2.000000e-01,2.500000e-05,0.000000e+00,0.000000e+00,2.999843e+01,0.000000e+00,0.000000e+00,0.000000e+00,0.000000e+00,0.000000e+00,0.000000e+00,0.000000e+00,0.000000e+00,0.000000e+00,0.000000e+00,0.000000e+00,0.000000e+00,0.000000e+00,0.000000e+00,0.000000e+00,0.000000e+00,1.391951e-01,2.999843e+01,0.000000e+00,0.000000e+00,0.000000e+00,0.000000e+00,0.000000e+00,-1.267858e+00,0.000000e+00,1.391951e-01,0.000000e+00,1.732142e+01,0.000000e+00,0.000000e+00
6.675000e-03,2.999843e+01,1.500157e+01,0.000000e+00,1.732142e+00,0.000000e+00,2.000000e-01,2.500000e-05,0.000000e+00,0.000000e+00,2.999843e+01,0.000000e+00,0.000000e+00,0.000000e+00,0.000000e+00,0.000000e+00,0.000000e+00,0.000000e+00,0.000000e+00,0.000000e+00,0.000000e+00,0.000000e+00,0.000000e+00,0.000000e+00,0.000000e+00,0.000000e+00,0.000000e+00,1.396281e-01,2.999843e+01,0.000000e+00,0.000000e+00,0.000000e+00,0.000000e+00,0.000000e+00,-1.267858e+00,0.000000e+00,1.396281e-01,0.000000e+00,1.732142e+01,0.000000e+00,0.000000e+00
6.700000e-03,2.999843e+01,1.500157e+01,0.000000e+00,1.732142e+00,0.000000e+00,2.000000e-01,2.500000e-05,0.000000e+00,0.000000e+00,2.999843e+01,0.000000e+00,0.000000e+00,0.000000e+00,0.000000e+00,0.000000e+00,0.000000e+00,0.000000e+00,0.000000e+00,0.000000e+00,0.000000e+00,0.000000e+00,0.000000e+00,0.000000e+00,0.000000e+00,0.000000e+00,0.000000e+00,1.400612e-01,2.999843e+01,0.000000e+00,0.000000e+00,0.000000e+00,0.000000e+00,0.000000e+00,-1.267858e+00,0.000000e+00,1.400612e-01,0.000000e+00,1.732142e+01,0.000000e+00,0.000000e+00
6.725000e-03,2.999843e+01,1.500157e+01,0.000000e+00,1.732142e+00,0.000000e+00,2.000000e-01,2.500000e-05,0.000000e+00,0.000000e+00,2.999843e+01,0.000000e+00,0.000000e+00,0.000000e+00,0.000000e+00,0.000000e+00,0.000000e+00,0.000000e+00,0.000000e+00,0.000000e+00,0.000000e+00,0.000000e+00,0.000000e+00,0.000000e+00,0.000000e+00,0.000000e+00,0.000000e+00,1.404942e-01,2.999843e+01,0.000000e+00,0.000000e+00,0.000000e+00,0.000000e+00,0.000000e+00,-1.267858e+00,0.000000e+00,1.404942e-01,0.000000e+00,1.732142e+01,0.000000e+00,0.000000e+00
6.750000e-03,2.999843e+01,1.500157e+01,0.000000e+00,1.732142e+00,0.000000e+00,2.000000e-01,2.500000e-05,0.000000e+00,0.000000e+00,2.999843e+01,0.000000e+00,0.000000e+00,0.000000e+00,0.000000e+00,0.000000e+00,0.000000e+00,0.000000e+00,0.000000e+00,0.000000e+00,0.000000e+00,0.000000e+00,0.000000e+00,0.000000e+00,0.000000e+00,0.000000e+00,0.000000e+00,1.409273e-01,2.999843e+01,0.000000e+00,0.000000e+00,0.000000e+00,0.000000e+00,0.000000e+00,-1.267858e+00,0.000000e+00,1.409273e-01,0.000000e+00,1.732142e+01,0.000000e+00,0.000000e+00
6.775000e-03,2.999843e+01,1.500157e+01,0.000000e+00,1.732142e+00,0.000000e+00,2.000000e-01,2.500000e-05,0.000000e+00,0.000000e+00,2.999843e+01,0.000000e+00,0.000000e+00,0.000000e+00,0.000000e+00,0.000000e+00,0.000000e+00,0.000000e+00,0.000000e+00,0.000000e+00,0.000000e+00,0.000000e+00,0.000000e+00,0.000000e+00,0.000000e+00,0.000000e+00,0.000000e+00,1.413603e-01,2.999843e+01,0.000000e+00,0.000000e+00,0.000000e+00,0.000000e+00,0.000000e+00,-1.267858e+00,0.000000e+00,1.413603e-01,0.000000e+00,1.732142e+01,0.000000e+00,0.000000e+00
6.800000e-03,2.999843e+01,1.500157e+01,0.000000e+00,1.732142e+00,0.000000e+00,2.000000e-01,2.500000e-05,0.000000e+00,0.000000e+00,2.999843e+01,0.000000e+00,0.000000e+00,0.000000e+00,0.000000e+00,0.000000e+00,0.000000e+00,0.000000e+00,0.000000e+00,0.000000e+00,0.000000e+00,0.000000e+00,0.000000e+00,0.000000e+00,0.000000e+00,0.000000e+00,0.000000e+00,1.417933e-01,2.999843e+01,0.000000e+00,0.000000e+00,0.000000e+00,0.000000e+00,0.000000e+00,-1.267858e+00,0.000000e+00,1.417933e-01,0.000000e+00,1.732142e+01,0.000000e+00,0.000000e+00
6.825000e-03,2.999843e+01,1.500157e+01,0.000000e+00,1.732142e+00,0.000000e+00,2.000000e-01,2.500000e-05,0.000000e+00,0.000000e+00,2.999843e+01,0.000000e+00,0.000000e+00,0.000000e+00,0.000000e+00,0.000000e+00,0.000000e+00,0.000000e+00,0.000000e+00,0.000000e+00,0.000000e+00,0.000000e+00,0.000000e+00,0.000000e+00,0.000000e+00,0.000000e+00,0.000000e+00,1.422264e-01,2.999843e+01,0.000000e+00,0.000000e+00,0.000000e+00,0.000000e+00,0.000000e+00,-1.267858e+00,0.000000e+00,1.422264e-01,0.000000e+00,1.732142e+01,0.000000e+00,0.000000e+00
6.850000e-03,2.999843e+01,1.500157e+01,0.000000e+00,1.732142e+00,0.000000e+00,2.000000e-01,2.500000e-05,0.000000e+00,0.000000e+00,2.999843e+01,0.000000e+00,0.000000e+00,0.000000e+00,0.000000e+00,0.000000e+00,0.000000e+00,0.000000e+00,0.000000e+00,0.000000e+00,0.000000e+00,0.000000e+00,0.000000e+00,0.000000e+00,0.000000e+00,0.000000e+00,0.000000e+00,1.426594e-01,2.999843e+01,0.000000e+00,0.000000e+00,0.000000e+00,0.000000e+00,0.000000e+00,-1.267858e+00,0.000000e+00,1.426594e-01,0.000000e+00,1.732142e+01,0.000000e+00,0.000000e+00
6.875000e-03,2.999843e+01,1.500157e+01,0.000000e+00,1.732142e+00,0.000000e+00,2.000000e-01,2.500000e-05,0.000000e+00,0.000000e+00,2.999843e+01,0.000000e+00,0.000000e+00,0.000000e+00,0.000000e+00,0.000000e+00,0.000000e+00,0.000000e+00,0.000000e+00,0.000000e+00,0.000000e+00,0.000000e+00,0.000000e+00,0.000000e+00,0.000000e+00,0.000000e+00,0.000000e+00,1.430924e-01,2.999843e+01,0.000000e+00,0.000000e+00,0.000000e+00,0.000000e+00,0.000000e+00,-1.267858e+00,0.000000e+00,1.430924e-01,0.000000e+00,1.732142e+01,0.000000e+00,0.000000e+00
6.900000e-03,2.999843e+01,1.500157e+01,0.000000e+00,1.732142e+00,0.000000e+00,2.000000e-01,2.500000e-05,0.000000e+00,0.000000e+00,2.999843e+01,0.000000e+00,0.000000e+00,0.000000e+00,0.000000e+00,0.000000e+00,0.000000e+00,0.000000e+00,0.000000e+00,0.000000e+00,0.000000e+00,0.000000e+00,0.000000e+00,0.000000e+00,0.000000e+00,0.000000e+00,0.000000e+00,1.435255e-01,2.999843e+01,0.000000e+00,0.000000e+00,0.000000e+00,0.000000e+00,0.000000e+00,-1.267858e+00,0.000000e+00,1.435255e-01,0.000000e+00,1.732142e+01,0.000000e+00,0.000000e+00
6.925000e-03,2.999843e+01,1.500157e+01,0.000000e+00,1.732142e+00,0.000000e+00,2.000000e-01,2.500000e-05,0.000000e+00,0.000000e+00,2.999843e+01,0.000000e+00,0.000000e+00,0.000000e+00,0.000000e+00,0.000000e+00,0.000000e+00,0.000000e+00,0.000000e+00,0.000000e+00,0.000000e+00,0.000000e+00,0.000000e+00,0.000000e+00,0.000000e+00,0.000000e+00,0.000000e+00,1.439585e-01,2.999843e+01,0.000000e+00,0.000000e+00,0.000000e+00,0.000000e+00,0.000000e+00,-1.267858e+00,0.000000e+00,1.439585e-01,0.000000e+00,1.732142e+01,0.000000e+00,0.000000e+00
6.950000e-03,2.999843e+01,1.500157e+01,0.000000e+00,1.732142e+00,0.000000e+00,2.000000e-01,2.500000e-05,0.000000e+00,0.000000e+00,2.999843e+01,0.000000e+00,0.000000e+00,0.000000e+00,0.000000e+00,0.000000e+00,0.000000e+00,0.000000e+00,0.000000e+00,0.000000e+00,0.000000e+00,0.000000e+00,0.000000e+00,0.000000e+00,0.000000e+00,0.000000e+00,0.000000e+00,1.443915e-01,2.999843e+01,0.000000e+00,0.000000e+00,0.000000e+00,0.000000e+00,0.000000e+00,-1.267858e+00,0.000000e+00,1.443915e-01,0.000000e+00,1.732142e+01,0.000000e+00,0.000000e+00
6.975000e-03,2.999843e+01,1.500157e+01,0.000000e+00,1.732142e+00,0.000000e+00,2.000000e-01,2.500000e-05,0.000000e+00,0.000000e+00,2.999843e+01,0.000000e+00,0.000000e+00,0.000000e+00,0.000000e+00,0.000000e+00,0.000000e+00,0.000000e+00,0.000000e+00,0.000000e+00,0.000000e+00,0.000000e+00,0.000000e+00,0.000000e+00,0.000000e+00,0.000000e+00,0.000000e+00,1.448246e-01,2.999843e+01,0.000000e+00,0.000000e+00,0.000000e+00,0.000000e+00,0.000000e+00,-1.267858e+00,0.000000e+00,1.448246e-01,0.000000e+00,1.732142e+01,0.000000e+00,0.000000e+00
7.000000e-03,2.999843e+01,1.500157e+01,0.000000e+00,1.732142e+00,0.000000e+00,2.000000e-01,2.500000e-05,0.000000e+00,0.000000e+00,2.999843e+01,0.000000e+00,0.000000e+00,0.000000e+00,0.000000e+00,0.000000e+00,0.000000e+00,0.000000e+00,0.000000e+00,0.000000e+00,0.000000e+00,0.000000e+00,0.000000e+00,0.000000e+00,0.000000e+00,0.000000e+00,0.000000e+00,1.452576e-01,2.999843e+01,0.000000e+00,0.000000e+00,0.000000e+00,0.000000e+00,0.000000e+00,-1.267858e+00,0.000000e+00,1.452576e-01,0.000000e+00,1.732142e+01,0.000000e+00,0.000000e+00
7.025000e-03,2.999843e+01,1.500157e+01,0.000000e+00,1.732142e+00,0.000000e+00,2.000000e-01,2.500000e-05,0.000000e+00,0.000000e+00,2.999843e+01,0.000000e+00,0.000000e+00,0.000000e+00,0.000000e+00,0.000000e+00,0.000000e+00,0.000000e+00,0.000000e+00,0.000000e+00,0.000000e+00,0.000000e+00,0.000000e+00,0.000000e+00,0.000000e+00,0.000000e+00,0.000000e+00,1.456906e-01,2.999843e+01,0.000000e+00,0.000000e+00,0.000000e+00,0.000000e+00,0.000000e+00,-1.267858e+00,0.000000e+00,1.456906e-01,0.000000e+00,1.732142e+01,0.000000e+00,0.000000e+00
7.050000e-03,2.999843e+01,1.500157e+01,0.000000e+00,1.732142e+00,0.000000e+00,2.000000e-01,2.500000e-05,0.000000e+00,0.000000e+00,2.999843e+01,0.000000e+00,0.000000e+00,0.000000e+00,0.000000e+00,0.000000e+00,0.000000e+00,0.000000e+00,0.000000e+00,0.000000e+00,0.000000e+00,0.000000e+00,0.000000e+00,0.000000e+00,0.000000e+00,0.000000e+00,0.000000e+00,1.461237e-01,2.999843e+01,0.000000e+00,0.000000e+00,0.000000e+00,0.000000e+00,0.000000e+00,-1.267858e+00,0.000000e+00,1.461237e-01,0.000000e+00,1.732142e+01,0.000000e+00,0.000000e+00
7.075000e-03,2.999843e+01,1.500157e+01,0.000000e+00,1.732142e+00,0.000000e+00,2.000000e-01,2.500000e-05,0.000000e+00,0.000000e+00,2.999843e+01,0.000000e+00,0.000000e+00,0.000000e+00,0.000000e+00,0.000000e+00,0.000000e+00,0.000000e+00,0.000000e+00,0.000000e+00,0.000000e+00,0.000000e+00,0.000000e+00,0.000000e+00,0.000000e+00,0.000000e+00,0.000000e+00,1.465567e-01,2.999843e+01,0.000000e+00,0.000000e+00,0.000000e+00,0.000000e+00,0.000000e+00,-1.267858e+00,0.000000e+00,1.465567e-01,0.000000e+00,1.732142e+01,0.000000e+00,0.000000e+00
7.100000e-03,2.999843e+01,1.500157e+01,0.000000e+00,1.732142e+00,0.000000e+00,2.000000e-01,2.500000e-05,0.000000e+00,0.000000e+00,2.999843e+01,0.000000e+00,0.000000e+00,0.000000e+00,0.000000e+00,0.000000e+00,0.000000e+00,0.000000e+00,0.000000e+00,0.000000e+00,0.000000e+00,0.000000e+00,0.000000e+00,0.000000e+00,0.000000e+00,0.000000e+00,0.000000e+00,1.469897e-01,2.999843e+01,0.000000e+00,0.000000e+00,0.000000e+00,0.000000e+00,0.000000e+00,-1.267858e+00,0.000000e+00,1.469897e-01,0.000000e+00,1.732142e+01,0.000000e+00,0.000000e+00
7.125000e-03,2.999843e+01,1.500157e+01,0.000000e+00,1.732142e+00,0.000000e+00,2.000000e-01,2.500000e-05,0.000000e+00,0.000000e+00,2.999843e+01,0.000000e+00,0.000000e+00,0.000000e+00,0.000000e+00,0.000000e+00,0.000000e+00,0.000000e+00,0.000000e+00,0.000000e+00,0.000000e+00,0.000000e+00,0.000000e+00,0.000000e+00,0.000000e+00,0.000000e+00,0.000000e+00,1.474228e-01,2.999843e+01,0.000000e+00,0.000000e+00,0.000000e+00,0.000000e+00,0.000000e+00,-1.267858e+00,0.000000e+00,1.474228e-01,0.000000e+00,1.732142e+01,0.000000e+00,0.000000e+00
7.150000e-03,2.999843e+01,1.500157e+01,0.000000e+00,1.732142e+00,0.000000e+00,2.000000e-01,2.500000e-05,0.000000e+00,0.000000e+00,2.999843e+01,0.000000e+00,0.000000e+00,0.000000e+00,0.000000e+00,0.000000e+00,0.000000e+00,0.000000e+00,0.000000e+00,0.000000e+00,0.000000e+00,0.000000e+00,0.000000e+00,0.000000e+00,0.000000e+00,0.000000e+00,0.000000e+00,1.478558e-01,2.999843e+01,0.000000e+00,0.000000e+00,0.000000e+00,0.000000e+00,0.000000e+00,-1.267858e+00,0.000000e+00,1.478558e-01,0.000000e+00,1.732142e+01,0.000000e+00,0.000000e+00
7.175000e-03,2.999843e+01,1.500157e+01,0.000000e+00,1.732142e+00,0.000000e+00,2.000000e-01,2.500000e-05,0.000000e+00,0.000000e+00,2.999843e+01,0.000000e+00,0.000000e+00,0.000000e+00,0.000000e+00,0.000000e+00,0.000000e+00,0.000000e+00,0.000000e+00,0.000000e+00,0.000000e+00,0.000000e+00,0.000000e+00,0.000000e+00,0.000000e+00,0.000000e+00,0.000000e+00,1.482888e-01,2.999843e+01,0.000000e+00,0.000000e+00,0.000000e+00,0.000000e+00,0.000000e+00,-1.267858e+00,0.000000e+00,1.482888e-01,0.000000e+00,1.732142e+01,0.000000e+00,0.000000e+00
7.200000e-03,2.999843e+01,1.500157e+01,0.000000e+00,1.732142e+00,0.000000e+00,2.000000e-01,2.500000e-05,0.000000e+00,0.000000e+00,2.999843e+01,0.000000e+00,0.000000e+00,0.000000e+00,0.000000e+00,0.000000e+00,0.000000e+00,0.000000e+00,0.000000e+00,0.000000e+00,0.000000e+00,0.000000e+00,0.000000e+00,0.000000e+00,0.000000e+00,0.000000e+00,0.000000e+00,1.487219e-01,2.999843e+01,0.000000e+00,0.000000e+00,0.000000e+00,0.000000e+00,0.000000e+00,-1.267858e+00,0.000000e+00,1.487219e-01,0.000000e+00,1.732142e+01,0.000000e+00,0.000000e+00
7.225000e-03,2.999843e+01,1.500157e+01,0.000000e+00,1.732142e+00,0.000000e+00,2.000000e-01,2.500000e-05,0.000000e+00,0.000000e+00,2.999843e+01,0.000000e+00,0.000000e+00,0.000000e+00,0.000000e+00,0.000000e+00,0.000000e+00,0.000000e+00,0.000000e+00,0.000000e+00,0.000000e+00,0.000000e+00,0.000000e+00,0.000000e+00,0.000000e+00,0.000000e+00,0.000000e+00,1.491549e-01,2.999843e+01,0.000000e+00,0.000000e+00,0.000000e+00,0.000000e+00,0.000000e+00,-1.267858e+00,0.000000e+00,1.491549e-01,0.000000e+00,1.732142e+01,0.000000e+00,0.000000e+00
7.250000e-03,2.999843e+01,1.500157e+01,0.000000e+00,1.732142e+00,0.000000e+00,2.000000e-01,2.500000e-05,0.000000e+00,0.000000e+00,2.999843e+01,0.000000e+00,0.000000e+00,0.000000e+00,0.000000e+00,0.000000e+00,0.000000e+00,0.000000e+00,0.000000e+00,0.000000e+00,0.000000e+00,0.000000e+00,0.000000e+00,0.000000e+00,0.000000e+00,0.000000e+00,0.000000e+00,1.495880e-01,2.999843e+01,0.000000e+00,0.000000e+00,0.000000e+00,0.000000e+00,0.000000e+00,-1.267858e+00,0.000000e+00,1.495880e-01,0.000000e+00,1.732142e+01,0.000000e+00,0.000000e+00
7.275000e-03,2.999843e+01,1.500157e+01,0.000000e+00,1.732142e+00,0.000000e+00,2.000000e-01,2.500000e-05,0.000000e+00,0.000000e+00,2.999843e+01,0.000000e+00,0.000000e+00,0.000000e+00,0.000000e+00,0.000000e+00,0.000000e+00,0.000000e+00,0.000000e+00,0.000000e+00,0.000000e+00,0.000000e+00,0.000000e+00,0.000000e+00,0.000000e+00,0.000000e+00,0.000000e+00,1.500210e-01,2.999843e+01,0.000000e+00,0.000000e+00,0.000000e+00,0.000000e+00,0.000000e+00,-1.267858e+00,0.000000e+00,1.500210e-01,0.000000e+00,1.732142e+01,0.000000e+00,0.000000e+00
7.300000e-03,2.999843e+01,1.500157e+01,0.000000e+00,1.732142e+00,0.000000e+00,2.000000e-01,2.500000e-05,0.000000e+00,0.000000e+00,2.999843e+01,0.000000e+00,0.000000e+00,0.000000e+00,0.000000e+00,0.000000e+00,0.000000e+00,0.000000e+00,0.000000e+00,0.000000e+00,0.000000e+00,0.000000e+00,0.000000e+00,0.000000e+00,0.000000e+00,0.000000e+00,0.000000e+00,1.504540e-01,2.999843e+01,0.000000e+00,0.000000e+00,0.000000e+00,0.000000e+00,0.000000e+00,-1.267858e+00,0.000000e+00,1.504540e-01,0.000000e+00,1.732142e+01,0.000000e+00,0.000000e+00
7.325000e-03,2.999843e+01,1.500157e+01,0.000000e+00,1.732142e+00,0.000000e+00,2.000000e-01,2.500000e-05,0.000000e+00,0.000000e+00,2.999843e+01,0.000000e+00,0.000000e+00,0.000000e+00,0.000000e+00,0.000000e+00,0.000000e+00,0.000000e+00,0.000000e+00,0.000000e+00,0.000000e+00,0.000000e+00,0.000000e+00,0.000000e+00,0.000000e+00,0.000000e+00,0.000000e+00,1.508871e-01,2.999843e+01,0.000000e+00,0.000000e+00,0.000000e+00,0.000000e+00,0.000000e+00,-1.267858e+00,0.000000e+00,1.508871e-01,0.000000e+00,1.732142e+01,0.000000e+00,0.000000e+00
7.350000e-03,2.999843e+01,1.500157e+01,0.000000e+00,1.732142e+00,0.000000e+00,2.000000e-01,2.500000e-05,0.000000e+00,0.000000e+00,2.999843e+01,0.000000e+00,0.000000e+00,0.000000e+00,0.000000e+00,0.000000e+00,0.000000e+00,0.000000e+00,0.000000e+00,0.000000e+00,0.000000e+00,0.000000e+00,0.000000e+00,0.000000e+00,0.000000e+00,0.000000e+00,0.000000e+00,1.513201e-01,2.999843e+01,0.000000e+00,0.000000e+00,0.000000e+00,0.000000e+00,0.000000e+00,-1.267858e+00,0.000000e+00,1.513201e-01,0.000000e+00,1.732142e+01,0.000000e+00,0.000000e+00
7.375000e-03,2.999843e+01,1.500157e+01,0.000000e+00,1.732142e+00,0.000000e+00,2.000000e-01,2.500000e-05,0.000000e+00,0.000000e+00,2.999843e+01,0.000000e+00,0.000000e+00,0.000000e+00,0.000000e+00,0.000000e+00,0.000000e+00,0.000000e+00,0.000000e+00,0.000000e+00,0.000000e+00,0.000000e+00,0.000000e+00,0.000000e+00,0.000000e+00,0.000000e+00,0.000000e+00,1.517531e-01,2.999843e+01,0.000000e+00,0.000000e+00,0.000000e+00,0.000000e+00,0.000000e+00,-1.267858e+00,0.000000e+00,1.517531e-01,0.000000e+00,1.732142e+01,0.000000e+00,0.000000e+00
7.400000e-03,2.999843e+01,1.500157e+01,0.000000e+00,1.732142e+00,0.000000e+00,2.000000e-01,2.500000e-05,0.000000e+00,0.000000e+00,2.999843e+01,0.000000e+00,0.000000e+00,0.000000e+00,0.000000e+00,0.000000e+00,0.000000e+00,0.000000e+00,0.000000e+00,0.000000e+00,0.000000e+00,0.000000e+00,0.000000e+00,0.000000e+00,0.000000e+00,0.000000e+00,0.000000e+00,1.521862e-01,2.999843e+01,0.000000e+00,0.000000e+00,0.000000e+00,0.000000e+00,0.000000e+00,-1.267858e+00,0.000000e+00,1.521862e-01,0.000000e+00,1.732142e+01,0.000000e+00,0.000000e+00
7.425000e-03,2.999843e+01,1.500157e+01,0.000000e+00,1.732142e+00,0.000000e+00,2.000000e-01,2.500000e-05,0.000000e+00,0.000000e+00,2.999843e+01,0.000000e+00,0.000000e+00,0.000000e+00,0.000000e+00,0.000000e+00,0.000000e+00,0.000000e+00,0.000000e+00,0.000000e+00,0.000000e+00,0.000000e+00,0.000000e+00,0.000000e+00,0.000000e+00,0.000000e+00,0.000000e+00,1.526192e-01,2.999843e+01,0.000000e+00,0.000000e+00,0.000000e+00,0.000000e+00,0.000000e+00,-1.267858e+00,0.000000e+00,1.526192e-01,0.000000e+00,1.732142e+01,0.000000e+00,0.000000e+00
7.450000e-03,2.999843e+01,1.500157e+01,0.000000e+00,1.732142e+00,0.000000e+00,2.000000e-01,2.500000e-05,0.000000e+00,0.000000e+00,2.999843e+01,0.000000e+00,0.000000e+00,0.000000e+00,0.000000e+00,0.000000e+00,0.000000e+00,0.000000e+00,0.000000e+00,0.000000e+00,0.000000e+00,0.000000e+00,0.000000e+00,0.000000e+00,0.000000e+00,0.000000e+00,0.000000e+00,1.530522e-01,2.999843e+01,0.000000e+00,0.000000e+00,0.000000e+00,0.000000e+00,0.000000e+00,-1.267858e+00,0.000000e+00,1.530522e-01,0.000000e+00,1.732142e+01,0.000000e+00,0.000000e+00
7.475000e-03,2.999843e+01,1.500157e+01,0.000000e+00,1.732142e+00,0.000000e+00,2.000000e-01,2.500000e-05,0.000000e+00,0.000000e+00,2.999843e+01,0.000000e+00,0.000000e+00,0.000000e+00,0.000000e+00,0.000000e+00,0.000000e+00,0.000000e+00,0.000000e+00,0.000000e+00,0.000000e+00,0.000000e+00,0.000000e+00,0.000000e+00,0.000000e+00,0.000000e+00,0.000000e+00,1.534853e-01,2.999843e+01,0.000000e+00,0.000000e+00,0.000000e+00,0.000000e+00,0.000000e+00,-1.267858e+00,0.000000e+00,1.534853e-01,0.000000e+00,1.732142e+01,0.000000e+00,0.000000e+00
7.500000e-03,2.999843e+01,1.500157e+01,0.000000e+00,1.732142e+00,0.000000e+00,2.000000e-01,2.500000e-05,0.000000e+00,0.000000e+00,2.999843e+01,0.000000e+00,0.000000e+00,0.000000e+00,0.000000e+00,0.000000e+00,0.000000e+00,0.000000e+00,0.000000e+00,0.000000e+00,0.000000e+00,0.000000e+00,0.000000e+00,0.000000e+00,0.000000e+00,0.000000e+00,0.000000e+00,1.539183e-01,2.999843e+01,0.000000e+00,0.000000e+00,0.000000e+00,0.000000e+00,0.000000e+00,-1.267858e+00,0.000000e+00,1.539183e-01,0.000000e+00,1.732142e+01,0.000000e+00,0.000000e+00
7.525000e-03,2.999843e+01,1.500157e+01,0.000000e+00,1.732142e+00,0.000000e+00,2.000000e-01,2.500000e-05,0.000000e+00,0.000000e+00,2.999843e+01,0.000000e+00,0.000000e+00,0.000000e+00,0.000000e+00,0.000000e+00,0.000000e+00,0.000000e+00,0.000000e+00,0.000000e+00,0.000000e+00,0.000000e+00,0.000000e+00,0.000000e+00,0.000000e+00,0.000000e+00,0.000000e+00,1.543514e-01,2.999843e+01,0.000000e+00,0.000000e+00,0.000000e+00,0.000000e+00,0.000000e+00,-1.267858e+00,0.000000e+00,1.543514e-01,0.000000e+00,1.732142e+01,0.000000e+00,0.000000e+00
7.550000e-03,2.999843e+01,1.500157e+01,0.000000e+00,1.732142e+00,0.000000e+00,2.000000e-01,2.500000e-05,0.000000e+00,0.000000e+00,2.999843e+01,0.000000e+00,0.000000e+00,0.000000e+00,0.000000e+00,0.000000e+00,0.000000e+00,0.000000e+00,0.000000e+00,0.000000e+00,0.000000e+00,0.000000e+00,0.000000e+00,0.000000e+00,0.000000e+00,0.000000e+00,0.000000e+00,1.547844e-01,2.999843e+01,0.000000e+00,0.000000e+00,0.000000e+00,0.000000e+00,0.000000e+00,-1.267858e+00,0.000000e+00,1.547844e-01,0.000000e+00,1.732142e+01,0.000000e+00,0.000000e+00
7.575000e-03,2.999843e+01,1.500157e+01,0.000000e+00,1.732142e+00,0.000000e+00,2.000000e-01,2.500000e-05,0.000000e+00,0.000000e+00,2.999843e+01,0.000000e+00,0.000000e+00,0.000000e+00,0.000000e+00,0.000000e+00,0.000000e+00,0.000000e+00,0.000000e+00,0.000000e+00,0.000000e+00,0.000000e+00,0.000000e+00,0.000000e+00,0.000000e+00,0.000000e+00,0.000000e+00,1.552174e-01,2.999843e+01,0.000000e+00,0.000000e+00,0.000000e+00,0.000000e+00,0.000000e+00,-1.267858e+00,0.000000e+00,1.552174e-01,0.000000e+00,1.732142e+01,0.000000e+00,0.000000e+00
7.600000e-03,2.999843e+01,1.500157e+01,0.000000e+00,1.732142e+00,0.000000e+00,2.000000e-01,2.500000e-05,0.000000e+00,0.000000e+00,2.999843e+01,0.000000e+00,0.000000e+00,0.000000e+00,0.000000e+00,0.000000e+00,0.000000e+00,0.000000e+00,0.000000e+00,0.000000e+00,0.000000e+00,0.000000e+00,0.000000e+00,0.000000e+00,0.000000e+00,0.000000e+00,0.000000e+00,1.556505e-01,2.999843e+01,0.000000e+00,0.000000e+00,0.000000e+00,0.000000e+00,0.000000e+00,-1.267858e+00,0.000000e+00,1.556505e-01,0.000000e+00,1.732142e+01,0.000000e+00,0.000000e+00
7.625000e-03,2.999843e+01,1.500157e+01,0.000000e+00,1.732142e+00,0.000000e+00,2.000000e-01,2.500000e-05,0.000000e+00,0.000000e+00,2.999843e+01,0.000000e+00,0.000000e+00,0.000000e+00,0.000000e+00,0.000000e+00,0.000000e+00,0.000000e+00,0.000000e+00,0.000000e+00,0.000000e+00,0.000000e+00,0.000000e+00,0.000000e+00,0.000000e+00,0.000000e+00,0.000000e+00,1.560835e-01,2.999843e+01,0.000000e+00,0.000000e+00,0.000000e+00,0.000000e+00,0.000000e+00,-1.267858e+00,0.000000e+00,1.560835e-01,0.000000e+00,1.732142e+01,0.000000e+00,0.000000e+00
7.650000e-03,2.999843e+01,1.500157e+01,0.000000e+00,1.732142e+00,0.000000e+00,2.000000e-01,2.500000e-05,0.000000e+00,0.000000e+00,2.999843e+01,0.000000e+00,0.000000e+00,0.000000e+00,0.000000e+00,0.000000e+00,0.000000e+00,0.000000e+00,0.000000e+00,0.000000e+00,0.000000e+00,0.000000e+00,0.000000e+00,0.000000e+00,0.000000e+00,0.000000e+00,0.000000e+00,1.565165e-01,2.999843e+01,0.000000e+00,0.000000e+00,0.000000e+00,0.000000e+00,0.000000e+00,-1.267858e+00,0.000000e+00,1.565165e-01,0.000000e+00,1.732142e+01,0.000000e+00,0.000000e+00
7.675000e-03,2.999843e+01,1.500157e+01,0.000000e+00,1.732142e+00,0.000000e+00,2.000000e-01,2.500000e-05,0.000000e+00,0.000000e+00,2.999843e+01,0.000000e+00,0.000000e+00,0.000000e+00,0.000000e+00,0.000000e+00,0.000000e+00,0.000000e+00,0.000000e+00,0.000000e+00,0.000000e+00,0.000000e+00,0.000000e+00,0.000000e+00,0.000000e+00,0.000000e+00,0.000000e+00,1.569496e-01,2.999843e+01,0.000000e+00,0.000000e+00,0.000000e+00,0.000000e+00,0.000000e+00,-1.267858e+00,0.000000e+00,1.569496e-01,0.000000e+00,1.732142e+01,0.000000e+00,0.000000e+00
7.700000e-03,2.999843e+01,1.500157e+01,0.000000e+00,1.732142e+00,0.000000e+00,2.000000e-01,2.500000e-05,0.000000e+00,0.000000e+00,2.999843e+01,0.000000e+00,0.000000e+00,0.000000e+00,0.000000e+00,0.000000e+00,0.000000e+00,0.000000e+00,0.000000e+00,0.000000e+00,0.000000e+00,0.000000e+00,0.000000e+00,0.000000e+00,0.000000e+00,0.000000e+00,0.000000e+00,1.573826e-01,2.999843e+01,0.000000e+00,0.000000e+00,0.000000e+00,0.000000e+00,0.000000e+00,-1.267858e+00,0.000000e+00,1.573826e-01,0.000000e+00,1.732142e+01,0.000000e+00,0.000000e+00
7.725000e-03,2.999843e+01,1.500157e+01,0.000000e+00,1.732142e+00,0.000000e+00,2.000000e-01,2.500000e-05,0.000000e+00,0.000000e+00,2.999843e+01,0.000000e+00,0.000000e+00,0.000000e+00,0.000000e+00,0.000000e+00,0.000000e+00,0.000000e+00,0.000000e+00,0.000000e+00,0.000000e+00,0.000000e+00,0.000000e+00,0.000000e+00,0.000000e+00,0.000000e+00,0.000000e+00,1.578156e-01,2.999843e+01,0.000000e+00,0.000000e+00,0.000000e+00,0.000000e+00,0.000000e+00,-1.267858e+00,0.000000e+00,1.578156e-01,0.000000e+00,1.732142e+01,0.000000e+00,0.000000e+00
7.750000e-03,2.999843e+01,1.500157e+01,0.000000e+00,1.732142e+00,0.000000e+00,2.000000e-01,2.500000e-05,0.000000e+00,0.000000e+00,2.999843e+01,0.000000e+00,0.000000e+00,0.000000e+00,0.000000e+00,0.000000e+00,0.000000e+00,0.000000e+00,0.000000e+00,0.000000e+00,0.000000e+00,0.000000e+00,0.000000e+00,0.000000e+00,0.000000e+00,0.000000e+00,0.000000e+00,1.582487e-01,2.999843e+01,0.000000e+00,0.000000e+00,0.000000e+00,0.000000e+00,0.000000e+00,-1.267858e+00,0.000000e+00,1.582487e-01,0.000000e+00,1.732142e+01,0.000000e+00,0.000000e+00
7.775000e-03,2.999843e+01,1.500157e+01,0.000000e+00,1.732142e+00,0.000000e+00,2.000000e-01,2.500000e-05,0.000000e+00,0.000000e+00,2.999843e+01,0.000000e+00,0.000000e+00,0.000000e+00,0.000000e+00,0.000000e+00,0.000000e+00,0.000000e+00,0.000000e+00,0.000000e+00,0.000000e+00,0.000000e+00,0.000000e+00,0.000000e+00,0.000000e+00,0.000000e+00,0.000000e+00,1.586817e-01,2.999843e+01,0.000000e+00,0.000000e+00,0.000000e+00,0.000000e+00,0.000000e+00,-1.267858e+00,0.000000e+00,1.586817e-01,0.000000e+00,1.732142e+01,0.000000e+00,0.000000e+00
7.800000e-03,2.999843e+01,1.500157e+01,0.000000e+00,1.732142e+00,0.000000e+00,2.000000e-01,2.500000e-05,0.000000e+00,0.000000e+00,2.999843e+01,0.000000e+00,0.000000e+00,0.000000e+00,0.000000e+00,0.000000e+00,0.000000e+00,0.000000e+00,0.000000e+00,0.000000e+00,0.000000e+00,0.000000e+00,0.000000e+00,0.000000e+00,0.000000e+00,0.000000e+00,0.000000e+00,1.591147e-01,2.999843e+01,0.000000e+00,0.000000e+00,0.000000e+00,0.000000e+00,0.000000e+00,-1.267858e+00,0.000000e+00,1.591147e-01,0.000000e+00,1.732142e+01,0.000000e+00,0.000000e+00
7.825000e-03,2.999843e+01,1.500157e+01,0.000000e+00,1.732142e+00,0.000000e+00,2.000000e-01,2.500000e-05,0.000000e+00,0.000000e+00,2.999843e+01,0.000000e+00,0.000000e+00,0.000000e+00,0.000000e+00,0.000000e+00,0.000000e+00,0.000000e+00,0.000000e+00,0.000000e+00,0.000000e+00,0.000000e+00,0.000000e+00,0.000000e+00,0.000000e+00,0.000000e+00,0.000000e+00,1.595478e-01,2.999843e+01,0.000000e+00,0.000000e+00,0.000000e+00,0.000000e+00,0.000000e+00,-1.267858e+00,0.000000e+00,1.595478e-01,0.000000e+00,1.732142e+01,0.000000e+00,0.000000e+00
7.850000e-03,2.999843e+01,1.500157e+01,0.000000e+00,1.732142e+00,0.000000e+00,2.000000e-01,2.500000e-05,0.000000e+00,0.000000e+00,2.999843e+01,0.000000e+00,0.000000e+00,0.000000e+00,0.000000e+00,0.000000e+00,0.000000e+00,0.000000e+00,0.000000e+00,0.000000e+00,0.000000e+00,0.000000e+00,0.000000e+00,0.000000e+00,0.000000e+00,0.000000e+00,0.000000e+00,1.599808e-01,2.999843e+01,0.000000e+00,0.000000e+00,0.000000e+00,0.000000e+00,0.000000e+00,-1.267858e+00,0.000000e+00,1.599808e-01,0.000000e+00,1.732142e+01,0.000000e+00,0.000000e+00
7.875000e-03,2.999843e+01,1.500157e+01,0.000000e+00,1.732142e+00,0.000000e+00,2.000000e-01,2.500000e-05,0.000000e+00,0.000000e+00,2.999843e+01,0.000000e+00,0.000000e+00,0.000000e+00,0.000000e+00,0.000000e+00,0.000000e+00,0.000000e+00,0.000000e+00,0.000000e+00,0.000000e+00,0.000000e+00,0.000000e+00,0.000000e+00,0.000000e+00,0.000000e+00,0.000000e+00,1.604138e-01,2.999843e+01,0.000000e+00,0.000000e+00,0.000000e+00,0.000000e+00,0.000000e+00,-1.267858e+00,0.000000e+00,1.604138e-01,0.000000e+00,1.732142e+01,0.000000e+00,0.000000e+00
7.900000e-03,2.999843e+01,1.500157e+01,0.000000e+00,1.732142e+00,0.000000e+00,2.000000e-01,2.500000e-05,0.000000e+00,0.000000e+00,2.999843e+01,0.000000e+00,0.000000e+00,0.000000e+00,0.000000e+00,0.000000e+00,0.000000e+00,0.000000e+00,0.000000e+00,0.000000e+00,0.000000e+00,0.000000e+00,0.000000e+00,0.000000e+00,0.000000e+00,0.000000e+00,0.000000e+00,1.608469e-01,2.999843e+01,0.000000e+00,0.000000e+00,0.000000e+00,0.000000e+00,0.000000e+00,-1.267858e+00,0.000000e+00,1.608469e-01,0.000000e+00,1.732142e+01,0.000000e+00,0.000000e+00
7.925000e-03,2.999843e+01,1.500157e+01,0.000000e+00,1.732142e+00,0.000000e+00,2.000000e-01,2.500000e-05,0.000000e+00,0.000000e+00,2.999843e+01,0.000000e+00,0.000000e+00,0.000000e+00,0.000000e+00,0.000000e+00,0.000000e+00,0.000000e+00,0.000000e+00,0.000000e+00,0.000000e+00,0.000000e+00,0.000000e+00,0.000000e+00,0.000000e+00,0.000000e+00,0.000000e+00,1.612799e-01,2.999843e+01,0.000000e+00,0.000000e+00,0.000000e+00,0.000000e+00,0.000000e+00,-1.267858e+00,0.000000e+00,1.612799e-01,0.000000e+00,1.732142e+01,0.000000e+00,0.000000e+00
7.950000e-03,2.999843e+01,1.500157e+01,0.000000e+00,1.732142e+00,0.000000e+00,2.000000e-01,2.500000e-05,0.000000e+00,0.000000e+00,2.999843e+01,0.000000e+00,0.000000e+00,0.000000e+00,0.000000e+00,0.000000e+00,0.000000e+00,0.000000e+00,0.000000e+00,0.000000e+00,0.000000e+00,0.000000e+00,0.000000e+00,0.000000e+00,0.000000e+00,0.000000e+00,0.000000e+00,1.617129e-01,2.999843e+01,0.000000e+00,0.000000e+00,0.000000e+00,0.000000e+00,0.000000e+00,-1.267858e+00,0.000000e+00,1.617129e-01,0.000000e+00,1.732142e+01,0.000000e+00,0.000000e+00
7.975000e-03,2.999843e+01,1.500157e+01,0.000000e+00,1.732142e+00,0.000000e+00,2.000000e-01,2.500000e-05,0.000000e+00,0.000000e+00,2.999843e+01,0.000000e+00,0.000000e+00,0.000000e+00,0.000000e+00,0.000000e+00,0.000000e+00,0.000000e+00,0.000000e+00,0.000000e+00,0.000000e+00,0.000000e+00,0.000000e+00,0.000000e+00,0.000000e+00,0.000000e+00,0.000000e+00,1.621460e-01,2.999843e+01,0.000000e+00,0.000000e+00,0.000000e+00,0.000000e+00,0.000000e+00,-1.267858e+00,0.000000e+00,1.621460e-01,0.000000e+00,1.732142e+01,0.000000e+00,0.000000e+00
8.000000e-03,2.999843e+01,1.500157e+01,0.000000e+00,1.732142e+00,0.000000e+00,2.000000e-01,2.500000e-05,0.000000e+00,0.000000e+00,2.999843e+01,0.000000e+00,0.000000e+00,0.000000e+00,0.000000e+00,0.000000e+00,0.000000e+00,0.000000e+00,0.000000e+00,0.000000e+00,0.000000e+00,0.000000e+00,0.000000e+00,0.000000e+00,0.000000e+00,0.000000e+00,0.000000e+00,1.625790e-01,2.999843e+01,0.000000e+00,0.000000e+00,0.000000e+00,0.000000e+00,0.000000e+00,-1.267858e+00,0.000000e+00,1.625790e-01,0.000000e+00,1.732142e+01,0.000000e+00,0.000000e+00
8.025000e-03,2.999843e+01,1.500157e+01,0.000000e+00,1.732142e+00,0.000000e+00,2.000000e-01,2.500000e-05,0.000000e+00,0.000000e+00,2.999843e+01,0.000000e+00,0.000000e+00,0.000000e+00,0.000000e+00,0.000000e+00,0.000000e+00,0.000000e+00,0.000000e+00,0.000000e+00,0.000000e+00,0.000000e+00,0.000000e+00,0.000000e+00,0.000000e+00,0.000000e+00,0.000000e+00,1.630121e-01,2.999843e+01,0.000000e+00,0.000000e+00,0.000000e+00,0.000000e+00,0.000000e+00,-1.267858e+00,0.000000e+00,1.630121e-01,0.000000e+00,1.732142e+01,0.000000e+00,0.000000e+00
8.050000e-03,2.999843e+01,1.500157e+01,0.000000e+00,1.732142e+00,0.000000e+00,2.000000e-01,2.500000e-05,0.000000e+00,0.000000e+00,2.999843e+01,0.000000e+00,0.000000e+00,0.000000e+00,0.000000e+00,0.000000e+00,0.000000e+00,0.000000e+00,0.000000e+00,0.000000e+00,0.000000e+00,0.000000e+00,0.000000e+00,0.000000e+00,0.000000e+00,0.000000e+00,0.000000e+00,1.634451e-01,2.999843e+01,0.000000e+00,0.000000e+00,0.000000e+00,0.000000e+00,0.000000e+00,-1.267858e+00,0.000000e+00,1.634451e-01,0.000000e+00,1.732142e+01,0.000000e+00,0.000000e+00
8.075000e-03,2.999843e+01,1.500157e+01,0.000000e+00,1.732142e+00,0.000000e+00,2.000000e-01,2.500000e-05,0.000000e+00,0.000000e+00,2.999843e+01,0.000000e+00,0.000000e+00,0.000000e+00,0.000000e+00,0.000000e+00,0.000000e+00,0.000000e+00,0.000000e+00,0.000000e+00,0.000000e+00,0.000000e+00,0.000000e+00,0.000000e+00,0.000000e+00,0.000000e+00,0.000000e+00,1.638781e-01,2.999843e+01,0.000000e+00,0.000000e+00,0.000000e+00,0.000000e+00,0.000000e+00,-1.267858e+00,0.000000e+00,1.638781e-01,0.000000e+00,1.732142e+01,0.000000e+00,0.000000e+00
8.100000e-03,2.999843e+01,1.500157e+01,0.000000e+00,1.732142e+00,0.000000e+00,2.000000e-01,2.500000e-05,0.000000e+00,0.000000e+00,2.999843e+01,0.000000e+00,0.000000e+00,0.000000e+00,0.000000e+00,0.000000e+00,0.000000e+00,0.000000e+00,0.000000e+00,0.000000e+00,0.000000e+00,0.000000e+00,0.000000e+00,0.000000e+00,0.000000e+00,0.000000e+00,0.000000e+00,1.643112e-01,2.999843e+01,0.000000e+00,0.000000e+00,0.000000e+00,0.000000e+00,0.000000e+00,-1.267858e+00,0.000000e+00,1.643112e-01,0.000000e+00,1.732142e+01,0.000000e+00,0.000000e+00
8.125000e-03,2.999843e+01,1.500157e+01,0.000000e+00,1.732142e+00,0.000000e+00,2.000000e-01,2.500000e-05,0.000000e+00,0.000000e+00,2.999843e+01,0.000000e+00,0.000000e+00,0.000000e+00,0.000000e+00,0.000000e+00,0.000000e+00,0.000000e+00,0.000000e+00,0.000000e+00,0.000000e+00,0.000000e+00,0.000000e+00,0.000000e+00,0.000000e+00,0.000000e+00,0.000000e+00,1.647442e-01,2.999843e+01,0.000000e+00,0.000000e+00,0.000000e+00,0.000000e+00,0.000000e+00,-1.267858e+00,0.000000e+00,1.647442e-01,0.000000e+00,1.732142e+01,0.000000e+00,0.000000e+00
8.150000e-03,2.999843e+01,1.500157e+01,0.000000e+00,1.732142e+00,0.000000e+00,2.000000e-01,2.500000e-05,0.000000e+00,0.000000e+00,2.999843e+01,0.000000e+00,0.000000e+00,0.000000e+00,0.000000e+00,0.000000e+00,0.000000e+00,0.000000e+00,0.000000e+00,0.000000e+00,0.000000e+00,0.000000e+00,0.000000e+00,0.000000e+00,0.000000e+00,0.000000e+00,0.000000e+00,1.651772e-01,2.999843e+01,0.000000e+00,0.000000e+00,0.000000e+00,0.000000e+00,0.000000e+00,-1.267858e+00,0.000000e+00,1.651772e-01,0.000000e+00,1.732142e+01,0.000000e+00,0.000000e+00
8.175000e-03,2.999843e+01,1.500157e+01,0.000000e+00,1.732142e+00,0.000000e+00,2.000000e-01,2.500000e-05,0.000000e+00,0.000000e+00,2.999843e+01,0.000000e+00,0.000000e+00,0.000000e+00,0.000000e+00,0.000000e+00,0.000000e+00,0.000000e+00,0.000000e+00,0.000000e+00,0.000000e+00,0.000000e+00,0.000000e+00,0.000000e+00,0.000000e+00,0.000000e+00,0.000000e+00,1.656103e-01,2.999843e+01,0.000000e+00,0.000000e+00,0.000000e+00,0.000000e+00,0.000000e+00,-1.267858e+00,0.000000e+00,1.656103e-01,0.000000e+00,1.732142e+01,0.000000e+00,0.000000e+00
8.200000e-03,2.999843e+01,1.500157e+01,0.000000e+00,1.732142e+00,0.000000e+00,2.000000e-01,2.500000e-05,0.000000e+00,0.000000e+00,2.999843e+01,0.000000e+00,0.000000e+00,0.000000e+00,0.000000e+00,0.000000e+00,0.000000e+00,0.000000e+00,0.000000e+00,0.000000e+00,0.000000e+00,0.000000e+00,0.000000e+00,0.000000e+00,0.000000e+00,0.000000e+00,0.000000e+00,1.660433e-01,2.999843e+01,0.000000e+00,0.000000e+00,0.000000e+00,0.000000e+00,0.000000e+00,-1.267858e+00,0.000000e+00,1.660433e-01,0.000000e+00,1.732142e+01,0.000000e+00,0.000000e+00
8.225000e-03,2.999843e+01,1.500157e+01,0.000000e+00,1.732142e+00,0.000000e+00,2.000000e-01,2.500000e-05,0.000000e+00,0.000000e+00,2.999843e+01,0.000000e+00,0.000000e+00,0.000000e+00,0.000000e+00,0.000000e+00,0.000000e+00,0.000000e+00,0.000000e+00,0.000000e+00,0.000000e+00,0.000000e+00,0.000000e+00,0.000000e+00,0.000000e+00,0.000000e+00,0.000000e+00,1.664763e-01,2.999843e+01,0.000000e+00,0.000000e+00,0.000000e+00,0.000000e+00,0.000000e+00,-1.267858e+00,0.000000e+00,1.664763e-01,0.000000e+00,1.732142e+01,0.000000e+00,0.000000e+00
8.250000e-03,2.999843e+01,1.500157e+01,0.000000e+00,1.732142e+00,0.000000e+00,2.000000e-01,2.500000e-05,0.000000e+00,0.000000e+00,2.999843e+01,0.000000e+00,0.000000e+00,0.000000e+00,0.000000e+00,0.000000e+00,0.000000e+00,0.000000e+00,0.000000e+00,0.000000e+00,0.000000e+00,0.000000e+00,0.000000e+00,0.000000e+00,0.000000e+00,0.000000e+00,0.000000e+00,1.669094e-01,2.999843e+01,0.000000e+00,0.000000e+00,0.000000e+00,0.000000e+00,0.000000e+00,-1.267858e+00,0.000000e+00,1.669094e-01,0.000000e+00,1.732142e+01,0.000000e+00,0.000000e+00
8.275000e-03,2.999843e+01,1.500157e+01,0.000000e+00,1.732142e+00,0.000000e+00,2.000000e-01,2.500000e-05,0.000000e+00,0.000000e+00,2.999843e+01,0.000000e+00,0.000000e+00,0.000000e+00,0.000000e+00,0.000000e+00,0.000000e+00,0.000000e+00,0.000000e+00,0.000000e+00,0.000000e+00,0.000000e+00,0.000000e+00,0.000000e+00,0.000000e+00,0.000000e+00,0.000000e+00,1.673424e-01,2.999843e+01,0.000000e+00,0.000000e+00,0.000000e+00,0.000000e+00,0.000000e+00,-1.267858e+00,0.000000e+00,1.673424e-01,0.000000e+00,1.732142e+01,0.000000e+00,0.000000e+00
8.300000e-03,2.999843e+01,1.500157e+01,0.000000e+00,1.732142e+00,0.000000e+00,2.000000e-01,2.500000e-05,0.000000e+00,0.000000e+00,2.999843e+01,0.000000e+00,0.000000e+00,0.000000e+00,0.000000e+00,0.000000e+00,0.000000e+00,0.000000e+00,0.000000e+00,0.000000e+00,0.000000e+00,0.000000e+00,0.000000e+00,0.000000e+00,0.000000e+00,0.000000e+00,0.000000e+00,1.677755e-01,2.999843e+01,0.000000e+00,0.000000e+00,0.000000e+00,0.000000e+00,0.000000e+00,-1.267858e+00,0.000000e+00,1.677755e-01,0.000000e+00,1.732142e+01,0.000000e+00,0.000000e+00
8.325000e-03,2.999843e+01,1.500157e+01,0.000000e+00,1.732142e+00,0.000000e+00,2.000000e-01,2.500000e-05,0.000000e+00,0.000000e+00,2.999843e+01,0.000000e+00,0.000000e+00,0.000000e+00,0.000000e+00,0.000000e+00,0.000000e+00,0.000000e+00,0.000000e+00,0.000000e+00,0.000000e+00,0.000000e+00,0.000000e+00,0.000000e+00,0.000000e+00,0.000000e+00,0.000000e+00,1.682085e-01,2.999843e+01,0.000000e+00,0.000000e+00,0.000000e+00,0.000000e+00,0.000000e+00,-1.267858e+00,0.000000e+00,1.682085e-01,0.000000e+00,1.732142e+01,0.000000e+00,0.000000e+00
8.350000e-03,2.999843e+01,1.500157e+01,0.000000e+00,1.732142e+00,0.000000e+00,2.000000e-01,2.500000e-05,0.000000e+00,0.000000e+00,2.999843e+01,0.000000e+00,0.000000e+00,0.000000e+00,0.000000e+00,0.000000e+00,0.000000e+00,0.000000e+00,0.000000e+00,0.000000e+00,0.000000e+00,0.000000e+00,0.000000e+00,0.000000e+00,0.000000e+00,0.000000e+00,0.000000e+00,1.686415e-01,2.999843e+01,0.000000e+00,0.000000e+00,0.000000e+00,0.000000e+00,0.000000e+00,-1.267858e+00,0.000000e+00,1.686415e-01,0.000000e+00,1.732142e+01,0.000000e+00,0.000000e+00
8.375000e-03,2.999843e+01,1.500157e+01,0.000000e+00,1.732142e+00,0.000000e+00,2.000000e-01,2.500000e-05,0.000000e+00,0.000000e+00,2.999843e+01,0.000000e+00,0.000000e+00,0.000000e+00,0.000000e+00,0.000000e+00,0.000000e+00,0.000000e+00,0.000000e+00,0.000000e+00,0.000000e+00,0.000000e+00,0.000000e+00,0.000000e+00,0.000000e+00,0.000000e+00,0.000000e+00,1.690746e-01,2.999843e+01,0.000000e+00,0.000000e+00,0.000000e+00,0.000000e+00,0.000000e+00,-1.267858e+00,0.000000e+00,1.690746e-01,0.000000e+00,1.732142e+01,0.000000e+00,0.000000e+00
8.400000e-03,2.999843e+01,1.500157e+01,0.000000e+00,1.732142e+00,0.000000e+00,2.000000e-01,2.500000e-05,0.000000e+00,0.000000e+00,2.999843e+01,0.000000e+00,0.000000e+00,0.000000e+00,0.000000e+00,0.000000e+00,0.000000e+00,0.000000e+00,0.000000e+00,0.000000e+00,0.000000e+00,0.000000e+00,0.000000e+00,0.000000e+00,0.000000e+00,0.000000e+00,0.000000e+00,1.695076e-01,2.999843e+01,0.000000e+00,0.000000e+00,0.000000e+00,0.000000e+00,0.000000e+00,-1.267858e+00,0.000000e+00,1.695076e-01,0.000000e+00,1.732142e+01,0.000000e+00,0.000000e+00
8.425000e-03,2.999843e+01,1.500157e+01,0.000000e+00,1.732142e+00,0.000000e+00,2.000000e-01,2.500000e-05,0.000000e+00,0.000000e+00,2.999843e+01,0.000000e+00,0.000000e+00,0.000000e+00,0.000000e+00,0.000000e+00,0.000000e+00,0.000000e+00,0.000000e+00,0.000000e+00,0.000000e+00,0.000000e+00,0.000000e+00,0.000000e+00,0.000000e+00,0.000000e+00,0.000000e+00,1.699406e-01,2.999843e+01,0.000000e+00,0.000000e+00,0.000000e+00,0.000000e+00,0.000000e+00,-1.267858e+00,0.000000e+00,1.699406e-01,0.000000e+00,1.732142e+01,0.000000e+00,0.000000e+00
8.450000e-03,2.999843e+01,1.500157e+01,0.000000e+00,1.732142e+00,0.000000e+00,2.000000e-01,2.500000e-05,0.000000e+00,0.000000e+00,2.999843e+01,0.000000e+00,0.000000e+00,0.000000e+00,0.000000e+00,0.000000e+00,0.000000e+00,0.000000e+00,0.000000e+00,0.000000e+00,0.000000e+00,0.000000e+00,0.000000e+00,0.000000e+00,0.000000e+00,0.000000e+00,0.000000e+00,1.703737e-01,2.999843e+01,0.000000e+00,0.000000e+00,0.000000e+00,0.000000e+00,0.000000e+00,-1.267858e+00,0.000000e+00,1.703737e-01,0.000000e+00,1.732142e+01,0.000000e+00,0.000000e+00
8.475000e-03,2.999843e+01,1.500157e+01,0.000000e+00,1.732142e+00,0.000000e+00,2.000000e-01,2.500000e-05,0.000000e+00,0.000000e+00,2.999843e+01,0.000000e+00,0.000000e+00,0.000000e+00,0.000000e+00,0.000000e+00,0.000000e+00,0.000000e+00,0.000000e+00,0.000000e+00,0.000000e+00,0.000000e+00,0.000000e+00,0.000000e+00,0.000000e+00,0.000000e+00,0.000000e+00,1.708067e-01,2.999843e+01,0.000000e+00,0.000000e+00,0.000000e+00,0.000000e+00,0.000000e+00,-1.267858e+00,0.000000e+00,1.708067e-01,0.000000e+00,1.732142e+01,0.000000e+00,0.000000e+00
8.500000e-03,2.999843e+01,1.500157e+01,0.000000e+00,1.732142e+00,0.000000e+00,2.000000e-01,2.500000e-05,0.000000e+00,0.000000e+00,2.999843e+01,0.000000e+00,0.000000e+00,0.000000e+00,0.000000e+00,0.000000e+00,0.000000e+00,0.000000e+00,0.000000e+00,0.000000e+00,0.000000e+00,0.000000e+00,0.000000e+00,0.000000e+00,0.000000e+00,0.000000e+00,0.000000e+00,1.712397e-01,2.999843e+01,0.000000e+00,0.000000e+00,0.000000e+00,0.000000e+00,0.000000e+00,-1.267858e+00,0.000000e+00,1.712397e-01,0.000000e+00,1.732142e+01,0.000000e+00,0.000000e+00
8.525000e-03,2.999843e+01,1.500157e+01,0.000000e+00,1.732142e+00,0.000000e+00,2.000000e-01,2.500000e-05,0.000000e+00,0.000000e+00,2.999843e+01,0.000000e+00,0.000000e+00,0.000000e+00,0.000000e+00,0.000000e+00,0.000000e+00,0.000000e+00,0.000000e+00,0.000000e+00,0.000000e+00,0.000000e+00,0.000000e+00,0.000000e+00,0.000000e+00,0.000000e+00,0.000000e+00,1.716728e-01,2.999843e+01,0.000000e+00,0.000000e+00,0.000000e+00,0.000000e+00,0.000000e+00,-1.267858e+00,0.000000e+00,1.716728e-01,0.000000e+00,1.732142e+01,0.000000e+00,0.000000e+00
8.550000e-03,2.999843e+01,1.500157e+01,0.000000e+00,1.732142e+00,0.000000e+00,2.000000e-01,2.500000e-05,0.000000e+00,0.000000e+00,2.999843e+01,0.000000e+00,0.000000e+00,0.000000e+00,0.000000e+00,0.000000e+00,0.000000e+00,0.000000e+00,0.000000e+00,0.000000e+00,0.000000e+00,0.000000e+00,0.000000e+00,0.000000e+00,0.000000e+00,0.000000e+00,0.000000e+00,1.721058e-01,2.999843e+01,0.000000e+00,0.000000e+00,0.000000e+00,0.000000e+00,0.000000e+00,-1.267858e+00,0.000000e+00,1.721058e-01,0.000000e+00,1.732142e+01,0.000000e+00,0.000000e+00
8.575000e-03,2.999843e+01,1.500157e+01,0.000000e+00,1.732142e+00,0.000000e+00,2.000000e-01,2.500000e-05,0.000000e+00,0.000000e+00,2.999843e+01,0.000000e+00,0.000000e+00,0.000000e+00,0.000000e+00,0.000000e+00,0.000000e+00,0.000000e+00,0.000000e+00,0.000000e+00,0.000000e+00,0.000000e+00,0.000000e+00,0.000000e+00,0.000000e+00,0.000000e+00,0.000000e+00,1.725388e-01,2.999843e+01,0.000000e+00,0.000000e+00,0.000000e+00,0.000000e+00,0.000000e+00,-1.267858e+00,0.000000e+00,1.725388e-01,0.000000e+00,1.732142e+01,0.000000e+00,0.000000e+00
8.600000e-03,2.999843e+01,1.500157e+01,0.000000e+00,1.732142e+00,0.000000e+00,2.000000e-01,2.500000e-05,0.000000e+00,0.000000e+00,2.999843e+01,0.000000e+00,0.000000e+00,0.000000e+00,0.000000e+00,0.000000e+00,0.000000e+00,0.000000e+00,0.000000e+00,0.000000e+00,0.000000e+00,0.000000e+00,0.000000e+00,0.000000e+00,0.000000e+00,0.000000e+00,0.000000e+00,1.729719e-01,2.999843e+01,0.000000e+00,0.000000e+00,0.000000e+00,0.000000e+00,0.000000e+00,-1.267858e+00,0.000000e+00,1.729719e-01,0.000000e+00,1.732142e+01,0.000000e+00,0.000000e+00
8.625000e-03,2.999843e+01,1.500157e+01,0.000000e+00,1.732142e+00,0.000000e+00,2.000000e-01,2.500000e-05,0.000000e+00,0.000000e+00,2.999843e+01,0.000000e+00,0.000000e+00,0.000000e+00,0.000000e+00,0.000000e+00,0.000000e+00,0.000000e+00,0.000000e+00,0.000000e+00,0.000000e+00,0.000000e+00,0.000000e+00,0.000000e+00,0.000000e+00,0.000000e+00,0.000000e+00,1.734049e-01,2.999843e+01,0.000000e+00,0.000000e+00,0.000000e+00,0.000000e+00,0.000000e+00,-1.267858e+00,0.000000e+00,1.734049e-01,0.000000e+00,1.732142e+01,0.000000e+00,0.000000e+00
8.650000e-03,2.999843e+01,1.500157e+01,0.000000e+00,1.732142e+00,0.000000e+00,2.000000e-01,2.500000e-05,0.000000e+00,0.000000e+00,2.999843e+01,0.000000e+00,0.000000e+00,0.000000e+00,0.000000e+00,0.000000e+00,0.000000e+00,0.000000e+00,0.000000e+00,0.000000e+00,0.000000e+00,0.000000e+00,0.000000e+00,0.000000e+00,0.000000e+00,0.000000e+00,0.000000e+00,1.738379e-01,2.999843e+01,0.000000e+00,0.000000e+00,0.000000e+00,0.000000e+00,0.000000e+00,-1.267858e+00,0.000000e+00,1.738379e-01,0.000000e+00,1.732142e+01,0.000000e+00,0.000000e+00
8.675000e-03,2.999843e+01,1.500157e+01,0.000000e+00,1.732142e+00,0.000000e+00,2.000000e-01,2.500000e-05,0.000000e+00,0.000000e+00,2.999843e+01,0.000000e+00,0.000000e+00,0.000000e+00,0.000000e+00,0.000000e+00,0.000000e+00,0.000000e+00,0.000000e+00,0.000000e+00,0.000000e+00,0.000000e+00,0.000000e+00,0.000000e+00,0.000000e+00,0.000000e+00,0.000000e+00,1.742710e-01,2.999843e+01,0.000000e+00,0.000000e+00,0.000000e+00,0.000000e+00,0.000000e+00,-1.267858e+00,0.000000e+00,1.742710e-01,0.000000e+00,1.732142e+01,0.000000e+00,0.000000e+00
8.700000e-03,2.999843e+01,1.500157e+01,0.000000e+00,1.732142e+00,0.000000e+00,2.000000e-01,2.500000e-05,0.000000e+00,0.000000e+00,2.999843e+01,0.000000e+00,0.000000e+00,0.000000e+00,0.000000e+00,0.000000e+00,0.000000e+00,0.000000e+00,0.000000e+00,0.000000e+00,0.000000e+00,0.000000e+00,0.000000e+00,0.000000e+00,0.000000e+00,0.000000e+00,0.000000e+00,1.747040e-01,2.999843e+01,0.000000e+00,0.000000e+00,0.000000e+00,0.000000e+00,0.000000e+00,-1.267858e+00,0.000000e+00,1.747040e-01,0.000000e+00,1.732142e+01,0.000000e+00,0.000000e+00
8.725000e-03,2.999843e+01,1.500157e+01,0.000000e+00,1.732142e+00,0.000000e+00,2.000000e-01,2.500000e-05,0.000000e+00,0.000000e+00,2.999843e+01,0.000000e+00,0.000000e+00,0.000000e+00,0.000000e+00,0.000000e+00,0.000000e+00,0.000000e+00,0.000000e+00,0.000000e+00,0.000000e+00,0.000000e+00,0.000000e+00,0.000000e+00,0.000000e+00,0.000000e+00,0.000000e+00,1.751370e-01,2.999843e+01,0.000000e+00,0.000000e+00,0.000000e+00,0.000000e+00,0.000000e+00,-1.267858e+00,0.000000e+00,1.751370e-01,0.000000e+00,1.732142e+01,0.000000e+00,0.000000e+00
8.750000e-03,2.999843e+01,1.500157e+01,0.000000e+00,1.732142e+00,0.000000e+00,2.000000e-01,2.500000e-05,0.000000e+00,0.000000e+00,2.999843e+01,0.000000e+00,0.000000e+00,0.000000e+00,0.000000e+00,0.000000e+00,0.000000e+00,0.000000e+00,0.000000e+00,0.000000e+00,0.000000e+00,0.000000e+00,0.000000e+00,0.000000e+00,0.000000e+00,0.000000e+00,0.000000e+00,1.755701e-01,2.999843e+01,0.000000e+00,0.000000e+00,0.000000e+00,0.000000e+00,0.000000e+00,-1.267858e+00,0.000000e+00,1.755701e-01,0.000000e+00,1.732142e+01,0.000000e+00,0.000000e+00
8.775000e-03,2.999843e+01,1.500157e+01,0.000000e+00,1.732142e+00,0.000000e+00,2.000000e-01,2.500000e-05,0.000000e+00,0.000000e+00,2.999843e+01,0.000000e+00,0.000000e+00,0.000000e+00,0.000000e+00,0.000000e+00,0.000000e+00,0.000000e+00,0.000000e+00,0.000000e+00,0.000000e+00,0.000000e+00,0.000000e+00,0.000000e+00,0.000000e+00,0.000000e+00,0.000000e+00,1.760031e-01,2.999843e+01,0.000000e+00,0.000000e+00,0.000000e+00,0.000000e+00,0.000000e+00,-1.267858e+00,0.000000e+00,1.760031e-01,0.000000e+00,1.732142e+01,0.000000e+00,0.000000e+00
8.800000e-03,2.999843e+01,1.500157e+01,0.000000e+00,1.732142e+00,0.000000e+00,2.000000e-01,2.500000e-05,0.000000e+00,0.000000e+00,2.999843e+01,0.000000e+00,0.000000e+00,0.000000e+00,0.000000e+00,0.000000e+00,0.000000e+00,0.000000e+00,0.000000e+00,0.000000e+00,0.000000e+00,0.000000e+00,0.000000e+00,0.000000e+00,0.000000e+00,0.000000e+00,0.000000e+00,1.764362e-01,2.999843e+01,0.000000e+00,0.000000e+00,0.000000e+00,0.000000e+00,0.000000e+00,-1.267858e+00,0.000000e+00,1.764362e-01,0.000000e+00,1.732142e+01,0.000000e+00,0.000000e+00
8.825000e-03,2.999843e+01,1.500157e+01,0.000000e+00,1.732142e+00,0.000000e+00,2.000000e-01,2.500000e-05,0.000000e+00,0.000000e+00,2.999843e+01,0.000000e+00,0.000000e+00,0.000000e+00,0.000000e+00,0.000000e+00,0.000000e+00,0.000000e+00,0.000000e+00,0.000000e+00,0.000000e+00,0.000000e+00,0.000000e+00,0.000000e+00,0.000000e+00,0.000000e+00,0.000000e+00,1.768692e-01,2.999843e+01,0.000000e+00,0.000000e+00,0.000000e+00,0.000000e+00,0.000000e+00,-1.267858e+00,0.000000e+00,1.768692e-01,0.000000e+00,1.732142e+01,0.000000e+00,0.000000e+00
8.850000e-03,2.999843e+01,1.500157e+01,0.000000e+00,1.732142e+00,0.000000e+00,2.000000e-01,2.500000e-05,0.000000e+00,0.000000e+00,2.999843e+01,0.000000e+00,0.000000e+00,0.000000e+00,0.000000e+00,0.000000e+00,0.000000e+00,0.000000e+00,0.000000e+00,0.000000e+00,0.000000e+00,0.000000e+00,0.000000e+00,0.000000e+00,0.000000e+00,0.000000e+00,0.000000e+00,1.773022e-01,2.999843e+01,0.000000e+00,0.000000e+00,0.000000e+00,0.000000e+00,0.000000e+00,-1.267858e+00,0.000000e+00,1.773022e-01,0.000000e+00,1.732142e+01,0.000000e+00,0.000000e+00
8.875000e-03,2.999843e+01,1.500157e+01,0.000000e+00,1.732142e+00,0.000000e+00,2.000000e-01,2.500000e-05,0.000000e+00,0.000000e+00,2.999843e+01,0.000000e+00,0.000000e+00,0.000000e+00,0.000000e+00,0.000000e+00,0.000000e+00,0.000000e+00,0.000000e+00,0.000000e+00,0.000000e+00,0.000000e+00,0.000000e+00,0.000000e+00,0.000000e+00,0.000000e+00,0.000000e+00,1.777353e-01,2.999843e+01,0.000000e+00,0.000000e+00,0.000000e+00,0.000000e+00,0.000000e+00,-1.267858e+00,0.000000e+00,1.777353e-01,0.000000e+00,1.732142e+01,0.000000e+00,0.000000e+00
8.900000e-03,2.999843e+01,1.500157e+01,0.000000e+00,1.732142e+00,0.000000e+00,2.000000e-01,2.500000e-05,0.000000e+00,0.000000e+00,2.999843e+01,0.000000e+00,0.000000e+00,0.000000e+00,0.000000e+00,0.000000e+00,0.000000e+00,0.000000e+00,0.000000e+00,0.000000e+00,0.000000e+00,0.000000e+00,0.000000e+00,0.000000e+00,0.000000e+00,0.000000e+00,0.000000e+00,1.781683e-01,2.999843e+01,0.000000e+00,0.000000e+00,0.000000e+00,0.000000e+00,0.000000e+00,-1.267858e+00,0.000000e+00,1.781683e-01,0.000000e+00,1.732142e+01,0.000000e+00,0.000000e+00
8.925000e-03,2.999843e+01,1.500157e+01,0.000000e+00,1.732142e+00,0.000000e+00,2.000000e-01,2.500000e-05,0.000000e+00,0.000000e+00,2.999843e+01,0.000000e+00,0.000000e+00,0.000000e+00,0.000000e+00,0.000000e+00,0.000000e+00,0.000000e+00,0.000000e+00,0.000000e+00,0.000000e+00,0.000000e+00,0.000000e+00,0.000000e+00,0.000000e+00,0.000000e+00,0.000000e+00,1.786013e-01,2.999843e+01,0.000000e+00,0.000000e+00,0.000000e+00,0.000000e+00,0.000000e+00,-1.267858e+00,0.000000e+00,1.786013e-01,0.000000e+00,1.732142e+01,0.000000e+00,0.000000e+00
8.950000e-03,2.999843e+01,1.500157e+01,0.000000e+00,1.732142e+00,0.000000e+00,2.000000e-01,2.500000e-05,0.000000e+00,0.000000e+00,2.999843e+01,0.000000e+00,0.000000e+00,0.000000e+00,0.000000e+00,0.000000e+00,0.000000e+00,0.000000e+00,0.000000e+00,0.000000e+00,0.000000e+00,0.000000e+00,0.000000e+00,0.000000e+00,0.000000e+00,0.000000e+00,0.000000e+00,1.790344e-01,2.999843e+01,0.000000e+00,0.000000e+00,0.000000e+00,0.000000e+00,0.000000e+00,-1.267858e+00,0.000000e+00,1.790344e-01,0.000000e+00,1.732142e+01,0.000000e+00,0.000000e+00
8.975000e-03,2.999843e+01,1.500157e+01,0.000000e+00,1.732142e+00,0.000000e+00,2.000000e-01,2.500000e-05,0.000000e+00,0.000000e+00,2.999843e+01,0.000000e+00,0.000000e+00,0.000000e+00,0.000000e+00,0.000000e+00,0.000000e+00,0.000000e+00,0.000000e+00,0.000000e+00,0.000000e+00,0.000000e+00,0.000000e+00,0.000000e+00,0.000000e+00,0.000000e+00,0.000000e+00,1.794674e-01,2.999843e+01,0.000000e+00,0.000000e+00,0.000000e+00,0.000000e+00,0.000000e+00,-1.267858e+00,0.000000e+00,1.794674e-01,0.000000e+00,1.732142e+01,0.000000e+00,0.000000e+00
9.000000e-03,2.999843e+01,1.500157e+01,0.000000e+00,1.732142e+00,0.000000e+00,2.000000e-01,2.500000e-05,0.000000e+00,0.000000e+00,2.999843e+01,0.000000e+00,0.000000e+00,0.000000e+00,0.000000e+00,0.000000e+00,0.000000e+00,0.000000e+00,0.000000e+00,0.000000e+00,0.000000e+00,0.000000e+00,0.000000e+00,0.000000e+00,0.000000e+00,0.000000e+00,0.000000e+00,1.799004e-01,2.999843e+01,0.000000e+00,0.000000e+00,0.000000e+00,0.000000e+00,0.000000e+00,-1.267858e+00,0.000000e+00,1.799004e-01,0.000000e+00,1.732142e+01,0.000000e+00,0.000000e+00
9.025000e-03,2.999843e+01,1.500157e+01,0.000000e+00,1.732142e+00,0.000000e+00,2.000000e-01,2.500000e-05,0.000000e+00,0.000000e+00,2.999843e+01,0.000000e+00,0.000000e+00,0.000000e+00,0.000000e+00,0.000000e+00,0.000000e+00,0.000000e+00,0.000000e+00,0.000000e+00,0.000000e+00,0.000000e+00,0.000000e+00,0.000000e+00,0.000000e+00,0.000000e+00,0.000000e+00,1.803335e-01,2.999843e+01,0.000000e+00,0.000000e+00,0.000000e+00,0.000000e+00,0.000000e+00,-1.267858e+00,0.000000e+00,1.803335e-01,0.000000e+00,1.732142e+01,0.000000e+00,0.000000e+00
9.050000e-03,2.999843e+01,1.500157e+01,0.000000e+00,1.732142e+00,0.000000e+00,2.000000e-01,2.500000e-05,0.000000e+00,0.000000e+00,2.999843e+01,0.000000e+00,0.000000e+00,0.000000e+00,0.000000e+00,0.000000e+00,0.000000e+00,0.000000e+00,0.000000e+00,0.000000e+00,0.000000e+00,0.000000e+00,0.000000e+00,0.000000e+00,0.000000e+00,0.000000e+00,0.000000e+00,1.807665e-01,2.999843e+01,0.000000e+00,0.000000e+00,0.000000e+00,0.000000e+00,0.000000e+00,-1.267858e+00,0.000000e+00,1.807665e-01,0.000000e+00,1.732142e+01,0.000000e+00,0.000000e+00
9.075000e-03,2.999843e+01,1.500157e+01,0.000000e+00,1.732142e+00,0.000000e+00,2.000000e-01,2.500000e-05,0.000000e+00,0.000000e+00,2.999843e+01,0.000000e+00,0.000000e+00,0.000000e+00,0.000000e+00,0.000000e+00,0.000000e+00,0.000000e+00,0.000000e+00,0.000000e+00,0.000000e+00,0.000000e+00,0.000000e+00,0.000000e+00,0.000000e+00,0.000000e+00,0.000000e+00,1.811996e-01,2.999843e+01,0.000000e+00,0.000000e+00,0.000000e+00,0.000000e+00,0.000000e+00,-1.267858e+00,0.000000e+00,1.811996e-01,0.000000e+00,1.732142e+01,0.000000e+00,0.000000e+00
9.100000e-03,2.999843e+01,1.500157e+01,0.000000e+00,1.732142e+00,0.000000e+00,2.000000e-01,2.500000e-05,0.000000e+00,0.000000e+00,2.999843e+01,0.000000e+00,0.000000e+00,0.000000e+00,0.000000e+00,0.000000e+00,0.000000e+00,0.000000e+00,0.000000e+00,0.000000e+00,0.000000e+00,0.000000e+00,0.000000e+00,0.000000e+00,0.000000e+00,0.000000e+00,0.000000e+00,1.816326e-01,2.999843e+01,0.000000e+00,0.000000e+00,0.000000e+00,0.000000e+00,0.000000e+00,-1.267858e+00,0.000000e+00,1.816326e-01,0.000000e+00,1.732142e+01,0.000000e+00,0.000000e+00
9.125000e-03,2.999843e+01,1.500157e+01,0.000000e+00,1.732142e+00,0.000000e+00,2.000000e-01,2.500000e-05,0.000000e+00,0.000000e+00,2.999843e+01,0.000000e+00,0.000000e+00,0.000000e+00,0.000000e+00,0.000000e+00,0.000000e+00,0.000000e+00,0.000000e+00,0.000000e+00,0.000000e+00,0.000000e+00,0.000000e+00,0.000000e+00,0.000000e+00,0.000000e+00,0.000000e+00,1.820656e-01,2.999843e+01,0.000000e+00,0.000000e+00,0.000000e+00,0.000000e+00,0.000000e+00,-1.267858e+00,0.000000e+00,1.820656e-01,0.000000e+00,1.732142e+01,0.000000e+00,0.000000e+00
9.150000e-03,2.999843e+01,1.500157e+01,0.000000e+00,1.732142e+00,0.000000e+00,2.000000e-01,2.500000e-05,0.000000e+00,0.000000e+00,2.999843e+01,0.000000e+00,0.000000e+00,0.000000e+00,0.000000e+00,0.000000e+00,0.000000e+00,0.000000e+00,0.000000e+00,0.000000e+00,0.000000e+00,0.000000e+00,0.000000e+00,0.000000e+00,0.000000e+00,0.000000e+00,0.000000e+00,1.824986e-01,2.999843e+01,0.000000e+00,0.000000e+00,0.000000e+00,0.000000e+00,0.000000e+00,-1.267858e+00,0.000000e+00,1.824986e-01,0.000000e+00,1.732142e+01,0.000000e+00,0.000000e+00
9.175000e-03,2.999843e+01,1.500157e+01,0.000000e+00,1.732142e+00,0.000000e+00,2.000000e-01,2.500000e-05,0.000000e+00,0.000000e+00,2.999843e+01,0.000000e+00,0.000000e+00,0.000000e+00,0.000000e+00,0.000000e+00,0.000000e+00,0.000000e+00,0.000000e+00,0.000000e+00,0.000000e+00,0.000000e+00,0.000000e+00,0.000000e+00,0.000000e+00,0.000000e+00,0.000000e+00,1.829317e-01,2.999843e+01,0.000000e+00,0.000000e+00,0.000000e+00,0.000000e+00,0.000000e+00,-1.267858e+00,0.000000e+00,1.829317e-01,0.000000e+00,1.732142e+01,0.000000e+00,0.000000e+00
9.200000e-03,2.999843e+01,1.500157e+01,0.000000e+00,1.732142e+00,0.000000e+00,2.000000e-01,2.500000e-05,0.000000e+00,0.000000e+00,2.999843e+01,0.000000e+00,0.000000e+00,0.000000e+00,0.000000e+00,0.000000e+00,0.000000e+00,0.000000e+00,0.000000e+00,0.000000e+00,0.000000e+00,0.000000e+00,0.000000e+00,0.000000e+00,0.000000e+00,0.000000e+00,0.000000e+00,1.833647e-01,2.999843e+01,0.000000e+00,0.000000e+00,0.000000e+00,0.000000e+00,0.000000e+00,-1.267858e+00,0.000000e+00,1.833647e-01,0.000000e+00,1.732142e+01,0.000000e+00,0.000000e+00
9.225000e-03,2.999843e+01,1.500157e+01,0.000000e+00,1.732142e+00,0.000000e+00,2.000000e-01,2.500000e-05,0.000000e+00,0.000000e+00,2.999843e+01,0.000000e+00,0.000000e+00,0.000000e+00,0.000000e+00,0.000000e+00,0.000000e+00,0.000000e+00,0.000000e+00,0.000000e+00,0.000000e+00,0.000000e+00,0.000000e+00,0.000000e+00,0.000000e+00,0.000000e+00,0.000000e+00,1.837978e-01,2.999843e+01,0.000000e+00,0.000000e+00,0.000000e+00,0.000000e+00,0.000000e+00,-1.267858e+00,0.000000e+00,1.837978e-01,0.000000e+00,1.732142e+01,0.000000e+00,0.000000e+00
9.250000e-03,2.999843e+01,1.500157e+01,0.000000e+00,1.732142e+00,0.000000e+00,2.000000e-01,2.500000e-05,0.000000e+00,0.000000e+00,2.999843e+01,0.000000e+00,0.000000e+00,0.000000e+00,0.000000e+00,0.000000e+00,0.000000e+00,0.000000e+00,0.000000e+00,0.000000e+00,0.000000e+00,0.000000e+00,0.000000e+00,0.000000e+00,0.000000e+00,0.000000e+00,0.000000e+00,1.842308e-01,2.999843e+01,0.000000e+00,0.000000e+00,0.000000e+00,0.000000e+00,0.000000e+00,-1.267858e+00,0.000000e+00,1.842308e-01,0.000000e+00,1.732142e+01,0.000000e+00,0.000000e+00
9.275000e-03,2.999843e+01,1.500157e+01,0.000000e+00,1.732142e+00,0.000000e+00,2.000000e-01,2.500000e-05,0.000000e+00,0.000000e+00,2.999843e+01,0.000000e+00,0.000000e+00,0.000000e+00,0.000000e+00,0.000000e+00,0.000000e+00,0.000000e+00,0.000000e+00,0.000000e+00,0.000000e+00,0.000000e+00,0.000000e+00,0.000000e+00,0.000000e+00,0.000000e+00,0.000000e+00,1.846638e-01,2.999843e+01,0.000000e+00,0.000000e+00,0.000000e+00,0.000000e+00,0.000000e+00,-1.267858e+00,0.000000e+00,1.846638e-01,0.000000e+00,1.732142e+01,0.000000e+00,0.000000e+00
9.300000e-03,2.999843e+01,1.500157e+01,0.000000e+00,1.732142e+00,0.000000e+00,2.000000e-01,2.500000e-05,0.000000e+00,0.000000e+00,2.999843e+01,0.000000e+00,0.000000e+00,0.000000e+00,0.000000e+00,0.000000e+00,0.000000e+00,0.000000e+00,0.000000e+00,0.000000e+00,0.000000e+00,0.000000e+00,0.000000e+00,0.000000e+00,0.000000e+00,0.000000e+00,0.000000e+00,1.850969e-01,2.999843e+01,0.000000e+00,0.000000e+00,0.000000e+00,0.000000e+00,0.000000e+00,-1.267858e+00,0.000000e+00,1.850969e-01,0.000000e+00,1.732142e+01,0.000000e+00,0.000000e+00
9.325000e-03,2.999843e+01,1.500157e+01,0.000000e+00,1.732142e+00,0.000000e+00,2.000000e-01,2.500000e-05,0.000000e+00,0.000000e+00,2.999843e+01,0.000000e+00,0.000000e+00,0.000000e+00,0.000000e+00,0.000000e+00,0.000000e+00,0.000000e+00,0.000000e+00,0.000000e+00,0.000000e+00,0.000000e+00,0.000000e+00,0.000000e+00,0.000000e+00,0.000000e+00,0.000000e+00,1.855299e-01,2.999843e+01,0.000000e+00,0.000000e+00,0.000000e+00,0.000000e+00,0.000000e+00,-1.267858e+00,0.000000e+00,1.855299e-01,0.000000e+00,1.732142e+01,0.000000e+00,0.000000e+00
9.350000e-03,2.999843e+01,1.500157e+01,0.000000e+00,1.732142e+00,0.000000e+00,2.000000e-01,2.500000e-05,0.000000e+00,0.000000e+00,2.999843e+01,0.000000e+00,0.000000e+00,0.000000e+00,0.000000e+00,0.000000e+00,0.000000e+00,0.000000e+00,0.000000e+00,0.000000e+00,0.000000e+00,0.000000e+00,0.000000e+00,0.000000e+00,0.000000e+00,0.000000e+00,0.000000e+00,1.859629e-01,2.999843e+01,0.000000e+00,0.000000e+00,0.000000e+00,0.000000e+00,0.000000e+00,-1.267858e+00,0.000000e+00,1.859629e-01,0.000000e+00,1.732142e+01,0.000000e+00,0.000000e+00
9.375000e-03,2.999843e+01,1.500157e+01,0.000000e+00,1.732142e+00,0.000000e+00,2.000000e-01,2.500000e-05,0.000000e+00,0.000000e+00,2.999843e+01,0.000000e+00,0.000000e+00,0.000000e+00,0.000000e+00,0.000000e+00,0.000000e+00,0.000000e+00,0.000000e+00,0.000000e+00,0.000000e+00,0.000000e+00,0.000000e+00,0.000000e+00,0.000000e+00,0.000000e+00,0.000000e+00,1.863960e-01,2.999843e+01,0.000000e+00,0.000000e+00,0.000000e+00,0.000000e+00,0.000000e+00,-1.267858e+00,0.000000e+00,1.863960e-01,0.000000e+00,1.732142e+01,0.000000e+00,0.000000e+00
9.400000e-03,2.999843e+01,1.500157e+01,0.000000e+00,1.732142e+00,0.000000e+00,2.000000e-01,2.500000e-05,0.000000e+00,0.000000e+00,2.999843e+01,0.000000e+00,0.000000e+00,0.000000e+00,0.000000e+00,0.000000e+00,0.000000e+00,0.000000e+00,0.000000e+00,0.000000e+00,0.000000e+00,0.000000e+00,0.000000e+00,0.000000e+00,0.000000e+00,0.000000e+00,0.000000e+00,1.868290e-01,2.999843e+01,0.000000e+00,0.000000e+00,0.000000e+00,0.000000e+00,0.000000e+00,-1.267858e+00,0.000000e+00,1.868290e-01,0.000000e+00,1.732142e+01,0.000000e+00,0.000000e+00
9.425000e-03,2.999843e+01,1.500157e+01,0.000000e+00,1.732142e+00,0.000000e+00,2.000000e-01,2.500000e-05,0.000000e+00,0.000000e+00,2.999843e+01,0.000000e+00,0.000000e+00,0.000000e+00,0.000000e+00,0.000000e+00,0.000000e+00,0.000000e+00,0.000000e+00,0.000000e+00,0.000000e+00,0.000000e+00,0.000000e+00,0.000000e+00,0.000000e+00,0.000000e+00,0.000000e+00,1.872620e-01,2.999843e+01,0.000000e+00,0.000000e+00,0.000000e+00,0.000000e+00,0.000000e+00,-1.267858e+00,0.000000e+00,1.872620e-01,0.000000e+00,1.732142e+01,0.000000e+00,0.000000e+00
9.450000e-03,2.999843e+01,1.500157e+01,0.000000e+00,1.732142e+00,0.000000e+00,2.000000e-01,2.500000e-05,0.000000e+00,0.000000e+00,2.999843e+01,0.000000e+00,0.000000e+00,0.000000e+00,0.000000e+00,0.000000e+00,0.000000e+00,0.000000e+00,0.000000e+00,0.000000e+00,0.000000e+00,0.000000e+00,0.000000e+00,0.000000e+00,0.000000e+00,0.000000e+00,0.000000e+00,1.876951e-01,2.999843e+01,0.000000e+00,0.000000e+00,0.000000e+00,0.000000e+00,0.000000e+00,-1.267858e+00,0.000000e+00,1.876951e-01,0.000000e+00,1.732142e+01,0.000000e+00,0.000000e+00
9.475000e-03,2.999843e+01,1.500157e+01,0.000000e+00,1.732142e+00,0.000000e+00,2.000000e-01,2.500000e-05,0.000000e+00,0.000000e+00,2.999843e+01,0.000000e+00,0.000000e+00,0.000000e+00,0.000000e+00,0.000000e+00,0.000000e+00,0.000000e+00,0.000000e+00,0.000000e+00,0.000000e+00,0.000000e+00,0.000000e+00,0.000000e+00,0.000000e+00,0.000000e+00,0.000000e+00,1.881281e-01,2.999843e+01,0.000000e+00,0.000000e+00,0.000000e+00,0.000000e+00,0.000000e+00,-1.267858e+00,0.000000e+00,1.881281e-01,0.000000e+00,1.732142e+01,0.000000e+00,0.000000e+00
9.500000e-03,2.999843e+01,1.500157e+01,0.000000e+00,1.732142e+00,0.000000e+00,2.000000e-01,2.500000e-05,0.000000e+00,0.000000e+00,2.999843e+01,0.000000e+00,0.000000e+00,0.000000e+00,0.000000e+00,0.000000e+00,0.000000e+00,0.000000e+00,0.000000e+00,0.000000e+00,0.000000e+00,0.000000e+00,0.000000e+00,0.000000e+00,0.000000e+00,0.000000e+00,0.000000e+00,1.885611e-01,2.999843e+01,0.000000e+00,0.000000e+00,0.000000e+00,0.000000e+00,0.000000e+00,-1.267858e+00,0.000000e+00,1.885611e-01,0.000000e+00,1.732142e+01,0.000000e+00,0.000000e+00
9.525000e-03,2.999843e+01,1.500157e+01,0.000000e+00,1.732142e+00,0.000000e+00,2.000000e-01,2.500000e-05,0.000000e+00,0.000000e+00,2.999843e+01,0.000000e+00,0.000000e+00,0.000000e+00,0.000000e+00,0.000000e+00,0.000000e+00,0.000000e+00,0.000000e+00,0.000000e+00,0.000000e+00,0.000000e+00,0.000000e+00,0.000000e+00,0.000000e+00,0.000000e+00,0.000000e+00,1.889942e-01,2.999843e+01,0.000000e+00,0.000000e+00,0.000000e+00,0.000000e+00,0.000000e+00,-1.267858e+00,0.000000e+00,1.889942e-01,0.000000e+00,1.732142e+01,0.000000e+00,0.000000e+00
9.550000e-03,2.999843e+01,1.500157e+01,0.000000e+00,1.732142e+00,0.000000e+00,2.000000e-01,2.500000e-05,0.000000e+00,0.000000e+00,2.999843e+01,0.000000e+00,0.000000e+00,0.000000e+00,0.000000e+00,0.000000e+00,0.000000e+00,0.000000e+00,0.000000e+00,0.000000e+00,0.000000e+00,0.000000e+00,0.000000e+00,0.000000e+00,0.000000e+00,0.000000e+00,0.000000e+00,1.894272e-01,2.999843e+01,0.000000e+00,0.000000e+00,0.000000e+00,0.000000e+00,0.000000e+00,-1.267858e+00,0.000000e+00,1.894272e-01,0.000000e+00,1.732142e+01,0.000000e+00,0.000000e+00
9.575000e-03,2.999843e+01,1.500157e+01,0.000000e+00,1.732142e+00,0.000000e+00,2.000000e-01,2.500000e-05,0.000000e+00,0.000000e+00,2.999843e+01,0.000000e+00,0.000000e+00,0.000000e+00,0.000000e+00,0.000000e+00,0.000000e+00,0.000000e+00,0.000000e+00,0.000000e+00,0.000000e+00,0.000000e+00,0.000000e+00,0.000000e+00,0.000000e+00,0.000000e+00,0.000000e+00,1.898603e-01,2.999843e+01,0.000000e+00,0.000000e+00,0.000000e+00,0.000000e+00,0.000000e+00,-1.267858e+00,0.000000e+00,1.898603e-01,0.000000e+00,1.732142e+01,0.000000e+00,0.000000e+00
9.600000e-03,2.999843e+01,1.500157e+01,0.000000e+00,1.732142e+00,0.000000e+00,2.000000e-01,2.500000e-05,0.000000e+00,0.000000e+00,2.999843e+01,0.000000e+00,0.000000e+00,0.000000e+00,0.000000e+00,0.000000e+00,0.000000e+00,0.000000e+00,0.000000e+00,0.000000e+00,0.000000e+00,0.000000e+00,0.000000e+00,0.000000e+00,0.000000e+00,0.000000e+00,0.000000e+00,1.902933e-01,2.999843e+01,0.000000e+00,0.000000e+00,0.000000e+00,0.000000e+00,0.000000e+00,-1.267858e+00,0.000000e+00,1.902933e-01,0.000000e+00,1.732142e+01,0.000000e+00,0.000000e+00
9.625000e-03,2.999843e+01,1.500157e+01,0.000000e+00,1.732142e+00,0.000000e+00,2.000000e-01,2.500000e-05,0.000000e+00,0.000000e+00,2.999843e+01,0.000000e+00,0.000000e+00,0.000000e+00,0.000000e+00,0.000000e+00,0.000000e+00,0.000000e+00,0.000000e+00,0.000000e+00,0.000000e+00,0.000000e+00,0.000000e+00,0.000000e+00,0.000000e+00,0.000000e+00,0.000000e+00,1.907263e-01,2.999843e+01,0.000000e+00,0.000000e+00,0.000000e+00,0.000000e+00,0.000000e+00,-1.267858e+00,0.000000e+00,1.907263e-01,0.000000e+00,1.732142e+01,0.000000e+00,0.000000e+00
9.650000e-03,2.999843e+01,1.500157e+01,0.000000e+00,1.732142e+00,0.000000e+00,2.000000e-01,2.500000e-05,0.000000e+00,0.000000e+00,2.999843e+01,0.000000e+00,0.000000e+00,0.000000e+00,0.000000e+00,0.000000e+00,0.000000e+00,0.000000e+00,0.000000e+00,0.000000e+00,0.000000e+00,0.000000e+00,0.000000e+00,0.000000e+00,0.000000e+00,0.000000e+00,0.000000e+00,1.911594e-01,2.999843e+01,0.000000e+00,0.000000e+00,0.000000e+00,0.000000e+00,0.000000e+00,-1.267858e+00,0.000000e+00,1.911594e-01,0.000000e+00,1.732142e+01,0.000000e+00,0.000000e+00
9.675000e-03,2.999843e+01,1.500157e+01,0.000000e+00,1.732142e+00,0.000000e+00,2.000000e-01,2.500000e-05,0.000000e+00,0.000000e+00,2.999843e+01,0.000000e+00,0.000000e+00,0.000000e+00,0.000000e+00,0.000000e+00,0.000000e+00,0.000000e+00,0.000000e+00,0.000000e+00,0.000000e+00,0.000000e+00,0.000000e+00,0.000000e+00,0.000000e+00,0.000000e+00,0.000000e+00,1.915924e-01,2.999843e+01,0.000000e+00,0.000000e+00,0.000000e+00,0.000000e+00,0.000000e+00,-1.267858e+00,0.000000e+00,1.915924e-01,0.000000e+00,1.732142e+01,0.000000e+00,0.000000e+00
9.700000e-03,2.999843e+01,1.500157e+01,0.000000e+00,1.732142e+00,0.000000e+00,2.000000e-01,2.500000e-05,0.000000e+00,0.000000e+00,2.999843e+01,0.000000e+00,0.000000e+00,0.000000e+00,0.000000e+00,0.000000e+00,0.000000e+00,0.000000e+00,0.000000e+00,0.000000e+00,0.000000e+00,0.000000e+00,0.000000e+00,0.000000e+00,0.000000e+00,0.000000e+00,0.000000e+00,1.920254e-01,2.999843e+01,0.000000e+00,0.000000e+00,0.000000e+00,0.000000e+00,0.000000e+00,-1.267858e+00,0.000000e+00,1.920254e-01,0.000000e+00,1.732142e+01,0.000000e+00,0.000000e+00
9.725000e-03,2.999843e+01,1.500157e+01,0.000000e+00,1.732142e+00,0.000000e+00,2.000000e-01,2.500000e-05,0.000000e+00,0.000000e+00,2.999843e+01,0.000000e+00,0.000000e+00,0.000000e+00,0.000000e+00,0.000000e+00,0.000000e+00,0.000000e+00,0.000000e+00,0.000000e+00,0.000000e+00,0.000000e+00,0.000000e+00,0.000000e+00,0.000000e+00,0.000000e+00,0.000000e+00,1.924585e-01,2.999843e+01,0.000000e+00,0.000000e+00,0.000000e+00,0.000000e+00,0.000000e+00,-1.267858e+00,0.000000e+00,1.924585e-01,0.000000e+00,1.732142e+01,0.000000e+00,0.000000e+00
9.750000e-03,2.999843e+01,1.500157e+01,0.000000e+00,1.732142e+00,0.000000e+00,2.000000e-01,2.500000e-05,0.000000e+00,0.000000e+00,2.999843e+01,0.000000e+00,0.000000e+00,0.000000e+00,0.000000e+00,0.000000e+00,0.000000e+00,0.000000e+00,0.000000e+00,0.000000e+00,0.000000e+00,0.000000e+00,0.000000e+00,0.000000e+00,0.000000e+00,0.000000e+00,0.000000e+00,1.928915e-01,2.999843e+01,0.000000e+00,0.000000e+00,0.000000e+00,0.000000e+00,0.000000e+00,-1.267858e+00,0.000000e+00,1.928915e-01,0.000000e+00,1.732142e+01,0.000000e+00,0.000000e+00
9.775000e-03,2.999843e+01,1.500157e+01,0.000000e+00,1.732142e+00,0.000000e+00,2.000000e-01,2.500000e-05,0.000000e+00,0.000000e+00,2.999843e+01,0.000000e+00,0.000000e+00,0.000000e+00,0.000000e+00,0.000000e+00,0.000000e+00,0.000000e+00,0.000000e+00,0.000000e+00,0.000000e+00,0.000000e+00,0.000000e+00,0.000000e+00,0.000000e+00,0.000000e+00,0.000000e+00,1.933245e-01,2.999843e+01,0.000000e+00,0.000000e+00,0.000000e+00,0.000000e+00,0.000000e+00,-1.267858e+00,0.000000e+00,1.933245e-01,0.000000e+00,1.732142e+01,0.000000e+00,0.000000e+00
9.800000e-03,2.999843e+01,1.500157e+01,0.000000e+00,1.732142e+00,0.000000e+00,2.000000e-01,2.500000e-05,0.000000e+00,0.000000e+00,2.999843e+01,0.000000e+00,0.000000e+00,0.000000e+00,0.000000e+00,0.000000e+00,0.000000e+00,0.000000e+00,0.000000e+00,0.000000e+00,0.000000e+00,0.000000e+00,0.000000e+00,0.000000e+00,0.000000e+00,0.000000e+00,0.000000e+00,1.937576e-01,2.999843e+01,0.000000e+00,0.000000e+00,0.000000e+00,0.000000e+00,0.000000e+00,-1.267858e+00,0.000000e+00,1.937576e-01,0.000000e+00,1.732142e+01,0.000000e+00,0.000000e+00
9.825000e-03,2.999843e+01,1.500157e+01,0.000000e+00,1.732142e+00,0.000000e+00,2.000000e-01,2.500000e-05,0.000000e+00,0.000000e+00,2.999843e+01,0.000000e+00,0.000000e+00,0.000000e+00,0.000000e+00,0.000000e+00,0.000000e+00,0.000000e+00,0.000000e+00,0.000000e+00,0.000000e+00,0.000000e+00,0.000000e+00,0.000000e+00,0.000000e+00,0.000000e+00,0.000000e+00,1.941906e-01,2.999843e+01,0.000000e+00,0.000000e+00,0.000000e+00,0.000000e+00,0.000000e+00,-1.267858e+00,0.000000e+00,1.941906e-01,0.000000e+00,1.732142e+01,0.000000e+00,0.000000e+00
9.850000e-03,2.999843e+01,1.500157e+01,0.000000e+00,1.732142e+00,0.000000e+00,2.000000e-01,2.500000e-05,0.000000e+00,0.000000e+00,2.999843e+01,0.000000e+00,0.000000e+00,0.000000e+00,0.000000e+00,0.000000e+00,0.000000e+00,0.000000e+00,0.000000e+00,0.000000e+00,0.000000e+00,0.000000e+00,0.000000e+00,0.000000e+00,0.000000e+00,0.000000e+00,0.000000e+00,1.946236e-01,2.999843e+01,0.000000e+00,0.000000e+00,0.000000e+00,0.000000e+00,0.000000e+00,-1.267858e+00,0.000000e+00,1.946236e-01,0.000000e+00,1.732142e+01,0.000000e+00,0.000000e+00
9.875000e-03,2.999843e+01,1.500157e+01,0.000000e+00,1.732142e+00,0.000000e+00,2.000000e-01,2.500000e-05,0.000000e+00,0.000000e+00,2.999843e+01,0.000000e+00,0.000000e+00,0.000000e+00,0.000000e+00,0.000000e+00,0.000000e+00,0.000000e+00,0.000000e+00,0.000000e+00,0.000000e+00,0.000000e+00,0.000000e+00,0.000000e+00,0.000000e+00,0.000000e+00,0.000000e+00,1.950567e-01,2.999843e+01,0.000000e+00,0.000000e+00,0.000000e+00,0.000000e+00,0.000000e+00,-1.267858e+00,0.000000e+00,1.950567e-01,0.000000e+00,1.732142e+01,0.000000e+00,0.000000e+00
9.900000e-03,2.999843e+01,1.500157e+01,0.000000e+00,1.732142e+00,0.000000e+00,2.000000e-01,2.500000e-05,0.000000e+00,0.000000e+00,2.999843e+01,0.000000e+00,0.000000e+00,0.000000e+00,0.000000e+00,0.000000e+00,0.000000e+00,0.000000e+00,0.000000e+00,0.000000e+00,0.000000e+00,0.000000e+00,0.000000e+00,0.000000e+00,0.000000e+00,0.000000e+00,0.000000e+00,1.954897e-01,2.999843e+01,0.000000e+00,0.000000e+00,0.000000e+00,0.000000e+00,0.000000e+00,-1.267858e+00,0.000000e+00,1.954897e-01,0.000000e+00,1.732142e+01,0.000000e+00,0.000000e+00
9.925000e-03,2.999843e+01,1.500157e+01,0.000000e+00,1.732142e+00,0.000000e+00,2.000000e-01,2.500000e-05,0.000000e+00,0.000000e+00,2.999843e+01,0.000000e+00,0.000000e+00,0.000000e+00,0.000000e+00,0.000000e+00,0.000000e+00,0.000000e+00,0.000000e+00,0.000000e+00,0.000000e+00,0.000000e+00,0.000000e+00,0.000000e+00,0.000000e+00,0.000000e+00,0.000000e+00,1.959227e-01,2.999843e+01,0.000000e+00,0.000000e+00,0.000000e+00,0.000000e+00,0.000000e+00,-1.267858e+00,0.000000e+00,1.959227e-01,0.000000e+00,1.732142e+01,0.000000e+00,0.000000e+00
9.950000e-03,2.999843e+01,1.500157e+01,0.000000e+00,1.732142e+00,0.000000e+00,2.000000e-01,2.500000e-05,0.000000e+00,0.000000e+00,2.999843e+01,0.000000e+00,0.000000e+00,0.000000e+00,0.000000e+00,0.000000e+00,0.000000e+00,0.000000e+00,0.000000e+00,0.000000e+00,0.000000e+00,0.000000e+00,0.000000e+00,0.000000e+00,0.000000e+00,0.000000e+00,0.000000e+00,1.963558e-01,2.999843e+01,0.000000e+00,0.000000e+00,0.000000e+00,0.000000e+00,0.000000e+00,-1.267858e+00,0.000000e+00,1.963558e-01,0.000000e+00,1.732142e+01,0.000000e+00,0.000000e+00
9.975000e-03,2.999843e+01,1.500157e+01,0.000000e+00,1.732142e+00,0.000000e+00,2.000000e-01,2.500000e-05,0.000000e+00,0.000000e+00,2.999843e+01,0.000000e+00,0.000000e+00,0.000000e+00,0.000000e+00,0.000000e+00,0.000000e+00,0.000000e+00,0.000000e+00,0.000000e+00,0.000000e+00,0.000000e+00,0.000000e+00,0.000000e+00,0.000000e+00,0.000000e+00,0.000000e+00,1.967888e-01,2.999843e+01,0.000000e+00,0.000000e+00,0.000000e+00,0.000000e+00,0.000000e+00,-1.267858e+00,0.000000e+00,1.967888e-01,0.000000e+00,1.732142e+01,0.000000e+00,0.000000e+00
1.000000e-02,2.999843e+01,1.500157e+01,0.000000e+00,1.732142e+00,0.000000e+00,2.000000e-01,2.500000e-05,0.000000e+00,0.000000e+00,2.999843e+01,0.000000e+00,0.000000e+00,0.000000e+00,0.000000e+00,0.000000e+00,0.000000e+00,0.000000e+00,0.000000e+00,0.000000e+00,0.000000e+00,0.000000e+00,0.000000e+00,0.000000e+00,0.000000e+00,0.000000e+00,0.000000e+00,1.972219e-01,2.999843e+01,0.000000e+00,0.000000e+00,0.000000e+00,0.000000e+00,0.000000e+00,-1.267858e+00,0.000000e+00,1.972219e-01,0.000000e+00,1.732142e+01,0.000000e+00,0.000000e+00
1.002500e-02,2.999843e+01,1.500157e+01,0.000000e+00,1.732142e+00,0.000000e+00,2.000000e-01,2.500000e-05,0.000000e+00,0.000000e+00,2.999843e+01,0.000000e+00,0.000000e+00,0.000000e+00,0.000000e+00,0.000000e+00,0.000000e+00,0.000000e+00,0.000000e+00,0.000000e+00,0.000000e+00,0.000000e+00,0.000000e+00,0.000000e+00,0.000000e+00,0.000000e+00,0.000000e+00,1.976549e-01,2.999843e+01,0.000000e+00,0.000000e+00,0.000000e+00,0.000000e+00,0.000000e+00,-1.267858e+00,0.000000e+00,1.976549e-01,0.000000e+00,1.732142e+01,0.000000e+00,0.000000e+00
1.005000e-02,2.999843e+01,1.500157e+01,0.000000e+00,1.732142e+00,0.000000e+00,2.000000e-01,2.500000e-05,0.000000e+00,0.000000e+00,2.999843e+01,0.000000e+00,0.000000e+00,0.000000e+00,0.000000e+00,0.000000e+00,0.000000e+00,0.000000e+00,0.000000e+00,0.000000e+00,0.000000e+00,0.000000e+00,0.000000e+00,0.000000e+00,0.000000e+00,0.000000e+00,0.000000e+00,1.980879e-01,2.999843e+01,0.000000e+00,0.000000e+00,0.000000e+00,0.000000e+00,0.000000e+00,-1.267858e+00,0.000000e+00,1.980879e-01,0.000000e+00,1.732142e+01,0.000000e+00,0.000000e+00
1.007500e-02,2.999843e+01,1.500157e+01,0.000000e+00,1.732142e+00,0.000000e+00,2.000000e-01,2.500000e-05,0.000000e+00,0.000000e+00,2.999843e+01,0.000000e+00,0.000000e+00,0.000000e+00,0.000000e+00,0.000000e+00,0.000000e+00,0.000000e+00,0.000000e+00,0.000000e+00,0.000000e+00,0.000000e+00,0.000000e+00,0.000000e+00,0.000000e+00,0.000000e+00,0.000000e+00,1.985210e-01,2.999843e+01,0.000000e+00,0.000000e+00,0.000000e+00,0.000000e+00,0.000000e+00,-1.267858e+00,0.000000e+00,1.985210e-01,0.000000e+00,1.732142e+01,0.000000e+00,0.000000e+00
1.010000e-02,2.999843e+01,1.500157e+01,0.000000e+00,1.732142e+00,0.000000e+00,2.000000e-01,2.500000e-05,0.000000e+00,0.000000e+00,2.999843e+01,0.000000e+00,0.000000e+00,0.000000e+00,0.000000e+00,0.000000e+00,0.000000e+00,0.000000e+00,0.000000e+00,0.000000e+00,0.000000e+00,0.000000e+00,0.000000e+00,0.000000e+00,0.000000e+00,0.000000e+00,0.000000e+00,1.989540e-01,2.999843e+01,0.000000e+00,0.000000e+00,0.000000e+00,0.000000e+00,0.000000e+00,-1.267858e+00,0.000000e+00,1.989540e-01,0.000000e+00,1.732142e+01,0.000000e+00,0.000000e+00
1.012500e-02,2.999843e+01,1.500157e+01,0.000000e+00,1.732142e+00,0.000000e+00,2.000000e-01,2.500000e-05,0.000000e+00,0.000000e+00,2.999843e+01,0.000000e+00,0.000000e+00,0.000000e+00,0.000000e+00,0.000000e+00,0.000000e+00,0.000000e+00,0.000000e+00,0.000000e+00,0.000000e+00,0.000000e+00,0.000000e+00,0.000000e+00,0.000000e+00,0.000000e+00,0.000000e+00,1.993870e-01,2.999843e+01,0.000000e+00,0.000000e+00,0.000000e+00,0.000000e+00,0.000000e+00,-1.267858e+00,0.000000e+00,1.993870e-01,0.000000e+00,1.732142e+01,0.000000e+00,0.000000e+00
1.015000e-02,2.999843e+01,1.500157e+01,0.000000e+00,1.732142e+00,0.000000e+00,2.000000e-01,2.500000e-05,0.000000e+00,0.000000e+00,2.999843e+01,0.000000e+00,0.000000e+00,0.000000e+00,0.000000e+00,0.000000e+00,0.000000e+00,0.000000e+00,0.000000e+00,0.000000e+00,0.000000e+00,0.000000e+00,0.000000e+00,0.000000e+00,0.000000e+00,0.000000e+00,0.000000e+00,1.998201e-01,2.999843e+01,0.000000e+00,0.000000e+00,0.000000e+00,0.000000e+00,0.000000e+00,-1.267858e+00,0.000000e+00,1.998201e-01,0.000000e+00,1.732142e+01,0.000000e+00,0.000000e+00
1.017500e-02,2.999843e+01,1.500157e+01,0.000000e+00,1.732142e+00,0.000000e+00,2.000000e-01,2.500000e-05,0.000000e+00,0.000000e+00,2.999843e+01,0.000000e+00,0.000000e+00,0.000000e+00,0.000000e+00,0.000000e+00,0.000000e+00,0.000000e+00,0.000000e+00,0.000000e+00,0.000000e+00,0.000000e+00,0.000000e+00,0.000000e+00,0.000000e+00,0.000000e+00,0.000000e+00,2.002531e-01,2.999843e+01,0.000000e+00,0.000000e+00,0.000000e+00,0.000000e+00,0.000000e+00,-1.267858e+00,0.000000e+00,2.002531e-01,0.000000e+00,1.732142e+01,0.000000e+00,0.000000e+00
1.020000e-02,2.999843e+01,1.500157e+01,0.000000e+00,1.732142e+00,0.000000e+00,2.000000e-01,2.500000e-05,0.000000e+00,0.000000e+00,2.999843e+01,0.000000e+00,0.000000e+00,0.000000e+00,0.000000e+00,0.000000e+00,0.000000e+00,0.000000e+00,0.000000e+00,0.000000e+00,0.000000e+00,0.000000e+00,0.000000e+00,0.000000e+00,0.000000e+00,0.000000e+00,0.000000e+00,2.006861e-01,2.999843e+01,0.000000e+00,0.000000e+00,0.000000e+00,0.000000e+00,0.000000e+00,-1.267858e+00,0.000000e+00,2.006861e-01,0.000000e+00,1.732142e+01,0.000000e+00,0.000000e+00
1.022500e-02,2.999843e+01,1.500157e+01,0.000000e+00,1.732142e+00,0.000000e+00,2.000000e-01,2.500000e-05,0.000000e+00,0.000000e+00,2.999843e+01,0.000000e+00,0.000000e+00,0.000000e+00,0.000000e+00,0.000000e+00,0.000000e+00,0.000000e+00,0.000000e+00,0.000000e+00,0.000000e+00,0.000000e+00,0.000000e+00,0.000000e+00,0.000000e+00,0.000000e+00,0.000000e+00,2.011192e-01,2.999843e+01,0.000000e+00,0.000000e+00,0.000000e+00,0.000000e+00,0.000000e+00,-1.267858e+00,0.000000e+00,2.011192e-01,0.000000e+00,1.732142e+01,0.000000e+00,0.000000e+00
1.025000e-02,2.999843e+01,1.500157e+01,0.000000e+00,1.732142e+00,0.000000e+00,2.000000e-01,2.500000e-05,0.000000e+00,0.000000e+00,2.999843e+01,0.000000e+00,0.000000e+00,0.000000e+00,0.000000e+00,0.000000e+00,0.000000e+00,0.000000e+00,0.000000e+00,0.000000e+00,0.000000e+00,0.000000e+00,0.000000e+00,0.000000e+00,0.000000e+00,0.000000e+00,0.000000e+00,2.015522e-01,2.999843e+01,0.000000e+00,0.000000e+00,0.000000e+00,0.000000e+00,0.000000e+00,-1.267858e+00,0.000000e+00,2.015522e-01,0.000000e+00,1.732142e+01,0.000000e+00,0.000000e+00
1.027500e-02,2.999843e+01,1.500157e+01,0.000000e+00,1.732142e+00,0.000000e+00,2.000000e-01,2.500000e-05,0.000000e+00,0.000000e+00,2.999843e+01,0.000000e+00,0.000000e+00,0.000000e+00,0.000000e+00,0.000000e+00,0.000000e+00,0.000000e+00,0.000000e+00,0.000000e+00,0.000000e+00,0.000000e+00,0.000000e+00,0.000000e+00,0.000000e+00,0.000000e+00,0.000000e+00,2.019852e-01,2.999843e+01,0.000000e+00,0.000000e+00,0.000000e+00,0.000000e+00,0.000000e+00,-1.267858e+00,0.000000e+00,2.019852e-01,0.000000e+00,1.732142e+01,0.000000e+00,0.000000e+00
1.030000e-02,2.999843e+01,1.500157e+01,0.000000e+00,1.732142e+00,0.000000e+00,2.000000e-01,2.500000e-05,0.000000e+00,0.000000e+00,2.999843e+01,0.000000e+00,0.000000e+00,0.000000e+00,0.000000e+00,0.000000e+00,0.000000e+00,0.000000e+00,0.000000e+00,0.000000e+00,0.000000e+00,0.000000e+00,0.000000e+00,0.000000e+00,0.000000e+00,0.000000e+00,0.000000e+00,2.024183e-01,2.999843e+01,0.000000e+00,0.000000e+00,0.000000e+00,0.000000e+00,0.000000e+00,-1.267858e+00,0.000000e+00,2.024183e-01,0.000000e+00,1.732142e+01,0.000000e+00,0.000000e+00
1.032500e-02,2.999843e+01,1.500157e+01,0.000000e+00,1.732142e+00,0.000000e+00,2.000000e-01,2.500000e-05,0.000000e+00,0.000000e+00,2.999843e+01,0.000000e+00,0.000000e+00,0.000000e+00,0.000000e+00,0.000000e+00,0.000000e+00,0.000000e+00,0.000000e+00,0.000000e+00,0.000000e+00,0.000000e+00,0.000000e+00,0.000000e+00,0.000000e+00,0.000000e+00,0.000000e+00,2.028513e-01,2.999843e+01,0.000000e+00,0.000000e+00,0.000000e+00,0.000000e+00,0.000000e+00,-1.267858e+00,0.000000e+00,2.028513e-01,0.000000e+00,1.732142e+01,0.000000e+00,0.000000e+00
1.035000e-02,2.999843e+01,1.500157e+01,0.000000e+00,1.732142e+00,0.000000e+00,2.000000e-01,2.500000e-05,0.000000e+00,0.000000e+00,2.999843e+01,0.000000e+00,0.000000e+00,0.000000e+00,0.000000e+00,0.000000e+00,0.000000e+00,0.000000e+00,0.000000e+00,0.000000e+00,0.000000e+00,0.000000e+00,0.000000e+00,0.000000e+00,0.000000e+00,0.000000e+00,0.000000e+00,2.032844e-01,2.999843e+01,0.000000e+00,0.000000e+00,0.000000e+00,0.000000e+00,0.000000e+00,-1.267858e+00,0.000000e+00,2.032844e-01,0.000000e+00,1.732142e+01,0.000000e+00,0.000000e+00
1.037500e-02,2.999843e+01,1.500157e+01,0.000000e+00,1.732142e+00,0.000000e+00,2.000000e-01,2.500000e-05,0.000000e+00,0.000000e+00,2.999843e+01,0.000000e+00,0.000000e+00,0.000000e+00,0.000000e+00,0.000000e+00,0.000000e+00,0.000000e+00,0.000000e+00,0.000000e+00,0.000000e+00,0.000000e+00,0.000000e+00,0.000000e+00,0.000000e+00,0.000000e+00,0.000000e+00,2.037174e-01,2.999843e+01,0.000000e+00,0.000000e+00,0.000000e+00,0.000000e+00,0.000000e+00,-1.267858e+00,0.000000e+00,2.037174e-01,0.000000e+00,1.732142e+01,0.000000e+00,0.000000e+00
1.040000e-02,2.999843e+01,1.500157e+01,0.000000e+00,1.732142e+00,0.000000e+00,2.000000e-01,2.500000e-05,0.000000e+00,0.000000e+00,2.999843e+01,0.000000e+00,0.000000e+00,0.000000e+00,0.000000e+00,0.000000e+00,0.000000e+00,0.000000e+00,0.000000e+00,0.000000e+00,0.000000e+00,0.000000e+00,0.000000e+00,0.000000e+00,0.000000e+00,0.000000e+00,0.000000e+00,2.041504e-01,2.999843e+01,0.000000e+00,0.000000e+00,0.000000e+00,0.000000e+00,0.000000e+00,-1.267858e+00,0.000000e+00,2.041504e-01,0.000000e+00,1.732142e+01,0.000000e+00,0.000000e+00
1.042500e-02,2.999843e+01,1.500157e+01,0.000000e+00,1.732142e+00,0.000000e+00,2.000000e-01,2.500000e-05,0.000000e+00,0.000000e+00,2.999843e+01,0.000000e+00,0.000000e+00,0.000000e+00,0.000000e+00,0.000000e+00,0.000000e+00,0.000000e+00,0.000000e+00,0.000000e+00,0.000000e+00,0.000000e+00,0.000000e+00,0.000000e+00,0.000000e+00,0.000000e+00,0.000000e+00,2.045835e-01,2.999843e+01,0.000000e+00,0.000000e+00,0.000000e+00,0.000000e+00,0.000000e+00,-1.267858e+00,0.000000e+00,2.045835e-01,0.000000e+00,1.732142e+01,0.000000e+00,0.000000e+00
1.045000e-02,2.999843e+01,1.500157e+01,0.000000e+00,1.732142e+00,0.000000e+00,2.000000e-01,2.500000e-05,0.000000e+00,0.000000e+00,2.999843e+01,0.000000e+00,0.000000e+00,0.000000e+00,0.000000e+00,0.000000e+00,0.000000e+00,0.000000e+00,0.000000e+00,0.000000e+00,0.000000e+00,0.000000e+00,0.000000e+00,0.000000e+00,0.000000e+00,0.000000e+00,0.000000e+00,2.050165e-01,2.999843e+01,0.000000e+00,0.000000e+00,0.000000e+00,0.000000e+00,0.000000e+00,-1.267858e+00,0.000000e+00,2.050165e-01,0.000000e+00,1.732142e+01,0.000000e+00,0.000000e+00
1.047500e-02,2.999843e+01,1.500157e+01,0.000000e+00,1.732142e+00,0.000000e+00,2.000000e-01,2.500000e-05,0.000000e+00,0.000000e+00,2.999843e+01,0.000000e+00,0.000000e+00,0.000000e+00,0.000000e+00,0.000000e+00,0.000000e+00,0.000000e+00,0.000000e+00,0.000000e+00,0.000000e+00,0.000000e+00,0.000000e+00,0.000000e+00,0.000000e+00,0.000000e+00,0.000000e+00,2.054495e-01,2.999843e+01,0.000000e+00,0.000000e+00,0.000000e+00,0.000000e+00,0.000000e+00,-1.267858e+00,0.000000e+00,2.054495e-01,0.000000e+00,1.732142e+01,0.000000e+00,0.000000e+00
1.050000e-02,2.999843e+01,1.500157e+01,0.000000e+00,1.732142e+00,0.000000e+00,2.000000e-01,2.500000e-05,0.000000e+00,0.000000e+00,2.999843e+01,0.000000e+00,0.000000e+00,0.000000e+00,0.000000e+00,0.000000e+00,0.000000e+00,0.000000e+00,0.000000e+00,0.000000e+00,0.000000e+00,0.000000e+00,0.000000e+00,0.000000e+00,0.000000e+00,0.000000e+00,0.000000e+00,2.058826e-01,2.999843e+01,0.000000e+00,0.000000e+00,0.000000e+00,0.000000e+00,0.000000e+00,-1.267858e+00,0.000000e+00,2.058826e-01,0.000000e+00,1.732142e+01,0.000000e+00,0.000000e+00
1.052500e-02,2.999843e+01,1.500157e+01,0.000000e+00,1.732142e+00,0.000000e+00,2.000000e-01,2.500000e-05,0.000000e+00,0.000000e+00,2.999843e+01,0.000000e+00,0.000000e+00,0.000000e+00,0.000000e+00,0.000000e+00,0.000000e+00,0.000000e+00,0.000000e+00,0.000000e+00,0.000000e+00,0.000000e+00,0.000000e+00,0.000000e+00,0.000000e+00,0.000000e+00,0.000000e+00,2.063156e-01,2.999843e+01,0.000000e+00,0.000000e+00,0.000000e+00,0.000000e+00,0.000000e+00,-1.267858e+00,0.000000e+00,2.063156e-01,0.000000e+00,1.732142e+01,0.000000e+00,0.000000e+00
1.055000e-02,2.999843e+01,1.500157e+01,0.000000e+00,1.732142e+00,0.000000e+00,2.000000e-01,2.500000e-05,0.000000e+00,0.000000e+00,2.999843e+01,0.000000e+00,0.000000e+00,0.000000e+00,0.000000e+00,0.000000e+00,0.000000e+00,0.000000e+00,0.000000e+00,0.000000e+00,0.000000e+00,0.000000e+00,0.000000e+00,0.000000e+00,0.000000e+00,0.000000e+00,0.000000e+00,2.067486e-01,2.999843e+01,0.000000e+00,0.000000e+00,0.000000e+00,0.000000e+00,0.000000e+00,-1.267858e+00,0.000000e+00,2.067486e-01,0.000000e+00,1.732142e+01,0.000000e+00,0.000000e+00
1.057500e-02,2.999843e+01,1.500157e+01,0.000000e+00,1.732142e+00,0.000000e+00,2.000000e-01,2.500000e-05,0.000000e+00,0.000000e+00,2.999843e+01,0.000000e+00,0.000000e+00,0.000000e+00,0.000000e+00,0.000000e+00,0.000000e+00,0.000000e+00,0.000000e+00,0.000000e+00,0.000000e+00,0.000000e+00,0.000000e+00,0.000000e+00,0.000000e+00,0.000000e+00,0.000000e+00,2.071817e-01,2.999843e+01,0.000000e+00,0.000000e+00,0.000000e+00,0.000000e+00,0.000000e+00,-1.267858e+00,0.000000e+00,2.071817e-01,0.000000e+00,1.732142e+01,0.000000e+00,0.000000e+00
1.060000e-02,2.999843e+01,1.500157e+01,0.000000e+00,1.732142e+00,0.000000e+00,2.000000e-01,2.500000e-05,0.000000e+00,0.000000e+00,2.999843e+01,0.000000e+00,0.000000e+00,0.000000e+00,0.000000e+00,0.000000e+00,0.000000e+00,0.000000e+00,0.000000e+00,0.000000e+00,0.000000e+00,0.000000e+00,0.000000e+00,0.000000e+00,0.000000e+00,0.000000e+00,0.000000e+00,2.076147e-01,2.999843e+01,0.000000e+00,0.000000e+00,0.000000e+00,0.000000e+00,0.000000e+00,-1.267858e+00,0.000000e+00,2.076147e-01,0.000000e+00,1.732142e+01,0.000000e+00,0.000000e+00
1.062500e-02,2.999843e+01,1.500157e+01,0.000000e+00,1.732142e+00,0.000000e+00,2.000000e-01,2.500000e-05,0.000000e+00,0.000000e+00,2.999843e+01,0.000000e+00,0.000000e+00,0.000000e+00,0.000000e+00,0.000000e+00,0.000000e+00,0.000000e+00,0.000000e+00,0.000000e+00,0.000000e+00,0.000000e+00,0.000000e+00,0.000000e+00,0.000000e+00,0.000000e+00,0.000000e+00,2.080477e-01,2.999843e+01,0.000000e+00,0.000000e+00,0.000000e+00,0.000000e+00,0.000000e+00,-1.267858e+00,0.000000e+00,2.080477e-01,0.000000e+00,1.732142e+01,0.000000e+00,0.000000e+00
1.065000e-02,2.999843e+01,1.500157e+01,0.000000e+00,1.732142e+00,0.000000e+00,2.000000e-01,2.500000e-05,0.000000e+00,0.000000e+00,2.999843e+01,0.000000e+00,0.000000e+00,0.000000e+00,0.000000e+00,0.000000e+00,0.000000e+00,0.000000e+00,0.000000e+00,0.000000e+00,0.000000e+00,0.000000e+00,0.000000e+00,0.000000e+00,0.000000e+00,0.000000e+00,0.000000e+00,2.084808e-01,2.999843e+01,0.000000e+00,0.000000e+00,0.000000e+00,0.000000e+00,0.000000e+00,-1.267858e+00,0.000000e+00,2.084808e-01,0.000000e+00,1.732142e+01,0.000000e+00,0.000000e+00
1.067500e-02,2.999843e+01,1.500157e+01,0.000000e+00,1.732142e+00,0.000000e+00,2.000000e-01,2.500000e-05,0.000000e+00,0.000000e+00,2.999843e+01,0.000000e+00,0.000000e+00,0.000000e+00,0.000000e+00,0.000000e+00,0.000000e+00,0.000000e+00,0.000000e+00,0.000000e+00,0.000000e+00,0.000000e+00,0.000000e+00,0.000000e+00,0.000000e+00,0.000000e+00,0.000000e+00,2.089138e-01,2.999843e+01,0.000000e+00,0.000000e+00,0.000000e+00,0.000000e+00,0.000000e+00,-1.267858e+00,0.000000e+00,2.089138e-01,0.000000e+00,1.732142e+01,0.000000e+00,0.000000e+00
1.070000e-02,2.999843e+01,1.500157e+01,0.000000e+00,1.732142e+00,0.000000e+00,2.000000e-01,2.500000e-05,0.000000e+00,0.000000e+00,2.999843e+01,0.000000e+00,0.000000e+00,0.000000e+00,0.000000e+00,0.000000e+00,0.000000e+00,0.000000e+00,0.000000e+00,0.000000e+00,0.000000e+00,0.000000e+00,0.000000e+00,0.000000e+00,0.000000e+00,0.000000e+00,0.000000e+00,2.093468e-01,2.999843e+01,0.000000e+00,0.000000e+00,0.000000e+00,0.000000e+00,0.000000e+00,-1.267858e+00,0.000000e+00,2.093468e-01,0.000000e+00,1.732142e+01,0.000000e+00,0.000000e+00
1.072500e-02,2.999843e+01,1.500157e+01,0.000000e+00,1.732142e+00,0.000000e+00,2.000000e-01,2.500000e-05,0.000000e+00,0.000000e+00,2.999843e+01,0.000000e+00,0.000000e+00,0.000000e+00,0.000000e+00,0.000000e+00,0.000000e+00,0.000000e+00,0.000000e+00,0.000000e+00,0.000000e+00,0.000000e+00,0.000000e+00,0.000000e+00,0.000000e+00,0.000000e+00,0.000000e+00,2.097799e-01,2.999843e+01,0.000000e+00,0.000000e+00,0.000000e+00,0.000000e+00,0.000000e+00,-1.267858e+00,0.000000e+00,2.097799e-01,0.000000e+00,1.732142e+01,0.000000e+00,0.000000e+00
1.075000e-02,2.999843e+01,1.500157e+01,0.000000e+00,1.732142e+00,0.000000e+00,2.000000e-01,2.500000e-05,0.000000e+00,0.000000e+00,2.999843e+01,0.000000e+00,0.000000e+00,0.000000e+00,0.000000e+00,0.000000e+00,0.000000e+00,0.000000e+00,0.000000e+00,0.000000e+00,0.000000e+00,0.000000e+00,0.000000e+00,0.000000e+00,0.000000e+00,0.000000e+00,0.000000e+00,2.102129e-01,2.999843e+01,0.000000e+00,0.000000e+00,0.000000e+00,0.000000e+00,0.000000e+00,-1.267858e+00,0.000000e+00,2.102129e-01,0.000000e+00,1.732142e+01,0.000000e+00,0.000000e+00
1.077500e-02,2.999843e+01,1.500157e+01,0.000000e+00,1.732142e+00,0.000000e+00,2.000000e-01,2.500000e-05,0.000000e+00,0.000000e+00,2.999843e+01,0.000000e+00,0.000000e+00,0.000000e+00,0.000000e+00,0.000000e+00,0.000000e+00,0.000000e+00,0.000000e+00,0.000000e+00,0.000000e+00,0.000000e+00,0.000000e+00,0.000000e+00,0.000000e+00,0.000000e+00,0.000000e+00,2.106460e-01,2.999843e+01,0.000000e+00,0.000000e+00,0.000000e+00,0.000000e+00,0.000000e+00,-1.267858e+00,0.000000e+00,2.106460e-01,0.000000e+00,1.732142e+01,0.000000e+00,0.000000e+00
1.080000e-02,2.999843e+01,1.500157e+01,0.000000e+00,1.732142e+00,0.000000e+00,2.000000e-01,2.500000e-05,0.000000e+00,0.000000e+00,2.999843e+01,0.000000e+00,0.000000e+00,0.000000e+00,0.000000e+00,0.000000e+00,0.000000e+00,0.000000e+00,0.000000e+00,0.000000e+00,0.000000e+00,0.000000e+00,0.000000e+00,0.000000e+00,0.000000e+00,0.000000e+00,0.000000e+00,2.110790e-01,2.999843e+01,0.000000e+00,0.000000e+00,0.000000e+00,0.000000e+00,0.000000e+00,-1.267858e+00,0.000000e+00,2.110790e-01,0.000000e+00,1.732142e+01,0.000000e+00,0.000000e+00
1.082500e-02,2.999843e+01,1.500157e+01,0.000000e+00,1.732142e+00,0.000000e+00,2.000000e-01,2.500000e-05,0.000000e+00,0.000000e+00,2.999843e+01,0.000000e+00,0.000000e+00,0.000000e+00,0.000000e+00,0.000000e+00,0.000000e+00,0.000000e+00,0.000000e+00,0.000000e+00,0.000000e+00,0.000000e+00,0.000000e+00,0.000000e+00,0.000000e+00,0.000000e+00,0.000000e+00,2.115120e-01,2.999843e+01,0.000000e+00,0.000000e+00,0.000000e+00,0.000000e+00,0.000000e+00,-1.267858e+00,0.000000e+00,2.115120e-01,0.000000e+00,1.732142e+01,0.000000e+00,0.000000e+00
1.085000e-02,2.999843e+01,1.500157e+01,0.000000e+00,1.732142e+00,0.000000e+00,2.000000e-01,2.500000e-05,0.000000e+00,0.000000e+00,2.999843e+01,0.000000e+00,0.000000e+00,0.000000e+00,0.000000e+00,0.000000e+00,0.000000e+00,0.000000e+00,0.000000e+00,0.000000e+00,0.000000e+00,0.000000e+00,0.000000e+00,0.000000e+00,0.000000e+00,0.000000e+00,0.000000e+00,2.119451e-01,2.999843e+01,0.000000e+00,0.000000e+00,0.000000e+00,0.000000e+00,0.000000e+00,-1.267858e+00,0.000000e+00,2.119451e-01,0.000000e+00,1.732142e+01,0.000000e+00,0.000000e+00
1.087500e-02,2.999843e+01,1.500157e+01,0.000000e+00,1.732142e+00,0.000000e+00,2.000000e-01,2.500000e-05,0.000000e+00,0.000000e+00,2.999843e+01,0.000000e+00,0.000000e+00,0.000000e+00,0.000000e+00,0.000000e+00,0.000000e+00,0.000000e+00,0.000000e+00,0.000000e+00,0.000000e+00,0.000000e+00,0.000000e+00,0.000000e+00,0.000000e+00,0.000000e+00,0.000000e+00,2.123781e-01,2.999843e+01,0.000000e+00,0.000000e+00,0.000000e+00,0.000000e+00,0.000000e+00,-1.267858e+00,0.000000e+00,2.123781e-01,0.000000e+00,1.732142e+01,0.000000e+00,0.000000e+00
1.090000e-02,2.999843e+01,1.500157e+01,0.000000e+00,1.732142e+00,0.000000e+00,2.000000e-01,2.500000e-05,0.000000e+00,0.000000e+00,2.999843e+01,0.000000e+00,0.000000e+00,0.000000e+00,0.000000e+00,0.000000e+00,0.000000e+00,0.000000e+00,0.000000e+00,0.000000e+00,0.000000e+00,0.000000e+00,0.000000e+00,0.000000e+00,0.000000e+00,0.000000e+00,0.000000e+00,2.128111e-01,2.999843e+01,0.000000e+00,0.000000e+00,0.000000e+00,0.000000e+00,0.000000e+00,-1.267858e+00,0.000000e+00,2.128111e-01,0.000000e+00,1.732142e+01,0.000000e+00,0.000000e+00
1.092500e-02,2.999843e+01,1.500157e+01,0.000000e+00,1.732142e+00,0.000000e+00,2.000000e-01,2.500000e-05,0.000000e+00,0.000000e+00,2.999843e+01,0.000000e+00,0.000000e+00,0.000000e+00,0.000000e+00,0.000000e+00,0.000000e+00,0.000000e+00,0.000000e+00,0.000000e+00,0.000000e+00,0.000000e+00,0.000000e+00,0.000000e+00,0.000000e+00,0.000000e+00,0.000000e+00,2.132442e-01,2.999843e+01,0.000000e+00,0.000000e+00,0.000000e+00,0.000000e+00,0.000000e+00,-1.267858e+00,0.000000e+00,2.132442e-01,0.000000e+00,1.732142e+01,0.000000e+00,0.000000e+00
1.095000e-02,2.999843e+01,1.500157e+01,0.000000e+00,1.732142e+00,0.000000e+00,2.000000e-01,2.500000e-05,0.000000e+00,0.000000e+00,2.999843e+01,0.000000e+00,0.000000e+00,0.000000e+00,0.000000e+00,0.000000e+00,0.000000e+00,0.000000e+00,0.000000e+00,0.000000e+00,0.000000e+00,0.000000e+00,0.000000e+00,0.000000e+00,0.000000e+00,0.000000e+00,0.000000e+00,2.136772e-01,2.999843e+01,0.000000e+00,0.000000e+00,0.000000e+00,0.000000e+00,0.000000e+00,-1.267858e+00,0.000000e+00,2.136772e-01,0.000000e+00,1.732142e+01,0.000000e+00,0.000000e+00
1.097500e-02,2.999843e+01,1.500157e+01,0.000000e+00,1.732142e+00,0.000000e+00,2.000000e-01,2.500000e-05,0.000000e+00,0.000000e+00,2.999843e+01,0.000000e+00,0.000000e+00,0.000000e+00,0.000000e+00,0.000000e+00,0.000000e+00,0.000000e+00,0.000000e+00,0.000000e+00,0.000000e+00,0.000000e+00,0.000000e+00,0.000000e+00,0.000000e+00,0.000000e+00,0.000000e+00,2.141102e-01,2.999843e+01,0.000000e+00,0.000000e+00,0.000000e+00,0.000000e+00,0.000000e+00,-1.267858e+00,0.000000e+00,2.141102e-01,0.000000e+00,1.732142e+01,0.000000e+00,0.000000e+00
1.100000e-02,2.999843e+01,1.500157e+01,0.000000e+00,1.732142e+00,0.000000e+00,2.000000e-01,2.500000e-05,0.000000e+00,0.000000e+00,2.999843e+01,0.000000e+00,0.000000e+00,0.000000e+00,0.000000e+00,0.000000e+00,0.000000e+00,0.000000e+00,0.000000e+00,0.000000e+00,0.000000e+00,0.000000e+00,0.000000e+00,0.000000e+00,0.000000e+00,0.000000e+00,0.000000e+00,2.145433e-01,2.999843e+01,0.000000e+00,0.000000e+00,0.000000e+00,0.000000e+00,0.000000e+00,-1.267858e+00,0.000000e+00,2.145433e-01,0.000000e+00,1.732142e+01,0.000000e+00,0.000000e+00
1.102500e-02,2.999843e+01,1.500157e+01,0.000000e+00,1.732142e+00,0.000000e+00,2.000000e-01,2.500000e-05,0.000000e+00,0.000000e+00,2.999843e+01,0.000000e+00,0.000000e+00,0.000000e+00,0.000000e+00,0.000000e+00,0.000000e+00,0.000000e+00,0.000000e+00,0.000000e+00,0.000000e+00,0.000000e+00,0.000000e+00,0.000000e+00,0.000000e+00,0.000000e+00,0.000000e+00,2.149763e-01,2.999843e+01,0.000000e+00,0.000000e+00,0.000000e+00,0.000000e+00,0.000000e+00,-1.267858e+00,0.000000e+00,2.149763e-01,0.000000e+00,1.732142e+01,0.000000e+00,0.000000e+00
1.105000e-02,2.999843e+01,1.500157e+01,0.000000e+00,1.732142e+00,0.000000e+00,2.000000e-01,2.500000e-05,0.000000e+00,0.000000e+00,2.999843e+01,0.000000e+00,0.000000e+00,0.000000e+00,0.000000e+00,0.000000e+00,0.000000e+00,0.000000e+00,0.000000e+00,0.000000e+00,0.000000e+00,0.000000e+00,0.000000e+00,0.000000e+00,0.000000e+00,0.000000e+00,0.000000e+00,2.154093e-01,2.999843e+01,0.000000e+00,0.000000e+00,0.000000e+00,0.000000e+00,0.000000e+00,-1.267858e+00,0.000000e+00,2.154093e-01,0.000000e+00,1.732142e+01,0.000000e+00,0.000000e+00
1.107500e-02,2.999843e+01,1.500157e+01,0.000000e+00,1.732142e+00,0.000000e+00,2.000000e-01,2.500000e-05,0.000000e+00,0.000000e+00,2.999843e+01,0.000000e+00,0.000000e+00,0.000000e+00,0.000000e+00,0.000000e+00,0.000000e+00,0.000000e+00,0.000000e+00,0.000000e+00,0.000000e+00,0.000000e+00,0.000000e+00,0.000000e+00,0.000000e+00,0.000000e+00,0.000000e+00,2.158424e-01,2.999843e+01,0.000000e+00,0.000000e+00,0.000000e+00,0.000000e+00,0.000000e+00,-1.267858e+00,0.000000e+00,2.158424e-01,0.000000e+00,1.732142e+01,0.000000e+00,0.000000e+00
1.110000e-02,2.999843e+01,1.500157e+01,0.000000e+00,1.732142e+00,0.000000e+00,2.000000e-01,2.500000e-05,0.000000e+00,0.000000e+00,2.999843e+01,0.000000e+00,0.000000e+00,0.000000e+00,0.000000e+00,0.000000e+00,0.000000e+00,0.000000e+00,0.000000e+00,0.000000e+00,0.000000e+00,0.000000e+00,0.000000e+00,0.000000e+00,0.000000e+00,0.000000e+00,0.000000e+00,2.162754e-01,2.999843e+01,0.000000e+00,0.000000e+00,0.000000e+00,0.000000e+00,0.000000e+00,-1.267858e+00,0.000000e+00,2.162754e-01,0.000000e+00,1.732142e+01,0.000000e+00,0.000000e+00
1.112500e-02,2.999843e+01,1.500157e+01,0.000000e+00,1.732142e+00,0.000000e+00,2.000000e-01,2.500000e-05,0.000000e+00,0.000000e+00,2.999843e+01,0.000000e+00,0.000000e+00,0.000000e+00,0.000000e+00,0.000000e+00,0.000000e+00,0.000000e+00,0.000000e+00,0.000000e+00,0.000000e+00,0.000000e+00,0.000000e+00,0.000000e+00,0.000000e+00,0.000000e+00,0.000000e+00,2.167085e-01,2.999843e+01,0.000000e+00,0.000000e+00,0.000000e+00,0.000000e+00,0.000000e+00,-1.267858e+00,0.000000e+00,2.167085e-01,0.000000e+00,1.732142e+01,0.000000e+00,0.000000e+00
1.115000e-02,2.999843e+01,1.500157e+01,0.000000e+00,1.732142e+00,0.000000e+00,2.000000e-01,2.500000e-05,0.000000e+00,0.000000e+00,2.999843e+01,0.000000e+00,0.000000e+00,0.000000e+00,0.000000e+00,0.000000e+00,0.000000e+00,0.000000e+00,0.000000e+00,0.000000e+00,0.000000e+00,0.000000e+00,0.000000e+00,0.000000e+00,0.000000e+00,0.000000e+00,0.000000e+00,2.171415e-01,2.999843e+01,0.000000e+00,0.000000e+00,0.000000e+00,0.000000e+00,0.000000e+00,-1.267858e+00,0.000000e+00,2.171415e-01,0.000000e+00,1.732142e+01,0.000000e+00,0.000000e+00
1.117500e-02,2.999843e+01,1.500157e+01,0.000000e+00,1.732142e+00,0.000000e+00,2.000000e-01,2.500000e-05,0.000000e+00,0.000000e+00,2.999843e+01,0.000000e+00,0.000000e+00,0.000000e+00,0.000000e+00,0.000000e+00,0.000000e+00,0.000000e+00,0.000000e+00,0.000000e+00,0.000000e+00,0.000000e+00,0.000000e+00,0.000000e+00,0.000000e+00,0.000000e+00,0.000000e+00,2.175745e-01,2.999843e+01,0.000000e+00,0.000000e+00,0.000000e+00,0.000000e+00,0.000000e+00,-1.267858e+00,0.000000e+00,2.175745e-01,0.000000e+00,1.732142e+01,0.000000e+00,0.000000e+00
1.120000e-02,2.999843e+01,1.500157e+01,0.000000e+00,1.732142e+00,0.000000e+00,2.000000e-01,2.500000e-05,0.000000e+00,0.000000e+00,2.999843e+01,0.000000e+00,0.000000e+00,0.000000e+00,0.000000e+00,0.000000e+00,0.000000e+00,0.000000e+00,0.000000e+00,0.000000e+00,0.000000e+00,0.000000e+00,0.000000e+00,0.000000e+00,0.000000e+00,0.000000e+00,0.000000e+00,2.180075e-01,2.999843e+01,0.000000e+00,0.000000e+00,0.000000e+00,0.000000e+00,0.000000e+00,-1.267858e+00,0.000000e+00,2.180075e-01,0.000000e+00,1.732142e+01,0.000000e+00,0.000000e+00
1.122500e-02,2.999843e+01,1.500157e+01,0.000000e+00,1.732142e+00,0.000000e+00,2.000000e-01,2.500000e-05,0.000000e+00,0.000000e+00,2.999843e+01,0.000000e+00,0.000000e+00,0.000000e+00,0.000000e+00,0.000000e+00,0.000000e+00,0.000000e+00,0.000000e+00,0.000000e+00,0.000000e+00,0.000000e+00,0.000000e+00,0.000000e+00,0.000000e+00,0.000000e+00,0.000000e+00,2.184406e-01,2.999843e+01,0.000000e+00,0.000000e+00,0.000000e+00,0.000000e+00,0.000000e+00,-1.267858e+00,0.000000e+00,2.184406e-01,0.000000e+00,1.732142e+01,0.000000e+00,0.000000e+00
1.125000e-02,2.999843e+01,1.500157e+01,0.000000e+00,1.732142e+00,0.000000e+00,2.000000e-01,2.500000e-05,0.000000e+00,0.000000e+00,2.999843e+01,0.000000e+00,0.000000e+00,0.000000e+00,0.000000e+00,0.000000e+00,0.000000e+00,0.000000e+00,0.000000e+00,0.000000e+00,0.000000e+00,0.000000e+00,0.000000e+00,0.000000e+00,0.000000e+00,0.000000e+00,0.000000e+00,2.188736e-01,2.999843e+01,0.000000e+00,0.000000e+00,0.000000e+00,0.000000e+00,0.000000e+00,-1.267858e+00,0.000000e+00,2.188736e-01,0.000000e+00,1.732142e+01,0.000000e+00,0.000000e+00
1.127500e-02,2.999843e+01,1.500157e+01,0.000000e+00,1.732142e+00,0.000000e+00,2.000000e-01,2.500000e-05,0.000000e+00,0.000000e+00,2.999843e+01,0.000000e+00,0.000000e+00,0.000000e+00,0.000000e+00,0.000000e+00,0.000000e+00,0.000000e+00,0.000000e+00,0.000000e+00,0.000000e+00,0.000000e+00,0.000000e+00,0.000000e+00,0.000000e+00,0.000000e+00,0.000000e+00,2.193067e-01,2.999843e+01,0.000000e+00,0.000000e+00,0.000000e+00,0.000000e+00,0.000000e+00,-1.267858e+00,0.000000e+00,2.193067e-01,0.000000e+00,1.732142e+01,0.000000e+00,0.000000e+00
1.130000e-02,2.999843e+01,1.500157e+01,0.000000e+00,1.732142e+00,0.000000e+00,2.000000e-01,2.500000e-05,0.000000e+00,0.000000e+00,2.999843e+01,0.000000e+00,0.000000e+00,0.000000e+00,0.000000e+00,0.000000e+00,0.000000e+00,0.000000e+00,0.000000e+00,0.000000e+00,0.000000e+00,0.000000e+00,0.000000e+00,0.000000e+00,0.000000e+00,0.000000e+00,0.000000e+00,2.197397e-01,2.999843e+01,0.000000e+00,0.000000e+00,0.000000e+00,0.000000e+00,0.000000e+00,-1.267858e+00,0.000000e+00,2.197397e-01,0.000000e+00,1.732142e+01,0.000000e+00,0.000000e+00
1.132500e-02,2.999843e+01,1.500157e+01,0.000000e+00,1.732142e+00,0.000000e+00,2.000000e-01,2.500000e-05,0.000000e+00,0.000000e+00,2.999843e+01,0.000000e+00,0.000000e+00,0.000000e+00,0.000000e+00,0.000000e+00,0.000000e+00,0.000000e+00,0.000000e+00,0.000000e+00,0.000000e+00,0.000000e+00,0.000000e+00,0.000000e+00,0.000000e+00,0.000000e+00,0.000000e+00,2.201727e-01,2.999843e+01,0.000000e+00,0.000000e+00,0.000000e+00,0.000000e+00,0.000000e+00,-1.267858e+00,0.000000e+00,2.201727e-01,0.000000e+00,1.732142e+01,0.000000e+00,0.000000e+00
1.135000e-02,2.999843e+01,1.500157e+01,0.000000e+00,1.732142e+00,0.000000e+00,2.000000e-01,2.500000e-05,0.000000e+00,0.000000e+00,2.999843e+01,0.000000e+00,0.000000e+00,0.000000e+00,0.000000e+00,0.000000e+00,0.000000e+00,0.000000e+00,0.000000e+00,0.000000e+00,0.000000e+00,0.000000e+00,0.000000e+00,0.000000e+00,0.000000e+00,0.000000e+00,0.000000e+00,2.206058e-01,2.999843e+01,0.000000e+00,0.000000e+00,0.000000e+00,0.000000e+00,0.000000e+00,-1.267858e+00,0.000000e+00,2.206058e-01,0.000000e+00,1.732142e+01,0.000000e+00,0.000000e+00
1.137500e-02,2.999843e+01,1.500157e+01,0.000000e+00,1.732142e+00,0.000000e+00,2.000000e-01,2.500000e-05,0.000000e+00,0.000000e+00,2.999843e+01,0.000000e+00,0.000000e+00,0.000000e+00,0.000000e+00,0.000000e+00,0.000000e+00,0.000000e+00,0.000000e+00,0.000000e+00,0.000000e+00,0.000000e+00,0.000000e+00,0.000000e+00,0.000000e+00,0.000000e+00,0.000000e+00,2.210388e-01,2.999843e+01,0.000000e+00,0.000000e+00,0.000000e+00,0.000000e+00,0.000000e+00,-1.267858e+00,0.000000e+00,2.210388e-01,0.000000e+00,1.732142e+01,0.000000e+00,0.000000e+00
1.140000e-02,2.999843e+01,1.500157e+01,0.000000e+00,1.732142e+00,0.000000e+00,2.000000e-01,2.500000e-05,0.000000e+00,0.000000e+00,2.999843e+01,0.000000e+00,0.000000e+00,0.000000e+00,0.000000e+00,0.000000e+00,0.000000e+00,0.000000e+00,0.000000e+00,0.000000e+00,0.000000e+00,0.000000e+00,0.000000e+00,0.000000e+00,0.000000e+00,0.000000e+00,0.000000e+00,2.214718e-01,2.999843e+01,0.000000e+00,0.000000e+00,0.000000e+00,0.000000e+00,0.000000e+00,-1.267858e+00,0.000000e+00,2.214718e-01,0.000000e+00,1.732142e+01,0.000000e+00,0.000000e+00
1.142500e-02,2.999843e+01,1.500157e+01,0.000000e+00,1.732142e+00,0.000000e+00,2.000000e-01,2.500000e-05,0.000000e+00,0.000000e+00,2.999843e+01,0.000000e+00,0.000000e+00,0.000000e+00,0.000000e+00,0.000000e+00,0.000000e+00,0.000000e+00,0.000000e+00,0.000000e+00,0.000000e+00,0.000000e+00,0.000000e+00,0.000000e+00,0.000000e+00,0.000000e+00,0.000000e+00,2.219049e-01,2.999843e+01,0.000000e+00,0.000000e+00,0.000000e+00,0.000000e+00,0.000000e+00,-1.267858e+00,0.000000e+00,2.219049e-01,0.000000e+00,1.732142e+01,0.000000e+00,0.000000e+00
1.145000e-02,2.999843e+01,1.500157e+01,0.000000e+00,1.732142e+00,0.000000e+00,2.000000e-01,2.500000e-05,0.000000e+00,0.000000e+00,2.999843e+01,0.000000e+00,0.000000e+00,0.000000e+00,0.000000e+00,0.000000e+00,0.000000e+00,0.000000e+00,0.000000e+00,0.000000e+00,0.000000e+00,0.000000e+00,0.000000e+00,0.000000e+00,0.000000e+00,0.000000e+00,0.000000e+00,2.223379e-01,2.999843e+01,0.000000e+00,0.000000e+00,0.000000e+00,0.000000e+00,0.000000e+00,-1.267858e+00,0.000000e+00,2.223379e-01,0.000000e+00,1.732142e+01,0.000000e+00,0.000000e+00
1.147500e-02,2.999843e+01,1.500157e+01,0.000000e+00,1.732142e+00,0.000000e+00,2.000000e-01,2.500000e-05,0.000000e+00,0.000000e+00,2.999843e+01,0.000000e+00,0.000000e+00,0.000000e+00,0.000000e+00,0.000000e+00,0.000000e+00,0.000000e+00,0.000000e+00,0.000000e+00,0.000000e+00,0.000000e+00,0.000000e+00,0.000000e+00,0.000000e+00,0.000000e+00,0.000000e+00,2.227709e-01,2.999843e+01,0.000000e+00,0.000000e+00,0.000000e+00,0.000000e+00,0.000000e+00,-1.267858e+00,0.000000e+00,2.227709e-01,0.000000e+00,1.732142e+01,0.000000e+00,0.000000e+00
1.150000e-02,2.999843e+01,1.500157e+01,0.000000e+00,1.732142e+00,0.000000e+00,2.000000e-01,2.500000e-05,0.000000e+00,0.000000e+00,2.999843e+01,0.000000e+00,0.000000e+00,0.000000e+00,0.000000e+00,0.000000e+00,0.000000e+00,0.000000e+00,0.000000e+00,0.000000e+00,0.000000e+00,0.000000e+00,0.000000e+00,0.000000e+00,0.000000e+00,0.000000e+00,0.000000e+00,2.232040e-01,2.999843e+01,0.000000e+00,0.000000e+00,0.000000e+00,0.000000e+00,0.000000e+00,-1.267858e+00,0.000000e+00,2.232040e-01,0.000000e+00,1.732142e+01,0.000000e+00,0.000000e+00
1.152500e-02,2.999843e+01,1.500157e+01,0.000000e+00,1.732142e+00,0.000000e+00,2.000000e-01,2.500000e-05,0.000000e+00,0.000000e+00,2.999843e+01,0.000000e+00,0.000000e+00,0.000000e+00,0.000000e+00,0.000000e+00,0.000000e+00,0.000000e+00,0.000000e+00,0.000000e+00,0.000000e+00,0.000000e+00,0.000000e+00,0.000000e+00,0.000000e+00,0.000000e+00,0.000000e+00,2.236370e-01,2.999843e+01,0.000000e+00,0.000000e+00,0.000000e+00,0.000000e+00,0.000000e+00,-1.267858e+00,0.000000e+00,2.236370e-01,0.000000e+00,1.732142e+01,0.000000e+00,0.000000e+00
1.155000e-02,2.999843e+01,1.500157e+01,0.000000e+00,1.732142e+00,0.000000e+00,2.000000e-01,2.500000e-05,0.000000e+00,0.000000e+00,2.999843e+01,0.000000e+00,0.000000e+00,0.000000e+00,0.000000e+00,0.000000e+00,0.000000e+00,0.000000e+00,0.000000e+00,0.000000e+00,0.000000e+00,0.000000e+00,0.000000e+00,0.000000e+00,0.000000e+00,0.000000e+00,0.000000e+00,2.240701e-01,2.999843e+01,0.000000e+00,0.000000e+00,0.000000e+00,0.000000e+00,0.000000e+00,-1.267858e+00,0.000000e+00,2.240701e-01,0.000000e+00,1.732142e+01,0.000000e+00,0.000000e+00
1.157500e-02,2.999843e+01,1.500157e+01,0.000000e+00,1.732142e+00,0.000000e+00,2.000000e-01,2.500000e-05,0.000000e+00,0.000000e+00,2.999843e+01,0.000000e+00,0.000000e+00,0.000000e+00,0.000000e+00,0.000000e+00,0.000000e+00,0.000000e+00,0.000000e+00,0.000000e+00,0.000000e+00,0.000000e+00,0.000000e+00,0.000000e+00,0.000000e+00,0.000000e+00,0.000000e+00,2.245031e-01,2.999843e+01,0.000000e+00,0.000000e+00,0.000000e+00,0.000000e+00,0.000000e+00,-1.267858e+00,0.000000e+00,2.245031e-01,0.000000e+00,1.732142e+01,0.000000e+00,0.000000e+00
1.160000e-02,2.999843e+01,1.500157e+01,0.000000e+00,1.732142e+00,0.000000e+00,2.000000e-01,2.500000e-05,0.000000e+00,0.000000e+00,2.999843e+01,0.000000e+00,0.000000e+00,0.000000e+00,0.000000e+00,0.000000e+00,0.000000e+00,0.000000e+00,0.000000e+00,0.000000e+00,0.000000e+00,0.000000e+00,0.000000e+00,0.000000e+00,0.000000e+00,0.000000e+00,0.000000e+00,2.249361e-01,2.999843e+01,0.000000e+00,0.000000e+00,0.000000e+00,0.000000e+00,0.000000e+00,-1.267858e+00,0.000000e+00,2.249361e-01,0.000000e+00,1.732142e+01,0.000000e+00,0.000000e+00
1.162500e-02,2.999843e+01,1.500157e+01,0.000000e+00,1.732142e+00,0.000000e+00,2.000000e-01,2.500000e-05,0.000000e+00,0.000000e+00,2.999843e+01,0.000000e+00,0.000000e+00,0.000000e+00,0.000000e+00,0.000000e+00,0.000000e+00,0.000000e+00,0.000000e+00,0.000000e+00,0.000000e+00,0.000000e+00,0.000000e+00,0.000000e+00,0.000000e+00,0.000000e+00,0.000000e+00,2.253692e-01,2.999843e+01,0.000000e+00,0.000000e+00,0.000000e+00,0.000000e+00,0.000000e+00,-1.267858e+00,0.000000e+00,2.253692e-01,0.000000e+00,1.732142e+01,0.000000e+00,0.000000e+00
1.165000e-02,2.999843e+01,1.500157e+01,0.000000e+00,1.732142e+00,0.000000e+00,2.000000e-01,2.500000e-05,0.000000e+00,0.000000e+00,2.999843e+01,0.000000e+00,0.000000e+00,0.000000e+00,0.000000e+00,0.000000e+00,0.000000e+00,0.000000e+00,0.000000e+00,0.000000e+00,0.000000e+00,0.000000e+00,0.000000e+00,0.000000e+00,0.000000e+00,0.000000e+00,0.000000e+00,2.258022e-01,2.999843e+01,0.000000e+00,0.000000e+00,0.000000e+00,0.000000e+00,0.000000e+00,-1.267858e+00,0.000000e+00,2.258022e-01,0.000000e+00,1.732142e+01,0.000000e+00,0.000000e+00
1.167500e-02,2.999843e+01,1.500157e+01,0.000000e+00,1.732142e+00,0.000000e+00,2.000000e-01,2.500000e-05,0.000000e+00,0.000000e+00,2.999843e+01,0.000000e+00,0.000000e+00,0.000000e+00,0.000000e+00,0.000000e+00,0.000000e+00,0.000000e+00,0.000000e+00,0.000000e+00,0.000000e+00,0.000000e+00,0.000000e+00,0.000000e+00,0.000000e+00,0.000000e+00,0.000000e+00,2.262352e-01,2.999843e+01,0.000000e+00,0.000000e+00,0.000000e+00,0.000000e+00,0.000000e+00,-1.267858e+00,0.000000e+00,2.262352e-01,0.000000e+00,1.732142e+01,0.000000e+00,0.000000e+00
1.170000e-02,2.999843e+01,1.500157e+01,0.000000e+00,1.732142e+00,0.000000e+00,2.000000e-01,2.500000e-05,0.000000e+00,0.000000e+00,2.999843e+01,0.000000e+00,0.000000e+00,0.000000e+00,0.000000e+00,0.000000e+00,0.000000e+00,0.000000e+00,0.000000e+00,0.000000e+00,0.000000e+00,0.000000e+00,0.000000e+00,0.000000e+00,0.000000e+00,0.000000e+00,0.000000e+00,2.266683e-01,2.999843e+01,0.000000e+00,0.000000e+00,0.000000e+00,0.000000e+00,0.000000e+00,-1.267858e+00,0.000000e+00,2.266683e-01,0.000000e+00,1.732142e+01,0.000000e+00,0.000000e+00
1.172500e-02,2.999843e+01,1.500157e+01,0.000000e+00,1.732142e+00,0.000000e+00,2.000000e-01,2.500000e-05,0.000000e+00,0.000000e+00,2.999843e+01,0.000000e+00,0.000000e+00,0.000000e+00,0.000000e+00,0.000000e+00,0.000000e+00,0.000000e+00,0.000000e+00,0.000000e+00,0.000000e+00,0.000000e+00,0.000000e+00,0.000000e+00,0.000000e+00,0.000000e+00,0.000000e+00,2.271013e-01,2.999843e+01,0.000000e+00,0.000000e+00,0.000000e+00,0.000000e+00,0.000000e+00,-1.267858e+00,0.000000e+00,2.271013e-01,0.000000e+00,1.732142e+01,0.000000e+00,0.000000e+00
1.175000e-02,2.999843e+01,1.500157e+01,0.000000e+00,1.732142e+00,0.000000e+00,2.000000e-01,2.500000e-05,0.000000e+00,0.000000e+00,2.999843e+01,0.000000e+00,0.000000e+00,0.000000e+00,0.000000e+00,0.000000e+00,0.000000e+00,0.000000e+00,0.000000e+00,0.000000e+00,0.000000e+00,0.000000e+00,0.000000e+00,0.000000e+00,0.000000e+00,0.000000e+00,0.000000e+00,2.275343e-01,2.999843e+01,0.000000e+00,0.000000e+00,0.000000e+00,0.000000e+00,0.000000e+00,-1.267858e+00,0.000000e+00,2.275343e-01,0.000000e+00,1.732142e+01,0.000000e+00,0.000000e+00
1.177500e-02,2.999843e+01,1.500157e+01,0.000000e+00,1.732142e+00,0.000000e+00,2.000000e-01,2.500000e-05,0.000000e+00,0.000000e+00,2.999843e+01,0.000000e+00,0.000000e+00,0.000000e+00,0.000000e+00,0.000000e+00,0.000000e+00,0.000000e+00,0.000000e+00,0.000000e+00,0.000000e+00,0.000000e+00,0.000000e+00,0.000000e+00,0.000000e+00,0.000000e+00,0.000000e+00,2.279674e-01,2.999843e+01,0.000000e+00,0.000000e+00,0.000000e+00,0.000000e+00,0.000000e+00,-1.267858e+00,0.000000e+00,2.279674e-01,0.000000e+00,1.732142e+01,0.000000e+00,0.000000e+00
1.180000e-02,2.999843e+01,1.500157e+01,0.000000e+00,1.732142e+00,0.000000e+00,2.000000e-01,2.500000e-05,0.000000e+00,0.000000e+00,2.999843e+01,0.000000e+00,0.000000e+00,0.000000e+00,0.000000e+00,0.000000e+00,0.000000e+00,0.000000e+00,0.000000e+00,0.000000e+00,0.000000e+00,0.000000e+00,0.000000e+00,0.000000e+00,0.000000e+00,0.000000e+00,0.000000e+00,2.284004e-01,2.999843e+01,0.000000e+00,0.000000e+00,0.000000e+00,0.000000e+00,0.000000e+00,-1.267858e+00,0.000000e+00,2.284004e-01,0.000000e+00,1.732142e+01,0.000000e+00,0.000000e+00
1.182500e-02,2.999843e+01,1.500157e+01,0.000000e+00,1.732142e+00,0.000000e+00,2.000000e-01,2.500000e-05,0.000000e+00,0.000000e+00,2.999843e+01,0.000000e+00,0.000000e+00,0.000000e+00,0.000000e+00,0.000000e+00,0.000000e+00,0.000000e+00,0.000000e+00,0.000000e+00,0.000000e+00,0.000000e+00,0.000000e+00,0.000000e+00,0.000000e+00,0.000000e+00,0.000000e+00,2.288334e-01,2.999843e+01,0.000000e+00,0.000000e+00,0.000000e+00,0.000000e+00,0.000000e+00,-1.267858e+00,0.000000e+00,2.288334e-01,0.000000e+00,1.732142e+01,0.000000e+00,0.000000e+00
1.185000e-02,2.999843e+01,1.500157e+01,0.000000e+00,1.732142e+00,0.000000e+00,2.000000e-01,2.500000e-05,0.000000e+00,0.000000e+00,2.999843e+01,0.000000e+00,0.000000e+00,0.000000e+00,0.000000e+00,0.000000e+00,0.000000e+00,0.000000e+00,0.000000e+00,0.000000e+00,0.000000e+00,0.000000e+00,0.000000e+00,0.000000e+00,0.000000e+00,0.000000e+00,0.000000e+00,2.292665e-01,2.999843e+01,0.000000e+00,0.000000e+00,0.000000e+00,0.000000e+00,0.000000e+00,-1.267858e+00,0.000000e+00,2.292665e-01,0.000000e+00,1.732142e+01,0.000000e+00,0.000000e+00
1.187500e-02,2.999843e+01,1.500157e+01,0.000000e+00,1.732142e+00,0.000000e+00,2.000000e-01,2.500000e-05,0.000000e+00,0.000000e+00,2.999843e+01,0.000000e+00,0.000000e+00,0.000000e+00,0.000000e+00,0.000000e+00,0.000000e+00,0.000000e+00,0.000000e+00,0.000000e+00,0.000000e+00,0.000000e+00,0.000000e+00,0.000000e+00,0.000000e+00,0.000000e+00,0.000000e+00,2.296995e-01,2.999843e+01,0.000000e+00,0.000000e+00,0.000000e+00,0.000000e+00,0.000000e+00,-1.267858e+00,0.000000e+00,2.296995e-01,0.000000e+00,1.732142e+01,0.000000e+00,0.000000e+00
1.190000e-02,2.999843e+01,1.500157e+01,0.000000e+00,1.732142e+00,0.000000e+00,2.000000e-01,2.500000e-05,0.000000e+00,0.000000e+00,2.999843e+01,0.000000e+00,0.000000e+00,0.000000e+00,0.000000e+00,0.000000e+00,0.000000e+00,0.000000e+00,0.000000e+00,0.000000e+00,0.000000e+00,0.000000e+00,0.000000e+00,0.000000e+00,0.000000e+00,0.000000e+00,0.000000e+00,2.301326e-01,2.999843e+01,0.000000e+00,0.000000e+00,0.000000e+00,0.000000e+00,0.000000e+00,-1.267858e+00,0.000000e+00,2.301326e-01,0.000000e+00,1.732142e+01,0.000000e+00,0.000000e+00
1.192500e-02,2.999843e+01,1.500157e+01,0.000000e+00,1.732142e+00,0.000000e+00,2.000000e-01,2.500000e-05,0.000000e+00,0.000000e+00,2.999843e+01,0.000000e+00,0.000000e+00,0.000000e+00,0.000000e+00,0.000000e+00,0.000000e+00,0.000000e+00,0.000000e+00,0.000000e+00,0.000000e+00,0.000000e+00,0.000000e+00,0.000000e+00,0.000000e+00,0.000000e+00,0.000000e+00,2.305656e-01,2.999843e+01,0.000000e+00,0.000000e+00,0.000000e+00,0.000000e+00,0.000000e+00,-1.267858e+00,0.000000e+00,2.305656e-01,0.000000e+00,1.732142e+01,0.000000e+00,0.000000e+00
1.195000e-02,2.999843e+01,1.500157e+01,0.000000e+00,1.732142e+00,0.000000e+00,2.000000e-01,2.500000e-05,0.000000e+00,0.000000e+00,2.999843e+01,0.000000e+00,0.000000e+00,0.000000e+00,0.000000e+00,0.000000e+00,0.000000e+00,0.000000e+00,0.000000e+00,0.000000e+00,0.000000e+00,0.000000e+00,0.000000e+00,0.000000e+00,0.000000e+00,0.000000e+00,0.000000e+00,2.309986e-01,2.999843e+01,0.000000e+00,0.000000e+00,0.000000e+00,0.000000e+00,0.000000e+00,-1.267858e+00,0.000000e+00,2.309986e-01,0.000000e+00,1.732142e+01,0.000000e+00,0.000000e+00
1.197500e-02,2.999843e+01,1.500157e+01,0.000000e+00,1.732142e+00,0.000000e+00,2.000000e-01,2.500000e-05,0.000000e+00,0.000000e+00,2.999843e+01,0.000000e+00,0.000000e+00,0.000000e+00,0.000000e+00,0.000000e+00,0.000000e+00,0.000000e+00,0.000000e+00,0.000000e+00,0.000000e+00,0.000000e+00,0.000000e+00,0.000000e+00,0.000000e+00,0.000000e+00,0.000000e+00,2.314316e-01,2.999843e+01,0.000000e+00,0.000000e+00,0.000000e+00,0.000000e+00,0.000000e+00,-1.267858e+00,0.000000e+00,2.314316e-01,0.000000e+00,1.732142e+01,0.000000e+00,0.000000e+00
