"time","INTERNAL ENERGY","KINETIC ENERGY","X-MOMENTUM","Y-MOMENTUM","Z-MOMENTUM","MASS","TIME STEP","ROTATION ENERGY","EXTERNAL WORK","SPRING ENERGY","CONTACT ENERGY","HOURGLASS ENERGY","ELASTIC CONTACT ENERGY","FRICTIONAL CONTACT ENERGY","DAMPING CONTACT ENERGY ","PLASTIC WORK","ADDED MASS","PERCENTAGE ADDED MASS","INLET MASS","OUTLET MASS","INLET ENERGY","OUTLET ENERGY","INDEPENDENT_REFERENCE_TRIANGLE            IE ","INDEPENDENT_REFERENCE_TRIANGLE            KE ","INDEPENDENT_REFERENCE_TRIANGLE            HE ","INDEPENDENT_REFERENCE_TRIANGLE            PW ",
0.000000e+00,0.000000e+00,0.000000e+00,0.000000e+00,0.000000e+00,0.000000e+00,9.963000e+01,2.500000e-05,0.000000e+00,0.000000e+00,0.000000e+00,0.000000e+00,0.000000e+00,0.000000e+00,0.000000e+00,0.000000e+00,0.000000e+00,0.000000e+00,0.000000e+00,0.000000e+00,0.000000e+00,0.000000e+00,0.000000e+00,0.000000e+00,0.000000e+00,0.000000e+00,0.000000e+00
1.025000e-03,1.314608e-08,1.331778e-04,4.702571e-02,9.405141e-02,0.000000e+00,9.963000e+01,2.500000e-05,0.000000e+00,1.331909e-04,0.000000e+00,0.000000e+00,0.000000e+00,0.000000e+00,0.000000e+00,0.000000e+00,0.000000e+00,0.000000e+00,0.000000e+00,0.000000e+00,0.000000e+00,0.000000e+00,0.000000e+00,1.314608e-08,9.907127e-04,1.586215e-26,0.000000e+00
2.000000e-03,1.896309e-07,4.822653e-04,8.948751e-02,1.789750e-01,0.000000e+00,9.963000e+01,2.500000e-05,0.000000e+00,4.827552e-04,0.000000e+00,0.000000e+00,0.000000e+00,0.000000e+00,0.000000e+00,0.000000e+00,0.000000e+00,0.000000e+00,0.000000e+00,0.000000e+00,0.000000e+00,0.000000e+00,0.000000e+00,1.896309e-07,3.410796e-03,1.172328e-25,0.000000e+00
3.025000e-03,9.914559e-07,1.119213e-03,1.363251e-01,2.726502e-01,0.000000e+00,9.963000e+01,2.500000e-05,0.000000e+00,1.120204e-03,0.000000e+00,0.000000e+00,0.000000e+00,0.000000e+00,0.000000e+00,0.000000e+00,0.000000e+00,0.000000e+00,0.000000e+00,0.000000e+00,0.000000e+00,0.000000e+00,0.000000e+00,9.914559e-07,8.325850e-03,4.054023e-25,0.000000e+00
4.025000e-03,3.102971e-06,1.969479e-03,1.808403e-01,3.616805e-01,0.000000e+00,9.963000e+01,2.500000e-05,0.000000e+00,1.972582e-03,0.000000e+00,0.000000e+00,0.000000e+00,0.000000e+00,0.000000e+00,0.000000e+00,0.000000e+00,0.000000e+00,0.000000e+00,0.000000e+00,0.000000e+00,0.000000e+00,0.000000e+00,3.102971e-06,1.465100e-02,9.534317e-25,0.000000e+00
5.025000e-03,7.527343e-06,3.055987e-03,2.252658e-01,4.505316e-01,0.000000e+00,9.963000e+01,2.500000e-05,0.000000e+00,3.063515e-03,0.000000e+00,0.000000e+00,0.000000e+00,0.000000e+00,0.000000e+00,0.000000e+00,0.000000e+00,0.000000e+00,0.000000e+00,0.000000e+00,0.000000e+00,0.000000e+00,0.000000e+00,7.527343e-06,2.273357e-02,1.852322e-24,0.000000e+00
6.025000e-03,1.553549e-05,4.377298e-03,2.696016e-01,5.392032e-01,0.000000e+00,9.963000e+01,2.500000e-05,0.000000e+00,4.392833e-03,0.000000e+00,0.000000e+00,0.000000e+00,0.000000e+00,0.000000e+00,0.000000e+00,0.000000e+00,0.000000e+00,0.000000e+00,0.000000e+00,0.000000e+00,0.000000e+00,0.000000e+00,1.553549e-05,3.256283e-02,3.187932e-24,0.000000e+00
7.025000e-03,2.867402e-05,5.931975e-03,3.138478e-01,6.276956e-01,0.000000e+00,9.963000e+01,2.500000e-05,0.000000e+00,5.960649e-03,0.000000e+00,0.000000e+00,0.000000e+00,0.000000e+00,0.000000e+00,0.000000e+00,0.000000e+00,0.000000e+00,0.000000e+00,0.000000e+00,0.000000e+00,0.000000e+00,0.000000e+00,2.867402e-05,4.412811e-02,5.045597e-24,0.000000e+00
8.025000e-03,4.876338e-05,7.718585e-03,3.580043e-01,7.160087e-01,0.000000e+00,9.963000e+01,2.500000e-05,0.000000e+00,7.767349e-03,0.000000e+00,0.000000e+00,0.000000e+00,0.000000e+00,0.000000e+00,0.000000e+00,0.000000e+00,0.000000e+00,0.000000e+00,0.000000e+00,0.000000e+00,0.000000e+00,0.000000e+00,4.876338e-05,5.741874e-02,7.510129e-24,0.000000e+00
9.000000e-03,7.703550e-05,9.629383e-03,3.998699e-01,7.997397e-01,0.000000e+00,9.963000e+01,2.500000e-05,0.000000e+00,9.706712e-03,0.000000e+00,0.000000e+00,0.000000e+00,0.000000e+00,0.000000e+00,0.000000e+00,0.000000e+00,0.000000e+00,0.000000e+00,0.000000e+00,0.000000e+00,0.000000e+00,0.000000e+00,7.703550e-05,7.084668e-02,1.057710e-23,0.000000e+00
1.000000e-02,1.172568e-04,1.186415e-02,4.438515e-01,8.877031e-01,0.000000e+00,9.963000e+01,2.500000e-05,0.000000e+00,1.198170e-02,0.000000e+00,0.000000e+00,0.000000e+00,0.000000e+00,0.000000e+00,0.000000e+00,0.000000e+00,0.000000e+00,0.000000e+00,0.000000e+00,0.000000e+00,0.000000e+00,0.000000e+00,1.172568e-04,8.738618e-02,1.448725e-23,0.000000e+00
1.100000e-02,1.714454e-04,1.432663e-02,4.877435e-01,9.754870e-01,0.000000e+00,9.963000e+01,2.500000e-05,0.000000e+00,1.449837e-02,0.000000e+00,0.000000e+00,0.000000e+00,0.000000e+00,0.000000e+00,0.000000e+00,0.000000e+00,0.000000e+00,0.000000e+00,0.000000e+00,0.000000e+00,0.000000e+00,0.000000e+00,1.714454e-04,1.056202e-01,1.925350e-23,0.000000e+00
1.200000e-02,2.424914e-04,1.701541e-02,5.315458e-01,1.063092e+00,0.000000e+00,9.963000e+01,2.500000e-05,0.000000e+00,1.725820e-02,0.000000e+00,0.000000e+00,0.000000e+00,0.000000e+00,0.000000e+00,0.000000e+00,0.000000e+00,0.000000e+00,0.000000e+00,0.000000e+00,0.000000e+00,0.000000e+00,0.000000e+00,2.424914e-04,1.255382e-01,2.495859e-23,0.000000e+00
1.300000e-02,3.335500e-04,1.992908e-02,5.752585e-01,1.150517e+00,0.000000e+00,9.963000e+01,2.500000e-05,0.000000e+00,2.026292e-02,0.000000e+00,0.000000e+00,0.000000e+00,0.000000e+00,0.000000e+00,0.000000e+00,0.000000e+00,0.000000e+00,0.000000e+00,0.000000e+00,0.000000e+00,0.000000e+00,0.000000e+00,3.335500e-04,1.471296e-01,3.168476e-23,0.000000e+00
1.400000e-02,4.480385e-04,2.306620e-02,6.188815e-01,1.237763e+00,0.000000e+00,9.963000e+01,2.500000e-05,0.000000e+00,2.351453e-02,0.000000e+00,0.000000e+00,0.000000e+00,0.000000e+00,0.000000e+00,0.000000e+00,0.000000e+00,0.000000e+00,0.000000e+00,0.000000e+00,0.000000e+00,0.000000e+00,0.000000e+00,4.480385e-04,1.703839e-01,3.951370e-23,0.000000e+00
1.500000e-02,5.896354e-04,2.642538e-02,6.624148e-01,1.324830e+00,0.000000e+00,9.963000e+01,2.500000e-05,0.000000e+00,2.701530e-02,0.000000e+00,0.000000e+00,0.000000e+00,0.000000e+00,0.000000e+00,0.000000e+00,0.000000e+00,0.000000e+00,0.000000e+00,0.000000e+00,0.000000e+00,0.000000e+00,0.000000e+00,5.896354e-04,1.952906e-01,4.852661e-23,0.000000e+00
1.600000e-02,7.622780e-04,3.000519e-02,7.058585e-01,1.411717e+00,0.000000e+00,9.963000e+01,2.500000e-05,0.000000e+00,3.076776e-02,0.000000e+00,0.000000e+00,0.000000e+00,0.000000e+00,0.000000e+00,0.000000e+00,0.000000e+00,0.000000e+00,0.000000e+00,0.000000e+00,0.000000e+00,0.000000e+00,0.000000e+00,7.622780e-04,2.218391e-01,5.880417e-23,0.000000e+00
1.700000e-02,9.701606e-04,3.380423e-02,7.492125e-01,1.498425e+00,0.000000e+00,9.963000e+01,2.500000e-05,0.000000e+00,3.477469e-02,0.000000e+00,0.000000e+00,0.000000e+00,0.000000e+00,0.000000e+00,0.000000e+00,0.000000e+00,0.000000e+00,0.000000e+00,0.000000e+00,0.000000e+00,0.000000e+00,0.000000e+00,9.701606e-04,2.500190e-01,7.042655e-23,0.000000e+00
1.800000e-02,1.217733e-03,3.782111e-02,7.924768e-01,1.584954e+00,0.000000e+00,9.963000e+01,2.500000e-05,0.000000e+00,3.903913e-02,0.000000e+00,0.000000e+00,0.000000e+00,0.000000e+00,0.000000e+00,0.000000e+00,0.000000e+00,0.000000e+00,0.000000e+00,0.000000e+00,0.000000e+00,0.000000e+00,0.000000e+00,1.217733e-03,2.798198e-01,8.347340e-23,0.000000e+00
1.900000e-02,1.509698e-03,4.205440e-02,8.356515e-01,1.671303e+00,0.000000e+00,9.963000e+01,2.500000e-05,0.000000e+00,4.356439e-02,0.000000e+00,0.000000e+00,0.000000e+00,0.000000e+00,0.000000e+00,0.000000e+00,0.000000e+00,0.000000e+00,0.000000e+00,0.000000e+00,0.000000e+00,0.000000e+00,0.000000e+00,1.509698e-03,3.112312e-01,9.802386e-23,0.000000e+00
2.000000e-02,1.851011e-03,4.650272e-02,8.787365e-01,1.757473e+00,0.000000e+00,9.963000e+01,2.500000e-05,0.000000e+00,4.835403e-02,0.000000e+00,0.000000e+00,0.000000e+00,0.000000e+00,0.000000e+00,0.000000e+00,0.000000e+00,0.000000e+00,0.000000e+00,0.000000e+00,0.000000e+00,0.000000e+00,0.000000e+00,1.851011e-03,3.442426e-01,1.141566e-22,0.000000e+00
2.100000e-02,2.246877e-03,5.116468e-02,9.217318e-01,1.843464e+00,0.000000e+00,9.963000e+01,2.500000e-05,0.000000e+00,5.341185e-02,0.000000e+00,0.000000e+00,0.000000e+00,0.000000e+00,0.000000e+00,0.000000e+00,0.000000e+00,0.000000e+00,0.000000e+00,0.000000e+00,0.000000e+00,0.000000e+00,0.000000e+00,2.246877e-03,3.788438e-01,1.319496e-22,0.000000e+00
2.200000e-02,2.702747e-03,5.603887e-02,9.646375e-01,1.929275e+00,0.000000e+00,9.963000e+01,2.500000e-05,0.000000e+00,5.874190e-02,0.000000e+00,0.000000e+00,0.000000e+00,0.000000e+00,0.000000e+00,0.000000e+00,0.000000e+00,0.000000e+00,0.000000e+00,0.000000e+00,0.000000e+00,0.000000e+00,0.000000e+00,2.702747e-03,4.150243e-01,1.514806e-22,0.000000e+00
2.300000e-02,3.224320e-03,6.112390e-02,1.007453e+00,2.014907e+00,0.000000e+00,9.963000e+01,2.500000e-05,0.000000e+00,6.434852e-02,0.000000e+00,0.000000e+00,0.000000e+00,0.000000e+00,0.000000e+00,0.000000e+00,0.000000e+00,0.000000e+00,0.000000e+00,0.000000e+00,0.000000e+00,0.000000e+00,0.000000e+00,3.224320e-03,4.527738e-01,1.728268e-22,0.000000e+00
2.400000e-02,3.817539e-03,6.641840e-02,1.050180e+00,2.100360e+00,0.000000e+00,9.963000e+01,2.500000e-05,0.000000e+00,7.023623e-02,0.000000e+00,0.000000e+00,0.000000e+00,0.000000e+00,0.000000e+00,0.000000e+00,0.000000e+00,0.000000e+00,0.000000e+00,0.000000e+00,0.000000e+00,0.000000e+00,0.000000e+00,3.817539e-03,4.920821e-01,1.960645e-22,0.000000e+00
2.500000e-02,4.488589e-03,7.192098e-02,1.092816e+00,2.185633e+00,0.000000e+00,9.963000e+01,2.500000e-05,0.000000e+00,7.640985e-02,0.000000e+00,0.000000e+00,0.000000e+00,0.000000e+00,0.000000e+00,0.000000e+00,0.000000e+00,0.000000e+00,0.000000e+00,0.000000e+00,0.000000e+00,0.000000e+00,0.000000e+00,4.488589e-03,5.329387e-01,2.212701e-22,0.000000e+00
2.600000e-02,5.243897e-03,7.763024e-02,1.135363e+00,2.270727e+00,0.000000e+00,9.963000e+01,2.500000e-05,0.000000e+00,8.287442e-02,0.000000e+00,0.000000e+00,0.000000e+00,0.000000e+00,0.000000e+00,0.000000e+00,0.000000e+00,0.000000e+00,0.000000e+00,0.000000e+00,0.000000e+00,0.000000e+00,0.000000e+00,5.243897e-03,5.753334e-01,2.485191e-22,0.000000e+00
2.700000e-02,6.090127e-03,8.354482e-02,1.177821e+00,2.355642e+00,0.000000e+00,9.963000e+01,2.500000e-05,0.000000e+00,8.963524e-02,0.000000e+00,0.000000e+00,0.000000e+00,0.000000e+00,0.000000e+00,0.000000e+00,0.000000e+00,0.000000e+00,0.000000e+00,0.000000e+00,0.000000e+00,0.000000e+00,0.000000e+00,6.090127e-03,6.192560e-01,2.778864e-22,0.000000e+00
2.800000e-02,7.034182e-03,8.966334e-02,1.220188e+00,2.440377e+00,0.000000e+00,9.963000e+01,2.500000e-05,0.000000e+00,9.669781e-02,0.000000e+00,0.000000e+00,0.000000e+00,0.000000e+00,0.000000e+00,0.000000e+00,0.000000e+00,0.000000e+00,0.000000e+00,0.000000e+00,0.000000e+00,0.000000e+00,0.000000e+00,7.034182e-03,6.646962e-01,3.094469e-22,0.000000e+00
2.900000e-02,8.083198e-03,9.598443e-02,1.262466e+00,2.524933e+00,0.000000e+00,9.963000e+01,2.500000e-05,0.000000e+00,1.040679e-01,0.000000e+00,0.000000e+00,0.000000e+00,0.000000e+00,0.000000e+00,0.000000e+00,0.000000e+00,0.000000e+00,0.000000e+00,0.000000e+00,0.000000e+00,0.000000e+00,0.000000e+00,8.083198e-03,7.116438e-01,3.432744e-22,0.000000e+00
3.000000e-02,9.244546e-03,1.025067e-01,1.304655e+00,2.609309e+00,0.000000e+00,9.963000e+01,2.500000e-05,0.000000e+00,1.117515e-01,0.000000e+00,0.000000e+00,0.000000e+00,0.000000e+00,0.000000e+00,0.000000e+00,0.000000e+00,0.000000e+00,0.000000e+00,0.000000e+00,0.000000e+00,0.000000e+00,0.000000e+00,9.244546e-03,7.600887e-01,3.794427e-22,0.000000e+00
3.100000e-02,1.052583e-02,1.092288e-01,1.346753e+00,2.693507e+00,0.000000e+00,9.963000e+01,2.500000e-05,0.000000e+00,1.197549e-01,0.000000e+00,0.000000e+00,0.000000e+00,0.000000e+00,0.000000e+00,0.000000e+00,0.000000e+00,0.000000e+00,0.000000e+00,0.000000e+00,0.000000e+00,0.000000e+00,0.000000e+00,1.052583e-02,8.100206e-01,4.180248e-22,0.000000e+00
3.200000e-02,1.193488e-02,1.161494e-01,1.388762e+00,2.777525e+00,0.000000e+00,9.963000e+01,2.500000e-05,0.000000e+00,1.280846e-01,0.000000e+00,0.000000e+00,0.000000e+00,0.000000e+00,0.000000e+00,0.000000e+00,0.000000e+00,0.000000e+00,0.000000e+00,0.000000e+00,0.000000e+00,0.000000e+00,0.000000e+00,1.193488e-02,8.614294e-01,4.590932e-22,0.000000e+00
3.300000e-02,1.347975e-02,1.232671e-01,1.430682e+00,2.861363e+00,0.000000e+00,9.963000e+01,2.500000e-05,0.000000e+00,1.367471e-01,0.000000e+00,0.000000e+00,0.000000e+00,0.000000e+00,0.000000e+00,0.000000e+00,0.000000e+00,0.000000e+00,0.000000e+00,0.000000e+00,0.000000e+00,0.000000e+00,0.000000e+00,1.347975e-02,9.143049e-01,5.027202e-22,0.000000e+00
3.400000e-02,1.516874e-02,1.305805e-01,1.472511e+00,2.945023e+00,0.000000e+00,9.963000e+01,2.500000e-05,0.000000e+00,1.457496e-01,0.000000e+00,0.000000e+00,0.000000e+00,0.000000e+00,0.000000e+00,0.000000e+00,0.000000e+00,0.000000e+00,0.000000e+00,0.000000e+00,0.000000e+00,0.000000e+00,0.000000e+00,1.516874e-02,9.686372e-01,5.489772e-22,0.000000e+00
3.500000e-02,1.701036e-02,1.380883e-01,1.514251e+00,3.028503e+00,0.000000e+00,9.963000e+01,2.500000e-05,0.000000e+00,1.550990e-01,0.000000e+00,0.000000e+00,0.000000e+00,0.000000e+00,0.000000e+00,0.000000e+00,0.000000e+00,0.000000e+00,0.000000e+00,0.000000e+00,0.000000e+00,0.000000e+00,0.000000e+00,1.701036e-02,1.024416e+00,5.979354e-22,0.000000e+00
3.600000e-02,1.901333e-02,1.457892e-01,1.555902e+00,3.111803e+00,0.000000e+00,9.963000e+01,2.500000e-05,0.000000e+00,1.648028e-01,0.000000e+00,0.000000e+00,0.000000e+00,0.000000e+00,0.000000e+00,0.000000e+00,0.000000e+00,0.000000e+00,0.000000e+00,0.000000e+00,0.000000e+00,0.000000e+00,0.000000e+00,1.901333e-02,1.081631e+00,6.496654e-22,0.000000e+00
3.702500e-02,2.124327e-02,1.540814e-01,1.599538e+00,3.199076e+00,0.000000e+00,9.963000e+01,2.500000e-05,0.000000e+00,1.753247e-01,0.000000e+00,0.000000e+00,0.000000e+00,0.000000e+00,0.000000e+00,0.000000e+00,0.000000e+00,0.000000e+00,0.000000e+00,0.000000e+00,0.000000e+00,0.000000e+00,0.000000e+00,2.124327e-02,1.146215e+00,7.056413e-22,0.000000e+00
3.802500e-02,2.360065e-02,1.621738e-01,1.641005e+00,3.282009e+00,0.000000e+00,9.963000e+01,2.500000e-05,0.000000e+00,1.857745e-01,0.000000e+00,0.000000e+00,0.000000e+00,0.000000e+00,0.000000e+00,0.000000e+00,0.000000e+00,0.000000e+00,0.000000e+00,0.000000e+00,0.000000e+00,0.000000e+00,0.000000e+00,2.360065e-02,1.206415e+00,7.631985e-22,0.000000e+00
3.902500e-02,2.614715e-02,1.704551e-01,1.682382e+00,3.364763e+00,0.000000e+00,9.963000e+01,2.500000e-05,0.000000e+00,1.966023e-01,0.000000e+00,0.000000e+00,0.000000e+00,0.000000e+00,0.000000e+00,0.000000e+00,0.000000e+00,0.000000e+00,0.000000e+00,0.000000e+00,0.000000e+00,0.000000e+00,0.000000e+00,2.614715e-02,1.268020e+00,8.237380e-22,0.000000e+00
4.002500e-02,2.889238e-02,1.789240e-01,1.723669e+00,3.447337e+00,0.000000e+00,9.963000e+01,2.500000e-05,0.000000e+00,2.078164e-01,0.000000e+00,0.000000e+00,0.000000e+00,0.000000e+00,0.000000e+00,0.000000e+00,0.000000e+00,0.000000e+00,0.000000e+00,0.000000e+00,0.000000e+00,0.000000e+00,0.000000e+00,2.889238e-02,1.331020e+00,8.873286e-22,0.000000e+00
4.102500e-02,3.184617e-02,1.875792e-01,1.764866e+00,3.529732e+00,0.000000e+00,9.963000e+01,2.500000e-05,0.000000e+00,2.194254e-01,0.000000e+00,0.000000e+00,0.000000e+00,0.000000e+00,0.000000e+00,0.000000e+00,0.000000e+00,0.000000e+00,0.000000e+00,0.000000e+00,0.000000e+00,0.000000e+00,0.000000e+00,3.184617e-02,1.395406e+00,9.540383e-22,0.000000e+00
4.202500e-02,3.501855e-02,1.964193e-01,1.805974e+00,3.611948e+00,0.000000e+00,9.963000e+01,2.500000e-05,0.000000e+00,2.314378e-01,0.000000e+00,0.000000e+00,0.000000e+00,0.000000e+00,0.000000e+00,0.000000e+00,0.000000e+00,0.000000e+00,0.000000e+00,0.000000e+00,0.000000e+00,0.000000e+00,0.000000e+00,3.501855e-02,1.461168e+00,1.023935e-21,0.000000e+00
4.302500e-02,3.841978e-02,2.054429e-01,1.846992e+00,3.693984e+00,0.000000e+00,9.963000e+01,2.500000e-05,0.000000e+00,2.438627e-01,0.000000e+00,0.000000e+00,0.000000e+00,0.000000e+00,0.000000e+00,0.000000e+00,0.000000e+00,0.000000e+00,0.000000e+00,0.000000e+00,0.000000e+00,0.000000e+00,0.000000e+00,3.841978e-02,1.528295e+00,1.097086e-21,0.000000e+00
4.402500e-02,4.206030e-02,2.146489e-01,1.887921e+00,3.775841e+00,0.000000e+00,9.963000e+01,2.500000e-05,0.000000e+00,2.567092e-01,0.000000e+00,0.000000e+00,0.000000e+00,0.000000e+00,0.000000e+00,0.000000e+00,0.000000e+00,0.000000e+00,0.000000e+00,0.000000e+00,0.000000e+00,0.000000e+00,0.000000e+00,4.206030e-02,1.596778e+00,1.173557e-21,0.000000e+00
4.502500e-02,4.595080e-02,2.240357e-01,1.928759e+00,3.857519e+00,0.000000e+00,9.963000e+01,2.500000e-05,0.000000e+00,2.699865e-01,0.000000e+00,0.000000e+00,0.000000e+00,0.000000e+00,0.000000e+00,0.000000e+00,0.000000e+00,0.000000e+00,0.000000e+00,0.000000e+00,0.000000e+00,0.000000e+00,0.000000e+00,4.595080e-02,1.666607e+00,1.253415e-21,0.000000e+00
4.602500e-02,5.010213e-02,2.336022e-01,1.969509e+00,3.939017e+00,0.000000e+00,9.963000e+01,2.500000e-05,0.000000e+00,2.837043e-01,0.000000e+00,0.000000e+00,0.000000e+00,0.000000e+00,0.000000e+00,0.000000e+00,0.000000e+00,0.000000e+00,0.000000e+00,0.000000e+00,0.000000e+00,0.000000e+00,0.000000e+00,5.010213e-02,1.737772e+00,1.336726e-21,0.000000e+00
4.702500e-02,5.452537e-02,2.433469e-01,2.010168e+00,4.020336e+00,0.000000e+00,9.963000e+01,2.500000e-05,0.000000e+00,2.978723e-01,0.000000e+00,0.000000e+00,0.000000e+00,0.000000e+00,0.000000e+00,0.000000e+00,0.000000e+00,0.000000e+00,0.000000e+00,0.000000e+00,0.000000e+00,0.000000e+00,0.000000e+00,5.452537e-02,1.810264e+00,1.423554e-21,0.000000e+00
4.802500e-02,5.923180e-02,2.532687e-01,2.050738e+00,4.101476e+00,0.000000e+00,9.963000e+01,2.500000e-05,0.000000e+00,3.125005e-01,0.000000e+00,0.000000e+00,0.000000e+00,0.000000e+00,0.000000e+00,0.000000e+00,0.000000e+00,0.000000e+00,0.000000e+00,0.000000e+00,0.000000e+00,0.000000e+00,0.000000e+00,5.923180e-02,1.884072e+00,1.513966e-21,0.000000e+00
4.902500e-02,6.423289e-02,2.633660e-01,2.091218e+00,4.182436e+00,0.000000e+00,9.963000e+01,2.500000e-05,0.000000e+00,3.275989e-01,0.000000e+00,0.000000e+00,0.000000e+00,0.000000e+00,0.000000e+00,0.000000e+00,0.000000e+00,0.000000e+00,0.000000e+00,0.000000e+00,0.000000e+00,0.000000e+00,0.000000e+00,6.423289e-02,1.959186e+00,1.608024e-21,0.000000e+00
5.002500e-02,6.954031e-02,2.736378e-01,2.131609e+00,4.263217e+00,0.000000e+00,9.963000e+01,2.500000e-05,0.000000e+00,3.431781e-01,0.000000e+00,0.000000e+00,0.000000e+00,0.000000e+00,0.000000e+00,0.000000e+00,0.000000e+00,0.000000e+00,0.000000e+00,0.000000e+00,0.000000e+00,0.000000e+00,0.000000e+00,6.954031e-02,2.035598e+00,1.705793e-21,0.000000e+00
5.102500e-02,7.516593e-02,2.840826e-01,2.171910e+00,4.343819e+00,0.000000e+00,9.963000e+01,2.500000e-05,0.000000e+00,3.592485e-01,0.000000e+00,0.000000e+00,0.000000e+00,0.000000e+00,0.000000e+00,0.000000e+00,0.000000e+00,0.000000e+00,0.000000e+00,0.000000e+00,0.000000e+00,0.000000e+00,0.000000e+00,7.516593e-02,2.113297e+00,1.807336e-21,0.000000e+00
5.202500e-02,8.112182e-02,2.946990e-01,2.212121e+00,4.424242e+00,0.000000e+00,9.963000e+01,2.500000e-05,0.000000e+00,3.758209e-01,0.000000e+00,0.000000e+00,0.000000e+00,0.000000e+00,0.000000e+00,0.000000e+00,0.000000e+00,0.000000e+00,0.000000e+00,0.000000e+00,0.000000e+00,0.000000e+00,0.000000e+00,8.112182e-02,2.192273e+00,1.912715e-21,0.000000e+00
5.302500e-02,8.742024e-02,3.054860e-01,2.252242e+00,4.504484e+00,0.000000e+00,9.963000e+01,2.500000e-05,0.000000e+00,3.929062e-01,0.000000e+00,0.000000e+00,0.000000e+00,0.000000e+00,0.000000e+00,0.000000e+00,0.000000e+00,0.000000e+00,0.000000e+00,0.000000e+00,0.000000e+00,0.000000e+00,0.000000e+00,8.742024e-02,2.272518e+00,2.021995e-21,0.000000e+00
5.402500e-02,9.407364e-02,3.164420e-01,2.292274e+00,4.584548e+00,0.000000e+00,9.963000e+01,2.500000e-05,0.000000e+00,4.105157e-01,0.000000e+00,0.000000e+00,0.000000e+00,0.000000e+00,0.000000e+00,0.000000e+00,0.000000e+00,0.000000e+00,0.000000e+00,0.000000e+00,0.000000e+00,0.000000e+00,0.000000e+00,9.407364e-02,2.354020e+00,2.135235e-21,0.000000e+00
5.502500e-02,1.010946e-01,3.275659e-01,2.332216e+00,4.664433e+00,0.000000e+00,9.963000e+01,2.500000e-05,0.000000e+00,4.286606e-01,0.000000e+00,0.000000e+00,0.000000e+00,0.000000e+00,0.000000e+00,0.000000e+00,0.000000e+00,0.000000e+00,0.000000e+00,0.000000e+00,0.000000e+00,0.000000e+00,0.000000e+00,1.010946e-01,2.436771e+00,2.252497e-21,0.000000e+00
5.602500e-02,1.084961e-01,3.388563e-01,2.372069e+00,4.744137e+00,0.000000e+00,9.963000e+01,2.500000e-05,0.000000e+00,4.473524e-01,0.000000e+00,0.000000e+00,0.000000e+00,0.000000e+00,0.000000e+00,0.000000e+00,0.000000e+00,0.000000e+00,0.000000e+00,0.000000e+00,0.000000e+00,0.000000e+00,0.000000e+00,1.084961e-01,2.520761e+00,2.373844e-21,0.000000e+00
5.702500e-02,1.162910e-01,3.503120e-01,2.411832e+00,4.823663e+00,0.000000e+00,9.963000e+01,2.500000e-05,0.000000e+00,4.666030e-01,0.000000e+00,0.000000e+00,0.000000e+00,0.000000e+00,0.000000e+00,0.000000e+00,0.000000e+00,0.000000e+00,0.000000e+00,0.000000e+00,0.000000e+00,0.000000e+00,0.000000e+00,1.162910e-01,2.605979e+00,2.499334e-21,0.000000e+00
5.802500e-02,1.244926e-01,3.619317e-01,2.451505e+00,4.903009e+00,0.000000e+00,9.963000e+01,2.500000e-05,0.000000e+00,4.864242e-01,0.000000e+00,0.000000e+00,0.000000e+00,0.000000e+00,0.000000e+00,0.000000e+00,0.000000e+00,0.000000e+00,0.000000e+00,0.000000e+00,0.000000e+00,0.000000e+00,0.000000e+00,1.244926e-01,2.692418e+00,2.629028e-21,0.000000e+00
5.902500e-02,1.331142e-01,3.737139e-01,2.491088e+00,4.982176e+00,0.000000e+00,9.963000e+01,2.500000e-05,0.000000e+00,5.068281e-01,0.000000e+00,0.000000e+00,0.000000e+00,0.000000e+00,0.000000e+00,0.000000e+00,0.000000e+00,0.000000e+00,0.000000e+00,0.000000e+00,0.000000e+00,0.000000e+00,0.000000e+00,1.331142e-01,2.780067e+00,2.762986e-21,0.000000e+00
6.002500e-02,1.421694e-01,3.856576e-01,2.530582e+00,5.061164e+00,0.000000e+00,9.963000e+01,2.500000e-05,0.000000e+00,5.278270e-01,0.000000e+00,0.000000e+00,0.000000e+00,0.000000e+00,0.000000e+00,0.000000e+00,0.000000e+00,0.000000e+00,0.000000e+00,0.000000e+00,0.000000e+00,0.000000e+00,0.000000e+00,1.421694e-01,2.868917e+00,2.901266e-21,0.000000e+00
6.102500e-02,1.516719e-01,3.977614e-01,2.569986e+00,5.139972e+00,0.000000e+00,9.963000e+01,2.500000e-05,0.000000e+00,5.494334e-01,0.000000e+00,0.000000e+00,0.000000e+00,0.000000e+00,0.000000e+00,0.000000e+00,0.000000e+00,0.000000e+00,0.000000e+00,0.000000e+00,0.000000e+00,0.000000e+00,0.000000e+00,1.516719e-01,2.958957e+00,3.043928e-21,0.000000e+00
6.202500e-02,1.616357e-01,4.100241e-01,2.609301e+00,5.218601e+00,0.000000e+00,9.963000e+01,2.500000e-05,0.000000e+00,5.716597e-01,0.000000e+00,0.000000e+00,0.000000e+00,0.000000e+00,0.000000e+00,0.000000e+00,0.000000e+00,0.000000e+00,0.000000e+00,0.000000e+00,0.000000e+00,0.000000e+00,0.000000e+00,1.616357e-01,3.050179e+00,3.191029e-21,0.000000e+00
6.302500e-02,1.720748e-01,4.224443e-01,2.648525e+00,5.297051e+00,0.000000e+00,9.963000e+01,2.500000e-05,0.000000e+00,5.945191e-01,0.000000e+00,0.000000e+00,0.000000e+00,0.000000e+00,0.000000e+00,0.000000e+00,0.000000e+00,0.000000e+00,0.000000e+00,0.000000e+00,0.000000e+00,0.000000e+00,0.000000e+00,1.720748e-01,3.142573e+00,3.342627e-21,0.000000e+00
6.402500e-02,1.830036e-01,4.350207e-01,2.687661e+00,5.375321e+00,0.000000e+00,9.963000e+01,2.500000e-05,0.000000e+00,6.180243e-01,0.000000e+00,0.000000e+00,0.000000e+00,0.000000e+00,0.000000e+00,0.000000e+00,0.000000e+00,0.000000e+00,0.000000e+00,0.000000e+00,0.000000e+00,0.000000e+00,0.000000e+00,1.830036e-01,3.236130e+00,3.498780e-21,0.000000e+00
6.502500e-02,1.944365e-01,4.477523e-01,2.726706e+00,5.453412e+00,0.000000e+00,9.963000e+01,2.500000e-05,0.000000e+00,6.421887e-01,0.000000e+00,0.000000e+00,0.000000e+00,0.000000e+00,0.000000e+00,0.000000e+00,0.000000e+00,0.000000e+00,0.000000e+00,0.000000e+00,0.000000e+00,0.000000e+00,0.000000e+00,1.944365e-01,3.330840e+00,3.659543e-21,0.000000e+00
6.602500e-02,2.063880e-01,4.606375e-01,2.765662e+00,5.531324e+00,0.000000e+00,9.963000e+01,2.500000e-05,0.000000e+00,6.670255e-01,0.000000e+00,0.000000e+00,0.000000e+00,0.000000e+00,0.000000e+00,0.000000e+00,0.000000e+00,0.000000e+00,0.000000e+00,0.000000e+00,0.000000e+00,0.000000e+00,0.000000e+00,2.063880e-01,3.426694e+00,3.824974e-21,0.000000e+00
6.702500e-02,2.188730e-01,4.736753e-01,2.804528e+00,5.609056e+00,0.000000e+00,9.963000e+01,2.500000e-05,0.000000e+00,6.925483e-01,0.000000e+00,0.000000e+00,0.000000e+00,0.000000e+00,0.000000e+00,0.000000e+00,0.000000e+00,0.000000e+00,0.000000e+00,0.000000e+00,0.000000e+00,0.000000e+00,0.000000e+00,2.188730e-01,3.523682e+00,3.995128e-21,0.000000e+00
6.802500e-02,2.319065e-01,4.868643e-01,2.843305e+00,5.686609e+00,0.000000e+00,9.963000e+01,2.500000e-05,0.000000e+00,7.187707e-01,0.000000e+00,0.000000e+00,0.000000e+00,0.000000e+00,0.000000e+00,0.000000e+00,0.000000e+00,0.000000e+00,0.000000e+00,0.000000e+00,0.000000e+00,0.000000e+00,0.000000e+00,2.319065e-01,3.621795e+00,4.170060e-21,0.000000e+00
6.902500e-02,2.455034e-01,5.002033e-01,2.881991e+00,5.763983e+00,0.000000e+00,9.963000e+01,2.500000e-05,0.000000e+00,7.457067e-01,0.000000e+00,0.000000e+00,0.000000e+00,0.000000e+00,0.000000e+00,0.000000e+00,0.000000e+00,0.000000e+00,0.000000e+00,0.000000e+00,0.000000e+00,0.000000e+00,0.000000e+00,2.455034e-01,3.721024e+00,4.349826e-21,0.000000e+00
7.002500e-02,2.596792e-01,5.136909e-01,2.920589e+00,5.841177e+00,0.000000e+00,9.963000e+01,2.500000e-05,0.000000e+00,7.733701e-01,0.000000e+00,0.000000e+00,0.000000e+00,0.000000e+00,0.000000e+00,0.000000e+00,0.000000e+00,0.000000e+00,0.000000e+00,0.000000e+00,0.000000e+00,0.000000e+00,0.000000e+00,2.596792e-01,3.821359e+00,4.534480e-21,0.000000e+00
7.102500e-02,2.744493e-01,5.273261e-01,2.959096e+00,5.918192e+00,0.000000e+00,9.963000e+01,2.500000e-05,0.000000e+00,8.017754e-01,0.000000e+00,0.000000e+00,0.000000e+00,0.000000e+00,0.000000e+00,0.000000e+00,0.000000e+00,0.000000e+00,0.000000e+00,0.000000e+00,0.000000e+00,0.000000e+00,0.000000e+00,2.744493e-01,3.922791e+00,4.724075e-21,0.000000e+00
7.202500e-02,2.898293e-01,5.411075e-01,2.997514e+00,5.995028e+00,0.000000e+00,9.963000e+01,2.500000e-05,0.000000e+00,8.309367e-01,0.000000e+00,0.000000e+00,0.000000e+00,0.000000e+00,0.000000e+00,0.000000e+00,0.000000e+00,0.000000e+00,0.000000e+00,0.000000e+00,0.000000e+00,0.000000e+00,0.000000e+00,2.898293e-01,4.025311e+00,4.918666e-21,0.000000e+00
7.302500e-02,3.058349e-01,5.550339e-01,3.035842e+00,6.071684e+00,0.000000e+00,9.963000e+01,2.500000e-05,0.000000e+00,8.608687e-01,0.000000e+00,0.000000e+00,0.000000e+00,0.000000e+00,0.000000e+00,0.000000e+00,0.000000e+00,0.000000e+00,0.000000e+00,0.000000e+00,0.000000e+00,0.000000e+00,0.000000e+00,3.058349e-01,4.128910e+00,5.118306e-21,0.000000e+00
7.402500e-02,3.224820e-01,5.691040e-01,3.074081e+00,6.148161e+00,0.000000e+00,9.963000e+01,2.500000e-05,0.000000e+00,8.915860e-01,0.000000e+00,0.000000e+00,0.000000e+00,0.000000e+00,0.000000e+00,0.000000e+00,0.000000e+00,0.000000e+00,0.000000e+00,0.000000e+00,0.000000e+00,0.000000e+00,0.000000e+00,3.224820e-01,4.233578e+00,5.323047e-21,0.000000e+00
7.502500e-02,3.397869e-01,5.833166e-01,3.112229e+00,6.224459e+00,0.000000e+00,9.963000e+01,2.500000e-05,0.000000e+00,9.231035e-01,0.000000e+00,0.000000e+00,0.000000e+00,0.000000e+00,0.000000e+00,0.000000e+00,0.000000e+00,0.000000e+00,0.000000e+00,0.000000e+00,0.000000e+00,0.000000e+00,0.000000e+00,3.397869e-01,4.339306e+00,5.532941e-21,0.000000e+00
7.602500e-02,3.577656e-01,5.976704e-01,3.150289e+00,6.300577e+00,0.000000e+00,9.963000e+01,2.500000e-05,0.000000e+00,9.554361e-01,0.000000e+00,0.000000e+00,0.000000e+00,0.000000e+00,0.000000e+00,0.000000e+00,0.000000e+00,0.000000e+00,0.000000e+00,0.000000e+00,0.000000e+00,0.000000e+00,0.000000e+00,3.577656e-01,4.446085e+00,5.748040e-21,0.000000e+00
7.702500e-02,3.764346e-01,6.121644e-01,3.188258e+00,6.376516e+00,0.000000e+00,9.963000e+01,2.500000e-05,0.000000e+00,9.885990e-01,0.000000e+00,0.000000e+00,0.000000e+00,0.000000e+00,0.000000e+00,0.000000e+00,0.000000e+00,0.000000e+00,0.000000e+00,0.000000e+00,0.000000e+00,0.000000e+00,0.000000e+00,3.764346e-01,4.553905e+00,5.968395e-21,0.000000e+00
7.802500e-02,3.958105e-01,6.267971e-01,3.226138e+00,6.452276e+00,0.000000e+00,9.963000e+01,2.500000e-05,0.000000e+00,1.022608e+00,0.000000e+00,0.000000e+00,0.000000e+00,0.000000e+00,0.000000e+00,0.000000e+00,0.000000e+00,0.000000e+00,0.000000e+00,0.000000e+00,0.000000e+00,0.000000e+00,0.000000e+00,3.958105e-01,4.662759e+00,6.194058e-21,0.000000e+00
7.902500e-02,4.159099e-01,6.415673e-01,3.263928e+00,6.527856e+00,0.000000e+00,9.963000e+01,2.500000e-05,0.000000e+00,1.057477e+00,0.000000e+00,0.000000e+00,0.000000e+00,0.000000e+00,0.000000e+00,0.000000e+00,0.000000e+00,0.000000e+00,0.000000e+00,0.000000e+00,0.000000e+00,0.000000e+00,0.000000e+00,4.159099e-01,4.772635e+00,6.425078e-21,0.000000e+00
8.002500e-02,4.367496e-01,6.564740e-01,3.301629e+00,6.603257e+00,0.000000e+00,9.963000e+01,2.500000e-05,0.000000e+00,1.093224e+00,0.000000e+00,0.000000e+00,0.000000e+00,0.000000e+00,0.000000e+00,0.000000e+00,0.000000e+00,0.000000e+00,0.000000e+00,0.000000e+00,0.000000e+00,0.000000e+00,0.000000e+00,4.367496e-01,4.883526e+00,6.661506e-21,0.000000e+00
8.102500e-02,4.583467e-01,6.715158e-01,3.339239e+00,6.678479e+00,0.000000e+00,9.963000e+01,2.500000e-05,0.000000e+00,1.129862e+00,0.000000e+00,0.000000e+00,0.000000e+00,0.000000e+00,0.000000e+00,0.000000e+00,0.000000e+00,0.000000e+00,0.000000e+00,0.000000e+00,0.000000e+00,0.000000e+00,0.000000e+00,4.583467e-01,4.995422e+00,6.903390e-21,0.000000e+00
8.202500e-02,4.807182e-01,6.866915e-01,3.376760e+00,6.753521e+00,0.000000e+00,9.963000e+01,2.500000e-05,0.000000e+00,1.167410e+00,0.000000e+00,0.000000e+00,0.000000e+00,0.000000e+00,0.000000e+00,0.000000e+00,0.000000e+00,0.000000e+00,0.000000e+00,0.000000e+00,0.000000e+00,0.000000e+00,0.000000e+00,4.807182e-01,5.108314e+00,7.150781e-21,0.000000e+00
8.302500e-02,5.038816e-01,7.019998e-01,3.414192e+00,6.828384e+00,0.000000e+00,9.963000e+01,2.500000e-05,0.000000e+00,1.205881e+00,0.000000e+00,0.000000e+00,0.000000e+00,0.000000e+00,0.000000e+00,0.000000e+00,0.000000e+00,0.000000e+00,0.000000e+00,0.000000e+00,0.000000e+00,0.000000e+00,0.000000e+00,5.038816e-01,5.222194e+00,7.403726e-21,0.000000e+00
8.402500e-02,5.278541e-01,7.174397e-01,3.451534e+00,6.903068e+00,0.000000e+00,9.963000e+01,2.500000e-05,0.000000e+00,1.245294e+00,0.000000e+00,0.000000e+00,0.000000e+00,0.000000e+00,0.000000e+00,0.000000e+00,0.000000e+00,0.000000e+00,0.000000e+00,0.000000e+00,0.000000e+00,0.000000e+00,0.000000e+00,5.278541e-01,5.337051e+00,7.662275e-21,0.000000e+00
8.502500e-02,5.526533e-01,7.330098e-01,3.488786e+00,6.977572e+00,0.000000e+00,9.963000e+01,2.500000e-05,0.000000e+00,1.285663e+00,0.000000e+00,0.000000e+00,0.000000e+00,0.000000e+00,0.000000e+00,0.000000e+00,0.000000e+00,0.000000e+00,0.000000e+00,0.000000e+00,0.000000e+00,0.000000e+00,0.000000e+00,5.526533e-01,5.452878e+00,7.926474e-21,0.000000e+00
8.602500e-02,5.782970e-01,7.487090e-01,3.525949e+00,7.051897e+00,0.000000e+00,9.963000e+01,2.500000e-05,0.000000e+00,1.327006e+00,0.000000e+00,0.000000e+00,0.000000e+00,0.000000e+00,0.000000e+00,0.000000e+00,0.000000e+00,0.000000e+00,0.000000e+00,0.000000e+00,0.000000e+00,0.000000e+00,0.000000e+00,5.782970e-01,5.569664e+00,8.196370e-21,0.000000e+00
8.702500e-02,6.048029e-01,7.645360e-01,3.563021e+00,7.126043e+00,0.000000e+00,9.963000e+01,2.500000e-05,0.000000e+00,1.369339e+00,0.000000e+00,0.000000e+00,0.000000e+00,0.000000e+00,0.000000e+00,0.000000e+00,0.000000e+00,0.000000e+00,0.000000e+00,0.000000e+00,0.000000e+00,0.000000e+00,0.000000e+00,6.048029e-01,5.687402e+00,8.472011e-21,0.000000e+00
8.802500e-02,6.321892e-01,7.804897e-01,3.600004e+00,7.200009e+00,0.000000e+00,9.963000e+01,2.500000e-05,0.000000e+00,1.412679e+00,0.000000e+00,0.000000e+00,0.000000e+00,0.000000e+00,0.000000e+00,0.000000e+00,0.000000e+00,0.000000e+00,0.000000e+00,0.000000e+00,0.000000e+00,0.000000e+00,0.000000e+00,6.321892e-01,5.806082e+00,8.753443e-21,0.000000e+00
8.902500e-02,6.604736e-01,7.965689e-01,3.636898e+00,7.273796e+00,0.000000e+00,9.963000e+01,2.500000e-05,0.000000e+00,1.457043e+00,0.000000e+00,0.000000e+00,0.000000e+00,0.000000e+00,0.000000e+00,0.000000e+00,0.000000e+00,0.000000e+00,0.000000e+00,0.000000e+00,0.000000e+00,0.000000e+00,0.000000e+00,6.604736e-01,5.925695e+00,9.040713e-21,0.000000e+00
9.002500e-02,6.896748e-01,8.127723e-01,3.673702e+00,7.347404e+00,0.000000e+00,9.963000e+01,2.500000e-05,0.000000e+00,1.502447e+00,0.000000e+00,0.000000e+00,0.000000e+00,0.000000e+00,0.000000e+00,0.000000e+00,0.000000e+00,0.000000e+00,0.000000e+00,0.000000e+00,0.000000e+00,0.000000e+00,0.000000e+00,6.896748e-01,6.046233e+00,9.333865e-21,0.000000e+00
9.102500e-02,7.198108e-01,8.290988e-01,3.710416e+00,7.420832e+00,0.000000e+00,9.963000e+01,2.500000e-05,0.000000e+00,1.548910e+00,0.000000e+00,0.000000e+00,0.000000e+00,0.000000e+00,0.000000e+00,0.000000e+00,0.000000e+00,0.000000e+00,0.000000e+00,0.000000e+00,0.000000e+00,0.000000e+00,0.000000e+00,7.198108e-01,6.167686e+00,9.632944e-21,0.000000e+00
9.202500e-02,7.509004e-01,8.455472e-01,3.747041e+00,7.494081e+00,0.000000e+00,9.963000e+01,2.500000e-05,0.000000e+00,1.596448e+00,0.000000e+00,0.000000e+00,0.000000e+00,0.000000e+00,0.000000e+00,0.000000e+00,0.000000e+00,0.000000e+00,0.000000e+00,0.000000e+00,0.000000e+00,0.000000e+00,0.000000e+00,7.509004e-01,6.290046e+00,9.937996e-21,0.000000e+00
9.302500e-02,7.829620e-01,8.621163e-01,3.783575e+00,7.567151e+00,0.000000e+00,9.963000e+01,2.500000e-05,0.000000e+00,1.645078e+00,0.000000e+00,0.000000e+00,0.000000e+00,0.000000e+00,0.000000e+00,0.000000e+00,0.000000e+00,0.000000e+00,0.000000e+00,0.000000e+00,0.000000e+00,0.000000e+00,0.000000e+00,7.829620e-01,6.413304e+00,1.024906e-20,0.000000e+00
9.402500e-02,8.160145e-01,8.788049e-01,3.820020e+00,7.640041e+00,0.000000e+00,9.963000e+01,2.500000e-05,0.000000e+00,1.694819e+00,0.000000e+00,0.000000e+00,0.000000e+00,0.000000e+00,0.000000e+00,0.000000e+00,0.000000e+00,0.000000e+00,0.000000e+00,0.000000e+00,0.000000e+00,0.000000e+00,0.000000e+00,8.160145e-01,6.537451e+00,1.056619e-20,0.000000e+00
9.502500e-02,8.500766e-01,8.956118e-01,3.856376e+00,7.712752e+00,0.000000e+00,9.963000e+01,2.500000e-05,0.000000e+00,1.745688e+00,0.000000e+00,0.000000e+00,0.000000e+00,0.000000e+00,0.000000e+00,0.000000e+00,0.000000e+00,0.000000e+00,0.000000e+00,0.000000e+00,0.000000e+00,0.000000e+00,0.000000e+00,8.500766e-01,6.662478e+00,1.088943e-20,0.000000e+00
9.602500e-02,8.851674e-01,9.125359e-01,3.892642e+00,7.785284e+00,0.000000e+00,9.963000e+01,2.500000e-05,0.000000e+00,1.797703e+00,0.000000e+00,0.000000e+00,0.000000e+00,0.000000e+00,0.000000e+00,0.000000e+00,0.000000e+00,0.000000e+00,0.000000e+00,0.000000e+00,0.000000e+00,0.000000e+00,0.000000e+00,8.851674e-01,6.788377e+00,1.121880e-20,0.000000e+00
9.702500e-02,9.213061e-01,9.295760e-01,3.928818e+00,7.857635e+00,0.000000e+00,9.963000e+01,2.500000e-05,0.000000e+00,1.850882e+00,0.000000e+00,0.000000e+00,0.000000e+00,0.000000e+00,0.000000e+00,0.000000e+00,0.000000e+00,0.000000e+00,0.000000e+00,0.000000e+00,0.000000e+00,0.000000e+00,0.000000e+00,9.213061e-01,6.915138e+00,1.155437e-20,0.000000e+00
9.802500e-02,9.585119e-01,9.467309e-01,3.964904e+00,7.929809e+00,0.000000e+00,9.963000e+01,2.500000e-05,0.000000e+00,1.905243e+00,0.000000e+00,0.000000e+00,0.000000e+00,0.000000e+00,0.000000e+00,0.000000e+00,0.000000e+00,0.000000e+00,0.000000e+00,0.000000e+00,0.000000e+00,0.000000e+00,0.000000e+00,9.585119e-01,7.042754e+00,1.189617e-20,0.000000e+00
9.902500e-02,9.968041e-01,9.639994e-01,4.000901e+00,8.001802e+00,0.000000e+00,9.963000e+01,2.500000e-05,0.000000e+00,1.960804e+00,0.000000e+00,0.000000e+00,0.000000e+00,0.000000e+00,0.000000e+00,0.000000e+00,0.000000e+00,0.000000e+00,0.000000e+00,0.000000e+00,0.000000e+00,0.000000e+00,0.000000e+00,9.968041e-01,7.171215e+00,1.224424e-20,0.000000e+00
1.000250e-01,1.036202e+00,9.813803e-01,4.036808e+00,8.073617e+00,0.000000e+00,9.963000e+01,2.500000e-05,0.000000e+00,2.017583e+00,0.000000e+00,0.000000e+00,0.000000e+00,0.000000e+00,0.000000e+00,0.000000e+00,0.000000e+00,0.000000e+00,0.000000e+00,0.000000e+00,0.000000e+00,0.000000e+00,0.000000e+00,1.036202e+00,7.300512e+00,1.259863e-20,0.000000e+00
1.010250e-01,1.076726e+00,9.988726e-01,4.072626e+00,8.145251e+00,0.000000e+00,9.963000e+01,2.500000e-05,0.000000e+00,2.075598e+00,0.000000e+00,0.000000e+00,0.000000e+00,0.000000e+00,0.000000e+00,0.000000e+00,0.000000e+00,0.000000e+00,0.000000e+00,0.000000e+00,0.000000e+00,0.000000e+00,0.000000e+00,1.076726e+00,7.430638e+00,1.295937e-20,0.000000e+00
1.020250e-01,1.118395e+00,1.016475e+00,4.108354e+00,8.216707e+00,0.000000e+00,9.963000e+01,2.500000e-05,0.000000e+00,2.134870e+00,0.000000e+00,0.000000e+00,0.000000e+00,0.000000e+00,0.000000e+00,0.000000e+00,0.000000e+00,0.000000e+00,0.000000e+00,0.000000e+00,0.000000e+00,0.000000e+00,0.000000e+00,1.118395e+00,7.561583e+00,1.332651e-20,0.000000e+00
1.030250e-01,1.161229e+00,1.034186e+00,4.143992e+00,8.287984e+00,0.000000e+00,9.963000e+01,2.500000e-05,0.000000e+00,2.195415e+00,0.000000e+00,0.000000e+00,0.000000e+00,0.000000e+00,0.000000e+00,0.000000e+00,0.000000e+00,0.000000e+00,0.000000e+00,0.000000e+00,0.000000e+00,0.000000e+00,0.000000e+00,1.161229e+00,7.693338e+00,1.370008e-20,0.000000e+00
1.040250e-01,1.205247e+00,1.052006e+00,4.179540e+00,8.359080e+00,0.000000e+00,9.963000e+01,2.500000e-05,0.000000e+00,2.257253e+00,0.000000e+00,0.000000e+00,0.000000e+00,0.000000e+00,0.000000e+00,0.000000e+00,0.000000e+00,0.000000e+00,0.000000e+00,0.000000e+00,0.000000e+00,0.000000e+00,0.000000e+00,1.205247e+00,7.825897e+00,1.408013e-20,0.000000e+00
1.050250e-01,1.250471e+00,1.069932e+00,4.214999e+00,8.429998e+00,0.000000e+00,9.963000e+01,2.500000e-05,0.000000e+00,2.320403e+00,0.000000e+00,0.000000e+00,0.000000e+00,0.000000e+00,0.000000e+00,0.000000e+00,0.000000e+00,0.000000e+00,0.000000e+00,0.000000e+00,0.000000e+00,0.000000e+00,0.000000e+00,1.250471e+00,7.959248e+00,1.446669e-20,0.000000e+00
1.060250e-01,1.296920e+00,1.087963e+00,4.250368e+00,8.500736e+00,0.000000e+00,9.963000e+01,2.500000e-05,0.000000e+00,2.384883e+00,0.000000e+00,0.000000e+00,0.000000e+00,0.000000e+00,0.000000e+00,0.000000e+00,0.000000e+00,0.000000e+00,0.000000e+00,0.000000e+00,0.000000e+00,0.000000e+00,0.000000e+00,1.296920e+00,8.093385e+00,1.485980e-20,0.000000e+00
1.070250e-01,1.344615e+00,1.106099e+00,4.285648e+00,8.571296e+00,0.000000e+00,9.963000e+01,2.500000e-05,0.000000e+00,2.450714e+00,0.000000e+00,0.000000e+00,0.000000e+00,0.000000e+00,0.000000e+00,0.000000e+00,0.000000e+00,0.000000e+00,0.000000e+00,0.000000e+00,0.000000e+00,0.000000e+00,0.000000e+00,1.344615e+00,8.228298e+00,1.525951e-20,0.000000e+00
1.080250e-01,1.393575e+00,1.124338e+00,4.320837e+00,8.641675e+00,0.000000e+00,9.963000e+01,2.500000e-05,0.000000e+00,2.517913e+00,0.000000e+00,0.000000e+00,0.000000e+00,0.000000e+00,0.000000e+00,0.000000e+00,0.000000e+00,0.000000e+00,0.000000e+00,0.000000e+00,0.000000e+00,0.000000e+00,0.000000e+00,1.393575e+00,8.363979e+00,1.566584e-20,0.000000e+00
1.090250e-01,1.443821e+00,1.142679e+00,4.355937e+00,8.711875e+00,0.000000e+00,9.963000e+01,2.500000e-05,0.000000e+00,2.586501e+00,0.000000e+00,0.000000e+00,0.000000e+00,0.000000e+00,0.000000e+00,0.000000e+00,0.000000e+00,0.000000e+00,0.000000e+00,0.000000e+00,0.000000e+00,0.000000e+00,0.000000e+00,1.443821e+00,8.500420e+00,1.607884e-20,0.000000e+00
1.100250e-01,1.495375e+00,1.161122e+00,4.390948e+00,8.781897e+00,0.000000e+00,9.963000e+01,2.500000e-05,0.000000e+00,2.656496e+00,0.000000e+00,0.000000e+00,0.000000e+00,0.000000e+00,0.000000e+00,0.000000e+00,0.000000e+00,0.000000e+00,0.000000e+00,0.000000e+00,0.000000e+00,0.000000e+00,0.000000e+00,1.495375e+00,8.637612e+00,1.649854e-20,0.000000e+00
1.110250e-01,1.548255e+00,1.179664e+00,4.425869e+00,8.851738e+00,0.000000e+00,9.963000e+01,2.500000e-05,0.000000e+00,2.727919e+00,0.000000e+00,0.000000e+00,0.000000e+00,0.000000e+00,0.000000e+00,0.000000e+00,0.000000e+00,0.000000e+00,0.000000e+00,0.000000e+00,0.000000e+00,0.000000e+00,0.000000e+00,1.548255e+00,8.775547e+00,1.692498e-20,0.000000e+00
1.120250e-01,1.602484e+00,1.198304e+00,4.460700e+00,8.921400e+00,0.000000e+00,9.963000e+01,2.500000e-05,0.000000e+00,2.800789e+00,0.000000e+00,0.000000e+00,0.000000e+00,0.000000e+00,0.000000e+00,0.000000e+00,0.000000e+00,0.000000e+00,0.000000e+00,0.000000e+00,0.000000e+00,0.000000e+00,0.000000e+00,1.602484e+00,8.914215e+00,1.735820e-20,0.000000e+00
1.130250e-01,1.658082e+00,1.217043e+00,4.495441e+00,8.990883e+00,0.000000e+00,9.963000e+01,2.500000e-05,0.000000e+00,2.875125e+00,0.000000e+00,0.000000e+00,0.000000e+00,0.000000e+00,0.000000e+00,0.000000e+00,0.000000e+00,0.000000e+00,0.000000e+00,0.000000e+00,0.000000e+00,0.000000e+00,0.000000e+00,1.658082e+00,9.053610e+00,1.779823e-20,0.000000e+00
1.140250e-01,1.715070e+00,1.235878e+00,4.530093e+00,9.060186e+00,0.000000e+00,9.963000e+01,2.500000e-05,0.000000e+00,2.950948e+00,0.000000e+00,0.000000e+00,0.000000e+00,0.000000e+00,0.000000e+00,0.000000e+00,0.000000e+00,0.000000e+00,0.000000e+00,0.000000e+00,0.000000e+00,0.000000e+00,0.000000e+00,1.715070e+00,9.193723e+00,1.824511e-20,0.000000e+00
1.150250e-01,1.773470e+00,1.254808e+00,4.564655e+00,9.129311e+00,0.000000e+00,9.963000e+01,2.500000e-05,0.000000e+00,3.028277e+00,0.000000e+00,0.000000e+00,0.000000e+00,0.000000e+00,0.000000e+00,0.000000e+00,0.000000e+00,0.000000e+00,0.000000e+00,0.000000e+00,0.000000e+00,0.000000e+00,0.000000e+00,1.773470e+00,9.334544e+00,1.869887e-20,0.000000e+00
1.160250e-01,1.833301e+00,1.273832e+00,4.599128e+00,9.198256e+00,0.000000e+00,9.963000e+01,2.500000e-05,0.000000e+00,3.107133e+00,0.000000e+00,0.000000e+00,0.000000e+00,0.000000e+00,0.000000e+00,0.000000e+00,0.000000e+00,0.000000e+00,0.000000e+00,0.000000e+00,0.000000e+00,0.000000e+00,0.000000e+00,1.833301e+00,9.476066e+00,1.915954e-20,0.000000e+00
1.170250e-01,1.894586e+00,1.292949e+00,4.633511e+00,9.267022e+00,0.000000e+00,9.963000e+01,2.500000e-05,0.000000e+00,3.187535e+00,0.000000e+00,0.000000e+00,0.000000e+00,0.000000e+00,0.000000e+00,0.000000e+00,0.000000e+00,0.000000e+00,0.000000e+00,0.000000e+00,0.000000e+00,0.000000e+00,0.000000e+00,1.894586e+00,9.618280e+00,1.962717e-20,0.000000e+00
1.180250e-01,1.957346e+00,1.312159e+00,4.667804e+00,9.335608e+00,0.000000e+00,9.963000e+01,2.500000e-05,0.000000e+00,3.269505e+00,0.000000e+00,0.000000e+00,0.000000e+00,0.000000e+00,0.000000e+00,0.000000e+00,0.000000e+00,0.000000e+00,0.000000e+00,0.000000e+00,0.000000e+00,0.000000e+00,0.000000e+00,1.957346e+00,9.761179e+00,2.010178e-20,0.000000e+00
1.190250e-01,2.021602e+00,1.331459e+00,4.702007e+00,9.404015e+00,0.000000e+00,9.963000e+01,2.500000e-05,0.000000e+00,3.353061e+00,0.000000e+00,0.000000e+00,0.000000e+00,0.000000e+00,0.000000e+00,0.000000e+00,0.000000e+00,0.000000e+00,0.000000e+00,0.000000e+00,0.000000e+00,0.000000e+00,0.000000e+00,2.021602e+00,9.904755e+00,2.058341e-20,0.000000e+00
1.200250e-01,2.087376e+00,1.350849e+00,4.736121e+00,9.472242e+00,0.000000e+00,9.963000e+01,2.500000e-05,0.000000e+00,3.438225e+00,0.000000e+00,0.000000e+00,0.000000e+00,0.000000e+00,0.000000e+00,0.000000e+00,0.000000e+00,0.000000e+00,0.000000e+00,0.000000e+00,0.000000e+00,0.000000e+00,0.000000e+00,2.087376e+00,1.004900e+01,2.107209e-20,0.000000e+00
1.210250e-01,2.154689e+00,1.370327e+00,4.770145e+00,9.540291e+00,0.000000e+00,9.963000e+01,2.500000e-05,0.000000e+00,3.525017e+00,0.000000e+00,0.000000e+00,0.000000e+00,0.000000e+00,0.000000e+00,0.000000e+00,0.000000e+00,0.000000e+00,0.000000e+00,0.000000e+00,0.000000e+00,0.000000e+00,0.000000e+00,2.154689e+00,1.019390e+01,2.156786e-20,0.000000e+00
1.220250e-01,2.223563e+00,1.389894e+00,4.804080e+00,9.608160e+00,0.000000e+00,9.963000e+01,2.500000e-05,0.000000e+00,3.613457e+00,0.000000e+00,0.000000e+00,0.000000e+00,0.000000e+00,0.000000e+00,0.000000e+00,0.000000e+00,0.000000e+00,0.000000e+00,0.000000e+00,0.000000e+00,0.000000e+00,0.000000e+00,2.223563e+00,1.033945e+01,2.207074e-20,0.000000e+00
1.230250e-01,2.294020e+00,1.409546e+00,4.837924e+00,9.675849e+00,0.000000e+00,9.963000e+01,2.500000e-05,0.000000e+00,3.703567e+00,0.000000e+00,0.000000e+00,0.000000e+00,0.000000e+00,0.000000e+00,0.000000e+00,0.000000e+00,0.000000e+00,0.000000e+00,0.000000e+00,0.000000e+00,0.000000e+00,0.000000e+00,2.294020e+00,1.048565e+01,2.258076e-20,0.000000e+00
1.240250e-01,2.366082e+00,1.429284e+00,4.871680e+00,9.743360e+00,0.000000e+00,9.963000e+01,2.500000e-05,0.000000e+00,3.795366e+00,0.000000e+00,0.000000e+00,0.000000e+00,0.000000e+00,0.000000e+00,0.000000e+00,0.000000e+00,0.000000e+00,0.000000e+00,0.000000e+00,0.000000e+00,0.000000e+00,0.000000e+00,2.366082e+00,1.063248e+01,2.309797e-20,0.000000e+00
1.250250e-01,2.439770e+00,1.449106e+00,4.905345e+00,9.810691e+00,0.000000e+00,9.963000e+01,2.500000e-05,0.000000e+00,3.888876e+00,0.000000e+00,0.000000e+00,0.000000e+00,0.000000e+00,0.000000e+00,0.000000e+00,0.000000e+00,0.000000e+00,0.000000e+00,0.000000e+00,0.000000e+00,0.000000e+00,0.000000e+00,2.439770e+00,1.077994e+01,2.362239e-20,0.000000e+00
1.260250e-01,2.515107e+00,1.469012e+00,4.938921e+00,9.877842e+00,0.000000e+00,9.963000e+01,2.500000e-05,0.000000e+00,3.984118e+00,0.000000e+00,0.000000e+00,0.000000e+00,0.000000e+00,0.000000e+00,0.000000e+00,0.000000e+00,0.000000e+00,0.000000e+00,0.000000e+00,0.000000e+00,0.000000e+00,0.000000e+00,2.515107e+00,1.092801e+01,2.415404e-20,0.000000e+00
1.270250e-01,2.592114e+00,1.488999e+00,4.972407e+00,9.944815e+00,0.000000e+00,9.963000e+01,2.500000e-05,0.000000e+00,4.081113e+00,0.000000e+00,0.000000e+00,0.000000e+00,0.000000e+00,0.000000e+00,0.000000e+00,0.000000e+00,0.000000e+00,0.000000e+00,0.000000e+00,0.000000e+00,0.000000e+00,0.000000e+00,2.592114e+00,1.107670e+01,2.469297e-20,0.000000e+00
1.280250e-01,2.670814e+00,1.509068e+00,5.005804e+00,1.001161e+01,0.000000e+00,9.963000e+01,2.500000e-05,0.000000e+00,4.179882e+00,0.000000e+00,0.000000e+00,0.000000e+00,0.000000e+00,0.000000e+00,0.000000e+00,0.000000e+00,0.000000e+00,0.000000e+00,0.000000e+00,0.000000e+00,0.000000e+00,0.000000e+00,2.670814e+00,1.122599e+01,2.523919e-20,0.000000e+00
1.290250e-01,2.751229e+00,1.529216e+00,5.039111e+00,1.007822e+01,0.000000e+00,9.963000e+01,2.500000e-05,0.000000e+00,4.280445e+00,0.000000e+00,0.000000e+00,0.000000e+00,0.000000e+00,0.000000e+00,0.000000e+00,0.000000e+00,0.000000e+00,0.000000e+00,0.000000e+00,0.000000e+00,0.000000e+00,0.000000e+00,2.751229e+00,1.137588e+01,2.579275e-20,0.000000e+00
1.300250e-01,2.833381e+00,1.549443e+00,5.072328e+00,1.014466e+01,0.000000e+00,9.963000e+01,2.500000e-05,0.000000e+00,4.382825e+00,0.000000e+00,0.000000e+00,0.000000e+00,0.000000e+00,0.000000e+00,0.000000e+00,0.000000e+00,0.000000e+00,0.000000e+00,0.000000e+00,0.000000e+00,0.000000e+00,0.000000e+00,2.833381e+00,1.152635e+01,2.635366e-20,0.000000e+00
1.310250e-01,2.917293e+00,1.569748e+00,5.105455e+00,1.021091e+01,0.000000e+00,9.963000e+01,2.500000e-05,0.000000e+00,4.487042e+00,0.000000e+00,0.000000e+00,0.000000e+00,0.000000e+00,0.000000e+00,0.000000e+00,0.000000e+00,0.000000e+00,0.000000e+00,0.000000e+00,0.000000e+00,0.000000e+00,0.000000e+00,2.917293e+00,1.167740e+01,2.692196e-20,0.000000e+00
1.320250e-01,3.002988e+00,1.590130e+00,5.138493e+00,1.027699e+01,0.000000e+00,9.963000e+01,2.500000e-05,0.000000e+00,4.593118e+00,0.000000e+00,0.000000e+00,0.000000e+00,0.000000e+00,0.000000e+00,0.000000e+00,0.000000e+00,0.000000e+00,0.000000e+00,0.000000e+00,0.000000e+00,0.000000e+00,0.000000e+00,3.002988e+00,1.182902e+01,2.749768e-20,0.000000e+00
1.330250e-01,3.090486e+00,1.610587e+00,5.171441e+00,1.034288e+01,0.000000e+00,9.963000e+01,2.500000e-05,0.000000e+00,4.701074e+00,0.000000e+00,0.000000e+00,0.000000e+00,0.000000e+00,0.000000e+00,0.000000e+00,0.000000e+00,0.000000e+00,0.000000e+00,0.000000e+00,0.000000e+00,0.000000e+00,0.000000e+00,3.090486e+00,1.198120e+01,2.808084e-20,0.000000e+00
1.340250e-01,3.179812e+00,1.631119e+00,5.204299e+00,1.040860e+01,0.000000e+00,9.963000e+01,2.500000e-05,0.000000e+00,4.810931e+00,0.000000e+00,0.000000e+00,0.000000e+00,0.000000e+00,0.000000e+00,0.000000e+00,0.000000e+00,0.000000e+00,0.000000e+00,0.000000e+00,0.000000e+00,0.000000e+00,0.000000e+00,3.179812e+00,1.213393e+01,2.867147e-20,0.000000e+00
1.350250e-01,3.270988e+00,1.651724e+00,5.237068e+00,1.047414e+01,0.000000e+00,9.963000e+01,2.500000e-05,0.000000e+00,4.922712e+00,0.000000e+00,0.000000e+00,0.000000e+00,0.000000e+00,0.000000e+00,0.000000e+00,0.000000e+00,0.000000e+00,0.000000e+00,0.000000e+00,0.000000e+00,0.000000e+00,0.000000e+00,3.270988e+00,1.228722e+01,2.926959e-20,0.000000e+00
1.360250e-01,3.364036e+00,1.672402e+00,5.269748e+00,1.053950e+01,0.000000e+00,9.963000e+01,2.500000e-05,0.000000e+00,5.036438e+00,0.000000e+00,0.000000e+00,0.000000e+00,0.000000e+00,0.000000e+00,0.000000e+00,0.000000e+00,0.000000e+00,0.000000e+00,0.000000e+00,0.000000e+00,0.000000e+00,0.000000e+00,3.364036e+00,1.244104e+01,2.987524e-20,0.000000e+00
1.370250e-01,3.458980e+00,1.693151e+00,5.302337e+00,1.060467e+01,0.000000e+00,9.963000e+01,2.500000e-05,0.000000e+00,5.152131e+00,0.000000e+00,0.000000e+00,0.000000e+00,0.000000e+00,0.000000e+00,0.000000e+00,0.000000e+00,0.000000e+00,0.000000e+00,0.000000e+00,0.000000e+00,0.000000e+00,0.000000e+00,3.458980e+00,1.259539e+01,3.048844e-20,0.000000e+00
1.380250e-01,3.555841e+00,1.713971e+00,5.334837e+00,1.066967e+01,0.000000e+00,9.963000e+01,2.500000e-05,0.000000e+00,5.269812e+00,0.000000e+00,0.000000e+00,0.000000e+00,0.000000e+00,0.000000e+00,0.000000e+00,0.000000e+00,0.000000e+00,0.000000e+00,0.000000e+00,0.000000e+00,0.000000e+00,0.000000e+00,3.555841e+00,1.275027e+01,3.110922e-20,0.000000e+00
1.390250e-01,3.654644e+00,1.734859e+00,5.367247e+00,1.073449e+01,0.000000e+00,9.963000e+01,2.500000e-05,0.000000e+00,5.389503e+00,0.000000e+00,0.000000e+00,0.000000e+00,0.000000e+00,0.000000e+00,0.000000e+00,0.000000e+00,0.000000e+00,0.000000e+00,0.000000e+00,0.000000e+00,0.000000e+00,0.000000e+00,3.654644e+00,1.290566e+01,3.173760e-20,0.000000e+00
1.400250e-01,3.755411e+00,1.755816e+00,5.399568e+00,1.079914e+01,0.000000e+00,9.963000e+01,2.500000e-05,0.000000e+00,5.511227e+00,0.000000e+00,0.000000e+00,0.000000e+00,0.000000e+00,0.000000e+00,0.000000e+00,0.000000e+00,0.000000e+00,0.000000e+00,0.000000e+00,0.000000e+00,0.000000e+00,0.000000e+00,3.755411e+00,1.306156e+01,3.237360e-20,0.000000e+00
1.410250e-01,3.858165e+00,1.776840e+00,5.431798e+00,1.086360e+01,0.000000e+00,9.963000e+01,2.500000e-05,0.000000e+00,5.635005e+00,0.000000e+00,0.000000e+00,0.000000e+00,0.000000e+00,0.000000e+00,0.000000e+00,0.000000e+00,0.000000e+00,0.000000e+00,0.000000e+00,0.000000e+00,0.000000e+00,0.000000e+00,3.858165e+00,1.321796e+01,3.301725e-20,0.000000e+00
1.420250e-01,3.962929e+00,1.797930e+00,5.463939e+00,1.092788e+01,0.000000e+00,9.963000e+01,2.500000e-05,0.000000e+00,5.760859e+00,0.000000e+00,0.000000e+00,0.000000e+00,0.000000e+00,0.000000e+00,0.000000e+00,0.000000e+00,0.000000e+00,0.000000e+00,0.000000e+00,0.000000e+00,0.000000e+00,0.000000e+00,3.962929e+00,1.337485e+01,3.366858e-20,0.000000e+00
1.430250e-01,4.069726e+00,1.819085e+00,5.495991e+00,1.099198e+01,0.000000e+00,9.963000e+01,2.500000e-05,0.000000e+00,5.888811e+00,0.000000e+00,0.000000e+00,0.000000e+00,0.000000e+00,0.000000e+00,0.000000e+00,0.000000e+00,0.000000e+00,0.000000e+00,0.000000e+00,0.000000e+00,0.000000e+00,0.000000e+00,4.069726e+00,1.353222e+01,3.432761e-20,0.000000e+00
1.440250e-01,4.178579e+00,1.840305e+00,5.527953e+00,1.105591e+01,0.000000e+00,9.963000e+01,2.500000e-05,0.000000e+00,6.018884e+00,0.000000e+00,0.000000e+00,0.000000e+00,0.000000e+00,0.000000e+00,0.000000e+00,0.000000e+00,0.000000e+00,0.000000e+00,0.000000e+00,0.000000e+00,0.000000e+00,0.000000e+00,4.178579e+00,1.369007e+01,3.499437e-20,0.000000e+00
1.450250e-01,4.289512e+00,1.861587e+00,5.559825e+00,1.111965e+01,0.000000e+00,9.963000e+01,2.500000e-05,0.000000e+00,6.151099e+00,0.000000e+00,0.000000e+00,0.000000e+00,0.000000e+00,0.000000e+00,0.000000e+00,0.000000e+00,0.000000e+00,0.000000e+00,0.000000e+00,0.000000e+00,0.000000e+00,0.000000e+00,4.289512e+00,1.384839e+01,3.566886e-20,0.000000e+00
1.460250e-01,4.402548e+00,1.882931e+00,5.591607e+00,1.118321e+01,0.000000e+00,9.963000e+01,2.500000e-05,0.000000e+00,6.285479e+00,0.000000e+00,0.000000e+00,0.000000e+00,0.000000e+00,0.000000e+00,0.000000e+00,0.000000e+00,0.000000e+00,0.000000e+00,0.000000e+00,0.000000e+00,0.000000e+00,0.000000e+00,4.402548e+00,1.400717e+01,3.635113e-20,0.000000e+00
1.470250e-01,4.517710e+00,1.904336e+00,5.623300e+00,1.124660e+01,0.000000e+00,9.963000e+01,2.500000e-05,0.000000e+00,6.422046e+00,0.000000e+00,0.000000e+00,0.000000e+00,0.000000e+00,0.000000e+00,0.000000e+00,0.000000e+00,0.000000e+00,0.000000e+00,0.000000e+00,0.000000e+00,0.000000e+00,0.000000e+00,4.517710e+00,1.416640e+01,3.704119e-20,0.000000e+00
1.480250e-01,4.635022e+00,1.925801e+00,5.654903e+00,1.130981e+01,0.000000e+00,9.963000e+01,2.500000e-05,0.000000e+00,6.560822e+00,0.000000e+00,0.000000e+00,0.000000e+00,0.000000e+00,0.000000e+00,0.000000e+00,0.000000e+00,0.000000e+00,0.000000e+00,0.000000e+00,0.000000e+00,0.000000e+00,0.000000e+00,4.635022e+00,1.432608e+01,3.773906e-20,0.000000e+00
1.490250e-01,4.754506e+00,1.947325e+00,5.686417e+00,1.137283e+01,0.000000e+00,9.963000e+01,2.500000e-05,0.000000e+00,6.701831e+00,0.000000e+00,0.000000e+00,0.000000e+00,0.000000e+00,0.000000e+00,0.000000e+00,0.000000e+00,0.000000e+00,0.000000e+00,0.000000e+00,0.000000e+00,0.000000e+00,0.000000e+00,4.754506e+00,1.448620e+01,3.844477e-20,0.000000e+00
1.500250e-01,4.876187e+00,1.968907e+00,5.717841e+00,1.143568e+01,0.000000e+00,9.963000e+01,2.500000e-05,0.000000e+00,6.845094e+00,0.000000e+00,0.000000e+00,0.000000e+00,0.000000e+00,0.000000e+00,0.000000e+00,0.000000e+00,0.000000e+00,0.000000e+00,0.000000e+00,0.000000e+00,0.000000e+00,0.000000e+00,4.876187e+00,1.464675e+01,3.915833e-20,0.000000e+00
1.510250e-01,5.000088e+00,1.990546e+00,5.749175e+00,1.149835e+01,0.000000e+00,9.963000e+01,2.500000e-05,0.000000e+00,6.990633e+00,0.000000e+00,0.000000e+00,0.000000e+00,0.000000e+00,0.000000e+00,0.000000e+00,0.000000e+00,0.000000e+00,0.000000e+00,0.000000e+00,0.000000e+00,0.000000e+00,0.000000e+00,5.000088e+00,1.480772e+01,3.987978e-20,0.000000e+00
1.520250e-01,5.126233e+00,2.012240e+00,5.780419e+00,1.156084e+01,0.000000e+00,9.963000e+01,2.500000e-05,0.000000e+00,7.138473e+00,0.000000e+00,0.000000e+00,0.000000e+00,0.000000e+00,0.000000e+00,0.000000e+00,0.000000e+00,0.000000e+00,0.000000e+00,0.000000e+00,0.000000e+00,0.000000e+00,0.000000e+00,5.126233e+00,1.496910e+01,4.060911e-20,0.000000e+00
1.530250e-01,5.254644e+00,2.033989e+00,5.811574e+00,1.162315e+01,0.000000e+00,9.963000e+01,2.500000e-05,0.000000e+00,7.288633e+00,0.000000e+00,0.000000e+00,0.000000e+00,0.000000e+00,0.000000e+00,0.000000e+00,0.000000e+00,0.000000e+00,0.000000e+00,0.000000e+00,0.000000e+00,0.000000e+00,0.000000e+00,5.254644e+00,1.513089e+01,4.134637e-20,0.000000e+00
1.540250e-01,5.385347e+00,2.055792e+00,5.842639e+00,1.168528e+01,0.000000e+00,9.963000e+01,2.500000e-05,0.000000e+00,7.441139e+00,0.000000e+00,0.000000e+00,0.000000e+00,0.000000e+00,0.000000e+00,0.000000e+00,0.000000e+00,0.000000e+00,0.000000e+00,0.000000e+00,0.000000e+00,0.000000e+00,0.000000e+00,5.385347e+00,1.529309e+01,4.209157e-20,0.000000e+00
1.550250e-01,5.518363e+00,2.077648e+00,5.873614e+00,1.174723e+01,0.000000e+00,9.963000e+01,2.500000e-05,0.000000e+00,7.596012e+00,0.000000e+00,0.000000e+00,0.000000e+00,0.000000e+00,0.000000e+00,0.000000e+00,0.000000e+00,0.000000e+00,0.000000e+00,0.000000e+00,0.000000e+00,0.000000e+00,0.000000e+00,5.518363e+00,1.545567e+01,4.284472e-20,0.000000e+00
1.560250e-01,5.653718e+00,2.099556e+00,5.904500e+00,1.180900e+01,0.000000e+00,9.963000e+01,2.500000e-05,0.000000e+00,7.753274e+00,0.000000e+00,0.000000e+00,0.000000e+00,0.000000e+00,0.000000e+00,0.000000e+00,0.000000e+00,0.000000e+00,0.000000e+00,0.000000e+00,0.000000e+00,0.000000e+00,0.000000e+00,5.653718e+00,1.561865e+01,4.360585e-20,0.000000e+00
1.570250e-01,5.791436e+00,2.121514e+00,5.935297e+00,1.187059e+01,0.000000e+00,9.963000e+01,2.500000e-05,0.000000e+00,7.912950e+00,0.000000e+00,0.000000e+00,0.000000e+00,0.000000e+00,0.000000e+00,0.000000e+00,0.000000e+00,0.000000e+00,0.000000e+00,0.000000e+00,0.000000e+00,0.000000e+00,0.000000e+00,5.791436e+00,1.578199e+01,4.437497e-20,0.000000e+00
1.580250e-01,5.931538e+00,2.143522e+00,5.966003e+00,1.193201e+01,0.000000e+00,9.963000e+01,2.500000e-05,0.000000e+00,8.075060e+00,0.000000e+00,0.000000e+00,0.000000e+00,0.000000e+00,0.000000e+00,0.000000e+00,0.000000e+00,0.000000e+00,0.000000e+00,0.000000e+00,0.000000e+00,0.000000e+00,0.000000e+00,5.931538e+00,1.594571e+01,4.515211e-20,0.000000e+00
1.590250e-01,6.074050e+00,2.165579e+00,5.996620e+00,1.199324e+01,0.000000e+00,9.963000e+01,2.500000e-05,0.000000e+00,8.239630e+00,0.000000e+00,0.000000e+00,0.000000e+00,0.000000e+00,0.000000e+00,0.000000e+00,0.000000e+00,0.000000e+00,0.000000e+00,0.000000e+00,0.000000e+00,0.000000e+00,0.000000e+00,6.074050e+00,1.610980e+01,4.593727e-20,0.000000e+00
1.600250e-01,6.218996e+00,2.187684e+00,6.027147e+00,1.205429e+01,0.000000e+00,9.963000e+01,2.500000e-05,0.000000e+00,8.406680e+00,0.000000e+00,0.000000e+00,0.000000e+00,0.000000e+00,0.000000e+00,0.000000e+00,0.000000e+00,0.000000e+00,0.000000e+00,0.000000e+00,0.000000e+00,0.000000e+00,0.000000e+00,6.218996e+00,1.627424e+01,4.673049e-20,0.000000e+00
1.610250e-01,6.366398e+00,2.209836e+00,6.057584e+00,1.211517e+01,0.000000e+00,9.963000e+01,2.500000e-05,0.000000e+00,8.576234e+00,0.000000e+00,0.000000e+00,0.000000e+00,0.000000e+00,0.000000e+00,0.000000e+00,0.000000e+00,0.000000e+00,0.000000e+00,0.000000e+00,0.000000e+00,0.000000e+00,0.000000e+00,6.366398e+00,1.643902e+01,4.753178e-20,0.000000e+00
1.620250e-01,6.516282e+00,2.232033e+00,6.087932e+00,1.217586e+01,0.000000e+00,9.963000e+01,2.500000e-05,0.000000e+00,8.748315e+00,0.000000e+00,0.000000e+00,0.000000e+00,0.000000e+00,0.000000e+00,0.000000e+00,0.000000e+00,0.000000e+00,0.000000e+00,0.000000e+00,0.000000e+00,0.000000e+00,0.000000e+00,6.516282e+00,1.660415e+01,4.834115e-20,0.000000e+00
1.630250e-01,6.668671e+00,2.254276e+00,6.118190e+00,1.223638e+01,0.000000e+00,9.963000e+01,2.500000e-05,0.000000e+00,8.922946e+00,0.000000e+00,0.000000e+00,0.000000e+00,0.000000e+00,0.000000e+00,0.000000e+00,0.000000e+00,0.000000e+00,0.000000e+00,0.000000e+00,0.000000e+00,0.000000e+00,0.000000e+00,6.668671e+00,1.676961e+01,4.915861e-20,0.000000e+00
1.640250e-01,6.823588e+00,2.276562e+00,6.148359e+00,1.229672e+01,0.000000e+00,9.963000e+01,2.500000e-05,0.000000e+00,9.100150e+00,0.000000e+00,0.000000e+00,0.000000e+00,0.000000e+00,0.000000e+00,0.000000e+00,0.000000e+00,0.000000e+00,0.000000e+00,0.000000e+00,0.000000e+00,0.000000e+00,0.000000e+00,6.823588e+00,1.693540e+01,4.998420e-20,0.000000e+00
1.650250e-01,6.981059e+00,2.298891e+00,6.178437e+00,1.235687e+01,0.000000e+00,9.963000e+01,2.500000e-05,0.000000e+00,9.279950e+00,0.000000e+00,0.000000e+00,0.000000e+00,0.000000e+00,0.000000e+00,0.000000e+00,0.000000e+00,0.000000e+00,0.000000e+00,0.000000e+00,0.000000e+00,0.000000e+00,0.000000e+00,6.981059e+00,1.710151e+01,5.081791e-20,0.000000e+00
1.660250e-01,7.141107e+00,2.321262e+00,6.208426e+00,1.241685e+01,0.000000e+00,9.963000e+01,2.500000e-05,0.000000e+00,9.462369e+00,0.000000e+00,0.000000e+00,0.000000e+00,0.000000e+00,0.000000e+00,0.000000e+00,0.000000e+00,0.000000e+00,0.000000e+00,0.000000e+00,0.000000e+00,0.000000e+00,0.000000e+00,7.141107e+00,1.726793e+01,5.165978e-20,0.000000e+00
1.670250e-01,7.303756e+00,2.343674e+00,6.238326e+00,1.247665e+01,0.000000e+00,9.963000e+01,2.500000e-05,0.000000e+00,9.647430e+00,0.000000e+00,0.000000e+00,0.000000e+00,0.000000e+00,0.000000e+00,0.000000e+00,0.000000e+00,0.000000e+00,0.000000e+00,0.000000e+00,0.000000e+00,0.000000e+00,0.000000e+00,7.303756e+00,1.743465e+01,5.250980e-20,0.000000e+00
1.680250e-01,7.469030e+00,2.366126e+00,6.268136e+00,1.253627e+01,0.000000e+00,9.963000e+01,2.500000e-05,0.000000e+00,9.835156e+00,0.000000e+00,0.000000e+00,0.000000e+00,0.000000e+00,0.000000e+00,0.000000e+00,0.000000e+00,0.000000e+00,0.000000e+00,0.000000e+00,0.000000e+00,0.000000e+00,0.000000e+00,7.469030e+00,1.760167e+01,5.336800e-20,0.000000e+00
1.690250e-01,7.636953e+00,2.388617e+00,6.297856e+00,1.259571e+01,0.000000e+00,9.963000e+01,2.500000e-05,0.000000e+00,1.002557e+01,0.000000e+00,0.000000e+00,0.000000e+00,0.000000e+00,0.000000e+00,0.000000e+00,0.000000e+00,0.000000e+00,0.000000e+00,0.000000e+00,0.000000e+00,0.000000e+00,0.000000e+00,7.636953e+00,1.776898e+01,5.423439e-20,0.000000e+00
1.700250e-01,7.807550e+00,2.411146e+00,6.327487e+00,1.265497e+01,0.000000e+00,9.963000e+01,2.500000e-05,0.000000e+00,1.021870e+01,0.000000e+00,0.000000e+00,0.000000e+00,0.000000e+00,0.000000e+00,0.000000e+00,0.000000e+00,0.000000e+00,0.000000e+00,0.000000e+00,0.000000e+00,0.000000e+00,0.000000e+00,7.807550e+00,1.793657e+01,5.510900e-20,0.000000e+00
1.710250e-01,7.980844e+00,2.433712e+00,6.357027e+00,1.271405e+01,0.000000e+00,9.963000e+01,2.500000e-05,0.000000e+00,1.041456e+01,0.000000e+00,0.000000e+00,0.000000e+00,0.000000e+00,0.000000e+00,0.000000e+00,0.000000e+00,0.000000e+00,0.000000e+00,0.000000e+00,0.000000e+00,0.000000e+00,0.000000e+00,7.980844e+00,1.810444e+01,5.599182e-20,0.000000e+00
1.720250e-01,8.156860e+00,2.456315e+00,6.386478e+00,1.277296e+01,0.000000e+00,9.963000e+01,2.500000e-05,0.000000e+00,1.061317e+01,0.000000e+00,0.000000e+00,0.000000e+00,0.000000e+00,0.000000e+00,0.000000e+00,0.000000e+00,0.000000e+00,0.000000e+00,0.000000e+00,0.000000e+00,0.000000e+00,0.000000e+00,8.156860e+00,1.827258e+01,5.688287e-20,0.000000e+00
1.730250e-01,8.335621e+00,2.478952e+00,6.415840e+00,1.283168e+01,0.000000e+00,9.963000e+01,2.500000e-05,0.000000e+00,1.081457e+01,0.000000e+00,0.000000e+00,0.000000e+00,0.000000e+00,0.000000e+00,0.000000e+00,0.000000e+00,0.000000e+00,0.000000e+00,0.000000e+00,0.000000e+00,0.000000e+00,0.000000e+00,8.335621e+00,1.844098e+01,5.778217e-20,0.000000e+00
1.740250e-01,8.517153e+00,2.501624e+00,6.445112e+00,1.289022e+01,0.000000e+00,9.963000e+01,2.500000e-05,0.000000e+00,1.101878e+01,0.000000e+00,0.000000e+00,0.000000e+00,0.000000e+00,0.000000e+00,0.000000e+00,0.000000e+00,0.000000e+00,0.000000e+00,0.000000e+00,0.000000e+00,0.000000e+00,0.000000e+00,8.517153e+00,1.860964e+01,5.868972e-20,0.000000e+00
1.750250e-01,8.701478e+00,2.524329e+00,6.474294e+00,1.294859e+01,0.000000e+00,9.963000e+01,2.500000e-05,0.000000e+00,1.122581e+01,0.000000e+00,0.000000e+00,0.000000e+00,0.000000e+00,0.000000e+00,0.000000e+00,0.000000e+00,0.000000e+00,0.000000e+00,0.000000e+00,0.000000e+00,0.000000e+00,0.000000e+00,8.701478e+00,1.877854e+01,5.960555e-20,0.000000e+00
1.760250e-01,8.888621e+00,2.547066e+00,6.503386e+00,1.300677e+01,0.000000e+00,9.963000e+01,2.500000e-05,0.000000e+00,1.143569e+01,0.000000e+00,0.000000e+00,0.000000e+00,0.000000e+00,0.000000e+00,0.000000e+00,0.000000e+00,0.000000e+00,0.000000e+00,0.000000e+00,0.000000e+00,0.000000e+00,0.000000e+00,8.888621e+00,1.894769e+01,6.052966e-20,0.000000e+00
1.770250e-01,9.078608e+00,2.569835e+00,6.532389e+00,1.306478e+01,0.000000e+00,9.963000e+01,2.500000e-05,0.000000e+00,1.164844e+01,0.000000e+00,0.000000e+00,0.000000e+00,0.000000e+00,0.000000e+00,0.000000e+00,0.000000e+00,0.000000e+00,0.000000e+00,0.000000e+00,0.000000e+00,0.000000e+00,0.000000e+00,9.078608e+00,1.911706e+01,6.146207e-20,0.000000e+00
1.780250e-01,9.271461e+00,2.592634e+00,6.561302e+00,1.312260e+01,0.000000e+00,9.963000e+01,2.500000e-05,0.000000e+00,1.186409e+01,0.000000e+00,0.000000e+00,0.000000e+00,0.000000e+00,0.000000e+00,0.000000e+00,0.000000e+00,0.000000e+00,0.000000e+00,0.000000e+00,0.000000e+00,0.000000e+00,0.000000e+00,9.271461e+00,1.928666e+01,6.240278e-20,0.000000e+00
1.790250e-01,9.467204e+00,2.615462e+00,6.590126e+00,1.318025e+01,0.000000e+00,9.963000e+01,2.500000e-05,0.000000e+00,1.208267e+01,0.000000e+00,0.000000e+00,0.000000e+00,0.000000e+00,0.000000e+00,0.000000e+00,0.000000e+00,0.000000e+00,0.000000e+00,0.000000e+00,0.000000e+00,0.000000e+00,0.000000e+00,9.467204e+00,1.945649e+01,6.335181e-20,0.000000e+00
1.800250e-01,9.665863e+00,2.638320e+00,6.618859e+00,1.323772e+01,0.000000e+00,9.963000e+01,2.500000e-05,0.000000e+00,1.230418e+01,0.000000e+00,0.000000e+00,0.000000e+00,0.000000e+00,0.000000e+00,0.000000e+00,0.000000e+00,0.000000e+00,0.000000e+00,0.000000e+00,0.000000e+00,0.000000e+00,0.000000e+00,9.665863e+00,1.962652e+01,6.430916e-20,0.000000e+00
1.810250e-01,9.867461e+00,2.661205e+00,6.647503e+00,1.329501e+01,0.000000e+00,9.963000e+01,2.500000e-05,0.000000e+00,1.252867e+01,0.000000e+00,0.000000e+00,0.000000e+00,0.000000e+00,0.000000e+00,0.000000e+00,0.000000e+00,0.000000e+00,0.000000e+00,0.000000e+00,0.000000e+00,0.000000e+00,0.000000e+00,9.867461e+00,1.979676e+01,6.527485e-20,0.000000e+00
1.820250e-01,1.007202e+01,2.684116e+00,6.676058e+00,1.335212e+01,0.000000e+00,9.963000e+01,2.500000e-05,0.000000e+00,1.275614e+01,0.000000e+00,0.000000e+00,0.000000e+00,0.000000e+00,0.000000e+00,0.000000e+00,0.000000e+00,0.000000e+00,0.000000e+00,0.000000e+00,0.000000e+00,0.000000e+00,0.000000e+00,1.007202e+01,1.996721e+01,6.624890e-20,0.000000e+00
1.830250e-01,1.027957e+01,2.707053e+00,6.704523e+00,1.340905e+01,0.000000e+00,9.963000e+01,2.500000e-05,0.000000e+00,1.298663e+01,0.000000e+00,0.000000e+00,0.000000e+00,0.000000e+00,0.000000e+00,0.000000e+00,0.000000e+00,0.000000e+00,0.000000e+00,0.000000e+00,0.000000e+00,0.000000e+00,0.000000e+00,1.027957e+01,2.013784e+01,6.723129e-20,0.000000e+00
1.840250e-01,1.049013e+01,2.730016e+00,6.732898e+00,1.346580e+01,0.000000e+00,9.963000e+01,2.500000e-05,0.000000e+00,1.322015e+01,0.000000e+00,0.000000e+00,0.000000e+00,0.000000e+00,0.000000e+00,0.000000e+00,0.000000e+00,0.000000e+00,0.000000e+00,0.000000e+00,0.000000e+00,0.000000e+00,0.000000e+00,1.049013e+01,2.030865e+01,6.822206e-20,0.000000e+00
1.850250e-01,1.070373e+01,2.753002e+00,6.761183e+00,1.352237e+01,0.000000e+00,9.963000e+01,2.500000e-05,0.000000e+00,1.345673e+01,0.000000e+00,0.000000e+00,0.000000e+00,0.000000e+00,0.000000e+00,0.000000e+00,0.000000e+00,0.000000e+00,0.000000e+00,0.000000e+00,0.000000e+00,0.000000e+00,0.000000e+00,1.070373e+01,2.047965e+01,6.922119e-20,0.000000e+00
1.860250e-01,1.092039e+01,2.776011e+00,6.789379e+00,1.357876e+01,0.000000e+00,9.963000e+01,2.500000e-05,0.000000e+00,1.369640e+01,0.000000e+00,0.000000e+00,0.000000e+00,0.000000e+00,0.000000e+00,0.000000e+00,0.000000e+00,0.000000e+00,0.000000e+00,0.000000e+00,0.000000e+00,0.000000e+00,0.000000e+00,1.092039e+01,2.065081e+01,7.022872e-20,0.000000e+00
1.870250e-01,1.114013e+01,2.799043e+00,6.817485e+00,1.363497e+01,0.000000e+00,9.963000e+01,2.500000e-05,0.000000e+00,1.393918e+01,0.000000e+00,0.000000e+00,0.000000e+00,0.000000e+00,0.000000e+00,0.000000e+00,0.000000e+00,0.000000e+00,0.000000e+00,0.000000e+00,0.000000e+00,0.000000e+00,0.000000e+00,1.114013e+01,2.082215e+01,7.124463e-20,0.000000e+00
1.880250e-01,1.136299e+01,2.822095e+00,6.845501e+00,1.369100e+01,0.000000e+00,9.963000e+01,2.500000e-05,0.000000e+00,1.418508e+01,0.000000e+00,0.000000e+00,0.000000e+00,0.000000e+00,0.000000e+00,0.000000e+00,0.000000e+00,0.000000e+00,0.000000e+00,0.000000e+00,0.000000e+00,0.000000e+00,0.000000e+00,1.136299e+01,2.099364e+01,7.226895e-20,0.000000e+00
1.890250e-01,1.158897e+01,2.845168e+00,6.873428e+00,1.374686e+01,0.000000e+00,9.963000e+01,2.500000e-05,0.000000e+00,1.443414e+01,0.000000e+00,0.000000e+00,0.000000e+00,0.000000e+00,0.000000e+00,0.000000e+00,0.000000e+00,0.000000e+00,0.000000e+00,0.000000e+00,0.000000e+00,0.000000e+00,0.000000e+00,1.158897e+01,2.116527e+01,7.330168e-20,0.000000e+00
1.900250e-01,1.181812e+01,2.868260e+00,6.901266e+00,1.380253e+01,0.000000e+00,9.963000e+01,2.500000e-05,0.000000e+00,1.468638e+01,0.000000e+00,0.000000e+00,0.000000e+00,0.000000e+00,0.000000e+00,0.000000e+00,0.000000e+00,0.000000e+00,0.000000e+00,0.000000e+00,0.000000e+00,0.000000e+00,0.000000e+00,1.181812e+01,2.133706e+01,7.434281e-20,0.000000e+00
1.910250e-01,1.205044e+01,2.891371e+00,6.929013e+00,1.385803e+01,0.000000e+00,9.963000e+01,2.500000e-05,0.000000e+00,1.494181e+01,0.000000e+00,0.000000e+00,0.000000e+00,0.000000e+00,0.000000e+00,0.000000e+00,0.000000e+00,0.000000e+00,0.000000e+00,0.000000e+00,0.000000e+00,0.000000e+00,0.000000e+00,1.205044e+01,2.150898e+01,7.539238e-20,0.000000e+00
1.920250e-01,1.228597e+01,2.914500e+00,6.956671e+00,1.391334e+01,0.000000e+00,9.963000e+01,2.500000e-05,0.000000e+00,1.520047e+01,0.000000e+00,0.000000e+00,0.000000e+00,0.000000e+00,0.000000e+00,0.000000e+00,0.000000e+00,0.000000e+00,0.000000e+00,0.000000e+00,0.000000e+00,0.000000e+00,0.000000e+00,1.228597e+01,2.168103e+01,7.645036e-20,0.000000e+00
1.930250e-01,1.252473e+01,2.937645e+00,6.984239e+00,1.396848e+01,0.000000e+00,9.963000e+01,2.500000e-05,0.000000e+00,1.546238e+01,0.000000e+00,0.000000e+00,0.000000e+00,0.000000e+00,0.000000e+00,0.000000e+00,0.000000e+00,0.000000e+00,0.000000e+00,0.000000e+00,0.000000e+00,0.000000e+00,0.000000e+00,1.252473e+01,2.185321e+01,7.751679e-20,0.000000e+00
1.940250e-01,1.276675e+01,2.960806e+00,7.011717e+00,1.402343e+01,0.000000e+00,9.963000e+01,2.500000e-05,0.000000e+00,1.572755e+01,0.000000e+00,0.000000e+00,0.000000e+00,0.000000e+00,0.000000e+00,0.000000e+00,0.000000e+00,0.000000e+00,0.000000e+00,0.000000e+00,0.000000e+00,0.000000e+00,0.000000e+00,1.276675e+01,2.202551e+01,7.859165e-20,0.000000e+00
1.950250e-01,1.301204e+01,2.983982e+00,7.039106e+00,1.407821e+01,0.000000e+00,9.963000e+01,2.500000e-05,0.000000e+00,1.599602e+01,0.000000e+00,0.000000e+00,0.000000e+00,0.000000e+00,0.000000e+00,0.000000e+00,0.000000e+00,0.000000e+00,0.000000e+00,0.000000e+00,0.000000e+00,0.000000e+00,0.000000e+00,1.301204e+01,2.219791e+01,7.967496e-20,0.000000e+00
1.960250e-01,1.326064e+01,3.007171e+00,7.066405e+00,1.413281e+01,0.000000e+00,9.963000e+01,2.500000e-05,0.000000e+00,1.626781e+01,0.000000e+00,0.000000e+00,0.000000e+00,0.000000e+00,0.000000e+00,0.000000e+00,0.000000e+00,0.000000e+00,0.000000e+00,0.000000e+00,0.000000e+00,0.000000e+00,0.000000e+00,1.326064e+01,2.237042e+01,8.076672e-20,0.000000e+00
1.970250e-01,1.351256e+01,3.030375e+00,7.093615e+00,1.418723e+01,0.000000e+00,9.963000e+01,2.500000e-05,0.000000e+00,1.654294e+01,0.000000e+00,0.000000e+00,0.000000e+00,0.000000e+00,0.000000e+00,0.000000e+00,0.000000e+00,0.000000e+00,0.000000e+00,0.000000e+00,0.000000e+00,0.000000e+00,0.000000e+00,1.351256e+01,2.254303e+01,8.186694e-20,0.000000e+00
1.980250e-01,1.376784e+01,3.053590e+00,7.120735e+00,1.424147e+01,0.000000e+00,9.963000e+01,2.500000e-05,0.000000e+00,1.682143e+01,0.000000e+00,0.000000e+00,0.000000e+00,0.000000e+00,0.000000e+00,0.000000e+00,0.000000e+00,0.000000e+00,0.000000e+00,0.000000e+00,0.000000e+00,0.000000e+00,0.000000e+00,1.376784e+01,2.271573e+01,8.297562e-20,0.000000e+00
1.990250e-01,1.402649e+01,3.076817e+00,7.147765e+00,1.429553e+01,0.000000e+00,9.963000e+01,2.500000e-05,0.000000e+00,1.710330e+01,0.000000e+00,0.000000e+00,0.000000e+00,0.000000e+00,0.000000e+00,0.000000e+00,0.000000e+00,0.000000e+00,0.000000e+00,0.000000e+00,0.000000e+00,0.000000e+00,0.000000e+00,1.402649e+01,2.288851e+01,8.409277e-20,0.000000e+00
2.000250e-01,1.428854e+01,3.100054e+00,7.174705e+00,1.434941e+01,0.000000e+00,9.963000e+01,2.500000e-05,0.000000e+00,1.738859e+01,0.000000e+00,0.000000e+00,0.000000e+00,0.000000e+00,0.000000e+00,0.000000e+00,0.000000e+00,0.000000e+00,0.000000e+00,0.000000e+00,0.000000e+00,0.000000e+00,0.000000e+00,1.428854e+01,2.306137e+01,8.521839e-20,0.000000e+00
2.010250e-01,1.455401e+01,3.123301e+00,7.201556e+00,1.440311e+01,0.000000e+00,9.963000e+01,2.500000e-05,0.000000e+00,1.767731e+01,0.000000e+00,0.000000e+00,0.000000e+00,0.000000e+00,0.000000e+00,0.000000e+00,0.000000e+00,0.000000e+00,0.000000e+00,0.000000e+00,0.000000e+00,0.000000e+00,0.000000e+00,1.455401e+01,2.323431e+01,8.635248e-20,0.000000e+00
2.020250e-01,1.482293e+01,3.146556e+00,7.228317e+00,1.445663e+01,0.000000e+00,9.963000e+01,2.500000e-05,0.000000e+00,1.796948e+01,0.000000e+00,0.000000e+00,0.000000e+00,0.000000e+00,0.000000e+00,0.000000e+00,0.000000e+00,0.000000e+00,0.000000e+00,0.000000e+00,0.000000e+00,0.000000e+00,0.000000e+00,1.482293e+01,2.340731e+01,8.749505e-20,0.000000e+00
2.030250e-01,1.509532e+01,3.169820e+00,7.254988e+00,1.450998e+01,0.000000e+00,9.963000e+01,2.500000e-05,0.000000e+00,1.826514e+01,0.000000e+00,0.000000e+00,0.000000e+00,0.000000e+00,0.000000e+00,0.000000e+00,0.000000e+00,0.000000e+00,0.000000e+00,0.000000e+00,0.000000e+00,0.000000e+00,0.000000e+00,1.509532e+01,2.358036e+01,8.864610e-20,0.000000e+00
2.040250e-01,1.537121e+01,3.193090e+00,7.281570e+00,1.456314e+01,0.000000e+00,9.963000e+01,2.500000e-05,0.000000e+00,1.856430e+01,0.000000e+00,0.000000e+00,0.000000e+00,0.000000e+00,0.000000e+00,0.000000e+00,0.000000e+00,0.000000e+00,0.000000e+00,0.000000e+00,0.000000e+00,0.000000e+00,0.000000e+00,1.537121e+01,2.375348e+01,8.980562e-20,0.000000e+00
2.050250e-01,1.565061e+01,3.216367e+00,7.308063e+00,1.461613e+01,0.000000e+00,9.963000e+01,2.500000e-05,0.000000e+00,1.886698e+01,0.000000e+00,0.000000e+00,0.000000e+00,0.000000e+00,0.000000e+00,0.000000e+00,0.000000e+00,0.000000e+00,0.000000e+00,0.000000e+00,0.000000e+00,0.000000e+00,0.000000e+00,1.565061e+01,2.392663e+01,9.097364e-20,0.000000e+00
2.060250e-01,1.593356e+01,3.239649e+00,7.334465e+00,1.466893e+01,0.000000e+00,9.963000e+01,2.500000e-05,0.000000e+00,1.917321e+01,0.000000e+00,0.000000e+00,0.000000e+00,0.000000e+00,0.000000e+00,0.000000e+00,0.000000e+00,0.000000e+00,0.000000e+00,0.000000e+00,0.000000e+00,0.000000e+00,0.000000e+00,1.593356e+01,2.409983e+01,9.215014e-20,0.000000e+00
2.070250e-01,1.622008e+01,3.262936e+00,7.360777e+00,1.472155e+01,0.000000e+00,9.963000e+01,2.500000e-05,0.000000e+00,1.948302e+01,0.000000e+00,0.000000e+00,0.000000e+00,0.000000e+00,0.000000e+00,0.000000e+00,0.000000e+00,0.000000e+00,0.000000e+00,0.000000e+00,0.000000e+00,0.000000e+00,0.000000e+00,1.622008e+01,2.427306e+01,9.333513e-20,0.000000e+00
2.080250e-01,1.651019e+01,3.286226e+00,7.387001e+00,1.477400e+01,0.000000e+00,9.963000e+01,2.500000e-05,0.000000e+00,1.979642e+01,0.000000e+00,0.000000e+00,0.000000e+00,0.000000e+00,0.000000e+00,0.000000e+00,0.000000e+00,0.000000e+00,0.000000e+00,0.000000e+00,0.000000e+00,0.000000e+00,0.000000e+00,1.651019e+01,2.444631e+01,9.452861e-20,0.000000e+00
2.090250e-01,1.680392e+01,3.309519e+00,7.413134e+00,1.482627e+01,0.000000e+00,9.963000e+01,2.500000e-05,0.000000e+00,2.011343e+01,0.000000e+00,0.000000e+00,0.000000e+00,0.000000e+00,0.000000e+00,0.000000e+00,0.000000e+00,0.000000e+00,0.000000e+00,0.000000e+00,0.000000e+00,0.000000e+00,0.000000e+00,1.680392e+01,2.461959e+01,9.573059e-20,0.000000e+00
2.100250e-01,1.710128e+01,3.332813e+00,7.439178e+00,1.487836e+01,0.000000e+00,9.963000e+01,2.500000e-05,0.000000e+00,2.043409e+01,0.000000e+00,0.000000e+00,0.000000e+00,0.000000e+00,0.000000e+00,0.000000e+00,0.000000e+00,0.000000e+00,0.000000e+00,0.000000e+00,0.000000e+00,0.000000e+00,0.000000e+00,1.710128e+01,2.479288e+01,9.694105e-20,0.000000e+00
2.110250e-01,1.740231e+01,3.356109e+00,7.465132e+00,1.493026e+01,0.000000e+00,9.963000e+01,2.500000e-05,0.000000e+00,2.075842e+01,0.000000e+00,0.000000e+00,0.000000e+00,0.000000e+00,0.000000e+00,0.000000e+00,0.000000e+00,0.000000e+00,0.000000e+00,0.000000e+00,0.000000e+00,0.000000e+00,0.000000e+00,1.740231e+01,2.496618e+01,9.816001e-20,0.000000e+00
2.120250e-01,1.770702e+01,3.379405e+00,7.490996e+00,1.498199e+01,0.000000e+00,9.963000e+01,2.500000e-05,0.000000e+00,2.108642e+01,0.000000e+00,0.000000e+00,0.000000e+00,0.000000e+00,0.000000e+00,0.000000e+00,0.000000e+00,0.000000e+00,0.000000e+00,0.000000e+00,0.000000e+00,0.000000e+00,0.000000e+00,1.770702e+01,2.513948e+01,9.938746e-20,0.000000e+00
2.130250e-01,1.801544e+01,3.402701e+00,7.516771e+00,1.503354e+01,0.000000e+00,9.963000e+01,2.500000e-05,0.000000e+00,2.141814e+01,0.000000e+00,0.000000e+00,0.000000e+00,0.000000e+00,0.000000e+00,0.000000e+00,0.000000e+00,0.000000e+00,0.000000e+00,0.000000e+00,0.000000e+00,0.000000e+00,0.000000e+00,1.801544e+01,2.531277e+01,1.006234e-19,0.000000e+00
2.140250e-01,1.832760e+01,3.425995e+00,7.542456e+00,1.508491e+01,0.000000e+00,9.963000e+01,2.500000e-05,0.000000e+00,2.175360e+01,0.000000e+00,0.000000e+00,0.000000e+00,0.000000e+00,0.000000e+00,0.000000e+00,0.000000e+00,0.000000e+00,0.000000e+00,0.000000e+00,0.000000e+00,0.000000e+00,0.000000e+00,1.832760e+01,2.548606e+01,1.018678e-19,0.000000e+00
2.150250e-01,1.864352e+01,3.449287e+00,7.568052e+00,1.513610e+01,0.000000e+00,9.963000e+01,2.500000e-05,0.000000e+00,2.209281e+01,0.000000e+00,0.000000e+00,0.000000e+00,0.000000e+00,0.000000e+00,0.000000e+00,0.000000e+00,0.000000e+00,0.000000e+00,0.000000e+00,0.000000e+00,0.000000e+00,0.000000e+00,1.864352e+01,2.565933e+01,1.031208e-19,0.000000e+00
2.160250e-01,1.896322e+01,3.472575e+00,7.593557e+00,1.518711e+01,0.000000e+00,9.963000e+01,2.500000e-05,0.000000e+00,2.243579e+01,0.000000e+00,0.000000e+00,0.000000e+00,0.000000e+00,0.000000e+00,0.000000e+00,0.000000e+00,0.000000e+00,0.000000e+00,0.000000e+00,0.000000e+00,0.000000e+00,0.000000e+00,1.896322e+01,2.583257e+01,1.043822e-19,0.000000e+00
2.170250e-01,1.928672e+01,3.495860e+00,7.618974e+00,1.523795e+01,0.000000e+00,9.963000e+01,2.500000e-05,0.000000e+00,2.278259e+01,0.000000e+00,0.000000e+00,0.000000e+00,0.000000e+00,0.000000e+00,0.000000e+00,0.000000e+00,0.000000e+00,0.000000e+00,0.000000e+00,0.000000e+00,0.000000e+00,0.000000e+00,1.928672e+01,2.600579e+01,1.056521e-19,0.000000e+00
2.180250e-01,1.961406e+01,3.519140e+00,7.644300e+00,1.528860e+01,0.000000e+00,9.963000e+01,2.500000e-05,0.000000e+00,2.313320e+01,0.000000e+00,0.000000e+00,0.000000e+00,0.000000e+00,0.000000e+00,0.000000e+00,0.000000e+00,0.000000e+00,0.000000e+00,0.000000e+00,0.000000e+00,0.000000e+00,0.000000e+00,1.961406e+01,2.617897e+01,1.069305e-19,0.000000e+00
2.190250e-01,1.994525e+01,3.542415e+00,7.669537e+00,1.533907e+01,0.000000e+00,9.963000e+01,2.500000e-05,0.000000e+00,2.348766e+01,0.000000e+00,0.000000e+00,0.000000e+00,0.000000e+00,0.000000e+00,0.000000e+00,0.000000e+00,0.000000e+00,0.000000e+00,0.000000e+00,0.000000e+00,0.000000e+00,0.000000e+00,1.994525e+01,2.635211e+01,1.082174e-19,0.000000e+00
2.200250e-01,2.028031e+01,3.565683e+00,7.694684e+00,1.538937e+01,0.000000e+00,9.963000e+01,2.500000e-05,0.000000e+00,2.384599e+01,0.000000e+00,0.000000e+00,0.000000e+00,0.000000e+00,0.000000e+00,0.000000e+00,0.000000e+00,0.000000e+00,0.000000e+00,0.000000e+00,0.000000e+00,0.000000e+00,0.000000e+00,2.028031e+01,2.652520e+01,1.095128e-19,0.000000e+00
2.210250e-01,2.061927e+01,3.588943e+00,7.719741e+00,1.543948e+01,0.000000e+00,9.963000e+01,2.500000e-05,0.000000e+00,2.420822e+01,0.000000e+00,0.000000e+00,0.000000e+00,0.000000e+00,0.000000e+00,0.000000e+00,0.000000e+00,0.000000e+00,0.000000e+00,0.000000e+00,0.000000e+00,0.000000e+00,0.000000e+00,2.061927e+01,2.669824e+01,1.108166e-19,0.000000e+00
2.220250e-01,2.096216e+01,3.612196e+00,7.744709e+00,1.548942e+01,0.000000e+00,9.963000e+01,2.500000e-05,0.000000e+00,2.457436e+01,0.000000e+00,0.000000e+00,0.000000e+00,0.000000e+00,0.000000e+00,0.000000e+00,0.000000e+00,0.000000e+00,0.000000e+00,0.000000e+00,0.000000e+00,0.000000e+00,0.000000e+00,2.096216e+01,2.687122e+01,1.121290e-19,0.000000e+00
2.230250e-01,2.130899e+01,3.635440e+00,7.769588e+00,1.553918e+01,0.000000e+00,9.963000e+01,2.500000e-05,0.000000e+00,2.494443e+01,0.000000e+00,0.000000e+00,0.000000e+00,0.000000e+00,0.000000e+00,0.000000e+00,0.000000e+00,0.000000e+00,0.000000e+00,0.000000e+00,0.000000e+00,0.000000e+00,0.000000e+00,2.130899e+01,2.704413e+01,1.134498e-19,0.000000e+00
2.240250e-01,2.165980e+01,3.658675e+00,7.794376e+00,1.558875e+01,0.000000e+00,9.963000e+01,2.500000e-05,0.000000e+00,2.531847e+01,0.000000e+00,0.000000e+00,0.000000e+00,0.000000e+00,0.000000e+00,0.000000e+00,0.000000e+00,0.000000e+00,0.000000e+00,0.000000e+00,0.000000e+00,0.000000e+00,0.000000e+00,2.165980e+01,2.721697e+01,1.147791e-19,0.000000e+00
2.250250e-01,2.201459e+01,3.681899e+00,7.819075e+00,1.563815e+01,0.000000e+00,9.963000e+01,2.500000e-05,0.000000e+00,2.569649e+01,0.000000e+00,0.000000e+00,0.000000e+00,0.000000e+00,0.000000e+00,0.000000e+00,0.000000e+00,0.000000e+00,0.000000e+00,0.000000e+00,0.000000e+00,0.000000e+00,0.000000e+00,2.201459e+01,2.738973e+01,1.161168e-19,0.000000e+00
2.260250e-01,2.237341e+01,3.705111e+00,7.843684e+00,1.568737e+01,0.000000e+00,9.963000e+01,2.500000e-05,0.000000e+00,2.607852e+01,0.000000e+00,0.000000e+00,0.000000e+00,0.000000e+00,0.000000e+00,0.000000e+00,0.000000e+00,0.000000e+00,0.000000e+00,0.000000e+00,0.000000e+00,0.000000e+00,0.000000e+00,2.237341e+01,2.756241e+01,1.174630e-19,0.000000e+00
2.270250e-01,2.273626e+01,3.728312e+00,7.868203e+00,1.573641e+01,0.000000e+00,9.963000e+01,2.500000e-05,0.000000e+00,2.646457e+01,0.000000e+00,0.000000e+00,0.000000e+00,0.000000e+00,0.000000e+00,0.000000e+00,0.000000e+00,0.000000e+00,0.000000e+00,0.000000e+00,0.000000e+00,0.000000e+00,0.000000e+00,2.273626e+01,2.773500e+01,1.188177e-19,0.000000e+00
2.280250e-01,2.310318e+01,3.751500e+00,7.892633e+00,1.578527e+01,0.000000e+00,9.963000e+01,2.500000e-05,0.000000e+00,2.685468e+01,0.000000e+00,0.000000e+00,0.000000e+00,0.000000e+00,0.000000e+00,0.000000e+00,0.000000e+00,0.000000e+00,0.000000e+00,0.000000e+00,0.000000e+00,0.000000e+00,0.000000e+00,2.310318e+01,2.790750e+01,1.201809e-19,0.000000e+00
2.290250e-01,2.347418e+01,3.774674e+00,7.916973e+00,1.583395e+01,0.000000e+00,9.963000e+01,2.500000e-05,0.000000e+00,2.724885e+01,0.000000e+00,0.000000e+00,0.000000e+00,0.000000e+00,0.000000e+00,0.000000e+00,0.000000e+00,0.000000e+00,0.000000e+00,0.000000e+00,0.000000e+00,0.000000e+00,0.000000e+00,2.347418e+01,2.807989e+01,1.215524e-19,0.000000e+00
2.300250e-01,2.384929e+01,3.797834e+00,7.941224e+00,1.588245e+01,0.000000e+00,9.963000e+01,2.500000e-05,0.000000e+00,2.764713e+01,0.000000e+00,0.000000e+00,0.000000e+00,0.000000e+00,0.000000e+00,0.000000e+00,0.000000e+00,0.000000e+00,0.000000e+00,0.000000e+00,0.000000e+00,0.000000e+00,0.000000e+00,2.384929e+01,2.825218e+01,1.229325e-19,0.000000e+00
2.310250e-01,2.422854e+01,3.820978e+00,7.965384e+00,1.593077e+01,0.000000e+00,9.963000e+01,2.500000e-05,0.000000e+00,2.804951e+01,0.000000e+00,0.000000e+00,0.000000e+00,0.000000e+00,0.000000e+00,0.000000e+00,0.000000e+00,0.000000e+00,0.000000e+00,0.000000e+00,0.000000e+00,0.000000e+00,0.000000e+00,2.422854e+01,2.842435e+01,1.243210e-19,0.000000e+00
2.320250e-01,2.461194e+01,3.844107e+00,7.989455e+00,1.597891e+01,0.000000e+00,9.963000e+01,2.500000e-05,0.000000e+00,2.845605e+01,0.000000e+00,0.000000e+00,0.000000e+00,0.000000e+00,0.000000e+00,0.000000e+00,0.000000e+00,0.000000e+00,0.000000e+00,0.000000e+00,0.000000e+00,0.000000e+00,0.000000e+00,2.461194e+01,2.859640e+01,1.257179e-19,0.000000e+00
2.330250e-01,2.499952e+01,3.867219e+00,8.013436e+00,1.602687e+01,0.000000e+00,9.963000e+01,2.500000e-05,0.000000e+00,2.886674e+01,0.000000e+00,0.000000e+00,0.000000e+00,0.000000e+00,0.000000e+00,0.000000e+00,0.000000e+00,0.000000e+00,0.000000e+00,0.000000e+00,0.000000e+00,0.000000e+00,0.000000e+00,2.499952e+01,2.876833e+01,1.271232e-19,0.000000e+00
2.340250e-01,2.539130e+01,3.890313e+00,8.037329e+00,1.607466e+01,0.000000e+00,9.963000e+01,2.500000e-05,0.000000e+00,2.928161e+01,0.000000e+00,0.000000e+00,0.000000e+00,0.000000e+00,0.000000e+00,0.000000e+00,0.000000e+00,0.000000e+00,0.000000e+00,0.000000e+00,0.000000e+00,0.000000e+00,0.000000e+00,2.539130e+01,2.894013e+01,1.285370e-19,0.000000e+00
2.350250e-01,2.578730e+01,3.913389e+00,8.061131e+00,1.612226e+01,0.000000e+00,9.963000e+01,2.500000e-05,0.000000e+00,2.970069e+01,0.000000e+00,0.000000e+00,0.000000e+00,0.000000e+00,0.000000e+00,0.000000e+00,0.000000e+00,0.000000e+00,0.000000e+00,0.000000e+00,0.000000e+00,0.000000e+00,0.000000e+00,2.578730e+01,2.911180e+01,1.299592e-19,0.000000e+00
2.360250e-01,2.618755e+01,3.936446e+00,8.084843e+00,1.616969e+01,0.000000e+00,9.963000e+01,2.500000e-05,0.000000e+00,3.012400e+01,0.000000e+00,0.000000e+00,0.000000e+00,0.000000e+00,0.000000e+00,0.000000e+00,0.000000e+00,0.000000e+00,0.000000e+00,0.000000e+00,0.000000e+00,0.000000e+00,0.000000e+00,2.618755e+01,2.928332e+01,1.313898e-19,0.000000e+00
2.370250e-01,2.659207e+01,3.959483e+00,8.108466e+00,1.621693e+01,0.000000e+00,9.963000e+01,2.500000e-05,0.000000e+00,3.055156e+01,0.000000e+00,0.000000e+00,0.000000e+00,0.000000e+00,0.000000e+00,0.000000e+00,0.000000e+00,0.000000e+00,0.000000e+00,0.000000e+00,0.000000e+00,0.000000e+00,0.000000e+00,2.659207e+01,2.945469e+01,1.328288e-19,0.000000e+00
2.380250e-01,2.700089e+01,3.982500e+00,8.131999e+00,1.626400e+01,0.000000e+00,9.963000e+01,2.500000e-05,0.000000e+00,3.098339e+01,0.000000e+00,0.000000e+00,0.000000e+00,0.000000e+00,0.000000e+00,0.000000e+00,0.000000e+00,0.000000e+00,0.000000e+00,0.000000e+00,0.000000e+00,0.000000e+00,0.000000e+00,2.700089e+01,2.962591e+01,1.342762e-19,0.000000e+00
2.390250e-01,2.741401e+01,4.005495e+00,8.155442e+00,1.631088e+01,0.000000e+00,9.963000e+01,2.500000e-05,0.000000e+00,3.141951e+01,0.000000e+00,0.000000e+00,0.000000e+00,0.000000e+00,0.000000e+00,0.000000e+00,0.000000e+00,0.000000e+00,0.000000e+00,0.000000e+00,0.000000e+00,0.000000e+00,0.000000e+00,2.741401e+01,2.979697e+01,1.357319e-19,0.000000e+00
2.400250e-01,2.783148e+01,4.028468e+00,8.178796e+00,1.635759e+01,0.000000e+00,9.963000e+01,2.500000e-05,0.000000e+00,3.185995e+01,0.000000e+00,0.000000e+00,0.000000e+00,0.000000e+00,0.000000e+00,0.000000e+00,0.000000e+00,0.000000e+00,0.000000e+00,0.000000e+00,0.000000e+00,0.000000e+00,0.000000e+00,2.783148e+01,2.996787e+01,1.371961e-19,0.000000e+00
2.410250e-01,2.825331e+01,4.051418e+00,8.202061e+00,1.640412e+01,0.000000e+00,9.963000e+01,2.500000e-05,0.000000e+00,3.230473e+01,0.000000e+00,0.000000e+00,0.000000e+00,0.000000e+00,0.000000e+00,0.000000e+00,0.000000e+00,0.000000e+00,0.000000e+00,0.000000e+00,0.000000e+00,0.000000e+00,0.000000e+00,2.825331e+01,3.013859e+01,1.386686e-19,0.000000e+00
2.420250e-01,2.867952e+01,4.074344e+00,8.225235e+00,1.645047e+01,0.000000e+00,9.963000e+01,2.500000e-05,0.000000e+00,3.275386e+01,0.000000e+00,0.000000e+00,0.000000e+00,0.000000e+00,0.000000e+00,0.000000e+00,0.000000e+00,0.000000e+00,0.000000e+00,0.000000e+00,0.000000e+00,0.000000e+00,0.000000e+00,2.867952e+01,3.030914e+01,1.401495e-19,0.000000e+00
2.430250e-01,2.911013e+01,4.097246e+00,8.248320e+00,1.649664e+01,0.000000e+00,9.963000e+01,2.500000e-05,0.000000e+00,3.320737e+01,0.000000e+00,0.000000e+00,0.000000e+00,0.000000e+00,0.000000e+00,0.000000e+00,0.000000e+00,0.000000e+00,0.000000e+00,0.000000e+00,0.000000e+00,0.000000e+00,0.000000e+00,2.911013e+01,3.047951e+01,1.416388e-19,0.000000e+00
2.440250e-01,2.954517e+01,4.120123e+00,8.271315e+00,1.654263e+01,0.000000e+00,9.963000e+01,2.500000e-05,0.000000e+00,3.366529e+01,0.000000e+00,0.000000e+00,0.000000e+00,0.000000e+00,0.000000e+00,0.000000e+00,0.000000e+00,0.000000e+00,0.000000e+00,0.000000e+00,0.000000e+00,0.000000e+00,0.000000e+00,2.954517e+01,3.064969e+01,1.431364e-19,0.000000e+00
2.450250e-01,2.998466e+01,4.142974e+00,8.294220e+00,1.658844e+01,0.000000e+00,9.963000e+01,2.500000e-05,0.000000e+00,3.412763e+01,0.000000e+00,0.000000e+00,0.000000e+00,0.000000e+00,0.000000e+00,0.000000e+00,0.000000e+00,0.000000e+00,0.000000e+00,0.000000e+00,0.000000e+00,0.000000e+00,0.000000e+00,2.998466e+01,3.081968e+01,1.446423e-19,0.000000e+00
2.460250e-01,3.042862e+01,4.165798e+00,8.317036e+00,1.663407e+01,0.000000e+00,9.963000e+01,2.500000e-05,0.000000e+00,3.459442e+01,0.000000e+00,0.000000e+00,0.000000e+00,0.000000e+00,0.000000e+00,0.000000e+00,0.000000e+00,0.000000e+00,0.000000e+00,0.000000e+00,0.000000e+00,0.000000e+00,0.000000e+00,3.042862e+01,3.098948e+01,1.461566e-19,0.000000e+00
2.470250e-01,3.087707e+01,4.188595e+00,8.339762e+00,1.667952e+01,0.000000e+00,9.963000e+01,2.500000e-05,0.000000e+00,3.506567e+01,0.000000e+00,0.000000e+00,0.000000e+00,0.000000e+00,0.000000e+00,0.000000e+00,0.000000e+00,0.000000e+00,0.000000e+00,0.000000e+00,0.000000e+00,0.000000e+00,0.000000e+00,3.087707e+01,3.115906e+01,1.476792e-19,0.000000e+00
2.480250e-01,3.133004e+01,4.211364e+00,8.362398e+00,1.672480e+01,0.000000e+00,9.963000e+01,2.500000e-05,0.000000e+00,3.554140e+01,0.000000e+00,0.000000e+00,0.000000e+00,0.000000e+00,0.000000e+00,0.000000e+00,0.000000e+00,0.000000e+00,0.000000e+00,0.000000e+00,0.000000e+00,0.000000e+00,0.000000e+00,3.133004e+01,3.132844e+01,1.492101e-19,0.000000e+00
2.490250e-01,3.178755e+01,4.234104e+00,8.384945e+00,1.676989e+01,0.000000e+00,9.963000e+01,2.500000e-05,0.000000e+00,3.602165e+01,0.000000e+00,0.000000e+00,0.000000e+00,0.000000e+00,0.000000e+00,0.000000e+00,0.000000e+00,0.000000e+00,0.000000e+00,0.000000e+00,0.000000e+00,0.000000e+00,0.000000e+00,3.178755e+01,3.149760e+01,1.507493e-19,0.000000e+00
2.500250e-01,3.224962e+01,4.256815e+00,8.407402e+00,1.681480e+01,0.000000e+00,9.963000e+01,2.500000e-05,0.000000e+00,3.650643e+01,0.000000e+00,0.000000e+00,0.000000e+00,0.000000e+00,0.000000e+00,0.000000e+00,0.000000e+00,0.000000e+00,0.000000e+00,0.000000e+00,0.000000e+00,0.000000e+00,0.000000e+00,3.224962e+01,3.166655e+01,1.522967e-19,0.000000e+00
2.510250e-01,3.271627e+01,4.279495e+00,8.429770e+00,1.685954e+01,0.000000e+00,9.963000e+01,2.500000e-05,0.000000e+00,3.699576e+01,0.000000e+00,0.000000e+00,0.000000e+00,0.000000e+00,0.000000e+00,0.000000e+00,0.000000e+00,0.000000e+00,0.000000e+00,0.000000e+00,0.000000e+00,0.000000e+00,0.000000e+00,3.271627e+01,3.183527e+01,1.538525e-19,0.000000e+00
2.520250e-01,3.318752e+01,4.302144e+00,8.452047e+00,1.690409e+01,0.000000e+00,9.963000e+01,2.500000e-05,0.000000e+00,3.748966e+01,0.000000e+00,0.000000e+00,0.000000e+00,0.000000e+00,0.000000e+00,0.000000e+00,0.000000e+00,0.000000e+00,0.000000e+00,0.000000e+00,0.000000e+00,0.000000e+00,0.000000e+00,3.318752e+01,3.200375e+01,1.554165e-19,0.000000e+00
2.530250e-01,3.366339e+01,4.324761e+00,8.474236e+00,1.694847e+01,0.000000e+00,9.963000e+01,2.500000e-05,0.000000e+00,3.798815e+01,0.000000e+00,0.000000e+00,0.000000e+00,0.000000e+00,0.000000e+00,0.000000e+00,0.000000e+00,0.000000e+00,0.000000e+00,0.000000e+00,0.000000e+00,0.000000e+00,0.000000e+00,3.366339e+01,3.217200e+01,1.569888e-19,0.000000e+00
2.540250e-01,3.414391e+01,4.347346e+00,8.496334e+00,1.699267e+01,0.000000e+00,9.963000e+01,2.500000e-05,0.000000e+00,3.849126e+01,0.000000e+00,0.000000e+00,0.000000e+00,0.000000e+00,0.000000e+00,0.000000e+00,0.000000e+00,0.000000e+00,0.000000e+00,0.000000e+00,0.000000e+00,0.000000e+00,0.000000e+00,3.414391e+01,3.234002e+01,1.585693e-19,0.000000e+00
2.550250e-01,3.462910e+01,4.369898e+00,8.518343e+00,1.703669e+01,0.000000e+00,9.963000e+01,2.500000e-05,0.000000e+00,3.899900e+01,0.000000e+00,0.000000e+00,0.000000e+00,0.000000e+00,0.000000e+00,0.000000e+00,0.000000e+00,0.000000e+00,0.000000e+00,0.000000e+00,0.000000e+00,0.000000e+00,0.000000e+00,3.462910e+01,3.250778e+01,1.601580e-19,0.000000e+00
2.560250e-01,3.511898e+01,4.392416e+00,8.540262e+00,1.708052e+01,0.000000e+00,9.963000e+01,2.500000e-05,0.000000e+00,3.951140e+01,0.000000e+00,0.000000e+00,0.000000e+00,0.000000e+00,0.000000e+00,0.000000e+00,0.000000e+00,0.000000e+00,0.000000e+00,0.000000e+00,0.000000e+00,0.000000e+00,0.000000e+00,3.511898e+01,3.267529e+01,1.617550e-19,0.000000e+00
2.570250e-01,3.561357e+01,4.414899e+00,8.562091e+00,1.712418e+01,0.000000e+00,9.963000e+01,2.500000e-05,0.000000e+00,4.002847e+01,0.000000e+00,0.000000e+00,0.000000e+00,0.000000e+00,0.000000e+00,0.000000e+00,0.000000e+00,0.000000e+00,0.000000e+00,0.000000e+00,0.000000e+00,0.000000e+00,0.000000e+00,3.561357e+01,3.284254e+01,1.633601e-19,0.000000e+00
2.580250e-01,3.611290e+01,4.437347e+00,8.583831e+00,1.716766e+01,0.000000e+00,9.963000e+01,2.500000e-05,0.000000e+00,4.055024e+01,0.000000e+00,0.000000e+00,0.000000e+00,0.000000e+00,0.000000e+00,0.000000e+00,0.000000e+00,0.000000e+00,0.000000e+00,0.000000e+00,0.000000e+00,0.000000e+00,0.000000e+00,3.611290e+01,3.300953e+01,1.649735e-19,0.000000e+00
2.590250e-01,3.661697e+01,4.459759e+00,8.605481e+00,1.721096e+01,0.000000e+00,9.963000e+01,2.500000e-05,0.000000e+00,4.107673e+01,0.000000e+00,0.000000e+00,0.000000e+00,0.000000e+00,0.000000e+00,0.000000e+00,0.000000e+00,0.000000e+00,0.000000e+00,0.000000e+00,0.000000e+00,0.000000e+00,0.000000e+00,3.661697e+01,3.317626e+01,1.665950e-19,0.000000e+00
2.600250e-01,3.712582e+01,4.482134e+00,8.627042e+00,1.725408e+01,0.000000e+00,9.963000e+01,2.500000e-05,0.000000e+00,4.160796e+01,0.000000e+00,0.000000e+00,0.000000e+00,0.000000e+00,0.000000e+00,0.000000e+00,0.000000e+00,0.000000e+00,0.000000e+00,0.000000e+00,0.000000e+00,0.000000e+00,0.000000e+00,3.712582e+01,3.334271e+01,1.682247e-19,0.000000e+00
2.610250e-01,3.763947e+01,4.504472e+00,8.648512e+00,1.729702e+01,0.000000e+00,9.963000e+01,2.500000e-05,0.000000e+00,4.214394e+01,0.000000e+00,0.000000e+00,0.000000e+00,0.000000e+00,0.000000e+00,0.000000e+00,0.000000e+00,0.000000e+00,0.000000e+00,0.000000e+00,0.000000e+00,0.000000e+00,0.000000e+00,3.763947e+01,3.350888e+01,1.698626e-19,0.000000e+00
2.620250e-01,3.815793e+01,4.526772e+00,8.669893e+00,1.733979e+01,0.000000e+00,9.963000e+01,2.500000e-05,0.000000e+00,4.268470e+01,0.000000e+00,0.000000e+00,0.000000e+00,0.000000e+00,0.000000e+00,0.000000e+00,0.000000e+00,0.000000e+00,0.000000e+00,0.000000e+00,0.000000e+00,0.000000e+00,0.000000e+00,3.815793e+01,3.367477e+01,1.715085e-19,0.000000e+00
2.630250e-01,3.868123e+01,4.549033e+00,8.691185e+00,1.738237e+01,0.000000e+00,9.963000e+01,2.500000e-05,0.000000e+00,4.323026e+01,0.000000e+00,0.000000e+00,0.000000e+00,0.000000e+00,0.000000e+00,0.000000e+00,0.000000e+00,0.000000e+00,0.000000e+00,0.000000e+00,0.000000e+00,0.000000e+00,0.000000e+00,3.868123e+01,3.384037e+01,1.731627e-19,0.000000e+00
2.640250e-01,3.920939e+01,4.571254e+00,8.712386e+00,1.742477e+01,0.000000e+00,9.963000e+01,2.500000e-05,0.000000e+00,4.378064e+01,0.000000e+00,0.000000e+00,0.000000e+00,0.000000e+00,0.000000e+00,0.000000e+00,0.000000e+00,0.000000e+00,0.000000e+00,0.000000e+00,0.000000e+00,0.000000e+00,0.000000e+00,3.920939e+01,3.400567e+01,1.748249e-19,0.000000e+00
2.650250e-01,3.974242e+01,4.593435e+00,8.733499e+00,1.746700e+01,0.000000e+00,9.963000e+01,2.500000e-05,0.000000e+00,4.433586e+01,0.000000e+00,0.000000e+00,0.000000e+00,0.000000e+00,0.000000e+00,0.000000e+00,0.000000e+00,0.000000e+00,0.000000e+00,0.000000e+00,0.000000e+00,0.000000e+00,0.000000e+00,3.974242e+01,3.417068e+01,1.764952e-19,0.000000e+00
2.660250e-01,4.028036e+01,4.615576e+00,8.754521e+00,1.750904e+01,0.000000e+00,9.963000e+01,2.500000e-05,0.000000e+00,4.489594e+01,0.000000e+00,0.000000e+00,0.000000e+00,0.000000e+00,0.000000e+00,0.000000e+00,0.000000e+00,0.000000e+00,0.000000e+00,0.000000e+00,0.000000e+00,0.000000e+00,0.000000e+00,4.028036e+01,3.433538e+01,1.781736e-19,0.000000e+00
2.670250e-01,4.082322e+01,4.637675e+00,8.775454e+00,1.755091e+01,0.000000e+00,9.963000e+01,2.500000e-05,0.000000e+00,4.546089e+01,0.000000e+00,0.000000e+00,0.000000e+00,0.000000e+00,0.000000e+00,0.000000e+00,0.000000e+00,0.000000e+00,0.000000e+00,0.000000e+00,0.000000e+00,0.000000e+00,0.000000e+00,4.082322e+01,3.449977e+01,1.798601e-19,0.000000e+00
2.680250e-01,4.137101e+01,4.659731e+00,8.796297e+00,1.759259e+01,0.000000e+00,9.963000e+01,2.500000e-05,0.000000e+00,4.603075e+01,0.000000e+00,0.000000e+00,0.000000e+00,0.000000e+00,0.000000e+00,0.000000e+00,0.000000e+00,0.000000e+00,0.000000e+00,0.000000e+00,0.000000e+00,0.000000e+00,0.000000e+00,4.137101e+01,3.466385e+01,1.815546e-19,0.000000e+00
2.690250e-01,4.192377e+01,4.681745e+00,8.817050e+00,1.763410e+01,0.000000e+00,9.963000e+01,2.500000e-05,0.000000e+00,4.660552e+01,0.000000e+00,0.000000e+00,0.000000e+00,0.000000e+00,0.000000e+00,0.000000e+00,0.000000e+00,0.000000e+00,0.000000e+00,0.000000e+00,0.000000e+00,0.000000e+00,0.000000e+00,4.192377e+01,3.482761e+01,1.832571e-19,0.000000e+00
2.700250e-01,4.248151e+01,4.703715e+00,8.837714e+00,1.767543e+01,0.000000e+00,9.963000e+01,2.500000e-05,0.000000e+00,4.718523e+01,0.000000e+00,0.000000e+00,0.000000e+00,0.000000e+00,0.000000e+00,0.000000e+00,0.000000e+00,0.000000e+00,0.000000e+00,0.000000e+00,0.000000e+00,0.000000e+00,0.000000e+00,4.248151e+01,3.499105e+01,1.849677e-19,0.000000e+00
2.710250e-01,4.304425e+01,4.725641e+00,8.858288e+00,1.771658e+01,0.000000e+00,9.963000e+01,2.500000e-05,0.000000e+00,4.776989e+01,0.000000e+00,0.000000e+00,0.000000e+00,0.000000e+00,0.000000e+00,0.000000e+00,0.000000e+00,0.000000e+00,0.000000e+00,0.000000e+00,0.000000e+00,0.000000e+00,0.000000e+00,4.304425e+01,3.515416e+01,1.866863e-19,0.000000e+00
2.720250e-01,4.361201e+01,4.747522e+00,8.878773e+00,1.775755e+01,0.000000e+00,9.963000e+01,2.500000e-05,0.000000e+00,4.835954e+01,0.000000e+00,0.000000e+00,0.000000e+00,0.000000e+00,0.000000e+00,0.000000e+00,0.000000e+00,0.000000e+00,0.000000e+00,0.000000e+00,0.000000e+00,0.000000e+00,0.000000e+00,4.361201e+01,3.531693e+01,1.884128e-19,0.000000e+00
2.730250e-01,4.418482e+01,4.769357e+00,8.899167e+00,1.779833e+01,0.000000e+00,9.963000e+01,2.500000e-05,0.000000e+00,4.895418e+01,0.000000e+00,0.000000e+00,0.000000e+00,0.000000e+00,0.000000e+00,0.000000e+00,0.000000e+00,0.000000e+00,0.000000e+00,0.000000e+00,0.000000e+00,0.000000e+00,0.000000e+00,4.418482e+01,3.547936e+01,1.901474e-19,0.000000e+00
2.740250e-01,4.476269e+01,4.791146e+00,8.919473e+00,1.783895e+01,0.000000e+00,9.963000e+01,2.500000e-05,0.000000e+00,4.955383e+01,0.000000e+00,0.000000e+00,0.000000e+00,0.000000e+00,0.000000e+00,0.000000e+00,0.000000e+00,0.000000e+00,0.000000e+00,0.000000e+00,0.000000e+00,0.000000e+00,0.000000e+00,4.476269e+01,3.564145e+01,1.918899e-19,0.000000e+00
2.750250e-01,4.534564e+01,4.812889e+00,8.939688e+00,1.787938e+01,0.000000e+00,9.963000e+01,2.500000e-05,0.000000e+00,5.015852e+01,0.000000e+00,0.000000e+00,0.000000e+00,0.000000e+00,0.000000e+00,0.000000e+00,0.000000e+00,0.000000e+00,0.000000e+00,0.000000e+00,0.000000e+00,0.000000e+00,0.000000e+00,4.534564e+01,3.580320e+01,1.936403e-19,0.000000e+00
2.760250e-01,4.593369e+01,4.834583e+00,8.959814e+00,1.791963e+01,0.000000e+00,9.963000e+01,2.500000e-05,0.000000e+00,5.076827e+01,0.000000e+00,0.000000e+00,0.000000e+00,0.000000e+00,0.000000e+00,0.000000e+00,0.000000e+00,0.000000e+00,0.000000e+00,0.000000e+00,0.000000e+00,0.000000e+00,0.000000e+00,4.593369e+01,3.596458e+01,1.953986e-19,0.000000e+00
2.770250e-01,4.652686e+01,4.856230e+00,8.979850e+00,1.795970e+01,0.000000e+00,9.963000e+01,2.500000e-05,0.000000e+00,5.138309e+01,0.000000e+00,0.000000e+00,0.000000e+00,0.000000e+00,0.000000e+00,0.000000e+00,0.000000e+00,0.000000e+00,0.000000e+00,0.000000e+00,0.000000e+00,0.000000e+00,0.000000e+00,4.652686e+01,3.612561e+01,1.971649e-19,0.000000e+00
2.780250e-01,4.712517e+01,4.877828e+00,8.999796e+00,1.799959e+01,0.000000e+00,9.963000e+01,2.500000e-05,0.000000e+00,5.200299e+01,0.000000e+00,0.000000e+00,0.000000e+00,0.000000e+00,0.000000e+00,0.000000e+00,0.000000e+00,0.000000e+00,0.000000e+00,0.000000e+00,0.000000e+00,0.000000e+00,0.000000e+00,4.712517e+01,3.628628e+01,1.989390e-19,0.000000e+00
2.790250e-01,4.772864e+01,4.899376e+00,9.019653e+00,1.803931e+01,0.000000e+00,9.963000e+01,2.500000e-05,0.000000e+00,5.262802e+01,0.000000e+00,0.000000e+00,0.000000e+00,0.000000e+00,0.000000e+00,0.000000e+00,0.000000e+00,0.000000e+00,0.000000e+00,0.000000e+00,0.000000e+00,0.000000e+00,0.000000e+00,4.772864e+01,3.644658e+01,2.007210e-19,0.000000e+00
2.800250e-01,4.833729e+01,4.920874e+00,9.039420e+00,1.807884e+01,0.000000e+00,9.963000e+01,2.500000e-05,0.000000e+00,5.325816e+01,0.000000e+00,0.000000e+00,0.000000e+00,0.000000e+00,0.000000e+00,0.000000e+00,0.000000e+00,0.000000e+00,0.000000e+00,0.000000e+00,0.000000e+00,0.000000e+00,0.000000e+00,4.833729e+01,3.660650e+01,2.025109e-19,0.000000e+00
2.810250e-01,4.895114e+01,4.942321e+00,9.059097e+00,1.811819e+01,0.000000e+00,9.963000e+01,2.500000e-05,0.000000e+00,5.389346e+01,0.000000e+00,0.000000e+00,0.000000e+00,0.000000e+00,0.000000e+00,0.000000e+00,0.000000e+00,0.000000e+00,0.000000e+00,0.000000e+00,0.000000e+00,0.000000e+00,0.000000e+00,4.895114e+01,3.676605e+01,2.043086e-19,0.000000e+00
2.820250e-01,4.957021e+01,4.963717e+00,9.078685e+00,1.815737e+01,0.000000e+00,9.963000e+01,2.500000e-05,0.000000e+00,5.453393e+01,0.000000e+00,0.000000e+00,0.000000e+00,0.000000e+00,0.000000e+00,0.000000e+00,0.000000e+00,0.000000e+00,0.000000e+00,0.000000e+00,0.000000e+00,0.000000e+00,0.000000e+00,4.957021e+01,3.692521e+01,2.061141e-19,0.000000e+00
2.830250e-01,5.019452e+01,4.985061e+00,9.098184e+00,1.819637e+01,0.000000e+00,9.963000e+01,2.500000e-05,0.000000e+00,5.517958e+01,0.000000e+00,0.000000e+00,0.000000e+00,0.000000e+00,0.000000e+00,0.000000e+00,0.000000e+00,0.000000e+00,0.000000e+00,0.000000e+00,0.000000e+00,0.000000e+00,0.000000e+00,5.019452e+01,3.708399e+01,2.079274e-19,0.000000e+00
2.840250e-01,5.082408e+01,5.006352e+00,9.117592e+00,1.823518e+01,0.000000e+00,9.963000e+01,2.500000e-05,0.000000e+00,5.583043e+01,0.000000e+00,0.000000e+00,0.000000e+00,0.000000e+00,0.000000e+00,0.000000e+00,0.000000e+00,0.000000e+00,0.000000e+00,0.000000e+00,0.000000e+00,0.000000e+00,0.000000e+00,5.082408e+01,3.724237e+01,2.097484e-19,0.000000e+00
2.850250e-01,5.145891e+01,5.027590e+00,9.136910e+00,1.827382e+01,0.000000e+00,9.963000e+01,2.500000e-05,0.000000e+00,5.648650e+01,0.000000e+00,0.000000e+00,0.000000e+00,0.000000e+00,0.000000e+00,0.000000e+00,0.000000e+00,0.000000e+00,0.000000e+00,0.000000e+00,0.000000e+00,0.000000e+00,0.000000e+00,5.145891e+01,3.740036e+01,2.115772e-19,0.000000e+00
2.860250e-01,5.209904e+01,5.048774e+00,9.156139e+00,1.831228e+01,0.000000e+00,9.963000e+01,2.500000e-05,0.000000e+00,5.714782e+01,0.000000e+00,0.000000e+00,0.000000e+00,0.000000e+00,0.000000e+00,0.000000e+00,0.000000e+00,0.000000e+00,0.000000e+00,0.000000e+00,0.000000e+00,0.000000e+00,0.000000e+00,5.209904e+01,3.755795e+01,2.134138e-19,0.000000e+00
2.870250e-01,5.274449e+01,5.069903e+00,9.175279e+00,1.835056e+01,0.000000e+00,9.963000e+01,2.500000e-05,0.000000e+00,5.781439e+01,0.000000e+00,0.000000e+00,0.000000e+00,0.000000e+00,0.000000e+00,0.000000e+00,0.000000e+00,0.000000e+00,0.000000e+00,0.000000e+00,0.000000e+00,0.000000e+00,0.000000e+00,5.274449e+01,3.771513e+01,2.152581e-19,0.000000e+00
2.880250e-01,5.339526e+01,5.090977e+00,9.194328e+00,1.838866e+01,0.000000e+00,9.963000e+01,2.500000e-05,0.000000e+00,5.848624e+01,0.000000e+00,0.000000e+00,0.000000e+00,0.000000e+00,0.000000e+00,0.000000e+00,0.000000e+00,0.000000e+00,0.000000e+00,0.000000e+00,0.000000e+00,0.000000e+00,0.000000e+00,5.339526e+01,3.787190e+01,2.171100e-19,0.000000e+00
2.890250e-01,5.405138e+01,5.111996e+00,9.213289e+00,1.842658e+01,0.000000e+00,9.963000e+01,2.500000e-05,0.000000e+00,5.916338e+01,0.000000e+00,0.000000e+00,0.000000e+00,0.000000e+00,0.000000e+00,0.000000e+00,0.000000e+00,0.000000e+00,0.000000e+00,0.000000e+00,0.000000e+00,0.000000e+00,0.000000e+00,5.405138e+01,3.802826e+01,2.189697e-19,0.000000e+00
2.900250e-01,5.471288e+01,5.132957e+00,9.232160e+00,1.846432e+01,0.000000e+00,9.963000e+01,2.500000e-05,0.000000e+00,5.984583e+01,0.000000e+00,0.000000e+00,0.000000e+00,0.000000e+00,0.000000e+00,0.000000e+00,0.000000e+00,0.000000e+00,0.000000e+00,0.000000e+00,0.000000e+00,0.000000e+00,0.000000e+00,5.471288e+01,3.818420e+01,2.208370e-19,0.000000e+00
2.910250e-01,5.537975e+01,5.153862e+00,9.250940e+00,1.850188e+01,0.000000e+00,9.963000e+01,2.500000e-05,0.000000e+00,6.053362e+01,0.000000e+00,0.000000e+00,0.000000e+00,0.000000e+00,0.000000e+00,0.000000e+00,0.000000e+00,0.000000e+00,0.000000e+00,0.000000e+00,0.000000e+00,0.000000e+00,0.000000e+00,5.537975e+01,3.833971e+01,2.227119e-19,0.000000e+00
2.920250e-01,5.605203e+01,5.174710e+00,9.269631e+00,1.853926e+01,0.000000e+00,9.963000e+01,2.500000e-05,0.000000e+00,6.122674e+01,0.000000e+00,0.000000e+00,0.000000e+00,0.000000e+00,0.000000e+00,0.000000e+00,0.000000e+00,0.000000e+00,0.000000e+00,0.000000e+00,0.000000e+00,0.000000e+00,0.000000e+00,5.605203e+01,3.849479e+01,2.245944e-19,0.000000e+00
2.930250e-01,5.672974e+01,5.195499e+00,9.288233e+00,1.857647e+01,0.000000e+00,9.963000e+01,2.500000e-05,0.000000e+00,6.192524e+01,0.000000e+00,0.000000e+00,0.000000e+00,0.000000e+00,0.000000e+00,0.000000e+00,0.000000e+00,0.000000e+00,0.000000e+00,0.000000e+00,0.000000e+00,0.000000e+00,0.000000e+00,5.672974e+01,3.864944e+01,2.264846e-19,0.000000e+00
2.940250e-01,5.741288e+01,5.216229e+00,9.306745e+00,1.861349e+01,0.000000e+00,9.963000e+01,2.500000e-05,0.000000e+00,6.262911e+01,0.000000e+00,0.000000e+00,0.000000e+00,0.000000e+00,0.000000e+00,0.000000e+00,0.000000e+00,0.000000e+00,0.000000e+00,0.000000e+00,0.000000e+00,0.000000e+00,0.000000e+00,5.741288e+01,3.880365e+01,2.283823e-19,0.000000e+00
2.950250e-01,5.810149e+01,5.236900e+00,9.325167e+00,1.865033e+01,0.000000e+00,9.963000e+01,2.500000e-05,0.000000e+00,6.333839e+01,0.000000e+00,0.000000e+00,0.000000e+00,0.000000e+00,0.000000e+00,0.000000e+00,0.000000e+00,0.000000e+00,0.000000e+00,0.000000e+00,0.000000e+00,0.000000e+00,0.000000e+00,5.810149e+01,3.895742e+01,2.302875e-19,0.000000e+00
2.960250e-01,5.879557e+01,5.257511e+00,9.343499e+00,1.868700e+01,0.000000e+00,9.963000e+01,2.500000e-05,0.000000e+00,6.405308e+01,0.000000e+00,0.000000e+00,0.000000e+00,0.000000e+00,0.000000e+00,0.000000e+00,0.000000e+00,0.000000e+00,0.000000e+00,0.000000e+00,0.000000e+00,0.000000e+00,0.000000e+00,5.879557e+01,3.911075e+01,2.322003e-19,0.000000e+00
2.970250e-01,5.949514e+01,5.278061e+00,9.361742e+00,1.872348e+01,0.000000e+00,9.963000e+01,2.500000e-05,0.000000e+00,6.477320e+01,0.000000e+00,0.000000e+00,0.000000e+00,0.000000e+00,0.000000e+00,0.000000e+00,0.000000e+00,0.000000e+00,0.000000e+00,0.000000e+00,0.000000e+00,0.000000e+00,0.000000e+00,5.949514e+01,3.926362e+01,2.341206e-19,0.000000e+00
2.980250e-01,6.020022e+01,5.298550e+00,9.379894e+00,1.875979e+01,0.000000e+00,9.963000e+01,2.500000e-05,0.000000e+00,6.549877e+01,0.000000e+00,0.000000e+00,0.000000e+00,0.000000e+00,0.000000e+00,0.000000e+00,0.000000e+00,0.000000e+00,0.000000e+00,0.000000e+00,0.000000e+00,0.000000e+00,0.000000e+00,6.020022e+01,3.941604e+01,2.360484e-19,0.000000e+00
2.990250e-01,6.091084e+01,5.318977e+00,9.397958e+00,1.879592e+01,0.000000e+00,9.963000e+01,2.500000e-05,0.000000e+00,6.622981e+01,0.000000e+00,0.000000e+00,0.000000e+00,0.000000e+00,0.000000e+00,0.000000e+00,0.000000e+00,0.000000e+00,0.000000e+00,0.000000e+00,0.000000e+00,0.000000e+00,0.000000e+00,6.091084e+01,3.956800e+01,2.379836e-19,0.000000e+00
3.000250e-01,6.162699e+01,5.339342e+00,9.415932e+00,1.883186e+01,0.000000e+00,9.963000e+01,2.500000e-05,0.000000e+00,6.696633e+01,0.000000e+00,0.000000e+00,0.000000e+00,0.000000e+00,0.000000e+00,0.000000e+00,0.000000e+00,0.000000e+00,0.000000e+00,0.000000e+00,0.000000e+00,0.000000e+00,0.000000e+00,6.162699e+01,3.971949e+01,2.399263e-19,0.000000e+00
3.010250e-01,6.234871e+01,5.359643e+00,9.433816e+00,1.886763e+01,0.000000e+00,9.963000e+01,2.500000e-05,0.000000e+00,6.770836e+01,0.000000e+00,0.000000e+00,0.000000e+00,0.000000e+00,0.000000e+00,0.000000e+00,0.000000e+00,0.000000e+00,0.000000e+00,0.000000e+00,0.000000e+00,0.000000e+00,0.000000e+00,6.234871e+01,3.987052e+01,2.418764e-19,0.000000e+00
3.020250e-01,6.307602e+01,5.379882e+00,9.451611e+00,1.890322e+01,0.000000e+00,9.963000e+01,2.500000e-05,0.000000e+00,6.845589e+01,0.000000e+00,0.000000e+00,0.000000e+00,0.000000e+00,0.000000e+00,0.000000e+00,0.000000e+00,0.000000e+00,0.000000e+00,0.000000e+00,0.000000e+00,0.000000e+00,0.000000e+00,6.307602e+01,4.002107e+01,2.438339e-19,0.000000e+00
3.030250e-01,6.380891e+01,5.400056e+00,9.469315e+00,1.893863e+01,0.000000e+00,9.963000e+01,2.500000e-05,0.000000e+00,6.920897e+01,0.000000e+00,0.000000e+00,0.000000e+00,0.000000e+00,0.000000e+00,0.000000e+00,0.000000e+00,0.000000e+00,0.000000e+00,0.000000e+00,0.000000e+00,0.000000e+00,0.000000e+00,6.380891e+01,4.017115e+01,2.457987e-19,0.000000e+00
3.040250e-01,6.454742e+01,5.420165e+00,9.486930e+00,1.897386e+01,0.000000e+00,9.963000e+01,2.500000e-05,0.000000e+00,6.996759e+01,0.000000e+00,0.000000e+00,0.000000e+00,0.000000e+00,0.000000e+00,0.000000e+00,0.000000e+00,0.000000e+00,0.000000e+00,0.000000e+00,0.000000e+00,0.000000e+00,0.000000e+00,6.454742e+01,4.032074e+01,2.477709e-19,0.000000e+00
3.050250e-01,6.529156e+01,5.440209e+00,9.504456e+00,1.900891e+01,0.000000e+00,9.963000e+01,2.500000e-05,0.000000e+00,7.073177e+01,0.000000e+00,0.000000e+00,0.000000e+00,0.000000e+00,0.000000e+00,0.000000e+00,0.000000e+00,0.000000e+00,0.000000e+00,0.000000e+00,0.000000e+00,0.000000e+00,0.000000e+00,6.529156e+01,4.046985e+01,2.497504e-19,0.000000e+00
3.060250e-01,6.604136e+01,5.460187e+00,9.521892e+00,1.904378e+01,0.000000e+00,9.963000e+01,2.500000e-05,0.000000e+00,7.150154e+01,0.000000e+00,0.000000e+00,0.000000e+00,0.000000e+00,0.000000e+00,0.000000e+00,0.000000e+00,0.000000e+00,0.000000e+00,0.000000e+00,0.000000e+00,0.000000e+00,0.000000e+00,6.604136e+01,4.061847e+01,2.517373e-19,0.000000e+00
3.070250e-01,6.679681e+01,5.480099e+00,9.539237e+00,1.907847e+01,0.000000e+00,9.963000e+01,2.500000e-05,0.000000e+00,7.227691e+01,0.000000e+00,0.000000e+00,0.000000e+00,0.000000e+00,0.000000e+00,0.000000e+00,0.000000e+00,0.000000e+00,0.000000e+00,0.000000e+00,0.000000e+00,0.000000e+00,0.000000e+00,6.679681e+01,4.076659e+01,2.537313e-19,0.000000e+00
3.080250e-01,6.755795e+01,5.499944e+00,9.556494e+00,1.911299e+01,0.000000e+00,9.963000e+01,2.500000e-05,0.000000e+00,7.305788e+01,0.000000e+00,0.000000e+00,0.000000e+00,0.000000e+00,0.000000e+00,0.000000e+00,0.000000e+00,0.000000e+00,0.000000e+00,0.000000e+00,0.000000e+00,0.000000e+00,0.000000e+00,6.755795e+01,4.091422e+01,2.557327e-19,0.000000e+00
3.090250e-01,6.832478e+01,5.519722e+00,9.573661e+00,1.914732e+01,0.000000e+00,9.963000e+01,2.500000e-05,0.000000e+00,7.384450e+01,0.000000e+00,0.000000e+00,0.000000e+00,0.000000e+00,0.000000e+00,0.000000e+00,0.000000e+00,0.000000e+00,0.000000e+00,0.000000e+00,0.000000e+00,0.000000e+00,0.000000e+00,6.832478e+01,4.106134e+01,2.577413e-19,0.000000e+00
3.100250e-01,6.909731e+01,5.539431e+00,9.590737e+00,1.918147e+01,0.000000e+00,9.963000e+01,2.500000e-05,0.000000e+00,7.463675e+01,0.000000e+00,0.000000e+00,0.000000e+00,0.000000e+00,0.000000e+00,0.000000e+00,0.000000e+00,0.000000e+00,0.000000e+00,0.000000e+00,0.000000e+00,0.000000e+00,0.000000e+00,6.909731e+01,4.120796e+01,2.597570e-19,0.000000e+00
3.110250e-01,6.987559e+01,5.559071e+00,9.607725e+00,1.921545e+01,0.000000e+00,9.963000e+01,2.500000e-05,0.000000e+00,7.543465e+01,0.000000e+00,0.000000e+00,0.000000e+00,0.000000e+00,0.000000e+00,0.000000e+00,0.000000e+00,0.000000e+00,0.000000e+00,0.000000e+00,0.000000e+00,0.000000e+00,0.000000e+00,6.987559e+01,4.135406e+01,2.617800e-19,0.000000e+00
3.120250e-01,7.065960e+01,5.578643e+00,9.624622e+00,1.924924e+01,0.000000e+00,9.963000e+01,2.500000e-05,0.000000e+00,7.623824e+01,0.000000e+00,0.000000e+00,0.000000e+00,0.000000e+00,0.000000e+00,0.000000e+00,0.000000e+00,0.000000e+00,0.000000e+00,0.000000e+00,0.000000e+00,0.000000e+00,0.000000e+00,7.065960e+01,4.149966e+01,2.638101e-19,0.000000e+00
3.130250e-01,7.144938e+01,5.598145e+00,9.641431e+00,1.928286e+01,0.000000e+00,9.963000e+01,2.500000e-05,0.000000e+00,7.704752e+01,0.000000e+00,0.000000e+00,0.000000e+00,0.000000e+00,0.000000e+00,0.000000e+00,0.000000e+00,0.000000e+00,0.000000e+00,0.000000e+00,0.000000e+00,0.000000e+00,0.000000e+00,7.144938e+01,4.164473e+01,2.658473e-19,0.000000e+00
3.140250e-01,7.224493e+01,5.617576e+00,9.658150e+00,1.931630e+01,0.000000e+00,9.963000e+01,2.500000e-05,0.000000e+00,7.786250e+01,0.000000e+00,0.000000e+00,0.000000e+00,0.000000e+00,0.000000e+00,0.000000e+00,0.000000e+00,0.000000e+00,0.000000e+00,0.000000e+00,0.000000e+00,0.000000e+00,0.000000e+00,7.224493e+01,4.178928e+01,2.678916e-19,0.000000e+00
3.150250e-01,7.304626e+01,5.636936e+00,9.674778e+00,1.934956e+01,0.000000e+00,9.963000e+01,2.500000e-05,0.000000e+00,7.868320e+01,0.000000e+00,0.000000e+00,0.000000e+00,0.000000e+00,0.000000e+00,0.000000e+00,0.000000e+00,0.000000e+00,0.000000e+00,0.000000e+00,0.000000e+00,0.000000e+00,0.000000e+00,7.304626e+01,4.193330e+01,2.699431e-19,0.000000e+00
3.160250e-01,7.385342e+01,5.656226e+00,9.691318e+00,1.938264e+01,0.000000e+00,9.963000e+01,2.500000e-05,0.000000e+00,7.950964e+01,0.000000e+00,0.000000e+00,0.000000e+00,0.000000e+00,0.000000e+00,0.000000e+00,0.000000e+00,0.000000e+00,0.000000e+00,0.000000e+00,0.000000e+00,0.000000e+00,0.000000e+00,7.385342e+01,4.207680e+01,2.720015e-19,0.000000e+00
3.170250e-01,7.466638e+01,5.675443e+00,9.707767e+00,1.941553e+01,0.000000e+00,9.963000e+01,2.500000e-05,0.000000e+00,8.034183e+01,0.000000e+00,0.000000e+00,0.000000e+00,0.000000e+00,0.000000e+00,0.000000e+00,0.000000e+00,0.000000e+00,0.000000e+00,0.000000e+00,0.000000e+00,0.000000e+00,0.000000e+00,7.466638e+01,4.221976e+01,2.740670e-19,0.000000e+00
3.180250e-01,7.548519e+01,5.694588e+00,9.724126e+00,1.944825e+01,0.000000e+00,9.963000e+01,2.500000e-05,0.000000e+00,8.117978e+01,0.000000e+00,0.000000e+00,0.000000e+00,0.000000e+00,0.000000e+00,0.000000e+00,0.000000e+00,0.000000e+00,0.000000e+00,0.000000e+00,0.000000e+00,0.000000e+00,0.000000e+00,7.548519e+01,4.236217e+01,2.761394e-19,0.000000e+00
3.190250e-01,7.630985e+01,5.713660e+00,9.740396e+00,1.948079e+01,0.000000e+00,9.963000e+01,2.500000e-05,0.000000e+00,8.202351e+01,0.000000e+00,0.000000e+00,0.000000e+00,0.000000e+00,0.000000e+00,0.000000e+00,0.000000e+00,0.000000e+00,0.000000e+00,0.000000e+00,0.000000e+00,0.000000e+00,0.000000e+00,7.630985e+01,4.250405e+01,2.782189e-19,0.000000e+00
3.200250e-01,7.714037e+01,5.732658e+00,9.756577e+00,1.951315e+01,0.000000e+00,9.963000e+01,2.500000e-05,0.000000e+00,8.287303e+01,0.000000e+00,0.000000e+00,0.000000e+00,0.000000e+00,0.000000e+00,0.000000e+00,0.000000e+00,0.000000e+00,0.000000e+00,0.000000e+00,0.000000e+00,0.000000e+00,0.000000e+00,7.714037e+01,4.264538e+01,2.803052e-19,0.000000e+00
3.210250e-01,7.797678e+01,5.751583e+00,9.772668e+00,1.954534e+01,0.000000e+00,9.963000e+01,2.500000e-05,0.000000e+00,8.372836e+01,0.000000e+00,0.000000e+00,0.000000e+00,0.000000e+00,0.000000e+00,0.000000e+00,0.000000e+00,0.000000e+00,0.000000e+00,0.000000e+00,0.000000e+00,0.000000e+00,0.000000e+00,7.797678e+01,4.278616e+01,2.823986e-19,0.000000e+00
3.220250e-01,7.881908e+01,5.770432e+00,9.788669e+00,1.957734e+01,0.000000e+00,9.963000e+01,2.500000e-05,0.000000e+00,8.458952e+01,0.000000e+00,0.000000e+00,0.000000e+00,0.000000e+00,0.000000e+00,0.000000e+00,0.000000e+00,0.000000e+00,0.000000e+00,0.000000e+00,0.000000e+00,0.000000e+00,0.000000e+00,7.881908e+01,4.292638e+01,2.844987e-19,0.000000e+00
3.230250e-01,7.966730e+01,5.789207e+00,9.804580e+00,1.960916e+01,0.000000e+00,9.963000e+01,2.500000e-05,0.000000e+00,8.545650e+01,0.000000e+00,0.000000e+00,0.000000e+00,0.000000e+00,0.000000e+00,0.000000e+00,0.000000e+00,0.000000e+00,0.000000e+00,0.000000e+00,0.000000e+00,0.000000e+00,0.000000e+00,7.966730e+01,4.306605e+01,2.866058e-19,0.000000e+00
3.240250e-01,8.052144e+01,5.807907e+00,9.820402e+00,1.964080e+01,0.000000e+00,9.963000e+01,2.500000e-05,0.000000e+00,8.632935e+01,0.000000e+00,0.000000e+00,0.000000e+00,0.000000e+00,0.000000e+00,0.000000e+00,0.000000e+00,0.000000e+00,0.000000e+00,0.000000e+00,0.000000e+00,0.000000e+00,0.000000e+00,8.052144e+01,4.320516e+01,2.887197e-19,0.000000e+00
3.250250e-01,8.138152e+01,5.826530e+00,9.836134e+00,1.967227e+01,0.000000e+00,9.963000e+01,2.500000e-05,0.000000e+00,8.720805e+01,0.000000e+00,0.000000e+00,0.000000e+00,0.000000e+00,0.000000e+00,0.000000e+00,0.000000e+00,0.000000e+00,0.000000e+00,0.000000e+00,0.000000e+00,0.000000e+00,0.000000e+00,8.138152e+01,4.334370e+01,2.908404e-19,0.000000e+00
3.260250e-01,8.224755e+01,5.845076e+00,9.851776e+00,1.970355e+01,0.000000e+00,9.963000e+01,2.500000e-05,0.000000e+00,8.809262e+01,0.000000e+00,0.000000e+00,0.000000e+00,0.000000e+00,0.000000e+00,0.000000e+00,0.000000e+00,0.000000e+00,0.000000e+00,0.000000e+00,0.000000e+00,0.000000e+00,0.000000e+00,8.224755e+01,4.348166e+01,2.929678e-19,0.000000e+00
3.270250e-01,8.311954e+01,5.863546e+00,9.867329e+00,1.973466e+01,0.000000e+00,9.963000e+01,2.500000e-05,0.000000e+00,8.898309e+01,0.000000e+00,0.000000e+00,0.000000e+00,0.000000e+00,0.000000e+00,0.000000e+00,0.000000e+00,0.000000e+00,0.000000e+00,0.000000e+00,0.000000e+00,0.000000e+00,0.000000e+00,8.311954e+01,4.361906e+01,2.951021e-19,0.000000e+00
3.280250e-01,8.399753e+01,5.881938e+00,9.882792e+00,1.976558e+01,0.000000e+00,9.963000e+01,2.500000e-05,0.000000e+00,8.987946e+01,0.000000e+00,0.000000e+00,0.000000e+00,0.000000e+00,0.000000e+00,0.000000e+00,0.000000e+00,0.000000e+00,0.000000e+00,0.000000e+00,0.000000e+00,0.000000e+00,0.000000e+00,8.399753e+01,4.375588e+01,2.972430e-19,0.000000e+00
3.290250e-01,8.488150e+01,5.900251e+00,9.898166e+00,1.979633e+01,0.000000e+00,9.963000e+01,2.500000e-05,0.000000e+00,9.078175e+01,0.000000e+00,0.000000e+00,0.000000e+00,0.000000e+00,0.000000e+00,0.000000e+00,0.000000e+00,0.000000e+00,0.000000e+00,0.000000e+00,0.000000e+00,0.000000e+00,0.000000e+00,8.488150e+01,4.389211e+01,2.993907e-19,0.000000e+00
3.300250e-01,8.577148e+01,5.918487e+00,9.913449e+00,1.982690e+01,0.000000e+00,9.963000e+01,2.500000e-05,0.000000e+00,9.168997e+01,0.000000e+00,0.000000e+00,0.000000e+00,0.000000e+00,0.000000e+00,0.000000e+00,0.000000e+00,0.000000e+00,0.000000e+00,0.000000e+00,0.000000e+00,0.000000e+00,0.000000e+00,8.577148e+01,4.402777e+01,3.015449e-19,0.000000e+00
3.310250e-01,8.666750e+01,5.936643e+00,9.928643e+00,1.985729e+01,0.000000e+00,9.963000e+01,2.500000e-05,0.000000e+00,9.260413e+01,0.000000e+00,0.000000e+00,0.000000e+00,0.000000e+00,0.000000e+00,0.000000e+00,0.000000e+00,0.000000e+00,0.000000e+00,0.000000e+00,0.000000e+00,0.000000e+00,0.000000e+00,8.666750e+01,4.416283e+01,3.037059e-19,0.000000e+00
3.320250e-01,8.756953e+01,5.954720e+00,9.943748e+00,1.988750e+01,0.000000e+00,9.963000e+01,2.500000e-05,0.000000e+00,9.352425e+01,0.000000e+00,0.000000e+00,0.000000e+00,0.000000e+00,0.000000e+00,0.000000e+00,0.000000e+00,0.000000e+00,0.000000e+00,0.000000e+00,0.000000e+00,0.000000e+00,0.000000e+00,8.756953e+01,4.429730e+01,3.058735e-19,0.000000e+00
3.330250e-01,8.847762e+01,5.972716e+00,9.958762e+00,1.991752e+01,0.000000e+00,9.963000e+01,2.500000e-05,0.000000e+00,9.445034e+01,0.000000e+00,0.000000e+00,0.000000e+00,0.000000e+00,0.000000e+00,0.000000e+00,0.000000e+00,0.000000e+00,0.000000e+00,0.000000e+00,0.000000e+00,0.000000e+00,0.000000e+00,8.847762e+01,4.443118e+01,3.080476e-19,0.000000e+00
3.340250e-01,8.939178e+01,5.990632e+00,9.973687e+00,1.994737e+01,0.000000e+00,9.963000e+01,2.500000e-05,0.000000e+00,9.538241e+01,0.000000e+00,0.000000e+00,0.000000e+00,0.000000e+00,0.000000e+00,0.000000e+00,0.000000e+00,0.000000e+00,0.000000e+00,0.000000e+00,0.000000e+00,0.000000e+00,0.000000e+00,8.939178e+01,4.456445e+01,3.102283e-19,0.000000e+00
3.350250e-01,9.031200e+01,6.008467e+00,9.988523e+00,1.997705e+01,0.000000e+00,9.963000e+01,2.500000e-05,0.000000e+00,9.632047e+01,0.000000e+00,0.000000e+00,0.000000e+00,0.000000e+00,0.000000e+00,0.000000e+00,0.000000e+00,0.000000e+00,0.000000e+00,0.000000e+00,0.000000e+00,0.000000e+00,0.000000e+00,9.031200e+01,4.469713e+01,3.124155e-19,0.000000e+00
3.360250e-01,9.123831e+01,6.026220e+00,1.000327e+01,2.000654e+01,0.000000e+00,9.963000e+01,2.500000e-05,0.000000e+00,9.726453e+01,0.000000e+00,0.000000e+00,0.000000e+00,0.000000e+00,0.000000e+00,0.000000e+00,0.000000e+00,0.000000e+00,0.000000e+00,0.000000e+00,0.000000e+00,0.000000e+00,0.000000e+00,9.123831e+01,4.482919e+01,3.146092e-19,0.000000e+00
3.370250e-01,9.217072e+01,6.043891e+00,1.001792e+01,2.003585e+01,0.000000e+00,9.963000e+01,2.500000e-05,0.000000e+00,9.821461e+01,0.000000e+00,0.000000e+00,0.000000e+00,0.000000e+00,0.000000e+00,0.000000e+00,0.000000e+00,0.000000e+00,0.000000e+00,0.000000e+00,0.000000e+00,0.000000e+00,0.000000e+00,9.217072e+01,4.496065e+01,3.168093e-19,0.000000e+00
3.380250e-01,9.310925e+01,6.061480e+00,1.003249e+01,2.006498e+01,0.000000e+00,9.963000e+01,2.500000e-05,0.000000e+00,9.917072e+01,0.000000e+00,0.000000e+00,0.000000e+00,0.000000e+00,0.000000e+00,0.000000e+00,0.000000e+00,0.000000e+00,0.000000e+00,0.000000e+00,0.000000e+00,0.000000e+00,0.000000e+00,9.310925e+01,4.509150e+01,3.190159e-19,0.000000e+00
3.390250e-01,9.405389e+01,6.078986e+00,1.004697e+01,2.009394e+01,0.000000e+00,9.963000e+01,2.500000e-05,0.000000e+00,1.001329e+02,0.000000e+00,0.000000e+00,0.000000e+00,0.000000e+00,0.000000e+00,0.000000e+00,0.000000e+00,0.000000e+00,0.000000e+00,0.000000e+00,0.000000e+00,0.000000e+00,0.000000e+00,9.405389e+01,4.522172e+01,3.212289e-19,0.000000e+00
3.400250e-01,9.500468e+01,6.096408e+00,1.006135e+01,2.012271e+01,0.000000e+00,9.963000e+01,2.500000e-05,0.000000e+00,1.011011e+02,0.000000e+00,0.000000e+00,0.000000e+00,0.000000e+00,0.000000e+00,0.000000e+00,0.000000e+00,0.000000e+00,0.000000e+00,0.000000e+00,0.000000e+00,0.000000e+00,0.000000e+00,9.500468e+01,4.535133e+01,3.234482e-19,0.000000e+00
3.410250e-01,9.596162e+01,6.113747e+00,1.007565e+01,2.015130e+01,0.000000e+00,9.963000e+01,2.500000e-05,0.000000e+00,1.020754e+02,0.000000e+00,0.000000e+00,0.000000e+00,0.000000e+00,0.000000e+00,0.000000e+00,0.000000e+00,0.000000e+00,0.000000e+00,0.000000e+00,0.000000e+00,0.000000e+00,0.000000e+00,9.596162e+01,4.548031e+01,3.256740e-19,0.000000e+00
3.420250e-01,9.692471e+01,6.131001e+00,1.008986e+01,2.017972e+01,0.000000e+00,9.963000e+01,2.500000e-05,0.000000e+00,1.030557e+02,0.000000e+00,0.000000e+00,0.000000e+00,0.000000e+00,0.000000e+00,0.000000e+00,0.000000e+00,0.000000e+00,0.000000e+00,0.000000e+00,0.000000e+00,0.000000e+00,0.000000e+00,9.692471e+01,4.560867e+01,3.279059e-19,0.000000e+00
3.430250e-01,9.789398e+01,6.148170e+00,1.010398e+01,2.020796e+01,0.000000e+00,9.963000e+01,2.500000e-05,0.000000e+00,1.040421e+02,0.000000e+00,0.000000e+00,0.000000e+00,0.000000e+00,0.000000e+00,0.000000e+00,0.000000e+00,0.000000e+00,0.000000e+00,0.000000e+00,0.000000e+00,0.000000e+00,0.000000e+00,9.789398e+01,4.573639e+01,3.301442e-19,0.000000e+00
3.440250e-01,9.886943e+01,6.165255e+00,1.011801e+01,2.023601e+01,0.000000e+00,9.963000e+01,2.500000e-05,0.000000e+00,1.050347e+02,0.000000e+00,0.000000e+00,0.000000e+00,0.000000e+00,0.000000e+00,0.000000e+00,0.000000e+00,0.000000e+00,0.000000e+00,0.000000e+00,0.000000e+00,0.000000e+00,0.000000e+00,9.886943e+01,4.586348e+01,3.323888e-19,0.000000e+00
3.450250e-01,9.985107e+01,6.182253e+00,1.013195e+01,2.026389e+01,0.000000e+00,9.963000e+01,2.500000e-05,0.000000e+00,1.060333e+02,0.000000e+00,0.000000e+00,0.000000e+00,0.000000e+00,0.000000e+00,0.000000e+00,0.000000e+00,0.000000e+00,0.000000e+00,0.000000e+00,0.000000e+00,0.000000e+00,0.000000e+00,9.985107e+01,4.598993e+01,3.346395e-19,0.000000e+00
3.460250e-01,1.008389e+02,6.199165e+00,1.014579e+01,2.029159e+01,0.000000e+00,9.963000e+01,2.500000e-05,0.000000e+00,1.070381e+02,0.000000e+00,0.000000e+00,0.000000e+00,0.000000e+00,0.000000e+00,0.000000e+00,0.000000e+00,0.000000e+00,0.000000e+00,0.000000e+00,0.000000e+00,0.000000e+00,0.000000e+00,1.008389e+02,4.611574e+01,3.368965e-19,0.000000e+00
3.470250e-01,1.018330e+02,6.215991e+00,1.015955e+01,2.031911e+01,0.000000e+00,9.963000e+01,2.500000e-05,0.000000e+00,1.080490e+02,0.000000e+00,0.000000e+00,0.000000e+00,0.000000e+00,0.000000e+00,0.000000e+00,0.000000e+00,0.000000e+00,0.000000e+00,0.000000e+00,0.000000e+00,0.000000e+00,0.000000e+00,1.018330e+02,4.624091e+01,3.391596e-19,0.000000e+00
3.480250e-01,1.028333e+02,6.232729e+00,1.017322e+01,2.034645e+01,0.000000e+00,9.963000e+01,2.500000e-05,0.000000e+00,1.090660e+02,0.000000e+00,0.000000e+00,0.000000e+00,0.000000e+00,0.000000e+00,0.000000e+00,0.000000e+00,0.000000e+00,0.000000e+00,0.000000e+00,0.000000e+00,0.000000e+00,0.000000e+00,1.028333e+02,4.636543e+01,3.414288e-19,0.000000e+00
3.490250e-01,1.038398e+02,6.249381e+00,1.018680e+01,2.037361e+01,0.000000e+00,9.963000e+01,2.500000e-05,0.000000e+00,1.100892e+02,0.000000e+00,0.000000e+00,0.000000e+00,0.000000e+00,0.000000e+00,0.000000e+00,0.000000e+00,0.000000e+00,0.000000e+00,0.000000e+00,0.000000e+00,0.000000e+00,0.000000e+00,1.038398e+02,4.648929e+01,3.437041e-19,0.000000e+00
3.500250e-01,1.048526e+02,6.265944e+00,1.020029e+01,2.040059e+01,0.000000e+00,9.963000e+01,2.500000e-05,0.000000e+00,1.111186e+02,0.000000e+00,0.000000e+00,0.000000e+00,0.000000e+00,0.000000e+00,0.000000e+00,0.000000e+00,0.000000e+00,0.000000e+00,0.000000e+00,0.000000e+00,0.000000e+00,0.000000e+00,1.048526e+02,4.661251e+01,3.459855e-19,0.000000e+00
3.510250e-01,1.058717e+02,6.282418e+00,1.021369e+01,2.042739e+01,0.000000e+00,9.963000e+01,2.500000e-05,0.000000e+00,1.121541e+02,0.000000e+00,0.000000e+00,0.000000e+00,0.000000e+00,0.000000e+00,0.000000e+00,0.000000e+00,0.000000e+00,0.000000e+00,0.000000e+00,0.000000e+00,0.000000e+00,0.000000e+00,1.058717e+02,4.673506e+01,3.482728e-19,0.000000e+00
3.520250e-01,1.068970e+02,6.298804e+00,1.022701e+01,2.045401e+01,0.000000e+00,9.963000e+01,2.500000e-05,0.000000e+00,1.131958e+02,0.000000e+00,0.000000e+00,0.000000e+00,0.000000e+00,0.000000e+00,0.000000e+00,0.000000e+00,0.000000e+00,0.000000e+00,0.000000e+00,0.000000e+00,0.000000e+00,0.000000e+00,1.068970e+02,4.685696e+01,3.505662e-19,0.000000e+00
3.530250e-01,1.079286e+02,6.315101e+00,1.024023e+01,2.048045e+01,0.000000e+00,9.963000e+01,2.500000e-05,0.000000e+00,1.142437e+02,0.000000e+00,0.000000e+00,0.000000e+00,0.000000e+00,0.000000e+00,0.000000e+00,0.000000e+00,0.000000e+00,0.000000e+00,0.000000e+00,0.000000e+00,0.000000e+00,0.000000e+00,1.079286e+02,4.697819e+01,3.528656e-19,0.000000e+00
3.540250e-01,1.089665e+02,6.331308e+00,1.025336e+01,2.050672e+01,0.000000e+00,9.963000e+01,2.500000e-05,0.000000e+00,1.152978e+02,0.000000e+00,0.000000e+00,0.000000e+00,0.000000e+00,0.000000e+00,0.000000e+00,0.000000e+00,0.000000e+00,0.000000e+00,0.000000e+00,0.000000e+00,0.000000e+00,0.000000e+00,1.089665e+02,4.709875e+01,3.551709e-19,0.000000e+00
3.550250e-01,1.100107e+02,6.347425e+00,1.026640e+01,2.053280e+01,0.000000e+00,9.963000e+01,2.500000e-05,0.000000e+00,1.163582e+02,0.000000e+00,0.000000e+00,0.000000e+00,0.000000e+00,0.000000e+00,0.000000e+00,0.000000e+00,0.000000e+00,0.000000e+00,0.000000e+00,0.000000e+00,0.000000e+00,0.000000e+00,1.100107e+02,4.721864e+01,3.574820e-19,0.000000e+00
3.560250e-01,1.110612e+02,6.363451e+00,1.027935e+01,2.055871e+01,0.000000e+00,9.963000e+01,2.500000e-05,0.000000e+00,1.174247e+02,0.000000e+00,0.000000e+00,0.000000e+00,0.000000e+00,0.000000e+00,0.000000e+00,0.000000e+00,0.000000e+00,0.000000e+00,0.000000e+00,0.000000e+00,0.000000e+00,0.000000e+00,1.110612e+02,4.733786e+01,3.597991e-19,0.000000e+00
3.570250e-01,1.121181e+02,6.379386e+00,1.029222e+01,2.058443e+01,0.000000e+00,9.963000e+01,2.500000e-05,0.000000e+00,1.184975e+02,0.000000e+00,0.000000e+00,0.000000e+00,0.000000e+00,0.000000e+00,0.000000e+00,0.000000e+00,0.000000e+00,0.000000e+00,0.000000e+00,0.000000e+00,0.000000e+00,0.000000e+00,1.121181e+02,4.745641e+01,3.621219e-19,0.000000e+00
3.580250e-01,1.131813e+02,6.395230e+00,1.030499e+01,2.060998e+01,0.000000e+00,9.963000e+01,2.500000e-05,0.000000e+00,1.195765e+02,0.000000e+00,0.000000e+00,0.000000e+00,0.000000e+00,0.000000e+00,0.000000e+00,0.000000e+00,0.000000e+00,0.000000e+00,0.000000e+00,0.000000e+00,0.000000e+00,0.000000e+00,1.131813e+02,4.757427e+01,3.644506e-19,0.000000e+00
3.590250e-01,1.142508e+02,6.410983e+00,1.031767e+01,2.063535e+01,0.000000e+00,9.963000e+01,2.500000e-05,0.000000e+00,1.206618e+02,0.000000e+00,0.000000e+00,0.000000e+00,0.000000e+00,0.000000e+00,0.000000e+00,0.000000e+00,0.000000e+00,0.000000e+00,0.000000e+00,0.000000e+00,0.000000e+00,0.000000e+00,1.142508e+02,4.769145e+01,3.667850e-19,0.000000e+00
3.600250e-01,1.153266e+02,6.426642e+00,1.033027e+01,2.066053e+01,0.000000e+00,9.963000e+01,2.500000e-05,0.000000e+00,1.217533e+02,0.000000e+00,0.000000e+00,0.000000e+00,0.000000e+00,0.000000e+00,0.000000e+00,0.000000e+00,0.000000e+00,0.000000e+00,0.000000e+00,0.000000e+00,0.000000e+00,0.000000e+00,1.153266e+02,4.780795e+01,3.691252e-19,0.000000e+00
3.610250e-01,1.164089e+02,6.442210e+00,1.034277e+01,2.068554e+01,0.000000e+00,9.963000e+01,2.500000e-05,0.000000e+00,1.228511e+02,0.000000e+00,0.000000e+00,0.000000e+00,0.000000e+00,0.000000e+00,0.000000e+00,0.000000e+00,0.000000e+00,0.000000e+00,0.000000e+00,0.000000e+00,0.000000e+00,0.000000e+00,1.164089e+02,4.792376e+01,3.714710e-19,0.000000e+00
3.620250e-01,1.174974e+02,6.457684e+00,1.035518e+01,2.071037e+01,0.000000e+00,9.963000e+01,2.500000e-05,0.000000e+00,1.239551e+02,0.000000e+00,0.000000e+00,0.000000e+00,0.000000e+00,0.000000e+00,0.000000e+00,0.000000e+00,0.000000e+00,0.000000e+00,0.000000e+00,0.000000e+00,0.000000e+00,0.000000e+00,1.174974e+02,4.803887e+01,3.738226e-19,0.000000e+00
3.630250e-01,1.185924e+02,6.473065e+00,1.036751e+01,2.073502e+01,0.000000e+00,9.963000e+01,2.500000e-05,0.000000e+00,1.250655e+02,0.000000e+00,0.000000e+00,0.000000e+00,0.000000e+00,0.000000e+00,0.000000e+00,0.000000e+00,0.000000e+00,0.000000e+00,0.000000e+00,0.000000e+00,0.000000e+00,0.000000e+00,1.185924e+02,4.815329e+01,3.761797e-19,0.000000e+00
3.640250e-01,1.196938e+02,6.488352e+00,1.037974e+01,2.075949e+01,0.000000e+00,9.963000e+01,2.500000e-05,0.000000e+00,1.261821e+02,0.000000e+00,0.000000e+00,0.000000e+00,0.000000e+00,0.000000e+00,0.000000e+00,0.000000e+00,0.000000e+00,0.000000e+00,0.000000e+00,0.000000e+00,0.000000e+00,0.000000e+00,1.196938e+02,4.826701e+01,3.785425e-19,0.000000e+00
3.650250e-01,1.208015e+02,6.503545e+00,1.039189e+01,2.078378e+01,0.000000e+00,9.963000e+01,2.500000e-05,0.000000e+00,1.273050e+02,0.000000e+00,0.000000e+00,0.000000e+00,0.000000e+00,0.000000e+00,0.000000e+00,0.000000e+00,0.000000e+00,0.000000e+00,0.000000e+00,0.000000e+00,0.000000e+00,0.000000e+00,1.208015e+02,4.838003e+01,3.809108e-19,0.000000e+00
3.660250e-01,1.219156e+02,6.518644e+00,1.040395e+01,2.080789e+01,0.000000e+00,9.963000e+01,2.500000e-05,0.000000e+00,1.284343e+02,0.000000e+00,0.000000e+00,0.000000e+00,0.000000e+00,0.000000e+00,0.000000e+00,0.000000e+00,0.000000e+00,0.000000e+00,0.000000e+00,0.000000e+00,0.000000e+00,0.000000e+00,1.219156e+02,4.849235e+01,3.832846e-19,0.000000e+00
3.670250e-01,1.230362e+02,6.533647e+00,1.041591e+01,2.083182e+01,0.000000e+00,9.963000e+01,2.500000e-05,0.000000e+00,1.295699e+02,0.000000e+00,0.000000e+00,0.000000e+00,0.000000e+00,0.000000e+00,0.000000e+00,0.000000e+00,0.000000e+00,0.000000e+00,0.000000e+00,0.000000e+00,0.000000e+00,0.000000e+00,1.230362e+02,4.860396e+01,3.856639e-19,0.000000e+00
3.680250e-01,1.241632e+02,6.548555e+00,1.042779e+01,2.085558e+01,0.000000e+00,9.963000e+01,2.500000e-05,0.000000e+00,1.307117e+02,0.000000e+00,0.000000e+00,0.000000e+00,0.000000e+00,0.000000e+00,0.000000e+00,0.000000e+00,0.000000e+00,0.000000e+00,0.000000e+00,0.000000e+00,0.000000e+00,0.000000e+00,1.241632e+02,4.871486e+01,3.880487e-19,0.000000e+00
3.690250e-01,1.252966e+02,6.563367e+00,1.043958e+01,2.087915e+01,0.000000e+00,9.963000e+01,2.500000e-05,0.000000e+00,1.318600e+02,0.000000e+00,0.000000e+00,0.000000e+00,0.000000e+00,0.000000e+00,0.000000e+00,0.000000e+00,0.000000e+00,0.000000e+00,0.000000e+00,0.000000e+00,0.000000e+00,0.000000e+00,1.252966e+02,4.882505e+01,3.904389e-19,0.000000e+00
3.700250e-01,1.264364e+02,6.578084e+00,1.045127e+01,2.090254e+01,0.000000e+00,9.963000e+01,2.500000e-05,0.000000e+00,1.330145e+02,0.000000e+00,0.000000e+00,0.000000e+00,0.000000e+00,0.000000e+00,0.000000e+00,0.000000e+00,0.000000e+00,0.000000e+00,0.000000e+00,0.000000e+00,0.000000e+00,0.000000e+00,1.264364e+02,4.893452e+01,3.928345e-19,0.000000e+00
3.710250e-01,1.275827e+02,6.592703e+00,1.046288e+01,2.092576e+01,0.000000e+00,9.963000e+01,2.500000e-05,0.000000e+00,1.341754e+02,0.000000e+00,0.000000e+00,0.000000e+00,0.000000e+00,0.000000e+00,0.000000e+00,0.000000e+00,0.000000e+00,0.000000e+00,0.000000e+00,0.000000e+00,0.000000e+00,0.000000e+00,1.275827e+02,4.904328e+01,3.952355e-19,0.000000e+00
3.720250e-01,1.287355e+02,6.607226e+00,1.047440e+01,2.094879e+01,0.000000e+00,9.963000e+01,2.500000e-05,0.000000e+00,1.353427e+02,0.000000e+00,0.000000e+00,0.000000e+00,0.000000e+00,0.000000e+00,0.000000e+00,0.000000e+00,0.000000e+00,0.000000e+00,0.000000e+00,0.000000e+00,0.000000e+00,0.000000e+00,1.287355e+02,4.915131e+01,3.976417e-19,0.000000e+00
3.730250e-01,1.298946e+02,6.621652e+00,1.048582e+01,2.097165e+01,0.000000e+00,9.963000e+01,2.500000e-05,0.000000e+00,1.365163e+02,0.000000e+00,0.000000e+00,0.000000e+00,0.000000e+00,0.000000e+00,0.000000e+00,0.000000e+00,0.000000e+00,0.000000e+00,0.000000e+00,0.000000e+00,0.000000e+00,0.000000e+00,1.298946e+02,4.925863e+01,4.000532e-19,0.000000e+00
3.740250e-01,1.310603e+02,6.635979e+00,1.049716e+01,2.099433e+01,0.000000e+00,9.963000e+01,2.500000e-05,0.000000e+00,1.376963e+02,0.000000e+00,0.000000e+00,0.000000e+00,0.000000e+00,0.000000e+00,0.000000e+00,0.000000e+00,0.000000e+00,0.000000e+00,0.000000e+00,0.000000e+00,0.000000e+00,0.000000e+00,1.310603e+02,4.936521e+01,4.024700e-19,0.000000e+00
3.750250e-01,1.322324e+02,6.650209e+00,1.050841e+01,2.101682e+01,0.000000e+00,9.963000e+01,2.500000e-05,0.000000e+00,1.388826e+02,0.000000e+00,0.000000e+00,0.000000e+00,0.000000e+00,0.000000e+00,0.000000e+00,0.000000e+00,0.000000e+00,0.000000e+00,0.000000e+00,0.000000e+00,0.000000e+00,0.000000e+00,1.322324e+02,4.947107e+01,4.048920e-19,0.000000e+00
3.760250e-01,1.334110e+02,6.664340e+00,1.051957e+01,2.103914e+01,0.000000e+00,9.963000e+01,2.500000e-05,0.000000e+00,1.400754e+02,0.000000e+00,0.000000e+00,0.000000e+00,0.000000e+00,0.000000e+00,0.000000e+00,0.000000e+00,0.000000e+00,0.000000e+00,0.000000e+00,0.000000e+00,0.000000e+00,0.000000e+00,1.334110e+02,4.957619e+01,4.073192e-19,0.000000e+00
3.770250e-01,1.345961e+02,6.678373e+00,1.053064e+01,2.106128e+01,0.000000e+00,9.963000e+01,2.500000e-05,0.000000e+00,1.412745e+02,0.000000e+00,0.000000e+00,0.000000e+00,0.000000e+00,0.000000e+00,0.000000e+00,0.000000e+00,0.000000e+00,0.000000e+00,0.000000e+00,0.000000e+00,0.000000e+00,0.000000e+00,1.345961e+02,4.968058e+01,4.097515e-19,0.000000e+00
3.780250e-01,1.357877e+02,6.692307e+00,1.054162e+01,2.108324e+01,0.000000e+00,9.963000e+01,2.500000e-05,0.000000e+00,1.424800e+02,0.000000e+00,0.000000e+00,0.000000e+00,0.000000e+00,0.000000e+00,0.000000e+00,0.000000e+00,0.000000e+00,0.000000e+00,0.000000e+00,0.000000e+00,0.000000e+00,0.000000e+00,1.357877e+02,4.978423e+01,4.121889e-19,0.000000e+00
3.790250e-01,1.369858e+02,6.706141e+00,1.055251e+01,2.110502e+01,0.000000e+00,9.963000e+01,2.500000e-05,0.000000e+00,1.436919e+02,0.000000e+00,0.000000e+00,0.000000e+00,0.000000e+00,0.000000e+00,0.000000e+00,0.000000e+00,0.000000e+00,0.000000e+00,0.000000e+00,0.000000e+00,0.000000e+00,0.000000e+00,1.369858e+02,4.988715e+01,4.146314e-19,0.000000e+00
3.800250e-01,1.381903e+02,6.719875e+00,1.056331e+01,2.112662e+01,0.000000e+00,9.963000e+01,2.500000e-05,0.000000e+00,1.449102e+02,0.000000e+00,0.000000e+00,0.000000e+00,0.000000e+00,0.000000e+00,0.000000e+00,0.000000e+00,0.000000e+00,0.000000e+00,0.000000e+00,0.000000e+00,0.000000e+00,0.000000e+00,1.381903e+02,4.998932e+01,4.170789e-19,0.000000e+00
3.810250e-01,1.394014e+02,6.733510e+00,1.057402e+01,2.114804e+01,0.000000e+00,9.963000e+01,2.500000e-05,0.000000e+00,1.461349e+02,0.000000e+00,0.000000e+00,0.000000e+00,0.000000e+00,0.000000e+00,0.000000e+00,0.000000e+00,0.000000e+00,0.000000e+00,0.000000e+00,0.000000e+00,0.000000e+00,0.000000e+00,1.394014e+02,5.009074e+01,4.195314e-19,0.000000e+00
3.820250e-01,1.406190e+02,6.747043e+00,1.058464e+01,2.116928e+01,0.000000e+00,9.963000e+01,2.500000e-05,0.000000e+00,1.473661e+02,0.000000e+00,0.000000e+00,0.000000e+00,0.000000e+00,0.000000e+00,0.000000e+00,0.000000e+00,0.000000e+00,0.000000e+00,0.000000e+00,0.000000e+00,0.000000e+00,0.000000e+00,1.406190e+02,5.019142e+01,4.219889e-19,0.000000e+00
3.830250e-01,1.418431e+02,6.760476e+00,1.059517e+01,2.119035e+01,0.000000e+00,9.963000e+01,2.500000e-05,0.000000e+00,1.486036e+02,0.000000e+00,0.000000e+00,0.000000e+00,0.000000e+00,0.000000e+00,0.000000e+00,0.000000e+00,0.000000e+00,0.000000e+00,0.000000e+00,0.000000e+00,0.000000e+00,0.000000e+00,1.418431e+02,5.029135e+01,4.244513e-19,0.000000e+00
3.840250e-01,1.430738e+02,6.773808e+00,1.060562e+01,2.121123e+01,0.000000e+00,9.963000e+01,2.500000e-05,0.000000e+00,1.498476e+02,0.000000e+00,0.000000e+00,0.000000e+00,0.000000e+00,0.000000e+00,0.000000e+00,0.000000e+00,0.000000e+00,0.000000e+00,0.000000e+00,0.000000e+00,0.000000e+00,0.000000e+00,1.430738e+02,5.039052e+01,4.269185e-19,0.000000e+00
3.850250e-01,1.443110e+02,6.787038e+00,1.061597e+01,2.123194e+01,0.000000e+00,9.963000e+01,2.500000e-05,0.000000e+00,1.510980e+02,0.000000e+00,0.000000e+00,0.000000e+00,0.000000e+00,0.000000e+00,0.000000e+00,0.000000e+00,0.000000e+00,0.000000e+00,0.000000e+00,0.000000e+00,0.000000e+00,0.000000e+00,1.443110e+02,5.048894e+01,4.293906e-19,0.000000e+00
3.860250e-01,1.455547e+02,6.800167e+00,1.062623e+01,2.125246e+01,0.000000e+00,9.963000e+01,2.500000e-05,0.000000e+00,1.523549e+02,0.000000e+00,0.000000e+00,0.000000e+00,0.000000e+00,0.000000e+00,0.000000e+00,0.000000e+00,0.000000e+00,0.000000e+00,0.000000e+00,0.000000e+00,0.000000e+00,0.000000e+00,1.455547e+02,5.058660e+01,4.318676e-19,0.000000e+00
3.870250e-01,1.468049e+02,6.813192e+00,1.063640e+01,2.127281e+01,0.000000e+00,9.963000e+01,2.500000e-05,0.000000e+00,1.536181e+02,0.000000e+00,0.000000e+00,0.000000e+00,0.000000e+00,0.000000e+00,0.000000e+00,0.000000e+00,0.000000e+00,0.000000e+00,0.000000e+00,0.000000e+00,0.000000e+00,0.000000e+00,1.468049e+02,5.068350e+01,4.343493e-19,0.000000e+00
3.880250e-01,1.480618e+02,6.826116e+00,1.064649e+01,2.129297e+01,0.000000e+00,9.963000e+01,2.500000e-05,0.000000e+00,1.548879e+02,0.000000e+00,0.000000e+00,0.000000e+00,0.000000e+00,0.000000e+00,0.000000e+00,0.000000e+00,0.000000e+00,0.000000e+00,0.000000e+00,0.000000e+00,0.000000e+00,0.000000e+00,1.480618e+02,5.077964e+01,4.368357e-19,0.000000e+00
3.890250e-01,1.493251e+02,6.838937e+00,1.065648e+01,2.131296e+01,0.000000e+00,9.963000e+01,2.500000e-05,0.000000e+00,1.561640e+02,0.000000e+00,0.000000e+00,0.000000e+00,0.000000e+00,0.000000e+00,0.000000e+00,0.000000e+00,0.000000e+00,0.000000e+00,0.000000e+00,0.000000e+00,0.000000e+00,0.000000e+00,1.493251e+02,5.087502e+01,4.393268e-19,0.000000e+00
3.900250e-01,1.505950e+02,6.851655e+00,1.066638e+01,2.133277e+01,0.000000e+00,9.963000e+01,2.500000e-05,0.000000e+00,1.574467e+02,0.000000e+00,0.000000e+00,0.000000e+00,0.000000e+00,0.000000e+00,0.000000e+00,0.000000e+00,0.000000e+00,0.000000e+00,0.000000e+00,0.000000e+00,0.000000e+00,0.000000e+00,1.505950e+02,5.096962e+01,4.418226e-19,0.000000e+00
3.910250e-01,1.518715e+02,6.864268e+00,1.067620e+01,2.135239e+01,0.000000e+00,9.963000e+01,2.500000e-05,0.000000e+00,1.587357e+02,0.000000e+00,0.000000e+00,0.000000e+00,0.000000e+00,0.000000e+00,0.000000e+00,0.000000e+00,0.000000e+00,0.000000e+00,0.000000e+00,0.000000e+00,0.000000e+00,0.000000e+00,1.518715e+02,5.106346e+01,4.443230e-19,0.000000e+00
3.920250e-01,1.531545e+02,6.876779e+00,1.068592e+01,2.137184e+01,0.000000e+00,9.963000e+01,2.500000e-05,0.000000e+00,1.600313e+02,0.000000e+00,0.000000e+00,0.000000e+00,0.000000e+00,0.000000e+00,0.000000e+00,0.000000e+00,0.000000e+00,0.000000e+00,0.000000e+00,0.000000e+00,0.000000e+00,0.000000e+00,1.531545e+02,5.115652e+01,4.468280e-19,0.000000e+00
3.930250e-01,1.544441e+02,6.889185e+00,1.069556e+01,2.139111e+01,0.000000e+00,9.963000e+01,2.500000e-05,0.000000e+00,1.613333e+02,0.000000e+00,0.000000e+00,0.000000e+00,0.000000e+00,0.000000e+00,0.000000e+00,0.000000e+00,0.000000e+00,0.000000e+00,0.000000e+00,0.000000e+00,0.000000e+00,0.000000e+00,1.544441e+02,5.124881e+01,4.493375e-19,0.000000e+00
3.940250e-01,1.557403e+02,6.901487e+00,1.070510e+01,2.141020e+01,0.000000e+00,9.963000e+01,2.500000e-05,0.000000e+00,1.626418e+02,0.000000e+00,0.000000e+00,0.000000e+00,0.000000e+00,0.000000e+00,0.000000e+00,0.000000e+00,0.000000e+00,0.000000e+00,0.000000e+00,0.000000e+00,0.000000e+00,0.000000e+00,1.557403e+02,5.134032e+01,4.518516e-19,0.000000e+00
3.950250e-01,1.570430e+02,6.913684e+00,1.071456e+01,2.142911e+01,0.000000e+00,9.963000e+01,2.500000e-05,0.000000e+00,1.639567e+02,0.000000e+00,0.000000e+00,0.000000e+00,0.000000e+00,0.000000e+00,0.000000e+00,0.000000e+00,0.000000e+00,0.000000e+00,0.000000e+00,0.000000e+00,0.000000e+00,0.000000e+00,1.570430e+02,5.143106e+01,4.543702e-19,0.000000e+00
3.960250e-01,1.583524e+02,6.925776e+00,1.072392e+01,2.144784e+01,0.000000e+00,9.963000e+01,2.500000e-05,0.000000e+00,1.652781e+02,0.000000e+00,0.000000e+00,0.000000e+00,0.000000e+00,0.000000e+00,0.000000e+00,0.000000e+00,0.000000e+00,0.000000e+00,0.000000e+00,0.000000e+00,0.000000e+00,0.000000e+00,1.583524e+02,5.152101e+01,4.568931e-19,0.000000e+00
3.970250e-01,1.596683e+02,6.937762e+00,1.073320e+01,2.146640e+01,0.000000e+00,9.963000e+01,2.500000e-05,0.000000e+00,1.666060e+02,0.000000e+00,0.000000e+00,0.000000e+00,0.000000e+00,0.000000e+00,0.000000e+00,0.000000e+00,0.000000e+00,0.000000e+00,0.000000e+00,0.000000e+00,0.000000e+00,0.000000e+00,1.596683e+02,5.161018e+01,4.594205e-19,0.000000e+00
3.980250e-01,1.609908e+02,6.949643e+00,1.074238e+01,2.148477e+01,0.000000e+00,9.963000e+01,2.500000e-05,0.000000e+00,1.679404e+02,0.000000e+00,0.000000e+00,0.000000e+00,0.000000e+00,0.000000e+00,0.000000e+00,0.000000e+00,0.000000e+00,0.000000e+00,0.000000e+00,0.000000e+00,0.000000e+00,0.000000e+00,1.609908e+02,5.169856e+01,4.619521e-19,0.000000e+00
3.990250e-01,1.623198e+02,6.961418e+00,1.075148e+01,2.150296e+01,0.000000e+00,9.963000e+01,2.500000e-05,0.000000e+00,1.692812e+02,0.000000e+00,0.000000e+00,0.000000e+00,0.000000e+00,0.000000e+00,0.000000e+00,0.000000e+00,0.000000e+00,0.000000e+00,0.000000e+00,0.000000e+00,0.000000e+00,0.000000e+00,1.623198e+02,5.178616e+01,4.644882e-19,0.000000e+00
4.000250e-01,1.636555e+02,6.973087e+00,1.076049e+01,2.152098e+01,0.000000e+00,9.963000e+01,2.500000e-05,0.000000e+00,1.706286e+02,0.000000e+00,0.000000e+00,0.000000e+00,0.000000e+00,0.000000e+00,0.000000e+00,0.000000e+00,0.000000e+00,0.000000e+00,0.000000e+00,0.000000e+00,0.000000e+00,0.000000e+00,1.636555e+02,5.187296e+01,4.670284e-19,0.000000e+00
4.010250e-01,1.649978e+02,6.984649e+00,1.076941e+01,2.153881e+01,0.000000e+00,9.963000e+01,2.500000e-05,0.000000e+00,1.719824e+02,0.000000e+00,0.000000e+00,0.000000e+00,0.000000e+00,0.000000e+00,0.000000e+00,0.000000e+00,0.000000e+00,0.000000e+00,0.000000e+00,0.000000e+00,0.000000e+00,0.000000e+00,1.649978e+02,5.195897e+01,4.695730e-19,0.000000e+00
4.020250e-01,1.663466e+02,6.996104e+00,1.077823e+01,2.155647e+01,0.000000e+00,9.963000e+01,2.500000e-05,0.000000e+00,1.733427e+02,0.000000e+00,0.000000e+00,0.000000e+00,0.000000e+00,0.000000e+00,0.000000e+00,0.000000e+00,0.000000e+00,0.000000e+00,0.000000e+00,0.000000e+00,0.000000e+00,0.000000e+00,1.663466e+02,5.204419e+01,4.721218e-19,0.000000e+00
4.030250e-01,1.677021e+02,7.007452e+00,1.078697e+01,2.157394e+01,0.000000e+00,9.963000e+01,2.500000e-05,0.000000e+00,1.747095e+02,0.000000e+00,0.000000e+00,0.000000e+00,0.000000e+00,0.000000e+00,0.000000e+00,0.000000e+00,0.000000e+00,0.000000e+00,0.000000e+00,0.000000e+00,0.000000e+00,0.000000e+00,1.677021e+02,5.212861e+01,4.746746e-19,0.000000e+00
4.040250e-01,1.690642e+02,7.018693e+00,1.079562e+01,2.159124e+01,0.000000e+00,9.963000e+01,2.500000e-05,0.000000e+00,1.760829e+02,0.000000e+00,0.000000e+00,0.000000e+00,0.000000e+00,0.000000e+00,0.000000e+00,0.000000e+00,0.000000e+00,0.000000e+00,0.000000e+00,0.000000e+00,0.000000e+00,0.000000e+00,1.690642e+02,5.221223e+01,4.772317e-19,0.000000e+00
4.050250e-01,1.704328e+02,7.029827e+00,1.080418e+01,2.160836e+01,0.000000e+00,9.963000e+01,2.500000e-05,0.000000e+00,1.774626e+02,0.000000e+00,0.000000e+00,0.000000e+00,0.000000e+00,0.000000e+00,0.000000e+00,0.000000e+00,0.000000e+00,0.000000e+00,0.000000e+00,0.000000e+00,0.000000e+00,0.000000e+00,1.704328e+02,5.229505e+01,4.797928e-19,0.000000e+00
4.060250e-01,1.718081e+02,7.040852e+00,1.081265e+01,2.162530e+01,0.000000e+00,9.963000e+01,2.500000e-05,0.000000e+00,1.788490e+02,0.000000e+00,0.000000e+00,0.000000e+00,0.000000e+00,0.000000e+00,0.000000e+00,0.000000e+00,0.000000e+00,0.000000e+00,0.000000e+00,0.000000e+00,0.000000e+00,0.000000e+00,1.718081e+02,5.237707e+01,4.823580e-19,0.000000e+00
4.070250e-01,1.731900e+02,7.051769e+00,1.082103e+01,2.164205e+01,0.000000e+00,9.963000e+01,2.500000e-05,0.000000e+00,1.802417e+02,0.000000e+00,0.000000e+00,0.000000e+00,0.000000e+00,0.000000e+00,0.000000e+00,0.000000e+00,0.000000e+00,0.000000e+00,0.000000e+00,0.000000e+00,0.000000e+00,0.000000e+00,1.731900e+02,5.245828e+01,4.849271e-19,0.000000e+00
4.080250e-01,1.745784e+02,7.062577e+00,1.082932e+01,2.165863e+01,0.000000e+00,9.963000e+01,2.500000e-05,0.000000e+00,1.816410e+02,0.000000e+00,0.000000e+00,0.000000e+00,0.000000e+00,0.000000e+00,0.000000e+00,0.000000e+00,0.000000e+00,0.000000e+00,0.000000e+00,0.000000e+00,0.000000e+00,0.000000e+00,1.745784e+02,5.253868e+01,4.875002e-19,0.000000e+00
4.090250e-01,1.759735e+02,7.073277e+00,1.083752e+01,2.167503e+01,0.000000e+00,9.963000e+01,2.500000e-05,0.000000e+00,1.830468e+02,0.000000e+00,0.000000e+00,0.000000e+00,0.000000e+00,0.000000e+00,0.000000e+00,0.000000e+00,0.000000e+00,0.000000e+00,0.000000e+00,0.000000e+00,0.000000e+00,0.000000e+00,1.759735e+02,5.261828e+01,4.900773e-19,0.000000e+00
4.100250e-01,1.773752e+02,7.083868e+00,1.084563e+01,2.169125e+01,0.000000e+00,9.963000e+01,2.500000e-05,0.000000e+00,1.844591e+02,0.000000e+00,0.000000e+00,0.000000e+00,0.000000e+00,0.000000e+00,0.000000e+00,0.000000e+00,0.000000e+00,0.000000e+00,0.000000e+00,0.000000e+00,0.000000e+00,0.000000e+00,1.773752e+02,5.269706e+01,4.926582e-19,0.000000e+00
4.110250e-01,1.787836e+02,7.094349e+00,1.085365e+01,2.170730e+01,0.000000e+00,9.963000e+01,2.500000e-05,0.000000e+00,1.858779e+02,0.000000e+00,0.000000e+00,0.000000e+00,0.000000e+00,0.000000e+00,0.000000e+00,0.000000e+00,0.000000e+00,0.000000e+00,0.000000e+00,0.000000e+00,0.000000e+00,0.000000e+00,1.787836e+02,5.277504e+01,4.952430e-19,0.000000e+00
4.120250e-01,1.801985e+02,7.104721e+00,1.086158e+01,2.172316e+01,0.000000e+00,9.963000e+01,2.500000e-05,0.000000e+00,1.873032e+02,0.000000e+00,0.000000e+00,0.000000e+00,0.000000e+00,0.000000e+00,0.000000e+00,0.000000e+00,0.000000e+00,0.000000e+00,0.000000e+00,0.000000e+00,0.000000e+00,0.000000e+00,1.801985e+02,5.285219e+01,4.978316e-19,0.000000e+00
4.130250e-01,1.816200e+02,7.114983e+00,1.086942e+01,2.173884e+01,0.000000e+00,9.963000e+01,2.500000e-05,0.000000e+00,1.887350e+02,0.000000e+00,0.000000e+00,0.000000e+00,0.000000e+00,0.000000e+00,0.000000e+00,0.000000e+00,0.000000e+00,0.000000e+00,0.000000e+00,0.000000e+00,0.000000e+00,0.000000e+00,1.816200e+02,5.292853e+01,5.004240e-19,0.000000e+00
4.140250e-01,1.830481e+02,7.125135e+00,1.087717e+01,2.175434e+01,0.000000e+00,9.963000e+01,2.500000e-05,0.000000e+00,1.901733e+02,0.000000e+00,0.000000e+00,0.000000e+00,0.000000e+00,0.000000e+00,0.000000e+00,0.000000e+00,0.000000e+00,0.000000e+00,0.000000e+00,0.000000e+00,0.000000e+00,0.000000e+00,1.830481e+02,5.300405e+01,5.030201e-19,0.000000e+00
4.150250e-01,1.844829e+02,7.135177e+00,1.088483e+01,2.176967e+01,0.000000e+00,9.963000e+01,2.500000e-05,0.000000e+00,1.916181e+02,0.000000e+00,0.000000e+00,0.000000e+00,0.000000e+00,0.000000e+00,0.000000e+00,0.000000e+00,0.000000e+00,0.000000e+00,0.000000e+00,0.000000e+00,0.000000e+00,0.000000e+00,1.844829e+02,5.307875e+01,5.056198e-19,0.000000e+00
4.160250e-01,1.859243e+02,7.145108e+00,1.089241e+01,2.178481e+01,0.000000e+00,9.963000e+01,2.500000e-05,0.000000e+00,1.930694e+02,0.000000e+00,0.000000e+00,0.000000e+00,0.000000e+00,0.000000e+00,0.000000e+00,0.000000e+00,0.000000e+00,0.000000e+00,0.000000e+00,0.000000e+00,0.000000e+00,0.000000e+00,1.859243e+02,5.315263e+01,5.082232e-19,0.000000e+00
4.170250e-01,1.873723e+02,7.154928e+00,1.089989e+01,2.179978e+01,0.000000e+00,9.963000e+01,2.500000e-05,0.000000e+00,1.945272e+02,0.000000e+00,0.000000e+00,0.000000e+00,0.000000e+00,0.000000e+00,0.000000e+00,0.000000e+00,0.000000e+00,0.000000e+00,0.000000e+00,0.000000e+00,0.000000e+00,0.000000e+00,1.873723e+02,5.322568e+01,5.108302e-19,0.000000e+00
4.180250e-01,1.888268e+02,7.164637e+00,1.090728e+01,2.181456e+01,0.000000e+00,9.963000e+01,2.500000e-05,0.000000e+00,1.959915e+02,0.000000e+00,0.000000e+00,0.000000e+00,0.000000e+00,0.000000e+00,0.000000e+00,0.000000e+00,0.000000e+00,0.000000e+00,0.000000e+00,0.000000e+00,0.000000e+00,0.000000e+00,1.888268e+02,5.329791e+01,5.134409e-19,0.000000e+00
4.190250e-01,1.902880e+02,7.174235e+00,1.091459e+01,2.182917e+01,0.000000e+00,9.963000e+01,2.500000e-05,0.000000e+00,1.974623e+02,0.000000e+00,0.000000e+00,0.000000e+00,0.000000e+00,0.000000e+00,0.000000e+00,0.000000e+00,0.000000e+00,0.000000e+00,0.000000e+00,0.000000e+00,0.000000e+00,0.000000e+00,1.902880e+02,5.336931e+01,5.160550e-19,0.000000e+00
4.200250e-01,1.917559e+02,7.183722e+00,1.092180e+01,2.184360e+01,0.000000e+00,9.963000e+01,2.500000e-05,0.000000e+00,1.989396e+02,0.000000e+00,0.000000e+00,0.000000e+00,0.000000e+00,0.000000e+00,0.000000e+00,0.000000e+00,0.000000e+00,0.000000e+00,0.000000e+00,0.000000e+00,0.000000e+00,0.000000e+00,1.917559e+02,5.343988e+01,5.186726e-19,0.000000e+00
4.210250e-01,1.932303e+02,7.193096e+00,1.092892e+01,2.185785e+01,0.000000e+00,9.963000e+01,2.500000e-05,0.000000e+00,2.004234e+02,0.000000e+00,0.000000e+00,0.000000e+00,0.000000e+00,0.000000e+00,0.000000e+00,0.000000e+00,0.000000e+00,0.000000e+00,0.000000e+00,0.000000e+00,0.000000e+00,0.000000e+00,1.932303e+02,5.350962e+01,5.212936e-19,0.000000e+00
4.220250e-01,1.947113e+02,7.202359e+00,1.093596e+01,2.187192e+01,0.000000e+00,9.963000e+01,2.500000e-05,0.000000e+00,2.019137e+02,0.000000e+00,0.000000e+00,0.000000e+00,0.000000e+00,0.000000e+00,0.000000e+00,0.000000e+00,0.000000e+00,0.000000e+00,0.000000e+00,0.000000e+00,0.000000e+00,0.000000e+00,1.947113e+02,5.357852e+01,5.239181e-19,0.000000e+00
4.230250e-01,1.961990e+02,7.211509e+00,1.094290e+01,2.188581e+01,0.000000e+00,9.963000e+01,2.500000e-05,0.000000e+00,2.034105e+02,0.000000e+00,0.000000e+00,0.000000e+00,0.000000e+00,0.000000e+00,0.000000e+00,0.000000e+00,0.000000e+00,0.000000e+00,0.000000e+00,0.000000e+00,0.000000e+00,0.000000e+00,1.961990e+02,5.364659e+01,5.265459e-19,0.000000e+00
4.240250e-01,1.976932e+02,7.220547e+00,1.094976e+01,2.189952e+01,0.000000e+00,9.963000e+01,2.500000e-05,0.000000e+00,2.049137e+02,0.000000e+00,0.000000e+00,0.000000e+00,0.000000e+00,0.000000e+00,0.000000e+00,0.000000e+00,0.000000e+00,0.000000e+00,0.000000e+00,0.000000e+00,0.000000e+00,0.000000e+00,1.976932e+02,5.371383e+01,5.291770e-19,0.000000e+00
4.250250e-01,1.991941e+02,7.229473e+00,1.095652e+01,2.191305e+01,0.000000e+00,9.963000e+01,2.500000e-05,0.000000e+00,2.064235e+02,0.000000e+00,0.000000e+00,0.000000e+00,0.000000e+00,0.000000e+00,0.000000e+00,0.000000e+00,0.000000e+00,0.000000e+00,0.000000e+00,0.000000e+00,0.000000e+00,0.000000e+00,1.991941e+02,5.378022e+01,5.318114e-19,0.000000e+00
4.260250e-01,2.007015e+02,7.238285e+00,1.096320e+01,2.192640e+01,0.000000e+00,9.963000e+01,2.500000e-05,0.000000e+00,2.079398e+02,0.000000e+00,0.000000e+00,0.000000e+00,0.000000e+00,0.000000e+00,0.000000e+00,0.000000e+00,0.000000e+00,0.000000e+00,0.000000e+00,0.000000e+00,0.000000e+00,0.000000e+00,2.007015e+02,5.384578e+01,5.344490e-19,0.000000e+00
4.270250e-01,2.022156e+02,7.246984e+00,1.096978e+01,2.193957e+01,0.000000e+00,9.963000e+01,2.500000e-05,0.000000e+00,2.094625e+02,0.000000e+00,0.000000e+00,0.000000e+00,0.000000e+00,0.000000e+00,0.000000e+00,0.000000e+00,0.000000e+00,0.000000e+00,0.000000e+00,0.000000e+00,0.000000e+00,0.000000e+00,2.022156e+02,5.391049e+01,5.370899e-19,0.000000e+00
4.280250e-01,2.037362e+02,7.255570e+00,1.097628e+01,2.195256e+01,0.000000e+00,9.963000e+01,2.500000e-05,0.000000e+00,2.109918e+02,0.000000e+00,0.000000e+00,0.000000e+00,0.000000e+00,0.000000e+00,0.000000e+00,0.000000e+00,0.000000e+00,0.000000e+00,0.000000e+00,0.000000e+00,0.000000e+00,0.000000e+00,2.037362e+02,5.397436e+01,5.397339e-19,0.000000e+00
4.290250e-01,2.052635e+02,7.264042e+00,1.098269e+01,2.196538e+01,0.000000e+00,9.963000e+01,2.500000e-05,0.000000e+00,2.125275e+02,0.000000e+00,0.000000e+00,0.000000e+00,0.000000e+00,0.000000e+00,0.000000e+00,0.000000e+00,0.000000e+00,0.000000e+00,0.000000e+00,0.000000e+00,0.000000e+00,0.000000e+00,2.052635e+02,5.403739e+01,5.423810e-19,0.000000e+00
4.300250e-01,2.067973e+02,7.272401e+00,1.098901e+01,2.197801e+01,0.000000e+00,9.963000e+01,2.500000e-05,0.000000e+00,2.140697e+02,0.000000e+00,0.000000e+00,0.000000e+00,0.000000e+00,0.000000e+00,0.000000e+00,0.000000e+00,0.000000e+00,0.000000e+00,0.000000e+00,0.000000e+00,0.000000e+00,0.000000e+00,2.067973e+02,5.409957e+01,5.450312e-19,0.000000e+00
4.310250e-01,2.083377e+02,7.280646e+00,1.099523e+01,2.199047e+01,0.000000e+00,9.963000e+01,2.500000e-05,0.000000e+00,2.156184e+02,0.000000e+00,0.000000e+00,0.000000e+00,0.000000e+00,0.000000e+00,0.000000e+00,0.000000e+00,0.000000e+00,0.000000e+00,0.000000e+00,0.000000e+00,0.000000e+00,0.000000e+00,2.083377e+02,5.416090e+01,5.476844e-19,0.000000e+00
4.320250e-01,2.098848e+02,7.288776e+00,1.100137e+01,2.200274e+01,0.000000e+00,9.963000e+01,2.500000e-05,0.000000e+00,2.171735e+02,0.000000e+00,0.000000e+00,0.000000e+00,0.000000e+00,0.000000e+00,0.000000e+00,0.000000e+00,0.000000e+00,0.000000e+00,0.000000e+00,0.000000e+00,0.000000e+00,0.000000e+00,2.098848e+02,5.422139e+01,5.503406e-19,0.000000e+00
4.330250e-01,2.114384e+02,7.296793e+00,1.100742e+01,2.201484e+01,0.000000e+00,9.963000e+01,2.500000e-05,0.000000e+00,2.187352e+02,0.000000e+00,0.000000e+00,0.000000e+00,0.000000e+00,0.000000e+00,0.000000e+00,0.000000e+00,0.000000e+00,0.000000e+00,0.000000e+00,0.000000e+00,0.000000e+00,0.000000e+00,2.114384e+02,5.428102e+01,5.529998e-19,0.000000e+00
4.340250e-01,2.129986e+02,7.304695e+00,1.101338e+01,2.202675e+01,0.000000e+00,9.963000e+01,2.500000e-05,0.000000e+00,2.203033e+02,0.000000e+00,0.000000e+00,0.000000e+00,0.000000e+00,0.000000e+00,0.000000e+00,0.000000e+00,0.000000e+00,0.000000e+00,0.000000e+00,0.000000e+00,0.000000e+00,0.000000e+00,2.129986e+02,5.433980e+01,5.556618e-19,0.000000e+00
4.350250e-01,2.145653e+02,7.312481e+00,1.101925e+01,2.203849e+01,0.000000e+00,9.963000e+01,2.500000e-05,0.000000e+00,2.218778e+02,0.000000e+00,0.000000e+00,0.000000e+00,0.000000e+00,0.000000e+00,0.000000e+00,0.000000e+00,0.000000e+00,0.000000e+00,0.000000e+00,0.000000e+00,0.000000e+00,0.000000e+00,2.145653e+02,5.439773e+01,5.583268e-19,0.000000e+00
4.360250e-01,2.161387e+02,7.320154e+00,1.102502e+01,2.205005e+01,0.000000e+00,9.963000e+01,2.500000e-05,0.000000e+00,2.234588e+02,0.000000e+00,0.000000e+00,0.000000e+00,0.000000e+00,0.000000e+00,0.000000e+00,0.000000e+00,0.000000e+00,0.000000e+00,0.000000e+00,0.000000e+00,0.000000e+00,0.000000e+00,2.161387e+02,5.445480e+01,5.609945e-19,0.000000e+00
4.370250e-01,2.177186e+02,7.327711e+00,1.103071e+01,2.206143e+01,0.000000e+00,9.963000e+01,2.500000e-05,0.000000e+00,2.250463e+02,0.000000e+00,0.000000e+00,0.000000e+00,0.000000e+00,0.000000e+00,0.000000e+00,0.000000e+00,0.000000e+00,0.000000e+00,0.000000e+00,0.000000e+00,0.000000e+00,0.000000e+00,2.177186e+02,5.451102e+01,5.636651e-19,0.000000e+00
4.380250e-01,2.193051e+02,7.335152e+00,1.103631e+01,2.207263e+01,0.000000e+00,9.963000e+01,2.500000e-05,0.000000e+00,2.266402e+02,0.000000e+00,0.000000e+00,0.000000e+00,0.000000e+00,0.000000e+00,0.000000e+00,0.000000e+00,0.000000e+00,0.000000e+00,0.000000e+00,0.000000e+00,0.000000e+00,0.000000e+00,2.193051e+02,5.456638e+01,5.663384e-19,0.000000e+00
4.390250e-01,2.208981e+02,7.342478e+00,1.104182e+01,2.208365e+01,0.000000e+00,9.963000e+01,2.500000e-05,0.000000e+00,2.282406e+02,0.000000e+00,0.000000e+00,0.000000e+00,0.000000e+00,0.000000e+00,0.000000e+00,0.000000e+00,0.000000e+00,0.000000e+00,0.000000e+00,0.000000e+00,0.000000e+00,0.000000e+00,2.208981e+02,5.462087e+01,5.690143e-19,0.000000e+00
4.400250e-01,2.224977e+02,7.349689e+00,1.104724e+01,2.209449e+01,0.000000e+00,9.963000e+01,2.500000e-05,0.000000e+00,2.298474e+02,0.000000e+00,0.000000e+00,0.000000e+00,0.000000e+00,0.000000e+00,0.000000e+00,0.000000e+00,0.000000e+00,0.000000e+00,0.000000e+00,0.000000e+00,0.000000e+00,0.000000e+00,2.224977e+02,5.467451e+01,5.716930e-19,0.000000e+00
4.410250e-01,2.241039e+02,7.356784e+00,1.105257e+01,2.210515e+01,0.000000e+00,9.963000e+01,2.500000e-05,0.000000e+00,2.314607e+02,0.000000e+00,0.000000e+00,0.000000e+00,0.000000e+00,0.000000e+00,0.000000e+00,0.000000e+00,0.000000e+00,0.000000e+00,0.000000e+00,0.000000e+00,0.000000e+00,0.000000e+00,2.241039e+02,5.472729e+01,5.743742e-19,0.000000e+00
4.420250e-01,2.257166e+02,7.363762e+00,1.105782e+01,2.211563e+01,0.000000e+00,9.963000e+01,2.500000e-05,0.000000e+00,2.330804e+02,0.000000e+00,0.000000e+00,0.000000e+00,0.000000e+00,0.000000e+00,0.000000e+00,0.000000e+00,0.000000e+00,0.000000e+00,0.000000e+00,0.000000e+00,0.000000e+00,0.000000e+00,2.257166e+02,5.477921e+01,5.770580e-19,0.000000e+00
4.430250e-01,2.273359e+02,7.370625e+00,1.106297e+01,2.212593e+01,0.000000e+00,9.963000e+01,2.500000e-05,0.000000e+00,2.347065e+02,0.000000e+00,0.000000e+00,0.000000e+00,0.000000e+00,0.000000e+00,0.000000e+00,0.000000e+00,0.000000e+00,0.000000e+00,0.000000e+00,0.000000e+00,0.000000e+00,0.000000e+00,2.273359e+02,5.483026e+01,5.797443e-19,0.000000e+00
4.440250e-01,2.289617e+02,7.377371e+00,1.106803e+01,2.213606e+01,0.000000e+00,9.963000e+01,2.500000e-05,0.000000e+00,2.363390e+02,0.000000e+00,0.000000e+00,0.000000e+00,0.000000e+00,0.000000e+00,0.000000e+00,0.000000e+00,0.000000e+00,0.000000e+00,0.000000e+00,0.000000e+00,0.000000e+00,0.000000e+00,2.289617e+02,5.488044e+01,5.824332e-19,0.000000e+00
4.450250e-01,2.305940e+02,7.384001e+00,1.107300e+01,2.214600e+01,0.000000e+00,9.963000e+01,2.500000e-05,0.000000e+00,2.379780e+02,0.000000e+00,0.000000e+00,0.000000e+00,0.000000e+00,0.000000e+00,0.000000e+00,0.000000e+00,0.000000e+00,0.000000e+00,0.000000e+00,0.000000e+00,0.000000e+00,0.000000e+00,2.305940e+02,5.492976e+01,5.851245e-19,0.000000e+00
4.460250e-01,2.322328e+02,7.390514e+00,1.107788e+01,2.215577e+01,0.000000e+00,9.963000e+01,2.500000e-05,0.000000e+00,2.396234e+02,0.000000e+00,0.000000e+00,0.000000e+00,0.000000e+00,0.000000e+00,0.000000e+00,0.000000e+00,0.000000e+00,0.000000e+00,0.000000e+00,0.000000e+00,0.000000e+00,0.000000e+00,2.322328e+02,5.497821e+01,5.878181e-19,0.000000e+00
4.470250e-01,2.338782e+02,7.396910e+00,1.108267e+01,2.216535e+01,0.000000e+00,9.963000e+01,2.500000e-05,0.000000e+00,2.412751e+02,0.000000e+00,0.000000e+00,0.000000e+00,0.000000e+00,0.000000e+00,0.000000e+00,0.000000e+00,0.000000e+00,0.000000e+00,0.000000e+00,0.000000e+00,0.000000e+00,0.000000e+00,2.338782e+02,5.502579e+01,5.905142e-19,0.000000e+00
4.480250e-01,2.355301e+02,7.403189e+00,1.108738e+01,2.217476e+01,0.000000e+00,9.963000e+01,2.500000e-05,0.000000e+00,2.429333e+02,0.000000e+00,0.000000e+00,0.000000e+00,0.000000e+00,0.000000e+00,0.000000e+00,0.000000e+00,0.000000e+00,0.000000e+00,0.000000e+00,0.000000e+00,0.000000e+00,0.000000e+00,2.355301e+02,5.507250e+01,5.932125e-19,0.000000e+00
4.490250e-01,2.371886e+02,7.409351e+00,1.109199e+01,2.218398e+01,0.000000e+00,9.963000e+01,2.500000e-05,0.000000e+00,2.445979e+02,0.000000e+00,0.000000e+00,0.000000e+00,0.000000e+00,0.000000e+00,0.000000e+00,0.000000e+00,0.000000e+00,0.000000e+00,0.000000e+00,0.000000e+00,0.000000e+00,0.000000e+00,2.371886e+02,5.511834e+01,5.959131e-19,0.000000e+00
4.500250e-01,2.388535e+02,7.415396e+00,1.109652e+01,2.219303e+01,0.000000e+00,9.963000e+01,2.500000e-05,0.000000e+00,2.462689e+02,0.000000e+00,0.000000e+00,0.000000e+00,0.000000e+00,0.000000e+00,0.000000e+00,0.000000e+00,0.000000e+00,0.000000e+00,0.000000e+00,0.000000e+00,0.000000e+00,0.000000e+00,2.388535e+02,5.516331e+01,5.986160e-19,0.000000e+00
4.510250e-01,2.405249e+02,7.421323e+00,1.110095e+01,2.220190e+01,0.000000e+00,9.963000e+01,2.500000e-05,0.000000e+00,2.479462e+02,0.000000e+00,0.000000e+00,0.000000e+00,0.000000e+00,0.000000e+00,0.000000e+00,0.000000e+00,0.000000e+00,0.000000e+00,0.000000e+00,0.000000e+00,0.000000e+00,0.000000e+00,2.405249e+02,5.520741e+01,6.013210e-19,0.000000e+00
4.520250e-01,2.422028e+02,7.427134e+00,1.110529e+01,2.221059e+01,0.000000e+00,9.963000e+01,2.500000e-05,0.000000e+00,2.496299e+02,0.000000e+00,0.000000e+00,0.000000e+00,0.000000e+00,0.000000e+00,0.000000e+00,0.000000e+00,0.000000e+00,0.000000e+00,0.000000e+00,0.000000e+00,0.000000e+00,0.000000e+00,2.422028e+02,5.525063e+01,6.040282e-19,0.000000e+00
4.530250e-01,2.438872e+02,7.432826e+00,1.110955e+01,2.221910e+01,0.000000e+00,9.963000e+01,2.500000e-05,0.000000e+00,2.513200e+02,0.000000e+00,0.000000e+00,0.000000e+00,0.000000e+00,0.000000e+00,0.000000e+00,0.000000e+00,0.000000e+00,0.000000e+00,0.000000e+00,0.000000e+00,0.000000e+00,0.000000e+00,2.438872e+02,5.529297e+01,6.067375e-19,0.000000e+00
4.540250e-01,2.455781e+02,7.438400e+00,1.111371e+01,2.222743e+01,0.000000e+00,9.963000e+01,2.500000e-05,0.000000e+00,2.530165e+02,0.000000e+00,0.000000e+00,0.000000e+00,0.000000e+00,0.000000e+00,0.000000e+00,0.000000e+00,0.000000e+00,0.000000e+00,0.000000e+00,0.000000e+00,0.000000e+00,0.000000e+00,2.455781e+02,5.533443e+01,6.094488e-19,0.000000e+00
4.550250e-01,2.472754e+02,7.443856e+00,1.111779e+01,2.223558e+01,0.000000e+00,9.963000e+01,2.500000e-05,0.000000e+00,2.547193e+02,0.000000e+00,0.000000e+00,0.000000e+00,0.000000e+00,0.000000e+00,0.000000e+00,0.000000e+00,0.000000e+00,0.000000e+00,0.000000e+00,0.000000e+00,0.000000e+00,0.000000e+00,2.472754e+02,5.537502e+01,6.121622e-19,0.000000e+00
4.560250e-01,2.489793e+02,7.449194e+00,1.112177e+01,2.224355e+01,0.000000e+00,9.963000e+01,2.500000e-05,0.000000e+00,2.564285e+02,0.000000e+00,0.000000e+00,0.000000e+00,0.000000e+00,0.000000e+00,0.000000e+00,0.000000e+00,0.000000e+00,0.000000e+00,0.000000e+00,0.000000e+00,0.000000e+00,0.000000e+00,2.489793e+02,5.541473e+01,6.148775e-19,0.000000e+00
4.570250e-01,2.506895e+02,7.454414e+00,1.112567e+01,2.225134e+01,0.000000e+00,9.963000e+01,2.500000e-05,0.000000e+00,2.581440e+02,0.000000e+00,0.000000e+00,0.000000e+00,0.000000e+00,0.000000e+00,0.000000e+00,0.000000e+00,0.000000e+00,0.000000e+00,0.000000e+00,0.000000e+00,0.000000e+00,0.000000e+00,2.506895e+02,5.545357e+01,6.175948e-19,0.000000e+00
4.580250e-01,2.524063e+02,7.459516e+00,1.112948e+01,2.225896e+01,0.000000e+00,9.963000e+01,2.500000e-05,0.000000e+00,2.598658e+02,0.000000e+00,0.000000e+00,0.000000e+00,0.000000e+00,0.000000e+00,0.000000e+00,0.000000e+00,0.000000e+00,0.000000e+00,0.000000e+00,0.000000e+00,0.000000e+00,0.000000e+00,2.524063e+02,5.549152e+01,6.203140e-19,0.000000e+00
4.590250e-01,2.541294e+02,7.464499e+00,1.113319e+01,2.226639e+01,0.000000e+00,9.963000e+01,2.500000e-05,0.000000e+00,2.615939e+02,0.000000e+00,0.000000e+00,0.000000e+00,0.000000e+00,0.000000e+00,0.000000e+00,0.000000e+00,0.000000e+00,0.000000e+00,0.000000e+00,0.000000e+00,0.000000e+00,0.000000e+00,2.541294e+02,5.552859e+01,6.230349e-19,0.000000e+00
4.600250e-01,2.558590e+02,7.469363e+00,1.113682e+01,2.227364e+01,0.000000e+00,9.963000e+01,2.500000e-05,0.000000e+00,2.633284e+02,0.000000e+00,0.000000e+00,0.000000e+00,0.000000e+00,0.000000e+00,0.000000e+00,0.000000e+00,0.000000e+00,0.000000e+00,0.000000e+00,0.000000e+00,0.000000e+00,0.000000e+00,2.558590e+02,5.556477e+01,6.257577e-19,0.000000e+00
4.610250e-01,2.575951e+02,7.474109e+00,1.114036e+01,2.228072e+01,0.000000e+00,9.963000e+01,2.500000e-05,0.000000e+00,2.650692e+02,0.000000e+00,0.000000e+00,0.000000e+00,0.000000e+00,0.000000e+00,0.000000e+00,0.000000e+00,0.000000e+00,0.000000e+00,0.000000e+00,0.000000e+00,0.000000e+00,0.000000e+00,2.575951e+02,5.560007e+01,6.284823e-19,0.000000e+00
4.620250e-01,2.593375e+02,7.478735e+00,1.114381e+01,2.228761e+01,0.000000e+00,9.963000e+01,2.500000e-05,0.000000e+00,2.668163e+02,0.000000e+00,0.000000e+00,0.000000e+00,0.000000e+00,0.000000e+00,0.000000e+00,0.000000e+00,0.000000e+00,0.000000e+00,0.000000e+00,0.000000e+00,0.000000e+00,0.000000e+00,2.593375e+02,5.563449e+01,6.312085e-19,0.000000e+00
4.630250e-01,2.610864e+02,7.483243e+00,1.114716e+01,2.229433e+01,0.000000e+00,9.963000e+01,2.500000e-05,0.000000e+00,2.685696e+02,0.000000e+00,0.000000e+00,0.000000e+00,0.000000e+00,0.000000e+00,0.000000e+00,0.000000e+00,0.000000e+00,0.000000e+00,0.000000e+00,0.000000e+00,0.000000e+00,0.000000e+00,2.610864e+02,5.566803e+01,6.339365e-19,0.000000e+00
4.640250e-01,2.628416e+02,7.487632e+00,1.115043e+01,2.230087e+01,0.000000e+00,9.963000e+01,2.500000e-05,0.000000e+00,2.703293e+02,0.000000e+00,0.000000e+00,0.000000e+00,0.000000e+00,0.000000e+00,0.000000e+00,0.000000e+00,0.000000e+00,0.000000e+00,0.000000e+00,0.000000e+00,0.000000e+00,0.000000e+00,2.628416e+02,5.570068e+01,6.366661e-19,0.000000e+00
4.650250e-01,2.646033e+02,7.491902e+00,1.115361e+01,2.230722e+01,0.000000e+00,9.963000e+01,2.500000e-05,0.000000e+00,2.720952e+02,0.000000e+00,0.000000e+00,0.000000e+00,0.000000e+00,0.000000e+00,0.000000e+00,0.000000e+00,0.000000e+00,0.000000e+00,0.000000e+00,0.000000e+00,0.000000e+00,0.000000e+00,2.646033e+02,5.573244e+01,6.393972e-19,0.000000e+00
4.660250e-01,2.663713e+02,7.496052e+00,1.115670e+01,2.231340e+01,0.000000e+00,9.963000e+01,2.500000e-05,0.000000e+00,2.738674e+02,0.000000e+00,0.000000e+00,0.000000e+00,0.000000e+00,0.000000e+00,0.000000e+00,0.000000e+00,0.000000e+00,0.000000e+00,0.000000e+00,0.000000e+00,0.000000e+00,0.000000e+00,2.663713e+02,5.576332e+01,6.421299e-19,0.000000e+00
4.670250e-01,2.681457e+02,7.500083e+00,1.115970e+01,2.231940e+01,0.000000e+00,9.963000e+01,2.500000e-05,0.000000e+00,2.756458e+02,0.000000e+00,0.000000e+00,0.000000e+00,0.000000e+00,0.000000e+00,0.000000e+00,0.000000e+00,0.000000e+00,0.000000e+00,0.000000e+00,0.000000e+00,0.000000e+00,0.000000e+00,2.681457e+02,5.579330e+01,6.448641e-19,0.000000e+00
4.680250e-01,2.699265e+02,7.503995e+00,1.116261e+01,2.232522e+01,0.000000e+00,9.963000e+01,2.500000e-05,0.000000e+00,2.774305e+02,0.000000e+00,0.000000e+00,0.000000e+00,0.000000e+00,0.000000e+00,0.000000e+00,0.000000e+00,0.000000e+00,0.000000e+00,0.000000e+00,0.000000e+00,0.000000e+00,0.000000e+00,2.699265e+02,5.582240e+01,6.475998e-19,0.000000e+00
4.690250e-01,2.717136e+02,7.507787e+00,1.116543e+01,2.233086e+01,0.000000e+00,9.963000e+01,2.500000e-05,0.000000e+00,2.792214e+02,0.000000e+00,0.000000e+00,0.000000e+00,0.000000e+00,0.000000e+00,0.000000e+00,0.000000e+00,0.000000e+00,0.000000e+00,0.000000e+00,0.000000e+00,0.000000e+00,0.000000e+00,2.717136e+02,5.585061e+01,6.503368e-19,0.000000e+00
4.700250e-01,2.735071e+02,7.511459e+00,1.116816e+01,2.233632e+01,0.000000e+00,9.963000e+01,2.500000e-05,0.000000e+00,2.810186e+02,0.000000e+00,0.000000e+00,0.000000e+00,0.000000e+00,0.000000e+00,0.000000e+00,0.000000e+00,0.000000e+00,0.000000e+00,0.000000e+00,0.000000e+00,0.000000e+00,0.000000e+00,2.735071e+02,5.587793e+01,6.530752e-19,0.000000e+00
4.710250e-01,2.753069e+02,7.515012e+00,1.117080e+01,2.234160e+01,0.000000e+00,9.963000e+01,2.500000e-05,0.000000e+00,2.828219e+02,0.000000e+00,0.000000e+00,0.000000e+00,0.000000e+00,0.000000e+00,0.000000e+00,0.000000e+00,0.000000e+00,0.000000e+00,0.000000e+00,0.000000e+00,0.000000e+00,0.000000e+00,2.753069e+02,5.590435e+01,6.558149e-19,0.000000e+00
4.720250e-01,2.771130e+02,7.518445e+00,1.117335e+01,2.234670e+01,0.000000e+00,9.963000e+01,2.500000e-05,0.000000e+00,2.846315e+02,0.000000e+00,0.000000e+00,0.000000e+00,0.000000e+00,0.000000e+00,0.000000e+00,0.000000e+00,0.000000e+00,0.000000e+00,0.000000e+00,0.000000e+00,0.000000e+00,0.000000e+00,2.771130e+02,5.592989e+01,6.585560e-19,0.000000e+00
4.730250e-01,2.789255e+02,7.521758e+00,1.117581e+01,2.235163e+01,0.000000e+00,9.963000e+01,2.500000e-05,0.000000e+00,2.864472e+02,0.000000e+00,0.000000e+00,0.000000e+00,0.000000e+00,0.000000e+00,0.000000e+00,0.000000e+00,0.000000e+00,0.000000e+00,0.000000e+00,0.000000e+00,0.000000e+00,0.000000e+00,2.789255e+02,5.595454e+01,6.612982e-19,0.000000e+00
4.740250e-01,2.807442e+02,7.524950e+00,1.117818e+01,2.235637e+01,0.000000e+00,9.963000e+01,2.500000e-05,0.000000e+00,2.882692e+02,0.000000e+00,0.000000e+00,0.000000e+00,0.000000e+00,0.000000e+00,0.000000e+00,0.000000e+00,0.000000e+00,0.000000e+00,0.000000e+00,0.000000e+00,0.000000e+00,0.000000e+00,2.807442e+02,5.597829e+01,6.640417e-19,0.000000e+00
4.750250e-01,2.825692e+02,7.528023e+00,1.118047e+01,2.236093e+01,0.000000e+00,9.963000e+01,2.500000e-05,0.000000e+00,2.900973e+02,0.000000e+00,0.000000e+00,0.000000e+00,0.000000e+00,0.000000e+00,0.000000e+00,0.000000e+00,0.000000e+00,0.000000e+00,0.000000e+00,0.000000e+00,0.000000e+00,0.000000e+00,2.825692e+02,5.600114e+01,6.667863e-19,0.000000e+00
4.760250e-01,2.844005e+02,7.530975e+00,1.118266e+01,2.236532e+01,0.000000e+00,9.963000e+01,2.500000e-05,0.000000e+00,2.919315e+02,0.000000e+00,0.000000e+00,0.000000e+00,0.000000e+00,0.000000e+00,0.000000e+00,0.000000e+00,0.000000e+00,0.000000e+00,0.000000e+00,0.000000e+00,0.000000e+00,0.000000e+00,2.844005e+02,5.602311e+01,6.695319e-19,0.000000e+00
4.770250e-01,2.862382e+02,7.533808e+00,1.118476e+01,2.236952e+01,0.000000e+00,9.963000e+01,2.500000e-05,0.000000e+00,2.937719e+02,0.000000e+00,0.000000e+00,0.000000e+00,0.000000e+00,0.000000e+00,0.000000e+00,0.000000e+00,0.000000e+00,0.000000e+00,0.000000e+00,0.000000e+00,0.000000e+00,0.000000e+00,2.862382e+02,5.604418e+01,6.722787e-19,0.000000e+00
4.780250e-01,2.880820e+02,7.536520e+00,1.118677e+01,2.237355e+01,0.000000e+00,9.963000e+01,2.500000e-05,0.000000e+00,2.956185e+02,0.000000e+00,0.000000e+00,0.000000e+00,0.000000e+00,0.000000e+00,0.000000e+00,0.000000e+00,0.000000e+00,0.000000e+00,0.000000e+00,0.000000e+00,0.000000e+00,0.000000e+00,2.880820e+02,5.606435e+01,6.750265e-19,0.000000e+00
4.790250e-01,2.899321e+02,7.539112e+00,1.118870e+01,2.237740e+01,0.000000e+00,9.963000e+01,2.500000e-05,0.000000e+00,2.974712e+02,0.000000e+00,0.000000e+00,0.000000e+00,0.000000e+00,0.000000e+00,0.000000e+00,0.000000e+00,0.000000e+00,0.000000e+00,0.000000e+00,0.000000e+00,0.000000e+00,0.000000e+00,2.899321e+02,5.608363e+01,6.777752e-19,0.000000e+00
4.800250e-01,2.917884e+02,7.541583e+00,1.119053e+01,2.238106e+01,0.000000e+00,9.963000e+01,2.500000e-05,0.000000e+00,2.993300e+02,0.000000e+00,0.000000e+00,0.000000e+00,0.000000e+00,0.000000e+00,0.000000e+00,0.000000e+00,0.000000e+00,0.000000e+00,0.000000e+00,0.000000e+00,0.000000e+00,0.000000e+00,2.917884e+02,5.610202e+01,6.805249e-19,0.000000e+00
4.810250e-01,2.936510e+02,7.543934e+00,1.119228e+01,2.238455e+01,0.000000e+00,9.963000e+01,2.500000e-05,0.000000e+00,3.011949e+02,0.000000e+00,0.000000e+00,0.000000e+00,0.000000e+00,0.000000e+00,0.000000e+00,0.000000e+00,0.000000e+00,0.000000e+00,0.000000e+00,0.000000e+00,0.000000e+00,0.000000e+00,2.936510e+02,5.611951e+01,6.832754e-19,0.000000e+00
4.820250e-01,2.955197e+02,7.546165e+00,1.119393e+01,2.238786e+01,0.000000e+00,9.963000e+01,2.500000e-05,0.000000e+00,3.030659e+02,0.000000e+00,0.000000e+00,0.000000e+00,0.000000e+00,0.000000e+00,0.000000e+00,0.000000e+00,0.000000e+00,0.000000e+00,0.000000e+00,0.000000e+00,0.000000e+00,0.000000e+00,2.955197e+02,5.613610e+01,6.860268e-19,0.000000e+00
4.830250e-01,2.973947e+02,7.548274e+00,1.119549e+01,2.239099e+01,0.000000e+00,9.963000e+01,2.500000e-05,0.000000e+00,3.049430e+02,0.000000e+00,0.000000e+00,0.000000e+00,0.000000e+00,0.000000e+00,0.000000e+00,0.000000e+00,0.000000e+00,0.000000e+00,0.000000e+00,0.000000e+00,0.000000e+00,0.000000e+00,2.973947e+02,5.615179e+01,6.887790e-19,0.000000e+00
4.840250e-01,2.992758e+02,7.550263e+00,1.119697e+01,2.239394e+01,0.000000e+00,9.963000e+01,2.500000e-05,0.000000e+00,3.068261e+02,0.000000e+00,0.000000e+00,0.000000e+00,0.000000e+00,0.000000e+00,0.000000e+00,0.000000e+00,0.000000e+00,0.000000e+00,0.000000e+00,0.000000e+00,0.000000e+00,0.000000e+00,2.992758e+02,5.616659e+01,6.915320e-19,0.000000e+00
4.850250e-01,3.011631e+02,7.552132e+00,1.119835e+01,2.239671e+01,0.000000e+00,9.963000e+01,2.500000e-05,0.000000e+00,3.087153e+02,0.000000e+00,0.000000e+00,0.000000e+00,0.000000e+00,0.000000e+00,0.000000e+00,0.000000e+00,0.000000e+00,0.000000e+00,0.000000e+00,0.000000e+00,0.000000e+00,0.000000e+00,3.011631e+02,5.618049e+01,6.942857e-19,0.000000e+00
4.860250e-01,3.030566e+02,7.553879e+00,1.119965e+01,2.239930e+01,0.000000e+00,9.963000e+01,2.500000e-05,0.000000e+00,3.106105e+02,0.000000e+00,0.000000e+00,0.000000e+00,0.000000e+00,0.000000e+00,0.000000e+00,0.000000e+00,0.000000e+00,0.000000e+00,0.000000e+00,0.000000e+00,0.000000e+00,0.000000e+00,3.030566e+02,5.619349e+01,6.970400e-19,0.000000e+00
4.870250e-01,3.049563e+02,7.555506e+00,1.120086e+01,2.240171e+01,0.000000e+00,9.963000e+01,2.500000e-05,0.000000e+00,3.125117e+02,0.000000e+00,0.000000e+00,0.000000e+00,0.000000e+00,0.000000e+00,0.000000e+00,0.000000e+00,0.000000e+00,0.000000e+00,0.000000e+00,0.000000e+00,0.000000e+00,0.000000e+00,3.049563e+02,5.620559e+01,6.997949e-19,0.000000e+00
4.880250e-01,3.068620e+02,7.557013e+00,1.120197e+01,2.240395e+01,0.000000e+00,9.963000e+01,2.500000e-05,0.000000e+00,3.144190e+02,0.000000e+00,0.000000e+00,0.000000e+00,0.000000e+00,0.000000e+00,0.000000e+00,0.000000e+00,0.000000e+00,0.000000e+00,0.000000e+00,0.000000e+00,0.000000e+00,0.000000e+00,3.068620e+02,5.621680e+01,7.025504e-19,0.000000e+00
4.890250e-01,3.087739e+02,7.558398e+00,1.120300e+01,2.240600e+01,0.000000e+00,9.963000e+01,2.500000e-05,0.000000e+00,3.163323e+02,0.000000e+00,0.000000e+00,0.000000e+00,0.000000e+00,0.000000e+00,0.000000e+00,0.000000e+00,0.000000e+00,0.000000e+00,0.000000e+00,0.000000e+00,0.000000e+00,0.000000e+00,3.087739e+02,5.622710e+01,7.053065e-19,0.000000e+00
4.900250e-01,3.106919e+02,7.559662e+00,1.120394e+01,2.240787e+01,0.000000e+00,9.963000e+01,2.500000e-05,0.000000e+00,3.182516e+02,0.000000e+00,0.000000e+00,0.000000e+00,0.000000e+00,0.000000e+00,0.000000e+00,0.000000e+00,0.000000e+00,0.000000e+00,0.000000e+00,0.000000e+00,0.000000e+00,0.000000e+00,3.106919e+02,5.623651e+01,7.080630e-19,0.000000e+00
4.910250e-01,3.126160e+02,7.560806e+00,1.120478e+01,2.240957e+01,0.000000e+00,9.963000e+01,2.500000e-05,0.000000e+00,3.201768e+02,0.000000e+00,0.000000e+00,0.000000e+00,0.000000e+00,0.000000e+00,0.000000e+00,0.000000e+00,0.000000e+00,0.000000e+00,0.000000e+00,0.000000e+00,0.000000e+00,0.000000e+00,3.126160e+02,5.624502e+01,7.108200e-19,0.000000e+00
4.920250e-01,3.145461e+02,7.561828e+00,1.120554e+01,2.241108e+01,0.000000e+00,9.963000e+01,2.500000e-05,0.000000e+00,3.221080e+02,0.000000e+00,0.000000e+00,0.000000e+00,0.000000e+00,0.000000e+00,0.000000e+00,0.000000e+00,0.000000e+00,0.000000e+00,0.000000e+00,0.000000e+00,0.000000e+00,0.000000e+00,3.145461e+02,5.625262e+01,7.135774e-19,0.000000e+00
4.930250e-01,3.164824e+02,7.562730e+00,1.120621e+01,2.241242e+01,0.000000e+00,9.963000e+01,2.500000e-05,0.000000e+00,3.240451e+02,0.000000e+00,0.000000e+00,0.000000e+00,0.000000e+00,0.000000e+00,0.000000e+00,0.000000e+00,0.000000e+00,0.000000e+00,0.000000e+00,0.000000e+00,0.000000e+00,0.000000e+00,3.164824e+02,5.625933e+01,7.163351e-19,0.000000e+00
4.940250e-01,3.184247e+02,7.563510e+00,1.120679e+01,2.241358e+01,0.000000e+00,9.963000e+01,2.500000e-05,0.000000e+00,3.259882e+02,0.000000e+00,0.000000e+00,0.000000e+00,0.000000e+00,0.000000e+00,0.000000e+00,0.000000e+00,0.000000e+00,0.000000e+00,0.000000e+00,0.000000e+00,0.000000e+00,0.000000e+00,3.184247e+02,5.626514e+01,7.190932e-19,0.000000e+00
4.950250e-01,3.203730e+02,7.564170e+00,1.120728e+01,2.241455e+01,0.000000e+00,9.963000e+01,2.500000e-05,0.000000e+00,3.279371e+02,0.000000e+00,0.000000e+00,0.000000e+00,0.000000e+00,0.000000e+00,0.000000e+00,0.000000e+00,0.000000e+00,0.000000e+00,0.000000e+00,0.000000e+00,0.000000e+00,0.000000e+00,3.203730e+02,5.627005e+01,7.218515e-19,0.000000e+00
4.960250e-01,3.223273e+02,7.564709e+00,1.120768e+01,2.241535e+01,0.000000e+00,9.963000e+01,2.500000e-05,0.000000e+00,3.298920e+02,0.000000e+00,0.000000e+00,0.000000e+00,0.000000e+00,0.000000e+00,0.000000e+00,0.000000e+00,0.000000e+00,0.000000e+00,0.000000e+00,0.000000e+00,0.000000e+00,0.000000e+00,3.223273e+02,5.627405e+01,7.246100e-19,0.000000e+00
4.970250e-01,3.242876e+02,7.565126e+00,1.120798e+01,2.241597e+01,0.000000e+00,9.963000e+01,2.500000e-05,0.000000e+00,3.318528e+02,0.000000e+00,0.000000e+00,0.000000e+00,0.000000e+00,0.000000e+00,0.000000e+00,0.000000e+00,0.000000e+00,0.000000e+00,0.000000e+00,0.000000e+00,0.000000e+00,0.000000e+00,3.242876e+02,5.627716e+01,7.273688e-19,0.000000e+00
4.980250e-01,3.262540e+02,7.565423e+00,1.120820e+01,2.241641e+01,0.000000e+00,9.963000e+01,2.500000e-05,0.000000e+00,3.338194e+02,0.000000e+00,0.000000e+00,0.000000e+00,0.000000e+00,0.000000e+00,0.000000e+00,0.000000e+00,0.000000e+00,0.000000e+00,0.000000e+00,0.000000e+00,0.000000e+00,0.000000e+00,3.262540e+02,5.627937e+01,7.301276e-19,0.000000e+00
4.990250e-01,3.282263e+02,7.565598e+00,1.120833e+01,2.241667e+01,0.000000e+00,9.963000e+01,2.500000e-05,0.000000e+00,3.357919e+02,0.000000e+00,0.000000e+00,0.000000e+00,0.000000e+00,0.000000e+00,0.000000e+00,0.000000e+00,0.000000e+00,0.000000e+00,0.000000e+00,0.000000e+00,0.000000e+00,0.000000e+00,3.282263e+02,5.628067e+01,7.328866e-19,0.000000e+00
5.000250e-01,3.302046e+02,7.565653e+00,1.120837e+01,2.241675e+01,0.000000e+00,9.963000e+01,2.500000e-05,0.000000e+00,3.377702e+02,0.000000e+00,0.000000e+00,0.000000e+00,0.000000e+00,0.000000e+00,0.000000e+00,0.000000e+00,0.000000e+00,0.000000e+00,0.000000e+00,0.000000e+00,0.000000e+00,0.000000e+00,3.302046e+02,5.628107e+01,7.356455e-19,0.000000e+00
5.010250e-01,3.321888e+02,7.565587e+00,1.120833e+01,2.241665e+01,0.000000e+00,9.963000e+01,2.500000e-05,0.000000e+00,3.397543e+02,0.000000e+00,0.000000e+00,0.000000e+00,0.000000e+00,0.000000e+00,0.000000e+00,0.000000e+00,0.000000e+00,0.000000e+00,0.000000e+00,0.000000e+00,0.000000e+00,0.000000e+00,3.321888e+02,5.628058e+01,7.384045e-19,0.000000e+00
5.020250e-01,3.341789e+02,7.565399e+00,1.120819e+01,2.241637e+01,0.000000e+00,9.963000e+01,2.500000e-05,0.000000e+00,3.417443e+02,0.000000e+00,0.000000e+00,0.000000e+00,0.000000e+00,0.000000e+00,0.000000e+00,0.000000e+00,0.000000e+00,0.000000e+00,0.000000e+00,0.000000e+00,0.000000e+00,0.000000e+00,3.341789e+02,5.627919e+01,7.411635e-19,0.000000e+00
5.030250e-01,3.361750e+02,7.565090e+00,1.120796e+01,2.241592e+01,0.000000e+00,9.963000e+01,2.500000e-05,0.000000e+00,3.437401e+02,0.000000e+00,0.000000e+00,0.000000e+00,0.000000e+00,0.000000e+00,0.000000e+00,0.000000e+00,0.000000e+00,0.000000e+00,0.000000e+00,0.000000e+00,0.000000e+00,0.000000e+00,3.361750e+02,5.627689e+01,7.439224e-19,0.000000e+00
5.040250e-01,3.381769e+02,7.564661e+00,1.120764e+01,2.241528e+01,0.000000e+00,9.963000e+01,2.500000e-05,0.000000e+00,3.457416e+02,0.000000e+00,0.000000e+00,0.000000e+00,0.000000e+00,0.000000e+00,0.000000e+00,0.000000e+00,0.000000e+00,0.000000e+00,0.000000e+00,0.000000e+00,0.000000e+00,0.000000e+00,3.381769e+02,5.627369e+01,7.466811e-19,0.000000e+00
5.050250e-01,3.401848e+02,7.564110e+00,1.120723e+01,2.241446e+01,0.000000e+00,9.963000e+01,2.500000e-05,0.000000e+00,3.477488e+02,0.000000e+00,0.000000e+00,0.000000e+00,0.000000e+00,0.000000e+00,0.000000e+00,0.000000e+00,0.000000e+00,0.000000e+00,0.000000e+00,0.000000e+00,0.000000e+00,0.000000e+00,3.401848e+02,5.626960e+01,7.494397e-19,0.000000e+00
5.060250e-01,3.421984e+02,7.563438e+00,1.120673e+01,2.241347e+01,0.000000e+00,9.963000e+01,2.500000e-05,0.000000e+00,3.497619e+02,0.000000e+00,0.000000e+00,0.000000e+00,0.000000e+00,0.000000e+00,0.000000e+00,0.000000e+00,0.000000e+00,0.000000e+00,0.000000e+00,0.000000e+00,0.000000e+00,0.000000e+00,3.421984e+02,5.626460e+01,7.521980e-19,0.000000e+00
5.070250e-01,3.442180e+02,7.562645e+00,1.120615e+01,2.241229e+01,0.000000e+00,9.963000e+01,2.500000e-05,0.000000e+00,3.517806e+02,0.000000e+00,0.000000e+00,0.000000e+00,0.000000e+00,0.000000e+00,0.000000e+00,0.000000e+00,0.000000e+00,0.000000e+00,0.000000e+00,0.000000e+00,0.000000e+00,0.000000e+00,3.442180e+02,5.625870e+01,7.549561e-19,0.000000e+00
5.080250e-01,3.462433e+02,7.561731e+00,1.120547e+01,2.241094e+01,0.000000e+00,9.963000e+01,2.500000e-05,0.000000e+00,3.538051e+02,0.000000e+00,0.000000e+00,0.000000e+00,0.000000e+00,0.000000e+00,0.000000e+00,0.000000e+00,0.000000e+00,0.000000e+00,0.000000e+00,0.000000e+00,0.000000e+00,0.000000e+00,3.462433e+02,5.625190e+01,7.577139e-19,0.000000e+00
5.090250e-01,3.482745e+02,7.560697e+00,1.120470e+01,2.240941e+01,0.000000e+00,9.963000e+01,2.500000e-05,0.000000e+00,3.558352e+02,0.000000e+00,0.000000e+00,0.000000e+00,0.000000e+00,0.000000e+00,0.000000e+00,0.000000e+00,0.000000e+00,0.000000e+00,0.000000e+00,0.000000e+00,0.000000e+00,0.000000e+00,3.482745e+02,5.624421e+01,7.604713e-19,0.000000e+00
5.100250e-01,3.503115e+02,7.559541e+00,1.120385e+01,2.240769e+01,0.000000e+00,9.963000e+01,2.500000e-05,0.000000e+00,3.578710e+02,0.000000e+00,0.000000e+00,0.000000e+00,0.000000e+00,0.000000e+00,0.000000e+00,0.000000e+00,0.000000e+00,0.000000e+00,0.000000e+00,0.000000e+00,0.000000e+00,0.000000e+00,3.503115e+02,5.623561e+01,7.632284e-19,0.000000e+00
5.110250e-01,3.523542e+02,7.558265e+00,1.120290e+01,2.240580e+01,0.000000e+00,9.963000e+01,2.500000e-05,0.000000e+00,3.599125e+02,0.000000e+00,0.000000e+00,0.000000e+00,0.000000e+00,0.000000e+00,0.000000e+00,0.000000e+00,0.000000e+00,0.000000e+00,0.000000e+00,0.000000e+00,0.000000e+00,0.000000e+00,3.523542e+02,5.622611e+01,7.659850e-19,0.000000e+00
5.120250e-01,3.544027e+02,7.556867e+00,1.120187e+01,2.240373e+01,0.000000e+00,9.963000e+01,2.500000e-05,0.000000e+00,3.619596e+02,0.000000e+00,0.000000e+00,0.000000e+00,0.000000e+00,0.000000e+00,0.000000e+00,0.000000e+00,0.000000e+00,0.000000e+00,0.000000e+00,0.000000e+00,0.000000e+00,0.000000e+00,3.544027e+02,5.621572e+01,7.687411e-19,0.000000e+00
5.130250e-01,3.564570e+02,7.555349e+00,1.120074e+01,2.240148e+01,0.000000e+00,9.963000e+01,2.500000e-05,0.000000e+00,3.640123e+02,0.000000e+00,0.000000e+00,0.000000e+00,0.000000e+00,0.000000e+00,0.000000e+00,0.000000e+00,0.000000e+00,0.000000e+00,0.000000e+00,0.000000e+00,0.000000e+00,0.000000e+00,3.564570e+02,5.620443e+01,7.714967e-19,0.000000e+00
5.140250e-01,3.585170e+02,7.553710e+00,1.119952e+01,2.239905e+01,0.000000e+00,9.963000e+01,2.500000e-05,0.000000e+00,3.660707e+02,0.000000e+00,0.000000e+00,0.000000e+00,0.000000e+00,0.000000e+00,0.000000e+00,0.000000e+00,0.000000e+00,0.000000e+00,0.000000e+00,0.000000e+00,0.000000e+00,0.000000e+00,3.585170e+02,5.619223e+01,7.742518e-19,0.000000e+00
5.150250e-01,3.605826e+02,7.551950e+00,1.119822e+01,2.239644e+01,0.000000e+00,9.963000e+01,2.500000e-05,0.000000e+00,3.681346e+02,0.000000e+00,0.000000e+00,0.000000e+00,0.000000e+00,0.000000e+00,0.000000e+00,0.000000e+00,0.000000e+00,0.000000e+00,0.000000e+00,0.000000e+00,0.000000e+00,0.000000e+00,3.605826e+02,5.617914e+01,7.770062e-19,0.000000e+00
5.160250e-01,3.626540e+02,7.550070e+00,1.119683e+01,2.239365e+01,0.000000e+00,9.963000e+01,2.500000e-05,0.000000e+00,3.702041e+02,0.000000e+00,0.000000e+00,0.000000e+00,0.000000e+00,0.000000e+00,0.000000e+00,0.000000e+00,0.000000e+00,0.000000e+00,0.000000e+00,0.000000e+00,0.000000e+00,0.000000e+00,3.626540e+02,5.616515e+01,7.797599e-19,0.000000e+00
5.170250e-01,3.647310e+02,7.548069e+00,1.119534e+01,2.239068e+01,0.000000e+00,9.963000e+01,2.500000e-05,0.000000e+00,3.722791e+02,0.000000e+00,0.000000e+00,0.000000e+00,0.000000e+00,0.000000e+00,0.000000e+00,0.000000e+00,0.000000e+00,0.000000e+00,0.000000e+00,0.000000e+00,0.000000e+00,0.000000e+00,3.647310e+02,5.615026e+01,7.825130e-19,0.000000e+00
5.180250e-01,3.668137e+02,7.545947e+00,1.119377e+01,2.238754e+01,0.000000e+00,9.963000e+01,2.500000e-05,0.000000e+00,3.743596e+02,0.000000e+00,0.000000e+00,0.000000e+00,0.000000e+00,0.000000e+00,0.000000e+00,0.000000e+00,0.000000e+00,0.000000e+00,0.000000e+00,0.000000e+00,0.000000e+00,0.000000e+00,3.668137e+02,5.613448e+01,7.852653e-19,0.000000e+00
5.190250e-01,3.689020e+02,7.543705e+00,1.119211e+01,2.238421e+01,0.000000e+00,9.963000e+01,2.500000e-05,0.000000e+00,3.764457e+02,0.000000e+00,0.000000e+00,0.000000e+00,0.000000e+00,0.000000e+00,0.000000e+00,0.000000e+00,0.000000e+00,0.000000e+00,0.000000e+00,0.000000e+00,0.000000e+00,0.000000e+00,3.689020e+02,5.611780e+01,7.880168e-19,0.000000e+00
5.200250e-01,3.709959e+02,7.541341e+00,1.119035e+01,2.238070e+01,0.000000e+00,9.963000e+01,2.500000e-05,0.000000e+00,3.785372e+02,0.000000e+00,0.000000e+00,0.000000e+00,0.000000e+00,0.000000e+00,0.000000e+00,0.000000e+00,0.000000e+00,0.000000e+00,0.000000e+00,0.000000e+00,0.000000e+00,0.000000e+00,3.709959e+02,5.610022e+01,7.907674e-19,0.000000e+00
5.210250e-01,3.730954e+02,7.538858e+00,1.118851e+01,2.237702e+01,0.000000e+00,9.963000e+01,2.500000e-05,0.000000e+00,3.806342e+02,0.000000e+00,0.000000e+00,0.000000e+00,0.000000e+00,0.000000e+00,0.000000e+00,0.000000e+00,0.000000e+00,0.000000e+00,0.000000e+00,0.000000e+00,0.000000e+00,0.000000e+00,3.730954e+02,5.608175e+01,7.935172e-19,0.000000e+00
5.220250e-01,3.752005e+02,7.536254e+00,1.118658e+01,2.237315e+01,0.000000e+00,9.963000e+01,2.500000e-05,0.000000e+00,3.827367e+02,0.000000e+00,0.000000e+00,0.000000e+00,0.000000e+00,0.000000e+00,0.000000e+00,0.000000e+00,0.000000e+00,0.000000e+00,0.000000e+00,0.000000e+00,0.000000e+00,0.000000e+00,3.752005e+02,5.606238e+01,7.962661e-19,0.000000e+00
5.230250e-01,3.773111e+02,7.533530e+00,1.118456e+01,2.236911e+01,0.000000e+00,9.963000e+01,2.500000e-05,0.000000e+00,3.848446e+02,0.000000e+00,0.000000e+00,0.000000e+00,0.000000e+00,0.000000e+00,0.000000e+00,0.000000e+00,0.000000e+00,0.000000e+00,0.000000e+00,0.000000e+00,0.000000e+00,0.000000e+00,3.773111e+02,5.604211e+01,7.990140e-19,0.000000e+00
5.240250e-01,3.794272e+02,7.530686e+00,1.118244e+01,2.236489e+01,0.000000e+00,9.963000e+01,2.500000e-05,0.000000e+00,3.869579e+02,0.000000e+00,0.000000e+00,0.000000e+00,0.000000e+00,0.000000e+00,0.000000e+00,0.000000e+00,0.000000e+00,0.000000e+00,0.000000e+00,0.000000e+00,0.000000e+00,0.000000e+00,3.794272e+02,5.602095e+01,8.017609e-19,0.000000e+00
5.250000e-01,3.814958e+02,7.527872e+00,1.118035e+01,2.236071e+01,0.000000e+00,9.963000e+01,2.500000e-05,0.000000e+00,3.890237e+02,0.000000e+00,0.000000e+00,0.000000e+00,0.000000e+00,0.000000e+00,0.000000e+00,0.000000e+00,0.000000e+00,0.000000e+00,0.000000e+00,0.000000e+00,0.000000e+00,0.000000e+00,3.814958e+02,5.600114e+01,8.044381e-19,0.000000e+00
5.260000e-01,3.836228e+02,7.524793e+00,1.117807e+01,2.235613e+01,0.000000e+00,9.963000e+01,2.500000e-05,0.000000e+00,3.911476e+02,0.000000e+00,0.000000e+00,0.000000e+00,0.000000e+00,0.000000e+00,0.000000e+00,0.000000e+00,0.000000e+00,0.000000e+00,0.000000e+00,0.000000e+00,0.000000e+00,0.000000e+00,3.836228e+02,5.597829e+01,8.071829e-19,0.000000e+00
5.270000e-01,3.857553e+02,7.521595e+00,1.117569e+01,2.235138e+01,0.000000e+00,9.963000e+01,2.500000e-05,0.000000e+00,3.932769e+02,0.000000e+00,0.000000e+00,0.000000e+00,0.000000e+00,0.000000e+00,0.000000e+00,0.000000e+00,0.000000e+00,0.000000e+00,0.000000e+00,0.000000e+00,0.000000e+00,0.000000e+00,3.857553e+02,5.595454e+01,8.099265e-19,0.000000e+00
5.280000e-01,3.878932e+02,7.518276e+00,1.117323e+01,2.234645e+01,0.000000e+00,9.963000e+01,2.500000e-05,0.000000e+00,3.954115e+02,0.000000e+00,0.000000e+00,0.000000e+00,0.000000e+00,0.000000e+00,0.000000e+00,0.000000e+00,0.000000e+00,0.000000e+00,0.000000e+00,0.000000e+00,0.000000e+00,0.000000e+00,3.878932e+02,5.592989e+01,8.126690e-19,0.000000e+00
5.290000e-01,3.900366e+02,7.514837e+00,1.117067e+01,2.234134e+01,0.000000e+00,9.963000e+01,2.500000e-05,0.000000e+00,3.975514e+02,0.000000e+00,0.000000e+00,0.000000e+00,0.000000e+00,0.000000e+00,0.000000e+00,0.000000e+00,0.000000e+00,0.000000e+00,0.000000e+00,0.000000e+00,0.000000e+00,0.000000e+00,3.900366e+02,5.590435e+01,8.154102e-19,0.000000e+00
5.300000e-01,3.921853e+02,7.511278e+00,1.116803e+01,2.233605e+01,0.000000e+00,9.963000e+01,2.500000e-05,0.000000e+00,3.996966e+02,0.000000e+00,0.000000e+00,0.000000e+00,0.000000e+00,0.000000e+00,0.000000e+00,0.000000e+00,0.000000e+00,0.000000e+00,0.000000e+00,0.000000e+00,0.000000e+00,0.000000e+00,3.921853e+02,5.587793e+01,8.181501e-19,0.000000e+00
5.310000e-01,3.943395e+02,7.507600e+00,1.116529e+01,2.233058e+01,0.000000e+00,9.963000e+01,2.500000e-05,0.000000e+00,4.018471e+02,0.000000e+00,0.000000e+00,0.000000e+00,0.000000e+00,0.000000e+00,0.000000e+00,0.000000e+00,0.000000e+00,0.000000e+00,0.000000e+00,0.000000e+00,0.000000e+00,0.000000e+00,3.943395e+02,5.585061e+01,8.208888e-19,0.000000e+00
5.320000e-01,3.964990e+02,7.503802e+00,1.116247e+01,2.232493e+01,0.000000e+00,9.963000e+01,2.500000e-05,0.000000e+00,4.040028e+02,0.000000e+00,0.000000e+00,0.000000e+00,0.000000e+00,0.000000e+00,0.000000e+00,0.000000e+00,0.000000e+00,0.000000e+00,0.000000e+00,0.000000e+00,0.000000e+00,0.000000e+00,3.964990e+02,5.582240e+01,8.236261e-19,0.000000e+00
5.330000e-01,3.986638e+02,7.499885e+00,1.115955e+01,2.231910e+01,0.000000e+00,9.963000e+01,2.500000e-05,0.000000e+00,4.061637e+02,0.000000e+00,0.000000e+00,0.000000e+00,0.000000e+00,0.000000e+00,0.000000e+00,0.000000e+00,0.000000e+00,0.000000e+00,0.000000e+00,0.000000e+00,0.000000e+00,0.000000e+00,3.986638e+02,5.579330e+01,8.263619e-19,0.000000e+00
5.340000e-01,4.008340e+02,7.495848e+00,1.115655e+01,2.231310e+01,0.000000e+00,9.963000e+01,2.500000e-05,0.000000e+00,4.083298e+02,0.000000e+00,0.000000e+00,0.000000e+00,0.000000e+00,0.000000e+00,0.000000e+00,0.000000e+00,0.000000e+00,0.000000e+00,0.000000e+00,0.000000e+00,0.000000e+00,0.000000e+00,4.008340e+02,5.576332e+01,8.290964e-19,0.000000e+00
5.350000e-01,4.030095e+02,7.491691e+00,1.115345e+01,2.230691e+01,0.000000e+00,9.963000e+01,2.500000e-05,0.000000e+00,4.105011e+02,0.000000e+00,0.000000e+00,0.000000e+00,0.000000e+00,0.000000e+00,0.000000e+00,0.000000e+00,0.000000e+00,0.000000e+00,0.000000e+00,0.000000e+00,0.000000e+00,0.000000e+00,4.030095e+02,5.573244e+01,8.318293e-19,0.000000e+00
5.360000e-01,4.051902e+02,7.487416e+00,1.115027e+01,2.230054e+01,0.000000e+00,9.963000e+01,2.500000e-05,0.000000e+00,4.126776e+02,0.000000e+00,0.000000e+00,0.000000e+00,0.000000e+00,0.000000e+00,0.000000e+00,0.000000e+00,0.000000e+00,0.000000e+00,0.000000e+00,0.000000e+00,0.000000e+00,0.000000e+00,4.051902e+02,5.570068e+01,8.345607e-19,0.000000e+00
5.370000e-01,4.073762e+02,7.483021e+00,1.114700e+01,2.229400e+01,0.000000e+00,9.963000e+01,2.500000e-05,0.000000e+00,4.148592e+02,0.000000e+00,0.000000e+00,0.000000e+00,0.000000e+00,0.000000e+00,0.000000e+00,0.000000e+00,0.000000e+00,0.000000e+00,0.000000e+00,0.000000e+00,0.000000e+00,0.000000e+00,4.073762e+02,5.566803e+01,8.372905e-19,0.000000e+00
5.380000e-01,4.095674e+02,7.478507e+00,1.114364e+01,2.228727e+01,0.000000e+00,9.963000e+01,2.500000e-05,0.000000e+00,4.170459e+02,0.000000e+00,0.000000e+00,0.000000e+00,0.000000e+00,0.000000e+00,0.000000e+00,0.000000e+00,0.000000e+00,0.000000e+00,0.000000e+00,0.000000e+00,0.000000e+00,0.000000e+00,4.095674e+02,5.563449e+01,8.400187e-19,0.000000e+00
5.390000e-01,4.117638e+02,7.473874e+00,1.114018e+01,2.228037e+01,0.000000e+00,9.963000e+01,2.500000e-05,0.000000e+00,4.192377e+02,0.000000e+00,0.000000e+00,0.000000e+00,0.000000e+00,0.000000e+00,0.000000e+00,0.000000e+00,0.000000e+00,0.000000e+00,0.000000e+00,0.000000e+00,0.000000e+00,0.000000e+00,4.117638e+02,5.560007e+01,8.427453e-19,0.000000e+00
5.400000e-01,4.139654e+02,7.469122e+00,1.113664e+01,2.227328e+01,0.000000e+00,9.963000e+01,2.500000e-05,0.000000e+00,4.214345e+02,0.000000e+00,0.000000e+00,0.000000e+00,0.000000e+00,0.000000e+00,0.000000e+00,0.000000e+00,0.000000e+00,0.000000e+00,0.000000e+00,0.000000e+00,0.000000e+00,0.000000e+00,4.139654e+02,5.556477e+01,8.454701e-19,0.000000e+00
5.410000e-01,4.161722e+02,7.464252e+00,1.113301e+01,2.226602e+01,0.000000e+00,9.963000e+01,2.500000e-05,0.000000e+00,4.236364e+02,0.000000e+00,0.000000e+00,0.000000e+00,0.000000e+00,0.000000e+00,0.000000e+00,0.000000e+00,0.000000e+00,0.000000e+00,0.000000e+00,0.000000e+00,0.000000e+00,0.000000e+00,4.161722e+02,5.552859e+01,8.481932e-19,0.000000e+00
5.420000e-01,4.183841e+02,7.459263e+00,1.112929e+01,2.225858e+01,0.000000e+00,9.963000e+01,2.500000e-05,0.000000e+00,4.258433e+02,0.000000e+00,0.000000e+00,0.000000e+00,0.000000e+00,0.000000e+00,0.000000e+00,0.000000e+00,0.000000e+00,0.000000e+00,0.000000e+00,0.000000e+00,0.000000e+00,0.000000e+00,4.183841e+02,5.549152e+01,8.509144e-19,0.000000e+00
5.430000e-01,4.206011e+02,7.454156e+00,1.112548e+01,2.225096e+01,0.000000e+00,9.963000e+01,2.500000e-05,0.000000e+00,4.280552e+02,0.000000e+00,0.000000e+00,0.000000e+00,0.000000e+00,0.000000e+00,0.000000e+00,0.000000e+00,0.000000e+00,0.000000e+00,0.000000e+00,0.000000e+00,0.000000e+00,0.000000e+00,4.206011e+02,5.545357e+01,8.536339e-19,0.000000e+00
5.440000e-01,4.228232e+02,7.448930e+00,1.112158e+01,2.224315e+01,0.000000e+00,9.963000e+01,2.500000e-05,0.000000e+00,4.302721e+02,0.000000e+00,0.000000e+00,0.000000e+00,0.000000e+00,0.000000e+00,0.000000e+00,0.000000e+00,0.000000e+00,0.000000e+00,0.000000e+00,0.000000e+00,0.000000e+00,0.000000e+00,4.228232e+02,5.541473e+01,8.563515e-19,0.000000e+00
5.450000e-01,4.250504e+02,7.443586e+00,1.111759e+01,2.223517e+01,0.000000e+00,9.963000e+01,2.500000e-05,0.000000e+00,4.324939e+02,0.000000e+00,0.000000e+00,0.000000e+00,0.000000e+00,0.000000e+00,0.000000e+00,0.000000e+00,0.000000e+00,0.000000e+00,0.000000e+00,0.000000e+00,0.000000e+00,0.000000e+00,4.250504e+02,5.537502e+01,8.590671e-19,0.000000e+00
5.460000e-01,4.272826e+02,7.438124e+00,1.111351e+01,2.222701e+01,0.000000e+00,9.963000e+01,2.500000e-05,0.000000e+00,4.347207e+02,0.000000e+00,0.000000e+00,0.000000e+00,0.000000e+00,0.000000e+00,0.000000e+00,0.000000e+00,0.000000e+00,0.000000e+00,0.000000e+00,0.000000e+00,0.000000e+00,0.000000e+00,4.272826e+02,5.533443e+01,8.617808e-19,0.000000e+00
5.470000e-01,4.295198e+02,7.432543e+00,1.110934e+01,2.221868e+01,0.000000e+00,9.963000e+01,2.500000e-05,0.000000e+00,4.369523e+02,0.000000e+00,0.000000e+00,0.000000e+00,0.000000e+00,0.000000e+00,0.000000e+00,0.000000e+00,0.000000e+00,0.000000e+00,0.000000e+00,0.000000e+00,0.000000e+00,0.000000e+00,4.295198e+02,5.529297e+01,8.644925e-19,0.000000e+00
5.480000e-01,4.317620e+02,7.426846e+00,1.110508e+01,2.221016e+01,0.000000e+00,9.963000e+01,2.500000e-05,0.000000e+00,4.391888e+02,0.000000e+00,0.000000e+00,0.000000e+00,0.000000e+00,0.000000e+00,0.000000e+00,0.000000e+00,0.000000e+00,0.000000e+00,0.000000e+00,0.000000e+00,0.000000e+00,0.000000e+00,4.317620e+02,5.525063e+01,8.672021e-19,0.000000e+00
5.490000e-01,4.340092e+02,7.421030e+00,1.110073e+01,2.220146e+01,0.000000e+00,9.963000e+01,2.500000e-05,0.000000e+00,4.414302e+02,0.000000e+00,0.000000e+00,0.000000e+00,0.000000e+00,0.000000e+00,0.000000e+00,0.000000e+00,0.000000e+00,0.000000e+00,0.000000e+00,0.000000e+00,0.000000e+00,0.000000e+00,4.340092e+02,5.520741e+01,8.699097e-19,0.000000e+00
5.500000e-01,4.362613e+02,7.415096e+00,1.109629e+01,2.219258e+01,0.000000e+00,9.963000e+01,2.500000e-05,0.000000e+00,4.436764e+02,0.000000e+00,0.000000e+00,0.000000e+00,0.000000e+00,0.000000e+00,0.000000e+00,0.000000e+00,0.000000e+00,0.000000e+00,0.000000e+00,0.000000e+00,0.000000e+00,0.000000e+00,4.362613e+02,5.516331e+01,8.726151e-19,0.000000e+00
5.510000e-01,4.385183e+02,7.409046e+00,1.109176e+01,2.218353e+01,0.000000e+00,9.963000e+01,2.500000e-05,0.000000e+00,4.459274e+02,0.000000e+00,0.000000e+00,0.000000e+00,0.000000e+00,0.000000e+00,0.000000e+00,0.000000e+00,0.000000e+00,0.000000e+00,0.000000e+00,0.000000e+00,0.000000e+00,0.000000e+00,4.385183e+02,5.511834e+01,8.753182e-19,0.000000e+00
5.520000e-01,4.407802e+02,7.402878e+00,1.108714e+01,2.217429e+01,0.000000e+00,9.963000e+01,2.500000e-05,0.000000e+00,4.481831e+02,0.000000e+00,0.000000e+00,0.000000e+00,0.000000e+00,0.000000e+00,0.000000e+00,0.000000e+00,0.000000e+00,0.000000e+00,0.000000e+00,0.000000e+00,0.000000e+00,0.000000e+00,4.407802e+02,5.507250e+01,8.780192e-19,0.000000e+00
5.530000e-01,4.430470e+02,7.396593e+00,1.108244e+01,2.216488e+01,0.000000e+00,9.963000e+01,2.500000e-05,0.000000e+00,4.504436e+02,0.000000e+00,0.000000e+00,0.000000e+00,0.000000e+00,0.000000e+00,0.000000e+00,0.000000e+00,0.000000e+00,0.000000e+00,0.000000e+00,0.000000e+00,0.000000e+00,0.000000e+00,4.430470e+02,5.502579e+01,8.807179e-19,0.000000e+00
5.540000e-01,4.453187e+02,7.390191e+00,1.107764e+01,2.215528e+01,0.000000e+00,9.963000e+01,2.500000e-05,0.000000e+00,4.527088e+02,0.000000e+00,0.000000e+00,0.000000e+00,0.000000e+00,0.000000e+00,0.000000e+00,0.000000e+00,0.000000e+00,0.000000e+00,0.000000e+00,0.000000e+00,0.000000e+00,0.000000e+00,4.453187e+02,5.497821e+01,8.834143e-19,0.000000e+00
5.550000e-01,4.475951e+02,7.383672e+00,1.107275e+01,2.214551e+01,0.000000e+00,9.963000e+01,2.500000e-05,0.000000e+00,4.549788e+02,0.000000e+00,0.000000e+00,0.000000e+00,0.000000e+00,0.000000e+00,0.000000e+00,0.000000e+00,0.000000e+00,0.000000e+00,0.000000e+00,0.000000e+00,0.000000e+00,0.000000e+00,4.475951e+02,5.492976e+01,8.861083e-19,0.000000e+00
5.560000e-01,4.498763e+02,7.377037e+00,1.106778e+01,2.213556e+01,0.000000e+00,9.963000e+01,2.500000e-05,0.000000e+00,4.572534e+02,0.000000e+00,0.000000e+00,0.000000e+00,0.000000e+00,0.000000e+00,0.000000e+00,0.000000e+00,0.000000e+00,0.000000e+00,0.000000e+00,0.000000e+00,0.000000e+00,0.000000e+00,4.498763e+02,5.488044e+01,8.888000e-19,0.000000e+00
5.570000e-01,4.521623e+02,7.370285e+00,1.106271e+01,2.212542e+01,0.000000e+00,9.963000e+01,2.500000e-05,0.000000e+00,4.595326e+02,0.000000e+00,0.000000e+00,0.000000e+00,0.000000e+00,0.000000e+00,0.000000e+00,0.000000e+00,0.000000e+00,0.000000e+00,0.000000e+00,0.000000e+00,0.000000e+00,0.000000e+00,4.521623e+02,5.483026e+01,8.914893e-19,0.000000e+00
5.580000e-01,4.544531e+02,7.363416e+00,1.105756e+01,2.211511e+01,0.000000e+00,9.963000e+01,2.500000e-05,0.000000e+00,4.618165e+02,0.000000e+00,0.000000e+00,0.000000e+00,0.000000e+00,0.000000e+00,0.000000e+00,0.000000e+00,0.000000e+00,0.000000e+00,0.000000e+00,0.000000e+00,0.000000e+00,0.000000e+00,4.544531e+02,5.477921e+01,8.941760e-19,0.000000e+00
5.590000e-01,4.567485e+02,7.356431e+00,1.105231e+01,2.210462e+01,0.000000e+00,9.963000e+01,2.500000e-05,0.000000e+00,4.641049e+02,0.000000e+00,0.000000e+00,0.000000e+00,0.000000e+00,0.000000e+00,0.000000e+00,0.000000e+00,0.000000e+00,0.000000e+00,0.000000e+00,0.000000e+00,0.000000e+00,0.000000e+00,4.567485e+02,5.472729e+01,8.968602e-19,0.000000e+00
5.600000e-01,4.590486e+02,7.349331e+00,1.104697e+01,2.209395e+01,0.000000e+00,9.963000e+01,2.500000e-05,0.000000e+00,4.663979e+02,0.000000e+00,0.000000e+00,0.000000e+00,0.000000e+00,0.000000e+00,0.000000e+00,0.000000e+00,0.000000e+00,0.000000e+00,0.000000e+00,0.000000e+00,0.000000e+00,0.000000e+00,4.590486e+02,5.467451e+01,8.995419e-19,0.000000e+00
5.610000e-01,4.613534e+02,7.342115e+00,1.104155e+01,2.208310e+01,0.000000e+00,9.963000e+01,2.500000e-05,0.000000e+00,4.686955e+02,0.000000e+00,0.000000e+00,0.000000e+00,0.000000e+00,0.000000e+00,0.000000e+00,0.000000e+00,0.000000e+00,0.000000e+00,0.000000e+00,0.000000e+00,0.000000e+00,0.000000e+00,4.613534e+02,5.462087e+01,9.022209e-19,0.000000e+00
5.620000e-01,4.636628e+02,7.334783e+00,1.103604e+01,2.207207e+01,0.000000e+00,9.963000e+01,2.500000e-05,0.000000e+00,4.709975e+02,0.000000e+00,0.000000e+00,0.000000e+00,0.000000e+00,0.000000e+00,0.000000e+00,0.000000e+00,0.000000e+00,0.000000e+00,0.000000e+00,0.000000e+00,0.000000e+00,0.000000e+00,4.636628e+02,5.456638e+01,9.048973e-19,0.000000e+00
5.630000e-01,4.659767e+02,7.327335e+00,1.103043e+01,2.206086e+01,0.000000e+00,9.963000e+01,2.500000e-05,0.000000e+00,4.733041e+02,0.000000e+00,0.000000e+00,0.000000e+00,0.000000e+00,0.000000e+00,0.000000e+00,0.000000e+00,0.000000e+00,0.000000e+00,0.000000e+00,0.000000e+00,0.000000e+00,0.000000e+00,4.659767e+02,5.451102e+01,9.075710e-19,0.000000e+00
5.640000e-01,4.682953e+02,7.319773e+00,1.102474e+01,2.204947e+01,0.000000e+00,9.963000e+01,2.500000e-05,0.000000e+00,4.756151e+02,0.000000e+00,0.000000e+00,0.000000e+00,0.000000e+00,0.000000e+00,0.000000e+00,0.000000e+00,0.000000e+00,0.000000e+00,0.000000e+00,0.000000e+00,0.000000e+00,0.000000e+00,4.682953e+02,5.445480e+01,9.102420e-19,0.000000e+00
5.650000e-01,4.706184e+02,7.312095e+00,1.101895e+01,2.203791e+01,0.000000e+00,9.963000e+01,2.500000e-05,0.000000e+00,4.779305e+02,0.000000e+00,0.000000e+00,0.000000e+00,0.000000e+00,0.000000e+00,0.000000e+00,0.000000e+00,0.000000e+00,0.000000e+00,0.000000e+00,0.000000e+00,0.000000e+00,0.000000e+00,4.706184e+02,5.439773e+01,9.129102e-19,0.000000e+00
5.660000e-01,4.729460e+02,7.304302e+00,1.101308e+01,2.202616e+01,0.000000e+00,9.963000e+01,2.500000e-05,0.000000e+00,4.802503e+02,0.000000e+00,0.000000e+00,0.000000e+00,0.000000e+00,0.000000e+00,0.000000e+00,0.000000e+00,0.000000e+00,0.000000e+00,0.000000e+00,0.000000e+00,0.000000e+00,0.000000e+00,4.729460e+02,5.433980e+01,9.155756e-19,0.000000e+00
5.670000e-01,4.752782e+02,7.296394e+00,1.100712e+01,2.201423e+01,0.000000e+00,9.963000e+01,2.500000e-05,0.000000e+00,4.825746e+02,0.000000e+00,0.000000e+00,0.000000e+00,0.000000e+00,0.000000e+00,0.000000e+00,0.000000e+00,0.000000e+00,0.000000e+00,0.000000e+00,0.000000e+00,0.000000e+00,0.000000e+00,4.752782e+02,5.428102e+01,9.182381e-19,0.000000e+00
5.680000e-01,4.776147e+02,7.288373e+00,1.100107e+01,2.200213e+01,0.000000e+00,9.963000e+01,2.500000e-05,0.000000e+00,4.849031e+02,0.000000e+00,0.000000e+00,0.000000e+00,0.000000e+00,0.000000e+00,0.000000e+00,0.000000e+00,0.000000e+00,0.000000e+00,0.000000e+00,0.000000e+00,0.000000e+00,0.000000e+00,4.776147e+02,5.422139e+01,9.208977e-19,0.000000e+00
5.690000e-01,4.799557e+02,7.280236e+00,1.099492e+01,2.198985e+01,0.000000e+00,9.963000e+01,2.500000e-05,0.000000e+00,4.872360e+02,0.000000e+00,0.000000e+00,0.000000e+00,0.000000e+00,0.000000e+00,0.000000e+00,0.000000e+00,0.000000e+00,0.000000e+00,0.000000e+00,0.000000e+00,0.000000e+00,0.000000e+00,4.799557e+02,5.416090e+01,9.235544e-19,0.000000e+00
5.700000e-01,4.823011e+02,7.271986e+00,1.098869e+01,2.197738e+01,0.000000e+00,9.963000e+01,2.500000e-05,0.000000e+00,4.895731e+02,0.000000e+00,0.000000e+00,0.000000e+00,0.000000e+00,0.000000e+00,0.000000e+00,0.000000e+00,0.000000e+00,0.000000e+00,0.000000e+00,0.000000e+00,0.000000e+00,0.000000e+00,4.823011e+02,5.409957e+01,9.262081e-19,0.000000e+00
5.710000e-01,4.846509e+02,7.263621e+00,1.098237e+01,2.196474e+01,0.000000e+00,9.963000e+01,2.500000e-05,0.000000e+00,4.919146e+02,0.000000e+00,0.000000e+00,0.000000e+00,0.000000e+00,0.000000e+00,0.000000e+00,0.000000e+00,0.000000e+00,0.000000e+00,0.000000e+00,0.000000e+00,0.000000e+00,0.000000e+00,4.846509e+02,5.403739e+01,9.288588e-19,0.000000e+00
5.720000e-01,4.870051e+02,7.255143e+00,1.097596e+01,2.195192e+01,0.000000e+00,9.963000e+01,2.500000e-05,0.000000e+00,4.942602e+02,0.000000e+00,0.000000e+00,0.000000e+00,0.000000e+00,0.000000e+00,0.000000e+00,0.000000e+00,0.000000e+00,0.000000e+00,0.000000e+00,0.000000e+00,0.000000e+00,0.000000e+00,4.870051e+02,5.397436e+01,9.315064e-19,0.000000e+00
5.730000e-01,4.893635e+02,7.246552e+00,1.096946e+01,2.193892e+01,0.000000e+00,9.963000e+01,2.500000e-05,0.000000e+00,4.966100e+02,0.000000e+00,0.000000e+00,0.000000e+00,0.000000e+00,0.000000e+00,0.000000e+00,0.000000e+00,0.000000e+00,0.000000e+00,0.000000e+00,0.000000e+00,0.000000e+00,0.000000e+00,4.893635e+02,5.391049e+01,9.341509e-19,0.000000e+00
5.740000e-01,4.917262e+02,7.237847e+00,1.096287e+01,2.192573e+01,0.000000e+00,9.963000e+01,2.500000e-05,0.000000e+00,4.989641e+02,0.000000e+00,0.000000e+00,0.000000e+00,0.000000e+00,0.000000e+00,0.000000e+00,0.000000e+00,0.000000e+00,0.000000e+00,0.000000e+00,0.000000e+00,0.000000e+00,0.000000e+00,4.917262e+02,5.384578e+01,9.367922e-19,0.000000e+00
5.750000e-01,4.940932e+02,7.229029e+00,1.095619e+01,2.191237e+01,0.000000e+00,9.963000e+01,2.500000e-05,0.000000e+00,5.013222e+02,0.000000e+00,0.000000e+00,0.000000e+00,0.000000e+00,0.000000e+00,0.000000e+00,0.000000e+00,0.000000e+00,0.000000e+00,0.000000e+00,0.000000e+00,0.000000e+00,0.000000e+00,4.940932e+02,5.378022e+01,9.394304e-19,0.000000e+00
5.760000e-01,4.964644e+02,7.220098e+00,1.094942e+01,2.189883e+01,0.000000e+00,9.963000e+01,2.500000e-05,0.000000e+00,5.036845e+02,0.000000e+00,0.000000e+00,0.000000e+00,0.000000e+00,0.000000e+00,0.000000e+00,0.000000e+00,0.000000e+00,0.000000e+00,0.000000e+00,0.000000e+00,0.000000e+00,0.000000e+00,4.964644e+02,5.371383e+01,9.420652e-19,0.000000e+00
5.770000e-01,4.988398e+02,7.211054e+00,1.094256e+01,2.188511e+01,0.000000e+00,9.963000e+01,2.500000e-05,0.000000e+00,5.060509e+02,0.000000e+00,0.000000e+00,0.000000e+00,0.000000e+00,0.000000e+00,0.000000e+00,0.000000e+00,0.000000e+00,0.000000e+00,0.000000e+00,0.000000e+00,0.000000e+00,0.000000e+00,4.988398e+02,5.364659e+01,9.446969e-19,0.000000e+00
5.780000e-01,5.012194e+02,7.201898e+00,1.093561e+01,2.187122e+01,0.000000e+00,9.963000e+01,2.500000e-05,0.000000e+00,5.084213e+02,0.000000e+00,0.000000e+00,0.000000e+00,0.000000e+00,0.000000e+00,0.000000e+00,0.000000e+00,0.000000e+00,0.000000e+00,0.000000e+00,0.000000e+00,0.000000e+00,0.000000e+00,5.012194e+02,5.357852e+01,9.473252e-19,0.000000e+00
5.790000e-01,5.036031e+02,7.192630e+00,1.092857e+01,2.185714e+01,0.000000e+00,9.963000e+01,2.500000e-05,0.000000e+00,5.107957e+02,0.000000e+00,0.000000e+00,0.000000e+00,0.000000e+00,0.000000e+00,0.000000e+00,0.000000e+00,0.000000e+00,0.000000e+00,0.000000e+00,0.000000e+00,0.000000e+00,0.000000e+00,5.036031e+02,5.350962e+01,9.499502e-19,0.000000e+00
5.800000e-01,5.059909e+02,7.183250e+00,1.092144e+01,2.184288e+01,0.000000e+00,9.963000e+01,2.500000e-05,0.000000e+00,5.131742e+02,0.000000e+00,0.000000e+00,0.000000e+00,0.000000e+00,0.000000e+00,0.000000e+00,0.000000e+00,0.000000e+00,0.000000e+00,0.000000e+00,0.000000e+00,0.000000e+00,0.000000e+00,5.059909e+02,5.343988e+01,9.525718e-19,0.000000e+00
5.810000e-01,5.083828e+02,7.173758e+00,1.091422e+01,2.182845e+01,0.000000e+00,9.963000e+01,2.500000e-05,0.000000e+00,5.155566e+02,0.000000e+00,0.000000e+00,0.000000e+00,0.000000e+00,0.000000e+00,0.000000e+00,0.000000e+00,0.000000e+00,0.000000e+00,0.000000e+00,0.000000e+00,0.000000e+00,0.000000e+00,5.083828e+02,5.336931e+01,9.551899e-19,0.000000e+00
5.820000e-01,5.107787e+02,7.164155e+00,1.090691e+01,2.181383e+01,0.000000e+00,9.963000e+01,2.500000e-05,0.000000e+00,5.179429e+02,0.000000e+00,0.000000e+00,0.000000e+00,0.000000e+00,0.000000e+00,0.000000e+00,0.000000e+00,0.000000e+00,0.000000e+00,0.000000e+00,0.000000e+00,0.000000e+00,0.000000e+00,5.107787e+02,5.329791e+01,9.578045e-19,0.000000e+00
5.830000e-01,5.131787e+02,7.154439e+00,1.089952e+01,2.179903e+01,0.000000e+00,9.963000e+01,2.500000e-05,0.000000e+00,5.203331e+02,0.000000e+00,0.000000e+00,0.000000e+00,0.000000e+00,0.000000e+00,0.000000e+00,0.000000e+00,0.000000e+00,0.000000e+00,0.000000e+00,0.000000e+00,0.000000e+00,0.000000e+00,5.131787e+02,5.322568e+01,9.604157e-19,0.000000e+00
5.840000e-01,5.155826e+02,7.144614e+00,1.089203e+01,2.178406e+01,0.000000e+00,9.963000e+01,2.500000e-05,0.000000e+00,5.227272e+02,0.000000e+00,0.000000e+00,0.000000e+00,0.000000e+00,0.000000e+00,0.000000e+00,0.000000e+00,0.000000e+00,0.000000e+00,0.000000e+00,0.000000e+00,0.000000e+00,0.000000e+00,5.155826e+02,5.315263e+01,9.630233e-19,0.000000e+00
5.850000e-01,5.179905e+02,7.134677e+00,1.088445e+01,2.176891e+01,0.000000e+00,9.963000e+01,2.500000e-05,0.000000e+00,5.251252e+02,0.000000e+00,0.000000e+00,0.000000e+00,0.000000e+00,0.000000e+00,0.000000e+00,0.000000e+00,0.000000e+00,0.000000e+00,0.000000e+00,0.000000e+00,0.000000e+00,0.000000e+00,5.179905e+02,5.307875e+01,9.656273e-19,0.000000e+00
5.860000e-01,5.204023e+02,7.124630e+00,1.087679e+01,2.175357e+01,0.000000e+00,9.963000e+01,2.500000e-05,0.000000e+00,5.275269e+02,0.000000e+00,0.000000e+00,0.000000e+00,0.000000e+00,0.000000e+00,0.000000e+00,0.000000e+00,0.000000e+00,0.000000e+00,0.000000e+00,0.000000e+00,0.000000e+00,0.000000e+00,5.204023e+02,5.300405e+01,9.682276e-19,0.000000e+00
5.870000e-01,5.228180e+02,7.114472e+00,1.086903e+01,2.173806e+01,0.000000e+00,9.963000e+01,2.500000e-05,0.000000e+00,5.299325e+02,0.000000e+00,0.000000e+00,0.000000e+00,0.000000e+00,0.000000e+00,0.000000e+00,0.000000e+00,0.000000e+00,0.000000e+00,0.000000e+00,0.000000e+00,0.000000e+00,0.000000e+00,5.228180e+02,5.292853e+01,9.708242e-19,0.000000e+00
5.880000e-01,5.252375e+02,7.104205e+00,1.086118e+01,2.172237e+01,0.000000e+00,9.963000e+01,2.500000e-05,0.000000e+00,5.323417e+02,0.000000e+00,0.000000e+00,0.000000e+00,0.000000e+00,0.000000e+00,0.000000e+00,0.000000e+00,0.000000e+00,0.000000e+00,0.000000e+00,0.000000e+00,0.000000e+00,0.000000e+00,5.252375e+02,5.285219e+01,9.734173e-19,0.000000e+00
5.890000e-01,5.276609e+02,7.093828e+00,1.085325e+01,2.170650e+01,0.000000e+00,9.963000e+01,2.500000e-05,0.000000e+00,5.347548e+02,0.000000e+00,0.000000e+00,0.000000e+00,0.000000e+00,0.000000e+00,0.000000e+00,0.000000e+00,0.000000e+00,0.000000e+00,0.000000e+00,0.000000e+00,0.000000e+00,0.000000e+00,5.276609e+02,5.277504e+01,9.760064e-19,0.000000e+00
5.900000e-01,5.300881e+02,7.083341e+00,1.084522e+01,2.169045e+01,0.000000e+00,9.963000e+01,2.500000e-05,0.000000e+00,5.371714e+02,0.000000e+00,0.000000e+00,0.000000e+00,0.000000e+00,0.000000e+00,0.000000e+00,0.000000e+00,0.000000e+00,0.000000e+00,0.000000e+00,0.000000e+00,0.000000e+00,0.000000e+00,5.300881e+02,5.269706e+01,9.785918e-19,0.000000e+00
5.910000e-01,5.325190e+02,7.072745e+00,1.083711e+01,2.167422e+01,0.000000e+00,9.963000e+01,2.500000e-05,0.000000e+00,5.395917e+02,0.000000e+00,0.000000e+00,0.000000e+00,0.000000e+00,0.000000e+00,0.000000e+00,0.000000e+00,0.000000e+00,0.000000e+00,0.000000e+00,0.000000e+00,0.000000e+00,0.000000e+00,5.325190e+02,5.261828e+01,9.811733e-19,0.000000e+00
5.920000e-01,5.349537e+02,7.062039e+00,1.082890e+01,2.165781e+01,0.000000e+00,9.963000e+01,2.500000e-05,0.000000e+00,5.420157e+02,0.000000e+00,0.000000e+00,0.000000e+00,0.000000e+00,0.000000e+00,0.000000e+00,0.000000e+00,0.000000e+00,0.000000e+00,0.000000e+00,0.000000e+00,0.000000e+00,0.000000e+00,5.349537e+02,5.253868e+01,9.837509e-19,0.000000e+00
5.930000e-01,5.373920e+02,7.051226e+00,1.082061e+01,2.164122e+01,0.000000e+00,9.963000e+01,2.500000e-05,0.000000e+00,5.444432e+02,0.000000e+00,0.000000e+00,0.000000e+00,0.000000e+00,0.000000e+00,0.000000e+00,0.000000e+00,0.000000e+00,0.000000e+00,0.000000e+00,0.000000e+00,0.000000e+00,0.000000e+00,5.373920e+02,5.245828e+01,9.863247e-19,0.000000e+00
5.940000e-01,5.398340e+02,7.040303e+00,1.081223e+01,2.162445e+01,0.000000e+00,9.963000e+01,2.500000e-05,0.000000e+00,5.468743e+02,0.000000e+00,0.000000e+00,0.000000e+00,0.000000e+00,0.000000e+00,0.000000e+00,0.000000e+00,0.000000e+00,0.000000e+00,0.000000e+00,0.000000e+00,0.000000e+00,0.000000e+00,5.398340e+02,5.237707e+01,9.888944e-19,0.000000e+00
5.950000e-01,5.422796e+02,7.029273e+00,1.080375e+01,2.160751e+01,0.000000e+00,9.963000e+01,2.500000e-05,0.000000e+00,5.493089e+02,0.000000e+00,0.000000e+00,0.000000e+00,0.000000e+00,0.000000e+00,0.000000e+00,0.000000e+00,0.000000e+00,0.000000e+00,0.000000e+00,0.000000e+00,0.000000e+00,0.000000e+00,5.422796e+02,5.229505e+01,9.914602e-19,0.000000e+00
5.960000e-01,5.447288e+02,7.018134e+00,1.079519e+01,2.159038e+01,0.000000e+00,9.963000e+01,2.500000e-05,0.000000e+00,5.517469e+02,0.000000e+00,0.000000e+00,0.000000e+00,0.000000e+00,0.000000e+00,0.000000e+00,0.000000e+00,0.000000e+00,0.000000e+00,0.000000e+00,0.000000e+00,0.000000e+00,0.000000e+00,5.447288e+02,5.221223e+01,9.940220e-19,0.000000e+00
5.970000e-01,5.471816e+02,7.006888e+00,1.078654e+01,2.157307e+01,0.000000e+00,9.963000e+01,2.500000e-05,0.000000e+00,5.541885e+02,0.000000e+00,0.000000e+00,0.000000e+00,0.000000e+00,0.000000e+00,0.000000e+00,0.000000e+00,0.000000e+00,0.000000e+00,0.000000e+00,0.000000e+00,0.000000e+00,0.000000e+00,5.471816e+02,5.212861e+01,9.965797e-19,0.000000e+00
5.980000e-01,5.496379e+02,6.995534e+00,1.077779e+01,2.155559e+01,0.000000e+00,9.963000e+01,2.500000e-05,0.000000e+00,5.566335e+02,0.000000e+00,0.000000e+00,0.000000e+00,0.000000e+00,0.000000e+00,0.000000e+00,0.000000e+00,0.000000e+00,0.000000e+00,0.000000e+00,0.000000e+00,0.000000e+00,0.000000e+00,5.496379e+02,5.204419e+01,9.991332e-19,0.000000e+00
5.990000e-01,5.520977e+02,6.984073e+00,1.076896e+01,2.153792e+01,0.000000e+00,9.963000e+01,2.500000e-05,0.000000e+00,5.590818e+02,0.000000e+00,0.000000e+00,0.000000e+00,0.000000e+00,0.000000e+00,0.000000e+00,0.000000e+00,0.000000e+00,0.000000e+00,0.000000e+00,0.000000e+00,0.000000e+00,0.000000e+00,5.520977e+02,5.195897e+01,1.001683e-18,0.000000e+00
6.000000e-01,5.545610e+02,6.972506e+00,1.076004e+01,2.152008e+01,0.000000e+00,9.963000e+01,2.500000e-05,0.000000e+00,5.615335e+02,0.000000e+00,0.000000e+00,0.000000e+00,0.000000e+00,0.000000e+00,0.000000e+00,0.000000e+00,0.000000e+00,0.000000e+00,0.000000e+00,0.000000e+00,0.000000e+00,0.000000e+00,5.545610e+02,5.187296e+01,1.004228e-18,0.000000e+00
6.010000e-01,5.570277e+02,6.960832e+00,1.075103e+01,2.150206e+01,0.000000e+00,9.963000e+01,2.500000e-05,0.000000e+00,5.639885e+02,0.000000e+00,0.000000e+00,0.000000e+00,0.000000e+00,0.000000e+00,0.000000e+00,0.000000e+00,0.000000e+00,0.000000e+00,0.000000e+00,0.000000e+00,0.000000e+00,0.000000e+00,5.570277e+02,5.178616e+01,1.006769e-18,0.000000e+00
6.020000e-01,5.594977e+02,6.949051e+00,1.074193e+01,2.148385e+01,0.000000e+00,9.963000e+01,2.500000e-05,0.000000e+00,5.664468e+02,0.000000e+00,0.000000e+00,0.000000e+00,0.000000e+00,0.000000e+00,0.000000e+00,0.000000e+00,0.000000e+00,0.000000e+00,0.000000e+00,0.000000e+00,0.000000e+00,0.000000e+00,5.594977e+02,5.169856e+01,1.009305e-18,0.000000e+00
6.030000e-01,5.619712e+02,6.937165e+00,1.073274e+01,2.146547e+01,0.000000e+00,9.963000e+01,2.500000e-05,0.000000e+00,5.689084e+02,0.000000e+00,0.000000e+00,0.000000e+00,0.000000e+00,0.000000e+00,0.000000e+00,0.000000e+00,0.000000e+00,0.000000e+00,0.000000e+00,0.000000e+00,0.000000e+00,0.000000e+00,5.619712e+02,5.161018e+01,1.011838e-18,0.000000e+00
6.040000e-01,5.644479e+02,6.925173e+00,1.072346e+01,2.144691e+01,0.000000e+00,9.963000e+01,2.500000e-05,0.000000e+00,5.713731e+02,0.000000e+00,0.000000e+00,0.000000e+00,0.000000e+00,0.000000e+00,0.000000e+00,0.000000e+00,0.000000e+00,0.000000e+00,0.000000e+00,0.000000e+00,0.000000e+00,0.000000e+00,5.644479e+02,5.152101e+01,1.014366e-18,0.000000e+00
6.050000e-01,5.669280e+02,6.913076e+00,1.071409e+01,2.142817e+01,0.000000e+00,9.963000e+01,2.500000e-05,0.000000e+00,5.738411e+02,0.000000e+00,0.000000e+00,0.000000e+00,0.000000e+00,0.000000e+00,0.000000e+00,0.000000e+00,0.000000e+00,0.000000e+00,0.000000e+00,0.000000e+00,0.000000e+00,0.000000e+00,5.669280e+02,5.143106e+01,1.016889e-18,0.000000e+00
6.060000e-01,5.694113e+02,6.900874e+00,1.070463e+01,2.140925e+01,0.000000e+00,9.963000e+01,2.500000e-05,0.000000e+00,5.763122e+02,0.000000e+00,0.000000e+00,0.000000e+00,0.000000e+00,0.000000e+00,0.000000e+00,0.000000e+00,0.000000e+00,0.000000e+00,0.000000e+00,0.000000e+00,0.000000e+00,0.000000e+00,5.694113e+02,5.134032e+01,1.019409e-18,0.000000e+00
6.070000e-01,5.718978e+02,6.888567e+00,1.069508e+01,2.139015e+01,0.000000e+00,9.963000e+01,2.500000e-05,0.000000e+00,5.787864e+02,0.000000e+00,0.000000e+00,0.000000e+00,0.000000e+00,0.000000e+00,0.000000e+00,0.000000e+00,0.000000e+00,0.000000e+00,0.000000e+00,0.000000e+00,0.000000e+00,0.000000e+00,5.718978e+02,5.124881e+01,1.021923e-18,0.000000e+00
6.080000e-01,5.743875e+02,6.876155e+00,1.068544e+01,2.137087e+01,0.000000e+00,9.963000e+01,2.500000e-05,0.000000e+00,5.812637e+02,0.000000e+00,0.000000e+00,0.000000e+00,0.000000e+00,0.000000e+00,0.000000e+00,0.000000e+00,0.000000e+00,0.000000e+00,0.000000e+00,0.000000e+00,0.000000e+00,0.000000e+00,5.743875e+02,5.115652e+01,1.024434e-18,0.000000e+00
6.090000e-01,5.768804e+02,6.863640e+00,1.067571e+01,2.135142e+01,0.000000e+00,9.963000e+01,2.500000e-05,0.000000e+00,5.837440e+02,0.000000e+00,0.000000e+00,0.000000e+00,0.000000e+00,0.000000e+00,0.000000e+00,0.000000e+00,0.000000e+00,0.000000e+00,0.000000e+00,0.000000e+00,0.000000e+00,0.000000e+00,5.768804e+02,5.106346e+01,1.026939e-18,0.000000e+00
6.100000e-01,5.793763e+02,6.851021e+00,1.066589e+01,2.133178e+01,0.000000e+00,9.963000e+01,2.500000e-05,0.000000e+00,5.862273e+02,0.000000e+00,0.000000e+00,0.000000e+00,0.000000e+00,0.000000e+00,0.000000e+00,0.000000e+00,0.000000e+00,0.000000e+00,0.000000e+00,0.000000e+00,0.000000e+00,0.000000e+00,5.793763e+02,5.096962e+01,1.029440e-18,0.000000e+00
6.110000e-01,5.818753e+02,6.838298e+00,1.065598e+01,2.131196e+01,0.000000e+00,9.963000e+01,2.500000e-05,0.000000e+00,5.887136e+02,0.000000e+00,0.000000e+00,0.000000e+00,0.000000e+00,0.000000e+00,0.000000e+00,0.000000e+00,0.000000e+00,0.000000e+00,0.000000e+00,0.000000e+00,0.000000e+00,0.000000e+00,5.818753e+02,5.087502e+01,1.031937e-18,0.000000e+00
6.120000e-01,5.843774e+02,6.825472e+00,1.064598e+01,2.129197e+01,0.000000e+00,9.963000e+01,2.500000e-05,0.000000e+00,5.912029e+02,0.000000e+00,0.000000e+00,0.000000e+00,0.000000e+00,0.000000e+00,0.000000e+00,0.000000e+00,0.000000e+00,0.000000e+00,0.000000e+00,0.000000e+00,0.000000e+00,0.000000e+00,5.843774e+02,5.077964e+01,1.034429e-18,0.000000e+00
6.130000e-01,5.868824e+02,6.812543e+00,1.063590e+01,2.127179e+01,0.000000e+00,9.963000e+01,2.500000e-05,0.000000e+00,5.936950e+02,0.000000e+00,0.000000e+00,0.000000e+00,0.000000e+00,0.000000e+00,0.000000e+00,0.000000e+00,0.000000e+00,0.000000e+00,0.000000e+00,0.000000e+00,0.000000e+00,0.000000e+00,5.868824e+02,5.068350e+01,1.036916e-18,0.000000e+00
6.140000e-01,5.893905e+02,6.799512e+00,1.062572e+01,2.125144e+01,0.000000e+00,9.963000e+01,2.500000e-05,0.000000e+00,5.961900e+02,0.000000e+00,0.000000e+00,0.000000e+00,0.000000e+00,0.000000e+00,0.000000e+00,0.000000e+00,0.000000e+00,0.000000e+00,0.000000e+00,0.000000e+00,0.000000e+00,0.000000e+00,5.893905e+02,5.058660e+01,1.039398e-18,0.000000e+00
6.150000e-01,5.919015e+02,6.786379e+00,1.061545e+01,2.123090e+01,0.000000e+00,9.963000e+01,2.500000e-05,0.000000e+00,5.986878e+02,0.000000e+00,0.000000e+00,0.000000e+00,0.000000e+00,0.000000e+00,0.000000e+00,0.000000e+00,0.000000e+00,0.000000e+00,0.000000e+00,0.000000e+00,0.000000e+00,0.000000e+00,5.919015e+02,5.048894e+01,1.041876e-18,0.000000e+00
6.160000e-01,5.944153e+02,6.773143e+00,1.060510e+01,2.121019e+01,0.000000e+00,9.963000e+01,2.500000e-05,0.000000e+00,6.011885e+02,0.000000e+00,0.000000e+00,0.000000e+00,0.000000e+00,0.000000e+00,0.000000e+00,0.000000e+00,0.000000e+00,0.000000e+00,0.000000e+00,0.000000e+00,0.000000e+00,0.000000e+00,5.944153e+02,5.039052e+01,1.044349e-18,0.000000e+00
6.170000e-01,5.969320e+02,6.759807e+00,1.059465e+01,2.118930e+01,0.000000e+00,9.963000e+01,2.500000e-05,0.000000e+00,6.036918e+02,0.000000e+00,0.000000e+00,0.000000e+00,0.000000e+00,0.000000e+00,0.000000e+00,0.000000e+00,0.000000e+00,0.000000e+00,0.000000e+00,0.000000e+00,0.000000e+00,0.000000e+00,5.969320e+02,5.029134e+01,1.046817e-18,0.000000e+00
6.180000e-01,5.994515e+02,6.746369e+00,1.058411e+01,2.116823e+01,0.000000e+00,9.963000e+01,2.500000e-05,0.000000e+00,6.061979e+02,0.000000e+00,0.000000e+00,0.000000e+00,0.000000e+00,0.000000e+00,0.000000e+00,0.000000e+00,0.000000e+00,0.000000e+00,0.000000e+00,0.000000e+00,0.000000e+00,0.000000e+00,5.994515e+02,5.019142e+01,1.049280e-18,0.000000e+00
6.190000e-01,6.019739e+02,6.732830e+00,1.057349e+01,2.114698e+01,0.000000e+00,9.963000e+01,2.500000e-05,0.000000e+00,6.087067e+02,0.000000e+00,0.000000e+00,0.000000e+00,0.000000e+00,0.000000e+00,0.000000e+00,0.000000e+00,0.000000e+00,0.000000e+00,0.000000e+00,0.000000e+00,0.000000e+00,0.000000e+00,6.019739e+02,5.009074e+01,1.051738e-18,0.000000e+00
6.200000e-01,6.044989e+02,6.719191e+00,1.056277e+01,2.112555e+01,0.000000e+00,9.963000e+01,2.500000e-05,0.000000e+00,6.112181e+02,0.000000e+00,0.000000e+00,0.000000e+00,0.000000e+00,0.000000e+00,0.000000e+00,0.000000e+00,0.000000e+00,0.000000e+00,0.000000e+00,0.000000e+00,0.000000e+00,0.000000e+00,6.044989e+02,4.998932e+01,1.054191e-18,0.000000e+00
6.210000e-01,6.070267e+02,6.705451e+00,1.055197e+01,2.110394e+01,0.000000e+00,9.963000e+01,2.500000e-05,0.000000e+00,6.137321e+02,0.000000e+00,0.000000e+00,0.000000e+00,0.000000e+00,0.000000e+00,0.000000e+00,0.000000e+00,0.000000e+00,0.000000e+00,0.000000e+00,0.000000e+00,0.000000e+00,0.000000e+00,6.070267e+02,4.988715e+01,1.056639e-18,0.000000e+00
6.220000e-01,6.095571e+02,6.691612e+00,1.054107e+01,2.108215e+01,0.000000e+00,9.963000e+01,2.500000e-05,0.000000e+00,6.162487e+02,0.000000e+00,0.000000e+00,0.000000e+00,0.000000e+00,0.000000e+00,0.000000e+00,0.000000e+00,0.000000e+00,0.000000e+00,0.000000e+00,0.000000e+00,0.000000e+00,0.000000e+00,6.095571e+02,4.978423e+01,1.059083e-18,0.000000e+00
6.230000e-01,6.120902e+02,6.677674e+00,1.053009e+01,2.106018e+01,0.000000e+00,9.963000e+01,2.500000e-05,0.000000e+00,6.187678e+02,0.000000e+00,0.000000e+00,0.000000e+00,0.000000e+00,0.000000e+00,0.000000e+00,0.000000e+00,0.000000e+00,0.000000e+00,0.000000e+00,0.000000e+00,0.000000e+00,0.000000e+00,6.120902e+02,4.968058e+01,1.061521e-18,0.000000e+00
6.240000e-01,6.146259e+02,6.663636e+00,1.051902e+01,2.103803e+01,0.000000e+00,9.963000e+01,2.500000e-05,0.000000e+00,6.212895e+02,0.000000e+00,0.000000e+00,0.000000e+00,0.000000e+00,0.000000e+00,0.000000e+00,0.000000e+00,0.000000e+00,0.000000e+00,0.000000e+00,0.000000e+00,0.000000e+00,0.000000e+00,6.146259e+02,4.957619e+01,1.063954e-18,0.000000e+00
6.250000e-01,6.171641e+02,6.649500e+00,1.050785e+01,2.101570e+01,0.000000e+00,9.963000e+01,2.500000e-05,0.000000e+00,6.238135e+02,0.000000e+00,0.000000e+00,0.000000e+00,0.000000e+00,0.000000e+00,0.000000e+00,0.000000e+00,0.000000e+00,0.000000e+00,0.000000e+00,0.000000e+00,0.000000e+00,0.000000e+00,6.171641e+02,4.947107e+01,1.066382e-18,0.000000e+00
6.260000e-01,6.197048e+02,6.635265e+00,1.049660e+01,2.099320e+01,0.000000e+00,9.963000e+01,2.500000e-05,0.000000e+00,6.263400e+02,0.000000e+00,0.000000e+00,0.000000e+00,0.000000e+00,0.000000e+00,0.000000e+00,0.000000e+00,0.000000e+00,0.000000e+00,0.000000e+00,0.000000e+00,0.000000e+00,0.000000e+00,6.197048e+02,4.936521e+01,1.068805e-18,0.000000e+00
6.270000e-01,6.222480e+02,6.620932e+00,1.048526e+01,2.097051e+01,0.000000e+00,9.963000e+01,2.500000e-05,0.000000e+00,6.288689e+02,0.000000e+00,0.000000e+00,0.000000e+00,0.000000e+00,0.000000e+00,0.000000e+00,0.000000e+00,0.000000e+00,0.000000e+00,0.000000e+00,0.000000e+00,0.000000e+00,0.000000e+00,6.222480e+02,4.925863e+01,1.071222e-18,0.000000e+00
6.280000e-01,6.247936e+02,6.606502e+00,1.047382e+01,2.094765e+01,0.000000e+00,9.963000e+01,2.500000e-05,0.000000e+00,6.314001e+02,0.000000e+00,0.000000e+00,0.000000e+00,0.000000e+00,0.000000e+00,0.000000e+00,0.000000e+00,0.000000e+00,0.000000e+00,0.000000e+00,0.000000e+00,0.000000e+00,0.000000e+00,6.247936e+02,4.915131e+01,1.073634e-18,0.000000e+00
6.290000e-01,6.273417e+02,6.591974e+00,1.046230e+01,2.092460e+01,0.000000e+00,9.963000e+01,2.500000e-05,0.000000e+00,6.339337e+02,0.000000e+00,0.000000e+00,0.000000e+00,0.000000e+00,0.000000e+00,0.000000e+00,0.000000e+00,0.000000e+00,0.000000e+00,0.000000e+00,0.000000e+00,0.000000e+00,0.000000e+00,6.273417e+02,4.904328e+01,1.076042e-18,0.000000e+00
6.300000e-01,6.298921e+02,6.577350e+00,1.045069e+01,2.090138e+01,0.000000e+00,9.963000e+01,2.500000e-05,0.000000e+00,6.364694e+02,0.000000e+00,0.000000e+00,0.000000e+00,0.000000e+00,0.000000e+00,0.000000e+00,0.000000e+00,0.000000e+00,0.000000e+00,0.000000e+00,0.000000e+00,0.000000e+00,0.000000e+00,6.298921e+02,4.893452e+01,1.078443e-18,0.000000e+00
6.310000e-01,6.324448e+02,6.562629e+00,1.043899e+01,2.087798e+01,0.000000e+00,9.963000e+01,2.500000e-05,0.000000e+00,6.390074e+02,0.000000e+00,0.000000e+00,0.000000e+00,0.000000e+00,0.000000e+00,0.000000e+00,0.000000e+00,0.000000e+00,0.000000e+00,0.000000e+00,0.000000e+00,0.000000e+00,0.000000e+00,6.324448e+02,4.882505e+01,1.080840e-18,0.000000e+00
6.320000e-01,6.349999e+02,6.547812e+00,1.042720e+01,2.085439e+01,0.000000e+00,9.963000e+01,2.500000e-05,0.000000e+00,6.415477e+02,0.000000e+00,0.000000e+00,0.000000e+00,0.000000e+00,0.000000e+00,0.000000e+00,0.000000e+00,0.000000e+00,0.000000e+00,0.000000e+00,0.000000e+00,0.000000e+00,0.000000e+00,6.349999e+02,4.871486e+01,1.083231e-18,0.000000e+00
6.330000e-01,6.375571e+02,6.532899e+00,1.041532e+01,2.083063e+01,0.000000e+00,9.963000e+01,2.500000e-05,0.000000e+00,6.440900e+02,0.000000e+00,0.000000e+00,0.000000e+00,0.000000e+00,0.000000e+00,0.000000e+00,0.000000e+00,0.000000e+00,0.000000e+00,0.000000e+00,0.000000e+00,0.000000e+00,0.000000e+00,6.375571e+02,4.860396e+01,1.085616e-18,0.000000e+00
6.340000e-01,6.401166e+02,6.517891e+00,1.040335e+01,2.080669e+01,0.000000e+00,9.963000e+01,2.500000e-05,0.000000e+00,6.466345e+02,0.000000e+00,0.000000e+00,0.000000e+00,0.000000e+00,0.000000e+00,0.000000e+00,0.000000e+00,0.000000e+00,0.000000e+00,0.000000e+00,0.000000e+00,0.000000e+00,0.000000e+00,6.401166e+02,4.849235e+01,1.087996e-18,0.000000e+00
6.350000e-01,6.426782e+02,6.502788e+00,1.039128e+01,2.078257e+01,0.000000e+00,9.963000e+01,2.500000e-05,0.000000e+00,6.491810e+02,0.000000e+00,0.000000e+00,0.000000e+00,0.000000e+00,0.000000e+00,0.000000e+00,0.000000e+00,0.000000e+00,0.000000e+00,0.000000e+00,0.000000e+00,0.000000e+00,0.000000e+00,6.426782e+02,4.838003e+01,1.090371e-18,0.000000e+00
6.360000e-01,6.452420e+02,6.487590e+00,1.037913e+01,2.075827e+01,0.000000e+00,9.963000e+01,2.500000e-05,0.000000e+00,6.517296e+02,0.000000e+00,0.000000e+00,0.000000e+00,0.000000e+00,0.000000e+00,0.000000e+00,0.000000e+00,0.000000e+00,0.000000e+00,0.000000e+00,0.000000e+00,0.000000e+00,0.000000e+00,6.452420e+02,4.826701e+01,1.092740e-18,0.000000e+00
6.370000e-01,6.478079e+02,6.472298e+00,1.036689e+01,2.073379e+01,0.000000e+00,9.963000e+01,2.500000e-05,0.000000e+00,6.542802e+02,0.000000e+00,0.000000e+00,0.000000e+00,0.000000e+00,0.000000e+00,0.000000e+00,0.000000e+00,0.000000e+00,0.000000e+00,0.000000e+00,0.000000e+00,0.000000e+00,0.000000e+00,6.478079e+02,4.815329e+01,1.095103e-18,0.000000e+00
6.380000e-01,6.503757e+02,6.456913e+00,1.035457e+01,2.070913e+01,0.000000e+00,9.963000e+01,2.500000e-05,0.000000e+00,6.568326e+02,0.000000e+00,0.000000e+00,0.000000e+00,0.000000e+00,0.000000e+00,0.000000e+00,0.000000e+00,0.000000e+00,0.000000e+00,0.000000e+00,0.000000e+00,0.000000e+00,0.000000e+00,6.503757e+02,4.803887e+01,1.097461e-18,0.000000e+00
6.390000e-01,6.529456e+02,6.441433e+00,1.034215e+01,2.068429e+01,0.000000e+00,9.963000e+01,2.500000e-05,0.000000e+00,6.593870e+02,0.000000e+00,0.000000e+00,0.000000e+00,0.000000e+00,0.000000e+00,0.000000e+00,0.000000e+00,0.000000e+00,0.000000e+00,0.000000e+00,0.000000e+00,0.000000e+00,0.000000e+00,6.529456e+02,4.792375e+01,1.099814e-18,0.000000e+00
6.400000e-01,6.555175e+02,6.425861e+00,1.032964e+01,2.065928e+01,0.000000e+00,9.963000e+01,2.500000e-05,0.000000e+00,6.619434e+02,0.000000e+00,0.000000e+00,0.000000e+00,0.000000e+00,0.000000e+00,0.000000e+00,0.000000e+00,0.000000e+00,0.000000e+00,0.000000e+00,0.000000e+00,0.000000e+00,0.000000e+00,6.555175e+02,4.780795e+01,1.102160e-18,0.000000e+00
6.410000e-01,6.580912e+02,6.410197e+00,1.031704e+01,2.063408e+01,0.000000e+00,9.963000e+01,2.500000e-05,0.000000e+00,6.645015e+02,0.000000e+00,0.000000e+00,0.000000e+00,0.000000e+00,0.000000e+00,0.000000e+00,0.000000e+00,0.000000e+00,0.000000e+00,0.000000e+00,0.000000e+00,0.000000e+00,0.000000e+00,6.580912e+02,4.769145e+01,1.104501e-18,0.000000e+00
6.420000e-01,6.606669e+02,6.394440e+00,1.030435e+01,2.060871e+01,0.000000e+00,9.963000e+01,2.500000e-05,0.000000e+00,6.670613e+02,0.000000e+00,0.000000e+00,0.000000e+00,0.000000e+00,0.000000e+00,0.000000e+00,0.000000e+00,0.000000e+00,0.000000e+00,0.000000e+00,0.000000e+00,0.000000e+00,0.000000e+00,6.606669e+02,4.757427e+01,1.106837e-18,0.000000e+00
6.430000e-01,6.632444e+02,6.378592e+00,1.029157e+01,2.058315e+01,0.000000e+00,9.963000e+01,2.500000e-05,0.000000e+00,6.696230e+02,0.000000e+00,0.000000e+00,0.000000e+00,0.000000e+00,0.000000e+00,0.000000e+00,0.000000e+00,0.000000e+00,0.000000e+00,0.000000e+00,0.000000e+00,0.000000e+00,0.000000e+00,6.632444e+02,4.745641e+01,1.109166e-18,0.000000e+00
6.440000e-01,6.658237e+02,6.362651e+00,1.027871e+01,2.055742e+01,0.000000e+00,9.963000e+01,2.500000e-05,0.000000e+00,6.721864e+02,0.000000e+00,0.000000e+00,0.000000e+00,0.000000e+00,0.000000e+00,0.000000e+00,0.000000e+00,0.000000e+00,0.000000e+00,0.000000e+00,0.000000e+00,0.000000e+00,0.000000e+00,6.658237e+02,4.733786e+01,1.111490e-18,0.000000e+00
6.450000e-01,6.684048e+02,6.346621e+00,1.026575e+01,2.053150e+01,0.000000e+00,9.963000e+01,2.500000e-05,0.000000e+00,6.747514e+02,0.000000e+00,0.000000e+00,0.000000e+00,0.000000e+00,0.000000e+00,0.000000e+00,0.000000e+00,0.000000e+00,0.000000e+00,0.000000e+00,0.000000e+00,0.000000e+00,0.000000e+00,6.684048e+02,4.721864e+01,1.113808e-18,0.000000e+00
6.460000e-01,6.709876e+02,6.330499e+00,1.025270e+01,2.050541e+01,0.000000e+00,9.963000e+01,2.500000e-05,0.000000e+00,6.773181e+02,0.000000e+00,0.000000e+00,0.000000e+00,0.000000e+00,0.000000e+00,0.000000e+00,0.000000e+00,0.000000e+00,0.000000e+00,0.000000e+00,0.000000e+00,0.000000e+00,0.000000e+00,6.709876e+02,4.709875e+01,1.116120e-18,0.000000e+00
6.470000e-01,6.735720e+02,6.314288e+00,1.023957e+01,2.047914e+01,0.000000e+00,9.963000e+01,2.500000e-05,0.000000e+00,6.798864e+02,0.000000e+00,0.000000e+00,0.000000e+00,0.000000e+00,0.000000e+00,0.000000e+00,0.000000e+00,0.000000e+00,0.000000e+00,0.000000e+00,0.000000e+00,0.000000e+00,0.000000e+00,6.735720e+02,4.697819e+01,1.118426e-18,0.000000e+00
6.480000e-01,6.761581e+02,6.297987e+00,1.022634e+01,2.045268e+01,0.000000e+00,9.963000e+01,2.500000e-05,0.000000e+00,6.824561e+02,0.000000e+00,0.000000e+00,0.000000e+00,0.000000e+00,0.000000e+00,0.000000e+00,0.000000e+00,0.000000e+00,0.000000e+00,0.000000e+00,0.000000e+00,0.000000e+00,0.000000e+00,6.761581e+02,4.685696e+01,1.120726e-18,0.000000e+00
6.490000e-01,6.787458e+02,6.281596e+00,1.021303e+01,2.042605e+01,0.000000e+00,9.963000e+01,2.500000e-05,0.000000e+00,6.850274e+02,0.000000e+00,0.000000e+00,0.000000e+00,0.000000e+00,0.000000e+00,0.000000e+00,0.000000e+00,0.000000e+00,0.000000e+00,0.000000e+00,0.000000e+00,0.000000e+00,0.000000e+00,6.787458e+02,4.673506e+01,1.123020e-18,0.000000e+00
6.500000e-01,6.813351e+02,6.265117e+00,1.019962e+01,2.039924e+01,0.000000e+00,9.963000e+01,2.500000e-05,0.000000e+00,6.876002e+02,0.000000e+00,0.000000e+00,0.000000e+00,0.000000e+00,0.000000e+00,0.000000e+00,0.000000e+00,0.000000e+00,0.000000e+00,0.000000e+00,0.000000e+00,0.000000e+00,0.000000e+00,6.813351e+02,4.661250e+01,1.125308e-18,0.000000e+00
6.510000e-01,6.839258e+02,6.248550e+00,1.018613e+01,2.037225e+01,0.000000e+00,9.963000e+01,2.500000e-05,0.000000e+00,6.901744e+02,0.000000e+00,0.000000e+00,0.000000e+00,0.000000e+00,0.000000e+00,0.000000e+00,0.000000e+00,0.000000e+00,0.000000e+00,0.000000e+00,0.000000e+00,0.000000e+00,0.000000e+00,6.839258e+02,4.648929e+01,1.127591e-18,0.000000e+00
6.520000e-01,6.865180e+02,6.231894e+00,1.017254e+01,2.034508e+01,0.000000e+00,9.963000e+01,2.500000e-05,0.000000e+00,6.927499e+02,0.000000e+00,0.000000e+00,0.000000e+00,0.000000e+00,0.000000e+00,0.000000e+00,0.000000e+00,0.000000e+00,0.000000e+00,0.000000e+00,0.000000e+00,0.000000e+00,0.000000e+00,6.865180e+02,4.636543e+01,1.129867e-18,0.000000e+00
6.530000e-01,6.891117e+02,6.215151e+00,1.015887e+01,2.031774e+01,0.000000e+00,9.963000e+01,2.500000e-05,0.000000e+00,6.953268e+02,0.000000e+00,0.000000e+00,0.000000e+00,0.000000e+00,0.000000e+00,0.000000e+00,0.000000e+00,0.000000e+00,0.000000e+00,0.000000e+00,0.000000e+00,0.000000e+00,0.000000e+00,6.891117e+02,4.624091e+01,1.132137e-18,0.000000e+00
6.540000e-01,6.917067e+02,6.198321e+00,1.014510e+01,2.029021e+01,0.000000e+00,9.963000e+01,2.500000e-05,0.000000e+00,6.979050e+02,0.000000e+00,0.000000e+00,0.000000e+00,0.000000e+00,0.000000e+00,0.000000e+00,0.000000e+00,0.000000e+00,0.000000e+00,0.000000e+00,0.000000e+00,0.000000e+00,0.000000e+00,6.917067e+02,4.611574e+01,1.134401e-18,0.000000e+00
6.550000e-01,6.943030e+02,6.181405e+00,1.013125e+01,2.026250e+01,0.000000e+00,9.963000e+01,2.500000e-05,0.000000e+00,7.004844e+02,0.000000e+00,0.000000e+00,0.000000e+00,0.000000e+00,0.000000e+00,0.000000e+00,0.000000e+00,0.000000e+00,0.000000e+00,0.000000e+00,0.000000e+00,0.000000e+00,0.000000e+00,6.943030e+02,4.598993e+01,1.136659e-18,0.000000e+00
6.560000e-01,6.969007e+02,6.164402e+00,1.011731e+01,2.023461e+01,0.000000e+00,9.963000e+01,2.500000e-05,0.000000e+00,7.030651e+02,0.000000e+00,0.000000e+00,0.000000e+00,0.000000e+00,0.000000e+00,0.000000e+00,0.000000e+00,0.000000e+00,0.000000e+00,0.000000e+00,0.000000e+00,0.000000e+00,0.000000e+00,6.969007e+02,4.586348e+01,1.138910e-18,0.000000e+00
6.570000e-01,6.994996e+02,6.147314e+00,1.010327e+01,2.020655e+01,0.000000e+00,9.963000e+01,2.500000e-05,0.000000e+00,7.056469e+02,0.000000e+00,0.000000e+00,0.000000e+00,0.000000e+00,0.000000e+00,0.000000e+00,0.000000e+00,0.000000e+00,0.000000e+00,0.000000e+00,0.000000e+00,0.000000e+00,0.000000e+00,6.994996e+02,4.573639e+01,1.141156e-18,0.000000e+00
6.580000e-01,7.020997e+02,6.130140e+00,1.008915e+01,2.017830e+01,0.000000e+00,9.963000e+01,2.500000e-05,0.000000e+00,7.082299e+02,0.000000e+00,0.000000e+00,0.000000e+00,0.000000e+00,0.000000e+00,0.000000e+00,0.000000e+00,0.000000e+00,0.000000e+00,0.000000e+00,0.000000e+00,0.000000e+00,0.000000e+00,7.020997e+02,4.560867e+01,1.143395e-18,0.000000e+00
6.590000e-01,7.047010e+02,6.112882e+00,1.007494e+01,2.014988e+01,0.000000e+00,9.963000e+01,2.500000e-05,0.000000e+00,7.108138e+02,0.000000e+00,0.000000e+00,0.000000e+00,0.000000e+00,0.000000e+00,0.000000e+00,0.000000e+00,0.000000e+00,0.000000e+00,0.000000e+00,0.000000e+00,0.000000e+00,0.000000e+00,7.047010e+02,4.548031e+01,1.145628e-18,0.000000e+00
6.600000e-01,7.073034e+02,6.095539e+00,1.006064e+01,2.012127e+01,0.000000e+00,9.963000e+01,2.500000e-05,0.000000e+00,7.133989e+02,0.000000e+00,0.000000e+00,0.000000e+00,0.000000e+00,0.000000e+00,0.000000e+00,0.000000e+00,0.000000e+00,0.000000e+00,0.000000e+00,0.000000e+00,0.000000e+00,0.000000e+00,7.073034e+02,4.535133e+01,1.147854e-18,0.000000e+00
6.610000e-01,7.099069e+02,6.078112e+00,1.004625e+01,2.009249e+01,0.000000e+00,9.963000e+01,2.500000e-05,0.000000e+00,7.159850e+02,0.000000e+00,0.000000e+00,0.000000e+00,0.000000e+00,0.000000e+00,0.000000e+00,0.000000e+00,0.000000e+00,0.000000e+00,0.000000e+00,0.000000e+00,0.000000e+00,0.000000e+00,7.099069e+02,4.522172e+01,1.150075e-18,0.000000e+00
6.620000e-01,7.125114e+02,6.060602e+00,1.003176e+01,2.006353e+01,0.000000e+00,9.963000e+01,2.500000e-05,0.000000e+00,7.185720e+02,0.000000e+00,0.000000e+00,0.000000e+00,0.000000e+00,0.000000e+00,0.000000e+00,0.000000e+00,0.000000e+00,0.000000e+00,0.000000e+00,0.000000e+00,0.000000e+00,0.000000e+00,7.125114e+02,4.509150e+01,1.152288e-18,0.000000e+00
6.630000e-01,7.151169e+02,6.043009e+00,1.001719e+01,2.003439e+01,0.000000e+00,9.963000e+01,2.500000e-05,0.000000e+00,7.211599e+02,0.000000e+00,0.000000e+00,0.000000e+00,0.000000e+00,0.000000e+00,0.000000e+00,0.000000e+00,0.000000e+00,0.000000e+00,0.000000e+00,0.000000e+00,0.000000e+00,0.000000e+00,7.151169e+02,4.496065e+01,1.154496e-18,0.000000e+00
6.640000e-01,7.177233e+02,6.025334e+00,1.000253e+01,2.000507e+01,0.000000e+00,9.963000e+01,2.500000e-05,0.000000e+00,7.237487e+02,0.000000e+00,0.000000e+00,0.000000e+00,0.000000e+00,0.000000e+00,0.000000e+00,0.000000e+00,0.000000e+00,0.000000e+00,0.000000e+00,0.000000e+00,0.000000e+00,0.000000e+00,7.177233e+02,4.482919e+01,1.156697e-18,0.000000e+00
6.650000e-01,7.203307e+02,6.007576e+00,9.987783e+00,1.997557e+01,0.000000e+00,9.963000e+01,2.500000e-05,0.000000e+00,7.263383e+02,0.000000e+00,0.000000e+00,0.000000e+00,0.000000e+00,0.000000e+00,0.000000e+00,0.000000e+00,0.000000e+00,0.000000e+00,0.000000e+00,0.000000e+00,0.000000e+00,0.000000e+00,7.203307e+02,4.469713e+01,1.158892e-18,0.000000e+00
6.660000e-01,7.229389e+02,5.989738e+00,9.972943e+00,1.994589e+01,0.000000e+00,9.963000e+01,2.500000e-05,0.000000e+00,7.289286e+02,0.000000e+00,0.000000e+00,0.000000e+00,0.000000e+00,0.000000e+00,0.000000e+00,0.000000e+00,0.000000e+00,0.000000e+00,0.000000e+00,0.000000e+00,0.000000e+00,0.000000e+00,7.229389e+02,4.456445e+01,1.161080e-18,0.000000e+00
6.670000e-01,7.255480e+02,5.971817e+00,9.958014e+00,1.991603e+01,0.000000e+00,9.963000e+01,2.500000e-05,0.000000e+00,7.315198e+02,0.000000e+00,0.000000e+00,0.000000e+00,0.000000e+00,0.000000e+00,0.000000e+00,0.000000e+00,0.000000e+00,0.000000e+00,0.000000e+00,0.000000e+00,0.000000e+00,0.000000e+00,7.255480e+02,4.443118e+01,1.163261e-18,0.000000e+00
6.680000e-01,7.281578e+02,5.953817e+00,9.942994e+00,1.988599e+01,0.000000e+00,9.963000e+01,2.500000e-05,0.000000e+00,7.341116e+02,0.000000e+00,0.000000e+00,0.000000e+00,0.000000e+00,0.000000e+00,0.000000e+00,0.000000e+00,0.000000e+00,0.000000e+00,0.000000e+00,0.000000e+00,0.000000e+00,0.000000e+00,7.281578e+02,4.429730e+01,1.165436e-18,0.000000e+00
6.690000e-01,7.307683e+02,5.935737e+00,9.927885e+00,1.985577e+01,0.000000e+00,9.963000e+01,2.500000e-05,0.000000e+00,7.367040e+02,0.000000e+00,0.000000e+00,0.000000e+00,0.000000e+00,0.000000e+00,0.000000e+00,0.000000e+00,0.000000e+00,0.000000e+00,0.000000e+00,0.000000e+00,0.000000e+00,0.000000e+00,7.307683e+02,4.416283e+01,1.167605e-18,0.000000e+00
6.700000e-01,7.333795e+02,5.917576e+00,9.912687e+00,1.982537e+01,0.000000e+00,9.963000e+01,2.500000e-05,0.000000e+00,7.392971e+02,0.000000e+00,0.000000e+00,0.000000e+00,0.000000e+00,0.000000e+00,0.000000e+00,0.000000e+00,0.000000e+00,0.000000e+00,0.000000e+00,0.000000e+00,0.000000e+00,0.000000e+00,7.333795e+02,4.402776e+01,1.169766e-18,0.000000e+00
6.710000e-01,7.359913e+02,5.899337e+00,9.897399e+00,1.979480e+01,0.000000e+00,9.963000e+01,2.500000e-05,0.000000e+00,7.418906e+02,0.000000e+00,0.000000e+00,0.000000e+00,0.000000e+00,0.000000e+00,0.000000e+00,0.000000e+00,0.000000e+00,0.000000e+00,0.000000e+00,0.000000e+00,0.000000e+00,0.000000e+00,7.359913e+02,4.389211e+01,1.171922e-18,0.000000e+00
6.720000e-01,7.386038e+02,5.881020e+00,9.882021e+00,1.976404e+01,0.000000e+00,9.963000e+01,2.500000e-05,0.000000e+00,7.444847e+02,0.000000e+00,0.000000e+00,0.000000e+00,0.000000e+00,0.000000e+00,0.000000e+00,0.000000e+00,0.000000e+00,0.000000e+00,0.000000e+00,0.000000e+00,0.000000e+00,0.000000e+00,7.386038e+02,4.375587e+01,1.174070e-18,0.000000e+00
6.730000e-01,7.412167e+02,5.862624e+00,9.866553e+00,1.973311e+01,0.000000e+00,9.963000e+01,2.500000e-05,0.000000e+00,7.470793e+02,0.000000e+00,0.000000e+00,0.000000e+00,0.000000e+00,0.000000e+00,0.000000e+00,0.000000e+00,0.000000e+00,0.000000e+00,0.000000e+00,0.000000e+00,0.000000e+00,0.000000e+00,7.412167e+02,4.361906e+01,1.176212e-18,0.000000e+00
6.740000e-01,7.438302e+02,5.844151e+00,9.850996e+00,1.970199e+01,0.000000e+00,9.963000e+01,2.500000e-05,0.000000e+00,7.496743e+02,0.000000e+00,0.000000e+00,0.000000e+00,0.000000e+00,0.000000e+00,0.000000e+00,0.000000e+00,0.000000e+00,0.000000e+00,0.000000e+00,0.000000e+00,0.000000e+00,0.000000e+00,7.438302e+02,4.348166e+01,1.178347e-18,0.000000e+00
6.750000e-01,7.464442e+02,5.825600e+00,9.835349e+00,1.967070e+01,0.000000e+00,9.963000e+01,2.500000e-05,0.000000e+00,7.522697e+02,0.000000e+00,0.000000e+00,0.000000e+00,0.000000e+00,0.000000e+00,0.000000e+00,0.000000e+00,0.000000e+00,0.000000e+00,0.000000e+00,0.000000e+00,0.000000e+00,0.000000e+00,7.464442e+02,4.334369e+01,1.180476e-18,0.000000e+00
6.760000e-01,7.490585e+02,5.806973e+00,9.819613e+00,1.963923e+01,0.000000e+00,9.963000e+01,2.500000e-05,0.000000e+00,7.548654e+02,0.000000e+00,0.000000e+00,0.000000e+00,0.000000e+00,0.000000e+00,0.000000e+00,0.000000e+00,0.000000e+00,0.000000e+00,0.000000e+00,0.000000e+00,0.000000e+00,0.000000e+00,7.490585e+02,4.320515e+01,1.182597e-18,0.000000e+00
6.770000e-01,7.516732e+02,5.788270e+00,9.803786e+00,1.960757e+01,0.000000e+00,9.963000e+01,2.500000e-05,0.000000e+00,7.574614e+02,0.000000e+00,0.000000e+00,0.000000e+00,0.000000e+00,0.000000e+00,0.000000e+00,0.000000e+00,0.000000e+00,0.000000e+00,0.000000e+00,0.000000e+00,0.000000e+00,0.000000e+00,7.516732e+02,4.306605e+01,1.184712e-18,0.000000e+00
6.780000e-01,7.542881e+02,5.769491e+00,9.787870e+00,1.957574e+01,0.000000e+00,9.963000e+01,2.500000e-05,0.000000e+00,7.600577e+02,0.000000e+00,0.000000e+00,0.000000e+00,0.000000e+00,0.000000e+00,0.000000e+00,0.000000e+00,0.000000e+00,0.000000e+00,0.000000e+00,0.000000e+00,0.000000e+00,0.000000e+00,7.542881e+02,4.292638e+01,1.186820e-18,0.000000e+00
6.790000e-01,7.569034e+02,5.750638e+00,9.771865e+00,1.954373e+01,0.000000e+00,9.963000e+01,2.500000e-05,0.000000e+00,7.626541e+02,0.000000e+00,0.000000e+00,0.000000e+00,0.000000e+00,0.000000e+00,0.000000e+00,0.000000e+00,0.000000e+00,0.000000e+00,0.000000e+00,0.000000e+00,0.000000e+00,0.000000e+00,7.569034e+02,4.278616e+01,1.188921e-18,0.000000e+00
6.800000e-01,7.595190e+02,5.731709e+00,9.755770e+00,1.951154e+01,0.000000e+00,9.963000e+01,2.500000e-05,0.000000e+00,7.652507e+02,0.000000e+00,0.000000e+00,0.000000e+00,0.000000e+00,0.000000e+00,0.000000e+00,0.000000e+00,0.000000e+00,0.000000e+00,0.000000e+00,0.000000e+00,0.000000e+00,0.000000e+00,7.595190e+02,4.264538e+01,1.191015e-18,0.000000e+00
6.810000e-01,7.621346e+02,5.712708e+00,9.739585e+00,1.947917e+01,0.000000e+00,9.963000e+01,2.500000e-05,0.000000e+00,7.678474e+02,0.000000e+00,0.000000e+00,0.000000e+00,0.000000e+00,0.000000e+00,0.000000e+00,0.000000e+00,0.000000e+00,0.000000e+00,0.000000e+00,0.000000e+00,0.000000e+00,0.000000e+00,7.621346e+02,4.250405e+01,1.193102e-18,0.000000e+00
6.820000e-01,7.647505e+02,5.693632e+00,9.723310e+00,1.944662e+01,0.000000e+00,9.963000e+01,2.500000e-05,0.000000e+00,7.704441e+02,0.000000e+00,0.000000e+00,0.000000e+00,0.000000e+00,0.000000e+00,0.000000e+00,0.000000e+00,0.000000e+00,0.000000e+00,0.000000e+00,0.000000e+00,0.000000e+00,0.000000e+00,7.647505e+02,4.236217e+01,1.195183e-18,0.000000e+00
6.830000e-01,7.673664e+02,5.674483e+00,9.706946e+00,1.941389e+01,0.000000e+00,9.963000e+01,2.500000e-05,0.000000e+00,7.730408e+02,0.000000e+00,0.000000e+00,0.000000e+00,0.000000e+00,0.000000e+00,0.000000e+00,0.000000e+00,0.000000e+00,0.000000e+00,0.000000e+00,0.000000e+00,0.000000e+00,0.000000e+00,7.673664e+02,4.221976e+01,1.197256e-18,0.000000e+00
6.840000e-01,7.699823e+02,5.655262e+00,9.690492e+00,1.938098e+01,0.000000e+00,9.963000e+01,2.500000e-05,0.000000e+00,7.756376e+02,0.000000e+00,0.000000e+00,0.000000e+00,0.000000e+00,0.000000e+00,0.000000e+00,0.000000e+00,0.000000e+00,0.000000e+00,0.000000e+00,0.000000e+00,0.000000e+00,0.000000e+00,7.699823e+02,4.207680e+01,1.199323e-18,0.000000e+00
6.850000e-01,7.725982e+02,5.635970e+00,9.673948e+00,1.934790e+01,0.000000e+00,9.963000e+01,2.500000e-05,0.000000e+00,7.782342e+02,0.000000e+00,0.000000e+00,0.000000e+00,0.000000e+00,0.000000e+00,0.000000e+00,0.000000e+00,0.000000e+00,0.000000e+00,0.000000e+00,0.000000e+00,0.000000e+00,0.000000e+00,7.725982e+02,4.193330e+01,1.201382e-18,0.000000e+00
6.860000e-01,7.752141e+02,5.616606e+00,9.657315e+00,1.931463e+01,0.000000e+00,9.963000e+01,2.500000e-05,0.000000e+00,7.808307e+02,0.000000e+00,0.000000e+00,0.000000e+00,0.000000e+00,0.000000e+00,0.000000e+00,0.000000e+00,0.000000e+00,0.000000e+00,0.000000e+00,0.000000e+00,0.000000e+00,0.000000e+00,7.752141e+02,4.178928e+01,1.203434e-18,0.000000e+00
6.870000e-01,7.778299e+02,5.597171e+00,9.640593e+00,1.928119e+01,0.000000e+00,9.963000e+01,2.500000e-05,0.000000e+00,7.834270e+02,0.000000e+00,0.000000e+00,0.000000e+00,0.000000e+00,0.000000e+00,0.000000e+00,0.000000e+00,0.000000e+00,0.000000e+00,0.000000e+00,0.000000e+00,0.000000e+00,0.000000e+00,7.778299e+02,4.164473e+01,1.205479e-18,0.000000e+00
6.880000e-01,7.804455e+02,5.577665e+00,9.623780e+00,1.924756e+01,0.000000e+00,9.963000e+01,2.500000e-05,0.000000e+00,7.860231e+02,0.000000e+00,0.000000e+00,0.000000e+00,0.000000e+00,0.000000e+00,0.000000e+00,0.000000e+00,0.000000e+00,0.000000e+00,0.000000e+00,0.000000e+00,0.000000e+00,0.000000e+00,7.804455e+02,4.149966e+01,1.207518e-18,0.000000e+00
6.890000e-01,7.830609e+02,5.558091e+00,9.606877e+00,1.921375e+01,0.000000e+00,9.963000e+01,2.500000e-05,0.000000e+00,7.886190e+02,0.000000e+00,0.000000e+00,0.000000e+00,0.000000e+00,0.000000e+00,0.000000e+00,0.000000e+00,0.000000e+00,0.000000e+00,0.000000e+00,0.000000e+00,0.000000e+00,0.000000e+00,7.830609e+02,4.135406e+01,1.209549e-18,0.000000e+00
6.900000e-01,7.856761e+02,5.538446e+00,9.589886e+00,1.917977e+01,0.000000e+00,9.963000e+01,2.500000e-05,0.000000e+00,7.912145e+02,0.000000e+00,0.000000e+00,0.000000e+00,0.000000e+00,0.000000e+00,0.000000e+00,0.000000e+00,0.000000e+00,0.000000e+00,0.000000e+00,0.000000e+00,0.000000e+00,0.000000e+00,7.856761e+02,4.120796e+01,1.211572e-18,0.000000e+00
6.910000e-01,7.882910e+02,5.518734e+00,9.572804e+00,1.914561e+01,0.000000e+00,9.963000e+01,2.500000e-05,0.000000e+00,7.938097e+02,0.000000e+00,0.000000e+00,0.000000e+00,0.000000e+00,0.000000e+00,0.000000e+00,0.000000e+00,0.000000e+00,0.000000e+00,0.000000e+00,0.000000e+00,0.000000e+00,0.000000e+00,7.882910e+02,4.106134e+01,1.213589e-18,0.000000e+00
6.920000e-01,7.909055e+02,5.498953e+00,9.555633e+00,1.911127e+01,0.000000e+00,9.963000e+01,2.500000e-05,0.000000e+00,7.964045e+02,0.000000e+00,0.000000e+00,0.000000e+00,0.000000e+00,0.000000e+00,0.000000e+00,0.000000e+00,0.000000e+00,0.000000e+00,0.000000e+00,0.000000e+00,0.000000e+00,0.000000e+00,7.909055e+02,4.091422e+01,1.215599e-18,0.000000e+00
6.930000e-01,7.935197e+02,5.479105e+00,9.538372e+00,1.907674e+01,0.000000e+00,9.963000e+01,2.500000e-05,0.000000e+00,7.989988e+02,0.000000e+00,0.000000e+00,0.000000e+00,0.000000e+00,0.000000e+00,0.000000e+00,0.000000e+00,0.000000e+00,0.000000e+00,0.000000e+00,0.000000e+00,0.000000e+00,0.000000e+00,7.935197e+02,4.076659e+01,1.217601e-18,0.000000e+00
6.940000e-01,7.961334e+02,5.459190e+00,9.521022e+00,1.904204e+01,0.000000e+00,9.963000e+01,2.500000e-05,0.000000e+00,8.015926e+02,0.000000e+00,0.000000e+00,0.000000e+00,0.000000e+00,0.000000e+00,0.000000e+00,0.000000e+00,0.000000e+00,0.000000e+00,0.000000e+00,0.000000e+00,0.000000e+00,0.000000e+00,7.961334e+02,4.061847e+01,1.219596e-18,0.000000e+00
6.950000e-01,7.987466e+02,5.439208e+00,9.503581e+00,1.900716e+01,0.000000e+00,9.963000e+01,2.500000e-05,0.000000e+00,8.041859e+02,0.000000e+00,0.000000e+00,0.000000e+00,0.000000e+00,0.000000e+00,0.000000e+00,0.000000e+00,0.000000e+00,0.000000e+00,0.000000e+00,0.000000e+00,0.000000e+00,0.000000e+00,7.987466e+02,4.046984e+01,1.221584e-18,0.000000e+00
6.960000e-01,8.013593e+02,5.419161e+00,9.486052e+00,1.897210e+01,0.000000e+00,9.963000e+01,2.500000e-05,0.000000e+00,8.067785e+02,0.000000e+00,0.000000e+00,0.000000e+00,0.000000e+00,0.000000e+00,0.000000e+00,0.000000e+00,0.000000e+00,0.000000e+00,0.000000e+00,0.000000e+00,0.000000e+00,0.000000e+00,8.013593e+02,4.032074e+01,1.223564e-18,0.000000e+00
6.970000e-01,8.039714e+02,5.399048e+00,9.468431e+00,1.893686e+01,0.000000e+00,9.963000e+01,2.500000e-05,0.000000e+00,8.093705e+02,0.000000e+00,0.000000e+00,0.000000e+00,0.000000e+00,0.000000e+00,0.000000e+00,0.000000e+00,0.000000e+00,0.000000e+00,0.000000e+00,0.000000e+00,0.000000e+00,0.000000e+00,8.039714e+02,4.017114e+01,1.225537e-18,0.000000e+00
6.980000e-01,8.065829e+02,5.378871e+00,9.450723e+00,1.890145e+01,0.000000e+00,9.963000e+01,2.500000e-05,0.000000e+00,8.119618e+02,0.000000e+00,0.000000e+00,0.000000e+00,0.000000e+00,0.000000e+00,0.000000e+00,0.000000e+00,0.000000e+00,0.000000e+00,0.000000e+00,0.000000e+00,0.000000e+00,0.000000e+00,8.065829e+02,4.002107e+01,1.227503e-18,0.000000e+00
6.990000e-01,8.091938e+02,5.358630e+00,9.432923e+00,1.886585e+01,0.000000e+00,9.963000e+01,2.500000e-05,0.000000e+00,8.145524e+02,0.000000e+00,0.000000e+00,0.000000e+00,0.000000e+00,0.000000e+00,0.000000e+00,0.000000e+00,0.000000e+00,0.000000e+00,0.000000e+00,0.000000e+00,0.000000e+00,0.000000e+00,8.091938e+02,3.987052e+01,1.229461e-18,0.000000e+00
7.000000e-01,8.118038e+02,5.338325e+00,9.415035e+00,1.883007e+01,0.000000e+00,9.963000e+01,2.500000e-05,0.000000e+00,8.171422e+02,0.000000e+00,0.000000e+00,0.000000e+00,0.000000e+00,0.000000e+00,0.000000e+00,0.000000e+00,0.000000e+00,0.000000e+00,0.000000e+00,0.000000e+00,0.000000e+00,0.000000e+00,8.118038e+02,3.971949e+01,1.231412e-18,0.000000e+00
7.010000e-01,8.144132e+02,5.317957e+00,9.397057e+00,1.879411e+01,0.000000e+00,9.963000e+01,2.500000e-05,0.000000e+00,8.197311e+02,0.000000e+00,0.000000e+00,0.000000e+00,0.000000e+00,0.000000e+00,0.000000e+00,0.000000e+00,0.000000e+00,0.000000e+00,0.000000e+00,0.000000e+00,0.000000e+00,0.000000e+00,8.144132e+02,3.956800e+01,1.233356e-18,0.000000e+00
7.020000e-01,8.170217e+02,5.297527e+00,9.378989e+00,1.875798e+01,0.000000e+00,9.963000e+01,2.500000e-05,0.000000e+00,8.223192e+02,0.000000e+00,0.000000e+00,0.000000e+00,0.000000e+00,0.000000e+00,0.000000e+00,0.000000e+00,0.000000e+00,0.000000e+00,0.000000e+00,0.000000e+00,0.000000e+00,0.000000e+00,8.170217e+02,3.941604e+01,1.235292e-18,0.000000e+00
7.030000e-01,8.196293e+02,5.277035e+00,9.360831e+00,1.872166e+01,0.000000e+00,9.963000e+01,2.500000e-05,0.000000e+00,8.249063e+02,0.000000e+00,0.000000e+00,0.000000e+00,0.000000e+00,0.000000e+00,0.000000e+00,0.000000e+00,0.000000e+00,0.000000e+00,0.000000e+00,0.000000e+00,0.000000e+00,0.000000e+00,8.196293e+02,3.926362e+01,1.237221e-18,0.000000e+00
7.040000e-01,8.222360e+02,5.256482e+00,9.342584e+00,1.868517e+01,0.000000e+00,9.963000e+01,2.500000e-05,0.000000e+00,8.274924e+02,0.000000e+00,0.000000e+00,0.000000e+00,0.000000e+00,0.000000e+00,0.000000e+00,0.000000e+00,0.000000e+00,0.000000e+00,0.000000e+00,0.000000e+00,0.000000e+00,0.000000e+00,8.222360e+02,3.911075e+01,1.239142e-18,0.000000e+00
7.050000e-01,8.248417e+02,5.235868e+00,9.324247e+00,1.864849e+01,0.000000e+00,9.963000e+01,2.500000e-05,0.000000e+00,8.300776e+02,0.000000e+00,0.000000e+00,0.000000e+00,0.000000e+00,0.000000e+00,0.000000e+00,0.000000e+00,0.000000e+00,0.000000e+00,0.000000e+00,0.000000e+00,0.000000e+00,0.000000e+00,8.248417e+02,3.895742e+01,1.241056e-18,0.000000e+00
7.060000e-01,8.274464e+02,5.215194e+00,9.305820e+00,1.861164e+01,0.000000e+00,9.963000e+01,2.500000e-05,0.000000e+00,8.326616e+02,0.000000e+00,0.000000e+00,0.000000e+00,0.000000e+00,0.000000e+00,0.000000e+00,0.000000e+00,0.000000e+00,0.000000e+00,0.000000e+00,0.000000e+00,0.000000e+00,0.000000e+00,8.274464e+02,3.880365e+01,1.242962e-18,0.000000e+00
7.070000e-01,8.300500e+02,5.194461e+00,9.287304e+00,1.857461e+01,0.000000e+00,9.963000e+01,2.500000e-05,0.000000e+00,8.352445e+02,0.000000e+00,0.000000e+00,0.000000e+00,0.000000e+00,0.000000e+00,0.000000e+00,0.000000e+00,0.000000e+00,0.000000e+00,0.000000e+00,0.000000e+00,0.000000e+00,0.000000e+00,8.300500e+02,3.864944e+01,1.244861e-18,0.000000e+00
7.080000e-01,8.326526e+02,5.173669e+00,9.268699e+00,1.853740e+01,0.000000e+00,9.963000e+01,2.500000e-05,0.000000e+00,8.378262e+02,0.000000e+00,0.000000e+00,0.000000e+00,0.000000e+00,0.000000e+00,0.000000e+00,0.000000e+00,0.000000e+00,0.000000e+00,0.000000e+00,0.000000e+00,0.000000e+00,0.000000e+00,8.326526e+02,3.849479e+01,1.246752e-18,0.000000e+00
7.090000e-01,8.352539e+02,5.152819e+00,9.250003e+00,1.850001e+01,0.000000e+00,9.963000e+01,2.500000e-05,0.000000e+00,8.404067e+02,0.000000e+00,0.000000e+00,0.000000e+00,0.000000e+00,0.000000e+00,0.000000e+00,0.000000e+00,0.000000e+00,0.000000e+00,0.000000e+00,0.000000e+00,0.000000e+00,0.000000e+00,8.352539e+02,3.833971e+01,1.248635e-18,0.000000e+00
7.100000e-01,8.378540e+02,5.131911e+00,9.231217e+00,1.846243e+01,0.000000e+00,9.963000e+01,2.500000e-05,0.000000e+00,8.429859e+02,0.000000e+00,0.000000e+00,0.000000e+00,0.000000e+00,0.000000e+00,0.000000e+00,0.000000e+00,0.000000e+00,0.000000e+00,0.000000e+00,0.000000e+00,0.000000e+00,0.000000e+00,8.378540e+02,3.818420e+01,1.250511e-18,0.000000e+00
7.110000e-01,8.404529e+02,5.110946e+00,9.212343e+00,1.842469e+01,0.000000e+00,9.963000e+01,2.500000e-05,0.000000e+00,8.455638e+02,0.000000e+00,0.000000e+00,0.000000e+00,0.000000e+00,0.000000e+00,0.000000e+00,0.000000e+00,0.000000e+00,0.000000e+00,0.000000e+00,0.000000e+00,0.000000e+00,0.000000e+00,8.404529e+02,3.802826e+01,1.252379e-18,0.000000e+00
7.120000e-01,8.430504e+02,5.089925e+00,9.193378e+00,1.838676e+01,0.000000e+00,9.963000e+01,2.500000e-05,0.000000e+00,8.481403e+02,0.000000e+00,0.000000e+00,0.000000e+00,0.000000e+00,0.000000e+00,0.000000e+00,0.000000e+00,0.000000e+00,0.000000e+00,0.000000e+00,0.000000e+00,0.000000e+00,0.000000e+00,8.430504e+02,3.787190e+01,1.254240e-18,0.000000e+00
7.130000e-01,8.456466e+02,5.068848e+00,9.174324e+00,1.834865e+01,0.000000e+00,9.963000e+01,2.500000e-05,0.000000e+00,8.507154e+02,0.000000e+00,0.000000e+00,0.000000e+00,0.000000e+00,0.000000e+00,0.000000e+00,0.000000e+00,0.000000e+00,0.000000e+00,0.000000e+00,0.000000e+00,0.000000e+00,0.000000e+00,8.456466e+02,3.771513e+01,1.256093e-18,0.000000e+00
7.140000e-01,8.482413e+02,5.047716e+00,9.155180e+00,1.831036e+01,0.000000e+00,9.963000e+01,2.500000e-05,0.000000e+00,8.532891e+02,0.000000e+00,0.000000e+00,0.000000e+00,0.000000e+00,0.000000e+00,0.000000e+00,0.000000e+00,0.000000e+00,0.000000e+00,0.000000e+00,0.000000e+00,0.000000e+00,0.000000e+00,8.482413e+02,3.755795e+01,1.257938e-18,0.000000e+00
7.150000e-01,8.508346e+02,5.026529e+00,9.135946e+00,1.827189e+01,0.000000e+00,9.963000e+01,2.500000e-05,0.000000e+00,8.558611e+02,0.000000e+00,0.000000e+00,0.000000e+00,0.000000e+00,0.000000e+00,0.000000e+00,0.000000e+00,0.000000e+00,0.000000e+00,0.000000e+00,0.000000e+00,0.000000e+00,0.000000e+00,8.508346e+02,3.740036e+01,1.259775e-18,0.000000e+00
7.160000e-01,8.534264e+02,5.005289e+00,9.116623e+00,1.823325e+01,0.000000e+00,9.963000e+01,2.500000e-05,0.000000e+00,8.584316e+02,0.000000e+00,0.000000e+00,0.000000e+00,0.000000e+00,0.000000e+00,0.000000e+00,0.000000e+00,0.000000e+00,0.000000e+00,0.000000e+00,0.000000e+00,0.000000e+00,0.000000e+00,8.534264e+02,3.724237e+01,1.261605e-18,0.000000e+00
7.170000e-01,8.560166e+02,4.983995e+00,9.097210e+00,1.819442e+01,0.000000e+00,9.963000e+01,2.500000e-05,0.000000e+00,8.610005e+02,0.000000e+00,0.000000e+00,0.000000e+00,0.000000e+00,0.000000e+00,0.000000e+00,0.000000e+00,0.000000e+00,0.000000e+00,0.000000e+00,0.000000e+00,0.000000e+00,0.000000e+00,8.560166e+02,3.708399e+01,1.263427e-18,0.000000e+00
7.180000e-01,8.586052e+02,4.962648e+00,9.077707e+00,1.815541e+01,0.000000e+00,9.963000e+01,2.500000e-05,0.000000e+00,8.635677e+02,0.000000e+00,0.000000e+00,0.000000e+00,0.000000e+00,0.000000e+00,0.000000e+00,0.000000e+00,0.000000e+00,0.000000e+00,0.000000e+00,0.000000e+00,0.000000e+00,0.000000e+00,8.586052e+02,3.692521e+01,1.265241e-18,0.000000e+00
7.190000e-01,8.611920e+02,4.941250e+00,9.058116e+00,1.811623e+01,0.000000e+00,9.963000e+01,2.500000e-05,0.000000e+00,8.661333e+02,0.000000e+00,0.000000e+00,0.000000e+00,0.000000e+00,0.000000e+00,0.000000e+00,0.000000e+00,0.000000e+00,0.000000e+00,0.000000e+00,0.000000e+00,0.000000e+00,0.000000e+00,8.611920e+02,3.676605e+01,1.267048e-18,0.000000e+00
7.200000e-01,8.637772e+02,4.919800e+00,9.038434e+00,1.807687e+01,0.000000e+00,9.963000e+01,2.500000e-05,0.000000e+00,8.686970e+02,0.000000e+00,0.000000e+00,0.000000e+00,0.000000e+00,0.000000e+00,0.000000e+00,0.000000e+00,0.000000e+00,0.000000e+00,0.000000e+00,0.000000e+00,0.000000e+00,0.000000e+00,8.637772e+02,3.660650e+01,1.268846e-18,0.000000e+00
7.210000e-01,8.663606e+02,4.898300e+00,9.018662e+00,1.803732e+01,0.000000e+00,9.963000e+01,2.500000e-05,0.000000e+00,8.712589e+02,0.000000e+00,0.000000e+00,0.000000e+00,0.000000e+00,0.000000e+00,0.000000e+00,0.000000e+00,0.000000e+00,0.000000e+00,0.000000e+00,0.000000e+00,0.000000e+00,0.000000e+00,8.663606e+02,3.644658e+01,1.270637e-18,0.000000e+00
7.220000e-01,8.689422e+02,4.876749e+00,8.998801e+00,1.799760e+01,0.000000e+00,9.963000e+01,2.500000e-05,0.000000e+00,8.738189e+02,0.000000e+00,0.000000e+00,0.000000e+00,0.000000e+00,0.000000e+00,0.000000e+00,0.000000e+00,0.000000e+00,0.000000e+00,0.000000e+00,0.000000e+00,0.000000e+00,0.000000e+00,8.689422e+02,3.628628e+01,1.272420e-18,0.000000e+00
7.230000e-01,8.715219e+02,4.855149e+00,8.978850e+00,1.795770e+01,0.000000e+00,9.963000e+01,2.500000e-05,0.000000e+00,8.763770e+02,0.000000e+00,0.000000e+00,0.000000e+00,0.000000e+00,0.000000e+00,0.000000e+00,0.000000e+00,0.000000e+00,0.000000e+00,0.000000e+00,0.000000e+00,0.000000e+00,0.000000e+00,8.715219e+02,3.612561e+01,1.274195e-18,0.000000e+00
7.240000e-01,8.740997e+02,4.833500e+00,8.958809e+00,1.791762e+01,0.000000e+00,9.963000e+01,2.500000e-05,0.000000e+00,8.789332e+02,0.000000e+00,0.000000e+00,0.000000e+00,0.000000e+00,0.000000e+00,0.000000e+00,0.000000e+00,0.000000e+00,0.000000e+00,0.000000e+00,0.000000e+00,0.000000e+00,0.000000e+00,8.740997e+02,3.596458e+01,1.275962e-18,0.000000e+00
7.250000e-01,8.766755e+02,4.811802e+00,8.938679e+00,1.787736e+01,0.000000e+00,9.963000e+01,2.500000e-05,0.000000e+00,8.814872e+02,0.000000e+00,0.000000e+00,0.000000e+00,0.000000e+00,0.000000e+00,0.000000e+00,0.000000e+00,0.000000e+00,0.000000e+00,0.000000e+00,0.000000e+00,0.000000e+00,0.000000e+00,8.766755e+02,3.580320e+01,1.277721e-18,0.000000e+00
7.260000e-01,8.792493e+02,4.790058e+00,8.918459e+00,1.783692e+01,0.000000e+00,9.963000e+01,2.500000e-05,0.000000e+00,8.840393e+02,0.000000e+00,0.000000e+00,0.000000e+00,0.000000e+00,0.000000e+00,0.000000e+00,0.000000e+00,0.000000e+00,0.000000e+00,0.000000e+00,0.000000e+00,0.000000e+00,0.000000e+00,8.792493e+02,3.564145e+01,1.279473e-18,0.000000e+00
7.270000e-01,8.818209e+02,4.768266e+00,8.898149e+00,1.779630e+01,0.000000e+00,9.963000e+01,2.500000e-05,0.000000e+00,8.865892e+02,0.000000e+00,0.000000e+00,0.000000e+00,0.000000e+00,0.000000e+00,0.000000e+00,0.000000e+00,0.000000e+00,0.000000e+00,0.000000e+00,0.000000e+00,0.000000e+00,0.000000e+00,8.818209e+02,3.547936e+01,1.281216e-18,0.000000e+00
7.280000e-01,8.843905e+02,4.746428e+00,8.877750e+00,1.775550e+01,0.000000e+00,9.963000e+01,2.500000e-05,0.000000e+00,8.891369e+02,0.000000e+00,0.000000e+00,0.000000e+00,0.000000e+00,0.000000e+00,0.000000e+00,0.000000e+00,0.000000e+00,0.000000e+00,0.000000e+00,0.000000e+00,0.000000e+00,0.000000e+00,8.843905e+02,3.531693e+01,1.282951e-18,0.000000e+00
7.290000e-01,8.869578e+02,4.724545e+00,8.857262e+00,1.771452e+01,0.000000e+00,9.963000e+01,2.500000e-05,0.000000e+00,8.916824e+02,0.000000e+00,0.000000e+00,0.000000e+00,0.000000e+00,0.000000e+00,0.000000e+00,0.000000e+00,0.000000e+00,0.000000e+00,0.000000e+00,0.000000e+00,0.000000e+00,0.000000e+00,8.869578e+02,3.515416e+01,1.284679e-18,0.000000e+00
7.300000e-01,8.895230e+02,4.702617e+00,8.836683e+00,1.767337e+01,0.000000e+00,9.963000e+01,2.500000e-05,0.000000e+00,8.942256e+02,0.000000e+00,0.000000e+00,0.000000e+00,0.000000e+00,0.000000e+00,0.000000e+00,0.000000e+00,0.000000e+00,0.000000e+00,0.000000e+00,0.000000e+00,0.000000e+00,0.000000e+00,8.895230e+02,3.499105e+01,1.286398e-18,0.000000e+00
7.310000e-01,8.920858e+02,4.680645e+00,8.816014e+00,1.763203e+01,0.000000e+00,9.963000e+01,2.500000e-05,0.000000e+00,8.967665e+02,0.000000e+00,0.000000e+00,0.000000e+00,0.000000e+00,0.000000e+00,0.000000e+00,0.000000e+00,0.000000e+00,0.000000e+00,0.000000e+00,0.000000e+00,0.000000e+00,0.000000e+00,8.920858e+02,3.482761e+01,1.288110e-18,0.000000e+00
7.320000e-01,8.946464e+02,4.658629e+00,8.795257e+00,1.759051e+01,0.000000e+00,9.963000e+01,2.500000e-05,0.000000e+00,8.993049e+02,0.000000e+00,0.000000e+00,0.000000e+00,0.000000e+00,0.000000e+00,0.000000e+00,0.000000e+00,0.000000e+00,0.000000e+00,0.000000e+00,0.000000e+00,0.000000e+00,0.000000e+00,8.946464e+02,3.466385e+01,1.289813e-18,0.000000e+00
7.330000e-01,8.972045e+02,4.636570e+00,8.774409e+00,1.754882e+01,0.000000e+00,9.963000e+01,2.500000e-05,0.000000e+00,9.018410e+02,0.000000e+00,0.000000e+00,0.000000e+00,0.000000e+00,0.000000e+00,0.000000e+00,0.000000e+00,0.000000e+00,0.000000e+00,0.000000e+00,0.000000e+00,0.000000e+00,0.000000e+00,8.972045e+02,3.449977e+01,1.291509e-18,0.000000e+00
7.340000e-01,8.997601e+02,4.614470e+00,8.753472e+00,1.750694e+01,0.000000e+00,9.963000e+01,2.500000e-05,0.000000e+00,9.043746e+02,0.000000e+00,0.000000e+00,0.000000e+00,0.000000e+00,0.000000e+00,0.000000e+00,0.000000e+00,0.000000e+00,0.000000e+00,0.000000e+00,0.000000e+00,0.000000e+00,0.000000e+00,8.997601e+02,3.433538e+01,1.293196e-18,0.000000e+00
7.350000e-01,9.023133e+02,4.592327e+00,8.732445e+00,1.746489e+01,0.000000e+00,9.963000e+01,2.500000e-05,0.000000e+00,9.069056e+02,0.000000e+00,0.000000e+00,0.000000e+00,0.000000e+00,0.000000e+00,0.000000e+00,0.000000e+00,0.000000e+00,0.000000e+00,0.000000e+00,0.000000e+00,0.000000e+00,0.000000e+00,9.023133e+02,3.417068e+01,1.294875e-18,0.000000e+00
7.360000e-01,9.048640e+02,4.570144e+00,8.711329e+00,1.742266e+01,0.000000e+00,9.963000e+01,2.500000e-05,0.000000e+00,9.094341e+02,0.000000e+00,0.000000e+00,0.000000e+00,0.000000e+00,0.000000e+00,0.000000e+00,0.000000e+00,0.000000e+00,0.000000e+00,0.000000e+00,0.000000e+00,0.000000e+00,0.000000e+00,9.048640e+02,3.400567e+01,1.296547e-18,0.000000e+00
7.370000e-01,9.074120e+02,4.547921e+00,8.690123e+00,1.738025e+01,0.000000e+00,9.963000e+01,2.500000e-05,0.000000e+00,9.119598e+02,0.000000e+00,0.000000e+00,0.000000e+00,0.000000e+00,0.000000e+00,0.000000e+00,0.000000e+00,0.000000e+00,0.000000e+00,0.000000e+00,0.000000e+00,0.000000e+00,0.000000e+00,9.074120e+02,3.384037e+01,1.298210e-18,0.000000e+00
7.380000e-01,9.099573e+02,4.525658e+00,8.668826e+00,1.733765e+01,0.000000e+00,9.963000e+01,2.500000e-05,0.000000e+00,9.144830e+02,0.000000e+00,0.000000e+00,0.000000e+00,0.000000e+00,0.000000e+00,0.000000e+00,0.000000e+00,0.000000e+00,0.000000e+00,0.000000e+00,0.000000e+00,0.000000e+00,0.000000e+00,9.099573e+02,3.367477e+01,1.299865e-18,0.000000e+00
7.390000e-01,9.125000e+02,4.503356e+00,8.647441e+00,1.729488e+01,0.000000e+00,9.963000e+01,2.500000e-05,0.000000e+00,9.170034e+02,0.000000e+00,0.000000e+00,0.000000e+00,0.000000e+00,0.000000e+00,0.000000e+00,0.000000e+00,0.000000e+00,0.000000e+00,0.000000e+00,0.000000e+00,0.000000e+00,0.000000e+00,9.125000e+02,3.350888e+01,1.301512e-18,0.000000e+00
7.400000e-01,9.150399e+02,4.481016e+00,8.625965e+00,1.725193e+01,0.000000e+00,9.963000e+01,2.500000e-05,0.000000e+00,9.195209e+02,0.000000e+00,0.000000e+00,0.000000e+00,0.000000e+00,0.000000e+00,0.000000e+00,0.000000e+00,0.000000e+00,0.000000e+00,0.000000e+00,0.000000e+00,0.000000e+00,0.000000e+00,9.150399e+02,3.334270e+01,1.303150e-18,0.000000e+00
7.410000e-01,9.175770e+02,4.458639e+00,8.604401e+00,1.720880e+01,0.000000e+00,9.963000e+01,2.500000e-05,0.000000e+00,9.220356e+02,0.000000e+00,0.000000e+00,0.000000e+00,0.000000e+00,0.000000e+00,0.000000e+00,0.000000e+00,0.000000e+00,0.000000e+00,0.000000e+00,0.000000e+00,0.000000e+00,0.000000e+00,9.175770e+02,3.317625e+01,1.304781e-18,0.000000e+00
7.420000e-01,9.201113e+02,4.436225e+00,8.582746e+00,1.716549e+01,0.000000e+00,9.963000e+01,2.500000e-05,0.000000e+00,9.245474e+02,0.000000e+00,0.000000e+00,0.000000e+00,0.000000e+00,0.000000e+00,0.000000e+00,0.000000e+00,0.000000e+00,0.000000e+00,0.000000e+00,0.000000e+00,0.000000e+00,0.000000e+00,9.201113e+02,3.300953e+01,1.306403e-18,0.000000e+00
7.430000e-01,9.226426e+02,4.413776e+00,8.561002e+00,1.712200e+01,0.000000e+00,9.963000e+01,2.500000e-05,0.000000e+00,9.270563e+02,0.000000e+00,0.000000e+00,0.000000e+00,0.000000e+00,0.000000e+00,0.000000e+00,0.000000e+00,0.000000e+00,0.000000e+00,0.000000e+00,0.000000e+00,0.000000e+00,0.000000e+00,9.226426e+02,3.284254e+01,1.308017e-18,0.000000e+00
7.440000e-01,9.251709e+02,4.391291e+00,8.539167e+00,1.707833e+01,0.000000e+00,9.963000e+01,2.500000e-05,0.000000e+00,9.295622e+02,0.000000e+00,0.000000e+00,0.000000e+00,0.000000e+00,0.000000e+00,0.000000e+00,0.000000e+00,0.000000e+00,0.000000e+00,0.000000e+00,0.000000e+00,0.000000e+00,0.000000e+00,9.251709e+02,3.267529e+01,1.309624e-18,0.000000e+00
7.450000e-01,9.276962e+02,4.368771e+00,8.517244e+00,1.703449e+01,0.000000e+00,9.963000e+01,2.500000e-05,0.000000e+00,9.320650e+02,0.000000e+00,0.000000e+00,0.000000e+00,0.000000e+00,0.000000e+00,0.000000e+00,0.000000e+00,0.000000e+00,0.000000e+00,0.000000e+00,0.000000e+00,0.000000e+00,0.000000e+00,9.276962e+02,3.250778e+01,1.311221e-18,0.000000e+00
7.460000e-01,9.302185e+02,4.346218e+00,8.495231e+00,1.699046e+01,0.000000e+00,9.963000e+01,2.500000e-05,0.000000e+00,9.345647e+02,0.000000e+00,0.000000e+00,0.000000e+00,0.000000e+00,0.000000e+00,0.000000e+00,0.000000e+00,0.000000e+00,0.000000e+00,0.000000e+00,0.000000e+00,0.000000e+00,0.000000e+00,9.302185e+02,3.234002e+01,1.312811e-18,0.000000e+00
7.470000e-01,9.327376e+02,4.323631e+00,8.473128e+00,1.694626e+01,0.000000e+00,9.963000e+01,2.500000e-05,0.000000e+00,9.370612e+02,0.000000e+00,0.000000e+00,0.000000e+00,0.000000e+00,0.000000e+00,0.000000e+00,0.000000e+00,0.000000e+00,0.000000e+00,0.000000e+00,0.000000e+00,0.000000e+00,0.000000e+00,9.327376e+02,3.217200e+01,1.314392e-18,0.000000e+00
7.480000e-01,9.352535e+02,4.301012e+00,8.450935e+00,1.690187e+01,0.000000e+00,9.963000e+01,2.500000e-05,0.000000e+00,9.395546e+02,0.000000e+00,0.000000e+00,0.000000e+00,0.000000e+00,0.000000e+00,0.000000e+00,0.000000e+00,0.000000e+00,0.000000e+00,0.000000e+00,0.000000e+00,0.000000e+00,0.000000e+00,9.352535e+02,3.200375e+01,1.315965e-18,0.000000e+00
7.490000e-01,9.377662e+02,4.278361e+00,8.428653e+00,1.685731e+01,0.000000e+00,9.963000e+01,2.500000e-05,0.000000e+00,9.420446e+02,0.000000e+00,0.000000e+00,0.000000e+00,0.000000e+00,0.000000e+00,0.000000e+00,0.000000e+00,0.000000e+00,0.000000e+00,0.000000e+00,0.000000e+00,0.000000e+00,0.000000e+00,9.377662e+02,3.183527e+01,1.317530e-18,0.000000e+00
7.500000e-01,9.402757e+02,4.255680e+00,8.406281e+00,1.681256e+01,0.000000e+00,9.963000e+01,2.500000e-05,0.000000e+00,9.445313e+02,0.000000e+00,0.000000e+00,0.000000e+00,0.000000e+00,0.000000e+00,0.000000e+00,0.000000e+00,0.000000e+00,0.000000e+00,0.000000e+00,0.000000e+00,0.000000e+00,0.000000e+00,9.402757e+02,3.166655e+01,1.319087e-18,0.000000e+00
7.510000e-01,9.427817e+02,4.232968e+00,8.383820e+00,1.676764e+01,0.000000e+00,9.963000e+01,2.500000e-05,0.000000e+00,9.470147e+02,0.000000e+00,0.000000e+00,0.000000e+00,0.000000e+00,0.000000e+00,0.000000e+00,0.000000e+00,0.000000e+00,0.000000e+00,0.000000e+00,0.000000e+00,0.000000e+00,0.000000e+00,9.427817e+02,3.149760e+01,1.320635e-18,0.000000e+00
7.520000e-01,9.452844e+02,4.210226e+00,8.361268e+00,1.672254e+01,0.000000e+00,9.963000e+01,2.500000e-05,0.000000e+00,9.494946e+02,0.000000e+00,0.000000e+00,0.000000e+00,0.000000e+00,0.000000e+00,0.000000e+00,0.000000e+00,0.000000e+00,0.000000e+00,0.000000e+00,0.000000e+00,0.000000e+00,0.000000e+00,9.452844e+02,3.132844e+01,1.322175e-18,0.000000e+00
7.530000e-01,9.477837e+02,4.187456e+00,8.338628e+00,1.667726e+01,0.000000e+00,9.963000e+01,2.500000e-05,0.000000e+00,9.519711e+02,0.000000e+00,0.000000e+00,0.000000e+00,0.000000e+00,0.000000e+00,0.000000e+00,0.000000e+00,0.000000e+00,0.000000e+00,0.000000e+00,0.000000e+00,0.000000e+00,0.000000e+00,9.477837e+02,3.115906e+01,1.323707e-18,0.000000e+00
7.540000e-01,9.502794e+02,4.164658e+00,8.315897e+00,1.663179e+01,0.000000e+00,9.963000e+01,2.500000e-05,0.000000e+00,9.544440e+02,0.000000e+00,0.000000e+00,0.000000e+00,0.000000e+00,0.000000e+00,0.000000e+00,0.000000e+00,0.000000e+00,0.000000e+00,0.000000e+00,0.000000e+00,0.000000e+00,0.000000e+00,9.502794e+02,3.098947e+01,1.325231e-18,0.000000e+00
7.550000e-01,9.527715e+02,4.141832e+00,8.293077e+00,1.658615e+01,0.000000e+00,9.963000e+01,2.500000e-05,0.000000e+00,9.569134e+02,0.000000e+00,0.000000e+00,0.000000e+00,0.000000e+00,0.000000e+00,0.000000e+00,0.000000e+00,0.000000e+00,0.000000e+00,0.000000e+00,0.000000e+00,0.000000e+00,0.000000e+00,9.527715e+02,3.081968e+01,1.326746e-18,0.000000e+00
7.560000e-01,9.552601e+02,4.118979e+00,8.270166e+00,1.654033e+01,0.000000e+00,9.963000e+01,2.500000e-05,0.000000e+00,9.593791e+02,0.000000e+00,0.000000e+00,0.000000e+00,0.000000e+00,0.000000e+00,0.000000e+00,0.000000e+00,0.000000e+00,0.000000e+00,0.000000e+00,0.000000e+00,0.000000e+00,0.000000e+00,9.552601e+02,3.064969e+01,1.328252e-18,0.000000e+00
7.570000e-01,9.577450e+02,4.096101e+00,8.247168e+00,1.649434e+01,0.000000e+00,9.963000e+01,2.500000e-05,0.000000e+00,9.618411e+02,0.000000e+00,0.000000e+00,0.000000e+00,0.000000e+00,0.000000e+00,0.000000e+00,0.000000e+00,0.000000e+00,0.000000e+00,0.000000e+00,0.000000e+00,0.000000e+00,0.000000e+00,9.577450e+02,3.047951e+01,1.329751e-18,0.000000e+00
7.580000e-01,9.602262e+02,4.073198e+00,8.224078e+00,1.644816e+01,0.000000e+00,9.963000e+01,2.500000e-05,0.000000e+00,9.642994e+02,0.000000e+00,0.000000e+00,0.000000e+00,0.000000e+00,0.000000e+00,0.000000e+00,0.000000e+00,0.000000e+00,0.000000e+00,0.000000e+00,0.000000e+00,0.000000e+00,0.000000e+00,9.602262e+02,3.030914e+01,1.331241e-18,0.000000e+00
7.590000e-01,9.627036e+02,4.050271e+00,8.200899e+00,1.640180e+01,0.000000e+00,9.963000e+01,2.500000e-05,0.000000e+00,9.667538e+02,0.000000e+00,0.000000e+00,0.000000e+00,0.000000e+00,0.000000e+00,0.000000e+00,0.000000e+00,0.000000e+00,0.000000e+00,0.000000e+00,0.000000e+00,0.000000e+00,0.000000e+00,9.627036e+02,3.013859e+01,1.332723e-18,0.000000e+00
7.600000e-01,9.651772e+02,4.027319e+00,8.177630e+00,1.635526e+01,0.000000e+00,9.963000e+01,2.500000e-05,0.000000e+00,9.692045e+02,0.000000e+00,0.000000e+00,0.000000e+00,0.000000e+00,0.000000e+00,0.000000e+00,0.000000e+00,0.000000e+00,0.000000e+00,0.000000e+00,0.000000e+00,0.000000e+00,0.000000e+00,9.651772e+02,2.996787e+01,1.334196e-18,0.000000e+00
7.610000e-01,9.676469e+02,4.004345e+00,8.154272e+00,1.630854e+01,0.000000e+00,9.963000e+01,2.500000e-05,0.000000e+00,9.716512e+02,0.000000e+00,0.000000e+00,0.000000e+00,0.000000e+00,0.000000e+00,0.000000e+00,0.000000e+00,0.000000e+00,0.000000e+00,0.000000e+00,0.000000e+00,0.000000e+00,0.000000e+00,9.676469e+02,2.979697e+01,1.335661e-18,0.000000e+00
7.620000e-01,9.701126e+02,3.981349e+00,8.130824e+00,1.626165e+01,0.000000e+00,9.963000e+01,2.500000e-05,0.000000e+00,9.740939e+02,0.000000e+00,0.000000e+00,0.000000e+00,0.000000e+00,0.000000e+00,0.000000e+00,0.000000e+00,0.000000e+00,0.000000e+00,0.000000e+00,0.000000e+00,0.000000e+00,0.000000e+00,9.701126e+02,2.962591e+01,1.337118e-18,0.000000e+00
7.630000e-01,9.725744e+02,3.958332e+00,8.107286e+00,1.621457e+01,0.000000e+00,9.963000e+01,2.500000e-05,0.000000e+00,9.765327e+02,0.000000e+00,0.000000e+00,0.000000e+00,0.000000e+00,0.000000e+00,0.000000e+00,0.000000e+00,0.000000e+00,0.000000e+00,0.000000e+00,0.000000e+00,0.000000e+00,0.000000e+00,9.725744e+02,2.945469e+01,1.338566e-18,0.000000e+00
7.640000e-01,9.750321e+02,3.935293e+00,8.083659e+00,1.616732e+01,0.000000e+00,9.963000e+01,2.500000e-05,0.000000e+00,9.789674e+02,0.000000e+00,0.000000e+00,0.000000e+00,0.000000e+00,0.000000e+00,0.000000e+00,0.000000e+00,0.000000e+00,0.000000e+00,0.000000e+00,0.000000e+00,0.000000e+00,0.000000e+00,9.750321e+02,2.928332e+01,1.340006e-18,0.000000e+00
7.650000e-01,9.774857e+02,3.912235e+00,8.059942e+00,1.611988e+01,0.000000e+00,9.963000e+01,2.500000e-05,0.000000e+00,9.813979e+02,0.000000e+00,0.000000e+00,0.000000e+00,0.000000e+00,0.000000e+00,0.000000e+00,0.000000e+00,0.000000e+00,0.000000e+00,0.000000e+00,0.000000e+00,0.000000e+00,0.000000e+00,9.774857e+02,2.911180e+01,1.341437e-18,0.000000e+00
7.660000e-01,9.799352e+02,3.889158e+00,8.036136e+00,1.607227e+01,0.000000e+00,9.963000e+01,2.500000e-05,0.000000e+00,9.838243e+02,0.000000e+00,0.000000e+00,0.000000e+00,0.000000e+00,0.000000e+00,0.000000e+00,0.000000e+00,0.000000e+00,0.000000e+00,0.000000e+00,0.000000e+00,0.000000e+00,0.000000e+00,9.799352e+02,2.894013e+01,1.342860e-18,0.000000e+00
7.670000e-01,9.823805e+02,3.866063e+00,8.012239e+00,1.602448e+01,0.000000e+00,9.963000e+01,2.500000e-05,0.000000e+00,9.862465e+02,0.000000e+00,0.000000e+00,0.000000e+00,0.000000e+00,0.000000e+00,0.000000e+00,0.000000e+00,0.000000e+00,0.000000e+00,0.000000e+00,0.000000e+00,0.000000e+00,0.000000e+00,9.823805e+02,2.876833e+01,1.344275e-18,0.000000e+00
7.680000e-01,9.848215e+02,3.842951e+00,7.988254e+00,1.597651e+01,0.000000e+00,9.963000e+01,2.500000e-05,0.000000e+00,9.886644e+02,0.000000e+00,0.000000e+00,0.000000e+00,0.000000e+00,0.000000e+00,0.000000e+00,0.000000e+00,0.000000e+00,0.000000e+00,0.000000e+00,0.000000e+00,0.000000e+00,0.000000e+00,9.848215e+02,2.859640e+01,1.345681e-18,0.000000e+00
7.690000e-01,9.872582e+02,3.819821e+00,7.964178e+00,1.592836e+01,0.000000e+00,9.963000e+01,2.500000e-05,0.000000e+00,9.910780e+02,0.000000e+00,0.000000e+00,0.000000e+00,0.000000e+00,0.000000e+00,0.000000e+00,0.000000e+00,0.000000e+00,0.000000e+00,0.000000e+00,0.000000e+00,0.000000e+00,0.000000e+00,9.872582e+02,2.842435e+01,1.347079e-18,0.000000e+00
7.700000e-01,9.896905e+02,3.796676e+00,7.940013e+00,1.588003e+01,0.000000e+00,9.963000e+01,2.500000e-05,0.000000e+00,9.934872e+02,0.000000e+00,0.000000e+00,0.000000e+00,0.000000e+00,0.000000e+00,0.000000e+00,0.000000e+00,0.000000e+00,0.000000e+00,0.000000e+00,0.000000e+00,0.000000e+00,0.000000e+00,9.896905e+02,2.825218e+01,1.348468e-18,0.000000e+00
7.710000e-01,9.921184e+02,3.773515e+00,7.915758e+00,1.583152e+01,0.000000e+00,9.963000e+01,2.500000e-05,0.000000e+00,9.958919e+02,0.000000e+00,0.000000e+00,0.000000e+00,0.000000e+00,0.000000e+00,0.000000e+00,0.000000e+00,0.000000e+00,0.000000e+00,0.000000e+00,0.000000e+00,0.000000e+00,0.000000e+00,9.921184e+02,2.807989e+01,1.349849e-18,0.000000e+00
7.720000e-01,9.945418e+02,3.750340e+00,7.891413e+00,1.578283e+01,0.000000e+00,9.963000e+01,2.500000e-05,0.000000e+00,9.982922e+02,0.000000e+00,0.000000e+00,0.000000e+00,0.000000e+00,0.000000e+00,0.000000e+00,0.000000e+00,0.000000e+00,0.000000e+00,0.000000e+00,0.000000e+00,0.000000e+00,0.000000e+00,9.945418e+02,2.790750e+01,1.351221e-18,0.000000e+00
7.730000e-01,9.969607e+02,3.727152e+00,7.866979e+00,1.573396e+01,0.000000e+00,9.963000e+01,2.500000e-05,0.000000e+00,1.000688e+03,0.000000e+00,0.000000e+00,0.000000e+00,0.000000e+00,0.000000e+00,0.000000e+00,0.000000e+00,0.000000e+00,0.000000e+00,0.000000e+00,0.000000e+00,0.000000e+00,0.000000e+00,9.969607e+02,2.773500e+01,1.352585e-18,0.000000e+00
7.740000e-01,9.993750e+02,3.703951e+00,7.842455e+00,1.568491e+01,0.000000e+00,9.963000e+01,2.500000e-05,0.000000e+00,1.003079e+03,0.000000e+00,0.000000e+00,0.000000e+00,0.000000e+00,0.000000e+00,0.000000e+00,0.000000e+00,0.000000e+00,0.000000e+00,0.000000e+00,0.000000e+00,0.000000e+00,0.000000e+00,9.993750e+02,2.756241e+01,1.353940e-18,0.000000e+00
7.750000e-01,1.001785e+03,3.680737e+00,7.817842e+00,1.563568e+01,0.000000e+00,9.963000e+01,2.500000e-05,0.000000e+00,1.005465e+03,0.000000e+00,0.000000e+00,0.000000e+00,0.000000e+00,0.000000e+00,0.000000e+00,0.000000e+00,0.000000e+00,0.000000e+00,0.000000e+00,0.000000e+00,0.000000e+00,0.000000e+00,1.001785e+03,2.738973e+01,1.355287e-18,0.000000e+00
7.760000e-01,1.004190e+03,3.657513e+00,7.793139e+00,1.558628e+01,0.000000e+00,9.963000e+01,2.500000e-05,0.000000e+00,1.007847e+03,0.000000e+00,0.000000e+00,0.000000e+00,0.000000e+00,0.000000e+00,0.000000e+00,0.000000e+00,0.000000e+00,0.000000e+00,0.000000e+00,0.000000e+00,0.000000e+00,0.000000e+00,1.004190e+03,2.721697e+01,1.356626e-18,0.000000e+00
7.770000e-01,1.006590e+03,3.634278e+00,7.768345e+00,1.553669e+01,0.000000e+00,9.963000e+01,2.500000e-05,0.000000e+00,1.010224e+03,0.000000e+00,0.000000e+00,0.000000e+00,0.000000e+00,0.000000e+00,0.000000e+00,0.000000e+00,0.000000e+00,0.000000e+00,0.000000e+00,0.000000e+00,0.000000e+00,0.000000e+00,1.006590e+03,2.704413e+01,1.357956e-18,0.000000e+00
7.780000e-01,1.008985e+03,3.611034e+00,7.743463e+00,1.548693e+01,0.000000e+00,9.963000e+01,2.500000e-05,0.000000e+00,1.012596e+03,0.000000e+00,0.000000e+00,0.000000e+00,0.000000e+00,0.000000e+00,0.000000e+00,0.000000e+00,0.000000e+00,0.000000e+00,0.000000e+00,0.000000e+00,0.000000e+00,0.000000e+00,1.008985e+03,2.687121e+01,1.359278e-18,0.000000e+00
7.790000e-01,1.011376e+03,3.587780e+00,7.718491e+00,1.543698e+01,0.000000e+00,9.963000e+01,2.500000e-05,0.000000e+00,1.014963e+03,0.000000e+00,0.000000e+00,0.000000e+00,0.000000e+00,0.000000e+00,0.000000e+00,0.000000e+00,0.000000e+00,0.000000e+00,0.000000e+00,0.000000e+00,0.000000e+00,0.000000e+00,1.011376e+03,2.669824e+01,1.360591e-18,0.000000e+00
7.800000e-01,1.013761e+03,3.564519e+00,7.693429e+00,1.538686e+01,0.000000e+00,9.963000e+01,2.500000e-05,0.000000e+00,1.017326e+03,0.000000e+00,0.000000e+00,0.000000e+00,0.000000e+00,0.000000e+00,0.000000e+00,0.000000e+00,0.000000e+00,0.000000e+00,0.000000e+00,0.000000e+00,0.000000e+00,0.000000e+00,1.013761e+03,2.652520e+01,1.361895e-18,0.000000e+00
7.810000e-01,1.016142e+03,3.541251e+00,7.668277e+00,1.533655e+01,0.000000e+00,9.963000e+01,2.500000e-05,0.000000e+00,1.019683e+03,0.000000e+00,0.000000e+00,0.000000e+00,0.000000e+00,0.000000e+00,0.000000e+00,0.000000e+00,0.000000e+00,0.000000e+00,0.000000e+00,0.000000e+00,0.000000e+00,0.000000e+00,1.016142e+03,2.635211e+01,1.363192e-18,0.000000e+00
7.820000e-01,1.018518e+03,3.517976e+00,7.643036e+00,1.528607e+01,0.000000e+00,9.963000e+01,2.500000e-05,0.000000e+00,1.022035e+03,0.000000e+00,0.000000e+00,0.000000e+00,0.000000e+00,0.000000e+00,0.000000e+00,0.000000e+00,0.000000e+00,0.000000e+00,0.000000e+00,0.000000e+00,0.000000e+00,0.000000e+00,1.018518e+03,2.617897e+01,1.364479e-18,0.000000e+00
7.830000e-01,1.020888e+03,3.494696e+00,7.617705e+00,1.523541e+01,0.000000e+00,9.963000e+01,2.500000e-05,0.000000e+00,1.024383e+03,0.000000e+00,0.000000e+00,0.000000e+00,0.000000e+00,0.000000e+00,0.000000e+00,0.000000e+00,0.000000e+00,0.000000e+00,0.000000e+00,0.000000e+00,0.000000e+00,0.000000e+00,1.020888e+03,2.600579e+01,1.365758e-18,0.000000e+00
7.840000e-01,1.023253e+03,3.471411e+00,7.592284e+00,1.518457e+01,0.000000e+00,9.963000e+01,2.500000e-05,0.000000e+00,1.026725e+03,0.000000e+00,0.000000e+00,0.000000e+00,0.000000e+00,0.000000e+00,0.000000e+00,0.000000e+00,0.000000e+00,0.000000e+00,0.000000e+00,0.000000e+00,0.000000e+00,0.000000e+00,1.023253e+03,2.583257e+01,1.367029e-18,0.000000e+00
7.850000e-01,1.025614e+03,3.448122e+00,7.566774e+00,1.513355e+01,0.000000e+00,9.963000e+01,2.500000e-05,0.000000e+00,1.029062e+03,0.000000e+00,0.000000e+00,0.000000e+00,0.000000e+00,0.000000e+00,0.000000e+00,0.000000e+00,0.000000e+00,0.000000e+00,0.000000e+00,0.000000e+00,0.000000e+00,0.000000e+00,1.025614e+03,2.565933e+01,1.368291e-18,0.000000e+00
7.860000e-01,1.027969e+03,3.424830e+00,7.541174e+00,1.508235e+01,0.000000e+00,9.963000e+01,2.500000e-05,0.000000e+00,1.031393e+03,0.000000e+00,0.000000e+00,0.000000e+00,0.000000e+00,0.000000e+00,0.000000e+00,0.000000e+00,0.000000e+00,0.000000e+00,0.000000e+00,0.000000e+00,0.000000e+00,0.000000e+00,1.027969e+03,2.548606e+01,1.369545e-18,0.000000e+00
7.870000e-01,1.030318e+03,3.401536e+00,7.515484e+00,1.503097e+01,0.000000e+00,9.963000e+01,2.500000e-05,0.000000e+00,1.033720e+03,0.000000e+00,0.000000e+00,0.000000e+00,0.000000e+00,0.000000e+00,0.000000e+00,0.000000e+00,0.000000e+00,0.000000e+00,0.000000e+00,0.000000e+00,0.000000e+00,0.000000e+00,1.030318e+03,2.531277e+01,1.370790e-18,0.000000e+00
7.880000e-01,1.032662e+03,3.378240e+00,7.489705e+00,1.497941e+01,0.000000e+00,9.963000e+01,2.500000e-05,0.000000e+00,1.036041e+03,0.000000e+00,0.000000e+00,0.000000e+00,0.000000e+00,0.000000e+00,0.000000e+00,0.000000e+00,0.000000e+00,0.000000e+00,0.000000e+00,0.000000e+00,0.000000e+00,0.000000e+00,1.032662e+03,2.513948e+01,1.372027e-18,0.000000e+00
7.890000e-01,1.035001e+03,3.354944e+00,7.463836e+00,1.492767e+01,0.000000e+00,9.963000e+01,2.500000e-05,0.000000e+00,1.038356e+03,0.000000e+00,0.000000e+00,0.000000e+00,0.000000e+00,0.000000e+00,0.000000e+00,0.000000e+00,0.000000e+00,0.000000e+00,0.000000e+00,0.000000e+00,0.000000e+00,0.000000e+00,1.035001e+03,2.496618e+01,1.373255e-18,0.000000e+00
7.900000e-01,1.037334e+03,3.331648e+00,7.437878e+00,1.487576e+01,0.000000e+00,9.963000e+01,2.500000e-05,0.000000e+00,1.040666e+03,0.000000e+00,0.000000e+00,0.000000e+00,0.000000e+00,0.000000e+00,0.000000e+00,0.000000e+00,0.000000e+00,0.000000e+00,0.000000e+00,0.000000e+00,0.000000e+00,0.000000e+00,1.037334e+03,2.479288e+01,1.374475e-18,0.000000e+00
7.910000e-01,1.039662e+03,3.308354e+00,7.411829e+00,1.482366e+01,0.000000e+00,9.963000e+01,2.500000e-05,0.000000e+00,1.042971e+03,0.000000e+00,0.000000e+00,0.000000e+00,0.000000e+00,0.000000e+00,0.000000e+00,0.000000e+00,0.000000e+00,0.000000e+00,0.000000e+00,0.000000e+00,0.000000e+00,0.000000e+00,1.039662e+03,2.461959e+01,1.375686e-18,0.000000e+00
7.920000e-01,1.041985e+03,3.285061e+00,7.385692e+00,1.477138e+01,0.000000e+00,9.963000e+01,2.500000e-05,0.000000e+00,1.045270e+03,0.000000e+00,0.000000e+00,0.000000e+00,0.000000e+00,0.000000e+00,0.000000e+00,0.000000e+00,0.000000e+00,0.000000e+00,0.000000e+00,0.000000e+00,0.000000e+00,0.000000e+00,1.041985e+03,2.444631e+01,1.376888e-18,0.000000e+00
7.930000e-01,1.044301e+03,3.261771e+00,7.359464e+00,1.471893e+01,0.000000e+00,9.963000e+01,2.500000e-05,0.000000e+00,1.047563e+03,0.000000e+00,0.000000e+00,0.000000e+00,0.000000e+00,0.000000e+00,0.000000e+00,0.000000e+00,0.000000e+00,0.000000e+00,0.000000e+00,0.000000e+00,0.000000e+00,0.000000e+00,1.044301e+03,2.427306e+01,1.378083e-18,0.000000e+00
7.940000e-01,1.046612e+03,3.238485e+00,7.333147e+00,1.466629e+01,0.000000e+00,9.963000e+01,2.500000e-05,0.000000e+00,1.049851e+03,0.000000e+00,0.000000e+00,0.000000e+00,0.000000e+00,0.000000e+00,0.000000e+00,0.000000e+00,0.000000e+00,0.000000e+00,0.000000e+00,0.000000e+00,0.000000e+00,0.000000e+00,1.046612e+03,2.409983e+01,1.379268e-18,0.000000e+00
7.950000e-01,1.048917e+03,3.215203e+00,7.306740e+00,1.461348e+01,0.000000e+00,9.963000e+01,2.500000e-05,0.000000e+00,1.052132e+03,0.000000e+00,0.000000e+00,0.000000e+00,0.000000e+00,0.000000e+00,0.000000e+00,0.000000e+00,0.000000e+00,0.000000e+00,0.000000e+00,0.000000e+00,0.000000e+00,0.000000e+00,1.048917e+03,2.392663e+01,1.380446e-18,0.000000e+00
7.960000e-01,1.051217e+03,3.191926e+00,7.280243e+00,1.456049e+01,0.000000e+00,9.963000e+01,2.500000e-05,0.000000e+00,1.054408e+03,0.000000e+00,0.000000e+00,0.000000e+00,0.000000e+00,0.000000e+00,0.000000e+00,0.000000e+00,0.000000e+00,0.000000e+00,0.000000e+00,0.000000e+00,0.000000e+00,0.000000e+00,1.051217e+03,2.375348e+01,1.381614e-18,0.000000e+00
7.970000e-01,1.053510e+03,3.168656e+00,7.253657e+00,1.450731e+01,0.000000e+00,9.963000e+01,2.500000e-05,0.000000e+00,1.056679e+03,0.000000e+00,0.000000e+00,0.000000e+00,0.000000e+00,0.000000e+00,0.000000e+00,0.000000e+00,0.000000e+00,0.000000e+00,0.000000e+00,0.000000e+00,0.000000e+00,0.000000e+00,1.053510e+03,2.358036e+01,1.382775e-18,0.000000e+00
7.980000e-01,1.055798e+03,3.145393e+00,7.226981e+00,1.445396e+01,0.000000e+00,9.963000e+01,2.500000e-05,0.000000e+00,1.058943e+03,0.000000e+00,0.000000e+00,0.000000e+00,0.000000e+00,0.000000e+00,0.000000e+00,0.000000e+00,0.000000e+00,0.000000e+00,0.000000e+00,0.000000e+00,0.000000e+00,0.000000e+00,1.055798e+03,2.340731e+01,1.383926e-18,0.000000e+00
7.990000e-01,1.058079e+03,3.122138e+00,7.200215e+00,1.440043e+01,0.000000e+00,9.963000e+01,2.500000e-05,0.000000e+00,1.061201e+03,0.000000e+00,0.000000e+00,0.000000e+00,0.000000e+00,0.000000e+00,0.000000e+00,0.000000e+00,0.000000e+00,0.000000e+00,0.000000e+00,0.000000e+00,0.000000e+00,0.000000e+00,1.058079e+03,2.323431e+01,1.385069e-18,0.000000e+00
8.000000e-01,1.060355e+03,3.098891e+00,7.173360e+00,1.434672e+01,0.000000e+00,9.963000e+01,2.500000e-05,0.000000e+00,1.063454e+03,0.000000e+00,0.000000e+00,0.000000e+00,0.000000e+00,0.000000e+00,0.000000e+00,0.000000e+00,0.000000e+00,0.000000e+00,0.000000e+00,0.000000e+00,0.000000e+00,0.000000e+00,1.060355e+03,2.306137e+01,1.386204e-18,0.000000e+00
8.010000e-01,1.062624e+03,3.075655e+00,7.146415e+00,1.429283e+01,0.000000e+00,9.963000e+01,2.500000e-05,0.000000e+00,1.065700e+03,0.000000e+00,0.000000e+00,0.000000e+00,0.000000e+00,0.000000e+00,0.000000e+00,0.000000e+00,0.000000e+00,0.000000e+00,0.000000e+00,0.000000e+00,0.000000e+00,0.000000e+00,1.062624e+03,2.288851e+01,1.387331e-18,0.000000e+00
8.020000e-01,1.064888e+03,3.052428e+00,7.119380e+00,1.423876e+01,0.000000e+00,9.963000e+01,2.500000e-05,0.000000e+00,1.067940e+03,0.000000e+00,0.000000e+00,0.000000e+00,0.000000e+00,0.000000e+00,0.000000e+00,0.000000e+00,0.000000e+00,0.000000e+00,0.000000e+00,0.000000e+00,0.000000e+00,0.000000e+00,1.064888e+03,2.271573e+01,1.388448e-18,0.000000e+00
8.030000e-01,1.067145e+03,3.029214e+00,7.092256e+00,1.418451e+01,0.000000e+00,9.963000e+01,2.500000e-05,0.000000e+00,1.070174e+03,0.000000e+00,0.000000e+00,0.000000e+00,0.000000e+00,0.000000e+00,0.000000e+00,0.000000e+00,0.000000e+00,0.000000e+00,0.000000e+00,0.000000e+00,0.000000e+00,0.000000e+00,1.067145e+03,2.254303e+01,1.389558e-18,0.000000e+00
8.040000e-01,1.069396e+03,3.006011e+00,7.065042e+00,1.413008e+01,0.000000e+00,9.963000e+01,2.500000e-05,0.000000e+00,1.072402e+03,0.000000e+00,0.000000e+00,0.000000e+00,0.000000e+00,0.000000e+00,0.000000e+00,0.000000e+00,0.000000e+00,0.000000e+00,0.000000e+00,0.000000e+00,0.000000e+00,0.000000e+00,1.069396e+03,2.237042e+01,1.390659e-18,0.000000e+00
8.050000e-01,1.071640e+03,2.982822e+00,7.037739e+00,1.407548e+01,0.000000e+00,9.963000e+01,2.500000e-05,0.000000e+00,1.074623e+03,0.000000e+00,0.000000e+00,0.000000e+00,0.000000e+00,0.000000e+00,0.000000e+00,0.000000e+00,0.000000e+00,0.000000e+00,0.000000e+00,0.000000e+00,0.000000e+00,0.000000e+00,1.071640e+03,2.219791e+01,1.391751e-18,0.000000e+00
8.060000e-01,1.073878e+03,2.959647e+00,7.010345e+00,1.402069e+01,0.000000e+00,9.963000e+01,2.500000e-05,0.000000e+00,1.076838e+03,0.000000e+00,0.000000e+00,0.000000e+00,0.000000e+00,0.000000e+00,0.000000e+00,0.000000e+00,0.000000e+00,0.000000e+00,0.000000e+00,0.000000e+00,0.000000e+00,0.000000e+00,1.073878e+03,2.202551e+01,1.392835e-18,0.000000e+00
8.070000e-01,1.076110e+03,2.936487e+00,6.982862e+00,1.396572e+01,0.000000e+00,9.963000e+01,2.500000e-05,0.000000e+00,1.079047e+03,0.000000e+00,0.000000e+00,0.000000e+00,0.000000e+00,0.000000e+00,0.000000e+00,0.000000e+00,0.000000e+00,0.000000e+00,0.000000e+00,0.000000e+00,0.000000e+00,0.000000e+00,1.076110e+03,2.185321e+01,1.393911e-18,0.000000e+00
8.080000e-01,1.078336e+03,2.913343e+00,6.955290e+00,1.391058e+01,0.000000e+00,9.963000e+01,2.500000e-05,0.000000e+00,1.081249e+03,0.000000e+00,0.000000e+00,0.000000e+00,0.000000e+00,0.000000e+00,0.000000e+00,0.000000e+00,0.000000e+00,0.000000e+00,0.000000e+00,0.000000e+00,0.000000e+00,0.000000e+00,1.078336e+03,2.168103e+01,1.394978e-18,0.000000e+00
8.090000e-01,1.080554e+03,2.890215e+00,6.927628e+00,1.385526e+01,0.000000e+00,9.963000e+01,2.500000e-05,0.000000e+00,1.083444e+03,0.000000e+00,0.000000e+00,0.000000e+00,0.000000e+00,0.000000e+00,0.000000e+00,0.000000e+00,0.000000e+00,0.000000e+00,0.000000e+00,0.000000e+00,0.000000e+00,0.000000e+00,1.080554e+03,2.150898e+01,1.396036e-18,0.000000e+00
8.100000e-01,1.082766e+03,2.867105e+00,6.899876e+00,1.379975e+01,0.000000e+00,9.963000e+01,2.500000e-05,0.000000e+00,1.085634e+03,0.000000e+00,0.000000e+00,0.000000e+00,0.000000e+00,0.000000e+00,0.000000e+00,0.000000e+00,0.000000e+00,0.000000e+00,0.000000e+00,0.000000e+00,0.000000e+00,0.000000e+00,1.082766e+03,2.133706e+01,1.397086e-18,0.000000e+00
8.110000e-01,1.084972e+03,2.844014e+00,6.872034e+00,1.374407e+01,0.000000e+00,9.963000e+01,2.500000e-05,0.000000e+00,1.087816e+03,0.000000e+00,0.000000e+00,0.000000e+00,0.000000e+00,0.000000e+00,0.000000e+00,0.000000e+00,0.000000e+00,0.000000e+00,0.000000e+00,0.000000e+00,0.000000e+00,0.000000e+00,1.084972e+03,2.116527e+01,1.398128e-18,0.000000e+00
8.120000e-01,1.087171e+03,2.820942e+00,6.844103e+00,1.368821e+01,0.000000e+00,9.963000e+01,2.500000e-05,0.000000e+00,1.089992e+03,0.000000e+00,0.000000e+00,0.000000e+00,0.000000e+00,0.000000e+00,0.000000e+00,0.000000e+00,0.000000e+00,0.000000e+00,0.000000e+00,0.000000e+00,0.000000e+00,0.000000e+00,1.087171e+03,2.099363e+01,1.399162e-18,0.000000e+00
8.130000e-01,1.089363e+03,2.797890e+00,6.816082e+00,1.363216e+01,0.000000e+00,9.963000e+01,2.500000e-05,0.000000e+00,1.092161e+03,0.000000e+00,0.000000e+00,0.000000e+00,0.000000e+00,0.000000e+00,0.000000e+00,0.000000e+00,0.000000e+00,0.000000e+00,0.000000e+00,0.000000e+00,0.000000e+00,0.000000e+00,1.089363e+03,2.082215e+01,1.400187e-18,0.000000e+00
8.140000e-01,1.091548e+03,2.774860e+00,6.787971e+00,1.357594e+01,0.000000e+00,9.963000e+01,2.500000e-05,0.000000e+00,1.094323e+03,0.000000e+00,0.000000e+00,0.000000e+00,0.000000e+00,0.000000e+00,0.000000e+00,0.000000e+00,0.000000e+00,0.000000e+00,0.000000e+00,0.000000e+00,0.000000e+00,0.000000e+00,1.091548e+03,2.065081e+01,1.401203e-18,0.000000e+00
8.150000e-01,1.093727e+03,2.751852e+00,6.759771e+00,1.351954e+01,0.000000e+00,9.963000e+01,2.500000e-05,0.000000e+00,1.096478e+03,0.000000e+00,0.000000e+00,0.000000e+00,0.000000e+00,0.000000e+00,0.000000e+00,0.000000e+00,0.000000e+00,0.000000e+00,0.000000e+00,0.000000e+00,0.000000e+00,0.000000e+00,1.093727e+03,2.047965e+01,1.402211e-18,0.000000e+00
8.160000e-01,1.095898e+03,2.728867e+00,6.731481e+00,1.346296e+01,0.000000e+00,9.963000e+01,2.500000e-05,0.000000e+00,1.098627e+03,0.000000e+00,0.000000e+00,0.000000e+00,0.000000e+00,0.000000e+00,0.000000e+00,0.000000e+00,0.000000e+00,0.000000e+00,0.000000e+00,0.000000e+00,0.000000e+00,0.000000e+00,1.095898e+03,2.030865e+01,1.403211e-18,0.000000e+00
8.170000e-01,1.098063e+03,2.705906e+00,6.703101e+00,1.340620e+01,0.000000e+00,9.963000e+01,2.500000e-05,0.000000e+00,1.100768e+03,0.000000e+00,0.000000e+00,0.000000e+00,0.000000e+00,0.000000e+00,0.000000e+00,0.000000e+00,0.000000e+00,0.000000e+00,0.000000e+00,0.000000e+00,0.000000e+00,0.000000e+00,1.098063e+03,2.013784e+01,1.404202e-18,0.000000e+00
8.180000e-01,1.100220e+03,2.682970e+00,6.674632e+00,1.334926e+01,0.000000e+00,9.963000e+01,2.500000e-05,0.000000e+00,1.102903e+03,0.000000e+00,0.000000e+00,0.000000e+00,0.000000e+00,0.000000e+00,0.000000e+00,0.000000e+00,0.000000e+00,0.000000e+00,0.000000e+00,0.000000e+00,0.000000e+00,0.000000e+00,1.100220e+03,1.996720e+01,1.405185e-18,0.000000e+00
8.190000e-01,1.102370e+03,2.660059e+00,6.646073e+00,1.329215e+01,0.000000e+00,9.963000e+01,2.500000e-05,0.000000e+00,1.105031e+03,0.000000e+00,0.000000e+00,0.000000e+00,0.000000e+00,0.000000e+00,0.000000e+00,0.000000e+00,0.000000e+00,0.000000e+00,0.000000e+00,0.000000e+00,0.000000e+00,0.000000e+00,1.102370e+03,1.979676e+01,1.406160e-18,0.000000e+00
8.200000e-01,1.104514e+03,2.637176e+00,6.617424e+00,1.323485e+01,0.000000e+00,9.963000e+01,2.500000e-05,0.000000e+00,1.107151e+03,0.000000e+00,0.000000e+00,0.000000e+00,0.000000e+00,0.000000e+00,0.000000e+00,0.000000e+00,0.000000e+00,0.000000e+00,0.000000e+00,0.000000e+00,0.000000e+00,0.000000e+00,1.104514e+03,1.962652e+01,1.407126e-18,0.000000e+00
8.210000e-01,1.106650e+03,2.614320e+00,6.588686e+00,1.317737e+01,0.000000e+00,9.963000e+01,2.500000e-05,0.000000e+00,1.109264e+03,0.000000e+00,0.000000e+00,0.000000e+00,0.000000e+00,0.000000e+00,0.000000e+00,0.000000e+00,0.000000e+00,0.000000e+00,0.000000e+00,0.000000e+00,0.000000e+00,0.000000e+00,1.106650e+03,1.945649e+01,1.408084e-18,0.000000e+00
8.220000e-01,1.108778e+03,2.591493e+00,6.559858e+00,1.311972e+01,0.000000e+00,9.963000e+01,2.500000e-05,0.000000e+00,1.111370e+03,0.000000e+00,0.000000e+00,0.000000e+00,0.000000e+00,0.000000e+00,0.000000e+00,0.000000e+00,0.000000e+00,0.000000e+00,0.000000e+00,0.000000e+00,0.000000e+00,0.000000e+00,1.108778e+03,1.928666e+01,1.409034e-18,0.000000e+00
8.230000e-01,1.110900e+03,2.568695e+00,6.530941e+00,1.306188e+01,0.000000e+00,9.963000e+01,2.500000e-05,0.000000e+00,1.113469e+03,0.000000e+00,0.000000e+00,0.000000e+00,0.000000e+00,0.000000e+00,0.000000e+00,0.000000e+00,0.000000e+00,0.000000e+00,0.000000e+00,0.000000e+00,0.000000e+00,0.000000e+00,1.110900e+03,1.911706e+01,1.409975e-18,0.000000e+00
8.240000e-01,1.113014e+03,2.545928e+00,6.501934e+00,1.300387e+01,0.000000e+00,9.963000e+01,2.500000e-05,0.000000e+00,1.115560e+03,0.000000e+00,0.000000e+00,0.000000e+00,0.000000e+00,0.000000e+00,0.000000e+00,0.000000e+00,0.000000e+00,0.000000e+00,0.000000e+00,0.000000e+00,0.000000e+00,0.000000e+00,1.113014e+03,1.894769e+01,1.410908e-18,0.000000e+00
8.250000e-01,1.115121e+03,2.523192e+00,6.472836e+00,1.294567e+01,0.000000e+00,9.963000e+01,2.500000e-05,0.000000e+00,1.117644e+03,0.000000e+00,0.000000e+00,0.000000e+00,0.000000e+00,0.000000e+00,0.000000e+00,0.000000e+00,0.000000e+00,0.000000e+00,0.000000e+00,0.000000e+00,0.000000e+00,0.000000e+00,1.115121e+03,1.877854e+01,1.411833e-18,0.000000e+00
8.260000e-01,1.117220e+03,2.500489e+00,6.443650e+00,1.288730e+01,0.000000e+00,9.963000e+01,2.500000e-05,0.000000e+00,1.119720e+03,0.000000e+00,0.000000e+00,0.000000e+00,0.000000e+00,0.000000e+00,0.000000e+00,0.000000e+00,0.000000e+00,0.000000e+00,0.000000e+00,0.000000e+00,0.000000e+00,0.000000e+00,1.117220e+03,1.860964e+01,1.412749e-18,0.000000e+00
8.270000e-01,1.119311e+03,2.477819e+00,6.414373e+00,1.282875e+01,0.000000e+00,9.963000e+01,2.500000e-05,0.000000e+00,1.121789e+03,0.000000e+00,0.000000e+00,0.000000e+00,0.000000e+00,0.000000e+00,0.000000e+00,0.000000e+00,0.000000e+00,0.000000e+00,0.000000e+00,0.000000e+00,0.000000e+00,0.000000e+00,1.119311e+03,1.844098e+01,1.413657e-18,0.000000e+00
8.280000e-01,1.121395e+03,2.455184e+00,6.385008e+00,1.277002e+01,0.000000e+00,9.963000e+01,2.500000e-05,0.000000e+00,1.123850e+03,0.000000e+00,0.000000e+00,0.000000e+00,0.000000e+00,0.000000e+00,0.000000e+00,0.000000e+00,0.000000e+00,0.000000e+00,0.000000e+00,0.000000e+00,0.000000e+00,0.000000e+00,1.121395e+03,1.827258e+01,1.414557e-18,0.000000e+00
8.290000e-01,1.123472e+03,2.432583e+00,6.355552e+00,1.271110e+01,0.000000e+00,9.963000e+01,2.500000e-05,0.000000e+00,1.125904e+03,0.000000e+00,0.000000e+00,0.000000e+00,0.000000e+00,0.000000e+00,0.000000e+00,0.000000e+00,0.000000e+00,0.000000e+00,0.000000e+00,0.000000e+00,0.000000e+00,0.000000e+00,1.123472e+03,1.810444e+01,1.415449e-18,0.000000e+00
8.300000e-01,1.125540e+03,2.410019e+00,6.326007e+00,1.265201e+01,0.000000e+00,9.963000e+01,2.500000e-05,0.000000e+00,1.127950e+03,0.000000e+00,0.000000e+00,0.000000e+00,0.000000e+00,0.000000e+00,0.000000e+00,0.000000e+00,0.000000e+00,0.000000e+00,0.000000e+00,0.000000e+00,0.000000e+00,0.000000e+00,1.125540e+03,1.793657e+01,1.416332e-18,0.000000e+00
8.310000e-01,1.127601e+03,2.387491e+00,6.296372e+00,1.259274e+01,0.000000e+00,9.963000e+01,2.500000e-05,0.000000e+00,1.129989e+03,0.000000e+00,0.000000e+00,0.000000e+00,0.000000e+00,0.000000e+00,0.000000e+00,0.000000e+00,0.000000e+00,0.000000e+00,0.000000e+00,0.000000e+00,0.000000e+00,0.000000e+00,1.127601e+03,1.776898e+01,1.417207e-18,0.000000e+00
8.320000e-01,1.129654e+03,2.365002e+00,6.266647e+00,1.253329e+01,0.000000e+00,9.963000e+01,2.500000e-05,0.000000e+00,1.132019e+03,0.000000e+00,0.000000e+00,0.000000e+00,0.000000e+00,0.000000e+00,0.000000e+00,0.000000e+00,0.000000e+00,0.000000e+00,0.000000e+00,0.000000e+00,0.000000e+00,0.000000e+00,1.129654e+03,1.760167e+01,1.418074e-18,0.000000e+00
8.330000e-01,1.131700e+03,2.342552e+00,6.236833e+00,1.247367e+01,0.000000e+00,9.963000e+01,2.500000e-05,0.000000e+00,1.134042e+03,0.000000e+00,0.000000e+00,0.000000e+00,0.000000e+00,0.000000e+00,0.000000e+00,0.000000e+00,0.000000e+00,0.000000e+00,0.000000e+00,0.000000e+00,0.000000e+00,0.000000e+00,1.131700e+03,1.743465e+01,1.418933e-18,0.000000e+00
8.340000e-01,1.133737e+03,2.320143e+00,6.206929e+00,1.241386e+01,0.000000e+00,9.963000e+01,2.500000e-05,0.000000e+00,1.136057e+03,0.000000e+00,0.000000e+00,0.000000e+00,0.000000e+00,0.000000e+00,0.000000e+00,0.000000e+00,0.000000e+00,0.000000e+00,0.000000e+00,0.000000e+00,0.000000e+00,0.000000e+00,1.133737e+03,1.726793e+01,1.419783e-18,0.000000e+00
8.350000e-01,1.135766e+03,2.297774e+00,6.176935e+00,1.235387e+01,0.000000e+00,9.963000e+01,2.500000e-05,0.000000e+00,1.138064e+03,0.000000e+00,0.000000e+00,0.000000e+00,0.000000e+00,0.000000e+00,0.000000e+00,0.000000e+00,0.000000e+00,0.000000e+00,0.000000e+00,0.000000e+00,0.000000e+00,0.000000e+00,1.135766e+03,1.710151e+01,1.420626e-18,0.000000e+00
8.360000e-01,1.137787e+03,2.275447e+00,6.146852e+00,1.229370e+01,0.000000e+00,9.963000e+01,2.500000e-05,0.000000e+00,1.140063e+03,0.000000e+00,0.000000e+00,0.000000e+00,0.000000e+00,0.000000e+00,0.000000e+00,0.000000e+00,0.000000e+00,0.000000e+00,0.000000e+00,0.000000e+00,0.000000e+00,0.000000e+00,1.137787e+03,1.693540e+01,1.421460e-18,0.000000e+00
8.370000e-01,1.139801e+03,2.253162e+00,6.116679e+00,1.223336e+01,0.000000e+00,9.963000e+01,2.500000e-05,0.000000e+00,1.142054e+03,0.000000e+00,0.000000e+00,0.000000e+00,0.000000e+00,0.000000e+00,0.000000e+00,0.000000e+00,0.000000e+00,0.000000e+00,0.000000e+00,0.000000e+00,0.000000e+00,0.000000e+00,1.139801e+03,1.676961e+01,1.422286e-18,0.000000e+00
8.380000e-01,1.141805e+03,2.230922e+00,6.086417e+00,1.217283e+01,0.000000e+00,9.963000e+01,2.500000e-05,0.000000e+00,1.144036e+03,0.000000e+00,0.000000e+00,0.000000e+00,0.000000e+00,0.000000e+00,0.000000e+00,0.000000e+00,0.000000e+00,0.000000e+00,0.000000e+00,0.000000e+00,0.000000e+00,0.000000e+00,1.141805e+03,1.660415e+01,1.423104e-18,0.000000e+00
8.390000e-01,1.143802e+03,2.208727e+00,6.056064e+00,1.211213e+01,0.000000e+00,9.963000e+01,2.500000e-05,0.000000e+00,1.146011e+03,0.000000e+00,0.000000e+00,0.000000e+00,0.000000e+00,0.000000e+00,0.000000e+00,0.000000e+00,0.000000e+00,0.000000e+00,0.000000e+00,0.000000e+00,0.000000e+00,0.000000e+00,1.143802e+03,1.643902e+01,1.423914e-18,0.000000e+00
8.400000e-01,1.145791e+03,2.186578e+00,6.025622e+00,1.205124e+01,0.000000e+00,9.963000e+01,2.500000e-05,0.000000e+00,1.147977e+03,0.000000e+00,0.000000e+00,0.000000e+00,0.000000e+00,0.000000e+00,0.000000e+00,0.000000e+00,0.000000e+00,0.000000e+00,0.000000e+00,0.000000e+00,0.000000e+00,0.000000e+00,1.145791e+03,1.627423e+01,1.424716e-18,0.000000e+00
8.410000e-01,1.147771e+03,2.164475e+00,5.995090e+00,1.199018e+01,0.000000e+00,9.963000e+01,2.500000e-05,0.000000e+00,1.149935e+03,0.000000e+00,0.000000e+00,0.000000e+00,0.000000e+00,0.000000e+00,0.000000e+00,0.000000e+00,0.000000e+00,0.000000e+00,0.000000e+00,0.000000e+00,0.000000e+00,0.000000e+00,1.147771e+03,1.610980e+01,1.425509e-18,0.000000e+00
8.420000e-01,1.149743e+03,2.142421e+00,5.964469e+00,1.192894e+01,0.000000e+00,9.963000e+01,2.500000e-05,0.000000e+00,1.151885e+03,0.000000e+00,0.000000e+00,0.000000e+00,0.000000e+00,0.000000e+00,0.000000e+00,0.000000e+00,0.000000e+00,0.000000e+00,0.000000e+00,0.000000e+00,0.000000e+00,0.000000e+00,1.149743e+03,1.594571e+01,1.426295e-18,0.000000e+00
8.430000e-01,1.151706e+03,2.120415e+00,5.933758e+00,1.186752e+01,0.000000e+00,9.963000e+01,2.500000e-05,0.000000e+00,1.153827e+03,0.000000e+00,0.000000e+00,0.000000e+00,0.000000e+00,0.000000e+00,0.000000e+00,0.000000e+00,0.000000e+00,0.000000e+00,0.000000e+00,0.000000e+00,0.000000e+00,0.000000e+00,1.151706e+03,1.578199e+01,1.427073e-18,0.000000e+00
8.440000e-01,1.153661e+03,2.098459e+00,5.902958e+00,1.180592e+01,0.000000e+00,9.963000e+01,2.500000e-05,0.000000e+00,1.155760e+03,0.000000e+00,0.000000e+00,0.000000e+00,0.000000e+00,0.000000e+00,0.000000e+00,0.000000e+00,0.000000e+00,0.000000e+00,0.000000e+00,0.000000e+00,0.000000e+00,0.000000e+00,1.153661e+03,1.561864e+01,1.427842e-18,0.000000e+00
8.450000e-01,1.155607e+03,2.076554e+00,5.872067e+00,1.174413e+01,0.000000e+00,9.963000e+01,2.500000e-05,0.000000e+00,1.157684e+03,0.000000e+00,0.000000e+00,0.000000e+00,0.000000e+00,0.000000e+00,0.000000e+00,0.000000e+00,0.000000e+00,0.000000e+00,0.000000e+00,0.000000e+00,0.000000e+00,0.000000e+00,1.155607e+03,1.545567e+01,1.428604e-18,0.000000e+00
8.460000e-01,1.157545e+03,2.054701e+00,5.841088e+00,1.168218e+01,0.000000e+00,9.963000e+01,2.500000e-05,0.000000e+00,1.159600e+03,0.000000e+00,0.000000e+00,0.000000e+00,0.000000e+00,0.000000e+00,0.000000e+00,0.000000e+00,0.000000e+00,0.000000e+00,0.000000e+00,0.000000e+00,0.000000e+00,0.000000e+00,1.157545e+03,1.529309e+01,1.429357e-18,0.000000e+00
8.470000e-01,1.159474e+03,2.032900e+00,5.810018e+00,1.162004e+01,0.000000e+00,9.963000e+01,2.500000e-05,0.000000e+00,1.161507e+03,0.000000e+00,0.000000e+00,0.000000e+00,0.000000e+00,0.000000e+00,0.000000e+00,0.000000e+00,0.000000e+00,0.000000e+00,0.000000e+00,0.000000e+00,0.000000e+00,0.000000e+00,1.159474e+03,1.513089e+01,1.430103e-18,0.000000e+00
8.480000e-01,1.161395e+03,2.011154e+00,5.778859e+00,1.155772e+01,0.000000e+00,9.963000e+01,2.500000e-05,0.000000e+00,1.163406e+03,0.000000e+00,0.000000e+00,0.000000e+00,0.000000e+00,0.000000e+00,0.000000e+00,0.000000e+00,0.000000e+00,0.000000e+00,0.000000e+00,0.000000e+00,0.000000e+00,0.000000e+00,1.161395e+03,1.496910e+01,1.430841e-18,0.000000e+00
8.490000e-01,1.163306e+03,1.989462e+00,5.747610e+00,1.149522e+01,0.000000e+00,9.963000e+01,2.500000e-05,0.000000e+00,1.165296e+03,0.000000e+00,0.000000e+00,0.000000e+00,0.000000e+00,0.000000e+00,0.000000e+00,0.000000e+00,0.000000e+00,0.000000e+00,0.000000e+00,0.000000e+00,0.000000e+00,0.000000e+00,1.163306e+03,1.480772e+01,1.431571e-18,0.000000e+00
8.500000e-01,1.165209e+03,1.967826e+00,5.716271e+00,1.143254e+01,0.000000e+00,9.963000e+01,2.500000e-05,0.000000e+00,1.167177e+03,0.000000e+00,0.000000e+00,0.000000e+00,0.000000e+00,0.000000e+00,0.000000e+00,0.000000e+00,0.000000e+00,0.000000e+00,0.000000e+00,0.000000e+00,0.000000e+00,0.000000e+00,1.165209e+03,1.464674e+01,1.432292e-18,0.000000e+00
8.510000e-01,1.167103e+03,1.946247e+00,5.684843e+00,1.136969e+01,0.000000e+00,9.963000e+01,2.500000e-05,0.000000e+00,1.169049e+03,0.000000e+00,0.000000e+00,0.000000e+00,0.000000e+00,0.000000e+00,0.000000e+00,0.000000e+00,0.000000e+00,0.000000e+00,0.000000e+00,0.000000e+00,0.000000e+00,0.000000e+00,1.167103e+03,1.448620e+01,1.433006e-18,0.000000e+00
8.520000e-01,1.168988e+03,1.924726e+00,5.653325e+00,1.130665e+01,0.000000e+00,9.963000e+01,2.500000e-05,0.000000e+00,1.170913e+03,0.000000e+00,0.000000e+00,0.000000e+00,0.000000e+00,0.000000e+00,0.000000e+00,0.000000e+00,0.000000e+00,0.000000e+00,0.000000e+00,0.000000e+00,0.000000e+00,0.000000e+00,1.168988e+03,1.432608e+01,1.433713e-18,0.000000e+00
8.530000e-01,1.170864e+03,1.903264e+00,5.621717e+00,1.124343e+01,0.000000e+00,9.963000e+01,2.500000e-05,0.000000e+00,1.172767e+03,0.000000e+00,0.000000e+00,0.000000e+00,0.000000e+00,0.000000e+00,0.000000e+00,0.000000e+00,0.000000e+00,0.000000e+00,0.000000e+00,0.000000e+00,0.000000e+00,0.000000e+00,1.170864e+03,1.416640e+01,1.434411e-18,0.000000e+00
8.540000e-01,1.172731e+03,1.881862e+00,5.590020e+00,1.118004e+01,0.000000e+00,9.963000e+01,2.500000e-05,0.000000e+00,1.174613e+03,0.000000e+00,0.000000e+00,0.000000e+00,0.000000e+00,0.000000e+00,0.000000e+00,0.000000e+00,0.000000e+00,0.000000e+00,0.000000e+00,0.000000e+00,0.000000e+00,0.000000e+00,1.172731e+03,1.400717e+01,1.435101e-18,0.000000e+00
8.550000e-01,1.174589e+03,1.860521e+00,5.558233e+00,1.111647e+01,0.000000e+00,9.963000e+01,2.500000e-05,0.000000e+00,1.176449e+03,0.000000e+00,0.000000e+00,0.000000e+00,0.000000e+00,0.000000e+00,0.000000e+00,0.000000e+00,0.000000e+00,0.000000e+00,0.000000e+00,0.000000e+00,0.000000e+00,0.000000e+00,1.174589e+03,1.384839e+01,1.435784e-18,0.000000e+00
8.560000e-01,1.176438e+03,1.839242e+00,5.526357e+00,1.105271e+01,0.000000e+00,9.963000e+01,2.500000e-05,0.000000e+00,1.178277e+03,0.000000e+00,0.000000e+00,0.000000e+00,0.000000e+00,0.000000e+00,0.000000e+00,0.000000e+00,0.000000e+00,0.000000e+00,0.000000e+00,0.000000e+00,0.000000e+00,0.000000e+00,1.176438e+03,1.369007e+01,1.436459e-18,0.000000e+00
8.570000e-01,1.178277e+03,1.818026e+00,5.494390e+00,1.098878e+01,0.000000e+00,9.963000e+01,2.500000e-05,0.000000e+00,1.180095e+03,0.000000e+00,0.000000e+00,0.000000e+00,0.000000e+00,0.000000e+00,0.000000e+00,0.000000e+00,0.000000e+00,0.000000e+00,0.000000e+00,0.000000e+00,0.000000e+00,0.000000e+00,1.178277e+03,1.353222e+01,1.437126e-18,0.000000e+00
8.580000e-01,1.180107e+03,1.796874e+00,5.462334e+00,1.092467e+01,0.000000e+00,9.963000e+01,2.500000e-05,0.000000e+00,1.181904e+03,0.000000e+00,0.000000e+00,0.000000e+00,0.000000e+00,0.000000e+00,0.000000e+00,0.000000e+00,0.000000e+00,0.000000e+00,0.000000e+00,0.000000e+00,0.000000e+00,0.000000e+00,1.180107e+03,1.337485e+01,1.437785e-18,0.000000e+00
8.590000e-01,1.181928e+03,1.775787e+00,5.430189e+00,1.086038e+01,0.000000e+00,9.963000e+01,2.500000e-05,0.000000e+00,1.183704e+03,0.000000e+00,0.000000e+00,0.000000e+00,0.000000e+00,0.000000e+00,0.000000e+00,0.000000e+00,0.000000e+00,0.000000e+00,0.000000e+00,0.000000e+00,0.000000e+00,0.000000e+00,1.181928e+03,1.321796e+01,1.438437e-18,0.000000e+00
8.600000e-01,1.183740e+03,1.754767e+00,5.397954e+00,1.079591e+01,0.000000e+00,9.963000e+01,2.500000e-05,0.000000e+00,1.185495e+03,0.000000e+00,0.000000e+00,0.000000e+00,0.000000e+00,0.000000e+00,0.000000e+00,0.000000e+00,0.000000e+00,0.000000e+00,0.000000e+00,0.000000e+00,0.000000e+00,0.000000e+00,1.183740e+03,1.306156e+01,1.439081e-18,0.000000e+00
8.610000e-01,1.185542e+03,1.733813e+00,5.365628e+00,1.073126e+01,0.000000e+00,9.963000e+01,2.500000e-05,0.000000e+00,1.187276e+03,0.000000e+00,0.000000e+00,0.000000e+00,0.000000e+00,0.000000e+00,0.000000e+00,0.000000e+00,0.000000e+00,0.000000e+00,0.000000e+00,0.000000e+00,0.000000e+00,0.000000e+00,1.185542e+03,1.290566e+01,1.439718e-18,0.000000e+00
8.620000e-01,1.187335e+03,1.712928e+00,5.333214e+00,1.066643e+01,0.000000e+00,9.963000e+01,2.500000e-05,0.000000e+00,1.189048e+03,0.000000e+00,0.000000e+00,0.000000e+00,0.000000e+00,0.000000e+00,0.000000e+00,0.000000e+00,0.000000e+00,0.000000e+00,0.000000e+00,0.000000e+00,0.000000e+00,0.000000e+00,1.187335e+03,1.275027e+01,1.440346e-18,0.000000e+00
8.630000e-01,1.189118e+03,1.692112e+00,5.300709e+00,1.060142e+01,0.000000e+00,9.963000e+01,2.500000e-05,0.000000e+00,1.190810e+03,0.000000e+00,0.000000e+00,0.000000e+00,0.000000e+00,0.000000e+00,0.000000e+00,0.000000e+00,0.000000e+00,0.000000e+00,0.000000e+00,0.000000e+00,0.000000e+00,0.000000e+00,1.189118e+03,1.259539e+01,1.440968e-18,0.000000e+00
8.640000e-01,1.190891e+03,1.671366e+00,5.268116e+00,1.053623e+01,0.000000e+00,9.963000e+01,2.500000e-05,0.000000e+00,1.192563e+03,0.000000e+00,0.000000e+00,0.000000e+00,0.000000e+00,0.000000e+00,0.000000e+00,0.000000e+00,0.000000e+00,0.000000e+00,0.000000e+00,0.000000e+00,0.000000e+00,0.000000e+00,1.190891e+03,1.244104e+01,1.441581e-18,0.000000e+00
8.650000e-01,1.192655e+03,1.650692e+00,5.235432e+00,1.047086e+01,0.000000e+00,9.963000e+01,2.500000e-05,0.000000e+00,1.194306e+03,0.000000e+00,0.000000e+00,0.000000e+00,0.000000e+00,0.000000e+00,0.000000e+00,0.000000e+00,0.000000e+00,0.000000e+00,0.000000e+00,0.000000e+00,0.000000e+00,0.000000e+00,1.192655e+03,1.228722e+01,1.442187e-18,0.000000e+00
8.660000e-01,1.194409e+03,1.630091e+00,5.202659e+00,1.040532e+01,0.000000e+00,9.963000e+01,2.500000e-05,0.000000e+00,1.196039e+03,0.000000e+00,0.000000e+00,0.000000e+00,0.000000e+00,0.000000e+00,0.000000e+00,0.000000e+00,0.000000e+00,0.000000e+00,0.000000e+00,0.000000e+00,0.000000e+00,0.000000e+00,1.194409e+03,1.213393e+01,1.442786e-18,0.000000e+00
8.670000e-01,1.196154e+03,1.609563e+00,5.169796e+00,1.033959e+01,0.000000e+00,9.963000e+01,2.500000e-05,0.000000e+00,1.197763e+03,0.000000e+00,0.000000e+00,0.000000e+00,0.000000e+00,0.000000e+00,0.000000e+00,0.000000e+00,0.000000e+00,0.000000e+00,0.000000e+00,0.000000e+00,0.000000e+00,0.000000e+00,1.196154e+03,1.198120e+01,1.443377e-18,0.000000e+00
8.680000e-01,1.197888e+03,1.589109e+00,5.136843e+00,1.027369e+01,0.000000e+00,9.963000e+01,2.500000e-05,0.000000e+00,1.199478e+03,0.000000e+00,0.000000e+00,0.000000e+00,0.000000e+00,0.000000e+00,0.000000e+00,0.000000e+00,0.000000e+00,0.000000e+00,0.000000e+00,0.000000e+00,0.000000e+00,0.000000e+00,1.197888e+03,1.182902e+01,1.443960e-18,0.000000e+00
8.690000e-01,1.199613e+03,1.568731e+00,5.103801e+00,1.020760e+01,0.000000e+00,9.963000e+01,2.500000e-05,0.000000e+00,1.201182e+03,0.000000e+00,0.000000e+00,0.000000e+00,0.000000e+00,0.000000e+00,0.000000e+00,0.000000e+00,0.000000e+00,0.000000e+00,0.000000e+00,0.000000e+00,0.000000e+00,0.000000e+00,1.199613e+03,1.167740e+01,1.444536e-18,0.000000e+00
8.700000e-01,1.201328e+03,1.548430e+00,5.070669e+00,1.014134e+01,0.000000e+00,9.963000e+01,2.500000e-05,0.000000e+00,1.202876e+03,0.000000e+00,0.000000e+00,0.000000e+00,0.000000e+00,0.000000e+00,0.000000e+00,0.000000e+00,0.000000e+00,0.000000e+00,0.000000e+00,0.000000e+00,0.000000e+00,0.000000e+00,1.201328e+03,1.152635e+01,1.445105e-18,0.000000e+00
8.710000e-01,1.203033e+03,1.528207e+00,5.037447e+00,1.007489e+01,0.000000e+00,9.963000e+01,2.500000e-05,0.000000e+00,1.204561e+03,0.000000e+00,0.000000e+00,0.000000e+00,0.000000e+00,0.000000e+00,0.000000e+00,0.000000e+00,0.000000e+00,0.000000e+00,0.000000e+00,0.000000e+00,0.000000e+00,0.000000e+00,1.203033e+03,1.137588e+01,1.445666e-18,0.000000e+00
8.720000e-01,1.204728e+03,1.508062e+00,5.004136e+00,1.000827e+01,0.000000e+00,9.963000e+01,2.500000e-05,0.000000e+00,1.206236e+03,0.000000e+00,0.000000e+00,0.000000e+00,0.000000e+00,0.000000e+00,0.000000e+00,0.000000e+00,0.000000e+00,0.000000e+00,0.000000e+00,0.000000e+00,0.000000e+00,0.000000e+00,1.204728e+03,1.122599e+01,1.446220e-18,0.000000e+00
8.730000e-01,1.206413e+03,1.487998e+00,4.970735e+00,9.941470e+00,0.000000e+00,9.963000e+01,2.500000e-05,0.000000e+00,1.207901e+03,0.000000e+00,0.000000e+00,0.000000e+00,0.000000e+00,0.000000e+00,0.000000e+00,0.000000e+00,0.000000e+00,0.000000e+00,0.000000e+00,0.000000e+00,0.000000e+00,0.000000e+00,1.206413e+03,1.107670e+01,1.446766e-18,0.000000e+00
8.740000e-01,1.208087e+03,1.468014e+00,4.937244e+00,9.874489e+00,0.000000e+00,9.963000e+01,2.500000e-05,0.000000e+00,1.209555e+03,0.000000e+00,0.000000e+00,0.000000e+00,0.000000e+00,0.000000e+00,0.000000e+00,0.000000e+00,0.000000e+00,0.000000e+00,0.000000e+00,0.000000e+00,0.000000e+00,0.000000e+00,1.208087e+03,1.092801e+01,1.447306e-18,0.000000e+00
8.750000e-01,1.209752e+03,1.448113e+00,4.903664e+00,9.807328e+00,0.000000e+00,9.963000e+01,2.500000e-05,0.000000e+00,1.211200e+03,0.000000e+00,0.000000e+00,0.000000e+00,0.000000e+00,0.000000e+00,0.000000e+00,0.000000e+00,0.000000e+00,0.000000e+00,0.000000e+00,0.000000e+00,0.000000e+00,0.000000e+00,1.209752e+03,1.077994e+01,1.447838e-18,0.000000e+00
8.760000e-01,1.211406e+03,1.428295e+00,4.869994e+00,9.739988e+00,0.000000e+00,9.963000e+01,2.500000e-05,0.000000e+00,1.212834e+03,0.000000e+00,0.000000e+00,0.000000e+00,0.000000e+00,0.000000e+00,0.000000e+00,0.000000e+00,0.000000e+00,0.000000e+00,0.000000e+00,0.000000e+00,0.000000e+00,0.000000e+00,1.211406e+03,1.063248e+01,1.448362e-18,0.000000e+00
8.770000e-01,1.213050e+03,1.408561e+00,4.836235e+00,9.672469e+00,0.000000e+00,9.963000e+01,2.500000e-05,0.000000e+00,1.214458e+03,0.000000e+00,0.000000e+00,0.000000e+00,0.000000e+00,0.000000e+00,0.000000e+00,0.000000e+00,0.000000e+00,0.000000e+00,0.000000e+00,0.000000e+00,0.000000e+00,0.000000e+00,1.213050e+03,1.048565e+01,1.448880e-18,0.000000e+00
8.780000e-01,1.214683e+03,1.388913e+00,4.802385e+00,9.604770e+00,0.000000e+00,9.963000e+01,2.500000e-05,0.000000e+00,1.216072e+03,0.000000e+00,0.000000e+00,0.000000e+00,0.000000e+00,0.000000e+00,0.000000e+00,0.000000e+00,0.000000e+00,0.000000e+00,0.000000e+00,0.000000e+00,0.000000e+00,0.000000e+00,1.214683e+03,1.033945e+01,1.449390e-18,0.000000e+00
8.790000e-01,1.216307e+03,1.369351e+00,4.768446e+00,9.536892e+00,0.000000e+00,9.963000e+01,2.500000e-05,0.000000e+00,1.217676e+03,0.000000e+00,0.000000e+00,0.000000e+00,0.000000e+00,0.000000e+00,0.000000e+00,0.000000e+00,0.000000e+00,0.000000e+00,0.000000e+00,0.000000e+00,0.000000e+00,0.000000e+00,1.216307e+03,1.019390e+01,1.449893e-18,0.000000e+00
8.800000e-01,1.217919e+03,1.349877e+00,4.734417e+00,9.468835e+00,0.000000e+00,9.963000e+01,2.500000e-05,0.000000e+00,1.219269e+03,0.000000e+00,0.000000e+00,0.000000e+00,0.000000e+00,0.000000e+00,0.000000e+00,0.000000e+00,0.000000e+00,0.000000e+00,0.000000e+00,0.000000e+00,0.000000e+00,0.000000e+00,1.217919e+03,1.004900e+01,1.450389e-18,0.000000e+00
8.810000e-01,1.219522e+03,1.330492e+00,4.700299e+00,9.400599e+00,0.000000e+00,9.963000e+01,2.500000e-05,0.000000e+00,1.220852e+03,0.000000e+00,0.000000e+00,0.000000e+00,0.000000e+00,0.000000e+00,0.000000e+00,0.000000e+00,0.000000e+00,0.000000e+00,0.000000e+00,0.000000e+00,0.000000e+00,0.000000e+00,1.219522e+03,9.904754e+00,1.450878e-18,0.000000e+00
8.820000e-01,1.221113e+03,1.311196e+00,4.666091e+00,9.332183e+00,0.000000e+00,9.963000e+01,2.500000e-05,0.000000e+00,1.222424e+03,0.000000e+00,0.000000e+00,0.000000e+00,0.000000e+00,0.000000e+00,0.000000e+00,0.000000e+00,0.000000e+00,0.000000e+00,0.000000e+00,0.000000e+00,0.000000e+00,0.000000e+00,1.221113e+03,9.761179e+00,1.451360e-18,0.000000e+00
8.830000e-01,1.222694e+03,1.291991e+00,4.631793e+00,9.263587e+00,0.000000e+00,9.963000e+01,2.500000e-05,0.000000e+00,1.223986e+03,0.000000e+00,0.000000e+00,0.000000e+00,0.000000e+00,0.000000e+00,0.000000e+00,0.000000e+00,0.000000e+00,0.000000e+00,0.000000e+00,0.000000e+00,0.000000e+00,0.000000e+00,1.222694e+03,9.618280e+00,1.451835e-18,0.000000e+00
8.840000e-01,1.224265e+03,1.272878e+00,4.597406e+00,9.194813e+00,0.000000e+00,9.963000e+01,2.500000e-05,0.000000e+00,1.225537e+03,0.000000e+00,0.000000e+00,0.000000e+00,0.000000e+00,0.000000e+00,0.000000e+00,0.000000e+00,0.000000e+00,0.000000e+00,0.000000e+00,0.000000e+00,0.000000e+00,0.000000e+00,1.224265e+03,9.476066e+00,1.452303e-18,0.000000e+00
8.850000e-01,1.225824e+03,1.253859e+00,4.562929e+00,9.125858e+00,0.000000e+00,9.963000e+01,2.500000e-05,0.000000e+00,1.227078e+03,0.000000e+00,0.000000e+00,0.000000e+00,0.000000e+00,0.000000e+00,0.000000e+00,0.000000e+00,0.000000e+00,0.000000e+00,0.000000e+00,0.000000e+00,0.000000e+00,0.000000e+00,1.225824e+03,9.334543e+00,1.452764e-18,0.000000e+00
8.860000e-01,1.227373e+03,1.234933e+00,4.528363e+00,9.056726e+00,0.000000e+00,9.963000e+01,2.500000e-05,0.000000e+00,1.228608e+03,0.000000e+00,0.000000e+00,0.000000e+00,0.000000e+00,0.000000e+00,0.000000e+00,0.000000e+00,0.000000e+00,0.000000e+00,0.000000e+00,0.000000e+00,0.000000e+00,0.000000e+00,1.227373e+03,9.193722e+00,1.453218e-18,0.000000e+00
8.870000e-01,1.228911e+03,1.216103e+00,4.493706e+00,8.987412e+00,0.000000e+00,9.963000e+01,2.500000e-05,0.000000e+00,1.230127e+03,0.000000e+00,0.000000e+00,0.000000e+00,0.000000e+00,0.000000e+00,0.000000e+00,0.000000e+00,0.000000e+00,0.000000e+00,0.000000e+00,0.000000e+00,0.000000e+00,0.000000e+00,1.228911e+03,9.053610e+00,1.453665e-18,0.000000e+00
8.880000e-01,1.230438e+03,1.197370e+00,4.458961e+00,8.917921e+00,0.000000e+00,9.963000e+01,2.500000e-05,0.000000e+00,1.231636e+03,0.000000e+00,0.000000e+00,0.000000e+00,0.000000e+00,0.000000e+00,0.000000e+00,0.000000e+00,0.000000e+00,0.000000e+00,0.000000e+00,0.000000e+00,0.000000e+00,0.000000e+00,1.230438e+03,8.914215e+00,1.454105e-18,0.000000e+00
8.890000e-01,1.231955e+03,1.178734e+00,4.424125e+00,8.848249e+00,0.000000e+00,9.963000e+01,2.500000e-05,0.000000e+00,1.233133e+03,0.000000e+00,0.000000e+00,0.000000e+00,0.000000e+00,0.000000e+00,0.000000e+00,0.000000e+00,0.000000e+00,0.000000e+00,0.000000e+00,0.000000e+00,0.000000e+00,0.000000e+00,1.231955e+03,8.775546e+00,1.454539e-18,0.000000e+00
8.900000e-01,1.233460e+03,1.160197e+00,4.389200e+00,8.778399e+00,0.000000e+00,9.963000e+01,2.500000e-05,0.000000e+00,1.234620e+03,0.000000e+00,0.000000e+00,0.000000e+00,0.000000e+00,0.000000e+00,0.000000e+00,0.000000e+00,0.000000e+00,0.000000e+00,0.000000e+00,0.000000e+00,0.000000e+00,0.000000e+00,1.233460e+03,8.637611e+00,1.454965e-18,0.000000e+00
8.910000e-01,1.234954e+03,1.141760e+00,4.354185e+00,8.708369e+00,0.000000e+00,9.963000e+01,2.500000e-05,0.000000e+00,1.236096e+03,0.000000e+00,0.000000e+00,0.000000e+00,0.000000e+00,0.000000e+00,0.000000e+00,0.000000e+00,0.000000e+00,0.000000e+00,0.000000e+00,0.000000e+00,0.000000e+00,0.000000e+00,1.234954e+03,8.500420e+00,1.455385e-18,0.000000e+00
8.920000e-01,1.236437e+03,1.123424e+00,4.319080e+00,8.638160e+00,0.000000e+00,9.963000e+01,2.500000e-05,0.000000e+00,1.237561e+03,0.000000e+00,0.000000e+00,0.000000e+00,0.000000e+00,0.000000e+00,0.000000e+00,0.000000e+00,0.000000e+00,0.000000e+00,0.000000e+00,0.000000e+00,0.000000e+00,0.000000e+00,1.236437e+03,8.363978e+00,1.455798e-18,0.000000e+00
8.930000e-01,1.237909e+03,1.105190e+00,4.283885e+00,8.567771e+00,0.000000e+00,9.963000e+01,2.500000e-05,0.000000e+00,1.239015e+03,0.000000e+00,0.000000e+00,0.000000e+00,0.000000e+00,0.000000e+00,0.000000e+00,0.000000e+00,0.000000e+00,0.000000e+00,0.000000e+00,0.000000e+00,0.000000e+00,0.000000e+00,1.237909e+03,8.228297e+00,1.456205e-18,0.000000e+00
8.940000e-01,1.239370e+03,1.087059e+00,4.248601e+00,8.497203e+00,0.000000e+00,9.963000e+01,2.500000e-05,0.000000e+00,1.240457e+03,0.000000e+00,0.000000e+00,0.000000e+00,0.000000e+00,0.000000e+00,0.000000e+00,0.000000e+00,0.000000e+00,0.000000e+00,0.000000e+00,0.000000e+00,0.000000e+00,0.000000e+00,1.239370e+03,8.093385e+00,1.456605e-18,0.000000e+00
8.950000e-01,1.240820e+03,1.069033e+00,4.213228e+00,8.426456e+00,0.000000e+00,9.963000e+01,2.500000e-05,0.000000e+00,1.241889e+03,0.000000e+00,0.000000e+00,0.000000e+00,0.000000e+00,0.000000e+00,0.000000e+00,0.000000e+00,0.000000e+00,0.000000e+00,0.000000e+00,0.000000e+00,0.000000e+00,0.000000e+00,1.240820e+03,7.959248e+00,1.456998e-18,0.000000e+00
8.960000e-01,1.242258e+03,1.051112e+00,4.177765e+00,8.355530e+00,0.000000e+00,9.963000e+01,2.500000e-05,0.000000e+00,1.243309e+03,0.000000e+00,0.000000e+00,0.000000e+00,0.000000e+00,0.000000e+00,0.000000e+00,0.000000e+00,0.000000e+00,0.000000e+00,0.000000e+00,0.000000e+00,0.000000e+00,0.000000e+00,1.242258e+03,7.825896e+00,1.457385e-18,0.000000e+00
8.970000e-01,1.243685e+03,1.033298e+00,4.142212e+00,8.284424e+00,0.000000e+00,9.963000e+01,2.500000e-05,0.000000e+00,1.244718e+03,0.000000e+00,0.000000e+00,0.000000e+00,0.000000e+00,0.000000e+00,0.000000e+00,0.000000e+00,0.000000e+00,0.000000e+00,0.000000e+00,0.000000e+00,0.000000e+00,0.000000e+00,1.243685e+03,7.693338e+00,1.457765e-18,0.000000e+00
8.980000e-01,1.245100e+03,1.015592e+00,4.106569e+00,8.213139e+00,0.000000e+00,9.963000e+01,2.500000e-05,0.000000e+00,1.246116e+03,0.000000e+00,0.000000e+00,0.000000e+00,0.000000e+00,0.000000e+00,0.000000e+00,0.000000e+00,0.000000e+00,0.000000e+00,0.000000e+00,0.000000e+00,0.000000e+00,0.000000e+00,1.245100e+03,7.561583e+00,1.458139e-18,0.000000e+00
8.990000e-01,1.246504e+03,9.979953e-01,4.070837e+00,8.141674e+00,0.000000e+00,9.963000e+01,2.500000e-05,0.000000e+00,1.247502e+03,0.000000e+00,0.000000e+00,0.000000e+00,0.000000e+00,0.000000e+00,0.000000e+00,0.000000e+00,0.000000e+00,0.000000e+00,0.000000e+00,0.000000e+00,0.000000e+00,0.000000e+00,1.246504e+03,7.430637e+00,1.458506e-18,0.000000e+00
9.000000e-01,1.247897e+03,9.805086e-01,4.035015e+00,8.070030e+00,0.000000e+00,9.963000e+01,2.500000e-05,0.000000e+00,1.248877e+03,0.000000e+00,0.000000e+00,0.000000e+00,0.000000e+00,0.000000e+00,0.000000e+00,0.000000e+00,0.000000e+00,0.000000e+00,0.000000e+00,0.000000e+00,0.000000e+00,0.000000e+00,1.247897e+03,7.300512e+00,1.458867e-18,0.000000e+00
9.010000e-01,1.249278e+03,9.631332e-01,3.999103e+00,7.998207e+00,0.000000e+00,9.963000e+01,2.500000e-05,0.000000e+00,1.250241e+03,0.000000e+00,0.000000e+00,0.000000e+00,0.000000e+00,0.000000e+00,0.000000e+00,0.000000e+00,0.000000e+00,0.000000e+00,0.000000e+00,0.000000e+00,0.000000e+00,0.000000e+00,1.249278e+03,7.171214e+00,1.459222e-18,0.000000e+00
9.020000e-01,1.250647e+03,9.458703e-01,3.963102e+00,7.926204e+00,0.000000e+00,9.963000e+01,2.500000e-05,0.000000e+00,1.251593e+03,0.000000e+00,0.000000e+00,0.000000e+00,0.000000e+00,0.000000e+00,0.000000e+00,0.000000e+00,0.000000e+00,0.000000e+00,0.000000e+00,0.000000e+00,0.000000e+00,0.000000e+00,1.250647e+03,7.042753e+00,1.459570e-18,0.000000e+00
9.030000e-01,1.252005e+03,9.287211e-01,3.927011e+00,7.854022e+00,0.000000e+00,9.963000e+01,2.500000e-05,0.000000e+00,1.252934e+03,0.000000e+00,0.000000e+00,0.000000e+00,0.000000e+00,0.000000e+00,0.000000e+00,0.000000e+00,0.000000e+00,0.000000e+00,0.000000e+00,0.000000e+00,0.000000e+00,0.000000e+00,1.252005e+03,6.915138e+00,1.459912e-18,0.000000e+00
9.040000e-01,1.253351e+03,9.116868e-01,3.890830e+00,7.781661e+00,0.000000e+00,9.963000e+01,2.500000e-05,0.000000e+00,1.254263e+03,0.000000e+00,0.000000e+00,0.000000e+00,0.000000e+00,0.000000e+00,0.000000e+00,0.000000e+00,0.000000e+00,0.000000e+00,0.000000e+00,0.000000e+00,0.000000e+00,0.000000e+00,1.253351e+03,6.788376e+00,1.460248e-18,0.000000e+00
9.050000e-01,1.254685e+03,8.947686e-01,3.854560e+00,7.709120e+00,0.000000e+00,9.963000e+01,2.500000e-05,0.000000e+00,1.255580e+03,0.000000e+00,0.000000e+00,0.000000e+00,0.000000e+00,0.000000e+00,0.000000e+00,0.000000e+00,0.000000e+00,0.000000e+00,0.000000e+00,0.000000e+00,0.000000e+00,0.000000e+00,1.254685e+03,6.662478e+00,1.460577e-18,0.000000e+00
9.060000e-01,1.256008e+03,8.779675e-01,3.818200e+00,7.636400e+00,0.000000e+00,9.963000e+01,2.500000e-05,0.000000e+00,1.256886e+03,0.000000e+00,0.000000e+00,0.000000e+00,0.000000e+00,0.000000e+00,0.000000e+00,0.000000e+00,0.000000e+00,0.000000e+00,0.000000e+00,0.000000e+00,0.000000e+00,0.000000e+00,1.256008e+03,6.537451e+00,1.460901e-18,0.000000e+00
9.070000e-01,1.257318e+03,8.612849e-01,3.781750e+00,7.563501e+00,0.000000e+00,9.963000e+01,2.500000e-05,0.000000e+00,1.258180e+03,0.000000e+00,0.000000e+00,0.000000e+00,0.000000e+00,0.000000e+00,0.000000e+00,0.000000e+00,0.000000e+00,0.000000e+00,0.000000e+00,0.000000e+00,0.000000e+00,0.000000e+00,1.257318e+03,6.413304e+00,1.461218e-18,0.000000e+00
9.080000e-01,1.258617e+03,8.447219e-01,3.745211e+00,7.490422e+00,0.000000e+00,9.963000e+01,2.500000e-05,0.000000e+00,1.259462e+03,0.000000e+00,0.000000e+00,0.000000e+00,0.000000e+00,0.000000e+00,0.000000e+00,0.000000e+00,0.000000e+00,0.000000e+00,0.000000e+00,0.000000e+00,0.000000e+00,0.000000e+00,1.258617e+03,6.290046e+00,1.461529e-18,0.000000e+00
9.090000e-01,1.259904e+03,8.282795e-01,3.708582e+00,7.417164e+00,0.000000e+00,9.963000e+01,2.500000e-05,0.000000e+00,1.260732e+03,0.000000e+00,0.000000e+00,0.000000e+00,0.000000e+00,0.000000e+00,0.000000e+00,0.000000e+00,0.000000e+00,0.000000e+00,0.000000e+00,0.000000e+00,0.000000e+00,0.000000e+00,1.259904e+03,6.167686e+00,1.461834e-18,0.000000e+00
9.100000e-01,1.261178e+03,8.119591e-01,3.671864e+00,7.343727e+00,0.000000e+00,9.963000e+01,2.500000e-05,0.000000e+00,1.261990e+03,0.000000e+00,0.000000e+00,0.000000e+00,0.000000e+00,0.000000e+00,0.000000e+00,0.000000e+00,0.000000e+00,0.000000e+00,0.000000e+00,0.000000e+00,0.000000e+00,0.000000e+00,1.261178e+03,6.046233e+00,1.462134e-18,0.000000e+00
9.110000e-01,1.262441e+03,7.957619e-01,3.635055e+00,7.270111e+00,0.000000e+00,9.963000e+01,2.500000e-05,0.000000e+00,1.263237e+03,0.000000e+00,0.000000e+00,0.000000e+00,0.000000e+00,0.000000e+00,0.000000e+00,0.000000e+00,0.000000e+00,0.000000e+00,0.000000e+00,0.000000e+00,0.000000e+00,0.000000e+00,1.262441e+03,5.925695e+00,1.462427e-18,0.000000e+00
9.120000e-01,1.263692e+03,7.796890e-01,3.598157e+00,7.196314e+00,0.000000e+00,9.963000e+01,2.500000e-05,0.000000e+00,1.264471e+03,0.000000e+00,0.000000e+00,0.000000e+00,0.000000e+00,0.000000e+00,0.000000e+00,0.000000e+00,0.000000e+00,0.000000e+00,0.000000e+00,0.000000e+00,0.000000e+00,0.000000e+00,1.263692e+03,5.806082e+00,1.462714e-18,0.000000e+00
9.130000e-01,1.264930e+03,7.637416e-01,3.561170e+00,7.122339e+00,0.000000e+00,9.963000e+01,2.500000e-05,0.000000e+00,1.265694e+03,0.000000e+00,0.000000e+00,0.000000e+00,0.000000e+00,0.000000e+00,0.000000e+00,0.000000e+00,0.000000e+00,0.000000e+00,0.000000e+00,0.000000e+00,0.000000e+00,0.000000e+00,1.264930e+03,5.687402e+00,1.462996e-18,0.000000e+00
9.140000e-01,1.266156e+03,7.479209e-01,3.524092e+00,7.048184e+00,0.000000e+00,9.963000e+01,2.500000e-05,0.000000e+00,1.266904e+03,0.000000e+00,0.000000e+00,0.000000e+00,0.000000e+00,0.000000e+00,0.000000e+00,0.000000e+00,0.000000e+00,0.000000e+00,0.000000e+00,0.000000e+00,0.000000e+00,0.000000e+00,1.266156e+03,5.569664e+00,1.463272e-18,0.000000e+00
9.150000e-01,1.267370e+03,7.322281e-01,3.486925e+00,6.973851e+00,0.000000e+00,9.963000e+01,2.500000e-05,0.000000e+00,1.268102e+03,0.000000e+00,0.000000e+00,0.000000e+00,0.000000e+00,0.000000e+00,0.000000e+00,0.000000e+00,0.000000e+00,0.000000e+00,0.000000e+00,0.000000e+00,0.000000e+00,0.000000e+00,1.267370e+03,5.452877e+00,1.463542e-18,0.000000e+00
9.160000e-01,1.268571e+03,7.166645e-01,3.449669e+00,6.899337e+00,0.000000e+00,9.963000e+01,2.500000e-05,0.000000e+00,1.269288e+03,0.000000e+00,0.000000e+00,0.000000e+00,0.000000e+00,0.000000e+00,0.000000e+00,0.000000e+00,0.000000e+00,0.000000e+00,0.000000e+00,0.000000e+00,0.000000e+00,0.000000e+00,1.268571e+03,5.337050e+00,1.463806e-18,0.000000e+00
9.170000e-01,1.269761e+03,7.012312e-01,3.412322e+00,6.824645e+00,0.000000e+00,9.963000e+01,2.500000e-05,0.000000e+00,1.270462e+03,0.000000e+00,0.000000e+00,0.000000e+00,0.000000e+00,0.000000e+00,0.000000e+00,0.000000e+00,0.000000e+00,0.000000e+00,0.000000e+00,0.000000e+00,0.000000e+00,0.000000e+00,1.269761e+03,5.222193e+00,1.464065e-18,0.000000e+00
9.180000e-01,1.270937e+03,6.859294e-01,3.374887e+00,6.749773e+00,0.000000e+00,9.963000e+01,2.500000e-05,0.000000e+00,1.271623e+03,0.000000e+00,0.000000e+00,0.000000e+00,0.000000e+00,0.000000e+00,0.000000e+00,0.000000e+00,0.000000e+00,0.000000e+00,0.000000e+00,0.000000e+00,0.000000e+00,0.000000e+00,1.270937e+03,5.108314e+00,1.464318e-18,0.000000e+00
9.190000e-01,1.272102e+03,6.707604e-01,3.337361e+00,6.674722e+00,0.000000e+00,9.963000e+01,2.500000e-05,0.000000e+00,1.272772e+03,0.000000e+00,0.000000e+00,0.000000e+00,0.000000e+00,0.000000e+00,0.000000e+00,0.000000e+00,0.000000e+00,0.000000e+00,0.000000e+00,0.000000e+00,0.000000e+00,0.000000e+00,1.272102e+03,4.995422e+00,1.464565e-18,0.000000e+00
9.200000e-01,1.273254e+03,6.557254e-01,3.299746e+00,6.599491e+00,0.000000e+00,9.963000e+01,2.500000e-05,0.000000e+00,1.273909e+03,0.000000e+00,0.000000e+00,0.000000e+00,0.000000e+00,0.000000e+00,0.000000e+00,0.000000e+00,0.000000e+00,0.000000e+00,0.000000e+00,0.000000e+00,0.000000e+00,0.000000e+00,1.273254e+03,4.883526e+00,1.464807e-18,0.000000e+00
9.210000e-01,1.274393e+03,6.408255e-01,3.262040e+00,6.524081e+00,0.000000e+00,9.963000e+01,2.500000e-05,0.000000e+00,1.275034e+03,0.000000e+00,0.000000e+00,0.000000e+00,0.000000e+00,0.000000e+00,0.000000e+00,0.000000e+00,0.000000e+00,0.000000e+00,0.000000e+00,0.000000e+00,0.000000e+00,0.000000e+00,1.274393e+03,4.772635e+00,1.465044e-18,0.000000e+00
9.220000e-01,1.275519e+03,6.260621e-01,3.224246e+00,6.448492e+00,0.000000e+00,9.963000e+01,2.500000e-05,0.000000e+00,1.276146e+03,0.000000e+00,0.000000e+00,0.000000e+00,0.000000e+00,0.000000e+00,0.000000e+00,0.000000e+00,0.000000e+00,0.000000e+00,0.000000e+00,0.000000e+00,0.000000e+00,0.000000e+00,1.275519e+03,4.662758e+00,1.465275e-18,0.000000e+00
9.230000e-01,1.276633e+03,6.114363e-01,3.186362e+00,6.372723e+00,0.000000e+00,9.963000e+01,2.500000e-05,0.000000e+00,1.277245e+03,0.000000e+00,0.000000e+00,0.000000e+00,0.000000e+00,0.000000e+00,0.000000e+00,0.000000e+00,0.000000e+00,0.000000e+00,0.000000e+00,0.000000e+00,0.000000e+00,0.000000e+00,1.276633e+03,4.553905e+00,1.465500e-18,0.000000e+00
9.240000e-01,1.277735e+03,5.969493e-01,3.148387e+00,6.296775e+00,0.000000e+00,9.963000e+01,2.500000e-05,0.000000e+00,1.278332e+03,0.000000e+00,0.000000e+00,0.000000e+00,0.000000e+00,0.000000e+00,0.000000e+00,0.000000e+00,0.000000e+00,0.000000e+00,0.000000e+00,0.000000e+00,0.000000e+00,0.000000e+00,1.277735e+03,4.446084e+00,1.465721e-18,0.000000e+00
9.250000e-01,1.278823e+03,5.826025e-01,3.110324e+00,6.220648e+00,0.000000e+00,9.963000e+01,2.500000e-05,0.000000e+00,1.279406e+03,0.000000e+00,0.000000e+00,0.000000e+00,0.000000e+00,0.000000e+00,0.000000e+00,0.000000e+00,0.000000e+00,0.000000e+00,0.000000e+00,0.000000e+00,0.000000e+00,0.000000e+00,1.278823e+03,4.339306e+00,1.465936e-18,0.000000e+00
9.260000e-01,1.279899e+03,5.683970e-01,3.072170e+00,6.144341e+00,0.000000e+00,9.963000e+01,2.500000e-05,0.000000e+00,1.280467e+03,0.000000e+00,0.000000e+00,0.000000e+00,0.000000e+00,0.000000e+00,0.000000e+00,0.000000e+00,0.000000e+00,0.000000e+00,0.000000e+00,0.000000e+00,0.000000e+00,0.000000e+00,1.279899e+03,4.233578e+00,1.466146e-18,0.000000e+00
9.270000e-01,1.280962e+03,5.543340e-01,3.033928e+00,6.067855e+00,0.000000e+00,9.963000e+01,2.500000e-05,0.000000e+00,1.281516e+03,0.000000e+00,0.000000e+00,0.000000e+00,0.000000e+00,0.000000e+00,0.000000e+00,0.000000e+00,0.000000e+00,0.000000e+00,0.000000e+00,0.000000e+00,0.000000e+00,0.000000e+00,1.280962e+03,4.128910e+00,1.466351e-18,0.000000e+00
9.280000e-01,1.282012e+03,5.404149e-01,2.995595e+00,5.991190e+00,0.000000e+00,9.963000e+01,2.500000e-05,0.000000e+00,1.282552e+03,0.000000e+00,0.000000e+00,0.000000e+00,0.000000e+00,0.000000e+00,0.000000e+00,0.000000e+00,0.000000e+00,0.000000e+00,0.000000e+00,0.000000e+00,0.000000e+00,0.000000e+00,1.282012e+03,4.025311e+00,1.466551e-18,0.000000e+00
9.290000e-01,1.283049e+03,5.266408e-01,2.957173e+00,5.914345e+00,0.000000e+00,9.963000e+01,2.500000e-05,0.000000e+00,1.283576e+03,0.000000e+00,0.000000e+00,0.000000e+00,0.000000e+00,0.000000e+00,0.000000e+00,0.000000e+00,0.000000e+00,0.000000e+00,0.000000e+00,0.000000e+00,0.000000e+00,0.000000e+00,1.283049e+03,3.922791e+00,1.466745e-18,0.000000e+00
9.300000e-01,1.284073e+03,5.130129e-01,2.918661e+00,5.837321e+00,0.000000e+00,9.963000e+01,2.500000e-05,0.000000e+00,1.284586e+03,0.000000e+00,0.000000e+00,0.000000e+00,0.000000e+00,0.000000e+00,0.000000e+00,0.000000e+00,0.000000e+00,0.000000e+00,0.000000e+00,0.000000e+00,0.000000e+00,0.000000e+00,1.284073e+03,3.821359e+00,1.466935e-18,0.000000e+00
9.310000e-01,1.285084e+03,4.995327e-01,2.880059e+00,5.760118e+00,0.000000e+00,9.963000e+01,2.500000e-05,0.000000e+00,1.285583e+03,0.000000e+00,0.000000e+00,0.000000e+00,0.000000e+00,0.000000e+00,0.000000e+00,0.000000e+00,0.000000e+00,0.000000e+00,0.000000e+00,0.000000e+00,0.000000e+00,0.000000e+00,1.285084e+03,3.721024e+00,1.467120e-18,0.000000e+00
9.320000e-01,1.286082e+03,4.862012e-01,2.841368e+00,5.682735e+00,0.000000e+00,9.963000e+01,2.500000e-05,0.000000e+00,1.286568e+03,0.000000e+00,0.000000e+00,0.000000e+00,0.000000e+00,0.000000e+00,0.000000e+00,0.000000e+00,0.000000e+00,0.000000e+00,0.000000e+00,0.000000e+00,0.000000e+00,0.000000e+00,1.286082e+03,3.621795e+00,1.467299e-18,0.000000e+00
9.330000e-01,1.287067e+03,4.730197e-01,2.802587e+00,5.605174e+00,0.000000e+00,9.963000e+01,2.500000e-05,0.000000e+00,1.287540e+03,0.000000e+00,0.000000e+00,0.000000e+00,0.000000e+00,0.000000e+00,0.000000e+00,0.000000e+00,0.000000e+00,0.000000e+00,0.000000e+00,0.000000e+00,0.000000e+00,0.000000e+00,1.287067e+03,3.523682e+00,1.467474e-18,0.000000e+00
9.340000e-01,1.288038e+03,4.599895e-01,2.763716e+00,5.527432e+00,0.000000e+00,9.963000e+01,2.500000e-05,0.000000e+00,1.288498e+03,0.000000e+00,0.000000e+00,0.000000e+00,0.000000e+00,0.000000e+00,0.000000e+00,0.000000e+00,0.000000e+00,0.000000e+00,0.000000e+00,0.000000e+00,0.000000e+00,0.000000e+00,1.288038e+03,3.426693e+00,1.467645e-18,0.000000e+00
9.350000e-01,1.288997e+03,4.471120e-01,2.724756e+00,5.449512e+00,0.000000e+00,9.963000e+01,2.500000e-05,0.000000e+00,1.289444e+03,0.000000e+00,0.000000e+00,0.000000e+00,0.000000e+00,0.000000e+00,0.000000e+00,0.000000e+00,0.000000e+00,0.000000e+00,0.000000e+00,0.000000e+00,0.000000e+00,0.000000e+00,1.288997e+03,3.330840e+00,1.467810e-18,0.000000e+00
9.360000e-01,1.289942e+03,4.343882e-01,2.685706e+00,5.371412e+00,0.000000e+00,9.963000e+01,2.500000e-05,0.000000e+00,1.290376e+03,0.000000e+00,0.000000e+00,0.000000e+00,0.000000e+00,0.000000e+00,0.000000e+00,0.000000e+00,0.000000e+00,0.000000e+00,0.000000e+00,0.000000e+00,0.000000e+00,0.000000e+00,1.289942e+03,3.236130e+00,1.467971e-18,0.000000e+00
9.370000e-01,1.290874e+03,4.218195e-01,2.646566e+00,5.293132e+00,0.000000e+00,9.963000e+01,2.500000e-05,0.000000e+00,1.291295e+03,0.000000e+00,0.000000e+00,0.000000e+00,0.000000e+00,0.000000e+00,0.000000e+00,0.000000e+00,0.000000e+00,0.000000e+00,0.000000e+00,0.000000e+00,0.000000e+00,0.000000e+00,1.290874e+03,3.142573e+00,1.468127e-18,0.000000e+00
9.380000e-01,1.291792e+03,4.094071e-01,2.607337e+00,5.214674e+00,0.000000e+00,9.963000e+01,2.500000e-05,0.000000e+00,1.292201e+03,0.000000e+00,0.000000e+00,0.000000e+00,0.000000e+00,0.000000e+00,0.000000e+00,0.000000e+00,0.000000e+00,0.000000e+00,0.000000e+00,0.000000e+00,0.000000e+00,0.000000e+00,1.291792e+03,3.050179e+00,1.468279e-18,0.000000e+00
9.390000e-01,1.292697e+03,3.971524e-01,2.568018e+00,5.136036e+00,0.000000e+00,9.963000e+01,2.500000e-05,0.000000e+00,1.293094e+03,0.000000e+00,0.000000e+00,0.000000e+00,0.000000e+00,0.000000e+00,0.000000e+00,0.000000e+00,0.000000e+00,0.000000e+00,0.000000e+00,0.000000e+00,0.000000e+00,0.000000e+00,1.292697e+03,2.958957e+00,1.468426e-18,0.000000e+00
9.400000e-01,1.293589e+03,3.850566e-01,2.528609e+00,5.057219e+00,0.000000e+00,9.963000e+01,2.500000e-05,0.000000e+00,1.293974e+03,0.000000e+00,0.000000e+00,0.000000e+00,0.000000e+00,0.000000e+00,0.000000e+00,0.000000e+00,0.000000e+00,0.000000e+00,0.000000e+00,0.000000e+00,0.000000e+00,0.000000e+00,1.293589e+03,2.868916e+00,1.468568e-18,0.000000e+00
9.410000e-01,1.294467e+03,3.731209e-01,2.489111e+00,4.978222e+00,0.000000e+00,9.963000e+01,2.500000e-05,0.000000e+00,1.294840e+03,0.000000e+00,0.000000e+00,0.000000e+00,0.000000e+00,0.000000e+00,0.000000e+00,0.000000e+00,0.000000e+00,0.000000e+00,0.000000e+00,0.000000e+00,0.000000e+00,0.000000e+00,1.294467e+03,2.780067e+00,1.468707e-18,0.000000e+00
9.420000e-01,1.295331e+03,3.613467e-01,2.449523e+00,4.899046e+00,0.000000e+00,9.963000e+01,2.500000e-05,0.000000e+00,1.295693e+03,0.000000e+00,0.000000e+00,0.000000e+00,0.000000e+00,0.000000e+00,0.000000e+00,0.000000e+00,0.000000e+00,0.000000e+00,0.000000e+00,0.000000e+00,0.000000e+00,0.000000e+00,1.295331e+03,2.692418e+00,1.468841e-18,0.000000e+00
9.430000e-01,1.296182e+03,3.497353e-01,2.409845e+00,4.819691e+00,0.000000e+00,9.963000e+01,2.500000e-05,0.000000e+00,1.296532e+03,0.000000e+00,0.000000e+00,0.000000e+00,0.000000e+00,0.000000e+00,0.000000e+00,0.000000e+00,0.000000e+00,0.000000e+00,0.000000e+00,0.000000e+00,0.000000e+00,0.000000e+00,1.296182e+03,2.605979e+00,1.468971e-18,0.000000e+00
9.440000e-01,1.297019e+03,3.382878e-01,2.370078e+00,4.740156e+00,0.000000e+00,9.963000e+01,2.500000e-05,0.000000e+00,1.297358e+03,0.000000e+00,0.000000e+00,0.000000e+00,0.000000e+00,0.000000e+00,0.000000e+00,0.000000e+00,0.000000e+00,0.000000e+00,0.000000e+00,0.000000e+00,0.000000e+00,0.000000e+00,1.297019e+03,2.520760e+00,1.469096e-18,0.000000e+00
9.450000e-01,1.297843e+03,3.270057e-01,2.330221e+00,4.660442e+00,0.000000e+00,9.963000e+01,2.500000e-05,0.000000e+00,1.298170e+03,0.000000e+00,0.000000e+00,0.000000e+00,0.000000e+00,0.000000e+00,0.000000e+00,0.000000e+00,0.000000e+00,0.000000e+00,0.000000e+00,0.000000e+00,0.000000e+00,0.000000e+00,1.297843e+03,2.436771e+00,1.469217e-18,0.000000e+00
9.460000e-01,1.298653e+03,3.158902e-01,2.290274e+00,4.580549e+00,0.000000e+00,9.963000e+01,2.500000e-05,0.000000e+00,1.298969e+03,0.000000e+00,0.000000e+00,0.000000e+00,0.000000e+00,0.000000e+00,0.000000e+00,0.000000e+00,0.000000e+00,0.000000e+00,0.000000e+00,0.000000e+00,0.000000e+00,0.000000e+00,1.298653e+03,2.354020e+00,1.469335e-18,0.000000e+00
9.470000e-01,1.299449e+03,3.049425e-01,2.250238e+00,4.500476e+00,0.000000e+00,9.963000e+01,2.500000e-05,0.000000e+00,1.299754e+03,0.000000e+00,0.000000e+00,0.000000e+00,0.000000e+00,0.000000e+00,0.000000e+00,0.000000e+00,0.000000e+00,0.000000e+00,0.000000e+00,0.000000e+00,0.000000e+00,0.000000e+00,1.299449e+03,2.272517e+00,1.469448e-18,0.000000e+00
9.480000e-01,1.300231e+03,2.941641e-01,2.210112e+00,4.420224e+00,0.000000e+00,9.963000e+01,2.500000e-05,0.000000e+00,1.300525e+03,0.000000e+00,0.000000e+00,0.000000e+00,0.000000e+00,0.000000e+00,0.000000e+00,0.000000e+00,0.000000e+00,0.000000e+00,0.000000e+00,0.000000e+00,0.000000e+00,0.000000e+00,1.300231e+03,2.192273e+00,1.469557e-18,0.000000e+00
9.490000e-01,1.301000e+03,2.835562e-01,2.169896e+00,4.339793e+00,0.000000e+00,9.963000e+01,2.500000e-05,0.000000e+00,1.301283e+03,0.000000e+00,0.000000e+00,0.000000e+00,0.000000e+00,0.000000e+00,0.000000e+00,0.000000e+00,0.000000e+00,0.000000e+00,0.000000e+00,0.000000e+00,0.000000e+00,0.000000e+00,1.301000e+03,2.113297e+00,1.469663e-18,0.000000e+00
9.500000e-01,1.301754e+03,2.731200e-01,2.129591e+00,4.259182e+00,0.000000e+00,9.963000e+01,2.500000e-05,0.000000e+00,1.302027e+03,0.000000e+00,0.000000e+00,0.000000e+00,0.000000e+00,0.000000e+00,0.000000e+00,0.000000e+00,0.000000e+00,0.000000e+00,0.000000e+00,0.000000e+00,0.000000e+00,0.000000e+00,1.301754e+03,2.035598e+00,1.469764e-18,0.000000e+00
9.510000e-01,1.302495e+03,2.628570e-01,2.089196e+00,4.178392e+00,0.000000e+00,9.963000e+01,2.500000e-05,0.000000e+00,1.302758e+03,0.000000e+00,0.000000e+00,0.000000e+00,0.000000e+00,0.000000e+00,0.000000e+00,0.000000e+00,0.000000e+00,0.000000e+00,0.000000e+00,0.000000e+00,0.000000e+00,0.000000e+00,1.302495e+03,1.959186e+00,1.469862e-18,0.000000e+00
9.520000e-01,1.303221e+03,2.527683e-01,2.048712e+00,4.097423e+00,0.000000e+00,9.963000e+01,2.500000e-05,0.000000e+00,1.303474e+03,0.000000e+00,0.000000e+00,0.000000e+00,0.000000e+00,0.000000e+00,0.000000e+00,0.000000e+00,0.000000e+00,0.000000e+00,0.000000e+00,0.000000e+00,0.000000e+00,0.000000e+00,1.303221e+03,1.884072e+00,1.469956e-18,0.000000e+00
9.530000e-01,1.303934e+03,2.428554e-01,2.008137e+00,4.016274e+00,0.000000e+00,9.963000e+01,2.500000e-05,0.000000e+00,1.304177e+03,0.000000e+00,0.000000e+00,0.000000e+00,0.000000e+00,0.000000e+00,0.000000e+00,0.000000e+00,0.000000e+00,0.000000e+00,0.000000e+00,0.000000e+00,0.000000e+00,0.000000e+00,1.303934e+03,1.810264e+00,1.470046e-18,0.000000e+00
9.540000e-01,1.304632e+03,2.331196e-01,1.967473e+00,3.934946e+00,0.000000e+00,9.963000e+01,2.500000e-05,0.000000e+00,1.304865e+03,0.000000e+00,0.000000e+00,0.000000e+00,0.000000e+00,0.000000e+00,0.000000e+00,0.000000e+00,0.000000e+00,0.000000e+00,0.000000e+00,0.000000e+00,0.000000e+00,0.000000e+00,1.304632e+03,1.737772e+00,1.470133e-18,0.000000e+00
9.550000e-01,1.305317e+03,2.235620e-01,1.926719e+00,3.853439e+00,0.000000e+00,9.963000e+01,2.500000e-05,0.000000e+00,1.305540e+03,0.000000e+00,0.000000e+00,0.000000e+00,0.000000e+00,0.000000e+00,0.000000e+00,0.000000e+00,0.000000e+00,0.000000e+00,0.000000e+00,0.000000e+00,0.000000e+00,0.000000e+00,1.305317e+03,1.666607e+00,1.470217e-18,0.000000e+00
9.560000e-01,1.305987e+03,2.141842e-01,1.885876e+00,3.771752e+00,0.000000e+00,9.963000e+01,2.500000e-05,0.000000e+00,1.306201e+03,0.000000e+00,0.000000e+00,0.000000e+00,0.000000e+00,0.000000e+00,0.000000e+00,0.000000e+00,0.000000e+00,0.000000e+00,0.000000e+00,0.000000e+00,0.000000e+00,0.000000e+00,1.305987e+03,1.596778e+00,1.470296e-18,0.000000e+00
9.570000e-01,1.306643e+03,2.049874e-01,1.844943e+00,3.689886e+00,0.000000e+00,9.963000e+01,2.500000e-05,0.000000e+00,1.306848e+03,0.000000e+00,0.000000e+00,0.000000e+00,0.000000e+00,0.000000e+00,0.000000e+00,0.000000e+00,0.000000e+00,0.000000e+00,0.000000e+00,0.000000e+00,0.000000e+00,0.000000e+00,1.306643e+03,1.528295e+00,1.470373e-18,0.000000e+00
9.580000e-01,1.307284e+03,1.959728e-01,1.803921e+00,3.607841e+00,0.000000e+00,9.963000e+01,2.500000e-05,0.000000e+00,1.307480e+03,0.000000e+00,0.000000e+00,0.000000e+00,0.000000e+00,0.000000e+00,0.000000e+00,0.000000e+00,0.000000e+00,0.000000e+00,0.000000e+00,0.000000e+00,0.000000e+00,0.000000e+00,1.307284e+03,1.461168e+00,1.470446e-18,0.000000e+00
9.590000e-01,1.307912e+03,1.871420e-01,1.762808e+00,3.525616e+00,0.000000e+00,9.963000e+01,2.500000e-05,0.000000e+00,1.308099e+03,0.000000e+00,0.000000e+00,0.000000e+00,0.000000e+00,0.000000e+00,0.000000e+00,0.000000e+00,0.000000e+00,0.000000e+00,0.000000e+00,0.000000e+00,0.000000e+00,0.000000e+00,1.307912e+03,1.395406e+00,1.470516e-18,0.000000e+00
9.600000e-01,1.308525e+03,1.784961e-01,1.721606e+00,3.443213e+00,0.000000e+00,9.963000e+01,2.500000e-05,0.000000e+00,1.308703e+03,0.000000e+00,0.000000e+00,0.000000e+00,0.000000e+00,0.000000e+00,0.000000e+00,0.000000e+00,0.000000e+00,0.000000e+00,0.000000e+00,0.000000e+00,0.000000e+00,0.000000e+00,1.308525e+03,1.331020e+00,1.470583e-18,0.000000e+00
9.610000e-01,1.309124e+03,1.700366e-01,1.680315e+00,3.360629e+00,0.000000e+00,9.963000e+01,2.500000e-05,0.000000e+00,1.309294e+03,0.000000e+00,0.000000e+00,0.000000e+00,0.000000e+00,0.000000e+00,0.000000e+00,0.000000e+00,0.000000e+00,0.000000e+00,0.000000e+00,0.000000e+00,0.000000e+00,0.000000e+00,1.309124e+03,1.268020e+00,1.470646e-18,0.000000e+00
9.620000e-01,1.309708e+03,1.617647e-01,1.638933e+00,3.277866e+00,0.000000e+00,9.963000e+01,2.500000e-05,0.000000e+00,1.309870e+03,0.000000e+00,0.000000e+00,0.000000e+00,0.000000e+00,0.000000e+00,0.000000e+00,0.000000e+00,0.000000e+00,0.000000e+00,0.000000e+00,0.000000e+00,0.000000e+00,0.000000e+00,1.309708e+03,1.206415e+00,1.470707e-18,0.000000e+00
9.630000e-01,1.310278e+03,1.536818e-01,1.597462e+00,3.194925e+00,0.000000e+00,9.963000e+01,2.500000e-05,0.000000e+00,1.310431e+03,0.000000e+00,0.000000e+00,0.000000e+00,0.000000e+00,0.000000e+00,0.000000e+00,0.000000e+00,0.000000e+00,0.000000e+00,0.000000e+00,0.000000e+00,0.000000e+00,0.000000e+00,1.310278e+03,1.146215e+00,1.470764e-18,0.000000e+00
9.640000e-01,1.310833e+03,1.457892e-01,1.555902e+00,3.111803e+00,0.000000e+00,9.963000e+01,2.500000e-05,0.000000e+00,1.310979e+03,0.000000e+00,0.000000e+00,0.000000e+00,0.000000e+00,0.000000e+00,0.000000e+00,0.000000e+00,0.000000e+00,0.000000e+00,0.000000e+00,0.000000e+00,0.000000e+00,0.000000e+00,1.310833e+03,1.087431e+00,1.470819e-18,0.000000e+00
9.650000e-01,1.311374e+03,1.380883e-01,1.514251e+00,3.028502e+00,0.000000e+00,9.963000e+01,2.500000e-05,0.000000e+00,1.311512e+03,0.000000e+00,0.000000e+00,0.000000e+00,0.000000e+00,0.000000e+00,0.000000e+00,0.000000e+00,0.000000e+00,0.000000e+00,0.000000e+00,0.000000e+00,0.000000e+00,0.000000e+00,1.311374e+03,1.030073e+00,1.470871e-18,0.000000e+00
9.660000e-01,1.311900e+03,1.305805e-01,1.472511e+00,2.945023e+00,0.000000e+00,9.963000e+01,2.500000e-05,0.000000e+00,1.312031e+03,0.000000e+00,0.000000e+00,0.000000e+00,0.000000e+00,0.000000e+00,0.000000e+00,0.000000e+00,0.000000e+00,0.000000e+00,0.000000e+00,0.000000e+00,0.000000e+00,0.000000e+00,1.311900e+03,9.741500e-01,1.470920e-18,0.000000e+00
9.670000e-01,1.312412e+03,1.232671e-01,1.430682e+00,2.861363e+00,0.000000e+00,9.963000e+01,2.500000e-05,0.000000e+00,1.312535e+03,0.000000e+00,0.000000e+00,0.000000e+00,0.000000e+00,0.000000e+00,0.000000e+00,0.000000e+00,0.000000e+00,0.000000e+00,0.000000e+00,0.000000e+00,0.000000e+00,0.000000e+00,1.312412e+03,9.196727e-01,1.470966e-18,0.000000e+00
9.680000e-01,1.312909e+03,1.161494e-01,1.388762e+00,2.777524e+00,0.000000e+00,9.963000e+01,2.500000e-05,0.000000e+00,1.313025e+03,0.000000e+00,0.000000e+00,0.000000e+00,0.000000e+00,0.000000e+00,0.000000e+00,0.000000e+00,0.000000e+00,0.000000e+00,0.000000e+00,0.000000e+00,0.000000e+00,0.000000e+00,1.312909e+03,8.666509e-01,1.471010e-18,0.000000e+00
9.690000e-01,1.313391e+03,1.092288e-01,1.346753e+00,2.693506e+00,0.000000e+00,9.963000e+01,2.500000e-05,0.000000e+00,1.313500e+03,0.000000e+00,0.000000e+00,0.000000e+00,0.000000e+00,0.000000e+00,0.000000e+00,0.000000e+00,0.000000e+00,0.000000e+00,0.000000e+00,0.000000e+00,0.000000e+00,0.000000e+00,1.313391e+03,8.150950e-01,1.471051e-18,0.000000e+00
9.700000e-01,1.313858e+03,1.025067e-01,1.304655e+00,2.609309e+00,0.000000e+00,9.963000e+01,2.500000e-05,0.000000e+00,1.313961e+03,0.000000e+00,0.000000e+00,0.000000e+00,0.000000e+00,0.000000e+00,0.000000e+00,0.000000e+00,0.000000e+00,0.000000e+00,0.000000e+00,0.000000e+00,0.000000e+00,0.000000e+00,1.313858e+03,7.650150e-01,1.471089e-18,0.000000e+00
9.710000e-01,1.314311e+03,9.598441e-02,1.262466e+00,2.524933e+00,0.000000e+00,9.963000e+01,2.500000e-05,0.000000e+00,1.314407e+03,0.000000e+00,0.000000e+00,0.000000e+00,0.000000e+00,0.000000e+00,0.000000e+00,0.000000e+00,0.000000e+00,0.000000e+00,0.000000e+00,0.000000e+00,0.000000e+00,0.000000e+00,1.314311e+03,7.164210e-01,1.471126e-18,0.000000e+00
9.720000e-01,1.314749e+03,8.966333e-02,1.220188e+00,2.440377e+00,0.000000e+00,9.963000e+01,2.500000e-05,0.000000e+00,1.314839e+03,0.000000e+00,0.000000e+00,0.000000e+00,0.000000e+00,0.000000e+00,0.000000e+00,0.000000e+00,0.000000e+00,0.000000e+00,0.000000e+00,0.000000e+00,0.000000e+00,0.000000e+00,1.314749e+03,6.693232e-01,1.471159e-18,0.000000e+00
9.730000e-01,1.315172e+03,8.354481e-02,1.177821e+00,2.355641e+00,0.000000e+00,9.963000e+01,2.500000e-05,0.000000e+00,1.315255e+03,0.000000e+00,0.000000e+00,0.000000e+00,0.000000e+00,0.000000e+00,0.000000e+00,0.000000e+00,0.000000e+00,0.000000e+00,0.000000e+00,0.000000e+00,0.000000e+00,0.000000e+00,1.315172e+03,6.237318e-01,1.471191e-18,0.000000e+00
9.740000e-01,1.315580e+03,7.763022e-02,1.135363e+00,2.270727e+00,0.000000e+00,9.963000e+01,2.500000e-05,0.000000e+00,1.315658e+03,0.000000e+00,0.000000e+00,0.000000e+00,0.000000e+00,0.000000e+00,0.000000e+00,0.000000e+00,0.000000e+00,0.000000e+00,0.000000e+00,0.000000e+00,0.000000e+00,0.000000e+00,1.315580e+03,5.796570e-01,1.471220e-18,0.000000e+00
9.750000e-01,1.315973e+03,7.192096e-02,1.092816e+00,2.185633e+00,0.000000e+00,9.963000e+01,2.500000e-05,0.000000e+00,1.316045e+03,0.000000e+00,0.000000e+00,0.000000e+00,0.000000e+00,0.000000e+00,0.000000e+00,0.000000e+00,0.000000e+00,0.000000e+00,0.000000e+00,0.000000e+00,0.000000e+00,0.000000e+00,1.315973e+03,5.371090e-01,1.471248e-18,0.000000e+00
9.760000e-01,1.316351e+03,6.641839e-02,1.050180e+00,2.100359e+00,0.000000e+00,9.963000e+01,2.500000e-05,0.000000e+00,1.316418e+03,0.000000e+00,0.000000e+00,0.000000e+00,0.000000e+00,0.000000e+00,0.000000e+00,0.000000e+00,0.000000e+00,0.000000e+00,0.000000e+00,0.000000e+00,0.000000e+00,0.000000e+00,1.316351e+03,4.960981e-01,1.471273e-18,0.000000e+00
9.770000e-01,1.316715e+03,6.112389e-02,1.007453e+00,2.014907e+00,0.000000e+00,9.963000e+01,2.500000e-05,0.000000e+00,1.316776e+03,0.000000e+00,0.000000e+00,0.000000e+00,0.000000e+00,0.000000e+00,0.000000e+00,0.000000e+00,0.000000e+00,0.000000e+00,0.000000e+00,0.000000e+00,0.000000e+00,0.000000e+00,1.316715e+03,4.566346e-01,1.471296e-18,0.000000e+00
9.780000e-01,1.317063e+03,5.603886e-02,9.646373e-01,1.929275e+00,0.000000e+00,9.963000e+01,2.500000e-05,0.000000e+00,1.317119e+03,0.000000e+00,0.000000e+00,0.000000e+00,0.000000e+00,0.000000e+00,0.000000e+00,0.000000e+00,0.000000e+00,0.000000e+00,0.000000e+00,0.000000e+00,0.000000e+00,0.000000e+00,1.317063e+03,4.187287e-01,1.471318e-18,0.000000e+00
9.790000e-01,1.317396e+03,5.116467e-02,9.217317e-01,1.843463e+00,0.000000e+00,9.963000e+01,2.500000e-05,0.000000e+00,1.317447e+03,0.000000e+00,0.000000e+00,0.000000e+00,0.000000e+00,0.000000e+00,0.000000e+00,0.000000e+00,0.000000e+00,0.000000e+00,0.000000e+00,0.000000e+00,0.000000e+00,0.000000e+00,1.317396e+03,3.823909e-01,1.471337e-18,0.000000e+00
9.800000e-01,1.317714e+03,4.650272e-02,8.787364e-01,1.757473e+00,0.000000e+00,9.963000e+01,2.500000e-05,0.000000e+00,1.317760e+03,0.000000e+00,0.000000e+00,0.000000e+00,0.000000e+00,0.000000e+00,0.000000e+00,0.000000e+00,0.000000e+00,0.000000e+00,0.000000e+00,0.000000e+00,0.000000e+00,0.000000e+00,1.317714e+03,3.476313e-01,1.471355e-18,0.000000e+00
9.810000e-01,1.318016e+03,4.205439e-02,8.356514e-01,1.671303e+00,0.000000e+00,9.963000e+01,2.500000e-05,0.000000e+00,1.318058e+03,0.000000e+00,0.000000e+00,0.000000e+00,0.000000e+00,0.000000e+00,0.000000e+00,0.000000e+00,0.000000e+00,0.000000e+00,0.000000e+00,0.000000e+00,0.000000e+00,0.000000e+00,1.318016e+03,3.144604e-01,1.471371e-18,0.000000e+00
9.820000e-01,1.318304e+03,3.782110e-02,7.924767e-01,1.584953e+00,0.000000e+00,9.963000e+01,2.500000e-05,0.000000e+00,1.318342e+03,0.000000e+00,0.000000e+00,0.000000e+00,0.000000e+00,0.000000e+00,0.000000e+00,0.000000e+00,0.000000e+00,0.000000e+00,0.000000e+00,0.000000e+00,0.000000e+00,0.000000e+00,1.318304e+03,2.828886e-01,1.471386e-18,0.000000e+00
9.830000e-01,1.318576e+03,3.380423e-02,7.492124e-01,1.498425e+00,0.000000e+00,9.963000e+01,2.500000e-05,0.000000e+00,1.318610e+03,0.000000e+00,0.000000e+00,0.000000e+00,0.000000e+00,0.000000e+00,0.000000e+00,0.000000e+00,0.000000e+00,0.000000e+00,0.000000e+00,0.000000e+00,0.000000e+00,0.000000e+00,1.318576e+03,2.529262e-01,1.471399e-18,0.000000e+00
9.840000e-01,1.318833e+03,3.000518e-02,7.058584e-01,1.411717e+00,0.000000e+00,9.963000e+01,2.500000e-05,0.000000e+00,1.318863e+03,0.000000e+00,0.000000e+00,0.000000e+00,0.000000e+00,0.000000e+00,0.000000e+00,0.000000e+00,0.000000e+00,0.000000e+00,0.000000e+00,0.000000e+00,0.000000e+00,0.000000e+00,1.318833e+03,2.245838e-01,1.471410e-18,0.000000e+00
9.850000e-01,1.319075e+03,2.642537e-02,6.624147e-01,1.324829e+00,0.000000e+00,9.963000e+01,2.500000e-05,0.000000e+00,1.319101e+03,0.000000e+00,0.000000e+00,0.000000e+00,0.000000e+00,0.000000e+00,0.000000e+00,0.000000e+00,0.000000e+00,0.000000e+00,0.000000e+00,0.000000e+00,0.000000e+00,0.000000e+00,1.319075e+03,1.978717e-01,1.471421e-18,0.000000e+00
9.860000e-01,1.319301e+03,2.306620e-02,6.188814e-01,1.237763e+00,0.000000e+00,9.963000e+01,2.500000e-05,0.000000e+00,1.319324e+03,0.000000e+00,0.000000e+00,0.000000e+00,0.000000e+00,0.000000e+00,0.000000e+00,0.000000e+00,0.000000e+00,0.000000e+00,0.000000e+00,0.000000e+00,0.000000e+00,0.000000e+00,1.319301e+03,1.728004e-01,1.471430e-18,0.000000e+00
9.870000e-01,1.319512e+03,1.992907e-02,5.752584e-01,1.150517e+00,0.000000e+00,9.963000e+01,2.500000e-05,0.000000e+00,1.319532e+03,0.000000e+00,0.000000e+00,0.000000e+00,0.000000e+00,0.000000e+00,0.000000e+00,0.000000e+00,0.000000e+00,0.000000e+00,0.000000e+00,0.000000e+00,0.000000e+00,0.000000e+00,1.319512e+03,1.493804e-01,1.471437e-18,0.000000e+00
9.880000e-01,1.319708e+03,1.701541e-02,5.315458e-01,1.063092e+00,0.000000e+00,9.963000e+01,2.500000e-05,0.000000e+00,1.319725e+03,0.000000e+00,0.000000e+00,0.000000e+00,0.000000e+00,0.000000e+00,0.000000e+00,0.000000e+00,0.000000e+00,0.000000e+00,0.000000e+00,0.000000e+00,0.000000e+00,0.000000e+00,1.319708e+03,1.276222e-01,1.471444e-18,0.000000e+00
9.890000e-01,1.319888e+03,1.432663e-02,4.877434e-01,9.754868e-01,0.000000e+00,9.963000e+01,2.500000e-05,0.000000e+00,1.319902e+03,0.000000e+00,0.000000e+00,0.000000e+00,0.000000e+00,0.000000e+00,0.000000e+00,0.000000e+00,0.000000e+00,0.000000e+00,0.000000e+00,0.000000e+00,0.000000e+00,0.000000e+00,1.319888e+03,1.075364e-01,1.471450e-18,0.000000e+00
9.900000e-01,1.320053e+03,1.186414e-02,4.438514e-01,8.877028e-01,0.000000e+00,9.963000e+01,2.500000e-05,0.000000e+00,1.320065e+03,0.000000e+00,0.000000e+00,0.000000e+00,0.000000e+00,0.000000e+00,0.000000e+00,0.000000e+00,0.000000e+00,0.000000e+00,0.000000e+00,0.000000e+00,0.000000e+00,0.000000e+00,1.320053e+03,8.913346e-02,1.471455e-18,0.000000e+00
9.910000e-01,1.320202e+03,9.629377e-03,3.998697e-01,7.997395e-01,0.000000e+00,9.963000e+01,2.500000e-05,0.000000e+00,1.320212e+03,0.000000e+00,0.000000e+00,0.000000e+00,0.000000e+00,0.000000e+00,0.000000e+00,0.000000e+00,0.000000e+00,0.000000e+00,0.000000e+00,0.000000e+00,0.000000e+00,0.000000e+00,1.320202e+03,7.242404e-02,1.471459e-18,0.000000e+00
9.920000e-01,1.320336e+03,7.623759e-03,3.557984e-01,7.115968e-01,0.000000e+00,9.963000e+01,2.500000e-05,0.000000e+00,1.320343e+03,0.000000e+00,0.000000e+00,0.000000e+00,0.000000e+00,0.000000e+00,0.000000e+00,0.000000e+00,0.000000e+00,0.000000e+00,0.000000e+00,0.000000e+00,0.000000e+00,0.000000e+00,1.320336e+03,5.741870e-02,1.471462e-18,0.000000e+00
9.930000e-01,1.320453e+03,5.848713e-03,3.116374e-01,6.232749e-01,0.000000e+00,9.963000e+01,2.500000e-05,0.000000e+00,1.320459e+03,0.000000e+00,0.000000e+00,0.000000e+00,0.000000e+00,0.000000e+00,0.000000e+00,0.000000e+00,0.000000e+00,0.000000e+00,0.000000e+00,0.000000e+00,0.000000e+00,0.000000e+00,1.320453e+03,4.412808e-02,1.471464e-18,0.000000e+00
9.940000e-01,1.320556e+03,4.305671e-03,2.673868e-01,5.347735e-01,0.000000e+00,9.963000e+01,2.500000e-05,0.000000e+00,1.320560e+03,0.000000e+00,0.000000e+00,0.000000e+00,0.000000e+00,0.000000e+00,0.000000e+00,0.000000e+00,0.000000e+00,0.000000e+00,0.000000e+00,0.000000e+00,0.000000e+00,0.000000e+00,1.320556e+03,3.256280e-02,1.471466e-18,0.000000e+00
9.950000e-01,1.320643e+03,2.996068e-03,2.230464e-01,4.460928e-01,0.000000e+00,9.963000e+01,2.500000e-05,0.000000e+00,1.320646e+03,0.000000e+00,0.000000e+00,0.000000e+00,0.000000e+00,0.000000e+00,0.000000e+00,0.000000e+00,0.000000e+00,0.000000e+00,0.000000e+00,0.000000e+00,0.000000e+00,0.000000e+00,1.320643e+03,2.273354e-02,1.471467e-18,0.000000e+00
9.960000e-01,1.320714e+03,1.921338e-03,1.786164e-01,3.572328e-01,0.000000e+00,9.963000e+01,2.500000e-05,0.000000e+00,1.320715e+03,0.000000e+00,0.000000e+00,0.000000e+00,0.000000e+00,0.000000e+00,0.000000e+00,0.000000e+00,0.000000e+00,0.000000e+00,0.000000e+00,0.000000e+00,0.000000e+00,0.000000e+00,1.320714e+03,1.465099e-02,1.471468e-18,0.000000e+00
9.970000e-01,1.320769e+03,1.082923e-03,1.340968e-01,2.681935e-01,0.000000e+00,9.963000e+01,2.500000e-05,0.000000e+00,1.320770e+03,0.000000e+00,0.000000e+00,0.000000e+00,0.000000e+00,0.000000e+00,0.000000e+00,0.000000e+00,0.000000e+00,0.000000e+00,0.000000e+00,0.000000e+00,0.000000e+00,0.000000e+00,1.320769e+03,8.325838e-03,1.471469e-18,0.000000e+00
9.980000e-01,1.320808e+03,4.822643e-04,8.948742e-02,1.789748e-01,0.000000e+00,9.963000e+01,2.500000e-05,0.000000e+00,1.320809e+03,0.000000e+00,0.000000e+00,0.000000e+00,0.000000e+00,0.000000e+00,0.000000e+00,0.000000e+00,0.000000e+00,0.000000e+00,0.000000e+00,0.000000e+00,0.000000e+00,0.000000e+00,1.320808e+03,3.768828e-03,1.471469e-18,0.000000e+00
9.990000e-01,1.320832e+03,1.208071e-04,4.478842e-02,8.957684e-02,0.000000e+00,9.963000e+01,2.500000e-05,0.000000e+00,1.320832e+03,0.000000e+00,0.000000e+00,0.000000e+00,0.000000e+00,0.000000e+00,0.000000e+00,0.000000e+00,0.000000e+00,0.000000e+00,0.000000e+00,0.000000e+00,0.000000e+00,0.000000e+00,1.320832e+03,9.907087e-04,1.471469e-18,0.000000e+00
