************************************************************************
**                                                                    **
**                                                                    **
**                         OpenRadioss Engine                         **
**                                                                    **
**            Non-linear Finite Element Analysis Software             **
**                                                                    **
**                                                                    **
**                                                                    **
**                  Windows 64 bits, Intel compiler                   **
**                      Double Precision Version                      **
**                                                                    **
**                                                                    **
**                                                                    **
************************************************************************
** OpenRadioss Software                                               **
** COPYRIGHT (C) 2026 Siemens                                         **
** Licensed under GNU Affero General Public License.                  **
** See License file.                                                  **
************************************************************************
 
 ROOT: I02D_LAP_HALFDT_H025_R5  RESTART: 0001
 NUMBER OF HMPP PROCESSES     1
 13/09/2026
 NC=       0 T= 0.0000E+00 DT= 2.5000E-05 ERR=  0.0% DM/M= 0.0000E+00
     ANIMATION FILE: I02D_LAP_HALFDT_H025_R5A001 WRITTEN
 NC=     100 T= 2.5000E-03 DT= 2.5000E-05 ERR=  0.0% DM/M= 0.0000E+00
 ELAPSED TIME=          0.07 s  REMAINING TIME=        140.68 s
 NC=     200 T= 5.0000E-03 DT= 2.5000E-05 ERR= -0.0% DM/M= 0.0000E+00
 ELAPSED TIME=          0.10 s  REMAINING TIME=         99.71 s
 NC=     300 T= 7.5000E-03 DT= 2.5000E-05 ERR= -0.0% DM/M= 0.0000E+00
 ELAPSED TIME=          0.13 s  REMAINING TIME=         86.81 s
 NC=     400 T= 1.0000E-02 DT= 2.5000E-05 ERR= -0.1% DM/M= 0.0000E+00
 ELAPSED TIME=          0.16 s  REMAINING TIME=         79.92 s
 NC=     500 T= 1.2500E-02 DT= 2.5000E-05 ERR= -0.0% DM/M= 0.0000E+00
 ELAPSED TIME=          0.20 s  REMAINING TIME=         77.90 s
 NC=     600 T= 1.5000E-02 DT= 2.5000E-05 ERR= -0.0% DM/M= 0.0000E+00
 ELAPSED TIME=          0.22 s  REMAINING TIME=         74.64 s
 NC=     700 T= 1.7500E-02 DT= 2.5000E-05 ERR= -0.0% DM/M= 0.0000E+00
 ELAPSED TIME=          0.25 s  REMAINING TIME=         72.32 s
 NC=     800 T= 2.0000E-02 DT= 2.5000E-05 ERR= -0.0% DM/M= 0.0000E+00
 ELAPSED TIME=          0.29 s  REMAINING TIME=         71.02 s
 NC=     900 T= 2.2500E-02 DT= 2.5000E-05 ERR= -0.0% DM/M= 0.0000E+00
 ELAPSED TIME=          0.32 s  REMAINING TIME=         70.95 s
 NC=    1000 T= 2.5000E-02 DT= 2.5000E-05 ERR= -0.0% DM/M= 0.0000E+00
 ELAPSED TIME=          0.35 s  REMAINING TIME=         69.52 s
 NC=    1100 T= 2.7500E-02 DT= 2.5000E-05 ERR= -0.0% DM/M= 0.0000E+00
 ELAPSED TIME=          0.38 s  REMAINING TIME=         68.34 s
 NC=    1200 T= 3.0000E-02 DT= 2.5000E-05 ERR= -0.0% DM/M= 0.0000E+00
 ELAPSED TIME=          0.41 s  REMAINING TIME=         67.36 s
 NC=    1300 T= 3.2500E-02 DT= 2.5000E-05 ERR= -0.0% DM/M= 0.0000E+00
 ELAPSED TIME=          0.44 s  REMAINING TIME=         67.35 s
 NC=    1400 T= 3.5000E-02 DT= 2.5000E-05 ERR= -0.0% DM/M= 0.0000E+00
 ELAPSED TIME=          0.47 s  REMAINING TIME=         66.67 s
 NC=    1500 T= 3.7500E-02 DT= 2.5000E-05 ERR= -0.0% DM/M= 0.0000E+00
 ELAPSED TIME=          0.50 s  REMAINING TIME=         66.13 s
 NC=    1600 T= 4.0000E-02 DT= 2.5000E-05 ERR= -0.0% DM/M= 0.0000E+00
 ELAPSED TIME=          0.53 s  REMAINING TIME=         65.66 s
 NC=    1700 T= 4.2500E-02 DT= 2.5000E-05 ERR= -0.0% DM/M= 0.0000E+00
 ELAPSED TIME=          0.57 s  REMAINING TIME=         65.93 s
 NC=    1800 T= 4.5000E-02 DT= 2.5000E-05 ERR= -0.0% DM/M= 0.0000E+00
 ELAPSED TIME=          0.60 s  REMAINING TIME=         65.53 s
 NC=    1900 T= 4.7500E-02 DT= 2.5000E-05 ERR= -0.0% DM/M= 0.0000E+00
 ELAPSED TIME=          0.62 s  REMAINING TIME=         65.16 s
 NC=    2000 T= 5.0000E-02 DT= 2.5000E-05 ERR= -0.0% DM/M= 0.0000E+00
 ELAPSED TIME=          0.65 s  REMAINING TIME=         64.82 s
 NC=    2100 T= 5.2500E-02 DT= 2.5000E-05 ERR= -0.0% DM/M= 0.0000E+00
 ELAPSED TIME=          0.69 s  REMAINING TIME=         65.05 s
 NC=    2200 T= 5.5000E-02 DT= 2.5000E-05 ERR= -0.0% DM/M= 0.0000E+00
 ELAPSED TIME=          0.72 s  REMAINING TIME=         64.73 s
 NC=    2300 T= 5.7500E-02 DT= 2.5000E-05 ERR= -0.0% DM/M= 0.0000E+00
 ELAPSED TIME=          0.75 s  REMAINING TIME=         64.46 s
 NC=    2400 T= 6.0000E-02 DT= 2.5000E-05 ERR= -0.0% DM/M= 0.0000E+00
 ELAPSED TIME=          0.78 s  REMAINING TIME=         64.21 s
 NC=    2500 T= 6.2500E-02 DT= 2.5000E-05 ERR= -0.0% DM/M= 0.0000E+00
 ELAPSED TIME=          0.82 s  REMAINING TIME=         64.41 s
 NC=    2600 T= 6.5000E-02 DT= 2.5000E-05 ERR= -0.0% DM/M= 0.0000E+00
 ELAPSED TIME=          0.85 s  REMAINING TIME=         64.16 s
 NC=    2700 T= 6.7500E-02 DT= 2.5000E-05 ERR= -0.0% DM/M= 0.0000E+00
 ELAPSED TIME=          0.87 s  REMAINING TIME=         63.93 s
 NC=    2800 T= 7.0000E-02 DT= 2.5000E-05 ERR= -0.0% DM/M= 0.0000E+00
 ELAPSED TIME=          0.90 s  REMAINING TIME=         63.71 s
 NC=    2900 T= 7.2500E-02 DT= 2.5000E-05 ERR= -0.0% DM/M= 0.0000E+00
 ELAPSED TIME=          0.94 s  REMAINING TIME=         63.90 s
 NC=    3000 T= 7.5000E-02 DT= 2.5000E-05 ERR= -0.0% DM/M= 0.0000E+00
 ELAPSED TIME=          0.97 s  REMAINING TIME=         63.76 s
 NC=    3100 T= 7.7500E-02 DT= 2.5000E-05 ERR= -0.0% DM/M= 0.0000E+00
 ELAPSED TIME=          1.00 s  REMAINING TIME=         63.57 s
 NC=    3200 T= 8.0000E-02 DT= 2.5000E-05 ERR= -0.0% DM/M= 0.0000E+00
 ELAPSED TIME=          1.03 s  REMAINING TIME=         63.40 s
 NC=    3300 T= 8.2500E-02 DT= 2.5000E-05 ERR= -0.0% DM/M= 0.0000E+00
 ELAPSED TIME=          1.07 s  REMAINING TIME=         63.58 s
 NC=    3400 T= 8.5000E-02 DT= 2.5000E-05 ERR= -0.0% DM/M= 0.0000E+00
 ELAPSED TIME=          1.10 s  REMAINING TIME=         63.54 s
 NC=    3500 T= 8.7500E-02 DT= 2.5000E-05 ERR= -0.0% DM/M= 0.0000E+00
 ELAPSED TIME=          1.13 s  REMAINING TIME=         63.40 s
 NC=    3600 T= 9.0000E-02 DT= 2.5000E-05 ERR= -0.0% DM/M= 0.0000E+00
 ELAPSED TIME=          1.16 s  REMAINING TIME=         63.25 s
 NC=    3700 T= 9.2500E-02 DT= 2.5000E-05 ERR= -0.0% DM/M= 0.0000E+00
 ELAPSED TIME=          1.19 s  REMAINING TIME=         63.40 s
 NC=    3800 T= 9.5000E-02 DT= 2.5000E-05 ERR= -0.0% DM/M= 0.0000E+00
 ELAPSED TIME=          1.22 s  REMAINING TIME=         63.24 s
 NC=    3900 T= 9.7500E-02 DT= 2.5000E-05 ERR= -0.0% DM/M= 0.0000E+00
 ELAPSED TIME=          1.25 s  REMAINING TIME=         63.09 s
 NC=    4000 T= 1.0000E-01 DT= 2.5000E-05 ERR= -0.0% DM/M= 0.0000E+00
 ELAPSED TIME=          1.28 s  REMAINING TIME=         62.94 s
 NC=    4100 T= 1.0250E-01 DT= 2.5000E-05 ERR= -0.0% DM/M= 0.0000E+00
 ELAPSED TIME=          1.32 s  REMAINING TIME=         63.13 s
 NC=    4200 T= 1.0500E-01 DT= 2.5000E-05 ERR= -0.0% DM/M= 0.0000E+00
 ELAPSED TIME=          1.35 s  REMAINING TIME=         62.99 s
 NC=    4300 T= 1.0750E-01 DT= 2.5000E-05 ERR= -0.0% DM/M= 0.0000E+00
 ELAPSED TIME=          1.38 s  REMAINING TIME=         62.86 s
 NC=    4400 T= 1.1000E-01 DT= 2.5000E-05 ERR= -0.0% DM/M= 0.0000E+00
 ELAPSED TIME=          1.41 s  REMAINING TIME=         62.72 s
 NC=    4500 T= 1.1250E-01 DT= 2.5000E-05 ERR= -0.0% DM/M= 0.0000E+00
 ELAPSED TIME=          1.45 s  REMAINING TIME=         62.85 s
 NC=    4600 T= 1.1500E-01 DT= 2.5000E-05 ERR= -0.0% DM/M= 0.0000E+00
 ELAPSED TIME=          1.48 s  REMAINING TIME=         62.73 s
 NC=    4700 T= 1.1750E-01 DT= 2.5000E-05 ERR= -0.0% DM/M= 0.0000E+00
 ELAPSED TIME=          1.51 s  REMAINING TIME=         62.67 s
 NC=    4800 T= 1.2000E-01 DT= 2.5000E-05 ERR= -0.0% DM/M= 0.0000E+00
 ELAPSED TIME=          1.54 s  REMAINING TIME=         62.59 s
 NC=    4900 T= 1.2250E-01 DT= 2.5000E-05 ERR= -0.0% DM/M= 0.0000E+00
 ELAPSED TIME=          1.57 s  REMAINING TIME=         62.70 s
 NC=    5000 T= 1.2500E-01 DT= 2.5000E-05 ERR= -0.0% DM/M= 0.0000E+00
 ELAPSED TIME=          1.60 s  REMAINING TIME=         62.58 s
 NC=    5100 T= 1.2750E-01 DT= 2.5000E-05 ERR= -0.0% DM/M= 0.0000E+00
 ELAPSED TIME=          1.63 s  REMAINING TIME=         62.47 s
 NC=    5200 T= 1.3000E-01 DT= 2.5000E-05 ERR= -0.0% DM/M= 0.0000E+00
 ELAPSED TIME=          1.66 s  REMAINING TIME=         62.37 s
 NC=    5300 T= 1.3250E-01 DT= 2.5000E-05 ERR= -0.0% DM/M= 0.0000E+00
 ELAPSED TIME=          1.70 s  REMAINING TIME=         62.46 s
 NC=    5400 T= 1.3500E-01 DT= 2.5000E-05 ERR= -0.0% DM/M= 0.0000E+00
 ELAPSED TIME=          1.73 s  REMAINING TIME=         62.35 s
 NC=    5500 T= 1.3750E-01 DT= 2.5000E-05 ERR= -0.0% DM/M= 0.0000E+00
 ELAPSED TIME=          1.76 s  REMAINING TIME=         62.24 s
 NC=    5600 T= 1.4000E-01 DT= 2.5000E-05 ERR= -0.0% DM/M= 0.0000E+00
 ELAPSED TIME=          1.79 s  REMAINING TIME=         62.18 s
 NC=    5700 T= 1.4250E-01 DT= 2.5000E-05 ERR= -0.0% DM/M= 0.0000E+00
 ELAPSED TIME=          1.83 s  REMAINING TIME=         62.27 s
 NC=    5800 T= 1.4500E-01 DT= 2.5000E-05 ERR= -0.0% DM/M= 0.0000E+00
 ELAPSED TIME=          1.86 s  REMAINING TIME=         62.16 s
 NC=    5900 T= 1.4750E-01 DT= 2.5000E-05 ERR= -0.0% DM/M= 0.0000E+00
 ELAPSED TIME=          1.89 s  REMAINING TIME=         62.06 s
 NC=    6000 T= 1.5000E-01 DT= 2.5000E-05 ERR= -0.0% DM/M= 0.0000E+00
 ELAPSED TIME=          1.92 s  REMAINING TIME=         61.96 s
 NC=    6100 T= 1.5250E-01 DT= 2.5000E-05 ERR= -0.0% DM/M= 0.0000E+00
 ELAPSED TIME=          1.95 s  REMAINING TIME=         62.11 s
 NC=    6200 T= 1.5500E-01 DT= 2.5000E-05 ERR= -0.0% DM/M= 0.0000E+00
 ELAPSED TIME=          1.99 s  REMAINING TIME=         62.08 s
 NC=    6300 T= 1.5750E-01 DT= 2.5000E-05 ERR= -0.0% DM/M= 0.0000E+00
 ELAPSED TIME=          2.02 s  REMAINING TIME=         61.99 s
 NC=    6400 T= 1.6000E-01 DT= 2.5000E-05 ERR= -0.0% DM/M= 0.0000E+00
 ELAPSED TIME=          2.05 s  REMAINING TIME=         61.89 s
 NC=    6500 T= 1.6250E-01 DT= 2.5000E-05 ERR= -0.0% DM/M= 0.0000E+00
 ELAPSED TIME=          2.08 s  REMAINING TIME=         61.97 s
 NC=    6600 T= 1.6500E-01 DT= 2.5000E-05 ERR= -0.0% DM/M= 0.0000E+00
 ELAPSED TIME=          2.11 s  REMAINING TIME=         61.87 s
     ANIMATION FILE: I02D_LAP_HALFDT_H025_R5A002 WRITTEN
 NC=    6700 T= 1.6750E-01 DT= 2.5000E-05 ERR= -0.0% DM/M= 0.0000E+00
 ELAPSED TIME=          2.14 s  REMAINING TIME=         61.82 s
 NC=    6800 T= 1.7000E-01 DT= 2.5000E-05 ERR= -0.0% DM/M= 0.0000E+00
 ELAPSED TIME=          2.17 s  REMAINING TIME=         61.73 s
 NC=    6900 T= 1.7250E-01 DT= 2.5000E-05 ERR= -0.0% DM/M= 0.0000E+00
 ELAPSED TIME=          2.21 s  REMAINING TIME=         61.79 s
 NC=    7000 T= 1.7500E-01 DT= 2.5000E-05 ERR= -0.0% DM/M= 0.0000E+00
 ELAPSED TIME=          2.24 s  REMAINING TIME=         61.70 s
 NC=    7100 T= 1.7750E-01 DT= 2.5000E-05 ERR= -0.0% DM/M= 0.0000E+00
 ELAPSED TIME=          2.27 s  REMAINING TIME=         61.61 s
 NC=    7200 T= 1.8000E-01 DT= 2.5000E-05 ERR= -0.0% DM/M= 0.0000E+00
 ELAPSED TIME=          2.30 s  REMAINING TIME=         61.52 s
 NC=    7300 T= 1.8250E-01 DT= 2.5000E-05 ERR= -0.0% DM/M= 0.0000E+00
 ELAPSED TIME=          2.33 s  REMAINING TIME=         61.58 s
 NC=    7400 T= 1.8500E-01 DT= 2.5000E-05 ERR= -0.0% DM/M= 0.0000E+00
 ELAPSED TIME=          2.36 s  REMAINING TIME=         61.50 s
 NC=    7500 T= 1.8750E-01 DT= 2.5000E-05 ERR= -0.0% DM/M= 0.0000E+00
 ELAPSED TIME=          2.39 s  REMAINING TIME=         61.41 s
 NC=    7600 T= 1.9000E-01 DT= 2.5000E-05 ERR= -0.0% DM/M= 0.0000E+00
 ELAPSED TIME=          2.42 s  REMAINING TIME=         61.33 s
 NC=    7700 T= 1.9250E-01 DT= 2.5000E-05 ERR= -0.0% DM/M= 0.0000E+00
 ELAPSED TIME=          2.46 s  REMAINING TIME=         61.38 s
 NC=    7800 T= 1.9500E-01 DT= 2.5000E-05 ERR= -0.0% DM/M= 0.0000E+00
 ELAPSED TIME=          2.49 s  REMAINING TIME=         61.30 s
 NC=    7900 T= 1.9750E-01 DT= 2.5000E-05 ERR= -0.0% DM/M= 0.0000E+00
 ELAPSED TIME=          2.52 s  REMAINING TIME=         61.21 s
 NC=    8000 T= 2.0000E-01 DT= 2.5000E-05 ERR= -0.0% DM/M= 0.0000E+00
 ELAPSED TIME=          2.55 s  REMAINING TIME=         61.13 s
 NC=    8100 T= 2.0250E-01 DT= 2.5000E-05 ERR= -0.0% DM/M= 0.0000E+00
 ELAPSED TIME=          2.58 s  REMAINING TIME=         61.19 s
 NC=    8200 T= 2.0500E-01 DT= 2.5000E-05 ERR= -0.0% DM/M= 0.0000E+00
 ELAPSED TIME=          2.61 s  REMAINING TIME=         61.11 s
 NC=    8300 T= 2.0750E-01 DT= 2.5000E-05 ERR= -0.0% DM/M= 0.0000E+00
 ELAPSED TIME=          2.64 s  REMAINING TIME=         61.03 s
 NC=    8400 T= 2.1000E-01 DT= 2.5000E-05 ERR= -0.0% DM/M= 0.0000E+00
 ELAPSED TIME=          2.67 s  REMAINING TIME=         60.95 s
 NC=    8500 T= 2.1250E-01 DT= 2.5000E-05 ERR= -0.0% DM/M= 0.0000E+00
 ELAPSED TIME=          2.71 s  REMAINING TIME=         61.00 s
 NC=    8600 T= 2.1500E-01 DT= 2.5000E-05 ERR= -0.0% DM/M= 0.0000E+00
 ELAPSED TIME=          2.74 s  REMAINING TIME=         60.93 s
 NC=    8700 T= 2.1750E-01 DT= 2.5000E-05 ERR= -0.0% DM/M= 0.0000E+00
 ELAPSED TIME=          2.77 s  REMAINING TIME=         60.85 s
 NC=    8800 T= 2.2000E-01 DT= 2.5000E-05 ERR= -0.0% DM/M= 0.0000E+00
 ELAPSED TIME=          2.80 s  REMAINING TIME=         60.78 s
 NC=    8900 T= 2.2250E-01 DT= 2.5000E-05 ERR= -0.0% DM/M= 0.0000E+00
 ELAPSED TIME=          2.83 s  REMAINING TIME=         60.83 s
 NC=    9000 T= 2.2500E-01 DT= 2.5000E-05 ERR= -0.0% DM/M= 0.0000E+00
 ELAPSED TIME=          2.86 s  REMAINING TIME=         60.76 s
 NC=    9100 T= 2.2750E-01 DT= 2.5000E-05 ERR= -0.0% DM/M= 0.0000E+00
 ELAPSED TIME=          2.89 s  REMAINING TIME=         60.68 s
 NC=    9200 T= 2.3000E-01 DT= 2.5000E-05 ERR= -0.0% DM/M= 0.0000E+00
 ELAPSED TIME=          2.92 s  REMAINING TIME=         60.61 s
 NC=    9300 T= 2.3250E-01 DT= 2.5000E-05 ERR= -0.0% DM/M= 0.0000E+00
 ELAPSED TIME=          2.96 s  REMAINING TIME=         60.65 s
 NC=    9400 T= 2.3500E-01 DT= 2.5000E-05 ERR= -0.0% DM/M= 0.0000E+00
 ELAPSED TIME=          2.99 s  REMAINING TIME=         60.58 s
 NC=    9500 T= 2.3750E-01 DT= 2.5000E-05 ERR= -0.0% DM/M= 0.0000E+00
 ELAPSED TIME=          3.02 s  REMAINING TIME=         60.51 s
 NC=    9600 T= 2.4000E-01 DT= 2.5000E-05 ERR= -0.0% DM/M= 0.0000E+00
 ELAPSED TIME=          3.05 s  REMAINING TIME=         60.50 s
 NC=    9700 T= 2.4250E-01 DT= 2.5000E-05 ERR= -0.0% DM/M= 0.0000E+00
 ELAPSED TIME=          3.09 s  REMAINING TIME=         60.54 s
 NC=    9800 T= 2.4500E-01 DT= 2.5000E-05 ERR= -0.0% DM/M= 0.0000E+00
 ELAPSED TIME=          3.12 s  REMAINING TIME=         60.48 s
 NC=    9900 T= 2.4750E-01 DT= 2.5000E-05 ERR= -0.0% DM/M= 0.0000E+00
 ELAPSED TIME=          3.15 s  REMAINING TIME=         60.41 s
 NC=   10000 T= 2.5000E-01 DT= 2.5000E-05 ERR= -0.0% DM/M= 0.0000E+00
 ELAPSED TIME=          3.18 s  REMAINING TIME=         60.36 s
 NC=   10100 T= 2.5250E-01 DT= 2.5000E-05 ERR= -0.0% DM/M= 0.0000E+00
 ELAPSED TIME=          3.21 s  REMAINING TIME=         60.40 s
 NC=   10200 T= 2.5500E-01 DT= 2.5000E-05 ERR= -0.0% DM/M= 0.0000E+00
 ELAPSED TIME=          3.24 s  REMAINING TIME=         60.33 s
 NC=   10300 T= 2.5750E-01 DT= 2.5000E-05 ERR= -0.0% DM/M= 0.0000E+00
 ELAPSED TIME=          3.27 s  REMAINING TIME=         60.27 s
 NC=   10400 T= 2.6000E-01 DT= 2.5000E-05 ERR= -0.0% DM/M= 0.0000E+00
 ELAPSED TIME=          3.30 s  REMAINING TIME=         60.21 s
 NC=   10500 T= 2.6250E-01 DT= 2.5000E-05 ERR= -0.0% DM/M= 0.0000E+00
 ELAPSED TIME=          3.34 s  REMAINING TIME=         60.25 s
 NC=   10600 T= 2.6500E-01 DT= 2.5000E-05 ERR= -0.0% DM/M= 0.0000E+00
 ELAPSED TIME=          3.37 s  REMAINING TIME=         60.19 s
 NC=   10700 T= 2.6750E-01 DT= 2.5000E-05 ERR= -0.0% DM/M= 0.0000E+00
 ELAPSED TIME=          3.40 s  REMAINING TIME=         60.12 s
 NC=   10800 T= 2.7000E-01 DT= 2.5000E-05 ERR= -0.0% DM/M= 0.0000E+00
 ELAPSED TIME=          3.43 s  REMAINING TIME=         60.06 s
 NC=   10900 T= 2.7250E-01 DT= 2.5000E-05 ERR= -0.0% DM/M= 0.0000E+00
 ELAPSED TIME=          3.46 s  REMAINING TIME=         60.10 s
 NC=   11000 T= 2.7500E-01 DT= 2.5000E-05 ERR= -0.0% DM/M= 0.0000E+00
 ELAPSED TIME=          3.49 s  REMAINING TIME=         60.04 s
 NC=   11100 T= 2.7750E-01 DT= 2.5000E-05 ERR= -0.0% DM/M= 0.0000E+00
 ELAPSED TIME=          3.52 s  REMAINING TIME=         59.98 s
 NC=   11200 T= 2.8000E-01 DT= 2.5000E-05 ERR= -0.0% DM/M= 0.0000E+00
 ELAPSED TIME=          3.55 s  REMAINING TIME=         59.92 s
 NC=   11300 T= 2.8250E-01 DT= 2.5000E-05 ERR= -0.0% DM/M= 0.0000E+00
 ELAPSED TIME=          3.59 s  REMAINING TIME=         59.95 s
 NC=   11400 T= 2.8500E-01 DT= 2.5000E-05 ERR= -0.0% DM/M= 0.0000E+00
 ELAPSED TIME=          3.62 s  REMAINING TIME=         59.89 s
 NC=   11500 T= 2.8750E-01 DT= 2.5000E-05 ERR= -0.0% DM/M= 0.0000E+00
 ELAPSED TIME=          3.65 s  REMAINING TIME=         59.83 s
 NC=   11600 T= 2.9000E-01 DT= 2.5000E-05 ERR= -0.0% DM/M= 0.0000E+00
 ELAPSED TIME=          3.68 s  REMAINING TIME=         59.77 s
 NC=   11700 T= 2.9250E-01 DT= 2.5000E-05 ERR= -0.0% DM/M= 0.0000E+00
 ELAPSED TIME=          3.72 s  REMAINING TIME=         59.80 s
 NC=   11800 T= 2.9500E-01 DT= 2.5000E-05 ERR= -0.0% DM/M= 0.0000E+00
 ELAPSED TIME=          3.75 s  REMAINING TIME=         59.74 s
 NC=   11900 T= 2.9750E-01 DT= 2.5000E-05 ERR= -0.0% DM/M= 0.0000E+00
 ELAPSED TIME=          3.78 s  REMAINING TIME=         59.68 s
 NC=   12000 T= 3.0000E-01 DT= 2.5000E-05 ERR= -0.0% DM/M= 0.0000E+00
 ELAPSED TIME=          3.81 s  REMAINING TIME=         59.62 s
 NC=   12100 T= 3.0250E-01 DT= 2.5000E-05 ERR= -0.0% DM/M= 0.0000E+00
 ELAPSED TIME=          3.84 s  REMAINING TIME=         59.65 s
 NC=   12200 T= 3.0500E-01 DT= 2.5000E-05 ERR= -0.0% DM/M= 0.0000E+00
 ELAPSED TIME=          3.87 s  REMAINING TIME=         59.59 s
 NC=   12300 T= 3.0750E-01 DT= 2.5000E-05 ERR= -0.0% DM/M= 0.0000E+00
 ELAPSED TIME=          3.90 s  REMAINING TIME=         59.54 s
 NC=   12400 T= 3.1000E-01 DT= 2.5000E-05 ERR= -0.0% DM/M= 0.0000E+00
 ELAPSED TIME=          3.93 s  REMAINING TIME=         59.48 s
 NC=   12500 T= 3.1250E-01 DT= 2.5000E-05 ERR= -0.0% DM/M= 0.0000E+00
 ELAPSED TIME=          3.97 s  REMAINING TIME=         59.51 s
 NC=   12600 T= 3.1500E-01 DT= 2.5000E-05 ERR= -0.0% DM/M= 0.0000E+00
 ELAPSED TIME=          4.00 s  REMAINING TIME=         59.45 s
 NC=   12700 T= 3.1750E-01 DT= 2.5000E-05 ERR= -0.0% DM/M= 0.0000E+00
 ELAPSED TIME=          4.03 s  REMAINING TIME=         59.39 s
 NC=   12800 T= 3.2000E-01 DT= 2.5000E-05 ERR= -0.0% DM/M= 0.0000E+00
 ELAPSED TIME=          4.06 s  REMAINING TIME=         59.34 s
 NC=   12900 T= 3.2250E-01 DT= 2.5000E-05 ERR= -0.0% DM/M= 0.0000E+00
 ELAPSED TIME=          4.09 s  REMAINING TIME=         59.36 s
 NC=   13000 T= 3.2500E-01 DT= 2.5000E-05 ERR= -0.0% DM/M= 0.0000E+00
 ELAPSED TIME=          4.12 s  REMAINING TIME=         59.30 s
 NC=   13100 T= 3.2750E-01 DT= 2.5000E-05 ERR= -0.0% DM/M= 0.0000E+00
 ELAPSED TIME=          4.15 s  REMAINING TIME=         59.25 s
 NC=   13200 T= 3.3000E-01 DT= 2.5000E-05 ERR= -0.0% DM/M= 0.0000E+00
 ELAPSED TIME=          4.18 s  REMAINING TIME=         59.19 s
 NC=   13300 T= 3.3250E-01 DT= 2.5000E-05 ERR= -0.0% DM/M= 0.0000E+00
 ELAPSED TIME=          4.22 s  REMAINING TIME=         59.22 s
     ANIMATION FILE: I02D_LAP_HALFDT_H025_R5A003 WRITTEN
 NC=   13400 T= 3.3500E-01 DT= 2.5000E-05 ERR= -0.0% DM/M= 0.0000E+00
 ELAPSED TIME=          4.25 s  REMAINING TIME=         59.19 s
 NC=   13500 T= 3.3750E-01 DT= 2.5000E-05 ERR= -0.0% DM/M= 0.0000E+00
 ELAPSED TIME=          4.28 s  REMAINING TIME=         59.13 s
 NC=   13600 T= 3.4000E-01 DT= 2.5000E-05 ERR= -0.0% DM/M= 0.0000E+00
 ELAPSED TIME=          4.31 s  REMAINING TIME=         59.07 s
 NC=   13700 T= 3.4250E-01 DT= 2.5000E-05 ERR= -0.0% DM/M= 0.0000E+00
 ELAPSED TIME=          4.35 s  REMAINING TIME=         59.09 s
 NC=   13800 T= 3.4500E-01 DT= 2.5000E-05 ERR= -0.0% DM/M= 0.0000E+00
 ELAPSED TIME=          4.38 s  REMAINING TIME=         59.04 s
 NC=   13900 T= 3.4750E-01 DT= 2.5000E-05 ERR= -0.0% DM/M= 0.0000E+00
 ELAPSED TIME=          4.41 s  REMAINING TIME=         58.99 s
 NC=   14000 T= 3.5000E-01 DT= 2.5000E-05 ERR= -0.0% DM/M= 0.0000E+00
 ELAPSED TIME=          4.44 s  REMAINING TIME=         58.93 s
 NC=   14100 T= 3.5250E-01 DT= 2.5000E-05 ERR= -0.0% DM/M= 0.0000E+00
 ELAPSED TIME=          4.47 s  REMAINING TIME=         58.96 s
 NC=   14200 T= 3.5500E-01 DT= 2.5000E-05 ERR= -0.0% DM/M= 0.0000E+00
 ELAPSED TIME=          4.50 s  REMAINING TIME=         58.90 s
 NC=   14300 T= 3.5750E-01 DT= 2.5000E-05 ERR= -0.0% DM/M= 0.0000E+00
 ELAPSED TIME=          4.53 s  REMAINING TIME=         58.85 s
 NC=   14400 T= 3.6000E-01 DT= 2.5000E-05 ERR= -0.0% DM/M= 0.0000E+00
 ELAPSED TIME=          4.56 s  REMAINING TIME=         58.80 s
 NC=   14500 T= 3.6250E-01 DT= 2.5000E-05 ERR= -0.0% DM/M= 0.0000E+00
 ELAPSED TIME=          4.60 s  REMAINING TIME=         58.82 s
 NC=   14600 T= 3.6500E-01 DT= 2.5000E-05 ERR= -0.0% DM/M= 0.0000E+00
 ELAPSED TIME=          4.63 s  REMAINING TIME=         58.77 s
 NC=   14700 T= 3.6750E-01 DT= 2.5000E-05 ERR= -0.0% DM/M= 0.0000E+00
 ELAPSED TIME=          4.66 s  REMAINING TIME=         58.71 s
 NC=   14800 T= 3.7000E-01 DT= 2.5000E-05 ERR= -0.0% DM/M= 0.0000E+00
 ELAPSED TIME=          4.69 s  REMAINING TIME=         58.66 s
 NC=   14900 T= 3.7250E-01 DT= 2.5000E-05 ERR= -0.0% DM/M= 0.0000E+00
 ELAPSED TIME=          4.72 s  REMAINING TIME=         58.68 s
 NC=   15000 T= 3.7500E-01 DT= 2.5000E-05 ERR= -0.0% DM/M= 0.0000E+00
 ELAPSED TIME=          4.75 s  REMAINING TIME=         58.63 s
 NC=   15100 T= 3.7750E-01 DT= 2.5000E-05 ERR= -0.0% DM/M= 0.0000E+00
 ELAPSED TIME=          4.78 s  REMAINING TIME=         58.58 s
 NC=   15200 T= 3.8000E-01 DT= 2.5000E-05 ERR= -0.0% DM/M= 0.0000E+00
 ELAPSED TIME=          4.81 s  REMAINING TIME=         58.53 s
 NC=   15300 T= 3.8250E-01 DT= 2.5000E-05 ERR= -0.0% DM/M= 0.0000E+00
 ELAPSED TIME=          4.85 s  REMAINING TIME=         58.54 s
 NC=   15400 T= 3.8500E-01 DT= 2.5000E-05 ERR= -0.0% DM/M= 0.0000E+00
 ELAPSED TIME=          4.88 s  REMAINING TIME=         58.49 s
 NC=   15500 T= 3.8750E-01 DT= 2.5000E-05 ERR= -0.0% DM/M= 0.0000E+00
 ELAPSED TIME=          4.91 s  REMAINING TIME=         58.44 s
 NC=   15600 T= 3.9000E-01 DT= 2.5000E-05 ERR= -0.0% DM/M= 0.0000E+00
 ELAPSED TIME=          4.94 s  REMAINING TIME=         58.39 s
 NC=   15700 T= 3.9250E-01 DT= 2.5000E-05 ERR= -0.0% DM/M= 0.0000E+00
 ELAPSED TIME=          4.98 s  REMAINING TIME=         58.40 s
 NC=   15800 T= 3.9500E-01 DT= 2.5000E-05 ERR= -0.0% DM/M= 0.0000E+00
 ELAPSED TIME=          5.01 s  REMAINING TIME=         58.35 s
 NC=   15900 T= 3.9750E-01 DT= 2.5000E-05 ERR= -0.0% DM/M= 0.0000E+00
 ELAPSED TIME=          5.04 s  REMAINING TIME=         58.30 s
 NC=   16000 T= 4.0000E-01 DT= 2.5000E-05 ERR= -0.0% DM/M= 0.0000E+00
 ELAPSED TIME=          5.07 s  REMAINING TIME=         58.25 s
 NC=   16100 T= 4.0250E-01 DT= 2.5000E-05 ERR= -0.0% DM/M= 0.0000E+00
 ELAPSED TIME=          5.10 s  REMAINING TIME=         58.27 s
 NC=   16200 T= 4.0500E-01 DT= 2.5000E-05 ERR= -0.0% DM/M= 0.0000E+00
 ELAPSED TIME=          5.13 s  REMAINING TIME=         58.22 s
 NC=   16300 T= 4.0750E-01 DT= 2.5000E-05 ERR= -0.0% DM/M= 0.0000E+00
 ELAPSED TIME=          5.16 s  REMAINING TIME=         58.18 s
 NC=   16400 T= 4.1000E-01 DT= 2.5000E-05 ERR= -0.0% DM/M= 0.0000E+00
 ELAPSED TIME=          5.19 s  REMAINING TIME=         58.13 s
 NC=   16500 T= 4.1250E-01 DT= 2.5000E-05 ERR= -0.0% DM/M= 0.0000E+00
 ELAPSED TIME=          5.23 s  REMAINING TIME=         58.15 s
 NC=   16600 T= 4.1500E-01 DT= 2.5000E-05 ERR= -0.0% DM/M= 0.0000E+00
 ELAPSED TIME=          5.26 s  REMAINING TIME=         58.11 s
 NC=   16700 T= 4.1750E-01 DT= 2.5000E-05 ERR= -0.0% DM/M= 0.0000E+00
 ELAPSED TIME=          5.29 s  REMAINING TIME=         58.06 s
 NC=   16800 T= 4.2000E-01 DT= 2.5000E-05 ERR= -0.0% DM/M= 0.0000E+00
 ELAPSED TIME=          5.32 s  REMAINING TIME=         58.02 s
 NC=   16900 T= 4.2250E-01 DT= 2.5000E-05 ERR= -0.0% DM/M= 0.0000E+00
 ELAPSED TIME=          5.36 s  REMAINING TIME=         58.03 s
 NC=   17000 T= 4.2500E-01 DT= 2.5000E-05 ERR= -0.0% DM/M= 0.0000E+00
 ELAPSED TIME=          5.39 s  REMAINING TIME=         57.99 s
 NC=   17100 T= 4.2750E-01 DT= 2.5000E-05 ERR= -0.0% DM/M= 0.0000E+00
 ELAPSED TIME=          5.42 s  REMAINING TIME=         57.94 s
 NC=   17200 T= 4.3000E-01 DT= 2.5000E-05 ERR= -0.0% DM/M= 0.0000E+00
 ELAPSED TIME=          5.45 s  REMAINING TIME=         57.89 s
 NC=   17300 T= 4.3250E-01 DT= 2.5000E-05 ERR= -0.0% DM/M= 0.0000E+00
 ELAPSED TIME=          5.48 s  REMAINING TIME=         57.90 s
 NC=   17400 T= 4.3500E-01 DT= 2.5000E-05 ERR= -0.0% DM/M= 0.0000E+00
 ELAPSED TIME=          5.51 s  REMAINING TIME=         57.86 s
 NC=   17500 T= 4.3750E-01 DT= 2.5000E-05 ERR= -0.0% DM/M= 0.0000E+00
 ELAPSED TIME=          5.54 s  REMAINING TIME=         57.81 s
 NC=   17600 T= 4.4000E-01 DT= 2.5000E-05 ERR= -0.0% DM/M= 0.0000E+00
 ELAPSED TIME=          5.57 s  REMAINING TIME=         57.76 s
 NC=   17700 T= 4.4250E-01 DT= 2.5000E-05 ERR= -0.0% DM/M= 0.0000E+00
 ELAPSED TIME=          5.61 s  REMAINING TIME=         57.77 s
 NC=   17800 T= 4.4500E-01 DT= 2.5000E-05 ERR= -0.0% DM/M= 0.0000E+00
 ELAPSED TIME=          5.64 s  REMAINING TIME=         57.73 s
 NC=   17900 T= 4.4750E-01 DT= 2.5000E-05 ERR= -0.0% DM/M= 0.0000E+00
 ELAPSED TIME=          5.67 s  REMAINING TIME=         57.68 s
 NC=   18000 T= 4.5000E-01 DT= 2.5000E-05 ERR= -0.0% DM/M= 0.0000E+00
 ELAPSED TIME=          5.70 s  REMAINING TIME=         57.63 s
 NC=   18100 T= 4.5250E-01 DT= 2.5000E-05 ERR= -0.0% DM/M= 0.0000E+00
 ELAPSED TIME=          5.74 s  REMAINING TIME=         57.64 s
 NC=   18200 T= 4.5500E-01 DT= 2.5000E-05 ERR= -0.0% DM/M= 0.0000E+00
 ELAPSED TIME=          5.77 s  REMAINING TIME=         57.60 s
 NC=   18300 T= 4.5750E-01 DT= 2.5000E-05 ERR= -0.0% DM/M= 0.0000E+00
 ELAPSED TIME=          5.80 s  REMAINING TIME=         57.55 s
 NC=   18400 T= 4.6000E-01 DT= 2.5000E-05 ERR= -0.0% DM/M= 0.0000E+00
 ELAPSED TIME=          5.83 s  REMAINING TIME=         57.50 s
 NC=   18500 T= 4.6250E-01 DT= 2.5000E-05 ERR= -0.0% DM/M= 0.0000E+00
 ELAPSED TIME=          5.86 s  REMAINING TIME=         57.51 s
 NC=   18600 T= 4.6500E-01 DT= 2.5000E-05 ERR= -0.0% DM/M= 0.0000E+00
 ELAPSED TIME=          5.89 s  REMAINING TIME=         57.46 s
 NC=   18700 T= 4.6750E-01 DT= 2.5000E-05 ERR= -0.0% DM/M= 0.0000E+00
 ELAPSED TIME=          5.92 s  REMAINING TIME=         57.42 s
 NC=   18800 T= 4.7000E-01 DT= 2.5000E-05 ERR= -0.0% DM/M= 0.0000E+00
 ELAPSED TIME=          5.95 s  REMAINING TIME=         57.37 s
 NC=   18900 T= 4.7250E-01 DT= 2.5000E-05 ERR= -0.0% DM/M= 0.0000E+00
 ELAPSED TIME=          5.99 s  REMAINING TIME=         57.38 s
 NC=   19000 T= 4.7500E-01 DT= 2.5000E-05 ERR= -0.0% DM/M= 0.0000E+00
 ELAPSED TIME=          6.02 s  REMAINING TIME=         57.33 s
 NC=   19100 T= 4.7750E-01 DT= 2.5000E-05 ERR= -0.0% DM/M= 0.0000E+00
 ELAPSED TIME=          6.05 s  REMAINING TIME=         57.29 s
 NC=   19200 T= 4.8000E-01 DT= 2.5000E-05 ERR= -0.0% DM/M= 0.0000E+00
 ELAPSED TIME=          6.08 s  REMAINING TIME=         57.24 s
 NC=   19300 T= 4.8250E-01 DT= 2.5000E-05 ERR= -0.0% DM/M= 0.0000E+00
 ELAPSED TIME=          6.11 s  REMAINING TIME=         57.25 s
 NC=   19400 T= 4.8500E-01 DT= 2.5000E-05 ERR= -0.0% DM/M= 0.0000E+00
 ELAPSED TIME=          6.14 s  REMAINING TIME=         57.21 s
 NC=   19500 T= 4.8750E-01 DT= 2.5000E-05 ERR= -0.0% DM/M= 0.0000E+00
 ELAPSED TIME=          6.18 s  REMAINING TIME=         57.16 s
 NC=   19600 T= 4.9000E-01 DT= 2.5000E-05 ERR= -0.0% DM/M= 0.0000E+00
 ELAPSED TIME=          6.21 s  REMAINING TIME=         57.12 s
 NC=   19700 T= 4.9250E-01 DT= 2.5000E-05 ERR= -0.0% DM/M= 0.0000E+00
 ELAPSED TIME=          6.24 s  REMAINING TIME=         57.13 s
 NC=   19800 T= 4.9500E-01 DT= 2.5000E-05 ERR= -0.0% DM/M= 0.0000E+00
 ELAPSED TIME=          6.27 s  REMAINING TIME=         57.08 s
 NC=   19900 T= 4.9750E-01 DT= 2.5000E-05 ERR= -0.0% DM/M= 0.0000E+00
 ELAPSED TIME=          6.30 s  REMAINING TIME=         57.04 s
 NC=   20000 T= 5.0000E-01 DT= 2.5000E-05 ERR= -0.0% DM/M= 0.0000E+00
 ELAPSED TIME=          6.33 s  REMAINING TIME=         56.99 s
     ANIMATION FILE: I02D_LAP_HALFDT_H025_R5A004 WRITTEN
 NC=   20100 T= 5.0250E-01 DT= 2.5000E-05 ERR= -0.0% DM/M= 0.0000E+00
 ELAPSED TIME=          6.37 s  REMAINING TIME=         57.01 s
 NC=   20200 T= 5.0500E-01 DT= 2.5000E-05 ERR= -0.0% DM/M= 0.0000E+00
 ELAPSED TIME=          6.40 s  REMAINING TIME=         56.97 s
 NC=   20300 T= 5.0750E-01 DT= 2.5000E-05 ERR= -0.0% DM/M= 0.0000E+00
 ELAPSED TIME=          6.43 s  REMAINING TIME=         56.93 s
 NC=   20400 T= 5.1000E-01 DT= 2.5000E-05 ERR= -0.0% DM/M= 0.0000E+00
 ELAPSED TIME=          6.46 s  REMAINING TIME=         56.88 s
 NC=   20500 T= 5.1250E-01 DT= 2.5000E-05 ERR= -0.0% DM/M= 0.0000E+00
 ELAPSED TIME=          6.50 s  REMAINING TIME=         56.89 s
 NC=   20600 T= 5.1500E-01 DT= 2.5000E-05 ERR= -0.0% DM/M= 0.0000E+00
 ELAPSED TIME=          6.53 s  REMAINING TIME=         56.85 s
 NC=   20700 T= 5.1750E-01 DT= 2.5000E-05 ERR= -0.0% DM/M= 0.0000E+00
 ELAPSED TIME=          6.56 s  REMAINING TIME=         56.81 s
 NC=   20800 T= 5.2000E-01 DT= 2.5000E-05 ERR= -0.0% DM/M= 0.0000E+00
 ELAPSED TIME=          6.59 s  REMAINING TIME=         56.76 s
 NC=   20900 T= 5.2250E-01 DT= 2.5000E-05 ERR= -0.0% DM/M= 0.0000E+00
 ELAPSED TIME=          6.62 s  REMAINING TIME=         56.77 s
 NC=   21000 T= 5.2500E-01 DT= 2.5000E-05 ERR= -0.0% DM/M= 0.0000E+00
 ELAPSED TIME=          6.65 s  REMAINING TIME=         56.72 s
 NC=   21100 T= 5.2750E-01 DT= 2.5000E-05 ERR= -0.0% DM/M= 0.0000E+00
 ELAPSED TIME=          6.69 s  REMAINING TIME=         56.68 s
 NC=   21200 T= 5.3000E-01 DT= 2.5000E-05 ERR= -0.0% DM/M= 0.0000E+00
 ELAPSED TIME=          6.72 s  REMAINING TIME=         56.64 s
 NC=   21300 T= 5.3250E-01 DT= 2.5000E-05 ERR= -0.0% DM/M= 0.0000E+00
 ELAPSED TIME=          6.75 s  REMAINING TIME=         56.64 s
 NC=   21400 T= 5.3500E-01 DT= 2.5000E-05 ERR= -0.0% DM/M= 0.0000E+00
 ELAPSED TIME=          6.78 s  REMAINING TIME=         56.60 s
 NC=   21500 T= 5.3750E-01 DT= 2.5000E-05 ERR= -0.0% DM/M= 0.0000E+00
 ELAPSED TIME=          6.81 s  REMAINING TIME=         56.55 s
 NC=   21600 T= 5.4000E-01 DT= 2.5000E-05 ERR= -0.0% DM/M= 0.0000E+00
 ELAPSED TIME=          6.84 s  REMAINING TIME=         56.51 s
 NC=   21700 T= 5.4250E-01 DT= 2.5000E-05 ERR= -0.0% DM/M= 0.0000E+00
 ELAPSED TIME=          6.88 s  REMAINING TIME=         56.51 s
 NC=   21800 T= 5.4500E-01 DT= 2.5000E-05 ERR= -0.0% DM/M= 0.0000E+00
 ELAPSED TIME=          6.91 s  REMAINING TIME=         56.47 s
 NC=   21900 T= 5.4750E-01 DT= 2.5000E-05 ERR= -0.0% DM/M= 0.0000E+00
 ELAPSED TIME=          6.94 s  REMAINING TIME=         56.43 s
 NC=   22000 T= 5.5000E-01 DT= 2.5000E-05 ERR= -0.0% DM/M= 0.0000E+00
 ELAPSED TIME=          6.97 s  REMAINING TIME=         56.38 s
 NC=   22100 T= 5.5250E-01 DT= 2.5000E-05 ERR= -0.0% DM/M= 0.0000E+00
 ELAPSED TIME=          7.00 s  REMAINING TIME=         56.38 s
 NC=   22200 T= 5.5500E-01 DT= 2.5000E-05 ERR= -0.0% DM/M= 0.0000E+00
 ELAPSED TIME=          7.03 s  REMAINING TIME=         56.34 s
 NC=   22300 T= 5.5750E-01 DT= 2.5000E-05 ERR= -0.0% DM/M= 0.0000E+00
 ELAPSED TIME=          7.07 s  REMAINING TIME=         56.30 s
 NC=   22400 T= 5.6000E-01 DT= 2.5000E-05 ERR= -0.0% DM/M= 0.0000E+00
 ELAPSED TIME=          7.10 s  REMAINING TIME=         56.26 s
 NC=   22500 T= 5.6250E-01 DT= 2.5000E-05 ERR= -0.0% DM/M= 0.0000E+00
 ELAPSED TIME=          7.13 s  REMAINING TIME=         56.26 s
 NC=   22600 T= 5.6500E-01 DT= 2.5000E-05 ERR= -0.0% DM/M= 0.0000E+00
 ELAPSED TIME=          7.16 s  REMAINING TIME=         56.22 s
 NC=   22700 T= 5.6750E-01 DT= 2.5000E-05 ERR= -0.0% DM/M= 0.0000E+00
 ELAPSED TIME=          7.19 s  REMAINING TIME=         56.17 s
 NC=   22800 T= 5.7000E-01 DT= 2.5000E-05 ERR= -0.0% DM/M= 0.0000E+00
 ELAPSED TIME=          7.22 s  REMAINING TIME=         56.14 s
 NC=   22900 T= 5.7250E-01 DT= 2.5000E-05 ERR= -0.0% DM/M= 0.0000E+00
 ELAPSED TIME=          7.26 s  REMAINING TIME=         56.14 s
 NC=   23000 T= 5.7500E-01 DT= 2.5000E-05 ERR= -0.0% DM/M= 0.0000E+00
 ELAPSED TIME=          7.29 s  REMAINING TIME=         56.10 s
 NC=   23100 T= 5.7750E-01 DT= 2.5000E-05 ERR= -0.0% DM/M= 0.0000E+00
 ELAPSED TIME=          7.32 s  REMAINING TIME=         56.06 s
 NC=   23200 T= 5.8000E-01 DT= 2.5000E-05 ERR= -0.0% DM/M= 0.0000E+00
 ELAPSED TIME=          7.35 s  REMAINING TIME=         56.02 s
 NC=   23300 T= 5.8250E-01 DT= 2.5000E-05 ERR= -0.0% DM/M= 0.0000E+00
 ELAPSED TIME=          7.39 s  REMAINING TIME=         56.02 s
 NC=   23400 T= 5.8500E-01 DT= 2.5000E-05 ERR= -0.0% DM/M= 0.0000E+00
 ELAPSED TIME=          7.42 s  REMAINING TIME=         55.98 s
 NC=   23500 T= 5.8750E-01 DT= 2.5000E-05 ERR= -0.0% DM/M= 0.0000E+00
 ELAPSED TIME=          7.45 s  REMAINING TIME=         55.94 s
 NC=   23600 T= 5.9000E-01 DT= 2.5000E-05 ERR= -0.0% DM/M= 0.0000E+00
 ELAPSED TIME=          7.48 s  REMAINING TIME=         55.90 s
 NC=   23700 T= 5.9250E-01 DT= 2.5000E-05 ERR= -0.0% DM/M= 0.0000E+00
 ELAPSED TIME=          7.51 s  REMAINING TIME=         55.90 s
 NC=   23800 T= 5.9500E-01 DT= 2.5000E-05 ERR= -0.0% DM/M= 0.0000E+00
 ELAPSED TIME=          7.54 s  REMAINING TIME=         55.86 s
 NC=   23900 T= 5.9750E-01 DT= 2.5000E-05 ERR= -0.0% DM/M= 0.0000E+00
 ELAPSED TIME=          7.58 s  REMAINING TIME=         55.82 s
 NC=   24000 T= 6.0000E-01 DT= 2.5000E-05 ERR= -0.0% DM/M= 0.0000E+00
 ELAPSED TIME=          7.61 s  REMAINING TIME=         55.77 s
 NC=   24100 T= 6.0250E-01 DT= 2.5000E-05 ERR= -0.0% DM/M= 0.0000E+00
 ELAPSED TIME=          7.64 s  REMAINING TIME=         55.77 s
 NC=   24200 T= 6.0500E-01 DT= 2.5000E-05 ERR= -0.0% DM/M= 0.0000E+00
 ELAPSED TIME=          7.67 s  REMAINING TIME=         55.73 s
 NC=   24300 T= 6.0750E-01 DT= 2.5000E-05 ERR= -0.0% DM/M= 0.0000E+00
 ELAPSED TIME=          7.70 s  REMAINING TIME=         55.69 s
 NC=   24400 T= 6.1000E-01 DT= 2.5000E-05 ERR= -0.0% DM/M= 0.0000E+00
 ELAPSED TIME=          7.73 s  REMAINING TIME=         55.65 s
 NC=   24500 T= 6.1250E-01 DT= 2.5000E-05 ERR= -0.0% DM/M= 0.0000E+00
 ELAPSED TIME=          7.77 s  REMAINING TIME=         55.65 s
 NC=   24600 T= 6.1500E-01 DT= 2.5000E-05 ERR= -0.0% DM/M= 0.0000E+00
 ELAPSED TIME=          7.80 s  REMAINING TIME=         55.61 s
 NC=   24700 T= 6.1750E-01 DT= 2.5000E-05 ERR= -0.0% DM/M= 0.0000E+00
 ELAPSED TIME=          7.83 s  REMAINING TIME=         55.57 s
 NC=   24800 T= 6.2000E-01 DT= 2.5000E-05 ERR= -0.0% DM/M= 0.0000E+00
 ELAPSED TIME=          7.86 s  REMAINING TIME=         55.53 s
 NC=   24900 T= 6.2250E-01 DT= 2.5000E-05 ERR= -0.0% DM/M= 0.0000E+00
 ELAPSED TIME=          7.90 s  REMAINING TIME=         55.53 s
 NC=   25000 T= 6.2500E-01 DT= 2.5000E-05 ERR= -0.0% DM/M= 0.0000E+00
 ELAPSED TIME=          7.93 s  REMAINING TIME=         55.49 s
 NC=   25100 T= 6.2750E-01 DT= 2.5000E-05 ERR= -0.0% DM/M= 0.0000E+00
 ELAPSED TIME=          7.96 s  REMAINING TIME=         55.45 s
 NC=   25200 T= 6.3000E-01 DT= 2.5000E-05 ERR= -0.0% DM/M= 0.0000E+00
 ELAPSED TIME=          7.99 s  REMAINING TIME=         55.41 s
 NC=   25300 T= 6.3250E-01 DT= 2.5000E-05 ERR= -0.0% DM/M= 0.0000E+00
 ELAPSED TIME=          8.02 s  REMAINING TIME=         55.41 s
 NC=   25400 T= 6.3500E-01 DT= 2.5000E-05 ERR= -0.0% DM/M= 0.0000E+00
 ELAPSED TIME=          8.05 s  REMAINING TIME=         55.37 s
 NC=   25500 T= 6.3750E-01 DT= 2.5000E-05 ERR= -0.0% DM/M= 0.0000E+00
 ELAPSED TIME=          8.09 s  REMAINING TIME=         55.33 s
 NC=   25600 T= 6.4000E-01 DT= 2.5000E-05 ERR= -0.0% DM/M= 0.0000E+00
 ELAPSED TIME=          8.12 s  REMAINING TIME=         55.29 s
 NC=   25700 T= 6.4250E-01 DT= 2.5000E-05 ERR= -0.0% DM/M= 0.0000E+00
 ELAPSED TIME=          8.15 s  REMAINING TIME=         55.28 s
 NC=   25800 T= 6.4500E-01 DT= 2.5000E-05 ERR= -0.0% DM/M= 0.0000E+00
 ELAPSED TIME=          8.18 s  REMAINING TIME=         55.25 s
 NC=   25900 T= 6.4750E-01 DT= 2.5000E-05 ERR= -0.0% DM/M= 0.0000E+00
 ELAPSED TIME=          8.21 s  REMAINING TIME=         55.21 s
 NC=   26000 T= 6.5000E-01 DT= 2.5000E-05 ERR= -0.0% DM/M= 0.0000E+00
 ELAPSED TIME=          8.24 s  REMAINING TIME=         55.17 s
 NC=   26100 T= 6.5250E-01 DT= 2.5000E-05 ERR= -0.0% DM/M= 0.0000E+00
 ELAPSED TIME=          8.28 s  REMAINING TIME=         55.16 s
 NC=   26200 T= 6.5500E-01 DT= 2.5000E-05 ERR= -0.0% DM/M= 0.0000E+00
 ELAPSED TIME=          8.31 s  REMAINING TIME=         55.13 s
 NC=   26300 T= 6.5750E-01 DT= 2.5000E-05 ERR= -0.0% DM/M= 0.0000E+00
 ELAPSED TIME=          8.34 s  REMAINING TIME=         55.09 s
 NC=   26400 T= 6.6000E-01 DT= 2.5000E-05 ERR= -0.0% DM/M= 0.0000E+00
 ELAPSED TIME=          8.37 s  REMAINING TIME=         55.05 s
 NC=   26500 T= 6.6250E-01 DT= 2.5000E-05 ERR= -0.0% DM/M= 0.0000E+00
 ELAPSED TIME=          8.41 s  REMAINING TIME=         55.04 s
 NC=   26600 T= 6.6500E-01 DT= 2.5000E-05 ERR= -0.0% DM/M= 0.0000E+00
 ELAPSED TIME=          8.44 s  REMAINING TIME=         55.00 s
     ANIMATION FILE: I02D_LAP_HALFDT_H025_R5A005 WRITTEN
 NC=   26700 T= 6.6750E-01 DT= 2.5000E-05 ERR= -0.0% DM/M= 0.0000E+00
 ELAPSED TIME=          8.47 s  REMAINING TIME=         54.98 s
 NC=   26800 T= 6.7000E-01 DT= 2.5000E-05 ERR= -0.0% DM/M= 0.0000E+00
 ELAPSED TIME=          8.50 s  REMAINING TIME=         54.94 s
 NC=   26900 T= 6.7250E-01 DT= 2.5000E-05 ERR= -0.0% DM/M= 0.0000E+00
 ELAPSED TIME=          8.54 s  REMAINING TIME=         54.93 s
 NC=   27000 T= 6.7500E-01 DT= 2.5000E-05 ERR= -0.0% DM/M= 0.0000E+00
 ELAPSED TIME=          8.57 s  REMAINING TIME=         54.90 s
 NC=   27100 T= 6.7750E-01 DT= 2.5000E-05 ERR= -0.0% DM/M= 0.0000E+00
 ELAPSED TIME=          8.60 s  REMAINING TIME=         54.86 s
 NC=   27200 T= 6.8000E-01 DT= 2.5000E-05 ERR= -0.0% DM/M= 0.0000E+00
 ELAPSED TIME=          8.63 s  REMAINING TIME=         54.82 s
 NC=   27300 T= 6.8250E-01 DT= 2.5000E-05 ERR= -0.0% DM/M= 0.0000E+00
 ELAPSED TIME=          8.66 s  REMAINING TIME=         54.81 s
 NC=   27400 T= 6.8500E-01 DT= 2.5000E-05 ERR= -0.0% DM/M= 0.0000E+00
 ELAPSED TIME=          8.70 s  REMAINING TIME=         54.78 s
 NC=   27500 T= 6.8750E-01 DT= 2.5000E-05 ERR= -0.0% DM/M= 0.0000E+00
 ELAPSED TIME=          8.73 s  REMAINING TIME=         54.74 s
 NC=   27600 T= 6.9000E-01 DT= 2.5000E-05 ERR= -0.0% DM/M= 0.0000E+00
 ELAPSED TIME=          8.76 s  REMAINING TIME=         54.70 s
 NC=   27700 T= 6.9250E-01 DT= 2.5000E-05 ERR= -0.0% DM/M= 0.0000E+00
 ELAPSED TIME=          8.79 s  REMAINING TIME=         54.70 s
 NC=   27800 T= 6.9500E-01 DT= 2.5000E-05 ERR= -0.0% DM/M= 0.0000E+00
 ELAPSED TIME=          8.82 s  REMAINING TIME=         54.66 s
 NC=   27900 T= 6.9750E-01 DT= 2.5000E-05 ERR= -0.0% DM/M= 0.0000E+00
 ELAPSED TIME=          8.85 s  REMAINING TIME=         54.62 s
 NC=   28000 T= 7.0000E-01 DT= 2.5000E-05 ERR= -0.0% DM/M= 0.0000E+00
 ELAPSED TIME=          8.89 s  REMAINING TIME=         54.58 s
 NC=   28100 T= 7.0250E-01 DT= 2.5000E-05 ERR= -0.0% DM/M= 0.0000E+00
 ELAPSED TIME=          8.92 s  REMAINING TIME=         54.58 s
 NC=   28200 T= 7.0500E-01 DT= 2.5000E-05 ERR= -0.0% DM/M= 0.0000E+00
 ELAPSED TIME=          8.95 s  REMAINING TIME=         54.54 s
 NC=   28300 T= 7.0750E-01 DT= 2.5000E-05 ERR= -0.0% DM/M= 0.0000E+00
 ELAPSED TIME=          8.98 s  REMAINING TIME=         54.50 s
 NC=   28400 T= 7.1000E-01 DT= 2.5000E-05 ERR= -0.0% DM/M= 0.0000E+00
 ELAPSED TIME=          9.01 s  REMAINING TIME=         54.46 s
 NC=   28500 T= 7.1250E-01 DT= 2.5000E-05 ERR= -0.0% DM/M= 0.0000E+00
 ELAPSED TIME=          9.05 s  REMAINING TIME=         54.46 s
 NC=   28600 T= 7.1500E-01 DT= 2.5000E-05 ERR= -0.0% DM/M= 0.0000E+00
 ELAPSED TIME=          9.08 s  REMAINING TIME=         54.42 s
 NC=   28700 T= 7.1750E-01 DT= 2.5000E-05 ERR= -0.0% DM/M= 0.0000E+00
 ELAPSED TIME=          9.11 s  REMAINING TIME=         54.38 s
 NC=   28800 T= 7.2000E-01 DT= 2.5000E-05 ERR= -0.0% DM/M= 0.0000E+00
 ELAPSED TIME=          9.14 s  REMAINING TIME=         54.35 s
 NC=   28900 T= 7.2250E-01 DT= 2.5000E-05 ERR= -0.0% DM/M= 0.0000E+00
 ELAPSED TIME=          9.18 s  REMAINING TIME=         54.34 s
 NC=   29000 T= 7.2500E-01 DT= 2.5000E-05 ERR= -0.0% DM/M= 0.0000E+00
 ELAPSED TIME=          9.21 s  REMAINING TIME=         54.30 s
 NC=   29100 T= 7.2750E-01 DT= 2.5000E-05 ERR= -0.0% DM/M= 0.0000E+00
 ELAPSED TIME=          9.24 s  REMAINING TIME=         54.27 s
 NC=   29200 T= 7.3000E-01 DT= 2.5000E-05 ERR= -0.0% DM/M= 0.0000E+00
 ELAPSED TIME=          9.27 s  REMAINING TIME=         54.25 s
 NC=   29300 T= 7.3250E-01 DT= 2.5000E-05 ERR= -0.0% DM/M= 0.0000E+00
 ELAPSED TIME=          9.31 s  REMAINING TIME=         54.26 s
 NC=   29400 T= 7.3500E-01 DT= 2.5000E-05 ERR= -0.0% DM/M= 0.0000E+00
 ELAPSED TIME=          9.34 s  REMAINING TIME=         54.22 s
 NC=   29500 T= 7.3750E-01 DT= 2.5000E-05 ERR= -0.0% DM/M= 0.0000E+00
 ELAPSED TIME=          9.37 s  REMAINING TIME=         54.18 s
 NC=   29600 T= 7.4000E-01 DT= 2.5000E-05 ERR= -0.0% DM/M= 0.0000E+00
 ELAPSED TIME=          9.41 s  REMAINING TIME=         54.14 s
 NC=   29700 T= 7.4250E-01 DT= 2.5000E-05 ERR= -0.0% DM/M= 0.0000E+00
 ELAPSED TIME=          9.44 s  REMAINING TIME=         54.14 s
 NC=   29800 T= 7.4500E-01 DT= 2.5000E-05 ERR= -0.0% DM/M= 0.0000E+00
 ELAPSED TIME=          9.47 s  REMAINING TIME=         54.10 s
 NC=   29900 T= 7.4750E-01 DT= 2.5000E-05 ERR= -0.0% DM/M= 0.0000E+00
 ELAPSED TIME=          9.50 s  REMAINING TIME=         54.06 s
 NC=   30000 T= 7.5000E-01 DT= 2.5000E-05 ERR= -0.0% DM/M= 0.0000E+00
 ELAPSED TIME=          9.53 s  REMAINING TIME=         54.03 s
 NC=   30100 T= 7.5250E-01 DT= 2.5000E-05 ERR= -0.0% DM/M= 0.0000E+00
 ELAPSED TIME=          9.58 s  REMAINING TIME=         54.07 s
 NC=   30200 T= 7.5500E-01 DT= 2.5000E-05 ERR= -0.0% DM/M= 0.0000E+00
 ELAPSED TIME=          9.62 s  REMAINING TIME=         54.11 s
 NC=   30300 T= 7.5750E-01 DT= 2.5000E-05 ERR= -0.0% DM/M= 0.0000E+00
 ELAPSED TIME=          9.67 s  REMAINING TIME=         54.15 s
 NC=   30400 T= 7.6000E-01 DT= 2.5000E-05 ERR= -0.0% DM/M= 0.0000E+00
 ELAPSED TIME=          9.71 s  REMAINING TIME=         54.20 s
 NC=   30500 T= 7.6250E-01 DT= 2.5000E-05 ERR= -0.0% DM/M= 0.0000E+00
 ELAPSED TIME=          9.76 s  REMAINING TIME=         54.22 s
 NC=   30600 T= 7.6500E-01 DT= 2.5000E-05 ERR= -0.0% DM/M= 0.0000E+00
 ELAPSED TIME=          9.79 s  REMAINING TIME=         54.21 s
 NC=   30700 T= 7.6750E-01 DT= 2.5000E-05 ERR= -0.0% DM/M= 0.0000E+00
 ELAPSED TIME=          9.82 s  REMAINING TIME=         54.17 s
 NC=   30800 T= 7.7000E-01 DT= 2.5000E-05 ERR= -0.0% DM/M= 0.0000E+00
 ELAPSED TIME=          9.85 s  REMAINING TIME=         54.14 s
 NC=   30900 T= 7.7250E-01 DT= 2.5000E-05 ERR= -0.0% DM/M= 0.0000E+00
 ELAPSED TIME=          9.89 s  REMAINING TIME=         54.13 s
 NC=   31000 T= 7.7500E-01 DT= 2.5000E-05 ERR= -0.0% DM/M= 0.0000E+00
 ELAPSED TIME=          9.92 s  REMAINING TIME=         54.09 s
 NC=   31100 T= 7.7750E-01 DT= 2.5000E-05 ERR= -0.0% DM/M= 0.0000E+00
 ELAPSED TIME=          9.95 s  REMAINING TIME=         54.05 s
 NC=   31200 T= 7.8000E-01 DT= 2.5000E-05 ERR= -0.0% DM/M= 0.0000E+00
 ELAPSED TIME=          9.98 s  REMAINING TIME=         54.01 s
 NC=   31300 T= 7.8250E-01 DT= 2.5000E-05 ERR= -0.0% DM/M= 0.0000E+00
 ELAPSED TIME=         10.02 s  REMAINING TIME=         54.01 s
 NC=   31400 T= 7.8500E-01 DT= 2.5000E-05 ERR= -0.0% DM/M= 0.0000E+00
 ELAPSED TIME=         10.05 s  REMAINING TIME=         53.97 s
 NC=   31500 T= 7.8750E-01 DT= 2.5000E-05 ERR= -0.0% DM/M= 0.0000E+00
 ELAPSED TIME=         10.08 s  REMAINING TIME=         53.93 s
 NC=   31600 T= 7.9000E-01 DT= 2.5000E-05 ERR= -0.0% DM/M= 0.0000E+00
 ELAPSED TIME=         10.11 s  REMAINING TIME=         53.89 s
 NC=   31700 T= 7.9250E-01 DT= 2.5000E-05 ERR= -0.0% DM/M= 0.0000E+00
 ELAPSED TIME=         10.15 s  REMAINING TIME=         53.88 s
 NC=   31800 T= 7.9500E-01 DT= 2.5000E-05 ERR= -0.0% DM/M= 0.0000E+00
 ELAPSED TIME=         10.18 s  REMAINING TIME=         53.85 s
 NC=   31900 T= 7.9750E-01 DT= 2.5000E-05 ERR= -0.0% DM/M= 0.0000E+00
 ELAPSED TIME=         10.21 s  REMAINING TIME=         53.81 s
 NC=   32000 T= 8.0000E-01 DT= 2.5000E-05 ERR= -0.0% DM/M= 0.0000E+00
 ELAPSED TIME=         10.24 s  REMAINING TIME=         53.77 s
 NC=   32100 T= 8.0250E-01 DT= 2.5000E-05 ERR= -0.0% DM/M= 0.0000E+00
 ELAPSED TIME=         10.28 s  REMAINING TIME=         53.76 s
 NC=   32200 T= 8.0500E-01 DT= 2.5000E-05 ERR= -0.0% DM/M= 0.0000E+00
 ELAPSED TIME=         10.31 s  REMAINING TIME=         53.73 s
 NC=   32300 T= 8.0750E-01 DT= 2.5000E-05 ERR= -0.0% DM/M= 0.0000E+00
 ELAPSED TIME=         10.34 s  REMAINING TIME=         53.69 s
 NC=   32400 T= 8.1000E-01 DT= 2.5000E-05 ERR= -0.0% DM/M= 0.0000E+00
 ELAPSED TIME=         10.37 s  REMAINING TIME=         53.65 s
 NC=   32500 T= 8.1250E-01 DT= 2.5000E-05 ERR= -0.0% DM/M= 0.0000E+00
 ELAPSED TIME=         10.41 s  REMAINING TIME=         53.65 s
 NC=   32600 T= 8.1500E-01 DT= 2.5000E-05 ERR= -0.0% DM/M= 0.0000E+00
 ELAPSED TIME=         10.44 s  REMAINING TIME=         53.61 s
 NC=   32700 T= 8.1750E-01 DT= 2.5000E-05 ERR= -0.0% DM/M= 0.0000E+00
 ELAPSED TIME=         10.47 s  REMAINING TIME=         53.58 s
 NC=   32800 T= 8.2000E-01 DT= 2.5000E-05 ERR= -0.0% DM/M= 0.0000E+00
 ELAPSED TIME=         10.50 s  REMAINING TIME=         53.54 s
 NC=   32900 T= 8.2250E-01 DT= 2.5000E-05 ERR= -0.0% DM/M= 0.0000E+00
 ELAPSED TIME=         10.54 s  REMAINING TIME=         53.54 s
 NC=   33000 T= 8.2500E-01 DT= 2.5000E-05 ERR= -0.0% DM/M= 0.0000E+00
 ELAPSED TIME=         10.57 s  REMAINING TIME=         53.51 s
 NC=   33100 T= 8.2750E-01 DT= 2.5000E-05 ERR= -0.0% DM/M= 0.0000E+00
 ELAPSED TIME=         10.60 s  REMAINING TIME=         53.47 s
 NC=   33200 T= 8.3000E-01 DT= 2.5000E-05 ERR= -0.0% DM/M= 0.0000E+00
 ELAPSED TIME=         10.64 s  REMAINING TIME=         53.44 s
 NC=   33300 T= 8.3250E-01 DT= 2.5000E-05 ERR= -0.0% DM/M= 0.0000E+00
 ELAPSED TIME=         10.67 s  REMAINING TIME=         53.43 s
     ANIMATION FILE: I02D_LAP_HALFDT_H025_R5A006 WRITTEN
 NC=   33400 T= 8.3500E-01 DT= 2.5000E-05 ERR= -0.0% DM/M= 0.0000E+00
 ELAPSED TIME=         10.71 s  REMAINING TIME=         53.40 s
 NC=   33500 T= 8.3750E-01 DT= 2.5000E-05 ERR= -0.0% DM/M= 0.0000E+00
 ELAPSED TIME=         10.74 s  REMAINING TIME=         53.36 s
 NC=   33600 T= 8.4000E-01 DT= 2.5000E-05 ERR= -0.0% DM/M= 0.0000E+00
 ELAPSED TIME=         10.77 s  REMAINING TIME=         53.33 s
 NC=   33700 T= 8.4250E-01 DT= 2.5000E-05 ERR= -0.0% DM/M= 0.0000E+00
 ELAPSED TIME=         10.80 s  REMAINING TIME=         53.31 s
 NC=   33800 T= 8.4500E-01 DT= 2.5000E-05 ERR= -0.0% DM/M= 0.0000E+00
 ELAPSED TIME=         10.84 s  REMAINING TIME=         53.28 s
 NC=   33900 T= 8.4750E-01 DT= 2.5000E-05 ERR= -0.0% DM/M= 0.0000E+00
 ELAPSED TIME=         10.87 s  REMAINING TIME=         53.24 s
 NC=   34000 T= 8.5000E-01 DT= 2.5000E-05 ERR= -0.0% DM/M= 0.0000E+00
 ELAPSED TIME=         10.90 s  REMAINING TIME=         53.20 s
 NC=   34100 T= 8.5250E-01 DT= 2.5000E-05 ERR= -0.0% DM/M= 0.0000E+00
 ELAPSED TIME=         10.93 s  REMAINING TIME=         53.19 s
 NC=   34200 T= 8.5500E-01 DT= 2.5000E-05 ERR= -0.0% DM/M= 0.0000E+00
 ELAPSED TIME=         10.96 s  REMAINING TIME=         53.15 s
 NC=   34300 T= 8.5750E-01 DT= 2.5000E-05 ERR= -0.0% DM/M= 0.0000E+00
 ELAPSED TIME=         10.99 s  REMAINING TIME=         53.11 s
 NC=   34400 T= 8.6000E-01 DT= 2.5000E-05 ERR= -0.0% DM/M= 0.0000E+00
 ELAPSED TIME=         11.03 s  REMAINING TIME=         53.08 s
 NC=   34500 T= 8.6250E-01 DT= 2.5000E-05 ERR= -0.0% DM/M= 0.0000E+00
 ELAPSED TIME=         11.06 s  REMAINING TIME=         53.07 s
 NC=   34600 T= 8.6500E-01 DT= 2.5000E-05 ERR= -0.0% DM/M= 0.0000E+00
 ELAPSED TIME=         11.09 s  REMAINING TIME=         53.03 s
 NC=   34700 T= 8.6750E-01 DT= 2.5000E-05 ERR= -0.0% DM/M= 0.0000E+00
 ELAPSED TIME=         11.12 s  REMAINING TIME=         52.99 s
 NC=   34800 T= 8.7000E-01 DT= 2.5000E-05 ERR= -0.0% DM/M= 0.0000E+00
 ELAPSED TIME=         11.15 s  REMAINING TIME=         52.95 s
 NC=   34900 T= 8.7250E-01 DT= 2.5000E-05 ERR= -0.0% DM/M= 0.0000E+00
 ELAPSED TIME=         11.19 s  REMAINING TIME=         52.94 s
 NC=   35000 T= 8.7500E-01 DT= 2.5000E-05 ERR= -0.0% DM/M= 0.0000E+00
 ELAPSED TIME=         11.22 s  REMAINING TIME=         52.90 s
 NC=   35100 T= 8.7750E-01 DT= 2.5000E-05 ERR= -0.0% DM/M= 0.0000E+00
 ELAPSED TIME=         11.25 s  REMAINING TIME=         52.87 s
 NC=   35200 T= 8.8000E-01 DT= 2.5000E-05 ERR= -0.0% DM/M= 0.0000E+00
 ELAPSED TIME=         11.28 s  REMAINING TIME=         52.83 s
 NC=   35300 T= 8.8250E-01 DT= 2.5000E-05 ERR= -0.0% DM/M= 0.0000E+00
 ELAPSED TIME=         11.32 s  REMAINING TIME=         52.82 s
 NC=   35400 T= 8.8500E-01 DT= 2.5000E-05 ERR= -0.0% DM/M= 0.0000E+00
 ELAPSED TIME=         11.35 s  REMAINING TIME=         52.78 s
 NC=   35500 T= 8.8750E-01 DT= 2.5000E-05 ERR= -0.0% DM/M= 0.0000E+00
 ELAPSED TIME=         11.38 s  REMAINING TIME=         52.74 s
 NC=   35600 T= 8.9000E-01 DT= 2.5000E-05 ERR= -0.0% DM/M= 0.0000E+00
 ELAPSED TIME=         11.41 s  REMAINING TIME=         52.70 s
 NC=   35700 T= 8.9250E-01 DT= 2.5000E-05 ERR= -0.0% DM/M= 0.0000E+00
 ELAPSED TIME=         11.45 s  REMAINING TIME=         52.69 s
 NC=   35800 T= 8.9500E-01 DT= 2.5000E-05 ERR= -0.0% DM/M= 0.0000E+00
 ELAPSED TIME=         11.48 s  REMAINING TIME=         52.65 s
 NC=   35900 T= 8.9750E-01 DT= 2.5000E-05 ERR= -0.0% DM/M= 0.0000E+00
 ELAPSED TIME=         11.51 s  REMAINING TIME=         52.61 s
 NC=   36000 T= 9.0000E-01 DT= 2.5000E-05 ERR= -0.0% DM/M= 0.0000E+00
 ELAPSED TIME=         11.54 s  REMAINING TIME=         52.57 s
 NC=   36100 T= 9.0250E-01 DT= 2.5000E-05 ERR= -0.0% DM/M= 0.0000E+00
 ELAPSED TIME=         11.58 s  REMAINING TIME=         52.56 s
 NC=   36200 T= 9.0500E-01 DT= 2.5000E-05 ERR= -0.0% DM/M= 0.0000E+00
 ELAPSED TIME=         11.61 s  REMAINING TIME=         52.52 s
 NC=   36300 T= 9.0750E-01 DT= 2.5000E-05 ERR= -0.0% DM/M= 0.0000E+00
 ELAPSED TIME=         11.64 s  REMAINING TIME=         52.48 s
 NC=   36400 T= 9.1000E-01 DT= 2.5000E-05 ERR= -0.0% DM/M= 0.0000E+00
 ELAPSED TIME=         11.67 s  REMAINING TIME=         52.44 s
 NC=   36500 T= 9.1250E-01 DT= 2.5000E-05 ERR= -0.0% DM/M= 0.0000E+00
 ELAPSED TIME=         11.70 s  REMAINING TIME=         52.43 s
 NC=   36600 T= 9.1500E-01 DT= 2.5000E-05 ERR= -0.0% DM/M= 0.0000E+00
 ELAPSED TIME=         11.73 s  REMAINING TIME=         52.39 s
 NC=   36700 T= 9.1750E-01 DT= 2.5000E-05 ERR= -0.0% DM/M= 0.0000E+00
 ELAPSED TIME=         11.76 s  REMAINING TIME=         52.35 s
 NC=   36800 T= 9.2000E-01 DT= 2.5000E-05 ERR= -0.0% DM/M= 0.0000E+00
 ELAPSED TIME=         11.80 s  REMAINING TIME=         52.31 s
 NC=   36900 T= 9.2250E-01 DT= 2.5000E-05 ERR= -0.0% DM/M= 0.0000E+00
 ELAPSED TIME=         11.83 s  REMAINING TIME=         52.30 s
 NC=   37000 T= 9.2500E-01 DT= 2.5000E-05 ERR= -0.0% DM/M= 0.0000E+00
 ELAPSED TIME=         11.86 s  REMAINING TIME=         52.26 s
 NC=   37100 T= 9.2750E-01 DT= 2.5000E-05 ERR= -0.0% DM/M= 0.0000E+00
 ELAPSED TIME=         11.89 s  REMAINING TIME=         52.22 s
 NC=   37200 T= 9.3000E-01 DT= 2.5000E-05 ERR= -0.0% DM/M= 0.0000E+00
 ELAPSED TIME=         11.92 s  REMAINING TIME=         52.18 s
 NC=   37300 T= 9.3250E-01 DT= 2.5000E-05 ERR= -0.0% DM/M= 0.0000E+00
 ELAPSED TIME=         11.96 s  REMAINING TIME=         52.16 s
 NC=   37400 T= 9.3500E-01 DT= 2.5000E-05 ERR= -0.0% DM/M= 0.0000E+00
 ELAPSED TIME=         11.99 s  REMAINING TIME=         52.12 s
 NC=   37500 T= 9.3750E-01 DT= 2.5000E-05 ERR= -0.0% DM/M= 0.0000E+00
 ELAPSED TIME=         12.02 s  REMAINING TIME=         52.08 s
 NC=   37600 T= 9.4000E-01 DT= 2.5000E-05 ERR= -0.0% DM/M= 0.0000E+00
 ELAPSED TIME=         12.05 s  REMAINING TIME=         52.04 s
 NC=   37700 T= 9.4250E-01 DT= 2.5000E-05 ERR= -0.0% DM/M= 0.0000E+00
 ELAPSED TIME=         12.08 s  REMAINING TIME=         52.03 s
 NC=   37800 T= 9.4500E-01 DT= 2.5000E-05 ERR= -0.0% DM/M= 0.0000E+00
 ELAPSED TIME=         12.11 s  REMAINING TIME=         51.99 s
 NC=   37900 T= 9.4750E-01 DT= 2.5000E-05 ERR= -0.0% DM/M= 0.0000E+00
 ELAPSED TIME=         12.15 s  REMAINING TIME=         51.94 s
 NC=   38000 T= 9.5000E-01 DT= 2.5000E-05 ERR= -0.0% DM/M= 0.0000E+00
 ELAPSED TIME=         12.18 s  REMAINING TIME=         51.90 s
 NC=   38100 T= 9.5250E-01 DT= 2.5000E-05 ERR= -0.0% DM/M= 0.0000E+00
 ELAPSED TIME=         12.21 s  REMAINING TIME=         51.89 s
 NC=   38200 T= 9.5500E-01 DT= 2.5000E-05 ERR= -0.0% DM/M= 0.0000E+00
 ELAPSED TIME=         12.24 s  REMAINING TIME=         51.85 s
 NC=   38300 T= 9.5750E-01 DT= 2.5000E-05 ERR= -0.0% DM/M= 0.0000E+00
 ELAPSED TIME=         12.27 s  REMAINING TIME=         51.81 s
 NC=   38400 T= 9.6000E-01 DT= 2.5000E-05 ERR= -0.0% DM/M= 0.0000E+00
 ELAPSED TIME=         12.30 s  REMAINING TIME=         51.77 s
 NC=   38500 T= 9.6250E-01 DT= 2.5000E-05 ERR= -0.0% DM/M= 0.0000E+00
 ELAPSED TIME=         12.34 s  REMAINING TIME=         51.75 s
 NC=   38600 T= 9.6500E-01 DT= 2.5000E-05 ERR= -0.0% DM/M= 0.0000E+00
 ELAPSED TIME=         12.37 s  REMAINING TIME=         51.71 s
 NC=   38700 T= 9.6750E-01 DT= 2.5000E-05 ERR= -0.0% DM/M= 0.0000E+00
 ELAPSED TIME=         12.40 s  REMAINING TIME=         51.68 s
 NC=   38800 T= 9.7000E-01 DT= 2.5000E-05 ERR= -0.0% DM/M= 0.0000E+00
 ELAPSED TIME=         12.43 s  REMAINING TIME=         51.64 s
 NC=   38900 T= 9.7250E-01 DT= 2.5000E-05 ERR= -0.0% DM/M= 0.0000E+00
 ELAPSED TIME=         12.46 s  REMAINING TIME=         51.62 s
 NC=   39000 T= 9.7500E-01 DT= 2.5000E-05 ERR= -0.0% DM/M= 0.0000E+00
 ELAPSED TIME=         12.49 s  REMAINING TIME=         51.58 s
 NC=   39100 T= 9.7750E-01 DT= 2.5000E-05 ERR= -0.0% DM/M= 0.0000E+00
 ELAPSED TIME=         12.52 s  REMAINING TIME=         51.54 s
 NC=   39200 T= 9.8000E-01 DT= 2.5000E-05 ERR= -0.0% DM/M= 0.0000E+00
 ELAPSED TIME=         12.55 s  REMAINING TIME=         51.50 s
 NC=   39300 T= 9.8250E-01 DT= 2.5000E-05 ERR= -0.0% DM/M= 0.0000E+00
 ELAPSED TIME=         12.59 s  REMAINING TIME=         51.48 s
 NC=   39400 T= 9.8500E-01 DT= 2.5000E-05 ERR= -0.0% DM/M= 0.0000E+00
 ELAPSED TIME=         12.62 s  REMAINING TIME=         51.44 s
 NC=   39500 T= 9.8750E-01 DT= 2.5000E-05 ERR= -0.0% DM/M= 0.0000E+00
 ELAPSED TIME=         12.65 s  REMAINING TIME=         51.40 s
 NC=   39600 T= 9.9000E-01 DT= 2.5000E-05 ERR= -0.0% DM/M= 0.0000E+00
 ELAPSED TIME=         12.68 s  REMAINING TIME=         51.36 s
 NC=   39700 T= 9.9250E-01 DT= 2.5000E-05 ERR= -0.0% DM/M= 0.0000E+00
 ELAPSED TIME=         12.72 s  REMAINING TIME=         51.34 s
 NC=   39800 T= 9.9500E-01 DT= 2.5000E-05 ERR= -0.0% DM/M= 0.0000E+00
 ELAPSED TIME=         12.75 s  REMAINING TIME=         51.30 s
 NC=   39900 T= 9.9750E-01 DT= 2.5000E-05 ERR= -0.0% DM/M= 0.0000E+00
 ELAPSED TIME=         12.78 s  REMAINING TIME=         51.26 s
 NC=   40000 T= 1.0000E+00 DT= 2.5000E-05 ERR= -0.0% DM/M= 0.0000E+00
 ELAPSED TIME=         12.81 s  REMAINING TIME=         51.22 s
     ANIMATION FILE: I02D_LAP_HALFDT_H025_R5A007 WRITTEN
 NC=   40100 T= 1.0025E+00 DT= 2.5000E-05 ERR= -0.0% DM/M= 0.0000E+00
 ELAPSED TIME=         12.84 s  REMAINING TIME=         51.21 s
 NC=   40200 T= 1.0050E+00 DT= 2.5000E-05 ERR= -0.0% DM/M= 0.0000E+00
 ELAPSED TIME=         12.87 s  REMAINING TIME=         51.17 s
 NC=   40300 T= 1.0075E+00 DT= 2.5000E-05 ERR= -0.0% DM/M= 0.0000E+00
 ELAPSED TIME=         12.90 s  REMAINING TIME=         51.13 s
 NC=   40400 T= 1.0100E+00 DT= 2.5000E-05 ERR= -0.0% DM/M= 0.0000E+00
 ELAPSED TIME=         12.93 s  REMAINING TIME=         51.09 s
 NC=   40500 T= 1.0125E+00 DT= 2.5000E-05 ERR= -0.0% DM/M= 0.0000E+00
 ELAPSED TIME=         12.97 s  REMAINING TIME=         51.07 s
 NC=   40600 T= 1.0150E+00 DT= 2.5000E-05 ERR= -0.0% DM/M= 0.0000E+00
 ELAPSED TIME=         13.00 s  REMAINING TIME=         51.03 s
 NC=   40700 T= 1.0175E+00 DT= 2.5000E-05 ERR= -0.0% DM/M= 0.0000E+00
 ELAPSED TIME=         13.03 s  REMAINING TIME=         50.99 s
 NC=   40800 T= 1.0200E+00 DT= 2.5000E-05 ERR= -0.0% DM/M= 0.0000E+00
 ELAPSED TIME=         13.06 s  REMAINING TIME=         50.95 s
 NC=   40900 T= 1.0225E+00 DT= 2.5000E-05 ERR= -0.0% DM/M= 0.0000E+00
 ELAPSED TIME=         13.09 s  REMAINING TIME=         50.93 s
 NC=   41000 T= 1.0250E+00 DT= 2.5000E-05 ERR= -0.0% DM/M= 0.0000E+00
 ELAPSED TIME=         13.12 s  REMAINING TIME=         50.89 s
 NC=   41100 T= 1.0275E+00 DT= 2.5000E-05 ERR= -0.0% DM/M= 0.0000E+00
 ELAPSED TIME=         13.15 s  REMAINING TIME=         50.85 s
 NC=   41200 T= 1.0300E+00 DT= 2.5000E-05 ERR= -0.0% DM/M= 0.0000E+00
 ELAPSED TIME=         13.18 s  REMAINING TIME=         50.81 s
 NC=   41300 T= 1.0325E+00 DT= 2.5000E-05 ERR= -0.0% DM/M= 0.0000E+00
 ELAPSED TIME=         13.22 s  REMAINING TIME=         50.79 s
 NC=   41400 T= 1.0350E+00 DT= 2.5000E-05 ERR= -0.0% DM/M= 0.0000E+00
 ELAPSED TIME=         13.25 s  REMAINING TIME=         50.75 s
 NC=   41500 T= 1.0375E+00 DT= 2.5000E-05 ERR= -0.0% DM/M= 0.0000E+00
 ELAPSED TIME=         13.28 s  REMAINING TIME=         50.71 s
 NC=   41600 T= 1.0400E+00 DT= 2.5000E-05 ERR= -0.0% DM/M= 0.0000E+00
 ELAPSED TIME=         13.31 s  REMAINING TIME=         50.67 s
 NC=   41700 T= 1.0425E+00 DT= 2.5000E-05 ERR= -0.0% DM/M= 0.0000E+00
 ELAPSED TIME=         13.34 s  REMAINING TIME=         50.65 s
 NC=   41800 T= 1.0450E+00 DT= 2.5000E-05 ERR= -0.0% DM/M= 0.0000E+00
 ELAPSED TIME=         13.37 s  REMAINING TIME=         50.61 s
 NC=   41900 T= 1.0475E+00 DT= 2.5000E-05 ERR= -0.0% DM/M= 0.0000E+00
 ELAPSED TIME=         13.40 s  REMAINING TIME=         50.57 s
 NC=   42000 T= 1.0500E+00 DT= 2.5000E-05 ERR= -0.0% DM/M= 0.0000E+00
 ELAPSED TIME=         13.43 s  REMAINING TIME=         50.53 s
 NC=   42100 T= 1.0525E+00 DT= 2.5000E-05 ERR= -0.0% DM/M= 0.0000E+00
 ELAPSED TIME=         13.47 s  REMAINING TIME=         50.51 s
 NC=   42200 T= 1.0550E+00 DT= 2.5000E-05 ERR=  0.0% DM/M= 0.0000E+00
 ELAPSED TIME=         13.50 s  REMAINING TIME=         50.47 s
 NC=   42300 T= 1.0575E+00 DT= 2.5000E-05 ERR=  0.0% DM/M= 0.0000E+00
 ELAPSED TIME=         13.53 s  REMAINING TIME=         50.42 s
 NC=   42400 T= 1.0600E+00 DT= 2.5000E-05 ERR=  0.0% DM/M= 0.0000E+00
 ELAPSED TIME=         13.56 s  REMAINING TIME=         50.38 s
 NC=   42500 T= 1.0625E+00 DT= 2.5000E-05 ERR=  0.0% DM/M= 0.0000E+00
 ELAPSED TIME=         13.59 s  REMAINING TIME=         50.36 s
 NC=   42600 T= 1.0650E+00 DT= 2.5000E-05 ERR=  0.0% DM/M= 0.0000E+00
 ELAPSED TIME=         13.62 s  REMAINING TIME=         50.32 s
 NC=   42700 T= 1.0675E+00 DT= 2.5000E-05 ERR=  0.0% DM/M= 0.0000E+00
 ELAPSED TIME=         13.65 s  REMAINING TIME=         50.28 s
 NC=   42800 T= 1.0700E+00 DT= 2.5000E-05 ERR=  0.0% DM/M= 0.0000E+00
 ELAPSED TIME=         13.68 s  REMAINING TIME=         50.24 s
 NC=   42900 T= 1.0725E+00 DT= 2.5000E-05 ERR=  0.0% DM/M= 0.0000E+00
 ELAPSED TIME=         13.71 s  REMAINING TIME=         50.22 s
 NC=   43000 T= 1.0750E+00 DT= 2.5000E-05 ERR=  0.0% DM/M= 0.0000E+00
 ELAPSED TIME=         13.74 s  REMAINING TIME=         50.18 s
 NC=   43100 T= 1.0775E+00 DT= 2.5000E-05 ERR=  0.0% DM/M= 0.0000E+00
 ELAPSED TIME=         13.77 s  REMAINING TIME=         50.14 s
 NC=   43200 T= 1.0800E+00 DT= 2.5000E-05 ERR=  0.0% DM/M= 0.0000E+00
 ELAPSED TIME=         13.80 s  REMAINING TIME=         50.10 s
 NC=   43300 T= 1.0825E+00 DT= 2.5000E-05 ERR=  0.0% DM/M= 0.0000E+00
 ELAPSED TIME=         13.84 s  REMAINING TIME=         50.08 s
 NC=   43400 T= 1.0850E+00 DT= 2.5000E-05 ERR=  0.0% DM/M= 0.0000E+00
 ELAPSED TIME=         13.87 s  REMAINING TIME=         50.04 s
 NC=   43500 T= 1.0875E+00 DT= 2.5000E-05 ERR=  0.0% DM/M= 0.0000E+00
 ELAPSED TIME=         13.90 s  REMAINING TIME=         50.00 s
 NC=   43600 T= 1.0900E+00 DT= 2.5000E-05 ERR=  0.0% DM/M= 0.0000E+00
 ELAPSED TIME=         13.93 s  REMAINING TIME=         49.97 s
 NC=   43700 T= 1.0925E+00 DT= 2.5000E-05 ERR=  0.0% DM/M= 0.0000E+00
 ELAPSED TIME=         13.96 s  REMAINING TIME=         49.94 s
 NC=   43800 T= 1.0950E+00 DT= 2.5000E-05 ERR=  0.0% DM/M= 0.0000E+00
 ELAPSED TIME=         13.99 s  REMAINING TIME=         49.90 s
 NC=   43900 T= 1.0975E+00 DT= 2.5000E-05 ERR=  0.0% DM/M= 0.0000E+00
 ELAPSED TIME=         14.02 s  REMAINING TIME=         49.86 s
 NC=   44000 T= 1.1000E+00 DT= 2.5000E-05 ERR=  0.0% DM/M= 0.0000E+00
 ELAPSED TIME=         14.05 s  REMAINING TIME=         49.82 s
 NC=   44100 T= 1.1025E+00 DT= 2.5000E-05 ERR=  0.0% DM/M= 0.0000E+00
 ELAPSED TIME=         14.09 s  REMAINING TIME=         49.81 s
 NC=   44200 T= 1.1050E+00 DT= 2.5000E-05 ERR=  0.0% DM/M= 0.0000E+00
 ELAPSED TIME=         14.12 s  REMAINING TIME=         49.77 s
 NC=   44300 T= 1.1075E+00 DT= 2.5000E-05 ERR=  0.0% DM/M= 0.0000E+00
 ELAPSED TIME=         14.15 s  REMAINING TIME=         49.73 s
 NC=   44400 T= 1.1100E+00 DT= 2.5000E-05 ERR=  0.0% DM/M= 0.0000E+00
 ELAPSED TIME=         14.18 s  REMAINING TIME=         49.69 s
 NC=   44500 T= 1.1125E+00 DT= 2.5000E-05 ERR=  0.0% DM/M= 0.0000E+00
 ELAPSED TIME=         14.21 s  REMAINING TIME=         49.67 s
 NC=   44600 T= 1.1150E+00 DT= 2.5000E-05 ERR=  0.0% DM/M= 0.0000E+00
 ELAPSED TIME=         14.24 s  REMAINING TIME=         49.63 s
 NC=   44700 T= 1.1175E+00 DT= 2.5000E-05 ERR=  0.0% DM/M= 0.0000E+00
 ELAPSED TIME=         14.27 s  REMAINING TIME=         49.59 s
 NC=   44800 T= 1.1200E+00 DT= 2.5000E-05 ERR=  0.0% DM/M= 0.0000E+00
 ELAPSED TIME=         14.30 s  REMAINING TIME=         49.55 s
 NC=   44900 T= 1.1225E+00 DT= 2.5000E-05 ERR=  0.0% DM/M= 0.0000E+00
 ELAPSED TIME=         14.34 s  REMAINING TIME=         49.53 s
 NC=   45000 T= 1.1250E+00 DT= 2.5000E-05 ERR=  0.0% DM/M= 0.0000E+00
 ELAPSED TIME=         14.37 s  REMAINING TIME=         49.49 s
 NC=   45100 T= 1.1275E+00 DT= 2.5000E-05 ERR=  0.0% DM/M= 0.0000E+00
 ELAPSED TIME=         14.40 s  REMAINING TIME=         49.45 s
 NC=   45200 T= 1.1300E+00 DT= 2.5000E-05 ERR=  0.0% DM/M= 0.0000E+00
 ELAPSED TIME=         14.43 s  REMAINING TIME=         49.41 s
 NC=   45300 T= 1.1325E+00 DT= 2.5000E-05 ERR=  0.0% DM/M= 0.0000E+00
 ELAPSED TIME=         14.46 s  REMAINING TIME=         49.39 s
 NC=   45400 T= 1.1350E+00 DT= 2.5000E-05 ERR=  0.0% DM/M= 0.0000E+00
 ELAPSED TIME=         14.49 s  REMAINING TIME=         49.35 s
 NC=   45500 T= 1.1375E+00 DT= 2.5000E-05 ERR=  0.0% DM/M= 0.0000E+00
 ELAPSED TIME=         14.52 s  REMAINING TIME=         49.31 s
 NC=   45600 T= 1.1400E+00 DT= 2.5000E-05 ERR=  0.0% DM/M= 0.0000E+00
 ELAPSED TIME=         14.55 s  REMAINING TIME=         49.27 s
 NC=   45700 T= 1.1425E+00 DT= 2.5000E-05 ERR=  0.0% DM/M= 0.0000E+00
 ELAPSED TIME=         14.59 s  REMAINING TIME=         49.25 s
 NC=   45800 T= 1.1450E+00 DT= 2.5000E-05 ERR=  0.0% DM/M= 0.0000E+00
 ELAPSED TIME=         14.62 s  REMAINING TIME=         49.21 s
 NC=   45900 T= 1.1475E+00 DT= 2.5000E-05 ERR=  0.0% DM/M= 0.0000E+00
 ELAPSED TIME=         14.65 s  REMAINING TIME=         49.17 s
 NC=   46000 T= 1.1500E+00 DT= 2.5000E-05 ERR=  0.0% DM/M= 0.0000E+00
 ELAPSED TIME=         14.68 s  REMAINING TIME=         49.13 s
 NC=   46100 T= 1.1525E+00 DT= 2.5000E-05 ERR=  0.0% DM/M= 0.0000E+00
 ELAPSED TIME=         14.71 s  REMAINING TIME=         49.11 s
 NC=   46200 T= 1.1550E+00 DT= 2.5000E-05 ERR=  0.0% DM/M= 0.0000E+00
 ELAPSED TIME=         14.74 s  REMAINING TIME=         49.07 s
 NC=   46300 T= 1.1575E+00 DT= 2.5000E-05 ERR=  0.0% DM/M= 0.0000E+00
 ELAPSED TIME=         14.77 s  REMAINING TIME=         49.03 s
 NC=   46400 T= 1.1600E+00 DT= 2.5000E-05 ERR=  0.0% DM/M= 0.0000E+00
 ELAPSED TIME=         14.80 s  REMAINING TIME=         48.99 s
 NC=   46500 T= 1.1625E+00 DT= 2.5000E-05 ERR=  0.0% DM/M= 0.0000E+00
 ELAPSED TIME=         14.84 s  REMAINING TIME=         48.97 s
 NC=   46600 T= 1.1650E+00 DT= 2.5000E-05 ERR=  0.0% DM/M= 0.0000E+00
 ELAPSED TIME=         14.86 s  REMAINING TIME=         48.93 s
     ANIMATION FILE: I02D_LAP_HALFDT_H025_R5A008 WRITTEN
 NC=   46700 T= 1.1675E+00 DT= 2.5000E-05 ERR=  0.0% DM/M= 0.0000E+00
 ELAPSED TIME=         14.90 s  REMAINING TIME=         48.90 s
 NC=   46800 T= 1.1700E+00 DT= 2.5000E-05 ERR=  0.0% DM/M= 0.0000E+00
 ELAPSED TIME=         14.92 s  REMAINING TIME=         48.86 s
 NC=   46900 T= 1.1725E+00 DT= 2.5000E-05 ERR=  0.0% DM/M= 0.0000E+00
 ELAPSED TIME=         14.96 s  REMAINING TIME=         48.83 s
 NC=   47000 T= 1.1750E+00 DT= 2.5000E-05 ERR=  0.0% DM/M= 0.0000E+00
 ELAPSED TIME=         14.99 s  REMAINING TIME=         48.79 s
 NC=   47100 T= 1.1775E+00 DT= 2.5000E-05 ERR=  0.0% DM/M= 0.0000E+00
 ELAPSED TIME=         15.02 s  REMAINING TIME=         48.75 s
 NC=   47200 T= 1.1800E+00 DT= 2.5000E-05 ERR=  0.0% DM/M= 0.0000E+00
 ELAPSED TIME=         15.05 s  REMAINING TIME=         48.71 s
 NC=   47300 T= 1.1825E+00 DT= 2.5000E-05 ERR=  0.0% DM/M= 0.0000E+00
 ELAPSED TIME=         15.08 s  REMAINING TIME=         48.69 s
 NC=   47400 T= 1.1850E+00 DT= 2.5000E-05 ERR=  0.0% DM/M= 0.0000E+00
 ELAPSED TIME=         15.11 s  REMAINING TIME=         48.65 s
 NC=   47500 T= 1.1875E+00 DT= 2.5000E-05 ERR=  0.0% DM/M= 0.0000E+00
 ELAPSED TIME=         15.14 s  REMAINING TIME=         48.61 s
 NC=   47600 T= 1.1900E+00 DT= 2.5000E-05 ERR=  0.0% DM/M= 0.0000E+00
 ELAPSED TIME=         15.17 s  REMAINING TIME=         48.57 s
 NC=   47700 T= 1.1925E+00 DT= 2.5000E-05 ERR=  0.0% DM/M= 0.0000E+00
 ELAPSED TIME=         15.20 s  REMAINING TIME=         48.54 s
 NC=   47800 T= 1.1950E+00 DT= 2.5000E-05 ERR=  0.0% DM/M= 0.0000E+00
 ELAPSED TIME=         15.23 s  REMAINING TIME=         48.50 s
 NC=   47900 T= 1.1975E+00 DT= 2.5000E-05 ERR=  0.0% DM/M= 0.0000E+00
 ELAPSED TIME=         15.26 s  REMAINING TIME=         48.46 s
 NC=   48000 T= 1.2000E+00 DT= 2.5000E-05 ERR=  0.0% DM/M= 0.0000E+00
 ELAPSED TIME=         15.29 s  REMAINING TIME=         48.42 s
 NC=   48100 T= 1.2025E+00 DT= 2.5000E-05 ERR=  0.0% DM/M= 0.0000E+00
 ELAPSED TIME=         15.33 s  REMAINING TIME=         48.40 s
 NC=   48200 T= 1.2050E+00 DT= 2.5000E-05 ERR=  0.0% DM/M= 0.0000E+00
 ELAPSED TIME=         15.35 s  REMAINING TIME=         48.36 s
 NC=   48300 T= 1.2075E+00 DT= 2.5000E-05 ERR=  0.0% DM/M= 0.0000E+00
 ELAPSED TIME=         15.38 s  REMAINING TIME=         48.32 s
 NC=   48400 T= 1.2100E+00 DT= 2.5000E-05 ERR=  0.0% DM/M= 0.0000E+00
 ELAPSED TIME=         15.41 s  REMAINING TIME=         48.27 s
 NC=   48500 T= 1.2125E+00 DT= 2.5000E-05 ERR=  0.0% DM/M= 0.0000E+00
 ELAPSED TIME=         15.45 s  REMAINING TIME=         48.25 s
 NC=   48600 T= 1.2150E+00 DT= 2.5000E-05 ERR=  0.0% DM/M= 0.0000E+00
 ELAPSED TIME=         15.48 s  REMAINING TIME=         48.21 s
 NC=   48700 T= 1.2175E+00 DT= 2.5000E-05 ERR=  0.0% DM/M= 0.0000E+00
 ELAPSED TIME=         15.50 s  REMAINING TIME=         48.17 s
 NC=   48800 T= 1.2200E+00 DT= 2.5000E-05 ERR=  0.0% DM/M= 0.0000E+00
 ELAPSED TIME=         15.53 s  REMAINING TIME=         48.13 s
 NC=   48900 T= 1.2225E+00 DT= 2.5000E-05 ERR=  0.0% DM/M= 0.0000E+00
 ELAPSED TIME=         15.57 s  REMAINING TIME=         48.10 s
 NC=   49000 T= 1.2250E+00 DT= 2.5000E-05 ERR=  0.0% DM/M= 0.0000E+00
 ELAPSED TIME=         15.60 s  REMAINING TIME=         48.06 s
 NC=   49100 T= 1.2275E+00 DT= 2.5000E-05 ERR=  0.0% DM/M= 0.0000E+00
 ELAPSED TIME=         15.63 s  REMAINING TIME=         48.02 s
 NC=   49200 T= 1.2300E+00 DT= 2.5000E-05 ERR=  0.0% DM/M= 0.0000E+00
 ELAPSED TIME=         15.65 s  REMAINING TIME=         47.98 s
 NC=   49300 T= 1.2325E+00 DT= 2.5000E-05 ERR=  0.0% DM/M= 0.0000E+00
 ELAPSED TIME=         15.69 s  REMAINING TIME=         47.96 s
 NC=   49400 T= 1.2350E+00 DT= 2.5000E-05 ERR=  0.0% DM/M= 0.0000E+00
 ELAPSED TIME=         15.72 s  REMAINING TIME=         47.92 s
 NC=   49500 T= 1.2375E+00 DT= 2.5000E-05 ERR=  0.0% DM/M= 0.0000E+00
 ELAPSED TIME=         15.75 s  REMAINING TIME=         47.88 s
 NC=   49600 T= 1.2400E+00 DT= 2.5000E-05 ERR=  0.0% DM/M= 0.0000E+00
 ELAPSED TIME=         15.77 s  REMAINING TIME=         47.83 s
 NC=   49700 T= 1.2425E+00 DT= 2.5000E-05 ERR=  0.0% DM/M= 0.0000E+00
 ELAPSED TIME=         15.81 s  REMAINING TIME=         47.81 s
 NC=   49800 T= 1.2450E+00 DT= 2.5000E-05 ERR=  0.0% DM/M= 0.0000E+00
 ELAPSED TIME=         15.84 s  REMAINING TIME=         47.77 s
 NC=   49900 T= 1.2475E+00 DT= 2.5000E-05 ERR=  0.0% DM/M= 0.0000E+00
 ELAPSED TIME=         15.87 s  REMAINING TIME=         47.73 s
 NC=   50000 T= 1.2500E+00 DT= 2.5000E-05 ERR=  0.0% DM/M= 0.0000E+00
 ELAPSED TIME=         15.90 s  REMAINING TIME=         47.69 s
 NC=   50100 T= 1.2525E+00 DT= 2.5000E-05 ERR=  0.0% DM/M= 0.0000E+00
 ELAPSED TIME=         15.93 s  REMAINING TIME=         47.66 s
 NC=   50200 T= 1.2550E+00 DT= 2.5000E-05 ERR=  0.0% DM/M= 0.0000E+00
 ELAPSED TIME=         15.96 s  REMAINING TIME=         47.62 s
 NC=   50300 T= 1.2575E+00 DT= 2.5000E-05 ERR=  0.0% DM/M= 0.0000E+00
 ELAPSED TIME=         15.99 s  REMAINING TIME=         47.58 s
 NC=   50400 T= 1.2600E+00 DT= 2.5000E-05 ERR=  0.0% DM/M= 0.0000E+00
 ELAPSED TIME=         16.02 s  REMAINING TIME=         47.54 s
 NC=   50500 T= 1.2625E+00 DT= 2.5000E-05 ERR=  0.0% DM/M= 0.0000E+00
 ELAPSED TIME=         16.05 s  REMAINING TIME=         47.51 s
 NC=   50600 T= 1.2650E+00 DT= 2.5000E-05 ERR=  0.0% DM/M= 0.0000E+00
 ELAPSED TIME=         16.08 s  REMAINING TIME=         47.47 s
 NC=   50700 T= 1.2675E+00 DT= 2.5000E-05 ERR=  0.0% DM/M= 0.0000E+00
 ELAPSED TIME=         16.11 s  REMAINING TIME=         47.43 s
 NC=   50800 T= 1.2700E+00 DT= 2.5000E-05 ERR=  0.0% DM/M= 0.0000E+00
 ELAPSED TIME=         16.14 s  REMAINING TIME=         47.39 s
 NC=   50900 T= 1.2725E+00 DT= 2.5000E-05 ERR=  0.0% DM/M= 0.0000E+00
 ELAPSED TIME=         16.17 s  REMAINING TIME=         47.37 s
 NC=   51000 T= 1.2750E+00 DT= 2.5000E-05 ERR=  0.0% DM/M= 0.0000E+00
 ELAPSED TIME=         16.20 s  REMAINING TIME=         47.33 s
 NC=   51100 T= 1.2775E+00 DT= 2.5000E-05 ERR=  0.0% DM/M= 0.0000E+00
 ELAPSED TIME=         16.23 s  REMAINING TIME=         47.28 s
 NC=   51200 T= 1.2800E+00 DT= 2.5000E-05 ERR=  0.0% DM/M= 0.0000E+00
 ELAPSED TIME=         16.26 s  REMAINING TIME=         47.24 s
 NC=   51300 T= 1.2825E+00 DT= 2.5000E-05 ERR=  0.0% DM/M= 0.0000E+00
 ELAPSED TIME=         16.29 s  REMAINING TIME=         47.22 s
 NC=   51400 T= 1.2850E+00 DT= 2.5000E-05 ERR=  0.0% DM/M= 0.0000E+00
 ELAPSED TIME=         16.32 s  REMAINING TIME=         47.18 s
 NC=   51500 T= 1.2875E+00 DT= 2.5000E-05 ERR=  0.0% DM/M= 0.0000E+00
 ELAPSED TIME=         16.35 s  REMAINING TIME=         47.14 s
 NC=   51600 T= 1.2900E+00 DT= 2.5000E-05 ERR=  0.0% DM/M= 0.0000E+00
 ELAPSED TIME=         16.38 s  REMAINING TIME=         47.10 s
 NC=   51700 T= 1.2925E+00 DT= 2.5000E-05 ERR=  0.0% DM/M= 0.0000E+00
 ELAPSED TIME=         16.41 s  REMAINING TIME=         47.07 s
 NC=   51800 T= 1.2950E+00 DT= 2.5000E-05 ERR=  0.0% DM/M= 0.0000E+00
 ELAPSED TIME=         16.44 s  REMAINING TIME=         47.03 s
 NC=   51900 T= 1.2975E+00 DT= 2.5000E-05 ERR=  0.0% DM/M= 0.0000E+00
 ELAPSED TIME=         16.47 s  REMAINING TIME=         46.99 s
 NC=   52000 T= 1.3000E+00 DT= 2.5000E-05 ERR=  0.0% DM/M= 0.0000E+00
 ELAPSED TIME=         16.50 s  REMAINING TIME=         46.95 s
 NC=   52100 T= 1.3025E+00 DT= 2.5000E-05 ERR=  0.0% DM/M= 0.0000E+00
 ELAPSED TIME=         16.53 s  REMAINING TIME=         46.93 s
 NC=   52200 T= 1.3050E+00 DT= 2.5000E-05 ERR=  0.0% DM/M= 0.0000E+00
 ELAPSED TIME=         16.56 s  REMAINING TIME=         46.88 s
 NC=   52300 T= 1.3075E+00 DT= 2.5000E-05 ERR=  0.0% DM/M= 0.0000E+00
 ELAPSED TIME=         16.59 s  REMAINING TIME=         46.84 s
 NC=   52400 T= 1.3100E+00 DT= 2.5000E-05 ERR=  0.0% DM/M= 0.0000E+00
 ELAPSED TIME=         16.62 s  REMAINING TIME=         46.80 s
 NC=   52500 T= 1.3125E+00 DT= 2.5000E-05 ERR=  0.0% DM/M= 0.0000E+00
 ELAPSED TIME=         16.65 s  REMAINING TIME=         46.78 s
 NC=   52600 T= 1.3150E+00 DT= 2.5000E-05 ERR=  0.0% DM/M= 0.0000E+00
 ELAPSED TIME=         16.68 s  REMAINING TIME=         46.74 s
 NC=   52700 T= 1.3175E+00 DT= 2.5000E-05 ERR=  0.0% DM/M= 0.0000E+00
 ELAPSED TIME=         16.71 s  REMAINING TIME=         46.70 s
 NC=   52800 T= 1.3200E+00 DT= 2.5000E-05 ERR=  0.0% DM/M= 0.0000E+00
 ELAPSED TIME=         16.74 s  REMAINING TIME=         46.66 s
 NC=   52900 T= 1.3225E+00 DT= 2.5000E-05 ERR=  0.0% DM/M= 0.0000E+00
 ELAPSED TIME=         16.77 s  REMAINING TIME=         46.63 s
 NC=   53000 T= 1.3250E+00 DT= 2.5000E-05 ERR=  0.0% DM/M= 0.0000E+00
 ELAPSED TIME=         16.80 s  REMAINING TIME=         46.59 s
 NC=   53100 T= 1.3275E+00 DT= 2.5000E-05 ERR=  0.0% DM/M= 0.0000E+00
 ELAPSED TIME=         16.83 s  REMAINING TIME=         46.55 s
 NC=   53200 T= 1.3300E+00 DT= 2.5000E-05 ERR=  0.0% DM/M= 0.0000E+00
 ELAPSED TIME=         16.86 s  REMAINING TIME=         46.51 s
 NC=   53300 T= 1.3325E+00 DT= 2.5000E-05 ERR=  0.0% DM/M= 0.0000E+00
 ELAPSED TIME=         16.89 s  REMAINING TIME=         46.48 s
     ANIMATION FILE: I02D_LAP_HALFDT_H025_R5A009 WRITTEN
 NC=   53400 T= 1.3350E+00 DT= 2.5000E-05 ERR=  0.0% DM/M= 0.0000E+00
 ELAPSED TIME=         16.92 s  REMAINING TIME=         46.45 s
 NC=   53500 T= 1.3375E+00 DT= 2.5000E-05 ERR=  0.0% DM/M= 0.0000E+00
 ELAPSED TIME=         16.95 s  REMAINING TIME=         46.41 s
 NC=   53600 T= 1.3400E+00 DT= 2.5000E-05 ERR=  0.0% DM/M= 0.0000E+00
 ELAPSED TIME=         16.98 s  REMAINING TIME=         46.37 s
 NC=   53700 T= 1.3425E+00 DT= 2.5000E-05 ERR=  0.0% DM/M= 0.0000E+00
 ELAPSED TIME=         17.01 s  REMAINING TIME=         46.34 s
 NC=   53800 T= 1.3450E+00 DT= 2.5000E-05 ERR=  0.0% DM/M= 0.0000E+00
 ELAPSED TIME=         17.04 s  REMAINING TIME=         46.31 s
 NC=   53900 T= 1.3475E+00 DT= 2.5000E-05 ERR=  0.0% DM/M= 0.0000E+00
 ELAPSED TIME=         17.07 s  REMAINING TIME=         46.27 s
 NC=   54000 T= 1.3500E+00 DT= 2.5000E-05 ERR=  0.0% DM/M= 0.0000E+00
 ELAPSED TIME=         17.10 s  REMAINING TIME=         46.23 s
 NC=   54100 T= 1.3525E+00 DT= 2.5000E-05 ERR=  0.0% DM/M= 0.0000E+00
 ELAPSED TIME=         17.13 s  REMAINING TIME=         46.20 s
 NC=   54200 T= 1.3550E+00 DT= 2.5000E-05 ERR=  0.0% DM/M= 0.0000E+00
 ELAPSED TIME=         17.16 s  REMAINING TIME=         46.16 s
 NC=   54300 T= 1.3575E+00 DT= 2.5000E-05 ERR=  0.0% DM/M= 0.0000E+00
 ELAPSED TIME=         17.19 s  REMAINING TIME=         46.12 s
 NC=   54400 T= 1.3600E+00 DT= 2.5000E-05 ERR=  0.0% DM/M= 0.0000E+00
 ELAPSED TIME=         17.22 s  REMAINING TIME=         46.08 s
 NC=   54500 T= 1.3625E+00 DT= 2.5000E-05 ERR=  0.0% DM/M= 0.0000E+00
 ELAPSED TIME=         17.25 s  REMAINING TIME=         46.06 s
 NC=   54600 T= 1.3650E+00 DT= 2.5000E-05 ERR=  0.0% DM/M= 0.0000E+00
 ELAPSED TIME=         17.28 s  REMAINING TIME=         46.02 s
 NC=   54700 T= 1.3675E+00 DT= 2.5000E-05 ERR=  0.0% DM/M= 0.0000E+00
 ELAPSED TIME=         17.31 s  REMAINING TIME=         45.98 s
 NC=   54800 T= 1.3700E+00 DT= 2.5000E-05 ERR=  0.0% DM/M= 0.0000E+00
 ELAPSED TIME=         17.34 s  REMAINING TIME=         45.94 s
 NC=   54900 T= 1.3725E+00 DT= 2.5000E-05 ERR=  0.0% DM/M= 0.0000E+00
 ELAPSED TIME=         17.37 s  REMAINING TIME=         45.91 s
 NC=   55000 T= 1.3750E+00 DT= 2.5000E-05 ERR=  0.0% DM/M= 0.0000E+00
 ELAPSED TIME=         17.40 s  REMAINING TIME=         45.87 s
 NC=   55100 T= 1.3775E+00 DT= 2.5000E-05 ERR=  0.0% DM/M= 0.0000E+00
 ELAPSED TIME=         17.43 s  REMAINING TIME=         45.83 s
 NC=   55200 T= 1.3800E+00 DT= 2.5000E-05 ERR=  0.0% DM/M= 0.0000E+00
 ELAPSED TIME=         17.46 s  REMAINING TIME=         45.80 s
 NC=   55300 T= 1.3825E+00 DT= 2.5000E-05 ERR=  0.0% DM/M= 0.0000E+00
 ELAPSED TIME=         17.49 s  REMAINING TIME=         45.77 s
 NC=   55400 T= 1.3850E+00 DT= 2.5000E-05 ERR=  0.0% DM/M= 0.0000E+00
 ELAPSED TIME=         17.52 s  REMAINING TIME=         45.73 s
 NC=   55500 T= 1.3875E+00 DT= 2.5000E-05 ERR=  0.0% DM/M= 0.0000E+00
 ELAPSED TIME=         17.55 s  REMAINING TIME=         45.69 s
 NC=   55600 T= 1.3900E+00 DT= 2.5000E-05 ERR=  0.0% DM/M= 0.0000E+00
 ELAPSED TIME=         17.58 s  REMAINING TIME=         45.65 s
 NC=   55700 T= 1.3925E+00 DT= 2.5000E-05 ERR=  0.0% DM/M= 0.0000E+00
 ELAPSED TIME=         17.61 s  REMAINING TIME=         45.63 s
 NC=   55800 T= 1.3950E+00 DT= 2.5000E-05 ERR=  0.0% DM/M= 0.0000E+00
 ELAPSED TIME=         17.64 s  REMAINING TIME=         45.59 s
 NC=   55900 T= 1.3975E+00 DT= 2.5000E-05 ERR=  0.0% DM/M= 0.0000E+00
 ELAPSED TIME=         17.67 s  REMAINING TIME=         45.55 s
 NC=   56000 T= 1.4000E+00 DT= 2.5000E-05 ERR=  0.0% DM/M= 0.0000E+00
 ELAPSED TIME=         17.70 s  REMAINING TIME=         45.51 s
 NC=   56100 T= 1.4025E+00 DT= 2.5000E-05 ERR=  0.0% DM/M= 0.0000E+00
 ELAPSED TIME=         17.73 s  REMAINING TIME=         45.48 s
 NC=   56200 T= 1.4050E+00 DT= 2.5000E-05 ERR=  0.0% DM/M= 0.0000E+00
 ELAPSED TIME=         17.76 s  REMAINING TIME=         45.44 s
 NC=   56300 T= 1.4075E+00 DT= 2.5000E-05 ERR=  0.0% DM/M= 0.0000E+00
 ELAPSED TIME=         17.79 s  REMAINING TIME=         45.40 s
 NC=   56400 T= 1.4100E+00 DT= 2.5000E-05 ERR=  0.0% DM/M= 0.0000E+00
 ELAPSED TIME=         17.82 s  REMAINING TIME=         45.36 s
 NC=   56500 T= 1.4125E+00 DT= 2.5000E-05 ERR=  0.0% DM/M= 0.0000E+00
 ELAPSED TIME=         17.85 s  REMAINING TIME=         45.34 s
 NC=   56600 T= 1.4150E+00 DT= 2.5000E-05 ERR=  0.0% DM/M= 0.0000E+00
 ELAPSED TIME=         17.88 s  REMAINING TIME=         45.30 s
 NC=   56700 T= 1.4175E+00 DT= 2.5000E-05 ERR=  0.0% DM/M= 0.0000E+00
 ELAPSED TIME=         17.91 s  REMAINING TIME=         45.26 s
 NC=   56800 T= 1.4200E+00 DT= 2.5000E-05 ERR=  0.0% DM/M= 0.0000E+00
 ELAPSED TIME=         17.94 s  REMAINING TIME=         45.22 s
 NC=   56900 T= 1.4225E+00 DT= 2.5000E-05 ERR=  0.0% DM/M= 0.0000E+00
 ELAPSED TIME=         17.97 s  REMAINING TIME=         45.19 s
 NC=   57000 T= 1.4250E+00 DT= 2.5000E-05 ERR=  0.0% DM/M= 0.0000E+00
 ELAPSED TIME=         18.00 s  REMAINING TIME=         45.15 s
 NC=   57100 T= 1.4275E+00 DT= 2.5000E-05 ERR=  0.0% DM/M= 0.0000E+00
 ELAPSED TIME=         18.03 s  REMAINING TIME=         45.11 s
 NC=   57200 T= 1.4300E+00 DT= 2.5000E-05 ERR=  0.0% DM/M= 0.0000E+00
 ELAPSED TIME=         18.05 s  REMAINING TIME=         45.07 s
 NC=   57300 T= 1.4325E+00 DT= 2.5000E-05 ERR=  0.0% DM/M= 0.0000E+00
 ELAPSED TIME=         18.09 s  REMAINING TIME=         45.05 s
 NC=   57400 T= 1.4350E+00 DT= 2.5000E-05 ERR=  0.0% DM/M= 0.0000E+00
 ELAPSED TIME=         18.12 s  REMAINING TIME=         45.01 s
 NC=   57500 T= 1.4375E+00 DT= 2.5000E-05 ERR=  0.0% DM/M= 0.0000E+00
 ELAPSED TIME=         18.14 s  REMAINING TIME=         44.97 s
 NC=   57600 T= 1.4400E+00 DT= 2.5000E-05 ERR=  0.0% DM/M= 0.0000E+00
 ELAPSED TIME=         18.17 s  REMAINING TIME=         44.93 s
 NC=   57700 T= 1.4425E+00 DT= 2.5000E-05 ERR=  0.0% DM/M= 0.0000E+00
 ELAPSED TIME=         18.21 s  REMAINING TIME=         44.90 s
 NC=   57800 T= 1.4450E+00 DT= 2.5000E-05 ERR=  0.0% DM/M= 0.0000E+00
 ELAPSED TIME=         18.23 s  REMAINING TIME=         44.86 s
 NC=   57900 T= 1.4475E+00 DT= 2.5000E-05 ERR=  0.0% DM/M= 0.0000E+00
 ELAPSED TIME=         18.26 s  REMAINING TIME=         44.82 s
 NC=   58000 T= 1.4500E+00 DT= 2.5000E-05 ERR=  0.0% DM/M= 0.0000E+00
 ELAPSED TIME=         18.29 s  REMAINING TIME=         44.78 s
 NC=   58100 T= 1.4525E+00 DT= 2.5000E-05 ERR=  0.0% DM/M= 0.0000E+00
 ELAPSED TIME=         18.32 s  REMAINING TIME=         44.76 s
 NC=   58200 T= 1.4550E+00 DT= 2.5000E-05 ERR=  0.0% DM/M= 0.0000E+00
 ELAPSED TIME=         18.35 s  REMAINING TIME=         44.72 s
 NC=   58300 T= 1.4575E+00 DT= 2.5000E-05 ERR=  0.0% DM/M= 0.0000E+00
 ELAPSED TIME=         18.38 s  REMAINING TIME=         44.68 s
 NC=   58400 T= 1.4600E+00 DT= 2.5000E-05 ERR=  0.0% DM/M= 0.0000E+00
 ELAPSED TIME=         18.41 s  REMAINING TIME=         44.64 s
 NC=   58500 T= 1.4625E+00 DT= 2.5000E-05 ERR=  0.0% DM/M= 0.0000E+00
 ELAPSED TIME=         18.44 s  REMAINING TIME=         44.61 s
 NC=   58600 T= 1.4650E+00 DT= 2.5000E-05 ERR=  0.0% DM/M= 0.0000E+00
 ELAPSED TIME=         18.47 s  REMAINING TIME=         44.57 s
 NC=   58700 T= 1.4675E+00 DT= 2.5000E-05 ERR=  0.0% DM/M= 0.0000E+00
 ELAPSED TIME=         18.50 s  REMAINING TIME=         44.53 s
 NC=   58800 T= 1.4700E+00 DT= 2.5000E-05 ERR=  0.0% DM/M= 0.0000E+00
 ELAPSED TIME=         18.53 s  REMAINING TIME=         44.49 s
 NC=   58900 T= 1.4725E+00 DT= 2.5000E-05 ERR=  0.0% DM/M= 0.0000E+00
 ELAPSED TIME=         18.56 s  REMAINING TIME=         44.47 s
 NC=   59000 T= 1.4750E+00 DT= 2.5000E-05 ERR=  0.0% DM/M= 0.0000E+00
 ELAPSED TIME=         18.59 s  REMAINING TIME=         44.43 s
 NC=   59100 T= 1.4775E+00 DT= 2.5000E-05 ERR=  0.0% DM/M= 0.0000E+00
 ELAPSED TIME=         18.62 s  REMAINING TIME=         44.39 s
 NC=   59200 T= 1.4800E+00 DT= 2.5000E-05 ERR=  0.0% DM/M= 0.0000E+00
 ELAPSED TIME=         18.65 s  REMAINING TIME=         44.35 s
 NC=   59300 T= 1.4825E+00 DT= 2.5000E-05 ERR=  0.0% DM/M= 0.0000E+00
 ELAPSED TIME=         18.68 s  REMAINING TIME=         44.32 s
 NC=   59400 T= 1.4850E+00 DT= 2.5000E-05 ERR=  0.0% DM/M= 0.0000E+00
 ELAPSED TIME=         18.71 s  REMAINING TIME=         44.28 s
 NC=   59500 T= 1.4875E+00 DT= 2.5000E-05 ERR=  0.0% DM/M= 0.0000E+00
 ELAPSED TIME=         18.74 s  REMAINING TIME=         44.24 s
 NC=   59600 T= 1.4900E+00 DT= 2.5000E-05 ERR=  0.0% DM/M= 0.0000E+00
 ELAPSED TIME=         18.76 s  REMAINING TIME=         44.20 s
 NC=   59700 T= 1.4925E+00 DT= 2.5000E-05 ERR=  0.0% DM/M= 0.0000E+00
 ELAPSED TIME=         18.80 s  REMAINING TIME=         44.18 s
 NC=   59800 T= 1.4950E+00 DT= 2.5000E-05 ERR=  0.0% DM/M= 0.0000E+00
 ELAPSED TIME=         18.83 s  REMAINING TIME=         44.14 s
 NC=   59900 T= 1.4975E+00 DT= 2.5000E-05 ERR=  0.0% DM/M= 0.0000E+00
 ELAPSED TIME=         18.85 s  REMAINING TIME=         44.10 s
 NC=   60000 T= 1.5000E+00 DT= 2.5000E-05 ERR=  0.0% DM/M= 0.0000E+00
 ELAPSED TIME=         18.88 s  REMAINING TIME=         44.06 s
     ANIMATION FILE: I02D_LAP_HALFDT_H025_R5A010 WRITTEN
 NC=   60100 T= 1.5025E+00 DT= 2.5000E-05 ERR=  0.0% DM/M= 0.0000E+00
 ELAPSED TIME=         18.92 s  REMAINING TIME=         44.04 s
 NC=   60200 T= 1.5050E+00 DT= 2.5000E-05 ERR=  0.0% DM/M= 0.0000E+00
 ELAPSED TIME=         18.95 s  REMAINING TIME=         44.00 s
 NC=   60300 T= 1.5075E+00 DT= 2.5000E-05 ERR=  0.0% DM/M= 0.0000E+00
 ELAPSED TIME=         18.97 s  REMAINING TIME=         43.96 s
 NC=   60400 T= 1.5100E+00 DT= 2.5000E-05 ERR=  0.0% DM/M= 0.0000E+00
 ELAPSED TIME=         19.00 s  REMAINING TIME=         43.92 s
 NC=   60500 T= 1.5125E+00 DT= 2.5000E-05 ERR=  0.0% DM/M= 0.0000E+00
 ELAPSED TIME=         19.04 s  REMAINING TIME=         43.90 s
 NC=   60600 T= 1.5150E+00 DT= 2.5000E-05 ERR=  0.0% DM/M= 0.0000E+00
 ELAPSED TIME=         19.07 s  REMAINING TIME=         43.86 s
 NC=   60700 T= 1.5175E+00 DT= 2.5000E-05 ERR=  0.0% DM/M= 0.0000E+00
 ELAPSED TIME=         19.09 s  REMAINING TIME=         43.82 s
 NC=   60800 T= 1.5200E+00 DT= 2.5000E-05 ERR=  0.0% DM/M= 0.0000E+00
 ELAPSED TIME=         19.12 s  REMAINING TIME=         43.78 s
 NC=   60900 T= 1.5225E+00 DT= 2.5000E-05 ERR=  0.0% DM/M= 0.0000E+00
 ELAPSED TIME=         19.15 s  REMAINING TIME=         43.75 s
 NC=   61000 T= 1.5250E+00 DT= 2.5000E-05 ERR=  0.0% DM/M= 0.0000E+00
 ELAPSED TIME=         19.18 s  REMAINING TIME=         43.71 s
 NC=   61100 T= 1.5275E+00 DT= 2.5000E-05 ERR=  0.0% DM/M= 0.0000E+00
 ELAPSED TIME=         19.21 s  REMAINING TIME=         43.67 s
 NC=   61200 T= 1.5300E+00 DT= 2.5000E-05 ERR=  0.0% DM/M= 0.0000E+00
 ELAPSED TIME=         19.24 s  REMAINING TIME=         43.63 s
 NC=   61300 T= 1.5325E+00 DT= 2.5000E-05 ERR=  0.0% DM/M= 0.0000E+00
 ELAPSED TIME=         19.27 s  REMAINING TIME=         43.61 s
 NC=   61400 T= 1.5350E+00 DT= 2.5000E-05 ERR=  0.0% DM/M= 0.0000E+00
 ELAPSED TIME=         19.30 s  REMAINING TIME=         43.57 s
 NC=   61500 T= 1.5375E+00 DT= 2.5000E-05 ERR=  0.0% DM/M= 0.0000E+00
 ELAPSED TIME=         19.33 s  REMAINING TIME=         43.53 s
 NC=   61600 T= 1.5400E+00 DT= 2.5000E-05 ERR=  0.0% DM/M= 0.0000E+00
 ELAPSED TIME=         19.36 s  REMAINING TIME=         43.50 s
 NC=   61700 T= 1.5425E+00 DT= 2.5000E-05 ERR=  0.0% DM/M= 0.0000E+00
 ELAPSED TIME=         19.40 s  REMAINING TIME=         43.47 s
 NC=   61800 T= 1.5450E+00 DT= 2.5000E-05 ERR=  0.0% DM/M= 0.0000E+00
 ELAPSED TIME=         19.42 s  REMAINING TIME=         43.44 s
 NC=   61900 T= 1.5475E+00 DT= 2.5000E-05 ERR=  0.0% DM/M= 0.0000E+00
 ELAPSED TIME=         19.45 s  REMAINING TIME=         43.40 s
 NC=   62000 T= 1.5500E+00 DT= 2.5000E-05 ERR=  0.0% DM/M= 0.0000E+00
 ELAPSED TIME=         19.48 s  REMAINING TIME=         43.36 s
 NC=   62100 T= 1.5525E+00 DT= 2.5000E-05 ERR=  0.0% DM/M= 0.0000E+00
 ELAPSED TIME=         19.51 s  REMAINING TIME=         43.33 s
 NC=   62200 T= 1.5550E+00 DT= 2.5000E-05 ERR=  0.0% DM/M= 0.0000E+00
 ELAPSED TIME=         19.54 s  REMAINING TIME=         43.29 s
 NC=   62300 T= 1.5575E+00 DT= 2.5000E-05 ERR=  0.0% DM/M= 0.0000E+00
 ELAPSED TIME=         19.57 s  REMAINING TIME=         43.25 s
 NC=   62400 T= 1.5600E+00 DT= 2.5000E-05 ERR=  0.0% DM/M= 0.0000E+00
 ELAPSED TIME=         19.60 s  REMAINING TIME=         43.21 s
 NC=   62500 T= 1.5625E+00 DT= 2.5000E-05 ERR=  0.0% DM/M= 0.0000E+00
 ELAPSED TIME=         19.63 s  REMAINING TIME=         43.19 s
 NC=   62600 T= 1.5650E+00 DT= 2.5000E-05 ERR=  0.0% DM/M= 0.0000E+00
 ELAPSED TIME=         19.66 s  REMAINING TIME=         43.15 s
 NC=   62700 T= 1.5675E+00 DT= 2.5000E-05 ERR=  0.0% DM/M= 0.0000E+00
 ELAPSED TIME=         19.69 s  REMAINING TIME=         43.11 s
 NC=   62800 T= 1.5700E+00 DT= 2.5000E-05 ERR=  0.0% DM/M= 0.0000E+00
 ELAPSED TIME=         19.71 s  REMAINING TIME=         43.07 s
 NC=   62900 T= 1.5725E+00 DT= 2.5000E-05 ERR=  0.0% DM/M= 0.0000E+00
 ELAPSED TIME=         19.75 s  REMAINING TIME=         43.04 s
 NC=   63000 T= 1.5750E+00 DT= 2.5000E-05 ERR=  0.0% DM/M= 0.0000E+00
 ELAPSED TIME=         19.77 s  REMAINING TIME=         43.00 s
 NC=   63100 T= 1.5775E+00 DT= 2.5000E-05 ERR=  0.0% DM/M= 0.0000E+00
 ELAPSED TIME=         19.80 s  REMAINING TIME=         42.96 s
 NC=   63200 T= 1.5800E+00 DT= 2.5000E-05 ERR=  0.0% DM/M= 0.0000E+00
 ELAPSED TIME=         19.83 s  REMAINING TIME=         42.92 s
 NC=   63300 T= 1.5825E+00 DT= 2.5000E-05 ERR=  0.0% DM/M= 0.0000E+00
 ELAPSED TIME=         19.86 s  REMAINING TIME=         42.90 s
 NC=   63400 T= 1.5850E+00 DT= 2.5000E-05 ERR=  0.0% DM/M= 0.0000E+00
 ELAPSED TIME=         19.89 s  REMAINING TIME=         42.86 s
 NC=   63500 T= 1.5875E+00 DT= 2.5000E-05 ERR=  0.0% DM/M= 0.0000E+00
 ELAPSED TIME=         19.92 s  REMAINING TIME=         42.82 s
 NC=   63600 T= 1.5900E+00 DT= 2.5000E-05 ERR=  0.0% DM/M= 0.0000E+00
 ELAPSED TIME=         19.95 s  REMAINING TIME=         42.78 s
 NC=   63700 T= 1.5925E+00 DT= 2.5000E-05 ERR=  0.0% DM/M= 0.0000E+00
 ELAPSED TIME=         19.98 s  REMAINING TIME=         42.75 s
     FAILURE COHESIVE ELEMENT        397 INTEGRATION POINT 1, MIXED MODE STRAIN= 5.211216375E-01 AT TIME  1.593725000E+00
     FAILURE COHESIVE ELEMENT        407 INTEGRATION POINT 4, MIXED MODE STRAIN= 5.211216375E-01 AT TIME  1.593725000E+00
     FAILURE COHESIVE ELEMENT        407 INTEGRATION POINT 1, MIXED MODE STRAIN= 5.209454432E-01 AT TIME  1.593875000E+00
     FAILURE COHESIVE ELEMENT        397 INTEGRATION POINT 4, MIXED MODE STRAIN= 5.209454432E-01 AT TIME  1.593875000E+00
     FAILURE COHESIVE ELEMENT        398 INTEGRATION POINT 1, MIXED MODE STRAIN= 5.208226062E-01 AT TIME  1.594000000E+00
     FAILURE COHESIVE ELEMENT        406 INTEGRATION POINT 4, MIXED MODE STRAIN= 5.208226062E-01 AT TIME  1.594000000E+00
     FAILURE COHESIVE ELEMENT        406 INTEGRATION POINT 1, MIXED MODE STRAIN= 5.206788054E-01 AT TIME  1.594175000E+00
     FAILURE COHESIVE ELEMENT        398 INTEGRATION POINT 4, MIXED MODE STRAIN= 5.206788054E-01 AT TIME  1.594175000E+00
     FAILURE COHESIVE ELEMENT        399 INTEGRATION POINT 1, MIXED MODE STRAIN= 5.205426483E-01 AT TIME  1.594300000E+00
     FAILURE COHESIVE ELEMENT        405 INTEGRATION POINT 4, MIXED MODE STRAIN= 5.205426483E-01 AT TIME  1.594300000E+00
     FAILURE COHESIVE ELEMENT        405 INTEGRATION POINT 1, MIXED MODE STRAIN= 5.204127762E-01 AT TIME  1.594450000E+00
     FAILURE COHESIVE ELEMENT        399 INTEGRATION POINT 4, MIXED MODE STRAIN= 5.204127762E-01 AT TIME  1.594450000E+00
     FAILURE COHESIVE ELEMENT        400 INTEGRATION POINT 1, MIXED MODE STRAIN= 5.203335833E-01 AT TIME  1.594575000E+00
     FAILURE COHESIVE ELEMENT        404 INTEGRATION POINT 4, MIXED MODE STRAIN= 5.203335833E-01 AT TIME  1.594575000E+00
     FAILURE COHESIVE ELEMENT        404 INTEGRATION POINT 1, MIXED MODE STRAIN= 5.202269561E-01 AT TIME  1.594675000E+00
     FAILURE COHESIVE ELEMENT        400 INTEGRATION POINT 4, MIXED MODE STRAIN= 5.202269561E-01 AT TIME  1.594675000E+00
     FAILURE COHESIVE ELEMENT        401 INTEGRATION POINT 1, MIXED MODE STRAIN= 5.201636342E-01 AT TIME  1.594750000E+00
     FAILURE COHESIVE ELEMENT        403 INTEGRATION POINT 4, MIXED MODE STRAIN= 5.201636342E-01 AT TIME  1.594750000E+00
     FAILURE COHESIVE ELEMENT        403 INTEGRATION POINT 1, MIXED MODE STRAIN= 5.201050983E-01 AT TIME  1.594800000E+00
     FAILURE COHESIVE ELEMENT        401 INTEGRATION POINT 4, MIXED MODE STRAIN= 5.201050983E-01 AT TIME  1.594800000E+00
     FAILURE COHESIVE ELEMENT        402 INTEGRATION POINT 1, MIXED MODE STRAIN= 5.200805493E-01 AT TIME  1.594825000E+00
     FAILURE COHESIVE ELEMENT        402 INTEGRATION POINT 4, MIXED MODE STRAIN= 5.200805493E-01 AT TIME  1.594825000E+00
 NC=   63800 T= 1.5950E+00 DT= 2.5000E-05 ERR=  0.0% DM/M= 0.0000E+00
 ELAPSED TIME=         20.01 s  REMAINING TIME=         42.71 s
     FAILURE COHESIVE ELEMENT        397 INTEGRATION POINT 2, MIXED MODE STRAIN= 5.177423025E-01 AT TIME  1.596300000E+00
     FAILURE COHESIVE ELEMENT        407 INTEGRATION POINT 3, MIXED MODE STRAIN= 5.177423025E-01 AT TIME  1.596300000E+00
     FAILURE COHESIVE ELEMENT        407 INTEGRATION POINT 2, MIXED MODE STRAIN= 5.175038803E-01 AT TIME  1.596450000E+00
     FAILURE COHESIVE ELEMENT        397 INTEGRATION POINT 3, MIXED MODE STRAIN= 5.175038803E-01 AT TIME  1.596450000E+00
      DELETE CONNECTION SOLID ELEMENT        397 AT TIME  1.596450000E+00
      DELETE CONNECTION SOLID ELEMENT        407 AT TIME  1.596450000E+00
     FAILURE COHESIVE ELEMENT        398 INTEGRATION POINT 2, MIXED MODE STRAIN= 5.173585666E-01 AT TIME  1.596575000E+00
     FAILURE COHESIVE ELEMENT        406 INTEGRATION POINT 3, MIXED MODE STRAIN= 5.173585666E-01 AT TIME  1.596575000E+00
     FAILURE COHESIVE ELEMENT        406 INTEGRATION POINT 2, MIXED MODE STRAIN= 5.171218016E-01 AT TIME  1.596700000E+00
     FAILURE COHESIVE ELEMENT        398 INTEGRATION POINT 3, MIXED MODE STRAIN= 5.171218016E-01 AT TIME  1.596700000E+00
      DELETE CONNECTION SOLID ELEMENT        398 AT TIME  1.596700000E+00
      DELETE CONNECTION SOLID ELEMENT        406 AT TIME  1.596700000E+00
     FAILURE COHESIVE ELEMENT        399 INTEGRATION POINT 2, MIXED MODE STRAIN= 5.170252030E-01 AT TIME  1.596850000E+00
     FAILURE COHESIVE ELEMENT        405 INTEGRATION POINT 3, MIXED MODE STRAIN= 5.170252030E-01 AT TIME  1.596850000E+00
     FAILURE COHESIVE ELEMENT        405 INTEGRATION POINT 2, MIXED MODE STRAIN= 5.168395375E-01 AT TIME  1.596950000E+00
     FAILURE COHESIVE ELEMENT        399 INTEGRATION POINT 3, MIXED MODE STRAIN= 5.168395375E-01 AT TIME  1.596950000E+00
      DELETE CONNECTION SOLID ELEMENT        399 AT TIME  1.596950000E+00
      DELETE CONNECTION SOLID ELEMENT        405 AT TIME  1.596950000E+00
     FAILURE COHESIVE ELEMENT        400 INTEGRATION POINT 2, MIXED MODE STRAIN= 5.167430668E-01 AT TIME  1.597050000E+00
     FAILURE COHESIVE ELEMENT        404 INTEGRATION POINT 3, MIXED MODE STRAIN= 5.167430668E-01 AT TIME  1.597050000E+00
     FAILURE COHESIVE ELEMENT        404 INTEGRATION POINT 2, MIXED MODE STRAIN= 5.166297344E-01 AT TIME  1.597125000E+00
     FAILURE COHESIVE ELEMENT        400 INTEGRATION POINT 3, MIXED MODE STRAIN= 5.166297344E-01 AT TIME  1.597125000E+00
      DELETE CONNECTION SOLID ELEMENT        400 AT TIME  1.597125000E+00
      DELETE CONNECTION SOLID ELEMENT        404 AT TIME  1.597125000E+00
     FAILURE COHESIVE ELEMENT        401 INTEGRATION POINT 2, MIXED MODE STRAIN= 5.165865173E-01 AT TIME  1.597200000E+00
     FAILURE COHESIVE ELEMENT        403 INTEGRATION POINT 3, MIXED MODE STRAIN= 5.165865173E-01 AT TIME  1.597200000E+00
     FAILURE COHESIVE ELEMENT        403 INTEGRATION POINT 2, MIXED MODE STRAIN= 5.165143700E-01 AT TIME  1.597225000E+00
     FAILURE COHESIVE ELEMENT        401 INTEGRATION POINT 3, MIXED MODE STRAIN= 5.165143700E-01 AT TIME  1.597225000E+00
      DELETE CONNECTION SOLID ELEMENT        401 AT TIME  1.597225000E+00
      DELETE CONNECTION SOLID ELEMENT        403 AT TIME  1.597225000E+00
     FAILURE COHESIVE ELEMENT        402 INTEGRATION POINT 2, MIXED MODE STRAIN= 5.164986531E-01 AT TIME  1.597250000E+00
     FAILURE COHESIVE ELEMENT        402 INTEGRATION POINT 3, MIXED MODE STRAIN= 5.164986531E-01 AT TIME  1.597250000E+00
      DELETE CONNECTION SOLID ELEMENT        402 AT TIME  1.597250000E+00
 NC=   63900 T= 1.5975E+00 DT= 2.5000E-05 ERR=  0.0% DM/M= 0.0000E+00
 ELAPSED TIME=         20.04 s  REMAINING TIME=         42.67 s
     FAILURE COHESIVE ELEMENT        408 INTEGRATION POINT 1, MIXED MODE STRAIN= 5.148676935E-01 AT TIME  1.597650000E+00
     FAILURE COHESIVE ELEMENT        418 INTEGRATION POINT 4, MIXED MODE STRAIN= 5.148676935E-01 AT TIME  1.597650000E+00
     FAILURE COHESIVE ELEMENT        409 INTEGRATION POINT 1, MIXED MODE STRAIN= 5.143305210E-01 AT TIME  1.597725000E+00
     FAILURE COHESIVE ELEMENT        417 INTEGRATION POINT 4, MIXED MODE STRAIN= 5.143305210E-01 AT TIME  1.597725000E+00
     FAILURE COHESIVE ELEMENT        418 INTEGRATION POINT 1, MIXED MODE STRAIN= 5.145841408E-01 AT TIME  1.597775000E+00
     FAILURE COHESIVE ELEMENT        408 INTEGRATION POINT 4, MIXED MODE STRAIN= 5.145841408E-01 AT TIME  1.597775000E+00
     FAILURE COHESIVE ELEMENT        410 INTEGRATION POINT 1, MIXED MODE STRAIN= 5.138877884E-01 AT TIME  1.597800000E+00
     FAILURE COHESIVE ELEMENT        416 INTEGRATION POINT 4, MIXED MODE STRAIN= 5.138877884E-01 AT TIME  1.597800000E+00
     FAILURE COHESIVE ELEMENT        417 INTEGRATION POINT 1, MIXED MODE STRAIN= 5.140795928E-01 AT TIME  1.597825000E+00
     FAILURE COHESIVE ELEMENT        409 INTEGRATION POINT 4, MIXED MODE STRAIN= 5.140795928E-01 AT TIME  1.597825000E+00
     FAILURE COHESIVE ELEMENT        411 INTEGRATION POINT 1, MIXED MODE STRAIN= 5.135654990E-01 AT TIME  1.597875000E+00
     FAILURE COHESIVE ELEMENT        416 INTEGRATION POINT 1, MIXED MODE STRAIN= 5.136971712E-01 AT TIME  1.597875000E+00
     FAILURE COHESIVE ELEMENT        410 INTEGRATION POINT 4, MIXED MODE STRAIN= 5.136971712E-01 AT TIME  1.597875000E+00
     FAILURE COHESIVE ELEMENT        415 INTEGRATION POINT 4, MIXED MODE STRAIN= 5.135654990E-01 AT TIME  1.597875000E+00
     FAILURE COHESIVE ELEMENT        412 INTEGRATION POINT 1, MIXED MODE STRAIN= 5.133503703E-01 AT TIME  1.597925000E+00
     FAILURE COHESIVE ELEMENT        415 INTEGRATION POINT 1, MIXED MODE STRAIN= 5.134414242E-01 AT TIME  1.597925000E+00
     FAILURE COHESIVE ELEMENT        411 INTEGRATION POINT 4, MIXED MODE STRAIN= 5.134414242E-01 AT TIME  1.597925000E+00
     FAILURE COHESIVE ELEMENT        414 INTEGRATION POINT 4, MIXED MODE STRAIN= 5.133503703E-01 AT TIME  1.597925000E+00
     FAILURE COHESIVE ELEMENT        413 INTEGRATION POINT 1, MIXED MODE STRAIN= 5.132580107E-01 AT TIME  1.597950000E+00
     FAILURE COHESIVE ELEMENT        414 INTEGRATION POINT 1, MIXED MODE STRAIN= 5.132906117E-01 AT TIME  1.597950000E+00
     FAILURE COHESIVE ELEMENT        412 INTEGRATION POINT 4, MIXED MODE STRAIN= 5.132906117E-01 AT TIME  1.597950000E+00
     FAILURE COHESIVE ELEMENT        413 INTEGRATION POINT 4, MIXED MODE STRAIN= 5.132580107E-01 AT TIME  1.597950000E+00
     FAILURE COHESIVE ELEMENT        435 INTEGRATION POINT 2, MIXED MODE STRAIN= 5.000047250E-01 AT TIME  1.598775000E+00
     FAILURE COHESIVE ELEMENT        435 INTEGRATION POINT 3, MIXED MODE STRAIN= 5.000047250E-01 AT TIME  1.598775000E+00
     FAILURE COHESIVE ELEMENT        434 INTEGRATION POINT 2, MIXED MODE STRAIN= 5.000232678E-01 AT TIME  1.598825000E+00
     FAILURE COHESIVE ELEMENT        436 INTEGRATION POINT 2, MIXED MODE STRAIN= 5.000233112E-01 AT TIME  1.598825000E+00
     FAILURE COHESIVE ELEMENT        434 INTEGRATION POINT 3, MIXED MODE STRAIN= 5.000233112E-01 AT TIME  1.598825000E+00
     FAILURE COHESIVE ELEMENT        436 INTEGRATION POINT 3, MIXED MODE STRAIN= 5.000232678E-01 AT TIME  1.598825000E+00
     FAILURE COHESIVE ELEMENT        435 INTEGRATION POINT 1, MIXED MODE STRAIN= 5.009132731E-01 AT TIME  1.598875000E+00
     FAILURE COHESIVE ELEMENT        435 INTEGRATION POINT 4, MIXED MODE STRAIN= 5.009132731E-01 AT TIME  1.598875000E+00
      DELETE CONNECTION SOLID ELEMENT        435 AT TIME  1.598875000E+00
     FAILURE COHESIVE ELEMENT        434 INTEGRATION POINT 1, MIXED MODE STRAIN= 5.009464612E-01 AT TIME  1.598900000E+00
     FAILURE COHESIVE ELEMENT        436 INTEGRATION POINT 1, MIXED MODE STRAIN= 5.009204223E-01 AT TIME  1.598900000E+00
     FAILURE COHESIVE ELEMENT        433 INTEGRATION POINT 2, MIXED MODE STRAIN= 5.000214754E-01 AT TIME  1.598900000E+00
     FAILURE COHESIVE ELEMENT        437 INTEGRATION POINT 2, MIXED MODE STRAIN= 5.000191106E-01 AT TIME  1.598900000E+00
     FAILURE COHESIVE ELEMENT        433 INTEGRATION POINT 3, MIXED MODE STRAIN= 5.000191106E-01 AT TIME  1.598900000E+00
     FAILURE COHESIVE ELEMENT        437 INTEGRATION POINT 3, MIXED MODE STRAIN= 5.000214754E-01 AT TIME  1.598900000E+00
     FAILURE COHESIVE ELEMENT        434 INTEGRATION POINT 4, MIXED MODE STRAIN= 5.009204223E-01 AT TIME  1.598900000E+00
     FAILURE COHESIVE ELEMENT        436 INTEGRATION POINT 4, MIXED MODE STRAIN= 5.009464612E-01 AT TIME  1.598900000E+00
      DELETE CONNECTION SOLID ELEMENT        434 AT TIME  1.598900000E+00
      DELETE CONNECTION SOLID ELEMENT        436 AT TIME  1.598900000E+00
     FAILURE COHESIVE ELEMENT        424 INTEGRATION POINT 1, MIXED MODE STRAIN= 5.059149238E-01 AT TIME  1.598975000E+00
     FAILURE COHESIVE ELEMENT        424 INTEGRATION POINT 2, MIXED MODE STRAIN= 5.025612224E-01 AT TIME  1.598975000E+00
     FAILURE COHESIVE ELEMENT        424 INTEGRATION POINT 3, MIXED MODE STRAIN= 5.025612224E-01 AT TIME  1.598975000E+00
     FAILURE COHESIVE ELEMENT        424 INTEGRATION POINT 4, MIXED MODE STRAIN= 5.059149238E-01 AT TIME  1.598975000E+00
      DELETE CONNECTION SOLID ELEMENT        424 AT TIME  1.598975000E+00
     FAILURE COHESIVE ELEMENT        433 INTEGRATION POINT 1, MIXED MODE STRAIN= 5.010514887E-01 AT TIME  1.599000000E+00
     FAILURE COHESIVE ELEMENT        423 INTEGRATION POINT 1, MIXED MODE STRAIN= 5.060111759E-01 AT TIME  1.599000000E+00
     FAILURE COHESIVE ELEMENT        425 INTEGRATION POINT 1, MIXED MODE STRAIN= 5.059470566E-01 AT TIME  1.599000000E+00
     FAILURE COHESIVE ELEMENT        437 INTEGRATION POINT 1, MIXED MODE STRAIN= 5.009972422E-01 AT TIME  1.599000000E+00
     FAILURE COHESIVE ELEMENT        411 INTEGRATION POINT 2, MIXED MODE STRAIN= 5.092953501E-01 AT TIME  1.599000000E+00
     FAILURE COHESIVE ELEMENT        412 INTEGRATION POINT 2, MIXED MODE STRAIN= 5.090771143E-01 AT TIME  1.599000000E+00
     FAILURE COHESIVE ELEMENT        423 INTEGRATION POINT 2, MIXED MODE STRAIN= 5.026261542E-01 AT TIME  1.599000000E+00
     FAILURE COHESIVE ELEMENT        413 INTEGRATION POINT 2, MIXED MODE STRAIN= 5.089770240E-01 AT TIME  1.599000000E+00
     FAILURE COHESIVE ELEMENT        425 INTEGRATION POINT 2, MIXED MODE STRAIN= 5.025829551E-01 AT TIME  1.599000000E+00
     FAILURE COHESIVE ELEMENT        423 INTEGRATION POINT 3, MIXED MODE STRAIN= 5.025829551E-01 AT TIME  1.599000000E+00
     FAILURE COHESIVE ELEMENT        413 INTEGRATION POINT 3, MIXED MODE STRAIN= 5.089770240E-01 AT TIME  1.599000000E+00
     FAILURE COHESIVE ELEMENT        414 INTEGRATION POINT 3, MIXED MODE STRAIN= 5.090771143E-01 AT TIME  1.599000000E+00
     FAILURE COHESIVE ELEMENT        425 INTEGRATION POINT 3, MIXED MODE STRAIN= 5.026261542E-01 AT TIME  1.599000000E+00
     FAILURE COHESIVE ELEMENT        415 INTEGRATION POINT 3, MIXED MODE STRAIN= 5.092953501E-01 AT TIME  1.599000000E+00
     FAILURE COHESIVE ELEMENT        433 INTEGRATION POINT 4, MIXED MODE STRAIN= 5.009972422E-01 AT TIME  1.599000000E+00
     FAILURE COHESIVE ELEMENT        423 INTEGRATION POINT 4, MIXED MODE STRAIN= 5.059470566E-01 AT TIME  1.599000000E+00
     FAILURE COHESIVE ELEMENT        425 INTEGRATION POINT 4, MIXED MODE STRAIN= 5.060111759E-01 AT TIME  1.599000000E+00
     FAILURE COHESIVE ELEMENT        437 INTEGRATION POINT 4, MIXED MODE STRAIN= 5.010514887E-01 AT TIME  1.599000000E+00
      DELETE CONNECTION SOLID ELEMENT        433 AT TIME  1.599000000E+00
      DELETE CONNECTION SOLID ELEMENT        423 AT TIME  1.599000000E+00
      DELETE CONNECTION SOLID ELEMENT        413 AT TIME  1.599000000E+00
      DELETE CONNECTION SOLID ELEMENT        425 AT TIME  1.599000000E+00
      DELETE CONNECTION SOLID ELEMENT        437 AT TIME  1.599000000E+00
     FAILURE COHESIVE ELEMENT        410 INTEGRATION POINT 2, MIXED MODE STRAIN= 5.096544992E-01 AT TIME  1.599025000E+00
     FAILURE COHESIVE ELEMENT        414 INTEGRATION POINT 2, MIXED MODE STRAIN= 5.090263107E-01 AT TIME  1.599025000E+00
     FAILURE COHESIVE ELEMENT        415 INTEGRATION POINT 2, MIXED MODE STRAIN= 5.091632118E-01 AT TIME  1.599025000E+00
     FAILURE COHESIVE ELEMENT        438 INTEGRATION POINT 2, MIXED MODE STRAIN= 5.000260108E-01 AT TIME  1.599025000E+00
     FAILURE COHESIVE ELEMENT        432 INTEGRATION POINT 3, MIXED MODE STRAIN= 5.000260108E-01 AT TIME  1.599025000E+00
     FAILURE COHESIVE ELEMENT        411 INTEGRATION POINT 3, MIXED MODE STRAIN= 5.091632118E-01 AT TIME  1.599025000E+00
     FAILURE COHESIVE ELEMENT        412 INTEGRATION POINT 3, MIXED MODE STRAIN= 5.090263107E-01 AT TIME  1.599025000E+00
     FAILURE COHESIVE ELEMENT        416 INTEGRATION POINT 3, MIXED MODE STRAIN= 5.096544992E-01 AT TIME  1.599025000E+00
      DELETE CONNECTION SOLID ELEMENT        411 AT TIME  1.599025000E+00
      DELETE CONNECTION SOLID ELEMENT        412 AT TIME  1.599025000E+00
      DELETE CONNECTION SOLID ELEMENT        414 AT TIME  1.599025000E+00
      DELETE CONNECTION SOLID ELEMENT        415 AT TIME  1.599025000E+00
     FAILURE COHESIVE ELEMENT        422 INTEGRATION POINT 1, MIXED MODE STRAIN= 5.062131203E-01 AT TIME  1.599050000E+00
     FAILURE COHESIVE ELEMENT        426 INTEGRATION POINT 1, MIXED MODE STRAIN= 5.060822043E-01 AT TIME  1.599050000E+00
     FAILURE COHESIVE ELEMENT        432 INTEGRATION POINT 2, MIXED MODE STRAIN= 5.000567083E-01 AT TIME  1.599050000E+00
     FAILURE COHESIVE ELEMENT        438 INTEGRATION POINT 3, MIXED MODE STRAIN= 5.000567083E-01 AT TIME  1.599050000E+00
     FAILURE COHESIVE ELEMENT        422 INTEGRATION POINT 4, MIXED MODE STRAIN= 5.060822043E-01 AT TIME  1.599050000E+00
     FAILURE COHESIVE ELEMENT        426 INTEGRATION POINT 4, MIXED MODE STRAIN= 5.062131203E-01 AT TIME  1.599050000E+00
     FAILURE COHESIVE ELEMENT        409 INTEGRATION POINT 2, MIXED MODE STRAIN= 5.101575202E-01 AT TIME  1.599075000E+00
     FAILURE COHESIVE ELEMENT        422 INTEGRATION POINT 2, MIXED MODE STRAIN= 5.027806853E-01 AT TIME  1.599075000E+00
     FAILURE COHESIVE ELEMENT        426 INTEGRATION POINT 2, MIXED MODE STRAIN= 5.026920303E-01 AT TIME  1.599075000E+00
     FAILURE COHESIVE ELEMENT        416 INTEGRATION POINT 2, MIXED MODE STRAIN= 5.094654118E-01 AT TIME  1.599075000E+00
     FAILURE COHESIVE ELEMENT        410 INTEGRATION POINT 3, MIXED MODE STRAIN= 5.094654118E-01 AT TIME  1.599075000E+00
     FAILURE COHESIVE ELEMENT        422 INTEGRATION POINT 3, MIXED MODE STRAIN= 5.026920303E-01 AT TIME  1.599075000E+00
     FAILURE COHESIVE ELEMENT        426 INTEGRATION POINT 3, MIXED MODE STRAIN= 5.027806853E-01 AT TIME  1.599075000E+00
     FAILURE COHESIVE ELEMENT        417 INTEGRATION POINT 3, MIXED MODE STRAIN= 5.101575202E-01 AT TIME  1.599075000E+00
      DELETE CONNECTION SOLID ELEMENT        410 AT TIME  1.599075000E+00
      DELETE CONNECTION SOLID ELEMENT        422 AT TIME  1.599075000E+00
      DELETE CONNECTION SOLID ELEMENT        426 AT TIME  1.599075000E+00
      DELETE CONNECTION SOLID ELEMENT        416 AT TIME  1.599075000E+00
     FAILURE COHESIVE ELEMENT        408 INTEGRATION POINT 2, MIXED MODE STRAIN= 5.107949635E-01 AT TIME  1.599125000E+00
     FAILURE COHESIVE ELEMENT        417 INTEGRATION POINT 2, MIXED MODE STRAIN= 5.098800073E-01 AT TIME  1.599125000E+00
     FAILURE COHESIVE ELEMENT        409 INTEGRATION POINT 3, MIXED MODE STRAIN= 5.098800073E-01 AT TIME  1.599125000E+00
     FAILURE COHESIVE ELEMENT        418 INTEGRATION POINT 3, MIXED MODE STRAIN= 5.107949635E-01 AT TIME  1.599125000E+00
      DELETE CONNECTION SOLID ELEMENT        409 AT TIME  1.599125000E+00
      DELETE CONNECTION SOLID ELEMENT        417 AT TIME  1.599125000E+00
     FAILURE COHESIVE ELEMENT        421 INTEGRATION POINT 1, MIXED MODE STRAIN= 5.065498726E-01 AT TIME  1.599150000E+00
     FAILURE COHESIVE ELEMENT        432 INTEGRATION POINT 1, MIXED MODE STRAIN= 5.012186903E-01 AT TIME  1.599150000E+00
     FAILURE COHESIVE ELEMENT        438 INTEGRATION POINT 1, MIXED MODE STRAIN= 5.011331144E-01 AT TIME  1.599150000E+00
     FAILURE COHESIVE ELEMENT        432 INTEGRATION POINT 4, MIXED MODE STRAIN= 5.011331144E-01 AT TIME  1.599150000E+00
     FAILURE COHESIVE ELEMENT        427 INTEGRATION POINT 4, MIXED MODE STRAIN= 5.065498726E-01 AT TIME  1.599150000E+00
     FAILURE COHESIVE ELEMENT        438 INTEGRATION POINT 4, MIXED MODE STRAIN= 5.012186903E-01 AT TIME  1.599150000E+00
      DELETE CONNECTION SOLID ELEMENT        432 AT TIME  1.599150000E+00
      DELETE CONNECTION SOLID ELEMENT        438 AT TIME  1.599150000E+00
     FAILURE COHESIVE ELEMENT        427 INTEGRATION POINT 1, MIXED MODE STRAIN= 5.063741123E-01 AT TIME  1.599175000E+00
     FAILURE COHESIVE ELEMENT        421 INTEGRATION POINT 4, MIXED MODE STRAIN= 5.063741123E-01 AT TIME  1.599175000E+00
     FAILURE COHESIVE ELEMENT        427 INTEGRATION POINT 2, MIXED MODE STRAIN= 5.028868645E-01 AT TIME  1.599200000E+00
     FAILURE COHESIVE ELEMENT        418 INTEGRATION POINT 2, MIXED MODE STRAIN= 5.104559005E-01 AT TIME  1.599200000E+00
     FAILURE COHESIVE ELEMENT        408 INTEGRATION POINT 3, MIXED MODE STRAIN= 5.104559005E-01 AT TIME  1.599200000E+00
     FAILURE COHESIVE ELEMENT        421 INTEGRATION POINT 3, MIXED MODE STRAIN= 5.028868645E-01 AT TIME  1.599200000E+00
      DELETE CONNECTION SOLID ELEMENT        408 AT TIME  1.599200000E+00
      DELETE CONNECTION SOLID ELEMENT        418 AT TIME  1.599200000E+00
     FAILURE COHESIVE ELEMENT        431 INTEGRATION POINT 2, MIXED MODE STRAIN= 5.000984877E-01 AT TIME  1.599225000E+00
     FAILURE COHESIVE ELEMENT        421 INTEGRATION POINT 2, MIXED MODE STRAIN= 5.030486301E-01 AT TIME  1.599225000E+00
     FAILURE COHESIVE ELEMENT        439 INTEGRATION POINT 2, MIXED MODE STRAIN= 5.000773302E-01 AT TIME  1.599225000E+00
     FAILURE COHESIVE ELEMENT        431 INTEGRATION POINT 3, MIXED MODE STRAIN= 5.000773302E-01 AT TIME  1.599225000E+00
     FAILURE COHESIVE ELEMENT        427 INTEGRATION POINT 3, MIXED MODE STRAIN= 5.030486301E-01 AT TIME  1.599225000E+00
     FAILURE COHESIVE ELEMENT        439 INTEGRATION POINT 3, MIXED MODE STRAIN= 5.000984877E-01 AT TIME  1.599225000E+00
      DELETE CONNECTION SOLID ELEMENT        421 AT TIME  1.599225000E+00
      DELETE CONNECTION SOLID ELEMENT        427 AT TIME  1.599225000E+00
     FAILURE COHESIVE ELEMENT        420 INTEGRATION POINT 1, MIXED MODE STRAIN= 5.070497022E-01 AT TIME  1.599325000E+00
     FAILURE COHESIVE ELEMENT        428 INTEGRATION POINT 1, MIXED MODE STRAIN= 5.067696651E-01 AT TIME  1.599325000E+00
     FAILURE COHESIVE ELEMENT        420 INTEGRATION POINT 4, MIXED MODE STRAIN= 5.067696651E-01 AT TIME  1.599325000E+00
     FAILURE COHESIVE ELEMENT        428 INTEGRATION POINT 4, MIXED MODE STRAIN= 5.070497022E-01 AT TIME  1.599325000E+00
     FAILURE COHESIVE ELEMENT        431 INTEGRATION POINT 1, MIXED MODE STRAIN= 5.014600855E-01 AT TIME  1.599350000E+00
     FAILURE COHESIVE ELEMENT        439 INTEGRATION POINT 1, MIXED MODE STRAIN= 5.013387049E-01 AT TIME  1.599350000E+00
     FAILURE COHESIVE ELEMENT        431 INTEGRATION POINT 4, MIXED MODE STRAIN= 5.013387049E-01 AT TIME  1.599350000E+00
     FAILURE COHESIVE ELEMENT        439 INTEGRATION POINT 4, MIXED MODE STRAIN= 5.014600855E-01 AT TIME  1.599350000E+00
      DELETE CONNECTION SOLID ELEMENT        431 AT TIME  1.599350000E+00
      DELETE CONNECTION SOLID ELEMENT        439 AT TIME  1.599350000E+00
     FAILURE COHESIVE ELEMENT        420 INTEGRATION POINT 2, MIXED MODE STRAIN= 5.034057661E-01 AT TIME  1.599425000E+00
     FAILURE COHESIVE ELEMENT        428 INTEGRATION POINT 2, MIXED MODE STRAIN= 5.032136737E-01 AT TIME  1.599425000E+00
     FAILURE COHESIVE ELEMENT        420 INTEGRATION POINT 3, MIXED MODE STRAIN= 5.032136737E-01 AT TIME  1.599425000E+00
     FAILURE COHESIVE ELEMENT        428 INTEGRATION POINT 3, MIXED MODE STRAIN= 5.034057661E-01 AT TIME  1.599425000E+00
      DELETE CONNECTION SOLID ELEMENT        420 AT TIME  1.599425000E+00
      DELETE CONNECTION SOLID ELEMENT        428 AT TIME  1.599425000E+00
     FAILURE COHESIVE ELEMENT        440 INTEGRATION POINT 2, MIXED MODE STRAIN= 5.001332740E-01 AT TIME  1.599450000E+00
     FAILURE COHESIVE ELEMENT        430 INTEGRATION POINT 3, MIXED MODE STRAIN= 5.001332740E-01 AT TIME  1.599450000E+00
     FAILURE COHESIVE ELEMENT        430 INTEGRATION POINT 2, MIXED MODE STRAIN= 5.001918498E-01 AT TIME  1.599475000E+00
     FAILURE COHESIVE ELEMENT        440 INTEGRATION POINT 3, MIXED MODE STRAIN= 5.001918498E-01 AT TIME  1.599475000E+00
     FAILURE COHESIVE ELEMENT        419 INTEGRATION POINT 1, MIXED MODE STRAIN= 5.076738359E-01 AT TIME  1.599500000E+00
     FAILURE COHESIVE ELEMENT        429 INTEGRATION POINT 4, MIXED MODE STRAIN= 5.076738359E-01 AT TIME  1.599500000E+00
     FAILURE COHESIVE ELEMENT        429 INTEGRATION POINT 1, MIXED MODE STRAIN= 5.073367454E-01 AT TIME  1.599525000E+00
     FAILURE COHESIVE ELEMENT        419 INTEGRATION POINT 4, MIXED MODE STRAIN= 5.073367454E-01 AT TIME  1.599525000E+00
     FAILURE COHESIVE ELEMENT        440 INTEGRATION POINT 1, MIXED MODE STRAIN= 5.016151248E-01 AT TIME  1.599600000E+00
     FAILURE COHESIVE ELEMENT        430 INTEGRATION POINT 4, MIXED MODE STRAIN= 5.016151248E-01 AT TIME  1.599600000E+00
     FAILURE COHESIVE ELEMENT        430 INTEGRATION POINT 1, MIXED MODE STRAIN= 5.017949337E-01 AT TIME  1.599625000E+00
     FAILURE COHESIVE ELEMENT        440 INTEGRATION POINT 4, MIXED MODE STRAIN= 5.017949337E-01 AT TIME  1.599625000E+00
      DELETE CONNECTION SOLID ELEMENT        430 AT TIME  1.599625000E+00
      DELETE CONNECTION SOLID ELEMENT        440 AT TIME  1.599625000E+00
     FAILURE COHESIVE ELEMENT        419 INTEGRATION POINT 2, MIXED MODE STRAIN= 5.038871181E-01 AT TIME  1.599675000E+00
     FAILURE COHESIVE ELEMENT        429 INTEGRATION POINT 2, MIXED MODE STRAIN= 5.036393569E-01 AT TIME  1.599675000E+00
     FAILURE COHESIVE ELEMENT        419 INTEGRATION POINT 3, MIXED MODE STRAIN= 5.036393569E-01 AT TIME  1.599675000E+00
     FAILURE COHESIVE ELEMENT        429 INTEGRATION POINT 3, MIXED MODE STRAIN= 5.038871181E-01 AT TIME  1.599675000E+00
      DELETE CONNECTION SOLID ELEMENT        419 AT TIME  1.599675000E+00
      DELETE CONNECTION SOLID ELEMENT        429 AT TIME  1.599675000E+00
 NC=   64000 T= 1.6000E+00 DT= 2.5000E-05 ERR=  0.0% DM/M= 0.0000E+00
 ELAPSED TIME=         20.07 s  REMAINING TIME=         42.64 s
 NC=   64100 T= 1.6025E+00 DT= 2.5000E-05 ERR=  0.0% DM/M= 0.0000E+00
 ELAPSED TIME=         20.10 s  REMAINING TIME=         42.61 s
 NC=   64200 T= 1.6050E+00 DT= 2.5000E-05 ERR=  0.0% DM/M= 0.0000E+00
 ELAPSED TIME=         20.13 s  REMAINING TIME=         42.57 s
 NC=   64300 T= 1.6075E+00 DT= 2.5000E-05 ERR=  0.0% DM/M= 0.0000E+00
 ELAPSED TIME=         20.15 s  REMAINING TIME=         42.53 s
 NC=   64400 T= 1.6100E+00 DT= 2.5000E-05 ERR=  0.0% DM/M= 0.0000E+00
 ELAPSED TIME=         20.18 s  REMAINING TIME=         42.49 s
 NC=   64500 T= 1.6125E+00 DT= 2.5000E-05 ERR=  0.0% DM/M= 0.0000E+00
 ELAPSED TIME=         20.22 s  REMAINING TIME=         42.47 s
 NC=   64600 T= 1.6150E+00 DT= 2.5000E-05 ERR=  0.0% DM/M= 0.0000E+00
 ELAPSED TIME=         20.24 s  REMAINING TIME=         42.43 s
 NC=   64700 T= 1.6175E+00 DT= 2.5000E-05 ERR=  0.0% DM/M= 0.0000E+00
 ELAPSED TIME=         20.27 s  REMAINING TIME=         42.39 s
 NC=   64800 T= 1.6200E+00 DT= 2.5000E-05 ERR=  0.0% DM/M= 0.0000E+00
 ELAPSED TIME=         20.30 s  REMAINING TIME=         42.35 s
 NC=   64900 T= 1.6225E+00 DT= 2.5000E-05 ERR=  0.0% DM/M= 0.0000E+00
 ELAPSED TIME=         20.33 s  REMAINING TIME=         42.32 s
 NC=   65000 T= 1.6250E+00 DT= 2.5000E-05 ERR=  0.0% DM/M= 0.0000E+00
 ELAPSED TIME=         20.36 s  REMAINING TIME=         42.28 s
 NC=   65100 T= 1.6275E+00 DT= 2.5000E-05 ERR=  0.0% DM/M= 0.0000E+00
 ELAPSED TIME=         20.39 s  REMAINING TIME=         42.24 s
 NC=   65200 T= 1.6300E+00 DT= 2.5000E-05 ERR=  0.0% DM/M= 0.0000E+00
 ELAPSED TIME=         20.41 s  REMAINING TIME=         42.20 s
 NC=   65300 T= 1.6325E+00 DT= 2.5000E-05 ERR=  0.0% DM/M= 0.0000E+00
 ELAPSED TIME=         20.45 s  REMAINING TIME=         42.18 s
 NC=   65400 T= 1.6350E+00 DT= 2.5000E-05 ERR=  0.0% DM/M= 0.0000E+00
 ELAPSED TIME=         20.47 s  REMAINING TIME=         42.14 s
 NC=   65500 T= 1.6375E+00 DT= 2.5000E-05 ERR=  0.0% DM/M= 0.0000E+00
 ELAPSED TIME=         20.50 s  REMAINING TIME=         42.10 s
 NC=   65600 T= 1.6400E+00 DT= 2.5000E-05 ERR=  0.0% DM/M= 0.0000E+00
 ELAPSED TIME=         20.53 s  REMAINING TIME=         42.06 s
 NC=   65700 T= 1.6425E+00 DT= 2.5000E-05 ERR=  0.0% DM/M= 0.0000E+00
 ELAPSED TIME=         20.56 s  REMAINING TIME=         42.03 s
 NC=   65800 T= 1.6450E+00 DT= 2.5000E-05 ERR=  0.0% DM/M= 0.0000E+00
 ELAPSED TIME=         20.59 s  REMAINING TIME=         41.99 s
 NC=   65900 T= 1.6475E+00 DT= 2.5000E-05 ERR=  0.0% DM/M= 0.0000E+00
 ELAPSED TIME=         20.62 s  REMAINING TIME=         41.95 s
 NC=   66000 T= 1.6500E+00 DT= 2.5000E-05 ERR=  0.0% DM/M= 0.0000E+00
 ELAPSED TIME=         20.64 s  REMAINING TIME=         41.91 s
 NC=   66100 T= 1.6525E+00 DT= 2.5000E-05 ERR=  0.0% DM/M= 0.0000E+00
 ELAPSED TIME=         20.68 s  REMAINING TIME=         41.89 s
 NC=   66200 T= 1.6550E+00 DT= 2.5000E-05 ERR=  0.0% DM/M= 0.0000E+00
 ELAPSED TIME=         20.70 s  REMAINING TIME=         41.85 s
 NC=   66300 T= 1.6575E+00 DT= 2.5000E-05 ERR=  0.0% DM/M= 0.0000E+00
 ELAPSED TIME=         20.73 s  REMAINING TIME=         41.81 s
 NC=   66400 T= 1.6600E+00 DT= 2.5000E-05 ERR=  0.0% DM/M= 0.0000E+00
 ELAPSED TIME=         20.76 s  REMAINING TIME=         41.77 s
 NC=   66500 T= 1.6625E+00 DT= 2.5000E-05 ERR=  0.0% DM/M= 0.0000E+00
 ELAPSED TIME=         20.79 s  REMAINING TIME=         41.74 s
 NC=   66600 T= 1.6650E+00 DT= 2.5000E-05 ERR=  0.0% DM/M= 0.0000E+00
 ELAPSED TIME=         20.82 s  REMAINING TIME=         41.70 s
     ANIMATION FILE: I02D_LAP_HALFDT_H025_R5A011 WRITTEN
 NC=   66700 T= 1.6675E+00 DT= 2.5000E-05 ERR=  0.0% DM/M= 0.0000E+00
 ELAPSED TIME=         20.85 s  REMAINING TIME=         41.67 s
 NC=   66800 T= 1.6700E+00 DT= 2.5000E-05 ERR=  0.0% DM/M= 0.0000E+00
 ELAPSED TIME=         20.88 s  REMAINING TIME=         41.63 s
 NC=   66900 T= 1.6725E+00 DT= 2.5000E-05 ERR=  0.0% DM/M= 0.0000E+00
 ELAPSED TIME=         20.91 s  REMAINING TIME=         41.60 s
 NC=   67000 T= 1.6750E+00 DT= 2.5000E-05 ERR=  0.0% DM/M= 0.0000E+00
 ELAPSED TIME=         20.94 s  REMAINING TIME=         41.56 s
 NC=   67100 T= 1.6775E+00 DT= 2.5000E-05 ERR=  0.0% DM/M= 0.0000E+00
 ELAPSED TIME=         20.96 s  REMAINING TIME=         41.52 s
 NC=   67200 T= 1.6800E+00 DT= 2.5000E-05 ERR=  0.0% DM/M= 0.0000E+00
 ELAPSED TIME=         20.99 s  REMAINING TIME=         41.48 s
 NC=   67300 T= 1.6825E+00 DT= 2.5000E-05 ERR=  0.0% DM/M= 0.0000E+00
 ELAPSED TIME=         21.02 s  REMAINING TIME=         41.46 s
 NC=   67400 T= 1.6850E+00 DT= 2.5000E-05 ERR=  0.0% DM/M= 0.0000E+00
 ELAPSED TIME=         21.05 s  REMAINING TIME=         41.42 s
 NC=   67500 T= 1.6875E+00 DT= 2.5000E-05 ERR=  0.0% DM/M= 0.0000E+00
 ELAPSED TIME=         21.08 s  REMAINING TIME=         41.38 s
 NC=   67600 T= 1.6900E+00 DT= 2.5000E-05 ERR=  0.0% DM/M= 0.0000E+00
 ELAPSED TIME=         21.11 s  REMAINING TIME=         41.34 s
 NC=   67700 T= 1.6925E+00 DT= 2.5000E-05 ERR=  0.0% DM/M= 0.0000E+00
 ELAPSED TIME=         21.14 s  REMAINING TIME=         41.31 s
 NC=   67800 T= 1.6950E+00 DT= 2.5000E-05 ERR=  0.0% DM/M= 0.0000E+00
 ELAPSED TIME=         21.17 s  REMAINING TIME=         41.27 s
 NC=   67900 T= 1.6975E+00 DT= 2.5000E-05 ERR=  0.0% DM/M= 0.0000E+00
 ELAPSED TIME=         21.19 s  REMAINING TIME=         41.23 s
 NC=   68000 T= 1.7000E+00 DT= 2.5000E-05 ERR=  0.0% DM/M= 0.0000E+00
 ELAPSED TIME=         21.22 s  REMAINING TIME=         41.19 s
 NC=   68100 T= 1.7025E+00 DT= 2.5000E-05 ERR=  0.0% DM/M= 0.0000E+00
 ELAPSED TIME=         21.25 s  REMAINING TIME=         41.17 s
 NC=   68200 T= 1.7050E+00 DT= 2.5000E-05 ERR=  0.0% DM/M= 0.0000E+00
 ELAPSED TIME=         21.28 s  REMAINING TIME=         41.13 s
 NC=   68300 T= 1.7075E+00 DT= 2.5000E-05 ERR=  0.0% DM/M= 0.0000E+00
 ELAPSED TIME=         21.31 s  REMAINING TIME=         41.09 s
 NC=   68400 T= 1.7100E+00 DT= 2.5000E-05 ERR=  0.0% DM/M= 0.0000E+00
 ELAPSED TIME=         21.34 s  REMAINING TIME=         41.05 s
 NC=   68500 T= 1.7125E+00 DT= 2.5000E-05 ERR=  0.0% DM/M= 0.0000E+00
 ELAPSED TIME=         21.37 s  REMAINING TIME=         41.02 s
 NC=   68600 T= 1.7150E+00 DT= 2.5000E-05 ERR=  0.0% DM/M= 0.0000E+00
 ELAPSED TIME=         21.40 s  REMAINING TIME=         40.98 s
 NC=   68700 T= 1.7175E+00 DT= 2.5000E-05 ERR=  0.0% DM/M= 0.0000E+00
 ELAPSED TIME=         21.42 s  REMAINING TIME=         40.95 s
 NC=   68800 T= 1.7200E+00 DT= 2.5000E-05 ERR=  0.0% DM/M= 0.0000E+00
 ELAPSED TIME=         21.45 s  REMAINING TIME=         40.91 s
 NC=   68900 T= 1.7225E+00 DT= 2.5000E-05 ERR=  0.0% DM/M= 0.0000E+00
 ELAPSED TIME=         21.48 s  REMAINING TIME=         40.88 s
 NC=   69000 T= 1.7250E+00 DT= 2.5000E-05 ERR=  0.0% DM/M= 0.0000E+00
 ELAPSED TIME=         21.51 s  REMAINING TIME=         40.84 s
 NC=   69100 T= 1.7275E+00 DT= 2.5000E-05 ERR=  0.0% DM/M= 0.0000E+00
 ELAPSED TIME=         21.54 s  REMAINING TIME=         40.80 s
 NC=   69200 T= 1.7300E+00 DT= 2.5000E-05 ERR=  0.0% DM/M= 0.0000E+00
 ELAPSED TIME=         21.57 s  REMAINING TIME=         40.76 s
 NC=   69300 T= 1.7325E+00 DT= 2.5000E-05 ERR=  0.0% DM/M= 0.0000E+00
 ELAPSED TIME=         21.60 s  REMAINING TIME=         40.74 s
 NC=   69400 T= 1.7350E+00 DT= 2.5000E-05 ERR=  0.0% DM/M= 0.0000E+00
 ELAPSED TIME=         21.63 s  REMAINING TIME=         40.70 s
 NC=   69500 T= 1.7375E+00 DT= 2.5000E-05 ERR=  0.0% DM/M= 0.0000E+00
 ELAPSED TIME=         21.65 s  REMAINING TIME=         40.66 s
 NC=   69600 T= 1.7400E+00 DT= 2.5000E-05 ERR=  0.0% DM/M= 0.0000E+00
 ELAPSED TIME=         21.68 s  REMAINING TIME=         40.62 s
 NC=   69700 T= 1.7425E+00 DT= 2.5000E-05 ERR=  0.0% DM/M= 0.0000E+00
 ELAPSED TIME=         21.71 s  REMAINING TIME=         40.59 s
 NC=   69800 T= 1.7450E+00 DT= 2.5000E-05 ERR=  0.0% DM/M= 0.0000E+00
 ELAPSED TIME=         21.74 s  REMAINING TIME=         40.55 s
 NC=   69900 T= 1.7475E+00 DT= 2.5000E-05 ERR=  0.0% DM/M= 0.0000E+00
 ELAPSED TIME=         21.77 s  REMAINING TIME=         40.51 s
 NC=   70000 T= 1.7500E+00 DT= 2.5000E-05 ERR=  0.0% DM/M= 0.0000E+00
 ELAPSED TIME=         21.79 s  REMAINING TIME=         40.47 s
 NC=   70100 T= 1.7525E+00 DT= 2.5000E-05 ERR=  0.0% DM/M= 0.0000E+00
 ELAPSED TIME=         21.83 s  REMAINING TIME=         40.45 s
 NC=   70200 T= 1.7550E+00 DT= 2.5000E-05 ERR=  0.0% DM/M= 0.0000E+00
 ELAPSED TIME=         21.85 s  REMAINING TIME=         40.41 s
 NC=   70300 T= 1.7575E+00 DT= 2.5000E-05 ERR=  0.0% DM/M= 0.0000E+00
 ELAPSED TIME=         21.88 s  REMAINING TIME=         40.37 s
 NC=   70400 T= 1.7600E+00 DT= 2.5000E-05 ERR=  0.0% DM/M= 0.0000E+00
 ELAPSED TIME=         21.91 s  REMAINING TIME=         40.33 s
 NC=   70500 T= 1.7625E+00 DT= 2.5000E-05 ERR=  0.0% DM/M= 0.0000E+00
 ELAPSED TIME=         21.94 s  REMAINING TIME=         40.30 s
 NC=   70600 T= 1.7650E+00 DT= 2.5000E-05 ERR=  0.0% DM/M= 0.0000E+00
 ELAPSED TIME=         21.97 s  REMAINING TIME=         40.26 s
 NC=   70700 T= 1.7675E+00 DT= 2.5000E-05 ERR=  0.0% DM/M= 0.0000E+00
 ELAPSED TIME=         21.99 s  REMAINING TIME=         40.22 s
 NC=   70800 T= 1.7700E+00 DT= 2.5000E-05 ERR=  0.0% DM/M= 0.0000E+00
 ELAPSED TIME=         22.02 s  REMAINING TIME=         40.18 s
 NC=   70900 T= 1.7725E+00 DT= 2.5000E-05 ERR=  0.0% DM/M= 0.0000E+00
 ELAPSED TIME=         22.05 s  REMAINING TIME=         40.16 s
 NC=   71000 T= 1.7750E+00 DT= 2.5000E-05 ERR=  0.0% DM/M= 0.0000E+00
 ELAPSED TIME=         22.08 s  REMAINING TIME=         40.12 s
 NC=   71100 T= 1.7775E+00 DT= 2.5000E-05 ERR=  0.0% DM/M= 0.0000E+00
 ELAPSED TIME=         22.11 s  REMAINING TIME=         40.08 s
 NC=   71200 T= 1.7800E+00 DT= 2.5000E-05 ERR=  0.0% DM/M= 0.0000E+00
 ELAPSED TIME=         22.13 s  REMAINING TIME=         40.04 s
 NC=   71300 T= 1.7825E+00 DT= 2.5000E-05 ERR=  0.0% DM/M= 0.0000E+00
 ELAPSED TIME=         22.17 s  REMAINING TIME=         40.01 s
 NC=   71400 T= 1.7850E+00 DT= 2.5000E-05 ERR=  0.0% DM/M= 0.0000E+00
 ELAPSED TIME=         22.19 s  REMAINING TIME=         39.97 s
 NC=   71500 T= 1.7875E+00 DT= 2.5000E-05 ERR=  0.0% DM/M= 0.0000E+00
 ELAPSED TIME=         22.22 s  REMAINING TIME=         39.93 s
 NC=   71600 T= 1.7900E+00 DT= 2.5000E-05 ERR=  0.0% DM/M= 0.0000E+00
 ELAPSED TIME=         22.25 s  REMAINING TIME=         39.90 s
 NC=   71700 T= 1.7925E+00 DT= 2.5000E-05 ERR=  0.0% DM/M= 0.0000E+00
 ELAPSED TIME=         22.28 s  REMAINING TIME=         39.87 s
 NC=   71800 T= 1.7950E+00 DT= 2.5000E-05 ERR=  0.0% DM/M= 0.0000E+00
 ELAPSED TIME=         22.31 s  REMAINING TIME=         39.83 s
 NC=   71900 T= 1.7975E+00 DT= 2.5000E-05 ERR=  0.0% DM/M= 0.0000E+00
 ELAPSED TIME=         22.33 s  REMAINING TIME=         39.79 s
 NC=   72000 T= 1.8000E+00 DT= 2.5000E-05 ERR=  0.0% DM/M= 0.0000E+00
 ELAPSED TIME=         22.36 s  REMAINING TIME=         39.75 s
 NC=   72100 T= 1.8025E+00 DT= 2.5000E-05 ERR=  0.0% DM/M= 0.0000E+00
 ELAPSED TIME=         22.39 s  REMAINING TIME=         39.73 s
 NC=   72200 T= 1.8050E+00 DT= 2.5000E-05 ERR=  0.0% DM/M= 0.0000E+00
 ELAPSED TIME=         22.42 s  REMAINING TIME=         39.69 s
 NC=   72300 T= 1.8075E+00 DT= 2.5000E-05 ERR=  0.0% DM/M= 0.0000E+00
 ELAPSED TIME=         22.45 s  REMAINING TIME=         39.65 s
 NC=   72400 T= 1.8100E+00 DT= 2.5000E-05 ERR=  0.0% DM/M= 0.0000E+00
 ELAPSED TIME=         22.48 s  REMAINING TIME=         39.61 s
 NC=   72500 T= 1.8125E+00 DT= 2.5000E-05 ERR=  0.0% DM/M= 0.0000E+00
 ELAPSED TIME=         22.51 s  REMAINING TIME=         39.58 s
 NC=   72600 T= 1.8150E+00 DT= 2.5000E-05 ERR=  0.0% DM/M= 0.0000E+00
 ELAPSED TIME=         22.53 s  REMAINING TIME=         39.54 s
 NC=   72700 T= 1.8175E+00 DT= 2.5000E-05 ERR=  0.0% DM/M= 0.0000E+00
 ELAPSED TIME=         22.56 s  REMAINING TIME=         39.51 s
 NC=   72800 T= 1.8200E+00 DT= 2.5000E-05 ERR=  0.0% DM/M= 0.0000E+00
 ELAPSED TIME=         22.59 s  REMAINING TIME=         39.47 s
 NC=   72900 T= 1.8225E+00 DT= 2.5000E-05 ERR=  0.0% DM/M= 0.0000E+00
 ELAPSED TIME=         22.62 s  REMAINING TIME=         39.44 s
 NC=   73000 T= 1.8250E+00 DT= 2.5000E-05 ERR=  0.0% DM/M= 0.0000E+00
 ELAPSED TIME=         22.65 s  REMAINING TIME=         39.40 s
 NC=   73100 T= 1.8275E+00 DT= 2.5000E-05 ERR=  0.0% DM/M= 0.0000E+00
 ELAPSED TIME=         22.67 s  REMAINING TIME=         39.36 s
 NC=   73200 T= 1.8300E+00 DT= 2.5000E-05 ERR=  0.0% DM/M= 0.0000E+00
 ELAPSED TIME=         22.70 s  REMAINING TIME=         39.32 s
 NC=   73300 T= 1.8325E+00 DT= 2.5000E-05 ERR=  0.0% DM/M= 0.0000E+00
 ELAPSED TIME=         22.73 s  REMAINING TIME=         39.30 s
     ANIMATION FILE: I02D_LAP_HALFDT_H025_R5A012 WRITTEN
 NC=   73400 T= 1.8350E+00 DT= 2.5000E-05 ERR=  0.0% DM/M= 0.0000E+00
 ELAPSED TIME=         22.76 s  REMAINING TIME=         39.26 s
 NC=   73500 T= 1.8375E+00 DT= 2.5000E-05 ERR=  0.0% DM/M= 0.0000E+00
 ELAPSED TIME=         22.79 s  REMAINING TIME=         39.22 s
 NC=   73600 T= 1.8400E+00 DT= 2.5000E-05 ERR=  0.0% DM/M= 0.0000E+00
 ELAPSED TIME=         22.82 s  REMAINING TIME=         39.19 s
 NC=   73700 T= 1.8425E+00 DT= 2.5000E-05 ERR=  0.0% DM/M= 0.0000E+00
 ELAPSED TIME=         22.85 s  REMAINING TIME=         39.16 s
 NC=   73800 T= 1.8450E+00 DT= 2.5000E-05 ERR=  0.0% DM/M= 0.0000E+00
 ELAPSED TIME=         22.88 s  REMAINING TIME=         39.12 s
 NC=   73900 T= 1.8475E+00 DT= 2.5000E-05 ERR=  0.0% DM/M= 0.0000E+00
 ELAPSED TIME=         22.90 s  REMAINING TIME=         39.08 s
 NC=   74000 T= 1.8500E+00 DT= 2.5000E-05 ERR=  0.0% DM/M= 0.0000E+00
 ELAPSED TIME=         22.93 s  REMAINING TIME=         39.04 s
 NC=   74100 T= 1.8525E+00 DT= 2.5000E-05 ERR=  0.0% DM/M= 0.0000E+00
 ELAPSED TIME=         22.96 s  REMAINING TIME=         39.02 s
 NC=   74200 T= 1.8550E+00 DT= 2.5000E-05 ERR=  0.0% DM/M= 0.0000E+00
 ELAPSED TIME=         22.99 s  REMAINING TIME=         38.98 s
 NC=   74300 T= 1.8575E+00 DT= 2.5000E-05 ERR=  0.0% DM/M= 0.0000E+00
 ELAPSED TIME=         23.02 s  REMAINING TIME=         38.94 s
 NC=   74400 T= 1.8600E+00 DT= 2.5000E-05 ERR=  0.0% DM/M= 0.0000E+00
 ELAPSED TIME=         23.04 s  REMAINING TIME=         38.90 s
 NC=   74500 T= 1.8625E+00 DT= 2.5000E-05 ERR=  0.0% DM/M= 0.0000E+00
 ELAPSED TIME=         23.08 s  REMAINING TIME=         38.87 s
 NC=   74600 T= 1.8650E+00 DT= 2.5000E-05 ERR=  0.0% DM/M= 0.0000E+00
 ELAPSED TIME=         23.10 s  REMAINING TIME=         38.84 s
 NC=   74700 T= 1.8675E+00 DT= 2.5000E-05 ERR=  0.0% DM/M= 0.0000E+00
 ELAPSED TIME=         23.13 s  REMAINING TIME=         38.80 s
 NC=   74800 T= 1.8700E+00 DT= 2.5000E-05 ERR=  0.0% DM/M= 0.0000E+00
 ELAPSED TIME=         23.16 s  REMAINING TIME=         38.76 s
 NC=   74900 T= 1.8725E+00 DT= 2.5000E-05 ERR=  0.0% DM/M= 0.0000E+00
 ELAPSED TIME=         23.19 s  REMAINING TIME=         38.73 s
 NC=   75000 T= 1.8750E+00 DT= 2.5000E-05 ERR=  0.0% DM/M= 0.0000E+00
 ELAPSED TIME=         23.22 s  REMAINING TIME=         38.69 s
 NC=   75100 T= 1.8775E+00 DT= 2.5000E-05 ERR=  0.0% DM/M= 0.0000E+00
 ELAPSED TIME=         23.24 s  REMAINING TIME=         38.66 s
 NC=   75200 T= 1.8800E+00 DT= 2.5000E-05 ERR=  0.0% DM/M= 0.0000E+00
 ELAPSED TIME=         23.27 s  REMAINING TIME=         38.62 s
 NC=   75300 T= 1.8825E+00 DT= 2.5000E-05 ERR=  0.0% DM/M= 0.0000E+00
 ELAPSED TIME=         23.30 s  REMAINING TIME=         38.59 s
 NC=   75400 T= 1.8850E+00 DT= 2.5000E-05 ERR=  0.0% DM/M= 0.0000E+00
 ELAPSED TIME=         23.33 s  REMAINING TIME=         38.55 s
 NC=   75500 T= 1.8875E+00 DT= 2.5000E-05 ERR=  0.0% DM/M= 0.0000E+00
 ELAPSED TIME=         23.36 s  REMAINING TIME=         38.52 s
 NC=   75600 T= 1.8900E+00 DT= 2.5000E-05 ERR=  0.0% DM/M= 0.0000E+00
 ELAPSED TIME=         23.38 s  REMAINING TIME=         38.48 s
 NC=   75700 T= 1.8925E+00 DT= 2.5000E-05 ERR=  0.0% DM/M= 0.0000E+00
 ELAPSED TIME=         23.42 s  REMAINING TIME=         38.45 s
 NC=   75800 T= 1.8950E+00 DT= 2.5000E-05 ERR=  0.0% DM/M= 0.0000E+00
 ELAPSED TIME=         23.44 s  REMAINING TIME=         38.41 s
 NC=   75900 T= 1.8975E+00 DT= 2.5000E-05 ERR=  0.0% DM/M= 0.0000E+00
 ELAPSED TIME=         23.47 s  REMAINING TIME=         38.37 s
 NC=   76000 T= 1.9000E+00 DT= 2.5000E-05 ERR=  0.0% DM/M= 0.0000E+00
 ELAPSED TIME=         23.50 s  REMAINING TIME=         38.34 s
 NC=   76100 T= 1.9025E+00 DT= 2.5000E-05 ERR=  0.0% DM/M= 0.0000E+00
 ELAPSED TIME=         23.53 s  REMAINING TIME=         38.31 s
 NC=   76200 T= 1.9050E+00 DT= 2.5000E-05 ERR=  0.0% DM/M= 0.0000E+00
 ELAPSED TIME=         23.56 s  REMAINING TIME=         38.27 s
 NC=   76300 T= 1.9075E+00 DT= 2.5000E-05 ERR=  0.0% DM/M= 0.0000E+00
 ELAPSED TIME=         23.58 s  REMAINING TIME=         38.23 s
 NC=   76400 T= 1.9100E+00 DT= 2.5000E-05 ERR=  0.0% DM/M= 0.0000E+00
 ELAPSED TIME=         23.61 s  REMAINING TIME=         38.20 s
 NC=   76500 T= 1.9125E+00 DT= 2.5000E-05 ERR=  0.0% DM/M= 0.0000E+00
 ELAPSED TIME=         23.64 s  REMAINING TIME=         38.17 s
 NC=   76600 T= 1.9150E+00 DT= 2.5000E-05 ERR=  0.0% DM/M= 0.0000E+00
 ELAPSED TIME=         23.67 s  REMAINING TIME=         38.13 s
 NC=   76700 T= 1.9175E+00 DT= 2.5000E-05 ERR=  0.0% DM/M= 0.0000E+00
 ELAPSED TIME=         23.70 s  REMAINING TIME=         38.09 s
 NC=   76800 T= 1.9200E+00 DT= 2.5000E-05 ERR=  0.0% DM/M= 0.0000E+00
 ELAPSED TIME=         23.72 s  REMAINING TIME=         38.06 s
 NC=   76900 T= 1.9225E+00 DT= 2.5000E-05 ERR=  0.0% DM/M= 0.0000E+00
 ELAPSED TIME=         23.76 s  REMAINING TIME=         38.03 s
 NC=   77000 T= 1.9250E+00 DT= 2.5000E-05 ERR=  0.0% DM/M= 0.0000E+00
 ELAPSED TIME=         23.78 s  REMAINING TIME=         37.99 s
 NC=   77100 T= 1.9275E+00 DT= 2.5000E-05 ERR=  0.0% DM/M= 0.0000E+00
 ELAPSED TIME=         23.81 s  REMAINING TIME=         37.96 s
 NC=   77200 T= 1.9300E+00 DT= 2.5000E-05 ERR=  0.0% DM/M= 0.0000E+00
 ELAPSED TIME=         23.84 s  REMAINING TIME=         37.92 s
 NC=   77300 T= 1.9325E+00 DT= 2.5000E-05 ERR=  0.0% DM/M= 0.0000E+00
 ELAPSED TIME=         23.87 s  REMAINING TIME=         37.89 s
 NC=   77400 T= 1.9350E+00 DT= 2.5000E-05 ERR=  0.0% DM/M= 0.0000E+00
 ELAPSED TIME=         23.90 s  REMAINING TIME=         37.85 s
 NC=   77500 T= 1.9375E+00 DT= 2.5000E-05 ERR=  0.0% DM/M= 0.0000E+00
 ELAPSED TIME=         23.92 s  REMAINING TIME=         37.82 s
 NC=   77600 T= 1.9400E+00 DT= 2.5000E-05 ERR=  0.0% DM/M= 0.0000E+00
 ELAPSED TIME=         23.95 s  REMAINING TIME=         37.78 s
 NC=   77700 T= 1.9425E+00 DT= 2.5000E-05 ERR=  0.0% DM/M= 0.0000E+00
 ELAPSED TIME=         23.98 s  REMAINING TIME=         37.75 s
 NC=   77800 T= 1.9450E+00 DT= 2.5000E-05 ERR=  0.0% DM/M= 0.0000E+00
 ELAPSED TIME=         24.01 s  REMAINING TIME=         37.71 s
 NC=   77900 T= 1.9475E+00 DT= 2.5000E-05 ERR=  0.0% DM/M= 0.0000E+00
 ELAPSED TIME=         24.04 s  REMAINING TIME=         37.68 s
 NC=   78000 T= 1.9500E+00 DT= 2.5000E-05 ERR=  0.0% DM/M= 0.0000E+00
 ELAPSED TIME=         24.07 s  REMAINING TIME=         37.64 s
 NC=   78100 T= 1.9525E+00 DT= 2.5000E-05 ERR=  0.0% DM/M= 0.0000E+00
 ELAPSED TIME=         24.10 s  REMAINING TIME=         37.61 s
 NC=   78200 T= 1.9550E+00 DT= 2.5000E-05 ERR=  0.0% DM/M= 0.0000E+00
 ELAPSED TIME=         24.12 s  REMAINING TIME=         37.58 s
 NC=   78300 T= 1.9575E+00 DT= 2.5000E-05 ERR=  0.0% DM/M= 0.0000E+00
 ELAPSED TIME=         24.15 s  REMAINING TIME=         37.54 s
 NC=   78400 T= 1.9600E+00 DT= 2.5000E-05 ERR=  0.0% DM/M= 0.0000E+00
 ELAPSED TIME=         24.18 s  REMAINING TIME=         37.50 s
 NC=   78500 T= 1.9625E+00 DT= 2.5000E-05 ERR=  0.0% DM/M= 0.0000E+00
 ELAPSED TIME=         24.21 s  REMAINING TIME=         37.47 s
 NC=   78600 T= 1.9650E+00 DT= 2.5000E-05 ERR=  0.0% DM/M= 0.0000E+00
 ELAPSED TIME=         24.24 s  REMAINING TIME=         37.44 s
 NC=   78700 T= 1.9675E+00 DT= 2.5000E-05 ERR=  0.0% DM/M= 0.0000E+00
 ELAPSED TIME=         24.27 s  REMAINING TIME=         37.40 s
 NC=   78800 T= 1.9700E+00 DT= 2.5000E-05 ERR=  0.0% DM/M= 0.0000E+00
 ELAPSED TIME=         24.29 s  REMAINING TIME=         37.36 s
 NC=   78900 T= 1.9725E+00 DT= 2.5000E-05 ERR=  0.0% DM/M= 0.0000E+00
 ELAPSED TIME=         24.33 s  REMAINING TIME=         37.34 s
 NC=   79000 T= 1.9750E+00 DT= 2.5000E-05 ERR=  0.0% DM/M= 0.0000E+00
 ELAPSED TIME=         24.35 s  REMAINING TIME=         37.30 s
 NC=   79100 T= 1.9775E+00 DT= 2.5000E-05 ERR=  0.0% DM/M= 0.0000E+00
 ELAPSED TIME=         24.38 s  REMAINING TIME=         37.26 s
 NC=   79200 T= 1.9800E+00 DT= 2.5000E-05 ERR=  0.0% DM/M= 0.0000E+00
 ELAPSED TIME=         24.41 s  REMAINING TIME=         37.23 s
 NC=   79300 T= 1.9825E+00 DT= 2.5000E-05 ERR=  0.0% DM/M= 0.0000E+00
 ELAPSED TIME=         24.44 s  REMAINING TIME=         37.20 s
 NC=   79400 T= 1.9850E+00 DT= 2.5000E-05 ERR=  0.0% DM/M= 0.0000E+00
 ELAPSED TIME=         24.47 s  REMAINING TIME=         37.16 s
 NC=   79500 T= 1.9875E+00 DT= 2.5000E-05 ERR=  0.0% DM/M= 0.0000E+00
 ELAPSED TIME=         24.49 s  REMAINING TIME=         37.12 s
 NC=   79600 T= 1.9900E+00 DT= 2.5000E-05 ERR=  0.0% DM/M= 0.0000E+00
 ELAPSED TIME=         24.52 s  REMAINING TIME=         37.09 s
 NC=   79700 T= 1.9925E+00 DT= 2.5000E-05 ERR=  0.0% DM/M= 0.0000E+00
 ELAPSED TIME=         24.55 s  REMAINING TIME=         37.06 s
 NC=   79800 T= 1.9950E+00 DT= 2.5000E-05 ERR=  0.0% DM/M= 0.0000E+00
 ELAPSED TIME=         24.58 s  REMAINING TIME=         37.02 s
 NC=   79900 T= 1.9975E+00 DT= 2.5000E-05 ERR=  0.0% DM/M= 0.0000E+00
 ELAPSED TIME=         24.61 s  REMAINING TIME=         36.99 s
 NC=   80000 T= 2.0000E+00 DT= 2.5000E-05 ERR=  0.0% DM/M= 0.0000E+00
 ELAPSED TIME=         24.63 s  REMAINING TIME=         36.95 s
     ANIMATION FILE: I02D_LAP_HALFDT_H025_R5A013 WRITTEN
 NC=   80100 T= 2.0025E+00 DT= 2.5000E-05 ERR=  0.0% DM/M= 0.0000E+00
 ELAPSED TIME=         24.67 s  REMAINING TIME=         36.92 s
 NC=   80200 T= 2.0050E+00 DT= 2.5000E-05 ERR=  0.0% DM/M= 0.0000E+00
 ELAPSED TIME=         24.69 s  REMAINING TIME=         36.89 s
 NC=   80300 T= 2.0075E+00 DT= 2.5000E-05 ERR=  0.0% DM/M= 0.0000E+00
 ELAPSED TIME=         24.72 s  REMAINING TIME=         36.85 s
 NC=   80400 T= 2.0100E+00 DT= 2.5000E-05 ERR=  0.0% DM/M= 0.0000E+00
 ELAPSED TIME=         24.75 s  REMAINING TIME=         36.82 s
 NC=   80500 T= 2.0125E+00 DT= 2.5000E-05 ERR=  0.0% DM/M= 0.0000E+00
 ELAPSED TIME=         24.78 s  REMAINING TIME=         36.79 s
 NC=   80600 T= 2.0150E+00 DT= 2.5000E-05 ERR=  0.0% DM/M= 0.0000E+00
 ELAPSED TIME=         24.81 s  REMAINING TIME=         36.75 s
 NC=   80700 T= 2.0175E+00 DT= 2.5000E-05 ERR=  0.0% DM/M= 0.0000E+00
 ELAPSED TIME=         24.84 s  REMAINING TIME=         36.71 s
 NC=   80800 T= 2.0200E+00 DT= 2.5000E-05 ERR=  0.0% DM/M= 0.0000E+00
 ELAPSED TIME=         24.86 s  REMAINING TIME=         36.68 s
 NC=   80900 T= 2.0225E+00 DT= 2.5000E-05 ERR=  0.0% DM/M= 0.0000E+00
 ELAPSED TIME=         24.90 s  REMAINING TIME=         36.65 s
 NC=   81000 T= 2.0250E+00 DT= 2.5000E-05 ERR=  0.0% DM/M= 0.0000E+00
 ELAPSED TIME=         24.92 s  REMAINING TIME=         36.61 s
 NC=   81100 T= 2.0275E+00 DT= 2.5000E-05 ERR=  0.0% DM/M= 0.0000E+00
 ELAPSED TIME=         24.95 s  REMAINING TIME=         36.58 s
 NC=   81200 T= 2.0300E+00 DT= 2.5000E-05 ERR=  0.0% DM/M= 0.0000E+00
 ELAPSED TIME=         24.98 s  REMAINING TIME=         36.54 s
 NC=   81300 T= 2.0325E+00 DT= 2.5000E-05 ERR=  0.0% DM/M= 0.0000E+00
 ELAPSED TIME=         25.01 s  REMAINING TIME=         36.51 s
 NC=   81400 T= 2.0350E+00 DT= 2.5000E-05 ERR=  0.0% DM/M= 0.0000E+00
 ELAPSED TIME=         25.04 s  REMAINING TIME=         36.48 s
 NC=   81500 T= 2.0375E+00 DT= 2.5000E-05 ERR=  0.0% DM/M= 0.0000E+00
 ELAPSED TIME=         25.06 s  REMAINING TIME=         36.44 s
 NC=   81600 T= 2.0400E+00 DT= 2.5000E-05 ERR=  0.0% DM/M= 0.0000E+00
 ELAPSED TIME=         25.09 s  REMAINING TIME=         36.41 s
 NC=   81700 T= 2.0425E+00 DT= 2.5000E-05 ERR=  0.0% DM/M= 0.0000E+00
 ELAPSED TIME=         25.12 s  REMAINING TIME=         36.38 s
 NC=   81800 T= 2.0450E+00 DT= 2.5000E-05 ERR=  0.0% DM/M= 0.0000E+00
 ELAPSED TIME=         25.15 s  REMAINING TIME=         36.34 s
 NC=   81900 T= 2.0475E+00 DT= 2.5000E-05 ERR=  0.0% DM/M= 0.0000E+00
 ELAPSED TIME=         25.18 s  REMAINING TIME=         36.31 s
 NC=   82000 T= 2.0500E+00 DT= 2.5000E-05 ERR=  0.0% DM/M= 0.0000E+00
 ELAPSED TIME=         25.20 s  REMAINING TIME=         36.27 s
 NC=   82100 T= 2.0525E+00 DT= 2.5000E-05 ERR=  0.0% DM/M= 0.0000E+00
 ELAPSED TIME=         25.24 s  REMAINING TIME=         36.24 s
 NC=   82200 T= 2.0550E+00 DT= 2.5000E-05 ERR=  0.0% DM/M= 0.0000E+00
 ELAPSED TIME=         25.26 s  REMAINING TIME=         36.21 s
 NC=   82300 T= 2.0575E+00 DT= 2.5000E-05 ERR=  0.0% DM/M= 0.0000E+00
 ELAPSED TIME=         25.29 s  REMAINING TIME=         36.17 s
 NC=   82400 T= 2.0600E+00 DT= 2.5000E-05 ERR=  0.0% DM/M= 0.0000E+00
 ELAPSED TIME=         25.32 s  REMAINING TIME=         36.13 s
 NC=   82500 T= 2.0625E+00 DT= 2.5000E-05 ERR=  0.0% DM/M= 0.0000E+00
 ELAPSED TIME=         25.35 s  REMAINING TIME=         36.11 s
 NC=   82600 T= 2.0650E+00 DT= 2.5000E-05 ERR=  0.0% DM/M= 0.0000E+00
 ELAPSED TIME=         25.38 s  REMAINING TIME=         36.07 s
 NC=   82700 T= 2.0675E+00 DT= 2.5000E-05 ERR=  0.0% DM/M= 0.0000E+00
 ELAPSED TIME=         25.41 s  REMAINING TIME=         36.03 s
 NC=   82800 T= 2.0700E+00 DT= 2.5000E-05 ERR=  0.0% DM/M= 0.0000E+00
 ELAPSED TIME=         25.43 s  REMAINING TIME=         36.00 s
 NC=   82900 T= 2.0725E+00 DT= 2.5000E-05 ERR=  0.0% DM/M= 0.0000E+00
 ELAPSED TIME=         25.47 s  REMAINING TIME=         35.97 s
 NC=   83000 T= 2.0750E+00 DT= 2.5000E-05 ERR=  0.0% DM/M= 0.0000E+00
 ELAPSED TIME=         25.49 s  REMAINING TIME=         35.93 s
 NC=   83100 T= 2.0775E+00 DT= 2.5000E-05 ERR=  0.0% DM/M= 0.0000E+00
 ELAPSED TIME=         25.52 s  REMAINING TIME=         35.90 s
 NC=   83200 T= 2.0800E+00 DT= 2.5000E-05 ERR=  0.0% DM/M= 0.0000E+00
 ELAPSED TIME=         25.55 s  REMAINING TIME=         35.86 s
 NC=   83300 T= 2.0825E+00 DT= 2.5000E-05 ERR=  0.0% DM/M= 0.0000E+00
 ELAPSED TIME=         25.58 s  REMAINING TIME=         35.84 s
 NC=   83400 T= 2.0850E+00 DT= 2.5000E-05 ERR=  0.0% DM/M= 0.0000E+00
 ELAPSED TIME=         25.61 s  REMAINING TIME=         35.80 s
 NC=   83500 T= 2.0875E+00 DT= 2.5000E-05 ERR=  0.0% DM/M= 0.0000E+00
 ELAPSED TIME=         25.63 s  REMAINING TIME=         35.76 s
 NC=   83600 T= 2.0900E+00 DT= 2.5000E-05 ERR=  0.0% DM/M= 0.0000E+00
 ELAPSED TIME=         25.66 s  REMAINING TIME=         35.73 s
 NC=   83700 T= 2.0925E+00 DT= 2.5000E-05 ERR=  0.0% DM/M= 0.0000E+00
 ELAPSED TIME=         25.69 s  REMAINING TIME=         35.70 s
 NC=   83800 T= 2.0950E+00 DT= 2.5000E-05 ERR=  0.0% DM/M= 0.0000E+00
 ELAPSED TIME=         25.72 s  REMAINING TIME=         35.66 s
 NC=   83900 T= 2.0975E+00 DT= 2.5000E-05 ERR=  0.0% DM/M= 0.0000E+00
 ELAPSED TIME=         25.75 s  REMAINING TIME=         35.63 s
 NC=   84000 T= 2.1000E+00 DT= 2.5000E-05 ERR=  0.0% DM/M= 0.0000E+00
 ELAPSED TIME=         25.77 s  REMAINING TIME=         35.59 s
 NC=   84100 T= 2.1025E+00 DT= 2.5000E-05 ERR=  0.0% DM/M= 0.0000E+00
 ELAPSED TIME=         25.81 s  REMAINING TIME=         35.57 s
 NC=   84200 T= 2.1050E+00 DT= 2.5000E-05 ERR=  0.0% DM/M= 0.0000E+00
 ELAPSED TIME=         25.83 s  REMAINING TIME=         35.53 s
 NC=   84300 T= 2.1075E+00 DT= 2.5000E-05 ERR=  0.0% DM/M= 0.0000E+00
 ELAPSED TIME=         25.86 s  REMAINING TIME=         35.49 s
 NC=   84400 T= 2.1100E+00 DT= 2.5000E-05 ERR=  0.0% DM/M= 0.0000E+00
 ELAPSED TIME=         25.89 s  REMAINING TIME=         35.46 s
 NC=   84500 T= 2.1125E+00 DT= 2.5000E-05 ERR=  0.0% DM/M= 0.0000E+00
 ELAPSED TIME=         25.92 s  REMAINING TIME=         35.43 s
 NC=   84600 T= 2.1150E+00 DT= 2.5000E-05 ERR=  0.0% DM/M= 0.0000E+00
 ELAPSED TIME=         25.95 s  REMAINING TIME=         35.40 s
 NC=   84700 T= 2.1175E+00 DT= 2.5000E-05 ERR=  0.0% DM/M= 0.0000E+00
 ELAPSED TIME=         25.98 s  REMAINING TIME=         35.36 s
 NC=   84800 T= 2.1200E+00 DT= 2.5000E-05 ERR=  0.0% DM/M= 0.0000E+00
 ELAPSED TIME=         26.00 s  REMAINING TIME=         35.32 s
 NC=   84900 T= 2.1225E+00 DT= 2.5000E-05 ERR=  0.0% DM/M= 0.0000E+00
 ELAPSED TIME=         26.04 s  REMAINING TIME=         35.30 s
 NC=   85000 T= 2.1250E+00 DT= 2.5000E-05 ERR=  0.0% DM/M= 0.0000E+00
 ELAPSED TIME=         26.06 s  REMAINING TIME=         35.26 s
 NC=   85100 T= 2.1275E+00 DT= 2.5000E-05 ERR=  0.0% DM/M= 0.0000E+00
 ELAPSED TIME=         26.09 s  REMAINING TIME=         35.23 s
 NC=   85200 T= 2.1300E+00 DT= 2.5000E-05 ERR=  0.0% DM/M= 0.0000E+00
 ELAPSED TIME=         26.12 s  REMAINING TIME=         35.19 s
 NC=   85300 T= 2.1325E+00 DT= 2.5000E-05 ERR=  0.0% DM/M= 0.0000E+00
 ELAPSED TIME=         26.15 s  REMAINING TIME=         35.16 s
 NC=   85400 T= 2.1350E+00 DT= 2.5000E-05 ERR=  0.0% DM/M= 0.0000E+00
 ELAPSED TIME=         26.18 s  REMAINING TIME=         35.13 s
 NC=   85500 T= 2.1375E+00 DT= 2.5000E-05 ERR=  0.0% DM/M= 0.0000E+00
 ELAPSED TIME=         26.20 s  REMAINING TIME=         35.09 s
 NC=   85600 T= 2.1400E+00 DT= 2.5000E-05 ERR=  0.0% DM/M= 0.0000E+00
 ELAPSED TIME=         26.23 s  REMAINING TIME=         35.06 s
 NC=   85700 T= 2.1425E+00 DT= 2.5000E-05 ERR=  0.0% DM/M= 0.0000E+00
 ELAPSED TIME=         26.26 s  REMAINING TIME=         35.03 s
 NC=   85800 T= 2.1450E+00 DT= 2.5000E-05 ERR=  0.0% DM/M= 0.0000E+00
 ELAPSED TIME=         26.29 s  REMAINING TIME=         34.99 s
 NC=   85900 T= 2.1475E+00 DT= 2.5000E-05 ERR=  0.0% DM/M= 0.0000E+00
 ELAPSED TIME=         26.32 s  REMAINING TIME=         34.96 s
 NC=   86000 T= 2.1500E+00 DT= 2.5000E-05 ERR=  0.0% DM/M= 0.0000E+00
 ELAPSED TIME=         26.35 s  REMAINING TIME=         34.92 s
 NC=   86100 T= 2.1525E+00 DT= 2.5000E-05 ERR=  0.0% DM/M= 0.0000E+00
 ELAPSED TIME=         26.38 s  REMAINING TIME=         34.89 s
 NC=   86200 T= 2.1550E+00 DT= 2.5000E-05 ERR=  0.0% DM/M= 0.0000E+00
 ELAPSED TIME=         26.40 s  REMAINING TIME=         34.86 s
 NC=   86300 T= 2.1575E+00 DT= 2.5000E-05 ERR=  0.0% DM/M= 0.0000E+00
 ELAPSED TIME=         26.43 s  REMAINING TIME=         34.82 s
 NC=   86400 T= 2.1600E+00 DT= 2.5000E-05 ERR=  0.0% DM/M= 0.0000E+00
 ELAPSED TIME=         26.46 s  REMAINING TIME=         34.79 s
 NC=   86500 T= 2.1625E+00 DT= 2.5000E-05 ERR=  0.0% DM/M= 0.0000E+00
 ELAPSED TIME=         26.49 s  REMAINING TIME=         34.76 s
 NC=   86600 T= 2.1650E+00 DT= 2.5000E-05 ERR=  0.0% DM/M= 0.0000E+00
 ELAPSED TIME=         26.52 s  REMAINING TIME=         34.73 s
     ANIMATION FILE: I02D_LAP_HALFDT_H025_R5A014 WRITTEN
 NC=   86700 T= 2.1675E+00 DT= 2.5000E-05 ERR=  0.0% DM/M= 0.0000E+00
 ELAPSED TIME=         26.55 s  REMAINING TIME=         34.69 s
 NC=   86800 T= 2.1700E+00 DT= 2.5000E-05 ERR=  0.0% DM/M= 0.0000E+00
 ELAPSED TIME=         26.58 s  REMAINING TIME=         34.66 s
 NC=   86900 T= 2.1725E+00 DT= 2.5000E-05 ERR=  0.0% DM/M= 0.0000E+00
 ELAPSED TIME=         26.61 s  REMAINING TIME=         34.63 s
 NC=   87000 T= 2.1750E+00 DT= 2.5000E-05 ERR=  0.0% DM/M= 0.0000E+00
 ELAPSED TIME=         26.63 s  REMAINING TIME=         34.59 s
 NC=   87100 T= 2.1775E+00 DT= 2.5000E-05 ERR=  0.0% DM/M= 0.0000E+00
 ELAPSED TIME=         26.66 s  REMAINING TIME=         34.56 s
 NC=   87200 T= 2.1800E+00 DT= 2.5000E-05 ERR=  0.0% DM/M= 0.0000E+00
 ELAPSED TIME=         26.69 s  REMAINING TIME=         34.52 s
 NC=   87300 T= 2.1825E+00 DT= 2.5000E-05 ERR=  0.0% DM/M= 0.0000E+00
 ELAPSED TIME=         26.72 s  REMAINING TIME=         34.50 s
 NC=   87400 T= 2.1850E+00 DT= 2.5000E-05 ERR=  0.0% DM/M= 0.0000E+00
 ELAPSED TIME=         26.75 s  REMAINING TIME=         34.46 s
 NC=   87500 T= 2.1875E+00 DT= 2.5000E-05 ERR=  0.0% DM/M= 0.0000E+00
 ELAPSED TIME=         26.78 s  REMAINING TIME=         34.43 s
 NC=   87600 T= 2.1900E+00 DT= 2.5000E-05 ERR=  0.0% DM/M= 0.0000E+00
 ELAPSED TIME=         26.80 s  REMAINING TIME=         34.39 s
 NC=   87700 T= 2.1925E+00 DT= 2.5000E-05 ERR=  0.0% DM/M= 0.0000E+00
 ELAPSED TIME=         26.84 s  REMAINING TIME=         34.36 s
 NC=   87800 T= 2.1950E+00 DT= 2.5000E-05 ERR=  0.0% DM/M= 0.0000E+00
 ELAPSED TIME=         26.86 s  REMAINING TIME=         34.33 s
 NC=   87900 T= 2.1975E+00 DT= 2.5000E-05 ERR=  0.0% DM/M= 0.0000E+00
 ELAPSED TIME=         26.89 s  REMAINING TIME=         34.29 s
 NC=   88000 T= 2.2000E+00 DT= 2.5000E-05 ERR=  0.0% DM/M= 0.0000E+00
 ELAPSED TIME=         26.92 s  REMAINING TIME=         34.26 s
 NC=   88100 T= 2.2025E+00 DT= 2.5000E-05 ERR=  0.0% DM/M= 0.0000E+00
 ELAPSED TIME=         26.95 s  REMAINING TIME=         34.23 s
 NC=   88200 T= 2.2050E+00 DT= 2.5000E-05 ERR=  0.0% DM/M= 0.0000E+00
 ELAPSED TIME=         26.98 s  REMAINING TIME=         34.19 s
 NC=   88300 T= 2.2075E+00 DT= 2.5000E-05 ERR=  0.0% DM/M= 0.0000E+00
 ELAPSED TIME=         27.00 s  REMAINING TIME=         34.16 s
 NC=   88400 T= 2.2100E+00 DT= 2.5000E-05 ERR=  0.0% DM/M= 0.0000E+00
 ELAPSED TIME=         27.03 s  REMAINING TIME=         34.12 s
 NC=   88500 T= 2.2125E+00 DT= 2.5000E-05 ERR=  0.0% DM/M= 0.0000E+00
 ELAPSED TIME=         27.06 s  REMAINING TIME=         34.10 s
 NC=   88600 T= 2.2150E+00 DT= 2.5000E-05 ERR=  0.0% DM/M= 0.0000E+00
 ELAPSED TIME=         27.09 s  REMAINING TIME=         34.06 s
 NC=   88700 T= 2.2175E+00 DT= 2.5000E-05 ERR=  0.0% DM/M= 0.0000E+00
 ELAPSED TIME=         27.12 s  REMAINING TIME=         34.03 s
 NC=   88800 T= 2.2200E+00 DT= 2.5000E-05 ERR=  0.0% DM/M= 0.0000E+00
 ELAPSED TIME=         27.14 s  REMAINING TIME=         33.99 s
 NC=   88900 T= 2.2225E+00 DT= 2.5000E-05 ERR=  0.0% DM/M= 0.0000E+00
 ELAPSED TIME=         27.18 s  REMAINING TIME=         33.96 s
 NC=   89000 T= 2.2250E+00 DT= 2.5000E-05 ERR=  0.0% DM/M= 0.0000E+00
 ELAPSED TIME=         27.20 s  REMAINING TIME=         33.93 s
 NC=   89100 T= 2.2275E+00 DT= 2.5000E-05 ERR=  0.0% DM/M= 0.0000E+00
 ELAPSED TIME=         27.23 s  REMAINING TIME=         33.89 s
 NC=   89200 T= 2.2300E+00 DT= 2.5000E-05 ERR=  0.0% DM/M= 0.0000E+00
 ELAPSED TIME=         27.26 s  REMAINING TIME=         33.86 s
 NC=   89300 T= 2.2325E+00 DT= 2.5000E-05 ERR=  0.0% DM/M= 0.0000E+00
 ELAPSED TIME=         27.29 s  REMAINING TIME=         33.83 s
 NC=   89400 T= 2.2350E+00 DT= 2.5000E-05 ERR=  0.0% DM/M= 0.0000E+00
 ELAPSED TIME=         27.32 s  REMAINING TIME=         33.80 s
 NC=   89500 T= 2.2375E+00 DT= 2.5000E-05 ERR=  0.0% DM/M= 0.0000E+00
 ELAPSED TIME=         27.34 s  REMAINING TIME=         33.76 s
 NC=   89600 T= 2.2400E+00 DT= 2.5000E-05 ERR=  0.0% DM/M= 0.0000E+00
 ELAPSED TIME=         27.37 s  REMAINING TIME=         33.73 s
 NC=   89700 T= 2.2425E+00 DT= 2.5000E-05 ERR=  0.0% DM/M= 0.0000E+00
 ELAPSED TIME=         27.40 s  REMAINING TIME=         33.70 s
 NC=   89800 T= 2.2450E+00 DT= 2.5000E-05 ERR=  0.0% DM/M= 0.0000E+00
 ELAPSED TIME=         27.43 s  REMAINING TIME=         33.66 s
 NC=   89900 T= 2.2475E+00 DT= 2.5000E-05 ERR=  0.0% DM/M= 0.0000E+00
 ELAPSED TIME=         27.46 s  REMAINING TIME=         33.63 s
 NC=   90000 T= 2.2500E+00 DT= 2.5000E-05 ERR=  0.0% DM/M= 0.0000E+00
 ELAPSED TIME=         27.49 s  REMAINING TIME=         33.59 s
 NC=   90100 T= 2.2525E+00 DT= 2.5000E-05 ERR=  0.0% DM/M= 0.0000E+00
 ELAPSED TIME=         27.52 s  REMAINING TIME=         33.57 s
 NC=   90200 T= 2.2550E+00 DT= 2.5000E-05 ERR=  0.0% DM/M= 0.0000E+00
 ELAPSED TIME=         27.55 s  REMAINING TIME=         33.53 s
 NC=   90300 T= 2.2575E+00 DT= 2.5000E-05 ERR=  0.0% DM/M= 0.0000E+00
 ELAPSED TIME=         27.57 s  REMAINING TIME=         33.50 s
 NC=   90400 T= 2.2600E+00 DT= 2.5000E-05 ERR=  0.0% DM/M= 0.0000E+00
 ELAPSED TIME=         27.60 s  REMAINING TIME=         33.46 s
 NC=   90500 T= 2.2625E+00 DT= 2.5000E-05 ERR=  0.0% DM/M= 0.0000E+00
 ELAPSED TIME=         27.63 s  REMAINING TIME=         33.43 s
 NC=   90600 T= 2.2650E+00 DT= 2.5000E-05 ERR=  0.0% DM/M= 0.0000E+00
 ELAPSED TIME=         27.66 s  REMAINING TIME=         33.40 s
 NC=   90700 T= 2.2675E+00 DT= 2.5000E-05 ERR=  0.0% DM/M= 0.0000E+00
 ELAPSED TIME=         27.69 s  REMAINING TIME=         33.37 s
 NC=   90800 T= 2.2700E+00 DT= 2.5000E-05 ERR=  0.0% DM/M= 0.0000E+00
 ELAPSED TIME=         27.71 s  REMAINING TIME=         33.33 s
 NC=   90900 T= 2.2725E+00 DT= 2.5000E-05 ERR=  0.0% DM/M= 0.0000E+00
 ELAPSED TIME=         27.75 s  REMAINING TIME=         33.30 s
 NC=   91000 T= 2.2750E+00 DT= 2.5000E-05 ERR=  0.0% DM/M= 0.0000E+00
 ELAPSED TIME=         27.77 s  REMAINING TIME=         33.27 s
 NC=   91100 T= 2.2775E+00 DT= 2.5000E-05 ERR=  0.0% DM/M= 0.0000E+00
 ELAPSED TIME=         27.80 s  REMAINING TIME=         33.23 s
 NC=   91200 T= 2.2800E+00 DT= 2.5000E-05 ERR=  0.0% DM/M= 0.0000E+00
 ELAPSED TIME=         27.83 s  REMAINING TIME=         33.20 s
 NC=   91300 T= 2.2825E+00 DT= 2.5000E-05 ERR=  0.0% DM/M= 0.0000E+00
 ELAPSED TIME=         27.86 s  REMAINING TIME=         33.17 s
 NC=   91400 T= 2.2850E+00 DT= 2.5000E-05 ERR=  0.0% DM/M= 0.0000E+00
 ELAPSED TIME=         27.89 s  REMAINING TIME=         33.14 s
 NC=   91500 T= 2.2875E+00 DT= 2.5000E-05 ERR=  0.0% DM/M= 0.0000E+00
 ELAPSED TIME=         27.92 s  REMAINING TIME=         33.10 s
 NC=   91600 T= 2.2900E+00 DT= 2.5000E-05 ERR=  0.0% DM/M= 0.0000E+00
 ELAPSED TIME=         27.94 s  REMAINING TIME=         33.07 s
 NC=   91700 T= 2.2925E+00 DT= 2.5000E-05 ERR=  0.0% DM/M= 0.0000E+00
 ELAPSED TIME=         27.97 s  REMAINING TIME=         33.04 s
 NC=   91800 T= 2.2950E+00 DT= 2.5000E-05 ERR=  0.0% DM/M= 0.0000E+00
 ELAPSED TIME=         28.00 s  REMAINING TIME=         33.00 s
 NC=   91900 T= 2.2975E+00 DT= 2.5000E-05 ERR=  0.0% DM/M= 0.0000E+00
 ELAPSED TIME=         28.03 s  REMAINING TIME=         32.97 s
 NC=   92000 T= 2.3000E+00 DT= 2.5000E-05 ERR=  0.0% DM/M= 0.0000E+00
 ELAPSED TIME=         28.06 s  REMAINING TIME=         32.94 s
 NC=   92100 T= 2.3025E+00 DT= 2.5000E-05 ERR=  0.0% DM/M= 0.0000E+00
 ELAPSED TIME=         28.09 s  REMAINING TIME=         32.91 s
 NC=   92200 T= 2.3050E+00 DT= 2.5000E-05 ERR=  0.0% DM/M= 0.0000E+00
 ELAPSED TIME=         28.12 s  REMAINING TIME=         32.87 s
 NC=   92300 T= 2.3075E+00 DT= 2.5000E-05 ERR=  0.0% DM/M= 0.0000E+00
 ELAPSED TIME=         28.15 s  REMAINING TIME=         32.84 s
 NC=   92400 T= 2.3100E+00 DT= 2.5000E-05 ERR=  0.0% DM/M= 0.0000E+00
 ELAPSED TIME=         28.18 s  REMAINING TIME=         32.81 s
 NC=   92500 T= 2.3125E+00 DT= 2.5000E-05 ERR=  0.0% DM/M= 0.0000E+00
 ELAPSED TIME=         28.21 s  REMAINING TIME=         32.78 s
 NC=   92600 T= 2.3150E+00 DT= 2.5000E-05 ERR=  0.0% DM/M= 0.0000E+00
 ELAPSED TIME=         28.24 s  REMAINING TIME=         32.75 s
 NC=   92700 T= 2.3175E+00 DT= 2.5000E-05 ERR=  0.0% DM/M= 0.0000E+00
 ELAPSED TIME=         28.26 s  REMAINING TIME=         32.71 s
 NC=   92800 T= 2.3200E+00 DT= 2.5000E-05 ERR=  0.0% DM/M= 0.0000E+00
 ELAPSED TIME=         28.29 s  REMAINING TIME=         32.68 s
 NC=   92900 T= 2.3225E+00 DT= 2.5000E-05 ERR=  0.0% DM/M= 0.0000E+00
 ELAPSED TIME=         28.32 s  REMAINING TIME=         32.65 s
 NC=   93000 T= 2.3250E+00 DT= 2.5000E-05 ERR=  0.0% DM/M= 0.0000E+00
 ELAPSED TIME=         28.35 s  REMAINING TIME=         32.62 s
 NC=   93100 T= 2.3275E+00 DT= 2.5000E-05 ERR=  0.0% DM/M= 0.0000E+00
 ELAPSED TIME=         28.38 s  REMAINING TIME=         32.58 s
 NC=   93200 T= 2.3300E+00 DT= 2.5000E-05 ERR=  0.0% DM/M= 0.0000E+00
 ELAPSED TIME=         28.40 s  REMAINING TIME=         32.55 s
 NC=   93300 T= 2.3325E+00 DT= 2.5000E-05 ERR=  0.0% DM/M= 0.0000E+00
 ELAPSED TIME=         28.44 s  REMAINING TIME=         32.52 s
     ANIMATION FILE: I02D_LAP_HALFDT_H025_R5A015 WRITTEN
 NC=   93400 T= 2.3350E+00 DT= 2.5000E-05 ERR=  0.0% DM/M= 0.0000E+00
 ELAPSED TIME=         28.47 s  REMAINING TIME=         32.49 s
 NC=   93500 T= 2.3375E+00 DT= 2.5000E-05 ERR=  0.0% DM/M= 0.0000E+00
 ELAPSED TIME=         28.49 s  REMAINING TIME=         32.45 s
 NC=   93600 T= 2.3400E+00 DT= 2.5000E-05 ERR=  0.0% DM/M= 0.0000E+00
 ELAPSED TIME=         28.52 s  REMAINING TIME=         32.42 s
 NC=   93700 T= 2.3425E+00 DT= 2.5000E-05 ERR=  0.0% DM/M= 0.0000E+00
 ELAPSED TIME=         28.55 s  REMAINING TIME=         32.39 s
 NC=   93800 T= 2.3450E+00 DT= 2.5000E-05 ERR=  0.0% DM/M= 0.0000E+00
 ELAPSED TIME=         28.58 s  REMAINING TIME=         32.36 s
 NC=   93900 T= 2.3475E+00 DT= 2.5000E-05 ERR=  0.0% DM/M= 0.0000E+00
 ELAPSED TIME=         28.61 s  REMAINING TIME=         32.32 s
 NC=   94000 T= 2.3500E+00 DT= 2.5000E-05 ERR=  0.0% DM/M= 0.0000E+00
 ELAPSED TIME=         28.63 s  REMAINING TIME=         32.29 s
 NC=   94100 T= 2.3525E+00 DT= 2.5000E-05 ERR=  0.0% DM/M= 0.0000E+00
 ELAPSED TIME=         28.67 s  REMAINING TIME=         32.26 s
 NC=   94200 T= 2.3550E+00 DT= 2.5000E-05 ERR=  0.0% DM/M= 0.0000E+00
 ELAPSED TIME=         28.69 s  REMAINING TIME=         32.23 s
 NC=   94300 T= 2.3575E+00 DT= 2.5000E-05 ERR=  0.0% DM/M= 0.0000E+00
 ELAPSED TIME=         28.72 s  REMAINING TIME=         32.19 s
 NC=   94400 T= 2.3600E+00 DT= 2.5000E-05 ERR=  0.0% DM/M= 0.0000E+00
 ELAPSED TIME=         28.75 s  REMAINING TIME=         32.16 s
 NC=   94500 T= 2.3625E+00 DT= 2.5000E-05 ERR=  0.0% DM/M= 0.0000E+00
 ELAPSED TIME=         28.78 s  REMAINING TIME=         32.13 s
 NC=   94600 T= 2.3650E+00 DT= 2.5000E-05 ERR=  0.0% DM/M= 0.0000E+00
 ELAPSED TIME=         28.81 s  REMAINING TIME=         32.10 s
 NC=   94700 T= 2.3675E+00 DT= 2.5000E-05 ERR=  0.0% DM/M= 0.0000E+00
 ELAPSED TIME=         28.84 s  REMAINING TIME=         32.06 s
 NC=   94800 T= 2.3700E+00 DT= 2.5000E-05 ERR=  0.0% DM/M= 0.0000E+00
 ELAPSED TIME=         28.86 s  REMAINING TIME=         32.03 s
 NC=   94900 T= 2.3725E+00 DT= 2.5000E-05 ERR=  0.0% DM/M= 0.0000E+00
 ELAPSED TIME=         28.89 s  REMAINING TIME=         32.00 s
 NC=   95000 T= 2.3750E+00 DT= 2.5000E-05 ERR=  0.0% DM/M= 0.0000E+00
 ELAPSED TIME=         28.92 s  REMAINING TIME=         31.97 s
 NC=   95100 T= 2.3775E+00 DT= 2.5000E-05 ERR=  0.0% DM/M= 0.0000E+00
 ELAPSED TIME=         28.95 s  REMAINING TIME=         31.93 s
 NC=   95200 T= 2.3800E+00 DT= 2.5000E-05 ERR=  0.0% DM/M= 0.0000E+00
 ELAPSED TIME=         28.98 s  REMAINING TIME=         31.90 s
 NC=   95300 T= 2.3825E+00 DT= 2.5000E-05 ERR=  0.0% DM/M= 0.0000E+00
 ELAPSED TIME=         29.01 s  REMAINING TIME=         31.87 s
 NC=   95400 T= 2.3850E+00 DT= 2.5000E-05 ERR=  0.0% DM/M= 0.0000E+00
 ELAPSED TIME=         29.04 s  REMAINING TIME=         31.84 s
 NC=   95500 T= 2.3875E+00 DT= 2.5000E-05 ERR=  0.0% DM/M= 0.0000E+00
 ELAPSED TIME=         29.06 s  REMAINING TIME=         31.80 s
 NC=   95600 T= 2.3900E+00 DT= 2.5000E-05 ERR=  0.0% DM/M= 0.0000E+00
 ELAPSED TIME=         29.09 s  REMAINING TIME=         31.77 s
 NC=   95700 T= 2.3925E+00 DT= 2.5000E-05 ERR=  0.0% DM/M= 0.0000E+00
 ELAPSED TIME=         29.12 s  REMAINING TIME=         31.74 s
 NC=   95800 T= 2.3950E+00 DT= 2.5000E-05 ERR=  0.0% DM/M= 0.0000E+00
 ELAPSED TIME=         29.15 s  REMAINING TIME=         31.70 s
 NC=   95900 T= 2.3975E+00 DT= 2.5000E-05 ERR=  0.0% DM/M= 0.0000E+00
 ELAPSED TIME=         29.18 s  REMAINING TIME=         31.67 s
 NC=   96000 T= 2.4000E+00 DT= 2.5000E-05 ERR=  0.0% DM/M= 0.0000E+00
 ELAPSED TIME=         29.20 s  REMAINING TIME=         31.64 s
 NC=   96100 T= 2.4025E+00 DT= 2.5000E-05 ERR=  0.0% DM/M= 0.0000E+00
 ELAPSED TIME=         29.24 s  REMAINING TIME=         31.61 s
 NC=   96200 T= 2.4050E+00 DT= 2.5000E-05 ERR=  0.0% DM/M= 0.0000E+00
 ELAPSED TIME=         29.26 s  REMAINING TIME=         31.57 s
 NC=   96300 T= 2.4075E+00 DT= 2.5000E-05 ERR=  0.0% DM/M= 0.0000E+00
 ELAPSED TIME=         29.29 s  REMAINING TIME=         31.54 s
 NC=   96400 T= 2.4100E+00 DT= 2.5000E-05 ERR=  0.0% DM/M= 0.0000E+00
 ELAPSED TIME=         29.32 s  REMAINING TIME=         31.51 s
 NC=   96500 T= 2.4125E+00 DT= 2.5000E-05 ERR=  0.0% DM/M= 0.0000E+00
 ELAPSED TIME=         29.35 s  REMAINING TIME=         31.48 s
 NC=   96600 T= 2.4150E+00 DT= 2.5000E-05 ERR=  0.0% DM/M= 0.0000E+00
 ELAPSED TIME=         29.38 s  REMAINING TIME=         31.44 s
 NC=   96700 T= 2.4175E+00 DT= 2.5000E-05 ERR=  0.0% DM/M= 0.0000E+00
 ELAPSED TIME=         29.40 s  REMAINING TIME=         31.41 s
 NC=   96800 T= 2.4200E+00 DT= 2.5000E-05 ERR=  0.0% DM/M= 0.0000E+00
 ELAPSED TIME=         29.43 s  REMAINING TIME=         31.38 s
 NC=   96900 T= 2.4225E+00 DT= 2.5000E-05 ERR=  0.0% DM/M= 0.0000E+00
 ELAPSED TIME=         29.46 s  REMAINING TIME=         31.35 s
 NC=   97000 T= 2.4250E+00 DT= 2.5000E-05 ERR=  0.0% DM/M= 0.0000E+00
 ELAPSED TIME=         29.49 s  REMAINING TIME=         31.31 s
 NC=   97100 T= 2.4275E+00 DT= 2.5000E-05 ERR=  0.0% DM/M= 0.0000E+00
 ELAPSED TIME=         29.52 s  REMAINING TIME=         31.28 s
 NC=   97200 T= 2.4300E+00 DT= 2.5000E-05 ERR=  0.0% DM/M= 0.0000E+00
 ELAPSED TIME=         29.54 s  REMAINING TIME=         31.25 s
 NC=   97300 T= 2.4325E+00 DT= 2.5000E-05 ERR=  0.0% DM/M= 0.0000E+00
 ELAPSED TIME=         29.58 s  REMAINING TIME=         31.22 s
 NC=   97400 T= 2.4350E+00 DT= 2.5000E-05 ERR=  0.0% DM/M= 0.0000E+00
 ELAPSED TIME=         29.60 s  REMAINING TIME=         31.18 s
 NC=   97500 T= 2.4375E+00 DT= 2.5000E-05 ERR=  0.0% DM/M= 0.0000E+00
 ELAPSED TIME=         29.63 s  REMAINING TIME=         31.15 s
 NC=   97600 T= 2.4400E+00 DT= 2.5000E-05 ERR=  0.0% DM/M= 0.0000E+00
 ELAPSED TIME=         29.66 s  REMAINING TIME=         31.11 s
 NC=   97700 T= 2.4425E+00 DT= 2.5000E-05 ERR=  0.0% DM/M= 0.0000E+00
 ELAPSED TIME=         29.69 s  REMAINING TIME=         31.09 s
 NC=   97800 T= 2.4450E+00 DT= 2.5000E-05 ERR=  0.0% DM/M= 0.0000E+00
 ELAPSED TIME=         29.72 s  REMAINING TIME=         31.05 s
 NC=   97900 T= 2.4475E+00 DT= 2.5000E-05 ERR=  0.0% DM/M= 0.0000E+00
 ELAPSED TIME=         29.74 s  REMAINING TIME=         31.02 s
 NC=   98000 T= 2.4500E+00 DT= 2.5000E-05 ERR=  0.0% DM/M= 0.0000E+00
 ELAPSED TIME=         29.77 s  REMAINING TIME=         30.98 s
 NC=   98100 T= 2.4525E+00 DT= 2.5000E-05 ERR=  0.0% DM/M= 0.0000E+00
 ELAPSED TIME=         29.80 s  REMAINING TIME=         30.96 s
 NC=   98200 T= 2.4550E+00 DT= 2.5000E-05 ERR=  0.0% DM/M= 0.0000E+00
 ELAPSED TIME=         29.83 s  REMAINING TIME=         30.92 s
 NC=   98300 T= 2.4575E+00 DT= 2.5000E-05 ERR=  0.0% DM/M= 0.0000E+00
 ELAPSED TIME=         29.85 s  REMAINING TIME=         30.89 s
 NC=   98400 T= 2.4600E+00 DT= 2.5000E-05 ERR=  0.0% DM/M= 0.0000E+00
 ELAPSED TIME=         29.88 s  REMAINING TIME=         30.85 s
 NC=   98500 T= 2.4625E+00 DT= 2.5000E-05 ERR=  0.0% DM/M= 0.0000E+00
 ELAPSED TIME=         29.91 s  REMAINING TIME=         30.83 s
 NC=   98600 T= 2.4650E+00 DT= 2.5000E-05 ERR=  0.0% DM/M= 0.0000E+00
 ELAPSED TIME=         29.94 s  REMAINING TIME=         30.79 s
 NC=   98700 T= 2.4675E+00 DT= 2.5000E-05 ERR=  0.0% DM/M= 0.0000E+00
 ELAPSED TIME=         29.97 s  REMAINING TIME=         30.76 s
 NC=   98800 T= 2.4700E+00 DT= 2.5000E-05 ERR=  0.0% DM/M= 0.0000E+00
 ELAPSED TIME=         29.99 s  REMAINING TIME=         30.72 s
 NC=   98900 T= 2.4725E+00 DT= 2.5000E-05 ERR=  0.0% DM/M= 0.0000E+00
 ELAPSED TIME=         30.03 s  REMAINING TIME=         30.69 s
 NC=   99000 T= 2.4750E+00 DT= 2.5000E-05 ERR=  0.0% DM/M= 0.0000E+00
 ELAPSED TIME=         30.05 s  REMAINING TIME=         30.66 s
 NC=   99100 T= 2.4775E+00 DT= 2.5000E-05 ERR=  0.0% DM/M= 0.0000E+00
 ELAPSED TIME=         30.08 s  REMAINING TIME=         30.63 s
 NC=   99200 T= 2.4800E+00 DT= 2.5000E-05 ERR=  0.0% DM/M= 0.0000E+00
 ELAPSED TIME=         30.11 s  REMAINING TIME=         30.59 s
 NC=   99300 T= 2.4825E+00 DT= 2.5000E-05 ERR=  0.0% DM/M= 0.0000E+00
 ELAPSED TIME=         30.14 s  REMAINING TIME=         30.56 s
 NC=   99400 T= 2.4850E+00 DT= 2.5000E-05 ERR=  0.0% DM/M= 0.0000E+00
 ELAPSED TIME=         30.17 s  REMAINING TIME=         30.53 s
 NC=   99500 T= 2.4875E+00 DT= 2.5000E-05 ERR=  0.0% DM/M= 0.0000E+00
 ELAPSED TIME=         30.19 s  REMAINING TIME=         30.50 s
 NC=   99600 T= 2.4900E+00 DT= 2.5000E-05 ERR=  0.0% DM/M= 0.0000E+00
 ELAPSED TIME=         30.22 s  REMAINING TIME=         30.46 s
 NC=   99700 T= 2.4925E+00 DT= 2.5000E-05 ERR=  0.0% DM/M= 0.0000E+00
 ELAPSED TIME=         30.25 s  REMAINING TIME=         30.43 s
 NC=   99800 T= 2.4950E+00 DT= 2.5000E-05 ERR=  0.0% DM/M= 0.0000E+00
 ELAPSED TIME=         30.28 s  REMAINING TIME=         30.40 s
 NC=   99900 T= 2.4975E+00 DT= 2.5000E-05 ERR=  0.0% DM/M= 0.0000E+00
 ELAPSED TIME=         30.31 s  REMAINING TIME=         30.37 s
 NC=  100000 T= 2.5000E+00 DT= 2.5000E-05 ERR=  0.0% DM/M= 0.0000E+00
 ELAPSED TIME=         30.33 s  REMAINING TIME=         30.33 s
     ANIMATION FILE: I02D_LAP_HALFDT_H025_R5A016 WRITTEN
 NC=  100100 T= 2.5025E+00 DT= 2.5000E-05 ERR=  0.0% DM/M= 0.0000E+00
 ELAPSED TIME=         30.37 s  REMAINING TIME=         30.31 s
 NC=  100200 T= 2.5050E+00 DT= 2.5000E-05 ERR=  0.0% DM/M= 0.0000E+00
 ELAPSED TIME=         30.39 s  REMAINING TIME=         30.27 s
 NC=  100300 T= 2.5075E+00 DT= 2.5000E-05 ERR=  0.0% DM/M= 0.0000E+00
 ELAPSED TIME=         30.42 s  REMAINING TIME=         30.24 s
 NC=  100400 T= 2.5100E+00 DT= 2.5000E-05 ERR=  0.0% DM/M= 0.0000E+00
 ELAPSED TIME=         30.45 s  REMAINING TIME=         30.20 s
 NC=  100500 T= 2.5125E+00 DT= 2.5000E-05 ERR=  0.0% DM/M= 0.0000E+00
 ELAPSED TIME=         30.48 s  REMAINING TIME=         30.18 s
 NC=  100600 T= 2.5150E+00 DT= 2.5000E-05 ERR=  0.0% DM/M= 0.0000E+00
 ELAPSED TIME=         30.51 s  REMAINING TIME=         30.14 s
 NC=  100700 T= 2.5175E+00 DT= 2.5000E-05 ERR=  0.0% DM/M= 0.0000E+00
 ELAPSED TIME=         30.53 s  REMAINING TIME=         30.11 s
 NC=  100800 T= 2.5200E+00 DT= 2.5000E-05 ERR=  0.0% DM/M= 0.0000E+00
 ELAPSED TIME=         30.56 s  REMAINING TIME=         30.07 s
 NC=  100900 T= 2.5225E+00 DT= 2.5000E-05 ERR=  0.0% DM/M= 0.0000E+00
 ELAPSED TIME=         30.59 s  REMAINING TIME=         30.05 s
 NC=  101000 T= 2.5250E+00 DT= 2.5000E-05 ERR=  0.0% DM/M= 0.0000E+00
 ELAPSED TIME=         30.62 s  REMAINING TIME=         30.01 s
 NC=  101100 T= 2.5275E+00 DT= 2.5000E-05 ERR=  0.0% DM/M= 0.0000E+00
 ELAPSED TIME=         30.65 s  REMAINING TIME=         29.98 s
 NC=  101200 T= 2.5300E+00 DT= 2.5000E-05 ERR=  0.0% DM/M= 0.0000E+00
 ELAPSED TIME=         30.67 s  REMAINING TIME=         29.95 s
 NC=  101300 T= 2.5325E+00 DT= 2.5000E-05 ERR=  0.0% DM/M= 0.0000E+00
 ELAPSED TIME=         30.71 s  REMAINING TIME=         29.92 s
 NC=  101400 T= 2.5350E+00 DT= 2.5000E-05 ERR=  0.0% DM/M= 0.0000E+00
 ELAPSED TIME=         30.73 s  REMAINING TIME=         29.88 s
 NC=  101500 T= 2.5375E+00 DT= 2.5000E-05 ERR=  0.0% DM/M= 0.0000E+00
 ELAPSED TIME=         30.76 s  REMAINING TIME=         29.85 s
 NC=  101600 T= 2.5400E+00 DT= 2.5000E-05 ERR=  0.0% DM/M= 0.0000E+00
 ELAPSED TIME=         30.79 s  REMAINING TIME=         29.82 s
 NC=  101700 T= 2.5425E+00 DT= 2.5000E-05 ERR=  0.0% DM/M= 0.0000E+00
 ELAPSED TIME=         30.82 s  REMAINING TIME=         29.79 s
 NC=  101800 T= 2.5450E+00 DT= 2.5000E-05 ERR=  0.0% DM/M= 0.0000E+00
 ELAPSED TIME=         30.84 s  REMAINING TIME=         29.75 s
 NC=  101900 T= 2.5475E+00 DT= 2.5000E-05 ERR=  0.0% DM/M= 0.0000E+00
 ELAPSED TIME=         30.87 s  REMAINING TIME=         29.72 s
 NC=  102000 T= 2.5500E+00 DT= 2.5000E-05 ERR=  0.0% DM/M= 0.0000E+00
 ELAPSED TIME=         30.90 s  REMAINING TIME=         29.69 s
 NC=  102100 T= 2.5525E+00 DT= 2.5000E-05 ERR=  0.0% DM/M= 0.0000E+00
 ELAPSED TIME=         30.93 s  REMAINING TIME=         29.66 s
 NC=  102200 T= 2.5550E+00 DT= 2.5000E-05 ERR=  0.0% DM/M= 0.0000E+00
 ELAPSED TIME=         30.96 s  REMAINING TIME=         29.62 s
 NC=  102300 T= 2.5575E+00 DT= 2.5000E-05 ERR=  0.0% DM/M= 0.0000E+00
 ELAPSED TIME=         30.98 s  REMAINING TIME=         29.59 s
 NC=  102400 T= 2.5600E+00 DT= 2.5000E-05 ERR=  0.0% DM/M= 0.0000E+00
 ELAPSED TIME=         31.01 s  REMAINING TIME=         29.56 s
 NC=  102500 T= 2.5625E+00 DT= 2.5000E-05 ERR=  0.0% DM/M= 0.0000E+00
 ELAPSED TIME=         31.04 s  REMAINING TIME=         29.53 s
 NC=  102600 T= 2.5650E+00 DT= 2.5000E-05 ERR=  0.0% DM/M= 0.0000E+00
 ELAPSED TIME=         31.07 s  REMAINING TIME=         29.50 s
 NC=  102700 T= 2.5675E+00 DT= 2.5000E-05 ERR=  0.0% DM/M= 0.0000E+00
 ELAPSED TIME=         31.10 s  REMAINING TIME=         29.46 s
 NC=  102800 T= 2.5700E+00 DT= 2.5000E-05 ERR=  0.0% DM/M= 0.0000E+00
 ELAPSED TIME=         31.12 s  REMAINING TIME=         29.43 s
 NC=  102900 T= 2.5725E+00 DT= 2.5000E-05 ERR=  0.0% DM/M= 0.0000E+00
 ELAPSED TIME=         31.16 s  REMAINING TIME=         29.40 s
 NC=  103000 T= 2.5750E+00 DT= 2.5000E-05 ERR=  0.0% DM/M= 0.0000E+00
 ELAPSED TIME=         31.18 s  REMAINING TIME=         29.37 s
 NC=  103100 T= 2.5775E+00 DT= 2.5000E-05 ERR=  0.0% DM/M= 0.0000E+00
 ELAPSED TIME=         31.21 s  REMAINING TIME=         29.33 s
 NC=  103200 T= 2.5800E+00 DT= 2.5000E-05 ERR=  0.0% DM/M= 0.0000E+00
 ELAPSED TIME=         31.24 s  REMAINING TIME=         29.30 s
 NC=  103300 T= 2.5825E+00 DT= 2.5000E-05 ERR=  0.0% DM/M= 0.0000E+00
 ELAPSED TIME=         31.27 s  REMAINING TIME=         29.27 s
 NC=  103400 T= 2.5850E+00 DT= 2.5000E-05 ERR=  0.0% DM/M= 0.0000E+00
 ELAPSED TIME=         31.30 s  REMAINING TIME=         29.24 s
 NC=  103500 T= 2.5875E+00 DT= 2.5000E-05 ERR=  0.0% DM/M= 0.0000E+00
 ELAPSED TIME=         31.32 s  REMAINING TIME=         29.20 s
 NC=  103600 T= 2.5900E+00 DT= 2.5000E-05 ERR=  0.0% DM/M= 0.0000E+00
 ELAPSED TIME=         31.35 s  REMAINING TIME=         29.17 s
 NC=  103700 T= 2.5925E+00 DT= 2.5000E-05 ERR=  0.0% DM/M= 0.0000E+00
 ELAPSED TIME=         31.38 s  REMAINING TIME=         29.14 s
 NC=  103800 T= 2.5950E+00 DT= 2.5000E-05 ERR=  0.0% DM/M= 0.0000E+00
 ELAPSED TIME=         31.41 s  REMAINING TIME=         29.11 s
 NC=  103900 T= 2.5975E+00 DT= 2.5000E-05 ERR=  0.0% DM/M= 0.0000E+00
 ELAPSED TIME=         31.44 s  REMAINING TIME=         29.08 s
 NC=  104000 T= 2.6000E+00 DT= 2.5000E-05 ERR=  0.0% DM/M= 0.0000E+00
 ELAPSED TIME=         31.46 s  REMAINING TIME=         29.04 s
 NC=  104100 T= 2.6025E+00 DT= 2.5000E-05 ERR=  0.0% DM/M= 0.0000E+00
 ELAPSED TIME=         31.50 s  REMAINING TIME=         29.01 s
 NC=  104200 T= 2.6050E+00 DT= 2.5000E-05 ERR=  0.0% DM/M= 0.0000E+00
 ELAPSED TIME=         31.52 s  REMAINING TIME=         28.98 s
 NC=  104300 T= 2.6075E+00 DT= 2.5000E-05 ERR=  0.0% DM/M= 0.0000E+00
 ELAPSED TIME=         31.55 s  REMAINING TIME=         28.95 s
 NC=  104400 T= 2.6100E+00 DT= 2.5000E-05 ERR=  0.0% DM/M= 0.0000E+00
 ELAPSED TIME=         31.58 s  REMAINING TIME=         28.91 s
 NC=  104500 T= 2.6125E+00 DT= 2.5000E-05 ERR=  0.0% DM/M= 0.0000E+00
 ELAPSED TIME=         31.61 s  REMAINING TIME=         28.89 s
 NC=  104600 T= 2.6150E+00 DT= 2.5000E-05 ERR=  0.0% DM/M= 0.0000E+00
 ELAPSED TIME=         31.64 s  REMAINING TIME=         28.85 s
 NC=  104700 T= 2.6175E+00 DT= 2.5000E-05 ERR=  0.0% DM/M= 0.0000E+00
 ELAPSED TIME=         31.66 s  REMAINING TIME=         28.82 s
 NC=  104800 T= 2.6200E+00 DT= 2.5000E-05 ERR=  0.0% DM/M= 0.0000E+00
 ELAPSED TIME=         31.69 s  REMAINING TIME=         28.79 s
 NC=  104900 T= 2.6225E+00 DT= 2.5000E-05 ERR=  0.0% DM/M= 0.0000E+00
 ELAPSED TIME=         31.72 s  REMAINING TIME=         28.76 s
 NC=  105000 T= 2.6250E+00 DT= 2.5000E-05 ERR=  0.0% DM/M= 0.0000E+00
 ELAPSED TIME=         31.75 s  REMAINING TIME=         28.73 s
 NC=  105100 T= 2.6275E+00 DT= 2.5000E-05 ERR=  0.0% DM/M= 0.0000E+00
 ELAPSED TIME=         31.78 s  REMAINING TIME=         28.69 s
 NC=  105200 T= 2.6300E+00 DT= 2.5000E-05 ERR=  0.0% DM/M= 0.0000E+00
 ELAPSED TIME=         31.80 s  REMAINING TIME=         28.66 s
 NC=  105300 T= 2.6325E+00 DT= 2.5000E-05 ERR=  0.0% DM/M= 0.0000E+00
 ELAPSED TIME=         31.84 s  REMAINING TIME=         28.63 s
 NC=  105400 T= 2.6350E+00 DT= 2.5000E-05 ERR=  0.0% DM/M= 0.0000E+00
 ELAPSED TIME=         31.86 s  REMAINING TIME=         28.60 s
 NC=  105500 T= 2.6375E+00 DT= 2.5000E-05 ERR=  0.0% DM/M= 0.0000E+00
 ELAPSED TIME=         31.89 s  REMAINING TIME=         28.56 s
 NC=  105600 T= 2.6400E+00 DT= 2.5000E-05 ERR=  0.0% DM/M= 0.0000E+00
 ELAPSED TIME=         31.92 s  REMAINING TIME=         28.53 s
 NC=  105700 T= 2.6425E+00 DT= 2.5000E-05 ERR=  0.0% DM/M= 0.0000E+00
 ELAPSED TIME=         31.95 s  REMAINING TIME=         28.50 s
 NC=  105800 T= 2.6450E+00 DT= 2.5000E-05 ERR=  0.0% DM/M= 0.0000E+00
 ELAPSED TIME=         31.98 s  REMAINING TIME=         28.47 s
 NC=  105900 T= 2.6475E+00 DT= 2.5000E-05 ERR=  0.0% DM/M= 0.0000E+00
 ELAPSED TIME=         32.00 s  REMAINING TIME=         28.44 s
 NC=  106000 T= 2.6500E+00 DT= 2.5000E-05 ERR=  0.0% DM/M= 0.0000E+00
 ELAPSED TIME=         32.03 s  REMAINING TIME=         28.40 s
 NC=  106100 T= 2.6525E+00 DT= 2.5000E-05 ERR=  0.0% DM/M= 0.0000E+00
 ELAPSED TIME=         32.06 s  REMAINING TIME=         28.38 s
 NC=  106200 T= 2.6550E+00 DT= 2.5000E-05 ERR=  0.0% DM/M= 0.0000E+00
 ELAPSED TIME=         32.09 s  REMAINING TIME=         28.34 s
 NC=  106300 T= 2.6575E+00 DT= 2.5000E-05 ERR=  0.0% DM/M= 0.0000E+00
 ELAPSED TIME=         32.12 s  REMAINING TIME=         28.31 s
 NC=  106400 T= 2.6600E+00 DT= 2.5000E-05 ERR=  0.0% DM/M= 0.0000E+00
 ELAPSED TIME=         32.15 s  REMAINING TIME=         28.28 s
 NC=  106500 T= 2.6625E+00 DT= 2.5000E-05 ERR=  0.0% DM/M= 0.0000E+00
 ELAPSED TIME=         32.18 s  REMAINING TIME=         28.25 s
 NC=  106600 T= 2.6650E+00 DT= 2.5000E-05 ERR=  0.0% DM/M= 0.0000E+00
 ELAPSED TIME=         32.21 s  REMAINING TIME=         28.22 s
     ANIMATION FILE: I02D_LAP_HALFDT_H025_R5A017 WRITTEN
 NC=  106700 T= 2.6675E+00 DT= 2.5000E-05 ERR=  0.0% DM/M= 0.0000E+00
 ELAPSED TIME=         32.23 s  REMAINING TIME=         28.19 s
 NC=  106800 T= 2.6700E+00 DT= 2.5000E-05 ERR=  0.0% DM/M= 0.0000E+00
 ELAPSED TIME=         32.26 s  REMAINING TIME=         28.15 s
 NC=  106900 T= 2.6725E+00 DT= 2.5000E-05 ERR=  0.0% DM/M= 0.0000E+00
 ELAPSED TIME=         32.29 s  REMAINING TIME=         28.12 s
 NC=  107000 T= 2.6750E+00 DT= 2.5000E-05 ERR=  0.0% DM/M= 0.0000E+00
 ELAPSED TIME=         32.32 s  REMAINING TIME=         28.09 s
 NC=  107100 T= 2.6775E+00 DT= 2.5000E-05 ERR=  0.0% DM/M= 0.0000E+00
 ELAPSED TIME=         32.35 s  REMAINING TIME=         28.06 s
 NC=  107200 T= 2.6800E+00 DT= 2.5000E-05 ERR=  0.0% DM/M= 0.0000E+00
 ELAPSED TIME=         32.38 s  REMAINING TIME=         28.03 s
 NC=  107300 T= 2.6825E+00 DT= 2.5000E-05 ERR=  0.0% DM/M= 0.0000E+00
 ELAPSED TIME=         32.41 s  REMAINING TIME=         28.00 s
 NC=  107400 T= 2.6850E+00 DT= 2.5000E-05 ERR=  0.0% DM/M= 0.0000E+00
 ELAPSED TIME=         32.43 s  REMAINING TIME=         27.97 s
 NC=  107500 T= 2.6875E+00 DT= 2.5000E-05 ERR=  0.0% DM/M= 0.0000E+00
 ELAPSED TIME=         32.46 s  REMAINING TIME=         27.93 s
 NC=  107600 T= 2.6900E+00 DT= 2.5000E-05 ERR=  0.0% DM/M= 0.0000E+00
 ELAPSED TIME=         32.49 s  REMAINING TIME=         27.90 s
 NC=  107700 T= 2.6925E+00 DT= 2.5000E-05 ERR=  0.0% DM/M= 0.0000E+00
 ELAPSED TIME=         32.52 s  REMAINING TIME=         27.87 s
 NC=  107800 T= 2.6950E+00 DT= 2.5000E-05 ERR=  0.0% DM/M= 0.0000E+00
 ELAPSED TIME=         32.55 s  REMAINING TIME=         27.84 s
 NC=  107900 T= 2.6975E+00 DT= 2.5000E-05 ERR=  0.0% DM/M= 0.0000E+00
 ELAPSED TIME=         32.58 s  REMAINING TIME=         27.81 s
 NC=  108000 T= 2.7000E+00 DT= 2.5000E-05 ERR=  0.0% DM/M= 0.0000E+00
 ELAPSED TIME=         32.60 s  REMAINING TIME=         27.77 s
 NC=  108100 T= 2.7025E+00 DT= 2.5000E-05 ERR=  0.0% DM/M= 0.0000E+00
 ELAPSED TIME=         32.64 s  REMAINING TIME=         27.75 s
 NC=  108200 T= 2.7050E+00 DT= 2.5000E-05 ERR=  0.0% DM/M= 0.0000E+00
 ELAPSED TIME=         32.66 s  REMAINING TIME=         27.71 s
 NC=  108300 T= 2.7075E+00 DT= 2.5000E-05 ERR=  0.0% DM/M= 0.0000E+00
 ELAPSED TIME=         32.69 s  REMAINING TIME=         27.68 s
 NC=  108400 T= 2.7100E+00 DT= 2.5000E-05 ERR=  0.0% DM/M= 0.0000E+00
 ELAPSED TIME=         32.72 s  REMAINING TIME=         27.65 s
 NC=  108500 T= 2.7125E+00 DT= 2.5000E-05 ERR=  0.0% DM/M= 0.0000E+00
 ELAPSED TIME=         32.75 s  REMAINING TIME=         27.62 s
 NC=  108600 T= 2.7150E+00 DT= 2.5000E-05 ERR=  0.0% DM/M= 0.0000E+00
 ELAPSED TIME=         32.78 s  REMAINING TIME=         27.59 s
 NC=  108700 T= 2.7175E+00 DT= 2.5000E-05 ERR=  0.0% DM/M= 0.0000E+00
 ELAPSED TIME=         32.80 s  REMAINING TIME=         27.55 s
 NC=  108800 T= 2.7200E+00 DT= 2.5000E-05 ERR=  0.0% DM/M= 0.0000E+00
 ELAPSED TIME=         32.83 s  REMAINING TIME=         27.52 s
 NC=  108900 T= 2.7225E+00 DT= 2.5000E-05 ERR=  0.0% DM/M= 0.0000E+00
 ELAPSED TIME=         32.86 s  REMAINING TIME=         27.49 s
 NC=  109000 T= 2.7250E+00 DT= 2.5000E-05 ERR=  0.0% DM/M= 0.0000E+00
 ELAPSED TIME=         32.89 s  REMAINING TIME=         27.46 s
 NC=  109100 T= 2.7275E+00 DT= 2.5000E-05 ERR=  0.0% DM/M= 0.0000E+00
 ELAPSED TIME=         32.92 s  REMAINING TIME=         27.43 s
 NC=  109200 T= 2.7300E+00 DT= 2.5000E-05 ERR=  0.0% DM/M= 0.0000E+00
 ELAPSED TIME=         32.95 s  REMAINING TIME=         27.39 s
 NC=  109300 T= 2.7325E+00 DT= 2.5000E-05 ERR=  0.0% DM/M= 0.0000E+00
 ELAPSED TIME=         32.98 s  REMAINING TIME=         27.37 s
 NC=  109400 T= 2.7350E+00 DT= 2.5000E-05 ERR=  0.0% DM/M= 0.0000E+00
 ELAPSED TIME=         33.01 s  REMAINING TIME=         27.33 s
 NC=  109500 T= 2.7375E+00 DT= 2.5000E-05 ERR=  0.0% DM/M= 0.0000E+00
 ELAPSED TIME=         33.03 s  REMAINING TIME=         27.30 s
 NC=  109600 T= 2.7400E+00 DT= 2.5000E-05 ERR=  0.0% DM/M= 0.0000E+00
 ELAPSED TIME=         33.06 s  REMAINING TIME=         27.27 s
 NC=  109700 T= 2.7425E+00 DT= 2.5000E-05 ERR=  0.0% DM/M= 0.0000E+00
 ELAPSED TIME=         33.09 s  REMAINING TIME=         27.24 s
 NC=  109800 T= 2.7450E+00 DT= 2.5000E-05 ERR=  0.0% DM/M= 0.0000E+00
 ELAPSED TIME=         33.12 s  REMAINING TIME=         27.21 s
 NC=  109900 T= 2.7475E+00 DT= 2.5000E-05 ERR=  0.0% DM/M= 0.0000E+00
 ELAPSED TIME=         33.15 s  REMAINING TIME=         27.18 s
 NC=  110000 T= 2.7500E+00 DT= 2.5000E-05 ERR=  0.0% DM/M= 0.0000E+00
 ELAPSED TIME=         33.17 s  REMAINING TIME=         27.14 s
 NC=  110100 T= 2.7525E+00 DT= 2.5000E-05 ERR=  0.0% DM/M= 0.0000E+00
 ELAPSED TIME=         33.21 s  REMAINING TIME=         27.11 s
 NC=  110200 T= 2.7550E+00 DT= 2.5000E-05 ERR=  0.0% DM/M= 0.0000E+00
 ELAPSED TIME=         33.23 s  REMAINING TIME=         27.08 s
 NC=  110300 T= 2.7575E+00 DT= 2.5000E-05 ERR=  0.0% DM/M= 0.0000E+00
 ELAPSED TIME=         33.26 s  REMAINING TIME=         27.05 s
 NC=  110400 T= 2.7600E+00 DT= 2.5000E-05 ERR=  0.0% DM/M= 0.0000E+00
 ELAPSED TIME=         33.29 s  REMAINING TIME=         27.02 s
 NC=  110500 T= 2.7625E+00 DT= 2.5000E-05 ERR=  0.0% DM/M= 0.0000E+00
 ELAPSED TIME=         33.32 s  REMAINING TIME=         26.99 s
 NC=  110600 T= 2.7650E+00 DT= 2.5000E-05 ERR=  0.0% DM/M= 0.0000E+00
 ELAPSED TIME=         33.35 s  REMAINING TIME=         26.96 s
 NC=  110700 T= 2.7675E+00 DT= 2.5000E-05 ERR=  0.0% DM/M= 0.0000E+00
 ELAPSED TIME=         33.38 s  REMAINING TIME=         26.92 s
 NC=  110800 T= 2.7700E+00 DT= 2.5000E-05 ERR=  0.0% DM/M= 0.0000E+00
 ELAPSED TIME=         33.40 s  REMAINING TIME=         26.89 s
 NC=  110900 T= 2.7725E+00 DT= 2.5000E-05 ERR=  0.0% DM/M= 0.0000E+00
 ELAPSED TIME=         33.44 s  REMAINING TIME=         26.86 s
 NC=  111000 T= 2.7750E+00 DT= 2.5000E-05 ERR=  0.0% DM/M= 0.0000E+00
 ELAPSED TIME=         33.46 s  REMAINING TIME=         26.83 s
 NC=  111100 T= 2.7775E+00 DT= 2.5000E-05 ERR=  0.0% DM/M= 0.0000E+00
 ELAPSED TIME=         33.49 s  REMAINING TIME=         26.80 s
 NC=  111200 T= 2.7800E+00 DT= 2.5000E-05 ERR=  0.0% DM/M= 0.0000E+00
 ELAPSED TIME=         33.52 s  REMAINING TIME=         26.77 s
 NC=  111300 T= 2.7825E+00 DT= 2.5000E-05 ERR=  0.0% DM/M= 0.0000E+00
 ELAPSED TIME=         33.55 s  REMAINING TIME=         26.74 s
 NC=  111400 T= 2.7850E+00 DT= 2.5000E-05 ERR=  0.0% DM/M= 0.0000E+00
 ELAPSED TIME=         33.58 s  REMAINING TIME=         26.71 s
 NC=  111500 T= 2.7875E+00 DT= 2.5000E-05 ERR=  0.0% DM/M= 0.0000E+00
 ELAPSED TIME=         33.61 s  REMAINING TIME=         26.67 s
 NC=  111600 T= 2.7900E+00 DT= 2.5000E-05 ERR=  0.0% DM/M= 0.0000E+00
 ELAPSED TIME=         33.63 s  REMAINING TIME=         26.64 s
 NC=  111700 T= 2.7925E+00 DT= 2.5000E-05 ERR=  0.0% DM/M= 0.0000E+00
 ELAPSED TIME=         33.67 s  REMAINING TIME=         26.61 s
 NC=  111800 T= 2.7950E+00 DT= 2.5000E-05 ERR=  0.0% DM/M= 0.0000E+00
 ELAPSED TIME=         33.69 s  REMAINING TIME=         26.58 s
 NC=  111900 T= 2.7975E+00 DT= 2.5000E-05 ERR=  0.0% DM/M= 0.0000E+00
 ELAPSED TIME=         33.72 s  REMAINING TIME=         26.55 s
 NC=  112000 T= 2.8000E+00 DT= 2.5000E-05 ERR=  0.0% DM/M= 0.0000E+00
 ELAPSED TIME=         33.75 s  REMAINING TIME=         26.52 s
 NC=  112100 T= 2.8025E+00 DT= 2.5000E-05 ERR=  0.0% DM/M= 0.0000E+00
 ELAPSED TIME=         33.78 s  REMAINING TIME=         26.49 s
 NC=  112200 T= 2.8050E+00 DT= 2.5000E-05 ERR=  0.0% DM/M= 0.0000E+00
 ELAPSED TIME=         33.81 s  REMAINING TIME=         26.46 s
 NC=  112300 T= 2.8075E+00 DT= 2.5000E-05 ERR=  0.0% DM/M= 0.0000E+00
 ELAPSED TIME=         33.84 s  REMAINING TIME=         26.42 s
 NC=  112400 T= 2.8100E+00 DT= 2.5000E-05 ERR=  0.0% DM/M= 0.0000E+00
 ELAPSED TIME=         33.86 s  REMAINING TIME=         26.39 s
 NC=  112500 T= 2.8125E+00 DT= 2.5000E-05 ERR=  0.0% DM/M= 0.0000E+00
 ELAPSED TIME=         33.90 s  REMAINING TIME=         26.36 s
 NC=  112600 T= 2.8150E+00 DT= 2.5000E-05 ERR=  0.0% DM/M= 0.0000E+00
 ELAPSED TIME=         33.92 s  REMAINING TIME=         26.33 s
 NC=  112700 T= 2.8175E+00 DT= 2.5000E-05 ERR=  0.0% DM/M= 0.0000E+00
 ELAPSED TIME=         33.95 s  REMAINING TIME=         26.30 s
 NC=  112800 T= 2.8200E+00 DT= 2.5000E-05 ERR=  0.0% DM/M= 0.0000E+00
 ELAPSED TIME=         33.98 s  REMAINING TIME=         26.27 s
 NC=  112900 T= 2.8225E+00 DT= 2.5000E-05 ERR=  0.0% DM/M= 0.0000E+00
 ELAPSED TIME=         34.01 s  REMAINING TIME=         26.24 s
 NC=  113000 T= 2.8250E+00 DT= 2.5000E-05 ERR=  0.0% DM/M= 0.0000E+00
 ELAPSED TIME=         34.04 s  REMAINING TIME=         26.21 s
 NC=  113100 T= 2.8275E+00 DT= 2.5000E-05 ERR=  0.0% DM/M= 0.0000E+00
 ELAPSED TIME=         34.07 s  REMAINING TIME=         26.17 s
 NC=  113200 T= 2.8300E+00 DT= 2.5000E-05 ERR=  0.0% DM/M= 0.0000E+00
 ELAPSED TIME=         34.09 s  REMAINING TIME=         26.14 s
 NC=  113300 T= 2.8325E+00 DT= 2.5000E-05 ERR=  0.0% DM/M= 0.0000E+00
 ELAPSED TIME=         34.13 s  REMAINING TIME=         26.11 s
     ANIMATION FILE: I02D_LAP_HALFDT_H025_R5A018 WRITTEN
 NC=  113400 T= 2.8350E+00 DT= 2.5000E-05 ERR=  0.0% DM/M= 0.0000E+00
 ELAPSED TIME=         34.16 s  REMAINING TIME=         26.08 s
 NC=  113500 T= 2.8375E+00 DT= 2.5000E-05 ERR=  0.0% DM/M= 0.0000E+00
 ELAPSED TIME=         34.18 s  REMAINING TIME=         26.05 s
 NC=  113600 T= 2.8400E+00 DT= 2.5000E-05 ERR=  0.0% DM/M= 0.0000E+00
 ELAPSED TIME=         34.21 s  REMAINING TIME=         26.02 s
 NC=  113700 T= 2.8425E+00 DT= 2.5000E-05 ERR=  0.0% DM/M= 0.0000E+00
 ELAPSED TIME=         34.24 s  REMAINING TIME=         25.99 s
 NC=  113800 T= 2.8450E+00 DT= 2.5000E-05 ERR=  0.0% DM/M= 0.0000E+00
 ELAPSED TIME=         34.27 s  REMAINING TIME=         25.96 s
 NC=  113900 T= 2.8475E+00 DT= 2.5000E-05 ERR=  0.0% DM/M= 0.0000E+00
 ELAPSED TIME=         34.30 s  REMAINING TIME=         25.93 s
 NC=  114000 T= 2.8500E+00 DT= 2.5000E-05 ERR=  0.0% DM/M= 0.0000E+00
 ELAPSED TIME=         34.32 s  REMAINING TIME=         25.89 s
 NC=  114100 T= 2.8525E+00 DT= 2.5000E-05 ERR=  0.0% DM/M= 0.0000E+00
 ELAPSED TIME=         34.36 s  REMAINING TIME=         25.87 s
 NC=  114200 T= 2.8550E+00 DT= 2.5000E-05 ERR=  0.0% DM/M= 0.0000E+00
 ELAPSED TIME=         34.38 s  REMAINING TIME=         25.83 s
 NC=  114300 T= 2.8575E+00 DT= 2.5000E-05 ERR=  0.0% DM/M= 0.0000E+00
 ELAPSED TIME=         34.41 s  REMAINING TIME=         25.80 s
 NC=  114400 T= 2.8600E+00 DT= 2.5000E-05 ERR=  0.0% DM/M= 0.0000E+00
 ELAPSED TIME=         34.44 s  REMAINING TIME=         25.77 s
 NC=  114500 T= 2.8625E+00 DT= 2.5000E-05 ERR=  0.0% DM/M= 0.0000E+00
 ELAPSED TIME=         34.47 s  REMAINING TIME=         25.74 s
 NC=  114600 T= 2.8650E+00 DT= 2.5000E-05 ERR=  0.0% DM/M= 0.0000E+00
 ELAPSED TIME=         34.50 s  REMAINING TIME=         25.71 s
 NC=  114700 T= 2.8675E+00 DT= 2.5000E-05 ERR=  0.0% DM/M= 0.0000E+00
 ELAPSED TIME=         34.53 s  REMAINING TIME=         25.68 s
 NC=  114800 T= 2.8700E+00 DT= 2.5000E-05 ERR=  0.0% DM/M= 0.0000E+00
 ELAPSED TIME=         34.55 s  REMAINING TIME=         25.64 s
 NC=  114900 T= 2.8725E+00 DT= 2.5000E-05 ERR=  0.0% DM/M= 0.0000E+00
 ELAPSED TIME=         34.59 s  REMAINING TIME=         25.62 s
 NC=  115000 T= 2.8750E+00 DT= 2.5000E-05 ERR=  0.0% DM/M= 0.0000E+00
 ELAPSED TIME=         34.61 s  REMAINING TIME=         25.58 s
 NC=  115100 T= 2.8775E+00 DT= 2.5000E-05 ERR=  0.0% DM/M= 0.0000E+00
 ELAPSED TIME=         34.64 s  REMAINING TIME=         25.55 s
 NC=  115200 T= 2.8800E+00 DT= 2.5000E-05 ERR=  0.0% DM/M= 0.0000E+00
 ELAPSED TIME=         34.67 s  REMAINING TIME=         25.52 s
 NC=  115300 T= 2.8825E+00 DT= 2.5000E-05 ERR=  0.0% DM/M= 0.0000E+00
 ELAPSED TIME=         34.70 s  REMAINING TIME=         25.49 s
 NC=  115400 T= 2.8850E+00 DT= 2.5000E-05 ERR=  0.0% DM/M= 0.0000E+00
 ELAPSED TIME=         34.73 s  REMAINING TIME=         25.46 s
 NC=  115500 T= 2.8875E+00 DT= 2.5000E-05 ERR=  0.0% DM/M= 0.0000E+00
 ELAPSED TIME=         34.76 s  REMAINING TIME=         25.43 s
 NC=  115600 T= 2.8900E+00 DT= 2.5000E-05 ERR=  0.0% DM/M= 0.0000E+00
 ELAPSED TIME=         34.78 s  REMAINING TIME=         25.40 s
 NC=  115700 T= 2.8925E+00 DT= 2.5000E-05 ERR=  0.0% DM/M= 0.0000E+00
 ELAPSED TIME=         34.82 s  REMAINING TIME=         25.37 s
 NC=  115800 T= 2.8950E+00 DT= 2.5000E-05 ERR=  0.0% DM/M= 0.0000E+00
 ELAPSED TIME=         34.84 s  REMAINING TIME=         25.33 s
 NC=  115900 T= 2.8975E+00 DT= 2.5000E-05 ERR=  0.0% DM/M= 0.0000E+00
 ELAPSED TIME=         34.87 s  REMAINING TIME=         25.30 s
 NC=  116000 T= 2.9000E+00 DT= 2.5000E-05 ERR=  0.0% DM/M= 0.0000E+00
 ELAPSED TIME=         34.90 s  REMAINING TIME=         25.27 s
 NC=  116100 T= 2.9025E+00 DT= 2.5000E-05 ERR=  0.0% DM/M= 0.0000E+00
 ELAPSED TIME=         34.93 s  REMAINING TIME=         25.24 s
 NC=  116200 T= 2.9050E+00 DT= 2.5000E-05 ERR=  0.0% DM/M= 0.0000E+00
 ELAPSED TIME=         34.96 s  REMAINING TIME=         25.21 s
 NC=  116300 T= 2.9075E+00 DT= 2.5000E-05 ERR=  0.0% DM/M= 0.0000E+00
 ELAPSED TIME=         34.98 s  REMAINING TIME=         25.18 s
 NC=  116400 T= 2.9100E+00 DT= 2.5000E-05 ERR=  0.0% DM/M= 0.0000E+00
 ELAPSED TIME=         35.01 s  REMAINING TIME=         25.15 s
 NC=  116500 T= 2.9125E+00 DT= 2.5000E-05 ERR=  0.0% DM/M= 0.0000E+00
 ELAPSED TIME=         35.04 s  REMAINING TIME=         25.12 s
 NC=  116600 T= 2.9150E+00 DT= 2.5000E-05 ERR=  0.0% DM/M= 0.0000E+00
 ELAPSED TIME=         35.07 s  REMAINING TIME=         25.08 s
 NC=  116700 T= 2.9175E+00 DT= 2.5000E-05 ERR=  0.0% DM/M= 0.0000E+00
 ELAPSED TIME=         35.10 s  REMAINING TIME=         25.05 s
 NC=  116800 T= 2.9200E+00 DT= 2.5000E-05 ERR=  0.0% DM/M= 0.0000E+00
 ELAPSED TIME=         35.12 s  REMAINING TIME=         25.02 s
 NC=  116900 T= 2.9225E+00 DT= 2.5000E-05 ERR=  0.0% DM/M= 0.0000E+00
 ELAPSED TIME=         35.16 s  REMAINING TIME=         24.99 s
 NC=  117000 T= 2.9250E+00 DT= 2.5000E-05 ERR=  0.0% DM/M= 0.0000E+00
 ELAPSED TIME=         35.18 s  REMAINING TIME=         24.96 s
 NC=  117100 T= 2.9275E+00 DT= 2.5000E-05 ERR=  0.0% DM/M= 0.0000E+00
 ELAPSED TIME=         35.21 s  REMAINING TIME=         24.93 s
 NC=  117200 T= 2.9300E+00 DT= 2.5000E-05 ERR=  0.0% DM/M= 0.0000E+00
 ELAPSED TIME=         35.24 s  REMAINING TIME=         24.90 s
 NC=  117300 T= 2.9325E+00 DT= 2.5000E-05 ERR=  0.0% DM/M= 0.0000E+00
 ELAPSED TIME=         35.27 s  REMAINING TIME=         24.87 s
 NC=  117400 T= 2.9350E+00 DT= 2.5000E-05 ERR=  0.0% DM/M= 0.0000E+00
 ELAPSED TIME=         35.30 s  REMAINING TIME=         24.84 s
 NC=  117500 T= 2.9375E+00 DT= 2.5000E-05 ERR=  0.0% DM/M= 0.0000E+00
 ELAPSED TIME=         35.33 s  REMAINING TIME=         24.80 s
 NC=  117600 T= 2.9400E+00 DT= 2.5000E-05 ERR=  0.0% DM/M= 0.0000E+00
 ELAPSED TIME=         35.35 s  REMAINING TIME=         24.77 s
 NC=  117700 T= 2.9425E+00 DT= 2.5000E-05 ERR=  0.0% DM/M= 0.0000E+00
 ELAPSED TIME=         35.39 s  REMAINING TIME=         24.74 s
 NC=  117800 T= 2.9450E+00 DT= 2.5000E-05 ERR=  0.0% DM/M= 0.0000E+00
 ELAPSED TIME=         35.41 s  REMAINING TIME=         24.71 s
 NC=  117900 T= 2.9475E+00 DT= 2.5000E-05 ERR=  0.0% DM/M= 0.0000E+00
 ELAPSED TIME=         35.44 s  REMAINING TIME=         24.68 s
 NC=  118000 T= 2.9500E+00 DT= 2.5000E-05 ERR=  0.0% DM/M= 0.0000E+00
 ELAPSED TIME=         35.47 s  REMAINING TIME=         24.65 s
 NC=  118100 T= 2.9525E+00 DT= 2.5000E-05 ERR=  0.0% DM/M= 0.0000E+00
 ELAPSED TIME=         35.50 s  REMAINING TIME=         24.62 s
 NC=  118200 T= 2.9550E+00 DT= 2.5000E-05 ERR=  0.0% DM/M= 0.0000E+00
 ELAPSED TIME=         35.53 s  REMAINING TIME=         24.59 s
 NC=  118300 T= 2.9575E+00 DT= 2.5000E-05 ERR=  0.0% DM/M= 0.0000E+00
 ELAPSED TIME=         35.55 s  REMAINING TIME=         24.55 s
 NC=  118400 T= 2.9600E+00 DT= 2.5000E-05 ERR=  0.0% DM/M= 0.0000E+00
 ELAPSED TIME=         35.58 s  REMAINING TIME=         24.52 s
 NC=  118500 T= 2.9625E+00 DT= 2.5000E-05 ERR=  0.0% DM/M= 0.0000E+00
 ELAPSED TIME=         35.61 s  REMAINING TIME=         24.49 s
 NC=  118600 T= 2.9650E+00 DT= 2.5000E-05 ERR=  0.0% DM/M= 0.0000E+00
 ELAPSED TIME=         35.64 s  REMAINING TIME=         24.46 s
 NC=  118700 T= 2.9675E+00 DT= 2.5000E-05 ERR=  0.0% DM/M= 0.0000E+00
 ELAPSED TIME=         35.67 s  REMAINING TIME=         24.43 s
 NC=  118800 T= 2.9700E+00 DT= 2.5000E-05 ERR=  0.0% DM/M= 0.0000E+00
 ELAPSED TIME=         35.69 s  REMAINING TIME=         24.40 s
 NC=  118900 T= 2.9725E+00 DT= 2.5000E-05 ERR=  0.0% DM/M= 0.0000E+00
 ELAPSED TIME=         35.73 s  REMAINING TIME=         24.37 s
 NC=  119000 T= 2.9750E+00 DT= 2.5000E-05 ERR=  0.0% DM/M= 0.0000E+00
 ELAPSED TIME=         35.75 s  REMAINING TIME=         24.34 s
 NC=  119100 T= 2.9775E+00 DT= 2.5000E-05 ERR=  0.0% DM/M= 0.0000E+00
 ELAPSED TIME=         35.78 s  REMAINING TIME=         24.30 s
 NC=  119200 T= 2.9800E+00 DT= 2.5000E-05 ERR=  0.0% DM/M= 0.0000E+00
 ELAPSED TIME=         35.81 s  REMAINING TIME=         24.27 s
 NC=  119300 T= 2.9825E+00 DT= 2.5000E-05 ERR=  0.0% DM/M= 0.0000E+00
 ELAPSED TIME=         35.84 s  REMAINING TIME=         24.24 s
 NC=  119400 T= 2.9850E+00 DT= 2.5000E-05 ERR=  0.0% DM/M= 0.0000E+00
 ELAPSED TIME=         35.87 s  REMAINING TIME=         24.21 s
 NC=  119500 T= 2.9875E+00 DT= 2.5000E-05 ERR=  0.0% DM/M= 0.0000E+00
 ELAPSED TIME=         35.89 s  REMAINING TIME=         24.18 s
 NC=  119600 T= 2.9900E+00 DT= 2.5000E-05 ERR=  0.0% DM/M= 0.0000E+00
 ELAPSED TIME=         35.92 s  REMAINING TIME=         24.15 s
 NC=  119700 T= 2.9925E+00 DT= 2.5000E-05 ERR=  0.0% DM/M= 0.0000E+00
 ELAPSED TIME=         35.95 s  REMAINING TIME=         24.12 s
 NC=  119800 T= 2.9950E+00 DT= 2.5000E-05 ERR=  0.0% DM/M= 0.0000E+00
 ELAPSED TIME=         35.98 s  REMAINING TIME=         24.09 s
 NC=  119900 T= 2.9975E+00 DT= 2.5000E-05 ERR=  0.0% DM/M= 0.0000E+00
 ELAPSED TIME=         36.01 s  REMAINING TIME=         24.06 s
 NC=  120000 T= 3.0000E+00 DT= 2.5000E-05 ERR=  0.0% DM/M= 0.0000E+00
 ELAPSED TIME=         36.04 s  REMAINING TIME=         24.02 s
     ANIMATION FILE: I02D_LAP_HALFDT_H025_R5A019 WRITTEN
 NC=  120100 T= 3.0025E+00 DT= 2.5000E-05 ERR=  0.0% DM/M= 0.0000E+00
 ELAPSED TIME=         36.07 s  REMAINING TIME=         24.00 s
 NC=  120200 T= 3.0050E+00 DT= 2.5000E-05 ERR=  0.0% DM/M= 0.0000E+00
 ELAPSED TIME=         36.10 s  REMAINING TIME=         23.96 s
 NC=  120300 T= 3.0075E+00 DT= 2.5000E-05 ERR=  0.0% DM/M= 0.0000E+00
 ELAPSED TIME=         36.12 s  REMAINING TIME=         23.93 s
 NC=  120400 T= 3.0100E+00 DT= 2.5000E-05 ERR=  0.0% DM/M= 0.0000E+00
 ELAPSED TIME=         36.15 s  REMAINING TIME=         23.90 s
 NC=  120500 T= 3.0125E+00 DT= 2.5000E-05 ERR=  0.0% DM/M= 0.0000E+00
 ELAPSED TIME=         36.18 s  REMAINING TIME=         23.87 s
 NC=  120600 T= 3.0150E+00 DT= 2.5000E-05 ERR=  0.0% DM/M= 0.0000E+00
 ELAPSED TIME=         36.21 s  REMAINING TIME=         23.84 s
 NC=  120700 T= 3.0175E+00 DT= 2.5000E-05 ERR=  0.0% DM/M= 0.0000E+00
 ELAPSED TIME=         36.24 s  REMAINING TIME=         23.81 s
 NC=  120800 T= 3.0200E+00 DT= 2.5000E-05 ERR=  0.0% DM/M= 0.0000E+00
 ELAPSED TIME=         36.26 s  REMAINING TIME=         23.78 s
 NC=  120900 T= 3.0225E+00 DT= 2.5000E-05 ERR=  0.0% DM/M= 0.0000E+00
 ELAPSED TIME=         36.30 s  REMAINING TIME=         23.75 s
 NC=  121000 T= 3.0250E+00 DT= 2.5000E-05 ERR=  0.0% DM/M= 0.0000E+00
 ELAPSED TIME=         36.32 s  REMAINING TIME=         23.72 s
 NC=  121100 T= 3.0275E+00 DT= 2.5000E-05 ERR=  0.0% DM/M= 0.0000E+00
 ELAPSED TIME=         36.35 s  REMAINING TIME=         23.68 s
 NC=  121200 T= 3.0300E+00 DT= 2.5000E-05 ERR=  0.0% DM/M= 0.0000E+00
 ELAPSED TIME=         36.38 s  REMAINING TIME=         23.65 s
 NC=  121300 T= 3.0325E+00 DT= 2.5000E-05 ERR=  0.0% DM/M= 0.0000E+00
 ELAPSED TIME=         36.41 s  REMAINING TIME=         23.62 s
 NC=  121400 T= 3.0350E+00 DT= 2.5000E-05 ERR=  0.0% DM/M= 0.0000E+00
 ELAPSED TIME=         36.44 s  REMAINING TIME=         23.59 s
 NC=  121500 T= 3.0375E+00 DT= 2.5000E-05 ERR=  0.0% DM/M= 0.0000E+00
 ELAPSED TIME=         36.46 s  REMAINING TIME=         23.56 s
 NC=  121600 T= 3.0400E+00 DT= 2.5000E-05 ERR=  0.0% DM/M= 0.0000E+00
 ELAPSED TIME=         36.49 s  REMAINING TIME=         23.53 s
 NC=  121700 T= 3.0425E+00 DT= 2.5000E-05 ERR=  0.0% DM/M= 0.0000E+00
 ELAPSED TIME=         36.52 s  REMAINING TIME=         23.50 s
 NC=  121800 T= 3.0450E+00 DT= 2.5000E-05 ERR=  0.0% DM/M= 0.0000E+00
 ELAPSED TIME=         36.55 s  REMAINING TIME=         23.47 s
 NC=  121900 T= 3.0475E+00 DT= 2.5000E-05 ERR=  0.0% DM/M= 0.0000E+00
 ELAPSED TIME=         36.58 s  REMAINING TIME=         23.43 s
 NC=  122000 T= 3.0500E+00 DT= 2.5000E-05 ERR=  0.0% DM/M= 0.0000E+00
 ELAPSED TIME=         36.60 s  REMAINING TIME=         23.40 s
 NC=  122100 T= 3.0525E+00 DT= 2.5000E-05 ERR=  0.0% DM/M= 0.0000E+00
 ELAPSED TIME=         36.64 s  REMAINING TIME=         23.37 s
 NC=  122200 T= 3.0550E+00 DT= 2.5000E-05 ERR=  0.0% DM/M= 0.0000E+00
 ELAPSED TIME=         36.66 s  REMAINING TIME=         23.34 s
 NC=  122300 T= 3.0575E+00 DT= 2.5000E-05 ERR=  0.0% DM/M= 0.0000E+00
 ELAPSED TIME=         36.69 s  REMAINING TIME=         23.31 s
 NC=  122400 T= 3.0600E+00 DT= 2.5000E-05 ERR=  0.0% DM/M= 0.0000E+00
 ELAPSED TIME=         36.72 s  REMAINING TIME=         23.28 s
 NC=  122500 T= 3.0625E+00 DT= 2.5000E-05 ERR=  0.0% DM/M= 0.0000E+00
 ELAPSED TIME=         36.75 s  REMAINING TIME=         23.25 s
 NC=  122600 T= 3.0650E+00 DT= 2.5000E-05 ERR=  0.0% DM/M= 0.0000E+00
 ELAPSED TIME=         36.78 s  REMAINING TIME=         23.22 s
 NC=  122700 T= 3.0675E+00 DT= 2.5000E-05 ERR=  0.0% DM/M= 0.0000E+00
 ELAPSED TIME=         36.80 s  REMAINING TIME=         23.19 s
 NC=  122800 T= 3.0700E+00 DT= 2.5000E-05 ERR=  0.0% DM/M= 0.0000E+00
 ELAPSED TIME=         36.83 s  REMAINING TIME=         23.15 s
 NC=  122900 T= 3.0725E+00 DT= 2.5000E-05 ERR=  0.0% DM/M= 0.0000E+00
 ELAPSED TIME=         36.86 s  REMAINING TIME=         23.12 s
 NC=  123000 T= 3.0750E+00 DT= 2.5000E-05 ERR=  0.0% DM/M= 0.0000E+00
 ELAPSED TIME=         36.89 s  REMAINING TIME=         23.09 s
 NC=  123100 T= 3.0775E+00 DT= 2.5000E-05 ERR=  0.0% DM/M= 0.0000E+00
 ELAPSED TIME=         36.92 s  REMAINING TIME=         23.06 s
 NC=  123200 T= 3.0800E+00 DT= 2.5000E-05 ERR=  0.0% DM/M= 0.0000E+00
 ELAPSED TIME=         36.94 s  REMAINING TIME=         23.03 s
 NC=  123300 T= 3.0825E+00 DT= 2.5000E-05 ERR=  0.0% DM/M= 0.0000E+00
 ELAPSED TIME=         36.97 s  REMAINING TIME=         23.00 s
 NC=  123400 T= 3.0850E+00 DT= 2.5000E-05 ERR=  0.0% DM/M= 0.0000E+00
 ELAPSED TIME=         37.00 s  REMAINING TIME=         22.97 s
 NC=  123500 T= 3.0875E+00 DT= 2.5000E-05 ERR=  0.0% DM/M= 0.0000E+00
 ELAPSED TIME=         37.03 s  REMAINING TIME=         22.94 s
 NC=  123600 T= 3.0900E+00 DT= 2.5000E-05 ERR=  0.0% DM/M= 0.0000E+00
 ELAPSED TIME=         37.05 s  REMAINING TIME=         22.90 s
 NC=  123700 T= 3.0925E+00 DT= 2.5000E-05 ERR=  0.0% DM/M= 0.0000E+00
 ELAPSED TIME=         37.09 s  REMAINING TIME=         22.88 s
 NC=  123800 T= 3.0950E+00 DT= 2.5000E-05 ERR=  0.0% DM/M= 0.0000E+00
 ELAPSED TIME=         37.11 s  REMAINING TIME=         22.84 s
 NC=  123900 T= 3.0975E+00 DT= 2.5000E-05 ERR=  0.0% DM/M= 0.0000E+00
 ELAPSED TIME=         37.14 s  REMAINING TIME=         22.81 s
 NC=  124000 T= 3.1000E+00 DT= 2.5000E-05 ERR=  0.0% DM/M= 0.0000E+00
 ELAPSED TIME=         37.17 s  REMAINING TIME=         22.78 s
 NC=  124100 T= 3.1025E+00 DT= 2.5000E-05 ERR=  0.0% DM/M= 0.0000E+00
 ELAPSED TIME=         37.20 s  REMAINING TIME=         22.75 s
 NC=  124200 T= 3.1050E+00 DT= 2.5000E-05 ERR=  0.0% DM/M= 0.0000E+00
 ELAPSED TIME=         37.23 s  REMAINING TIME=         22.72 s
 NC=  124300 T= 3.1075E+00 DT= 2.5000E-05 ERR=  0.0% DM/M= 0.0000E+00
 ELAPSED TIME=         37.25 s  REMAINING TIME=         22.69 s
 NC=  124400 T= 3.1100E+00 DT= 2.5000E-05 ERR=  0.0% DM/M= 0.0000E+00
 ELAPSED TIME=         37.28 s  REMAINING TIME=         22.66 s
 NC=  124500 T= 3.1125E+00 DT= 2.5000E-05 ERR=  0.0% DM/M= 0.0000E+00
 ELAPSED TIME=         37.31 s  REMAINING TIME=         22.63 s
 NC=  124600 T= 3.1150E+00 DT= 2.5000E-05 ERR=  0.0% DM/M= 0.0000E+00
 ELAPSED TIME=         37.34 s  REMAINING TIME=         22.60 s
 NC=  124700 T= 3.1175E+00 DT= 2.5000E-05 ERR=  0.0% DM/M= 0.0000E+00
 ELAPSED TIME=         37.37 s  REMAINING TIME=         22.56 s
 NC=  124800 T= 3.1200E+00 DT= 2.5000E-05 ERR=  0.0% DM/M= 0.0000E+00
 ELAPSED TIME=         37.39 s  REMAINING TIME=         22.53 s
 NC=  124900 T= 3.1225E+00 DT= 2.5000E-05 ERR=  0.0% DM/M= 0.0000E+00
 ELAPSED TIME=         37.43 s  REMAINING TIME=         22.50 s
 NC=  125000 T= 3.1250E+00 DT= 2.5000E-05 ERR=  0.0% DM/M= 0.0000E+00
 ELAPSED TIME=         37.45 s  REMAINING TIME=         22.47 s
 NC=  125100 T= 3.1275E+00 DT= 2.5000E-05 ERR=  0.0% DM/M= 0.0000E+00
 ELAPSED TIME=         37.48 s  REMAINING TIME=         22.44 s
 NC=  125200 T= 3.1300E+00 DT= 2.5000E-05 ERR=  0.0% DM/M= 0.0000E+00
 ELAPSED TIME=         37.51 s  REMAINING TIME=         22.41 s
 NC=  125300 T= 3.1325E+00 DT= 2.5000E-05 ERR=  0.0% DM/M= 0.0000E+00
 ELAPSED TIME=         37.54 s  REMAINING TIME=         22.38 s
 NC=  125400 T= 3.1350E+00 DT= 2.5000E-05 ERR=  0.0% DM/M= 0.0000E+00
 ELAPSED TIME=         37.57 s  REMAINING TIME=         22.35 s
 NC=  125500 T= 3.1375E+00 DT= 2.5000E-05 ERR=  0.0% DM/M= 0.0000E+00
 ELAPSED TIME=         37.59 s  REMAINING TIME=         22.32 s
 NC=  125600 T= 3.1400E+00 DT= 2.5000E-05 ERR=  0.0% DM/M= 0.0000E+00
 ELAPSED TIME=         37.62 s  REMAINING TIME=         22.28 s
 NC=  125700 T= 3.1425E+00 DT= 2.5000E-05 ERR=  0.0% DM/M= 0.0000E+00
 ELAPSED TIME=         37.65 s  REMAINING TIME=         22.26 s
 NC=  125800 T= 3.1450E+00 DT= 2.5000E-05 ERR=  0.0% DM/M= 0.0000E+00
 ELAPSED TIME=         37.68 s  REMAINING TIME=         22.22 s
 NC=  125900 T= 3.1475E+00 DT= 2.5000E-05 ERR=  0.0% DM/M= 0.0000E+00
 ELAPSED TIME=         37.71 s  REMAINING TIME=         22.19 s
 NC=  126000 T= 3.1500E+00 DT= 2.5000E-05 ERR=  0.0% DM/M= 0.0000E+00
 ELAPSED TIME=         37.73 s  REMAINING TIME=         22.16 s
 NC=  126100 T= 3.1525E+00 DT= 2.5000E-05 ERR=  0.0% DM/M= 0.0000E+00
 ELAPSED TIME=         37.76 s  REMAINING TIME=         22.13 s
 NC=  126200 T= 3.1550E+00 DT= 2.5000E-05 ERR=  0.0% DM/M= 0.0000E+00
 ELAPSED TIME=         37.79 s  REMAINING TIME=         22.10 s
 NC=  126300 T= 3.1575E+00 DT= 2.5000E-05 ERR=  0.0% DM/M= 0.0000E+00
 ELAPSED TIME=         37.82 s  REMAINING TIME=         22.07 s
 NC=  126400 T= 3.1600E+00 DT= 2.5000E-05 ERR=  0.0% DM/M= 0.0000E+00
 ELAPSED TIME=         37.85 s  REMAINING TIME=         22.04 s
 NC=  126500 T= 3.1625E+00 DT= 2.5000E-05 ERR=  0.0% DM/M= 0.0000E+00
 ELAPSED TIME=         37.88 s  REMAINING TIME=         22.01 s
 NC=  126600 T= 3.1650E+00 DT= 2.5000E-05 ERR=  0.0% DM/M= 0.0000E+00
 ELAPSED TIME=         37.90 s  REMAINING TIME=         21.98 s
     ANIMATION FILE: I02D_LAP_HALFDT_H025_R5A020 WRITTEN
 NC=  126700 T= 3.1675E+00 DT= 2.5000E-05 ERR=  0.0% DM/M= 0.0000E+00
 ELAPSED TIME=         37.93 s  REMAINING TIME=         21.95 s
 NC=  126800 T= 3.1700E+00 DT= 2.5000E-05 ERR=  0.0% DM/M= 0.0000E+00
 ELAPSED TIME=         37.96 s  REMAINING TIME=         21.91 s
 NC=  126900 T= 3.1725E+00 DT= 2.5000E-05 ERR=  0.0% DM/M= 0.0000E+00
 ELAPSED TIME=         37.99 s  REMAINING TIME=         21.89 s
 NC=  127000 T= 3.1750E+00 DT= 2.5000E-05 ERR=  0.0% DM/M= 0.0000E+00
 ELAPSED TIME=         38.02 s  REMAINING TIME=         21.85 s
 NC=  127100 T= 3.1775E+00 DT= 2.5000E-05 ERR=  0.0% DM/M= 0.0000E+00
 ELAPSED TIME=         38.05 s  REMAINING TIME=         21.82 s
 NC=  127200 T= 3.1800E+00 DT= 2.5000E-05 ERR=  0.0% DM/M= 0.0000E+00
 ELAPSED TIME=         38.07 s  REMAINING TIME=         21.79 s
 NC=  127300 T= 3.1825E+00 DT= 2.5000E-05 ERR=  0.0% DM/M= 0.0000E+00
 ELAPSED TIME=         38.10 s  REMAINING TIME=         21.76 s
 NC=  127400 T= 3.1850E+00 DT= 2.5000E-05 ERR=  0.0% DM/M= 0.0000E+00
 ELAPSED TIME=         38.13 s  REMAINING TIME=         21.73 s
 NC=  127500 T= 3.1875E+00 DT= 2.5000E-05 ERR=  0.0% DM/M= 0.0000E+00
 ELAPSED TIME=         38.16 s  REMAINING TIME=         21.70 s
 NC=  127600 T= 3.1900E+00 DT= 2.5000E-05 ERR=  0.0% DM/M= 0.0000E+00
 ELAPSED TIME=         38.19 s  REMAINING TIME=         21.67 s
 NC=  127700 T= 3.1925E+00 DT= 2.5000E-05 ERR=  0.0% DM/M= 0.0000E+00
 ELAPSED TIME=         38.22 s  REMAINING TIME=         21.64 s
 NC=  127800 T= 3.1950E+00 DT= 2.5000E-05 ERR=  0.0% DM/M= 0.0000E+00
 ELAPSED TIME=         38.25 s  REMAINING TIME=         21.61 s
 NC=  127900 T= 3.1975E+00 DT= 2.5000E-05 ERR=  0.0% DM/M= 0.0000E+00
 ELAPSED TIME=         38.27 s  REMAINING TIME=         21.57 s
 NC=  128000 T= 3.2000E+00 DT= 2.5000E-05 ERR=  0.0% DM/M= 0.0000E+00
 ELAPSED TIME=         38.30 s  REMAINING TIME=         21.54 s
 NC=  128100 T= 3.2025E+00 DT= 2.5000E-05 ERR=  0.0% DM/M= 0.0000E+00
 ELAPSED TIME=         38.33 s  REMAINING TIME=         21.51 s
 NC=  128200 T= 3.2050E+00 DT= 2.5000E-05 ERR=  0.0% DM/M= 0.0000E+00
 ELAPSED TIME=         38.36 s  REMAINING TIME=         21.48 s
 NC=  128300 T= 3.2075E+00 DT= 2.5000E-05 ERR=  0.0% DM/M= 0.0000E+00
 ELAPSED TIME=         38.39 s  REMAINING TIME=         21.45 s
 NC=  128400 T= 3.2100E+00 DT= 2.5000E-05 ERR=  0.0% DM/M= 0.0000E+00
 ELAPSED TIME=         38.41 s  REMAINING TIME=         21.42 s
 NC=  128500 T= 3.2125E+00 DT= 2.5000E-05 ERR=  0.0% DM/M= 0.0000E+00
 ELAPSED TIME=         38.45 s  REMAINING TIME=         21.39 s
 NC=  128600 T= 3.2150E+00 DT= 2.5000E-05 ERR=  0.0% DM/M= 0.0000E+00
 ELAPSED TIME=         38.47 s  REMAINING TIME=         21.36 s
 NC=  128700 T= 3.2175E+00 DT= 2.5000E-05 ERR=  0.0% DM/M= 0.0000E+00
 ELAPSED TIME=         38.50 s  REMAINING TIME=         21.33 s
 NC=  128800 T= 3.2200E+00 DT= 2.5000E-05 ERR=  0.0% DM/M= 0.0000E+00
 ELAPSED TIME=         38.53 s  REMAINING TIME=         21.30 s
 NC=  128900 T= 3.2225E+00 DT= 2.5000E-05 ERR=  0.0% DM/M= 0.0000E+00
 ELAPSED TIME=         38.56 s  REMAINING TIME=         21.27 s
 NC=  129000 T= 3.2250E+00 DT= 2.5000E-05 ERR=  0.0% DM/M= 0.0000E+00
 ELAPSED TIME=         38.59 s  REMAINING TIME=         21.24 s
 NC=  129100 T= 3.2275E+00 DT= 2.5000E-05 ERR=  0.0% DM/M= 0.0000E+00
 ELAPSED TIME=         38.61 s  REMAINING TIME=         21.21 s
 NC=  129200 T= 3.2300E+00 DT= 2.5000E-05 ERR=  0.0% DM/M= 0.0000E+00
 ELAPSED TIME=         38.64 s  REMAINING TIME=         21.17 s
 NC=  129300 T= 3.2325E+00 DT= 2.5000E-05 ERR=  0.0% DM/M= 0.0000E+00
 ELAPSED TIME=         38.67 s  REMAINING TIME=         21.15 s
 NC=  129400 T= 3.2350E+00 DT= 2.5000E-05 ERR=  0.0% DM/M= 0.0000E+00
 ELAPSED TIME=         38.70 s  REMAINING TIME=         21.11 s
 NC=  129500 T= 3.2375E+00 DT= 2.5000E-05 ERR=  0.0% DM/M= 0.0000E+00
 ELAPSED TIME=         38.73 s  REMAINING TIME=         21.08 s
 NC=  129600 T= 3.2400E+00 DT= 2.5000E-05 ERR=  0.0% DM/M= 0.0000E+00
 ELAPSED TIME=         38.75 s  REMAINING TIME=         21.05 s
 NC=  129700 T= 3.2425E+00 DT= 2.5000E-05 ERR=  0.0% DM/M= 0.0000E+00
 ELAPSED TIME=         38.79 s  REMAINING TIME=         21.02 s
 NC=  129800 T= 3.2450E+00 DT= 2.5000E-05 ERR=  0.0% DM/M= 0.0000E+00
 ELAPSED TIME=         38.81 s  REMAINING TIME=         20.99 s
 NC=  129900 T= 3.2475E+00 DT= 2.5000E-05 ERR=  0.0% DM/M= 0.0000E+00
 ELAPSED TIME=         38.84 s  REMAINING TIME=         20.96 s
 NC=  130000 T= 3.2500E+00 DT= 2.5000E-05 ERR=  0.0% DM/M= 0.0000E+00
 ELAPSED TIME=         38.87 s  REMAINING TIME=         20.93 s
 NC=  130100 T= 3.2525E+00 DT= 2.5000E-05 ERR=  0.0% DM/M= 0.0000E+00
 ELAPSED TIME=         38.90 s  REMAINING TIME=         20.90 s
 NC=  130200 T= 3.2550E+00 DT= 2.5000E-05 ERR=  0.0% DM/M= 0.0000E+00
 ELAPSED TIME=         38.93 s  REMAINING TIME=         20.87 s
 NC=  130300 T= 3.2575E+00 DT= 2.5000E-05 ERR=  0.0% DM/M= 0.0000E+00
 ELAPSED TIME=         38.95 s  REMAINING TIME=         20.84 s
 NC=  130400 T= 3.2600E+00 DT= 2.5000E-05 ERR=  0.0% DM/M= 0.0000E+00
 ELAPSED TIME=         38.98 s  REMAINING TIME=         20.81 s
 NC=  130500 T= 3.2625E+00 DT= 2.5000E-05 ERR=  0.0% DM/M= 0.0000E+00
 ELAPSED TIME=         39.01 s  REMAINING TIME=         20.78 s
 NC=  130600 T= 3.2650E+00 DT= 2.5000E-05 ERR=  0.0% DM/M= 0.0000E+00
 ELAPSED TIME=         39.04 s  REMAINING TIME=         20.75 s
 NC=  130700 T= 3.2675E+00 DT= 2.5000E-05 ERR=  0.0% DM/M= 0.0000E+00
 ELAPSED TIME=         39.07 s  REMAINING TIME=         20.71 s
 NC=  130800 T= 3.2700E+00 DT= 2.5000E-05 ERR=  0.0% DM/M= 0.0000E+00
 ELAPSED TIME=         39.09 s  REMAINING TIME=         20.68 s
 NC=  130900 T= 3.2725E+00 DT= 2.5000E-05 ERR=  0.0% DM/M= 0.0000E+00
 ELAPSED TIME=         39.13 s  REMAINING TIME=         20.65 s
 NC=  131000 T= 3.2750E+00 DT= 2.5000E-05 ERR=  0.0% DM/M= 0.0000E+00
 ELAPSED TIME=         39.15 s  REMAINING TIME=         20.62 s
 NC=  131100 T= 3.2775E+00 DT= 2.5000E-05 ERR=  0.0% DM/M= 0.0000E+00
 ELAPSED TIME=         39.18 s  REMAINING TIME=         20.59 s
 NC=  131200 T= 3.2800E+00 DT= 2.5000E-05 ERR=  0.0% DM/M= 0.0000E+00
 ELAPSED TIME=         39.21 s  REMAINING TIME=         20.56 s
 NC=  131300 T= 3.2825E+00 DT= 2.5000E-05 ERR=  0.0% DM/M= 0.0000E+00
 ELAPSED TIME=         39.24 s  REMAINING TIME=         20.53 s
 NC=  131400 T= 3.2850E+00 DT= 2.5000E-05 ERR=  0.0% DM/M= 0.0000E+00
 ELAPSED TIME=         39.27 s  REMAINING TIME=         20.50 s
 NC=  131500 T= 3.2875E+00 DT= 2.5000E-05 ERR=  0.0% DM/M= 0.0000E+00
 ELAPSED TIME=         39.30 s  REMAINING TIME=         20.47 s
 NC=  131600 T= 3.2900E+00 DT= 2.5000E-05 ERR=  0.0% DM/M= 0.0000E+00
 ELAPSED TIME=         39.32 s  REMAINING TIME=         20.44 s
 NC=  131700 T= 3.2925E+00 DT= 2.5000E-05 ERR=  0.0% DM/M= 0.0000E+00
 ELAPSED TIME=         39.36 s  REMAINING TIME=         20.41 s
 NC=  131800 T= 3.2950E+00 DT= 2.5000E-05 ERR=  0.0% DM/M= 0.0000E+00
 ELAPSED TIME=         39.38 s  REMAINING TIME=         20.38 s
 NC=  131900 T= 3.2975E+00 DT= 2.5000E-05 ERR=  0.0% DM/M= 0.0000E+00
 ELAPSED TIME=         39.41 s  REMAINING TIME=         20.35 s
 NC=  132000 T= 3.3000E+00 DT= 2.5000E-05 ERR=  0.0% DM/M= 0.0000E+00
 ELAPSED TIME=         39.44 s  REMAINING TIME=         20.32 s
 NC=  132100 T= 3.3025E+00 DT= 2.5000E-05 ERR=  0.0% DM/M= 0.0000E+00
 ELAPSED TIME=         39.47 s  REMAINING TIME=         20.29 s
 NC=  132200 T= 3.3050E+00 DT= 2.5000E-05 ERR=  0.0% DM/M= 0.0000E+00
 ELAPSED TIME=         39.50 s  REMAINING TIME=         20.26 s
 NC=  132300 T= 3.3075E+00 DT= 2.5000E-05 ERR=  0.0% DM/M= 0.0000E+00
 ELAPSED TIME=         39.52 s  REMAINING TIME=         20.22 s
 NC=  132400 T= 3.3100E+00 DT= 2.5000E-05 ERR=  0.0% DM/M= 0.0000E+00
 ELAPSED TIME=         39.55 s  REMAINING TIME=         20.19 s
 NC=  132500 T= 3.3125E+00 DT= 2.5000E-05 ERR=  0.0% DM/M= 0.0000E+00
 ELAPSED TIME=         39.58 s  REMAINING TIME=         20.16 s
 NC=  132600 T= 3.3150E+00 DT= 2.5000E-05 ERR=  0.0% DM/M= 0.0000E+00
 ELAPSED TIME=         39.61 s  REMAINING TIME=         20.13 s
 NC=  132700 T= 3.3175E+00 DT= 2.5000E-05 ERR=  0.0% DM/M= 0.0000E+00
 ELAPSED TIME=         39.64 s  REMAINING TIME=         20.10 s
 NC=  132800 T= 3.3200E+00 DT= 2.5000E-05 ERR=  0.0% DM/M= 0.0000E+00
 ELAPSED TIME=         39.66 s  REMAINING TIME=         20.07 s
 NC=  132900 T= 3.3225E+00 DT= 2.5000E-05 ERR=  0.0% DM/M= 0.0000E+00
 ELAPSED TIME=         39.70 s  REMAINING TIME=         20.04 s
 NC=  133000 T= 3.3250E+00 DT= 2.5000E-05 ERR=  0.0% DM/M= 0.0000E+00
 ELAPSED TIME=         39.72 s  REMAINING TIME=         20.01 s
 NC=  133100 T= 3.3275E+00 DT= 2.5000E-05 ERR=  0.0% DM/M= 0.0000E+00
 ELAPSED TIME=         39.75 s  REMAINING TIME=         19.98 s
 NC=  133200 T= 3.3300E+00 DT= 2.5000E-05 ERR=  0.0% DM/M= 0.0000E+00
 ELAPSED TIME=         39.78 s  REMAINING TIME=         19.95 s
 NC=  133300 T= 3.3325E+00 DT= 2.5000E-05 ERR=  0.0% DM/M= 0.0000E+00
 ELAPSED TIME=         39.81 s  REMAINING TIME=         19.92 s
     ANIMATION FILE: I02D_LAP_HALFDT_H025_R5A021 WRITTEN
 NC=  133400 T= 3.3350E+00 DT= 2.5000E-05 ERR=  0.0% DM/M= 0.0000E+00
 ELAPSED TIME=         39.84 s  REMAINING TIME=         19.89 s
 NC=  133500 T= 3.3375E+00 DT= 2.5000E-05 ERR=  0.0% DM/M= 0.0000E+00
 ELAPSED TIME=         39.87 s  REMAINING TIME=         19.86 s
 NC=  133600 T= 3.3400E+00 DT= 2.5000E-05 ERR=  0.0% DM/M= 0.0000E+00
 ELAPSED TIME=         39.90 s  REMAINING TIME=         19.83 s
 NC=  133700 T= 3.3425E+00 DT= 2.5000E-05 ERR=  0.0% DM/M= 0.0000E+00
 ELAPSED TIME=         39.93 s  REMAINING TIME=         19.80 s
 NC=  133800 T= 3.3450E+00 DT= 2.5000E-05 ERR=  0.0% DM/M= 0.0000E+00
 ELAPSED TIME=         39.96 s  REMAINING TIME=         19.77 s
 NC=  133900 T= 3.3475E+00 DT= 2.5000E-05 ERR=  0.0% DM/M= 0.0000E+00
 ELAPSED TIME=         39.99 s  REMAINING TIME=         19.74 s
 NC=  134000 T= 3.3500E+00 DT= 2.5000E-05 ERR=  0.0% DM/M= 0.0000E+00
 ELAPSED TIME=         40.01 s  REMAINING TIME=         19.71 s
 NC=  134100 T= 3.3525E+00 DT= 2.5000E-05 ERR=  0.0% DM/M= 0.0000E+00
 ELAPSED TIME=         40.04 s  REMAINING TIME=         19.68 s
 NC=  134200 T= 3.3550E+00 DT= 2.5000E-05 ERR=  0.0% DM/M= 0.0000E+00
 ELAPSED TIME=         40.07 s  REMAINING TIME=         19.65 s
 NC=  134300 T= 3.3575E+00 DT= 2.5000E-05 ERR=  0.0% DM/M= 0.0000E+00
 ELAPSED TIME=         40.11 s  REMAINING TIME=         19.62 s
 NC=  134400 T= 3.3600E+00 DT= 2.5000E-05 ERR=  0.0% DM/M= 0.0000E+00
 ELAPSED TIME=         40.14 s  REMAINING TIME=         19.59 s
 NC=  134500 T= 3.3625E+00 DT= 2.5000E-05 ERR=  0.0% DM/M= 0.0000E+00
 ELAPSED TIME=         40.18 s  REMAINING TIME=         19.57 s
 NC=  134600 T= 3.3650E+00 DT= 2.5000E-05 ERR=  0.0% DM/M= 0.0000E+00
 ELAPSED TIME=         40.21 s  REMAINING TIME=         19.54 s
 NC=  134700 T= 3.3675E+00 DT= 2.5000E-05 ERR=  0.0% DM/M= 0.0000E+00
 ELAPSED TIME=         40.25 s  REMAINING TIME=         19.51 s
 NC=  134800 T= 3.3700E+00 DT= 2.5000E-05 ERR=  0.0% DM/M= 0.0000E+00
 ELAPSED TIME=         40.28 s  REMAINING TIME=         19.48 s
 NC=  134900 T= 3.3725E+00 DT= 2.5000E-05 ERR=  0.0% DM/M= 0.0000E+00
 ELAPSED TIME=         40.32 s  REMAINING TIME=         19.46 s
 NC=  135000 T= 3.3750E+00 DT= 2.5000E-05 ERR=  0.0% DM/M= 0.0000E+00
 ELAPSED TIME=         40.35 s  REMAINING TIME=         19.43 s
 NC=  135100 T= 3.3775E+00 DT= 2.5000E-05 ERR=  0.0% DM/M= 0.0000E+00
 ELAPSED TIME=         40.38 s  REMAINING TIME=         19.40 s
 NC=  135200 T= 3.3800E+00 DT= 2.5000E-05 ERR=  0.0% DM/M= 0.0000E+00
 ELAPSED TIME=         40.41 s  REMAINING TIME=         19.37 s
 NC=  135300 T= 3.3825E+00 DT= 2.5000E-05 ERR=  0.0% DM/M= 0.0000E+00
 ELAPSED TIME=         40.45 s  REMAINING TIME=         19.34 s
 NC=  135400 T= 3.3850E+00 DT= 2.5000E-05 ERR=  0.0% DM/M= 0.0000E+00
 ELAPSED TIME=         40.48 s  REMAINING TIME=         19.31 s
 NC=  135500 T= 3.3875E+00 DT= 2.5000E-05 ERR=  0.0% DM/M= 0.0000E+00
 ELAPSED TIME=         40.51 s  REMAINING TIME=         19.29 s
 NC=  135600 T= 3.3900E+00 DT= 2.5000E-05 ERR=  0.0% DM/M= 0.0000E+00
 ELAPSED TIME=         40.54 s  REMAINING TIME=         19.26 s
 NC=  135700 T= 3.3925E+00 DT= 2.5000E-05 ERR=  0.0% DM/M= 0.0000E+00
 ELAPSED TIME=         40.58 s  REMAINING TIME=         19.23 s
 NC=  135800 T= 3.3950E+00 DT= 2.5000E-05 ERR=  0.0% DM/M= 0.0000E+00
 ELAPSED TIME=         40.61 s  REMAINING TIME=         19.20 s
 NC=  135900 T= 3.3975E+00 DT= 2.5000E-05 ERR=  0.0% DM/M= 0.0000E+00
 ELAPSED TIME=         40.63 s  REMAINING TIME=         19.17 s
 NC=  136000 T= 3.4000E+00 DT= 2.5000E-05 ERR=  0.0% DM/M= 0.0000E+00
 ELAPSED TIME=         40.66 s  REMAINING TIME=         19.14 s
 NC=  136100 T= 3.4025E+00 DT= 2.5000E-05 ERR=  0.0% DM/M= 0.0000E+00
 ELAPSED TIME=         40.70 s  REMAINING TIME=         19.11 s
 NC=  136200 T= 3.4050E+00 DT= 2.5000E-05 ERR=  0.0% DM/M= 0.0000E+00
 ELAPSED TIME=         40.72 s  REMAINING TIME=         19.08 s
 NC=  136300 T= 3.4075E+00 DT= 2.5000E-05 ERR=  0.0% DM/M= 0.0000E+00
 ELAPSED TIME=         40.75 s  REMAINING TIME=         19.05 s
 NC=  136400 T= 3.4100E+00 DT= 2.5000E-05 ERR=  0.0% DM/M= 0.0000E+00
 ELAPSED TIME=         40.78 s  REMAINING TIME=         19.01 s
 NC=  136500 T= 3.4125E+00 DT= 2.5000E-05 ERR=  0.0% DM/M= 0.0000E+00
 ELAPSED TIME=         40.81 s  REMAINING TIME=         18.99 s
 NC=  136600 T= 3.4150E+00 DT= 2.5000E-05 ERR=  0.0% DM/M= 0.0000E+00
 ELAPSED TIME=         40.84 s  REMAINING TIME=         18.95 s
 NC=  136700 T= 3.4175E+00 DT= 2.5000E-05 ERR=  0.0% DM/M= 0.0000E+00
 ELAPSED TIME=         40.87 s  REMAINING TIME=         18.92 s
 NC=  136800 T= 3.4200E+00 DT= 2.5000E-05 ERR=  0.0% DM/M= 0.0000E+00
 ELAPSED TIME=         40.89 s  REMAINING TIME=         18.89 s
 NC=  136900 T= 3.4225E+00 DT= 2.5000E-05 ERR=  0.0% DM/M= 0.0000E+00
 ELAPSED TIME=         40.92 s  REMAINING TIME=         18.86 s
 NC=  137000 T= 3.4250E+00 DT= 2.5000E-05 ERR=  0.0% DM/M= 0.0000E+00
 ELAPSED TIME=         40.95 s  REMAINING TIME=         18.83 s
 NC=  137100 T= 3.4275E+00 DT= 2.5000E-05 ERR=  0.0% DM/M= 0.0000E+00
 ELAPSED TIME=         40.98 s  REMAINING TIME=         18.80 s
 NC=  137200 T= 3.4300E+00 DT= 2.5000E-05 ERR=  0.0% DM/M= 0.0000E+00
 ELAPSED TIME=         41.01 s  REMAINING TIME=         18.77 s
 NC=  137300 T= 3.4325E+00 DT= 2.5000E-05 ERR=  0.0% DM/M= 0.0000E+00
 ELAPSED TIME=         41.04 s  REMAINING TIME=         18.74 s
 NC=  137400 T= 3.4350E+00 DT= 2.5000E-05 ERR=  0.0% DM/M= 0.0000E+00
 ELAPSED TIME=         41.07 s  REMAINING TIME=         18.71 s
 NC=  137500 T= 3.4375E+00 DT= 2.5000E-05 ERR=  0.0% DM/M= 0.0000E+00
 ELAPSED TIME=         41.10 s  REMAINING TIME=         18.68 s
 NC=  137600 T= 3.4400E+00 DT= 2.5000E-05 ERR=  0.0% DM/M= 0.0000E+00
 ELAPSED TIME=         41.12 s  REMAINING TIME=         18.65 s
 NC=  137700 T= 3.4425E+00 DT= 2.5000E-05 ERR=  0.0% DM/M= 0.0000E+00
 ELAPSED TIME=         41.16 s  REMAINING TIME=         18.62 s
 NC=  137800 T= 3.4450E+00 DT= 2.5000E-05 ERR=  0.0% DM/M= 0.0000E+00
 ELAPSED TIME=         41.19 s  REMAINING TIME=         18.59 s
 NC=  137900 T= 3.4475E+00 DT= 2.5000E-05 ERR=  0.0% DM/M= 0.0000E+00
 ELAPSED TIME=         41.21 s  REMAINING TIME=         18.56 s
 NC=  138000 T= 3.4500E+00 DT= 2.5000E-05 ERR=  0.0% DM/M= 0.0000E+00
 ELAPSED TIME=         41.24 s  REMAINING TIME=         18.53 s
 NC=  138100 T= 3.4525E+00 DT= 2.5000E-05 ERR=  0.0% DM/M= 0.0000E+00
 ELAPSED TIME=         41.27 s  REMAINING TIME=         18.50 s
 NC=  138200 T= 3.4550E+00 DT= 2.5000E-05 ERR=  0.0% DM/M= 0.0000E+00
 ELAPSED TIME=         41.30 s  REMAINING TIME=         18.47 s
 NC=  138300 T= 3.4575E+00 DT= 2.5000E-05 ERR=  0.0% DM/M= 0.0000E+00
 ELAPSED TIME=         41.33 s  REMAINING TIME=         18.44 s
 NC=  138400 T= 3.4600E+00 DT= 2.5000E-05 ERR=  0.0% DM/M= 0.0000E+00
 ELAPSED TIME=         41.36 s  REMAINING TIME=         18.41 s
 NC=  138500 T= 3.4625E+00 DT= 2.5000E-05 ERR=  0.0% DM/M= 0.0000E+00
 ELAPSED TIME=         41.39 s  REMAINING TIME=         18.38 s
 NC=  138600 T= 3.4650E+00 DT= 2.5000E-05 ERR=  0.0% DM/M= 0.0000E+00
 ELAPSED TIME=         41.42 s  REMAINING TIME=         18.35 s
 NC=  138700 T= 3.4675E+00 DT= 2.5000E-05 ERR=  0.0% DM/M= 0.0000E+00
 ELAPSED TIME=         41.45 s  REMAINING TIME=         18.32 s
 NC=  138800 T= 3.4700E+00 DT= 2.5000E-05 ERR=  0.0% DM/M= 0.0000E+00
 ELAPSED TIME=         41.47 s  REMAINING TIME=         18.29 s
 NC=  138900 T= 3.4725E+00 DT= 2.5000E-05 ERR=  0.0% DM/M= 0.0000E+00
 ELAPSED TIME=         41.51 s  REMAINING TIME=         18.26 s
 NC=  139000 T= 3.4750E+00 DT= 2.5000E-05 ERR=  0.0% DM/M= 0.0000E+00
 ELAPSED TIME=         41.53 s  REMAINING TIME=         18.23 s
 NC=  139100 T= 3.4775E+00 DT= 2.5000E-05 ERR=  0.0% DM/M= 0.0000E+00
 ELAPSED TIME=         41.56 s  REMAINING TIME=         18.20 s
 NC=  139200 T= 3.4800E+00 DT= 2.5000E-05 ERR=  0.0% DM/M= 0.0000E+00
 ELAPSED TIME=         41.59 s  REMAINING TIME=         18.17 s
 NC=  139300 T= 3.4825E+00 DT= 2.5000E-05 ERR=  0.0% DM/M= 0.0000E+00
 ELAPSED TIME=         41.62 s  REMAINING TIME=         18.14 s
 NC=  139400 T= 3.4850E+00 DT= 2.5000E-05 ERR=  0.0% DM/M= 0.0000E+00
 ELAPSED TIME=         41.65 s  REMAINING TIME=         18.11 s
 NC=  139500 T= 3.4875E+00 DT= 2.5000E-05 ERR=  0.0% DM/M= 0.0000E+00
 ELAPSED TIME=         41.68 s  REMAINING TIME=         18.07 s
 NC=  139600 T= 3.4900E+00 DT= 2.5000E-05 ERR=  0.0% DM/M= 0.0000E+00
 ELAPSED TIME=         41.70 s  REMAINING TIME=         18.04 s
 NC=  139700 T= 3.4925E+00 DT= 2.5000E-05 ERR=  0.0% DM/M= 0.0000E+00
 ELAPSED TIME=         41.74 s  REMAINING TIME=         18.02 s
 NC=  139800 T= 3.4950E+00 DT= 2.5000E-05 ERR=  0.0% DM/M= 0.0000E+00
 ELAPSED TIME=         41.76 s  REMAINING TIME=         17.98 s
 NC=  139900 T= 3.4975E+00 DT= 2.5000E-05 ERR=  0.0% DM/M= 0.0000E+00
 ELAPSED TIME=         41.79 s  REMAINING TIME=         17.95 s
 NC=  140000 T= 3.5000E+00 DT= 2.5000E-05 ERR=  0.0% DM/M= 0.0000E+00
 ELAPSED TIME=         41.82 s  REMAINING TIME=         17.92 s
     ANIMATION FILE: I02D_LAP_HALFDT_H025_R5A022 WRITTEN
 NC=  140100 T= 3.5025E+00 DT= 2.5000E-05 ERR=  0.0% DM/M= 0.0000E+00
 ELAPSED TIME=         41.85 s  REMAINING TIME=         17.89 s
 NC=  140200 T= 3.5050E+00 DT= 2.5000E-05 ERR=  0.0% DM/M= 0.0000E+00
 ELAPSED TIME=         41.88 s  REMAINING TIME=         17.86 s
 NC=  140300 T= 3.5075E+00 DT= 2.5000E-05 ERR=  0.0% DM/M= 0.0000E+00
 ELAPSED TIME=         41.91 s  REMAINING TIME=         17.83 s
 NC=  140400 T= 3.5100E+00 DT= 2.5000E-05 ERR=  0.0% DM/M= 0.0000E+00
 ELAPSED TIME=         41.94 s  REMAINING TIME=         17.80 s
 NC=  140500 T= 3.5125E+00 DT= 2.5000E-05 ERR=  0.0% DM/M= 0.0000E+00
 ELAPSED TIME=         41.97 s  REMAINING TIME=         17.77 s
 NC=  140600 T= 3.5150E+00 DT= 2.5000E-05 ERR=  0.0% DM/M= 0.0000E+00
 ELAPSED TIME=         42.00 s  REMAINING TIME=         17.74 s
 NC=  140700 T= 3.5175E+00 DT= 2.5000E-05 ERR=  0.0% DM/M= 0.0000E+00
 ELAPSED TIME=         42.02 s  REMAINING TIME=         17.71 s
 NC=  140800 T= 3.5200E+00 DT= 2.5000E-05 ERR=  0.0% DM/M= 0.0000E+00
 ELAPSED TIME=         42.05 s  REMAINING TIME=         17.68 s
 NC=  140900 T= 3.5225E+00 DT= 2.5000E-05 ERR=  0.0% DM/M= 0.0000E+00
 ELAPSED TIME=         42.09 s  REMAINING TIME=         17.65 s
 NC=  141000 T= 3.5250E+00 DT= 2.5000E-05 ERR=  0.0% DM/M= 0.0000E+00
 ELAPSED TIME=         42.11 s  REMAINING TIME=         17.62 s
 NC=  141100 T= 3.5275E+00 DT= 2.5000E-05 ERR=  0.0% DM/M= 0.0000E+00
 ELAPSED TIME=         42.14 s  REMAINING TIME=         17.59 s
 NC=  141200 T= 3.5300E+00 DT= 2.5000E-05 ERR=  0.0% DM/M= 0.0000E+00
 ELAPSED TIME=         42.17 s  REMAINING TIME=         17.56 s
 NC=  141300 T= 3.5325E+00 DT= 2.5000E-05 ERR=  0.0% DM/M= 0.0000E+00
 ELAPSED TIME=         42.20 s  REMAINING TIME=         17.53 s
 NC=  141400 T= 3.5350E+00 DT= 2.5000E-05 ERR=  0.0% DM/M= 0.0000E+00
 ELAPSED TIME=         42.23 s  REMAINING TIME=         17.50 s
 NC=  141500 T= 3.5375E+00 DT= 2.5000E-05 ERR=  0.0% DM/M= 0.0000E+00
 ELAPSED TIME=         42.25 s  REMAINING TIME=         17.47 s
 NC=  141600 T= 3.5400E+00 DT= 2.5000E-05 ERR=  0.0% DM/M= 0.0000E+00
 ELAPSED TIME=         42.28 s  REMAINING TIME=         17.44 s
 NC=  141700 T= 3.5425E+00 DT= 2.5000E-05 ERR=  0.0% DM/M= 0.0000E+00
 ELAPSED TIME=         42.32 s  REMAINING TIME=         17.41 s
 NC=  141800 T= 3.5450E+00 DT= 2.5000E-05 ERR=  0.0% DM/M= 0.0000E+00
 ELAPSED TIME=         42.34 s  REMAINING TIME=         17.38 s
 NC=  141900 T= 3.5475E+00 DT= 2.5000E-05 ERR=  0.0% DM/M= 0.0000E+00
 ELAPSED TIME=         42.37 s  REMAINING TIME=         17.35 s
 NC=  142000 T= 3.5500E+00 DT= 2.5000E-05 ERR=  0.0% DM/M= 0.0000E+00
 ELAPSED TIME=         42.40 s  REMAINING TIME=         17.32 s
 NC=  142100 T= 3.5525E+00 DT= 2.5000E-05 ERR=  0.0% DM/M= 0.0000E+00
 ELAPSED TIME=         42.43 s  REMAINING TIME=         17.29 s
 NC=  142200 T= 3.5550E+00 DT= 2.5000E-05 ERR=  0.0% DM/M= 0.0000E+00
 ELAPSED TIME=         42.46 s  REMAINING TIME=         17.26 s
 NC=  142300 T= 3.5575E+00 DT= 2.5000E-05 ERR=  0.0% DM/M= 0.0000E+00
 ELAPSED TIME=         42.48 s  REMAINING TIME=         17.23 s
 NC=  142400 T= 3.5600E+00 DT= 2.5000E-05 ERR=  0.0% DM/M= 0.0000E+00
 ELAPSED TIME=         42.51 s  REMAINING TIME=         17.20 s
 NC=  142500 T= 3.5625E+00 DT= 2.5000E-05 ERR=  0.0% DM/M= 0.0000E+00
 ELAPSED TIME=         42.55 s  REMAINING TIME=         17.17 s
 NC=  142600 T= 3.5650E+00 DT= 2.5000E-05 ERR=  0.0% DM/M= 0.0000E+00
 ELAPSED TIME=         42.57 s  REMAINING TIME=         17.14 s
 NC=  142700 T= 3.5675E+00 DT= 2.5000E-05 ERR=  0.0% DM/M= 0.0000E+00
 ELAPSED TIME=         42.60 s  REMAINING TIME=         17.11 s
 NC=  142800 T= 3.5700E+00 DT= 2.5000E-05 ERR=  0.0% DM/M= 0.0000E+00
 ELAPSED TIME=         42.63 s  REMAINING TIME=         17.08 s
 NC=  142900 T= 3.5725E+00 DT= 2.5000E-05 ERR=  0.0% DM/M= 0.0000E+00
 ELAPSED TIME=         42.66 s  REMAINING TIME=         17.05 s
 NC=  143000 T= 3.5750E+00 DT= 2.5000E-05 ERR=  0.0% DM/M= 0.0000E+00
 ELAPSED TIME=         42.69 s  REMAINING TIME=         17.02 s
 NC=  143100 T= 3.5775E+00 DT= 2.5000E-05 ERR=  0.0% DM/M= 0.0000E+00
 ELAPSED TIME=         42.72 s  REMAINING TIME=         16.98 s
 NC=  143200 T= 3.5800E+00 DT= 2.5000E-05 ERR=  0.0% DM/M= 0.0000E+00
 ELAPSED TIME=         42.74 s  REMAINING TIME=         16.95 s
 NC=  143300 T= 3.5825E+00 DT= 2.5000E-05 ERR=  0.0% DM/M= 0.0000E+00
 ELAPSED TIME=         42.78 s  REMAINING TIME=         16.93 s
 NC=  143400 T= 3.5850E+00 DT= 2.5000E-05 ERR=  0.0% DM/M= 0.0000E+00
 ELAPSED TIME=         42.80 s  REMAINING TIME=         16.89 s
 NC=  143500 T= 3.5875E+00 DT= 2.5000E-05 ERR=  0.0% DM/M= 0.0000E+00
 ELAPSED TIME=         42.83 s  REMAINING TIME=         16.86 s
 NC=  143600 T= 3.5900E+00 DT= 2.5000E-05 ERR=  0.0% DM/M= 0.0000E+00
 ELAPSED TIME=         42.86 s  REMAINING TIME=         16.83 s
 NC=  143700 T= 3.5925E+00 DT= 2.5000E-05 ERR=  0.0% DM/M= 0.0000E+00
 ELAPSED TIME=         42.89 s  REMAINING TIME=         16.80 s
 NC=  143800 T= 3.5950E+00 DT= 2.5000E-05 ERR=  0.0% DM/M= 0.0000E+00
 ELAPSED TIME=         42.92 s  REMAINING TIME=         16.77 s
 NC=  143900 T= 3.5975E+00 DT= 2.5000E-05 ERR=  0.0% DM/M= 0.0000E+00
 ELAPSED TIME=         42.95 s  REMAINING TIME=         16.75 s
 NC=  144000 T= 3.6000E+00 DT= 2.5000E-05 ERR=  0.0% DM/M= 0.0000E+00
 ELAPSED TIME=         42.98 s  REMAINING TIME=         16.71 s
 NC=  144100 T= 3.6025E+00 DT= 2.5000E-05 ERR=  0.0% DM/M= 0.0000E+00
 ELAPSED TIME=         43.01 s  REMAINING TIME=         16.69 s
 NC=  144200 T= 3.6050E+00 DT= 2.5000E-05 ERR=  0.0% DM/M= 0.0000E+00
 ELAPSED TIME=         43.04 s  REMAINING TIME=         16.65 s
 NC=  144300 T= 3.6075E+00 DT= 2.5000E-05 ERR=  0.0% DM/M= 0.0000E+00
 ELAPSED TIME=         43.07 s  REMAINING TIME=         16.62 s
 NC=  144400 T= 3.6100E+00 DT= 2.5000E-05 ERR=  0.0% DM/M= 0.0000E+00
 ELAPSED TIME=         43.09 s  REMAINING TIME=         16.59 s
 NC=  144500 T= 3.6125E+00 DT= 2.5000E-05 ERR=  0.0% DM/M= 0.0000E+00
 ELAPSED TIME=         43.13 s  REMAINING TIME=         16.56 s
 NC=  144600 T= 3.6150E+00 DT= 2.5000E-05 ERR=  0.0% DM/M= 0.0000E+00
 ELAPSED TIME=         43.15 s  REMAINING TIME=         16.53 s
 NC=  144700 T= 3.6175E+00 DT= 2.5000E-05 ERR=  0.0% DM/M= 0.0000E+00
 ELAPSED TIME=         43.18 s  REMAINING TIME=         16.50 s
 NC=  144800 T= 3.6200E+00 DT= 2.5000E-05 ERR=  0.0% DM/M= 0.0000E+00
 ELAPSED TIME=         43.21 s  REMAINING TIME=         16.47 s
 NC=  144900 T= 3.6225E+00 DT= 2.5000E-05 ERR=  0.0% DM/M= 0.0000E+00
 ELAPSED TIME=         43.25 s  REMAINING TIME=         16.45 s
 NC=  145000 T= 3.6250E+00 DT= 2.5000E-05 ERR=  0.0% DM/M= 0.0000E+00
 ELAPSED TIME=         43.28 s  REMAINING TIME=         16.41 s
 NC=  145100 T= 3.6275E+00 DT= 2.5000E-05 ERR=  0.0% DM/M= 0.0000E+00
 ELAPSED TIME=         43.30 s  REMAINING TIME=         16.38 s
 NC=  145200 T= 3.6300E+00 DT= 2.5000E-05 ERR=  0.0% DM/M= 0.0000E+00
 ELAPSED TIME=         43.34 s  REMAINING TIME=         16.36 s
 NC=  145300 T= 3.6325E+00 DT= 2.5000E-05 ERR=  0.0% DM/M= 0.0000E+00
 ELAPSED TIME=         43.37 s  REMAINING TIME=         16.33 s
 NC=  145400 T= 3.6350E+00 DT= 2.5000E-05 ERR=  0.0% DM/M= 0.0000E+00
 ELAPSED TIME=         43.40 s  REMAINING TIME=         16.30 s
 NC=  145500 T= 3.6375E+00 DT= 2.5000E-05 ERR=  0.0% DM/M= 0.0000E+00
 ELAPSED TIME=         43.43 s  REMAINING TIME=         16.27 s
 NC=  145600 T= 3.6400E+00 DT= 2.5000E-05 ERR=  0.0% DM/M= 0.0000E+00
 ELAPSED TIME=         43.45 s  REMAINING TIME=         16.24 s
 NC=  145700 T= 3.6425E+00 DT= 2.5000E-05 ERR=  0.0% DM/M= 0.0000E+00
 ELAPSED TIME=         43.49 s  REMAINING TIME=         16.21 s
 NC=  145800 T= 3.6450E+00 DT= 2.5000E-05 ERR=  0.0% DM/M= 0.0000E+00
 ELAPSED TIME=         43.51 s  REMAINING TIME=         16.18 s
 NC=  145900 T= 3.6475E+00 DT= 2.5000E-05 ERR=  0.0% DM/M= 0.0000E+00
 ELAPSED TIME=         43.54 s  REMAINING TIME=         16.14 s
 NC=  146000 T= 3.6500E+00 DT= 2.5000E-05 ERR=  0.0% DM/M= 0.0000E+00
 ELAPSED TIME=         43.57 s  REMAINING TIME=         16.11 s
 NC=  146100 T= 3.6525E+00 DT= 2.5000E-05 ERR=  0.0% DM/M= 0.0000E+00
 ELAPSED TIME=         43.60 s  REMAINING TIME=         16.09 s
 NC=  146200 T= 3.6550E+00 DT= 2.5000E-05 ERR=  0.0% DM/M= 0.0000E+00
 ELAPSED TIME=         43.63 s  REMAINING TIME=         16.05 s
 NC=  146300 T= 3.6575E+00 DT= 2.5000E-05 ERR=  0.0% DM/M= 0.0000E+00
 ELAPSED TIME=         43.66 s  REMAINING TIME=         16.02 s
 NC=  146400 T= 3.6600E+00 DT= 2.5000E-05 ERR=  0.0% DM/M= 0.0000E+00
 ELAPSED TIME=         43.68 s  REMAINING TIME=         15.99 s
 NC=  146500 T= 3.6625E+00 DT= 2.5000E-05 ERR=  0.0% DM/M= 0.0000E+00
 ELAPSED TIME=         43.72 s  REMAINING TIME=         15.96 s
 NC=  146600 T= 3.6650E+00 DT= 2.5000E-05 ERR=  0.0% DM/M= 0.0000E+00
 ELAPSED TIME=         43.74 s  REMAINING TIME=         15.93 s
     ANIMATION FILE: I02D_LAP_HALFDT_H025_R5A023 WRITTEN
 NC=  146700 T= 3.6675E+00 DT= 2.5000E-05 ERR=  0.0% DM/M= 0.0000E+00
 ELAPSED TIME=         43.77 s  REMAINING TIME=         15.90 s
 NC=  146800 T= 3.6700E+00 DT= 2.5000E-05 ERR=  0.0% DM/M= 0.0000E+00
 ELAPSED TIME=         43.80 s  REMAINING TIME=         15.87 s
 NC=  146900 T= 3.6725E+00 DT= 2.5000E-05 ERR=  0.0% DM/M= 0.0000E+00
 ELAPSED TIME=         43.83 s  REMAINING TIME=         15.84 s
 NC=  147000 T= 3.6750E+00 DT= 2.5000E-05 ERR=  0.0% DM/M= 0.0000E+00
 ELAPSED TIME=         43.86 s  REMAINING TIME=         15.81 s
 NC=  147100 T= 3.6775E+00 DT= 2.5000E-05 ERR=  0.0% DM/M= 0.0000E+00
 ELAPSED TIME=         43.89 s  REMAINING TIME=         15.78 s
 NC=  147200 T= 3.6800E+00 DT= 2.5000E-05 ERR=  0.0% DM/M= 0.0000E+00
 ELAPSED TIME=         43.92 s  REMAINING TIME=         15.75 s
 NC=  147300 T= 3.6825E+00 DT= 2.5000E-05 ERR=  0.0% DM/M= 0.0000E+00
 ELAPSED TIME=         43.95 s  REMAINING TIME=         15.72 s
 NC=  147400 T= 3.6850E+00 DT= 2.5000E-05 ERR=  0.0% DM/M= 0.0000E+00
 ELAPSED TIME=         43.98 s  REMAINING TIME=         15.69 s
 NC=  147500 T= 3.6875E+00 DT= 2.5000E-05 ERR=  0.0% DM/M= 0.0000E+00
 ELAPSED TIME=         44.00 s  REMAINING TIME=         15.66 s
 NC=  147600 T= 3.6900E+00 DT= 2.5000E-05 ERR=  0.0% DM/M= 0.0000E+00
 ELAPSED TIME=         44.03 s  REMAINING TIME=         15.63 s
 NC=  147700 T= 3.6925E+00 DT= 2.5000E-05 ERR=  0.0% DM/M= 0.0000E+00
 ELAPSED TIME=         44.06 s  REMAINING TIME=         15.60 s
 NC=  147800 T= 3.6950E+00 DT= 2.5000E-05 ERR=  0.0% DM/M= 0.0000E+00
 ELAPSED TIME=         44.09 s  REMAINING TIME=         15.57 s
 NC=  147900 T= 3.6975E+00 DT= 2.5000E-05 ERR=  0.0% DM/M= 0.0000E+00
 ELAPSED TIME=         44.12 s  REMAINING TIME=         15.54 s
 NC=  148000 T= 3.7000E+00 DT= 2.5000E-05 ERR=  0.0% DM/M= 0.0000E+00
 ELAPSED TIME=         44.14 s  REMAINING TIME=         15.51 s
 NC=  148100 T= 3.7025E+00 DT= 2.5000E-05 ERR=  0.0% DM/M= 0.0000E+00
 ELAPSED TIME=         44.18 s  REMAINING TIME=         15.48 s
 NC=  148200 T= 3.7050E+00 DT= 2.5000E-05 ERR=  0.0% DM/M= 0.0000E+00
 ELAPSED TIME=         44.21 s  REMAINING TIME=         15.45 s
 NC=  148300 T= 3.7075E+00 DT= 2.5000E-05 ERR=  0.0% DM/M= 0.0000E+00
 ELAPSED TIME=         44.23 s  REMAINING TIME=         15.42 s
 NC=  148400 T= 3.7100E+00 DT= 2.5000E-05 ERR=  0.0% DM/M= 0.0000E+00
 ELAPSED TIME=         44.26 s  REMAINING TIME=         15.39 s
 NC=  148500 T= 3.7125E+00 DT= 2.5000E-05 ERR=  0.0% DM/M= 0.0000E+00
 ELAPSED TIME=         44.29 s  REMAINING TIME=         15.36 s
 NC=  148600 T= 3.7150E+00 DT= 2.5000E-05 ERR=  0.0% DM/M= 0.0000E+00
 ELAPSED TIME=         44.32 s  REMAINING TIME=         15.33 s
 NC=  148700 T= 3.7175E+00 DT= 2.5000E-05 ERR=  0.0% DM/M= 0.0000E+00
 ELAPSED TIME=         44.35 s  REMAINING TIME=         15.30 s
 NC=  148800 T= 3.7200E+00 DT= 2.5000E-05 ERR=  0.0% DM/M= 0.0000E+00
 ELAPSED TIME=         44.38 s  REMAINING TIME=         15.27 s
 NC=  148900 T= 3.7225E+00 DT= 2.5000E-05 ERR=  0.0% DM/M= 0.0000E+00
 ELAPSED TIME=         44.41 s  REMAINING TIME=         15.24 s
 NC=  149000 T= 3.7250E+00 DT= 2.5000E-05 ERR=  0.0% DM/M= 0.0000E+00
 ELAPSED TIME=         44.44 s  REMAINING TIME=         15.21 s
 NC=  149100 T= 3.7275E+00 DT= 2.5000E-05 ERR=  0.0% DM/M= 0.0000E+00
 ELAPSED TIME=         44.46 s  REMAINING TIME=         15.18 s
 NC=  149200 T= 3.7300E+00 DT= 2.5000E-05 ERR=  0.0% DM/M= 0.0000E+00
 ELAPSED TIME=         44.49 s  REMAINING TIME=         15.15 s
 NC=  149300 T= 3.7325E+00 DT= 2.5000E-05 ERR=  0.0% DM/M= 0.0000E+00
 ELAPSED TIME=         44.52 s  REMAINING TIME=         15.12 s
 NC=  149400 T= 3.7350E+00 DT= 2.5000E-05 ERR=  0.0% DM/M= 0.0000E+00
 ELAPSED TIME=         44.55 s  REMAINING TIME=         15.09 s
 NC=  149500 T= 3.7375E+00 DT= 2.5000E-05 ERR=  0.0% DM/M= 0.0000E+00
 ELAPSED TIME=         44.58 s  REMAINING TIME=         15.06 s
 NC=  149600 T= 3.7400E+00 DT= 2.5000E-05 ERR=  0.0% DM/M= 0.0000E+00
 ELAPSED TIME=         44.61 s  REMAINING TIME=         15.03 s
 NC=  149700 T= 3.7425E+00 DT= 2.5000E-05 ERR=  0.0% DM/M= 0.0000E+00
 ELAPSED TIME=         44.64 s  REMAINING TIME=         15.00 s
 NC=  149800 T= 3.7450E+00 DT= 2.5000E-05 ERR=  0.0% DM/M= 0.0000E+00
 ELAPSED TIME=         44.66 s  REMAINING TIME=         14.97 s
 NC=  149900 T= 3.7475E+00 DT= 2.5000E-05 ERR=  0.0% DM/M= 0.0000E+00
 ELAPSED TIME=         44.69 s  REMAINING TIME=         14.94 s
 NC=  150000 T= 3.7500E+00 DT= 2.5000E-05 ERR=  0.0% DM/M= 0.0000E+00
 ELAPSED TIME=         44.72 s  REMAINING TIME=         14.91 s
 NC=  150100 T= 3.7525E+00 DT= 2.5000E-05 ERR=  0.0% DM/M= 0.0000E+00
 ELAPSED TIME=         44.75 s  REMAINING TIME=         14.88 s
 NC=  150200 T= 3.7550E+00 DT= 2.5000E-05 ERR=  0.0% DM/M= 0.0000E+00
 ELAPSED TIME=         44.78 s  REMAINING TIME=         14.85 s
 NC=  150300 T= 3.7575E+00 DT= 2.5000E-05 ERR=  0.0% DM/M= 0.0000E+00
 ELAPSED TIME=         44.81 s  REMAINING TIME=         14.82 s
 NC=  150400 T= 3.7600E+00 DT= 2.5000E-05 ERR=  0.0% DM/M= 0.0000E+00
 ELAPSED TIME=         44.83 s  REMAINING TIME=         14.78 s
 NC=  150500 T= 3.7625E+00 DT= 2.5000E-05 ERR=  0.0% DM/M= 0.0000E+00
 ELAPSED TIME=         44.86 s  REMAINING TIME=         14.76 s
 NC=  150600 T= 3.7650E+00 DT= 2.5000E-05 ERR=  0.0% DM/M= 0.0000E+00
 ELAPSED TIME=         44.89 s  REMAINING TIME=         14.73 s
 NC=  150700 T= 3.7675E+00 DT= 2.5000E-05 ERR=  0.0% DM/M= 0.0000E+00
 ELAPSED TIME=         44.92 s  REMAINING TIME=         14.69 s
 NC=  150800 T= 3.7700E+00 DT= 2.5000E-05 ERR=  0.0% DM/M= 0.0000E+00
 ELAPSED TIME=         44.95 s  REMAINING TIME=         14.66 s
 NC=  150900 T= 3.7725E+00 DT= 2.5000E-05 ERR=  0.0% DM/M= 0.0000E+00
 ELAPSED TIME=         44.98 s  REMAINING TIME=         14.64 s
 NC=  151000 T= 3.7750E+00 DT= 2.5000E-05 ERR=  0.0% DM/M= 0.0000E+00
 ELAPSED TIME=         45.01 s  REMAINING TIME=         14.60 s
 NC=  151100 T= 3.7775E+00 DT= 2.5000E-05 ERR=  0.0% DM/M= 0.0000E+00
 ELAPSED TIME=         45.03 s  REMAINING TIME=         14.57 s
 NC=  151200 T= 3.7800E+00 DT= 2.5000E-05 ERR=  0.0% DM/M= 0.0000E+00
 ELAPSED TIME=         45.06 s  REMAINING TIME=         14.54 s
 NC=  151300 T= 3.7825E+00 DT= 2.5000E-05 ERR=  0.0% DM/M= 0.0000E+00
 ELAPSED TIME=         45.09 s  REMAINING TIME=         14.51 s
 NC=  151400 T= 3.7850E+00 DT= 2.5000E-05 ERR=  0.0% DM/M= 0.0000E+00
 ELAPSED TIME=         45.12 s  REMAINING TIME=         14.48 s
 NC=  151500 T= 3.7875E+00 DT= 2.5000E-05 ERR=  0.0% DM/M= 0.0000E+00
 ELAPSED TIME=         45.15 s  REMAINING TIME=         14.45 s
 NC=  151600 T= 3.7900E+00 DT= 2.5000E-05 ERR=  0.0% DM/M= 0.0000E+00
 ELAPSED TIME=         45.17 s  REMAINING TIME=         14.42 s
 NC=  151700 T= 3.7925E+00 DT= 2.5000E-05 ERR=  0.0% DM/M= 0.0000E+00
 ELAPSED TIME=         45.21 s  REMAINING TIME=         14.39 s
 NC=  151800 T= 3.7950E+00 DT= 2.5000E-05 ERR=  0.0% DM/M= 0.0000E+00
 ELAPSED TIME=         45.23 s  REMAINING TIME=         14.36 s
 NC=  151900 T= 3.7975E+00 DT= 2.5000E-05 ERR=  0.0% DM/M= 0.0000E+00
 ELAPSED TIME=         45.26 s  REMAINING TIME=         14.33 s
 NC=  152000 T= 3.8000E+00 DT= 2.5000E-05 ERR=  0.0% DM/M= 0.0000E+00
 ELAPSED TIME=         45.29 s  REMAINING TIME=         14.30 s
 NC=  152100 T= 3.8025E+00 DT= 2.5000E-05 ERR=  0.0% DM/M= 0.0000E+00
 ELAPSED TIME=         45.32 s  REMAINING TIME=         14.27 s
 NC=  152200 T= 3.8050E+00 DT= 2.5000E-05 ERR=  0.0% DM/M= 0.0000E+00
 ELAPSED TIME=         45.35 s  REMAINING TIME=         14.24 s
 NC=  152300 T= 3.8075E+00 DT= 2.5000E-05 ERR=  0.0% DM/M= 0.0000E+00
 ELAPSED TIME=         45.37 s  REMAINING TIME=         14.21 s
 NC=  152400 T= 3.8100E+00 DT= 2.5000E-05 ERR=  0.0% DM/M= 0.0000E+00
 ELAPSED TIME=         45.40 s  REMAINING TIME=         14.18 s
 NC=  152500 T= 3.8125E+00 DT= 2.5000E-05 ERR=  0.0% DM/M= 0.0000E+00
 ELAPSED TIME=         45.43 s  REMAINING TIME=         14.15 s
 NC=  152600 T= 3.8150E+00 DT= 2.5000E-05 ERR=  0.0% DM/M= 0.0000E+00
 ELAPSED TIME=         45.46 s  REMAINING TIME=         14.12 s
 NC=  152700 T= 3.8175E+00 DT= 2.5000E-05 ERR=  0.0% DM/M= 0.0000E+00
 ELAPSED TIME=         45.49 s  REMAINING TIME=         14.09 s
 NC=  152800 T= 3.8200E+00 DT= 2.5000E-05 ERR=  0.0% DM/M= 0.0000E+00
 ELAPSED TIME=         45.51 s  REMAINING TIME=         14.06 s
 NC=  152900 T= 3.8225E+00 DT= 2.5000E-05 ERR=  0.0% DM/M= 0.0000E+00
 ELAPSED TIME=         45.55 s  REMAINING TIME=         14.03 s
 NC=  153000 T= 3.8250E+00 DT= 2.5000E-05 ERR=  0.0% DM/M= 0.0000E+00
 ELAPSED TIME=         45.57 s  REMAINING TIME=         14.00 s
 NC=  153100 T= 3.8275E+00 DT= 2.5000E-05 ERR=  0.0% DM/M= 0.0000E+00
 ELAPSED TIME=         45.60 s  REMAINING TIME=         13.97 s
 NC=  153200 T= 3.8300E+00 DT= 2.5000E-05 ERR=  0.0% DM/M= 0.0000E+00
 ELAPSED TIME=         45.63 s  REMAINING TIME=         13.94 s
 NC=  153300 T= 3.8325E+00 DT= 2.5000E-05 ERR=  0.0% DM/M= 0.0000E+00
 ELAPSED TIME=         45.66 s  REMAINING TIME=         13.91 s
     ANIMATION FILE: I02D_LAP_HALFDT_H025_R5A024 WRITTEN
 NC=  153400 T= 3.8350E+00 DT= 2.5000E-05 ERR=  0.0% DM/M= 0.0000E+00
 ELAPSED TIME=         45.69 s  REMAINING TIME=         13.88 s
 NC=  153500 T= 3.8375E+00 DT= 2.5000E-05 ERR=  0.0% DM/M= 0.0000E+00
 ELAPSED TIME=         45.71 s  REMAINING TIME=         13.85 s
 NC=  153600 T= 3.8400E+00 DT= 2.5000E-05 ERR=  0.0% DM/M= 0.0000E+00
 ELAPSED TIME=         45.74 s  REMAINING TIME=         13.82 s
 NC=  153700 T= 3.8425E+00 DT= 2.5000E-05 ERR=  0.0% DM/M= 0.0000E+00
 ELAPSED TIME=         45.77 s  REMAINING TIME=         13.79 s
 NC=  153800 T= 3.8450E+00 DT= 2.5000E-05 ERR=  0.0% DM/M= 0.0000E+00
 ELAPSED TIME=         45.80 s  REMAINING TIME=         13.76 s
 NC=  153900 T= 3.8475E+00 DT= 2.5000E-05 ERR=  0.0% DM/M= 0.0000E+00
 ELAPSED TIME=         45.83 s  REMAINING TIME=         13.73 s
 NC=  154000 T= 3.8500E+00 DT= 2.5000E-05 ERR=  0.0% DM/M= 0.0000E+00
 ELAPSED TIME=         45.85 s  REMAINING TIME=         13.70 s
 NC=  154100 T= 3.8525E+00 DT= 2.5000E-05 ERR=  0.0% DM/M= 0.0000E+00
 ELAPSED TIME=         45.89 s  REMAINING TIME=         13.67 s
 NC=  154200 T= 3.8550E+00 DT= 2.5000E-05 ERR=  0.0% DM/M= 0.0000E+00
 ELAPSED TIME=         45.92 s  REMAINING TIME=         13.64 s
 NC=  154300 T= 3.8575E+00 DT= 2.5000E-05 ERR=  0.0% DM/M= 0.0000E+00
 ELAPSED TIME=         45.94 s  REMAINING TIME=         13.61 s
 NC=  154400 T= 3.8600E+00 DT= 2.5000E-05 ERR=  0.0% DM/M= 0.0000E+00
 ELAPSED TIME=         45.97 s  REMAINING TIME=         13.58 s
 NC=  154500 T= 3.8625E+00 DT= 2.5000E-05 ERR=  0.0% DM/M= 0.0000E+00
 ELAPSED TIME=         46.00 s  REMAINING TIME=         13.55 s
 NC=  154600 T= 3.8650E+00 DT= 2.5000E-05 ERR=  0.0% DM/M= 0.0000E+00
 ELAPSED TIME=         46.03 s  REMAINING TIME=         13.52 s
 NC=  154700 T= 3.8675E+00 DT= 2.5000E-05 ERR=  0.0% DM/M= 0.0000E+00
 ELAPSED TIME=         46.06 s  REMAINING TIME=         13.49 s
 NC=  154800 T= 3.8700E+00 DT= 2.5000E-05 ERR=  0.0% DM/M= 0.0000E+00
 ELAPSED TIME=         46.09 s  REMAINING TIME=         13.46 s
 NC=  154900 T= 3.8725E+00 DT= 2.5000E-05 ERR=  0.0% DM/M= 0.0000E+00
 ELAPSED TIME=         46.12 s  REMAINING TIME=         13.43 s
 NC=  155000 T= 3.8750E+00 DT= 2.5000E-05 ERR=  0.0% DM/M= 0.0000E+00
 ELAPSED TIME=         46.15 s  REMAINING TIME=         13.40 s
 NC=  155100 T= 3.8775E+00 DT= 2.5000E-05 ERR=  0.0% DM/M= 0.0000E+00
 ELAPSED TIME=         46.17 s  REMAINING TIME=         13.37 s
 NC=  155200 T= 3.8800E+00 DT= 2.5000E-05 ERR=  0.0% DM/M= 0.0000E+00
 ELAPSED TIME=         46.20 s  REMAINING TIME=         13.34 s
 NC=  155300 T= 3.8825E+00 DT= 2.5000E-05 ERR=  0.0% DM/M= 0.0000E+00
 ELAPSED TIME=         46.23 s  REMAINING TIME=         13.31 s
 NC=  155400 T= 3.8850E+00 DT= 2.5000E-05 ERR=  0.0% DM/M= 0.0000E+00
 ELAPSED TIME=         46.26 s  REMAINING TIME=         13.28 s
 NC=  155500 T= 3.8875E+00 DT= 2.5000E-05 ERR=  0.0% DM/M= 0.0000E+00
 ELAPSED TIME=         46.29 s  REMAINING TIME=         13.25 s
 NC=  155600 T= 3.8900E+00 DT= 2.5000E-05 ERR=  0.0% DM/M= 0.0000E+00
 ELAPSED TIME=         46.32 s  REMAINING TIME=         13.22 s
 NC=  155700 T= 3.8925E+00 DT= 2.5000E-05 ERR=  0.0% DM/M= 0.0000E+00
 ELAPSED TIME=         46.35 s  REMAINING TIME=         13.19 s
 NC=  155800 T= 3.8950E+00 DT= 2.5000E-05 ERR=  0.0% DM/M= 0.0000E+00
 ELAPSED TIME=         46.38 s  REMAINING TIME=         13.16 s
 NC=  155900 T= 3.8975E+00 DT= 2.5000E-05 ERR=  0.0% DM/M= 0.0000E+00
 ELAPSED TIME=         46.41 s  REMAINING TIME=         13.13 s
 NC=  156000 T= 3.9000E+00 DT= 2.5000E-05 ERR=  0.0% DM/M= 0.0000E+00
 ELAPSED TIME=         46.43 s  REMAINING TIME=         13.10 s
 NC=  156100 T= 3.9025E+00 DT= 2.5000E-05 ERR=  0.0% DM/M= 0.0000E+00
 ELAPSED TIME=         46.47 s  REMAINING TIME=         13.07 s
 NC=  156200 T= 3.9050E+00 DT= 2.5000E-05 ERR=  0.0% DM/M= 0.0000E+00
 ELAPSED TIME=         46.49 s  REMAINING TIME=         13.04 s
 NC=  156300 T= 3.9075E+00 DT= 2.5000E-05 ERR=  0.0% DM/M= 0.0000E+00
 ELAPSED TIME=         46.52 s  REMAINING TIME=         13.01 s
 NC=  156400 T= 3.9100E+00 DT= 2.5000E-05 ERR=  0.0% DM/M= 0.0000E+00
 ELAPSED TIME=         46.55 s  REMAINING TIME=         12.98 s
 NC=  156500 T= 3.9125E+00 DT= 2.5000E-05 ERR=  0.0% DM/M= 0.0000E+00
 ELAPSED TIME=         46.58 s  REMAINING TIME=         12.95 s
 NC=  156600 T= 3.9150E+00 DT= 2.5000E-05 ERR=  0.0% DM/M= 0.0000E+00
 ELAPSED TIME=         46.61 s  REMAINING TIME=         12.92 s
 NC=  156700 T= 3.9175E+00 DT= 2.5000E-05 ERR=  0.0% DM/M= 0.0000E+00
 ELAPSED TIME=         46.64 s  REMAINING TIME=         12.89 s
 NC=  156800 T= 3.9200E+00 DT= 2.5000E-05 ERR=  0.0% DM/M= 0.0000E+00
 ELAPSED TIME=         46.67 s  REMAINING TIME=         12.86 s
 NC=  156900 T= 3.9225E+00 DT= 2.5000E-05 ERR=  0.0% DM/M= 0.0000E+00
 ELAPSED TIME=         46.70 s  REMAINING TIME=         12.83 s
 NC=  157000 T= 3.9250E+00 DT= 2.5000E-05 ERR=  0.0% DM/M= 0.0000E+00
 ELAPSED TIME=         46.73 s  REMAINING TIME=         12.80 s
 NC=  157100 T= 3.9275E+00 DT= 2.5000E-05 ERR=  0.0% DM/M= 0.0000E+00
 ELAPSED TIME=         46.75 s  REMAINING TIME=         12.77 s
 NC=  157200 T= 3.9300E+00 DT= 2.5000E-05 ERR=  0.0% DM/M= 0.0000E+00
 ELAPSED TIME=         46.78 s  REMAINING TIME=         12.74 s
 NC=  157300 T= 3.9325E+00 DT= 2.5000E-05 ERR=  0.0% DM/M= 0.0000E+00
 ELAPSED TIME=         46.81 s  REMAINING TIME=         12.71 s
 NC=  157400 T= 3.9350E+00 DT= 2.5000E-05 ERR=  0.0% DM/M= 0.0000E+00
 ELAPSED TIME=         46.84 s  REMAINING TIME=         12.68 s
 NC=  157500 T= 3.9375E+00 DT= 2.5000E-05 ERR=  0.0% DM/M= 0.0000E+00
 ELAPSED TIME=         46.87 s  REMAINING TIME=         12.65 s
 NC=  157600 T= 3.9400E+00 DT= 2.5000E-05 ERR=  0.0% DM/M= 0.0000E+00
 ELAPSED TIME=         46.90 s  REMAINING TIME=         12.62 s
 NC=  157700 T= 3.9425E+00 DT= 2.5000E-05 ERR=  0.0% DM/M= 0.0000E+00
 ELAPSED TIME=         46.93 s  REMAINING TIME=         12.59 s
 NC=  157800 T= 3.9450E+00 DT= 2.5000E-05 ERR=  0.0% DM/M= 0.0000E+00
 ELAPSED TIME=         46.96 s  REMAINING TIME=         12.56 s
 NC=  157900 T= 3.9475E+00 DT= 2.5000E-05 ERR=  0.0% DM/M= 0.0000E+00
 ELAPSED TIME=         46.98 s  REMAINING TIME=         12.53 s
 NC=  158000 T= 3.9500E+00 DT= 2.5000E-05 ERR=  0.0% DM/M= 0.0000E+00
 ELAPSED TIME=         47.01 s  REMAINING TIME=         12.50 s
 NC=  158100 T= 3.9525E+00 DT= 2.5000E-05 ERR=  0.0% DM/M= 0.0000E+00
 ELAPSED TIME=         47.04 s  REMAINING TIME=         12.47 s
 NC=  158200 T= 3.9550E+00 DT= 2.5000E-05 ERR=  0.0% DM/M= 0.0000E+00
 ELAPSED TIME=         47.08 s  REMAINING TIME=         12.44 s
 NC=  158300 T= 3.9575E+00 DT= 2.5000E-05 ERR=  0.0% DM/M= 0.0000E+00
 ELAPSED TIME=         47.11 s  REMAINING TIME=         12.41 s
 NC=  158400 T= 3.9600E+00 DT= 2.5000E-05 ERR=  0.0% DM/M= 0.0000E+00
 ELAPSED TIME=         47.14 s  REMAINING TIME=         12.38 s
 NC=  158500 T= 3.9625E+00 DT= 2.5000E-05 ERR=  0.0% DM/M= 0.0000E+00
 ELAPSED TIME=         47.17 s  REMAINING TIME=         12.35 s
 NC=  158600 T= 3.9650E+00 DT= 2.5000E-05 ERR=  0.0% DM/M= 0.0000E+00
 ELAPSED TIME=         47.20 s  REMAINING TIME=         12.32 s
 NC=  158700 T= 3.9675E+00 DT= 2.5000E-05 ERR=  0.0% DM/M= 0.0000E+00
 ELAPSED TIME=         47.22 s  REMAINING TIME=         12.29 s
 NC=  158800 T= 3.9700E+00 DT= 2.5000E-05 ERR=  0.0% DM/M= 0.0000E+00
 ELAPSED TIME=         47.25 s  REMAINING TIME=         12.26 s
 NC=  158900 T= 3.9725E+00 DT= 2.5000E-05 ERR=  0.0% DM/M= 0.0000E+00
 ELAPSED TIME=         47.29 s  REMAINING TIME=         12.23 s
 NC=  159000 T= 3.9750E+00 DT= 2.5000E-05 ERR=  0.0% DM/M= 0.0000E+00
 ELAPSED TIME=         47.31 s  REMAINING TIME=         12.20 s
 NC=  159100 T= 3.9775E+00 DT= 2.5000E-05 ERR=  0.0% DM/M= 0.0000E+00
 ELAPSED TIME=         47.34 s  REMAINING TIME=         12.17 s
 NC=  159200 T= 3.9800E+00 DT= 2.5000E-05 ERR=  0.0% DM/M= 0.0000E+00
 ELAPSED TIME=         47.37 s  REMAINING TIME=         12.14 s
 NC=  159300 T= 3.9825E+00 DT= 2.5000E-05 ERR=  0.0% DM/M= 0.0000E+00
 ELAPSED TIME=         47.40 s  REMAINING TIME=         12.11 s
 NC=  159400 T= 3.9850E+00 DT= 2.5000E-05 ERR=  0.0% DM/M= 0.0000E+00
 ELAPSED TIME=         47.43 s  REMAINING TIME=         12.08 s
 NC=  159500 T= 3.9875E+00 DT= 2.5000E-05 ERR=  0.0% DM/M= 0.0000E+00
 ELAPSED TIME=         47.46 s  REMAINING TIME=         12.05 s
 NC=  159600 T= 3.9900E+00 DT= 2.5000E-05 ERR=  0.0% DM/M= 0.0000E+00
 ELAPSED TIME=         47.48 s  REMAINING TIME=         12.02 s
 NC=  159700 T= 3.9925E+00 DT= 2.5000E-05 ERR=  0.0% DM/M= 0.0000E+00
 ELAPSED TIME=         47.52 s  REMAINING TIME=         11.99 s
 NC=  159800 T= 3.9950E+00 DT= 2.5000E-05 ERR=  0.0% DM/M= 0.0000E+00
 ELAPSED TIME=         47.54 s  REMAINING TIME=         11.96 s
 NC=  159900 T= 3.9975E+00 DT= 2.5000E-05 ERR=  0.0% DM/M= 0.0000E+00
 ELAPSED TIME=         47.57 s  REMAINING TIME=         11.93 s
 NC=  160000 T= 4.0000E+00 DT= 2.5000E-05 ERR=  0.0% DM/M= 0.0000E+00
 ELAPSED TIME=         47.60 s  REMAINING TIME=         11.90 s
     ANIMATION FILE: I02D_LAP_HALFDT_H025_R5A025 WRITTEN
 NC=  160100 T= 4.0025E+00 DT= 2.5000E-05 ERR=  0.0% DM/M= 0.0000E+00
 ELAPSED TIME=         47.63 s  REMAINING TIME=         11.87 s
 NC=  160200 T= 4.0050E+00 DT= 2.5000E-05 ERR=  0.0% DM/M= 0.0000E+00
 ELAPSED TIME=         47.66 s  REMAINING TIME=         11.84 s
 NC=  160300 T= 4.0075E+00 DT= 2.5000E-05 ERR=  0.0% DM/M= 0.0000E+00
 ELAPSED TIME=         47.69 s  REMAINING TIME=         11.81 s
 NC=  160400 T= 4.0100E+00 DT= 2.5000E-05 ERR=  0.0% DM/M= 0.0000E+00
 ELAPSED TIME=         47.72 s  REMAINING TIME=         11.78 s
 NC=  160500 T= 4.0125E+00 DT= 2.5000E-05 ERR=  0.0% DM/M= 0.0000E+00
 ELAPSED TIME=         47.75 s  REMAINING TIME=         11.75 s
 NC=  160600 T= 4.0150E+00 DT= 2.5000E-05 ERR=  0.0% DM/M= 0.0000E+00
 ELAPSED TIME=         47.78 s  REMAINING TIME=         11.72 s
 NC=  160700 T= 4.0175E+00 DT= 2.5000E-05 ERR=  0.0% DM/M= 0.0000E+00
 ELAPSED TIME=         47.80 s  REMAINING TIME=         11.69 s
 NC=  160800 T= 4.0200E+00 DT= 2.5000E-05 ERR=  0.0% DM/M= 0.0000E+00
 ELAPSED TIME=         47.83 s  REMAINING TIME=         11.66 s
 NC=  160900 T= 4.0225E+00 DT= 2.5000E-05 ERR=  0.0% DM/M= 0.0000E+00
 ELAPSED TIME=         47.86 s  REMAINING TIME=         11.63 s
 NC=  161000 T= 4.0250E+00 DT= 2.5000E-05 ERR=  0.0% DM/M= 0.0000E+00
 ELAPSED TIME=         47.89 s  REMAINING TIME=         11.60 s
 NC=  161100 T= 4.0275E+00 DT= 2.5000E-05 ERR=  0.0% DM/M= 0.0000E+00
 ELAPSED TIME=         47.92 s  REMAINING TIME=         11.57 s
 NC=  161200 T= 4.0300E+00 DT= 2.5000E-05 ERR=  0.0% DM/M= 0.0000E+00
 ELAPSED TIME=         47.95 s  REMAINING TIME=         11.54 s
 NC=  161300 T= 4.0325E+00 DT= 2.5000E-05 ERR=  0.0% DM/M= 0.0000E+00
 ELAPSED TIME=         47.98 s  REMAINING TIME=         11.51 s
 NC=  161400 T= 4.0350E+00 DT= 2.5000E-05 ERR=  0.0% DM/M= 0.0000E+00
 ELAPSED TIME=         48.01 s  REMAINING TIME=         11.48 s
 NC=  161500 T= 4.0375E+00 DT= 2.5000E-05 ERR=  0.0% DM/M= 0.0000E+00
 ELAPSED TIME=         48.03 s  REMAINING TIME=         11.45 s
 NC=  161600 T= 4.0400E+00 DT= 2.5000E-05 ERR=  0.0% DM/M= 0.0000E+00
 ELAPSED TIME=         48.06 s  REMAINING TIME=         11.42 s
 NC=  161700 T= 4.0425E+00 DT= 2.5000E-05 ERR=  0.0% DM/M= 0.0000E+00
 ELAPSED TIME=         48.09 s  REMAINING TIME=         11.39 s
 NC=  161800 T= 4.0450E+00 DT= 2.5000E-05 ERR=  0.0% DM/M= 0.0000E+00
 ELAPSED TIME=         48.12 s  REMAINING TIME=         11.36 s
 NC=  161900 T= 4.0475E+00 DT= 2.5000E-05 ERR=  0.0% DM/M= 0.0000E+00
 ELAPSED TIME=         48.15 s  REMAINING TIME=         11.33 s
 NC=  162000 T= 4.0500E+00 DT= 2.5000E-05 ERR=  0.0% DM/M= 0.0000E+00
 ELAPSED TIME=         48.17 s  REMAINING TIME=         11.30 s
 NC=  162100 T= 4.0525E+00 DT= 2.5000E-05 ERR=  0.0% DM/M= 0.0000E+00
 ELAPSED TIME=         48.21 s  REMAINING TIME=         11.27 s
 NC=  162200 T= 4.0550E+00 DT= 2.5000E-05 ERR=  0.0% DM/M= 0.0000E+00
 ELAPSED TIME=         48.23 s  REMAINING TIME=         11.24 s
 NC=  162300 T= 4.0575E+00 DT= 2.5000E-05 ERR=  0.0% DM/M= 0.0000E+00
 ELAPSED TIME=         48.26 s  REMAINING TIME=         11.21 s
 NC=  162400 T= 4.0600E+00 DT= 2.5000E-05 ERR=  0.0% DM/M= 0.0000E+00
 ELAPSED TIME=         48.29 s  REMAINING TIME=         11.18 s
 NC=  162500 T= 4.0625E+00 DT= 2.5000E-05 ERR=  0.0% DM/M= 0.0000E+00
 ELAPSED TIME=         48.32 s  REMAINING TIME=         11.15 s
 NC=  162600 T= 4.0650E+00 DT= 2.5000E-05 ERR=  0.0% DM/M= 0.0000E+00
 ELAPSED TIME=         48.35 s  REMAINING TIME=         11.12 s
 NC=  162700 T= 4.0675E+00 DT= 2.5000E-05 ERR=  0.0% DM/M= 0.0000E+00
 ELAPSED TIME=         48.38 s  REMAINING TIME=         11.09 s
 NC=  162800 T= 4.0700E+00 DT= 2.5000E-05 ERR=  0.0% DM/M= 0.0000E+00
 ELAPSED TIME=         48.40 s  REMAINING TIME=         11.06 s
 NC=  162900 T= 4.0725E+00 DT= 2.5000E-05 ERR=  0.0% DM/M= 0.0000E+00
 ELAPSED TIME=         48.44 s  REMAINING TIME=         11.03 s
 NC=  163000 T= 4.0750E+00 DT= 2.5000E-05 ERR=  0.0% DM/M= 0.0000E+00
 ELAPSED TIME=         48.46 s  REMAINING TIME=         11.00 s
 NC=  163100 T= 4.0775E+00 DT= 2.5000E-05 ERR=  0.0% DM/M= 0.0000E+00
 ELAPSED TIME=         48.49 s  REMAINING TIME=         10.97 s
 NC=  163200 T= 4.0800E+00 DT= 2.5000E-05 ERR=  0.0% DM/M= 0.0000E+00
 ELAPSED TIME=         48.52 s  REMAINING TIME=         10.94 s
 NC=  163300 T= 4.0825E+00 DT= 2.5000E-05 ERR=  0.0% DM/M= 0.0000E+00
 ELAPSED TIME=         48.55 s  REMAINING TIME=         10.91 s
 NC=  163400 T= 4.0850E+00 DT= 2.5000E-05 ERR=  0.0% DM/M= 0.0000E+00
 ELAPSED TIME=         48.58 s  REMAINING TIME=         10.88 s
 NC=  163500 T= 4.0875E+00 DT= 2.5000E-05 ERR=  0.0% DM/M= 0.0000E+00
 ELAPSED TIME=         48.61 s  REMAINING TIME=         10.85 s
 NC=  163600 T= 4.0900E+00 DT= 2.5000E-05 ERR=  0.0% DM/M= 0.0000E+00
 ELAPSED TIME=         48.63 s  REMAINING TIME=         10.82 s
 NC=  163700 T= 4.0925E+00 DT= 2.5000E-05 ERR=  0.0% DM/M= 0.0000E+00
 ELAPSED TIME=         48.67 s  REMAINING TIME=         10.79 s
 NC=  163800 T= 4.0950E+00 DT= 2.5000E-05 ERR=  0.0% DM/M= 0.0000E+00
 ELAPSED TIME=         48.70 s  REMAINING TIME=         10.76 s
 NC=  163900 T= 4.0975E+00 DT= 2.5000E-05 ERR=  0.0% DM/M= 0.0000E+00
 ELAPSED TIME=         48.72 s  REMAINING TIME=         10.73 s
 NC=  164000 T= 4.1000E+00 DT= 2.5000E-05 ERR=  0.0% DM/M= 0.0000E+00
 ELAPSED TIME=         48.75 s  REMAINING TIME=         10.70 s
 NC=  164100 T= 4.1025E+00 DT= 2.5000E-05 ERR=  0.0% DM/M= 0.0000E+00
 ELAPSED TIME=         48.79 s  REMAINING TIME=         10.67 s
 NC=  164200 T= 4.1050E+00 DT= 2.5000E-05 ERR=  0.0% DM/M= 0.0000E+00
 ELAPSED TIME=         48.81 s  REMAINING TIME=         10.64 s
 NC=  164300 T= 4.1075E+00 DT= 2.5000E-05 ERR=  0.0% DM/M= 0.0000E+00
 ELAPSED TIME=         48.84 s  REMAINING TIME=         10.61 s
 NC=  164400 T= 4.1100E+00 DT= 2.5000E-05 ERR=  0.0% DM/M= 0.0000E+00
 ELAPSED TIME=         48.87 s  REMAINING TIME=         10.58 s
 NC=  164500 T= 4.1125E+00 DT= 2.5000E-05 ERR=  0.0% DM/M= 0.0000E+00
 ELAPSED TIME=         48.90 s  REMAINING TIME=         10.55 s
 NC=  164600 T= 4.1150E+00 DT= 2.5000E-05 ERR=  0.0% DM/M= 0.0000E+00
 ELAPSED TIME=         48.93 s  REMAINING TIME=         10.52 s
 NC=  164700 T= 4.1175E+00 DT= 2.5000E-05 ERR=  0.0% DM/M= 0.0000E+00
 ELAPSED TIME=         48.96 s  REMAINING TIME=         10.49 s
 NC=  164800 T= 4.1200E+00 DT= 2.5000E-05 ERR=  0.0% DM/M= 0.0000E+00
 ELAPSED TIME=         48.98 s  REMAINING TIME=         10.46 s
 NC=  164900 T= 4.1225E+00 DT= 2.5000E-05 ERR=  0.0% DM/M= 0.0000E+00
 ELAPSED TIME=         49.02 s  REMAINING TIME=         10.43 s
 NC=  165000 T= 4.1250E+00 DT= 2.5000E-05 ERR=  0.0% DM/M= 0.0000E+00
 ELAPSED TIME=         49.04 s  REMAINING TIME=         10.40 s
 NC=  165100 T= 4.1275E+00 DT= 2.5000E-05 ERR=  0.0% DM/M= 0.0000E+00
 ELAPSED TIME=         49.07 s  REMAINING TIME=         10.37 s
 NC=  165200 T= 4.1300E+00 DT= 2.5000E-05 ERR=  0.0% DM/M= 0.0000E+00
 ELAPSED TIME=         49.10 s  REMAINING TIME=         10.34 s
 NC=  165300 T= 4.1325E+00 DT= 2.5000E-05 ERR=  0.0% DM/M= 0.0000E+00
 ELAPSED TIME=         49.14 s  REMAINING TIME=         10.31 s
 NC=  165400 T= 4.1350E+00 DT= 2.5000E-05 ERR=  0.0% DM/M= 0.0000E+00
 ELAPSED TIME=         49.16 s  REMAINING TIME=         10.28 s
 NC=  165500 T= 4.1375E+00 DT= 2.5000E-05 ERR=  0.0% DM/M= 0.0000E+00
 ELAPSED TIME=         49.19 s  REMAINING TIME=         10.25 s
 NC=  165600 T= 4.1400E+00 DT= 2.5000E-05 ERR=  0.0% DM/M= 0.0000E+00
 ELAPSED TIME=         49.22 s  REMAINING TIME=         10.22 s
 NC=  165700 T= 4.1425E+00 DT= 2.5000E-05 ERR=  0.0% DM/M= 0.0000E+00
 ELAPSED TIME=         49.25 s  REMAINING TIME=         10.19 s
 NC=  165800 T= 4.1450E+00 DT= 2.5000E-05 ERR=  0.0% DM/M= 0.0000E+00
 ELAPSED TIME=         49.28 s  REMAINING TIME=         10.16 s
 NC=  165900 T= 4.1475E+00 DT= 2.5000E-05 ERR=  0.0% DM/M= 0.0000E+00
 ELAPSED TIME=         49.30 s  REMAINING TIME=         10.13 s
 NC=  166000 T= 4.1500E+00 DT= 2.5000E-05 ERR=  0.0% DM/M= 0.0000E+00
 ELAPSED TIME=         49.33 s  REMAINING TIME=         10.10 s
 NC=  166100 T= 4.1525E+00 DT= 2.5000E-05 ERR=  0.0% DM/M= 0.0000E+00
 ELAPSED TIME=         49.36 s  REMAINING TIME=         10.07 s
 NC=  166200 T= 4.1550E+00 DT= 2.5000E-05 ERR=  0.0% DM/M= 0.0000E+00
 ELAPSED TIME=         49.39 s  REMAINING TIME=         10.04 s
 NC=  166300 T= 4.1575E+00 DT= 2.5000E-05 ERR=  0.0% DM/M= 0.0000E+00
 ELAPSED TIME=         49.42 s  REMAINING TIME=         10.01 s
 NC=  166400 T= 4.1600E+00 DT= 2.5000E-05 ERR=  0.0% DM/M= 0.0000E+00
 ELAPSED TIME=         49.45 s  REMAINING TIME=          9.98 s
 NC=  166500 T= 4.1625E+00 DT= 2.5000E-05 ERR=  0.0% DM/M= 0.0000E+00
 ELAPSED TIME=         49.48 s  REMAINING TIME=          9.96 s
 NC=  166600 T= 4.1650E+00 DT= 2.5000E-05 ERR=  0.0% DM/M= 0.0000E+00
 ELAPSED TIME=         49.51 s  REMAINING TIME=          9.93 s
     ANIMATION FILE: I02D_LAP_HALFDT_H025_R5A026 WRITTEN
 NC=  166700 T= 4.1675E+00 DT= 2.5000E-05 ERR=  0.0% DM/M= 0.0000E+00
 ELAPSED TIME=         49.54 s  REMAINING TIME=          9.90 s
 NC=  166800 T= 4.1700E+00 DT= 2.5000E-05 ERR=  0.0% DM/M= 0.0000E+00
 ELAPSED TIME=         49.56 s  REMAINING TIME=          9.86 s
 NC=  166900 T= 4.1725E+00 DT= 2.5000E-05 ERR=  0.0% DM/M= 0.0000E+00
 ELAPSED TIME=         49.59 s  REMAINING TIME=          9.84 s
 NC=  167000 T= 4.1750E+00 DT= 2.5000E-05 ERR=  0.0% DM/M= 0.0000E+00
 ELAPSED TIME=         49.62 s  REMAINING TIME=          9.81 s
 NC=  167100 T= 4.1775E+00 DT= 2.5000E-05 ERR=  0.0% DM/M= 0.0000E+00
 ELAPSED TIME=         49.65 s  REMAINING TIME=          9.78 s
 NC=  167200 T= 4.1800E+00 DT= 2.5000E-05 ERR=  0.0% DM/M= 0.0000E+00
 ELAPSED TIME=         49.68 s  REMAINING TIME=          9.75 s
 NC=  167300 T= 4.1825E+00 DT= 2.5000E-05 ERR=  0.0% DM/M= 0.0000E+00
 ELAPSED TIME=         49.71 s  REMAINING TIME=          9.72 s
 NC=  167400 T= 4.1850E+00 DT= 2.5000E-05 ERR=  0.0% DM/M= 0.0000E+00
 ELAPSED TIME=         49.74 s  REMAINING TIME=          9.69 s
 NC=  167500 T= 4.1875E+00 DT= 2.5000E-05 ERR=  0.0% DM/M= 0.0000E+00
 ELAPSED TIME=         49.76 s  REMAINING TIME=          9.66 s
 NC=  167600 T= 4.1900E+00 DT= 2.5000E-05 ERR=  0.0% DM/M= 0.0000E+00
 ELAPSED TIME=         49.79 s  REMAINING TIME=          9.63 s
 NC=  167700 T= 4.1925E+00 DT= 2.5000E-05 ERR=  0.0% DM/M= 0.0000E+00
 ELAPSED TIME=         49.82 s  REMAINING TIME=          9.60 s
 NC=  167800 T= 4.1950E+00 DT= 2.5000E-05 ERR=  0.0% DM/M= 0.0000E+00
 ELAPSED TIME=         49.85 s  REMAINING TIME=          9.57 s
 NC=  167900 T= 4.1975E+00 DT= 2.5000E-05 ERR=  0.0% DM/M= 0.0000E+00
 ELAPSED TIME=         49.88 s  REMAINING TIME=          9.54 s
 NC=  168000 T= 4.2000E+00 DT= 2.5000E-05 ERR=  0.0% DM/M= 0.0000E+00
 ELAPSED TIME=         49.91 s  REMAINING TIME=          9.51 s
 NC=  168100 T= 4.2025E+00 DT= 2.5000E-05 ERR=  0.0% DM/M= 0.0000E+00
 ELAPSED TIME=         49.94 s  REMAINING TIME=          9.48 s
 NC=  168200 T= 4.2050E+00 DT= 2.5000E-05 ERR=  0.0% DM/M= 0.0000E+00
 ELAPSED TIME=         49.97 s  REMAINING TIME=          9.45 s
 NC=  168300 T= 4.2075E+00 DT= 2.5000E-05 ERR=  0.0% DM/M= 0.0000E+00
 ELAPSED TIME=         49.99 s  REMAINING TIME=          9.42 s
 NC=  168400 T= 4.2100E+00 DT= 2.5000E-05 ERR=  0.0% DM/M= 0.0000E+00
 ELAPSED TIME=         50.02 s  REMAINING TIME=          9.39 s
 NC=  168500 T= 4.2125E+00 DT= 2.5000E-05 ERR=  0.0% DM/M= 0.0000E+00
 ELAPSED TIME=         50.05 s  REMAINING TIME=          9.36 s
 NC=  168600 T= 4.2150E+00 DT= 2.5000E-05 ERR=  0.0% DM/M= 0.0000E+00
 ELAPSED TIME=         50.08 s  REMAINING TIME=          9.33 s
 NC=  168700 T= 4.2175E+00 DT= 2.5000E-05 ERR=  0.0% DM/M= 0.0000E+00
 ELAPSED TIME=         50.11 s  REMAINING TIME=          9.30 s
 NC=  168800 T= 4.2200E+00 DT= 2.5000E-05 ERR=  0.0% DM/M= 0.0000E+00
 ELAPSED TIME=         50.13 s  REMAINING TIME=          9.27 s
 NC=  168900 T= 4.2225E+00 DT= 2.5000E-05 ERR=  0.0% DM/M= 0.0000E+00
 ELAPSED TIME=         50.17 s  REMAINING TIME=          9.24 s
 NC=  169000 T= 4.2250E+00 DT= 2.5000E-05 ERR=  0.0% DM/M= 0.0000E+00
 ELAPSED TIME=         50.19 s  REMAINING TIME=          9.21 s
 NC=  169100 T= 4.2275E+00 DT= 2.5000E-05 ERR=  0.0% DM/M= 0.0000E+00
 ELAPSED TIME=         50.22 s  REMAINING TIME=          9.18 s
 NC=  169200 T= 4.2300E+00 DT= 2.5000E-05 ERR=  0.0% DM/M= 0.0000E+00
 ELAPSED TIME=         50.25 s  REMAINING TIME=          9.15 s
 NC=  169300 T= 4.2325E+00 DT= 2.5000E-05 ERR=  0.0% DM/M= 0.0000E+00
 ELAPSED TIME=         50.28 s  REMAINING TIME=          9.12 s
 NC=  169400 T= 4.2350E+00 DT= 2.5000E-05 ERR=  0.0% DM/M= 0.0000E+00
 ELAPSED TIME=         50.31 s  REMAINING TIME=          9.09 s
 NC=  169500 T= 4.2375E+00 DT= 2.5000E-05 ERR=  0.0% DM/M= 0.0000E+00
 ELAPSED TIME=         50.33 s  REMAINING TIME=          9.06 s
 NC=  169600 T= 4.2400E+00 DT= 2.5000E-05 ERR=  0.0% DM/M= 0.0000E+00
 ELAPSED TIME=         50.36 s  REMAINING TIME=          9.03 s
 NC=  169700 T= 4.2425E+00 DT= 2.5000E-05 ERR=  0.0% DM/M= 0.0000E+00
 ELAPSED TIME=         50.39 s  REMAINING TIME=          9.00 s
 NC=  169800 T= 4.2450E+00 DT= 2.5000E-05 ERR=  0.0% DM/M= 0.0000E+00
 ELAPSED TIME=         50.42 s  REMAINING TIME=          8.97 s
 NC=  169900 T= 4.2475E+00 DT= 2.5000E-05 ERR=  0.0% DM/M= 0.0000E+00
 ELAPSED TIME=         50.45 s  REMAINING TIME=          8.94 s
 NC=  170000 T= 4.2500E+00 DT= 2.5000E-05 ERR=  0.0% DM/M= 0.0000E+00
 ELAPSED TIME=         50.48 s  REMAINING TIME=          8.91 s
 NC=  170100 T= 4.2525E+00 DT= 2.5000E-05 ERR=  0.0% DM/M= 0.0000E+00
 ELAPSED TIME=         50.51 s  REMAINING TIME=          8.88 s
 NC=  170200 T= 4.2550E+00 DT= 2.5000E-05 ERR=  0.0% DM/M= 0.0000E+00
 ELAPSED TIME=         50.54 s  REMAINING TIME=          8.85 s
 NC=  170300 T= 4.2575E+00 DT= 2.5000E-05 ERR=  0.0% DM/M= 0.0000E+00
 ELAPSED TIME=         50.57 s  REMAINING TIME=          8.82 s
 NC=  170400 T= 4.2600E+00 DT= 2.5000E-05 ERR=  0.0% DM/M= 0.0000E+00
 ELAPSED TIME=         50.59 s  REMAINING TIME=          8.79 s
 NC=  170500 T= 4.2625E+00 DT= 2.5000E-05 ERR=  0.0% DM/M= 0.0000E+00
 ELAPSED TIME=         50.63 s  REMAINING TIME=          8.76 s
 NC=  170600 T= 4.2650E+00 DT= 2.5000E-05 ERR=  0.0% DM/M= 0.0000E+00
 ELAPSED TIME=         50.65 s  REMAINING TIME=          8.73 s
 NC=  170700 T= 4.2675E+00 DT= 2.5000E-05 ERR=  0.0% DM/M= 0.0000E+00
 ELAPSED TIME=         50.68 s  REMAINING TIME=          8.70 s
 NC=  170800 T= 4.2700E+00 DT= 2.5000E-05 ERR=  0.0% DM/M= 0.0000E+00
 ELAPSED TIME=         50.71 s  REMAINING TIME=          8.67 s
 NC=  170900 T= 4.2725E+00 DT= 2.5000E-05 ERR=  0.0% DM/M= 0.0000E+00
 ELAPSED TIME=         50.74 s  REMAINING TIME=          8.64 s
 NC=  171000 T= 4.2750E+00 DT= 2.5000E-05 ERR=  0.0% DM/M= 0.0000E+00
 ELAPSED TIME=         50.77 s  REMAINING TIME=          8.61 s
 NC=  171100 T= 4.2775E+00 DT= 2.5000E-05 ERR=  0.0% DM/M= 0.0000E+00
 ELAPSED TIME=         50.80 s  REMAINING TIME=          8.58 s
 NC=  171200 T= 4.2800E+00 DT= 2.5000E-05 ERR=  0.0% DM/M= 0.0000E+00
 ELAPSED TIME=         50.82 s  REMAINING TIME=          8.55 s
 NC=  171300 T= 4.2825E+00 DT= 2.5000E-05 ERR=  0.0% DM/M= 0.0000E+00
 ELAPSED TIME=         50.86 s  REMAINING TIME=          8.52 s
 NC=  171400 T= 4.2850E+00 DT= 2.5000E-05 ERR=  0.0% DM/M= 0.0000E+00
 ELAPSED TIME=         50.88 s  REMAINING TIME=          8.49 s
 NC=  171500 T= 4.2875E+00 DT= 2.5000E-05 ERR=  0.0% DM/M= 0.0000E+00
 ELAPSED TIME=         50.91 s  REMAINING TIME=          8.46 s
 NC=  171600 T= 4.2900E+00 DT= 2.5000E-05 ERR=  0.0% DM/M= 0.0000E+00
 ELAPSED TIME=         50.94 s  REMAINING TIME=          8.43 s
 NC=  171700 T= 4.2925E+00 DT= 2.5000E-05 ERR=  0.0% DM/M= 0.0000E+00
 ELAPSED TIME=         50.97 s  REMAINING TIME=          8.40 s
 NC=  171800 T= 4.2950E+00 DT= 2.5000E-05 ERR=  0.0% DM/M= 0.0000E+00
 ELAPSED TIME=         51.00 s  REMAINING TIME=          8.37 s
 NC=  171900 T= 4.2975E+00 DT= 2.5000E-05 ERR=  0.0% DM/M= 0.0000E+00
 ELAPSED TIME=         51.03 s  REMAINING TIME=          8.34 s
 NC=  172000 T= 4.3000E+00 DT= 2.5000E-05 ERR=  0.0% DM/M= 0.0000E+00
 ELAPSED TIME=         51.05 s  REMAINING TIME=          8.31 s
 NC=  172100 T= 4.3025E+00 DT= 2.5000E-05 ERR=  0.0% DM/M= 0.0000E+00
 ELAPSED TIME=         51.09 s  REMAINING TIME=          8.28 s
 NC=  172200 T= 4.3050E+00 DT= 2.5000E-05 ERR=  0.0% DM/M= 0.0000E+00
 ELAPSED TIME=         51.11 s  REMAINING TIME=          8.25 s
 NC=  172300 T= 4.3075E+00 DT= 2.5000E-05 ERR=  0.0% DM/M= 0.0000E+00
 ELAPSED TIME=         51.14 s  REMAINING TIME=          8.22 s
 NC=  172400 T= 4.3100E+00 DT= 2.5000E-05 ERR=  0.0% DM/M= 0.0000E+00
 ELAPSED TIME=         51.17 s  REMAINING TIME=          8.19 s
 NC=  172500 T= 4.3125E+00 DT= 2.5000E-05 ERR=  0.0% DM/M= 0.0000E+00
 ELAPSED TIME=         51.20 s  REMAINING TIME=          8.16 s
 NC=  172600 T= 4.3150E+00 DT= 2.5000E-05 ERR=  0.0% DM/M= 0.0000E+00
 ELAPSED TIME=         51.23 s  REMAINING TIME=          8.13 s
 NC=  172700 T= 4.3175E+00 DT= 2.5000E-05 ERR=  0.0% DM/M= 0.0000E+00
 ELAPSED TIME=         51.26 s  REMAINING TIME=          8.10 s
 NC=  172800 T= 4.3200E+00 DT= 2.5000E-05 ERR=  0.0% DM/M= 0.0000E+00
 ELAPSED TIME=         51.28 s  REMAINING TIME=          8.07 s
 NC=  172900 T= 4.3225E+00 DT= 2.5000E-05 ERR=  0.0% DM/M= 0.0000E+00
 ELAPSED TIME=         51.31 s  REMAINING TIME=          8.04 s
 NC=  173000 T= 4.3250E+00 DT= 2.5000E-05 ERR=  0.0% DM/M= 0.0000E+00
 ELAPSED TIME=         51.34 s  REMAINING TIME=          8.01 s
 NC=  173100 T= 4.3275E+00 DT= 2.5000E-05 ERR=  0.0% DM/M= 0.0000E+00
 ELAPSED TIME=         51.37 s  REMAINING TIME=          7.98 s
 NC=  173200 T= 4.3300E+00 DT= 2.5000E-05 ERR=  0.0% DM/M= 0.0000E+00
 ELAPSED TIME=         51.40 s  REMAINING TIME=          7.95 s
 NC=  173300 T= 4.3325E+00 DT= 2.5000E-05 ERR=  0.0% DM/M= 0.0000E+00
 ELAPSED TIME=         51.43 s  REMAINING TIME=          7.92 s
     ANIMATION FILE: I02D_LAP_HALFDT_H025_R5A027 WRITTEN
 NC=  173400 T= 4.3350E+00 DT= 2.5000E-05 ERR=  0.0% DM/M= 0.0000E+00
 ELAPSED TIME=         51.46 s  REMAINING TIME=          7.89 s
 NC=  173500 T= 4.3375E+00 DT= 2.5000E-05 ERR=  0.0% DM/M= 0.0000E+00
 ELAPSED TIME=         51.48 s  REMAINING TIME=          7.86 s
 NC=  173600 T= 4.3400E+00 DT= 2.5000E-05 ERR=  0.0% DM/M= 0.0000E+00
 ELAPSED TIME=         51.51 s  REMAINING TIME=          7.83 s
 NC=  173700 T= 4.3425E+00 DT= 2.5000E-05 ERR=  0.0% DM/M= 0.0000E+00
 ELAPSED TIME=         51.54 s  REMAINING TIME=          7.80 s
 NC=  173800 T= 4.3450E+00 DT= 2.5000E-05 ERR=  0.0% DM/M= 0.0000E+00
 ELAPSED TIME=         51.57 s  REMAINING TIME=          7.77 s
 NC=  173900 T= 4.3475E+00 DT= 2.5000E-05 ERR=  0.0% DM/M= 0.0000E+00
 ELAPSED TIME=         51.60 s  REMAINING TIME=          7.74 s
 NC=  174000 T= 4.3500E+00 DT= 2.5000E-05 ERR=  0.0% DM/M= 0.0000E+00
 ELAPSED TIME=         51.63 s  REMAINING TIME=          7.71 s
 NC=  174100 T= 4.3525E+00 DT= 2.5000E-05 ERR=  0.0% DM/M= 0.0000E+00
 ELAPSED TIME=         51.66 s  REMAINING TIME=          7.68 s
 NC=  174200 T= 4.3550E+00 DT= 2.5000E-05 ERR=  0.0% DM/M= 0.0000E+00
 ELAPSED TIME=         51.69 s  REMAINING TIME=          7.65 s
 NC=  174300 T= 4.3575E+00 DT= 2.5000E-05 ERR=  0.0% DM/M= 0.0000E+00
 ELAPSED TIME=         51.71 s  REMAINING TIME=          7.62 s
 NC=  174400 T= 4.3600E+00 DT= 2.5000E-05 ERR=  0.0% DM/M= 0.0000E+00
 ELAPSED TIME=         51.74 s  REMAINING TIME=          7.59 s
 NC=  174500 T= 4.3625E+00 DT= 2.5000E-05 ERR=  0.0% DM/M= 0.0000E+00
 ELAPSED TIME=         51.77 s  REMAINING TIME=          7.57 s
 NC=  174600 T= 4.3650E+00 DT= 2.5000E-05 ERR=  0.0% DM/M= 0.0000E+00
 ELAPSED TIME=         51.80 s  REMAINING TIME=          7.54 s
 NC=  174700 T= 4.3675E+00 DT= 2.5000E-05 ERR=  0.0% DM/M= 0.0000E+00
 ELAPSED TIME=         51.83 s  REMAINING TIME=          7.51 s
 NC=  174800 T= 4.3700E+00 DT= 2.5000E-05 ERR=  0.0% DM/M= 0.0000E+00
 ELAPSED TIME=         51.85 s  REMAINING TIME=          7.48 s
 NC=  174900 T= 4.3725E+00 DT= 2.5000E-05 ERR=  0.0% DM/M= 0.0000E+00
 ELAPSED TIME=         51.89 s  REMAINING TIME=          7.45 s
 NC=  175000 T= 4.3750E+00 DT= 2.5000E-05 ERR=  0.0% DM/M= 0.0000E+00
 ELAPSED TIME=         51.91 s  REMAINING TIME=          7.42 s
 NC=  175100 T= 4.3775E+00 DT= 2.5000E-05 ERR=  0.0% DM/M= 0.0000E+00
 ELAPSED TIME=         51.94 s  REMAINING TIME=          7.39 s
 NC=  175200 T= 4.3800E+00 DT= 2.5000E-05 ERR=  0.0% DM/M= 0.0000E+00
 ELAPSED TIME=         51.97 s  REMAINING TIME=          7.36 s
 NC=  175300 T= 4.3825E+00 DT= 2.5000E-05 ERR=  0.0% DM/M= 0.0000E+00
 ELAPSED TIME=         52.00 s  REMAINING TIME=          7.33 s
 NC=  175400 T= 4.3850E+00 DT= 2.5000E-05 ERR=  0.0% DM/M= 0.0000E+00
 ELAPSED TIME=         52.03 s  REMAINING TIME=          7.30 s
 NC=  175500 T= 4.3875E+00 DT= 2.5000E-05 ERR=  0.0% DM/M= 0.0000E+00
 ELAPSED TIME=         52.06 s  REMAINING TIME=          7.27 s
 NC=  175600 T= 4.3900E+00 DT= 2.5000E-05 ERR=  0.0% DM/M= 0.0000E+00
 ELAPSED TIME=         52.09 s  REMAINING TIME=          7.24 s
 NC=  175700 T= 4.3925E+00 DT= 2.5000E-05 ERR=  0.0% DM/M= 0.0000E+00
 ELAPSED TIME=         52.12 s  REMAINING TIME=          7.21 s
 NC=  175800 T= 4.3950E+00 DT= 2.5000E-05 ERR=  0.0% DM/M= 0.0000E+00
 ELAPSED TIME=         52.15 s  REMAINING TIME=          7.18 s
 NC=  175900 T= 4.3975E+00 DT= 2.5000E-05 ERR=  0.0% DM/M= 0.0000E+00
 ELAPSED TIME=         52.18 s  REMAINING TIME=          7.15 s
 NC=  176000 T= 4.4000E+00 DT= 2.5000E-05 ERR=  0.0% DM/M= 0.0000E+00
 ELAPSED TIME=         52.21 s  REMAINING TIME=          7.12 s
 NC=  176100 T= 4.4025E+00 DT= 2.5000E-05 ERR=  0.0% DM/M= 0.0000E+00
 ELAPSED TIME=         52.24 s  REMAINING TIME=          7.09 s
 NC=  176200 T= 4.4050E+00 DT= 2.5000E-05 ERR=  0.0% DM/M= 0.0000E+00
 ELAPSED TIME=         52.27 s  REMAINING TIME=          7.06 s
 NC=  176300 T= 4.4075E+00 DT= 2.5000E-05 ERR=  0.0% DM/M= 0.0000E+00
 ELAPSED TIME=         52.29 s  REMAINING TIME=          7.03 s
 NC=  176400 T= 4.4100E+00 DT= 2.5000E-05 ERR=  0.0% DM/M= 0.0000E+00
 ELAPSED TIME=         52.32 s  REMAINING TIME=          7.00 s
 NC=  176500 T= 4.4125E+00 DT= 2.5000E-05 ERR=  0.0% DM/M= 0.0000E+00
 ELAPSED TIME=         52.35 s  REMAINING TIME=          6.97 s
 NC=  176600 T= 4.4150E+00 DT= 2.5000E-05 ERR=  0.0% DM/M= 0.0000E+00
 ELAPSED TIME=         52.38 s  REMAINING TIME=          6.94 s
 NC=  176700 T= 4.4175E+00 DT= 2.5000E-05 ERR=  0.0% DM/M= 0.0000E+00
 ELAPSED TIME=         52.41 s  REMAINING TIME=          6.91 s
 NC=  176800 T= 4.4200E+00 DT= 2.5000E-05 ERR=  0.0% DM/M= 0.0000E+00
 ELAPSED TIME=         52.44 s  REMAINING TIME=          6.88 s
 NC=  176900 T= 4.4225E+00 DT= 2.5000E-05 ERR=  0.0% DM/M= 0.0000E+00
 ELAPSED TIME=         52.47 s  REMAINING TIME=          6.85 s
 NC=  177000 T= 4.4250E+00 DT= 2.5000E-05 ERR=  0.0% DM/M= 0.0000E+00
 ELAPSED TIME=         52.50 s  REMAINING TIME=          6.82 s
 NC=  177100 T= 4.4275E+00 DT= 2.5000E-05 ERR=  0.0% DM/M= 0.0000E+00
 ELAPSED TIME=         52.52 s  REMAINING TIME=          6.79 s
 NC=  177200 T= 4.4300E+00 DT= 2.5000E-05 ERR=  0.0% DM/M= 0.0000E+00
 ELAPSED TIME=         52.55 s  REMAINING TIME=          6.76 s
 NC=  177300 T= 4.4325E+00 DT= 2.5000E-05 ERR=  0.0% DM/M= 0.0000E+00
 ELAPSED TIME=         52.58 s  REMAINING TIME=          6.73 s
 NC=  177400 T= 4.4350E+00 DT= 2.5000E-05 ERR=  0.0% DM/M= 0.0000E+00
 ELAPSED TIME=         52.61 s  REMAINING TIME=          6.70 s
 NC=  177500 T= 4.4375E+00 DT= 2.5000E-05 ERR=  0.0% DM/M= 0.0000E+00
 ELAPSED TIME=         52.64 s  REMAINING TIME=          6.67 s
 NC=  177600 T= 4.4400E+00 DT= 2.5000E-05 ERR=  0.0% DM/M= 0.0000E+00
 ELAPSED TIME=         52.67 s  REMAINING TIME=          6.64 s
 NC=  177700 T= 4.4425E+00 DT= 2.5000E-05 ERR=  0.0% DM/M= 0.0000E+00
 ELAPSED TIME=         52.70 s  REMAINING TIME=          6.61 s
 NC=  177800 T= 4.4450E+00 DT= 2.5000E-05 ERR=  0.0% DM/M= 0.0000E+00
 ELAPSED TIME=         52.73 s  REMAINING TIME=          6.58 s
 NC=  177900 T= 4.4475E+00 DT= 2.5000E-05 ERR=  0.0% DM/M= 0.0000E+00
 ELAPSED TIME=         52.75 s  REMAINING TIME=          6.55 s
 NC=  178000 T= 4.4500E+00 DT= 2.5000E-05 ERR=  0.0% DM/M= 0.0000E+00
 ELAPSED TIME=         52.78 s  REMAINING TIME=          6.52 s
 NC=  178100 T= 4.4525E+00 DT= 2.5000E-05 ERR=  0.0% DM/M= 0.0000E+00
 ELAPSED TIME=         52.81 s  REMAINING TIME=          6.49 s
 NC=  178200 T= 4.4550E+00 DT= 2.5000E-05 ERR=  0.0% DM/M= 0.0000E+00
 ELAPSED TIME=         52.84 s  REMAINING TIME=          6.46 s
 NC=  178300 T= 4.4575E+00 DT= 2.5000E-05 ERR=  0.0% DM/M= 0.0000E+00
 ELAPSED TIME=         52.87 s  REMAINING TIME=          6.43 s
 NC=  178400 T= 4.4600E+00 DT= 2.5000E-05 ERR=  0.0% DM/M= 0.0000E+00
 ELAPSED TIME=         52.89 s  REMAINING TIME=          6.40 s
 NC=  178500 T= 4.4625E+00 DT= 2.5000E-05 ERR=  0.0% DM/M= 0.0000E+00
 ELAPSED TIME=         52.93 s  REMAINING TIME=          6.37 s
 NC=  178600 T= 4.4650E+00 DT= 2.5000E-05 ERR=  0.0% DM/M= 0.0000E+00
 ELAPSED TIME=         52.95 s  REMAINING TIME=          6.34 s
 NC=  178700 T= 4.4675E+00 DT= 2.5000E-05 ERR=  0.0% DM/M= 0.0000E+00
 ELAPSED TIME=         52.98 s  REMAINING TIME=          6.32 s
 NC=  178800 T= 4.4700E+00 DT= 2.5000E-05 ERR=  0.0% DM/M= 0.0000E+00
 ELAPSED TIME=         53.01 s  REMAINING TIME=          6.29 s
 NC=  178900 T= 4.4725E+00 DT= 2.5000E-05 ERR=  0.0% DM/M= 0.0000E+00
 ELAPSED TIME=         53.04 s  REMAINING TIME=          6.26 s
 NC=  179000 T= 4.4750E+00 DT= 2.5000E-05 ERR=  0.0% DM/M= 0.0000E+00
 ELAPSED TIME=         53.07 s  REMAINING TIME=          6.23 s
 NC=  179100 T= 4.4775E+00 DT= 2.5000E-05 ERR=  0.0% DM/M= 0.0000E+00
 ELAPSED TIME=         53.10 s  REMAINING TIME=          6.20 s
 NC=  179200 T= 4.4800E+00 DT= 2.5000E-05 ERR=  0.0% DM/M= 0.0000E+00
 ELAPSED TIME=         53.13 s  REMAINING TIME=          6.17 s
 NC=  179300 T= 4.4825E+00 DT= 2.5000E-05 ERR=  0.0% DM/M= 0.0000E+00
 ELAPSED TIME=         53.16 s  REMAINING TIME=          6.14 s
 NC=  179400 T= 4.4850E+00 DT= 2.5000E-05 ERR=  0.0% DM/M= 0.0000E+00
 ELAPSED TIME=         53.19 s  REMAINING TIME=          6.11 s
 NC=  179500 T= 4.4875E+00 DT= 2.5000E-05 ERR=  0.0% DM/M= 0.0000E+00
 ELAPSED TIME=         53.21 s  REMAINING TIME=          6.08 s
 NC=  179600 T= 4.4900E+00 DT= 2.5000E-05 ERR=  0.0% DM/M= 0.0000E+00
 ELAPSED TIME=         53.24 s  REMAINING TIME=          6.05 s
 NC=  179700 T= 4.4925E+00 DT= 2.5000E-05 ERR=  0.0% DM/M= 0.0000E+00
 ELAPSED TIME=         53.27 s  REMAINING TIME=          6.02 s
 NC=  179800 T= 4.4950E+00 DT= 2.5000E-05 ERR=  0.0% DM/M= 0.0000E+00
 ELAPSED TIME=         53.30 s  REMAINING TIME=          5.99 s
 NC=  179900 T= 4.4975E+00 DT= 2.5000E-05 ERR=  0.0% DM/M= 0.0000E+00
 ELAPSED TIME=         53.33 s  REMAINING TIME=          5.96 s
 NC=  180000 T= 4.5000E+00 DT= 2.5000E-05 ERR=  0.0% DM/M= 0.0000E+00
 ELAPSED TIME=         53.35 s  REMAINING TIME=          5.93 s
     ANIMATION FILE: I02D_LAP_HALFDT_H025_R5A028 WRITTEN
 NC=  180100 T= 4.5025E+00 DT= 2.5000E-05 ERR=  0.0% DM/M= 0.0000E+00
 ELAPSED TIME=         53.39 s  REMAINING TIME=          5.90 s
 NC=  180200 T= 4.5050E+00 DT= 2.5000E-05 ERR=  0.0% DM/M= 0.0000E+00
 ELAPSED TIME=         53.42 s  REMAINING TIME=          5.87 s
 NC=  180300 T= 4.5075E+00 DT= 2.5000E-05 ERR=  0.0% DM/M= 0.0000E+00
 ELAPSED TIME=         53.45 s  REMAINING TIME=          5.84 s
 NC=  180400 T= 4.5100E+00 DT= 2.5000E-05 ERR=  0.0% DM/M= 0.0000E+00
 ELAPSED TIME=         53.47 s  REMAINING TIME=          5.81 s
 NC=  180500 T= 4.5125E+00 DT= 2.5000E-05 ERR=  0.0% DM/M= 0.0000E+00
 ELAPSED TIME=         53.51 s  REMAINING TIME=          5.78 s
 NC=  180600 T= 4.5150E+00 DT= 2.5000E-05 ERR=  0.0% DM/M= 0.0000E+00
 ELAPSED TIME=         53.53 s  REMAINING TIME=          5.75 s
 NC=  180700 T= 4.5175E+00 DT= 2.5000E-05 ERR=  0.0% DM/M= 0.0000E+00
 ELAPSED TIME=         53.56 s  REMAINING TIME=          5.72 s
 NC=  180800 T= 4.5200E+00 DT= 2.5000E-05 ERR=  0.0% DM/M= 0.0000E+00
 ELAPSED TIME=         53.59 s  REMAINING TIME=          5.69 s
 NC=  180900 T= 4.5225E+00 DT= 2.5000E-05 ERR=  0.0% DM/M= 0.0000E+00
 ELAPSED TIME=         53.62 s  REMAINING TIME=          5.66 s
 NC=  181000 T= 4.5250E+00 DT= 2.5000E-05 ERR=  0.0% DM/M= 0.0000E+00
 ELAPSED TIME=         53.65 s  REMAINING TIME=          5.63 s
 NC=  181100 T= 4.5275E+00 DT= 2.5000E-05 ERR=  0.0% DM/M= 0.0000E+00
 ELAPSED TIME=         53.68 s  REMAINING TIME=          5.60 s
 NC=  181200 T= 4.5300E+00 DT= 2.5000E-05 ERR=  0.0% DM/M= 0.0000E+00
 ELAPSED TIME=         53.71 s  REMAINING TIME=          5.57 s
 NC=  181300 T= 4.5325E+00 DT= 2.5000E-05 ERR=  0.0% DM/M= 0.0000E+00
 ELAPSED TIME=         53.74 s  REMAINING TIME=          5.54 s
 NC=  181400 T= 4.5350E+00 DT= 2.5000E-05 ERR=  0.0% DM/M= 0.0000E+00
 ELAPSED TIME=         53.77 s  REMAINING TIME=          5.51 s
 NC=  181500 T= 4.5375E+00 DT= 2.5000E-05 ERR=  0.0% DM/M= 0.0000E+00
 ELAPSED TIME=         53.79 s  REMAINING TIME=          5.48 s
 NC=  181600 T= 4.5400E+00 DT= 2.5000E-05 ERR=  0.0% DM/M= 0.0000E+00
 ELAPSED TIME=         53.82 s  REMAINING TIME=          5.45 s
 NC=  181700 T= 4.5425E+00 DT= 2.5000E-05 ERR=  0.0% DM/M= 0.0000E+00
 ELAPSED TIME=         53.85 s  REMAINING TIME=          5.42 s
 NC=  181800 T= 4.5450E+00 DT= 2.5000E-05 ERR=  0.0% DM/M= 0.0000E+00
 ELAPSED TIME=         53.88 s  REMAINING TIME=          5.39 s
 NC=  181900 T= 4.5475E+00 DT= 2.5000E-05 ERR=  0.0% DM/M= 0.0000E+00
 ELAPSED TIME=         53.91 s  REMAINING TIME=          5.36 s
 NC=  182000 T= 4.5500E+00 DT= 2.5000E-05 ERR=  0.0% DM/M= 0.0000E+00
 ELAPSED TIME=         53.94 s  REMAINING TIME=          5.33 s
 NC=  182100 T= 4.5525E+00 DT= 2.5000E-05 ERR=  0.0% DM/M= 0.0000E+00
 ELAPSED TIME=         53.97 s  REMAINING TIME=          5.31 s
 NC=  182200 T= 4.5550E+00 DT= 2.5000E-05 ERR=  0.0% DM/M= 0.0000E+00
 ELAPSED TIME=         54.00 s  REMAINING TIME=          5.28 s
 NC=  182300 T= 4.5575E+00 DT= 2.5000E-05 ERR=  0.0% DM/M= 0.0000E+00
 ELAPSED TIME=         54.02 s  REMAINING TIME=          5.25 s
 NC=  182400 T= 4.5600E+00 DT= 2.5000E-05 ERR=  0.0% DM/M= 0.0000E+00
 ELAPSED TIME=         54.05 s  REMAINING TIME=          5.22 s
 NC=  182500 T= 4.5625E+00 DT= 2.5000E-05 ERR=  0.0% DM/M= 0.0000E+00
 ELAPSED TIME=         54.08 s  REMAINING TIME=          5.19 s
 NC=  182600 T= 4.5650E+00 DT= 2.5000E-05 ERR=  0.0% DM/M= 0.0000E+00
 ELAPSED TIME=         54.11 s  REMAINING TIME=          5.16 s
 NC=  182700 T= 4.5675E+00 DT= 2.5000E-05 ERR=  0.0% DM/M= 0.0000E+00
 ELAPSED TIME=         54.14 s  REMAINING TIME=          5.13 s
 NC=  182800 T= 4.5700E+00 DT= 2.5000E-05 ERR=  0.0% DM/M= 0.0000E+00
 ELAPSED TIME=         54.17 s  REMAINING TIME=          5.10 s
 NC=  182900 T= 4.5725E+00 DT= 2.5000E-05 ERR=  0.0% DM/M= 0.0000E+00
 ELAPSED TIME=         54.20 s  REMAINING TIME=          5.07 s
 NC=  183000 T= 4.5750E+00 DT= 2.5000E-05 ERR=  0.0% DM/M= 0.0000E+00
 ELAPSED TIME=         54.23 s  REMAINING TIME=          5.04 s
 NC=  183100 T= 4.5775E+00 DT= 2.5000E-05 ERR=  0.0% DM/M= 0.0000E+00
 ELAPSED TIME=         54.25 s  REMAINING TIME=          5.01 s
 NC=  183200 T= 4.5800E+00 DT= 2.5000E-05 ERR=  0.0% DM/M= 0.0000E+00
 ELAPSED TIME=         54.28 s  REMAINING TIME=          4.98 s
 NC=  183300 T= 4.5825E+00 DT= 2.5000E-05 ERR=  0.0% DM/M= 0.0000E+00
 ELAPSED TIME=         54.32 s  REMAINING TIME=          4.95 s
 NC=  183400 T= 4.5850E+00 DT= 2.5000E-05 ERR=  0.0% DM/M= 0.0000E+00
 ELAPSED TIME=         54.35 s  REMAINING TIME=          4.92 s
 NC=  183500 T= 4.5875E+00 DT= 2.5000E-05 ERR=  0.0% DM/M= 0.0000E+00
 ELAPSED TIME=         54.38 s  REMAINING TIME=          4.89 s
 NC=  183600 T= 4.5900E+00 DT= 2.5000E-05 ERR=  0.0% DM/M= 0.0000E+00
 ELAPSED TIME=         54.40 s  REMAINING TIME=          4.86 s
 NC=  183700 T= 4.5925E+00 DT= 2.5000E-05 ERR=  0.0% DM/M= 0.0000E+00
 ELAPSED TIME=         54.44 s  REMAINING TIME=          4.83 s
 NC=  183800 T= 4.5950E+00 DT= 2.5000E-05 ERR=  0.0% DM/M= 0.0000E+00
 ELAPSED TIME=         54.47 s  REMAINING TIME=          4.80 s
 NC=  183900 T= 4.5975E+00 DT= 2.5000E-05 ERR=  0.0% DM/M= 0.0000E+00
 ELAPSED TIME=         54.50 s  REMAINING TIME=          4.77 s
 NC=  184000 T= 4.6000E+00 DT= 2.5000E-05 ERR=  0.0% DM/M= 0.0000E+00
 ELAPSED TIME=         54.53 s  REMAINING TIME=          4.74 s
 NC=  184100 T= 4.6025E+00 DT= 2.5000E-05 ERR=  0.0% DM/M= 0.0000E+00
 ELAPSED TIME=         54.57 s  REMAINING TIME=          4.71 s
 NC=  184200 T= 4.6050E+00 DT= 2.5000E-05 ERR=  0.0% DM/M= 0.0000E+00
 ELAPSED TIME=         54.61 s  REMAINING TIME=          4.68 s
 NC=  184300 T= 4.6075E+00 DT= 2.5000E-05 ERR=  0.0% DM/M= 0.0000E+00
 ELAPSED TIME=         54.65 s  REMAINING TIME=          4.66 s
 NC=  184400 T= 4.6100E+00 DT= 2.5000E-05 ERR=  0.0% DM/M= 0.0000E+00
 ELAPSED TIME=         54.68 s  REMAINING TIME=          4.63 s
 NC=  184500 T= 4.6125E+00 DT= 2.5000E-05 ERR=  0.0% DM/M= 0.0000E+00
 ELAPSED TIME=         54.71 s  REMAINING TIME=          4.60 s
 NC=  184600 T= 4.6150E+00 DT= 2.5000E-05 ERR=  0.0% DM/M= 0.0000E+00
 ELAPSED TIME=         54.74 s  REMAINING TIME=          4.57 s
 NC=  184700 T= 4.6175E+00 DT= 2.5000E-05 ERR=  0.0% DM/M= 0.0000E+00
 ELAPSED TIME=         54.77 s  REMAINING TIME=          4.54 s
 NC=  184800 T= 4.6200E+00 DT= 2.5000E-05 ERR=  0.0% DM/M= 0.0000E+00
 ELAPSED TIME=         54.80 s  REMAINING TIME=          4.51 s
 NC=  184900 T= 4.6225E+00 DT= 2.5000E-05 ERR=  0.0% DM/M= 0.0000E+00
 ELAPSED TIME=         54.84 s  REMAINING TIME=          4.48 s
 NC=  185000 T= 4.6250E+00 DT= 2.5000E-05 ERR=  0.0% DM/M= 0.0000E+00
 ELAPSED TIME=         54.87 s  REMAINING TIME=          4.45 s
 NC=  185100 T= 4.6275E+00 DT= 2.5000E-05 ERR=  0.0% DM/M= 0.0000E+00
 ELAPSED TIME=         54.90 s  REMAINING TIME=          4.42 s
 NC=  185200 T= 4.6300E+00 DT= 2.5000E-05 ERR=  0.0% DM/M= 0.0000E+00
 ELAPSED TIME=         54.92 s  REMAINING TIME=          4.39 s
 NC=  185300 T= 4.6325E+00 DT= 2.5000E-05 ERR=  0.0% DM/M= 0.0000E+00
 ELAPSED TIME=         54.96 s  REMAINING TIME=          4.36 s
 NC=  185400 T= 4.6350E+00 DT= 2.5000E-05 ERR=  0.0% DM/M= 0.0000E+00
 ELAPSED TIME=         54.99 s  REMAINING TIME=          4.33 s
 NC=  185500 T= 4.6375E+00 DT= 2.5000E-05 ERR=  0.0% DM/M= 0.0000E+00
 ELAPSED TIME=         55.01 s  REMAINING TIME=          4.30 s
 NC=  185600 T= 4.6400E+00 DT= 2.5000E-05 ERR=  0.0% DM/M= 0.0000E+00
 ELAPSED TIME=         55.04 s  REMAINING TIME=          4.27 s
 NC=  185700 T= 4.6425E+00 DT= 2.5000E-05 ERR=  0.0% DM/M= 0.0000E+00
 ELAPSED TIME=         55.07 s  REMAINING TIME=          4.24 s
 NC=  185800 T= 4.6450E+00 DT= 2.5000E-05 ERR=  0.0% DM/M= 0.0000E+00
 ELAPSED TIME=         55.10 s  REMAINING TIME=          4.21 s
 NC=  185900 T= 4.6475E+00 DT= 2.5000E-05 ERR=  0.0% DM/M= 0.0000E+00
 ELAPSED TIME=         55.13 s  REMAINING TIME=          4.18 s
 NC=  186000 T= 4.6500E+00 DT= 2.5000E-05 ERR=  0.0% DM/M= 0.0000E+00
 ELAPSED TIME=         55.15 s  REMAINING TIME=          4.15 s
 NC=  186100 T= 4.6525E+00 DT= 2.5000E-05 ERR=  0.0% DM/M= 0.0000E+00
 ELAPSED TIME=         55.19 s  REMAINING TIME=          4.12 s
 NC=  186200 T= 4.6550E+00 DT= 2.5000E-05 ERR=  0.0% DM/M= 0.0000E+00
 ELAPSED TIME=         55.21 s  REMAINING TIME=          4.09 s
 NC=  186300 T= 4.6575E+00 DT= 2.5000E-05 ERR=  0.0% DM/M= 0.0000E+00
 ELAPSED TIME=         55.24 s  REMAINING TIME=          4.06 s
 NC=  186400 T= 4.6600E+00 DT= 2.5000E-05 ERR=  0.0% DM/M= 0.0000E+00
 ELAPSED TIME=         55.27 s  REMAINING TIME=          4.03 s
 NC=  186500 T= 4.6625E+00 DT= 2.5000E-05 ERR=  0.0% DM/M= 0.0000E+00
 ELAPSED TIME=         55.30 s  REMAINING TIME=          4.00 s
 NC=  186600 T= 4.6650E+00 DT= 2.5000E-05 ERR=  0.0% DM/M= 0.0000E+00
 ELAPSED TIME=         55.33 s  REMAINING TIME=          3.97 s
     ANIMATION FILE: I02D_LAP_HALFDT_H025_R5A029 WRITTEN
 NC=  186700 T= 4.6675E+00 DT= 2.5000E-05 ERR=  0.0% DM/M= 0.0000E+00
 ELAPSED TIME=         55.36 s  REMAINING TIME=          3.94 s
 NC=  186800 T= 4.6700E+00 DT= 2.5000E-05 ERR=  0.0% DM/M= 0.0000E+00
 ELAPSED TIME=         55.38 s  REMAINING TIME=          3.91 s
 NC=  186900 T= 4.6725E+00 DT= 2.5000E-05 ERR=  0.0% DM/M= 0.0000E+00
 ELAPSED TIME=         55.42 s  REMAINING TIME=          3.88 s
 NC=  187000 T= 4.6750E+00 DT= 2.5000E-05 ERR=  0.0% DM/M= 0.0000E+00
 ELAPSED TIME=         55.44 s  REMAINING TIME=          3.85 s
 NC=  187100 T= 4.6775E+00 DT= 2.5000E-05 ERR=  0.0% DM/M= 0.0000E+00
 ELAPSED TIME=         55.47 s  REMAINING TIME=          3.82 s
 NC=  187200 T= 4.6800E+00 DT= 2.5000E-05 ERR=  0.0% DM/M= 0.0000E+00
 ELAPSED TIME=         55.50 s  REMAINING TIME=          3.79 s
 NC=  187300 T= 4.6825E+00 DT= 2.5000E-05 ERR=  0.0% DM/M= 0.0000E+00
 ELAPSED TIME=         55.53 s  REMAINING TIME=          3.77 s
 NC=  187400 T= 4.6850E+00 DT= 2.5000E-05 ERR=  0.0% DM/M= 0.0000E+00
 ELAPSED TIME=         55.56 s  REMAINING TIME=          3.74 s
 NC=  187500 T= 4.6875E+00 DT= 2.5000E-05 ERR=  0.0% DM/M= 0.0000E+00
 ELAPSED TIME=         55.58 s  REMAINING TIME=          3.71 s
 NC=  187600 T= 4.6900E+00 DT= 2.5000E-05 ERR=  0.0% DM/M= 0.0000E+00
 ELAPSED TIME=         55.61 s  REMAINING TIME=          3.68 s
 NC=  187700 T= 4.6925E+00 DT= 2.5000E-05 ERR=  0.0% DM/M= 0.0000E+00
 ELAPSED TIME=         55.64 s  REMAINING TIME=          3.65 s
 NC=  187800 T= 4.6950E+00 DT= 2.5000E-05 ERR=  0.0% DM/M= 0.0000E+00
 ELAPSED TIME=         55.67 s  REMAINING TIME=          3.62 s
 NC=  187900 T= 4.6975E+00 DT= 2.5000E-05 ERR=  0.0% DM/M= 0.0000E+00
 ELAPSED TIME=         55.70 s  REMAINING TIME=          3.59 s
 NC=  188000 T= 4.7000E+00 DT= 2.5000E-05 ERR=  0.0% DM/M= 0.0000E+00
 ELAPSED TIME=         55.72 s  REMAINING TIME=          3.56 s
 NC=  188100 T= 4.7025E+00 DT= 2.5000E-05 ERR=  0.0% DM/M= 0.0000E+00
 ELAPSED TIME=         55.76 s  REMAINING TIME=          3.53 s
 NC=  188200 T= 4.7050E+00 DT= 2.5000E-05 ERR=  0.0% DM/M= 0.0000E+00
 ELAPSED TIME=         55.78 s  REMAINING TIME=          3.50 s
 NC=  188300 T= 4.7075E+00 DT= 2.5000E-05 ERR=  0.0% DM/M= 0.0000E+00
 ELAPSED TIME=         55.81 s  REMAINING TIME=          3.47 s
 NC=  188400 T= 4.7100E+00 DT= 2.5000E-05 ERR=  0.0% DM/M= 0.0000E+00
 ELAPSED TIME=         55.84 s  REMAINING TIME=          3.44 s
 NC=  188500 T= 4.7125E+00 DT= 2.5000E-05 ERR=  0.0% DM/M= 0.0000E+00
 ELAPSED TIME=         55.87 s  REMAINING TIME=          3.41 s
 NC=  188600 T= 4.7150E+00 DT= 2.5000E-05 ERR=  0.0% DM/M= 0.0000E+00
 ELAPSED TIME=         55.90 s  REMAINING TIME=          3.38 s
 NC=  188700 T= 4.7175E+00 DT= 2.5000E-05 ERR=  0.0% DM/M= 0.0000E+00
 ELAPSED TIME=         55.92 s  REMAINING TIME=          3.35 s
 NC=  188800 T= 4.7200E+00 DT= 2.5000E-05 ERR=  0.0% DM/M= 0.0000E+00
 ELAPSED TIME=         55.95 s  REMAINING TIME=          3.32 s
 NC=  188900 T= 4.7225E+00 DT= 2.5000E-05 ERR=  0.0% DM/M= 0.0000E+00
 ELAPSED TIME=         55.98 s  REMAINING TIME=          3.29 s
 NC=  189000 T= 4.7250E+00 DT= 2.5000E-05 ERR=  0.0% DM/M= 0.0000E+00
 ELAPSED TIME=         56.01 s  REMAINING TIME=          3.26 s
 NC=  189100 T= 4.7275E+00 DT= 2.5000E-05 ERR=  0.0% DM/M= 0.0000E+00
 ELAPSED TIME=         56.04 s  REMAINING TIME=          3.23 s
 NC=  189200 T= 4.7300E+00 DT= 2.5000E-05 ERR=  0.0% DM/M= 0.0000E+00
 ELAPSED TIME=         56.07 s  REMAINING TIME=          3.20 s
 NC=  189300 T= 4.7325E+00 DT= 2.5000E-05 ERR=  0.0% DM/M= 0.0000E+00
 ELAPSED TIME=         56.10 s  REMAINING TIME=          3.17 s
 NC=  189400 T= 4.7350E+00 DT= 2.5000E-05 ERR=  0.0% DM/M= 0.0000E+00
 ELAPSED TIME=         56.13 s  REMAINING TIME=          3.14 s
 NC=  189500 T= 4.7375E+00 DT= 2.5000E-05 ERR=  0.0% DM/M= 0.0000E+00
 ELAPSED TIME=         56.15 s  REMAINING TIME=          3.11 s
 NC=  189600 T= 4.7400E+00 DT= 2.5000E-05 ERR=  0.0% DM/M= 0.0000E+00
 ELAPSED TIME=         56.18 s  REMAINING TIME=          3.08 s
 NC=  189700 T= 4.7425E+00 DT= 2.5000E-05 ERR=  0.0% DM/M= 0.0000E+00
 ELAPSED TIME=         56.22 s  REMAINING TIME=          3.05 s
 NC=  189800 T= 4.7450E+00 DT= 2.5000E-05 ERR=  0.0% DM/M= 0.0000E+00
 ELAPSED TIME=         56.24 s  REMAINING TIME=          3.02 s
 NC=  189900 T= 4.7475E+00 DT= 2.5000E-05 ERR=  0.0% DM/M= 0.0000E+00
 ELAPSED TIME=         56.27 s  REMAINING TIME=          2.99 s
 NC=  190000 T= 4.7500E+00 DT= 2.5000E-05 ERR=  0.0% DM/M= 0.0000E+00
 ELAPSED TIME=         56.30 s  REMAINING TIME=          2.96 s
 NC=  190100 T= 4.7525E+00 DT= 2.5000E-05 ERR=  0.0% DM/M= 0.0000E+00
 ELAPSED TIME=         56.33 s  REMAINING TIME=          2.93 s
 NC=  190200 T= 4.7550E+00 DT= 2.5000E-05 ERR=  0.0% DM/M= 0.0000E+00
 ELAPSED TIME=         56.36 s  REMAINING TIME=          2.90 s
 NC=  190300 T= 4.7575E+00 DT= 2.5000E-05 ERR=  0.0% DM/M= 0.0000E+00
 ELAPSED TIME=         56.38 s  REMAINING TIME=          2.87 s
 NC=  190400 T= 4.7600E+00 DT= 2.5000E-05 ERR=  0.0% DM/M= 0.0000E+00
 ELAPSED TIME=         56.41 s  REMAINING TIME=          2.84 s
 NC=  190500 T= 4.7625E+00 DT= 2.5000E-05 ERR=  0.0% DM/M= 0.0000E+00
 ELAPSED TIME=         56.44 s  REMAINING TIME=          2.81 s
 NC=  190600 T= 4.7650E+00 DT= 2.5000E-05 ERR=  0.0% DM/M= 0.0000E+00
 ELAPSED TIME=         56.47 s  REMAINING TIME=          2.79 s
 NC=  190700 T= 4.7675E+00 DT= 2.5000E-05 ERR=  0.0% DM/M= 0.0000E+00
 ELAPSED TIME=         56.50 s  REMAINING TIME=          2.76 s
 NC=  190800 T= 4.7700E+00 DT= 2.5000E-05 ERR=  0.0% DM/M= 0.0000E+00
 ELAPSED TIME=         56.53 s  REMAINING TIME=          2.73 s
 NC=  190900 T= 4.7725E+00 DT= 2.5000E-05 ERR=  0.0% DM/M= 0.0000E+00
 ELAPSED TIME=         56.56 s  REMAINING TIME=          2.70 s
 NC=  191000 T= 4.7750E+00 DT= 2.5000E-05 ERR=  0.0% DM/M= 0.0000E+00
 ELAPSED TIME=         56.59 s  REMAINING TIME=          2.67 s
 NC=  191100 T= 4.7775E+00 DT= 2.5000E-05 ERR=  0.0% DM/M= 0.0000E+00
 ELAPSED TIME=         56.61 s  REMAINING TIME=          2.64 s
 NC=  191200 T= 4.7800E+00 DT= 2.5000E-05 ERR=  0.0% DM/M= 0.0000E+00
 ELAPSED TIME=         56.64 s  REMAINING TIME=          2.61 s
 NC=  191300 T= 4.7825E+00 DT= 2.5000E-05 ERR=  0.0% DM/M= 0.0000E+00
 ELAPSED TIME=         56.67 s  REMAINING TIME=          2.58 s
 NC=  191400 T= 4.7850E+00 DT= 2.5000E-05 ERR=  0.0% DM/M= 0.0000E+00
 ELAPSED TIME=         56.70 s  REMAINING TIME=          2.55 s
 NC=  191500 T= 4.7875E+00 DT= 2.5000E-05 ERR=  0.0% DM/M= 0.0000E+00
 ELAPSED TIME=         56.73 s  REMAINING TIME=          2.52 s
 NC=  191600 T= 4.7900E+00 DT= 2.5000E-05 ERR=  0.0% DM/M= 0.0000E+00
 ELAPSED TIME=         56.75 s  REMAINING TIME=          2.49 s
 NC=  191700 T= 4.7925E+00 DT= 2.5000E-05 ERR=  0.0% DM/M= 0.0000E+00
 ELAPSED TIME=         56.79 s  REMAINING TIME=          2.46 s
 NC=  191800 T= 4.7950E+00 DT= 2.5000E-05 ERR=  0.0% DM/M= 0.0000E+00
 ELAPSED TIME=         56.81 s  REMAINING TIME=          2.43 s
 NC=  191900 T= 4.7975E+00 DT= 2.5000E-05 ERR=  0.0% DM/M= 0.0000E+00
 ELAPSED TIME=         56.84 s  REMAINING TIME=          2.40 s
 NC=  192000 T= 4.8000E+00 DT= 2.5000E-05 ERR=  0.0% DM/M= 0.0000E+00
 ELAPSED TIME=         56.87 s  REMAINING TIME=          2.37 s
 NC=  192100 T= 4.8025E+00 DT= 2.5000E-05 ERR=  0.0% DM/M= 0.0000E+00
 ELAPSED TIME=         56.90 s  REMAINING TIME=          2.34 s
 NC=  192200 T= 4.8050E+00 DT= 2.5000E-05 ERR=  0.0% DM/M= 0.0000E+00
 ELAPSED TIME=         56.93 s  REMAINING TIME=          2.31 s
 NC=  192300 T= 4.8075E+00 DT= 2.5000E-05 ERR=  0.0% DM/M= 0.0000E+00
 ELAPSED TIME=         56.95 s  REMAINING TIME=          2.28 s
 NC=  192400 T= 4.8100E+00 DT= 2.5000E-05 ERR=  0.0% DM/M= 0.0000E+00
 ELAPSED TIME=         56.98 s  REMAINING TIME=          2.25 s
 NC=  192500 T= 4.8125E+00 DT= 2.5000E-05 ERR=  0.0% DM/M= 0.0000E+00
 ELAPSED TIME=         57.01 s  REMAINING TIME=          2.22 s
 NC=  192600 T= 4.8150E+00 DT= 2.5000E-05 ERR=  0.0% DM/M= 0.0000E+00
 ELAPSED TIME=         57.04 s  REMAINING TIME=          2.19 s
 NC=  192700 T= 4.8175E+00 DT= 2.5000E-05 ERR=  0.0% DM/M= 0.0000E+00
 ELAPSED TIME=         57.07 s  REMAINING TIME=          2.16 s
 NC=  192800 T= 4.8200E+00 DT= 2.5000E-05 ERR=  0.0% DM/M= 0.0000E+00
 ELAPSED TIME=         57.09 s  REMAINING TIME=          2.13 s
 NC=  192900 T= 4.8225E+00 DT= 2.5000E-05 ERR=  0.0% DM/M= 0.0000E+00
 ELAPSED TIME=         57.13 s  REMAINING TIME=          2.10 s
 NC=  193000 T= 4.8250E+00 DT= 2.5000E-05 ERR=  0.0% DM/M= 0.0000E+00
 ELAPSED TIME=         57.15 s  REMAINING TIME=          2.07 s
 NC=  193100 T= 4.8275E+00 DT= 2.5000E-05 ERR=  0.0% DM/M= 0.0000E+00
 ELAPSED TIME=         57.18 s  REMAINING TIME=          2.04 s
 NC=  193200 T= 4.8300E+00 DT= 2.5000E-05 ERR=  0.0% DM/M= 0.0000E+00
 ELAPSED TIME=         57.21 s  REMAINING TIME=          2.01 s
 NC=  193300 T= 4.8325E+00 DT= 2.5000E-05 ERR=  0.0% DM/M= 0.0000E+00
 ELAPSED TIME=         57.24 s  REMAINING TIME=          1.98 s
     ANIMATION FILE: I02D_LAP_HALFDT_H025_R5A030 WRITTEN
 NC=  193400 T= 4.8350E+00 DT= 2.5000E-05 ERR=  0.0% DM/M= 0.0000E+00
 ELAPSED TIME=         57.27 s  REMAINING TIME=          1.95 s
 NC=  193500 T= 4.8375E+00 DT= 2.5000E-05 ERR=  0.0% DM/M= 0.0000E+00
 ELAPSED TIME=         57.29 s  REMAINING TIME=          1.92 s
 NC=  193600 T= 4.8400E+00 DT= 2.5000E-05 ERR=  0.0% DM/M= 0.0000E+00
 ELAPSED TIME=         57.32 s  REMAINING TIME=          1.89 s
 NC=  193700 T= 4.8425E+00 DT= 2.5000E-05 ERR=  0.0% DM/M= 0.0000E+00
 ELAPSED TIME=         57.35 s  REMAINING TIME=          1.87 s
 NC=  193800 T= 4.8450E+00 DT= 2.5000E-05 ERR=  0.0% DM/M= 0.0000E+00
 ELAPSED TIME=         57.38 s  REMAINING TIME=          1.84 s
 NC=  193900 T= 4.8475E+00 DT= 2.5000E-05 ERR=  0.0% DM/M= 0.0000E+00
 ELAPSED TIME=         57.41 s  REMAINING TIME=          1.81 s
 NC=  194000 T= 4.8500E+00 DT= 2.5000E-05 ERR=  0.0% DM/M= 0.0000E+00
 ELAPSED TIME=         57.44 s  REMAINING TIME=          1.78 s
 NC=  194100 T= 4.8525E+00 DT= 2.5000E-05 ERR=  0.0% DM/M= 0.0000E+00
 ELAPSED TIME=         57.47 s  REMAINING TIME=          1.75 s
 NC=  194200 T= 4.8550E+00 DT= 2.5000E-05 ERR=  0.0% DM/M= 0.0000E+00
 ELAPSED TIME=         57.49 s  REMAINING TIME=          1.72 s
 NC=  194300 T= 4.8575E+00 DT= 2.5000E-05 ERR=  0.0% DM/M= 0.0000E+00
 ELAPSED TIME=         57.52 s  REMAINING TIME=          1.69 s
 NC=  194400 T= 4.8600E+00 DT= 2.5000E-05 ERR=  0.0% DM/M= 0.0000E+00
 ELAPSED TIME=         57.55 s  REMAINING TIME=          1.66 s
 NC=  194500 T= 4.8625E+00 DT= 2.5000E-05 ERR=  0.0% DM/M= 0.0000E+00
 ELAPSED TIME=         57.58 s  REMAINING TIME=          1.63 s
 NC=  194600 T= 4.8650E+00 DT= 2.5000E-05 ERR=  0.0% DM/M= 0.0000E+00
 ELAPSED TIME=         57.61 s  REMAINING TIME=          1.60 s
 NC=  194700 T= 4.8675E+00 DT= 2.5000E-05 ERR=  0.0% DM/M= 0.0000E+00
 ELAPSED TIME=         57.64 s  REMAINING TIME=          1.57 s
 NC=  194800 T= 4.8700E+00 DT= 2.5000E-05 ERR=  0.0% DM/M= 0.0000E+00
 ELAPSED TIME=         57.66 s  REMAINING TIME=          1.54 s
 NC=  194900 T= 4.8725E+00 DT= 2.5000E-05 ERR=  0.0% DM/M= 0.0000E+00
 ELAPSED TIME=         57.69 s  REMAINING TIME=          1.51 s
 NC=  195000 T= 4.8750E+00 DT= 2.5000E-05 ERR=  0.0% DM/M= 0.0000E+00
 ELAPSED TIME=         57.72 s  REMAINING TIME=          1.48 s
 NC=  195100 T= 4.8775E+00 DT= 2.5000E-05 ERR=  0.0% DM/M= 0.0000E+00
 ELAPSED TIME=         57.75 s  REMAINING TIME=          1.45 s
 NC=  195200 T= 4.8800E+00 DT= 2.5000E-05 ERR=  0.0% DM/M= 0.0000E+00
 ELAPSED TIME=         57.78 s  REMAINING TIME=          1.42 s
 NC=  195300 T= 4.8825E+00 DT= 2.5000E-05 ERR=  0.0% DM/M= 0.0000E+00
 ELAPSED TIME=         57.81 s  REMAINING TIME=          1.39 s
 NC=  195400 T= 4.8850E+00 DT= 2.5000E-05 ERR=  0.0% DM/M= 0.0000E+00
 ELAPSED TIME=         57.84 s  REMAINING TIME=          1.36 s
 NC=  195500 T= 4.8875E+00 DT= 2.5000E-05 ERR=  0.0% DM/M= 0.0000E+00
 ELAPSED TIME=         57.86 s  REMAINING TIME=          1.33 s
 NC=  195600 T= 4.8900E+00 DT= 2.5000E-05 ERR=  0.0% DM/M= 0.0000E+00
 ELAPSED TIME=         57.89 s  REMAINING TIME=          1.30 s
 NC=  195700 T= 4.8925E+00 DT= 2.5000E-05 ERR=  0.0% DM/M= 0.0000E+00
 ELAPSED TIME=         57.92 s  REMAINING TIME=          1.27 s
 NC=  195800 T= 4.8950E+00 DT= 2.5000E-05 ERR=  0.0% DM/M= 0.0000E+00
 ELAPSED TIME=         57.95 s  REMAINING TIME=          1.24 s
 NC=  195900 T= 4.8975E+00 DT= 2.5000E-05 ERR=  0.0% DM/M= 0.0000E+00
 ELAPSED TIME=         57.98 s  REMAINING TIME=          1.21 s
 NC=  196000 T= 4.9000E+00 DT= 2.5000E-05 ERR=  0.0% DM/M= 0.0000E+00
 ELAPSED TIME=         58.00 s  REMAINING TIME=          1.18 s
 NC=  196100 T= 4.9025E+00 DT= 2.5000E-05 ERR=  0.0% DM/M= 0.0000E+00
 ELAPSED TIME=         58.03 s  REMAINING TIME=          1.15 s
 NC=  196200 T= 4.9050E+00 DT= 2.5000E-05 ERR=  0.0% DM/M= 0.0000E+00
 ELAPSED TIME=         58.06 s  REMAINING TIME=          1.12 s
 NC=  196300 T= 4.9075E+00 DT= 2.5000E-05 ERR=  0.0% DM/M= 0.0000E+00
 ELAPSED TIME=         58.09 s  REMAINING TIME=          1.09 s
 NC=  196400 T= 4.9100E+00 DT= 2.5000E-05 ERR=  0.0% DM/M= 0.0000E+00
 ELAPSED TIME=         58.12 s  REMAINING TIME=          1.07 s
 NC=  196500 T= 4.9125E+00 DT= 2.5000E-05 ERR=  0.0% DM/M= 0.0000E+00
 ELAPSED TIME=         58.15 s  REMAINING TIME=          1.04 s
 NC=  196600 T= 4.9150E+00 DT= 2.5000E-05 ERR=  0.0% DM/M= 0.0000E+00
 ELAPSED TIME=         58.17 s  REMAINING TIME=          1.01 s
 NC=  196700 T= 4.9175E+00 DT= 2.5000E-05 ERR=  0.0% DM/M= 0.0000E+00
 ELAPSED TIME=         58.20 s  REMAINING TIME=          0.98 s
 NC=  196800 T= 4.9200E+00 DT= 2.5000E-05 ERR=  0.0% DM/M= 0.0000E+00
 ELAPSED TIME=         58.23 s  REMAINING TIME=          0.95 s
 NC=  196900 T= 4.9225E+00 DT= 2.5000E-05 ERR=  0.0% DM/M= 0.0000E+00
 ELAPSED TIME=         58.26 s  REMAINING TIME=          0.92 s
 NC=  197000 T= 4.9250E+00 DT= 2.5000E-05 ERR=  0.0% DM/M= 0.0000E+00
 ELAPSED TIME=         58.29 s  REMAINING TIME=          0.89 s
 NC=  197100 T= 4.9275E+00 DT= 2.5000E-05 ERR=  0.0% DM/M= 0.0000E+00
 ELAPSED TIME=         58.31 s  REMAINING TIME=          0.86 s
 NC=  197200 T= 4.9300E+00 DT= 2.5000E-05 ERR=  0.0% DM/M= 0.0000E+00
 ELAPSED TIME=         58.34 s  REMAINING TIME=          0.83 s
 NC=  197300 T= 4.9325E+00 DT= 2.5000E-05 ERR=  0.0% DM/M= 0.0000E+00
 ELAPSED TIME=         58.37 s  REMAINING TIME=          0.80 s
 NC=  197400 T= 4.9350E+00 DT= 2.5000E-05 ERR=  0.0% DM/M= 0.0000E+00
 ELAPSED TIME=         58.40 s  REMAINING TIME=          0.77 s
 NC=  197500 T= 4.9375E+00 DT= 2.5000E-05 ERR=  0.0% DM/M= 0.0000E+00
 ELAPSED TIME=         58.43 s  REMAINING TIME=          0.74 s
 NC=  197600 T= 4.9400E+00 DT= 2.5000E-05 ERR=  0.0% DM/M= 0.0000E+00
 ELAPSED TIME=         58.45 s  REMAINING TIME=          0.71 s
 NC=  197700 T= 4.9425E+00 DT= 2.5000E-05 ERR=  0.0% DM/M= 0.0000E+00
 ELAPSED TIME=         58.49 s  REMAINING TIME=          0.68 s
 NC=  197800 T= 4.9450E+00 DT= 2.5000E-05 ERR=  0.0% DM/M= 0.0000E+00
 ELAPSED TIME=         58.51 s  REMAINING TIME=          0.65 s
 NC=  197900 T= 4.9475E+00 DT= 2.5000E-05 ERR=  0.0% DM/M= 0.0000E+00
 ELAPSED TIME=         58.54 s  REMAINING TIME=          0.62 s
 NC=  198000 T= 4.9500E+00 DT= 2.5000E-05 ERR=  0.0% DM/M= 0.0000E+00
 ELAPSED TIME=         58.57 s  REMAINING TIME=          0.59 s
 NC=  198100 T= 4.9525E+00 DT= 2.5000E-05 ERR=  0.0% DM/M= 0.0000E+00
 ELAPSED TIME=         58.60 s  REMAINING TIME=          0.56 s
 NC=  198200 T= 4.9550E+00 DT= 2.5000E-05 ERR=  0.0% DM/M= 0.0000E+00
 ELAPSED TIME=         58.63 s  REMAINING TIME=          0.53 s
 NC=  198300 T= 4.9575E+00 DT= 2.5000E-05 ERR=  0.0% DM/M= 0.0000E+00
 ELAPSED TIME=         58.65 s  REMAINING TIME=          0.50 s
 NC=  198400 T= 4.9600E+00 DT= 2.5000E-05 ERR=  0.0% DM/M= 0.0000E+00
 ELAPSED TIME=         58.68 s  REMAINING TIME=          0.47 s
 NC=  198500 T= 4.9625E+00 DT= 2.5000E-05 ERR=  0.0% DM/M= 0.0000E+00
 ELAPSED TIME=         58.71 s  REMAINING TIME=          0.44 s
 NC=  198600 T= 4.9650E+00 DT= 2.5000E-05 ERR=  0.0% DM/M= 0.0000E+00
 ELAPSED TIME=         58.74 s  REMAINING TIME=          0.41 s
 NC=  198700 T= 4.9675E+00 DT= 2.5000E-05 ERR=  0.0% DM/M= 0.0000E+00
 ELAPSED TIME=         58.77 s  REMAINING TIME=          0.38 s
 NC=  198800 T= 4.9700E+00 DT= 2.5000E-05 ERR=  0.0% DM/M= 0.0000E+00
 ELAPSED TIME=         58.79 s  REMAINING TIME=          0.35 s
 NC=  198900 T= 4.9725E+00 DT= 2.5000E-05 ERR=  0.0% DM/M= 0.0000E+00
 ELAPSED TIME=         58.83 s  REMAINING TIME=          0.33 s
 NC=  199000 T= 4.9750E+00 DT= 2.5000E-05 ERR=  0.0% DM/M= 0.0000E+00
 ELAPSED TIME=         58.85 s  REMAINING TIME=          0.30 s
 NC=  199100 T= 4.9775E+00 DT= 2.5000E-05 ERR=  0.0% DM/M= 0.0000E+00
 ELAPSED TIME=         58.88 s  REMAINING TIME=          0.27 s
 NC=  199200 T= 4.9800E+00 DT= 2.5000E-05 ERR=  0.0% DM/M= 0.0000E+00
 ELAPSED TIME=         58.91 s  REMAINING TIME=          0.24 s
 NC=  199300 T= 4.9825E+00 DT= 2.5000E-05 ERR=  0.0% DM/M= 0.0000E+00
 ELAPSED TIME=         58.94 s  REMAINING TIME=          0.21 s
 NC=  199400 T= 4.9850E+00 DT= 2.5000E-05 ERR=  0.0% DM/M= 0.0000E+00
 ELAPSED TIME=         58.97 s  REMAINING TIME=          0.18 s
 NC=  199500 T= 4.9875E+00 DT= 2.5000E-05 ERR=  0.0% DM/M= 0.0000E+00
 ELAPSED TIME=         58.99 s  REMAINING TIME=          0.15 s
 NC=  199600 T= 4.9900E+00 DT= 2.5000E-05 ERR=  0.0% DM/M= 0.0000E+00
 ELAPSED TIME=         59.02 s  REMAINING TIME=          0.12 s
 NC=  199700 T= 4.9925E+00 DT= 2.5000E-05 ERR=  0.0% DM/M= 0.0000E+00
 ELAPSED TIME=         59.05 s  REMAINING TIME=          0.09 s
 NC=  199800 T= 4.9950E+00 DT= 2.5000E-05 ERR=  0.0% DM/M= 0.0000E+00
 ELAPSED TIME=         59.08 s  REMAINING TIME=          0.06 s
 NC=  199900 T= 4.9975E+00 DT= 2.5000E-05 ERR=  0.0% DM/M= 0.0000E+00
 ELAPSED TIME=         59.11 s  REMAINING TIME=          0.03 s
 NC=  200000 T= 5.0000E+00 DT= 2.5000E-05 ERR=  0.0% DM/M= 0.0000E+00
 ELAPSED TIME=         59.13 s  REMAINING TIME=          0.00 s
     RESTART FILES: I02D_LAP_HALFDT_H025_R5_0001_[0001-0001].rst WRITTEN
     ANIMATION FILE: I02D_LAP_HALFDT_H025_R5A031 WRITTEN
  
                           ** CPU USER TIME **
  
  
                        ** SUMMARY **
  
 #PROC  CONTSORT  CONTFOR   ELEMENT   KINCOND   INTEG     IO        T0        ASM       RESOL    
   1   .1812E+01 .1422E+01 .2542E+02 .1484E+01 .1375E+01 .1817E+02 .3156E+01 .1469E+01 .5895E+02
 
                   ** CUMULATIVE CPU TIME SUMMARY **
  
 CONTACT SORTING.............: .1812E+01     3.07 % 
 CONTACT FORCES..............: .1422E+01     2.41 % 
 ELEMENT FORCES..............: .2542E+02    43.12 % 
 KINEMATIC COND..............: .1484E+01     2.52 % 
 INTEGRATION.................: .1375E+01     2.33 % 
 ASSEMBLING..................: .1469E+01     2.49 % 
 OTHERS (including I/O)......: .2597E+02    44.05 % 
 TOTAL.......................: .5895E+02   100.00 % 
  
                   ** MEMORY USAGE STATISTICS **
  
 TOTAL MEMORY USED .........................:       53 MB
 MAXIMUM MEMORY PER PROCESSOR...............:       53 MB
 MINIMUM MEMORY PER PROCESSOR...............:       53 MB
 AVERAGE MEMORY PER PROCESSOR...............:       53 MB
  
                   ** DISK USAGE STATISTICS **
  
 TOTAL DISK SPACE USED .....................:         70 MB
 ANIMATION/H3D/TH/OUTP SIZE ................:         69 MB
 RESTART FILE SIZE .........................:          0 MB
  
 ELAPSED TIME     =         59.14 s
                          0:00:59
  
     NORMAL TERMINATION      
     TOTAL NUMBER OF CYCLES  :  200002
