************************************************************************
**                                                                    **
**                                                                    **
**                         OpenRadioss Engine                         **
**                                                                    **
**            Non-linear Finite Element Analysis Software             **
**                                                                    **
**                                                                    **
**                                                                    **
**                  Windows 64 bits, Intel compiler                   **
**                      Double Precision Version                      **
**                                                                    **
**                                                                    **
**                                                                    **
************************************************************************
** OpenRadioss Software                                               **
** COPYRIGHT (C) 2026 Siemens                                         **
** Licensed under GNU Affero General Public License.                  **
** See License file.                                                  **
************************************************************************
 
 ROOT: I02IE_TRUE_DOMAIN_R1  RESTART: 0001
 NUMBER OF HMPP PROCESSES     1
 03/10/2026
 NC=       0 T= 0.0000E+00 DT= 1.4524E-04 ERR=  0.0% DM/M= 0.0000E+00
 NC=     100 T= 1.4524E-02 DT= 1.4524E-04 ERR=  0.0% DM/M= 0.0000E+00
 ELAPSED TIME=          0.29 s  REMAINING TIME=        240.05 s
 NC=     200 T= 2.9049E-02 DT= 1.4524E-04 ERR=  0.0% DM/M= 0.0000E+00
 ELAPSED TIME=          0.54 s  REMAINING TIME=        220.56 s
 NC=     300 T= 4.3573E-02 DT= 1.4524E-04 ERR=  0.0% DM/M= 0.0000E+00
 ELAPSED TIME=          0.78 s  REMAINING TIME=        213.58 s
 NC=     400 T= 5.8098E-02 DT= 1.4524E-04 ERR=  0.0% DM/M= 0.0000E+00
 ELAPSED TIME=          1.02 s  REMAINING TIME=        210.04 s
 NC=     500 T= 7.2622E-02 DT= 1.4524E-04 ERR=  0.0% DM/M= 0.0000E+00
 ELAPSED TIME=          1.26 s  REMAINING TIME=        207.76 s
 NC=     600 T= 8.7147E-02 DT= 1.4524E-04 ERR=  0.0% DM/M= 0.0000E+00
 ELAPSED TIME=          1.51 s  REMAINING TIME=        206.24 s
 NC=     700 T= 1.0167E-01 DT= 1.4524E-04 ERR= -0.0% DM/M= 0.0000E+00
 ELAPSED TIME=          1.75 s  REMAINING TIME=        205.06 s
 NC=     800 T= 1.1620E-01 DT= 1.4524E-04 ERR= -0.0% DM/M= 0.0000E+00
 ELAPSED TIME=          2.00 s  REMAINING TIME=        204.10 s
 NC=     900 T= 1.3072E-01 DT= 1.4524E-04 ERR= -0.0% DM/M= 0.0000E+00
 ELAPSED TIME=          2.24 s  REMAINING TIME=        203.29 s
 NC=    1000 T= 1.4524E-01 DT= 1.4524E-04 ERR= -0.0% DM/M= 0.0000E+00
 ELAPSED TIME=          2.48 s  REMAINING TIME=        202.64 s
 NC=    1100 T= 1.5977E-01 DT= 1.4524E-04 ERR= -0.0% DM/M= 0.0000E+00
 ELAPSED TIME=          2.73 s  REMAINING TIME=        202.02 s
 NC=    1200 T= 1.7429E-01 DT= 1.4524E-04 ERR= -0.0% DM/M= 0.0000E+00
 ELAPSED TIME=          2.97 s  REMAINING TIME=        201.47 s
 NC=    1300 T= 1.8882E-01 DT= 1.4524E-04 ERR= -0.0% DM/M= 0.0000E+00
 ELAPSED TIME=          3.21 s  REMAINING TIME=        201.03 s
 NC=    1400 T= 2.0334E-01 DT= 1.4524E-04 ERR= -0.0% DM/M= 0.0000E+00
 ELAPSED TIME=          3.46 s  REMAINING TIME=        200.62 s
 NC=    1500 T= 2.1787E-01 DT= 1.4524E-04 ERR= -0.0% DM/M= 0.0000E+00
 ELAPSED TIME=          3.70 s  REMAINING TIME=        200.23 s
 NC=    1600 T= 2.3239E-01 DT= 1.4524E-04 ERR= -0.0% DM/M= 0.0000E+00
 ELAPSED TIME=          3.95 s  REMAINING TIME=        199.86 s
 NC=    1700 T= 2.4692E-01 DT= 1.4524E-04 ERR= -0.0% DM/M= 0.0000E+00
 ELAPSED TIME=          4.19 s  REMAINING TIME=        199.47 s
 NC=    1800 T= 2.6144E-01 DT= 1.4524E-04 ERR= -0.0% DM/M= 0.0000E+00
 ELAPSED TIME=          4.43 s  REMAINING TIME=        199.13 s
 NC=    1900 T= 2.7597E-01 DT= 1.4524E-04 ERR= -0.0% DM/M= 0.0000E+00
 ELAPSED TIME=          4.68 s  REMAINING TIME=        198.77 s
 NC=    2000 T= 2.9049E-01 DT= 1.4524E-04 ERR= -0.0% DM/M= 0.0000E+00
 ELAPSED TIME=          4.92 s  REMAINING TIME=        198.44 s
 NC=    2100 T= 3.0501E-01 DT= 1.4524E-04 ERR= -0.0% DM/M= 0.0000E+00
 ELAPSED TIME=          5.17 s  REMAINING TIME=        198.13 s
 NC=    2200 T= 3.1954E-01 DT= 1.4524E-04 ERR= -0.0% DM/M= 0.0000E+00
 ELAPSED TIME=          5.41 s  REMAINING TIME=        197.82 s
 NC=    2300 T= 3.3406E-01 DT= 1.4524E-04 ERR= -0.0% DM/M= 0.0000E+00
 ELAPSED TIME=          5.66 s  REMAINING TIME=        197.53 s
 NC=    2400 T= 3.4859E-01 DT= 1.4524E-04 ERR= -0.0% DM/M= 0.0000E+00
 ELAPSED TIME=          5.90 s  REMAINING TIME=        197.27 s
 NC=    2500 T= 3.6311E-01 DT= 1.4524E-04 ERR= -0.0% DM/M= 0.0000E+00
 ELAPSED TIME=          6.15 s  REMAINING TIME=        196.98 s
 NC=    2600 T= 3.7764E-01 DT= 1.4524E-04 ERR= -0.0% DM/M= 0.0000E+00
 ELAPSED TIME=          6.39 s  REMAINING TIME=        196.68 s
 NC=    2700 T= 3.9216E-01 DT= 1.4524E-04 ERR= -0.0% DM/M= 0.0000E+00
 ELAPSED TIME=          6.63 s  REMAINING TIME=        196.39 s
 NC=    2800 T= 4.0669E-01 DT= 1.4524E-04 ERR= -0.0% DM/M= 0.0000E+00
 ELAPSED TIME=          6.88 s  REMAINING TIME=        196.10 s
 NC=    2900 T= 4.2121E-01 DT= 1.4524E-04 ERR= -0.0% DM/M= 0.0000E+00
 ELAPSED TIME=          7.12 s  REMAINING TIME=        195.81 s
 NC=    3000 T= 4.3573E-01 DT= 1.4524E-04 ERR= -0.0% DM/M= 0.0000E+00
 ELAPSED TIME=          7.37 s  REMAINING TIME=        195.52 s
 NC=    3100 T= 4.5026E-01 DT= 1.4524E-04 ERR= -0.0% DM/M= 0.0000E+00
 ELAPSED TIME=          7.61 s  REMAINING TIME=        195.25 s
 NC=    3200 T= 4.6478E-01 DT= 1.4524E-04 ERR= -0.0% DM/M= 0.0000E+00
 ELAPSED TIME=          7.86 s  REMAINING TIME=        194.96 s
 NC=    3300 T= 4.7931E-01 DT= 1.4524E-04 ERR= -0.0% DM/M= 0.0000E+00
 ELAPSED TIME=          8.10 s  REMAINING TIME=        194.67 s
 NC=    3400 T= 4.9383E-01 DT= 1.4524E-04 ERR= -0.0% DM/M= 0.0000E+00
 ELAPSED TIME=          8.34 s  REMAINING TIME=        194.39 s
 NC=    3500 T= 5.0836E-01 DT= 1.4524E-04 ERR= -0.0% DM/M= 0.0000E+00
 ELAPSED TIME=          8.59 s  REMAINING TIME=        194.12 s
 NC=    3600 T= 5.2288E-01 DT= 1.4524E-04 ERR= -0.0% DM/M= 0.0000E+00
 ELAPSED TIME=          8.83 s  REMAINING TIME=        193.85 s
 NC=    3700 T= 5.3741E-01 DT= 1.4524E-04 ERR= -0.0% DM/M= 0.0000E+00
 ELAPSED TIME=          9.08 s  REMAINING TIME=        193.58 s
 NC=    3800 T= 5.5193E-01 DT= 1.4524E-04 ERR= -0.0% DM/M= 0.0000E+00
 ELAPSED TIME=          9.32 s  REMAINING TIME=        193.30 s
 NC=    3900 T= 5.6645E-01 DT= 1.4524E-04 ERR= -0.0% DM/M= 0.0000E+00
 ELAPSED TIME=          9.56 s  REMAINING TIME=        193.04 s
 NC=    4000 T= 5.8098E-01 DT= 1.4524E-04 ERR= -0.0% DM/M= 0.0000E+00
 ELAPSED TIME=          9.81 s  REMAINING TIME=        192.78 s
 NC=    4100 T= 5.9550E-01 DT= 1.4524E-04 ERR= -0.0% DM/M= 0.0000E+00
 ELAPSED TIME=         10.05 s  REMAINING TIME=        192.51 s
 NC=    4200 T= 6.1003E-01 DT= 1.4524E-04 ERR= -0.0% DM/M= 0.0000E+00
 ELAPSED TIME=         10.30 s  REMAINING TIME=        192.24 s
 NC=    4300 T= 6.2455E-01 DT= 1.4524E-04 ERR= -0.0% DM/M= 0.0000E+00
 ELAPSED TIME=         10.54 s  REMAINING TIME=        191.99 s
 NC=    4400 T= 6.3908E-01 DT= 1.4524E-04 ERR= -0.0% DM/M= 0.0000E+00
 ELAPSED TIME=         10.78 s  REMAINING TIME=        191.72 s
 NC=    4500 T= 6.5360E-01 DT= 1.4524E-04 ERR= -0.0% DM/M= 0.0000E+00
 ELAPSED TIME=         11.03 s  REMAINING TIME=        191.46 s
 NC=    4600 T= 6.6813E-01 DT= 1.4524E-04 ERR= -0.0% DM/M= 0.0000E+00
 ELAPSED TIME=         11.27 s  REMAINING TIME=        191.19 s
 NC=    4700 T= 6.8265E-01 DT= 1.4524E-04 ERR= -0.0% DM/M= 0.0000E+00
 ELAPSED TIME=         11.52 s  REMAINING TIME=        190.94 s
 NC=    4800 T= 6.9717E-01 DT= 1.4524E-04 ERR= -0.0% DM/M= 0.0000E+00
 ELAPSED TIME=         11.76 s  REMAINING TIME=        190.68 s
 NC=    4900 T= 7.1170E-01 DT= 1.4524E-04 ERR= -0.0% DM/M= 0.0000E+00
 ELAPSED TIME=         12.01 s  REMAINING TIME=        190.42 s
 NC=    5000 T= 7.2622E-01 DT= 1.4524E-04 ERR= -0.0% DM/M= 0.0000E+00
 ELAPSED TIME=         12.25 s  REMAINING TIME=        190.17 s
 NC=    5100 T= 7.4075E-01 DT= 1.4524E-04 ERR= -0.0% DM/M= 0.0000E+00
 ELAPSED TIME=         12.49 s  REMAINING TIME=        189.92 s
 NC=    5200 T= 7.5527E-01 DT= 1.4524E-04 ERR= -0.0% DM/M= 0.0000E+00
 ELAPSED TIME=         12.74 s  REMAINING TIME=        189.66 s
 NC=    5300 T= 7.6980E-01 DT= 1.4524E-04 ERR= -0.0% DM/M= 0.0000E+00
 ELAPSED TIME=         12.99 s  REMAINING TIME=        189.45 s
 NC=    5400 T= 7.8432E-01 DT= 1.4524E-04 ERR= -0.0% DM/M= 0.0000E+00
 ELAPSED TIME=         13.23 s  REMAINING TIME=        189.19 s
 NC=    5500 T= 7.9885E-01 DT= 1.4524E-04 ERR= -0.0% DM/M= 0.0000E+00
 ELAPSED TIME=         13.47 s  REMAINING TIME=        188.94 s
 NC=    5600 T= 8.1337E-01 DT= 1.4524E-04 ERR= -0.0% DM/M= 0.0000E+00
 ELAPSED TIME=         13.72 s  REMAINING TIME=        188.68 s
 NC=    5700 T= 8.2790E-01 DT= 1.4524E-04 ERR= -0.0% DM/M= 0.0000E+00
 ELAPSED TIME=         13.96 s  REMAINING TIME=        188.42 s
 NC=    5800 T= 8.4242E-01 DT= 1.4524E-04 ERR= -0.0% DM/M= 0.0000E+00
 ELAPSED TIME=         14.21 s  REMAINING TIME=        188.16 s
 NC=    5900 T= 8.5694E-01 DT= 1.4524E-04 ERR= -0.0% DM/M= 0.0000E+00
 ELAPSED TIME=         14.45 s  REMAINING TIME=        187.92 s
 NC=    6000 T= 8.7147E-01 DT= 1.4524E-04 ERR= -0.0% DM/M= 0.0000E+00
 ELAPSED TIME=         14.70 s  REMAINING TIME=        187.66 s
 NC=    6100 T= 8.8599E-01 DT= 1.4524E-04 ERR= -0.0% DM/M= 0.0000E+00
 ELAPSED TIME=         14.94 s  REMAINING TIME=        187.40 s
 NC=    6200 T= 9.0052E-01 DT= 1.4524E-04 ERR= -0.0% DM/M= 0.0000E+00
 ELAPSED TIME=         15.18 s  REMAINING TIME=        187.15 s
 NC=    6300 T= 9.1504E-01 DT= 1.4524E-04 ERR= -0.0% DM/M= 0.0000E+00
 ELAPSED TIME=         15.43 s  REMAINING TIME=        186.91 s
 NC=    6400 T= 9.2957E-01 DT= 1.4524E-04 ERR= -0.0% DM/M= 0.0000E+00
 ELAPSED TIME=         15.67 s  REMAINING TIME=        186.65 s
 NC=    6500 T= 9.4409E-01 DT= 1.4524E-04 ERR= -0.0% DM/M= 0.0000E+00
 ELAPSED TIME=         15.92 s  REMAINING TIME=        186.39 s
 NC=    6600 T= 9.5862E-01 DT= 1.4524E-04 ERR= -0.0% DM/M= 0.0000E+00
 ELAPSED TIME=         16.16 s  REMAINING TIME=        186.14 s
 NC=    6700 T= 9.7314E-01 DT= 1.4524E-04 ERR= -0.0% DM/M= 0.0000E+00
 ELAPSED TIME=         16.40 s  REMAINING TIME=        185.88 s
 NC=    6800 T= 9.8766E-01 DT= 1.4524E-04 ERR= -0.0% DM/M= 0.0000E+00
 ELAPSED TIME=         16.65 s  REMAINING TIME=        185.64 s
 NC=    6900 T= 1.0022E+00 DT= 1.4524E-04 ERR= -0.0% DM/M= 0.0000E+00
 ELAPSED TIME=         16.89 s  REMAINING TIME=        185.38 s
 NC=    7000 T= 1.0167E+00 DT= 1.4524E-04 ERR= -0.0% DM/M= 0.0000E+00
 ELAPSED TIME=         17.14 s  REMAINING TIME=        185.13 s
 NC=    7100 T= 1.0312E+00 DT= 1.4524E-04 ERR= -0.0% DM/M= 0.0000E+00
 ELAPSED TIME=         17.38 s  REMAINING TIME=        184.87 s
 NC=    7200 T= 1.0458E+00 DT= 1.4524E-04 ERR= -0.0% DM/M= 0.0000E+00
 ELAPSED TIME=         17.63 s  REMAINING TIME=        184.63 s
 NC=    7300 T= 1.0603E+00 DT= 1.4524E-04 ERR= -0.0% DM/M= 0.0000E+00
 ELAPSED TIME=         17.87 s  REMAINING TIME=        184.37 s
 NC=    7400 T= 1.0748E+00 DT= 1.4524E-04 ERR= -0.0% DM/M= 0.0000E+00
 ELAPSED TIME=         18.11 s  REMAINING TIME=        184.12 s
 NC=    7500 T= 1.0893E+00 DT= 1.4524E-04 ERR= -0.0% DM/M= 0.0000E+00
 ELAPSED TIME=         18.36 s  REMAINING TIME=        183.86 s
 NC=    7600 T= 1.1039E+00 DT= 1.4524E-04 ERR= -0.0% DM/M= 0.0000E+00
 ELAPSED TIME=         18.60 s  REMAINING TIME=        183.62 s
 NC=    7700 T= 1.1184E+00 DT= 1.4524E-04 ERR= -0.0% DM/M= 0.0000E+00
 ELAPSED TIME=         18.85 s  REMAINING TIME=        183.36 s
 NC=    7800 T= 1.1329E+00 DT= 1.4524E-04 ERR= -0.0% DM/M= 0.0000E+00
 ELAPSED TIME=         19.09 s  REMAINING TIME=        183.11 s
 NC=    7900 T= 1.1474E+00 DT= 1.4524E-04 ERR= -0.0% DM/M= 0.0000E+00
 ELAPSED TIME=         19.33 s  REMAINING TIME=        182.86 s
 NC=    8000 T= 1.1620E+00 DT= 1.4524E-04 ERR= -0.0% DM/M= 0.0000E+00
 ELAPSED TIME=         19.58 s  REMAINING TIME=        182.62 s
 NC=    8100 T= 1.1765E+00 DT= 1.4524E-04 ERR= -0.0% DM/M= 0.0000E+00
 ELAPSED TIME=         19.82 s  REMAINING TIME=        182.36 s
 NC=    8200 T= 1.1910E+00 DT= 1.4524E-04 ERR= -0.0% DM/M= 0.0000E+00
 ELAPSED TIME=         20.07 s  REMAINING TIME=        182.12 s
 NC=    8300 T= 1.2055E+00 DT= 1.4524E-04 ERR= -0.0% DM/M= 0.0000E+00
 ELAPSED TIME=         20.31 s  REMAINING TIME=        181.87 s
 NC=    8400 T= 1.2201E+00 DT= 1.4524E-04 ERR= -0.0% DM/M= 0.0000E+00
 ELAPSED TIME=         20.56 s  REMAINING TIME=        181.62 s
 NC=    8500 T= 1.2346E+00 DT= 1.4524E-04 ERR= -0.0% DM/M= 0.0000E+00
 ELAPSED TIME=         20.80 s  REMAINING TIME=        181.38 s
 NC=    8600 T= 1.2491E+00 DT= 1.4524E-04 ERR= -0.0% DM/M= 0.0000E+00
 ELAPSED TIME=         21.04 s  REMAINING TIME=        181.13 s
 NC=    8700 T= 1.2636E+00 DT= 1.4524E-04 ERR= -0.0% DM/M= 0.0000E+00
 ELAPSED TIME=         21.29 s  REMAINING TIME=        180.88 s
 NC=    8800 T= 1.2782E+00 DT= 1.4524E-04 ERR= -0.0% DM/M= 0.0000E+00
 ELAPSED TIME=         21.53 s  REMAINING TIME=        180.63 s
 NC=    8900 T= 1.2927E+00 DT= 1.4524E-04 ERR= -0.0% DM/M= 0.0000E+00
 ELAPSED TIME=         21.78 s  REMAINING TIME=        180.38 s
 NC=    9000 T= 1.3072E+00 DT= 1.4524E-04 ERR= -0.0% DM/M= 0.0000E+00
 ELAPSED TIME=         22.02 s  REMAINING TIME=        180.12 s
 NC=    9100 T= 1.3217E+00 DT= 1.4524E-04 ERR= -0.0% DM/M= 0.0000E+00
 ELAPSED TIME=         22.26 s  REMAINING TIME=        179.88 s
 NC=    9200 T= 1.3363E+00 DT= 1.4524E-04 ERR= -0.0% DM/M= 0.0000E+00
 ELAPSED TIME=         22.51 s  REMAINING TIME=        179.63 s
 NC=    9300 T= 1.3508E+00 DT= 1.4524E-04 ERR= -0.0% DM/M= 0.0000E+00
 ELAPSED TIME=         22.75 s  REMAINING TIME=        179.38 s
 NC=    9400 T= 1.3653E+00 DT= 1.4524E-04 ERR= -0.0% DM/M= 0.0000E+00
 ELAPSED TIME=         23.00 s  REMAINING TIME=        179.13 s
 NC=    9500 T= 1.3798E+00 DT= 1.4524E-04 ERR= -0.0% DM/M= 0.0000E+00
 ELAPSED TIME=         23.24 s  REMAINING TIME=        178.89 s
 NC=    9600 T= 1.3943E+00 DT= 1.4524E-04 ERR= -0.0% DM/M= 0.0000E+00
 ELAPSED TIME=         23.49 s  REMAINING TIME=        178.64 s
 NC=    9700 T= 1.4089E+00 DT= 1.4524E-04 ERR= -0.0% DM/M= 0.0000E+00
 ELAPSED TIME=         23.73 s  REMAINING TIME=        178.39 s
 NC=    9800 T= 1.4234E+00 DT= 1.4524E-04 ERR= -0.0% DM/M= 0.0000E+00
 ELAPSED TIME=         23.97 s  REMAINING TIME=        178.14 s
 NC=    9900 T= 1.4379E+00 DT= 1.4524E-04 ERR= -0.0% DM/M= 0.0000E+00
 ELAPSED TIME=         24.22 s  REMAINING TIME=        177.90 s
 NC=   10000 T= 1.4524E+00 DT= 1.4524E-04 ERR= -0.0% DM/M= 0.0000E+00
 ELAPSED TIME=         24.46 s  REMAINING TIME=        177.65 s
 NC=   10100 T= 1.4670E+00 DT= 1.4524E-04 ERR= -0.0% DM/M= 0.0000E+00
 ELAPSED TIME=         24.71 s  REMAINING TIME=        177.40 s
 NC=   10200 T= 1.4815E+00 DT= 1.4524E-04 ERR= -0.0% DM/M= 0.0000E+00
 ELAPSED TIME=         24.95 s  REMAINING TIME=        177.15 s
 NC=   10300 T= 1.4960E+00 DT= 1.4524E-04 ERR= -0.0% DM/M= 0.0000E+00
 ELAPSED TIME=         25.20 s  REMAINING TIME=        176.90 s
 NC=   10400 T= 1.5105E+00 DT= 1.4524E-04 ERR= -0.0% DM/M= 0.0000E+00
 ELAPSED TIME=         25.44 s  REMAINING TIME=        176.66 s
 NC=   10500 T= 1.5251E+00 DT= 1.4524E-04 ERR= -0.0% DM/M= 0.0000E+00
 ELAPSED TIME=         25.68 s  REMAINING TIME=        176.41 s
 NC=   10600 T= 1.5396E+00 DT= 1.4524E-04 ERR= -0.0% DM/M= 0.0000E+00
 ELAPSED TIME=         25.93 s  REMAINING TIME=        176.18 s
 NC=   10700 T= 1.5541E+00 DT= 1.4524E-04 ERR= -0.0% DM/M= 0.0000E+00
 ELAPSED TIME=         26.18 s  REMAINING TIME=        175.94 s
 NC=   10800 T= 1.5686E+00 DT= 1.4524E-04 ERR= -0.0% DM/M= 0.0000E+00
 ELAPSED TIME=         26.42 s  REMAINING TIME=        175.69 s
 NC=   10900 T= 1.5832E+00 DT= 1.4524E-04 ERR= -0.0% DM/M= 0.0000E+00
 ELAPSED TIME=         26.66 s  REMAINING TIME=        175.45 s
 NC=   11000 T= 1.5977E+00 DT= 1.4524E-04 ERR= -0.0% DM/M= 0.0000E+00
 ELAPSED TIME=         26.91 s  REMAINING TIME=        175.21 s
 NC=   11100 T= 1.6122E+00 DT= 1.4524E-04 ERR= -0.0% DM/M= 0.0000E+00
 ELAPSED TIME=         27.16 s  REMAINING TIME=        174.98 s
 NC=   11200 T= 1.6267E+00 DT= 1.4524E-04 ERR= -0.0% DM/M= 0.0000E+00
 ELAPSED TIME=         27.40 s  REMAINING TIME=        174.74 s
 NC=   11300 T= 1.6413E+00 DT= 1.4524E-04 ERR= -0.0% DM/M= 0.0000E+00
 ELAPSED TIME=         27.65 s  REMAINING TIME=        174.50 s
 NC=   11400 T= 1.6558E+00 DT= 1.4524E-04 ERR= -0.0% DM/M= 0.0000E+00
 ELAPSED TIME=         27.89 s  REMAINING TIME=        174.26 s
 NC=   11500 T= 1.6703E+00 DT= 1.4524E-04 ERR= -0.0% DM/M= 0.0000E+00
 ELAPSED TIME=         28.14 s  REMAINING TIME=        174.03 s
 NC=   11600 T= 1.6848E+00 DT= 1.4524E-04 ERR= -0.0% DM/M= 0.0000E+00
 ELAPSED TIME=         28.39 s  REMAINING TIME=        173.79 s
 NC=   11700 T= 1.6994E+00 DT= 1.4524E-04 ERR= -0.0% DM/M= 0.0000E+00
 ELAPSED TIME=         28.63 s  REMAINING TIME=        173.56 s
 NC=   11800 T= 1.7139E+00 DT= 1.4524E-04 ERR= -0.0% DM/M= 0.0000E+00
 ELAPSED TIME=         28.88 s  REMAINING TIME=        173.31 s
 NC=   11900 T= 1.7284E+00 DT= 1.4524E-04 ERR= -0.0% DM/M= 0.0000E+00
 ELAPSED TIME=         29.12 s  REMAINING TIME=        173.06 s
 NC=   12000 T= 1.7429E+00 DT= 1.4524E-04 ERR= -0.0% DM/M= 0.0000E+00
 ELAPSED TIME=         29.37 s  REMAINING TIME=        172.82 s
 NC=   12100 T= 1.7575E+00 DT= 1.4524E-04 ERR= -0.0% DM/M= 0.0000E+00
 ELAPSED TIME=         29.61 s  REMAINING TIME=        172.58 s
 NC=   12200 T= 1.7720E+00 DT= 1.4524E-04 ERR= -0.0% DM/M= 0.0000E+00
 ELAPSED TIME=         29.86 s  REMAINING TIME=        172.33 s
 NC=   12300 T= 1.7865E+00 DT= 1.4524E-04 ERR= -0.0% DM/M= 0.0000E+00
 ELAPSED TIME=         30.10 s  REMAINING TIME=        172.08 s
 NC=   12400 T= 1.8010E+00 DT= 1.4524E-04 ERR= -0.0% DM/M= 0.0000E+00
 ELAPSED TIME=         30.34 s  REMAINING TIME=        171.83 s
 NC=   12500 T= 1.8156E+00 DT= 1.4524E-04 ERR= -0.0% DM/M= 0.0000E+00
 ELAPSED TIME=         30.61 s  REMAINING TIME=        171.69 s
 NC=   12600 T= 1.8301E+00 DT= 1.4524E-04 ERR= -0.0% DM/M= 0.0000E+00
 ELAPSED TIME=         31.03 s  REMAINING TIME=        172.44 s
 NC=   12700 T= 1.8446E+00 DT= 1.4524E-04 ERR= -0.0% DM/M= 0.0000E+00
 ELAPSED TIME=         31.37 s  REMAINING TIME=        172.71 s
 NC=   12800 T= 1.8591E+00 DT= 1.4524E-04 ERR= -0.0% DM/M= 0.0000E+00
 ELAPSED TIME=         31.65 s  REMAINING TIME=        172.65 s
 NC=   12900 T= 1.8737E+00 DT= 1.4524E-04 ERR= -0.0% DM/M= 0.0000E+00
 ELAPSED TIME=         31.90 s  REMAINING TIME=        172.41 s
 NC=   13000 T= 1.8882E+00 DT= 1.4524E-04 ERR= -0.0% DM/M= 0.0000E+00
 ELAPSED TIME=         32.15 s  REMAINING TIME=        172.15 s
 NC=   13100 T= 1.9027E+00 DT= 1.4524E-04 ERR= -0.0% DM/M= 0.0000E+00
 ELAPSED TIME=         32.39 s  REMAINING TIME=        171.89 s
 NC=   13200 T= 1.9172E+00 DT= 1.4524E-04 ERR= -0.0% DM/M= 0.0000E+00
 ELAPSED TIME=         32.64 s  REMAINING TIME=        171.64 s
 NC=   13300 T= 1.9318E+00 DT= 1.4524E-04 ERR= -0.0% DM/M= 0.0000E+00
 ELAPSED TIME=         32.88 s  REMAINING TIME=        171.38 s
 NC=   13400 T= 1.9463E+00 DT= 1.4524E-04 ERR= -0.0% DM/M= 0.0000E+00
 ELAPSED TIME=         33.13 s  REMAINING TIME=        171.12 s
 NC=   13500 T= 1.9608E+00 DT= 1.4524E-04 ERR= -0.0% DM/M= 0.0000E+00
 ELAPSED TIME=         33.37 s  REMAINING TIME=        170.87 s
 NC=   13600 T= 1.9753E+00 DT= 1.4524E-04 ERR= -0.0% DM/M= 0.0000E+00
 ELAPSED TIME=         33.62 s  REMAINING TIME=        170.63 s
 NC=   13700 T= 1.9899E+00 DT= 1.4524E-04 ERR= -0.0% DM/M= 0.0000E+00
 ELAPSED TIME=         33.87 s  REMAINING TIME=        170.38 s
 NC=   13800 T= 2.0044E+00 DT= 1.4524E-04 ERR= -0.0% DM/M= 0.0000E+00
 ELAPSED TIME=         34.12 s  REMAINING TIME=        170.13 s
 NC=   13900 T= 2.0189E+00 DT= 1.4524E-04 ERR= -0.0% DM/M= 0.0000E+00
 ELAPSED TIME=         34.36 s  REMAINING TIME=        169.87 s
 NC=   14000 T= 2.0334E+00 DT= 1.4524E-04 ERR= -0.0% DM/M= 0.0000E+00
 ELAPSED TIME=         34.61 s  REMAINING TIME=        169.62 s
 NC=   14100 T= 2.0480E+00 DT= 1.4524E-04 ERR= -0.0% DM/M= 0.0000E+00
 ELAPSED TIME=         34.85 s  REMAINING TIME=        169.36 s
 NC=   14200 T= 2.0625E+00 DT= 1.4524E-04 ERR= -0.0% DM/M= 0.0000E+00
 ELAPSED TIME=         35.09 s  REMAINING TIME=        169.10 s
 NC=   14300 T= 2.0770E+00 DT= 1.4524E-04 ERR= -0.0% DM/M= 0.0000E+00
 ELAPSED TIME=         35.34 s  REMAINING TIME=        168.83 s
 NC=   14400 T= 2.0915E+00 DT= 1.4524E-04 ERR= -0.0% DM/M= 0.0000E+00
 ELAPSED TIME=         35.58 s  REMAINING TIME=        168.58 s
 NC=   14500 T= 2.1060E+00 DT= 1.4524E-04 ERR= -0.0% DM/M= 0.0000E+00
 ELAPSED TIME=         35.83 s  REMAINING TIME=        168.31 s
 NC=   14600 T= 2.1206E+00 DT= 1.4524E-04 ERR= -0.0% DM/M= 0.0000E+00
 ELAPSED TIME=         36.07 s  REMAINING TIME=        168.05 s
 NC=   14700 T= 2.1351E+00 DT= 1.4524E-04 ERR= -0.0% DM/M= 0.0000E+00
 ELAPSED TIME=         36.32 s  REMAINING TIME=        167.79 s
 NC=   14800 T= 2.1496E+00 DT= 1.4524E-04 ERR= -0.0% DM/M= 0.0000E+00
 ELAPSED TIME=         36.56 s  REMAINING TIME=        167.54 s
 NC=   14900 T= 2.1641E+00 DT= 1.4524E-04 ERR= -0.0% DM/M= 0.0000E+00
 ELAPSED TIME=         36.81 s  REMAINING TIME=        167.28 s
 NC=   15000 T= 2.1787E+00 DT= 1.4524E-04 ERR= -0.0% DM/M= 0.0000E+00
 ELAPSED TIME=         37.05 s  REMAINING TIME=        167.02 s
 NC=   15100 T= 2.1932E+00 DT= 1.4524E-04 ERR= -0.0% DM/M= 0.0000E+00
 ELAPSED TIME=         37.29 s  REMAINING TIME=        166.76 s
 NC=   15200 T= 2.2077E+00 DT= 1.4524E-04 ERR= -0.0% DM/M= 0.0000E+00
 ELAPSED TIME=         37.54 s  REMAINING TIME=        166.51 s
 NC=   15300 T= 2.2222E+00 DT= 1.4524E-04 ERR= -0.0% DM/M= 0.0000E+00
 ELAPSED TIME=         37.79 s  REMAINING TIME=        166.26 s
 NC=   15400 T= 2.2368E+00 DT= 1.4524E-04 ERR= -0.0% DM/M= 0.0000E+00
 ELAPSED TIME=         38.03 s  REMAINING TIME=        166.01 s
 NC=   15500 T= 2.2513E+00 DT= 1.4524E-04 ERR= -0.0% DM/M= 0.0000E+00
 ELAPSED TIME=         38.28 s  REMAINING TIME=        165.75 s
 NC=   15600 T= 2.2658E+00 DT= 1.4524E-04 ERR= -0.0% DM/M= 0.0000E+00
 ELAPSED TIME=         38.52 s  REMAINING TIME=        165.49 s
 NC=   15700 T= 2.2803E+00 DT= 1.4524E-04 ERR= -0.0% DM/M= 0.0000E+00
 ELAPSED TIME=         38.77 s  REMAINING TIME=        165.25 s
 NC=   15800 T= 2.2949E+00 DT= 1.4524E-04 ERR= -0.0% DM/M= 0.0000E+00
 ELAPSED TIME=         39.01 s  REMAINING TIME=        164.99 s
 NC=   15900 T= 2.3094E+00 DT= 1.4524E-04 ERR= -0.0% DM/M= 0.0000E+00
 ELAPSED TIME=         39.26 s  REMAINING TIME=        164.76 s
 NC=   16000 T= 2.3239E+00 DT= 1.4524E-04 ERR= -0.0% DM/M= 0.0000E+00
 ELAPSED TIME=         39.51 s  REMAINING TIME=        164.50 s
 NC=   16100 T= 2.3384E+00 DT= 1.4524E-04 ERR= -0.0% DM/M= 0.0000E+00
 ELAPSED TIME=         39.75 s  REMAINING TIME=        164.24 s
 NC=   16200 T= 2.3530E+00 DT= 1.4524E-04 ERR= -0.0% DM/M= 0.0000E+00
 ELAPSED TIME=         40.00 s  REMAINING TIME=        163.99 s
 NC=   16300 T= 2.3675E+00 DT= 1.4524E-04 ERR= -0.0% DM/M= 0.0000E+00
 ELAPSED TIME=         40.24 s  REMAINING TIME=        163.74 s
 NC=   16400 T= 2.3820E+00 DT= 1.4524E-04 ERR= -0.0% DM/M= 0.0000E+00
 ELAPSED TIME=         40.49 s  REMAINING TIME=        163.50 s
 NC=   16500 T= 2.3965E+00 DT= 1.4524E-04 ERR= -0.0% DM/M= 0.0000E+00
 ELAPSED TIME=         40.74 s  REMAINING TIME=        163.24 s
 NC=   16600 T= 2.4111E+00 DT= 1.4524E-04 ERR= -0.0% DM/M= 0.0000E+00
 ELAPSED TIME=         40.98 s  REMAINING TIME=        163.00 s
 NC=   16700 T= 2.4256E+00 DT= 1.4524E-04 ERR= -0.0% DM/M= 0.0000E+00
 ELAPSED TIME=         41.23 s  REMAINING TIME=        162.75 s
 NC=   16800 T= 2.4401E+00 DT= 1.4524E-04 ERR= -0.0% DM/M= 0.0000E+00
 ELAPSED TIME=         41.48 s  REMAINING TIME=        162.50 s
 NC=   16900 T= 2.4546E+00 DT= 1.4524E-04 ERR= -0.0% DM/M= 0.0000E+00
 ELAPSED TIME=         41.72 s  REMAINING TIME=        162.24 s
 NC=   17000 T= 2.4692E+00 DT= 1.4524E-04 ERR= -0.0% DM/M= 0.0000E+00
 ELAPSED TIME=         41.97 s  REMAINING TIME=        161.98 s
 NC=   17100 T= 2.4837E+00 DT= 1.4524E-04 ERR= -0.0% DM/M= 0.0000E+00
 ELAPSED TIME=         42.21 s  REMAINING TIME=        161.73 s
 NC=   17200 T= 2.4982E+00 DT= 1.4524E-04 ERR= -0.0% DM/M= 0.0000E+00
 ELAPSED TIME=         42.45 s  REMAINING TIME=        161.47 s
 NC=   17300 T= 2.5127E+00 DT= 1.4524E-04 ERR= -0.0% DM/M= 0.0000E+00
 ELAPSED TIME=         42.70 s  REMAINING TIME=        161.22 s
 NC=   17400 T= 2.5273E+00 DT= 1.4524E-04 ERR= -0.0% DM/M= 0.0000E+00
 ELAPSED TIME=         42.94 s  REMAINING TIME=        160.96 s
 NC=   17500 T= 2.5418E+00 DT= 1.4524E-04 ERR= -0.0% DM/M= 0.0000E+00
 ELAPSED TIME=         43.19 s  REMAINING TIME=        160.70 s
 NC=   17600 T= 2.5563E+00 DT= 1.4524E-04 ERR= -0.0% DM/M= 0.0000E+00
 ELAPSED TIME=         43.43 s  REMAINING TIME=        160.45 s
 NC=   17700 T= 2.5708E+00 DT= 1.4524E-04 ERR= -0.0% DM/M= 0.0000E+00
 ELAPSED TIME=         43.68 s  REMAINING TIME=        160.19 s
 NC=   17800 T= 2.5854E+00 DT= 1.4524E-04 ERR= -0.0% DM/M= 0.0000E+00
 ELAPSED TIME=         43.92 s  REMAINING TIME=        159.95 s
 NC=   17900 T= 2.5999E+00 DT= 1.4524E-04 ERR= -0.0% DM/M= 0.0000E+00
 ELAPSED TIME=         44.17 s  REMAINING TIME=        159.69 s
 NC=   18000 T= 2.6144E+00 DT= 1.4524E-04 ERR= -0.0% DM/M= 0.0000E+00
 ELAPSED TIME=         44.41 s  REMAINING TIME=        159.44 s
 NC=   18100 T= 2.6289E+00 DT= 1.4524E-04 ERR= -0.0% DM/M= 0.0000E+00
 ELAPSED TIME=         44.66 s  REMAINING TIME=        159.18 s
 NC=   18200 T= 2.6435E+00 DT= 1.4524E-04 ERR= -0.0% DM/M= 0.0000E+00
 ELAPSED TIME=         44.90 s  REMAINING TIME=        158.93 s
 NC=   18300 T= 2.6580E+00 DT= 1.4524E-04 ERR= -0.0% DM/M= 0.0000E+00
 ELAPSED TIME=         45.14 s  REMAINING TIME=        158.67 s
 NC=   18400 T= 2.6725E+00 DT= 1.4524E-04 ERR= -0.0% DM/M= 0.0000E+00
 ELAPSED TIME=         45.39 s  REMAINING TIME=        158.42 s
 NC=   18500 T= 2.6870E+00 DT= 1.4524E-04 ERR= -0.0% DM/M= 0.0000E+00
 ELAPSED TIME=         45.63 s  REMAINING TIME=        158.16 s
 NC=   18600 T= 2.7016E+00 DT= 1.4524E-04 ERR= -0.0% DM/M= 0.0000E+00
 ELAPSED TIME=         45.88 s  REMAINING TIME=        157.91 s
 NC=   18700 T= 2.7161E+00 DT= 1.4524E-04 ERR= -0.0% DM/M= 0.0000E+00
 ELAPSED TIME=         46.12 s  REMAINING TIME=        157.66 s
 NC=   18800 T= 2.7306E+00 DT= 1.4524E-04 ERR= -0.0% DM/M= 0.0000E+00
 ELAPSED TIME=         46.37 s  REMAINING TIME=        157.41 s
 NC=   18900 T= 2.7451E+00 DT= 1.4524E-04 ERR= -0.0% DM/M= 0.0000E+00
 ELAPSED TIME=         46.62 s  REMAINING TIME=        157.16 s
 NC=   19000 T= 2.7596E+00 DT= 1.4524E-04 ERR= -0.0% DM/M= 0.0000E+00
 ELAPSED TIME=         46.86 s  REMAINING TIME=        156.91 s
 NC=   19100 T= 2.7742E+00 DT= 1.4524E-04 ERR= -0.0% DM/M= 0.0000E+00
 ELAPSED TIME=         47.11 s  REMAINING TIME=        156.66 s
 NC=   19200 T= 2.7887E+00 DT= 1.4524E-04 ERR= -0.0% DM/M= 0.0000E+00
 ELAPSED TIME=         47.35 s  REMAINING TIME=        156.40 s
 NC=   19300 T= 2.8032E+00 DT= 1.4524E-04 ERR= -0.0% DM/M= 0.0000E+00
 ELAPSED TIME=         47.59 s  REMAINING TIME=        156.15 s
 NC=   19400 T= 2.8177E+00 DT= 1.4524E-04 ERR= -0.0% DM/M= 0.0000E+00
 ELAPSED TIME=         47.84 s  REMAINING TIME=        155.89 s
 NC=   19500 T= 2.8323E+00 DT= 1.4524E-04 ERR= -0.0% DM/M= 0.0000E+00
 ELAPSED TIME=         48.09 s  REMAINING TIME=        155.66 s
 NC=   19600 T= 2.8468E+00 DT= 1.4524E-04 ERR= -0.0% DM/M= 0.0000E+00
 ELAPSED TIME=         48.33 s  REMAINING TIME=        155.40 s
 NC=   19700 T= 2.8613E+00 DT= 1.4524E-04 ERR= -0.0% DM/M= 0.0000E+00
 ELAPSED TIME=         48.58 s  REMAINING TIME=        155.15 s
 NC=   19800 T= 2.8758E+00 DT= 1.4524E-04 ERR= -0.0% DM/M= 0.0000E+00
 ELAPSED TIME=         48.82 s  REMAINING TIME=        154.90 s
 NC=   19900 T= 2.8904E+00 DT= 1.4524E-04 ERR= -0.0% DM/M= 0.0000E+00
 ELAPSED TIME=         49.07 s  REMAINING TIME=        154.65 s
 NC=   20000 T= 2.9049E+00 DT= 1.4524E-04 ERR= -0.0% DM/M= 0.0000E+00
 ELAPSED TIME=         49.31 s  REMAINING TIME=        154.40 s
 NC=   20100 T= 2.9194E+00 DT= 1.4524E-04 ERR= -0.0% DM/M= 0.0000E+00
 ELAPSED TIME=         49.56 s  REMAINING TIME=        154.15 s
 NC=   20200 T= 2.9339E+00 DT= 1.4524E-04 ERR= -0.0% DM/M= 0.0000E+00
 ELAPSED TIME=         49.80 s  REMAINING TIME=        153.90 s
 NC=   20300 T= 2.9485E+00 DT= 1.4524E-04 ERR= -0.0% DM/M= 0.0000E+00
 ELAPSED TIME=         50.05 s  REMAINING TIME=        153.65 s
 NC=   20400 T= 2.9630E+00 DT= 1.4524E-04 ERR= -0.0% DM/M= 0.0000E+00
 ELAPSED TIME=         50.30 s  REMAINING TIME=        153.40 s
 NC=   20500 T= 2.9775E+00 DT= 1.4524E-04 ERR= -0.0% DM/M= 0.0000E+00
 ELAPSED TIME=         50.54 s  REMAINING TIME=        153.15 s
 NC=   20600 T= 2.9920E+00 DT= 1.4524E-04 ERR= -0.0% DM/M= 0.0000E+00
 ELAPSED TIME=         50.79 s  REMAINING TIME=        152.90 s
 NC=   20700 T= 3.0066E+00 DT= 1.4524E-04 ERR= -0.0% DM/M= 0.0000E+00
 ELAPSED TIME=         51.03 s  REMAINING TIME=        152.65 s
 NC=   20800 T= 3.0211E+00 DT= 1.4524E-04 ERR= -0.0% DM/M= 0.0000E+00
 ELAPSED TIME=         51.27 s  REMAINING TIME=        152.39 s
 NC=   20900 T= 3.0356E+00 DT= 1.4524E-04 ERR= -0.0% DM/M= 0.0000E+00
 ELAPSED TIME=         51.52 s  REMAINING TIME=        152.14 s
 NC=   21000 T= 3.0501E+00 DT= 1.4524E-04 ERR= -0.0% DM/M= 0.0000E+00
 ELAPSED TIME=         51.76 s  REMAINING TIME=        151.89 s
 NC=   21100 T= 3.0647E+00 DT= 1.4524E-04 ERR= -0.0% DM/M= 0.0000E+00
 ELAPSED TIME=         52.01 s  REMAINING TIME=        151.63 s
 NC=   21200 T= 3.0792E+00 DT= 1.4524E-04 ERR= -0.0% DM/M= 0.0000E+00
 ELAPSED TIME=         52.25 s  REMAINING TIME=        151.38 s
 NC=   21300 T= 3.0937E+00 DT= 1.4524E-04 ERR= -0.0% DM/M= 0.0000E+00
 ELAPSED TIME=         52.50 s  REMAINING TIME=        151.13 s
 NC=   21400 T= 3.1082E+00 DT= 1.4524E-04 ERR= -0.0% DM/M= 0.0000E+00
 ELAPSED TIME=         52.74 s  REMAINING TIME=        150.88 s
 NC=   21500 T= 3.1228E+00 DT= 1.4524E-04 ERR= -0.0% DM/M= 0.0000E+00
 ELAPSED TIME=         52.98 s  REMAINING TIME=        150.62 s
 NC=   21600 T= 3.1373E+00 DT= 1.4524E-04 ERR= -0.0% DM/M= 0.0000E+00
 ELAPSED TIME=         53.23 s  REMAINING TIME=        150.38 s
 NC=   21700 T= 3.1518E+00 DT= 1.4524E-04 ERR= -0.0% DM/M= 0.0000E+00
 ELAPSED TIME=         53.48 s  REMAINING TIME=        150.13 s
 NC=   21800 T= 3.1663E+00 DT= 1.4524E-04 ERR= -0.0% DM/M= 0.0000E+00
 ELAPSED TIME=         53.72 s  REMAINING TIME=        149.88 s
 NC=   21900 T= 3.1809E+00 DT= 1.4524E-04 ERR= -0.0% DM/M= 0.0000E+00
 ELAPSED TIME=         53.97 s  REMAINING TIME=        149.63 s
 NC=   22000 T= 3.1954E+00 DT= 1.4524E-04 ERR= -0.0% DM/M= 0.0000E+00
 ELAPSED TIME=         54.21 s  REMAINING TIME=        149.38 s
 NC=   22100 T= 3.2099E+00 DT= 1.4524E-04 ERR= -0.0% DM/M= 0.0000E+00
 ELAPSED TIME=         54.46 s  REMAINING TIME=        149.12 s
 NC=   22200 T= 3.2244E+00 DT= 1.4524E-04 ERR= -0.0% DM/M= 0.0000E+00
 ELAPSED TIME=         54.70 s  REMAINING TIME=        148.87 s
 NC=   22300 T= 3.2390E+00 DT= 1.4524E-04 ERR= -0.0% DM/M= 0.0000E+00
 ELAPSED TIME=         54.94 s  REMAINING TIME=        148.62 s
 NC=   22400 T= 3.2535E+00 DT= 1.4524E-04 ERR= -0.0% DM/M= 0.0000E+00
 ELAPSED TIME=         55.19 s  REMAINING TIME=        148.36 s
 NC=   22500 T= 3.2680E+00 DT= 1.4524E-04 ERR= -0.0% DM/M= 0.0000E+00
 ELAPSED TIME=         55.43 s  REMAINING TIME=        148.11 s
 NC=   22600 T= 3.2825E+00 DT= 1.4524E-04 ERR= -0.0% DM/M= 0.0000E+00
 ELAPSED TIME=         55.68 s  REMAINING TIME=        147.86 s
 NC=   22700 T= 3.2971E+00 DT= 1.4524E-04 ERR= -0.0% DM/M= 0.0000E+00
 ELAPSED TIME=         55.92 s  REMAINING TIME=        147.61 s
 NC=   22800 T= 3.3116E+00 DT= 1.4524E-04 ERR= -0.0% DM/M= 0.0000E+00
 ELAPSED TIME=         56.16 s  REMAINING TIME=        147.36 s
 NC=   22900 T= 3.3261E+00 DT= 1.4524E-04 ERR= -0.0% DM/M= 0.0000E+00
 ELAPSED TIME=         56.41 s  REMAINING TIME=        147.10 s
 NC=   23000 T= 3.3406E+00 DT= 1.4524E-04 ERR= -0.0% DM/M= 0.0000E+00
 ELAPSED TIME=         56.65 s  REMAINING TIME=        146.85 s
 NC=   23100 T= 3.3551E+00 DT= 1.4524E-04 ERR= -0.0% DM/M= 0.0000E+00
 ELAPSED TIME=         56.90 s  REMAINING TIME=        146.60 s
 NC=   23200 T= 3.3697E+00 DT= 1.4524E-04 ERR= -0.0% DM/M= 0.0000E+00
 ELAPSED TIME=         57.14 s  REMAINING TIME=        146.35 s
 NC=   23300 T= 3.3842E+00 DT= 1.4524E-04 ERR= -0.0% DM/M= 0.0000E+00
 ELAPSED TIME=         57.39 s  REMAINING TIME=        146.10 s
 NC=   23400 T= 3.3987E+00 DT= 1.4524E-04 ERR= -0.0% DM/M= 0.0000E+00
 ELAPSED TIME=         57.63 s  REMAINING TIME=        145.85 s
 NC=   23500 T= 3.4132E+00 DT= 1.4524E-04 ERR= -0.0% DM/M= 0.0000E+00
 ELAPSED TIME=         57.88 s  REMAINING TIME=        145.60 s
 NC=   23600 T= 3.4278E+00 DT= 1.4524E-04 ERR= -0.0% DM/M= 0.0000E+00
 ELAPSED TIME=         58.12 s  REMAINING TIME=        145.35 s
 NC=   23700 T= 3.4423E+00 DT= 1.4524E-04 ERR= -0.0% DM/M= 0.0000E+00
 ELAPSED TIME=         58.37 s  REMAINING TIME=        145.10 s
 NC=   23800 T= 3.4568E+00 DT= 1.4524E-04 ERR= -0.0% DM/M= 0.0000E+00
 ELAPSED TIME=         58.61 s  REMAINING TIME=        144.85 s
 NC=   23900 T= 3.4713E+00 DT= 1.4524E-04 ERR= -0.0% DM/M= 0.0000E+00
 ELAPSED TIME=         58.86 s  REMAINING TIME=        144.60 s
 NC=   24000 T= 3.4859E+00 DT= 1.4524E-04 ERR= -0.0% DM/M= 0.0000E+00
 ELAPSED TIME=         59.10 s  REMAINING TIME=        144.35 s
 NC=   24100 T= 3.5004E+00 DT= 1.4524E-04 ERR= -0.0% DM/M= 0.0000E+00
 ELAPSED TIME=         59.34 s  REMAINING TIME=        144.10 s
 NC=   24200 T= 3.5149E+00 DT= 1.4524E-04 ERR= -0.0% DM/M= 0.0000E+00
 ELAPSED TIME=         59.59 s  REMAINING TIME=        143.85 s
 NC=   24300 T= 3.5294E+00 DT= 1.4524E-04 ERR= -0.0% DM/M= 0.0000E+00
 ELAPSED TIME=         59.83 s  REMAINING TIME=        143.60 s
 NC=   24400 T= 3.5440E+00 DT= 1.4524E-04 ERR= -0.0% DM/M= 0.0000E+00
 ELAPSED TIME=         60.08 s  REMAINING TIME=        143.35 s
 NC=   24500 T= 3.5585E+00 DT= 1.4524E-04 ERR= -0.0% DM/M= 0.0000E+00
 ELAPSED TIME=         60.32 s  REMAINING TIME=        143.10 s
 NC=   24600 T= 3.5730E+00 DT= 1.4524E-04 ERR= -0.0% DM/M= 0.0000E+00
 ELAPSED TIME=         60.57 s  REMAINING TIME=        142.85 s
 NC=   24700 T= 3.5875E+00 DT= 1.4524E-04 ERR= -0.0% DM/M= 0.0000E+00
 ELAPSED TIME=         60.81 s  REMAINING TIME=        142.60 s
 NC=   24800 T= 3.6021E+00 DT= 1.4524E-04 ERR= -0.0% DM/M= 0.0000E+00
 ELAPSED TIME=         61.06 s  REMAINING TIME=        142.35 s
 NC=   24900 T= 3.6166E+00 DT= 1.4524E-04 ERR= -0.0% DM/M= 0.0000E+00
 ELAPSED TIME=         61.30 s  REMAINING TIME=        142.10 s
 NC=   25000 T= 3.6311E+00 DT= 1.4524E-04 ERR= -0.0% DM/M= 0.0000E+00
 ELAPSED TIME=         61.55 s  REMAINING TIME=        141.85 s
 NC=   25100 T= 3.6456E+00 DT= 1.4524E-04 ERR= -0.0% DM/M= 0.0000E+00
 ELAPSED TIME=         61.79 s  REMAINING TIME=        141.60 s
 NC=   25200 T= 3.6602E+00 DT= 1.4524E-04 ERR= -0.0% DM/M= 0.0000E+00
 ELAPSED TIME=         62.04 s  REMAINING TIME=        141.36 s
 NC=   25300 T= 3.6747E+00 DT= 1.4524E-04 ERR= -0.0% DM/M= 0.0000E+00
 ELAPSED TIME=         62.28 s  REMAINING TIME=        141.11 s
 NC=   25400 T= 3.6892E+00 DT= 1.4524E-04 ERR= -0.0% DM/M= 0.0000E+00
 ELAPSED TIME=         62.53 s  REMAINING TIME=        140.86 s
 NC=   25500 T= 3.7037E+00 DT= 1.4524E-04 ERR= -0.0% DM/M= 0.0000E+00
 ELAPSED TIME=         62.77 s  REMAINING TIME=        140.61 s
 NC=   25600 T= 3.7183E+00 DT= 1.4524E-04 ERR= -0.0% DM/M= 0.0000E+00
 ELAPSED TIME=         63.01 s  REMAINING TIME=        140.35 s
 NC=   25700 T= 3.7328E+00 DT= 1.4524E-04 ERR= -0.0% DM/M= 0.0000E+00
 ELAPSED TIME=         63.26 s  REMAINING TIME=        140.10 s
 NC=   25800 T= 3.7473E+00 DT= 1.4524E-04 ERR= -0.0% DM/M= 0.0000E+00
 ELAPSED TIME=         63.50 s  REMAINING TIME=        139.85 s
 NC=   25900 T= 3.7618E+00 DT= 1.4524E-04 ERR= -0.0% DM/M= 0.0000E+00
 ELAPSED TIME=         63.75 s  REMAINING TIME=        139.60 s
 NC=   26000 T= 3.7764E+00 DT= 1.4524E-04 ERR= -0.0% DM/M= 0.0000E+00
 ELAPSED TIME=         63.99 s  REMAINING TIME=        139.35 s
 NC=   26100 T= 3.7909E+00 DT= 1.4524E-04 ERR= -0.0% DM/M= 0.0000E+00
 ELAPSED TIME=         64.24 s  REMAINING TIME=        139.10 s
 NC=   26200 T= 3.8054E+00 DT= 1.4524E-04 ERR= -0.0% DM/M= 0.0000E+00
 ELAPSED TIME=         64.48 s  REMAINING TIME=        138.85 s
 NC=   26300 T= 3.8199E+00 DT= 1.4524E-04 ERR= -0.0% DM/M= 0.0000E+00
 ELAPSED TIME=         64.72 s  REMAINING TIME=        138.60 s
 NC=   26400 T= 3.8345E+00 DT= 1.4524E-04 ERR= -0.0% DM/M= 0.0000E+00
 ELAPSED TIME=         64.97 s  REMAINING TIME=        138.35 s
 NC=   26500 T= 3.8490E+00 DT= 1.4524E-04 ERR= -0.0% DM/M= 0.0000E+00
 ELAPSED TIME=         65.21 s  REMAINING TIME=        138.10 s
 NC=   26600 T= 3.8635E+00 DT= 1.4524E-04 ERR= -0.0% DM/M= 0.0000E+00
 ELAPSED TIME=         65.46 s  REMAINING TIME=        137.85 s
 NC=   26700 T= 3.8780E+00 DT= 1.4524E-04 ERR= -0.0% DM/M= 0.0000E+00
 ELAPSED TIME=         65.70 s  REMAINING TIME=        137.60 s
 NC=   26800 T= 3.8926E+00 DT= 1.4524E-04 ERR= -0.0% DM/M= 0.0000E+00
 ELAPSED TIME=         65.95 s  REMAINING TIME=        137.35 s
 NC=   26900 T= 3.9071E+00 DT= 1.4524E-04 ERR= -0.0% DM/M= 0.0000E+00
 ELAPSED TIME=         66.19 s  REMAINING TIME=        137.10 s
 NC=   27000 T= 3.9216E+00 DT= 1.4524E-04 ERR= -0.0% DM/M= 0.0000E+00
 ELAPSED TIME=         66.43 s  REMAINING TIME=        136.85 s
 NC=   27100 T= 3.9361E+00 DT= 1.4524E-04 ERR= -0.0% DM/M= 0.0000E+00
 ELAPSED TIME=         66.68 s  REMAINING TIME=        136.60 s
 NC=   27200 T= 3.9506E+00 DT= 1.4524E-04 ERR= -0.0% DM/M= 0.0000E+00
 ELAPSED TIME=         66.92 s  REMAINING TIME=        136.36 s
 NC=   27300 T= 3.9652E+00 DT= 1.4524E-04 ERR= -0.0% DM/M= 0.0000E+00
 ELAPSED TIME=         67.17 s  REMAINING TIME=        136.10 s
 NC=   27400 T= 3.9797E+00 DT= 1.4524E-04 ERR= -0.0% DM/M= 0.0000E+00
 ELAPSED TIME=         67.41 s  REMAINING TIME=        135.85 s
 NC=   27500 T= 3.9942E+00 DT= 1.4524E-04 ERR= -0.0% DM/M= 0.0000E+00
 ELAPSED TIME=         67.66 s  REMAINING TIME=        135.61 s
 NC=   27600 T= 4.0087E+00 DT= 1.4524E-04 ERR= -0.0% DM/M= 0.0000E+00
 ELAPSED TIME=         67.90 s  REMAINING TIME=        135.36 s
 NC=   27700 T= 4.0233E+00 DT= 1.4524E-04 ERR= -0.0% DM/M= 0.0000E+00
 ELAPSED TIME=         68.15 s  REMAINING TIME=        135.11 s
 NC=   27800 T= 4.0378E+00 DT= 1.4524E-04 ERR= -0.0% DM/M= 0.0000E+00
 ELAPSED TIME=         68.39 s  REMAINING TIME=        134.86 s
 NC=   27900 T= 4.0523E+00 DT= 1.4524E-04 ERR= -0.0% DM/M= 0.0000E+00
 ELAPSED TIME=         68.63 s  REMAINING TIME=        134.61 s
 NC=   28000 T= 4.0668E+00 DT= 1.4524E-04 ERR= -0.0% DM/M= 0.0000E+00
 ELAPSED TIME=         68.88 s  REMAINING TIME=        134.36 s
 NC=   28100 T= 4.0814E+00 DT= 1.4524E-04 ERR= -0.0% DM/M= 0.0000E+00
 ELAPSED TIME=         69.12 s  REMAINING TIME=        134.11 s
 NC=   28200 T= 4.0959E+00 DT= 1.4524E-04 ERR= -0.0% DM/M= 0.0000E+00
 ELAPSED TIME=         69.37 s  REMAINING TIME=        133.86 s
 NC=   28300 T= 4.1104E+00 DT= 1.4524E-04 ERR= -0.0% DM/M= 0.0000E+00
 ELAPSED TIME=         69.61 s  REMAINING TIME=        133.62 s
 NC=   28400 T= 4.1249E+00 DT= 1.4524E-04 ERR= -0.0% DM/M= 0.0000E+00
 ELAPSED TIME=         69.86 s  REMAINING TIME=        133.37 s
 NC=   28500 T= 4.1395E+00 DT= 1.4524E-04 ERR= -0.0% DM/M= 0.0000E+00
 ELAPSED TIME=         70.10 s  REMAINING TIME=        133.12 s
 NC=   28600 T= 4.1540E+00 DT= 1.4524E-04 ERR= -0.0% DM/M= 0.0000E+00
 ELAPSED TIME=         70.35 s  REMAINING TIME=        132.87 s
 NC=   28700 T= 4.1685E+00 DT= 1.4524E-04 ERR= -0.0% DM/M= 0.0000E+00
 ELAPSED TIME=         70.60 s  REMAINING TIME=        132.63 s
 NC=   28800 T= 4.1830E+00 DT= 1.4524E-04 ERR= -0.0% DM/M= 0.0000E+00
 ELAPSED TIME=         70.84 s  REMAINING TIME=        132.38 s
 NC=   28900 T= 4.1976E+00 DT= 1.4524E-04 ERR= -0.0% DM/M= 0.0000E+00
 ELAPSED TIME=         71.08 s  REMAINING TIME=        132.13 s
 NC=   29000 T= 4.2121E+00 DT= 1.4524E-04 ERR= -0.0% DM/M= 0.0000E+00
 ELAPSED TIME=         71.33 s  REMAINING TIME=        131.88 s
 NC=   29100 T= 4.2266E+00 DT= 1.4524E-04 ERR= -0.0% DM/M= 0.0000E+00
 ELAPSED TIME=         71.57 s  REMAINING TIME=        131.63 s
 NC=   29200 T= 4.2411E+00 DT= 1.4524E-04 ERR= -0.0% DM/M= 0.0000E+00
 ELAPSED TIME=         71.82 s  REMAINING TIME=        131.38 s
 NC=   29300 T= 4.2557E+00 DT= 1.4524E-04 ERR= -0.0% DM/M= 0.0000E+00
 ELAPSED TIME=         72.06 s  REMAINING TIME=        131.13 s
 NC=   29400 T= 4.2702E+00 DT= 1.4524E-04 ERR= -0.0% DM/M= 0.0000E+00
 ELAPSED TIME=         72.31 s  REMAINING TIME=        130.89 s
 NC=   29500 T= 4.2847E+00 DT= 1.4524E-04 ERR= -0.0% DM/M= 0.0000E+00
 ELAPSED TIME=         72.55 s  REMAINING TIME=        130.64 s
 NC=   29600 T= 4.2992E+00 DT= 1.4524E-04 ERR= -0.0% DM/M= 0.0000E+00
 ELAPSED TIME=         72.80 s  REMAINING TIME=        130.39 s
 NC=   29700 T= 4.3138E+00 DT= 1.4524E-04 ERR= -0.0% DM/M= 0.0000E+00
 ELAPSED TIME=         73.04 s  REMAINING TIME=        130.14 s
 NC=   29800 T= 4.3283E+00 DT= 1.4524E-04 ERR= -0.0% DM/M= 0.0000E+00
 ELAPSED TIME=         73.28 s  REMAINING TIME=        129.89 s
 NC=   29900 T= 4.3428E+00 DT= 1.4524E-04 ERR= -0.0% DM/M= 0.0000E+00
 ELAPSED TIME=         73.53 s  REMAINING TIME=        129.65 s
 NC=   30000 T= 4.3573E+00 DT= 1.4524E-04 ERR= -0.0% DM/M= 0.0000E+00
 ELAPSED TIME=         73.78 s  REMAINING TIME=        129.41 s
 NC=   30100 T= 4.3719E+00 DT= 1.4524E-04 ERR= -0.0% DM/M= 0.0000E+00
 ELAPSED TIME=         74.02 s  REMAINING TIME=        129.16 s
 NC=   30200 T= 4.3864E+00 DT= 1.4524E-04 ERR= -0.0% DM/M= 0.0000E+00
 ELAPSED TIME=         74.27 s  REMAINING TIME=        128.91 s
 NC=   30300 T= 4.4009E+00 DT= 1.4524E-04 ERR= -0.0% DM/M= 0.0000E+00
 ELAPSED TIME=         74.51 s  REMAINING TIME=        128.66 s
 NC=   30400 T= 4.4154E+00 DT= 1.4524E-04 ERR= -0.0% DM/M= 0.0000E+00
 ELAPSED TIME=         74.76 s  REMAINING TIME=        128.41 s
 NC=   30500 T= 4.4300E+00 DT= 1.4524E-04 ERR= -0.0% DM/M= 0.0000E+00
 ELAPSED TIME=         75.00 s  REMAINING TIME=        128.16 s
 NC=   30600 T= 4.4445E+00 DT= 1.4524E-04 ERR= -0.0% DM/M= 0.0000E+00
 ELAPSED TIME=         75.24 s  REMAINING TIME=        127.91 s
 NC=   30700 T= 4.4590E+00 DT= 1.4524E-04 ERR= -0.0% DM/M= 0.0000E+00
 ELAPSED TIME=         75.49 s  REMAINING TIME=        127.67 s
 NC=   30800 T= 4.4735E+00 DT= 1.4524E-04 ERR= -0.0% DM/M= 0.0000E+00
 ELAPSED TIME=         75.73 s  REMAINING TIME=        127.42 s
 NC=   30900 T= 4.4881E+00 DT= 1.4524E-04 ERR= -0.0% DM/M= 0.0000E+00
 ELAPSED TIME=         75.98 s  REMAINING TIME=        127.17 s
 NC=   31000 T= 4.5026E+00 DT= 1.4524E-04 ERR= -0.0% DM/M= 0.0000E+00
 ELAPSED TIME=         76.22 s  REMAINING TIME=        126.92 s
 NC=   31100 T= 4.5171E+00 DT= 1.4524E-04 ERR= -0.0% DM/M= 0.0000E+00
 ELAPSED TIME=         76.47 s  REMAINING TIME=        126.68 s
 NC=   31200 T= 4.5316E+00 DT= 1.4524E-04 ERR= -0.0% DM/M= 0.0000E+00
 ELAPSED TIME=         76.71 s  REMAINING TIME=        126.43 s
 NC=   31300 T= 4.5461E+00 DT= 1.4524E-04 ERR= -0.0% DM/M= 0.0000E+00
 ELAPSED TIME=         76.96 s  REMAINING TIME=        126.18 s
 NC=   31400 T= 4.5607E+00 DT= 1.4524E-04 ERR= -0.0% DM/M= 0.0000E+00
 ELAPSED TIME=         77.21 s  REMAINING TIME=        125.94 s
 NC=   31500 T= 4.5752E+00 DT= 1.4524E-04 ERR= -0.0% DM/M= 0.0000E+00
 ELAPSED TIME=         77.45 s  REMAINING TIME=        125.69 s
 NC=   31600 T= 4.5897E+00 DT= 1.4524E-04 ERR= -0.0% DM/M= 0.0000E+00
 ELAPSED TIME=         77.70 s  REMAINING TIME=        125.44 s
 NC=   31700 T= 4.6042E+00 DT= 1.4524E-04 ERR= -0.0% DM/M= 0.0000E+00
 ELAPSED TIME=         77.94 s  REMAINING TIME=        125.19 s
 NC=   31800 T= 4.6188E+00 DT= 1.4524E-04 ERR= -0.0% DM/M= 0.0000E+00
 ELAPSED TIME=         78.18 s  REMAINING TIME=        124.95 s
 NC=   31900 T= 4.6333E+00 DT= 1.4524E-04 ERR= -0.0% DM/M= 0.0000E+00
 ELAPSED TIME=         78.43 s  REMAINING TIME=        124.70 s
 NC=   32000 T= 4.6478E+00 DT= 1.4524E-04 ERR= -0.0% DM/M= 0.0000E+00
 ELAPSED TIME=         78.68 s  REMAINING TIME=        124.45 s
 NC=   32100 T= 4.6623E+00 DT= 1.4524E-04 ERR= -0.0% DM/M= 0.0000E+00
 ELAPSED TIME=         78.92 s  REMAINING TIME=        124.21 s
 NC=   32200 T= 4.6769E+00 DT= 1.4524E-04 ERR= -0.0% DM/M= 0.0000E+00
 ELAPSED TIME=         79.17 s  REMAINING TIME=        123.96 s
 NC=   32300 T= 4.6914E+00 DT= 1.4524E-04 ERR= -0.0% DM/M= 0.0000E+00
 ELAPSED TIME=         79.41 s  REMAINING TIME=        123.71 s
 NC=   32400 T= 4.7059E+00 DT= 1.4524E-04 ERR= -0.0% DM/M= 0.0000E+00
 ELAPSED TIME=         79.66 s  REMAINING TIME=        123.47 s
 NC=   32500 T= 4.7204E+00 DT= 1.4524E-04 ERR= -0.0% DM/M= 0.0000E+00
 ELAPSED TIME=         79.90 s  REMAINING TIME=        123.22 s
 NC=   32600 T= 4.7350E+00 DT= 1.4524E-04 ERR= -0.0% DM/M= 0.0000E+00
 ELAPSED TIME=         80.15 s  REMAINING TIME=        122.98 s
 NC=   32700 T= 4.7495E+00 DT= 1.4524E-04 ERR= -0.0% DM/M= 0.0000E+00
 ELAPSED TIME=         80.39 s  REMAINING TIME=        122.73 s
 NC=   32800 T= 4.7640E+00 DT= 1.4524E-04 ERR= -0.0% DM/M= 0.0000E+00
 ELAPSED TIME=         80.64 s  REMAINING TIME=        122.48 s
 NC=   32900 T= 4.7785E+00 DT= 1.4524E-04 ERR= -0.0% DM/M= 0.0000E+00
 ELAPSED TIME=         80.88 s  REMAINING TIME=        122.23 s
 NC=   33000 T= 4.7931E+00 DT= 1.4524E-04 ERR= -0.0% DM/M= 0.0000E+00
 ELAPSED TIME=         81.13 s  REMAINING TIME=        121.99 s
 NC=   33100 T= 4.8076E+00 DT= 1.4524E-04 ERR= -0.0% DM/M= 0.0000E+00
 ELAPSED TIME=         81.37 s  REMAINING TIME=        121.74 s
 NC=   33200 T= 4.8221E+00 DT= 1.4524E-04 ERR= -0.0% DM/M= 0.0000E+00
 ELAPSED TIME=         81.62 s  REMAINING TIME=        121.49 s
 NC=   33300 T= 4.8366E+00 DT= 1.4524E-04 ERR= -0.0% DM/M= 0.0000E+00
 ELAPSED TIME=         81.86 s  REMAINING TIME=        121.24 s
 NC=   33400 T= 4.8512E+00 DT= 1.4524E-04 ERR= -0.0% DM/M= 0.0000E+00
 ELAPSED TIME=         82.11 s  REMAINING TIME=        121.00 s
 NC=   33500 T= 4.8657E+00 DT= 1.4524E-04 ERR= -0.0% DM/M= 0.0000E+00
 ELAPSED TIME=         82.36 s  REMAINING TIME=        120.75 s
 NC=   33600 T= 4.8802E+00 DT= 1.4524E-04 ERR= -0.0% DM/M= 0.0000E+00
 ELAPSED TIME=         82.60 s  REMAINING TIME=        120.51 s
 NC=   33700 T= 4.8947E+00 DT= 1.4524E-04 ERR= -0.0% DM/M= 0.0000E+00
 ELAPSED TIME=         82.85 s  REMAINING TIME=        120.26 s
 NC=   33800 T= 4.9093E+00 DT= 1.4524E-04 ERR= -0.0% DM/M= 0.0000E+00
 ELAPSED TIME=         83.09 s  REMAINING TIME=        120.01 s
 NC=   33900 T= 4.9238E+00 DT= 1.4524E-04 ERR= -0.0% DM/M= 0.0000E+00
 ELAPSED TIME=         83.33 s  REMAINING TIME=        119.76 s
 NC=   34000 T= 4.9383E+00 DT= 1.4524E-04 ERR= -0.0% DM/M= 0.0000E+00
 ELAPSED TIME=         83.58 s  REMAINING TIME=        119.52 s
 NC=   34100 T= 4.9528E+00 DT= 1.4524E-04 ERR= -0.0% DM/M= 0.0000E+00
 ELAPSED TIME=         83.83 s  REMAINING TIME=        119.28 s
 NC=   34200 T= 4.9673E+00 DT= 1.4524E-04 ERR= -0.0% DM/M= 0.0000E+00
 ELAPSED TIME=         84.07 s  REMAINING TIME=        119.03 s
 NC=   34300 T= 4.9819E+00 DT= 1.4524E-04 ERR= -0.0% DM/M= 0.0000E+00
 ELAPSED TIME=         84.32 s  REMAINING TIME=        118.78 s
 NC=   34400 T= 4.9964E+00 DT= 1.4524E-04 ERR= -0.0% DM/M= 0.0000E+00
 ELAPSED TIME=         84.56 s  REMAINING TIME=        118.54 s
 NC=   34500 T= 5.0109E+00 DT= 1.4524E-04 ERR= -0.0% DM/M= 0.0000E+00
 ELAPSED TIME=         84.81 s  REMAINING TIME=        118.29 s
 NC=   34600 T= 5.0254E+00 DT= 1.4524E-04 ERR= -0.0% DM/M= 0.0000E+00
 ELAPSED TIME=         85.05 s  REMAINING TIME=        118.04 s
 NC=   34700 T= 5.0400E+00 DT= 1.4524E-04 ERR= -0.0% DM/M= 0.0000E+00
 ELAPSED TIME=         85.30 s  REMAINING TIME=        117.79 s
 NC=   34800 T= 5.0545E+00 DT= 1.4524E-04 ERR= -0.0% DM/M= 0.0000E+00
 ELAPSED TIME=         85.54 s  REMAINING TIME=        117.55 s
 NC=   34900 T= 5.0690E+00 DT= 1.4524E-04 ERR= -0.0% DM/M= 0.0000E+00
 ELAPSED TIME=         85.79 s  REMAINING TIME=        117.30 s
 NC=   35000 T= 5.0835E+00 DT= 1.4524E-04 ERR= -0.0% DM/M= 0.0000E+00
 ELAPSED TIME=         86.03 s  REMAINING TIME=        117.05 s
 NC=   35100 T= 5.0981E+00 DT= 1.4524E-04 ERR= -0.0% DM/M= 0.0000E+00
 ELAPSED TIME=         86.28 s  REMAINING TIME=        116.80 s
 NC=   35200 T= 5.1126E+00 DT= 1.4524E-04 ERR= -0.0% DM/M= 0.0000E+00
 ELAPSED TIME=         86.52 s  REMAINING TIME=        116.56 s
 NC=   35300 T= 5.1271E+00 DT= 1.4524E-04 ERR= -0.0% DM/M= 0.0000E+00
 ELAPSED TIME=         86.77 s  REMAINING TIME=        116.31 s
 NC=   35400 T= 5.1416E+00 DT= 1.4524E-04 ERR= -0.0% DM/M= 0.0000E+00
 ELAPSED TIME=         87.01 s  REMAINING TIME=        116.06 s
 NC=   35500 T= 5.1562E+00 DT= 1.4524E-04 ERR= -0.0% DM/M= 0.0000E+00
 ELAPSED TIME=         87.26 s  REMAINING TIME=        115.82 s
 NC=   35600 T= 5.1707E+00 DT= 1.4524E-04 ERR= -0.0% DM/M= 0.0000E+00
 ELAPSED TIME=         87.50 s  REMAINING TIME=        115.57 s
 NC=   35700 T= 5.1852E+00 DT= 1.4524E-04 ERR= -0.0% DM/M= 0.0000E+00
 ELAPSED TIME=         87.74 s  REMAINING TIME=        115.32 s
 NC=   35800 T= 5.1997E+00 DT= 1.4524E-04 ERR= -0.0% DM/M= 0.0000E+00
 ELAPSED TIME=         87.99 s  REMAINING TIME=        115.07 s
 NC=   35900 T= 5.2143E+00 DT= 1.4524E-04 ERR= -0.0% DM/M= 0.0000E+00
 ELAPSED TIME=         88.23 s  REMAINING TIME=        114.82 s
 NC=   36000 T= 5.2288E+00 DT= 1.4524E-04 ERR= -0.0% DM/M= 0.0000E+00
 ELAPSED TIME=         88.48 s  REMAINING TIME=        114.58 s
 NC=   36100 T= 5.2433E+00 DT= 1.4524E-04 ERR= -0.0% DM/M= 0.0000E+00
 ELAPSED TIME=         88.72 s  REMAINING TIME=        114.33 s
 NC=   36200 T= 5.2578E+00 DT= 1.4524E-04 ERR= -0.0% DM/M= 0.0000E+00
 ELAPSED TIME=         88.97 s  REMAINING TIME=        114.09 s
 NC=   36300 T= 5.2724E+00 DT= 1.4524E-04 ERR= -0.0% DM/M= 0.0000E+00
 ELAPSED TIME=         89.21 s  REMAINING TIME=        113.84 s
 NC=   36400 T= 5.2869E+00 DT= 1.4524E-04 ERR= -0.0% DM/M= 0.0000E+00
 ELAPSED TIME=         89.46 s  REMAINING TIME=        113.59 s
 NC=   36500 T= 5.3014E+00 DT= 1.4524E-04 ERR= -0.0% DM/M= 0.0000E+00
 ELAPSED TIME=         89.70 s  REMAINING TIME=        113.35 s
 NC=   36600 T= 5.3159E+00 DT= 1.4524E-04 ERR= -0.0% DM/M= 0.0000E+00
 ELAPSED TIME=         89.95 s  REMAINING TIME=        113.10 s
 NC=   36700 T= 5.3304E+00 DT= 1.4524E-04 ERR= -0.0% DM/M= 0.0000E+00
 ELAPSED TIME=         90.19 s  REMAINING TIME=        112.85 s
 NC=   36800 T= 5.3450E+00 DT= 1.4524E-04 ERR= -0.0% DM/M= 0.0000E+00
 ELAPSED TIME=         90.44 s  REMAINING TIME=        112.60 s
 NC=   36900 T= 5.3595E+00 DT= 1.4524E-04 ERR= -0.0% DM/M= 0.0000E+00
 ELAPSED TIME=         90.68 s  REMAINING TIME=        112.36 s
 NC=   37000 T= 5.3740E+00 DT= 1.4524E-04 ERR= -0.0% DM/M= 0.0000E+00
 ELAPSED TIME=         90.93 s  REMAINING TIME=        112.11 s
 NC=   37100 T= 5.3885E+00 DT= 1.4524E-04 ERR= -0.0% DM/M= 0.0000E+00
 ELAPSED TIME=         91.17 s  REMAINING TIME=        111.87 s
 NC=   37200 T= 5.4031E+00 DT= 1.4524E-04 ERR= -0.0% DM/M= 0.0000E+00
 ELAPSED TIME=         91.42 s  REMAINING TIME=        111.62 s
 NC=   37300 T= 5.4176E+00 DT= 1.4524E-04 ERR= -0.0% DM/M= 0.0000E+00
 ELAPSED TIME=         91.66 s  REMAINING TIME=        111.37 s
 NC=   37400 T= 5.4321E+00 DT= 1.4524E-04 ERR= -0.0% DM/M= 0.0000E+00
 ELAPSED TIME=         91.91 s  REMAINING TIME=        111.13 s
 NC=   37500 T= 5.4466E+00 DT= 1.4524E-04 ERR= -0.0% DM/M= 0.0000E+00
 ELAPSED TIME=         92.15 s  REMAINING TIME=        110.88 s
 NC=   37600 T= 5.4612E+00 DT= 1.4524E-04 ERR= -0.0% DM/M= 0.0000E+00
 ELAPSED TIME=         92.40 s  REMAINING TIME=        110.63 s
 NC=   37700 T= 5.4757E+00 DT= 1.4524E-04 ERR= -0.0% DM/M= 0.0000E+00
 ELAPSED TIME=         92.65 s  REMAINING TIME=        110.39 s
 NC=   37800 T= 5.4902E+00 DT= 1.4523E-04 ERR= -0.0% DM/M= 0.0000E+00
 ELAPSED TIME=         92.89 s  REMAINING TIME=        110.14 s
 NC=   37900 T= 5.5047E+00 DT= 1.4523E-04 ERR= -0.0% DM/M= 0.0000E+00
 ELAPSED TIME=         93.13 s  REMAINING TIME=        109.89 s
 NC=   38000 T= 5.5193E+00 DT= 1.4523E-04 ERR= -0.0% DM/M= 0.0000E+00
 ELAPSED TIME=         93.38 s  REMAINING TIME=        109.64 s
 NC=   38100 T= 5.5338E+00 DT= 1.4523E-04 ERR= -0.0% DM/M= 0.0000E+00
 ELAPSED TIME=         93.62 s  REMAINING TIME=        109.40 s
 NC=   38200 T= 5.5483E+00 DT= 1.4523E-04 ERR= -0.0% DM/M= 0.0000E+00
 ELAPSED TIME=         93.87 s  REMAINING TIME=        109.15 s
 NC=   38300 T= 5.5628E+00 DT= 1.4523E-04 ERR= -0.0% DM/M= 0.0000E+00
 ELAPSED TIME=         94.11 s  REMAINING TIME=        108.90 s
 NC=   38400 T= 5.5773E+00 DT= 1.4523E-04 ERR= -0.0% DM/M= 0.0000E+00
 ELAPSED TIME=         94.35 s  REMAINING TIME=        108.65 s
 NC=   38500 T= 5.5919E+00 DT= 1.4523E-04 ERR= -0.0% DM/M= 0.0000E+00
 ELAPSED TIME=         94.60 s  REMAINING TIME=        108.41 s
 NC=   38600 T= 5.6064E+00 DT= 1.4523E-04 ERR= -0.0% DM/M= 0.0000E+00
 ELAPSED TIME=         94.84 s  REMAINING TIME=        108.16 s
 NC=   38700 T= 5.6209E+00 DT= 1.4523E-04 ERR= -0.0% DM/M= 0.0000E+00
 ELAPSED TIME=         95.09 s  REMAINING TIME=        107.91 s
 NC=   38800 T= 5.6354E+00 DT= 1.4523E-04 ERR= -0.0% DM/M= 0.0000E+00
 ELAPSED TIME=         95.33 s  REMAINING TIME=        107.67 s
 NC=   38900 T= 5.6500E+00 DT= 1.4523E-04 ERR= -0.0% DM/M= 0.0000E+00
 ELAPSED TIME=         95.58 s  REMAINING TIME=        107.42 s
 NC=   39000 T= 5.6645E+00 DT= 1.4523E-04 ERR= -0.0% DM/M= 0.0000E+00
 ELAPSED TIME=         95.82 s  REMAINING TIME=        107.17 s
 NC=   39100 T= 5.6790E+00 DT= 1.4523E-04 ERR= -0.0% DM/M= 0.0000E+00
 ELAPSED TIME=         96.07 s  REMAINING TIME=        106.92 s
 NC=   39200 T= 5.6935E+00 DT= 1.4523E-04 ERR= -0.0% DM/M= 0.0000E+00
 ELAPSED TIME=         96.31 s  REMAINING TIME=        106.68 s
 NC=   39300 T= 5.7081E+00 DT= 1.4523E-04 ERR= -0.0% DM/M= 0.0000E+00
 ELAPSED TIME=         96.55 s  REMAINING TIME=        106.43 s
 NC=   39400 T= 5.7226E+00 DT= 1.4523E-04 ERR= -0.0% DM/M= 0.0000E+00
 ELAPSED TIME=         96.80 s  REMAINING TIME=        106.18 s
 NC=   39500 T= 5.7371E+00 DT= 1.4523E-04 ERR= -0.0% DM/M= 0.0000E+00
 ELAPSED TIME=         97.04 s  REMAINING TIME=        105.94 s
 NC=   39600 T= 5.7516E+00 DT= 1.4523E-04 ERR= -0.0% DM/M= 0.0000E+00
 ELAPSED TIME=         97.29 s  REMAINING TIME=        105.69 s
 NC=   39700 T= 5.7661E+00 DT= 1.4523E-04 ERR= -0.0% DM/M= 0.0000E+00
 ELAPSED TIME=         97.53 s  REMAINING TIME=        105.44 s
 NC=   39800 T= 5.7807E+00 DT= 1.4523E-04 ERR= -0.0% DM/M= 0.0000E+00
 ELAPSED TIME=         97.78 s  REMAINING TIME=        105.20 s
 NC=   39900 T= 5.7952E+00 DT= 1.4523E-04 ERR= -0.0% DM/M= 0.0000E+00
 ELAPSED TIME=         98.02 s  REMAINING TIME=        104.95 s
 NC=   40000 T= 5.8097E+00 DT= 1.4523E-04 ERR= -0.0% DM/M= 0.0000E+00
 ELAPSED TIME=         98.27 s  REMAINING TIME=        104.70 s
 NC=   40100 T= 5.8242E+00 DT= 1.4523E-04 ERR= -0.0% DM/M= 0.0000E+00
 ELAPSED TIME=         98.51 s  REMAINING TIME=        104.46 s
 NC=   40200 T= 5.8388E+00 DT= 1.4523E-04 ERR= -0.0% DM/M= 0.0000E+00
 ELAPSED TIME=         98.75 s  REMAINING TIME=        104.21 s
 NC=   40300 T= 5.8533E+00 DT= 1.4523E-04 ERR= -0.0% DM/M= 0.0000E+00
 ELAPSED TIME=         99.00 s  REMAINING TIME=        103.96 s
 NC=   40400 T= 5.8678E+00 DT= 1.4523E-04 ERR= -0.0% DM/M= 0.0000E+00
 ELAPSED TIME=         99.24 s  REMAINING TIME=        103.71 s
 NC=   40500 T= 5.8823E+00 DT= 1.4523E-04 ERR= -0.0% DM/M= 0.0000E+00
 ELAPSED TIME=         99.49 s  REMAINING TIME=        103.47 s
 NC=   40600 T= 5.8969E+00 DT= 1.4523E-04 ERR= -0.0% DM/M= 0.0000E+00
 ELAPSED TIME=         99.73 s  REMAINING TIME=        103.22 s
 NC=   40700 T= 5.9114E+00 DT= 1.4523E-04 ERR= -0.0% DM/M= 0.0000E+00
 ELAPSED TIME=         99.97 s  REMAINING TIME=        102.97 s
 NC=   40800 T= 5.9259E+00 DT= 1.4523E-04 ERR= -0.0% DM/M= 0.0000E+00
 ELAPSED TIME=        100.22 s  REMAINING TIME=        102.73 s
 NC=   40900 T= 5.9404E+00 DT= 1.4523E-04 ERR= -0.0% DM/M= 0.0000E+00
 ELAPSED TIME=        100.46 s  REMAINING TIME=        102.48 s
 NC=   41000 T= 5.9549E+00 DT= 1.4523E-04 ERR= -0.0% DM/M= 0.0000E+00
 ELAPSED TIME=        100.71 s  REMAINING TIME=        102.24 s
 NC=   41100 T= 5.9695E+00 DT= 1.4523E-04 ERR= -0.0% DM/M= 0.0000E+00
 ELAPSED TIME=        100.96 s  REMAINING TIME=        101.99 s
 NC=   41200 T= 5.9840E+00 DT= 1.4523E-04 ERR= -0.0% DM/M= 0.0000E+00
 ELAPSED TIME=        101.20 s  REMAINING TIME=        101.74 s
 NC=   41300 T= 5.9985E+00 DT= 1.4523E-04 ERR= -0.0% DM/M= 0.0000E+00
 ELAPSED TIME=        101.45 s  REMAINING TIME=        101.50 s
 NC=   41400 T= 6.0130E+00 DT= 1.4523E-04 ERR= -0.0% DM/M= 0.0000E+00
 ELAPSED TIME=        101.69 s  REMAINING TIME=        101.25 s
 NC=   41500 T= 6.0276E+00 DT= 1.4523E-04 ERR= -0.0% DM/M= 0.0000E+00
 ELAPSED TIME=        101.93 s  REMAINING TIME=        101.00 s
 NC=   41600 T= 6.0421E+00 DT= 1.4523E-04 ERR= -0.0% DM/M= 0.0000E+00
 ELAPSED TIME=        102.18 s  REMAINING TIME=        100.75 s
 NC=   41700 T= 6.0566E+00 DT= 1.4523E-04 ERR= -0.0% DM/M= 0.0000E+00
 ELAPSED TIME=        102.42 s  REMAINING TIME=        100.51 s
 NC=   41800 T= 6.0711E+00 DT= 1.4523E-04 ERR= -0.0% DM/M= 0.0000E+00
 ELAPSED TIME=        102.67 s  REMAINING TIME=        100.26 s
 NC=   41900 T= 6.0857E+00 DT= 1.4523E-04 ERR= -0.0% DM/M= 0.0000E+00
 ELAPSED TIME=        102.92 s  REMAINING TIME=        100.02 s
 NC=   42000 T= 6.1002E+00 DT= 1.4523E-04 ERR= -0.0% DM/M= 0.0000E+00
 ELAPSED TIME=        103.16 s  REMAINING TIME=         99.77 s
 NC=   42100 T= 6.1147E+00 DT= 1.4523E-04 ERR= -0.0% DM/M= 0.0000E+00
 ELAPSED TIME=        103.40 s  REMAINING TIME=         99.52 s
 NC=   42200 T= 6.1292E+00 DT= 1.4523E-04 ERR= -0.0% DM/M= 0.0000E+00
 ELAPSED TIME=        103.65 s  REMAINING TIME=         99.28 s
 NC=   42300 T= 6.1437E+00 DT= 1.4523E-04 ERR= -0.0% DM/M= 0.0000E+00
 ELAPSED TIME=        103.89 s  REMAINING TIME=         99.03 s
 NC=   42400 T= 6.1583E+00 DT= 1.4523E-04 ERR= -0.0% DM/M= 0.0000E+00
 ELAPSED TIME=        104.14 s  REMAINING TIME=         98.78 s
 NC=   42500 T= 6.1728E+00 DT= 1.4523E-04 ERR= -0.0% DM/M= 0.0000E+00
 ELAPSED TIME=        104.38 s  REMAINING TIME=         98.54 s
 NC=   42600 T= 6.1873E+00 DT= 1.4523E-04 ERR= -0.0% DM/M= 0.0000E+00
 ELAPSED TIME=        104.63 s  REMAINING TIME=         98.29 s
 NC=   42700 T= 6.2018E+00 DT= 1.4523E-04 ERR= -0.0% DM/M= 0.0000E+00
 ELAPSED TIME=        104.87 s  REMAINING TIME=         98.04 s
 NC=   42800 T= 6.2164E+00 DT= 1.4523E-04 ERR= -0.0% DM/M= 0.0000E+00
 ELAPSED TIME=        105.11 s  REMAINING TIME=         97.80 s
 NC=   42900 T= 6.2309E+00 DT= 1.4523E-04 ERR= -0.0% DM/M= 0.0000E+00
 ELAPSED TIME=        105.36 s  REMAINING TIME=         97.55 s
 NC=   43000 T= 6.2454E+00 DT= 1.4523E-04 ERR= -0.0% DM/M= 0.0000E+00
 ELAPSED TIME=        105.60 s  REMAINING TIME=         97.30 s
 NC=   43100 T= 6.2599E+00 DT= 1.4523E-04 ERR= -0.0% DM/M= 0.0000E+00
 ELAPSED TIME=        105.86 s  REMAINING TIME=         97.07 s
 NC=   43200 T= 6.2745E+00 DT= 1.4523E-04 ERR= -0.0% DM/M= 0.0000E+00
 ELAPSED TIME=        106.10 s  REMAINING TIME=         96.82 s
 NC=   43300 T= 6.2890E+00 DT= 1.4524E-04 ERR= -0.0% DM/M= 0.0000E+00
 ELAPSED TIME=        106.35 s  REMAINING TIME=         96.57 s
 NC=   43400 T= 6.3035E+00 DT= 1.4524E-04 ERR= -0.0% DM/M= 0.0000E+00
 ELAPSED TIME=        106.60 s  REMAINING TIME=         96.33 s
 NC=   43500 T= 6.3180E+00 DT= 1.4524E-04 ERR= -0.0% DM/M= 0.0000E+00
 ELAPSED TIME=        106.84 s  REMAINING TIME=         96.09 s
 NC=   43600 T= 6.3326E+00 DT= 1.4524E-04 ERR= -0.0% DM/M= 0.0000E+00
 ELAPSED TIME=        107.09 s  REMAINING TIME=         95.84 s
 NC=   43700 T= 6.3471E+00 DT= 1.4524E-04 ERR= -0.0% DM/M= 0.0000E+00
 ELAPSED TIME=        107.33 s  REMAINING TIME=         95.60 s
 NC=   43800 T= 6.3616E+00 DT= 1.4524E-04 ERR= -0.0% DM/M= 0.0000E+00
 ELAPSED TIME=        107.58 s  REMAINING TIME=         95.35 s
 NC=   43900 T= 6.3761E+00 DT= 1.4524E-04 ERR= -0.0% DM/M= 0.0000E+00
 ELAPSED TIME=        107.83 s  REMAINING TIME=         95.10 s
 NC=   44000 T= 6.3906E+00 DT= 1.4524E-04 ERR= -0.0% DM/M= 0.0000E+00
 ELAPSED TIME=        108.07 s  REMAINING TIME=         94.86 s
 NC=   44100 T= 6.4052E+00 DT= 1.4524E-04 ERR= -0.0% DM/M= 0.0000E+00
 ELAPSED TIME=        108.32 s  REMAINING TIME=         94.62 s
 NC=   44200 T= 6.4197E+00 DT= 1.4524E-04 ERR= -0.0% DM/M= 0.0000E+00
 ELAPSED TIME=        108.57 s  REMAINING TIME=         94.37 s
 NC=   44300 T= 6.4342E+00 DT= 1.4524E-04 ERR= -0.0% DM/M= 0.0000E+00
 ELAPSED TIME=        108.82 s  REMAINING TIME=         94.13 s
 NC=   44400 T= 6.4487E+00 DT= 1.4524E-04 ERR= -0.0% DM/M= 0.0000E+00
 ELAPSED TIME=        109.06 s  REMAINING TIME=         93.88 s
 NC=   44500 T= 6.4633E+00 DT= 1.4524E-04 ERR= -0.0% DM/M= 0.0000E+00
 ELAPSED TIME=        109.31 s  REMAINING TIME=         93.64 s
 NC=   44600 T= 6.4778E+00 DT= 1.4524E-04 ERR= -0.0% DM/M= 0.0000E+00
 ELAPSED TIME=        109.55 s  REMAINING TIME=         93.39 s
 NC=   44700 T= 6.4923E+00 DT= 1.4524E-04 ERR= -0.0% DM/M= 0.0000E+00
 ELAPSED TIME=        109.80 s  REMAINING TIME=         93.15 s
 NC=   44800 T= 6.5068E+00 DT= 1.4524E-04 ERR= -0.0% DM/M= 0.0000E+00
 ELAPSED TIME=        110.04 s  REMAINING TIME=         92.90 s
 NC=   44900 T= 6.5214E+00 DT= 1.4524E-04 ERR= -0.0% DM/M= 0.0000E+00
 ELAPSED TIME=        110.29 s  REMAINING TIME=         92.66 s
 NC=   45000 T= 6.5359E+00 DT= 1.4524E-04 ERR= -0.0% DM/M= 0.0000E+00
 ELAPSED TIME=        110.54 s  REMAINING TIME=         92.41 s
 NC=   45100 T= 6.5504E+00 DT= 1.4524E-04 ERR= -0.0% DM/M= 0.0000E+00
 ELAPSED TIME=        110.78 s  REMAINING TIME=         92.17 s
 NC=   45200 T= 6.5649E+00 DT= 1.4524E-04 ERR= -0.0% DM/M= 0.0000E+00
 ELAPSED TIME=        111.03 s  REMAINING TIME=         91.92 s
 NC=   45300 T= 6.5795E+00 DT= 1.4524E-04 ERR= -0.0% DM/M= 0.0000E+00
 ELAPSED TIME=        111.27 s  REMAINING TIME=         91.67 s
 NC=   45400 T= 6.5940E+00 DT= 1.4524E-04 ERR= -0.0% DM/M= 0.0000E+00
 ELAPSED TIME=        111.52 s  REMAINING TIME=         91.43 s
 NC=   45500 T= 6.6085E+00 DT= 1.4524E-04 ERR= -0.0% DM/M= 0.0000E+00
 ELAPSED TIME=        111.77 s  REMAINING TIME=         91.19 s
 NC=   45600 T= 6.6230E+00 DT= 1.4524E-04 ERR= -0.0% DM/M= 0.0000E+00
 ELAPSED TIME=        112.01 s  REMAINING TIME=         90.94 s
 NC=   45700 T= 6.6376E+00 DT= 1.4524E-04 ERR= -0.0% DM/M= 0.0000E+00
 ELAPSED TIME=        112.26 s  REMAINING TIME=         90.69 s
 NC=   45800 T= 6.6521E+00 DT= 1.4524E-04 ERR= -0.0% DM/M= 0.0000E+00
 ELAPSED TIME=        112.51 s  REMAINING TIME=         90.45 s
 NC=   45900 T= 6.6666E+00 DT= 1.4524E-04 ERR= -0.0% DM/M= 0.0000E+00
 ELAPSED TIME=        112.75 s  REMAINING TIME=         90.21 s
 NC=   46000 T= 6.6811E+00 DT= 1.4524E-04 ERR= -0.0% DM/M= 0.0000E+00
 ELAPSED TIME=        113.00 s  REMAINING TIME=         89.96 s
 NC=   46100 T= 6.6957E+00 DT= 1.4524E-04 ERR= -0.0% DM/M= 0.0000E+00
 ELAPSED TIME=        113.24 s  REMAINING TIME=         89.71 s
 NC=   46200 T= 6.7102E+00 DT= 1.4524E-04 ERR= -0.0% DM/M= 0.0000E+00
 ELAPSED TIME=        113.49 s  REMAINING TIME=         89.47 s
 NC=   46300 T= 6.7247E+00 DT= 1.4524E-04 ERR= -0.0% DM/M= 0.0000E+00
 ELAPSED TIME=        113.74 s  REMAINING TIME=         89.22 s
 NC=   46400 T= 6.7392E+00 DT= 1.4524E-04 ERR= -0.0% DM/M= 0.0000E+00
 ELAPSED TIME=        113.98 s  REMAINING TIME=         88.98 s
 NC=   46500 T= 6.7537E+00 DT= 1.4524E-04 ERR= -0.0% DM/M= 0.0000E+00
 ELAPSED TIME=        114.23 s  REMAINING TIME=         88.73 s
 NC=   46600 T= 6.7683E+00 DT= 1.4524E-04 ERR= -0.0% DM/M= 0.0000E+00
 ELAPSED TIME=        114.47 s  REMAINING TIME=         88.48 s
 NC=   46700 T= 6.7828E+00 DT= 1.4524E-04 ERR= -0.0% DM/M= 0.0000E+00
 ELAPSED TIME=        114.72 s  REMAINING TIME=         88.24 s
 NC=   46800 T= 6.7973E+00 DT= 1.4525E-04 ERR= -0.0% DM/M= 0.0000E+00
 ELAPSED TIME=        114.96 s  REMAINING TIME=         87.99 s
 NC=   46900 T= 6.8118E+00 DT= 1.4525E-04 ERR= -0.0% DM/M= 0.0000E+00
 ELAPSED TIME=        115.21 s  REMAINING TIME=         87.75 s
 NC=   47000 T= 6.8264E+00 DT= 1.4525E-04 ERR= -0.0% DM/M= 0.0000E+00
 ELAPSED TIME=        115.46 s  REMAINING TIME=         87.50 s
 NC=   47100 T= 6.8409E+00 DT= 1.4525E-04 ERR= -0.0% DM/M= 0.0000E+00
 ELAPSED TIME=        115.70 s  REMAINING TIME=         87.26 s
 NC=   47200 T= 6.8554E+00 DT= 1.4525E-04 ERR= -0.0% DM/M= 0.0000E+00
 ELAPSED TIME=        115.95 s  REMAINING TIME=         87.01 s
 NC=   47300 T= 6.8699E+00 DT= 1.4525E-04 ERR= -0.0% DM/M= 0.0000E+00
 ELAPSED TIME=        116.19 s  REMAINING TIME=         86.77 s
 NC=   47400 T= 6.8845E+00 DT= 1.4525E-04 ERR= -0.0% DM/M= 0.0000E+00
 ELAPSED TIME=        116.44 s  REMAINING TIME=         86.52 s
 NC=   47500 T= 6.8990E+00 DT= 1.4525E-04 ERR= -0.0% DM/M= 0.0000E+00
 ELAPSED TIME=        116.68 s  REMAINING TIME=         86.27 s
 NC=   47600 T= 6.9135E+00 DT= 1.4525E-04 ERR= -0.0% DM/M= 0.0000E+00
 ELAPSED TIME=        116.93 s  REMAINING TIME=         86.03 s
 NC=   47700 T= 6.9280E+00 DT= 1.4525E-04 ERR= -0.0% DM/M= 0.0000E+00
 ELAPSED TIME=        117.21 s  REMAINING TIME=         85.81 s
 NC=   47800 T= 6.9426E+00 DT= 1.4525E-04 ERR= -0.0% DM/M= 0.0000E+00
 ELAPSED TIME=        117.49 s  REMAINING TIME=         85.59 s
 NC=   47900 T= 6.9571E+00 DT= 1.4525E-04 ERR= -0.0% DM/M= 0.0000E+00
 ELAPSED TIME=        117.74 s  REMAINING TIME=         85.34 s
 NC=   48000 T= 6.9716E+00 DT= 1.4525E-04 ERR= -0.0% DM/M= 0.0000E+00
 ELAPSED TIME=        117.98 s  REMAINING TIME=         85.10 s
 NC=   48100 T= 6.9861E+00 DT= 1.4525E-04 ERR= -0.0% DM/M= 0.0000E+00
 ELAPSED TIME=        118.23 s  REMAINING TIME=         84.85 s
 NC=   48200 T= 7.0007E+00 DT= 1.4525E-04 ERR= -0.0% DM/M= 0.0000E+00
 ELAPSED TIME=        118.48 s  REMAINING TIME=         84.61 s
 NC=   48300 T= 7.0152E+00 DT= 1.4525E-04 ERR= -0.0% DM/M= 0.0000E+00
 ELAPSED TIME=        118.73 s  REMAINING TIME=         84.36 s
 NC=   48400 T= 7.0297E+00 DT= 1.4525E-04 ERR= -0.0% DM/M= 0.0000E+00
 ELAPSED TIME=        118.97 s  REMAINING TIME=         84.12 s
 NC=   48500 T= 7.0442E+00 DT= 1.4525E-04 ERR= -0.0% DM/M= 0.0000E+00
 ELAPSED TIME=        119.22 s  REMAINING TIME=         83.87 s
 NC=   48600 T= 7.0588E+00 DT= 1.4525E-04 ERR= -0.0% DM/M= 0.0000E+00
 ELAPSED TIME=        119.47 s  REMAINING TIME=         83.63 s
 NC=   48700 T= 7.0733E+00 DT= 1.4525E-04 ERR= -0.0% DM/M= 0.0000E+00
 ELAPSED TIME=        119.71 s  REMAINING TIME=         83.38 s
 NC=   48800 T= 7.0878E+00 DT= 1.4525E-04 ERR= -0.0% DM/M= 0.0000E+00
 ELAPSED TIME=        119.96 s  REMAINING TIME=         83.14 s
 NC=   48900 T= 7.1023E+00 DT= 1.4525E-04 ERR= -0.0% DM/M= 0.0000E+00
 ELAPSED TIME=        120.21 s  REMAINING TIME=         82.89 s
 NC=   49000 T= 7.1169E+00 DT= 1.4525E-04 ERR= -0.0% DM/M= 0.0000E+00
 ELAPSED TIME=        120.46 s  REMAINING TIME=         82.65 s
 NC=   49100 T= 7.1314E+00 DT= 1.4525E-04 ERR= -0.0% DM/M= 0.0000E+00
 ELAPSED TIME=        120.70 s  REMAINING TIME=         82.40 s
 NC=   49200 T= 7.1459E+00 DT= 1.4525E-04 ERR= -0.0% DM/M= 0.0000E+00
 ELAPSED TIME=        120.95 s  REMAINING TIME=         82.16 s
 NC=   49300 T= 7.1604E+00 DT= 1.4525E-04 ERR= -0.0% DM/M= 0.0000E+00
 ELAPSED TIME=        121.20 s  REMAINING TIME=         81.92 s
 NC=   49400 T= 7.1750E+00 DT= 1.4525E-04 ERR= -0.0% DM/M= 0.0000E+00
 ELAPSED TIME=        121.45 s  REMAINING TIME=         81.67 s
 NC=   49500 T= 7.1895E+00 DT= 1.4525E-04 ERR= -0.0% DM/M= 0.0000E+00
 ELAPSED TIME=        121.70 s  REMAINING TIME=         81.43 s
 NC=   49600 T= 7.2040E+00 DT= 1.4525E-04 ERR= -0.0% DM/M= 0.0000E+00
 ELAPSED TIME=        121.95 s  REMAINING TIME=         81.18 s
 NC=   49700 T= 7.2185E+00 DT= 1.4525E-04 ERR= -0.0% DM/M= 0.0000E+00
 ELAPSED TIME=        122.27 s  REMAINING TIME=         80.99 s
 NC=   49800 T= 7.2331E+00 DT= 1.4525E-04 ERR= -0.0% DM/M= 0.0000E+00
 ELAPSED TIME=        122.66 s  REMAINING TIME=         80.84 s
 NC=   49900 T= 7.2476E+00 DT= 1.4525E-04 ERR= -0.0% DM/M= 0.0000E+00
 ELAPSED TIME=        123.05 s  REMAINING TIME=         80.68 s
 NC=   50000 T= 7.2621E+00 DT= 1.4525E-04 ERR= -0.0% DM/M= 0.0000E+00
 ELAPSED TIME=        123.43 s  REMAINING TIME=         80.53 s
 NC=   50100 T= 7.2766E+00 DT= 1.4525E-04 ERR= -0.0% DM/M= 0.0000E+00
 ELAPSED TIME=        123.78 s  REMAINING TIME=         80.34 s
 NC=   50200 T= 7.2912E+00 DT= 1.4525E-04 ERR= -0.0% DM/M= 0.0000E+00
 ELAPSED TIME=        124.11 s  REMAINING TIME=         80.15 s
 NC=   50300 T= 7.3057E+00 DT= 1.4525E-04 ERR= -0.0% DM/M= 0.0000E+00
 ELAPSED TIME=        124.49 s  REMAINING TIME=         79.99 s
 NC=   50400 T= 7.3202E+00 DT= 1.4525E-04 ERR= -0.0% DM/M= 0.0000E+00
 ELAPSED TIME=        124.88 s  REMAINING TIME=         79.83 s
 NC=   50500 T= 7.3347E+00 DT= 1.4525E-04 ERR= -0.0% DM/M= 0.0000E+00
 ELAPSED TIME=        125.26 s  REMAINING TIME=         79.67 s
 NC=   50600 T= 7.3493E+00 DT= 1.4524E-04 ERR= -0.0% DM/M= 0.0000E+00
 ELAPSED TIME=        125.65 s  REMAINING TIME=         79.51 s
 NC=   50700 T= 7.3638E+00 DT= 1.4524E-04 ERR= -0.0% DM/M= 0.0000E+00
 ELAPSED TIME=        126.04 s  REMAINING TIME=         79.35 s
 NC=   50800 T= 7.3783E+00 DT= 1.4524E-04 ERR= -0.0% DM/M= 0.0000E+00
 ELAPSED TIME=        126.43 s  REMAINING TIME=         79.19 s
 NC=   50900 T= 7.3928E+00 DT= 1.4524E-04 ERR= -0.0% DM/M= 0.0000E+00
 ELAPSED TIME=        126.81 s  REMAINING TIME=         79.03 s
 NC=   51000 T= 7.4074E+00 DT= 1.4524E-04 ERR= -0.0% DM/M= 0.0000E+00
 ELAPSED TIME=        127.20 s  REMAINING TIME=         78.86 s
 NC=   51100 T= 7.4219E+00 DT= 1.4524E-04 ERR= -0.0% DM/M= 0.0000E+00
 ELAPSED TIME=        127.59 s  REMAINING TIME=         78.70 s
 NC=   51200 T= 7.4364E+00 DT= 1.4524E-04 ERR= -0.0% DM/M= 0.0000E+00
 ELAPSED TIME=        127.97 s  REMAINING TIME=         78.53 s
 NC=   51300 T= 7.4509E+00 DT= 1.4524E-04 ERR= -0.0% DM/M= 0.0000E+00
 ELAPSED TIME=        128.36 s  REMAINING TIME=         78.37 s
 NC=   51400 T= 7.4655E+00 DT= 1.4524E-04 ERR= -0.0% DM/M= 0.0000E+00
 ELAPSED TIME=        128.79 s  REMAINING TIME=         78.23 s
 NC=   51500 T= 7.4800E+00 DT= 1.4524E-04 ERR= -0.0% DM/M= 0.0000E+00
 ELAPSED TIME=        129.22 s  REMAINING TIME=         78.09 s
 NC=   51600 T= 7.4945E+00 DT= 1.4524E-04 ERR= -0.0% DM/M= 0.0000E+00
 ELAPSED TIME=        129.63 s  REMAINING TIME=         77.93 s
 NC=   51700 T= 7.5090E+00 DT= 1.4524E-04 ERR= -0.0% DM/M= 0.0000E+00
 ELAPSED TIME=        129.96 s  REMAINING TIME=         77.72 s
 NC=   51800 T= 7.5235E+00 DT= 1.4524E-04 ERR= -0.0% DM/M= 0.0000E+00
 ELAPSED TIME=        130.36 s  REMAINING TIME=         77.57 s
 NC=   51900 T= 7.5381E+00 DT= 1.4524E-04 ERR= -0.0% DM/M= 0.0000E+00
 ELAPSED TIME=        130.76 s  REMAINING TIME=         77.40 s
 NC=   52000 T= 7.5526E+00 DT= 1.4524E-04 ERR= -0.0% DM/M= 0.0000E+00
 ELAPSED TIME=        131.15 s  REMAINING TIME=         77.23 s
 NC=   52100 T= 7.5671E+00 DT= 1.4524E-04 ERR= -0.0% DM/M= 0.0000E+00
 ELAPSED TIME=        131.53 s  REMAINING TIME=         77.05 s
 NC=   52200 T= 7.5816E+00 DT= 1.4524E-04 ERR= -0.0% DM/M= 0.0000E+00
 ELAPSED TIME=        131.91 s  REMAINING TIME=         76.87 s
 NC=   52300 T= 7.5962E+00 DT= 1.4524E-04 ERR= -0.0% DM/M= 0.0000E+00
 ELAPSED TIME=        132.29 s  REMAINING TIME=         76.69 s
 NC=   52400 T= 7.6107E+00 DT= 1.4524E-04 ERR= -0.0% DM/M= 0.0000E+00
 ELAPSED TIME=        132.68 s  REMAINING TIME=         76.52 s
 NC=   52500 T= 7.6252E+00 DT= 1.4524E-04 ERR= -0.0% DM/M= 0.0000E+00
 ELAPSED TIME=        133.12 s  REMAINING TIME=         76.38 s
 NC=   52600 T= 7.6397E+00 DT= 1.4524E-04 ERR= -0.0% DM/M= 0.0000E+00
 ELAPSED TIME=        133.52 s  REMAINING TIME=         76.21 s
 NC=   52700 T= 7.6543E+00 DT= 1.4524E-04 ERR= -0.0% DM/M= 0.0000E+00
 ELAPSED TIME=        133.91 s  REMAINING TIME=         76.03 s
 NC=   52800 T= 7.6688E+00 DT= 1.4524E-04 ERR= -0.0% DM/M= 0.0000E+00
 ELAPSED TIME=        134.30 s  REMAINING TIME=         75.85 s
 NC=   52900 T= 7.6833E+00 DT= 1.4524E-04 ERR= -0.0% DM/M= 0.0000E+00
 ELAPSED TIME=        134.69 s  REMAINING TIME=         75.67 s
 NC=   53000 T= 7.6978E+00 DT= 1.4524E-04 ERR= -0.0% DM/M= 0.0000E+00
 ELAPSED TIME=        135.07 s  REMAINING TIME=         75.49 s
 NC=   53100 T= 7.7124E+00 DT= 1.4524E-04 ERR= -0.0% DM/M= 0.0000E+00
 ELAPSED TIME=        135.46 s  REMAINING TIME=         75.31 s
 NC=   53200 T= 7.7269E+00 DT= 1.4524E-04 ERR= -0.0% DM/M= 0.0000E+00
 ELAPSED TIME=        135.83 s  REMAINING TIME=         75.12 s
 NC=   53300 T= 7.7414E+00 DT= 1.4524E-04 ERR= -0.0% DM/M= 0.0000E+00
 ELAPSED TIME=        136.08 s  REMAINING TIME=         74.86 s
 NC=   53400 T= 7.7559E+00 DT= 1.4524E-04 ERR= -0.0% DM/M= 0.0000E+00
 ELAPSED TIME=        136.33 s  REMAINING TIME=         74.60 s
 NC=   53500 T= 7.7705E+00 DT= 1.4524E-04 ERR= -0.0% DM/M= 0.0000E+00
 ELAPSED TIME=        136.58 s  REMAINING TIME=         74.34 s
 NC=   53600 T= 7.7850E+00 DT= 1.4524E-04 ERR= -0.0% DM/M= 0.0000E+00
 ELAPSED TIME=        136.82 s  REMAINING TIME=         74.08 s
 NC=   53700 T= 7.7995E+00 DT= 1.4524E-04 ERR= -0.0% DM/M= 0.0000E+00
 ELAPSED TIME=        137.08 s  REMAINING TIME=         73.82 s
 NC=   53800 T= 7.8140E+00 DT= 1.4524E-04 ERR= -0.0% DM/M= 0.0000E+00
 ELAPSED TIME=        137.32 s  REMAINING TIME=         73.56 s
 NC=   53900 T= 7.8286E+00 DT= 1.4524E-04 ERR= -0.0% DM/M= 0.0000E+00
 ELAPSED TIME=        137.57 s  REMAINING TIME=         73.30 s
 NC=   54000 T= 7.8431E+00 DT= 1.4524E-04 ERR= -0.0% DM/M= 0.0000E+00
 ELAPSED TIME=        137.82 s  REMAINING TIME=         73.05 s
 NC=   54100 T= 7.8576E+00 DT= 1.4524E-04 ERR= -0.0% DM/M= 0.0000E+00
 ELAPSED TIME=        138.07 s  REMAINING TIME=         72.79 s
 NC=   54200 T= 7.8721E+00 DT= 1.4524E-04 ERR= -0.0% DM/M= 0.0000E+00
 ELAPSED TIME=        138.39 s  REMAINING TIME=         72.57 s
 NC=   54300 T= 7.8866E+00 DT= 1.4524E-04 ERR= -0.0% DM/M= 0.0000E+00
 ELAPSED TIME=        138.78 s  REMAINING TIME=         72.38 s
 NC=   54400 T= 7.9012E+00 DT= 1.4524E-04 ERR= -0.0% DM/M= 0.0000E+00
 ELAPSED TIME=        139.17 s  REMAINING TIME=         72.20 s
 NC=   54500 T= 7.9157E+00 DT= 1.4523E-04 ERR= -0.0% DM/M= 0.0000E+00
 ELAPSED TIME=        139.56 s  REMAINING TIME=         72.01 s
 NC=   54600 T= 7.9302E+00 DT= 1.4523E-04 ERR= -0.0% DM/M= 0.0000E+00
 ELAPSED TIME=        139.94 s  REMAINING TIME=         71.82 s
 -- RUPTURE OF SPRING ELEMENT :      3865 AT TIME :  7.941    
 -- RUPTURE OF SPRING ELEMENT :      3866 AT TIME :  7.941    
 NC=   54700 T= 7.9447E+00 DT= 1.4523E-04 ERR= -0.0% DM/M= 0.0000E+00
 ELAPSED TIME=        140.18 s  REMAINING TIME=         71.55 s
 NC=   54800 T= 7.9593E+00 DT= 1.4523E-04 ERR= -0.0% DM/M= 0.0000E+00
 ELAPSED TIME=        140.53 s  REMAINING TIME=         71.34 s
 NC=   54900 T= 7.9738E+00 DT= 1.4523E-04 ERR= -0.0% DM/M= 0.0000E+00
 ELAPSED TIME=        140.84 s  REMAINING TIME=         71.12 s
 NC=   55000 T= 7.9883E+00 DT= 1.4523E-04 ERR= -0.0% DM/M= 0.0000E+00
 ELAPSED TIME=        141.10 s  REMAINING TIME=         70.86 s
 NC=   55100 T= 8.0028E+00 DT= 1.4523E-04 ERR= -0.0% DM/M= 0.0000E+00
 ELAPSED TIME=        141.34 s  REMAINING TIME=         70.60 s
 NC=   55200 T= 8.0174E+00 DT= 1.4524E-04 ERR= -0.0% DM/M= 0.0000E+00
 ELAPSED TIME=        141.63 s  REMAINING TIME=         70.35 s
 NC=   55300 T= 8.0319E+00 DT= 1.4524E-04 ERR= -0.0% DM/M= 0.0000E+00
 ELAPSED TIME=        142.05 s  REMAINING TIME=         70.18 s
 NC=   55400 T= 8.0464E+00 DT= 1.4524E-04 ERR= -0.0% DM/M= 0.0000E+00
 ELAPSED TIME=        142.43 s  REMAINING TIME=         69.98 s
 NC=   55500 T= 8.0609E+00 DT= 1.4524E-04 ERR= -0.0% DM/M= 0.0000E+00
 ELAPSED TIME=        142.82 s  REMAINING TIME=         69.79 s
 NC=   55600 T= 8.0755E+00 DT= 1.4524E-04 ERR= -0.0% DM/M= 0.0000E+00
 ELAPSED TIME=        143.21 s  REMAINING TIME=         69.60 s
 NC=   55700 T= 8.0900E+00 DT= 1.4524E-04 ERR= -0.0% DM/M= 0.0000E+00
 ELAPSED TIME=        143.46 s  REMAINING TIME=         69.34 s
 NC=   55800 T= 8.1045E+00 DT= 1.4524E-04 ERR= -0.0% DM/M= 0.0000E+00
 ELAPSED TIME=        143.71 s  REMAINING TIME=         69.07 s
 NC=   55900 T= 8.1190E+00 DT= 1.4524E-04 ERR= -0.0% DM/M= 0.0000E+00
 ELAPSED TIME=        143.95 s  REMAINING TIME=         68.81 s
 NC=   56000 T= 8.1335E+00 DT= 1.4524E-04 ERR= -0.0% DM/M= 0.0000E+00
 ELAPSED TIME=        144.20 s  REMAINING TIME=         68.55 s
 NC=   56100 T= 8.1481E+00 DT= 1.4524E-04 ERR= -0.0% DM/M= 0.0000E+00
 ELAPSED TIME=        144.45 s  REMAINING TIME=         68.29 s
 NC=   56200 T= 8.1626E+00 DT= 1.4524E-04 ERR= -0.0% DM/M= 0.0000E+00
 ELAPSED TIME=        144.70 s  REMAINING TIME=         68.03 s
 NC=   56300 T= 8.1771E+00 DT= 1.4524E-04 ERR= -0.0% DM/M= 0.0000E+00
 ELAPSED TIME=        144.95 s  REMAINING TIME=         67.76 s
 NC=   56400 T= 8.1916E+00 DT= 1.4524E-04 ERR= -0.0% DM/M= 0.0000E+00
 ELAPSED TIME=        145.20 s  REMAINING TIME=         67.50 s
 NC=   56500 T= 8.2062E+00 DT= 1.4524E-04 ERR= -0.0% DM/M= 0.0000E+00
 ELAPSED TIME=        145.45 s  REMAINING TIME=         67.24 s
 NC=   56600 T= 8.2207E+00 DT= 1.4524E-04 ERR= -0.0% DM/M= 0.0000E+00
 ELAPSED TIME=        145.70 s  REMAINING TIME=         66.98 s
 NC=   56700 T= 8.2352E+00 DT= 1.4524E-04 ERR= -0.0% DM/M= 0.0000E+00
 ELAPSED TIME=        145.96 s  REMAINING TIME=         66.72 s
 NC=   56800 T= 8.2497E+00 DT= 1.4524E-04 ERR= -0.0% DM/M= 0.0000E+00
 ELAPSED TIME=        146.21 s  REMAINING TIME=         66.46 s
 NC=   56900 T= 8.2643E+00 DT= 1.4524E-04 ERR= -0.0% DM/M= 0.0000E+00
 ELAPSED TIME=        146.46 s  REMAINING TIME=         66.20 s
 NC=   57000 T= 8.2788E+00 DT= 1.4524E-04 ERR= -0.0% DM/M= 0.0000E+00
 ELAPSED TIME=        146.71 s  REMAINING TIME=         65.94 s
 NC=   57100 T= 8.2933E+00 DT= 1.4524E-04 ERR= -0.0% DM/M= 0.0000E+00
 ELAPSED TIME=        146.96 s  REMAINING TIME=         65.68 s
 NC=   57200 T= 8.3078E+00 DT= 1.4524E-04 ERR= -0.0% DM/M= 0.0000E+00
 ELAPSED TIME=        147.21 s  REMAINING TIME=         65.42 s
 NC=   57300 T= 8.3224E+00 DT= 1.4524E-04 ERR= -0.0% DM/M= 0.0000E+00
 ELAPSED TIME=        147.46 s  REMAINING TIME=         65.16 s
 NC=   57400 T= 8.3369E+00 DT= 1.4524E-04 ERR= -0.0% DM/M= 0.0000E+00
 ELAPSED TIME=        147.71 s  REMAINING TIME=         64.90 s
 NC=   57500 T= 8.3514E+00 DT= 1.4524E-04 ERR= -0.0% DM/M= 0.0000E+00
 ELAPSED TIME=        147.96 s  REMAINING TIME=         64.64 s
 NC=   57600 T= 8.3659E+00 DT= 1.4524E-04 ERR= -0.0% DM/M= 0.0000E+00
 ELAPSED TIME=        148.21 s  REMAINING TIME=         64.38 s
 NC=   57700 T= 8.3804E+00 DT= 1.4524E-04 ERR= -0.0% DM/M= 0.0000E+00
 ELAPSED TIME=        148.46 s  REMAINING TIME=         64.12 s
 NC=   57800 T= 8.3950E+00 DT= 1.4524E-04 ERR= -0.0% DM/M= 0.0000E+00
 ELAPSED TIME=        148.71 s  REMAINING TIME=         63.86 s
 NC=   57900 T= 8.4095E+00 DT= 1.4524E-04 ERR= -0.0% DM/M= 0.0000E+00
 ELAPSED TIME=        148.96 s  REMAINING TIME=         63.60 s
 NC=   58000 T= 8.4240E+00 DT= 1.4524E-04 ERR= -0.0% DM/M= 0.0000E+00
 ELAPSED TIME=        149.21 s  REMAINING TIME=         63.34 s
 NC=   58100 T= 8.4385E+00 DT= 1.4524E-04 ERR= -0.0% DM/M= 0.0000E+00
 ELAPSED TIME=        149.46 s  REMAINING TIME=         63.08 s
 NC=   58200 T= 8.4531E+00 DT= 1.4524E-04 ERR= -0.0% DM/M= 0.0000E+00
 ELAPSED TIME=        149.71 s  REMAINING TIME=         62.82 s
 NC=   58300 T= 8.4676E+00 DT= 1.4524E-04 ERR= -0.0% DM/M= 0.0000E+00
 ELAPSED TIME=        149.96 s  REMAINING TIME=         62.56 s
 NC=   58400 T= 8.4821E+00 DT= 1.4524E-04 ERR= -0.0% DM/M= 0.0000E+00
 ELAPSED TIME=        150.21 s  REMAINING TIME=         62.30 s
 NC=   58500 T= 8.4966E+00 DT= 1.4524E-04 ERR= -0.0% DM/M= 0.0000E+00
 ELAPSED TIME=        150.46 s  REMAINING TIME=         62.04 s
 NC=   58600 T= 8.5112E+00 DT= 1.4524E-04 ERR= -0.0% DM/M= 0.0000E+00
 ELAPSED TIME=        150.71 s  REMAINING TIME=         61.78 s
 NC=   58700 T= 8.5257E+00 DT= 1.4524E-04 ERR= -0.0% DM/M= 0.0000E+00
 ELAPSED TIME=        150.96 s  REMAINING TIME=         61.52 s
 NC=   58800 T= 8.5402E+00 DT= 1.4524E-04 ERR= -0.0% DM/M= 0.0000E+00
 ELAPSED TIME=        151.21 s  REMAINING TIME=         61.26 s
 NC=   58900 T= 8.5547E+00 DT= 1.4524E-04 ERR= -0.0% DM/M= 0.0000E+00
 ELAPSED TIME=        151.46 s  REMAINING TIME=         61.00 s
 NC=   59000 T= 8.5693E+00 DT= 1.4524E-04 ERR= -0.0% DM/M= 0.0000E+00
 ELAPSED TIME=        151.72 s  REMAINING TIME=         60.74 s
 NC=   59100 T= 8.5838E+00 DT= 1.4524E-04 ERR= -0.0% DM/M= 0.0000E+00
 ELAPSED TIME=        151.97 s  REMAINING TIME=         60.48 s
 NC=   59200 T= 8.5983E+00 DT= 1.4524E-04 ERR= -0.0% DM/M= 0.0000E+00
 ELAPSED TIME=        152.22 s  REMAINING TIME=         60.22 s
 NC=   59300 T= 8.6128E+00 DT= 1.4524E-04 ERR= -0.0% DM/M= 0.0000E+00
 ELAPSED TIME=        152.48 s  REMAINING TIME=         59.96 s
 NC=   59400 T= 8.6274E+00 DT= 1.4524E-04 ERR= -0.0% DM/M= 0.0000E+00
 ELAPSED TIME=        152.73 s  REMAINING TIME=         59.70 s
 NC=   59500 T= 8.6419E+00 DT= 1.4524E-04 ERR= -0.0% DM/M= 0.0000E+00
 ELAPSED TIME=        152.98 s  REMAINING TIME=         59.45 s
 NC=   59600 T= 8.6564E+00 DT= 1.4524E-04 ERR= -0.0% DM/M= 0.0000E+00
 ELAPSED TIME=        153.23 s  REMAINING TIME=         59.19 s
 NC=   59700 T= 8.6709E+00 DT= 1.4524E-04 ERR= -0.0% DM/M= 0.0000E+00
 ELAPSED TIME=        153.48 s  REMAINING TIME=         58.93 s
 NC=   59800 T= 8.6855E+00 DT= 1.4524E-04 ERR= -0.0% DM/M= 0.0000E+00
 ELAPSED TIME=        153.74 s  REMAINING TIME=         58.67 s
 NC=   59900 T= 8.7000E+00 DT= 1.4524E-04 ERR= -0.0% DM/M= 0.0000E+00
 ELAPSED TIME=        153.99 s  REMAINING TIME=         58.41 s
 NC=   60000 T= 8.7145E+00 DT= 1.4524E-04 ERR= -0.0% DM/M= 0.0000E+00
 ELAPSED TIME=        154.24 s  REMAINING TIME=         58.15 s
 NC=   60100 T= 8.7290E+00 DT= 1.4524E-04 ERR= -0.0% DM/M= 0.0000E+00
 ELAPSED TIME=        154.49 s  REMAINING TIME=         57.89 s
 NC=   60200 T= 8.7435E+00 DT= 1.4524E-04 ERR= -0.0% DM/M= 0.0000E+00
 ELAPSED TIME=        154.75 s  REMAINING TIME=         57.63 s
 NC=   60300 T= 8.7581E+00 DT= 1.4524E-04 ERR= -0.0% DM/M= 0.0000E+00
 ELAPSED TIME=        155.00 s  REMAINING TIME=         57.38 s
 NC=   60400 T= 8.7726E+00 DT= 1.4524E-04 ERR= -0.0% DM/M= 0.0000E+00
 ELAPSED TIME=        155.25 s  REMAINING TIME=         57.12 s
 NC=   60500 T= 8.7871E+00 DT= 1.4524E-04 ERR= -0.0% DM/M= 0.0000E+00
 ELAPSED TIME=        155.51 s  REMAINING TIME=         56.86 s
 NC=   60600 T= 8.8016E+00 DT= 1.4524E-04 ERR= -0.0% DM/M= 0.0000E+00
 ELAPSED TIME=        155.76 s  REMAINING TIME=         56.60 s
 NC=   60700 T= 8.8162E+00 DT= 1.4524E-04 ERR= -0.0% DM/M= 0.0000E+00
 ELAPSED TIME=        156.01 s  REMAINING TIME=         56.34 s
 NC=   60800 T= 8.8307E+00 DT= 1.4524E-04 ERR= -0.0% DM/M= 0.0000E+00
 ELAPSED TIME=        156.26 s  REMAINING TIME=         56.08 s
 NC=   60900 T= 8.8452E+00 DT= 1.4524E-04 ERR= -0.0% DM/M= 0.0000E+00
 ELAPSED TIME=        156.52 s  REMAINING TIME=         55.82 s
 NC=   61000 T= 8.8597E+00 DT= 1.4524E-04 ERR= -0.0% DM/M= 0.0000E+00
 ELAPSED TIME=        156.77 s  REMAINING TIME=         55.57 s
 NC=   61100 T= 8.8743E+00 DT= 1.4524E-04 ERR= -0.0% DM/M= 0.0000E+00
 ELAPSED TIME=        157.02 s  REMAINING TIME=         55.31 s
 NC=   61200 T= 8.8888E+00 DT= 1.4524E-04 ERR= -0.0% DM/M= 0.0000E+00
 ELAPSED TIME=        157.27 s  REMAINING TIME=         55.05 s
 NC=   61300 T= 8.9033E+00 DT= 1.4524E-04 ERR= -0.0% DM/M= 0.0000E+00
 ELAPSED TIME=        157.53 s  REMAINING TIME=         54.79 s
 NC=   61400 T= 8.9178E+00 DT= 1.4524E-04 ERR= -0.0% DM/M= 0.0000E+00
 ELAPSED TIME=        157.79 s  REMAINING TIME=         54.53 s
 NC=   61500 T= 8.9324E+00 DT= 1.4524E-04 ERR= -0.0% DM/M= 0.0000E+00
 ELAPSED TIME=        158.04 s  REMAINING TIME=         54.28 s
 NC=   61600 T= 8.9469E+00 DT= 1.4524E-04 ERR= -0.0% DM/M= 0.0000E+00
 ELAPSED TIME=        158.29 s  REMAINING TIME=         54.02 s
 NC=   61700 T= 8.9614E+00 DT= 1.4524E-04 ERR= -0.0% DM/M= 0.0000E+00
 ELAPSED TIME=        158.54 s  REMAINING TIME=         53.76 s
 NC=   61800 T= 8.9759E+00 DT= 1.4524E-04 ERR= -0.0% DM/M= 0.0000E+00
 ELAPSED TIME=        158.80 s  REMAINING TIME=         53.50 s
 NC=   61900 T= 8.9904E+00 DT= 1.4524E-04 ERR= -0.0% DM/M= 0.0000E+00
 ELAPSED TIME=        159.05 s  REMAINING TIME=         53.24 s
 NC=   62000 T= 9.0050E+00 DT= 1.4524E-04 ERR= -0.0% DM/M= 0.0000E+00
 ELAPSED TIME=        159.30 s  REMAINING TIME=         52.98 s
 NC=   62100 T= 9.0195E+00 DT= 1.4524E-04 ERR= -0.0% DM/M= 0.0000E+00
 ELAPSED TIME=        159.56 s  REMAINING TIME=         52.73 s
 NC=   62200 T= 9.0340E+00 DT= 1.4524E-04 ERR= -0.0% DM/M= 0.0000E+00
 ELAPSED TIME=        159.81 s  REMAINING TIME=         52.47 s
 NC=   62300 T= 9.0485E+00 DT= 1.4524E-04 ERR= -0.0% DM/M= 0.0000E+00
 ELAPSED TIME=        160.06 s  REMAINING TIME=         52.21 s
 NC=   62400 T= 9.0631E+00 DT= 1.4524E-04 ERR= -0.0% DM/M= 0.0000E+00
 ELAPSED TIME=        160.32 s  REMAINING TIME=         51.95 s
 NC=   62500 T= 9.0776E+00 DT= 1.4524E-04 ERR= -0.0% DM/M= 0.0000E+00
 ELAPSED TIME=        160.57 s  REMAINING TIME=         51.69 s
 NC=   62600 T= 9.0921E+00 DT= 1.4524E-04 ERR= -0.0% DM/M= 0.0000E+00
 ELAPSED TIME=        160.82 s  REMAINING TIME=         51.43 s
 NC=   62700 T= 9.1066E+00 DT= 1.4524E-04 ERR= -0.0% DM/M= 0.0000E+00
 ELAPSED TIME=        161.08 s  REMAINING TIME=         51.18 s
 NC=   62800 T= 9.1212E+00 DT= 1.4524E-04 ERR= -0.0% DM/M= 0.0000E+00
 ELAPSED TIME=        161.33 s  REMAINING TIME=         50.92 s
 NC=   62900 T= 9.1357E+00 DT= 1.4524E-04 ERR= -0.0% DM/M= 0.0000E+00
 ELAPSED TIME=        161.58 s  REMAINING TIME=         50.66 s
 NC=   63000 T= 9.1502E+00 DT= 1.4524E-04 ERR= -0.0% DM/M= 0.0000E+00
 ELAPSED TIME=        161.83 s  REMAINING TIME=         50.40 s
 NC=   63100 T= 9.1647E+00 DT= 1.4524E-04 ERR= -0.0% DM/M= 0.0000E+00
 ELAPSED TIME=        162.09 s  REMAINING TIME=         50.14 s
 NC=   63200 T= 9.1793E+00 DT= 1.4524E-04 ERR= -0.0% DM/M= 0.0000E+00
 ELAPSED TIME=        162.34 s  REMAINING TIME=         49.89 s
 NC=   63300 T= 9.1938E+00 DT= 1.4524E-04 ERR= -0.0% DM/M= 0.0000E+00
 ELAPSED TIME=        162.60 s  REMAINING TIME=         49.63 s
 NC=   63400 T= 9.2083E+00 DT= 1.4524E-04 ERR= -0.0% DM/M= 0.0000E+00
 ELAPSED TIME=        162.85 s  REMAINING TIME=         49.37 s
 NC=   63500 T= 9.2228E+00 DT= 1.4524E-04 ERR= -0.0% DM/M= 0.0000E+00
 ELAPSED TIME=        163.11 s  REMAINING TIME=         49.11 s
 NC=   63600 T= 9.2374E+00 DT= 1.4524E-04 ERR= -0.0% DM/M= 0.0000E+00
 ELAPSED TIME=        163.36 s  REMAINING TIME=         48.86 s
 NC=   63700 T= 9.2519E+00 DT= 1.4524E-04 ERR= -0.0% DM/M= 0.0000E+00
 ELAPSED TIME=        163.62 s  REMAINING TIME=         48.60 s
 NC=   63800 T= 9.2664E+00 DT= 1.4524E-04 ERR= -0.0% DM/M= 0.0000E+00
 ELAPSED TIME=        163.87 s  REMAINING TIME=         48.34 s
 NC=   63900 T= 9.2809E+00 DT= 1.4524E-04 ERR= -0.0% DM/M= 0.0000E+00
 ELAPSED TIME=        164.12 s  REMAINING TIME=         48.08 s
 NC=   64000 T= 9.2954E+00 DT= 1.4524E-04 ERR= -0.0% DM/M= 0.0000E+00
 ELAPSED TIME=        164.38 s  REMAINING TIME=         47.83 s
 NC=   64100 T= 9.3100E+00 DT= 1.4524E-04 ERR= -0.0% DM/M= 0.0000E+00
 ELAPSED TIME=        164.63 s  REMAINING TIME=         47.57 s
 NC=   64200 T= 9.3245E+00 DT= 1.4524E-04 ERR= -0.0% DM/M= 0.0000E+00
 ELAPSED TIME=        164.89 s  REMAINING TIME=         47.31 s
 NC=   64300 T= 9.3390E+00 DT= 1.4524E-04 ERR= -0.0% DM/M= 0.0000E+00
 ELAPSED TIME=        165.15 s  REMAINING TIME=         47.06 s
 NC=   64400 T= 9.3535E+00 DT= 1.4523E-04 ERR= -0.0% DM/M= 0.0000E+00
 ELAPSED TIME=        165.40 s  REMAINING TIME=         46.80 s
 NC=   64500 T= 9.3681E+00 DT= 1.4523E-04 ERR= -0.0% DM/M= 0.0000E+00
 ELAPSED TIME=        165.66 s  REMAINING TIME=         46.54 s
 NC=   64600 T= 9.3826E+00 DT= 1.4523E-04 ERR= -0.0% DM/M= 0.0000E+00
 ELAPSED TIME=        165.91 s  REMAINING TIME=         46.28 s
 NC=   64700 T= 9.3971E+00 DT= 1.4523E-04 ERR= -0.0% DM/M= 0.0000E+00
 ELAPSED TIME=        166.16 s  REMAINING TIME=         46.03 s
 NC=   64800 T= 9.4116E+00 DT= 1.4523E-04 ERR= -0.0% DM/M= 0.0000E+00
 ELAPSED TIME=        166.42 s  REMAINING TIME=         45.77 s
 NC=   64900 T= 9.4262E+00 DT= 1.4522E-04 ERR= -0.0% DM/M= 0.0000E+00
 ELAPSED TIME=        166.67 s  REMAINING TIME=         45.51 s
 NC=   65000 T= 9.4407E+00 DT= 1.4522E-04 ERR= -0.0% DM/M= 0.0000E+00
 ELAPSED TIME=        166.93 s  REMAINING TIME=         45.25 s
 NC=   65100 T= 9.4552E+00 DT= 1.4522E-04 ERR= -0.0% DM/M= 0.0000E+00
 ELAPSED TIME=        167.18 s  REMAINING TIME=         45.00 s
 NC=   65200 T= 9.4697E+00 DT= 1.4522E-04 ERR= -0.0% DM/M= 0.0000E+00
 ELAPSED TIME=        167.44 s  REMAINING TIME=         44.74 s
 NC=   65300 T= 9.4842E+00 DT= 1.4522E-04 ERR= -0.0% DM/M= 0.0000E+00
 ELAPSED TIME=        167.69 s  REMAINING TIME=         44.48 s
 NC=   65400 T= 9.4988E+00 DT= 1.4521E-04 ERR= -0.0% DM/M= 0.0000E+00
 ELAPSED TIME=        167.95 s  REMAINING TIME=         44.22 s
 NC=   65500 T= 9.5133E+00 DT= 1.4521E-04 ERR= -0.0% DM/M= 0.0000E+00
 ELAPSED TIME=        168.20 s  REMAINING TIME=         43.97 s
 -- RUPTURE OF SPRING ELEMENT :      3864 AT TIME :  9.518    
 -- RUPTURE OF SPRING ELEMENT :      3867 AT TIME :  9.518    
 -- RUPTURE OF SPRING ELEMENT :      3863 AT TIME :  9.521    
 -- RUPTURE OF SPRING ELEMENT :      3868 AT TIME :  9.521    
 NC=   65600 T= 9.5278E+00 DT= 1.4525E-04 ERR= -0.0% DM/M= 0.0000E+00
 ELAPSED TIME=        168.45 s  REMAINING TIME=         43.71 s
 NC=   65700 T= 9.5423E+00 DT= 1.4525E-04 ERR= -0.0% DM/M= 0.0000E+00
 ELAPSED TIME=        168.71 s  REMAINING TIME=         43.45 s
 NC=   65800 T= 9.5569E+00 DT= 1.4525E-04 ERR= -0.0% DM/M= 0.0000E+00
 ELAPSED TIME=        168.96 s  REMAINING TIME=         43.19 s
 NC=   65900 T= 9.5714E+00 DT= 1.4525E-04 ERR= -0.0% DM/M= 0.0000E+00
 ELAPSED TIME=        169.21 s  REMAINING TIME=         42.93 s
 NC=   66000 T= 9.5859E+00 DT= 1.4525E-04 ERR= -0.0% DM/M= 0.0000E+00
 ELAPSED TIME=        169.46 s  REMAINING TIME=         42.68 s
 NC=   66100 T= 9.6004E+00 DT= 1.4525E-04 ERR= -0.0% DM/M= 0.0000E+00
 ELAPSED TIME=        169.70 s  REMAINING TIME=         42.42 s
 NC=   66200 T= 9.6150E+00 DT= 1.4525E-04 ERR= -0.0% DM/M= 0.0000E+00
 ELAPSED TIME=        169.95 s  REMAINING TIME=         42.16 s
 NC=   66300 T= 9.6295E+00 DT= 1.4525E-04 ERR= -0.0% DM/M= 0.0000E+00
 ELAPSED TIME=        170.19 s  REMAINING TIME=         41.90 s
 NC=   66400 T= 9.6440E+00 DT= 1.4525E-04 ERR= -0.0% DM/M= 0.0000E+00
 ELAPSED TIME=        170.44 s  REMAINING TIME=         41.64 s
 NC=   66500 T= 9.6585E+00 DT= 1.4525E-04 ERR= -0.0% DM/M= 0.0000E+00
 ELAPSED TIME=        170.69 s  REMAINING TIME=         41.38 s
 NC=   66600 T= 9.6731E+00 DT= 1.4525E-04 ERR= -0.0% DM/M= 0.0000E+00
 ELAPSED TIME=        170.93 s  REMAINING TIME=         41.12 s
 NC=   66700 T= 9.6876E+00 DT= 1.4525E-04 ERR= -0.0% DM/M= 0.0000E+00
 ELAPSED TIME=        171.18 s  REMAINING TIME=         40.86 s
 NC=   66800 T= 9.7021E+00 DT= 1.4525E-04 ERR= -0.0% DM/M= 0.0000E+00
 ELAPSED TIME=        171.43 s  REMAINING TIME=         40.60 s
 NC=   66900 T= 9.7166E+00 DT= 1.4525E-04 ERR= -0.0% DM/M= 0.0000E+00
 ELAPSED TIME=        171.68 s  REMAINING TIME=         40.34 s
 NC=   67000 T= 9.7312E+00 DT= 1.4525E-04 ERR= -0.0% DM/M= 0.0000E+00
 ELAPSED TIME=        171.92 s  REMAINING TIME=         40.08 s
 NC=   67100 T= 9.7457E+00 DT= 1.4525E-04 ERR= -0.0% DM/M= 0.0000E+00
 ELAPSED TIME=        172.17 s  REMAINING TIME=         39.82 s
 NC=   67200 T= 9.7602E+00 DT= 1.4525E-04 ERR= -0.0% DM/M= 0.0000E+00
 ELAPSED TIME=        172.42 s  REMAINING TIME=         39.57 s
 NC=   67300 T= 9.7747E+00 DT= 1.4526E-04 ERR= -0.0% DM/M= 0.0000E+00
 ELAPSED TIME=        172.67 s  REMAINING TIME=         39.31 s
 NC=   67400 T= 9.7893E+00 DT= 1.4525E-04 ERR= -0.0% DM/M= 0.0000E+00
 ELAPSED TIME=        172.91 s  REMAINING TIME=         39.05 s
 NC=   67500 T= 9.8038E+00 DT= 1.4526E-04 ERR= -0.0% DM/M= 0.0000E+00
 ELAPSED TIME=        173.16 s  REMAINING TIME=         38.79 s
 NC=   67600 T= 9.8183E+00 DT= 1.4525E-04 ERR= -0.0% DM/M= 0.0000E+00
 ELAPSED TIME=        173.40 s  REMAINING TIME=         38.53 s
 NC=   67700 T= 9.8328E+00 DT= 1.4526E-04 ERR= -0.0% DM/M= 0.0000E+00
 ELAPSED TIME=        173.65 s  REMAINING TIME=         38.27 s
 NC=   67800 T= 9.8474E+00 DT= 1.4525E-04 ERR= -0.0% DM/M= 0.0000E+00
 ELAPSED TIME=        173.90 s  REMAINING TIME=         38.01 s
 NC=   67900 T= 9.8619E+00 DT= 1.4526E-04 ERR= -0.0% DM/M= 0.0000E+00
 ELAPSED TIME=        174.14 s  REMAINING TIME=         37.75 s
 NC=   68000 T= 9.8764E+00 DT= 1.4525E-04 ERR= -0.0% DM/M= 0.0000E+00
 ELAPSED TIME=        174.39 s  REMAINING TIME=         37.50 s
 NC=   68100 T= 9.8909E+00 DT= 1.4526E-04 ERR= -0.0% DM/M= 0.0000E+00
 ELAPSED TIME=        174.64 s  REMAINING TIME=         37.24 s
 NC=   68200 T= 9.9055E+00 DT= 1.4526E-04 ERR= -0.0% DM/M= 0.0000E+00
 ELAPSED TIME=        174.88 s  REMAINING TIME=         36.98 s
 NC=   68300 T= 9.9200E+00 DT= 1.4525E-04 ERR= -0.0% DM/M= 0.0000E+00
 ELAPSED TIME=        175.13 s  REMAINING TIME=         36.72 s
 NC=   68400 T= 9.9345E+00 DT= 1.4526E-04 ERR= -0.0% DM/M= 0.0000E+00
 ELAPSED TIME=        175.38 s  REMAINING TIME=         36.46 s
 NC=   68500 T= 9.9490E+00 DT= 1.4525E-04 ERR= -0.0% DM/M= 0.0000E+00
 ELAPSED TIME=        175.62 s  REMAINING TIME=         36.20 s
 NC=   68600 T= 9.9636E+00 DT= 1.4526E-04 ERR= -0.0% DM/M= 0.0000E+00
 ELAPSED TIME=        175.87 s  REMAINING TIME=         35.95 s
 NC=   68700 T= 9.9781E+00 DT= 1.4525E-04 ERR= -0.0% DM/M= 0.0000E+00
 ELAPSED TIME=        176.12 s  REMAINING TIME=         35.69 s
 NC=   68800 T= 9.9926E+00 DT= 1.4526E-04 ERR= -0.0% DM/M= 0.0000E+00
 ELAPSED TIME=        176.36 s  REMAINING TIME=         35.43 s
 NC=   68900 T= 1.0007E+01 DT= 1.4525E-04 ERR= -0.0% DM/M= 0.0000E+00
 ELAPSED TIME=        176.61 s  REMAINING TIME=         35.17 s
 NC=   69000 T= 1.0022E+01 DT= 1.4526E-04 ERR= -0.0% DM/M= 0.0000E+00
 ELAPSED TIME=        176.86 s  REMAINING TIME=         34.91 s
 NC=   69100 T= 1.0036E+01 DT= 1.4526E-04 ERR= -0.0% DM/M= 0.0000E+00
 ELAPSED TIME=        177.11 s  REMAINING TIME=         34.66 s
 NC=   69200 T= 1.0051E+01 DT= 1.4526E-04 ERR= -0.0% DM/M= 0.0000E+00
 ELAPSED TIME=        177.35 s  REMAINING TIME=         34.40 s
 NC=   69300 T= 1.0065E+01 DT= 1.4526E-04 ERR= -0.0% DM/M= 0.0000E+00
 ELAPSED TIME=        177.60 s  REMAINING TIME=         34.14 s
 NC=   69400 T= 1.0080E+01 DT= 1.4526E-04 ERR= -0.0% DM/M= 0.0000E+00
 ELAPSED TIME=        177.84 s  REMAINING TIME=         33.88 s
 NC=   69500 T= 1.0094E+01 DT= 1.4525E-04 ERR= -0.0% DM/M= 0.0000E+00
 ELAPSED TIME=        178.09 s  REMAINING TIME=         33.62 s
 NC=   69600 T= 1.0109E+01 DT= 1.4526E-04 ERR= -0.0% DM/M= 0.0000E+00
 ELAPSED TIME=        178.34 s  REMAINING TIME=         33.36 s
 NC=   69700 T= 1.0123E+01 DT= 1.4526E-04 ERR= -0.0% DM/M= 0.0000E+00
 ELAPSED TIME=        178.58 s  REMAINING TIME=         33.11 s
 NC=   69800 T= 1.0138E+01 DT= 1.4526E-04 ERR= -0.0% DM/M= 0.0000E+00
 ELAPSED TIME=        178.83 s  REMAINING TIME=         32.85 s
 NC=   69900 T= 1.0152E+01 DT= 1.4526E-04 ERR= -0.0% DM/M= 0.0000E+00
 ELAPSED TIME=        179.08 s  REMAINING TIME=         32.59 s
 NC=   70000 T= 1.0167E+01 DT= 1.4526E-04 ERR= -0.0% DM/M= 0.0000E+00
 ELAPSED TIME=        179.32 s  REMAINING TIME=         32.33 s
 NC=   70100 T= 1.0181E+01 DT= 1.4526E-04 ERR= -0.0% DM/M= 0.0000E+00
 ELAPSED TIME=        179.57 s  REMAINING TIME=         32.07 s
 NC=   70200 T= 1.0196E+01 DT= 1.4526E-04 ERR= -0.0% DM/M= 0.0000E+00
 ELAPSED TIME=        179.82 s  REMAINING TIME=         31.82 s
 NC=   70300 T= 1.0211E+01 DT= 1.4526E-04 ERR= -0.0% DM/M= 0.0000E+00
 ELAPSED TIME=        180.06 s  REMAINING TIME=         31.56 s
 NC=   70400 T= 1.0225E+01 DT= 1.4526E-04 ERR= -0.0% DM/M= 0.0000E+00
 ELAPSED TIME=        180.31 s  REMAINING TIME=         31.30 s
 NC=   70500 T= 1.0240E+01 DT= 1.4526E-04 ERR= -0.0% DM/M= 0.0000E+00
 ELAPSED TIME=        180.56 s  REMAINING TIME=         31.04 s
 NC=   70600 T= 1.0254E+01 DT= 1.4526E-04 ERR= -0.0% DM/M= 0.0000E+00
 ELAPSED TIME=        180.81 s  REMAINING TIME=         30.79 s
 NC=   70700 T= 1.0269E+01 DT= 1.4526E-04 ERR= -0.0% DM/M= 0.0000E+00
 ELAPSED TIME=        181.06 s  REMAINING TIME=         30.53 s
 NC=   70800 T= 1.0283E+01 DT= 1.4526E-04 ERR= -0.0% DM/M= 0.0000E+00
 ELAPSED TIME=        181.32 s  REMAINING TIME=         30.27 s
 NC=   70900 T= 1.0298E+01 DT= 1.4526E-04 ERR= -0.0% DM/M= 0.0000E+00
 ELAPSED TIME=        181.62 s  REMAINING TIME=         30.02 s
 NC=   71000 T= 1.0312E+01 DT= 1.4526E-04 ERR= -0.0% DM/M= 0.0000E+00
 ELAPSED TIME=        181.87 s  REMAINING TIME=         29.77 s
 NC=   71100 T= 1.0327E+01 DT= 1.4526E-04 ERR= -0.0% DM/M= 0.0000E+00
 ELAPSED TIME=        182.12 s  REMAINING TIME=         29.51 s
 NC=   71200 T= 1.0341E+01 DT= 1.4525E-04 ERR= -0.0% DM/M= 0.0000E+00
 ELAPSED TIME=        182.36 s  REMAINING TIME=         29.25 s
 NC=   71300 T= 1.0356E+01 DT= 1.4526E-04 ERR= -0.0% DM/M= 0.0000E+00
 ELAPSED TIME=        182.62 s  REMAINING TIME=         28.99 s
 NC=   71400 T= 1.0370E+01 DT= 1.4526E-04 ERR= -0.0% DM/M= 0.0000E+00
 ELAPSED TIME=        182.86 s  REMAINING TIME=         28.74 s
 NC=   71500 T= 1.0385E+01 DT= 1.4526E-04 ERR= -0.0% DM/M= 0.0000E+00
 ELAPSED TIME=        183.11 s  REMAINING TIME=         28.48 s
 NC=   71600 T= 1.0399E+01 DT= 1.4526E-04 ERR= -0.0% DM/M= 0.0000E+00
 ELAPSED TIME=        183.36 s  REMAINING TIME=         28.22 s
 NC=   71700 T= 1.0414E+01 DT= 1.4526E-04 ERR= -0.0% DM/M= 0.0000E+00
 ELAPSED TIME=        183.61 s  REMAINING TIME=         27.97 s
 NC=   71800 T= 1.0428E+01 DT= 1.4526E-04 ERR= -0.0% DM/M= 0.0000E+00
 ELAPSED TIME=        183.86 s  REMAINING TIME=         27.71 s
 NC=   71900 T= 1.0443E+01 DT= 1.4526E-04 ERR= -0.0% DM/M= 0.0000E+00
 ELAPSED TIME=        184.10 s  REMAINING TIME=         27.45 s
 NC=   72000 T= 1.0457E+01 DT= 1.4526E-04 ERR= -0.0% DM/M= 0.0000E+00
 ELAPSED TIME=        184.34 s  REMAINING TIME=         27.19 s
 NC=   72100 T= 1.0472E+01 DT= 1.4526E-04 ERR= -0.0% DM/M= 0.0000E+00
 ELAPSED TIME=        184.59 s  REMAINING TIME=         26.93 s
 NC=   72200 T= 1.0486E+01 DT= 1.4526E-04 ERR= -0.0% DM/M= 0.0000E+00
 ELAPSED TIME=        184.84 s  REMAINING TIME=         26.68 s
 NC=   72300 T= 1.0501E+01 DT= 1.4526E-04 ERR= -0.0% DM/M= 0.0000E+00
 ELAPSED TIME=        185.08 s  REMAINING TIME=         26.42 s
 NC=   72400 T= 1.0516E+01 DT= 1.4526E-04 ERR= -0.0% DM/M= 0.0000E+00
 ELAPSED TIME=        185.33 s  REMAINING TIME=         26.16 s
 NC=   72500 T= 1.0530E+01 DT= 1.4526E-04 ERR= -0.0% DM/M= 0.0000E+00
 ELAPSED TIME=        185.57 s  REMAINING TIME=         25.90 s
 NC=   72600 T= 1.0545E+01 DT= 1.4526E-04 ERR= -0.0% DM/M= 0.0000E+00
 ELAPSED TIME=        185.82 s  REMAINING TIME=         25.65 s
 NC=   72700 T= 1.0559E+01 DT= 1.4526E-04 ERR= -0.0% DM/M= 0.0000E+00
 ELAPSED TIME=        186.06 s  REMAINING TIME=         25.39 s
 NC=   72800 T= 1.0574E+01 DT= 1.4526E-04 ERR= -0.0% DM/M= 0.0000E+00
 ELAPSED TIME=        186.31 s  REMAINING TIME=         25.13 s
 NC=   72900 T= 1.0588E+01 DT= 1.4526E-04 ERR= -0.0% DM/M= 0.0000E+00
 ELAPSED TIME=        186.56 s  REMAINING TIME=         24.88 s
 NC=   73000 T= 1.0603E+01 DT= 1.4526E-04 ERR= -0.0% DM/M= 0.0000E+00
 ELAPSED TIME=        186.81 s  REMAINING TIME=         24.62 s
 NC=   73100 T= 1.0617E+01 DT= 1.4526E-04 ERR= -0.0% DM/M= 0.0000E+00
 ELAPSED TIME=        187.05 s  REMAINING TIME=         24.36 s
 NC=   73200 T= 1.0632E+01 DT= 1.4526E-04 ERR= -0.0% DM/M= 0.0000E+00
 ELAPSED TIME=        187.30 s  REMAINING TIME=         24.10 s
 NC=   73300 T= 1.0646E+01 DT= 1.4526E-04 ERR= -0.0% DM/M= 0.0000E+00
 ELAPSED TIME=        187.55 s  REMAINING TIME=         23.85 s
 NC=   73400 T= 1.0661E+01 DT= 1.4526E-04 ERR= -0.0% DM/M= 0.0000E+00
 ELAPSED TIME=        187.80 s  REMAINING TIME=         23.59 s
 NC=   73500 T= 1.0675E+01 DT= 1.4526E-04 ERR= -0.0% DM/M= 0.0000E+00
 ELAPSED TIME=        188.04 s  REMAINING TIME=         23.33 s
 NC=   73600 T= 1.0690E+01 DT= 1.4526E-04 ERR= -0.0% DM/M= 0.0000E+00
 ELAPSED TIME=        188.29 s  REMAINING TIME=         23.08 s
 NC=   73700 T= 1.0704E+01 DT= 1.4526E-04 ERR= -0.0% DM/M= 0.0000E+00
 ELAPSED TIME=        188.54 s  REMAINING TIME=         22.82 s
 NC=   73800 T= 1.0719E+01 DT= 1.4526E-04 ERR= -0.0% DM/M= 0.0000E+00
 ELAPSED TIME=        188.78 s  REMAINING TIME=         22.56 s
 NC=   73900 T= 1.0733E+01 DT= 1.4526E-04 ERR= -0.0% DM/M= 0.0000E+00
 ELAPSED TIME=        189.03 s  REMAINING TIME=         22.31 s
 NC=   74000 T= 1.0748E+01 DT= 1.4526E-04 ERR= -0.0% DM/M= 0.0000E+00
 ELAPSED TIME=        189.28 s  REMAINING TIME=         22.05 s
 NC=   74100 T= 1.0762E+01 DT= 1.4526E-04 ERR= -0.0% DM/M= 0.0000E+00
 ELAPSED TIME=        189.52 s  REMAINING TIME=         21.79 s
 NC=   74200 T= 1.0777E+01 DT= 1.4526E-04 ERR= -0.0% DM/M= 0.0000E+00
 ELAPSED TIME=        189.77 s  REMAINING TIME=         21.54 s
 NC=   74300 T= 1.0792E+01 DT= 1.4526E-04 ERR= -0.0% DM/M= 0.0000E+00
 ELAPSED TIME=        190.02 s  REMAINING TIME=         21.28 s
 NC=   74400 T= 1.0806E+01 DT= 1.4526E-04 ERR= -0.0% DM/M= 0.0000E+00
 ELAPSED TIME=        190.26 s  REMAINING TIME=         21.02 s
 NC=   74500 T= 1.0821E+01 DT= 1.4526E-04 ERR= -0.0% DM/M= 0.0000E+00
 ELAPSED TIME=        190.51 s  REMAINING TIME=         20.77 s
 NC=   74600 T= 1.0835E+01 DT= 1.4526E-04 ERR= -0.0% DM/M= 0.0000E+00
 ELAPSED TIME=        190.76 s  REMAINING TIME=         20.51 s
 NC=   74700 T= 1.0850E+01 DT= 1.4526E-04 ERR= -0.0% DM/M= 0.0000E+00
 ELAPSED TIME=        191.00 s  REMAINING TIME=         20.25 s
 NC=   74800 T= 1.0864E+01 DT= 1.4526E-04 ERR= -0.0% DM/M= 0.0000E+00
 ELAPSED TIME=        191.25 s  REMAINING TIME=         19.99 s
 NC=   74900 T= 1.0879E+01 DT= 1.4526E-04 ERR= -0.0% DM/M= 0.0000E+00
 ELAPSED TIME=        191.49 s  REMAINING TIME=         19.74 s
 NC=   75000 T= 1.0893E+01 DT= 1.4526E-04 ERR= -0.0% DM/M= 0.0000E+00
 ELAPSED TIME=        191.74 s  REMAINING TIME=         19.48 s
 NC=   75100 T= 1.0908E+01 DT= 1.4526E-04 ERR= -0.0% DM/M= 0.0000E+00
 ELAPSED TIME=        191.98 s  REMAINING TIME=         19.22 s
 NC=   75200 T= 1.0922E+01 DT= 1.4526E-04 ERR= -0.0% DM/M= 0.0000E+00
 ELAPSED TIME=        192.23 s  REMAINING TIME=         18.97 s
 NC=   75300 T= 1.0937E+01 DT= 1.4526E-04 ERR= -0.0% DM/M= 0.0000E+00
 ELAPSED TIME=        192.47 s  REMAINING TIME=         18.71 s
 NC=   75400 T= 1.0951E+01 DT= 1.4526E-04 ERR= -0.0% DM/M= 0.0000E+00
 ELAPSED TIME=        192.72 s  REMAINING TIME=         18.45 s
 NC=   75500 T= 1.0966E+01 DT= 1.4526E-04 ERR= -0.0% DM/M= 0.0000E+00
 ELAPSED TIME=        192.96 s  REMAINING TIME=         18.20 s
 NC=   75600 T= 1.0980E+01 DT= 1.4526E-04 ERR= -0.0% DM/M= 0.0000E+00
 ELAPSED TIME=        193.21 s  REMAINING TIME=         17.94 s
 NC=   75700 T= 1.0995E+01 DT= 1.4526E-04 ERR= -0.0% DM/M= 0.0000E+00
 ELAPSED TIME=        193.46 s  REMAINING TIME=         17.69 s
 NC=   75800 T= 1.1009E+01 DT= 1.4526E-04 ERR= -0.0% DM/M= 0.0000E+00
 ELAPSED TIME=        193.70 s  REMAINING TIME=         17.43 s
 NC=   75900 T= 1.1024E+01 DT= 1.4526E-04 ERR= -0.0% DM/M= 0.0000E+00
 ELAPSED TIME=        193.95 s  REMAINING TIME=         17.17 s
 NC=   76000 T= 1.1038E+01 DT= 1.4526E-04 ERR= -0.0% DM/M= 0.0000E+00
 ELAPSED TIME=        194.20 s  REMAINING TIME=         16.92 s
 NC=   76100 T= 1.1053E+01 DT= 1.4526E-04 ERR= -0.0% DM/M= 0.0000E+00
 ELAPSED TIME=        194.44 s  REMAINING TIME=         16.66 s
 NC=   76200 T= 1.1068E+01 DT= 1.4526E-04 ERR= -0.0% DM/M= 0.0000E+00
 ELAPSED TIME=        194.69 s  REMAINING TIME=         16.40 s
 NC=   76300 T= 1.1082E+01 DT= 1.4526E-04 ERR= -0.0% DM/M= 0.0000E+00
 ELAPSED TIME=        194.94 s  REMAINING TIME=         16.15 s
 NC=   76400 T= 1.1097E+01 DT= 1.4526E-04 ERR= -0.0% DM/M= 0.0000E+00
 ELAPSED TIME=        195.19 s  REMAINING TIME=         15.89 s
 NC=   76500 T= 1.1111E+01 DT= 1.4526E-04 ERR= -0.0% DM/M= 0.0000E+00
 ELAPSED TIME=        195.44 s  REMAINING TIME=         15.64 s
 NC=   76600 T= 1.1126E+01 DT= 1.4526E-04 ERR= -0.0% DM/M= 0.0000E+00
 ELAPSED TIME=        195.68 s  REMAINING TIME=         15.38 s
 NC=   76700 T= 1.1140E+01 DT= 1.4526E-04 ERR= -0.0% DM/M= 0.0000E+00
 ELAPSED TIME=        195.93 s  REMAINING TIME=         15.12 s
 NC=   76800 T= 1.1155E+01 DT= 1.4526E-04 ERR= -0.0% DM/M= 0.0000E+00
 ELAPSED TIME=        196.18 s  REMAINING TIME=         14.87 s
 NC=   76900 T= 1.1169E+01 DT= 1.4526E-04 ERR= -0.0% DM/M= 0.0000E+00
 ELAPSED TIME=        196.42 s  REMAINING TIME=         14.61 s
 NC=   77000 T= 1.1184E+01 DT= 1.4526E-04 ERR= -0.0% DM/M= 0.0000E+00
 ELAPSED TIME=        196.67 s  REMAINING TIME=         14.35 s
 NC=   77100 T= 1.1198E+01 DT= 1.4526E-04 ERR= -0.0% DM/M= 0.0000E+00
 ELAPSED TIME=        196.91 s  REMAINING TIME=         14.10 s
 NC=   77200 T= 1.1213E+01 DT= 1.4526E-04 ERR= -0.0% DM/M= 0.0000E+00
 ELAPSED TIME=        197.16 s  REMAINING TIME=         13.84 s
 NC=   77300 T= 1.1227E+01 DT= 1.4526E-04 ERR= -0.0% DM/M= 0.0000E+00
 ELAPSED TIME=        197.40 s  REMAINING TIME=         13.59 s
 NC=   77400 T= 1.1242E+01 DT= 1.4526E-04 ERR= -0.0% DM/M= 0.0000E+00
 ELAPSED TIME=        197.65 s  REMAINING TIME=         13.33 s
 NC=   77500 T= 1.1256E+01 DT= 1.4526E-04 ERR= -0.0% DM/M= 0.0000E+00
 ELAPSED TIME=        197.89 s  REMAINING TIME=         13.07 s
 NC=   77600 T= 1.1271E+01 DT= 1.4526E-04 ERR= -0.0% DM/M= 0.0000E+00
 ELAPSED TIME=        198.14 s  REMAINING TIME=         12.82 s
 NC=   77700 T= 1.1285E+01 DT= 1.4526E-04 ERR= -0.0% DM/M= 0.0000E+00
 ELAPSED TIME=        198.39 s  REMAINING TIME=         12.56 s
 NC=   77800 T= 1.1300E+01 DT= 1.4526E-04 ERR= -0.0% DM/M= 0.0000E+00
 ELAPSED TIME=        198.63 s  REMAINING TIME=         12.31 s
 NC=   77900 T= 1.1314E+01 DT= 1.4526E-04 ERR= -0.0% DM/M= 0.0000E+00
 ELAPSED TIME=        198.88 s  REMAINING TIME=         12.05 s
 NC=   78000 T= 1.1329E+01 DT= 1.4526E-04 ERR= -0.0% DM/M= 0.0000E+00
 ELAPSED TIME=        199.13 s  REMAINING TIME=         11.79 s
 NC=   78100 T= 1.1344E+01 DT= 1.4526E-04 ERR= -0.0% DM/M= 0.0000E+00
 ELAPSED TIME=        199.37 s  REMAINING TIME=         11.54 s
 NC=   78200 T= 1.1358E+01 DT= 1.4526E-04 ERR= -0.0% DM/M= 0.0000E+00
 ELAPSED TIME=        199.62 s  REMAINING TIME=         11.28 s
 NC=   78300 T= 1.1373E+01 DT= 1.4526E-04 ERR= -0.0% DM/M= 0.0000E+00
 ELAPSED TIME=        199.87 s  REMAINING TIME=         11.03 s
 NC=   78400 T= 1.1387E+01 DT= 1.4526E-04 ERR= -0.0% DM/M= 0.0000E+00
 ELAPSED TIME=        200.11 s  REMAINING TIME=         10.77 s
 NC=   78500 T= 1.1402E+01 DT= 1.4526E-04 ERR= -0.0% DM/M= 0.0000E+00
 ELAPSED TIME=        200.36 s  REMAINING TIME=         10.52 s
 NC=   78600 T= 1.1416E+01 DT= 1.4526E-04 ERR= -0.0% DM/M= 0.0000E+00
 ELAPSED TIME=        200.60 s  REMAINING TIME=         10.26 s
 NC=   78700 T= 1.1431E+01 DT= 1.4526E-04 ERR= -0.0% DM/M= 0.0000E+00
 ELAPSED TIME=        200.85 s  REMAINING TIME=         10.00 s
 NC=   78800 T= 1.1445E+01 DT= 1.4526E-04 ERR= -0.0% DM/M= 0.0000E+00
 ELAPSED TIME=        201.09 s  REMAINING TIME=          9.75 s
 NC=   78900 T= 1.1460E+01 DT= 1.4526E-04 ERR= -0.0% DM/M= 0.0000E+00
 ELAPSED TIME=        201.34 s  REMAINING TIME=          9.49 s
 NC=   79000 T= 1.1474E+01 DT= 1.4526E-04 ERR= -0.0% DM/M= 0.0000E+00
 ELAPSED TIME=        201.58 s  REMAINING TIME=          9.24 s
 NC=   79100 T= 1.1489E+01 DT= 1.4526E-04 ERR= -0.0% DM/M= 0.0000E+00
 ELAPSED TIME=        201.84 s  REMAINING TIME=          8.98 s
 NC=   79200 T= 1.1503E+01 DT= 1.4526E-04 ERR= -0.0% DM/M= 0.0000E+00
 ELAPSED TIME=        202.08 s  REMAINING TIME=          8.73 s
 NC=   79300 T= 1.1518E+01 DT= 1.4526E-04 ERR= -0.0% DM/M= 0.0000E+00
 ELAPSED TIME=        202.32 s  REMAINING TIME=          8.47 s
 NC=   79400 T= 1.1532E+01 DT= 1.4526E-04 ERR= -0.0% DM/M= 0.0000E+00
 ELAPSED TIME=        202.57 s  REMAINING TIME=          8.21 s
 NC=   79500 T= 1.1547E+01 DT= 1.4526E-04 ERR= -0.0% DM/M= 0.0000E+00
 ELAPSED TIME=        202.82 s  REMAINING TIME=          7.96 s
 NC=   79600 T= 1.1561E+01 DT= 1.4526E-04 ERR= -0.0% DM/M= 0.0000E+00
 ELAPSED TIME=        203.06 s  REMAINING TIME=          7.70 s
 NC=   79700 T= 1.1576E+01 DT= 1.4526E-04 ERR= -0.0% DM/M= 0.0000E+00
 ELAPSED TIME=        203.31 s  REMAINING TIME=          7.45 s
 NC=   79800 T= 1.1590E+01 DT= 1.4526E-04 ERR= -0.0% DM/M= 0.0000E+00
 ELAPSED TIME=        203.55 s  REMAINING TIME=          7.19 s
 NC=   79900 T= 1.1605E+01 DT= 1.4526E-04 ERR= -0.0% DM/M= 0.0000E+00
 ELAPSED TIME=        203.80 s  REMAINING TIME=          6.94 s
 NC=   80000 T= 1.1619E+01 DT= 1.4526E-04 ERR= -0.0% DM/M= 0.0000E+00
 ELAPSED TIME=        204.05 s  REMAINING TIME=          6.68 s
 NC=   80100 T= 1.1634E+01 DT= 1.4526E-04 ERR= -0.0% DM/M= 0.0000E+00
 ELAPSED TIME=        204.29 s  REMAINING TIME=          6.43 s
 NC=   80200 T= 1.1649E+01 DT= 1.4526E-04 ERR= -0.0% DM/M= 0.0000E+00
 ELAPSED TIME=        204.54 s  REMAINING TIME=          6.17 s
 NC=   80300 T= 1.1663E+01 DT= 1.4526E-04 ERR= -0.0% DM/M= 0.0000E+00
 ELAPSED TIME=        204.78 s  REMAINING TIME=          5.92 s
 NC=   80400 T= 1.1678E+01 DT= 1.4526E-04 ERR= -0.0% DM/M= 0.0000E+00
 ELAPSED TIME=        205.03 s  REMAINING TIME=          5.66 s
 NC=   80500 T= 1.1692E+01 DT= 1.4526E-04 ERR= -0.0% DM/M= 0.0000E+00
 ELAPSED TIME=        205.27 s  REMAINING TIME=          5.41 s
 NC=   80600 T= 1.1707E+01 DT= 1.4526E-04 ERR= -0.0% DM/M= 0.0000E+00
 ELAPSED TIME=        205.52 s  REMAINING TIME=          5.15 s
 NC=   80700 T= 1.1721E+01 DT= 1.4526E-04 ERR= -0.0% DM/M= 0.0000E+00
 ELAPSED TIME=        205.77 s  REMAINING TIME=          4.89 s
 NC=   80800 T= 1.1736E+01 DT= 1.4526E-04 ERR= -0.0% DM/M= 0.0000E+00
 ELAPSED TIME=        206.01 s  REMAINING TIME=          4.64 s
 NC=   80900 T= 1.1750E+01 DT= 1.4526E-04 ERR= -0.0% DM/M= 0.0000E+00
 ELAPSED TIME=        206.26 s  REMAINING TIME=          4.38 s
 NC=   81000 T= 1.1765E+01 DT= 1.4526E-04 ERR= -0.0% DM/M= 0.0000E+00
 ELAPSED TIME=        206.51 s  REMAINING TIME=          4.13 s
 NC=   81100 T= 1.1779E+01 DT= 1.4526E-04 ERR= -0.0% DM/M= 0.0000E+00
 ELAPSED TIME=        206.75 s  REMAINING TIME=          3.87 s
 NC=   81200 T= 1.1794E+01 DT= 1.4526E-04 ERR= -0.0% DM/M= 0.0000E+00
 ELAPSED TIME=        207.00 s  REMAINING TIME=          3.62 s
 NC=   81300 T= 1.1808E+01 DT= 1.4526E-04 ERR= -0.0% DM/M= 0.0000E+00
 ELAPSED TIME=        207.24 s  REMAINING TIME=          3.36 s
 NC=   81400 T= 1.1823E+01 DT= 1.4526E-04 ERR= -0.0% DM/M= 0.0000E+00
 ELAPSED TIME=        207.49 s  REMAINING TIME=          3.11 s
 NC=   81500 T= 1.1837E+01 DT= 1.4526E-04 ERR= -0.0% DM/M= 0.0000E+00
 ELAPSED TIME=        207.74 s  REMAINING TIME=          2.85 s
 NC=   81600 T= 1.1852E+01 DT= 1.4526E-04 ERR= -0.0% DM/M= 0.0000E+00
 ELAPSED TIME=        207.98 s  REMAINING TIME=          2.60 s
 NC=   81700 T= 1.1866E+01 DT= 1.4526E-04 ERR= -0.0% DM/M= 0.0000E+00
 ELAPSED TIME=        208.23 s  REMAINING TIME=          2.34 s
 NC=   81800 T= 1.1881E+01 DT= 1.4526E-04 ERR= -0.0% DM/M= 0.0000E+00
 ELAPSED TIME=        208.48 s  REMAINING TIME=          2.09 s
 NC=   81900 T= 1.1895E+01 DT= 1.4526E-04 ERR= -0.0% DM/M= 0.0000E+00
 ELAPSED TIME=        208.72 s  REMAINING TIME=          1.83 s
 NC=   82000 T= 1.1910E+01 DT= 1.4526E-04 ERR= -0.0% DM/M= 0.0000E+00
 ELAPSED TIME=        208.97 s  REMAINING TIME=          1.58 s
 NC=   82100 T= 1.1925E+01 DT= 1.4526E-04 ERR= -0.0% DM/M= 0.0000E+00
 ELAPSED TIME=        209.21 s  REMAINING TIME=          1.32 s
 NC=   82200 T= 1.1939E+01 DT= 1.4526E-04 ERR= -0.0% DM/M= 0.0000E+00
 ELAPSED TIME=        209.46 s  REMAINING TIME=          1.07 s
 NC=   82300 T= 1.1954E+01 DT= 1.4526E-04 ERR= -0.0% DM/M= 0.0000E+00
 ELAPSED TIME=        209.71 s  REMAINING TIME=          0.81 s
 NC=   82400 T= 1.1968E+01 DT= 1.4526E-04 ERR= -0.0% DM/M= 0.0000E+00
 ELAPSED TIME=        209.95 s  REMAINING TIME=          0.56 s
 NC=   82500 T= 1.1983E+01 DT= 1.4526E-04 ERR= -0.0% DM/M= 0.0000E+00
 ELAPSED TIME=        210.20 s  REMAINING TIME=          0.30 s
 NC=   82600 T= 1.1997E+01 DT= 1.4526E-04 ERR= -0.0% DM/M= 0.0000E+00
 ELAPSED TIME=        210.44 s  REMAINING TIME=          0.05 s
     RESTART FILES: I02IE_TRUE_DOMAIN_R1_0001_[0001-0001].rst WRITTEN
  
                           ** CPU USER TIME **
  
  
                        ** SUMMARY **
  
 #PROC  ELEMENT   KINCOND   INTEG     IO        T0        ASM       RESOL    
   1   .1325E+03 .2672E+01 .3031E+01 .6411E+02 .1391E+01 .4344E+01 .2101E+03
 
                   ** CUMULATIVE CPU TIME SUMMARY **
  
 CONTACT SORTING.............: .0000E+00     0.00 % 
 CONTACT FORCES..............: .0000E+00     0.00 % 
 ELEMENT FORCES..............: .1325E+03    63.07 % 
 KINEMATIC COND..............: .2672E+01     1.27 % 
 INTEGRATION.................: .3031E+01     1.44 % 
 ASSEMBLING..................: .4344E+01     2.07 % 
 OTHERS (including I/O)......: .6756E+02    32.15 % 
 TOTAL.......................: .2101E+03   100.00 % 
  
                   ** MEMORY USAGE STATISTICS **
  
 TOTAL MEMORY USED .........................:       59 MB
 MAXIMUM MEMORY PER PROCESSOR...............:       59 MB
 MINIMUM MEMORY PER PROCESSOR...............:       59 MB
 AVERAGE MEMORY PER PROCESSOR...............:       59 MB
  
                   ** DISK USAGE STATISTICS **
  
 TOTAL DISK SPACE USED .....................:        288 MB
 ANIMATION/H3D/TH/OUTP SIZE ................:        283 MB
 RESTART FILE SIZE .........................:          4 MB
  
 ELAPSED TIME     =        210.50 s
                          0:03:30
  
     NORMAL TERMINATION      
     TOTAL NUMBER OF CYCLES  :   82620
