# AIRCRAFT-A01 own parametric mesh. SI m. Not impact-qualified.
v 0 0.037719 0
v 0 0.0364337562 0.010501971
v 0 0.0326656122 0.02028825
v 0 0.0266713607 0.0286919183
v 0 0.0188595 0.0351402798
v 0 0.0097623956 0.0391938893
v 0 0 0.0405765
v 0 -0.0097623956 0.0391938893
v 0 -0.0188595 0.0351402798
v 0 -0.0266713607 0.0286919183
v 0 -0.0326656122 0.02028825
v 0 -0.0364337562 0.010501971
v 0 -0.037719 0
v 0 -0.0364337562 -0.010501971
v 0 -0.0326656122 -0.02028825
v 0 -0.0266713607 -0.0286919183
v 0 -0.0188595 -0.0351402798
v 0 -0.0097623956 -0.0391938893
v 0 -0 -0.0405765
v 0 0.0097623956 -0.0391938893
v 0 0.0188595 -0.0351402798
v 0 0.0266713607 -0.0286919183
v 0 0.0326656122 -0.02028825
v 0 0.0364337562 -0.010501971
v 0.5 0.5469255 0
v 0.5 0.5282894655 0.1522785793
v 0.5 0.473651377 0.294179625
v 0.5 0.3867347299 0.4160328154
v 0.5 0.27346275 0.5095340571
v 0.5 0.1415547357 0.5683113947
v 0.5 0 0.58835925
v 0.5 -0.1415547357 0.5683113947
v 0.5 -0.27346275 0.5095340571
v 0.5 -0.3867347299 0.4160328154
v 0.5 -0.473651377 0.294179625
v 0.5 -0.5282894655 0.1522785793
v 0.5 -0.5469255 0
v 0.5 -0.5282894655 -0.1522785793
v 0.5 -0.473651377 -0.294179625
v 0.5 -0.3867347299 -0.4160328154
v 0.5 -0.27346275 -0.5095340571
v 0.5 -0.1415547357 -0.5683113947
v 0.5 -0 -0.58835925
v 0.5 0.1415547357 -0.5683113947
v 0.5 0.27346275 -0.5095340571
v 0.5 0.3867347299 -0.4160328154
v 0.5 0.473651377 -0.294179625
v 0.5 0.5282894655 -0.1522785793
v 1 1.056132 0
v 1 1.020145175 0.2940551875
v 1 0.9146371417 0.568071
v 1 0.746798099 0.8033737126
v 1 0.528066 0.9839278343
v 1 0.2733470757 1.0974289
v 1 0 1.136142
v 1 -0.2733470757 1.0974289
v 1 -0.528066 0.9839278343
v 1 -0.746798099 0.8033737126
v 1 -0.9146371417 0.568071
v 1 -1.020145175 0.2940551875
v 1 -1.056132 0
v 1 -1.020145175 -0.2940551875
v 1 -0.9146371417 -0.568071
v 1 -0.746798099 -0.8033737126
v 1 -0.528066 -0.9839278343
v 1 -0.2733470757 -1.0974289
v 1 -0 -1.136142
v 1 0.2733470757 -1.0974289
v 1 0.528066 -0.9839278343
v 1 0.746798099 -0.8033737126
v 1 0.9146371417 -0.568071
v 1 1.020145175 -0.2940551875
v 1.5 1.3013055 0
v 1.5 1.25696459 0.3623179989
v 1.5 1.126963621 0.699944625
v 1.5 0.9201619434 0.9898711816
v 1.5 0.65065275 1.212339653
v 1.5 0.3368026469 1.35218918
v 1.5 0 1.39988925
v 1.5 -0.3368026469 1.35218918
v 1.5 -0.65065275 1.212339653
v 1.5 -0.9201619434 0.9898711816
v 1.5 -1.126963621 0.699944625
v 1.5 -1.25696459 0.3623179989
v 1.5 -1.3013055 0
v 1.5 -1.25696459 -0.3623179989
v 1.5 -1.126963621 -0.699944625
v 1.5 -0.9201619434 -0.9898711816
v 1.5 -0.65065275 -1.212339653
v 1.5 -0.3368026469 -1.35218918
v 1.5 -0 -1.39988925
v 1.5 0.3368026469 -1.35218918
v 1.5 0.65065275 -1.212339653
v 1.5 0.9201619434 -0.9898711816
v 1.5 1.126963621 -0.699944625
v 1.5 1.25696459 -0.3623179989
v 2 1.546479 0
v 2 1.493784006 0.4305808103
v 2 1.3392901 0.83181825
v 2 1.093525788 1.176368651
v 2 0.7732395 1.440751472
v 2 0.4002582181 1.606949461
v 2 0 1.6636365
v 2 -0.4002582181 1.606949461
v 2 -0.7732395 1.440751472
v 2 -1.093525788 1.176368651
v 2 -1.3392901 0.83181825
v 2 -1.493784006 0.4305808103
v 2 -1.546479 0
v 2 -1.493784006 -0.4305808103
v 2 -1.3392901 -0.83181825
v 2 -1.093525788 -1.176368651
v 2 -0.7732395 -1.440751472
v 2 -0.4002582181 -1.606949461
v 2 -0 -1.6636365
v 2 0.4002582181 -1.606949461
v 2 0.7732395 -1.440751472
v 2 1.093525788 -1.176368651
v 2 1.3392901 -0.83181825
v 2 1.493784006 -0.4305808103
v 2.5 1.7916525 0
v 2.5 1.730603421 0.4988436217
v 2.5 1.55161658 0.963691875
v 2.5 1.266889632 1.36286612
v 2.5 0.89582625 1.66916329
v 2.5 0.4637137892 1.861709741
v 2.5 0 1.92738375
v 2.5 -0.4637137892 1.861709741
v 2.5 -0.89582625 1.66916329
v 2.5 -1.266889632 1.36286612
v 2.5 -1.55161658 0.963691875
v 2.5 -1.730603421 0.4988436217
v 2.5 -1.7916525 0
v 2.5 -1.730603421 -0.4988436217
v 2.5 -1.55161658 -0.963691875
v 2.5 -1.266889632 -1.36286612
v 2.5 -0.89582625 -1.66916329
v 2.5 -0.4637137892 -1.861709741
v 2.5 -0 -1.92738375
v 2.5 0.4637137892 -1.861709741
v 2.5 0.89582625 -1.66916329
v 2.5 1.266889632 -1.36286612
v 2.5 1.55161658 -0.963691875
v 2.5 1.730603421 -0.4988436217
v 3 2.036826 0
v 3 1.967422837 0.5671064331
v 3 1.763943059 1.0955655
v 3 1.440253477 1.549363589
v 3 1.018413 1.897575109
v 3 0.5271693604 2.116470022
v 3 0 2.191131
v 3 -0.5271693604 2.116470022
v 3 -1.018413 1.897575109
v 3 -1.440253477 1.549363589
v 3 -1.763943059 1.0955655
v 3 -1.967422837 0.5671064331
v 3 -2.036826 0
v 3 -1.967422837 -0.5671064331
v 3 -1.763943059 -1.0955655
v 3 -1.440253477 -1.549363589
v 3 -1.018413 -1.897575109
v 3 -0.5271693604 -2.116470022
v 3 -0 -2.191131
v 3 0.5271693604 -2.116470022
v 3 1.018413 -1.897575109
v 3 1.440253477 -1.549363589
v 3 1.763943059 -1.0955655
v 3 1.967422837 -0.5671064331
v 3.566666667 2.170938 0
v 3.566666667 2.096965082 0.6044467744
v 3.566666667 1.880087458 1.1677015
v 3.566666667 1.535084981 1.651379298
v 3.566666667 1.085469 2.022518326
v 3.566666667 0.5618801001 2.255826073
v 3.566666667 0 2.335403
v 3.566666667 -0.5618801001 2.255826073
v 3.566666667 -1.085469 2.022518326
v 3.566666667 -1.535084981 1.651379298
v 3.566666667 -1.880087458 1.1677015
v 3.566666667 -2.096965082 0.6044467744
v 3.566666667 -2.170938 0
v 3.566666667 -2.096965082 -0.6044467744
v 3.566666667 -1.880087458 -1.1677015
v 3.566666667 -1.535084981 -1.651379298
v 3.566666667 -1.085469 -2.022518326
v 3.566666667 -0.5618801001 -2.255826073
v 3.566666667 -0 -2.335403
v 3.566666667 0.5618801001 -2.255826073
v 3.566666667 1.085469 -2.022518326
v 3.566666667 1.535084981 -1.651379298
v 3.566666667 1.880087458 -1.1677015
v 3.566666667 2.096965082 -0.6044467744
v 4.133333333 2.30505 0
v 4.133333333 2.226507326 0.6417871157
v 4.133333333 1.996231857 1.2398375
v 4.133333333 1.629916486 1.753395008
v 4.133333333 1.152525 2.147461543
v 4.133333333 0.5965908399 2.395182123
v 4.133333333 0 2.479675
v 4.133333333 -0.5965908399 2.395182123
v 4.133333333 -1.152525 2.147461543
v 4.133333333 -1.629916486 1.753395008
v 4.133333333 -1.996231857 1.2398375
v 4.133333333 -2.226507326 0.6417871157
v 4.133333333 -2.30505 0
v 4.133333333 -2.226507326 -0.6417871157
v 4.133333333 -1.996231857 -1.2398375
v 4.133333333 -1.629916486 -1.753395008
v 4.133333333 -1.152525 -2.147461543
v 4.133333333 -0.5965908399 -2.395182123
v 4.133333333 -0 -2.479675
v 4.133333333 0.5965908399 -2.395182123
v 4.133333333 1.152525 -2.147461543
v 4.133333333 1.629916486 -1.753395008
v 4.133333333 1.996231857 -1.2398375
v 4.133333333 2.226507326 -0.6417871157
v 4.7 2.439162 0
v 4.7 2.35604957 0.6791274569
v 4.7 2.112376256 1.3119735
v 4.7 1.724747991 1.855410717
v 4.7 1.219581 2.27240476
v 4.7 0.6313015797 2.534538174
v 4.7 0 2.623947
v 4.7 -0.6313015797 2.534538174
v 4.7 -1.219581 2.27240476
v 4.7 -1.724747991 1.855410717
v 4.7 -2.112376256 1.3119735
v 4.7 -2.35604957 0.6791274569
v 4.7 -2.439162 0
v 4.7 -2.35604957 -0.6791274569
v 4.7 -2.112376256 -1.3119735
v 4.7 -1.724747991 -1.855410717
v 4.7 -1.219581 -2.27240476
v 4.7 -0.6313015797 -2.534538174
v 4.7 -0 -2.623947
v 4.7 0.6313015797 -2.534538174
v 4.7 1.219581 -2.27240476
v 4.7 1.724747991 -1.855410717
v 4.7 2.112376256 -1.3119735
v 4.7 2.35604957 -0.6791274569
v 5.283333333 2.451735 0
v 5.283333333 2.368194156 0.6826281139
v 5.283333333 2.123264793 1.31873625
v 5.283333333 1.733638444 1.86497469
v 5.283333333 1.2258675 2.284118187
v 5.283333333 0.6345557115 2.547602804
v 5.283333333 0 2.6374725
v 5.283333333 -0.6345557115 2.547602804
v 5.283333333 -1.2258675 2.284118187
v 5.283333333 -1.733638444 1.86497469
v 5.283333333 -2.123264793 1.31873625
v 5.283333333 -2.368194156 0.6826281139
v 5.283333333 -2.451735 0
v 5.283333333 -2.368194156 -0.6826281139
v 5.283333333 -2.123264793 -1.31873625
v 5.283333333 -1.733638444 -1.86497469
v 5.283333333 -1.2258675 -2.284118187
v 5.283333333 -0.6345557115 -2.547602804
v 5.283333333 -0 -2.6374725
v 5.283333333 0.6345557115 -2.547602804
v 5.283333333 1.2258675 -2.284118187
v 5.283333333 1.733638444 -1.86497469
v 5.283333333 2.123264793 -1.31873625
v 5.283333333 2.368194156 -0.6826281139
v 5.866666667 2.464308 0
v 5.866666667 2.380338741 0.6861287709
v 5.866666667 2.134153331 1.325499
v 5.866666667 1.742528898 1.874538663
v 5.866666667 1.232154 2.295831613
v 5.866666667 0.6378098434 2.560667434
v 5.866666667 0 2.650998
v 5.866666667 -0.6378098434 2.560667434
v 5.866666667 -1.232154 2.295831613
v 5.866666667 -1.742528898 1.874538663
v 5.866666667 -2.134153331 1.325499
v 5.866666667 -2.380338741 0.6861287709
v 5.866666667 -2.464308 0
v 5.866666667 -2.380338741 -0.6861287709
v 5.866666667 -2.134153331 -1.325499
v 5.866666667 -1.742528898 -1.874538663
v 5.866666667 -1.232154 -2.295831613
v 5.866666667 -0.6378098434 -2.560667434
v 5.866666667 -0 -2.650998
v 5.866666667 0.6378098434 -2.560667434
v 5.866666667 1.232154 -2.295831613
v 5.866666667 1.742528898 -1.874538663
v 5.866666667 2.134153331 -1.325499
v 5.866666667 2.380338741 -0.6861287709
v 6.45 2.476881 0
v 6.45 2.392483326 0.6896294279
v 6.45 2.145041868 1.33226175
v 6.45 1.751419351 1.884102635
v 6.45 1.2384405 2.30754504
v 6.45 0.6410639753 2.573732063
v 6.45 0 2.6645235
v 6.45 -0.6410639753 2.573732063
v 6.45 -1.2384405 2.30754504
v 6.45 -1.751419351 1.884102635
v 6.45 -2.145041868 1.33226175
v 6.45 -2.392483326 0.6896294279
v 6.45 -2.476881 0
v 6.45 -2.392483326 -0.6896294279
v 6.45 -2.145041868 -1.33226175
v 6.45 -1.751419351 -1.884102635
v 6.45 -1.2384405 -2.30754504
v 6.45 -0.6410639753 -2.573732063
v 6.45 -0 -2.6645235
v 6.45 0.6410639753 -2.573732063
v 6.45 1.2384405 -2.30754504
v 6.45 1.751419351 -1.884102635
v 6.45 2.145041868 -1.33226175
v 6.45 2.392483326 -0.6896294279
v 7.033333333 2.489454 0
v 7.033333333 2.404627912 0.6931300849
v 7.033333333 2.155930406 1.3390245
v 7.033333333 1.760309805 1.893666608
v 7.033333333 1.244727 2.319258467
v 7.033333333 0.6443181071 2.586796693
v 7.033333333 0 2.678049
v 7.033333333 -0.6443181071 2.586796693
v 7.033333333 -1.244727 2.319258467
v 7.033333333 -1.760309805 1.893666608
v 7.033333333 -2.155930406 1.3390245
v 7.033333333 -2.404627912 0.6931300849
v 7.033333333 -2.489454 0
v 7.033333333 -2.404627912 -0.6931300849
v 7.033333333 -2.155930406 -1.3390245
v 7.033333333 -1.760309805 -1.893666608
v 7.033333333 -1.244727 -2.319258467
v 7.033333333 -0.6443181071 -2.586796693
v 7.033333333 -0 -2.678049
v 7.033333333 0.6443181071 -2.586796693
v 7.033333333 1.244727 -2.319258467
v 7.033333333 1.760309805 -1.893666608
v 7.033333333 2.155930406 -1.3390245
v 7.033333333 2.404627912 -0.6931300849
v 7.616666667 2.502027 0
v 7.616666667 2.416772497 0.6966307419
v 7.616666667 2.166818943 1.34578725
v 7.616666667 1.769200258 1.903230581
v 7.616666667 1.2510135 2.330971893
v 7.616666667 0.647572239 2.599861323
v 7.616666667 0 2.6915745
v 7.616666667 -0.647572239 2.599861323
v 7.616666667 -1.2510135 2.330971893
v 7.616666667 -1.769200258 1.903230581
v 7.616666667 -2.166818943 1.34578725
v 7.616666667 -2.416772497 0.6966307419
v 7.616666667 -2.502027 0
v 7.616666667 -2.416772497 -0.6966307419
v 7.616666667 -2.166818943 -1.34578725
v 7.616666667 -1.769200258 -1.903230581
v 7.616666667 -1.2510135 -2.330971893
v 7.616666667 -0.647572239 -2.599861323
v 7.616666667 -0 -2.6915745
v 7.616666667 0.647572239 -2.599861323
v 7.616666667 1.2510135 -2.330971893
v 7.616666667 1.769200258 -1.903230581
v 7.616666667 2.166818943 -1.34578725
v 7.616666667 2.416772497 -0.6966307419
v 8.2 2.5146 0
v 8.2 2.428917083 0.7001313989
v 8.2 2.17770748 1.35255
v 8.2 1.778090712 1.912794554
v 8.2 1.2573 2.34268532
v 8.2 0.6508263708 2.612925953
v 8.2 0 2.7051
v 8.2 -0.6508263708 2.612925953
v 8.2 -1.2573 2.34268532
v 8.2 -1.778090712 1.912794554
v 8.2 -2.17770748 1.35255
v 8.2 -2.428917083 0.7001313989
v 8.2 -2.5146 0
v 8.2 -2.428917083 -0.7001313989
v 8.2 -2.17770748 -1.35255
v 8.2 -1.778090712 -1.912794554
v 8.2 -1.2573 -2.34268532
v 8.2 -0.6508263708 -2.612925953
v 8.2 -0 -2.7051
v 8.2 0.6508263708 -2.612925953
v 8.2 1.2573 -2.34268532
v 8.2 1.778090712 -1.912794554
v 8.2 2.17770748 -1.35255
v 8.2 2.428917083 -0.7001313989
v 8.794418605 2.5146 0
v 8.794418605 2.428917083 0.7001313989
v 8.794418605 2.17770748 1.35255
v 8.794418605 1.778090712 1.912794554
v 8.794418605 1.2573 2.34268532
v 8.794418605 0.6508263708 2.612925953
v 8.794418605 0 2.7051
v 8.794418605 -0.6508263708 2.612925953
v 8.794418605 -1.2573 2.34268532
v 8.794418605 -1.778090712 1.912794554
v 8.794418605 -2.17770748 1.35255
v 8.794418605 -2.428917083 0.7001313989
v 8.794418605 -2.5146 0
v 8.794418605 -2.428917083 -0.7001313989
v 8.794418605 -2.17770748 -1.35255
v 8.794418605 -1.778090712 -1.912794554
v 8.794418605 -1.2573 -2.34268532
v 8.794418605 -0.6508263708 -2.612925953
v 8.794418605 -0 -2.7051
v 8.794418605 0.6508263708 -2.612925953
v 8.794418605 1.2573 -2.34268532
v 8.794418605 1.778090712 -1.912794554
v 8.794418605 2.17770748 -1.35255
v 8.794418605 2.428917083 -0.7001313989
v 9.388837209 2.5146 0
v 9.388837209 2.428917083 0.7001313989
v 9.388837209 2.17770748 1.35255
v 9.388837209 1.778090712 1.912794554
v 9.388837209 1.2573 2.34268532
v 9.388837209 0.6508263708 2.612925953
v 9.388837209 0 2.7051
v 9.388837209 -0.6508263708 2.612925953
v 9.388837209 -1.2573 2.34268532
v 9.388837209 -1.778090712 1.912794554
v 9.388837209 -2.17770748 1.35255
v 9.388837209 -2.428917083 0.7001313989
v 9.388837209 -2.5146 0
v 9.388837209 -2.428917083 -0.7001313989
v 9.388837209 -2.17770748 -1.35255
v 9.388837209 -1.778090712 -1.912794554
v 9.388837209 -1.2573 -2.34268532
v 9.388837209 -0.6508263708 -2.612925953
v 9.388837209 -0 -2.7051
v 9.388837209 0.6508263708 -2.612925953
v 9.388837209 1.2573 -2.34268532
v 9.388837209 1.778090712 -1.912794554
v 9.388837209 2.17770748 -1.35255
v 9.388837209 2.428917083 -0.7001313989
v 9.983255814 2.5146 0
v 9.983255814 2.428917083 0.7001313989
v 9.983255814 2.17770748 1.35255
v 9.983255814 1.778090712 1.912794554
v 9.983255814 1.2573 2.34268532
v 9.983255814 0.6508263708 2.612925953
v 9.983255814 0 2.7051
v 9.983255814 -0.6508263708 2.612925953
v 9.983255814 -1.2573 2.34268532
v 9.983255814 -1.778090712 1.912794554
v 9.983255814 -2.17770748 1.35255
v 9.983255814 -2.428917083 0.7001313989
v 9.983255814 -2.5146 0
v 9.983255814 -2.428917083 -0.7001313989
v 9.983255814 -2.17770748 -1.35255
v 9.983255814 -1.778090712 -1.912794554
v 9.983255814 -1.2573 -2.34268532
v 9.983255814 -0.6508263708 -2.612925953
v 9.983255814 -0 -2.7051
v 9.983255814 0.6508263708 -2.612925953
v 9.983255814 1.2573 -2.34268532
v 9.983255814 1.778090712 -1.912794554
v 9.983255814 2.17770748 -1.35255
v 9.983255814 2.428917083 -0.7001313989
v 10.57767442 2.5146 0
v 10.57767442 2.428917083 0.7001313989
v 10.57767442 2.17770748 1.35255
v 10.57767442 1.778090712 1.912794554
v 10.57767442 1.2573 2.34268532
v 10.57767442 0.6508263708 2.612925953
v 10.57767442 0 2.7051
v 10.57767442 -0.6508263708 2.612925953
v 10.57767442 -1.2573 2.34268532
v 10.57767442 -1.778090712 1.912794554
v 10.57767442 -2.17770748 1.35255
v 10.57767442 -2.428917083 0.7001313989
v 10.57767442 -2.5146 0
v 10.57767442 -2.428917083 -0.7001313989
v 10.57767442 -2.17770748 -1.35255
v 10.57767442 -1.778090712 -1.912794554
v 10.57767442 -1.2573 -2.34268532
v 10.57767442 -0.6508263708 -2.612925953
v 10.57767442 -0 -2.7051
v 10.57767442 0.6508263708 -2.612925953
v 10.57767442 1.2573 -2.34268532
v 10.57767442 1.778090712 -1.912794554
v 10.57767442 2.17770748 -1.35255
v 10.57767442 2.428917083 -0.7001313989
v 11.17209302 2.5146 0
v 11.17209302 2.428917083 0.7001313989
v 11.17209302 2.17770748 1.35255
v 11.17209302 1.778090712 1.912794554
v 11.17209302 1.2573 2.34268532
v 11.17209302 0.6508263708 2.612925953
v 11.17209302 0 2.7051
v 11.17209302 -0.6508263708 2.612925953
v 11.17209302 -1.2573 2.34268532
v 11.17209302 -1.778090712 1.912794554
v 11.17209302 -2.17770748 1.35255
v 11.17209302 -2.428917083 0.7001313989
v 11.17209302 -2.5146 0
v 11.17209302 -2.428917083 -0.7001313989
v 11.17209302 -2.17770748 -1.35255
v 11.17209302 -1.778090712 -1.912794554
v 11.17209302 -1.2573 -2.34268532
v 11.17209302 -0.6508263708 -2.612925953
v 11.17209302 -0 -2.7051
v 11.17209302 0.6508263708 -2.612925953
v 11.17209302 1.2573 -2.34268532
v 11.17209302 1.778090712 -1.912794554
v 11.17209302 2.17770748 -1.35255
v 11.17209302 2.428917083 -0.7001313989
v 11.76651163 2.5146 0
v 11.76651163 2.428917083 0.7001313989
v 11.76651163 2.17770748 1.35255
v 11.76651163 1.778090712 1.912794554
v 11.76651163 1.2573 2.34268532
v 11.76651163 0.6508263708 2.612925953
v 11.76651163 0 2.7051
v 11.76651163 -0.6508263708 2.612925953
v 11.76651163 -1.2573 2.34268532
v 11.76651163 -1.778090712 1.912794554
v 11.76651163 -2.17770748 1.35255
v 11.76651163 -2.428917083 0.7001313989
v 11.76651163 -2.5146 0
v 11.76651163 -2.428917083 -0.7001313989
v 11.76651163 -2.17770748 -1.35255
v 11.76651163 -1.778090712 -1.912794554
v 11.76651163 -1.2573 -2.34268532
v 11.76651163 -0.6508263708 -2.612925953
v 11.76651163 -0 -2.7051
v 11.76651163 0.6508263708 -2.612925953
v 11.76651163 1.2573 -2.34268532
v 11.76651163 1.778090712 -1.912794554
v 11.76651163 2.17770748 -1.35255
v 11.76651163 2.428917083 -0.7001313989
v 12.36093023 2.5146 0
v 12.36093023 2.428917083 0.7001313989
v 12.36093023 2.17770748 1.35255
v 12.36093023 1.778090712 1.912794554
v 12.36093023 1.2573 2.34268532
v 12.36093023 0.6508263708 2.612925953
v 12.36093023 0 2.7051
v 12.36093023 -0.6508263708 2.612925953
v 12.36093023 -1.2573 2.34268532
v 12.36093023 -1.778090712 1.912794554
v 12.36093023 -2.17770748 1.35255
v 12.36093023 -2.428917083 0.7001313989
v 12.36093023 -2.5146 0
v 12.36093023 -2.428917083 -0.7001313989
v 12.36093023 -2.17770748 -1.35255
v 12.36093023 -1.778090712 -1.912794554
v 12.36093023 -1.2573 -2.34268532
v 12.36093023 -0.6508263708 -2.612925953
v 12.36093023 -0 -2.7051
v 12.36093023 0.6508263708 -2.612925953
v 12.36093023 1.2573 -2.34268532
v 12.36093023 1.778090712 -1.912794554
v 12.36093023 2.17770748 -1.35255
v 12.36093023 2.428917083 -0.7001313989
v 12.95534884 2.5146 0
v 12.95534884 2.428917083 0.7001313989
v 12.95534884 2.17770748 1.35255
v 12.95534884 1.778090712 1.912794554
v 12.95534884 1.2573 2.34268532
v 12.95534884 0.6508263708 2.612925953
v 12.95534884 0 2.7051
v 12.95534884 -0.6508263708 2.612925953
v 12.95534884 -1.2573 2.34268532
v 12.95534884 -1.778090712 1.912794554
v 12.95534884 -2.17770748 1.35255
v 12.95534884 -2.428917083 0.7001313989
v 12.95534884 -2.5146 0
v 12.95534884 -2.428917083 -0.7001313989
v 12.95534884 -2.17770748 -1.35255
v 12.95534884 -1.778090712 -1.912794554
v 12.95534884 -1.2573 -2.34268532
v 12.95534884 -0.6508263708 -2.612925953
v 12.95534884 -0 -2.7051
v 12.95534884 0.6508263708 -2.612925953
v 12.95534884 1.2573 -2.34268532
v 12.95534884 1.778090712 -1.912794554
v 12.95534884 2.17770748 -1.35255
v 12.95534884 2.428917083 -0.7001313989
v 13.54976744 2.5146 0
v 13.54976744 2.428917083 0.7001313989
v 13.54976744 2.17770748 1.35255
v 13.54976744 1.778090712 1.912794554
v 13.54976744 1.2573 2.34268532
v 13.54976744 0.6508263708 2.612925953
v 13.54976744 0 2.7051
v 13.54976744 -0.6508263708 2.612925953
v 13.54976744 -1.2573 2.34268532
v 13.54976744 -1.778090712 1.912794554
v 13.54976744 -2.17770748 1.35255
v 13.54976744 -2.428917083 0.7001313989
v 13.54976744 -2.5146 0
v 13.54976744 -2.428917083 -0.7001313989
v 13.54976744 -2.17770748 -1.35255
v 13.54976744 -1.778090712 -1.912794554
v 13.54976744 -1.2573 -2.34268532
v 13.54976744 -0.6508263708 -2.612925953
v 13.54976744 -0 -2.7051
v 13.54976744 0.6508263708 -2.612925953
v 13.54976744 1.2573 -2.34268532
v 13.54976744 1.778090712 -1.912794554
v 13.54976744 2.17770748 -1.35255
v 13.54976744 2.428917083 -0.7001313989
v 14.14418605 2.5146 0
v 14.14418605 2.428917083 0.7001313989
v 14.14418605 2.17770748 1.35255
v 14.14418605 1.778090712 1.912794554
v 14.14418605 1.2573 2.34268532
v 14.14418605 0.6508263708 2.612925953
v 14.14418605 0 2.7051
v 14.14418605 -0.6508263708 2.612925953
v 14.14418605 -1.2573 2.34268532
v 14.14418605 -1.778090712 1.912794554
v 14.14418605 -2.17770748 1.35255
v 14.14418605 -2.428917083 0.7001313989
v 14.14418605 -2.5146 0
v 14.14418605 -2.428917083 -0.7001313989
v 14.14418605 -2.17770748 -1.35255
v 14.14418605 -1.778090712 -1.912794554
v 14.14418605 -1.2573 -2.34268532
v 14.14418605 -0.6508263708 -2.612925953
v 14.14418605 -0 -2.7051
v 14.14418605 0.6508263708 -2.612925953
v 14.14418605 1.2573 -2.34268532
v 14.14418605 1.778090712 -1.912794554
v 14.14418605 2.17770748 -1.35255
v 14.14418605 2.428917083 -0.7001313989
v 14.73860465 2.5146 0
v 14.73860465 2.428917083 0.7001313989
v 14.73860465 2.17770748 1.35255
v 14.73860465 1.778090712 1.912794554
v 14.73860465 1.2573 2.34268532
v 14.73860465 0.6508263708 2.612925953
v 14.73860465 0 2.7051
v 14.73860465 -0.6508263708 2.612925953
v 14.73860465 -1.2573 2.34268532
v 14.73860465 -1.778090712 1.912794554
v 14.73860465 -2.17770748 1.35255
v 14.73860465 -2.428917083 0.7001313989
v 14.73860465 -2.5146 0
v 14.73860465 -2.428917083 -0.7001313989
v 14.73860465 -2.17770748 -1.35255
v 14.73860465 -1.778090712 -1.912794554
v 14.73860465 -1.2573 -2.34268532
v 14.73860465 -0.6508263708 -2.612925953
v 14.73860465 -0 -2.7051
v 14.73860465 0.6508263708 -2.612925953
v 14.73860465 1.2573 -2.34268532
v 14.73860465 1.778090712 -1.912794554
v 14.73860465 2.17770748 -1.35255
v 14.73860465 2.428917083 -0.7001313989
v 15.33302326 2.5146 0
v 15.33302326 2.428917083 0.7001313989
v 15.33302326 2.17770748 1.35255
v 15.33302326 1.778090712 1.912794554
v 15.33302326 1.2573 2.34268532
v 15.33302326 0.6508263708 2.612925953
v 15.33302326 0 2.7051
v 15.33302326 -0.6508263708 2.612925953
v 15.33302326 -1.2573 2.34268532
v 15.33302326 -1.778090712 1.912794554
v 15.33302326 -2.17770748 1.35255
v 15.33302326 -2.428917083 0.7001313989
v 15.33302326 -2.5146 0
v 15.33302326 -2.428917083 -0.7001313989
v 15.33302326 -2.17770748 -1.35255
v 15.33302326 -1.778090712 -1.912794554
v 15.33302326 -1.2573 -2.34268532
v 15.33302326 -0.6508263708 -2.612925953
v 15.33302326 -0 -2.7051
v 15.33302326 0.6508263708 -2.612925953
v 15.33302326 1.2573 -2.34268532
v 15.33302326 1.778090712 -1.912794554
v 15.33302326 2.17770748 -1.35255
v 15.33302326 2.428917083 -0.7001313989
v 15.92744186 2.5146 0
v 15.92744186 2.428917083 0.7001313989
v 15.92744186 2.17770748 1.35255
v 15.92744186 1.778090712 1.912794554
v 15.92744186 1.2573 2.34268532
v 15.92744186 0.6508263708 2.612925953
v 15.92744186 0 2.7051
v 15.92744186 -0.6508263708 2.612925953
v 15.92744186 -1.2573 2.34268532
v 15.92744186 -1.778090712 1.912794554
v 15.92744186 -2.17770748 1.35255
v 15.92744186 -2.428917083 0.7001313989
v 15.92744186 -2.5146 0
v 15.92744186 -2.428917083 -0.7001313989
v 15.92744186 -2.17770748 -1.35255
v 15.92744186 -1.778090712 -1.912794554
v 15.92744186 -1.2573 -2.34268532
v 15.92744186 -0.6508263708 -2.612925953
v 15.92744186 -0 -2.7051
v 15.92744186 0.6508263708 -2.612925953
v 15.92744186 1.2573 -2.34268532
v 15.92744186 1.778090712 -1.912794554
v 15.92744186 2.17770748 -1.35255
v 15.92744186 2.428917083 -0.7001313989
v 16.52186047 2.5146 0
v 16.52186047 2.428917083 0.7001313989
v 16.52186047 2.17770748 1.35255
v 16.52186047 1.778090712 1.912794554
v 16.52186047 1.2573 2.34268532
v 16.52186047 0.6508263708 2.612925953
v 16.52186047 0 2.7051
v 16.52186047 -0.6508263708 2.612925953
v 16.52186047 -1.2573 2.34268532
v 16.52186047 -1.778090712 1.912794554
v 16.52186047 -2.17770748 1.35255
v 16.52186047 -2.428917083 0.7001313989
v 16.52186047 -2.5146 0
v 16.52186047 -2.428917083 -0.7001313989
v 16.52186047 -2.17770748 -1.35255
v 16.52186047 -1.778090712 -1.912794554
v 16.52186047 -1.2573 -2.34268532
v 16.52186047 -0.6508263708 -2.612925953
v 16.52186047 -0 -2.7051
v 16.52186047 0.6508263708 -2.612925953
v 16.52186047 1.2573 -2.34268532
v 16.52186047 1.778090712 -1.912794554
v 16.52186047 2.17770748 -1.35255
v 16.52186047 2.428917083 -0.7001313989
v 17.11627907 2.5146 0
v 17.11627907 2.428917083 0.7001313989
v 17.11627907 2.17770748 1.35255
v 17.11627907 1.778090712 1.912794554
v 17.11627907 1.2573 2.34268532
v 17.11627907 0.6508263708 2.612925953
v 17.11627907 0 2.7051
v 17.11627907 -0.6508263708 2.612925953
v 17.11627907 -1.2573 2.34268532
v 17.11627907 -1.778090712 1.912794554
v 17.11627907 -2.17770748 1.35255
v 17.11627907 -2.428917083 0.7001313989
v 17.11627907 -2.5146 0
v 17.11627907 -2.428917083 -0.7001313989
v 17.11627907 -2.17770748 -1.35255
v 17.11627907 -1.778090712 -1.912794554
v 17.11627907 -1.2573 -2.34268532
v 17.11627907 -0.6508263708 -2.612925953
v 17.11627907 -0 -2.7051
v 17.11627907 0.6508263708 -2.612925953
v 17.11627907 1.2573 -2.34268532
v 17.11627907 1.778090712 -1.912794554
v 17.11627907 2.17770748 -1.35255
v 17.11627907 2.428917083 -0.7001313989
v 17.71069767 2.5146 0
v 17.71069767 2.428917083 0.7001313989
v 17.71069767 2.17770748 1.35255
v 17.71069767 1.778090712 1.912794554
v 17.71069767 1.2573 2.34268532
v 17.71069767 0.6508263708 2.612925953
v 17.71069767 0 2.7051
v 17.71069767 -0.6508263708 2.612925953
v 17.71069767 -1.2573 2.34268532
v 17.71069767 -1.778090712 1.912794554
v 17.71069767 -2.17770748 1.35255
v 17.71069767 -2.428917083 0.7001313989
v 17.71069767 -2.5146 0
v 17.71069767 -2.428917083 -0.7001313989
v 17.71069767 -2.17770748 -1.35255
v 17.71069767 -1.778090712 -1.912794554
v 17.71069767 -1.2573 -2.34268532
v 17.71069767 -0.6508263708 -2.612925953
v 17.71069767 -0 -2.7051
v 17.71069767 0.6508263708 -2.612925953
v 17.71069767 1.2573 -2.34268532
v 17.71069767 1.778090712 -1.912794554
v 17.71069767 2.17770748 -1.35255
v 17.71069767 2.428917083 -0.7001313989
v 18.30511628 2.5146 0
v 18.30511628 2.428917083 0.7001313989
v 18.30511628 2.17770748 1.35255
v 18.30511628 1.778090712 1.912794554
v 18.30511628 1.2573 2.34268532
v 18.30511628 0.6508263708 2.612925953
v 18.30511628 0 2.7051
v 18.30511628 -0.6508263708 2.612925953
v 18.30511628 -1.2573 2.34268532
v 18.30511628 -1.778090712 1.912794554
v 18.30511628 -2.17770748 1.35255
v 18.30511628 -2.428917083 0.7001313989
v 18.30511628 -2.5146 0
v 18.30511628 -2.428917083 -0.7001313989
v 18.30511628 -2.17770748 -1.35255
v 18.30511628 -1.778090712 -1.912794554
v 18.30511628 -1.2573 -2.34268532
v 18.30511628 -0.6508263708 -2.612925953
v 18.30511628 -0 -2.7051
v 18.30511628 0.6508263708 -2.612925953
v 18.30511628 1.2573 -2.34268532
v 18.30511628 1.778090712 -1.912794554
v 18.30511628 2.17770748 -1.35255
v 18.30511628 2.428917083 -0.7001313989
v 18.89953488 2.5146 0
v 18.89953488 2.428917083 0.7001313989
v 18.89953488 2.17770748 1.35255
v 18.89953488 1.778090712 1.912794554
v 18.89953488 1.2573 2.34268532
v 18.89953488 0.6508263708 2.612925953
v 18.89953488 0 2.7051
v 18.89953488 -0.6508263708 2.612925953
v 18.89953488 -1.2573 2.34268532
v 18.89953488 -1.778090712 1.912794554
v 18.89953488 -2.17770748 1.35255
v 18.89953488 -2.428917083 0.7001313989
v 18.89953488 -2.5146 0
v 18.89953488 -2.428917083 -0.7001313989
v 18.89953488 -2.17770748 -1.35255
v 18.89953488 -1.778090712 -1.912794554
v 18.89953488 -1.2573 -2.34268532
v 18.89953488 -0.6508263708 -2.612925953
v 18.89953488 -0 -2.7051
v 18.89953488 0.6508263708 -2.612925953
v 18.89953488 1.2573 -2.34268532
v 18.89953488 1.778090712 -1.912794554
v 18.89953488 2.17770748 -1.35255
v 18.89953488 2.428917083 -0.7001313989
v 19.49395349 2.5146 0
v 19.49395349 2.428917083 0.7001313989
v 19.49395349 2.17770748 1.35255
v 19.49395349 1.778090712 1.912794554
v 19.49395349 1.2573 2.34268532
v 19.49395349 0.6508263708 2.612925953
v 19.49395349 0 2.7051
v 19.49395349 -0.6508263708 2.612925953
v 19.49395349 -1.2573 2.34268532
v 19.49395349 -1.778090712 1.912794554
v 19.49395349 -2.17770748 1.35255
v 19.49395349 -2.428917083 0.7001313989
v 19.49395349 -2.5146 0
v 19.49395349 -2.428917083 -0.7001313989
v 19.49395349 -2.17770748 -1.35255
v 19.49395349 -1.778090712 -1.912794554
v 19.49395349 -1.2573 -2.34268532
v 19.49395349 -0.6508263708 -2.612925953
v 19.49395349 -0 -2.7051
v 19.49395349 0.6508263708 -2.612925953
v 19.49395349 1.2573 -2.34268532
v 19.49395349 1.778090712 -1.912794554
v 19.49395349 2.17770748 -1.35255
v 19.49395349 2.428917083 -0.7001313989
v 20.08837209 2.5146 0
v 20.08837209 2.428917083 0.7001313989
v 20.08837209 2.17770748 1.35255
v 20.08837209 1.778090712 1.912794554
v 20.08837209 1.2573 2.34268532
v 20.08837209 0.6508263708 2.612925953
v 20.08837209 0 2.7051
v 20.08837209 -0.6508263708 2.612925953
v 20.08837209 -1.2573 2.34268532
v 20.08837209 -1.778090712 1.912794554
v 20.08837209 -2.17770748 1.35255
v 20.08837209 -2.428917083 0.7001313989
v 20.08837209 -2.5146 0
v 20.08837209 -2.428917083 -0.7001313989
v 20.08837209 -2.17770748 -1.35255
v 20.08837209 -1.778090712 -1.912794554
v 20.08837209 -1.2573 -2.34268532
v 20.08837209 -0.6508263708 -2.612925953
v 20.08837209 -0 -2.7051
v 20.08837209 0.6508263708 -2.612925953
v 20.08837209 1.2573 -2.34268532
v 20.08837209 1.778090712 -1.912794554
v 20.08837209 2.17770748 -1.35255
v 20.08837209 2.428917083 -0.7001313989
v 20.6827907 2.5146 0
v 20.6827907 2.428917083 0.7001313989
v 20.6827907 2.17770748 1.35255
v 20.6827907 1.778090712 1.912794554
v 20.6827907 1.2573 2.34268532
v 20.6827907 0.6508263708 2.612925953
v 20.6827907 0 2.7051
v 20.6827907 -0.6508263708 2.612925953
v 20.6827907 -1.2573 2.34268532
v 20.6827907 -1.778090712 1.912794554
v 20.6827907 -2.17770748 1.35255
v 20.6827907 -2.428917083 0.7001313989
v 20.6827907 -2.5146 0
v 20.6827907 -2.428917083 -0.7001313989
v 20.6827907 -2.17770748 -1.35255
v 20.6827907 -1.778090712 -1.912794554
v 20.6827907 -1.2573 -2.34268532
v 20.6827907 -0.6508263708 -2.612925953
v 20.6827907 -0 -2.7051
v 20.6827907 0.6508263708 -2.612925953
v 20.6827907 1.2573 -2.34268532
v 20.6827907 1.778090712 -1.912794554
v 20.6827907 2.17770748 -1.35255
v 20.6827907 2.428917083 -0.7001313989
v 21.2772093 2.5146 0
v 21.2772093 2.428917083 0.7001313989
v 21.2772093 2.17770748 1.35255
v 21.2772093 1.778090712 1.912794554
v 21.2772093 1.2573 2.34268532
v 21.2772093 0.6508263708 2.612925953
v 21.2772093 0 2.7051
v 21.2772093 -0.6508263708 2.612925953
v 21.2772093 -1.2573 2.34268532
v 21.2772093 -1.778090712 1.912794554
v 21.2772093 -2.17770748 1.35255
v 21.2772093 -2.428917083 0.7001313989
v 21.2772093 -2.5146 0
v 21.2772093 -2.428917083 -0.7001313989
v 21.2772093 -2.17770748 -1.35255
v 21.2772093 -1.778090712 -1.912794554
v 21.2772093 -1.2573 -2.34268532
v 21.2772093 -0.6508263708 -2.612925953
v 21.2772093 -0 -2.7051
v 21.2772093 0.6508263708 -2.612925953
v 21.2772093 1.2573 -2.34268532
v 21.2772093 1.778090712 -1.912794554
v 21.2772093 2.17770748 -1.35255
v 21.2772093 2.428917083 -0.7001313989
v 21.87162791 2.5146 0
v 21.87162791 2.428917083 0.7001313989
v 21.87162791 2.17770748 1.35255
v 21.87162791 1.778090712 1.912794554
v 21.87162791 1.2573 2.34268532
v 21.87162791 0.6508263708 2.612925953
v 21.87162791 0 2.7051
v 21.87162791 -0.6508263708 2.612925953
v 21.87162791 -1.2573 2.34268532
v 21.87162791 -1.778090712 1.912794554
v 21.87162791 -2.17770748 1.35255
v 21.87162791 -2.428917083 0.7001313989
v 21.87162791 -2.5146 0
v 21.87162791 -2.428917083 -0.7001313989
v 21.87162791 -2.17770748 -1.35255
v 21.87162791 -1.778090712 -1.912794554
v 21.87162791 -1.2573 -2.34268532
v 21.87162791 -0.6508263708 -2.612925953
v 21.87162791 -0 -2.7051
v 21.87162791 0.6508263708 -2.612925953
v 21.87162791 1.2573 -2.34268532
v 21.87162791 1.778090712 -1.912794554
v 21.87162791 2.17770748 -1.35255
v 21.87162791 2.428917083 -0.7001313989
v 22.46604651 2.5146 0
v 22.46604651 2.428917083 0.7001313989
v 22.46604651 2.17770748 1.35255
v 22.46604651 1.778090712 1.912794554
v 22.46604651 1.2573 2.34268532
v 22.46604651 0.6508263708 2.612925953
v 22.46604651 0 2.7051
v 22.46604651 -0.6508263708 2.612925953
v 22.46604651 -1.2573 2.34268532
v 22.46604651 -1.778090712 1.912794554
v 22.46604651 -2.17770748 1.35255
v 22.46604651 -2.428917083 0.7001313989
v 22.46604651 -2.5146 0
v 22.46604651 -2.428917083 -0.7001313989
v 22.46604651 -2.17770748 -1.35255
v 22.46604651 -1.778090712 -1.912794554
v 22.46604651 -1.2573 -2.34268532
v 22.46604651 -0.6508263708 -2.612925953
v 22.46604651 -0 -2.7051
v 22.46604651 0.6508263708 -2.612925953
v 22.46604651 1.2573 -2.34268532
v 22.46604651 1.778090712 -1.912794554
v 22.46604651 2.17770748 -1.35255
v 22.46604651 2.428917083 -0.7001313989
v 23.06046512 2.5146 0
v 23.06046512 2.428917083 0.7001313989
v 23.06046512 2.17770748 1.35255
v 23.06046512 1.778090712 1.912794554
v 23.06046512 1.2573 2.34268532
v 23.06046512 0.6508263708 2.612925953
v 23.06046512 0 2.7051
v 23.06046512 -0.6508263708 2.612925953
v 23.06046512 -1.2573 2.34268532
v 23.06046512 -1.778090712 1.912794554
v 23.06046512 -2.17770748 1.35255
v 23.06046512 -2.428917083 0.7001313989
v 23.06046512 -2.5146 0
v 23.06046512 -2.428917083 -0.7001313989
v 23.06046512 -2.17770748 -1.35255
v 23.06046512 -1.778090712 -1.912794554
v 23.06046512 -1.2573 -2.34268532
v 23.06046512 -0.6508263708 -2.612925953
v 23.06046512 -0 -2.7051
v 23.06046512 0.6508263708 -2.612925953
v 23.06046512 1.2573 -2.34268532
v 23.06046512 1.778090712 -1.912794554
v 23.06046512 2.17770748 -1.35255
v 23.06046512 2.428917083 -0.7001313989
v 23.65488372 2.5146 0
v 23.65488372 2.428917083 0.7001313989
v 23.65488372 2.17770748 1.35255
v 23.65488372 1.778090712 1.912794554
v 23.65488372 1.2573 2.34268532
v 23.65488372 0.6508263708 2.612925953
v 23.65488372 0 2.7051
v 23.65488372 -0.6508263708 2.612925953
v 23.65488372 -1.2573 2.34268532
v 23.65488372 -1.778090712 1.912794554
v 23.65488372 -2.17770748 1.35255
v 23.65488372 -2.428917083 0.7001313989
v 23.65488372 -2.5146 0
v 23.65488372 -2.428917083 -0.7001313989
v 23.65488372 -2.17770748 -1.35255
v 23.65488372 -1.778090712 -1.912794554
v 23.65488372 -1.2573 -2.34268532
v 23.65488372 -0.6508263708 -2.612925953
v 23.65488372 -0 -2.7051
v 23.65488372 0.6508263708 -2.612925953
v 23.65488372 1.2573 -2.34268532
v 23.65488372 1.778090712 -1.912794554
v 23.65488372 2.17770748 -1.35255
v 23.65488372 2.428917083 -0.7001313989
v 24.24930233 2.5146 0
v 24.24930233 2.428917083 0.7001313989
v 24.24930233 2.17770748 1.35255
v 24.24930233 1.778090712 1.912794554
v 24.24930233 1.2573 2.34268532
v 24.24930233 0.6508263708 2.612925953
v 24.24930233 0 2.7051
v 24.24930233 -0.6508263708 2.612925953
v 24.24930233 -1.2573 2.34268532
v 24.24930233 -1.778090712 1.912794554
v 24.24930233 -2.17770748 1.35255
v 24.24930233 -2.428917083 0.7001313989
v 24.24930233 -2.5146 0
v 24.24930233 -2.428917083 -0.7001313989
v 24.24930233 -2.17770748 -1.35255
v 24.24930233 -1.778090712 -1.912794554
v 24.24930233 -1.2573 -2.34268532
v 24.24930233 -0.6508263708 -2.612925953
v 24.24930233 -0 -2.7051
v 24.24930233 0.6508263708 -2.612925953
v 24.24930233 1.2573 -2.34268532
v 24.24930233 1.778090712 -1.912794554
v 24.24930233 2.17770748 -1.35255
v 24.24930233 2.428917083 -0.7001313989
v 24.84372093 2.5146 0
v 24.84372093 2.428917083 0.7001313989
v 24.84372093 2.17770748 1.35255
v 24.84372093 1.778090712 1.912794554
v 24.84372093 1.2573 2.34268532
v 24.84372093 0.6508263708 2.612925953
v 24.84372093 0 2.7051
v 24.84372093 -0.6508263708 2.612925953
v 24.84372093 -1.2573 2.34268532
v 24.84372093 -1.778090712 1.912794554
v 24.84372093 -2.17770748 1.35255
v 24.84372093 -2.428917083 0.7001313989
v 24.84372093 -2.5146 0
v 24.84372093 -2.428917083 -0.7001313989
v 24.84372093 -2.17770748 -1.35255
v 24.84372093 -1.778090712 -1.912794554
v 24.84372093 -1.2573 -2.34268532
v 24.84372093 -0.6508263708 -2.612925953
v 24.84372093 -0 -2.7051
v 24.84372093 0.6508263708 -2.612925953
v 24.84372093 1.2573 -2.34268532
v 24.84372093 1.778090712 -1.912794554
v 24.84372093 2.17770748 -1.35255
v 24.84372093 2.428917083 -0.7001313989
v 25.43813953 2.5146 0
v 25.43813953 2.428917083 0.7001313989
v 25.43813953 2.17770748 1.35255
v 25.43813953 1.778090712 1.912794554
v 25.43813953 1.2573 2.34268532
v 25.43813953 0.6508263708 2.612925953
v 25.43813953 0 2.7051
v 25.43813953 -0.6508263708 2.612925953
v 25.43813953 -1.2573 2.34268532
v 25.43813953 -1.778090712 1.912794554
v 25.43813953 -2.17770748 1.35255
v 25.43813953 -2.428917083 0.7001313989
v 25.43813953 -2.5146 0
v 25.43813953 -2.428917083 -0.7001313989
v 25.43813953 -2.17770748 -1.35255
v 25.43813953 -1.778090712 -1.912794554
v 25.43813953 -1.2573 -2.34268532
v 25.43813953 -0.6508263708 -2.612925953
v 25.43813953 -0 -2.7051
v 25.43813953 0.6508263708 -2.612925953
v 25.43813953 1.2573 -2.34268532
v 25.43813953 1.778090712 -1.912794554
v 25.43813953 2.17770748 -1.35255
v 25.43813953 2.428917083 -0.7001313989
v 26.03255814 2.5146 0
v 26.03255814 2.428917083 0.7001313989
v 26.03255814 2.17770748 1.35255
v 26.03255814 1.778090712 1.912794554
v 26.03255814 1.2573 2.34268532
v 26.03255814 0.6508263708 2.612925953
v 26.03255814 0 2.7051
v 26.03255814 -0.6508263708 2.612925953
v 26.03255814 -1.2573 2.34268532
v 26.03255814 -1.778090712 1.912794554
v 26.03255814 -2.17770748 1.35255
v 26.03255814 -2.428917083 0.7001313989
v 26.03255814 -2.5146 0
v 26.03255814 -2.428917083 -0.7001313989
v 26.03255814 -2.17770748 -1.35255
v 26.03255814 -1.778090712 -1.912794554
v 26.03255814 -1.2573 -2.34268532
v 26.03255814 -0.6508263708 -2.612925953
v 26.03255814 -0 -2.7051
v 26.03255814 0.6508263708 -2.612925953
v 26.03255814 1.2573 -2.34268532
v 26.03255814 1.778090712 -1.912794554
v 26.03255814 2.17770748 -1.35255
v 26.03255814 2.428917083 -0.7001313989
v 26.62697674 2.5146 0
v 26.62697674 2.428917083 0.7001313989
v 26.62697674 2.17770748 1.35255
v 26.62697674 1.778090712 1.912794554
v 26.62697674 1.2573 2.34268532
v 26.62697674 0.6508263708 2.612925953
v 26.62697674 0 2.7051
v 26.62697674 -0.6508263708 2.612925953
v 26.62697674 -1.2573 2.34268532
v 26.62697674 -1.778090712 1.912794554
v 26.62697674 -2.17770748 1.35255
v 26.62697674 -2.428917083 0.7001313989
v 26.62697674 -2.5146 0
v 26.62697674 -2.428917083 -0.7001313989
v 26.62697674 -2.17770748 -1.35255
v 26.62697674 -1.778090712 -1.912794554
v 26.62697674 -1.2573 -2.34268532
v 26.62697674 -0.6508263708 -2.612925953
v 26.62697674 -0 -2.7051
v 26.62697674 0.6508263708 -2.612925953
v 26.62697674 1.2573 -2.34268532
v 26.62697674 1.778090712 -1.912794554
v 26.62697674 2.17770748 -1.35255
v 26.62697674 2.428917083 -0.7001313989
v 27.22139535 2.5146 0
v 27.22139535 2.428917083 0.7001313989
v 27.22139535 2.17770748 1.35255
v 27.22139535 1.778090712 1.912794554
v 27.22139535 1.2573 2.34268532
v 27.22139535 0.6508263708 2.612925953
v 27.22139535 0 2.7051
v 27.22139535 -0.6508263708 2.612925953
v 27.22139535 -1.2573 2.34268532
v 27.22139535 -1.778090712 1.912794554
v 27.22139535 -2.17770748 1.35255
v 27.22139535 -2.428917083 0.7001313989
v 27.22139535 -2.5146 0
v 27.22139535 -2.428917083 -0.7001313989
v 27.22139535 -2.17770748 -1.35255
v 27.22139535 -1.778090712 -1.912794554
v 27.22139535 -1.2573 -2.34268532
v 27.22139535 -0.6508263708 -2.612925953
v 27.22139535 -0 -2.7051
v 27.22139535 0.6508263708 -2.612925953
v 27.22139535 1.2573 -2.34268532
v 27.22139535 1.778090712 -1.912794554
v 27.22139535 2.17770748 -1.35255
v 27.22139535 2.428917083 -0.7001313989
v 27.81581395 2.5146 0
v 27.81581395 2.428917083 0.7001313989
v 27.81581395 2.17770748 1.35255
v 27.81581395 1.778090712 1.912794554
v 27.81581395 1.2573 2.34268532
v 27.81581395 0.6508263708 2.612925953
v 27.81581395 0 2.7051
v 27.81581395 -0.6508263708 2.612925953
v 27.81581395 -1.2573 2.34268532
v 27.81581395 -1.778090712 1.912794554
v 27.81581395 -2.17770748 1.35255
v 27.81581395 -2.428917083 0.7001313989
v 27.81581395 -2.5146 0
v 27.81581395 -2.428917083 -0.7001313989
v 27.81581395 -2.17770748 -1.35255
v 27.81581395 -1.778090712 -1.912794554
v 27.81581395 -1.2573 -2.34268532
v 27.81581395 -0.6508263708 -2.612925953
v 27.81581395 -0 -2.7051
v 27.81581395 0.6508263708 -2.612925953
v 27.81581395 1.2573 -2.34268532
v 27.81581395 1.778090712 -1.912794554
v 27.81581395 2.17770748 -1.35255
v 27.81581395 2.428917083 -0.7001313989
v 28.41023256 2.5146 0
v 28.41023256 2.428917083 0.7001313989
v 28.41023256 2.17770748 1.35255
v 28.41023256 1.778090712 1.912794554
v 28.41023256 1.2573 2.34268532
v 28.41023256 0.6508263708 2.612925953
v 28.41023256 0 2.7051
v 28.41023256 -0.6508263708 2.612925953
v 28.41023256 -1.2573 2.34268532
v 28.41023256 -1.778090712 1.912794554
v 28.41023256 -2.17770748 1.35255
v 28.41023256 -2.428917083 0.7001313989
v 28.41023256 -2.5146 0
v 28.41023256 -2.428917083 -0.7001313989
v 28.41023256 -2.17770748 -1.35255
v 28.41023256 -1.778090712 -1.912794554
v 28.41023256 -1.2573 -2.34268532
v 28.41023256 -0.6508263708 -2.612925953
v 28.41023256 -0 -2.7051
v 28.41023256 0.6508263708 -2.612925953
v 28.41023256 1.2573 -2.34268532
v 28.41023256 1.778090712 -1.912794554
v 28.41023256 2.17770748 -1.35255
v 28.41023256 2.428917083 -0.7001313989
v 29.00465116 2.5146 0
v 29.00465116 2.428917083 0.7001313989
v 29.00465116 2.17770748 1.35255
v 29.00465116 1.778090712 1.912794554
v 29.00465116 1.2573 2.34268532
v 29.00465116 0.6508263708 2.612925953
v 29.00465116 0 2.7051
v 29.00465116 -0.6508263708 2.612925953
v 29.00465116 -1.2573 2.34268532
v 29.00465116 -1.778090712 1.912794554
v 29.00465116 -2.17770748 1.35255
v 29.00465116 -2.428917083 0.7001313989
v 29.00465116 -2.5146 0
v 29.00465116 -2.428917083 -0.7001313989
v 29.00465116 -2.17770748 -1.35255
v 29.00465116 -1.778090712 -1.912794554
v 29.00465116 -1.2573 -2.34268532
v 29.00465116 -0.6508263708 -2.612925953
v 29.00465116 -0 -2.7051
v 29.00465116 0.6508263708 -2.612925953
v 29.00465116 1.2573 -2.34268532
v 29.00465116 1.778090712 -1.912794554
v 29.00465116 2.17770748 -1.35255
v 29.00465116 2.428917083 -0.7001313989
v 29.59906977 2.5146 0
v 29.59906977 2.428917083 0.7001313989
v 29.59906977 2.17770748 1.35255
v 29.59906977 1.778090712 1.912794554
v 29.59906977 1.2573 2.34268532
v 29.59906977 0.6508263708 2.612925953
v 29.59906977 0 2.7051
v 29.59906977 -0.6508263708 2.612925953
v 29.59906977 -1.2573 2.34268532
v 29.59906977 -1.778090712 1.912794554
v 29.59906977 -2.17770748 1.35255
v 29.59906977 -2.428917083 0.7001313989
v 29.59906977 -2.5146 0
v 29.59906977 -2.428917083 -0.7001313989
v 29.59906977 -2.17770748 -1.35255
v 29.59906977 -1.778090712 -1.912794554
v 29.59906977 -1.2573 -2.34268532
v 29.59906977 -0.6508263708 -2.612925953
v 29.59906977 -0 -2.7051
v 29.59906977 0.6508263708 -2.612925953
v 29.59906977 1.2573 -2.34268532
v 29.59906977 1.778090712 -1.912794554
v 29.59906977 2.17770748 -1.35255
v 29.59906977 2.428917083 -0.7001313989
v 30.19348837 2.5146 0
v 30.19348837 2.428917083 0.7001313989
v 30.19348837 2.17770748 1.35255
v 30.19348837 1.778090712 1.912794554
v 30.19348837 1.2573 2.34268532
v 30.19348837 0.6508263708 2.612925953
v 30.19348837 0 2.7051
v 30.19348837 -0.6508263708 2.612925953
v 30.19348837 -1.2573 2.34268532
v 30.19348837 -1.778090712 1.912794554
v 30.19348837 -2.17770748 1.35255
v 30.19348837 -2.428917083 0.7001313989
v 30.19348837 -2.5146 0
v 30.19348837 -2.428917083 -0.7001313989
v 30.19348837 -2.17770748 -1.35255
v 30.19348837 -1.778090712 -1.912794554
v 30.19348837 -1.2573 -2.34268532
v 30.19348837 -0.6508263708 -2.612925953
v 30.19348837 -0 -2.7051
v 30.19348837 0.6508263708 -2.612925953
v 30.19348837 1.2573 -2.34268532
v 30.19348837 1.778090712 -1.912794554
v 30.19348837 2.17770748 -1.35255
v 30.19348837 2.428917083 -0.7001313989
v 30.78790698 2.5146 0
v 30.78790698 2.428917083 0.7001313989
v 30.78790698 2.17770748 1.35255
v 30.78790698 1.778090712 1.912794554
v 30.78790698 1.2573 2.34268532
v 30.78790698 0.6508263708 2.612925953
v 30.78790698 0 2.7051
v 30.78790698 -0.6508263708 2.612925953
v 30.78790698 -1.2573 2.34268532
v 30.78790698 -1.778090712 1.912794554
v 30.78790698 -2.17770748 1.35255
v 30.78790698 -2.428917083 0.7001313989
v 30.78790698 -2.5146 0
v 30.78790698 -2.428917083 -0.7001313989
v 30.78790698 -2.17770748 -1.35255
v 30.78790698 -1.778090712 -1.912794554
v 30.78790698 -1.2573 -2.34268532
v 30.78790698 -0.6508263708 -2.612925953
v 30.78790698 -0 -2.7051
v 30.78790698 0.6508263708 -2.612925953
v 30.78790698 1.2573 -2.34268532
v 30.78790698 1.778090712 -1.912794554
v 30.78790698 2.17770748 -1.35255
v 30.78790698 2.428917083 -0.7001313989
v 31.38232558 2.5146 0
v 31.38232558 2.428917083 0.7001313989
v 31.38232558 2.17770748 1.35255
v 31.38232558 1.778090712 1.912794554
v 31.38232558 1.2573 2.34268532
v 31.38232558 0.6508263708 2.612925953
v 31.38232558 0 2.7051
v 31.38232558 -0.6508263708 2.612925953
v 31.38232558 -1.2573 2.34268532
v 31.38232558 -1.778090712 1.912794554
v 31.38232558 -2.17770748 1.35255
v 31.38232558 -2.428917083 0.7001313989
v 31.38232558 -2.5146 0
v 31.38232558 -2.428917083 -0.7001313989
v 31.38232558 -2.17770748 -1.35255
v 31.38232558 -1.778090712 -1.912794554
v 31.38232558 -1.2573 -2.34268532
v 31.38232558 -0.6508263708 -2.612925953
v 31.38232558 -0 -2.7051
v 31.38232558 0.6508263708 -2.612925953
v 31.38232558 1.2573 -2.34268532
v 31.38232558 1.778090712 -1.912794554
v 31.38232558 2.17770748 -1.35255
v 31.38232558 2.428917083 -0.7001313989
v 31.97674419 2.5146 0
v 31.97674419 2.428917083 0.7001313989
v 31.97674419 2.17770748 1.35255
v 31.97674419 1.778090712 1.912794554
v 31.97674419 1.2573 2.34268532
v 31.97674419 0.6508263708 2.612925953
v 31.97674419 0 2.7051
v 31.97674419 -0.6508263708 2.612925953
v 31.97674419 -1.2573 2.34268532
v 31.97674419 -1.778090712 1.912794554
v 31.97674419 -2.17770748 1.35255
v 31.97674419 -2.428917083 0.7001313989
v 31.97674419 -2.5146 0
v 31.97674419 -2.428917083 -0.7001313989
v 31.97674419 -2.17770748 -1.35255
v 31.97674419 -1.778090712 -1.912794554
v 31.97674419 -1.2573 -2.34268532
v 31.97674419 -0.6508263708 -2.612925953
v 31.97674419 -0 -2.7051
v 31.97674419 0.6508263708 -2.612925953
v 31.97674419 1.2573 -2.34268532
v 31.97674419 1.778090712 -1.912794554
v 31.97674419 2.17770748 -1.35255
v 31.97674419 2.428917083 -0.7001313989
v 32.57116279 2.5146 0
v 32.57116279 2.428917083 0.7001313989
v 32.57116279 2.17770748 1.35255
v 32.57116279 1.778090712 1.912794554
v 32.57116279 1.2573 2.34268532
v 32.57116279 0.6508263708 2.612925953
v 32.57116279 0 2.7051
v 32.57116279 -0.6508263708 2.612925953
v 32.57116279 -1.2573 2.34268532
v 32.57116279 -1.778090712 1.912794554
v 32.57116279 -2.17770748 1.35255
v 32.57116279 -2.428917083 0.7001313989
v 32.57116279 -2.5146 0
v 32.57116279 -2.428917083 -0.7001313989
v 32.57116279 -2.17770748 -1.35255
v 32.57116279 -1.778090712 -1.912794554
v 32.57116279 -1.2573 -2.34268532
v 32.57116279 -0.6508263708 -2.612925953
v 32.57116279 -0 -2.7051
v 32.57116279 0.6508263708 -2.612925953
v 32.57116279 1.2573 -2.34268532
v 32.57116279 1.778090712 -1.912794554
v 32.57116279 2.17770748 -1.35255
v 32.57116279 2.428917083 -0.7001313989
v 33.1655814 2.5146 0
v 33.1655814 2.428917083 0.7001313989
v 33.1655814 2.17770748 1.35255
v 33.1655814 1.778090712 1.912794554
v 33.1655814 1.2573 2.34268532
v 33.1655814 0.6508263708 2.612925953
v 33.1655814 0 2.7051
v 33.1655814 -0.6508263708 2.612925953
v 33.1655814 -1.2573 2.34268532
v 33.1655814 -1.778090712 1.912794554
v 33.1655814 -2.17770748 1.35255
v 33.1655814 -2.428917083 0.7001313989
v 33.1655814 -2.5146 0
v 33.1655814 -2.428917083 -0.7001313989
v 33.1655814 -2.17770748 -1.35255
v 33.1655814 -1.778090712 -1.912794554
v 33.1655814 -1.2573 -2.34268532
v 33.1655814 -0.6508263708 -2.612925953
v 33.1655814 -0 -2.7051
v 33.1655814 0.6508263708 -2.612925953
v 33.1655814 1.2573 -2.34268532
v 33.1655814 1.778090712 -1.912794554
v 33.1655814 2.17770748 -1.35255
v 33.1655814 2.428917083 -0.7001313989
v 33.76 2.5146 0
v 33.76 2.428917083 0.7001313989
v 33.76 2.17770748 1.35255
v 33.76 1.778090712 1.912794554
v 33.76 1.2573 2.34268532
v 33.76 0.6508263708 2.612925953
v 33.76 0 2.7051
v 33.76 -0.6508263708 2.612925953
v 33.76 -1.2573 2.34268532
v 33.76 -1.778090712 1.912794554
v 33.76 -2.17770748 1.35255
v 33.76 -2.428917083 0.7001313989
v 33.76 -2.5146 0
v 33.76 -2.428917083 -0.7001313989
v 33.76 -2.17770748 -1.35255
v 33.76 -1.778090712 -1.912794554
v 33.76 -1.2573 -2.34268532
v 33.76 -0.6508263708 -2.612925953
v 33.76 -0 -2.7051
v 33.76 0.6508263708 -2.612925953
v 33.76 1.2573 -2.34268532
v 33.76 1.778090712 -1.912794554
v 33.76 2.17770748 -1.35255
v 33.76 2.428917083 -0.7001313989
v 34.34142857 2.471492571 0
v 34.34142857 2.387278504 0.6881291464
v 34.34142857 2.140375352 1.329363429
v 34.34142857 1.747609157 1.88000379
v 34.34142857 1.235746286 2.302525
v 34.34142857 0.6396693473 2.568132936
v 34.34142857 0 2.658726857
v 34.34142857 -0.6396693473 2.568132936
v 34.34142857 -1.235746286 2.302525
v 34.34142857 -1.747609157 1.88000379
v 34.34142857 -2.140375352 1.329363429
v 34.34142857 -2.387278504 0.6881291464
v 34.34142857 -2.471492571 0
v 34.34142857 -2.387278504 -0.6881291464
v 34.34142857 -2.140375352 -1.329363429
v 34.34142857 -1.747609157 -1.88000379
v 34.34142857 -1.235746286 -2.302525
v 34.34142857 -0.6396693473 -2.568132936
v 34.34142857 -0 -2.658726857
v 34.34142857 0.6396693473 -2.568132936
v 34.34142857 1.235746286 -2.302525
v 34.34142857 1.747609157 -1.88000379
v 34.34142857 2.140375352 -1.329363429
v 34.34142857 2.387278504 -0.6881291464
v 34.92285714 2.428385143 0
v 34.92285714 2.345639926 0.6761268938
v 34.92285714 2.103043224 1.306176857
v 34.92285714 1.717127602 1.847213026
v 34.92285714 1.214192571 2.26236468
v 34.92285714 0.6285123238 2.52333992
v 34.92285714 0 2.612353714
v 34.92285714 -0.6285123238 2.52333992
v 34.92285714 -1.214192571 2.26236468
v 34.92285714 -1.717127602 1.847213026
v 34.92285714 -2.103043224 1.306176857
v 34.92285714 -2.345639926 0.6761268938
v 34.92285714 -2.428385143 0
v 34.92285714 -2.345639926 -0.6761268938
v 34.92285714 -2.103043224 -1.306176857
v 34.92285714 -1.717127602 -1.847213026
v 34.92285714 -1.214192571 -2.26236468
v 34.92285714 -0.6285123238 -2.52333992
v 34.92285714 -0 -2.612353714
v 34.92285714 0.6285123238 -2.52333992
v 34.92285714 1.214192571 -2.26236468
v 34.92285714 1.717127602 -1.847213026
v 34.92285714 2.103043224 -1.306176857
v 34.92285714 2.345639926 -0.6761268938
v 35.50428571 2.385277714 0
v 35.50428571 2.304001347 0.6641246412
v 35.50428571 2.065711096 1.282990286
v 35.50428571 1.686646047 1.814422262
v 35.50428571 1.192638857 2.222204361
v 35.50428571 0.6173553003 2.478546904
v 35.50428571 0 2.565980571
v 35.50428571 -0.6173553003 2.478546904
v 35.50428571 -1.192638857 2.222204361
v 35.50428571 -1.686646047 1.814422262
v 35.50428571 -2.065711096 1.282990286
v 35.50428571 -2.304001347 0.6641246412
v 35.50428571 -2.385277714 0
v 35.50428571 -2.304001347 -0.6641246412
v 35.50428571 -2.065711096 -1.282990286
v 35.50428571 -1.686646047 -1.814422262
v 35.50428571 -1.192638857 -2.222204361
v 35.50428571 -0.6173553003 -2.478546904
v 35.50428571 -0 -2.565980571
v 35.50428571 0.6173553003 -2.478546904
v 35.50428571 1.192638857 -2.222204361
v 35.50428571 1.686646047 -1.814422262
v 35.50428571 2.065711096 -1.282990286
v 35.50428571 2.304001347 -0.6641246412
v 36.08571429 2.342170286 0
v 36.08571429 2.262362769 0.6521223887
v 36.08571429 2.028378967 1.259803714
v 36.08571429 1.656164492 1.781631499
v 36.08571429 1.171085143 2.182044041
v 36.08571429 0.6061982768 2.433753887
v 36.08571429 0 2.519607429
v 36.08571429 -0.6061982768 2.433753887
v 36.08571429 -1.171085143 2.182044041
v 36.08571429 -1.656164492 1.781631499
v 36.08571429 -2.028378967 1.259803714
v 36.08571429 -2.262362769 0.6521223887
v 36.08571429 -2.342170286 0
v 36.08571429 -2.262362769 -0.6521223887
v 36.08571429 -2.028378967 -1.259803714
v 36.08571429 -1.656164492 -1.781631499
v 36.08571429 -1.171085143 -2.182044041
v 36.08571429 -0.6061982768 -2.433753887
v 36.08571429 -0 -2.519607429
v 36.08571429 0.6061982768 -2.433753887
v 36.08571429 1.171085143 -2.182044041
v 36.08571429 1.656164492 -1.781631499
v 36.08571429 2.028378967 -1.259803714
v 36.08571429 2.262362769 -0.6521223887
v 36.66714286 2.299062857 0
v 36.66714286 2.22072419 0.6401201361
v 36.66714286 1.991046839 1.236617143
v 36.66714286 1.625682937 1.748840735
v 36.66714286 1.149531429 2.141883721
v 36.66714286 0.5950412533 2.388960871
v 36.66714286 0 2.473234286
v 36.66714286 -0.5950412533 2.388960871
v 36.66714286 -1.149531429 2.141883721
v 36.66714286 -1.625682937 1.748840735
v 36.66714286 -1.991046839 1.236617143
v 36.66714286 -2.22072419 0.6401201361
v 36.66714286 -2.299062857 0
v 36.66714286 -2.22072419 -0.6401201361
v 36.66714286 -1.991046839 -1.236617143
v 36.66714286 -1.625682937 -1.748840735
v 36.66714286 -1.149531429 -2.141883721
v 36.66714286 -0.5950412533 -2.388960871
v 36.66714286 -0 -2.473234286
v 36.66714286 0.5950412533 -2.388960871
v 36.66714286 1.149531429 -2.141883721
v 36.66714286 1.625682937 -1.748840735
v 36.66714286 1.991046839 -1.236617143
v 36.66714286 2.22072419 -0.6401201361
v 37.24857143 2.255955429 0
v 37.24857143 2.179085611 0.6281178836
v 37.24857143 1.953714711 1.213430571
v 37.24857143 1.595201382 1.716049971
v 37.24857143 1.127977714 2.101723401
v 37.24857143 0.5838842298 2.344167855
v 37.24857143 0 2.426861143
v 37.24857143 -0.5838842298 2.344167855
v 37.24857143 -1.127977714 2.101723401
v 37.24857143 -1.595201382 1.716049971
v 37.24857143 -1.953714711 1.213430571
v 37.24857143 -2.179085611 0.6281178836
v 37.24857143 -2.255955429 0
v 37.24857143 -2.179085611 -0.6281178836
v 37.24857143 -1.953714711 -1.213430571
v 37.24857143 -1.595201382 -1.716049971
v 37.24857143 -1.127977714 -2.101723401
v 37.24857143 -0.5838842298 -2.344167855
v 37.24857143 -0 -2.426861143
v 37.24857143 0.5838842298 -2.344167855
v 37.24857143 1.127977714 -2.101723401
v 37.24857143 1.595201382 -1.716049971
v 37.24857143 1.953714711 -1.213430571
v 37.24857143 2.179085611 -0.6281178836
v 37.83 2.212848 0
v 37.83 2.137447033 0.616115631
v 37.83 1.916382583 1.190244
v 37.83 1.564719826 1.683259207
v 37.83 1.106424 2.061563081
v 37.83 0.5727272063 2.299374838
v 37.83 0 2.380488
v 37.83 -0.5727272063 2.299374838
v 37.83 -1.106424 2.061563081
v 37.83 -1.564719826 1.683259207
v 37.83 -1.916382583 1.190244
v 37.83 -2.137447033 0.616115631
v 37.83 -2.212848 0
v 37.83 -2.137447033 -0.616115631
v 37.83 -1.916382583 -1.190244
v 37.83 -1.564719826 -1.683259207
v 37.83 -1.106424 -2.061563081
v 37.83 -0.5727272063 -2.299374838
v 37.83 -0 -2.380488
v 37.83 0.5727272063 -2.299374838
v 37.83 1.106424 -2.061563081
v 37.83 1.564719826 -1.683259207
v 37.83 1.916382583 -1.190244
v 37.83 2.137447033 -0.616115631
v 38.407 2.087118 0
v 38.407 2.016001179 0.5811090611
v 38.407 1.807497209 1.1226165
v 38.407 1.475815291 1.58761948
v 38.407 1.043559 1.944428815
v 38.407 0.5401858878 2.168728541
v 38.407 0 2.245233
v 38.407 -0.5401858878 2.168728541
v 38.407 -1.043559 1.944428815
v 38.407 -1.475815291 1.58761948
v 38.407 -1.807497209 1.1226165
v 38.407 -2.016001179 0.5811090611
v 38.407 -2.087118 0
v 38.407 -2.016001179 -0.5811090611
v 38.407 -1.807497209 -1.1226165
v 38.407 -1.475815291 -1.58761948
v 38.407 -1.043559 -1.944428815
v 38.407 -0.5401858878 -2.168728541
v 38.407 -0 -2.245233
v 38.407 0.5401858878 -2.168728541
v 38.407 1.043559 -1.944428815
v 38.407 1.475815291 -1.58761948
v 38.407 1.807497209 -1.1226165
v 38.407 2.016001179 -0.5811090611
v 38.984 1.961388 0
v 38.984 1.894555325 0.5461024911
v 38.984 1.698611835 1.054989
v 38.984 1.386910755 1.491979752
v 38.984 0.980694 1.827294549
v 38.984 0.5076445692 2.038082243
v 38.984 0 2.109978
v 38.984 -0.5076445692 2.038082243
v 38.984 -0.980694 1.827294549
v 38.984 -1.386910755 1.491979752
v 38.984 -1.698611835 1.054989
v 38.984 -1.894555325 0.5461024911
v 38.984 -1.961388 0
v 38.984 -1.894555325 -0.5461024911
v 38.984 -1.698611835 -1.054989
v 38.984 -1.386910755 -1.491979752
v 38.984 -0.980694 -1.827294549
v 38.984 -0.5076445692 -2.038082243
v 38.984 -0 -2.109978
v 38.984 0.5076445692 -2.038082243
v 38.984 0.980694 -1.827294549
v 38.984 1.386910755 -1.491979752
v 38.984 1.698611835 -1.054989
v 38.984 1.894555325 -0.5461024911
v 39.561 1.835658 0
v 39.561 1.77310947 0.5110959212
v 39.561 1.589726461 0.9873615
v 39.561 1.29800622 1.396340024
v 39.561 0.917829 1.710160283
v 39.561 0.4751032507 1.907435946
v 39.561 0 1.974723
v 39.561 -0.4751032507 1.907435946
v 39.561 -0.917829 1.710160283
v 39.561 -1.29800622 1.396340024
v 39.561 -1.589726461 0.9873615
v 39.561 -1.77310947 0.5110959212
v 39.561 -1.835658 0
v 39.561 -1.77310947 -0.5110959212
v 39.561 -1.589726461 -0.9873615
v 39.561 -1.29800622 -1.396340024
v 39.561 -0.917829 -1.710160283
v 39.561 -0.4751032507 -1.907435946
v 39.561 -0 -1.974723
v 39.561 0.4751032507 -1.907435946
v 39.561 0.917829 -1.710160283
v 39.561 1.29800622 -1.396340024
v 39.561 1.589726461 -0.9873615
v 39.561 1.77310947 -0.5110959212
v 40.138 1.709928 0
v 40.138 1.651663616 0.4760893513
v 40.138 1.480841087 0.919734
v 40.138 1.209101684 1.300700297
v 40.138 0.854964 1.593026017
v 40.138 0.4425619322 1.776789648
v 40.138 0 1.839468
v 40.138 -0.4425619322 1.776789648
v 40.138 -0.854964 1.593026017
v 40.138 -1.209101684 1.300700297
v 40.138 -1.480841087 0.919734
v 40.138 -1.651663616 0.4760893513
v 40.138 -1.709928 0
v 40.138 -1.651663616 -0.4760893513
v 40.138 -1.480841087 -0.919734
v 40.138 -1.209101684 -1.300700297
v 40.138 -0.854964 -1.593026017
v 40.138 -0.4425619322 -1.776789648
v 40.138 -0 -1.839468
v 40.138 0.4425619322 -1.776789648
v 40.138 0.854964 -1.593026017
v 40.138 1.209101684 -1.300700297
v 40.138 1.480841087 -0.919734
v 40.138 1.651663616 -0.4760893513
v 40.715 1.584198 0
v 40.715 1.530217762 0.4410827813
v 40.715 1.371955713 0.8521065
v 40.715 1.120197148 1.205060569
v 40.715 0.792099 1.475891752
v 40.715 0.4100206136 1.64614335
v 40.715 0 1.704213
v 40.715 -0.4100206136 1.64614335
v 40.715 -0.792099 1.475891752
v 40.715 -1.120197148 1.205060569
v 40.715 -1.371955713 0.8521065
v 40.715 -1.530217762 0.4410827813
v 40.715 -1.584198 0
v 40.715 -1.530217762 -0.4410827813
v 40.715 -1.371955713 -0.8521065
v 40.715 -1.120197148 -1.205060569
v 40.715 -0.792099 -1.475891752
v 40.715 -0.4100206136 -1.64614335
v 40.715 -0 -1.704213
v 40.715 0.4100206136 -1.64614335
v 40.715 0.792099 -1.475891752
v 40.715 1.120197148 -1.205060569
v 40.715 1.371955713 -0.8521065
v 40.715 1.530217762 -0.4410827813
v 41.292 1.458468 0
v 41.292 1.408771908 0.4060762114
v 41.292 1.263070339 0.784479
v 41.292 1.031292613 1.109420841
v 41.292 0.729234 1.358757485
v 41.292 0.3774792951 1.515497053
v 41.292 0 1.568958
v 41.292 -0.3774792951 1.515497053
v 41.292 -0.729234 1.358757485
v 41.292 -1.031292613 1.109420841
v 41.292 -1.263070339 0.784479
v 41.292 -1.408771908 0.4060762114
v 41.292 -1.458468 0
v 41.292 -1.408771908 -0.4060762114
v 41.292 -1.263070339 -0.784479
v 41.292 -1.031292613 -1.109420841
v 41.292 -0.729234 -1.358757485
v 41.292 -0.3774792951 -1.515497053
v 41.292 -0 -1.568958
v 41.292 0.3774792951 -1.515497053
v 41.292 0.729234 -1.358757485
v 41.292 1.031292613 -1.109420841
v 41.292 1.263070339 -0.784479
v 41.292 1.408771908 -0.4060762114
v 41.869 1.332738 0
v 41.869 1.287326054 0.3710696414
v 41.869 1.154184965 0.7168515
v 41.869 0.9423880773 1.013781114
v 41.869 0.666369 1.24162322
v 41.869 0.3449379765 1.384850755
v 41.869 0 1.433703
v 41.869 -0.3449379765 1.384850755
v 41.869 -0.666369 1.24162322
v 41.869 -0.9423880773 1.013781114
v 41.869 -1.154184965 0.7168515
v 41.869 -1.287326054 0.3710696414
v 41.869 -1.332738 0
v 41.869 -1.287326054 -0.3710696414
v 41.869 -1.154184965 -0.7168515
v 41.869 -0.9423880773 -1.013781114
v 41.869 -0.666369 -1.24162322
v 41.869 -0.3449379765 -1.384850755
v 41.869 -0 -1.433703
v 41.869 0.3449379765 -1.384850755
v 41.869 0.666369 -1.24162322
v 41.869 0.9423880773 -1.013781114
v 41.869 1.154184965 -0.7168515
v 41.869 1.287326054 -0.3710696414
v 42.446 1.207008 0
v 42.446 1.1658802 0.3360630715
v 42.446 1.045299591 0.649224
v 42.446 0.8534835417 0.9181413858
v 42.446 0.603504 1.124488953
v 42.446 0.312396658 1.254204457
v 42.446 0 1.298448
v 42.446 -0.312396658 1.254204457
v 42.446 -0.603504 1.124488953
v 42.446 -0.8534835417 0.9181413858
v 42.446 -1.045299591 0.649224
v 42.446 -1.1658802 0.3360630715
v 42.446 -1.207008 0
v 42.446 -1.1658802 -0.3360630715
v 42.446 -1.045299591 -0.649224
v 42.446 -0.8534835417 -0.9181413858
v 42.446 -0.603504 -1.124488953
v 42.446 -0.312396658 -1.254204457
v 42.446 -0 -1.298448
v 42.446 0.312396658 -1.254204457
v 42.446 0.603504 -1.124488953
v 42.446 0.8534835417 -0.9181413858
v 42.446 1.045299591 -0.649224
v 42.446 1.1658802 -0.3360630715
v 43.023 1.081278 0
v 43.023 1.044434346 0.3010565015
v 43.023 0.9364142166 0.5815965
v 43.023 0.7645790061 0.8225016581
v 43.023 0.540639 1.007354687
v 43.023 0.2798553395 1.12355816
v 43.023 0 1.163193
v 43.023 -0.2798553395 1.12355816
v 43.023 -0.540639 1.007354687
v 43.023 -0.7645790061 0.8225016581
v 43.023 -0.9364142166 0.5815965
v 43.023 -1.044434346 0.3010565015
v 43.023 -1.081278 0
v 43.023 -1.044434346 -0.3010565015
v 43.023 -0.9364142166 -0.5815965
v 43.023 -0.7645790061 -0.8225016581
v 43.023 -0.540639 -1.007354687
v 43.023 -0.2798553395 -1.12355816
v 43.023 -0 -1.163193
v 43.023 0.2798553395 -1.12355816
v 43.023 0.540639 -1.007354687
v 43.023 0.7645790061 -0.8225016581
v 43.023 0.9364142166 -0.5815965
v 43.023 1.044434346 -0.3010565015
v 43.6 0.955548 0
v 43.6 0.9229884915 0.2660499316
v 43.6 0.8275288425 0.513969
v 43.6 0.6756744705 0.7268619304
v 43.6 0.477774 0.8902204215
v 43.6 0.2473140209 0.992911862
v 43.6 0 1.027938
v 43.6 -0.2473140209 0.992911862
v 43.6 -0.477774 0.8902204215
v 43.6 -0.6756744705 0.7268619304
v 43.6 -0.8275288425 0.513969
v 43.6 -0.9229884915 0.2660499316
v 43.6 -0.955548 0
v 43.6 -0.9229884915 -0.2660499316
v 43.6 -0.8275288425 -0.513969
v 43.6 -0.6756744705 -0.7268619304
v 43.6 -0.477774 -0.8902204215
v 43.6 -0.2473140209 -0.992911862
v 43.6 -0 -1.027938
v 43.6 0.2473140209 -0.992911862
v 43.6 0.477774 -0.8902204215
v 43.6 0.6756744705 -0.7268619304
v 43.6 0.8275288425 -0.513969
v 43.6 0.9229884915 -0.2660499316
v 44.146 0.853567 0
v 44.146 0.8244824098 0.2376557137
v 44.146 0.7392107058 0.4591155833
v 44.146 0.6035630139 0.6492874846
v 44.146 0.4267835 0.7952115169
v 44.146 0.2209193959 0.8869431984
v 44.146 0 0.9182311667
v 44.146 -0.2209193959 0.8869431984
v 44.146 -0.4267835 0.7952115169
v 44.146 -0.6035630139 0.6492874846
v 44.146 -0.7392107058 0.4591155833
v 44.146 -0.8244824098 0.2376557137
v 44.146 -0.853567 0
v 44.146 -0.8244824098 -0.2376557137
v 44.146 -0.7392107058 -0.4591155833
v 44.146 -0.6035630139 -0.6492874846
v 44.146 -0.4267835 -0.7952115169
v 44.146 -0.2209193959 -0.8869431984
v 44.146 -0 -0.9182311667
v 44.146 0.2209193959 -0.8869431984
v 44.146 0.4267835 -0.7952115169
v 44.146 0.6035630139 -0.6492874846
v 44.146 0.7392107058 -0.4591155833
v 44.146 0.8244824098 -0.2376557137
v 44.692 0.751586 0
v 44.692 0.7259763281 0.2092614959
v 44.692 0.6508925691 0.4042621667
v 44.692 0.5314515572 0.5717130389
v 44.692 0.375793 0.7002026122
v 44.692 0.1945247708 0.7809745347
v 44.692 0 0.8085243333
v 44.692 -0.1945247708 0.7809745347
v 44.692 -0.375793 0.7002026122
v 44.692 -0.5314515572 0.5717130389
v 44.692 -0.6508925691 0.4042621667
v 44.692 -0.7259763281 0.2092614959
v 44.692 -0.751586 0
v 44.692 -0.7259763281 -0.2092614959
v 44.692 -0.6508925691 -0.4042621667
v 44.692 -0.5314515572 -0.5717130389
v 44.692 -0.375793 -0.7002026122
v 44.692 -0.1945247708 -0.7809745347
v 44.692 -0 -0.8085243333
v 44.692 0.1945247708 -0.7809745347
v 44.692 0.375793 -0.7002026122
v 44.692 0.5314515572 -0.5717130389
v 44.692 0.6508925691 -0.4042621667
v 44.692 0.7259763281 -0.2092614959
v 45.238 0.649605 0
v 45.238 0.6274702464 0.1808672781
v 45.238 0.5625744324 0.34940875
v 45.238 0.4593401006 0.4941385931
v 45.238 0.3248025 0.6051937076
v 45.238 0.1681301458 0.6750058711
v 45.238 0 0.6988175
v 45.238 -0.1681301458 0.6750058711
v 45.238 -0.3248025 0.6051937076
v 45.238 -0.4593401006 0.4941385931
v 45.238 -0.5625744324 0.34940875
v 45.238 -0.6274702464 0.1808672781
v 45.238 -0.649605 0
v 45.238 -0.6274702464 -0.1808672781
v 45.238 -0.5625744324 -0.34940875
v 45.238 -0.4593401006 -0.4941385931
v 45.238 -0.3248025 -0.6051937076
v 45.238 -0.1681301458 -0.6750058711
v 45.238 -0 -0.6988175
v 45.238 0.1681301458 -0.6750058711
v 45.238 0.3248025 -0.6051937076
v 45.238 0.4593401006 -0.4941385931
v 45.238 0.5625744324 -0.34940875
v 45.238 0.6274702464 -0.1808672781
v 45.784 0.547624 0
v 45.784 0.5289641647 0.1524730602
v 45.784 0.4742562957 0.2945553333
v 45.784 0.3872286439 0.4165641473
v 45.784 0.273812 0.510184803
v 45.784 0.1417355208 0.5690372075
v 45.784 0 0.5891106667
v 45.784 -0.1417355208 0.5690372075
v 45.784 -0.273812 0.510184803
v 45.784 -0.3872286439 0.4165641473
v 45.784 -0.4742562957 0.2945553333
v 45.784 -0.5289641647 0.1524730602
v 45.784 -0.547624 0
v 45.784 -0.5289641647 -0.1524730602
v 45.784 -0.4742562957 -0.2945553333
v 45.784 -0.3872286439 -0.4165641473
v 45.784 -0.273812 -0.510184803
v 45.784 -0.1417355208 -0.5690372075
v 45.784 -0 -0.5891106667
v 45.784 0.1417355208 -0.5690372075
v 45.784 0.273812 -0.510184803
v 45.784 0.3872286439 -0.4165641473
v 45.784 0.4742562957 -0.2945553333
v 45.784 0.5289641647 -0.1524730602
v 46.33 0.445643 0
v 46.33 0.430458083 0.1240788424
v 46.33 0.385938159 0.2397019167
v 46.33 0.3151171873 0.3389897015
v 46.33 0.2228215 0.4151758983
v 46.33 0.1153408957 0.4630685438
v 46.33 0 0.4794038333
v 46.33 -0.1153408957 0.4630685438
v 46.33 -0.2228215 0.4151758983
v 46.33 -0.3151171873 0.3389897015
v 46.33 -0.385938159 0.2397019167
v 46.33 -0.430458083 0.1240788424
v 46.33 -0.445643 0
v 46.33 -0.430458083 -0.1240788424
v 46.33 -0.385938159 -0.2397019167
v 46.33 -0.3151171873 -0.3389897015
v 46.33 -0.2228215 -0.4151758983
v 46.33 -0.1153408957 -0.4630685438
v 46.33 -0 -0.4794038333
v 46.33 0.1153408957 -0.4630685438
v 46.33 0.2228215 -0.4151758983
v 46.33 0.3151171873 -0.3389897015
v 46.33 0.385938159 -0.2397019167
v 46.33 0.430458083 -0.1240788424
v 46.876 0.343662 0
v 46.876 0.3319520013 0.0956846245
v 46.876 0.2976200223 0.1848485
v 46.876 0.2430057306 0.2614152557
v 46.876 0.171831 0.3201669937
v 46.876 0.0889462707 0.3570998802
v 46.876 0 0.369697
v 46.876 -0.0889462707 0.3570998802
v 46.876 -0.171831 0.3201669937
v 46.876 -0.2430057306 0.2614152557
v 46.876 -0.2976200223 0.1848485
v 46.876 -0.3319520013 0.0956846245
v 46.876 -0.343662 0
v 46.876 -0.3319520013 -0.0956846245
v 46.876 -0.2976200223 -0.1848485
v 46.876 -0.2430057306 -0.2614152557
v 46.876 -0.171831 -0.3201669937
v 46.876 -0.0889462707 -0.3570998802
v 46.876 -0 -0.369697
v 46.876 0.0889462707 -0.3570998802
v 46.876 0.171831 -0.3201669937
v 46.876 0.2430057306 -0.2614152557
v 46.876 0.2976200223 -0.1848485
v 46.876 0.3319520013 -0.0956846245
v 47.422 0.241681 0
v 47.422 0.2334459196 0.0672904067
v 47.422 0.2093018856 0.1299950833
v 47.422 0.170894274 0.1838408099
v 47.422 0.1208405 0.2251580891
v 47.422 0.0625516456 0.2511312166
v 47.422 0 0.2599901667
v 47.422 -0.0625516456 0.2511312166
v 47.422 -0.1208405 0.2251580891
v 47.422 -0.170894274 0.1838408099
v 47.422 -0.2093018856 0.1299950833
v 47.422 -0.2334459196 0.0672904067
v 47.422 -0.241681 0
v 47.422 -0.2334459196 -0.0672904067
v 47.422 -0.2093018856 -0.1299950833
v 47.422 -0.170894274 -0.1838408099
v 47.422 -0.1208405 -0.2251580891
v 47.422 -0.0625516456 -0.2511312166
v 47.422 -0 -0.2599901667
v 47.422 0.0625516456 -0.2511312166
v 47.422 0.1208405 -0.2251580891
v 47.422 0.170894274 -0.1838408099
v 47.422 0.2093018856 -0.1299950833
v 47.422 0.2334459196 -0.0672904067
v 47.968 0.1397 0
v 47.968 0.1349398379 0.0388961888
v 47.968 0.1209837489 0.0751416667
v 47.968 0.0987828173 0.1062663641
v 47.968 0.06985 0.1301491844
v 47.968 0.0361570206 0.1451625529
v 47.968 0 0.1502833333
v 47.968 -0.0361570206 0.1451625529
v 47.968 -0.06985 0.1301491844
v 47.968 -0.0987828173 0.1062663641
v 47.968 -0.1209837489 0.0751416667
v 47.968 -0.1349398379 0.0388961888
v 47.968 -0.1397 0
v 47.968 -0.1349398379 -0.0388961888
v 47.968 -0.1209837489 -0.0751416667
v 47.968 -0.0987828173 -0.1062663641
v 47.968 -0.06985 -0.1301491844
v 47.968 -0.0361570206 -0.1451625529
v 47.968 -0 -0.1502833333
v 47.968 0.0361570206 -0.1451625529
v 47.968 0.06985 -0.1301491844
v 47.968 0.0987828173 -0.1062663641
v 47.968 0.1209837489 -0.0751416667
v 47.968 0.1349398379 -0.0388961888
v 48.514 0.037719 0
v 48.514 0.0364337562 0.010501971
v 48.514 0.0326656122 0.02028825
v 48.514 0.0266713607 0.0286919183
v 48.514 0.0188595 0.0351402798
v 48.514 0.0097623956 0.0391938893
v 48.514 0 0.0405765
v 48.514 -0.0097623956 0.0391938893
v 48.514 -0.0188595 0.0351402798
v 48.514 -0.0266713607 0.0286919183
v 48.514 -0.0326656122 0.02028825
v 48.514 -0.0364337562 0.010501971
v 48.514 -0.037719 0
v 48.514 -0.0364337562 -0.010501971
v 48.514 -0.0326656122 -0.02028825
v 48.514 -0.0266713607 -0.0286919183
v 48.514 -0.0188595 -0.0351402798
v 48.514 -0.0097623956 -0.0391938893
v 48.514 -0 -0.0405765
v 48.514 0.0097623956 -0.0391938893
v 48.514 0.0188595 -0.0351402798
v 48.514 0.0266713607 -0.0286919183
v 48.514 0.0326656122 -0.02028825
v 48.514 0.0364337562 -0.010501971
v 0 0 0
v 48.514 0 0
v 31.05 -23.7871 1.035829845
v 31.2055937 -23.7871 1.057466339
v 31.2055937 -23.7871 1.014193351
v 31.43898425 -23.7871 1.085339457
v 31.43898425 -23.7871 0.9863202325
v 31.75017165 -23.7871 1.104984982
v 31.75017165 -23.7871 0.9666747072
v 32.06135905 -23.7871 1.098215595
v 32.06135905 -23.7871 0.9734440939
v 32.37254645 -23.7871 1.067616972
v 32.37254645 -23.7871 1.004042717
v 32.605937 -23.7871 1.035829845
v 30.3 -22.81473167 0.9336298146
v 30.49291817 -22.81473167 0.9607049568
v 30.49291817 -22.81473167 0.9065546724
v 30.78229542 -22.81473167 0.99558439
v 30.78229542 -22.81473167 0.8716752393
v 31.16813175 -22.81473167 1.020168105
v 31.16813175 -22.81473167 0.8470915246
v 31.55396808 -22.81473167 1.011697134
v 31.55396808 -22.81473167 0.8555624954
v 31.93980442 -22.81473167 0.9734071005
v 31.93980442 -22.81473167 0.8938525287
v 32.22918167 -22.81473167 0.9336298146
v 29.55 -21.84236333 0.8314297845
v 29.78024263 -21.84236333 0.8640396909
v 29.78024263 -21.84236333 0.7988198782
v 30.12560658 -21.84236333 0.9060492596
v 30.12560658 -21.84236333 0.7568103095
v 30.58609185 -21.84236333 0.9356584349
v 30.58609185 -21.84236333 0.7272011342
v 31.04657712 -21.84236333 0.9254558084
v 31.04657712 -21.84236333 0.7374037607
v 31.50706238 -21.84236333 0.8793384366
v 31.50706238 -21.84236333 0.7835211325
v 31.85242633 -21.84236333 0.8314297845
v 28.8 -20.869995 0.7292297545
v 29.0675671 -20.869995 0.7674705407
v 29.0675671 -20.869995 0.6909889682
v 29.46891775 -20.869995 0.8167340657
v 29.46891775 -20.869995 0.6417254432
v 30.00405195 -20.869995 0.851455973
v 30.00405195 -20.869995 0.6070035359
v 30.53918615 -20.869995 0.8394916192
v 30.53918615 -20.869995 0.6189678898
v 31.07432035 -20.869995 0.7854109806
v 31.07432035 -20.869995 0.6730485283
v 31.475671 -20.869995 0.7292297545
v 28.05 -19.89762667 0.6270297244
v 28.35489157 -19.89762667 0.6709975063
v 28.35489157 -19.89762667 0.5830619425
v 28.81222892 -19.89762667 0.7276388084
v 28.81222892 -19.89762667 0.5264206404
v 29.42201205 -19.89762667 0.767560719
v 29.42201205 -19.89762667 0.4864987298
v 30.03179518 -19.89762667 0.7538045661
v 30.03179518 -19.89762667 0.5002548827
v 30.64157832 -19.89762667 0.6916247326
v 30.64157832 -19.89762667 0.5624347162
v 31.09891567 -19.89762667 0.6270297244
v 27.3 -18.92525833 0.5248296943
v 27.64221603 -18.92525833 0.5746205877
v 27.64221603 -18.92525833 0.4750388009
v 28.15554008 -18.92525833 0.6387634876
v 28.15554008 -18.92525833 0.410895901
v 28.83997215 -18.92525833 0.6839726728
v 28.83997215 -18.92525833 0.3656867159
v 29.52440422 -18.92525833 0.6683946492
v 29.52440422 -18.92525833 0.3812647394
v 30.20883628 -18.92525833 0.5979796925
v 30.20883628 -18.92525833 0.4516796962
v 30.72216033 -18.92525833 0.5248296943
v 26.55 -17.95289 0.4226296643
v 26.9295405 -17.95289 0.4783397849
v 26.9295405 -17.95289 0.3669195436
v 27.49885125 -17.95289 0.5501081034
v 27.49885125 -17.95289 0.2951512251
v 28.25793225 -17.95289 0.6006918344
v 28.25793225 -17.95289 0.2445674941
v 29.01701325 -17.95289 0.5832618686
v 29.01701325 -17.95289 0.26199746
v 29.77609425 -17.95289 0.5044758604
v 29.77609425 -17.95289 0.3407834682
v 30.345405 -17.95289 0.4226296643
v 25.87277778 -16.954525 0.3176972744
v 26.28435159 -16.954525 0.3788159168
v 26.28435159 -16.954525 0.256578632
v 26.90171231 -16.954525 0.4575517396
v 26.90171231 -16.954525 0.1778428092
v 27.72485993 -16.954525 0.5130463056
v 27.72485993 -16.954525 0.1223482432
v 28.54800755 -16.954525 0.4939241814
v 28.54800755 -16.954525 0.1414703675
v 29.37115517 -16.954525 0.4074893684
v 29.37115517 -16.954525 0.2279051804
v 29.98851589 -16.954525 0.3176972744
v 25.19555556 -15.95616 0.2127648846
v 25.63916268 -15.95616 0.2794020358
v 25.63916268 -15.95616 0.1461277334
v 26.30457336 -15.95616 0.3652470533
v 26.30457336 -15.95616 0.0602827158
v 27.19178761 -15.95616 0.4257523205
v 27.19178761 -15.95616 -0.0002225513
v 28.07900185 -15.95616 0.4049036263
v 28.07900185 -15.95616 0.0206261429
v 28.96621609 -15.95616 0.3106644633
v 28.96621609 -15.95616 0.1148653058
v 29.63162678 -15.95616 0.2127648846
v 24.51833333 -14.957795 0.1078324947
v 24.99397377 -14.957795 0.1800981418
v 24.99397377 -14.957795 0.0355668477
v 25.70743442 -14.957795 0.2731940445
v 25.70743442 -14.957795 -0.057529055
v 26.65871528 -14.957795 0.338809879
v 26.65871528 -14.957795 -0.1231448895
v 27.60999615 -14.957795 0.3162002033
v 27.60999615 -14.957795 -0.1005352138
v 28.56127702 -14.957795 0.2140011451
v 28.56127702 -14.957795 0.0016638444
v 29.27473767 -14.957795 0.1078324947
v 23.84111111 -13.95943 0.0029001049
v 24.34878486 -13.95943 0.0809042349
v 24.34878486 -13.95943 -0.0751040252
v 25.11029547 -13.95943 0.1813927131
v 25.11029547 -13.95943 -0.1755925034
v 26.12564296 -13.95943 0.2522189811
v 26.12564296 -13.95943 -0.2464187713
v 27.14099045 -13.95943 0.2278139124
v 27.14099045 -13.95943 -0.2220137026
v 28.15633794 -13.95943 0.1174994138
v 28.15633794 -13.95943 -0.111699204
v 28.91784856 -13.95943 0.0029001049
v 23.16388889 -12.961065 -0.1020322849
v 23.70359594 -12.961065 -0.0181796848
v 23.70359594 -12.961065 -0.1858848851
v 24.51315653 -12.961065 0.0898430592
v 24.51315653 -12.961065 -0.2939076291
v 25.59257064 -12.961065 0.1659796269
v 25.59257064 -12.961065 -0.3700441968
v 26.67198475 -12.961065 0.1397447536
v 26.67198475 -12.961065 -0.3438093235
v 27.75139886 -12.961065 0.0211592693
v 27.75139886 -12.961065 -0.2252238392
v 28.56095944 -12.961065 -0.1020322849
v 22.48666667 -11.9627 -0.2069646748
v 23.05840703 -11.9627 -0.1171536175
v 23.05840703 -11.9627 -0.296775732
v 23.91601758 -11.9627 -0.0014549172
v 23.91601758 -11.9627 -0.4124744324
v 25.05949832 -11.9627 0.0800918163
v 25.05949832 -11.9627 -0.4940211659
v 26.20297905 -11.9627 0.0519927269
v 26.20297905 -11.9627 -0.4659220765
v 27.34645978 -11.9627 -0.0750192883
v 27.34645978 -11.9627 -0.3389100613
v 28.20407033 -11.9627 -0.2069646748
v 21.80944444 -10.964335 -0.3118970646
v 22.41321812 -10.964335 -0.2160175632
v 22.41321812 -10.964335 -0.4077765661
v 23.31887864 -10.964335 -0.0925012162
v 23.31887864 -10.964335 -0.5312929131
v 24.52642599 -10.964335 -0.0054444506
v 24.52642599 -10.964335 -0.6183496787
v 25.73397335 -10.964335 -0.0354421676
v 25.73397335 -10.964335 -0.5883519616
v 26.94152071 -10.964335 -0.171036259
v 26.94152071 -10.964335 -0.4527578703
v 27.84718122 -10.964335 -0.3118970646
v 21.13222222 -9.96597 -0.4168294545
v 21.76802921 -9.96597 -0.3147715217
v 21.76802921 -9.96597 -0.5188873872
v 22.72173969 -9.96597 -0.1832958377
v 22.72173969 -9.96597 -0.6503630712
v 23.99335367 -9.96597 -0.0906291739
v 23.99335367 -9.96597 -0.7430297351
v 25.26496765 -9.96597 -0.1225599301
v 25.26496765 -9.96597 -0.7110989788
v 26.53658163 -9.96597 -0.2668916428
v 26.53658163 -9.96597 -0.5667672661
v 27.49029211 -9.96597 -0.4168294545
v 20.455 -8.967605 -0.5217618443
v 21.1228403 -8.967605 -0.4134154931
v 21.1228403 -8.967605 -0.6301081955
v 22.12460075 -8.967605 -0.2738387817
v 22.12460075 -8.967605 -0.7696849069
v 23.46028135 -8.967605 -0.1754623535
v 23.46028135 -8.967605 -0.8680613351
v 24.79596195 -8.967605 -0.2093605605
v 24.79596195 -8.967605 -0.8341631281
v 26.13164255 -8.967605 -0.3625854397
v 26.13164255 -8.967605 -0.6809382489
v 27.133403 -8.967605 -0.5217618443
v 19.8935 -8.1397415 -0.6087738044
v 20.59811705 -8.1397415 -0.4917392838
v 20.59811705 -8.1397415 -0.725808325
v 21.65504263 -8.1397415 -0.3409700763
v 21.65504263 -8.1397415 -0.8765775325
v 23.06427672 -8.1397415 -0.2347049553
v 23.06427672 -8.1397415 -0.9828426535
v 24.47351083 -8.1397415 -0.2713214205
v 24.47351083 -8.1397415 -0.9462261883
v 25.88274493 -8.1397415 -0.4368332268
v 25.88274493 -8.1397415 -0.780714382
v 26.9396705 -8.1397415 -0.6087738044
v 19.332 -7.311878 -0.6957857645
v 20.0733938 -7.311878 -0.5697789584
v 20.0733938 -7.311878 -0.8217925705
v 21.1854845 -7.311878 -0.4074512435
v 21.1854845 -7.311878 -0.9841202854
v 22.6682721 -7.311878 -0.2930394578
v 22.6682721 -7.311878 -1.098532071
v 24.1510597 -7.311878 -0.3324630724
v 24.1510597 -7.311878 -1.059108456
v 25.6338473 -7.311878 -0.5106636065
v 25.6338473 -7.311878 -0.8809079224
v 26.745938 -7.311878 -0.6957857645
v 18.7553902 -6.4617882 -0.7851338028
v 19.54502622 -6.4617882 -0.648487671
v 19.54502622 -6.4617882 -0.9217799345
v 20.72948025 -6.4617882 -0.4724538915
v 20.72948025 -6.4617882 -1.097813714
v 22.30875229 -6.4617882 -0.3483818002
v 22.30875229 -6.4617882 -1.221885805
v 23.88802433 -6.4617882 -0.3911341293
v 23.88802433 -6.4617882 -1.179133476
v 25.46729637 -6.4617882 -0.584380942
v 25.46729637 -6.4617882 -0.9858866635
v 26.6517504 -6.4617882 -0.7851338028
v 18.1787804 -5.6116984 -0.8744818411
v 19.01665864 -5.6116984 -0.7268982304
v 19.01665864 -5.6116984 -1.022065452
v 20.273476 -5.6116984 -0.5367742915
v 20.273476 -5.6116984 -1.212189391
v 21.94923248 -5.6116984 -0.4027711771
v 21.94923248 -5.6116984 -1.346192505
v 23.62498896 -5.6116984 -0.4489455035
v 23.62498896 -5.6116984 -1.300018179
v 25.30074544 -5.6116984 -0.6576602474
v 25.30074544 -5.6116984 -1.091303435
v 26.5575628 -5.6116984 -0.8744818411
v 17.6021706 -4.7616086 -0.9638298795
v 18.48829106 -4.7616086 -0.8050106364
v 18.48829106 -4.7616086 -1.122649123
v 19.81747175 -4.7616086 -0.6004124435
v 19.81747175 -4.7616086 -1.327247315
v 21.58971267 -4.7616086 -0.4562075884
v 21.58971267 -4.7616086 -1.471452171
v 23.36195359 -4.7616086 -0.505897195
v 23.36195359 -4.7616086 -1.421762564
v 25.13419451 -4.7616086 -0.7305015226
v 25.13419451 -4.7616086 -1.197158236
v 26.4633752 -4.7616086 -0.9638298795
v 17.0255608 -3.9115188 -1.053177918
v 17.95992348 -3.9115188 -0.8828248891
v 17.95992348 -3.9115188 -1.223530946
v 19.3614675 -3.9115188 -0.6633683474
v 19.3614675 -3.9115188 -1.442987488
v 21.23019286 -3.9115188 -0.5086910341
v 21.23019286 -3.9115188 -1.597664801
v 23.09891822 -3.9115188 -0.5619892039
v 23.09891822 -3.9115188 -1.544366632
v 24.96764358 -3.9115188 -0.8029047676
v 24.96764358 -3.9115188 -1.303451068
v 26.3691876 -3.9115188 -1.053177918
v 16.448951 -3.061429 -1.142525956
v 17.4315559 -3.061429 -0.9603409884
v 17.4315559 -3.061429 -1.324710924
v 18.90546325 -3.061429 -0.7256420033
v 18.90546325 -3.061429 -1.559409909
v 20.87067305 -3.061429 -0.5602215142
v 20.87067305 -3.061429 -1.724830398
v 22.83588285 -3.061429 -0.6172215302
v 22.83588285 -3.061429 -1.667830382
v 24.80109265 -3.061429 -0.8748699824
v 24.80109265 -3.061429 -1.41018193
v 26.275 -3.061429 -1.142525956
v 15.578958 -2.5146 -1.2
v 16.6427186 -2.5146 -1.002767938
v 16.6427186 -2.5146 -1.397232062
v 18.2383595 -2.5146 -0.7486845997
v 18.2383595 -2.5146 -1.6513154
v 20.3658807 -2.5146 -0.5696016349
v 20.3658807 -2.5146 -1.830398365
v 22.4934019 -2.5146 -0.6313094191
v 22.4934019 -2.5146 -1.768690581
v 24.6209231 -2.5146 -0.9102376762
v 24.6209231 -2.5146 -1.489762324
v 26.216564 -2.5146 -1.2
v 15.578958 -1.6764 -1.2
v 16.6427186 -1.6764 -1.002767938
v 16.6427186 -1.6764 -1.397232062
v 18.2383595 -1.6764 -0.7486845997
v 18.2383595 -1.6764 -1.6513154
v 20.3658807 -1.6764 -0.5696016349
v 20.3658807 -1.6764 -1.830398365
v 22.4934019 -1.6764 -0.6313094191
v 22.4934019 -1.6764 -1.768690581
v 24.6209231 -1.6764 -0.9102376762
v 24.6209231 -1.6764 -1.489762324
v 26.216564 -1.6764 -1.2
v 15.578958 -0.8382 -1.2
v 16.6427186 -0.8382 -1.002767938
v 16.6427186 -0.8382 -1.397232062
v 18.2383595 -0.8382 -0.7486845997
v 18.2383595 -0.8382 -1.6513154
v 20.3658807 -0.8382 -0.5696016349
v 20.3658807 -0.8382 -1.830398365
v 22.4934019 -0.8382 -0.6313094191
v 22.4934019 -0.8382 -1.768690581
v 24.6209231 -0.8382 -0.9102376762
v 24.6209231 -0.8382 -1.489762324
v 26.216564 -0.8382 -1.2
v 15.578958 0 -1.2
v 16.6427186 0 -1.002767938
v 16.6427186 0 -1.397232062
v 18.2383595 0 -0.7486845997
v 18.2383595 0 -1.6513154
v 20.3658807 0 -0.5696016349
v 20.3658807 0 -1.830398365
v 22.4934019 0 -0.6313094191
v 22.4934019 0 -1.768690581
v 24.6209231 0 -0.9102376762
v 24.6209231 0 -1.489762324
v 26.216564 0 -1.2
v 15.578958 0.8382 -1.2
v 16.6427186 0.8382 -1.002767938
v 16.6427186 0.8382 -1.397232062
v 18.2383595 0.8382 -0.7486845997
v 18.2383595 0.8382 -1.6513154
v 20.3658807 0.8382 -0.5696016349
v 20.3658807 0.8382 -1.830398365
v 22.4934019 0.8382 -0.6313094191
v 22.4934019 0.8382 -1.768690581
v 24.6209231 0.8382 -0.9102376762
v 24.6209231 0.8382 -1.489762324
v 26.216564 0.8382 -1.2
v 15.578958 1.6764 -1.2
v 16.6427186 1.6764 -1.002767938
v 16.6427186 1.6764 -1.397232062
v 18.2383595 1.6764 -0.7486845997
v 18.2383595 1.6764 -1.6513154
v 20.3658807 1.6764 -0.5696016349
v 20.3658807 1.6764 -1.830398365
v 22.4934019 1.6764 -0.6313094191
v 22.4934019 1.6764 -1.768690581
v 24.6209231 1.6764 -0.9102376762
v 24.6209231 1.6764 -1.489762324
v 26.216564 1.6764 -1.2
v 15.578958 2.5146 -1.2
v 16.6427186 2.5146 -1.002767938
v 16.6427186 2.5146 -1.397232062
v 18.2383595 2.5146 -0.7486845997
v 18.2383595 2.5146 -1.6513154
v 20.3658807 2.5146 -0.5696016349
v 20.3658807 2.5146 -1.830398365
v 22.4934019 2.5146 -0.6313094191
v 22.4934019 2.5146 -1.768690581
v 24.6209231 2.5146 -0.9102376762
v 24.6209231 2.5146 -1.489762324
v 26.216564 2.5146 -1.2
v 16.448951 3.061429 -1.142525956
v 17.4315559 3.061429 -0.9603409884
v 17.4315559 3.061429 -1.324710924
v 18.90546325 3.061429 -0.7256420033
v 18.90546325 3.061429 -1.559409909
v 20.87067305 3.061429 -0.5602215142
v 20.87067305 3.061429 -1.724830398
v 22.83588285 3.061429 -0.6172215302
v 22.83588285 3.061429 -1.667830382
v 24.80109265 3.061429 -0.8748699824
v 24.80109265 3.061429 -1.41018193
v 26.275 3.061429 -1.142525956
v 17.0255608 3.9115188 -1.053177918
v 17.95992348 3.9115188 -0.8828248891
v 17.95992348 3.9115188 -1.223530946
v 19.3614675 3.9115188 -0.6633683474
v 19.3614675 3.9115188 -1.442987488
v 21.23019286 3.9115188 -0.5086910341
v 21.23019286 3.9115188 -1.597664801
v 23.09891822 3.9115188 -0.5619892039
v 23.09891822 3.9115188 -1.544366632
v 24.96764358 3.9115188 -0.8029047676
v 24.96764358 3.9115188 -1.303451068
v 26.3691876 3.9115188 -1.053177918
v 17.6021706 4.7616086 -0.9638298795
v 18.48829106 4.7616086 -0.8050106364
v 18.48829106 4.7616086 -1.122649123
v 19.81747175 4.7616086 -0.6004124435
v 19.81747175 4.7616086 -1.327247315
v 21.58971267 4.7616086 -0.4562075884
v 21.58971267 4.7616086 -1.471452171
v 23.36195359 4.7616086 -0.505897195
v 23.36195359 4.7616086 -1.421762564
v 25.13419451 4.7616086 -0.7305015226
v 25.13419451 4.7616086 -1.197158236
v 26.4633752 4.7616086 -0.9638298795
v 18.1787804 5.6116984 -0.8744818411
v 19.01665864 5.6116984 -0.7268982304
v 19.01665864 5.6116984 -1.022065452
v 20.273476 5.6116984 -0.5367742915
v 20.273476 5.6116984 -1.212189391
v 21.94923248 5.6116984 -0.4027711771
v 21.94923248 5.6116984 -1.346192505
v 23.62498896 5.6116984 -0.4489455035
v 23.62498896 5.6116984 -1.300018179
v 25.30074544 5.6116984 -0.6576602474
v 25.30074544 5.6116984 -1.091303435
v 26.5575628 5.6116984 -0.8744818411
v 18.7553902 6.4617882 -0.7851338028
v 19.54502622 6.4617882 -0.648487671
v 19.54502622 6.4617882 -0.9217799345
v 20.72948025 6.4617882 -0.4724538915
v 20.72948025 6.4617882 -1.097813714
v 22.30875229 6.4617882 -0.3483818002
v 22.30875229 6.4617882 -1.221885805
v 23.88802433 6.4617882 -0.3911341293
v 23.88802433 6.4617882 -1.179133476
v 25.46729637 6.4617882 -0.584380942
v 25.46729637 6.4617882 -0.9858866635
v 26.6517504 6.4617882 -0.7851338028
v 19.332 7.311878 -0.6957857645
v 20.0733938 7.311878 -0.5697789584
v 20.0733938 7.311878 -0.8217925705
v 21.1854845 7.311878 -0.4074512435
v 21.1854845 7.311878 -0.9841202854
v 22.6682721 7.311878 -0.2930394578
v 22.6682721 7.311878 -1.098532071
v 24.1510597 7.311878 -0.3324630724
v 24.1510597 7.311878 -1.059108456
v 25.6338473 7.311878 -0.5106636065
v 25.6338473 7.311878 -0.8809079224
v 26.745938 7.311878 -0.6957857645
v 19.8935 8.1397415 -0.6087738044
v 20.59811705 8.1397415 -0.4917392838
v 20.59811705 8.1397415 -0.725808325
v 21.65504263 8.1397415 -0.3409700763
v 21.65504263 8.1397415 -0.8765775325
v 23.06427672 8.1397415 -0.2347049553
v 23.06427672 8.1397415 -0.9828426535
v 24.47351083 8.1397415 -0.2713214205
v 24.47351083 8.1397415 -0.9462261883
v 25.88274493 8.1397415 -0.4368332268
v 25.88274493 8.1397415 -0.780714382
v 26.9396705 8.1397415 -0.6087738044
v 20.455 8.967605 -0.5217618443
v 21.1228403 8.967605 -0.4134154931
v 21.1228403 8.967605 -0.6301081955
v 22.12460075 8.967605 -0.2738387817
v 22.12460075 8.967605 -0.7696849069
v 23.46028135 8.967605 -0.1754623535
v 23.46028135 8.967605 -0.8680613351
v 24.79596195 8.967605 -0.2093605605
v 24.79596195 8.967605 -0.8341631281
v 26.13164255 8.967605 -0.3625854397
v 26.13164255 8.967605 -0.6809382489
v 27.133403 8.967605 -0.5217618443
v 21.13222222 9.96597 -0.4168294545
v 21.76802921 9.96597 -0.3147715217
v 21.76802921 9.96597 -0.5188873872
v 22.72173969 9.96597 -0.1832958377
v 22.72173969 9.96597 -0.6503630712
v 23.99335367 9.96597 -0.0906291739
v 23.99335367 9.96597 -0.7430297351
v 25.26496765 9.96597 -0.1225599301
v 25.26496765 9.96597 -0.7110989788
v 26.53658163 9.96597 -0.2668916428
v 26.53658163 9.96597 -0.5667672661
v 27.49029211 9.96597 -0.4168294545
v 21.80944444 10.964335 -0.3118970646
v 22.41321812 10.964335 -0.2160175632
v 22.41321812 10.964335 -0.4077765661
v 23.31887864 10.964335 -0.0925012162
v 23.31887864 10.964335 -0.5312929131
v 24.52642599 10.964335 -0.0054444506
v 24.52642599 10.964335 -0.6183496787
v 25.73397335 10.964335 -0.0354421676
v 25.73397335 10.964335 -0.5883519616
v 26.94152071 10.964335 -0.171036259
v 26.94152071 10.964335 -0.4527578703
v 27.84718122 10.964335 -0.3118970646
v 22.48666667 11.9627 -0.2069646748
v 23.05840703 11.9627 -0.1171536175
v 23.05840703 11.9627 -0.296775732
v 23.91601758 11.9627 -0.0014549172
v 23.91601758 11.9627 -0.4124744324
v 25.05949832 11.9627 0.0800918163
v 25.05949832 11.9627 -0.4940211659
v 26.20297905 11.9627 0.0519927269
v 26.20297905 11.9627 -0.4659220765
v 27.34645978 11.9627 -0.0750192883
v 27.34645978 11.9627 -0.3389100613
v 28.20407033 11.9627 -0.2069646748
v 23.16388889 12.961065 -0.1020322849
v 23.70359594 12.961065 -0.0181796848
v 23.70359594 12.961065 -0.1858848851
v 24.51315653 12.961065 0.0898430592
v 24.51315653 12.961065 -0.2939076291
v 25.59257064 12.961065 0.1659796269
v 25.59257064 12.961065 -0.3700441968
v 26.67198475 12.961065 0.1397447536
v 26.67198475 12.961065 -0.3438093235
v 27.75139886 12.961065 0.0211592693
v 27.75139886 12.961065 -0.2252238392
v 28.56095944 12.961065 -0.1020322849
v 23.84111111 13.95943 0.0029001049
v 24.34878486 13.95943 0.0809042349
v 24.34878486 13.95943 -0.0751040252
v 25.11029547 13.95943 0.1813927131
v 25.11029547 13.95943 -0.1755925034
v 26.12564296 13.95943 0.2522189811
v 26.12564296 13.95943 -0.2464187713
v 27.14099045 13.95943 0.2278139124
v 27.14099045 13.95943 -0.2220137026
v 28.15633794 13.95943 0.1174994138
v 28.15633794 13.95943 -0.111699204
v 28.91784856 13.95943 0.0029001049
v 24.51833333 14.957795 0.1078324947
v 24.99397377 14.957795 0.1800981418
v 24.99397377 14.957795 0.0355668477
v 25.70743442 14.957795 0.2731940445
v 25.70743442 14.957795 -0.057529055
v 26.65871528 14.957795 0.338809879
v 26.65871528 14.957795 -0.1231448895
v 27.60999615 14.957795 0.3162002033
v 27.60999615 14.957795 -0.1005352138
v 28.56127702 14.957795 0.2140011451
v 28.56127702 14.957795 0.0016638444
v 29.27473767 14.957795 0.1078324947
v 25.19555556 15.95616 0.2127648846
v 25.63916268 15.95616 0.2794020358
v 25.63916268 15.95616 0.1461277334
v 26.30457336 15.95616 0.3652470533
v 26.30457336 15.95616 0.0602827158
v 27.19178761 15.95616 0.4257523205
v 27.19178761 15.95616 -0.0002225513
v 28.07900185 15.95616 0.4049036263
v 28.07900185 15.95616 0.0206261429
v 28.96621609 15.95616 0.3106644633
v 28.96621609 15.95616 0.1148653058
v 29.63162678 15.95616 0.2127648846
v 25.87277778 16.954525 0.3176972744
v 26.28435159 16.954525 0.3788159168
v 26.28435159 16.954525 0.256578632
v 26.90171231 16.954525 0.4575517396
v 26.90171231 16.954525 0.1778428092
v 27.72485993 16.954525 0.5130463056
v 27.72485993 16.954525 0.1223482432
v 28.54800755 16.954525 0.4939241814
v 28.54800755 16.954525 0.1414703675
v 29.37115517 16.954525 0.4074893684
v 29.37115517 16.954525 0.2279051804
v 29.98851589 16.954525 0.3176972744
v 26.55 17.95289 0.4226296643
v 26.9295405 17.95289 0.4783397849
v 26.9295405 17.95289 0.3669195436
v 27.49885125 17.95289 0.5501081034
v 27.49885125 17.95289 0.2951512251
v 28.25793225 17.95289 0.6006918344
v 28.25793225 17.95289 0.2445674941
v 29.01701325 17.95289 0.5832618686
v 29.01701325 17.95289 0.26199746
v 29.77609425 17.95289 0.5044758604
v 29.77609425 17.95289 0.3407834682
v 30.345405 17.95289 0.4226296643
v 27.3 18.92525833 0.5248296943
v 27.64221603 18.92525833 0.5746205877
v 27.64221603 18.92525833 0.4750388009
v 28.15554008 18.92525833 0.6387634876
v 28.15554008 18.92525833 0.410895901
v 28.83997215 18.92525833 0.6839726728
v 28.83997215 18.92525833 0.3656867159
v 29.52440422 18.92525833 0.6683946492
v 29.52440422 18.92525833 0.3812647394
v 30.20883628 18.92525833 0.5979796925
v 30.20883628 18.92525833 0.4516796962
v 30.72216033 18.92525833 0.5248296943
v 28.05 19.89762667 0.6270297244
v 28.35489157 19.89762667 0.6709975063
v 28.35489157 19.89762667 0.5830619425
v 28.81222892 19.89762667 0.7276388084
v 28.81222892 19.89762667 0.5264206404
v 29.42201205 19.89762667 0.767560719
v 29.42201205 19.89762667 0.4864987298
v 30.03179518 19.89762667 0.7538045661
v 30.03179518 19.89762667 0.5002548827
v 30.64157832 19.89762667 0.6916247326
v 30.64157832 19.89762667 0.5624347162
v 31.09891567 19.89762667 0.6270297244
v 28.8 20.869995 0.7292297545
v 29.0675671 20.869995 0.7674705407
v 29.0675671 20.869995 0.6909889682
v 29.46891775 20.869995 0.8167340657
v 29.46891775 20.869995 0.6417254432
v 30.00405195 20.869995 0.851455973
v 30.00405195 20.869995 0.6070035359
v 30.53918615 20.869995 0.8394916192
v 30.53918615 20.869995 0.6189678898
v 31.07432035 20.869995 0.7854109806
v 31.07432035 20.869995 0.6730485283
v 31.475671 20.869995 0.7292297545
v 29.55 21.84236333 0.8314297845
v 29.78024263 21.84236333 0.8640396909
v 29.78024263 21.84236333 0.7988198782
v 30.12560658 21.84236333 0.9060492596
v 30.12560658 21.84236333 0.7568103095
v 30.58609185 21.84236333 0.9356584349
v 30.58609185 21.84236333 0.7272011342
v 31.04657712 21.84236333 0.9254558084
v 31.04657712 21.84236333 0.7374037607
v 31.50706238 21.84236333 0.8793384366
v 31.50706238 21.84236333 0.7835211325
v 31.85242633 21.84236333 0.8314297845
v 30.3 22.81473167 0.9336298146
v 30.49291817 22.81473167 0.9607049568
v 30.49291817 22.81473167 0.9065546724
v 30.78229542 22.81473167 0.99558439
v 30.78229542 22.81473167 0.8716752393
v 31.16813175 22.81473167 1.020168105
v 31.16813175 22.81473167 0.8470915246
v 31.55396808 22.81473167 1.011697134
v 31.55396808 22.81473167 0.8555624954
v 31.93980442 22.81473167 0.9734071005
v 31.93980442 22.81473167 0.8938525287
v 32.22918167 22.81473167 0.9336298146
v 31.05 23.7871 1.035829845
v 31.2055937 23.7871 1.057466339
v 31.2055937 23.7871 1.014193351
v 31.43898425 23.7871 1.085339457
v 31.43898425 23.7871 0.9863202325
v 31.75017165 23.7871 1.104984982
v 31.75017165 23.7871 0.9666747072
v 32.06135905 23.7871 1.098215595
v 32.06135905 23.7871 0.9734440939
v 32.37254645 23.7871 1.067616972
v 32.37254645 23.7871 1.004042717
v 32.605937 23.7871 1.035829845
v 40.2 -0 1.1
v 42.025 -0 1.30647518
v 42.025 -0 0.8935248199
v 44.945 -0 1.360173905
v 44.945 -0 0.8398260949
v 47.5 -0 1.1
v 40.8 -0.93091 1.1
v 42.4975 -0.93091 1.292050202
v 42.4975 -0.93091 0.9079497982
v 45.2135 -0.93091 1.341997372
v 45.2135 -0.93091 0.858002628
v 47.59 -0.93091 1.1
v 41.4 -1.86182 1.1
v 42.97 -1.86182 1.277625223
v 42.97 -1.86182 0.9223747766
v 45.482 -1.86182 1.323820839
v 45.482 -1.86182 0.8761791611
v 47.68 -1.86182 1.1
v 42 -2.79273 1.1
v 43.4425 -2.79273 1.263200245
v 43.4425 -2.79273 0.9367997549
v 45.7505 -2.79273 1.305644306
v 45.7505 -2.79273 0.8943556942
v 47.77 -2.79273 1.1
v 42.6 -3.72364 1.1
v 43.915 -3.72364 1.248775267
v 43.915 -3.72364 0.9512247332
v 46.019 -3.72364 1.287467773
v 46.019 -3.72364 0.9125322273
v 47.86 -3.72364 1.1
v 43.2 -4.65455 1.1
v 44.3875 -4.65455 1.234350288
v 44.3875 -4.65455 0.9656497116
v 46.2875 -4.65455 1.26929124
v 46.2875 -4.65455 0.9307087604
v 47.95 -4.65455 1.1
v 43.8 -5.58546 1.1
v 44.86 -5.58546 1.21992531
v 44.86 -5.58546 0.9800746899
v 46.556 -5.58546 1.251114706
v 46.556 -5.58546 0.9488852935
v 48.04 -5.58546 1.1
v 44.4 -6.51637 1.1
v 45.3325 -6.51637 1.205500332
v 45.3325 -6.51637 0.9944996682
v 46.8245 -6.51637 1.232938173
v 46.8245 -6.51637 0.9670618266
v 48.13 -6.51637 1.1
v 45 -7.44728 1.1
v 45.805 -7.44728 1.191075353
v 45.805 -7.44728 1.008924647
v 47.093 -7.44728 1.21476164
v 47.093 -7.44728 0.9852383597
v 48.22 -7.44728 1.1
v 45.6 -8.37819 1.1
v 46.2775 -8.37819 1.176650375
v 46.2775 -8.37819 1.023349625
v 47.3615 -8.37819 1.196585107
v 47.3615 -8.37819 1.003414893
v 48.31 -8.37819 1.1
v 46.2 -9.3091 1.1
v 46.75 -9.3091 1.162225397
v 46.75 -9.3091 1.037774603
v 47.63 -9.3091 1.178408574
v 47.63 -9.3091 1.021591426
v 48.4 -9.3091 1.1
v 40.8 0.93091 1.1
v 42.4975 0.93091 1.292050202
v 42.4975 0.93091 0.9079497982
v 45.2135 0.93091 1.341997372
v 45.2135 0.93091 0.858002628
v 47.59 0.93091 1.1
v 41.4 1.86182 1.1
v 42.97 1.86182 1.277625223
v 42.97 1.86182 0.9223747766
v 45.482 1.86182 1.323820839
v 45.482 1.86182 0.8761791611
v 47.68 1.86182 1.1
v 42 2.79273 1.1
v 43.4425 2.79273 1.263200245
v 43.4425 2.79273 0.9367997549
v 45.7505 2.79273 1.305644306
v 45.7505 2.79273 0.8943556942
v 47.77 2.79273 1.1
v 42.6 3.72364 1.1
v 43.915 3.72364 1.248775267
v 43.915 3.72364 0.9512247332
v 46.019 3.72364 1.287467773
v 46.019 3.72364 0.9125322273
v 47.86 3.72364 1.1
v 43.2 4.65455 1.1
v 44.3875 4.65455 1.234350288
v 44.3875 4.65455 0.9656497116
v 46.2875 4.65455 1.26929124
v 46.2875 4.65455 0.9307087604
v 47.95 4.65455 1.1
v 43.8 5.58546 1.1
v 44.86 5.58546 1.21992531
v 44.86 5.58546 0.9800746899
v 46.556 5.58546 1.251114706
v 46.556 5.58546 0.9488852935
v 48.04 5.58546 1.1
v 44.4 6.51637 1.1
v 45.3325 6.51637 1.205500332
v 45.3325 6.51637 0.9944996682
v 46.8245 6.51637 1.232938173
v 46.8245 6.51637 0.9670618266
v 48.13 6.51637 1.1
v 45 7.44728 1.1
v 45.805 7.44728 1.191075353
v 45.805 7.44728 1.008924647
v 47.093 7.44728 1.21476164
v 47.093 7.44728 0.9852383597
v 48.22 7.44728 1.1
v 45.6 8.37819 1.1
v 46.2775 8.37819 1.176650375
v 46.2775 8.37819 1.023349625
v 47.3615 8.37819 1.196585107
v 47.3615 8.37819 1.003414893
v 48.31 8.37819 1.1
v 46.2 9.3091 1.1
v 46.75 9.3091 1.162225397
v 46.75 9.3091 1.037774603
v 47.63 9.3091 1.178408574
v 47.63 9.3091 1.021591426
v 48.4 9.3091 1.1
v 37.8 0 2.5
v 40.2 0.271529004 2.5
v 40.2 -0.271529004 2.5
v 44.04 0.3421465053 2.5
v 44.04 -0.3421465053 2.5
v 47.4 0 2.5
v 38.7 0 3.5
v 40.9 0.248901587 3.5
v 40.9 -0.248901587 3.5
v 44.42 0.3136342965 3.5
v 44.42 -0.3136342965 3.5
v 47.5 0 3.5
v 39.6 0 4.5
v 41.6 0.22627417 4.5
v 41.6 -0.22627417 4.5
v 44.8 0.2851220877 4.5
v 44.8 -0.2851220877 4.5
v 47.6 0 4.5
v 40.5 0 5.5
v 42.3 0.203646753 5.5
v 42.3 -0.203646753 5.5
v 45.18 0.256609879 5.5
v 45.18 -0.256609879 5.5
v 47.7 0 5.5
v 41.4 0 6.5
v 43 0.181019336 6.5
v 43 -0.181019336 6.5
v 45.56 0.2280976702 6.5
v 45.56 -0.2280976702 6.5
v 47.8 0 6.5
v 42.3 0 7.5
v 43.7 0.158391919 7.5
v 43.7 -0.158391919 7.5
v 45.94 0.1995854614 7.5
v 45.94 -0.1995854614 7.5
v 47.9 0 7.5
v 43.2 0 8.5
v 44.4 0.135764502 8.5
v 44.4 -0.135764502 8.5
v 46.32 0.1710732526 8.5
v 46.32 -0.1710732526 8.5
v 48 0 8.5
v 44.1 0 9.5
v 45.1 0.113137085 9.5
v 45.1 -0.113137085 9.5
v 46.7 0.1425610439 9.5
v 46.7 -0.1425610439 9.5
v 48.1 0 9.5
v 45 0 10.5
v 45.8 0.090509668 10.5
v 45.8 -0.090509668 10.5
v 47.08 0.1140488351 10.5
v 47.08 -0.1140488351 10.5
v 48.2 0 10.5
v 17.5895 -7.9248 -3
v 17.5895 7.9248 -3
g fuselage_skin
f 1 25 26
f 1 26 2
f 2 26 27
f 2 27 3
f 3 27 28
f 3 28 4
f 4 28 29
f 4 29 5
f 5 29 30
f 5 30 6
f 6 30 31
f 6 31 7
f 7 31 32
f 7 32 8
f 8 32 33
f 8 33 9
f 9 33 34
f 9 34 10
f 10 34 35
f 10 35 11
f 11 35 36
f 11 36 12
f 12 36 37
f 12 37 13
f 13 37 38
f 13 38 14
f 14 38 39
f 14 39 15
f 15 39 40
f 15 40 16
f 16 40 41
f 16 41 17
f 17 41 42
f 17 42 18
f 18 42 43
f 18 43 19
f 19 43 44
f 19 44 20
f 20 44 45
f 20 45 21
f 21 45 46
f 21 46 22
f 22 46 47
f 22 47 23
f 23 47 48
f 23 48 24
f 24 48 25
f 24 25 1
f 25 49 50
f 25 50 26
f 26 50 51
f 26 51 27
f 27 51 52
f 27 52 28
f 28 52 53
f 28 53 29
f 29 53 54
f 29 54 30
f 30 54 55
f 30 55 31
f 31 55 56
f 31 56 32
f 32 56 57
f 32 57 33
f 33 57 58
f 33 58 34
f 34 58 59
f 34 59 35
f 35 59 60
f 35 60 36
f 36 60 61
f 36 61 37
f 37 61 62
f 37 62 38
f 38 62 63
f 38 63 39
f 39 63 64
f 39 64 40
f 40 64 65
f 40 65 41
f 41 65 66
f 41 66 42
f 42 66 67
f 42 67 43
f 43 67 68
f 43 68 44
f 44 68 69
f 44 69 45
f 45 69 70
f 45 70 46
f 46 70 71
f 46 71 47
f 47 71 72
f 47 72 48
f 48 72 49
f 48 49 25
f 49 73 74
f 49 74 50
f 50 74 75
f 50 75 51
f 51 75 76
f 51 76 52
f 52 76 77
f 52 77 53
f 53 77 78
f 53 78 54
f 54 78 79
f 54 79 55
f 55 79 80
f 55 80 56
f 56 80 81
f 56 81 57
f 57 81 82
f 57 82 58
f 58 82 83
f 58 83 59
f 59 83 84
f 59 84 60
f 60 84 85
f 60 85 61
f 61 85 86
f 61 86 62
f 62 86 87
f 62 87 63
f 63 87 88
f 63 88 64
f 64 88 89
f 64 89 65
f 65 89 90
f 65 90 66
f 66 90 91
f 66 91 67
f 67 91 92
f 67 92 68
f 68 92 93
f 68 93 69
f 69 93 94
f 69 94 70
f 70 94 95
f 70 95 71
f 71 95 96
f 71 96 72
f 72 96 73
f 72 73 49
f 73 97 98
f 73 98 74
f 74 98 99
f 74 99 75
f 75 99 100
f 75 100 76
f 76 100 101
f 76 101 77
f 77 101 102
f 77 102 78
f 78 102 103
f 78 103 79
f 79 103 104
f 79 104 80
f 80 104 105
f 80 105 81
f 81 105 106
f 81 106 82
f 82 106 107
f 82 107 83
f 83 107 108
f 83 108 84
f 84 108 109
f 84 109 85
f 85 109 110
f 85 110 86
f 86 110 111
f 86 111 87
f 87 111 112
f 87 112 88
f 88 112 113
f 88 113 89
f 89 113 114
f 89 114 90
f 90 114 115
f 90 115 91
f 91 115 116
f 91 116 92
f 92 116 117
f 92 117 93
f 93 117 118
f 93 118 94
f 94 118 119
f 94 119 95
f 95 119 120
f 95 120 96
f 96 120 97
f 96 97 73
f 97 121 122
f 97 122 98
f 98 122 123
f 98 123 99
f 99 123 124
f 99 124 100
f 100 124 125
f 100 125 101
f 101 125 126
f 101 126 102
f 102 126 127
f 102 127 103
f 103 127 128
f 103 128 104
f 104 128 129
f 104 129 105
f 105 129 130
f 105 130 106
f 106 130 131
f 106 131 107
f 107 131 132
f 107 132 108
f 108 132 133
f 108 133 109
f 109 133 134
f 109 134 110
f 110 134 135
f 110 135 111
f 111 135 136
f 111 136 112
f 112 136 137
f 112 137 113
f 113 137 138
f 113 138 114
f 114 138 139
f 114 139 115
f 115 139 140
f 115 140 116
f 116 140 141
f 116 141 117
f 117 141 142
f 117 142 118
f 118 142 143
f 118 143 119
f 119 143 144
f 119 144 120
f 120 144 121
f 120 121 97
f 121 145 146
f 121 146 122
f 122 146 147
f 122 147 123
f 123 147 148
f 123 148 124
f 124 148 149
f 124 149 125
f 125 149 150
f 125 150 126
f 126 150 151
f 126 151 127
f 127 151 152
f 127 152 128
f 128 152 153
f 128 153 129
f 129 153 154
f 129 154 130
f 130 154 155
f 130 155 131
f 131 155 156
f 131 156 132
f 132 156 157
f 132 157 133
f 133 157 158
f 133 158 134
f 134 158 159
f 134 159 135
f 135 159 160
f 135 160 136
f 136 160 161
f 136 161 137
f 137 161 162
f 137 162 138
f 138 162 163
f 138 163 139
f 139 163 164
f 139 164 140
f 140 164 165
f 140 165 141
f 141 165 166
f 141 166 142
f 142 166 167
f 142 167 143
f 143 167 168
f 143 168 144
f 144 168 145
f 144 145 121
f 145 169 170
f 145 170 146
f 146 170 171
f 146 171 147
f 147 171 172
f 147 172 148
f 148 172 173
f 148 173 149
f 149 173 174
f 149 174 150
f 150 174 175
f 150 175 151
f 151 175 176
f 151 176 152
f 152 176 177
f 152 177 153
f 153 177 178
f 153 178 154
f 154 178 179
f 154 179 155
f 155 179 180
f 155 180 156
f 156 180 181
f 156 181 157
f 157 181 182
f 157 182 158
f 158 182 183
f 158 183 159
f 159 183 184
f 159 184 160
f 160 184 185
f 160 185 161
f 161 185 186
f 161 186 162
f 162 186 187
f 162 187 163
f 163 187 188
f 163 188 164
f 164 188 189
f 164 189 165
f 165 189 190
f 165 190 166
f 166 190 191
f 166 191 167
f 167 191 192
f 167 192 168
f 168 192 169
f 168 169 145
f 169 193 194
f 169 194 170
f 170 194 195
f 170 195 171
f 171 195 196
f 171 196 172
f 172 196 197
f 172 197 173
f 173 197 198
f 173 198 174
f 174 198 199
f 174 199 175
f 175 199 200
f 175 200 176
f 176 200 201
f 176 201 177
f 177 201 202
f 177 202 178
f 178 202 203
f 178 203 179
f 179 203 204
f 179 204 180
f 180 204 205
f 180 205 181
f 181 205 206
f 181 206 182
f 182 206 207
f 182 207 183
f 183 207 208
f 183 208 184
f 184 208 209
f 184 209 185
f 185 209 210
f 185 210 186
f 186 210 211
f 186 211 187
f 187 211 212
f 187 212 188
f 188 212 213
f 188 213 189
f 189 213 214
f 189 214 190
f 190 214 215
f 190 215 191
f 191 215 216
f 191 216 192
f 192 216 193
f 192 193 169
f 193 217 218
f 193 218 194
f 194 218 219
f 194 219 195
f 195 219 220
f 195 220 196
f 196 220 221
f 196 221 197
f 197 221 222
f 197 222 198
f 198 222 223
f 198 223 199
f 199 223 224
f 199 224 200
f 200 224 225
f 200 225 201
f 201 225 226
f 201 226 202
f 202 226 227
f 202 227 203
f 203 227 228
f 203 228 204
f 204 228 229
f 204 229 205
f 205 229 230
f 205 230 206
f 206 230 231
f 206 231 207
f 207 231 232
f 207 232 208
f 208 232 233
f 208 233 209
f 209 233 234
f 209 234 210
f 210 234 235
f 210 235 211
f 211 235 236
f 211 236 212
f 212 236 237
f 212 237 213
f 213 237 238
f 213 238 214
f 214 238 239
f 214 239 215
f 215 239 240
f 215 240 216
f 216 240 217
f 216 217 193
f 217 241 242
f 217 242 218
f 218 242 243
f 218 243 219
f 219 243 244
f 219 244 220
f 220 244 245
f 220 245 221
f 221 245 246
f 221 246 222
f 222 246 247
f 222 247 223
f 223 247 248
f 223 248 224
f 224 248 249
f 224 249 225
f 225 249 250
f 225 250 226
f 226 250 251
f 226 251 227
f 227 251 252
f 227 252 228
f 228 252 253
f 228 253 229
f 229 253 254
f 229 254 230
f 230 254 255
f 230 255 231
f 231 255 256
f 231 256 232
f 232 256 257
f 232 257 233
f 233 257 258
f 233 258 234
f 234 258 259
f 234 259 235
f 235 259 260
f 235 260 236
f 236 260 261
f 236 261 237
f 237 261 262
f 237 262 238
f 238 262 263
f 238 263 239
f 239 263 264
f 239 264 240
f 240 264 241
f 240 241 217
f 241 265 266
f 241 266 242
f 242 266 267
f 242 267 243
f 243 267 268
f 243 268 244
f 244 268 269
f 244 269 245
f 245 269 270
f 245 270 246
f 246 270 271
f 246 271 247
f 247 271 272
f 247 272 248
f 248 272 273
f 248 273 249
f 249 273 274
f 249 274 250
f 250 274 275
f 250 275 251
f 251 275 276
f 251 276 252
f 252 276 277
f 252 277 253
f 253 277 278
f 253 278 254
f 254 278 279
f 254 279 255
f 255 279 280
f 255 280 256
f 256 280 281
f 256 281 257
f 257 281 282
f 257 282 258
f 258 282 283
f 258 283 259
f 259 283 284
f 259 284 260
f 260 284 285
f 260 285 261
f 261 285 286
f 261 286 262
f 262 286 287
f 262 287 263
f 263 287 288
f 263 288 264
f 264 288 265
f 264 265 241
f 265 289 290
f 265 290 266
f 266 290 291
f 266 291 267
f 267 291 292
f 267 292 268
f 268 292 293
f 268 293 269
f 269 293 294
f 269 294 270
f 270 294 295
f 270 295 271
f 271 295 296
f 271 296 272
f 272 296 297
f 272 297 273
f 273 297 298
f 273 298 274
f 274 298 299
f 274 299 275
f 275 299 300
f 275 300 276
f 276 300 301
f 276 301 277
f 277 301 302
f 277 302 278
f 278 302 303
f 278 303 279
f 279 303 304
f 279 304 280
f 280 304 305
f 280 305 281
f 281 305 306
f 281 306 282
f 282 306 307
f 282 307 283
f 283 307 308
f 283 308 284
f 284 308 309
f 284 309 285
f 285 309 310
f 285 310 286
f 286 310 311
f 286 311 287
f 287 311 312
f 287 312 288
f 288 312 289
f 288 289 265
f 289 313 314
f 289 314 290
f 290 314 315
f 290 315 291
f 291 315 316
f 291 316 292
f 292 316 317
f 292 317 293
f 293 317 318
f 293 318 294
f 294 318 319
f 294 319 295
f 295 319 320
f 295 320 296
f 296 320 321
f 296 321 297
f 297 321 322
f 297 322 298
f 298 322 323
f 298 323 299
f 299 323 324
f 299 324 300
f 300 324 325
f 300 325 301
f 301 325 326
f 301 326 302
f 302 326 327
f 302 327 303
f 303 327 328
f 303 328 304
f 304 328 329
f 304 329 305
f 305 329 330
f 305 330 306
f 306 330 331
f 306 331 307
f 307 331 332
f 307 332 308
f 308 332 333
f 308 333 309
f 309 333 334
f 309 334 310
f 310 334 335
f 310 335 311
f 311 335 336
f 311 336 312
f 312 336 313
f 312 313 289
f 313 337 338
f 313 338 314
f 314 338 339
f 314 339 315
f 315 339 340
f 315 340 316
f 316 340 341
f 316 341 317
f 317 341 342
f 317 342 318
f 318 342 343
f 318 343 319
f 319 343 344
f 319 344 320
f 320 344 345
f 320 345 321
f 321 345 346
f 321 346 322
f 322 346 347
f 322 347 323
f 323 347 348
f 323 348 324
f 324 348 349
f 324 349 325
f 325 349 350
f 325 350 326
f 326 350 351
f 326 351 327
f 327 351 352
f 327 352 328
f 328 352 353
f 328 353 329
f 329 353 354
f 329 354 330
f 330 354 355
f 330 355 331
f 331 355 356
f 331 356 332
f 332 356 357
f 332 357 333
f 333 357 358
f 333 358 334
f 334 358 359
f 334 359 335
f 335 359 360
f 335 360 336
f 336 360 337
f 336 337 313
f 337 361 362
f 337 362 338
f 338 362 363
f 338 363 339
f 339 363 364
f 339 364 340
f 340 364 365
f 340 365 341
f 341 365 366
f 341 366 342
f 342 366 367
f 342 367 343
f 343 367 368
f 343 368 344
f 344 368 369
f 344 369 345
f 345 369 370
f 345 370 346
f 346 370 371
f 346 371 347
f 347 371 372
f 347 372 348
f 348 372 373
f 348 373 349
f 349 373 374
f 349 374 350
f 350 374 375
f 350 375 351
f 351 375 376
f 351 376 352
f 352 376 377
f 352 377 353
f 353 377 378
f 353 378 354
f 354 378 379
f 354 379 355
f 355 379 380
f 355 380 356
f 356 380 381
f 356 381 357
f 357 381 382
f 357 382 358
f 358 382 383
f 358 383 359
f 359 383 384
f 359 384 360
f 360 384 361
f 360 361 337
f 361 385 386
f 361 386 362
f 362 386 387
f 362 387 363
f 363 387 388
f 363 388 364
f 364 388 389
f 364 389 365
f 365 389 390
f 365 390 366
f 366 390 391
f 366 391 367
f 367 391 392
f 367 392 368
f 368 392 393
f 368 393 369
f 369 393 394
f 369 394 370
f 370 394 395
f 370 395 371
f 371 395 396
f 371 396 372
f 372 396 397
f 372 397 373
f 373 397 398
f 373 398 374
f 374 398 399
f 374 399 375
f 375 399 400
f 375 400 376
f 376 400 401
f 376 401 377
f 377 401 402
f 377 402 378
f 378 402 403
f 378 403 379
f 379 403 404
f 379 404 380
f 380 404 405
f 380 405 381
f 381 405 406
f 381 406 382
f 382 406 407
f 382 407 383
f 383 407 408
f 383 408 384
f 384 408 385
f 384 385 361
f 385 409 410
f 385 410 386
f 386 410 411
f 386 411 387
f 387 411 412
f 387 412 388
f 388 412 413
f 388 413 389
f 389 413 414
f 389 414 390
f 390 414 415
f 390 415 391
f 391 415 416
f 391 416 392
f 392 416 417
f 392 417 393
f 393 417 418
f 393 418 394
f 394 418 419
f 394 419 395
f 395 419 420
f 395 420 396
f 396 420 421
f 396 421 397
f 397 421 422
f 397 422 398
f 398 422 423
f 398 423 399
f 399 423 424
f 399 424 400
f 400 424 425
f 400 425 401
f 401 425 426
f 401 426 402
f 402 426 427
f 402 427 403
f 403 427 428
f 403 428 404
f 404 428 429
f 404 429 405
f 405 429 430
f 405 430 406
f 406 430 431
f 406 431 407
f 407 431 432
f 407 432 408
f 408 432 409
f 408 409 385
f 409 433 434
f 409 434 410
f 410 434 435
f 410 435 411
f 411 435 436
f 411 436 412
f 412 436 437
f 412 437 413
f 413 437 438
f 413 438 414
f 414 438 439
f 414 439 415
f 415 439 440
f 415 440 416
f 416 440 441
f 416 441 417
f 417 441 442
f 417 442 418
f 418 442 443
f 418 443 419
f 419 443 444
f 419 444 420
f 420 444 445
f 420 445 421
f 421 445 446
f 421 446 422
f 422 446 447
f 422 447 423
f 423 447 448
f 423 448 424
f 424 448 449
f 424 449 425
f 425 449 450
f 425 450 426
f 426 450 451
f 426 451 427
f 427 451 452
f 427 452 428
f 428 452 453
f 428 453 429
f 429 453 454
f 429 454 430
f 430 454 455
f 430 455 431
f 431 455 456
f 431 456 432
f 432 456 433
f 432 433 409
f 433 457 458
f 433 458 434
f 434 458 459
f 434 459 435
f 435 459 460
f 435 460 436
f 436 460 461
f 436 461 437
f 437 461 462
f 437 462 438
f 438 462 463
f 438 463 439
f 439 463 464
f 439 464 440
f 440 464 465
f 440 465 441
f 441 465 466
f 441 466 442
f 442 466 467
f 442 467 443
f 443 467 468
f 443 468 444
f 444 468 469
f 444 469 445
f 445 469 470
f 445 470 446
f 446 470 471
f 446 471 447
f 447 471 472
f 447 472 448
f 448 472 473
f 448 473 449
f 449 473 474
f 449 474 450
f 450 474 475
f 450 475 451
f 451 475 476
f 451 476 452
f 452 476 477
f 452 477 453
f 453 477 478
f 453 478 454
f 454 478 479
f 454 479 455
f 455 479 480
f 455 480 456
f 456 480 457
f 456 457 433
f 457 481 482
f 457 482 458
f 458 482 483
f 458 483 459
f 459 483 484
f 459 484 460
f 460 484 485
f 460 485 461
f 461 485 486
f 461 486 462
f 462 486 487
f 462 487 463
f 463 487 488
f 463 488 464
f 464 488 489
f 464 489 465
f 465 489 490
f 465 490 466
f 466 490 491
f 466 491 467
f 467 491 492
f 467 492 468
f 468 492 493
f 468 493 469
f 469 493 494
f 469 494 470
f 470 494 495
f 470 495 471
f 471 495 496
f 471 496 472
f 472 496 497
f 472 497 473
f 473 497 498
f 473 498 474
f 474 498 499
f 474 499 475
f 475 499 500
f 475 500 476
f 476 500 501
f 476 501 477
f 477 501 502
f 477 502 478
f 478 502 503
f 478 503 479
f 479 503 504
f 479 504 480
f 480 504 481
f 480 481 457
f 481 505 506
f 481 506 482
f 482 506 507
f 482 507 483
f 483 507 508
f 483 508 484
f 484 508 509
f 484 509 485
f 485 509 510
f 485 510 486
f 486 510 511
f 486 511 487
f 487 511 512
f 487 512 488
f 488 512 513
f 488 513 489
f 489 513 514
f 489 514 490
f 490 514 515
f 490 515 491
f 491 515 516
f 491 516 492
f 492 516 517
f 492 517 493
f 493 517 518
f 493 518 494
f 494 518 519
f 494 519 495
f 495 519 520
f 495 520 496
f 496 520 521
f 496 521 497
f 497 521 522
f 497 522 498
f 498 522 523
f 498 523 499
f 499 523 524
f 499 524 500
f 500 524 525
f 500 525 501
f 501 525 526
f 501 526 502
f 502 526 527
f 502 527 503
f 503 527 528
f 503 528 504
f 504 528 505
f 504 505 481
f 505 529 530
f 505 530 506
f 506 530 531
f 506 531 507
f 507 531 532
f 507 532 508
f 508 532 533
f 508 533 509
f 509 533 534
f 509 534 510
f 510 534 535
f 510 535 511
f 511 535 536
f 511 536 512
f 512 536 537
f 512 537 513
f 513 537 538
f 513 538 514
f 514 538 539
f 514 539 515
f 515 539 540
f 515 540 516
f 516 540 541
f 516 541 517
f 517 541 542
f 517 542 518
f 518 542 543
f 518 543 519
f 519 543 544
f 519 544 520
f 520 544 545
f 520 545 521
f 521 545 546
f 521 546 522
f 522 546 547
f 522 547 523
f 523 547 548
f 523 548 524
f 524 548 549
f 524 549 525
f 525 549 550
f 525 550 526
f 526 550 551
f 526 551 527
f 527 551 552
f 527 552 528
f 528 552 529
f 528 529 505
f 529 553 554
f 529 554 530
f 530 554 555
f 530 555 531
f 531 555 556
f 531 556 532
f 532 556 557
f 532 557 533
f 533 557 558
f 533 558 534
f 534 558 559
f 534 559 535
f 535 559 560
f 535 560 536
f 536 560 561
f 536 561 537
f 537 561 562
f 537 562 538
f 538 562 563
f 538 563 539
f 539 563 564
f 539 564 540
f 540 564 565
f 540 565 541
f 541 565 566
f 541 566 542
f 542 566 567
f 542 567 543
f 543 567 568
f 543 568 544
f 544 568 569
f 544 569 545
f 545 569 570
f 545 570 546
f 546 570 571
f 546 571 547
f 547 571 572
f 547 572 548
f 548 572 573
f 548 573 549
f 549 573 574
f 549 574 550
f 550 574 575
f 550 575 551
f 551 575 576
f 551 576 552
f 552 576 553
f 552 553 529
f 553 577 578
f 553 578 554
f 554 578 579
f 554 579 555
f 555 579 580
f 555 580 556
f 556 580 581
f 556 581 557
f 557 581 582
f 557 582 558
f 558 582 583
f 558 583 559
f 559 583 584
f 559 584 560
f 560 584 585
f 560 585 561
f 561 585 586
f 561 586 562
f 562 586 587
f 562 587 563
f 563 587 588
f 563 588 564
f 564 588 589
f 564 589 565
f 565 589 590
f 565 590 566
f 566 590 591
f 566 591 567
f 567 591 592
f 567 592 568
f 568 592 593
f 568 593 569
f 569 593 594
f 569 594 570
f 570 594 595
f 570 595 571
f 571 595 596
f 571 596 572
f 572 596 597
f 572 597 573
f 573 597 598
f 573 598 574
f 574 598 599
f 574 599 575
f 575 599 600
f 575 600 576
f 576 600 577
f 576 577 553
f 577 601 602
f 577 602 578
f 578 602 603
f 578 603 579
f 579 603 604
f 579 604 580
f 580 604 605
f 580 605 581
f 581 605 606
f 581 606 582
f 582 606 607
f 582 607 583
f 583 607 608
f 583 608 584
f 584 608 609
f 584 609 585
f 585 609 610
f 585 610 586
f 586 610 611
f 586 611 587
f 587 611 612
f 587 612 588
f 588 612 613
f 588 613 589
f 589 613 614
f 589 614 590
f 590 614 615
f 590 615 591
f 591 615 616
f 591 616 592
f 592 616 617
f 592 617 593
f 593 617 618
f 593 618 594
f 594 618 619
f 594 619 595
f 595 619 620
f 595 620 596
f 596 620 621
f 596 621 597
f 597 621 622
f 597 622 598
f 598 622 623
f 598 623 599
f 599 623 624
f 599 624 600
f 600 624 601
f 600 601 577
f 601 625 626
f 601 626 602
f 602 626 627
f 602 627 603
f 603 627 628
f 603 628 604
f 604 628 629
f 604 629 605
f 605 629 630
f 605 630 606
f 606 630 631
f 606 631 607
f 607 631 632
f 607 632 608
f 608 632 633
f 608 633 609
f 609 633 634
f 609 634 610
f 610 634 635
f 610 635 611
f 611 635 636
f 611 636 612
f 612 636 637
f 612 637 613
f 613 637 638
f 613 638 614
f 614 638 639
f 614 639 615
f 615 639 640
f 615 640 616
f 616 640 641
f 616 641 617
f 617 641 642
f 617 642 618
f 618 642 643
f 618 643 619
f 619 643 644
f 619 644 620
f 620 644 645
f 620 645 621
f 621 645 646
f 621 646 622
f 622 646 647
f 622 647 623
f 623 647 648
f 623 648 624
f 624 648 625
f 624 625 601
f 625 649 650
f 625 650 626
f 626 650 651
f 626 651 627
f 627 651 652
f 627 652 628
f 628 652 653
f 628 653 629
f 629 653 654
f 629 654 630
f 630 654 655
f 630 655 631
f 631 655 656
f 631 656 632
f 632 656 657
f 632 657 633
f 633 657 658
f 633 658 634
f 634 658 659
f 634 659 635
f 635 659 660
f 635 660 636
f 636 660 661
f 636 661 637
f 637 661 662
f 637 662 638
f 638 662 663
f 638 663 639
f 639 663 664
f 639 664 640
f 640 664 665
f 640 665 641
f 641 665 666
f 641 666 642
f 642 666 667
f 642 667 643
f 643 667 668
f 643 668 644
f 644 668 669
f 644 669 645
f 645 669 670
f 645 670 646
f 646 670 671
f 646 671 647
f 647 671 672
f 647 672 648
f 648 672 649
f 648 649 625
f 649 673 674
f 649 674 650
f 650 674 675
f 650 675 651
f 651 675 676
f 651 676 652
f 652 676 677
f 652 677 653
f 653 677 678
f 653 678 654
f 654 678 679
f 654 679 655
f 655 679 680
f 655 680 656
f 656 680 681
f 656 681 657
f 657 681 682
f 657 682 658
f 658 682 683
f 658 683 659
f 659 683 684
f 659 684 660
f 660 684 685
f 660 685 661
f 661 685 686
f 661 686 662
f 662 686 687
f 662 687 663
f 663 687 688
f 663 688 664
f 664 688 689
f 664 689 665
f 665 689 690
f 665 690 666
f 666 690 691
f 666 691 667
f 667 691 692
f 667 692 668
f 668 692 693
f 668 693 669
f 669 693 694
f 669 694 670
f 670 694 695
f 670 695 671
f 671 695 696
f 671 696 672
f 672 696 673
f 672 673 649
f 673 697 698
f 673 698 674
f 674 698 699
f 674 699 675
f 675 699 700
f 675 700 676
f 676 700 701
f 676 701 677
f 677 701 702
f 677 702 678
f 678 702 703
f 678 703 679
f 679 703 704
f 679 704 680
f 680 704 705
f 680 705 681
f 681 705 706
f 681 706 682
f 682 706 707
f 682 707 683
f 683 707 708
f 683 708 684
f 684 708 709
f 684 709 685
f 685 709 710
f 685 710 686
f 686 710 711
f 686 711 687
f 687 711 712
f 687 712 688
f 688 712 713
f 688 713 689
f 689 713 714
f 689 714 690
f 690 714 715
f 690 715 691
f 691 715 716
f 691 716 692
f 692 716 717
f 692 717 693
f 693 717 718
f 693 718 694
f 694 718 719
f 694 719 695
f 695 719 720
f 695 720 696
f 696 720 697
f 696 697 673
f 697 721 722
f 697 722 698
f 698 722 723
f 698 723 699
f 699 723 724
f 699 724 700
f 700 724 725
f 700 725 701
f 701 725 726
f 701 726 702
f 702 726 727
f 702 727 703
f 703 727 728
f 703 728 704
f 704 728 729
f 704 729 705
f 705 729 730
f 705 730 706
f 706 730 731
f 706 731 707
f 707 731 732
f 707 732 708
f 708 732 733
f 708 733 709
f 709 733 734
f 709 734 710
f 710 734 735
f 710 735 711
f 711 735 736
f 711 736 712
f 712 736 737
f 712 737 713
f 713 737 738
f 713 738 714
f 714 738 739
f 714 739 715
f 715 739 740
f 715 740 716
f 716 740 741
f 716 741 717
f 717 741 742
f 717 742 718
f 718 742 743
f 718 743 719
f 719 743 744
f 719 744 720
f 720 744 721
f 720 721 697
f 721 745 746
f 721 746 722
f 722 746 747
f 722 747 723
f 723 747 748
f 723 748 724
f 724 748 749
f 724 749 725
f 725 749 750
f 725 750 726
f 726 750 751
f 726 751 727
f 727 751 752
f 727 752 728
f 728 752 753
f 728 753 729
f 729 753 754
f 729 754 730
f 730 754 755
f 730 755 731
f 731 755 756
f 731 756 732
f 732 756 757
f 732 757 733
f 733 757 758
f 733 758 734
f 734 758 759
f 734 759 735
f 735 759 760
f 735 760 736
f 736 760 761
f 736 761 737
f 737 761 762
f 737 762 738
f 738 762 763
f 738 763 739
f 739 763 764
f 739 764 740
f 740 764 765
f 740 765 741
f 741 765 766
f 741 766 742
f 742 766 767
f 742 767 743
f 743 767 768
f 743 768 744
f 744 768 745
f 744 745 721
f 745 769 770
f 745 770 746
f 746 770 771
f 746 771 747
f 747 771 772
f 747 772 748
f 748 772 773
f 748 773 749
f 749 773 774
f 749 774 750
f 750 774 775
f 750 775 751
f 751 775 776
f 751 776 752
f 752 776 777
f 752 777 753
f 753 777 778
f 753 778 754
f 754 778 779
f 754 779 755
f 755 779 780
f 755 780 756
f 756 780 781
f 756 781 757
f 757 781 782
f 757 782 758
f 758 782 783
f 758 783 759
f 759 783 784
f 759 784 760
f 760 784 785
f 760 785 761
f 761 785 786
f 761 786 762
f 762 786 787
f 762 787 763
f 763 787 788
f 763 788 764
f 764 788 789
f 764 789 765
f 765 789 790
f 765 790 766
f 766 790 791
f 766 791 767
f 767 791 792
f 767 792 768
f 768 792 769
f 768 769 745
f 769 793 794
f 769 794 770
f 770 794 795
f 770 795 771
f 771 795 796
f 771 796 772
f 772 796 797
f 772 797 773
f 773 797 798
f 773 798 774
f 774 798 799
f 774 799 775
f 775 799 800
f 775 800 776
f 776 800 801
f 776 801 777
f 777 801 802
f 777 802 778
f 778 802 803
f 778 803 779
f 779 803 804
f 779 804 780
f 780 804 805
f 780 805 781
f 781 805 806
f 781 806 782
f 782 806 807
f 782 807 783
f 783 807 808
f 783 808 784
f 784 808 809
f 784 809 785
f 785 809 810
f 785 810 786
f 786 810 811
f 786 811 787
f 787 811 812
f 787 812 788
f 788 812 813
f 788 813 789
f 789 813 814
f 789 814 790
f 790 814 815
f 790 815 791
f 791 815 816
f 791 816 792
f 792 816 793
f 792 793 769
f 793 817 818
f 793 818 794
f 794 818 819
f 794 819 795
f 795 819 820
f 795 820 796
f 796 820 821
f 796 821 797
f 797 821 822
f 797 822 798
f 798 822 823
f 798 823 799
f 799 823 824
f 799 824 800
f 800 824 825
f 800 825 801
f 801 825 826
f 801 826 802
f 802 826 827
f 802 827 803
f 803 827 828
f 803 828 804
f 804 828 829
f 804 829 805
f 805 829 830
f 805 830 806
f 806 830 831
f 806 831 807
f 807 831 832
f 807 832 808
f 808 832 833
f 808 833 809
f 809 833 834
f 809 834 810
f 810 834 835
f 810 835 811
f 811 835 836
f 811 836 812
f 812 836 837
f 812 837 813
f 813 837 838
f 813 838 814
f 814 838 839
f 814 839 815
f 815 839 840
f 815 840 816
f 816 840 817
f 816 817 793
f 817 841 842
f 817 842 818
f 818 842 843
f 818 843 819
f 819 843 844
f 819 844 820
f 820 844 845
f 820 845 821
f 821 845 846
f 821 846 822
f 822 846 847
f 822 847 823
f 823 847 848
f 823 848 824
f 824 848 849
f 824 849 825
f 825 849 850
f 825 850 826
f 826 850 851
f 826 851 827
f 827 851 852
f 827 852 828
f 828 852 853
f 828 853 829
f 829 853 854
f 829 854 830
f 830 854 855
f 830 855 831
f 831 855 856
f 831 856 832
f 832 856 857
f 832 857 833
f 833 857 858
f 833 858 834
f 834 858 859
f 834 859 835
f 835 859 860
f 835 860 836
f 836 860 861
f 836 861 837
f 837 861 862
f 837 862 838
f 838 862 863
f 838 863 839
f 839 863 864
f 839 864 840
f 840 864 841
f 840 841 817
f 841 865 866
f 841 866 842
f 842 866 867
f 842 867 843
f 843 867 868
f 843 868 844
f 844 868 869
f 844 869 845
f 845 869 870
f 845 870 846
f 846 870 871
f 846 871 847
f 847 871 872
f 847 872 848
f 848 872 873
f 848 873 849
f 849 873 874
f 849 874 850
f 850 874 875
f 850 875 851
f 851 875 876
f 851 876 852
f 852 876 877
f 852 877 853
f 853 877 878
f 853 878 854
f 854 878 879
f 854 879 855
f 855 879 880
f 855 880 856
f 856 880 881
f 856 881 857
f 857 881 882
f 857 882 858
f 858 882 883
f 858 883 859
f 859 883 884
f 859 884 860
f 860 884 885
f 860 885 861
f 861 885 886
f 861 886 862
f 862 886 887
f 862 887 863
f 863 887 888
f 863 888 864
f 864 888 865
f 864 865 841
f 865 889 890
f 865 890 866
f 866 890 891
f 866 891 867
f 867 891 892
f 867 892 868
f 868 892 893
f 868 893 869
f 869 893 894
f 869 894 870
f 870 894 895
f 870 895 871
f 871 895 896
f 871 896 872
f 872 896 897
f 872 897 873
f 873 897 898
f 873 898 874
f 874 898 899
f 874 899 875
f 875 899 900
f 875 900 876
f 876 900 901
f 876 901 877
f 877 901 902
f 877 902 878
f 878 902 903
f 878 903 879
f 879 903 904
f 879 904 880
f 880 904 905
f 880 905 881
f 881 905 906
f 881 906 882
f 882 906 907
f 882 907 883
f 883 907 908
f 883 908 884
f 884 908 909
f 884 909 885
f 885 909 910
f 885 910 886
f 886 910 911
f 886 911 887
f 887 911 912
f 887 912 888
f 888 912 889
f 888 889 865
f 889 913 914
f 889 914 890
f 890 914 915
f 890 915 891
f 891 915 916
f 891 916 892
f 892 916 917
f 892 917 893
f 893 917 918
f 893 918 894
f 894 918 919
f 894 919 895
f 895 919 920
f 895 920 896
f 896 920 921
f 896 921 897
f 897 921 922
f 897 922 898
f 898 922 923
f 898 923 899
f 899 923 924
f 899 924 900
f 900 924 925
f 900 925 901
f 901 925 926
f 901 926 902
f 902 926 927
f 902 927 903
f 903 927 928
f 903 928 904
f 904 928 929
f 904 929 905
f 905 929 930
f 905 930 906
f 906 930 931
f 906 931 907
f 907 931 932
f 907 932 908
f 908 932 933
f 908 933 909
f 909 933 934
f 909 934 910
f 910 934 935
f 910 935 911
f 911 935 936
f 911 936 912
f 912 936 913
f 912 913 889
f 913 937 938
f 913 938 914
f 914 938 939
f 914 939 915
f 915 939 940
f 915 940 916
f 916 940 941
f 916 941 917
f 917 941 942
f 917 942 918
f 918 942 943
f 918 943 919
f 919 943 944
f 919 944 920
f 920 944 945
f 920 945 921
f 921 945 946
f 921 946 922
f 922 946 947
f 922 947 923
f 923 947 948
f 923 948 924
f 924 948 949
f 924 949 925
f 925 949 950
f 925 950 926
f 926 950 951
f 926 951 927
f 927 951 952
f 927 952 928
f 928 952 953
f 928 953 929
f 929 953 954
f 929 954 930
f 930 954 955
f 930 955 931
f 931 955 956
f 931 956 932
f 932 956 957
f 932 957 933
f 933 957 958
f 933 958 934
f 934 958 959
f 934 959 935
f 935 959 960
f 935 960 936
f 936 960 937
f 936 937 913
f 937 961 962
f 937 962 938
f 938 962 963
f 938 963 939
f 939 963 964
f 939 964 940
f 940 964 965
f 940 965 941
f 941 965 966
f 941 966 942
f 942 966 967
f 942 967 943
f 943 967 968
f 943 968 944
f 944 968 969
f 944 969 945
f 945 969 970
f 945 970 946
f 946 970 971
f 946 971 947
f 947 971 972
f 947 972 948
f 948 972 973
f 948 973 949
f 949 973 974
f 949 974 950
f 950 974 975
f 950 975 951
f 951 975 976
f 951 976 952
f 952 976 977
f 952 977 953
f 953 977 978
f 953 978 954
f 954 978 979
f 954 979 955
f 955 979 980
f 955 980 956
f 956 980 981
f 956 981 957
f 957 981 982
f 957 982 958
f 958 982 983
f 958 983 959
f 959 983 984
f 959 984 960
f 960 984 961
f 960 961 937
f 961 985 986
f 961 986 962
f 962 986 987
f 962 987 963
f 963 987 988
f 963 988 964
f 964 988 989
f 964 989 965
f 965 989 990
f 965 990 966
f 966 990 991
f 966 991 967
f 967 991 992
f 967 992 968
f 968 992 993
f 968 993 969
f 969 993 994
f 969 994 970
f 970 994 995
f 970 995 971
f 971 995 996
f 971 996 972
f 972 996 997
f 972 997 973
f 973 997 998
f 973 998 974
f 974 998 999
f 974 999 975
f 975 999 1000
f 975 1000 976
f 976 1000 1001
f 976 1001 977
f 977 1001 1002
f 977 1002 978
f 978 1002 1003
f 978 1003 979
f 979 1003 1004
f 979 1004 980
f 980 1004 1005
f 980 1005 981
f 981 1005 1006
f 981 1006 982
f 982 1006 1007
f 982 1007 983
f 983 1007 1008
f 983 1008 984
f 984 1008 985
f 984 985 961
f 985 1009 1010
f 985 1010 986
f 986 1010 1011
f 986 1011 987
f 987 1011 1012
f 987 1012 988
f 988 1012 1013
f 988 1013 989
f 989 1013 1014
f 989 1014 990
f 990 1014 1015
f 990 1015 991
f 991 1015 1016
f 991 1016 992
f 992 1016 1017
f 992 1017 993
f 993 1017 1018
f 993 1018 994
f 994 1018 1019
f 994 1019 995
f 995 1019 1020
f 995 1020 996
f 996 1020 1021
f 996 1021 997
f 997 1021 1022
f 997 1022 998
f 998 1022 1023
f 998 1023 999
f 999 1023 1024
f 999 1024 1000
f 1000 1024 1025
f 1000 1025 1001
f 1001 1025 1026
f 1001 1026 1002
f 1002 1026 1027
f 1002 1027 1003
f 1003 1027 1028
f 1003 1028 1004
f 1004 1028 1029
f 1004 1029 1005
f 1005 1029 1030
f 1005 1030 1006
f 1006 1030 1031
f 1006 1031 1007
f 1007 1031 1032
f 1007 1032 1008
f 1008 1032 1009
f 1008 1009 985
f 1009 1033 1034
f 1009 1034 1010
f 1010 1034 1035
f 1010 1035 1011
f 1011 1035 1036
f 1011 1036 1012
f 1012 1036 1037
f 1012 1037 1013
f 1013 1037 1038
f 1013 1038 1014
f 1014 1038 1039
f 1014 1039 1015
f 1015 1039 1040
f 1015 1040 1016
f 1016 1040 1041
f 1016 1041 1017
f 1017 1041 1042
f 1017 1042 1018
f 1018 1042 1043
f 1018 1043 1019
f 1019 1043 1044
f 1019 1044 1020
f 1020 1044 1045
f 1020 1045 1021
f 1021 1045 1046
f 1021 1046 1022
f 1022 1046 1047
f 1022 1047 1023
f 1023 1047 1048
f 1023 1048 1024
f 1024 1048 1049
f 1024 1049 1025
f 1025 1049 1050
f 1025 1050 1026
f 1026 1050 1051
f 1026 1051 1027
f 1027 1051 1052
f 1027 1052 1028
f 1028 1052 1053
f 1028 1053 1029
f 1029 1053 1054
f 1029 1054 1030
f 1030 1054 1055
f 1030 1055 1031
f 1031 1055 1056
f 1031 1056 1032
f 1032 1056 1033
f 1032 1033 1009
f 1033 1057 1058
f 1033 1058 1034
f 1034 1058 1059
f 1034 1059 1035
f 1035 1059 1060
f 1035 1060 1036
f 1036 1060 1061
f 1036 1061 1037
f 1037 1061 1062
f 1037 1062 1038
f 1038 1062 1063
f 1038 1063 1039
f 1039 1063 1064
f 1039 1064 1040
f 1040 1064 1065
f 1040 1065 1041
f 1041 1065 1066
f 1041 1066 1042
f 1042 1066 1067
f 1042 1067 1043
f 1043 1067 1068
f 1043 1068 1044
f 1044 1068 1069
f 1044 1069 1045
f 1045 1069 1070
f 1045 1070 1046
f 1046 1070 1071
f 1046 1071 1047
f 1047 1071 1072
f 1047 1072 1048
f 1048 1072 1073
f 1048 1073 1049
f 1049 1073 1074
f 1049 1074 1050
f 1050 1074 1075
f 1050 1075 1051
f 1051 1075 1076
f 1051 1076 1052
f 1052 1076 1077
f 1052 1077 1053
f 1053 1077 1078
f 1053 1078 1054
f 1054 1078 1079
f 1054 1079 1055
f 1055 1079 1080
f 1055 1080 1056
f 1056 1080 1057
f 1056 1057 1033
f 1057 1081 1082
f 1057 1082 1058
f 1058 1082 1083
f 1058 1083 1059
f 1059 1083 1084
f 1059 1084 1060
f 1060 1084 1085
f 1060 1085 1061
f 1061 1085 1086
f 1061 1086 1062
f 1062 1086 1087
f 1062 1087 1063
f 1063 1087 1088
f 1063 1088 1064
f 1064 1088 1089
f 1064 1089 1065
f 1065 1089 1090
f 1065 1090 1066
f 1066 1090 1091
f 1066 1091 1067
f 1067 1091 1092
f 1067 1092 1068
f 1068 1092 1093
f 1068 1093 1069
f 1069 1093 1094
f 1069 1094 1070
f 1070 1094 1095
f 1070 1095 1071
f 1071 1095 1096
f 1071 1096 1072
f 1072 1096 1097
f 1072 1097 1073
f 1073 1097 1098
f 1073 1098 1074
f 1074 1098 1099
f 1074 1099 1075
f 1075 1099 1100
f 1075 1100 1076
f 1076 1100 1101
f 1076 1101 1077
f 1077 1101 1102
f 1077 1102 1078
f 1078 1102 1103
f 1078 1103 1079
f 1079 1103 1104
f 1079 1104 1080
f 1080 1104 1081
f 1080 1081 1057
f 1081 1105 1106
f 1081 1106 1082
f 1082 1106 1107
f 1082 1107 1083
f 1083 1107 1108
f 1083 1108 1084
f 1084 1108 1109
f 1084 1109 1085
f 1085 1109 1110
f 1085 1110 1086
f 1086 1110 1111
f 1086 1111 1087
f 1087 1111 1112
f 1087 1112 1088
f 1088 1112 1113
f 1088 1113 1089
f 1089 1113 1114
f 1089 1114 1090
f 1090 1114 1115
f 1090 1115 1091
f 1091 1115 1116
f 1091 1116 1092
f 1092 1116 1117
f 1092 1117 1093
f 1093 1117 1118
f 1093 1118 1094
f 1094 1118 1119
f 1094 1119 1095
f 1095 1119 1120
f 1095 1120 1096
f 1096 1120 1121
f 1096 1121 1097
f 1097 1121 1122
f 1097 1122 1098
f 1098 1122 1123
f 1098 1123 1099
f 1099 1123 1124
f 1099 1124 1100
f 1100 1124 1125
f 1100 1125 1101
f 1101 1125 1126
f 1101 1126 1102
f 1102 1126 1127
f 1102 1127 1103
f 1103 1127 1128
f 1103 1128 1104
f 1104 1128 1105
f 1104 1105 1081
f 1105 1129 1130
f 1105 1130 1106
f 1106 1130 1131
f 1106 1131 1107
f 1107 1131 1132
f 1107 1132 1108
f 1108 1132 1133
f 1108 1133 1109
f 1109 1133 1134
f 1109 1134 1110
f 1110 1134 1135
f 1110 1135 1111
f 1111 1135 1136
f 1111 1136 1112
f 1112 1136 1137
f 1112 1137 1113
f 1113 1137 1138
f 1113 1138 1114
f 1114 1138 1139
f 1114 1139 1115
f 1115 1139 1140
f 1115 1140 1116
f 1116 1140 1141
f 1116 1141 1117
f 1117 1141 1142
f 1117 1142 1118
f 1118 1142 1143
f 1118 1143 1119
f 1119 1143 1144
f 1119 1144 1120
f 1120 1144 1145
f 1120 1145 1121
f 1121 1145 1146
f 1121 1146 1122
f 1122 1146 1147
f 1122 1147 1123
f 1123 1147 1148
f 1123 1148 1124
f 1124 1148 1149
f 1124 1149 1125
f 1125 1149 1150
f 1125 1150 1126
f 1126 1150 1151
f 1126 1151 1127
f 1127 1151 1152
f 1127 1152 1128
f 1128 1152 1129
f 1128 1129 1105
f 1129 1153 1154
f 1129 1154 1130
f 1130 1154 1155
f 1130 1155 1131
f 1131 1155 1156
f 1131 1156 1132
f 1132 1156 1157
f 1132 1157 1133
f 1133 1157 1158
f 1133 1158 1134
f 1134 1158 1159
f 1134 1159 1135
f 1135 1159 1160
f 1135 1160 1136
f 1136 1160 1161
f 1136 1161 1137
f 1137 1161 1162
f 1137 1162 1138
f 1138 1162 1163
f 1138 1163 1139
f 1139 1163 1164
f 1139 1164 1140
f 1140 1164 1165
f 1140 1165 1141
f 1141 1165 1166
f 1141 1166 1142
f 1142 1166 1167
f 1142 1167 1143
f 1143 1167 1168
f 1143 1168 1144
f 1144 1168 1169
f 1144 1169 1145
f 1145 1169 1170
f 1145 1170 1146
f 1146 1170 1171
f 1146 1171 1147
f 1147 1171 1172
f 1147 1172 1148
f 1148 1172 1173
f 1148 1173 1149
f 1149 1173 1174
f 1149 1174 1150
f 1150 1174 1175
f 1150 1175 1151
f 1151 1175 1176
f 1151 1176 1152
f 1152 1176 1153
f 1152 1153 1129
f 1153 1177 1178
f 1153 1178 1154
f 1154 1178 1179
f 1154 1179 1155
f 1155 1179 1180
f 1155 1180 1156
f 1156 1180 1181
f 1156 1181 1157
f 1157 1181 1182
f 1157 1182 1158
f 1158 1182 1183
f 1158 1183 1159
f 1159 1183 1184
f 1159 1184 1160
f 1160 1184 1185
f 1160 1185 1161
f 1161 1185 1186
f 1161 1186 1162
f 1162 1186 1187
f 1162 1187 1163
f 1163 1187 1188
f 1163 1188 1164
f 1164 1188 1189
f 1164 1189 1165
f 1165 1189 1190
f 1165 1190 1166
f 1166 1190 1191
f 1166 1191 1167
f 1167 1191 1192
f 1167 1192 1168
f 1168 1192 1193
f 1168 1193 1169
f 1169 1193 1194
f 1169 1194 1170
f 1170 1194 1195
f 1170 1195 1171
f 1171 1195 1196
f 1171 1196 1172
f 1172 1196 1197
f 1172 1197 1173
f 1173 1197 1198
f 1173 1198 1174
f 1174 1198 1199
f 1174 1199 1175
f 1175 1199 1200
f 1175 1200 1176
f 1176 1200 1177
f 1176 1177 1153
f 1177 1201 1202
f 1177 1202 1178
f 1178 1202 1203
f 1178 1203 1179
f 1179 1203 1204
f 1179 1204 1180
f 1180 1204 1205
f 1180 1205 1181
f 1181 1205 1206
f 1181 1206 1182
f 1182 1206 1207
f 1182 1207 1183
f 1183 1207 1208
f 1183 1208 1184
f 1184 1208 1209
f 1184 1209 1185
f 1185 1209 1210
f 1185 1210 1186
f 1186 1210 1211
f 1186 1211 1187
f 1187 1211 1212
f 1187 1212 1188
f 1188 1212 1213
f 1188 1213 1189
f 1189 1213 1214
f 1189 1214 1190
f 1190 1214 1215
f 1190 1215 1191
f 1191 1215 1216
f 1191 1216 1192
f 1192 1216 1217
f 1192 1217 1193
f 1193 1217 1218
f 1193 1218 1194
f 1194 1218 1219
f 1194 1219 1195
f 1195 1219 1220
f 1195 1220 1196
f 1196 1220 1221
f 1196 1221 1197
f 1197 1221 1222
f 1197 1222 1198
f 1198 1222 1223
f 1198 1223 1199
f 1199 1223 1224
f 1199 1224 1200
f 1200 1224 1201
f 1200 1201 1177
f 1201 1225 1226
f 1201 1226 1202
f 1202 1226 1227
f 1202 1227 1203
f 1203 1227 1228
f 1203 1228 1204
f 1204 1228 1229
f 1204 1229 1205
f 1205 1229 1230
f 1205 1230 1206
f 1206 1230 1231
f 1206 1231 1207
f 1207 1231 1232
f 1207 1232 1208
f 1208 1232 1233
f 1208 1233 1209
f 1209 1233 1234
f 1209 1234 1210
f 1210 1234 1235
f 1210 1235 1211
f 1211 1235 1236
f 1211 1236 1212
f 1212 1236 1237
f 1212 1237 1213
f 1213 1237 1238
f 1213 1238 1214
f 1214 1238 1239
f 1214 1239 1215
f 1215 1239 1240
f 1215 1240 1216
f 1216 1240 1241
f 1216 1241 1217
f 1217 1241 1242
f 1217 1242 1218
f 1218 1242 1243
f 1218 1243 1219
f 1219 1243 1244
f 1219 1244 1220
f 1220 1244 1245
f 1220 1245 1221
f 1221 1245 1246
f 1221 1246 1222
f 1222 1246 1247
f 1222 1247 1223
f 1223 1247 1248
f 1223 1248 1224
f 1224 1248 1225
f 1224 1225 1201
f 1225 1249 1250
f 1225 1250 1226
f 1226 1250 1251
f 1226 1251 1227
f 1227 1251 1252
f 1227 1252 1228
f 1228 1252 1253
f 1228 1253 1229
f 1229 1253 1254
f 1229 1254 1230
f 1230 1254 1255
f 1230 1255 1231
f 1231 1255 1256
f 1231 1256 1232
f 1232 1256 1257
f 1232 1257 1233
f 1233 1257 1258
f 1233 1258 1234
f 1234 1258 1259
f 1234 1259 1235
f 1235 1259 1260
f 1235 1260 1236
f 1236 1260 1261
f 1236 1261 1237
f 1237 1261 1262
f 1237 1262 1238
f 1238 1262 1263
f 1238 1263 1239
f 1239 1263 1264
f 1239 1264 1240
f 1240 1264 1265
f 1240 1265 1241
f 1241 1265 1266
f 1241 1266 1242
f 1242 1266 1267
f 1242 1267 1243
f 1243 1267 1268
f 1243 1268 1244
f 1244 1268 1269
f 1244 1269 1245
f 1245 1269 1270
f 1245 1270 1246
f 1246 1270 1271
f 1246 1271 1247
f 1247 1271 1272
f 1247 1272 1248
f 1248 1272 1249
f 1248 1249 1225
f 1249 1273 1274
f 1249 1274 1250
f 1250 1274 1275
f 1250 1275 1251
f 1251 1275 1276
f 1251 1276 1252
f 1252 1276 1277
f 1252 1277 1253
f 1253 1277 1278
f 1253 1278 1254
f 1254 1278 1279
f 1254 1279 1255
f 1255 1279 1280
f 1255 1280 1256
f 1256 1280 1281
f 1256 1281 1257
f 1257 1281 1282
f 1257 1282 1258
f 1258 1282 1283
f 1258 1283 1259
f 1259 1283 1284
f 1259 1284 1260
f 1260 1284 1285
f 1260 1285 1261
f 1261 1285 1286
f 1261 1286 1262
f 1262 1286 1287
f 1262 1287 1263
f 1263 1287 1288
f 1263 1288 1264
f 1264 1288 1289
f 1264 1289 1265
f 1265 1289 1290
f 1265 1290 1266
f 1266 1290 1291
f 1266 1291 1267
f 1267 1291 1292
f 1267 1292 1268
f 1268 1292 1293
f 1268 1293 1269
f 1269 1293 1294
f 1269 1294 1270
f 1270 1294 1295
f 1270 1295 1271
f 1271 1295 1296
f 1271 1296 1272
f 1272 1296 1273
f 1272 1273 1249
f 1273 1297 1298
f 1273 1298 1274
f 1274 1298 1299
f 1274 1299 1275
f 1275 1299 1300
f 1275 1300 1276
f 1276 1300 1301
f 1276 1301 1277
f 1277 1301 1302
f 1277 1302 1278
f 1278 1302 1303
f 1278 1303 1279
f 1279 1303 1304
f 1279 1304 1280
f 1280 1304 1305
f 1280 1305 1281
f 1281 1305 1306
f 1281 1306 1282
f 1282 1306 1307
f 1282 1307 1283
f 1283 1307 1308
f 1283 1308 1284
f 1284 1308 1309
f 1284 1309 1285
f 1285 1309 1310
f 1285 1310 1286
f 1286 1310 1311
f 1286 1311 1287
f 1287 1311 1312
f 1287 1312 1288
f 1288 1312 1313
f 1288 1313 1289
f 1289 1313 1314
f 1289 1314 1290
f 1290 1314 1315
f 1290 1315 1291
f 1291 1315 1316
f 1291 1316 1292
f 1292 1316 1317
f 1292 1317 1293
f 1293 1317 1318
f 1293 1318 1294
f 1294 1318 1319
f 1294 1319 1295
f 1295 1319 1320
f 1295 1320 1296
f 1296 1320 1297
f 1296 1297 1273
f 1297 1321 1322
f 1297 1322 1298
f 1298 1322 1323
f 1298 1323 1299
f 1299 1323 1324
f 1299 1324 1300
f 1300 1324 1325
f 1300 1325 1301
f 1301 1325 1326
f 1301 1326 1302
f 1302 1326 1327
f 1302 1327 1303
f 1303 1327 1328
f 1303 1328 1304
f 1304 1328 1329
f 1304 1329 1305
f 1305 1329 1330
f 1305 1330 1306
f 1306 1330 1331
f 1306 1331 1307
f 1307 1331 1332
f 1307 1332 1308
f 1308 1332 1333
f 1308 1333 1309
f 1309 1333 1334
f 1309 1334 1310
f 1310 1334 1335
f 1310 1335 1311
f 1311 1335 1336
f 1311 1336 1312
f 1312 1336 1337
f 1312 1337 1313
f 1313 1337 1338
f 1313 1338 1314
f 1314 1338 1339
f 1314 1339 1315
f 1315 1339 1340
f 1315 1340 1316
f 1316 1340 1341
f 1316 1341 1317
f 1317 1341 1342
f 1317 1342 1318
f 1318 1342 1343
f 1318 1343 1319
f 1319 1343 1344
f 1319 1344 1320
f 1320 1344 1321
f 1320 1321 1297
f 1321 1345 1346
f 1321 1346 1322
f 1322 1346 1347
f 1322 1347 1323
f 1323 1347 1348
f 1323 1348 1324
f 1324 1348 1349
f 1324 1349 1325
f 1325 1349 1350
f 1325 1350 1326
f 1326 1350 1351
f 1326 1351 1327
f 1327 1351 1352
f 1327 1352 1328
f 1328 1352 1353
f 1328 1353 1329
f 1329 1353 1354
f 1329 1354 1330
f 1330 1354 1355
f 1330 1355 1331
f 1331 1355 1356
f 1331 1356 1332
f 1332 1356 1357
f 1332 1357 1333
f 1333 1357 1358
f 1333 1358 1334
f 1334 1358 1359
f 1334 1359 1335
f 1335 1359 1360
f 1335 1360 1336
f 1336 1360 1361
f 1336 1361 1337
f 1337 1361 1362
f 1337 1362 1338
f 1338 1362 1363
f 1338 1363 1339
f 1339 1363 1364
f 1339 1364 1340
f 1340 1364 1365
f 1340 1365 1341
f 1341 1365 1366
f 1341 1366 1342
f 1342 1366 1367
f 1342 1367 1343
f 1343 1367 1368
f 1343 1368 1344
f 1344 1368 1345
f 1344 1345 1321
f 1345 1369 1370
f 1345 1370 1346
f 1346 1370 1371
f 1346 1371 1347
f 1347 1371 1372
f 1347 1372 1348
f 1348 1372 1373
f 1348 1373 1349
f 1349 1373 1374
f 1349 1374 1350
f 1350 1374 1375
f 1350 1375 1351
f 1351 1375 1376
f 1351 1376 1352
f 1352 1376 1377
f 1352 1377 1353
f 1353 1377 1378
f 1353 1378 1354
f 1354 1378 1379
f 1354 1379 1355
f 1355 1379 1380
f 1355 1380 1356
f 1356 1380 1381
f 1356 1381 1357
f 1357 1381 1382
f 1357 1382 1358
f 1358 1382 1383
f 1358 1383 1359
f 1359 1383 1384
f 1359 1384 1360
f 1360 1384 1385
f 1360 1385 1361
f 1361 1385 1386
f 1361 1386 1362
f 1362 1386 1387
f 1362 1387 1363
f 1363 1387 1388
f 1363 1388 1364
f 1364 1388 1389
f 1364 1389 1365
f 1365 1389 1390
f 1365 1390 1366
f 1366 1390 1391
f 1366 1391 1367
f 1367 1391 1392
f 1367 1392 1368
f 1368 1392 1369
f 1368 1369 1345
f 1369 1393 1394
f 1369 1394 1370
f 1370 1394 1395
f 1370 1395 1371
f 1371 1395 1396
f 1371 1396 1372
f 1372 1396 1397
f 1372 1397 1373
f 1373 1397 1398
f 1373 1398 1374
f 1374 1398 1399
f 1374 1399 1375
f 1375 1399 1400
f 1375 1400 1376
f 1376 1400 1401
f 1376 1401 1377
f 1377 1401 1402
f 1377 1402 1378
f 1378 1402 1403
f 1378 1403 1379
f 1379 1403 1404
f 1379 1404 1380
f 1380 1404 1405
f 1380 1405 1381
f 1381 1405 1406
f 1381 1406 1382
f 1382 1406 1407
f 1382 1407 1383
f 1383 1407 1408
f 1383 1408 1384
f 1384 1408 1409
f 1384 1409 1385
f 1385 1409 1410
f 1385 1410 1386
f 1386 1410 1411
f 1386 1411 1387
f 1387 1411 1412
f 1387 1412 1388
f 1388 1412 1413
f 1388 1413 1389
f 1389 1413 1414
f 1389 1414 1390
f 1390 1414 1415
f 1390 1415 1391
f 1391 1415 1416
f 1391 1416 1392
f 1392 1416 1393
f 1392 1393 1369
f 1393 1417 1418
f 1393 1418 1394
f 1394 1418 1419
f 1394 1419 1395
f 1395 1419 1420
f 1395 1420 1396
f 1396 1420 1421
f 1396 1421 1397
f 1397 1421 1422
f 1397 1422 1398
f 1398 1422 1423
f 1398 1423 1399
f 1399 1423 1424
f 1399 1424 1400
f 1400 1424 1425
f 1400 1425 1401
f 1401 1425 1426
f 1401 1426 1402
f 1402 1426 1427
f 1402 1427 1403
f 1403 1427 1428
f 1403 1428 1404
f 1404 1428 1429
f 1404 1429 1405
f 1405 1429 1430
f 1405 1430 1406
f 1406 1430 1431
f 1406 1431 1407
f 1407 1431 1432
f 1407 1432 1408
f 1408 1432 1433
f 1408 1433 1409
f 1409 1433 1434
f 1409 1434 1410
f 1410 1434 1435
f 1410 1435 1411
f 1411 1435 1436
f 1411 1436 1412
f 1412 1436 1437
f 1412 1437 1413
f 1413 1437 1438
f 1413 1438 1414
f 1414 1438 1439
f 1414 1439 1415
f 1415 1439 1440
f 1415 1440 1416
f 1416 1440 1417
f 1416 1417 1393
f 1417 1441 1442
f 1417 1442 1418
f 1418 1442 1443
f 1418 1443 1419
f 1419 1443 1444
f 1419 1444 1420
f 1420 1444 1445
f 1420 1445 1421
f 1421 1445 1446
f 1421 1446 1422
f 1422 1446 1447
f 1422 1447 1423
f 1423 1447 1448
f 1423 1448 1424
f 1424 1448 1449
f 1424 1449 1425
f 1425 1449 1450
f 1425 1450 1426
f 1426 1450 1451
f 1426 1451 1427
f 1427 1451 1452
f 1427 1452 1428
f 1428 1452 1453
f 1428 1453 1429
f 1429 1453 1454
f 1429 1454 1430
f 1430 1454 1455
f 1430 1455 1431
f 1431 1455 1456
f 1431 1456 1432
f 1432 1456 1457
f 1432 1457 1433
f 1433 1457 1458
f 1433 1458 1434
f 1434 1458 1459
f 1434 1459 1435
f 1435 1459 1460
f 1435 1460 1436
f 1436 1460 1461
f 1436 1461 1437
f 1437 1461 1462
f 1437 1462 1438
f 1438 1462 1463
f 1438 1463 1439
f 1439 1463 1464
f 1439 1464 1440
f 1440 1464 1441
f 1440 1441 1417
f 1441 1465 1466
f 1441 1466 1442
f 1442 1466 1467
f 1442 1467 1443
f 1443 1467 1468
f 1443 1468 1444
f 1444 1468 1469
f 1444 1469 1445
f 1445 1469 1470
f 1445 1470 1446
f 1446 1470 1471
f 1446 1471 1447
f 1447 1471 1472
f 1447 1472 1448
f 1448 1472 1473
f 1448 1473 1449
f 1449 1473 1474
f 1449 1474 1450
f 1450 1474 1475
f 1450 1475 1451
f 1451 1475 1476
f 1451 1476 1452
f 1452 1476 1477
f 1452 1477 1453
f 1453 1477 1478
f 1453 1478 1454
f 1454 1478 1479
f 1454 1479 1455
f 1455 1479 1480
f 1455 1480 1456
f 1456 1480 1481
f 1456 1481 1457
f 1457 1481 1482
f 1457 1482 1458
f 1458 1482 1483
f 1458 1483 1459
f 1459 1483 1484
f 1459 1484 1460
f 1460 1484 1485
f 1460 1485 1461
f 1461 1485 1486
f 1461 1486 1462
f 1462 1486 1487
f 1462 1487 1463
f 1463 1487 1488
f 1463 1488 1464
f 1464 1488 1465
f 1464 1465 1441
f 1465 1489 1490
f 1465 1490 1466
f 1466 1490 1491
f 1466 1491 1467
f 1467 1491 1492
f 1467 1492 1468
f 1468 1492 1493
f 1468 1493 1469
f 1469 1493 1494
f 1469 1494 1470
f 1470 1494 1495
f 1470 1495 1471
f 1471 1495 1496
f 1471 1496 1472
f 1472 1496 1497
f 1472 1497 1473
f 1473 1497 1498
f 1473 1498 1474
f 1474 1498 1499
f 1474 1499 1475
f 1475 1499 1500
f 1475 1500 1476
f 1476 1500 1501
f 1476 1501 1477
f 1477 1501 1502
f 1477 1502 1478
f 1478 1502 1503
f 1478 1503 1479
f 1479 1503 1504
f 1479 1504 1480
f 1480 1504 1505
f 1480 1505 1481
f 1481 1505 1506
f 1481 1506 1482
f 1482 1506 1507
f 1482 1507 1483
f 1483 1507 1508
f 1483 1508 1484
f 1484 1508 1509
f 1484 1509 1485
f 1485 1509 1510
f 1485 1510 1486
f 1486 1510 1511
f 1486 1511 1487
f 1487 1511 1512
f 1487 1512 1488
f 1488 1512 1489
f 1488 1489 1465
f 1489 1513 1514
f 1489 1514 1490
f 1490 1514 1515
f 1490 1515 1491
f 1491 1515 1516
f 1491 1516 1492
f 1492 1516 1517
f 1492 1517 1493
f 1493 1517 1518
f 1493 1518 1494
f 1494 1518 1519
f 1494 1519 1495
f 1495 1519 1520
f 1495 1520 1496
f 1496 1520 1521
f 1496 1521 1497
f 1497 1521 1522
f 1497 1522 1498
f 1498 1522 1523
f 1498 1523 1499
f 1499 1523 1524
f 1499 1524 1500
f 1500 1524 1525
f 1500 1525 1501
f 1501 1525 1526
f 1501 1526 1502
f 1502 1526 1527
f 1502 1527 1503
f 1503 1527 1528
f 1503 1528 1504
f 1504 1528 1529
f 1504 1529 1505
f 1505 1529 1530
f 1505 1530 1506
f 1506 1530 1531
f 1506 1531 1507
f 1507 1531 1532
f 1507 1532 1508
f 1508 1532 1533
f 1508 1533 1509
f 1509 1533 1534
f 1509 1534 1510
f 1510 1534 1535
f 1510 1535 1511
f 1511 1535 1536
f 1511 1536 1512
f 1512 1536 1513
f 1512 1513 1489
f 1513 1537 1538
f 1513 1538 1514
f 1514 1538 1539
f 1514 1539 1515
f 1515 1539 1540
f 1515 1540 1516
f 1516 1540 1541
f 1516 1541 1517
f 1517 1541 1542
f 1517 1542 1518
f 1518 1542 1543
f 1518 1543 1519
f 1519 1543 1544
f 1519 1544 1520
f 1520 1544 1545
f 1520 1545 1521
f 1521 1545 1546
f 1521 1546 1522
f 1522 1546 1547
f 1522 1547 1523
f 1523 1547 1548
f 1523 1548 1524
f 1524 1548 1549
f 1524 1549 1525
f 1525 1549 1550
f 1525 1550 1526
f 1526 1550 1551
f 1526 1551 1527
f 1527 1551 1552
f 1527 1552 1528
f 1528 1552 1553
f 1528 1553 1529
f 1529 1553 1554
f 1529 1554 1530
f 1530 1554 1555
f 1530 1555 1531
f 1531 1555 1556
f 1531 1556 1532
f 1532 1556 1557
f 1532 1557 1533
f 1533 1557 1558
f 1533 1558 1534
f 1534 1558 1559
f 1534 1559 1535
f 1535 1559 1560
f 1535 1560 1536
f 1536 1560 1537
f 1536 1537 1513
f 1537 1561 1562
f 1537 1562 1538
f 1538 1562 1563
f 1538 1563 1539
f 1539 1563 1564
f 1539 1564 1540
f 1540 1564 1565
f 1540 1565 1541
f 1541 1565 1566
f 1541 1566 1542
f 1542 1566 1567
f 1542 1567 1543
f 1543 1567 1568
f 1543 1568 1544
f 1544 1568 1569
f 1544 1569 1545
f 1545 1569 1570
f 1545 1570 1546
f 1546 1570 1571
f 1546 1571 1547
f 1547 1571 1572
f 1547 1572 1548
f 1548 1572 1573
f 1548 1573 1549
f 1549 1573 1574
f 1549 1574 1550
f 1550 1574 1575
f 1550 1575 1551
f 1551 1575 1576
f 1551 1576 1552
f 1552 1576 1577
f 1552 1577 1553
f 1553 1577 1578
f 1553 1578 1554
f 1554 1578 1579
f 1554 1579 1555
f 1555 1579 1580
f 1555 1580 1556
f 1556 1580 1581
f 1556 1581 1557
f 1557 1581 1582
f 1557 1582 1558
f 1558 1582 1583
f 1558 1583 1559
f 1559 1583 1584
f 1559 1584 1560
f 1560 1584 1561
f 1560 1561 1537
f 1561 1585 1586
f 1561 1586 1562
f 1562 1586 1587
f 1562 1587 1563
f 1563 1587 1588
f 1563 1588 1564
f 1564 1588 1589
f 1564 1589 1565
f 1565 1589 1590
f 1565 1590 1566
f 1566 1590 1591
f 1566 1591 1567
f 1567 1591 1592
f 1567 1592 1568
f 1568 1592 1593
f 1568 1593 1569
f 1569 1593 1594
f 1569 1594 1570
f 1570 1594 1595
f 1570 1595 1571
f 1571 1595 1596
f 1571 1596 1572
f 1572 1596 1597
f 1572 1597 1573
f 1573 1597 1598
f 1573 1598 1574
f 1574 1598 1599
f 1574 1599 1575
f 1575 1599 1600
f 1575 1600 1576
f 1576 1600 1601
f 1576 1601 1577
f 1577 1601 1602
f 1577 1602 1578
f 1578 1602 1603
f 1578 1603 1579
f 1579 1603 1604
f 1579 1604 1580
f 1580 1604 1605
f 1580 1605 1581
f 1581 1605 1606
f 1581 1606 1582
f 1582 1606 1607
f 1582 1607 1583
f 1583 1607 1608
f 1583 1608 1584
f 1584 1608 1585
f 1584 1585 1561
f 1585 1609 1610
f 1585 1610 1586
f 1586 1610 1611
f 1586 1611 1587
f 1587 1611 1612
f 1587 1612 1588
f 1588 1612 1613
f 1588 1613 1589
f 1589 1613 1614
f 1589 1614 1590
f 1590 1614 1615
f 1590 1615 1591
f 1591 1615 1616
f 1591 1616 1592
f 1592 1616 1617
f 1592 1617 1593
f 1593 1617 1618
f 1593 1618 1594
f 1594 1618 1619
f 1594 1619 1595
f 1595 1619 1620
f 1595 1620 1596
f 1596 1620 1621
f 1596 1621 1597
f 1597 1621 1622
f 1597 1622 1598
f 1598 1622 1623
f 1598 1623 1599
f 1599 1623 1624
f 1599 1624 1600
f 1600 1624 1625
f 1600 1625 1601
f 1601 1625 1626
f 1601 1626 1602
f 1602 1626 1627
f 1602 1627 1603
f 1603 1627 1628
f 1603 1628 1604
f 1604 1628 1629
f 1604 1629 1605
f 1605 1629 1630
f 1605 1630 1606
f 1606 1630 1631
f 1606 1631 1607
f 1607 1631 1632
f 1607 1632 1608
f 1608 1632 1609
f 1608 1609 1585
f 1609 1633 1634
f 1609 1634 1610
f 1610 1634 1635
f 1610 1635 1611
f 1611 1635 1636
f 1611 1636 1612
f 1612 1636 1637
f 1612 1637 1613
f 1613 1637 1638
f 1613 1638 1614
f 1614 1638 1639
f 1614 1639 1615
f 1615 1639 1640
f 1615 1640 1616
f 1616 1640 1641
f 1616 1641 1617
f 1617 1641 1642
f 1617 1642 1618
f 1618 1642 1643
f 1618 1643 1619
f 1619 1643 1644
f 1619 1644 1620
f 1620 1644 1645
f 1620 1645 1621
f 1621 1645 1646
f 1621 1646 1622
f 1622 1646 1647
f 1622 1647 1623
f 1623 1647 1648
f 1623 1648 1624
f 1624 1648 1649
f 1624 1649 1625
f 1625 1649 1650
f 1625 1650 1626
f 1626 1650 1651
f 1626 1651 1627
f 1627 1651 1652
f 1627 1652 1628
f 1628 1652 1653
f 1628 1653 1629
f 1629 1653 1654
f 1629 1654 1630
f 1630 1654 1655
f 1630 1655 1631
f 1631 1655 1656
f 1631 1656 1632
f 1632 1656 1633
f 1632 1633 1609
f 1633 1657 1658
f 1633 1658 1634
f 1634 1658 1659
f 1634 1659 1635
f 1635 1659 1660
f 1635 1660 1636
f 1636 1660 1661
f 1636 1661 1637
f 1637 1661 1662
f 1637 1662 1638
f 1638 1662 1663
f 1638 1663 1639
f 1639 1663 1664
f 1639 1664 1640
f 1640 1664 1665
f 1640 1665 1641
f 1641 1665 1666
f 1641 1666 1642
f 1642 1666 1667
f 1642 1667 1643
f 1643 1667 1668
f 1643 1668 1644
f 1644 1668 1669
f 1644 1669 1645
f 1645 1669 1670
f 1645 1670 1646
f 1646 1670 1671
f 1646 1671 1647
f 1647 1671 1672
f 1647 1672 1648
f 1648 1672 1673
f 1648 1673 1649
f 1649 1673 1674
f 1649 1674 1650
f 1650 1674 1675
f 1650 1675 1651
f 1651 1675 1676
f 1651 1676 1652
f 1652 1676 1677
f 1652 1677 1653
f 1653 1677 1678
f 1653 1678 1654
f 1654 1678 1679
f 1654 1679 1655
f 1655 1679 1680
f 1655 1680 1656
f 1656 1680 1657
f 1656 1657 1633
f 1657 1681 1682
f 1657 1682 1658
f 1658 1682 1683
f 1658 1683 1659
f 1659 1683 1684
f 1659 1684 1660
f 1660 1684 1685
f 1660 1685 1661
f 1661 1685 1686
f 1661 1686 1662
f 1662 1686 1687
f 1662 1687 1663
f 1663 1687 1688
f 1663 1688 1664
f 1664 1688 1689
f 1664 1689 1665
f 1665 1689 1690
f 1665 1690 1666
f 1666 1690 1691
f 1666 1691 1667
f 1667 1691 1692
f 1667 1692 1668
f 1668 1692 1693
f 1668 1693 1669
f 1669 1693 1694
f 1669 1694 1670
f 1670 1694 1695
f 1670 1695 1671
f 1671 1695 1696
f 1671 1696 1672
f 1672 1696 1697
f 1672 1697 1673
f 1673 1697 1698
f 1673 1698 1674
f 1674 1698 1699
f 1674 1699 1675
f 1675 1699 1700
f 1675 1700 1676
f 1676 1700 1701
f 1676 1701 1677
f 1677 1701 1702
f 1677 1702 1678
f 1678 1702 1703
f 1678 1703 1679
f 1679 1703 1704
f 1679 1704 1680
f 1680 1704 1681
f 1680 1681 1657
f 1681 1705 1706
f 1681 1706 1682
f 1682 1706 1707
f 1682 1707 1683
f 1683 1707 1708
f 1683 1708 1684
f 1684 1708 1709
f 1684 1709 1685
f 1685 1709 1710
f 1685 1710 1686
f 1686 1710 1711
f 1686 1711 1687
f 1687 1711 1712
f 1687 1712 1688
f 1688 1712 1713
f 1688 1713 1689
f 1689 1713 1714
f 1689 1714 1690
f 1690 1714 1715
f 1690 1715 1691
f 1691 1715 1716
f 1691 1716 1692
f 1692 1716 1717
f 1692 1717 1693
f 1693 1717 1718
f 1693 1718 1694
f 1694 1718 1719
f 1694 1719 1695
f 1695 1719 1720
f 1695 1720 1696
f 1696 1720 1721
f 1696 1721 1697
f 1697 1721 1722
f 1697 1722 1698
f 1698 1722 1723
f 1698 1723 1699
f 1699 1723 1724
f 1699 1724 1700
f 1700 1724 1725
f 1700 1725 1701
f 1701 1725 1726
f 1701 1726 1702
f 1702 1726 1727
f 1702 1727 1703
f 1703 1727 1728
f 1703 1728 1704
f 1704 1728 1705
f 1704 1705 1681
f 1705 1729 1730
f 1705 1730 1706
f 1706 1730 1731
f 1706 1731 1707
f 1707 1731 1732
f 1707 1732 1708
f 1708 1732 1733
f 1708 1733 1709
f 1709 1733 1734
f 1709 1734 1710
f 1710 1734 1735
f 1710 1735 1711
f 1711 1735 1736
f 1711 1736 1712
f 1712 1736 1737
f 1712 1737 1713
f 1713 1737 1738
f 1713 1738 1714
f 1714 1738 1739
f 1714 1739 1715
f 1715 1739 1740
f 1715 1740 1716
f 1716 1740 1741
f 1716 1741 1717
f 1717 1741 1742
f 1717 1742 1718
f 1718 1742 1743
f 1718 1743 1719
f 1719 1743 1744
f 1719 1744 1720
f 1720 1744 1745
f 1720 1745 1721
f 1721 1745 1746
f 1721 1746 1722
f 1722 1746 1747
f 1722 1747 1723
f 1723 1747 1748
f 1723 1748 1724
f 1724 1748 1749
f 1724 1749 1725
f 1725 1749 1750
f 1725 1750 1726
f 1726 1750 1751
f 1726 1751 1727
f 1727 1751 1752
f 1727 1752 1728
f 1728 1752 1729
f 1728 1729 1705
f 1729 1753 1754
f 1729 1754 1730
f 1730 1754 1755
f 1730 1755 1731
f 1731 1755 1756
f 1731 1756 1732
f 1732 1756 1757
f 1732 1757 1733
f 1733 1757 1758
f 1733 1758 1734
f 1734 1758 1759
f 1734 1759 1735
f 1735 1759 1760
f 1735 1760 1736
f 1736 1760 1761
f 1736 1761 1737
f 1737 1761 1762
f 1737 1762 1738
f 1738 1762 1763
f 1738 1763 1739
f 1739 1763 1764
f 1739 1764 1740
f 1740 1764 1765
f 1740 1765 1741
f 1741 1765 1766
f 1741 1766 1742
f 1742 1766 1767
f 1742 1767 1743
f 1743 1767 1768
f 1743 1768 1744
f 1744 1768 1769
f 1744 1769 1745
f 1745 1769 1770
f 1745 1770 1746
f 1746 1770 1771
f 1746 1771 1747
f 1747 1771 1772
f 1747 1772 1748
f 1748 1772 1773
f 1748 1773 1749
f 1749 1773 1774
f 1749 1774 1750
f 1750 1774 1775
f 1750 1775 1751
f 1751 1775 1776
f 1751 1776 1752
f 1752 1776 1753
f 1752 1753 1729
f 1753 1777 1778
f 1753 1778 1754
f 1754 1778 1779
f 1754 1779 1755
f 1755 1779 1780
f 1755 1780 1756
f 1756 1780 1781
f 1756 1781 1757
f 1757 1781 1782
f 1757 1782 1758
f 1758 1782 1783
f 1758 1783 1759
f 1759 1783 1784
f 1759 1784 1760
f 1760 1784 1785
f 1760 1785 1761
f 1761 1785 1786
f 1761 1786 1762
f 1762 1786 1787
f 1762 1787 1763
f 1763 1787 1788
f 1763 1788 1764
f 1764 1788 1789
f 1764 1789 1765
f 1765 1789 1790
f 1765 1790 1766
f 1766 1790 1791
f 1766 1791 1767
f 1767 1791 1792
f 1767 1792 1768
f 1768 1792 1793
f 1768 1793 1769
f 1769 1793 1794
f 1769 1794 1770
f 1770 1794 1795
f 1770 1795 1771
f 1771 1795 1796
f 1771 1796 1772
f 1772 1796 1797
f 1772 1797 1773
f 1773 1797 1798
f 1773 1798 1774
f 1774 1798 1799
f 1774 1799 1775
f 1775 1799 1800
f 1775 1800 1776
f 1776 1800 1777
f 1776 1777 1753
f 1777 1801 1802
f 1777 1802 1778
f 1778 1802 1803
f 1778 1803 1779
f 1779 1803 1804
f 1779 1804 1780
f 1780 1804 1805
f 1780 1805 1781
f 1781 1805 1806
f 1781 1806 1782
f 1782 1806 1807
f 1782 1807 1783
f 1783 1807 1808
f 1783 1808 1784
f 1784 1808 1809
f 1784 1809 1785
f 1785 1809 1810
f 1785 1810 1786
f 1786 1810 1811
f 1786 1811 1787
f 1787 1811 1812
f 1787 1812 1788
f 1788 1812 1813
f 1788 1813 1789
f 1789 1813 1814
f 1789 1814 1790
f 1790 1814 1815
f 1790 1815 1791
f 1791 1815 1816
f 1791 1816 1792
f 1792 1816 1817
f 1792 1817 1793
f 1793 1817 1818
f 1793 1818 1794
f 1794 1818 1819
f 1794 1819 1795
f 1795 1819 1820
f 1795 1820 1796
f 1796 1820 1821
f 1796 1821 1797
f 1797 1821 1822
f 1797 1822 1798
f 1798 1822 1823
f 1798 1823 1799
f 1799 1823 1824
f 1799 1824 1800
f 1800 1824 1801
f 1800 1801 1777
f 1801 1825 1826
f 1801 1826 1802
f 1802 1826 1827
f 1802 1827 1803
f 1803 1827 1828
f 1803 1828 1804
f 1804 1828 1829
f 1804 1829 1805
f 1805 1829 1830
f 1805 1830 1806
f 1806 1830 1831
f 1806 1831 1807
f 1807 1831 1832
f 1807 1832 1808
f 1808 1832 1833
f 1808 1833 1809
f 1809 1833 1834
f 1809 1834 1810
f 1810 1834 1835
f 1810 1835 1811
f 1811 1835 1836
f 1811 1836 1812
f 1812 1836 1837
f 1812 1837 1813
f 1813 1837 1838
f 1813 1838 1814
f 1814 1838 1839
f 1814 1839 1815
f 1815 1839 1840
f 1815 1840 1816
f 1816 1840 1841
f 1816 1841 1817
f 1817 1841 1842
f 1817 1842 1818
f 1818 1842 1843
f 1818 1843 1819
f 1819 1843 1844
f 1819 1844 1820
f 1820 1844 1845
f 1820 1845 1821
f 1821 1845 1846
f 1821 1846 1822
f 1822 1846 1847
f 1822 1847 1823
f 1823 1847 1848
f 1823 1848 1824
f 1824 1848 1825
f 1824 1825 1801
f 1825 1849 1850
f 1825 1850 1826
f 1826 1850 1851
f 1826 1851 1827
f 1827 1851 1852
f 1827 1852 1828
f 1828 1852 1853
f 1828 1853 1829
f 1829 1853 1854
f 1829 1854 1830
f 1830 1854 1855
f 1830 1855 1831
f 1831 1855 1856
f 1831 1856 1832
f 1832 1856 1857
f 1832 1857 1833
f 1833 1857 1858
f 1833 1858 1834
f 1834 1858 1859
f 1834 1859 1835
f 1835 1859 1860
f 1835 1860 1836
f 1836 1860 1861
f 1836 1861 1837
f 1837 1861 1862
f 1837 1862 1838
f 1838 1862 1863
f 1838 1863 1839
f 1839 1863 1864
f 1839 1864 1840
f 1840 1864 1865
f 1840 1865 1841
f 1841 1865 1866
f 1841 1866 1842
f 1842 1866 1867
f 1842 1867 1843
f 1843 1867 1868
f 1843 1868 1844
f 1844 1868 1869
f 1844 1869 1845
f 1845 1869 1870
f 1845 1870 1846
f 1846 1870 1871
f 1846 1871 1847
f 1847 1871 1872
f 1847 1872 1848
f 1848 1872 1849
f 1848 1849 1825
f 1849 1873 1874
f 1849 1874 1850
f 1850 1874 1875
f 1850 1875 1851
f 1851 1875 1876
f 1851 1876 1852
f 1852 1876 1877
f 1852 1877 1853
f 1853 1877 1878
f 1853 1878 1854
f 1854 1878 1879
f 1854 1879 1855
f 1855 1879 1880
f 1855 1880 1856
f 1856 1880 1881
f 1856 1881 1857
f 1857 1881 1882
f 1857 1882 1858
f 1858 1882 1883
f 1858 1883 1859
f 1859 1883 1884
f 1859 1884 1860
f 1860 1884 1885
f 1860 1885 1861
f 1861 1885 1886
f 1861 1886 1862
f 1862 1886 1887
f 1862 1887 1863
f 1863 1887 1888
f 1863 1888 1864
f 1864 1888 1889
f 1864 1889 1865
f 1865 1889 1890
f 1865 1890 1866
f 1866 1890 1891
f 1866 1891 1867
f 1867 1891 1892
f 1867 1892 1868
f 1868 1892 1893
f 1868 1893 1869
f 1869 1893 1894
f 1869 1894 1870
f 1870 1894 1895
f 1870 1895 1871
f 1871 1895 1896
f 1871 1896 1872
f 1872 1896 1873
f 1872 1873 1849
f 1873 1897 1898
f 1873 1898 1874
f 1874 1898 1899
f 1874 1899 1875
f 1875 1899 1900
f 1875 1900 1876
f 1876 1900 1901
f 1876 1901 1877
f 1877 1901 1902
f 1877 1902 1878
f 1878 1902 1903
f 1878 1903 1879
f 1879 1903 1904
f 1879 1904 1880
f 1880 1904 1905
f 1880 1905 1881
f 1881 1905 1906
f 1881 1906 1882
f 1882 1906 1907
f 1882 1907 1883
f 1883 1907 1908
f 1883 1908 1884
f 1884 1908 1909
f 1884 1909 1885
f 1885 1909 1910
f 1885 1910 1886
f 1886 1910 1911
f 1886 1911 1887
f 1887 1911 1912
f 1887 1912 1888
f 1888 1912 1913
f 1888 1913 1889
f 1889 1913 1914
f 1889 1914 1890
f 1890 1914 1915
f 1890 1915 1891
f 1891 1915 1916
f 1891 1916 1892
f 1892 1916 1917
f 1892 1917 1893
f 1893 1917 1918
f 1893 1918 1894
f 1894 1918 1919
f 1894 1919 1895
f 1895 1919 1920
f 1895 1920 1896
f 1896 1920 1897
f 1896 1897 1873
f 1897 1921 1922
f 1897 1922 1898
f 1898 1922 1923
f 1898 1923 1899
f 1899 1923 1924
f 1899 1924 1900
f 1900 1924 1925
f 1900 1925 1901
f 1901 1925 1926
f 1901 1926 1902
f 1902 1926 1927
f 1902 1927 1903
f 1903 1927 1928
f 1903 1928 1904
f 1904 1928 1929
f 1904 1929 1905
f 1905 1929 1930
f 1905 1930 1906
f 1906 1930 1931
f 1906 1931 1907
f 1907 1931 1932
f 1907 1932 1908
f 1908 1932 1933
f 1908 1933 1909
f 1909 1933 1934
f 1909 1934 1910
f 1910 1934 1935
f 1910 1935 1911
f 1911 1935 1936
f 1911 1936 1912
f 1912 1936 1937
f 1912 1937 1913
f 1913 1937 1938
f 1913 1938 1914
f 1914 1938 1939
f 1914 1939 1915
f 1915 1939 1940
f 1915 1940 1916
f 1916 1940 1941
f 1916 1941 1917
f 1917 1941 1942
f 1917 1942 1918
f 1918 1942 1943
f 1918 1943 1919
f 1919 1943 1944
f 1919 1944 1920
f 1920 1944 1921
f 1920 1921 1897
f 1921 1945 1946
f 1921 1946 1922
f 1922 1946 1947
f 1922 1947 1923
f 1923 1947 1948
f 1923 1948 1924
f 1924 1948 1949
f 1924 1949 1925
f 1925 1949 1950
f 1925 1950 1926
f 1926 1950 1951
f 1926 1951 1927
f 1927 1951 1952
f 1927 1952 1928
f 1928 1952 1953
f 1928 1953 1929
f 1929 1953 1954
f 1929 1954 1930
f 1930 1954 1955
f 1930 1955 1931
f 1931 1955 1956
f 1931 1956 1932
f 1932 1956 1957
f 1932 1957 1933
f 1933 1957 1958
f 1933 1958 1934
f 1934 1958 1959
f 1934 1959 1935
f 1935 1959 1960
f 1935 1960 1936
f 1936 1960 1961
f 1936 1961 1937
f 1937 1961 1962
f 1937 1962 1938
f 1938 1962 1963
f 1938 1963 1939
f 1939 1963 1964
f 1939 1964 1940
f 1940 1964 1965
f 1940 1965 1941
f 1941 1965 1966
f 1941 1966 1942
f 1942 1966 1967
f 1942 1967 1943
f 1943 1967 1968
f 1943 1968 1944
f 1944 1968 1945
f 1944 1945 1921
f 1945 1969 1970
f 1945 1970 1946
f 1946 1970 1971
f 1946 1971 1947
f 1947 1971 1972
f 1947 1972 1948
f 1948 1972 1973
f 1948 1973 1949
f 1949 1973 1974
f 1949 1974 1950
f 1950 1974 1975
f 1950 1975 1951
f 1951 1975 1976
f 1951 1976 1952
f 1952 1976 1977
f 1952 1977 1953
f 1953 1977 1978
f 1953 1978 1954
f 1954 1978 1979
f 1954 1979 1955
f 1955 1979 1980
f 1955 1980 1956
f 1956 1980 1981
f 1956 1981 1957
f 1957 1981 1982
f 1957 1982 1958
f 1958 1982 1983
f 1958 1983 1959
f 1959 1983 1984
f 1959 1984 1960
f 1960 1984 1985
f 1960 1985 1961
f 1961 1985 1986
f 1961 1986 1962
f 1962 1986 1987
f 1962 1987 1963
f 1963 1987 1988
f 1963 1988 1964
f 1964 1988 1989
f 1964 1989 1965
f 1965 1989 1990
f 1965 1990 1966
f 1966 1990 1991
f 1966 1991 1967
f 1967 1991 1992
f 1967 1992 1968
f 1968 1992 1969
f 1968 1969 1945
f 1969 1993 1994
f 1969 1994 1970
f 1970 1994 1995
f 1970 1995 1971
f 1971 1995 1996
f 1971 1996 1972
f 1972 1996 1997
f 1972 1997 1973
f 1973 1997 1998
f 1973 1998 1974
f 1974 1998 1999
f 1974 1999 1975
f 1975 1999 2000
f 1975 2000 1976
f 1976 2000 2001
f 1976 2001 1977
f 1977 2001 2002
f 1977 2002 1978
f 1978 2002 2003
f 1978 2003 1979
f 1979 2003 2004
f 1979 2004 1980
f 1980 2004 2005
f 1980 2005 1981
f 1981 2005 2006
f 1981 2006 1982
f 1982 2006 2007
f 1982 2007 1983
f 1983 2007 2008
f 1983 2008 1984
f 1984 2008 2009
f 1984 2009 1985
f 1985 2009 2010
f 1985 2010 1986
f 1986 2010 2011
f 1986 2011 1987
f 1987 2011 2012
f 1987 2012 1988
f 1988 2012 2013
f 1988 2013 1989
f 1989 2013 2014
f 1989 2014 1990
f 1990 2014 2015
f 1990 2015 1991
f 1991 2015 2016
f 1991 2016 1992
f 1992 2016 1993
f 1992 1993 1969
f 1993 2017 2018
f 1993 2018 1994
f 1994 2018 2019
f 1994 2019 1995
f 1995 2019 2020
f 1995 2020 1996
f 1996 2020 2021
f 1996 2021 1997
f 1997 2021 2022
f 1997 2022 1998
f 1998 2022 2023
f 1998 2023 1999
f 1999 2023 2024
f 1999 2024 2000
f 2000 2024 2025
f 2000 2025 2001
f 2001 2025 2026
f 2001 2026 2002
f 2002 2026 2027
f 2002 2027 2003
f 2003 2027 2028
f 2003 2028 2004
f 2004 2028 2029
f 2004 2029 2005
f 2005 2029 2030
f 2005 2030 2006
f 2006 2030 2031
f 2006 2031 2007
f 2007 2031 2032
f 2007 2032 2008
f 2008 2032 2033
f 2008 2033 2009
f 2009 2033 2034
f 2009 2034 2010
f 2010 2034 2035
f 2010 2035 2011
f 2011 2035 2036
f 2011 2036 2012
f 2012 2036 2037
f 2012 2037 2013
f 2013 2037 2038
f 2013 2038 2014
f 2014 2038 2039
f 2014 2039 2015
f 2015 2039 2040
f 2015 2040 2016
f 2016 2040 2017
f 2016 2017 1993
g fuselage_caps
f 2041 1 2
f 2041 2 3
f 2041 3 4
f 2041 4 5
f 2041 5 6
f 2041 6 7
f 2041 7 8
f 2041 8 9
f 2041 9 10
f 2041 10 11
f 2041 11 12
f 2041 12 13
f 2041 13 14
f 2041 14 15
f 2041 15 16
f 2041 16 17
f 2041 17 18
f 2041 18 19
f 2041 19 20
f 2041 20 21
f 2041 21 22
f 2041 22 23
f 2041 23 24
f 2041 24 1
f 2042 2017 2018
f 2042 2018 2019
f 2042 2019 2020
f 2042 2020 2021
f 2042 2021 2022
f 2042 2022 2023
f 2042 2023 2024
f 2042 2024 2025
f 2042 2025 2026
f 2042 2026 2027
f 2042 2027 2028
f 2042 2028 2029
f 2042 2029 2030
f 2042 2030 2031
f 2042 2031 2032
f 2042 2032 2033
f 2042 2033 2034
f 2042 2034 2035
f 2042 2035 2036
f 2042 2036 2037
f 2042 2037 2038
f 2042 2038 2039
f 2042 2039 2040
f 2042 2040 2017
g wing_skin
f 2043 2055 2056
f 2043 2056 2044
f 2043 2055 2057
f 2043 2057 2045
f 2044 2056 2058
f 2044 2058 2046
f 2045 2057 2059
f 2045 2059 2047
f 2046 2058 2060
f 2046 2060 2048
f 2047 2059 2061
f 2047 2061 2049
f 2048 2060 2062
f 2048 2062 2050
f 2049 2061 2063
f 2049 2063 2051
f 2050 2062 2064
f 2050 2064 2052
f 2051 2063 2065
f 2051 2065 2053
f 2052 2064 2066
f 2052 2066 2054
f 2053 2065 2066
f 2053 2066 2054
g wing_spars
f 2046 2058 2059
f 2046 2059 2047
f 2050 2062 2063
f 2050 2063 2051
g wing_skin
f 2055 2067 2068
f 2055 2068 2056
f 2055 2067 2069
f 2055 2069 2057
f 2056 2068 2070
f 2056 2070 2058
f 2057 2069 2071
f 2057 2071 2059
f 2058 2070 2072
f 2058 2072 2060
f 2059 2071 2073
f 2059 2073 2061
f 2060 2072 2074
f 2060 2074 2062
f 2061 2073 2075
f 2061 2075 2063
f 2062 2074 2076
f 2062 2076 2064
f 2063 2075 2077
f 2063 2077 2065
f 2064 2076 2078
f 2064 2078 2066
f 2065 2077 2078
f 2065 2078 2066
g wing_spars
f 2058 2070 2071
f 2058 2071 2059
f 2062 2074 2075
f 2062 2075 2063
g wing_skin
f 2067 2079 2080
f 2067 2080 2068
f 2067 2079 2081
f 2067 2081 2069
f 2068 2080 2082
f 2068 2082 2070
f 2069 2081 2083
f 2069 2083 2071
f 2070 2082 2084
f 2070 2084 2072
f 2071 2083 2085
f 2071 2085 2073
f 2072 2084 2086
f 2072 2086 2074
f 2073 2085 2087
f 2073 2087 2075
f 2074 2086 2088
f 2074 2088 2076
f 2075 2087 2089
f 2075 2089 2077
f 2076 2088 2090
f 2076 2090 2078
f 2077 2089 2090
f 2077 2090 2078
g wing_spars
f 2070 2082 2083
f 2070 2083 2071
f 2074 2086 2087
f 2074 2087 2075
g wing_skin
f 2079 2091 2092
f 2079 2092 2080
f 2079 2091 2093
f 2079 2093 2081
f 2080 2092 2094
f 2080 2094 2082
f 2081 2093 2095
f 2081 2095 2083
f 2082 2094 2096
f 2082 2096 2084
f 2083 2095 2097
f 2083 2097 2085
f 2084 2096 2098
f 2084 2098 2086
f 2085 2097 2099
f 2085 2099 2087
f 2086 2098 2100
f 2086 2100 2088
f 2087 2099 2101
f 2087 2101 2089
f 2088 2100 2102
f 2088 2102 2090
f 2089 2101 2102
f 2089 2102 2090
g wing_spars
f 2082 2094 2095
f 2082 2095 2083
f 2086 2098 2099
f 2086 2099 2087
g wing_skin
f 2091 2103 2104
f 2091 2104 2092
f 2091 2103 2105
f 2091 2105 2093
f 2092 2104 2106
f 2092 2106 2094
f 2093 2105 2107
f 2093 2107 2095
f 2094 2106 2108
f 2094 2108 2096
f 2095 2107 2109
f 2095 2109 2097
f 2096 2108 2110
f 2096 2110 2098
f 2097 2109 2111
f 2097 2111 2099
f 2098 2110 2112
f 2098 2112 2100
f 2099 2111 2113
f 2099 2113 2101
f 2100 2112 2114
f 2100 2114 2102
f 2101 2113 2114
f 2101 2114 2102
g wing_spars
f 2094 2106 2107
f 2094 2107 2095
f 2098 2110 2111
f 2098 2111 2099
g wing_skin
f 2103 2115 2116
f 2103 2116 2104
f 2103 2115 2117
f 2103 2117 2105
f 2104 2116 2118
f 2104 2118 2106
f 2105 2117 2119
f 2105 2119 2107
f 2106 2118 2120
f 2106 2120 2108
f 2107 2119 2121
f 2107 2121 2109
f 2108 2120 2122
f 2108 2122 2110
f 2109 2121 2123
f 2109 2123 2111
f 2110 2122 2124
f 2110 2124 2112
f 2111 2123 2125
f 2111 2125 2113
f 2112 2124 2126
f 2112 2126 2114
f 2113 2125 2126
f 2113 2126 2114
g wing_spars
f 2106 2118 2119
f 2106 2119 2107
f 2110 2122 2123
f 2110 2123 2111
g wing_skin
f 2115 2127 2128
f 2115 2128 2116
f 2115 2127 2129
f 2115 2129 2117
f 2116 2128 2130
f 2116 2130 2118
f 2117 2129 2131
f 2117 2131 2119
f 2118 2130 2132
f 2118 2132 2120
f 2119 2131 2133
f 2119 2133 2121
f 2120 2132 2134
f 2120 2134 2122
f 2121 2133 2135
f 2121 2135 2123
f 2122 2134 2136
f 2122 2136 2124
f 2123 2135 2137
f 2123 2137 2125
f 2124 2136 2138
f 2124 2138 2126
f 2125 2137 2138
f 2125 2138 2126
g wing_spars
f 2118 2130 2131
f 2118 2131 2119
f 2122 2134 2135
f 2122 2135 2123
g wing_skin
f 2127 2139 2140
f 2127 2140 2128
f 2127 2139 2141
f 2127 2141 2129
f 2128 2140 2142
f 2128 2142 2130
f 2129 2141 2143
f 2129 2143 2131
f 2130 2142 2144
f 2130 2144 2132
f 2131 2143 2145
f 2131 2145 2133
f 2132 2144 2146
f 2132 2146 2134
f 2133 2145 2147
f 2133 2147 2135
f 2134 2146 2148
f 2134 2148 2136
f 2135 2147 2149
f 2135 2149 2137
f 2136 2148 2150
f 2136 2150 2138
f 2137 2149 2150
f 2137 2150 2138
g wing_spars
f 2130 2142 2143
f 2130 2143 2131
f 2134 2146 2147
f 2134 2147 2135
g wing_skin
f 2139 2151 2152
f 2139 2152 2140
f 2139 2151 2153
f 2139 2153 2141
f 2140 2152 2154
f 2140 2154 2142
f 2141 2153 2155
f 2141 2155 2143
f 2142 2154 2156
f 2142 2156 2144
f 2143 2155 2157
f 2143 2157 2145
f 2144 2156 2158
f 2144 2158 2146
f 2145 2157 2159
f 2145 2159 2147
f 2146 2158 2160
f 2146 2160 2148
f 2147 2159 2161
f 2147 2161 2149
f 2148 2160 2162
f 2148 2162 2150
f 2149 2161 2162
f 2149 2162 2150
g wing_spars
f 2142 2154 2155
f 2142 2155 2143
f 2146 2158 2159
f 2146 2159 2147
g wing_skin
f 2151 2163 2164
f 2151 2164 2152
f 2151 2163 2165
f 2151 2165 2153
f 2152 2164 2166
f 2152 2166 2154
f 2153 2165 2167
f 2153 2167 2155
f 2154 2166 2168
f 2154 2168 2156
f 2155 2167 2169
f 2155 2169 2157
f 2156 2168 2170
f 2156 2170 2158
f 2157 2169 2171
f 2157 2171 2159
f 2158 2170 2172
f 2158 2172 2160
f 2159 2171 2173
f 2159 2173 2161
f 2160 2172 2174
f 2160 2174 2162
f 2161 2173 2174
f 2161 2174 2162
g wing_spars
f 2154 2166 2167
f 2154 2167 2155
f 2158 2170 2171
f 2158 2171 2159
g wing_skin
f 2163 2175 2176
f 2163 2176 2164
f 2163 2175 2177
f 2163 2177 2165
f 2164 2176 2178
f 2164 2178 2166
f 2165 2177 2179
f 2165 2179 2167
f 2166 2178 2180
f 2166 2180 2168
f 2167 2179 2181
f 2167 2181 2169
f 2168 2180 2182
f 2168 2182 2170
f 2169 2181 2183
f 2169 2183 2171
f 2170 2182 2184
f 2170 2184 2172
f 2171 2183 2185
f 2171 2185 2173
f 2172 2184 2186
f 2172 2186 2174
f 2173 2185 2186
f 2173 2186 2174
g wing_spars
f 2166 2178 2179
f 2166 2179 2167
f 2170 2182 2183
f 2170 2183 2171
g wing_skin
f 2175 2187 2188
f 2175 2188 2176
f 2175 2187 2189
f 2175 2189 2177
f 2176 2188 2190
f 2176 2190 2178
f 2177 2189 2191
f 2177 2191 2179
f 2178 2190 2192
f 2178 2192 2180
f 2179 2191 2193
f 2179 2193 2181
f 2180 2192 2194
f 2180 2194 2182
f 2181 2193 2195
f 2181 2195 2183
f 2182 2194 2196
f 2182 2196 2184
f 2183 2195 2197
f 2183 2197 2185
f 2184 2196 2198
f 2184 2198 2186
f 2185 2197 2198
f 2185 2198 2186
g wing_spars
f 2178 2190 2191
f 2178 2191 2179
f 2182 2194 2195
f 2182 2195 2183
g wing_skin
f 2187 2199 2200
f 2187 2200 2188
f 2187 2199 2201
f 2187 2201 2189
f 2188 2200 2202
f 2188 2202 2190
f 2189 2201 2203
f 2189 2203 2191
f 2190 2202 2204
f 2190 2204 2192
f 2191 2203 2205
f 2191 2205 2193
f 2192 2204 2206
f 2192 2206 2194
f 2193 2205 2207
f 2193 2207 2195
f 2194 2206 2208
f 2194 2208 2196
f 2195 2207 2209
f 2195 2209 2197
f 2196 2208 2210
f 2196 2210 2198
f 2197 2209 2210
f 2197 2210 2198
g wing_spars
f 2190 2202 2203
f 2190 2203 2191
f 2194 2206 2207
f 2194 2207 2195
g wing_skin
f 2199 2211 2212
f 2199 2212 2200
f 2199 2211 2213
f 2199 2213 2201
f 2200 2212 2214
f 2200 2214 2202
f 2201 2213 2215
f 2201 2215 2203
f 2202 2214 2216
f 2202 2216 2204
f 2203 2215 2217
f 2203 2217 2205
f 2204 2216 2218
f 2204 2218 2206
f 2205 2217 2219
f 2205 2219 2207
f 2206 2218 2220
f 2206 2220 2208
f 2207 2219 2221
f 2207 2221 2209
f 2208 2220 2222
f 2208 2222 2210
f 2209 2221 2222
f 2209 2222 2210
g wing_spars
f 2202 2214 2215
f 2202 2215 2203
f 2206 2218 2219
f 2206 2219 2207
g wing_skin
f 2211 2223 2224
f 2211 2224 2212
f 2211 2223 2225
f 2211 2225 2213
f 2212 2224 2226
f 2212 2226 2214
f 2213 2225 2227
f 2213 2227 2215
f 2214 2226 2228
f 2214 2228 2216
f 2215 2227 2229
f 2215 2229 2217
f 2216 2228 2230
f 2216 2230 2218
f 2217 2229 2231
f 2217 2231 2219
f 2218 2230 2232
f 2218 2232 2220
f 2219 2231 2233
f 2219 2233 2221
f 2220 2232 2234
f 2220 2234 2222
f 2221 2233 2234
f 2221 2234 2222
g wing_spars
f 2214 2226 2227
f 2214 2227 2215
f 2218 2230 2231
f 2218 2231 2219
g wing_skin
f 2223 2235 2236
f 2223 2236 2224
f 2223 2235 2237
f 2223 2237 2225
f 2224 2236 2238
f 2224 2238 2226
f 2225 2237 2239
f 2225 2239 2227
f 2226 2238 2240
f 2226 2240 2228
f 2227 2239 2241
f 2227 2241 2229
f 2228 2240 2242
f 2228 2242 2230
f 2229 2241 2243
f 2229 2243 2231
f 2230 2242 2244
f 2230 2244 2232
f 2231 2243 2245
f 2231 2245 2233
f 2232 2244 2246
f 2232 2246 2234
f 2233 2245 2246
f 2233 2246 2234
g wing_spars
f 2226 2238 2239
f 2226 2239 2227
f 2230 2242 2243
f 2230 2243 2231
g wing_skin
f 2235 2247 2248
f 2235 2248 2236
f 2235 2247 2249
f 2235 2249 2237
f 2236 2248 2250
f 2236 2250 2238
f 2237 2249 2251
f 2237 2251 2239
f 2238 2250 2252
f 2238 2252 2240
f 2239 2251 2253
f 2239 2253 2241
f 2240 2252 2254
f 2240 2254 2242
f 2241 2253 2255
f 2241 2255 2243
f 2242 2254 2256
f 2242 2256 2244
f 2243 2255 2257
f 2243 2257 2245
f 2244 2256 2258
f 2244 2258 2246
f 2245 2257 2258
f 2245 2258 2246
g wing_spars
f 2238 2250 2251
f 2238 2251 2239
f 2242 2254 2255
f 2242 2255 2243
g wing_skin
f 2247 2259 2260
f 2247 2260 2248
f 2247 2259 2261
f 2247 2261 2249
f 2248 2260 2262
f 2248 2262 2250
f 2249 2261 2263
f 2249 2263 2251
f 2250 2262 2264
f 2250 2264 2252
f 2251 2263 2265
f 2251 2265 2253
f 2252 2264 2266
f 2252 2266 2254
f 2253 2265 2267
f 2253 2267 2255
f 2254 2266 2268
f 2254 2268 2256
f 2255 2267 2269
f 2255 2269 2257
f 2256 2268 2270
f 2256 2270 2258
f 2257 2269 2270
f 2257 2270 2258
g wing_spars
f 2250 2262 2263
f 2250 2263 2251
f 2254 2266 2267
f 2254 2267 2255
g wing_skin
f 2259 2271 2272
f 2259 2272 2260
f 2259 2271 2273
f 2259 2273 2261
f 2260 2272 2274
f 2260 2274 2262
f 2261 2273 2275
f 2261 2275 2263
f 2262 2274 2276
f 2262 2276 2264
f 2263 2275 2277
f 2263 2277 2265
f 2264 2276 2278
f 2264 2278 2266
f 2265 2277 2279
f 2265 2279 2267
f 2266 2278 2280
f 2266 2280 2268
f 2267 2279 2281
f 2267 2281 2269
f 2268 2280 2282
f 2268 2282 2270
f 2269 2281 2282
f 2269 2282 2270
g wing_spars
f 2262 2274 2275
f 2262 2275 2263
f 2266 2278 2279
f 2266 2279 2267
g wing_skin
f 2271 2283 2284
f 2271 2284 2272
f 2271 2283 2285
f 2271 2285 2273
f 2272 2284 2286
f 2272 2286 2274
f 2273 2285 2287
f 2273 2287 2275
f 2274 2286 2288
f 2274 2288 2276
f 2275 2287 2289
f 2275 2289 2277
f 2276 2288 2290
f 2276 2290 2278
f 2277 2289 2291
f 2277 2291 2279
f 2278 2290 2292
f 2278 2292 2280
f 2279 2291 2293
f 2279 2293 2281
f 2280 2292 2294
f 2280 2294 2282
f 2281 2293 2294
f 2281 2294 2282
g wing_spars
f 2274 2286 2287
f 2274 2287 2275
f 2278 2290 2291
f 2278 2291 2279
g wing_skin
f 2283 2295 2296
f 2283 2296 2284
f 2283 2295 2297
f 2283 2297 2285
f 2284 2296 2298
f 2284 2298 2286
f 2285 2297 2299
f 2285 2299 2287
f 2286 2298 2300
f 2286 2300 2288
f 2287 2299 2301
f 2287 2301 2289
f 2288 2300 2302
f 2288 2302 2290
f 2289 2301 2303
f 2289 2303 2291
f 2290 2302 2304
f 2290 2304 2292
f 2291 2303 2305
f 2291 2305 2293
f 2292 2304 2306
f 2292 2306 2294
f 2293 2305 2306
f 2293 2306 2294
g wing_spars
f 2286 2298 2299
f 2286 2299 2287
f 2290 2302 2303
f 2290 2303 2291
g wing_skin
f 2295 2307 2308
f 2295 2308 2296
f 2295 2307 2309
f 2295 2309 2297
f 2296 2308 2310
f 2296 2310 2298
f 2297 2309 2311
f 2297 2311 2299
f 2298 2310 2312
f 2298 2312 2300
f 2299 2311 2313
f 2299 2313 2301
f 2300 2312 2314
f 2300 2314 2302
f 2301 2313 2315
f 2301 2315 2303
f 2302 2314 2316
f 2302 2316 2304
f 2303 2315 2317
f 2303 2317 2305
f 2304 2316 2318
f 2304 2318 2306
f 2305 2317 2318
f 2305 2318 2306
g wing_spars
f 2298 2310 2311
f 2298 2311 2299
f 2302 2314 2315
f 2302 2315 2303
g wing_skin
f 2307 2319 2320
f 2307 2320 2308
f 2307 2319 2321
f 2307 2321 2309
f 2308 2320 2322
f 2308 2322 2310
f 2309 2321 2323
f 2309 2323 2311
f 2310 2322 2324
f 2310 2324 2312
f 2311 2323 2325
f 2311 2325 2313
f 2312 2324 2326
f 2312 2326 2314
f 2313 2325 2327
f 2313 2327 2315
f 2314 2326 2328
f 2314 2328 2316
f 2315 2327 2329
f 2315 2329 2317
f 2316 2328 2330
f 2316 2330 2318
f 2317 2329 2330
f 2317 2330 2318
g wing_spars
f 2310 2322 2323
f 2310 2323 2311
f 2314 2326 2327
f 2314 2327 2315
g wing_skin
f 2319 2331 2332
f 2319 2332 2320
f 2319 2331 2333
f 2319 2333 2321
f 2320 2332 2334
f 2320 2334 2322
f 2321 2333 2335
f 2321 2335 2323
f 2322 2334 2336
f 2322 2336 2324
f 2323 2335 2337
f 2323 2337 2325
f 2324 2336 2338
f 2324 2338 2326
f 2325 2337 2339
f 2325 2339 2327
f 2326 2338 2340
f 2326 2340 2328
f 2327 2339 2341
f 2327 2341 2329
f 2328 2340 2342
f 2328 2342 2330
f 2329 2341 2342
f 2329 2342 2330
g wing_spars
f 2322 2334 2335
f 2322 2335 2323
f 2326 2338 2339
f 2326 2339 2327
g wing_skin
f 2331 2343 2344
f 2331 2344 2332
f 2331 2343 2345
f 2331 2345 2333
f 2332 2344 2346
f 2332 2346 2334
f 2333 2345 2347
f 2333 2347 2335
f 2334 2346 2348
f 2334 2348 2336
f 2335 2347 2349
f 2335 2349 2337
f 2336 2348 2350
f 2336 2350 2338
f 2337 2349 2351
f 2337 2351 2339
f 2338 2350 2352
f 2338 2352 2340
f 2339 2351 2353
f 2339 2353 2341
f 2340 2352 2354
f 2340 2354 2342
f 2341 2353 2354
f 2341 2354 2342
g wing_spars
f 2334 2346 2347
f 2334 2347 2335
f 2338 2350 2351
f 2338 2351 2339
g wing_skin
f 2343 2355 2356
f 2343 2356 2344
f 2343 2355 2357
f 2343 2357 2345
f 2344 2356 2358
f 2344 2358 2346
f 2345 2357 2359
f 2345 2359 2347
f 2346 2358 2360
f 2346 2360 2348
f 2347 2359 2361
f 2347 2361 2349
f 2348 2360 2362
f 2348 2362 2350
f 2349 2361 2363
f 2349 2363 2351
f 2350 2362 2364
f 2350 2364 2352
f 2351 2363 2365
f 2351 2365 2353
f 2352 2364 2366
f 2352 2366 2354
f 2353 2365 2366
f 2353 2366 2354
g wing_spars
f 2346 2358 2359
f 2346 2359 2347
f 2350 2362 2363
f 2350 2363 2351
g wing_skin
f 2355 2367 2368
f 2355 2368 2356
f 2355 2367 2369
f 2355 2369 2357
f 2356 2368 2370
f 2356 2370 2358
f 2357 2369 2371
f 2357 2371 2359
f 2358 2370 2372
f 2358 2372 2360
f 2359 2371 2373
f 2359 2373 2361
f 2360 2372 2374
f 2360 2374 2362
f 2361 2373 2375
f 2361 2375 2363
f 2362 2374 2376
f 2362 2376 2364
f 2363 2375 2377
f 2363 2377 2365
f 2364 2376 2378
f 2364 2378 2366
f 2365 2377 2378
f 2365 2378 2366
g wing_spars
f 2358 2370 2371
f 2358 2371 2359
f 2362 2374 2375
f 2362 2375 2363
g wing_skin
f 2367 2379 2380
f 2367 2380 2368
f 2367 2379 2381
f 2367 2381 2369
f 2368 2380 2382
f 2368 2382 2370
f 2369 2381 2383
f 2369 2383 2371
f 2370 2382 2384
f 2370 2384 2372
f 2371 2383 2385
f 2371 2385 2373
f 2372 2384 2386
f 2372 2386 2374
f 2373 2385 2387
f 2373 2387 2375
f 2374 2386 2388
f 2374 2388 2376
f 2375 2387 2389
f 2375 2389 2377
f 2376 2388 2390
f 2376 2390 2378
f 2377 2389 2390
f 2377 2390 2378
g wing_spars
f 2370 2382 2383
f 2370 2383 2371
f 2374 2386 2387
f 2374 2387 2375
g wing_skin
f 2379 2391 2392
f 2379 2392 2380
f 2379 2391 2393
f 2379 2393 2381
f 2380 2392 2394
f 2380 2394 2382
f 2381 2393 2395
f 2381 2395 2383
f 2382 2394 2396
f 2382 2396 2384
f 2383 2395 2397
f 2383 2397 2385
f 2384 2396 2398
f 2384 2398 2386
f 2385 2397 2399
f 2385 2399 2387
f 2386 2398 2400
f 2386 2400 2388
f 2387 2399 2401
f 2387 2401 2389
f 2388 2400 2402
f 2388 2402 2390
f 2389 2401 2402
f 2389 2402 2390
g wing_spars
f 2382 2394 2395
f 2382 2395 2383
f 2386 2398 2399
f 2386 2399 2387
g wing_skin
f 2391 2403 2404
f 2391 2404 2392
f 2391 2403 2405
f 2391 2405 2393
f 2392 2404 2406
f 2392 2406 2394
f 2393 2405 2407
f 2393 2407 2395
f 2394 2406 2408
f 2394 2408 2396
f 2395 2407 2409
f 2395 2409 2397
f 2396 2408 2410
f 2396 2410 2398
f 2397 2409 2411
f 2397 2411 2399
f 2398 2410 2412
f 2398 2412 2400
f 2399 2411 2413
f 2399 2413 2401
f 2400 2412 2414
f 2400 2414 2402
f 2401 2413 2414
f 2401 2414 2402
g wing_spars
f 2394 2406 2407
f 2394 2407 2395
f 2398 2410 2411
f 2398 2411 2399
g wing_skin
f 2403 2415 2416
f 2403 2416 2404
f 2403 2415 2417
f 2403 2417 2405
f 2404 2416 2418
f 2404 2418 2406
f 2405 2417 2419
f 2405 2419 2407
f 2406 2418 2420
f 2406 2420 2408
f 2407 2419 2421
f 2407 2421 2409
f 2408 2420 2422
f 2408 2422 2410
f 2409 2421 2423
f 2409 2423 2411
f 2410 2422 2424
f 2410 2424 2412
f 2411 2423 2425
f 2411 2425 2413
f 2412 2424 2426
f 2412 2426 2414
f 2413 2425 2426
f 2413 2426 2414
g wing_spars
f 2406 2418 2419
f 2406 2419 2407
f 2410 2422 2423
f 2410 2423 2411
g wing_skin
f 2415 2427 2428
f 2415 2428 2416
f 2415 2427 2429
f 2415 2429 2417
f 2416 2428 2430
f 2416 2430 2418
f 2417 2429 2431
f 2417 2431 2419
f 2418 2430 2432
f 2418 2432 2420
f 2419 2431 2433
f 2419 2433 2421
f 2420 2432 2434
f 2420 2434 2422
f 2421 2433 2435
f 2421 2435 2423
f 2422 2434 2436
f 2422 2436 2424
f 2423 2435 2437
f 2423 2437 2425
f 2424 2436 2438
f 2424 2438 2426
f 2425 2437 2438
f 2425 2438 2426
g wing_spars
f 2418 2430 2431
f 2418 2431 2419
f 2422 2434 2435
f 2422 2435 2423
g wing_skin
f 2427 2439 2440
f 2427 2440 2428
f 2427 2439 2441
f 2427 2441 2429
f 2428 2440 2442
f 2428 2442 2430
f 2429 2441 2443
f 2429 2443 2431
f 2430 2442 2444
f 2430 2444 2432
f 2431 2443 2445
f 2431 2445 2433
f 2432 2444 2446
f 2432 2446 2434
f 2433 2445 2447
f 2433 2447 2435
f 2434 2446 2448
f 2434 2448 2436
f 2435 2447 2449
f 2435 2449 2437
f 2436 2448 2450
f 2436 2450 2438
f 2437 2449 2450
f 2437 2450 2438
g wing_spars
f 2430 2442 2443
f 2430 2443 2431
f 2434 2446 2447
f 2434 2447 2435
g wing_skin
f 2439 2451 2452
f 2439 2452 2440
f 2439 2451 2453
f 2439 2453 2441
f 2440 2452 2454
f 2440 2454 2442
f 2441 2453 2455
f 2441 2455 2443
f 2442 2454 2456
f 2442 2456 2444
f 2443 2455 2457
f 2443 2457 2445
f 2444 2456 2458
f 2444 2458 2446
f 2445 2457 2459
f 2445 2459 2447
f 2446 2458 2460
f 2446 2460 2448
f 2447 2459 2461
f 2447 2461 2449
f 2448 2460 2462
f 2448 2462 2450
f 2449 2461 2462
f 2449 2462 2450
g wing_spars
f 2442 2454 2455
f 2442 2455 2443
f 2446 2458 2459
f 2446 2459 2447
g wing_skin
f 2451 2463 2464
f 2451 2464 2452
f 2451 2463 2465
f 2451 2465 2453
f 2452 2464 2466
f 2452 2466 2454
f 2453 2465 2467
f 2453 2467 2455
f 2454 2466 2468
f 2454 2468 2456
f 2455 2467 2469
f 2455 2469 2457
f 2456 2468 2470
f 2456 2470 2458
f 2457 2469 2471
f 2457 2471 2459
f 2458 2470 2472
f 2458 2472 2460
f 2459 2471 2473
f 2459 2473 2461
f 2460 2472 2474
f 2460 2474 2462
f 2461 2473 2474
f 2461 2474 2462
g wing_spars
f 2454 2466 2467
f 2454 2467 2455
f 2458 2470 2471
f 2458 2471 2459
g wing_skin
f 2463 2475 2476
f 2463 2476 2464
f 2463 2475 2477
f 2463 2477 2465
f 2464 2476 2478
f 2464 2478 2466
f 2465 2477 2479
f 2465 2479 2467
f 2466 2478 2480
f 2466 2480 2468
f 2467 2479 2481
f 2467 2481 2469
f 2468 2480 2482
f 2468 2482 2470
f 2469 2481 2483
f 2469 2483 2471
f 2470 2482 2484
f 2470 2484 2472
f 2471 2483 2485
f 2471 2485 2473
f 2472 2484 2486
f 2472 2486 2474
f 2473 2485 2486
f 2473 2486 2474
g wing_spars
f 2466 2478 2479
f 2466 2479 2467
f 2470 2482 2483
f 2470 2483 2471
g wing_skin
f 2475 2487 2488
f 2475 2488 2476
f 2475 2487 2489
f 2475 2489 2477
f 2476 2488 2490
f 2476 2490 2478
f 2477 2489 2491
f 2477 2491 2479
f 2478 2490 2492
f 2478 2492 2480
f 2479 2491 2493
f 2479 2493 2481
f 2480 2492 2494
f 2480 2494 2482
f 2481 2493 2495
f 2481 2495 2483
f 2482 2494 2496
f 2482 2496 2484
f 2483 2495 2497
f 2483 2497 2485
f 2484 2496 2498
f 2484 2498 2486
f 2485 2497 2498
f 2485 2498 2486
g wing_spars
f 2478 2490 2491
f 2478 2491 2479
f 2482 2494 2495
f 2482 2495 2483
g wing_skin
f 2487 2499 2500
f 2487 2500 2488
f 2487 2499 2501
f 2487 2501 2489
f 2488 2500 2502
f 2488 2502 2490
f 2489 2501 2503
f 2489 2503 2491
f 2490 2502 2504
f 2490 2504 2492
f 2491 2503 2505
f 2491 2505 2493
f 2492 2504 2506
f 2492 2506 2494
f 2493 2505 2507
f 2493 2507 2495
f 2494 2506 2508
f 2494 2508 2496
f 2495 2507 2509
f 2495 2509 2497
f 2496 2508 2510
f 2496 2510 2498
f 2497 2509 2510
f 2497 2510 2498
g wing_spars
f 2490 2502 2503
f 2490 2503 2491
f 2494 2506 2507
f 2494 2507 2495
g wing_skin
f 2499 2511 2512
f 2499 2512 2500
f 2499 2511 2513
f 2499 2513 2501
f 2500 2512 2514
f 2500 2514 2502
f 2501 2513 2515
f 2501 2515 2503
f 2502 2514 2516
f 2502 2516 2504
f 2503 2515 2517
f 2503 2517 2505
f 2504 2516 2518
f 2504 2518 2506
f 2505 2517 2519
f 2505 2519 2507
f 2506 2518 2520
f 2506 2520 2508
f 2507 2519 2521
f 2507 2521 2509
f 2508 2520 2522
f 2508 2522 2510
f 2509 2521 2522
f 2509 2522 2510
g wing_spars
f 2502 2514 2515
f 2502 2515 2503
f 2506 2518 2519
f 2506 2519 2507
g wing_skin
f 2511 2523 2524
f 2511 2524 2512
f 2511 2523 2525
f 2511 2525 2513
f 2512 2524 2526
f 2512 2526 2514
f 2513 2525 2527
f 2513 2527 2515
f 2514 2526 2528
f 2514 2528 2516
f 2515 2527 2529
f 2515 2529 2517
f 2516 2528 2530
f 2516 2530 2518
f 2517 2529 2531
f 2517 2531 2519
f 2518 2530 2532
f 2518 2532 2520
f 2519 2531 2533
f 2519 2533 2521
f 2520 2532 2534
f 2520 2534 2522
f 2521 2533 2534
f 2521 2534 2522
g wing_spars
f 2514 2526 2527
f 2514 2527 2515
f 2518 2530 2531
f 2518 2531 2519
g wing_skin
f 2523 2535 2536
f 2523 2536 2524
f 2523 2535 2537
f 2523 2537 2525
f 2524 2536 2538
f 2524 2538 2526
f 2525 2537 2539
f 2525 2539 2527
f 2526 2538 2540
f 2526 2540 2528
f 2527 2539 2541
f 2527 2541 2529
f 2528 2540 2542
f 2528 2542 2530
f 2529 2541 2543
f 2529 2543 2531
f 2530 2542 2544
f 2530 2544 2532
f 2531 2543 2545
f 2531 2545 2533
f 2532 2544 2546
f 2532 2546 2534
f 2533 2545 2546
f 2533 2546 2534
g wing_spars
f 2526 2538 2539
f 2526 2539 2527
f 2530 2542 2543
f 2530 2543 2531
g wing_skin
f 2535 2547 2548
f 2535 2548 2536
f 2535 2547 2549
f 2535 2549 2537
f 2536 2548 2550
f 2536 2550 2538
f 2537 2549 2551
f 2537 2551 2539
f 2538 2550 2552
f 2538 2552 2540
f 2539 2551 2553
f 2539 2553 2541
f 2540 2552 2554
f 2540 2554 2542
f 2541 2553 2555
f 2541 2555 2543
f 2542 2554 2556
f 2542 2556 2544
f 2543 2555 2557
f 2543 2557 2545
f 2544 2556 2558
f 2544 2558 2546
f 2545 2557 2558
f 2545 2558 2546
g wing_spars
f 2538 2550 2551
f 2538 2551 2539
f 2542 2554 2555
f 2542 2555 2543
g wing_skin
f 2547 2559 2560
f 2547 2560 2548
f 2547 2559 2561
f 2547 2561 2549
f 2548 2560 2562
f 2548 2562 2550
f 2549 2561 2563
f 2549 2563 2551
f 2550 2562 2564
f 2550 2564 2552
f 2551 2563 2565
f 2551 2565 2553
f 2552 2564 2566
f 2552 2566 2554
f 2553 2565 2567
f 2553 2567 2555
f 2554 2566 2568
f 2554 2568 2556
f 2555 2567 2569
f 2555 2569 2557
f 2556 2568 2570
f 2556 2570 2558
f 2557 2569 2570
f 2557 2570 2558
g wing_spars
f 2550 2562 2563
f 2550 2563 2551
f 2554 2566 2567
f 2554 2567 2555
g wing_skin
f 2559 2571 2572
f 2559 2572 2560
f 2559 2571 2573
f 2559 2573 2561
f 2560 2572 2574
f 2560 2574 2562
f 2561 2573 2575
f 2561 2575 2563
f 2562 2574 2576
f 2562 2576 2564
f 2563 2575 2577
f 2563 2577 2565
f 2564 2576 2578
f 2564 2578 2566
f 2565 2577 2579
f 2565 2579 2567
f 2566 2578 2580
f 2566 2580 2568
f 2567 2579 2581
f 2567 2581 2569
f 2568 2580 2582
f 2568 2582 2570
f 2569 2581 2582
f 2569 2582 2570
g wing_spars
f 2562 2574 2575
f 2562 2575 2563
f 2566 2578 2579
f 2566 2579 2567
g wing_skin
f 2571 2583 2584
f 2571 2584 2572
f 2571 2583 2585
f 2571 2585 2573
f 2572 2584 2586
f 2572 2586 2574
f 2573 2585 2587
f 2573 2587 2575
f 2574 2586 2588
f 2574 2588 2576
f 2575 2587 2589
f 2575 2589 2577
f 2576 2588 2590
f 2576 2590 2578
f 2577 2589 2591
f 2577 2591 2579
f 2578 2590 2592
f 2578 2592 2580
f 2579 2591 2593
f 2579 2593 2581
f 2580 2592 2594
f 2580 2594 2582
f 2581 2593 2594
f 2581 2594 2582
g wing_spars
f 2574 2586 2587
f 2574 2587 2575
f 2578 2590 2591
f 2578 2591 2579
g wing_skin
f 2583 2595 2596
f 2583 2596 2584
f 2583 2595 2597
f 2583 2597 2585
f 2584 2596 2598
f 2584 2598 2586
f 2585 2597 2599
f 2585 2599 2587
f 2586 2598 2600
f 2586 2600 2588
f 2587 2599 2601
f 2587 2601 2589
f 2588 2600 2602
f 2588 2602 2590
f 2589 2601 2603
f 2589 2603 2591
f 2590 2602 2604
f 2590 2604 2592
f 2591 2603 2605
f 2591 2605 2593
f 2592 2604 2606
f 2592 2606 2594
f 2593 2605 2606
f 2593 2606 2594
g wing_spars
f 2586 2598 2599
f 2586 2599 2587
f 2590 2602 2603
f 2590 2603 2591
g wing_skin
f 2595 2607 2608
f 2595 2608 2596
f 2595 2607 2609
f 2595 2609 2597
f 2596 2608 2610
f 2596 2610 2598
f 2597 2609 2611
f 2597 2611 2599
f 2598 2610 2612
f 2598 2612 2600
f 2599 2611 2613
f 2599 2613 2601
f 2600 2612 2614
f 2600 2614 2602
f 2601 2613 2615
f 2601 2615 2603
f 2602 2614 2616
f 2602 2616 2604
f 2603 2615 2617
f 2603 2617 2605
f 2604 2616 2618
f 2604 2618 2606
f 2605 2617 2618
f 2605 2618 2606
g wing_spars
f 2598 2610 2611
f 2598 2611 2599
f 2602 2614 2615
f 2602 2615 2603
g wing_skin
f 2607 2619 2620
f 2607 2620 2608
f 2607 2619 2621
f 2607 2621 2609
f 2608 2620 2622
f 2608 2622 2610
f 2609 2621 2623
f 2609 2623 2611
f 2610 2622 2624
f 2610 2624 2612
f 2611 2623 2625
f 2611 2625 2613
f 2612 2624 2626
f 2612 2626 2614
f 2613 2625 2627
f 2613 2627 2615
f 2614 2626 2628
f 2614 2628 2616
f 2615 2627 2629
f 2615 2629 2617
f 2616 2628 2630
f 2616 2630 2618
f 2617 2629 2630
f 2617 2630 2618
g wing_spars
f 2610 2622 2623
f 2610 2623 2611
f 2614 2626 2627
f 2614 2627 2615
g wing_skin
f 2619 2631 2632
f 2619 2632 2620
f 2619 2631 2633
f 2619 2633 2621
f 2620 2632 2634
f 2620 2634 2622
f 2621 2633 2635
f 2621 2635 2623
f 2622 2634 2636
f 2622 2636 2624
f 2623 2635 2637
f 2623 2637 2625
f 2624 2636 2638
f 2624 2638 2626
f 2625 2637 2639
f 2625 2639 2627
f 2626 2638 2640
f 2626 2640 2628
f 2627 2639 2641
f 2627 2641 2629
f 2628 2640 2642
f 2628 2642 2630
f 2629 2641 2642
f 2629 2642 2630
g wing_spars
f 2622 2634 2635
f 2622 2635 2623
f 2626 2638 2639
f 2626 2639 2627
g wing_skin
f 2631 2643 2644
f 2631 2644 2632
f 2631 2643 2645
f 2631 2645 2633
f 2632 2644 2646
f 2632 2646 2634
f 2633 2645 2647
f 2633 2647 2635
f 2634 2646 2648
f 2634 2648 2636
f 2635 2647 2649
f 2635 2649 2637
f 2636 2648 2650
f 2636 2650 2638
f 2637 2649 2651
f 2637 2651 2639
f 2638 2650 2652
f 2638 2652 2640
f 2639 2651 2653
f 2639 2653 2641
f 2640 2652 2654
f 2640 2654 2642
f 2641 2653 2654
f 2641 2654 2642
g wing_spars
f 2634 2646 2647
f 2634 2647 2635
f 2638 2650 2651
f 2638 2651 2639
g wing_skin
f 2643 2655 2656
f 2643 2656 2644
f 2643 2655 2657
f 2643 2657 2645
f 2644 2656 2658
f 2644 2658 2646
f 2645 2657 2659
f 2645 2659 2647
f 2646 2658 2660
f 2646 2660 2648
f 2647 2659 2661
f 2647 2661 2649
f 2648 2660 2662
f 2648 2662 2650
f 2649 2661 2663
f 2649 2663 2651
f 2650 2662 2664
f 2650 2664 2652
f 2651 2663 2665
f 2651 2665 2653
f 2652 2664 2666
f 2652 2666 2654
f 2653 2665 2666
f 2653 2666 2654
g wing_spars
f 2646 2658 2659
f 2646 2659 2647
f 2650 2662 2663
f 2650 2663 2651
g wing_skin
f 2655 2667 2668
f 2655 2668 2656
f 2655 2667 2669
f 2655 2669 2657
f 2656 2668 2670
f 2656 2670 2658
f 2657 2669 2671
f 2657 2671 2659
f 2658 2670 2672
f 2658 2672 2660
f 2659 2671 2673
f 2659 2673 2661
f 2660 2672 2674
f 2660 2674 2662
f 2661 2673 2675
f 2661 2675 2663
f 2662 2674 2676
f 2662 2676 2664
f 2663 2675 2677
f 2663 2677 2665
f 2664 2676 2678
f 2664 2678 2666
f 2665 2677 2678
f 2665 2678 2666
g wing_spars
f 2658 2670 2671
f 2658 2671 2659
f 2662 2674 2675
f 2662 2675 2663
g wing_ribs
f 2043 2044 2045
f 2044 2046 2047
f 2044 2047 2045
f 2046 2048 2049
f 2046 2049 2047
f 2048 2050 2051
f 2048 2051 2049
f 2050 2052 2053
f 2050 2053 2051
f 2052 2054 2053
f 2055 2056 2057
f 2056 2058 2059
f 2056 2059 2057
f 2058 2060 2061
f 2058 2061 2059
f 2060 2062 2063
f 2060 2063 2061
f 2062 2064 2065
f 2062 2065 2063
f 2064 2066 2065
f 2067 2068 2069
f 2068 2070 2071
f 2068 2071 2069
f 2070 2072 2073
f 2070 2073 2071
f 2072 2074 2075
f 2072 2075 2073
f 2074 2076 2077
f 2074 2077 2075
f 2076 2078 2077
f 2079 2080 2081
f 2080 2082 2083
f 2080 2083 2081
f 2082 2084 2085
f 2082 2085 2083
f 2084 2086 2087
f 2084 2087 2085
f 2086 2088 2089
f 2086 2089 2087
f 2088 2090 2089
f 2091 2092 2093
f 2092 2094 2095
f 2092 2095 2093
f 2094 2096 2097
f 2094 2097 2095
f 2096 2098 2099
f 2096 2099 2097
f 2098 2100 2101
f 2098 2101 2099
f 2100 2102 2101
f 2103 2104 2105
f 2104 2106 2107
f 2104 2107 2105
f 2106 2108 2109
f 2106 2109 2107
f 2108 2110 2111
f 2108 2111 2109
f 2110 2112 2113
f 2110 2113 2111
f 2112 2114 2113
f 2115 2116 2117
f 2116 2118 2119
f 2116 2119 2117
f 2118 2120 2121
f 2118 2121 2119
f 2120 2122 2123
f 2120 2123 2121
f 2122 2124 2125
f 2122 2125 2123
f 2124 2126 2125
f 2127 2128 2129
f 2128 2130 2131
f 2128 2131 2129
f 2130 2132 2133
f 2130 2133 2131
f 2132 2134 2135
f 2132 2135 2133
f 2134 2136 2137
f 2134 2137 2135
f 2136 2138 2137
f 2139 2140 2141
f 2140 2142 2143
f 2140 2143 2141
f 2142 2144 2145
f 2142 2145 2143
f 2144 2146 2147
f 2144 2147 2145
f 2146 2148 2149
f 2146 2149 2147
f 2148 2150 2149
f 2151 2152 2153
f 2152 2154 2155
f 2152 2155 2153
f 2154 2156 2157
f 2154 2157 2155
f 2156 2158 2159
f 2156 2159 2157
f 2158 2160 2161
f 2158 2161 2159
f 2160 2162 2161
f 2163 2164 2165
f 2164 2166 2167
f 2164 2167 2165
f 2166 2168 2169
f 2166 2169 2167
f 2168 2170 2171
f 2168 2171 2169
f 2170 2172 2173
f 2170 2173 2171
f 2172 2174 2173
f 2175 2176 2177
f 2176 2178 2179
f 2176 2179 2177
f 2178 2180 2181
f 2178 2181 2179
f 2180 2182 2183
f 2180 2183 2181
f 2182 2184 2185
f 2182 2185 2183
f 2184 2186 2185
f 2187 2188 2189
f 2188 2190 2191
f 2188 2191 2189
f 2190 2192 2193
f 2190 2193 2191
f 2192 2194 2195
f 2192 2195 2193
f 2194 2196 2197
f 2194 2197 2195
f 2196 2198 2197
f 2199 2200 2201
f 2200 2202 2203
f 2200 2203 2201
f 2202 2204 2205
f 2202 2205 2203
f 2204 2206 2207
f 2204 2207 2205
f 2206 2208 2209
f 2206 2209 2207
f 2208 2210 2209
f 2211 2212 2213
f 2212 2214 2215
f 2212 2215 2213
f 2214 2216 2217
f 2214 2217 2215
f 2216 2218 2219
f 2216 2219 2217
f 2218 2220 2221
f 2218 2221 2219
f 2220 2222 2221
f 2223 2224 2225
f 2224 2226 2227
f 2224 2227 2225
f 2226 2228 2229
f 2226 2229 2227
f 2228 2230 2231
f 2228 2231 2229
f 2230 2232 2233
f 2230 2233 2231
f 2232 2234 2233
f 2235 2236 2237
f 2236 2238 2239
f 2236 2239 2237
f 2238 2240 2241
f 2238 2241 2239
f 2240 2242 2243
f 2240 2243 2241
f 2242 2244 2245
f 2242 2245 2243
f 2244 2246 2245
f 2247 2248 2249
f 2248 2250 2251
f 2248 2251 2249
f 2250 2252 2253
f 2250 2253 2251
f 2252 2254 2255
f 2252 2255 2253
f 2254 2256 2257
f 2254 2257 2255
f 2256 2258 2257
f 2259 2260 2261
f 2260 2262 2263
f 2260 2263 2261
f 2262 2264 2265
f 2262 2265 2263
f 2264 2266 2267
f 2264 2267 2265
f 2266 2268 2269
f 2266 2269 2267
f 2268 2270 2269
f 2271 2272 2273
f 2272 2274 2275
f 2272 2275 2273
f 2274 2276 2277
f 2274 2277 2275
f 2276 2278 2279
f 2276 2279 2277
f 2278 2280 2281
f 2278 2281 2279
f 2280 2282 2281
f 2283 2284 2285
f 2284 2286 2287
f 2284 2287 2285
f 2286 2288 2289
f 2286 2289 2287
f 2288 2290 2291
f 2288 2291 2289
f 2290 2292 2293
f 2290 2293 2291
f 2292 2294 2293
f 2295 2296 2297
f 2296 2298 2299
f 2296 2299 2297
f 2298 2300 2301
f 2298 2301 2299
f 2300 2302 2303
f 2300 2303 2301
f 2302 2304 2305
f 2302 2305 2303
f 2304 2306 2305
f 2307 2308 2309
f 2308 2310 2311
f 2308 2311 2309
f 2310 2312 2313
f 2310 2313 2311
f 2312 2314 2315
f 2312 2315 2313
f 2314 2316 2317
f 2314 2317 2315
f 2316 2318 2317
f 2319 2320 2321
f 2320 2322 2323
f 2320 2323 2321
f 2322 2324 2325
f 2322 2325 2323
f 2324 2326 2327
f 2324 2327 2325
f 2326 2328 2329
f 2326 2329 2327
f 2328 2330 2329
f 2331 2332 2333
f 2332 2334 2335
f 2332 2335 2333
f 2334 2336 2337
f 2334 2337 2335
f 2336 2338 2339
f 2336 2339 2337
f 2338 2340 2341
f 2338 2341 2339
f 2340 2342 2341
f 2343 2344 2345
f 2344 2346 2347
f 2344 2347 2345
f 2346 2348 2349
f 2346 2349 2347
f 2348 2350 2351
f 2348 2351 2349
f 2350 2352 2353
f 2350 2353 2351
f 2352 2354 2353
f 2355 2356 2357
f 2356 2358 2359
f 2356 2359 2357
f 2358 2360 2361
f 2358 2361 2359
f 2360 2362 2363
f 2360 2363 2361
f 2362 2364 2365
f 2362 2365 2363
f 2364 2366 2365
f 2367 2368 2369
f 2368 2370 2371
f 2368 2371 2369
f 2370 2372 2373
f 2370 2373 2371
f 2372 2374 2375
f 2372 2375 2373
f 2374 2376 2377
f 2374 2377 2375
f 2376 2378 2377
f 2379 2380 2381
f 2380 2382 2383
f 2380 2383 2381
f 2382 2384 2385
f 2382 2385 2383
f 2384 2386 2387
f 2384 2387 2385
f 2386 2388 2389
f 2386 2389 2387
f 2388 2390 2389
f 2391 2392 2393
f 2392 2394 2395
f 2392 2395 2393
f 2394 2396 2397
f 2394 2397 2395
f 2396 2398 2399
f 2396 2399 2397
f 2398 2400 2401
f 2398 2401 2399
f 2400 2402 2401
f 2403 2404 2405
f 2404 2406 2407
f 2404 2407 2405
f 2406 2408 2409
f 2406 2409 2407
f 2408 2410 2411
f 2408 2411 2409
f 2410 2412 2413
f 2410 2413 2411
f 2412 2414 2413
f 2415 2416 2417
f 2416 2418 2419
f 2416 2419 2417
f 2418 2420 2421
f 2418 2421 2419
f 2420 2422 2423
f 2420 2423 2421
f 2422 2424 2425
f 2422 2425 2423
f 2424 2426 2425
f 2427 2428 2429
f 2428 2430 2431
f 2428 2431 2429
f 2430 2432 2433
f 2430 2433 2431
f 2432 2434 2435
f 2432 2435 2433
f 2434 2436 2437
f 2434 2437 2435
f 2436 2438 2437
f 2439 2440 2441
f 2440 2442 2443
f 2440 2443 2441
f 2442 2444 2445
f 2442 2445 2443
f 2444 2446 2447
f 2444 2447 2445
f 2446 2448 2449
f 2446 2449 2447
f 2448 2450 2449
f 2451 2452 2453
f 2452 2454 2455
f 2452 2455 2453
f 2454 2456 2457
f 2454 2457 2455
f 2456 2458 2459
f 2456 2459 2457
f 2458 2460 2461
f 2458 2461 2459
f 2460 2462 2461
f 2463 2464 2465
f 2464 2466 2467
f 2464 2467 2465
f 2466 2468 2469
f 2466 2469 2467
f 2468 2470 2471
f 2468 2471 2469
f 2470 2472 2473
f 2470 2473 2471
f 2472 2474 2473
f 2475 2476 2477
f 2476 2478 2479
f 2476 2479 2477
f 2478 2480 2481
f 2478 2481 2479
f 2480 2482 2483
f 2480 2483 2481
f 2482 2484 2485
f 2482 2485 2483
f 2484 2486 2485
f 2487 2488 2489
f 2488 2490 2491
f 2488 2491 2489
f 2490 2492 2493
f 2490 2493 2491
f 2492 2494 2495
f 2492 2495 2493
f 2494 2496 2497
f 2494 2497 2495
f 2496 2498 2497
f 2499 2500 2501
f 2500 2502 2503
f 2500 2503 2501
f 2502 2504 2505
f 2502 2505 2503
f 2504 2506 2507
f 2504 2507 2505
f 2506 2508 2509
f 2506 2509 2507
f 2508 2510 2509
f 2511 2512 2513
f 2512 2514 2515
f 2512 2515 2513
f 2514 2516 2517
f 2514 2517 2515
f 2516 2518 2519
f 2516 2519 2517
f 2518 2520 2521
f 2518 2521 2519
f 2520 2522 2521
f 2523 2524 2525
f 2524 2526 2527
f 2524 2527 2525
f 2526 2528 2529
f 2526 2529 2527
f 2528 2530 2531
f 2528 2531 2529
f 2530 2532 2533
f 2530 2533 2531
f 2532 2534 2533
f 2535 2536 2537
f 2536 2538 2539
f 2536 2539 2537
f 2538 2540 2541
f 2538 2541 2539
f 2540 2542 2543
f 2540 2543 2541
f 2542 2544 2545
f 2542 2545 2543
f 2544 2546 2545
f 2547 2548 2549
f 2548 2550 2551
f 2548 2551 2549
f 2550 2552 2553
f 2550 2553 2551
f 2552 2554 2555
f 2552 2555 2553
f 2554 2556 2557
f 2554 2557 2555
f 2556 2558 2557
f 2559 2560 2561
f 2560 2562 2563
f 2560 2563 2561
f 2562 2564 2565
f 2562 2565 2563
f 2564 2566 2567
f 2564 2567 2565
f 2566 2568 2569
f 2566 2569 2567
f 2568 2570 2569
f 2571 2572 2573
f 2572 2574 2575
f 2572 2575 2573
f 2574 2576 2577
f 2574 2577 2575
f 2576 2578 2579
f 2576 2579 2577
f 2578 2580 2581
f 2578 2581 2579
f 2580 2582 2581
f 2583 2584 2585
f 2584 2586 2587
f 2584 2587 2585
f 2586 2588 2589
f 2586 2589 2587
f 2588 2590 2591
f 2588 2591 2589
f 2590 2592 2593
f 2590 2593 2591
f 2592 2594 2593
f 2595 2596 2597
f 2596 2598 2599
f 2596 2599 2597
f 2598 2600 2601
f 2598 2601 2599
f 2600 2602 2603
f 2600 2603 2601
f 2602 2604 2605
f 2602 2605 2603
f 2604 2606 2605
f 2607 2608 2609
f 2608 2610 2611
f 2608 2611 2609
f 2610 2612 2613
f 2610 2613 2611
f 2612 2614 2615
f 2612 2615 2613
f 2614 2616 2617
f 2614 2617 2615
f 2616 2618 2617
f 2619 2620 2621
f 2620 2622 2623
f 2620 2623 2621
f 2622 2624 2625
f 2622 2625 2623
f 2624 2626 2627
f 2624 2627 2625
f 2626 2628 2629
f 2626 2629 2627
f 2628 2630 2629
f 2631 2632 2633
f 2632 2634 2635
f 2632 2635 2633
f 2634 2636 2637
f 2634 2637 2635
f 2636 2638 2639
f 2636 2639 2637
f 2638 2640 2641
f 2638 2641 2639
f 2640 2642 2641
f 2643 2644 2645
f 2644 2646 2647
f 2644 2647 2645
f 2646 2648 2649
f 2646 2649 2647
f 2648 2650 2651
f 2648 2651 2649
f 2650 2652 2653
f 2650 2653 2651
f 2652 2654 2653
f 2655 2656 2657
f 2656 2658 2659
f 2656 2659 2657
f 2658 2660 2661
f 2658 2661 2659
f 2660 2662 2663
f 2660 2663 2661
f 2662 2664 2665
f 2662 2665 2663
f 2664 2666 2665
f 2667 2668 2669
f 2668 2670 2671
f 2668 2671 2669
f 2670 2672 2673
f 2670 2673 2671
f 2672 2674 2675
f 2672 2675 2673
f 2674 2676 2677
f 2674 2677 2675
f 2676 2678 2677
g horizontal_tail
f 2679 2685 2686
f 2679 2686 2680
f 2679 2685 2687
f 2679 2687 2681
f 2680 2686 2688
f 2680 2688 2682
f 2681 2687 2689
f 2681 2689 2683
f 2682 2688 2690
f 2682 2690 2684
f 2683 2689 2690
f 2683 2690 2684
g horizontal_tail_spars
f 2680 2686 2687
f 2680 2687 2681
f 2682 2688 2689
f 2682 2689 2683
g horizontal_tail
f 2685 2691 2692
f 2685 2692 2686
f 2685 2691 2693
f 2685 2693 2687
f 2686 2692 2694
f 2686 2694 2688
f 2687 2693 2695
f 2687 2695 2689
f 2688 2694 2696
f 2688 2696 2690
f 2689 2695 2696
f 2689 2696 2690
g horizontal_tail_spars
f 2686 2692 2693
f 2686 2693 2687
f 2688 2694 2695
f 2688 2695 2689
g horizontal_tail
f 2691 2697 2698
f 2691 2698 2692
f 2691 2697 2699
f 2691 2699 2693
f 2692 2698 2700
f 2692 2700 2694
f 2693 2699 2701
f 2693 2701 2695
f 2694 2700 2702
f 2694 2702 2696
f 2695 2701 2702
f 2695 2702 2696
g horizontal_tail_spars
f 2692 2698 2699
f 2692 2699 2693
f 2694 2700 2701
f 2694 2701 2695
g horizontal_tail
f 2697 2703 2704
f 2697 2704 2698
f 2697 2703 2705
f 2697 2705 2699
f 2698 2704 2706
f 2698 2706 2700
f 2699 2705 2707
f 2699 2707 2701
f 2700 2706 2708
f 2700 2708 2702
f 2701 2707 2708
f 2701 2708 2702
g horizontal_tail_spars
f 2698 2704 2705
f 2698 2705 2699
f 2700 2706 2707
f 2700 2707 2701
g horizontal_tail
f 2703 2709 2710
f 2703 2710 2704
f 2703 2709 2711
f 2703 2711 2705
f 2704 2710 2712
f 2704 2712 2706
f 2705 2711 2713
f 2705 2713 2707
f 2706 2712 2714
f 2706 2714 2708
f 2707 2713 2714
f 2707 2714 2708
g horizontal_tail_spars
f 2704 2710 2711
f 2704 2711 2705
f 2706 2712 2713
f 2706 2713 2707
g horizontal_tail
f 2709 2715 2716
f 2709 2716 2710
f 2709 2715 2717
f 2709 2717 2711
f 2710 2716 2718
f 2710 2718 2712
f 2711 2717 2719
f 2711 2719 2713
f 2712 2718 2720
f 2712 2720 2714
f 2713 2719 2720
f 2713 2720 2714
g horizontal_tail_spars
f 2710 2716 2717
f 2710 2717 2711
f 2712 2718 2719
f 2712 2719 2713
g horizontal_tail
f 2715 2721 2722
f 2715 2722 2716
f 2715 2721 2723
f 2715 2723 2717
f 2716 2722 2724
f 2716 2724 2718
f 2717 2723 2725
f 2717 2725 2719
f 2718 2724 2726
f 2718 2726 2720
f 2719 2725 2726
f 2719 2726 2720
g horizontal_tail_spars
f 2716 2722 2723
f 2716 2723 2717
f 2718 2724 2725
f 2718 2725 2719
g horizontal_tail
f 2721 2727 2728
f 2721 2728 2722
f 2721 2727 2729
f 2721 2729 2723
f 2722 2728 2730
f 2722 2730 2724
f 2723 2729 2731
f 2723 2731 2725
f 2724 2730 2732
f 2724 2732 2726
f 2725 2731 2732
f 2725 2732 2726
g horizontal_tail_spars
f 2722 2728 2729
f 2722 2729 2723
f 2724 2730 2731
f 2724 2731 2725
g horizontal_tail
f 2727 2733 2734
f 2727 2734 2728
f 2727 2733 2735
f 2727 2735 2729
f 2728 2734 2736
f 2728 2736 2730
f 2729 2735 2737
f 2729 2737 2731
f 2730 2736 2738
f 2730 2738 2732
f 2731 2737 2738
f 2731 2738 2732
g horizontal_tail_spars
f 2728 2734 2735
f 2728 2735 2729
f 2730 2736 2737
f 2730 2737 2731
g horizontal_tail
f 2733 2739 2740
f 2733 2740 2734
f 2733 2739 2741
f 2733 2741 2735
f 2734 2740 2742
f 2734 2742 2736
f 2735 2741 2743
f 2735 2743 2737
f 2736 2742 2744
f 2736 2744 2738
f 2737 2743 2744
f 2737 2744 2738
g horizontal_tail_spars
f 2734 2740 2741
f 2734 2741 2735
f 2736 2742 2743
f 2736 2743 2737
g horizontal_tail_caps
f 2679 2680 2681
f 2680 2682 2683
f 2680 2683 2681
f 2682 2684 2683
f 2739 2740 2741
f 2740 2742 2743
f 2740 2743 2741
f 2742 2744 2743
g horizontal_tail
f 2679 2745 2746
f 2679 2746 2680
f 2679 2745 2747
f 2679 2747 2681
f 2680 2746 2748
f 2680 2748 2682
f 2681 2747 2749
f 2681 2749 2683
f 2682 2748 2750
f 2682 2750 2684
f 2683 2749 2750
f 2683 2750 2684
g horizontal_tail_spars
f 2680 2746 2747
f 2680 2747 2681
f 2682 2748 2749
f 2682 2749 2683
g horizontal_tail
f 2745 2751 2752
f 2745 2752 2746
f 2745 2751 2753
f 2745 2753 2747
f 2746 2752 2754
f 2746 2754 2748
f 2747 2753 2755
f 2747 2755 2749
f 2748 2754 2756
f 2748 2756 2750
f 2749 2755 2756
f 2749 2756 2750
g horizontal_tail_spars
f 2746 2752 2753
f 2746 2753 2747
f 2748 2754 2755
f 2748 2755 2749
g horizontal_tail
f 2751 2757 2758
f 2751 2758 2752
f 2751 2757 2759
f 2751 2759 2753
f 2752 2758 2760
f 2752 2760 2754
f 2753 2759 2761
f 2753 2761 2755
f 2754 2760 2762
f 2754 2762 2756
f 2755 2761 2762
f 2755 2762 2756
g horizontal_tail_spars
f 2752 2758 2759
f 2752 2759 2753
f 2754 2760 2761
f 2754 2761 2755
g horizontal_tail
f 2757 2763 2764
f 2757 2764 2758
f 2757 2763 2765
f 2757 2765 2759
f 2758 2764 2766
f 2758 2766 2760
f 2759 2765 2767
f 2759 2767 2761
f 2760 2766 2768
f 2760 2768 2762
f 2761 2767 2768
f 2761 2768 2762
g horizontal_tail_spars
f 2758 2764 2765
f 2758 2765 2759
f 2760 2766 2767
f 2760 2767 2761
g horizontal_tail
f 2763 2769 2770
f 2763 2770 2764
f 2763 2769 2771
f 2763 2771 2765
f 2764 2770 2772
f 2764 2772 2766
f 2765 2771 2773
f 2765 2773 2767
f 2766 2772 2774
f 2766 2774 2768
f 2767 2773 2774
f 2767 2774 2768
g horizontal_tail_spars
f 2764 2770 2771
f 2764 2771 2765
f 2766 2772 2773
f 2766 2773 2767
g horizontal_tail
f 2769 2775 2776
f 2769 2776 2770
f 2769 2775 2777
f 2769 2777 2771
f 2770 2776 2778
f 2770 2778 2772
f 2771 2777 2779
f 2771 2779 2773
f 2772 2778 2780
f 2772 2780 2774
f 2773 2779 2780
f 2773 2780 2774
g horizontal_tail_spars
f 2770 2776 2777
f 2770 2777 2771
f 2772 2778 2779
f 2772 2779 2773
g horizontal_tail
f 2775 2781 2782
f 2775 2782 2776
f 2775 2781 2783
f 2775 2783 2777
f 2776 2782 2784
f 2776 2784 2778
f 2777 2783 2785
f 2777 2785 2779
f 2778 2784 2786
f 2778 2786 2780
f 2779 2785 2786
f 2779 2786 2780
g horizontal_tail_spars
f 2776 2782 2783
f 2776 2783 2777
f 2778 2784 2785
f 2778 2785 2779
g horizontal_tail
f 2781 2787 2788
f 2781 2788 2782
f 2781 2787 2789
f 2781 2789 2783
f 2782 2788 2790
f 2782 2790 2784
f 2783 2789 2791
f 2783 2791 2785
f 2784 2790 2792
f 2784 2792 2786
f 2785 2791 2792
f 2785 2792 2786
g horizontal_tail_spars
f 2782 2788 2789
f 2782 2789 2783
f 2784 2790 2791
f 2784 2791 2785
g horizontal_tail
f 2787 2793 2794
f 2787 2794 2788
f 2787 2793 2795
f 2787 2795 2789
f 2788 2794 2796
f 2788 2796 2790
f 2789 2795 2797
f 2789 2797 2791
f 2790 2796 2798
f 2790 2798 2792
f 2791 2797 2798
f 2791 2798 2792
g horizontal_tail_spars
f 2788 2794 2795
f 2788 2795 2789
f 2790 2796 2797
f 2790 2797 2791
g horizontal_tail
f 2793 2799 2800
f 2793 2800 2794
f 2793 2799 2801
f 2793 2801 2795
f 2794 2800 2802
f 2794 2802 2796
f 2795 2801 2803
f 2795 2803 2797
f 2796 2802 2804
f 2796 2804 2798
f 2797 2803 2804
f 2797 2804 2798
g horizontal_tail_spars
f 2794 2800 2801
f 2794 2801 2795
f 2796 2802 2803
f 2796 2803 2797
g horizontal_tail_caps
f 2679 2680 2681
f 2680 2682 2683
f 2680 2683 2681
f 2682 2684 2683
f 2799 2800 2801
f 2800 2802 2803
f 2800 2803 2801
f 2802 2804 2803
g vertical_tail
f 2805 2811 2812
f 2805 2812 2806
f 2805 2811 2813
f 2805 2813 2807
f 2806 2812 2814
f 2806 2814 2808
f 2807 2813 2815
f 2807 2815 2809
f 2808 2814 2816
f 2808 2816 2810
f 2809 2815 2816
f 2809 2816 2810
g vertical_tail_spars
f 2806 2812 2813
f 2806 2813 2807
f 2808 2814 2815
f 2808 2815 2809
g vertical_tail
f 2811 2817 2818
f 2811 2818 2812
f 2811 2817 2819
f 2811 2819 2813
f 2812 2818 2820
f 2812 2820 2814
f 2813 2819 2821
f 2813 2821 2815
f 2814 2820 2822
f 2814 2822 2816
f 2815 2821 2822
f 2815 2822 2816
g vertical_tail_spars
f 2812 2818 2819
f 2812 2819 2813
f 2814 2820 2821
f 2814 2821 2815
g vertical_tail
f 2817 2823 2824
f 2817 2824 2818
f 2817 2823 2825
f 2817 2825 2819
f 2818 2824 2826
f 2818 2826 2820
f 2819 2825 2827
f 2819 2827 2821
f 2820 2826 2828
f 2820 2828 2822
f 2821 2827 2828
f 2821 2828 2822
g vertical_tail_spars
f 2818 2824 2825
f 2818 2825 2819
f 2820 2826 2827
f 2820 2827 2821
g vertical_tail
f 2823 2829 2830
f 2823 2830 2824
f 2823 2829 2831
f 2823 2831 2825
f 2824 2830 2832
f 2824 2832 2826
f 2825 2831 2833
f 2825 2833 2827
f 2826 2832 2834
f 2826 2834 2828
f 2827 2833 2834
f 2827 2834 2828
g vertical_tail_spars
f 2824 2830 2831
f 2824 2831 2825
f 2826 2832 2833
f 2826 2833 2827
g vertical_tail
f 2829 2835 2836
f 2829 2836 2830
f 2829 2835 2837
f 2829 2837 2831
f 2830 2836 2838
f 2830 2838 2832
f 2831 2837 2839
f 2831 2839 2833
f 2832 2838 2840
f 2832 2840 2834
f 2833 2839 2840
f 2833 2840 2834
g vertical_tail_spars
f 2830 2836 2837
f 2830 2837 2831
f 2832 2838 2839
f 2832 2839 2833
g vertical_tail
f 2835 2841 2842
f 2835 2842 2836
f 2835 2841 2843
f 2835 2843 2837
f 2836 2842 2844
f 2836 2844 2838
f 2837 2843 2845
f 2837 2845 2839
f 2838 2844 2846
f 2838 2846 2840
f 2839 2845 2846
f 2839 2846 2840
g vertical_tail_spars
f 2836 2842 2843
f 2836 2843 2837
f 2838 2844 2845
f 2838 2845 2839
g vertical_tail
f 2841 2847 2848
f 2841 2848 2842
f 2841 2847 2849
f 2841 2849 2843
f 2842 2848 2850
f 2842 2850 2844
f 2843 2849 2851
f 2843 2851 2845
f 2844 2850 2852
f 2844 2852 2846
f 2845 2851 2852
f 2845 2852 2846
g vertical_tail_spars
f 2842 2848 2849
f 2842 2849 2843
f 2844 2850 2851
f 2844 2851 2845
g vertical_tail
f 2847 2853 2854
f 2847 2854 2848
f 2847 2853 2855
f 2847 2855 2849
f 2848 2854 2856
f 2848 2856 2850
f 2849 2855 2857
f 2849 2857 2851
f 2850 2856 2858
f 2850 2858 2852
f 2851 2857 2858
f 2851 2858 2852
g vertical_tail_spars
f 2848 2854 2855
f 2848 2855 2849
f 2850 2856 2857
f 2850 2857 2851
g vertical_tail_caps
f 2805 2806 2807
f 2806 2808 2809
f 2806 2809 2807
f 2808 2810 2809
f 2853 2854 2855
f 2854 2856 2857
f 2854 2857 2855
f 2856 2858 2857
l 1 25
l 2 26
l 3 27
l 4 28
l 5 29
l 6 30
l 7 31
l 8 32
l 9 33
l 10 34
l 11 35
l 12 36
l 13 37
l 14 38
l 15 39
l 16 40
l 17 41
l 18 42
l 19 43
l 20 44
l 21 45
l 22 46
l 23 47
l 24 48
l 25 49
l 26 50
l 27 51
l 28 52
l 29 53
l 30 54
l 31 55
l 32 56
l 33 57
l 34 58
l 35 59
l 36 60
l 37 61
l 38 62
l 39 63
l 40 64
l 41 65
l 42 66
l 43 67
l 44 68
l 45 69
l 46 70
l 47 71
l 48 72
l 49 73
l 50 74
l 51 75
l 52 76
l 53 77
l 54 78
l 55 79
l 56 80
l 57 81
l 58 82
l 59 83
l 60 84
l 61 85
l 62 86
l 63 87
l 64 88
l 65 89
l 66 90
l 67 91
l 68 92
l 69 93
l 70 94
l 71 95
l 72 96
l 73 97
l 74 98
l 75 99
l 76 100
l 77 101
l 78 102
l 79 103
l 80 104
l 81 105
l 82 106
l 83 107
l 84 108
l 85 109
l 86 110
l 87 111
l 88 112
l 89 113
l 90 114
l 91 115
l 92 116
l 93 117
l 94 118
l 95 119
l 96 120
l 97 121
l 98 122
l 99 123
l 100 124
l 101 125
l 102 126
l 103 127
l 104 128
l 105 129
l 106 130
l 107 131
l 108 132
l 109 133
l 110 134
l 111 135
l 112 136
l 113 137
l 114 138
l 115 139
l 116 140
l 117 141
l 118 142
l 119 143
l 120 144
l 121 145
l 122 146
l 123 147
l 124 148
l 125 149
l 126 150
l 127 151
l 128 152
l 129 153
l 130 154
l 131 155
l 132 156
l 133 157
l 134 158
l 135 159
l 136 160
l 137 161
l 138 162
l 139 163
l 140 164
l 141 165
l 142 166
l 143 167
l 144 168
l 145 169
l 146 170
l 147 171
l 148 172
l 149 173
l 150 174
l 151 175
l 152 176
l 153 177
l 154 178
l 155 179
l 156 180
l 157 181
l 158 182
l 159 183
l 160 184
l 161 185
l 162 186
l 163 187
l 164 188
l 165 189
l 166 190
l 167 191
l 168 192
l 169 193
l 170 194
l 171 195
l 172 196
l 173 197
l 174 198
l 175 199
l 176 200
l 177 201
l 178 202
l 179 203
l 180 204
l 181 205
l 182 206
l 183 207
l 184 208
l 185 209
l 186 210
l 187 211
l 188 212
l 189 213
l 190 214
l 191 215
l 192 216
l 193 217
l 194 218
l 195 219
l 196 220
l 197 221
l 198 222
l 199 223
l 200 224
l 201 225
l 202 226
l 203 227
l 204 228
l 205 229
l 206 230
l 207 231
l 208 232
l 209 233
l 210 234
l 211 235
l 212 236
l 213 237
l 214 238
l 215 239
l 216 240
l 217 241
l 218 242
l 219 243
l 220 244
l 221 245
l 222 246
l 223 247
l 224 248
l 225 249
l 226 250
l 227 251
l 228 252
l 229 253
l 230 254
l 231 255
l 232 256
l 233 257
l 234 258
l 235 259
l 236 260
l 237 261
l 238 262
l 239 263
l 240 264
l 241 265
l 242 266
l 243 267
l 244 268
l 245 269
l 246 270
l 247 271
l 248 272
l 249 273
l 250 274
l 251 275
l 252 276
l 253 277
l 254 278
l 255 279
l 256 280
l 257 281
l 258 282
l 259 283
l 260 284
l 261 285
l 262 286
l 263 287
l 264 288
l 265 289
l 266 290
l 267 291
l 268 292
l 269 293
l 270 294
l 271 295
l 272 296
l 273 297
l 274 298
l 275 299
l 276 300
l 277 301
l 278 302
l 279 303
l 280 304
l 281 305
l 282 306
l 283 307
l 284 308
l 285 309
l 286 310
l 287 311
l 288 312
l 289 313
l 290 314
l 291 315
l 292 316
l 293 317
l 294 318
l 295 319
l 296 320
l 297 321
l 298 322
l 299 323
l 300 324
l 301 325
l 302 326
l 303 327
l 304 328
l 305 329
l 306 330
l 307 331
l 308 332
l 309 333
l 310 334
l 311 335
l 312 336
l 313 337
l 314 338
l 315 339
l 316 340
l 317 341
l 318 342
l 319 343
l 320 344
l 321 345
l 322 346
l 323 347
l 324 348
l 325 349
l 326 350
l 327 351
l 328 352
l 329 353
l 330 354
l 331 355
l 332 356
l 333 357
l 334 358
l 335 359
l 336 360
l 337 361
l 338 362
l 339 363
l 340 364
l 341 365
l 342 366
l 343 367
l 344 368
l 345 369
l 346 370
l 347 371
l 348 372
l 349 373
l 350 374
l 351 375
l 352 376
l 353 377
l 354 378
l 355 379
l 356 380
l 357 381
l 358 382
l 359 383
l 360 384
l 361 385
l 362 386
l 363 387
l 364 388
l 365 389
l 366 390
l 367 391
l 368 392
l 369 393
l 370 394
l 371 395
l 372 396
l 373 397
l 374 398
l 375 399
l 376 400
l 377 401
l 378 402
l 379 403
l 380 404
l 381 405
l 382 406
l 383 407
l 384 408
l 385 409
l 386 410
l 387 411
l 388 412
l 389 413
l 390 414
l 391 415
l 392 416
l 393 417
l 394 418
l 395 419
l 396 420
l 397 421
l 398 422
l 399 423
l 400 424
l 401 425
l 402 426
l 403 427
l 404 428
l 405 429
l 406 430
l 407 431
l 408 432
l 409 433
l 410 434
l 411 435
l 412 436
l 413 437
l 414 438
l 415 439
l 416 440
l 417 441
l 418 442
l 419 443
l 420 444
l 421 445
l 422 446
l 423 447
l 424 448
l 425 449
l 426 450
l 427 451
l 428 452
l 429 453
l 430 454
l 431 455
l 432 456
l 433 457
l 434 458
l 435 459
l 436 460
l 437 461
l 438 462
l 439 463
l 440 464
l 441 465
l 442 466
l 443 467
l 444 468
l 445 469
l 446 470
l 447 471
l 448 472
l 449 473
l 450 474
l 451 475
l 452 476
l 453 477
l 454 478
l 455 479
l 456 480
l 457 481
l 458 482
l 459 483
l 460 484
l 461 485
l 462 486
l 463 487
l 464 488
l 465 489
l 466 490
l 467 491
l 468 492
l 469 493
l 470 494
l 471 495
l 472 496
l 473 497
l 474 498
l 475 499
l 476 500
l 477 501
l 478 502
l 479 503
l 480 504
l 481 505
l 482 506
l 483 507
l 484 508
l 485 509
l 486 510
l 487 511
l 488 512
l 489 513
l 490 514
l 491 515
l 492 516
l 493 517
l 494 518
l 495 519
l 496 520
l 497 521
l 498 522
l 499 523
l 500 524
l 501 525
l 502 526
l 503 527
l 504 528
l 505 529
l 506 530
l 507 531
l 508 532
l 509 533
l 510 534
l 511 535
l 512 536
l 513 537
l 514 538
l 515 539
l 516 540
l 517 541
l 518 542
l 519 543
l 520 544
l 521 545
l 522 546
l 523 547
l 524 548
l 525 549
l 526 550
l 527 551
l 528 552
l 529 553
l 530 554
l 531 555
l 532 556
l 533 557
l 534 558
l 535 559
l 536 560
l 537 561
l 538 562
l 539 563
l 540 564
l 541 565
l 542 566
l 543 567
l 544 568
l 545 569
l 546 570
l 547 571
l 548 572
l 549 573
l 550 574
l 551 575
l 552 576
l 553 577
l 554 578
l 555 579
l 556 580
l 557 581
l 558 582
l 559 583
l 560 584
l 561 585
l 562 586
l 563 587
l 564 588
l 565 589
l 566 590
l 567 591
l 568 592
l 569 593
l 570 594
l 571 595
l 572 596
l 573 597
l 574 598
l 575 599
l 576 600
l 577 601
l 578 602
l 579 603
l 580 604
l 581 605
l 582 606
l 583 607
l 584 608
l 585 609
l 586 610
l 587 611
l 588 612
l 589 613
l 590 614
l 591 615
l 592 616
l 593 617
l 594 618
l 595 619
l 596 620
l 597 621
l 598 622
l 599 623
l 600 624
l 601 625
l 602 626
l 603 627
l 604 628
l 605 629
l 606 630
l 607 631
l 608 632
l 609 633
l 610 634
l 611 635
l 612 636
l 613 637
l 614 638
l 615 639
l 616 640
l 617 641
l 618 642
l 619 643
l 620 644
l 621 645
l 622 646
l 623 647
l 624 648
l 625 649
l 626 650
l 627 651
l 628 652
l 629 653
l 630 654
l 631 655
l 632 656
l 633 657
l 634 658
l 635 659
l 636 660
l 637 661
l 638 662
l 639 663
l 640 664
l 641 665
l 642 666
l 643 667
l 644 668
l 645 669
l 646 670
l 647 671
l 648 672
l 649 673
l 650 674
l 651 675
l 652 676
l 653 677
l 654 678
l 655 679
l 656 680
l 657 681
l 658 682
l 659 683
l 660 684
l 661 685
l 662 686
l 663 687
l 664 688
l 665 689
l 666 690
l 667 691
l 668 692
l 669 693
l 670 694
l 671 695
l 672 696
l 673 697
l 674 698
l 675 699
l 676 700
l 677 701
l 678 702
l 679 703
l 680 704
l 681 705
l 682 706
l 683 707
l 684 708
l 685 709
l 686 710
l 687 711
l 688 712
l 689 713
l 690 714
l 691 715
l 692 716
l 693 717
l 694 718
l 695 719
l 696 720
l 697 721
l 698 722
l 699 723
l 700 724
l 701 725
l 702 726
l 703 727
l 704 728
l 705 729
l 706 730
l 707 731
l 708 732
l 709 733
l 710 734
l 711 735
l 712 736
l 713 737
l 714 738
l 715 739
l 716 740
l 717 741
l 718 742
l 719 743
l 720 744
l 721 745
l 722 746
l 723 747
l 724 748
l 725 749
l 726 750
l 727 751
l 728 752
l 729 753
l 730 754
l 731 755
l 732 756
l 733 757
l 734 758
l 735 759
l 736 760
l 737 761
l 738 762
l 739 763
l 740 764
l 741 765
l 742 766
l 743 767
l 744 768
l 745 769
l 746 770
l 747 771
l 748 772
l 749 773
l 750 774
l 751 775
l 752 776
l 753 777
l 754 778
l 755 779
l 756 780
l 757 781
l 758 782
l 759 783
l 760 784
l 761 785
l 762 786
l 763 787
l 764 788
l 765 789
l 766 790
l 767 791
l 768 792
l 769 793
l 770 794
l 771 795
l 772 796
l 773 797
l 774 798
l 775 799
l 776 800
l 777 801
l 778 802
l 779 803
l 780 804
l 781 805
l 782 806
l 783 807
l 784 808
l 785 809
l 786 810
l 787 811
l 788 812
l 789 813
l 790 814
l 791 815
l 792 816
l 793 817
l 794 818
l 795 819
l 796 820
l 797 821
l 798 822
l 799 823
l 800 824
l 801 825
l 802 826
l 803 827
l 804 828
l 805 829
l 806 830
l 807 831
l 808 832
l 809 833
l 810 834
l 811 835
l 812 836
l 813 837
l 814 838
l 815 839
l 816 840
l 817 841
l 818 842
l 819 843
l 820 844
l 821 845
l 822 846
l 823 847
l 824 848
l 825 849
l 826 850
l 827 851
l 828 852
l 829 853
l 830 854
l 831 855
l 832 856
l 833 857
l 834 858
l 835 859
l 836 860
l 837 861
l 838 862
l 839 863
l 840 864
l 841 865
l 842 866
l 843 867
l 844 868
l 845 869
l 846 870
l 847 871
l 848 872
l 849 873
l 850 874
l 851 875
l 852 876
l 853 877
l 854 878
l 855 879
l 856 880
l 857 881
l 858 882
l 859 883
l 860 884
l 861 885
l 862 886
l 863 887
l 864 888
l 865 889
l 866 890
l 867 891
l 868 892
l 869 893
l 870 894
l 871 895
l 872 896
l 873 897
l 874 898
l 875 899
l 876 900
l 877 901
l 878 902
l 879 903
l 880 904
l 881 905
l 882 906
l 883 907
l 884 908
l 885 909
l 886 910
l 887 911
l 888 912
l 889 913
l 890 914
l 891 915
l 892 916
l 893 917
l 894 918
l 895 919
l 896 920
l 897 921
l 898 922
l 899 923
l 900 924
l 901 925
l 902 926
l 903 927
l 904 928
l 905 929
l 906 930
l 907 931
l 908 932
l 909 933
l 910 934
l 911 935
l 912 936
l 913 937
l 914 938
l 915 939
l 916 940
l 917 941
l 918 942
l 919 943
l 920 944
l 921 945
l 922 946
l 923 947
l 924 948
l 925 949
l 926 950
l 927 951
l 928 952
l 929 953
l 930 954
l 931 955
l 932 956
l 933 957
l 934 958
l 935 959
l 936 960
l 937 961
l 938 962
l 939 963
l 940 964
l 941 965
l 942 966
l 943 967
l 944 968
l 945 969
l 946 970
l 947 971
l 948 972
l 949 973
l 950 974
l 951 975
l 952 976
l 953 977
l 954 978
l 955 979
l 956 980
l 957 981
l 958 982
l 959 983
l 960 984
l 961 985
l 962 986
l 963 987
l 964 988
l 965 989
l 966 990
l 967 991
l 968 992
l 969 993
l 970 994
l 971 995
l 972 996
l 973 997
l 974 998
l 975 999
l 976 1000
l 977 1001
l 978 1002
l 979 1003
l 980 1004
l 981 1005
l 982 1006
l 983 1007
l 984 1008
l 985 1009
l 986 1010
l 987 1011
l 988 1012
l 989 1013
l 990 1014
l 991 1015
l 992 1016
l 993 1017
l 994 1018
l 995 1019
l 996 1020
l 997 1021
l 998 1022
l 999 1023
l 1000 1024
l 1001 1025
l 1002 1026
l 1003 1027
l 1004 1028
l 1005 1029
l 1006 1030
l 1007 1031
l 1008 1032
l 1009 1033
l 1010 1034
l 1011 1035
l 1012 1036
l 1013 1037
l 1014 1038
l 1015 1039
l 1016 1040
l 1017 1041
l 1018 1042
l 1019 1043
l 1020 1044
l 1021 1045
l 1022 1046
l 1023 1047
l 1024 1048
l 1025 1049
l 1026 1050
l 1027 1051
l 1028 1052
l 1029 1053
l 1030 1054
l 1031 1055
l 1032 1056
l 1033 1057
l 1034 1058
l 1035 1059
l 1036 1060
l 1037 1061
l 1038 1062
l 1039 1063
l 1040 1064
l 1041 1065
l 1042 1066
l 1043 1067
l 1044 1068
l 1045 1069
l 1046 1070
l 1047 1071
l 1048 1072
l 1049 1073
l 1050 1074
l 1051 1075
l 1052 1076
l 1053 1077
l 1054 1078
l 1055 1079
l 1056 1080
l 1057 1081
l 1058 1082
l 1059 1083
l 1060 1084
l 1061 1085
l 1062 1086
l 1063 1087
l 1064 1088
l 1065 1089
l 1066 1090
l 1067 1091
l 1068 1092
l 1069 1093
l 1070 1094
l 1071 1095
l 1072 1096
l 1073 1097
l 1074 1098
l 1075 1099
l 1076 1100
l 1077 1101
l 1078 1102
l 1079 1103
l 1080 1104
l 1081 1105
l 1082 1106
l 1083 1107
l 1084 1108
l 1085 1109
l 1086 1110
l 1087 1111
l 1088 1112
l 1089 1113
l 1090 1114
l 1091 1115
l 1092 1116
l 1093 1117
l 1094 1118
l 1095 1119
l 1096 1120
l 1097 1121
l 1098 1122
l 1099 1123
l 1100 1124
l 1101 1125
l 1102 1126
l 1103 1127
l 1104 1128
l 1105 1129
l 1106 1130
l 1107 1131
l 1108 1132
l 1109 1133
l 1110 1134
l 1111 1135
l 1112 1136
l 1113 1137
l 1114 1138
l 1115 1139
l 1116 1140
l 1117 1141
l 1118 1142
l 1119 1143
l 1120 1144
l 1121 1145
l 1122 1146
l 1123 1147
l 1124 1148
l 1125 1149
l 1126 1150
l 1127 1151
l 1128 1152
l 1129 1153
l 1130 1154
l 1131 1155
l 1132 1156
l 1133 1157
l 1134 1158
l 1135 1159
l 1136 1160
l 1137 1161
l 1138 1162
l 1139 1163
l 1140 1164
l 1141 1165
l 1142 1166
l 1143 1167
l 1144 1168
l 1145 1169
l 1146 1170
l 1147 1171
l 1148 1172
l 1149 1173
l 1150 1174
l 1151 1175
l 1152 1176
l 1153 1177
l 1154 1178
l 1155 1179
l 1156 1180
l 1157 1181
l 1158 1182
l 1159 1183
l 1160 1184
l 1161 1185
l 1162 1186
l 1163 1187
l 1164 1188
l 1165 1189
l 1166 1190
l 1167 1191
l 1168 1192
l 1169 1193
l 1170 1194
l 1171 1195
l 1172 1196
l 1173 1197
l 1174 1198
l 1175 1199
l 1176 1200
l 1177 1201
l 1178 1202
l 1179 1203
l 1180 1204
l 1181 1205
l 1182 1206
l 1183 1207
l 1184 1208
l 1185 1209
l 1186 1210
l 1187 1211
l 1188 1212
l 1189 1213
l 1190 1214
l 1191 1215
l 1192 1216
l 1193 1217
l 1194 1218
l 1195 1219
l 1196 1220
l 1197 1221
l 1198 1222
l 1199 1223
l 1200 1224
l 1201 1225
l 1202 1226
l 1203 1227
l 1204 1228
l 1205 1229
l 1206 1230
l 1207 1231
l 1208 1232
l 1209 1233
l 1210 1234
l 1211 1235
l 1212 1236
l 1213 1237
l 1214 1238
l 1215 1239
l 1216 1240
l 1217 1241
l 1218 1242
l 1219 1243
l 1220 1244
l 1221 1245
l 1222 1246
l 1223 1247
l 1224 1248
l 1225 1249
l 1226 1250
l 1227 1251
l 1228 1252
l 1229 1253
l 1230 1254
l 1231 1255
l 1232 1256
l 1233 1257
l 1234 1258
l 1235 1259
l 1236 1260
l 1237 1261
l 1238 1262
l 1239 1263
l 1240 1264
l 1241 1265
l 1242 1266
l 1243 1267
l 1244 1268
l 1245 1269
l 1246 1270
l 1247 1271
l 1248 1272
l 1249 1273
l 1250 1274
l 1251 1275
l 1252 1276
l 1253 1277
l 1254 1278
l 1255 1279
l 1256 1280
l 1257 1281
l 1258 1282
l 1259 1283
l 1260 1284
l 1261 1285
l 1262 1286
l 1263 1287
l 1264 1288
l 1265 1289
l 1266 1290
l 1267 1291
l 1268 1292
l 1269 1293
l 1270 1294
l 1271 1295
l 1272 1296
l 1273 1297
l 1274 1298
l 1275 1299
l 1276 1300
l 1277 1301
l 1278 1302
l 1279 1303
l 1280 1304
l 1281 1305
l 1282 1306
l 1283 1307
l 1284 1308
l 1285 1309
l 1286 1310
l 1287 1311
l 1288 1312
l 1289 1313
l 1290 1314
l 1291 1315
l 1292 1316
l 1293 1317
l 1294 1318
l 1295 1319
l 1296 1320
l 1297 1321
l 1298 1322
l 1299 1323
l 1300 1324
l 1301 1325
l 1302 1326
l 1303 1327
l 1304 1328
l 1305 1329
l 1306 1330
l 1307 1331
l 1308 1332
l 1309 1333
l 1310 1334
l 1311 1335
l 1312 1336
l 1313 1337
l 1314 1338
l 1315 1339
l 1316 1340
l 1317 1341
l 1318 1342
l 1319 1343
l 1320 1344
l 1321 1345
l 1322 1346
l 1323 1347
l 1324 1348
l 1325 1349
l 1326 1350
l 1327 1351
l 1328 1352
l 1329 1353
l 1330 1354
l 1331 1355
l 1332 1356
l 1333 1357
l 1334 1358
l 1335 1359
l 1336 1360
l 1337 1361
l 1338 1362
l 1339 1363
l 1340 1364
l 1341 1365
l 1342 1366
l 1343 1367
l 1344 1368
l 1345 1369
l 1346 1370
l 1347 1371
l 1348 1372
l 1349 1373
l 1350 1374
l 1351 1375
l 1352 1376
l 1353 1377
l 1354 1378
l 1355 1379
l 1356 1380
l 1357 1381
l 1358 1382
l 1359 1383
l 1360 1384
l 1361 1385
l 1362 1386
l 1363 1387
l 1364 1388
l 1365 1389
l 1366 1390
l 1367 1391
l 1368 1392
l 1369 1393
l 1370 1394
l 1371 1395
l 1372 1396
l 1373 1397
l 1374 1398
l 1375 1399
l 1376 1400
l 1377 1401
l 1378 1402
l 1379 1403
l 1380 1404
l 1381 1405
l 1382 1406
l 1383 1407
l 1384 1408
l 1385 1409
l 1386 1410
l 1387 1411
l 1388 1412
l 1389 1413
l 1390 1414
l 1391 1415
l 1392 1416
l 1393 1417
l 1394 1418
l 1395 1419
l 1396 1420
l 1397 1421
l 1398 1422
l 1399 1423
l 1400 1424
l 1401 1425
l 1402 1426
l 1403 1427
l 1404 1428
l 1405 1429
l 1406 1430
l 1407 1431
l 1408 1432
l 1409 1433
l 1410 1434
l 1411 1435
l 1412 1436
l 1413 1437
l 1414 1438
l 1415 1439
l 1416 1440
l 1417 1441
l 1418 1442
l 1419 1443
l 1420 1444
l 1421 1445
l 1422 1446
l 1423 1447
l 1424 1448
l 1425 1449
l 1426 1450
l 1427 1451
l 1428 1452
l 1429 1453
l 1430 1454
l 1431 1455
l 1432 1456
l 1433 1457
l 1434 1458
l 1435 1459
l 1436 1460
l 1437 1461
l 1438 1462
l 1439 1463
l 1440 1464
l 1441 1465
l 1442 1466
l 1443 1467
l 1444 1468
l 1445 1469
l 1446 1470
l 1447 1471
l 1448 1472
l 1449 1473
l 1450 1474
l 1451 1475
l 1452 1476
l 1453 1477
l 1454 1478
l 1455 1479
l 1456 1480
l 1457 1481
l 1458 1482
l 1459 1483
l 1460 1484
l 1461 1485
l 1462 1486
l 1463 1487
l 1464 1488
l 1465 1489
l 1466 1490
l 1467 1491
l 1468 1492
l 1469 1493
l 1470 1494
l 1471 1495
l 1472 1496
l 1473 1497
l 1474 1498
l 1475 1499
l 1476 1500
l 1477 1501
l 1478 1502
l 1479 1503
l 1480 1504
l 1481 1505
l 1482 1506
l 1483 1507
l 1484 1508
l 1485 1509
l 1486 1510
l 1487 1511
l 1488 1512
l 1489 1513
l 1490 1514
l 1491 1515
l 1492 1516
l 1493 1517
l 1494 1518
l 1495 1519
l 1496 1520
l 1497 1521
l 1498 1522
l 1499 1523
l 1500 1524
l 1501 1525
l 1502 1526
l 1503 1527
l 1504 1528
l 1505 1529
l 1506 1530
l 1507 1531
l 1508 1532
l 1509 1533
l 1510 1534
l 1511 1535
l 1512 1536
l 1513 1537
l 1514 1538
l 1515 1539
l 1516 1540
l 1517 1541
l 1518 1542
l 1519 1543
l 1520 1544
l 1521 1545
l 1522 1546
l 1523 1547
l 1524 1548
l 1525 1549
l 1526 1550
l 1527 1551
l 1528 1552
l 1529 1553
l 1530 1554
l 1531 1555
l 1532 1556
l 1533 1557
l 1534 1558
l 1535 1559
l 1536 1560
l 1537 1561
l 1538 1562
l 1539 1563
l 1540 1564
l 1541 1565
l 1542 1566
l 1543 1567
l 1544 1568
l 1545 1569
l 1546 1570
l 1547 1571
l 1548 1572
l 1549 1573
l 1550 1574
l 1551 1575
l 1552 1576
l 1553 1577
l 1554 1578
l 1555 1579
l 1556 1580
l 1557 1581
l 1558 1582
l 1559 1583
l 1560 1584
l 1561 1585
l 1562 1586
l 1563 1587
l 1564 1588
l 1565 1589
l 1566 1590
l 1567 1591
l 1568 1592
l 1569 1593
l 1570 1594
l 1571 1595
l 1572 1596
l 1573 1597
l 1574 1598
l 1575 1599
l 1576 1600
l 1577 1601
l 1578 1602
l 1579 1603
l 1580 1604
l 1581 1605
l 1582 1606
l 1583 1607
l 1584 1608
l 1585 1609
l 1586 1610
l 1587 1611
l 1588 1612
l 1589 1613
l 1590 1614
l 1591 1615
l 1592 1616
l 1593 1617
l 1594 1618
l 1595 1619
l 1596 1620
l 1597 1621
l 1598 1622
l 1599 1623
l 1600 1624
l 1601 1625
l 1602 1626
l 1603 1627
l 1604 1628
l 1605 1629
l 1606 1630
l 1607 1631
l 1608 1632
l 1609 1633
l 1610 1634
l 1611 1635
l 1612 1636
l 1613 1637
l 1614 1638
l 1615 1639
l 1616 1640
l 1617 1641
l 1618 1642
l 1619 1643
l 1620 1644
l 1621 1645
l 1622 1646
l 1623 1647
l 1624 1648
l 1625 1649
l 1626 1650
l 1627 1651
l 1628 1652
l 1629 1653
l 1630 1654
l 1631 1655
l 1632 1656
l 1633 1657
l 1634 1658
l 1635 1659
l 1636 1660
l 1637 1661
l 1638 1662
l 1639 1663
l 1640 1664
l 1641 1665
l 1642 1666
l 1643 1667
l 1644 1668
l 1645 1669
l 1646 1670
l 1647 1671
l 1648 1672
l 1649 1673
l 1650 1674
l 1651 1675
l 1652 1676
l 1653 1677
l 1654 1678
l 1655 1679
l 1656 1680
l 1657 1681
l 1658 1682
l 1659 1683
l 1660 1684
l 1661 1685
l 1662 1686
l 1663 1687
l 1664 1688
l 1665 1689
l 1666 1690
l 1667 1691
l 1668 1692
l 1669 1693
l 1670 1694
l 1671 1695
l 1672 1696
l 1673 1697
l 1674 1698
l 1675 1699
l 1676 1700
l 1677 1701
l 1678 1702
l 1679 1703
l 1680 1704
l 1681 1705
l 1682 1706
l 1683 1707
l 1684 1708
l 1685 1709
l 1686 1710
l 1687 1711
l 1688 1712
l 1689 1713
l 1690 1714
l 1691 1715
l 1692 1716
l 1693 1717
l 1694 1718
l 1695 1719
l 1696 1720
l 1697 1721
l 1698 1722
l 1699 1723
l 1700 1724
l 1701 1725
l 1702 1726
l 1703 1727
l 1704 1728
l 1705 1729
l 1706 1730
l 1707 1731
l 1708 1732
l 1709 1733
l 1710 1734
l 1711 1735
l 1712 1736
l 1713 1737
l 1714 1738
l 1715 1739
l 1716 1740
l 1717 1741
l 1718 1742
l 1719 1743
l 1720 1744
l 1721 1745
l 1722 1746
l 1723 1747
l 1724 1748
l 1725 1749
l 1726 1750
l 1727 1751
l 1728 1752
l 1729 1753
l 1730 1754
l 1731 1755
l 1732 1756
l 1733 1757
l 1734 1758
l 1735 1759
l 1736 1760
l 1737 1761
l 1738 1762
l 1739 1763
l 1740 1764
l 1741 1765
l 1742 1766
l 1743 1767
l 1744 1768
l 1745 1769
l 1746 1770
l 1747 1771
l 1748 1772
l 1749 1773
l 1750 1774
l 1751 1775
l 1752 1776
l 1753 1777
l 1754 1778
l 1755 1779
l 1756 1780
l 1757 1781
l 1758 1782
l 1759 1783
l 1760 1784
l 1761 1785
l 1762 1786
l 1763 1787
l 1764 1788
l 1765 1789
l 1766 1790
l 1767 1791
l 1768 1792
l 1769 1793
l 1770 1794
l 1771 1795
l 1772 1796
l 1773 1797
l 1774 1798
l 1775 1799
l 1776 1800
l 1777 1801
l 1778 1802
l 1779 1803
l 1780 1804
l 1781 1805
l 1782 1806
l 1783 1807
l 1784 1808
l 1785 1809
l 1786 1810
l 1787 1811
l 1788 1812
l 1789 1813
l 1790 1814
l 1791 1815
l 1792 1816
l 1793 1817
l 1794 1818
l 1795 1819
l 1796 1820
l 1797 1821
l 1798 1822
l 1799 1823
l 1800 1824
l 1801 1825
l 1802 1826
l 1803 1827
l 1804 1828
l 1805 1829
l 1806 1830
l 1807 1831
l 1808 1832
l 1809 1833
l 1810 1834
l 1811 1835
l 1812 1836
l 1813 1837
l 1814 1838
l 1815 1839
l 1816 1840
l 1817 1841
l 1818 1842
l 1819 1843
l 1820 1844
l 1821 1845
l 1822 1846
l 1823 1847
l 1824 1848
l 1825 1849
l 1826 1850
l 1827 1851
l 1828 1852
l 1829 1853
l 1830 1854
l 1831 1855
l 1832 1856
l 1833 1857
l 1834 1858
l 1835 1859
l 1836 1860
l 1837 1861
l 1838 1862
l 1839 1863
l 1840 1864
l 1841 1865
l 1842 1866
l 1843 1867
l 1844 1868
l 1845 1869
l 1846 1870
l 1847 1871
l 1848 1872
l 1849 1873
l 1850 1874
l 1851 1875
l 1852 1876
l 1853 1877
l 1854 1878
l 1855 1879
l 1856 1880
l 1857 1881
l 1858 1882
l 1859 1883
l 1860 1884
l 1861 1885
l 1862 1886
l 1863 1887
l 1864 1888
l 1865 1889
l 1866 1890
l 1867 1891
l 1868 1892
l 1869 1893
l 1870 1894
l 1871 1895
l 1872 1896
l 1873 1897
l 1874 1898
l 1875 1899
l 1876 1900
l 1877 1901
l 1878 1902
l 1879 1903
l 1880 1904
l 1881 1905
l 1882 1906
l 1883 1907
l 1884 1908
l 1885 1909
l 1886 1910
l 1887 1911
l 1888 1912
l 1889 1913
l 1890 1914
l 1891 1915
l 1892 1916
l 1893 1917
l 1894 1918
l 1895 1919
l 1896 1920
l 1897 1921
l 1898 1922
l 1899 1923
l 1900 1924
l 1901 1925
l 1902 1926
l 1903 1927
l 1904 1928
l 1905 1929
l 1906 1930
l 1907 1931
l 1908 1932
l 1909 1933
l 1910 1934
l 1911 1935
l 1912 1936
l 1913 1937
l 1914 1938
l 1915 1939
l 1916 1940
l 1917 1941
l 1918 1942
l 1919 1943
l 1920 1944
l 1921 1945
l 1922 1946
l 1923 1947
l 1924 1948
l 1925 1949
l 1926 1950
l 1927 1951
l 1928 1952
l 1929 1953
l 1930 1954
l 1931 1955
l 1932 1956
l 1933 1957
l 1934 1958
l 1935 1959
l 1936 1960
l 1937 1961
l 1938 1962
l 1939 1963
l 1940 1964
l 1941 1965
l 1942 1966
l 1943 1967
l 1944 1968
l 1945 1969
l 1946 1970
l 1947 1971
l 1948 1972
l 1949 1973
l 1950 1974
l 1951 1975
l 1952 1976
l 1953 1977
l 1954 1978
l 1955 1979
l 1956 1980
l 1957 1981
l 1958 1982
l 1959 1983
l 1960 1984
l 1961 1985
l 1962 1986
l 1963 1987
l 1964 1988
l 1965 1989
l 1966 1990
l 1967 1991
l 1968 1992
l 1969 1993
l 1970 1994
l 1971 1995
l 1972 1996
l 1973 1997
l 1974 1998
l 1975 1999
l 1976 2000
l 1977 2001
l 1978 2002
l 1979 2003
l 1980 2004
l 1981 2005
l 1982 2006
l 1983 2007
l 1984 2008
l 1985 2009
l 1986 2010
l 1987 2011
l 1988 2012
l 1989 2013
l 1990 2014
l 1991 2015
l 1992 2016
l 1993 2017
l 1994 2018
l 1995 2019
l 1996 2020
l 1997 2021
l 1998 2022
l 1999 2023
l 2000 2024
l 2001 2025
l 2002 2026
l 2003 2027
l 2004 2028
l 2005 2029
l 2006 2030
l 2007 2031
l 2008 2032
l 2009 2033
l 2010 2034
l 2011 2035
l 2012 2036
l 2013 2037
l 2014 2038
l 2015 2039
l 2016 2040
l 1 2
l 2 3
l 3 4
l 4 5
l 5 6
l 6 7
l 7 8
l 8 9
l 9 10
l 10 11
l 11 12
l 12 13
l 13 14
l 14 15
l 15 16
l 16 17
l 17 18
l 18 19
l 19 20
l 20 21
l 21 22
l 22 23
l 23 24
l 24 1
l 25 26
l 26 27
l 27 28
l 28 29
l 29 30
l 30 31
l 31 32
l 32 33
l 33 34
l 34 35
l 35 36
l 36 37
l 37 38
l 38 39
l 39 40
l 40 41
l 41 42
l 42 43
l 43 44
l 44 45
l 45 46
l 46 47
l 47 48
l 48 25
l 49 50
l 50 51
l 51 52
l 52 53
l 53 54
l 54 55
l 55 56
l 56 57
l 57 58
l 58 59
l 59 60
l 60 61
l 61 62
l 62 63
l 63 64
l 64 65
l 65 66
l 66 67
l 67 68
l 68 69
l 69 70
l 70 71
l 71 72
l 72 49
l 73 74
l 74 75
l 75 76
l 76 77
l 77 78
l 78 79
l 79 80
l 80 81
l 81 82
l 82 83
l 83 84
l 84 85
l 85 86
l 86 87
l 87 88
l 88 89
l 89 90
l 90 91
l 91 92
l 92 93
l 93 94
l 94 95
l 95 96
l 96 73
l 97 98
l 98 99
l 99 100
l 100 101
l 101 102
l 102 103
l 103 104
l 104 105
l 105 106
l 106 107
l 107 108
l 108 109
l 109 110
l 110 111
l 111 112
l 112 113
l 113 114
l 114 115
l 115 116
l 116 117
l 117 118
l 118 119
l 119 120
l 120 97
l 121 122
l 122 123
l 123 124
l 124 125
l 125 126
l 126 127
l 127 128
l 128 129
l 129 130
l 130 131
l 131 132
l 132 133
l 133 134
l 134 135
l 135 136
l 136 137
l 137 138
l 138 139
l 139 140
l 140 141
l 141 142
l 142 143
l 143 144
l 144 121
l 145 146
l 146 147
l 147 148
l 148 149
l 149 150
l 150 151
l 151 152
l 152 153
l 153 154
l 154 155
l 155 156
l 156 157
l 157 158
l 158 159
l 159 160
l 160 161
l 161 162
l 162 163
l 163 164
l 164 165
l 165 166
l 166 167
l 167 168
l 168 145
l 169 170
l 170 171
l 171 172
l 172 173
l 173 174
l 174 175
l 175 176
l 176 177
l 177 178
l 178 179
l 179 180
l 180 181
l 181 182
l 182 183
l 183 184
l 184 185
l 185 186
l 186 187
l 187 188
l 188 189
l 189 190
l 190 191
l 191 192
l 192 169
l 193 194
l 194 195
l 195 196
l 196 197
l 197 198
l 198 199
l 199 200
l 200 201
l 201 202
l 202 203
l 203 204
l 204 205
l 205 206
l 206 207
l 207 208
l 208 209
l 209 210
l 210 211
l 211 212
l 212 213
l 213 214
l 214 215
l 215 216
l 216 193
l 217 218
l 218 219
l 219 220
l 220 221
l 221 222
l 222 223
l 223 224
l 224 225
l 225 226
l 226 227
l 227 228
l 228 229
l 229 230
l 230 231
l 231 232
l 232 233
l 233 234
l 234 235
l 235 236
l 236 237
l 237 238
l 238 239
l 239 240
l 240 217
l 241 242
l 242 243
l 243 244
l 244 245
l 245 246
l 246 247
l 247 248
l 248 249
l 249 250
l 250 251
l 251 252
l 252 253
l 253 254
l 254 255
l 255 256
l 256 257
l 257 258
l 258 259
l 259 260
l 260 261
l 261 262
l 262 263
l 263 264
l 264 241
l 265 266
l 266 267
l 267 268
l 268 269
l 269 270
l 270 271
l 271 272
l 272 273
l 273 274
l 274 275
l 275 276
l 276 277
l 277 278
l 278 279
l 279 280
l 280 281
l 281 282
l 282 283
l 283 284
l 284 285
l 285 286
l 286 287
l 287 288
l 288 265
l 289 290
l 290 291
l 291 292
l 292 293
l 293 294
l 294 295
l 295 296
l 296 297
l 297 298
l 298 299
l 299 300
l 300 301
l 301 302
l 302 303
l 303 304
l 304 305
l 305 306
l 306 307
l 307 308
l 308 309
l 309 310
l 310 311
l 311 312
l 312 289
l 313 314
l 314 315
l 315 316
l 316 317
l 317 318
l 318 319
l 319 320
l 320 321
l 321 322
l 322 323
l 323 324
l 324 325
l 325 326
l 326 327
l 327 328
l 328 329
l 329 330
l 330 331
l 331 332
l 332 333
l 333 334
l 334 335
l 335 336
l 336 313
l 337 338
l 338 339
l 339 340
l 340 341
l 341 342
l 342 343
l 343 344
l 344 345
l 345 346
l 346 347
l 347 348
l 348 349
l 349 350
l 350 351
l 351 352
l 352 353
l 353 354
l 354 355
l 355 356
l 356 357
l 357 358
l 358 359
l 359 360
l 360 337
l 361 362
l 362 363
l 363 364
l 364 365
l 365 366
l 366 367
l 367 368
l 368 369
l 369 370
l 370 371
l 371 372
l 372 373
l 373 374
l 374 375
l 375 376
l 376 377
l 377 378
l 378 379
l 379 380
l 380 381
l 381 382
l 382 383
l 383 384
l 384 361
l 385 386
l 386 387
l 387 388
l 388 389
l 389 390
l 390 391
l 391 392
l 392 393
l 393 394
l 394 395
l 395 396
l 396 397
l 397 398
l 398 399
l 399 400
l 400 401
l 401 402
l 402 403
l 403 404
l 404 405
l 405 406
l 406 407
l 407 408
l 408 385
l 409 410
l 410 411
l 411 412
l 412 413
l 413 414
l 414 415
l 415 416
l 416 417
l 417 418
l 418 419
l 419 420
l 420 421
l 421 422
l 422 423
l 423 424
l 424 425
l 425 426
l 426 427
l 427 428
l 428 429
l 429 430
l 430 431
l 431 432
l 432 409
l 433 434
l 434 435
l 435 436
l 436 437
l 437 438
l 438 439
l 439 440
l 440 441
l 441 442
l 442 443
l 443 444
l 444 445
l 445 446
l 446 447
l 447 448
l 448 449
l 449 450
l 450 451
l 451 452
l 452 453
l 453 454
l 454 455
l 455 456
l 456 433
l 457 458
l 458 459
l 459 460
l 460 461
l 461 462
l 462 463
l 463 464
l 464 465
l 465 466
l 466 467
l 467 468
l 468 469
l 469 470
l 470 471
l 471 472
l 472 473
l 473 474
l 474 475
l 475 476
l 476 477
l 477 478
l 478 479
l 479 480
l 480 457
l 481 482
l 482 483
l 483 484
l 484 485
l 485 486
l 486 487
l 487 488
l 488 489
l 489 490
l 490 491
l 491 492
l 492 493
l 493 494
l 494 495
l 495 496
l 496 497
l 497 498
l 498 499
l 499 500
l 500 501
l 501 502
l 502 503
l 503 504
l 504 481
l 505 506
l 506 507
l 507 508
l 508 509
l 509 510
l 510 511
l 511 512
l 512 513
l 513 514
l 514 515
l 515 516
l 516 517
l 517 518
l 518 519
l 519 520
l 520 521
l 521 522
l 522 523
l 523 524
l 524 525
l 525 526
l 526 527
l 527 528
l 528 505
l 529 530
l 530 531
l 531 532
l 532 533
l 533 534
l 534 535
l 535 536
l 536 537
l 537 538
l 538 539
l 539 540
l 540 541
l 541 542
l 542 543
l 543 544
l 544 545
l 545 546
l 546 547
l 547 548
l 548 549
l 549 550
l 550 551
l 551 552
l 552 529
l 553 554
l 554 555
l 555 556
l 556 557
l 557 558
l 558 559
l 559 560
l 560 561
l 561 562
l 562 563
l 563 564
l 564 565
l 565 566
l 566 567
l 567 568
l 568 569
l 569 570
l 570 571
l 571 572
l 572 573
l 573 574
l 574 575
l 575 576
l 576 553
l 577 578
l 578 579
l 579 580
l 580 581
l 581 582
l 582 583
l 583 584
l 584 585
l 585 586
l 586 587
l 587 588
l 588 589
l 589 590
l 590 591
l 591 592
l 592 593
l 593 594
l 594 595
l 595 596
l 596 597
l 597 598
l 598 599
l 599 600
l 600 577
l 601 602
l 602 603
l 603 604
l 604 605
l 605 606
l 606 607
l 607 608
l 608 609
l 609 610
l 610 611
l 611 612
l 612 613
l 613 614
l 614 615
l 615 616
l 616 617
l 617 618
l 618 619
l 619 620
l 620 621
l 621 622
l 622 623
l 623 624
l 624 601
l 625 626
l 626 627
l 627 628
l 628 629
l 629 630
l 630 631
l 631 632
l 632 633
l 633 634
l 634 635
l 635 636
l 636 637
l 637 638
l 638 639
l 639 640
l 640 641
l 641 642
l 642 643
l 643 644
l 644 645
l 645 646
l 646 647
l 647 648
l 648 625
l 649 650
l 650 651
l 651 652
l 652 653
l 653 654
l 654 655
l 655 656
l 656 657
l 657 658
l 658 659
l 659 660
l 660 661
l 661 662
l 662 663
l 663 664
l 664 665
l 665 666
l 666 667
l 667 668
l 668 669
l 669 670
l 670 671
l 671 672
l 672 649
l 673 674
l 674 675
l 675 676
l 676 677
l 677 678
l 678 679
l 679 680
l 680 681
l 681 682
l 682 683
l 683 684
l 684 685
l 685 686
l 686 687
l 687 688
l 688 689
l 689 690
l 690 691
l 691 692
l 692 693
l 693 694
l 694 695
l 695 696
l 696 673
l 697 698
l 698 699
l 699 700
l 700 701
l 701 702
l 702 703
l 703 704
l 704 705
l 705 706
l 706 707
l 707 708
l 708 709
l 709 710
l 710 711
l 711 712
l 712 713
l 713 714
l 714 715
l 715 716
l 716 717
l 717 718
l 718 719
l 719 720
l 720 697
l 721 722
l 722 723
l 723 724
l 724 725
l 725 726
l 726 727
l 727 728
l 728 729
l 729 730
l 730 731
l 731 732
l 732 733
l 733 734
l 734 735
l 735 736
l 736 737
l 737 738
l 738 739
l 739 740
l 740 741
l 741 742
l 742 743
l 743 744
l 744 721
l 745 746
l 746 747
l 747 748
l 748 749
l 749 750
l 750 751
l 751 752
l 752 753
l 753 754
l 754 755
l 755 756
l 756 757
l 757 758
l 758 759
l 759 760
l 760 761
l 761 762
l 762 763
l 763 764
l 764 765
l 765 766
l 766 767
l 767 768
l 768 745
l 769 770
l 770 771
l 771 772
l 772 773
l 773 774
l 774 775
l 775 776
l 776 777
l 777 778
l 778 779
l 779 780
l 780 781
l 781 782
l 782 783
l 783 784
l 784 785
l 785 786
l 786 787
l 787 788
l 788 789
l 789 790
l 790 791
l 791 792
l 792 769
l 793 794
l 794 795
l 795 796
l 796 797
l 797 798
l 798 799
l 799 800
l 800 801
l 801 802
l 802 803
l 803 804
l 804 805
l 805 806
l 806 807
l 807 808
l 808 809
l 809 810
l 810 811
l 811 812
l 812 813
l 813 814
l 814 815
l 815 816
l 816 793
l 817 818
l 818 819
l 819 820
l 820 821
l 821 822
l 822 823
l 823 824
l 824 825
l 825 826
l 826 827
l 827 828
l 828 829
l 829 830
l 830 831
l 831 832
l 832 833
l 833 834
l 834 835
l 835 836
l 836 837
l 837 838
l 838 839
l 839 840
l 840 817
l 841 842
l 842 843
l 843 844
l 844 845
l 845 846
l 846 847
l 847 848
l 848 849
l 849 850
l 850 851
l 851 852
l 852 853
l 853 854
l 854 855
l 855 856
l 856 857
l 857 858
l 858 859
l 859 860
l 860 861
l 861 862
l 862 863
l 863 864
l 864 841
l 865 866
l 866 867
l 867 868
l 868 869
l 869 870
l 870 871
l 871 872
l 872 873
l 873 874
l 874 875
l 875 876
l 876 877
l 877 878
l 878 879
l 879 880
l 880 881
l 881 882
l 882 883
l 883 884
l 884 885
l 885 886
l 886 887
l 887 888
l 888 865
l 889 890
l 890 891
l 891 892
l 892 893
l 893 894
l 894 895
l 895 896
l 896 897
l 897 898
l 898 899
l 899 900
l 900 901
l 901 902
l 902 903
l 903 904
l 904 905
l 905 906
l 906 907
l 907 908
l 908 909
l 909 910
l 910 911
l 911 912
l 912 889
l 913 914
l 914 915
l 915 916
l 916 917
l 917 918
l 918 919
l 919 920
l 920 921
l 921 922
l 922 923
l 923 924
l 924 925
l 925 926
l 926 927
l 927 928
l 928 929
l 929 930
l 930 931
l 931 932
l 932 933
l 933 934
l 934 935
l 935 936
l 936 913
l 937 938
l 938 939
l 939 940
l 940 941
l 941 942
l 942 943
l 943 944
l 944 945
l 945 946
l 946 947
l 947 948
l 948 949
l 949 950
l 950 951
l 951 952
l 952 953
l 953 954
l 954 955
l 955 956
l 956 957
l 957 958
l 958 959
l 959 960
l 960 937
l 961 962
l 962 963
l 963 964
l 964 965
l 965 966
l 966 967
l 967 968
l 968 969
l 969 970
l 970 971
l 971 972
l 972 973
l 973 974
l 974 975
l 975 976
l 976 977
l 977 978
l 978 979
l 979 980
l 980 981
l 981 982
l 982 983
l 983 984
l 984 961
l 985 986
l 986 987
l 987 988
l 988 989
l 989 990
l 990 991
l 991 992
l 992 993
l 993 994
l 994 995
l 995 996
l 996 997
l 997 998
l 998 999
l 999 1000
l 1000 1001
l 1001 1002
l 1002 1003
l 1003 1004
l 1004 1005
l 1005 1006
l 1006 1007
l 1007 1008
l 1008 985
l 1009 1010
l 1010 1011
l 1011 1012
l 1012 1013
l 1013 1014
l 1014 1015
l 1015 1016
l 1016 1017
l 1017 1018
l 1018 1019
l 1019 1020
l 1020 1021
l 1021 1022
l 1022 1023
l 1023 1024
l 1024 1025
l 1025 1026
l 1026 1027
l 1027 1028
l 1028 1029
l 1029 1030
l 1030 1031
l 1031 1032
l 1032 1009
l 1033 1034
l 1034 1035
l 1035 1036
l 1036 1037
l 1037 1038
l 1038 1039
l 1039 1040
l 1040 1041
l 1041 1042
l 1042 1043
l 1043 1044
l 1044 1045
l 1045 1046
l 1046 1047
l 1047 1048
l 1048 1049
l 1049 1050
l 1050 1051
l 1051 1052
l 1052 1053
l 1053 1054
l 1054 1055
l 1055 1056
l 1056 1033
l 1057 1058
l 1058 1059
l 1059 1060
l 1060 1061
l 1061 1062
l 1062 1063
l 1063 1064
l 1064 1065
l 1065 1066
l 1066 1067
l 1067 1068
l 1068 1069
l 1069 1070
l 1070 1071
l 1071 1072
l 1072 1073
l 1073 1074
l 1074 1075
l 1075 1076
l 1076 1077
l 1077 1078
l 1078 1079
l 1079 1080
l 1080 1057
l 1081 1082
l 1082 1083
l 1083 1084
l 1084 1085
l 1085 1086
l 1086 1087
l 1087 1088
l 1088 1089
l 1089 1090
l 1090 1091
l 1091 1092
l 1092 1093
l 1093 1094
l 1094 1095
l 1095 1096
l 1096 1097
l 1097 1098
l 1098 1099
l 1099 1100
l 1100 1101
l 1101 1102
l 1102 1103
l 1103 1104
l 1104 1081
l 1105 1106
l 1106 1107
l 1107 1108
l 1108 1109
l 1109 1110
l 1110 1111
l 1111 1112
l 1112 1113
l 1113 1114
l 1114 1115
l 1115 1116
l 1116 1117
l 1117 1118
l 1118 1119
l 1119 1120
l 1120 1121
l 1121 1122
l 1122 1123
l 1123 1124
l 1124 1125
l 1125 1126
l 1126 1127
l 1127 1128
l 1128 1105
l 1129 1130
l 1130 1131
l 1131 1132
l 1132 1133
l 1133 1134
l 1134 1135
l 1135 1136
l 1136 1137
l 1137 1138
l 1138 1139
l 1139 1140
l 1140 1141
l 1141 1142
l 1142 1143
l 1143 1144
l 1144 1145
l 1145 1146
l 1146 1147
l 1147 1148
l 1148 1149
l 1149 1150
l 1150 1151
l 1151 1152
l 1152 1129
l 1153 1154
l 1154 1155
l 1155 1156
l 1156 1157
l 1157 1158
l 1158 1159
l 1159 1160
l 1160 1161
l 1161 1162
l 1162 1163
l 1163 1164
l 1164 1165
l 1165 1166
l 1166 1167
l 1167 1168
l 1168 1169
l 1169 1170
l 1170 1171
l 1171 1172
l 1172 1173
l 1173 1174
l 1174 1175
l 1175 1176
l 1176 1153
l 1177 1178
l 1178 1179
l 1179 1180
l 1180 1181
l 1181 1182
l 1182 1183
l 1183 1184
l 1184 1185
l 1185 1186
l 1186 1187
l 1187 1188
l 1188 1189
l 1189 1190
l 1190 1191
l 1191 1192
l 1192 1193
l 1193 1194
l 1194 1195
l 1195 1196
l 1196 1197
l 1197 1198
l 1198 1199
l 1199 1200
l 1200 1177
l 1201 1202
l 1202 1203
l 1203 1204
l 1204 1205
l 1205 1206
l 1206 1207
l 1207 1208
l 1208 1209
l 1209 1210
l 1210 1211
l 1211 1212
l 1212 1213
l 1213 1214
l 1214 1215
l 1215 1216
l 1216 1217
l 1217 1218
l 1218 1219
l 1219 1220
l 1220 1221
l 1221 1222
l 1222 1223
l 1223 1224
l 1224 1201
l 1225 1226
l 1226 1227
l 1227 1228
l 1228 1229
l 1229 1230
l 1230 1231
l 1231 1232
l 1232 1233
l 1233 1234
l 1234 1235
l 1235 1236
l 1236 1237
l 1237 1238
l 1238 1239
l 1239 1240
l 1240 1241
l 1241 1242
l 1242 1243
l 1243 1244
l 1244 1245
l 1245 1246
l 1246 1247
l 1247 1248
l 1248 1225
l 1249 1250
l 1250 1251
l 1251 1252
l 1252 1253
l 1253 1254
l 1254 1255
l 1255 1256
l 1256 1257
l 1257 1258
l 1258 1259
l 1259 1260
l 1260 1261
l 1261 1262
l 1262 1263
l 1263 1264
l 1264 1265
l 1265 1266
l 1266 1267
l 1267 1268
l 1268 1269
l 1269 1270
l 1270 1271
l 1271 1272
l 1272 1249
l 1273 1274
l 1274 1275
l 1275 1276
l 1276 1277
l 1277 1278
l 1278 1279
l 1279 1280
l 1280 1281
l 1281 1282
l 1282 1283
l 1283 1284
l 1284 1285
l 1285 1286
l 1286 1287
l 1287 1288
l 1288 1289
l 1289 1290
l 1290 1291
l 1291 1292
l 1292 1293
l 1293 1294
l 1294 1295
l 1295 1296
l 1296 1273
l 1297 1298
l 1298 1299
l 1299 1300
l 1300 1301
l 1301 1302
l 1302 1303
l 1303 1304
l 1304 1305
l 1305 1306
l 1306 1307
l 1307 1308
l 1308 1309
l 1309 1310
l 1310 1311
l 1311 1312
l 1312 1313
l 1313 1314
l 1314 1315
l 1315 1316
l 1316 1317
l 1317 1318
l 1318 1319
l 1319 1320
l 1320 1297
l 1321 1322
l 1322 1323
l 1323 1324
l 1324 1325
l 1325 1326
l 1326 1327
l 1327 1328
l 1328 1329
l 1329 1330
l 1330 1331
l 1331 1332
l 1332 1333
l 1333 1334
l 1334 1335
l 1335 1336
l 1336 1337
l 1337 1338
l 1338 1339
l 1339 1340
l 1340 1341
l 1341 1342
l 1342 1343
l 1343 1344
l 1344 1321
l 1345 1346
l 1346 1347
l 1347 1348
l 1348 1349
l 1349 1350
l 1350 1351
l 1351 1352
l 1352 1353
l 1353 1354
l 1354 1355
l 1355 1356
l 1356 1357
l 1357 1358
l 1358 1359
l 1359 1360
l 1360 1361
l 1361 1362
l 1362 1363
l 1363 1364
l 1364 1365
l 1365 1366
l 1366 1367
l 1367 1368
l 1368 1345
l 1369 1370
l 1370 1371
l 1371 1372
l 1372 1373
l 1373 1374
l 1374 1375
l 1375 1376
l 1376 1377
l 1377 1378
l 1378 1379
l 1379 1380
l 1380 1381
l 1381 1382
l 1382 1383
l 1383 1384
l 1384 1385
l 1385 1386
l 1386 1387
l 1387 1388
l 1388 1389
l 1389 1390
l 1390 1391
l 1391 1392
l 1392 1369
l 1393 1394
l 1394 1395
l 1395 1396
l 1396 1397
l 1397 1398
l 1398 1399
l 1399 1400
l 1400 1401
l 1401 1402
l 1402 1403
l 1403 1404
l 1404 1405
l 1405 1406
l 1406 1407
l 1407 1408
l 1408 1409
l 1409 1410
l 1410 1411
l 1411 1412
l 1412 1413
l 1413 1414
l 1414 1415
l 1415 1416
l 1416 1393
l 1417 1418
l 1418 1419
l 1419 1420
l 1420 1421
l 1421 1422
l 1422 1423
l 1423 1424
l 1424 1425
l 1425 1426
l 1426 1427
l 1427 1428
l 1428 1429
l 1429 1430
l 1430 1431
l 1431 1432
l 1432 1433
l 1433 1434
l 1434 1435
l 1435 1436
l 1436 1437
l 1437 1438
l 1438 1439
l 1439 1440
l 1440 1417
l 1441 1442
l 1442 1443
l 1443 1444
l 1444 1445
l 1445 1446
l 1446 1447
l 1447 1448
l 1448 1449
l 1449 1450
l 1450 1451
l 1451 1452
l 1452 1453
l 1453 1454
l 1454 1455
l 1455 1456
l 1456 1457
l 1457 1458
l 1458 1459
l 1459 1460
l 1460 1461
l 1461 1462
l 1462 1463
l 1463 1464
l 1464 1441
l 1465 1466
l 1466 1467
l 1467 1468
l 1468 1469
l 1469 1470
l 1470 1471
l 1471 1472
l 1472 1473
l 1473 1474
l 1474 1475
l 1475 1476
l 1476 1477
l 1477 1478
l 1478 1479
l 1479 1480
l 1480 1481
l 1481 1482
l 1482 1483
l 1483 1484
l 1484 1485
l 1485 1486
l 1486 1487
l 1487 1488
l 1488 1465
l 1489 1490
l 1490 1491
l 1491 1492
l 1492 1493
l 1493 1494
l 1494 1495
l 1495 1496
l 1496 1497
l 1497 1498
l 1498 1499
l 1499 1500
l 1500 1501
l 1501 1502
l 1502 1503
l 1503 1504
l 1504 1505
l 1505 1506
l 1506 1507
l 1507 1508
l 1508 1509
l 1509 1510
l 1510 1511
l 1511 1512
l 1512 1489
l 1513 1514
l 1514 1515
l 1515 1516
l 1516 1517
l 1517 1518
l 1518 1519
l 1519 1520
l 1520 1521
l 1521 1522
l 1522 1523
l 1523 1524
l 1524 1525
l 1525 1526
l 1526 1527
l 1527 1528
l 1528 1529
l 1529 1530
l 1530 1531
l 1531 1532
l 1532 1533
l 1533 1534
l 1534 1535
l 1535 1536
l 1536 1513
l 1537 1538
l 1538 1539
l 1539 1540
l 1540 1541
l 1541 1542
l 1542 1543
l 1543 1544
l 1544 1545
l 1545 1546
l 1546 1547
l 1547 1548
l 1548 1549
l 1549 1550
l 1550 1551
l 1551 1552
l 1552 1553
l 1553 1554
l 1554 1555
l 1555 1556
l 1556 1557
l 1557 1558
l 1558 1559
l 1559 1560
l 1560 1537
l 1561 1562
l 1562 1563
l 1563 1564
l 1564 1565
l 1565 1566
l 1566 1567
l 1567 1568
l 1568 1569
l 1569 1570
l 1570 1571
l 1571 1572
l 1572 1573
l 1573 1574
l 1574 1575
l 1575 1576
l 1576 1577
l 1577 1578
l 1578 1579
l 1579 1580
l 1580 1581
l 1581 1582
l 1582 1583
l 1583 1584
l 1584 1561
l 1585 1586
l 1586 1587
l 1587 1588
l 1588 1589
l 1589 1590
l 1590 1591
l 1591 1592
l 1592 1593
l 1593 1594
l 1594 1595
l 1595 1596
l 1596 1597
l 1597 1598
l 1598 1599
l 1599 1600
l 1600 1601
l 1601 1602
l 1602 1603
l 1603 1604
l 1604 1605
l 1605 1606
l 1606 1607
l 1607 1608
l 1608 1585
l 1609 1610
l 1610 1611
l 1611 1612
l 1612 1613
l 1613 1614
l 1614 1615
l 1615 1616
l 1616 1617
l 1617 1618
l 1618 1619
l 1619 1620
l 1620 1621
l 1621 1622
l 1622 1623
l 1623 1624
l 1624 1625
l 1625 1626
l 1626 1627
l 1627 1628
l 1628 1629
l 1629 1630
l 1630 1631
l 1631 1632
l 1632 1609
l 1633 1634
l 1634 1635
l 1635 1636
l 1636 1637
l 1637 1638
l 1638 1639
l 1639 1640
l 1640 1641
l 1641 1642
l 1642 1643
l 1643 1644
l 1644 1645
l 1645 1646
l 1646 1647
l 1647 1648
l 1648 1649
l 1649 1650
l 1650 1651
l 1651 1652
l 1652 1653
l 1653 1654
l 1654 1655
l 1655 1656
l 1656 1633
l 1657 1658
l 1658 1659
l 1659 1660
l 1660 1661
l 1661 1662
l 1662 1663
l 1663 1664
l 1664 1665
l 1665 1666
l 1666 1667
l 1667 1668
l 1668 1669
l 1669 1670
l 1670 1671
l 1671 1672
l 1672 1673
l 1673 1674
l 1674 1675
l 1675 1676
l 1676 1677
l 1677 1678
l 1678 1679
l 1679 1680
l 1680 1657
l 1681 1682
l 1682 1683
l 1683 1684
l 1684 1685
l 1685 1686
l 1686 1687
l 1687 1688
l 1688 1689
l 1689 1690
l 1690 1691
l 1691 1692
l 1692 1693
l 1693 1694
l 1694 1695
l 1695 1696
l 1696 1697
l 1697 1698
l 1698 1699
l 1699 1700
l 1700 1701
l 1701 1702
l 1702 1703
l 1703 1704
l 1704 1681
l 1705 1706
l 1706 1707
l 1707 1708
l 1708 1709
l 1709 1710
l 1710 1711
l 1711 1712
l 1712 1713
l 1713 1714
l 1714 1715
l 1715 1716
l 1716 1717
l 1717 1718
l 1718 1719
l 1719 1720
l 1720 1721
l 1721 1722
l 1722 1723
l 1723 1724
l 1724 1725
l 1725 1726
l 1726 1727
l 1727 1728
l 1728 1705
l 1729 1730
l 1730 1731
l 1731 1732
l 1732 1733
l 1733 1734
l 1734 1735
l 1735 1736
l 1736 1737
l 1737 1738
l 1738 1739
l 1739 1740
l 1740 1741
l 1741 1742
l 1742 1743
l 1743 1744
l 1744 1745
l 1745 1746
l 1746 1747
l 1747 1748
l 1748 1749
l 1749 1750
l 1750 1751
l 1751 1752
l 1752 1729
l 1753 1754
l 1754 1755
l 1755 1756
l 1756 1757
l 1757 1758
l 1758 1759
l 1759 1760
l 1760 1761
l 1761 1762
l 1762 1763
l 1763 1764
l 1764 1765
l 1765 1766
l 1766 1767
l 1767 1768
l 1768 1769
l 1769 1770
l 1770 1771
l 1771 1772
l 1772 1773
l 1773 1774
l 1774 1775
l 1775 1776
l 1776 1753
l 1777 1778
l 1778 1779
l 1779 1780
l 1780 1781
l 1781 1782
l 1782 1783
l 1783 1784
l 1784 1785
l 1785 1786
l 1786 1787
l 1787 1788
l 1788 1789
l 1789 1790
l 1790 1791
l 1791 1792
l 1792 1793
l 1793 1794
l 1794 1795
l 1795 1796
l 1796 1797
l 1797 1798
l 1798 1799
l 1799 1800
l 1800 1777
l 1801 1802
l 1802 1803
l 1803 1804
l 1804 1805
l 1805 1806
l 1806 1807
l 1807 1808
l 1808 1809
l 1809 1810
l 1810 1811
l 1811 1812
l 1812 1813
l 1813 1814
l 1814 1815
l 1815 1816
l 1816 1817
l 1817 1818
l 1818 1819
l 1819 1820
l 1820 1821
l 1821 1822
l 1822 1823
l 1823 1824
l 1824 1801
l 1825 1826
l 1826 1827
l 1827 1828
l 1828 1829
l 1829 1830
l 1830 1831
l 1831 1832
l 1832 1833
l 1833 1834
l 1834 1835
l 1835 1836
l 1836 1837
l 1837 1838
l 1838 1839
l 1839 1840
l 1840 1841
l 1841 1842
l 1842 1843
l 1843 1844
l 1844 1845
l 1845 1846
l 1846 1847
l 1847 1848
l 1848 1825
l 1849 1850
l 1850 1851
l 1851 1852
l 1852 1853
l 1853 1854
l 1854 1855
l 1855 1856
l 1856 1857
l 1857 1858
l 1858 1859
l 1859 1860
l 1860 1861
l 1861 1862
l 1862 1863
l 1863 1864
l 1864 1865
l 1865 1866
l 1866 1867
l 1867 1868
l 1868 1869
l 1869 1870
l 1870 1871
l 1871 1872
l 1872 1849
l 1873 1874
l 1874 1875
l 1875 1876
l 1876 1877
l 1877 1878
l 1878 1879
l 1879 1880
l 1880 1881
l 1881 1882
l 1882 1883
l 1883 1884
l 1884 1885
l 1885 1886
l 1886 1887
l 1887 1888
l 1888 1889
l 1889 1890
l 1890 1891
l 1891 1892
l 1892 1893
l 1893 1894
l 1894 1895
l 1895 1896
l 1896 1873
l 1897 1898
l 1898 1899
l 1899 1900
l 1900 1901
l 1901 1902
l 1902 1903
l 1903 1904
l 1904 1905
l 1905 1906
l 1906 1907
l 1907 1908
l 1908 1909
l 1909 1910
l 1910 1911
l 1911 1912
l 1912 1913
l 1913 1914
l 1914 1915
l 1915 1916
l 1916 1917
l 1917 1918
l 1918 1919
l 1919 1920
l 1920 1897
l 1921 1922
l 1922 1923
l 1923 1924
l 1924 1925
l 1925 1926
l 1926 1927
l 1927 1928
l 1928 1929
l 1929 1930
l 1930 1931
l 1931 1932
l 1932 1933
l 1933 1934
l 1934 1935
l 1935 1936
l 1936 1937
l 1937 1938
l 1938 1939
l 1939 1940
l 1940 1941
l 1941 1942
l 1942 1943
l 1943 1944
l 1944 1921
l 1945 1946
l 1946 1947
l 1947 1948
l 1948 1949
l 1949 1950
l 1950 1951
l 1951 1952
l 1952 1953
l 1953 1954
l 1954 1955
l 1955 1956
l 1956 1957
l 1957 1958
l 1958 1959
l 1959 1960
l 1960 1961
l 1961 1962
l 1962 1963
l 1963 1964
l 1964 1965
l 1965 1966
l 1966 1967
l 1967 1968
l 1968 1945
l 1969 1970
l 1970 1971
l 1971 1972
l 1972 1973
l 1973 1974
l 1974 1975
l 1975 1976
l 1976 1977
l 1977 1978
l 1978 1979
l 1979 1980
l 1980 1981
l 1981 1982
l 1982 1983
l 1983 1984
l 1984 1985
l 1985 1986
l 1986 1987
l 1987 1988
l 1988 1989
l 1989 1990
l 1990 1991
l 1991 1992
l 1992 1969
l 1993 1994
l 1994 1995
l 1995 1996
l 1996 1997
l 1997 1998
l 1998 1999
l 1999 2000
l 2000 2001
l 2001 2002
l 2002 2003
l 2003 2004
l 2004 2005
l 2005 2006
l 2006 2007
l 2007 2008
l 2008 2009
l 2009 2010
l 2010 2011
l 2011 2012
l 2012 2013
l 2013 2014
l 2014 2015
l 2015 2016
l 2016 1993
l 2017 2018
l 2018 2019
l 2019 2020
l 2020 2021
l 2021 2022
l 2022 2023
l 2023 2024
l 2024 2025
l 2025 2026
l 2026 2027
l 2027 2028
l 2028 2029
l 2029 2030
l 2030 2031
l 2031 2032
l 2032 2033
l 2033 2034
l 2034 2035
l 2035 2036
l 2036 2037
l 2037 2038
l 2038 2039
l 2039 2040
l 2040 2017
l 2044 2056
l 2045 2057
l 2046 2058
l 2047 2059
l 2048 2060
l 2049 2061
l 2050 2062
l 2051 2063
l 2052 2064
l 2053 2065
l 2056 2068
l 2057 2069
l 2058 2070
l 2059 2071
l 2060 2072
l 2061 2073
l 2062 2074
l 2063 2075
l 2064 2076
l 2065 2077
l 2068 2080
l 2069 2081
l 2070 2082
l 2071 2083
l 2072 2084
l 2073 2085
l 2074 2086
l 2075 2087
l 2076 2088
l 2077 2089
l 2080 2092
l 2081 2093
l 2082 2094
l 2083 2095
l 2084 2096
l 2085 2097
l 2086 2098
l 2087 2099
l 2088 2100
l 2089 2101
l 2092 2104
l 2093 2105
l 2094 2106
l 2095 2107
l 2096 2108
l 2097 2109
l 2098 2110
l 2099 2111
l 2100 2112
l 2101 2113
l 2104 2116
l 2105 2117
l 2106 2118
l 2107 2119
l 2108 2120
l 2109 2121
l 2110 2122
l 2111 2123
l 2112 2124
l 2113 2125
l 2116 2128
l 2117 2129
l 2118 2130
l 2119 2131
l 2120 2132
l 2121 2133
l 2122 2134
l 2123 2135
l 2124 2136
l 2125 2137
l 2128 2140
l 2129 2141
l 2130 2142
l 2131 2143
l 2132 2144
l 2133 2145
l 2134 2146
l 2135 2147
l 2136 2148
l 2137 2149
l 2140 2152
l 2141 2153
l 2142 2154
l 2143 2155
l 2144 2156
l 2145 2157
l 2146 2158
l 2147 2159
l 2148 2160
l 2149 2161
l 2152 2164
l 2153 2165
l 2154 2166
l 2155 2167
l 2156 2168
l 2157 2169
l 2158 2170
l 2159 2171
l 2160 2172
l 2161 2173
l 2164 2176
l 2165 2177
l 2166 2178
l 2167 2179
l 2168 2180
l 2169 2181
l 2170 2182
l 2171 2183
l 2172 2184
l 2173 2185
l 2176 2188
l 2177 2189
l 2178 2190
l 2179 2191
l 2180 2192
l 2181 2193
l 2182 2194
l 2183 2195
l 2184 2196
l 2185 2197
l 2188 2200
l 2189 2201
l 2190 2202
l 2191 2203
l 2192 2204
l 2193 2205
l 2194 2206
l 2195 2207
l 2196 2208
l 2197 2209
l 2200 2212
l 2201 2213
l 2202 2214
l 2203 2215
l 2204 2216
l 2205 2217
l 2206 2218
l 2207 2219
l 2208 2220
l 2209 2221
l 2212 2224
l 2213 2225
l 2214 2226
l 2215 2227
l 2216 2228
l 2217 2229
l 2218 2230
l 2219 2231
l 2220 2232
l 2221 2233
l 2224 2236
l 2225 2237
l 2226 2238
l 2227 2239
l 2228 2240
l 2229 2241
l 2230 2242
l 2231 2243
l 2232 2244
l 2233 2245
l 2236 2248
l 2237 2249
l 2238 2250
l 2239 2251
l 2240 2252
l 2241 2253
l 2242 2254
l 2243 2255
l 2244 2256
l 2245 2257
l 2248 2260
l 2249 2261
l 2250 2262
l 2251 2263
l 2252 2264
l 2253 2265
l 2254 2266
l 2255 2267
l 2256 2268
l 2257 2269
l 2260 2272
l 2261 2273
l 2262 2274
l 2263 2275
l 2264 2276
l 2265 2277
l 2266 2278
l 2267 2279
l 2268 2280
l 2269 2281
l 2272 2284
l 2273 2285
l 2274 2286
l 2275 2287
l 2276 2288
l 2277 2289
l 2278 2290
l 2279 2291
l 2280 2292
l 2281 2293
l 2284 2296
l 2285 2297
l 2286 2298
l 2287 2299
l 2288 2300
l 2289 2301
l 2290 2302
l 2291 2303
l 2292 2304
l 2293 2305
l 2296 2308
l 2297 2309
l 2298 2310
l 2299 2311
l 2300 2312
l 2301 2313
l 2302 2314
l 2303 2315
l 2304 2316
l 2305 2317
l 2308 2320
l 2309 2321
l 2310 2322
l 2311 2323
l 2312 2324
l 2313 2325
l 2314 2326
l 2315 2327
l 2316 2328
l 2317 2329
l 2320 2332
l 2321 2333
l 2322 2334
l 2323 2335
l 2324 2336
l 2325 2337
l 2326 2338
l 2327 2339
l 2328 2340
l 2329 2341
l 2332 2344
l 2333 2345
l 2334 2346
l 2335 2347
l 2336 2348
l 2337 2349
l 2338 2350
l 2339 2351
l 2340 2352
l 2341 2353
l 2344 2356
l 2345 2357
l 2346 2358
l 2347 2359
l 2348 2360
l 2349 2361
l 2350 2362
l 2351 2363
l 2352 2364
l 2353 2365
l 2356 2368
l 2357 2369
l 2358 2370
l 2359 2371
l 2360 2372
l 2361 2373
l 2362 2374
l 2363 2375
l 2364 2376
l 2365 2377
l 2368 2380
l 2369 2381
l 2370 2382
l 2371 2383
l 2372 2384
l 2373 2385
l 2374 2386
l 2375 2387
l 2376 2388
l 2377 2389
l 2380 2392
l 2381 2393
l 2382 2394
l 2383 2395
l 2384 2396
l 2385 2397
l 2386 2398
l 2387 2399
l 2388 2400
l 2389 2401
l 2392 2404
l 2393 2405
l 2394 2406
l 2395 2407
l 2396 2408
l 2397 2409
l 2398 2410
l 2399 2411
l 2400 2412
l 2401 2413
l 2404 2416
l 2405 2417
l 2406 2418
l 2407 2419
l 2408 2420
l 2409 2421
l 2410 2422
l 2411 2423
l 2412 2424
l 2413 2425
l 2416 2428
l 2417 2429
l 2418 2430
l 2419 2431
l 2420 2432
l 2421 2433
l 2422 2434
l 2423 2435
l 2424 2436
l 2425 2437
l 2428 2440
l 2429 2441
l 2430 2442
l 2431 2443
l 2432 2444
l 2433 2445
l 2434 2446
l 2435 2447
l 2436 2448
l 2437 2449
l 2440 2452
l 2441 2453
l 2442 2454
l 2443 2455
l 2444 2456
l 2445 2457
l 2446 2458
l 2447 2459
l 2448 2460
l 2449 2461
l 2452 2464
l 2453 2465
l 2454 2466
l 2455 2467
l 2456 2468
l 2457 2469
l 2458 2470
l 2459 2471
l 2460 2472
l 2461 2473
l 2464 2476
l 2465 2477
l 2466 2478
l 2467 2479
l 2468 2480
l 2469 2481
l 2470 2482
l 2471 2483
l 2472 2484
l 2473 2485
l 2476 2488
l 2477 2489
l 2478 2490
l 2479 2491
l 2480 2492
l 2481 2493
l 2482 2494
l 2483 2495
l 2484 2496
l 2485 2497
l 2488 2500
l 2489 2501
l 2490 2502
l 2491 2503
l 2492 2504
l 2493 2505
l 2494 2506
l 2495 2507
l 2496 2508
l 2497 2509
l 2500 2512
l 2501 2513
l 2502 2514
l 2503 2515
l 2504 2516
l 2505 2517
l 2506 2518
l 2507 2519
l 2508 2520
l 2509 2521
l 2512 2524
l 2513 2525
l 2514 2526
l 2515 2527
l 2516 2528
l 2517 2529
l 2518 2530
l 2519 2531
l 2520 2532
l 2521 2533
l 2524 2536
l 2525 2537
l 2526 2538
l 2527 2539
l 2528 2540
l 2529 2541
l 2530 2542
l 2531 2543
l 2532 2544
l 2533 2545
l 2536 2548
l 2537 2549
l 2538 2550
l 2539 2551
l 2540 2552
l 2541 2553
l 2542 2554
l 2543 2555
l 2544 2556
l 2545 2557
l 2548 2560
l 2549 2561
l 2550 2562
l 2551 2563
l 2552 2564
l 2553 2565
l 2554 2566
l 2555 2567
l 2556 2568
l 2557 2569
l 2560 2572
l 2561 2573
l 2562 2574
l 2563 2575
l 2564 2576
l 2565 2577
l 2566 2578
l 2567 2579
l 2568 2580
l 2569 2581
l 2572 2584
l 2573 2585
l 2574 2586
l 2575 2587
l 2576 2588
l 2577 2589
l 2578 2590
l 2579 2591
l 2580 2592
l 2581 2593
l 2584 2596
l 2585 2597
l 2586 2598
l 2587 2599
l 2588 2600
l 2589 2601
l 2590 2602
l 2591 2603
l 2592 2604
l 2593 2605
l 2596 2608
l 2597 2609
l 2598 2610
l 2599 2611
l 2600 2612
l 2601 2613
l 2602 2614
l 2603 2615
l 2604 2616
l 2605 2617
l 2608 2620
l 2609 2621
l 2610 2622
l 2611 2623
l 2612 2624
l 2613 2625
l 2614 2626
l 2615 2627
l 2616 2628
l 2617 2629
l 2620 2632
l 2621 2633
l 2622 2634
l 2623 2635
l 2624 2636
l 2625 2637
l 2626 2638
l 2627 2639
l 2628 2640
l 2629 2641
l 2632 2644
l 2633 2645
l 2634 2646
l 2635 2647
l 2636 2648
l 2637 2649
l 2638 2650
l 2639 2651
l 2640 2652
l 2641 2653
l 2644 2656
l 2645 2657
l 2646 2658
l 2647 2659
l 2648 2660
l 2649 2661
l 2650 2662
l 2651 2663
l 2652 2664
l 2653 2665
l 2656 2668
l 2657 2669
l 2658 2670
l 2659 2671
l 2660 2672
l 2661 2673
l 2662 2674
l 2663 2675
l 2664 2676
l 2665 2677
l 2322 782
l 2323 783
l 2326 950
l 2327 951
l 2394 792
l 2395 791
l 2398 960
l 2399 959
l 2680 1735
l 2681 1735
l 2682 1855
l 2683 1855
l 2680 1735
l 2681 1735
l 2682 1855
l 2683 1855
l 2806 1663
l 2807 1663
l 2808 1806
l 2809 1808
l 2859 2239
l 2859 2243
l 2860 2479
l 2860 2483
