#format: frame checksums
#version: 2
#hash: MD5
#software: Lavf62.12.101
#tb 0: 1/24
#media_type 0: video
#codec_id 0: rawvideo
#dimensions 0: 1920x1080
#sar 0: 1/1
#stream#, dts,        pts, duration,     size, hash
0,          0,          0,        1,  3110400, 2aac51f91718ffab7fb08c592e9d5e0a
0,          1,          1,        1,  3110400, c2964007b633d95ea35780f546aa6a1b
0,          2,          2,        1,  3110400, 5d31df2f573ac36ca79ad78e8d862b9d
0,          3,          3,        1,  3110400, 4b6020a930c7c1e15c33555a6ba05ce6
0,          4,          4,        1,  3110400, 2f3d6b16272a2d8db88bd10407e115ea
0,          5,          5,        1,  3110400, 04451b945ad5c02f0632ea2a770f4f8f
0,          6,          6,        1,  3110400, d544db07dd03d87bf03af1bb96796acd
0,          7,          7,        1,  3110400, 8df13d4ce5b789b44b00398ca9002b2d
0,          8,          8,        1,  3110400, 6bc5da85c7e3f16e798b44753096cabd
0,          9,          9,        1,  3110400, 1f95a697faa41bcf8b44492e26d58abd
0,         10,         10,        1,  3110400, 8f213ef2c858aa9aaff03a18ec98644b
0,         11,         11,        1,  3110400, 108d155cce0f7b141e95ced000e33df8
0,         12,         12,        1,  3110400, 677fa4e998d3cbe7d9ad91fabea8098b
0,         13,         13,        1,  3110400, ed3a706654fbcf484809164190b10ea6
0,         14,         14,        1,  3110400, 0986fbef25fa29726c39316bcb2ceb6d
0,         15,         15,        1,  3110400, 9cea812e097ef63af1ab8999da18d3a8
0,         16,         16,        1,  3110400, 9b213f2cafeb4914a4a4a89cc771c433
0,         17,         17,        1,  3110400, 8ba88491a92be40878fb1c09f2f73df6
0,         18,         18,        1,  3110400, 35c9bd93d46bb43bbb1ca97da23ddf83
0,         19,         19,        1,  3110400, ab54fc6ea321e73fc1503998255f2ebd
0,         20,         20,        1,  3110400, 0895c023378cfd42747274971bfe08d8
0,         21,         21,        1,  3110400, 065a9b262049ddc42e8afa4da0883d40
0,         22,         22,        1,  3110400, 0062067cc36a66859512461a34774324
0,         23,         23,        1,  3110400, 0f41ab17027bebdb5d6767c7b29db073
0,         24,         24,        1,  3110400, a5310e6e306f9089d24dc94ce1a93e52
0,         25,         25,        1,  3110400, 665a38fd6e65a2d70f0b9afcd62d6e4d
0,         26,         26,        1,  3110400, 6bfd904adccc26ffd261d827f130c066
0,         27,         27,        1,  3110400, 8af27e793a3bffc2eab613f0b3e2902b
0,         28,         28,        1,  3110400, 8d91b1c73d98ceb2bed2fd54143a8aec
0,         29,         29,        1,  3110400, 87e0313ec48b18bf1fe005a91ae2a95b
0,         30,         30,        1,  3110400, f48ddf05691df73e29455dddd80caf10
0,         31,         31,        1,  3110400, a4b366278aa1cc5acb46fec23d616b39
0,         32,         32,        1,  3110400, 02015d9d708fceb6c6ac59f61bd1524f
0,         33,         33,        1,  3110400, 9176c2fa30fed6678aa82c1689a17400
0,         34,         34,        1,  3110400, c26958034c23007a6f2ab49e8ae3d549
0,         35,         35,        1,  3110400, b73060cf364b72ed2d68dceff75acbbd
0,         36,         36,        1,  3110400, 9c9e5d179ac49aaf24fced3eb3574044
0,         37,         37,        1,  3110400, 450b84429242b557c7b86cab2ab41b4c
0,         38,         38,        1,  3110400, 44470f6f97546fb5ad12df8202551a21
0,         39,         39,        1,  3110400, 49d3066d998a2041b4e644d452355c25
0,         40,         40,        1,  3110400, 7ede835741ffb4ca9128ea582e5b2455
0,         41,         41,        1,  3110400, 9112ccd0720945309b39bba7112edf41
0,         42,         42,        1,  3110400, 1164722a63bca289a36b83002e6c6ef7
0,         43,         43,        1,  3110400, 07827ef30a8749e90a1918f20d79df2a
0,         44,         44,        1,  3110400, 0ba96259673f80c91143b4c96ee72e20
0,         45,         45,        1,  3110400, bc32d547e4c1e2467d61dab5cf1771a1
0,         46,         46,        1,  3110400, 58f1262c0a8496ba56c0b3ffa4eca122
0,         47,         47,        1,  3110400, 3dd07e7ccd3431ed7584589ec43187a3
0,         48,         48,        1,  3110400, 9982e65f4846a39b3101f1c3f77a75d0
0,         49,         49,        1,  3110400, 58dab3f1974bbb88432cf4ef3b281927
0,         50,         50,        1,  3110400, 2be85188888dcde751c102b82d6ccaad
0,         51,         51,        1,  3110400, 90a9b628512f3112277b78955ec7ff95
0,         52,         52,        1,  3110400, df04c9744367201b293336f217a4a044
0,         53,         53,        1,  3110400, 23f25d2fc5ad341ae2df6604e4045c8c
0,         54,         54,        1,  3110400, 7cd09b0d46481440b3a5d647be582682
0,         55,         55,        1,  3110400, 90a5277ae92424de26bd987e854a5ed9
0,         56,         56,        1,  3110400, ad6b13fd3a3e72964f9a596a5d346864
0,         57,         57,        1,  3110400, 1290a0f745e457c3355def4823e2f1e7
0,         58,         58,        1,  3110400, 937cbab2efecd2de90b687c0c39306db
0,         59,         59,        1,  3110400, 03e7b536ea8d99e200ac378afa5eb491
0,         60,         60,        1,  3110400, 6ba44d92a6f787c90f3330183cef5929
0,         61,         61,        1,  3110400, d209c56ef8d8879a2205cb12a81d849f
0,         62,         62,        1,  3110400, 63ff6d800e0a6999a40afe3aeb778906
0,         63,         63,        1,  3110400, 9925cda571d27fe5d7753cc9c1314ef7
0,         64,         64,        1,  3110400, 9cd869e0dcf9a7417d084484a96b1524
0,         65,         65,        1,  3110400, 366b2853b799322a38ed25f0ae22b5d7
0,         66,         66,        1,  3110400, eeb7efee513973bfe3394a5b652ac3e0
0,         67,         67,        1,  3110400, 28e5189761b306e725352386a401443b
0,         68,         68,        1,  3110400, 84613d86de0afe850940e20624ada9f6
0,         69,         69,        1,  3110400, 520f9709477a0b57f0c0e76f02b8beae
0,         70,         70,        1,  3110400, 2737fbed5773b6f8312996fbe2dd17b2
0,         71,         71,        1,  3110400, 4da0eb6895283abb0ef3fc80112ad339
0,         72,         72,        1,  3110400, a361084a7acf0d3f72bae6d6e541b780
0,         73,         73,        1,  3110400, 8c9cb0ce301c29ab75165f55b68f73ce
0,         74,         74,        1,  3110400, 64190c9bb8b765d08bdb15ec150ee492
0,         75,         75,        1,  3110400, 92cd3f3f3c2956c39ce116751eb3dec5
0,         76,         76,        1,  3110400, 099d1aaf703ccbb20e12d69c7991c01c
0,         77,         77,        1,  3110400, a1d37456433b25f91fd589d4b36cd640
0,         78,         78,        1,  3110400, 04522585711db1bfad3fc0385ef0bb0f
0,         79,         79,        1,  3110400, 95173018c8c97ac179d3bcb4c53004dc
0,         80,         80,        1,  3110400, cb55bb6ba9cfe9a26e9fab445a043393
0,         81,         81,        1,  3110400, efa73acc58bc805dfe1a927a51d67bed
0,         82,         82,        1,  3110400, ea72ee57536336b57f94f4f0c5ea915b
0,         83,         83,        1,  3110400, 26f9c4f5dd44ff2897d7ff6fd68d6445
0,         84,         84,        1,  3110400, ca7c9c09456367d465c351b2007f944a
0,         85,         85,        1,  3110400, 4b3b9454b8d9a37a6e87a894c8bbbc6e
0,         86,         86,        1,  3110400, aa834aef61f33d4155ad8b89114ecaf8
0,         87,         87,        1,  3110400, de7ca421c82684a42181b5ee08baa4fc
0,         88,         88,        1,  3110400, 74c2979bee8a34b4259069c9e266c9cc
0,         89,         89,        1,  3110400, 17707591308135fafcbe0e78cda02bc1
0,         90,         90,        1,  3110400, 34e62741ec795c5a292ebe798522f55e
0,         91,         91,        1,  3110400, f968577afff1c29b2a51c4ed8176876b
0,         92,         92,        1,  3110400, e587f34ee86c796dbb8aac025f3885cd
0,         93,         93,        1,  3110400, e0c648494c2fdeb9cc5670cfd211c9aa
0,         94,         94,        1,  3110400, ac89c5b0a8120be2c767fe221a130ac9
0,         95,         95,        1,  3110400, 74a0443c6f5b99111e637c468892d7eb
0,         96,         96,        1,  3110400, ad34b7eb7df9ea49ac607b3d79f3a2e9
0,         97,         97,        1,  3110400, a9a22ed00585203222d0aa75352a542c
0,         98,         98,        1,  3110400, 7b5dc385519f0c978c03f2bfd8063f27
0,         99,         99,        1,  3110400, e2c459c311c126e12d0759a7ec1cd505
0,        100,        100,        1,  3110400, 9586462cc729b085da84982e897a7293
0,        101,        101,        1,  3110400, 22da0c214c2bea1822bd769e5975eb91
0,        102,        102,        1,  3110400, 71e85cb84d9dead081fa67058b473fd2
0,        103,        103,        1,  3110400, 59674e3c8b56507bee21317852627e57
0,        104,        104,        1,  3110400, 10a6a998c596e3254fffb4d994c0dff4
0,        105,        105,        1,  3110400, 1a2b010f513bcc59f23e213aae578ec9
0,        106,        106,        1,  3110400, 48ee8446fd0c2c49530af1dcc209a1c5
0,        107,        107,        1,  3110400, a85919c11dcce7e4e86e78a01c8e1fd4
0,        108,        108,        1,  3110400, ac2e487b5b0407442547d93e56048fc0
0,        109,        109,        1,  3110400, c1792768be95b7e7c04ed6d948ac7bc4
0,        110,        110,        1,  3110400, c39bac03d6c847018dd6ee5f1df52705
0,        111,        111,        1,  3110400, 875172ab5fdaf354fa4ee192fabe3d40
0,        112,        112,        1,  3110400, 9f3e70bea00027b8caef624ebc10c60f
0,        113,        113,        1,  3110400, 61f65642caeb2fdfdd2d36f1ed9b9257
0,        114,        114,        1,  3110400, 68bcdaa31d7acbee69e4c91e3c16814c
0,        115,        115,        1,  3110400, 458583b32d3bd1e32dfa1eb3f520e35f
0,        116,        116,        1,  3110400, 16a2e9f3dc634530241f04fa7f5abcfe
0,        117,        117,        1,  3110400, 1dfc6a1adac890ae7f1e8d0d75f4749a
0,        118,        118,        1,  3110400, 072affcc8798db20aab4bd7cd56e12a3
0,        119,        119,        1,  3110400, 3efa2ed6d1b7c03170bb5e0278e80ded
0,        120,        120,        1,  3110400, a2f37cc14f5a6ae1369ccab79b77feff
0,        121,        121,        1,  3110400, 32241fa08e8ead38f6e9c1612e800e8d
0,        122,        122,        1,  3110400, b90db505593704ddce1bad9b8e80533e
0,        123,        123,        1,  3110400, c348d44142632fd264731728bc099435
0,        124,        124,        1,  3110400, e8310386858d0b3fb74427d08ab7d16c
0,        125,        125,        1,  3110400, 3becf48b2d9aa9d7045a02f880c7dc4a
0,        126,        126,        1,  3110400, 02ab9b1045b71fef7088a3114a6de63a
0,        127,        127,        1,  3110400, fdc6ad8b97b075e9a4706e4c80415cda
0,        128,        128,        1,  3110400, bfbecc9a9afe2a533e055ac845cb5e47
0,        129,        129,        1,  3110400, a9b2a0a06e799dbe35e6b10a9d2ebecc
0,        130,        130,        1,  3110400, a483dadc11692eb49792d120d910f016
0,        131,        131,        1,  3110400, 8658e170bd1f0193b36680bc123d267f
0,        132,        132,        1,  3110400, bbde00dbfccf4002b109273d4ec48f2e
0,        133,        133,        1,  3110400, ce8e1b47fff1a97809035b1db2baa400
0,        134,        134,        1,  3110400, 319ef158746d33ab45bcf6dc6f093d8d
0,        135,        135,        1,  3110400, f7f036c8980b7ea1039465593bac52c0
0,        136,        136,        1,  3110400, 2819e1bdc9391597b4eae5671e0d65ae
0,        137,        137,        1,  3110400, c8596e176f97ba1d36e3ea3b050f0f57
0,        138,        138,        1,  3110400, 93d816ee88bb766790c6367e7d35a3ee
0,        139,        139,        1,  3110400, 99af957da4dfefb855947b05fbb9a7a4
0,        140,        140,        1,  3110400, b9c1f545383df0bb51eebb75ffdb0c3b
0,        141,        141,        1,  3110400, 71b049af1696d67089adc6b5254d16b1
0,        142,        142,        1,  3110400, 8a90d361df81b3f1ce1608d4d27c2c06
0,        143,        143,        1,  3110400, 9583bd7435910e0bb157ed36887986dd
0,        144,        144,        1,  3110400, 40849b7991f23804b831d190437c0755
0,        145,        145,        1,  3110400, 209658c54ae3c4b690e3b987603c6e5f
0,        146,        146,        1,  3110400, ed45dac17e52eb715e2f750367bf2d5b
0,        147,        147,        1,  3110400, e0a00690a198baf8adf6e6d5ee3c2b18
0,        148,        148,        1,  3110400, a165a9d47c3a5fe0f19b2159ad8e6f32
0,        149,        149,        1,  3110400, c7b77eeca39a3e3d6f4dffa8368bb79d
0,        150,        150,        1,  3110400, d8e506380c3100dda1302232b28745ad
0,        151,        151,        1,  3110400, 32a2629a3e122a4c100954bbcc7cfe9b
0,        152,        152,        1,  3110400, f393ca2a8ebcca404dcc2e97456d14a2
0,        153,        153,        1,  3110400, 48b7c603d50a0e4f7dddf6d220a44112
0,        154,        154,        1,  3110400, 72cf04b26e5909ebbcca77b95c67be1a
0,        155,        155,        1,  3110400, c5f3713f27c63e7356519358678ee35f
0,        156,        156,        1,  3110400, 571babf88a3c0650671e1d970038651d
0,        157,        157,        1,  3110400, e439e47a9fee8a8123f96227c0720778
0,        158,        158,        1,  3110400, 2272367e3dbd116b73ddcedb143109bf
0,        159,        159,        1,  3110400, d2526929eeed487adea682490673a129
0,        160,        160,        1,  3110400, 6c30f36c0af25f00685dbfedf12073fc
0,        161,        161,        1,  3110400, 03b9b2bce7e41975228508545d0a0dcf
0,        162,        162,        1,  3110400, c0e196b579ae72beef6ebb6cab9bf260
0,        163,        163,        1,  3110400, 3af101bc934a73bd7eea24cb85be3f16
0,        164,        164,        1,  3110400, 42a8b43303ed8d973a721c50efdc2ed4
0,        165,        165,        1,  3110400, dafdeb3e91e95876c0d7f9178bd1adeb
0,        166,        166,        1,  3110400, 0d727f1f827fda98efc517d441a2124b
0,        167,        167,        1,  3110400, 77a92764bfad96930d5660f1ec83bc83
0,        168,        168,        1,  3110400, 728eba053c59ceef821e84b38d3989a2
0,        169,        169,        1,  3110400, 99d6182e761491d80246c583c6c51338
0,        170,        170,        1,  3110400, 203bad0507d04abd45a48f9fad67432d
0,        171,        171,        1,  3110400, 24d6946e79bdea6ac0e4f7b4dc4f3ff0
0,        172,        172,        1,  3110400, d21a5986fa81de7f828e875f52fa6434
0,        173,        173,        1,  3110400, 48ae5cdc692c23533e10c5812337ac1e
0,        174,        174,        1,  3110400, 1db3c921338e47381a3450766b7a6531
0,        175,        175,        1,  3110400, 941e116aeedca651ceabde821ea4592d
0,        176,        176,        1,  3110400, bf37506a23616b2bf73ab1fc055a2e66
0,        177,        177,        1,  3110400, 668bf6593be6b202fa0f6880dd938845
0,        178,        178,        1,  3110400, 1371611e8c18411da50e6208b5bce1cf
0,        179,        179,        1,  3110400, 804601bb40e1b1ba29847bcffe647d5a
0,        180,        180,        1,  3110400, fb5cff843e7825248946b39d9a393c74
0,        181,        181,        1,  3110400, d6ed3ddaa6c3d1fb0d593451923e42ba
0,        182,        182,        1,  3110400, ec0f755718b2f653d8c6853fa72a87a1
0,        183,        183,        1,  3110400, 2010c944abefa0d748e6f7928f9aca38
0,        184,        184,        1,  3110400, 00859a4a01ee5ac2ddf86e0d21653d78
0,        185,        185,        1,  3110400, adb965caf98d64fbdd21ede1d146407a
0,        186,        186,        1,  3110400, 732128dc1640683877fcb50e727a290b
0,        187,        187,        1,  3110400, 754378798e65fdd9bb9113456b4ef1cc
0,        188,        188,        1,  3110400, 5b74f0d715f7f33ee087402c7845ad5a
0,        189,        189,        1,  3110400, 35fde9b8dea3135a9fc672a1a19fa6b6
0,        190,        190,        1,  3110400, 378319ff217783395eee9b92c65bd21f
0,        191,        191,        1,  3110400, 7915d64899e8b0bff1c6aab5b546dcc3
0,        192,        192,        1,  3110400, 7334e5f0dc4a6f47ccdbf0a9badccc01
0,        193,        193,        1,  3110400, 78273b128e250ae1eb5e267e1edc08a7
0,        194,        194,        1,  3110400, 890729a9ff12bf4b7c0cd93de0f84758
0,        195,        195,        1,  3110400, e9c0f9a34358f3bc903feac86132af17
0,        196,        196,        1,  3110400, ec0bb319d6447e9b205629b5421e1763
0,        197,        197,        1,  3110400, 255aafde96a07631d5834ca714711be4
0,        198,        198,        1,  3110400, 8c7b1280d2eb5edeb652f6c72552943b
0,        199,        199,        1,  3110400, 5b315e271dcb9359593a3e2b5e6587b5
0,        200,        200,        1,  3110400, b283538400dd46c656a0e606f619152a
0,        201,        201,        1,  3110400, 6a595339c3309ed67f1047069db36342
0,        202,        202,        1,  3110400, 0c953f8edb2d1d508ed1b92061488c73
0,        203,        203,        1,  3110400, 108981171942c7e3601eddf5a02cc709
0,        204,        204,        1,  3110400, 04dabb03a855e816cd8ea330440c4356
0,        205,        205,        1,  3110400, c794576b96982d2f4d40cb8428b324c6
0,        206,        206,        1,  3110400, c73261434fc0ab6a8fcbb9f4d4d45d39
0,        207,        207,        1,  3110400, 914927ace8d5bbe91bd8beaa4e1a42d6
0,        208,        208,        1,  3110400, 00cbcfdf6822d5769020599f2418f118
0,        209,        209,        1,  3110400, 95c681c5fbd4bb9122241967238e832b
0,        210,        210,        1,  3110400, f6bc402d5e137a91193d00bb567e38ea
0,        211,        211,        1,  3110400, 040e5c69723d20c119fe0f8f41c79202
0,        212,        212,        1,  3110400, d12060f0f399a215c262afba9dfd9f2e
0,        213,        213,        1,  3110400, 8e73fd6782721568fd5e9610684f6312
0,        214,        214,        1,  3110400, 704f9f4cf463f401131e863e5e45fc2c
0,        215,        215,        1,  3110400, d7518abbb2fdd6892436a7f88757b532
0,        216,        216,        1,  3110400, cd0f2d4b4f906eb5aad16483c1db18f6
0,        217,        217,        1,  3110400, 2a468a429f1ac69e40257ebe45ab6299
0,        218,        218,        1,  3110400, 2b2f389b518d4c4af5c0da081202847b
0,        219,        219,        1,  3110400, a271c18912b895d756669f12261a8506
0,        220,        220,        1,  3110400, b0b9cb691c57248865556f9e2a156b4d
0,        221,        221,        1,  3110400, da98d5d364e4be3d177ddea1f8fc2b93
0,        222,        222,        1,  3110400, ec1742f858c8c192eaa68955f8db57fa
0,        223,        223,        1,  3110400, ffa06ff72d38fd0452c57b2e135bbaf4
0,        224,        224,        1,  3110400, 8638a624a56f36fae886a30fb50502cd
0,        225,        225,        1,  3110400, da866dbb4a1c23c3c6d77a2b60705e7b
0,        226,        226,        1,  3110400, e186842aad25634283cf496264631599
0,        227,        227,        1,  3110400, ac666677aeb1340dca3ace96c79de982
0,        228,        228,        1,  3110400, 994aaaabdcb7d7eaa8279ed7d2a299a4
0,        229,        229,        1,  3110400, bfbab13291b699a14a52814d2e33dd66
0,        230,        230,        1,  3110400, 925085a3d69b7cfa4d857fdce3ec33fa
0,        231,        231,        1,  3110400, c332c9ce3b69daea14821bec0c659743
0,        232,        232,        1,  3110400, 08d09d938cfea0fbc10993343559a697
0,        233,        233,        1,  3110400, 660c03d8d86fc9b13d0f0cd8b94f1fc4
0,        234,        234,        1,  3110400, 5f99e0c45b3ffe8b83ffa80afd274dcb
0,        235,        235,        1,  3110400, 017c5a16286fe1d5a9f08f9000be0fe8
0,        236,        236,        1,  3110400, 2406be1ebfff79268f00babaf5dc6c69
0,        237,        237,        1,  3110400, f7410de9e7e20a4d2e5f1c307697ba55
0,        238,        238,        1,  3110400, 888d629e021fe7dd1e9599305994278f
0,        239,        239,        1,  3110400, dd36514ec1b06c4f40e7cb19da2e374e
0,        240,        240,        1,  3110400, e6c926e08599d48caadaf482de7d048d
0,        241,        241,        1,  3110400, c11addf26c95a1d8f831033c37f5955f
0,        242,        242,        1,  3110400, c6877128d73695beb2aa635d11f81610
0,        243,        243,        1,  3110400, 4599ff825865787340ee1215b3fe8edc
0,        244,        244,        1,  3110400, d78d2ba81341b672fccf02a384b381fa
0,        245,        245,        1,  3110400, 0ffc2c547852d4a805499a1c25ab3029
0,        246,        246,        1,  3110400, 0b4d815089f0f68c8ab0032808732d56
0,        247,        247,        1,  3110400, e8e09b0ea65f805203be08249a0fe748
0,        248,        248,        1,  3110400, 7398da8d388626621834647a97b0ab51
0,        249,        249,        1,  3110400, 880f9c025b532805171ff0e413c54eb5
0,        250,        250,        1,  3110400, f9e97896c4e836d06993c089fec726d5
0,        251,        251,        1,  3110400, f17ebb7b7f8432ec9bcd87e6a6303d94
0,        252,        252,        1,  3110400, dc5c070b85ef876a1951f55dde0a6838
0,        253,        253,        1,  3110400, dc7b8dfa840d0b2da37cb0c72478dbd6
0,        254,        254,        1,  3110400, 80d1c5666a0276470c5ee5a0a8ea678a
0,        255,        255,        1,  3110400, b8045f6d5a3ea5776760c71a2a6c1d23
0,        256,        256,        1,  3110400, c5b66e66bee7cc01954597047210b235
0,        257,        257,        1,  3110400, 7a3a35b9d0a6cc678725db5e7f229c2b
0,        258,        258,        1,  3110400, f2b762a3d2d8a77722cfccf9fb8ad550
0,        259,        259,        1,  3110400, e8f7f676b450c7c96182005752e3061f
0,        260,        260,        1,  3110400, e1c93f9e1739bf691b2dadce089bdf6c
0,        261,        261,        1,  3110400, 94bfec9856a6a6f93736794d8386d305
0,        262,        262,        1,  3110400, f8497785c901cc95877607e937ef1d02
0,        263,        263,        1,  3110400, 234e249b5c1053ae419c2015c7e813cc
0,        264,        264,        1,  3110400, 97c9af3132051dda2f46f9873c37eda7
0,        265,        265,        1,  3110400, fcafe84ba5b18566582c0c85164754d3
0,        266,        266,        1,  3110400, 9a0fefbaa9746d9b068b706051e6751c
0,        267,        267,        1,  3110400, 5a6bf36ebec6cc8a3f479afe1be1ce7a
0,        268,        268,        1,  3110400, 627e7c1197f79621037521d83c3a7f03
0,        269,        269,        1,  3110400, ce795dd5ab976d848034f59ed3366f80
0,        270,        270,        1,  3110400, 527cd3e60cae15da997dcdd02971f6c1
0,        271,        271,        1,  3110400, d22d36491e242f5d459edd1a24b05102
0,        272,        272,        1,  3110400, 475cc04c1579167bba39ff317300fe18
0,        273,        273,        1,  3110400, ff7ee4f9c1568932e6558678b22bbd28
0,        274,        274,        1,  3110400, ef4bd915080e646ea4b7cc714fdb8415
0,        275,        275,        1,  3110400, 33b93e7bf76f83ea125b25899eecd548
0,        276,        276,        1,  3110400, b38e2f5e91c5c286983be2b9f582476c
0,        277,        277,        1,  3110400, 04b7af50de1b2b4e872d2c1a5e0a9e16
0,        278,        278,        1,  3110400, cedb429dec7765bacbddfa77bc2b15ed
0,        279,        279,        1,  3110400, a416eacad28ac70fbefd4a6c9b07298d
0,        280,        280,        1,  3110400, a6e96af57e87b5c2540eeb0261a21db7
0,        281,        281,        1,  3110400, 1c47e223dbdcc9874093447521bc93df
0,        282,        282,        1,  3110400, fe0a5d4e653d8c6793ea8c1eeb34115c
0,        283,        283,        1,  3110400, 6dcb3f7326997bab56ed4f5d1aa9537c
0,        284,        284,        1,  3110400, e2057fd1deb9fdd6302217cde655c72f
0,        285,        285,        1,  3110400, 2cb5ef27f338702832c8c7b5196eb105
0,        286,        286,        1,  3110400, 1ca0a2b580cdef936a3d92827f4ed3e2
0,        287,        287,        1,  3110400, 6d9135d1fb083a5c9754064a5ca5bedc
0,        288,        288,        1,  3110400, a855b96e425496f0dc61b131b355b603
0,        289,        289,        1,  3110400, 42a3cd37c0f165f6a8c9e08c33242102
0,        290,        290,        1,  3110400, bbb83d1d1f81dab4a8bcfb9e59928f40
0,        291,        291,        1,  3110400, 22c1c8381f576695d4a20dd3227a8302
0,        292,        292,        1,  3110400, 5e25d5af5290e5d69d0d8f17e82afb27
0,        293,        293,        1,  3110400, 766b8c988167ae88786d8e13ac72ad90
0,        294,        294,        1,  3110400, 383b7f75df5bf99d699fe067af7e73aa
0,        295,        295,        1,  3110400, 7b717df2827866997d00b1c4eb7c3d9b
0,        296,        296,        1,  3110400, 590dbc984d252d5882a85093568d78f9
0,        297,        297,        1,  3110400, e22cdda0497abe072ef518f774219b6c
0,        298,        298,        1,  3110400, d37ac2084a9910c643c6c52f15c8d40c
0,        299,        299,        1,  3110400, e2461b6b6135c3161e8a4c5fcfe13b22
0,        300,        300,        1,  3110400, d30b362c0591f5131986d01ca9561601
0,        301,        301,        1,  3110400, b7e9509082f05c6c64dfff1058f1e653
0,        302,        302,        1,  3110400, 577b8713eaefdfa0c58affad38576b5f
0,        303,        303,        1,  3110400, 40a273595cd48bbaa58d3810f8b787ee
0,        304,        304,        1,  3110400, 94cbb5a2e9b0d1153340032733874a95
0,        305,        305,        1,  3110400, 50b96ee135c86d688113202edd949633
0,        306,        306,        1,  3110400, 5235e89a6bdfb703523d5995da5b6d86
0,        307,        307,        1,  3110400, 32fb33332a00fefd2aa8fd90e87c1121
0,        308,        308,        1,  3110400, 61c03371f5ed251f928bc8054c27aaf3
0,        309,        309,        1,  3110400, e3304ff2f31d810f60069b124ae7d402
0,        310,        310,        1,  3110400, 9fb79a129d649d280b8e7316230cf9be
0,        311,        311,        1,  3110400, 0d378388eacdc64a53c71840a9e0c044
0,        312,        312,        1,  3110400, d1ff05b32afa4cfe9354d41ae8f3b337
0,        313,        313,        1,  3110400, 320e992ec559c29ff5617f74e4e5b441
0,        314,        314,        1,  3110400, 24ce0a6179ffcb24ac35f3c8dc5ebead
0,        315,        315,        1,  3110400, fba0e3b25fc9c321337b12f4a21adb43
0,        316,        316,        1,  3110400, 4db70fd73f2a950dbc85895d9f3fd214
0,        317,        317,        1,  3110400, fc6f16825fcb9cd942585d47c814e832
0,        318,        318,        1,  3110400, dee3efd64ecf64879413ccd7b247f53e
0,        319,        319,        1,  3110400, 1b6d7d38d1d0fb7c647fb81cd54d2c4b
0,        320,        320,        1,  3110400, 56cbc731ed73c3c6cb7d9c5a42bea25e
0,        321,        321,        1,  3110400, 653e20b3a646516ee6c95a34f6716499
0,        322,        322,        1,  3110400, 700751fffcaeadde4478b6cca00280b7
0,        323,        323,        1,  3110400, 99651e3e64a0509e8bfe96c9e7b6cc8b
0,        324,        324,        1,  3110400, 9746b55b7694814a6adae2dce76e61cf
0,        325,        325,        1,  3110400, 9e720e8260203264ad52a2024959e027
0,        326,        326,        1,  3110400, 1cef73533625bce24cab2be123f7c7b4
0,        327,        327,        1,  3110400, db9e93a51c59fb05328e6a339a91756e
0,        328,        328,        1,  3110400, ac1b075fcce7c75708a1c46b3a4e8829
0,        329,        329,        1,  3110400, 064fff1ccb449a059a26450a392cdf98
0,        330,        330,        1,  3110400, 558f98ca31b0d276a54f0eeddd13d872
0,        331,        331,        1,  3110400, 0f9d13681e4ba83145655db08092571d
0,        332,        332,        1,  3110400, 7a4d39d103642db9930b222d93fe31b2
0,        333,        333,        1,  3110400, 48048d929330ad6fc9543f6d49edcdf8
0,        334,        334,        1,  3110400, 9828bc33ac8d2e0f03833ce505fafa84
0,        335,        335,        1,  3110400, 4005cd61238bfe664182eab547792087
0,        336,        336,        1,  3110400, fa9b8ed3a26ed2bbe877ce78ac6287ef
0,        337,        337,        1,  3110400, 70c200a01ca62220991eb132053ba56f
0,        338,        338,        1,  3110400, c652a46196bf2d4999032be2badde796
0,        339,        339,        1,  3110400, dc2e0545e114166118fc11b31ff437b6
0,        340,        340,        1,  3110400, 9e163655f43733bd91f65f5d339b8e28
0,        341,        341,        1,  3110400, 7ac433dc6c7239fa65ed79e5e71e0560
0,        342,        342,        1,  3110400, f29d0c347378243b6356ece229a635a0
0,        343,        343,        1,  3110400, 5136d525c64eaf320a9bb8590bbf115b
0,        344,        344,        1,  3110400, 11b864a424abf1363381eb500de28f7b
0,        345,        345,        1,  3110400, f1ecf7a86c21cd66ea7b6c06f05e063e
0,        346,        346,        1,  3110400, cc3ccbdc98ceb9b167eaf8bc0747546a
0,        347,        347,        1,  3110400, 0bebf6bf1fd81ebcc061062b0c81c830
0,        348,        348,        1,  3110400, 903cbd85bd9f8b109954b13f9b3e7337
0,        349,        349,        1,  3110400, b8236644d9372b261506819e695de6c8
0,        350,        350,        1,  3110400, 76a33807b2c4023640e0ce497fa8fbbf
0,        351,        351,        1,  3110400, 03b261b2f3380042c78026f955290acd
0,        352,        352,        1,  3110400, ef831501b1afd77132610a0539afded3
0,        353,        353,        1,  3110400, b310e855552446e9c80f641c27f6c5ad
0,        354,        354,        1,  3110400, a1a64aee6d42142a1f43bd1a850872f5
0,        355,        355,        1,  3110400, 6dcffeeefefbff9905b9345ae7ca125f
0,        356,        356,        1,  3110400, ae40037c23806cceac14541b472f3e7f
0,        357,        357,        1,  3110400, b7f368726ed4ea06f2fe24dbf20ba5e6
0,        358,        358,        1,  3110400, 35fdb35881a672a6551a944aa720b48b
0,        359,        359,        1,  3110400, d3aeb8d464b67e1ea5cc07f3b2f3939e
0,        360,        360,        1,  3110400, 3043906d6c6315ae77cabe63b7d021d4
0,        361,        361,        1,  3110400, b4548c7171838d35b233d44adda57337
0,        362,        362,        1,  3110400, a9987857ffa114252fd8a3c970cc1874
0,        363,        363,        1,  3110400, e41c04de8733aff4178a3cb239f29f5a
0,        364,        364,        1,  3110400, e100176393cd1b1f1e0d11dbecb7a462
0,        365,        365,        1,  3110400, ed06efd0ee3fd18c9966c1af0498545c
0,        366,        366,        1,  3110400, 9a52f7bf384a7f5ce768eac220074136
0,        367,        367,        1,  3110400, 32a04fbc39d1d3d041a88e180629300c
0,        368,        368,        1,  3110400, e519ef393fed8c36d5a1499c8f67e80f
0,        369,        369,        1,  3110400, 3f2f804d3fbd0644aea80a216245250b
0,        370,        370,        1,  3110400, 908f7647daceb754a8c2c753392cc594
0,        371,        371,        1,  3110400, d3d08e1e30ed1b9b8d23545110004ab0
0,        372,        372,        1,  3110400, 9a1a48808d9c7419ec4dd980945811fc
0,        373,        373,        1,  3110400, 1f07f06e6a6e98e19360ea0111ce7c86
0,        374,        374,        1,  3110400, 336c2048bc06fe66b340aecd5a6b565e
0,        375,        375,        1,  3110400, cd820b915b636c45cebe6e4a130b75f3
0,        376,        376,        1,  3110400, 5f99b353b9a997659584f514de616bbc
0,        377,        377,        1,  3110400, af3fcc65c42a40cc837b6677fbdad9f8
0,        378,        378,        1,  3110400, 49aed77cb40e3c6720490331d7625a9f
0,        379,        379,        1,  3110400, d906eb3a198b6266b6affc709c3b6456
0,        380,        380,        1,  3110400, ecc92ab6794ca0d4d2bcae5cf4d97cec
0,        381,        381,        1,  3110400, 39f46145d7252b301b2e53e78e0ce3b8
0,        382,        382,        1,  3110400, 027a24ff2ef98b66f2eef7ca79ca2d89
0,        383,        383,        1,  3110400, eb56e0247503cf2c6ee3591022254f15
0,        384,        384,        1,  3110400, d9939d55014dc63c33ba8526dc261053
0,        385,        385,        1,  3110400, 3e6d808fb742552e251fd5aeb92c4f28
0,        386,        386,        1,  3110400, 137111d40b2c1b92da665c5993fcb90f
0,        387,        387,        1,  3110400, a551e123558bb0ea18c79adc54d8b9a7
0,        388,        388,        1,  3110400, 28e61d6457427ff3e27b51377b40dba1
0,        389,        389,        1,  3110400, 5b1388287a673c4899863e5bfe44d719
0,        390,        390,        1,  3110400, 1fa9ba2a1369806df670c793302e02a4
0,        391,        391,        1,  3110400, 2392e0cdb342bfe2318f8793d7c74607
0,        392,        392,        1,  3110400, b689f61abd2b7cafdb7f03f0b230046d
0,        393,        393,        1,  3110400, 218c1ef4aa73ff2b24261f93d5c38196
0,        394,        394,        1,  3110400, 3b3dc6f7056a8e26affe20f4fd6c56b9
0,        395,        395,        1,  3110400, 0196ab41d7f68af9078e70e827d536d2
0,        396,        396,        1,  3110400, e505d077f02a1dc3181d76adf0584ea6
0,        397,        397,        1,  3110400, 2d5b9d752d30e620f6978cfd276f735b
0,        398,        398,        1,  3110400, 85c0b6dcfc3f4185caca39dc07cf6694
0,        399,        399,        1,  3110400, 2fe136842cb7792f3d576fa3641c6f72
0,        400,        400,        1,  3110400, 35127bfdc1c4571ecc43b094d0954fb6
0,        401,        401,        1,  3110400, 64a91db6f48dc50a068cfe49e2e37899
0,        402,        402,        1,  3110400, 5a7cc6d972de4ceb811d143bddf9cf45
0,        403,        403,        1,  3110400, 82fbc54e79f3d63817e72a811891de72
0,        404,        404,        1,  3110400, a07ea6e67c34286dc64108e673cdbdd2
0,        405,        405,        1,  3110400, 1f9451051a336371106c34202cdb63ac
0,        406,        406,        1,  3110400, 57aebed0d71766f34faf7896ad5a1f8a
0,        407,        407,        1,  3110400, a8e8f76a8c9f0757459f57170a26388f
0,        408,        408,        1,  3110400, 20d9e29c47f772f6a13d42cc92620152
0,        409,        409,        1,  3110400, f89c982df823339070bff73700b96bc7
0,        410,        410,        1,  3110400, ef6d01c85d0731090faa6e1b05ed88af
0,        411,        411,        1,  3110400, 562af6bc4de3c79902ad1f7e13248546
0,        412,        412,        1,  3110400, bd2d2d2857c8f9c8ffbd5f1acdde53f3
0,        413,        413,        1,  3110400, 600278e0b883da190618e150bf5f444e
0,        414,        414,        1,  3110400, cb79187f6be76b587f9c306e2758d0e2
0,        415,        415,        1,  3110400, 7aa81c859271fc794e156ef3d8b7a567
0,        416,        416,        1,  3110400, ddfcf520d88effc7ead89dcba5376a82
0,        417,        417,        1,  3110400, b8c35c0de8626ad9ac99a626585ee72b
0,        418,        418,        1,  3110400, 67e10cf2de0f434de0d5132caaec472e
0,        419,        419,        1,  3110400, eb49e84aaafeed98b25246750588f3eb
0,        420,        420,        1,  3110400, 430f0919d360b6203656c5074b13a100
0,        421,        421,        1,  3110400, 748d65762abb776b45c813542c67664f
0,        422,        422,        1,  3110400, 3a5aa2ace433184b66b0837fd63a3c48
0,        423,        423,        1,  3110400, e76fd9703ae3e74ae5fb4b52f13ba318
0,        424,        424,        1,  3110400, 5664b8c84922e239e3ee0cd022b15cec
0,        425,        425,        1,  3110400, d13e846510821f1476ecd4b9bde9abcb
0,        426,        426,        1,  3110400, f6efb08559a642957b4f3c18602f8a43
0,        427,        427,        1,  3110400, 2252ae4a3ebfff68df1ea02f6d3c0880
0,        428,        428,        1,  3110400, 8399811701ca59797e95504cd9f3cd03
0,        429,        429,        1,  3110400, 802c34572566bb8fc306b6f6b50ba6a0
0,        430,        430,        1,  3110400, c3caffdbc72b7322df57da68a5b97f00
0,        431,        431,        1,  3110400, 4bc93017062833e440a8397de93fb4ed
0,        432,        432,        1,  3110400, e2a1d5103990d197797fe95ce6663206
0,        433,        433,        1,  3110400, d29f778bada63de0cc3a21a068a1e6ea
0,        434,        434,        1,  3110400, 46a94a448e448a86f8102f867b72c13a
0,        435,        435,        1,  3110400, 40ab0603fb777ff9950d68a0c335d495
0,        436,        436,        1,  3110400, 573d2606b49d92b90b1291e3321366bb
0,        437,        437,        1,  3110400, 2e940ad433b5a801cbad37840294ac6d
0,        438,        438,        1,  3110400, 5b6380597516cf275af8a64fdff91dc9
0,        439,        439,        1,  3110400, 662cace4de7f8a7d8ec1a9f404234c9a
0,        440,        440,        1,  3110400, 88efc074ff869f12bba25ea54c209eef
0,        441,        441,        1,  3110400, 3142b4051df0d610b6c7fb2d75db392c
0,        442,        442,        1,  3110400, 418ca5ded852129428c0f6cc9e9f5d37
0,        443,        443,        1,  3110400, c7838cf06d660868cd5db1945972c32b
0,        444,        444,        1,  3110400, 0db6a71e2780da22cb631a4b4d8564ac
0,        445,        445,        1,  3110400, 85fd3da3dc299231848e865c8f382db0
0,        446,        446,        1,  3110400, 19faa527ab732190720888397fb2000d
0,        447,        447,        1,  3110400, 4723a0039af5124489dfeadd639cbd9c
0,        448,        448,        1,  3110400, 6a74b1c83745a023636fc0a100f6fdca
0,        449,        449,        1,  3110400, e875e2719f73e38f1a3897f51f3f0e03
0,        450,        450,        1,  3110400, cc851162bbb421a53d7f4e31be79e544
0,        451,        451,        1,  3110400, 1f484dcc59a9b9990d8e70a644c2fd12
0,        452,        452,        1,  3110400, 27933af6bafc6b211fb18861857cc17e
0,        453,        453,        1,  3110400, 9c11aa88a68bfab9b214ab4ec5d47bcb
0,        454,        454,        1,  3110400, 0affd21c66b80e9871070800989f1a1c
0,        455,        455,        1,  3110400, 3d6fa8ea83be5863886ba765647a79bb
0,        456,        456,        1,  3110400, cc8e5ab06f9a4d69536e368e40c05429
0,        457,        457,        1,  3110400, b7a96f42200b312736b040693e003843
0,        458,        458,        1,  3110400, e6c36b6c592f8812aae363db4609cc21
0,        459,        459,        1,  3110400, 1c33927ef733fc6be6c4049a5374cc6a
0,        460,        460,        1,  3110400, 0e35b179e664081a1414fcbc79950034
0,        461,        461,        1,  3110400, 1047e1a7dd2ad35b2c76982c0775a000
0,        462,        462,        1,  3110400, 42f87a0c4e406125f3afb1b94711c37f
0,        463,        463,        1,  3110400, 6275066606da9d2ae58390e30e8ef046
0,        464,        464,        1,  3110400, 66c696ec80847153295f7135336d61e3
0,        465,        465,        1,  3110400, e23d5699b65517adc11b9e176f5a06fe
0,        466,        466,        1,  3110400, fa321935fb706e7b707ef8e18a015e6e
0,        467,        467,        1,  3110400, 2b6a7e6c62c3d718ea8cffdeb3509d9b
0,        468,        468,        1,  3110400, f957a232d17d29d50afd62142ec32700
0,        469,        469,        1,  3110400, 300a03e0bb429bc37573884c7f82bec1
0,        470,        470,        1,  3110400, e6cdcfd4715c1e73338184cf4f119faf
0,        471,        471,        1,  3110400, 6f734a51ca8c3373334ab991b372ea77
0,        472,        472,        1,  3110400, c43833e20dc38804ed8a00d0d81899a2
0,        473,        473,        1,  3110400, 1ea6a012c85f30db91a50c78a108b3fb
0,        474,        474,        1,  3110400, b0dbeff3fcdadf0bf12c9d3360431f91
0,        475,        475,        1,  3110400, 50c249cce819fcd5aadf5394f5f3e5bf
0,        476,        476,        1,  3110400, e7cbfb13d490dafce0c2fc1cf1071e90
0,        477,        477,        1,  3110400, 276da8554fcd1a7abde4740f05c67c3b
0,        478,        478,        1,  3110400, 14d80384066bddcd0be701dbf20f9f56
0,        479,        479,        1,  3110400, 320d3600ee97684d36729f08ff2ab3f6
0,        480,        480,        1,  3110400, 50ab384181217c46627e4b741f302760
0,        481,        481,        1,  3110400, 4b088c75348e9608043524b5238212cc
0,        482,        482,        1,  3110400, 8b10edc05781497942e0e37d8a8acaf0
0,        483,        483,        1,  3110400, 9d7fb9939a4b8defcbcff6dd831ddf4f
0,        484,        484,        1,  3110400, fa2a1fb886abd7d60163b6c84defc4d9
0,        485,        485,        1,  3110400, 7bd01f33c72347f7998fbbe6d7a6b051
0,        486,        486,        1,  3110400, a0733f1ded8b5abbff65e4c8ade7b07f
0,        487,        487,        1,  3110400, 7c1d8017347d7f7b9447e6beb8108d65
0,        488,        488,        1,  3110400, 9f14c173b935e3aab2340cf1195422a8
0,        489,        489,        1,  3110400, 50acb791e7829bdd8c93774161187e0f
0,        490,        490,        1,  3110400, 878d1de3a15e33515fd1fb8539da0fca
0,        491,        491,        1,  3110400, 0bbf9a683254f01f22e59a41861a3ecc
0,        492,        492,        1,  3110400, 1afabb0cb797265af808a4bb79a1caf3
0,        493,        493,        1,  3110400, 9dc69ce0a3dad4d14d782fa9c4f82179
0,        494,        494,        1,  3110400, 30046c1ca376ae30cabf674506a0932d
0,        495,        495,        1,  3110400, bd05cfcd95391c2560c9d36d5ff99999
0,        496,        496,        1,  3110400, 1a86952cde9f3825700c36825684acb3
0,        497,        497,        1,  3110400, 165cc836f1f66d8c19dc2688e5f32ccf
0,        498,        498,        1,  3110400, c186609a3328f4ce8561824cf6dbd483
0,        499,        499,        1,  3110400, 82648c9a6aa5f98a3ecb19a1d193b831
0,        500,        500,        1,  3110400, b1f4825bc29cc14408b6d6f291044840
0,        501,        501,        1,  3110400, 6c587d47f3ec911a06a73bd19bc34824
0,        502,        502,        1,  3110400, 305b3da0e7ce911e3c9ad6ae463967e4
0,        503,        503,        1,  3110400, a126b908da39a214ad6c00e23f5fe6c2
0,        504,        504,        1,  3110400, 924bd8d1b493ecb556ab3385f146916a
0,        505,        505,        1,  3110400, 14ec4fa9d9fb6d2ca929e7b952fd2ad2
0,        506,        506,        1,  3110400, bb4616a75ee3fef0ac04e2a3d328493f
0,        507,        507,        1,  3110400, fa12b04f9a5ef1bade9d55b778121f52
0,        508,        508,        1,  3110400, ea3f62d3c67282bd79af8707a4884ec3
0,        509,        509,        1,  3110400, 6a4c45be9c03ec40eeaca5b6d8233f5f
0,        510,        510,        1,  3110400, 1d807a70cd1ad04ee25a1217bf48e9e7
0,        511,        511,        1,  3110400, 0ba3c47a637b76f1aef58a3375d5319d
0,        512,        512,        1,  3110400, 687ae7fdeceea015c0fcf2d8a0c12071
0,        513,        513,        1,  3110400, b6c3c1c2e1b891454e2423c605dea3c5
0,        514,        514,        1,  3110400, a9e6b86e94e67b4223d557f150eecb61
0,        515,        515,        1,  3110400, bf70b0bcf096641aed02c0d3cfa73185
0,        516,        516,        1,  3110400, 6c18f9988f5eda8041db740f337536c8
0,        517,        517,        1,  3110400, 2fb48e2a7166f68d5f222ec3ceb949a4
0,        518,        518,        1,  3110400, 74060ce0c6e6bfe2b3fe676651f8772e
0,        519,        519,        1,  3110400, c1aa62b74aa96c048b922b5970bc8cc1
0,        520,        520,        1,  3110400, 1150131648f96d63c8d47107f4121b4b
0,        521,        521,        1,  3110400, b302473562edb7a30e422bdb1b6455ba
0,        522,        522,        1,  3110400, 72db50fad02b4bf7030e8d869f3c0740
0,        523,        523,        1,  3110400, 0bb4b508e8bf0459a5bac02893902a80
0,        524,        524,        1,  3110400, 00b800fc08ddf0334aa831f7eb637b62
0,        525,        525,        1,  3110400, 19287a75d8cbfdc1529affd2917ccd68
0,        526,        526,        1,  3110400, 16e271ccb22376187de06ae19b4a8bd3
0,        527,        527,        1,  3110400, bea87d433141db1f32ebe5226d4efe4c
0,        528,        528,        1,  3110400, 2aba9fecdc70e1ce9b9e4e9ddda5841c
0,        529,        529,        1,  3110400, d218f3d80783f3d0a379f2144f6e88a0
0,        530,        530,        1,  3110400, e4caf96702d7bd5b9e8c241fd5d87e1f
0,        531,        531,        1,  3110400, dcffb8102e4230c1c8afbe3d0e1b4aea
0,        532,        532,        1,  3110400, 5468c7342ba39da4445b1cff2d8abafa
0,        533,        533,        1,  3110400, 01e162f2b1742213328484339f249b94
0,        534,        534,        1,  3110400, 839a22dc77812f7012e5b1782e3e7334
0,        535,        535,        1,  3110400, d5d017ff120b1213973234ad6707a98a
0,        536,        536,        1,  3110400, 0a35f669bb4f65260117907e88f3d805
0,        537,        537,        1,  3110400, 9d87615c4184e6bcdc1043abe4e6f4bc
0,        538,        538,        1,  3110400, 2b6adb53547f15d519bd860d7b2aacdb
0,        539,        539,        1,  3110400, 8333de07aa29378d6685d227bd19820a
0,        540,        540,        1,  3110400, cf748b76d6475fb73b85214d8792fd18
0,        541,        541,        1,  3110400, 169984328d0c33606b09ee7ae1e1a908
0,        542,        542,        1,  3110400, e5cc831b29ca30b6fbddd3a4269a0dc2
0,        543,        543,        1,  3110400, 1d55882c2035822a172957dc724081a5
0,        544,        544,        1,  3110400, 940c2e29c9059c0317429a60be869398
0,        545,        545,        1,  3110400, b69300bfd5fc26620a12b07a15ded2c4
0,        546,        546,        1,  3110400, efb16e1b14849243806b5d7f75ed3013
0,        547,        547,        1,  3110400, 156de5357a9513648d2320e380528efd
0,        548,        548,        1,  3110400, 1d241469b9c14b6cf63706f7b4a5e4bd
0,        549,        549,        1,  3110400, ea30ff436d9add493143aa093f5a050c
0,        550,        550,        1,  3110400, 20ff674461abab8b0efa271ecaafeb87
0,        551,        551,        1,  3110400, 553e4ab514ecdc766f1b5ad36b68d506
0,        552,        552,        1,  3110400, 80568bdc09f3840e43f2fd951c5da052
0,        553,        553,        1,  3110400, 1bb9f70a353da3ee1943c5cce1eed7b6
0,        554,        554,        1,  3110400, 9f2d9af9a65c8ae8ee5751fe027ab6c5
0,        555,        555,        1,  3110400, ce4b508534a612f50a263133b5d8d69b
0,        556,        556,        1,  3110400, 9735cbd36b0007adce4583fb212eb208
0,        557,        557,        1,  3110400, 78273c273dbee2b87a9511a1ffba25d6
0,        558,        558,        1,  3110400, 73528e43a9d7b400e17131034f0cc46d
0,        559,        559,        1,  3110400, b98cfee49b6aebde48bee7efedff590b
0,        560,        560,        1,  3110400, 7ae3b1919dc5ea0879d85fd637144df5
0,        561,        561,        1,  3110400, 88d07ffe21866207dbbbbb1e381eabcf
0,        562,        562,        1,  3110400, 97d607f6fabfe8792da188352bcee32d
0,        563,        563,        1,  3110400, fa33738f39260c84d005a77bb89828cd
0,        564,        564,        1,  3110400, def66854c1f745803c2d24b2eb2d5441
0,        565,        565,        1,  3110400, 439cf455de70922055a8549ec80412a5
0,        566,        566,        1,  3110400, f4399cc550be48990ba0fcafff40ad47
0,        567,        567,        1,  3110400, ade0ed8833e05f299d446775eb756205
0,        568,        568,        1,  3110400, 28ec8cf1d59ea014d6e0dd6d602b1315
0,        569,        569,        1,  3110400, c83621070786780297f23fca94da6296
0,        570,        570,        1,  3110400, f520e0021771998887af69fdb4ea452e
0,        571,        571,        1,  3110400, 5741e925a5d7ce6150983fd1b822e18c
0,        572,        572,        1,  3110400, 5d18d8081a8ea90072d2a6d7f97228ab
0,        573,        573,        1,  3110400, b2666a0f14962cc1ba234c3d85bf0fae
0,        574,        574,        1,  3110400, a290909782a9ed78d875d980e2be79bd
0,        575,        575,        1,  3110400, 17857ce76f7565870edc6ed75eec46bd
0,        576,        576,        1,  3110400, 5ef3b63c485bfcfc135cbcdaac4c1f2c
0,        577,        577,        1,  3110400, 9d0880ac05fa79ebcfcda57eda354228
0,        578,        578,        1,  3110400, 1d7bb4511f1f42edf7e7aba65d1036b7
0,        579,        579,        1,  3110400, 32fb8278a6f21e29dc0070fbf7f21e7f
0,        580,        580,        1,  3110400, 66a9f976b1353de713e50e3063861ca5
0,        581,        581,        1,  3110400, d6c4c70e3aff2bef988ea729e4044eee
0,        582,        582,        1,  3110400, 3ee587cff81ef4fa88de16e517c88a65
0,        583,        583,        1,  3110400, 7fa51b16767e87f09aad2add75336ee3
0,        584,        584,        1,  3110400, de33f41b141e7952890a812290d284a8
0,        585,        585,        1,  3110400, 1ae18ae2a262c3281b6ed54bb6d87f2f
0,        586,        586,        1,  3110400, 83a6ee0fe812f1fb2338a9c186c8605e
0,        587,        587,        1,  3110400, 23f545709fc126655f89ae3315ef1d32
0,        588,        588,        1,  3110400, bf465713ecd25979b1a3218f317dcac2
0,        589,        589,        1,  3110400, 44bf982e7a2ea6adfbf90685efb868c9
0,        590,        590,        1,  3110400, efee884f80a193df485f2b36722ceaea
0,        591,        591,        1,  3110400, 536978aec32fbcf3954e30de5fb48200
0,        592,        592,        1,  3110400, 13151b7087f2dbd1c307ae418251f3bc
0,        593,        593,        1,  3110400, e6d3130f6a796e4cb61e617833b23248
0,        594,        594,        1,  3110400, e7224df334831383055339a23a9d2c64
0,        595,        595,        1,  3110400, 2c93165b1108ed8817cc838351172902
0,        596,        596,        1,  3110400, 65facc215080ff34ce9bb0174032d889
0,        597,        597,        1,  3110400, 56cf0f5d2719a8949f5191f6cec76a4d
0,        598,        598,        1,  3110400, f54132b23488ed45e4d318614253edee
0,        599,        599,        1,  3110400, f14458d714ac9af7e55008885d29e741
0,        600,        600,        1,  3110400, c14fd0550b16ccf98f635f930ffdf015
0,        601,        601,        1,  3110400, c77aa6271ae069481a9a6a10abaac1f7
0,        602,        602,        1,  3110400, 6bcbf765bcbfe790c26fcc19a42040c1
0,        603,        603,        1,  3110400, 6bdded1ac36b03bdba707c1a569c45b6
0,        604,        604,        1,  3110400, b0d1cb8f4b6083ecbb37eda7c102f87d
0,        605,        605,        1,  3110400, a750fb95cbca50748634912c518496dc
0,        606,        606,        1,  3110400, 7865a210f5921fa08d5d691d5c713972
0,        607,        607,        1,  3110400, e13d095906b4735848c2a8b88fc4de5b
0,        608,        608,        1,  3110400, 9b3af58cb283d7d2bfce68fb7a23221c
0,        609,        609,        1,  3110400, f568ff2ac55cfe82427903131d804a5a
0,        610,        610,        1,  3110400, 1c13b53aef2474b54e761fd8ebf102af
0,        611,        611,        1,  3110400, f0ee67cc8d96af51b93f6a900240b70f
0,        612,        612,        1,  3110400, 5ea25822b1e980f313af2a3a8aa43a67
0,        613,        613,        1,  3110400, 9f2a4afee673c4854704848289f8ee15
0,        614,        614,        1,  3110400, ef9c9afe5d83958937d960e51871b57a
0,        615,        615,        1,  3110400, 7809a3605da0b6424822a58ded8bb580
0,        616,        616,        1,  3110400, b6061f3ea98358bb7f9129b64d3d3f93
0,        617,        617,        1,  3110400, e1c8a50caebef8d33ad1e2b460d369ac
0,        618,        618,        1,  3110400, 1a3effe478fc2c6f698871f4aa238c51
0,        619,        619,        1,  3110400, 356034171fc4a8d6dc41076ec48c9244
0,        620,        620,        1,  3110400, d29b70eeef7da26e4b9f0b96529ed4eb
0,        621,        621,        1,  3110400, 1a6511b66e82624f3c7080db148b85e7
0,        622,        622,        1,  3110400, 784085edaffd77b6c31a9a8b65e26579
0,        623,        623,        1,  3110400, f00967143a0df536d9239510d57c1553
0,        624,        624,        1,  3110400, d8fb7d267f299b6590d6834bbc0ef617
0,        625,        625,        1,  3110400, 2cfe5c729a63484752660c9363aa7f02
0,        626,        626,        1,  3110400, ea94513816cf98a8b1c9eecd32fa96b6
0,        627,        627,        1,  3110400, c9ff18e1052c6babfb0b69fccb87ad0f
0,        628,        628,        1,  3110400, ec1c8b4a2db6728d1bbbfa2000dd0efd
0,        629,        629,        1,  3110400, f92603a309eecfaa29bd18745f53c810
0,        630,        630,        1,  3110400, 8bcd8e0bad6e1b47aaad52faa8f86bd8
0,        631,        631,        1,  3110400, 2573f34ed811ea2dcc5964ab4b064e99
0,        632,        632,        1,  3110400, 895a94785c0645df4e5528ccae1bfc08
0,        633,        633,        1,  3110400, d4fa673b20e33d2c34c40e2eda30c8d3
0,        634,        634,        1,  3110400, 56600580d89ddd74188477fa0c08e70a
0,        635,        635,        1,  3110400, 3a99305ee95e47fa5a6cb4f5751e4881
0,        636,        636,        1,  3110400, 3e8a1879febe32e3e49d43bd4b554248
0,        637,        637,        1,  3110400, 4a4cf66c8cd7fc0c90448709e968b13c
0,        638,        638,        1,  3110400, b5b473b3796143f093245bd00e952249
0,        639,        639,        1,  3110400, 56877341eace768edaf6404f789b3e0f
0,        640,        640,        1,  3110400, 81d0f283d30c3931bf9cd4374e205e6d
0,        641,        641,        1,  3110400, 04ff16b0828dc14f961b8ca436b2ec1f
0,        642,        642,        1,  3110400, 15064c68425aa8b802088c7201c6948b
0,        643,        643,        1,  3110400, 2494c827ee5f5818bab802d2ff16cb67
0,        644,        644,        1,  3110400, 86416863860a26d7ac0baf9b08ee56ca
0,        645,        645,        1,  3110400, ea29edf056ff25efdf228acbd4d142ff
0,        646,        646,        1,  3110400, 3e13ac53aae8a17eade9d17f01783402
0,        647,        647,        1,  3110400, 748dd6f5de8be4d4c9c711a2ffa7c56c
0,        648,        648,        1,  3110400, 2b43ca25f2659925fe3ddc1f4b2ae4a0
0,        649,        649,        1,  3110400, 93c52051fb3cf6b2345bc8e02996fdb4
0,        650,        650,        1,  3110400, 29d636d2dab447eac80ae25bd6ff50f3
0,        651,        651,        1,  3110400, 89c4e3244e945e0e0cbc7fde0e8e6d41
0,        652,        652,        1,  3110400, ea8b9a6fad00446e5618122fe3d25469
0,        653,        653,        1,  3110400, 01d025e7fe21abd7b25e36149ec3b7f0
0,        654,        654,        1,  3110400, f314495d1a229f099306debaf1032609
0,        655,        655,        1,  3110400, 6b766825ac21aa64204cf0adabbae128
0,        656,        656,        1,  3110400, b562a06882a42a9b9f86d914e614f7f0
0,        657,        657,        1,  3110400, 4076e067d7664388e82ab9b4ae2adf0b
0,        658,        658,        1,  3110400, 2f20e4ac29ccd4b10de70f43c8397f26
0,        659,        659,        1,  3110400, 5d027600e945c30ee05dcd5e49645e00
0,        660,        660,        1,  3110400, 51d3f349e9759c2364d176b349fb1375
0,        661,        661,        1,  3110400, 77aff3cef8d302cc5781e62f28ae8b31
0,        662,        662,        1,  3110400, 66fbec6acaa2cfe187ef32d8b66bbdb6
0,        663,        663,        1,  3110400, 03bf98016000a1b5cca311df30985e21
0,        664,        664,        1,  3110400, 3c40ec7867a791d8bdd9c2190ea8db32
0,        665,        665,        1,  3110400, 2d2b0fa480035ddaebc2f1462930f30c
0,        666,        666,        1,  3110400, f04403f25e4c52e22243e62ac426211d
0,        667,        667,        1,  3110400, 90dbdf8a757b49bb0b2e82090967d649
0,        668,        668,        1,  3110400, fd85d9f7db47cb7c4f3340d6d65cb9ee
0,        669,        669,        1,  3110400, 66af9abc7eacbe158ecb692e2c0e0d2e
0,        670,        670,        1,  3110400, 7049a247a9720c7c44d92a00c8e04357
0,        671,        671,        1,  3110400, 6e5cf88926e1f49f08302c6562108538
0,        672,        672,        1,  3110400, c5e209faf0fdb4da6c57c88e146cb9ff
0,        673,        673,        1,  3110400, 06aeb5a3b38304d48f7a2779fb4f5c31
0,        674,        674,        1,  3110400, 2e59c9c87b563f8d365504939663c05a
0,        675,        675,        1,  3110400, 55e948abc4b5f9d014b8bf5b1a3ce71d
0,        676,        676,        1,  3110400, 449773b036c965a103975beaf02e8e05
0,        677,        677,        1,  3110400, c254a299c9a8f0213b742c9a0add6b19
0,        678,        678,        1,  3110400, 42c56b5547576d4054d7e1861c4c132e
0,        679,        679,        1,  3110400, d128d8ac2722bc580b8641022063bec0
0,        680,        680,        1,  3110400, 31391b7fd505fdb3dc345118f82e7f1d
0,        681,        681,        1,  3110400, 08a6008dd4b17564cea0baca387c8485
0,        682,        682,        1,  3110400, 653a200e7092c3b2786384655e3e9eb2
0,        683,        683,        1,  3110400, 2673a8b752af6bb1960b95647c9a0ba3
0,        684,        684,        1,  3110400, d0360f2e35c188bf039fb7d22d6cf8d5
0,        685,        685,        1,  3110400, 0f7b4cafcfa1fa5283747e096bcb9117
0,        686,        686,        1,  3110400, 3e946c3e5952b77e648d6a924a5c32ae
0,        687,        687,        1,  3110400, 117a9f082feb7fe58ee303f587ff0a6d
0,        688,        688,        1,  3110400, dabe8792a3d2557d54060401f07110bf
0,        689,        689,        1,  3110400, 5045d92e8a69220261b9489c13a3fc39
0,        690,        690,        1,  3110400, 530e0ffd721f06ee34c9a3be5a8fcedc
0,        691,        691,        1,  3110400, c3bc6c775afefb0032ee28fcb31025b2
0,        692,        692,        1,  3110400, 76ad9757ae2fb1af668d5f63c91298cb
0,        693,        693,        1,  3110400, 9ce1f784fdeb3e884ff328ae89c24788
0,        694,        694,        1,  3110400, 2123d23ba7c434ec47bd766c962c2476
0,        695,        695,        1,  3110400, 65a11f032348b09dab8945acc196b436
0,        696,        696,        1,  3110400, 38bec0bbb6697547f82e495f207015bf
0,        697,        697,        1,  3110400, 34e5651046b84654071658b370040765
0,        698,        698,        1,  3110400, de4c0f6b1b8d12069968d88ed491c3fe
0,        699,        699,        1,  3110400, 18e36a8016e68b2be42d8402d35b8ab5
0,        700,        700,        1,  3110400, 720204780b2b39c0b54c89800b85b142
0,        701,        701,        1,  3110400, c8d0eec7df40ba8b2f3eb82e79385804
0,        702,        702,        1,  3110400, cc7fd10191c9a9c5fc89d4acbf55811c
0,        703,        703,        1,  3110400, 2db9dab88c66cd9741c24dbe9a66e883
0,        704,        704,        1,  3110400, d1cfdbda5555c0b10661da6885337175
0,        705,        705,        1,  3110400, c8e3a2cea25078c90ec9bd5887df3853
0,        706,        706,        1,  3110400, 46a7089dd7cc3e7b8eb98d1625e10f08
0,        707,        707,        1,  3110400, 470bf889b31c98cd6043c89e2a3a0b89
0,        708,        708,        1,  3110400, 29b575a4eb747257fe2fa8b5de857db1
0,        709,        709,        1,  3110400, bd5b1726c415bf4821288da8516d5982
0,        710,        710,        1,  3110400, 1e33d3359980341ffb36163fcf985fc2
0,        711,        711,        1,  3110400, cad5f816aa5cc7ebd5b6f54e3b3e72b4
0,        712,        712,        1,  3110400, 469844d03d8bfbfbc528c88133a5d597
0,        713,        713,        1,  3110400, 4acc212d4f49aeb25fe51beda87cc0a6
0,        714,        714,        1,  3110400, e8b8cea1b300e1de297e1912b58d72f6
0,        715,        715,        1,  3110400, 1a4af259457cffc0f7f431986b035d4d
0,        716,        716,        1,  3110400, 6c621fa503b4ea94070ef8b94533d981
0,        717,        717,        1,  3110400, f516d8d04f64fb1a74b8314b932f9890
0,        718,        718,        1,  3110400, 526cd8f0480e61b9b754bdc2499bad35
0,        719,        719,        1,  3110400, bf86f87fb190db44494eee4a24473467
0,        720,        720,        1,  3110400, 29341a6c8e09696c20b43f0f4b064091
0,        721,        721,        1,  3110400, 9b31897e932c97ea57d246300778d544
0,        722,        722,        1,  3110400, 42d3b160a92cc55bdfabb98c40d6a9f3
0,        723,        723,        1,  3110400, 647d6d47f2f90e158bd029e9670ea49d
0,        724,        724,        1,  3110400, 7e6f4bf5f5f66a73c916b699e81a9f86
0,        725,        725,        1,  3110400, 414ef0ae11a105331f4eca7393044cd5
0,        726,        726,        1,  3110400, b7f7e63c0c0b4599dbce037924337819
0,        727,        727,        1,  3110400, 45b91d7c4b5421e1557930122ecd6c97
0,        728,        728,        1,  3110400, 68e92882ab308bb94a48a2e8cfce8003
0,        729,        729,        1,  3110400, a91e95f20af2de4248ed1381e54c26b2
0,        730,        730,        1,  3110400, 2afe6251eb6146cc6a9373a12c2fb970
0,        731,        731,        1,  3110400, 23b4966d57eca1d3c594c9acf3dab894
0,        732,        732,        1,  3110400, a0c086f7d51747929d771e7d55537ced
0,        733,        733,        1,  3110400, 7d74f219bf5c92aeabf4cc58f3615b91
0,        734,        734,        1,  3110400, c9c6db45e2ab93ca2b3f5b46d940d0a5
0,        735,        735,        1,  3110400, c2e5af6a32d6f748d669655fe4a9c3a2
0,        736,        736,        1,  3110400, 4a0b1567fb01f27d48c2656dd3d2706d
0,        737,        737,        1,  3110400, ab924a2e009db9f07b8c27b36fea35fb
0,        738,        738,        1,  3110400, 2dd7a0c565aa7c6e550e871bd0a176cd
0,        739,        739,        1,  3110400, 4b54d2ef42167a5654a1ef4ad44f08af
0,        740,        740,        1,  3110400, 55b84b43023545157d53af869ca48a82
0,        741,        741,        1,  3110400, a1d2239aaadd1d2dd5b71f17f72aa79e
0,        742,        742,        1,  3110400, 3bf7e7b29383d095a151edd28799142d
0,        743,        743,        1,  3110400, ad90ac753084d699675b6a3d9fe77071
0,        744,        744,        1,  3110400, b75e4b11d49abfe94d660794c9cc1789
0,        745,        745,        1,  3110400, e36dc2a7c6043111280bfcc56b5b9e6d
0,        746,        746,        1,  3110400, 7ce741a02c18be071288533f30faf932
0,        747,        747,        1,  3110400, 5382a9fbe9fec8e3ab35937e9a97a84d
0,        748,        748,        1,  3110400, 1de6c5caf89c2295b8ccb9dfe31780f7
0,        749,        749,        1,  3110400, d123c4e0e83ff073be61e003fdc98328
0,        750,        750,        1,  3110400, c0867c80d53dfe198b80b093a168e7e4
0,        751,        751,        1,  3110400, f0d952d55d4027460cdd3e55962b3e82
0,        752,        752,        1,  3110400, fccc3d5a5fdac8b62c9d67ad670618bd
0,        753,        753,        1,  3110400, b0a790a3f6cf6c053b8a636ee670fee8
0,        754,        754,        1,  3110400, 2a6b7c49eb0c87498f733a67703ea840
0,        755,        755,        1,  3110400, 23d2218f24df3ad16c71515e00aea0f5
0,        756,        756,        1,  3110400, dfc9bfdb48033a99009d5bc58a2b1f08
0,        757,        757,        1,  3110400, 74e2b35cab71f4600a70e51e4617ae30
0,        758,        758,        1,  3110400, ec9a8e16da27257444c532b1bcb8f504
0,        759,        759,        1,  3110400, 1da98f68375496e8b104b48af077dbf0
0,        760,        760,        1,  3110400, 1e1c0eec156ecce78cc02742b66bdac2
0,        761,        761,        1,  3110400, 0deb59ee435a58cbc6234f0572cac016
0,        762,        762,        1,  3110400, bf7c84aa135065744b23d03800ecc0fe
0,        763,        763,        1,  3110400, 74f7ff250b5f5853e2e85ace2a057840
0,        764,        764,        1,  3110400, ac517198bac4e1990456cdd487ba4576
0,        765,        765,        1,  3110400, 45695379710f353f435cf3b27a503bea
0,        766,        766,        1,  3110400, 417708296065330c194183ebe9a912b5
0,        767,        767,        1,  3110400, ecf067350a2a08c85be6b7eade6550c5
0,        768,        768,        1,  3110400, 15492f8895a1ca64bf5a6610c2c6040a
0,        769,        769,        1,  3110400, a6f10efa504b33f0486efc86d2335daf
0,        770,        770,        1,  3110400, 5d630da07aa81d9ae4cfb0afbfc17acf
0,        771,        771,        1,  3110400, 8be15c5dda03380fa920977a841346a5
0,        772,        772,        1,  3110400, 58e943b2e68f670868ee7b2204b00e77
0,        773,        773,        1,  3110400, 5ad18ceafabefc8f0400ff96a0eba2b1
0,        774,        774,        1,  3110400, 85c9d20ed1058cb080187e5a57a5b266
0,        775,        775,        1,  3110400, 21654490ff5a6ab7c4e07c2c2f667ce1
0,        776,        776,        1,  3110400, e26ef16386d8c8b1b8b96cc8cd0dc884
0,        777,        777,        1,  3110400, a55cb36ce930a3ef7721cde74a4cd531
0,        778,        778,        1,  3110400, deef4f877aa16b00ab21a3ad9394e401
0,        779,        779,        1,  3110400, 5fe79bcbf9ba2c093a4706d3370c4582
0,        780,        780,        1,  3110400, 4e8525ac5218057c44c8533ee993a33d
0,        781,        781,        1,  3110400, deb83b4ddb839f03edd1cb04ba927fd8
0,        782,        782,        1,  3110400, bd858bc651b18a2a44b7d9bbd7bf24d0
0,        783,        783,        1,  3110400, 75e5d219338979cf100ea587e42224ee
0,        784,        784,        1,  3110400, c39673a46355d058b2e5ce6cf2043958
0,        785,        785,        1,  3110400, acdc9d989184ae105c8bb6ccca0bdb94
0,        786,        786,        1,  3110400, 8b97afebf2ae340a2923bf59da10354d
0,        787,        787,        1,  3110400, 51957323091feda98bfcae5094e76681
0,        788,        788,        1,  3110400, d2df01ba990286a4991c0954f0c29cb2
0,        789,        789,        1,  3110400, 7cc68151f0eead6e370b74edb9bb0969
0,        790,        790,        1,  3110400, 830080f51f5a71aa6d21e9efaf4ba536
0,        791,        791,        1,  3110400, e95ac765d2b08740b3a10626e9136136
0,        792,        792,        1,  3110400, d35ac1c5ca26c05d832850b36d06b642
0,        793,        793,        1,  3110400, 462bbb3c4e664bc296cf6f3a6f1bf9ba
0,        794,        794,        1,  3110400, 3e612182cfb85807b65a1fbe486c3e5c
0,        795,        795,        1,  3110400, 06dbcee8f5fe8732db6adb25a194aec1
0,        796,        796,        1,  3110400, db9c39bd69bc7b4b0a902f81d7839c39
0,        797,        797,        1,  3110400, dbcbe6c1c51c252116654056d525133d
0,        798,        798,        1,  3110400, 22b7eaaed38a642d8f8f9d6eefbbbae9
0,        799,        799,        1,  3110400, 2d0d2fc5d0c15a0d368b5859f165aff7
0,        800,        800,        1,  3110400, 8158c348b0d1870cd0de8f15b2ddfba0
0,        801,        801,        1,  3110400, 4f235b41a6d8b37c425e70e609f3630e
0,        802,        802,        1,  3110400, e12930b229fc396fc8d2b3ba268b70f5
0,        803,        803,        1,  3110400, c89b59f73d3e77944faf27225134d646
0,        804,        804,        1,  3110400, 97aa0639bb21b7ebeac0051f941a3cbf
0,        805,        805,        1,  3110400, 3dfa10a3d45a32c11e50d6e74174c15f
0,        806,        806,        1,  3110400, 3084ddfe483a74c1172cc15940e058cb
0,        807,        807,        1,  3110400, 69ab4da78539615ac1f3d8ae99854902
0,        808,        808,        1,  3110400, 09b01a54a7dca4748a375c5aaf781ab8
0,        809,        809,        1,  3110400, 73441dbe28f711996e84a59486ccb77d
0,        810,        810,        1,  3110400, b88ce201aab37647086f9ff89ea05b82
0,        811,        811,        1,  3110400, 21136fd640a4d08b2c418b50f17e46a2
0,        812,        812,        1,  3110400, 4965cb3b964e750cb912aac15a630194
0,        813,        813,        1,  3110400, fbc555828ed8d9d4e02f94fd43f74799
0,        814,        814,        1,  3110400, b239a9a191d5d4fdf450165019488254
0,        815,        815,        1,  3110400, 181cfd8e9cc1d2b63048f351bfd67603
0,        816,        816,        1,  3110400, 0bc798969ca0d83af85432253321204e
0,        817,        817,        1,  3110400, ff65711fbda8f7813bc01e4d3a73900a
0,        818,        818,        1,  3110400, 2437b97a93182e4781ccfacf882a2358
0,        819,        819,        1,  3110400, d2f76926aa00aa61f372e92d3481998e
0,        820,        820,        1,  3110400, 0d1e97d66fcf93fcaeda154afa9317ea
0,        821,        821,        1,  3110400, 6eaa67dd9c157ad6515eec8deed759f0
0,        822,        822,        1,  3110400, 4d3fd9827c8e1f9c75564f36f610ebea
0,        823,        823,        1,  3110400, 980649f9df4d7f1dd86e317a5c4a7dfb
0,        824,        824,        1,  3110400, ecca6914a26ba7d92de5d501020ffb2b
0,        825,        825,        1,  3110400, f3327e7786d4b1a885808dd7c2b2641d
0,        826,        826,        1,  3110400, cbc79d8f6420c4261579018babf842c7
0,        827,        827,        1,  3110400, 7b1b89267c33fd1fc367d7a17fec37bf
0,        828,        828,        1,  3110400, 18e7f6302e40e8a8a727a30161bb8dbd
0,        829,        829,        1,  3110400, c3bd952082bb3298f17e2a5b04d5b850
0,        830,        830,        1,  3110400, 3e313a4fcd778df6d65c4a57d6383122
0,        831,        831,        1,  3110400, 1f948079dd912712bbeb8ffd73d2c079
0,        832,        832,        1,  3110400, ccb460c7be2d4bda377b3d21bf9703c9
0,        833,        833,        1,  3110400, 507e3620ec00c880d325173b247fcc79
0,        834,        834,        1,  3110400, bc2024a4c7c2d130abfc8b7da1c39cf8
0,        835,        835,        1,  3110400, 06125f35adb99d7d8ea3ac98e5f5f04f
0,        836,        836,        1,  3110400, 00698e628344b1d3a107c01c2f3694f4
0,        837,        837,        1,  3110400, 384ca3cbcdf03b68e223e2e903904ab2
0,        838,        838,        1,  3110400, 1de0ac78f146d3c6db1aa60e182ed054
0,        839,        839,        1,  3110400, 333d98b6840798206a49bf48c280579e
0,        840,        840,        1,  3110400, ae470e65b1082f82c2142895eea469d2
0,        841,        841,        1,  3110400, 8efc4046d006cfcfc07bce3e58b296a3
0,        842,        842,        1,  3110400, 10d85197d2bddc381f1719c2cc9d1589
0,        843,        843,        1,  3110400, 6694fbcefbf87db697588ce389fda3dc
0,        844,        844,        1,  3110400, 839e7ef90ef1af93eafd163ebdbef5f6
0,        845,        845,        1,  3110400, bcac735af95463f3e83e3d29551af5ac
0,        846,        846,        1,  3110400, 3738350b064d9e0f82bab24f06b057c6
0,        847,        847,        1,  3110400, 4bbf0b5eb10c47652b82d82650710bf8
0,        848,        848,        1,  3110400, e49f4b8c3f406b4a908af21e64c9f73b
0,        849,        849,        1,  3110400, 7a68d88e1d94fc934cda781253e4d84e
0,        850,        850,        1,  3110400, 77b24f6e5cb9121dff9a08e40d279b37
0,        851,        851,        1,  3110400, 9da00c8a862540b7a7757a6688325ce4
0,        852,        852,        1,  3110400, c632ab86c2c1215e64adf80a1ca50124
0,        853,        853,        1,  3110400, 22c5e6bb2563f663dab72abd7bcde32c
0,        854,        854,        1,  3110400, 82461ebe3465f38994fabad73e02bf69
0,        855,        855,        1,  3110400, b44173a8504175afb111641e5810529d
0,        856,        856,        1,  3110400, 27e8c01be356b2fbf7cb367f9fe3ad75
0,        857,        857,        1,  3110400, 20152f05b8eb6d4beee66e1044011020
0,        858,        858,        1,  3110400, f49e9820aa960885fd001cab2d9b192b
0,        859,        859,        1,  3110400, 10be01284b66905940981e0bc5e4e32e
0,        860,        860,        1,  3110400, b441aadd20d6723cd0f2fd26bfbf7b71
0,        861,        861,        1,  3110400, 73fe5a69272e4e0f6ddf646d7bb0c457
0,        862,        862,        1,  3110400, eb0bfd0651cf080e54049efc1746dc21
0,        863,        863,        1,  3110400, 22d1b8b65c86d5212570322f97aa0832
0,        864,        864,        1,  3110400, 8ecb5a1179ad91022bd442755a5b3cdf
0,        865,        865,        1,  3110400, 5ce3d239d4022f4177dc500469a44c83
0,        866,        866,        1,  3110400, b3e0d7e1a81215d696879788ef5c093a
0,        867,        867,        1,  3110400, dc53d59ca808358414251a28a8fdeee1
0,        868,        868,        1,  3110400, ca8fd5ff42f46446903c7f8941227530
0,        869,        869,        1,  3110400, f30d929000e1dccd0b8084cf9e2106cd
0,        870,        870,        1,  3110400, 7c4bb103d65f86fe2a313bfd101ae1f2
0,        871,        871,        1,  3110400, 10abf3e2d2409b09b95d86197803c028
0,        872,        872,        1,  3110400, 9cabc65e90488e473b2210b2a9a4bd11
0,        873,        873,        1,  3110400, 4bf24a17652a49f4c683a3a1043903a8
0,        874,        874,        1,  3110400, 6d5d1c873370f558b0b316b2f51821e1
0,        875,        875,        1,  3110400, 1df8d8a4ee0c9f06240f2348455e4fd2
0,        876,        876,        1,  3110400, ed14d3281a55597b653c06caae85e406
0,        877,        877,        1,  3110400, 256779fea4c4e5e95a062edd57027a96
0,        878,        878,        1,  3110400, a5f17b4bd2e0afaf323b21576e2b5811
0,        879,        879,        1,  3110400, daa0894ac0091da2caec8d1756d5f207
0,        880,        880,        1,  3110400, 6b72a6898689ce5df09e80eb2f8deb22
0,        881,        881,        1,  3110400, e96ce0852e003c149b7b7482990abb93
0,        882,        882,        1,  3110400, 5d8951aa02ba547d25c80d384baa7976
0,        883,        883,        1,  3110400, 148182eb7448abec28de36ec6fee220d
0,        884,        884,        1,  3110400, 1f7a3515c9da4422a5dbc3bd343d3bc8
0,        885,        885,        1,  3110400, 36f8310b6e5847aab1d691b90269175c
0,        886,        886,        1,  3110400, bac5f8f8806b028534ba509804951128
0,        887,        887,        1,  3110400, a27a593572c25157aebbae68968abe06
0,        888,        888,        1,  3110400, 26fa936124011d2861428cf002cd23c8
0,        889,        889,        1,  3110400, 7f5886d0ea533b85b67ae3d80314a0c0
0,        890,        890,        1,  3110400, e7fd2c957668541371c31f6ea1f5f93b
0,        891,        891,        1,  3110400, cd97aa7241a17c03769582d06daec8fa
0,        892,        892,        1,  3110400, b5a79ad32e6eb3856d1f85e3957163b7
0,        893,        893,        1,  3110400, 38a923554413fd48b0e1ea4feccf98ec
0,        894,        894,        1,  3110400, 07e3b3c70693e406875566ec6cd8527a
0,        895,        895,        1,  3110400, c0bc3967d4b4664f1b2a208e12ebbecc
0,        896,        896,        1,  3110400, 46e1a338931dbf0d008345c5e76ad469
0,        897,        897,        1,  3110400, 83dea819f18345e70dce06aa46e7e3bf
0,        898,        898,        1,  3110400, cc4df6c8a147501060076f7586ec024c
0,        899,        899,        1,  3110400, ed310e50edf122de96fd96d6ac01b027
0,        900,        900,        1,  3110400, d3a3ff0ec75047934908b801ae703acd
0,        901,        901,        1,  3110400, 188f39f78816a24c381e5337f00682a8
0,        902,        902,        1,  3110400, 6313149859d4b90f2e0e8c9b1c484d21
0,        903,        903,        1,  3110400, 3cd284fa5a2a8809a6cb22fb811be156
0,        904,        904,        1,  3110400, fb183fceafc9ed7279bc334c2512fdda
0,        905,        905,        1,  3110400, 565d4f4ac87ee92f272cb3871631725f
0,        906,        906,        1,  3110400, 256a757b2e60482028d6fe50bf229b51
0,        907,        907,        1,  3110400, d8d1e95c75b17fd289c143961238adca
0,        908,        908,        1,  3110400, d88a940f1c98738f58e117ffe151a66f
0,        909,        909,        1,  3110400, 4745c0a3ccd6c995850291c79c19b11b
0,        910,        910,        1,  3110400, 99990c863aa3fbd904b7f181e603094d
0,        911,        911,        1,  3110400, 0ac424afaf1d68556f6319107a08e23a
0,        912,        912,        1,  3110400, 8451f47827f7969f3a4c45e03f55df9a
0,        913,        913,        1,  3110400, 81d85c3400ec6f89d8440c81098ab3e6
0,        914,        914,        1,  3110400, df3ff4ab6bbeec997cb6af5273533257
0,        915,        915,        1,  3110400, 0eb69402611fc8e15664694382de45c2
0,        916,        916,        1,  3110400, 7bb071042a2e4a913ba734aa7ccf5f86
0,        917,        917,        1,  3110400, 73a01a1d8ebc002d2863f9d75d671e44
0,        918,        918,        1,  3110400, 100468e6f54ccb379e91e76fa3c51096
0,        919,        919,        1,  3110400, a15b5495b3763fc41961121dec0ed6c3
0,        920,        920,        1,  3110400, e1c255ad858f8e9c3acb87ab0fe98a5a
0,        921,        921,        1,  3110400, 9dfb62d6107118619b0a509eb902578d
0,        922,        922,        1,  3110400, 77a504611a8496aa056a4961c9f6f6ff
0,        923,        923,        1,  3110400, 745adb6b09293f706a45f7616366738f
0,        924,        924,        1,  3110400, 6749649e0939735ba15af2b4bb83f8f4
0,        925,        925,        1,  3110400, 9d530913a7f87d1a622e1c48966b4aa1
0,        926,        926,        1,  3110400, cdce253e7dcb1b7bc6956fcf09e26f2c
0,        927,        927,        1,  3110400, 838c51f51a932e0e25d0d1c1e64d1367
0,        928,        928,        1,  3110400, 7bd3319de8f238aae6a0bc7a4114e8be
0,        929,        929,        1,  3110400, 1829b384dbee33d271f5aa86e1e38dad
0,        930,        930,        1,  3110400, 0a63931f89349e09a96af6edfacaa98b
0,        931,        931,        1,  3110400, d540a390438e8fe2e89915a8dd9fe5a7
0,        932,        932,        1,  3110400, ceae48fd31fc0c8c627d748004e8d4db
0,        933,        933,        1,  3110400, 3f0f26426e8d5dffbc03d66a56259760
0,        934,        934,        1,  3110400, c0a8946f749c00453574bb82aee79fb1
0,        935,        935,        1,  3110400, ca83f4f9fd78a4cb5b17218f21ad7dc6
0,        936,        936,        1,  3110400, 6914fa42853638b0dec2a2fada6440e8
0,        937,        937,        1,  3110400, 229185ae8f010278f12e1f8d8c1608ab
0,        938,        938,        1,  3110400, f4137edd796f79442e11920457397f54
0,        939,        939,        1,  3110400, e1196e9f29ce0b01e10eda3050c33262
0,        940,        940,        1,  3110400, 46b52f817b615f2c5b94a48ea83e5df2
0,        941,        941,        1,  3110400, 4c0047fb848ccd40bcdff5356bb9a5b5
0,        942,        942,        1,  3110400, efddc085aaeda954b16c78553da3a999
0,        943,        943,        1,  3110400, d86b52370805ac15f950c4a161c29f06
0,        944,        944,        1,  3110400, c5ccef604af0814b8e61be381e90f293
0,        945,        945,        1,  3110400, 46dea665cae88284c8cc831e99ceb527
0,        946,        946,        1,  3110400, 434f892ce5097154ae574420da31de23
0,        947,        947,        1,  3110400, 9635417176d5f26727fe3d28010c608a
0,        948,        948,        1,  3110400, 430d5ff9f6dbfde3ce6c94fe52539ace
0,        949,        949,        1,  3110400, 791cbee6cd196c2fb960a394fc2eea31
0,        950,        950,        1,  3110400, 0e036e8fa373ebad7e8cf6102619aee2
0,        951,        951,        1,  3110400, 472b4775f12103d1e4b4a1e4c65681da
0,        952,        952,        1,  3110400, c519f60a159f5da1c83b3ccc5c255245
0,        953,        953,        1,  3110400, 6a4aa5643d0232af8083070babd3b296
0,        954,        954,        1,  3110400, 3e0d163c5fec3b1cdaf0e8a5618917a2
0,        955,        955,        1,  3110400, 19aaeb894611845b12a62c50dcf6e292
0,        956,        956,        1,  3110400, f6ffa49546e947eec26a368654fd5e73
0,        957,        957,        1,  3110400, 44558c619200fe5fbd3bfb3a6e4af737
0,        958,        958,        1,  3110400, 622f728e7b993c6f9e4719d71dd6bbeb
0,        959,        959,        1,  3110400, b8911e96cd8b74dc37d14e0e96b2252c
0,        960,        960,        1,  3110400, 85410dc4cec391719181085974e6a852
0,        961,        961,        1,  3110400, a9bb4501d5f0cb763f797396ad63149e
0,        962,        962,        1,  3110400, 27343ca3438387714dbbb8a07b74f324
0,        963,        963,        1,  3110400, 0b447db477108eafdfe14825c92ceb16
0,        964,        964,        1,  3110400, 60e5d427f6dabf486319fc7a9914f3ba
0,        965,        965,        1,  3110400, 72ee731027a4bf1401c97c0ef7cb492c
0,        966,        966,        1,  3110400, 50750722fcce6819f4cc20ea443dea6d
0,        967,        967,        1,  3110400, 7f88ade90ec79e97c3214a75a61626c7
0,        968,        968,        1,  3110400, d31ca2447529833514e5af2959c7905e
0,        969,        969,        1,  3110400, 6c8a718e0ff47ea9735d7287e3508d8a
0,        970,        970,        1,  3110400, 027f2b38a83d6a341ec9f9222ce387f1
0,        971,        971,        1,  3110400, 407bac50044f8d8aa01773ee4f124b85
0,        972,        972,        1,  3110400, aa9dd37567b0602c00fbfd33794c6745
0,        973,        973,        1,  3110400, 710104e5a935cf0c1e40133dc37f9de4
0,        974,        974,        1,  3110400, 038846e15145ca6cdc58b9a54938045b
0,        975,        975,        1,  3110400, 3633d8eb62373ff2552572dbcab2347d
0,        976,        976,        1,  3110400, 02a42dbefac59968214d467f50fe76a6
0,        977,        977,        1,  3110400, 3ec3d21785a8482fbfd77d7bcaaeea78
0,        978,        978,        1,  3110400, b9636570061cf7fc95abf2e3206b8e37
0,        979,        979,        1,  3110400, 7da78dfad5bd8742ae92852a406afb35
0,        980,        980,        1,  3110400, 14280d73b005698abd0d26804a1d99d3
0,        981,        981,        1,  3110400, 6baaac2166e7d3d7adf18fd9e0f2310d
0,        982,        982,        1,  3110400, e67211a492cb03a5f42fb5871e56da5d
0,        983,        983,        1,  3110400, cddeda392fbcfeb8c43aece4c6edaed3
0,        984,        984,        1,  3110400, f758a6c46aa39d17c7b9680e31d354d4
0,        985,        985,        1,  3110400, 451282ebd89fcedbbc76aeadfff27dab
0,        986,        986,        1,  3110400, d56ac32923588c6147c0a5b42fe1b573
0,        987,        987,        1,  3110400, 584af39017a8071154fc53651042d372
0,        988,        988,        1,  3110400, 285eb048d4ff4c86b1f218ca1a26453f
0,        989,        989,        1,  3110400, c70a48b186e1a3a4fd80442e6a6af433
0,        990,        990,        1,  3110400, ae29e8ea5077b108046dae760e2a9607
0,        991,        991,        1,  3110400, 643d2e3501a2a6d650a959c6b7fed1b5
0,        992,        992,        1,  3110400, f5bd69589b241f1dec3e0f4e6963f0d2
0,        993,        993,        1,  3110400, 3d7c5868f5cb4c8ec8c2f4c6a6180b67
0,        994,        994,        1,  3110400, 7ee8aae8d5ccf357b3021592c4541cb0
0,        995,        995,        1,  3110400, 02010f4ae8769bfb090ea9118cd5b560
0,        996,        996,        1,  3110400, 4e9a83b9b890595fb92ba8c79f34f9de
0,        997,        997,        1,  3110400, edf65cc02af27ac80b706e0cbe06a9d9
0,        998,        998,        1,  3110400, 1473db5b64eb589e5558bf0bf3d1146e
0,        999,        999,        1,  3110400, 3ec8acadca3efbd7a1a07c4576421bd0
0,       1000,       1000,        1,  3110400, 1c639b6129c774abe385bc4470879ced
0,       1001,       1001,        1,  3110400, fe706363e959d9d5823ac683960f032d
0,       1002,       1002,        1,  3110400, 56d9671895e4c0876106bba4ff48517d
0,       1003,       1003,        1,  3110400, 1b7390a3fce6c78cba55b62ed9de8e1c
0,       1004,       1004,        1,  3110400, c8cf793d7d67ec63f6e8c800bab8b287
0,       1005,       1005,        1,  3110400, 0f3b6904f59fbc53bca3da9ef74db2c7
0,       1006,       1006,        1,  3110400, 830d063b81bd06d0b5fd16f424b02756
0,       1007,       1007,        1,  3110400, 8af0e90eb1d8c4a6c70d9ef8157005f3
0,       1008,       1008,        1,  3110400, fe9c479c53ef938ff6d47afe81ada9e3
0,       1009,       1009,        1,  3110400, 88347ab8d0a095903b3815b632506c4c
0,       1010,       1010,        1,  3110400, aae0882c4a2ef0388ea3e3420fccd14c
0,       1011,       1011,        1,  3110400, 0ac358a30228e47069c977a827312253
0,       1012,       1012,        1,  3110400, c9e2e67816c4285e3bf77b19d4c15b5c
0,       1013,       1013,        1,  3110400, b3765994d070d2a453c3497ed55e0828
0,       1014,       1014,        1,  3110400, 2460a0d1e48faae64daaaf3685de9099
0,       1015,       1015,        1,  3110400, 0c4ac63449e1ac68e6f148a5bf788154
0,       1016,       1016,        1,  3110400, 7cba37f4bc29f2b47dabc4ce419507b4
0,       1017,       1017,        1,  3110400, 1b95bab21e84f53f7b1e8d53e7254ddb
0,       1018,       1018,        1,  3110400, 5aee44d2a753bbf0d3f58ab44d7a418b
0,       1019,       1019,        1,  3110400, 8fadd5b7b3f443d559c110e158b34939
0,       1020,       1020,        1,  3110400, 20000c96585c8a8b751fd707b6cedf48
0,       1021,       1021,        1,  3110400, 4a62acc5b25910c21cf63bab4b13d016
0,       1022,       1022,        1,  3110400, 5ed101f842d5d8a9cf5b2215e1b172e9
0,       1023,       1023,        1,  3110400, 9417e04ebc6dff1244172683b6a7ace2
0,       1024,       1024,        1,  3110400, e9fbc3f6981bb6eab53b7c11099acfbf
0,       1025,       1025,        1,  3110400, a30de0c9c6973ed8627e61fb745d201b
0,       1026,       1026,        1,  3110400, c760b16373817e00978256111392604d
0,       1027,       1027,        1,  3110400, 77071f7253f5f67b2976cd2c67f87567
0,       1028,       1028,        1,  3110400, 96fd6e978b70190d4d8f5308ae670769
0,       1029,       1029,        1,  3110400, cc9b4a9bb73a6e1bd4d93db641cc95a5
0,       1030,       1030,        1,  3110400, 3c5408e5222e43562664ea6b8ca1970e
0,       1031,       1031,        1,  3110400, d24372b86ec557aa5c4ef87c53d0b15c
0,       1032,       1032,        1,  3110400, 17069785a44a2d44c447c7686a13914b
0,       1033,       1033,        1,  3110400, ea6d359992d6e2ed5f70c06d1c4a75eb
0,       1034,       1034,        1,  3110400, 828e134c5e67d13033dc42b889baf3e8
0,       1035,       1035,        1,  3110400, 77bb4b828c37b727c8747a436a5fdffc
0,       1036,       1036,        1,  3110400, 2abf3b7f7cf5e27083f08c7ffba43e66
0,       1037,       1037,        1,  3110400, 1314349ba19f3cadb1df41a642c0c6ba
0,       1038,       1038,        1,  3110400, 8e51aa1c4f5cb733960da0002044bf47
0,       1039,       1039,        1,  3110400, e496b2c9089d4f7c7886167f54c814af
0,       1040,       1040,        1,  3110400, 99a326b1a756b9af459ac39d37b2374d
0,       1041,       1041,        1,  3110400, 97cab5b9182893c1cde959eb0e3ca5b3
0,       1042,       1042,        1,  3110400, c2f172979ec0f47c1ec2f4a2f32fe983
0,       1043,       1043,        1,  3110400, ea6ac303ee4db460be332c4697b62db6
0,       1044,       1044,        1,  3110400, 404f5c024cc2920b434d5548fb41cf39
0,       1045,       1045,        1,  3110400, 0f9bcc299c6a0103eb9e02be90aae9e1
0,       1046,       1046,        1,  3110400, d85bb56e4ec86a3a7de8c66c33893f4e
0,       1047,       1047,        1,  3110400, ec746bb057b0b17495d88419e71fe449
0,       1048,       1048,        1,  3110400, 29ec33ad40a6693f9906c264d5ad1d9c
0,       1049,       1049,        1,  3110400, 1e2304bbfa1335868437f22805120656
0,       1050,       1050,        1,  3110400, ddd5a4fe72eb13ba0f84120ddf249422
0,       1051,       1051,        1,  3110400, 9b7810c055905e5bccdaa076f8878615
0,       1052,       1052,        1,  3110400, 5c2060a8b44cb5eee6e0785a968abe5b
0,       1053,       1053,        1,  3110400, 5013e1e33ca24fac6e2ab67a3e6006e1
0,       1054,       1054,        1,  3110400, aab007e10ae30da11109f04e4382b596
0,       1055,       1055,        1,  3110400, 76bd1d77bc0587ebde17b13b708107eb
0,       1056,       1056,        1,  3110400, d198473723c513ee87c34d3d909388e9
0,       1057,       1057,        1,  3110400, 9f2c3ddf5b2b70e17557569af2680c04
0,       1058,       1058,        1,  3110400, a49f20806a92318cb6a2b03e13d9b3fb
0,       1059,       1059,        1,  3110400, 07b56728f45c106354ce371451229b8d
0,       1060,       1060,        1,  3110400, c81e3e6413bd906683a42718efe46eb0
0,       1061,       1061,        1,  3110400, c475e13044897d67688d9e93a8c24007
0,       1062,       1062,        1,  3110400, 61bbd417b1139a978fb45e915da3b89a
0,       1063,       1063,        1,  3110400, 8a921ca2850e97bf1d22ee2934b675ae
0,       1064,       1064,        1,  3110400, e3b0b1547767830c54145cc7866be21c
0,       1065,       1065,        1,  3110400, 83b21be6b5e79b9ddc03517559ddef7f
0,       1066,       1066,        1,  3110400, 55b3c42630a8049fc0c65275ccd69b9b
0,       1067,       1067,        1,  3110400, 6358c1883cafe166821d59db2e69761e
0,       1068,       1068,        1,  3110400, 8566bca75ffa6eb665a52437168bec5e
0,       1069,       1069,        1,  3110400, 4ec19b9e5f7493c96c42ac6395ff3cb8
0,       1070,       1070,        1,  3110400, 1c68b076f0037d537fd3af7650d51be9
0,       1071,       1071,        1,  3110400, 20fe26947596438af084cb9303ece9ff
0,       1072,       1072,        1,  3110400, 984549a848317191832ec0a25b227897
0,       1073,       1073,        1,  3110400, 126826eb10217dbf08126e6c4ce356a7
0,       1074,       1074,        1,  3110400, d0bcebd33ddb5c4f62302f79f8ad5dd0
0,       1075,       1075,        1,  3110400, 397057ec59ba73eb17eee1c9f0e6d677
0,       1076,       1076,        1,  3110400, 719d14d1d6c71546da120634f66e5ccc
0,       1077,       1077,        1,  3110400, fc144cd17268a77a02b508f9c87c30bd
0,       1078,       1078,        1,  3110400, b09a198b612a8e148e581a00160c56a7
0,       1079,       1079,        1,  3110400, ff298a36adff7e7a1a3bae224fe7fab1
0,       1080,       1080,        1,  3110400, bd54da872a1fa5ec318515060e02cf14
0,       1081,       1081,        1,  3110400, eb860e52b97b5b69caebd8bf9ba9091e
0,       1082,       1082,        1,  3110400, 5a24c774eb1561015c5a1c3ba1202def
0,       1083,       1083,        1,  3110400, e498f45e3239f7b26634f75a7bc501cd
0,       1084,       1084,        1,  3110400, 97d2853c4ae9fd9ecc40f40308972b36
0,       1085,       1085,        1,  3110400, 2dec1079008cf429dcb8389cb35e3c61
0,       1086,       1086,        1,  3110400, 17b9973a549dc4d21d2b3604e22cf987
0,       1087,       1087,        1,  3110400, a1db941e219b788ac5a8082feef343bb
0,       1088,       1088,        1,  3110400, a3361c5e617ee0ead55f426804e869cf
0,       1089,       1089,        1,  3110400, 7aec99b3f804f2abf8df04961064e83c
0,       1090,       1090,        1,  3110400, 88acd43e310e0119511b9471c43b67ca
0,       1091,       1091,        1,  3110400, b42ac1f788e7abe091bec21e0aadf63d
0,       1092,       1092,        1,  3110400, eb7b4005aa4fb0d10a65a017984fa7ea
0,       1093,       1093,        1,  3110400, fbfca397bb905010dea7a1895b47a66e
0,       1094,       1094,        1,  3110400, 378c066dc62297afca42669f5f5b0562
0,       1095,       1095,        1,  3110400, 8316af216a138557f8e0c700a38f1cee
0,       1096,       1096,        1,  3110400, d37c908beb66a5746e970c0f5e9c0e2a
0,       1097,       1097,        1,  3110400, 0b836076f5ac3fd08f7f0ca6c5372ad1
0,       1098,       1098,        1,  3110400, 632e102589af43fba8a3b462322bfa9b
0,       1099,       1099,        1,  3110400, fb342eed246dfe2b8e56ba507854393b
0,       1100,       1100,        1,  3110400, 414e06d699e9265ddd50b6e0e1d4ee9a
0,       1101,       1101,        1,  3110400, 4f320f2699eadbdacf7467b4a55650fa
0,       1102,       1102,        1,  3110400, 431e14a565e0656d7b1c2b24dcf66274
0,       1103,       1103,        1,  3110400, b70ca89b95dddf8627fc4f145d74eca6
0,       1104,       1104,        1,  3110400, 91943ac8205a894f1c804c493df1bb0f
0,       1105,       1105,        1,  3110400, ca699f7e32d2a98172de525386d322a0
0,       1106,       1106,        1,  3110400, 1e90d5d2b5f07aceb8cdcd7faf2e481c
0,       1107,       1107,        1,  3110400, 444436b6c57aba2ce85d1e2d5b34c94f
0,       1108,       1108,        1,  3110400, 13da33717229ed5950b4c8b766fe5b55
0,       1109,       1109,        1,  3110400, 9f48f2535487b600e8ba1ef1e99150b9
0,       1110,       1110,        1,  3110400, efb3ee063754eeabbeeddff68acdfa3c
0,       1111,       1111,        1,  3110400, 4982e748237ccfdad26787349d0a4e14
0,       1112,       1112,        1,  3110400, fe4aa7e401cf2e3c69ed29bbc8ed69c1
0,       1113,       1113,        1,  3110400, 36d39373596699444a5dac7be1f933b4
0,       1114,       1114,        1,  3110400, c1813ae47301fae5b161c39850938715
0,       1115,       1115,        1,  3110400, d36e147c4c693f0c32cad57c60e9b9f4
0,       1116,       1116,        1,  3110400, 43c379f521d827846b76c71237ab2e2d
0,       1117,       1117,        1,  3110400, 8ace70f0bd21b258735772483784d51f
0,       1118,       1118,        1,  3110400, 6d4dfcb67be441dde0acee0c74e10499
0,       1119,       1119,        1,  3110400, 49ff61e0a7c08a8df137206018d0e69e
0,       1120,       1120,        1,  3110400, a1ab1901b3d6b59e144e3a2e5d47a201
0,       1121,       1121,        1,  3110400, c500bb766cab67b997de84af83a1cb47
0,       1122,       1122,        1,  3110400, a3d976709c02c39a645e8a4fac5bddc7
0,       1123,       1123,        1,  3110400, e62ac69a8af25f68688d204f28c1f6c3
0,       1124,       1124,        1,  3110400, 931c2d220540770887a61503845e0df6
0,       1125,       1125,        1,  3110400, 799ec345939c71df2616693f80bab9ba
0,       1126,       1126,        1,  3110400, 51067c06d3c4d7e1dd719eafb5369793
0,       1127,       1127,        1,  3110400, d95ff51cdc3de125d582a06396e4424d
0,       1128,       1128,        1,  3110400, 13544243f70ec3ff3e28e145aacf86bb
0,       1129,       1129,        1,  3110400, b7498e3e33104e5031311e9ec47fce4f
0,       1130,       1130,        1,  3110400, e6975b83a3bfe1118eec0d69106cbd09
0,       1131,       1131,        1,  3110400, 91f66c3129b213fc5cd50c8d935d7714
0,       1132,       1132,        1,  3110400, a26654828da734051955ec2403210373
0,       1133,       1133,        1,  3110400, 23484a3a6b9b76e69094eba8d505c217
0,       1134,       1134,        1,  3110400, a1898e72d7ac90cb1af4195777599477
0,       1135,       1135,        1,  3110400, 7c2a7b3e84e3b368361e0a563e4cacba
0,       1136,       1136,        1,  3110400, ba983b83e019141e87af342c7828a042
0,       1137,       1137,        1,  3110400, 02b388395a3a677bf7a5ac6918edd7a5
0,       1138,       1138,        1,  3110400, 788b0c4748ee2eb1b68b51cbfda140f4
0,       1139,       1139,        1,  3110400, af7bafd2203bffc14d88424a2c36a90a
0,       1140,       1140,        1,  3110400, 212bb86eed77684177b0ee2410616469
0,       1141,       1141,        1,  3110400, 96c4b1736991c39dbb1a8bd5838cc249
0,       1142,       1142,        1,  3110400, 638c8dd9abb86313b17d399089cfb26e
0,       1143,       1143,        1,  3110400, 0c821a8e0604d540bb76c104993ac65d
0,       1144,       1144,        1,  3110400, 7157e1fc8f1f1426472d60a22f8a10ae
0,       1145,       1145,        1,  3110400, a1e3d0be387ad1efe77d65ef325236cf
0,       1146,       1146,        1,  3110400, 80e85b12db1c23c20d18eaa8b9bcb1cd
0,       1147,       1147,        1,  3110400, 8118c15d3211ada0a28ba61584486d15
0,       1148,       1148,        1,  3110400, d8dc1dc0a6be554771cc8c32e48964fb
0,       1149,       1149,        1,  3110400, 9e53726442c322134b1da73cd3dfcfcc
0,       1150,       1150,        1,  3110400, 5b662d511d99194557dc16aa8badb5f8
0,       1151,       1151,        1,  3110400, 169ce701df2e2acd1c7f8c6ea812cccb
0,       1152,       1152,        1,  3110400, 23ff208f377490beb6fdf906337392c9
0,       1153,       1153,        1,  3110400, 2e58d884faa2e4de440629d2e0e80f1a
0,       1154,       1154,        1,  3110400, 50b7f33d1382ee499e1d9ac20726d142
0,       1155,       1155,        1,  3110400, 4d6b6d614833471a892ff2a209cd55ae
0,       1156,       1156,        1,  3110400, ad78c38502d1347ef4023cee86d56803
0,       1157,       1157,        1,  3110400, 5da812484a3590e756fce68830d10067
0,       1158,       1158,        1,  3110400, 10c12d3eafce39ec93ba4a0725c885a7
0,       1159,       1159,        1,  3110400, ec7f3da781e760ef0c2296a0425b0184
0,       1160,       1160,        1,  3110400, f63118e08025ea1f37226d5f71388914
0,       1161,       1161,        1,  3110400, 985735e5b446be438131b052d16e7eac
0,       1162,       1162,        1,  3110400, fff72303d972a133a8aca2fbced740d4
0,       1163,       1163,        1,  3110400, 3391db351f5d7135072af8dcce687ac7
0,       1164,       1164,        1,  3110400, ba9056f45bee1c4de224bbd636d1f983
0,       1165,       1165,        1,  3110400, be5a9d3057cdb7518803ef933b046858
0,       1166,       1166,        1,  3110400, 2b7c5781c65078dc0085609464af6600
0,       1167,       1167,        1,  3110400, 031e3bd33c312663db5691e1f708aa0a
0,       1168,       1168,        1,  3110400, ef66c5e0ff4487707edc53e25e95ad23
0,       1169,       1169,        1,  3110400, 1a126d4ed8c845e6680b825b697098e3
0,       1170,       1170,        1,  3110400, bac940269603dba5a28db2de46582c64
0,       1171,       1171,        1,  3110400, 81d30acca3421d0c98325f16d0aedf60
0,       1172,       1172,        1,  3110400, 76a1f31ac86d0af6ab497adad87a0e4f
0,       1173,       1173,        1,  3110400, 13494d83df5bd8905ba001a5d0a71a1f
0,       1174,       1174,        1,  3110400, d9ae991426192b45a7d5e4b3128d8e56
0,       1175,       1175,        1,  3110400, 3a4e91c550e486e78cc4047c87c4fe20
0,       1176,       1176,        1,  3110400, 5f129ac4a82ad55b76c79868e221353d
0,       1177,       1177,        1,  3110400, f222c9a15187b4136333a1483ecc66a5
0,       1178,       1178,        1,  3110400, f675fc85914f51bda093a85d200a6b55
0,       1179,       1179,        1,  3110400, b7ec3215a9e98c52e8d1046141c72505
0,       1180,       1180,        1,  3110400, 278e096f1a96a7c5a0762f76baaead02
0,       1181,       1181,        1,  3110400, d3f74d3349da32fd815c4e1d530578f9
0,       1182,       1182,        1,  3110400, 1ff4573c949c49452e8f7614378ab896
0,       1183,       1183,        1,  3110400, fdb44e513f9aced98cf08d991caa0557
0,       1184,       1184,        1,  3110400, 5da2946a652901cb8a7047abc5e6775c
0,       1185,       1185,        1,  3110400, 44049d7dc42cf5e3d54bb2005b6bd20a
0,       1186,       1186,        1,  3110400, 830293108b4d2e72e113934fbbe0b530
0,       1187,       1187,        1,  3110400, 182bc43f4132f3d85bb1fe213b78e05b
0,       1188,       1188,        1,  3110400, a19a5285dafca6899035e6c74a8c63dd
0,       1189,       1189,        1,  3110400, 204dc51bde05f157c4bd1c6cde336342
0,       1190,       1190,        1,  3110400, 44571d08025b5607903ba40fbcdbfe9c
0,       1191,       1191,        1,  3110400, c8fd09ba0f701996e231b3c262b3914c
0,       1192,       1192,        1,  3110400, 9833ac7b136f838a234d43c32f7c68e7
0,       1193,       1193,        1,  3110400, d8d8bc23f20122666d5eb06828229aed
0,       1194,       1194,        1,  3110400, cd37bb005fe4350033a9105beee7fbf5
0,       1195,       1195,        1,  3110400, 1ee6242c379295a299140be494d0efb9
0,       1196,       1196,        1,  3110400, a6d6c3b58ef9dfe9a632eba34dfe0f07
0,       1197,       1197,        1,  3110400, 54e6e4577eff9f946a61402dccd7163e
0,       1198,       1198,        1,  3110400, e50cfe808de74e6fae2514c9563eea9f
0,       1199,       1199,        1,  3110400, f1495bfcd74499b325451c40fbb27b66
0,       1200,       1200,        1,  3110400, 5f5f1ea807095afffef5d8567b97fbd3
0,       1201,       1201,        1,  3110400, 6aef43c32232c57dfc4b7466c85509c4
0,       1202,       1202,        1,  3110400, b4bd139cfb6352097b71e05526a425dd
0,       1203,       1203,        1,  3110400, c7c752b55882d06a289d1db3e6909278
0,       1204,       1204,        1,  3110400, e0503376f38fe40326a474f27744ff79
0,       1205,       1205,        1,  3110400, a053bca30460d6a634ca123e9d162e10
0,       1206,       1206,        1,  3110400, 94333b02e45e53a12589c7b5d45e2baa
0,       1207,       1207,        1,  3110400, 3da55cde43da1ed0782a8dd0eb17745c
0,       1208,       1208,        1,  3110400, bb0c606e8587f1ce44e98bf5800e6e08
0,       1209,       1209,        1,  3110400, d16362bf434747cf51eca02d26cdf548
0,       1210,       1210,        1,  3110400, e3e34d0daf4d63f71c6b35c2fffea0e5
0,       1211,       1211,        1,  3110400, 9edd8d9897d80af7ae40741366279549
0,       1212,       1212,        1,  3110400, c374598f4e63366be858abf520b1dc2f
0,       1213,       1213,        1,  3110400, 401d65c41494497ab26bc720f31d6d7a
0,       1214,       1214,        1,  3110400, deb84f05cfa2fc45a2b9d3a2090c3ad6
0,       1215,       1215,        1,  3110400, 7992c7a9e9ad1509dfcd0913afb69fc3
0,       1216,       1216,        1,  3110400, 52fd54ea5499ca9b52088f12b7f08b5b
0,       1217,       1217,        1,  3110400, 3fe545e5ddd525b667a404ba1e9fafa4
0,       1218,       1218,        1,  3110400, 6d1a7104aa80d8ddca8d260a906c9777
0,       1219,       1219,        1,  3110400, b8f0f6113e633d657389752e2f5e4612
0,       1220,       1220,        1,  3110400, 058516c8aad4312fd628178ef0fa2a1d
0,       1221,       1221,        1,  3110400, 2ed0dd3ae5cd5c01a0ba2c8f13b9d553
0,       1222,       1222,        1,  3110400, 9e7f2e569e40d97843324e77db0580c5
0,       1223,       1223,        1,  3110400, 406986a165b37a99e0fd4b50361b882a
0,       1224,       1224,        1,  3110400, 8a257f558ced17855ea44849e57661ae
0,       1225,       1225,        1,  3110400, d15454638764abd54bf6126c80d2618a
0,       1226,       1226,        1,  3110400, ad52c0e7a6e95461d6a37a23569d5507
0,       1227,       1227,        1,  3110400, 588340f238fdf0160e3e0db36e1af553
0,       1228,       1228,        1,  3110400, ef1c0464e50475b1f14aab652f0bbb9e
0,       1229,       1229,        1,  3110400, 938e8a6e0953ec12a686f149268dc49f
0,       1230,       1230,        1,  3110400, a4921d393b96e2f04970ec934d1bcf22
0,       1231,       1231,        1,  3110400, 64282fccea2d977e0071126fe33b0634
0,       1232,       1232,        1,  3110400, 54b876b9b21692a703a29a25d1110c21
0,       1233,       1233,        1,  3110400, b02fe711d06a6d9b658c968c8a34e5a3
0,       1234,       1234,        1,  3110400, 431d7c1bd98716999d87bc0247d8f4a1
0,       1235,       1235,        1,  3110400, 59dc0979adf99acdd79ecc6468e9fa33
0,       1236,       1236,        1,  3110400, 21aaee605bb6f4cf1ba1c94e9214d237
0,       1237,       1237,        1,  3110400, 0b37504153a84af42c7069462486eecd
0,       1238,       1238,        1,  3110400, 26077a2cd15ab56a36261ecc2baea09c
0,       1239,       1239,        1,  3110400, 4d536528b5182424e6859f7f748ea636
0,       1240,       1240,        1,  3110400, cd9fe155161e4af8d83d298fc2871e2d
0,       1241,       1241,        1,  3110400, 62b23143aae98dd9bc151e2ccbcc5bf1
0,       1242,       1242,        1,  3110400, e41bf72e7947e02aa490c7ef23104476
0,       1243,       1243,        1,  3110400, b3bdb647100d4258337ecd3c425b46b8
0,       1244,       1244,        1,  3110400, 37e6c89e07dded3e77f27410da0e9745
0,       1245,       1245,        1,  3110400, d81f46ba4ef8395b3cd888c44669937e
0,       1246,       1246,        1,  3110400, aefec65fae0faa1ecad5eea89b743b57
0,       1247,       1247,        1,  3110400, 9991f88326c62f83a995ca82f26f2315
0,       1248,       1248,        1,  3110400, 6aa5fdb992a99d3cc6771639b110b17d
0,       1249,       1249,        1,  3110400, 9fb25ccc9e1311167152711e1f7efb2c
0,       1250,       1250,        1,  3110400, a5bd9bb6accae2edf65e6e7ecf0548d7
0,       1251,       1251,        1,  3110400, 549f81e4137a0ad7ff3559cf490f6839
0,       1252,       1252,        1,  3110400, 3f55376b8476c3793836eba727ebcaf8
0,       1253,       1253,        1,  3110400, 5a9136d193b88e071b19a3c15975690f
0,       1254,       1254,        1,  3110400, 3b110fdfe6958eca55705feff21a6beb
0,       1255,       1255,        1,  3110400, 394d45d6e62653a1f58f741ffd9734fd
0,       1256,       1256,        1,  3110400, 988b9fa379a51e1b2ddef556dbb261cf
0,       1257,       1257,        1,  3110400, 1f0375912934e55dcec900c7272771c1
0,       1258,       1258,        1,  3110400, f2b0f043fe2f90efe8ad7a5d19e8dc3c
0,       1259,       1259,        1,  3110400, 104ae592809f6da5cdcd34002bd83202
0,       1260,       1260,        1,  3110400, 25de3adaa3a00ac64a33cad50bd5f1a0
0,       1261,       1261,        1,  3110400, d75b86ff4f3004a8b2b8561e096c1191
0,       1262,       1262,        1,  3110400, e1c859f117a90bf56d53a960ce5a6092
0,       1263,       1263,        1,  3110400, f02d8408829296c495ee734520cc8b76
0,       1264,       1264,        1,  3110400, f5221233900abf868fff9607ace798ac
0,       1265,       1265,        1,  3110400, 2c297d017639cad807c075b0707b36bb
0,       1266,       1266,        1,  3110400, c9391882bfbbe4da100bf3bfb45b63fb
0,       1267,       1267,        1,  3110400, c8d845315706fec17e6a09c8c75d50fd
0,       1268,       1268,        1,  3110400, 97b3eeaeb4aab65e0af995c89a038028
0,       1269,       1269,        1,  3110400, a855e9dcfd23c4d7514fb0da570b0da0
0,       1270,       1270,        1,  3110400, c5b40f959c89090d0459d32624e6f88d
0,       1271,       1271,        1,  3110400, 2764b8f2fb6bea0f3453d4736ec62834
0,       1272,       1272,        1,  3110400, cbff9d699c3c3b70f7c3a1b9d3bc369a
0,       1273,       1273,        1,  3110400, 1359ea4ae0f38eeeb249eaea25cb24b2
0,       1274,       1274,        1,  3110400, 217e4ccd3ce8197d146ee7a6912056b5
0,       1275,       1275,        1,  3110400, 8b2ff44471487f2b2c0b7f114d32e703
0,       1276,       1276,        1,  3110400, 047799390fec3a30af997984e8c020a4
0,       1277,       1277,        1,  3110400, beee053ac31ff8c639c4823eedf1589e
0,       1278,       1278,        1,  3110400, eb9363eb116f6ebb22a020874c32c97e
0,       1279,       1279,        1,  3110400, 780771416b3912abf009d7ddbd6f92ac
0,       1280,       1280,        1,  3110400, 981d39e407a455b540ebc3f656767b40
0,       1281,       1281,        1,  3110400, f7c0179defe3e3c58e0daa1dd1f03ec8
0,       1282,       1282,        1,  3110400, 4817823e3a6384e2b4a135c491ca1aa8
0,       1283,       1283,        1,  3110400, a1205a7af25b04923d9afff6a130b637
0,       1284,       1284,        1,  3110400, 06e8d0f25fea3a5725a2d902fafa1cca
0,       1285,       1285,        1,  3110400, 185ff190a24c66004ce07ecd33593427
0,       1286,       1286,        1,  3110400, 9219fd445c60a25175ab0ac18144b6cb
0,       1287,       1287,        1,  3110400, 64c9bad12459751c7c34b069035692c5
0,       1288,       1288,        1,  3110400, ee89683df65a700aa5b17b84ee62ff83
0,       1289,       1289,        1,  3110400, db42e5006eaec880c4bff3e71c625963
0,       1290,       1290,        1,  3110400, 680f5523dc46b80bdda844c3b054c706
0,       1291,       1291,        1,  3110400, 3e91fb40702d58e578ebec1b46e31e01
0,       1292,       1292,        1,  3110400, 3a6b3b06ecb3b03bd158ecaf67377e62
0,       1293,       1293,        1,  3110400, 2edd9dedf93e8bc456b9d875074506e1
0,       1294,       1294,        1,  3110400, 6800e205ee961550bf074d7e5ddb4ef9
0,       1295,       1295,        1,  3110400, 2cf1af43a1140fbfe17dd7b2189c81f5
0,       1296,       1296,        1,  3110400, 140a3dff4438ceca200712759356031d
0,       1297,       1297,        1,  3110400, 914c61c97a2c363089cd50ee689824b2
0,       1298,       1298,        1,  3110400, ba7fe2ae51cc898f82515eda9262606e
0,       1299,       1299,        1,  3110400, 4dd0f1c39cc71a6e7523351263a522e0
0,       1300,       1300,        1,  3110400, bb6a0b245088b25ab3544db8a10365c5
0,       1301,       1301,        1,  3110400, e35f767f11c6adaa872c3f0fef7240aa
0,       1302,       1302,        1,  3110400, 8a422d8faa53cdbd53fd84012296c3bf
0,       1303,       1303,        1,  3110400, 30e8e55f6d7b6ca1c34acccefec6de03
0,       1304,       1304,        1,  3110400, 6ab7be8d103e441707554dbdec431ba8
0,       1305,       1305,        1,  3110400, 870b0c49e81d50686d7783e630de6ada
0,       1306,       1306,        1,  3110400, 3417038f608d93daa58cdcf520c988a9
0,       1307,       1307,        1,  3110400, cf37aae67e58a391c704fa581f06aae0
0,       1308,       1308,        1,  3110400, 6b78a33836d2ea461e92fd53a72522b1
0,       1309,       1309,        1,  3110400, f24b83ff59258b11755dcebd82b294f5
0,       1310,       1310,        1,  3110400, 0a814ef949dfcf3b5b7296a48d1d56d9
0,       1311,       1311,        1,  3110400, 779c5a96517426f2de7d264449abff58
0,       1312,       1312,        1,  3110400, 2da561e476abc66ca97c4601115cd0fb
0,       1313,       1313,        1,  3110400, 956eb21b4bc5e611c2b6c1bea7d24b1e
0,       1314,       1314,        1,  3110400, 0a207f020fa0b6a8d41be957f8b32310
0,       1315,       1315,        1,  3110400, b678f1ea4ecba679e35d51b665504c27
0,       1316,       1316,        1,  3110400, 78b3e543438db72879bd11e66e6d00ec
0,       1317,       1317,        1,  3110400, a49de17482a84243cffc39e77ca043bc
0,       1318,       1318,        1,  3110400, 3f0ee802e158cf07466f56cb09586e28
0,       1319,       1319,        1,  3110400, 3a1854c1f69382eb3161eef4d21f2655
0,       1320,       1320,        1,  3110400, 66e23a2872fdbc776aa7da5e8abed539
0,       1321,       1321,        1,  3110400, bf6a0468b1f7b11f3f340dc66133017a
0,       1322,       1322,        1,  3110400, fbed59471516834e0b63985698bcf1fc
0,       1323,       1323,        1,  3110400, fe25d68239fd51b2a9c679b8c04cff58
0,       1324,       1324,        1,  3110400, 9a9a17e10cd03994243600a34c1dac4b
0,       1325,       1325,        1,  3110400, 84eff8b0a9794f351228e21f92015c61
0,       1326,       1326,        1,  3110400, e370e69bb1d1a347955558b1afc87ddc
0,       1327,       1327,        1,  3110400, e639f01d710537f78e8a8996558b4378
0,       1328,       1328,        1,  3110400, 225fa9d95ac747f1efef0f58027ccc02
0,       1329,       1329,        1,  3110400, a6cdafcd96b94a97c03e4ebc0c34bc96
0,       1330,       1330,        1,  3110400, f5e90d44a12f104c6733c50c0bbbb23d
0,       1331,       1331,        1,  3110400, c2306b28ffeecb5f8f326177336ff6d0
0,       1332,       1332,        1,  3110400, 4e40618536584e9174a514e8ab8ed92e
0,       1333,       1333,        1,  3110400, 933250aa121222b33a90024702456e87
0,       1334,       1334,        1,  3110400, 24f44976851bfeafabfed7284eecf7ed
0,       1335,       1335,        1,  3110400, 4eeb431c3da0f6c2978e5bad06b6327f
0,       1336,       1336,        1,  3110400, fb256100f20f2fd80f9657a95871bf4a
0,       1337,       1337,        1,  3110400, 1d54417f2e4239516137fb1df3c2223f
0,       1338,       1338,        1,  3110400, 7c4ccf63bc357a438825de560936b24f
0,       1339,       1339,        1,  3110400, a0aff700cc21a9ff53ba7ba046bc0577
0,       1340,       1340,        1,  3110400, 4d2bdb4609a5fba30dc69421238d9823
0,       1341,       1341,        1,  3110400, 3ad34f929ff551b77b3811ca2feddfba
0,       1342,       1342,        1,  3110400, b8e27bcf292efcdff155794285b0ef6e
0,       1343,       1343,        1,  3110400, 02a47de2cce9da3da67b6f75a154e7b6
0,       1344,       1344,        1,  3110400, 6e62f7549938aa15516c27b66730e450
0,       1345,       1345,        1,  3110400, d03c230be68ad96f60c73dc496faf76d
0,       1346,       1346,        1,  3110400, 81951cb2f400d2986599390c12505eb6
0,       1347,       1347,        1,  3110400, 2ae25db3d873c0c29db30e471b4df8a6
0,       1348,       1348,        1,  3110400, 89b95a74d82f97663193f0dd2802e5a9
0,       1349,       1349,        1,  3110400, 0940cd0f6790b06c36a7e0cf75600a0f
0,       1350,       1350,        1,  3110400, 1f039908601db2119f44415d996ace40
0,       1351,       1351,        1,  3110400, 23223fc87975de47a8c2f3854263fe33
0,       1352,       1352,        1,  3110400, 51d9cea3174725e06383b338d4fe9b5d
0,       1353,       1353,        1,  3110400, 55ceb78385b369c4abb7a14c2f5c19b2
0,       1354,       1354,        1,  3110400, b2f5bd99cf7b3c2c84ac420f6b66532b
0,       1355,       1355,        1,  3110400, cdf3a6c8e204daf47641007c7fee86ec
0,       1356,       1356,        1,  3110400, d2b693eeeabccfd850ef37712f91be23
0,       1357,       1357,        1,  3110400, a36169a39f1796c58097c885e3253292
0,       1358,       1358,        1,  3110400, fb6ebbae35cbaaadd5030058ffff55e2
0,       1359,       1359,        1,  3110400, 04c6a86ea1ef647a82154b342bc42713
0,       1360,       1360,        1,  3110400, 3cdd0f0913af6ff43447f604dd0f718d
0,       1361,       1361,        1,  3110400, 23965c1e754d444cf0a2b96529cf5c69
0,       1362,       1362,        1,  3110400, 23328e78e6f9eb5020c892a40419d705
0,       1363,       1363,        1,  3110400, 309dfede0b7f59ddb9c6d6614290eb1a
0,       1364,       1364,        1,  3110400, 77c0939b97ba03e70519e64a1429ca80
0,       1365,       1365,        1,  3110400, e7ed1b8712c9bb966d56caa93012dd56
0,       1366,       1366,        1,  3110400, 576c59cc96a1afa5cb39b8bcf8ea263e
0,       1367,       1367,        1,  3110400, 5f7fce73baa55517ac4b69c19bb75569
0,       1368,       1368,        1,  3110400, 5706012df41ab621e937003363703b53
0,       1369,       1369,        1,  3110400, c042a7cb835b211083e9c00039ef7369
0,       1370,       1370,        1,  3110400, cff0e88e5b901cc6eec5e0627fe84ba1
0,       1371,       1371,        1,  3110400, 6f8f86f71862bbb1a16b3c859a5717cf
0,       1372,       1372,        1,  3110400, 81ae3eeb272a866875c253a77edeed9d
0,       1373,       1373,        1,  3110400, 1ac668dfeaf333981cb77c1791b42d14
0,       1374,       1374,        1,  3110400, 6b0c95cfe3c81beed086ab66da9007dc
0,       1375,       1375,        1,  3110400, 5de183cfca6e48a4edbfff89b5b7b87e
0,       1376,       1376,        1,  3110400, f2f0fb7b8e8bb9f2b93c1a981d0ceea5
0,       1377,       1377,        1,  3110400, 1aebf2bd39906d159a3faf19cec28a1e
0,       1378,       1378,        1,  3110400, e4f587ea05099a9910ca3437f9fa4767
0,       1379,       1379,        1,  3110400, 5efe536cea36f5bba4a3771425e29ab8
0,       1380,       1380,        1,  3110400, a1213aea55796db23c45bbd1e9809a3d
0,       1381,       1381,        1,  3110400, 9ca3c46d5cbb1f169e15d6e91e41cb04
0,       1382,       1382,        1,  3110400, 6c40a20cf299433e1064d682b43d0b9e
0,       1383,       1383,        1,  3110400, fd6b0eb2aecdd5758d82130854ca1c7a
0,       1384,       1384,        1,  3110400, 6b47aef2d2e54c31b3bfbc70b5742dcb
0,       1385,       1385,        1,  3110400, f1e01a3ac7bd91b9b6123fe47af39aa2
0,       1386,       1386,        1,  3110400, f33d8ffc77d15214462bd31ef86aeb56
0,       1387,       1387,        1,  3110400, d8adcc09b32645506919bd86341b9239
0,       1388,       1388,        1,  3110400, 816fef1a8c8734b55758efbccfe2e0fb
0,       1389,       1389,        1,  3110400, f537eaaad3e4126fdbb065b2bc4610fe
0,       1390,       1390,        1,  3110400, b7325ce41a1246c454d096a368012485
0,       1391,       1391,        1,  3110400, f7d8fec1b14f5a68ce1f08f7d0db4652
0,       1392,       1392,        1,  3110400, aa4f863aa5e4b1502ec7846abefffe45
0,       1393,       1393,        1,  3110400, eb4dfaf451f02b750167fe4642d2c5f8
0,       1394,       1394,        1,  3110400, b55fa2b6edfee8ceb91c3cea9d74902e
0,       1395,       1395,        1,  3110400, 1f0799a4ff59b02ba210885d17c2f2ae
0,       1396,       1396,        1,  3110400, 7489c416b9ab3951b43ae41ded3418e2
0,       1397,       1397,        1,  3110400, 9f57508c1373ba20ecd41fd9453cfb4b
0,       1398,       1398,        1,  3110400, e959dc5318b5192a1096867cbe138774
0,       1399,       1399,        1,  3110400, f979a63391cd52a653461f6811a88f77
0,       1400,       1400,        1,  3110400, 275476e991676cfee4613c536a3a6660
0,       1401,       1401,        1,  3110400, 7833ceee19b373f6e2c51361a9c78945
0,       1402,       1402,        1,  3110400, 3f2144da8f7654b9e8cf8758b9bf23fb
0,       1403,       1403,        1,  3110400, 7e28a75a1c5af8bb57859e41e734cab2
0,       1404,       1404,        1,  3110400, 0b6147a7d6b1bcd2d93727c42e0bcdb9
0,       1405,       1405,        1,  3110400, c15d0550a34cf7d1451a54f549e34b8c
0,       1406,       1406,        1,  3110400, eaccd3579eabdf69aa3237227e76a67d
0,       1407,       1407,        1,  3110400, d1893e944d5422a6f111c9da2a5e1e09
0,       1408,       1408,        1,  3110400, aded49f862bab56fb5eaea05d41ba3ed
0,       1409,       1409,        1,  3110400, 31c8959a74e1f96d4714f2970b6bb17f
0,       1410,       1410,        1,  3110400, 2fd75243aec506b769652e84fe1d63ae
0,       1411,       1411,        1,  3110400, 9ae276332d783e1ea289f00480c09df7
0,       1412,       1412,        1,  3110400, 5ccd36cbfbfe2220f86817db02798142
0,       1413,       1413,        1,  3110400, aee49f23ace2b3599fa7686b2b164445
0,       1414,       1414,        1,  3110400, 78e8c6d7e0744c8008dc30585438a2eb
0,       1415,       1415,        1,  3110400, 39c02f4072484ca4f4943c7a6eaeb474
0,       1416,       1416,        1,  3110400, e8efd451e8cf5015b1bc08295ca542ce
0,       1417,       1417,        1,  3110400, 3bd695857a19ce2fc852f7a64e60a4c1
0,       1418,       1418,        1,  3110400, 7f106dcc30014bac266530cf9cbfd7ca
0,       1419,       1419,        1,  3110400, 1bdd6d2ffc3ca8ad055bfbf6fb457b69
0,       1420,       1420,        1,  3110400, c0a6e9af44427164b2383d1ea0234c83
0,       1421,       1421,        1,  3110400, c7fa238fa51095cf9b79a4e15e9fbbd5
0,       1422,       1422,        1,  3110400, cc9ee25cca2fd8ebac739890350f074e
0,       1423,       1423,        1,  3110400, 57f2c7867a88b3169a3deec5646f25a4
0,       1424,       1424,        1,  3110400, d024b180bd89b57361aeb49d4c119dae
0,       1425,       1425,        1,  3110400, 2e34718a6c66b33658b5cb087ff21ba3
0,       1426,       1426,        1,  3110400, 121b65d09d8a00af4f236bb8b349105c
0,       1427,       1427,        1,  3110400, 644921691075bc73790625e042867ad0
0,       1428,       1428,        1,  3110400, 40dac884246fe35c4db4949cdb804919
0,       1429,       1429,        1,  3110400, 73d4883f4a70534cb386d5c4c72520ca
0,       1430,       1430,        1,  3110400, 7cb39bba47b3b49f14bc07862c6c6cfd
0,       1431,       1431,        1,  3110400, 77025f344617790057e48d49366ee113
0,       1432,       1432,        1,  3110400, 089c1167c45bafb8840992a0fff6877f
0,       1433,       1433,        1,  3110400, ec2655af4cf773bf76ba2291596ac352
0,       1434,       1434,        1,  3110400, f8a8022a564802309ca2251d4901ce0f
0,       1435,       1435,        1,  3110400, b5f70a2a79163aaf36e3cb8b421634e6
0,       1436,       1436,        1,  3110400, 5feffd34d5b196ffddd4b03290ed36e7
0,       1437,       1437,        1,  3110400, 2e5e0d02f439c699b45bced32c4fca38
0,       1438,       1438,        1,  3110400, 22c4fdcd35b01d1cb4881af30e3ec6ff
0,       1439,       1439,        1,  3110400, ef1945c9033d9414fcde140e3de49473
0,       1440,       1440,        1,  3110400, 4af41612d3eb758605aa321e7fe152a4
0,       1441,       1441,        1,  3110400, 8eba48eda40531b1e2da798b23bfe3d7
0,       1442,       1442,        1,  3110400, c1a27f2c8cec9b441b84a1fc35aaee20
0,       1443,       1443,        1,  3110400, 44651d8cdc17d5984c7383789761e0fb
0,       1444,       1444,        1,  3110400, de1849473c845710359c4c43099e80d1
0,       1445,       1445,        1,  3110400, 27c3414f39ff9cb0a2dd68ae37fb1a28
0,       1446,       1446,        1,  3110400, 2c55a8211f814cd069037587f3cba32f
0,       1447,       1447,        1,  3110400, 8e40c249689e9d77c9df846b9a101599
0,       1448,       1448,        1,  3110400, 9af70177bd3da89d64ea6f2076c40e07
0,       1449,       1449,        1,  3110400, 09590a6e3ead06c5682710ddf0a61bda
0,       1450,       1450,        1,  3110400, 683e4bac7512409d60a4aad0bc775239
0,       1451,       1451,        1,  3110400, 8ed3b4fd3de872a5f9feea5b22e0ebaa
0,       1452,       1452,        1,  3110400, 3905c21d7d92a97eea775224e7555951
0,       1453,       1453,        1,  3110400, 53a46e7f7a6fb710955b46f71bd4958b
0,       1454,       1454,        1,  3110400, fd3b63784ebf36771dcf9af3b0756d62
0,       1455,       1455,        1,  3110400, 991c7f46551552d99c3b760455fbd5f6
0,       1456,       1456,        1,  3110400, 315b23b4fc94d00b277b3a523b2fb978
0,       1457,       1457,        1,  3110400, d6d51a52f9c7bdd6695e9bec4e398135
0,       1458,       1458,        1,  3110400, 782c063d23f17e11c8ef7c83b4092f92
0,       1459,       1459,        1,  3110400, 03e1962a71ec4336db718c4c3d9c8123
0,       1460,       1460,        1,  3110400, 6ef12e4713ebdcbc0e4ddb25713c8c26
0,       1461,       1461,        1,  3110400, 16403a022c03ed2d15c0f05f88cebe76
0,       1462,       1462,        1,  3110400, be1b4c0eef94d5b9b2f28b8896c8296d
0,       1463,       1463,        1,  3110400, 1eacbb8018b4ee788d8c4e378fa7dcc2
0,       1464,       1464,        1,  3110400, 26e903cf30ab22a8905a3159d60e8f01
0,       1465,       1465,        1,  3110400, 75779d8349f1d4677545a0f32a60c998
0,       1466,       1466,        1,  3110400, d1440dd1f84d779bcc8e63b13a38e319
0,       1467,       1467,        1,  3110400, d61c79653712a26e323099104a0882b4
0,       1468,       1468,        1,  3110400, 2121304df5fa0443e552a1848ab8adff
0,       1469,       1469,        1,  3110400, 1cf2aef3bb163f9352d5744789eec6f3
0,       1470,       1470,        1,  3110400, 4739a203252e546fa356a295f2dab8f3
0,       1471,       1471,        1,  3110400, eddd41b1f823803ddd0ebc58bfd7f311
0,       1472,       1472,        1,  3110400, c8ecf37a0bce907d032e10e745fcac7e
0,       1473,       1473,        1,  3110400, 5453825fdfaf554e8114d7317f1dd4e8
0,       1474,       1474,        1,  3110400, 344dcf6e1e79fac830e50977193eb471
0,       1475,       1475,        1,  3110400, 1f5ec6672d1c2c8283dad14ef4ded40e
0,       1476,       1476,        1,  3110400, 738a5f61e7b856b23aadd7f106823368
0,       1477,       1477,        1,  3110400, e85a4e6725796f8e9bd612d06cf7aab9
0,       1478,       1478,        1,  3110400, 99114faed2af4e0eeeaa34493fd8251d
0,       1479,       1479,        1,  3110400, 263c077fb52745f1ff019d6d6e8d34ec
0,       1480,       1480,        1,  3110400, 3210e55d44ddf0223d63f1678d2eb74b
0,       1481,       1481,        1,  3110400, f642ebce970f94b4ebe1d4c36bbf28bc
0,       1482,       1482,        1,  3110400, d3b40099121f7b3b8f68710da9ea265e
0,       1483,       1483,        1,  3110400, 8c259004ba0b261b127a9aba6dae13bc
0,       1484,       1484,        1,  3110400, f43b56177cb007ca06c3f7f2a9fcb2a3
0,       1485,       1485,        1,  3110400, 1608e45270864b2c9868d618aa767daf
0,       1486,       1486,        1,  3110400, ea61d5f7102a5178ccfb5d3a4f6d2ebf
0,       1487,       1487,        1,  3110400, 333f628228b98bbe81869bea87f43c40
0,       1488,       1488,        1,  3110400, 02e5d55dfe18b939f9819c019c72573e
0,       1489,       1489,        1,  3110400, 092e41eb692e8b63d24404cceb993b28
0,       1490,       1490,        1,  3110400, 46712528158fbb747eb5aa9811b4eff3
0,       1491,       1491,        1,  3110400, cc798ade40f6568d989325321a12f87e
0,       1492,       1492,        1,  3110400, e90b0d883a94d44ac6a8411e93d6d483
0,       1493,       1493,        1,  3110400, d61d26b29950f94525e6fa515832a2cf
0,       1494,       1494,        1,  3110400, ce114df8c73cd5553bd02c23c0df5dce
0,       1495,       1495,        1,  3110400, c28a5050939d13e1c230be85b89c4428
0,       1496,       1496,        1,  3110400, babdf4c6d3224d6ff2cc6a1281d027fc
0,       1497,       1497,        1,  3110400, 0f27ae1f8d4b21a8986d77ea12d967b3
0,       1498,       1498,        1,  3110400, 97845d91c58d494b197b7e418f8675ca
0,       1499,       1499,        1,  3110400, e08d8988b866b48619c8364540f5efc4
0,       1500,       1500,        1,  3110400, dd45e4839794e51616adfdf64644bf16
0,       1501,       1501,        1,  3110400, 05ab31b3fe019768e8dee5b8d3499305
0,       1502,       1502,        1,  3110400, 09a66a96d948830365d2321dfeb2b9e7
0,       1503,       1503,        1,  3110400, 50e323cf6f3bdc6ecde47111417dc661
0,       1504,       1504,        1,  3110400, 9383cf88590ec750150cb0d12084a685
0,       1505,       1505,        1,  3110400, b70fead2e4f2c6607a4f6e74c58d99f6
0,       1506,       1506,        1,  3110400, 1bca7d72a8400bc50028b6c6dab327f4
0,       1507,       1507,        1,  3110400, 998d818a8b45801b3787eab97a61a43f
0,       1508,       1508,        1,  3110400, 0b14098637bf970a4b9378457bb6f51b
0,       1509,       1509,        1,  3110400, 18655a2561a097028377741af6b41fd1
0,       1510,       1510,        1,  3110400, dc2f9aac4a1a696644fc0a373469876a
0,       1511,       1511,        1,  3110400, 687b14cc3fcdbe15229c4d031326fc56
0,       1512,       1512,        1,  3110400, 752af85efb7a8fdfd5177fbf8a663c8b
0,       1513,       1513,        1,  3110400, 5fcc43a4d82c296771f98296da4e2007
0,       1514,       1514,        1,  3110400, cbf2b2adfed01e58e1cdf54aed7f2289
0,       1515,       1515,        1,  3110400, 739b9aa7fc8a5dc7bd79c54b690dc88b
0,       1516,       1516,        1,  3110400, af0c8fe21fa6ce1e317be3ef47abbe72
0,       1517,       1517,        1,  3110400, 3a1a4fa650c3f2e9b35dd8192bb71b1c
0,       1518,       1518,        1,  3110400, a8ec70fd677cfc93582ecb8c6c9a0a01
0,       1519,       1519,        1,  3110400, 70985939a48826a4ad309546682aff36
0,       1520,       1520,        1,  3110400, c824b73516864f5a6290b05a003605db
0,       1521,       1521,        1,  3110400, f8565325292fc538034207325a6f9cec
0,       1522,       1522,        1,  3110400, 530cdecb3f3811f7477bf3ef72a5d2e2
0,       1523,       1523,        1,  3110400, 69b2dff7d4d0c45f2df3657d9c54867c
0,       1524,       1524,        1,  3110400, 2828947530e4d840d887abb11e78b8d2
0,       1525,       1525,        1,  3110400, be2df72395c6ed91ba05a93a36a83c02
0,       1526,       1526,        1,  3110400, ec5c38b2b74e97725cdd679a9f285dff
0,       1527,       1527,        1,  3110400, 72ecc0028b55db1e435a888d77f53025
0,       1528,       1528,        1,  3110400, 93cc7d26f3d692a290fcd0172afb7af5
0,       1529,       1529,        1,  3110400, 9d95a3d3ddae18705a1d0e8ea104bb7a
0,       1530,       1530,        1,  3110400, ce168d5f361412ce90d321aa3b6840db
0,       1531,       1531,        1,  3110400, ffd728f4a1549a89b109a2c113cb38ee
0,       1532,       1532,        1,  3110400, 9462e20b4361e25608aed5390abeb919
0,       1533,       1533,        1,  3110400, ff6c10b2ca23becb6c2a1272e7f75b46
0,       1534,       1534,        1,  3110400, 3573012857f71b47060f3d434e17243f
0,       1535,       1535,        1,  3110400, a59c59ddfad2bd62d4b173ce79c7f341
0,       1536,       1536,        1,  3110400, b502c3b054ff3f5bd49e84dce74266d8
0,       1537,       1537,        1,  3110400, 0e2fe37be9bd75f594c8314e55bded8f
0,       1538,       1538,        1,  3110400, 0edc43e6509177510349877ea54c198f
0,       1539,       1539,        1,  3110400, 624c5b449723d20fbd68e792a92047a9
0,       1540,       1540,        1,  3110400, 78a7ffa2eea52138dc8b850abae5a340
0,       1541,       1541,        1,  3110400, 3be772d716922cf0ef47fe223e881fda
0,       1542,       1542,        1,  3110400, b3ee43c1f0103f4074c10b514f4a9765
0,       1543,       1543,        1,  3110400, 00ce6d08a794fe7ba1e0bdf4e407c03c
0,       1544,       1544,        1,  3110400, 919b62c4efaa34ee0f5c6a1683fedc0a
0,       1545,       1545,        1,  3110400, 6191237f438d34790a0307b83f9d5a2d
0,       1546,       1546,        1,  3110400, e719be58c692b1896548408a43195ba6
0,       1547,       1547,        1,  3110400, 41b1884e8665a6675aadb68c5fb9eed9
0,       1548,       1548,        1,  3110400, 17e0bacc71927f41aaad50a7baf9a9e6
0,       1549,       1549,        1,  3110400, 218607c2c60761770830722cca04d4a1
0,       1550,       1550,        1,  3110400, 256b67c87c0b064f46531f87d1306974
0,       1551,       1551,        1,  3110400, 3feea5016aa6eae89cf18cb4b8918678
0,       1552,       1552,        1,  3110400, 9ec0bbebdeda7263439908e1d5b941d6
0,       1553,       1553,        1,  3110400, d381af9482e011f3de8c4d952709e779
0,       1554,       1554,        1,  3110400, 20437f6a256a9f66401df995c48f92d3
0,       1555,       1555,        1,  3110400, fe376f638549ae3baff948d96945a125
0,       1556,       1556,        1,  3110400, c05d7d8d86ee9397e7b8cf37f20d63a9
0,       1557,       1557,        1,  3110400, 9507c666b99544e1a03f44a79e78487b
0,       1558,       1558,        1,  3110400, 4429e4a1afd2c44c7b3b00e903627176
0,       1559,       1559,        1,  3110400, d99dc8b3feac4858724d66abf814ee19
0,       1560,       1560,        1,  3110400, 5451f01270f43be79584fd7fd8fcb787
0,       1561,       1561,        1,  3110400, da883841ccf39c7142442f1a0574477f
0,       1562,       1562,        1,  3110400, c76499297678f2c41345ea1436727c11
0,       1563,       1563,        1,  3110400, e08b350f9ef11fe8b63fc88659573ced
0,       1564,       1564,        1,  3110400, 7a0c1a09330189e46e139ce737c9c834
0,       1565,       1565,        1,  3110400, f53a574d2048bb5e66088d6c6d980e16
0,       1566,       1566,        1,  3110400, 12c7bc1db8c1f666054b79b13fa61cf3
0,       1567,       1567,        1,  3110400, cbc28845f346d4d889b48fe90f6b16a3
0,       1568,       1568,        1,  3110400, c07bdf997025c81d14010484d930fda4
0,       1569,       1569,        1,  3110400, fcbb863880b39032c7ac366778603caa
0,       1570,       1570,        1,  3110400, 80843ba103c75b0d261514774fff3ddb
0,       1571,       1571,        1,  3110400, 5c4f562acd2dd5e2546f0e3bdbaa2b0b
0,       1572,       1572,        1,  3110400, 7cae063be58041057c749eeb134371e1
0,       1573,       1573,        1,  3110400, 80a8878c4d6febd03152963de5e28059
0,       1574,       1574,        1,  3110400, 3f5d44addddbef0465c0eba9a391c9e7
0,       1575,       1575,        1,  3110400, 259f958331b32da8c36f4e089e13d72d
0,       1576,       1576,        1,  3110400, 0d7cbe0b14caae8909e7b80e7cba0998
0,       1577,       1577,        1,  3110400, c8b7e45071247ad9f02a1a01c6f7c950
0,       1578,       1578,        1,  3110400, 188417ad6536d691abd11756d44caec0
0,       1579,       1579,        1,  3110400, a52ab2de744a59f4d07b6c960d057487
0,       1580,       1580,        1,  3110400, fd3bdc26bb072b94076735a56319a529
0,       1581,       1581,        1,  3110400, 3944d7d978bc7d9c972cc3bb2bc416cd
0,       1582,       1582,        1,  3110400, 326ddf453dcf09811d61bfa6d54827a9
0,       1583,       1583,        1,  3110400, b6f1aa01c4ecbe1655c055daef81adfc
0,       1584,       1584,        1,  3110400, 9438ee1261ceee544300ec3a1de34ed9
0,       1585,       1585,        1,  3110400, 3df4ace5a253d5a590a02da68c433acd
0,       1586,       1586,        1,  3110400, 25be0fc73e114c2743ab469d1c88c13d
0,       1587,       1587,        1,  3110400, 48e4b4f3197d2afee2b61d8fbc5ac40e
0,       1588,       1588,        1,  3110400, 8a6dcddf06c598c0593802d08ce3e155
0,       1589,       1589,        1,  3110400, 5d659020d4e6b97d90ed8ab3b25bfc65
0,       1590,       1590,        1,  3110400, aca3b9e475ea16514bb39b307d94d8a9
0,       1591,       1591,        1,  3110400, de2de0d0a2848383fb2b8651752fb432
0,       1592,       1592,        1,  3110400, 3562b2e97474e4a45dae8ec83298f0dc
0,       1593,       1593,        1,  3110400, 958f587999e292bd23c9a5058e2267f4
0,       1594,       1594,        1,  3110400, aa855301791bc556e4ee8b930a4a8f7e
0,       1595,       1595,        1,  3110400, 6715bf94341d9a7fe74a2a72d3e4b10c
0,       1596,       1596,        1,  3110400, 08e22b69b0e67d50d89768621c0d1704
0,       1597,       1597,        1,  3110400, 62a3a8cc0cb77d4acb2298e88b3765fd
0,       1598,       1598,        1,  3110400, 79c9167c5b06bbb29b92f0f1e140a23b
0,       1599,       1599,        1,  3110400, 3fe387a91d1a376e46ad429ee677432a
0,       1600,       1600,        1,  3110400, b487d0339b20b4f61dd49f57e7488827
0,       1601,       1601,        1,  3110400, 550987a32d149d8177bf85a1c8f964f1
0,       1602,       1602,        1,  3110400, 9dee0a2d153a95a1bf546488d47247c3
0,       1603,       1603,        1,  3110400, dad6705b1f4d7a9a8df6ad76c467b379
0,       1604,       1604,        1,  3110400, f4f098142bc9bc13822a456f5ca6bcb8
0,       1605,       1605,        1,  3110400, 43859567a278f64aee98f2ce10d3e192
0,       1606,       1606,        1,  3110400, ae6893cf8c141ea6438a5fce7881509e
0,       1607,       1607,        1,  3110400, 0b04f41f004feb5588a996820206c763
0,       1608,       1608,        1,  3110400, 7e7e486384f2ebccfb2d0ea077a9503e
0,       1609,       1609,        1,  3110400, 2f554eded2c978aa005c9815b564fcbc
0,       1610,       1610,        1,  3110400, 59f4737dd86aa2abc4fa3df07950efc1
0,       1611,       1611,        1,  3110400, 29877062c22fdeac654594685ad3b548
0,       1612,       1612,        1,  3110400, eeab67b457604d6b62ae9e3cea251cd2
0,       1613,       1613,        1,  3110400, 99a8c7a493548c1547519ac4509969b5
0,       1614,       1614,        1,  3110400, 89760fddb2775df5ce9ff260ea066b8c
0,       1615,       1615,        1,  3110400, 55a90533d8fa8773a123ae3c772cff08
0,       1616,       1616,        1,  3110400, 21ac549c8c85e9cdea09e849c0dcf949
0,       1617,       1617,        1,  3110400, c5d2d0cfb47eaf76569f6db96309244a
0,       1618,       1618,        1,  3110400, 9e2012669a2862f0a4cc699eb1011347
0,       1619,       1619,        1,  3110400, 6843eca30a27c136c19a9d16036829e0
0,       1620,       1620,        1,  3110400, 77408bbfee2a266883388d4dc979b858
0,       1621,       1621,        1,  3110400, 171a5c5c307dc7ae15d3d79e4d7b09cb
0,       1622,       1622,        1,  3110400, ec556414bfbf68a4b1846634b7d041e0
0,       1623,       1623,        1,  3110400, ea8f5ecc4669c4b2e4bf5d8a113de335
0,       1624,       1624,        1,  3110400, 25448ace201e871b6f8451146185b0b5
0,       1625,       1625,        1,  3110400, e0e338a634d2af368db69f9dead5dcbf
0,       1626,       1626,        1,  3110400, 9671c8a5f2cc41f554a902be6324dadc
0,       1627,       1627,        1,  3110400, 8f908af34df2c6bfbea46743a3f62d4f
0,       1628,       1628,        1,  3110400, 72c9b190cf448c71ae8fe19a4e044c4c
0,       1629,       1629,        1,  3110400, 328c959c9c9094d2b8e5e9363fc56df0
0,       1630,       1630,        1,  3110400, 9d7e75983274b00704ef6119243f7838
0,       1631,       1631,        1,  3110400, 13bd287208d36a7699aab0a870420568
0,       1632,       1632,        1,  3110400, 9dc85df62a84a99a954fb3c1463dafb5
0,       1633,       1633,        1,  3110400, 1544c7d95db4b9017d2d868b9ce5eead
0,       1634,       1634,        1,  3110400, 86b56499fcbad46cf83ac1ec6ab48875
0,       1635,       1635,        1,  3110400, 08dbb7974550aa53e94caffdd2098ef8
0,       1636,       1636,        1,  3110400, 23defc553aa7098b480c9bf000b31e77
0,       1637,       1637,        1,  3110400, ce8fce15e3bd9909781d5c1ab83a827c
0,       1638,       1638,        1,  3110400, c4c60d2e273c49e59e261df42d7f71f5
0,       1639,       1639,        1,  3110400, 8a73df46d4a9f981bbe65436e23c223c
0,       1640,       1640,        1,  3110400, 9592c8138549306a35f0c3a521f897e4
0,       1641,       1641,        1,  3110400, 7691bca38a4d803dc47cd787a4dddaf0
0,       1642,       1642,        1,  3110400, 3373afd669d23a0535e75eb5685694f9
0,       1643,       1643,        1,  3110400, 7ec218a9fa09b01877f719adff2da612
0,       1644,       1644,        1,  3110400, b1bc5d449fa8cc6c61c6fe76480ac0f5
0,       1645,       1645,        1,  3110400, 614552101f7ec58990ce6ff32c8a324a
0,       1646,       1646,        1,  3110400, 3250bb1a03526c6f9efa1a5df2f125b5
0,       1647,       1647,        1,  3110400, 05ddbc3e1032ad99d86d19a641ddaa2c
0,       1648,       1648,        1,  3110400, f965620335de33efd686389200712c67
0,       1649,       1649,        1,  3110400, ae4cbccc9a24cf67dc10cdd255dd710b
0,       1650,       1650,        1,  3110400, d67b1f8f142e86cf1f7aa43cbd129948
0,       1651,       1651,        1,  3110400, 10d3f267e835ae180afe9e61450a87f1
0,       1652,       1652,        1,  3110400, 5d89df4ef5df3ce8f0a23f7b86bc30a3
0,       1653,       1653,        1,  3110400, e2d380a2307fc03daa28f7ed0ff51dad
0,       1654,       1654,        1,  3110400, 0f851754b94f87f526fe5e6675d929fe
0,       1655,       1655,        1,  3110400, 118f5e4cd6c184f796727daabd9a214e
0,       1656,       1656,        1,  3110400, c6fe78fe757cb6583bb15a1eee356a2d
0,       1657,       1657,        1,  3110400, 22837135092af565e0bb072b6e429a74
0,       1658,       1658,        1,  3110400, 85f46788432163761209c3ecfc4f4863
0,       1659,       1659,        1,  3110400, b4531253f36c5ba5d444ea9e773e5701
0,       1660,       1660,        1,  3110400, 311845716ec4930e52ac7cc23ede5ee8
0,       1661,       1661,        1,  3110400, 026cfd42184a9fe97d345d865b36c55f
0,       1662,       1662,        1,  3110400, 6c87cdf977aee5295f953d1ba16744c7
0,       1663,       1663,        1,  3110400, 98496ae42f8b28ca564bcd34dce0dd40
0,       1664,       1664,        1,  3110400, a2ae3574031edff5ffb2dc8dd588c6be
0,       1665,       1665,        1,  3110400, 0244d5788ca31d0a2c1b08af272a1f4c
0,       1666,       1666,        1,  3110400, 729b7de5a96633f850ce16caac9e7495
0,       1667,       1667,        1,  3110400, 63e480454f773c69a9e4be96f58f7fd1
0,       1668,       1668,        1,  3110400, 4412bb037edb0ac7e1d7725ae1330307
0,       1669,       1669,        1,  3110400, 11f9cc49fc459be7aade3f1a4070eb7f
0,       1670,       1670,        1,  3110400, 3cbcd030ab0aef84198c5b75fe208523
0,       1671,       1671,        1,  3110400, c0ba4766306fd56ba545e26f4698219f
0,       1672,       1672,        1,  3110400, f0bce89d6a3b3a2fba146d93ee3e9bc9
0,       1673,       1673,        1,  3110400, e45cdb94f39cfee2368966a4ca8bf9f0
0,       1674,       1674,        1,  3110400, e9d3603f73409ce17deb08bd4ab0e5ac
0,       1675,       1675,        1,  3110400, 8a1aba58246b83f8c0c6b2af65f9c9f6
0,       1676,       1676,        1,  3110400, eddba889a8acbdecf5725cce79e0085f
0,       1677,       1677,        1,  3110400, b8883a5c40b7155223d6df8981fb38a4
0,       1678,       1678,        1,  3110400, 0949d46fa68e366bf6789e1525564b61
0,       1679,       1679,        1,  3110400, e4c9485783cbe2748a684efaf77bb2e5
0,       1680,       1680,        1,  3110400, fa39f47f2acb2824dc615eebc1b2dfee
0,       1681,       1681,        1,  3110400, efa94393e3af9605ea3043950f2b9fcb
0,       1682,       1682,        1,  3110400, 4481ea81a38a183fad07479a7935b560
0,       1683,       1683,        1,  3110400, 5f99a09af750355b90d1d70239e52aa3
0,       1684,       1684,        1,  3110400, 48314417962327c19b01e2d9f425f57e
0,       1685,       1685,        1,  3110400, f493ab8a2b978452eddb0a0b01b68bcb
0,       1686,       1686,        1,  3110400, 7209dcbb3c13c993c937730cae862537
0,       1687,       1687,        1,  3110400, dd5e752fe1c9f2877ffd1b9ca928fee1
0,       1688,       1688,        1,  3110400, 166427bad189f7b7536c0e3b114bb4f2
0,       1689,       1689,        1,  3110400, 295d98b2e356b2ecb029248970026608
0,       1690,       1690,        1,  3110400, 702f7c28ac0a5eb2f954d7884b81527b
0,       1691,       1691,        1,  3110400, 512417ed148c53b6cdeb18547f747a48
0,       1692,       1692,        1,  3110400, 2b073cc2f36f2a3fdc626265fd95a6d6
0,       1693,       1693,        1,  3110400, 95868c1e0bc41c7d373cdad85075ef39
0,       1694,       1694,        1,  3110400, 48f8d0b989426cdf7a877da91cc11cc5
0,       1695,       1695,        1,  3110400, 035e9eeacc9ca220b64f513f6eb6d472
0,       1696,       1696,        1,  3110400, 6028df010d0e7b6b928528ded4d93adb
0,       1697,       1697,        1,  3110400, 01fc420727df9c0ef47de2ea8c55774a
0,       1698,       1698,        1,  3110400, 9932c40c5cf61bdcae741eff65c04ae8
0,       1699,       1699,        1,  3110400, 7f2ceccdeb8cef61774b1d2d6adb73c6
0,       1700,       1700,        1,  3110400, adfdaab17887ed653bb633ce7e5179a9
0,       1701,       1701,        1,  3110400, 97c9082da2338ee2c6240319c89c3f9c
0,       1702,       1702,        1,  3110400, 5d51792be024adfb45523fd46faa6c7f
0,       1703,       1703,        1,  3110400, 0ab1909611c7068f043c03418a3424b4
0,       1704,       1704,        1,  3110400, 1fd3f89fe6c7d04bbbd8f43b49cb314b
0,       1705,       1705,        1,  3110400, aedb2eeed9eec9faa8208431b42cc5b9
0,       1706,       1706,        1,  3110400, 748dfede2d346d3b03a3ae4efad31494
0,       1707,       1707,        1,  3110400, 1bcc140963491f67d0f782430bb4f976
0,       1708,       1708,        1,  3110400, 17908934aa8cb8d8c841895eb7a774e9
0,       1709,       1709,        1,  3110400, 8558d68f94f2877e43a2eec35659a952
0,       1710,       1710,        1,  3110400, ba892cba27a928defe44e5184138c323
0,       1711,       1711,        1,  3110400, f1ebb33548defc1af6a9e4662b6f9a62
0,       1712,       1712,        1,  3110400, e1df5286d71f71362efa5873505ffc54
0,       1713,       1713,        1,  3110400, e0c48420ba31f391a0b7fdbef47c6d67
0,       1714,       1714,        1,  3110400, 605b5887172b901daed6284a40daed1c
0,       1715,       1715,        1,  3110400, d2fdc6ddafa69cdced327de0d3e5542e
0,       1716,       1716,        1,  3110400, a5db29e85b3d09b680dd3ea9fb58b5e1
0,       1717,       1717,        1,  3110400, a65ce6805fa16f18fcf9812f36f90a0a
0,       1718,       1718,        1,  3110400, c2d689de3b0d501a0b8bd03426c4f9d4
0,       1719,       1719,        1,  3110400, 23cd2bd3cd9930e02d8ed6a526ae213f
0,       1720,       1720,        1,  3110400, 4d570c0c47bcb105078d861c598f9830
0,       1721,       1721,        1,  3110400, ba16deab5f4c2ac8c53806d245e94386
0,       1722,       1722,        1,  3110400, df8bff3dea3bef5fd28f9a5114a77153
0,       1723,       1723,        1,  3110400, 000b9738fdfdc9c69955287c5f6450a4
0,       1724,       1724,        1,  3110400, 9231d7ec9920d0a87f1d6ec511ba8d77
0,       1725,       1725,        1,  3110400, b695d59ed78827a0861daa7a6492c55f
0,       1726,       1726,        1,  3110400, c2bd19815791274f9320424b3d63faff
0,       1727,       1727,        1,  3110400, 63dac35c84ea55827354d2701f32c830
0,       1728,       1728,        1,  3110400, 4ea6da4a197d402e530fb8fc36386f04
0,       1729,       1729,        1,  3110400, 478afa794dc43dc9c360da13703dd4cc
0,       1730,       1730,        1,  3110400, 8449cb891213c47dab51ac6bc5854aaf
0,       1731,       1731,        1,  3110400, 74be8b3b617479a7a82a5d1fd1ece272
0,       1732,       1732,        1,  3110400, f8a7b25a619ade6d42fee2621b19747d
0,       1733,       1733,        1,  3110400, 69681423f71850cc9a89f9bde3475399
0,       1734,       1734,        1,  3110400, d68f7d240dcb836842f4e6e4a3babd71
0,       1735,       1735,        1,  3110400, ff028c2b047aa82e5c5f69caa5600bef
0,       1736,       1736,        1,  3110400, ae628f941d1ff300337a781688e1377a
0,       1737,       1737,        1,  3110400, 646d0b1db88840ba91153ed65feeb1e4
0,       1738,       1738,        1,  3110400, af339bd40de252dab66ae7517ff66667
0,       1739,       1739,        1,  3110400, bc7912c6b401ea58ccfa31e9fb753ce9
0,       1740,       1740,        1,  3110400, fa10e5aa4e52ce205019429d3ee0495d
0,       1741,       1741,        1,  3110400, a8d70373956488923e4ceea9eac6e783
0,       1742,       1742,        1,  3110400, c531ef672749ff409c0f9927e3025cfc
0,       1743,       1743,        1,  3110400, cb56d6437d17df767c2c927fe08cc0e0
0,       1744,       1744,        1,  3110400, 87097d33c3afc12fb162c5c52c8fb406
0,       1745,       1745,        1,  3110400, 4f852989ca14b4568b22a813b0444530
0,       1746,       1746,        1,  3110400, 0217ace0ba2f807a445ae283c4f8bdd9
0,       1747,       1747,        1,  3110400, 95017a68ad1ec7651da52a08fb59be5f
0,       1748,       1748,        1,  3110400, 543475e40d8dae493e5d0f53a69dd7e6
0,       1749,       1749,        1,  3110400, a43846551d2d8a41955baae43b5f2595
0,       1750,       1750,        1,  3110400, b6e1a49224b9f3805db461c51059687b
0,       1751,       1751,        1,  3110400, 86a7afb2298e4c784a9d075ff72a2208
0,       1752,       1752,        1,  3110400, a5ce7887e2292b3978fe07fdf1aec2e6
0,       1753,       1753,        1,  3110400, fa9a0cb1cc0609ff1f56cff9328a60e3
0,       1754,       1754,        1,  3110400, 252ae4cbbd284ca820f5f4797297502a
0,       1755,       1755,        1,  3110400, 5459bb11393ddd1c3d34b9d0bb964f6c
0,       1756,       1756,        1,  3110400, 16ce5c73eb41aee611985edaae86e04c
0,       1757,       1757,        1,  3110400, eb7ea7afebd024d080494a1d16df95a4
0,       1758,       1758,        1,  3110400, a29f63d9a2248ffb28e369be346706e7
0,       1759,       1759,        1,  3110400, ef39a0ec0cf85c41819be20145dc64a5
0,       1760,       1760,        1,  3110400, 8619d160d344bf027235165b50cdf317
0,       1761,       1761,        1,  3110400, 1c7b38d9c496fc2250b9d3e000018c54
0,       1762,       1762,        1,  3110400, d7d6ceceb57fc25d12e9d238caf02ada
0,       1763,       1763,        1,  3110400, 96794916de46c597e4e2a419fb2449db
0,       1764,       1764,        1,  3110400, 27f21b66b34c64df9881d5def3304cfb
0,       1765,       1765,        1,  3110400, 741585a22661ec3159ae7159337f9cf0
0,       1766,       1766,        1,  3110400, 304b73d2311aab67afa8f9f43962fdd0
0,       1767,       1767,        1,  3110400, df1db6886e2caba847f0206efc238792
0,       1768,       1768,        1,  3110400, 9aa4a35af2473b5caa2d32a45113fc21
0,       1769,       1769,        1,  3110400, 3df82c1facf19d13a255bf9b8d8ef742
0,       1770,       1770,        1,  3110400, 1e11515afa5a92ff390bb5604262105b
0,       1771,       1771,        1,  3110400, bf88aae78a76b9ca86912ca7e8f582b4
0,       1772,       1772,        1,  3110400, b63a17d4057bb4733a1c2dbdf24a362c
0,       1773,       1773,        1,  3110400, a94fab25f3499da1313f40b291b1dc2e
0,       1774,       1774,        1,  3110400, 42a6c0482b92f4e642f08568b8764651
0,       1775,       1775,        1,  3110400, 83a578c15aad4a5c69b2500be1e2b852
0,       1776,       1776,        1,  3110400, 13e2e959967c20b332a31e4bda88ab23
0,       1777,       1777,        1,  3110400, beea281a7052d8d0b71c7439408985ed
0,       1778,       1778,        1,  3110400, 243b0e96fefbbc158697037b26b9595d
0,       1779,       1779,        1,  3110400, 401ee1fef9f9f39b0022a318f711ad83
0,       1780,       1780,        1,  3110400, c9eea3c87febb2e23ed8d67cfe8d1f98
0,       1781,       1781,        1,  3110400, 81114e4bfa4bc7d37651c7c2eee81158
0,       1782,       1782,        1,  3110400, 464530a72da630f2387d16838b8f9cf1
0,       1783,       1783,        1,  3110400, f6d6364cbfa7a030d5a1bac157e6e0fd
0,       1784,       1784,        1,  3110400, a9caa47bfef02105a16879e9d0923648
0,       1785,       1785,        1,  3110400, 791f0b4a326237d0ef9c9af38882156e
0,       1786,       1786,        1,  3110400, 8eb8196da9884b69f3094283014ba515
0,       1787,       1787,        1,  3110400, 9a93b8737e0e6c738c528d132147e841
0,       1788,       1788,        1,  3110400, 5b256adba7a96f9139aea3c1e2b767ec
0,       1789,       1789,        1,  3110400, 6b4bfa7849befd434474c39849aa3025
0,       1790,       1790,        1,  3110400, 8937e6ed5a3911783979fdc17a6b27b2
0,       1791,       1791,        1,  3110400, f1b66540fa0fcd628d8a4cda57e29085
0,       1792,       1792,        1,  3110400, 2f0d0b67b5df9310206a3be00829f663
0,       1793,       1793,        1,  3110400, 02b97b0d6d4d7f39bee90f192437a895
0,       1794,       1794,        1,  3110400, d9900d8af36d06bdb9bae84d21a5c90f
0,       1795,       1795,        1,  3110400, fda2521071da51cf85eed127afd5ea58
0,       1796,       1796,        1,  3110400, e338e637f212ac413a52af33e8968ff9
0,       1797,       1797,        1,  3110400, 4ad09357c4326fbc37f407aef3bdb369
0,       1798,       1798,        1,  3110400, 213247473bf454f57d45ee1485558f36
0,       1799,       1799,        1,  3110400, a4df9860709ff3ff85268979f2a2f16f
0,       1800,       1800,        1,  3110400, 8a99b4d2c517bc292ca375f5ab4df2f4
0,       1801,       1801,        1,  3110400, 7e88882928dcda22954d7547ff42cad0
0,       1802,       1802,        1,  3110400, 5975c1443f79ae19be7ca2fd972337c9
0,       1803,       1803,        1,  3110400, 80adfb580193c9cb4b4ec93c4a9fbd36
0,       1804,       1804,        1,  3110400, 068536317dc9d09d0405341cd8799cf9
0,       1805,       1805,        1,  3110400, 44176c295f5462ef1eb54b54ee987c7b
0,       1806,       1806,        1,  3110400, ae232f69365a46ed3466ebd3ae28bf92
0,       1807,       1807,        1,  3110400, 83be7fb1f2ea02a709898857373441a8
0,       1808,       1808,        1,  3110400, b737bde8446c525f7ad03a3d6e5b1116
0,       1809,       1809,        1,  3110400, b3bfebb7ee6e316606f82603eaa89ff6
0,       1810,       1810,        1,  3110400, 78e6c728145c6b863621c15ab6308700
0,       1811,       1811,        1,  3110400, de603833052bed62c6d6fba893ff1757
0,       1812,       1812,        1,  3110400, 7dedbeb5164e6bb26494ac470ce830e8
0,       1813,       1813,        1,  3110400, 952001fdb09ec21a78b970195fded31d
0,       1814,       1814,        1,  3110400, 39d3cce5c43881a3c6a48a6301e99491
0,       1815,       1815,        1,  3110400, e447b4e267d42f2b3f09276aea034e29
0,       1816,       1816,        1,  3110400, 10c425856001090fc361dda1d4bb3359
0,       1817,       1817,        1,  3110400, 3d66c6eccfd8ce6dfcc242b9bcc54bdf
0,       1818,       1818,        1,  3110400, 879fc8ce49a5e6fed22fec33bfd1273b
0,       1819,       1819,        1,  3110400, ada49aa385cc706278f6c99a4721b49b
0,       1820,       1820,        1,  3110400, 67dbd3a531545bc6e075ce65d5721f5a
0,       1821,       1821,        1,  3110400, ba99b7820f06f2bd79d99e8995b00791
0,       1822,       1822,        1,  3110400, 848aaea676542856600ee3f2ed4f46af
0,       1823,       1823,        1,  3110400, 1e7b4a2e28d8e317a2f9bfc5d08707a6
0,       1824,       1824,        1,  3110400, fbd4c1e6b91744b800687274af23becc
0,       1825,       1825,        1,  3110400, 52e50d62884f97180542a21e877c5613
0,       1826,       1826,        1,  3110400, f7ee511bef036bd9bca6985553e72fce
0,       1827,       1827,        1,  3110400, 8dfdedae0c0d0b7459478c3e407552b3
0,       1828,       1828,        1,  3110400, 16b52658bf3281cb529eb212dc1998a6
0,       1829,       1829,        1,  3110400, c48439e9a381ed547123bf73ac01c62d
0,       1830,       1830,        1,  3110400, 760e53bf3e8e9c63bf572b8e738782bc
0,       1831,       1831,        1,  3110400, b73a28c2cf8afc1d3df7f57f0cbbad00
0,       1832,       1832,        1,  3110400, 84309e67a889bdfb741eb24fb6cfe821
0,       1833,       1833,        1,  3110400, cfbbc708d8f7eadb0c036edcbaa90364
0,       1834,       1834,        1,  3110400, 998c0ba6c19a8e854bb4181eaf60a667
0,       1835,       1835,        1,  3110400, d6ed6045580baaf05ba9e871262ccffb
0,       1836,       1836,        1,  3110400, 590e4b7deaed40015169cdd51d5cb8e1
0,       1837,       1837,        1,  3110400, eb8b40d82c51a348d03e475b807d362b
0,       1838,       1838,        1,  3110400, 988e203a13da82920d8d0578204289f8
0,       1839,       1839,        1,  3110400, c59e34b4153660952167257eecd6d1cf
0,       1840,       1840,        1,  3110400, 37ccb9e2e3f4c620c11d17e38b5023b5
0,       1841,       1841,        1,  3110400, 1cb8600e077c3c830057f9081926e36a
0,       1842,       1842,        1,  3110400, 99b3e5a7dae914ab5c8a38033722a0ba
0,       1843,       1843,        1,  3110400, 8223d25d8b274ec344cf27818f9dd5fb
0,       1844,       1844,        1,  3110400, 40f12d9b2ace1cf6a67bbd48b4429917
0,       1845,       1845,        1,  3110400, fdf6f78470f8b58553370d46f278eecb
0,       1846,       1846,        1,  3110400, 598a711ff7321a4d7d3e15c3517b4338
0,       1847,       1847,        1,  3110400, 46be63554280be78416726d5f5edfc88
0,       1848,       1848,        1,  3110400, 547d378b1fe7a5d895d2d6ba3a340326
0,       1849,       1849,        1,  3110400, fd5298274c6dfafe929a4dc83e8e15b9
0,       1850,       1850,        1,  3110400, 89a3969da2ef28faddad4efb7409b545
0,       1851,       1851,        1,  3110400, 9a8378ab6474ed19e9d058b773088136
0,       1852,       1852,        1,  3110400, d57675132989be255b2c001ad25c40ee
0,       1853,       1853,        1,  3110400, cf6540da61b7d5aeab9741ee99bf75eb
0,       1854,       1854,        1,  3110400, b247f5ad2a7c78215963d04e5b8fb938
0,       1855,       1855,        1,  3110400, 9f3f9949c0e7c75a3cdf6102c1f08800
0,       1856,       1856,        1,  3110400, 25901b4ef7a0ac125fb740eb44e3c776
0,       1857,       1857,        1,  3110400, 78303c054a6372389dd03c8f4b1590ed
0,       1858,       1858,        1,  3110400, 4811caeb2daf977f0054eec7969cfb4d
0,       1859,       1859,        1,  3110400, 95a268eadccf160874a2d36b2a4023bc
0,       1860,       1860,        1,  3110400, 039a1c98fdf209e46dfe5957e26f60fb
0,       1861,       1861,        1,  3110400, 9403bcc5ed3802b9d900c531be5b91e9
0,       1862,       1862,        1,  3110400, e279d4708abe6c170ea69a70d2040e59
0,       1863,       1863,        1,  3110400, 572ba10db5601f3a7fb57a842e6f4feb
0,       1864,       1864,        1,  3110400, cce19e5cf18c787213c022d0e99e4d30
0,       1865,       1865,        1,  3110400, 1aa15fb5f618390f515287cfe11f8aa1
0,       1866,       1866,        1,  3110400, 04220b049c374e3c5c021768f764e791
0,       1867,       1867,        1,  3110400, 490a03bfd7ac969d511e0a36ddf588b3
0,       1868,       1868,        1,  3110400, d69f6d276b1200855109e32924f70878
0,       1869,       1869,        1,  3110400, 451d40ad31aaa9affbdfc8d925be3f0e
0,       1870,       1870,        1,  3110400, 9fc3af97a5f5c2b928af663309479f0d
0,       1871,       1871,        1,  3110400, ca4143d0892b16c3c3653e4373e3a4bc
0,       1872,       1872,        1,  3110400, 34d8d119cc27d8355bce148c9126278d
0,       1873,       1873,        1,  3110400, f3436caac2767014f8d0509c302f4e48
0,       1874,       1874,        1,  3110400, da368b4d18c2acd02342a64a977bb2d4
0,       1875,       1875,        1,  3110400, 2b32362893d8dc67766dc0761d60cd10
0,       1876,       1876,        1,  3110400, 147a97519af60332bb2ae9ef33362c50
0,       1877,       1877,        1,  3110400, a6e70401e091a29d3e5d55439d82fa03
0,       1878,       1878,        1,  3110400, 14b32d1f56c03955f1a2e5929c7b1faa
0,       1879,       1879,        1,  3110400, c948c6333f7e689c0f2c9fef370d1f2d
0,       1880,       1880,        1,  3110400, 6f4bc3a7e1b168ad00d3b912b24a3912
0,       1881,       1881,        1,  3110400, e0dc70fdba5b66fe89187416f0b65d39
0,       1882,       1882,        1,  3110400, 30659d30d9187fe730a90f0388b7bf87
0,       1883,       1883,        1,  3110400, 17ea30ef85e4fb48ad887549e32295f2
0,       1884,       1884,        1,  3110400, 768bb97ac8d1addd6dc70b394259bfa5
0,       1885,       1885,        1,  3110400, 06cfee9ea79fa320b2f0450fa1b918d7
0,       1886,       1886,        1,  3110400, 5c9afa2b926e0e83bf5f433f66642d5b
0,       1887,       1887,        1,  3110400, 2fcc051d03d704899ca2de2620ff363a
0,       1888,       1888,        1,  3110400, 6a1764038776da1d59bbc5e51cb34185
0,       1889,       1889,        1,  3110400, 3fc1b577dd46ca82e0cf015acb3755eb
0,       1890,       1890,        1,  3110400, e39cc7c8ed4c6417ad9978b5c8ecd4ce
0,       1891,       1891,        1,  3110400, afeeaa69d412eb4e631dba128e401dd0
0,       1892,       1892,        1,  3110400, 0720e92d29e8173afdbdd1d65d3fda25
0,       1893,       1893,        1,  3110400, 3de0c4d52d537dac1a12077658dc2736
0,       1894,       1894,        1,  3110400, 478abebec79e64feaac929463138a939
0,       1895,       1895,        1,  3110400, f494d168d9c87253f6a10d8cb00e9b63
0,       1896,       1896,        1,  3110400, ecf7588500826998d2d3ba6c96cbcc1d
0,       1897,       1897,        1,  3110400, 32881e65d2186abaf85330dbcd41f21f
0,       1898,       1898,        1,  3110400, d07ac88376952f94d7cb608583cb043e
0,       1899,       1899,        1,  3110400, 5821c2476528cf7428dc4a7a98e5b8d8
0,       1900,       1900,        1,  3110400, 45031d3ecb663377a0de78f73f1ee811
0,       1901,       1901,        1,  3110400, 89e859be31f6b3b472dc832233517921
0,       1902,       1902,        1,  3110400, 50e58684710e7d4186181cb99fc9f41b
0,       1903,       1903,        1,  3110400, 72196a19ebaaa516ec0c55bd9aa3a4e0
0,       1904,       1904,        1,  3110400, 5cbbfcc0d5c2ee9639492ee5ae2a1c2a
0,       1905,       1905,        1,  3110400, ad07c7bcdfdc57dbb79bbdf130254cd3
0,       1906,       1906,        1,  3110400, ca9200448b2450f0aca49ac52e5e17b2
0,       1907,       1907,        1,  3110400, d25d944e32446f96a7039f88e604b914
0,       1908,       1908,        1,  3110400, 793e22e60d28eaa7bf86dae6a2fed5bf
0,       1909,       1909,        1,  3110400, 7e0e73215e1818a6c93ffe6280313dd7
0,       1910,       1910,        1,  3110400, 28ec50b523d6c5dfcb48b98fbbe3c309
0,       1911,       1911,        1,  3110400, a4830ca4afd664830a686764c0efff05
0,       1912,       1912,        1,  3110400, 6d3fdfd9bea7232fbb228606b5e96e23
0,       1913,       1913,        1,  3110400, 8988627c9e9e84070b48268ec1008dc7
0,       1914,       1914,        1,  3110400, 77e5477e9849c70482529d6e09b0a7b4
0,       1915,       1915,        1,  3110400, a1b8b10897f78ccfbb43e7cde48bf477
0,       1916,       1916,        1,  3110400, d2b15fdabb1abf23554165d6750b9b95
0,       1917,       1917,        1,  3110400, 67b44527045795a5328a49b37090a491
0,       1918,       1918,        1,  3110400, fea5ff6bf1cc3a09340852120d29e0aa
0,       1919,       1919,        1,  3110400, 35d5083287d3d0c687434548ca86191d
0,       1920,       1920,        1,  3110400, 90b505a59ef1b9f23bfa086bd4ce4334
0,       1921,       1921,        1,  3110400, e9b178394aa868e43b206ca630e4ca8d
0,       1922,       1922,        1,  3110400, 9bff295446b7a40cdae81fad3cc8d9b3
0,       1923,       1923,        1,  3110400, c6c2689bf8a959babb7edef4b14dacd1
0,       1924,       1924,        1,  3110400, 312675b67b3d041f5e06f1ae9239c625
0,       1925,       1925,        1,  3110400, f409f072c316b0ddc08cbb91f2992fdb
0,       1926,       1926,        1,  3110400, dfccf15303579cfade8f341328368eb5
0,       1927,       1927,        1,  3110400, a1ab34ddb2e89855da668bcfce512b73
0,       1928,       1928,        1,  3110400, 57cd3c2780a72877ea7f98d5fafd89c5
0,       1929,       1929,        1,  3110400, 642481210d51474252b4d3c81dd195eb
0,       1930,       1930,        1,  3110400, c38e41b6d6de384ad1b7f4f569338907
0,       1931,       1931,        1,  3110400, 86a252eeab9bca18aafd49bd93f769b3
0,       1932,       1932,        1,  3110400, 9253fd5a99c8f94871f81e7b3c162fe7
0,       1933,       1933,        1,  3110400, b7f05c2287d3f652b2d2e5efc0bb8830
0,       1934,       1934,        1,  3110400, 894f2703c1a7d849ee79813f4ad36fcb
0,       1935,       1935,        1,  3110400, 1ed0b149e7465fdc25155e3bb0fa05ef
0,       1936,       1936,        1,  3110400, c845692a875060dc880d8661d08a7448
0,       1937,       1937,        1,  3110400, 9421c26ecda0de0a35034af89418fd0f
0,       1938,       1938,        1,  3110400, 1e57cb8ec14c319a21d723d195bffddf
0,       1939,       1939,        1,  3110400, 39542ce92ae088817c0d7c718d7ad212
0,       1940,       1940,        1,  3110400, 91deb8f6ddc0cc9f2c9a080fcc0072d5
0,       1941,       1941,        1,  3110400, 219fb5a0b47aa78476e4f01d5ef7ae2f
0,       1942,       1942,        1,  3110400, e543f4610941c9f8d44d6248154ecd38
0,       1943,       1943,        1,  3110400, 6b34a07bac0d70d14aa14510aa0c7614
0,       1944,       1944,        1,  3110400, 6f2acd72b3fce457cc17d9cf2bdfc895
0,       1945,       1945,        1,  3110400, 0e55cd7ec9187c3dd38a28147e1bc8b7
0,       1946,       1946,        1,  3110400, e2eb2f90bea8fae7a55da3c6c79c068c
0,       1947,       1947,        1,  3110400, bde977020215e167b3a4b29874453237
0,       1948,       1948,        1,  3110400, 59730424cd115c24dd35acca92358cc2
0,       1949,       1949,        1,  3110400, b7a89cda260fa7ffa5e087c0bc8c229c
0,       1950,       1950,        1,  3110400, 56ec577b0d840e8997f4defcb0af98e5
0,       1951,       1951,        1,  3110400, c7db2e1c56661820627a491bda16fa08
0,       1952,       1952,        1,  3110400, d13d5c24ef1416ddc93d98ba3e3d386d
0,       1953,       1953,        1,  3110400, 372e58392f643114be89c433d55385a7
0,       1954,       1954,        1,  3110400, 7d784e65f3d3d102e116276d7b2f53de
0,       1955,       1955,        1,  3110400, a5b27e10b7e92f3a4159ead30eb4e940
0,       1956,       1956,        1,  3110400, 616ab7745fa99eede5fa75585305f08f
0,       1957,       1957,        1,  3110400, c13fe37de638b0912a631f7a223140cf
0,       1958,       1958,        1,  3110400, cb01f9e51e9b5c7c4c8367d2b86cb63f
0,       1959,       1959,        1,  3110400, 4b3868967d9184d8613276ad03efbe23
0,       1960,       1960,        1,  3110400, eab81eca64f1bee3979a0a7863a31ec8
0,       1961,       1961,        1,  3110400, 1693cab1b6fae0595790589f69cce00d
0,       1962,       1962,        1,  3110400, cf3e74843f6b4532c6bb23eb12ef814e
0,       1963,       1963,        1,  3110400, 42a56978a1e3135154ca6ee5507fffdc
0,       1964,       1964,        1,  3110400, be0eb2c639c6068a0c5bfebaac4ce711
0,       1965,       1965,        1,  3110400, b99ccc63a827f5de6d113f12f8648965
0,       1966,       1966,        1,  3110400, a69ce1655ee30d286796883df76b2ff3
0,       1967,       1967,        1,  3110400, 506ca8089e1b15417b8391cc94100a17
0,       1968,       1968,        1,  3110400, 067fae64155e07aad1dfaa8a0e57804a
0,       1969,       1969,        1,  3110400, 52642622a16ca7c8d5833e2ec4d16bd6
0,       1970,       1970,        1,  3110400, 3a243ebe14d530f443ae4e7b5ee3547a
0,       1971,       1971,        1,  3110400, 322cdcbd845aa39eef508e2e9fd2058e
0,       1972,       1972,        1,  3110400, edd3c8f8fbaa6b731f733eeae1cf7a38
0,       1973,       1973,        1,  3110400, 7460c2a171a431529d6d2d3b37a99c7e
0,       1974,       1974,        1,  3110400, 73d58ad88ebf4987614c8cac19a86fa2
0,       1975,       1975,        1,  3110400, 8258dc0e672cb54ca172a97c08e03186
0,       1976,       1976,        1,  3110400, d6ae5ccab0ccbce75c9f8268f98df64f
0,       1977,       1977,        1,  3110400, 9bad3641c6ec4aaa5dcb1e43e33e334c
0,       1978,       1978,        1,  3110400, 4025d05f9aa604e5f1db6d263c820b85
0,       1979,       1979,        1,  3110400, 2d1e4af61b504b8f5b95b67840ba3d1e
0,       1980,       1980,        1,  3110400, d7034e5a8fad6a0b8e84584fc5a3562b
0,       1981,       1981,        1,  3110400, 62800ce86d03b15a7d0843825d5e7582
0,       1982,       1982,        1,  3110400, 2eb09ec78f6c7fec584943da5b493cc0
0,       1983,       1983,        1,  3110400, d7ddcf662dcfce25263446feb7f984f9
0,       1984,       1984,        1,  3110400, ed22b2d2636fe9ee2c1c86c9cdfb1322
0,       1985,       1985,        1,  3110400, b0519b23034c7569b560a89eb760ef14
0,       1986,       1986,        1,  3110400, b9580e30b7eb65fe1119b0d66e815757
0,       1987,       1987,        1,  3110400, 03f17d1172fb1234cde679d558af99b3
0,       1988,       1988,        1,  3110400, d4668f9764ecc60c548a4bd48ca6c1db
0,       1989,       1989,        1,  3110400, 1144e062f1db9b0744ba28abffd714b6
0,       1990,       1990,        1,  3110400, 72d3c38a70fd0dbffe93472ee1d348c8
0,       1991,       1991,        1,  3110400, 691c39cfd10b6254d12ec834e7e5f8c8
0,       1992,       1992,        1,  3110400, 3f4ef4e2473cc198ca8095dcfb065057
0,       1993,       1993,        1,  3110400, 691995b837071be0e9272738c7ab7aaf
0,       1994,       1994,        1,  3110400, a8ba0be073a40d333b54fc866ac3bab3
0,       1995,       1995,        1,  3110400, 49c333efaa12bfb2795ad6cd6080bea5
0,       1996,       1996,        1,  3110400, 7207b12dc2c72586b39d4e08dd39c15f
0,       1997,       1997,        1,  3110400, 3c86eac8ada83e37c4c6439aa4b2e4d4
0,       1998,       1998,        1,  3110400, d09a6209ea5f6661e219f98729534d87
0,       1999,       1999,        1,  3110400, 6dc3c3b79edd8e36ebf15b267ecb8d2d
0,       2000,       2000,        1,  3110400, 79e928b2f8780553da75dd9192b04eaa
0,       2001,       2001,        1,  3110400, c7984d8a4f1dbdc365f5f2b96d8083d5
0,       2002,       2002,        1,  3110400, 2c63973cab6060d22a1109bbf18a620c
0,       2003,       2003,        1,  3110400, 322159ea70450db21ed5ba196356bbf0
0,       2004,       2004,        1,  3110400, 9481512dfd9bb73bc5f61d4e64fdfd95
0,       2005,       2005,        1,  3110400, b39c9ab6f943470883906a23fdb021f0
0,       2006,       2006,        1,  3110400, 4b991d57d4f0442e695d9ed5cb57cad4
0,       2007,       2007,        1,  3110400, 60e674b8f7d4f0ac4df44e058b5e3112
0,       2008,       2008,        1,  3110400, 96a5afcb7ff291f739585bb5e2740de4
0,       2009,       2009,        1,  3110400, a3befea455f1a938a0eab6f7e258864b
0,       2010,       2010,        1,  3110400, d3c4490f36829ed25dfbf72734e3a23e
0,       2011,       2011,        1,  3110400, 683d8a186930dd25a674453a78838f02
0,       2012,       2012,        1,  3110400, da3685cfa9a40b9124986eef07cefec1
0,       2013,       2013,        1,  3110400, 38851cd1a688a5f6e9151ede17cdbd0f
0,       2014,       2014,        1,  3110400, ad1e4e832c8f592951363e433097238e
0,       2015,       2015,        1,  3110400, ee626a58f43b2215d8ba8139e4b92c05
0,       2016,       2016,        1,  3110400, a9ec24d12f0aa9cbb57e8fcaef372c55
0,       2017,       2017,        1,  3110400, d268b6af877e0483a5e16de9e75a926e
0,       2018,       2018,        1,  3110400, 527b08db18cd6a6b44de7498f977937b
0,       2019,       2019,        1,  3110400, b9a808fd994865e8e7c5ba021ba1bd8f
0,       2020,       2020,        1,  3110400, fe3a0f89c9e2d47e73700bb98e26c9a7
0,       2021,       2021,        1,  3110400, c6b966c6bc800beb99097df8a2f6771e
0,       2022,       2022,        1,  3110400, 833ca694f02cf97767f0f908a57149c0
0,       2023,       2023,        1,  3110400, 589e5faf3cc3d7d4f56f336471e5c8fd
0,       2024,       2024,        1,  3110400, 6a2c0a60cd2805554f54de6496c4eefe
0,       2025,       2025,        1,  3110400, 43939ccd8aa6012d6b5d8d6e90cc1dc1
0,       2026,       2026,        1,  3110400, 2d1770cf9c070193aec4ad1216718391
0,       2027,       2027,        1,  3110400, 52bfa0ce38ea0c577383c2cbd4be0387
0,       2028,       2028,        1,  3110400, d7a6aa76449782d66ad881996d659cfc
0,       2029,       2029,        1,  3110400, 40e7009a05cf116639f0d1c90aafb5c0
0,       2030,       2030,        1,  3110400, a7210ea5f86b6734388165e940e441ef
0,       2031,       2031,        1,  3110400, b7fd100cb2053b666bfb6c66e7660604
0,       2032,       2032,        1,  3110400, d46183ad1cfe30dfcbc6441d0e8d4e80
0,       2033,       2033,        1,  3110400, 5cefd004b3e53c45b5c14cb55ef126d8
0,       2034,       2034,        1,  3110400, 31add354e78837cb60873ced5caeedba
0,       2035,       2035,        1,  3110400, fd3fdadb5f653ad5415d7b5aee8ae92e
0,       2036,       2036,        1,  3110400, eaa14e534b35e4f713997bf64a8cd4cd
0,       2037,       2037,        1,  3110400, 6d95a9ff0e03fe5e9258aba9c504fefa
0,       2038,       2038,        1,  3110400, c4a651c1cd8b17ce631817466aeccd03
0,       2039,       2039,        1,  3110400, ec3d20407af67fd6271ff450c2f0e95a
0,       2040,       2040,        1,  3110400, e2072c31dfd3deb8c7f541496dc58b82
0,       2041,       2041,        1,  3110400, 078a743081aef3f6937e517a53a7dfb8
0,       2042,       2042,        1,  3110400, 617fc4f01c7ab057b5e3aa8c09fe8c4d
0,       2043,       2043,        1,  3110400, 70271e549428e56711943ab384204b9a
0,       2044,       2044,        1,  3110400, 23f1ded7535f80c2d6467b140d790e3b
0,       2045,       2045,        1,  3110400, fbffcf8101a24dd798a20d65da2d8683
0,       2046,       2046,        1,  3110400, b94a1b303c3950c46094ff8697284d67
0,       2047,       2047,        1,  3110400, 49c7a35d51c123341a75455c905d3db9
0,       2048,       2048,        1,  3110400, 551c83503389881b598ae6121b95313e
0,       2049,       2049,        1,  3110400, a2382f29a724ddf0ef31ef259da2e112
0,       2050,       2050,        1,  3110400, 0489150e6e8e539690354e259996c326
0,       2051,       2051,        1,  3110400, 72c9e75d75252cbd8f80ccce2e2389f9
0,       2052,       2052,        1,  3110400, 2df4ef1e72c8e73f37001d5a4814cd69
0,       2053,       2053,        1,  3110400, 63bda0fbffba52a2201612ff081f3e51
0,       2054,       2054,        1,  3110400, 5398b43eaaff77519fe19ac5b247dec6
0,       2055,       2055,        1,  3110400, 262a9aa6cbd7f373c9180788e63458ec
0,       2056,       2056,        1,  3110400, 4686cfa70b06d227a255d18bbb34d6bc
0,       2057,       2057,        1,  3110400, b06153baed099f103270fc499e19b6dc
0,       2058,       2058,        1,  3110400, c572c0e92a78d8ed8bab36ea4977648d
0,       2059,       2059,        1,  3110400, c7b5d67d8c552fdfc529a66788614218
0,       2060,       2060,        1,  3110400, 90bb2184b2f5e9e1884e482c147cefa8
0,       2061,       2061,        1,  3110400, 5b08df86bd526509c49dd8d440a61291
0,       2062,       2062,        1,  3110400, 240d4dee23dfafd20def8ac6400d923d
0,       2063,       2063,        1,  3110400, d40c70aa003d232398d4d940aae043b2
0,       2064,       2064,        1,  3110400, 34142d070ea8200d5bc7eaec5a46cc1d
0,       2065,       2065,        1,  3110400, baf04b6c6b646b31cd44082714b4cc44
0,       2066,       2066,        1,  3110400, 4f5f96c5304c4ea6f3635ba8b5ed41a6
0,       2067,       2067,        1,  3110400, b21271da15e0721725e3bc0ca01012c6
0,       2068,       2068,        1,  3110400, a4cf868fcf7ef4dd2b9e92b69eeb3461
0,       2069,       2069,        1,  3110400, 13532d2966a7fcfcd23658456acce660
0,       2070,       2070,        1,  3110400, 8570e700980e3f9e06efd6b608d96f38
0,       2071,       2071,        1,  3110400, dc7706fc8f8a84962faabfdac3a370c4
0,       2072,       2072,        1,  3110400, da6c898737215b17a6371166b83c648e
0,       2073,       2073,        1,  3110400, f5ff4cc74e4d56669fb260397c64697f
0,       2074,       2074,        1,  3110400, 5565c9db91ac9e6120de0d4696956123
0,       2075,       2075,        1,  3110400, c5c6d5efe9ffd6366049bd8533af00e7
0,       2076,       2076,        1,  3110400, f1e7652ba5ae49eec49c45c5c4d0044c
0,       2077,       2077,        1,  3110400, d51b82ac8b664dddee177bbd05cc4f69
0,       2078,       2078,        1,  3110400, ff01d3835976b1bf51c9b5abc2b01add
0,       2079,       2079,        1,  3110400, 503eef4c9f0507b4888e6bc937795ac1
0,       2080,       2080,        1,  3110400, 477fcebc90083abc82795511fc1b23d2
0,       2081,       2081,        1,  3110400, 02add01a991f1ed01d321e8960b22288
0,       2082,       2082,        1,  3110400, 013151aad62106774ecf215c9c9de679
0,       2083,       2083,        1,  3110400, 46d1e7e6349a53cd3c8e09fcaa7c2f21
0,       2084,       2084,        1,  3110400, ec1cb9c133fcf7daf360f616ac168264
0,       2085,       2085,        1,  3110400, 2faa1e2e9f15ae14354ff64088041c97
0,       2086,       2086,        1,  3110400, 440fda289e72a635a3b7326c404c59d9
0,       2087,       2087,        1,  3110400, 83fea582e8f360f7f9631a98f30f1c1d
0,       2088,       2088,        1,  3110400, 9905fde60b3da8e7d24333eb181c9ca1
0,       2089,       2089,        1,  3110400, f189edba7f3896233661e91dbe8a42b4
0,       2090,       2090,        1,  3110400, 221df3d544178aa03be6ed7198be040c
0,       2091,       2091,        1,  3110400, 9887140e448301f0b3ec7a05c93d8ef3
0,       2092,       2092,        1,  3110400, 80383819ffc4bd3f6129e9a33d3b7d9a
0,       2093,       2093,        1,  3110400, 1fc1b596403ae4c5950b470e3a9be232
0,       2094,       2094,        1,  3110400, da30e918dcbf65d8590ab15eb4bf37ed
0,       2095,       2095,        1,  3110400, b77e3afdab49926deee475a7efadf7d5
0,       2096,       2096,        1,  3110400, e622b7dd25076c8d910333b552b0e94b
0,       2097,       2097,        1,  3110400, 602b57a4126a979d9576333286b5c032
0,       2098,       2098,        1,  3110400, 64fdd369e65a1571b5d9792e1d841492
0,       2099,       2099,        1,  3110400, 43846ad02fc5ae511e576cacef0cbed9
0,       2100,       2100,        1,  3110400, 8f3c44fdf20c130d1a2559cea3a653f0
0,       2101,       2101,        1,  3110400, ddbf55965fa8413f1cb4b2e71490dbeb
0,       2102,       2102,        1,  3110400, 8c4af97dc2b9b1d2dfb99165b7c0bcce
0,       2103,       2103,        1,  3110400, 506c77090b038a420e50dcecb5f03095
0,       2104,       2104,        1,  3110400, a3bfec52407b6f42c162092d77151288
0,       2105,       2105,        1,  3110400, c80a96655e877dfedf32523211c9dd40
0,       2106,       2106,        1,  3110400, 0d99a59658985a02cc3044fee515caf9
0,       2107,       2107,        1,  3110400, 15ea5f30b74dc4364ca6c494d75b9b65
0,       2108,       2108,        1,  3110400, 4eca47a176000024b4ffcd6a5d41ba71
0,       2109,       2109,        1,  3110400, 158e50d24f6f23829bc7580f6aa14ac0
0,       2110,       2110,        1,  3110400, d7b4e659ad22d82cda1fda6618262b6e
0,       2111,       2111,        1,  3110400, 2ecd8e0f3990809370597c7cbeac7207
0,       2112,       2112,        1,  3110400, 135b749a3ddb873937a4c012d937f263
0,       2113,       2113,        1,  3110400, 072bd3c64a97e8558ddf00cf79de70cf
0,       2114,       2114,        1,  3110400, e26e6dfaae8ac8c97ae6136f5de63196
0,       2115,       2115,        1,  3110400, c30062b9867fb673e57a7c173fc24ce1
0,       2116,       2116,        1,  3110400, f3262890ebcf69aeb70ae204fe79ca1d
0,       2117,       2117,        1,  3110400, 7575773b87fb3875cc8ad8fe2ca6a53b
0,       2118,       2118,        1,  3110400, 60bbc918ed38e991c263557f6eb835f9
0,       2119,       2119,        1,  3110400, 12627faf716c394bc4eadc4bd749f957
0,       2120,       2120,        1,  3110400, 7818ed753412c42f6f57dd432ff43de4
0,       2121,       2121,        1,  3110400, a9ca11005d7cd93157fbdc8b1eb60aeb
0,       2122,       2122,        1,  3110400, c68b819b654541f50fd7e7a97aa521b0
0,       2123,       2123,        1,  3110400, 9e718042978d03b7b767910ae6b90c39
0,       2124,       2124,        1,  3110400, 4744ac91122bb0786b1613bf96dcecce
0,       2125,       2125,        1,  3110400, 4e6880fd2d9a548718f4a9fab29eb626
0,       2126,       2126,        1,  3110400, 63cda21e4ec7fcb6565024ed88a65d58
0,       2127,       2127,        1,  3110400, ae7693ea519f13d6835dd017fb3a7a2b
0,       2128,       2128,        1,  3110400, 4b452c9afc7f9855f0fd270f28d628fc
0,       2129,       2129,        1,  3110400, 8641cbf7ca208a22ca7e7d4eeb70a232
0,       2130,       2130,        1,  3110400, d8e887fab0816ba1198e19ed2ac1443d
0,       2131,       2131,        1,  3110400, 55cf5cffd8c01ad052e11080a9f85358
0,       2132,       2132,        1,  3110400, 919e2ec9d3c736e7cf13cb4f27935ec4
0,       2133,       2133,        1,  3110400, 7c7813c34395850d13cbda5f947d31c2
0,       2134,       2134,        1,  3110400, 4e19b3bb466d187efa56bfb5f24fffa6
0,       2135,       2135,        1,  3110400, 33c5b2e437444ea3f2ef81a5b9a667ad
0,       2136,       2136,        1,  3110400, 14b16fb0f94eed9c842453ed8a2c2067
0,       2137,       2137,        1,  3110400, 5a7a94ca2d35117c759b8ad531500713
0,       2138,       2138,        1,  3110400, 3c09c02e1e9ca88ae7a4ecd96368415a
0,       2139,       2139,        1,  3110400, 943f9bb3cd50babfc5ac4ef1d60597ba
0,       2140,       2140,        1,  3110400, 78652024d66bbce57a79c004feaaf9b9
0,       2141,       2141,        1,  3110400, 739508a2e6773236b4cd1789b21c99f5
0,       2142,       2142,        1,  3110400, a7e99e41583d9e5e44a9d5afa58e9036
0,       2143,       2143,        1,  3110400, 4bb66cfbe2806b563d8bf80a6707282b
0,       2144,       2144,        1,  3110400, 6fc7fb285475167dbe1a14e7198647f9
0,       2145,       2145,        1,  3110400, a29c92bec5f05bd792ce9647fdbe0a54
0,       2146,       2146,        1,  3110400, 20c7af2d1d1b60d09d19a5e83acd050c
0,       2147,       2147,        1,  3110400, 37587bd2a3c0ebb28ea0fbe9da9f7103
0,       2148,       2148,        1,  3110400, 256d9512494ee2ccf847055002ee3a7a
0,       2149,       2149,        1,  3110400, 4979dc117257bf3cf1b30049ec555296
0,       2150,       2150,        1,  3110400, 97fe542c1590d292d409dc3b336bff9e
0,       2151,       2151,        1,  3110400, 268c2cae8f349fa2d1255310df856fea
0,       2152,       2152,        1,  3110400, 9d1bd09f0148daa15e191f32076317ea
0,       2153,       2153,        1,  3110400, f3bf51ed4aea80c264f080a3a7433143
0,       2154,       2154,        1,  3110400, 55a4e5c8210360557eb75d15730ccf0d
0,       2155,       2155,        1,  3110400, b616c103eb679fc2acca4d76bbf996db
0,       2156,       2156,        1,  3110400, bfb38a8767817f6c9b3c77d1f608349e
0,       2157,       2157,        1,  3110400, 6c961eafd6593359715621b3a15c6c64
0,       2158,       2158,        1,  3110400, 7744c3e29a0d278c25ec24a0f19663be
0,       2159,       2159,        1,  3110400, 750ffab6d0907d615e558166f6a28465
0,       2160,       2160,        1,  3110400, fddad5d79ad7a92d10b334205080e24a
0,       2161,       2161,        1,  3110400, 02e99c109e914536ff0e77c5ad6164d9
0,       2162,       2162,        1,  3110400, 8bf4a11dbbfe3162143ff9b77d327156
0,       2163,       2163,        1,  3110400, 0317d18bb4fa6e17f4c4fc3456ae60f2
0,       2164,       2164,        1,  3110400, 24272e36ee5d5ed1b831bdaa9aeaf106
0,       2165,       2165,        1,  3110400, 5df69daebd207941d03bc675459184ce
0,       2166,       2166,        1,  3110400, 455df9565a445197a6a9b0942c46dc19
0,       2167,       2167,        1,  3110400, 8ce2233d826e5822b586f16508aafa16
0,       2168,       2168,        1,  3110400, 615d680c7ecf42c8a20bdfe9aca60f54
0,       2169,       2169,        1,  3110400, 63175685effb62b8dfdd460ccdf3414e
0,       2170,       2170,        1,  3110400, f7d923394700e0bf65e5784410995eed
0,       2171,       2171,        1,  3110400, 1ea8802816351fbde80c9c9026d26c13
0,       2172,       2172,        1,  3110400, 0853ec8c7ae632e51684c9486777ee16
0,       2173,       2173,        1,  3110400, 4d2422b1768f6e3ecfb593e09e814afd
0,       2174,       2174,        1,  3110400, e9c15d9bdce8c5286a8a1f52e71cbd96
0,       2175,       2175,        1,  3110400, a466a9ee47c38a6d1c0af0a1fe28b422
0,       2176,       2176,        1,  3110400, 93a722600415ea53f4120f4291f50bee
0,       2177,       2177,        1,  3110400, 23d08e5295a1d40f76625c074d226cb3
0,       2178,       2178,        1,  3110400, 05a9bc8739b33af9ff2aa6186f3bcdec
0,       2179,       2179,        1,  3110400, bcbe6dcbbec9e6a57927b4aff1c599e8
0,       2180,       2180,        1,  3110400, c5a830002e0018187383e83d3fe38d54
0,       2181,       2181,        1,  3110400, 59571906719baca6a18dfd9470504880
0,       2182,       2182,        1,  3110400, f34f0d9d525e7ed05912b29f6c3688c7
0,       2183,       2183,        1,  3110400, 1b68aa543d02d12cbbe7af814beac0e6
0,       2184,       2184,        1,  3110400, 962b262e9491c14c8203650538315cf7
0,       2185,       2185,        1,  3110400, c5be8433e96bd46a062b4a24a55b2a23
0,       2186,       2186,        1,  3110400, ba3020a476bdcf8ffc63e33645ee10ae
0,       2187,       2187,        1,  3110400, 9eb84bf65dad42e225527f24034fbdf4
0,       2188,       2188,        1,  3110400, 844bb7f781c9bbfb7305335173b4d47b
0,       2189,       2189,        1,  3110400, 4c543e458fec7c016f097432cb20bd2b
0,       2190,       2190,        1,  3110400, d63a77b12c31dc48e888e85f333042db
0,       2191,       2191,        1,  3110400, b36f16a71b3558be6fa1952a5fc66cd1
0,       2192,       2192,        1,  3110400, 58fd74314752452167f18af3960fec04
0,       2193,       2193,        1,  3110400, 5da519e5854253f8c90fcab24e759b0d
0,       2194,       2194,        1,  3110400, 638b3bab284b5def1e6dc65b928b69ac
0,       2195,       2195,        1,  3110400, 2c226094b6cf5ef8bf3fad0e7a91e7c5
0,       2196,       2196,        1,  3110400, 7a1b2c7ec7940a4eaf1f6514b07a8274
0,       2197,       2197,        1,  3110400, 85d4cc5d0efb1fb0211e2c40a21d43b1
0,       2198,       2198,        1,  3110400, b799b4c1f76ee375e5af62899a0ddd90
0,       2199,       2199,        1,  3110400, 63874e5cd7aa2dc8652fd1115c0a8c4d
0,       2200,       2200,        1,  3110400, 5feebf6e65f5ce82ca07465db0ab82fd
0,       2201,       2201,        1,  3110400, 2ff0bf8a0b6b0ca1f70bf335814e5bc4
0,       2202,       2202,        1,  3110400, 6ef641de7820c48b6ba7b9bbb6bb7258
0,       2203,       2203,        1,  3110400, e6a6ce975883e4eae633f4ff53c01128
0,       2204,       2204,        1,  3110400, 90ff3f36172357427507eec8f8655cab
0,       2205,       2205,        1,  3110400, 8b4652a55075dc272c8d07a4f236cc08
0,       2206,       2206,        1,  3110400, c7ce91d2eff7ceab5e944a9c956f5e00
0,       2207,       2207,        1,  3110400, 4ece7f9a8ef16872e3c44cab374e945d
0,       2208,       2208,        1,  3110400, 717c9d445714bfe585e2293d98cb06ad
0,       2209,       2209,        1,  3110400, b9d0951eadeff9c0760e43c88900e4a5
0,       2210,       2210,        1,  3110400, 6a28f53a91d1fcd72c7001d51cbc8465
0,       2211,       2211,        1,  3110400, dc4bf2c6c0a793d24e7679acc277895d
0,       2212,       2212,        1,  3110400, a309d69705494de0b260f8bf6b98e036
0,       2213,       2213,        1,  3110400, 8d5f0ee7ce6f095418614b58aa1bd8d6
0,       2214,       2214,        1,  3110400, a689d3d9a0285b1edb326a23fe9a377e
0,       2215,       2215,        1,  3110400, 042c28d40748243aa5dadc3668b850e8
0,       2216,       2216,        1,  3110400, aa8f128eb6a6afb6217ff7f615d54afe
0,       2217,       2217,        1,  3110400, 774a67c43b1a3294cdcca5e8678b1047
0,       2218,       2218,        1,  3110400, dba400ccedd64885fabb1b018b3bba7f
0,       2219,       2219,        1,  3110400, c9f601b23401c426837b0727f46c6144
0,       2220,       2220,        1,  3110400, a1000064b6f8c5681102f31b0641dc12
0,       2221,       2221,        1,  3110400, 45f3cf0284e372b6de33034b1fa5a63b
0,       2222,       2222,        1,  3110400, 478b685b04ba9c62f86658719d1a00d6
0,       2223,       2223,        1,  3110400, 5151e2927a0f54271a2b3a029bb95f2e
0,       2224,       2224,        1,  3110400, b48302c3e0b585a4779e7127ce014d51
0,       2225,       2225,        1,  3110400, 63319770b7d37d6e589b98bc6f00f26b
0,       2226,       2226,        1,  3110400, f29f2c0a4e17664409f374938509da60
0,       2227,       2227,        1,  3110400, 06dc78fad0134f00a05a3c920a0afe79
0,       2228,       2228,        1,  3110400, 882f88115aa40f52ba782a6bfd6b06ea
0,       2229,       2229,        1,  3110400, 4faf66dd55aed47da5f712eb8f8c32f9
0,       2230,       2230,        1,  3110400, f6a9ba104cdd40b5a8328bbb17309bc5
0,       2231,       2231,        1,  3110400, c446ddcb6a249f7751494197ca7a77fd
0,       2232,       2232,        1,  3110400, 54ad8b24b000adbe7ade4374977f2a36
0,       2233,       2233,        1,  3110400, e2fd03f78a5a5a9f7df0d3c8a7cacf33
0,       2234,       2234,        1,  3110400, 0b741d72b2bfc0851572ae3743a789ed
0,       2235,       2235,        1,  3110400, 4978681b5b35224a4ebf13c04d3e3988
0,       2236,       2236,        1,  3110400, f0af41e6970fd0f1a1c252fc620cfe4c
0,       2237,       2237,        1,  3110400, 28bd5883f7265e519ccb202ea5329967
0,       2238,       2238,        1,  3110400, ac4fff4e8548fa4fb67c6edfd123df60
0,       2239,       2239,        1,  3110400, c1c7b3895317ffa6b8086c1521ea5b1e
0,       2240,       2240,        1,  3110400, 098a05432cb72fc400e47622b8b78bf3
0,       2241,       2241,        1,  3110400, 72d618cd46d2417986bf34f4a1b52ba7
0,       2242,       2242,        1,  3110400, 0b474d0e7020fa6c77bc2b534a7405b5
0,       2243,       2243,        1,  3110400, ed669ffe7464abdb228eeec0c287cd9f
0,       2244,       2244,        1,  3110400, 2e364a1bef694e1b9f1bcf319ac8b551
0,       2245,       2245,        1,  3110400, f9db850d6a68fd0a9d9d0d577be81406
0,       2246,       2246,        1,  3110400, 960dcb753bfca5064fa0ab0f4b25e599
0,       2247,       2247,        1,  3110400, a544d03a18c636b7911c215fc76ebad0
0,       2248,       2248,        1,  3110400, 47ad074f4c9df4ba98ecfec6d1f7f177
0,       2249,       2249,        1,  3110400, 16ed57d4931add77fddcd70456047165
0,       2250,       2250,        1,  3110400, c0f19dd18a932eb9e6a4a5384c18dd63
0,       2251,       2251,        1,  3110400, b5a308e57e992458a8cb4f32569c4133
0,       2252,       2252,        1,  3110400, 7d5a5cb553aca42243465537c1874057
0,       2253,       2253,        1,  3110400, a9d0ef183991f30a5c4c8da5eb26e74b
0,       2254,       2254,        1,  3110400, ffbb294ae368e1aa6d5a60f1cddd495a
0,       2255,       2255,        1,  3110400, 0a730d59c0e0f16a8f4248a3ff425c3d
0,       2256,       2256,        1,  3110400, 00c0ea9033a328ec1b493139ce5e7e3b
0,       2257,       2257,        1,  3110400, 928e9088c6b39ffb158f674913fa0108
0,       2258,       2258,        1,  3110400, 46923d9bd5274e9dec0963d74d4d1b76
0,       2259,       2259,        1,  3110400, 8433732ba4e21442c132fb10f81ec5c2
0,       2260,       2260,        1,  3110400, fe26794f935d0c1530d7893863b71626
0,       2261,       2261,        1,  3110400, a818a700baaed16401a2557a53f806a7
0,       2262,       2262,        1,  3110400, 9f4fb22ee30df9f6ca929021aa14fca4
0,       2263,       2263,        1,  3110400, 2ed5fc2cf25f24ec8b2cda23a3cd84b6
0,       2264,       2264,        1,  3110400, 43235edea8038fe6c38dc3c0a7070cec
0,       2265,       2265,        1,  3110400, 1f5b1817403d096ffea281f01a3a8178
0,       2266,       2266,        1,  3110400, 5fdca2e319954b24cdaf01ad5e9e39fc
0,       2267,       2267,        1,  3110400, 6d71713ff23354ca1d4215ffc45764c6
0,       2268,       2268,        1,  3110400, 5f247ac810c10661179f3d5ab105d134
0,       2269,       2269,        1,  3110400, e76ea17818b117304e9acf19b418b9e1
0,       2270,       2270,        1,  3110400, 4543878decc7b62b36b1d84e9986e12f
0,       2271,       2271,        1,  3110400, 4daebba8026ffa081aae55406e9db124
0,       2272,       2272,        1,  3110400, 6bcc6e4e96fafdddcb5ceec1d95b7dad
0,       2273,       2273,        1,  3110400, 93957a9e7a6880325b2b5a3dca1e883f
0,       2274,       2274,        1,  3110400, 69a51af4b21416d9b9f0286ac0060eae
0,       2275,       2275,        1,  3110400, 6d4ea57115809d31a4c2c606f00b3857
0,       2276,       2276,        1,  3110400, b1188a544d6144da7e14147f230a7ec9
0,       2277,       2277,        1,  3110400, bbab36d348b0e1066f53e6077e6f423f
0,       2278,       2278,        1,  3110400, 0eeb972fc59c70650cd2766410abebf6
0,       2279,       2279,        1,  3110400, 5bfb09335741b3f4d69b05d84e8b6b00
0,       2280,       2280,        1,  3110400, 476a6ca0457973e5a8b6f6598085ccf0
0,       2281,       2281,        1,  3110400, f538fb6896242dce9e976e173294942b
0,       2282,       2282,        1,  3110400, 5de40aaf6a52b2737cabc009f8716b5c
0,       2283,       2283,        1,  3110400, 7c9496ff89420b6964fe4a3d125e7e3e
0,       2284,       2284,        1,  3110400, b60e4d7c2df586f9c17e824113673652
0,       2285,       2285,        1,  3110400, 21398f362a9661d945258a7bcc016f9a
0,       2286,       2286,        1,  3110400, f82d9cc535eb99fc38968c7def76d704
0,       2287,       2287,        1,  3110400, c465cf573988a7de3d772df719c74c0d
0,       2288,       2288,        1,  3110400, d7ae0eea5e70679ebcc58207b699fbe2
0,       2289,       2289,        1,  3110400, b1866a5346a7c2675b4bc94ca9e2a227
0,       2290,       2290,        1,  3110400, 8799321247e44adec89fcc7c5bbffc02
0,       2291,       2291,        1,  3110400, 5b2cd231962c7cf3066c7e6a3137edb2
0,       2292,       2292,        1,  3110400, b613ebe3739e9927ec4b911582e2dfa9
0,       2293,       2293,        1,  3110400, 7346fc0e7a8fe10f1c7133f961261eec
0,       2294,       2294,        1,  3110400, 4df640b4a4903710cf4373e6049c46ce
0,       2295,       2295,        1,  3110400, 6c38926c2c7802d1c66cbbf998bf50dd
0,       2296,       2296,        1,  3110400, 05c787530fe6a1c032dfefdb57ff4e9b
0,       2297,       2297,        1,  3110400, d23bfe1e6744034a03279a16a5c7a2e1
0,       2298,       2298,        1,  3110400, 4e783e3a3eae0d99cc68f491ee7de1d7
0,       2299,       2299,        1,  3110400, 0b1d2c63815080ad5076b4d2dd7ead65
0,       2300,       2300,        1,  3110400, 26fb5864993a0228fdcb271cfe456b86
0,       2301,       2301,        1,  3110400, 84e7ea8ba22b9d89b7a8fc79e85c97a3
0,       2302,       2302,        1,  3110400, 4eca5fe0839d8be8f32e8a28a5f268f3
0,       2303,       2303,        1,  3110400, eb9c1e900aace296fbb043426ec8d959
0,       2304,       2304,        1,  3110400, 3509f9fef2e82c8f840051cdd3012fe6
0,       2305,       2305,        1,  3110400, 9237e3dd3863b0a5014fb51cb5948fcb
0,       2306,       2306,        1,  3110400, 35c3a47fb4ba61c65c5d465cc79ed533
0,       2307,       2307,        1,  3110400, 4900de5e10acdf2bc31aaae88b25539e
0,       2308,       2308,        1,  3110400, 97f977371b218ce64292713ffc39e3b6
0,       2309,       2309,        1,  3110400, fe681b91b16bd15832c13e983c869547
0,       2310,       2310,        1,  3110400, 0a4dfdc75eca6fc48d74787d7ce5bb4c
0,       2311,       2311,        1,  3110400, 2985033b79f402de704e980d3674f119
0,       2312,       2312,        1,  3110400, f8b21bb32e7e97e3c8bad60681cf15b4
0,       2313,       2313,        1,  3110400, fc282f13fe8afda4b5b849e1125a9ecf
0,       2314,       2314,        1,  3110400, 441bae4834b9beb2130292a42fdf39c1
0,       2315,       2315,        1,  3110400, d2c6a5b48f0527e71042cd12f1b6a572
0,       2316,       2316,        1,  3110400, 5c12b1eb57a4b8596d49144e83d1548d
0,       2317,       2317,        1,  3110400, de2a47fae81992004ac3405445062d34
0,       2318,       2318,        1,  3110400, 499a8e92a721253266c23c377c97f092
0,       2319,       2319,        1,  3110400, 224f6048b9ba2a6fa5f60ac61d91dcff
0,       2320,       2320,        1,  3110400, ae388e07c18bbbb1da4759150541623e
0,       2321,       2321,        1,  3110400, a5a74a4156161bb81e81dbe65e7ec827
0,       2322,       2322,        1,  3110400, fc49c1b604315d3205c6f450db413715
0,       2323,       2323,        1,  3110400, 408724ed09c9ecf61efc0264ce6017a4
0,       2324,       2324,        1,  3110400, b0d0546e7c71bebc0cada7c16638ac4b
0,       2325,       2325,        1,  3110400, d1fd5ff8230ac04e0fedc34481c2decc
0,       2326,       2326,        1,  3110400, 8bd09907d21c4819cb63887f12a2a3cd
0,       2327,       2327,        1,  3110400, 434f8e519e159b5916edf18ade4b92ac
0,       2328,       2328,        1,  3110400, ef02e787e82c8534e813227decdfa1ce
0,       2329,       2329,        1,  3110400, bea356f1a1c935176afdab9c95d90cb9
0,       2330,       2330,        1,  3110400, 0cfd65d2a8063f58079c3193490ba88c
0,       2331,       2331,        1,  3110400, a96451011e30611773dcfca1dcb75fc0
0,       2332,       2332,        1,  3110400, 438b8cb7db31999c2fc8dc537f19ad6a
0,       2333,       2333,        1,  3110400, f1296986ca7d1b701790455ed17f42e9
0,       2334,       2334,        1,  3110400, dbf5b4f135a31ceedc7b10ea2676e5dd
0,       2335,       2335,        1,  3110400, 0ddc1406551179db43f7428f6079b876
0,       2336,       2336,        1,  3110400, 945d7985fa252c209f37d861d9c8ffae
0,       2337,       2337,        1,  3110400, 6edefeedddbdf8abdee92c10dd8f9ab6
0,       2338,       2338,        1,  3110400, edad113bb0d9727b47dfc156fcb345a0
0,       2339,       2339,        1,  3110400, ef485d2ee5105745dfaafec2984e814e
0,       2340,       2340,        1,  3110400, c5b012126b5de5a96f8cbd1a77c49a00
0,       2341,       2341,        1,  3110400, 30b883750e9547a62e2f35f105e3de13
0,       2342,       2342,        1,  3110400, 371fc8f5713ec3dec36f8344d3eade06
0,       2343,       2343,        1,  3110400, c07d83ed9f6d21b53418843f270a455c
0,       2344,       2344,        1,  3110400, 6e4d3fa646efde71e335c99feaf8db46
0,       2345,       2345,        1,  3110400, 8727fb71442f98b9fb2624e845a005f8
0,       2346,       2346,        1,  3110400, 5c286e93ebed549d093717aeeff07ec9
0,       2347,       2347,        1,  3110400, 38017c6183a4700d890e2e268381f5f1
0,       2348,       2348,        1,  3110400, 598bf78ee2d5f8b21fd431f5d887a47e
0,       2349,       2349,        1,  3110400, 7319ce79ba5f60588242f88d671757e4
0,       2350,       2350,        1,  3110400, 2344f6126ae198e045903b8574f2bfc5
0,       2351,       2351,        1,  3110400, 8b787dfb21adcdc5f466fe006582d628
0,       2352,       2352,        1,  3110400, e6b8ba08567e466f4699fbb6451516f1
0,       2353,       2353,        1,  3110400, c9cfb32f3bb942f299d73c9fe7dd7e68
0,       2354,       2354,        1,  3110400, 7659080b61c73556b849fd268336d0a4
0,       2355,       2355,        1,  3110400, 46e95fe77216728fb8430521d04fadab
0,       2356,       2356,        1,  3110400, ae0fc2ffd50652ac70f47967143e40bd
0,       2357,       2357,        1,  3110400, fac44ef2807d0aff12bdc66004e86887
0,       2358,       2358,        1,  3110400, 64298c86ede545fc445ecdd18b372016
0,       2359,       2359,        1,  3110400, 06db5535f2be82a922a8bc397bef6b3d
0,       2360,       2360,        1,  3110400, 91c18ac2916292ed42fffdf832392e00
0,       2361,       2361,        1,  3110400, b9bc15e052ccf27db3a1340e1ad7d8d4
0,       2362,       2362,        1,  3110400, 9247fe7239cf3040cc947f76d8686a51
0,       2363,       2363,        1,  3110400, b8f31bdc01016b26d682e26d88602a93
0,       2364,       2364,        1,  3110400, 006681c39cf8a5608bde1d1007826fd7
0,       2365,       2365,        1,  3110400, 5cf533f7824f2d41fb5cff89d94600c4
0,       2366,       2366,        1,  3110400, b4f0183afff89ce594d177e11fc4ef0d
0,       2367,       2367,        1,  3110400, dc13b05ea7e9fd20cb1a23f37666a5aa
0,       2368,       2368,        1,  3110400, df738a2cd3b1108302f66fbf4cbe43cb
0,       2369,       2369,        1,  3110400, 11f12a000f783919a51959f67b0c6f21
0,       2370,       2370,        1,  3110400, f2200a82bd4d17f53ec35ff1ae13b417
0,       2371,       2371,        1,  3110400, 87fd5539107dfa265d19730d21b48b54
0,       2372,       2372,        1,  3110400, c57c6b3e1e2b1be21ff58057e368f921
0,       2373,       2373,        1,  3110400, d7969b3e27be48834f135a1c28a7c881
0,       2374,       2374,        1,  3110400, ac7c82511a9decfef686243fb5b675ab
0,       2375,       2375,        1,  3110400, b776921abe8e15207fd754b2c425fbb1
0,       2376,       2376,        1,  3110400, 22b6b3a41cb590e0ad08e3cd1c03da73
0,       2377,       2377,        1,  3110400, 08cdafe1d411e00fa919bda6f96b8025
0,       2378,       2378,        1,  3110400, 2f0dfe80a8ddfbfde088bd80293f840f
0,       2379,       2379,        1,  3110400, 7aa6d446e29f630ebbdaf83750216c27
0,       2380,       2380,        1,  3110400, aadce4d72ad4c07ee20e43239e6e09ef
0,       2381,       2381,        1,  3110400, 778bcf554dabe04354a3dfc1ee4d0d9a
0,       2382,       2382,        1,  3110400, 46d79811ba7f5aff4f9cbba53fc1e94e
0,       2383,       2383,        1,  3110400, 40419130256e97973522c82a2944ae97
0,       2384,       2384,        1,  3110400, 7f869aff227dcc5154aadc761e5b8854
0,       2385,       2385,        1,  3110400, 5ae24b3bfac184a3f03e23cded17aa15
0,       2386,       2386,        1,  3110400, 439de378f8eea3c207db7cdb34d4ad6e
0,       2387,       2387,        1,  3110400, af8dddf6557c6decfa8db3267b4eb31b
0,       2388,       2388,        1,  3110400, 460e7da25c9c8fd4cfb0ae7f81493a97
0,       2389,       2389,        1,  3110400, 7b109acc89be6ac8995e97a42c717a4b
0,       2390,       2390,        1,  3110400, 365af7f7703e1013e4d50cb0a307606b
0,       2391,       2391,        1,  3110400, 72e28184e9760f7e606bac1fd9d789b9
0,       2392,       2392,        1,  3110400, 3da3cb83279453799c1b40bb39c33918
0,       2393,       2393,        1,  3110400, bd4d6da54a51ba8a6e3acc094f411111
0,       2394,       2394,        1,  3110400, 19e17976e892c426d1395edd93c995a6
0,       2395,       2395,        1,  3110400, ff31b40b5cfed2d4742aa82b089c80d7
0,       2396,       2396,        1,  3110400, 30724d0d081ebdb87828e139f318d410
0,       2397,       2397,        1,  3110400, b5c42d072a425ac3800cbb7381338cc8
0,       2398,       2398,        1,  3110400, d15256a693bd57d9ac04c69dde8b948e
0,       2399,       2399,        1,  3110400, 0f20b0f3e907ba42225ec00450f97aa2
0,       2400,       2400,        1,  3110400, 870476e36e8fc7aa574efe74232ee4cd
0,       2401,       2401,        1,  3110400, b09608ed601ba92ab48162afc856bf9f
0,       2402,       2402,        1,  3110400, 9e8e57fd7c55ab5e2307748d34d6564c
0,       2403,       2403,        1,  3110400, 9afde183c32d45dc1c59996ec9946f5f
0,       2404,       2404,        1,  3110400, f202b12970e9171f7680221073b8c9eb
0,       2405,       2405,        1,  3110400, cd946431d7f5ce6584943ac1a518658c
0,       2406,       2406,        1,  3110400, 4b700206a095934788a14a2f9faedf17
0,       2407,       2407,        1,  3110400, 9dd442c431fcbce57488bf8822fa8082
0,       2408,       2408,        1,  3110400, a2fc24848e604b724d55bdb029b93876
0,       2409,       2409,        1,  3110400, 982da8d77eb1df86da245bf7df5e709a
0,       2410,       2410,        1,  3110400, 6d61c0de95df01ecb8745481a415fa0d
0,       2411,       2411,        1,  3110400, 0a36a91d1486e181c0a3f6ff28317a64
0,       2412,       2412,        1,  3110400, 46942a9fdd4a8fc8e3ce6b0e13cf8c29
0,       2413,       2413,        1,  3110400, 72fbb64c8843fc0727f1fb05b563b8a5
0,       2414,       2414,        1,  3110400, 026deddb5f4468d3d67fad3ed7514848
0,       2415,       2415,        1,  3110400, 111e69a56236d933e4ac8b4009a3abd8
0,       2416,       2416,        1,  3110400, a88347aa2d815a17ea88d5be9e81278f
0,       2417,       2417,        1,  3110400, 6a536771176d4e1a997aa2960b349b0d
0,       2418,       2418,        1,  3110400, a06cb03bb09727ae7d15e22844cee96f
0,       2419,       2419,        1,  3110400, 1366a744accd065b06cf412c3edfa30b
0,       2420,       2420,        1,  3110400, a6313886b2eb39e3fe55791c998ff515
0,       2421,       2421,        1,  3110400, f4768f76b466ae243a9008d47ec19ed7
0,       2422,       2422,        1,  3110400, cbf4186be4756ab4ab559b5aa063e389
0,       2423,       2423,        1,  3110400, 80b5cd20d088f11b807c87b33c07597a
0,       2424,       2424,        1,  3110400, 7f0da982c8a43674388edaf2eee50fe7
0,       2425,       2425,        1,  3110400, 96ae7080dc2e56069cf032bdf1ff7a0d
0,       2426,       2426,        1,  3110400, ddbc205580ee24ab5cf6969ae3a3c796
0,       2427,       2427,        1,  3110400, af29234d8ee0c2757a3c805f5ee9fc3a
0,       2428,       2428,        1,  3110400, 1919605699cd06d1af80508d08b97ee9
0,       2429,       2429,        1,  3110400, f2778fb6a0a6e6a9ef5c2949063f8fa5
0,       2430,       2430,        1,  3110400, 69cfab0eda10bed5550f7f26448ad150
0,       2431,       2431,        1,  3110400, 3c347a1ee4e2bc597ab296b85886838e
0,       2432,       2432,        1,  3110400, 704f5c01dfbf0c73570e97702d2f3c1d
0,       2433,       2433,        1,  3110400, e6d2091d28f69b4002b7e3d94d3a13f3
0,       2434,       2434,        1,  3110400, 640096e6a9578897761149507176fba8
0,       2435,       2435,        1,  3110400, 0a8d8d036ad78781561e76d57e100af7
0,       2436,       2436,        1,  3110400, a8753dd5d543991cfa5c7467edae610f
0,       2437,       2437,        1,  3110400, fa2f4dc17133d1ed25f60b6efd49ddb4
0,       2438,       2438,        1,  3110400, a4ade350677ac4182538a9b02d7b2cb6
0,       2439,       2439,        1,  3110400, 5b771dbf908e6bed614476178e8618fa
0,       2440,       2440,        1,  3110400, 7e42578cfafcdc181dcc649a4f760f4b
0,       2441,       2441,        1,  3110400, de6c74e0c81aee10ca7f7c529d951c4d
0,       2442,       2442,        1,  3110400, f3d2c4268d0c112977563cf8aa9f848a
0,       2443,       2443,        1,  3110400, b4d419fded29e57d6ac8df15f87379f9
0,       2444,       2444,        1,  3110400, 2ed4e4956a3f4b3ca3086d72b708db10
0,       2445,       2445,        1,  3110400, 55b36c5b601eac2c88e111ec97cfd065
0,       2446,       2446,        1,  3110400, eb4d40efe39748b82e0d7e7cb8fa68b0
0,       2447,       2447,        1,  3110400, 5e105d883061d8f7644105c4a11c01b1
0,       2448,       2448,        1,  3110400, 299c59b33a268dd0f10346ce4a7d257d
0,       2449,       2449,        1,  3110400, 37a48711b69d592553ea22d3b31dea82
0,       2450,       2450,        1,  3110400, 31fbcaf5676f6809af01b662dbcb6209
0,       2451,       2451,        1,  3110400, 9ccfc1e9971441e526898aade9a9f7d8
0,       2452,       2452,        1,  3110400, 08170878681600d56c2d6ad6fd0a439b
0,       2453,       2453,        1,  3110400, 0c6003cc0c4b81ba4f0cdfa239eecced
0,       2454,       2454,        1,  3110400, cbbd79fcd4a4eb02aae6989a83b36782
0,       2455,       2455,        1,  3110400, e10d2b9d71bb7e4191a14ad9dad347ea
0,       2456,       2456,        1,  3110400, 5219e59ad60f8056ff4b4b21041ba4a1
0,       2457,       2457,        1,  3110400, cbad0c252167d13e1a99ebe2afb4bf9a
0,       2458,       2458,        1,  3110400, ff9e25ddbede212cba42b519c64f4035
0,       2459,       2459,        1,  3110400, 635241746a65d2ecf8e6da66ccff605f
0,       2460,       2460,        1,  3110400, a0eed8a1f94a08b3f0c4820687281c53
0,       2461,       2461,        1,  3110400, b2dfd9ea9b9aa27e367b4671e607d28b
0,       2462,       2462,        1,  3110400, 7d914ff4f086c0295f4df1fe40570d52
0,       2463,       2463,        1,  3110400, fb47f5a7857c33c476b1aee4a9e40cfa
0,       2464,       2464,        1,  3110400, 1c8971b40c2aca39fa9c82471434b924
0,       2465,       2465,        1,  3110400, 24b663ef245ca9849d2e92933220a978
0,       2466,       2466,        1,  3110400, 91d9b3980fd8fd137b012dc165230a80
0,       2467,       2467,        1,  3110400, b1a9564088571afe0eee57b0cdbd4b88
0,       2468,       2468,        1,  3110400, 994c200ccb73b760a9f178e3135467ab
0,       2469,       2469,        1,  3110400, e246386e6dc96632c298b68e7e42bc31
0,       2470,       2470,        1,  3110400, 034970567cb330f90149b8bde257fdfa
0,       2471,       2471,        1,  3110400, d855bdc5b0f91c9fda3c92ba2f59f2c7
0,       2472,       2472,        1,  3110400, 40eb12af83abea0f4855631c48400eab
0,       2473,       2473,        1,  3110400, dbcb980f0ac97c66d907db8cbf9f54af
0,       2474,       2474,        1,  3110400, 8ac9a1d320ebf1618b708c7d3871f7eb
0,       2475,       2475,        1,  3110400, 3cc6b05a7daaca4a1d95a53a170da7e0
0,       2476,       2476,        1,  3110400, 56c83f880e9736c97535da5ca6b0c46b
0,       2477,       2477,        1,  3110400, 30d9df0d1c4c81baf730c74223e42a80
0,       2478,       2478,        1,  3110400, 4cb4eddfcde30ecbfd35142bc173eeed
0,       2479,       2479,        1,  3110400, 15c46527abc547763bfaa313bdd52aad
0,       2480,       2480,        1,  3110400, fe5d846ec3f4ee22a5d29e9daa3401c2
0,       2481,       2481,        1,  3110400, 3849f606f7db5a071b830a6534da383e
0,       2482,       2482,        1,  3110400, 42a80d0c01db0f999d5e5c15f0ed972c
0,       2483,       2483,        1,  3110400, 7109ca07bb145e7090fc6b27298d263b
0,       2484,       2484,        1,  3110400, ab10572549bbcedc42a8d519e283979b
0,       2485,       2485,        1,  3110400, 13095197534906fc068610f7e28bfeff
0,       2486,       2486,        1,  3110400, 7d24c017ac7be4d2b2eecdca84ef3297
0,       2487,       2487,        1,  3110400, ecfc37ed805b93428cd591a9c07f9a31
0,       2488,       2488,        1,  3110400, 193bd8a23cba4aa803b5992bb688a52a
0,       2489,       2489,        1,  3110400, a7243da323f54befb7383b2b1e05acad
0,       2490,       2490,        1,  3110400, eb0ad2bd8df879b1828cd79fe569ec91
0,       2491,       2491,        1,  3110400, b627795733cf1ebbb1fd9a7fe1d17dda
0,       2492,       2492,        1,  3110400, c920441868dd17cc36959c5d378ec43e
0,       2493,       2493,        1,  3110400, 0ad90bec76ac4d74f6a396b0d47e9b8b
0,       2494,       2494,        1,  3110400, 03a4d5613203aee7d16c690a5b59aa9d
0,       2495,       2495,        1,  3110400, c4d1c0520092b4843a39034f1b644037
0,       2496,       2496,        1,  3110400, f6312877b1b1e46fb773e868e419d203
0,       2497,       2497,        1,  3110400, db4081524693a6665696e0199e1c088c
0,       2498,       2498,        1,  3110400, 07e59ae29fd3c9fd7bc3d29dda956718
0,       2499,       2499,        1,  3110400, 12736263bee92a86d2c4686a8755f1ca
0,       2500,       2500,        1,  3110400, a637c9bbf383ad22aa922f22fe4f4335
0,       2501,       2501,        1,  3110400, e32c2b6431007ba239a4a0510b2666bd
0,       2502,       2502,        1,  3110400, a4abce4e2794757eaf9a6aed831cc657
0,       2503,       2503,        1,  3110400, d36a00f6be7edc9a898c34059f61b742
0,       2504,       2504,        1,  3110400, 86f334040b6d7175c31f981734f7b4cb
0,       2505,       2505,        1,  3110400, 37e344512c2a2bb15e67ee31ec0c1517
0,       2506,       2506,        1,  3110400, 293e1da8387163424cbd5de4da25f4d0
0,       2507,       2507,        1,  3110400, 09a8243ee86ccb7db106f389d308e2fe
0,       2508,       2508,        1,  3110400, 17db210fbaf218a5201d2a0071fbd023
0,       2509,       2509,        1,  3110400, deb672114554ee0a2912640f96568c72
0,       2510,       2510,        1,  3110400, c6978c7e27ad406be560c1f9aa82f54b
0,       2511,       2511,        1,  3110400, 16a01d1970782825aa4f72db56e92a45
0,       2512,       2512,        1,  3110400, 936243c88c698c7c8da4fde6cf59e52c
0,       2513,       2513,        1,  3110400, 851d727fd1902f02cc42e4d59db0bff5
0,       2514,       2514,        1,  3110400, cd988b65f55396b287c60417d9f6a1d8
0,       2515,       2515,        1,  3110400, c500a5c03c635f7cf9b15d7a9cfffbb2
0,       2516,       2516,        1,  3110400, af801bb2454bf61b797ee393493c1572
0,       2517,       2517,        1,  3110400, dfeaa6a749cbc8e7cc8078ba451fb6cb
0,       2518,       2518,        1,  3110400, 5d6c4ea5146cab2cd745e450f1923861
0,       2519,       2519,        1,  3110400, 3449036f43595aa382f1a13d7ec697a4
0,       2520,       2520,        1,  3110400, 0e48c1f293caa84aba112d659045cfd0
0,       2521,       2521,        1,  3110400, 2a9be69d16d24301b3028c52dbf60482
0,       2522,       2522,        1,  3110400, 1c8fb55df283f663d6ae5dc33010f07c
0,       2523,       2523,        1,  3110400, c067b677e70a393ac377d76735d89f2d
0,       2524,       2524,        1,  3110400, 6a25faef8c547a2cec9fbf1d7694764a
0,       2525,       2525,        1,  3110400, c47ec529c6e7d99ff4283cfde3aa0ec4
0,       2526,       2526,        1,  3110400, abe533a111d75aa2dea4b9948a74947b
0,       2527,       2527,        1,  3110400, cddb243be87e84679ab77f560d91f9ee
0,       2528,       2528,        1,  3110400, dffe4d51d53b53b2c5cc51b7fdc0668b
0,       2529,       2529,        1,  3110400, b74cdf01b388384ecdf75598f096887f
0,       2530,       2530,        1,  3110400, 9c0531f0063042607b21137ec127cf85
0,       2531,       2531,        1,  3110400, 978f595aba28cfcd4c8f470e6dd18000
0,       2532,       2532,        1,  3110400, 49a64bd8095348f3ed3ed0114a56fd09
0,       2533,       2533,        1,  3110400, 6758e2d55d6ccee7a71157df43de8a84
0,       2534,       2534,        1,  3110400, 8df89134af9957dc35dc33eec6a90d69
0,       2535,       2535,        1,  3110400, 02546d4eafde1450e79ccddec82b7fd0
0,       2536,       2536,        1,  3110400, 6dd88d1f7f16589a85704ecc74a47735
0,       2537,       2537,        1,  3110400, 9e2d74fa354f0bf69670d949e9bd733a
0,       2538,       2538,        1,  3110400, c3f3230153227138ff4d3f516717e7f7
0,       2539,       2539,        1,  3110400, a73a669025dc0de05a2343dc145d39e9
0,       2540,       2540,        1,  3110400, df1e7c0df5735db00032cd3ba100ae74
0,       2541,       2541,        1,  3110400, 0b88e03252af41208ee829239af52917
0,       2542,       2542,        1,  3110400, d411b05e10cb5ad2a5f4863ac01faf9f
0,       2543,       2543,        1,  3110400, b25121e7f82979265c514f97716f5cfb
0,       2544,       2544,        1,  3110400, edb5fb0919fbf5b3126252f8171ddd41
0,       2545,       2545,        1,  3110400, 4c737f61ea8b5e1b07af840718564ad2
0,       2546,       2546,        1,  3110400, 5381e11947661b14e2dd8ea71bd682c5
0,       2547,       2547,        1,  3110400, e47b80bb53ba644f9cf160f52c78c7e2
0,       2548,       2548,        1,  3110400, 3af1cf66744ddbc8ca26204e9a1bbe88
0,       2549,       2549,        1,  3110400, 18342e3c1da659ecd45e5023da11590c
0,       2550,       2550,        1,  3110400, 21f649480ad7b60608adbf73ad499972
0,       2551,       2551,        1,  3110400, 1551a117d038f48e82f5af0fed1ad684
0,       2552,       2552,        1,  3110400, d1bfddadb9cd876e4b82219a4519b9d9
0,       2553,       2553,        1,  3110400, 46e06f744479250fc82e0eb4a43721d2
0,       2554,       2554,        1,  3110400, fd63d4b6b3fe6835901de74aa4689725
0,       2555,       2555,        1,  3110400, 5322e5e38c5f20ba8f06b4d575d1d0b1
0,       2556,       2556,        1,  3110400, 726a76f6edaf9b3425a59f075767bcc5
0,       2557,       2557,        1,  3110400, dec0c31fcf1bcbea05447b75d970d43f
0,       2558,       2558,        1,  3110400, fb50fb9e43c742fbdce20bcbef4e4739
0,       2559,       2559,        1,  3110400, 7554383991befb9c1d1fdb96032c6b6f
0,       2560,       2560,        1,  3110400, 752c1774bdfb630db64fc07808c01320
0,       2561,       2561,        1,  3110400, 4b11ee9c9353e0dd68a571e7b8951eae
0,       2562,       2562,        1,  3110400, 3230963dff08d8c1e1567e8ddffb9d82
0,       2563,       2563,        1,  3110400, 0c279ab4335f88e09945014985726bd3
0,       2564,       2564,        1,  3110400, 11e54638ddce4740d3e224ccbdc32544
0,       2565,       2565,        1,  3110400, bfa94e42ecdd9b32828f4f0afbc50459
0,       2566,       2566,        1,  3110400, 8d78adbd446ba0ce90222926d2e068ef
0,       2567,       2567,        1,  3110400, 8f55eb907d57d20814c7094dbdd61e49
0,       2568,       2568,        1,  3110400, c48def7abeb57af1cdacb8ede13671af
0,       2569,       2569,        1,  3110400, 201e20d31b59e72a6eff674023fc6498
0,       2570,       2570,        1,  3110400, b541b82b01b84df250fa4aa71d005250
0,       2571,       2571,        1,  3110400, 537610e205aacb281d3441e9b03e30d3
0,       2572,       2572,        1,  3110400, ef9e95ff0f5cb4a81e95bbc9e97184c7
0,       2573,       2573,        1,  3110400, cc1c021982722172f877cbb05a49f696
0,       2574,       2574,        1,  3110400, 1715df7dac8734dfb3b9cd511440f3c9
0,       2575,       2575,        1,  3110400, ef9dea23a8fbc5828f518230879762f4
0,       2576,       2576,        1,  3110400, 9626e795efacfd07112b6d000b1d964a
0,       2577,       2577,        1,  3110400, 396ac13d95951f098d18327b517177fb
0,       2578,       2578,        1,  3110400, 4e29223f28f54c62985c1797d253d3e9
0,       2579,       2579,        1,  3110400, b3c677cd766d4ebe73735de2298c275d
0,       2580,       2580,        1,  3110400, 6841e77d59619a1304baf9e31e98fe47
0,       2581,       2581,        1,  3110400, 2f3fc0660345ba6da50553c9ca840c5d
0,       2582,       2582,        1,  3110400, 1688af61464aa6e71ad4e6f6bc0bb9af
0,       2583,       2583,        1,  3110400, f8c1465ace5df4e0979935de32de973b
0,       2584,       2584,        1,  3110400, 32afb62659d4c33ec60af89b78e44bd7
0,       2585,       2585,        1,  3110400, b3285a75c8469764a82b8d79e6c62459
0,       2586,       2586,        1,  3110400, b55527cd9e2f7fc130c0572f9b1fa745
0,       2587,       2587,        1,  3110400, d341a48b8da46f225bbdd6d3750dd527
0,       2588,       2588,        1,  3110400, 5da965b2c60c5364689821d868a880a2
0,       2589,       2589,        1,  3110400, cc20d4d2f13b5cfd71d1f12580c93424
0,       2590,       2590,        1,  3110400, 9804cdb85cf2bb6e2d6601c637d24621
0,       2591,       2591,        1,  3110400, ef761b6a2ee27c5366796187d39e08d5
0,       2592,       2592,        1,  3110400, 33124e446fac3901b8efe09628738a7d
0,       2593,       2593,        1,  3110400, 994cfef0e5846ab19a13b814a4beb572
0,       2594,       2594,        1,  3110400, 6737a05a61f6340d9e0e9fef3b39be45
0,       2595,       2595,        1,  3110400, 8827a88e83c11722dab5770b946ff225
0,       2596,       2596,        1,  3110400, a328e9459982b162b8c75d0a7ce43c8a
0,       2597,       2597,        1,  3110400, 96e9a04db9a7bac76af0821e3c3f82ea
0,       2598,       2598,        1,  3110400, 3057fade4c7d874d379b7ca0288ad19d
0,       2599,       2599,        1,  3110400, 01516d3e9b991f4a3ce08a4f86503cd8
0,       2600,       2600,        1,  3110400, da3785192bd54b5c0577d2241909a117
0,       2601,       2601,        1,  3110400, c0cd6c20a66281028bc97f8608c4cdaf
0,       2602,       2602,        1,  3110400, 7da3e62e5e85ad37b476a6644909b5ce
0,       2603,       2603,        1,  3110400, dfb7407d6bca74f3b4cfa4260be1edec
0,       2604,       2604,        1,  3110400, df4c17af140fe0511f89cdfbfe162c5c
0,       2605,       2605,        1,  3110400, 5a272fb93101f93a1c46398f991cfe6d
0,       2606,       2606,        1,  3110400, 2b516284baa0960016e19af425a252cc
0,       2607,       2607,        1,  3110400, 5a377a9f88c55aadc21c01c721fb6f5f
0,       2608,       2608,        1,  3110400, 474c5678c6b8a4075f26a7bbbfeb6182
0,       2609,       2609,        1,  3110400, e17128631ac48d9c892a29050e1f302b
0,       2610,       2610,        1,  3110400, e7051883397a539799e9d1a81c463a6e
0,       2611,       2611,        1,  3110400, dbb5680170e808790bec462253a9479f
0,       2612,       2612,        1,  3110400, 5644a5a26aacf09111dee381d7d2315f
0,       2613,       2613,        1,  3110400, 179088b135c0692a25578313a1c047a6
0,       2614,       2614,        1,  3110400, 6b513be0cef1f4cb7d82cfd073a6f814
0,       2615,       2615,        1,  3110400, ba49eda3ac55e96ba06c9d4e19c22ff3
0,       2616,       2616,        1,  3110400, 403b3b7584f8a0bba9464ea62356e815
0,       2617,       2617,        1,  3110400, db8097b7876f607a6b99ce2d84a2ea5c
0,       2618,       2618,        1,  3110400, 41fe6b7213b8d6980af3907e96ec354b
0,       2619,       2619,        1,  3110400, 31bca322c17ddd9b90830fb04b9990b6
0,       2620,       2620,        1,  3110400, 16ddf7d6b5589888b34d46b072782763
0,       2621,       2621,        1,  3110400, 40816ad91766bf9606880d7f281b5ab5
0,       2622,       2622,        1,  3110400, 6868a79dcae04f5bef9f9a0665b4b12b
0,       2623,       2623,        1,  3110400, 56802cd6ab4018d7c8465f458e21964c
0,       2624,       2624,        1,  3110400, 75fd73a4f3dc360e42cdee02f99a9117
0,       2625,       2625,        1,  3110400, 3c22942afbc9863c3221cab8f054ecd8
0,       2626,       2626,        1,  3110400, 118cf092fb7c31f88be6bb7cb2fe8bb3
0,       2627,       2627,        1,  3110400, 1c04c8bdd7bb7e222666c76e59dacd9e
0,       2628,       2628,        1,  3110400, a2d906e9d79ae477886ca3fb86a569a8
0,       2629,       2629,        1,  3110400, 08e111662532d3734ca45f334dd7a201
0,       2630,       2630,        1,  3110400, d746dbfbbbeea169b51f1e75d270548b
0,       2631,       2631,        1,  3110400, 5b4bab5ee0d10ce1377a5661c3e2351c
0,       2632,       2632,        1,  3110400, 560bc0ed59ecba2aa9a9de0eb0d32f72
0,       2633,       2633,        1,  3110400, 30097a583ffe6c3e171e82959aa6cecc
0,       2634,       2634,        1,  3110400, 16f85427079411f60009281ce7314726
0,       2635,       2635,        1,  3110400, d625a14638489b83eb74a52c3453e62d
0,       2636,       2636,        1,  3110400, 25d43adda50a8b8640d3f2d15b8c166b
0,       2637,       2637,        1,  3110400, ef1850704bfc4f90eafab2736a8ea3e6
0,       2638,       2638,        1,  3110400, fb0bc353230742e033cf56f386cdb1ff
0,       2639,       2639,        1,  3110400, ff05594cec85900ba361900a38e85745
0,       2640,       2640,        1,  3110400, c22215c5075d4a32482f95174c3f9358
0,       2641,       2641,        1,  3110400, 048b87955f8d56ef07d4bf36335cb04f
0,       2642,       2642,        1,  3110400, d52b8362ee6ae1c9f17ccfd2f742a859
0,       2643,       2643,        1,  3110400, 8d3de970e8a317797555a90438e95518
0,       2644,       2644,        1,  3110400, 91123103494804b6b75aa14ba9f8cf8c
0,       2645,       2645,        1,  3110400, 990fc768aa951fc7e1fc5b110c539d24
0,       2646,       2646,        1,  3110400, 84a80a58733dab7675faac19807ebb38
0,       2647,       2647,        1,  3110400, dcb3885d4eb371324505de546f0a021e
0,       2648,       2648,        1,  3110400, bd6f41b856526ea8b834e0e915c32a70
0,       2649,       2649,        1,  3110400, 5a128a5e1459f08f2d4792be4de572a4
0,       2650,       2650,        1,  3110400, 9658fa44c9d32ab334c06703a81b011d
0,       2651,       2651,        1,  3110400, 61a225d0c801acb2970682e78cc8eed3
0,       2652,       2652,        1,  3110400, bbfe42adcd29286bbdfbba0de782d49a
0,       2653,       2653,        1,  3110400, f8f71c904a2884c7e3a5fcc1523fc2af
0,       2654,       2654,        1,  3110400, e9af2be2521ab7b10b68c5c3044d1bb0
0,       2655,       2655,        1,  3110400, 5079513fc8ac6927d456d7a19ab374e1
0,       2656,       2656,        1,  3110400, 0bcee379e7c74eeaa5498166dde0db0d
0,       2657,       2657,        1,  3110400, 144e14f07152ea2b57f3926dc86a430a
0,       2658,       2658,        1,  3110400, b02c404c3d31e4da6ddf2c1dfbaa1ef8
0,       2659,       2659,        1,  3110400, 73a801e20777be16912e4e05e6d84cb1
0,       2660,       2660,        1,  3110400, 3c01f38e446fd63fb9412bb0e537e601
0,       2661,       2661,        1,  3110400, 9923e721c301a32312ba2c5d4c56ab74
0,       2662,       2662,        1,  3110400, fec09b835fc39607ab11344ffc24a1ee
0,       2663,       2663,        1,  3110400, 7d0bae477077768323f8719cef779d1f
0,       2664,       2664,        1,  3110400, eba9ad387eaca45231bebb6994c073ab
0,       2665,       2665,        1,  3110400, a69c5504b125f7fc64ff57c8ad871a66
0,       2666,       2666,        1,  3110400, 5d3e661dd20f30ce592605e27a790d74
0,       2667,       2667,        1,  3110400, 8de45bd4203eafcca250138ad2aaf18d
0,       2668,       2668,        1,  3110400, f87202ec22d6babb056c306f5040c386
0,       2669,       2669,        1,  3110400, 19384b1385b407630284e284f807eaba
0,       2670,       2670,        1,  3110400, 0484ada27c847cd0847d2598a508d647
0,       2671,       2671,        1,  3110400, 4232a2d8af75c38f276b654d05684c62
0,       2672,       2672,        1,  3110400, 9c714f0883676285642d622ee40a6336
0,       2673,       2673,        1,  3110400, 669252df5d7ecd56b891175618e3ed3e
0,       2674,       2674,        1,  3110400, 68b62ebf8f2eb9791bd6a15e44d153a9
0,       2675,       2675,        1,  3110400, 4358f6ef033394065a54816b0f416a5c
0,       2676,       2676,        1,  3110400, f8144a066ef05dfbe54290ab167f9db1
0,       2677,       2677,        1,  3110400, 17708f6c11443f8a4ed4a5462e17d817
0,       2678,       2678,        1,  3110400, 94d8a893206653216993e863764dac2a
0,       2679,       2679,        1,  3110400, 9db8d4a7546749d02685025cecd29fb8
0,       2680,       2680,        1,  3110400, af17a25ca27128bc3d2b46d4c8c98859
0,       2681,       2681,        1,  3110400, e75cd9f7c229696f8d42e029673727d2
0,       2682,       2682,        1,  3110400, f60caa8af91837828ffd38ee3a8a6fa0
0,       2683,       2683,        1,  3110400, 168758ef3769bf31c16c2353de279fe2
0,       2684,       2684,        1,  3110400, 0c08b84e75a39f3cb62c027ea2f11bc6
0,       2685,       2685,        1,  3110400, a1ed7f2801126c9268398c4e0b9ddcf8
0,       2686,       2686,        1,  3110400, 0b03bd38b1b4f6fbacdd09fb54e283b8
0,       2687,       2687,        1,  3110400, 90338fd60584049e83fe3255bdc30e72
0,       2688,       2688,        1,  3110400, 1fdac4cda588a6ebbc498a02d8951de3
0,       2689,       2689,        1,  3110400, a59c15d8218b9abe303f72f0c772f3fe
0,       2690,       2690,        1,  3110400, ed5d6cfce0aae507274627d6a2c97311
0,       2691,       2691,        1,  3110400, e6aa22e1b8c3519b4ab44a274f9f952b
0,       2692,       2692,        1,  3110400, ea0459d4f6e1de8768eacc90918320a8
0,       2693,       2693,        1,  3110400, 92ccda9c333140b22d841e26346ac310
0,       2694,       2694,        1,  3110400, 4547f1ab77765e836fd5b3d038ad5742
0,       2695,       2695,        1,  3110400, 41215fe2854a2478ac2a95ee103b3167
0,       2696,       2696,        1,  3110400, 415aad6a4cf6a25fd45c8ecdcc096a81
0,       2697,       2697,        1,  3110400, a9c7cc18ef063401af46ea6968d41ab6
0,       2698,       2698,        1,  3110400, 5f49d989027ff1c97e1fa8e3f5fafabe
0,       2699,       2699,        1,  3110400, b1d4357bcd9aa3065b8a13069f214d4f
0,       2700,       2700,        1,  3110400, 6cb69d7eee4afe335082682118494ad9
0,       2701,       2701,        1,  3110400, f3d8e1ed0bb84c6db823a0e9e9ff9f09
0,       2702,       2702,        1,  3110400, 0c1c09bb1b86d3d19036619cdf118739
0,       2703,       2703,        1,  3110400, 34eb6cdc5e62fac73cb7e7e8bb77f90a
0,       2704,       2704,        1,  3110400, 62bd46da79f93b86ee92cabff629b54a
0,       2705,       2705,        1,  3110400, c04a6187792ac21d5a7b6a4db568b905
0,       2706,       2706,        1,  3110400, 2b38fb3ba8d543d06104f4857cba4ac2
0,       2707,       2707,        1,  3110400, 3fa4ca2b27fe86d899dd8207757d7ddc
0,       2708,       2708,        1,  3110400, 35b5a070cebde6ec0eb49e01a324f68e
0,       2709,       2709,        1,  3110400, 9a6270a5716f5802e0d068d1ccc1d2a1
0,       2710,       2710,        1,  3110400, 758acb53b77986a34164bf8e4e1ce714
0,       2711,       2711,        1,  3110400, bcc0996c476fc79bc0d321ecf1bda604
0,       2712,       2712,        1,  3110400, ab984e16ebb1a8630ea5be515d371d08
0,       2713,       2713,        1,  3110400, c7f4c573acfe14f27e374e4fdb96b0ee
0,       2714,       2714,        1,  3110400, 6d5a0799c6d725f5fe8ee55773355df3
0,       2715,       2715,        1,  3110400, 9101eaa75533737ed7f7bc63fbe352ec
0,       2716,       2716,        1,  3110400, fb2f1c041450952ebe479acd6444cd60
0,       2717,       2717,        1,  3110400, 63dc15825fd40fd04676ab32a318d20a
0,       2718,       2718,        1,  3110400, 4eb5497ce645c9fcfbccd12ec3affbe7
0,       2719,       2719,        1,  3110400, e02c4ac9bbad98c144564976f294a283
0,       2720,       2720,        1,  3110400, 5bad56c3d71ba1cb28962e45731881b7
0,       2721,       2721,        1,  3110400, 9fbf3abc774a4a8495a34ced00a4dd8c
0,       2722,       2722,        1,  3110400, 64603d1bfa441c3d18596f235aeb4647
0,       2723,       2723,        1,  3110400, e69b9ed3af0563f14305e1d1800fef59
0,       2724,       2724,        1,  3110400, cd6ce4ff1657bc635209c825149ec2a8
0,       2725,       2725,        1,  3110400, f7f0985336ff080d251985fcd298e076
0,       2726,       2726,        1,  3110400, 644befbbfa788dce61eeb162cc16b8af
0,       2727,       2727,        1,  3110400, 85740088a892d7f7193544721b896e68
0,       2728,       2728,        1,  3110400, 842ac412b08c14de601ae5d3d150895b
0,       2729,       2729,        1,  3110400, 6ae2b7e7860c4359e08c0d0d7e638607
0,       2730,       2730,        1,  3110400, 1248e51f4fccff0b5b13825a5058536e
0,       2731,       2731,        1,  3110400, 73d5db3406e913746016bbe11199d677
0,       2732,       2732,        1,  3110400, 734086448c42223a67b4f629762a3eec
0,       2733,       2733,        1,  3110400, 2251dac56f67292448a084718fbfc58e
0,       2734,       2734,        1,  3110400, b227247928352839a5892e12d454f12b
0,       2735,       2735,        1,  3110400, 476a7b3ad528f6a924db800399c38f40
0,       2736,       2736,        1,  3110400, ac2ba0c2a956f28837c20b88d792ec97
0,       2737,       2737,        1,  3110400, 81810fe24191a6bc5617a0ac6d7f9055
0,       2738,       2738,        1,  3110400, af3962ab8738bc544555407374661498
0,       2739,       2739,        1,  3110400, cfed1536d36850a40cbcbced7309b679
0,       2740,       2740,        1,  3110400, 292074ce4ff20757ef714696dd2fdb28
0,       2741,       2741,        1,  3110400, 38efdc0952da8804f3470c0c9a08e7e5
0,       2742,       2742,        1,  3110400, 90cf1075ca9fbb89fe8a798ed6aecac4
0,       2743,       2743,        1,  3110400, 7ffe40b0b68b51419d3ccba1219eb8a5
0,       2744,       2744,        1,  3110400, 4d8e8d9dee04242403c66c944fca87dd
0,       2745,       2745,        1,  3110400, 40684ac908e8cc473a82647074807a80
0,       2746,       2746,        1,  3110400, 30ba5500dc489eeaebc5f8248f972a0c
0,       2747,       2747,        1,  3110400, 7d600a1bb5aa43acdb491011e99b4e0f
0,       2748,       2748,        1,  3110400, 9e34d4b84a2bbe6121a8aca0ad36c525
0,       2749,       2749,        1,  3110400, 99995561a1dca0b2ae85ba034c337ce0
0,       2750,       2750,        1,  3110400, d6f7c563b9bdfdbfcefadfde3b7f5bb3
0,       2751,       2751,        1,  3110400, bdb8f7515b7bece0a47ad515edf24e9c
0,       2752,       2752,        1,  3110400, b7462d211666fa4da21220bb551c6926
0,       2753,       2753,        1,  3110400, 80a0b2ea1f8c41720fa1beb5a94efe5d
0,       2754,       2754,        1,  3110400, 778d6d9646f3b87aa6c0881bdc66167d
0,       2755,       2755,        1,  3110400, 1b911f47cc66cc8cebbc4183927dcfab
0,       2756,       2756,        1,  3110400, 4ba37ab68b0eb174673664554ffabcff
0,       2757,       2757,        1,  3110400, a16c4275fd0ee538cb18587723c3e3de
0,       2758,       2758,        1,  3110400, 65339e279c10e2946b53f79fd5979229
0,       2759,       2759,        1,  3110400, 88826a3f5ad69006d66a67528922a5ca
0,       2760,       2760,        1,  3110400, 9be0262d7aed6ee3ecc770c4af584b71
0,       2761,       2761,        1,  3110400, 720e151082d1e5b54b4cc844406baa0d
0,       2762,       2762,        1,  3110400, 544d4aafe10f7872d487637ddd4c6c9f
0,       2763,       2763,        1,  3110400, b92a75afe8d78206160f61ee21c4bd6e
0,       2764,       2764,        1,  3110400, 8f1f0693844254c630a0d33c73082438
0,       2765,       2765,        1,  3110400, 5944e7914239adcbada5e4fa534b18c1
0,       2766,       2766,        1,  3110400, 35db285ca6e4f8b09fe8dff22256adb3
0,       2767,       2767,        1,  3110400, dd4de24cf23c1c0f301becb8f1d5c27d
0,       2768,       2768,        1,  3110400, 1bd7cac1b2376c3aa95d04b3912f8136
0,       2769,       2769,        1,  3110400, 71b99ed94a362021c27a9f3643c88c2d
0,       2770,       2770,        1,  3110400, 60ac0a00215c797ebda70973c2fd8cbc
0,       2771,       2771,        1,  3110400, 1b4f9b500ea7d67e04a56582de97724c
0,       2772,       2772,        1,  3110400, e536bd26f3c2774f5a01c153ddd4bf96
0,       2773,       2773,        1,  3110400, 5dbc455f2684e74704d6b870a6897f2c
0,       2774,       2774,        1,  3110400, 8db7c0f1b33cdd6e4af8fca72dd614a2
0,       2775,       2775,        1,  3110400, 564b75f0ccfa6a35003c280e19c4376c
0,       2776,       2776,        1,  3110400, 204ac9b76811b515207a007bdaf90416
0,       2777,       2777,        1,  3110400, e4bdf481bb589e93de3722c83c393eaa
0,       2778,       2778,        1,  3110400, ed475a15e039b4326b4999106393394e
0,       2779,       2779,        1,  3110400, 04c35e9ad074b975946c39b95f18efa1
0,       2780,       2780,        1,  3110400, ff2d0c99787dcb9a4f0baff0b7394f82
0,       2781,       2781,        1,  3110400, 01e3cf8b94353c82ed9317e9b3cb4846
0,       2782,       2782,        1,  3110400, 57163e99b66ff74489c2d9f4753fc31c
0,       2783,       2783,        1,  3110400, d777b6259f87f3d3bfc014b9c741e03b
0,       2784,       2784,        1,  3110400, b93b9cd185a35f19c7a2e63ab97f363a
0,       2785,       2785,        1,  3110400, fa81bb4162402d098d0a90292ddb31cf
0,       2786,       2786,        1,  3110400, f3aee87e36ba2c1a6c5c284db633a0b1
0,       2787,       2787,        1,  3110400, 103d7f4eb141f008be3bfc39bb133c4e
0,       2788,       2788,        1,  3110400, 2162db7d782fe447000569b451228749
0,       2789,       2789,        1,  3110400, c5b8961935b52d2a06b9914b1c78afc1
0,       2790,       2790,        1,  3110400, 785fb7c2791b1d01fb65bf5e76c753af
0,       2791,       2791,        1,  3110400, d1fe899ee5a81cd8816bf2abf71897a2
0,       2792,       2792,        1,  3110400, 5e0dde1265a5dbfe6ae6aa2cc306c2c7
0,       2793,       2793,        1,  3110400, 9d7374aee689278bcc86bb174725c375
0,       2794,       2794,        1,  3110400, dd57d59cca6676c7ef4a948e33a89293
0,       2795,       2795,        1,  3110400, b8e09851cd9bd17e08acbc591f9026e6
0,       2796,       2796,        1,  3110400, e6730b5f2a3a787bff147832037e0c0d
0,       2797,       2797,        1,  3110400, b1124b7e80c6bdbd04307b448b1b5195
0,       2798,       2798,        1,  3110400, 5fb56d46741c96faf6d4081f7caa157f
0,       2799,       2799,        1,  3110400, b65bb4ab9165062d224122fcb7c6f002
0,       2800,       2800,        1,  3110400, 5ce71591671b210d144a132ab993cc36
0,       2801,       2801,        1,  3110400, 6b29ffb88f2679f00f19d1e8f3088c55
0,       2802,       2802,        1,  3110400, 5ccbacc51b8ea5e93c7735b39204f638
0,       2803,       2803,        1,  3110400, 6a1a5bfa2f59eb5b25a36ea5755c188c
0,       2804,       2804,        1,  3110400, d8e427da0e4a05117435499a1a18260a
0,       2805,       2805,        1,  3110400, 874acaca03d2e472e5d32476c5bd45d9
0,       2806,       2806,        1,  3110400, 417c721d4dc45ff8ec05335fc6139da9
0,       2807,       2807,        1,  3110400, 8eab201b69fb10e76e1f48cd63277885
0,       2808,       2808,        1,  3110400, af6be297b5dbea3e0431148f1b07867f
0,       2809,       2809,        1,  3110400, 3bc0cb77d97f0eab9ad1944edb7b0f2d
0,       2810,       2810,        1,  3110400, 063a2a681d674dc994dcf86af5ae253b
0,       2811,       2811,        1,  3110400, 91f87f826b664e636cfc262a1b6e6e8b
0,       2812,       2812,        1,  3110400, 8341548e924dee7339db4ebad575d162
0,       2813,       2813,        1,  3110400, 7f2f0c3d03958b1fd112170db9aa84f2
0,       2814,       2814,        1,  3110400, 3f17e794b2bde562feb7b4f5b3f090eb
0,       2815,       2815,        1,  3110400, 9fd4b5a360041831d458093cea82df17
0,       2816,       2816,        1,  3110400, 9da5fe3c1f3103486730e48345b1d115
0,       2817,       2817,        1,  3110400, 9baab7ddfd07f118a83e1e2881650a6c
0,       2818,       2818,        1,  3110400, a77d556c31a09a05249aae482320c31c
0,       2819,       2819,        1,  3110400, 480a4e4dbb48c59ade850b49de65e0c1
0,       2820,       2820,        1,  3110400, f3f7e817da90a896646768174979823e
0,       2821,       2821,        1,  3110400, b005439fa7d21430ed77c92bec153528
0,       2822,       2822,        1,  3110400, 7f8711ec2453dc16aa3bc182df7926c7
0,       2823,       2823,        1,  3110400, e8f6673bbff9a314eeff394be3fa8a51
0,       2824,       2824,        1,  3110400, 538770b12698595e740ca6d8a9db6cba
0,       2825,       2825,        1,  3110400, d59d554efc0dde6e5467abda9ba89f5c
0,       2826,       2826,        1,  3110400, 8bf12470fd43f4a4167a2091000c03db
0,       2827,       2827,        1,  3110400, 99726e97c019a876a4efd55b918ff602
0,       2828,       2828,        1,  3110400, fa9de8059a13ddce4bb6055f7e73bfb3
0,       2829,       2829,        1,  3110400, ec4871515747382ff779f7269e7c4a40
0,       2830,       2830,        1,  3110400, 1fb96829a1dc7d659d15f7b020a82ad1
0,       2831,       2831,        1,  3110400, a85b84781205e1211434670f251fcfe8
0,       2832,       2832,        1,  3110400, e238eb8a9e04806ac732d40a0fe3b85f
0,       2833,       2833,        1,  3110400, 2f821d404e0d0e1dd0702c16762a8c59
0,       2834,       2834,        1,  3110400, 25666cd7a140e7aea16919e08e4d6319
0,       2835,       2835,        1,  3110400, 01d6bc16693e24e5058c5ecbff32bc15
0,       2836,       2836,        1,  3110400, 20e84636dff4ae3a9e19524a0612c038
0,       2837,       2837,        1,  3110400, 3e4b2bdd1c4c644c1c77978b318caaab
0,       2838,       2838,        1,  3110400, 1c2f6a91e7cf8bfb82b48e689f79344a
0,       2839,       2839,        1,  3110400, 541fd3655912143ecccc548681c290c6
0,       2840,       2840,        1,  3110400, c821cf0239aaf8d72a8710f8d0423d06
0,       2841,       2841,        1,  3110400, 265dcb9a20b11b3532c4f3bec3fbef16
0,       2842,       2842,        1,  3110400, 6585e8f8c0a47ecd72f8fc76f6b6558c
0,       2843,       2843,        1,  3110400, c70c3e16713ee4808d16943857769be1
0,       2844,       2844,        1,  3110400, fd0e4021fae4f7c44edb2a4094b09dd2
0,       2845,       2845,        1,  3110400, d0c9601047b9ee6dc7c7ceeb76dc1d67
0,       2846,       2846,        1,  3110400, d87298b92b19262405f1b5635cc9c6da
0,       2847,       2847,        1,  3110400, b3fdaecc624f38213dbfcd5732e58bd0
0,       2848,       2848,        1,  3110400, b6058ee8daf053443f5f25f2a066819c
0,       2849,       2849,        1,  3110400, 0354563a620d7d1baf024c468fe35b38
0,       2850,       2850,        1,  3110400, 753974a3c49b2ade4738ca54999b1869
0,       2851,       2851,        1,  3110400, 6e5bdd922c69f9f872f70cb539c1f878
0,       2852,       2852,        1,  3110400, 5d0013738c63895da420fa718c0f702e
0,       2853,       2853,        1,  3110400, 99d71345ebff2ded87d4187ca11e1c2a
0,       2854,       2854,        1,  3110400, 51b2399c4d62e340580057ece74c07b7
0,       2855,       2855,        1,  3110400, 55f0e4c5d3cc9d66ab0f95b55c39ca2a
0,       2856,       2856,        1,  3110400, 657f642b91c62c191b641140c23421f5
0,       2857,       2857,        1,  3110400, c58af9aee0054d5e3e35cf5d03a1a040
0,       2858,       2858,        1,  3110400, 54ba95573d8a6b8295478e9e6e512529
0,       2859,       2859,        1,  3110400, 0275ac7ebe06e60f027fa77c2799bf99
0,       2860,       2860,        1,  3110400, ef97fbc65bc86493cb11aed30879f54e
0,       2861,       2861,        1,  3110400, 4e93b18a425d97f5bcad8517e736d9ea
0,       2862,       2862,        1,  3110400, cc61ea73c4c981ccfb96beff1b3fb23c
0,       2863,       2863,        1,  3110400, 490b47de48a6ca1532e9608317237de7
0,       2864,       2864,        1,  3110400, a9b1ec2147a75270fcf1ac601ce17740
0,       2865,       2865,        1,  3110400, 397d01ea590285d756c1709ac1e9610e
0,       2866,       2866,        1,  3110400, 01b73e308e5febdd69622dd3a869d86c
0,       2867,       2867,        1,  3110400, 5d98fd42c3055dc50680d22808862cf5
0,       2868,       2868,        1,  3110400, 977d86610551791d47c465bc170e1050
0,       2869,       2869,        1,  3110400, aecfb9b816a99a3ce4ac082f37133337
0,       2870,       2870,        1,  3110400, 6038c2958780eb672f93b5fe0e3db326
0,       2871,       2871,        1,  3110400, 3128c508e48673a25390ad6425850148
0,       2872,       2872,        1,  3110400, 1fcfab92295648996a6ee4bda6c21ad9
0,       2873,       2873,        1,  3110400, 95885375438690e27ef64706bf860656
0,       2874,       2874,        1,  3110400, e1655d5fa8383dfe7a2af88d60536508
0,       2875,       2875,        1,  3110400, 37bcff0d134f24ac82dbbe0c48fc8f3b
0,       2876,       2876,        1,  3110400, ee5d46d8ff9c3cea54f8acc99c2a0bbd
0,       2877,       2877,        1,  3110400, 7530a408cac87610d77527daebf49683
0,       2878,       2878,        1,  3110400, 01da632f96bc75a53b3f337a5c2a3d06
0,       2879,       2879,        1,  3110400, 4de380ca8c3a09af4cd9a9cc0bfcca7f
0,       2880,       2880,        1,  3110400, c0cffbcaa7cf757097fafd63fbfebb8d
0,       2881,       2881,        1,  3110400, 961ae5c2c9ee9f4d5f6f740acb6334d3
0,       2882,       2882,        1,  3110400, 4d2df6ae84e75f2886fec99477398bbe
0,       2883,       2883,        1,  3110400, caa69a9fc97bd7a17b5f15713fcce7ca
0,       2884,       2884,        1,  3110400, 96e1820d7c29974ed069f4c2df412ae6
0,       2885,       2885,        1,  3110400, caf241672c970ba48064f1e4afc8219e
0,       2886,       2886,        1,  3110400, 7c155b40c28cebb1dfa9d5afdd9778d1
0,       2887,       2887,        1,  3110400, 6c068d9727bc4bb0680da9a9857fda9f
0,       2888,       2888,        1,  3110400, 144a3cfda6bcf1919541774879f02693
0,       2889,       2889,        1,  3110400, 0f22185be1cb341743ebd41b754ce170
0,       2890,       2890,        1,  3110400, a4d86ac56c559d3604f01573f478cfd1
0,       2891,       2891,        1,  3110400, 7501ca824103b5abf57f2a0b073bf435
0,       2892,       2892,        1,  3110400, d40242c75126aeb17bd29217f5fc2804
0,       2893,       2893,        1,  3110400, f5b34395b79fd5a15367da7d1c570257
0,       2894,       2894,        1,  3110400, 3936717e488e9cda826aa3f7c2bb5415
0,       2895,       2895,        1,  3110400, e5d9e602fa673dd5dc8d1b02c70756a3
0,       2896,       2896,        1,  3110400, 9614f2098d2558d24402bed58e1c3601
0,       2897,       2897,        1,  3110400, e56d875aad65febf42c9d5588cc1a298
0,       2898,       2898,        1,  3110400, c0da9598afe40b030e9146414335e65f
0,       2899,       2899,        1,  3110400, 34627fc84210f4b8e2729062d19ef0df
0,       2900,       2900,        1,  3110400, 0dbac242c3b810ea98b41d9b16829f09
0,       2901,       2901,        1,  3110400, 35f6ebc6b403727c9c0022ecaed3dcec
0,       2902,       2902,        1,  3110400, ed1bd334c9b54a9e2c31fc7453295d1d
0,       2903,       2903,        1,  3110400, 7e0b295eb9e18f85844ea248685a8fc5
0,       2904,       2904,        1,  3110400, 4f009bacf75fceecb08bdbab56afd265
0,       2905,       2905,        1,  3110400, ff1dd7f6235e128ee882e30626efde28
0,       2906,       2906,        1,  3110400, c3226e3ebc3409295e4f4b8e3938dad2
0,       2907,       2907,        1,  3110400, 50d24cc2f2d98b19ec12f2de7b75a1c7
0,       2908,       2908,        1,  3110400, 029379d829b66493b172888d659b51bb
0,       2909,       2909,        1,  3110400, e98dda9bc5d13ba4736b2f41fb405db9
0,       2910,       2910,        1,  3110400, a296738670870d4b8b277d2e36ea51d9
0,       2911,       2911,        1,  3110400, 497504475b0b10566af1d47558d618f7
0,       2912,       2912,        1,  3110400, 4adee7130260cd48c237a11d589ab486
0,       2913,       2913,        1,  3110400, d9bc02d9b358e1d4a20c222c2b338677
0,       2914,       2914,        1,  3110400, 3dcd740e0a7e899a6402ea6801f468e2
0,       2915,       2915,        1,  3110400, 1070bf9b86d3b119d223866eb8102694
0,       2916,       2916,        1,  3110400, a4c76fdafb272b5809c9f01ebc66e8ac
0,       2917,       2917,        1,  3110400, 39fa56a658eb292c027055208e5cfeb4
0,       2918,       2918,        1,  3110400, a1009fe7378a8ba89bfc352389a2a5c6
0,       2919,       2919,        1,  3110400, 429cdec0626dcc661f519087d2e466c0
0,       2920,       2920,        1,  3110400, 5e23511f8066eef10f6cc7b7b94db687
0,       2921,       2921,        1,  3110400, fc6979db9a8c0520dadfa77a0417f041
0,       2922,       2922,        1,  3110400, 240d0c9f2fabc3f4ef9ba4cfa5c95d92
0,       2923,       2923,        1,  3110400, 1620b64da9e57d1fcaa692fbbf0299da
0,       2924,       2924,        1,  3110400, da91146a601765abf4873a931cf624a6
0,       2925,       2925,        1,  3110400, af4bb6b4071d5c0cb882a1fea962fbc9
0,       2926,       2926,        1,  3110400, 48cd7c0031b13c52cf07f1ff2a05725c
0,       2927,       2927,        1,  3110400, 8a12959ee24aa674c0f35829f8aa6d45
0,       2928,       2928,        1,  3110400, e54563df734f594ab63f65e36b1b0efa
0,       2929,       2929,        1,  3110400, 8aea40f690d4f18f95c9f39d8e762484
0,       2930,       2930,        1,  3110400, 6e1a60e8c0bf720b02aa908176cb16da
0,       2931,       2931,        1,  3110400, 083edd14038ebddf8058b3fe5cdd527b
0,       2932,       2932,        1,  3110400, 5e520f9da1e2186b8981c3a7080d1049
0,       2933,       2933,        1,  3110400, 724d8910fb35fc5036be4b657102762f
0,       2934,       2934,        1,  3110400, ebf246032b5f79fe495de118b1c99fe7
0,       2935,       2935,        1,  3110400, c7f6a59eb353910d36e5df1ebcc50334
0,       2936,       2936,        1,  3110400, 3c9a5fdfe0118389f3e5d1909810ba1c
0,       2937,       2937,        1,  3110400, 4f1ec23316790c5c1f379cbba0bc6609
0,       2938,       2938,        1,  3110400, 17407908ca899185bb1fb1d498a8b409
0,       2939,       2939,        1,  3110400, dcf5a1228f9a4ff62f9acf3f85c06d2c
0,       2940,       2940,        1,  3110400, 93b57020f342f38ff9c69af7963c2ce5
0,       2941,       2941,        1,  3110400, 128627bf70c5bb71ba555461363411b9
0,       2942,       2942,        1,  3110400, 6e944fe72cec55d3b7b2663223f0fcc8
0,       2943,       2943,        1,  3110400, ef5108ecd81a8b828fc9ca8bf229b99e
0,       2944,       2944,        1,  3110400, 6fd4063b62ee5268b14aa74ce9206f30
0,       2945,       2945,        1,  3110400, c89d809b4a81b7381f290556553e77d1
0,       2946,       2946,        1,  3110400, 3ae861bf74764ddc63c5fcac4100809d
0,       2947,       2947,        1,  3110400, 6495f91b277a70d2b06457f1f185f645
0,       2948,       2948,        1,  3110400, d51b913f96a5f2796c0a11bae40503e4
0,       2949,       2949,        1,  3110400, ee02e79f7478c579cdad06db744f8684
0,       2950,       2950,        1,  3110400, 86c3c6b6339015891b5f9dff4fe2f8f7
0,       2951,       2951,        1,  3110400, 4172adde2a3c405077284164d3b5775a
0,       2952,       2952,        1,  3110400, 72b77dad665007dcbe385e5992721ce7
0,       2953,       2953,        1,  3110400, a3baf5e2df9fe5f2210b103a56508987
0,       2954,       2954,        1,  3110400, ee50774c6f94dc5442e974bb56e7aff0
0,       2955,       2955,        1,  3110400, 540fde2e7858ebb53060b177a4cd483a
0,       2956,       2956,        1,  3110400, 6b7582908fd52cf249e454dfc555046f
0,       2957,       2957,        1,  3110400, 19f84d9d1bb87fd81ce3a4eee154eb86
0,       2958,       2958,        1,  3110400, ae96080ee0ccffa9c8250431e1b7c3bd
0,       2959,       2959,        1,  3110400, fb974b82ceb3045baf40427ddb64f5b4
0,       2960,       2960,        1,  3110400, fc05e9567326548517c6919533620cfa
0,       2961,       2961,        1,  3110400, 4c6a64db46ea6fd1f6a2dcc636bf8100
0,       2962,       2962,        1,  3110400, 75fb11004cb389c21d77b5ef7ab61a18
0,       2963,       2963,        1,  3110400, 372baab92537786fa672d6a4c5e88702
0,       2964,       2964,        1,  3110400, 73dae1cfde0c94b02e2437f2409a4790
0,       2965,       2965,        1,  3110400, de05434a7947cce9b44dee9ac162e964
0,       2966,       2966,        1,  3110400, 3372dea27e0100eb9971e5245411ef23
0,       2967,       2967,        1,  3110400, 1d90534599425b1c4051450adb62a84e
0,       2968,       2968,        1,  3110400, 39702048a5c3e95f45e6196651b9b88a
0,       2969,       2969,        1,  3110400, 0b7d85f18af36fbd1a8f16632792933a
0,       2970,       2970,        1,  3110400, 4d1f21b26d8ec065242ea01f5cbc5450
0,       2971,       2971,        1,  3110400, 7674575bfaa779e1cafca164fd958987
0,       2972,       2972,        1,  3110400, 26a95866ee350cecd41a1fa5442a1138
0,       2973,       2973,        1,  3110400, 4894dc6bfbe4ea831c7537d914094665
0,       2974,       2974,        1,  3110400, 8da8b49c7268109e7689b79d05329def
0,       2975,       2975,        1,  3110400, d04c8c92bff582f8512c6b2b0d5bce7d
0,       2976,       2976,        1,  3110400, d5da73d8924d28ea4db7a102c75d4f29
0,       2977,       2977,        1,  3110400, 1797a3eda2ccdb1fe3a595587bffacd0
0,       2978,       2978,        1,  3110400, 0197488ad0c026bac731f0efc2ef418f
0,       2979,       2979,        1,  3110400, 8c9e0be2c346cfe1f6f898da67dc904d
0,       2980,       2980,        1,  3110400, c4cbf7fe460288603818116a210aafe4
0,       2981,       2981,        1,  3110400, 4b3eb480bc950eee222b78b72ec88f34
0,       2982,       2982,        1,  3110400, 9016ebcb4924241119d5b0a4d449bd9b
0,       2983,       2983,        1,  3110400, dd76bd602e6a4ce624f56815396029b3
0,       2984,       2984,        1,  3110400, d90a911dd85ba4a1a3984d876a6f5b87
0,       2985,       2985,        1,  3110400, 5a4721c12a96454e5dcb958713ef5b9f
0,       2986,       2986,        1,  3110400, 8105ce0f217c1d28efd2d49229138502
0,       2987,       2987,        1,  3110400, 37586fb7b50b88380df462aadb058dea
0,       2988,       2988,        1,  3110400, 968dbb639d859def7d0ce7469dd3d1c9
0,       2989,       2989,        1,  3110400, 943c799e08eead3c3f156082ec53c4e8
0,       2990,       2990,        1,  3110400, a6e81528b03c372bf495ea2cddcf2479
0,       2991,       2991,        1,  3110400, 61ee1d39107662753f2b097485c32c68
0,       2992,       2992,        1,  3110400, 1653b13aceaa49cf98928cf3a4f5638a
0,       2993,       2993,        1,  3110400, 08c534975ea546aa5ae48b7246bb0dea
0,       2994,       2994,        1,  3110400, 4604e233ff468d908c109097ecbee98c
0,       2995,       2995,        1,  3110400, a9d932609c7f276845d010ec3c51995d
0,       2996,       2996,        1,  3110400, 3ebb76593f0cad506271283efda2336f
0,       2997,       2997,        1,  3110400, 7dd90affffdfea2dcde813dba78670e4
0,       2998,       2998,        1,  3110400, 94977593311e21f4d45ad82c9410abe1
0,       2999,       2999,        1,  3110400, bcd835a13b1ac2767e8408da803e3053
0,       3000,       3000,        1,  3110400, c85443007c8f2632208ffb7316b0e2ba
0,       3001,       3001,        1,  3110400, d7d385618d4f0af5348d5516d905d12f
0,       3002,       3002,        1,  3110400, 8ebcee9d1fc6d979d93ea86d8fe02aef
0,       3003,       3003,        1,  3110400, bb18080771e0e020137f77405b3c7905
0,       3004,       3004,        1,  3110400, 994b9056d423f9444c5b9ebc282fb1d3
0,       3005,       3005,        1,  3110400, f3d4fb1962f9246c57c86948bedb2ac2
0,       3006,       3006,        1,  3110400, 058031a67e8d16c2c0f0f64297e4c348
0,       3007,       3007,        1,  3110400, 05249ecb75ad3d506642229637a1369f
0,       3008,       3008,        1,  3110400, aefaab5e356867d9f14bd59c57273efd
0,       3009,       3009,        1,  3110400, d80d540c7a694ad4d3417b1bb0278fe6
0,       3010,       3010,        1,  3110400, 6f905bb147084b2262a53a096a9618c0
0,       3011,       3011,        1,  3110400, 33c4812e7c29db33a095c9b383a9ec3a
0,       3012,       3012,        1,  3110400, 20d5bc9a97664a116e89d9dc486370ac
0,       3013,       3013,        1,  3110400, c605b5c3c411675a0f79b534622711c1
0,       3014,       3014,        1,  3110400, b21e78807b85eae611a48c5b213ca9fd
0,       3015,       3015,        1,  3110400, d47da1150ee6c45e1ee41d24f8169f17
0,       3016,       3016,        1,  3110400, 3796193f8f6de0465a771933f2d699c5
0,       3017,       3017,        1,  3110400, c83ea2859d7b70d7a63fa83f75dec8fe
0,       3018,       3018,        1,  3110400, 5b91136fc8d07673fc713ab5613266e6
0,       3019,       3019,        1,  3110400, 9422fb15afa1f5a5403b0681364a5fe5
0,       3020,       3020,        1,  3110400, 0730658329fcea5d0667820cabdb9c25
0,       3021,       3021,        1,  3110400, 7076e8a10be9cff867b5bbe015f3f558
0,       3022,       3022,        1,  3110400, cfe05277db97cbcaebe96c20abe225e9
0,       3023,       3023,        1,  3110400, 17917d375d2a9b587f5839a19d86f2e0
0,       3024,       3024,        1,  3110400, 46114468e607cd5e89704d27a17b9959
0,       3025,       3025,        1,  3110400, 6b84a3c8e5b2fe896e312d852bd46b30
0,       3026,       3026,        1,  3110400, 9867960736931c1839546772a8d4715b
0,       3027,       3027,        1,  3110400, 4508cf58da7fa9cdd8077d8847503dee
0,       3028,       3028,        1,  3110400, a7229a51c8aa303bf36bfb275c0fd734
0,       3029,       3029,        1,  3110400, 3244ef23cfd3d723c92389638e6453a9
0,       3030,       3030,        1,  3110400, 7c510b8e2fa702942667987a7b5d185d
0,       3031,       3031,        1,  3110400, c80dcfc73f456444a07f37b578ddd0c8
0,       3032,       3032,        1,  3110400, 95b4091419a9a35246d904a9cca8f7e5
0,       3033,       3033,        1,  3110400, 0e6f46268eff57c0c7313077e6be2a55
0,       3034,       3034,        1,  3110400, 0caea29d455223297d7a625567367b63
0,       3035,       3035,        1,  3110400, d666c87aed51ffa5a44a3183b1b583e0
0,       3036,       3036,        1,  3110400, 49fe8b57cac6c5b51d3056b1029f7f81
0,       3037,       3037,        1,  3110400, 238232474eaf5228dd1bacbf7cff258f
0,       3038,       3038,        1,  3110400, de0bf63d94cb57c8f6e45f337994aaa9
0,       3039,       3039,        1,  3110400, ecc69c243f80072488ba7cb4eccad600
0,       3040,       3040,        1,  3110400, 223e1a6bd4dd0383168599cadb268584
0,       3041,       3041,        1,  3110400, 52af0add3ab4308abc2c731b0d6649eb
0,       3042,       3042,        1,  3110400, fe6e6dbee6ad71904dc6a8fb18cb1fea
0,       3043,       3043,        1,  3110400, 23d2c93cc52298bfe12d5bd9700f03dc
0,       3044,       3044,        1,  3110400, 33ef277e23be3018eb2950575c6457fd
0,       3045,       3045,        1,  3110400, 929ad2b1771f0be513d36b8579cd9d61
0,       3046,       3046,        1,  3110400, 5649b976bc78aaa75c3651761ed6d6d6
0,       3047,       3047,        1,  3110400, 81a9cf520075f632fc843f81c657230b
0,       3048,       3048,        1,  3110400, 0dbbe93e506d7e3ad7eff34043ca6874
0,       3049,       3049,        1,  3110400, cdf4ef815437727235af10ed6f2a49b8
0,       3050,       3050,        1,  3110400, afa95942eb3de8762639f20f1540a6ca
0,       3051,       3051,        1,  3110400, 927501bf56a3abdb2732c2cf7b21b3f8
0,       3052,       3052,        1,  3110400, 90ba0854f1802b49c2fc34d3e4254340
0,       3053,       3053,        1,  3110400, a94f099f27bafae2f1b39e0c107258d5
0,       3054,       3054,        1,  3110400, 9197e7fad9773c8c07361c9ecf2ddb74
0,       3055,       3055,        1,  3110400, 87e7e8459f1f2f57982e2da6c8e63a88
0,       3056,       3056,        1,  3110400, b2bf21802b566272364474d47e58dda3
0,       3057,       3057,        1,  3110400, cbf106b843204c9a474e60148922f1e6
0,       3058,       3058,        1,  3110400, b994c6908c26928a4b3d7f543f6570cb
0,       3059,       3059,        1,  3110400, 3cd80d7e19b83a806c74e4052b5de4da
0,       3060,       3060,        1,  3110400, 96d7297b481750af6fd5a34ecfd74a99
0,       3061,       3061,        1,  3110400, ae19a92394d729c958925478d3348d30
0,       3062,       3062,        1,  3110400, 5c93dd3ec0ecbdffc8253e8c8e9397a0
0,       3063,       3063,        1,  3110400, 7fe6239c1c143287d356071fd095e1ab
0,       3064,       3064,        1,  3110400, 353877fdb4b3ce3dc29276675cc10f37
0,       3065,       3065,        1,  3110400, d2fe3e4da4f4ca14118e93f367c43c85
0,       3066,       3066,        1,  3110400, b9b675572709aa27943859624af75ef1
0,       3067,       3067,        1,  3110400, 5be6485e6e48ad8408b618f376410f9f
0,       3068,       3068,        1,  3110400, 6b067fa36e5b5fb238515c3c206e9c9d
0,       3069,       3069,        1,  3110400, 0c27b7da9461c283529d4a4e50c76edb
0,       3070,       3070,        1,  3110400, 66de5b86df022b738fea757bd4d9769b
0,       3071,       3071,        1,  3110400, c906448fb86a27b2509cd744e158b1c7
0,       3072,       3072,        1,  3110400, 3fcd25be572cfc75026846e863b9f766
0,       3073,       3073,        1,  3110400, 34120b8c18126510e59ca576b80108b5
0,       3074,       3074,        1,  3110400, aeb5a74f34b7b4fd3d399ed64c9d0581
0,       3075,       3075,        1,  3110400, 1ff5489a5d6cbf23976aa1350e5e52ea
0,       3076,       3076,        1,  3110400, ca89ff418e3c44105a8273e16016d3b7
0,       3077,       3077,        1,  3110400, 2edf27b4c93069c040b80695781b27ba
0,       3078,       3078,        1,  3110400, 6fc33f2bd4d89f9ff035cc02c06e8dac
0,       3079,       3079,        1,  3110400, 9b4e0082f99d37e2797908c849ccb65a
0,       3080,       3080,        1,  3110400, e3f452488c0298c25884010d7fea1fc9
0,       3081,       3081,        1,  3110400, 20a8ffbb8d923cc0da0cf8dd8f931391
0,       3082,       3082,        1,  3110400, 0e1572cf1d5d4014a41f480851ec7046
0,       3083,       3083,        1,  3110400, 727595112e317e5be3e060dc5a702965
0,       3084,       3084,        1,  3110400, cc2eef75dd84927e27171fe1e60e5293
0,       3085,       3085,        1,  3110400, 358db5faa86e36822fc2e5788fdc23c8
0,       3086,       3086,        1,  3110400, 3fff0f9bd3a223a9db1f113c0722f160
0,       3087,       3087,        1,  3110400, 6e000eda3042aa9142443446e0ccf06f
0,       3088,       3088,        1,  3110400, c8f43f25a5df1991ffa18f7643c445ab
0,       3089,       3089,        1,  3110400, 9ea24a4f820eb702ce2a5760377d8b18
0,       3090,       3090,        1,  3110400, ab862518a4ca6ed86a3ae47347aad5f8
0,       3091,       3091,        1,  3110400, c841f844da4f0da3b393f08630508468
0,       3092,       3092,        1,  3110400, 618f408044d4f6aac10c94670bb8fa3e
0,       3093,       3093,        1,  3110400, 9df87c835fc45032e2473846fe5e1b86
0,       3094,       3094,        1,  3110400, 6e7be54156323307ae40ecf7d3250871
0,       3095,       3095,        1,  3110400, 33060d905ec6301d75a8c27c4dfaeae7
0,       3096,       3096,        1,  3110400, 13ef0b09a5dd23b32788934e59229879
0,       3097,       3097,        1,  3110400, 9ba52ad8ae058f770655e30d3ba68f3d
0,       3098,       3098,        1,  3110400, a1f012fe2eb3852ab025044b2823bd56
0,       3099,       3099,        1,  3110400, a439178d81a307e96cd9c342ab538d00
0,       3100,       3100,        1,  3110400, 8fec2b1176419d353b049259de22410c
0,       3101,       3101,        1,  3110400, ac1645c29ec7c93be312648d8ab83db7
0,       3102,       3102,        1,  3110400, bb026262363d3c13b9b49d0593c696ce
0,       3103,       3103,        1,  3110400, adcc48deea770b00fdf29fcfb4cb2ff2
0,       3104,       3104,        1,  3110400, 6fa61f7906a556e2a7fe0b1b2adf5127
0,       3105,       3105,        1,  3110400, 183d521f807c9534b1206d4741ceed99
0,       3106,       3106,        1,  3110400, 95610a15c05fa4cb65161fb7bcecc0a3
0,       3107,       3107,        1,  3110400, e46f8784b1992a95955f28447dbecb1c
0,       3108,       3108,        1,  3110400, a21f89d2bf8b695170beebaec43ae604
0,       3109,       3109,        1,  3110400, 57202f76f0cddb43eec9929d0163c9db
0,       3110,       3110,        1,  3110400, 1001aa4f1df828885d656c3ab3803b2f
0,       3111,       3111,        1,  3110400, d7cd1b5359655367f2b56b5964b2961b
0,       3112,       3112,        1,  3110400, 00d091f871fadfb7b31a9799bf9bae3a
0,       3113,       3113,        1,  3110400, cb86494ee14cbd55a4b8278b4763ba16
0,       3114,       3114,        1,  3110400, 80f4edb8a63d0231eeb1959bfef72687
0,       3115,       3115,        1,  3110400, 56d8f01f03037524f386b349d2beb4d9
0,       3116,       3116,        1,  3110400, da42e1f97fd617181ad1e9b9245d0985
0,       3117,       3117,        1,  3110400, a39b77128e2a57d1d8fdd3a7b4337075
0,       3118,       3118,        1,  3110400, fc5543b50ab528b566b3993524ee1dca
0,       3119,       3119,        1,  3110400, de09fc04271c469f498f07848dcb25ff
0,       3120,       3120,        1,  3110400, 2ac31a9b1b7f6dec5ef13684d0c6db30
0,       3121,       3121,        1,  3110400, 1d15e5a933f94ba7dd3492fb3fac699c
0,       3122,       3122,        1,  3110400, cd1ad60c0e6c1910f20fadf9b6b313b3
0,       3123,       3123,        1,  3110400, f4ba48066e1d909671879141131f9461
0,       3124,       3124,        1,  3110400, b7a919155ccb58ef729e6940ce3277b9
0,       3125,       3125,        1,  3110400, 30f393f06d64899dc0d40769aa7a23bd
0,       3126,       3126,        1,  3110400, 2cd91adfc8953dd7eca9acc710d8a351
0,       3127,       3127,        1,  3110400, 0c72f01540ca8cb82b17e20e122ce105
0,       3128,       3128,        1,  3110400, 39616a851434d1c100baebb0e09c1557
0,       3129,       3129,        1,  3110400, aa75627fc6be0fed8495907e4160e067
0,       3130,       3130,        1,  3110400, 1c1bbf9632eabb156ad840debac1d2c3
0,       3131,       3131,        1,  3110400, 3cafdbd96693df722a7fe750f96120c4
0,       3132,       3132,        1,  3110400, c6df542378dc953789ead87ece4fe053
0,       3133,       3133,        1,  3110400, b48096b3c0e3919c476a8475cf513b48
0,       3134,       3134,        1,  3110400, e39dc9c38838606451a1b9aaa649b127
0,       3135,       3135,        1,  3110400, ee14241176ae061c26aa477f4d3208c1
0,       3136,       3136,        1,  3110400, 8a5ffb14e2e60b9281ae30a5e7ea43b4
0,       3137,       3137,        1,  3110400, b5b8f9f3e2a49b338009f0c8497cd4c6
0,       3138,       3138,        1,  3110400, 899791e60a24d838348a8987e1c25fd8
0,       3139,       3139,        1,  3110400, c5de3f6e8396e4aa36954bcf51764fb0
0,       3140,       3140,        1,  3110400, 74b05a600020666e03a77b81bfa5c727
0,       3141,       3141,        1,  3110400, 93b485f7910b2d869fea7a9f4a259be1
0,       3142,       3142,        1,  3110400, b1c63d083a637a3e46ecfe67e68c50f3
0,       3143,       3143,        1,  3110400, 728a71de4411f5b60c43ef5040675cbc
0,       3144,       3144,        1,  3110400, 230dc6b0fb8518654a4b6aae22d27204
0,       3145,       3145,        1,  3110400, 82c187004c40801588cc2ea234a1ec79
0,       3146,       3146,        1,  3110400, 0f011fbc312567eb7f303a0ba16803ba
0,       3147,       3147,        1,  3110400, a0871924d4b23c2cc975a383faa31171
0,       3148,       3148,        1,  3110400, 717f5c4e1724e75ffb253ff952c2543d
0,       3149,       3149,        1,  3110400, 252b8ef6a6c03086c965d8cf6343181d
0,       3150,       3150,        1,  3110400, be64f503e62bf2beea62de61b8221c9a
0,       3151,       3151,        1,  3110400, 391c9b4efe3014e35d8d664aaf68f166
0,       3152,       3152,        1,  3110400, 50e509aaaeaafdf52b4f3cf2b8d1ae23
0,       3153,       3153,        1,  3110400, 7f73f0eb5883de2640df2b32cfbb54c4
0,       3154,       3154,        1,  3110400, 0dd380304bbb92517b31922227fc6d59
0,       3155,       3155,        1,  3110400, 8406c863bef925648569f694f82110dc
0,       3156,       3156,        1,  3110400, e6b0ecc5da6bf4cac4b8d0202032ce0c
0,       3157,       3157,        1,  3110400, 6a75bced3f8b6546f2087c024ed8d628
0,       3158,       3158,        1,  3110400, 68835ad06f42d57b0542ee70809d0438
0,       3159,       3159,        1,  3110400, 7b820be98f773f8dce1c1c098af2303a
0,       3160,       3160,        1,  3110400, dc89a73c9812994cc22d942fa68c8950
0,       3161,       3161,        1,  3110400, 19567abf41edd212bc187ce8b9e1d987
0,       3162,       3162,        1,  3110400, 8158b7ef14f1d5918156de8254b20172
0,       3163,       3163,        1,  3110400, c0c59b2d12b7e569a03112312eb8a09a
0,       3164,       3164,        1,  3110400, 77e37acedb21dbce8b675f3a265e0724
0,       3165,       3165,        1,  3110400, e3c2879a3720220644408aebf3877122
0,       3166,       3166,        1,  3110400, 5d181d9e81b924765b792aef7fd6c1f9
0,       3167,       3167,        1,  3110400, 9bc4fec851bb508c0f2272612b70c739
0,       3168,       3168,        1,  3110400, 4113b934bf51a34aa18cd4675e3cc6a9
0,       3169,       3169,        1,  3110400, 25650677d4701427e92528dc7993a2db
0,       3170,       3170,        1,  3110400, c062ba5a4c191e81559af49bf2f1d4c4
0,       3171,       3171,        1,  3110400, abbcac492870a6d06db37bc066dfac42
0,       3172,       3172,        1,  3110400, 1b8377151c4dc4190af5357782f2bfcc
0,       3173,       3173,        1,  3110400, 68f680453db3ff9bdca819375e124400
0,       3174,       3174,        1,  3110400, 23896e2a8f19e538911ed759b984d474
0,       3175,       3175,        1,  3110400, add82dbfc8d7d48500431fecb0094c11
0,       3176,       3176,        1,  3110400, 39e1b7b65d9ddfd48f204cfc1c380f0d
0,       3177,       3177,        1,  3110400, a521480d321a8d07e0abd98fb6740c59
0,       3178,       3178,        1,  3110400, dd4a16b21ea3f1788b83602c1fc7161d
0,       3179,       3179,        1,  3110400, 37c1f56bedcc54e66902c9d45c5e8fe1
0,       3180,       3180,        1,  3110400, e668b08a39ea72902c985973f456bf2f
0,       3181,       3181,        1,  3110400, 6e79d6946ff49ff47afed5005b1e4f6e
0,       3182,       3182,        1,  3110400, ecbe86064fe90cedbf3f0e03a59761da
0,       3183,       3183,        1,  3110400, a148b6e950439ede31fa2e81d36e17c9
0,       3184,       3184,        1,  3110400, dcd39384fb54069a02d91c7e58f71fe4
0,       3185,       3185,        1,  3110400, e76fef8e0ac517dcc32c5fbdc7706e67
0,       3186,       3186,        1,  3110400, 3a843c0a8bd7f3f01aab6373be076aeb
0,       3187,       3187,        1,  3110400, ee466a19a911690383b43c1a08b7edb7
0,       3188,       3188,        1,  3110400, 530b147194079280b29456df2a8acddd
0,       3189,       3189,        1,  3110400, a4db72a97bfaf99f6c8212b407174800
0,       3190,       3190,        1,  3110400, 99e8cd25093a164f7a9dae51d7ee4022
0,       3191,       3191,        1,  3110400, f1b54591ed1a7c767508271abc7f7e4f
0,       3192,       3192,        1,  3110400, 82b60d637ad94fb76697a4df7b10fe3b
0,       3193,       3193,        1,  3110400, 3ff35a0d643d046a1f536510d27461c3
0,       3194,       3194,        1,  3110400, 024a31b22c689c42dd83c8dc6a26f5fa
0,       3195,       3195,        1,  3110400, 6ac36c560ef1385dde9980e251533e14
0,       3196,       3196,        1,  3110400, a2e2e5455244b7d053577b29fedacae7
0,       3197,       3197,        1,  3110400, 2d48dee76444390835e2893e7c2cb898
0,       3198,       3198,        1,  3110400, aaa1d997979c6a6870625500d8b8ac2f
0,       3199,       3199,        1,  3110400, a7b114112396f12ddb26f6237a65af56
0,       3200,       3200,        1,  3110400, e0aa8a136c36a45523125113f405ec8e
0,       3201,       3201,        1,  3110400, f27ca7d6ea851717daba9142ef656048
0,       3202,       3202,        1,  3110400, 6d2c368bd801bbcf24cf95f25bbba709
0,       3203,       3203,        1,  3110400, a080ca4947e4ad4b9f4bb559159979b3
0,       3204,       3204,        1,  3110400, 49ec54e94ac74b2c14b4e61448442970
0,       3205,       3205,        1,  3110400, 4c4fb90918603724ce7c1599a00a2e01
0,       3206,       3206,        1,  3110400, b430c633ad3018d31ee756e750650971
0,       3207,       3207,        1,  3110400, cfdac3adbf2a3e2f279b16affbbf3fda
0,       3208,       3208,        1,  3110400, 993261b539903b376c92812816da93bc
0,       3209,       3209,        1,  3110400, ec0c4a89f5ac359d65413148d6fe5a5e
0,       3210,       3210,        1,  3110400, 46c66ee562c860f07df2d6f83ef98135
0,       3211,       3211,        1,  3110400, 8d276c7ff0ed2f20ae6d10dcc09d6862
0,       3212,       3212,        1,  3110400, b60b9a3f12a99247d081038cca9e9768
0,       3213,       3213,        1,  3110400, 96ce9d132f0b21fc9e97821d9386ce8b
0,       3214,       3214,        1,  3110400, 67eb49629d391b1602cc9e57f93be564
0,       3215,       3215,        1,  3110400, 5dac8cfc549b65718becf622392af71f
0,       3216,       3216,        1,  3110400, 3a2bcff581e3345a6a570e3e9bb45534
0,       3217,       3217,        1,  3110400, 6b2fb1b1f55f1dba72f49778764afc96
0,       3218,       3218,        1,  3110400, 1fbfce5935afadb1abffed81d63eec28
0,       3219,       3219,        1,  3110400, f09518aff506cd2e405f9b622bc42348
0,       3220,       3220,        1,  3110400, bf8e29c9654a47917882020d3c2e51c1
0,       3221,       3221,        1,  3110400, a5f1c7a4873e621d8a3b4f6abc92314c
0,       3222,       3222,        1,  3110400, 2ec259a8e8e837e021cb85e54fa648d4
0,       3223,       3223,        1,  3110400, 1c71ac71ac9c0b4d75f8ba53b1cf7441
0,       3224,       3224,        1,  3110400, 0c322de0d01f41f23874122b301cfe1d
0,       3225,       3225,        1,  3110400, f3425597cb7413f4a9bb2a564dcb284d
0,       3226,       3226,        1,  3110400, 199ee31b57ac6087800e48c3cf434ea3
0,       3227,       3227,        1,  3110400, 6b5331ad4a01f64e422141d0eaee2b15
0,       3228,       3228,        1,  3110400, cd407bbfca4de9dbc46d92a99299bd0d
0,       3229,       3229,        1,  3110400, ac63cb269711b81f91007d11ecdce5b3
0,       3230,       3230,        1,  3110400, fe9a993db2ee36e6b3b44e2d8dca72fe
0,       3231,       3231,        1,  3110400, ad61701af85924f4613c8dc9f765da26
0,       3232,       3232,        1,  3110400, 43e07e466b6e6def818069e9a976db7f
0,       3233,       3233,        1,  3110400, 8a6a380fc2c6587037745fb72e7c53a8
0,       3234,       3234,        1,  3110400, 4f60e50313056af2ae11867987f21b64
0,       3235,       3235,        1,  3110400, a418a3e0b845baffb5df21f5d4145ff5
0,       3236,       3236,        1,  3110400, 894feeef7ba4591dc5a703f9ba61529e
0,       3237,       3237,        1,  3110400, 7f6f6d944f39871b772950dbd21fa140
0,       3238,       3238,        1,  3110400, 94c2f2ae2f013234188e168ed1f63590
0,       3239,       3239,        1,  3110400, 5b2c8923f7e8f3ad085fa71cbd470e48
0,       3240,       3240,        1,  3110400, 36cbcb85926d7170955d6279137aef44
0,       3241,       3241,        1,  3110400, 840c9a93e658b64b4bb684b1761566b2
0,       3242,       3242,        1,  3110400, af3a98a3145047a18a919629d419dba0
0,       3243,       3243,        1,  3110400, ca7c61b7cce54425f99db3709bef8bb0
0,       3244,       3244,        1,  3110400, a16e537d32ca5747822a66f7117df62f
0,       3245,       3245,        1,  3110400, 535ea7d497ae5ed671cf467cbb443ff1
0,       3246,       3246,        1,  3110400, 75df9ade5a7ead5a8739364dc65c6e3e
0,       3247,       3247,        1,  3110400, 5973c9e4b4f7e73c7611a58a4570a676
0,       3248,       3248,        1,  3110400, d5722f9276f9fb4acb75a9213f1f6adb
0,       3249,       3249,        1,  3110400, fec7e4bbc010ae86d6002b1d19be2bd2
0,       3250,       3250,        1,  3110400, db5b8a57677308476da7764d10f0990e
0,       3251,       3251,        1,  3110400, 585baa424589f9469104187fb4339923
0,       3252,       3252,        1,  3110400, 5c3cdee6a72a519d4dc0995257a4ef16
0,       3253,       3253,        1,  3110400, 02f5a1972ecb6614ceaed55b789deee4
0,       3254,       3254,        1,  3110400, a2772c2dcb5cadca736fca7d4abecdf9
0,       3255,       3255,        1,  3110400, 89d6047b46890a6a2884fa5ef3aed2cb
0,       3256,       3256,        1,  3110400, 92858c1a79289ca2597343a91ff5486d
0,       3257,       3257,        1,  3110400, a06807877fba75fffb1ff419e2a2629f
0,       3258,       3258,        1,  3110400, 01ad2b5216ddd216538086e3fa1e1a7c
0,       3259,       3259,        1,  3110400, 7a07a7efceac91b5b89b96e0636ec1ce
0,       3260,       3260,        1,  3110400, f65b722c444f834cb722147639765263
0,       3261,       3261,        1,  3110400, 1a79e3d437140babc9efa08ed03840f1
0,       3262,       3262,        1,  3110400, fbae2f6e57662b004bbb5d5e5a6ec2cb
0,       3263,       3263,        1,  3110400, fb415484eacdf0d72a93d5d376e4260d
0,       3264,       3264,        1,  3110400, ec7260adb125c1f752e820e6794f33f8
0,       3265,       3265,        1,  3110400, 7d306226aad55b17a385877e8bbc65f4
0,       3266,       3266,        1,  3110400, 3ce65d8c3194fff5400ff590028e85fe
0,       3267,       3267,        1,  3110400, 0e9448e77cda8145b5c1d5f9f4a4d7e1
0,       3268,       3268,        1,  3110400, 9e78ea9aa23c2a912e06f37c140874b5
0,       3269,       3269,        1,  3110400, 14c954e0ab72617d78ddb3f683ffbbef
0,       3270,       3270,        1,  3110400, 090c798ca35e16b2326c8b1a580dce43
0,       3271,       3271,        1,  3110400, 7647b1e4fd6415dddcc44bd11d065945
0,       3272,       3272,        1,  3110400, 99dbf2214ec28b2defc479f720662d3e
0,       3273,       3273,        1,  3110400, 536289a48156482e93212ccb4a2a8345
0,       3274,       3274,        1,  3110400, 17cb418aee1e4a79b55853f994545825
0,       3275,       3275,        1,  3110400, 6e9c74f88857ea5f41ba2cd9ca36dca8
0,       3276,       3276,        1,  3110400, 94f6d32f54acb81d9ff9c342fbcb5c75
0,       3277,       3277,        1,  3110400, 93f014e65d16e41604f2ec081a2033fe
0,       3278,       3278,        1,  3110400, 12adbe03fdc57203f659a7bda824a2ec
0,       3279,       3279,        1,  3110400, 4b70355c85e6c7570c0493f713c4c407
0,       3280,       3280,        1,  3110400, fd29655f3d71d0ae236589cea8dc0336
0,       3281,       3281,        1,  3110400, 9f4cda40df6e37256cad90a502112ed7
0,       3282,       3282,        1,  3110400, 50d486fa0e242b76f712b9a8438bc8d3
0,       3283,       3283,        1,  3110400, b0ff95c68f6921827bc4b2f73e81623a
0,       3284,       3284,        1,  3110400, 8e4f2c52d1d1c7d644e7c1c468cf22e2
0,       3285,       3285,        1,  3110400, abca1b6320e73cdb07b569c3abb81c8f
0,       3286,       3286,        1,  3110400, 2c290e5724e205e34152e7801b58cb4b
0,       3287,       3287,        1,  3110400, a05f95849fcadeb59cb1d30d28847469
0,       3288,       3288,        1,  3110400, 412c55ff97f71c2f1731cda23dc34cb7
0,       3289,       3289,        1,  3110400, 103050dd3c6c6932715f925abeb12ecf
0,       3290,       3290,        1,  3110400, 520f48eb4b994a007bf5c0325895f63d
0,       3291,       3291,        1,  3110400, 54aea726c6692648434c8365b1893f1c
0,       3292,       3292,        1,  3110400, 373e0fccc0b2ad602b779196b358bd96
0,       3293,       3293,        1,  3110400, c57216a97c7a3065f557abccc5f512cd
0,       3294,       3294,        1,  3110400, 40918e881e7ce76ba5448cabaf2fd558
0,       3295,       3295,        1,  3110400, d20cccf9e1cc5c29230704f49f0566f7
0,       3296,       3296,        1,  3110400, a12ec8a9db543f71db078bcb5175fb2e
0,       3297,       3297,        1,  3110400, 1604cbe5d9e0441f74d0e11c08f4077a
0,       3298,       3298,        1,  3110400, 9ceed7ef395b2de7643d9a8ae804a61e
0,       3299,       3299,        1,  3110400, 6b942a2d7046aa14cba728433b19df2c
0,       3300,       3300,        1,  3110400, 78d7a36db2afaba991765f5b30862bc6
0,       3301,       3301,        1,  3110400, 0590728f8c476088e98f694ceedb0e2b
0,       3302,       3302,        1,  3110400, 0f66de23be0b8970f8f2db1d06c92b12
0,       3303,       3303,        1,  3110400, ad3677c1c52ec48ce8177c48166e3560
0,       3304,       3304,        1,  3110400, 42f0589c225df578f75e16c144400a00
0,       3305,       3305,        1,  3110400, 64c8e4c338595c67445347fe2257f554
0,       3306,       3306,        1,  3110400, 7c88d96bd9a3ee9e179e783b41f6993c
0,       3307,       3307,        1,  3110400, 37bcbc35590990f3ba88d2d899fd9e88
0,       3308,       3308,        1,  3110400, 4c1dc0e253f441c7c84b242bf08d428d
0,       3309,       3309,        1,  3110400, 65fde1714b36c9932bfe795c0e6404d8
0,       3310,       3310,        1,  3110400, 2c364e2d54c1c6bc6a59408518fe65af
0,       3311,       3311,        1,  3110400, d626b2a94205a3149341233ca24f8606
0,       3312,       3312,        1,  3110400, df5085de9ba394bf16a259397de29798
0,       3313,       3313,        1,  3110400, bbff0983627a8d30baa589131ecfc0a7
0,       3314,       3314,        1,  3110400, 83cf26602a7055e2812a88dd26c57c20
0,       3315,       3315,        1,  3110400, a0112bd8cec471af8b203ad81fbff628
0,       3316,       3316,        1,  3110400, 1772c9a3a86941e098935173509964bb
0,       3317,       3317,        1,  3110400, cc7530d530a4ebb5d86bbe65ebb7082e
0,       3318,       3318,        1,  3110400, 4d90813e3285d0252908c99000b7b6c8
0,       3319,       3319,        1,  3110400, 9bf545f38964dcf0acafe9318a9dfe67
0,       3320,       3320,        1,  3110400, f2ffb3113ddb78370188096e4517cbc5
0,       3321,       3321,        1,  3110400, 96e1a6233363c387afda469ee6f45c59
0,       3322,       3322,        1,  3110400, 43622388b0c67f6ac0dfbae829642cc8
0,       3323,       3323,        1,  3110400, e1bd35ecd966ba02eca7eeb83a11a6cf
0,       3324,       3324,        1,  3110400, 207d59a229dbf2231395bb3a80f4269d
0,       3325,       3325,        1,  3110400, f63e26127032529069a01a66ecbeda28
0,       3326,       3326,        1,  3110400, b99c549cf8575c9f31adbb50c0029e6f
0,       3327,       3327,        1,  3110400, 9da482b189d1d23e2eb18673ad9f501e
0,       3328,       3328,        1,  3110400, e8aa2167be2c1b28b4366df3507671ef
0,       3329,       3329,        1,  3110400, 83f4ede8aa04d6bb9d6a6fcc605b3e93
0,       3330,       3330,        1,  3110400, 7c30acb73e2e6124b3b222c6cbd89091
0,       3331,       3331,        1,  3110400, ddc0ad19521f562aebe4d5b58f5f1a31
0,       3332,       3332,        1,  3110400, f3355d69950eb8f87722da3089c714a6
0,       3333,       3333,        1,  3110400, 92037d4127d0bed521f7df1209e266d6
0,       3334,       3334,        1,  3110400, 72452cf6753009f3acbd7aa823a3de0d
0,       3335,       3335,        1,  3110400, 5982eb043e3ccaab144212fe93cc9007
0,       3336,       3336,        1,  3110400, a24981ed9cebbbf8f96ed72b8b408d9f
0,       3337,       3337,        1,  3110400, 45cfe1715362ac461bb8781fa75336d4
0,       3338,       3338,        1,  3110400, 8ff6add78541c1832f2b0fa0e353ca85
0,       3339,       3339,        1,  3110400, acbf923e21711d0f92c9c71d66be4406
0,       3340,       3340,        1,  3110400, a683aa374aa407a933dd2e35f3f74c90
0,       3341,       3341,        1,  3110400, c81455695b65afd720bb4be00c3ac191
0,       3342,       3342,        1,  3110400, 1718db0207f122a09e79da1f3ebdd782
0,       3343,       3343,        1,  3110400, f3a106739839400ce406442f01845a6c
0,       3344,       3344,        1,  3110400, 2958bdae009a34954720982597b16ebd
0,       3345,       3345,        1,  3110400, d81ca07d564a310dbdaffe9ff0e833e1
0,       3346,       3346,        1,  3110400, 734788143838996818e32f43e775d2f1
0,       3347,       3347,        1,  3110400, a2bb51796aa8707506917c6bf2896c8f
0,       3348,       3348,        1,  3110400, 408ad9da4912e3fa01b8ccb5d1e753fe
0,       3349,       3349,        1,  3110400, c297bdde59b796afc1ea6e9118dcb210
0,       3350,       3350,        1,  3110400, ba4ad75504b66dcb276da52e80fdd04b
0,       3351,       3351,        1,  3110400, 67b2dabc98c03ad0a041ee1336a23ea1
0,       3352,       3352,        1,  3110400, edd74474765d227057c30c038fbb0ade
0,       3353,       3353,        1,  3110400, 58a2f53af177377d7401602fc3ecd998
0,       3354,       3354,        1,  3110400, 335bdc0f16621967a333f8572542ddb9
0,       3355,       3355,        1,  3110400, 754b84832eb19291df4e433272ea77bf
0,       3356,       3356,        1,  3110400, 76538c528d5dcc60a072a494455a5626
0,       3357,       3357,        1,  3110400, 0867fcb5a8fa6e328039d4e24dcd52c9
0,       3358,       3358,        1,  3110400, f2db6c0171cb6c448953a648ee332df2
0,       3359,       3359,        1,  3110400, 43d6917b3458466d0156ceb5b6c1c225
0,       3360,       3360,        1,  3110400, 6201fb71e0255ed91ebca5523e641c0a
0,       3361,       3361,        1,  3110400, 0673938f021c95253c118d06bbed80b8
0,       3362,       3362,        1,  3110400, 8b2b2a655a1aafb62c49999967cd7d37
0,       3363,       3363,        1,  3110400, 1a03da9c28c66c06644a94c0ec5d768c
0,       3364,       3364,        1,  3110400, a804ac9dd2297736f8a176dbb659c8e8
0,       3365,       3365,        1,  3110400, 16bad8d6b0cfaa97349ceeb4ce2eea2d
0,       3366,       3366,        1,  3110400, 38e9c3496a8429db9c28088599697c48
0,       3367,       3367,        1,  3110400, c29d03e55717904118f9c2108a7347dc
0,       3368,       3368,        1,  3110400, 443cffff1eefc53c3c25882b3b1bc33f
0,       3369,       3369,        1,  3110400, 9a4a03349fef511687cc18b78e5c347a
0,       3370,       3370,        1,  3110400, 9724fd22a7d8f3796ab75bb39540fb69
0,       3371,       3371,        1,  3110400, dbb2b11b5e0a8f4549b484ab61260d16
0,       3372,       3372,        1,  3110400, 44a9e772aca60ee6365b0dc6d40ca36b
0,       3373,       3373,        1,  3110400, 5327a164219ba5b06323e99cdef554a6
0,       3374,       3374,        1,  3110400, a653943d570c1742be9798e7e555c8dd
0,       3375,       3375,        1,  3110400, c7d7b379a31dfcc5f205c08ac140f428
0,       3376,       3376,        1,  3110400, 6a0b49d6ed7fc1aef203769965428bb6
0,       3377,       3377,        1,  3110400, 246a4f39c28f2ac10c0dd9916179da43
0,       3378,       3378,        1,  3110400, 550c5760c1408430bf03e1ac31877b64
0,       3379,       3379,        1,  3110400, aea867fce27a910639e4999eee3d683b
0,       3380,       3380,        1,  3110400, 788d75f07ca31469fc645d831b0df04e
0,       3381,       3381,        1,  3110400, 1572a201a79e818edaf3c0355eeb3a10
0,       3382,       3382,        1,  3110400, 4f846f5588c9f782fae27390f5b3f862
0,       3383,       3383,        1,  3110400, 08e427ce9e5ad74689fd84757066e134
0,       3384,       3384,        1,  3110400, 2105734f706eaac88ea9647c15993ed4
0,       3385,       3385,        1,  3110400, 7de012e0e23352ace38d5b467fce3a3e
0,       3386,       3386,        1,  3110400, b1dbebb87f114b7f1681bf2e9a0fc3cc
0,       3387,       3387,        1,  3110400, 88dbbad18c3817095c610db2522b7324
0,       3388,       3388,        1,  3110400, 5abea303960edb9241dac18cab2dafc6
0,       3389,       3389,        1,  3110400, ed855e4c1b166a555b30cadd80106b4d
0,       3390,       3390,        1,  3110400, dea8fde9336ba0e65bd8ad5d50de7bad
0,       3391,       3391,        1,  3110400, 6905a18ac8570ab81f93b9b442e77b97
0,       3392,       3392,        1,  3110400, cac401843e4cad677b854c5b69bd1797
0,       3393,       3393,        1,  3110400, 78475f9ec7b9d801f89d38c5d732f4b3
0,       3394,       3394,        1,  3110400, 707b4d4461c18ef7cc4eae1af0d32b5a
0,       3395,       3395,        1,  3110400, 3c165536c006339dbdaeeb8347c096c6
0,       3396,       3396,        1,  3110400, 1acb2a47c94f109b436d26ce70a36535
0,       3397,       3397,        1,  3110400, fc8dc43c7fb86e1ea081d678f0ef2e85
0,       3398,       3398,        1,  3110400, 5b121ff17412dad9d68d93b106a311c6
0,       3399,       3399,        1,  3110400, f2429853411918bf6608da95e0d7f948
0,       3400,       3400,        1,  3110400, fa7a9d558c891208097e1640d2ee067d
0,       3401,       3401,        1,  3110400, 4985b7a97e8eb067a53561b71fdc68f1
0,       3402,       3402,        1,  3110400, 916833c8d5379c83872aeb63f87d4f66
0,       3403,       3403,        1,  3110400, 98b127eafdbde5b1f4ceca0b152bdb06
0,       3404,       3404,        1,  3110400, 4e439ae1d54197c875f274204c19006a
0,       3405,       3405,        1,  3110400, 08d4a0b7d047db9330b9d02140f98307
0,       3406,       3406,        1,  3110400, fb184970c4ce1fe1752da2b656f26154
0,       3407,       3407,        1,  3110400, 061e54fd7eeb4a9af43d2b4fe5aca858
0,       3408,       3408,        1,  3110400, 144e7440afbc7bebfe0377aad2133ca4
0,       3409,       3409,        1,  3110400, a338bf2636a1906151cfb08930aac563
0,       3410,       3410,        1,  3110400, f604cf530b9765822230d2ee5cee337b
0,       3411,       3411,        1,  3110400, dbc5c5e7f3b4190c8830fe5be125b17c
0,       3412,       3412,        1,  3110400, 8ff5e2940732c6750956a6255b397240
0,       3413,       3413,        1,  3110400, 601b5026ca0ac565dcb243e57c918165
0,       3414,       3414,        1,  3110400, 7f31b8a108f594f64290ed2742056dff
0,       3415,       3415,        1,  3110400, 0ac5498a749c1b284529f4fddbc439e7
0,       3416,       3416,        1,  3110400, 8e31a36385d134cadd57432ff79d7b5f
0,       3417,       3417,        1,  3110400, 76119a7a7a6593fd7bc55ca4130939bc
0,       3418,       3418,        1,  3110400, 0e271f52afb5276648ee0d1dabdf1a23
0,       3419,       3419,        1,  3110400, b06846bcd115432451a49dc2f379cede
0,       3420,       3420,        1,  3110400, 9ae127224dfe0d586df06c1b0847442c
0,       3421,       3421,        1,  3110400, da536e8d99bf0f924e4f332bbadd24c7
0,       3422,       3422,        1,  3110400, 666f731ef14a187a04965e2519bf3bec
0,       3423,       3423,        1,  3110400, 3d6e756c3033f48be11b26fa17c22fe6
0,       3424,       3424,        1,  3110400, 55127bc0a053462aa83148aba64244ee
0,       3425,       3425,        1,  3110400, a14fb6de5b7233a3bd667429e8128d65
0,       3426,       3426,        1,  3110400, 740121e86236690781c4f0d0aa0117b4
0,       3427,       3427,        1,  3110400, 7acf05d1b13aa70194d1e301c45ba2eb
0,       3428,       3428,        1,  3110400, 27c442a5eb8bcb2090da247b8e0a572b
0,       3429,       3429,        1,  3110400, ad87277dc344fc1a17770d9f0ffbb4a1
0,       3430,       3430,        1,  3110400, 087803be1029ec9b1bdb8fd51aec04e5
0,       3431,       3431,        1,  3110400, 05e918eb3b5a824141b3633a51912957
0,       3432,       3432,        1,  3110400, d57ff49d2cc12f16d0e4b2a394829aea
0,       3433,       3433,        1,  3110400, 872b809f97ddd4d7f02379d1653424ce
0,       3434,       3434,        1,  3110400, a5d2ac6ed0384ececb8aacfaebdb82ec
0,       3435,       3435,        1,  3110400, 71006d6240c3b78fe39f80ad3ac4e782
0,       3436,       3436,        1,  3110400, edda56030c8519f94d7d93079acd6d06
0,       3437,       3437,        1,  3110400, 2f2621c71a84f9903b195c3adf4c0efc
0,       3438,       3438,        1,  3110400, 43f69b3021ea2009bc7db9b0618f14ba
0,       3439,       3439,        1,  3110400, 9d6ac88d9bb56af12e16b99d760f6ac1
0,       3440,       3440,        1,  3110400, 166c19fa2abe94665a2fcb6a39fb5a84
0,       3441,       3441,        1,  3110400, e5d2ca8442695d203867228908aeaaa7
0,       3442,       3442,        1,  3110400, 269361b7c1a75781ff865a3bb1844249
0,       3443,       3443,        1,  3110400, 47bcaf2c88381255cb66935f347c3b36
0,       3444,       3444,        1,  3110400, 947fc52b63aba49d34a4432c2777199d
0,       3445,       3445,        1,  3110400, 369536d6963605da94aed0ff10e417e0
0,       3446,       3446,        1,  3110400, 83dfdf77c16b2d161ddfb6ebb6e7d84f
0,       3447,       3447,        1,  3110400, 0579341a6c80270c5301eb170a581799
0,       3448,       3448,        1,  3110400, 1a8e8418dd7f3120031942578ad1e461
0,       3449,       3449,        1,  3110400, e2f7817231b9eb8f80bc9f16b1af149c
0,       3450,       3450,        1,  3110400, 6696586351a1c4c1abfbb3812d8d772c
0,       3451,       3451,        1,  3110400, 665c8956e8c448579751f8ebbb277a79
0,       3452,       3452,        1,  3110400, 5d19ec7990f8d85c7b95fca412126e54
0,       3453,       3453,        1,  3110400, 8c1db18a649387ce43e63fd22255d335
0,       3454,       3454,        1,  3110400, 721de84d52d01eddb07ec485716ab48f
0,       3455,       3455,        1,  3110400, 2f19a33bce44e84ff633b652d9050689
0,       3456,       3456,        1,  3110400, 19b0044067b0aa155e00f786b1a7ad81
0,       3457,       3457,        1,  3110400, 7dd444ad67eed6b162d8168f2840a82c
0,       3458,       3458,        1,  3110400, 1d64c58cf1639b4220e4748bb3f4aede
0,       3459,       3459,        1,  3110400, aad902363b05c26d786885ee16b1031d
0,       3460,       3460,        1,  3110400, d61d839f0428aeda85a9f25794add8fc
0,       3461,       3461,        1,  3110400, 776c8721deefa0b33b643e62793a98df
0,       3462,       3462,        1,  3110400, d41405af4ead8079e1370134dc3a2b14
0,       3463,       3463,        1,  3110400, 98db80ed9ae2c4ae963d5c851dafd7f2
0,       3464,       3464,        1,  3110400, f230cea5ba75392bd9e2d6c20f68cba8
0,       3465,       3465,        1,  3110400, 129c087fcbaa0c03612dd98c32f7b320
0,       3466,       3466,        1,  3110400, ef65cac297d5dfd9d3298f401861236b
0,       3467,       3467,        1,  3110400, 2d3eb4e919c0d671786d1a6f194dff27
0,       3468,       3468,        1,  3110400, b2b96decff95c8f9d3d68fd5aec63322
0,       3469,       3469,        1,  3110400, c52f3c89052fd24ae50ee0396221b6da
0,       3470,       3470,        1,  3110400, c2b253e5f24fc9e06d0b5bd5115a0587
0,       3471,       3471,        1,  3110400, d279e957158150270572adc6278d29f0
0,       3472,       3472,        1,  3110400, e5d5aed101e7add60544c259af68b948
0,       3473,       3473,        1,  3110400, 426200f5ff36d2d69845cea53e5b1d2b
0,       3474,       3474,        1,  3110400, 06e4311cb889a888d436d517689f2fbf
0,       3475,       3475,        1,  3110400, 86fde82e61d1eee44f2e699d3a4fe6c7
0,       3476,       3476,        1,  3110400, d12e77902fcf6dd28bde528e73c1c2d4
0,       3477,       3477,        1,  3110400, 13dd6e5cd7e5cd8e27c5a2a3c3f0b214
0,       3478,       3478,        1,  3110400, 0042ff7d5e673b1821bff78ccea39f3f
0,       3479,       3479,        1,  3110400, da95d610f028906f8b404a4870a2bc52
0,       3480,       3480,        1,  3110400, 6a50908cbd937f65db93c8aa0a04c46c
0,       3481,       3481,        1,  3110400, 2be00bb8794b136ebd20f17b51179418
0,       3482,       3482,        1,  3110400, 9f308e4b2feccfaf333821922cde0c66
0,       3483,       3483,        1,  3110400, d50f65941c774b8edda75244bec40156
0,       3484,       3484,        1,  3110400, 02a5d16b6c4f6ab1a56495badd219120
0,       3485,       3485,        1,  3110400, 9bb03b7388fafef75ab3a007295a6147
0,       3486,       3486,        1,  3110400, 2961e2d5394f9c29a880428c67b3e8a2
0,       3487,       3487,        1,  3110400, d24877994ab491f0763f7550e1150e2d
0,       3488,       3488,        1,  3110400, 0bc552b386d6c31823005157e37934a1
0,       3489,       3489,        1,  3110400, 7a9bc39973d43270c8e341beab127907
0,       3490,       3490,        1,  3110400, a9338c3ecb4df7bd869fab17531c92cc
0,       3491,       3491,        1,  3110400, 45b664206765a8d49a6d7d2dbd66cd62
0,       3492,       3492,        1,  3110400, a683e10988e120926ac90e0cd862505e
0,       3493,       3493,        1,  3110400, c330c0455525494e299cf878c4fce6ae
0,       3494,       3494,        1,  3110400, d31aa9f718856ccdb3cbfc3d415e5ac9
0,       3495,       3495,        1,  3110400, 273a2212c90f103911825530f5cd31ec
0,       3496,       3496,        1,  3110400, 481c31f14c6539206a956b25aa5151e1
0,       3497,       3497,        1,  3110400, bfa2f79265dda1e7854cac2511382ca6
0,       3498,       3498,        1,  3110400, 842290e604aef504bd731a0a13a96845
0,       3499,       3499,        1,  3110400, 5369e4afcdd80dfd3d0b14deff1f04c5
0,       3500,       3500,        1,  3110400, 3711ff5d06981e19c9938de8acccc070
0,       3501,       3501,        1,  3110400, c629a39204cc0e9f243ae90711474842
0,       3502,       3502,        1,  3110400, 547b34e1f5377be029f96bf281bc13df
0,       3503,       3503,        1,  3110400, 195a63c5401c038d3eb7b65448f7e646
0,       3504,       3504,        1,  3110400, ea90a9e58e21a0a177e6543045da4177
0,       3505,       3505,        1,  3110400, a5dadce6d5209c6438a4d793601cff52
0,       3506,       3506,        1,  3110400, 04fa34a64edbe7b17c6feb5bacbc8c57
0,       3507,       3507,        1,  3110400, ddc8671f1720335644c6467908724480
0,       3508,       3508,        1,  3110400, 93bf55b8a9490a008a9ede68bc1f43ac
0,       3509,       3509,        1,  3110400, bb651e76017a68f31aa40dbf48920755
0,       3510,       3510,        1,  3110400, 79679f50a272626f890c6c504c5c2a99
0,       3511,       3511,        1,  3110400, 80855ce7ebaf2c1049dc2f5a020f835e
0,       3512,       3512,        1,  3110400, 05c347823e4b8bac376794fe22dc0f6e
0,       3513,       3513,        1,  3110400, 56050a6ee630a5da95f8a3cd1596ad31
0,       3514,       3514,        1,  3110400, d1d12537127b3e06e6c573b7d1f9d400
0,       3515,       3515,        1,  3110400, 0e3b86ec3648287eab33be9ec7af975d
0,       3516,       3516,        1,  3110400, a54699dadebde95f36ebf9278b80d177
0,       3517,       3517,        1,  3110400, 689c21a656e231276bcaaba8e992ee37
0,       3518,       3518,        1,  3110400, 05ab60bb5e7c17564a7277c9905de7f2
0,       3519,       3519,        1,  3110400, ffcb748826fc2cd5e23048338f948c3a
0,       3520,       3520,        1,  3110400, 97ea1797d27eef9aabee205be52c92b2
0,       3521,       3521,        1,  3110400, 0035d3b3eb4dc0eab233940da6e2cf81
0,       3522,       3522,        1,  3110400, f97e1489cda4fc2ebdd2e85540dbc491
0,       3523,       3523,        1,  3110400, 4cdf8a70f89fb090e530b74c37ab59fc
0,       3524,       3524,        1,  3110400, baffa35d8593a59640a2692a2bec2136
0,       3525,       3525,        1,  3110400, a8711c04fa21aa9ae51d2114f8777c78
0,       3526,       3526,        1,  3110400, 65674ccf79539a5a84bd390685bcb1da
0,       3527,       3527,        1,  3110400, ed0031a7351921ae3d8926acf760b49e
0,       3528,       3528,        1,  3110400, 556533ccc2bef4c0ffd18c1b17aedaf3
0,       3529,       3529,        1,  3110400, bcee115e81da5012834ed338cdaa5146
0,       3530,       3530,        1,  3110400, e8ff170dc91e6a32b865baea906199ae
0,       3531,       3531,        1,  3110400, 3b80623af15d574b9d421929da395f48
0,       3532,       3532,        1,  3110400, f03be31bffe21794d2b98cef8afec706
0,       3533,       3533,        1,  3110400, ff7b81f7d1d05f3b143c4954692542e7
0,       3534,       3534,        1,  3110400, 97c03294d844972e39278490a262edfc
0,       3535,       3535,        1,  3110400, eeefa1934e7713fd1609b1785b7be969
0,       3536,       3536,        1,  3110400, da86f00fae045cb41463de510568f844
0,       3537,       3537,        1,  3110400, f0df5dd4a2b976883be4341d1a9fef2f
0,       3538,       3538,        1,  3110400, 211ddd37f1dfb83cfa09e0d2f31b3d07
0,       3539,       3539,        1,  3110400, 39b8f9659f04a93bd0da6c0814b47617
0,       3540,       3540,        1,  3110400, 925b2016bd4528f4eeb04bb7b4111f6c
0,       3541,       3541,        1,  3110400, bb5e06dd21538ac0f2c387bc80e0a376
0,       3542,       3542,        1,  3110400, e9593e294cedb5eb16716bf14e3ef85a
0,       3543,       3543,        1,  3110400, 3b138688fa7d1e27c2e8cbe70545b1c2
0,       3544,       3544,        1,  3110400, 564bc85b66e4e61e3a275517f6309389
0,       3545,       3545,        1,  3110400, 6e5d3c68e04848bd3c3756583cc724d1
0,       3546,       3546,        1,  3110400, d585d8f7cfcd6a1805f89cd1f1184534
0,       3547,       3547,        1,  3110400, ca73f202ebf9508959ac088e76593162
0,       3548,       3548,        1,  3110400, 6af88e4e76e546e91f1168b7e707a08e
0,       3549,       3549,        1,  3110400, 26ecc068be6b72a6ef375a69715f1862
0,       3550,       3550,        1,  3110400, 28a97a3b1ac304152b650bfc9ffe704f
0,       3551,       3551,        1,  3110400, 9cb9eebbb2aa3f18d7fe7b3a66a30225
0,       3552,       3552,        1,  3110400, a9b6c098c968bba917948c58b529d1e0
0,       3553,       3553,        1,  3110400, fbcff3e729987a0a8b6e4f12d90b99cf
0,       3554,       3554,        1,  3110400, 1d73d85581d356d13a467c59dd0179d2
0,       3555,       3555,        1,  3110400, 2386bc8c38dc4bac393981a587efeece
0,       3556,       3556,        1,  3110400, 361eaaa39b3c2c81e0fb381c2bef329f
0,       3557,       3557,        1,  3110400, 811f1de30a2109626dc95cb385502bac
0,       3558,       3558,        1,  3110400, 2961a5bb0e58f4a43ac9bc79b1da7d88
0,       3559,       3559,        1,  3110400, 3e3defe40733291d5ed9bebc2cd4417b
0,       3560,       3560,        1,  3110400, 2c9303d28fb1e78cda0b9302e0d4f1fa
0,       3561,       3561,        1,  3110400, f5d07ce021c712bcd65cfcb481462552
0,       3562,       3562,        1,  3110400, f5d039b3fe7325e3b5416de8de6abcd4
0,       3563,       3563,        1,  3110400, 16012b127a1a7b3e7b071c071e1afb52
0,       3564,       3564,        1,  3110400, 96ec041e58ddbf166e7af6c5a09268fc
0,       3565,       3565,        1,  3110400, 7932d7d8132ee8037969311fe2b9ccb2
0,       3566,       3566,        1,  3110400, 13056ef8e897a65008d3130c635e9bbf
0,       3567,       3567,        1,  3110400, 381a1b507e8539d5309c95467430c7c5
0,       3568,       3568,        1,  3110400, ea3e0a5214d5ccce42e743da6b2cc102
0,       3569,       3569,        1,  3110400, 508f1e32acf6d57f91f61681d941fc03
0,       3570,       3570,        1,  3110400, 5e4220080062d3ce40cfa09e2cc30971
0,       3571,       3571,        1,  3110400, be0a6953c7c5762900e0a7be616f7136
0,       3572,       3572,        1,  3110400, 6ed2fa839bda84c1f850a74087bfbc0b
0,       3573,       3573,        1,  3110400, 9be3808c059c85549bbc386215fa32cc
0,       3574,       3574,        1,  3110400, b50b66a2e5d8ccd7d37b4604ef788518
0,       3575,       3575,        1,  3110400, 3cdd9edb9f1aa30ac5573eafbcb2f9fa
0,       3576,       3576,        1,  3110400, 08a308f69978eb3ce21ec38a68b2d583
0,       3577,       3577,        1,  3110400, d8164c63b3f46d98084a1b7e858fb325
0,       3578,       3578,        1,  3110400, b5bbc0a472b2b9410bbc5320294fb11f
0,       3579,       3579,        1,  3110400, 82b54371f8dff58de362d721c9e86ed3
0,       3580,       3580,        1,  3110400, 4dd8d5426df147f0010ac378c2cb6e73
0,       3581,       3581,        1,  3110400, 02ee29d2506d663cf6650358ab894da2
0,       3582,       3582,        1,  3110400, bae2c9297bb95023fa83de1dfc641c38
0,       3583,       3583,        1,  3110400, ff40ea82953c84efcea4095e2eef57ef
0,       3584,       3584,        1,  3110400, 5186f73cef18f39a7091b4881806742c
0,       3585,       3585,        1,  3110400, 2e4c286a7f4669b5ae52a5917b868e85
0,       3586,       3586,        1,  3110400, 436214fc910a947ef68e799101b5ad40
0,       3587,       3587,        1,  3110400, 36238aea62b296270425975c4f24838a
0,       3588,       3588,        1,  3110400, 43937c7f8e4de678a7589ee36798fb9f
0,       3589,       3589,        1,  3110400, e9d87c0592b929e897bde9a0ee5b7395
0,       3590,       3590,        1,  3110400, e09224a2df4c96a94b9d5ce6bf41dbe5
0,       3591,       3591,        1,  3110400, a29873d4f1c0d13aa904bc73c7671a9d
0,       3592,       3592,        1,  3110400, 60b85c7cce0f4d76d28f625d458aed3f
0,       3593,       3593,        1,  3110400, 1fd59f04ffa16883ad1ae2cc46d268db
0,       3594,       3594,        1,  3110400, 6c63701bdc562d3b5850d92bb539eee3
0,       3595,       3595,        1,  3110400, 185502fc363dc774464bd648708a9623
0,       3596,       3596,        1,  3110400, d3f7fcd0969db099e8b85761266cfa5c
0,       3597,       3597,        1,  3110400, 669179a733df231690c4bbe191be299d
0,       3598,       3598,        1,  3110400, 99ea1fc2d38438be7ed6b01ea34b9ffa
0,       3599,       3599,        1,  3110400, b0c344d652f76e7fefa726259bcc86b0
0,       3600,       3600,        1,  3110400, db4727cce414d67822b9e214b6e0acb0
0,       3601,       3601,        1,  3110400, f42de789e62561e5f9499ee7fc5791e8
0,       3602,       3602,        1,  3110400, 903c0bfbc6680b8a146fa2487ffac3e0
0,       3603,       3603,        1,  3110400, db029ead1396278dc7deae3a48cc47fb
0,       3604,       3604,        1,  3110400, 1895bb9e6706087b7293168c818959c3
0,       3605,       3605,        1,  3110400, 350738c26fd342b0efa62fb1be4e47e4
0,       3606,       3606,        1,  3110400, 7f0a8eb2076f0014a28778f8a47a2ef1
0,       3607,       3607,        1,  3110400, a235bd44e7cc7cd2ace45409b2e51a7a
0,       3608,       3608,        1,  3110400, a2b7e8c6520b33a104de08342f67545b
0,       3609,       3609,        1,  3110400, 2ee9414709776bd5c9c57513fe5dfc80
0,       3610,       3610,        1,  3110400, fe4c5692d87f7966def18383fbfe4401
0,       3611,       3611,        1,  3110400, 5a9d16860be3d87a2bef9f66482c0c4a
0,       3612,       3612,        1,  3110400, 8f011221f03df7506beb2ee6898b428d
0,       3613,       3613,        1,  3110400, ec1d75da656aea7a5185e0771a35ca06
0,       3614,       3614,        1,  3110400, 7a98924d8debcbcb4583e52a76c43ecb
0,       3615,       3615,        1,  3110400, dc29badb0f3a97020692b32336e94176
0,       3616,       3616,        1,  3110400, abd055dfe0a3284819cc01da2c0d4f4c
0,       3617,       3617,        1,  3110400, 7b437dd0ead7b43e57c99be7daab7122
0,       3618,       3618,        1,  3110400, 1dd8ac203fe8087cfb3fa2430c503bcb
0,       3619,       3619,        1,  3110400, 252518893d0686386a9934b2a96e0850
0,       3620,       3620,        1,  3110400, 89e61b2205df1d3712bb654f366587c6
0,       3621,       3621,        1,  3110400, 00114f5e98f5c3b4a4d6be6e546b6b11
0,       3622,       3622,        1,  3110400, 5c6aa05b168e30dd645528bf5914f0d1
0,       3623,       3623,        1,  3110400, 6e17c9a2d97334da76debe3bdfabf256
0,       3624,       3624,        1,  3110400, ae42045c31413fdc82f42c9fe6ac9c9a
0,       3625,       3625,        1,  3110400, 32ee8fe8308da41c1a275995b9bb6ef5
0,       3626,       3626,        1,  3110400, ed0cc1994788bd960e79f44b632bd9ca
0,       3627,       3627,        1,  3110400, 833750ba7b67b96ffb2a247f394862d9
0,       3628,       3628,        1,  3110400, 78382bb2cf5a08a637b5498048a2103b
0,       3629,       3629,        1,  3110400, 8142a0a50203f7f0eca335b3355d916e
0,       3630,       3630,        1,  3110400, ae2903443be34a58946643b98d7a298b
0,       3631,       3631,        1,  3110400, eff33533a600dabff0970042e2d9c60f
0,       3632,       3632,        1,  3110400, 4d10b12b5170cb37741b077cad941975
0,       3633,       3633,        1,  3110400, 6fc656ad3e366be1cd3b3340d916fd8d
0,       3634,       3634,        1,  3110400, a4375c701149aad6de18f90a0c2f6d0f
0,       3635,       3635,        1,  3110400, 0d4b6f52bad84bd697aeb428befdcac1
0,       3636,       3636,        1,  3110400, 2a06dcbca072b0c09b07f99faabceb4a
0,       3637,       3637,        1,  3110400, 2006e007d2ca5da95697a1d2a70c981c
0,       3638,       3638,        1,  3110400, e162454638051793ec5ec8e8f33311f2
0,       3639,       3639,        1,  3110400, 7db11e73e659f9a7d64fca4a170cc9db
0,       3640,       3640,        1,  3110400, 453d8207828ef45f0af56f4844de8632
0,       3641,       3641,        1,  3110400, 9898545e910545109734df933a909629
0,       3642,       3642,        1,  3110400, 408403321a185b8df0ca572a3a3bf723
0,       3643,       3643,        1,  3110400, 6f8686536bdb9d5e875e73082b4fda34
0,       3644,       3644,        1,  3110400, 71272a90263c5a051d88ec0fa39fb6e8
0,       3645,       3645,        1,  3110400, 5250b869de9d5247ea66bb28f010e5c5
0,       3646,       3646,        1,  3110400, 1f6626e3dd78b2e50760e9a03e47a890
0,       3647,       3647,        1,  3110400, 77b73ba0fafa18f4c4a8e376271b9103
0,       3648,       3648,        1,  3110400, 8c6f958e56695ae5f3223ad2518c9108
0,       3649,       3649,        1,  3110400, 6cb00c3cd0572e9215174eabd0ee7b7d
0,       3650,       3650,        1,  3110400, 101474cb5e54a7e9c673a92dc099c964
0,       3651,       3651,        1,  3110400, 6da8893e860c2e8f49e7b20ad243e958
0,       3652,       3652,        1,  3110400, 624a60eacdec785888da96edba16a8d7
0,       3653,       3653,        1,  3110400, 3ffcc145f344e85cfe6956acdd5bb683
0,       3654,       3654,        1,  3110400, 6a2ff9f9d342841c5149bc2efa4d97b2
0,       3655,       3655,        1,  3110400, cbd44c9d658587b8c975c6ccced7734f
0,       3656,       3656,        1,  3110400, ace120e7d60d31e873ec1c47f580f775
0,       3657,       3657,        1,  3110400, f479652aca7960ab524af587e9352f1a
0,       3658,       3658,        1,  3110400, d7360ecd503a5feb174e44892a8953db
0,       3659,       3659,        1,  3110400, cd8a770a5da7c625af653c3a6040fa13
0,       3660,       3660,        1,  3110400, d200bd48ca25747e36f98b4aba5839ac
0,       3661,       3661,        1,  3110400, 206da77c5f41b933d5f51cc1a3f525f4
0,       3662,       3662,        1,  3110400, ad48f9c0ffa5ed690bff30c058ae3828
0,       3663,       3663,        1,  3110400, fb51d759b654aae496a55b6f09aa74c4
0,       3664,       3664,        1,  3110400, acd33b410a491afcfde4f5017ca27ec2
0,       3665,       3665,        1,  3110400, fc0bbabfe832e0fd065fed9ceddad1a5
0,       3666,       3666,        1,  3110400, cf9f3bc988308a3a3a40f91fbaecc54f
0,       3667,       3667,        1,  3110400, 10ad60394ab50b7ec2e94006262533b9
0,       3668,       3668,        1,  3110400, 6232014496f2c20ed9bac5fcbd4af84d
0,       3669,       3669,        1,  3110400, 1064a315cdefe3bbe0501f303df7d282
0,       3670,       3670,        1,  3110400, b09939ab2982eaeb1dc412488ef39312
0,       3671,       3671,        1,  3110400, baa2d53aaef2dc84427e72a8225ad18f
0,       3672,       3672,        1,  3110400, dc8b42855e0a6d49b1e8b268af6653ba
0,       3673,       3673,        1,  3110400, 710383713d1472200a9a9a8681453650
0,       3674,       3674,        1,  3110400, 9f491313c6fb47e93566efd4bf9a3020
0,       3675,       3675,        1,  3110400, 22b7ef5025e97024c08fa98a0ab47bbf
0,       3676,       3676,        1,  3110400, 2837d33162f9edc536c1f4ddbb4b268d
0,       3677,       3677,        1,  3110400, f12ac5208ceab9c1cb3794d56ca3b5ae
0,       3678,       3678,        1,  3110400, ef192c3a21b409192660f056bda9160d
0,       3679,       3679,        1,  3110400, e21d0e52a7964dea9f3d81e9fb004afa
0,       3680,       3680,        1,  3110400, b9ebc7bc8e532f9f7179d568f4c24c9b
0,       3681,       3681,        1,  3110400, be3fc7a322505336ee45c1f999def820
0,       3682,       3682,        1,  3110400, 0f9b60bf905dc987a8ed5b4c81ec84ee
0,       3683,       3683,        1,  3110400, 9e5557e5e21586f9d29b7db1aed43c04
0,       3684,       3684,        1,  3110400, eec1c960e5bb1598a7eaae8547cf70cf
0,       3685,       3685,        1,  3110400, 7caaf34dead16ebccc13868e6843b9b1
0,       3686,       3686,        1,  3110400, 5723f13048a26b53048b5495ca0903c7
0,       3687,       3687,        1,  3110400, 6a219e6871cf74d3c2e76370cdfa83d6
0,       3688,       3688,        1,  3110400, a8bfc7978c4b1b4865e8bb69859e3fb9
0,       3689,       3689,        1,  3110400, cd02500099bc8bcabc06155c229f0a8e
0,       3690,       3690,        1,  3110400, 8a8449f8b3f0789d0de7d91f9ecbb3bb
0,       3691,       3691,        1,  3110400, 8f7b5228c84ce611420539f22e72a242
0,       3692,       3692,        1,  3110400, 8cd8cd98ef142b0b7cbe946c4708ae09
0,       3693,       3693,        1,  3110400, aa1b3e0d18dc8085d79e8a2667a2f3e1
0,       3694,       3694,        1,  3110400, 2e9fe154fd671c46c0dd31c0973765d8
0,       3695,       3695,        1,  3110400, 09be356ea2b87f1d89403be6ed5ed482
0,       3696,       3696,        1,  3110400, 7d739555e5038cdf48c729f9e53e9398
0,       3697,       3697,        1,  3110400, d95d855e25e0f349064aeaf25d467e2b
0,       3698,       3698,        1,  3110400, 520181b5f6d407d281dcdded878c2dba
0,       3699,       3699,        1,  3110400, e44fefe7207f71bfc9e27b39bcd6643c
0,       3700,       3700,        1,  3110400, 0b0dadfd62af35c6ae3c01765ed7ad11
0,       3701,       3701,        1,  3110400, b8cac970848beb71b80bbc89a9182e39
0,       3702,       3702,        1,  3110400, 2a61c36d7af1554247221d0d1b43ae3d
0,       3703,       3703,        1,  3110400, e590cdd6be57a69d36bbd781b928403f
0,       3704,       3704,        1,  3110400, e1f8ea6754788d1d3be22677b3dbeac9
0,       3705,       3705,        1,  3110400, 0461bce37acf503515010b671dbe42f2
0,       3706,       3706,        1,  3110400, 172d6ad8050f0bf9333778432f10bca4
0,       3707,       3707,        1,  3110400, c6fcf1103e18a068469e09cf592dbaf4
0,       3708,       3708,        1,  3110400, 5fb0d6b688d4a389c9ee2904140e1e87
0,       3709,       3709,        1,  3110400, ed665b8c89d974ee873086590cd11a03
0,       3710,       3710,        1,  3110400, 41f86d8e43f5d2352a6bf3c188118878
0,       3711,       3711,        1,  3110400, cbc20390fa39c59be0d0605093ac55e0
0,       3712,       3712,        1,  3110400, aa447a7c3645c238f7944aca69d0bb5d
0,       3713,       3713,        1,  3110400, 5ce831823f6ab403f2fff0255bf31b6b
0,       3714,       3714,        1,  3110400, ab33772a5bac0fabf9a8c02affe353eb
0,       3715,       3715,        1,  3110400, dbf37075a6bee1b70c7ca888d974ceb0
0,       3716,       3716,        1,  3110400, 0c19b55b14cef8efbf131edf9377bc21
0,       3717,       3717,        1,  3110400, a7bd0e4231f42d9e4279fdcf42359019
0,       3718,       3718,        1,  3110400, 30a8289e123c45676c5a4171932e9123
0,       3719,       3719,        1,  3110400, ebfc91bbc7bd08e1b23700f953481d1c
0,       3720,       3720,        1,  3110400, 7eb9edc581c9e8897f093975a388f6a4
0,       3721,       3721,        1,  3110400, fa3bd34af4d4485f8a576658dbfbc810
0,       3722,       3722,        1,  3110400, 3421054f547f17eb7b489eb1c177ed33
0,       3723,       3723,        1,  3110400, f15d19ce84d24e4d681834c2248c79f6
0,       3724,       3724,        1,  3110400, c090934004a879c6d17e9b8ea4a465a2
0,       3725,       3725,        1,  3110400, 6fb1b570a32d28dc7f9e91000f1ada30
0,       3726,       3726,        1,  3110400, db1f9615cd5ea97071014c1bc0e0e1c3
0,       3727,       3727,        1,  3110400, cc65b1e2fea6fa7046c1df82d33a0687
0,       3728,       3728,        1,  3110400, ffeb1438fbe223a12ab8cec4c5d2f3ce
0,       3729,       3729,        1,  3110400, a91fc99b5ad2a4e4298a8fbd39324e76
0,       3730,       3730,        1,  3110400, 5113839b09da93f44d000b63e9a2b6d4
0,       3731,       3731,        1,  3110400, 58985b4a3befa5e48ec3fa500087ceae
0,       3732,       3732,        1,  3110400, 4233a215eabc47153663ad8902154a7f
0,       3733,       3733,        1,  3110400, d0e156a5bf840eb97b2cc6bdb567173a
0,       3734,       3734,        1,  3110400, 9cb447d76fd2a5b2850ea9f51a7a1bd0
0,       3735,       3735,        1,  3110400, 449d13996b135eaf13d48095b7da816a
0,       3736,       3736,        1,  3110400, f3dee01640fc4a4d013ac6e4320db35c
0,       3737,       3737,        1,  3110400, 48c99023e0733ac8ad65df97ca063dea
0,       3738,       3738,        1,  3110400, 2ac2f5966fe87a86434c3433f99334a4
0,       3739,       3739,        1,  3110400, 3dc596c573ca7b5cc6091dc0f56e0818
0,       3740,       3740,        1,  3110400, 218935b7e72f3cadf318abd393b495bd
0,       3741,       3741,        1,  3110400, 03d656b100d7ac50659c193fafe4a887
0,       3742,       3742,        1,  3110400, f427c3dbb746b32557339715b42ec63c
0,       3743,       3743,        1,  3110400, a6696edf41d26ba14cf9714ff84d817a
0,       3744,       3744,        1,  3110400, d630edb4d8c6cbd35bcf907fc08c5e3b
0,       3745,       3745,        1,  3110400, af4944c6b8b332e8e6d2e6294b518b22
0,       3746,       3746,        1,  3110400, a12c5ec728e42815f5cc89d5f97e3bbf
0,       3747,       3747,        1,  3110400, 80435e3ec1cb80edd7dd0f37bbaab4ea
0,       3748,       3748,        1,  3110400, 0ee9a43bcd758d9b8ab60ee717f3b2b7
0,       3749,       3749,        1,  3110400, a152a6e9aa09e3ceb8d67228cb367d34
0,       3750,       3750,        1,  3110400, 8fb446b34b3834a5e7df2834ee040a16
0,       3751,       3751,        1,  3110400, 3e676fdb93a93e6876839fb683a8389d
0,       3752,       3752,        1,  3110400, 9f233047f239872934e6d05e834aa56d
0,       3753,       3753,        1,  3110400, a5bfe93fb2ded6d68e3927de019397db
0,       3754,       3754,        1,  3110400, 92ddb893e3148fa90e1fe5fa68958fac
0,       3755,       3755,        1,  3110400, 20c93fe8326d7ae76ca038e689b453b1
0,       3756,       3756,        1,  3110400, 2f39be08d51260fb2254e34c457c9817
0,       3757,       3757,        1,  3110400, 8466b1e8b8d2ff9e71c3b7c38f6ecf7c
0,       3758,       3758,        1,  3110400, 94c3ebd942f082a09235db4c210a6502
0,       3759,       3759,        1,  3110400, 8a39b2a44d826156c7d03769d307c9a9
0,       3760,       3760,        1,  3110400, 14673cb3d5a0f0c3af45a9480e783ebe
0,       3761,       3761,        1,  3110400, d4c0ba85d7f445af1c34c66da858768a
0,       3762,       3762,        1,  3110400, c82f5388d4bc66172fb2daf5b2372ab8
0,       3763,       3763,        1,  3110400, 7f72016471936cf7e37f678796eff363
0,       3764,       3764,        1,  3110400, 31b76e8bce005aba205d38d76e41a2d0
0,       3765,       3765,        1,  3110400, 11df11c7aa7f89d1fb453bbcfa488ffc
0,       3766,       3766,        1,  3110400, 8b2728f5af110a99b65bd227ea1151a5
0,       3767,       3767,        1,  3110400, 55791cec4d04dc74cf23b9ef36e03369
0,       3768,       3768,        1,  3110400, 23e3114d2ff441055698556f36f6a454
0,       3769,       3769,        1,  3110400, 5e6b7eaf892344acad3b482c54bf0644
0,       3770,       3770,        1,  3110400, b0988bcf7681116efb8d31d78b003909
0,       3771,       3771,        1,  3110400, dcf78f5cdff89d99095b8d1a4a7a83ba
0,       3772,       3772,        1,  3110400, 5aae0c5d0e48a4951ba30bddbbb05eaa
0,       3773,       3773,        1,  3110400, ca1e8a3500f503df23dde567169b69f8
0,       3774,       3774,        1,  3110400, 6255ae44b4c092189773185afad5b47f
0,       3775,       3775,        1,  3110400, 4f87728f4a0892b7748debac37ef7fbc
0,       3776,       3776,        1,  3110400, cfd67b83b9a1dd109252a57182df734d
0,       3777,       3777,        1,  3110400, fcf7c77b6c01f5cb17d5cfbc381c6610
0,       3778,       3778,        1,  3110400, 549fc8404d40cfc963c73413429a59c0
0,       3779,       3779,        1,  3110400, 7be306b971052b59520581a85fcde11c
0,       3780,       3780,        1,  3110400, b12cb2c10609cd192caa7a0c16376a48
0,       3781,       3781,        1,  3110400, 66839e6a6d6bc23ecce62c1ab5f90693
0,       3782,       3782,        1,  3110400, 31070d33b033979066b128794591ff52
0,       3783,       3783,        1,  3110400, f39297f620a81b34fb9a1dfb35916f3d
0,       3784,       3784,        1,  3110400, d7c7d48de1abd6eb145424851b1353c9
0,       3785,       3785,        1,  3110400, 7760ee43fcdc775eab68c861d0c2af53
0,       3786,       3786,        1,  3110400, 15cf3fb47a9775bf5c46103b7ddb29b7
0,       3787,       3787,        1,  3110400, 33094e001b495452380b58225d0b8849
0,       3788,       3788,        1,  3110400, 83f7495be6b6053b00d9c0af01cae65f
0,       3789,       3789,        1,  3110400, 2ef833803b54ad03cbaea108a3284256
0,       3790,       3790,        1,  3110400, 31c81f88e3e3337474c0155c918f2783
0,       3791,       3791,        1,  3110400, 432ef8c8a5d39a78d8460601628bd3aa
0,       3792,       3792,        1,  3110400, 3287c15e881b62cb9666069cce9e9d8c
0,       3793,       3793,        1,  3110400, f50513f6df94821c059859bcf5eb64ba
0,       3794,       3794,        1,  3110400, f57b43db01e498dd9c614807c33708c1
0,       3795,       3795,        1,  3110400, 94bba2a1cbefa4e126f5deb595637827
0,       3796,       3796,        1,  3110400, 0992ab4cebdf1dd2c0a164433bab4c65
0,       3797,       3797,        1,  3110400, d2be55b6e2ad0a979eb30cc9f8568517
0,       3798,       3798,        1,  3110400, 5fb345900b78612a4fb7d2e0759195e2
0,       3799,       3799,        1,  3110400, 15681e39bbd5830e1ce1a1c4601b7afc
0,       3800,       3800,        1,  3110400, 4fce6224e7990e16352b7cc174ec961b
0,       3801,       3801,        1,  3110400, 5747ec9cd343cb834f649428496cb0de
0,       3802,       3802,        1,  3110400, a79b4082da842417204f22a785962892
0,       3803,       3803,        1,  3110400, 870571b1528bd052fabe11eb5c4d1339
0,       3804,       3804,        1,  3110400, eec6013deebe6eb5df56da61b18f378e
0,       3805,       3805,        1,  3110400, 1c29a2510d94de3181f350b6b1d9dba1
0,       3806,       3806,        1,  3110400, 76c27ef376af4992ca451371b7c0f388
0,       3807,       3807,        1,  3110400, 15e9deb51d1405e9f4aee28ca34966d3
0,       3808,       3808,        1,  3110400, e39119ff8c68020f15d4cde09c1850cc
0,       3809,       3809,        1,  3110400, cd82b6a1ad9b92629e6ecefa17275815
0,       3810,       3810,        1,  3110400, 114149a9c03cf4268d3826e848e2cfc7
0,       3811,       3811,        1,  3110400, 05ffc0b612889a04e0089aa90d6d3d67
0,       3812,       3812,        1,  3110400, 5de3be6a62b89540e38b1614e9b064c4
0,       3813,       3813,        1,  3110400, 255259a8a0eb86e042b1e7193c75aa68
0,       3814,       3814,        1,  3110400, c3e9ffdba806fcb21b0468359f1d7852
0,       3815,       3815,        1,  3110400, 3f925837627ff5260dd430c161b6d0c7
0,       3816,       3816,        1,  3110400, 62edd643f866935cb8933e004a9e5e52
0,       3817,       3817,        1,  3110400, 61ee45f29f6d05b618c1c5152180df0b
0,       3818,       3818,        1,  3110400, df65c9a0a4aeefc13dc1d306846c74b0
0,       3819,       3819,        1,  3110400, bc43b25cd85f6cdaceae423452586758
0,       3820,       3820,        1,  3110400, 6a306886e4cab2948fbec41f18b27f07
0,       3821,       3821,        1,  3110400, a3999b15b5903ce88db652833fd03a04
0,       3822,       3822,        1,  3110400, 138f59f1905428237fbbaf4dc7bdf9cb
0,       3823,       3823,        1,  3110400, ef2a18957264355e6e765bc39e14394a
0,       3824,       3824,        1,  3110400, 879843b4e3244c2a4ab3b6767a03f801
0,       3825,       3825,        1,  3110400, 6d778091ce4dc139a98624eea5bb8d34
0,       3826,       3826,        1,  3110400, 9d0b66a4ffb9428faad1e78c5284417d
0,       3827,       3827,        1,  3110400, be610cf57206cc2db64b193041f4a391
0,       3828,       3828,        1,  3110400, 12e4d68f5f89c55ca21bf31049399448
0,       3829,       3829,        1,  3110400, b40c5faf13574b9ea111498cb24b50d2
0,       3830,       3830,        1,  3110400, d490ae8b0749a307396abfc93d552f3d
0,       3831,       3831,        1,  3110400, aba885e7a6f6a33cc22bfef5d7f02204
0,       3832,       3832,        1,  3110400, baa24a097655c764864628261839e98f
0,       3833,       3833,        1,  3110400, 1329be2a2888c50d4c3056d824ba0a08
0,       3834,       3834,        1,  3110400, d4ad044de5bf66104941a9956a16629c
0,       3835,       3835,        1,  3110400, e3758cdca4050946ab18887af0b15c2c
0,       3836,       3836,        1,  3110400, 592fb0924e978121660cc9480c38c654
0,       3837,       3837,        1,  3110400, 19b46051cfc4b00feed63e8cd5e524df
0,       3838,       3838,        1,  3110400, 820dabd817dacae8420f114d2b1e448f
0,       3839,       3839,        1,  3110400, 97a325c7636af8556fec8f864578d43c
0,       3840,       3840,        1,  3110400, fca044d19bf3bf6659a0bef16ba6dac0
0,       3841,       3841,        1,  3110400, ff9a9daadfa2b147edbcdda29204bacf
0,       3842,       3842,        1,  3110400, edd1e84213b57a2f8b96eb98467ddbd6
0,       3843,       3843,        1,  3110400, cc762506c584128ef0126327c647f793
0,       3844,       3844,        1,  3110400, c7dab9b3854d521488b0913d54c8a7f5
0,       3845,       3845,        1,  3110400, 0864d36dd288248c88b1059f87879c78
0,       3846,       3846,        1,  3110400, 72d62d10366bbbcb76da61265f486778
0,       3847,       3847,        1,  3110400, 7065bf699f4d265ef244711646ba4229
0,       3848,       3848,        1,  3110400, afaf059b576518402e7832905bd14752
0,       3849,       3849,        1,  3110400, 29e6e21990e04c6b35cdb1342d2010f7
0,       3850,       3850,        1,  3110400, 0e1cb2d359b04a25ce310046cc1603ac
0,       3851,       3851,        1,  3110400, 2c6f2b8925342b935b3733bcd0783ab8
0,       3852,       3852,        1,  3110400, b12c33ca6ee0282df6644dbb0394dbba
0,       3853,       3853,        1,  3110400, 4c4780c2597b8d8782c6283965d33395
0,       3854,       3854,        1,  3110400, a54715ae8ac3ec836dc1fe15e5f494e3
0,       3855,       3855,        1,  3110400, fc38c680e58818a4f93f3fc4e58ff28d
0,       3856,       3856,        1,  3110400, c9947912c450472f6c4af8080c4e6636
0,       3857,       3857,        1,  3110400, 204ed5a3580282eade9f62eed7ac686c
0,       3858,       3858,        1,  3110400, 88343c15eade842f39024df91f54c631
0,       3859,       3859,        1,  3110400, 751b254fa5a86d5317062784a9efaf0b
0,       3860,       3860,        1,  3110400, 22b4bd0a875588766a0c609b8741c502
0,       3861,       3861,        1,  3110400, febc6a9174ce1023d37b2a77d666b018
0,       3862,       3862,        1,  3110400, a3c8a5912c2d1bcf2f21b3f45414b0ed
0,       3863,       3863,        1,  3110400, 5a1d7a54b36523fa074f5897de107636
0,       3864,       3864,        1,  3110400, 738f909ed395e1b852c1f7d9b64d723e
0,       3865,       3865,        1,  3110400, 40f60ad53c3e23c4377095e7b6f7144c
0,       3866,       3866,        1,  3110400, 7e20259c51e7af7687636f439c4e481b
0,       3867,       3867,        1,  3110400, 3a2bcb585b8d660a9f090d54467c7aed
0,       3868,       3868,        1,  3110400, 6fc617c2c626df47b53f9f16cb47ab79
0,       3869,       3869,        1,  3110400, d9d3582164ee575d9c433ecdaff0ba14
0,       3870,       3870,        1,  3110400, 53e7970a977b83b2b5e046c64ac80859
0,       3871,       3871,        1,  3110400, 51a99192ce72a68e4e707ffcc255bd61
0,       3872,       3872,        1,  3110400, 8786bf56ae9b53def257d841a2959595
0,       3873,       3873,        1,  3110400, 84c9252e237020ecaba40bd215ea14c1
0,       3874,       3874,        1,  3110400, d3574606e5263995fe96749282663974
0,       3875,       3875,        1,  3110400, 289fb7417140656ccb131e8dc1abb05a
0,       3876,       3876,        1,  3110400, 499df0c97b884cb3815da75aa3502eba
0,       3877,       3877,        1,  3110400, 5f35503fa724f011619823a170d28e80
0,       3878,       3878,        1,  3110400, 9f77182d74a433e8598d859324d61058
0,       3879,       3879,        1,  3110400, b2d4d4d76dd23f7bef05e94c6a4e11a1
0,       3880,       3880,        1,  3110400, 321f98b85b91462bcd6eab43f9950e57
0,       3881,       3881,        1,  3110400, 557a48240949d4620d669a0b22594fad
0,       3882,       3882,        1,  3110400, 4d105e431a40df3c1ae1e0572627f6f9
0,       3883,       3883,        1,  3110400, 5893fece7013123dc829626c653b3f4e
0,       3884,       3884,        1,  3110400, 123722414633401003eecc14997567a1
0,       3885,       3885,        1,  3110400, 8de5aa484838865f478de818e7c44585
0,       3886,       3886,        1,  3110400, acb4361922d3563e804f0c78a8098938
0,       3887,       3887,        1,  3110400, cc8856ea980647d9266bce75c0667e65
0,       3888,       3888,        1,  3110400, 52e1735f087e81e5bf1daf91b40c0c8a
0,       3889,       3889,        1,  3110400, 7251c5027c6c208a51d10649d0fb5348
0,       3890,       3890,        1,  3110400, c52c9eef703d8d9f8493020718850cc6
0,       3891,       3891,        1,  3110400, 7c9c06cc719f807878ee77cac7aea9cc
0,       3892,       3892,        1,  3110400, 2de946c19f5fe913737cc2320bd45a81
0,       3893,       3893,        1,  3110400, 8924551bdd54978b1e9fe29915bfc4ad
0,       3894,       3894,        1,  3110400, e006e04e244d508c2dece7f5ede555df
0,       3895,       3895,        1,  3110400, ce6f6b77f6bcd75279d82d9b24739d3a
0,       3896,       3896,        1,  3110400, 5371ae0f5480822af3c877fe3573f0d8
0,       3897,       3897,        1,  3110400, 46f977ebe5ece43a69384e9d27f66c95
0,       3898,       3898,        1,  3110400, 0b7f5d1f1e9f9c78773ba929b18872b5
0,       3899,       3899,        1,  3110400, ccc3ce431648a50a9ad73eb2c2f5fccb
0,       3900,       3900,        1,  3110400, f0fdb6d08f0c11abcff94c512b0cffc1
0,       3901,       3901,        1,  3110400, ea893a0ab29bd4fc23eb940735e67d43
0,       3902,       3902,        1,  3110400, 7ad136aefee047ba70783183b6361873
0,       3903,       3903,        1,  3110400, bcdfa44c90b8d35d906bd721bd0ffe17
0,       3904,       3904,        1,  3110400, e693ecbdfc51e4518813b445edb43a53
0,       3905,       3905,        1,  3110400, 08416e37bfa39ee5ca4af434debbf6e9
0,       3906,       3906,        1,  3110400, df53024c7ef97f9a8b6103cb45589e9c
0,       3907,       3907,        1,  3110400, 18bc25327065b20792639873d2d9e767
0,       3908,       3908,        1,  3110400, aea0b12e59d422128023d9fa86ec2067
0,       3909,       3909,        1,  3110400, 79b92495d78a04a43c782c7e00062412
0,       3910,       3910,        1,  3110400, 46e4a69ab1f2168153656f7f51b631a7
0,       3911,       3911,        1,  3110400, 6db5a7c3db393af4fdbda1ad34b5fe72
0,       3912,       3912,        1,  3110400, e01481e20e6757a6a32baa68aaf9c6dd
0,       3913,       3913,        1,  3110400, 07ae30a7b8e889a93c2e97e61a4d4170
0,       3914,       3914,        1,  3110400, ce271b7c7143eadbf39d1385c36829cd
0,       3915,       3915,        1,  3110400, 666971f2f75ce5e019cc618e1a3f0302
0,       3916,       3916,        1,  3110400, 48ece4929295a5c7eb61c54d139b86c6
0,       3917,       3917,        1,  3110400, 9dbdd250c998689686bbf4ec55e70807
0,       3918,       3918,        1,  3110400, 49f09743b411284e13de191e269f7aa1
0,       3919,       3919,        1,  3110400, cc82baa573216cd0bcb14f0e11832d64
0,       3920,       3920,        1,  3110400, cec830eb8cc2ad79253bfd5923bfb006
0,       3921,       3921,        1,  3110400, 57653053056e709c9bbd5214b34c5e56
0,       3922,       3922,        1,  3110400, 8cb966efa748ffe3279e5e70e294fd8b
0,       3923,       3923,        1,  3110400, fd828eca9702c25c05016b6b083cfbdd
0,       3924,       3924,        1,  3110400, 92cbe17ed87930df088cb0024ee1d99f
0,       3925,       3925,        1,  3110400, 1352861561a8f7728cbca1aa7d7ec2b8
0,       3926,       3926,        1,  3110400, 7347ed6cdbd9452d3578a422b62ac75a
0,       3927,       3927,        1,  3110400, b99301449115e73a3af95d17315ebea1
0,       3928,       3928,        1,  3110400, 50563dabcb913e8b0b1cf9ba2c4ecba4
0,       3929,       3929,        1,  3110400, 722def000846df0c2174e3aca7642ea2
0,       3930,       3930,        1,  3110400, 2f969748b71e2fcebee7098e19f28f6e
0,       3931,       3931,        1,  3110400, d9f73ea5f1e3699ffe9ad0474a9b78ad
0,       3932,       3932,        1,  3110400, 157d51878f6fbb085e17d305da16fa10
0,       3933,       3933,        1,  3110400, 528aa4219572864f08fa8b2ab3f2c4cf
0,       3934,       3934,        1,  3110400, 8b0e60a87b26c3f8bb3db6b033306428
0,       3935,       3935,        1,  3110400, 402464af231d5622dd8c3015c49011f6
0,       3936,       3936,        1,  3110400, c34b042ccfa2e7e1a025c2bab14c54a8
0,       3937,       3937,        1,  3110400, 8f40cfbfe5d5a9ebce22c51949876097
0,       3938,       3938,        1,  3110400, 6a023907e164c896823fc7ba2e7a2870
0,       3939,       3939,        1,  3110400, 1472add4ab3f9ae1d393c805ef2bfe63
0,       3940,       3940,        1,  3110400, c4d938c2c7ff686227ab9a755d15077e
0,       3941,       3941,        1,  3110400, 6f72900b096240281524be29392ee164
0,       3942,       3942,        1,  3110400, edfac7a2449d99c1d450f92efdbd16bd
0,       3943,       3943,        1,  3110400, 941d4c98350a5e7a6b7ae93fcaeef987
0,       3944,       3944,        1,  3110400, 3aeaf81ff3b5b5546c67a460ccc15ae1
0,       3945,       3945,        1,  3110400, cf37cf0a90ef7140636d82718ba88db9
0,       3946,       3946,        1,  3110400, 745573c19f7a8f12a22030f40044cdf6
0,       3947,       3947,        1,  3110400, 2efad18f57f4bfbd3988daf43a0abe01
0,       3948,       3948,        1,  3110400, a75533a5364e176b616c6d530549c851
0,       3949,       3949,        1,  3110400, a16f45c0c0c46105f4e967b455f7c501
0,       3950,       3950,        1,  3110400, a757c211ffe956aba720b2fa30c807dd
0,       3951,       3951,        1,  3110400, 37b3dccda27bc7081dd6f0374b85056c
0,       3952,       3952,        1,  3110400, fca68d6e50b41f647cb6acf60ef6c6a4
0,       3953,       3953,        1,  3110400, 4a17b210a47c7afcffef20b8eceedab3
0,       3954,       3954,        1,  3110400, 06085f4fb87566f85bdeb03846e96b3d
0,       3955,       3955,        1,  3110400, 3103da4d5c59fc02b4199d2d3e6ebae4
0,       3956,       3956,        1,  3110400, abd6a96d153b0d2135aa656f0ec13edb
0,       3957,       3957,        1,  3110400, 79ff012780c97f1552feb2bb62e2d347
0,       3958,       3958,        1,  3110400, 043bffd3b1524495645604c828a3e8ba
0,       3959,       3959,        1,  3110400, e5d7292b07ccd1bfbb1d0d0921ab3447
0,       3960,       3960,        1,  3110400, df5d4bad92a4cf421d4323c616730890
0,       3961,       3961,        1,  3110400, 056e784e1380e78ea53775dffebfdc48
0,       3962,       3962,        1,  3110400, c27356e5429f92b05929679169f9e67d
0,       3963,       3963,        1,  3110400, da982e8acf9ea87bf102e4775b32287c
0,       3964,       3964,        1,  3110400, 1509b973819a28e8c91f7c02c216a6a2
0,       3965,       3965,        1,  3110400, 0002e3d4265a9df7147e9108eeb33a06
0,       3966,       3966,        1,  3110400, 9c548658f466c7608d2bede638748e39
0,       3967,       3967,        1,  3110400, 5c5af9e63ea7e6ed3766bd060c84179a
0,       3968,       3968,        1,  3110400, 75eee480197724f7d90f831a2d34914d
0,       3969,       3969,        1,  3110400, d5c3300a4b3de9ce53df08aeb4ff44d6
0,       3970,       3970,        1,  3110400, 6ccbbf78dcd010fcbabc1964ebec659c
0,       3971,       3971,        1,  3110400, 5794952f58d51c9e03cbb5ab2efc42e6
0,       3972,       3972,        1,  3110400, a7f9378bbbc2c00efb504bfe9b81ee8d
0,       3973,       3973,        1,  3110400, d332c7c5e569df5e727f7500c0d162bf
0,       3974,       3974,        1,  3110400, ef60c0499fdea688de368cf7c05c8389
0,       3975,       3975,        1,  3110400, 2332e8a9f57026cb483d03e84b8f58ed
0,       3976,       3976,        1,  3110400, a243f2a39700f157b50027c906a13730
0,       3977,       3977,        1,  3110400, 866026e614da7e766cb71f26ce2eb184
0,       3978,       3978,        1,  3110400, c23b059cb6f988eb0f1cef14b466b0be
0,       3979,       3979,        1,  3110400, eeb0bdd72f30274af5701ae23cd91ff4
0,       3980,       3980,        1,  3110400, f612f1487267879ba4fd5a56b088a475
0,       3981,       3981,        1,  3110400, 5c22d01632d9bb6947409a2b5a26b131
0,       3982,       3982,        1,  3110400, 5fefc6333497c0588de02d445360d1d2
0,       3983,       3983,        1,  3110400, 4018b7f8530719ca54aed2fafa5ecd14
0,       3984,       3984,        1,  3110400, f75b1604f29f4fac3e0630276b4b6171
0,       3985,       3985,        1,  3110400, d502691927ebeae35c486d685dbe59be
0,       3986,       3986,        1,  3110400, 683edb558a287f0dbe1fed24bdd2c1c5
0,       3987,       3987,        1,  3110400, a8b7bb29c8727242d8770b1d64c7b927
0,       3988,       3988,        1,  3110400, 030ff727cdd1fd73d6fc5f99cfa4218e
0,       3989,       3989,        1,  3110400, 9705640f535f7995e8bd5961f2fbd4cd
0,       3990,       3990,        1,  3110400, a25b2bc543d979245f462bf3b29649f0
0,       3991,       3991,        1,  3110400, e6665bfa8e79da3fe318fc349d37bea2
0,       3992,       3992,        1,  3110400, d42ad663dd807a8afb050ebcc6406eeb
0,       3993,       3993,        1,  3110400, 15e1d7b8207364ddbb0e38a5d3a4316b
0,       3994,       3994,        1,  3110400, 12d36bc8da7eb6fda18e5096a83ab7db
0,       3995,       3995,        1,  3110400, 3c01dab749c66f2ca2233e46684ba319
0,       3996,       3996,        1,  3110400, 9bed11427f813f2f1d2aead03c28c810
0,       3997,       3997,        1,  3110400, fcbe043a362077f8f919aa4fe4088dc2
0,       3998,       3998,        1,  3110400, ab443ddf996b7d7d6a6949df4f2be9ec
0,       3999,       3999,        1,  3110400, 45dc3478abb0778fffdbb086b697e729
0,       4000,       4000,        1,  3110400, bec87ab4f1c12cc4e5ebcae5e869b363
0,       4001,       4001,        1,  3110400, fb7423f1025c68f40adad4b9feb021c4
0,       4002,       4002,        1,  3110400, f230d8a98aaa2463712ea8d1f54e52cb
0,       4003,       4003,        1,  3110400, 4811bc5cb074257b53f92481f75ef98e
0,       4004,       4004,        1,  3110400, 86c4bca9afd275b615f9185c5914142f
0,       4005,       4005,        1,  3110400, 649af1631122c6e4323132384c247064
0,       4006,       4006,        1,  3110400, ea309692b2ffd505aa72694c1d12854a
0,       4007,       4007,        1,  3110400, b533781f0593bfba245679fc54ca99d2
0,       4008,       4008,        1,  3110400, 2492f94e28a90fd40cb68ee6d9c0e42a
0,       4009,       4009,        1,  3110400, d6943f14f35da8693ef642d677011603
0,       4010,       4010,        1,  3110400, 5b6cfba68686909d4156c7f9f9a143d5
0,       4011,       4011,        1,  3110400, 611110cabf977d41a1a4f1711376b3ec
0,       4012,       4012,        1,  3110400, cebbaf0af9120e73ab7e75c294709ffb
0,       4013,       4013,        1,  3110400, 690e63ac655296e88aaab434b840e2fa
0,       4014,       4014,        1,  3110400, 6d374ea3d2acdf1ab075877b5ff8e798
0,       4015,       4015,        1,  3110400, c8b307fbd568fce9cfd400ad19eda3c9
0,       4016,       4016,        1,  3110400, b2d2fc5bc307c5a4be6ad10704e13b68
0,       4017,       4017,        1,  3110400, 17f895b72eb4086aaf096c6040e1d42c
0,       4018,       4018,        1,  3110400, 79e040dd26bf6e4012842fb21067ffa3
0,       4019,       4019,        1,  3110400, 985b3b0e832cd837f0c449eee4809594
0,       4020,       4020,        1,  3110400, 3a072db3c144a1287b72d31ffe72e8ad
0,       4021,       4021,        1,  3110400, 31f45e303f900b0daa146875da6ca115
0,       4022,       4022,        1,  3110400, aa9aa5670203ab0240767607bb99d215
0,       4023,       4023,        1,  3110400, f4a316bcf84ee1a506f59bcaddec1fee
0,       4024,       4024,        1,  3110400, 5943d8f50706fb9c5ee5bc5eddc3bf5d
0,       4025,       4025,        1,  3110400, 2d3b08826059095c97847c87684357cc
0,       4026,       4026,        1,  3110400, bf6dbc5261e0d751dc7fb9eb00b0c07a
0,       4027,       4027,        1,  3110400, 714a4fa2d7110ed2d5df58e91cb7b85d
0,       4028,       4028,        1,  3110400, 53cacde89b5e6b443e895ad44bd7881c
0,       4029,       4029,        1,  3110400, f0037799bbd73b047242e9f998c6d39f
0,       4030,       4030,        1,  3110400, 8f24c2748487480fb044a2fa67632556
0,       4031,       4031,        1,  3110400, b9166ff51bc17b00e1dc536fd8408c41
0,       4032,       4032,        1,  3110400, 94cd93af22f6d9d883df2b6d2c0f010a
0,       4033,       4033,        1,  3110400, 04286de8d38d8decdc79eb4ab5a819ae
0,       4034,       4034,        1,  3110400, 2ad8d7e601841f835a7e73cfe12b0670
0,       4035,       4035,        1,  3110400, 35a0030227fb72cce296ebf5ba8cc79a
0,       4036,       4036,        1,  3110400, 4f8a08f90cb0c3fb468cd263c243946f
0,       4037,       4037,        1,  3110400, ff2b5fa0ae5286c0b5ae06fec1327943
0,       4038,       4038,        1,  3110400, 8e53808c2e5d4aacf29063731aae90e5
0,       4039,       4039,        1,  3110400, 7e4cc3f01b3ad8767be07b356b8749b3
0,       4040,       4040,        1,  3110400, 61ee2d42d6f4e1aebc866309981e2d7c
0,       4041,       4041,        1,  3110400, 0dd8af38a5b93f4f361d7e76ed1bcb90
0,       4042,       4042,        1,  3110400, 4d793f905e907794d7f9f7dede947be7
0,       4043,       4043,        1,  3110400, 8cd70ab961a9e7ee49363d49207a1731
0,       4044,       4044,        1,  3110400, 5c95c5fddc52a6c2594587a0d86c7c9c
0,       4045,       4045,        1,  3110400, d5d28801ab8c7c0a9cba1d8050fba839
0,       4046,       4046,        1,  3110400, a8e2b46f690b96d133f125fdd8f2c65c
0,       4047,       4047,        1,  3110400, 32bb2e19b069d999e222f5ee8e5e2865
0,       4048,       4048,        1,  3110400, 603cc730a99fcb74b08d62362419dd27
0,       4049,       4049,        1,  3110400, 57f624e050254cac2e3c69db02db302a
0,       4050,       4050,        1,  3110400, 3fb1011405a978fe0c7703abc1932108
0,       4051,       4051,        1,  3110400, bd6927ad28611e5aea49e5eff3388b8d
0,       4052,       4052,        1,  3110400, 579fc06f91b373420de493fc7957667e
0,       4053,       4053,        1,  3110400, 6ca1d8973cbfc307f50593700e398662
0,       4054,       4054,        1,  3110400, 8eb7d032fd5baea7f64f6a67834ce9d7
0,       4055,       4055,        1,  3110400, 005458c9dab6f35adf5b141cd302320c
0,       4056,       4056,        1,  3110400, b6504e1eacc38493ceb0c1ea0ddeab3b
0,       4057,       4057,        1,  3110400, 53d3d94155e54a8b4dc95463ac342c70
0,       4058,       4058,        1,  3110400, 016e64077c58a40b990a118e4e643e02
0,       4059,       4059,        1,  3110400, a329fad7412e40322416b78adb43e1af
0,       4060,       4060,        1,  3110400, 0612f462566a3b3cbca4de2c6e7daaf3
0,       4061,       4061,        1,  3110400, bef2e29cfb5a5c96bd0b09e58ab077b9
0,       4062,       4062,        1,  3110400, 9c7e53e66bcaa5a163ad21c1bbaf48db
0,       4063,       4063,        1,  3110400, ab8afc0498a18f01c4f6fb0e3236d4b7
0,       4064,       4064,        1,  3110400, bae98bab979df9b2f48a3e5ea6ee293a
0,       4065,       4065,        1,  3110400, e59443fde749245b46ed3f9c2add4b94
0,       4066,       4066,        1,  3110400, 8bf5231f52496f9411d420aa4213fbc4
0,       4067,       4067,        1,  3110400, 528b09d7bd537ee82e8a3ff3260819d6
0,       4068,       4068,        1,  3110400, cfe25fa97163a8e2d521f56af4705787
0,       4069,       4069,        1,  3110400, d03d32dab843d3e6889acd0192dd916b
0,       4070,       4070,        1,  3110400, 9901146f8e4c269e7b20e079d5a8e9d6
0,       4071,       4071,        1,  3110400, dc06b31ce14ab0e3725b74e7c0a3205e
0,       4072,       4072,        1,  3110400, 0deb165ecd226922873c00ab5a919bcc
0,       4073,       4073,        1,  3110400, 07eff093f960fbe37add03a150862f89
0,       4074,       4074,        1,  3110400, e3b0fddbf983bb032dadd8521225e1cf
0,       4075,       4075,        1,  3110400, ee25b9df60e4901d89c6adf99b7e984a
0,       4076,       4076,        1,  3110400, a0734faecbd4cb6845a1442311cf0c11
0,       4077,       4077,        1,  3110400, 883a4d5e9ea62919546031bcbf3157dc
0,       4078,       4078,        1,  3110400, 31da682514107c136c61ede7983cc920
0,       4079,       4079,        1,  3110400, 1ac370771690228aad6baf4dbc4880cf
0,       4080,       4080,        1,  3110400, 4a4d87d693f3b87702bb1e224934e7cb
0,       4081,       4081,        1,  3110400, 7d7caa113e1c5e3ecc13573dfd8571fd
0,       4082,       4082,        1,  3110400, 0b79439662f41fe6d4edd80599f803b8
0,       4083,       4083,        1,  3110400, 478096391d1e1d872fcb9968d2ffc187
0,       4084,       4084,        1,  3110400, a90f0da534ef469a9e1f4797461991b3
0,       4085,       4085,        1,  3110400, 408c3ef526f8b1fe7bf035a45a85baba
0,       4086,       4086,        1,  3110400, ce7962b67b3761386a35072ade787abf
0,       4087,       4087,        1,  3110400, 1c58cb59ecd6bdea9887dcd6c34f683e
0,       4088,       4088,        1,  3110400, 6fe88eaf3b2372958ccfa919af530b1f
0,       4089,       4089,        1,  3110400, 0399d780b6211629cbf9fea5142342d3
0,       4090,       4090,        1,  3110400, e18f36cfe6a2c659501bf61114de6b8c
0,       4091,       4091,        1,  3110400, 38a4f8ec1c39abdaeb3348d862a6adfe
0,       4092,       4092,        1,  3110400, 7ffad0002bdf06dc54bfa5d2dd603268
0,       4093,       4093,        1,  3110400, df97e198e3a511d7eb821635b62e38ce
0,       4094,       4094,        1,  3110400, 55a646540b547ef117aee1c8f0a74910
0,       4095,       4095,        1,  3110400, e5fd2be662781a74df49ea85b063b400
0,       4096,       4096,        1,  3110400, e814672562ff2d9ad3889e7e2ef7697f
0,       4097,       4097,        1,  3110400, 1969e4371abe6351eac3c7c53adfe5a1
0,       4098,       4098,        1,  3110400, 99c72c12073e9dfe808293df8adfdeb1
0,       4099,       4099,        1,  3110400, 53fcc644fcda84594373726f696d5f64
0,       4100,       4100,        1,  3110400, 1674b899c545f3e884b8c7fb260db38e
0,       4101,       4101,        1,  3110400, 498c75f0967a2b7044b3d00661a513b4
0,       4102,       4102,        1,  3110400, ec64325069bc2c2bd1b1db1584177c85
0,       4103,       4103,        1,  3110400, fd5f8b61cac7224147e234a992fdee99
0,       4104,       4104,        1,  3110400, c934a9902b47697a398f07580ffabc31
0,       4105,       4105,        1,  3110400, bb0e55cfd0a47fbb4ffd6cf4908ff018
0,       4106,       4106,        1,  3110400, 89c6630fe2b6a4425d65f5acd550ea02
0,       4107,       4107,        1,  3110400, 6443b52aa660db577cc646fa22b82760
0,       4108,       4108,        1,  3110400, 6a7ff1a31f47405a68f5cd8798b8f99b
0,       4109,       4109,        1,  3110400, fb6230808443b1c858b6976bcba3acfa
0,       4110,       4110,        1,  3110400, 69e13cfe477b7a1c82fefe1d1c05f0c8
0,       4111,       4111,        1,  3110400, 5f182b9954533a781a2b9af41b7f64a8
0,       4112,       4112,        1,  3110400, d98ca15a0ad2cecf183c02ab78e032d9
0,       4113,       4113,        1,  3110400, a96602675d3a243ec573393768ce6706
0,       4114,       4114,        1,  3110400, 4c5b0d24217df92bf70b90d06936aa77
0,       4115,       4115,        1,  3110400, c31e0505bf5d39761a71cd98bf18ceda
0,       4116,       4116,        1,  3110400, d528ba8fe760642c307c5d8250ca59e8
0,       4117,       4117,        1,  3110400, 7d7f83d734ca8f50047d7a020d573ef2
0,       4118,       4118,        1,  3110400, 4cec944335a28d31b32f7ebab97f0f4d
0,       4119,       4119,        1,  3110400, c0d5091c44fed199977cd599887decdf
0,       4120,       4120,        1,  3110400, 8a46e94754d7e67b408b5d9bcc6384b4
0,       4121,       4121,        1,  3110400, 634b6ae62fa53b11f256f6deaad930d3
0,       4122,       4122,        1,  3110400, 0547dce22e15eb80f2cfb66aa4179928
0,       4123,       4123,        1,  3110400, c4f04b1b1b92f6636ea1774e3c88fc5c
0,       4124,       4124,        1,  3110400, 391f4cea75e3444f5f2d79b516982bf6
0,       4125,       4125,        1,  3110400, b2545ace6551362e0765ff8a79246988
0,       4126,       4126,        1,  3110400, f46cfe4ffe1fb93d2361cb644ccfa6b4
0,       4127,       4127,        1,  3110400, 0664a8aa177ebb60f2019f0d7bd4162c
0,       4128,       4128,        1,  3110400, f078ded1946a0f6a6860a8bf5b54c441
0,       4129,       4129,        1,  3110400, 8f14c16f54a10f69d4910654a83f40e7
0,       4130,       4130,        1,  3110400, 15257cb51e6331e6ef2eebe40c641dc2
0,       4131,       4131,        1,  3110400, 501ad11b813cb5e4dcf315d92307dbb9
0,       4132,       4132,        1,  3110400, 212713c388fc46ebb7dd7082785683ec
0,       4133,       4133,        1,  3110400, 45548ceba715c8616caecdd8bf6f170e
0,       4134,       4134,        1,  3110400, 4d1459c584d26f349ea0b84250cc356b
0,       4135,       4135,        1,  3110400, e9b6fca99a60ea2c5cc31f47d033243f
0,       4136,       4136,        1,  3110400, 1ea83b7ee34424ca84f32e204d866a82
0,       4137,       4137,        1,  3110400, 5619295ca482b0be62e077f1afef3fb9
0,       4138,       4138,        1,  3110400, e01f605ba16706710e016f191387f41b
0,       4139,       4139,        1,  3110400, f4f6d5314f984e4804e06e6f02927179
0,       4140,       4140,        1,  3110400, 03deda95ec2565727dde082833b8bd8d
0,       4141,       4141,        1,  3110400, fc75d870572914131cf31c8ce41ef5e9
0,       4142,       4142,        1,  3110400, 827bf03055d75b2ce2ad93d57bcf10a6
0,       4143,       4143,        1,  3110400, 59c4e064d191c3fb3485ad9ffa37b647
0,       4144,       4144,        1,  3110400, dcbb65375eba2ad45517ab276e65634c
0,       4145,       4145,        1,  3110400, 1b7487723ee0b41ab3937f7b9c0a87ae
0,       4146,       4146,        1,  3110400, e806b53bd4c5ec87272707b12d1485c7
0,       4147,       4147,        1,  3110400, 75b8f09885bcb7d723c1802af515242b
0,       4148,       4148,        1,  3110400, 7e7d03fbecb55e88c9e1a0bc1ac415e2
0,       4149,       4149,        1,  3110400, 44fbb73cd7d4fb4034413ad1161bc0c1
0,       4150,       4150,        1,  3110400, fb47510cc65002d7ac4d36ced9a07c0d
0,       4151,       4151,        1,  3110400, 23c6b5048632661b8660bc382e9b2d85
0,       4152,       4152,        1,  3110400, 921f5e92be23312b2dec295b8b52aad5
0,       4153,       4153,        1,  3110400, a80e83caae56854b56ab74a3727d08b7
0,       4154,       4154,        1,  3110400, f29d3e8e56aa04ff4b874a9beb649be6
0,       4155,       4155,        1,  3110400, 24f4f64f9b65f87ff9e700198f424c07
0,       4156,       4156,        1,  3110400, d08dd0d99fc5950cf074c01ad8aa1c6a
0,       4157,       4157,        1,  3110400, a28d096e6d480a43b15bd0fba8ea81ca
0,       4158,       4158,        1,  3110400, 34fc438bd9a4970bc769d56b7d15cc88
0,       4159,       4159,        1,  3110400, 6d5f08edb649075881a774e156838d8f
0,       4160,       4160,        1,  3110400, 07a43938a760ba6ddee4d338e3437fa3
0,       4161,       4161,        1,  3110400, fc12ed947d4b61a7ee32a80bba972d37
0,       4162,       4162,        1,  3110400, 1ad49dc9058927700c23e3d7f393cdae
0,       4163,       4163,        1,  3110400, e8ef3e5a2a07bb4380cb805e367aa068
0,       4164,       4164,        1,  3110400, 6003df9b7c98b340d199e99921989990
0,       4165,       4165,        1,  3110400, c8a509986a6979667ce266aa16cdc264
0,       4166,       4166,        1,  3110400, 2cf95e5fb6fb1cd4a8a7deae873d37b7
0,       4167,       4167,        1,  3110400, 0a93eea0c5936b55e38425998d9a123e
0,       4168,       4168,        1,  3110400, bac2adce52d1cae7de49e78586bc3e48
0,       4169,       4169,        1,  3110400, dc05aab13a0ac02fafeaac272831c37d
0,       4170,       4170,        1,  3110400, 86717d9c377c20b85e5f7da113ebfbf3
0,       4171,       4171,        1,  3110400, 77cfaee38607e80dcba928658c673dce
0,       4172,       4172,        1,  3110400, 79062c06b9cb002542bae8a8056206ca
0,       4173,       4173,        1,  3110400, 0ce1ff0046e5c27dcb006195dedbffc1
0,       4174,       4174,        1,  3110400, 255b6655e3f832ed5bfefa94ba0b03ed
0,       4175,       4175,        1,  3110400, 70a41747318384cdec3f1433242fe242
0,       4176,       4176,        1,  3110400, 1595d55035d015c5b715afd9bd7462c8
0,       4177,       4177,        1,  3110400, eeb5ef4ccc3d5f2a0cda6b980d152066
0,       4178,       4178,        1,  3110400, 5f7269d0663c70d2abfff88df54106ac
0,       4179,       4179,        1,  3110400, 32aa36c61cc8a607099c577314bfd831
0,       4180,       4180,        1,  3110400, d50e6ef2939b59cf926158f01820f44b
0,       4181,       4181,        1,  3110400, d7cc5c926b0984946804f00d14058935
0,       4182,       4182,        1,  3110400, c921b0944c861fb6e2365f5fc31729fb
0,       4183,       4183,        1,  3110400, 301510dcdabb3e14d4b6022e9716a81c
0,       4184,       4184,        1,  3110400, 22768652e4255f1f3dd631cb32cb831e
0,       4185,       4185,        1,  3110400, efd8dba395987af2520295706e48bab5
0,       4186,       4186,        1,  3110400, abb11fafc518f15b3734a7f4a84ab127
0,       4187,       4187,        1,  3110400, 8d92bfd383d4a45f538fbaeb5589f7f3
0,       4188,       4188,        1,  3110400, c9f005e51d477ef489642cd6169e29fb
0,       4189,       4189,        1,  3110400, ae573361d0e746377e165f0745e2519a
0,       4190,       4190,        1,  3110400, 5ab5537e3809eb7acecd7459a5d91abe
0,       4191,       4191,        1,  3110400, 63ada05cbec09886317ed760ee46ccce
0,       4192,       4192,        1,  3110400, 4d269d3b34b2d8e2f218796e05e98083
0,       4193,       4193,        1,  3110400, b569a8c808883a304e3c8ceeb2aefe64
0,       4194,       4194,        1,  3110400, f605d59bcfa0a5197676bf3a5535a0b3
0,       4195,       4195,        1,  3110400, f0255180fc93b23945a2b6fd207c714e
0,       4196,       4196,        1,  3110400, 3a98def2d94bf0248a8c5c6f71a1f4a9
0,       4197,       4197,        1,  3110400, 0b2c0098078634d60793490e07fe1f80
0,       4198,       4198,        1,  3110400, 2ca73aa79999462f5d5c7f37be77647d
0,       4199,       4199,        1,  3110400, ad0abea094b4659a605a37f4dd2f05e1
0,       4200,       4200,        1,  3110400, d8dd1bfdba7a8ffb4f7b9e71824b5a08
0,       4201,       4201,        1,  3110400, c322e0c91b4b67861475afcf54d3873e
0,       4202,       4202,        1,  3110400, b1dca1a52429b260294bdafab37d59d2
0,       4203,       4203,        1,  3110400, becb507f8984e51a9e340614f5dda700
0,       4204,       4204,        1,  3110400, ec9891fc47866f460ad77d4ed3614c6f
0,       4205,       4205,        1,  3110400, 4f7ce8426d9baa79fe51e599bfc9567a
0,       4206,       4206,        1,  3110400, da095341fd72ff174d098f7b4e16537a
0,       4207,       4207,        1,  3110400, 1fba40d3ad74e3cb0039768c1b0749ba
0,       4208,       4208,        1,  3110400, ff2298e3eef619688c4e348f67a14d34
0,       4209,       4209,        1,  3110400, 9496254c3bfad1989e672d0e3b9e2119
0,       4210,       4210,        1,  3110400, 0f87b0e5bf780275bac6ac1dca2f0b29
0,       4211,       4211,        1,  3110400, fc44ede19ddf793f1a491471dfe1520c
0,       4212,       4212,        1,  3110400, 5cf6999abd68592f140887427dab7ab0
0,       4213,       4213,        1,  3110400, 8a4cd86c95f46bff08d73c5c1af6e261
0,       4214,       4214,        1,  3110400, 62b26c86bb50c3a043cba66f092d0049
0,       4215,       4215,        1,  3110400, 2bf420a4304ee301ccb5940991e8d861
0,       4216,       4216,        1,  3110400, 02b114d6efc4e5c3515726541c81772d
0,       4217,       4217,        1,  3110400, 7c7e1fd6b91efa89b49da4563778bd7c
0,       4218,       4218,        1,  3110400, eae210b1160c90a477e51d616432fd56
0,       4219,       4219,        1,  3110400, 097d0c2e537fc739446e04c01eea286d
0,       4220,       4220,        1,  3110400, e557e5a70c9b38fa32e14b8a9d51d7c3
0,       4221,       4221,        1,  3110400, 6dca51cc04c6b6ad7267c3469cd643c5
0,       4222,       4222,        1,  3110400, 4098fd84ebc56149762972187a729bf3
0,       4223,       4223,        1,  3110400, fe82b6fe93e705e9b2f2e37771ecfa98
0,       4224,       4224,        1,  3110400, cd7de4200c5620015b4377cc51d5f4e5
0,       4225,       4225,        1,  3110400, 7b03837edc1497756e560641b93b4091
0,       4226,       4226,        1,  3110400, 4868b6ae534c8744327a6bd61ef6772d
0,       4227,       4227,        1,  3110400, 1f75890d625d4b136c2b0458b4b2940b
0,       4228,       4228,        1,  3110400, 66deb0cff535fcea72bd0b56ca218bd7
0,       4229,       4229,        1,  3110400, 96dfde75ce0c7b0c0a815978eff04418
0,       4230,       4230,        1,  3110400, df9c0ed99caadb25642f53c02fa8d76d
0,       4231,       4231,        1,  3110400, 98a5ffe40ae5e0f7c4cb1b9e49036664
0,       4232,       4232,        1,  3110400, c6148cf448a19acfdc8add84e8c5dbde
0,       4233,       4233,        1,  3110400, 9dd66e10b1449c8efb959f734bfc01e8
0,       4234,       4234,        1,  3110400, da1cb847e64bc2a80a55d2d6664249f0
0,       4235,       4235,        1,  3110400, 147c1eebd2c89a82a2a88ef203a308e3
0,       4236,       4236,        1,  3110400, 504d44278c4ef3f87b6bfc0fd04a87e0
0,       4237,       4237,        1,  3110400, 6726772d2012b9f9ab693680cc3ce71b
0,       4238,       4238,        1,  3110400, cbe60c8aac5f79a2984772f213c5bddd
0,       4239,       4239,        1,  3110400, 902535787f9a23e35b37072b06c02c07
0,       4240,       4240,        1,  3110400, e5c3380b3846c40ec2ab24fc13c43123
0,       4241,       4241,        1,  3110400, 7ad87f8bafdfb77431667db11562001a
0,       4242,       4242,        1,  3110400, 521adacb8a4d89c89193bbaa0d346397
0,       4243,       4243,        1,  3110400, 4e48c484b6f94afb8e8f1ed8d0f11414
0,       4244,       4244,        1,  3110400, 0b9ee594d99422a9c636c5c540b8eaea
0,       4245,       4245,        1,  3110400, 081e0a855e29dc347c2f1ca90a864f28
0,       4246,       4246,        1,  3110400, adc9f6258ccc1c2b98b4459e29e14801
0,       4247,       4247,        1,  3110400, 5e020b46e7863398ee3163140a95ddd0
0,       4248,       4248,        1,  3110400, 61d14f826c22a670b164e2dd44ffead7
0,       4249,       4249,        1,  3110400, fb96600f6d75b39efaa0221c6790d3e5
0,       4250,       4250,        1,  3110400, 0a28969af7af22af1ad9529c1c95eae1
0,       4251,       4251,        1,  3110400, 39afdd51a0f637aa8e006afdfc753dbd
0,       4252,       4252,        1,  3110400, 4bfeda6ab86f83c31402b96a67215c47
0,       4253,       4253,        1,  3110400, 30d28c0e1ac6428de33fbb7fa474044f
0,       4254,       4254,        1,  3110400, 3a01979f73c31d3bdd533630824e649e
0,       4255,       4255,        1,  3110400, 61cb378546d2b660d940cbca065ef2a8
0,       4256,       4256,        1,  3110400, feea0eebbadab15cf21013c52b00293a
0,       4257,       4257,        1,  3110400, 82280dd16605c5d256781284d139b259
0,       4258,       4258,        1,  3110400, 167c62d68ec431d165b18815ebb7d50e
0,       4259,       4259,        1,  3110400, 6258287b6661000e6f65009ab914b451
0,       4260,       4260,        1,  3110400, b928eac54da9907a88893db1665931e2
0,       4261,       4261,        1,  3110400, d7d923f83e1063ebf35c6c01ec604b8e
0,       4262,       4262,        1,  3110400, ad851c5ee1ab6eecc340b8961b21b694
0,       4263,       4263,        1,  3110400, 963b6ceff80dc72ba07d3b8e4c08c02b
0,       4264,       4264,        1,  3110400, 3a1a76c7ad3132cd70d668f9ed6fd564
0,       4265,       4265,        1,  3110400, 557e80bdaf30eb9217be7d48c0f761e6
0,       4266,       4266,        1,  3110400, 0daa871c072c4071b876677018fb7605
0,       4267,       4267,        1,  3110400, a2ef5cd9f1a18b137725d5b4ff2e76c5
0,       4268,       4268,        1,  3110400, ed236b5da5c7b1a4613c1b6b6cd02eee
0,       4269,       4269,        1,  3110400, 7c7aef907e5855abaea93514e9ad561e
0,       4270,       4270,        1,  3110400, 89a409af32d5c9d36c7e013c0a73ddcb
0,       4271,       4271,        1,  3110400, 38eb95d25b93b8fd08c2f0fe6e404fb6
0,       4272,       4272,        1,  3110400, 9a3217b078e4dfe8217d05a318b9eba4
0,       4273,       4273,        1,  3110400, 627c5cc5044ec7468d5c92b9c6395391
0,       4274,       4274,        1,  3110400, e226cdd196bab4536f1e539fcb38296a
0,       4275,       4275,        1,  3110400, 6001a5ac49c39dab196ddbcec97ee5ae
0,       4276,       4276,        1,  3110400, ddeacbece0f9fb58d1fb81a5b1cdedaa
0,       4277,       4277,        1,  3110400, a02492554dac7f9dce0e74e381b0fd76
0,       4278,       4278,        1,  3110400, 44ee9f1a3373c80022a71c811649675a
0,       4279,       4279,        1,  3110400, 62fa710dcbb85d6255e4cdf24fbc0e3e
0,       4280,       4280,        1,  3110400, af0a8c7be34dbe2a87ea565966bd1a34
0,       4281,       4281,        1,  3110400, 4a1bba861c687ac3403b6e0bc998373e
0,       4282,       4282,        1,  3110400, eba5ba668401da8cf3698cd194bfbad5
0,       4283,       4283,        1,  3110400, 8265b6e6d887f413998815d153812d3d
0,       4284,       4284,        1,  3110400, 33a88a14aebbb2a83a7a66ca2ccd756b
0,       4285,       4285,        1,  3110400, 56bfab22e85ce7cac1ae754a7a0f555c
0,       4286,       4286,        1,  3110400, 114f69e5ed8e39d2c0ec35b20df32790
0,       4287,       4287,        1,  3110400, 2a6706e50e0fea9c4b498a3b7944fde7
0,       4288,       4288,        1,  3110400, e2d435a302ddcdedb33b4f7ea25a8c7e
0,       4289,       4289,        1,  3110400, d40fc6d06aa47975778def38a1ac87c5
0,       4290,       4290,        1,  3110400, 604594bd11a2edce617a7456b2b3fe70
0,       4291,       4291,        1,  3110400, cb33c38651f71edc26142084a821cb45
0,       4292,       4292,        1,  3110400, c9fc73dfcd0e7e68c3237c68210bf6cf
0,       4293,       4293,        1,  3110400, fd8e74c4ba15327cb13e9029685f014e
0,       4294,       4294,        1,  3110400, 17ff90b562be2bd319fee5e346f0e6aa
0,       4295,       4295,        1,  3110400, 1c3be5a6a3643f851ad705075d55185a
0,       4296,       4296,        1,  3110400, 0cbf976ae11065fadbdfc9629031b4f2
0,       4297,       4297,        1,  3110400, 60633a4a6ae417b902d56c2e28b499a0
0,       4298,       4298,        1,  3110400, edb4f0487a75b2f052bfaf0df9f49293
0,       4299,       4299,        1,  3110400, 1bea6f2384752e1d99247403af4f6b77
0,       4300,       4300,        1,  3110400, a2917b9c47e6f1700ce671069df37e29
0,       4301,       4301,        1,  3110400, 646ff1fe58823ba7e1cf1458811adefd
0,       4302,       4302,        1,  3110400, 022d210acf5151486ebde4bfed1d01a8
0,       4303,       4303,        1,  3110400, c27532ac4955e328985ee72c3886a871
0,       4304,       4304,        1,  3110400, 8b8fbb8fabec870a9b2da07fef67ea4d
0,       4305,       4305,        1,  3110400, 3b42a628ad29e1e12c4bf5f9859919a9
0,       4306,       4306,        1,  3110400, c28246b1943754359c964aa87526f655
0,       4307,       4307,        1,  3110400, 91b5f8b30dd3a5d9ee946a0992f37d4f
0,       4308,       4308,        1,  3110400, 5170e45db1cd036d10701471e1fb1219
0,       4309,       4309,        1,  3110400, 4182852fc0bfaf5967df6029fdcef158
0,       4310,       4310,        1,  3110400, 5709b4f2aec758dbe8024eff859ae561
0,       4311,       4311,        1,  3110400, 20ec06c75ed38ad5d6bfad5f151c9463
0,       4312,       4312,        1,  3110400, 562e639324f9cdb15bbf3618a9534ded
0,       4313,       4313,        1,  3110400, fa78bd189a4dc2548ffcf59429ed1966
0,       4314,       4314,        1,  3110400, 77aacf93a40a7d8fb000aa758cab10f0
0,       4315,       4315,        1,  3110400, b69ee23c115b230203d7762db0b115f5
0,       4316,       4316,        1,  3110400, 721f61a9eaf5725c12eea472767fa171
0,       4317,       4317,        1,  3110400, d87bb6d0d6636a60ee9c4fea4c94ef67
0,       4318,       4318,        1,  3110400, 76247f5c99f852a78d11c22120318002
0,       4319,       4319,        1,  3110400, 7cb11801e40306ebfc06e353aae7b61d
0,       4320,       4320,        1,  3110400, 33816a4043eae5f5dcc5595630642c3a
0,       4321,       4321,        1,  3110400, cb2b48da191f724d322d34c14d7b7996
0,       4322,       4322,        1,  3110400, 8ccdd8d287be7b3b2f6716395b3f73a2
0,       4323,       4323,        1,  3110400, 8da44ae0d8621834a1db70d004c2df4c
0,       4324,       4324,        1,  3110400, 79b656e185ae54a46299ecb2acc9bea8
0,       4325,       4325,        1,  3110400, 76bf1f4cbb07ce2cbeeed2a0db772a12
0,       4326,       4326,        1,  3110400, 6af7e5a96fe917a6dc553c1b27f52e67
0,       4327,       4327,        1,  3110400, 8b018d96301a038050c7e5f8f6b6dc6a
0,       4328,       4328,        1,  3110400, 55effd4a30ae4b1813fb1ba6d5411add
0,       4329,       4329,        1,  3110400, 1a5f250f51650e2800a942c6565ea15b
0,       4330,       4330,        1,  3110400, 9e26155662ccbc14df46f2a657ec95e4
0,       4331,       4331,        1,  3110400, 3f16907a098c5e2857e6d78420a7411d
0,       4332,       4332,        1,  3110400, 3af9bbef18521be5ad142f13ce0a8c68
0,       4333,       4333,        1,  3110400, 6252086a21cde2c5d62dc04d8c38f498
0,       4334,       4334,        1,  3110400, ee3d61bc658d1611e3f32cc2b4dfdba4
0,       4335,       4335,        1,  3110400, b86f49a8a9ea6c3ae9c039f6b9d010a7
0,       4336,       4336,        1,  3110400, 81c26ffe9eb9a7a977642de7e427b286
0,       4337,       4337,        1,  3110400, b965a9972e18825ae0eb63286e4e7f96
0,       4338,       4338,        1,  3110400, f49029ea55b1263bb5e780fcef85bc37
0,       4339,       4339,        1,  3110400, 590dd2529efd4f9b3c9e1025a4194135
0,       4340,       4340,        1,  3110400, 725d2da8693337e8f5a84f751ba2fddd
0,       4341,       4341,        1,  3110400, 903548cc9465bcbb08823d1a70f1edb0
0,       4342,       4342,        1,  3110400, 642521e153cf82e0476a4319f0080f7a
0,       4343,       4343,        1,  3110400, 5a470369572dd73448085edfe5a9bc6d
0,       4344,       4344,        1,  3110400, c7f6f1b62edb1ce633001a4ee52aca5d
0,       4345,       4345,        1,  3110400, 98474960d74de249abc229a94d33ade5
0,       4346,       4346,        1,  3110400, e3b1fa36d757c8098bea13dc6e947621
0,       4347,       4347,        1,  3110400, dfae54a95b68e2f1eb90152c6966099b
0,       4348,       4348,        1,  3110400, a9bdd1b6e0c272f257373ba6c77cbada
0,       4349,       4349,        1,  3110400, 1aadf7fc976a87e9d3d73d9392a1914c
0,       4350,       4350,        1,  3110400, df3907f148c5ac231a9c6ca623d817bb
0,       4351,       4351,        1,  3110400, 1a78744de17685916e18bdb303860d66
0,       4352,       4352,        1,  3110400, 4688e4b5e8384c707a4a5eb2c5a4cccf
0,       4353,       4353,        1,  3110400, 6398655f3c43c957ead7c4221ac6c85b
0,       4354,       4354,        1,  3110400, 7e8fc7db9e9bd4f8f1e5c891f4fe3676
0,       4355,       4355,        1,  3110400, d3b5892e20e2488de6a785afd381c700
0,       4356,       4356,        1,  3110400, 00e673e22e3987e046ad139f36f4b4f3
0,       4357,       4357,        1,  3110400, cfa3efb34cabeaaa1641de8e44ff8a75
0,       4358,       4358,        1,  3110400, 5ea548c572e9399851f584edb91186ab
0,       4359,       4359,        1,  3110400, e729e5846c644b30a23f64721c898d87
0,       4360,       4360,        1,  3110400, 416af53d4e141d9d5bdb5080c24772f9
0,       4361,       4361,        1,  3110400, 8abb0ba2c870a5e38691bb6194fd0410
0,       4362,       4362,        1,  3110400, 0c1316abbb8285e2133a87cafc5e0dbe
0,       4363,       4363,        1,  3110400, 06b8cbd8a8cf8b24380cf679dec5101a
0,       4364,       4364,        1,  3110400, 7f1c3fb3e624d4e38dc5fef8bd1cead6
0,       4365,       4365,        1,  3110400, c93ee72d3ffe4560f932a5f690d3eb98
0,       4366,       4366,        1,  3110400, f93d9aa5e6dc76723d268093934fa215
0,       4367,       4367,        1,  3110400, 9a8cb1e4b17046f358ed4476a416bd47
0,       4368,       4368,        1,  3110400, b824e25201e6a0511917729e1f655ec9
0,       4369,       4369,        1,  3110400, 4f1c3a2b5cb6bf9670cc8dacf5ce6d63
0,       4370,       4370,        1,  3110400, c781ecff65923d95453e004576449b08
0,       4371,       4371,        1,  3110400, a45c1339b1a68096bbeb4f52f1863f6c
0,       4372,       4372,        1,  3110400, 2e8648dd63c94da217155cdbb43c3172
0,       4373,       4373,        1,  3110400, 724e08d58d7879eab2eafaadb704a009
0,       4374,       4374,        1,  3110400, 2d0d9aaeb2048614928e1b62389246e3
0,       4375,       4375,        1,  3110400, 8e8febedd931a941648a9512a91fe4c5
0,       4376,       4376,        1,  3110400, f231be1dc4495a8bbd22b35198d32206
0,       4377,       4377,        1,  3110400, 3c9f557b1a25f0726ca50a5ebf8c3314
0,       4378,       4378,        1,  3110400, 4889794003786c81fe7ccf8597bfc4a8
0,       4379,       4379,        1,  3110400, 2833840c90ce6782007e91e3bab0ad45
0,       4380,       4380,        1,  3110400, e2eb8eecd6b0d2c115e5d4b40455c646
0,       4381,       4381,        1,  3110400, e6b98ff0a584d102eec7228fee376c71
0,       4382,       4382,        1,  3110400, de2e8699034b51b1f92f04e178707c0e
0,       4383,       4383,        1,  3110400, b4d201c80ec599c86c0e993d263d4743
0,       4384,       4384,        1,  3110400, 672195b5530b8e3edcdab46e9ca37ff2
0,       4385,       4385,        1,  3110400, 6fead9a73ca90717f2969a85475d07e0
0,       4386,       4386,        1,  3110400, 64640d96c433b3136b964fdebbcdd46a
0,       4387,       4387,        1,  3110400, a2f223745c19d59aa23b52656fabedad
0,       4388,       4388,        1,  3110400, 70ddf906f6f12bda6cfee22faa37b473
0,       4389,       4389,        1,  3110400, 2c0565bc2c53e2580c243d9a5f45b62a
0,       4390,       4390,        1,  3110400, 62cdae1a1359a588190549a1548b09e6
0,       4391,       4391,        1,  3110400, bc26b3a73d1057c0ea1247de8f22e0a0
0,       4392,       4392,        1,  3110400, cd6bf5e43370e4d69aaae4f40152b964
0,       4393,       4393,        1,  3110400, d8798246c790f0a724601f004aa305f6
0,       4394,       4394,        1,  3110400, 432f83f450f2de5dce8ddd8e6e3cdd1c
0,       4395,       4395,        1,  3110400, ff3b996cb44f1ccd6c2a89d4495c80ca
0,       4396,       4396,        1,  3110400, 775dc7da822d184793699d85aae16156
0,       4397,       4397,        1,  3110400, eda9e5c82e2a473ecdbd0f0b7be689a7
0,       4398,       4398,        1,  3110400, 31f3d2ad5d8af1791539639704f3832b
0,       4399,       4399,        1,  3110400, 58ea30e9c4e6bed0f318907444aba1ed
0,       4400,       4400,        1,  3110400, 345898af17b4544514d01501eb602739
0,       4401,       4401,        1,  3110400, 2af0bc319b83d9236ebee621e9fc3130
0,       4402,       4402,        1,  3110400, 37cb9e56987b0457a7e3f8f50b65a01e
0,       4403,       4403,        1,  3110400, 9a232aab66d97060c02271370474c1b1
0,       4404,       4404,        1,  3110400, 0f82a5f9b8f212bc58fd649fa93df005
0,       4405,       4405,        1,  3110400, a1dabf0669252f1948ddb83a52630562
0,       4406,       4406,        1,  3110400, 1caf9623c322e6e41d69eeec23a8b34e
0,       4407,       4407,        1,  3110400, 060bda487613beb207f3348e1966568f
0,       4408,       4408,        1,  3110400, 3869671dacd873baf4fd9aa9b3ec4539
0,       4409,       4409,        1,  3110400, 9b31fb8ca96513cc1f1d472a50def5f5
0,       4410,       4410,        1,  3110400, 875877e72c44f51c3d274eaf1339926b
0,       4411,       4411,        1,  3110400, da57a3598423e22bbab9039db3edc608
0,       4412,       4412,        1,  3110400, 22cbcd8a56a65ee7ca326d4ab8d0796e
0,       4413,       4413,        1,  3110400, 19b9d3e5f55c87c33d7524b20571d202
0,       4414,       4414,        1,  3110400, 6b34d79f6cbc36151afde851449f7c3a
0,       4415,       4415,        1,  3110400, aade40d1713ba03e41cf73b63151da6e
0,       4416,       4416,        1,  3110400, cf0693ce0e1f495786086155b47da9d2
0,       4417,       4417,        1,  3110400, ad00436e36855a18251071f5b3c3cc0c
0,       4418,       4418,        1,  3110400, 66ad41a90743b3af47a6a94a35ff9af0
0,       4419,       4419,        1,  3110400, 5855dc2e4d1db710b6cabb996876f074
0,       4420,       4420,        1,  3110400, 8568cfeb274ecf835209f94e18f68f83
0,       4421,       4421,        1,  3110400, 474c9682089fcece043eac5867e03f87
0,       4422,       4422,        1,  3110400, 8d7a1570cf496fb1cc3f66b5eee68e6d
0,       4423,       4423,        1,  3110400, eaa122ee89aacd247c8aeafe9c9c914c
0,       4424,       4424,        1,  3110400, e77199e6491a7f1571cc90ce20b9d9a6
0,       4425,       4425,        1,  3110400, f04435a4ef2305752ffc86160e58827e
0,       4426,       4426,        1,  3110400, a090f6c8014628cbaa9c8865a1b27a09
0,       4427,       4427,        1,  3110400, 45df2b7ed37967138940e220f305f9d9
0,       4428,       4428,        1,  3110400, 0f81b2f3e4e4ce19ada95e62432b1986
0,       4429,       4429,        1,  3110400, 26ed62f3051d88fe1c74f12d0f3d9a7b
0,       4430,       4430,        1,  3110400, de83b21fa9cb63986dd3aa28a91be0fb
0,       4431,       4431,        1,  3110400, c3f8f089d311e55dc3a42eea4dad9a85
0,       4432,       4432,        1,  3110400, 5f031445e512025cbc3be7522ba34a39
0,       4433,       4433,        1,  3110400, 517dd4b10de82283445a3a36b1e4ffa9
0,       4434,       4434,        1,  3110400, 64c6b83daf9477a5b3d1e1d2a4158053
0,       4435,       4435,        1,  3110400, 71b373a2aa75be0db06ac45451d8b21d
0,       4436,       4436,        1,  3110400, 004fe33594fe72992b1c23d8d53a9640
0,       4437,       4437,        1,  3110400, f23740b4564d64f91b45a1481f456938
0,       4438,       4438,        1,  3110400, 4a850a751f56f30b6dfa8f4d9b1ba872
0,       4439,       4439,        1,  3110400, d083f36708e64617c14a28754c7ef636
0,       4440,       4440,        1,  3110400, 769df31ec0624a648281ae359d78ac9c
0,       4441,       4441,        1,  3110400, b07c13cc05d7f7daabe88cdd9eb1b5ce
0,       4442,       4442,        1,  3110400, 7f4ffea51ce3e8b646039565e09461cc
0,       4443,       4443,        1,  3110400, 157d689afb2717fef6751eab0569e5b1
0,       4444,       4444,        1,  3110400, ee06dd0506007c9083f53b812b58e35a
0,       4445,       4445,        1,  3110400, b162b58d7f9aee074e768ea0be4cd1a8
0,       4446,       4446,        1,  3110400, 2f44e82e331fb65e5ad15e5c0f183006
0,       4447,       4447,        1,  3110400, 066dbec79107850b93778dcea879b632
0,       4448,       4448,        1,  3110400, 4cbbd380e720fea5568b1b8892dd3696
0,       4449,       4449,        1,  3110400, 98586e74d69790f325a38b5cbd9e0097
0,       4450,       4450,        1,  3110400, 529a3b754f0e36b2c4f2b4a8af16b095
0,       4451,       4451,        1,  3110400, 0b5831d6cd618cdc456cfa6e21186f88
0,       4452,       4452,        1,  3110400, 6c7d3d143842f6647fbfe22be38b9bc1
0,       4453,       4453,        1,  3110400, 058a675a863f25443e075a741104c6cd
0,       4454,       4454,        1,  3110400, 99c2e602d191ec2e0916b586aedefef2
0,       4455,       4455,        1,  3110400, 73114f533b2ff94c36f9fe43da15ca16
0,       4456,       4456,        1,  3110400, 395d8bdb15f5373daf0003f09aed1655
0,       4457,       4457,        1,  3110400, f7c5867a61adf82674f90acee61afbdb
0,       4458,       4458,        1,  3110400, 77b29764737f2a649722384d242cb4b3
0,       4459,       4459,        1,  3110400, c7423d0b9d57ee2589a9cbe1bb170d7e
0,       4460,       4460,        1,  3110400, 90cc7905022dbb7cedbcc94fe5a09b23
0,       4461,       4461,        1,  3110400, e562a240089a2f80bbd029122f1c71b5
0,       4462,       4462,        1,  3110400, 71616234ba3359a372def2b5ba30c90f
0,       4463,       4463,        1,  3110400, 819ed0d6f715648180fbc9ee36406c79
0,       4464,       4464,        1,  3110400, 448f0506753ef447b8947fc9377f75e6
0,       4465,       4465,        1,  3110400, ea2f23c8cd2ef0afa9e6cf572272d7ad
0,       4466,       4466,        1,  3110400, 30d033d8f6f3777b998d761b038b643f
0,       4467,       4467,        1,  3110400, 8bae5d4337eba316dd0b80187295472c
0,       4468,       4468,        1,  3110400, 62797a8cb762503a8fed5a81ccc4e169
0,       4469,       4469,        1,  3110400, f2b8730fddddd7e342fca97df46692fc
0,       4470,       4470,        1,  3110400, 8abe69c33cd93fd739ca362e3772723d
0,       4471,       4471,        1,  3110400, 19ba323eb4a98758e8e752a128f992c0
0,       4472,       4472,        1,  3110400, cfd5af0e078a51c927cc5cbfbe6bc590
0,       4473,       4473,        1,  3110400, a589c58f5e294db68951ce35f6aa2ba8
0,       4474,       4474,        1,  3110400, 9e31a1f820923351e49d4d9836fe1833
0,       4475,       4475,        1,  3110400, 931a1380a5316be5a266bf438acce0bd
0,       4476,       4476,        1,  3110400, fd0ec70af6039d233df83b345320b7f8
0,       4477,       4477,        1,  3110400, eecc9b43f81c58ed0386bf044e05e4ac
0,       4478,       4478,        1,  3110400, 22efce3ed47802eedcdfbfc1730ba25c
0,       4479,       4479,        1,  3110400, 3461876c11df3a77c37da5284ca44761
0,       4480,       4480,        1,  3110400, 5fb4f97c5a3821b72a4d4a793b6a0b65
0,       4481,       4481,        1,  3110400, 6061a1cf103b99a64902044e119c8130
0,       4482,       4482,        1,  3110400, 4f8c3ae3bffff0abda26f57b86e5c8c3
0,       4483,       4483,        1,  3110400, 4d4684cf16d0745d47d2fb4a4c8ab77b
0,       4484,       4484,        1,  3110400, 1b32bd5bfda9b6db4518a7e63d5651e8
0,       4485,       4485,        1,  3110400, dcc1b5d31f8070cb02a5384406daae49
0,       4486,       4486,        1,  3110400, 2233bb07fb7ade1b4b3de2e0aa06ee7f
0,       4487,       4487,        1,  3110400, 8ccfec61b966e20b47880a19d6958b54
0,       4488,       4488,        1,  3110400, d2a1b5c97e13db61f3a0e9a4e88f2784
0,       4489,       4489,        1,  3110400, a9448164fb4c97d5a165e9c97788fdef
0,       4490,       4490,        1,  3110400, 900c7c314656a5a74c35cddfb063ff35
0,       4491,       4491,        1,  3110400, b3040f52ba43d98dc33f73dae4a925e7
0,       4492,       4492,        1,  3110400, df8dbfbc2d8134c3ee415cee54b5706c
0,       4493,       4493,        1,  3110400, dec4ec92cb0dbd997a113bc40ab9a953
0,       4494,       4494,        1,  3110400, e66189b34ac31319393ae01bc6682198
0,       4495,       4495,        1,  3110400, 6934dea911b81a74c7ce2f6d0bb877a2
0,       4496,       4496,        1,  3110400, 7282c36afe5394de15e59163c6ecda31
0,       4497,       4497,        1,  3110400, 01bf5c17202b2da0e5c43dc3e0a1e463
0,       4498,       4498,        1,  3110400, d29577691a92225dbb47ce4c7dc00755
0,       4499,       4499,        1,  3110400, 43a61f737a345022825c28451e09f128
0,       4500,       4500,        1,  3110400, 811883488a4b03bb7056188cdde9e9ac
0,       4501,       4501,        1,  3110400, 635321c085595d6877bc6312bfcd83f6
0,       4502,       4502,        1,  3110400, fab955b6817831f2219c048329389d1f
0,       4503,       4503,        1,  3110400, 6f41a5a4196bff00e4201f655074206b
0,       4504,       4504,        1,  3110400, b7806d60bce2a292ea5bc5f240e941be
0,       4505,       4505,        1,  3110400, a0fa7aca4e5e06bfe95fc66056b54805
0,       4506,       4506,        1,  3110400, bf72c0f86c43ceb210bcedbbf704fe54
0,       4507,       4507,        1,  3110400, 8f77974444ad576be3efebed0683afc4
0,       4508,       4508,        1,  3110400, 5786a9aec63cb9547b1756af8a33e8dd
0,       4509,       4509,        1,  3110400, e2e024a04a7dab854c708997c0db2b79
0,       4510,       4510,        1,  3110400, 2361910b23ebd2289767d3a90ea71032
0,       4511,       4511,        1,  3110400, 38e6a5d4cb20da3cc75433a246aec20d
0,       4512,       4512,        1,  3110400, 0eb2d57976696441bf6b23cefbea7653
0,       4513,       4513,        1,  3110400, 51c55fa53a0b659c2fbd95f01207423d
0,       4514,       4514,        1,  3110400, d94ae474fe91770194f3c47f0d262829
0,       4515,       4515,        1,  3110400, 3898eed9c19b19f1e956c4aba8179260
0,       4516,       4516,        1,  3110400, 5db492e1f9d937c9483d4f785b29e2bb
0,       4517,       4517,        1,  3110400, 90b74be082727f061924b787a09bb4dd
0,       4518,       4518,        1,  3110400, de3e9bbe87645854c01733e13468db3b
0,       4519,       4519,        1,  3110400, baa470bf940a73c6d19beec3648d6e9d
0,       4520,       4520,        1,  3110400, f209d2f53dff5c494855499fd362427f
0,       4521,       4521,        1,  3110400, 5fe82de8643e8dd6abde380797ec6cfd
0,       4522,       4522,        1,  3110400, 9c6077825cd4aa9e17a07591459fef6e
0,       4523,       4523,        1,  3110400, b878d7a55dc47a2217117051bff8b076
0,       4524,       4524,        1,  3110400, da49041a68905fa8a300d3e4c38162fc
0,       4525,       4525,        1,  3110400, 681c82e836a4331fffd2773e7acafa45
0,       4526,       4526,        1,  3110400, aa96dfffaed014d03d957f22bdf6eb0a
0,       4527,       4527,        1,  3110400, c08eb641096bdbeb67d28fb3e0dd7cff
0,       4528,       4528,        1,  3110400, 00d40a7e78e79c024122c41adcf4b673
0,       4529,       4529,        1,  3110400, 59c9d7b5df96c51ac5ce38208c69af06
0,       4530,       4530,        1,  3110400, b8b730e2c678097121a6059e05c9d918
0,       4531,       4531,        1,  3110400, 32be368964275753a86e1d978f239889
0,       4532,       4532,        1,  3110400, 3730b49b8602d3f001ac09986e1e0f32
0,       4533,       4533,        1,  3110400, 180ed8f6c62f5341dc5eef50d23cc415
0,       4534,       4534,        1,  3110400, d118d2ebbc8d4f12623830ff9d4fa33b
0,       4535,       4535,        1,  3110400, f9c0f6eae9548b215b9cb763e569625c
0,       4536,       4536,        1,  3110400, 5d75c44a34ea556fd201986d5d29effd
0,       4537,       4537,        1,  3110400, 3a4fd64354e471a2cd92f8f054dc203f
0,       4538,       4538,        1,  3110400, 5a616aaa1d194b713eb06d3ead45a9ef
0,       4539,       4539,        1,  3110400, 0d20d266a4ebba181e7beb12c0a770a3
0,       4540,       4540,        1,  3110400, 8b61203b37c8a5a572e610544c27d40f
0,       4541,       4541,        1,  3110400, 8d4d81e19c9d6da27766c50a2a2f2859
0,       4542,       4542,        1,  3110400, 649ddebd566c97f7e369d8716baf9689
0,       4543,       4543,        1,  3110400, bb086c6a5bdbbcff251e7d584b69ef6c
0,       4544,       4544,        1,  3110400, 6124261028a612b7c49350e55c452ab7
0,       4545,       4545,        1,  3110400, 87f87036478204f82143381edf527c0f
0,       4546,       4546,        1,  3110400, b7ec003e9f6e16b03e168413f253aa50
0,       4547,       4547,        1,  3110400, aaf9b9f8e393b1e93c5feabd8588a13d
0,       4548,       4548,        1,  3110400, bb87fb3bc498342eab4c7d262cf9e7f8
0,       4549,       4549,        1,  3110400, 2aa5907f5fc0edfdc571c3809178e3f4
0,       4550,       4550,        1,  3110400, 94ea09c085215e01715e6599e8d759ac
0,       4551,       4551,        1,  3110400, 032f88fe14ef6c56126ed92fa965dbed
0,       4552,       4552,        1,  3110400, d67920d5b1be3ccd616a92e3274e3c17
0,       4553,       4553,        1,  3110400, 2094ed61a956950ac580709d10d32b30
0,       4554,       4554,        1,  3110400, 7c735b0ccd42f886ef6afd3169bb294b
0,       4555,       4555,        1,  3110400, 32a3e8c50ee0b385ac470202e77b1b5f
0,       4556,       4556,        1,  3110400, fe55f6129e66e7becebafc97da7ace73
0,       4557,       4557,        1,  3110400, 8fc0dfe6793189da89177e36577528d1
0,       4558,       4558,        1,  3110400, 61bc211f4f88f898748d172f1106c635
0,       4559,       4559,        1,  3110400, 49521b3eafa95b021f1d7166a2df624a
0,       4560,       4560,        1,  3110400, 81cbf63a55ed090b4cca12bd919b7edb
0,       4561,       4561,        1,  3110400, dd0033ef90b2da79d00f46fbdd353502
0,       4562,       4562,        1,  3110400, 022b77189b3dd45f765c9dd54463e954
0,       4563,       4563,        1,  3110400, f2e820c6df3232af45389faf16aac4fe
0,       4564,       4564,        1,  3110400, 189f989c67d3aa4270ffd24a9241414e
0,       4565,       4565,        1,  3110400, 2d430d475728f492595b7e7c61edbd68
0,       4566,       4566,        1,  3110400, bbbd46a9854f4227c38bde6913a0c0b3
0,       4567,       4567,        1,  3110400, df9391014e49a8d23b2407dd532ca7b1
0,       4568,       4568,        1,  3110400, f2c05a617497573140edf2b3a8cd9c74
0,       4569,       4569,        1,  3110400, 11b63547e362def5ef23fca81750c0ae
0,       4570,       4570,        1,  3110400, 67d808c443dff363820ca25d5cc58723
0,       4571,       4571,        1,  3110400, c162133759fd30a0c718676ea3cf5b5d
0,       4572,       4572,        1,  3110400, 6f8caf0c476f85d3d1f413357eba977b
0,       4573,       4573,        1,  3110400, 87046bd6477eb7ae204e690a377aec7b
0,       4574,       4574,        1,  3110400, ea298a15f77deb4024327f433448abca
0,       4575,       4575,        1,  3110400, 80bec6a7802338f192fa0636fc584cc0
0,       4576,       4576,        1,  3110400, 089ca325b1ed2775b511fd0418139d76
0,       4577,       4577,        1,  3110400, 3323e0cdb9682d04a81dc8593a0adbc2
0,       4578,       4578,        1,  3110400, 0cb6cb4de0d5e7ea0a57e847b993ec64
0,       4579,       4579,        1,  3110400, 798a842e8f974c64a136184ae496055b
0,       4580,       4580,        1,  3110400, 21987b44d248f9bbb5044deca19375a4
0,       4581,       4581,        1,  3110400, 4ea938fc096953d3c271bd1c59c14109
0,       4582,       4582,        1,  3110400, 0ce7d0c7e045b306ce61e1ea1efc1a0f
0,       4583,       4583,        1,  3110400, 672c00221a86385f383c190be683df2a
0,       4584,       4584,        1,  3110400, ee7c4dc1ceed6858cb2d40dcf0f9504a
0,       4585,       4585,        1,  3110400, 8542636e4c66583317d3f0e842fdeaa8
0,       4586,       4586,        1,  3110400, ca9c3c7507b57aa799aa66dc5fccc122
0,       4587,       4587,        1,  3110400, e16fba578b994b58244b3b35ffe44be5
0,       4588,       4588,        1,  3110400, 95fc3705f5e14daea9a5cd3d5e74917c
0,       4589,       4589,        1,  3110400, c8785acd3e8acbe99e433d6d20fea457
0,       4590,       4590,        1,  3110400, e2a2e91782791f24252dd39785528dad
0,       4591,       4591,        1,  3110400, 5979a41f4e14ac3a3c6a39fa3134900c
0,       4592,       4592,        1,  3110400, 2fc0aa58e0fe86516ba2c47cb717abe9
0,       4593,       4593,        1,  3110400, 045d51428c7b429176e34652695b475b
0,       4594,       4594,        1,  3110400, 822b868df75aad1c8fc68af560a2d764
0,       4595,       4595,        1,  3110400, 1145c4a1d8e717199f302a0d0f0e2936
0,       4596,       4596,        1,  3110400, 120d4b32400dfb65b594974ae0999744
0,       4597,       4597,        1,  3110400, 07b10fea396962976416442164328b28
0,       4598,       4598,        1,  3110400, ec1fb29ccdb6e19088b2297bbf3fbe8d
0,       4599,       4599,        1,  3110400, ac14f4eab8843647d8fa6aa54d8078e1
0,       4600,       4600,        1,  3110400, 1fb050593b74e73ff1c773c2911931f7
0,       4601,       4601,        1,  3110400, 02a1d7dbf86d1b576bf62b3d9c8b323f
0,       4602,       4602,        1,  3110400, 65b9c4af9d40f1a6e99cde3f1f69bdc4
0,       4603,       4603,        1,  3110400, 0f0eda53faf7e281bcd74efeda034692
0,       4604,       4604,        1,  3110400, f475e1b654f6518553e7fcc7899609c9
0,       4605,       4605,        1,  3110400, bfb0d32cfad746a7e8bd63357342fc3d
0,       4606,       4606,        1,  3110400, 9ec01d44f3c5beee1344994d6b962838
0,       4607,       4607,        1,  3110400, 91eff80569920fdf22e65685935d37ce
0,       4608,       4608,        1,  3110400, a9b39bafdf3ee282e9e12a6a3c357806
0,       4609,       4609,        1,  3110400, c26073cfa38db63df749093bab81930f
0,       4610,       4610,        1,  3110400, bb8e35bc6c7fd33253ba9d76d99bc295
0,       4611,       4611,        1,  3110400, 3fae2c3c62828a1286fa0a0c13a12998
0,       4612,       4612,        1,  3110400, bed5ac36bef0c862b4307398e0e0875a
0,       4613,       4613,        1,  3110400, 83c81f98ca63a9d3f94268594a9d5bb9
0,       4614,       4614,        1,  3110400, a81999ab3bebe1e461291825330ccd87
0,       4615,       4615,        1,  3110400, d33a05f0de501ff80d12669b7812fa2f
0,       4616,       4616,        1,  3110400, d3e272e2802942d0bb9d8fe56a1918ff
0,       4617,       4617,        1,  3110400, ad9b6634dd7912c1dfd6c51adf19c12d
0,       4618,       4618,        1,  3110400, c586fffd5d5b0abf06aaae0dc4652ef7
0,       4619,       4619,        1,  3110400, fee974bbc4911f1480e0c3c30c255f59
0,       4620,       4620,        1,  3110400, ab7ccfd4c9480da5e9a52999e4ebf098
0,       4621,       4621,        1,  3110400, b63d06e20a832f66cb5e64401528f05e
0,       4622,       4622,        1,  3110400, 0009d0ce11fa9b42f0ae7a07ec4beaf8
0,       4623,       4623,        1,  3110400, c92ddd9e83bfae763efcc1df28c772a9
0,       4624,       4624,        1,  3110400, 191c03054eb3683fdefddcd6fb5bdad7
0,       4625,       4625,        1,  3110400, 08b4569546513b090884f944dabca1b3
0,       4626,       4626,        1,  3110400, ce802aa81d63f4834ffc6d74ac7c1653
0,       4627,       4627,        1,  3110400, 12dfa82aaab9442593c859fcfd964566
0,       4628,       4628,        1,  3110400, 7b790c24353ef1cd2dd9f4d551460a39
0,       4629,       4629,        1,  3110400, 2454257868501db51bb9584b909f0645
0,       4630,       4630,        1,  3110400, a6b64de1a35542f8c599583628afe7b9
0,       4631,       4631,        1,  3110400, 3e689dfa80e26f1be0185a385d9290ad
0,       4632,       4632,        1,  3110400, 0fd176616a316e68d4f73970b27789b2
0,       4633,       4633,        1,  3110400, 896ae5490703d70f6f4848e94443a393
0,       4634,       4634,        1,  3110400, 23917abbf73a0f8e4924c5dedc4aac24
0,       4635,       4635,        1,  3110400, cf4da1d35223c77bdb3e0849a9e7d221
0,       4636,       4636,        1,  3110400, 2f9d41a0ef84425804e85c9fbf006cdd
0,       4637,       4637,        1,  3110400, c7cf891a632e08fc03dcb70a81e93ae4
0,       4638,       4638,        1,  3110400, 51e9251a8fc5c335f99838d5f90accc7
0,       4639,       4639,        1,  3110400, 2697c7f2a8930893ac407ed005f84151
0,       4640,       4640,        1,  3110400, 176e5b9c7eeca01efc2f87a1aa060c0d
0,       4641,       4641,        1,  3110400, bc8e2ec33fbc8928d25f75df1f39ca19
0,       4642,       4642,        1,  3110400, fc3fcd62098961845f4ad0ee4910e443
0,       4643,       4643,        1,  3110400, 92d221df1af0b282fa5bf4778cefd89c
0,       4644,       4644,        1,  3110400, 71da71b49f3f885fd3f9fe33061065e9
0,       4645,       4645,        1,  3110400, b92683fc049df56376ec8d35cca1c983
0,       4646,       4646,        1,  3110400, ba1d2eb78773017ff1c88800c59fd6cb
0,       4647,       4647,        1,  3110400, 774113daf6130bfdaeae49768c83476c
0,       4648,       4648,        1,  3110400, 4a042644ae1d0e30677d23eb3fce3a7a
0,       4649,       4649,        1,  3110400, b76c5d6a933ea31db8d6f7fdaa8111ea
0,       4650,       4650,        1,  3110400, 3527e7c9bee498acfc2833e0aee15652
0,       4651,       4651,        1,  3110400, 4781f28fe85d43b185e518897e3bde64
0,       4652,       4652,        1,  3110400, 125c5d029f71d73c99b9c197c217d73e
0,       4653,       4653,        1,  3110400, 42db606edaf2f7944421d47ccc9e5c8f
0,       4654,       4654,        1,  3110400, a5a67f4b8bcbd97d6351e92dc2f6ca3b
0,       4655,       4655,        1,  3110400, 0a3d03c2c4181e8f0eff0486c96b55f6
0,       4656,       4656,        1,  3110400, f40ba76610e6ec634ccb2546747457fa
0,       4657,       4657,        1,  3110400, 9199376c04c909763d565bc1405d9d7c
0,       4658,       4658,        1,  3110400, fbeb37136e4e027a96addbf05325662f
0,       4659,       4659,        1,  3110400, 063f1e882513ff2b48220c24c79d7bd4
0,       4660,       4660,        1,  3110400, 17120d3c375e9f230a609110c0a2f3e8
0,       4661,       4661,        1,  3110400, 50183121ed5f5ce09cfcbe5a7ed2f1d2
0,       4662,       4662,        1,  3110400, fbdf0fdb34c4fd7ecffe415556e16cc8
0,       4663,       4663,        1,  3110400, efdf8c673b42777130fbe5263190e393
0,       4664,       4664,        1,  3110400, b295b426137f5687cdcccbd08494faeb
0,       4665,       4665,        1,  3110400, 03ab97a5bf03a3c552c3b2d56f8bb8e2
0,       4666,       4666,        1,  3110400, ddf1461c04fe35bcd63e0241c408b513
0,       4667,       4667,        1,  3110400, ffc96a2ff28d3c889b5a8d15b2c2ccbe
0,       4668,       4668,        1,  3110400, 84d076f2ec2c0e492b36efac4d43a9f1
0,       4669,       4669,        1,  3110400, a8d3628323e8dbcafb37ebef1697222e
0,       4670,       4670,        1,  3110400, 08f081a4c1f17ad1a74472f229d480b6
0,       4671,       4671,        1,  3110400, a5516ff22a0515c6c58fbad2a3e90a5e
0,       4672,       4672,        1,  3110400, 542aad1ec23ca2dcdc4d54d3e36a0cb4
0,       4673,       4673,        1,  3110400, 39bfb7bb9036ea8e3a9dae0b51cb1aaa
0,       4674,       4674,        1,  3110400, 2078bcdb519e9d1f2b8239af93c5ebd2
0,       4675,       4675,        1,  3110400, 21fb1b0ffedebb934113a4d3e861de11
0,       4676,       4676,        1,  3110400, a7ec6646a0ec8c9a88858d806a518e1c
0,       4677,       4677,        1,  3110400, 78011e9d8e2c44805092d5dba1e8c5e0
0,       4678,       4678,        1,  3110400, 9649a17b22d88c4e73f7d0cb125522a3
0,       4679,       4679,        1,  3110400, bec69256b635a221d67e349b200662a6
0,       4680,       4680,        1,  3110400, 6d6e97e3d97f04ec1e80a2705f8a66cd
0,       4681,       4681,        1,  3110400, 2b66f14b3b9a0398788651d6076b0884
0,       4682,       4682,        1,  3110400, d15db8cb2df616a692bef4dcac3c49da
0,       4683,       4683,        1,  3110400, 0ded7bbf739104a7bdc1e9fb1f1f1f4c
0,       4684,       4684,        1,  3110400, 775a6d290dc5418aaf5519c28753bbe5
0,       4685,       4685,        1,  3110400, 4f84e76134cb41ad1b0e4ac8b1be760b
0,       4686,       4686,        1,  3110400, 28e9db2b54a7dba8df38793ad4f426bd
0,       4687,       4687,        1,  3110400, 96421d0f6bfcc7773c928e601ce1087c
0,       4688,       4688,        1,  3110400, fa8fad1b203de28cd08f4c57c07d2ea1
0,       4689,       4689,        1,  3110400, 8c4bca1bc8ed0c5404157351ac5333fb
0,       4690,       4690,        1,  3110400, 344b309c1981b756c505a2ff34c2843c
0,       4691,       4691,        1,  3110400, 731fb9a1faf2e1cd7db2aece2146df8c
0,       4692,       4692,        1,  3110400, cef2e74858637faaac8d8b2521c1fa12
0,       4693,       4693,        1,  3110400, f956a217fbd06dfc6f4124385bfec860
0,       4694,       4694,        1,  3110400, e21c2df3daee27dfec6830cfbd72ca54
0,       4695,       4695,        1,  3110400, 399b1972d4544236663cc37204676dda
0,       4696,       4696,        1,  3110400, 00d9ee04443d0519a9df92f961f837a8
0,       4697,       4697,        1,  3110400, bdbdda3aa16c5b9233646492dc5f4df2
0,       4698,       4698,        1,  3110400, f7a8edecff81cac89b0e5f9aeae7022f
0,       4699,       4699,        1,  3110400, d5cdd7f5061a94e9c6172cf827e101dc
0,       4700,       4700,        1,  3110400, c74bec1eca7f8f0c2ed128d7efd0a9b4
0,       4701,       4701,        1,  3110400, 99c711062e1f13fad277a9ba7bcc51c9
0,       4702,       4702,        1,  3110400, dc342d2d37a46c2eca11df1aed335a81
0,       4703,       4703,        1,  3110400, 442292c97c8e559102a480e654bd3e65
0,       4704,       4704,        1,  3110400, 6ad277bf561f9032de5cc73bf3d031d6
0,       4705,       4705,        1,  3110400, 86796b119fc6a8505742e97bbf44914d
0,       4706,       4706,        1,  3110400, aea122c47b3239ca35b9bc0ecbb7e197
0,       4707,       4707,        1,  3110400, 1a746392f1502eb0f63113504e9ff38d
0,       4708,       4708,        1,  3110400, 169afe45cb49ea6300cede9057f6808c
0,       4709,       4709,        1,  3110400, 1ad76aab5634f76c9c9da34adb7fd016
0,       4710,       4710,        1,  3110400, 3b834b834a3fc157a63336bfbd6b27fe
0,       4711,       4711,        1,  3110400, 93821a92755f453c287869993919803a
0,       4712,       4712,        1,  3110400, 2241577c5af0bfca49b35ddfa06d946e
0,       4713,       4713,        1,  3110400, 494f02424b096528e1e340d82064cbf2
0,       4714,       4714,        1,  3110400, 57c238b38b3cf45d0b359d8103701acf
0,       4715,       4715,        1,  3110400, 695ce57fc976f0c26d5b39c13a0625c4
0,       4716,       4716,        1,  3110400, 24be4beb5e3f1828fa26bdf37ac8b35f
0,       4717,       4717,        1,  3110400, 5aaa7de245e9eeed158ab8ba6dbbf0d7
0,       4718,       4718,        1,  3110400, 710053949348bd0603b0773bcf7c073f
0,       4719,       4719,        1,  3110400, 0ede7b1395162a9b8634d991c9295cc6
0,       4720,       4720,        1,  3110400, 8d5dfb8f5b9820c08ea71931fbd4d8af
0,       4721,       4721,        1,  3110400, f36ad9792c0ef1df0e9adc2e703b23a1
0,       4722,       4722,        1,  3110400, b11bd33c26fc8a9df1da2b2b821cc502
0,       4723,       4723,        1,  3110400, 8f9a3bade885624a1d472190e8adf70a
0,       4724,       4724,        1,  3110400, 746dbcc432efda20d0975d29f815295c
0,       4725,       4725,        1,  3110400, af615c353a9ef14c127f440971c31ad4
0,       4726,       4726,        1,  3110400, 503014aea9f48fdc73b7ba5667f32c15
0,       4727,       4727,        1,  3110400, 80140a05cf5fb7530d0b53dcacbe5b3c
0,       4728,       4728,        1,  3110400, e71c6c6e755d4e0b42cd2533f8ce94e2
0,       4729,       4729,        1,  3110400, e93a19040fc95a1899bf5c8cf2c860fa
0,       4730,       4730,        1,  3110400, 8c688553d0946aefefe10978dfdc9c40
0,       4731,       4731,        1,  3110400, ed9e4ff21d4673422ee67cb3119cc1ca
0,       4732,       4732,        1,  3110400, 107a056c57c0c9de5be6d5270531a7c8
0,       4733,       4733,        1,  3110400, 7e10ad646d31a96b3c4076e5b64deeba
0,       4734,       4734,        1,  3110400, 443bc0ba1503d7c4800d0f9c2add930e
0,       4735,       4735,        1,  3110400, 164f75824a2871d83032f9515ab742f6
0,       4736,       4736,        1,  3110400, d0688715151d31f6e912e733a6cab04d
0,       4737,       4737,        1,  3110400, 59beee8f313f570fa6f2f8b0f2221d01
0,       4738,       4738,        1,  3110400, ed8b4fd495829657030ef57c6ebe5628
0,       4739,       4739,        1,  3110400, 5dedee2bc716dac342860d654bfb0b25
0,       4740,       4740,        1,  3110400, 2ff53b1c2924861c9acdfc2de31c4b4b
0,       4741,       4741,        1,  3110400, b9737147737ad9566d61b42edf87c943
0,       4742,       4742,        1,  3110400, bc251987c01d6d99910dca4eabede1f1
0,       4743,       4743,        1,  3110400, 7ef0288df79df10cf88fae17da56cd28
0,       4744,       4744,        1,  3110400, bd82789d2f4e6e27450704d20fee6e78
0,       4745,       4745,        1,  3110400, 4f32f720033f47c891aa5f0d917cb35e
0,       4746,       4746,        1,  3110400, 7aa3e2bad7d55933a75debb435a1227f
0,       4747,       4747,        1,  3110400, a95dd3ab68eff874ae731d2a7d942e66
0,       4748,       4748,        1,  3110400, 36ab781025fda923c2ae744b1d39abe4
0,       4749,       4749,        1,  3110400, 39d40377c88358475ed5fcbf67e1c6bc
0,       4750,       4750,        1,  3110400, 7d908849cc9f71cdb1efbfa504183750
0,       4751,       4751,        1,  3110400, 37cd90063e100879bdcda8e01543a1e3
0,       4752,       4752,        1,  3110400, 05c610861d1e0b42e26901988f09785f
0,       4753,       4753,        1,  3110400, ad7ea86b904b827a925f2dd33d40ec1d
0,       4754,       4754,        1,  3110400, a624ccd61f240f16a240b895fa6b7832
0,       4755,       4755,        1,  3110400, 1412abfc5fad80af0f369b0771b032fe
0,       4756,       4756,        1,  3110400, 08b087cdf14a5d0568df59c2daa1ece2
0,       4757,       4757,        1,  3110400, 9a4c92d98f92fac0c5f9f8c41554935a
0,       4758,       4758,        1,  3110400, cc760f8b73098d1d575e840fcada1475
0,       4759,       4759,        1,  3110400, b5db521aa1fa72e1b022b88f2f72f69e
0,       4760,       4760,        1,  3110400, 7dd411f2ed9dbc734917d33ae8569884
0,       4761,       4761,        1,  3110400, 299923a3f360f4911ae27f257fc58412
0,       4762,       4762,        1,  3110400, ba88d7279ac0da7617f1a736aa24b12f
0,       4763,       4763,        1,  3110400, 08c037e5461eafbddc3e99a0f784f025
0,       4764,       4764,        1,  3110400, 7c4023a8bedcf0ad6bdce4f3334ed641
0,       4765,       4765,        1,  3110400, a28ddfd7e172701cf5959837998563a8
0,       4766,       4766,        1,  3110400, 91c7d0d111b12a8dc9c6f49d72ca510c
0,       4767,       4767,        1,  3110400, 1d304bf2e0b11956e0a683459e703d2c
0,       4768,       4768,        1,  3110400, fb8de04b2df89755df4408aa71d24586
0,       4769,       4769,        1,  3110400, cce6386dd17e10e4d518c67f2fb8ce7d
0,       4770,       4770,        1,  3110400, 37bc0e998a506e2648db714bcca460ae
0,       4771,       4771,        1,  3110400, fc65354d768768d26cd21b949bd6ac8f
0,       4772,       4772,        1,  3110400, 9d20e30558802b408fbb57b1a57025e4
0,       4773,       4773,        1,  3110400, ee35ffbad470403bf636e5a87428199f
0,       4774,       4774,        1,  3110400, d9d24e374addf16524f24b1241fda665
0,       4775,       4775,        1,  3110400, f8faea4d8124ca2a3fb1dbef5152add4
0,       4776,       4776,        1,  3110400, 002461687fdfc64c5fed75a317ac5ac8
0,       4777,       4777,        1,  3110400, da5995f2e773931890f651de8225616a
0,       4778,       4778,        1,  3110400, 4afd547a10d3f1d8191f16185244fad3
0,       4779,       4779,        1,  3110400, 79beb5b29310b34d63cda24788957633
0,       4780,       4780,        1,  3110400, 1e27bc9f14e004ad7d3cc67c0619c588
0,       4781,       4781,        1,  3110400, 56f26a12e93013b15bd6b881c03f3781
0,       4782,       4782,        1,  3110400, d6ec902231eb9fe90f3c1abb49d3e8bd
0,       4783,       4783,        1,  3110400, 6c8d092bef1411a09d2e6bea24052538
0,       4784,       4784,        1,  3110400, 6317d222227747c68e7c7b33cd338d57
0,       4785,       4785,        1,  3110400, f7a2950c120b8d0c1d086dd14ddb2228
0,       4786,       4786,        1,  3110400, eb6272d43eeca25591fbc5942d697571
0,       4787,       4787,        1,  3110400, e90125d23f9ad519072bc5b936951c0d
0,       4788,       4788,        1,  3110400, 4c4fa99af30e5574e6811046a4ba6037
0,       4789,       4789,        1,  3110400, 64efc38d1bd6de1e718686618fa8e179
0,       4790,       4790,        1,  3110400, 1ce690e0e8315cc6ebb9c987e5ffad17
0,       4791,       4791,        1,  3110400, ea59dd952a9090c83578e3bff9dceda4
0,       4792,       4792,        1,  3110400, eda7efe82ed3d626c07ff0fe8d8c11c4
0,       4793,       4793,        1,  3110400, fa67c9e2e06331c943671a70960343b7
0,       4794,       4794,        1,  3110400, cf852338a63cf6c6cf3349b653fbd035
0,       4795,       4795,        1,  3110400, 7481855710a217b69af577d1e18251a6
0,       4796,       4796,        1,  3110400, aba0bca26fb1b6bed6d82079aacf1603
0,       4797,       4797,        1,  3110400, d7b1904d0d17100a118ed300c10e1a06
0,       4798,       4798,        1,  3110400, 151c372d1669b422988b7d1770f2188d
0,       4799,       4799,        1,  3110400, b14c7f839bb90fd162e1137682f89833
0,       4800,       4800,        1,  3110400, f6affbfee233dd690ed96f5e5616b6a5
0,       4801,       4801,        1,  3110400, d22b46f41f66f76f238889108f6e43eb
0,       4802,       4802,        1,  3110400, 422353afe4db6cf28004026d69aab70e
0,       4803,       4803,        1,  3110400, 471d83f803ac4ddfbfdbcb769cc7ab3b
0,       4804,       4804,        1,  3110400, 14aa175b418683aff4f8683e848775f2
0,       4805,       4805,        1,  3110400, 4a0318d0172d8b5bf88c99b3e290eeb3
0,       4806,       4806,        1,  3110400, 846a56cc4f21050d711eabe8bdf638ce
0,       4807,       4807,        1,  3110400, efae0e47ce259175eb8755d73c2f9d5d
0,       4808,       4808,        1,  3110400, 0bb2c2d1e71494cae642968c4107e702
0,       4809,       4809,        1,  3110400, b4097b4fa4af67bbde705e81df9ef617
0,       4810,       4810,        1,  3110400, c3e8ffaf0aa4b5e4f3451ab05cccccc0
0,       4811,       4811,        1,  3110400, de39afa34f8ef99f6878a0c9cb0b102e
0,       4812,       4812,        1,  3110400, 53440424475c68b504aa1e01ad32ff87
0,       4813,       4813,        1,  3110400, ab2f67a04df1d5fa74f732e2f2814325
0,       4814,       4814,        1,  3110400, 233a9f4030184aab6dee2e92bb5fed1a
0,       4815,       4815,        1,  3110400, aa7db164dd13208de725e53a1b9a1fe1
0,       4816,       4816,        1,  3110400, 9782c1abf61da9a4e6d7edac821eb6a4
0,       4817,       4817,        1,  3110400, cc502ec032b50dd0997b3eca46789914
0,       4818,       4818,        1,  3110400, 285e381009f57f58284f4c4a4f8657b9
0,       4819,       4819,        1,  3110400, 7654f7dee576126df9ac0c9e91314c7e
0,       4820,       4820,        1,  3110400, e589c5680d09d1112657d755a7dfb161
0,       4821,       4821,        1,  3110400, 89120b98c7e8670c0d00a347fc760234
0,       4822,       4822,        1,  3110400, 100850b5666148f2e92cbf5192ade685
0,       4823,       4823,        1,  3110400, 44349d1fced7150cb6f8a0ed1450ac93
0,       4824,       4824,        1,  3110400, 7acb055577be6ae65f897697a3b5b5fb
0,       4825,       4825,        1,  3110400, 4fbdac74e11a939bed8f9a6643f16685
0,       4826,       4826,        1,  3110400, 6a7c33d1919f4a222a6e3ab6d07e63b4
0,       4827,       4827,        1,  3110400, 4e4c263681466b6eb53c4cea4b48921a
0,       4828,       4828,        1,  3110400, d15275bf7df4b81430ddf33cfe671787
0,       4829,       4829,        1,  3110400, ea6c955ea273ee262de44bed2935b82d
0,       4830,       4830,        1,  3110400, 3f97ad711ce5b1d09e9de4343f9ce762
0,       4831,       4831,        1,  3110400, 7f6f02274db349e3d21b61c42e21a34c
0,       4832,       4832,        1,  3110400, ba2c147501185da3a4ed7aabeee57184
0,       4833,       4833,        1,  3110400, 15a78bf298757a19a1ab8222ce0adb70
0,       4834,       4834,        1,  3110400, bd1e337f9cc084eac2a7e8cf1f132fe4
0,       4835,       4835,        1,  3110400, 6b9415cad2434acdeb0fe2e87187507b
0,       4836,       4836,        1,  3110400, ad8a0bbc5e82d67931d56b56962c5083
0,       4837,       4837,        1,  3110400, 2cb997b1b19dcb53a1dd3720940d5a67
0,       4838,       4838,        1,  3110400, 31f465e1ee7d93fed04814a3a3406488
0,       4839,       4839,        1,  3110400, 6186c18b4edbd18d67f9847c51c0938d
0,       4840,       4840,        1,  3110400, a7aef1067580b94be63e64f3fd5da7f2
0,       4841,       4841,        1,  3110400, ffd6bf20fb32d301ecc83a24582ebb09
0,       4842,       4842,        1,  3110400, bbec2e8162aa6556abd467b4749c7b8a
0,       4843,       4843,        1,  3110400, 148eeec0a56757000b88e484b93a6c06
0,       4844,       4844,        1,  3110400, e55bdbba2e0f4698a3a800e8e74ad798
0,       4845,       4845,        1,  3110400, a10eba61e3cfe7b645e28a5914134582
0,       4846,       4846,        1,  3110400, 9d924688a7f2f115e2ade3c69c29f9ea
0,       4847,       4847,        1,  3110400, a4272ba3b939cb96aa201eb4896a1379
0,       4848,       4848,        1,  3110400, b32abedfa6eebc949cce684b2a8f9e4a
0,       4849,       4849,        1,  3110400, 1971742ca1251f34fb081f0d8fcf98a6
0,       4850,       4850,        1,  3110400, c5adc482caabca6dff4ec500a0cd3447
0,       4851,       4851,        1,  3110400, 1a914029bc0fcc8ede0f998eb164da50
0,       4852,       4852,        1,  3110400, 1943931f9d7451f5ccd3496145582763
0,       4853,       4853,        1,  3110400, 3b2365ebc1d8cade8357119d029e6f9f
0,       4854,       4854,        1,  3110400, 7331ba4521140a7801565891490bfc35
0,       4855,       4855,        1,  3110400, 5669862b795e4d965582ad73544293a9
0,       4856,       4856,        1,  3110400, ee65de5ef9c840a8ac65f1782a1bf1c1
0,       4857,       4857,        1,  3110400, 35b219baa8c1df23e09c3598fd65a8d7
0,       4858,       4858,        1,  3110400, 19f8f30f6971c70f5c6e12004a421d4b
0,       4859,       4859,        1,  3110400, 1958f1ba833df6a87c023c7b6ed8a415
0,       4860,       4860,        1,  3110400, 20defcab2af0d4e100c1cc4f90992366
0,       4861,       4861,        1,  3110400, 0cadd2de56732d421389dcda97599366
0,       4862,       4862,        1,  3110400, dc2010b88ac02395c191d9fa5b2b8586
0,       4863,       4863,        1,  3110400, 6aeaa0c61921d9f7238df7478f4fa036
0,       4864,       4864,        1,  3110400, 77ceb29e4898a6a6cf65f20ca417db56
0,       4865,       4865,        1,  3110400, ef86c5d415b68009c741176c97ba4d43
0,       4866,       4866,        1,  3110400, 1a0b7429e031954ed1e44733d469b172
0,       4867,       4867,        1,  3110400, e4b2e7882265de634a4aeea9b23433ca
0,       4868,       4868,        1,  3110400, ca7bd1a1a916990a75fa3733ef5b7d51
0,       4869,       4869,        1,  3110400, 3acdc41d3511859a71e5b35905323dac
0,       4870,       4870,        1,  3110400, 091808fa5cdb0f9ef41be6a5b2a099eb
0,       4871,       4871,        1,  3110400, d20b2ecb76246c802f630fe412065fe5
0,       4872,       4872,        1,  3110400, decf7d71fc34fd6491532b58b8237979
0,       4873,       4873,        1,  3110400, 4f9afc4bc446ad6b5a202eb9cd7a284e
0,       4874,       4874,        1,  3110400, 46bf01239f84657206dcfd137840040e
0,       4875,       4875,        1,  3110400, 4df7d3b522abe8b29fd1bc8f50b9aceb
0,       4876,       4876,        1,  3110400, d96d19bba44b9810b57e8fb5c0b90b06
0,       4877,       4877,        1,  3110400, e663f37357a70ca55ecc40107c170c82
0,       4878,       4878,        1,  3110400, fe07ad14a06b4d8f55b702cd387a0e2b
0,       4879,       4879,        1,  3110400, e6514631edbc171d6a8d26b25b140971
0,       4880,       4880,        1,  3110400, 27811f5f8702cbb1c1201553ca24bcd8
0,       4881,       4881,        1,  3110400, a8002761036b2bc57e27a853e5f98034
0,       4882,       4882,        1,  3110400, eada6f8f50f1be33665dc5576a05ae91
0,       4883,       4883,        1,  3110400, 2dcf6b195fa19808e63e672de173575b
0,       4884,       4884,        1,  3110400, 38836360f6ad182b4acbf5362fda4831
0,       4885,       4885,        1,  3110400, e0411b736de27e962a5c93927797ed6f
0,       4886,       4886,        1,  3110400, 958202f2f09e88faa419418d2641c9e8
0,       4887,       4887,        1,  3110400, 5fc4700c246ecf11de6d74e366d5346a
0,       4888,       4888,        1,  3110400, 224b2e2ffd89a2c308c22be3763c0ccd
0,       4889,       4889,        1,  3110400, ab55c48fe172ebd6a530230b9432dffb
0,       4890,       4890,        1,  3110400, a91a91c763b506fae6361c9227b99b19
0,       4891,       4891,        1,  3110400, 8cb8b4bcdc68ef8ced613aff243ea074
0,       4892,       4892,        1,  3110400, 0b393850bce632f02935460af41ad0bd
0,       4893,       4893,        1,  3110400, 9d6912ec28113557eed7aef71859ca8f
0,       4894,       4894,        1,  3110400, 9fa2f1979931bb5339bc003ccdbacd11
0,       4895,       4895,        1,  3110400, 93c9892e2ee1dcc024b2ab7bee15e55b
0,       4896,       4896,        1,  3110400, c132c0a948e7a83892833ed1d0126d0d
0,       4897,       4897,        1,  3110400, eaeafdf4e27e8a91c66ef5a45e9ec5a1
0,       4898,       4898,        1,  3110400, 542fd2d227f05b5e81607217f3be4cb9
0,       4899,       4899,        1,  3110400, 4f65f6c5f05f2004afc1db8ab8f12f42
0,       4900,       4900,        1,  3110400, 806cb1f9198b33442de0aac6453989fd
0,       4901,       4901,        1,  3110400, 9fa3ba437462ff2c70d893e2ab062929
0,       4902,       4902,        1,  3110400, ab5b30d1314a6974c78b53adcba188ee
0,       4903,       4903,        1,  3110400, f6b71b5d97795f88c6202ce39469cfee
0,       4904,       4904,        1,  3110400, 8480f7f82dbd4e3403231143fd1caa08
0,       4905,       4905,        1,  3110400, b8b6b01039a7d2e50d5f819ae89a7e91
0,       4906,       4906,        1,  3110400, a4761cd461603ad3662eb7f237f317d1
0,       4907,       4907,        1,  3110400, 2e29d8442f3867497ad5896e85fa84dd
0,       4908,       4908,        1,  3110400, f77377fbc5502f8a68236821713adfd6
0,       4909,       4909,        1,  3110400, bdf4b8507315b647628af9a16ce834db
0,       4910,       4910,        1,  3110400, 084234b1c919de5d5fee434973d431da
0,       4911,       4911,        1,  3110400, c40915f42cfe7bd2d7940caa1dc8ac22
0,       4912,       4912,        1,  3110400, 2760501b1b03199631a68d26c583fa01
0,       4913,       4913,        1,  3110400, 5bf18662c1e483477624c0071ac30b38
0,       4914,       4914,        1,  3110400, e3742c4fc5339c650271826b78f13faf
0,       4915,       4915,        1,  3110400, afb1f2f4855b9adea0b7f5f563f64af7
0,       4916,       4916,        1,  3110400, 87fe7b87fa53641dabba917ca193efb4
0,       4917,       4917,        1,  3110400, e16a378ee3c9914904524f19934b5bef
0,       4918,       4918,        1,  3110400, ca73cc96b36615269cd7ca7d1bd677dd
0,       4919,       4919,        1,  3110400, d9c764fe5078655c799127522ec17497
0,       4920,       4920,        1,  3110400, e37ecf0f731203f8fbb32a64254a6205
0,       4921,       4921,        1,  3110400, e88415c1545d9df3fcc48c814b94e8f4
0,       4922,       4922,        1,  3110400, 3639310ca38ed9cfbc34c5c499bb228c
0,       4923,       4923,        1,  3110400, 46e2645128659ac2092daa71132249c4
0,       4924,       4924,        1,  3110400, d160ca2000dc509573a03095002d6200
0,       4925,       4925,        1,  3110400, ae19469e8dba542e029eb7102d09f6ca
0,       4926,       4926,        1,  3110400, 5f9c8c67576bcc76bdedc8abbe8b8b92
0,       4927,       4927,        1,  3110400, 6f6562e7bb33f66eab3104990f91f064
0,       4928,       4928,        1,  3110400, 75604c885cee5d9f15faf8fe816c7d34
0,       4929,       4929,        1,  3110400, f2c9ac9313caf41ea4c37bb00595eb29
0,       4930,       4930,        1,  3110400, c4f6385bea35b39afda154d0e00e5080
0,       4931,       4931,        1,  3110400, dbc0ce0ce00ae6b59f3d1338c5be6294
0,       4932,       4932,        1,  3110400, 461911c097dc87292c41542436318ef8
0,       4933,       4933,        1,  3110400, cb85c7bf032ad0349711d97fbae5af38
0,       4934,       4934,        1,  3110400, 38f45257a3b188de35c731082b717576
0,       4935,       4935,        1,  3110400, d8fe4c52235689acd33515449b144020
0,       4936,       4936,        1,  3110400, 185b12ba9bd1a304ca0a4902814b45c0
0,       4937,       4937,        1,  3110400, 186bfd25e759e7cd3837cb61cc7b8689
0,       4938,       4938,        1,  3110400, ed26516a04bc67c78512384b22ccf686
0,       4939,       4939,        1,  3110400, 0f7632bb9b428dc0b495ba196183b6ff
0,       4940,       4940,        1,  3110400, aad80a9546493ff650e6cbd351908f81
0,       4941,       4941,        1,  3110400, 1441544a5a0efd536fdd51a05e7e34db
0,       4942,       4942,        1,  3110400, 54edc587d2ff8ca6f134edff7bcbf615
0,       4943,       4943,        1,  3110400, e13884dc861cccbe4f7359a50c17387b
0,       4944,       4944,        1,  3110400, 51f07fe0753f9ccf29840cec24e25f4d
0,       4945,       4945,        1,  3110400, 2a2dd7f5e45296359a19112982770aa8
0,       4946,       4946,        1,  3110400, 1eef8e8df8909b4b5f956e3598fcdc5c
0,       4947,       4947,        1,  3110400, 346f94a47d7d4fa63a2f88d3ad54e06f
0,       4948,       4948,        1,  3110400, 04aa17bd7cf42763feed5d204ccfc315
0,       4949,       4949,        1,  3110400, 3cca1d9e28bf55d5b807643c5a31c88e
0,       4950,       4950,        1,  3110400, cf41446514a505986be03755d14712e1
0,       4951,       4951,        1,  3110400, 2d69ceb5dce274d05a06bf81e4051a12
0,       4952,       4952,        1,  3110400, 48fbba464d8e53acd11d14d3b5537a52
0,       4953,       4953,        1,  3110400, 4b95859c7b84a7b93759c334c0138a21
0,       4954,       4954,        1,  3110400, cadee13a97d47e853db1956db2f57c24
0,       4955,       4955,        1,  3110400, 4f0cb90e680e52b7902d686214a50342
0,       4956,       4956,        1,  3110400, f9cd514cfae6cafaa0d4605108ad65e6
0,       4957,       4957,        1,  3110400, 5bccea3e1ce6962d85c992f2eb22d091
0,       4958,       4958,        1,  3110400, 2cde22ae7315e6d2a3e6586d4f332121
0,       4959,       4959,        1,  3110400, 4ad7f427064cfaacde11f0213c1c315a
0,       4960,       4960,        1,  3110400, 39553f7e067ed5275bfd18508050270e
0,       4961,       4961,        1,  3110400, 08a20ab440a7bd00466fc4f43b2be55c
0,       4962,       4962,        1,  3110400, 8193ae7792a7d60f980d0faf5816a421
0,       4963,       4963,        1,  3110400, abb41a4aa8529f2af659703df035ac1d
0,       4964,       4964,        1,  3110400, 63a9a5a27fdab37197044f123c43bcfb
0,       4965,       4965,        1,  3110400, 4aaf9d3d16c85f0554b0e4c6a85ebadf
0,       4966,       4966,        1,  3110400, d745eef3a63b5ba774b564fb7d904542
0,       4967,       4967,        1,  3110400, 152753a84d8e45714863ed9156d4d87d
0,       4968,       4968,        1,  3110400, c7fc773c2e4bcf33a2d98a977ae16ab3
0,       4969,       4969,        1,  3110400, cfd070f6f2dcd9813a208d7e00d5eb88
0,       4970,       4970,        1,  3110400, b9aedbe088ef374510adcf559ab03607
0,       4971,       4971,        1,  3110400, ec904313935de60d21a6a24c64cf7ba3
0,       4972,       4972,        1,  3110400, 2b357dad1037f7c0eb86015c8f14fe1b
0,       4973,       4973,        1,  3110400, f1aa3b80492f94f3baea61c947ec5268
0,       4974,       4974,        1,  3110400, 5145c459435310413d3b545489352854
0,       4975,       4975,        1,  3110400, 496b93fb777614f086890b20a3aa3f20
0,       4976,       4976,        1,  3110400, 8d27a2738491c7e146415ebfbf0ca9aa
0,       4977,       4977,        1,  3110400, d1b26844129384cb09a845b86fdf5f6d
0,       4978,       4978,        1,  3110400, c6fcb851d3c1ef10a6cb25ee24e9158c
0,       4979,       4979,        1,  3110400, 56ea1bdfb615f143cee8d73b2ecba71a
0,       4980,       4980,        1,  3110400, e90f8380b19e8634dd10d3097f642a66
0,       4981,       4981,        1,  3110400, d49e1e5944aa5e9b7310cdf9ea9d94cc
0,       4982,       4982,        1,  3110400, aad42ae54eecf2bea66054a9a4299dc9
0,       4983,       4983,        1,  3110400, ef79f7b7266cd1a3617603e522337a0b
0,       4984,       4984,        1,  3110400, 517ac71374a31df29d65d517256b5b30
0,       4985,       4985,        1,  3110400, 4e8ab9bf6e00d366723a32b254646f67
0,       4986,       4986,        1,  3110400, ec599e62bdaee1b470ed3094ad9aa53a
0,       4987,       4987,        1,  3110400, a971bd3febcedeae4df1498eaaf4976d
0,       4988,       4988,        1,  3110400, bea797ab6354ac1aba4ae102553a613a
0,       4989,       4989,        1,  3110400, ab26e70ffb14d8b8e2cb106cf01c09e3
0,       4990,       4990,        1,  3110400, 45219e80416ce733ee2058746d3a3efe
0,       4991,       4991,        1,  3110400, 56e9838c8e362415157bf1dbd1ce1622
0,       4992,       4992,        1,  3110400, f61ce4ddf68317faf4caf35fcc5b211e
0,       4993,       4993,        1,  3110400, 0d2fb924e521d1308137d54007a00d29
0,       4994,       4994,        1,  3110400, 9c17fc17851d92630147ad8806e63978
0,       4995,       4995,        1,  3110400, d30779a4f83b48a848fddfc88d5dfd99
0,       4996,       4996,        1,  3110400, 7235199f5047b266c14f4db679110d4b
0,       4997,       4997,        1,  3110400, 8c9460f818f14eac59bdee18ba9fb748
0,       4998,       4998,        1,  3110400, 39887ca8333e0acd26bdab8ad122911a
0,       4999,       4999,        1,  3110400, 5af63b4600d1d5f822547a02b7277083
0,       5000,       5000,        1,  3110400, 594903b223990450275293130b545de9
0,       5001,       5001,        1,  3110400, 3efc5dfc79d7ec94b31968bbaf1a30f2
0,       5002,       5002,        1,  3110400, 0d41a33175f1906b32265615f99c4893
0,       5003,       5003,        1,  3110400, f946ec0da7b102d14344df787b56b4a0
0,       5004,       5004,        1,  3110400, 4fc7c91dc877f1f81cf46421bae15f3f
0,       5005,       5005,        1,  3110400, 9778801a489fd1e72d86306e1cccaf6d
0,       5006,       5006,        1,  3110400, fe4c35777d48173141dbbd40f10fc892
0,       5007,       5007,        1,  3110400, d03f2d687e979d1e4db7d581db8caaaa
0,       5008,       5008,        1,  3110400, a13f68ea894c5e2ed79f173afc004767
0,       5009,       5009,        1,  3110400, 8e64ed24e5835a562925662dc51017d7
0,       5010,       5010,        1,  3110400, 1dd5e740b167686bc57dd89c1f6762b9
0,       5011,       5011,        1,  3110400, bfcf00b37159825dd7e881933f7a7328
0,       5012,       5012,        1,  3110400, af5d67f7e3a633c21518408347cacead
0,       5013,       5013,        1,  3110400, e9028d65eb1cbdf3fb9378daa6b5970f
0,       5014,       5014,        1,  3110400, 1aad0a8774d84947a44c5a6a86a84507
0,       5015,       5015,        1,  3110400, 56fb2831e204685460ce8213128055e9
0,       5016,       5016,        1,  3110400, 6c49ee6ab380fde78b95ed3b4ee5cead
0,       5017,       5017,        1,  3110400, 5eabea2b0a04c75c0640e5e7abb5c2ad
0,       5018,       5018,        1,  3110400, caed8d0c9c0f7afffbbdd408ade4086e
0,       5019,       5019,        1,  3110400, 9839ceecf598000f64b1a2540f81322c
0,       5020,       5020,        1,  3110400, 60c733e4f03bae6972fd8d0bae26e97a
0,       5021,       5021,        1,  3110400, bff1ce91d9b73926c8ccf1b2b344529b
0,       5022,       5022,        1,  3110400, 1462f5183e52566b294f2fccd547922c
0,       5023,       5023,        1,  3110400, 065ab67559e489c26d44112a6d831b57
0,       5024,       5024,        1,  3110400, eee48f8f61344509e621f795a4b5c133
0,       5025,       5025,        1,  3110400, bd70f15df046cd4bbace698cdcbc04b4
0,       5026,       5026,        1,  3110400, c9c36da30d2810bbd57445d4db75bf10
0,       5027,       5027,        1,  3110400, 59a270a532c28750d3bf7b35cdb2c90c
0,       5028,       5028,        1,  3110400, 463f320f432aa1aa7f5ea1eb4c858540
0,       5029,       5029,        1,  3110400, 9ba71d167608c5bad2e71310f1f3499e
0,       5030,       5030,        1,  3110400, 1c2de5434549b791372c1456f49c8a36
0,       5031,       5031,        1,  3110400, a49751affa5e8bf46090052c295ac181
0,       5032,       5032,        1,  3110400, 516e7524ccb57dfdc840714a0a9353f7
0,       5033,       5033,        1,  3110400, d7eb0081b312e433b8ec1205f5eb0cb3
0,       5034,       5034,        1,  3110400, 1754a9aae4514bfd55f660838d2b3a66
0,       5035,       5035,        1,  3110400, 531e92b446ef12ebfa14575e9d0ca916
0,       5036,       5036,        1,  3110400, d02c8fddc991c0ff6cbfd348291b9b12
0,       5037,       5037,        1,  3110400, 00c14834cd6ee93134e6a673d7717618
0,       5038,       5038,        1,  3110400, c4ef94539ca77854569a1e5d9dcd327a
0,       5039,       5039,        1,  3110400, b2364aa65024e8514fd88401ddb65b15
0,       5040,       5040,        1,  3110400, 12dfdbe5422f5082e994908d58cc6c8c
0,       5041,       5041,        1,  3110400, 17657203a067fee3da5f71ff5f91924b
0,       5042,       5042,        1,  3110400, 3885663aa4396a189ca0b46d15702cef
0,       5043,       5043,        1,  3110400, 5da6cd9e2dbf295fd85a8c3f5cfd4509
0,       5044,       5044,        1,  3110400, b3b1d6de5fdc550cddd5d25b5c82adf2
0,       5045,       5045,        1,  3110400, f546d686433ca11b89fe45355c0a65b4
0,       5046,       5046,        1,  3110400, c01e847a6b34ffecf1533afeeaa8bcb8
0,       5047,       5047,        1,  3110400, 713f812091586f92e9b1238ad10fe3bd
0,       5048,       5048,        1,  3110400, 6da92c7c3dd419795d14b6846d3b7029
0,       5049,       5049,        1,  3110400, ce07359c59a6d91e975987e5154b14a0
0,       5050,       5050,        1,  3110400, 04b994a3e5d3fe9c569befb2e0e9ceff
0,       5051,       5051,        1,  3110400, 1fe6fe7318b0e5ecba01803ea98823ad
0,       5052,       5052,        1,  3110400, 562ac476c9634de0e1a8037d063d9f6e
0,       5053,       5053,        1,  3110400, 52a3cc4b0bb6bd97600302069d61a4ea
0,       5054,       5054,        1,  3110400, 93ca78959f901cb42ad47e6d0c0d17f1
0,       5055,       5055,        1,  3110400, 4c12c9dc9cfbc83e624995e97ae81390
0,       5056,       5056,        1,  3110400, 1158565def6958ea5e68264bd715a9d0
0,       5057,       5057,        1,  3110400, 18bbfe337eeb20ca1247dc1c52c225d4
0,       5058,       5058,        1,  3110400, 3fe28a08e0b3dc69e9b415ff12410d97
0,       5059,       5059,        1,  3110400, 1bd251082c58176ff7bf8e5d37605a54
0,       5060,       5060,        1,  3110400, 88f5c3dc8e92faf3d80909f9a37f79a5
0,       5061,       5061,        1,  3110400, 2dec1ce397c642ee94e780ba3a7a38d0
0,       5062,       5062,        1,  3110400, bc6da1030b5b8905cab3ab7d3c155f76
0,       5063,       5063,        1,  3110400, 3526cecf65ad61dff9b5ea594dd5b289
0,       5064,       5064,        1,  3110400, a22bef4fdda93aab06f62d4feef60fbb
0,       5065,       5065,        1,  3110400, 310687a8c901e1fcc183fbc4e269b1df
0,       5066,       5066,        1,  3110400, ec7458f4ed97bba44c3e115d0444c90f
0,       5067,       5067,        1,  3110400, 717914cb70befd5d0a7b4e736e8c9d27
0,       5068,       5068,        1,  3110400, a9969a7b336f2b66c28bbfc33ba5bca2
0,       5069,       5069,        1,  3110400, 2821d2984385ff1bc2cd038c50fc37cd
0,       5070,       5070,        1,  3110400, e064f17ba2fad9842a0044e82ce63dd7
0,       5071,       5071,        1,  3110400, 1186499f06ce4f9003100b2eaf9e71ec
0,       5072,       5072,        1,  3110400, 0dca48bb2810640fd04d390cb96b3bec
0,       5073,       5073,        1,  3110400, ba26d0d6a5ea8231d64484383cdeae88
0,       5074,       5074,        1,  3110400, db092bc1272a508498c2c969c088a0ac
0,       5075,       5075,        1,  3110400, 152caa1b904b4f42344f6bcaf32d27ae
0,       5076,       5076,        1,  3110400, 68ba777982dea2d07f501dc484b84a51
0,       5077,       5077,        1,  3110400, 87d4e321d37b8cbca2237e8ce4bbb0a7
0,       5078,       5078,        1,  3110400, 2bd4d98467a673a4624cf5c60a5840de
0,       5079,       5079,        1,  3110400, 6e9df767e95b4e1a4d1838ec78051614
0,       5080,       5080,        1,  3110400, cecfb00e48e1020e40ef4873abcf1fc7
0,       5081,       5081,        1,  3110400, 91ef4ce43d7282f87c81d63a636fd2de
0,       5082,       5082,        1,  3110400, 7e3a6bf8cb67243ad81a085da12ed0f2
0,       5083,       5083,        1,  3110400, f2947a871d258b3e86830846db12df87
0,       5084,       5084,        1,  3110400, 7ee1313ff9a31081ed56bdb3c75b1bac
0,       5085,       5085,        1,  3110400, f1acb39a02af8034f6d5178778b7b44e
0,       5086,       5086,        1,  3110400, 63c6c8443520dac307fc50ce62455b67
0,       5087,       5087,        1,  3110400, 6c98570186fee720f198cd67d5f3bf96
0,       5088,       5088,        1,  3110400, 86e2fc0bc8de6e4e97740778f61f299a
0,       5089,       5089,        1,  3110400, 3686f47df86384d83b8ca1282df4adbd
0,       5090,       5090,        1,  3110400, 5895fc3630a0e2136675d6f5e20017be
0,       5091,       5091,        1,  3110400, de68f518c82aac74ba38267020a363b3
0,       5092,       5092,        1,  3110400, 2cfeae9aa0a2a5ceccb8d2d54f6bfcbe
0,       5093,       5093,        1,  3110400, c258ee2ec4f17c40498b21a1f9616b97
0,       5094,       5094,        1,  3110400, 035b9148ace239d7c11001ca97a2c036
0,       5095,       5095,        1,  3110400, dfa6c9bb8f647cf45dac06019b7b7b7d
0,       5096,       5096,        1,  3110400, e4f415d20bfb2f9eeec3e8eeb008f543
0,       5097,       5097,        1,  3110400, 344bfc617ec1eeb2d7821c060b585f0a
0,       5098,       5098,        1,  3110400, fac500f11cf5b417a51fa232f4a64139
0,       5099,       5099,        1,  3110400, f50722ba4073c8be17add2ad0b8d61bd
0,       5100,       5100,        1,  3110400, 0d4acded061a9bee5a846259fd580e96
0,       5101,       5101,        1,  3110400, d6b5753d4449edb92f7f778a2ebd191b
0,       5102,       5102,        1,  3110400, 7368275031353d77768f63d655277a06
0,       5103,       5103,        1,  3110400, 3e975a2a64ff46e2783475e8c54d1e8b
0,       5104,       5104,        1,  3110400, 7e87092795b989a65954ef4537ff0c56
0,       5105,       5105,        1,  3110400, 87bbc36b7fc93553cc480439a70f9012
0,       5106,       5106,        1,  3110400, d401d519f36c1ea67d86768ce4671bc2
0,       5107,       5107,        1,  3110400, e28ef9ce761e69143b87c517d2f58c37
0,       5108,       5108,        1,  3110400, 46b2b911903099688709eb196b081012
0,       5109,       5109,        1,  3110400, e0bb6ad31de98ad1f8d72f68dd726776
0,       5110,       5110,        1,  3110400, ee005fb0742bc0f7a727e6c7b3217e5e
0,       5111,       5111,        1,  3110400, b9e00a09050746a4a60a19b57c1f60a3
0,       5112,       5112,        1,  3110400, e8692d5c194b9783235df70adb184692
0,       5113,       5113,        1,  3110400, a12fb1ad849fa87d7cf0c92ff998ab27
0,       5114,       5114,        1,  3110400, 6933d3a4f1d17b30a411bfcf37cde1bf
0,       5115,       5115,        1,  3110400, 962292d985325a21bb6583ad9bb655f7
0,       5116,       5116,        1,  3110400, 3ff28b78dc2d1fd06d9be7603fec579c
0,       5117,       5117,        1,  3110400, afabc9e6a3a705ed978197cd84680501
0,       5118,       5118,        1,  3110400, 50537839186333eab199e9ac4af30242
0,       5119,       5119,        1,  3110400, 5452bc8911ad6e9068fbb070241da2fc
0,       5120,       5120,        1,  3110400, 0fb6ad8c27568db0d9488486573cbdbb
0,       5121,       5121,        1,  3110400, 4b858064997f55b6badb2de45365d550
0,       5122,       5122,        1,  3110400, d33d044a89c3d42098746c30e49d7eb0
0,       5123,       5123,        1,  3110400, 14fa1424b3c85d365be8d3a08eeea373
0,       5124,       5124,        1,  3110400, 49923e5be02840ba96fee6dc500833cc
0,       5125,       5125,        1,  3110400, d876e621b506ebfc4c2d45391be71c67
0,       5126,       5126,        1,  3110400, 5953ceeac57439321d243d81780e8c4f
0,       5127,       5127,        1,  3110400, d4d692e9460168c322307d2981556c12
0,       5128,       5128,        1,  3110400, 3ccd57f370223fa00a9500864e84d131
0,       5129,       5129,        1,  3110400, 943fb151b7cfa3652cf0e3e55d09bc4d
0,       5130,       5130,        1,  3110400, 43c4f1b388e8fc8d7fc9d74aeead0b10
0,       5131,       5131,        1,  3110400, d3055f1cfcbae2bcf20e35817957a3d6
0,       5132,       5132,        1,  3110400, 813536f270b35cbb2f2994fdf4eea4f1
0,       5133,       5133,        1,  3110400, 737c114be79e6db3663a339b59904b63
0,       5134,       5134,        1,  3110400, e10e65f02558169e99cb9a367a1a7188
0,       5135,       5135,        1,  3110400, 7c741f213e3b131f09732f15bafff8fa
0,       5136,       5136,        1,  3110400, df08fa547863c175358f5323fd048d5a
0,       5137,       5137,        1,  3110400, 216051331fe4e7ff88161c5acf14357d
0,       5138,       5138,        1,  3110400, edda6885b74a71658585e87fbab384ec
0,       5139,       5139,        1,  3110400, 368da0e54041815094d4012eab923e07
0,       5140,       5140,        1,  3110400, 2239f790e120c0590c5ed028db480c77
0,       5141,       5141,        1,  3110400, 23cb4d3414c9721dfb3c3d06d405e54a
0,       5142,       5142,        1,  3110400, 26601f684f259975000537c43fd80ca1
0,       5143,       5143,        1,  3110400, 683da8b014339841bf50e460ac43dfaf
0,       5144,       5144,        1,  3110400, 459781b59318f9d3a29af69b0e9d3c97
0,       5145,       5145,        1,  3110400, 9a61b3ead78f06555de93a0af169bb3d
0,       5146,       5146,        1,  3110400, 44feb8627bbbaf9744771b4c85146478
0,       5147,       5147,        1,  3110400, 00b16a27bd72dfcec1ec06f4b6761a67
0,       5148,       5148,        1,  3110400, 408b783c403c00fb812a0049da2d43ff
0,       5149,       5149,        1,  3110400, d96af27279982699470ebe551fe01115
0,       5150,       5150,        1,  3110400, fd6d2003cadb77d2c2e4d6445203800b
0,       5151,       5151,        1,  3110400, 0eb1facb551c816203905a765a430207
0,       5152,       5152,        1,  3110400, 1fe8ca9c0c6324fbe4cde41bbe1d07a0
0,       5153,       5153,        1,  3110400, 89be97d55960049315863ce2ef655b15
0,       5154,       5154,        1,  3110400, ad7ff6855452d895505a6782e143e447
0,       5155,       5155,        1,  3110400, 1e1a7a16fcd35e5e8f719975d37502e7
0,       5156,       5156,        1,  3110400, 3800dda9a66ee65e022da8cecee78260
0,       5157,       5157,        1,  3110400, 2f8ef182b9829a3225c66417e0e81748
0,       5158,       5158,        1,  3110400, 9d20c5cd9476c495d6890644e63708f3
0,       5159,       5159,        1,  3110400, 76cb28b90be9fd7be3edb454d52bbead
0,       5160,       5160,        1,  3110400, 1a930d939262c691aeea00a05c8919d4
0,       5161,       5161,        1,  3110400, 4f2ad31087bb61c7cb3090719b653ddd
0,       5162,       5162,        1,  3110400, e845707a8276d260e83bac3f71be9dfa
0,       5163,       5163,        1,  3110400, 6e7b059c8342f612c79fea5a3ebf255d
0,       5164,       5164,        1,  3110400, 374e96378b05569e7e11726c9a0ad5a1
0,       5165,       5165,        1,  3110400, 35f093b8c058245502af2b3f19988c52
0,       5166,       5166,        1,  3110400, 3552a92cb655a4658910bfaf8ccfc374
0,       5167,       5167,        1,  3110400, 5a90fd9f123cd4469a83f19e1331d59f
0,       5168,       5168,        1,  3110400, 6f6b385f5faaa67ade5ae38e21cc340b
0,       5169,       5169,        1,  3110400, 613f254030622af85f555af817b5e1d7
0,       5170,       5170,        1,  3110400, 2be4121bd0fcaa8b320c9d0cd14f2653
0,       5171,       5171,        1,  3110400, 8d35e7584413a3e5c9baf050d95ab624
0,       5172,       5172,        1,  3110400, 33bfa798943e153eded967f2917a2163
0,       5173,       5173,        1,  3110400, 2e2fdcbd8a1f08685ae75cf6d0e340e5
0,       5174,       5174,        1,  3110400, 5c351386740a8e29d2e52317d496c8bf
0,       5175,       5175,        1,  3110400, fe69200c8fb1f2dc496d3bc1bcc961dc
0,       5176,       5176,        1,  3110400, 5fd0dee09c45cec23fd8d43bbd549a96
0,       5177,       5177,        1,  3110400, 1357bb6f552bd8e851b619ccc36980fe
0,       5178,       5178,        1,  3110400, 40aa87a9aca859d7e9cf51944dc4a4b4
0,       5179,       5179,        1,  3110400, dc90cf69c39e6e362feb491231580795
0,       5180,       5180,        1,  3110400, 8fac23fd13618baefb93471890f67e96
0,       5181,       5181,        1,  3110400, 1869d49d1b8ff8a1e8cd2d1f76c9a193
0,       5182,       5182,        1,  3110400, d6711560073ab7cc707bbafcec10e0b1
0,       5183,       5183,        1,  3110400, c1b2e35fabd2671aa1c10f0bc2796b14
0,       5184,       5184,        1,  3110400, 9958de3284c3a9ddd229f093cd95df5c
0,       5185,       5185,        1,  3110400, b0fcd58fbccb5ee385a37889758c84d6
0,       5186,       5186,        1,  3110400, 9719c2ab5953efe2b66356fafae94328
0,       5187,       5187,        1,  3110400, 1a063bb16cb8474887803d0da541ef79
0,       5188,       5188,        1,  3110400, 688252d844d2482314985ce666f51ed1
0,       5189,       5189,        1,  3110400, 7db4ff8e9a5e811f528da5560382f0fb
0,       5190,       5190,        1,  3110400, 102b0b9b6880bf3d0df1b04603c15bd4
0,       5191,       5191,        1,  3110400, ebebbbe456531292b92ea9d0b6218d2a
0,       5192,       5192,        1,  3110400, 4eced40bfde7ad8622adefda6026549b
0,       5193,       5193,        1,  3110400, b470b564c7614638dd9c7d94eb87fa18
0,       5194,       5194,        1,  3110400, 3ab6f9e82d3098524117788f44a5a580
0,       5195,       5195,        1,  3110400, 9473ee2ca575880dace047c2460acd23
0,       5196,       5196,        1,  3110400, 9620069e95d329b2402128a906d5d084
0,       5197,       5197,        1,  3110400, b2cb100f3235f589813b0c2b142a2917
0,       5198,       5198,        1,  3110400, 9f286bde6c9896ed9cfb0025b1959bda
0,       5199,       5199,        1,  3110400, 43efcc634d3a4c86bb71908885c42735
0,       5200,       5200,        1,  3110400, 73559994dc3544cc694c6a87158894b2
0,       5201,       5201,        1,  3110400, 48d54b083a849b1411d2c955768b9ed4
0,       5202,       5202,        1,  3110400, 1d57a4d6af0552fb9d891b1975f91e0d
0,       5203,       5203,        1,  3110400, 669614d6a3e3ca400d69c28fb33c005e
0,       5204,       5204,        1,  3110400, 9b45f9e20c9f0aa21999a22727322189
0,       5205,       5205,        1,  3110400, b8edf15fd6a056c5684153e666369fc0
0,       5206,       5206,        1,  3110400, 129d81215968dbb8c7a57a95d664fc04
0,       5207,       5207,        1,  3110400, 7d6a3155d02a767d1091ecf83cf7ff1d
0,       5208,       5208,        1,  3110400, 93eef9f13d534d2bdd284922946310a6
0,       5209,       5209,        1,  3110400, 6ca5e180c55d95486b5352f22c4f308d
0,       5210,       5210,        1,  3110400, 310d8062ac74de7608941081fa376b75
0,       5211,       5211,        1,  3110400, 433f19bfb6bfa431ca3efa3b646e5b82
0,       5212,       5212,        1,  3110400, 5ae1c576c5a48eb4a8e4fd74190b10bf
0,       5213,       5213,        1,  3110400, 1750c60efe0643c7f27a64b0a80224ff
0,       5214,       5214,        1,  3110400, 6b67ca7c6c92a4174cf041c63edad0e6
0,       5215,       5215,        1,  3110400, 8adc06b220cf69233d7e30bcdb8fc452
0,       5216,       5216,        1,  3110400, 80a314b279c1242c7e23f18714ee9b9c
0,       5217,       5217,        1,  3110400, df072fc5157a286894ec955005048493
0,       5218,       5218,        1,  3110400, 8173988ca191b6fb9718d453c96f3187
0,       5219,       5219,        1,  3110400, 44370b87f1f25354479dde14fbebbc32
0,       5220,       5220,        1,  3110400, c244b0b6cfeef9e6705c2534b9c50003
0,       5221,       5221,        1,  3110400, dc8e9a11ce123a567710eacd794659eb
0,       5222,       5222,        1,  3110400, d9248933cc0acc6a814e3b42756e7777
0,       5223,       5223,        1,  3110400, af83e72b1bb8004ec6665e8b5ff8e75c
0,       5224,       5224,        1,  3110400, a685c48663f095f7d8cf64260b2a64af
0,       5225,       5225,        1,  3110400, 3e26278ce4b9656fba8385d350cbf0a4
0,       5226,       5226,        1,  3110400, c42cd0370325c2ed0ae8a2df89c4e798
0,       5227,       5227,        1,  3110400, 1b3bf9f66c17196af6e579362d3cca99
0,       5228,       5228,        1,  3110400, c853be76aeeafd825e9e5a6ee8d30db3
0,       5229,       5229,        1,  3110400, 0f1ca77ea6ecd53be6c939850be8c42d
0,       5230,       5230,        1,  3110400, e96c475fc9526618e9601073a1c89eb6
0,       5231,       5231,        1,  3110400, 10de827eec403037a198ea8d377b7386
0,       5232,       5232,        1,  3110400, 02829f9d75757bb03b4841791014522a
0,       5233,       5233,        1,  3110400, d3d82d308a0c8cbd560510002a446760
0,       5234,       5234,        1,  3110400, e88004684b5ba9f3a6c95120eecaa83a
0,       5235,       5235,        1,  3110400, 460be3dfd560622d5836fe623db0f9ae
0,       5236,       5236,        1,  3110400, a602f66971ae9b58a4c1c47843882d43
0,       5237,       5237,        1,  3110400, f00ab121e28a278155a9f91a5c70e568
0,       5238,       5238,        1,  3110400, a41338701ac4b78b0d051d941746a996
0,       5239,       5239,        1,  3110400, 053e944f588f6920be3eb3e0f1b72674
0,       5240,       5240,        1,  3110400, e16027b4d02fa487f23bf0ee8a393d9b
0,       5241,       5241,        1,  3110400, c3c503aa32a82e3058d8a37aeb467210
0,       5242,       5242,        1,  3110400, fcfe02bef8802a0179e411c1c89b7c49
0,       5243,       5243,        1,  3110400, ff0ee0a3e9a9af82aa260e0f27a840fd
0,       5244,       5244,        1,  3110400, e851b7f53a0d4c05822be7ca50b3ea4a
0,       5245,       5245,        1,  3110400, fd13f490d4b80d3c15c487bd32fcd6d3
0,       5246,       5246,        1,  3110400, e1620db3b22f37c692f70958b7b69a9e
0,       5247,       5247,        1,  3110400, 4884d599774b92f5574ff1ff3e620852
0,       5248,       5248,        1,  3110400, 7ba2d80f4b0904e6f7c129818ac6eec1
0,       5249,       5249,        1,  3110400, 67e46f7b79aa9d868204695d9fdcf610
0,       5250,       5250,        1,  3110400, b76de958df262baacb8c070d7f5f19f7
0,       5251,       5251,        1,  3110400, 2bf4f5f90599d5d68ee410e797bf5063
0,       5252,       5252,        1,  3110400, c3f66b492900c387d27122875251cd39
0,       5253,       5253,        1,  3110400, 04e394db589ed479be5333b93bb1a6d6
0,       5254,       5254,        1,  3110400, 0ee16f60b4bdc8859bcc2c5cb102f12c
0,       5255,       5255,        1,  3110400, e6c358a16399a996a0f7cce244601f64
0,       5256,       5256,        1,  3110400, 7ed9ff2f69c30ebf7d5ad6c389675942
0,       5257,       5257,        1,  3110400, 84511abb63c399d7e85ce4c80ff19e18
0,       5258,       5258,        1,  3110400, 8bc968a712e0b78220a2651af9c33a90
0,       5259,       5259,        1,  3110400, 50c566e9b3ff36ae4454338915f9d137
0,       5260,       5260,        1,  3110400, 350a4f1f8a82983f70cc8589cf3cd003
0,       5261,       5261,        1,  3110400, cfa3db2c702242c449fe743baa4e41ed
0,       5262,       5262,        1,  3110400, b5fdd5d02464c9b7f2e6a1a1de24e58e
0,       5263,       5263,        1,  3110400, c4dcf60a638a670851105f3952b0eedd
0,       5264,       5264,        1,  3110400, 9d6a42d2b39af0a87d8db723e20837ba
0,       5265,       5265,        1,  3110400, 26e35f56ac39a91f9f0d5eb180f734a6
0,       5266,       5266,        1,  3110400, 9c227c709df2c5d6d69bf891ceb09dec
0,       5267,       5267,        1,  3110400, 73b8c2a9b41800474c9833e96d2327de
0,       5268,       5268,        1,  3110400, 54c85cfe900ee6084a00af825b275d5b
0,       5269,       5269,        1,  3110400, eeb597a16bfcdff7ea06c2a0d3dd0742
0,       5270,       5270,        1,  3110400, 2001870adc1311812602efdc286f06e7
0,       5271,       5271,        1,  3110400, b9645ad0a223ec8ac25d0fbf6e12177f
0,       5272,       5272,        1,  3110400, 69ce4bdce5372634145df274fe75ff8f
0,       5273,       5273,        1,  3110400, bd75c8c416aa0ec5427fcea50973ecc8
0,       5274,       5274,        1,  3110400, 21cca34e86e19349169aa1cbb8578355
0,       5275,       5275,        1,  3110400, 049cfd0a0014f05b5bbc6b89c958877d
0,       5276,       5276,        1,  3110400, 2941b9f1904c3e263e3f317b412a9628
0,       5277,       5277,        1,  3110400, 35bcbe1baad6a833648cf5a029a40d62
0,       5278,       5278,        1,  3110400, a618a1aaa0d26da00f191e71656a9f83
0,       5279,       5279,        1,  3110400, 4352648fd4243141381a8ebab3b3504b
0,       5280,       5280,        1,  3110400, 62085c3ea78ec3416201f367dfc23bc8
0,       5281,       5281,        1,  3110400, b948e88683f531c6d80d5cb523a8613b
0,       5282,       5282,        1,  3110400, bde9d915705dc08f00f0a818741b3fcc
0,       5283,       5283,        1,  3110400, e0b8d5fcad83afe8542fc7d952d3ca99
0,       5284,       5284,        1,  3110400, dcf4d3befb6a8bb6f914c20bf67785af
0,       5285,       5285,        1,  3110400, b605b575dfa534f45b84c3eb3d747bb8
0,       5286,       5286,        1,  3110400, 74fd86ffd9aef4ed794c10fdd2499cdd
0,       5287,       5287,        1,  3110400, cfa6bf5abdd63ee1a5721d23786ef603
0,       5288,       5288,        1,  3110400, 68f246a04ab5e8853d9156df7ce5d003
0,       5289,       5289,        1,  3110400, a05ec779b979ed39e99846e495644841
0,       5290,       5290,        1,  3110400, 0d9b39827075b7a2dbf590b750baa32b
0,       5291,       5291,        1,  3110400, 6a06808bc7ef19850c3d0ad8ab29362a
0,       5292,       5292,        1,  3110400, 898856543ff0ae787acf3c389c57cea7
0,       5293,       5293,        1,  3110400, df8feb58cab89d52c51f3ff236358938
0,       5294,       5294,        1,  3110400, a084294022af956b9a0ce52561cdfccf
0,       5295,       5295,        1,  3110400, bd635dd2a1fbad5e079bcb1c65a38391
0,       5296,       5296,        1,  3110400, ce1217805f48debb25edf1e7d1ba852f
0,       5297,       5297,        1,  3110400, 5b1f4cd29e3c7a8a9f097d65d858e318
0,       5298,       5298,        1,  3110400, ebc063f5c8e51f5f93411dcfc30e2524
0,       5299,       5299,        1,  3110400, e8bc731ca49b805ffe8e850a7281fd47
0,       5300,       5300,        1,  3110400, 33f0ce1df8efabab314203750aeefb98
0,       5301,       5301,        1,  3110400, cc9325a80ee3538b5326c6e4cee987a8
0,       5302,       5302,        1,  3110400, 4159935f944ab96ef149cef1e49d0f31
0,       5303,       5303,        1,  3110400, 6c68854b724e882e16fddf09437f8be5
0,       5304,       5304,        1,  3110400, e5257af54e9a15b460e3a4b2c827d434
0,       5305,       5305,        1,  3110400, f1f53100554c81c9d29eed81b40f7e3d
0,       5306,       5306,        1,  3110400, a66c10b627da3d58dbdf95f740552891
0,       5307,       5307,        1,  3110400, 94ce219bd60361d20bb250acbe146b4a
0,       5308,       5308,        1,  3110400, 59e47926a1c1f83ba94402fc613ddf24
0,       5309,       5309,        1,  3110400, ddfce19e70751a38e003ff8e7ff822c7
0,       5310,       5310,        1,  3110400, add5ac216c6df328d35d622fb4ac2ee5
0,       5311,       5311,        1,  3110400, bb539b42fcf502e1999149141565223e
0,       5312,       5312,        1,  3110400, c10ee0a0eab327eeceb1373f91e7dc85
0,       5313,       5313,        1,  3110400, 74f777cdda3f10c809d27523628e0a90
0,       5314,       5314,        1,  3110400, 579406747cb6d0c84d765639337d948f
0,       5315,       5315,        1,  3110400, 1a2e568de1fe688d561283c8b92ecb70
0,       5316,       5316,        1,  3110400, bb4683123597106c87481ab8aad9d5aa
0,       5317,       5317,        1,  3110400, 7830f31bd7e8a08e64d18aa1d74b775a
0,       5318,       5318,        1,  3110400, b53c36867e24984c716aec94c6467104
0,       5319,       5319,        1,  3110400, ad3a09021e1c3da8941c3dba88bb6d2c
0,       5320,       5320,        1,  3110400, 64ab021a4f24ae69ff34a0bd15cf56b2
0,       5321,       5321,        1,  3110400, 2584d13efc111c8b4a2b5534d96753fc
0,       5322,       5322,        1,  3110400, 1ffc51823bb7974bb17ba96fe04c6914
0,       5323,       5323,        1,  3110400, 6c52fe616091f9c4d897729849c8710b
0,       5324,       5324,        1,  3110400, 010b5d77be71487d65ec3c01f7699c22
0,       5325,       5325,        1,  3110400, ed75dc4fa934132406332bb9d38e979b
0,       5326,       5326,        1,  3110400, 8d5b70f1a25e93749f0cd1e218811e12
0,       5327,       5327,        1,  3110400, 5bc5487590199f6dd3e1b438efaba9d0
0,       5328,       5328,        1,  3110400, 831f638a32fdb61b8cbafe9f38f09b2b
0,       5329,       5329,        1,  3110400, dba062a4e6d10a975725696d7d22096c
0,       5330,       5330,        1,  3110400, d138f8fadc5faca033b8756f5c826e39
0,       5331,       5331,        1,  3110400, c9d3a3d83ed278cd073e0767d50e88c4
0,       5332,       5332,        1,  3110400, 0c7bb4a6fb50b73cc365b06bd0a78026
0,       5333,       5333,        1,  3110400, 228ccc0f4c296ed77007f8510dd47195
0,       5334,       5334,        1,  3110400, 00741322959f6d6d322d229043bc796d
0,       5335,       5335,        1,  3110400, 1b0883f5262754909b994deb8bfbec30
0,       5336,       5336,        1,  3110400, 64030529928c355940016923841c48c3
0,       5337,       5337,        1,  3110400, 75b4a1bc6e260521bb639617f4ca0ca1
0,       5338,       5338,        1,  3110400, 638a42f148893ca3f023efca7b3bc1e1
0,       5339,       5339,        1,  3110400, 9585320835a7ae4121f32ed20d4e7df3
0,       5340,       5340,        1,  3110400, 8b359bafce9920c59dae3a94208088d5
0,       5341,       5341,        1,  3110400, 0bcd527d1f487c133b31f6221545d0bd
0,       5342,       5342,        1,  3110400, be7958856c3df9c91da2bccc028c2a04
0,       5343,       5343,        1,  3110400, 5762a8e285ca5fdc24a7ea7ec583a7cd
0,       5344,       5344,        1,  3110400, ee81445a70caebf6e12695d32515f826
0,       5345,       5345,        1,  3110400, aab07e1ebdc6fdc96dd883886d3dcbae
0,       5346,       5346,        1,  3110400, b17474c4d032f0bf616c8bfb9fce5638
0,       5347,       5347,        1,  3110400, b19c2920fa8f088d7527505be71f7e4b
0,       5348,       5348,        1,  3110400, 444a13bc6ddc5afec9e42d83beb9831b
0,       5349,       5349,        1,  3110400, 3556c7d2fd62295c3b3193c6ee631d79
0,       5350,       5350,        1,  3110400, 6991905180a3f135c32e2c9212abadf5
0,       5351,       5351,        1,  3110400, 55c2c001327af991487f52008d08adc3
0,       5352,       5352,        1,  3110400, 6c5ec19e154e5040f23ebaadc8a26340
0,       5353,       5353,        1,  3110400, 5f716ff39a2d89801015bd74ec121336
0,       5354,       5354,        1,  3110400, 6fa5dc73156d9113d27e7af1ad224131
0,       5355,       5355,        1,  3110400, 803fef8e0fd579720c7e9df35a11aff1
0,       5356,       5356,        1,  3110400, e0300269e9bee31ed1a98163f4cf3d19
0,       5357,       5357,        1,  3110400, eef2aab4c4387cbcf095d11968aceae5
0,       5358,       5358,        1,  3110400, a55b30b144cfecdb13870d5276bf1935
0,       5359,       5359,        1,  3110400, 68fd45b9751207bc00974a57479f4425
0,       5360,       5360,        1,  3110400, ce710afefb23cb18846b6377b82a32ea
0,       5361,       5361,        1,  3110400, 8ce925718c1331e538e758194bb4ba32
0,       5362,       5362,        1,  3110400, 84ce27ed2dc3d83b4a0cbdfdaf418b48
0,       5363,       5363,        1,  3110400, 8f1ca35876a24e02381400f1a6d7b1c6
0,       5364,       5364,        1,  3110400, 3ae79d33bbe1a2e4c380db0d8e05d8da
0,       5365,       5365,        1,  3110400, cf713671065cebb0baca91b6b38a3647
0,       5366,       5366,        1,  3110400, be9f480b1ccc694a70cf2f39fffeb0cf
0,       5367,       5367,        1,  3110400, 0dcef47c7806a7b6a03aca9148c17a55
0,       5368,       5368,        1,  3110400, 50466f31ee86360abb83adee0831daab
0,       5369,       5369,        1,  3110400, 9fa7127d1a609a87b10faee4c2c9174f
0,       5370,       5370,        1,  3110400, a7ad0a90b25fe9bcb4f9fdfc5e61cfcb
0,       5371,       5371,        1,  3110400, 71fb10ebdfff47fcb24d117d4370609e
0,       5372,       5372,        1,  3110400, 53e3b0d97b85fa60aa164080b7b3f671
0,       5373,       5373,        1,  3110400, c24d7a128e825c1a7a6bd9782481d856
0,       5374,       5374,        1,  3110400, ab37c00cfcf9b50ba85b6f7ea913cce6
0,       5375,       5375,        1,  3110400, a7b47d7a1e6fa26968620194fcf7b436
0,       5376,       5376,        1,  3110400, c07a15dd8b229a990f608ce522c99c03
0,       5377,       5377,        1,  3110400, fd4ad8c661e63c424eba7a78a8ec3e3f
0,       5378,       5378,        1,  3110400, eb536c9330b92760443739c95dc6897e
0,       5379,       5379,        1,  3110400, b9dde981837d2438f63f5b91bf53ae82
0,       5380,       5380,        1,  3110400, 82968d32dc865e42a0d6afce4f4d9ef1
0,       5381,       5381,        1,  3110400, 7221a2ac84fd48634d19edfc56f2d502
0,       5382,       5382,        1,  3110400, b232183d60a55550aebe077043e2f9c4
0,       5383,       5383,        1,  3110400, 8b04c9f5f86af5fae84894298481229f
0,       5384,       5384,        1,  3110400, 921e1af7d60b1d674cd76aaef33011e9
0,       5385,       5385,        1,  3110400, b84b52eadfd1db72d8dba5128ea2ba58
0,       5386,       5386,        1,  3110400, 5861b97ff77c595838cc2d057179caca
0,       5387,       5387,        1,  3110400, 5f6b0c9eb3bfd00f7e767bc1c19f82f9
0,       5388,       5388,        1,  3110400, 6986d44304c68e93056b0dc92fef631f
0,       5389,       5389,        1,  3110400, d5174bf5fc6ca20914b7b6a0071ed1a1
0,       5390,       5390,        1,  3110400, 63082d2d50bc13df015f0ab87056a99c
0,       5391,       5391,        1,  3110400, 2431cbf198207ea581b15927b18375e0
0,       5392,       5392,        1,  3110400, 0b60a595afe2b863200581027ac24708
0,       5393,       5393,        1,  3110400, f2dcd12f7004db36bfa816864d98b64f
0,       5394,       5394,        1,  3110400, b3e1b15ce8a14f153a17c843c4c48aa7
0,       5395,       5395,        1,  3110400, 1f97bf0580b853d2ec05fc6cd4e52dea
0,       5396,       5396,        1,  3110400, cb329c8261eea431393386e2b8a30c07
0,       5397,       5397,        1,  3110400, 0e011fb009e9340cac26a62584e26209
0,       5398,       5398,        1,  3110400, 8056fc6713690d8474320184b3121496
0,       5399,       5399,        1,  3110400, 16a9c41bf99a5304098a423d575907a6
0,       5400,       5400,        1,  3110400, f336c993246c36ad91548b4fff41ac60
0,       5401,       5401,        1,  3110400, 9e7b034fbc1cbe0266c7d85639608735
0,       5402,       5402,        1,  3110400, b45a2e915fe475f98365a7e7f8dad642
0,       5403,       5403,        1,  3110400, f99cfeb0a941c219075721a9fe3c9c9d
0,       5404,       5404,        1,  3110400, dc6aaa6d53033aaac49c1ef5c95bbc2c
0,       5405,       5405,        1,  3110400, ffb451533f4728897397c1ec1a1825e8
0,       5406,       5406,        1,  3110400, 5eeaa4746bd9545903c9f1c584568c77
0,       5407,       5407,        1,  3110400, 4dc74371f3b05cfa141c7a087b30fbc5
0,       5408,       5408,        1,  3110400, 4f218fbdcccbc66b41b456e7bd4322b8
0,       5409,       5409,        1,  3110400, fad3e76951d7dafeaaf434fd7048744b
0,       5410,       5410,        1,  3110400, 5df87e54c0bdf8def9f47b8eb36c4839
0,       5411,       5411,        1,  3110400, 30e95c62b52e44ca27f883777b1816fb
0,       5412,       5412,        1,  3110400, 1199c7adc07c1cb85f276c2e73a47460
0,       5413,       5413,        1,  3110400, 5309b577ec1def85f07121b6cca47432
0,       5414,       5414,        1,  3110400, cef060505f05b663ce19ad9f353d17af
0,       5415,       5415,        1,  3110400, 2f366bca85d9ff83081a3be1205992d2
0,       5416,       5416,        1,  3110400, 5ef606cce2d249dfd6d8397cac92250d
0,       5417,       5417,        1,  3110400, 7232fda90aac291d7cf23d44ff4ff5c2
0,       5418,       5418,        1,  3110400, 54f67f89ff7379979b026c510391f9e3
0,       5419,       5419,        1,  3110400, c3338c58cd6dcf45804f634ed183dbce
0,       5420,       5420,        1,  3110400, 8936e928ddc3729314ae29a562ca2377
0,       5421,       5421,        1,  3110400, f6d77cb671e1ad44b8527ebdd37e332e
0,       5422,       5422,        1,  3110400, 48c9db4096c73edcbe5c127e9cc5d66c
0,       5423,       5423,        1,  3110400, 9962be823c5fe5443116b5c1cd77a3ef
0,       5424,       5424,        1,  3110400, b66842d241ed1497c40125ecc5cb5913
0,       5425,       5425,        1,  3110400, c71358c24d8427cbc56e9ac444d84ddf
0,       5426,       5426,        1,  3110400, 290495f60de812809a86d98b26ac03e5
0,       5427,       5427,        1,  3110400, 3cedf88a82a966a6dde216f1882523b4
0,       5428,       5428,        1,  3110400, bf115c4b83233180ea4e5f6cf5fa098c
0,       5429,       5429,        1,  3110400, f31886c77182a1d65b34f35016d79a28
0,       5430,       5430,        1,  3110400, 0eee5b78a7a4e2236fc6d66106223a56
0,       5431,       5431,        1,  3110400, 3960503ed038dffc21be13f32005868d
0,       5432,       5432,        1,  3110400, 24b40510e4b511fe6db4f2b357ffa9d0
0,       5433,       5433,        1,  3110400, cf0c414b5f93039bd52084fc2dd1ea63
0,       5434,       5434,        1,  3110400, 4d9b3422d333423fcdd3dbb16f914e76
0,       5435,       5435,        1,  3110400, e9f45caa76c9e3f1ca04be2fc3515b72
0,       5436,       5436,        1,  3110400, 64bec223152867dd4ac0704e88712f2a
0,       5437,       5437,        1,  3110400, 09bfff6d7c2692b897150e629348cd71
0,       5438,       5438,        1,  3110400, d5c1026b990f7bf6c11b807f9ef1d264
0,       5439,       5439,        1,  3110400, 0bb7f2410bae13903f49e25dbfa5a3ff
0,       5440,       5440,        1,  3110400, 329d3f13c7f9760d8a4a3bf513d0460f
0,       5441,       5441,        1,  3110400, c15aea6817b7866ca0c50c4ee752970b
0,       5442,       5442,        1,  3110400, 88b17951b8014f41378bfa99847d7b35
0,       5443,       5443,        1,  3110400, dec05e5ba86b94383276d78a21787ef7
0,       5444,       5444,        1,  3110400, 4114789c22609cc86a075646505bac64
0,       5445,       5445,        1,  3110400, 03e2d3cbc0ad651d302b9162c4fc6f71
0,       5446,       5446,        1,  3110400, 0d17d9426630ab53a3fbfaa6ef101c6e
0,       5447,       5447,        1,  3110400, 0e95fabca6bf901dfac9c7ccbc36f45a
0,       5448,       5448,        1,  3110400, ae76d8a5b001b9e6b3f8a953add5c6e4
0,       5449,       5449,        1,  3110400, d2aebc9e38e26f79ede25ad5dbb65f99
0,       5450,       5450,        1,  3110400, ce5b968d7280587a5c810567b7ca4e2b
0,       5451,       5451,        1,  3110400, e91db91570123612e6f83c60bb3b97b6
0,       5452,       5452,        1,  3110400, 86f8ce48afccf5398efc6991d08f33e8
0,       5453,       5453,        1,  3110400, e9768bbeb84ffd83e3ce460d9d03d4b2
0,       5454,       5454,        1,  3110400, b0a772994c178ba76dc57e215ca89fe4
0,       5455,       5455,        1,  3110400, c2ae32229ecee60ef498501741b67cc7
0,       5456,       5456,        1,  3110400, 2b205a0c04b375b87ed7ccc19337d5d4
0,       5457,       5457,        1,  3110400, 197de6e416500ba5bd0cf7a2c4fce835
0,       5458,       5458,        1,  3110400, 53b5fa48e72a7abb7bd14c86614ea58a
0,       5459,       5459,        1,  3110400, 338857355b219baeeda523d95f9974b0
0,       5460,       5460,        1,  3110400, 3636677b83dd3b5d62b280276228e691
0,       5461,       5461,        1,  3110400, 018632c96305abdf7e458f3036ec0e30
0,       5462,       5462,        1,  3110400, 6737c8f455d88d96bda9cd25a5c67644
0,       5463,       5463,        1,  3110400, 912d39dc9e9f5d2a3ba1d19bd63184e3
0,       5464,       5464,        1,  3110400, 54036ae68842a9a3d08e07002c1c1690
0,       5465,       5465,        1,  3110400, aeeb5669072f272501e19af6a85d6e42
0,       5466,       5466,        1,  3110400, 389b76d441ed66bfb8eee9ff65ed5c04
0,       5467,       5467,        1,  3110400, 5e12c856c54b1ee6875edf4e403d4345
0,       5468,       5468,        1,  3110400, 7650000ca2949ec4e1a559f1a8a36fdf
0,       5469,       5469,        1,  3110400, 0903a1e6ae7313d0159cee988b19ac13
0,       5470,       5470,        1,  3110400, 9cd2836cb20bbc2da17f4d61cb85d34c
0,       5471,       5471,        1,  3110400, 0d22a53b211f03ff2f162a395906df2b
0,       5472,       5472,        1,  3110400, a3c88caf7131efbd72a9badc304d6446
0,       5473,       5473,        1,  3110400, 2538175c4104d9c1e8c482e76eef7ba4
0,       5474,       5474,        1,  3110400, 95405a63097cec7b58d8260563bea26a
0,       5475,       5475,        1,  3110400, b384749e22d9a7768787621d3f9d520b
0,       5476,       5476,        1,  3110400, 59aa5a1879b08d50c4fc23ebb26d7001
0,       5477,       5477,        1,  3110400, 8d1826544edce1ebe9c6bfc4d1ca95b9
0,       5478,       5478,        1,  3110400, eaf3894e0a0e7a08f9132b7d8beb7df1
0,       5479,       5479,        1,  3110400, 925887089daeef141a14f80b77588b7f
0,       5480,       5480,        1,  3110400, dc8a5444ac3c4edd20607282acf993ab
0,       5481,       5481,        1,  3110400, 99c5c9f5b5b2398faa80e02bccd71e99
0,       5482,       5482,        1,  3110400, fb733f33168c6ad30101801c56362c67
0,       5483,       5483,        1,  3110400, c36468cc8f5aad33895d3bd726f6e0d8
0,       5484,       5484,        1,  3110400, 450e15f38c5dc406a693c28a3d71d0d9
0,       5485,       5485,        1,  3110400, 71900c58ab75e9ec7308141f3fda500d
0,       5486,       5486,        1,  3110400, 124a9cee526e04177f6d5f6f82146a49
0,       5487,       5487,        1,  3110400, 515324985855c839d7381aac418ddcfa
0,       5488,       5488,        1,  3110400, dc5a96c1406048828f987c36cf7ddda2
0,       5489,       5489,        1,  3110400, 8ce2ace91cac7354f4b5b5240d4f15ec
0,       5490,       5490,        1,  3110400, 3d125b79445fce399e544641bfb837af
0,       5491,       5491,        1,  3110400, 2b57ad4e9ec71e72dab3419cb9bfdb35
0,       5492,       5492,        1,  3110400, 43c803c9514e99a732f9d312f7587755
0,       5493,       5493,        1,  3110400, 298e353217f246bd3133c604720fd36a
0,       5494,       5494,        1,  3110400, e9ac6fcd3404cc93a65dce39c0266261
0,       5495,       5495,        1,  3110400, 8995419b50cb64315078c79d9a2b9ff0
0,       5496,       5496,        1,  3110400, 56e9f7166d81dec7f0a22c2a42f3d4fa
0,       5497,       5497,        1,  3110400, cb634e2475ef60f43f58986b87bfd90b
0,       5498,       5498,        1,  3110400, 047aff56c9165431b6c3221d913a7754
0,       5499,       5499,        1,  3110400, 3dee49722d4af8908d028c1bd8e4fb3c
0,       5500,       5500,        1,  3110400, 55791c4c2a5e53a67ec71600e4c0450b
0,       5501,       5501,        1,  3110400, f0f6154f9650136a73f8d2e4786b8d5d
0,       5502,       5502,        1,  3110400, 8f2eaf19eb6ce2b7ad47164dc393f903
0,       5503,       5503,        1,  3110400, 13e3b2742f7673a653872cd69c0704cc
0,       5504,       5504,        1,  3110400, a4cf989dd9ecc0b80bd3b1bfeb4d22de
0,       5505,       5505,        1,  3110400, 7a2a794f37ee0bdfb8044093b85866c7
0,       5506,       5506,        1,  3110400, df7f3630deb3f25d6ec4bbb3361f9e66
0,       5507,       5507,        1,  3110400, bf0f8a410a4ac4618adb35eb5ed93e0e
0,       5508,       5508,        1,  3110400, d3e8af8df0f06a6e4a8546564a29310e
0,       5509,       5509,        1,  3110400, 38d6acba2cde73a12eff701ebcf2cfa2
0,       5510,       5510,        1,  3110400, 05198b743210061da625f1ccc9081b26
0,       5511,       5511,        1,  3110400, f23d79539843d0138b11d47b01547b34
0,       5512,       5512,        1,  3110400, f9fb62926e1bdb13aa2a6937bacacc34
0,       5513,       5513,        1,  3110400, 0a2b72b1644470d686329cedf51be845
0,       5514,       5514,        1,  3110400, 8ea8ed73ae5b31ba4ea3dc6de976ee1c
0,       5515,       5515,        1,  3110400, 56b55d9cb0b97f6baa2807c86238704e
0,       5516,       5516,        1,  3110400, 23180de643eb49c0ffdb3e5cd2de0098
0,       5517,       5517,        1,  3110400, 40c0415dbad6f5beff7757f91c2f277d
0,       5518,       5518,        1,  3110400, 017ac89b43db5ddfe744bccd97468bf5
0,       5519,       5519,        1,  3110400, 91cc59272fad4def15bd7f409ac04018
0,       5520,       5520,        1,  3110400, 5a16570f4f3c7f9d0922a1cc06114eb7
0,       5521,       5521,        1,  3110400, 563ed5202393ecdbc6e68aede1319693
0,       5522,       5522,        1,  3110400, 48dcd53502292a1c183eacbab3a83e15
0,       5523,       5523,        1,  3110400, e8ba4ad64628d601856af907db3b0d8c
0,       5524,       5524,        1,  3110400, 79e1d629a9c6857033936ccfad324200
0,       5525,       5525,        1,  3110400, f857d61acb510d20fc29f7db8b5f72ac
0,       5526,       5526,        1,  3110400, 35c6276427b3d4fe53cc5bbdddc53a6e
0,       5527,       5527,        1,  3110400, ec4ccc639aefeb7807689dee513b8bf6
0,       5528,       5528,        1,  3110400, 651c282621d4802ea6cad3837a2ad83b
0,       5529,       5529,        1,  3110400, 2c6467869d58f0a1ed06fe0108d2ae0c
0,       5530,       5530,        1,  3110400, f20b389e9095f18165161b701cb8a6c1
0,       5531,       5531,        1,  3110400, 0506fd707414357717c5624260315fee
0,       5532,       5532,        1,  3110400, f95fe777b3d8c1900b8ad7c2d0bf8621
0,       5533,       5533,        1,  3110400, fc2acf7dde0e75ff43152381fdd9cd91
0,       5534,       5534,        1,  3110400, c12ba576545b2c7dfa72dd4e3e5e43c3
0,       5535,       5535,        1,  3110400, 2930633e9d6a9363bef097bab9006375
0,       5536,       5536,        1,  3110400, fa8911e4dc14ca6caf30e2f02f9881c8
0,       5537,       5537,        1,  3110400, 633d03b56e5b55080d38b5b4184a8ca0
0,       5538,       5538,        1,  3110400, 29e9dd0ce3c354593eb093a8210d9e24
0,       5539,       5539,        1,  3110400, acac08d5a8a8398046bb0895df01c519
0,       5540,       5540,        1,  3110400, ecd5c1ac5c0fd69e632d44bcfb02d415
0,       5541,       5541,        1,  3110400, 1c2b86bccacb15feca3674d745b65a43
0,       5542,       5542,        1,  3110400, 59567cdc4f7028c2c542d3d7eb6d7a6a
0,       5543,       5543,        1,  3110400, 607fce47dfcef13a61925c5aef63dfe5
0,       5544,       5544,        1,  3110400, beea62db0568cd1e151eb559991deb09
0,       5545,       5545,        1,  3110400, dcac330eb6243a8815ae21a548c5c2f7
0,       5546,       5546,        1,  3110400, 764ab721a18471037e860a330f049fc7
0,       5547,       5547,        1,  3110400, ef83a92b5f26ed5a6bdeb86429e60402
0,       5548,       5548,        1,  3110400, 058d1520fb836d16d41abbe898877e73
0,       5549,       5549,        1,  3110400, e729c976e24d9ba807c8e7be592603f0
0,       5550,       5550,        1,  3110400, b3ac888cd690b8ff2fe3c827fabdec41
0,       5551,       5551,        1,  3110400, e28dbf9627aeb664ecb25fcc7d02bd60
0,       5552,       5552,        1,  3110400, c8d5c58e96f1d10a5a790d68ee0bccf3
0,       5553,       5553,        1,  3110400, 6528446dbedf471900d09026d48b91d0
0,       5554,       5554,        1,  3110400, 4faba6db3e457987fbd1e9393b669d85
0,       5555,       5555,        1,  3110400, c8c1f601117dc15b361d7e0d6b90650a
0,       5556,       5556,        1,  3110400, ee1083fd2ceecfa5be999b445dba1515
0,       5557,       5557,        1,  3110400, 8b2a1a44c69203701f3b25c0b5d7a967
0,       5558,       5558,        1,  3110400, 82abee85d1d94052d91682724f3f121e
0,       5559,       5559,        1,  3110400, ac7781134cd37173f1529ff780743cd7
0,       5560,       5560,        1,  3110400, 2dca3499f461af8247b08c48cb3ea1fa
0,       5561,       5561,        1,  3110400, 92862b662a5ba9ab7a65a54a55a58e89
0,       5562,       5562,        1,  3110400, e2ef31e631239f42514c916641cfae49
0,       5563,       5563,        1,  3110400, 2b7bbaf2d37b77912ca97889719b762a
0,       5564,       5564,        1,  3110400, ef40019de5d63977c481d6ac402016b1
0,       5565,       5565,        1,  3110400, cd5dca3b7a5620d8116b31447c6687d3
0,       5566,       5566,        1,  3110400, d788a07dc4d77301ac0317c318166f01
