 A04_FREE_PLASTIC_N5_0001.out
************************************************************************
**                                                                    **
**                                                                    **
**                         OpenRadioss Engine                         **
**                                                                    **
**            Non-linear Finite Element Analysis Software             **
**                                                                    **
**                                                                    **
**                                                                    **
**                  Windows 64 bits, Intel compiler                   **
**                      Double Precision Version                      **
**                                                                    **
**                                                                    **
**                                                                    **
************************************************************************
** OpenRadioss Software                                               **
** COPYRIGHT (C) 2026 Siemens                                         **
** Licensed under GNU Affero General Public License.                  **
** See License file.                                                  **
************************************************************************
 
 NUMBER OF SPMD DOMAINS           1
 NUMBER OF THREADS PER DOMAIN     2
 NUMBER OF HMPP PROCESSES         2
  
 COMPUTATION HARDWARE DESCRIPTION
  
 HOSTNAME     CPU TYPE, FREQUENCY AND MEMORY
 jeux   AMD Ryzen 5 5600 6-Core Processor               (x86_64), 3700 MHz,   7872 MB RAM,  18217 MB swap
  
 STACKSIZE  . . . . . . . . . . . . . . . . . . . . 1430 MB
 THREAD STACKSIZE . . . . . . . . . . . . . . . . . 400 MB
 
************************************************************************


 A04_FREE_PLASTIC_N5D01                                                          


 FINAL TIME . . . . . . . . . . . . . . . . . . .  0.6000000    

 TIME INTERVAL FOR TIME HISTORY PLOTS . . . . . .  0.1000000E-01

 TIME STEP SCALE FACTOR . . . . . . . . . . . . .  0.8000000    

 MINIMUM TIME STEP  . . . . . . . . . . . . . . .   0.000000    


 BRICK TIME STEP SCALE FACTOR . . . . . . . . . .  0.8000000    
 BRICK MINIMUM TIME STEP. . . . . . . . . . . . .   0.000000    
 MIN. TIME STEP FLAG (1:STOP RUN, 2:DELETE BRICK)     1

 QUAD TIME STEP SCALE FACTOR. . . . . . . . . . .  0.8000000    
 QUAD MINIMUM TIME STEP . . . . . . . . . . . . .   0.000000    
 MIN. TIME STEP FLAG (1:STOP RUN, 2:DELETE QUAD).     1

 SHELL TIME STEP SCALE FACTOR . . . . . . . . . .  0.8000000    
 SHELL MINIMUM TIME STEP. . . . . . . . . . . . .   0.000000    
 MIN. TIME FLAG (1:STOP, 2:DELETE, 3:SMALL STRAIN)    2

 TRUSS TIME STEP SCALE FACTOR . . . . . . . . . .  0.8000000    
 TRUSS MINIMUM TIME STEP. . . . . . . . . . . . .   0.000000    
 MIN. TIME FLAG (1:STOP, 2:DELETE). . . . . . . .     0

 BEAM TIME STEP SCALE FACTOR. . . . . . . . . . .  0.8000000    
 BEAM MINIMUM TIME STEP . . . . . . . . . . . . .   0.000000    
 MIN. TIME FLAG (1:STOP, 2:DELETE). . . . . . . .     0

 SPRING TIME STEP SCALE FACTOR. . . . . . . . . .  0.8000000    
 SPRING MINIMUM TIME STEP . . . . . . . . . . . .   0.000000    
 MIN. TIME FLAG (1:STOP, 2:DELETE). . . . . . . .     0

 AIRBAG TIME STEP SCALE FACTOR. . . . . . . . . .  0.8000000    
 AIRBAG MINIMUM TIME STEP . . . . . . . . . . . .   0.000000    
 MIN. TIME FLAG (1:STOP). . . . . . . . . . . . .     0

 CONTACT TIME STEP SCALE FACTOR . . . . . . . . .  0.8000000    
 CONTACT MINIMUM TIME STEP. . . . . . . . . . . .   0.000000    
 MIN. TIME FLAG(1:STOP, 2:REMOVE NODE FROM INTERF)    0

 PRINTOUT CYCLE FREQUENCY . . . . . . . . . . . .     1

 RESTART CYCLE FREQUENCY. . . . . . . . . . . . .   10000000

 MAXIMUM RESTART WRITE BEFORE OVERWRITE . . . . .     0

 INVERS: INPUT DECK VERSION . . . . . . . . . . .  2026
 ITTYP : FLAG FOR TYPE OF T-FILE. . . . . . . . .     4

 INITIAL TIME STEP. . . . . . . . . . . . . . . .   0.000000    
 MAXIMUM TIME STEP. . . . . . . . . . . . . . . .  0.1000000E+21

 PARALLEL ARITHMETIC ON
 NUMBER OF INTERFACES TO BE ELIMINATED. . . . . .        0

 NUMBER OF PARTS TO BE ELIMINATED . . . . . . . .        0

 NUMBER OF SOLID  ELEMENT BLOCKS TO BE ELIMINATED        0

 NUMBER OF QUAD   ELEMENT BLOCKS TO BE ELIMINATED        0

 NUMBER OF SHELL  ELEMENT BLOCKS TO BE ELIMINATED        0

 NUMBER OF TRUSS  ELEMENT BLOCKS TO BE ELIMINATED        0

 NUMBER OF BEAM   ELEMENT BLOCKS TO BE ELIMINATED        0

 NUMBER OF SPRING ELEMENT BLOCKS TO BE ELIMINATED        0

 NUMBER OF SH_3N  ELEMENT BLOCKS TO BE ELIMINATED        0

 NUMBER OF  SPH PARTICLES BLOCKS TO BE ELIMINATED        0

 NUMBER OF RIGID LINKS. . . . . . . . . . . . . .        0

 NUMBER OF NEW BOUNDARY CONDITIONS. . . . . . . .        0


 TIME FOR FIRST ANIMATION-FILE PLOT . . . . . . .   0.000000    
 TIME INTERVAL FOR ANIMATION-FILE PLOTS . . . . .  0.1000000    
 TIME TO STOP ANIMATION-FILE PLOTS. . . . . . . .  0.1000000E+21
 SENSOR FOR ANIMATION-FILE PLOTS. . . . . . . . .          0
 TIME INTERVAL FOR SENSOR ANIMATION-FILE PLOTS. .   0.000000    

 VARIABLE SAVED ON ANIMATION FILES (1: YES) :
      PLASTIC STRAIN. . . . . .     0
      DENSITY     (SOLID ONLY).     0
      SPECIFIC ENERGY . . . . .     1
      HOURGLASS ENERGY. . . . .     0
      TEMPERATURE (SOLID ONLY).     0
      THICKNESS   (SHELL ONLY).     0
      PRESSURE    (SOLID ONLY).     0
      VON MISES . . . . . . . .     0
      TURBULENT ENERGY (FLUID).     0
      TURBULENT VISCOSITY(FLUID)    0
      VORTICITY (FLUID) . . . .     0
 NODAL VALUES SAVED ON ANIMATION FILES (1: YES) :
      PRESSURE. . . . . . . . .     0
      DENSITY . . . . . . . . .     0
      TEMPERATURE . . . . . . .     0
 VECTOR SAVED ON ANIMATION FILES (1: YES) :
      VELOCITY VECTOR . . . . .     1
      DISPLACEMENT VECTOR . . .     1
      ACCELERATION VECTOR . . .     0
      CONTACT FORCES. . . . . .     0
      INTERNAL FORCES . . . . .     0
      EXTERNAL FORCES . . . . .     0
      SECTION RBY RWALL FORCES.     0
      ROTATIONAL VELOCITY VECTOR    0
      CONTACT PRESSURE (VECTORS)    0
 SHELL TENSOR SAVED ON ANIMATION FILES (1: YES) :
      MEMBRANE STRESS . . . . .     0
      BENDING STRESS(MOMENT/T^2)    0
      UPPER LAYER STRESS. . . .     0
      LOWER LAYER STRESS. . . .     0
      MEMBRANE STRAIN . . . . .     0
      CURVATURE . . . . . . . .     0
      UPPER LAYER STRAIN. . . .     0
      LOWER LAYER STRAIN. . . .     0
 NODAL MASS SAVED ON ANIMATION FILES (1: YES) :    0
 KEEP DELETED ELEMENT (1: YES) :    0


 05/10/2026
   CYCLE    TIME      TIME-STEP  ELEMENT          ERROR  I-ENERGY    K-ENERGY T  K-ENERGY R  EXT-WORK     MAS.ERR     TOTAL MASS  MASS ADDED
       0   0.000      0.7349E-03 NODE        2041   0.0%   0.000      0.2445E+13   0.000       0.000       0.000      0.1915E+09   0.000    
     ANIMATION FILE: A04_FREE_PLASTIC_N5A001 WRITTEN
       1  0.7349E-03  0.7349E-03 NODE        2041   0.0%   0.000      0.2445E+13   0.000       0.000       0.000      0.1915E+09   0.000    
       2  0.1470E-02  0.7349E-03 NODE        2041   0.0%   0.000      0.2445E+13   0.000       0.000       0.000      0.1915E+09   0.000    
       3  0.2205E-02  0.7349E-03 NODE        2041   0.0%   0.000      0.2445E+13   0.000       0.000       0.000      0.1915E+09   0.000    
       4  0.2940E-02  0.7349E-03 NODE        2041   0.0%   0.000      0.2445E+13   0.000       0.000       0.000      0.1915E+09   0.000    
       5  0.3675E-02  0.7349E-03 NODE        2041   0.0%   0.000      0.2445E+13   0.000       0.000       0.000      0.1915E+09   0.000    
       6  0.4410E-02  0.7349E-03 NODE        2041   0.0%   0.000      0.2445E+13   0.000       0.000       0.000      0.1915E+09   0.000    
       7  0.5145E-02  0.7349E-03 NODE        2041   0.0%   0.000      0.2445E+13   0.000       0.000       0.000      0.1915E+09   0.000    
       8  0.5880E-02  0.7349E-03 NODE        2041   0.0%   0.000      0.2445E+13   0.000       0.000       0.000      0.1915E+09   0.000    
       9  0.6615E-02  0.7349E-03 NODE        2041   0.0%   0.000      0.2445E+13   0.000       0.000       0.000      0.1915E+09   0.000    
      10  0.7349E-02  0.7349E-03 NODE        2041   0.0%   0.000      0.2445E+13   0.000       0.000       0.000      0.1915E+09   0.000    
      11  0.8084E-02  0.7349E-03 NODE        2041   0.0%   0.000      0.2445E+13   0.000       0.000       0.000      0.1915E+09   0.000    
      12  0.8819E-02  0.7349E-03 NODE        2041   0.0%   0.000      0.2445E+13   0.000       0.000       0.000      0.1915E+09   0.000    
      13  0.9554E-02  0.7349E-03 NODE        2041   0.0%   0.000      0.2445E+13   0.000       0.000       0.000      0.1915E+09   0.000    
      14  0.1029E-01  0.7349E-03 NODE        2041   0.0%   0.000      0.2445E+13   0.000       0.000       0.000      0.1915E+09   0.000    
      15  0.1102E-01  0.7349E-03 NODE        2041   0.0%   0.000      0.2445E+13   0.000       0.000       0.000      0.1915E+09   0.000    
      16  0.1176E-01  0.7349E-03 NODE        2041   0.0%   0.000      0.2445E+13   0.000       0.000       0.000      0.1915E+09   0.000    
      17  0.1249E-01  0.7349E-03 NODE        2041   0.0%   0.000      0.2445E+13   0.000       0.000       0.000      0.1915E+09   0.000    
      18  0.1323E-01  0.7349E-03 NODE        2041   0.0%   0.000      0.2445E+13   0.000       0.000       0.000      0.1915E+09   0.000    
      19  0.1396E-01  0.7349E-03 NODE        2041   0.0%   0.000      0.2445E+13   0.000       0.000       0.000      0.1915E+09   0.000    
      20  0.1470E-01  0.7349E-03 NODE        2041   0.0%   0.000      0.2445E+13   0.000       0.000       0.000      0.1915E+09   0.000    
      21  0.1543E-01  0.7349E-03 NODE        2041   0.0%   0.000      0.2445E+13   0.000       0.000       0.000      0.1915E+09   0.000    
      22  0.1617E-01  0.7349E-03 NODE        2041   0.0%   0.000      0.2445E+13   0.000       0.000       0.000      0.1915E+09   0.000    
      23  0.1690E-01  0.7349E-03 NODE        2041   0.0%   0.000      0.2445E+13   0.000       0.000       0.000      0.1915E+09   0.000    
      24  0.1764E-01  0.7349E-03 NODE        2041   0.0%   0.000      0.2445E+13   0.000       0.000       0.000      0.1915E+09   0.000    
      25  0.1837E-01  0.7349E-03 NODE        2041   0.0%   0.000      0.2445E+13   0.000       0.000       0.000      0.1915E+09   0.000    
      26  0.1911E-01  0.7349E-03 NODE        2041   0.0%   0.000      0.2445E+13   0.000       0.000       0.000      0.1915E+09   0.000    
      27  0.1984E-01  0.7349E-03 NODE        2041   0.0%   0.000      0.2445E+13   0.000       0.000       0.000      0.1915E+09   0.000    
      28  0.2058E-01  0.7349E-03 NODE        2041   0.0%   0.000      0.2445E+13   0.000       0.000       0.000      0.1915E+09   0.000    
      29  0.2131E-01  0.7349E-03 NODE        2041   0.0%   0.000      0.2445E+13   0.000       0.000       0.000      0.1915E+09   0.000    
      30  0.2205E-01  0.7349E-03 NODE        2041   0.0%   0.000      0.2445E+13   0.000       0.000       0.000      0.1915E+09   0.000    
      31  0.2278E-01  0.7349E-03 NODE        2041   0.0%   0.000      0.2445E+13   0.000       0.000       0.000      0.1915E+09   0.000    
      32  0.2352E-01  0.7349E-03 NODE        2041   0.0%   0.000      0.2445E+13   0.000       0.000       0.000      0.1915E+09   0.000    
      33  0.2425E-01  0.7349E-03 NODE        2041   0.0%   0.000      0.2445E+13   0.000       0.000       0.000      0.1915E+09   0.000    
      34  0.2499E-01  0.7349E-03 NODE        2041   0.0%   0.000      0.2445E+13   0.000       0.000       0.000      0.1915E+09   0.000    
      35  0.2572E-01  0.7349E-03 NODE        2041   0.0%   0.000      0.2445E+13   0.000       0.000       0.000      0.1915E+09   0.000    
      36  0.2646E-01  0.7349E-03 NODE        2041   0.0%   0.000      0.2445E+13   0.000       0.000       0.000      0.1915E+09   0.000    
      37  0.2719E-01  0.7349E-03 NODE        2041   0.0%   0.000      0.2445E+13   0.000       0.000       0.000      0.1915E+09   0.000    
      38  0.2793E-01  0.7349E-03 NODE        2041   0.0%   0.000      0.2445E+13   0.000       0.000       0.000      0.1915E+09   0.000    
      39  0.2866E-01  0.7349E-03 NODE        2041   0.0%   0.000      0.2445E+13   0.000       0.000       0.000      0.1915E+09   0.000    
      40  0.2940E-01  0.7349E-03 NODE        2041   0.0%   0.000      0.2445E+13   0.000       0.000       0.000      0.1915E+09   0.000    
      41  0.3013E-01  0.7349E-03 NODE        2041   0.0%   0.000      0.2445E+13   0.000       0.000       0.000      0.1915E+09   0.000    
      42  0.3087E-01  0.7349E-03 NODE        2041   0.0%   0.000      0.2445E+13   0.000       0.000       0.000      0.1915E+09   0.000    
      43  0.3160E-01  0.7349E-03 NODE        2041   0.0%   0.000      0.2445E+13   0.000       0.000       0.000      0.1915E+09   0.000    
      44  0.3234E-01  0.7349E-03 NODE        2041   0.0%   0.000      0.2445E+13   0.000       0.000       0.000      0.1915E+09   0.000    
      45  0.3307E-01  0.7349E-03 NODE        2041   0.0%   0.000      0.2445E+13   0.000       0.000       0.000      0.1915E+09   0.000    
      46  0.3381E-01  0.7349E-03 NODE        2041   0.0%   0.000      0.2445E+13   0.000       0.000       0.000      0.1915E+09   0.000    
      47  0.3454E-01  0.7349E-03 NODE        2041   0.0%   0.000      0.2445E+13   0.000       0.000       0.000      0.1915E+09   0.000    
      48  0.3528E-01  0.7349E-03 NODE        2041   0.0%   0.000      0.2445E+13   0.000       0.000       0.000      0.1915E+09   0.000    
      49  0.3601E-01  0.7349E-03 NODE        2041   0.0%   0.000      0.2445E+13   0.000       0.000       0.000      0.1915E+09   0.000    
      50  0.3675E-01  0.7349E-03 NODE        2041   0.0%   0.000      0.2445E+13   0.000       0.000       0.000      0.1915E+09   0.000    
      51  0.3748E-01  0.7349E-03 NODE        2041   0.0%   0.000      0.2445E+13   0.000       0.000       0.000      0.1915E+09   0.000    
      52  0.3822E-01  0.7349E-03 NODE        2041   0.0%   0.000      0.2445E+13   0.000       0.000       0.000      0.1915E+09   0.000    
      53  0.3895E-01  0.7349E-03 NODE        2041   0.0%   0.000      0.2445E+13   0.000       0.000       0.000      0.1915E+09   0.000    
      54  0.3969E-01  0.7349E-03 NODE        2041   0.0%   0.000      0.2445E+13   0.000       0.000       0.000      0.1915E+09   0.000    
      55  0.4042E-01  0.7349E-03 NODE        2041   0.0%   0.000      0.2445E+13   0.000       0.000       0.000      0.1915E+09   0.000    
      56  0.4116E-01  0.7349E-03 NODE        2041   0.0%   0.000      0.2445E+13   0.000       0.000       0.000      0.1915E+09   0.000    
      57  0.4189E-01  0.7349E-03 NODE        2041   0.0%   0.000      0.2445E+13   0.000       0.000       0.000      0.1915E+09   0.000    
      58  0.4263E-01  0.7349E-03 NODE        2041   0.0%   0.000      0.2445E+13   0.000       0.000       0.000      0.1915E+09   0.000    
      59  0.4336E-01  0.7349E-03 NODE        2041   0.0%   0.000      0.2445E+13   0.000       0.000       0.000      0.1915E+09   0.000    
      60  0.4410E-01  0.7349E-03 NODE        2041   0.0%   0.000      0.2445E+13   0.000       0.000       0.000      0.1915E+09   0.000    
      61  0.4483E-01  0.7349E-03 NODE        2041   0.0%   0.000      0.2445E+13   0.000       0.000       0.000      0.1915E+09   0.000    
      62  0.4557E-01  0.7349E-03 NODE        2041   0.0%   0.000      0.2445E+13   0.000       0.000       0.000      0.1915E+09   0.000    
      63  0.4630E-01  0.7349E-03 NODE        2041   0.0%   0.000      0.2445E+13   0.000       0.000       0.000      0.1915E+09   0.000    
      64  0.4704E-01  0.7349E-03 NODE        2041   0.0%   0.000      0.2445E+13   0.000       0.000       0.000      0.1915E+09   0.000    
      65  0.4777E-01  0.7349E-03 NODE        2041   0.0%   0.000      0.2445E+13   0.000       0.000       0.000      0.1915E+09   0.000    
      66  0.4851E-01  0.7349E-03 NODE        2041   0.0%   0.000      0.2445E+13   0.000       0.000       0.000      0.1915E+09   0.000    
      67  0.4924E-01  0.7349E-03 NODE        2041   0.0%   0.000      0.2445E+13   0.000       0.000       0.000      0.1915E+09   0.000    
      68  0.4998E-01  0.7349E-03 NODE        2041   0.0%   0.000      0.2445E+13   0.000       0.000       0.000      0.1915E+09   0.000    
      69  0.5071E-01  0.7349E-03 NODE        2041   0.0%   0.000      0.2445E+13   0.000       0.000       0.000      0.1915E+09   0.000    
      70  0.5145E-01  0.7349E-03 NODE        2041   0.0%   0.000      0.2445E+13   0.000       0.000       0.000      0.1915E+09   0.000    
      71  0.5218E-01  0.7349E-03 NODE        2041   0.0%   0.000      0.2445E+13   0.000       0.000       0.000      0.1915E+09   0.000    
      72  0.5292E-01  0.7349E-03 NODE        2041   0.0%   0.000      0.2445E+13   0.000       0.000       0.000      0.1915E+09   0.000    
      73  0.5365E-01  0.7349E-03 NODE        2041   0.0%   0.000      0.2445E+13   0.000       0.000       0.000      0.1915E+09   0.000    
      74  0.5439E-01  0.7349E-03 NODE        2041   0.0%   0.000      0.2445E+13   0.000       0.000       0.000      0.1915E+09   0.000    
      75  0.5512E-01  0.7349E-03 NODE        2041   0.0%   0.000      0.2445E+13   0.000       0.000       0.000      0.1915E+09   0.000    
      76  0.5586E-01  0.7349E-03 NODE        2041   0.0%   0.000      0.2445E+13   0.000       0.000       0.000      0.1915E+09   0.000    
      77  0.5659E-01  0.7349E-03 NODE        2041   0.0%   0.000      0.2445E+13   0.000       0.000       0.000      0.1915E+09   0.000    
      78  0.5733E-01  0.7349E-03 NODE        2041   0.0%   0.000      0.2445E+13   0.000       0.000       0.000      0.1915E+09   0.000    
      79  0.5806E-01  0.7349E-03 NODE        2041   0.0%   0.000      0.2445E+13   0.000       0.000       0.000      0.1915E+09   0.000    
      80  0.5880E-01  0.7349E-03 NODE        2041   0.0%   0.000      0.2445E+13   0.000       0.000       0.000      0.1915E+09   0.000    
      81  0.5953E-01  0.7349E-03 NODE        2041   0.0%   0.000      0.2445E+13   0.000       0.000       0.000      0.1915E+09   0.000    
      82  0.6027E-01  0.7349E-03 NODE        2041   0.0%   0.000      0.2445E+13   0.000       0.000       0.000      0.1915E+09   0.000    
      83  0.6100E-01  0.7349E-03 NODE        2041   0.0%   0.000      0.2445E+13   0.000       0.000       0.000      0.1915E+09   0.000    
      84  0.6174E-01  0.7349E-03 NODE        2041   0.0%   0.000      0.2445E+13   0.000       0.000       0.000      0.1915E+09   0.000    
      85  0.6247E-01  0.7349E-03 NODE        2041   0.0%   0.000      0.2445E+13   0.000       0.000       0.000      0.1915E+09   0.000    
      86  0.6321E-01  0.7349E-03 NODE        2041   0.0%   0.000      0.2445E+13   0.000       0.000       0.000      0.1915E+09   0.000    
      87  0.6394E-01  0.7349E-03 NODE        2041   0.0%   0.000      0.2445E+13   0.000       0.000       0.000      0.1915E+09   0.000    
      88  0.6468E-01  0.7349E-03 NODE        2041   0.0%   0.000      0.2445E+13   0.000       0.000       0.000      0.1915E+09   0.000    
      89  0.6541E-01  0.7349E-03 NODE        2041   0.0%   0.000      0.2445E+13   0.000       0.000       0.000      0.1915E+09   0.000    
      90  0.6615E-01  0.7349E-03 NODE        2041   0.0%   0.000      0.2445E+13   0.000       0.000       0.000      0.1915E+09   0.000    
      91  0.6688E-01  0.7349E-03 NODE        2041   0.0%   0.000      0.2445E+13   0.000       0.000       0.000      0.1915E+09   0.000    
      92  0.6761E-01  0.7349E-03 NODE        2041   0.0%   0.000      0.2445E+13   0.000       0.000       0.000      0.1915E+09   0.000    
      93  0.6835E-01  0.7349E-03 NODE        2041   0.0%   0.000      0.2445E+13   0.000       0.000       0.000      0.1915E+09   0.000    
      94  0.6908E-01  0.7349E-03 NODE        2041   0.0%   0.000      0.2445E+13   0.000       0.000       0.000      0.1915E+09   0.000    
      95  0.6982E-01  0.7349E-03 NODE        2041   0.0%   0.000      0.2445E+13   0.000       0.000       0.000      0.1915E+09   0.000    
      96  0.7055E-01  0.7349E-03 NODE        2041   0.0%   0.000      0.2445E+13   0.000       0.000       0.000      0.1915E+09   0.000    
      97  0.7129E-01  0.7349E-03 NODE        2041   0.0%   0.000      0.2445E+13   0.000       0.000       0.000      0.1915E+09   0.000    
      98  0.7202E-01  0.7349E-03 NODE        2041   0.0%   0.000      0.2445E+13   0.000       0.000       0.000      0.1915E+09   0.000    
      99  0.7276E-01  0.7349E-03 NODE        2041   0.0%   0.000      0.2445E+13   0.000       0.000       0.000      0.1915E+09   0.000    
   CYCLE    TIME      TIME-STEP  ELEMENT          ERROR  I-ENERGY    K-ENERGY T  K-ENERGY R  EXT-WORK     MAS.ERR     TOTAL MASS  MASS ADDED
     100  0.7349E-01  0.7349E-03 NODE        2041   0.0%   0.000      0.2445E+13   0.000       0.000       0.000      0.1915E+09   0.000    
     101  0.7423E-01  0.7349E-03 NODE        2041   0.0%   0.000      0.2445E+13   0.000       0.000       0.000      0.1915E+09   0.000    
     102  0.7496E-01  0.7349E-03 NODE        2041   0.0%   0.000      0.2445E+13   0.000       0.000       0.000      0.1915E+09   0.000    
     103  0.7570E-01  0.7349E-03 NODE        2041   0.0%   0.000      0.2445E+13   0.000       0.000       0.000      0.1915E+09   0.000    
     104  0.7643E-01  0.7349E-03 NODE        2041   0.0%   0.000      0.2445E+13   0.000       0.000       0.000      0.1915E+09   0.000    
     105  0.7717E-01  0.7349E-03 NODE        2041   0.0%   0.000      0.2445E+13   0.000       0.000       0.000      0.1915E+09   0.000    
     106  0.7790E-01  0.7349E-03 NODE        2041   0.0%   0.000      0.2445E+13   0.000       0.000       0.000      0.1915E+09   0.000    
     107  0.7864E-01  0.7349E-03 NODE        2041   0.0%   0.000      0.2445E+13   0.000       0.000       0.000      0.1915E+09   0.000    
     108  0.7937E-01  0.7349E-03 NODE        2041   0.0%   0.000      0.2445E+13   0.000       0.000       0.000      0.1915E+09   0.000    
     109  0.8011E-01  0.7349E-03 NODE        2041   0.0%   0.000      0.2445E+13   0.000       0.000       0.000      0.1915E+09   0.000    
     110  0.8084E-01  0.7349E-03 NODE        2041   0.0%   0.000      0.2445E+13   0.000       0.000       0.000      0.1915E+09   0.000    
     111  0.8158E-01  0.7349E-03 NODE        2041   0.0%   0.000      0.2445E+13   0.000       0.000       0.000      0.1915E+09   0.000    
     112  0.8231E-01  0.7349E-03 NODE        2041   0.0%   0.000      0.2445E+13   0.000       0.000       0.000      0.1915E+09   0.000    
     113  0.8305E-01  0.7349E-03 NODE        2041   0.0%   0.000      0.2445E+13   0.000       0.000       0.000      0.1915E+09   0.000    
     114  0.8378E-01  0.7349E-03 NODE        2041   0.0%   0.000      0.2445E+13   0.000       0.000       0.000      0.1915E+09   0.000    
     115  0.8452E-01  0.7349E-03 NODE        2041   0.0%   0.000      0.2445E+13   0.000       0.000       0.000      0.1915E+09   0.000    
     116  0.8525E-01  0.7349E-03 NODE        2041   0.0%   0.000      0.2445E+13   0.000       0.000       0.000      0.1915E+09   0.000    
     117  0.8599E-01  0.7349E-03 NODE        2041   0.0%   0.000      0.2445E+13   0.000       0.000       0.000      0.1915E+09   0.000    
     118  0.8672E-01  0.7349E-03 NODE        2041   0.0%   0.000      0.2445E+13   0.000       0.000       0.000      0.1915E+09   0.000    
     119  0.8746E-01  0.7349E-03 NODE        2041   0.0%   0.000      0.2445E+13   0.000       0.000       0.000      0.1915E+09   0.000    
     120  0.8819E-01  0.7349E-03 NODE        2041   0.0%   0.000      0.2445E+13   0.000       0.000       0.000      0.1915E+09   0.000    
     121  0.8893E-01  0.7349E-03 NODE        2041   0.0%   0.000      0.2445E+13   0.000       0.000       0.000      0.1915E+09   0.000    
     122  0.8966E-01  0.7349E-03 NODE        2041   0.0%   0.000      0.2445E+13   0.000       0.000       0.000      0.1915E+09   0.000    
     123  0.9040E-01  0.7349E-03 NODE        2041   0.0%   0.000      0.2445E+13   0.000       0.000       0.000      0.1915E+09   0.000    
     124  0.9113E-01  0.7349E-03 NODE        2041   0.0%   0.000      0.2445E+13   0.000       0.000       0.000      0.1915E+09   0.000    
     125  0.9187E-01  0.7349E-03 NODE        2041   0.0%   0.000      0.2445E+13   0.000       0.000       0.000      0.1915E+09   0.000    
     126  0.9260E-01  0.7349E-03 NODE        2041   0.0%   0.000      0.2445E+13   0.000       0.000       0.000      0.1915E+09   0.000    
     127  0.9334E-01  0.7349E-03 NODE        2041   0.0%   0.000      0.2445E+13   0.000       0.000       0.000      0.1915E+09   0.000    
     128  0.9407E-01  0.7349E-03 NODE        2041   0.0%   0.000      0.2445E+13   0.000       0.000       0.000      0.1915E+09   0.000    
     129  0.9481E-01  0.7349E-03 NODE        2041   0.0%   0.000      0.2445E+13   0.000       0.000       0.000      0.1915E+09   0.000    
     130  0.9554E-01  0.7349E-03 NODE        2041   0.0%   0.000      0.2445E+13   0.000       0.000       0.000      0.1915E+09   0.000    
     131  0.9628E-01  0.7349E-03 NODE        2041   0.0%   0.000      0.2445E+13   0.000       0.000       0.000      0.1915E+09   0.000    
     132  0.9701E-01  0.7349E-03 NODE        2041   0.0%   0.000      0.2445E+13   0.000       0.000       0.000      0.1915E+09   0.000    
     133  0.9775E-01  0.7349E-03 NODE        2041   0.0%   0.000      0.2445E+13   0.000       0.000       0.000      0.1915E+09   0.000    
     134  0.9848E-01  0.7349E-03 NODE        2041   0.0%   0.000      0.2445E+13   0.000       0.000       0.000      0.1915E+09   0.000    
     135  0.9922E-01  0.7349E-03 NODE        2041   0.0%   0.000      0.2445E+13   0.000       0.000       0.000      0.1915E+09   0.000    
     136  0.1000      0.7349E-03 NODE        2041   0.0%   0.000      0.2445E+13   0.000       0.000       0.000      0.1915E+09   0.000    
     137  0.1007      0.7349E-03 NODE        2041   0.0%   0.000      0.2445E+13   0.000       0.000       0.000      0.1915E+09   0.000    
     ANIMATION FILE: A04_FREE_PLASTIC_N5A002 WRITTEN
     138  0.1014      0.7349E-03 NODE        2041   0.0%   0.000      0.2445E+13   0.000       0.000       0.000      0.1915E+09   0.000    
     139  0.1022      0.7349E-03 NODE        2041   0.0%   0.000      0.2445E+13   0.000       0.000       0.000      0.1915E+09   0.000    
     140  0.1029      0.7349E-03 NODE        2041   0.0%   0.000      0.2445E+13   0.000       0.000       0.000      0.1915E+09   0.000    
     141  0.1036      0.7349E-03 NODE        2041   0.0%   0.000      0.2445E+13   0.000       0.000       0.000      0.1915E+09   0.000    
     142  0.1044      0.7349E-03 NODE        2041   0.0%   0.000      0.2445E+13   0.000       0.000       0.000      0.1915E+09   0.000    
     143  0.1051      0.7349E-03 NODE        2041   0.0%   0.000      0.2445E+13   0.000       0.000       0.000      0.1915E+09   0.000    
     144  0.1058      0.7349E-03 NODE        2041   0.0%   0.000      0.2445E+13   0.000       0.000       0.000      0.1915E+09   0.000    
     145  0.1066      0.7349E-03 NODE        2041   0.0%   0.000      0.2445E+13   0.000       0.000       0.000      0.1915E+09   0.000    
     146  0.1073      0.7349E-03 NODE        2041   0.0%   0.000      0.2445E+13   0.000       0.000       0.000      0.1915E+09   0.000    
     147  0.1080      0.7349E-03 NODE        2041   0.0%   0.000      0.2445E+13   0.000       0.000       0.000      0.1915E+09   0.000    
     148  0.1088      0.7349E-03 NODE        2041   0.0%   0.000      0.2445E+13   0.000       0.000       0.000      0.1915E+09   0.000    
     149  0.1095      0.7349E-03 NODE        2041   0.0%   0.000      0.2445E+13   0.000       0.000       0.000      0.1915E+09   0.000    
     150  0.1102      0.7349E-03 NODE        2041   0.0%   0.000      0.2445E+13   0.000       0.000       0.000      0.1915E+09   0.000    
     151  0.1110      0.7349E-03 NODE        2041   0.0%   0.000      0.2445E+13   0.000       0.000       0.000      0.1915E+09   0.000    
     152  0.1117      0.7349E-03 NODE        2041   0.0%   0.000      0.2445E+13   0.000       0.000       0.000      0.1915E+09   0.000    
     153  0.1124      0.7349E-03 NODE        2041   0.0%   0.000      0.2445E+13   0.000       0.000       0.000      0.1915E+09   0.000    
     154  0.1132      0.7349E-03 NODE        2041   0.0%   0.000      0.2445E+13   0.000       0.000       0.000      0.1915E+09   0.000    
     155  0.1139      0.7349E-03 NODE        2041   0.0%   0.000      0.2445E+13   0.000       0.000       0.000      0.1915E+09   0.000    
     156  0.1147      0.7349E-03 NODE        2041   0.0%   0.000      0.2445E+13   0.000       0.000       0.000      0.1915E+09   0.000    
     157  0.1154      0.7349E-03 NODE        2041   0.0%   0.000      0.2445E+13   0.000       0.000       0.000      0.1915E+09   0.000    
     158  0.1161      0.7349E-03 NODE        2041   0.0%   0.000      0.2445E+13   0.000       0.000       0.000      0.1915E+09   0.000    
     159  0.1169      0.7349E-03 NODE        2041   0.0%   0.000      0.2445E+13   0.000       0.000       0.000      0.1915E+09   0.000    
     160  0.1176      0.7349E-03 NODE        2041   0.0%   0.000      0.2445E+13   0.000       0.000       0.000      0.1915E+09   0.000    
     161  0.1183      0.7349E-03 NODE        2041   0.0%   0.000      0.2445E+13   0.000       0.000       0.000      0.1915E+09   0.000    
     162  0.1191      0.7349E-03 NODE        2041   0.0%   0.000      0.2445E+13   0.000       0.000       0.000      0.1915E+09   0.000    
     163  0.1198      0.7349E-03 NODE        2041   0.0%   0.000      0.2445E+13   0.000       0.000       0.000      0.1915E+09   0.000    
     164  0.1205      0.7349E-03 NODE        2041   0.0%   0.000      0.2445E+13   0.000       0.000       0.000      0.1915E+09   0.000    
     165  0.1213      0.7349E-03 NODE        2041   0.0%   0.000      0.2445E+13   0.000       0.000       0.000      0.1915E+09   0.000    
     166  0.1220      0.7349E-03 NODE        2041   0.0%   0.000      0.2445E+13   0.000       0.000       0.000      0.1915E+09   0.000    
     167  0.1227      0.7349E-03 NODE        2041   0.0%   0.000      0.2445E+13   0.000       0.000       0.000      0.1915E+09   0.000    
     168  0.1235      0.7349E-03 NODE        2041   0.0%   0.000      0.2445E+13   0.000       0.000       0.000      0.1915E+09   0.000    
     169  0.1242      0.7349E-03 NODE        2041   0.0%   0.000      0.2445E+13   0.000       0.000       0.000      0.1915E+09   0.000    
     170  0.1249      0.7349E-03 NODE        2041   0.0%   0.000      0.2445E+13   0.000       0.000       0.000      0.1915E+09   0.000    
     171  0.1257      0.7349E-03 NODE        2041   0.0%   0.000      0.2445E+13   0.000       0.000       0.000      0.1915E+09   0.000    
     172  0.1264      0.7349E-03 NODE        2041   0.0%   0.000      0.2445E+13   0.000       0.000       0.000      0.1915E+09   0.000    
     173  0.1271      0.7349E-03 NODE        2041   0.0%   0.000      0.2445E+13   0.000       0.000       0.000      0.1915E+09   0.000    
     174  0.1279      0.7349E-03 NODE        2041   0.0%   0.000      0.2445E+13   0.000       0.000       0.000      0.1915E+09   0.000    
     175  0.1286      0.7349E-03 NODE        2041   0.0%   0.000      0.2445E+13   0.000       0.000       0.000      0.1915E+09   0.000    
     176  0.1294      0.7349E-03 NODE        2041   0.0%   0.000      0.2445E+13   0.000       0.000       0.000      0.1915E+09   0.000    
     177  0.1301      0.7349E-03 NODE        2041   0.0%   0.000      0.2445E+13   0.000       0.000       0.000      0.1915E+09   0.000    
     178  0.1308      0.7349E-03 NODE        2041   0.0%   0.000      0.2445E+13   0.000       0.000       0.000      0.1915E+09   0.000    
     179  0.1316      0.7349E-03 NODE        2041   0.0%   0.000      0.2445E+13   0.000       0.000       0.000      0.1915E+09   0.000    
     180  0.1323      0.7349E-03 NODE        2041   0.0%   0.000      0.2445E+13   0.000       0.000       0.000      0.1915E+09   0.000    
     181  0.1330      0.7349E-03 NODE        2041   0.0%   0.000      0.2445E+13   0.000       0.000       0.000      0.1915E+09   0.000    
     182  0.1338      0.7349E-03 NODE        2041   0.0%   0.000      0.2445E+13   0.000       0.000       0.000      0.1915E+09   0.000    
     183  0.1345      0.7349E-03 NODE        2041   0.0%   0.000      0.2445E+13   0.000       0.000       0.000      0.1915E+09   0.000    
     184  0.1352      0.7349E-03 NODE        2041   0.0%   0.000      0.2445E+13   0.000       0.000       0.000      0.1915E+09   0.000    
     185  0.1360      0.7349E-03 NODE        2041   0.0%   0.000      0.2445E+13   0.000       0.000       0.000      0.1915E+09   0.000    
     186  0.1367      0.7349E-03 NODE        2041   0.0%   0.000      0.2445E+13   0.000       0.000       0.000      0.1915E+09   0.000    
     187  0.1374      0.7349E-03 NODE        2041   0.0%   0.000      0.2445E+13   0.000       0.000       0.000      0.1915E+09   0.000    
     188  0.1382      0.7349E-03 NODE        2041   0.0%   0.000      0.2445E+13   0.000       0.000       0.000      0.1915E+09   0.000    
     189  0.1389      0.7349E-03 NODE        2041   0.0%   0.000      0.2445E+13   0.000       0.000       0.000      0.1915E+09   0.000    
     190  0.1396      0.7349E-03 NODE        2041   0.0%   0.000      0.2445E+13   0.000       0.000       0.000      0.1915E+09   0.000    
     191  0.1404      0.7349E-03 NODE        2041   0.0%   0.000      0.2445E+13   0.000       0.000       0.000      0.1915E+09   0.000    
     192  0.1411      0.7349E-03 NODE        2041   0.0%   0.000      0.2445E+13   0.000       0.000       0.000      0.1915E+09   0.000    
     193  0.1418      0.7349E-03 NODE        2041   0.0%   0.000      0.2445E+13   0.000       0.000       0.000      0.1915E+09   0.000    
     194  0.1426      0.7349E-03 NODE        2041   0.0%   0.000      0.2445E+13   0.000       0.000       0.000      0.1915E+09   0.000    
     195  0.1433      0.7349E-03 NODE        2041   0.0%   0.000      0.2445E+13   0.000       0.000       0.000      0.1915E+09   0.000    
     196  0.1440      0.7349E-03 NODE        2041   0.0%   0.000      0.2445E+13   0.000       0.000       0.000      0.1915E+09   0.000    
     197  0.1448      0.7349E-03 NODE        2041   0.0%   0.000      0.2445E+13   0.000       0.000       0.000      0.1915E+09   0.000    
     198  0.1455      0.7349E-03 NODE        2041   0.0%   0.000      0.2445E+13   0.000       0.000       0.000      0.1915E+09   0.000    
     199  0.1463      0.7349E-03 NODE        2041   0.0%   0.000      0.2445E+13   0.000       0.000       0.000      0.1915E+09   0.000    
   CYCLE    TIME      TIME-STEP  ELEMENT          ERROR  I-ENERGY    K-ENERGY T  K-ENERGY R  EXT-WORK     MAS.ERR     TOTAL MASS  MASS ADDED
     200  0.1470      0.7349E-03 NODE        2041   0.0%   0.000      0.2445E+13   0.000       0.000       0.000      0.1915E+09   0.000    
     201  0.1477      0.7349E-03 NODE        2041   0.0%   0.000      0.2445E+13   0.000       0.000       0.000      0.1915E+09   0.000    
     202  0.1485      0.7349E-03 NODE        2041   0.0%   0.000      0.2445E+13   0.000       0.000       0.000      0.1915E+09   0.000    
     203  0.1492      0.7349E-03 NODE        2041   0.0%   0.000      0.2445E+13   0.000       0.000       0.000      0.1915E+09   0.000    
     204  0.1499      0.7349E-03 NODE        2041   0.0%   0.000      0.2445E+13   0.000       0.000       0.000      0.1915E+09   0.000    
     205  0.1507      0.7349E-03 NODE        2041   0.0%   0.000      0.2445E+13   0.000       0.000       0.000      0.1915E+09   0.000    
     206  0.1514      0.7349E-03 NODE        2041   0.0%   0.000      0.2445E+13   0.000       0.000       0.000      0.1915E+09   0.000    
     207  0.1521      0.7349E-03 NODE        2041   0.0%   0.000      0.2445E+13   0.000       0.000       0.000      0.1915E+09   0.000    
     208  0.1529      0.7349E-03 NODE        2041   0.0%   0.000      0.2445E+13   0.000       0.000       0.000      0.1915E+09   0.000    
     209  0.1536      0.7349E-03 NODE        2041   0.0%   0.000      0.2445E+13   0.000       0.000       0.000      0.1915E+09   0.000    
     210  0.1543      0.7349E-03 NODE        2041   0.0%   0.000      0.2445E+13   0.000       0.000       0.000      0.1915E+09   0.000    
     211  0.1551      0.7349E-03 NODE        2041   0.0%   0.000      0.2445E+13   0.000       0.000       0.000      0.1915E+09   0.000    
     212  0.1558      0.7349E-03 NODE        2041   0.0%   0.000      0.2445E+13   0.000       0.000       0.000      0.1915E+09   0.000    
     213  0.1565      0.7349E-03 NODE        2041   0.0%   0.000      0.2445E+13   0.000       0.000       0.000      0.1915E+09   0.000    
     214  0.1573      0.7349E-03 NODE        2041   0.0%   0.000      0.2445E+13   0.000       0.000       0.000      0.1915E+09   0.000    
     215  0.1580      0.7349E-03 NODE        2041   0.0%   0.000      0.2445E+13   0.000       0.000       0.000      0.1915E+09   0.000    
     216  0.1587      0.7349E-03 NODE        2041   0.0%   0.000      0.2445E+13   0.000       0.000       0.000      0.1915E+09   0.000    
     217  0.1595      0.7349E-03 NODE        2041   0.0%   0.000      0.2445E+13   0.000       0.000       0.000      0.1915E+09   0.000    
     218  0.1602      0.7349E-03 NODE        2041   0.0%   0.000      0.2445E+13   0.000       0.000       0.000      0.1915E+09   0.000    
     219  0.1610      0.7349E-03 NODE        2041   0.0%   0.000      0.2445E+13   0.000       0.000       0.000      0.1915E+09   0.000    
     220  0.1617      0.7349E-03 NODE        2041   0.0%   0.000      0.2445E+13   0.000       0.000       0.000      0.1915E+09   0.000    
     221  0.1624      0.7349E-03 NODE        2041   0.0%   0.000      0.2445E+13   0.000       0.000       0.000      0.1915E+09   0.000    
     222  0.1632      0.7349E-03 NODE        2041   0.0%   0.000      0.2445E+13   0.000       0.000       0.000      0.1915E+09   0.000    
     223  0.1639      0.7349E-03 NODE        2041   0.0%   0.000      0.2445E+13   0.000       0.000       0.000      0.1915E+09   0.000    
     224  0.1646      0.7349E-03 NODE        2041   0.0%   0.000      0.2445E+13   0.000       0.000       0.000      0.1915E+09   0.000    
     225  0.1654      0.7349E-03 NODE        2041   0.0%   0.000      0.2445E+13   0.000       0.000       0.000      0.1915E+09   0.000    
     226  0.1661      0.7349E-03 NODE        2041   0.0%   0.000      0.2445E+13   0.000       0.000       0.000      0.1915E+09   0.000    
     227  0.1668      0.7349E-03 NODE        2041   0.0%   0.000      0.2445E+13   0.000       0.000       0.000      0.1915E+09   0.000    
     228  0.1676      0.7349E-03 NODE        2041   0.0%   0.000      0.2445E+13   0.000       0.000       0.000      0.1915E+09   0.000    
     229  0.1683      0.7349E-03 NODE        2041   0.0%   0.000      0.2445E+13   0.000       0.000       0.000      0.1915E+09   0.000    
     230  0.1690      0.7349E-03 NODE        2041   0.0%   0.000      0.2445E+13   0.000       0.000       0.000      0.1915E+09   0.000    
     231  0.1698      0.7349E-03 NODE        2041   0.0%   0.000      0.2445E+13   0.000       0.000       0.000      0.1915E+09   0.000    
     232  0.1705      0.7349E-03 NODE        2041   0.0%   0.000      0.2445E+13   0.000       0.000       0.000      0.1915E+09   0.000    
     233  0.1712      0.7349E-03 NODE        2041   0.0%   0.000      0.2445E+13   0.000       0.000       0.000      0.1915E+09   0.000    
     234  0.1720      0.7349E-03 NODE        2041   0.0%   0.000      0.2445E+13   0.000       0.000       0.000      0.1915E+09   0.000    
     235  0.1727      0.7349E-03 NODE        2041   0.0%   0.000      0.2445E+13   0.000       0.000       0.000      0.1915E+09   0.000    
     236  0.1734      0.7349E-03 NODE        2041   0.0%   0.000      0.2445E+13   0.000       0.000       0.000      0.1915E+09   0.000    
     237  0.1742      0.7349E-03 NODE        2041   0.0%   0.000      0.2445E+13   0.000       0.000       0.000      0.1915E+09   0.000    
     238  0.1749      0.7349E-03 NODE        2041   0.0%   0.000      0.2445E+13   0.000       0.000       0.000      0.1915E+09   0.000    
     239  0.1757      0.7349E-03 NODE        2041   0.0%   0.000      0.2445E+13   0.000       0.000       0.000      0.1915E+09   0.000    
     240  0.1764      0.7349E-03 NODE        2041   0.0%   0.000      0.2445E+13   0.000       0.000       0.000      0.1915E+09   0.000    
     241  0.1771      0.7349E-03 NODE        2041   0.0%   0.000      0.2445E+13   0.000       0.000       0.000      0.1915E+09   0.000    
     242  0.1779      0.7349E-03 NODE        2041   0.0%   0.000      0.2445E+13   0.000       0.000       0.000      0.1915E+09   0.000    
     243  0.1786      0.7349E-03 NODE        2041   0.0%   0.000      0.2445E+13   0.000       0.000       0.000      0.1915E+09   0.000    
     244  0.1793      0.7349E-03 NODE        2041   0.0%   0.000      0.2445E+13   0.000       0.000       0.000      0.1915E+09   0.000    
     245  0.1801      0.7349E-03 NODE        2041   0.0%   0.000      0.2445E+13   0.000       0.000       0.000      0.1915E+09   0.000    
     246  0.1808      0.7349E-03 NODE        2041   0.0%   0.000      0.2445E+13   0.000       0.000       0.000      0.1915E+09   0.000    
     247  0.1815      0.7349E-03 NODE        2041   0.0%   0.000      0.2445E+13   0.000       0.000       0.000      0.1915E+09   0.000    
     248  0.1823      0.7349E-03 NODE        2041   0.0%   0.000      0.2445E+13   0.000       0.000       0.000      0.1915E+09   0.000    
     249  0.1830      0.7349E-03 NODE        2041   0.0%   0.000      0.2445E+13   0.000       0.000       0.000      0.1915E+09   0.000    
     250  0.1837      0.7349E-03 NODE        2041   0.0%   0.000      0.2445E+13   0.000       0.000       0.000      0.1915E+09   0.000    
     251  0.1845      0.7349E-03 NODE        2041   0.0%   0.000      0.2445E+13   0.000       0.000       0.000      0.1915E+09   0.000    
     252  0.1852      0.7349E-03 NODE        2041   0.0%   0.000      0.2445E+13   0.000       0.000       0.000      0.1915E+09   0.000    
     253  0.1859      0.7349E-03 NODE        2041   0.0%   0.000      0.2445E+13   0.000       0.000       0.000      0.1915E+09   0.000    
     254  0.1867      0.7349E-03 NODE        2041   0.0%   0.000      0.2445E+13   0.000       0.000       0.000      0.1915E+09   0.000    
     255  0.1874      0.7349E-03 NODE        2041   0.0%   0.000      0.2445E+13   0.000       0.000       0.000      0.1915E+09   0.000    
     256  0.1881      0.7349E-03 NODE        2041   0.0%   0.000      0.2445E+13   0.000       0.000       0.000      0.1915E+09   0.000    
     257  0.1889      0.7349E-03 NODE        2041   0.0%   0.000      0.2445E+13   0.000       0.000       0.000      0.1915E+09   0.000    
     258  0.1896      0.7349E-03 NODE        2041   0.0%   0.000      0.2445E+13   0.000       0.000       0.000      0.1915E+09   0.000    
     259  0.1904      0.7349E-03 NODE        2041   0.0%   0.000      0.2445E+13   0.000       0.000       0.000      0.1915E+09   0.000    
     260  0.1911      0.7349E-03 NODE        2041   0.0%   0.000      0.2445E+13   0.000       0.000       0.000      0.1915E+09   0.000    
     261  0.1918      0.7349E-03 NODE        2041   0.0%   0.000      0.2445E+13   0.000       0.000       0.000      0.1915E+09   0.000    
     262  0.1926      0.7349E-03 NODE        2041   0.0%   0.000      0.2445E+13   0.000       0.000       0.000      0.1915E+09   0.000    
     263  0.1933      0.7349E-03 NODE        2041   0.0%   0.000      0.2445E+13   0.000       0.000       0.000      0.1915E+09   0.000    
     264  0.1940      0.7349E-03 NODE        2041   0.0%   0.000      0.2445E+13   0.000       0.000       0.000      0.1915E+09   0.000    
     265  0.1948      0.7349E-03 NODE        2041   0.0%   0.000      0.2445E+13   0.000       0.000       0.000      0.1915E+09   0.000    
     266  0.1955      0.7349E-03 NODE        2041   0.0%   0.000      0.2445E+13   0.000       0.000       0.000      0.1915E+09   0.000    
     267  0.1962      0.7349E-03 NODE        2041   0.0%   0.000      0.2445E+13   0.000       0.000       0.000      0.1915E+09   0.000    
     268  0.1970      0.7349E-03 NODE        2041   0.0%   0.000      0.2445E+13   0.000       0.000       0.000      0.1915E+09   0.000    
     269  0.1977      0.7349E-03 NODE        2041   0.0%   0.000      0.2445E+13   0.000       0.000       0.000      0.1915E+09   0.000    
     270  0.1984      0.7349E-03 NODE        2041   0.0%   0.000      0.2445E+13   0.000       0.000       0.000      0.1915E+09   0.000    
     271  0.1992      0.7349E-03 NODE        2041   0.0%   0.000      0.2445E+13   0.000       0.000       0.000      0.1915E+09   0.000    
     272  0.1999      0.7349E-03 NODE        2041   0.0%   0.000      0.2445E+13   0.000       0.000       0.000      0.1915E+09   0.000    
     273  0.2006      0.7349E-03 NODE        2041   0.0%   0.000      0.2445E+13   0.000       0.000       0.000      0.1915E+09   0.000    
     ANIMATION FILE: A04_FREE_PLASTIC_N5A003 WRITTEN
     274  0.2014      0.7349E-03 NODE        2041   0.0%   0.000      0.2445E+13   0.000       0.000       0.000      0.1915E+09   0.000    
     275  0.2021      0.7349E-03 NODE        2041   0.0%   0.000      0.2445E+13   0.000       0.000       0.000      0.1915E+09   0.000    
     276  0.2028      0.7349E-03 NODE        2041   0.0%   0.000      0.2445E+13   0.000       0.000       0.000      0.1915E+09   0.000    
     277  0.2036      0.7349E-03 NODE        2041   0.0%   0.000      0.2445E+13   0.000       0.000       0.000      0.1915E+09   0.000    
     278  0.2043      0.7349E-03 NODE        2041   0.0%   0.000      0.2445E+13   0.000       0.000       0.000      0.1915E+09   0.000    
     279  0.2050      0.7349E-03 NODE        2041   0.0%   0.000      0.2445E+13   0.000       0.000       0.000      0.1915E+09   0.000    
     280  0.2058      0.7349E-03 NODE        2041   0.0%   0.000      0.2445E+13   0.000       0.000       0.000      0.1915E+09   0.000    
     281  0.2065      0.7349E-03 NODE        2041   0.0%   0.000      0.2445E+13   0.000       0.000       0.000      0.1915E+09   0.000    
     282  0.2073      0.7349E-03 NODE        2041   0.0%   0.000      0.2445E+13   0.000       0.000       0.000      0.1915E+09   0.000    
     283  0.2080      0.7349E-03 NODE        2041   0.0%   0.000      0.2445E+13   0.000       0.000       0.000      0.1915E+09   0.000    
     284  0.2087      0.7349E-03 NODE        2041   0.0%   0.000      0.2445E+13   0.000       0.000       0.000      0.1915E+09   0.000    
     285  0.2095      0.7349E-03 NODE        2041   0.0%   0.000      0.2445E+13   0.000       0.000       0.000      0.1915E+09   0.000    
     286  0.2102      0.7349E-03 NODE        2041   0.0%   0.000      0.2445E+13   0.000       0.000       0.000      0.1915E+09   0.000    
     287  0.2109      0.7349E-03 NODE        2041   0.0%   0.000      0.2445E+13   0.000       0.000       0.000      0.1915E+09   0.000    
     288  0.2117      0.7349E-03 NODE        2041   0.0%   0.000      0.2445E+13   0.000       0.000       0.000      0.1915E+09   0.000    
     289  0.2124      0.7349E-03 NODE        2041   0.0%   0.000      0.2445E+13   0.000       0.000       0.000      0.1915E+09   0.000    
     290  0.2131      0.7349E-03 NODE        2041   0.0%   0.000      0.2445E+13   0.000       0.000       0.000      0.1915E+09   0.000    
     291  0.2139      0.7349E-03 NODE        2041   0.0%   0.000      0.2445E+13   0.000       0.000       0.000      0.1915E+09   0.000    
     292  0.2146      0.7349E-03 NODE        2041   0.0%   0.000      0.2445E+13   0.000       0.000       0.000      0.1915E+09   0.000    
     293  0.2153      0.7349E-03 NODE        2041   0.0%   0.000      0.2445E+13   0.000       0.000       0.000      0.1915E+09   0.000    
     294  0.2161      0.7349E-03 NODE        2041   0.0%   0.000      0.2445E+13   0.000       0.000       0.000      0.1915E+09   0.000    
     295  0.2168      0.7349E-03 NODE        2041   0.0%   0.000      0.2445E+13   0.000       0.000       0.000      0.1915E+09   0.000    
     296  0.2175      0.7349E-03 NODE        2041   0.0%   0.000      0.2445E+13   0.000       0.000       0.000      0.1915E+09   0.000    
     297  0.2183      0.7349E-03 NODE        2041   0.0%   0.000      0.2445E+13   0.000       0.000       0.000      0.1915E+09   0.000    
     298  0.2190      0.7349E-03 NODE        2041   0.0%   0.000      0.2445E+13   0.000       0.000       0.000      0.1915E+09   0.000    
     299  0.2197      0.7349E-03 NODE        2041   0.0%   0.000      0.2445E+13   0.000       0.000       0.000      0.1915E+09   0.000    
   CYCLE    TIME      TIME-STEP  ELEMENT          ERROR  I-ENERGY    K-ENERGY T  K-ENERGY R  EXT-WORK     MAS.ERR     TOTAL MASS  MASS ADDED
     300  0.2205      0.7349E-03 NODE        2041   0.0%   0.000      0.2445E+13   0.000       0.000       0.000      0.1915E+09   0.000    
     301  0.2212      0.7349E-03 NODE        2041   0.0%   0.000      0.2445E+13   0.000       0.000       0.000      0.1915E+09   0.000    
     302  0.2220      0.7349E-03 NODE        2041   0.0%   0.000      0.2445E+13   0.000       0.000       0.000      0.1915E+09   0.000    
     303  0.2227      0.7349E-03 NODE        2041   0.0%   0.000      0.2445E+13   0.000       0.000       0.000      0.1915E+09   0.000    
     304  0.2234      0.7349E-03 NODE        2041   0.0%   0.000      0.2445E+13   0.000       0.000       0.000      0.1915E+09   0.000    
     305  0.2242      0.7349E-03 NODE        2041   0.0%   0.000      0.2445E+13   0.000       0.000       0.000      0.1915E+09   0.000    
     306  0.2249      0.7349E-03 NODE        2041   0.0%   0.000      0.2445E+13   0.000       0.000       0.000      0.1915E+09   0.000    
     307  0.2256      0.7349E-03 NODE        2041   0.0%   0.000      0.2445E+13   0.000       0.000       0.000      0.1915E+09   0.000    
     308  0.2264      0.7349E-03 NODE        2041   0.0%   0.000      0.2445E+13   0.000       0.000       0.000      0.1915E+09   0.000    
     309  0.2271      0.7349E-03 NODE        2041   0.0%   0.000      0.2445E+13   0.000       0.000       0.000      0.1915E+09   0.000    
     310  0.2278      0.7349E-03 NODE        2041   0.0%   0.000      0.2445E+13   0.000       0.000       0.000      0.1915E+09   0.000    
     311  0.2286      0.7349E-03 NODE        2041   0.0%   0.000      0.2445E+13   0.000       0.000       0.000      0.1915E+09   0.000    
     312  0.2293      0.7349E-03 NODE        2041   0.0%   0.000      0.2445E+13   0.000       0.000       0.000      0.1915E+09   0.000    
     313  0.2300      0.7349E-03 NODE        2041   0.0%   0.000      0.2445E+13   0.000       0.000       0.000      0.1915E+09   0.000    
     314  0.2308      0.7349E-03 NODE        2041   0.0%   0.000      0.2445E+13   0.000       0.000       0.000      0.1915E+09   0.000    
     315  0.2315      0.7349E-03 NODE        2041   0.0%   0.000      0.2445E+13   0.000       0.000       0.000      0.1915E+09   0.000    
     316  0.2322      0.7349E-03 NODE        2041   0.0%   0.000      0.2445E+13   0.000       0.000       0.000      0.1915E+09   0.000    
     317  0.2330      0.7349E-03 NODE        2041   0.0%   0.000      0.2445E+13   0.000       0.000       0.000      0.1915E+09   0.000    
     318  0.2337      0.7349E-03 NODE        2041   0.0%   0.000      0.2445E+13   0.000       0.000       0.000      0.1915E+09   0.000    
     319  0.2344      0.7349E-03 NODE        2041   0.0%   0.000      0.2445E+13   0.000       0.000       0.000      0.1915E+09   0.000    
     320  0.2352      0.7349E-03 NODE        2041   0.0%   0.000      0.2445E+13   0.000       0.000       0.000      0.1915E+09   0.000    
     321  0.2359      0.7349E-03 NODE        2041   0.0%   0.000      0.2445E+13   0.000       0.000       0.000      0.1915E+09   0.000    
     322  0.2367      0.7349E-03 NODE        2041   0.0%   0.000      0.2445E+13   0.000       0.000       0.000      0.1915E+09   0.000    
     323  0.2374      0.7349E-03 NODE        2041   0.0%   0.000      0.2445E+13   0.000       0.000       0.000      0.1915E+09   0.000    
     324  0.2381      0.7349E-03 NODE        2041   0.0%   0.000      0.2445E+13   0.000       0.000       0.000      0.1915E+09   0.000    
     325  0.2389      0.7349E-03 NODE        2041   0.0%   0.000      0.2445E+13   0.000       0.000       0.000      0.1915E+09   0.000    
     326  0.2396      0.7349E-03 NODE        2041   0.0%   0.000      0.2445E+13   0.000       0.000       0.000      0.1915E+09   0.000    
     327  0.2403      0.7349E-03 NODE        2041   0.0%   0.000      0.2445E+13   0.000       0.000       0.000      0.1915E+09   0.000    
     328  0.2411      0.7349E-03 NODE        2041   0.0%   0.000      0.2445E+13   0.000       0.000       0.000      0.1915E+09   0.000    
     329  0.2418      0.7349E-03 NODE        2041   0.0%   0.000      0.2445E+13   0.000       0.000       0.000      0.1915E+09   0.000    
     330  0.2425      0.7349E-03 NODE        2041   0.0%   0.000      0.2445E+13   0.000       0.000       0.000      0.1915E+09   0.000    
     331  0.2433      0.7349E-03 NODE        2041   0.0%   0.000      0.2445E+13   0.000       0.000       0.000      0.1915E+09   0.000    
     332  0.2440      0.7349E-03 NODE        2041   0.0%   0.000      0.2445E+13   0.000       0.000       0.000      0.1915E+09   0.000    
     333  0.2447      0.7349E-03 NODE        2041   0.0%   0.000      0.2445E+13   0.000       0.000       0.000      0.1915E+09   0.000    
     334  0.2455      0.7349E-03 NODE        2041   0.0%   0.000      0.2445E+13   0.000       0.000       0.000      0.1915E+09   0.000    
     335  0.2462      0.7349E-03 NODE        2041   0.0%   0.000      0.2445E+13   0.000       0.000       0.000      0.1915E+09   0.000    
     336  0.2469      0.7349E-03 NODE        2041   0.0%   0.000      0.2445E+13   0.000       0.000       0.000      0.1915E+09   0.000    
     337  0.2477      0.7349E-03 NODE        2041   0.0%   0.000      0.2445E+13   0.000       0.000       0.000      0.1915E+09   0.000    
     338  0.2484      0.7349E-03 NODE        2041   0.0%   0.000      0.2445E+13   0.000       0.000       0.000      0.1915E+09   0.000    
     339  0.2491      0.7349E-03 NODE        2041   0.0%   0.000      0.2445E+13   0.000       0.000       0.000      0.1915E+09   0.000    
     340  0.2499      0.7349E-03 NODE        2041   0.0%   0.000      0.2445E+13   0.000       0.000       0.000      0.1915E+09   0.000    
     341  0.2506      0.7349E-03 NODE        2041   0.0%   0.000      0.2445E+13   0.000       0.000       0.000      0.1915E+09   0.000    
     342  0.2514      0.7349E-03 NODE        2041   0.0%   0.000      0.2445E+13   0.000       0.000       0.000      0.1915E+09   0.000    
     343  0.2521      0.7349E-03 NODE        2041   0.0%   0.000      0.2445E+13   0.000       0.000       0.000      0.1915E+09   0.000    
     344  0.2528      0.7349E-03 NODE        2041   0.0%   0.000      0.2445E+13   0.000       0.000       0.000      0.1915E+09   0.000    
     345  0.2536      0.7349E-03 NODE        2041   0.0%   0.000      0.2445E+13   0.000       0.000       0.000      0.1915E+09   0.000    
     346  0.2543      0.7349E-03 NODE        2041   0.0%   0.000      0.2445E+13   0.000       0.000       0.000      0.1915E+09   0.000    
     347  0.2550      0.7349E-03 NODE        2041   0.0%   0.000      0.2445E+13   0.000       0.000       0.000      0.1915E+09   0.000    
     348  0.2558      0.7349E-03 NODE        2041   0.0%   0.000      0.2445E+13   0.000       0.000       0.000      0.1915E+09   0.000    
     349  0.2565      0.7349E-03 NODE        2041   0.0%   0.000      0.2445E+13   0.000       0.000       0.000      0.1915E+09   0.000    
     350  0.2572      0.7349E-03 NODE        2041   0.0%   0.000      0.2445E+13   0.000       0.000       0.000      0.1915E+09   0.000    
     351  0.2580      0.7349E-03 NODE        2041   0.0%   0.000      0.2445E+13   0.000       0.000       0.000      0.1915E+09   0.000    
     352  0.2587      0.7349E-03 NODE        2041   0.0%   0.000      0.2445E+13   0.000       0.000       0.000      0.1915E+09   0.000    
     353  0.2594      0.7349E-03 NODE        2041   0.0%   0.000      0.2445E+13   0.000       0.000       0.000      0.1915E+09   0.000    
     354  0.2602      0.7349E-03 NODE        2041   0.0%   0.000      0.2445E+13   0.000       0.000       0.000      0.1915E+09   0.000    
     355  0.2609      0.7349E-03 NODE        2041   0.0%   0.000      0.2445E+13   0.000       0.000       0.000      0.1915E+09   0.000    
     356  0.2616      0.7349E-03 NODE        2041   0.0%   0.000      0.2445E+13   0.000       0.000       0.000      0.1915E+09   0.000    
     357  0.2624      0.7349E-03 NODE        2041   0.0%   0.000      0.2445E+13   0.000       0.000       0.000      0.1915E+09   0.000    
     358  0.2631      0.7349E-03 NODE        2041   0.0%   0.000      0.2445E+13   0.000       0.000       0.000      0.1915E+09   0.000    
     359  0.2638      0.7349E-03 NODE        2041   0.0%   0.000      0.2445E+13   0.000       0.000       0.000      0.1915E+09   0.000    
     360  0.2646      0.7349E-03 NODE        2041   0.0%   0.000      0.2445E+13   0.000       0.000       0.000      0.1915E+09   0.000    
     361  0.2653      0.7349E-03 NODE        2041   0.0%   0.000      0.2445E+13   0.000       0.000       0.000      0.1915E+09   0.000    
     362  0.2661      0.7349E-03 NODE        2041   0.0%   0.000      0.2445E+13   0.000       0.000       0.000      0.1915E+09   0.000    
     363  0.2668      0.7349E-03 NODE        2041   0.0%   0.000      0.2445E+13   0.000       0.000       0.000      0.1915E+09   0.000    
     364  0.2675      0.7349E-03 NODE        2041   0.0%   0.000      0.2445E+13   0.000       0.000       0.000      0.1915E+09   0.000    
     365  0.2683      0.7349E-03 NODE        2041   0.0%   0.000      0.2445E+13   0.000       0.000       0.000      0.1915E+09   0.000    
     366  0.2690      0.7349E-03 NODE        2041   0.0%   0.000      0.2445E+13   0.000       0.000       0.000      0.1915E+09   0.000    
     367  0.2697      0.7349E-03 NODE        2041   0.0%   0.000      0.2445E+13   0.000       0.000       0.000      0.1915E+09   0.000    
     368  0.2705      0.7349E-03 NODE        2041   0.0%   0.000      0.2445E+13   0.000       0.000       0.000      0.1915E+09   0.000    
     369  0.2712      0.7349E-03 NODE        2041   0.0%   0.000      0.2445E+13   0.000       0.000       0.000      0.1915E+09   0.000    
     370  0.2719      0.7349E-03 NODE        2041   0.0%   0.000      0.2445E+13   0.000       0.000       0.000      0.1915E+09   0.000    
     371  0.2727      0.7349E-03 NODE        2041   0.0%   0.000      0.2445E+13   0.000       0.000       0.000      0.1915E+09   0.000    
     372  0.2734      0.7349E-03 NODE        2041   0.0%   0.000      0.2445E+13   0.000       0.000       0.000      0.1915E+09   0.000    
     373  0.2741      0.7349E-03 NODE        2041   0.0%   0.000      0.2445E+13   0.000       0.000       0.000      0.1915E+09   0.000    
     374  0.2749      0.7349E-03 NODE        2041   0.0%   0.000      0.2445E+13   0.000       0.000       0.000      0.1915E+09   0.000    
     375  0.2756      0.7349E-03 NODE        2041   0.0%   0.000      0.2445E+13   0.000       0.000       0.000      0.1915E+09   0.000    
     376  0.2763      0.7349E-03 NODE        2041   0.0%   0.000      0.2445E+13   0.000       0.000       0.000      0.1915E+09   0.000    
     377  0.2771      0.7349E-03 NODE        2041   0.0%   0.000      0.2445E+13   0.000       0.000       0.000      0.1915E+09   0.000    
     378  0.2778      0.7349E-03 NODE        2041   0.0%   0.000      0.2445E+13   0.000       0.000       0.000      0.1915E+09   0.000    
     379  0.2785      0.7349E-03 NODE        2041   0.0%   0.000      0.2445E+13   0.000       0.000       0.000      0.1915E+09   0.000    
     380  0.2793      0.7349E-03 NODE        2041   0.0%   0.000      0.2445E+13   0.000       0.000       0.000      0.1915E+09   0.000    
     381  0.2800      0.7349E-03 NODE        2041   0.0%   0.000      0.2445E+13   0.000       0.000       0.000      0.1915E+09   0.000    
     382  0.2807      0.7349E-03 NODE        2041   0.0%   0.000      0.2445E+13   0.000       0.000       0.000      0.1915E+09   0.000    
     383  0.2815      0.7349E-03 NODE        2041   0.0%   0.000      0.2445E+13   0.000       0.000       0.000      0.1915E+09   0.000    
     384  0.2822      0.7349E-03 NODE        2041   0.0%   0.000      0.2445E+13   0.000       0.000       0.000      0.1915E+09   0.000    
     385  0.2830      0.7349E-03 NODE        2041   0.0%   0.000      0.2445E+13   0.000       0.000       0.000      0.1915E+09   0.000    
     386  0.2837      0.7349E-03 NODE        2041   0.0%   0.000      0.2445E+13   0.000       0.000       0.000      0.1915E+09   0.000    
     387  0.2844      0.7349E-03 NODE        2041   0.0%   0.000      0.2445E+13   0.000       0.000       0.000      0.1915E+09   0.000    
     388  0.2852      0.7349E-03 NODE        2041   0.0%   0.000      0.2445E+13   0.000       0.000       0.000      0.1915E+09   0.000    
     389  0.2859      0.7349E-03 NODE        2041   0.0%   0.000      0.2445E+13   0.000       0.000       0.000      0.1915E+09   0.000    
     390  0.2866      0.7349E-03 NODE        2041   0.0%   0.000      0.2445E+13   0.000       0.000       0.000      0.1915E+09   0.000    
     391  0.2874      0.7349E-03 NODE        2041   0.0%   0.000      0.2445E+13   0.000       0.000       0.000      0.1915E+09   0.000    
     392  0.2881      0.7349E-03 NODE        2041   0.0%   0.000      0.2445E+13   0.000       0.000       0.000      0.1915E+09   0.000    
     393  0.2888      0.7349E-03 NODE        2041   0.0%   0.000      0.2445E+13   0.000       0.000       0.000      0.1915E+09   0.000    
     394  0.2896      0.7349E-03 NODE        2041   0.0%   0.000      0.2445E+13   0.000       0.000       0.000      0.1915E+09   0.000    
     395  0.2903      0.7349E-03 NODE        2041   0.0%   0.000      0.2445E+13   0.000       0.000       0.000      0.1915E+09   0.000    
     396  0.2910      0.7349E-03 NODE        2041   0.0%   0.000      0.2445E+13   0.000       0.000       0.000      0.1915E+09   0.000    
     397  0.2918      0.7349E-03 NODE        2041   0.0%   0.000      0.2445E+13   0.000       0.000       0.000      0.1915E+09   0.000    
     398  0.2925      0.7349E-03 NODE        2041   0.0%   0.000      0.2445E+13   0.000       0.000       0.000      0.1915E+09   0.000    
     399  0.2932      0.7349E-03 NODE        2041   0.0%   0.000      0.2445E+13   0.000       0.000       0.000      0.1915E+09   0.000    
   CYCLE    TIME      TIME-STEP  ELEMENT          ERROR  I-ENERGY    K-ENERGY T  K-ENERGY R  EXT-WORK     MAS.ERR     TOTAL MASS  MASS ADDED
     400  0.2940      0.7349E-03 NODE        2041   0.0%   0.000      0.2445E+13   0.000       0.000       0.000      0.1915E+09   0.000    
     401  0.2947      0.7349E-03 NODE        2041   0.0%   0.000      0.2445E+13   0.000       0.000       0.000      0.1915E+09   0.000    
     402  0.2954      0.7349E-03 NODE        2041   0.0%   0.000      0.2445E+13   0.000       0.000       0.000      0.1915E+09   0.000    
     403  0.2962      0.7349E-03 NODE        2041   0.0%   0.000      0.2445E+13   0.000       0.000       0.000      0.1915E+09   0.000    
     404  0.2969      0.7349E-03 NODE        2041   0.0%   0.000      0.2445E+13   0.000       0.000       0.000      0.1915E+09   0.000    
     405  0.2977      0.7349E-03 NODE        2041   0.0%   0.000      0.2445E+13   0.000       0.000       0.000      0.1915E+09   0.000    
     406  0.2984      0.7349E-03 NODE        2041   0.0%   0.000      0.2445E+13   0.000       0.000       0.000      0.1915E+09   0.000    
     407  0.2991      0.7349E-03 NODE        2041   0.0%   0.000      0.2445E+13   0.000       0.000       0.000      0.1915E+09   0.000    
     408  0.2999      0.7349E-03 NODE        2041   0.0%   0.000      0.2445E+13   0.000       0.000       0.000      0.1915E+09   0.000    
     409  0.3006      0.7349E-03 NODE        2041   0.0%   0.000      0.2445E+13   0.000       0.000       0.000      0.1915E+09   0.000    
     ANIMATION FILE: A04_FREE_PLASTIC_N5A004 WRITTEN
     410  0.3013      0.7349E-03 NODE        2041   0.0%   0.000      0.2445E+13   0.000       0.000       0.000      0.1915E+09   0.000    
     411  0.3021      0.7349E-03 NODE        2041   0.0%   0.000      0.2445E+13   0.000       0.000       0.000      0.1915E+09   0.000    
     412  0.3028      0.7349E-03 NODE        2041   0.0%   0.000      0.2445E+13   0.000       0.000       0.000      0.1915E+09   0.000    
     413  0.3035      0.7349E-03 NODE        2041   0.0%   0.000      0.2445E+13   0.000       0.000       0.000      0.1915E+09   0.000    
     414  0.3043      0.7349E-03 NODE        2041   0.0%   0.000      0.2445E+13   0.000       0.000       0.000      0.1915E+09   0.000    
     415  0.3050      0.7349E-03 NODE        2041   0.0%   0.000      0.2445E+13   0.000       0.000       0.000      0.1915E+09   0.000    
     416  0.3057      0.7349E-03 NODE        2041   0.0%   0.000      0.2445E+13   0.000       0.000       0.000      0.1915E+09   0.000    
     417  0.3065      0.7349E-03 NODE        2041   0.0%   0.000      0.2445E+13   0.000       0.000       0.000      0.1915E+09   0.000    
     418  0.3072      0.7349E-03 NODE        2041   0.0%   0.000      0.2445E+13   0.000       0.000       0.000      0.1915E+09   0.000    
     419  0.3079      0.7349E-03 NODE        2041   0.0%   0.000      0.2445E+13   0.000       0.000       0.000      0.1915E+09   0.000    
     420  0.3087      0.7349E-03 NODE        2041   0.0%   0.000      0.2445E+13   0.000       0.000       0.000      0.1915E+09   0.000    
     421  0.3094      0.7349E-03 NODE        2041   0.0%   0.000      0.2445E+13   0.000       0.000       0.000      0.1915E+09   0.000    
     422  0.3101      0.7349E-03 NODE        2041   0.0%   0.000      0.2445E+13   0.000       0.000       0.000      0.1915E+09   0.000    
     423  0.3109      0.7349E-03 NODE        2041   0.0%   0.000      0.2445E+13   0.000       0.000       0.000      0.1915E+09   0.000    
     424  0.3116      0.7349E-03 NODE        2041   0.0%   0.000      0.2445E+13   0.000       0.000       0.000      0.1915E+09   0.000    
     425  0.3124      0.7349E-03 NODE        2041   0.0%   0.000      0.2445E+13   0.000       0.000       0.000      0.1915E+09   0.000    
     426  0.3131      0.7349E-03 NODE        2041   0.0%   0.000      0.2445E+13   0.000       0.000       0.000      0.1915E+09   0.000    
     427  0.3138      0.7349E-03 NODE        2041   0.0%   0.000      0.2445E+13   0.000       0.000       0.000      0.1915E+09   0.000    
     428  0.3146      0.7349E-03 NODE        2041   0.0%   0.000      0.2445E+13   0.000       0.000       0.000      0.1915E+09   0.000    
     429  0.3153      0.7349E-03 NODE        2041   0.0%   0.000      0.2445E+13   0.000       0.000       0.000      0.1915E+09   0.000    
     430  0.3160      0.7349E-03 NODE        2041   0.0%   0.000      0.2445E+13   0.000       0.000       0.000      0.1915E+09   0.000    
     431  0.3168      0.7349E-03 NODE        2041   0.0%   0.000      0.2445E+13   0.000       0.000       0.000      0.1915E+09   0.000    
     432  0.3175      0.7349E-03 NODE        2041   0.0%   0.000      0.2445E+13   0.000       0.000       0.000      0.1915E+09   0.000    
     433  0.3182      0.7349E-03 NODE        2041   0.0%   0.000      0.2445E+13   0.000       0.000       0.000      0.1915E+09   0.000    
     434  0.3190      0.7349E-03 NODE        2041   0.0%   0.000      0.2445E+13   0.000       0.000       0.000      0.1915E+09   0.000    
     435  0.3197      0.7349E-03 NODE        2041   0.0%   0.000      0.2445E+13   0.000       0.000       0.000      0.1915E+09   0.000    
     436  0.3204      0.7349E-03 NODE        2041   0.0%   0.000      0.2445E+13   0.000       0.000       0.000      0.1915E+09   0.000    
     437  0.3212      0.7349E-03 NODE        2041   0.0%   0.000      0.2445E+13   0.000       0.000       0.000      0.1915E+09   0.000    
     438  0.3219      0.7349E-03 NODE        2041   0.0%   0.000      0.2445E+13   0.000       0.000       0.000      0.1915E+09   0.000    
     439  0.3226      0.7349E-03 NODE        2041   0.0%   0.000      0.2445E+13   0.000       0.000       0.000      0.1915E+09   0.000    
     440  0.3234      0.7349E-03 NODE        2041   0.0%   0.000      0.2445E+13   0.000       0.000       0.000      0.1915E+09   0.000    
     441  0.3241      0.7349E-03 NODE        2041   0.0%   0.000      0.2445E+13   0.000       0.000       0.000      0.1915E+09   0.000    
     442  0.3248      0.7349E-03 NODE        2041   0.0%   0.000      0.2445E+13   0.000       0.000       0.000      0.1915E+09   0.000    
     443  0.3256      0.7349E-03 NODE        2041   0.0%   0.000      0.2445E+13   0.000       0.000       0.000      0.1915E+09   0.000    
     444  0.3263      0.7349E-03 NODE        2041   0.0%   0.000      0.2445E+13   0.000       0.000       0.000      0.1915E+09   0.000    
     445  0.3271      0.7349E-03 NODE        2041   0.0%   0.000      0.2445E+13   0.000       0.000       0.000      0.1915E+09   0.000    
     446  0.3278      0.7349E-03 NODE        2041   0.0%   0.000      0.2445E+13   0.000       0.000       0.000      0.1915E+09   0.000    
     447  0.3285      0.7349E-03 NODE        2041   0.0%   0.000      0.2445E+13   0.000       0.000       0.000      0.1915E+09   0.000    
     448  0.3293      0.7349E-03 NODE        2041   0.0%   0.000      0.2445E+13   0.000       0.000       0.000      0.1915E+09   0.000    
     449  0.3300      0.7349E-03 NODE        2041   0.0%   0.000      0.2445E+13   0.000       0.000       0.000      0.1915E+09   0.000    
     450  0.3307      0.7349E-03 NODE        2041   0.0%   0.000      0.2445E+13   0.000       0.000       0.000      0.1915E+09   0.000    
     451  0.3315      0.7349E-03 NODE        2041   0.0%   0.000      0.2445E+13   0.000       0.000       0.000      0.1915E+09   0.000    
     452  0.3322      0.7349E-03 NODE        2041   0.0%   0.000      0.2445E+13   0.000       0.000       0.000      0.1915E+09   0.000    
     453  0.3329      0.7349E-03 NODE        2041   0.0%   0.000      0.2445E+13   0.000       0.000       0.000      0.1915E+09   0.000    
     454  0.3337      0.7349E-03 NODE        2041   0.0%   0.000      0.2445E+13   0.000       0.000       0.000      0.1915E+09   0.000    
     455  0.3344      0.7349E-03 NODE        2041   0.0%   0.000      0.2445E+13   0.000       0.000       0.000      0.1915E+09   0.000    
     456  0.3351      0.7349E-03 NODE        2041   0.0%   0.000      0.2445E+13   0.000       0.000       0.000      0.1915E+09   0.000    
     457  0.3359      0.7349E-03 NODE        2041   0.0%   0.000      0.2445E+13   0.000       0.000       0.000      0.1915E+09   0.000    
     458  0.3366      0.7349E-03 NODE        2041   0.0%   0.000      0.2445E+13   0.000       0.000       0.000      0.1915E+09   0.000    
     459  0.3373      0.7349E-03 NODE        2041   0.0%   0.000      0.2445E+13   0.000       0.000       0.000      0.1915E+09   0.000    
     460  0.3381      0.7349E-03 NODE        2041   0.0%   0.000      0.2445E+13   0.000       0.000       0.000      0.1915E+09   0.000    
     461  0.3388      0.7349E-03 NODE        2041   0.0%   0.000      0.2445E+13   0.000       0.000       0.000      0.1915E+09   0.000    
     462  0.3395      0.7349E-03 NODE        2041   0.0%   0.000      0.2445E+13   0.000       0.000       0.000      0.1915E+09   0.000    
     463  0.3403      0.7349E-03 NODE        2041   0.0%   0.000      0.2445E+13   0.000       0.000       0.000      0.1915E+09   0.000    
     464  0.3410      0.7349E-03 NODE        2041   0.0%   0.000      0.2445E+13   0.000       0.000       0.000      0.1915E+09   0.000    
     465  0.3417      0.7349E-03 NODE        2041   0.0%   0.000      0.2445E+13   0.000       0.000       0.000      0.1915E+09   0.000    
     466  0.3425      0.7349E-03 NODE        2041   0.0%   0.000      0.2445E+13   0.000       0.000       0.000      0.1915E+09   0.000    
     467  0.3432      0.7349E-03 NODE        2041   0.0%   0.000      0.2445E+13   0.000       0.000       0.000      0.1915E+09   0.000    
     468  0.3440      0.7349E-03 NODE        2041   0.0%   0.000      0.2445E+13   0.000       0.000       0.000      0.1915E+09   0.000    
     469  0.3447      0.7349E-03 NODE        2041   0.0%   0.000      0.2445E+13   0.000       0.000       0.000      0.1915E+09   0.000    
     470  0.3454      0.7349E-03 NODE        2041   0.0%   0.000      0.2445E+13   0.000       0.000       0.000      0.1915E+09   0.000    
     471  0.3462      0.7349E-03 NODE        2041   0.0%   0.000      0.2445E+13   0.000       0.000       0.000      0.1915E+09   0.000    
     472  0.3469      0.7349E-03 NODE        2041   0.0%   0.000      0.2445E+13   0.000       0.000       0.000      0.1915E+09   0.000    
     473  0.3476      0.7349E-03 NODE        2041   0.0%   0.000      0.2445E+13   0.000       0.000       0.000      0.1915E+09   0.000    
     474  0.3484      0.7349E-03 NODE        2041   0.0%   0.000      0.2445E+13   0.000       0.000       0.000      0.1915E+09   0.000    
     475  0.3491      0.7349E-03 NODE        2041   0.0%   0.000      0.2445E+13   0.000       0.000       0.000      0.1915E+09   0.000    
     476  0.3498      0.7349E-03 NODE        2041   0.0%   0.000      0.2445E+13   0.000       0.000       0.000      0.1915E+09   0.000    
     477  0.3506      0.7349E-03 NODE        2041   0.0%   0.000      0.2445E+13   0.000       0.000       0.000      0.1915E+09   0.000    
     478  0.3513      0.7349E-03 NODE        2041   0.0%   0.000      0.2445E+13   0.000       0.000       0.000      0.1915E+09   0.000    
     479  0.3520      0.7349E-03 NODE        2041   0.0%   0.000      0.2445E+13   0.000       0.000       0.000      0.1915E+09   0.000    
     480  0.3528      0.7349E-03 NODE        2041   0.0%   0.000      0.2445E+13   0.000       0.000       0.000      0.1915E+09   0.000    
     481  0.3535      0.7349E-03 NODE        2041   0.0%   0.000      0.2445E+13   0.000       0.000       0.000      0.1915E+09   0.000    
     482  0.3542      0.7349E-03 NODE        2041   0.0%   0.000      0.2445E+13   0.000       0.000       0.000      0.1915E+09   0.000    
     483  0.3550      0.7349E-03 NODE        2041   0.0%   0.000      0.2445E+13   0.000       0.000       0.000      0.1915E+09   0.000    
     484  0.3557      0.7349E-03 NODE        2041   0.0%   0.000      0.2445E+13   0.000       0.000       0.000      0.1915E+09   0.000    
     485  0.3564      0.7349E-03 NODE        2041   0.0%   0.000      0.2445E+13   0.000       0.000       0.000      0.1915E+09   0.000    
     486  0.3572      0.7349E-03 NODE        2041   0.0%   0.000      0.2445E+13   0.000       0.000       0.000      0.1915E+09   0.000    
     487  0.3579      0.7349E-03 NODE        2041   0.0%   0.000      0.2445E+13   0.000       0.000       0.000      0.1915E+09   0.000    
     488  0.3587      0.7349E-03 NODE        2041   0.0%   0.000      0.2445E+13   0.000       0.000       0.000      0.1915E+09   0.000    
     489  0.3594      0.7349E-03 NODE        2041   0.0%   0.000      0.2445E+13   0.000       0.000       0.000      0.1915E+09   0.000    
     490  0.3601      0.7349E-03 NODE        2041   0.0%   0.000      0.2445E+13   0.000       0.000       0.000      0.1915E+09   0.000    
     491  0.3609      0.7349E-03 NODE        2041   0.0%   0.000      0.2445E+13   0.000       0.000       0.000      0.1915E+09   0.000    
     492  0.3616      0.7349E-03 NODE        2041   0.0%   0.000      0.2445E+13   0.000       0.000       0.000      0.1915E+09   0.000    
     493  0.3623      0.7349E-03 NODE        2041   0.0%   0.000      0.2445E+13   0.000       0.000       0.000      0.1915E+09   0.000    
     494  0.3631      0.7349E-03 NODE        2041   0.0%   0.000      0.2445E+13   0.000       0.000       0.000      0.1915E+09   0.000    
     495  0.3638      0.7349E-03 NODE        2041   0.0%   0.000      0.2445E+13   0.000       0.000       0.000      0.1915E+09   0.000    
     496  0.3645      0.7349E-03 NODE        2041   0.0%   0.000      0.2445E+13   0.000       0.000       0.000      0.1915E+09   0.000    
     497  0.3653      0.7349E-03 NODE        2041   0.0%   0.000      0.2445E+13   0.000       0.000       0.000      0.1915E+09   0.000    
     498  0.3660      0.7349E-03 NODE        2041   0.0%   0.000      0.2445E+13   0.000       0.000       0.000      0.1915E+09   0.000    
     499  0.3667      0.7349E-03 NODE        2041   0.0%   0.000      0.2445E+13   0.000       0.000       0.000      0.1915E+09   0.000    
   CYCLE    TIME      TIME-STEP  ELEMENT          ERROR  I-ENERGY    K-ENERGY T  K-ENERGY R  EXT-WORK     MAS.ERR     TOTAL MASS  MASS ADDED
     500  0.3675      0.7349E-03 NODE        2041   0.0%   0.000      0.2445E+13   0.000       0.000       0.000      0.1915E+09   0.000    
     501  0.3682      0.7349E-03 NODE        2041   0.0%   0.000      0.2445E+13   0.000       0.000       0.000      0.1915E+09   0.000    
     502  0.3689      0.7349E-03 NODE        2041   0.0%   0.000      0.2445E+13   0.000       0.000       0.000      0.1915E+09   0.000    
     503  0.3697      0.7349E-03 NODE        2041   0.0%   0.000      0.2445E+13   0.000       0.000       0.000      0.1915E+09   0.000    
     504  0.3704      0.7349E-03 NODE        2041   0.0%   0.000      0.2445E+13   0.000       0.000       0.000      0.1915E+09   0.000    
     505  0.3711      0.7349E-03 NODE        2041   0.0%   0.000      0.2445E+13   0.000       0.000       0.000      0.1915E+09   0.000    
     506  0.3719      0.7349E-03 NODE        2041   0.0%   0.000      0.2445E+13   0.000       0.000       0.000      0.1915E+09   0.000    
     507  0.3726      0.7349E-03 NODE        2041   0.0%   0.000      0.2445E+13   0.000       0.000       0.000      0.1915E+09   0.000    
     508  0.3734      0.7349E-03 NODE        2041   0.0%   0.000      0.2445E+13   0.000       0.000       0.000      0.1915E+09   0.000    
     509  0.3741      0.7349E-03 NODE        2041   0.0%   0.000      0.2445E+13   0.000       0.000       0.000      0.1915E+09   0.000    
     510  0.3748      0.7349E-03 NODE        2041   0.0%   0.000      0.2445E+13   0.000       0.000       0.000      0.1915E+09   0.000    
     511  0.3756      0.7349E-03 NODE        2041   0.0%   0.000      0.2445E+13   0.000       0.000       0.000      0.1915E+09   0.000    
     512  0.3763      0.7349E-03 NODE        2041   0.0%   0.000      0.2445E+13   0.000       0.000       0.000      0.1915E+09   0.000    
     513  0.3770      0.7349E-03 NODE        2041   0.0%   0.000      0.2445E+13   0.000       0.000       0.000      0.1915E+09   0.000    
     514  0.3778      0.7349E-03 NODE        2041   0.0%   0.000      0.2445E+13   0.000       0.000       0.000      0.1915E+09   0.000    
     515  0.3785      0.7349E-03 NODE        2041   0.0%   0.000      0.2445E+13   0.000       0.000       0.000      0.1915E+09   0.000    
     516  0.3792      0.7349E-03 NODE        2041   0.0%   0.000      0.2445E+13   0.000       0.000       0.000      0.1915E+09   0.000    
     517  0.3800      0.7349E-03 NODE        2041   0.0%   0.000      0.2445E+13   0.000       0.000       0.000      0.1915E+09   0.000    
     518  0.3807      0.7349E-03 NODE        2041   0.0%   0.000      0.2445E+13   0.000       0.000       0.000      0.1915E+09   0.000    
     519  0.3814      0.7349E-03 NODE        2041   0.0%   0.000      0.2445E+13   0.000       0.000       0.000      0.1915E+09   0.000    
     520  0.3822      0.7349E-03 NODE        2041   0.0%   0.000      0.2445E+13   0.000       0.000       0.000      0.1915E+09   0.000    
     521  0.3829      0.7349E-03 NODE        2041   0.0%   0.000      0.2445E+13   0.000       0.000       0.000      0.1915E+09   0.000    
     522  0.3836      0.7349E-03 NODE        2041   0.0%   0.000      0.2445E+13   0.000       0.000       0.000      0.1915E+09   0.000    
     523  0.3844      0.7349E-03 NODE        2041   0.0%   0.000      0.2445E+13   0.000       0.000       0.000      0.1915E+09   0.000    
     524  0.3851      0.7349E-03 NODE        2041   0.0%   0.000      0.2445E+13   0.000       0.000       0.000      0.1915E+09   0.000    
     525  0.3858      0.7349E-03 NODE        2041   0.0%   0.000      0.2445E+13   0.000       0.000       0.000      0.1915E+09   0.000    
     526  0.3866      0.7349E-03 NODE        2041   0.0%   0.000      0.2445E+13   0.000       0.000       0.000      0.1915E+09   0.000    
     527  0.3873      0.7349E-03 NODE        2041   0.0%   0.000      0.2445E+13   0.000       0.000       0.000      0.1915E+09   0.000    
     528  0.3881      0.7349E-03 NODE        2041   0.0%   0.000      0.2445E+13   0.000       0.000       0.000      0.1915E+09   0.000    
     529  0.3888      0.7349E-03 NODE        2041   0.0%   0.000      0.2445E+13   0.000       0.000       0.000      0.1915E+09   0.000    
     530  0.3895      0.7349E-03 NODE        2041   0.0%   0.000      0.2445E+13   0.000       0.000       0.000      0.1915E+09   0.000    
     531  0.3903      0.7349E-03 NODE        2041   0.0%   0.000      0.2445E+13   0.000       0.000       0.000      0.1915E+09   0.000    
     532  0.3910      0.7349E-03 NODE        2041   0.0%   0.000      0.2445E+13   0.000       0.000       0.000      0.1915E+09   0.000    
     533  0.3917      0.7349E-03 NODE        2041   0.0%   0.000      0.2445E+13   0.000       0.000       0.000      0.1915E+09   0.000    
     534  0.3925      0.7349E-03 NODE        2041   0.0%   0.000      0.2445E+13   0.000       0.000       0.000      0.1915E+09   0.000    
     535  0.3932      0.7349E-03 NODE        2041   0.0%   0.000      0.2445E+13   0.000       0.000       0.000      0.1915E+09   0.000    
     536  0.3939      0.7349E-03 NODE        2041   0.0%   0.000      0.2445E+13   0.000       0.000       0.000      0.1915E+09   0.000    
     537  0.3947      0.7349E-03 NODE        2041   0.0%   0.000      0.2445E+13   0.000       0.000       0.000      0.1915E+09   0.000    
     538  0.3954      0.7349E-03 NODE        2041   0.0%   0.000      0.2445E+13   0.000       0.000       0.000      0.1915E+09   0.000    
     539  0.3961      0.7349E-03 NODE        2041   0.0%   0.000      0.2445E+13   0.000       0.000       0.000      0.1915E+09   0.000    
     540  0.3969      0.7349E-03 NODE        2041   0.0%   0.000      0.2445E+13   0.000       0.000       0.000      0.1915E+09   0.000    
     541  0.3976      0.7349E-03 NODE        2041   0.0%   0.000      0.2445E+13   0.000       0.000       0.000      0.1915E+09   0.000    
     542  0.3983      0.7349E-03 NODE        2041   0.0%   0.000      0.2445E+13   0.000       0.000       0.000      0.1915E+09   0.000    
     543  0.3991      0.7349E-03 NODE        2041   0.0%   0.000      0.2445E+13   0.000       0.000       0.000      0.1915E+09   0.000    
     544  0.3998      0.7349E-03 NODE        2041   0.0%   0.000      0.2445E+13   0.000       0.000       0.000      0.1915E+09   0.000    
     545  0.4005      0.7349E-03 NODE        2041   0.0%   0.000      0.2445E+13   0.000       0.000       0.000      0.1915E+09   0.000    
     ANIMATION FILE: A04_FREE_PLASTIC_N5A005 WRITTEN
     546  0.4013      0.7349E-03 NODE        2041   0.0%   0.000      0.2445E+13   0.000       0.000       0.000      0.1915E+09   0.000    
     547  0.4020      0.7349E-03 NODE        2041   0.0%   0.000      0.2445E+13   0.000       0.000       0.000      0.1915E+09   0.000    
     548  0.4027      0.7349E-03 NODE        2041   0.0%   0.000      0.2445E+13   0.000       0.000       0.000      0.1915E+09   0.000    
     549  0.4035      0.7349E-03 NODE        2041   0.0%   0.000      0.2445E+13   0.000       0.000       0.000      0.1915E+09   0.000    
     550  0.4042      0.7349E-03 NODE        2041   0.0%   0.000      0.2445E+13   0.000       0.000       0.000      0.1915E+09   0.000    
     551  0.4050      0.7349E-03 NODE        2041   0.0%   0.000      0.2445E+13   0.000       0.000       0.000      0.1915E+09   0.000    
     552  0.4057      0.7349E-03 NODE        2041   0.0%   0.000      0.2445E+13   0.000       0.000       0.000      0.1915E+09   0.000    
     553  0.4064      0.7349E-03 NODE        2041   0.0%   0.000      0.2445E+13   0.000       0.000       0.000      0.1915E+09   0.000    
     554  0.4072      0.7349E-03 NODE        2041   0.0%   0.000      0.2445E+13   0.000       0.000       0.000      0.1915E+09   0.000    
     555  0.4079      0.7349E-03 NODE        2041   0.0%   0.000      0.2445E+13   0.000       0.000       0.000      0.1915E+09   0.000    
     556  0.4086      0.7349E-03 NODE        2041   0.0%   0.000      0.2445E+13   0.000       0.000       0.000      0.1915E+09   0.000    
     557  0.4094      0.7349E-03 NODE        2041   0.0%   0.000      0.2445E+13   0.000       0.000       0.000      0.1915E+09   0.000    
     558  0.4101      0.7349E-03 NODE        2041   0.0%   0.000      0.2445E+13   0.000       0.000       0.000      0.1915E+09   0.000    
     559  0.4108      0.7349E-03 NODE        2041   0.0%   0.000      0.2445E+13   0.000       0.000       0.000      0.1915E+09   0.000    
     560  0.4116      0.7349E-03 NODE        2041   0.0%   0.000      0.2445E+13   0.000       0.000       0.000      0.1915E+09   0.000    
     561  0.4123      0.7349E-03 NODE        2041   0.0%   0.000      0.2445E+13   0.000       0.000       0.000      0.1915E+09   0.000    
     562  0.4130      0.7349E-03 NODE        2041   0.0%   0.000      0.2445E+13   0.000       0.000       0.000      0.1915E+09   0.000    
     563  0.4138      0.7349E-03 NODE        2041   0.0%   0.000      0.2445E+13   0.000       0.000       0.000      0.1915E+09   0.000    
     564  0.4145      0.7349E-03 NODE        2041   0.0%   0.000      0.2445E+13   0.000       0.000       0.000      0.1915E+09   0.000    
     565  0.4152      0.7349E-03 NODE        2041   0.0%   0.000      0.2445E+13   0.000       0.000       0.000      0.1915E+09   0.000    
     566  0.4160      0.7349E-03 NODE        2041   0.0%   0.000      0.2445E+13   0.000       0.000       0.000      0.1915E+09   0.000    
     567  0.4167      0.7349E-03 NODE        2041   0.0%   0.000      0.2445E+13   0.000       0.000       0.000      0.1915E+09   0.000    
     568  0.4174      0.7349E-03 NODE        2041   0.0%   0.000      0.2445E+13   0.000       0.000       0.000      0.1915E+09   0.000    
     569  0.4182      0.7349E-03 NODE        2041   0.0%   0.000      0.2445E+13   0.000       0.000       0.000      0.1915E+09   0.000    
     570  0.4189      0.7349E-03 NODE        2041   0.0%   0.000      0.2445E+13   0.000       0.000       0.000      0.1915E+09   0.000    
     571  0.4197      0.7349E-03 NODE        2041   0.0%   0.000      0.2445E+13   0.000       0.000       0.000      0.1915E+09   0.000    
     572  0.4204      0.7349E-03 NODE        2041   0.0%   0.000      0.2445E+13   0.000       0.000       0.000      0.1915E+09   0.000    
     573  0.4211      0.7349E-03 NODE        2041   0.0%   0.000      0.2445E+13   0.000       0.000       0.000      0.1915E+09   0.000    
     574  0.4219      0.7349E-03 NODE        2041   0.0%   0.000      0.2445E+13   0.000       0.000       0.000      0.1915E+09   0.000    
     575  0.4226      0.7349E-03 NODE        2041   0.0%   0.000      0.2445E+13   0.000       0.000       0.000      0.1915E+09   0.000    
     576  0.4233      0.7349E-03 NODE        2041   0.0%   0.000      0.2445E+13   0.000       0.000       0.000      0.1915E+09   0.000    
     577  0.4241      0.7349E-03 NODE        2041   0.0%   0.000      0.2445E+13   0.000       0.000       0.000      0.1915E+09   0.000    
     578  0.4248      0.7349E-03 NODE        2041   0.0%   0.000      0.2445E+13   0.000       0.000       0.000      0.1915E+09   0.000    
     579  0.4255      0.7349E-03 NODE        2041   0.0%   0.000      0.2445E+13   0.000       0.000       0.000      0.1915E+09   0.000    
     580  0.4263      0.7349E-03 NODE        2041   0.0%   0.000      0.2445E+13   0.000       0.000       0.000      0.1915E+09   0.000    
     581  0.4270      0.7349E-03 NODE        2041   0.0%   0.000      0.2445E+13   0.000       0.000       0.000      0.1915E+09   0.000    
     582  0.4277      0.7349E-03 NODE        2041   0.0%   0.000      0.2445E+13   0.000       0.000       0.000      0.1915E+09   0.000    
     583  0.4285      0.7349E-03 NODE        2041   0.0%   0.000      0.2445E+13   0.000       0.000       0.000      0.1915E+09   0.000    
     584  0.4292      0.7349E-03 NODE        2041   0.0%   0.000      0.2445E+13   0.000       0.000       0.000      0.1915E+09   0.000    
     585  0.4299      0.7349E-03 NODE        2041   0.0%   0.000      0.2445E+13   0.000       0.000       0.000      0.1915E+09   0.000    
     586  0.4307      0.7349E-03 NODE        2041   0.0%   0.000      0.2445E+13   0.000       0.000       0.000      0.1915E+09   0.000    
     587  0.4314      0.7349E-03 NODE        2041   0.0%   0.000      0.2445E+13   0.000       0.000       0.000      0.1915E+09   0.000    
     588  0.4321      0.7349E-03 NODE        2041   0.0%   0.000      0.2445E+13   0.000       0.000       0.000      0.1915E+09   0.000    
     589  0.4329      0.7349E-03 NODE        2041   0.0%   0.000      0.2445E+13   0.000       0.000       0.000      0.1915E+09   0.000    
     590  0.4336      0.7349E-03 NODE        2041   0.0%   0.000      0.2445E+13   0.000       0.000       0.000      0.1915E+09   0.000    
     591  0.4344      0.7349E-03 NODE        2041   0.0%   0.000      0.2445E+13   0.000       0.000       0.000      0.1915E+09   0.000    
     592  0.4351      0.7349E-03 NODE        2041   0.0%   0.000      0.2445E+13   0.000       0.000       0.000      0.1915E+09   0.000    
     593  0.4358      0.7349E-03 NODE        2041   0.0%   0.000      0.2445E+13   0.000       0.000       0.000      0.1915E+09   0.000    
     594  0.4366      0.7349E-03 NODE        2041   0.0%   0.000      0.2445E+13   0.000       0.000       0.000      0.1915E+09   0.000    
     595  0.4373      0.7349E-03 NODE        2041   0.0%   0.000      0.2445E+13   0.000       0.000       0.000      0.1915E+09   0.000    
     596  0.4380      0.7349E-03 NODE        2041   0.0%   0.000      0.2445E+13   0.000       0.000       0.000      0.1915E+09   0.000    
     597  0.4388      0.7349E-03 NODE        2041   0.0%   0.000      0.2445E+13   0.000       0.000       0.000      0.1915E+09   0.000    
     598  0.4395      0.7349E-03 NODE        2041   0.0%   0.000      0.2445E+13   0.000       0.000       0.000      0.1915E+09   0.000    
     599  0.4402      0.7349E-03 NODE        2041   0.0%   0.000      0.2445E+13   0.000       0.000       0.000      0.1915E+09   0.000    
   CYCLE    TIME      TIME-STEP  ELEMENT          ERROR  I-ENERGY    K-ENERGY T  K-ENERGY R  EXT-WORK     MAS.ERR     TOTAL MASS  MASS ADDED
     600  0.4410      0.7349E-03 NODE        2041   0.0%   0.000      0.2445E+13   0.000       0.000       0.000      0.1915E+09   0.000    
     601  0.4417      0.7349E-03 NODE        2041   0.0%   0.000      0.2445E+13   0.000       0.000       0.000      0.1915E+09   0.000    
     602  0.4424      0.7349E-03 NODE        2041   0.0%   0.000      0.2445E+13   0.000       0.000       0.000      0.1915E+09   0.000    
     603  0.4432      0.7349E-03 NODE        2041   0.0%   0.000      0.2445E+13   0.000       0.000       0.000      0.1915E+09   0.000    
     604  0.4439      0.7349E-03 NODE        2041   0.0%   0.000      0.2445E+13   0.000       0.000       0.000      0.1915E+09   0.000    
     605  0.4446      0.7349E-03 NODE        2041   0.0%   0.000      0.2445E+13   0.000       0.000       0.000      0.1915E+09   0.000    
     606  0.4454      0.7349E-03 NODE        2041   0.0%   0.000      0.2445E+13   0.000       0.000       0.000      0.1915E+09   0.000    
     607  0.4461      0.7349E-03 NODE        2041   0.0%   0.000      0.2445E+13   0.000       0.000       0.000      0.1915E+09   0.000    
     608  0.4468      0.7349E-03 NODE        2041   0.0%   0.000      0.2445E+13   0.000       0.000       0.000      0.1915E+09   0.000    
     609  0.4476      0.7349E-03 NODE        2041   0.0%   0.000      0.2445E+13   0.000       0.000       0.000      0.1915E+09   0.000    
     610  0.4483      0.7349E-03 NODE        2041   0.0%   0.000      0.2445E+13   0.000       0.000       0.000      0.1915E+09   0.000    
     611  0.4491      0.7349E-03 NODE        2041   0.0%   0.000      0.2445E+13   0.000       0.000       0.000      0.1915E+09   0.000    
     612  0.4498      0.7349E-03 NODE        2041   0.0%   0.000      0.2445E+13   0.000       0.000       0.000      0.1915E+09   0.000    
     613  0.4505      0.7349E-03 NODE        2041   0.0%   0.000      0.2445E+13   0.000       0.000       0.000      0.1915E+09   0.000    
     614  0.4513      0.7349E-03 NODE        2041   0.0%   0.000      0.2445E+13   0.000       0.000       0.000      0.1915E+09   0.000    
     615  0.4520      0.7349E-03 NODE        2041   0.0%   0.000      0.2445E+13   0.000       0.000       0.000      0.1915E+09   0.000    
     616  0.4527      0.7349E-03 NODE        2041   0.0%   0.000      0.2445E+13   0.000       0.000       0.000      0.1915E+09   0.000    
     617  0.4535      0.7349E-03 NODE        2041   0.0%   0.000      0.2445E+13   0.000       0.000       0.000      0.1915E+09   0.000    
     618  0.4542      0.7349E-03 NODE        2041   0.0%   0.000      0.2445E+13   0.000       0.000       0.000      0.1915E+09   0.000    
     619  0.4549      0.7349E-03 NODE        2041   0.0%   0.000      0.2445E+13   0.000       0.000       0.000      0.1915E+09   0.000    
     620  0.4557      0.7349E-03 NODE        2041   0.0%   0.000      0.2445E+13   0.000       0.000       0.000      0.1915E+09   0.000    
     621  0.4564      0.7349E-03 NODE        2041   0.0%   0.000      0.2445E+13   0.000       0.000       0.000      0.1915E+09   0.000    
     622  0.4571      0.7349E-03 NODE        2041   0.0%   0.000      0.2445E+13   0.000       0.000       0.000      0.1915E+09   0.000    
     623  0.4579      0.7349E-03 NODE        2041   0.0%   0.000      0.2445E+13   0.000       0.000       0.000      0.1915E+09   0.000    
     624  0.4586      0.7349E-03 NODE        2041   0.0%   0.000      0.2445E+13   0.000       0.000       0.000      0.1915E+09   0.000    
     625  0.4593      0.7349E-03 NODE        2041   0.0%   0.000      0.2445E+13   0.000       0.000       0.000      0.1915E+09   0.000    
     626  0.4601      0.7349E-03 NODE        2041   0.0%   0.000      0.2445E+13   0.000       0.000       0.000      0.1915E+09   0.000    
     627  0.4608      0.7349E-03 NODE        2041   0.0%   0.000      0.2445E+13   0.000       0.000       0.000      0.1915E+09   0.000    
     628  0.4615      0.7349E-03 NODE        2041   0.0%   0.000      0.2445E+13   0.000       0.000       0.000      0.1915E+09   0.000    
     629  0.4623      0.7349E-03 NODE        2041   0.0%   0.000      0.2445E+13   0.000       0.000       0.000      0.1915E+09   0.000    
     630  0.4630      0.7349E-03 NODE        2041   0.0%   0.000      0.2445E+13   0.000       0.000       0.000      0.1915E+09   0.000    
     631  0.4638      0.7349E-03 NODE        2041   0.0%   0.000      0.2445E+13   0.000       0.000       0.000      0.1915E+09   0.000    
     632  0.4645      0.7349E-03 NODE        2041   0.0%   0.000      0.2445E+13   0.000       0.000       0.000      0.1915E+09   0.000    
     633  0.4652      0.7349E-03 NODE        2041   0.0%   0.000      0.2445E+13   0.000       0.000       0.000      0.1915E+09   0.000    
     634  0.4660      0.7349E-03 NODE        2041   0.0%   0.000      0.2445E+13   0.000       0.000       0.000      0.1915E+09   0.000    
     635  0.4667      0.7349E-03 NODE        2041   0.0%   0.000      0.2445E+13   0.000       0.000       0.000      0.1915E+09   0.000    
     636  0.4674      0.7349E-03 NODE        2041   0.0%   0.000      0.2445E+13   0.000       0.000       0.000      0.1915E+09   0.000    
     637  0.4682      0.7349E-03 NODE        2041   0.0%   0.000      0.2445E+13   0.000       0.000       0.000      0.1915E+09   0.000    
     638  0.4689      0.7349E-03 NODE        2041   0.0%   0.000      0.2445E+13   0.000       0.000       0.000      0.1915E+09   0.000    
     639  0.4696      0.7349E-03 NODE        2041   0.0%   0.000      0.2445E+13   0.000       0.000       0.000      0.1915E+09   0.000    
     640  0.4704      0.7349E-03 NODE        2041   0.0%   0.000      0.2445E+13   0.000       0.000       0.000      0.1915E+09   0.000    
     641  0.4711      0.7349E-03 NODE        2041   0.0%   0.000      0.2445E+13   0.000       0.000       0.000      0.1915E+09   0.000    
     642  0.4718      0.7349E-03 NODE        2041   0.0%   0.000      0.2445E+13   0.000       0.000       0.000      0.1915E+09   0.000    
     643  0.4726      0.7349E-03 NODE        2041   0.0%   0.000      0.2445E+13   0.000       0.000       0.000      0.1915E+09   0.000    
     644  0.4733      0.7349E-03 NODE        2041   0.0%   0.000      0.2445E+13   0.000       0.000       0.000      0.1915E+09   0.000    
     645  0.4740      0.7349E-03 NODE        2041   0.0%   0.000      0.2445E+13   0.000       0.000       0.000      0.1915E+09   0.000    
     646  0.4748      0.7349E-03 NODE        2041   0.0%   0.000      0.2445E+13   0.000       0.000       0.000      0.1915E+09   0.000    
     647  0.4755      0.7349E-03 NODE        2041   0.0%   0.000      0.2445E+13   0.000       0.000       0.000      0.1915E+09   0.000    
     648  0.4762      0.7349E-03 NODE        2041   0.0%   0.000      0.2445E+13   0.000       0.000       0.000      0.1915E+09   0.000    
     649  0.4770      0.7349E-03 NODE        2041   0.0%   0.000      0.2445E+13   0.000       0.000       0.000      0.1915E+09   0.000    
     650  0.4777      0.7349E-03 NODE        2041   0.0%   0.000      0.2445E+13   0.000       0.000       0.000      0.1915E+09   0.000    
     651  0.4784      0.7349E-03 NODE        2041   0.0%   0.000      0.2445E+13   0.000       0.000       0.000      0.1915E+09   0.000    
     652  0.4792      0.7349E-03 NODE        2041   0.0%   0.000      0.2445E+13   0.000       0.000       0.000      0.1915E+09   0.000    
     653  0.4799      0.7349E-03 NODE        2041   0.0%   0.000      0.2445E+13   0.000       0.000       0.000      0.1915E+09   0.000    
     654  0.4807      0.7349E-03 NODE        2041   0.0%   0.000      0.2445E+13   0.000       0.000       0.000      0.1915E+09   0.000    
     655  0.4814      0.7349E-03 NODE        2041   0.0%   0.000      0.2445E+13   0.000       0.000       0.000      0.1915E+09   0.000    
     656  0.4821      0.7349E-03 NODE        2041   0.0%   0.000      0.2445E+13   0.000       0.000       0.000      0.1915E+09   0.000    
     657  0.4829      0.7349E-03 NODE        2041   0.0%   0.000      0.2445E+13   0.000       0.000       0.000      0.1915E+09   0.000    
     658  0.4836      0.7349E-03 NODE        2041   0.0%   0.000      0.2445E+13   0.000       0.000       0.000      0.1915E+09   0.000    
     659  0.4843      0.7349E-03 NODE        2041   0.0%   0.000      0.2445E+13   0.000       0.000       0.000      0.1915E+09   0.000    
     660  0.4851      0.7349E-03 NODE        2041   0.0%   0.000      0.2445E+13   0.000       0.000       0.000      0.1915E+09   0.000    
     661  0.4858      0.7349E-03 NODE        2041   0.0%   0.000      0.2445E+13   0.000       0.000       0.000      0.1915E+09   0.000    
     662  0.4865      0.7349E-03 NODE        2041   0.0%   0.000      0.2445E+13   0.000       0.000       0.000      0.1915E+09   0.000    
     663  0.4873      0.7349E-03 NODE        2041   0.0%   0.000      0.2445E+13   0.000       0.000       0.000      0.1915E+09   0.000    
     664  0.4880      0.7349E-03 NODE        2041   0.0%   0.000      0.2445E+13   0.000       0.000       0.000      0.1915E+09   0.000    
     665  0.4887      0.7349E-03 NODE        2041   0.0%   0.000      0.2445E+13   0.000       0.000       0.000      0.1915E+09   0.000    
     666  0.4895      0.7349E-03 NODE        2041   0.0%   0.000      0.2445E+13   0.000       0.000       0.000      0.1915E+09   0.000    
     667  0.4902      0.7349E-03 NODE        2041   0.0%   0.000      0.2445E+13   0.000       0.000       0.000      0.1915E+09   0.000    
     668  0.4909      0.7349E-03 NODE        2041   0.0%   0.000      0.2445E+13   0.000       0.000       0.000      0.1915E+09   0.000    
     669  0.4917      0.7349E-03 NODE        2041   0.0%   0.000      0.2445E+13   0.000       0.000       0.000      0.1915E+09   0.000    
     670  0.4924      0.7349E-03 NODE        2041   0.0%   0.000      0.2445E+13   0.000       0.000       0.000      0.1915E+09   0.000    
     671  0.4931      0.7349E-03 NODE        2041   0.0%   0.000      0.2445E+13   0.000       0.000       0.000      0.1915E+09   0.000    
     672  0.4939      0.7349E-03 NODE        2041   0.0%   0.000      0.2445E+13   0.000       0.000       0.000      0.1915E+09   0.000    
     673  0.4946      0.7349E-03 NODE        2041   0.0%   0.000      0.2445E+13   0.000       0.000       0.000      0.1915E+09   0.000    
     674  0.4954      0.7349E-03 NODE        2041   0.0%   0.000      0.2445E+13   0.000       0.000       0.000      0.1915E+09   0.000    
     675  0.4961      0.7349E-03 NODE        2041   0.0%   0.000      0.2445E+13   0.000       0.000       0.000      0.1915E+09   0.000    
     676  0.4968      0.7349E-03 NODE        2041   0.0%   0.000      0.2445E+13   0.000       0.000       0.000      0.1915E+09   0.000    
     677  0.4976      0.7349E-03 NODE        2041   0.0%   0.000      0.2445E+13   0.000       0.000       0.000      0.1915E+09   0.000    
     678  0.4983      0.7349E-03 NODE        2041   0.0%   0.000      0.2445E+13   0.000       0.000       0.000      0.1915E+09   0.000    
     679  0.4990      0.7349E-03 NODE        2041   0.0%   0.000      0.2445E+13   0.000       0.000       0.000      0.1915E+09   0.000    
     680  0.4998      0.7349E-03 NODE        2041   0.0%   0.000      0.2445E+13   0.000       0.000       0.000      0.1915E+09   0.000    
     681  0.5005      0.7349E-03 NODE        2041   0.0%   0.000      0.2445E+13   0.000       0.000       0.000      0.1915E+09   0.000    
     ANIMATION FILE: A04_FREE_PLASTIC_N5A006 WRITTEN
     682  0.5012      0.7349E-03 NODE        2041   0.0%   0.000      0.2445E+13   0.000       0.000       0.000      0.1915E+09   0.000    
     683  0.5020      0.7349E-03 NODE        2041   0.0%   0.000      0.2445E+13   0.000       0.000       0.000      0.1915E+09   0.000    
     684  0.5027      0.7349E-03 NODE        2041   0.0%   0.000      0.2445E+13   0.000       0.000       0.000      0.1915E+09   0.000    
     685  0.5034      0.7349E-03 NODE        2041   0.0%   0.000      0.2445E+13   0.000       0.000       0.000      0.1915E+09   0.000    
     686  0.5042      0.7349E-03 NODE        2041   0.0%   0.000      0.2445E+13   0.000       0.000       0.000      0.1915E+09   0.000    
     687  0.5049      0.7349E-03 NODE        2041   0.0%   0.000      0.2445E+13   0.000       0.000       0.000      0.1915E+09   0.000    
     688  0.5056      0.7349E-03 NODE        2041   0.0%   0.000      0.2445E+13   0.000       0.000       0.000      0.1915E+09   0.000    
     689  0.5064      0.7349E-03 NODE        2041   0.0%   0.000      0.2445E+13   0.000       0.000       0.000      0.1915E+09   0.000    
     690  0.5071      0.7349E-03 NODE        2041   0.0%   0.000      0.2445E+13   0.000       0.000       0.000      0.1915E+09   0.000    
     691  0.5078      0.7349E-03 NODE        2041   0.0%   0.000      0.2445E+13   0.000       0.000       0.000      0.1915E+09   0.000    
     692  0.5086      0.7349E-03 NODE        2041   0.0%   0.000      0.2445E+13   0.000       0.000       0.000      0.1915E+09   0.000    
     693  0.5093      0.7349E-03 NODE        2041   0.0%   0.000      0.2445E+13   0.000       0.000       0.000      0.1915E+09   0.000    
     694  0.5101      0.7349E-03 NODE        2041   0.0%   0.000      0.2445E+13   0.000       0.000       0.000      0.1915E+09   0.000    
     695  0.5108      0.7349E-03 NODE        2041   0.0%   0.000      0.2445E+13   0.000       0.000       0.000      0.1915E+09   0.000    
     696  0.5115      0.7349E-03 NODE        2041   0.0%   0.000      0.2445E+13   0.000       0.000       0.000      0.1915E+09   0.000    
     697  0.5123      0.7349E-03 NODE        2041   0.0%   0.000      0.2445E+13   0.000       0.000       0.000      0.1915E+09   0.000    
     698  0.5130      0.7349E-03 NODE        2041   0.0%   0.000      0.2445E+13   0.000       0.000       0.000      0.1915E+09   0.000    
     699  0.5137      0.7349E-03 NODE        2041   0.0%   0.000      0.2445E+13   0.000       0.000       0.000      0.1915E+09   0.000    
   CYCLE    TIME      TIME-STEP  ELEMENT          ERROR  I-ENERGY    K-ENERGY T  K-ENERGY R  EXT-WORK     MAS.ERR     TOTAL MASS  MASS ADDED
     700  0.5145      0.7349E-03 NODE        2041   0.0%   0.000      0.2445E+13   0.000       0.000       0.000      0.1915E+09   0.000    
     701  0.5152      0.7349E-03 NODE        2041   0.0%   0.000      0.2445E+13   0.000       0.000       0.000      0.1915E+09   0.000    
     702  0.5159      0.7349E-03 NODE        2041   0.0%   0.000      0.2445E+13   0.000       0.000       0.000      0.1915E+09   0.000    
     703  0.5167      0.7349E-03 NODE        2041   0.0%   0.000      0.2445E+13   0.000       0.000       0.000      0.1915E+09   0.000    
     704  0.5174      0.7349E-03 NODE        2041   0.0%   0.000      0.2445E+13   0.000       0.000       0.000      0.1915E+09   0.000    
     705  0.5181      0.7349E-03 NODE        2041   0.0%   0.000      0.2445E+13   0.000       0.000       0.000      0.1915E+09   0.000    
     706  0.5189      0.7349E-03 NODE        2041   0.0%   0.000      0.2445E+13   0.000       0.000       0.000      0.1915E+09   0.000    
     707  0.5196      0.7349E-03 NODE        2041   0.0%   0.000      0.2445E+13   0.000       0.000       0.000      0.1915E+09   0.000    
     708  0.5203      0.7349E-03 NODE        2041   0.0%   0.000      0.2445E+13   0.000       0.000       0.000      0.1915E+09   0.000    
     709  0.5211      0.7349E-03 NODE        2041   0.0%   0.000      0.2445E+13   0.000       0.000       0.000      0.1915E+09   0.000    
     710  0.5218      0.7349E-03 NODE        2041   0.0%   0.000      0.2445E+13   0.000       0.000       0.000      0.1915E+09   0.000    
     711  0.5225      0.7349E-03 NODE        2041   0.0%   0.000      0.2445E+13   0.000       0.000       0.000      0.1915E+09   0.000    
     712  0.5233      0.7349E-03 NODE        2041   0.0%   0.000      0.2445E+13   0.000       0.000       0.000      0.1915E+09   0.000    
     713  0.5240      0.7349E-03 NODE        2041   0.0%   0.000      0.2445E+13   0.000       0.000       0.000      0.1915E+09   0.000    
     714  0.5248      0.7349E-03 NODE        2041   0.0%   0.000      0.2445E+13   0.000       0.000       0.000      0.1915E+09   0.000    
     715  0.5255      0.7349E-03 NODE        2041   0.0%   0.000      0.2445E+13   0.000       0.000       0.000      0.1915E+09   0.000    
     716  0.5262      0.7349E-03 NODE        2041   0.0%   0.000      0.2445E+13   0.000       0.000       0.000      0.1915E+09   0.000    
     717  0.5270      0.7349E-03 NODE        2041   0.0%   0.000      0.2445E+13   0.000       0.000       0.000      0.1915E+09   0.000    
     718  0.5277      0.7349E-03 NODE        2041   0.0%   0.000      0.2445E+13   0.000       0.000       0.000      0.1915E+09   0.000    
     719  0.5284      0.7349E-03 NODE        2041   0.0%   0.000      0.2445E+13   0.000       0.000       0.000      0.1915E+09   0.000    
     720  0.5292      0.7349E-03 NODE        2041   0.0%   0.000      0.2445E+13   0.000       0.000       0.000      0.1915E+09   0.000    
     721  0.5299      0.7349E-03 NODE        2041   0.0%   0.000      0.2445E+13   0.000       0.000       0.000      0.1915E+09   0.000    
     722  0.5306      0.7349E-03 NODE        2041   0.0%   0.000      0.2445E+13   0.000       0.000       0.000      0.1915E+09   0.000    
     723  0.5314      0.7349E-03 NODE        2041   0.0%   0.000      0.2445E+13   0.000       0.000       0.000      0.1915E+09   0.000    
     724  0.5321      0.7349E-03 NODE        2041   0.0%   0.000      0.2445E+13   0.000       0.000       0.000      0.1915E+09   0.000    
     725  0.5328      0.7349E-03 NODE        2041   0.0%   0.000      0.2445E+13   0.000       0.000       0.000      0.1915E+09   0.000    
     726  0.5336      0.7349E-03 NODE        2041   0.0%   0.000      0.2445E+13   0.000       0.000       0.000      0.1915E+09   0.000    
     727  0.5343      0.7349E-03 NODE        2041   0.0%   0.000      0.2445E+13   0.000       0.000       0.000      0.1915E+09   0.000    
     728  0.5350      0.7349E-03 NODE        2041   0.0%   0.000      0.2445E+13   0.000       0.000       0.000      0.1915E+09   0.000    
     729  0.5358      0.7349E-03 NODE        2041   0.0%   0.000      0.2445E+13   0.000       0.000       0.000      0.1915E+09   0.000    
     730  0.5365      0.7349E-03 NODE        2041   0.0%   0.000      0.2445E+13   0.000       0.000       0.000      0.1915E+09   0.000    
     731  0.5372      0.7349E-03 NODE        2041   0.0%   0.000      0.2445E+13   0.000       0.000       0.000      0.1915E+09   0.000    
     732  0.5380      0.7349E-03 NODE        2041   0.0%   0.000      0.2445E+13   0.000       0.000       0.000      0.1915E+09   0.000    
     733  0.5387      0.7349E-03 NODE        2041   0.0%   0.000      0.2445E+13   0.000       0.000       0.000      0.1915E+09   0.000    
     734  0.5394      0.7349E-03 NODE        2041   0.0%   0.000      0.2445E+13   0.000       0.000       0.000      0.1915E+09   0.000    
     735  0.5402      0.7349E-03 NODE        2041   0.0%   0.000      0.2445E+13   0.000       0.000       0.000      0.1915E+09   0.000    
     736  0.5409      0.7349E-03 NODE        2041   0.0%   0.000      0.2445E+13   0.000       0.000       0.000      0.1915E+09   0.000    
     737  0.5417      0.7349E-03 NODE        2041   0.0%   0.000      0.2445E+13   0.000       0.000       0.000      0.1915E+09   0.000    
     738  0.5424      0.7349E-03 NODE        2041   0.0%   0.000      0.2445E+13   0.000       0.000       0.000      0.1915E+09   0.000    
     739  0.5431      0.7349E-03 NODE        2041   0.0%   0.000      0.2445E+13   0.000       0.000       0.000      0.1915E+09   0.000    
     740  0.5439      0.7349E-03 NODE        2041   0.0%   0.000      0.2445E+13   0.000       0.000       0.000      0.1915E+09   0.000    
     741  0.5446      0.7349E-03 NODE        2041   0.0%   0.000      0.2445E+13   0.000       0.000       0.000      0.1915E+09   0.000    
     742  0.5453      0.7349E-03 NODE        2041   0.0%   0.000      0.2445E+13   0.000       0.000       0.000      0.1915E+09   0.000    
     743  0.5461      0.7349E-03 NODE        2041   0.0%   0.000      0.2445E+13   0.000       0.000       0.000      0.1915E+09   0.000    
     744  0.5468      0.7349E-03 NODE        2041   0.0%   0.000      0.2445E+13   0.000       0.000       0.000      0.1915E+09   0.000    
     745  0.5475      0.7349E-03 NODE        2041   0.0%   0.000      0.2445E+13   0.000       0.000       0.000      0.1915E+09   0.000    
     746  0.5483      0.7349E-03 NODE        2041   0.0%   0.000      0.2445E+13   0.000       0.000       0.000      0.1915E+09   0.000    
     747  0.5490      0.7349E-03 NODE        2041   0.0%   0.000      0.2445E+13   0.000       0.000       0.000      0.1915E+09   0.000    
     748  0.5497      0.7349E-03 NODE        2041   0.0%   0.000      0.2445E+13   0.000       0.000       0.000      0.1915E+09   0.000    
     749  0.5505      0.7349E-03 NODE        2041   0.0%   0.000      0.2445E+13   0.000       0.000       0.000      0.1915E+09   0.000    
     750  0.5512      0.7349E-03 NODE        2041   0.0%   0.000      0.2445E+13   0.000       0.000       0.000      0.1915E+09   0.000    
     751  0.5519      0.7349E-03 NODE        2041   0.0%   0.000      0.2445E+13   0.000       0.000       0.000      0.1915E+09   0.000    
     752  0.5527      0.7349E-03 NODE        2041   0.0%   0.000      0.2445E+13   0.000       0.000       0.000      0.1915E+09   0.000    
     753  0.5534      0.7349E-03 NODE        2041   0.0%   0.000      0.2445E+13   0.000       0.000       0.000      0.1915E+09   0.000    
     754  0.5541      0.7349E-03 NODE        2041   0.0%   0.000      0.2445E+13   0.000       0.000       0.000      0.1915E+09   0.000    
     755  0.5549      0.7349E-03 NODE        2041   0.0%   0.000      0.2445E+13   0.000       0.000       0.000      0.1915E+09   0.000    
     756  0.5556      0.7349E-03 NODE        2041   0.0%   0.000      0.2445E+13   0.000       0.000       0.000      0.1915E+09   0.000    
     757  0.5564      0.7349E-03 NODE        2041   0.0%   0.000      0.2445E+13   0.000       0.000       0.000      0.1915E+09   0.000    
     758  0.5571      0.7349E-03 NODE        2041   0.0%   0.000      0.2445E+13   0.000       0.000       0.000      0.1915E+09   0.000    
     759  0.5578      0.7349E-03 NODE        2041   0.0%   0.000      0.2445E+13   0.000       0.000       0.000      0.1915E+09   0.000    
     760  0.5586      0.7349E-03 NODE        2041   0.0%   0.000      0.2445E+13   0.000       0.000       0.000      0.1915E+09   0.000    
     761  0.5593      0.7349E-03 NODE        2041   0.0%   0.000      0.2445E+13   0.000       0.000       0.000      0.1915E+09   0.000    
     762  0.5600      0.7349E-03 NODE        2041   0.0%   0.000      0.2445E+13   0.000       0.000       0.000      0.1915E+09   0.000    
     763  0.5608      0.7349E-03 NODE        2041   0.0%   0.000      0.2445E+13   0.000       0.000       0.000      0.1915E+09   0.000    
     764  0.5615      0.7349E-03 NODE        2041   0.0%   0.000      0.2445E+13   0.000       0.000       0.000      0.1915E+09   0.000    
     765  0.5622      0.7349E-03 NODE        2041   0.0%   0.000      0.2445E+13   0.000       0.000       0.000      0.1915E+09   0.000    
     766  0.5630      0.7349E-03 NODE        2041   0.0%   0.000      0.2445E+13   0.000       0.000       0.000      0.1915E+09   0.000    
     767  0.5637      0.7349E-03 NODE        2041   0.0%   0.000      0.2445E+13   0.000       0.000       0.000      0.1915E+09   0.000    
     768  0.5644      0.7349E-03 NODE        2041   0.0%   0.000      0.2445E+13   0.000       0.000       0.000      0.1915E+09   0.000    
     769  0.5652      0.7349E-03 NODE        2041   0.0%   0.000      0.2445E+13   0.000       0.000       0.000      0.1915E+09   0.000    
     770  0.5659      0.7349E-03 NODE        2041   0.0%   0.000      0.2445E+13   0.000       0.000       0.000      0.1915E+09   0.000    
     771  0.5666      0.7349E-03 NODE        2041   0.0%   0.000      0.2445E+13   0.000       0.000       0.000      0.1915E+09   0.000    
     772  0.5674      0.7349E-03 NODE        2041   0.0%   0.000      0.2445E+13   0.000       0.000       0.000      0.1915E+09   0.000    
     773  0.5681      0.7349E-03 NODE        2041   0.0%   0.000      0.2445E+13   0.000       0.000       0.000      0.1915E+09   0.000    
     774  0.5688      0.7349E-03 NODE        2041   0.0%   0.000      0.2445E+13   0.000       0.000       0.000      0.1915E+09   0.000    
     775  0.5696      0.7349E-03 NODE        2041   0.0%   0.000      0.2445E+13   0.000       0.000       0.000      0.1915E+09   0.000    
     776  0.5703      0.7349E-03 NODE        2041   0.0%   0.000      0.2445E+13   0.000       0.000       0.000      0.1915E+09   0.000    
     777  0.5711      0.7349E-03 NODE        2041   0.0%   0.000      0.2445E+13   0.000       0.000       0.000      0.1915E+09   0.000    
     778  0.5718      0.7349E-03 NODE        2041   0.0%   0.000      0.2445E+13   0.000       0.000       0.000      0.1915E+09   0.000    
     779  0.5725      0.7349E-03 NODE        2041   0.0%   0.000      0.2445E+13   0.000       0.000       0.000      0.1915E+09   0.000    
     780  0.5733      0.7349E-03 NODE        2041   0.0%   0.000      0.2445E+13   0.000       0.000       0.000      0.1915E+09   0.000    
     781  0.5740      0.7349E-03 NODE        2041   0.0%   0.000      0.2445E+13   0.000       0.000       0.000      0.1915E+09   0.000    
     782  0.5747      0.7349E-03 NODE        2041   0.0%   0.000      0.2445E+13   0.000       0.000       0.000      0.1915E+09   0.000    
     783  0.5755      0.7349E-03 NODE        2041   0.0%   0.000      0.2445E+13   0.000       0.000       0.000      0.1915E+09   0.000    
     784  0.5762      0.7349E-03 NODE        2041   0.0%   0.000      0.2445E+13   0.000       0.000       0.000      0.1915E+09   0.000    
     785  0.5769      0.7349E-03 NODE        2041   0.0%   0.000      0.2445E+13   0.000       0.000       0.000      0.1915E+09   0.000    
     786  0.5777      0.7349E-03 NODE        2041   0.0%   0.000      0.2445E+13   0.000       0.000       0.000      0.1915E+09   0.000    
     787  0.5784      0.7349E-03 NODE        2041   0.0%   0.000      0.2445E+13   0.000       0.000       0.000      0.1915E+09   0.000    
     788  0.5791      0.7349E-03 NODE        2041   0.0%   0.000      0.2445E+13   0.000       0.000       0.000      0.1915E+09   0.000    
     789  0.5799      0.7349E-03 NODE        2041   0.0%   0.000      0.2445E+13   0.000       0.000       0.000      0.1915E+09   0.000    
     790  0.5806      0.7349E-03 NODE        2041   0.0%   0.000      0.2445E+13   0.000       0.000       0.000      0.1915E+09   0.000    
     791  0.5813      0.7349E-03 NODE        2041   0.0%   0.000      0.2445E+13   0.000       0.000       0.000      0.1915E+09   0.000    
     792  0.5821      0.7349E-03 NODE        2041   0.0%   0.000      0.2445E+13   0.000       0.000       0.000      0.1915E+09   0.000    
     793  0.5828      0.7349E-03 NODE        2041   0.0%   0.000      0.2445E+13   0.000       0.000       0.000      0.1915E+09   0.000    
     794  0.5835      0.7349E-03 NODE        2041   0.0%   0.000      0.2445E+13   0.000       0.000       0.000      0.1915E+09   0.000    
     795  0.5843      0.7349E-03 NODE        2041   0.0%   0.000      0.2445E+13   0.000       0.000       0.000      0.1915E+09   0.000    
     796  0.5850      0.7349E-03 NODE        2041   0.0%   0.000      0.2445E+13   0.000       0.000       0.000      0.1915E+09   0.000    
     797  0.5858      0.7349E-03 NODE        2041   0.0%   0.000      0.2445E+13   0.000       0.000       0.000      0.1915E+09   0.000    
     798  0.5865      0.7349E-03 NODE        2041   0.0%   0.000      0.2445E+13   0.000       0.000       0.000      0.1915E+09   0.000    
     799  0.5872      0.7349E-03 NODE        2041   0.0%   0.000      0.2445E+13   0.000       0.000       0.000      0.1915E+09   0.000    
   CYCLE    TIME      TIME-STEP  ELEMENT          ERROR  I-ENERGY    K-ENERGY T  K-ENERGY R  EXT-WORK     MAS.ERR     TOTAL MASS  MASS ADDED
     800  0.5880      0.7349E-03 NODE        2041   0.0%   0.000      0.2445E+13   0.000       0.000       0.000      0.1915E+09   0.000    
     801  0.5887      0.7349E-03 NODE        2041   0.0%   0.000      0.2445E+13   0.000       0.000       0.000      0.1915E+09   0.000    
     802  0.5894      0.7349E-03 NODE        2041   0.0%   0.000      0.2445E+13   0.000       0.000       0.000      0.1915E+09   0.000    
     803  0.5902      0.7349E-03 NODE        2041   0.0%   0.000      0.2445E+13   0.000       0.000       0.000      0.1915E+09   0.000    
     804  0.5909      0.7349E-03 NODE        2041   0.0%   0.000      0.2445E+13   0.000       0.000       0.000      0.1915E+09   0.000    
     805  0.5916      0.7349E-03 NODE        2041   0.0%   0.000      0.2445E+13   0.000       0.000       0.000      0.1915E+09   0.000    
     806  0.5924      0.7349E-03 NODE        2041   0.0%   0.000      0.2445E+13   0.000       0.000       0.000      0.1915E+09   0.000    
     807  0.5931      0.7349E-03 NODE        2041   0.0%   0.000      0.2445E+13   0.000       0.000       0.000      0.1915E+09   0.000    
     808  0.5938      0.7349E-03 NODE        2041   0.0%   0.000      0.2445E+13   0.000       0.000       0.000      0.1915E+09   0.000    
     809  0.5946      0.7349E-03 NODE        2041   0.0%   0.000      0.2445E+13   0.000       0.000       0.000      0.1915E+09   0.000    
     810  0.5953      0.7349E-03 NODE        2041   0.0%   0.000      0.2445E+13   0.000       0.000       0.000      0.1915E+09   0.000    
     811  0.5960      0.7349E-03 NODE        2041   0.0%   0.000      0.2445E+13   0.000       0.000       0.000      0.1915E+09   0.000    
     812  0.5968      0.7349E-03 NODE        2041   0.0%   0.000      0.2445E+13   0.000       0.000       0.000      0.1915E+09   0.000    
     813  0.5975      0.7349E-03 NODE        2041   0.0%   0.000      0.2445E+13   0.000       0.000       0.000      0.1915E+09   0.000    
     814  0.5982      0.7349E-03 NODE        2041   0.0%   0.000      0.2445E+13   0.000       0.000       0.000      0.1915E+09   0.000    
     815  0.5990      0.7349E-03 NODE        2041   0.0%   0.000      0.2445E+13   0.000       0.000       0.000      0.1915E+09   0.000    
     816  0.5997      0.7349E-03 NODE        2041   0.0%   0.000      0.2445E+13   0.000       0.000       0.000      0.1915E+09   0.000    

     RESTART FILES: A04_FREE_PLASTIC_N5_0001_[0001-0001].rst WRITTEN
     -------------

     817  0.6005      0.7349E-03 NODE        2041   0.0%   0.000      0.2445E+13   0.000       0.000       0.000      0.1915E+09   0.000    
     ANIMATION FILE: A04_FREE_PLASTIC_N5A007 WRITTEN
  
                           ** CPU USER TIME **
  
  
                        ** SUMMARY **
  
 #PROC  ELEMENT   KINCOND   INTEG     IO        T0        ASM       RESOL    
   1   .1708E+02 .1047E+01 .1719E+00 .2453E+01 .4688E-01 .8281E+00 .2242E+02
  
 
                   ** CUMULATIVE CPU TIME SUMMARY **
  
 CONTACT SORTING.............: .0000E+00     0.00 % 
 CONTACT FORCES..............: .0000E+00     0.00 % 
 ELEMENT FORCES..............: .1708E+02    76.17 % 
 KINEMATIC COND..............: .1047E+01     4.67 % 
 INTEGRATION.................: .1719E+00     0.77 % 
 ASSEMBLING..................: .8281E+00     3.69 % 
 OTHERS (including I/O)......: .3297E+01    14.70 % 
 TOTAL.......................: .2242E+02   100.00 % 
  
  
                           ** ELAPSED TIME **
  
  
                        ** SUMMARY **
  
 #PROC  ELEMENT   KINCOND   INTEG     IO        T0        ASM       RESOL    
   1   .8345E+01 .5351E+00 .1575E+00 .1269E+01 .1741E-01 .4314E+00 .1124E+02
  
                   ** MEMORY USAGE STATISTICS **
  
 TOTAL MEMORY USED .........................:      162 MB
 MAXIMUM MEMORY PER PROCESSOR...............:      162 MB
 MINIMUM MEMORY PER PROCESSOR...............:      162 MB
 AVERAGE MEMORY PER PROCESSOR...............:      162 MB
  
                   ** DISK USAGE STATISTICS **
  
 TOTAL DISK SPACE USED .....................:         89 MB
 ANIMATION/H3D/TH/OUTP SIZE ................:         35 MB
 RESTART FILE SIZE .........................:         53 MB
  
                   ** COMPUTE TIME INFORMATION **
                        ** CURRENT ENGINE **
  
 EXECUTION STARTED .........................:      2026/10/05  14:21:55
 EXECUTION COMPLETED .......................:      2026/10/05  14:22:06
  
 ELAPSED TIME     =         11.41 s
                          0:00:11



     NORMAL TERMINATION      



     TOTAL NUMBER OF CYCLES  :     818

  
                   ** COMPUTE RUNTIME INFORMATION SUMMARY **
  
        STARTER RUNTIME =          1.34s (00:00:01)
 # 001   ENGINE RUNTIME =         11.41s (00:00:11)
 ------------------------------ 
 STARTER+ENGINE RUNTIME =         12.75s (00:00:12)
  
