 I02D_PATCH_NONPROPORTIONAL_R5_0001.out
************************************************************************
**                                                                    **
**                                                                    **
**                         OpenRadioss Engine                         **
**                                                                    **
**            Non-linear Finite Element Analysis Software             **
**                                                                    **
**                                                                    **
**                                                                    **
**                  Windows 64 bits, Intel compiler                   **
**                      Double Precision Version                      **
**                                                                    **
**                                                                    **
**                                                                    **
************************************************************************
** OpenRadioss Software                                               **
** COPYRIGHT (C) 2026 Siemens                                         **
** Licensed under GNU Affero General Public License.                  **
** See License file.                                                  **
************************************************************************
 
 NUMBER OF SPMD DOMAINS           1
 NUMBER OF THREADS PER DOMAIN     1
 NUMBER OF HMPP PROCESSES         1
  
 COMPUTATION HARDWARE DESCRIPTION
  
 HOSTNAME     CPU TYPE, FREQUENCY AND MEMORY
 jeux   AMD Ryzen 5 5600 6-Core Processor               (x86_64), 3700 MHz,   7282 MB RAM,  18090 MB swap
  
 STACKSIZE  . . . . . . . . . . . . . . . . . . . . 1430 MB
 THREAD STACKSIZE . . . . . . . . . . . . . . . . . 400 MB
 
************************************************************************


 I02D_PATCH_NONPROPORTIONAL_R5D01                                                


 FINAL TIME . . . . . . . . . . . . . . . . . . .   4.200000    

 TIME INTERVAL FOR TIME HISTORY PLOTS . . . . . .  0.2000000E-02

 TIME STEP SCALE FACTOR . . . . . . . . . . . . .  0.2000000    

 MINIMUM TIME STEP  . . . . . . . . . . . . . . .   0.000000    


 BRICK TIME STEP SCALE FACTOR . . . . . . . . . .  0.2000000    
 BRICK MINIMUM TIME STEP. . . . . . . . . . . . .   0.000000    
 MIN. TIME STEP FLAG (1:STOP RUN, 2:DELETE BRICK)     1

 QUAD TIME STEP SCALE FACTOR. . . . . . . . . . .  0.2000000    
 QUAD MINIMUM TIME STEP . . . . . . . . . . . . .   0.000000    
 MIN. TIME STEP FLAG (1:STOP RUN, 2:DELETE QUAD).     1

 SHELL TIME STEP SCALE FACTOR . . . . . . . . . .  0.2000000    
 SHELL MINIMUM TIME STEP. . . . . . . . . . . . .   0.000000    
 MIN. TIME FLAG (1:STOP, 2:DELETE, 3:SMALL STRAIN)    2

 TRUSS TIME STEP SCALE FACTOR . . . . . . . . . .  0.2000000    
 TRUSS MINIMUM TIME STEP. . . . . . . . . . . . .   0.000000    
 MIN. TIME FLAG (1:STOP, 2:DELETE). . . . . . . .     0

 BEAM TIME STEP SCALE FACTOR. . . . . . . . . . .  0.2000000    
 BEAM MINIMUM TIME STEP . . . . . . . . . . . . .   0.000000    
 MIN. TIME FLAG (1:STOP, 2:DELETE). . . . . . . .     0

 SPRING TIME STEP SCALE FACTOR. . . . . . . . . .  0.2000000    
 SPRING MINIMUM TIME STEP . . . . . . . . . . . .   0.000000    
 MIN. TIME FLAG (1:STOP, 2:DELETE). . . . . . . .     0

 AIRBAG TIME STEP SCALE FACTOR. . . . . . . . . .  0.2000000    
 AIRBAG MINIMUM TIME STEP . . . . . . . . . . . .   0.000000    
 MIN. TIME FLAG (1:STOP). . . . . . . . . . . . .     0

 CONTACT TIME STEP SCALE FACTOR . . . . . . . . .  0.2000000    
 CONTACT MINIMUM TIME STEP. . . . . . . . . . . .   0.000000    
 MIN. TIME FLAG(1:STOP, 2:REMOVE NODE FROM INTERF)    0

 PRINTOUT CYCLE FREQUENCY . . . . . . . . . . . .  -100

 RESTART CYCLE FREQUENCY. . . . . . . . . . . . .   10000000

 MAXIMUM RESTART WRITE BEFORE OVERWRITE . . . . .     0

 INVERS: INPUT DECK VERSION . . . . . . . . . . .  2026
 ITTYP : FLAG FOR TYPE OF T-FILE. . . . . . . . .     4

 INITIAL TIME STEP. . . . . . . . . . . . . . . .  0.5000000E-04
 MAXIMUM TIME STEP. . . . . . . . . . . . . . . .  0.5000000E-04

 PARALLEL ARITHMETIC ON
 NUMBER OF INTERFACES TO BE ELIMINATED. . . . . .        0

 NUMBER OF PARTS TO BE ELIMINATED . . . . . . . .        0

 NUMBER OF SOLID  ELEMENT BLOCKS TO BE ELIMINATED        0

 NUMBER OF QUAD   ELEMENT BLOCKS TO BE ELIMINATED        0

 NUMBER OF SHELL  ELEMENT BLOCKS TO BE ELIMINATED        0

 NUMBER OF TRUSS  ELEMENT BLOCKS TO BE ELIMINATED        0

 NUMBER OF BEAM   ELEMENT BLOCKS TO BE ELIMINATED        0

 NUMBER OF SPRING ELEMENT BLOCKS TO BE ELIMINATED        0

 NUMBER OF SH_3N  ELEMENT BLOCKS TO BE ELIMINATED        0

 NUMBER OF  SPH PARTICLES BLOCKS TO BE ELIMINATED        0

 NUMBER OF RIGID LINKS. . . . . . . . . . . . . .        0

 NUMBER OF NEW BOUNDARY CONDITIONS. . . . . . . .        0


 TIME FOR FIRST ANIMATION-FILE PLOT . . . . . . .   0.000000    
 TIME INTERVAL FOR ANIMATION-FILE PLOTS . . . . .  0.1400000    
 TIME TO STOP ANIMATION-FILE PLOTS. . . . . . . .  0.1000000E+21
 SENSOR FOR ANIMATION-FILE PLOTS. . . . . . . . .          0
 TIME INTERVAL FOR SENSOR ANIMATION-FILE PLOTS. .   0.000000    

 VARIABLE SAVED ON ANIMATION FILES (1: YES) :
      PLASTIC STRAIN. . . . . .     0
      DENSITY     (SOLID ONLY).     0
      SPECIFIC ENERGY . . . . .     0
      HOURGLASS ENERGY. . . . .     0
      TEMPERATURE (SOLID ONLY).     0
      THICKNESS   (SHELL ONLY).     0
      PRESSURE    (SOLID ONLY).     0
      VON MISES . . . . . . . .     0
      TURBULENT ENERGY (FLUID).     0
      TURBULENT VISCOSITY(FLUID)    0
      VORTICITY (FLUID) . . . .     0
 NODAL VALUES SAVED ON ANIMATION FILES (1: YES) :
      PRESSURE. . . . . . . . .     0
      DENSITY . . . . . . . . .     0
      TEMPERATURE . . . . . . .     0
 VECTOR SAVED ON ANIMATION FILES (1: YES) :
      VELOCITY VECTOR . . . . .     1
      DISPLACEMENT VECTOR . . .     1
      ACCELERATION VECTOR . . .     0
      CONTACT FORCES. . . . . .     0
      INTERNAL FORCES . . . . .     0
      EXTERNAL FORCES . . . . .     0
      SECTION RBY RWALL FORCES.     0
      ROTATIONAL VELOCITY VECTOR    0
      CONTACT PRESSURE (VECTORS)    0
 SHELL TENSOR SAVED ON ANIMATION FILES (1: YES) :
      MEMBRANE STRESS . . . . .     0
      BENDING STRESS(MOMENT/T^2)    0
      UPPER LAYER STRESS. . . .     0
      LOWER LAYER STRESS. . . .     0
      MEMBRANE STRAIN . . . . .     0
      CURVATURE . . . . . . . .     0
      UPPER LAYER STRAIN. . . .     0
      LOWER LAYER STRAIN. . . .     0
 NODAL MASS SAVED ON ANIMATION FILES (1: YES) :    0
 KEEP DELETED ELEMENT (1: YES) :    0


 13/09/2026
   CYCLE    TIME      TIME-STEP  ELEMENT          ERROR  I-ENERGY    K-ENERGY T  K-ENERGY R  EXT-WORK     MAS.ERR     TOTAL MASS  MASS ADDED
       0   0.000      0.5000E-04 NODE           1   0.0%   0.000       0.000       0.000       0.000       0.000       3.429       0.000    
     ANIMATION FILE: I02D_PATCH_NONPROPORTIONAL_R5A001 WRITTEN
     100  0.5000E-02  0.5000E-04 NODE           1  -0.2%  0.1591E-04  0.9166E-05   0.000      0.2512E-04   0.000       3.429       0.000    
     200  0.1000E-01  0.5000E-04 NODE           1  -0.0%  0.2529E-03  0.3630E-04   0.000      0.2893E-03   0.000       3.429       0.000    
     300  0.1500E-01  0.5000E-04 NODE           1  -0.0%  0.1272E-02  0.8084E-04   0.000      0.1353E-02   0.000       3.429       0.000    
     400  0.2000E-01  0.5000E-04 NODE           1  -0.0%  0.3992E-02  0.1423E-03   0.000      0.4135E-02   0.000       3.429       0.000    
     500  0.2500E-01  0.5000E-04 NODE           1  -0.0%  0.9682E-02  0.2200E-03   0.000      0.9902E-02   0.000       3.429       0.000    
     600  0.3000E-01  0.5000E-04 NODE           1  -0.0%  0.1994E-01  0.3136E-03   0.000      0.2025E-01   0.000       3.429       0.000    
     700  0.3500E-01  0.5000E-04 NODE           1  -0.0%  0.3669E-01  0.4225E-03   0.000      0.3711E-01   0.000       3.429       0.000    
     800  0.4000E-01  0.5000E-04 NODE           1  -0.0%  0.6216E-01  0.5461E-03   0.000      0.6271E-01   0.000       3.429       0.000    
     900  0.4500E-01  0.5000E-04 NODE           1  -0.0%  0.9890E-01  0.6839E-03   0.000      0.9958E-01   0.000       3.429       0.000    
    1000  0.5000E-01  0.5000E-04 NODE           1  -0.0%  0.1497      0.8356E-03   0.000      0.1505       0.000       3.429       0.000    
    1100  0.5500E-01  0.5000E-04 NODE           1  -0.0%  0.2177      0.1000E-02   0.000      0.2187       0.000       3.429       0.000    
    1200  0.6000E-01  0.5000E-04 NODE           1  -0.0%  0.3061      0.1178E-02   0.000      0.3073       0.000       3.429       0.000    
    1300  0.6500E-01  0.5000E-04 NODE           1  -0.0%  0.4188      0.1368E-02   0.000      0.4201       0.000       3.429       0.000    
    1400  0.7000E-01  0.5000E-04 NODE           1  -0.0%  0.5593      0.1569E-02   0.000      0.5609       0.000       3.429       0.000    
    1500  0.7500E-01  0.5000E-04 NODE           1  -0.0%  0.7319      0.1782E-02   0.000      0.7337       0.000       3.429       0.000    
    1600  0.8000E-01  0.5000E-04 NODE           1  -0.0%  0.9409      0.2006E-02   0.000      0.9429       0.000       3.429       0.000    
    1700  0.8500E-01  0.5000E-04 NODE           1  -0.0%   1.191      0.2240E-02   0.000       1.193       0.000       3.429       0.000    
    1800  0.9000E-01  0.5000E-04 NODE           1  -0.0%   1.486      0.2484E-02   0.000       1.488       0.000       3.429       0.000    
    1900  0.9500E-01  0.5000E-04 NODE           1  -0.0%   1.832      0.2737E-02   0.000       1.834       0.000       3.429       0.000    
    2000  0.1000      0.5000E-04 NODE           1  -0.0%   2.233      0.3000E-02   0.000       2.236       0.000       3.429       0.000    
    2100  0.1050      0.5000E-04 NODE           1  -0.0%   2.695      0.3271E-02   0.000       2.698       0.000       3.429       0.000    
    2200  0.1100      0.5000E-04 NODE           1  -0.0%   3.223      0.3549E-02   0.000       3.226       0.000       3.429       0.000    
    2300  0.1150      0.5000E-04 NODE           1  -0.0%   3.822      0.3836E-02   0.000       3.826       0.000       3.429       0.000    
    2400  0.1200      0.5000E-04 NODE           1  -0.0%   4.499      0.4130E-02   0.000       4.503       0.000       3.429       0.000    
    2500  0.1250      0.5000E-04 NODE           1  -0.0%   5.258      0.4430E-02   0.000       5.263       0.000       3.429       0.000    
    2600  0.1300      0.5000E-04 NODE           1  -0.0%   6.107      0.4737E-02   0.000       6.112       0.000       3.429       0.000    
    2700  0.1350      0.5000E-04 NODE           1  -0.0%   7.050      0.5050E-02   0.000       7.055       0.000       3.429       0.000    
    2800  0.1400      0.5000E-04 NODE           1  -0.0%   8.094      0.5368E-02   0.000       8.100       0.000       3.429       0.000    
     ANIMATION FILE: I02D_PATCH_NONPROPORTIONAL_R5A002 WRITTEN
    2900  0.1450      0.5000E-04 NODE           1  -0.0%   9.246      0.5692E-02   0.000       9.252       0.000       3.429       0.000    
    3000  0.1500      0.5000E-04 NODE           1  -0.0%   10.51      0.6020E-02   0.000       10.52       0.000       3.429       0.000    
    3100  0.1550      0.5000E-04 NODE           1  -0.0%   11.90      0.6353E-02   0.000       11.90       0.000       3.429       0.000    
    3200  0.1600      0.5000E-04 NODE           1  -0.0%   13.41      0.6689E-02   0.000       13.41       0.000       3.429       0.000    
    3300  0.1650      0.5000E-04 NODE           1  -0.0%   15.05      0.7030E-02   0.000       15.06       0.000       3.429       0.000    
    3400  0.1700      0.5000E-04 NODE           1  -0.0%   16.83      0.7373E-02   0.000       16.84       0.000       3.429       0.000    
    3500  0.1750      0.5000E-04 NODE           1  -0.0%   18.76      0.7719E-02   0.000       18.77       0.000       3.429       0.000    
    3600  0.1800      0.5000E-04 NODE           1  -0.0%   20.84      0.8068E-02   0.000       20.85       0.000       3.429       0.000    
    3700  0.1850      0.5000E-04 NODE           1  -0.0%   23.07      0.8419E-02   0.000       23.08       0.000       3.429       0.000    
    3800  0.1900      0.5000E-04 NODE           1  -0.0%   25.48      0.8771E-02   0.000       25.49       0.000       3.429       0.000    
    3900  0.1950      0.5000E-04 NODE           1  -0.0%   28.05      0.9125E-02   0.000       28.06       0.000       3.429       0.000    
    4000  0.2000      0.5000E-04 NODE           1  -0.0%   30.80      0.9480E-02   0.000       30.81       0.000       3.429       0.000    
    4100  0.2050      0.5000E-04 NODE           1  -0.0%   33.74      0.9836E-02   0.000       33.75       0.000       3.429       0.000    
    4200  0.2100      0.5000E-04 NODE           1  -0.0%   36.87      0.1019E-01   0.000       36.88       0.000       3.429       0.000    
    4300  0.2150      0.5000E-04 NODE           1  -0.0%   40.19      0.1055E-01   0.000       40.20       0.000       3.429       0.000    
    4400  0.2200      0.5000E-04 NODE           1  -0.0%   43.72      0.1090E-01   0.000       43.73       0.000       3.429       0.000    
    4500  0.2250      0.5000E-04 NODE           1  -0.0%   47.46      0.1126E-01   0.000       47.47       0.000       3.429       0.000    
    4600  0.2300      0.5000E-04 NODE           1  -0.0%   51.42      0.1162E-01   0.000       51.43       0.000       3.429       0.000    
    4700  0.2350      0.5000E-04 NODE           1  -0.0%   55.60      0.1197E-01   0.000       55.61       0.000       3.429       0.000    
    4800  0.2400      0.5000E-04 NODE           1  -0.0%   60.00      0.1232E-01   0.000       60.02       0.000       3.429       0.000    
    4900  0.2450      0.5000E-04 NODE           1  -0.0%   64.65      0.1267E-01   0.000       64.66       0.000       3.429       0.000    
    5000  0.2500      0.5000E-04 NODE           1  -0.0%   69.53      0.1302E-01   0.000       69.54       0.000       3.429       0.000    
    5100  0.2550      0.5000E-04 NODE           1  -0.0%   74.66      0.1337E-01   0.000       74.68       0.000       3.429       0.000    
    5200  0.2600      0.5000E-04 NODE           1  -0.0%   80.05      0.1371E-01   0.000       80.06       0.000       3.429       0.000    
    5300  0.2650      0.5000E-04 NODE           1  -0.0%   85.69      0.1405E-01   0.000       85.70       0.000       3.429       0.000    
    5400  0.2700      0.5000E-04 NODE           1  -0.0%   91.59      0.1439E-01   0.000       91.61       0.000       3.429       0.000    
    5500  0.2750      0.5000E-04 NODE           1  -0.0%   97.77      0.1472E-01   0.000       97.78       0.000       3.429       0.000    
    5600  0.2800      0.5000E-04 NODE           1  -0.0%   104.2      0.1505E-01   0.000       104.2       0.000       3.429       0.000    
     ANIMATION FILE: I02D_PATCH_NONPROPORTIONAL_R5A003 WRITTEN
    5700  0.2850      0.5000E-04 NODE           1  -0.0%   111.0      0.1538E-01   0.000       111.0       0.000       3.429       0.000    
    5800  0.2900      0.5000E-04 NODE           1  -0.0%   117.9      0.1570E-01   0.000       117.9       0.000       3.429       0.000    
    5900  0.2950      0.5000E-04 NODE           1  -0.0%   125.0      0.1602E-01   0.000       125.0       0.000       3.429       0.000    
    6000  0.3000      0.5000E-04 NODE           1  -0.0%   132.1      0.1633E-01   0.000       132.1       0.000       3.429       0.000    
    6100  0.3050      0.5000E-04 NODE           1  -0.0%   139.3      0.1664E-01   0.000       139.3       0.000       3.429       0.000    
    6200  0.3100      0.5000E-04 NODE           1  -0.0%   146.5      0.1694E-01   0.000       146.6       0.000       3.429       0.000    
    6300  0.3150      0.5000E-04 NODE           1  -0.0%   153.8      0.1724E-01   0.000       153.8       0.000       3.429       0.000    
    6400  0.3200      0.5000E-04 NODE           1  -0.0%   161.2      0.1754E-01   0.000       161.2       0.000       3.429       0.000    
    6500  0.3250      0.5000E-04 NODE           1  -0.0%   168.6      0.1782E-01   0.000       168.6       0.000       3.429       0.000    
    6600  0.3300      0.5000E-04 NODE           1  -0.0%   176.0      0.1810E-01   0.000       176.0       0.000       3.429       0.000    
    6700  0.3350      0.5000E-04 NODE           1  -0.0%   183.5      0.1838E-01   0.000       183.5       0.000       3.429       0.000    
    6800  0.3400      0.5000E-04 NODE           1  -0.0%   191.1      0.1865E-01   0.000       191.1       0.000       3.429       0.000    
    6900  0.3450      0.5000E-04 NODE           1  -0.0%   198.6      0.1891E-01   0.000       198.7       0.000       3.429       0.000    
    7000  0.3500      0.5000E-04 NODE           1  -0.0%   206.3      0.1917E-01   0.000       206.3       0.000       3.429       0.000    
    7100  0.3550      0.5000E-04 NODE           1  -0.0%   213.9      0.1942E-01   0.000       213.9       0.000       3.429       0.000    
    7200  0.3600      0.5000E-04 NODE           1  -0.0%   221.6      0.1966E-01   0.000       221.6       0.000       3.429       0.000    
    7300  0.3650      0.5000E-04 NODE           1  -0.0%   229.4      0.1989E-01   0.000       229.4       0.000       3.429       0.000    
    7400  0.3700      0.5000E-04 NODE           1  -0.0%   237.1      0.2012E-01   0.000       237.1       0.000       3.429       0.000    
    7500  0.3750      0.5000E-04 NODE           1  -0.0%   244.9      0.2034E-01   0.000       244.9       0.000       3.429       0.000    
    7600  0.3800      0.5000E-04 NODE           1  -0.0%   252.8      0.2056E-01   0.000       252.8       0.000       3.429       0.000    
    7700  0.3850      0.5000E-04 NODE           1  -0.0%   260.6      0.2076E-01   0.000       260.6       0.000       3.429       0.000    
    7800  0.3900      0.5000E-04 NODE           1  -0.0%   268.5      0.2096E-01   0.000       268.5       0.000       3.429       0.000    
    7900  0.3950      0.5000E-04 NODE           1  -0.0%   276.4      0.2115E-01   0.000       276.4       0.000       3.429       0.000    
    8000  0.4000      0.5000E-04 NODE           1  -0.0%   284.3      0.2133E-01   0.000       284.4       0.000       3.429       0.000    
    8100  0.4050      0.5000E-04 NODE           1  -0.0%   292.3      0.2150E-01   0.000       292.3       0.000       3.429       0.000    
    8200  0.4100      0.5000E-04 NODE           1  -0.0%   300.3      0.2167E-01   0.000       300.3       0.000       3.429       0.000    
    8300  0.4150      0.5000E-04 NODE           1  -0.0%   308.2      0.2183E-01   0.000       308.3       0.000       3.429       0.000    
    8400  0.4200      0.5000E-04 NODE           1  -0.0%   316.3      0.2198E-01   0.000       316.3       0.000       3.429       0.000    
     ANIMATION FILE: I02D_PATCH_NONPROPORTIONAL_R5A004 WRITTEN
    8500  0.4250      0.5000E-04 NODE           1  -0.0%   324.3      0.2212E-01   0.000       324.3       0.000       3.429       0.000    
    8600  0.4300      0.5000E-04 NODE           1  -0.0%   332.3      0.2225E-01   0.000       332.3       0.000       3.429       0.000    
    8700  0.4350      0.5000E-04 NODE           1  -0.0%   340.3      0.2237E-01   0.000       340.4       0.000       3.429       0.000    
    8800  0.4400      0.5000E-04 NODE           1  -0.0%   348.4      0.2248E-01   0.000       348.4       0.000       3.429       0.000    
    8900  0.4450      0.5000E-04 NODE           1  -0.0%   356.4      0.2259E-01   0.000       356.5       0.000       3.429       0.000    
    9000  0.4500      0.5000E-04 NODE           1  -0.0%   364.5      0.2269E-01   0.000       364.5       0.000       3.429       0.000    
    9100  0.4550      0.5000E-04 NODE           1  -0.0%   372.6      0.2277E-01   0.000       372.6       0.000       3.429       0.000    
    9200  0.4600      0.5000E-04 NODE           1  -0.0%   380.6      0.2285E-01   0.000       380.7       0.000       3.429       0.000    
    9300  0.4650      0.5000E-04 NODE           1  -0.0%   388.7      0.2292E-01   0.000       388.7       0.000       3.429       0.000    
    9400  0.4700      0.5000E-04 NODE           1  -0.0%   396.8      0.2298E-01   0.000       396.8       0.000       3.429       0.000    
    9500  0.4750      0.5000E-04 NODE           1  -0.0%   404.8      0.2303E-01   0.000       404.8       0.000       3.429       0.000    
    9600  0.4800      0.5000E-04 NODE           1  -0.0%   412.9      0.2307E-01   0.000       412.9       0.000       3.429       0.000    
    9700  0.4850      0.5000E-04 NODE           1  -0.0%   420.9      0.2310E-01   0.000       420.9       0.000       3.429       0.000    
    9800  0.4900      0.5000E-04 NODE           1  -0.0%   429.0      0.2313E-01   0.000       429.0       0.000       3.429       0.000    
    9900  0.4950      0.5000E-04 NODE           1  -0.0%   437.0      0.2314E-01   0.000       437.0       0.000       3.429       0.000    
   CYCLE    TIME      TIME-STEP  ELEMENT          ERROR  I-ENERGY    K-ENERGY T  K-ENERGY R  EXT-WORK     MAS.ERR     TOTAL MASS  MASS ADDED
   10000  0.5000      0.5000E-04 NODE           1   0.0%   445.0      0.2315E-01   0.000       445.0       0.000       3.429       0.000    
   10100  0.5050      0.5000E-04 NODE           1   0.0%   453.0      0.2314E-01   0.000       453.0       0.000       3.429       0.000    
   10200  0.5100      0.5000E-04 NODE           1   0.0%   461.0      0.2313E-01   0.000       461.0       0.000       3.429       0.000    
   10300  0.5150      0.5000E-04 NODE           1   0.0%   469.0      0.2310E-01   0.000       469.0       0.000       3.429       0.000    
   10400  0.5200      0.5000E-04 NODE           1   0.0%   476.9      0.2307E-01   0.000       476.9       0.000       3.429       0.000    
   10500  0.5250      0.5000E-04 NODE           1   0.0%   484.9      0.2303E-01   0.000       484.9       0.000       3.429       0.000    
   10600  0.5300      0.5000E-04 NODE           1   0.0%   492.8      0.2298E-01   0.000       492.8       0.000       3.429       0.000    
   10700  0.5350      0.5000E-04 NODE           1   0.0%   500.7      0.2292E-01   0.000       500.7       0.000       3.429       0.000    
   10800  0.5400      0.5000E-04 NODE           1   0.0%   508.5      0.2285E-01   0.000       508.5       0.000       3.429       0.000    
   10900  0.5450      0.5000E-04 NODE           1   0.0%   516.4      0.2277E-01   0.000       516.4       0.000       3.429       0.000    
   11000  0.5500      0.5000E-04 NODE           1   0.0%   524.2      0.2269E-01   0.000       524.2       0.000       3.429       0.000    
   11100  0.5550      0.5000E-04 NODE           1   0.0%   532.0      0.2259E-01   0.000       532.0       0.000       3.429       0.000    
   11200  0.5600      0.5000E-04 NODE           1   0.0%   539.7      0.2248E-01   0.000       539.7       0.000       3.429       0.000    
     ANIMATION FILE: I02D_PATCH_NONPROPORTIONAL_R5A005 WRITTEN
   11300  0.5650      0.5000E-04 NODE           1   0.0%   547.4      0.2237E-01   0.000       547.5       0.000       3.429       0.000    
   11400  0.5700      0.5000E-04 NODE           1   0.0%   555.1      0.2225E-01   0.000       555.1       0.000       3.429       0.000    
   11500  0.5750      0.5000E-04 NODE           1   0.0%   562.8      0.2212E-01   0.000       562.8       0.000       3.429       0.000    
   11600  0.5800      0.5000E-04 NODE           1   0.0%   570.4      0.2198E-01   0.000       570.4       0.000       3.429       0.000    
   11700  0.5850      0.5000E-04 NODE           1   0.0%   578.0      0.2183E-01   0.000       578.0       0.000       3.429       0.000    
   11800  0.5900      0.5000E-04 NODE           1   0.0%   585.5      0.2167E-01   0.000       585.5       0.000       3.429       0.000    
   11900  0.5950      0.5000E-04 NODE           1   0.0%   593.0      0.2150E-01   0.000       593.0       0.000       3.429       0.000    
   12000  0.6000      0.5000E-04 NODE           1   0.0%   600.5      0.2133E-01   0.000       600.5       0.000       3.429       0.000    
   12100  0.6050      0.5000E-04 NODE           1   0.0%   607.9      0.2115E-01   0.000       607.9       0.000       3.429       0.000    
   12200  0.6100      0.5000E-04 NODE           1   0.0%   615.2      0.2096E-01   0.000       615.3       0.000       3.429       0.000    
   12300  0.6150      0.5000E-04 NODE           1   0.0%   622.6      0.2076E-01   0.000       622.6       0.000       3.429       0.000    
   12400  0.6200      0.5000E-04 NODE           1   0.0%   629.9      0.2056E-01   0.000       629.9       0.000       3.429       0.000    
   12500  0.6250      0.5000E-04 NODE           1   0.0%   637.1      0.2034E-01   0.000       637.1       0.000       3.429       0.000    
   12600  0.6300      0.5000E-04 NODE           1   0.0%   644.3      0.2012E-01   0.000       644.3       0.000       3.429       0.000    
   12700  0.6350      0.5000E-04 NODE           1   0.0%   651.4      0.1989E-01   0.000       651.4       0.000       3.429       0.000    
   12800  0.6400      0.5000E-04 NODE           1   0.0%   658.5      0.1966E-01   0.000       658.5       0.000       3.429       0.000    
   12900  0.6450      0.5000E-04 NODE           1   0.0%   665.5      0.1942E-01   0.000       665.5       0.000       3.429       0.000    
   13000  0.6500      0.5000E-04 NODE           1   0.0%   672.4      0.1917E-01   0.000       672.5       0.000       3.429       0.000    
   13100  0.6550      0.5000E-04 NODE           1   0.0%   679.3      0.1891E-01   0.000       679.4       0.000       3.429       0.000    
   13200  0.6600      0.5000E-04 NODE           1   0.0%   686.2      0.1865E-01   0.000       686.2       0.000       3.429       0.000    
   13300  0.6650      0.5000E-04 NODE           1   0.0%   693.0      0.1838E-01   0.000       693.0       0.000       3.429       0.000    
   13400  0.6700      0.5000E-04 NODE           1   0.0%   699.7      0.1810E-01   0.000       699.7       0.000       3.429       0.000    
   13500  0.6750      0.5000E-04 NODE           1   0.0%   706.4      0.1782E-01   0.000       706.4       0.000       3.429       0.000    
   13600  0.6800      0.5000E-04 NODE           1   0.0%   713.0      0.1754E-01   0.000       713.0       0.000       3.429       0.000    
   13700  0.6850      0.5000E-04 NODE           1   0.0%   719.5      0.1724E-01   0.000       719.5       0.000       3.429       0.000    
   13800  0.6900      0.5000E-04 NODE           1   0.0%   726.0      0.1694E-01   0.000       726.0       0.000       3.429       0.000    
   13900  0.6950      0.5000E-04 NODE           1   0.0%   732.4      0.1664E-01   0.000       732.4       0.000       3.429       0.000    
   14000  0.7000      0.5000E-04 NODE           1   0.0%   738.7      0.1633E-01   0.000       738.8       0.000       3.429       0.000    
     ANIMATION FILE: I02D_PATCH_NONPROPORTIONAL_R5A006 WRITTEN
   14100  0.7050      0.5000E-04 NODE           1   0.0%   745.0      0.1602E-01   0.000       745.0       0.000       3.429       0.000    
   14200  0.7100      0.5000E-04 NODE           1   0.0%   751.2      0.1570E-01   0.000       751.2       0.000       3.429       0.000    
   14300  0.7150      0.5000E-04 NODE           1   0.0%   757.3      0.1538E-01   0.000       757.3       0.000       3.429       0.000    
   14400  0.7200      0.5000E-04 NODE           1   0.0%   763.4      0.1505E-01   0.000       763.4       0.000       3.429       0.000    
   14500  0.7250      0.5000E-04 NODE           1   0.0%   769.4      0.1472E-01   0.000       769.4       0.000       3.429       0.000    
   14600  0.7300      0.5000E-04 NODE           1   0.0%   775.3      0.1439E-01   0.000       775.3       0.000       3.429       0.000    
   14700  0.7350      0.5000E-04 NODE           1   0.0%   781.1      0.1405E-01   0.000       781.1       0.000       3.429       0.000    
   14800  0.7400      0.5000E-04 NODE           1   0.0%   786.8      0.1371E-01   0.000       786.9       0.000       3.429       0.000    
   14900  0.7450      0.5000E-04 NODE           1   0.0%   792.5      0.1337E-01   0.000       792.5       0.000       3.429       0.000    
   15000  0.7500      0.5000E-04 NODE           1   0.0%   798.1      0.1302E-01   0.000       798.1       0.000       3.429       0.000    
   15100  0.7550      0.5000E-04 NODE           1   0.0%   803.6      0.1267E-01   0.000       803.6       0.000       3.429       0.000    
   15200  0.7600      0.5000E-04 NODE           1   0.0%   809.0      0.1232E-01   0.000       809.0       0.000       3.429       0.000    
   15300  0.7650      0.5000E-04 NODE           1   0.0%   814.4      0.1197E-01   0.000       814.4       0.000       3.429       0.000    
   15400  0.7700      0.5000E-04 NODE           1   0.0%   819.6      0.1162E-01   0.000       819.6       0.000       3.429       0.000    
   15500  0.7750      0.5000E-04 NODE           1   0.0%   824.8      0.1126E-01   0.000       824.8       0.000       3.429       0.000    
   15600  0.7800      0.5000E-04 NODE           1   0.0%   829.9      0.1090E-01   0.000       829.9       0.000       3.429       0.000    
   15700  0.7850      0.5000E-04 NODE           1   0.0%   834.9      0.1055E-01   0.000       834.9       0.000       3.429       0.000    
   15800  0.7900      0.5000E-04 NODE           1   0.0%   839.8      0.1019E-01   0.000       839.8       0.000       3.429       0.000    
   15900  0.7950      0.5000E-04 NODE           1   0.0%   844.6      0.9836E-02   0.000       844.6       0.000       3.429       0.000    
   16000  0.8000      0.5000E-04 NODE           1   0.0%   849.3      0.9480E-02   0.000       849.3       0.000       3.429       0.000    
   16100  0.8050      0.5000E-04 NODE           1   0.0%   853.9      0.9125E-02   0.000       854.0       0.000       3.429       0.000    
   16200  0.8100      0.5000E-04 NODE           1   0.0%   858.5      0.8771E-02   0.000       858.5       0.000       3.429       0.000    
   16300  0.8150      0.5000E-04 NODE           1   0.0%   862.9      0.8419E-02   0.000       862.9       0.000       3.429       0.000    
   16400  0.8200      0.5000E-04 NODE           1   0.0%   867.3      0.8068E-02   0.000       867.3       0.000       3.429       0.000    
   16500  0.8250      0.5000E-04 NODE           1   0.0%   871.5      0.7719E-02   0.000       871.5       0.000       3.429       0.000    
   16600  0.8300      0.5000E-04 NODE           1   0.0%   875.7      0.7373E-02   0.000       875.7       0.000       3.429       0.000    
   16700  0.8350      0.5000E-04 NODE           1   0.0%   879.7      0.7030E-02   0.000       879.7       0.000       3.429       0.000    
   16800  0.8400      0.5000E-04 NODE           1   0.0%   883.6      0.6689E-02   0.000       883.6       0.000       3.429       0.000    
     ANIMATION FILE: I02D_PATCH_NONPROPORTIONAL_R5A007 WRITTEN
   16900  0.8450      0.5000E-04 NODE           1   0.0%   887.5      0.6353E-02   0.000       887.5       0.000       3.429       0.000    
   17000  0.8500      0.5000E-04 NODE           1   0.0%   891.2      0.6020E-02   0.000       891.2       0.000       3.429       0.000    
   17100  0.8550      0.5000E-04 NODE           1   0.0%   894.9      0.5692E-02   0.000       894.9       0.000       3.429       0.000    
   17200  0.8600      0.5000E-04 NODE           1   0.0%   898.4      0.5368E-02   0.000       898.4       0.000       3.429       0.000    
   17300  0.8650      0.5000E-04 NODE           1   0.0%   901.8      0.5050E-02   0.000       901.8       0.000       3.429       0.000    
   17400  0.8700      0.5000E-04 NODE           1   0.0%   905.1      0.4737E-02   0.000       905.1       0.000       3.429       0.000    
   17500  0.8750      0.5000E-04 NODE           1   0.0%   908.3      0.4430E-02   0.000       908.3       0.000       3.429       0.000    
   17600  0.8800      0.5000E-04 NODE           1   0.0%   911.4      0.4130E-02   0.000       911.4       0.000       3.429       0.000    
   17700  0.8850      0.5000E-04 NODE           1   0.0%   914.4      0.3836E-02   0.000       914.4       0.000       3.429       0.000    
   17800  0.8900      0.5000E-04 NODE           1   0.0%   917.3      0.3549E-02   0.000       917.3       0.000       3.429       0.000    
   17900  0.8950      0.5000E-04 NODE           1   0.0%   920.0      0.3271E-02   0.000       920.0       0.000       3.429       0.000    
   18000  0.9000      0.5000E-04 NODE           1   0.0%   922.7      0.3000E-02   0.000       922.7       0.000       3.429       0.000    
   18100  0.9050      0.5000E-04 NODE           1   0.0%   925.2      0.2737E-02   0.000       925.2       0.000       3.429       0.000    
   18200  0.9100      0.5000E-04 NODE           1   0.0%   927.6      0.2484E-02   0.000       927.6       0.000       3.429       0.000    
   18300  0.9150      0.5000E-04 NODE           1   0.0%   929.9      0.2240E-02   0.000       929.9       0.000       3.429       0.000    
   18400  0.9200      0.5000E-04 NODE           1   0.0%   932.0      0.2006E-02   0.000       932.0       0.000       3.429       0.000    
   18500  0.9250      0.5000E-04 NODE           1   0.0%   934.1      0.1782E-02   0.000       934.1       0.000       3.429       0.000    
   18600  0.9300      0.5000E-04 NODE           1   0.0%   936.0      0.1569E-02   0.000       936.0       0.000       3.429       0.000    
   18700  0.9350      0.5000E-04 NODE           1   0.0%   937.8      0.1368E-02   0.000       937.8       0.000       3.429       0.000    
   18800  0.9400      0.5000E-04 NODE           1   0.0%   939.5      0.1178E-02   0.000       939.5       0.000       3.429       0.000    
   18900  0.9450      0.5000E-04 NODE           1   0.0%   941.0      0.1000E-02   0.000       941.0       0.000       3.429       0.000    
   19000  0.9500      0.5000E-04 NODE           1   0.0%   942.4      0.8356E-03   0.000       942.4       0.000       3.429       0.000    
   19100  0.9550      0.5000E-04 NODE           1   0.0%   943.7      0.6839E-03   0.000       943.7       0.000       3.429       0.000    
   19200  0.9600      0.5000E-04 NODE           1   0.0%   944.9      0.5461E-03   0.000       944.9       0.000       3.429       0.000    
   19300  0.9650      0.5000E-04 NODE           1   0.0%   945.9      0.4225E-03   0.000       945.9       0.000       3.429       0.000    
   19400  0.9700      0.5000E-04 NODE           1   0.0%   946.8      0.3136E-03   0.000       946.8       0.000       3.429       0.000    
   19500  0.9750      0.5000E-04 NODE           1   0.0%   947.6      0.2200E-03   0.000       947.6       0.000       3.429       0.000    
   19600  0.9800      0.5000E-04 NODE           1   0.0%   948.2      0.1423E-03   0.000       948.2       0.000       3.429       0.000    
     ANIMATION FILE: I02D_PATCH_NONPROPORTIONAL_R5A008 WRITTEN
   19700  0.9850      0.5000E-04 NODE           1   0.0%   948.7      0.8084E-04   0.000       948.7       0.000       3.429       0.000    
   19800  0.9900      0.5000E-04 NODE           1   0.0%   949.1      0.3630E-04   0.000       949.1       0.000       3.429       0.000    
   19900  0.9950      0.5000E-04 NODE           1   0.0%   949.3      0.9166E-05   0.000       949.3       0.000       3.429       0.000    
   CYCLE    TIME      TIME-STEP  ELEMENT          ERROR  I-ENERGY    K-ENERGY T  K-ENERGY R  EXT-WORK     MAS.ERR     TOTAL MASS  MASS ADDED
   20000   1.000      0.5000E-04 NODE           1   0.0%   949.3      0.2891E-07   0.000       949.3       0.000       3.429       0.000    
   20100   1.005      0.5000E-04 NODE           1  -0.0%   949.3      0.3666E-04   0.000       949.3       0.000       3.429       0.000    
   20200   1.010      0.5000E-04 NODE          15  -0.0%   949.3      0.1452E-03   0.000       949.3       0.000       3.429       0.000    
   20300   1.015      0.5000E-04 NODE          15  -0.0%   949.3      0.3234E-03   0.000       949.3       0.000       3.429       0.000    
   20400   1.020      0.5000E-04 NODE          15  -0.0%   949.3      0.5691E-03   0.000       949.3       0.000       3.429       0.000    
   20500   1.025      0.5000E-04 NODE          18  -0.0%   949.3      0.8801E-03   0.000       949.3       0.000       3.429       0.000    
   20600   1.030      0.5000E-04 NODE          18  -0.0%   949.3      0.1254E-02   0.000       949.3       0.000       3.429       0.000    
   20700   1.035      0.5000E-04 NODE          18  -0.0%   949.3      0.1690E-02   0.000       949.3       0.000       3.429       0.000    
   20800   1.040      0.5000E-04 NODE          18  -0.0%   949.4      0.2184E-02   0.000       949.4       0.000       3.429       0.000    
   20900   1.045      0.5000E-04 NODE          18  -0.0%   949.4      0.2736E-02   0.000       949.4       0.000       3.429       0.000    
   21000   1.050      0.5000E-04 NODE          18  -0.0%   949.4      0.3342E-02   0.000       949.4       0.000       3.429       0.000    
   21100   1.055      0.5000E-04 NODE          15  -0.0%   949.4      0.4002E-02   0.000       949.4       0.000       3.429       0.000    
   21200   1.060      0.5000E-04 NODE           1  -0.0%   949.5      0.4712E-02   0.000       949.5       0.000       3.429       0.000    
   21300   1.065      0.5000E-04 NODE           1  -0.0%   949.5      0.5471E-02   0.000       949.5       0.000       3.429       0.000    
   21400   1.070      0.5000E-04 NODE           1  -0.0%   949.5      0.6278E-02   0.000       949.6       0.000       3.429       0.000    
   21500   1.075      0.5000E-04 NODE           4  -0.0%   949.6      0.7129E-02   0.000       949.6       0.000       3.429       0.000    
   21600   1.080      0.5000E-04 NODE           4  -0.0%   949.7      0.8024E-02   0.000       949.7       0.000       3.429       0.000    
   21700   1.085      0.5000E-04 NODE           1  -0.0%   949.8      0.8960E-02   0.000       949.8       0.000       3.429       0.000    
   21800   1.090      0.5000E-04 NODE           1  -0.0%   949.9      0.9936E-02   0.000       949.9       0.000       3.429       0.000    
   21900   1.095      0.5000E-04 NODE           4  -0.0%   950.0      0.1095E-01   0.000       950.0       0.000       3.429       0.000    
   22000   1.100      0.5000E-04 NODE           4  -0.0%   950.2      0.1200E-01   0.000       950.2       0.000       3.429       0.000    
   22100   1.105      0.5000E-04 NODE           1  -0.0%   950.4      0.1308E-01   0.000       950.4       0.000       3.429       0.000    
   22200   1.110      0.5000E-04 NODE           4  -0.0%   950.6      0.1420E-01   0.000       950.6       0.000       3.429       0.000    
   22300   1.115      0.5000E-04 NODE          18  -0.0%   950.8      0.1534E-01   0.000       950.8       0.000       3.429       0.000    
   22400   1.120      0.5000E-04 NODE           8  -0.0%   951.0      0.1652E-01   0.000       951.1       0.000       3.429       0.000    
     ANIMATION FILE: I02D_PATCH_NONPROPORTIONAL_R5A009 WRITTEN
   22500   1.125      0.5000E-04 NODE          11  -0.0%   951.3      0.1772E-01   0.000       951.4       0.000       3.429       0.000    
   22600   1.130      0.5000E-04 NODE           8  -0.0%   951.7      0.1895E-01   0.000       951.7       0.000       3.429       0.000    
   22700   1.135      0.5000E-04 NODE           8  -0.0%   952.0      0.2020E-01   0.000       952.0       0.000       3.429       0.000    
   22800   1.140      0.5000E-04 NODE          15  -0.0%   952.4      0.2147E-01   0.000       952.4       0.000       3.429       0.000    
   22900   1.145      0.5000E-04 NODE          15  -0.0%   952.9      0.2277E-01   0.000       952.9       0.000       3.429       0.000    
   23000   1.150      0.5000E-04 NODE          18  -0.0%   953.3      0.2408E-01   0.000       953.4       0.000       3.429       0.000    
   23100   1.155      0.5000E-04 NODE          15  -0.0%   953.9      0.2541E-01   0.000       953.9       0.000       3.429       0.000    
   23200   1.160      0.5000E-04 NODE          15  -0.0%   954.4      0.2676E-01   0.000       954.5       0.000       3.429       0.000    
   23300   1.165      0.5000E-04 NODE          15  -0.0%   955.0      0.2812E-01   0.000       955.1       0.000       3.429       0.000    
   23400   1.170      0.5000E-04 NODE          15  -0.0%   955.7      0.2949E-01   0.000       955.7       0.000       3.429       0.000    
   23500   1.175      0.5000E-04 NODE          15  -0.0%   956.4      0.3088E-01   0.000       956.5       0.000       3.429       0.000    
   23600   1.180      0.5000E-04 NODE          18  -0.0%   957.2      0.3227E-01   0.000       957.3       0.000       3.429       0.000    
   23700   1.185      0.5000E-04 NODE          15  -0.0%   958.1      0.3368E-01   0.000       958.1       0.000       3.429       0.000    
   23800   1.190      0.5000E-04 NODE          15  -0.0%   959.0      0.3509E-01   0.000       959.0       0.000       3.429       0.000    
   23900   1.195      0.5000E-04 NODE          15  -0.0%   959.9      0.3650E-01   0.000       960.0       0.000       3.429       0.000    
   24000   1.200      0.5000E-04 NODE          15  -0.0%   961.0      0.3792E-01   0.000       961.0       0.000       3.429       0.000    
   24100   1.205      0.5000E-04 NODE          15  -0.0%   962.0      0.3935E-01   0.000       962.1       0.000       3.429       0.000    
   24200   1.210      0.5000E-04 NODE          15  -0.0%   963.2      0.4077E-01   0.000       963.2       0.000       3.429       0.000    
   24300   1.215      0.5000E-04 NODE          15  -0.0%   964.4      0.4220E-01   0.000       964.5       0.000       3.429       0.000    
   24400   1.220      0.5000E-04 NODE          15  -0.0%   965.7      0.4362E-01   0.000       965.8       0.000       3.429       0.000    
   24500   1.225      0.5000E-04 NODE          15  -0.0%   967.1      0.4504E-01   0.000       967.2       0.000       3.429       0.000    
   24600   1.230      0.5000E-04 NODE          15  -0.0%   968.6      0.4646E-01   0.000       968.6       0.000       3.429       0.000    
   24700   1.235      0.5000E-04 NODE          15  -0.0%   970.1      0.4788E-01   0.000       970.2       0.000       3.429       0.000    
   24800   1.240      0.5000E-04 NODE          15  -0.0%   971.7      0.4928E-01   0.000       971.8       0.000       3.429       0.000    
   24900   1.245      0.5000E-04 NODE          15  -0.0%   973.4      0.5068E-01   0.000       973.4       0.000       3.429       0.000    
   25000   1.250      0.5000E-04 NODE          15  -0.0%   975.2      0.5208E-01   0.000       975.2       0.000       3.429       0.000    
   25100   1.255      0.5000E-04 NODE          15  -0.0%   977.0      0.5346E-01   0.000       977.1       0.000       3.429       0.000    
   25200   1.260      0.5000E-04 NODE          15  -0.0%   979.0      0.5484E-01   0.000       979.0       0.000       3.429       0.000    
     ANIMATION FILE: I02D_PATCH_NONPROPORTIONAL_R5A010 WRITTEN
   25300   1.265      0.5000E-04 NODE          15  -0.0%   981.0      0.5620E-01   0.000       981.0       0.000       3.429       0.000    
   25400   1.270      0.5000E-04 NODE          15  -0.0%   983.1      0.5755E-01   0.000       983.1       0.000       3.429       0.000    
   25500   1.275      0.5000E-04 NODE          15  -0.0%   985.3      0.5888E-01   0.000       985.3       0.000       3.429       0.000    
   25600   1.280      0.5000E-04 NODE          15  -0.0%   987.5      0.6020E-01   0.000       987.6       0.000       3.429       0.000    
   25700   1.285      0.5000E-04 NODE          15  -0.0%   989.9      0.6151E-01   0.000       990.0       0.000       3.429       0.000    
   25800   1.290      0.5000E-04 NODE          15  -0.0%   992.4      0.6280E-01   0.000       992.4       0.000       3.429       0.000    
   25900   1.295      0.5000E-04 NODE          15  -0.0%   994.9      0.6407E-01   0.000       995.0       0.000       3.429       0.000    
   26000   1.300      0.5000E-04 NODE          15  -0.0%   997.5      0.6533E-01   0.000       997.6       0.000       3.429       0.000    
   26100   1.305      0.5000E-04 NODE          15  -0.0%   1000.      0.6656E-01   0.000       1000.       0.000       3.429       0.000    
   26200   1.310      0.5000E-04 NODE          15  -0.0%   1003.      0.6778E-01   0.000       1003.       0.000       3.429       0.000    
   26300   1.315      0.5000E-04 NODE          15  -0.0%   1006.      0.6897E-01   0.000       1006.       0.000       3.429       0.000    
   26400   1.320      0.5000E-04 NODE          15  -0.0%   1009.      0.7014E-01   0.000       1009.       0.000       3.429       0.000    
   26500   1.325      0.5000E-04 NODE          15  -0.0%   1012.      0.7129E-01   0.000       1012.       0.000       3.429       0.000    
   26600   1.330      0.5000E-04 NODE          15  -0.0%   1015.      0.7241E-01   0.000       1015.       0.000       3.429       0.000    
   26700   1.335      0.5000E-04 NODE          15  -0.0%   1018.      0.7352E-01   0.000       1018.       0.000       3.429       0.000    
   26800   1.340      0.5000E-04 NODE          15  -0.0%   1022.      0.7459E-01   0.000       1022.       0.000       3.429       0.000    
   26900   1.345      0.5000E-04 NODE          15  -0.0%   1025.      0.7564E-01   0.000       1025.       0.000       3.429       0.000    
   27000   1.350      0.5000E-04 NODE          15  -0.0%   1029.      0.7667E-01   0.000       1029.       0.000       3.429       0.000    
   27100   1.355      0.5000E-04 NODE          15  -0.0%   1032.      0.7767E-01   0.000       1032.       0.000       3.429       0.000    
   27200   1.360      0.5000E-04 NODE          15  -0.0%   1036.      0.7863E-01   0.000       1036.       0.000       3.429       0.000    
   27300   1.365      0.5000E-04 NODE          15  -0.0%   1040.      0.7958E-01   0.000       1040.       0.000       3.429       0.000    
   27400   1.370      0.5000E-04 NODE          15  -0.0%   1044.      0.8049E-01   0.000       1044.       0.000       3.429       0.000    
   27500   1.375      0.5000E-04 NODE          15  -0.0%   1047.      0.8137E-01   0.000       1048.       0.000       3.429       0.000    
   27600   1.380      0.5000E-04 NODE          15  -0.0%   1051.      0.8222E-01   0.000       1052.       0.000       3.429       0.000    
   27700   1.385      0.5000E-04 NODE          15  -0.0%   1055.      0.8305E-01   0.000       1056.       0.000       3.429       0.000    
   27800   1.390      0.5000E-04 NODE          15  -0.0%   1060.      0.8384E-01   0.000       1060.       0.000       3.429       0.000    
   27900   1.395      0.5000E-04 NODE          15  -0.0%   1064.      0.8460E-01   0.000       1064.       0.000       3.429       0.000    
   28000   1.400      0.5000E-04 NODE          15  -0.0%   1068.      0.8532E-01   0.000       1068.       0.000       3.429       0.000    
     ANIMATION FILE: I02D_PATCH_NONPROPORTIONAL_R5A011 WRITTEN
   28100   1.405      0.5000E-04 NODE          15  -0.0%   1072.      0.8602E-01   0.000       1073.       0.000       3.429       0.000    
   28200   1.410      0.5000E-04 NODE          15  -0.0%   1077.      0.8668E-01   0.000       1077.       0.000       3.429       0.000    
   28300   1.415      0.5000E-04 NODE          15  -0.0%   1081.      0.8731E-01   0.000       1081.       0.000       3.429       0.000    
   28400   1.420      0.5000E-04 NODE          15  -0.0%   1086.      0.8790E-01   0.000       1086.       0.000       3.429       0.000    
   28500   1.425      0.5000E-04 NODE          15  -0.0%   1091.      0.8846E-01   0.000       1091.       0.000       3.429       0.000    
   28600   1.430      0.5000E-04 NODE          15  -0.0%   1095.      0.8899E-01   0.000       1095.       0.000       3.429       0.000    
   28700   1.435      0.5000E-04 NODE          15  -0.0%   1100.      0.8948E-01   0.000       1100.       0.000       3.429       0.000    
   28800   1.440      0.5000E-04 NODE          15  -0.0%   1105.      0.8994E-01   0.000       1105.       0.000       3.429       0.000    
   28900   1.445      0.5000E-04 NODE          18  -0.0%   1110.      0.9036E-01   0.000       1110.       0.000       3.429       0.000    
   29000   1.450      0.5000E-04 NODE          15  -0.0%   1114.      0.9074E-01   0.000       1115.       0.000       3.429       0.000    
   29100   1.455      0.5000E-04 NODE          15  -0.0%   1119.      0.9109E-01   0.000       1120.       0.000       3.429       0.000    
   29200   1.460      0.5000E-04 NODE          18  -0.0%   1124.      0.9140E-01   0.000       1125.       0.000       3.429       0.000    
   29300   1.465      0.5000E-04 NODE          15  -0.0%   1129.      0.9168E-01   0.000       1130.       0.000       3.429       0.000    
   29400   1.470      0.5000E-04 NODE          15  -0.0%   1135.      0.9192E-01   0.000       1135.       0.000       3.429       0.000    
   29500   1.475      0.5000E-04 NODE          18  -0.0%   1140.      0.9212E-01   0.000       1140.       0.000       3.429       0.000    
   29600   1.480      0.5000E-04 NODE          18  -0.0%   1145.      0.9229E-01   0.000       1145.       0.000       3.429       0.000    
   29700   1.485      0.5000E-04 NODE          18  -0.0%   1150.      0.9242E-01   0.000       1150.       0.000       3.429       0.000    
   29800   1.490      0.5000E-04 NODE          15  -0.0%   1155.      0.9251E-01   0.000       1155.       0.000       3.429       0.000    
   29900   1.495      0.5000E-04 NODE          15  -0.0%   1160.      0.9256E-01   0.000       1161.       0.000       3.429       0.000    
   CYCLE    TIME      TIME-STEP  ELEMENT          ERROR  I-ENERGY    K-ENERGY T  K-ENERGY R  EXT-WORK     MAS.ERR     TOTAL MASS  MASS ADDED
   30000   1.500      0.5000E-04 NODE          15   0.0%   1166.      0.9258E-01   0.000       1166.       0.000       3.429       0.000    
   30100   1.505      0.5000E-04 NODE           8   0.0%   1171.      0.9256E-01   0.000       1171.       0.000       3.429       0.000    
   30200   1.510      0.5000E-04 NODE           8   0.0%   1176.      0.9251E-01   0.000       1177.       0.000       3.429       0.000    
   30300   1.515      0.5000E-04 NODE           8   0.0%   1182.      0.9242E-01   0.000       1182.       0.000       3.429       0.000    
   30400   1.520      0.5000E-04 NODE           1   0.0%   1187.      0.9229E-01   0.000       1187.       0.000       3.429       0.000    
   30500   1.525      0.5000E-04 NODE           1   0.0%   1193.      0.9212E-01   0.000       1193.       0.000       3.429       0.000    
   30600   1.530      0.5000E-04 NODE           4   0.0%   1198.      0.9192E-01   0.000       1198.       0.000       3.429       0.000    
   30700   1.535      0.5000E-04 NODE           1   0.0%   1203.      0.9168E-01   0.000       1203.       0.000       3.429       0.000    
   30800   1.540      0.5000E-04 NODE          15   0.0%   1209.      0.9140E-01   0.000       1209.       0.000       3.429       0.000    
     ANIMATION FILE: I02D_PATCH_NONPROPORTIONAL_R5A012 WRITTEN
   30900   1.545      0.5000E-04 NODE           1   0.0%   1214.      0.9109E-01   0.000       1214.       0.000       3.429       0.000    
   31000   1.550      0.5000E-04 NODE           8   0.0%   1220.      0.9074E-01   0.000       1220.       0.000       3.429       0.000    
   31100   1.555      0.5000E-04 NODE           4   0.0%   1225.      0.9036E-01   0.000       1225.       0.000       3.429       0.000    
   31200   1.560      0.5000E-04 NODE           1   0.0%   1231.      0.8994E-01   0.000       1231.       0.000       3.429       0.000    
   31300   1.565      0.5000E-04 NODE           1   0.0%   1236.      0.8948E-01   0.000       1236.       0.000       3.429       0.000    
   31400   1.570      0.5000E-04 NODE           4   0.0%   1241.      0.8899E-01   0.000       1242.       0.000       3.429       0.000    
   31500   1.575      0.5000E-04 NODE           4   0.0%   1247.      0.8846E-01   0.000       1247.       0.000       3.429       0.000    
   31600   1.580      0.5000E-04 NODE           1   0.0%   1252.      0.8790E-01   0.000       1252.       0.000       3.429       0.000    
   31700   1.585      0.5000E-04 NODE           4   0.0%   1258.      0.8731E-01   0.000       1258.       0.000       3.429       0.000    
   31800   1.590      0.5000E-04 NODE           1   0.0%   1263.      0.8668E-01   0.000       1263.       0.000       3.429       0.000    
   31900   1.595      0.5000E-04 NODE           1   0.0%   1269.      0.8602E-01   0.000       1269.       0.000       3.429       0.000    
   32000   1.600      0.5000E-04 NODE           1   0.0%   1274.      0.8532E-01   0.000       1274.       0.000       3.429       0.000    
   32100   1.605      0.5000E-04 NODE           1   0.0%   1279.      0.8460E-01   0.000       1279.       0.000       3.429       0.000    
   32200   1.610      0.5000E-04 NODE           4   0.0%   1285.      0.8384E-01   0.000       1285.       0.000       3.429       0.000    
   32300   1.615      0.5000E-04 NODE           4   0.0%   1290.      0.8305E-01   0.000       1290.       0.000       3.429       0.000    
   32400   1.620      0.5000E-04 NODE           1   0.0%   1295.      0.8222E-01   0.000       1295.       0.000       3.429       0.000    
   32500   1.625      0.5000E-04 NODE           1   0.0%   1301.      0.8137E-01   0.000       1301.       0.000       3.429       0.000    
   32600   1.630      0.5000E-04 NODE           4   0.0%   1306.      0.8049E-01   0.000       1306.       0.000       3.429       0.000    
   32700   1.635      0.5000E-04 NODE           4   0.0%   1311.      0.7958E-01   0.000       1311.       0.000       3.429       0.000    
   32800   1.640      0.5000E-04 NODE           4   0.0%   1316.      0.7863E-01   0.000       1316.       0.000       3.429       0.000    
   32900   1.645      0.5000E-04 NODE           1   0.0%   1322.      0.7767E-01   0.000       1322.       0.000       3.429       0.000    
   33000   1.650      0.5000E-04 NODE           1   0.0%   1327.      0.7667E-01   0.000       1327.       0.000       3.429       0.000    
   33100   1.655      0.5000E-04 NODE           1   0.0%   1332.      0.7564E-01   0.000       1332.       0.000       3.429       0.000    
   33200   1.660      0.5000E-04 NODE           4   0.0%   1337.      0.7459E-01   0.000       1337.       0.000       3.429       0.000    
   33300   1.665      0.5000E-04 NODE           1   0.0%   1342.      0.7352E-01   0.000       1342.       0.000       3.429       0.000    
   33400   1.670      0.5000E-04 NODE           4   0.0%   1347.      0.7241E-01   0.000       1347.       0.000       3.429       0.000    
   33500   1.675      0.5000E-04 NODE           1   0.0%   1352.      0.7129E-01   0.000       1352.       0.000       3.429       0.000    
   33600   1.680      0.5000E-04 NODE           4   0.0%   1357.      0.7014E-01   0.000       1357.       0.000       3.429       0.000    
     ANIMATION FILE: I02D_PATCH_NONPROPORTIONAL_R5A013 WRITTEN
   33700   1.685      0.5000E-04 NODE           1   0.0%   1362.      0.6897E-01   0.000       1362.       0.000       3.429       0.000    
   33800   1.690      0.5000E-04 NODE           4   0.0%   1367.      0.6778E-01   0.000       1367.       0.000       3.429       0.000    
   33900   1.695      0.5000E-04 NODE           1   0.0%   1371.      0.6656E-01   0.000       1371.       0.000       3.429       0.000    
   34000   1.700      0.5000E-04 NODE           1   0.0%   1376.      0.6533E-01   0.000       1376.       0.000       3.429       0.000    
   34100   1.705      0.5000E-04 NODE           4   0.0%   1381.      0.6407E-01   0.000       1381.       0.000       3.429       0.000    
   34200   1.710      0.5000E-04 NODE           1   0.0%   1385.      0.6280E-01   0.000       1385.       0.000       3.429       0.000    
   34300   1.715      0.5000E-04 NODE           1   0.0%   1390.      0.6151E-01   0.000       1390.       0.000       3.429       0.000    
   34400   1.720      0.5000E-04 NODE           1   0.0%   1395.      0.6020E-01   0.000       1395.       0.000       3.429       0.000    
   34500   1.725      0.5000E-04 NODE           4   0.0%   1399.      0.5888E-01   0.000       1399.       0.000       3.429       0.000    
   34600   1.730      0.5000E-04 NODE           1   0.0%   1403.      0.5755E-01   0.000       1404.       0.000       3.429       0.000    
   34700   1.735      0.5000E-04 NODE           1   0.0%   1408.      0.5620E-01   0.000       1408.       0.000       3.429       0.000    
   34800   1.740      0.5000E-04 NODE           1   0.0%   1412.      0.5484E-01   0.000       1412.       0.000       3.429       0.000    
   34900   1.745      0.5000E-04 NODE           8   0.0%   1416.      0.5346E-01   0.000       1416.       0.000       3.429       0.000    
   35000   1.750      0.5000E-04 NODE           1   0.0%   1421.      0.5208E-01   0.000       1421.       0.000       3.429       0.000    
   35100   1.755      0.5000E-04 NODE           4   0.0%   1425.      0.5068E-01   0.000       1425.       0.000       3.429       0.000    
   35200   1.760      0.5000E-04 NODE           4   0.0%   1429.      0.4928E-01   0.000       1429.       0.000       3.429       0.000    
   35300   1.765      0.5000E-04 NODE           1   0.0%   1433.      0.4788E-01   0.000       1433.       0.000       3.429       0.000    
   35400   1.770      0.5000E-04 NODE           4   0.0%   1437.      0.4646E-01   0.000       1437.       0.000       3.429       0.000    
   35500   1.775      0.5000E-04 NODE           4   0.0%   1441.      0.4504E-01   0.000       1441.       0.000       3.429       0.000    
   35600   1.780      0.5000E-04 NODE           4   0.0%   1444.      0.4362E-01   0.000       1445.       0.000       3.429       0.000    
   35700   1.785      0.5000E-04 NODE           1   0.0%   1448.      0.4220E-01   0.000       1448.       0.000       3.429       0.000    
   35800   1.790      0.5000E-04 NODE           1   0.0%   1452.      0.4077E-01   0.000       1452.       0.000       3.429       0.000    
   35900   1.795      0.5000E-04 NODE           4   0.0%   1456.      0.3935E-01   0.000       1456.       0.000       3.429       0.000    
   36000   1.800      0.5000E-04 NODE           4   0.0%   1459.      0.3792E-01   0.000       1459.       0.000       3.429       0.000    
   36100   1.805      0.5000E-04 NODE           1   0.0%   1463.      0.3650E-01   0.000       1463.       0.000       3.429       0.000    
   36200   1.810      0.5000E-04 NODE           4   0.0%   1466.      0.3509E-01   0.000       1466.       0.000       3.429       0.000    
   36300   1.815      0.5000E-04 NODE           1   0.0%   1469.      0.3368E-01   0.000       1469.       0.000       3.429       0.000    
   36400   1.820      0.5000E-04 NODE           4   0.0%   1473.      0.3227E-01   0.000       1473.       0.000       3.429       0.000    
     ANIMATION FILE: I02D_PATCH_NONPROPORTIONAL_R5A014 WRITTEN
   36500   1.825      0.5000E-04 NODE           4   0.0%   1476.      0.3088E-01   0.000       1476.       0.000       3.429       0.000    
   36600   1.830      0.5000E-04 NODE           1   0.0%   1479.      0.2949E-01   0.000       1479.       0.000       3.429       0.000    
   36700   1.835      0.5000E-04 NODE           1   0.0%   1482.      0.2812E-01   0.000       1482.       0.000       3.429       0.000    
   36800   1.840      0.5000E-04 NODE           1   0.0%   1485.      0.2676E-01   0.000       1485.       0.000       3.429       0.000    
   36900   1.845      0.5000E-04 NODE           1   0.0%   1488.      0.2541E-01   0.000       1488.       0.000       3.429       0.000    
   37000   1.850      0.5000E-04 NODE           1   0.0%   1490.      0.2408E-01   0.000       1491.       0.000       3.429       0.000    
   37100   1.855      0.5000E-04 NODE           4   0.0%   1493.      0.2277E-01   0.000       1493.       0.000       3.429       0.000    
   37200   1.860      0.5000E-04 NODE          15   0.0%   1496.      0.2147E-01   0.000       1496.       0.000       3.429       0.000    
   37300   1.865      0.5000E-04 NODE          15   0.0%   1498.      0.2020E-01   0.000       1498.       0.000       3.429       0.000    
   37400   1.870      0.5000E-04 NODE          15   0.0%   1501.      0.1895E-01   0.000       1501.       0.000       3.429       0.000    
   37500   1.875      0.5000E-04 NODE          15   0.0%   1503.      0.1772E-01   0.000       1503.       0.000       3.429       0.000    
   37600   1.880      0.5000E-04 NODE          15   0.0%   1506.      0.1652E-01   0.000       1506.       0.000       3.429       0.000    
   37700   1.885      0.5000E-04 NODE          15   0.0%   1508.      0.1534E-01   0.000       1508.       0.000       3.429       0.000    
   37800   1.890      0.5000E-04 NODE          15   0.0%   1510.      0.1420E-01   0.000       1510.       0.000       3.429       0.000    
   37900   1.895      0.5000E-04 NODE          15   0.0%   1512.      0.1308E-01   0.000       1512.       0.000       3.429       0.000    
   38000   1.900      0.5000E-04 NODE          15   0.0%   1514.      0.1200E-01   0.000       1514.       0.000       3.429       0.000    
   38100   1.905      0.5000E-04 NODE          15   0.0%   1516.      0.1095E-01   0.000       1516.       0.000       3.429       0.000    
   38200   1.910      0.5000E-04 NODE          15   0.0%   1518.      0.9936E-02   0.000       1518.       0.000       3.429       0.000    
   38300   1.915      0.5000E-04 NODE          18   0.0%   1519.      0.8960E-02   0.000       1519.       0.000       3.429       0.000    
   38400   1.920      0.5000E-04 NODE          15   0.0%   1521.      0.8024E-02   0.000       1521.       0.000       3.429       0.000    
   38500   1.925      0.5000E-04 NODE          15   0.0%   1522.      0.7129E-02   0.000       1522.       0.000       3.429       0.000    
   38600   1.930      0.5000E-04 NODE          18   0.0%   1524.      0.6278E-02   0.000       1524.       0.000       3.429       0.000    
   38700   1.935      0.5000E-04 NODE          18   0.0%   1525.      0.5471E-02   0.000       1525.       0.000       3.429       0.000    
   38800   1.940      0.5000E-04 NODE          18   0.0%   1526.      0.4712E-02   0.000       1527.       0.000       3.429       0.000    
   38900   1.945      0.5000E-04 NODE          18   0.0%   1528.      0.4002E-02   0.000       1528.       0.000       3.429       0.000    
   39000   1.950      0.5000E-04 NODE          15   0.0%   1529.      0.3342E-02   0.000       1529.       0.000       3.429       0.000    
   39100   1.955      0.5000E-04 NODE          15   0.0%   1530.      0.2736E-02   0.000       1530.       0.000       3.429       0.000    
   39200   1.960      0.5000E-04 NODE          15   0.0%   1531.      0.2184E-02   0.000       1531.       0.000       3.429       0.000    
     ANIMATION FILE: I02D_PATCH_NONPROPORTIONAL_R5A015 WRITTEN
   39300   1.965      0.5000E-04 NODE          15   0.0%   1531.      0.1690E-02   0.000       1531.       0.000       3.429       0.000    
   39400   1.970      0.5000E-04 NODE          15   0.0%   1532.      0.1254E-02   0.000       1532.       0.000       3.429       0.000    
   39500   1.975      0.5000E-04 NODE          15   0.0%   1533.      0.8801E-03   0.000       1533.       0.000       3.429       0.000    
   39600   1.980      0.5000E-04 NODE          15   0.0%   1533.      0.5691E-03   0.000       1533.       0.000       3.429       0.000    
   39700   1.985      0.5000E-04 NODE          18   0.0%   1533.      0.3234E-03   0.000       1533.       0.000       3.429       0.000    
   39800   1.990      0.5000E-04 NODE          18   0.0%   1534.      0.1452E-03   0.000       1534.       0.000       3.429       0.000    
   39900   1.995      0.5000E-04 NODE          15   0.0%   1534.      0.3666E-04   0.000       1534.       0.000       3.429       0.000    
   CYCLE    TIME      TIME-STEP  ELEMENT          ERROR  I-ENERGY    K-ENERGY T  K-ENERGY R  EXT-WORK     MAS.ERR     TOTAL MASS  MASS ADDED
   40000   2.000      0.5000E-04 NODE          18   0.0%   1534.      0.2683E-07   0.000       1534.       0.000       3.429       0.000    
   40100   2.005      0.5000E-04 NODE          15   0.0%   1534.      0.1525E-03   0.000       1534.       0.000       3.429       0.000    
   40200   2.010      0.5000E-04 NODE          15   0.0%   1533.      0.6040E-03   0.000       1533.       0.000       3.429       0.000    
   40300   2.015      0.5000E-04 NODE          15   0.0%   1533.      0.1345E-02   0.000       1533.       0.000       3.429       0.000    
   40400   2.020      0.5000E-04 NODE          15   0.0%   1532.      0.2367E-02   0.000       1532.       0.000       3.429       0.000    
   40500   2.025      0.5000E-04 NODE          15   0.0%   1531.      0.3661E-02   0.000       1531.       0.000       3.429       0.000    
   40600   2.030      0.5000E-04 NODE          18   0.0%   1529.      0.5218E-02   0.000       1529.       0.000       3.429       0.000    
   40700   2.035      0.5000E-04 NODE          15   0.0%   1528.      0.7030E-02   0.000       1528.       0.000       3.429       0.000    
   40800   2.040      0.5000E-04 NODE          15   0.0%   1526.      0.9087E-02   0.000       1526.       0.000       3.429       0.000    
   40900   2.045      0.5000E-04 NODE          15   0.0%   1524.      0.1138E-01   0.000       1524.       0.000       3.429       0.000    
   41000   2.050      0.5000E-04 NODE          18   0.0%   1522.      0.1390E-01   0.000       1522.       0.000       3.429       0.000    
   41100   2.055      0.5000E-04 NODE          15   0.0%   1519.      0.1665E-01   0.000       1519.       0.000       3.429       0.000    
   41200   2.060      0.5000E-04 NODE          15   0.0%   1517.      0.1960E-01   0.000       1517.       0.000       3.429       0.000    
   41300   2.065      0.5000E-04 NODE          15   0.0%   1514.      0.2276E-01   0.000       1514.       0.000       3.429       0.000    
   41400   2.070      0.5000E-04 NODE          18   0.0%   1511.      0.2612E-01   0.000       1511.       0.000       3.429       0.000    
   41500   2.075      0.5000E-04 NODE          18   0.0%   1508.      0.2966E-01   0.000       1508.       0.000       3.429       0.000    
   41600   2.080      0.5000E-04 NODE          18   0.0%   1504.      0.3338E-01   0.000       1504.       0.000       3.429       0.000    
   41700   2.085      0.5000E-04 NODE          15   0.0%   1501.      0.3728E-01   0.000       1501.       0.000       3.429       0.000    
   41800   2.090      0.5000E-04 NODE          15   0.0%   1497.      0.4133E-01   0.000       1497.       0.000       3.429       0.000    
   41900   2.095      0.5000E-04 NODE          15   0.0%   1493.      0.4555E-01   0.000       1493.       0.000       3.429       0.000    
   42000   2.100      0.5000E-04 NODE          15   0.0%   1489.      0.4991E-01   0.000       1489.       0.000       3.429       0.000    
     ANIMATION FILE: I02D_PATCH_NONPROPORTIONAL_R5A016 WRITTEN
   42100   2.105      0.5000E-04 NODE          18   0.0%   1484.      0.5442E-01   0.000       1484.       0.000       3.429       0.000    
   42200   2.110      0.5000E-04 NODE          15   0.0%   1480.      0.5906E-01   0.000       1480.       0.000       3.429       0.000    
   42300   2.115      0.5000E-04 NODE          15   0.0%   1475.      0.6383E-01   0.000       1475.       0.000       3.429       0.000    
   42400   2.120      0.5000E-04 NODE          15   0.0%   1470.      0.6872E-01   0.000       1470.       0.000       3.429       0.000    
   42500   2.125      0.5000E-04 NODE          15   0.0%   1465.      0.7372E-01   0.000       1466.       0.000       3.429       0.000    
   42600   2.130      0.5000E-04 NODE          15   0.0%   1460.      0.7883E-01   0.000       1460.       0.000       3.429       0.000    
   42700   2.135      0.5000E-04 NODE          15   0.0%   1455.      0.8403E-01   0.000       1455.       0.000       3.429       0.000    
   42800   2.140      0.5000E-04 NODE          15   0.0%   1450.      0.8933E-01   0.000       1450.       0.000       3.429       0.000    
   42900   2.145      0.5000E-04 NODE          15   0.0%   1444.      0.9471E-01   0.000       1444.       0.000       3.429       0.000    
   43000   2.150      0.5000E-04 NODE          15   0.0%   1439.      0.1002       0.000       1439.       0.000       3.429       0.000    
   43100   2.155      0.5000E-04 NODE          18   0.0%   1433.      0.1057       0.000       1433.       0.000       3.429       0.000    
   43200   2.160      0.5000E-04 NODE          15   0.0%   1427.      0.1113       0.000       1427.       0.000       3.429       0.000    
   43300   2.165      0.5000E-04 NODE          15   0.0%   1421.      0.1170       0.000       1422.       0.000       3.429       0.000    
   43400   2.170      0.5000E-04 NODE          15   0.0%   1415.      0.1227       0.000       1416.       0.000       3.429       0.000    
   43500   2.175      0.5000E-04 NODE          15   0.0%   1409.      0.1284       0.000       1410.       0.000       3.429       0.000    
   43600   2.180      0.5000E-04 NODE          15   0.0%   1403.      0.1343       0.000       1403.       0.000       3.429       0.000    
   43700   2.185      0.5000E-04 NODE          15   0.0%   1397.      0.1401       0.000       1397.       0.000       3.429       0.000    
   43800   2.190      0.5000E-04 NODE          15   0.0%   1391.      0.1460       0.000       1391.       0.000       3.429       0.000    
   43900   2.195      0.5000E-04 NODE          15   0.0%   1384.      0.1518       0.000       1385.       0.000       3.429       0.000    
   44000   2.200      0.5000E-04 NODE          15   0.0%   1378.      0.1578       0.000       1378.       0.000       3.429       0.000    
   44100   2.205      0.5000E-04 NODE          15   0.0%   1371.      0.1637       0.000       1372.       0.000       3.429       0.000    
   44200   2.210      0.5000E-04 NODE          15   0.0%   1365.      0.1696       0.000       1365.       0.000       3.429       0.000    
   44300   2.215      0.5000E-04 NODE          15   0.0%   1358.      0.1755       0.000       1359.       0.000       3.429       0.000    
   44400   2.220      0.5000E-04 NODE          15   0.0%   1352.      0.1815       0.000       1352.       0.000       3.429       0.000    
   44500   2.225      0.5000E-04 NODE          15   0.0%   1345.      0.1874       0.000       1345.       0.000       3.429       0.000    
   44600   2.230      0.5000E-04 NODE          15   0.0%   1339.      0.1933       0.000       1339.       0.000       3.429       0.000    
   44700   2.235      0.5000E-04 NODE          18   0.0%   1332.      0.1992       0.000       1332.       0.000       3.429       0.000    
   44800   2.240      0.5000E-04 NODE          15   0.0%   1325.      0.2050       0.000       1325.       0.000       3.429       0.000    
     ANIMATION FILE: I02D_PATCH_NONPROPORTIONAL_R5A017 WRITTEN
   44900   2.245      0.5000E-04 NODE          18   0.0%   1319.      0.2108       0.000       1319.       0.000       3.429       0.000    
   45000   2.250      0.5000E-04 NODE          18   0.0%   1312.      0.2166       0.000       1312.       0.000       3.429       0.000    
   45100   2.255      0.5000E-04 NODE          18   0.0%   1305.      0.2224       0.000       1305.       0.000       3.429       0.000    
   45200   2.260      0.5000E-04 NODE          18   0.0%   1299.      0.2281       0.000       1299.       0.000       3.429       0.000    
   45300   2.265      0.5000E-04 NODE          15   0.0%   1292.      0.2338       0.000       1292.       0.000       3.429       0.000    
   45400   2.270      0.5000E-04 NODE          18   0.0%   1285.      0.2394       0.000       1286.       0.000       3.429       0.000    
   45500   2.275      0.5000E-04 NODE          15   0.0%   1279.      0.2450       0.000       1279.       0.000       3.429       0.000    
   45600   2.280      0.5000E-04 NODE          18   0.0%   1272.      0.2505       0.000       1273.       0.000       3.429       0.000    
   45700   2.285      0.5000E-04 NODE          15   0.0%   1266.      0.2559       0.000       1266.       0.000       3.429       0.000    
   45800   2.290      0.5000E-04 NODE          18   0.0%   1259.      0.2613       0.000       1260.       0.000       3.429       0.000    
   45900   2.295      0.5000E-04 NODE          15   0.0%   1253.      0.2665       0.000       1253.       0.000       3.429       0.000    
   46000   2.300      0.5000E-04 NODE          15   0.0%   1247.      0.2718       0.000       1247.       0.000       3.429       0.000    
   46100   2.305      0.5000E-04 NODE          15   0.0%   1240.      0.2769       0.000       1241.       0.000       3.429       0.000    
   46200   2.310      0.5000E-04 NODE          15   0.0%   1234.      0.2819       0.000       1234.       0.000       3.429       0.000    
   46300   2.315      0.5000E-04 NODE          15   0.0%   1228.      0.2869       0.000       1228.       0.000       3.429       0.000    
   46400   2.320      0.5000E-04 NODE          18   0.0%   1222.      0.2918       0.000       1222.       0.000       3.429       0.000    
   46500   2.325      0.5000E-04 NODE          18   0.0%   1216.      0.2966       0.000       1216.       0.000       3.429       0.000    
   46600   2.330      0.5000E-04 NODE          15   0.0%   1210.      0.3012       0.000       1210.       0.000       3.429       0.000    
   46700   2.335      0.5000E-04 NODE          18   0.0%   1204.      0.3058       0.000       1204.       0.000       3.429       0.000    
   46800   2.340      0.5000E-04 NODE          18   0.0%   1198.      0.3103       0.000       1199.       0.000       3.429       0.000    
   46900   2.345      0.5000E-04 NODE          15   0.0%   1193.      0.3147       0.000       1193.       0.000       3.429       0.000    
   47000   2.350      0.5000E-04 NODE          15   0.0%   1187.      0.3189       0.000       1187.       0.000       3.429       0.000    
   47100   2.355      0.5000E-04 NODE          18   0.0%   1182.      0.3231       0.000       1182.       0.000       3.429       0.000    
   47200   2.360      0.5000E-04 NODE          18   0.0%   1176.      0.3271       0.000       1177.       0.000       3.429       0.000    
   47300   2.365      0.5000E-04 NODE          18   0.0%   1171.      0.3310       0.000       1171.       0.000       3.429       0.000    
   47400   2.370      0.5000E-04 NODE          18   0.0%   1166.      0.3348       0.000       1166.       0.000       3.429       0.000    
   47500   2.375      0.5000E-04 NODE          15   0.0%   1161.      0.3385       0.000       1161.       0.000       3.429       0.000    
   47600   2.380      0.5000E-04 NODE          15   0.0%   1156.      0.3421       0.000       1156.       0.000       3.429       0.000    
     ANIMATION FILE: I02D_PATCH_NONPROPORTIONAL_R5A018 WRITTEN
   47700   2.385      0.5000E-04 NODE          18   0.0%   1151.      0.3455       0.000       1152.       0.000       3.429       0.000    
   47800   2.390      0.5000E-04 NODE          15   0.0%   1147.      0.3488       0.000       1147.       0.000       3.429       0.000    
   47900   2.395      0.5000E-04 NODE          15   0.0%   1142.      0.3519       0.000       1143.       0.000       3.429       0.000    
   48000   2.400      0.5000E-04 NODE          15   0.0%   1138.      0.3549       0.000       1138.       0.000       3.429       0.000    
   48100   2.405      0.5000E-04 NODE          15   0.0%   1134.      0.3578       0.000       1134.       0.000       3.429       0.000    
   48200   2.410      0.5000E-04 NODE          18   0.0%   1130.      0.3606       0.000       1130.       0.000       3.429       0.000    
   48300   2.415      0.5000E-04 NODE          15   0.0%   1126.      0.3632       0.000       1126.       0.000       3.429       0.000    
   48400   2.420      0.5000E-04 NODE          15   0.0%   1122.      0.3657       0.000       1122.       0.000       3.429       0.000    
   48500   2.425      0.5000E-04 NODE          15   0.0%   1118.      0.3680       0.000       1119.       0.000       3.429       0.000    
   48600   2.430      0.5000E-04 NODE          15   0.0%   1115.      0.3702       0.000       1115.       0.000       3.429       0.000    
   48700   2.435      0.5000E-04 NODE          15   0.0%   1112.      0.3722       0.000       1112.       0.000       3.429       0.000    
   48800   2.440      0.5000E-04 NODE          15   0.0%   1109.      0.3741       0.000       1109.       0.000       3.429       0.000    
   48900   2.445      0.5000E-04 NODE          15   0.0%   1106.      0.3759       0.000       1106.       0.000       3.429       0.000    
   49000   2.450      0.5000E-04 NODE          15   0.0%   1103.      0.3775       0.000       1103.       0.000       3.429       0.000    
   49100   2.455      0.5000E-04 NODE          15   0.0%   1100.      0.3789       0.000       1101.       0.000       3.429       0.000    
   49200   2.460      0.5000E-04 NODE          15   0.0%   1098.      0.3802       0.000       1098.       0.000       3.429       0.000    
   49300   2.465      0.5000E-04 NODE          15   0.0%   1095.      0.3814       0.000       1096.       0.000       3.429       0.000    
   49400   2.470      0.5000E-04 NODE          18   0.0%   1093.      0.3824       0.000       1094.       0.000       3.429       0.000    
   49500   2.475      0.5000E-04 NODE          15   0.0%   1091.      0.3832       0.000       1092.       0.000       3.429       0.000    
   49600   2.480      0.5000E-04 NODE          15   0.0%   1090.      0.3839       0.000       1090.       0.000       3.429       0.000    
   49700   2.485      0.5000E-04 NODE          18   0.0%   1088.      0.3845       0.000       1088.       0.000       3.429       0.000    
   49800   2.490      0.5000E-04 NODE          15   0.0%   1087.      0.3848       0.000       1087.       0.000       3.429       0.000    
   49900   2.495      0.5000E-04 NODE          15   0.0%   1085.      0.3851       0.000       1086.       0.000       3.429       0.000    
   CYCLE    TIME      TIME-STEP  ELEMENT          ERROR  I-ENERGY    K-ENERGY T  K-ENERGY R  EXT-WORK     MAS.ERR     TOTAL MASS  MASS ADDED
   50000   2.500      0.5000E-04 NODE          15   0.0%   1084.      0.3851       0.000       1084.       0.000       3.429       0.000    
   50100   2.505      0.5000E-04 NODE          15  -0.0%   1083.      0.3851       0.000       1084.       0.000       3.429       0.000    
   50200   2.510      0.5000E-04 NODE          18  -0.0%   1082.      0.3848       0.000       1083.       0.000       3.429       0.000    
   50300   2.515      0.5000E-04 NODE          15  -0.0%   1082.      0.3845       0.000       1082.       0.000       3.429       0.000    
   50400   2.520      0.5000E-04 NODE          15  -0.0%   1081.      0.3839       0.000       1082.       0.000       3.429       0.000    
     ANIMATION FILE: I02D_PATCH_NONPROPORTIONAL_R5A019 WRITTEN
   50500   2.525      0.5000E-04 NODE          18  -0.0%   1081.      0.3832       0.000       1081.       0.000       3.429       0.000    
   50600   2.530      0.5000E-04 NODE          15  -0.0%   1081.      0.3824       0.000       1081.       0.000       3.429       0.000    
   50700   2.535      0.5000E-04 NODE          15   0.0%   1081.      0.3814       0.000       1081.       0.000       3.429       0.000    
   50800   2.540      0.5000E-04 NODE          15   0.0%   1081.      0.3802       0.000       1081.       0.000       3.429       0.000    
   50900   2.545      0.5000E-04 NODE          15   0.0%   1081.      0.3789       0.000       1082.       0.000       3.429       0.000    
   51000   2.550      0.5000E-04 NODE          15   0.0%   1082.      0.3775       0.000       1082.       0.000       3.429       0.000    
   51100   2.555      0.5000E-04 NODE          15   0.0%   1082.      0.3759       0.000       1083.       0.000       3.429       0.000    
   51200   2.560      0.5000E-04 NODE          15   0.0%   1083.      0.3741       0.000       1083.       0.000       3.429       0.000    
   51300   2.565      0.5000E-04 NODE          15   0.0%   1084.      0.3722       0.000       1084.       0.000       3.429       0.000    
   51400   2.570      0.5000E-04 NODE          15   0.0%   1085.      0.3702       0.000       1085.       0.000       3.429       0.000    
   51500   2.575      0.5000E-04 NODE          15   0.0%   1086.      0.3680       0.000       1087.       0.000       3.429       0.000    
   51600   2.580      0.5000E-04 NODE          15   0.0%   1088.      0.3657       0.000       1088.       0.000       3.429       0.000    
   51700   2.585      0.5000E-04 NODE          15   0.0%   1089.      0.3632       0.000       1090.       0.000       3.429       0.000    
   51800   2.590      0.5000E-04 NODE          15   0.0%   1091.      0.3606       0.000       1091.       0.000       3.429       0.000    
   51900   2.595      0.5000E-04 NODE          15   0.0%   1093.      0.3578       0.000       1093.       0.000       3.429       0.000    
   52000   2.600      0.5000E-04 NODE          18   0.0%   1095.      0.3549       0.000       1095.       0.000       3.429       0.000    
   52100   2.605      0.5000E-04 NODE          15   0.0%   1097.      0.3519       0.000       1097.       0.000       3.429       0.000    
   52200   2.610      0.5000E-04 NODE          15   0.0%   1099.      0.3488       0.000       1099.       0.000       3.429       0.000    
   52300   2.615      0.5000E-04 NODE          15   0.0%   1102.      0.3455       0.000       1102.       0.000       3.429       0.000    
   52400   2.620      0.5000E-04 NODE          15   0.0%   1104.      0.3421       0.000       1104.       0.000       3.429       0.000    
   52500   2.625      0.5000E-04 NODE          15   0.0%   1107.      0.3385       0.000       1107.       0.000       3.429       0.000    
   52600   2.630      0.5000E-04 NODE          15   0.0%   1110.      0.3348       0.000       1110.       0.000       3.429       0.000    
   52700   2.635      0.5000E-04 NODE          15   0.0%   1112.      0.3310       0.000       1113.       0.000       3.429       0.000    
   52800   2.640      0.5000E-04 NODE          15   0.0%   1115.      0.3271       0.000       1116.       0.000       3.429       0.000    
   52900   2.645      0.5000E-04 NODE          15   0.0%   1119.      0.3231       0.000       1119.       0.000       3.429       0.000    
   53000   2.650      0.5000E-04 NODE          15   0.0%   1122.      0.3189       0.000       1122.       0.000       3.429       0.000    
   53100   2.655      0.5000E-04 NODE          15   0.0%   1125.      0.3147       0.000       1126.       0.000       3.429       0.000    
   53200   2.660      0.5000E-04 NODE          18   0.0%   1129.      0.3103       0.000       1129.       0.000       3.429       0.000    
     ANIMATION FILE: I02D_PATCH_NONPROPORTIONAL_R5A020 WRITTEN
   53300   2.665      0.5000E-04 NODE          15   0.0%   1132.      0.3058       0.000       1133.       0.000       3.429       0.000    
   53400   2.670      0.5000E-04 NODE          15   0.0%   1136.      0.3012       0.000       1136.       0.000       3.429       0.000    
   53500   2.675      0.5000E-04 NODE          15   0.0%   1140.      0.2966       0.000       1140.       0.000       3.429       0.000    
   53600   2.680      0.5000E-04 NODE          15   0.0%   1144.      0.2918       0.000       1144.       0.000       3.429       0.000    
   53700   2.685      0.5000E-04 NODE          15   0.0%   1148.      0.2869       0.000       1148.       0.000       3.429       0.000    
   53800   2.690      0.5000E-04 NODE          15   0.0%   1152.      0.2819       0.000       1152.       0.000       3.429       0.000    
   53900   2.695      0.5000E-04 NODE          18   0.0%   1156.      0.2769       0.000       1156.       0.000       3.429       0.000    
   54000   2.700      0.5000E-04 NODE          18   0.0%   1160.      0.2718       0.000       1160.       0.000       3.429       0.000    
   54100   2.705      0.5000E-04 NODE          15   0.0%   1164.      0.2665       0.000       1165.       0.000       3.429       0.000    
   54200   2.710      0.5000E-04 NODE          15   0.0%   1169.      0.2613       0.000       1169.       0.000       3.429       0.000    
   54300   2.715      0.5000E-04 NODE          15   0.0%   1173.      0.2559       0.000       1173.       0.000       3.429       0.000    
   54400   2.720      0.5000E-04 NODE          15   0.0%   1178.      0.2505       0.000       1178.       0.000       3.429       0.000    
   54500   2.725      0.5000E-04 NODE          18   0.0%   1182.      0.2450       0.000       1183.       0.000       3.429       0.000    
   54600   2.730      0.5000E-04 NODE          18   0.0%   1187.      0.2394       0.000       1187.       0.000       3.429       0.000    
   54700   2.735      0.5000E-04 NODE          18   0.0%   1192.      0.2338       0.000       1192.       0.000       3.429       0.000    
   54800   2.740      0.5000E-04 NODE          18   0.0%   1196.      0.2281       0.000       1196.       0.000       3.429       0.000    
   54900   2.745      0.5000E-04 NODE          18   0.0%   1201.      0.2224       0.000       1201.       0.000       3.429       0.000    
   55000   2.750      0.5000E-04 NODE          18   0.0%   1206.      0.2166       0.000       1206.       0.000       3.429       0.000    
   55100   2.755      0.5000E-04 NODE          15   0.0%   1210.      0.2108       0.000       1211.       0.000       3.429       0.000    
   55200   2.760      0.5000E-04 NODE          15   0.0%   1215.      0.2050       0.000       1215.       0.000       3.429       0.000    
   55300   2.765      0.5000E-04 NODE          15   0.0%   1220.      0.1992       0.000       1220.       0.000       3.429       0.000    
   55400   2.770      0.5000E-04 NODE          15   0.0%   1225.      0.1933       0.000       1225.       0.000       3.429       0.000    
   55500   2.775      0.5000E-04 NODE          15   0.0%   1230.      0.1874       0.000       1230.       0.000       3.429       0.000    
   55600   2.780      0.5000E-04 NODE          15   0.0%   1235.      0.1815       0.000       1235.       0.000       3.429       0.000    
   55700   2.785      0.5000E-04 NODE          15   0.0%   1239.      0.1755       0.000       1240.       0.000       3.429       0.000    
   55800   2.790      0.5000E-04 NODE          15   0.0%   1244.      0.1696       0.000       1244.       0.000       3.429       0.000    
   55900   2.795      0.5000E-04 NODE          15   0.0%   1249.      0.1637       0.000       1249.       0.000       3.429       0.000    
   56000   2.800      0.5000E-04 NODE          15   0.0%   1254.      0.1578       0.000       1254.       0.000       3.429       0.000    
     ANIMATION FILE: I02D_PATCH_NONPROPORTIONAL_R5A021 WRITTEN
   56100   2.805      0.5000E-04 NODE          15   0.0%   1259.      0.1518       0.000       1259.       0.000       3.429       0.000    
   56200   2.810      0.5000E-04 NODE          15   0.0%   1263.      0.1460       0.000       1264.       0.000       3.429       0.000    
   56300   2.815      0.5000E-04 NODE          15   0.0%   1268.      0.1401       0.000       1268.       0.000       3.429       0.000    
   56400   2.820      0.5000E-04 NODE          15   0.0%   1273.      0.1343       0.000       1273.       0.000       3.429       0.000    
   56500   2.825      0.5000E-04 NODE          15   0.0%   1278.      0.1284       0.000       1278.       0.000       3.429       0.000    
   56600   2.830      0.5000E-04 NODE          15   0.0%   1282.      0.1227       0.000       1282.       0.000       3.429       0.000    
   56700   2.835      0.5000E-04 NODE          15   0.0%   1287.      0.1170       0.000       1287.       0.000       3.429       0.000    
   56800   2.840      0.5000E-04 NODE          15   0.0%   1291.      0.1113       0.000       1291.       0.000       3.429       0.000    
   56900   2.845      0.5000E-04 NODE          15   0.0%   1295.      0.1057       0.000       1296.       0.000       3.429       0.000    
   57000   2.850      0.5000E-04 NODE          15   0.0%   1300.      0.1002       0.000       1300.       0.000       3.429       0.000    
   57100   2.855      0.5000E-04 NODE          15   0.0%   1304.      0.9471E-01   0.000       1304.       0.000       3.429       0.000    
   57200   2.860      0.5000E-04 NODE          15   0.0%   1308.      0.8933E-01   0.000       1308.       0.000       3.429       0.000    
   57300   2.865      0.5000E-04 NODE          15   0.0%   1312.      0.8403E-01   0.000       1312.       0.000       3.429       0.000    
   57400   2.870      0.5000E-04 NODE          15   0.0%   1316.      0.7883E-01   0.000       1316.       0.000       3.429       0.000    
   57500   2.875      0.5000E-04 NODE          15   0.0%   1320.      0.7372E-01   0.000       1320.       0.000       3.429       0.000    
   57600   2.880      0.5000E-04 NODE          18   0.0%   1324.      0.6872E-01   0.000       1324.       0.000       3.429       0.000    
   57700   2.885      0.5000E-04 NODE          15   0.0%   1328.      0.6383E-01   0.000       1328.       0.000       3.429       0.000    
   57800   2.890      0.5000E-04 NODE          18   0.0%   1331.      0.5906E-01   0.000       1331.       0.000       3.429       0.000    
   57900   2.895      0.5000E-04 NODE          15   0.0%   1335.      0.5442E-01   0.000       1335.       0.000       3.429       0.000    
   58000   2.900      0.5000E-04 NODE          18   0.0%   1338.      0.4991E-01   0.000       1338.       0.000       3.429       0.000    
   58100   2.905      0.5000E-04 NODE          15   0.0%   1341.      0.4555E-01   0.000       1341.       0.000       3.429       0.000    
   58200   2.910      0.5000E-04 NODE          15   0.0%   1344.      0.4133E-01   0.000       1345.       0.000       3.429       0.000    
   58300   2.915      0.5000E-04 NODE          15   0.0%   1347.      0.3728E-01   0.000       1347.       0.000       3.429       0.000    
   58400   2.920      0.5000E-04 NODE          18   0.0%   1350.      0.3338E-01   0.000       1350.       0.000       3.429       0.000    
   58500   2.925      0.5000E-04 NODE          15   0.0%   1353.      0.2966E-01   0.000       1353.       0.000       3.429       0.000    
   58600   2.930      0.5000E-04 NODE          18   0.0%   1355.      0.2612E-01   0.000       1355.       0.000       3.429       0.000    
   58700   2.935      0.5000E-04 NODE          15   0.0%   1358.      0.2276E-01   0.000       1358.       0.000       3.429       0.000    
   58800   2.940      0.5000E-04 NODE          15   0.0%   1360.      0.1960E-01   0.000       1360.       0.000       3.429       0.000    
     ANIMATION FILE: I02D_PATCH_NONPROPORTIONAL_R5A022 WRITTEN
   58900   2.945      0.5000E-04 NODE          15   0.0%   1362.      0.1665E-01   0.000       1362.       0.000       3.429       0.000    
   59000   2.950      0.5000E-04 NODE          15   0.0%   1364.      0.1390E-01   0.000       1364.       0.000       3.429       0.000    
   59100   2.955      0.5000E-04 NODE          15   0.0%   1366.      0.1138E-01   0.000       1366.       0.000       3.429       0.000    
   59200   2.960      0.5000E-04 NODE          15   0.0%   1367.      0.9087E-02   0.000       1367.       0.000       3.429       0.000    
   59300   2.965      0.5000E-04 NODE          15   0.0%   1369.      0.7030E-02   0.000       1369.       0.000       3.429       0.000    
   59400   2.970      0.5000E-04 NODE          18   0.0%   1370.      0.5218E-02   0.000       1370.       0.000       3.429       0.000    
   59500   2.975      0.5000E-04 NODE          15   0.0%   1371.      0.3661E-02   0.000       1371.       0.000       3.429       0.000    
   59600   2.980      0.5000E-04 NODE          15   0.0%   1372.      0.2367E-02   0.000       1372.       0.000       3.429       0.000    
   59700   2.985      0.5000E-04 NODE          15   0.0%   1372.      0.1345E-02   0.000       1373.       0.000       3.429       0.000    
   59800   2.990      0.5000E-04 NODE          18   0.0%   1373.      0.6040E-03   0.000       1373.       0.000       3.429       0.000    
   59900   2.995      0.5000E-04 NODE          15   0.0%   1373.      0.1525E-03   0.000       1373.       0.000       3.429       0.000    
   CYCLE    TIME      TIME-STEP  ELEMENT          ERROR  I-ENERGY    K-ENERGY T  K-ENERGY R  EXT-WORK     MAS.ERR     TOTAL MASS  MASS ADDED
   60000   3.000      0.5000E-04 NODE          15   0.0%   1373.      0.2371E-06   0.000       1373.       0.000       3.429       0.000    
   60100   3.005      0.5000E-04 NODE          15   0.0%   1373.      0.8949E-03   0.000       1373.       0.000       3.429       0.000    
   60200   3.010      0.5000E-04 NODE          15   0.0%   1373.      0.3544E-02   0.000       1373.       0.000       3.429       0.000    
   60300   3.015      0.5000E-04 NODE          15   0.0%   1372.      0.7893E-02   0.000       1372.       0.000       3.429       0.000    
   60400   3.020      0.5000E-04 NODE          15   0.0%   1371.      0.1389E-01   0.000       1371.       0.000       3.429       0.000    
   60500   3.025      0.5000E-04 NODE          18   0.0%   1369.      0.2148E-01   0.000       1369.       0.000       3.429       0.000    
   60600   3.030      0.5000E-04 NODE          15   0.0%   1367.      0.3062E-01   0.000       1367.       0.000       3.429       0.000    
   60700   3.035      0.5000E-04 NODE          15   0.0%   1365.      0.4125E-01   0.000       1365.       0.000       3.429       0.000    
   60800   3.040      0.5000E-04 NODE          15   0.0%   1363.      0.5332E-01   0.000       1363.       0.000       3.429       0.000    
   60900   3.045      0.5000E-04 NODE          15   0.0%   1360.      0.6678E-01   0.000       1360.       0.000       3.429       0.000    
   61000   3.050      0.5000E-04 NODE          15   0.0%   1357.      0.8158E-01   0.000       1357.       0.000       3.429       0.000    
   61100   3.055      0.5000E-04 NODE          15   0.0%   1354.      0.9768E-01   0.000       1354.       0.000       3.429       0.000    
   61200   3.060      0.5000E-04 NODE          15   0.0%   1350.      0.1150       0.000       1350.       0.000       3.429       0.000    
   61300   3.065      0.5000E-04 NODE          15   0.0%   1346.      0.1336       0.000       1347.       0.000       3.429       0.000    
   61400   3.070      0.5000E-04 NODE          15   0.0%   1342.      0.1532       0.000       1343.       0.000       3.429       0.000    
   61500   3.075      0.5000E-04 NODE          15   0.0%   1338.      0.1740       0.000       1339.       0.000       3.429       0.000    
   61600   3.080      0.5000E-04 NODE          15   0.0%   1334.      0.1959       0.000       1334.       0.000       3.429       0.000    
     ANIMATION FILE: I02D_PATCH_NONPROPORTIONAL_R5A023 WRITTEN
   61700   3.085      0.5000E-04 NODE          15   0.0%   1330.      0.2187       0.000       1330.       0.000       3.429       0.000    
   61800   3.090      0.5000E-04 NODE          15   0.0%   1325.      0.2425       0.000       1325.       0.000       3.429       0.000    
   61900   3.095      0.5000E-04 NODE          15   0.0%   1320.      0.2673       0.000       1321.       0.000       3.429       0.000    
   62000   3.100      0.5000E-04 NODE          15   0.0%   1316.      0.2929       0.000       1316.       0.000       3.429       0.000    
   62100   3.105      0.5000E-04 NODE          15   0.0%   1311.      0.3193       0.000       1311.       0.000       3.429       0.000    
   62200   3.110      0.5000E-04 NODE          15   0.0%   1306.      0.3466       0.000       1306.       0.000       3.429       0.000    
   62300   3.115      0.5000E-04 NODE          15   0.0%   1301.      0.3745       0.000       1302.       0.000       3.429       0.000    
   62400   3.120      0.5000E-04 NODE          15   0.0%   1296.      0.4032       0.000       1297.       0.000       3.429       0.000    
   62500   3.125      0.5000E-04 NODE          15   0.0%   1291.      0.4326       0.000       1292.       0.000       3.429       0.000    
   62600   3.130      0.5000E-04 NODE          15   0.0%   1287.      0.4625       0.000       1287.       0.000       3.429       0.000    
   62700   3.135      0.5000E-04 NODE          15   0.0%   1282.      0.4931       0.000       1282.       0.000       3.429       0.000    
   62800   3.140      0.5000E-04 NODE          18   0.0%   1277.      0.5242       0.000       1278.       0.000       3.429       0.000    
   62900   3.145      0.5000E-04 NODE          18   0.0%   1273.      0.5558       0.000       1274.       0.000       3.429       0.000    
   63000   3.150      0.5000E-04 NODE          15   0.0%   1269.      0.5878       0.000       1269.       0.000       3.429       0.000    
   63100   3.155      0.5000E-04 NODE          18   0.0%   1265.      0.6203       0.000       1265.       0.000       3.429       0.000    
   63200   3.160      0.5000E-04 NODE          15   0.0%   1261.      0.6532       0.000       1261.       0.000       3.429       0.000    
   63300   3.165      0.5000E-04 NODE          15   0.0%   1257.      0.6864       0.000       1258.       0.000       3.429       0.000    
   63400   3.170      0.5000E-04 NODE          15   0.0%   1254.      0.7199       0.000       1254.       0.000       3.429       0.000    
   63500   3.175      0.5000E-04 NODE          15   0.0%   1251.      0.7537       0.000       1251.       0.000       3.429       0.000    
   63600   3.180      0.5000E-04 NODE          15   0.0%   1248.      0.7878       0.000       1249.       0.000       3.429       0.000    
   63700   3.185      0.5000E-04 NODE          15   0.0%   1245.      0.8220       0.000       1246.       0.000       3.429       0.000    
   63800   3.190      0.5000E-04 NODE          18   0.0%   1243.      0.8564       0.000       1244.       0.000       3.429       0.000    
   63900   3.195      0.5000E-04 NODE          18   0.0%   1242.      0.8910       0.000       1243.       0.000       3.429       0.000    
   64000   3.200      0.5000E-04 NODE          18   0.0%   1241.      0.9257       0.000       1242.       0.000       3.429       0.000    
   64100   3.205      0.5000E-04 NODE          18   0.0%   1240.      0.9604       0.000       1241.       0.000       3.429       0.000    
   64200   3.210      0.5000E-04 NODE          15  -0.0%   1240.      0.9952       0.000       1241.       0.000       3.429       0.000    
   64300   3.215      0.5000E-04 NODE          18  -0.0%   1240.       1.030       0.000       1241.       0.000       3.429       0.000    
   64400   3.220      0.5000E-04 NODE          15  -0.0%   1241.       1.065       0.000       1242.       0.000       3.429       0.000    
     ANIMATION FILE: I02D_PATCH_NONPROPORTIONAL_R5A024 WRITTEN
   64500   3.225      0.5000E-04 NODE          15  -0.0%   1242.       1.099       0.000       1243.       0.000       3.429       0.000    
   64600   3.230      0.5000E-04 NODE          15  -0.0%   1244.       1.134       0.000       1245.       0.000       3.429       0.000    
   64700   3.235      0.5000E-04 NODE          15  -0.0%   1246.       1.169       0.000       1248.       0.000       3.429       0.000    
   64800   3.240      0.5000E-04 NODE          18  -0.0%   1250.       1.203       0.000       1251.       0.000       3.429       0.000    
   64900   3.245      0.5000E-04 NODE          18  -0.0%   1254.       1.237       0.000       1255.       0.000       3.429       0.000    
   65000   3.250      0.5000E-04 NODE          18  -0.0%   1258.       1.271       0.000       1259.       0.000       3.429       0.000    
   65100   3.255      0.5000E-04 NODE          18  -0.0%   1263.       1.305       0.000       1265.       0.000       3.429       0.000    
   65200   3.260      0.5000E-04 NODE          18  -0.0%   1269.       1.339       0.000       1271.       0.000       3.429       0.000    
   65300   3.265      0.5000E-04 NODE          15  -0.0%   1276.       1.372       0.000       1278.       0.000       3.429       0.000    
   65400   3.270      0.5000E-04 NODE          18  -0.0%   1284.       1.405       0.000       1285.       0.000       3.429       0.000    
   65500   3.275      0.5000E-04 NODE          18  -0.0%   1292.       1.437       0.000       1294.       0.000       3.429       0.000    
   65600   3.280      0.5000E-04 NODE          15  -0.0%   1301.       1.470       0.000       1303.       0.000       3.429       0.000    
   65700   3.285      0.5000E-04 NODE          15  -0.0%   1311.       1.501       0.000       1313.       0.000       3.429       0.000    
   65800   3.290      0.5000E-04 NODE          15  -0.0%   1322.       1.533       0.000       1324.       0.000       3.429       0.000    
   65900   3.295      0.5000E-04 NODE          18  -0.0%   1334.       1.564       0.000       1336.       0.000       3.429       0.000    
   66000   3.300      0.5000E-04 NODE          18  -0.0%   1347.       1.595       0.000       1349.       0.000       3.429       0.000    
   66100   3.305      0.5000E-04 NODE          15  -0.0%   1361.       1.625       0.000       1362.       0.000       3.429       0.000    
   66200   3.310      0.5000E-04 NODE          18  -0.0%   1376.       1.654       0.000       1377.       0.000       3.429       0.000    
   66300   3.315      0.5000E-04 NODE          15  -0.0%   1391.       1.684       0.000       1393.       0.000       3.429       0.000    
   66400   3.320      0.5000E-04 NODE          15  -0.0%   1408.       1.712       0.000       1410.       0.000       3.429       0.000    
   66500   3.325      0.5000E-04 NODE          15  -0.0%   1426.       1.740       0.000       1427.       0.000       3.429       0.000    
   66600   3.330      0.5000E-04 NODE          18  -0.0%   1444.       1.768       0.000       1446.       0.000       3.429       0.000    
   66700   3.335      0.5000E-04 NODE          18  -0.0%   1464.       1.795       0.000       1466.       0.000       3.429       0.000    
   66800   3.340      0.5000E-04 NODE          15  -0.0%   1485.       1.821       0.000       1487.       0.000       3.429       0.000    
   66900   3.345      0.5000E-04 NODE          15  -0.0%   1507.       1.846       0.000       1509.       0.000       3.429       0.000    
   67000   3.350      0.5000E-04 NODE          15  -0.0%   1530.       1.871       0.000       1532.       0.000       3.429       0.000    
   67100   3.355      0.5000E-04 NODE          15  -0.0%   1554.       1.896       0.000       1556.       0.000       3.429       0.000    
   67200   3.360      0.5000E-04 NODE          18  -0.0%   1580.       1.919       0.000       1582.       0.000       3.429       0.000    
     ANIMATION FILE: I02D_PATCH_NONPROPORTIONAL_R5A025 WRITTEN
   67300   3.365      0.5000E-04 NODE          18  -0.0%   1606.       1.942       0.000       1608.       0.000       3.429       0.000    
   67400   3.370      0.5000E-04 NODE          18  -0.0%   1634.       1.965       0.000       1636.       0.000       3.429       0.000    
   67500   3.375      0.5000E-04 NODE           1  -0.0%   1663.       1.986       0.000       1665.       0.000       3.429       0.000    
   67600   3.380      0.5000E-04 NODE          15  -0.0%   1693.       2.007       0.000       1695.       0.000       3.429       0.000    
   67700   3.385      0.5000E-04 NODE           8  -0.0%   1724.       2.027       0.000       1726.       0.000       3.429       0.000    
   67800   3.390      0.5000E-04 NODE          15  -0.0%   1756.       2.046       0.000       1758.       0.000       3.429       0.000    
   67900   3.395      0.5000E-04 NODE          15  -0.0%   1788.       2.065       0.000       1790.       0.000       3.429       0.000    
   68000   3.400      0.5000E-04 NODE           1  -0.0%   1820.       2.083       0.000       1822.       0.000       3.429       0.000    
   68100   3.405      0.5000E-04 NODE           1  -0.0%   1852.       2.100       0.000       1854.       0.000       3.429       0.000    
   68200   3.410      0.5000E-04 NODE          18  -0.0%   1883.       2.116       0.000       1886.       0.000       3.429       0.000    
   68300   3.415      0.5000E-04 NODE          15  -0.0%   1914.       2.131       0.000       1917.       0.000       3.429       0.000    
   68400   3.420      0.5000E-04 NODE          15  -0.0%   1945.       2.146       0.000       1947.       0.000       3.429       0.000    
   68500   3.425      0.5000E-04 NODE          18  -0.0%   1975.       2.159       0.000       1977.       0.000       3.429       0.000    
   68600   3.430      0.5000E-04 NODE          15  -0.0%   2004.       2.172       0.000       2007.       0.000       3.429       0.000    
   68700   3.435      0.5000E-04 NODE          15  -0.0%   2033.       2.184       0.000       2036.       0.000       3.429       0.000    
   68800   3.440      0.5000E-04 NODE          18  -0.0%   2062.       2.195       0.000       2064.       0.000       3.429       0.000    
   68900   3.445      0.5000E-04 NODE          15  -0.0%   2089.       2.206       0.000       2092.       0.000       3.429       0.000    
   69000   3.450      0.5000E-04 NODE          18  -0.0%   2117.       2.215       0.000       2119.       0.000       3.429       0.000    
   69100   3.455      0.5000E-04 NODE          18  -0.0%   2143.       2.223       0.000       2145.       0.000       3.429       0.000    
   69200   3.460      0.5000E-04 NODE          18  -0.0%   2169.       2.231       0.000       2171.       0.000       3.429       0.000    
   69300   3.465      0.5000E-04 NODE          18  -0.0%   2194.       2.238       0.000       2196.       0.000       3.429       0.000    
   69400   3.470      0.5000E-04 NODE          18  -0.0%   2218.       2.244       0.000       2221.       0.000       3.429       0.000    
   69500   3.475      0.5000E-04 NODE          18  -0.0%   2242.       2.249       0.000       2244.       0.000       3.429       0.000    
   69600   3.480      0.5000E-04 NODE          15  -0.0%   2265.       2.253       0.000       2267.       0.000       3.429       0.000    
   69700   3.485      0.5000E-04 NODE          18  -0.0%   2287.       2.256       0.000       2289.       0.000       3.429       0.000    
   69800   3.490      0.5000E-04 NODE          15  -0.0%   2309.       2.258       0.000       2311.       0.000       3.429       0.000    
   69900   3.495      0.5000E-04 NODE          15  -0.0%   2329.       2.259       0.000       2331.       0.000       3.429       0.000    
   CYCLE    TIME      TIME-STEP  ELEMENT          ERROR  I-ENERGY    K-ENERGY T  K-ENERGY R  EXT-WORK     MAS.ERR     TOTAL MASS  MASS ADDED
   70000   3.500      0.5000E-04 NODE          18   0.0%   2349.       2.260       0.000       2351.       0.000       3.429       0.000    
     ANIMATION FILE: I02D_PATCH_NONPROPORTIONAL_R5A026 WRITTEN
   70100   3.505      0.5000E-04 NODE          18   0.0%   2368.       2.259       0.000       2370.       0.000       3.429       0.000    
   70200   3.510      0.5000E-04 NODE           8   0.0%   2386.       2.258       0.000       2388.       0.000       3.429       0.000    
   70300   3.515      0.5000E-04 NODE          15   0.0%   2404.       2.256       0.000       2406.       0.000       3.429       0.000    
   70400   3.520      0.5000E-04 NODE          15   0.0%   2420.       2.253       0.000       2422.       0.000       3.429       0.000    
   70500   3.525      0.5000E-04 NODE          15   0.0%   2436.       2.249       0.000       2438.       0.000       3.429       0.000    
   70600   3.530      0.5000E-04 NODE          15   0.0%   2451.       2.244       0.000       2453.       0.000       3.429       0.000    
   70700   3.535      0.5000E-04 NODE          18   0.0%   2465.       2.238       0.000       2467.       0.000       3.429       0.000    
   70800   3.540      0.5000E-04 NODE          18   0.0%   2478.       2.231       0.000       2480.       0.000       3.429       0.000    
   70900   3.545      0.5000E-04 NODE          15   0.0%   2490.       2.223       0.000       2492.       0.000       3.429       0.000    
   71000   3.550      0.5000E-04 NODE           4   0.0%   2502.       2.215       0.000       2504.       0.000       3.429       0.000    
   71100   3.555      0.5000E-04 NODE           1   0.0%   2512.       2.206       0.000       2515.       0.000       3.429       0.000    
   71200   3.560      0.5000E-04 NODE           1   0.0%   2522.       2.195       0.000       2524.       0.000       3.429       0.000    
   71300   3.565      0.5000E-04 NODE           1   0.0%   2531.       2.184       0.000       2533.       0.000       3.429       0.000    
   71400   3.570      0.5000E-04 NODE          15   0.0%   2539.       2.172       0.000       2541.       0.000       3.429       0.000    
   71500   3.575      0.5000E-04 NODE          15   0.0%   2547.       2.159       0.000       2549.       0.000       3.429       0.000    
   71600   3.580      0.5000E-04 NODE          15   0.0%   2553.       2.146       0.000       2555.       0.000       3.429       0.000    
   71700   3.585      0.5000E-04 NODE          15   0.0%   2559.       2.131       0.000       2561.       0.000       3.429       0.000    
   71800   3.590      0.5000E-04 NODE          18   0.0%   2563.       2.116       0.000       2566.       0.000       3.429       0.000    
   71900   3.595      0.5000E-04 NODE          18   0.0%   2567.       2.100       0.000       2569.       0.000       3.429       0.000    
   72000   3.600      0.5000E-04 NODE          18   0.0%   2571.       2.083       0.000       2573.       0.000       3.429       0.000    
   72100   3.605      0.5000E-04 NODE          15   0.0%   2573.       2.065       0.000       2575.       0.000       3.429       0.000    
   72200   3.610      0.5000E-04 NODE          15   0.0%   2575.       2.046       0.000       2577.       0.000       3.429       0.000    
   72300   3.615      0.5000E-04 NODE          15   0.0%   2575.       2.027       0.000       2577.       0.000       3.429       0.000    
     FAILURE COHESIVE ELEMENT         25 INTEGRATION POINT 1, MIXED MODE STRAIN= 5.321536309E-01
     FAILURE COHESIVE ELEMENT         26 INTEGRATION POINT 1, MIXED MODE STRAIN= 5.321536309E-01
     FAILURE COHESIVE ELEMENT         27 INTEGRATION POINT 1, MIXED MODE STRAIN= 5.321536309E-01
     FAILURE COHESIVE ELEMENT         28 INTEGRATION POINT 1, MIXED MODE STRAIN= 5.321536309E-01
     FAILURE COHESIVE ELEMENT         29 INTEGRATION POINT 1, MIXED MODE STRAIN= 5.321536309E-01
     FAILURE COHESIVE ELEMENT         30 INTEGRATION POINT 1, MIXED MODE STRAIN= 5.321536309E-01
     FAILURE COHESIVE ELEMENT         31 INTEGRATION POINT 1, MIXED MODE STRAIN= 5.321536309E-01
     FAILURE COHESIVE ELEMENT         32 INTEGRATION POINT 1, MIXED MODE STRAIN= 5.321536309E-01
     FAILURE COHESIVE ELEMENT         33 INTEGRATION POINT 1, MIXED MODE STRAIN= 5.321536309E-01
     FAILURE COHESIVE ELEMENT         34 INTEGRATION POINT 1, MIXED MODE STRAIN= 5.321536309E-01
     FAILURE COHESIVE ELEMENT         35 INTEGRATION POINT 1, MIXED MODE STRAIN= 5.321536309E-01
     FAILURE COHESIVE ELEMENT         36 INTEGRATION POINT 1, MIXED MODE STRAIN= 5.321536309E-01
     FAILURE COHESIVE ELEMENT         25 INTEGRATION POINT 2, MIXED MODE STRAIN= 5.321536309E-01
     FAILURE COHESIVE ELEMENT         26 INTEGRATION POINT 2, MIXED MODE STRAIN= 5.321536309E-01
     FAILURE COHESIVE ELEMENT         27 INTEGRATION POINT 2, MIXED MODE STRAIN= 5.321536309E-01
     FAILURE COHESIVE ELEMENT         28 INTEGRATION POINT 2, MIXED MODE STRAIN= 5.321536309E-01
     FAILURE COHESIVE ELEMENT         29 INTEGRATION POINT 2, MIXED MODE STRAIN= 5.321536309E-01
     FAILURE COHESIVE ELEMENT         30 INTEGRATION POINT 2, MIXED MODE STRAIN= 5.321536309E-01
     FAILURE COHESIVE ELEMENT         31 INTEGRATION POINT 2, MIXED MODE STRAIN= 5.321536309E-01
     FAILURE COHESIVE ELEMENT         32 INTEGRATION POINT 2, MIXED MODE STRAIN= 5.321536309E-01
     FAILURE COHESIVE ELEMENT         33 INTEGRATION POINT 2, MIXED MODE STRAIN= 5.321536309E-01
     FAILURE COHESIVE ELEMENT         34 INTEGRATION POINT 2, MIXED MODE STRAIN= 5.321536309E-01
     FAILURE COHESIVE ELEMENT         35 INTEGRATION POINT 2, MIXED MODE STRAIN= 5.321536309E-01
     FAILURE COHESIVE ELEMENT         36 INTEGRATION POINT 2, MIXED MODE STRAIN= 5.321536309E-01
     FAILURE COHESIVE ELEMENT         25 INTEGRATION POINT 3, MIXED MODE STRAIN= 5.321536309E-01
     FAILURE COHESIVE ELEMENT         26 INTEGRATION POINT 3, MIXED MODE STRAIN= 5.321536309E-01
     FAILURE COHESIVE ELEMENT         27 INTEGRATION POINT 3, MIXED MODE STRAIN= 5.321536309E-01
     FAILURE COHESIVE ELEMENT         28 INTEGRATION POINT 3, MIXED MODE STRAIN= 5.321536309E-01
     FAILURE COHESIVE ELEMENT         29 INTEGRATION POINT 3, MIXED MODE STRAIN= 5.321536309E-01
     FAILURE COHESIVE ELEMENT         30 INTEGRATION POINT 3, MIXED MODE STRAIN= 5.321536309E-01
     FAILURE COHESIVE ELEMENT         31 INTEGRATION POINT 3, MIXED MODE STRAIN= 5.321536309E-01
     FAILURE COHESIVE ELEMENT         32 INTEGRATION POINT 3, MIXED MODE STRAIN= 5.321536309E-01
     FAILURE COHESIVE ELEMENT         33 INTEGRATION POINT 3, MIXED MODE STRAIN= 5.321536309E-01
     FAILURE COHESIVE ELEMENT         34 INTEGRATION POINT 3, MIXED MODE STRAIN= 5.321536309E-01
     FAILURE COHESIVE ELEMENT         35 INTEGRATION POINT 3, MIXED MODE STRAIN= 5.321536309E-01
     FAILURE COHESIVE ELEMENT         36 INTEGRATION POINT 3, MIXED MODE STRAIN= 5.321536309E-01
     FAILURE COHESIVE ELEMENT         25 INTEGRATION POINT 4, MIXED MODE STRAIN= 5.321536309E-01
     FAILURE COHESIVE ELEMENT         26 INTEGRATION POINT 4, MIXED MODE STRAIN= 5.321536309E-01
     FAILURE COHESIVE ELEMENT         27 INTEGRATION POINT 4, MIXED MODE STRAIN= 5.321536309E-01
     FAILURE COHESIVE ELEMENT         28 INTEGRATION POINT 4, MIXED MODE STRAIN= 5.321536309E-01
     FAILURE COHESIVE ELEMENT         29 INTEGRATION POINT 4, MIXED MODE STRAIN= 5.321536309E-01
     FAILURE COHESIVE ELEMENT         30 INTEGRATION POINT 4, MIXED MODE STRAIN= 5.321536309E-01
     FAILURE COHESIVE ELEMENT         31 INTEGRATION POINT 4, MIXED MODE STRAIN= 5.321536309E-01
     FAILURE COHESIVE ELEMENT         32 INTEGRATION POINT 4, MIXED MODE STRAIN= 5.321536309E-01
     FAILURE COHESIVE ELEMENT         33 INTEGRATION POINT 4, MIXED MODE STRAIN= 5.321536309E-01
     FAILURE COHESIVE ELEMENT         34 INTEGRATION POINT 4, MIXED MODE STRAIN= 5.321536309E-01
     FAILURE COHESIVE ELEMENT         35 INTEGRATION POINT 4, MIXED MODE STRAIN= 5.321536309E-01
     FAILURE COHESIVE ELEMENT         36 INTEGRATION POINT 4, MIXED MODE STRAIN= 5.321536309E-01
      DELETE CONNECTION SOLID ELEMENT         25
      DELETE CONNECTION SOLID ELEMENT         26
      DELETE CONNECTION SOLID ELEMENT         27
      DELETE CONNECTION SOLID ELEMENT         28
      DELETE CONNECTION SOLID ELEMENT         29
      DELETE CONNECTION SOLID ELEMENT         30
      DELETE CONNECTION SOLID ELEMENT         31
      DELETE CONNECTION SOLID ELEMENT         32
      DELETE CONNECTION SOLID ELEMENT         33
      DELETE CONNECTION SOLID ELEMENT         34
      DELETE CONNECTION SOLID ELEMENT         35
      DELETE CONNECTION SOLID ELEMENT         36
   72400   3.620      0.5000E-04 NODE          42  -0.0%   2575.       2.007       0.000       2577.       0.000       3.429       0.000    
   72500   3.625      0.5000E-04 NODE          42  -0.0%   2575.       1.986       0.000       2577.       0.000       3.429       0.000    
   72600   3.630      0.5000E-04 NODE          36  -0.0%   2575.       1.965       0.000       2577.       0.000       3.429       0.000    
   72700   3.635      0.5000E-04 NODE          36  -0.0%   2575.       1.942       0.000       2577.       0.000       3.429       0.000    
   72800   3.640      0.5000E-04 NODE          36  -0.0%   2575.       1.919       0.000       2577.       0.000       3.429       0.000    
     ANIMATION FILE: I02D_PATCH_NONPROPORTIONAL_R5A027 WRITTEN
   72900   3.645      0.5000E-04 NODE          42  -0.0%   2575.       1.896       0.000       2577.       0.000       3.429       0.000    
   73000   3.650      0.5000E-04 NODE          42  -0.0%   2575.       1.871       0.000       2577.       0.000       3.429       0.000    
   73100   3.655      0.5000E-04 NODE          36  -0.0%   2575.       1.846       0.000       2577.       0.000       3.429       0.000    
   73200   3.660      0.5000E-04 NODE          25  -0.0%   2575.       1.821       0.000       2577.       0.000       3.429       0.000    
   73300   3.665      0.5000E-04 NODE          29  -0.0%   2575.       1.795       0.000       2577.       0.000       3.429       0.000    
   73400   3.670      0.5000E-04 NODE          42  -0.0%   2575.       1.768       0.000       2577.       0.000       3.429       0.000    
   73500   3.675      0.5000E-04 NODE          32  -0.0%   2575.       1.740       0.000       2577.       0.000       3.429       0.000    
   73600   3.680      0.5000E-04 NODE          36  -0.0%   2575.       1.712       0.000       2577.       0.000       3.429       0.000    
   73700   3.685      0.5000E-04 NODE          36  -0.0%   2575.       1.684       0.000       2577.       0.000       3.429       0.000    
   73800   3.690      0.5000E-04 NODE          36  -0.0%   2575.       1.654       0.000       2577.       0.000       3.429       0.000    
   73900   3.695      0.5000E-04 NODE          32  -0.0%   2575.       1.625       0.000       2577.       0.000       3.429       0.000    
   74000   3.700      0.5000E-04 NODE          36  -0.0%   2575.       1.595       0.000       2577.       0.000       3.429       0.000    
   74100   3.705      0.5000E-04 NODE          36  -0.0%   2575.       1.564       0.000       2577.       0.000       3.429       0.000    
   74200   3.710      0.5000E-04 NODE          36  -0.0%   2575.       1.533       0.000       2577.       0.000       3.429       0.000    
   74300   3.715      0.5000E-04 NODE          36  -0.0%   2575.       1.501       0.000       2577.       0.000       3.429       0.000    
   74400   3.720      0.5000E-04 NODE          42  -0.0%   2575.       1.470       0.000       2577.       0.000       3.429       0.000    
   74500   3.725      0.5000E-04 NODE          36  -0.0%   2575.       1.437       0.000       2577.       0.000       3.429       0.000    
   74600   3.730      0.5000E-04 NODE          36  -0.0%   2575.       1.405       0.000       2577.       0.000       3.429       0.000    
   74700   3.735      0.5000E-04 NODE          36  -0.0%   2575.       1.372       0.000       2577.       0.000       3.429       0.000    
   74800   3.740      0.5000E-04 NODE          36  -0.0%   2575.       1.339       0.000       2577.       0.000       3.429       0.000    
   74900   3.745      0.5000E-04 NODE          36  -0.0%   2575.       1.305       0.000       2577.       0.000       3.429       0.000    
   75000   3.750      0.5000E-04 NODE          39  -0.0%   2575.       1.271       0.000       2577.       0.000       3.429       0.000    
   75100   3.755      0.5000E-04 NODE          36  -0.0%   2575.       1.237       0.000       2577.       0.000       3.429       0.000    
   75200   3.760      0.5000E-04 NODE          36  -0.0%   2575.       1.203       0.000       2577.       0.000       3.429       0.000    
   75300   3.765      0.5000E-04 NODE          36  -0.0%   2575.       1.169       0.000       2577.       0.000       3.429       0.000    
   75400   3.770      0.5000E-04 NODE          36  -0.0%   2575.       1.134       0.000       2577.       0.000       3.429       0.000    
   75500   3.775      0.5000E-04 NODE          36  -0.0%   2575.       1.099       0.000       2577.       0.000       3.429       0.000    
   75600   3.780      0.5000E-04 NODE          36  -0.0%   2575.       1.065       0.000       2576.       0.000       3.429       0.000    
     ANIMATION FILE: I02D_PATCH_NONPROPORTIONAL_R5A028 WRITTEN
   75700   3.785      0.5000E-04 NODE          32  -0.0%   2575.       1.030       0.000       2576.       0.000       3.429       0.000    
   75800   3.790      0.5000E-04 NODE          36  -0.0%   2575.      0.9952       0.000       2576.       0.000       3.429       0.000    
   75900   3.795      0.5000E-04 NODE          36  -0.0%   2575.      0.9604       0.000       2576.       0.000       3.429       0.000    
   76000   3.800      0.5000E-04 NODE          36  -0.0%   2575.      0.9257       0.000       2576.       0.000       3.429       0.000    
   76100   3.805      0.5000E-04 NODE          36  -0.0%   2575.      0.8910       0.000       2576.       0.000       3.429       0.000    
   76200   3.810      0.5000E-04 NODE          36  -0.0%   2575.      0.8564       0.000       2576.       0.000       3.429       0.000    
   76300   3.815      0.5000E-04 NODE          22  -0.0%   2575.      0.8220       0.000       2576.       0.000       3.429       0.000    
   76400   3.820      0.5000E-04 NODE          22  -0.0%   2575.      0.7878       0.000       2576.       0.000       3.429       0.000    
   76500   3.825      0.5000E-04 NODE          22  -0.0%   2575.      0.7537       0.000       2576.       0.000       3.429       0.000    
   76600   3.830      0.5000E-04 NODE          36  -0.0%   2575.      0.7199       0.000       2576.       0.000       3.429       0.000    
   76700   3.835      0.5000E-04 NODE          36  -0.0%   2575.      0.6864       0.000       2576.       0.000       3.429       0.000    
   76800   3.840      0.5000E-04 NODE          22  -0.0%   2575.      0.6532       0.000       2576.       0.000       3.429       0.000    
   76900   3.845      0.5000E-04 NODE          32  -0.0%   2575.      0.6203       0.000       2576.       0.000       3.429       0.000    
   77000   3.850      0.5000E-04 NODE          32  -0.0%   2575.      0.5878       0.000       2576.       0.000       3.429       0.000    
   77100   3.855      0.5000E-04 NODE          22  -0.0%   2575.      0.5558       0.000       2576.       0.000       3.429       0.000    
   77200   3.860      0.5000E-04 NODE          22  -0.0%   2575.      0.5242       0.000       2576.       0.000       3.429       0.000    
   77300   3.865      0.5000E-04 NODE          22  -0.0%   2575.      0.4931       0.000       2576.       0.000       3.429       0.000    
   77400   3.870      0.5000E-04 NODE          22  -0.0%   2575.      0.4625       0.000       2576.       0.000       3.429       0.000    
   77500   3.875      0.5000E-04 NODE          25  -0.0%   2575.      0.4326       0.000       2576.       0.000       3.429       0.000    
   77600   3.880      0.5000E-04 NODE          22  -0.0%   2575.      0.4032       0.000       2576.       0.000       3.429       0.000    
   77700   3.885      0.5000E-04 NODE          22  -0.0%   2575.      0.3745       0.000       2576.       0.000       3.429       0.000    
   77800   3.890      0.5000E-04 NODE          22  -0.0%   2575.      0.3466       0.000       2576.       0.000       3.429       0.000    
   77900   3.895      0.5000E-04 NODE          22  -0.0%   2575.      0.3193       0.000       2576.       0.000       3.429       0.000    
   78000   3.900      0.5000E-04 NODE          22  -0.0%   2575.      0.2929       0.000       2576.       0.000       3.429       0.000    
   78100   3.905      0.5000E-04 NODE          22  -0.0%   2575.      0.2673       0.000       2576.       0.000       3.429       0.000    
   78200   3.910      0.5000E-04 NODE          28  -0.0%   2575.      0.2425       0.000       2576.       0.000       3.429       0.000    
   78300   3.915      0.5000E-04 NODE          22  -0.0%   2575.      0.2187       0.000       2576.       0.000       3.429       0.000    
   78400   3.920      0.5000E-04 NODE          22  -0.0%   2575.      0.1959       0.000       2576.       0.000       3.429       0.000    
     ANIMATION FILE: I02D_PATCH_NONPROPORTIONAL_R5A029 WRITTEN
   78500   3.925      0.5000E-04 NODE          25  -0.0%   2575.      0.1740       0.000       2576.       0.000       3.429       0.000    
   78600   3.930      0.5000E-04 NODE          28  -0.0%   2575.      0.1532       0.000       2576.       0.000       3.429       0.000    
   78700   3.935      0.5000E-04 NODE          28  -0.0%   2575.      0.1336       0.000       2576.       0.000       3.429       0.000    
   78800   3.940      0.5000E-04 NODE          28  -0.0%   2575.      0.1150       0.000       2576.       0.000       3.429       0.000    
   78900   3.945      0.5000E-04 NODE          28  -0.0%   2575.      0.9768E-01   0.000       2576.       0.000       3.429       0.000    
   79000   3.950      0.5000E-04 NODE          22  -0.0%   2575.      0.8158E-01   0.000       2575.       0.000       3.429       0.000    
   79100   3.955      0.5000E-04 NODE          22  -0.0%   2575.      0.6678E-01   0.000       2575.       0.000       3.429       0.000    
   79200   3.960      0.5000E-04 NODE          22  -0.0%   2575.      0.5332E-01   0.000       2575.       0.000       3.429       0.000    
   79300   3.965      0.5000E-04 NODE          22  -0.0%   2575.      0.4125E-01   0.000       2575.       0.000       3.429       0.000    
   79400   3.970      0.5000E-04 NODE          22  -0.0%   2575.      0.3062E-01   0.000       2575.       0.000       3.429       0.000    
   79500   3.975      0.5000E-04 NODE          25  -0.0%   2575.      0.2148E-01   0.000       2575.       0.000       3.429       0.000    
   79600   3.980      0.5000E-04 NODE          22  -0.0%   2575.      0.1389E-01   0.000       2575.       0.000       3.429       0.000    
   79700   3.985      0.5000E-04 NODE          22  -0.0%   2575.      0.7893E-02   0.000       2575.       0.000       3.429       0.000    
   79800   3.990      0.5000E-04 NODE          22  -0.0%   2575.      0.3544E-02   0.000       2575.       0.000       3.429       0.000    
   79900   3.995      0.5000E-04 NODE          25  -0.0%   2575.      0.8949E-03   0.000       2575.       0.000       3.429       0.000    
   CYCLE    TIME      TIME-STEP  ELEMENT          ERROR  I-ENERGY    K-ENERGY T  K-ENERGY R  EXT-WORK     MAS.ERR     TOTAL MASS  MASS ADDED
   80000   4.000      0.5000E-04 NODE          22  -0.0%   2575.      0.5646E-06   0.000       2575.       0.000       3.429       0.000    
   80100   4.005      0.5000E-04 NODE          22  -0.0%   2575.       0.000       0.000       2575.       0.000       3.429       0.000    
   80200   4.010      0.5000E-04 NODE          22  -0.0%   2575.       0.000       0.000       2575.       0.000       3.429       0.000    
   80300   4.015      0.5000E-04 NODE          22  -0.0%   2575.       0.000       0.000       2575.       0.000       3.429       0.000    
   80400   4.020      0.5000E-04 NODE          22  -0.0%   2575.       0.000       0.000       2575.       0.000       3.429       0.000    
   80500   4.025      0.5000E-04 NODE          22  -0.0%   2575.       0.000       0.000       2575.       0.000       3.429       0.000    
   80600   4.030      0.5000E-04 NODE          22  -0.0%   2575.       0.000       0.000       2575.       0.000       3.429       0.000    
   80700   4.035      0.5000E-04 NODE          22  -0.0%   2575.       0.000       0.000       2575.       0.000       3.429       0.000    
   80800   4.040      0.5000E-04 NODE          22  -0.0%   2575.       0.000       0.000       2575.       0.000       3.429       0.000    
   80900   4.045      0.5000E-04 NODE          22  -0.0%   2575.       0.000       0.000       2575.       0.000       3.429       0.000    
   81000   4.050      0.5000E-04 NODE          22  -0.0%   2575.       0.000       0.000       2575.       0.000       3.429       0.000    
   81100   4.055      0.5000E-04 NODE          22  -0.0%   2575.       0.000       0.000       2575.       0.000       3.429       0.000    
   81200   4.060      0.5000E-04 NODE          22  -0.0%   2575.       0.000       0.000       2575.       0.000       3.429       0.000    
     ANIMATION FILE: I02D_PATCH_NONPROPORTIONAL_R5A030 WRITTEN
   81300   4.065      0.5000E-04 NODE          22  -0.0%   2575.       0.000       0.000       2575.       0.000       3.429       0.000    
   81400   4.070      0.5000E-04 NODE          22  -0.0%   2575.       0.000       0.000       2575.       0.000       3.429       0.000    
   81500   4.075      0.5000E-04 NODE          22  -0.0%   2575.       0.000       0.000       2575.       0.000       3.429       0.000    
   81600   4.080      0.5000E-04 NODE          22  -0.0%   2575.       0.000       0.000       2575.       0.000       3.429       0.000    
   81700   4.085      0.5000E-04 NODE          22  -0.0%   2575.       0.000       0.000       2575.       0.000       3.429       0.000    
   81800   4.090      0.5000E-04 NODE          22  -0.0%   2575.       0.000       0.000       2575.       0.000       3.429       0.000    
   81900   4.095      0.5000E-04 NODE          22  -0.0%   2575.       0.000       0.000       2575.       0.000       3.429       0.000    
   82000   4.100      0.5000E-04 NODE          22  -0.0%   2575.       0.000       0.000       2575.       0.000       3.429       0.000    
   82100   4.105      0.5000E-04 NODE          22  -0.0%   2575.       0.000       0.000       2575.       0.000       3.429       0.000    
   82200   4.110      0.5000E-04 NODE          22  -0.0%   2575.       0.000       0.000       2575.       0.000       3.429       0.000    
   82300   4.115      0.5000E-04 NODE          22  -0.0%   2575.       0.000       0.000       2575.       0.000       3.429       0.000    
   82400   4.120      0.5000E-04 NODE          22  -0.0%   2575.       0.000       0.000       2575.       0.000       3.429       0.000    
   82500   4.125      0.5000E-04 NODE          22  -0.0%   2575.       0.000       0.000       2575.       0.000       3.429       0.000    
   82600   4.130      0.5000E-04 NODE          22  -0.0%   2575.       0.000       0.000       2575.       0.000       3.429       0.000    
   82700   4.135      0.5000E-04 NODE          22  -0.0%   2575.       0.000       0.000       2575.       0.000       3.429       0.000    
   82800   4.140      0.5000E-04 NODE          22  -0.0%   2575.       0.000       0.000       2575.       0.000       3.429       0.000    
   82900   4.145      0.5000E-04 NODE          22  -0.0%   2575.       0.000       0.000       2575.       0.000       3.429       0.000    
   83000   4.150      0.5000E-04 NODE          22  -0.0%   2575.       0.000       0.000       2575.       0.000       3.429       0.000    
   83100   4.155      0.5000E-04 NODE          22  -0.0%   2575.       0.000       0.000       2575.       0.000       3.429       0.000    
   83200   4.160      0.5000E-04 NODE          22  -0.0%   2575.       0.000       0.000       2575.       0.000       3.429       0.000    
   83300   4.165      0.5000E-04 NODE          22  -0.0%   2575.       0.000       0.000       2575.       0.000       3.429       0.000    
   83400   4.170      0.5000E-04 NODE          22  -0.0%   2575.       0.000       0.000       2575.       0.000       3.429       0.000    
   83500   4.175      0.5000E-04 NODE          22  -0.0%   2575.       0.000       0.000       2575.       0.000       3.429       0.000    
   83600   4.180      0.5000E-04 NODE          22  -0.0%   2575.       0.000       0.000       2575.       0.000       3.429       0.000    
   83700   4.185      0.5000E-04 NODE          22  -0.0%   2575.       0.000       0.000       2575.       0.000       3.429       0.000    
   83800   4.190      0.5000E-04 NODE          22  -0.0%   2575.       0.000       0.000       2575.       0.000       3.429       0.000    
   83900   4.195      0.5000E-04 NODE          22  -0.0%   2575.       0.000       0.000       2575.       0.000       3.429       0.000    
   84000   4.200      0.5000E-04 NODE          22  -0.0%   2575.       0.000       0.000       2575.       0.000       3.429       0.000    

     RESTART FILES: I02D_PATCH_NONPROPORTIONAL_R5_0001_[0001-0001].rst WRITTEN
     -------------

     ANIMATION FILE: I02D_PATCH_NONPROPORTIONAL_R5A031 WRITTEN
  
                           ** CPU USER TIME **
  
  
                        ** SUMMARY **
  
 #PROC  ELEMENT   KINCOND   INTEG     IO        T0        ASM       RESOL    
   1   .2625E+01 .4688E+00 .4531E+00 .4125E+01 .1453E+01 .2500E+00 .1097E+02
  
 
                   ** CUMULATIVE CPU TIME SUMMARY **
  
 CONTACT SORTING.............: .0000E+00     0.00 % 
 CONTACT FORCES..............: .6250E-01     0.57 % 
 ELEMENT FORCES..............: .2625E+01    23.93 % 
 KINEMATIC COND..............: .4688E+00     4.27 % 
 INTEGRATION.................: .4531E+00     4.13 % 
 ASSEMBLING..................: .2500E+00     2.28 % 
 OTHERS (including I/O)......: .7109E+01    64.81 % 
 TOTAL.......................: .1097E+02   100.00 % 
  
  
                           ** ELAPSED TIME **
  
  
                        ** SUMMARY **
  
 #PROC  ELEMENT   KINCOND   INTEG     IO        T0        ASM       RESOL    
   1   .2858E+01 .6265E+00 .3499E+00 .4179E+01 .1193E+01 .2686E+00 .1100E+02
  
                   ** MEMORY USAGE STATISTICS **
  
 TOTAL MEMORY USED .........................:       52 MB
 MAXIMUM MEMORY PER PROCESSOR...............:       52 MB
 MINIMUM MEMORY PER PROCESSOR...............:       52 MB
 AVERAGE MEMORY PER PROCESSOR...............:       52 MB
  
                   ** DISK USAGE STATISTICS **
  
 TOTAL DISK SPACE USED .....................:          7 MB
 ANIMATION/H3D/TH/OUTP SIZE ................:          6 MB
 RESTART FILE SIZE .........................:          0 MB
  
                   ** COMPUTE TIME INFORMATION **
                        ** CURRENT ENGINE **
  
 EXECUTION STARTED .........................:      2026/09/13  20:07:23
 EXECUTION COMPLETED .......................:      2026/09/13  20:07:34
  
 ELAPSED TIME     =         11.04 s
                          0:00:11



     NORMAL TERMINATION      



     TOTAL NUMBER OF CYCLES  :   84002

  
                   ** COMPUTE RUNTIME INFORMATION SUMMARY **
  
        STARTER RUNTIME =          0.74s (00:00:00)
 # 001   ENGINE RUNTIME =         11.04s (00:00:11)
 ------------------------------ 
 STARTER+ENGINE RUNTIME =         11.77s (00:00:11)
  
