 A19_CORE_FINITE_R02_0000.out
************************************************************************
**                                                                    **
**                                                                    **
**                        OpenRadioss Starter                         **
**                                                                    **
**            Non-linear Finite Element Analysis Software             **
**                                                                    **
**                                                                    **
**                                                                    **
**                  Windows 64 bits, Intel compiler                   **
**                      Double Precision Version                      **
**                                                                    **
**                                                                    **
**                                                                    **
************************************************************************
** OpenRadioss Software                                               **
** COPYRIGHT (C) 2026 Siemens                                         **
** Licensed under GNU Affero General Public License.                  **
** See License file.                                                  **
************************************************************************
 
  
 COMPUTATION HARDWARE DESCRIPTION
  
 HOSTNAME     CPU TYPE, FREQUENCY AND MEMORY
 jeux   AMD Ryzen 5 5600 6-Core Processor               (x86_64), 3700 MHz,   5989 MB RAM,  18985 MB swap
  
 STACKSIZE  . . . . . . . . . . . . . . . . . . . . 1430 MB
 THREAD STACKSIZE . . . . . . . . . . . . . . . . . 400 MB
 
************************************************************************


************************************************************************
* INPUT READING PROCESS
************************************************************************

 -NO SYNTAX ERROR DETECTED DURING INPUT READING PROCESS




************************************************************************



    UNIT SYSTEMS DEFINITION     
    -----------------------     

                                                          MASS                LENGTH              TIME
    WORK UNIT SYSTEM . . . . . . ( g  , mm , ms  ) 1.0000000000000E-03 1.0000000000000E-03 1.0000000000000E-03
    INPUT UNIT SYSTEM  . . . . . ( g  , mm , ms  ) 1.0000000000000E-03 1.0000000000000E-03 1.0000000000000E-03
A19_CORE_FINITE_R02


    CONTROL  PARAMETERS                                                                  
    -------------------                                                                  

    IPRI  : PRINTOUT FLAG . . . . . . . . . . . . . . . .         0
    INVERS: MANUAL VERSION OF THIS INPUT DECK . . . . . .      2026
    NSUBS:   NUMBER OF SUBSETS. . . . . . . . . . . . . .         1
    NPART:   NUMBER OF PARTS. . . . . . . . . . . . . . .         1
    NUMMAT: NUMBER OF MATERIALS . . . . . . . . . . . . .         1
    NUMGEO: NUMBER OF PROPERTY SETS . . . . . . . . . . .         2
    NUMNOD: NUMBER OF NODAL POINTS. . . . . . . . . . . .         3
    NUMSKW: NUMBER OF SKEW REFERENCE FRAMES . . . . . . .         0
    NUMBCS: NUMBER OF BOUNDARY CONDITIONS . . . . . . . .         1
    NUMFRAM: NUMBER OF REFERENCE FRAMES . . . . . . . . .         0
    NUMELQ: NUMBER OF 2D QUAD ELEMENTS. . . . . . . . . .         0
    NUMELT3 : NUMBER OF 2D TRIA ELEMENTS. . . . . . . . .         0
    NUMELS: NUMBER OF 3D SOLID ELEMENTS . . . . . . . . .         0
    NUMELC: NUMBER OF 3D SHELL ELEMENTS (4-NODES) . . . .         1
    NUMELT: NUMBER OF 3D TRUSS ELEMENTS . . . . . . . . .         0
    NUMELP: NUMBER OF 3D BEAM  ELEMENTS . . . . . . . . .         0
    NUMELR: NUMBER OF 3D SPRING ELEMENTS. . . . . . . . .         0
    NUMELTG: NUMBER OF 3D SHELL ELEMENTS (3-NODES). . . .         0
    NUMELX: NUMBER OF MULTIPURPOSE ELEMENTS . . . . . . .         0
    NUMELIG3D: NUMBER OF ISO-GEOMETRIC ELEMENTS . . . . .         0
    NUMSPH : NUMBER OF SMOOTH PARTICLES (SPH CELLS) . . .         0
    NSPHBCS: NUMBER OF SPH SYMMETRY CONDITIONS. . . . . .         0
    NSPHIO : NUMBER OF SPH INLET/OUTLET CONDITIONS. . . .         0

    NFUNCT: NUMBER OF USER'S FUNCTIONS . . . . . . . . .          1
    NGRAV:  NUMBER OF GRAVITY LOADS . . . . . . . . . . .         0
    NFUNC2D:  NUMBER OF USER 2D FUNCTIONS . . . . . . . .         0
    NINIGRV:NUMBER OF INITIAL GRAVITY LOADS . . . . . . .         0
    NCONLD: NUMBER OF CONCENTRATED LOADS. . . . . . . . .         0
    NINVEL: NUMBER OF INITIAL VELOCITIES. . . . . . . . .         0
    NPRELD: NUMBER OF PRESSURE LOADS. . . . . . . . . . .         0
    NINIMAP1D: NUMBER OF INITIAL 1D MAPPING.. . . . . . .         0
    NINIMAP2D: NUMBER OF INITIAL 2D MAPPING.. . . . . . .         0
    NUMBER OF ACCELEROMETERS. . . . . . . . . . . . . . .         0
    NUMBER OF SENSORS . . . . . . . . . . . . . . . . . .         0
    NUMBER OF GAUGES. . . . . . . . . . . . . . . . . . .         0
    NINTER: NUMBER OF INTERFACES. . . . . . . . . . . . .         0
    NRWALL: NUMBER OF RIGID WALLS . . . . . . . . . . . .         0
    NRBODY: NUMBER OF RIGID BODIES. . . . . . . . . . . .         0
    NFXBODY: NUMBER OF FLEXIBLE BODIES. . . . . . . . . .         0
    NCONX : NUMBER OF RIGID LINKS TO MADYMO BODIES. . . .         0
    NODMAS: NUMBER OF ADDED NODAL MASSES. . . . . . . . .         0
    NIMPDISP: NUMBER OF IMPOSED DISPLACEMENTS . . . . . .         1
    NIMPVEL: NUMBER OF IMPOSED VELOCITIES . . . . . . . .         0
    NIMPACC: NUMBER OF IMPOSED ACCELERATIONS . . . . . .          0
    NRIVET: NUMBER OF RIVETS OR SPOT WELDS. . . . . . . .         0
    NSECT : NUMBER OF SECTIONS SAVED (TIME HISTORY PLOTS)         0
    NJOINT: NUMBER OF JOINTS. . . . . . . . . . . . . . .         0
    NACTIV: NUMBER OF ELEMENT DEACTIVATION GROUPS . . . .         0
    NDAMP:  NUMBER OF RAYLEIGH DAMPING GROUPS . . . . . .         0
    NGJOINT: NUMBER OF GEAR TYPE JOINTS . . . . . . . . .         0
    NUMMPC: NUMBER OF MULTI-POINT CONSTRAINTS . . . . . .         0
    NR2RLNK: NUMBER OF EXTERNAL COUPLING LINKS . . . . .          0
    NSUBDOM: NUMBER OF SUBDOMAINS . . . . . .. . . . . .          0
    NVOLU:  NUMBER OF MONITORED VOLUMES . . . . . . . . .         0
    NEIG:   NUMBER OF EIGEN AND STATIC MODES PROBLEMS . .         0
    NBEM:   NUMBER OF BEM SOLVED PROBLEMS . . . . . . . .         0
    NRBE2:  NUMBER OF RBE2 RIGID ELEMENTS . . . . . . . .         0
    NRBE3:  NUMBER OF RBE3 CONSTRAINT ELEMENTS  . . . . .         0
    INITIAL STRESS FILE =
                                          FLAG ISIGI. . .         0


    N2D3D : ANALYSIS TYPE: 0=3D,1=AXISYM,2=PLANE STRAIN .         0


    ANALYSIS OPTIONS
    ----------------

    INTEG8 : 8 GAUSS POINT CONDENSED INTEGRATION . . . . .         0
    IPARITH: PARALLEL ARITHMETIC FLAG (2 OFF, 1 0N). . . .         1
    IUSERW : GENERAL USER WINDOW FLAG. . . . . . . . . . .         0
    ISOLID : DEFAULT BRICK FORMULATION FLAG. . . . . . . .         1
    ITET4  : DEFAULT TETRA4 FORMULATION FLAG . . . . . . .         0
    ITET10 : DEFAULT TETRA10 FORMULATION FLAG. . . . . . .      1000
    ISMSTR : DEFAULT BRICK SMALL STRAIN FLAG . . . . . . .         0
    ICPRE  : DEFAULT SOLID CONSTANT PRESSURE FLAG. . . . .         0
    ISHELL : DEFAULT SHELL FORMULATION FLAG. . . . . . . .         1
    ISST   : DEFAULT SHELL SMALL STRAIN FLAG . . . . . . .         0
    ITHK   : DEFAULT SHELL THICKNESS VARIATION FLAG. . . .         0
    IPLA   : DEFAULT PLANE STRESS PLASTICITY FLAG. . . . .         0
    ISTR   : DEFAULT SHELL STRAIN COMPUTATION FLAG . . . .         1
    ISHEA  : DEFAULT SHELL SHEAR COMPUTATION FLAG. . . . .         0
    INSH   : SHELL INERTIA FLAG. . . . . . . . . . . . . .         0
    ISH3N  : DEFAULT 3 NODE SHELL FORMULATION FLAG . . . .         2
    NPTS   : SHELL PROPERTIES DEFAULT NUMBER OF           
             INTEGRATION POINTS OR LAYERS. . . . . . . . .        -1
    IFRAME : DEFAULT SOLID FRAME FORMULATION FLAG . . . .          1
    IOFFSET: DEFAULT SHELL OFFSET FLAG. . . . . . . . . .          0
    ICONTROL:DEFAULT SOLID DISTORTION CONTROL FLAG. . . .          0
    ISHFRAM: LOCAL SHELL FRAME DEFINITION. . . . . . . . .         0


    LAGRANGE MULTIPLIER OPTIONS
    ---------------------------
    LAGM_TOL:CONVERGENCE CRITERION. . . . . . . . . . . . 1.0000000000000E-11


    NODAL MASS DISTRIBUTION FLAG . . . . . . . . .         0


    SPEED PARAMETERS  
    ----------------  

    STARTER RUNNING ON. . . . . . . . . . . . . . . . . .         2 THREADS             
    NUMBER OF SPMD DOMAINS. . . . . . . . . . . . . . . .         1
    NUMBER OF THREADS PER DOMAIN. . . . . . . . . . . . .         2
    ARCHITECTURE OPTIMIZATION . . . . . . . . . . . . . .        22, win64               
    SIZE OF ELEMENT BUFFER. . . . . . . . . . . . . . . .       128
 
     INFO : OMP_NUM_THREADS SET, DEFAULT SETTING IGNORED
  


    LOAD CURVES
    -----------
    NUMBER OF LOAD CURVES. . . . . . . . =         1


    LOAD CURVE ID . . . . . . . . . . . =        90

    X                     Y               
     0.000000000000        0.000000000000    
    1.0000000000000E-04   7.1980800000000E-09
    2.0000000000000E-04   2.8784640000000E-08
    3.0000000000000E-04   6.4748160000000E-08
    4.0000000000000E-04   1.1507712000000E-07
    5.0000000000000E-04   1.7976000000000E-07
    6.0000000000000E-04   2.5878528000000E-07
    7.0000000000000E-04   3.5214144000000E-07
    8.0000000000000E-04   4.5981696000000E-07
    9.0000000000000E-04   5.8180032000000E-07
    1.0000000000000E-03   7.1808000000000E-07
    1.1000000000000E-03   8.6864448000000E-07
    1.2000000000000E-03   1.0334822400000E-06
    1.3000000000000E-03   1.2125817600000E-06
    1.4000000000000E-03   1.4059315200000E-06
    1.5000000000000E-03   1.6135200000000E-06
    1.6000000000000E-03   1.8353356800000E-06
    1.7000000000000E-03   2.0713670400000E-06
    1.8000000000000E-03   2.3216025600000E-06
    1.9000000000000E-03   2.5860307200000E-06
    2.0000000000000E-03   2.8646400000000E-06
    2.1000000000000E-03   3.1574188800000E-06
    2.2000000000000E-03   3.4643558400000E-06
    2.3000000000000E-03   3.7854393600000E-06
    2.4000000000000E-03   4.1206579200000E-06
    2.5000000000000E-03   4.4700000000000E-06
    2.6000000000000E-03   4.8334540800000E-06
    2.7000000000000E-03   5.2110086400000E-06
    2.8000000000000E-03   5.6026521600000E-06
    2.9000000000000E-03   6.0083731200000E-06
    3.0000000000000E-03   6.4281600000000E-06
    3.1000000000000E-03   6.8620012800000E-06
    3.2000000000000E-03   7.3098854400000E-06
    3.3000000000000E-03   7.7718009600000E-06
    3.4000000000000E-03   8.2477363200000E-06
    3.5000000000000E-03   8.7376800000000E-06
    3.6000000000000E-03   9.2416204800000E-06
    3.7000000000000E-03   9.7595462400000E-06
    3.8000000000000E-03   1.0291445760000E-05
    3.9000000000000E-03   1.0837307520000E-05
    4.0000000000000E-03   1.1397120000000E-05
    4.1000000000000E-03   1.1970871680000E-05
    4.2000000000000E-03   1.2558551040000E-05
    4.3000000000000E-03   1.3160146560000E-05
    4.4000000000000E-03   1.3775646720000E-05
    4.5000000000000E-03   1.4405040000000E-05
    4.6000000000000E-03   1.5048314880000E-05
    4.7000000000000E-03   1.5705459840000E-05
    4.8000000000000E-03   1.6376463360000E-05
    4.9000000000000E-03   1.7061313920000E-05
    5.0000000000000E-03   1.7760000000000E-05
    5.1000000000000E-03   1.8472510080000E-05
    5.2000000000000E-03   1.9198832640000E-05
    5.3000000000000E-03   1.9938956160000E-05
    5.4000000000000E-03   2.0692869120000E-05
    5.5000000000000E-03   2.1460560000000E-05
    5.6000000000000E-03   2.2242017280000E-05
    5.7000000000000E-03   2.3037229440000E-05
    5.8000000000000E-03   2.3846184960000E-05
    5.9000000000000E-03   2.4668872320000E-05
    6.0000000000000E-03   2.5505280000000E-05
    6.1000000000000E-03   2.6355396480000E-05
    6.2000000000000E-03   2.7219210240000E-05
    6.3000000000000E-03   2.8096709760000E-05
    6.4000000000000E-03   2.8987883520000E-05
    6.5000000000000E-03   2.9892720000000E-05
    6.6000000000000E-03   3.0811207680000E-05
    6.7000000000000E-03   3.1743335040000E-05
    6.8000000000000E-03   3.2689090560000E-05
    6.9000000000000E-03   3.3648462720000E-05
    7.0000000000000E-03   3.4621440000000E-05
    7.1000000000000E-03   3.5608010880000E-05
    7.2000000000000E-03   3.6608163840000E-05
    7.3000000000000E-03   3.7621887360000E-05
    7.4000000000000E-03   3.8649169920000E-05
    7.5000000000000E-03   3.9690000000000E-05
    7.6000000000000E-03   4.0744366080000E-05
    7.7000000000000E-03   4.1812256640000E-05
    7.8000000000000E-03   4.2893660160000E-05
    7.9000000000000E-03   4.3988565120000E-05
    8.0000000000000E-03   4.5096960000000E-05
    8.1000000000000E-03   4.6218833280000E-05
    8.2000000000000E-03   4.7354173440000E-05
    8.3000000000000E-03   4.8502968960000E-05
    8.4000000000000E-03   4.9665208320000E-05
    8.5000000000000E-03   5.0840880000000E-05
    8.6000000000000E-03   5.2029972480000E-05
    8.7000000000000E-03   5.3232474240000E-05
    8.8000000000000E-03   5.4448373760000E-05
    8.9000000000000E-03   5.5677659520000E-05
    9.0000000000000E-03   5.6920320000000E-05
    9.1000000000000E-03   5.8176343680000E-05
    9.2000000000000E-03   5.9445719040000E-05
    9.3000000000000E-03   6.0728434560000E-05
    9.4000000000000E-03   6.2024478720000E-05
    9.5000000000000E-03   6.3333840000000E-05
    9.6000000000000E-03   6.4656506880000E-05
    9.7000000000000E-03   6.5992467840000E-05
    9.8000000000000E-03   6.7341711360000E-05
    9.9000000000000E-03   6.8704225920000E-05
    1.0000000000000E-02   7.0080000000000E-05
    1.0100000000000E-02   7.1469022080000E-05
    1.0200000000000E-02   7.2871280640000E-05
    1.0300000000000E-02   7.4286764160000E-05
    1.0400000000000E-02   7.5715461120000E-05
    1.0500000000000E-02   7.7157360000000E-05
    1.0600000000000E-02   7.8612449280000E-05
    1.0700000000000E-02   8.0080717440000E-05
    1.0800000000000E-02   8.1562152960000E-05
    1.0900000000000E-02   8.3056744320000E-05
    1.1000000000000E-02   8.4564480000000E-05
    1.1100000000000E-02   8.6085348480000E-05
    1.1200000000000E-02   8.7619338240000E-05
    1.1300000000000E-02   8.9166437760000E-05
    1.1400000000000E-02   9.0726635520000E-05
    1.1500000000000E-02   9.2299920000000E-05
    1.1600000000000E-02   9.3886279680000E-05
    1.1700000000000E-02   9.5485703040000E-05
    1.1800000000000E-02   9.7098178560000E-05
    1.1900000000000E-02   9.8723694720000E-05
    1.2000000000000E-02   1.0036224000000E-04
    1.2100000000000E-02   1.0201380288000E-04
    1.2200000000000E-02   1.0367837184000E-04
    1.2300000000000E-02   1.0535593536000E-04
    1.2400000000000E-02   1.0704648192000E-04
    1.2500000000000E-02   1.0875000000000E-04
    1.2600000000000E-02   1.1046647808000E-04
    1.2700000000000E-02   1.1219590464000E-04
    1.2800000000000E-02   1.1393826816000E-04
    1.2900000000000E-02   1.1569355712000E-04
    1.3000000000000E-02   1.1746176000000E-04
    1.3100000000000E-02   1.1924286528000E-04
    1.3200000000000E-02   1.2103686144000E-04
    1.3300000000000E-02   1.2284373696000E-04
    1.3400000000000E-02   1.2466348032000E-04
    1.3500000000000E-02   1.2649608000000E-04
    1.3600000000000E-02   1.2834152448000E-04
    1.3700000000000E-02   1.3019980224000E-04
    1.3800000000000E-02   1.3207090176000E-04
    1.3900000000000E-02   1.3395481152000E-04
    1.4000000000000E-02   1.3585152000000E-04
    1.4100000000000E-02   1.3776101568000E-04
    1.4200000000000E-02   1.3968328704000E-04
    1.4300000000000E-02   1.4161832256000E-04
    1.4400000000000E-02   1.4356611072000E-04
    1.4500000000000E-02   1.4552664000000E-04
    1.4600000000000E-02   1.4749989888000E-04
    1.4700000000000E-02   1.4948587584000E-04
    1.4800000000000E-02   1.5148455936000E-04
    1.4900000000000E-02   1.5349593792000E-04
    1.5000000000000E-02   1.5552000000000E-04
    1.5100000000000E-02   1.5755673408000E-04
    1.5200000000000E-02   1.5960612864000E-04
    1.5300000000000E-02   1.6166817216000E-04
    1.5400000000000E-02   1.6374285312000E-04
    1.5500000000000E-02   1.6583016000000E-04
    1.5600000000000E-02   1.6793008128000E-04
    1.5700000000000E-02   1.7004260544000E-04
    1.5800000000000E-02   1.7216772096000E-04
    1.5900000000000E-02   1.7430541632000E-04
    1.6000000000000E-02   1.7645568000000E-04
    1.6100000000000E-02   1.7861850048000E-04
    1.6200000000000E-02   1.8079386624000E-04
    1.6300000000000E-02   1.8298176576000E-04
    1.6400000000000E-02   1.8518218752000E-04
    1.6500000000000E-02   1.8739512000000E-04
    1.6600000000000E-02   1.8962055168000E-04
    1.6700000000000E-02   1.9185847104000E-04
    1.6800000000000E-02   1.9410886656000E-04
    1.6900000000000E-02   1.9637172672000E-04
    1.7000000000000E-02   1.9864704000000E-04
    1.7100000000000E-02   2.0093479488000E-04
    1.7200000000000E-02   2.0323497984000E-04
    1.7300000000000E-02   2.0554758336000E-04
    1.7400000000000E-02   2.0787259392000E-04
    1.7500000000000E-02   2.1021000000000E-04
    1.7600000000000E-02   2.1255979008000E-04
    1.7700000000000E-02   2.1492195264000E-04
    1.7800000000000E-02   2.1729647616000E-04
    1.7900000000000E-02   2.1968334912000E-04
    1.8000000000000E-02   2.2208256000000E-04
    1.8100000000000E-02   2.2449409728000E-04
    1.8200000000000E-02   2.2691794944000E-04
    1.8300000000000E-02   2.2935410496000E-04
    1.8400000000000E-02   2.3180255232000E-04
    1.8500000000000E-02   2.3426328000000E-04
    1.8600000000000E-02   2.3673627648000E-04
    1.8700000000000E-02   2.3922153024000E-04
    1.8800000000000E-02   2.4171902976000E-04
    1.8900000000000E-02   2.4422876352000E-04
    1.9000000000000E-02   2.4675072000000E-04
    1.9100000000000E-02   2.4928488768000E-04
    1.9200000000000E-02   2.5183125504000E-04
    1.9300000000000E-02   2.5438981056000E-04
    1.9400000000000E-02   2.5696054272000E-04
    1.9500000000000E-02   2.5954344000000E-04
    1.9600000000000E-02   2.6213849088000E-04
    1.9700000000000E-02   2.6474568384000E-04
    1.9800000000000E-02   2.6736500736000E-04
    1.9900000000000E-02   2.6999644992000E-04
    2.0000000000000E-02   2.7264000000000E-04
    2.0100000000000E-02   2.7529564608000E-04
    2.0200000000000E-02   2.7796337664000E-04
    2.0300000000000E-02   2.8064318016000E-04
    2.0400000000000E-02   2.8333504512000E-04
    2.0500000000000E-02   2.8603896000000E-04
    2.0600000000000E-02   2.8875491328000E-04
    2.0700000000000E-02   2.9148289344000E-04
    2.0800000000000E-02   2.9422288896000E-04
    2.0900000000000E-02   2.9697488832000E-04
    2.1000000000000E-02   2.9973888000000E-04
    2.1100000000000E-02   3.0251485248000E-04
    2.1200000000000E-02   3.0530279424000E-04
    2.1300000000000E-02   3.0810269376000E-04
    2.1400000000000E-02   3.1091453952000E-04
    2.1500000000000E-02   3.1373832000000E-04
    2.1600000000000E-02   3.1657402368000E-04
    2.1700000000000E-02   3.1942163904000E-04
    2.1800000000000E-02   3.2228115456000E-04
    2.1900000000000E-02   3.2515255872000E-04
    2.2000000000000E-02   3.2803584000000E-04
    2.2100000000000E-02   3.3093098688000E-04
    2.2200000000000E-02   3.3383798784000E-04
    2.2300000000000E-02   3.3675683136000E-04
    2.2400000000000E-02   3.3968750592000E-04
    2.2500000000000E-02   3.4263000000000E-04
    2.2600000000000E-02   3.4558430208000E-04
    2.2700000000000E-02   3.4855040064000E-04
    2.2800000000000E-02   3.5152828416000E-04
    2.2900000000000E-02   3.5451794112000E-04
    2.3000000000000E-02   3.5751936000000E-04
    2.3100000000000E-02   3.6053252928000E-04
    2.3200000000000E-02   3.6355743744000E-04
    2.3300000000000E-02   3.6659407296000E-04
    2.3400000000000E-02   3.6964242432000E-04
    2.3500000000000E-02   3.7270248000000E-04
    2.3600000000000E-02   3.7577422848000E-04
    2.3700000000000E-02   3.7885765824000E-04
    2.3800000000000E-02   3.8195275776000E-04
    2.3900000000000E-02   3.8505951552000E-04
    2.4000000000000E-02   3.8817792000000E-04
    2.4100000000000E-02   3.9130795968000E-04
    2.4200000000000E-02   3.9444962304000E-04
    2.4300000000000E-02   3.9760289856000E-04
    2.4400000000000E-02   4.0076777472000E-04
    2.4500000000000E-02   4.0394424000000E-04
    2.4600000000000E-02   4.0713228288000E-04
    2.4700000000000E-02   4.1033189184000E-04
    2.4800000000000E-02   4.1354305536000E-04
    2.4900000000000E-02   4.1676576192000E-04
    2.5000000000000E-02   4.2000000000000E-04
    2.5100000000000E-02   4.2324575808000E-04
    2.5200000000000E-02   4.2650302464000E-04
    2.5300000000000E-02   4.2977178816000E-04
    2.5400000000000E-02   4.3305203712000E-04
    2.5500000000000E-02   4.3634376000000E-04
    2.5600000000000E-02   4.3964694528000E-04
    2.5700000000000E-02   4.4296158144000E-04
    2.5800000000000E-02   4.4628765696000E-04
    2.5900000000000E-02   4.4962516032000E-04
    2.6000000000000E-02   4.5297408000000E-04
    2.6100000000000E-02   4.5633440448000E-04
    2.6200000000000E-02   4.5970612224000E-04
    2.6300000000000E-02   4.6308922176000E-04
    2.6400000000000E-02   4.6648369152000E-04
    2.6500000000000E-02   4.6988952000000E-04
    2.6600000000000E-02   4.7330669568000E-04
    2.6700000000000E-02   4.7673520704000E-04
    2.6800000000000E-02   4.8017504256000E-04
    2.6900000000000E-02   4.8362619072000E-04
    2.7000000000000E-02   4.8708864000000E-04
    2.7100000000000E-02   4.9056237888000E-04
    2.7200000000000E-02   4.9404739584000E-04
    2.7300000000000E-02   4.9754367936000E-04
    2.7400000000000E-02   5.0105121792000E-04
    2.7500000000000E-02   5.0457000000000E-04
    2.7600000000000E-02   5.0810001408000E-04
    2.7700000000000E-02   5.1164124864000E-04
    2.7800000000000E-02   5.1519369216000E-04
    2.7900000000000E-02   5.1875733312000E-04
    2.8000000000000E-02   5.2233216000000E-04
    2.8100000000000E-02   5.2591816128000E-04
    2.8200000000000E-02   5.2951532544000E-04
    2.8300000000000E-02   5.3312364096000E-04
    2.8400000000000E-02   5.3674309632000E-04
    2.8500000000000E-02   5.4037368000000E-04
    2.8600000000000E-02   5.4401538048000E-04
    2.8700000000000E-02   5.4766818624000E-04
    2.8800000000000E-02   5.5133208576000E-04
    2.8900000000000E-02   5.5500706752000E-04
    2.9000000000000E-02   5.5869312000000E-04
    2.9100000000000E-02   5.6239023168000E-04
    2.9200000000000E-02   5.6609839104000E-04
    2.9300000000000E-02   5.6981758656000E-04
    2.9400000000000E-02   5.7354780672000E-04
    2.9500000000000E-02   5.7728904000000E-04
    2.9600000000000E-02   5.8104127488000E-04
    2.9700000000000E-02   5.8480449984000E-04
    2.9800000000000E-02   5.8857870336000E-04
    2.9900000000000E-02   5.9236387392000E-04
    3.0000000000000E-02   5.9616000000000E-04
    3.0100000000000E-02   5.9996707008000E-04
    3.0200000000000E-02   6.0378507264000E-04
    3.0300000000000E-02   6.0761399616000E-04
    3.0400000000000E-02   6.1145382912000E-04
    3.0500000000000E-02   6.1530456000000E-04
    3.0600000000000E-02   6.1916617728000E-04
    3.0700000000000E-02   6.2303866944000E-04
    3.0800000000000E-02   6.2692202496000E-04
    3.0900000000000E-02   6.3081623232000E-04
    3.1000000000000E-02   6.3472128000000E-04
    3.1100000000000E-02   6.3863715648000E-04
    3.1200000000000E-02   6.4256385024000E-04
    3.1300000000000E-02   6.4650134976000E-04
    3.1400000000000E-02   6.5044964352000E-04
    3.1500000000000E-02   6.5440872000000E-04
    3.1600000000000E-02   6.5837856768000E-04
    3.1700000000000E-02   6.6235917504000E-04
    3.1800000000000E-02   6.6635053056000E-04
    3.1900000000000E-02   6.7035262272000E-04
    3.2000000000000E-02   6.7436544000000E-04
    3.2100000000000E-02   6.7838897088000E-04
    3.2200000000000E-02   6.8242320384000E-04
    3.2300000000000E-02   6.8646812736000E-04
    3.2400000000000E-02   6.9052372992000E-04
    3.2500000000000E-02   6.9459000000000E-04
    3.2600000000000E-02   6.9866692608000E-04
    3.2700000000000E-02   7.0275449664000E-04
    3.2800000000000E-02   7.0685270016000E-04
    3.2900000000000E-02   7.1096152512000E-04
    3.3000000000000E-02   7.1508096000000E-04
    3.3100000000000E-02   7.1921099328000E-04
    3.3200000000000E-02   7.2335161344000E-04
    3.3300000000000E-02   7.2750280896000E-04
    3.3400000000000E-02   7.3166456832000E-04
    3.3500000000000E-02   7.3583688000000E-04
    3.3600000000000E-02   7.4001973248000E-04
    3.3700000000000E-02   7.4421311424000E-04
    3.3800000000000E-02   7.4841701376000E-04
    3.3900000000000E-02   7.5263141952000E-04
    3.4000000000000E-02   7.5685632000000E-04
    3.4100000000000E-02   7.6109170368000E-04
    3.4200000000000E-02   7.6533755904000E-04
    3.4300000000000E-02   7.6959387456000E-04
    3.4400000000000E-02   7.7386063872000E-04
    3.4500000000000E-02   7.7813784000000E-04
    3.4600000000000E-02   7.8242546688000E-04
    3.4700000000000E-02   7.8672350784000E-04
    3.4800000000000E-02   7.9103195136000E-04
    3.4900000000000E-02   7.9535078592000E-04
    3.5000000000000E-02   7.9968000000000E-04
    3.5100000000000E-02   8.0401958208000E-04
    3.5200000000000E-02   8.0836952064000E-04
    3.5300000000000E-02   8.1272980416000E-04
    3.5400000000000E-02   8.1710042112000E-04
    3.5500000000000E-02   8.2148136000000E-04
    3.5600000000000E-02   8.2587260928000E-04
    3.5700000000000E-02   8.3027415744000E-04
    3.5800000000000E-02   8.3468599296000E-04
    3.5900000000000E-02   8.3910810432000E-04
    3.6000000000000E-02   8.4354048000000E-04
    3.6100000000000E-02   8.4798310848000E-04
    3.6200000000000E-02   8.5243597824000E-04
    3.6300000000000E-02   8.5689907776000E-04
    3.6400000000000E-02   8.6137239552000E-04
    3.6500000000000E-02   8.6585592000000E-04
    3.6600000000000E-02   8.7034963968000E-04
    3.6700000000000E-02   8.7485354304000E-04
    3.6800000000000E-02   8.7936761856000E-04
    3.6900000000000E-02   8.8389185472000E-04
    3.7000000000000E-02   8.8842624000000E-04
    3.7100000000000E-02   8.9297076288000E-04
    3.7200000000000E-02   8.9752541184000E-04
    3.7300000000000E-02   9.0209017536000E-04
    3.7400000000000E-02   9.0666504192000E-04
    3.7500000000000E-02   9.1125000000000E-04
    3.7600000000000E-02   9.1584503808000E-04
    3.7700000000000E-02   9.2045014464000E-04
    3.7800000000000E-02   9.2506530816000E-04
    3.7900000000000E-02   9.2969051712000E-04
    3.8000000000000E-02   9.3432576000000E-04
    3.8100000000000E-02   9.3897102528000E-04
    3.8200000000000E-02   9.4362630144000E-04
    3.8300000000000E-02   9.4829157696000E-04
    3.8400000000000E-02   9.5296684032000E-04
    3.8500000000000E-02   9.5765208000000E-04
    3.8600000000000E-02   9.6234728448000E-04
    3.8700000000000E-02   9.6705244224000E-04
    3.8800000000000E-02   9.7176754176000E-04
    3.8900000000000E-02   9.7649257152000E-04
    3.9000000000000E-02   9.8122752000000E-04
    3.9100000000000E-02   9.8597237568000E-04
    3.9200000000000E-02   9.9072712704000E-04
    3.9300000000000E-02   9.9549176256000E-04
    3.9400000000000E-02   1.0002662707200E-03
    3.9500000000000E-02   1.0050506400000E-03
    3.9600000000000E-02   1.0098448588800E-03
    3.9700000000000E-02   1.0146489158400E-03
    3.9800000000000E-02   1.0194627993600E-03
    3.9900000000000E-02   1.0242864979200E-03
    4.0000000000000E-02   1.0291200000000E-03
    4.0100000000000E-02   1.0339632940800E-03
    4.0200000000000E-02   1.0388163686400E-03
    4.0300000000000E-02   1.0436792121600E-03
    4.0400000000000E-02   1.0485518131200E-03
    4.0500000000000E-02   1.0534341600000E-03
    4.0600000000000E-02   1.0583262412800E-03
    4.0700000000000E-02   1.0632280454400E-03
    4.0800000000000E-02   1.0681395609600E-03
    4.0900000000000E-02   1.0730607763200E-03
    4.1000000000000E-02   1.0779916800000E-03
    4.1100000000000E-02   1.0829322604800E-03
    4.1200000000000E-02   1.0878825062400E-03
    4.1300000000000E-02   1.0928424057600E-03
    4.1400000000000E-02   1.0978119475200E-03
    4.1500000000000E-02   1.1027911200000E-03
    4.1600000000000E-02   1.1077799116800E-03
    4.1700000000000E-02   1.1127783110400E-03
    4.1800000000000E-02   1.1177863065600E-03
    4.1900000000000E-02   1.1228038867200E-03
    4.2000000000000E-02   1.1278310400000E-03
    4.2100000000000E-02   1.1328677548800E-03
    4.2200000000000E-02   1.1379140198400E-03
    4.2300000000000E-02   1.1429698233600E-03
    4.2400000000000E-02   1.1480351539200E-03
    4.2500000000000E-02   1.1531100000000E-03
    4.2600000000000E-02   1.1581943500800E-03
    4.2700000000000E-02   1.1632881926400E-03
    4.2800000000000E-02   1.1683915161600E-03
    4.2900000000000E-02   1.1735043091200E-03
    4.3000000000000E-02   1.1786265600000E-03
    4.3100000000000E-02   1.1837582572800E-03
    4.3200000000000E-02   1.1888993894400E-03
    4.3300000000000E-02   1.1940499449600E-03
    4.3400000000000E-02   1.1992099123200E-03
    4.3500000000000E-02   1.2043792800000E-03
    4.3600000000000E-02   1.2095580364800E-03
    4.3700000000000E-02   1.2147461702400E-03
    4.3800000000000E-02   1.2199436697600E-03
    4.3900000000000E-02   1.2251505235200E-03
    4.4000000000000E-02   1.2303667200000E-03
    4.4100000000000E-02   1.2355922476800E-03
    4.4200000000000E-02   1.2408270950400E-03
    4.4300000000000E-02   1.2460712505600E-03
    4.4400000000000E-02   1.2513247027200E-03
    4.4500000000000E-02   1.2565874400000E-03
    4.4600000000000E-02   1.2618594508800E-03
    4.4700000000000E-02   1.2671407238400E-03
    4.4800000000000E-02   1.2724312473600E-03
    4.4900000000000E-02   1.2777310099200E-03
    4.5000000000000E-02   1.2830400000000E-03
    4.5100000000000E-02   1.2883582060800E-03
    4.5200000000000E-02   1.2936856166400E-03
    4.5300000000000E-02   1.2990222201600E-03
    4.5400000000000E-02   1.3043680051200E-03
    4.5500000000000E-02   1.3097229600000E-03
    4.5600000000000E-02   1.3150870732800E-03
    4.5700000000000E-02   1.3204603334400E-03
    4.5800000000000E-02   1.3258427289600E-03
    4.5900000000000E-02   1.3312342483200E-03
    4.6000000000000E-02   1.3366348800000E-03
    4.6100000000000E-02   1.3420446124800E-03
    4.6200000000000E-02   1.3474634342400E-03
    4.6300000000000E-02   1.3528913337600E-03
    4.6400000000000E-02   1.3583282995200E-03
    4.6500000000000E-02   1.3637743200000E-03
    4.6600000000000E-02   1.3692293836800E-03
    4.6700000000000E-02   1.3746934790400E-03
    4.6800000000000E-02   1.3801665945600E-03
    4.6900000000000E-02   1.3856487187200E-03
    4.7000000000000E-02   1.3911398400000E-03
    4.7100000000000E-02   1.3966399468800E-03
    4.7200000000000E-02   1.4021490278400E-03
    4.7300000000000E-02   1.4076670713600E-03
    4.7400000000000E-02   1.4131940659200E-03
    4.7500000000000E-02   1.4187300000000E-03
    4.7600000000000E-02   1.4242748620800E-03
    4.7700000000000E-02   1.4298286406400E-03
    4.7800000000000E-02   1.4353913241600E-03
    4.7900000000000E-02   1.4409629011200E-03
    4.8000000000000E-02   1.4465433600000E-03
    4.8100000000000E-02   1.4521326892800E-03
    4.8200000000000E-02   1.4577308774400E-03
    4.8300000000000E-02   1.4633379129600E-03
    4.8400000000000E-02   1.4689537843200E-03
    4.8500000000000E-02   1.4745784800000E-03
    4.8600000000000E-02   1.4802119884800E-03
    4.8700000000000E-02   1.4858542982400E-03
    4.8800000000000E-02   1.4915053977600E-03
    4.8900000000000E-02   1.4971652755200E-03
    4.9000000000000E-02   1.5028339200000E-03
    4.9100000000000E-02   1.5085113196800E-03
    4.9200000000000E-02   1.5141974630400E-03
    4.9300000000000E-02   1.5198923385600E-03
    4.9400000000000E-02   1.5255959347200E-03
    4.9500000000000E-02   1.5313082400000E-03
    4.9600000000000E-02   1.5370292428800E-03
    4.9700000000000E-02   1.5427589318400E-03
    4.9800000000000E-02   1.5484972953600E-03
    4.9900000000000E-02   1.5542443219200E-03
    5.0000000000000E-02   1.5600000000000E-03
    5.0100000000000E-02   1.5657643180800E-03
    5.0200000000000E-02   1.5715372646400E-03
    5.0300000000000E-02   1.5773188281600E-03
    5.0400000000000E-02   1.5831089971200E-03
    5.0500000000000E-02   1.5889077600000E-03
    5.0600000000000E-02   1.5947151052800E-03
    5.0700000000000E-02   1.6005310214400E-03
    5.0800000000000E-02   1.6063554969600E-03
    5.0900000000000E-02   1.6121885203200E-03
    5.1000000000000E-02   1.6180300800000E-03
    5.1100000000000E-02   1.6238801644800E-03
    5.1200000000000E-02   1.6297387622400E-03
    5.1300000000000E-02   1.6356058617600E-03
    5.1400000000000E-02   1.6414814515200E-03
    5.1500000000000E-02   1.6473655200000E-03
    5.1600000000000E-02   1.6532580556800E-03
    5.1700000000000E-02   1.6591590470400E-03
    5.1800000000000E-02   1.6650684825600E-03
    5.1900000000000E-02   1.6709863507200E-03
    5.2000000000000E-02   1.6769126400000E-03
    5.2100000000000E-02   1.6828473388800E-03
    5.2200000000000E-02   1.6887904358400E-03
    5.2300000000000E-02   1.6947419193600E-03
    5.2400000000000E-02   1.7007017779200E-03
    5.2500000000000E-02   1.7066700000000E-03
    5.2600000000000E-02   1.7126465740800E-03
    5.2700000000000E-02   1.7186314886400E-03
    5.2800000000000E-02   1.7246247321600E-03
    5.2900000000000E-02   1.7306262931200E-03
    5.3000000000000E-02   1.7366361600000E-03
    5.3100000000000E-02   1.7426543212800E-03
    5.3200000000000E-02   1.7486807654400E-03
    5.3300000000000E-02   1.7547154809600E-03
    5.3400000000000E-02   1.7607584563200E-03
    5.3500000000000E-02   1.7668096800000E-03
    5.3600000000000E-02   1.7728691404800E-03
    5.3700000000000E-02   1.7789368262400E-03
    5.3800000000000E-02   1.7850127257600E-03
    5.3900000000000E-02   1.7910968275200E-03
    5.4000000000000E-02   1.7971891200000E-03
    5.4100000000000E-02   1.8032895916800E-03
    5.4200000000000E-02   1.8093982310400E-03
    5.4300000000000E-02   1.8155150265600E-03
    5.4400000000000E-02   1.8216399667200E-03
    5.4500000000000E-02   1.8277730400000E-03
    5.4600000000000E-02   1.8339142348800E-03
    5.4700000000000E-02   1.8400635398400E-03
    5.4800000000000E-02   1.8462209433600E-03
    5.4900000000000E-02   1.8523864339200E-03
    5.5000000000000E-02   1.8585600000000E-03
    5.5100000000000E-02   1.8647416300800E-03
    5.5200000000000E-02   1.8709313126400E-03
    5.5300000000000E-02   1.8771290361600E-03
    5.5400000000000E-02   1.8833347891200E-03
    5.5500000000000E-02   1.8895485600000E-03
    5.5600000000000E-02   1.8957703372800E-03
    5.5700000000000E-02   1.9020001094400E-03
    5.5800000000000E-02   1.9082378649600E-03
    5.5900000000000E-02   1.9144835923200E-03
    5.6000000000000E-02   1.9207372800000E-03
    5.6100000000000E-02   1.9269989164800E-03
    5.6200000000000E-02   1.9332684902400E-03
    5.6300000000000E-02   1.9395459897600E-03
    5.6400000000000E-02   1.9458314035200E-03
    5.6500000000000E-02   1.9521247200000E-03
    5.6600000000000E-02   1.9584259276800E-03
    5.6700000000000E-02   1.9647350150400E-03
    5.6800000000000E-02   1.9710519705600E-03
    5.6900000000000E-02   1.9773767827200E-03
    5.7000000000000E-02   1.9837094400000E-03
    5.7100000000000E-02   1.9900499308800E-03
    5.7200000000000E-02   1.9963982438400E-03
    5.7300000000000E-02   2.0027543673600E-03
    5.7400000000000E-02   2.0091182899200E-03
    5.7500000000000E-02   2.0154900000000E-03
    5.7600000000000E-02   2.0218694860800E-03
    5.7700000000000E-02   2.0282567366400E-03
    5.7800000000000E-02   2.0346517401600E-03
    5.7900000000000E-02   2.0410544851200E-03
    5.8000000000000E-02   2.0474649600000E-03
    5.8100000000000E-02   2.0538831532800E-03
    5.8200000000000E-02   2.0603090534400E-03
    5.8300000000000E-02   2.0667426489600E-03
    5.8400000000000E-02   2.0731839283200E-03
    5.8500000000000E-02   2.0796328800000E-03
    5.8600000000000E-02   2.0860894924800E-03
    5.8700000000000E-02   2.0925537542400E-03
    5.8800000000000E-02   2.0990256537600E-03
    5.8900000000000E-02   2.1055051795200E-03
    5.9000000000000E-02   2.1119923200000E-03
    5.9100000000000E-02   2.1184870636800E-03
    5.9200000000000E-02   2.1249893990400E-03
    5.9300000000000E-02   2.1314993145600E-03
    5.9400000000000E-02   2.1380167987200E-03
    5.9500000000000E-02   2.1445418400000E-03
    5.9600000000000E-02   2.1510744268800E-03
    5.9700000000000E-02   2.1576145478400E-03
    5.9800000000000E-02   2.1641621913600E-03
    5.9900000000000E-02   2.1707173459200E-03
    6.0000000000000E-02   2.1772800000000E-03
    6.0100000000000E-02   2.1838501420800E-03
    6.0200000000000E-02   2.1904277606400E-03
    6.0300000000000E-02   2.1970128441600E-03
    6.0400000000000E-02   2.2036053811200E-03
    6.0500000000000E-02   2.2102053600000E-03
    6.0600000000000E-02   2.2168127692800E-03
    6.0700000000000E-02   2.2234275974400E-03
    6.0800000000000E-02   2.2300498329600E-03
    6.0900000000000E-02   2.2366794643200E-03
    6.1000000000000E-02   2.2433164800000E-03
    6.1100000000000E-02   2.2499608684800E-03
    6.1200000000000E-02   2.2566126182400E-03
    6.1300000000000E-02   2.2632717177600E-03
    6.1400000000000E-02   2.2699381555200E-03
    6.1500000000000E-02   2.2766119200000E-03
    6.1600000000000E-02   2.2832929996800E-03
    6.1700000000000E-02   2.2899813830400E-03
    6.1800000000000E-02   2.2966770585600E-03
    6.1900000000000E-02   2.3033800147200E-03
    6.2000000000000E-02   2.3100902400000E-03
    6.2100000000000E-02   2.3168077228800E-03
    6.2200000000000E-02   2.3235324518400E-03
    6.2300000000000E-02   2.3302644153600E-03
    6.2400000000000E-02   2.3370036019200E-03
    6.2500000000000E-02   2.3437500000000E-03
    6.2600000000000E-02   2.3505035980800E-03
    6.2700000000000E-02   2.3572643846400E-03
    6.2800000000000E-02   2.3640323481600E-03
    6.2900000000000E-02   2.3708074771200E-03
    6.3000000000000E-02   2.3775897600000E-03
    6.3100000000000E-02   2.3843791852800E-03
    6.3200000000000E-02   2.3911757414400E-03
    6.3300000000000E-02   2.3979794169600E-03
    6.3400000000000E-02   2.4047902003200E-03
    6.3500000000000E-02   2.4116080800000E-03
    6.3600000000000E-02   2.4184330444800E-03
    6.3700000000000E-02   2.4252650822400E-03
    6.3800000000000E-02   2.4321041817600E-03
    6.3900000000000E-02   2.4389503315200E-03
    6.4000000000000E-02   2.4458035200000E-03
    6.4100000000000E-02   2.4526637356800E-03
    6.4200000000000E-02   2.4595309670400E-03
    6.4300000000000E-02   2.4664052025600E-03
    6.4400000000000E-02   2.4732864307200E-03
    6.4500000000000E-02   2.4801746400000E-03
    6.4600000000000E-02   2.4870698188800E-03
    6.4700000000000E-02   2.4939719558400E-03
    6.4800000000000E-02   2.5008810393600E-03
    6.4900000000000E-02   2.5077970579200E-03
    6.5000000000000E-02   2.5147200000000E-03
    6.5100000000000E-02   2.5216498540800E-03
    6.5200000000000E-02   2.5285866086400E-03
    6.5300000000000E-02   2.5355302521600E-03
    6.5400000000000E-02   2.5424807731200E-03
    6.5500000000000E-02   2.5494381600000E-03
    6.5600000000000E-02   2.5564024012800E-03
    6.5700000000000E-02   2.5633734854400E-03
    6.5800000000000E-02   2.5703514009600E-03
    6.5900000000000E-02   2.5773361363200E-03
    6.6000000000000E-02   2.5843276800000E-03
    6.6100000000000E-02   2.5913260204800E-03
    6.6200000000000E-02   2.5983311462400E-03
    6.6300000000000E-02   2.6053430457600E-03
    6.6400000000000E-02   2.6123617075200E-03
    6.6500000000000E-02   2.6193871200000E-03
    6.6600000000000E-02   2.6264192716800E-03
    6.6700000000000E-02   2.6334581510400E-03
    6.6800000000000E-02   2.6405037465600E-03
    6.6900000000000E-02   2.6475560467200E-03
    6.7000000000000E-02   2.6546150400000E-03
    6.7100000000000E-02   2.6616807148800E-03
    6.7200000000000E-02   2.6687530598400E-03
    6.7300000000000E-02   2.6758320633600E-03
    6.7400000000000E-02   2.6829177139200E-03
    6.7500000000000E-02   2.6900100000000E-03
    6.7600000000000E-02   2.6971089100800E-03
    6.7700000000000E-02   2.7042144326400E-03
    6.7800000000000E-02   2.7113265561600E-03
    6.7900000000000E-02   2.7184452691200E-03
    6.8000000000000E-02   2.7255705600000E-03
    6.8100000000000E-02   2.7327024172800E-03
    6.8200000000000E-02   2.7398408294400E-03
    6.8300000000000E-02   2.7469857849600E-03
    6.8400000000000E-02   2.7541372723200E-03
    6.8500000000000E-02   2.7612952800000E-03
    6.8600000000000E-02   2.7684597964800E-03
    6.8700000000000E-02   2.7756308102400E-03
    6.8800000000000E-02   2.7828083097600E-03
    6.8900000000000E-02   2.7899922835200E-03
    6.9000000000000E-02   2.7971827200000E-03
    6.9100000000000E-02   2.8043796076800E-03
    6.9200000000000E-02   2.8115829350400E-03
    6.9300000000000E-02   2.8187926905600E-03
    6.9400000000000E-02   2.8260088627200E-03
    6.9500000000000E-02   2.8332314400000E-03
    6.9600000000000E-02   2.8404604108800E-03
    6.9700000000000E-02   2.8476957638400E-03
    6.9800000000000E-02   2.8549374873600E-03
    6.9900000000000E-02   2.8621855699200E-03
    7.0000000000000E-02   2.8694400000000E-03
    7.0100000000000E-02   2.8767007660800E-03
    7.0200000000000E-02   2.8839678566400E-03
    7.0300000000000E-02   2.8912412601600E-03
    7.0400000000000E-02   2.8985209651200E-03
    7.0500000000000E-02   2.9058069600000E-03
    7.0600000000000E-02   2.9130992332800E-03
    7.0700000000000E-02   2.9203977734400E-03
    7.0800000000000E-02   2.9277025689600E-03
    7.0900000000000E-02   2.9350136083200E-03
    7.1000000000000E-02   2.9423308800000E-03
    7.1100000000000E-02   2.9496543724800E-03
    7.1200000000000E-02   2.9569840742400E-03
    7.1300000000000E-02   2.9643199737600E-03
    7.1400000000000E-02   2.9716620595200E-03
    7.1500000000000E-02   2.9790103200000E-03
    7.1600000000000E-02   2.9863647436800E-03
    7.1700000000000E-02   2.9937253190400E-03
    7.1800000000000E-02   3.0010920345600E-03
    7.1900000000000E-02   3.0084648787200E-03
    7.2000000000000E-02   3.0158438400000E-03
    7.2100000000000E-02   3.0232289068800E-03
    7.2200000000000E-02   3.0306200678400E-03
    7.2300000000000E-02   3.0380173113600E-03
    7.2400000000000E-02   3.0454206259200E-03
    7.2500000000000E-02   3.0528300000000E-03
    7.2600000000000E-02   3.0602454220800E-03
    7.2700000000000E-02   3.0676668806400E-03
    7.2800000000000E-02   3.0750943641600E-03
    7.2900000000000E-02   3.0825278611200E-03
    7.3000000000000E-02   3.0899673600000E-03
    7.3100000000000E-02   3.0974128492800E-03
    7.3200000000000E-02   3.1048643174400E-03
    7.3300000000000E-02   3.1123217529600E-03
    7.3400000000000E-02   3.1197851443200E-03
    7.3500000000000E-02   3.1272544800000E-03
    7.3600000000000E-02   3.1347297484800E-03
    7.3700000000000E-02   3.1422109382400E-03
    7.3800000000000E-02   3.1496980377600E-03
    7.3900000000000E-02   3.1571910355200E-03
    7.4000000000000E-02   3.1646899200000E-03
    7.4100000000000E-02   3.1721946796800E-03
    7.4200000000000E-02   3.1797053030400E-03
    7.4300000000000E-02   3.1872217785600E-03
    7.4400000000000E-02   3.1947440947200E-03
    7.4500000000000E-02   3.2022722400000E-03
    7.4600000000000E-02   3.2098062028800E-03
    7.4700000000000E-02   3.2173459718400E-03
    7.4800000000000E-02   3.2248915353600E-03
    7.4900000000000E-02   3.2324428819200E-03
    7.5000000000000E-02   3.2400000000000E-03
    7.5100000000000E-02   3.2475628780800E-03
    7.5200000000000E-02   3.2551315046400E-03
    7.5300000000000E-02   3.2627058681600E-03
    7.5400000000000E-02   3.2702859571200E-03
    7.5500000000000E-02   3.2778717600000E-03
    7.5600000000000E-02   3.2854632652800E-03
    7.5700000000000E-02   3.2930604614400E-03
    7.5800000000000E-02   3.3006633369600E-03
    7.5900000000000E-02   3.3082718803200E-03
    7.6000000000000E-02   3.3158860800000E-03
    7.6100000000000E-02   3.3235059244800E-03
    7.6200000000000E-02   3.3311314022400E-03
    7.6300000000000E-02   3.3387625017600E-03
    7.6400000000000E-02   3.3463992115200E-03
    7.6500000000000E-02   3.3540415200000E-03
    7.6600000000000E-02   3.3616894156800E-03
    7.6700000000000E-02   3.3693428870400E-03
    7.6800000000000E-02   3.3770019225600E-03
    7.6900000000000E-02   3.3846665107200E-03
    7.7000000000000E-02   3.3923366400000E-03
    7.7100000000000E-02   3.4000122988800E-03
    7.7200000000000E-02   3.4076934758400E-03
    7.7300000000000E-02   3.4153801593600E-03
    7.7400000000000E-02   3.4230723379200E-03
    7.7500000000000E-02   3.4307700000000E-03
    7.7600000000000E-02   3.4384731340800E-03
    7.7700000000000E-02   3.4461817286400E-03
    7.7800000000000E-02   3.4538957721600E-03
    7.7900000000000E-02   3.4616152531200E-03
    7.8000000000000E-02   3.4693401600000E-03
    7.8100000000000E-02   3.4770704812800E-03
    7.8200000000000E-02   3.4848062054400E-03
    7.8300000000000E-02   3.4925473209600E-03
    7.8400000000000E-02   3.5002938163200E-03
    7.8500000000000E-02   3.5080456800000E-03
    7.8600000000000E-02   3.5158029004800E-03
    7.8700000000000E-02   3.5235654662400E-03
    7.8800000000000E-02   3.5313333657600E-03
    7.8900000000000E-02   3.5391065875200E-03
    7.9000000000000E-02   3.5468851200000E-03
    7.9100000000000E-02   3.5546689516800E-03
    7.9200000000000E-02   3.5624580710400E-03
    7.9300000000000E-02   3.5702524665600E-03
    7.9400000000000E-02   3.5780521267200E-03
    7.9500000000000E-02   3.5858570400000E-03
    7.9600000000000E-02   3.5936671948800E-03
    7.9700000000000E-02   3.6014825798400E-03
    7.9800000000000E-02   3.6093031833600E-03
    7.9900000000000E-02   3.6171289939200E-03
    8.0000000000000E-02   3.6249600000000E-03
    8.0100000000000E-02   3.6327961900800E-03
    8.0200000000000E-02   3.6406375526400E-03
    8.0300000000000E-02   3.6484840761600E-03
    8.0400000000000E-02   3.6563357491200E-03
    8.0500000000000E-02   3.6641925600000E-03
    8.0600000000000E-02   3.6720544972800E-03
    8.0700000000000E-02   3.6799215494400E-03
    8.0800000000000E-02   3.6877937049600E-03
    8.0900000000000E-02   3.6956709523200E-03
    8.1000000000000E-02   3.7035532800000E-03
    8.1100000000000E-02   3.7114406764800E-03
    8.1200000000000E-02   3.7193331302400E-03
    8.1300000000000E-02   3.7272306297600E-03
    8.1400000000000E-02   3.7351331635200E-03
    8.1500000000000E-02   3.7430407200000E-03
    8.1600000000000E-02   3.7509532876800E-03
    8.1700000000000E-02   3.7588708550400E-03
    8.1800000000000E-02   3.7667934105600E-03
    8.1900000000000E-02   3.7747209427200E-03
    8.2000000000000E-02   3.7826534400000E-03
    8.2100000000000E-02   3.7905908908800E-03
    8.2200000000000E-02   3.7985332838400E-03
    8.2300000000000E-02   3.8064806073600E-03
    8.2400000000000E-02   3.8144328499200E-03
    8.2500000000000E-02   3.8223900000000E-03
    8.2600000000000E-02   3.8303520460800E-03
    8.2700000000000E-02   3.8383189766400E-03
    8.2800000000000E-02   3.8462907801600E-03
    8.2900000000000E-02   3.8542674451200E-03
    8.3000000000000E-02   3.8622489600000E-03
    8.3100000000000E-02   3.8702353132800E-03
    8.3200000000000E-02   3.8782264934400E-03
    8.3300000000000E-02   3.8862224889600E-03
    8.3400000000000E-02   3.8942232883200E-03
    8.3500000000000E-02   3.9022288800000E-03
    8.3600000000000E-02   3.9102392524800E-03
    8.3700000000000E-02   3.9182543942400E-03
    8.3800000000000E-02   3.9262742937600E-03
    8.3900000000000E-02   3.9342989395200E-03
    8.4000000000000E-02   3.9423283200000E-03
    8.4100000000000E-02   3.9503624236800E-03
    8.4200000000000E-02   3.9584012390400E-03
    8.4300000000000E-02   3.9664447545600E-03
    8.4400000000000E-02   3.9744929587200E-03
    8.4500000000000E-02   3.9825458400000E-03
    8.4600000000000E-02   3.9906033868800E-03
    8.4700000000000E-02   3.9986655878400E-03
    8.4800000000000E-02   4.0067324313600E-03
    8.4900000000000E-02   4.0148039059200E-03
    8.5000000000000E-02   4.0228800000000E-03
    8.5100000000000E-02   4.0309607020800E-03
    8.5200000000000E-02   4.0390460006400E-03
    8.5300000000000E-02   4.0471358841600E-03
    8.5400000000000E-02   4.0552303411200E-03
    8.5500000000000E-02   4.0633293600000E-03
    8.5600000000000E-02   4.0714329292800E-03
    8.5700000000000E-02   4.0795410374400E-03
    8.5800000000000E-02   4.0876536729600E-03
    8.5900000000000E-02   4.0957708243200E-03
    8.6000000000000E-02   4.1038924800000E-03
    8.6100000000000E-02   4.1120186284800E-03
    8.6200000000000E-02   4.1201492582400E-03
    8.6300000000000E-02   4.1282843577600E-03
    8.6400000000000E-02   4.1364239155200E-03
    8.6500000000000E-02   4.1445679200000E-03
    8.6600000000000E-02   4.1527163596800E-03
    8.6700000000000E-02   4.1608692230400E-03
    8.6800000000000E-02   4.1690264985600E-03
    8.6900000000000E-02   4.1771881747200E-03
    8.7000000000000E-02   4.1853542400000E-03
    8.7100000000000E-02   4.1935246828800E-03
    8.7200000000000E-02   4.2016994918400E-03
    8.7300000000000E-02   4.2098786553600E-03
    8.7400000000000E-02   4.2180621619200E-03
    8.7500000000000E-02   4.2262500000000E-03
    8.7600000000000E-02   4.2344421580800E-03
    8.7700000000000E-02   4.2426386246400E-03
    8.7800000000000E-02   4.2508393881600E-03
    8.7900000000000E-02   4.2590444371200E-03
    8.8000000000000E-02   4.2672537600000E-03
    8.8100000000000E-02   4.2754673452800E-03
    8.8200000000000E-02   4.2836851814400E-03
    8.8300000000000E-02   4.2919072569600E-03
    8.8400000000000E-02   4.3001335603200E-03
    8.8500000000000E-02   4.3083640800000E-03
    8.8600000000000E-02   4.3165988044800E-03
    8.8700000000000E-02   4.3248377222400E-03
    8.8800000000000E-02   4.3330808217600E-03
    8.8900000000000E-02   4.3413280915200E-03
    8.9000000000000E-02   4.3495795200000E-03
    8.9100000000000E-02   4.3578350956800E-03
    8.9200000000000E-02   4.3660948070400E-03
    8.9300000000000E-02   4.3743586425600E-03
    8.9400000000000E-02   4.3826265907200E-03
    8.9500000000000E-02   4.3908986400000E-03
    8.9600000000000E-02   4.3991747788800E-03
    8.9700000000000E-02   4.4074549958400E-03
    8.9800000000000E-02   4.4157392793600E-03
    8.9900000000000E-02   4.4240276179200E-03
    9.0000000000000E-02   4.4323200000000E-03
    9.0100000000000E-02   4.4406164140800E-03
    9.0200000000000E-02   4.4489168486400E-03
    9.0300000000000E-02   4.4572212921600E-03
    9.0400000000000E-02   4.4655297331200E-03
    9.0500000000000E-02   4.4738421600000E-03
    9.0600000000000E-02   4.4821585612800E-03
    9.0700000000000E-02   4.4904789254400E-03
    9.0800000000000E-02   4.4988032409600E-03
    9.0900000000000E-02   4.5071314963200E-03
    9.1000000000000E-02   4.5154636800000E-03
    9.1100000000000E-02   4.5237997804800E-03
    9.1200000000000E-02   4.5321397862400E-03
    9.1300000000000E-02   4.5404836857600E-03
    9.1400000000000E-02   4.5488314675200E-03
    9.1500000000000E-02   4.5571831200000E-03
    9.1600000000000E-02   4.5655386316800E-03
    9.1700000000000E-02   4.5738979910400E-03
    9.1800000000000E-02   4.5822611865600E-03
    9.1900000000000E-02   4.5906282067200E-03
    9.2000000000000E-02   4.5989990400000E-03
    9.2100000000000E-02   4.6073736748800E-03
    9.2200000000000E-02   4.6157520998400E-03
    9.2300000000000E-02   4.6241343033600E-03
    9.2400000000000E-02   4.6325202739200E-03
    9.2500000000000E-02   4.6409100000000E-03
    9.2600000000000E-02   4.6493034700800E-03
    9.2700000000000E-02   4.6577006726400E-03
    9.2800000000000E-02   4.6661015961600E-03
    9.2900000000000E-02   4.6745062291200E-03
    9.3000000000000E-02   4.6829145600000E-03
    9.3100000000000E-02   4.6913265772800E-03
    9.3200000000000E-02   4.6997422694400E-03
    9.3300000000000E-02   4.7081616249600E-03
    9.3400000000000E-02   4.7165846323200E-03
    9.3500000000000E-02   4.7250112800000E-03
    9.3600000000000E-02   4.7334415564800E-03
    9.3700000000000E-02   4.7418754502400E-03
    9.3800000000000E-02   4.7503129497600E-03
    9.3900000000000E-02   4.7587540435200E-03
    9.4000000000000E-02   4.7671987200000E-03
    9.4100000000000E-02   4.7756469676800E-03
    9.4200000000000E-02   4.7840987750400E-03
    9.4300000000000E-02   4.7925541305600E-03
    9.4400000000000E-02   4.8010130227200E-03
    9.4500000000000E-02   4.8094754400000E-03
    9.4600000000000E-02   4.8179413708800E-03
    9.4700000000000E-02   4.8264108038400E-03
    9.4800000000000E-02   4.8348837273600E-03
    9.4900000000000E-02   4.8433601299200E-03
    9.5000000000000E-02   4.8518400000000E-03
    9.5100000000000E-02   4.8603233260800E-03
    9.5200000000000E-02   4.8688100966400E-03
    9.5300000000000E-02   4.8773003001600E-03
    9.5400000000000E-02   4.8857939251200E-03
    9.5500000000000E-02   4.8942909600000E-03
    9.5600000000000E-02   4.9027913932800E-03
    9.5700000000000E-02   4.9112952134400E-03
    9.5800000000000E-02   4.9198024089600E-03
    9.5900000000000E-02   4.9283129683200E-03
    9.6000000000000E-02   4.9368268800000E-03
    9.6100000000000E-02   4.9453441324800E-03
    9.6200000000000E-02   4.9538647142400E-03
    9.6300000000000E-02   4.9623886137600E-03
    9.6400000000000E-02   4.9709158195200E-03
    9.6500000000000E-02   4.9794463200000E-03
    9.6600000000000E-02   4.9879801036800E-03
    9.6700000000000E-02   4.9965171590400E-03
    9.6800000000000E-02   5.0050574745600E-03
    9.6900000000000E-02   5.0136010387200E-03
    9.7000000000000E-02   5.0221478400000E-03
    9.7100000000000E-02   5.0306978668800E-03
    9.7200000000000E-02   5.0392511078400E-03
    9.7300000000000E-02   5.0478075513600E-03
    9.7400000000000E-02   5.0563671859200E-03
    9.7500000000000E-02   5.0649300000000E-03
    9.7600000000000E-02   5.0734959820800E-03
    9.7700000000000E-02   5.0820651206400E-03
    9.7800000000000E-02   5.0906374041600E-03
    9.7900000000000E-02   5.0992128211200E-03
    9.8000000000000E-02   5.1077913600000E-03
    9.8100000000000E-02   5.1163730092800E-03
    9.8200000000000E-02   5.1249577574400E-03
    9.8300000000000E-02   5.1335455929600E-03
    9.8400000000000E-02   5.1421365043200E-03
    9.8500000000000E-02   5.1507304800000E-03
    9.8600000000000E-02   5.1593275084800E-03
    9.8700000000000E-02   5.1679275782400E-03
    9.8800000000000E-02   5.1765306777600E-03
    9.8900000000000E-02   5.1851367955200E-03
    9.9000000000000E-02   5.1937459200000E-03
    9.9100000000000E-02   5.2023580396800E-03
    9.9200000000000E-02   5.2109731430400E-03
    9.9300000000000E-02   5.2195912185600E-03
    9.9400000000000E-02   5.2282122547200E-03
    9.9500000000000E-02   5.2368362400000E-03
    9.9600000000000E-02   5.2454631628800E-03
    9.9700000000000E-02   5.2540930118400E-03
    9.9800000000000E-02   5.2627257753600E-03
    9.9900000000000E-02   5.2713614419200E-03
    0.1000000000000       5.2800000000000E-03
    0.1001000000000       5.2886414380800E-03
    0.1002000000000       5.2972857446400E-03
    0.1003000000000       5.3059329081600E-03
    0.1004000000000       5.3145829171200E-03
    0.1005000000000       5.3232357600000E-03
    0.1006000000000       5.3318914252800E-03
    0.1007000000000       5.3405499014400E-03
    0.1008000000000       5.3492111769600E-03
    0.1009000000000       5.3578752403200E-03
    0.1010000000000       5.3665420800000E-03
    0.1011000000000       5.3752116844800E-03
    0.1012000000000       5.3838840422400E-03
    0.1013000000000       5.3925591417600E-03
    0.1014000000000       5.4012369715200E-03
    0.1015000000000       5.4099175200000E-03
    0.1016000000000       5.4186007756800E-03
    0.1017000000000       5.4272867270400E-03
    0.1018000000000       5.4359753625600E-03
    0.1019000000000       5.4446666707200E-03
    0.1020000000000       5.4533606400000E-03
    0.1021000000000       5.4620572588800E-03
    0.1022000000000       5.4707565158400E-03
    0.1023000000000       5.4794583993600E-03
    0.1024000000000       5.4881628979200E-03
    0.1025000000000       5.4968700000000E-03
    0.1026000000000       5.5055796940800E-03
    0.1027000000000       5.5142919686400E-03
    0.1028000000000       5.5230068121600E-03
    0.1029000000000       5.5317242131200E-03
    0.1030000000000       5.5404441600000E-03
    0.1031000000000       5.5491666412800E-03
    0.1032000000000       5.5578916454400E-03
    0.1033000000000       5.5666191609600E-03
    0.1034000000000       5.5753491763200E-03
    0.1035000000000       5.5840816800000E-03
    0.1036000000000       5.5928166604800E-03
    0.1037000000000       5.6015541062400E-03
    0.1038000000000       5.6102940057600E-03
    0.1039000000000       5.6190363475200E-03
    0.1040000000000       5.6277811200000E-03
    0.1041000000000       5.6365283116800E-03
    0.1042000000000       5.6452779110400E-03
    0.1043000000000       5.6540299065600E-03
    0.1044000000000       5.6627842867200E-03
    0.1045000000000       5.6715410400000E-03
    0.1046000000000       5.6803001548800E-03
    0.1047000000000       5.6890616198400E-03
    0.1048000000000       5.6978254233600E-03
    0.1049000000000       5.7065915539200E-03
    0.1050000000000       5.7153600000000E-03
    0.1051000000000       5.7241307500800E-03
    0.1052000000000       5.7329037926400E-03
    0.1053000000000       5.7416791161600E-03
    0.1054000000000       5.7504567091200E-03
    0.1055000000000       5.7592365600000E-03
    0.1056000000000       5.7680186572800E-03
    0.1057000000000       5.7768029894400E-03
    0.1058000000000       5.7855895449600E-03
    0.1059000000000       5.7943783123200E-03
    0.1060000000000       5.8031692800000E-03
    0.1061000000000       5.8119624364800E-03
    0.1062000000000       5.8207577702400E-03
    0.1063000000000       5.8295552697600E-03
    0.1064000000000       5.8383549235200E-03
    0.1065000000000       5.8471567200000E-03
    0.1066000000000       5.8559606476800E-03
    0.1067000000000       5.8647666950400E-03
    0.1068000000000       5.8735748505600E-03
    0.1069000000000       5.8823851027200E-03
    0.1070000000000       5.8911974400000E-03
    0.1071000000000       5.9000118508800E-03
    0.1072000000000       5.9088283238400E-03
    0.1073000000000       5.9176468473600E-03
    0.1074000000000       5.9264674099200E-03
    0.1075000000000       5.9352900000000E-03
    0.1076000000000       5.9441146060800E-03
    0.1077000000000       5.9529412166400E-03
    0.1078000000000       5.9617698201600E-03
    0.1079000000000       5.9706004051200E-03
    0.1080000000000       5.9794329600000E-03
    0.1081000000000       5.9882674732800E-03
    0.1082000000000       5.9971039334400E-03
    0.1083000000000       6.0059423289600E-03
    0.1084000000000       6.0147826483200E-03
    0.1085000000000       6.0236248800000E-03
    0.1086000000000       6.0324690124800E-03
    0.1087000000000       6.0413150342400E-03
    0.1088000000000       6.0501629337600E-03
    0.1089000000000       6.0590126995200E-03
    0.1090000000000       6.0678643200000E-03
    0.1091000000000       6.0767177836800E-03
    0.1092000000000       6.0855730790400E-03
    0.1093000000000       6.0944301945600E-03
    0.1094000000000       6.1032891187200E-03
    0.1095000000000       6.1121498400000E-03
    0.1096000000000       6.1210123468800E-03
    0.1097000000000       6.1298766278400E-03
    0.1098000000000       6.1387426713600E-03
    0.1099000000000       6.1476104659200E-03
    0.1100000000000       6.1564800000000E-03
    0.1101000000000       6.1653512620800E-03
    0.1102000000000       6.1742242406400E-03
    0.1103000000000       6.1830989241600E-03
    0.1104000000000       6.1919753011200E-03
    0.1105000000000       6.2008533600000E-03
    0.1106000000000       6.2097330892800E-03
    0.1107000000000       6.2186144774400E-03
    0.1108000000000       6.2274975129600E-03
    0.1109000000000       6.2363821843200E-03
    0.1110000000000       6.2452684800000E-03
    0.1111000000000       6.2541563884800E-03
    0.1112000000000       6.2630458982400E-03
    0.1113000000000       6.2719369977600E-03
    0.1114000000000       6.2808296755200E-03
    0.1115000000000       6.2897239200000E-03
    0.1116000000000       6.2986197196800E-03
    0.1117000000000       6.3075170630400E-03
    0.1118000000000       6.3164159385600E-03
    0.1119000000000       6.3253163347200E-03
    0.1120000000000       6.3342182400000E-03
    0.1121000000000       6.3431216428800E-03
    0.1122000000000       6.3520265318400E-03
    0.1123000000000       6.3609328953600E-03
    0.1124000000000       6.3698407219200E-03
    0.1125000000000       6.3787500000000E-03
    0.1126000000000       6.3876607180800E-03
    0.1127000000000       6.3965728646400E-03
    0.1128000000000       6.4054864281600E-03
    0.1129000000000       6.4144013971200E-03
    0.1130000000000       6.4233177600000E-03
    0.1131000000000       6.4322355052800E-03
    0.1132000000000       6.4411546214400E-03
    0.1133000000000       6.4500750969600E-03
    0.1134000000000       6.4589969203200E-03
    0.1135000000000       6.4679200800000E-03
    0.1136000000000       6.4768445644800E-03
    0.1137000000000       6.4857703622400E-03
    0.1138000000000       6.4946974617600E-03
    0.1139000000000       6.5036258515200E-03
    0.1140000000000       6.5125555200000E-03
    0.1141000000000       6.5214864556800E-03
    0.1142000000000       6.5304186470400E-03
    0.1143000000000       6.5393520825600E-03
    0.1144000000000       6.5482867507200E-03
    0.1145000000000       6.5572226400000E-03
    0.1146000000000       6.5661597388800E-03
    0.1147000000000       6.5750980358400E-03
    0.1148000000000       6.5840375193600E-03
    0.1149000000000       6.5929781779200E-03
    0.1150000000000       6.6019200000000E-03
    0.1151000000000       6.6108629740800E-03
    0.1152000000000       6.6198070886400E-03
    0.1153000000000       6.6287523321600E-03
    0.1154000000000       6.6376986931200E-03
    0.1155000000000       6.6466461600000E-03
    0.1156000000000       6.6555947212800E-03
    0.1157000000000       6.6645443654400E-03
    0.1158000000000       6.6734950809600E-03
    0.1159000000000       6.6824468563200E-03
    0.1160000000000       6.6913996800000E-03
    0.1161000000000       6.7003535404800E-03
    0.1162000000000       6.7093084262400E-03
    0.1163000000000       6.7182643257600E-03
    0.1164000000000       6.7272212275200E-03
    0.1165000000000       6.7361791200000E-03
    0.1166000000000       6.7451379916800E-03
    0.1167000000000       6.7540978310400E-03
    0.1168000000000       6.7630586265600E-03
    0.1169000000000       6.7720203667200E-03
    0.1170000000000       6.7809830400000E-03
    0.1171000000000       6.7899466348800E-03
    0.1172000000000       6.7989111398400E-03
    0.1173000000000       6.8078765433600E-03
    0.1174000000000       6.8168428339200E-03
    0.1175000000000       6.8258100000000E-03
    0.1176000000000       6.8347780300800E-03
    0.1177000000000       6.8437469126400E-03
    0.1178000000000       6.8527166361600E-03
    0.1179000000000       6.8616871891200E-03
    0.1180000000000       6.8706585600000E-03
    0.1181000000000       6.8796307372800E-03
    0.1182000000000       6.8886037094400E-03
    0.1183000000000       6.8975774649600E-03
    0.1184000000000       6.9065519923200E-03
    0.1185000000000       6.9155272800000E-03
    0.1186000000000       6.9245033164800E-03
    0.1187000000000       6.9334800902400E-03
    0.1188000000000       6.9424575897600E-03
    0.1189000000000       6.9514358035200E-03
    0.1190000000000       6.9604147200000E-03
    0.1191000000000       6.9693943276800E-03
    0.1192000000000       6.9783746150400E-03
    0.1193000000000       6.9873555705600E-03
    0.1194000000000       6.9963371827200E-03
    0.1195000000000       7.0053194400000E-03
    0.1196000000000       7.0143023308800E-03
    0.1197000000000       7.0232858438400E-03
    0.1198000000000       7.0322699673600E-03
    0.1199000000000       7.0412546899200E-03
    0.1200000000000       7.0502400000000E-03
    0.1201000000000       7.0592258860800E-03
    0.1202000000000       7.0682123366400E-03
    0.1203000000000       7.0771993401600E-03
    0.1204000000000       7.0861868851200E-03
    0.1205000000000       7.0951749600000E-03
    0.1206000000000       7.1041635532800E-03
    0.1207000000000       7.1131526534400E-03
    0.1208000000000       7.1221422489600E-03
    0.1209000000000       7.1311323283200E-03
    0.1210000000000       7.1401228800000E-03
    0.1211000000000       7.1491138924800E-03
    0.1212000000000       7.1581053542400E-03
    0.1213000000000       7.1670972537600E-03
    0.1214000000000       7.1760895795200E-03
    0.1215000000000       7.1850823200000E-03
    0.1216000000000       7.1940754636800E-03
    0.1217000000000       7.2030689990400E-03
    0.1218000000000       7.2120629145600E-03
    0.1219000000000       7.2210571987200E-03
    0.1220000000000       7.2300518400000E-03
    0.1221000000000       7.2390468268800E-03
    0.1222000000000       7.2480421478400E-03
    0.1223000000000       7.2570377913600E-03
    0.1224000000000       7.2660337459200E-03
    0.1225000000000       7.2750300000000E-03
    0.1226000000000       7.2840265420800E-03
    0.1227000000000       7.2930233606400E-03
    0.1228000000000       7.3020204441600E-03
    0.1229000000000       7.3110177811200E-03
    0.1230000000000       7.3200153600000E-03
    0.1231000000000       7.3290131692800E-03
    0.1232000000000       7.3380111974400E-03
    0.1233000000000       7.3470094329600E-03
    0.1234000000000       7.3560078643200E-03
    0.1235000000000       7.3650064800000E-03
    0.1236000000000       7.3740052684800E-03
    0.1237000000000       7.3830042182400E-03
    0.1238000000000       7.3920033177600E-03
    0.1239000000000       7.4010025555200E-03
    0.1240000000000       7.4100019200000E-03
    0.1241000000000       7.4190013996800E-03
    0.1242000000000       7.4280009830400E-03
    0.1243000000000       7.4370006585600E-03
    0.1244000000000       7.4460004147200E-03
    0.1245000000000       7.4550002400000E-03
    0.1246000000000       7.4640001228800E-03
    0.1247000000000       7.4730000518400E-03
    0.1248000000000       7.4820000153600E-03
    0.1249000000000       7.4910000019200E-03
    0.1250000000000       7.5000000000000E-03
    0.1251000000000       7.5089999980800E-03
    0.1252000000000       7.5179999846400E-03
    0.1253000000000       7.5269999481600E-03
    0.1254000000000       7.5359998771200E-03
    0.1255000000000       7.5449997600000E-03
    0.1256000000000       7.5539995852800E-03
    0.1257000000000       7.5629993414400E-03
    0.1258000000000       7.5719990169600E-03
    0.1259000000000       7.5809986003200E-03
    0.1260000000000       7.5899980800000E-03
    0.1261000000000       7.5989974444800E-03
    0.1262000000000       7.6079966822400E-03
    0.1263000000000       7.6169957817600E-03
    0.1264000000000       7.6259947315200E-03
    0.1265000000000       7.6349935200000E-03
    0.1266000000000       7.6439921356800E-03
    0.1267000000000       7.6529905670400E-03
    0.1268000000000       7.6619888025600E-03
    0.1269000000000       7.6709868307200E-03
    0.1270000000000       7.6799846400000E-03
    0.1271000000000       7.6889822188800E-03
    0.1272000000000       7.6979795558400E-03
    0.1273000000000       7.7069766393600E-03
    0.1274000000000       7.7159734579200E-03
    0.1275000000000       7.7249700000000E-03
    0.1276000000000       7.7339662540800E-03
    0.1277000000000       7.7429622086400E-03
    0.1278000000000       7.7519578521600E-03
    0.1279000000000       7.7609531731200E-03
    0.1280000000000       7.7699481600000E-03
    0.1281000000000       7.7789428012800E-03
    0.1282000000000       7.7879370854400E-03
    0.1283000000000       7.7969310009600E-03
    0.1284000000000       7.8059245363200E-03
    0.1285000000000       7.8149176800000E-03
    0.1286000000000       7.8239104204800E-03
    0.1287000000000       7.8329027462400E-03
    0.1288000000000       7.8418946457600E-03
    0.1289000000000       7.8508861075200E-03
    0.1290000000000       7.8598771200000E-03
    0.1291000000000       7.8688676716800E-03
    0.1292000000000       7.8778577510400E-03
    0.1293000000000       7.8868473465600E-03
    0.1294000000000       7.8958364467200E-03
    0.1295000000000       7.9048250400000E-03
    0.1296000000000       7.9138131148800E-03
    0.1297000000000       7.9228006598400E-03
    0.1298000000000       7.9317876633600E-03
    0.1299000000000       7.9407741139200E-03
    0.1300000000000       7.9497600000000E-03
    0.1301000000000       7.9587453100800E-03
    0.1302000000000       7.9677300326400E-03
    0.1303000000000       7.9767141561600E-03
    0.1304000000000       7.9856976691200E-03
    0.1305000000000       7.9946805600000E-03
    0.1306000000000       8.0036628172800E-03
    0.1307000000000       8.0126444294400E-03
    0.1308000000000       8.0216253849600E-03
    0.1309000000000       8.0306056723200E-03
    0.1310000000000       8.0395852800000E-03
    0.1311000000000       8.0485641964800E-03
    0.1312000000000       8.0575424102400E-03
    0.1313000000000       8.0665199097600E-03
    0.1314000000000       8.0754966835200E-03
    0.1315000000000       8.0844727200000E-03
    0.1316000000000       8.0934480076800E-03
    0.1317000000000       8.1024225350400E-03
    0.1318000000000       8.1113962905600E-03
    0.1319000000000       8.1203692627200E-03
    0.1320000000000       8.1293414400000E-03
    0.1321000000000       8.1383128108800E-03
    0.1322000000000       8.1472833638400E-03
    0.1323000000000       8.1562530873600E-03
    0.1324000000000       8.1652219699200E-03
    0.1325000000000       8.1741900000000E-03
    0.1326000000000       8.1831571660800E-03
    0.1327000000000       8.1921234566400E-03
    0.1328000000000       8.2010888601600E-03
    0.1329000000000       8.2100533651200E-03
    0.1330000000000       8.2190169600000E-03
    0.1331000000000       8.2279796332800E-03
    0.1332000000000       8.2369413734400E-03
    0.1333000000000       8.2459021689600E-03
    0.1334000000000       8.2548620083200E-03
    0.1335000000000       8.2638208800000E-03
    0.1336000000000       8.2727787724800E-03
    0.1337000000000       8.2817356742400E-03
    0.1338000000000       8.2906915737600E-03
    0.1339000000000       8.2996464595200E-03
    0.1340000000000       8.3086003200000E-03
    0.1341000000000       8.3175531436800E-03
    0.1342000000000       8.3265049190400E-03
    0.1343000000000       8.3354556345600E-03
    0.1344000000000       8.3444052787200E-03
    0.1345000000000       8.3533538400000E-03
    0.1346000000000       8.3623013068800E-03
    0.1347000000000       8.3712476678400E-03
    0.1348000000000       8.3801929113600E-03
    0.1349000000000       8.3891370259200E-03
    0.1350000000000       8.3980800000000E-03
    0.1351000000000       8.4070218220800E-03
    0.1352000000000       8.4159624806400E-03
    0.1353000000000       8.4249019641600E-03
    0.1354000000000       8.4338402611200E-03
    0.1355000000000       8.4427773600000E-03
    0.1356000000000       8.4517132492800E-03
    0.1357000000000       8.4606479174400E-03
    0.1358000000000       8.4695813529600E-03
    0.1359000000000       8.4785135443200E-03
    0.1360000000000       8.4874444800000E-03
    0.1361000000000       8.4963741484800E-03
    0.1362000000000       8.5053025382400E-03
    0.1363000000000       8.5142296377600E-03
    0.1364000000000       8.5231554355200E-03
    0.1365000000000       8.5320799200000E-03
    0.1366000000000       8.5410030796800E-03
    0.1367000000000       8.5499249030400E-03
    0.1368000000000       8.5588453785600E-03
    0.1369000000000       8.5677644947200E-03
    0.1370000000000       8.5766822400000E-03
    0.1371000000000       8.5855986028800E-03
    0.1372000000000       8.5945135718400E-03
    0.1373000000000       8.6034271353600E-03
    0.1374000000000       8.6123392819200E-03
    0.1375000000000       8.6212500000000E-03
    0.1376000000000       8.6301592780800E-03
    0.1377000000000       8.6390671046400E-03
    0.1378000000000       8.6479734681600E-03
    0.1379000000000       8.6568783571200E-03
    0.1380000000000       8.6657817600000E-03
    0.1381000000000       8.6746836652800E-03
    0.1382000000000       8.6835840614400E-03
    0.1383000000000       8.6924829369600E-03
    0.1384000000000       8.7013802803200E-03
    0.1385000000000       8.7102760800000E-03
    0.1386000000000       8.7191703244800E-03
    0.1387000000000       8.7280630022400E-03
    0.1388000000000       8.7369541017600E-03
    0.1389000000000       8.7458436115200E-03
    0.1390000000000       8.7547315200000E-03
    0.1391000000000       8.7636178156800E-03
    0.1392000000000       8.7725024870400E-03
    0.1393000000000       8.7813855225600E-03
    0.1394000000000       8.7902669107200E-03
    0.1395000000000       8.7991466400000E-03
    0.1396000000000       8.8080246988800E-03
    0.1397000000000       8.8169010758400E-03
    0.1398000000000       8.8257757593600E-03
    0.1399000000000       8.8346487379200E-03
    0.1400000000000       8.8435200000000E-03
    0.1401000000000       8.8523895340800E-03
    0.1402000000000       8.8612573286400E-03
    0.1403000000000       8.8701233721600E-03
    0.1404000000000       8.8789876531200E-03
    0.1405000000000       8.8878501600000E-03
    0.1406000000000       8.8967108812800E-03
    0.1407000000000       8.9055698054400E-03
    0.1408000000000       8.9144269209600E-03
    0.1409000000000       8.9232822163200E-03
    0.1410000000000       8.9321356800000E-03
    0.1411000000000       8.9409873004800E-03
    0.1412000000000       8.9498370662400E-03
    0.1413000000000       8.9586849657600E-03
    0.1414000000000       8.9675309875200E-03
    0.1415000000000       8.9763751200000E-03
    0.1416000000000       8.9852173516800E-03
    0.1417000000000       8.9940576710400E-03
    0.1418000000000       9.0028960665600E-03
    0.1419000000000       9.0117325267200E-03
    0.1420000000000       9.0205670400000E-03
    0.1421000000000       9.0293995948800E-03
    0.1422000000000       9.0382301798400E-03
    0.1423000000000       9.0470587833600E-03
    0.1424000000000       9.0558853939200E-03
    0.1425000000000       9.0647100000000E-03
    0.1426000000000       9.0735325900800E-03
    0.1427000000000       9.0823531526400E-03
    0.1428000000000       9.0911716761600E-03
    0.1429000000000       9.0999881491200E-03
    0.1430000000000       9.1088025600000E-03
    0.1431000000000       9.1176148972800E-03
    0.1432000000000       9.1264251494400E-03
    0.1433000000000       9.1352333049600E-03
    0.1434000000000       9.1440393523200E-03
    0.1435000000000       9.1528432800000E-03
    0.1436000000000       9.1616450764800E-03
    0.1437000000000       9.1704447302400E-03
    0.1438000000000       9.1792422297600E-03
    0.1439000000000       9.1880375635200E-03
    0.1440000000000       9.1968307200000E-03
    0.1441000000000       9.2056216876800E-03
    0.1442000000000       9.2144104550400E-03
    0.1443000000000       9.2231970105600E-03
    0.1444000000000       9.2319813427200E-03
    0.1445000000000       9.2407634400000E-03
    0.1446000000000       9.2495432908800E-03
    0.1447000000000       9.2583208838400E-03
    0.1448000000000       9.2670962073600E-03
    0.1449000000000       9.2758692499200E-03
    0.1450000000000       9.2846400000000E-03
    0.1451000000000       9.2934084460800E-03
    0.1452000000000       9.3021745766400E-03
    0.1453000000000       9.3109383801600E-03
    0.1454000000000       9.3196998451200E-03
    0.1455000000000       9.3284589600000E-03
    0.1456000000000       9.3372157132800E-03
    0.1457000000000       9.3459700934400E-03
    0.1458000000000       9.3547220889600E-03
    0.1459000000000       9.3634716883200E-03
    0.1460000000000       9.3722188800000E-03
    0.1461000000000       9.3809636524800E-03
    0.1462000000000       9.3897059942400E-03
    0.1463000000000       9.3984458937600E-03
    0.1464000000000       9.4071833395200E-03
    0.1465000000000       9.4159183200000E-03
    0.1466000000000       9.4246508236800E-03
    0.1467000000000       9.4333808390400E-03
    0.1468000000000       9.4421083545600E-03
    0.1469000000000       9.4508333587200E-03
    0.1470000000000       9.4595558400000E-03
    0.1471000000000       9.4682757868800E-03
    0.1472000000000       9.4769931878400E-03
    0.1473000000000       9.4857080313600E-03
    0.1474000000000       9.4944203059200E-03
    0.1475000000000       9.5031300000000E-03
    0.1476000000000       9.5118371020800E-03
    0.1477000000000       9.5205416006400E-03
    0.1478000000000       9.5292434841600E-03
    0.1479000000000       9.5379427411200E-03
    0.1480000000000       9.5466393600000E-03
    0.1481000000000       9.5553333292800E-03
    0.1482000000000       9.5640246374400E-03
    0.1483000000000       9.5727132729600E-03
    0.1484000000000       9.5813992243200E-03
    0.1485000000000       9.5900824800000E-03
    0.1486000000000       9.5987630284800E-03
    0.1487000000000       9.6074408582400E-03
    0.1488000000000       9.6161159577600E-03
    0.1489000000000       9.6247883155200E-03
    0.1490000000000       9.6334579200000E-03
    0.1491000000000       9.6421247596800E-03
    0.1492000000000       9.6507888230400E-03
    0.1493000000000       9.6594500985600E-03
    0.1494000000000       9.6681085747200E-03
    0.1495000000000       9.6767642400000E-03
    0.1496000000000       9.6854170828800E-03
    0.1497000000000       9.6940670918400E-03
    0.1498000000000       9.7027142553600E-03
    0.1499000000000       9.7113585619200E-03
    0.1500000000000       9.7200000000000E-03
    0.1501000000000       9.7286385580800E-03
    0.1502000000000       9.7372742246400E-03
    0.1503000000000       9.7459069881600E-03
    0.1504000000000       9.7545368371200E-03
    0.1505000000000       9.7631637600000E-03
    0.1506000000000       9.7717877452800E-03
    0.1507000000000       9.7804087814400E-03
    0.1508000000000       9.7890268569600E-03
    0.1509000000000       9.7976419603200E-03
    0.1510000000000       9.8062540800000E-03
    0.1511000000000       9.8148632044800E-03
    0.1512000000000       9.8234693222400E-03
    0.1513000000000       9.8320724217600E-03
    0.1514000000000       9.8406724915200E-03
    0.1515000000000       9.8492695200000E-03
    0.1516000000000       9.8578634956800E-03
    0.1517000000000       9.8664544070400E-03
    0.1518000000000       9.8750422425600E-03
    0.1519000000000       9.8836269907200E-03
    0.1520000000000       9.8922086400000E-03
    0.1521000000000       9.9007871788800E-03
    0.1522000000000       9.9093625958400E-03
    0.1523000000000       9.9179348793600E-03
    0.1524000000000       9.9265040179200E-03
    0.1525000000000       9.9350700000000E-03
    0.1526000000000       9.9436328140800E-03
    0.1527000000000       9.9521924486400E-03
    0.1528000000000       9.9607488921600E-03
    0.1529000000000       9.9693021331200E-03
    0.1530000000000       9.9778521600000E-03
    0.1531000000000       9.9863989612800E-03
    0.1532000000000       9.9949425254400E-03
    0.1533000000000       1.0003482841000E-02
    0.1534000000000       1.0012019896300E-02
    0.1535000000000       1.0020553680000E-02
    0.1536000000000       1.0029084180500E-02
    0.1537000000000       1.0037611386200E-02
    0.1538000000000       1.0046135285800E-02
    0.1539000000000       1.0054655867500E-02
    0.1540000000000       1.0063173120000E-02
    0.1541000000000       1.0071687031700E-02
    0.1542000000000       1.0080197591000E-02
    0.1543000000000       1.0088704786600E-02
    0.1544000000000       1.0097208606700E-02
    0.1545000000000       1.0105709040000E-02
    0.1546000000000       1.0114206074900E-02
    0.1547000000000       1.0122699699800E-02
    0.1548000000000       1.0131189903400E-02
    0.1549000000000       1.0139676673900E-02
    0.1550000000000       1.0148160000000E-02
    0.1551000000000       1.0156639870100E-02
    0.1552000000000       1.0165116272600E-02
    0.1553000000000       1.0173589196200E-02
    0.1554000000000       1.0182058629100E-02
    0.1555000000000       1.0190524560000E-02
    0.1556000000000       1.0198986977300E-02
    0.1557000000000       1.0207445869400E-02
    0.1558000000000       1.0215901225000E-02
    0.1559000000000       1.0224353032300E-02
    0.1560000000000       1.0232801280000E-02
    0.1561000000000       1.0241245956500E-02
    0.1562000000000       1.0249687050200E-02
    0.1563000000000       1.0258124549800E-02
    0.1564000000000       1.0266558443500E-02
    0.1565000000000       1.0274988720000E-02
    0.1566000000000       1.0283415367700E-02
    0.1567000000000       1.0291838375000E-02
    0.1568000000000       1.0300257730600E-02
    0.1569000000000       1.0308673422700E-02
    0.1570000000000       1.0317085440000E-02
    0.1571000000000       1.0325493770900E-02
    0.1572000000000       1.0333898403800E-02
    0.1573000000000       1.0342299327400E-02
    0.1574000000000       1.0350696529900E-02
    0.1575000000000       1.0359090000000E-02
    0.1576000000000       1.0367479726100E-02
    0.1577000000000       1.0375865696600E-02
    0.1578000000000       1.0384247900200E-02
    0.1579000000000       1.0392626325100E-02
    0.1580000000000       1.0401000960000E-02
    0.1581000000000       1.0409371793300E-02
    0.1582000000000       1.0417738813400E-02
    0.1583000000000       1.0426102009000E-02
    0.1584000000000       1.0434461368300E-02
    0.1585000000000       1.0442816880000E-02
    0.1586000000000       1.0451168532500E-02
    0.1587000000000       1.0459516314200E-02
    0.1588000000000       1.0467860213800E-02
    0.1589000000000       1.0476200219500E-02
    0.1590000000000       1.0484536320000E-02
    0.1591000000000       1.0492868503700E-02
    0.1592000000000       1.0501196759000E-02
    0.1593000000000       1.0509521074600E-02
    0.1594000000000       1.0517841438700E-02
    0.1595000000000       1.0526157840000E-02
    0.1596000000000       1.0534470266900E-02
    0.1597000000000       1.0542778707800E-02
    0.1598000000000       1.0551083151400E-02
    0.1599000000000       1.0559383585900E-02
    0.1600000000000       1.0567680000000E-02
    0.1601000000000       1.0575972382100E-02
    0.1602000000000       1.0584260720600E-02
    0.1603000000000       1.0592545004200E-02
    0.1604000000000       1.0600825221100E-02
    0.1605000000000       1.0609101360000E-02
    0.1606000000000       1.0617373409300E-02
    0.1607000000000       1.0625641357400E-02
    0.1608000000000       1.0633905193000E-02
    0.1609000000000       1.0642164904300E-02
    0.1610000000000       1.0650420480000E-02
    0.1611000000000       1.0658671908500E-02
    0.1612000000000       1.0666919178200E-02
    0.1613000000000       1.0675162277800E-02
    0.1614000000000       1.0683401195500E-02
    0.1615000000000       1.0691635920000E-02
    0.1616000000000       1.0699866439700E-02
    0.1617000000000       1.0708092743000E-02
    0.1618000000000       1.0716314818600E-02
    0.1619000000000       1.0724532654700E-02
    0.1620000000000       1.0732746240000E-02
    0.1621000000000       1.0740955562900E-02
    0.1622000000000       1.0749160611800E-02
    0.1623000000000       1.0757361375400E-02
    0.1624000000000       1.0765557841900E-02
    0.1625000000000       1.0773750000000E-02
    0.1626000000000       1.0781937838100E-02
    0.1627000000000       1.0790121344600E-02
    0.1628000000000       1.0798300508200E-02
    0.1629000000000       1.0806475317100E-02
    0.1630000000000       1.0814645760000E-02
    0.1631000000000       1.0822811825300E-02
    0.1632000000000       1.0830973501400E-02
    0.1633000000000       1.0839130777000E-02
    0.1634000000000       1.0847283640300E-02
    0.1635000000000       1.0855432080000E-02
    0.1636000000000       1.0863576084500E-02
    0.1637000000000       1.0871715642200E-02
    0.1638000000000       1.0879850741800E-02
    0.1639000000000       1.0887981371500E-02
    0.1640000000000       1.0896107520000E-02
    0.1641000000000       1.0904229175700E-02
    0.1642000000000       1.0912346327000E-02
    0.1643000000000       1.0920458962600E-02
    0.1644000000000       1.0928567070700E-02
    0.1645000000000       1.0936670640000E-02
    0.1646000000000       1.0944769658900E-02
    0.1647000000000       1.0952864115800E-02
    0.1648000000000       1.0960953999400E-02
    0.1649000000000       1.0969039297900E-02
    0.1650000000000       1.0977120000000E-02
    0.1651000000000       1.0985196094100E-02
    0.1652000000000       1.0993267568600E-02
    0.1653000000000       1.1001334412200E-02
    0.1654000000000       1.1009396613100E-02
    0.1655000000000       1.1017454160000E-02
    0.1656000000000       1.1025507041300E-02
    0.1657000000000       1.1033555245400E-02
    0.1658000000000       1.1041598761000E-02
    0.1659000000000       1.1049637576300E-02
    0.1660000000000       1.1057671680000E-02
    0.1661000000000       1.1065701060500E-02
    0.1662000000000       1.1073725706200E-02
    0.1663000000000       1.1081745605800E-02
    0.1664000000000       1.1089760747500E-02
    0.1665000000000       1.1097771120000E-02
    0.1666000000000       1.1105776711700E-02
    0.1667000000000       1.1113777511000E-02
    0.1668000000000       1.1121773506600E-02
    0.1669000000000       1.1129764686700E-02
    0.1670000000000       1.1137751040000E-02
    0.1671000000000       1.1145732554900E-02
    0.1672000000000       1.1153709219800E-02
    0.1673000000000       1.1161681023400E-02
    0.1674000000000       1.1169647953900E-02
    0.1675000000000       1.1177610000000E-02
    0.1676000000000       1.1185567150100E-02
    0.1677000000000       1.1193519392600E-02
    0.1678000000000       1.1201466716200E-02
    0.1679000000000       1.1209409109100E-02
    0.1680000000000       1.1217346560000E-02
    0.1681000000000       1.1225279057300E-02
    0.1682000000000       1.1233206589400E-02
    0.1683000000000       1.1241129145000E-02
    0.1684000000000       1.1249046712300E-02
    0.1685000000000       1.1256959280000E-02
    0.1686000000000       1.1264866836500E-02
    0.1687000000000       1.1272769370200E-02
    0.1688000000000       1.1280666869800E-02
    0.1689000000000       1.1288559323500E-02
    0.1690000000000       1.1296446720000E-02
    0.1691000000000       1.1304329047700E-02
    0.1692000000000       1.1312206295000E-02
    0.1693000000000       1.1320078450600E-02
    0.1694000000000       1.1327945502700E-02
    0.1695000000000       1.1335807440000E-02
    0.1696000000000       1.1343664250900E-02
    0.1697000000000       1.1351515923800E-02
    0.1698000000000       1.1359362447400E-02
    0.1699000000000       1.1367203809900E-02
    0.1700000000000       1.1375040000000E-02
    0.1701000000000       1.1382871006100E-02
    0.1702000000000       1.1390696816600E-02
    0.1703000000000       1.1398517420200E-02
    0.1704000000000       1.1406332805100E-02
    0.1705000000000       1.1414142960000E-02
    0.1706000000000       1.1421947873300E-02
    0.1707000000000       1.1429747533400E-02
    0.1708000000000       1.1437541929000E-02
    0.1709000000000       1.1445331048300E-02
    0.1710000000000       1.1453114880000E-02
    0.1711000000000       1.1460893412500E-02
    0.1712000000000       1.1468666634200E-02
    0.1713000000000       1.1476434533800E-02
    0.1714000000000       1.1484197099500E-02
    0.1715000000000       1.1491954320000E-02
    0.1716000000000       1.1499706183700E-02
    0.1717000000000       1.1507452679000E-02
    0.1718000000000       1.1515193794600E-02
    0.1719000000000       1.1522929518700E-02
    0.1720000000000       1.1530659840000E-02
    0.1721000000000       1.1538384746900E-02
    0.1722000000000       1.1546104227800E-02
    0.1723000000000       1.1553818271400E-02
    0.1724000000000       1.1561526865900E-02
    0.1725000000000       1.1569230000000E-02
    0.1726000000000       1.1576927662100E-02
    0.1727000000000       1.1584619840600E-02
    0.1728000000000       1.1592306524200E-02
    0.1729000000000       1.1599987701100E-02
    0.1730000000000       1.1607663360000E-02
    0.1731000000000       1.1615333489300E-02
    0.1732000000000       1.1622998077400E-02
    0.1733000000000       1.1630657113000E-02
    0.1734000000000       1.1638310584300E-02
    0.1735000000000       1.1645958480000E-02
    0.1736000000000       1.1653600788500E-02
    0.1737000000000       1.1661237498200E-02
    0.1738000000000       1.1668868597800E-02
    0.1739000000000       1.1676494075500E-02
    0.1740000000000       1.1684113920000E-02
    0.1741000000000       1.1691728119700E-02
    0.1742000000000       1.1699336663000E-02
    0.1743000000000       1.1706939538600E-02
    0.1744000000000       1.1714536734700E-02
    0.1745000000000       1.1722128240000E-02
    0.1746000000000       1.1729714042900E-02
    0.1747000000000       1.1737294131800E-02
    0.1748000000000       1.1744868495400E-02
    0.1749000000000       1.1752437121900E-02
    0.1750000000000       1.1760000000000E-02
    0.1751000000000       1.1767557118100E-02
    0.1752000000000       1.1775108464600E-02
    0.1753000000000       1.1782654028200E-02
    0.1754000000000       1.1790193797100E-02
    0.1755000000000       1.1797727760000E-02
    0.1756000000000       1.1805255905300E-02
    0.1757000000000       1.1812778221400E-02
    0.1758000000000       1.1820294697000E-02
    0.1759000000000       1.1827805320300E-02
    0.1760000000000       1.1835310080000E-02
    0.1761000000000       1.1842808964500E-02
    0.1762000000000       1.1850301962200E-02
    0.1763000000000       1.1857789061800E-02
    0.1764000000000       1.1865270251500E-02
    0.1765000000000       1.1872745520000E-02
    0.1766000000000       1.1880214855700E-02
    0.1767000000000       1.1887678247000E-02
    0.1768000000000       1.1895135682600E-02
    0.1769000000000       1.1902587150700E-02
    0.1770000000000       1.1910032640000E-02
    0.1771000000000       1.1917472138900E-02
    0.1772000000000       1.1924905635800E-02
    0.1773000000000       1.1932333119400E-02
    0.1774000000000       1.1939754577900E-02
    0.1775000000000       1.1947170000000E-02
    0.1776000000000       1.1954579374100E-02
    0.1777000000000       1.1961982688600E-02
    0.1778000000000       1.1969379932200E-02
    0.1779000000000       1.1976771093100E-02
    0.1780000000000       1.1984156160000E-02
    0.1781000000000       1.1991535121300E-02
    0.1782000000000       1.1998907965400E-02
    0.1783000000000       1.2006274681000E-02
    0.1784000000000       1.2013635256300E-02
    0.1785000000000       1.2020989680000E-02
    0.1786000000000       1.2028337940500E-02
    0.1787000000000       1.2035680026200E-02
    0.1788000000000       1.2043015925800E-02
    0.1789000000000       1.2050345627500E-02
    0.1790000000000       1.2057669120000E-02
    0.1791000000000       1.2064986391700E-02
    0.1792000000000       1.2072297431000E-02
    0.1793000000000       1.2079602226600E-02
    0.1794000000000       1.2086900766700E-02
    0.1795000000000       1.2094193040000E-02
    0.1796000000000       1.2101479034900E-02
    0.1797000000000       1.2108758739800E-02
    0.1798000000000       1.2116032143400E-02
    0.1799000000000       1.2123299233900E-02
    0.1800000000000       1.2130560000000E-02
    0.1801000000000       1.2137814430100E-02
    0.1802000000000       1.2145062512600E-02
    0.1803000000000       1.2152304236200E-02
    0.1804000000000       1.2159539589100E-02
    0.1805000000000       1.2166768560000E-02
    0.1806000000000       1.2173991137300E-02
    0.1807000000000       1.2181207309400E-02
    0.1808000000000       1.2188417065000E-02
    0.1809000000000       1.2195620392300E-02
    0.1810000000000       1.2202817280000E-02
    0.1811000000000       1.2210007716500E-02
    0.1812000000000       1.2217191690200E-02
    0.1813000000000       1.2224369189800E-02
    0.1814000000000       1.2231540203500E-02
    0.1815000000000       1.2238704720000E-02
    0.1816000000000       1.2245862727700E-02
    0.1817000000000       1.2253014215000E-02
    0.1818000000000       1.2260159170600E-02
    0.1819000000000       1.2267297582700E-02
    0.1820000000000       1.2274429440000E-02
    0.1821000000000       1.2281554730900E-02
    0.1822000000000       1.2288673443800E-02
    0.1823000000000       1.2295785567400E-02
    0.1824000000000       1.2302891089900E-02
    0.1825000000000       1.2309990000000E-02
    0.1826000000000       1.2317082286100E-02
    0.1827000000000       1.2324167936600E-02
    0.1828000000000       1.2331246940200E-02
    0.1829000000000       1.2338319285100E-02
    0.1830000000000       1.2345384960000E-02
    0.1831000000000       1.2352443953300E-02
    0.1832000000000       1.2359496253400E-02
    0.1833000000000       1.2366541849000E-02
    0.1834000000000       1.2373580728300E-02
    0.1835000000000       1.2380612880000E-02
    0.1836000000000       1.2387638292500E-02
    0.1837000000000       1.2394656954200E-02
    0.1838000000000       1.2401668853800E-02
    0.1839000000000       1.2408673979500E-02
    0.1840000000000       1.2415672320000E-02
    0.1841000000000       1.2422663863700E-02
    0.1842000000000       1.2429648599000E-02
    0.1843000000000       1.2436626514600E-02
    0.1844000000000       1.2443597598700E-02
    0.1845000000000       1.2450561840000E-02
    0.1846000000000       1.2457519226900E-02
    0.1847000000000       1.2464469747800E-02
    0.1848000000000       1.2471413391400E-02
    0.1849000000000       1.2478350145900E-02
    0.1850000000000       1.2485280000000E-02
    0.1851000000000       1.2492202942100E-02
    0.1852000000000       1.2499118960600E-02
    0.1853000000000       1.2506028044200E-02
    0.1854000000000       1.2512930181100E-02
    0.1855000000000       1.2519825360000E-02
    0.1856000000000       1.2526713569300E-02
    0.1857000000000       1.2533594797400E-02
    0.1858000000000       1.2540469033000E-02
    0.1859000000000       1.2547336264300E-02
    0.1860000000000       1.2554196480000E-02
    0.1861000000000       1.2561049668500E-02
    0.1862000000000       1.2567895818200E-02
    0.1863000000000       1.2574734917800E-02
    0.1864000000000       1.2581566955500E-02
    0.1865000000000       1.2588391920000E-02
    0.1866000000000       1.2595209799700E-02
    0.1867000000000       1.2602020583000E-02
    0.1868000000000       1.2608824258600E-02
    0.1869000000000       1.2615620814700E-02
    0.1870000000000       1.2622410240000E-02
    0.1871000000000       1.2629192522900E-02
    0.1872000000000       1.2635967651800E-02
    0.1873000000000       1.2642735615400E-02
    0.1874000000000       1.2649496401900E-02
    0.1875000000000       1.2656250000000E-02
    0.1876000000000       1.2662996398100E-02
    0.1877000000000       1.2669735584600E-02
    0.1878000000000       1.2676467548200E-02
    0.1879000000000       1.2683192277100E-02
    0.1880000000000       1.2689909760000E-02
    0.1881000000000       1.2696619985300E-02
    0.1882000000000       1.2703322941400E-02
    0.1883000000000       1.2710018617000E-02
    0.1884000000000       1.2716707000300E-02
    0.1885000000000       1.2723388080000E-02
    0.1886000000000       1.2730061844500E-02
    0.1887000000000       1.2736728282200E-02
    0.1888000000000       1.2743387381800E-02
    0.1889000000000       1.2750039131500E-02
    0.1890000000000       1.2756683520000E-02
    0.1891000000000       1.2763320535700E-02
    0.1892000000000       1.2769950167000E-02
    0.1893000000000       1.2776572402600E-02
    0.1894000000000       1.2783187230700E-02
    0.1895000000000       1.2789794640000E-02
    0.1896000000000       1.2796394618900E-02
    0.1897000000000       1.2802987155800E-02
    0.1898000000000       1.2809572239400E-02
    0.1899000000000       1.2816149857900E-02
    0.1900000000000       1.2822720000000E-02
    0.1901000000000       1.2829282654100E-02
    0.1902000000000       1.2835837808600E-02
    0.1903000000000       1.2842385452200E-02
    0.1904000000000       1.2848925573100E-02
    0.1905000000000       1.2855458160000E-02
    0.1906000000000       1.2861983201300E-02
    0.1907000000000       1.2868500685400E-02
    0.1908000000000       1.2875010601000E-02
    0.1909000000000       1.2881512936300E-02
    0.1910000000000       1.2888007680000E-02
    0.1911000000000       1.2894494820500E-02
    0.1912000000000       1.2900974346200E-02
    0.1913000000000       1.2907446245800E-02
    0.1914000000000       1.2913910507500E-02
    0.1915000000000       1.2920367120000E-02
    0.1916000000000       1.2926816071700E-02
    0.1917000000000       1.2933257351000E-02
    0.1918000000000       1.2939690946600E-02
    0.1919000000000       1.2946116846700E-02
    0.1920000000000       1.2952535040000E-02
    0.1921000000000       1.2958945514900E-02
    0.1922000000000       1.2965348259800E-02
    0.1923000000000       1.2971743263400E-02
    0.1924000000000       1.2978130513900E-02
    0.1925000000000       1.2984510000000E-02
    0.1926000000000       1.2990881710100E-02
    0.1927000000000       1.2997245632600E-02
    0.1928000000000       1.3003601756200E-02
    0.1929000000000       1.3009950069100E-02
    0.1930000000000       1.3016290560000E-02
    0.1931000000000       1.3022623217300E-02
    0.1932000000000       1.3028948029400E-02
    0.1933000000000       1.3035264985000E-02
    0.1934000000000       1.3041574072300E-02
    0.1935000000000       1.3047875280000E-02
    0.1936000000000       1.3054168596500E-02
    0.1937000000000       1.3060454010200E-02
    0.1938000000000       1.3066731509800E-02
    0.1939000000000       1.3073001083500E-02
    0.1940000000000       1.3079262720000E-02
    0.1941000000000       1.3085516407700E-02
    0.1942000000000       1.3091762135000E-02
    0.1943000000000       1.3097999890600E-02
    0.1944000000000       1.3104229662700E-02
    0.1945000000000       1.3110451440000E-02
    0.1946000000000       1.3116665210900E-02
    0.1947000000000       1.3122870963800E-02
    0.1948000000000       1.3129068687400E-02
    0.1949000000000       1.3135258369900E-02
    0.1950000000000       1.3141440000000E-02
    0.1951000000000       1.3147613566100E-02
    0.1952000000000       1.3153779056600E-02
    0.1953000000000       1.3159936460200E-02
    0.1954000000000       1.3166085765100E-02
    0.1955000000000       1.3172226960000E-02
    0.1956000000000       1.3178360033300E-02
    0.1957000000000       1.3184484973400E-02
    0.1958000000000       1.3190601769000E-02
    0.1959000000000       1.3196710408300E-02
    0.1960000000000       1.3202810880000E-02
    0.1961000000000       1.3208903172500E-02
    0.1962000000000       1.3214987274200E-02
    0.1963000000000       1.3221063173800E-02
    0.1964000000000       1.3227130859500E-02
    0.1965000000000       1.3233190320000E-02
    0.1966000000000       1.3239241543700E-02
    0.1967000000000       1.3245284519000E-02
    0.1968000000000       1.3251319234600E-02
    0.1969000000000       1.3257345678700E-02
    0.1970000000000       1.3263363840000E-02
    0.1971000000000       1.3269373706900E-02
    0.1972000000000       1.3275375267800E-02
    0.1973000000000       1.3281368511400E-02
    0.1974000000000       1.3287353425900E-02
    0.1975000000000       1.3293330000000E-02
    0.1976000000000       1.3299298222100E-02
    0.1977000000000       1.3305258080600E-02
    0.1978000000000       1.3311209564200E-02
    0.1979000000000       1.3317152661100E-02
    0.1980000000000       1.3323087360000E-02
    0.1981000000000       1.3329013649300E-02
    0.1982000000000       1.3334931517400E-02
    0.1983000000000       1.3340840953000E-02
    0.1984000000000       1.3346741944300E-02
    0.1985000000000       1.3352634480000E-02
    0.1986000000000       1.3358518548500E-02
    0.1987000000000       1.3364394138200E-02
    0.1988000000000       1.3370261237800E-02
    0.1989000000000       1.3376119835500E-02
    0.1990000000000       1.3381969920000E-02
    0.1991000000000       1.3387811479700E-02
    0.1992000000000       1.3393644503000E-02
    0.1993000000000       1.3399468978600E-02
    0.1994000000000       1.3405284894700E-02
    0.1995000000000       1.3411092240000E-02
    0.1996000000000       1.3416891002900E-02
    0.1997000000000       1.3422681171800E-02
    0.1998000000000       1.3428462735400E-02
    0.1999000000000       1.3434235681900E-02
    0.2000000000000       1.3440000000000E-02
    0.2001000000000       1.3445755678100E-02
    0.2002000000000       1.3451502704600E-02
    0.2003000000000       1.3457241068200E-02
    0.2004000000000       1.3462970757100E-02
    0.2005000000000       1.3468691760000E-02
    0.2006000000000       1.3474404065300E-02
    0.2007000000000       1.3480107661400E-02
    0.2008000000000       1.3485802537000E-02
    0.2009000000000       1.3491488680300E-02
    0.2010000000000       1.3497166080000E-02
    0.2011000000000       1.3502834724500E-02
    0.2012000000000       1.3508494602200E-02
    0.2013000000000       1.3514145701800E-02
    0.2014000000000       1.3519788011500E-02
    0.2015000000000       1.3525421520000E-02
    0.2016000000000       1.3531046215700E-02
    0.2017000000000       1.3536662087000E-02
    0.2018000000000       1.3542269122600E-02
    0.2019000000000       1.3547867310700E-02
    0.2020000000000       1.3553456640000E-02
    0.2021000000000       1.3559037098900E-02
    0.2022000000000       1.3564608675800E-02
    0.2023000000000       1.3570171359400E-02
    0.2024000000000       1.3575725137900E-02
    0.2025000000000       1.3581270000000E-02
    0.2026000000000       1.3586805934100E-02
    0.2027000000000       1.3592332928600E-02
    0.2028000000000       1.3597850972200E-02
    0.2029000000000       1.3603360053100E-02
    0.2030000000000       1.3608860160000E-02
    0.2031000000000       1.3614351281300E-02
    0.2032000000000       1.3619833405400E-02
    0.2033000000000       1.3625306521000E-02
    0.2034000000000       1.3630770616300E-02
    0.2035000000000       1.3636225680000E-02
    0.2036000000000       1.3641671700500E-02
    0.2037000000000       1.3647108666200E-02
    0.2038000000000       1.3652536565800E-02
    0.2039000000000       1.3657955387500E-02
    0.2040000000000       1.3663365120000E-02
    0.2041000000000       1.3668765751700E-02
    0.2042000000000       1.3674157271000E-02
    0.2043000000000       1.3679539666600E-02
    0.2044000000000       1.3684912926700E-02
    0.2045000000000       1.3690277040000E-02
    0.2046000000000       1.3695631994900E-02
    0.2047000000000       1.3700977779800E-02
    0.2048000000000       1.3706314383400E-02
    0.2049000000000       1.3711641793900E-02
    0.2050000000000       1.3716960000000E-02
    0.2051000000000       1.3722268990100E-02
    0.2052000000000       1.3727568752600E-02
    0.2053000000000       1.3732859276200E-02
    0.2054000000000       1.3738140549100E-02
    0.2055000000000       1.3743412560000E-02
    0.2056000000000       1.3748675297300E-02
    0.2057000000000       1.3753928749400E-02
    0.2058000000000       1.3759172905000E-02
    0.2059000000000       1.3764407752300E-02
    0.2060000000000       1.3769633280000E-02
    0.2061000000000       1.3774849476500E-02
    0.2062000000000       1.3780056330200E-02
    0.2063000000000       1.3785253829800E-02
    0.2064000000000       1.3790441963500E-02
    0.2065000000000       1.3795620720000E-02
    0.2066000000000       1.3800790087700E-02
    0.2067000000000       1.3805950055000E-02
    0.2068000000000       1.3811100610600E-02
    0.2069000000000       1.3816241742700E-02
    0.2070000000000       1.3821373440000E-02
    0.2071000000000       1.3826495690900E-02
    0.2072000000000       1.3831608483800E-02
    0.2073000000000       1.3836711807400E-02
    0.2074000000000       1.3841805649900E-02
    0.2075000000000       1.3846890000000E-02
    0.2076000000000       1.3851964846100E-02
    0.2077000000000       1.3857030176600E-02
    0.2078000000000       1.3862085980200E-02
    0.2079000000000       1.3867132245100E-02
    0.2080000000000       1.3872168960000E-02
    0.2081000000000       1.3877196113300E-02
    0.2082000000000       1.3882213693400E-02
    0.2083000000000       1.3887221689000E-02
    0.2084000000000       1.3892220088300E-02
    0.2085000000000       1.3897208880000E-02
    0.2086000000000       1.3902188052500E-02
    0.2087000000000       1.3907157594200E-02
    0.2088000000000       1.3912117493800E-02
    0.2089000000000       1.3917067739500E-02
    0.2090000000000       1.3922008320000E-02
    0.2091000000000       1.3926939223700E-02
    0.2092000000000       1.3931860439000E-02
    0.2093000000000       1.3936771954600E-02
    0.2094000000000       1.3941673758700E-02
    0.2095000000000       1.3946565840000E-02
    0.2096000000000       1.3951448186900E-02
    0.2097000000000       1.3956320787800E-02
    0.2098000000000       1.3961183631400E-02
    0.2099000000000       1.3966036705900E-02
    0.2100000000000       1.3970880000000E-02
    0.2101000000000       1.3975713502100E-02
    0.2102000000000       1.3980537200600E-02
    0.2103000000000       1.3985351084200E-02
    0.2104000000000       1.3990155141100E-02
    0.2105000000000       1.3994949360000E-02
    0.2106000000000       1.3999733729300E-02
    0.2107000000000       1.4004508237400E-02
    0.2108000000000       1.4009272873000E-02
    0.2109000000000       1.4014027624300E-02
    0.2110000000000       1.4018772480000E-02
    0.2111000000000       1.4023507428500E-02
    0.2112000000000       1.4028232458200E-02
    0.2113000000000       1.4032947557800E-02
    0.2114000000000       1.4037652715500E-02
    0.2115000000000       1.4042347920000E-02
    0.2116000000000       1.4047033159700E-02
    0.2117000000000       1.4051708423000E-02
    0.2118000000000       1.4056373698600E-02
    0.2119000000000       1.4061028974700E-02
    0.2120000000000       1.4065674240000E-02
    0.2121000000000       1.4070309482900E-02
    0.2122000000000       1.4074934691800E-02
    0.2123000000000       1.4079549855400E-02
    0.2124000000000       1.4084154961900E-02
    0.2125000000000       1.4088750000000E-02
    0.2126000000000       1.4093334958100E-02
    0.2127000000000       1.4097909824600E-02
    0.2128000000000       1.4102474588200E-02
    0.2129000000000       1.4107029237100E-02
    0.2130000000000       1.4111573760000E-02
    0.2131000000000       1.4116108145300E-02
    0.2132000000000       1.4120632381400E-02
    0.2133000000000       1.4125146457000E-02
    0.2134000000000       1.4129650360300E-02
    0.2135000000000       1.4134144080000E-02
    0.2136000000000       1.4138627604500E-02
    0.2137000000000       1.4143100922200E-02
    0.2138000000000       1.4147564021800E-02
    0.2139000000000       1.4152016891500E-02
    0.2140000000000       1.4156459520000E-02
    0.2141000000000       1.4160891895700E-02
    0.2142000000000       1.4165314007000E-02
    0.2143000000000       1.4169725842600E-02
    0.2144000000000       1.4174127390700E-02
    0.2145000000000       1.4178518640000E-02
    0.2146000000000       1.4182899578900E-02
    0.2147000000000       1.4187270195800E-02
    0.2148000000000       1.4191630479400E-02
    0.2149000000000       1.4195980417900E-02
    0.2150000000000       1.4200320000000E-02
    0.2151000000000       1.4204649214100E-02
    0.2152000000000       1.4208968048600E-02
    0.2153000000000       1.4213276492200E-02
    0.2154000000000       1.4217574533100E-02
    0.2155000000000       1.4221862160000E-02
    0.2156000000000       1.4226139361300E-02
    0.2157000000000       1.4230406125400E-02
    0.2158000000000       1.4234662441000E-02
    0.2159000000000       1.4238908296300E-02
    0.2160000000000       1.4243143680000E-02
    0.2161000000000       1.4247368580500E-02
    0.2162000000000       1.4251582986200E-02
    0.2163000000000       1.4255786885800E-02
    0.2164000000000       1.4259980267500E-02
    0.2165000000000       1.4264163120000E-02
    0.2166000000000       1.4268335431700E-02
    0.2167000000000       1.4272497191000E-02
    0.2168000000000       1.4276648386600E-02
    0.2169000000000       1.4280789006700E-02
    0.2170000000000       1.4284919040000E-02
    0.2171000000000       1.4289038474900E-02
    0.2172000000000       1.4293147299800E-02
    0.2173000000000       1.4297245503400E-02
    0.2174000000000       1.4301333073900E-02
    0.2175000000000       1.4305410000000E-02
    0.2176000000000       1.4309476270100E-02
    0.2177000000000       1.4313531872600E-02
    0.2178000000000       1.4317576796200E-02
    0.2179000000000       1.4321611029100E-02
    0.2180000000000       1.4325634560000E-02
    0.2181000000000       1.4329647377300E-02
    0.2182000000000       1.4333649469400E-02
    0.2183000000000       1.4337640825000E-02
    0.2184000000000       1.4341621432300E-02
    0.2185000000000       1.4345591280000E-02
    0.2186000000000       1.4349550356500E-02
    0.2187000000000       1.4353498650200E-02
    0.2188000000000       1.4357436149800E-02
    0.2189000000000       1.4361362843500E-02
    0.2190000000000       1.4365278720000E-02
    0.2191000000000       1.4369183767700E-02
    0.2192000000000       1.4373077975000E-02
    0.2193000000000       1.4376961330600E-02
    0.2194000000000       1.4380833822700E-02
    0.2195000000000       1.4384695440000E-02
    0.2196000000000       1.4388546170900E-02
    0.2197000000000       1.4392386003800E-02
    0.2198000000000       1.4396214927400E-02
    0.2199000000000       1.4400032929900E-02
    0.2200000000000       1.4403840000000E-02
    0.2201000000000       1.4407636126100E-02
    0.2202000000000       1.4411421296600E-02
    0.2203000000000       1.4415195500200E-02
    0.2204000000000       1.4418958725100E-02
    0.2205000000000       1.4422710960000E-02
    0.2206000000000       1.4426452193300E-02
    0.2207000000000       1.4430182413400E-02
    0.2208000000000       1.4433901609000E-02
    0.2209000000000       1.4437609768300E-02
    0.2210000000000       1.4441306880000E-02
    0.2211000000000       1.4444992932500E-02
    0.2212000000000       1.4448667914200E-02
    0.2213000000000       1.4452331813800E-02
    0.2214000000000       1.4455984619500E-02
    0.2215000000000       1.4459626320000E-02
    0.2216000000000       1.4463256903700E-02
    0.2217000000000       1.4466876359000E-02
    0.2218000000000       1.4470484674600E-02
    0.2219000000000       1.4474081838700E-02
    0.2220000000000       1.4477667840000E-02
    0.2221000000000       1.4481242666900E-02
    0.2222000000000       1.4484806307800E-02
    0.2223000000000       1.4488358751400E-02
    0.2224000000000       1.4491899985900E-02
    0.2225000000000       1.4495430000000E-02
    0.2226000000000       1.4498948782100E-02
    0.2227000000000       1.4502456320600E-02
    0.2228000000000       1.4505952604200E-02
    0.2229000000000       1.4509437621100E-02
    0.2230000000000       1.4512911360000E-02
    0.2231000000000       1.4516373809300E-02
    0.2232000000000       1.4519824957400E-02
    0.2233000000000       1.4523264793000E-02
    0.2234000000000       1.4526693304300E-02
    0.2235000000000       1.4530110480000E-02
    0.2236000000000       1.4533516308500E-02
    0.2237000000000       1.4536910778200E-02
    0.2238000000000       1.4540293877800E-02
    0.2239000000000       1.4543665595500E-02
    0.2240000000000       1.4547025920000E-02
    0.2241000000000       1.4550374839700E-02
    0.2242000000000       1.4553712343000E-02
    0.2243000000000       1.4557038418600E-02
    0.2244000000000       1.4560353054700E-02
    0.2245000000000       1.4563656240000E-02
    0.2246000000000       1.4566947962900E-02
    0.2247000000000       1.4570228211800E-02
    0.2248000000000       1.4573496975400E-02
    0.2249000000000       1.4576754241900E-02
    0.2250000000000       1.4580000000000E-02
    0.2251000000000       1.4583234238100E-02
    0.2252000000000       1.4586456944600E-02
    0.2253000000000       1.4589668108200E-02
    0.2254000000000       1.4592867717100E-02
    0.2255000000000       1.4596055760000E-02
    0.2256000000000       1.4599232225300E-02
    0.2257000000000       1.4602397101400E-02
    0.2258000000000       1.4605550377000E-02
    0.2259000000000       1.4608692040300E-02
    0.2260000000000       1.4611822080000E-02
    0.2261000000000       1.4614940484500E-02
    0.2262000000000       1.4618047242200E-02
    0.2263000000000       1.4621142341800E-02
    0.2264000000000       1.4624225771500E-02
    0.2265000000000       1.4627297520000E-02
    0.2266000000000       1.4630357575700E-02
    0.2267000000000       1.4633405927000E-02
    0.2268000000000       1.4636442562600E-02
    0.2269000000000       1.4639467470700E-02
    0.2270000000000       1.4642480640000E-02
    0.2271000000000       1.4645482058900E-02
    0.2272000000000       1.4648471715800E-02
    0.2273000000000       1.4651449599400E-02
    0.2274000000000       1.4654415697900E-02
    0.2275000000000       1.4657370000000E-02
    0.2276000000000       1.4660312494100E-02
    0.2277000000000       1.4663243168600E-02
    0.2278000000000       1.4666162012200E-02
    0.2279000000000       1.4669069013100E-02
    0.2280000000000       1.4671964160000E-02
    0.2281000000000       1.4674847441300E-02
    0.2282000000000       1.4677718845400E-02
    0.2283000000000       1.4680578361000E-02
    0.2284000000000       1.4683425976300E-02
    0.2285000000000       1.4686261680000E-02
    0.2286000000000       1.4689085460500E-02
    0.2287000000000       1.4691897306200E-02
    0.2288000000000       1.4694697205800E-02
    0.2289000000000       1.4697485147500E-02
    0.2290000000000       1.4700261120000E-02
    0.2291000000000       1.4703025111700E-02
    0.2292000000000       1.4705777111000E-02
    0.2293000000000       1.4708517106600E-02
    0.2294000000000       1.4711245086700E-02
    0.2295000000000       1.4713961040000E-02
    0.2296000000000       1.4716664954900E-02
    0.2297000000000       1.4719356819800E-02
    0.2298000000000       1.4722036623400E-02
    0.2299000000000       1.4724704353900E-02
    0.2300000000000       1.4727360000000E-02
    0.2301000000000       1.4730003550100E-02
    0.2302000000000       1.4732634992600E-02
    0.2303000000000       1.4735254316200E-02
    0.2304000000000       1.4737861509100E-02
    0.2305000000000       1.4740456560000E-02
    0.2306000000000       1.4743039457300E-02
    0.2307000000000       1.4745610189400E-02
    0.2308000000000       1.4748168745000E-02
    0.2309000000000       1.4750715112300E-02
    0.2310000000000       1.4753249280000E-02
    0.2311000000000       1.4755771236500E-02
    0.2312000000000       1.4758280970200E-02
    0.2313000000000       1.4760778469800E-02
    0.2314000000000       1.4763263723500E-02
    0.2315000000000       1.4765736720000E-02
    0.2316000000000       1.4768197447700E-02
    0.2317000000000       1.4770645895000E-02
    0.2318000000000       1.4773082050600E-02
    0.2319000000000       1.4775505902700E-02
    0.2320000000000       1.4777917440000E-02
    0.2321000000000       1.4780316650900E-02
    0.2322000000000       1.4782703523800E-02
    0.2323000000000       1.4785078047400E-02
    0.2324000000000       1.4787440209900E-02
    0.2325000000000       1.4789790000000E-02
    0.2326000000000       1.4792127406100E-02
    0.2327000000000       1.4794452416600E-02
    0.2328000000000       1.4796765020200E-02
    0.2329000000000       1.4799065205100E-02
    0.2330000000000       1.4801352960000E-02
    0.2331000000000       1.4803628273300E-02
    0.2332000000000       1.4805891133400E-02
    0.2333000000000       1.4808141529000E-02
    0.2334000000000       1.4810379448300E-02
    0.2335000000000       1.4812604880000E-02
    0.2336000000000       1.4814817812500E-02
    0.2337000000000       1.4817018234200E-02
    0.2338000000000       1.4819206133800E-02
    0.2339000000000       1.4821381499500E-02
    0.2340000000000       1.4823544320000E-02
    0.2341000000000       1.4825694583700E-02
    0.2342000000000       1.4827832279000E-02
    0.2343000000000       1.4829957394600E-02
    0.2344000000000       1.4832069918700E-02
    0.2345000000000       1.4834169840000E-02
    0.2346000000000       1.4836257146900E-02
    0.2347000000000       1.4838331827800E-02
    0.2348000000000       1.4840393871400E-02
    0.2349000000000       1.4842443265900E-02
    0.2350000000000       1.4844480000000E-02
    0.2351000000000       1.4846504062100E-02
    0.2352000000000       1.4848515440600E-02
    0.2353000000000       1.4850514124200E-02
    0.2354000000000       1.4852500101100E-02
    0.2355000000000       1.4854473360000E-02
    0.2356000000000       1.4856433889300E-02
    0.2357000000000       1.4858381677400E-02
    0.2358000000000       1.4860316713000E-02
    0.2359000000000       1.4862238984300E-02
    0.2360000000000       1.4864148480000E-02
    0.2361000000000       1.4866045188500E-02
    0.2362000000000       1.4867929098200E-02
    0.2363000000000       1.4869800197800E-02
    0.2364000000000       1.4871658475500E-02
    0.2365000000000       1.4873503920000E-02
    0.2366000000000       1.4875336519700E-02
    0.2367000000000       1.4877156263000E-02
    0.2368000000000       1.4878963138600E-02
    0.2369000000000       1.4880757134700E-02
    0.2370000000000       1.4882538240000E-02
    0.2371000000000       1.4884306442900E-02
    0.2372000000000       1.4886061731800E-02
    0.2373000000000       1.4887804095400E-02
    0.2374000000000       1.4889533521900E-02
    0.2375000000000       1.4891250000000E-02
    0.2376000000000       1.4892953518100E-02
    0.2377000000000       1.4894644064600E-02
    0.2378000000000       1.4896321628200E-02
    0.2379000000000       1.4897986197100E-02
    0.2380000000000       1.4899637760000E-02
    0.2381000000000       1.4901276305300E-02
    0.2382000000000       1.4902901821400E-02
    0.2383000000000       1.4904514297000E-02
    0.2384000000000       1.4906113720300E-02
    0.2385000000000       1.4907700080000E-02
    0.2386000000000       1.4909273364500E-02
    0.2387000000000       1.4910833562200E-02
    0.2388000000000       1.4912380661800E-02
    0.2389000000000       1.4913914651500E-02
    0.2390000000000       1.4915435520000E-02
    0.2391000000000       1.4916943255700E-02
    0.2392000000000       1.4918437847000E-02
    0.2393000000000       1.4919919282600E-02
    0.2394000000000       1.4921387550700E-02
    0.2395000000000       1.4922842640000E-02
    0.2396000000000       1.4924284538900E-02
    0.2397000000000       1.4925713235800E-02
    0.2398000000000       1.4927128719400E-02
    0.2399000000000       1.4928530977900E-02
    0.2400000000000       1.4929920000000E-02
    0.2401000000000       1.4931295774100E-02
    0.2402000000000       1.4932658288600E-02
    0.2403000000000       1.4934007532200E-02
    0.2404000000000       1.4935343493100E-02
    0.2405000000000       1.4936666160000E-02
    0.2406000000000       1.4937975521300E-02
    0.2407000000000       1.4939271565400E-02
    0.2408000000000       1.4940554281000E-02
    0.2409000000000       1.4941823656300E-02
    0.2410000000000       1.4943079680000E-02
    0.2411000000000       1.4944322340500E-02
    0.2412000000000       1.4945551626200E-02
    0.2413000000000       1.4946767525800E-02
    0.2414000000000       1.4947970027500E-02
    0.2415000000000       1.4949159120000E-02
    0.2416000000000       1.4950334791700E-02
    0.2417000000000       1.4951497031000E-02
    0.2418000000000       1.4952645826600E-02
    0.2419000000000       1.4953781166700E-02
    0.2420000000000       1.4954903040000E-02
    0.2421000000000       1.4956011434900E-02
    0.2422000000000       1.4957106339800E-02
    0.2423000000000       1.4958187743400E-02
    0.2424000000000       1.4959255633900E-02
    0.2425000000000       1.4960310000000E-02
    0.2426000000000       1.4961350830100E-02
    0.2427000000000       1.4962378112600E-02
    0.2428000000000       1.4963391836200E-02
    0.2429000000000       1.4964391989100E-02
    0.2430000000000       1.4965378560000E-02
    0.2431000000000       1.4966351537300E-02
    0.2432000000000       1.4967310909400E-02
    0.2433000000000       1.4968256665000E-02
    0.2434000000000       1.4969188792300E-02
    0.2435000000000       1.4970107280000E-02
    0.2436000000000       1.4971012116500E-02
    0.2437000000000       1.4971903290200E-02
    0.2438000000000       1.4972780789800E-02
    0.2439000000000       1.4973644603500E-02
    0.2440000000000       1.4974494720000E-02
    0.2441000000000       1.4975331127700E-02
    0.2442000000000       1.4976153815000E-02
    0.2443000000000       1.4976962770600E-02
    0.2444000000000       1.4977757982700E-02
    0.2445000000000       1.4978539440000E-02
    0.2446000000000       1.4979307130900E-02
    0.2447000000000       1.4980061043800E-02
    0.2448000000000       1.4980801167400E-02
    0.2449000000000       1.4981527489900E-02
    0.2450000000000       1.4982240000000E-02
    0.2451000000000       1.4982938686100E-02
    0.2452000000000       1.4983623536600E-02
    0.2453000000000       1.4984294540200E-02
    0.2454000000000       1.4984951685100E-02
    0.2455000000000       1.4985594960000E-02
    0.2456000000000       1.4986224353300E-02
    0.2457000000000       1.4986839853400E-02
    0.2458000000000       1.4987441449000E-02
    0.2459000000000       1.4988029128300E-02
    0.2460000000000       1.4988602880000E-02
    0.2461000000000       1.4989162692500E-02
    0.2462000000000       1.4989708554200E-02
    0.2463000000000       1.4990240453800E-02
    0.2464000000000       1.4990758379500E-02
    0.2465000000000       1.4991262320000E-02
    0.2466000000000       1.4991752263700E-02
    0.2467000000000       1.4992228199000E-02
    0.2468000000000       1.4992690114600E-02
    0.2469000000000       1.4993137998700E-02
    0.2470000000000       1.4993571840000E-02
    0.2471000000000       1.4993991626900E-02
    0.2472000000000       1.4994397347800E-02
    0.2473000000000       1.4994788991400E-02
    0.2474000000000       1.4995166545900E-02
    0.2475000000000       1.4995530000000E-02
    0.2476000000000       1.4995879342100E-02
    0.2477000000000       1.4996214560600E-02
    0.2478000000000       1.4996535644200E-02
    0.2479000000000       1.4996842581100E-02
    0.2480000000000       1.4997135360000E-02
    0.2481000000000       1.4997413969300E-02
    0.2482000000000       1.4997678397400E-02
    0.2483000000000       1.4997928633000E-02
    0.2484000000000       1.4998164664300E-02
    0.2485000000000       1.4998386480000E-02
    0.2486000000000       1.4998594068500E-02
    0.2487000000000       1.4998787418200E-02
    0.2488000000000       1.4998966517800E-02
    0.2489000000000       1.4999131355500E-02
    0.2490000000000       1.4999281920000E-02
    0.2491000000000       1.4999418199700E-02
    0.2492000000000       1.4999540183000E-02
    0.2493000000000       1.4999647858600E-02
    0.2494000000000       1.4999741214700E-02
    0.2495000000000       1.4999820240000E-02
    0.2496000000000       1.4999884922900E-02
    0.2497000000000       1.4999935251800E-02
    0.2498000000000       1.4999971215400E-02
    0.2499000000000       1.4999992801900E-02
    0.2500000000000       1.5000000000000E-02
    0.2501000000000       1.4999992801900E-02
    0.2502000000000       1.4999971215400E-02
    0.2503000000000       1.4999935251800E-02
    0.2504000000000       1.4999884922900E-02
    0.2505000000000       1.4999820240000E-02
    0.2506000000000       1.4999741214700E-02
    0.2507000000000       1.4999647858600E-02
    0.2508000000000       1.4999540183000E-02
    0.2509000000000       1.4999418199700E-02
    0.2510000000000       1.4999281920000E-02
    0.2511000000000       1.4999131355500E-02
    0.2512000000000       1.4998966517800E-02
    0.2513000000000       1.4998787418200E-02
    0.2514000000000       1.4998594068500E-02
    0.2515000000000       1.4998386480000E-02
    0.2516000000000       1.4998164664300E-02
    0.2517000000000       1.4997928633000E-02
    0.2518000000000       1.4997678397400E-02
    0.2519000000000       1.4997413969300E-02
    0.2520000000000       1.4997135360000E-02
    0.2521000000000       1.4996842581100E-02
    0.2522000000000       1.4996535644200E-02
    0.2523000000000       1.4996214560600E-02
    0.2524000000000       1.4995879342100E-02
    0.2525000000000       1.4995530000000E-02
    0.2526000000000       1.4995166545900E-02
    0.2527000000000       1.4994788991400E-02
    0.2528000000000       1.4994397347800E-02
    0.2529000000000       1.4993991626900E-02
    0.2530000000000       1.4993571840000E-02
    0.2531000000000       1.4993137998700E-02
    0.2532000000000       1.4992690114600E-02
    0.2533000000000       1.4992228199000E-02
    0.2534000000000       1.4991752263700E-02
    0.2535000000000       1.4991262320000E-02
    0.2536000000000       1.4990758379500E-02
    0.2537000000000       1.4990240453800E-02
    0.2538000000000       1.4989708554200E-02
    0.2539000000000       1.4989162692500E-02
    0.2540000000000       1.4988602880000E-02
    0.2541000000000       1.4988029128300E-02
    0.2542000000000       1.4987441449000E-02
    0.2543000000000       1.4986839853400E-02
    0.2544000000000       1.4986224353300E-02
    0.2545000000000       1.4985594960000E-02
    0.2546000000000       1.4984951685100E-02
    0.2547000000000       1.4984294540200E-02
    0.2548000000000       1.4983623536600E-02
    0.2549000000000       1.4982938686100E-02
    0.2550000000000       1.4982240000000E-02
    0.2551000000000       1.4981527489900E-02
    0.2552000000000       1.4980801167400E-02
    0.2553000000000       1.4980061043800E-02
    0.2554000000000       1.4979307130900E-02
    0.2555000000000       1.4978539440000E-02
    0.2556000000000       1.4977757982700E-02
    0.2557000000000       1.4976962770600E-02
    0.2558000000000       1.4976153815000E-02
    0.2559000000000       1.4975331127700E-02
    0.2560000000000       1.4974494720000E-02
    0.2561000000000       1.4973644603500E-02
    0.2562000000000       1.4972780789800E-02
    0.2563000000000       1.4971903290200E-02
    0.2564000000000       1.4971012116500E-02
    0.2565000000000       1.4970107280000E-02
    0.2566000000000       1.4969188792300E-02
    0.2567000000000       1.4968256665000E-02
    0.2568000000000       1.4967310909400E-02
    0.2569000000000       1.4966351537300E-02
    0.2570000000000       1.4965378560000E-02
    0.2571000000000       1.4964391989100E-02
    0.2572000000000       1.4963391836200E-02
    0.2573000000000       1.4962378112600E-02
    0.2574000000000       1.4961350830100E-02
    0.2575000000000       1.4960310000000E-02
    0.2576000000000       1.4959255633900E-02
    0.2577000000000       1.4958187743400E-02
    0.2578000000000       1.4957106339800E-02
    0.2579000000000       1.4956011434900E-02
    0.2580000000000       1.4954903040000E-02
    0.2581000000000       1.4953781166700E-02
    0.2582000000000       1.4952645826600E-02
    0.2583000000000       1.4951497031000E-02
    0.2584000000000       1.4950334791700E-02
    0.2585000000000       1.4949159120000E-02
    0.2586000000000       1.4947970027500E-02
    0.2587000000000       1.4946767525800E-02
    0.2588000000000       1.4945551626200E-02
    0.2589000000000       1.4944322340500E-02
    0.2590000000000       1.4943079680000E-02
    0.2591000000000       1.4941823656300E-02
    0.2592000000000       1.4940554281000E-02
    0.2593000000000       1.4939271565400E-02
    0.2594000000000       1.4937975521300E-02
    0.2595000000000       1.4936666160000E-02
    0.2596000000000       1.4935343493100E-02
    0.2597000000000       1.4934007532200E-02
    0.2598000000000       1.4932658288600E-02
    0.2599000000000       1.4931295774100E-02
    0.2600000000000       1.4929920000000E-02
    0.2601000000000       1.4928530977900E-02
    0.2602000000000       1.4927128719400E-02
    0.2603000000000       1.4925713235800E-02
    0.2604000000000       1.4924284538900E-02
    0.2605000000000       1.4922842640000E-02
    0.2606000000000       1.4921387550700E-02
    0.2607000000000       1.4919919282600E-02
    0.2608000000000       1.4918437847000E-02
    0.2609000000000       1.4916943255700E-02
    0.2610000000000       1.4915435520000E-02
    0.2611000000000       1.4913914651500E-02
    0.2612000000000       1.4912380661800E-02
    0.2613000000000       1.4910833562200E-02
    0.2614000000000       1.4909273364500E-02
    0.2615000000000       1.4907700080000E-02
    0.2616000000000       1.4906113720300E-02
    0.2617000000000       1.4904514297000E-02
    0.2618000000000       1.4902901821400E-02
    0.2619000000000       1.4901276305300E-02
    0.2620000000000       1.4899637760000E-02
    0.2621000000000       1.4897986197100E-02
    0.2622000000000       1.4896321628200E-02
    0.2623000000000       1.4894644064600E-02
    0.2624000000000       1.4892953518100E-02
    0.2625000000000       1.4891250000000E-02
    0.2626000000000       1.4889533521900E-02
    0.2627000000000       1.4887804095400E-02
    0.2628000000000       1.4886061731800E-02
    0.2629000000000       1.4884306442900E-02
    0.2630000000000       1.4882538240000E-02
    0.2631000000000       1.4880757134700E-02
    0.2632000000000       1.4878963138600E-02
    0.2633000000000       1.4877156263000E-02
    0.2634000000000       1.4875336519700E-02
    0.2635000000000       1.4873503920000E-02
    0.2636000000000       1.4871658475500E-02
    0.2637000000000       1.4869800197800E-02
    0.2638000000000       1.4867929098200E-02
    0.2639000000000       1.4866045188500E-02
    0.2640000000000       1.4864148480000E-02
    0.2641000000000       1.4862238984300E-02
    0.2642000000000       1.4860316713000E-02
    0.2643000000000       1.4858381677400E-02
    0.2644000000000       1.4856433889300E-02
    0.2645000000000       1.4854473360000E-02
    0.2646000000000       1.4852500101100E-02
    0.2647000000000       1.4850514124200E-02
    0.2648000000000       1.4848515440600E-02
    0.2649000000000       1.4846504062100E-02
    0.2650000000000       1.4844480000000E-02
    0.2651000000000       1.4842443265900E-02
    0.2652000000000       1.4840393871400E-02
    0.2653000000000       1.4838331827800E-02
    0.2654000000000       1.4836257146900E-02
    0.2655000000000       1.4834169840000E-02
    0.2656000000000       1.4832069918700E-02
    0.2657000000000       1.4829957394600E-02
    0.2658000000000       1.4827832279000E-02
    0.2659000000000       1.4825694583700E-02
    0.2660000000000       1.4823544320000E-02
    0.2661000000000       1.4821381499500E-02
    0.2662000000000       1.4819206133800E-02
    0.2663000000000       1.4817018234200E-02
    0.2664000000000       1.4814817812500E-02
    0.2665000000000       1.4812604880000E-02
    0.2666000000000       1.4810379448300E-02
    0.2667000000000       1.4808141529000E-02
    0.2668000000000       1.4805891133400E-02
    0.2669000000000       1.4803628273300E-02
    0.2670000000000       1.4801352960000E-02
    0.2671000000000       1.4799065205100E-02
    0.2672000000000       1.4796765020200E-02
    0.2673000000000       1.4794452416600E-02
    0.2674000000000       1.4792127406100E-02
    0.2675000000000       1.4789790000000E-02
    0.2676000000000       1.4787440209900E-02
    0.2677000000000       1.4785078047400E-02
    0.2678000000000       1.4782703523800E-02
    0.2679000000000       1.4780316650900E-02
    0.2680000000000       1.4777917440000E-02
    0.2681000000000       1.4775505902700E-02
    0.2682000000000       1.4773082050600E-02
    0.2683000000000       1.4770645895000E-02
    0.2684000000000       1.4768197447700E-02
    0.2685000000000       1.4765736720000E-02
    0.2686000000000       1.4763263723500E-02
    0.2687000000000       1.4760778469800E-02
    0.2688000000000       1.4758280970200E-02
    0.2689000000000       1.4755771236500E-02
    0.2690000000000       1.4753249280000E-02
    0.2691000000000       1.4750715112300E-02
    0.2692000000000       1.4748168745000E-02
    0.2693000000000       1.4745610189400E-02
    0.2694000000000       1.4743039457300E-02
    0.2695000000000       1.4740456560000E-02
    0.2696000000000       1.4737861509100E-02
    0.2697000000000       1.4735254316200E-02
    0.2698000000000       1.4732634992600E-02
    0.2699000000000       1.4730003550100E-02
    0.2700000000000       1.4727360000000E-02
    0.2701000000000       1.4724704353900E-02
    0.2702000000000       1.4722036623400E-02
    0.2703000000000       1.4719356819800E-02
    0.2704000000000       1.4716664954900E-02
    0.2705000000000       1.4713961040000E-02
    0.2706000000000       1.4711245086700E-02
    0.2707000000000       1.4708517106600E-02
    0.2708000000000       1.4705777111000E-02
    0.2709000000000       1.4703025111700E-02
    0.2710000000000       1.4700261120000E-02
    0.2711000000000       1.4697485147500E-02
    0.2712000000000       1.4694697205800E-02
    0.2713000000000       1.4691897306200E-02
    0.2714000000000       1.4689085460500E-02
    0.2715000000000       1.4686261680000E-02
    0.2716000000000       1.4683425976300E-02
    0.2717000000000       1.4680578361000E-02
    0.2718000000000       1.4677718845400E-02
    0.2719000000000       1.4674847441300E-02
    0.2720000000000       1.4671964160000E-02
    0.2721000000000       1.4669069013100E-02
    0.2722000000000       1.4666162012200E-02
    0.2723000000000       1.4663243168600E-02
    0.2724000000000       1.4660312494100E-02
    0.2725000000000       1.4657370000000E-02
    0.2726000000000       1.4654415697900E-02
    0.2727000000000       1.4651449599400E-02
    0.2728000000000       1.4648471715800E-02
    0.2729000000000       1.4645482058900E-02
    0.2730000000000       1.4642480640000E-02
    0.2731000000000       1.4639467470700E-02
    0.2732000000000       1.4636442562600E-02
    0.2733000000000       1.4633405927000E-02
    0.2734000000000       1.4630357575700E-02
    0.2735000000000       1.4627297520000E-02
    0.2736000000000       1.4624225771500E-02
    0.2737000000000       1.4621142341800E-02
    0.2738000000000       1.4618047242200E-02
    0.2739000000000       1.4614940484500E-02
    0.2740000000000       1.4611822080000E-02
    0.2741000000000       1.4608692040300E-02
    0.2742000000000       1.4605550377000E-02
    0.2743000000000       1.4602397101400E-02
    0.2744000000000       1.4599232225300E-02
    0.2745000000000       1.4596055760000E-02
    0.2746000000000       1.4592867717100E-02
    0.2747000000000       1.4589668108200E-02
    0.2748000000000       1.4586456944600E-02
    0.2749000000000       1.4583234238100E-02
    0.2750000000000       1.4580000000000E-02
    0.2751000000000       1.4576754241900E-02
    0.2752000000000       1.4573496975400E-02
    0.2753000000000       1.4570228211800E-02
    0.2754000000000       1.4566947962900E-02
    0.2755000000000       1.4563656240000E-02
    0.2756000000000       1.4560353054700E-02
    0.2757000000000       1.4557038418600E-02
    0.2758000000000       1.4553712343000E-02
    0.2759000000000       1.4550374839700E-02
    0.2760000000000       1.4547025920000E-02
    0.2761000000000       1.4543665595500E-02
    0.2762000000000       1.4540293877800E-02
    0.2763000000000       1.4536910778200E-02
    0.2764000000000       1.4533516308500E-02
    0.2765000000000       1.4530110480000E-02
    0.2766000000000       1.4526693304300E-02
    0.2767000000000       1.4523264793000E-02
    0.2768000000000       1.4519824957400E-02
    0.2769000000000       1.4516373809300E-02
    0.2770000000000       1.4512911360000E-02
    0.2771000000000       1.4509437621100E-02
    0.2772000000000       1.4505952604200E-02
    0.2773000000000       1.4502456320600E-02
    0.2774000000000       1.4498948782100E-02
    0.2775000000000       1.4495430000000E-02
    0.2776000000000       1.4491899985900E-02
    0.2777000000000       1.4488358751400E-02
    0.2778000000000       1.4484806307800E-02
    0.2779000000000       1.4481242666900E-02
    0.2780000000000       1.4477667840000E-02
    0.2781000000000       1.4474081838700E-02
    0.2782000000000       1.4470484674600E-02
    0.2783000000000       1.4466876359000E-02
    0.2784000000000       1.4463256903700E-02
    0.2785000000000       1.4459626320000E-02
    0.2786000000000       1.4455984619500E-02
    0.2787000000000       1.4452331813800E-02
    0.2788000000000       1.4448667914200E-02
    0.2789000000000       1.4444992932500E-02
    0.2790000000000       1.4441306880000E-02
    0.2791000000000       1.4437609768300E-02
    0.2792000000000       1.4433901609000E-02
    0.2793000000000       1.4430182413400E-02
    0.2794000000000       1.4426452193300E-02
    0.2795000000000       1.4422710960000E-02
    0.2796000000000       1.4418958725100E-02
    0.2797000000000       1.4415195500200E-02
    0.2798000000000       1.4411421296600E-02
    0.2799000000000       1.4407636126100E-02
    0.2800000000000       1.4403840000000E-02
    0.2801000000000       1.4400032929900E-02
    0.2802000000000       1.4396214927400E-02
    0.2803000000000       1.4392386003800E-02
    0.2804000000000       1.4388546170900E-02
    0.2805000000000       1.4384695440000E-02
    0.2806000000000       1.4380833822700E-02
    0.2807000000000       1.4376961330600E-02
    0.2808000000000       1.4373077975000E-02
    0.2809000000000       1.4369183767700E-02
    0.2810000000000       1.4365278720000E-02
    0.2811000000000       1.4361362843500E-02
    0.2812000000000       1.4357436149800E-02
    0.2813000000000       1.4353498650200E-02
    0.2814000000000       1.4349550356500E-02
    0.2815000000000       1.4345591280000E-02
    0.2816000000000       1.4341621432300E-02
    0.2817000000000       1.4337640825000E-02
    0.2818000000000       1.4333649469400E-02
    0.2819000000000       1.4329647377300E-02
    0.2820000000000       1.4325634560000E-02
    0.2821000000000       1.4321611029100E-02
    0.2822000000000       1.4317576796200E-02
    0.2823000000000       1.4313531872600E-02
    0.2824000000000       1.4309476270100E-02
    0.2825000000000       1.4305410000000E-02
    0.2826000000000       1.4301333073900E-02
    0.2827000000000       1.4297245503400E-02
    0.2828000000000       1.4293147299800E-02
    0.2829000000000       1.4289038474900E-02
    0.2830000000000       1.4284919040000E-02
    0.2831000000000       1.4280789006700E-02
    0.2832000000000       1.4276648386600E-02
    0.2833000000000       1.4272497191000E-02
    0.2834000000000       1.4268335431700E-02
    0.2835000000000       1.4264163120000E-02
    0.2836000000000       1.4259980267500E-02
    0.2837000000000       1.4255786885800E-02
    0.2838000000000       1.4251582986200E-02
    0.2839000000000       1.4247368580500E-02
    0.2840000000000       1.4243143680000E-02
    0.2841000000000       1.4238908296300E-02
    0.2842000000000       1.4234662441000E-02
    0.2843000000000       1.4230406125400E-02
    0.2844000000000       1.4226139361300E-02
    0.2845000000000       1.4221862160000E-02
    0.2846000000000       1.4217574533100E-02
    0.2847000000000       1.4213276492200E-02
    0.2848000000000       1.4208968048600E-02
    0.2849000000000       1.4204649214100E-02
    0.2850000000000       1.4200320000000E-02
    0.2851000000000       1.4195980417900E-02
    0.2852000000000       1.4191630479400E-02
    0.2853000000000       1.4187270195800E-02
    0.2854000000000       1.4182899578900E-02
    0.2855000000000       1.4178518640000E-02
    0.2856000000000       1.4174127390700E-02
    0.2857000000000       1.4169725842600E-02
    0.2858000000000       1.4165314007000E-02
    0.2859000000000       1.4160891895700E-02
    0.2860000000000       1.4156459520000E-02
    0.2861000000000       1.4152016891500E-02
    0.2862000000000       1.4147564021800E-02
    0.2863000000000       1.4143100922200E-02
    0.2864000000000       1.4138627604500E-02
    0.2865000000000       1.4134144080000E-02
    0.2866000000000       1.4129650360300E-02
    0.2867000000000       1.4125146457000E-02
    0.2868000000000       1.4120632381400E-02
    0.2869000000000       1.4116108145300E-02
    0.2870000000000       1.4111573760000E-02
    0.2871000000000       1.4107029237100E-02
    0.2872000000000       1.4102474588200E-02
    0.2873000000000       1.4097909824600E-02
    0.2874000000000       1.4093334958100E-02
    0.2875000000000       1.4088750000000E-02
    0.2876000000000       1.4084154961900E-02
    0.2877000000000       1.4079549855400E-02
    0.2878000000000       1.4074934691800E-02
    0.2879000000000       1.4070309482900E-02
    0.2880000000000       1.4065674240000E-02
    0.2881000000000       1.4061028974700E-02
    0.2882000000000       1.4056373698600E-02
    0.2883000000000       1.4051708423000E-02
    0.2884000000000       1.4047033159700E-02
    0.2885000000000       1.4042347920000E-02
    0.2886000000000       1.4037652715500E-02
    0.2887000000000       1.4032947557800E-02
    0.2888000000000       1.4028232458200E-02
    0.2889000000000       1.4023507428500E-02
    0.2890000000000       1.4018772480000E-02
    0.2891000000000       1.4014027624300E-02
    0.2892000000000       1.4009272873000E-02
    0.2893000000000       1.4004508237400E-02
    0.2894000000000       1.3999733729300E-02
    0.2895000000000       1.3994949360000E-02
    0.2896000000000       1.3990155141100E-02
    0.2897000000000       1.3985351084200E-02
    0.2898000000000       1.3980537200600E-02
    0.2899000000000       1.3975713502100E-02
    0.2900000000000       1.3970880000000E-02
    0.2901000000000       1.3966036705900E-02
    0.2902000000000       1.3961183631400E-02
    0.2903000000000       1.3956320787800E-02
    0.2904000000000       1.3951448186900E-02
    0.2905000000000       1.3946565840000E-02
    0.2906000000000       1.3941673758700E-02
    0.2907000000000       1.3936771954600E-02
    0.2908000000000       1.3931860439000E-02
    0.2909000000000       1.3926939223700E-02
    0.2910000000000       1.3922008320000E-02
    0.2911000000000       1.3917067739500E-02
    0.2912000000000       1.3912117493800E-02
    0.2913000000000       1.3907157594200E-02
    0.2914000000000       1.3902188052500E-02
    0.2915000000000       1.3897208880000E-02
    0.2916000000000       1.3892220088300E-02
    0.2917000000000       1.3887221689000E-02
    0.2918000000000       1.3882213693400E-02
    0.2919000000000       1.3877196113300E-02
    0.2920000000000       1.3872168960000E-02
    0.2921000000000       1.3867132245100E-02
    0.2922000000000       1.3862085980200E-02
    0.2923000000000       1.3857030176600E-02
    0.2924000000000       1.3851964846100E-02
    0.2925000000000       1.3846890000000E-02
    0.2926000000000       1.3841805649900E-02
    0.2927000000000       1.3836711807400E-02
    0.2928000000000       1.3831608483800E-02
    0.2929000000000       1.3826495690900E-02
    0.2930000000000       1.3821373440000E-02
    0.2931000000000       1.3816241742700E-02
    0.2932000000000       1.3811100610600E-02
    0.2933000000000       1.3805950055000E-02
    0.2934000000000       1.3800790087700E-02
    0.2935000000000       1.3795620720000E-02
    0.2936000000000       1.3790441963500E-02
    0.2937000000000       1.3785253829800E-02
    0.2938000000000       1.3780056330200E-02
    0.2939000000000       1.3774849476500E-02
    0.2940000000000       1.3769633280000E-02
    0.2941000000000       1.3764407752300E-02
    0.2942000000000       1.3759172905000E-02
    0.2943000000000       1.3753928749400E-02
    0.2944000000000       1.3748675297300E-02
    0.2945000000000       1.3743412560000E-02
    0.2946000000000       1.3738140549100E-02
    0.2947000000000       1.3732859276200E-02
    0.2948000000000       1.3727568752600E-02
    0.2949000000000       1.3722268990100E-02
    0.2950000000000       1.3716960000000E-02
    0.2951000000000       1.3711641793900E-02
    0.2952000000000       1.3706314383400E-02
    0.2953000000000       1.3700977779800E-02
    0.2954000000000       1.3695631994900E-02
    0.2955000000000       1.3690277040000E-02
    0.2956000000000       1.3684912926700E-02
    0.2957000000000       1.3679539666600E-02
    0.2958000000000       1.3674157271000E-02
    0.2959000000000       1.3668765751700E-02
    0.2960000000000       1.3663365120000E-02
    0.2961000000000       1.3657955387500E-02
    0.2962000000000       1.3652536565800E-02
    0.2963000000000       1.3647108666200E-02
    0.2964000000000       1.3641671700500E-02
    0.2965000000000       1.3636225680000E-02
    0.2966000000000       1.3630770616300E-02
    0.2967000000000       1.3625306521000E-02
    0.2968000000000       1.3619833405400E-02
    0.2969000000000       1.3614351281300E-02
    0.2970000000000       1.3608860160000E-02
    0.2971000000000       1.3603360053100E-02
    0.2972000000000       1.3597850972200E-02
    0.2973000000000       1.3592332928600E-02
    0.2974000000000       1.3586805934100E-02
    0.2975000000000       1.3581270000000E-02
    0.2976000000000       1.3575725137900E-02
    0.2977000000000       1.3570171359400E-02
    0.2978000000000       1.3564608675800E-02
    0.2979000000000       1.3559037098900E-02
    0.2980000000000       1.3553456640000E-02
    0.2981000000000       1.3547867310700E-02
    0.2982000000000       1.3542269122600E-02
    0.2983000000000       1.3536662087000E-02
    0.2984000000000       1.3531046215700E-02
    0.2985000000000       1.3525421520000E-02
    0.2986000000000       1.3519788011500E-02
    0.2987000000000       1.3514145701800E-02
    0.2988000000000       1.3508494602200E-02
    0.2989000000000       1.3502834724500E-02
    0.2990000000000       1.3497166080000E-02
    0.2991000000000       1.3491488680300E-02
    0.2992000000000       1.3485802537000E-02
    0.2993000000000       1.3480107661400E-02
    0.2994000000000       1.3474404065300E-02
    0.2995000000000       1.3468691760000E-02
    0.2996000000000       1.3462970757100E-02
    0.2997000000000       1.3457241068200E-02
    0.2998000000000       1.3451502704600E-02
    0.2999000000000       1.3445755678100E-02
    0.3000000000000       1.3440000000000E-02
    0.3001000000000       1.3434235681900E-02
    0.3002000000000       1.3428462735400E-02
    0.3003000000000       1.3422681171800E-02
    0.3004000000000       1.3416891002900E-02
    0.3005000000000       1.3411092240000E-02
    0.3006000000000       1.3405284894700E-02
    0.3007000000000       1.3399468978600E-02
    0.3008000000000       1.3393644503000E-02
    0.3009000000000       1.3387811479700E-02
    0.3010000000000       1.3381969920000E-02
    0.3011000000000       1.3376119835500E-02
    0.3012000000000       1.3370261237800E-02
    0.3013000000000       1.3364394138200E-02
    0.3014000000000       1.3358518548500E-02
    0.3015000000000       1.3352634480000E-02
    0.3016000000000       1.3346741944300E-02
    0.3017000000000       1.3340840953000E-02
    0.3018000000000       1.3334931517400E-02
    0.3019000000000       1.3329013649300E-02
    0.3020000000000       1.3323087360000E-02
    0.3021000000000       1.3317152661100E-02
    0.3022000000000       1.3311209564200E-02
    0.3023000000000       1.3305258080600E-02
    0.3024000000000       1.3299298222100E-02
    0.3025000000000       1.3293330000000E-02
    0.3026000000000       1.3287353425900E-02
    0.3027000000000       1.3281368511400E-02
    0.3028000000000       1.3275375267800E-02
    0.3029000000000       1.3269373706900E-02
    0.3030000000000       1.3263363840000E-02
    0.3031000000000       1.3257345678700E-02
    0.3032000000000       1.3251319234600E-02
    0.3033000000000       1.3245284519000E-02
    0.3034000000000       1.3239241543700E-02
    0.3035000000000       1.3233190320000E-02
    0.3036000000000       1.3227130859500E-02
    0.3037000000000       1.3221063173800E-02
    0.3038000000000       1.3214987274200E-02
    0.3039000000000       1.3208903172500E-02
    0.3040000000000       1.3202810880000E-02
    0.3041000000000       1.3196710408300E-02
    0.3042000000000       1.3190601769000E-02
    0.3043000000000       1.3184484973400E-02
    0.3044000000000       1.3178360033300E-02
    0.3045000000000       1.3172226960000E-02
    0.3046000000000       1.3166085765100E-02
    0.3047000000000       1.3159936460200E-02
    0.3048000000000       1.3153779056600E-02
    0.3049000000000       1.3147613566100E-02
    0.3050000000000       1.3141440000000E-02
    0.3051000000000       1.3135258369900E-02
    0.3052000000000       1.3129068687400E-02
    0.3053000000000       1.3122870963800E-02
    0.3054000000000       1.3116665210900E-02
    0.3055000000000       1.3110451440000E-02
    0.3056000000000       1.3104229662700E-02
    0.3057000000000       1.3097999890600E-02
    0.3058000000000       1.3091762135000E-02
    0.3059000000000       1.3085516407700E-02
    0.3060000000000       1.3079262720000E-02
    0.3061000000000       1.3073001083500E-02
    0.3062000000000       1.3066731509800E-02
    0.3063000000000       1.3060454010200E-02
    0.3064000000000       1.3054168596500E-02
    0.3065000000000       1.3047875280000E-02
    0.3066000000000       1.3041574072300E-02
    0.3067000000000       1.3035264985000E-02
    0.3068000000000       1.3028948029400E-02
    0.3069000000000       1.3022623217300E-02
    0.3070000000000       1.3016290560000E-02
    0.3071000000000       1.3009950069100E-02
    0.3072000000000       1.3003601756200E-02
    0.3073000000000       1.2997245632600E-02
    0.3074000000000       1.2990881710100E-02
    0.3075000000000       1.2984510000000E-02
    0.3076000000000       1.2978130513900E-02
    0.3077000000000       1.2971743263400E-02
    0.3078000000000       1.2965348259800E-02
    0.3079000000000       1.2958945514900E-02
    0.3080000000000       1.2952535040000E-02
    0.3081000000000       1.2946116846700E-02
    0.3082000000000       1.2939690946600E-02
    0.3083000000000       1.2933257351000E-02
    0.3084000000000       1.2926816071700E-02
    0.3085000000000       1.2920367120000E-02
    0.3086000000000       1.2913910507500E-02
    0.3087000000000       1.2907446245800E-02
    0.3088000000000       1.2900974346200E-02
    0.3089000000000       1.2894494820500E-02
    0.3090000000000       1.2888007680000E-02
    0.3091000000000       1.2881512936300E-02
    0.3092000000000       1.2875010601000E-02
    0.3093000000000       1.2868500685400E-02
    0.3094000000000       1.2861983201300E-02
    0.3095000000000       1.2855458160000E-02
    0.3096000000000       1.2848925573100E-02
    0.3097000000000       1.2842385452200E-02
    0.3098000000000       1.2835837808600E-02
    0.3099000000000       1.2829282654100E-02
    0.3100000000000       1.2822720000000E-02
    0.3101000000000       1.2816149857900E-02
    0.3102000000000       1.2809572239400E-02
    0.3103000000000       1.2802987155800E-02
    0.3104000000000       1.2796394618900E-02
    0.3105000000000       1.2789794640000E-02
    0.3106000000000       1.2783187230700E-02
    0.3107000000000       1.2776572402600E-02
    0.3108000000000       1.2769950167000E-02
    0.3109000000000       1.2763320535700E-02
    0.3110000000000       1.2756683520000E-02
    0.3111000000000       1.2750039131500E-02
    0.3112000000000       1.2743387381800E-02
    0.3113000000000       1.2736728282200E-02
    0.3114000000000       1.2730061844500E-02
    0.3115000000000       1.2723388080000E-02
    0.3116000000000       1.2716707000300E-02
    0.3117000000000       1.2710018617000E-02
    0.3118000000000       1.2703322941400E-02
    0.3119000000000       1.2696619985300E-02
    0.3120000000000       1.2689909760000E-02
    0.3121000000000       1.2683192277100E-02
    0.3122000000000       1.2676467548200E-02
    0.3123000000000       1.2669735584600E-02
    0.3124000000000       1.2662996398100E-02
    0.3125000000000       1.2656250000000E-02
    0.3126000000000       1.2649496401900E-02
    0.3127000000000       1.2642735615400E-02
    0.3128000000000       1.2635967651800E-02
    0.3129000000000       1.2629192522900E-02
    0.3130000000000       1.2622410240000E-02
    0.3131000000000       1.2615620814700E-02
    0.3132000000000       1.2608824258600E-02
    0.3133000000000       1.2602020583000E-02
    0.3134000000000       1.2595209799700E-02
    0.3135000000000       1.2588391920000E-02
    0.3136000000000       1.2581566955500E-02
    0.3137000000000       1.2574734917800E-02
    0.3138000000000       1.2567895818200E-02
    0.3139000000000       1.2561049668500E-02
    0.3140000000000       1.2554196480000E-02
    0.3141000000000       1.2547336264300E-02
    0.3142000000000       1.2540469033000E-02
    0.3143000000000       1.2533594797400E-02
    0.3144000000000       1.2526713569300E-02
    0.3145000000000       1.2519825360000E-02
    0.3146000000000       1.2512930181100E-02
    0.3147000000000       1.2506028044200E-02
    0.3148000000000       1.2499118960600E-02
    0.3149000000000       1.2492202942100E-02
    0.3150000000000       1.2485280000000E-02
    0.3151000000000       1.2478350145900E-02
    0.3152000000000       1.2471413391400E-02
    0.3153000000000       1.2464469747800E-02
    0.3154000000000       1.2457519226900E-02
    0.3155000000000       1.2450561840000E-02
    0.3156000000000       1.2443597598700E-02
    0.3157000000000       1.2436626514600E-02
    0.3158000000000       1.2429648599000E-02
    0.3159000000000       1.2422663863700E-02
    0.3160000000000       1.2415672320000E-02
    0.3161000000000       1.2408673979500E-02
    0.3162000000000       1.2401668853800E-02
    0.3163000000000       1.2394656954200E-02
    0.3164000000000       1.2387638292500E-02
    0.3165000000000       1.2380612880000E-02
    0.3166000000000       1.2373580728300E-02
    0.3167000000000       1.2366541849000E-02
    0.3168000000000       1.2359496253400E-02
    0.3169000000000       1.2352443953300E-02
    0.3170000000000       1.2345384960000E-02
    0.3171000000000       1.2338319285100E-02
    0.3172000000000       1.2331246940200E-02
    0.3173000000000       1.2324167936600E-02
    0.3174000000000       1.2317082286100E-02
    0.3175000000000       1.2309990000000E-02
    0.3176000000000       1.2302891089900E-02
    0.3177000000000       1.2295785567400E-02
    0.3178000000000       1.2288673443800E-02
    0.3179000000000       1.2281554730900E-02
    0.3180000000000       1.2274429440000E-02
    0.3181000000000       1.2267297582700E-02
    0.3182000000000       1.2260159170600E-02
    0.3183000000000       1.2253014215000E-02
    0.3184000000000       1.2245862727700E-02
    0.3185000000000       1.2238704720000E-02
    0.3186000000000       1.2231540203500E-02
    0.3187000000000       1.2224369189800E-02
    0.3188000000000       1.2217191690200E-02
    0.3189000000000       1.2210007716500E-02
    0.3190000000000       1.2202817280000E-02
    0.3191000000000       1.2195620392300E-02
    0.3192000000000       1.2188417065000E-02
    0.3193000000000       1.2181207309400E-02
    0.3194000000000       1.2173991137300E-02
    0.3195000000000       1.2166768560000E-02
    0.3196000000000       1.2159539589100E-02
    0.3197000000000       1.2152304236200E-02
    0.3198000000000       1.2145062512600E-02
    0.3199000000000       1.2137814430100E-02
    0.3200000000000       1.2130560000000E-02
    0.3201000000000       1.2123299233900E-02
    0.3202000000000       1.2116032143400E-02
    0.3203000000000       1.2108758739800E-02
    0.3204000000000       1.2101479034900E-02
    0.3205000000000       1.2094193040000E-02
    0.3206000000000       1.2086900766700E-02
    0.3207000000000       1.2079602226600E-02
    0.3208000000000       1.2072297431000E-02
    0.3209000000000       1.2064986391700E-02
    0.3210000000000       1.2057669120000E-02
    0.3211000000000       1.2050345627500E-02
    0.3212000000000       1.2043015925800E-02
    0.3213000000000       1.2035680026200E-02
    0.3214000000000       1.2028337940500E-02
    0.3215000000000       1.2020989680000E-02
    0.3216000000000       1.2013635256300E-02
    0.3217000000000       1.2006274681000E-02
    0.3218000000000       1.1998907965400E-02
    0.3219000000000       1.1991535121300E-02
    0.3220000000000       1.1984156160000E-02
    0.3221000000000       1.1976771093100E-02
    0.3222000000000       1.1969379932200E-02
    0.3223000000000       1.1961982688600E-02
    0.3224000000000       1.1954579374100E-02
    0.3225000000000       1.1947170000000E-02
    0.3226000000000       1.1939754577900E-02
    0.3227000000000       1.1932333119400E-02
    0.3228000000000       1.1924905635800E-02
    0.3229000000000       1.1917472138900E-02
    0.3230000000000       1.1910032640000E-02
    0.3231000000000       1.1902587150700E-02
    0.3232000000000       1.1895135682600E-02
    0.3233000000000       1.1887678247000E-02
    0.3234000000000       1.1880214855700E-02
    0.3235000000000       1.1872745520000E-02
    0.3236000000000       1.1865270251500E-02
    0.3237000000000       1.1857789061800E-02
    0.3238000000000       1.1850301962200E-02
    0.3239000000000       1.1842808964500E-02
    0.3240000000000       1.1835310080000E-02
    0.3241000000000       1.1827805320300E-02
    0.3242000000000       1.1820294697000E-02
    0.3243000000000       1.1812778221400E-02
    0.3244000000000       1.1805255905300E-02
    0.3245000000000       1.1797727760000E-02
    0.3246000000000       1.1790193797100E-02
    0.3247000000000       1.1782654028200E-02
    0.3248000000000       1.1775108464600E-02
    0.3249000000000       1.1767557118100E-02
    0.3250000000000       1.1760000000000E-02
    0.3251000000000       1.1752437121900E-02
    0.3252000000000       1.1744868495400E-02
    0.3253000000000       1.1737294131800E-02
    0.3254000000000       1.1729714042900E-02
    0.3255000000000       1.1722128240000E-02
    0.3256000000000       1.1714536734700E-02
    0.3257000000000       1.1706939538600E-02
    0.3258000000000       1.1699336663000E-02
    0.3259000000000       1.1691728119700E-02
    0.3260000000000       1.1684113920000E-02
    0.3261000000000       1.1676494075500E-02
    0.3262000000000       1.1668868597800E-02
    0.3263000000000       1.1661237498200E-02
    0.3264000000000       1.1653600788500E-02
    0.3265000000000       1.1645958480000E-02
    0.3266000000000       1.1638310584300E-02
    0.3267000000000       1.1630657113000E-02
    0.3268000000000       1.1622998077400E-02
    0.3269000000000       1.1615333489300E-02
    0.3270000000000       1.1607663360000E-02
    0.3271000000000       1.1599987701100E-02
    0.3272000000000       1.1592306524200E-02
    0.3273000000000       1.1584619840600E-02
    0.3274000000000       1.1576927662100E-02
    0.3275000000000       1.1569230000000E-02
    0.3276000000000       1.1561526865900E-02
    0.3277000000000       1.1553818271400E-02
    0.3278000000000       1.1546104227800E-02
    0.3279000000000       1.1538384746900E-02
    0.3280000000000       1.1530659840000E-02
    0.3281000000000       1.1522929518700E-02
    0.3282000000000       1.1515193794600E-02
    0.3283000000000       1.1507452679000E-02
    0.3284000000000       1.1499706183700E-02
    0.3285000000000       1.1491954320000E-02
    0.3286000000000       1.1484197099500E-02
    0.3287000000000       1.1476434533800E-02
    0.3288000000000       1.1468666634200E-02
    0.3289000000000       1.1460893412500E-02
    0.3290000000000       1.1453114880000E-02
    0.3291000000000       1.1445331048300E-02
    0.3292000000000       1.1437541929000E-02
    0.3293000000000       1.1429747533400E-02
    0.3294000000000       1.1421947873300E-02
    0.3295000000000       1.1414142960000E-02
    0.3296000000000       1.1406332805100E-02
    0.3297000000000       1.1398517420200E-02
    0.3298000000000       1.1390696816600E-02
    0.3299000000000       1.1382871006100E-02
    0.3300000000000       1.1375040000000E-02
    0.3301000000000       1.1367203809900E-02
    0.3302000000000       1.1359362447400E-02
    0.3303000000000       1.1351515923800E-02
    0.3304000000000       1.1343664250900E-02
    0.3305000000000       1.1335807440000E-02
    0.3306000000000       1.1327945502700E-02
    0.3307000000000       1.1320078450600E-02
    0.3308000000000       1.1312206295000E-02
    0.3309000000000       1.1304329047700E-02
    0.3310000000000       1.1296446720000E-02
    0.3311000000000       1.1288559323500E-02
    0.3312000000000       1.1280666869800E-02
    0.3313000000000       1.1272769370200E-02
    0.3314000000000       1.1264866836500E-02
    0.3315000000000       1.1256959280000E-02
    0.3316000000000       1.1249046712300E-02
    0.3317000000000       1.1241129145000E-02
    0.3318000000000       1.1233206589400E-02
    0.3319000000000       1.1225279057300E-02
    0.3320000000000       1.1217346560000E-02
    0.3321000000000       1.1209409109100E-02
    0.3322000000000       1.1201466716200E-02
    0.3323000000000       1.1193519392600E-02
    0.3324000000000       1.1185567150100E-02
    0.3325000000000       1.1177610000000E-02
    0.3326000000000       1.1169647953900E-02
    0.3327000000000       1.1161681023400E-02
    0.3328000000000       1.1153709219800E-02
    0.3329000000000       1.1145732554900E-02
    0.3330000000000       1.1137751040000E-02
    0.3331000000000       1.1129764686700E-02
    0.3332000000000       1.1121773506600E-02
    0.3333000000000       1.1113777511000E-02
    0.3334000000000       1.1105776711700E-02
    0.3335000000000       1.1097771120000E-02
    0.3336000000000       1.1089760747500E-02
    0.3337000000000       1.1081745605800E-02
    0.3338000000000       1.1073725706200E-02
    0.3339000000000       1.1065701060500E-02
    0.3340000000000       1.1057671680000E-02
    0.3341000000000       1.1049637576300E-02
    0.3342000000000       1.1041598761000E-02
    0.3343000000000       1.1033555245400E-02
    0.3344000000000       1.1025507041300E-02
    0.3345000000000       1.1017454160000E-02
    0.3346000000000       1.1009396613100E-02
    0.3347000000000       1.1001334412200E-02
    0.3348000000000       1.0993267568600E-02
    0.3349000000000       1.0985196094100E-02
    0.3350000000000       1.0977120000000E-02
    0.3351000000000       1.0969039297900E-02
    0.3352000000000       1.0960953999400E-02
    0.3353000000000       1.0952864115800E-02
    0.3354000000000       1.0944769658900E-02
    0.3355000000000       1.0936670640000E-02
    0.3356000000000       1.0928567070700E-02
    0.3357000000000       1.0920458962600E-02
    0.3358000000000       1.0912346327000E-02
    0.3359000000000       1.0904229175700E-02
    0.3360000000000       1.0896107520000E-02
    0.3361000000000       1.0887981371500E-02
    0.3362000000000       1.0879850741800E-02
    0.3363000000000       1.0871715642200E-02
    0.3364000000000       1.0863576084500E-02
    0.3365000000000       1.0855432080000E-02
    0.3366000000000       1.0847283640300E-02
    0.3367000000000       1.0839130777000E-02
    0.3368000000000       1.0830973501400E-02
    0.3369000000000       1.0822811825300E-02
    0.3370000000000       1.0814645760000E-02
    0.3371000000000       1.0806475317100E-02
    0.3372000000000       1.0798300508200E-02
    0.3373000000000       1.0790121344600E-02
    0.3374000000000       1.0781937838100E-02
    0.3375000000000       1.0773750000000E-02
    0.3376000000000       1.0765557841900E-02
    0.3377000000000       1.0757361375400E-02
    0.3378000000000       1.0749160611800E-02
    0.3379000000000       1.0740955562900E-02
    0.3380000000000       1.0732746240000E-02
    0.3381000000000       1.0724532654700E-02
    0.3382000000000       1.0716314818600E-02
    0.3383000000000       1.0708092743000E-02
    0.3384000000000       1.0699866439700E-02
    0.3385000000000       1.0691635920000E-02
    0.3386000000000       1.0683401195500E-02
    0.3387000000000       1.0675162277800E-02
    0.3388000000000       1.0666919178200E-02
    0.3389000000000       1.0658671908500E-02
    0.3390000000000       1.0650420480000E-02
    0.3391000000000       1.0642164904300E-02
    0.3392000000000       1.0633905193000E-02
    0.3393000000000       1.0625641357400E-02
    0.3394000000000       1.0617373409300E-02
    0.3395000000000       1.0609101360000E-02
    0.3396000000000       1.0600825221100E-02
    0.3397000000000       1.0592545004200E-02
    0.3398000000000       1.0584260720600E-02
    0.3399000000000       1.0575972382100E-02
    0.3400000000000       1.0567680000000E-02
    0.3401000000000       1.0559383585900E-02
    0.3402000000000       1.0551083151400E-02
    0.3403000000000       1.0542778707800E-02
    0.3404000000000       1.0534470266900E-02
    0.3405000000000       1.0526157840000E-02
    0.3406000000000       1.0517841438700E-02
    0.3407000000000       1.0509521074600E-02
    0.3408000000000       1.0501196759000E-02
    0.3409000000000       1.0492868503700E-02
    0.3410000000000       1.0484536320000E-02
    0.3411000000000       1.0476200219500E-02
    0.3412000000000       1.0467860213800E-02
    0.3413000000000       1.0459516314200E-02
    0.3414000000000       1.0451168532500E-02
    0.3415000000000       1.0442816880000E-02
    0.3416000000000       1.0434461368300E-02
    0.3417000000000       1.0426102009000E-02
    0.3418000000000       1.0417738813400E-02
    0.3419000000000       1.0409371793300E-02
    0.3420000000000       1.0401000960000E-02
    0.3421000000000       1.0392626325100E-02
    0.3422000000000       1.0384247900200E-02
    0.3423000000000       1.0375865696600E-02
    0.3424000000000       1.0367479726100E-02
    0.3425000000000       1.0359090000000E-02
    0.3426000000000       1.0350696529900E-02
    0.3427000000000       1.0342299327400E-02
    0.3428000000000       1.0333898403800E-02
    0.3429000000000       1.0325493770900E-02
    0.3430000000000       1.0317085440000E-02
    0.3431000000000       1.0308673422700E-02
    0.3432000000000       1.0300257730600E-02
    0.3433000000000       1.0291838375000E-02
    0.3434000000000       1.0283415367700E-02
    0.3435000000000       1.0274988720000E-02
    0.3436000000000       1.0266558443500E-02
    0.3437000000000       1.0258124549800E-02
    0.3438000000000       1.0249687050200E-02
    0.3439000000000       1.0241245956500E-02
    0.3440000000000       1.0232801280000E-02
    0.3441000000000       1.0224353032300E-02
    0.3442000000000       1.0215901225000E-02
    0.3443000000000       1.0207445869400E-02
    0.3444000000000       1.0198986977300E-02
    0.3445000000000       1.0190524560000E-02
    0.3446000000000       1.0182058629100E-02
    0.3447000000000       1.0173589196200E-02
    0.3448000000000       1.0165116272600E-02
    0.3449000000000       1.0156639870100E-02
    0.3450000000000       1.0148160000000E-02
    0.3451000000000       1.0139676673900E-02
    0.3452000000000       1.0131189903400E-02
    0.3453000000000       1.0122699699800E-02
    0.3454000000000       1.0114206074900E-02
    0.3455000000000       1.0105709040000E-02
    0.3456000000000       1.0097208606700E-02
    0.3457000000000       1.0088704786600E-02
    0.3458000000000       1.0080197591000E-02
    0.3459000000000       1.0071687031700E-02
    0.3460000000000       1.0063173120000E-02
    0.3461000000000       1.0054655867500E-02
    0.3462000000000       1.0046135285800E-02
    0.3463000000000       1.0037611386200E-02
    0.3464000000000       1.0029084180500E-02
    0.3465000000000       1.0020553680000E-02
    0.3466000000000       1.0012019896300E-02
    0.3467000000000       1.0003482841000E-02
    0.3468000000000       9.9949425254400E-03
    0.3469000000000       9.9863989612800E-03
    0.3470000000000       9.9778521600000E-03
    0.3471000000000       9.9693021331200E-03
    0.3472000000000       9.9607488921600E-03
    0.3473000000000       9.9521924486400E-03
    0.3474000000000       9.9436328140800E-03
    0.3475000000000       9.9350700000000E-03
    0.3476000000000       9.9265040179200E-03
    0.3477000000000       9.9179348793600E-03
    0.3478000000000       9.9093625958400E-03
    0.3479000000000       9.9007871788800E-03
    0.3480000000000       9.8922086400000E-03
    0.3481000000000       9.8836269907200E-03
    0.3482000000000       9.8750422425600E-03
    0.3483000000000       9.8664544070400E-03
    0.3484000000000       9.8578634956800E-03
    0.3485000000000       9.8492695200000E-03
    0.3486000000000       9.8406724915200E-03
    0.3487000000000       9.8320724217600E-03
    0.3488000000000       9.8234693222400E-03
    0.3489000000000       9.8148632044800E-03
    0.3490000000000       9.8062540800000E-03
    0.3491000000000       9.7976419603200E-03
    0.3492000000000       9.7890268569600E-03
    0.3493000000000       9.7804087814400E-03
    0.3494000000000       9.7717877452800E-03
    0.3495000000000       9.7631637600000E-03
    0.3496000000000       9.7545368371200E-03
    0.3497000000000       9.7459069881600E-03
    0.3498000000000       9.7372742246400E-03
    0.3499000000000       9.7286385580800E-03
    0.3500000000000       9.7200000000000E-03
    0.3501000000000       9.7113585619200E-03
    0.3502000000000       9.7027142553600E-03
    0.3503000000000       9.6940670918400E-03
    0.3504000000000       9.6854170828800E-03
    0.3505000000000       9.6767642400000E-03
    0.3506000000000       9.6681085747200E-03
    0.3507000000000       9.6594500985600E-03
    0.3508000000000       9.6507888230400E-03
    0.3509000000000       9.6421247596800E-03
    0.3510000000000       9.6334579200000E-03
    0.3511000000000       9.6247883155200E-03
    0.3512000000000       9.6161159577600E-03
    0.3513000000000       9.6074408582400E-03
    0.3514000000000       9.5987630284800E-03
    0.3515000000000       9.5900824800000E-03
    0.3516000000000       9.5813992243200E-03
    0.3517000000000       9.5727132729600E-03
    0.3518000000000       9.5640246374400E-03
    0.3519000000000       9.5553333292800E-03
    0.3520000000000       9.5466393600000E-03
    0.3521000000000       9.5379427411200E-03
    0.3522000000000       9.5292434841600E-03
    0.3523000000000       9.5205416006400E-03
    0.3524000000000       9.5118371020800E-03
    0.3525000000000       9.5031300000000E-03
    0.3526000000000       9.4944203059200E-03
    0.3527000000000       9.4857080313600E-03
    0.3528000000000       9.4769931878400E-03
    0.3529000000000       9.4682757868800E-03
    0.3530000000000       9.4595558400000E-03
    0.3531000000000       9.4508333587200E-03
    0.3532000000000       9.4421083545600E-03
    0.3533000000000       9.4333808390400E-03
    0.3534000000000       9.4246508236800E-03
    0.3535000000000       9.4159183200000E-03
    0.3536000000000       9.4071833395200E-03
    0.3537000000000       9.3984458937600E-03
    0.3538000000000       9.3897059942400E-03
    0.3539000000000       9.3809636524800E-03
    0.3540000000000       9.3722188800000E-03
    0.3541000000000       9.3634716883200E-03
    0.3542000000000       9.3547220889600E-03
    0.3543000000000       9.3459700934400E-03
    0.3544000000000       9.3372157132800E-03
    0.3545000000000       9.3284589600000E-03
    0.3546000000000       9.3196998451200E-03
    0.3547000000000       9.3109383801600E-03
    0.3548000000000       9.3021745766400E-03
    0.3549000000000       9.2934084460800E-03
    0.3550000000000       9.2846400000000E-03
    0.3551000000000       9.2758692499200E-03
    0.3552000000000       9.2670962073600E-03
    0.3553000000000       9.2583208838400E-03
    0.3554000000000       9.2495432908800E-03
    0.3555000000000       9.2407634400000E-03
    0.3556000000000       9.2319813427200E-03
    0.3557000000000       9.2231970105600E-03
    0.3558000000000       9.2144104550400E-03
    0.3559000000000       9.2056216876800E-03
    0.3560000000000       9.1968307200000E-03
    0.3561000000000       9.1880375635200E-03
    0.3562000000000       9.1792422297600E-03
    0.3563000000000       9.1704447302400E-03
    0.3564000000000       9.1616450764800E-03
    0.3565000000000       9.1528432800000E-03
    0.3566000000000       9.1440393523200E-03
    0.3567000000000       9.1352333049600E-03
    0.3568000000000       9.1264251494400E-03
    0.3569000000000       9.1176148972800E-03
    0.3570000000000       9.1088025600000E-03
    0.3571000000000       9.0999881491200E-03
    0.3572000000000       9.0911716761600E-03
    0.3573000000000       9.0823531526400E-03
    0.3574000000000       9.0735325900800E-03
    0.3575000000000       9.0647100000000E-03
    0.3576000000000       9.0558853939200E-03
    0.3577000000000       9.0470587833600E-03
    0.3578000000000       9.0382301798400E-03
    0.3579000000000       9.0293995948800E-03
    0.3580000000000       9.0205670400000E-03
    0.3581000000000       9.0117325267200E-03
    0.3582000000000       9.0028960665600E-03
    0.3583000000000       8.9940576710400E-03
    0.3584000000000       8.9852173516800E-03
    0.3585000000000       8.9763751200000E-03
    0.3586000000000       8.9675309875200E-03
    0.3587000000000       8.9586849657600E-03
    0.3588000000000       8.9498370662400E-03
    0.3589000000000       8.9409873004800E-03
    0.3590000000000       8.9321356800000E-03
    0.3591000000000       8.9232822163200E-03
    0.3592000000000       8.9144269209600E-03
    0.3593000000000       8.9055698054400E-03
    0.3594000000000       8.8967108812800E-03
    0.3595000000000       8.8878501600000E-03
    0.3596000000000       8.8789876531200E-03
    0.3597000000000       8.8701233721600E-03
    0.3598000000000       8.8612573286400E-03
    0.3599000000000       8.8523895340800E-03
    0.3600000000000       8.8435200000000E-03
    0.3601000000000       8.8346487379200E-03
    0.3602000000000       8.8257757593600E-03
    0.3603000000000       8.8169010758400E-03
    0.3604000000000       8.8080246988800E-03
    0.3605000000000       8.7991466400000E-03
    0.3606000000000       8.7902669107200E-03
    0.3607000000000       8.7813855225600E-03
    0.3608000000000       8.7725024870400E-03
    0.3609000000000       8.7636178156800E-03
    0.3610000000000       8.7547315200000E-03
    0.3611000000000       8.7458436115200E-03
    0.3612000000000       8.7369541017600E-03
    0.3613000000000       8.7280630022400E-03
    0.3614000000000       8.7191703244800E-03
    0.3615000000000       8.7102760800000E-03
    0.3616000000000       8.7013802803200E-03
    0.3617000000000       8.6924829369600E-03
    0.3618000000000       8.6835840614400E-03
    0.3619000000000       8.6746836652800E-03
    0.3620000000000       8.6657817600000E-03
    0.3621000000000       8.6568783571200E-03
    0.3622000000000       8.6479734681600E-03
    0.3623000000000       8.6390671046400E-03
    0.3624000000000       8.6301592780800E-03
    0.3625000000000       8.6212500000000E-03
    0.3626000000000       8.6123392819200E-03
    0.3627000000000       8.6034271353600E-03
    0.3628000000000       8.5945135718400E-03
    0.3629000000000       8.5855986028800E-03
    0.3630000000000       8.5766822400000E-03
    0.3631000000000       8.5677644947200E-03
    0.3632000000000       8.5588453785600E-03
    0.3633000000000       8.5499249030400E-03
    0.3634000000000       8.5410030796800E-03
    0.3635000000000       8.5320799200000E-03
    0.3636000000000       8.5231554355200E-03
    0.3637000000000       8.5142296377600E-03
    0.3638000000000       8.5053025382400E-03
    0.3639000000000       8.4963741484800E-03
    0.3640000000000       8.4874444800000E-03
    0.3641000000000       8.4785135443200E-03
    0.3642000000000       8.4695813529600E-03
    0.3643000000000       8.4606479174400E-03
    0.3644000000000       8.4517132492800E-03
    0.3645000000000       8.4427773600000E-03
    0.3646000000000       8.4338402611200E-03
    0.3647000000000       8.4249019641600E-03
    0.3648000000000       8.4159624806400E-03
    0.3649000000000       8.4070218220800E-03
    0.3650000000000       8.3980800000000E-03
    0.3651000000000       8.3891370259200E-03
    0.3652000000000       8.3801929113600E-03
    0.3653000000000       8.3712476678400E-03
    0.3654000000000       8.3623013068800E-03
    0.3655000000000       8.3533538400000E-03
    0.3656000000000       8.3444052787200E-03
    0.3657000000000       8.3354556345600E-03
    0.3658000000000       8.3265049190400E-03
    0.3659000000000       8.3175531436800E-03
    0.3660000000000       8.3086003200000E-03
    0.3661000000000       8.2996464595200E-03
    0.3662000000000       8.2906915737600E-03
    0.3663000000000       8.2817356742400E-03
    0.3664000000000       8.2727787724800E-03
    0.3665000000000       8.2638208800000E-03
    0.3666000000000       8.2548620083200E-03
    0.3667000000000       8.2459021689600E-03
    0.3668000000000       8.2369413734400E-03
    0.3669000000000       8.2279796332800E-03
    0.3670000000000       8.2190169600000E-03
    0.3671000000000       8.2100533651200E-03
    0.3672000000000       8.2010888601600E-03
    0.3673000000000       8.1921234566400E-03
    0.3674000000000       8.1831571660800E-03
    0.3675000000000       8.1741900000000E-03
    0.3676000000000       8.1652219699200E-03
    0.3677000000000       8.1562530873600E-03
    0.3678000000000       8.1472833638400E-03
    0.3679000000000       8.1383128108800E-03
    0.3680000000000       8.1293414400000E-03
    0.3681000000000       8.1203692627200E-03
    0.3682000000000       8.1113962905600E-03
    0.3683000000000       8.1024225350400E-03
    0.3684000000000       8.0934480076800E-03
    0.3685000000000       8.0844727200000E-03
    0.3686000000000       8.0754966835200E-03
    0.3687000000000       8.0665199097600E-03
    0.3688000000000       8.0575424102400E-03
    0.3689000000000       8.0485641964800E-03
    0.3690000000000       8.0395852800000E-03
    0.3691000000000       8.0306056723200E-03
    0.3692000000000       8.0216253849600E-03
    0.3693000000000       8.0126444294400E-03
    0.3694000000000       8.0036628172800E-03
    0.3695000000000       7.9946805600000E-03
    0.3696000000000       7.9856976691200E-03
    0.3697000000000       7.9767141561600E-03
    0.3698000000000       7.9677300326400E-03
    0.3699000000000       7.9587453100800E-03
    0.3700000000000       7.9497600000000E-03
    0.3701000000000       7.9407741139200E-03
    0.3702000000000       7.9317876633600E-03
    0.3703000000000       7.9228006598400E-03
    0.3704000000000       7.9138131148800E-03
    0.3705000000000       7.9048250400000E-03
    0.3706000000000       7.8958364467200E-03
    0.3707000000000       7.8868473465600E-03
    0.3708000000000       7.8778577510400E-03
    0.3709000000000       7.8688676716800E-03
    0.3710000000000       7.8598771200000E-03
    0.3711000000000       7.8508861075200E-03
    0.3712000000000       7.8418946457600E-03
    0.3713000000000       7.8329027462400E-03
    0.3714000000000       7.8239104204800E-03
    0.3715000000000       7.8149176800000E-03
    0.3716000000000       7.8059245363200E-03
    0.3717000000000       7.7969310009600E-03
    0.3718000000000       7.7879370854400E-03
    0.3719000000000       7.7789428012800E-03
    0.3720000000000       7.7699481600000E-03
    0.3721000000000       7.7609531731200E-03
    0.3722000000000       7.7519578521600E-03
    0.3723000000000       7.7429622086400E-03
    0.3724000000000       7.7339662540800E-03
    0.3725000000000       7.7249700000000E-03
    0.3726000000000       7.7159734579200E-03
    0.3727000000000       7.7069766393600E-03
    0.3728000000000       7.6979795558400E-03
    0.3729000000000       7.6889822188800E-03
    0.3730000000000       7.6799846400000E-03
    0.3731000000000       7.6709868307200E-03
    0.3732000000000       7.6619888025600E-03
    0.3733000000000       7.6529905670400E-03
    0.3734000000000       7.6439921356800E-03
    0.3735000000000       7.6349935200000E-03
    0.3736000000000       7.6259947315200E-03
    0.3737000000000       7.6169957817600E-03
    0.3738000000000       7.6079966822400E-03
    0.3739000000000       7.5989974444800E-03
    0.3740000000000       7.5899980800000E-03
    0.3741000000000       7.5809986003200E-03
    0.3742000000000       7.5719990169600E-03
    0.3743000000000       7.5629993414400E-03
    0.3744000000000       7.5539995852800E-03
    0.3745000000000       7.5449997600000E-03
    0.3746000000000       7.5359998771200E-03
    0.3747000000000       7.5269999481600E-03
    0.3748000000000       7.5179999846400E-03
    0.3749000000000       7.5089999980800E-03
    0.3750000000000       7.5000000000000E-03
    0.3751000000000       7.4910000019200E-03
    0.3752000000000       7.4820000153600E-03
    0.3753000000000       7.4730000518400E-03
    0.3754000000000       7.4640001228800E-03
    0.3755000000000       7.4550002400000E-03
    0.3756000000000       7.4460004147200E-03
    0.3757000000000       7.4370006585600E-03
    0.3758000000000       7.4280009830400E-03
    0.3759000000000       7.4190013996800E-03
    0.3760000000000       7.4100019200000E-03
    0.3761000000000       7.4010025555200E-03
    0.3762000000000       7.3920033177600E-03
    0.3763000000000       7.3830042182400E-03
    0.3764000000000       7.3740052684800E-03
    0.3765000000000       7.3650064800000E-03
    0.3766000000000       7.3560078643200E-03
    0.3767000000000       7.3470094329600E-03
    0.3768000000000       7.3380111974400E-03
    0.3769000000000       7.3290131692800E-03
    0.3770000000000       7.3200153600000E-03
    0.3771000000000       7.3110177811200E-03
    0.3772000000000       7.3020204441600E-03
    0.3773000000000       7.2930233606400E-03
    0.3774000000000       7.2840265420800E-03
    0.3775000000000       7.2750300000000E-03
    0.3776000000000       7.2660337459200E-03
    0.3777000000000       7.2570377913600E-03
    0.3778000000000       7.2480421478400E-03
    0.3779000000000       7.2390468268800E-03
    0.3780000000000       7.2300518400000E-03
    0.3781000000000       7.2210571987200E-03
    0.3782000000000       7.2120629145600E-03
    0.3783000000000       7.2030689990400E-03
    0.3784000000000       7.1940754636800E-03
    0.3785000000000       7.1850823200000E-03
    0.3786000000000       7.1760895795200E-03
    0.3787000000000       7.1670972537600E-03
    0.3788000000000       7.1581053542400E-03
    0.3789000000000       7.1491138924800E-03
    0.3790000000000       7.1401228800000E-03
    0.3791000000000       7.1311323283200E-03
    0.3792000000000       7.1221422489600E-03
    0.3793000000000       7.1131526534400E-03
    0.3794000000000       7.1041635532800E-03
    0.3795000000000       7.0951749600000E-03
    0.3796000000000       7.0861868851200E-03
    0.3797000000000       7.0771993401600E-03
    0.3798000000000       7.0682123366400E-03
    0.3799000000000       7.0592258860800E-03
    0.3800000000000       7.0502400000000E-03
    0.3801000000000       7.0412546899200E-03
    0.3802000000000       7.0322699673600E-03
    0.3803000000000       7.0232858438400E-03
    0.3804000000000       7.0143023308800E-03
    0.3805000000000       7.0053194400000E-03
    0.3806000000000       6.9963371827200E-03
    0.3807000000000       6.9873555705600E-03
    0.3808000000000       6.9783746150400E-03
    0.3809000000000       6.9693943276800E-03
    0.3810000000000       6.9604147200000E-03
    0.3811000000000       6.9514358035200E-03
    0.3812000000000       6.9424575897600E-03
    0.3813000000000       6.9334800902400E-03
    0.3814000000000       6.9245033164800E-03
    0.3815000000000       6.9155272800000E-03
    0.3816000000000       6.9065519923200E-03
    0.3817000000000       6.8975774649600E-03
    0.3818000000000       6.8886037094400E-03
    0.3819000000000       6.8796307372800E-03
    0.3820000000000       6.8706585600000E-03
    0.3821000000000       6.8616871891200E-03
    0.3822000000000       6.8527166361600E-03
    0.3823000000000       6.8437469126400E-03
    0.3824000000000       6.8347780300800E-03
    0.3825000000000       6.8258100000000E-03
    0.3826000000000       6.8168428339200E-03
    0.3827000000000       6.8078765433600E-03
    0.3828000000000       6.7989111398400E-03
    0.3829000000000       6.7899466348800E-03
    0.3830000000000       6.7809830400000E-03
    0.3831000000000       6.7720203667200E-03
    0.3832000000000       6.7630586265600E-03
    0.3833000000000       6.7540978310400E-03
    0.3834000000000       6.7451379916800E-03
    0.3835000000000       6.7361791200000E-03
    0.3836000000000       6.7272212275200E-03
    0.3837000000000       6.7182643257600E-03
    0.3838000000000       6.7093084262400E-03
    0.3839000000000       6.7003535404800E-03
    0.3840000000000       6.6913996800000E-03
    0.3841000000000       6.6824468563200E-03
    0.3842000000000       6.6734950809600E-03
    0.3843000000000       6.6645443654400E-03
    0.3844000000000       6.6555947212800E-03
    0.3845000000000       6.6466461600000E-03
    0.3846000000000       6.6376986931200E-03
    0.3847000000000       6.6287523321600E-03
    0.3848000000000       6.6198070886400E-03
    0.3849000000000       6.6108629740800E-03
    0.3850000000000       6.6019200000000E-03
    0.3851000000000       6.5929781779200E-03
    0.3852000000000       6.5840375193600E-03
    0.3853000000000       6.5750980358400E-03
    0.3854000000000       6.5661597388800E-03
    0.3855000000000       6.5572226400000E-03
    0.3856000000000       6.5482867507200E-03
    0.3857000000000       6.5393520825600E-03
    0.3858000000000       6.5304186470400E-03
    0.3859000000000       6.5214864556800E-03
    0.3860000000000       6.5125555200000E-03
    0.3861000000000       6.5036258515200E-03
    0.3862000000000       6.4946974617600E-03
    0.3863000000000       6.4857703622400E-03
    0.3864000000000       6.4768445644800E-03
    0.3865000000000       6.4679200800000E-03
    0.3866000000000       6.4589969203200E-03
    0.3867000000000       6.4500750969600E-03
    0.3868000000000       6.4411546214400E-03
    0.3869000000000       6.4322355052800E-03
    0.3870000000000       6.4233177600000E-03
    0.3871000000000       6.4144013971200E-03
    0.3872000000000       6.4054864281600E-03
    0.3873000000000       6.3965728646400E-03
    0.3874000000000       6.3876607180800E-03
    0.3875000000000       6.3787500000000E-03
    0.3876000000000       6.3698407219200E-03
    0.3877000000000       6.3609328953600E-03
    0.3878000000000       6.3520265318400E-03
    0.3879000000000       6.3431216428800E-03
    0.3880000000000       6.3342182400000E-03
    0.3881000000000       6.3253163347200E-03
    0.3882000000000       6.3164159385600E-03
    0.3883000000000       6.3075170630400E-03
    0.3884000000000       6.2986197196800E-03
    0.3885000000000       6.2897239200000E-03
    0.3886000000000       6.2808296755200E-03
    0.3887000000000       6.2719369977600E-03
    0.3888000000000       6.2630458982400E-03
    0.3889000000000       6.2541563884800E-03
    0.3890000000000       6.2452684800000E-03
    0.3891000000000       6.2363821843200E-03
    0.3892000000000       6.2274975129600E-03
    0.3893000000000       6.2186144774400E-03
    0.3894000000000       6.2097330892800E-03
    0.3895000000000       6.2008533600000E-03
    0.3896000000000       6.1919753011200E-03
    0.3897000000000       6.1830989241600E-03
    0.3898000000000       6.1742242406400E-03
    0.3899000000000       6.1653512620800E-03
    0.3900000000000       6.1564800000000E-03
    0.3901000000000       6.1476104659200E-03
    0.3902000000000       6.1387426713600E-03
    0.3903000000000       6.1298766278400E-03
    0.3904000000000       6.1210123468800E-03
    0.3905000000000       6.1121498400000E-03
    0.3906000000000       6.1032891187200E-03
    0.3907000000000       6.0944301945600E-03
    0.3908000000000       6.0855730790400E-03
    0.3909000000000       6.0767177836800E-03
    0.3910000000000       6.0678643200000E-03
    0.3911000000000       6.0590126995200E-03
    0.3912000000000       6.0501629337600E-03
    0.3913000000000       6.0413150342400E-03
    0.3914000000000       6.0324690124800E-03
    0.3915000000000       6.0236248800000E-03
    0.3916000000000       6.0147826483200E-03
    0.3917000000000       6.0059423289600E-03
    0.3918000000000       5.9971039334400E-03
    0.3919000000000       5.9882674732800E-03
    0.3920000000000       5.9794329600000E-03
    0.3921000000000       5.9706004051200E-03
    0.3922000000000       5.9617698201600E-03
    0.3923000000000       5.9529412166400E-03
    0.3924000000000       5.9441146060800E-03
    0.3925000000000       5.9352900000000E-03
    0.3926000000000       5.9264674099200E-03
    0.3927000000000       5.9176468473600E-03
    0.3928000000000       5.9088283238400E-03
    0.3929000000000       5.9000118508800E-03
    0.3930000000000       5.8911974400000E-03
    0.3931000000000       5.8823851027200E-03
    0.3932000000000       5.8735748505600E-03
    0.3933000000000       5.8647666950400E-03
    0.3934000000000       5.8559606476800E-03
    0.3935000000000       5.8471567200000E-03
    0.3936000000000       5.8383549235200E-03
    0.3937000000000       5.8295552697600E-03
    0.3938000000000       5.8207577702400E-03
    0.3939000000000       5.8119624364800E-03
    0.3940000000000       5.8031692800000E-03
    0.3941000000000       5.7943783123200E-03
    0.3942000000000       5.7855895449600E-03
    0.3943000000000       5.7768029894400E-03
    0.3944000000000       5.7680186572800E-03
    0.3945000000000       5.7592365600000E-03
    0.3946000000000       5.7504567091200E-03
    0.3947000000000       5.7416791161600E-03
    0.3948000000000       5.7329037926400E-03
    0.3949000000000       5.7241307500800E-03
    0.3950000000000       5.7153600000000E-03
    0.3951000000000       5.7065915539200E-03
    0.3952000000000       5.6978254233600E-03
    0.3953000000000       5.6890616198400E-03
    0.3954000000000       5.6803001548800E-03
    0.3955000000000       5.6715410400000E-03
    0.3956000000000       5.6627842867200E-03
    0.3957000000000       5.6540299065600E-03
    0.3958000000000       5.6452779110400E-03
    0.3959000000000       5.6365283116800E-03
    0.3960000000000       5.6277811200000E-03
    0.3961000000000       5.6190363475200E-03
    0.3962000000000       5.6102940057600E-03
    0.3963000000000       5.6015541062400E-03
    0.3964000000000       5.5928166604800E-03
    0.3965000000000       5.5840816800000E-03
    0.3966000000000       5.5753491763200E-03
    0.3967000000000       5.5666191609600E-03
    0.3968000000000       5.5578916454400E-03
    0.3969000000000       5.5491666412800E-03
    0.3970000000000       5.5404441600000E-03
    0.3971000000000       5.5317242131200E-03
    0.3972000000000       5.5230068121600E-03
    0.3973000000000       5.5142919686400E-03
    0.3974000000000       5.5055796940800E-03
    0.3975000000000       5.4968700000000E-03
    0.3976000000000       5.4881628979200E-03
    0.3977000000000       5.4794583993600E-03
    0.3978000000000       5.4707565158400E-03
    0.3979000000000       5.4620572588800E-03
    0.3980000000000       5.4533606400000E-03
    0.3981000000000       5.4446666707200E-03
    0.3982000000000       5.4359753625600E-03
    0.3983000000000       5.4272867270400E-03
    0.3984000000000       5.4186007756800E-03
    0.3985000000000       5.4099175200000E-03
    0.3986000000000       5.4012369715200E-03
    0.3987000000000       5.3925591417600E-03
    0.3988000000000       5.3838840422400E-03
    0.3989000000000       5.3752116844800E-03
    0.3990000000000       5.3665420800000E-03
    0.3991000000000       5.3578752403200E-03
    0.3992000000000       5.3492111769600E-03
    0.3993000000000       5.3405499014400E-03
    0.3994000000000       5.3318914252800E-03
    0.3995000000000       5.3232357600000E-03
    0.3996000000000       5.3145829171200E-03
    0.3997000000000       5.3059329081600E-03
    0.3998000000000       5.2972857446400E-03
    0.3999000000000       5.2886414380800E-03
    0.4000000000000       5.2800000000000E-03
    0.4001000000000       5.2713614419200E-03
    0.4002000000000       5.2627257753600E-03
    0.4003000000000       5.2540930118400E-03
    0.4004000000000       5.2454631628800E-03
    0.4005000000000       5.2368362400000E-03
    0.4006000000000       5.2282122547200E-03
    0.4007000000000       5.2195912185600E-03
    0.4008000000000       5.2109731430400E-03
    0.4009000000000       5.2023580396800E-03
    0.4010000000000       5.1937459200000E-03
    0.4011000000000       5.1851367955200E-03
    0.4012000000000       5.1765306777600E-03
    0.4013000000000       5.1679275782400E-03
    0.4014000000000       5.1593275084800E-03
    0.4015000000000       5.1507304800000E-03
    0.4016000000000       5.1421365043200E-03
    0.4017000000000       5.1335455929600E-03
    0.4018000000000       5.1249577574400E-03
    0.4019000000000       5.1163730092800E-03
    0.4020000000000       5.1077913600000E-03
    0.4021000000000       5.0992128211200E-03
    0.4022000000000       5.0906374041600E-03
    0.4023000000000       5.0820651206400E-03
    0.4024000000000       5.0734959820800E-03
    0.4025000000000       5.0649300000000E-03
    0.4026000000000       5.0563671859200E-03
    0.4027000000000       5.0478075513600E-03
    0.4028000000000       5.0392511078400E-03
    0.4029000000000       5.0306978668800E-03
    0.4030000000000       5.0221478400000E-03
    0.4031000000000       5.0136010387200E-03
    0.4032000000000       5.0050574745600E-03
    0.4033000000000       4.9965171590400E-03
    0.4034000000000       4.9879801036800E-03
    0.4035000000000       4.9794463200000E-03
    0.4036000000000       4.9709158195200E-03
    0.4037000000000       4.9623886137600E-03
    0.4038000000000       4.9538647142400E-03
    0.4039000000000       4.9453441324800E-03
    0.4040000000000       4.9368268800000E-03
    0.4041000000000       4.9283129683200E-03
    0.4042000000000       4.9198024089600E-03
    0.4043000000000       4.9112952134400E-03
    0.4044000000000       4.9027913932800E-03
    0.4045000000000       4.8942909600000E-03
    0.4046000000000       4.8857939251200E-03
    0.4047000000000       4.8773003001600E-03
    0.4048000000000       4.8688100966400E-03
    0.4049000000000       4.8603233260800E-03
    0.4050000000000       4.8518400000000E-03
    0.4051000000000       4.8433601299200E-03
    0.4052000000000       4.8348837273600E-03
    0.4053000000000       4.8264108038400E-03
    0.4054000000000       4.8179413708800E-03
    0.4055000000000       4.8094754400000E-03
    0.4056000000000       4.8010130227200E-03
    0.4057000000000       4.7925541305600E-03
    0.4058000000000       4.7840987750400E-03
    0.4059000000000       4.7756469676800E-03
    0.4060000000000       4.7671987200000E-03
    0.4061000000000       4.7587540435200E-03
    0.4062000000000       4.7503129497600E-03
    0.4063000000000       4.7418754502400E-03
    0.4064000000000       4.7334415564800E-03
    0.4065000000000       4.7250112800000E-03
    0.4066000000000       4.7165846323200E-03
    0.4067000000000       4.7081616249600E-03
    0.4068000000000       4.6997422694400E-03
    0.4069000000000       4.6913265772800E-03
    0.4070000000000       4.6829145600000E-03
    0.4071000000000       4.6745062291200E-03
    0.4072000000000       4.6661015961600E-03
    0.4073000000000       4.6577006726400E-03
    0.4074000000000       4.6493034700800E-03
    0.4075000000000       4.6409100000000E-03
    0.4076000000000       4.6325202739200E-03
    0.4077000000000       4.6241343033600E-03
    0.4078000000000       4.6157520998400E-03
    0.4079000000000       4.6073736748800E-03
    0.4080000000000       4.5989990400000E-03
    0.4081000000000       4.5906282067200E-03
    0.4082000000000       4.5822611865600E-03
    0.4083000000000       4.5738979910400E-03
    0.4084000000000       4.5655386316800E-03
    0.4085000000000       4.5571831200000E-03
    0.4086000000000       4.5488314675200E-03
    0.4087000000000       4.5404836857600E-03
    0.4088000000000       4.5321397862400E-03
    0.4089000000000       4.5237997804800E-03
    0.4090000000000       4.5154636800000E-03
    0.4091000000000       4.5071314963200E-03
    0.4092000000000       4.4988032409600E-03
    0.4093000000000       4.4904789254400E-03
    0.4094000000000       4.4821585612800E-03
    0.4095000000000       4.4738421600000E-03
    0.4096000000000       4.4655297331200E-03
    0.4097000000000       4.4572212921600E-03
    0.4098000000000       4.4489168486400E-03
    0.4099000000000       4.4406164140800E-03
    0.4100000000000       4.4323200000000E-03
    0.4101000000000       4.4240276179200E-03
    0.4102000000000       4.4157392793600E-03
    0.4103000000000       4.4074549958400E-03
    0.4104000000000       4.3991747788800E-03
    0.4105000000000       4.3908986400000E-03
    0.4106000000000       4.3826265907200E-03
    0.4107000000000       4.3743586425600E-03
    0.4108000000000       4.3660948070400E-03
    0.4109000000000       4.3578350956800E-03
    0.4110000000000       4.3495795200000E-03
    0.4111000000000       4.3413280915200E-03
    0.4112000000000       4.3330808217600E-03
    0.4113000000000       4.3248377222400E-03
    0.4114000000000       4.3165988044800E-03
    0.4115000000000       4.3083640800000E-03
    0.4116000000000       4.3001335603200E-03
    0.4117000000000       4.2919072569600E-03
    0.4118000000000       4.2836851814400E-03
    0.4119000000000       4.2754673452800E-03
    0.4120000000000       4.2672537600000E-03
    0.4121000000000       4.2590444371200E-03
    0.4122000000000       4.2508393881600E-03
    0.4123000000000       4.2426386246400E-03
    0.4124000000000       4.2344421580800E-03
    0.4125000000000       4.2262500000000E-03
    0.4126000000000       4.2180621619200E-03
    0.4127000000000       4.2098786553600E-03
    0.4128000000000       4.2016994918400E-03
    0.4129000000000       4.1935246828800E-03
    0.4130000000000       4.1853542400000E-03
    0.4131000000000       4.1771881747200E-03
    0.4132000000000       4.1690264985600E-03
    0.4133000000000       4.1608692230400E-03
    0.4134000000000       4.1527163596800E-03
    0.4135000000000       4.1445679200000E-03
    0.4136000000000       4.1364239155200E-03
    0.4137000000000       4.1282843577600E-03
    0.4138000000000       4.1201492582400E-03
    0.4139000000000       4.1120186284800E-03
    0.4140000000000       4.1038924800000E-03
    0.4141000000000       4.0957708243200E-03
    0.4142000000000       4.0876536729600E-03
    0.4143000000000       4.0795410374400E-03
    0.4144000000000       4.0714329292800E-03
    0.4145000000000       4.0633293600000E-03
    0.4146000000000       4.0552303411200E-03
    0.4147000000000       4.0471358841600E-03
    0.4148000000000       4.0390460006400E-03
    0.4149000000000       4.0309607020800E-03
    0.4150000000000       4.0228800000000E-03
    0.4151000000000       4.0148039059200E-03
    0.4152000000000       4.0067324313600E-03
    0.4153000000000       3.9986655878400E-03
    0.4154000000000       3.9906033868800E-03
    0.4155000000000       3.9825458400000E-03
    0.4156000000000       3.9744929587200E-03
    0.4157000000000       3.9664447545600E-03
    0.4158000000000       3.9584012390400E-03
    0.4159000000000       3.9503624236800E-03
    0.4160000000000       3.9423283200000E-03
    0.4161000000000       3.9342989395200E-03
    0.4162000000000       3.9262742937600E-03
    0.4163000000000       3.9182543942400E-03
    0.4164000000000       3.9102392524800E-03
    0.4165000000000       3.9022288800000E-03
    0.4166000000000       3.8942232883200E-03
    0.4167000000000       3.8862224889600E-03
    0.4168000000000       3.8782264934400E-03
    0.4169000000000       3.8702353132800E-03
    0.4170000000000       3.8622489600000E-03
    0.4171000000000       3.8542674451200E-03
    0.4172000000000       3.8462907801600E-03
    0.4173000000000       3.8383189766400E-03
    0.4174000000000       3.8303520460800E-03
    0.4175000000000       3.8223900000000E-03
    0.4176000000000       3.8144328499200E-03
    0.4177000000000       3.8064806073600E-03
    0.4178000000000       3.7985332838400E-03
    0.4179000000000       3.7905908908800E-03
    0.4180000000000       3.7826534400000E-03
    0.4181000000000       3.7747209427200E-03
    0.4182000000000       3.7667934105600E-03
    0.4183000000000       3.7588708550400E-03
    0.4184000000000       3.7509532876800E-03
    0.4185000000000       3.7430407200000E-03
    0.4186000000000       3.7351331635200E-03
    0.4187000000000       3.7272306297600E-03
    0.4188000000000       3.7193331302400E-03
    0.4189000000000       3.7114406764800E-03
    0.4190000000000       3.7035532800000E-03
    0.4191000000000       3.6956709523200E-03
    0.4192000000000       3.6877937049600E-03
    0.4193000000000       3.6799215494400E-03
    0.4194000000000       3.6720544972800E-03
    0.4195000000000       3.6641925600000E-03
    0.4196000000000       3.6563357491200E-03
    0.4197000000000       3.6484840761600E-03
    0.4198000000000       3.6406375526400E-03
    0.4199000000000       3.6327961900800E-03
    0.4200000000000       3.6249600000000E-03
    0.4201000000000       3.6171289939200E-03
    0.4202000000000       3.6093031833600E-03
    0.4203000000000       3.6014825798400E-03
    0.4204000000000       3.5936671948800E-03
    0.4205000000000       3.5858570400000E-03
    0.4206000000000       3.5780521267200E-03
    0.4207000000000       3.5702524665600E-03
    0.4208000000000       3.5624580710400E-03
    0.4209000000000       3.5546689516800E-03
    0.4210000000000       3.5468851200000E-03
    0.4211000000000       3.5391065875200E-03
    0.4212000000000       3.5313333657600E-03
    0.4213000000000       3.5235654662400E-03
    0.4214000000000       3.5158029004800E-03
    0.4215000000000       3.5080456800000E-03
    0.4216000000000       3.5002938163200E-03
    0.4217000000000       3.4925473209600E-03
    0.4218000000000       3.4848062054400E-03
    0.4219000000000       3.4770704812800E-03
    0.4220000000000       3.4693401600000E-03
    0.4221000000000       3.4616152531200E-03
    0.4222000000000       3.4538957721600E-03
    0.4223000000000       3.4461817286400E-03
    0.4224000000000       3.4384731340800E-03
    0.4225000000000       3.4307700000000E-03
    0.4226000000000       3.4230723379200E-03
    0.4227000000000       3.4153801593600E-03
    0.4228000000000       3.4076934758400E-03
    0.4229000000000       3.4000122988800E-03
    0.4230000000000       3.3923366400000E-03
    0.4231000000000       3.3846665107200E-03
    0.4232000000000       3.3770019225600E-03
    0.4233000000000       3.3693428870400E-03
    0.4234000000000       3.3616894156800E-03
    0.4235000000000       3.3540415200000E-03
    0.4236000000000       3.3463992115200E-03
    0.4237000000000       3.3387625017600E-03
    0.4238000000000       3.3311314022400E-03
    0.4239000000000       3.3235059244800E-03
    0.4240000000000       3.3158860800000E-03
    0.4241000000000       3.3082718803200E-03
    0.4242000000000       3.3006633369600E-03
    0.4243000000000       3.2930604614400E-03
    0.4244000000000       3.2854632652800E-03
    0.4245000000000       3.2778717600000E-03
    0.4246000000000       3.2702859571200E-03
    0.4247000000000       3.2627058681600E-03
    0.4248000000000       3.2551315046400E-03
    0.4249000000000       3.2475628780800E-03
    0.4250000000000       3.2400000000000E-03
    0.4251000000000       3.2324428819200E-03
    0.4252000000000       3.2248915353600E-03
    0.4253000000000       3.2173459718400E-03
    0.4254000000000       3.2098062028800E-03
    0.4255000000000       3.2022722400000E-03
    0.4256000000000       3.1947440947200E-03
    0.4257000000000       3.1872217785600E-03
    0.4258000000000       3.1797053030400E-03
    0.4259000000000       3.1721946796800E-03
    0.4260000000000       3.1646899200000E-03
    0.4261000000000       3.1571910355200E-03
    0.4262000000000       3.1496980377600E-03
    0.4263000000000       3.1422109382400E-03
    0.4264000000000       3.1347297484800E-03
    0.4265000000000       3.1272544800000E-03
    0.4266000000000       3.1197851443200E-03
    0.4267000000000       3.1123217529600E-03
    0.4268000000000       3.1048643174400E-03
    0.4269000000000       3.0974128492800E-03
    0.4270000000000       3.0899673600000E-03
    0.4271000000000       3.0825278611200E-03
    0.4272000000000       3.0750943641600E-03
    0.4273000000000       3.0676668806400E-03
    0.4274000000000       3.0602454220800E-03
    0.4275000000000       3.0528300000000E-03
    0.4276000000000       3.0454206259200E-03
    0.4277000000000       3.0380173113600E-03
    0.4278000000000       3.0306200678400E-03
    0.4279000000000       3.0232289068800E-03
    0.4280000000000       3.0158438400000E-03
    0.4281000000000       3.0084648787200E-03
    0.4282000000000       3.0010920345600E-03
    0.4283000000000       2.9937253190400E-03
    0.4284000000000       2.9863647436800E-03
    0.4285000000000       2.9790103200000E-03
    0.4286000000000       2.9716620595200E-03
    0.4287000000000       2.9643199737600E-03
    0.4288000000000       2.9569840742400E-03
    0.4289000000000       2.9496543724800E-03
    0.4290000000000       2.9423308800000E-03
    0.4291000000000       2.9350136083200E-03
    0.4292000000000       2.9277025689600E-03
    0.4293000000000       2.9203977734400E-03
    0.4294000000000       2.9130992332800E-03
    0.4295000000000       2.9058069600000E-03
    0.4296000000000       2.8985209651200E-03
    0.4297000000000       2.8912412601600E-03
    0.4298000000000       2.8839678566400E-03
    0.4299000000000       2.8767007660800E-03
    0.4300000000000       2.8694400000000E-03
    0.4301000000000       2.8621855699200E-03
    0.4302000000000       2.8549374873600E-03
    0.4303000000000       2.8476957638400E-03
    0.4304000000000       2.8404604108800E-03
    0.4305000000000       2.8332314400000E-03
    0.4306000000000       2.8260088627200E-03
    0.4307000000000       2.8187926905600E-03
    0.4308000000000       2.8115829350400E-03
    0.4309000000000       2.8043796076800E-03
    0.4310000000000       2.7971827200000E-03
    0.4311000000000       2.7899922835200E-03
    0.4312000000000       2.7828083097600E-03
    0.4313000000000       2.7756308102400E-03
    0.4314000000000       2.7684597964800E-03
    0.4315000000000       2.7612952800000E-03
    0.4316000000000       2.7541372723200E-03
    0.4317000000000       2.7469857849600E-03
    0.4318000000000       2.7398408294400E-03
    0.4319000000000       2.7327024172800E-03
    0.4320000000000       2.7255705600000E-03
    0.4321000000000       2.7184452691200E-03
    0.4322000000000       2.7113265561600E-03
    0.4323000000000       2.7042144326400E-03
    0.4324000000000       2.6971089100800E-03
    0.4325000000000       2.6900100000000E-03
    0.4326000000000       2.6829177139200E-03
    0.4327000000000       2.6758320633600E-03
    0.4328000000000       2.6687530598400E-03
    0.4329000000000       2.6616807148800E-03
    0.4330000000000       2.6546150400000E-03
    0.4331000000000       2.6475560467200E-03
    0.4332000000000       2.6405037465600E-03
    0.4333000000000       2.6334581510400E-03
    0.4334000000000       2.6264192716800E-03
    0.4335000000000       2.6193871200000E-03
    0.4336000000000       2.6123617075200E-03
    0.4337000000000       2.6053430457600E-03
    0.4338000000000       2.5983311462400E-03
    0.4339000000000       2.5913260204800E-03
    0.4340000000000       2.5843276800000E-03
    0.4341000000000       2.5773361363200E-03
    0.4342000000000       2.5703514009600E-03
    0.4343000000000       2.5633734854400E-03
    0.4344000000000       2.5564024012800E-03
    0.4345000000000       2.5494381600000E-03
    0.4346000000000       2.5424807731200E-03
    0.4347000000000       2.5355302521600E-03
    0.4348000000000       2.5285866086400E-03
    0.4349000000000       2.5216498540800E-03
    0.4350000000000       2.5147200000000E-03
    0.4351000000000       2.5077970579200E-03
    0.4352000000000       2.5008810393600E-03
    0.4353000000000       2.4939719558400E-03
    0.4354000000000       2.4870698188800E-03
    0.4355000000000       2.4801746400000E-03
    0.4356000000000       2.4732864307200E-03
    0.4357000000000       2.4664052025600E-03
    0.4358000000000       2.4595309670400E-03
    0.4359000000000       2.4526637356800E-03
    0.4360000000000       2.4458035200000E-03
    0.4361000000000       2.4389503315200E-03
    0.4362000000000       2.4321041817600E-03
    0.4363000000000       2.4252650822400E-03
    0.4364000000000       2.4184330444800E-03
    0.4365000000000       2.4116080800000E-03
    0.4366000000000       2.4047902003200E-03
    0.4367000000000       2.3979794169600E-03
    0.4368000000000       2.3911757414400E-03
    0.4369000000000       2.3843791852800E-03
    0.4370000000000       2.3775897600000E-03
    0.4371000000000       2.3708074771200E-03
    0.4372000000000       2.3640323481600E-03
    0.4373000000000       2.3572643846400E-03
    0.4374000000000       2.3505035980800E-03
    0.4375000000000       2.3437500000000E-03
    0.4376000000000       2.3370036019200E-03
    0.4377000000000       2.3302644153600E-03
    0.4378000000000       2.3235324518400E-03
    0.4379000000000       2.3168077228800E-03
    0.4380000000000       2.3100902400000E-03
    0.4381000000000       2.3033800147200E-03
    0.4382000000000       2.2966770585600E-03
    0.4383000000000       2.2899813830400E-03
    0.4384000000000       2.2832929996800E-03
    0.4385000000000       2.2766119200000E-03
    0.4386000000000       2.2699381555200E-03
    0.4387000000000       2.2632717177600E-03
    0.4388000000000       2.2566126182400E-03
    0.4389000000000       2.2499608684800E-03
    0.4390000000000       2.2433164800000E-03
    0.4391000000000       2.2366794643200E-03
    0.4392000000000       2.2300498329600E-03
    0.4393000000000       2.2234275974400E-03
    0.4394000000000       2.2168127692800E-03
    0.4395000000000       2.2102053600000E-03
    0.4396000000000       2.2036053811200E-03
    0.4397000000000       2.1970128441600E-03
    0.4398000000000       2.1904277606400E-03
    0.4399000000000       2.1838501420800E-03
    0.4400000000000       2.1772800000000E-03
    0.4401000000000       2.1707173459200E-03
    0.4402000000000       2.1641621913600E-03
    0.4403000000000       2.1576145478400E-03
    0.4404000000000       2.1510744268800E-03
    0.4405000000000       2.1445418400000E-03
    0.4406000000000       2.1380167987200E-03
    0.4407000000000       2.1314993145600E-03
    0.4408000000000       2.1249893990400E-03
    0.4409000000000       2.1184870636800E-03
    0.4410000000000       2.1119923200000E-03
    0.4411000000000       2.1055051795200E-03
    0.4412000000000       2.0990256537600E-03
    0.4413000000000       2.0925537542400E-03
    0.4414000000000       2.0860894924800E-03
    0.4415000000000       2.0796328800000E-03
    0.4416000000000       2.0731839283200E-03
    0.4417000000000       2.0667426489600E-03
    0.4418000000000       2.0603090534400E-03
    0.4419000000000       2.0538831532800E-03
    0.4420000000000       2.0474649600000E-03
    0.4421000000000       2.0410544851200E-03
    0.4422000000000       2.0346517401600E-03
    0.4423000000000       2.0282567366400E-03
    0.4424000000000       2.0218694860800E-03
    0.4425000000000       2.0154900000000E-03
    0.4426000000000       2.0091182899200E-03
    0.4427000000000       2.0027543673600E-03
    0.4428000000000       1.9963982438400E-03
    0.4429000000000       1.9900499308800E-03
    0.4430000000000       1.9837094400000E-03
    0.4431000000000       1.9773767827200E-03
    0.4432000000000       1.9710519705600E-03
    0.4433000000000       1.9647350150400E-03
    0.4434000000000       1.9584259276800E-03
    0.4435000000000       1.9521247200000E-03
    0.4436000000000       1.9458314035200E-03
    0.4437000000000       1.9395459897600E-03
    0.4438000000000       1.9332684902400E-03
    0.4439000000000       1.9269989164800E-03
    0.4440000000000       1.9207372800000E-03
    0.4441000000000       1.9144835923200E-03
    0.4442000000000       1.9082378649600E-03
    0.4443000000000       1.9020001094400E-03
    0.4444000000000       1.8957703372800E-03
    0.4445000000000       1.8895485600000E-03
    0.4446000000000       1.8833347891200E-03
    0.4447000000000       1.8771290361600E-03
    0.4448000000000       1.8709313126400E-03
    0.4449000000000       1.8647416300800E-03
    0.4450000000000       1.8585600000000E-03
    0.4451000000000       1.8523864339200E-03
    0.4452000000000       1.8462209433600E-03
    0.4453000000000       1.8400635398400E-03
    0.4454000000000       1.8339142348800E-03
    0.4455000000000       1.8277730400000E-03
    0.4456000000000       1.8216399667200E-03
    0.4457000000000       1.8155150265600E-03
    0.4458000000000       1.8093982310400E-03
    0.4459000000000       1.8032895916800E-03
    0.4460000000000       1.7971891200000E-03
    0.4461000000000       1.7910968275200E-03
    0.4462000000000       1.7850127257600E-03
    0.4463000000000       1.7789368262400E-03
    0.4464000000000       1.7728691404800E-03
    0.4465000000000       1.7668096800000E-03
    0.4466000000000       1.7607584563200E-03
    0.4467000000000       1.7547154809600E-03
    0.4468000000000       1.7486807654400E-03
    0.4469000000000       1.7426543212800E-03
    0.4470000000000       1.7366361600000E-03
    0.4471000000000       1.7306262931200E-03
    0.4472000000000       1.7246247321600E-03
    0.4473000000000       1.7186314886400E-03
    0.4474000000000       1.7126465740800E-03
    0.4475000000000       1.7066700000000E-03
    0.4476000000000       1.7007017779200E-03
    0.4477000000000       1.6947419193600E-03
    0.4478000000000       1.6887904358400E-03
    0.4479000000000       1.6828473388800E-03
    0.4480000000000       1.6769126400000E-03
    0.4481000000000       1.6709863507200E-03
    0.4482000000000       1.6650684825600E-03
    0.4483000000000       1.6591590470400E-03
    0.4484000000000       1.6532580556800E-03
    0.4485000000000       1.6473655200000E-03
    0.4486000000000       1.6414814515200E-03
    0.4487000000000       1.6356058617600E-03
    0.4488000000000       1.6297387622400E-03
    0.4489000000000       1.6238801644800E-03
    0.4490000000000       1.6180300800000E-03
    0.4491000000000       1.6121885203200E-03
    0.4492000000000       1.6063554969600E-03
    0.4493000000000       1.6005310214400E-03
    0.4494000000000       1.5947151052800E-03
    0.4495000000000       1.5889077600000E-03
    0.4496000000000       1.5831089971200E-03
    0.4497000000000       1.5773188281600E-03
    0.4498000000000       1.5715372646400E-03
    0.4499000000000       1.5657643180800E-03
    0.4500000000000       1.5600000000000E-03
    0.4501000000000       1.5542443219200E-03
    0.4502000000000       1.5484972953600E-03
    0.4503000000000       1.5427589318400E-03
    0.4504000000000       1.5370292428800E-03
    0.4505000000000       1.5313082400000E-03
    0.4506000000000       1.5255959347200E-03
    0.4507000000000       1.5198923385600E-03
    0.4508000000000       1.5141974630400E-03
    0.4509000000000       1.5085113196800E-03
    0.4510000000000       1.5028339200000E-03
    0.4511000000000       1.4971652755200E-03
    0.4512000000000       1.4915053977600E-03
    0.4513000000000       1.4858542982400E-03
    0.4514000000000       1.4802119884800E-03
    0.4515000000000       1.4745784800000E-03
    0.4516000000000       1.4689537843200E-03
    0.4517000000000       1.4633379129600E-03
    0.4518000000000       1.4577308774400E-03
    0.4519000000000       1.4521326892800E-03
    0.4520000000000       1.4465433600000E-03
    0.4521000000000       1.4409629011200E-03
    0.4522000000000       1.4353913241600E-03
    0.4523000000000       1.4298286406400E-03
    0.4524000000000       1.4242748620800E-03
    0.4525000000000       1.4187300000000E-03
    0.4526000000000       1.4131940659200E-03
    0.4527000000000       1.4076670713600E-03
    0.4528000000000       1.4021490278400E-03
    0.4529000000000       1.3966399468800E-03
    0.4530000000000       1.3911398400000E-03
    0.4531000000000       1.3856487187200E-03
    0.4532000000000       1.3801665945600E-03
    0.4533000000000       1.3746934790400E-03
    0.4534000000000       1.3692293836800E-03
    0.4535000000000       1.3637743200000E-03
    0.4536000000000       1.3583282995200E-03
    0.4537000000000       1.3528913337600E-03
    0.4538000000000       1.3474634342400E-03
    0.4539000000000       1.3420446124800E-03
    0.4540000000000       1.3366348800000E-03
    0.4541000000000       1.3312342483200E-03
    0.4542000000000       1.3258427289600E-03
    0.4543000000000       1.3204603334400E-03
    0.4544000000000       1.3150870732800E-03
    0.4545000000000       1.3097229600000E-03
    0.4546000000000       1.3043680051200E-03
    0.4547000000000       1.2990222201600E-03
    0.4548000000000       1.2936856166400E-03
    0.4549000000000       1.2883582060800E-03
    0.4550000000000       1.2830400000000E-03
    0.4551000000000       1.2777310099200E-03
    0.4552000000000       1.2724312473600E-03
    0.4553000000000       1.2671407238400E-03
    0.4554000000000       1.2618594508800E-03
    0.4555000000000       1.2565874400000E-03
    0.4556000000000       1.2513247027200E-03
    0.4557000000000       1.2460712505600E-03
    0.4558000000000       1.2408270950400E-03
    0.4559000000000       1.2355922476800E-03
    0.4560000000000       1.2303667200000E-03
    0.4561000000000       1.2251505235200E-03
    0.4562000000000       1.2199436697600E-03
    0.4563000000000       1.2147461702400E-03
    0.4564000000000       1.2095580364800E-03
    0.4565000000000       1.2043792800000E-03
    0.4566000000000       1.1992099123200E-03
    0.4567000000000       1.1940499449600E-03
    0.4568000000000       1.1888993894400E-03
    0.4569000000000       1.1837582572800E-03
    0.4570000000000       1.1786265600000E-03
    0.4571000000000       1.1735043091200E-03
    0.4572000000000       1.1683915161600E-03
    0.4573000000000       1.1632881926400E-03
    0.4574000000000       1.1581943500800E-03
    0.4575000000000       1.1531100000000E-03
    0.4576000000000       1.1480351539200E-03
    0.4577000000000       1.1429698233600E-03
    0.4578000000000       1.1379140198400E-03
    0.4579000000000       1.1328677548800E-03
    0.4580000000000       1.1278310400000E-03
    0.4581000000000       1.1228038867200E-03
    0.4582000000000       1.1177863065600E-03
    0.4583000000000       1.1127783110400E-03
    0.4584000000000       1.1077799116800E-03
    0.4585000000000       1.1027911200000E-03
    0.4586000000000       1.0978119475200E-03
    0.4587000000000       1.0928424057600E-03
    0.4588000000000       1.0878825062400E-03
    0.4589000000000       1.0829322604800E-03
    0.4590000000000       1.0779916800000E-03
    0.4591000000000       1.0730607763200E-03
    0.4592000000000       1.0681395609600E-03
    0.4593000000000       1.0632280454400E-03
    0.4594000000000       1.0583262412800E-03
    0.4595000000000       1.0534341600000E-03
    0.4596000000000       1.0485518131200E-03
    0.4597000000000       1.0436792121600E-03
    0.4598000000000       1.0388163686400E-03
    0.4599000000000       1.0339632940800E-03
    0.4600000000000       1.0291200000000E-03
    0.4601000000000       1.0242864979200E-03
    0.4602000000000       1.0194627993600E-03
    0.4603000000000       1.0146489158400E-03
    0.4604000000000       1.0098448588800E-03
    0.4605000000000       1.0050506400000E-03
    0.4606000000000       1.0002662707200E-03
    0.4607000000000       9.9549176256000E-04
    0.4608000000000       9.9072712704000E-04
    0.4609000000000       9.8597237568000E-04
    0.4610000000000       9.8122752000000E-04
    0.4611000000000       9.7649257152000E-04
    0.4612000000000       9.7176754176000E-04
    0.4613000000000       9.6705244224000E-04
    0.4614000000000       9.6234728448000E-04
    0.4615000000000       9.5765208000000E-04
    0.4616000000000       9.5296684032000E-04
    0.4617000000000       9.4829157696000E-04
    0.4618000000000       9.4362630144000E-04
    0.4619000000000       9.3897102528000E-04
    0.4620000000000       9.3432576000000E-04
    0.4621000000000       9.2969051712000E-04
    0.4622000000000       9.2506530816000E-04
    0.4623000000000       9.2045014464000E-04
    0.4624000000000       9.1584503808000E-04
    0.4625000000000       9.1125000000000E-04
    0.4626000000000       9.0666504192000E-04
    0.4627000000000       9.0209017536000E-04
    0.4628000000000       8.9752541184000E-04
    0.4629000000000       8.9297076288000E-04
    0.4630000000000       8.8842624000000E-04
    0.4631000000000       8.8389185472000E-04
    0.4632000000000       8.7936761856000E-04
    0.4633000000000       8.7485354304000E-04
    0.4634000000000       8.7034963968000E-04
    0.4635000000000       8.6585592000000E-04
    0.4636000000000       8.6137239552000E-04
    0.4637000000000       8.5689907776000E-04
    0.4638000000000       8.5243597824000E-04
    0.4639000000000       8.4798310848000E-04
    0.4640000000000       8.4354048000000E-04
    0.4641000000000       8.3910810432000E-04
    0.4642000000000       8.3468599296000E-04
    0.4643000000000       8.3027415744000E-04
    0.4644000000000       8.2587260928000E-04
    0.4645000000000       8.2148136000000E-04
    0.4646000000000       8.1710042112000E-04
    0.4647000000000       8.1272980416000E-04
    0.4648000000000       8.0836952064000E-04
    0.4649000000000       8.0401958208000E-04
    0.4650000000000       7.9968000000000E-04
    0.4651000000000       7.9535078592000E-04
    0.4652000000000       7.9103195136000E-04
    0.4653000000000       7.8672350784000E-04
    0.4654000000000       7.8242546688000E-04
    0.4655000000000       7.7813784000000E-04
    0.4656000000000       7.7386063872000E-04
    0.4657000000000       7.6959387456000E-04
    0.4658000000000       7.6533755904000E-04
    0.4659000000000       7.6109170368000E-04
    0.4660000000000       7.5685632000000E-04
    0.4661000000000       7.5263141952000E-04
    0.4662000000000       7.4841701376000E-04
    0.4663000000000       7.4421311424000E-04
    0.4664000000000       7.4001973248000E-04
    0.4665000000000       7.3583688000000E-04
    0.4666000000000       7.3166456832000E-04
    0.4667000000000       7.2750280896000E-04
    0.4668000000000       7.2335161344000E-04
    0.4669000000000       7.1921099328000E-04
    0.4670000000000       7.1508096000000E-04
    0.4671000000000       7.1096152512000E-04
    0.4672000000000       7.0685270016000E-04
    0.4673000000000       7.0275449664000E-04
    0.4674000000000       6.9866692608000E-04
    0.4675000000000       6.9459000000000E-04
    0.4676000000000       6.9052372992000E-04
    0.4677000000000       6.8646812736000E-04
    0.4678000000000       6.8242320384000E-04
    0.4679000000000       6.7838897088000E-04
    0.4680000000000       6.7436544000000E-04
    0.4681000000000       6.7035262272000E-04
    0.4682000000000       6.6635053056000E-04
    0.4683000000000       6.6235917504000E-04
    0.4684000000000       6.5837856768000E-04
    0.4685000000000       6.5440872000000E-04
    0.4686000000000       6.5044964352000E-04
    0.4687000000000       6.4650134976000E-04
    0.4688000000000       6.4256385024000E-04
    0.4689000000000       6.3863715648000E-04
    0.4690000000000       6.3472128000000E-04
    0.4691000000000       6.3081623232000E-04
    0.4692000000000       6.2692202496000E-04
    0.4693000000000       6.2303866944000E-04
    0.4694000000000       6.1916617728000E-04
    0.4695000000000       6.1530456000000E-04
    0.4696000000000       6.1145382912000E-04
    0.4697000000000       6.0761399616000E-04
    0.4698000000000       6.0378507264000E-04
    0.4699000000000       5.9996707008000E-04
    0.4700000000000       5.9616000000000E-04
    0.4701000000000       5.9236387392000E-04
    0.4702000000000       5.8857870336000E-04
    0.4703000000000       5.8480449984000E-04
    0.4704000000000       5.8104127488000E-04
    0.4705000000000       5.7728904000000E-04
    0.4706000000000       5.7354780672000E-04
    0.4707000000000       5.6981758656000E-04
    0.4708000000000       5.6609839104000E-04
    0.4709000000000       5.6239023168000E-04
    0.4710000000000       5.5869312000000E-04
    0.4711000000000       5.5500706752000E-04
    0.4712000000000       5.5133208576000E-04
    0.4713000000000       5.4766818624000E-04
    0.4714000000000       5.4401538048000E-04
    0.4715000000000       5.4037368000000E-04
    0.4716000000000       5.3674309632000E-04
    0.4717000000000       5.3312364096000E-04
    0.4718000000000       5.2951532544000E-04
    0.4719000000000       5.2591816128000E-04
    0.4720000000000       5.2233216000000E-04
    0.4721000000000       5.1875733312000E-04
    0.4722000000000       5.1519369216000E-04
    0.4723000000000       5.1164124864000E-04
    0.4724000000000       5.0810001408000E-04
    0.4725000000000       5.0457000000000E-04
    0.4726000000000       5.0105121792000E-04
    0.4727000000000       4.9754367936000E-04
    0.4728000000000       4.9404739584000E-04
    0.4729000000000       4.9056237888000E-04
    0.4730000000000       4.8708864000000E-04
    0.4731000000000       4.8362619072000E-04
    0.4732000000000       4.8017504256000E-04
    0.4733000000000       4.7673520704000E-04
    0.4734000000000       4.7330669568000E-04
    0.4735000000000       4.6988952000000E-04
    0.4736000000000       4.6648369152000E-04
    0.4737000000000       4.6308922176000E-04
    0.4738000000000       4.5970612224000E-04
    0.4739000000000       4.5633440448000E-04
    0.4740000000000       4.5297408000000E-04
    0.4741000000000       4.4962516032000E-04
    0.4742000000000       4.4628765696000E-04
    0.4743000000000       4.4296158144000E-04
    0.4744000000000       4.3964694528000E-04
    0.4745000000000       4.3634376000000E-04
    0.4746000000000       4.3305203712000E-04
    0.4747000000000       4.2977178816000E-04
    0.4748000000000       4.2650302464000E-04
    0.4749000000000       4.2324575808000E-04
    0.4750000000000       4.2000000000000E-04
    0.4751000000000       4.1676576192000E-04
    0.4752000000000       4.1354305536000E-04
    0.4753000000000       4.1033189184000E-04
    0.4754000000000       4.0713228288000E-04
    0.4755000000000       4.0394424000000E-04
    0.4756000000000       4.0076777472000E-04
    0.4757000000000       3.9760289856000E-04
    0.4758000000000       3.9444962304000E-04
    0.4759000000000       3.9130795968000E-04
    0.4760000000000       3.8817792000000E-04
    0.4761000000000       3.8505951552000E-04
    0.4762000000000       3.8195275776000E-04
    0.4763000000000       3.7885765824000E-04
    0.4764000000000       3.7577422848000E-04
    0.4765000000000       3.7270248000000E-04
    0.4766000000000       3.6964242432000E-04
    0.4767000000000       3.6659407296000E-04
    0.4768000000000       3.6355743744000E-04
    0.4769000000000       3.6053252928000E-04
    0.4770000000000       3.5751936000000E-04
    0.4771000000000       3.5451794112000E-04
    0.4772000000000       3.5152828416000E-04
    0.4773000000000       3.4855040064000E-04
    0.4774000000000       3.4558430208000E-04
    0.4775000000000       3.4263000000000E-04
    0.4776000000000       3.3968750592000E-04
    0.4777000000000       3.3675683136000E-04
    0.4778000000000       3.3383798784000E-04
    0.4779000000000       3.3093098688000E-04
    0.4780000000000       3.2803584000000E-04
    0.4781000000000       3.2515255872000E-04
    0.4782000000000       3.2228115456000E-04
    0.4783000000000       3.1942163904000E-04
    0.4784000000000       3.1657402368000E-04
    0.4785000000000       3.1373832000000E-04
    0.4786000000000       3.1091453952000E-04
    0.4787000000000       3.0810269376000E-04
    0.4788000000000       3.0530279424000E-04
    0.4789000000000       3.0251485248000E-04
    0.4790000000000       2.9973888000000E-04
    0.4791000000000       2.9697488832000E-04
    0.4792000000000       2.9422288896000E-04
    0.4793000000000       2.9148289344000E-04
    0.4794000000000       2.8875491328000E-04
    0.4795000000000       2.8603896000000E-04
    0.4796000000000       2.8333504512000E-04
    0.4797000000000       2.8064318016000E-04
    0.4798000000000       2.7796337664000E-04
    0.4799000000000       2.7529564608000E-04
    0.4800000000000       2.7264000000000E-04
    0.4801000000000       2.6999644992000E-04
    0.4802000000000       2.6736500736000E-04
    0.4803000000000       2.6474568384000E-04
    0.4804000000000       2.6213849088000E-04
    0.4805000000000       2.5954344000000E-04
    0.4806000000000       2.5696054272000E-04
    0.4807000000000       2.5438981056000E-04
    0.4808000000000       2.5183125504000E-04
    0.4809000000000       2.4928488768000E-04
    0.4810000000000       2.4675072000000E-04
    0.4811000000000       2.4422876352000E-04
    0.4812000000000       2.4171902976000E-04
    0.4813000000000       2.3922153024000E-04
    0.4814000000000       2.3673627648000E-04
    0.4815000000000       2.3426328000000E-04
    0.4816000000000       2.3180255232000E-04
    0.4817000000000       2.2935410496000E-04
    0.4818000000000       2.2691794944000E-04
    0.4819000000000       2.2449409728000E-04
    0.4820000000000       2.2208256000000E-04
    0.4821000000000       2.1968334912000E-04
    0.4822000000000       2.1729647616000E-04
    0.4823000000000       2.1492195264000E-04
    0.4824000000000       2.1255979008000E-04
    0.4825000000000       2.1021000000000E-04
    0.4826000000000       2.0787259392000E-04
    0.4827000000000       2.0554758336000E-04
    0.4828000000000       2.0323497984000E-04
    0.4829000000000       2.0093479488000E-04
    0.4830000000000       1.9864704000000E-04
    0.4831000000000       1.9637172672000E-04
    0.4832000000000       1.9410886656000E-04
    0.4833000000000       1.9185847104000E-04
    0.4834000000000       1.8962055168000E-04
    0.4835000000000       1.8739512000000E-04
    0.4836000000000       1.8518218752000E-04
    0.4837000000000       1.8298176576000E-04
    0.4838000000000       1.8079386624000E-04
    0.4839000000000       1.7861850048000E-04
    0.4840000000000       1.7645568000000E-04
    0.4841000000000       1.7430541632000E-04
    0.4842000000000       1.7216772096000E-04
    0.4843000000000       1.7004260544000E-04
    0.4844000000000       1.6793008128000E-04
    0.4845000000000       1.6583016000000E-04
    0.4846000000000       1.6374285312000E-04
    0.4847000000000       1.6166817216000E-04
    0.4848000000000       1.5960612864000E-04
    0.4849000000000       1.5755673408000E-04
    0.4850000000000       1.5552000000000E-04
    0.4851000000000       1.5349593792000E-04
    0.4852000000000       1.5148455936000E-04
    0.4853000000000       1.4948587584000E-04
    0.4854000000000       1.4749989888000E-04
    0.4855000000000       1.4552664000000E-04
    0.4856000000000       1.4356611072000E-04
    0.4857000000000       1.4161832256000E-04
    0.4858000000000       1.3968328704000E-04
    0.4859000000000       1.3776101568000E-04
    0.4860000000000       1.3585152000000E-04
    0.4861000000000       1.3395481152000E-04
    0.4862000000000       1.3207090176000E-04
    0.4863000000000       1.3019980224000E-04
    0.4864000000000       1.2834152448000E-04
    0.4865000000000       1.2649608000000E-04
    0.4866000000000       1.2466348032000E-04
    0.4867000000000       1.2284373696000E-04
    0.4868000000000       1.2103686144000E-04
    0.4869000000000       1.1924286528000E-04
    0.4870000000000       1.1746176000000E-04
    0.4871000000000       1.1569355712000E-04
    0.4872000000000       1.1393826816000E-04
    0.4873000000000       1.1219590464000E-04
    0.4874000000000       1.1046647808000E-04
    0.4875000000000       1.0875000000000E-04
    0.4876000000000       1.0704648192000E-04
    0.4877000000000       1.0535593536000E-04
    0.4878000000000       1.0367837184000E-04
    0.4879000000000       1.0201380288000E-04
    0.4880000000000       1.0036224000000E-04
    0.4881000000000       9.8723694720000E-05
    0.4882000000000       9.7098178560000E-05
    0.4883000000000       9.5485703040000E-05
    0.4884000000000       9.3886279680000E-05
    0.4885000000000       9.2299920000000E-05
    0.4886000000000       9.0726635520000E-05
    0.4887000000000       8.9166437760000E-05
    0.4888000000000       8.7619338240000E-05
    0.4889000000000       8.6085348480000E-05
    0.4890000000000       8.4564480000000E-05
    0.4891000000000       8.3056744320000E-05
    0.4892000000000       8.1562152960000E-05
    0.4893000000000       8.0080717440000E-05
    0.4894000000000       7.8612449280000E-05
    0.4895000000000       7.7157360000000E-05
    0.4896000000000       7.5715461120000E-05
    0.4897000000000       7.4286764160000E-05
    0.4898000000000       7.2871280640000E-05
    0.4899000000000       7.1469022080000E-05
    0.4900000000000       7.0080000000000E-05
    0.4901000000000       6.8704225920000E-05
    0.4902000000000       6.7341711360000E-05
    0.4903000000000       6.5992467840000E-05
    0.4904000000000       6.4656506880000E-05
    0.4905000000000       6.3333840000000E-05
    0.4906000000000       6.2024478720000E-05
    0.4907000000000       6.0728434560000E-05
    0.4908000000000       5.9445719040000E-05
    0.4909000000000       5.8176343680000E-05
    0.4910000000000       5.6920320000000E-05
    0.4911000000000       5.5677659520000E-05
    0.4912000000000       5.4448373760000E-05
    0.4913000000000       5.3232474240000E-05
    0.4914000000000       5.2029972480000E-05
    0.4915000000000       5.0840880000000E-05
    0.4916000000000       4.9665208320000E-05
    0.4917000000000       4.8502968960000E-05
    0.4918000000000       4.7354173440000E-05
    0.4919000000000       4.6218833280000E-05
    0.4920000000000       4.5096960000000E-05
    0.4921000000000       4.3988565120000E-05
    0.4922000000000       4.2893660160000E-05
    0.4923000000000       4.1812256640000E-05
    0.4924000000000       4.0744366080000E-05
    0.4925000000000       3.9690000000000E-05
    0.4926000000000       3.8649169920000E-05
    0.4927000000000       3.7621887360000E-05
    0.4928000000000       3.6608163840000E-05
    0.4929000000000       3.5608010880000E-05
    0.4930000000000       3.4621440000000E-05
    0.4931000000000       3.3648462720000E-05
    0.4932000000000       3.2689090560000E-05
    0.4933000000000       3.1743335040000E-05
    0.4934000000000       3.0811207680000E-05
    0.4935000000000       2.9892720000000E-05
    0.4936000000000       2.8987883520000E-05
    0.4937000000000       2.8096709760000E-05
    0.4938000000000       2.7219210240000E-05
    0.4939000000000       2.6355396480000E-05
    0.4940000000000       2.5505280000000E-05
    0.4941000000000       2.4668872320000E-05
    0.4942000000000       2.3846184960000E-05
    0.4943000000000       2.3037229440000E-05
    0.4944000000000       2.2242017280000E-05
    0.4945000000000       2.1460560000000E-05
    0.4946000000000       2.0692869120000E-05
    0.4947000000000       1.9938956160000E-05
    0.4948000000000       1.9198832640000E-05
    0.4949000000000       1.8472510080000E-05
    0.4950000000000       1.7760000000000E-05
    0.4951000000000       1.7061313920000E-05
    0.4952000000000       1.6376463360000E-05
    0.4953000000000       1.5705459840000E-05
    0.4954000000000       1.5048314880000E-05
    0.4955000000000       1.4405040000000E-05
    0.4956000000000       1.3775646720000E-05
    0.4957000000000       1.3160146560000E-05
    0.4958000000000       1.2558551040000E-05
    0.4959000000000       1.1970871680000E-05
    0.4960000000000       1.1397120000000E-05
    0.4961000000000       1.0837307520000E-05
    0.4962000000000       1.0291445760000E-05
    0.4963000000000       9.7595462400000E-06
    0.4964000000000       9.2416204800000E-06
    0.4965000000000       8.7376800000000E-06
    0.4966000000000       8.2477363200000E-06
    0.4967000000000       7.7718009600000E-06
    0.4968000000000       7.3098854400000E-06
    0.4969000000000       6.8620012800000E-06
    0.4970000000000       6.4281600000000E-06
    0.4971000000000       6.0083731200000E-06
    0.4972000000000       5.6026521600000E-06
    0.4973000000000       5.2110086400000E-06
    0.4974000000000       4.8334540800000E-06
    0.4975000000000       4.4700000000000E-06
    0.4976000000000       4.1206579200000E-06
    0.4977000000000       3.7854393600000E-06
    0.4978000000000       3.4643558400000E-06
    0.4979000000000       3.1574188800000E-06
    0.4980000000000       2.8646399999900E-06
    0.4981000000000       2.5860307200000E-06
    0.4982000000000       2.3216025600000E-06
    0.4983000000000       2.0713670399900E-06
    0.4984000000000       1.8353356800000E-06
    0.4985000000000       1.6135199999900E-06
    0.4986000000000       1.4059315200000E-06
    0.4987000000000       1.2125817600000E-06
    0.4988000000000       1.0334822400000E-06
    0.4989000000000       8.6864447999800E-07
    0.4990000000000       7.1807999999800E-07
    0.4991000000000       5.8180031999700E-07
    0.4992000000000       4.5981696000400E-07
    0.4993000000000       3.5214144000400E-07
    0.4994000000000       2.5878528000200E-07
    0.4995000000000       1.7976000000200E-07
    0.4996000000000       1.1507712000000E-07
    0.4997000000000       6.4748160000200E-08
    0.4998000000000       2.8784640001400E-08
    0.4999000000000       7.1980799983700E-09
    0.5000000000000        0.000000000000    
    0.5001000000000       2.8792320000000E-08
    0.5002000000000       1.1513856000000E-07
    0.5003000000000       2.5899264000000E-07
    0.5004000000000       4.6030848000000E-07
    0.5005000000000       7.1904000000000E-07
    0.5006000000000       1.0351411200000E-06
    0.5007000000000       1.4085657600000E-06
    0.5008000000000       1.8392678400000E-06
    0.5009000000000       2.3272012800000E-06
    0.5010000000000       2.8723200000000E-06
    0.5011000000000       3.4745779200000E-06
    0.5012000000000       4.1339289600000E-06
    0.5013000000000       4.8503270400000E-06
    0.5014000000000       5.6237260800000E-06
    0.5015000000000       6.4540800000000E-06
    0.5016000000000       7.3413427200000E-06
    0.5017000000000       8.2854681600000E-06
    0.5018000000000       9.2864102400000E-06
    0.5019000000000       1.0344122880000E-05
    0.5020000000000       1.1458560000000E-05
    0.5021000000000       1.2629675520000E-05
    0.5022000000000       1.3857423360000E-05
    0.5023000000000       1.5141757440000E-05
    0.5024000000000       1.6482631680000E-05
    0.5025000000000       1.7880000000000E-05
    0.5026000000000       1.9333816320000E-05
    0.5027000000000       2.0844034560000E-05
    0.5028000000000       2.2410608640000E-05
    0.5029000000000       2.4033492480000E-05
    0.5030000000000       2.5712640000000E-05
    0.5031000000000       2.7448005120000E-05
    0.5032000000000       2.9239541760000E-05
    0.5033000000000       3.1087203840000E-05
    0.5034000000000       3.2990945280000E-05
    0.5035000000000       3.4950720000000E-05
    0.5036000000000       3.6966481920000E-05
    0.5037000000000       3.9038184960000E-05
    0.5038000000000       4.1165783040000E-05
    0.5039000000000       4.3349230080000E-05
    0.5040000000000       4.5588480000000E-05
    0.5041000000000       4.7883486720000E-05
    0.5042000000000       5.0234204160000E-05
    0.5043000000000       5.2640586240000E-05
    0.5044000000000       5.5102586880000E-05
    0.5045000000000       5.7620160000000E-05
    0.5046000000000       6.0193259520000E-05
    0.5047000000000       6.2821839360000E-05
    0.5048000000000       6.5505853440000E-05
    0.5049000000000       6.8245255680000E-05
    0.5050000000000       7.1040000000000E-05
    0.5051000000000       7.3890040320000E-05
    0.5052000000000       7.6795330560000E-05
    0.5053000000000       7.9755824640000E-05
    0.5054000000000       8.2771476480000E-05
    0.5055000000000       8.5842240000000E-05
    0.5056000000000       8.8968069120000E-05
    0.5057000000000       9.2148917760000E-05
    0.5058000000000       9.5384739840000E-05
    0.5059000000000       9.8675489280000E-05
    0.5060000000000       1.0202112000000E-04
    0.5061000000000       1.0542158592000E-04
    0.5062000000000       1.0887684096000E-04
    0.5063000000000       1.1238683904000E-04
    0.5064000000000       1.1595153408000E-04
    0.5065000000000       1.1957088000000E-04
    0.5066000000000       1.2324483072000E-04
    0.5067000000000       1.2697334016000E-04
    0.5068000000000       1.3075636224000E-04
    0.5069000000000       1.3459385088000E-04
    0.5070000000000       1.3848576000000E-04
    0.5071000000000       1.4243204352000E-04
    0.5072000000000       1.4643265536000E-04
    0.5073000000000       1.5048754944000E-04
    0.5074000000000       1.5459667968000E-04
    0.5075000000000       1.5876000000000E-04
    0.5076000000000       1.6297746432000E-04
    0.5077000000000       1.6724902656000E-04
    0.5078000000000       1.7157464064000E-04
    0.5079000000000       1.7595426048000E-04
    0.5080000000000       1.8038784000000E-04
    0.5081000000000       1.8487533312000E-04
    0.5082000000000       1.8941669376000E-04
    0.5083000000000       1.9401187584000E-04
    0.5084000000000       1.9866083328000E-04
    0.5085000000000       2.0336352000000E-04
    0.5086000000000       2.0811988992000E-04
    0.5087000000000       2.1292989696000E-04
    0.5088000000000       2.1779349504000E-04
    0.5089000000000       2.2271063808000E-04
    0.5090000000000       2.2768128000000E-04
    0.5091000000000       2.3270537472000E-04
    0.5092000000000       2.3778287616000E-04
    0.5093000000000       2.4291373824000E-04
    0.5094000000000       2.4809791488000E-04
    0.5095000000000       2.5333536000000E-04
    0.5096000000000       2.5862602752000E-04
    0.5097000000000       2.6396987136000E-04
    0.5098000000000       2.6936684544000E-04
    0.5099000000000       2.7481690368000E-04
    0.5100000000000       2.8032000000000E-04
    0.5101000000000       2.8587608832000E-04
    0.5102000000000       2.9148512256000E-04
    0.5103000000000       2.9714705664000E-04
    0.5104000000000       3.0286184448000E-04
    0.5105000000000       3.0862944000000E-04
    0.5106000000000       3.1444979712000E-04
    0.5107000000000       3.2032286976000E-04
    0.5108000000000       3.2624861184000E-04
    0.5109000000000       3.3222697728000E-04
    0.5110000000000       3.3825792000000E-04
    0.5111000000000       3.4434139392000E-04
    0.5112000000000       3.5047735296000E-04
    0.5113000000000       3.5666575104000E-04
    0.5114000000000       3.6290654208000E-04
    0.5115000000000       3.6919968000000E-04
    0.5116000000000       3.7554511872000E-04
    0.5117000000000       3.8194281216000E-04
    0.5118000000000       3.8839271424000E-04
    0.5119000000000       3.9489477888000E-04
    0.5120000000000       4.0144896000000E-04
    0.5121000000000       4.0805521152000E-04
    0.5122000000000       4.1471348736000E-04
    0.5123000000000       4.2142374144000E-04
    0.5124000000000       4.2818592768000E-04
    0.5125000000000       4.3500000000000E-04
    0.5126000000000       4.4186591232000E-04
    0.5127000000000       4.4878361856000E-04
    0.5128000000000       4.5575307264000E-04
    0.5129000000000       4.6277422848000E-04
    0.5130000000000       4.6984704000000E-04
    0.5131000000000       4.7697146112000E-04
    0.5132000000000       4.8414744576000E-04
    0.5133000000000       4.9137494784000E-04
    0.5134000000000       4.9865392128000E-04
    0.5135000000000       5.0598432000000E-04
    0.5136000000000       5.1336609792000E-04
    0.5137000000000       5.2079920896000E-04
    0.5138000000000       5.2828360704000E-04
    0.5139000000000       5.3581924608000E-04
    0.5140000000000       5.4340608000000E-04
    0.5141000000000       5.5104406272000E-04
    0.5142000000000       5.5873314816000E-04
    0.5143000000000       5.6647329024000E-04
    0.5144000000000       5.7426444288000E-04
    0.5145000000000       5.8210656000000E-04
    0.5146000000000       5.8999959552000E-04
    0.5147000000000       5.9794350336000E-04
    0.5148000000000       6.0593823744000E-04
    0.5149000000000       6.1398375168000E-04
    0.5150000000000       6.2208000000000E-04
    0.5151000000000       6.3022693632000E-04
    0.5152000000000       6.3842451456000E-04
    0.5153000000000       6.4667268864000E-04
    0.5154000000000       6.5497141248000E-04
    0.5155000000000       6.6332064000000E-04
    0.5156000000000       6.7172032512000E-04
    0.5157000000000       6.8017042176000E-04
    0.5158000000000       6.8867088384000E-04
    0.5159000000000       6.9722166528000E-04
    0.5160000000000       7.0582272000000E-04
    0.5161000000000       7.1447400192000E-04
    0.5162000000000       7.2317546496000E-04
    0.5163000000000       7.3192706304000E-04
    0.5164000000000       7.4072875008000E-04
    0.5165000000000       7.4958048000000E-04
    0.5166000000000       7.5848220672000E-04
    0.5167000000000       7.6743388416000E-04
    0.5168000000000       7.7643546624000E-04
    0.5169000000000       7.8548690688000E-04
    0.5170000000000       7.9458816000000E-04
    0.5171000000000       8.0373917952000E-04
    0.5172000000000       8.1293991936000E-04
    0.5173000000000       8.2219033344000E-04
    0.5174000000000       8.3149037568000E-04
    0.5175000000000       8.4084000000000E-04
    0.5176000000000       8.5023916032000E-04
    0.5177000000000       8.5968781056000E-04
    0.5178000000000       8.6918590464000E-04
    0.5179000000000       8.7873339648000E-04
    0.5180000000000       8.8833024000000E-04
    0.5181000000000       8.9797638912000E-04
    0.5182000000000       9.0767179776000E-04
    0.5183000000000       9.1741641984000E-04
    0.5184000000000       9.2721020928000E-04
    0.5185000000000       9.3705312000000E-04
    0.5186000000000       9.4694510592000E-04
    0.5187000000000       9.5688612096000E-04
    0.5188000000000       9.6687611904000E-04
    0.5189000000000       9.7691505408000E-04
    0.5190000000000       9.8700288000000E-04
    0.5191000000000       9.9713955072000E-04
    0.5192000000000       1.0073250201600E-03
    0.5193000000000       1.0175592422400E-03
    0.5194000000000       1.0278421708800E-03
    0.5195000000000       1.0381737600000E-03
    0.5196000000000       1.0485539635200E-03
    0.5197000000000       1.0589827353600E-03
    0.5198000000000       1.0694600294400E-03
    0.5199000000000       1.0799857996800E-03
    0.5200000000000       1.0905600000000E-03
    0.5201000000000       1.1011825843200E-03
    0.5202000000000       1.1118535065600E-03
    0.5203000000000       1.1225727206400E-03
    0.5204000000000       1.1333401804800E-03
    0.5205000000000       1.1441558400000E-03
    0.5206000000000       1.1550196531200E-03
    0.5207000000000       1.1659315737600E-03
    0.5208000000000       1.1768915558400E-03
    0.5209000000000       1.1878995532800E-03
    0.5210000000000       1.1989555200000E-03
    0.5211000000000       1.2100594099200E-03
    0.5212000000000       1.2212111769600E-03
    0.5213000000000       1.2324107750400E-03
    0.5214000000000       1.2436581580800E-03
    0.5215000000000       1.2549532800000E-03
    0.5216000000000       1.2662960947200E-03
    0.5217000000000       1.2776865561600E-03
    0.5218000000000       1.2891246182400E-03
    0.5219000000000       1.3006102348800E-03
    0.5220000000000       1.3121433600000E-03
    0.5221000000000       1.3237239475200E-03
    0.5222000000000       1.3353519513600E-03
    0.5223000000000       1.3470273254400E-03
    0.5224000000000       1.3587500236800E-03
    0.5225000000000       1.3705200000000E-03
    0.5226000000000       1.3823372083200E-03
    0.5227000000000       1.3942016025600E-03
    0.5228000000000       1.4061131366400E-03
    0.5229000000000       1.4180717644800E-03
    0.5230000000000       1.4300774400000E-03
    0.5231000000000       1.4421301171200E-03
    0.5232000000000       1.4542297497600E-03
    0.5233000000000       1.4663762918400E-03
    0.5234000000000       1.4785696972800E-03
    0.5235000000000       1.4908099200000E-03
    0.5236000000000       1.5030969139200E-03
    0.5237000000000       1.5154306329600E-03
    0.5238000000000       1.5278110310400E-03
    0.5239000000000       1.5402380620800E-03
    0.5240000000000       1.5527116800000E-03
    0.5241000000000       1.5652318387200E-03
    0.5242000000000       1.5777984921600E-03
    0.5243000000000       1.5904115942400E-03
    0.5244000000000       1.6030710988800E-03
    0.5245000000000       1.6157769600000E-03
    0.5246000000000       1.6285291315200E-03
    0.5247000000000       1.6413275673600E-03
    0.5248000000000       1.6541722214400E-03
    0.5249000000000       1.6670630476800E-03
    0.5250000000000       1.6800000000000E-03
    0.5251000000000       1.6929830323200E-03
    0.5252000000000       1.7060120985600E-03
    0.5253000000000       1.7190871526400E-03
    0.5254000000000       1.7322081484800E-03
    0.5255000000000       1.7453750400000E-03
    0.5256000000000       1.7585877811200E-03
    0.5257000000000       1.7718463257600E-03
    0.5258000000000       1.7851506278400E-03
    0.5259000000000       1.7985006412800E-03
    0.5260000000000       1.8118963200000E-03
    0.5261000000000       1.8253376179200E-03
    0.5262000000000       1.8388244889600E-03
    0.5263000000000       1.8523568870400E-03
    0.5264000000000       1.8659347660800E-03
    0.5265000000000       1.8795580800000E-03
    0.5266000000000       1.8932267827200E-03
    0.5267000000000       1.9069408281600E-03
    0.5268000000000       1.9207001702400E-03
    0.5269000000000       1.9345047628800E-03
    0.5270000000000       1.9483545600000E-03
    0.5271000000000       1.9622495155200E-03
    0.5272000000000       1.9761895833600E-03
    0.5273000000000       1.9901747174400E-03
    0.5274000000000       2.0042048716800E-03
    0.5275000000000       2.0182800000000E-03
    0.5276000000000       2.0324000563200E-03
    0.5277000000000       2.0465649945600E-03
    0.5278000000000       2.0607747686400E-03
    0.5279000000000       2.0750293324800E-03
    0.5280000000000       2.0893286400000E-03
    0.5281000000000       2.1036726451200E-03
    0.5282000000000       2.1180613017600E-03
    0.5283000000000       2.1324945638400E-03
    0.5284000000000       2.1469723852800E-03
    0.5285000000000       2.1614947200000E-03
    0.5286000000000       2.1760615219200E-03
    0.5287000000000       2.1906727449600E-03
    0.5288000000000       2.2053283430400E-03
    0.5289000000000       2.2200282700800E-03
    0.5290000000000       2.2347724800000E-03
    0.5291000000000       2.2495609267200E-03
    0.5292000000000       2.2643935641600E-03
    0.5293000000000       2.2792703462400E-03
    0.5294000000000       2.2941912268800E-03
    0.5295000000000       2.3091561600000E-03
    0.5296000000000       2.3241650995200E-03
    0.5297000000000       2.3392179993600E-03
    0.5298000000000       2.3543148134400E-03
    0.5299000000000       2.3694554956800E-03
    0.5300000000000       2.3846400000000E-03
    0.5301000000000       2.3998682803200E-03
    0.5302000000000       2.4151402905600E-03
    0.5303000000000       2.4304559846400E-03
    0.5304000000000       2.4458153164800E-03
    0.5305000000000       2.4612182400000E-03
    0.5306000000000       2.4766647091200E-03
    0.5307000000000       2.4921546777600E-03
    0.5308000000000       2.5076880998400E-03
    0.5309000000000       2.5232649292800E-03
    0.5310000000000       2.5388851200000E-03
    0.5311000000000       2.5545486259200E-03
    0.5312000000000       2.5702554009600E-03
    0.5313000000000       2.5860053990400E-03
    0.5314000000000       2.6017985740800E-03
    0.5315000000000       2.6176348800000E-03
    0.5316000000000       2.6335142707200E-03
    0.5317000000000       2.6494367001600E-03
    0.5318000000000       2.6654021222400E-03
    0.5319000000000       2.6814104908800E-03
    0.5320000000000       2.6974617600000E-03
    0.5321000000000       2.7135558835200E-03
    0.5322000000000       2.7296928153600E-03
    0.5323000000000       2.7458725094400E-03
    0.5324000000000       2.7620949196800E-03
    0.5325000000000       2.7783600000000E-03
    0.5326000000000       2.7946677043200E-03
    0.5327000000000       2.8110179865600E-03
    0.5328000000000       2.8274108006400E-03
    0.5329000000000       2.8438461004800E-03
    0.5330000000000       2.8603238400000E-03
    0.5331000000000       2.8768439731200E-03
    0.5332000000000       2.8934064537600E-03
    0.5333000000000       2.9100112358400E-03
    0.5334000000000       2.9266582732800E-03
    0.5335000000000       2.9433475200000E-03
    0.5336000000000       2.9600789299200E-03
    0.5337000000000       2.9768524569600E-03
    0.5338000000000       2.9936680550400E-03
    0.5339000000000       3.0105256780800E-03
    0.5340000000000       3.0274252800000E-03
    0.5341000000000       3.0443668147200E-03
    0.5342000000000       3.0613502361600E-03
    0.5343000000000       3.0783754982400E-03
    0.5344000000000       3.0954425548800E-03
    0.5345000000000       3.1125513600000E-03
    0.5346000000000       3.1297018675200E-03
    0.5347000000000       3.1468940313600E-03
    0.5348000000000       3.1641278054400E-03
    0.5349000000000       3.1814031436800E-03
    0.5350000000000       3.1987200000000E-03
    0.5351000000000       3.2160783283200E-03
    0.5352000000000       3.2334780825600E-03
    0.5353000000000       3.2509192166400E-03
    0.5354000000000       3.2684016844800E-03
    0.5355000000000       3.2859254400000E-03
    0.5356000000000       3.3034904371200E-03
    0.5357000000000       3.3210966297600E-03
    0.5358000000000       3.3387439718400E-03
    0.5359000000000       3.3564324172800E-03
    0.5360000000000       3.3741619200000E-03
    0.5361000000000       3.3919324339200E-03
    0.5362000000000       3.4097439129600E-03
    0.5363000000000       3.4275963110400E-03
    0.5364000000000       3.4454895820800E-03
    0.5365000000000       3.4634236800000E-03
    0.5366000000000       3.4813985587200E-03
    0.5367000000000       3.4994141721600E-03
    0.5368000000000       3.5174704742400E-03
    0.5369000000000       3.5355674188800E-03
    0.5370000000000       3.5537049600000E-03
    0.5371000000000       3.5718830515200E-03
    0.5372000000000       3.5901016473600E-03
    0.5373000000000       3.6083607014400E-03
    0.5374000000000       3.6266601676800E-03
    0.5375000000000       3.6450000000000E-03
    0.5376000000000       3.6633801523200E-03
    0.5377000000000       3.6818005785600E-03
    0.5378000000000       3.7002612326400E-03
    0.5379000000000       3.7187620684800E-03
    0.5380000000000       3.7373030400000E-03
    0.5381000000000       3.7558841011200E-03
    0.5382000000000       3.7745052057600E-03
    0.5383000000000       3.7931663078400E-03
    0.5384000000000       3.8118673612800E-03
    0.5385000000000       3.8306083200000E-03
    0.5386000000000       3.8493891379200E-03
    0.5387000000000       3.8682097689600E-03
    0.5388000000000       3.8870701670400E-03
    0.5389000000000       3.9059702860800E-03
    0.5390000000000       3.9249100800000E-03
    0.5391000000000       3.9438895027200E-03
    0.5392000000000       3.9629085081600E-03
    0.5393000000000       3.9819670502400E-03
    0.5394000000000       4.0010650828800E-03
    0.5395000000000       4.0202025600000E-03
    0.5396000000000       4.0393794355200E-03
    0.5397000000000       4.0585956633600E-03
    0.5398000000000       4.0778511974400E-03
    0.5399000000000       4.0971459916800E-03
    0.5400000000000       4.1164800000000E-03
    0.5401000000000       4.1358531763200E-03
    0.5402000000000       4.1552654745600E-03
    0.5403000000000       4.1747168486400E-03
    0.5404000000000       4.1942072524800E-03
    0.5405000000000       4.2137366400000E-03
    0.5406000000000       4.2333049651200E-03
    0.5407000000000       4.2529121817600E-03
    0.5408000000000       4.2725582438400E-03
    0.5409000000000       4.2922431052800E-03
    0.5410000000000       4.3119667200000E-03
    0.5411000000000       4.3317290419200E-03
    0.5412000000000       4.3515300249600E-03
    0.5413000000000       4.3713696230400E-03
    0.5414000000000       4.3912477900800E-03
    0.5415000000000       4.4111644800000E-03
    0.5416000000000       4.4311196467200E-03
    0.5417000000000       4.4511132441600E-03
    0.5418000000000       4.4711452262400E-03
    0.5419000000000       4.4912155468800E-03
    0.5420000000000       4.5113241600000E-03
    0.5421000000000       4.5314710195200E-03
    0.5422000000000       4.5516560793600E-03
    0.5423000000000       4.5718792934400E-03
    0.5424000000000       4.5921406156800E-03
    0.5425000000000       4.6124400000000E-03
    0.5426000000000       4.6327774003200E-03
    0.5427000000000       4.6531527705600E-03
    0.5428000000000       4.6735660646400E-03
    0.5429000000000       4.6940172364800E-03
    0.5430000000000       4.7145062400000E-03
    0.5431000000000       4.7350330291200E-03
    0.5432000000000       4.7555975577600E-03
    0.5433000000000       4.7761997798400E-03
    0.5434000000000       4.7968396492800E-03
    0.5435000000000       4.8175171200000E-03
    0.5436000000000       4.8382321459200E-03
    0.5437000000000       4.8589846809600E-03
    0.5438000000000       4.8797746790400E-03
    0.5439000000000       4.9006020940800E-03
    0.5440000000000       4.9214668800000E-03
    0.5441000000000       4.9423689907200E-03
    0.5442000000000       4.9633083801600E-03
    0.5443000000000       4.9842850022400E-03
    0.5444000000000       5.0052988108800E-03
    0.5445000000000       5.0263497600000E-03
    0.5446000000000       5.0474378035200E-03
    0.5447000000000       5.0685628953600E-03
    0.5448000000000       5.0897249894400E-03
    0.5449000000000       5.1109240396800E-03
    0.5450000000000       5.1321600000000E-03
    0.5451000000000       5.1534328243200E-03
    0.5452000000000       5.1747424665600E-03
    0.5453000000000       5.1960888806400E-03
    0.5454000000000       5.2174720204800E-03
    0.5455000000000       5.2388918400000E-03
    0.5456000000000       5.2603482931200E-03
    0.5457000000000       5.2818413337600E-03
    0.5458000000000       5.3033709158400E-03
    0.5459000000000       5.3249369932800E-03
    0.5460000000000       5.3465395200000E-03
    0.5461000000000       5.3681784499200E-03
    0.5462000000000       5.3898537369600E-03
    0.5463000000000       5.4115653350400E-03
    0.5464000000000       5.4333131980800E-03
    0.5465000000000       5.4550972800000E-03
    0.5466000000000       5.4769175347200E-03
    0.5467000000000       5.4987739161600E-03
    0.5468000000000       5.5206663782400E-03
    0.5469000000000       5.5425948748800E-03
    0.5470000000000       5.5645593600000E-03
    0.5471000000000       5.5865597875200E-03
    0.5472000000000       5.6085961113600E-03
    0.5473000000000       5.6306682854400E-03
    0.5474000000000       5.6527762636800E-03
    0.5475000000000       5.6749200000000E-03
    0.5476000000000       5.6970994483200E-03
    0.5477000000000       5.7193145625600E-03
    0.5478000000000       5.7415652966400E-03
    0.5479000000000       5.7638516044800E-03
    0.5480000000000       5.7861734400000E-03
    0.5481000000000       5.8085307571200E-03
    0.5482000000000       5.8309235097600E-03
    0.5483000000000       5.8533516518400E-03
    0.5484000000000       5.8758151372800E-03
    0.5485000000000       5.8983139200000E-03
    0.5486000000000       5.9208479539200E-03
    0.5487000000000       5.9434171929600E-03
    0.5488000000000       5.9660215910400E-03
    0.5489000000000       5.9886611020800E-03
    0.5490000000000       6.0113356800000E-03
    0.5491000000000       6.0340452787200E-03
    0.5492000000000       6.0567898521600E-03
    0.5493000000000       6.0795693542400E-03
    0.5494000000000       6.1023837388800E-03
    0.5495000000000       6.1252329600000E-03
    0.5496000000000       6.1481169715200E-03
    0.5497000000000       6.1710357273600E-03
    0.5498000000000       6.1939891814400E-03
    0.5499000000000       6.2169772876800E-03
    0.5500000000000       6.2400000000000E-03
    0.5501000000000       6.2630572723200E-03
    0.5502000000000       6.2861490585600E-03
    0.5503000000000       6.3092753126400E-03
    0.5504000000000       6.3324359884800E-03
    0.5505000000000       6.3556310400000E-03
    0.5506000000000       6.3788604211200E-03
    0.5507000000000       6.4021240857600E-03
    0.5508000000000       6.4254219878400E-03
    0.5509000000000       6.4487540812800E-03
    0.5510000000000       6.4721203200000E-03
    0.5511000000000       6.4955206579200E-03
    0.5512000000000       6.5189550489600E-03
    0.5513000000000       6.5424234470400E-03
    0.5514000000000       6.5659258060800E-03
    0.5515000000000       6.5894620800000E-03
    0.5516000000000       6.6130322227200E-03
    0.5517000000000       6.6366361881600E-03
    0.5518000000000       6.6602739302400E-03
    0.5519000000000       6.6839454028800E-03
    0.5520000000000       6.7076505600000E-03
    0.5521000000000       6.7313893555200E-03
    0.5522000000000       6.7551617433600E-03
    0.5523000000000       6.7789676774400E-03
    0.5524000000000       6.8028071116800E-03
    0.5525000000000       6.8266800000000E-03
    0.5526000000000       6.8505862963200E-03
    0.5527000000000       6.8745259545600E-03
    0.5528000000000       6.8984989286400E-03
    0.5529000000000       6.9225051724800E-03
    0.5530000000000       6.9465446400000E-03
    0.5531000000000       6.9706172851200E-03
    0.5532000000000       6.9947230617600E-03
    0.5533000000000       7.0188619238400E-03
    0.5534000000000       7.0430338252800E-03
    0.5535000000000       7.0672387200000E-03
    0.5536000000000       7.0914765619200E-03
    0.5537000000000       7.1157473049600E-03
    0.5538000000000       7.1400509030400E-03
    0.5539000000000       7.1643873100800E-03
    0.5540000000000       7.1887564800000E-03
    0.5541000000000       7.2131583667200E-03
    0.5542000000000       7.2375929241600E-03
    0.5543000000000       7.2620601062400E-03
    0.5544000000000       7.2865598668800E-03
    0.5545000000000       7.3110921600000E-03
    0.5546000000000       7.3356569395200E-03
    0.5547000000000       7.3602541593600E-03
    0.5548000000000       7.3848837734400E-03
    0.5549000000000       7.4095457356800E-03
    0.5550000000000       7.4342400000000E-03
    0.5551000000000       7.4589665203200E-03
    0.5552000000000       7.4837252505600E-03
    0.5553000000000       7.5085161446400E-03
    0.5554000000000       7.5333391564800E-03
    0.5555000000000       7.5581942400000E-03
    0.5556000000000       7.5830813491200E-03
    0.5557000000000       7.6080004377600E-03
    0.5558000000000       7.6329514598400E-03
    0.5559000000000       7.6579343692800E-03
    0.5560000000000       7.6829491200000E-03
    0.5561000000000       7.7079956659200E-03
    0.5562000000000       7.7330739609600E-03
    0.5563000000000       7.7581839590400E-03
    0.5564000000000       7.7833256140800E-03
    0.5565000000000       7.8084988800000E-03
    0.5566000000000       7.8337037107200E-03
    0.5567000000000       7.8589400601600E-03
    0.5568000000000       7.8842078822400E-03
    0.5569000000000       7.9095071308800E-03
    0.5570000000000       7.9348377600000E-03
    0.5571000000000       7.9601997235200E-03
    0.5572000000000       7.9855929753600E-03
    0.5573000000000       8.0110174694400E-03
    0.5574000000000       8.0364731596800E-03
    0.5575000000000       8.0619600000000E-03
    0.5576000000000       8.0874779443200E-03
    0.5577000000000       8.1130269465600E-03
    0.5578000000000       8.1386069606400E-03
    0.5579000000000       8.1642179404800E-03
    0.5580000000000       8.1898598400000E-03
    0.5581000000000       8.2155326131200E-03
    0.5582000000000       8.2412362137600E-03
    0.5583000000000       8.2669705958400E-03
    0.5584000000000       8.2927357132800E-03
    0.5585000000000       8.3185315200000E-03
    0.5586000000000       8.3443579699200E-03
    0.5587000000000       8.3702150169600E-03
    0.5588000000000       8.3961026150400E-03
    0.5589000000000       8.4220207180800E-03
    0.5590000000000       8.4479692800000E-03
    0.5591000000000       8.4739482547200E-03
    0.5592000000000       8.4999575961600E-03
    0.5593000000000       8.5259972582400E-03
    0.5594000000000       8.5520671948800E-03
    0.5595000000000       8.5781673600000E-03
    0.5596000000000       8.6042977075200E-03
    0.5597000000000       8.6304581913600E-03
    0.5598000000000       8.6566487654400E-03
    0.5599000000000       8.6828693836800E-03
    0.5600000000000       8.7091200000000E-03
    0.5601000000000       8.7354005683200E-03
    0.5602000000000       8.7617110425600E-03
    0.5603000000000       8.7880513766400E-03
    0.5604000000000       8.8144215244800E-03
    0.5605000000000       8.8408214400000E-03
    0.5606000000000       8.8672510771200E-03
    0.5607000000000       8.8937103897600E-03
    0.5608000000000       8.9201993318400E-03
    0.5609000000000       8.9467178572800E-03
    0.5610000000000       8.9732659200000E-03
    0.5611000000000       8.9998434739200E-03
    0.5612000000000       9.0264504729600E-03
    0.5613000000000       9.0530868710400E-03
    0.5614000000000       9.0797526220800E-03
    0.5615000000000       9.1064476800000E-03
    0.5616000000000       9.1331719987200E-03
    0.5617000000000       9.1599255321600E-03
    0.5618000000000       9.1867082342400E-03
    0.5619000000000       9.2135200588800E-03
    0.5620000000000       9.2403609600000E-03
    0.5621000000000       9.2672308915200E-03
    0.5622000000000       9.2941298073600E-03
    0.5623000000000       9.3210576614400E-03
    0.5624000000000       9.3480144076800E-03
    0.5625000000000       9.3750000000000E-03
    0.5626000000000       9.4020143923200E-03
    0.5627000000000       9.4290575385600E-03
    0.5628000000000       9.4561293926400E-03
    0.5629000000000       9.4832299084800E-03
    0.5630000000000       9.5103590400000E-03
    0.5631000000000       9.5375167411200E-03
    0.5632000000000       9.5647029657600E-03
    0.5633000000000       9.5919176678400E-03
    0.5634000000000       9.6191608012800E-03
    0.5635000000000       9.6464323200000E-03
    0.5636000000000       9.6737321779200E-03
    0.5637000000000       9.7010603289600E-03
    0.5638000000000       9.7284167270400E-03
    0.5639000000000       9.7558013260800E-03
    0.5640000000000       9.7832140800000E-03
    0.5641000000000       9.8106549427200E-03
    0.5642000000000       9.8381238681600E-03
    0.5643000000000       9.8656208102400E-03
    0.5644000000000       9.8931457228800E-03
    0.5645000000000       9.9206985600000E-03
    0.5646000000000       9.9482792755200E-03
    0.5647000000000       9.9758878233600E-03
    0.5648000000000       1.0003524157400E-02
    0.5649000000000       1.0031188231700E-02
    0.5650000000000       1.0058880000000E-02
    0.5651000000000       1.0086599416300E-02
    0.5652000000000       1.0114346434600E-02
    0.5653000000000       1.0142121008600E-02
    0.5654000000000       1.0169923092500E-02
    0.5655000000000       1.0197752640000E-02
    0.5656000000000       1.0225609605100E-02
    0.5657000000000       1.0253493941800E-02
    0.5658000000000       1.0281405603800E-02
    0.5659000000000       1.0309344545300E-02
    0.5660000000000       1.0337310720000E-02
    0.5661000000000       1.0365304081900E-02
    0.5662000000000       1.0393324585000E-02
    0.5663000000000       1.0421372183000E-02
    0.5664000000000       1.0449446830100E-02
    0.5665000000000       1.0477548480000E-02
    0.5666000000000       1.0505677086700E-02
    0.5667000000000       1.0533832604200E-02
    0.5668000000000       1.0562014986200E-02
    0.5669000000000       1.0590224186900E-02
    0.5670000000000       1.0618460160000E-02
    0.5671000000000       1.0646722859500E-02
    0.5672000000000       1.0675012239400E-02
    0.5673000000000       1.0703328253400E-02
    0.5674000000000       1.0731670855700E-02
    0.5675000000000       1.0760040000000E-02
    0.5676000000000       1.0788435640300E-02
    0.5677000000000       1.0816857730600E-02
    0.5678000000000       1.0845306224600E-02
    0.5679000000000       1.0873781076500E-02
    0.5680000000000       1.0902282240000E-02
    0.5681000000000       1.0930809669100E-02
    0.5682000000000       1.0959363317800E-02
    0.5683000000000       1.0987943139800E-02
    0.5684000000000       1.1016549089300E-02
    0.5685000000000       1.1045181120000E-02
    0.5686000000000       1.1073839185900E-02
    0.5687000000000       1.1102523241000E-02
    0.5688000000000       1.1131233239000E-02
    0.5689000000000       1.1159969134100E-02
    0.5690000000000       1.1188730880000E-02
    0.5691000000000       1.1217518430700E-02
    0.5692000000000       1.1246331740200E-02
    0.5693000000000       1.1275170762200E-02
    0.5694000000000       1.1304035450900E-02
    0.5695000000000       1.1332925760000E-02
    0.5696000000000       1.1361841643500E-02
    0.5697000000000       1.1390783055400E-02
    0.5698000000000       1.1419749949400E-02
    0.5699000000000       1.1448742279700E-02
    0.5700000000000       1.1477760000000E-02
    0.5701000000000       1.1506803064300E-02
    0.5702000000000       1.1535871426600E-02
    0.5703000000000       1.1564965040600E-02
    0.5704000000000       1.1594083860500E-02
    0.5705000000000       1.1623227840000E-02
    0.5706000000000       1.1652396933100E-02
    0.5707000000000       1.1681591093800E-02
    0.5708000000000       1.1710810275800E-02
    0.5709000000000       1.1740054433300E-02
    0.5710000000000       1.1769323520000E-02
    0.5711000000000       1.1798617489900E-02
    0.5712000000000       1.1827936297000E-02
    0.5713000000000       1.1857279895000E-02
    0.5714000000000       1.1886648238100E-02
    0.5715000000000       1.1916041280000E-02
    0.5716000000000       1.1945458974700E-02
    0.5717000000000       1.1974901276200E-02
    0.5718000000000       1.2004368138200E-02
    0.5719000000000       1.2033859514900E-02
    0.5720000000000       1.2063375360000E-02
    0.5721000000000       1.2092915627500E-02
    0.5722000000000       1.2122480271400E-02
    0.5723000000000       1.2152069245400E-02
    0.5724000000000       1.2181682503700E-02
    0.5725000000000       1.2211320000000E-02
    0.5726000000000       1.2240981688300E-02
    0.5727000000000       1.2270667522600E-02
    0.5728000000000       1.2300377456600E-02
    0.5729000000000       1.2330111444500E-02
    0.5730000000000       1.2359869440000E-02
    0.5731000000000       1.2389651397100E-02
    0.5732000000000       1.2419457269800E-02
    0.5733000000000       1.2449287011800E-02
    0.5734000000000       1.2479140577300E-02
    0.5735000000000       1.2509017920000E-02
    0.5736000000000       1.2538918993900E-02
    0.5737000000000       1.2568843753000E-02
    0.5738000000000       1.2598792151000E-02
    0.5739000000000       1.2628764142100E-02
    0.5740000000000       1.2658759680000E-02
    0.5741000000000       1.2688778718700E-02
    0.5742000000000       1.2718821212200E-02
    0.5743000000000       1.2748887114200E-02
    0.5744000000000       1.2778976378900E-02
    0.5745000000000       1.2809088960000E-02
    0.5746000000000       1.2839224811500E-02
    0.5747000000000       1.2869383887400E-02
    0.5748000000000       1.2899566141400E-02
    0.5749000000000       1.2929771527700E-02
    0.5750000000000       1.2960000000000E-02
    0.5751000000000       1.2990251512300E-02
    0.5752000000000       1.3020526018600E-02
    0.5753000000000       1.3050823472600E-02
    0.5754000000000       1.3081143828500E-02
    0.5755000000000       1.3111487040000E-02
    0.5756000000000       1.3141853061100E-02
    0.5757000000000       1.3172241845800E-02
    0.5758000000000       1.3202653347800E-02
    0.5759000000000       1.3233087521300E-02
    0.5760000000000       1.3263544320000E-02
    0.5761000000000       1.3294023697900E-02
    0.5762000000000       1.3324525609000E-02
    0.5763000000000       1.3355050007000E-02
    0.5764000000000       1.3385596846100E-02
    0.5765000000000       1.3416166080000E-02
    0.5766000000000       1.3446757662700E-02
    0.5767000000000       1.3477371548200E-02
    0.5768000000000       1.3508007690200E-02
    0.5769000000000       1.3538666042900E-02
    0.5770000000000       1.3569346560000E-02
    0.5771000000000       1.3600049195500E-02
    0.5772000000000       1.3630773903400E-02
    0.5773000000000       1.3661520637400E-02
    0.5774000000000       1.3692289351700E-02
    0.5775000000000       1.3723080000000E-02
    0.5776000000000       1.3753892536300E-02
    0.5777000000000       1.3784726914600E-02
    0.5778000000000       1.3815583088600E-02
    0.5779000000000       1.3846461012500E-02
    0.5780000000000       1.3877360640000E-02
    0.5781000000000       1.3908281925100E-02
    0.5782000000000       1.3939224821800E-02
    0.5783000000000       1.3970189283800E-02
    0.5784000000000       1.4001175265300E-02
    0.5785000000000       1.4032182720000E-02
    0.5786000000000       1.4063211601900E-02
    0.5787000000000       1.4094261865000E-02
    0.5788000000000       1.4125333463000E-02
    0.5789000000000       1.4156426350100E-02
    0.5790000000000       1.4187540480000E-02
    0.5791000000000       1.4218675806700E-02
    0.5792000000000       1.4249832284200E-02
    0.5793000000000       1.4281009866200E-02
    0.5794000000000       1.4312208506900E-02
    0.5795000000000       1.4343428160000E-02
    0.5796000000000       1.4374668779500E-02
    0.5797000000000       1.4405930319400E-02
    0.5798000000000       1.4437212733400E-02
    0.5799000000000       1.4468515975700E-02
    0.5800000000000       1.4499840000000E-02
    0.5801000000000       1.4531184760300E-02
    0.5802000000000       1.4562550210600E-02
    0.5803000000000       1.4593936304600E-02
    0.5804000000000       1.4625342996500E-02
    0.5805000000000       1.4656770240000E-02
    0.5806000000000       1.4688217989100E-02
    0.5807000000000       1.4719686197800E-02
    0.5808000000000       1.4751174819800E-02
    0.5809000000000       1.4782683809300E-02
    0.5810000000000       1.4814213120000E-02
    0.5811000000000       1.4845762705900E-02
    0.5812000000000       1.4877332521000E-02
    0.5813000000000       1.4908922519000E-02
    0.5814000000000       1.4940532654100E-02
    0.5815000000000       1.4972162880000E-02
    0.5816000000000       1.5003813150700E-02
    0.5817000000000       1.5035483420200E-02
    0.5818000000000       1.5067173642200E-02
    0.5819000000000       1.5098883770900E-02
    0.5820000000000       1.5130613760000E-02
    0.5821000000000       1.5162363563500E-02
    0.5822000000000       1.5194133135400E-02
    0.5823000000000       1.5225922429400E-02
    0.5824000000000       1.5257731399700E-02
    0.5825000000000       1.5289560000000E-02
    0.5826000000000       1.5321408184300E-02
    0.5827000000000       1.5353275906600E-02
    0.5828000000000       1.5385163120600E-02
    0.5829000000000       1.5417069780500E-02
    0.5830000000000       1.5448995840000E-02
    0.5831000000000       1.5480941253100E-02
    0.5832000000000       1.5512905973800E-02
    0.5833000000000       1.5544889955800E-02
    0.5834000000000       1.5576893153300E-02
    0.5835000000000       1.5608915520000E-02
    0.5836000000000       1.5640957009900E-02
    0.5837000000000       1.5673017577000E-02
    0.5838000000000       1.5705097175000E-02
    0.5839000000000       1.5737195758100E-02
    0.5840000000000       1.5769313280000E-02
    0.5841000000000       1.5801449694700E-02
    0.5842000000000       1.5833604956200E-02
    0.5843000000000       1.5865779018200E-02
    0.5844000000000       1.5897971834900E-02
    0.5845000000000       1.5930183360000E-02
    0.5846000000000       1.5962413547500E-02
    0.5847000000000       1.5994662351400E-02
    0.5848000000000       1.6026929725400E-02
    0.5849000000000       1.6059215623700E-02
    0.5850000000000       1.6091520000000E-02
    0.5851000000000       1.6123842808300E-02
    0.5852000000000       1.6156184002600E-02
    0.5853000000000       1.6188543536600E-02
    0.5854000000000       1.6220921364500E-02
    0.5855000000000       1.6253317440000E-02
    0.5856000000000       1.6285731717100E-02
    0.5857000000000       1.6318164149800E-02
    0.5858000000000       1.6350614691800E-02
    0.5859000000000       1.6383083297300E-02
    0.5860000000000       1.6415569920000E-02
    0.5861000000000       1.6448074513900E-02
    0.5862000000000       1.6480597033000E-02
    0.5863000000000       1.6513137431000E-02
    0.5864000000000       1.6545695662100E-02
    0.5865000000000       1.6578271680000E-02
    0.5866000000000       1.6610865438700E-02
    0.5867000000000       1.6643476892200E-02
    0.5868000000000       1.6676105994200E-02
    0.5869000000000       1.6708752698900E-02
    0.5870000000000       1.6741416960000E-02
    0.5871000000000       1.6774098731500E-02
    0.5872000000000       1.6806797967400E-02
    0.5873000000000       1.6839514621400E-02
    0.5874000000000       1.6872248647700E-02
    0.5875000000000       1.6905000000000E-02
    0.5876000000000       1.6937768632300E-02
    0.5877000000000       1.6970554498600E-02
    0.5878000000000       1.7003357552600E-02
    0.5879000000000       1.7036177748500E-02
    0.5880000000000       1.7069015040000E-02
    0.5881000000000       1.7101869381100E-02
    0.5882000000000       1.7134740725800E-02
    0.5883000000000       1.7167629027800E-02
    0.5884000000000       1.7200534241300E-02
    0.5885000000000       1.7233456320000E-02
    0.5886000000000       1.7266395217900E-02
    0.5887000000000       1.7299350889000E-02
    0.5888000000000       1.7332323287000E-02
    0.5889000000000       1.7365312366100E-02
    0.5890000000000       1.7398318080000E-02
    0.5891000000000       1.7431340382700E-02
    0.5892000000000       1.7464379228200E-02
    0.5893000000000       1.7497434570200E-02
    0.5894000000000       1.7530506362900E-02
    0.5895000000000       1.7563594560000E-02
    0.5896000000000       1.7596699115500E-02
    0.5897000000000       1.7629819983400E-02
    0.5898000000000       1.7662957117400E-02
    0.5899000000000       1.7696110471700E-02
    0.5900000000000       1.7729280000000E-02
    0.5901000000000       1.7762465656300E-02
    0.5902000000000       1.7795667394600E-02
    0.5903000000000       1.7828885168600E-02
    0.5904000000000       1.7862118932500E-02
    0.5905000000000       1.7895368640000E-02
    0.5906000000000       1.7928634245100E-02
    0.5907000000000       1.7961915701800E-02
    0.5908000000000       1.7995212963800E-02
    0.5909000000000       1.8028525985300E-02
    0.5910000000000       1.8061854720000E-02
    0.5911000000000       1.8095199121900E-02
    0.5912000000000       1.8128559145000E-02
    0.5913000000000       1.8161934743000E-02
    0.5914000000000       1.8195325870100E-02
    0.5915000000000       1.8228732480000E-02
    0.5916000000000       1.8262154526700E-02
    0.5917000000000       1.8295591964200E-02
    0.5918000000000       1.8329044746200E-02
    0.5919000000000       1.8362512826900E-02
    0.5920000000000       1.8395996160000E-02
    0.5921000000000       1.8429494699500E-02
    0.5922000000000       1.8463008399400E-02
    0.5923000000000       1.8496537213400E-02
    0.5924000000000       1.8530081095700E-02
    0.5925000000000       1.8563640000000E-02
    0.5926000000000       1.8597213880300E-02
    0.5927000000000       1.8630802690600E-02
    0.5928000000000       1.8664406384600E-02
    0.5929000000000       1.8698024916500E-02
    0.5930000000000       1.8731658240000E-02
    0.5931000000000       1.8765306309100E-02
    0.5932000000000       1.8798969077800E-02
    0.5933000000000       1.8832646499800E-02
    0.5934000000000       1.8866338529300E-02
    0.5935000000000       1.8900045120000E-02
    0.5936000000000       1.8933766225900E-02
    0.5937000000000       1.8967501801000E-02
    0.5938000000000       1.9001251799000E-02
    0.5939000000000       1.9035016174100E-02
    0.5940000000000       1.9068794880000E-02
    0.5941000000000       1.9102587870700E-02
    0.5942000000000       1.9136395100200E-02
    0.5943000000000       1.9170216522200E-02
    0.5944000000000       1.9204052090900E-02
    0.5945000000000       1.9237901760000E-02
    0.5946000000000       1.9271765483500E-02
    0.5947000000000       1.9305643215400E-02
    0.5948000000000       1.9339534909400E-02
    0.5949000000000       1.9373440519700E-02
    0.5950000000000       1.9407360000000E-02
    0.5951000000000       1.9441293304300E-02
    0.5952000000000       1.9475240386600E-02
    0.5953000000000       1.9509201200600E-02
    0.5954000000000       1.9543175700500E-02
    0.5955000000000       1.9577163840000E-02
    0.5956000000000       1.9611165573100E-02
    0.5957000000000       1.9645180853800E-02
    0.5958000000000       1.9679209635800E-02
    0.5959000000000       1.9713251873300E-02
    0.5960000000000       1.9747307520000E-02
    0.5961000000000       1.9781376529900E-02
    0.5962000000000       1.9815458857000E-02
    0.5963000000000       1.9849554455000E-02
    0.5964000000000       1.9883663278100E-02
    0.5965000000000       1.9917785280000E-02
    0.5966000000000       1.9951920414700E-02
    0.5967000000000       1.9986068636200E-02
    0.5968000000000       2.0020229898200E-02
    0.5969000000000       2.0054404154900E-02
    0.5970000000000       2.0088591360000E-02
    0.5971000000000       2.0122791467500E-02
    0.5972000000000       2.0157004431400E-02
    0.5973000000000       2.0191230205400E-02
    0.5974000000000       2.0225468743700E-02
    0.5975000000000       2.0259720000000E-02
    0.5976000000000       2.0293983928300E-02
    0.5977000000000       2.0328260482600E-02
    0.5978000000000       2.0362549616600E-02
    0.5979000000000       2.0396851284500E-02
    0.5980000000000       2.0431165440000E-02
    0.5981000000000       2.0465492037100E-02
    0.5982000000000       2.0499831029800E-02
    0.5983000000000       2.0534182371800E-02
    0.5984000000000       2.0568546017300E-02
    0.5985000000000       2.0602921920000E-02
    0.5986000000000       2.0637310033900E-02
    0.5987000000000       2.0671710313000E-02
    0.5988000000000       2.0706122711000E-02
    0.5989000000000       2.0740547182100E-02
    0.5990000000000       2.0774983680000E-02
    0.5991000000000       2.0809432158700E-02
    0.5992000000000       2.0843892572200E-02
    0.5993000000000       2.0878364874200E-02
    0.5994000000000       2.0912849018900E-02
    0.5995000000000       2.0947344960000E-02
    0.5996000000000       2.0981852651500E-02
    0.5997000000000       2.1016372047400E-02
    0.5998000000000       2.1050903101400E-02
    0.5999000000000       2.1085445767700E-02
    0.6000000000000       2.1120000000000E-02
    0.6001000000000       2.1154565752300E-02
    0.6002000000000       2.1189142978600E-02
    0.6003000000000       2.1223731632600E-02
    0.6004000000000       2.1258331668500E-02
    0.6005000000000       2.1292943040000E-02
    0.6006000000000       2.1327565701100E-02
    0.6007000000000       2.1362199605800E-02
    0.6008000000000       2.1396844707800E-02
    0.6009000000000       2.1431500961300E-02
    0.6010000000000       2.1466168320000E-02
    0.6011000000000       2.1500846737900E-02
    0.6012000000000       2.1535536169000E-02
    0.6013000000000       2.1570236567000E-02
    0.6014000000000       2.1604947886100E-02
    0.6015000000000       2.1639670080000E-02
    0.6016000000000       2.1674403102700E-02
    0.6017000000000       2.1709146908200E-02
    0.6018000000000       2.1743901450200E-02
    0.6019000000000       2.1778666682900E-02
    0.6020000000000       2.1813442560000E-02
    0.6021000000000       2.1848229035500E-02
    0.6022000000000       2.1883026063400E-02
    0.6023000000000       2.1917833597400E-02
    0.6024000000000       2.1952651591700E-02
    0.6025000000000       2.1987480000000E-02
    0.6026000000000       2.2022318776300E-02
    0.6027000000000       2.2057167874600E-02
    0.6028000000000       2.2092027248600E-02
    0.6029000000000       2.2126896852500E-02
    0.6030000000000       2.2161776640000E-02
    0.6031000000000       2.2196666565100E-02
    0.6032000000000       2.2231566581800E-02
    0.6033000000000       2.2266476643800E-02
    0.6034000000000       2.2301396705300E-02
    0.6035000000000       2.2336326720000E-02
    0.6036000000000       2.2371266641900E-02
    0.6037000000000       2.2406216425000E-02
    0.6038000000000       2.2441176023000E-02
    0.6039000000000       2.2476145390100E-02
    0.6040000000000       2.2511124480000E-02
    0.6041000000000       2.2546113246700E-02
    0.6042000000000       2.2581111644200E-02
    0.6043000000000       2.2616119626200E-02
    0.6044000000000       2.2651137146900E-02
    0.6045000000000       2.2686164160000E-02
    0.6046000000000       2.2721200619500E-02
    0.6047000000000       2.2756246479400E-02
    0.6048000000000       2.2791301693400E-02
    0.6049000000000       2.2826366215700E-02
    0.6050000000000       2.2861440000000E-02
    0.6051000000000       2.2896523000300E-02
    0.6052000000000       2.2931615170600E-02
    0.6053000000000       2.2966716464600E-02
    0.6054000000000       2.3001826836500E-02
    0.6055000000000       2.3036946240000E-02
    0.6056000000000       2.3072074629100E-02
    0.6057000000000       2.3107211957800E-02
    0.6058000000000       2.3142358179800E-02
    0.6059000000000       2.3177513249300E-02
    0.6060000000000       2.3212677120000E-02
    0.6061000000000       2.3247849745900E-02
    0.6062000000000       2.3283031081000E-02
    0.6063000000000       2.3318221079000E-02
    0.6064000000000       2.3353419694100E-02
    0.6065000000000       2.3388626880000E-02
    0.6066000000000       2.3423842590700E-02
    0.6067000000000       2.3459066780200E-02
    0.6068000000000       2.3494299402200E-02
    0.6069000000000       2.3529540410900E-02
    0.6070000000000       2.3564789760000E-02
    0.6071000000000       2.3600047403500E-02
    0.6072000000000       2.3635313295400E-02
    0.6073000000000       2.3670587389400E-02
    0.6074000000000       2.3705869639700E-02
    0.6075000000000       2.3741160000000E-02
    0.6076000000000       2.3776458424300E-02
    0.6077000000000       2.3811764866600E-02
    0.6078000000000       2.3847079280600E-02
    0.6079000000000       2.3882401620500E-02
    0.6080000000000       2.3917731840000E-02
    0.6081000000000       2.3953069893100E-02
    0.6082000000000       2.3988415733800E-02
    0.6083000000000       2.4023769315800E-02
    0.6084000000000       2.4059130593300E-02
    0.6085000000000       2.4094499520000E-02
    0.6086000000000       2.4129876049900E-02
    0.6087000000000       2.4165260137000E-02
    0.6088000000000       2.4200651735000E-02
    0.6089000000000       2.4236050798100E-02
    0.6090000000000       2.4271457280000E-02
    0.6091000000000       2.4306871134700E-02
    0.6092000000000       2.4342292316200E-02
    0.6093000000000       2.4377720778200E-02
    0.6094000000000       2.4413156474900E-02
    0.6095000000000       2.4448599360000E-02
    0.6096000000000       2.4484049387500E-02
    0.6097000000000       2.4519506511400E-02
    0.6098000000000       2.4554970685400E-02
    0.6099000000000       2.4590441863700E-02
    0.6100000000000       2.4625920000000E-02
    0.6101000000000       2.4661405048300E-02
    0.6102000000000       2.4696896962600E-02
    0.6103000000000       2.4732395696600E-02
    0.6104000000000       2.4767901204500E-02
    0.6105000000000       2.4803413440000E-02
    0.6106000000000       2.4838932357100E-02
    0.6107000000000       2.4874457909800E-02
    0.6108000000000       2.4909990051800E-02
    0.6109000000000       2.4945528737300E-02
    0.6110000000000       2.4981073920000E-02
    0.6111000000000       2.5016625553900E-02
    0.6112000000000       2.5052183593000E-02
    0.6113000000000       2.5087747991000E-02
    0.6114000000000       2.5123318702100E-02
    0.6115000000000       2.5158895680000E-02
    0.6116000000000       2.5194478878700E-02
    0.6117000000000       2.5230068252200E-02
    0.6118000000000       2.5265663754200E-02
    0.6119000000000       2.5301265338900E-02
    0.6120000000000       2.5336872960000E-02
    0.6121000000000       2.5372486571500E-02
    0.6122000000000       2.5408106127400E-02
    0.6123000000000       2.5443731581400E-02
    0.6124000000000       2.5479362887700E-02
    0.6125000000000       2.5515000000000E-02
    0.6126000000000       2.5550642872300E-02
    0.6127000000000       2.5586291458600E-02
    0.6128000000000       2.5621945712600E-02
    0.6129000000000       2.5657605588500E-02
    0.6130000000000       2.5693271040000E-02
    0.6131000000000       2.5728942021100E-02
    0.6132000000000       2.5764618485800E-02
    0.6133000000000       2.5800300387800E-02
    0.6134000000000       2.5835987681300E-02
    0.6135000000000       2.5871680320000E-02
    0.6136000000000       2.5907378257900E-02
    0.6137000000000       2.5943081449000E-02
    0.6138000000000       2.5978789847000E-02
    0.6139000000000       2.6014503406100E-02
    0.6140000000000       2.6050222080000E-02
    0.6141000000000       2.6085945822700E-02
    0.6142000000000       2.6121674588200E-02
    0.6143000000000       2.6157408330200E-02
    0.6144000000000       2.6193147002900E-02
    0.6145000000000       2.6228890560000E-02
    0.6146000000000       2.6264638955500E-02
    0.6147000000000       2.6300392143400E-02
    0.6148000000000       2.6336150077400E-02
    0.6149000000000       2.6371912711700E-02
    0.6150000000000       2.6407680000000E-02
    0.6151000000000       2.6443451896300E-02
    0.6152000000000       2.6479228354600E-02
    0.6153000000000       2.6515009328600E-02
    0.6154000000000       2.6550794772500E-02
    0.6155000000000       2.6586584640000E-02
    0.6156000000000       2.6622378885100E-02
    0.6157000000000       2.6658177461800E-02
    0.6158000000000       2.6693980323800E-02
    0.6159000000000       2.6729787425300E-02
    0.6160000000000       2.6765598720000E-02
    0.6161000000000       2.6801414161900E-02
    0.6162000000000       2.6837233705000E-02
    0.6163000000000       2.6873057303000E-02
    0.6164000000000       2.6908884910100E-02
    0.6165000000000       2.6944716480000E-02
    0.6166000000000       2.6980551966700E-02
    0.6167000000000       2.7016391324200E-02
    0.6168000000000       2.7052234506200E-02
    0.6169000000000       2.7088081466900E-02
    0.6170000000000       2.7123932160000E-02
    0.6171000000000       2.7159786539500E-02
    0.6172000000000       2.7195644559400E-02
    0.6173000000000       2.7231506173400E-02
    0.6174000000000       2.7267371335700E-02
    0.6175000000000       2.7303240000000E-02
    0.6176000000000       2.7339112120300E-02
    0.6177000000000       2.7374987650600E-02
    0.6178000000000       2.7410866544600E-02
    0.6179000000000       2.7446748756500E-02
    0.6180000000000       2.7482634240000E-02
    0.6181000000000       2.7518522949100E-02
    0.6182000000000       2.7554414837800E-02
    0.6183000000000       2.7590309859800E-02
    0.6184000000000       2.7626207969300E-02
    0.6185000000000       2.7662109120000E-02
    0.6186000000000       2.7698013265900E-02
    0.6187000000000       2.7733920361000E-02
    0.6188000000000       2.7769830359000E-02
    0.6189000000000       2.7805743214100E-02
    0.6190000000000       2.7841658880000E-02
    0.6191000000000       2.7877577310700E-02
    0.6192000000000       2.7913498460200E-02
    0.6193000000000       2.7949422282200E-02
    0.6194000000000       2.7985348730900E-02
    0.6195000000000       2.8021277760000E-02
    0.6196000000000       2.8057209323500E-02
    0.6197000000000       2.8093143375400E-02
    0.6198000000000       2.8129079869400E-02
    0.6199000000000       2.8165018759700E-02
    0.6200000000000       2.8200960000000E-02
    0.6201000000000       2.8236903544300E-02
    0.6202000000000       2.8272849346600E-02
    0.6203000000000       2.8308797360600E-02
    0.6204000000000       2.8344747540500E-02
    0.6205000000000       2.8380699840000E-02
    0.6206000000000       2.8416654213100E-02
    0.6207000000000       2.8452610613800E-02
    0.6208000000000       2.8488568995800E-02
    0.6209000000000       2.8524529313300E-02
    0.6210000000000       2.8560491520000E-02
    0.6211000000000       2.8596455569900E-02
    0.6212000000000       2.8632421417000E-02
    0.6213000000000       2.8668389015000E-02
    0.6214000000000       2.8704358318100E-02
    0.6215000000000       2.8740329280000E-02
    0.6216000000000       2.8776301854700E-02
    0.6217000000000       2.8812275996200E-02
    0.6218000000000       2.8848251658200E-02
    0.6219000000000       2.8884228794900E-02
    0.6220000000000       2.8920207360000E-02
    0.6221000000000       2.8956187307500E-02
    0.6222000000000       2.8992168591400E-02
    0.6223000000000       2.9028151165400E-02
    0.6224000000000       2.9064134983700E-02
    0.6225000000000       2.9100120000000E-02
    0.6226000000000       2.9136106168300E-02
    0.6227000000000       2.9172093442600E-02
    0.6228000000000       2.9208081776600E-02
    0.6229000000000       2.9244071124500E-02
    0.6230000000000       2.9280061440000E-02
    0.6231000000000       2.9316052677100E-02
    0.6232000000000       2.9352044789800E-02
    0.6233000000000       2.9388037731800E-02
    0.6234000000000       2.9424031457300E-02
    0.6235000000000       2.9460025920000E-02
    0.6236000000000       2.9496021073900E-02
    0.6237000000000       2.9532016873000E-02
    0.6238000000000       2.9568013271000E-02
    0.6239000000000       2.9604010222100E-02
    0.6240000000000       2.9640007680000E-02
    0.6241000000000       2.9676005598700E-02
    0.6242000000000       2.9712003932200E-02
    0.6243000000000       2.9748002634200E-02
    0.6244000000000       2.9784001658900E-02
    0.6245000000000       2.9820000960000E-02
    0.6246000000000       2.9856000491500E-02
    0.6247000000000       2.9892000207400E-02
    0.6248000000000       2.9928000061400E-02
    0.6249000000000       2.9964000007700E-02
    0.6250000000000       3.0000000000000E-02
    0.6251000000000       3.0035999992300E-02
    0.6252000000000       3.0071999938600E-02
    0.6253000000000       3.0107999792600E-02
    0.6254000000000       3.0143999508500E-02
    0.6255000000000       3.0179999040000E-02
    0.6256000000000       3.0215998341100E-02
    0.6257000000000       3.0251997365800E-02
    0.6258000000000       3.0287996067800E-02
    0.6259000000000       3.0323994401300E-02
    0.6260000000000       3.0359992320000E-02
    0.6261000000000       3.0395989777900E-02
    0.6262000000000       3.0431986729000E-02
    0.6263000000000       3.0467983127000E-02
    0.6264000000000       3.0503978926100E-02
    0.6265000000000       3.0539974080000E-02
    0.6266000000000       3.0575968542700E-02
    0.6267000000000       3.0611962268200E-02
    0.6268000000000       3.0647955210200E-02
    0.6269000000000       3.0683947322900E-02
    0.6270000000000       3.0719938560000E-02
    0.6271000000000       3.0755928875500E-02
    0.6272000000000       3.0791918223400E-02
    0.6273000000000       3.0827906557400E-02
    0.6274000000000       3.0863893831700E-02
    0.6275000000000       3.0899880000000E-02
    0.6276000000000       3.0935865016300E-02
    0.6277000000000       3.0971848834600E-02
    0.6278000000000       3.1007831408600E-02
    0.6279000000000       3.1043812692500E-02
    0.6280000000000       3.1079792640000E-02
    0.6281000000000       3.1115771205100E-02
    0.6282000000000       3.1151748341800E-02
    0.6283000000000       3.1187724003800E-02
    0.6284000000000       3.1223698145300E-02
    0.6285000000000       3.1259670720000E-02
    0.6286000000000       3.1295641681900E-02
    0.6287000000000       3.1331610985000E-02
    0.6288000000000       3.1367578583000E-02
    0.6289000000000       3.1403544430100E-02
    0.6290000000000       3.1439508480000E-02
    0.6291000000000       3.1475470686700E-02
    0.6292000000000       3.1511431004200E-02
    0.6293000000000       3.1547389386200E-02
    0.6294000000000       3.1583345786900E-02
    0.6295000000000       3.1619300160000E-02
    0.6296000000000       3.1655252459500E-02
    0.6297000000000       3.1691202639400E-02
    0.6298000000000       3.1727150653400E-02
    0.6299000000000       3.1763096455700E-02
    0.6300000000000       3.1799040000000E-02
    0.6301000000000       3.1834981240300E-02
    0.6302000000000       3.1870920130600E-02
    0.6303000000000       3.1906856624600E-02
    0.6304000000000       3.1942790676500E-02
    0.6305000000000       3.1978722240000E-02
    0.6306000000000       3.2014651269100E-02
    0.6307000000000       3.2050577717800E-02
    0.6308000000000       3.2086501539800E-02
    0.6309000000000       3.2122422689300E-02
    0.6310000000000       3.2158341120000E-02
    0.6311000000000       3.2194256785900E-02
    0.6312000000000       3.2230169641000E-02
    0.6313000000000       3.2266079639000E-02
    0.6314000000000       3.2301986734100E-02
    0.6315000000000       3.2337890880000E-02
    0.6316000000000       3.2373792030700E-02
    0.6317000000000       3.2409690140200E-02
    0.6318000000000       3.2445585162200E-02
    0.6319000000000       3.2481477050900E-02
    0.6320000000000       3.2517365760000E-02
    0.6321000000000       3.2553251243500E-02
    0.6322000000000       3.2589133455400E-02
    0.6323000000000       3.2625012349400E-02
    0.6324000000000       3.2660887879700E-02
    0.6325000000000       3.2696760000000E-02
    0.6326000000000       3.2732628664300E-02
    0.6327000000000       3.2768493826600E-02
    0.6328000000000       3.2804355440600E-02
    0.6329000000000       3.2840213460500E-02
    0.6330000000000       3.2876067840000E-02
    0.6331000000000       3.2911918533100E-02
    0.6332000000000       3.2947765493800E-02
    0.6333000000000       3.2983608675800E-02
    0.6334000000000       3.3019448033300E-02
    0.6335000000000       3.3055283520000E-02
    0.6336000000000       3.3091115089900E-02
    0.6337000000000       3.3126942697000E-02
    0.6338000000000       3.3162766295000E-02
    0.6339000000000       3.3198585838100E-02
    0.6340000000000       3.3234401280000E-02
    0.6341000000000       3.3270212574700E-02
    0.6342000000000       3.3306019676200E-02
    0.6343000000000       3.3341822538200E-02
    0.6344000000000       3.3377621114900E-02
    0.6345000000000       3.3413415360000E-02
    0.6346000000000       3.3449205227500E-02
    0.6347000000000       3.3484990671400E-02
    0.6348000000000       3.3520771645400E-02
    0.6349000000000       3.3556548103700E-02
    0.6350000000000       3.3592320000000E-02
    0.6351000000000       3.3628087288300E-02
    0.6352000000000       3.3663849922600E-02
    0.6353000000000       3.3699607856600E-02
    0.6354000000000       3.3735361044500E-02
    0.6355000000000       3.3771109440000E-02
    0.6356000000000       3.3806852997100E-02
    0.6357000000000       3.3842591669800E-02
    0.6358000000000       3.3878325411800E-02
    0.6359000000000       3.3914054177300E-02
    0.6360000000000       3.3949777920000E-02
    0.6361000000000       3.3985496593900E-02
    0.6362000000000       3.4021210153000E-02
    0.6363000000000       3.4056918551000E-02
    0.6364000000000       3.4092621742100E-02
    0.6365000000000       3.4128319680000E-02
    0.6366000000000       3.4164012318700E-02
    0.6367000000000       3.4199699612200E-02
    0.6368000000000       3.4235381514200E-02
    0.6369000000000       3.4271057978900E-02
    0.6370000000000       3.4306728960000E-02
    0.6371000000000       3.4342394411500E-02
    0.6372000000000       3.4378054287400E-02
    0.6373000000000       3.4413708541400E-02
    0.6374000000000       3.4449357127700E-02
    0.6375000000000       3.4485000000000E-02
    0.6376000000000       3.4520637112300E-02
    0.6377000000000       3.4556268418600E-02
    0.6378000000000       3.4591893872600E-02
    0.6379000000000       3.4627513428500E-02
    0.6380000000000       3.4663127040000E-02
    0.6381000000000       3.4698734661100E-02
    0.6382000000000       3.4734336245800E-02
    0.6383000000000       3.4769931747800E-02
    0.6384000000000       3.4805521121300E-02
    0.6385000000000       3.4841104320000E-02
    0.6386000000000       3.4876681297900E-02
    0.6387000000000       3.4912252009000E-02
    0.6388000000000       3.4947816407000E-02
    0.6389000000000       3.4983374446100E-02
    0.6390000000000       3.5018926080000E-02
    0.6391000000000       3.5054471262700E-02
    0.6392000000000       3.5090009948200E-02
    0.6393000000000       3.5125542090200E-02
    0.6394000000000       3.5161067642900E-02
    0.6395000000000       3.5196586560000E-02
    0.6396000000000       3.5232098795500E-02
    0.6397000000000       3.5267604303400E-02
    0.6398000000000       3.5303103037400E-02
    0.6399000000000       3.5338594951700E-02
    0.6400000000000       3.5374080000000E-02
    0.6401000000000       3.5409558136300E-02
    0.6402000000000       3.5445029314600E-02
    0.6403000000000       3.5480493488600E-02
    0.6404000000000       3.5515950612500E-02
    0.6405000000000       3.5551400640000E-02
    0.6406000000000       3.5586843525100E-02
    0.6407000000000       3.5622279221800E-02
    0.6408000000000       3.5657707683800E-02
    0.6409000000000       3.5693128865300E-02
    0.6410000000000       3.5728542720000E-02
    0.6411000000000       3.5763949201900E-02
    0.6412000000000       3.5799348265000E-02
    0.6413000000000       3.5834739863000E-02
    0.6414000000000       3.5870123950100E-02
    0.6415000000000       3.5905500480000E-02
    0.6416000000000       3.5940869406700E-02
    0.6417000000000       3.5976230684200E-02
    0.6418000000000       3.6011584266200E-02
    0.6419000000000       3.6046930106900E-02
    0.6420000000000       3.6082268160000E-02
    0.6421000000000       3.6117598379500E-02
    0.6422000000000       3.6152920719400E-02
    0.6423000000000       3.6188235133400E-02
    0.6424000000000       3.6223541575700E-02
    0.6425000000000       3.6258840000000E-02
    0.6426000000000       3.6294130360300E-02
    0.6427000000000       3.6329412610600E-02
    0.6428000000000       3.6364686704600E-02
    0.6429000000000       3.6399952596500E-02
    0.6430000000000       3.6435210240000E-02
    0.6431000000000       3.6470459589100E-02
    0.6432000000000       3.6505700597800E-02
    0.6433000000000       3.6540933219800E-02
    0.6434000000000       3.6576157409300E-02
    0.6435000000000       3.6611373120000E-02
    0.6436000000000       3.6646580305900E-02
    0.6437000000000       3.6681778921000E-02
    0.6438000000000       3.6716968919000E-02
    0.6439000000000       3.6752150254100E-02
    0.6440000000000       3.6787322880000E-02
    0.6441000000000       3.6822486750700E-02
    0.6442000000000       3.6857641820200E-02
    0.6443000000000       3.6892788042200E-02
    0.6444000000000       3.6927925370900E-02
    0.6445000000000       3.6963053760000E-02
    0.6446000000000       3.6998173163500E-02
    0.6447000000000       3.7033283535400E-02
    0.6448000000000       3.7068384829400E-02
    0.6449000000000       3.7103476999700E-02
    0.6450000000000       3.7138560000000E-02
    0.6451000000000       3.7173633784300E-02
    0.6452000000000       3.7208698306600E-02
    0.6453000000000       3.7243753520600E-02
    0.6454000000000       3.7278799380500E-02
    0.6455000000000       3.7313835840000E-02
    0.6456000000000       3.7348862853100E-02
    0.6457000000000       3.7383880373800E-02
    0.6458000000000       3.7418888355800E-02
    0.6459000000000       3.7453886753300E-02
    0.6460000000000       3.7488875520000E-02
    0.6461000000000       3.7523854609900E-02
    0.6462000000000       3.7558823977000E-02
    0.6463000000000       3.7593783575000E-02
    0.6464000000000       3.7628733358100E-02
    0.6465000000000       3.7663673280000E-02
    0.6466000000000       3.7698603294700E-02
    0.6467000000000       3.7733523356200E-02
    0.6468000000000       3.7768433418200E-02
    0.6469000000000       3.7803333434900E-02
    0.6470000000000       3.7838223360000E-02
    0.6471000000000       3.7873103147500E-02
    0.6472000000000       3.7907972751400E-02
    0.6473000000000       3.7942832125400E-02
    0.6474000000000       3.7977681223700E-02
    0.6475000000000       3.8012520000000E-02
    0.6476000000000       3.8047348408300E-02
    0.6477000000000       3.8082166402600E-02
    0.6478000000000       3.8116973936600E-02
    0.6479000000000       3.8151770964500E-02
    0.6480000000000       3.8186557440000E-02
    0.6481000000000       3.8221333317100E-02
    0.6482000000000       3.8256098549800E-02
    0.6483000000000       3.8290853091800E-02
    0.6484000000000       3.8325596897300E-02
    0.6485000000000       3.8360329920000E-02
    0.6486000000000       3.8395052113900E-02
    0.6487000000000       3.8429763433000E-02
    0.6488000000000       3.8464463831000E-02
    0.6489000000000       3.8499153262100E-02
    0.6490000000000       3.8533831680000E-02
    0.6491000000000       3.8568499038700E-02
    0.6492000000000       3.8603155292200E-02
    0.6493000000000       3.8637800394200E-02
    0.6494000000000       3.8672434298900E-02
    0.6495000000000       3.8707056960000E-02
    0.6496000000000       3.8741668331500E-02
    0.6497000000000       3.8776268367400E-02
    0.6498000000000       3.8810857021400E-02
    0.6499000000000       3.8845434247700E-02
    0.6500000000000       3.8880000000000E-02
    0.6501000000000       3.8914554232300E-02
    0.6502000000000       3.8949096898600E-02
    0.6503000000000       3.8983627952600E-02
    0.6504000000000       3.9018147348500E-02
    0.6505000000000       3.9052655040000E-02
    0.6506000000000       3.9087150981100E-02
    0.6507000000000       3.9121635125800E-02
    0.6508000000000       3.9156107427800E-02
    0.6509000000000       3.9190567841300E-02
    0.6510000000000       3.9225016320000E-02
    0.6511000000000       3.9259452817900E-02
    0.6512000000000       3.9293877289000E-02
    0.6513000000000       3.9328289687000E-02
    0.6514000000000       3.9362689966100E-02
    0.6515000000000       3.9397078080000E-02
    0.6516000000000       3.9431453982700E-02
    0.6517000000000       3.9465817628200E-02
    0.6518000000000       3.9500168970200E-02
    0.6519000000000       3.9534507962900E-02
    0.6520000000000       3.9568834560000E-02
    0.6521000000000       3.9603148715500E-02
    0.6522000000000       3.9637450383400E-02
    0.6523000000000       3.9671739517400E-02
    0.6524000000000       3.9706016071700E-02
    0.6525000000000       3.9740280000000E-02
    0.6526000000000       3.9774531256300E-02
    0.6527000000000       3.9808769794600E-02
    0.6528000000000       3.9842995568600E-02
    0.6529000000000       3.9877208532500E-02
    0.6530000000000       3.9911408640000E-02
    0.6531000000000       3.9945595845100E-02
    0.6532000000000       3.9979770101800E-02
    0.6533000000000       4.0013931363800E-02
    0.6534000000000       4.0048079585300E-02
    0.6535000000000       4.0082214720000E-02
    0.6536000000000       4.0116336721900E-02
    0.6537000000000       4.0150445545000E-02
    0.6538000000000       4.0184541143000E-02
    0.6539000000000       4.0218623470100E-02
    0.6540000000000       4.0252692480000E-02
    0.6541000000000       4.0286748126700E-02
    0.6542000000000       4.0320790364200E-02
    0.6543000000000       4.0354819146200E-02
    0.6544000000000       4.0388834426900E-02
    0.6545000000000       4.0422836160000E-02
    0.6546000000000       4.0456824299500E-02
    0.6547000000000       4.0490798799400E-02
    0.6548000000000       4.0524759613400E-02
    0.6549000000000       4.0558706695700E-02
    0.6550000000000       4.0592640000000E-02
    0.6551000000000       4.0626559480300E-02
    0.6552000000000       4.0660465090600E-02
    0.6553000000000       4.0694356784600E-02
    0.6554000000000       4.0728234516500E-02
    0.6555000000000       4.0762098240000E-02
    0.6556000000000       4.0795947909100E-02
    0.6557000000000       4.0829783477800E-02
    0.6558000000000       4.0863604899800E-02
    0.6559000000000       4.0897412129300E-02
    0.6560000000000       4.0931205120000E-02
    0.6561000000000       4.0964983825900E-02
    0.6562000000000       4.0998748201000E-02
    0.6563000000000       4.1032498199000E-02
    0.6564000000000       4.1066233774100E-02
    0.6565000000000       4.1099954880000E-02
    0.6566000000000       4.1133661470700E-02
    0.6567000000000       4.1167353500200E-02
    0.6568000000000       4.1201030922200E-02
    0.6569000000000       4.1234693690900E-02
    0.6570000000000       4.1268341760000E-02
    0.6571000000000       4.1301975083500E-02
    0.6572000000000       4.1335593615400E-02
    0.6573000000000       4.1369197309400E-02
    0.6574000000000       4.1402786119700E-02
    0.6575000000000       4.1436360000000E-02
    0.6576000000000       4.1469918904300E-02
    0.6577000000000       4.1503462786600E-02
    0.6578000000000       4.1536991600600E-02
    0.6579000000000       4.1570505300500E-02
    0.6580000000000       4.1604003840000E-02
    0.6581000000000       4.1637487173100E-02
    0.6582000000000       4.1670955253800E-02
    0.6583000000000       4.1704408035800E-02
    0.6584000000000       4.1737845473300E-02
    0.6585000000000       4.1771267520000E-02
    0.6586000000000       4.1804674129900E-02
    0.6587000000000       4.1838065257000E-02
    0.6588000000000       4.1871440855000E-02
    0.6589000000000       4.1904800878100E-02
    0.6590000000000       4.1938145280000E-02
    0.6591000000000       4.1971474014700E-02
    0.6592000000000       4.2004787036200E-02
    0.6593000000000       4.2038084298200E-02
    0.6594000000000       4.2071365754900E-02
    0.6595000000000       4.2104631360000E-02
    0.6596000000000       4.2137881067500E-02
    0.6597000000000       4.2171114831400E-02
    0.6598000000000       4.2204332605400E-02
    0.6599000000000       4.2237534343700E-02
    0.6600000000000       4.2270720000000E-02
    0.6601000000000       4.2303889528300E-02
    0.6602000000000       4.2337042882600E-02
    0.6603000000000       4.2370180016600E-02
    0.6604000000000       4.2403300884500E-02
    0.6605000000000       4.2436405440000E-02
    0.6606000000000       4.2469493637100E-02
    0.6607000000000       4.2502565429800E-02
    0.6608000000000       4.2535620771800E-02
    0.6609000000000       4.2568659617300E-02
    0.6610000000000       4.2601681920000E-02
    0.6611000000000       4.2634687633900E-02
    0.6612000000000       4.2667676713000E-02
    0.6613000000000       4.2700649111000E-02
    0.6614000000000       4.2733604782100E-02
    0.6615000000000       4.2766543680000E-02
    0.6616000000000       4.2799465758700E-02
    0.6617000000000       4.2832370972200E-02
    0.6618000000000       4.2865259274200E-02
    0.6619000000000       4.2898130618900E-02
    0.6620000000000       4.2930984960000E-02
    0.6621000000000       4.2963822251500E-02
    0.6622000000000       4.2996642447400E-02
    0.6623000000000       4.3029445501400E-02
    0.6624000000000       4.3062231367700E-02
    0.6625000000000       4.3095000000000E-02
    0.6626000000000       4.3127751352300E-02
    0.6627000000000       4.3160485378600E-02
    0.6628000000000       4.3193202032600E-02
    0.6629000000000       4.3225901268500E-02
    0.6630000000000       4.3258583040000E-02
    0.6631000000000       4.3291247301100E-02
    0.6632000000000       4.3323894005800E-02
    0.6633000000000       4.3356523107800E-02
    0.6634000000000       4.3389134561300E-02
    0.6635000000000       4.3421728320000E-02
    0.6636000000000       4.3454304337900E-02
    0.6637000000000       4.3486862569000E-02
    0.6638000000000       4.3519402967000E-02
    0.6639000000000       4.3551925486100E-02
    0.6640000000000       4.3584430080000E-02
    0.6641000000000       4.3616916702700E-02
    0.6642000000000       4.3649385308200E-02
    0.6643000000000       4.3681835850200E-02
    0.6644000000000       4.3714268282900E-02
    0.6645000000000       4.3746682560000E-02
    0.6646000000000       4.3779078635500E-02
    0.6647000000000       4.3811456463400E-02
    0.6648000000000       4.3843815997400E-02
    0.6649000000000       4.3876157191700E-02
    0.6650000000000       4.3908480000000E-02
    0.6651000000000       4.3940784376300E-02
    0.6652000000000       4.3973070274600E-02
    0.6653000000000       4.4005337648600E-02
    0.6654000000000       4.4037586452500E-02
    0.6655000000000       4.4069816640000E-02
    0.6656000000000       4.4102028165100E-02
    0.6657000000000       4.4134220981800E-02
    0.6658000000000       4.4166395043800E-02
    0.6659000000000       4.4198550305300E-02
    0.6660000000000       4.4230686720000E-02
    0.6661000000000       4.4262804241900E-02
    0.6662000000000       4.4294902825000E-02
    0.6663000000000       4.4326982423000E-02
    0.6664000000000       4.4359042990100E-02
    0.6665000000000       4.4391084480000E-02
    0.6666000000000       4.4423106846700E-02
    0.6667000000000       4.4455110044200E-02
    0.6668000000000       4.4487094026200E-02
    0.6669000000000       4.4519058746900E-02
    0.6670000000000       4.4551004160000E-02
    0.6671000000000       4.4582930219500E-02
    0.6672000000000       4.4614836879400E-02
    0.6673000000000       4.4646724093400E-02
    0.6674000000000       4.4678591815700E-02
    0.6675000000000       4.4710440000000E-02
    0.6676000000000       4.4742268600300E-02
    0.6677000000000       4.4774077570600E-02
    0.6678000000000       4.4805866864600E-02
    0.6679000000000       4.4837636436500E-02
    0.6680000000000       4.4869386240000E-02
    0.6681000000000       4.4901116229100E-02
    0.6682000000000       4.4932826357800E-02
    0.6683000000000       4.4964516579800E-02
    0.6684000000000       4.4996186849300E-02
    0.6685000000000       4.5027837120000E-02
    0.6686000000000       4.5059467345900E-02
    0.6687000000000       4.5091077481000E-02
    0.6688000000000       4.5122667479000E-02
    0.6689000000000       4.5154237294100E-02
    0.6690000000000       4.5185786880000E-02
    0.6691000000000       4.5217316190700E-02
    0.6692000000000       4.5248825180200E-02
    0.6693000000000       4.5280313802200E-02
    0.6694000000000       4.5311782010900E-02
    0.6695000000000       4.5343229760000E-02
    0.6696000000000       4.5374657003500E-02
    0.6697000000000       4.5406063695400E-02
    0.6698000000000       4.5437449789400E-02
    0.6699000000000       4.5468815239700E-02
    0.6700000000000       4.5500160000000E-02
    0.6701000000000       4.5531484024300E-02
    0.6702000000000       4.5562787266600E-02
    0.6703000000000       4.5594069680600E-02
    0.6704000000000       4.5625331220500E-02
    0.6705000000000       4.5656571840000E-02
    0.6706000000000       4.5687791493100E-02
    0.6707000000000       4.5718990133800E-02
    0.6708000000000       4.5750167715800E-02
    0.6709000000000       4.5781324193300E-02
    0.6710000000000       4.5812459520000E-02
    0.6711000000000       4.5843573649900E-02
    0.6712000000000       4.5874666537000E-02
    0.6713000000000       4.5905738135000E-02
    0.6714000000000       4.5936788398100E-02
    0.6715000000000       4.5967817280000E-02
    0.6716000000000       4.5998824734700E-02
    0.6717000000000       4.6029810716200E-02
    0.6718000000000       4.6060775178200E-02
    0.6719000000000       4.6091718074900E-02
    0.6720000000000       4.6122639360000E-02
    0.6721000000000       4.6153538987500E-02
    0.6722000000000       4.6184416911400E-02
    0.6723000000000       4.6215273085400E-02
    0.6724000000000       4.6246107463700E-02
    0.6725000000000       4.6276920000000E-02
    0.6726000000000       4.6307710648300E-02
    0.6727000000000       4.6338479362600E-02
    0.6728000000000       4.6369226096600E-02
    0.6729000000000       4.6399950804500E-02
    0.6730000000000       4.6430653440000E-02
    0.6731000000000       4.6461333957100E-02
    0.6732000000000       4.6491992309800E-02
    0.6733000000000       4.6522628451800E-02
    0.6734000000000       4.6553242337300E-02
    0.6735000000000       4.6583833920000E-02
    0.6736000000000       4.6614403153900E-02
    0.6737000000000       4.6644949993000E-02
    0.6738000000000       4.6675474391000E-02
    0.6739000000000       4.6705976302100E-02
    0.6740000000000       4.6736455680000E-02
    0.6741000000000       4.6766912478700E-02
    0.6742000000000       4.6797346652200E-02
    0.6743000000000       4.6827758154200E-02
    0.6744000000000       4.6858146938900E-02
    0.6745000000000       4.6888512960000E-02
    0.6746000000000       4.6918856171500E-02
    0.6747000000000       4.6949176527400E-02
    0.6748000000000       4.6979473981400E-02
    0.6749000000000       4.7009748487700E-02
    0.6750000000000       4.7040000000000E-02
    0.6751000000000       4.7070228472300E-02
    0.6752000000000       4.7100433858600E-02
    0.6753000000000       4.7130616112600E-02
    0.6754000000000       4.7160775188500E-02
    0.6755000000000       4.7190911040000E-02
    0.6756000000000       4.7221023621100E-02
    0.6757000000000       4.7251112885800E-02
    0.6758000000000       4.7281178787800E-02
    0.6759000000000       4.7311221281300E-02
    0.6760000000000       4.7341240320000E-02
    0.6761000000000       4.7371235857900E-02
    0.6762000000000       4.7401207849000E-02
    0.6763000000000       4.7431156247000E-02
    0.6764000000000       4.7461081006100E-02
    0.6765000000000       4.7490982080000E-02
    0.6766000000000       4.7520859422700E-02
    0.6767000000000       4.7550712988200E-02
    0.6768000000000       4.7580542730200E-02
    0.6769000000000       4.7610348602900E-02
    0.6770000000000       4.7640130560000E-02
    0.6771000000000       4.7669888555500E-02
    0.6772000000000       4.7699622543400E-02
    0.6773000000000       4.7729332477400E-02
    0.6774000000000       4.7759018311700E-02
    0.6775000000000       4.7788680000000E-02
    0.6776000000000       4.7818317496300E-02
    0.6777000000000       4.7847930754600E-02
    0.6778000000000       4.7877519728600E-02
    0.6779000000000       4.7907084372500E-02
    0.6780000000000       4.7936624640000E-02
    0.6781000000000       4.7966140485100E-02
    0.6782000000000       4.7995631861800E-02
    0.6783000000000       4.8025098723800E-02
    0.6784000000000       4.8054541025300E-02
    0.6785000000000       4.8083958720000E-02
    0.6786000000000       4.8113351761900E-02
    0.6787000000000       4.8142720105000E-02
    0.6788000000000       4.8172063703000E-02
    0.6789000000000       4.8201382510100E-02
    0.6790000000000       4.8230676480000E-02
    0.6791000000000       4.8259945566700E-02
    0.6792000000000       4.8289189724200E-02
    0.6793000000000       4.8318408906200E-02
    0.6794000000000       4.8347603066900E-02
    0.6795000000000       4.8376772160000E-02
    0.6796000000000       4.8405916139500E-02
    0.6797000000000       4.8435034959400E-02
    0.6798000000000       4.8464128573400E-02
    0.6799000000000       4.8493196935700E-02
    0.6800000000000       4.8522240000000E-02
    0.6801000000000       4.8551257720300E-02
    0.6802000000000       4.8580250050600E-02
    0.6803000000000       4.8609216944600E-02
    0.6804000000000       4.8638158356500E-02
    0.6805000000000       4.8667074240000E-02
    0.6806000000000       4.8695964549100E-02
    0.6807000000000       4.8724829237800E-02
    0.6808000000000       4.8753668259800E-02
    0.6809000000000       4.8782481569300E-02
    0.6810000000000       4.8811269120000E-02
    0.6811000000000       4.8840030865900E-02
    0.6812000000000       4.8868766761000E-02
    0.6813000000000       4.8897476759000E-02
    0.6814000000000       4.8926160814100E-02
    0.6815000000000       4.8954818880000E-02
    0.6816000000000       4.8983450910700E-02
    0.6817000000000       4.9012056860200E-02
    0.6818000000000       4.9040636682200E-02
    0.6819000000000       4.9069190330900E-02
    0.6820000000000       4.9097717760000E-02
    0.6821000000000       4.9126218923500E-02
    0.6822000000000       4.9154693775400E-02
    0.6823000000000       4.9183142269400E-02
    0.6824000000000       4.9211564359700E-02
    0.6825000000000       4.9239960000000E-02
    0.6826000000000       4.9268329144300E-02
    0.6827000000000       4.9296671746600E-02
    0.6828000000000       4.9324987760600E-02
    0.6829000000000       4.9353277140500E-02
    0.6830000000000       4.9381539840000E-02
    0.6831000000000       4.9409775813100E-02
    0.6832000000000       4.9437985013800E-02
    0.6833000000000       4.9466167395800E-02
    0.6834000000000       4.9494322913300E-02
    0.6835000000000       4.9522451520000E-02
    0.6836000000000       4.9550553169900E-02
    0.6837000000000       4.9578627817000E-02
    0.6838000000000       4.9606675415000E-02
    0.6839000000000       4.9634695918100E-02
    0.6840000000000       4.9662689280000E-02
    0.6841000000000       4.9690655454700E-02
    0.6842000000000       4.9718594396200E-02
    0.6843000000000       4.9746506058200E-02
    0.6844000000000       4.9774390394900E-02
    0.6845000000000       4.9802247360000E-02
    0.6846000000000       4.9830076907500E-02
    0.6847000000000       4.9857878991400E-02
    0.6848000000000       4.9885653565400E-02
    0.6849000000000       4.9913400583700E-02
    0.6850000000000       4.9941120000000E-02
    0.6851000000000       4.9968811768300E-02
    0.6852000000000       4.9996475842600E-02
    0.6853000000000       5.0024112176600E-02
    0.6854000000000       5.0051720724500E-02
    0.6855000000000       5.0079301440000E-02
    0.6856000000000       5.0106854277100E-02
    0.6857000000000       5.0134379189800E-02
    0.6858000000000       5.0161876131800E-02
    0.6859000000000       5.0189345057300E-02
    0.6860000000000       5.0216785920000E-02
    0.6861000000000       5.0244198673900E-02
    0.6862000000000       5.0271583273000E-02
    0.6863000000000       5.0298939671000E-02
    0.6864000000000       5.0326267822100E-02
    0.6865000000000       5.0353567680000E-02
    0.6866000000000       5.0380839198700E-02
    0.6867000000000       5.0408082332200E-02
    0.6868000000000       5.0435297034200E-02
    0.6869000000000       5.0462483258900E-02
    0.6870000000000       5.0489640960000E-02
    0.6871000000000       5.0516770091500E-02
    0.6872000000000       5.0543870607400E-02
    0.6873000000000       5.0570942461400E-02
    0.6874000000000       5.0597985607700E-02
    0.6875000000000       5.0625000000000E-02
    0.6876000000000       5.0651985592300E-02
    0.6877000000000       5.0678942338600E-02
    0.6878000000000       5.0705870192600E-02
    0.6879000000000       5.0732769108500E-02
    0.6880000000000       5.0759639040000E-02
    0.6881000000000       5.0786479941100E-02
    0.6882000000000       5.0813291765800E-02
    0.6883000000000       5.0840074467800E-02
    0.6884000000000       5.0866828001300E-02
    0.6885000000000       5.0893552320000E-02
    0.6886000000000       5.0920247377900E-02
    0.6887000000000       5.0946913129000E-02
    0.6888000000000       5.0973549527000E-02
    0.6889000000000       5.1000156526100E-02
    0.6890000000000       5.1026734080000E-02
    0.6891000000000       5.1053282142700E-02
    0.6892000000000       5.1079800668200E-02
    0.6893000000000       5.1106289610200E-02
    0.6894000000000       5.1132748922900E-02
    0.6895000000000       5.1159178560000E-02
    0.6896000000000       5.1185578475500E-02
    0.6897000000000       5.1211948623400E-02
    0.6898000000000       5.1238288957400E-02
    0.6899000000000       5.1264599431700E-02
    0.6900000000000       5.1290880000000E-02
    0.6901000000000       5.1317130616300E-02
    0.6902000000000       5.1343351234600E-02
    0.6903000000000       5.1369541808600E-02
    0.6904000000000       5.1395702292500E-02
    0.6905000000000       5.1421832640000E-02
    0.6906000000000       5.1447932805100E-02
    0.6907000000000       5.1474002741800E-02
    0.6908000000000       5.1500042403800E-02
    0.6909000000000       5.1526051745300E-02
    0.6910000000000       5.1552030720000E-02
    0.6911000000000       5.1577979281900E-02
    0.6912000000000       5.1603897385000E-02
    0.6913000000000       5.1629784983000E-02
    0.6914000000000       5.1655642030100E-02
    0.6915000000000       5.1681468480000E-02
    0.6916000000000       5.1707264286700E-02
    0.6917000000000       5.1733029404200E-02
    0.6918000000000       5.1758763786200E-02
    0.6919000000000       5.1784467386900E-02
    0.6920000000000       5.1810140160000E-02
    0.6921000000000       5.1835782059500E-02
    0.6922000000000       5.1861393039400E-02
    0.6923000000000       5.1886973053400E-02
    0.6924000000000       5.1912522055700E-02
    0.6925000000000       5.1938040000000E-02
    0.6926000000000       5.1963526840300E-02
    0.6927000000000       5.1988982530600E-02
    0.6928000000000       5.2014407024600E-02
    0.6929000000000       5.2039800276500E-02
    0.6930000000000       5.2065162240000E-02
    0.6931000000000       5.2090492869100E-02
    0.6932000000000       5.2115792117800E-02
    0.6933000000000       5.2141059939800E-02
    0.6934000000000       5.2166296289300E-02
    0.6935000000000       5.2191501120000E-02
    0.6936000000000       5.2216674385900E-02
    0.6937000000000       5.2241816041000E-02
    0.6938000000000       5.2266926039000E-02
    0.6939000000000       5.2292004334100E-02
    0.6940000000000       5.2317050880000E-02
    0.6941000000000       5.2342065630700E-02
    0.6942000000000       5.2367048540200E-02
    0.6943000000000       5.2391999562200E-02
    0.6944000000000       5.2416918650900E-02
    0.6945000000000       5.2441805760000E-02
    0.6946000000000       5.2466660843500E-02
    0.6947000000000       5.2491483855400E-02
    0.6948000000000       5.2516274749400E-02
    0.6949000000000       5.2541033479700E-02
    0.6950000000000       5.2565760000000E-02
    0.6951000000000       5.2590454264300E-02
    0.6952000000000       5.2615116226600E-02
    0.6953000000000       5.2639745840600E-02
    0.6954000000000       5.2664343060500E-02
    0.6955000000000       5.2688907840000E-02
    0.6956000000000       5.2713440133100E-02
    0.6957000000000       5.2737939893800E-02
    0.6958000000000       5.2762407075800E-02
    0.6959000000000       5.2786841633300E-02
    0.6960000000000       5.2811243520000E-02
    0.6961000000000       5.2835612689900E-02
    0.6962000000000       5.2859949097000E-02
    0.6963000000000       5.2884252695000E-02
    0.6964000000000       5.2908523438100E-02
    0.6965000000000       5.2932761280000E-02
    0.6966000000000       5.2956966174700E-02
    0.6967000000000       5.2981138076200E-02
    0.6968000000000       5.3005276938200E-02
    0.6969000000000       5.3029382714900E-02
    0.6970000000000       5.3053455360000E-02
    0.6971000000000       5.3077494827500E-02
    0.6972000000000       5.3101501071400E-02
    0.6973000000000       5.3125474045400E-02
    0.6974000000000       5.3149413703700E-02
    0.6975000000000       5.3173320000000E-02
    0.6976000000000       5.3197192888300E-02
    0.6977000000000       5.3221032322600E-02
    0.6978000000000       5.3244838256600E-02
    0.6979000000000       5.3268610644500E-02
    0.6980000000000       5.3292349440000E-02
    0.6981000000000       5.3316054597100E-02
    0.6982000000000       5.3339726069800E-02
    0.6983000000000       5.3363363811800E-02
    0.6984000000000       5.3386967777300E-02
    0.6985000000000       5.3410537920000E-02
    0.6986000000000       5.3434074193900E-02
    0.6987000000000       5.3457576553000E-02
    0.6988000000000       5.3481044951000E-02
    0.6989000000000       5.3504479342100E-02
    0.6990000000000       5.3527879680000E-02
    0.6991000000000       5.3551245918700E-02
    0.6992000000000       5.3574578012200E-02
    0.6993000000000       5.3597875914200E-02
    0.6994000000000       5.3621139578900E-02
    0.6995000000000       5.3644368960000E-02
    0.6996000000000       5.3667564011500E-02
    0.6997000000000       5.3690724687400E-02
    0.6998000000000       5.3713850941400E-02
    0.6999000000000       5.3736942727700E-02
    0.7000000000000       5.3760000000000E-02
    0.7001000000000       5.3783022712300E-02
    0.7002000000000       5.3806010818600E-02
    0.7003000000000       5.3828964272600E-02
    0.7004000000000       5.3851883028500E-02
    0.7005000000000       5.3874767040000E-02
    0.7006000000000       5.3897616261100E-02
    0.7007000000000       5.3920430645800E-02
    0.7008000000000       5.3943210147800E-02
    0.7009000000000       5.3965954721300E-02
    0.7010000000000       5.3988664320000E-02
    0.7011000000000       5.4011338897900E-02
    0.7012000000000       5.4033978409000E-02
    0.7013000000000       5.4056582807000E-02
    0.7014000000000       5.4079152046100E-02
    0.7015000000000       5.4101686080000E-02
    0.7016000000000       5.4124184862700E-02
    0.7017000000000       5.4146648348200E-02
    0.7018000000000       5.4169076490200E-02
    0.7019000000000       5.4191469242900E-02
    0.7020000000000       5.4213826560000E-02
    0.7021000000000       5.4236148395500E-02
    0.7022000000000       5.4258434703400E-02
    0.7023000000000       5.4280685437400E-02
    0.7024000000000       5.4302900551700E-02
    0.7025000000000       5.4325080000000E-02
    0.7026000000000       5.4347223736300E-02
    0.7027000000000       5.4369331714600E-02
    0.7028000000000       5.4391403888600E-02
    0.7029000000000       5.4413440212500E-02
    0.7030000000000       5.4435440640000E-02
    0.7031000000000       5.4457405125100E-02
    0.7032000000000       5.4479333621800E-02
    0.7033000000000       5.4501226083800E-02
    0.7034000000000       5.4523082465300E-02
    0.7035000000000       5.4544902720000E-02
    0.7036000000000       5.4566686801900E-02
    0.7037000000000       5.4588434665000E-02
    0.7038000000000       5.4610146263000E-02
    0.7039000000000       5.4631821550100E-02
    0.7040000000000       5.4653460480000E-02
    0.7041000000000       5.4675063006700E-02
    0.7042000000000       5.4696629084200E-02
    0.7043000000000       5.4718158666200E-02
    0.7044000000000       5.4739651706900E-02
    0.7045000000000       5.4761108160000E-02
    0.7046000000000       5.4782527979500E-02
    0.7047000000000       5.4803911119400E-02
    0.7048000000000       5.4825257533400E-02
    0.7049000000000       5.4846567175700E-02
    0.7050000000000       5.4867840000000E-02
    0.7051000000000       5.4889075960300E-02
    0.7052000000000       5.4910275010600E-02
    0.7053000000000       5.4931437104600E-02
    0.7054000000000       5.4952562196500E-02
    0.7055000000000       5.4973650240000E-02
    0.7056000000000       5.4994701189100E-02
    0.7057000000000       5.5015714997800E-02
    0.7058000000000       5.5036691619800E-02
    0.7059000000000       5.5057631009300E-02
    0.7060000000000       5.5078533120000E-02
    0.7061000000000       5.5099397905900E-02
    0.7062000000000       5.5120225321000E-02
    0.7063000000000       5.5141015319000E-02
    0.7064000000000       5.5161767854100E-02
    0.7065000000000       5.5182482880000E-02
    0.7066000000000       5.5203160350700E-02
    0.7067000000000       5.5223800220200E-02
    0.7068000000000       5.5244402442200E-02
    0.7069000000000       5.5264966970900E-02
    0.7070000000000       5.5285493760000E-02
    0.7071000000000       5.5305982763500E-02
    0.7072000000000       5.5326433935400E-02
    0.7073000000000       5.5346847229400E-02
    0.7074000000000       5.5367222599700E-02
    0.7075000000000       5.5387560000000E-02
    0.7076000000000       5.5407859384300E-02
    0.7077000000000       5.5428120706600E-02
    0.7078000000000       5.5448343920600E-02
    0.7079000000000       5.5468528980500E-02
    0.7080000000000       5.5488675840000E-02
    0.7081000000000       5.5508784453100E-02
    0.7082000000000       5.5528854773800E-02
    0.7083000000000       5.5548886755800E-02
    0.7084000000000       5.5568880353300E-02
    0.7085000000000       5.5588835520000E-02
    0.7086000000000       5.5608752209900E-02
    0.7087000000000       5.5628630377000E-02
    0.7088000000000       5.5648469975000E-02
    0.7089000000000       5.5668270958100E-02
    0.7090000000000       5.5688033280000E-02
    0.7091000000000       5.5707756894700E-02
    0.7092000000000       5.5727441756200E-02
    0.7093000000000       5.5747087818200E-02
    0.7094000000000       5.5766695034900E-02
    0.7095000000000       5.5786263360000E-02
    0.7096000000000       5.5805792747500E-02
    0.7097000000000       5.5825283151400E-02
    0.7098000000000       5.5844734525400E-02
    0.7099000000000       5.5864146823700E-02
    0.7100000000000       5.5883520000000E-02
    0.7101000000000       5.5902854008300E-02
    0.7102000000000       5.5922148802600E-02
    0.7103000000000       5.5941404336600E-02
    0.7104000000000       5.5960620564500E-02
    0.7105000000000       5.5979797440000E-02
    0.7106000000000       5.5998934917100E-02
    0.7107000000000       5.6018032949800E-02
    0.7108000000000       5.6037091491800E-02
    0.7109000000000       5.6056110497300E-02
    0.7110000000000       5.6075089920000E-02
    0.7111000000000       5.6094029713900E-02
    0.7112000000000       5.6112929833000E-02
    0.7113000000000       5.6131790231000E-02
    0.7114000000000       5.6150610862100E-02
    0.7115000000000       5.6169391680000E-02
    0.7116000000000       5.6188132638700E-02
    0.7117000000000       5.6206833692200E-02
    0.7118000000000       5.6225494794200E-02
    0.7119000000000       5.6244115898900E-02
    0.7120000000000       5.6262696960000E-02
    0.7121000000000       5.6281237931500E-02
    0.7122000000000       5.6299738767400E-02
    0.7123000000000       5.6318199421400E-02
    0.7124000000000       5.6336619847700E-02
    0.7125000000000       5.6355000000000E-02
    0.7126000000000       5.6373339832300E-02
    0.7127000000000       5.6391639298600E-02
    0.7128000000000       5.6409898352600E-02
    0.7129000000000       5.6428116948500E-02
    0.7130000000000       5.6446295040000E-02
    0.7131000000000       5.6464432581100E-02
    0.7132000000000       5.6482529525800E-02
    0.7133000000000       5.6500585827800E-02
    0.7134000000000       5.6518601441300E-02
    0.7135000000000       5.6536576320000E-02
    0.7136000000000       5.6554510417900E-02
    0.7137000000000       5.6572403689000E-02
    0.7138000000000       5.6590256087000E-02
    0.7139000000000       5.6608067566100E-02
    0.7140000000000       5.6625838080000E-02
    0.7141000000000       5.6643567582700E-02
    0.7142000000000       5.6661256028200E-02
    0.7143000000000       5.6678903370200E-02
    0.7144000000000       5.6696509562900E-02
    0.7145000000000       5.6714074560000E-02
    0.7146000000000       5.6731598315500E-02
    0.7147000000000       5.6749080783400E-02
    0.7148000000000       5.6766521917400E-02
    0.7149000000000       5.6783921671700E-02
    0.7150000000000       5.6801280000000E-02
    0.7151000000000       5.6818596856300E-02
    0.7152000000000       5.6835872194600E-02
    0.7153000000000       5.6853105968600E-02
    0.7154000000000       5.6870298132500E-02
    0.7155000000000       5.6887448640000E-02
    0.7156000000000       5.6904557445100E-02
    0.7157000000000       5.6921624501800E-02
    0.7158000000000       5.6938649763800E-02
    0.7159000000000       5.6955633185300E-02
    0.7160000000000       5.6972574720000E-02
    0.7161000000000       5.6989474321900E-02
    0.7162000000000       5.7006331945000E-02
    0.7163000000000       5.7023147543000E-02
    0.7164000000000       5.7039921070100E-02
    0.7165000000000       5.7056652480000E-02
    0.7166000000000       5.7073341726700E-02
    0.7167000000000       5.7089988764200E-02
    0.7168000000000       5.7106593546200E-02
    0.7169000000000       5.7123156026900E-02
    0.7170000000000       5.7139676160000E-02
    0.7171000000000       5.7156153899500E-02
    0.7172000000000       5.7172589199400E-02
    0.7173000000000       5.7188982013400E-02
    0.7174000000000       5.7205332295700E-02
    0.7175000000000       5.7221640000000E-02
    0.7176000000000       5.7237905080300E-02
    0.7177000000000       5.7254127490600E-02
    0.7178000000000       5.7270307184600E-02
    0.7179000000000       5.7286444116500E-02
    0.7180000000000       5.7302538240000E-02
    0.7181000000000       5.7318589509100E-02
    0.7182000000000       5.7334597877800E-02
    0.7183000000000       5.7350563299800E-02
    0.7184000000000       5.7366485729300E-02
    0.7185000000000       5.7382365120000E-02
    0.7186000000000       5.7398201425900E-02
    0.7187000000000       5.7413994601000E-02
    0.7188000000000       5.7429744599000E-02
    0.7189000000000       5.7445451374100E-02
    0.7190000000000       5.7461114880000E-02
    0.7191000000000       5.7476735070700E-02
    0.7192000000000       5.7492311900200E-02
    0.7193000000000       5.7507845322200E-02
    0.7194000000000       5.7523335290900E-02
    0.7195000000000       5.7538781760000E-02
    0.7196000000000       5.7554184683500E-02
    0.7197000000000       5.7569544015400E-02
    0.7198000000000       5.7584859709400E-02
    0.7199000000000       5.7600131719700E-02
    0.7200000000000       5.7615360000000E-02
    0.7201000000000       5.7630544504300E-02
    0.7202000000000       5.7645685186600E-02
    0.7203000000000       5.7660782000600E-02
    0.7204000000000       5.7675834900500E-02
    0.7205000000000       5.7690843840000E-02
    0.7206000000000       5.7705808773100E-02
    0.7207000000000       5.7720729653800E-02
    0.7208000000000       5.7735606435800E-02
    0.7209000000000       5.7750439073300E-02
    0.7210000000000       5.7765227520000E-02
    0.7211000000000       5.7779971729900E-02
    0.7212000000000       5.7794671657000E-02
    0.7213000000000       5.7809327255000E-02
    0.7214000000000       5.7823938478100E-02
    0.7215000000000       5.7838505280000E-02
    0.7216000000000       5.7853027614700E-02
    0.7217000000000       5.7867505436200E-02
    0.7218000000000       5.7881938698200E-02
    0.7219000000000       5.7896327354900E-02
    0.7220000000000       5.7910671360000E-02
    0.7221000000000       5.7924970667500E-02
    0.7222000000000       5.7939225231400E-02
    0.7223000000000       5.7953435005400E-02
    0.7224000000000       5.7967599943700E-02
    0.7225000000000       5.7981720000000E-02
    0.7226000000000       5.7995795128300E-02
    0.7227000000000       5.8009825282600E-02
    0.7228000000000       5.8023810416600E-02
    0.7229000000000       5.8037750484500E-02
    0.7230000000000       5.8051645440000E-02
    0.7231000000000       5.8065495237100E-02
    0.7232000000000       5.8079299829800E-02
    0.7233000000000       5.8093059171800E-02
    0.7234000000000       5.8106773217300E-02
    0.7235000000000       5.8120441920000E-02
    0.7236000000000       5.8134065233900E-02
    0.7237000000000       5.8147643113000E-02
    0.7238000000000       5.8161175511000E-02
    0.7239000000000       5.8174662382100E-02
    0.7240000000000       5.8188103680000E-02
    0.7241000000000       5.8201499358700E-02
    0.7242000000000       5.8214849372200E-02
    0.7243000000000       5.8228153674200E-02
    0.7244000000000       5.8241412218900E-02
    0.7245000000000       5.8254624960000E-02
    0.7246000000000       5.8267791851500E-02
    0.7247000000000       5.8280912847400E-02
    0.7248000000000       5.8293987901400E-02
    0.7249000000000       5.8307016967700E-02
    0.7250000000000       5.8320000000000E-02
    0.7251000000000       5.8332936952300E-02
    0.7252000000000       5.8345827778600E-02
    0.7253000000000       5.8358672432600E-02
    0.7254000000000       5.8371470868500E-02
    0.7255000000000       5.8384223040000E-02
    0.7256000000000       5.8396928901100E-02
    0.7257000000000       5.8409588405800E-02
    0.7258000000000       5.8422201507800E-02
    0.7259000000000       5.8434768161300E-02
    0.7260000000000       5.8447288320000E-02
    0.7261000000000       5.8459761937900E-02
    0.7262000000000       5.8472188969000E-02
    0.7263000000000       5.8484569367000E-02
    0.7264000000000       5.8496903086100E-02
    0.7265000000000       5.8509190080000E-02
    0.7266000000000       5.8521430302700E-02
    0.7267000000000       5.8533623708200E-02
    0.7268000000000       5.8545770250200E-02
    0.7269000000000       5.8557869882900E-02
    0.7270000000000       5.8569922560000E-02
    0.7271000000000       5.8581928235500E-02
    0.7272000000000       5.8593886863400E-02
    0.7273000000000       5.8605798397400E-02
    0.7274000000000       5.8617662791700E-02
    0.7275000000000       5.8629480000000E-02
    0.7276000000000       5.8641249976300E-02
    0.7277000000000       5.8652972674600E-02
    0.7278000000000       5.8664648048600E-02
    0.7279000000000       5.8676276052500E-02
    0.7280000000000       5.8687856640000E-02
    0.7281000000000       5.8699389765100E-02
    0.7282000000000       5.8710875381800E-02
    0.7283000000000       5.8722313443800E-02
    0.7284000000000       5.8733703905300E-02
    0.7285000000000       5.8745046720000E-02
    0.7286000000000       5.8756341841900E-02
    0.7287000000000       5.8767589225000E-02
    0.7288000000000       5.8778788823000E-02
    0.7289000000000       5.8789940590100E-02
    0.7290000000000       5.8801044480000E-02
    0.7291000000000       5.8812100446700E-02
    0.7292000000000       5.8823108444200E-02
    0.7293000000000       5.8834068426200E-02
    0.7294000000000       5.8844980346900E-02
    0.7295000000000       5.8855844160000E-02
    0.7296000000000       5.8866659819500E-02
    0.7297000000000       5.8877427279400E-02
    0.7298000000000       5.8888146493400E-02
    0.7299000000000       5.8898817415700E-02
    0.7300000000000       5.8909440000000E-02
    0.7301000000000       5.8920014200300E-02
    0.7302000000000       5.8930539970600E-02
    0.7303000000000       5.8941017264600E-02
    0.7304000000000       5.8951446036500E-02
    0.7305000000000       5.8961826240000E-02
    0.7306000000000       5.8972157829100E-02
    0.7307000000000       5.8982440757800E-02
    0.7308000000000       5.8992674979800E-02
    0.7309000000000       5.9002860449300E-02
    0.7310000000000       5.9012997120000E-02
    0.7311000000000       5.9023084945900E-02
    0.7312000000000       5.9033123881000E-02
    0.7313000000000       5.9043113879000E-02
    0.7314000000000       5.9053054894100E-02
    0.7315000000000       5.9062946880000E-02
    0.7316000000000       5.9072789790700E-02
    0.7317000000000       5.9082583580200E-02
    0.7318000000000       5.9092328202200E-02
    0.7319000000000       5.9102023610900E-02
    0.7320000000000       5.9111669760000E-02
    0.7321000000000       5.9121266603500E-02
    0.7322000000000       5.9130814095400E-02
    0.7323000000000       5.9140312189400E-02
    0.7324000000000       5.9149760839700E-02
    0.7325000000000       5.9159160000000E-02
    0.7326000000000       5.9168509624300E-02
    0.7327000000000       5.9177809666600E-02
    0.7328000000000       5.9187060080600E-02
    0.7329000000000       5.9196260820500E-02
    0.7330000000000       5.9205411840000E-02
    0.7331000000000       5.9214513093100E-02
    0.7332000000000       5.9223564533800E-02
    0.7333000000000       5.9232566115800E-02
    0.7334000000000       5.9241517793300E-02
    0.7335000000000       5.9250419520000E-02
    0.7336000000000       5.9259271249900E-02
    0.7337000000000       5.9268072937000E-02
    0.7338000000000       5.9276824535000E-02
    0.7339000000000       5.9285525998100E-02
    0.7340000000000       5.9294177280000E-02
    0.7341000000000       5.9302778334700E-02
    0.7342000000000       5.9311329116200E-02
    0.7343000000000       5.9319829578200E-02
    0.7344000000000       5.9328279674900E-02
    0.7345000000000       5.9336679360000E-02
    0.7346000000000       5.9345028587500E-02
    0.7347000000000       5.9353327311400E-02
    0.7348000000000       5.9361575485400E-02
    0.7349000000000       5.9369773063700E-02
    0.7350000000000       5.9377920000000E-02
    0.7351000000000       5.9386016248300E-02
    0.7352000000000       5.9394061762600E-02
    0.7353000000000       5.9402056496600E-02
    0.7354000000000       5.9410000404500E-02
    0.7355000000000       5.9417893440000E-02
    0.7356000000000       5.9425735557100E-02
    0.7357000000000       5.9433526709800E-02
    0.7358000000000       5.9441266851800E-02
    0.7359000000000       5.9448955937300E-02
    0.7360000000000       5.9456593920000E-02
    0.7361000000000       5.9464180753900E-02
    0.7362000000000       5.9471716393000E-02
    0.7363000000000       5.9479200791000E-02
    0.7364000000000       5.9486633902100E-02
    0.7365000000000       5.9494015680000E-02
    0.7366000000000       5.9501346078700E-02
    0.7367000000000       5.9508625052200E-02
    0.7368000000000       5.9515852554200E-02
    0.7369000000000       5.9523028538900E-02
    0.7370000000000       5.9530152960000E-02
    0.7371000000000       5.9537225771500E-02
    0.7372000000000       5.9544246927400E-02
    0.7373000000000       5.9551216381400E-02
    0.7374000000000       5.9558134087700E-02
    0.7375000000000       5.9565000000000E-02
    0.7376000000000       5.9571814072300E-02
    0.7377000000000       5.9578576258600E-02
    0.7378000000000       5.9585286512600E-02
    0.7379000000000       5.9591944788500E-02
    0.7380000000000       5.9598551040000E-02
    0.7381000000000       5.9605105221100E-02
    0.7382000000000       5.9611607285800E-02
    0.7383000000000       5.9618057187800E-02
    0.7384000000000       5.9624454881300E-02
    0.7385000000000       5.9630800320000E-02
    0.7386000000000       5.9637093457900E-02
    0.7387000000000       5.9643334249000E-02
    0.7388000000000       5.9649522647000E-02
    0.7389000000000       5.9655658606100E-02
    0.7390000000000       5.9661742080000E-02
    0.7391000000000       5.9667773022700E-02
    0.7392000000000       5.9673751388200E-02
    0.7393000000000       5.9679677130200E-02
    0.7394000000000       5.9685550202900E-02
    0.7395000000000       5.9691370560000E-02
    0.7396000000000       5.9697138155500E-02
    0.7397000000000       5.9702852943400E-02
    0.7398000000000       5.9708514877400E-02
    0.7399000000000       5.9714123911700E-02
    0.7400000000000       5.9719680000000E-02
    0.7401000000000       5.9725183096300E-02
    0.7402000000000       5.9730633154600E-02
    0.7403000000000       5.9736030128600E-02
    0.7404000000000       5.9741373972500E-02
    0.7405000000000       5.9746664640000E-02
    0.7406000000000       5.9751902085100E-02
    0.7407000000000       5.9757086261800E-02
    0.7408000000000       5.9762217123800E-02
    0.7409000000000       5.9767294625300E-02
    0.7410000000000       5.9772318720000E-02
    0.7411000000000       5.9777289361900E-02
    0.7412000000000       5.9782206505000E-02
    0.7413000000000       5.9787070103000E-02
    0.7414000000000       5.9791880110100E-02
    0.7415000000000       5.9796636480000E-02
    0.7416000000000       5.9801339166700E-02
    0.7417000000000       5.9805988124200E-02
    0.7418000000000       5.9810583306200E-02
    0.7419000000000       5.9815124666900E-02
    0.7420000000000       5.9819612160000E-02
    0.7421000000000       5.9824045739500E-02
    0.7422000000000       5.9828425359400E-02
    0.7423000000000       5.9832750973400E-02
    0.7424000000000       5.9837022535700E-02
    0.7425000000000       5.9841240000000E-02
    0.7426000000000       5.9845403320300E-02
    0.7427000000000       5.9849512450600E-02
    0.7428000000000       5.9853567344600E-02
    0.7429000000000       5.9857567956500E-02
    0.7430000000000       5.9861514240000E-02
    0.7431000000000       5.9865406149100E-02
    0.7432000000000       5.9869243637800E-02
    0.7433000000000       5.9873026659800E-02
    0.7434000000000       5.9876755169300E-02
    0.7435000000000       5.9880429120000E-02
    0.7436000000000       5.9884048465900E-02
    0.7437000000000       5.9887613161000E-02
    0.7438000000000       5.9891123159000E-02
    0.7439000000000       5.9894578414100E-02
    0.7440000000000       5.9897978880000E-02
    0.7441000000000       5.9901324510700E-02
    0.7442000000000       5.9904615260200E-02
    0.7443000000000       5.9907851082200E-02
    0.7444000000000       5.9911031930900E-02
    0.7445000000000       5.9914157760000E-02
    0.7446000000000       5.9917228523500E-02
    0.7447000000000       5.9920244175400E-02
    0.7448000000000       5.9923204669400E-02
    0.7449000000000       5.9926109959700E-02
    0.7450000000000       5.9928960000000E-02
    0.7451000000000       5.9931754744300E-02
    0.7452000000000       5.9934494146600E-02
    0.7453000000000       5.9937178160600E-02
    0.7454000000000       5.9939806740500E-02
    0.7455000000000       5.9942379840000E-02
    0.7456000000000       5.9944897413100E-02
    0.7457000000000       5.9947359413800E-02
    0.7458000000000       5.9949765795800E-02
    0.7459000000000       5.9952116513300E-02
    0.7460000000000       5.9954411520000E-02
    0.7461000000000       5.9956650769900E-02
    0.7462000000000       5.9958834217000E-02
    0.7463000000000       5.9960961815000E-02
    0.7464000000000       5.9963033518100E-02
    0.7465000000000       5.9965049280000E-02
    0.7466000000000       5.9967009054700E-02
    0.7467000000000       5.9968912796200E-02
    0.7468000000000       5.9970760458200E-02
    0.7469000000000       5.9972551994900E-02
    0.7470000000000       5.9974287360000E-02
    0.7471000000000       5.9975966507500E-02
    0.7472000000000       5.9977589391400E-02
    0.7473000000000       5.9979155965400E-02
    0.7474000000000       5.9980666183700E-02
    0.7475000000000       5.9982120000000E-02
    0.7476000000000       5.9983517368300E-02
    0.7477000000000       5.9984858242600E-02
    0.7478000000000       5.9986142576600E-02
    0.7479000000000       5.9987370324500E-02
    0.7480000000000       5.9988541440000E-02
    0.7481000000000       5.9989655877100E-02
    0.7482000000000       5.9990713589800E-02
    0.7483000000000       5.9991714531800E-02
    0.7484000000000       5.9992658657300E-02
    0.7485000000000       5.9993545920000E-02
    0.7486000000000       5.9994376273900E-02
    0.7487000000000       5.9995149673000E-02
    0.7488000000000       5.9995866071000E-02
    0.7489000000000       5.9996525422100E-02
    0.7490000000000       5.9997127680000E-02
    0.7491000000000       5.9997672798700E-02
    0.7492000000000       5.9998160732200E-02
    0.7493000000000       5.9998591434200E-02
    0.7494000000000       5.9998964858900E-02
    0.7495000000000       5.9999280960000E-02
    0.7496000000000       5.9999539691500E-02
    0.7497000000000       5.9999741007400E-02
    0.7498000000000       5.9999884861400E-02
    0.7499000000000       5.9999971207700E-02
    0.7500000000000       6.0000000000000E-02
    0.7501000000000       6.0000000000000E-02
    0.7502000000000       6.0000000000000E-02
    0.7503000000000       6.0000000000000E-02
    0.7504000000000       6.0000000000000E-02
    0.7505000000000       6.0000000000000E-02
    0.7506000000000       6.0000000000000E-02
    0.7507000000000       6.0000000000000E-02
    0.7508000000000       6.0000000000000E-02
    0.7509000000000       6.0000000000000E-02
    0.7510000000000       6.0000000000000E-02
    0.7511000000000       6.0000000000000E-02
    0.7512000000000       6.0000000000000E-02
    0.7513000000000       6.0000000000000E-02
    0.7514000000000       6.0000000000000E-02
    0.7515000000000       6.0000000000000E-02
    0.7516000000000       6.0000000000000E-02
    0.7517000000000       6.0000000000000E-02
    0.7518000000000       6.0000000000000E-02
    0.7519000000000       6.0000000000000E-02
    0.7520000000000       6.0000000000000E-02
    0.7521000000000       6.0000000000000E-02
    0.7522000000000       6.0000000000000E-02
    0.7523000000000       6.0000000000000E-02
    0.7524000000000       6.0000000000000E-02
    0.7525000000000       6.0000000000000E-02
    0.7526000000000       6.0000000000000E-02
    0.7527000000000       6.0000000000000E-02
    0.7528000000000       6.0000000000000E-02
    0.7529000000000       6.0000000000000E-02
    0.7530000000000       6.0000000000000E-02
    0.7531000000000       6.0000000000000E-02
    0.7532000000000       6.0000000000000E-02
    0.7533000000000       6.0000000000000E-02
    0.7534000000000       6.0000000000000E-02
    0.7535000000000       6.0000000000000E-02
    0.7536000000000       6.0000000000000E-02
    0.7537000000000       6.0000000000000E-02
    0.7538000000000       6.0000000000000E-02
    0.7539000000000       6.0000000000000E-02
    0.7540000000000       6.0000000000000E-02
    0.7541000000000       6.0000000000000E-02
    0.7542000000000       6.0000000000000E-02
    0.7543000000000       6.0000000000000E-02
    0.7544000000000       6.0000000000000E-02
    0.7545000000000       6.0000000000000E-02
    0.7546000000000       6.0000000000000E-02
    0.7547000000000       6.0000000000000E-02
    0.7548000000000       6.0000000000000E-02
    0.7549000000000       6.0000000000000E-02
    0.7550000000000       6.0000000000000E-02
    0.7551000000000       6.0000000000000E-02
    0.7552000000000       6.0000000000000E-02
    0.7553000000000       6.0000000000000E-02
    0.7554000000000       6.0000000000000E-02
    0.7555000000000       6.0000000000000E-02
    0.7556000000000       6.0000000000000E-02
    0.7557000000000       6.0000000000000E-02
    0.7558000000000       6.0000000000000E-02
    0.7559000000000       6.0000000000000E-02
    0.7560000000000       6.0000000000000E-02
    0.7561000000000       6.0000000000000E-02
    0.7562000000000       6.0000000000000E-02
    0.7563000000000       6.0000000000000E-02
    0.7564000000000       6.0000000000000E-02
    0.7565000000000       6.0000000000000E-02
    0.7566000000000       6.0000000000000E-02
    0.7567000000000       6.0000000000000E-02
    0.7568000000000       6.0000000000000E-02
    0.7569000000000       6.0000000000000E-02
    0.7570000000000       6.0000000000000E-02
    0.7571000000000       6.0000000000000E-02
    0.7572000000000       6.0000000000000E-02
    0.7573000000000       6.0000000000000E-02
    0.7574000000000       6.0000000000000E-02
    0.7575000000000       6.0000000000000E-02
    0.7576000000000       6.0000000000000E-02
    0.7577000000000       6.0000000000000E-02
    0.7578000000000       6.0000000000000E-02
    0.7579000000000       6.0000000000000E-02
    0.7580000000000       6.0000000000000E-02
    0.7581000000000       6.0000000000000E-02
    0.7582000000000       6.0000000000000E-02
    0.7583000000000       6.0000000000000E-02
    0.7584000000000       6.0000000000000E-02
    0.7585000000000       6.0000000000000E-02
    0.7586000000000       6.0000000000000E-02
    0.7587000000000       6.0000000000000E-02
    0.7588000000000       6.0000000000000E-02
    0.7589000000000       6.0000000000000E-02
    0.7590000000000       6.0000000000000E-02
    0.7591000000000       6.0000000000000E-02
    0.7592000000000       6.0000000000000E-02
    0.7593000000000       6.0000000000000E-02
    0.7594000000000       6.0000000000000E-02
    0.7595000000000       6.0000000000000E-02
    0.7596000000000       6.0000000000000E-02
    0.7597000000000       6.0000000000000E-02
    0.7598000000000       6.0000000000000E-02
    0.7599000000000       6.0000000000000E-02
    0.7600000000000       6.0000000000000E-02
    0.7601000000000       6.0000000000000E-02
    0.7602000000000       6.0000000000000E-02
    0.7603000000000       6.0000000000000E-02
    0.7604000000000       6.0000000000000E-02
    0.7605000000000       6.0000000000000E-02
    0.7606000000000       6.0000000000000E-02
    0.7607000000000       6.0000000000000E-02
    0.7608000000000       6.0000000000000E-02
    0.7609000000000       6.0000000000000E-02
    0.7610000000000       6.0000000000000E-02
    0.7611000000000       6.0000000000000E-02
    0.7612000000000       6.0000000000000E-02
    0.7613000000000       6.0000000000000E-02
    0.7614000000000       6.0000000000000E-02
    0.7615000000000       6.0000000000000E-02
    0.7616000000000       6.0000000000000E-02
    0.7617000000000       6.0000000000000E-02
    0.7618000000000       6.0000000000000E-02
    0.7619000000000       6.0000000000000E-02
    0.7620000000000       6.0000000000000E-02
    0.7621000000000       6.0000000000000E-02
    0.7622000000000       6.0000000000000E-02
    0.7623000000000       6.0000000000000E-02
    0.7624000000000       6.0000000000000E-02
    0.7625000000000       6.0000000000000E-02
    0.7626000000000       6.0000000000000E-02
    0.7627000000000       6.0000000000000E-02
    0.7628000000000       6.0000000000000E-02
    0.7629000000000       6.0000000000000E-02
    0.7630000000000       6.0000000000000E-02
    0.7631000000000       6.0000000000000E-02
    0.7632000000000       6.0000000000000E-02
    0.7633000000000       6.0000000000000E-02
    0.7634000000000       6.0000000000000E-02
    0.7635000000000       6.0000000000000E-02
    0.7636000000000       6.0000000000000E-02
    0.7637000000000       6.0000000000000E-02
    0.7638000000000       6.0000000000000E-02
    0.7639000000000       6.0000000000000E-02
    0.7640000000000       6.0000000000000E-02
    0.7641000000000       6.0000000000000E-02
    0.7642000000000       6.0000000000000E-02
    0.7643000000000       6.0000000000000E-02
    0.7644000000000       6.0000000000000E-02
    0.7645000000000       6.0000000000000E-02
    0.7646000000000       6.0000000000000E-02
    0.7647000000000       6.0000000000000E-02
    0.7648000000000       6.0000000000000E-02
    0.7649000000000       6.0000000000000E-02
    0.7650000000000       6.0000000000000E-02
    0.7651000000000       6.0000000000000E-02
    0.7652000000000       6.0000000000000E-02
    0.7653000000000       6.0000000000000E-02
    0.7654000000000       6.0000000000000E-02
    0.7655000000000       6.0000000000000E-02
    0.7656000000000       6.0000000000000E-02
    0.7657000000000       6.0000000000000E-02
    0.7658000000000       6.0000000000000E-02
    0.7659000000000       6.0000000000000E-02
    0.7660000000000       6.0000000000000E-02
    0.7661000000000       6.0000000000000E-02
    0.7662000000000       6.0000000000000E-02
    0.7663000000000       6.0000000000000E-02
    0.7664000000000       6.0000000000000E-02
    0.7665000000000       6.0000000000000E-02
    0.7666000000000       6.0000000000000E-02
    0.7667000000000       6.0000000000000E-02
    0.7668000000000       6.0000000000000E-02
    0.7669000000000       6.0000000000000E-02
    0.7670000000000       6.0000000000000E-02
    0.7671000000000       6.0000000000000E-02
    0.7672000000000       6.0000000000000E-02
    0.7673000000000       6.0000000000000E-02
    0.7674000000000       6.0000000000000E-02
    0.7675000000000       6.0000000000000E-02
    0.7676000000000       6.0000000000000E-02
    0.7677000000000       6.0000000000000E-02
    0.7678000000000       6.0000000000000E-02
    0.7679000000000       6.0000000000000E-02
    0.7680000000000       6.0000000000000E-02
    0.7681000000000       6.0000000000000E-02
    0.7682000000000       6.0000000000000E-02
    0.7683000000000       6.0000000000000E-02
    0.7684000000000       6.0000000000000E-02
    0.7685000000000       6.0000000000000E-02
    0.7686000000000       6.0000000000000E-02
    0.7687000000000       6.0000000000000E-02
    0.7688000000000       6.0000000000000E-02
    0.7689000000000       6.0000000000000E-02
    0.7690000000000       6.0000000000000E-02
    0.7691000000000       6.0000000000000E-02
    0.7692000000000       6.0000000000000E-02
    0.7693000000000       6.0000000000000E-02
    0.7694000000000       6.0000000000000E-02
    0.7695000000000       6.0000000000000E-02
    0.7696000000000       6.0000000000000E-02
    0.7697000000000       6.0000000000000E-02
    0.7698000000000       6.0000000000000E-02
    0.7699000000000       6.0000000000000E-02
    0.7700000000000       6.0000000000000E-02
    0.7701000000000       6.0000000000000E-02
    0.7702000000000       6.0000000000000E-02
    0.7703000000000       6.0000000000000E-02
    0.7704000000000       6.0000000000000E-02
    0.7705000000000       6.0000000000000E-02
    0.7706000000000       6.0000000000000E-02
    0.7707000000000       6.0000000000000E-02
    0.7708000000000       6.0000000000000E-02
    0.7709000000000       6.0000000000000E-02
    0.7710000000000       6.0000000000000E-02
    0.7711000000000       6.0000000000000E-02
    0.7712000000000       6.0000000000000E-02
    0.7713000000000       6.0000000000000E-02
    0.7714000000000       6.0000000000000E-02
    0.7715000000000       6.0000000000000E-02
    0.7716000000000       6.0000000000000E-02
    0.7717000000000       6.0000000000000E-02
    0.7718000000000       6.0000000000000E-02
    0.7719000000000       6.0000000000000E-02
    0.7720000000000       6.0000000000000E-02
    0.7721000000000       6.0000000000000E-02
    0.7722000000000       6.0000000000000E-02
    0.7723000000000       6.0000000000000E-02
    0.7724000000000       6.0000000000000E-02
    0.7725000000000       6.0000000000000E-02
    0.7726000000000       6.0000000000000E-02
    0.7727000000000       6.0000000000000E-02
    0.7728000000000       6.0000000000000E-02
    0.7729000000000       6.0000000000000E-02
    0.7730000000000       6.0000000000000E-02
    0.7731000000000       6.0000000000000E-02
    0.7732000000000       6.0000000000000E-02
    0.7733000000000       6.0000000000000E-02
    0.7734000000000       6.0000000000000E-02
    0.7735000000000       6.0000000000000E-02
    0.7736000000000       6.0000000000000E-02
    0.7737000000000       6.0000000000000E-02
    0.7738000000000       6.0000000000000E-02
    0.7739000000000       6.0000000000000E-02
    0.7740000000000       6.0000000000000E-02
    0.7741000000000       6.0000000000000E-02
    0.7742000000000       6.0000000000000E-02
    0.7743000000000       6.0000000000000E-02
    0.7744000000000       6.0000000000000E-02
    0.7745000000000       6.0000000000000E-02
    0.7746000000000       6.0000000000000E-02
    0.7747000000000       6.0000000000000E-02
    0.7748000000000       6.0000000000000E-02
    0.7749000000000       6.0000000000000E-02
    0.7750000000000       6.0000000000000E-02
    0.7751000000000       6.0000000000000E-02
    0.7752000000000       6.0000000000000E-02
    0.7753000000000       6.0000000000000E-02
    0.7754000000000       6.0000000000000E-02
    0.7755000000000       6.0000000000000E-02
    0.7756000000000       6.0000000000000E-02
    0.7757000000000       6.0000000000000E-02
    0.7758000000000       6.0000000000000E-02
    0.7759000000000       6.0000000000000E-02
    0.7760000000000       6.0000000000000E-02
    0.7761000000000       6.0000000000000E-02
    0.7762000000000       6.0000000000000E-02
    0.7763000000000       6.0000000000000E-02
    0.7764000000000       6.0000000000000E-02
    0.7765000000000       6.0000000000000E-02
    0.7766000000000       6.0000000000000E-02
    0.7767000000000       6.0000000000000E-02
    0.7768000000000       6.0000000000000E-02
    0.7769000000000       6.0000000000000E-02
    0.7770000000000       6.0000000000000E-02
    0.7771000000000       6.0000000000000E-02
    0.7772000000000       6.0000000000000E-02
    0.7773000000000       6.0000000000000E-02
    0.7774000000000       6.0000000000000E-02
    0.7775000000000       6.0000000000000E-02
    0.7776000000000       6.0000000000000E-02
    0.7777000000000       6.0000000000000E-02
    0.7778000000000       6.0000000000000E-02
    0.7779000000000       6.0000000000000E-02
    0.7780000000000       6.0000000000000E-02
    0.7781000000000       6.0000000000000E-02
    0.7782000000000       6.0000000000000E-02
    0.7783000000000       6.0000000000000E-02
    0.7784000000000       6.0000000000000E-02
    0.7785000000000       6.0000000000000E-02
    0.7786000000000       6.0000000000000E-02
    0.7787000000000       6.0000000000000E-02
    0.7788000000000       6.0000000000000E-02
    0.7789000000000       6.0000000000000E-02
    0.7790000000000       6.0000000000000E-02
    0.7791000000000       6.0000000000000E-02
    0.7792000000000       6.0000000000000E-02
    0.7793000000000       6.0000000000000E-02
    0.7794000000000       6.0000000000000E-02
    0.7795000000000       6.0000000000000E-02
    0.7796000000000       6.0000000000000E-02
    0.7797000000000       6.0000000000000E-02
    0.7798000000000       6.0000000000000E-02
    0.7799000000000       6.0000000000000E-02
    0.7800000000000       6.0000000000000E-02
    0.7801000000000       6.0000000000000E-02
    0.7802000000000       6.0000000000000E-02
    0.7803000000000       6.0000000000000E-02
    0.7804000000000       6.0000000000000E-02
    0.7805000000000       6.0000000000000E-02
    0.7806000000000       6.0000000000000E-02
    0.7807000000000       6.0000000000000E-02
    0.7808000000000       6.0000000000000E-02
    0.7809000000000       6.0000000000000E-02
    0.7810000000000       6.0000000000000E-02
    0.7811000000000       6.0000000000000E-02
    0.7812000000000       6.0000000000000E-02
    0.7813000000000       6.0000000000000E-02
    0.7814000000000       6.0000000000000E-02
    0.7815000000000       6.0000000000000E-02
    0.7816000000000       6.0000000000000E-02
    0.7817000000000       6.0000000000000E-02
    0.7818000000000       6.0000000000000E-02
    0.7819000000000       6.0000000000000E-02
    0.7820000000000       6.0000000000000E-02
    0.7821000000000       6.0000000000000E-02
    0.7822000000000       6.0000000000000E-02
    0.7823000000000       6.0000000000000E-02
    0.7824000000000       6.0000000000000E-02
    0.7825000000000       6.0000000000000E-02
    0.7826000000000       6.0000000000000E-02
    0.7827000000000       6.0000000000000E-02
    0.7828000000000       6.0000000000000E-02
    0.7829000000000       6.0000000000000E-02
    0.7830000000000       6.0000000000000E-02
    0.7831000000000       6.0000000000000E-02
    0.7832000000000       6.0000000000000E-02
    0.7833000000000       6.0000000000000E-02
    0.7834000000000       6.0000000000000E-02
    0.7835000000000       6.0000000000000E-02
    0.7836000000000       6.0000000000000E-02
    0.7837000000000       6.0000000000000E-02
    0.7838000000000       6.0000000000000E-02
    0.7839000000000       6.0000000000000E-02
    0.7840000000000       6.0000000000000E-02
    0.7841000000000       6.0000000000000E-02
    0.7842000000000       6.0000000000000E-02
    0.7843000000000       6.0000000000000E-02
    0.7844000000000       6.0000000000000E-02
    0.7845000000000       6.0000000000000E-02
    0.7846000000000       6.0000000000000E-02
    0.7847000000000       6.0000000000000E-02
    0.7848000000000       6.0000000000000E-02
    0.7849000000000       6.0000000000000E-02
    0.7850000000000       6.0000000000000E-02
    0.7851000000000       6.0000000000000E-02
    0.7852000000000       6.0000000000000E-02
    0.7853000000000       6.0000000000000E-02
    0.7854000000000       6.0000000000000E-02
    0.7855000000000       6.0000000000000E-02
    0.7856000000000       6.0000000000000E-02
    0.7857000000000       6.0000000000000E-02
    0.7858000000000       6.0000000000000E-02
    0.7859000000000       6.0000000000000E-02
    0.7860000000000       6.0000000000000E-02
    0.7861000000000       6.0000000000000E-02
    0.7862000000000       6.0000000000000E-02
    0.7863000000000       6.0000000000000E-02
    0.7864000000000       6.0000000000000E-02
    0.7865000000000       6.0000000000000E-02
    0.7866000000000       6.0000000000000E-02
    0.7867000000000       6.0000000000000E-02
    0.7868000000000       6.0000000000000E-02
    0.7869000000000       6.0000000000000E-02
    0.7870000000000       6.0000000000000E-02
    0.7871000000000       6.0000000000000E-02
    0.7872000000000       6.0000000000000E-02
    0.7873000000000       6.0000000000000E-02
    0.7874000000000       6.0000000000000E-02
    0.7875000000000       6.0000000000000E-02
    0.7876000000000       6.0000000000000E-02
    0.7877000000000       6.0000000000000E-02
    0.7878000000000       6.0000000000000E-02
    0.7879000000000       6.0000000000000E-02
    0.7880000000000       6.0000000000000E-02
    0.7881000000000       6.0000000000000E-02
    0.7882000000000       6.0000000000000E-02
    0.7883000000000       6.0000000000000E-02
    0.7884000000000       6.0000000000000E-02
    0.7885000000000       6.0000000000000E-02
    0.7886000000000       6.0000000000000E-02
    0.7887000000000       6.0000000000000E-02
    0.7888000000000       6.0000000000000E-02
    0.7889000000000       6.0000000000000E-02
    0.7890000000000       6.0000000000000E-02
    0.7891000000000       6.0000000000000E-02
    0.7892000000000       6.0000000000000E-02
    0.7893000000000       6.0000000000000E-02
    0.7894000000000       6.0000000000000E-02
    0.7895000000000       6.0000000000000E-02
    0.7896000000000       6.0000000000000E-02
    0.7897000000000       6.0000000000000E-02
    0.7898000000000       6.0000000000000E-02
    0.7899000000000       6.0000000000000E-02
    0.7900000000000       6.0000000000000E-02
    0.7901000000000       6.0000000000000E-02
    0.7902000000000       6.0000000000000E-02
    0.7903000000000       6.0000000000000E-02
    0.7904000000000       6.0000000000000E-02
    0.7905000000000       6.0000000000000E-02
    0.7906000000000       6.0000000000000E-02
    0.7907000000000       6.0000000000000E-02
    0.7908000000000       6.0000000000000E-02
    0.7909000000000       6.0000000000000E-02
    0.7910000000000       6.0000000000000E-02
    0.7911000000000       6.0000000000000E-02
    0.7912000000000       6.0000000000000E-02
    0.7913000000000       6.0000000000000E-02
    0.7914000000000       6.0000000000000E-02
    0.7915000000000       6.0000000000000E-02
    0.7916000000000       6.0000000000000E-02
    0.7917000000000       6.0000000000000E-02
    0.7918000000000       6.0000000000000E-02
    0.7919000000000       6.0000000000000E-02
    0.7920000000000       6.0000000000000E-02
    0.7921000000000       6.0000000000000E-02
    0.7922000000000       6.0000000000000E-02
    0.7923000000000       6.0000000000000E-02
    0.7924000000000       6.0000000000000E-02
    0.7925000000000       6.0000000000000E-02
    0.7926000000000       6.0000000000000E-02
    0.7927000000000       6.0000000000000E-02
    0.7928000000000       6.0000000000000E-02
    0.7929000000000       6.0000000000000E-02
    0.7930000000000       6.0000000000000E-02
    0.7931000000000       6.0000000000000E-02
    0.7932000000000       6.0000000000000E-02
    0.7933000000000       6.0000000000000E-02
    0.7934000000000       6.0000000000000E-02
    0.7935000000000       6.0000000000000E-02
    0.7936000000000       6.0000000000000E-02
    0.7937000000000       6.0000000000000E-02
    0.7938000000000       6.0000000000000E-02
    0.7939000000000       6.0000000000000E-02
    0.7940000000000       6.0000000000000E-02
    0.7941000000000       6.0000000000000E-02
    0.7942000000000       6.0000000000000E-02
    0.7943000000000       6.0000000000000E-02
    0.7944000000000       6.0000000000000E-02
    0.7945000000000       6.0000000000000E-02
    0.7946000000000       6.0000000000000E-02
    0.7947000000000       6.0000000000000E-02
    0.7948000000000       6.0000000000000E-02
    0.7949000000000       6.0000000000000E-02
    0.7950000000000       6.0000000000000E-02
    0.7951000000000       6.0000000000000E-02
    0.7952000000000       6.0000000000000E-02
    0.7953000000000       6.0000000000000E-02
    0.7954000000000       6.0000000000000E-02
    0.7955000000000       6.0000000000000E-02
    0.7956000000000       6.0000000000000E-02
    0.7957000000000       6.0000000000000E-02
    0.7958000000000       6.0000000000000E-02
    0.7959000000000       6.0000000000000E-02
    0.7960000000000       6.0000000000000E-02
    0.7961000000000       6.0000000000000E-02
    0.7962000000000       6.0000000000000E-02
    0.7963000000000       6.0000000000000E-02
    0.7964000000000       6.0000000000000E-02
    0.7965000000000       6.0000000000000E-02
    0.7966000000000       6.0000000000000E-02
    0.7967000000000       6.0000000000000E-02
    0.7968000000000       6.0000000000000E-02
    0.7969000000000       6.0000000000000E-02
    0.7970000000000       6.0000000000000E-02
    0.7971000000000       6.0000000000000E-02
    0.7972000000000       6.0000000000000E-02
    0.7973000000000       6.0000000000000E-02
    0.7974000000000       6.0000000000000E-02
    0.7975000000000       6.0000000000000E-02
    0.7976000000000       6.0000000000000E-02
    0.7977000000000       6.0000000000000E-02
    0.7978000000000       6.0000000000000E-02
    0.7979000000000       6.0000000000000E-02
    0.7980000000000       6.0000000000000E-02
    0.7981000000000       6.0000000000000E-02
    0.7982000000000       6.0000000000000E-02
    0.7983000000000       6.0000000000000E-02
    0.7984000000000       6.0000000000000E-02
    0.7985000000000       6.0000000000000E-02
    0.7986000000000       6.0000000000000E-02
    0.7987000000000       6.0000000000000E-02
    0.7988000000000       6.0000000000000E-02
    0.7989000000000       6.0000000000000E-02
    0.7990000000000       6.0000000000000E-02
    0.7991000000000       6.0000000000000E-02
    0.7992000000000       6.0000000000000E-02
    0.7993000000000       6.0000000000000E-02
    0.7994000000000       6.0000000000000E-02
    0.7995000000000       6.0000000000000E-02
    0.7996000000000       6.0000000000000E-02
    0.7997000000000       6.0000000000000E-02
    0.7998000000000       6.0000000000000E-02
    0.7999000000000       6.0000000000000E-02
    0.8000000000000       6.0000000000000E-02
    0.8001000000000       6.0000000000000E-02
    0.8002000000000       6.0000000000000E-02
    0.8003000000000       6.0000000000000E-02
    0.8004000000000       6.0000000000000E-02
    0.8005000000000       6.0000000000000E-02
    0.8006000000000       6.0000000000000E-02
    0.8007000000000       6.0000000000000E-02
    0.8008000000000       6.0000000000000E-02
    0.8009000000000       6.0000000000000E-02
    0.8010000000000       6.0000000000000E-02
    0.8011000000000       6.0000000000000E-02
    0.8012000000000       6.0000000000000E-02
    0.8013000000000       6.0000000000000E-02
    0.8014000000000       6.0000000000000E-02
    0.8015000000000       6.0000000000000E-02
    0.8016000000000       6.0000000000000E-02
    0.8017000000000       6.0000000000000E-02
    0.8018000000000       6.0000000000000E-02
    0.8019000000000       6.0000000000000E-02
    0.8020000000000       6.0000000000000E-02
    0.8021000000000       6.0000000000000E-02
    0.8022000000000       6.0000000000000E-02
    0.8023000000000       6.0000000000000E-02
    0.8024000000000       6.0000000000000E-02
    0.8025000000000       6.0000000000000E-02
    0.8026000000000       6.0000000000000E-02
    0.8027000000000       6.0000000000000E-02
    0.8028000000000       6.0000000000000E-02
    0.8029000000000       6.0000000000000E-02
    0.8030000000000       6.0000000000000E-02
    0.8031000000000       6.0000000000000E-02
    0.8032000000000       6.0000000000000E-02
    0.8033000000000       6.0000000000000E-02
    0.8034000000000       6.0000000000000E-02
    0.8035000000000       6.0000000000000E-02
    0.8036000000000       6.0000000000000E-02
    0.8037000000000       6.0000000000000E-02
    0.8038000000000       6.0000000000000E-02
    0.8039000000000       6.0000000000000E-02
    0.8040000000000       6.0000000000000E-02
    0.8041000000000       6.0000000000000E-02
    0.8042000000000       6.0000000000000E-02
    0.8043000000000       6.0000000000000E-02
    0.8044000000000       6.0000000000000E-02
    0.8045000000000       6.0000000000000E-02
    0.8046000000000       6.0000000000000E-02
    0.8047000000000       6.0000000000000E-02
    0.8048000000000       6.0000000000000E-02
    0.8049000000000       6.0000000000000E-02
    0.8050000000000       6.0000000000000E-02
    0.8051000000000       6.0000000000000E-02
    0.8052000000000       6.0000000000000E-02
    0.8053000000000       6.0000000000000E-02
    0.8054000000000       6.0000000000000E-02
    0.8055000000000       6.0000000000000E-02
    0.8056000000000       6.0000000000000E-02
    0.8057000000000       6.0000000000000E-02
    0.8058000000000       6.0000000000000E-02
    0.8059000000000       6.0000000000000E-02
    0.8060000000000       6.0000000000000E-02
    0.8061000000000       6.0000000000000E-02
    0.8062000000000       6.0000000000000E-02
    0.8063000000000       6.0000000000000E-02
    0.8064000000000       6.0000000000000E-02
    0.8065000000000       6.0000000000000E-02
    0.8066000000000       6.0000000000000E-02
    0.8067000000000       6.0000000000000E-02
    0.8068000000000       6.0000000000000E-02
    0.8069000000000       6.0000000000000E-02
    0.8070000000000       6.0000000000000E-02
    0.8071000000000       6.0000000000000E-02
    0.8072000000000       6.0000000000000E-02
    0.8073000000000       6.0000000000000E-02
    0.8074000000000       6.0000000000000E-02
    0.8075000000000       6.0000000000000E-02
    0.8076000000000       6.0000000000000E-02
    0.8077000000000       6.0000000000000E-02
    0.8078000000000       6.0000000000000E-02
    0.8079000000000       6.0000000000000E-02
    0.8080000000000       6.0000000000000E-02
    0.8081000000000       6.0000000000000E-02
    0.8082000000000       6.0000000000000E-02
    0.8083000000000       6.0000000000000E-02
    0.8084000000000       6.0000000000000E-02
    0.8085000000000       6.0000000000000E-02
    0.8086000000000       6.0000000000000E-02
    0.8087000000000       6.0000000000000E-02
    0.8088000000000       6.0000000000000E-02
    0.8089000000000       6.0000000000000E-02
    0.8090000000000       6.0000000000000E-02
    0.8091000000000       6.0000000000000E-02
    0.8092000000000       6.0000000000000E-02
    0.8093000000000       6.0000000000000E-02
    0.8094000000000       6.0000000000000E-02
    0.8095000000000       6.0000000000000E-02
    0.8096000000000       6.0000000000000E-02
    0.8097000000000       6.0000000000000E-02
    0.8098000000000       6.0000000000000E-02
    0.8099000000000       6.0000000000000E-02
    0.8100000000000       6.0000000000000E-02
    0.8101000000000       6.0000000000000E-02
    0.8102000000000       6.0000000000000E-02
    0.8103000000000       6.0000000000000E-02
    0.8104000000000       6.0000000000000E-02
    0.8105000000000       6.0000000000000E-02
    0.8106000000000       6.0000000000000E-02
    0.8107000000000       6.0000000000000E-02
    0.8108000000000       6.0000000000000E-02
    0.8109000000000       6.0000000000000E-02
    0.8110000000000       6.0000000000000E-02
    0.8111000000000       6.0000000000000E-02
    0.8112000000000       6.0000000000000E-02
    0.8113000000000       6.0000000000000E-02
    0.8114000000000       6.0000000000000E-02
    0.8115000000000       6.0000000000000E-02
    0.8116000000000       6.0000000000000E-02
    0.8117000000000       6.0000000000000E-02
    0.8118000000000       6.0000000000000E-02
    0.8119000000000       6.0000000000000E-02
    0.8120000000000       6.0000000000000E-02
    0.8121000000000       6.0000000000000E-02
    0.8122000000000       6.0000000000000E-02
    0.8123000000000       6.0000000000000E-02
    0.8124000000000       6.0000000000000E-02
    0.8125000000000       6.0000000000000E-02
    0.8126000000000       6.0000000000000E-02
    0.8127000000000       6.0000000000000E-02
    0.8128000000000       6.0000000000000E-02
    0.8129000000000       6.0000000000000E-02
    0.8130000000000       6.0000000000000E-02
    0.8131000000000       6.0000000000000E-02
    0.8132000000000       6.0000000000000E-02
    0.8133000000000       6.0000000000000E-02
    0.8134000000000       6.0000000000000E-02
    0.8135000000000       6.0000000000000E-02
    0.8136000000000       6.0000000000000E-02
    0.8137000000000       6.0000000000000E-02
    0.8138000000000       6.0000000000000E-02
    0.8139000000000       6.0000000000000E-02
    0.8140000000000       6.0000000000000E-02
    0.8141000000000       6.0000000000000E-02
    0.8142000000000       6.0000000000000E-02
    0.8143000000000       6.0000000000000E-02
    0.8144000000000       6.0000000000000E-02
    0.8145000000000       6.0000000000000E-02
    0.8146000000000       6.0000000000000E-02
    0.8147000000000       6.0000000000000E-02
    0.8148000000000       6.0000000000000E-02
    0.8149000000000       6.0000000000000E-02
    0.8150000000000       6.0000000000000E-02
    0.8151000000000       6.0000000000000E-02
    0.8152000000000       6.0000000000000E-02
    0.8153000000000       6.0000000000000E-02
    0.8154000000000       6.0000000000000E-02
    0.8155000000000       6.0000000000000E-02
    0.8156000000000       6.0000000000000E-02
    0.8157000000000       6.0000000000000E-02
    0.8158000000000       6.0000000000000E-02
    0.8159000000000       6.0000000000000E-02
    0.8160000000000       6.0000000000000E-02
    0.8161000000000       6.0000000000000E-02
    0.8162000000000       6.0000000000000E-02
    0.8163000000000       6.0000000000000E-02
    0.8164000000000       6.0000000000000E-02
    0.8165000000000       6.0000000000000E-02
    0.8166000000000       6.0000000000000E-02
    0.8167000000000       6.0000000000000E-02
    0.8168000000000       6.0000000000000E-02
    0.8169000000000       6.0000000000000E-02
    0.8170000000000       6.0000000000000E-02
    0.8171000000000       6.0000000000000E-02
    0.8172000000000       6.0000000000000E-02
    0.8173000000000       6.0000000000000E-02
    0.8174000000000       6.0000000000000E-02
    0.8175000000000       6.0000000000000E-02
    0.8176000000000       6.0000000000000E-02
    0.8177000000000       6.0000000000000E-02
    0.8178000000000       6.0000000000000E-02
    0.8179000000000       6.0000000000000E-02
    0.8180000000000       6.0000000000000E-02
    0.8181000000000       6.0000000000000E-02
    0.8182000000000       6.0000000000000E-02
    0.8183000000000       6.0000000000000E-02
    0.8184000000000       6.0000000000000E-02
    0.8185000000000       6.0000000000000E-02
    0.8186000000000       6.0000000000000E-02
    0.8187000000000       6.0000000000000E-02
    0.8188000000000       6.0000000000000E-02
    0.8189000000000       6.0000000000000E-02
    0.8190000000000       6.0000000000000E-02
    0.8191000000000       6.0000000000000E-02
    0.8192000000000       6.0000000000000E-02
    0.8193000000000       6.0000000000000E-02
    0.8194000000000       6.0000000000000E-02
    0.8195000000000       6.0000000000000E-02
    0.8196000000000       6.0000000000000E-02
    0.8197000000000       6.0000000000000E-02
    0.8198000000000       6.0000000000000E-02
    0.8199000000000       6.0000000000000E-02
    0.8200000000000       6.0000000000000E-02
    0.8201000000000       6.0000000000000E-02
    0.8202000000000       6.0000000000000E-02
    0.8203000000000       6.0000000000000E-02
    0.8204000000000       6.0000000000000E-02
    0.8205000000000       6.0000000000000E-02
    0.8206000000000       6.0000000000000E-02
    0.8207000000000       6.0000000000000E-02
    0.8208000000000       6.0000000000000E-02
    0.8209000000000       6.0000000000000E-02
    0.8210000000000       6.0000000000000E-02
    0.8211000000000       6.0000000000000E-02
    0.8212000000000       6.0000000000000E-02
    0.8213000000000       6.0000000000000E-02
    0.8214000000000       6.0000000000000E-02
    0.8215000000000       6.0000000000000E-02
    0.8216000000000       6.0000000000000E-02
    0.8217000000000       6.0000000000000E-02
    0.8218000000000       6.0000000000000E-02
    0.8219000000000       6.0000000000000E-02
    0.8220000000000       6.0000000000000E-02
    0.8221000000000       6.0000000000000E-02
    0.8222000000000       6.0000000000000E-02
    0.8223000000000       6.0000000000000E-02
    0.8224000000000       6.0000000000000E-02
    0.8225000000000       6.0000000000000E-02
    0.8226000000000       6.0000000000000E-02
    0.8227000000000       6.0000000000000E-02
    0.8228000000000       6.0000000000000E-02
    0.8229000000000       6.0000000000000E-02
    0.8230000000000       6.0000000000000E-02
    0.8231000000000       6.0000000000000E-02
    0.8232000000000       6.0000000000000E-02
    0.8233000000000       6.0000000000000E-02
    0.8234000000000       6.0000000000000E-02
    0.8235000000000       6.0000000000000E-02
    0.8236000000000       6.0000000000000E-02
    0.8237000000000       6.0000000000000E-02
    0.8238000000000       6.0000000000000E-02
    0.8239000000000       6.0000000000000E-02
    0.8240000000000       6.0000000000000E-02
    0.8241000000000       6.0000000000000E-02
    0.8242000000000       6.0000000000000E-02
    0.8243000000000       6.0000000000000E-02
    0.8244000000000       6.0000000000000E-02
    0.8245000000000       6.0000000000000E-02
    0.8246000000000       6.0000000000000E-02
    0.8247000000000       6.0000000000000E-02
    0.8248000000000       6.0000000000000E-02
    0.8249000000000       6.0000000000000E-02
    0.8250000000000       6.0000000000000E-02
    0.8251000000000       6.0000000000000E-02
    0.8252000000000       6.0000000000000E-02
    0.8253000000000       6.0000000000000E-02
    0.8254000000000       6.0000000000000E-02
    0.8255000000000       6.0000000000000E-02
    0.8256000000000       6.0000000000000E-02
    0.8257000000000       6.0000000000000E-02
    0.8258000000000       6.0000000000000E-02
    0.8259000000000       6.0000000000000E-02
    0.8260000000000       6.0000000000000E-02
    0.8261000000000       6.0000000000000E-02
    0.8262000000000       6.0000000000000E-02
    0.8263000000000       6.0000000000000E-02
    0.8264000000000       6.0000000000000E-02
    0.8265000000000       6.0000000000000E-02
    0.8266000000000       6.0000000000000E-02
    0.8267000000000       6.0000000000000E-02
    0.8268000000000       6.0000000000000E-02
    0.8269000000000       6.0000000000000E-02
    0.8270000000000       6.0000000000000E-02
    0.8271000000000       6.0000000000000E-02
    0.8272000000000       6.0000000000000E-02
    0.8273000000000       6.0000000000000E-02
    0.8274000000000       6.0000000000000E-02
    0.8275000000000       6.0000000000000E-02
    0.8276000000000       6.0000000000000E-02
    0.8277000000000       6.0000000000000E-02
    0.8278000000000       6.0000000000000E-02
    0.8279000000000       6.0000000000000E-02
    0.8280000000000       6.0000000000000E-02
    0.8281000000000       6.0000000000000E-02
    0.8282000000000       6.0000000000000E-02
    0.8283000000000       6.0000000000000E-02
    0.8284000000000       6.0000000000000E-02
    0.8285000000000       6.0000000000000E-02
    0.8286000000000       6.0000000000000E-02
    0.8287000000000       6.0000000000000E-02
    0.8288000000000       6.0000000000000E-02
    0.8289000000000       6.0000000000000E-02
    0.8290000000000       6.0000000000000E-02
    0.8291000000000       6.0000000000000E-02
    0.8292000000000       6.0000000000000E-02
    0.8293000000000       6.0000000000000E-02
    0.8294000000000       6.0000000000000E-02
    0.8295000000000       6.0000000000000E-02
    0.8296000000000       6.0000000000000E-02
    0.8297000000000       6.0000000000000E-02
    0.8298000000000       6.0000000000000E-02
    0.8299000000000       6.0000000000000E-02
    0.8300000000000       6.0000000000000E-02
    0.8301000000000       6.0000000000000E-02
    0.8302000000000       6.0000000000000E-02
    0.8303000000000       6.0000000000000E-02
    0.8304000000000       6.0000000000000E-02
    0.8305000000000       6.0000000000000E-02
    0.8306000000000       6.0000000000000E-02
    0.8307000000000       6.0000000000000E-02
    0.8308000000000       6.0000000000000E-02
    0.8309000000000       6.0000000000000E-02
    0.8310000000000       6.0000000000000E-02
    0.8311000000000       6.0000000000000E-02
    0.8312000000000       6.0000000000000E-02
    0.8313000000000       6.0000000000000E-02
    0.8314000000000       6.0000000000000E-02
    0.8315000000000       6.0000000000000E-02
    0.8316000000000       6.0000000000000E-02
    0.8317000000000       6.0000000000000E-02
    0.8318000000000       6.0000000000000E-02
    0.8319000000000       6.0000000000000E-02
    0.8320000000000       6.0000000000000E-02
    0.8321000000000       6.0000000000000E-02
    0.8322000000000       6.0000000000000E-02
    0.8323000000000       6.0000000000000E-02
    0.8324000000000       6.0000000000000E-02
    0.8325000000000       6.0000000000000E-02
    0.8326000000000       6.0000000000000E-02
    0.8327000000000       6.0000000000000E-02
    0.8328000000000       6.0000000000000E-02
    0.8329000000000       6.0000000000000E-02
    0.8330000000000       6.0000000000000E-02
    0.8331000000000       6.0000000000000E-02
    0.8332000000000       6.0000000000000E-02
    0.8333000000000       6.0000000000000E-02
    0.8334000000000       6.0000000000000E-02
    0.8335000000000       6.0000000000000E-02
    0.8336000000000       6.0000000000000E-02
    0.8337000000000       6.0000000000000E-02
    0.8338000000000       6.0000000000000E-02
    0.8339000000000       6.0000000000000E-02
    0.8340000000000       6.0000000000000E-02
    0.8341000000000       6.0000000000000E-02
    0.8342000000000       6.0000000000000E-02
    0.8343000000000       6.0000000000000E-02
    0.8344000000000       6.0000000000000E-02
    0.8345000000000       6.0000000000000E-02
    0.8346000000000       6.0000000000000E-02
    0.8347000000000       6.0000000000000E-02
    0.8348000000000       6.0000000000000E-02
    0.8349000000000       6.0000000000000E-02
    0.8350000000000       6.0000000000000E-02
    0.8351000000000       6.0000000000000E-02
    0.8352000000000       6.0000000000000E-02
    0.8353000000000       6.0000000000000E-02
    0.8354000000000       6.0000000000000E-02
    0.8355000000000       6.0000000000000E-02
    0.8356000000000       6.0000000000000E-02
    0.8357000000000       6.0000000000000E-02
    0.8358000000000       6.0000000000000E-02
    0.8359000000000       6.0000000000000E-02
    0.8360000000000       6.0000000000000E-02
    0.8361000000000       6.0000000000000E-02
    0.8362000000000       6.0000000000000E-02
    0.8363000000000       6.0000000000000E-02
    0.8364000000000       6.0000000000000E-02
    0.8365000000000       6.0000000000000E-02
    0.8366000000000       6.0000000000000E-02
    0.8367000000000       6.0000000000000E-02
    0.8368000000000       6.0000000000000E-02
    0.8369000000000       6.0000000000000E-02
    0.8370000000000       6.0000000000000E-02
    0.8371000000000       6.0000000000000E-02
    0.8372000000000       6.0000000000000E-02
    0.8373000000000       6.0000000000000E-02
    0.8374000000000       6.0000000000000E-02
    0.8375000000000       6.0000000000000E-02
    0.8376000000000       6.0000000000000E-02
    0.8377000000000       6.0000000000000E-02
    0.8378000000000       6.0000000000000E-02
    0.8379000000000       6.0000000000000E-02
    0.8380000000000       6.0000000000000E-02
    0.8381000000000       6.0000000000000E-02
    0.8382000000000       6.0000000000000E-02
    0.8383000000000       6.0000000000000E-02
    0.8384000000000       6.0000000000000E-02
    0.8385000000000       6.0000000000000E-02
    0.8386000000000       6.0000000000000E-02
    0.8387000000000       6.0000000000000E-02
    0.8388000000000       6.0000000000000E-02
    0.8389000000000       6.0000000000000E-02
    0.8390000000000       6.0000000000000E-02
    0.8391000000000       6.0000000000000E-02
    0.8392000000000       6.0000000000000E-02
    0.8393000000000       6.0000000000000E-02
    0.8394000000000       6.0000000000000E-02
    0.8395000000000       6.0000000000000E-02
    0.8396000000000       6.0000000000000E-02
    0.8397000000000       6.0000000000000E-02
    0.8398000000000       6.0000000000000E-02
    0.8399000000000       6.0000000000000E-02
    0.8400000000000       6.0000000000000E-02
    0.8401000000000       6.0000000000000E-02
    0.8402000000000       6.0000000000000E-02
    0.8403000000000       6.0000000000000E-02
    0.8404000000000       6.0000000000000E-02
    0.8405000000000       6.0000000000000E-02
    0.8406000000000       6.0000000000000E-02
    0.8407000000000       6.0000000000000E-02
    0.8408000000000       6.0000000000000E-02
    0.8409000000000       6.0000000000000E-02
    0.8410000000000       6.0000000000000E-02
    0.8411000000000       6.0000000000000E-02
    0.8412000000000       6.0000000000000E-02
    0.8413000000000       6.0000000000000E-02
    0.8414000000000       6.0000000000000E-02
    0.8415000000000       6.0000000000000E-02
    0.8416000000000       6.0000000000000E-02
    0.8417000000000       6.0000000000000E-02
    0.8418000000000       6.0000000000000E-02
    0.8419000000000       6.0000000000000E-02
    0.8420000000000       6.0000000000000E-02
    0.8421000000000       6.0000000000000E-02
    0.8422000000000       6.0000000000000E-02
    0.8423000000000       6.0000000000000E-02
    0.8424000000000       6.0000000000000E-02
    0.8425000000000       6.0000000000000E-02
    0.8426000000000       6.0000000000000E-02
    0.8427000000000       6.0000000000000E-02
    0.8428000000000       6.0000000000000E-02
    0.8429000000000       6.0000000000000E-02
    0.8430000000000       6.0000000000000E-02
    0.8431000000000       6.0000000000000E-02
    0.8432000000000       6.0000000000000E-02
    0.8433000000000       6.0000000000000E-02
    0.8434000000000       6.0000000000000E-02
    0.8435000000000       6.0000000000000E-02
    0.8436000000000       6.0000000000000E-02
    0.8437000000000       6.0000000000000E-02
    0.8438000000000       6.0000000000000E-02
    0.8439000000000       6.0000000000000E-02
    0.8440000000000       6.0000000000000E-02
    0.8441000000000       6.0000000000000E-02
    0.8442000000000       6.0000000000000E-02
    0.8443000000000       6.0000000000000E-02
    0.8444000000000       6.0000000000000E-02
    0.8445000000000       6.0000000000000E-02
    0.8446000000000       6.0000000000000E-02
    0.8447000000000       6.0000000000000E-02
    0.8448000000000       6.0000000000000E-02
    0.8449000000000       6.0000000000000E-02
    0.8450000000000       6.0000000000000E-02
    0.8451000000000       6.0000000000000E-02
    0.8452000000000       6.0000000000000E-02
    0.8453000000000       6.0000000000000E-02
    0.8454000000000       6.0000000000000E-02
    0.8455000000000       6.0000000000000E-02
    0.8456000000000       6.0000000000000E-02
    0.8457000000000       6.0000000000000E-02
    0.8458000000000       6.0000000000000E-02
    0.8459000000000       6.0000000000000E-02
    0.8460000000000       6.0000000000000E-02
    0.8461000000000       6.0000000000000E-02
    0.8462000000000       6.0000000000000E-02
    0.8463000000000       6.0000000000000E-02
    0.8464000000000       6.0000000000000E-02
    0.8465000000000       6.0000000000000E-02
    0.8466000000000       6.0000000000000E-02
    0.8467000000000       6.0000000000000E-02
    0.8468000000000       6.0000000000000E-02
    0.8469000000000       6.0000000000000E-02
    0.8470000000000       6.0000000000000E-02
    0.8471000000000       6.0000000000000E-02
    0.8472000000000       6.0000000000000E-02
    0.8473000000000       6.0000000000000E-02
    0.8474000000000       6.0000000000000E-02
    0.8475000000000       6.0000000000000E-02
    0.8476000000000       6.0000000000000E-02
    0.8477000000000       6.0000000000000E-02
    0.8478000000000       6.0000000000000E-02
    0.8479000000000       6.0000000000000E-02
    0.8480000000000       6.0000000000000E-02
    0.8481000000000       6.0000000000000E-02
    0.8482000000000       6.0000000000000E-02
    0.8483000000000       6.0000000000000E-02
    0.8484000000000       6.0000000000000E-02
    0.8485000000000       6.0000000000000E-02
    0.8486000000000       6.0000000000000E-02
    0.8487000000000       6.0000000000000E-02
    0.8488000000000       6.0000000000000E-02
    0.8489000000000       6.0000000000000E-02
    0.8490000000000       6.0000000000000E-02
    0.8491000000000       6.0000000000000E-02
    0.8492000000000       6.0000000000000E-02
    0.8493000000000       6.0000000000000E-02
    0.8494000000000       6.0000000000000E-02
    0.8495000000000       6.0000000000000E-02
    0.8496000000000       6.0000000000000E-02
    0.8497000000000       6.0000000000000E-02
    0.8498000000000       6.0000000000000E-02
    0.8499000000000       6.0000000000000E-02
    0.8500000000000       6.0000000000000E-02
    0.8501000000000       6.0000000000000E-02
    0.8502000000000       6.0000000000000E-02
    0.8503000000000       6.0000000000000E-02
    0.8504000000000       6.0000000000000E-02
    0.8505000000000       6.0000000000000E-02
    0.8506000000000       6.0000000000000E-02
    0.8507000000000       6.0000000000000E-02
    0.8508000000000       6.0000000000000E-02
    0.8509000000000       6.0000000000000E-02
    0.8510000000000       6.0000000000000E-02
    0.8511000000000       6.0000000000000E-02
    0.8512000000000       6.0000000000000E-02
    0.8513000000000       6.0000000000000E-02
    0.8514000000000       6.0000000000000E-02
    0.8515000000000       6.0000000000000E-02
    0.8516000000000       6.0000000000000E-02
    0.8517000000000       6.0000000000000E-02
    0.8518000000000       6.0000000000000E-02
    0.8519000000000       6.0000000000000E-02
    0.8520000000000       6.0000000000000E-02
    0.8521000000000       6.0000000000000E-02
    0.8522000000000       6.0000000000000E-02
    0.8523000000000       6.0000000000000E-02
    0.8524000000000       6.0000000000000E-02
    0.8525000000000       6.0000000000000E-02
    0.8526000000000       6.0000000000000E-02
    0.8527000000000       6.0000000000000E-02
    0.8528000000000       6.0000000000000E-02
    0.8529000000000       6.0000000000000E-02
    0.8530000000000       6.0000000000000E-02
    0.8531000000000       6.0000000000000E-02
    0.8532000000000       6.0000000000000E-02
    0.8533000000000       6.0000000000000E-02
    0.8534000000000       6.0000000000000E-02
    0.8535000000000       6.0000000000000E-02
    0.8536000000000       6.0000000000000E-02
    0.8537000000000       6.0000000000000E-02
    0.8538000000000       6.0000000000000E-02
    0.8539000000000       6.0000000000000E-02
    0.8540000000000       6.0000000000000E-02
    0.8541000000000       6.0000000000000E-02
    0.8542000000000       6.0000000000000E-02
    0.8543000000000       6.0000000000000E-02
    0.8544000000000       6.0000000000000E-02
    0.8545000000000       6.0000000000000E-02
    0.8546000000000       6.0000000000000E-02
    0.8547000000000       6.0000000000000E-02
    0.8548000000000       6.0000000000000E-02
    0.8549000000000       6.0000000000000E-02
    0.8550000000000       6.0000000000000E-02
    0.8551000000000       6.0000000000000E-02
    0.8552000000000       6.0000000000000E-02
    0.8553000000000       6.0000000000000E-02
    0.8554000000000       6.0000000000000E-02
    0.8555000000000       6.0000000000000E-02
    0.8556000000000       6.0000000000000E-02
    0.8557000000000       6.0000000000000E-02
    0.8558000000000       6.0000000000000E-02
    0.8559000000000       6.0000000000000E-02
    0.8560000000000       6.0000000000000E-02
    0.8561000000000       6.0000000000000E-02
    0.8562000000000       6.0000000000000E-02
    0.8563000000000       6.0000000000000E-02
    0.8564000000000       6.0000000000000E-02
    0.8565000000000       6.0000000000000E-02
    0.8566000000000       6.0000000000000E-02
    0.8567000000000       6.0000000000000E-02
    0.8568000000000       6.0000000000000E-02
    0.8569000000000       6.0000000000000E-02
    0.8570000000000       6.0000000000000E-02
    0.8571000000000       6.0000000000000E-02
    0.8572000000000       6.0000000000000E-02
    0.8573000000000       6.0000000000000E-02
    0.8574000000000       6.0000000000000E-02
    0.8575000000000       6.0000000000000E-02
    0.8576000000000       6.0000000000000E-02
    0.8577000000000       6.0000000000000E-02
    0.8578000000000       6.0000000000000E-02
    0.8579000000000       6.0000000000000E-02
    0.8580000000000       6.0000000000000E-02
    0.8581000000000       6.0000000000000E-02
    0.8582000000000       6.0000000000000E-02
    0.8583000000000       6.0000000000000E-02
    0.8584000000000       6.0000000000000E-02
    0.8585000000000       6.0000000000000E-02
    0.8586000000000       6.0000000000000E-02
    0.8587000000000       6.0000000000000E-02
    0.8588000000000       6.0000000000000E-02
    0.8589000000000       6.0000000000000E-02
    0.8590000000000       6.0000000000000E-02
    0.8591000000000       6.0000000000000E-02
    0.8592000000000       6.0000000000000E-02
    0.8593000000000       6.0000000000000E-02
    0.8594000000000       6.0000000000000E-02
    0.8595000000000       6.0000000000000E-02
    0.8596000000000       6.0000000000000E-02
    0.8597000000000       6.0000000000000E-02
    0.8598000000000       6.0000000000000E-02
    0.8599000000000       6.0000000000000E-02
    0.8600000000000       6.0000000000000E-02
    0.8601000000000       6.0000000000000E-02
    0.8602000000000       6.0000000000000E-02
    0.8603000000000       6.0000000000000E-02
    0.8604000000000       6.0000000000000E-02
    0.8605000000000       6.0000000000000E-02
    0.8606000000000       6.0000000000000E-02
    0.8607000000000       6.0000000000000E-02
    0.8608000000000       6.0000000000000E-02
    0.8609000000000       6.0000000000000E-02
    0.8610000000000       6.0000000000000E-02
    0.8611000000000       6.0000000000000E-02
    0.8612000000000       6.0000000000000E-02
    0.8613000000000       6.0000000000000E-02
    0.8614000000000       6.0000000000000E-02
    0.8615000000000       6.0000000000000E-02
    0.8616000000000       6.0000000000000E-02
    0.8617000000000       6.0000000000000E-02
    0.8618000000000       6.0000000000000E-02
    0.8619000000000       6.0000000000000E-02
    0.8620000000000       6.0000000000000E-02
    0.8621000000000       6.0000000000000E-02
    0.8622000000000       6.0000000000000E-02
    0.8623000000000       6.0000000000000E-02
    0.8624000000000       6.0000000000000E-02
    0.8625000000000       6.0000000000000E-02
    0.8626000000000       6.0000000000000E-02
    0.8627000000000       6.0000000000000E-02
    0.8628000000000       6.0000000000000E-02
    0.8629000000000       6.0000000000000E-02
    0.8630000000000       6.0000000000000E-02
    0.8631000000000       6.0000000000000E-02
    0.8632000000000       6.0000000000000E-02
    0.8633000000000       6.0000000000000E-02
    0.8634000000000       6.0000000000000E-02
    0.8635000000000       6.0000000000000E-02
    0.8636000000000       6.0000000000000E-02
    0.8637000000000       6.0000000000000E-02
    0.8638000000000       6.0000000000000E-02
    0.8639000000000       6.0000000000000E-02
    0.8640000000000       6.0000000000000E-02
    0.8641000000000       6.0000000000000E-02
    0.8642000000000       6.0000000000000E-02
    0.8643000000000       6.0000000000000E-02
    0.8644000000000       6.0000000000000E-02
    0.8645000000000       6.0000000000000E-02
    0.8646000000000       6.0000000000000E-02
    0.8647000000000       6.0000000000000E-02
    0.8648000000000       6.0000000000000E-02
    0.8649000000000       6.0000000000000E-02
    0.8650000000000       6.0000000000000E-02
    0.8651000000000       6.0000000000000E-02
    0.8652000000000       6.0000000000000E-02
    0.8653000000000       6.0000000000000E-02
    0.8654000000000       6.0000000000000E-02
    0.8655000000000       6.0000000000000E-02
    0.8656000000000       6.0000000000000E-02
    0.8657000000000       6.0000000000000E-02
    0.8658000000000       6.0000000000000E-02
    0.8659000000000       6.0000000000000E-02
    0.8660000000000       6.0000000000000E-02
    0.8661000000000       6.0000000000000E-02
    0.8662000000000       6.0000000000000E-02
    0.8663000000000       6.0000000000000E-02
    0.8664000000000       6.0000000000000E-02
    0.8665000000000       6.0000000000000E-02
    0.8666000000000       6.0000000000000E-02
    0.8667000000000       6.0000000000000E-02
    0.8668000000000       6.0000000000000E-02
    0.8669000000000       6.0000000000000E-02
    0.8670000000000       6.0000000000000E-02
    0.8671000000000       6.0000000000000E-02
    0.8672000000000       6.0000000000000E-02
    0.8673000000000       6.0000000000000E-02
    0.8674000000000       6.0000000000000E-02
    0.8675000000000       6.0000000000000E-02
    0.8676000000000       6.0000000000000E-02
    0.8677000000000       6.0000000000000E-02
    0.8678000000000       6.0000000000000E-02
    0.8679000000000       6.0000000000000E-02
    0.8680000000000       6.0000000000000E-02
    0.8681000000000       6.0000000000000E-02
    0.8682000000000       6.0000000000000E-02
    0.8683000000000       6.0000000000000E-02
    0.8684000000000       6.0000000000000E-02
    0.8685000000000       6.0000000000000E-02
    0.8686000000000       6.0000000000000E-02
    0.8687000000000       6.0000000000000E-02
    0.8688000000000       6.0000000000000E-02
    0.8689000000000       6.0000000000000E-02
    0.8690000000000       6.0000000000000E-02
    0.8691000000000       6.0000000000000E-02
    0.8692000000000       6.0000000000000E-02
    0.8693000000000       6.0000000000000E-02
    0.8694000000000       6.0000000000000E-02
    0.8695000000000       6.0000000000000E-02
    0.8696000000000       6.0000000000000E-02
    0.8697000000000       6.0000000000000E-02
    0.8698000000000       6.0000000000000E-02
    0.8699000000000       6.0000000000000E-02
    0.8700000000000       6.0000000000000E-02
    0.8701000000000       6.0000000000000E-02
    0.8702000000000       6.0000000000000E-02
    0.8703000000000       6.0000000000000E-02
    0.8704000000000       6.0000000000000E-02
    0.8705000000000       6.0000000000000E-02
    0.8706000000000       6.0000000000000E-02
    0.8707000000000       6.0000000000000E-02
    0.8708000000000       6.0000000000000E-02
    0.8709000000000       6.0000000000000E-02
    0.8710000000000       6.0000000000000E-02
    0.8711000000000       6.0000000000000E-02
    0.8712000000000       6.0000000000000E-02
    0.8713000000000       6.0000000000000E-02
    0.8714000000000       6.0000000000000E-02
    0.8715000000000       6.0000000000000E-02
    0.8716000000000       6.0000000000000E-02
    0.8717000000000       6.0000000000000E-02
    0.8718000000000       6.0000000000000E-02
    0.8719000000000       6.0000000000000E-02
    0.8720000000000       6.0000000000000E-02
    0.8721000000000       6.0000000000000E-02
    0.8722000000000       6.0000000000000E-02
    0.8723000000000       6.0000000000000E-02
    0.8724000000000       6.0000000000000E-02
    0.8725000000000       6.0000000000000E-02
    0.8726000000000       6.0000000000000E-02
    0.8727000000000       6.0000000000000E-02
    0.8728000000000       6.0000000000000E-02
    0.8729000000000       6.0000000000000E-02
    0.8730000000000       6.0000000000000E-02
    0.8731000000000       6.0000000000000E-02
    0.8732000000000       6.0000000000000E-02
    0.8733000000000       6.0000000000000E-02
    0.8734000000000       6.0000000000000E-02
    0.8735000000000       6.0000000000000E-02
    0.8736000000000       6.0000000000000E-02
    0.8737000000000       6.0000000000000E-02
    0.8738000000000       6.0000000000000E-02
    0.8739000000000       6.0000000000000E-02
    0.8740000000000       6.0000000000000E-02
    0.8741000000000       6.0000000000000E-02
    0.8742000000000       6.0000000000000E-02
    0.8743000000000       6.0000000000000E-02
    0.8744000000000       6.0000000000000E-02
    0.8745000000000       6.0000000000000E-02
    0.8746000000000       6.0000000000000E-02
    0.8747000000000       6.0000000000000E-02
    0.8748000000000       6.0000000000000E-02
    0.8749000000000       6.0000000000000E-02
    0.8750000000000       6.0000000000000E-02
    0.8751000000000       6.0000000000000E-02
    0.8752000000000       6.0000000000000E-02
    0.8753000000000       6.0000000000000E-02
    0.8754000000000       6.0000000000000E-02
    0.8755000000000       6.0000000000000E-02
    0.8756000000000       6.0000000000000E-02
    0.8757000000000       6.0000000000000E-02
    0.8758000000000       6.0000000000000E-02
    0.8759000000000       6.0000000000000E-02
    0.8760000000000       6.0000000000000E-02
    0.8761000000000       6.0000000000000E-02
    0.8762000000000       6.0000000000000E-02
    0.8763000000000       6.0000000000000E-02
    0.8764000000000       6.0000000000000E-02
    0.8765000000000       6.0000000000000E-02
    0.8766000000000       6.0000000000000E-02
    0.8767000000000       6.0000000000000E-02
    0.8768000000000       6.0000000000000E-02
    0.8769000000000       6.0000000000000E-02
    0.8770000000000       6.0000000000000E-02
    0.8771000000000       6.0000000000000E-02
    0.8772000000000       6.0000000000000E-02
    0.8773000000000       6.0000000000000E-02
    0.8774000000000       6.0000000000000E-02
    0.8775000000000       6.0000000000000E-02
    0.8776000000000       6.0000000000000E-02
    0.8777000000000       6.0000000000000E-02
    0.8778000000000       6.0000000000000E-02
    0.8779000000000       6.0000000000000E-02
    0.8780000000000       6.0000000000000E-02
    0.8781000000000       6.0000000000000E-02
    0.8782000000000       6.0000000000000E-02
    0.8783000000000       6.0000000000000E-02
    0.8784000000000       6.0000000000000E-02
    0.8785000000000       6.0000000000000E-02
    0.8786000000000       6.0000000000000E-02
    0.8787000000000       6.0000000000000E-02
    0.8788000000000       6.0000000000000E-02
    0.8789000000000       6.0000000000000E-02
    0.8790000000000       6.0000000000000E-02
    0.8791000000000       6.0000000000000E-02
    0.8792000000000       6.0000000000000E-02
    0.8793000000000       6.0000000000000E-02
    0.8794000000000       6.0000000000000E-02
    0.8795000000000       6.0000000000000E-02
    0.8796000000000       6.0000000000000E-02
    0.8797000000000       6.0000000000000E-02
    0.8798000000000       6.0000000000000E-02
    0.8799000000000       6.0000000000000E-02
    0.8800000000000       6.0000000000000E-02
    0.8801000000000       6.0000000000000E-02
    0.8802000000000       6.0000000000000E-02
    0.8803000000000       6.0000000000000E-02
    0.8804000000000       6.0000000000000E-02
    0.8805000000000       6.0000000000000E-02
    0.8806000000000       6.0000000000000E-02
    0.8807000000000       6.0000000000000E-02
    0.8808000000000       6.0000000000000E-02
    0.8809000000000       6.0000000000000E-02
    0.8810000000000       6.0000000000000E-02
    0.8811000000000       6.0000000000000E-02
    0.8812000000000       6.0000000000000E-02
    0.8813000000000       6.0000000000000E-02
    0.8814000000000       6.0000000000000E-02
    0.8815000000000       6.0000000000000E-02
    0.8816000000000       6.0000000000000E-02
    0.8817000000000       6.0000000000000E-02
    0.8818000000000       6.0000000000000E-02
    0.8819000000000       6.0000000000000E-02
    0.8820000000000       6.0000000000000E-02
    0.8821000000000       6.0000000000000E-02
    0.8822000000000       6.0000000000000E-02
    0.8823000000000       6.0000000000000E-02
    0.8824000000000       6.0000000000000E-02
    0.8825000000000       6.0000000000000E-02
    0.8826000000000       6.0000000000000E-02
    0.8827000000000       6.0000000000000E-02
    0.8828000000000       6.0000000000000E-02
    0.8829000000000       6.0000000000000E-02
    0.8830000000000       6.0000000000000E-02
    0.8831000000000       6.0000000000000E-02
    0.8832000000000       6.0000000000000E-02
    0.8833000000000       6.0000000000000E-02
    0.8834000000000       6.0000000000000E-02
    0.8835000000000       6.0000000000000E-02
    0.8836000000000       6.0000000000000E-02
    0.8837000000000       6.0000000000000E-02
    0.8838000000000       6.0000000000000E-02
    0.8839000000000       6.0000000000000E-02
    0.8840000000000       6.0000000000000E-02
    0.8841000000000       6.0000000000000E-02
    0.8842000000000       6.0000000000000E-02
    0.8843000000000       6.0000000000000E-02
    0.8844000000000       6.0000000000000E-02
    0.8845000000000       6.0000000000000E-02
    0.8846000000000       6.0000000000000E-02
    0.8847000000000       6.0000000000000E-02
    0.8848000000000       6.0000000000000E-02
    0.8849000000000       6.0000000000000E-02
    0.8850000000000       6.0000000000000E-02
    0.8851000000000       6.0000000000000E-02
    0.8852000000000       6.0000000000000E-02
    0.8853000000000       6.0000000000000E-02
    0.8854000000000       6.0000000000000E-02
    0.8855000000000       6.0000000000000E-02
    0.8856000000000       6.0000000000000E-02
    0.8857000000000       6.0000000000000E-02
    0.8858000000000       6.0000000000000E-02
    0.8859000000000       6.0000000000000E-02
    0.8860000000000       6.0000000000000E-02
    0.8861000000000       6.0000000000000E-02
    0.8862000000000       6.0000000000000E-02
    0.8863000000000       6.0000000000000E-02
    0.8864000000000       6.0000000000000E-02
    0.8865000000000       6.0000000000000E-02
    0.8866000000000       6.0000000000000E-02
    0.8867000000000       6.0000000000000E-02
    0.8868000000000       6.0000000000000E-02
    0.8869000000000       6.0000000000000E-02
    0.8870000000000       6.0000000000000E-02
    0.8871000000000       6.0000000000000E-02
    0.8872000000000       6.0000000000000E-02
    0.8873000000000       6.0000000000000E-02
    0.8874000000000       6.0000000000000E-02
    0.8875000000000       6.0000000000000E-02
    0.8876000000000       6.0000000000000E-02
    0.8877000000000       6.0000000000000E-02
    0.8878000000000       6.0000000000000E-02
    0.8879000000000       6.0000000000000E-02
    0.8880000000000       6.0000000000000E-02
    0.8881000000000       6.0000000000000E-02
    0.8882000000000       6.0000000000000E-02
    0.8883000000000       6.0000000000000E-02
    0.8884000000000       6.0000000000000E-02
    0.8885000000000       6.0000000000000E-02
    0.8886000000000       6.0000000000000E-02
    0.8887000000000       6.0000000000000E-02
    0.8888000000000       6.0000000000000E-02
    0.8889000000000       6.0000000000000E-02
    0.8890000000000       6.0000000000000E-02
    0.8891000000000       6.0000000000000E-02
    0.8892000000000       6.0000000000000E-02
    0.8893000000000       6.0000000000000E-02
    0.8894000000000       6.0000000000000E-02
    0.8895000000000       6.0000000000000E-02
    0.8896000000000       6.0000000000000E-02
    0.8897000000000       6.0000000000000E-02
    0.8898000000000       6.0000000000000E-02
    0.8899000000000       6.0000000000000E-02
    0.8900000000000       6.0000000000000E-02
    0.8901000000000       6.0000000000000E-02
    0.8902000000000       6.0000000000000E-02
    0.8903000000000       6.0000000000000E-02
    0.8904000000000       6.0000000000000E-02
    0.8905000000000       6.0000000000000E-02
    0.8906000000000       6.0000000000000E-02
    0.8907000000000       6.0000000000000E-02
    0.8908000000000       6.0000000000000E-02
    0.8909000000000       6.0000000000000E-02
    0.8910000000000       6.0000000000000E-02
    0.8911000000000       6.0000000000000E-02
    0.8912000000000       6.0000000000000E-02
    0.8913000000000       6.0000000000000E-02
    0.8914000000000       6.0000000000000E-02
    0.8915000000000       6.0000000000000E-02
    0.8916000000000       6.0000000000000E-02
    0.8917000000000       6.0000000000000E-02
    0.8918000000000       6.0000000000000E-02
    0.8919000000000       6.0000000000000E-02
    0.8920000000000       6.0000000000000E-02
    0.8921000000000       6.0000000000000E-02
    0.8922000000000       6.0000000000000E-02
    0.8923000000000       6.0000000000000E-02
    0.8924000000000       6.0000000000000E-02
    0.8925000000000       6.0000000000000E-02
    0.8926000000000       6.0000000000000E-02
    0.8927000000000       6.0000000000000E-02
    0.8928000000000       6.0000000000000E-02
    0.8929000000000       6.0000000000000E-02
    0.8930000000000       6.0000000000000E-02
    0.8931000000000       6.0000000000000E-02
    0.8932000000000       6.0000000000000E-02
    0.8933000000000       6.0000000000000E-02
    0.8934000000000       6.0000000000000E-02
    0.8935000000000       6.0000000000000E-02
    0.8936000000000       6.0000000000000E-02
    0.8937000000000       6.0000000000000E-02
    0.8938000000000       6.0000000000000E-02
    0.8939000000000       6.0000000000000E-02
    0.8940000000000       6.0000000000000E-02
    0.8941000000000       6.0000000000000E-02
    0.8942000000000       6.0000000000000E-02
    0.8943000000000       6.0000000000000E-02
    0.8944000000000       6.0000000000000E-02
    0.8945000000000       6.0000000000000E-02
    0.8946000000000       6.0000000000000E-02
    0.8947000000000       6.0000000000000E-02
    0.8948000000000       6.0000000000000E-02
    0.8949000000000       6.0000000000000E-02
    0.8950000000000       6.0000000000000E-02
    0.8951000000000       6.0000000000000E-02
    0.8952000000000       6.0000000000000E-02
    0.8953000000000       6.0000000000000E-02
    0.8954000000000       6.0000000000000E-02
    0.8955000000000       6.0000000000000E-02
    0.8956000000000       6.0000000000000E-02
    0.8957000000000       6.0000000000000E-02
    0.8958000000000       6.0000000000000E-02
    0.8959000000000       6.0000000000000E-02
    0.8960000000000       6.0000000000000E-02
    0.8961000000000       6.0000000000000E-02
    0.8962000000000       6.0000000000000E-02
    0.8963000000000       6.0000000000000E-02
    0.8964000000000       6.0000000000000E-02
    0.8965000000000       6.0000000000000E-02
    0.8966000000000       6.0000000000000E-02
    0.8967000000000       6.0000000000000E-02
    0.8968000000000       6.0000000000000E-02
    0.8969000000000       6.0000000000000E-02
    0.8970000000000       6.0000000000000E-02
    0.8971000000000       6.0000000000000E-02
    0.8972000000000       6.0000000000000E-02
    0.8973000000000       6.0000000000000E-02
    0.8974000000000       6.0000000000000E-02
    0.8975000000000       6.0000000000000E-02
    0.8976000000000       6.0000000000000E-02
    0.8977000000000       6.0000000000000E-02
    0.8978000000000       6.0000000000000E-02
    0.8979000000000       6.0000000000000E-02
    0.8980000000000       6.0000000000000E-02
    0.8981000000000       6.0000000000000E-02
    0.8982000000000       6.0000000000000E-02
    0.8983000000000       6.0000000000000E-02
    0.8984000000000       6.0000000000000E-02
    0.8985000000000       6.0000000000000E-02
    0.8986000000000       6.0000000000000E-02
    0.8987000000000       6.0000000000000E-02
    0.8988000000000       6.0000000000000E-02
    0.8989000000000       6.0000000000000E-02
    0.8990000000000       6.0000000000000E-02
    0.8991000000000       6.0000000000000E-02
    0.8992000000000       6.0000000000000E-02
    0.8993000000000       6.0000000000000E-02
    0.8994000000000       6.0000000000000E-02
    0.8995000000000       6.0000000000000E-02
    0.8996000000000       6.0000000000000E-02
    0.8997000000000       6.0000000000000E-02
    0.8998000000000       6.0000000000000E-02
    0.8999000000000       6.0000000000000E-02
    0.9000000000000       6.0000000000000E-02
    0.9001000000000       6.0000000000000E-02
    0.9002000000000       6.0000000000000E-02
    0.9003000000000       6.0000000000000E-02
    0.9004000000000       6.0000000000000E-02
    0.9005000000000       6.0000000000000E-02
    0.9006000000000       6.0000000000000E-02
    0.9007000000000       6.0000000000000E-02
    0.9008000000000       6.0000000000000E-02
    0.9009000000000       6.0000000000000E-02
    0.9010000000000       6.0000000000000E-02
    0.9011000000000       6.0000000000000E-02
    0.9012000000000       6.0000000000000E-02
    0.9013000000000       6.0000000000000E-02
    0.9014000000000       6.0000000000000E-02
    0.9015000000000       6.0000000000000E-02
    0.9016000000000       6.0000000000000E-02
    0.9017000000000       6.0000000000000E-02
    0.9018000000000       6.0000000000000E-02
    0.9019000000000       6.0000000000000E-02
    0.9020000000000       6.0000000000000E-02
    0.9021000000000       6.0000000000000E-02
    0.9022000000000       6.0000000000000E-02
    0.9023000000000       6.0000000000000E-02
    0.9024000000000       6.0000000000000E-02
    0.9025000000000       6.0000000000000E-02
    0.9026000000000       6.0000000000000E-02
    0.9027000000000       6.0000000000000E-02
    0.9028000000000       6.0000000000000E-02
    0.9029000000000       6.0000000000000E-02
    0.9030000000000       6.0000000000000E-02
    0.9031000000000       6.0000000000000E-02
    0.9032000000000       6.0000000000000E-02
    0.9033000000000       6.0000000000000E-02
    0.9034000000000       6.0000000000000E-02
    0.9035000000000       6.0000000000000E-02
    0.9036000000000       6.0000000000000E-02
    0.9037000000000       6.0000000000000E-02
    0.9038000000000       6.0000000000000E-02
    0.9039000000000       6.0000000000000E-02
    0.9040000000000       6.0000000000000E-02
    0.9041000000000       6.0000000000000E-02
    0.9042000000000       6.0000000000000E-02
    0.9043000000000       6.0000000000000E-02
    0.9044000000000       6.0000000000000E-02
    0.9045000000000       6.0000000000000E-02
    0.9046000000000       6.0000000000000E-02
    0.9047000000000       6.0000000000000E-02
    0.9048000000000       6.0000000000000E-02
    0.9049000000000       6.0000000000000E-02
    0.9050000000000       6.0000000000000E-02
    0.9051000000000       6.0000000000000E-02
    0.9052000000000       6.0000000000000E-02
    0.9053000000000       6.0000000000000E-02
    0.9054000000000       6.0000000000000E-02
    0.9055000000000       6.0000000000000E-02
    0.9056000000000       6.0000000000000E-02
    0.9057000000000       6.0000000000000E-02
    0.9058000000000       6.0000000000000E-02
    0.9059000000000       6.0000000000000E-02
    0.9060000000000       6.0000000000000E-02
    0.9061000000000       6.0000000000000E-02
    0.9062000000000       6.0000000000000E-02
    0.9063000000000       6.0000000000000E-02
    0.9064000000000       6.0000000000000E-02
    0.9065000000000       6.0000000000000E-02
    0.9066000000000       6.0000000000000E-02
    0.9067000000000       6.0000000000000E-02
    0.9068000000000       6.0000000000000E-02
    0.9069000000000       6.0000000000000E-02
    0.9070000000000       6.0000000000000E-02
    0.9071000000000       6.0000000000000E-02
    0.9072000000000       6.0000000000000E-02
    0.9073000000000       6.0000000000000E-02
    0.9074000000000       6.0000000000000E-02
    0.9075000000000       6.0000000000000E-02
    0.9076000000000       6.0000000000000E-02
    0.9077000000000       6.0000000000000E-02
    0.9078000000000       6.0000000000000E-02
    0.9079000000000       6.0000000000000E-02
    0.9080000000000       6.0000000000000E-02
    0.9081000000000       6.0000000000000E-02
    0.9082000000000       6.0000000000000E-02
    0.9083000000000       6.0000000000000E-02
    0.9084000000000       6.0000000000000E-02
    0.9085000000000       6.0000000000000E-02
    0.9086000000000       6.0000000000000E-02
    0.9087000000000       6.0000000000000E-02
    0.9088000000000       6.0000000000000E-02
    0.9089000000000       6.0000000000000E-02
    0.9090000000000       6.0000000000000E-02
    0.9091000000000       6.0000000000000E-02
    0.9092000000000       6.0000000000000E-02
    0.9093000000000       6.0000000000000E-02
    0.9094000000000       6.0000000000000E-02
    0.9095000000000       6.0000000000000E-02
    0.9096000000000       6.0000000000000E-02
    0.9097000000000       6.0000000000000E-02
    0.9098000000000       6.0000000000000E-02
    0.9099000000000       6.0000000000000E-02
    0.9100000000000       6.0000000000000E-02
    0.9101000000000       6.0000000000000E-02
    0.9102000000000       6.0000000000000E-02
    0.9103000000000       6.0000000000000E-02
    0.9104000000000       6.0000000000000E-02
    0.9105000000000       6.0000000000000E-02
    0.9106000000000       6.0000000000000E-02
    0.9107000000000       6.0000000000000E-02
    0.9108000000000       6.0000000000000E-02
    0.9109000000000       6.0000000000000E-02
    0.9110000000000       6.0000000000000E-02
    0.9111000000000       6.0000000000000E-02
    0.9112000000000       6.0000000000000E-02
    0.9113000000000       6.0000000000000E-02
    0.9114000000000       6.0000000000000E-02
    0.9115000000000       6.0000000000000E-02
    0.9116000000000       6.0000000000000E-02
    0.9117000000000       6.0000000000000E-02
    0.9118000000000       6.0000000000000E-02
    0.9119000000000       6.0000000000000E-02
    0.9120000000000       6.0000000000000E-02
    0.9121000000000       6.0000000000000E-02
    0.9122000000000       6.0000000000000E-02
    0.9123000000000       6.0000000000000E-02
    0.9124000000000       6.0000000000000E-02
    0.9125000000000       6.0000000000000E-02
    0.9126000000000       6.0000000000000E-02
    0.9127000000000       6.0000000000000E-02
    0.9128000000000       6.0000000000000E-02
    0.9129000000000       6.0000000000000E-02
    0.9130000000000       6.0000000000000E-02
    0.9131000000000       6.0000000000000E-02
    0.9132000000000       6.0000000000000E-02
    0.9133000000000       6.0000000000000E-02
    0.9134000000000       6.0000000000000E-02
    0.9135000000000       6.0000000000000E-02
    0.9136000000000       6.0000000000000E-02
    0.9137000000000       6.0000000000000E-02
    0.9138000000000       6.0000000000000E-02
    0.9139000000000       6.0000000000000E-02
    0.9140000000000       6.0000000000000E-02
    0.9141000000000       6.0000000000000E-02
    0.9142000000000       6.0000000000000E-02
    0.9143000000000       6.0000000000000E-02
    0.9144000000000       6.0000000000000E-02
    0.9145000000000       6.0000000000000E-02
    0.9146000000000       6.0000000000000E-02
    0.9147000000000       6.0000000000000E-02
    0.9148000000000       6.0000000000000E-02
    0.9149000000000       6.0000000000000E-02
    0.9150000000000       6.0000000000000E-02
    0.9151000000000       6.0000000000000E-02
    0.9152000000000       6.0000000000000E-02
    0.9153000000000       6.0000000000000E-02
    0.9154000000000       6.0000000000000E-02
    0.9155000000000       6.0000000000000E-02
    0.9156000000000       6.0000000000000E-02
    0.9157000000000       6.0000000000000E-02
    0.9158000000000       6.0000000000000E-02
    0.9159000000000       6.0000000000000E-02
    0.9160000000000       6.0000000000000E-02
    0.9161000000000       6.0000000000000E-02
    0.9162000000000       6.0000000000000E-02
    0.9163000000000       6.0000000000000E-02
    0.9164000000000       6.0000000000000E-02
    0.9165000000000       6.0000000000000E-02
    0.9166000000000       6.0000000000000E-02
    0.9167000000000       6.0000000000000E-02
    0.9168000000000       6.0000000000000E-02
    0.9169000000000       6.0000000000000E-02
    0.9170000000000       6.0000000000000E-02
    0.9171000000000       6.0000000000000E-02
    0.9172000000000       6.0000000000000E-02
    0.9173000000000       6.0000000000000E-02
    0.9174000000000       6.0000000000000E-02
    0.9175000000000       6.0000000000000E-02
    0.9176000000000       6.0000000000000E-02
    0.9177000000000       6.0000000000000E-02
    0.9178000000000       6.0000000000000E-02
    0.9179000000000       6.0000000000000E-02
    0.9180000000000       6.0000000000000E-02
    0.9181000000000       6.0000000000000E-02
    0.9182000000000       6.0000000000000E-02
    0.9183000000000       6.0000000000000E-02
    0.9184000000000       6.0000000000000E-02
    0.9185000000000       6.0000000000000E-02
    0.9186000000000       6.0000000000000E-02
    0.9187000000000       6.0000000000000E-02
    0.9188000000000       6.0000000000000E-02
    0.9189000000000       6.0000000000000E-02
    0.9190000000000       6.0000000000000E-02
    0.9191000000000       6.0000000000000E-02
    0.9192000000000       6.0000000000000E-02
    0.9193000000000       6.0000000000000E-02
    0.9194000000000       6.0000000000000E-02
    0.9195000000000       6.0000000000000E-02
    0.9196000000000       6.0000000000000E-02
    0.9197000000000       6.0000000000000E-02
    0.9198000000000       6.0000000000000E-02
    0.9199000000000       6.0000000000000E-02
    0.9200000000000       6.0000000000000E-02
    0.9201000000000       6.0000000000000E-02
    0.9202000000000       6.0000000000000E-02
    0.9203000000000       6.0000000000000E-02
    0.9204000000000       6.0000000000000E-02
    0.9205000000000       6.0000000000000E-02
    0.9206000000000       6.0000000000000E-02
    0.9207000000000       6.0000000000000E-02
    0.9208000000000       6.0000000000000E-02
    0.9209000000000       6.0000000000000E-02
    0.9210000000000       6.0000000000000E-02
    0.9211000000000       6.0000000000000E-02
    0.9212000000000       6.0000000000000E-02
    0.9213000000000       6.0000000000000E-02
    0.9214000000000       6.0000000000000E-02
    0.9215000000000       6.0000000000000E-02
    0.9216000000000       6.0000000000000E-02
    0.9217000000000       6.0000000000000E-02
    0.9218000000000       6.0000000000000E-02
    0.9219000000000       6.0000000000000E-02
    0.9220000000000       6.0000000000000E-02
    0.9221000000000       6.0000000000000E-02
    0.9222000000000       6.0000000000000E-02
    0.9223000000000       6.0000000000000E-02
    0.9224000000000       6.0000000000000E-02
    0.9225000000000       6.0000000000000E-02
    0.9226000000000       6.0000000000000E-02
    0.9227000000000       6.0000000000000E-02
    0.9228000000000       6.0000000000000E-02
    0.9229000000000       6.0000000000000E-02
    0.9230000000000       6.0000000000000E-02
    0.9231000000000       6.0000000000000E-02
    0.9232000000000       6.0000000000000E-02
    0.9233000000000       6.0000000000000E-02
    0.9234000000000       6.0000000000000E-02
    0.9235000000000       6.0000000000000E-02
    0.9236000000000       6.0000000000000E-02
    0.9237000000000       6.0000000000000E-02
    0.9238000000000       6.0000000000000E-02
    0.9239000000000       6.0000000000000E-02
    0.9240000000000       6.0000000000000E-02
    0.9241000000000       6.0000000000000E-02
    0.9242000000000       6.0000000000000E-02
    0.9243000000000       6.0000000000000E-02
    0.9244000000000       6.0000000000000E-02
    0.9245000000000       6.0000000000000E-02
    0.9246000000000       6.0000000000000E-02
    0.9247000000000       6.0000000000000E-02
    0.9248000000000       6.0000000000000E-02
    0.9249000000000       6.0000000000000E-02
    0.9250000000000       6.0000000000000E-02
    0.9251000000000       6.0000000000000E-02
    0.9252000000000       6.0000000000000E-02
    0.9253000000000       6.0000000000000E-02
    0.9254000000000       6.0000000000000E-02
    0.9255000000000       6.0000000000000E-02
    0.9256000000000       6.0000000000000E-02
    0.9257000000000       6.0000000000000E-02
    0.9258000000000       6.0000000000000E-02
    0.9259000000000       6.0000000000000E-02
    0.9260000000000       6.0000000000000E-02
    0.9261000000000       6.0000000000000E-02
    0.9262000000000       6.0000000000000E-02
    0.9263000000000       6.0000000000000E-02
    0.9264000000000       6.0000000000000E-02
    0.9265000000000       6.0000000000000E-02
    0.9266000000000       6.0000000000000E-02
    0.9267000000000       6.0000000000000E-02
    0.9268000000000       6.0000000000000E-02
    0.9269000000000       6.0000000000000E-02
    0.9270000000000       6.0000000000000E-02
    0.9271000000000       6.0000000000000E-02
    0.9272000000000       6.0000000000000E-02
    0.9273000000000       6.0000000000000E-02
    0.9274000000000       6.0000000000000E-02
    0.9275000000000       6.0000000000000E-02
    0.9276000000000       6.0000000000000E-02
    0.9277000000000       6.0000000000000E-02
    0.9278000000000       6.0000000000000E-02
    0.9279000000000       6.0000000000000E-02
    0.9280000000000       6.0000000000000E-02
    0.9281000000000       6.0000000000000E-02
    0.9282000000000       6.0000000000000E-02
    0.9283000000000       6.0000000000000E-02
    0.9284000000000       6.0000000000000E-02
    0.9285000000000       6.0000000000000E-02
    0.9286000000000       6.0000000000000E-02
    0.9287000000000       6.0000000000000E-02
    0.9288000000000       6.0000000000000E-02
    0.9289000000000       6.0000000000000E-02
    0.9290000000000       6.0000000000000E-02
    0.9291000000000       6.0000000000000E-02
    0.9292000000000       6.0000000000000E-02
    0.9293000000000       6.0000000000000E-02
    0.9294000000000       6.0000000000000E-02
    0.9295000000000       6.0000000000000E-02
    0.9296000000000       6.0000000000000E-02
    0.9297000000000       6.0000000000000E-02
    0.9298000000000       6.0000000000000E-02
    0.9299000000000       6.0000000000000E-02
    0.9300000000000       6.0000000000000E-02
    0.9301000000000       6.0000000000000E-02
    0.9302000000000       6.0000000000000E-02
    0.9303000000000       6.0000000000000E-02
    0.9304000000000       6.0000000000000E-02
    0.9305000000000       6.0000000000000E-02
    0.9306000000000       6.0000000000000E-02
    0.9307000000000       6.0000000000000E-02
    0.9308000000000       6.0000000000000E-02
    0.9309000000000       6.0000000000000E-02
    0.9310000000000       6.0000000000000E-02
    0.9311000000000       6.0000000000000E-02
    0.9312000000000       6.0000000000000E-02
    0.9313000000000       6.0000000000000E-02
    0.9314000000000       6.0000000000000E-02
    0.9315000000000       6.0000000000000E-02
    0.9316000000000       6.0000000000000E-02
    0.9317000000000       6.0000000000000E-02
    0.9318000000000       6.0000000000000E-02
    0.9319000000000       6.0000000000000E-02
    0.9320000000000       6.0000000000000E-02
    0.9321000000000       6.0000000000000E-02
    0.9322000000000       6.0000000000000E-02
    0.9323000000000       6.0000000000000E-02
    0.9324000000000       6.0000000000000E-02
    0.9325000000000       6.0000000000000E-02
    0.9326000000000       6.0000000000000E-02
    0.9327000000000       6.0000000000000E-02
    0.9328000000000       6.0000000000000E-02
    0.9329000000000       6.0000000000000E-02
    0.9330000000000       6.0000000000000E-02
    0.9331000000000       6.0000000000000E-02
    0.9332000000000       6.0000000000000E-02
    0.9333000000000       6.0000000000000E-02
    0.9334000000000       6.0000000000000E-02
    0.9335000000000       6.0000000000000E-02
    0.9336000000000       6.0000000000000E-02
    0.9337000000000       6.0000000000000E-02
    0.9338000000000       6.0000000000000E-02
    0.9339000000000       6.0000000000000E-02
    0.9340000000000       6.0000000000000E-02
    0.9341000000000       6.0000000000000E-02
    0.9342000000000       6.0000000000000E-02
    0.9343000000000       6.0000000000000E-02
    0.9344000000000       6.0000000000000E-02
    0.9345000000000       6.0000000000000E-02
    0.9346000000000       6.0000000000000E-02
    0.9347000000000       6.0000000000000E-02
    0.9348000000000       6.0000000000000E-02
    0.9349000000000       6.0000000000000E-02
    0.9350000000000       6.0000000000000E-02
    0.9351000000000       6.0000000000000E-02
    0.9352000000000       6.0000000000000E-02
    0.9353000000000       6.0000000000000E-02
    0.9354000000000       6.0000000000000E-02
    0.9355000000000       6.0000000000000E-02
    0.9356000000000       6.0000000000000E-02
    0.9357000000000       6.0000000000000E-02
    0.9358000000000       6.0000000000000E-02
    0.9359000000000       6.0000000000000E-02
    0.9360000000000       6.0000000000000E-02
    0.9361000000000       6.0000000000000E-02
    0.9362000000000       6.0000000000000E-02
    0.9363000000000       6.0000000000000E-02
    0.9364000000000       6.0000000000000E-02
    0.9365000000000       6.0000000000000E-02
    0.9366000000000       6.0000000000000E-02
    0.9367000000000       6.0000000000000E-02
    0.9368000000000       6.0000000000000E-02
    0.9369000000000       6.0000000000000E-02
    0.9370000000000       6.0000000000000E-02
    0.9371000000000       6.0000000000000E-02
    0.9372000000000       6.0000000000000E-02
    0.9373000000000       6.0000000000000E-02
    0.9374000000000       6.0000000000000E-02
    0.9375000000000       6.0000000000000E-02
    0.9376000000000       6.0000000000000E-02
    0.9377000000000       6.0000000000000E-02
    0.9378000000000       6.0000000000000E-02
    0.9379000000000       6.0000000000000E-02
    0.9380000000000       6.0000000000000E-02
    0.9381000000000       6.0000000000000E-02
    0.9382000000000       6.0000000000000E-02
    0.9383000000000       6.0000000000000E-02
    0.9384000000000       6.0000000000000E-02
    0.9385000000000       6.0000000000000E-02
    0.9386000000000       6.0000000000000E-02
    0.9387000000000       6.0000000000000E-02
    0.9388000000000       6.0000000000000E-02
    0.9389000000000       6.0000000000000E-02
    0.9390000000000       6.0000000000000E-02
    0.9391000000000       6.0000000000000E-02
    0.9392000000000       6.0000000000000E-02
    0.9393000000000       6.0000000000000E-02
    0.9394000000000       6.0000000000000E-02
    0.9395000000000       6.0000000000000E-02
    0.9396000000000       6.0000000000000E-02
    0.9397000000000       6.0000000000000E-02
    0.9398000000000       6.0000000000000E-02
    0.9399000000000       6.0000000000000E-02
    0.9400000000000       6.0000000000000E-02
    0.9401000000000       6.0000000000000E-02
    0.9402000000000       6.0000000000000E-02
    0.9403000000000       6.0000000000000E-02
    0.9404000000000       6.0000000000000E-02
    0.9405000000000       6.0000000000000E-02
    0.9406000000000       6.0000000000000E-02
    0.9407000000000       6.0000000000000E-02
    0.9408000000000       6.0000000000000E-02
    0.9409000000000       6.0000000000000E-02
    0.9410000000000       6.0000000000000E-02
    0.9411000000000       6.0000000000000E-02
    0.9412000000000       6.0000000000000E-02
    0.9413000000000       6.0000000000000E-02
    0.9414000000000       6.0000000000000E-02
    0.9415000000000       6.0000000000000E-02
    0.9416000000000       6.0000000000000E-02
    0.9417000000000       6.0000000000000E-02
    0.9418000000000       6.0000000000000E-02
    0.9419000000000       6.0000000000000E-02
    0.9420000000000       6.0000000000000E-02
    0.9421000000000       6.0000000000000E-02
    0.9422000000000       6.0000000000000E-02
    0.9423000000000       6.0000000000000E-02
    0.9424000000000       6.0000000000000E-02
    0.9425000000000       6.0000000000000E-02
    0.9426000000000       6.0000000000000E-02
    0.9427000000000       6.0000000000000E-02
    0.9428000000000       6.0000000000000E-02
    0.9429000000000       6.0000000000000E-02
    0.9430000000000       6.0000000000000E-02
    0.9431000000000       6.0000000000000E-02
    0.9432000000000       6.0000000000000E-02
    0.9433000000000       6.0000000000000E-02
    0.9434000000000       6.0000000000000E-02
    0.9435000000000       6.0000000000000E-02
    0.9436000000000       6.0000000000000E-02
    0.9437000000000       6.0000000000000E-02
    0.9438000000000       6.0000000000000E-02
    0.9439000000000       6.0000000000000E-02
    0.9440000000000       6.0000000000000E-02
    0.9441000000000       6.0000000000000E-02
    0.9442000000000       6.0000000000000E-02
    0.9443000000000       6.0000000000000E-02
    0.9444000000000       6.0000000000000E-02
    0.9445000000000       6.0000000000000E-02
    0.9446000000000       6.0000000000000E-02
    0.9447000000000       6.0000000000000E-02
    0.9448000000000       6.0000000000000E-02
    0.9449000000000       6.0000000000000E-02
    0.9450000000000       6.0000000000000E-02
    0.9451000000000       6.0000000000000E-02
    0.9452000000000       6.0000000000000E-02
    0.9453000000000       6.0000000000000E-02
    0.9454000000000       6.0000000000000E-02
    0.9455000000000       6.0000000000000E-02
    0.9456000000000       6.0000000000000E-02
    0.9457000000000       6.0000000000000E-02
    0.9458000000000       6.0000000000000E-02
    0.9459000000000       6.0000000000000E-02
    0.9460000000000       6.0000000000000E-02
    0.9461000000000       6.0000000000000E-02
    0.9462000000000       6.0000000000000E-02
    0.9463000000000       6.0000000000000E-02
    0.9464000000000       6.0000000000000E-02
    0.9465000000000       6.0000000000000E-02
    0.9466000000000       6.0000000000000E-02
    0.9467000000000       6.0000000000000E-02
    0.9468000000000       6.0000000000000E-02
    0.9469000000000       6.0000000000000E-02
    0.9470000000000       6.0000000000000E-02
    0.9471000000000       6.0000000000000E-02
    0.9472000000000       6.0000000000000E-02
    0.9473000000000       6.0000000000000E-02
    0.9474000000000       6.0000000000000E-02
    0.9475000000000       6.0000000000000E-02
    0.9476000000000       6.0000000000000E-02
    0.9477000000000       6.0000000000000E-02
    0.9478000000000       6.0000000000000E-02
    0.9479000000000       6.0000000000000E-02
    0.9480000000000       6.0000000000000E-02
    0.9481000000000       6.0000000000000E-02
    0.9482000000000       6.0000000000000E-02
    0.9483000000000       6.0000000000000E-02
    0.9484000000000       6.0000000000000E-02
    0.9485000000000       6.0000000000000E-02
    0.9486000000000       6.0000000000000E-02
    0.9487000000000       6.0000000000000E-02
    0.9488000000000       6.0000000000000E-02
    0.9489000000000       6.0000000000000E-02
    0.9490000000000       6.0000000000000E-02
    0.9491000000000       6.0000000000000E-02
    0.9492000000000       6.0000000000000E-02
    0.9493000000000       6.0000000000000E-02
    0.9494000000000       6.0000000000000E-02
    0.9495000000000       6.0000000000000E-02
    0.9496000000000       6.0000000000000E-02
    0.9497000000000       6.0000000000000E-02
    0.9498000000000       6.0000000000000E-02
    0.9499000000000       6.0000000000000E-02
    0.9500000000000       6.0000000000000E-02
    0.9501000000000       6.0000000000000E-02
    0.9502000000000       6.0000000000000E-02
    0.9503000000000       6.0000000000000E-02
    0.9504000000000       6.0000000000000E-02
    0.9505000000000       6.0000000000000E-02
    0.9506000000000       6.0000000000000E-02
    0.9507000000000       6.0000000000000E-02
    0.9508000000000       6.0000000000000E-02
    0.9509000000000       6.0000000000000E-02
    0.9510000000000       6.0000000000000E-02
    0.9511000000000       6.0000000000000E-02
    0.9512000000000       6.0000000000000E-02
    0.9513000000000       6.0000000000000E-02
    0.9514000000000       6.0000000000000E-02
    0.9515000000000       6.0000000000000E-02
    0.9516000000000       6.0000000000000E-02
    0.9517000000000       6.0000000000000E-02
    0.9518000000000       6.0000000000000E-02
    0.9519000000000       6.0000000000000E-02
    0.9520000000000       6.0000000000000E-02
    0.9521000000000       6.0000000000000E-02
    0.9522000000000       6.0000000000000E-02
    0.9523000000000       6.0000000000000E-02
    0.9524000000000       6.0000000000000E-02
    0.9525000000000       6.0000000000000E-02
    0.9526000000000       6.0000000000000E-02
    0.9527000000000       6.0000000000000E-02
    0.9528000000000       6.0000000000000E-02
    0.9529000000000       6.0000000000000E-02
    0.9530000000000       6.0000000000000E-02
    0.9531000000000       6.0000000000000E-02
    0.9532000000000       6.0000000000000E-02
    0.9533000000000       6.0000000000000E-02
    0.9534000000000       6.0000000000000E-02
    0.9535000000000       6.0000000000000E-02
    0.9536000000000       6.0000000000000E-02
    0.9537000000000       6.0000000000000E-02
    0.9538000000000       6.0000000000000E-02
    0.9539000000000       6.0000000000000E-02
    0.9540000000000       6.0000000000000E-02
    0.9541000000000       6.0000000000000E-02
    0.9542000000000       6.0000000000000E-02
    0.9543000000000       6.0000000000000E-02
    0.9544000000000       6.0000000000000E-02
    0.9545000000000       6.0000000000000E-02
    0.9546000000000       6.0000000000000E-02
    0.9547000000000       6.0000000000000E-02
    0.9548000000000       6.0000000000000E-02
    0.9549000000000       6.0000000000000E-02
    0.9550000000000       6.0000000000000E-02
    0.9551000000000       6.0000000000000E-02
    0.9552000000000       6.0000000000000E-02
    0.9553000000000       6.0000000000000E-02
    0.9554000000000       6.0000000000000E-02
    0.9555000000000       6.0000000000000E-02
    0.9556000000000       6.0000000000000E-02
    0.9557000000000       6.0000000000000E-02
    0.9558000000000       6.0000000000000E-02
    0.9559000000000       6.0000000000000E-02
    0.9560000000000       6.0000000000000E-02
    0.9561000000000       6.0000000000000E-02
    0.9562000000000       6.0000000000000E-02
    0.9563000000000       6.0000000000000E-02
    0.9564000000000       6.0000000000000E-02
    0.9565000000000       6.0000000000000E-02
    0.9566000000000       6.0000000000000E-02
    0.9567000000000       6.0000000000000E-02
    0.9568000000000       6.0000000000000E-02
    0.9569000000000       6.0000000000000E-02
    0.9570000000000       6.0000000000000E-02
    0.9571000000000       6.0000000000000E-02
    0.9572000000000       6.0000000000000E-02
    0.9573000000000       6.0000000000000E-02
    0.9574000000000       6.0000000000000E-02
    0.9575000000000       6.0000000000000E-02
    0.9576000000000       6.0000000000000E-02
    0.9577000000000       6.0000000000000E-02
    0.9578000000000       6.0000000000000E-02
    0.9579000000000       6.0000000000000E-02
    0.9580000000000       6.0000000000000E-02
    0.9581000000000       6.0000000000000E-02
    0.9582000000000       6.0000000000000E-02
    0.9583000000000       6.0000000000000E-02
    0.9584000000000       6.0000000000000E-02
    0.9585000000000       6.0000000000000E-02
    0.9586000000000       6.0000000000000E-02
    0.9587000000000       6.0000000000000E-02
    0.9588000000000       6.0000000000000E-02
    0.9589000000000       6.0000000000000E-02
    0.9590000000000       6.0000000000000E-02
    0.9591000000000       6.0000000000000E-02
    0.9592000000000       6.0000000000000E-02
    0.9593000000000       6.0000000000000E-02
    0.9594000000000       6.0000000000000E-02
    0.9595000000000       6.0000000000000E-02
    0.9596000000000       6.0000000000000E-02
    0.9597000000000       6.0000000000000E-02
    0.9598000000000       6.0000000000000E-02
    0.9599000000000       6.0000000000000E-02
    0.9600000000000       6.0000000000000E-02
    0.9601000000000       6.0000000000000E-02
    0.9602000000000       6.0000000000000E-02
    0.9603000000000       6.0000000000000E-02
    0.9604000000000       6.0000000000000E-02
    0.9605000000000       6.0000000000000E-02
    0.9606000000000       6.0000000000000E-02
    0.9607000000000       6.0000000000000E-02
    0.9608000000000       6.0000000000000E-02
    0.9609000000000       6.0000000000000E-02
    0.9610000000000       6.0000000000000E-02
    0.9611000000000       6.0000000000000E-02
    0.9612000000000       6.0000000000000E-02
    0.9613000000000       6.0000000000000E-02
    0.9614000000000       6.0000000000000E-02
    0.9615000000000       6.0000000000000E-02
    0.9616000000000       6.0000000000000E-02
    0.9617000000000       6.0000000000000E-02
    0.9618000000000       6.0000000000000E-02
    0.9619000000000       6.0000000000000E-02
    0.9620000000000       6.0000000000000E-02
    0.9621000000000       6.0000000000000E-02
    0.9622000000000       6.0000000000000E-02
    0.9623000000000       6.0000000000000E-02
    0.9624000000000       6.0000000000000E-02
    0.9625000000000       6.0000000000000E-02
    0.9626000000000       6.0000000000000E-02
    0.9627000000000       6.0000000000000E-02
    0.9628000000000       6.0000000000000E-02
    0.9629000000000       6.0000000000000E-02
    0.9630000000000       6.0000000000000E-02
    0.9631000000000       6.0000000000000E-02
    0.9632000000000       6.0000000000000E-02
    0.9633000000000       6.0000000000000E-02
    0.9634000000000       6.0000000000000E-02
    0.9635000000000       6.0000000000000E-02
    0.9636000000000       6.0000000000000E-02
    0.9637000000000       6.0000000000000E-02
    0.9638000000000       6.0000000000000E-02
    0.9639000000000       6.0000000000000E-02
    0.9640000000000       6.0000000000000E-02
    0.9641000000000       6.0000000000000E-02
    0.9642000000000       6.0000000000000E-02
    0.9643000000000       6.0000000000000E-02
    0.9644000000000       6.0000000000000E-02
    0.9645000000000       6.0000000000000E-02
    0.9646000000000       6.0000000000000E-02
    0.9647000000000       6.0000000000000E-02
    0.9648000000000       6.0000000000000E-02
    0.9649000000000       6.0000000000000E-02
    0.9650000000000       6.0000000000000E-02
    0.9651000000000       6.0000000000000E-02
    0.9652000000000       6.0000000000000E-02
    0.9653000000000       6.0000000000000E-02
    0.9654000000000       6.0000000000000E-02
    0.9655000000000       6.0000000000000E-02
    0.9656000000000       6.0000000000000E-02
    0.9657000000000       6.0000000000000E-02
    0.9658000000000       6.0000000000000E-02
    0.9659000000000       6.0000000000000E-02
    0.9660000000000       6.0000000000000E-02
    0.9661000000000       6.0000000000000E-02
    0.9662000000000       6.0000000000000E-02
    0.9663000000000       6.0000000000000E-02
    0.9664000000000       6.0000000000000E-02
    0.9665000000000       6.0000000000000E-02
    0.9666000000000       6.0000000000000E-02
    0.9667000000000       6.0000000000000E-02
    0.9668000000000       6.0000000000000E-02
    0.9669000000000       6.0000000000000E-02
    0.9670000000000       6.0000000000000E-02
    0.9671000000000       6.0000000000000E-02
    0.9672000000000       6.0000000000000E-02
    0.9673000000000       6.0000000000000E-02
    0.9674000000000       6.0000000000000E-02
    0.9675000000000       6.0000000000000E-02
    0.9676000000000       6.0000000000000E-02
    0.9677000000000       6.0000000000000E-02
    0.9678000000000       6.0000000000000E-02
    0.9679000000000       6.0000000000000E-02
    0.9680000000000       6.0000000000000E-02
    0.9681000000000       6.0000000000000E-02
    0.9682000000000       6.0000000000000E-02
    0.9683000000000       6.0000000000000E-02
    0.9684000000000       6.0000000000000E-02
    0.9685000000000       6.0000000000000E-02
    0.9686000000000       6.0000000000000E-02
    0.9687000000000       6.0000000000000E-02
    0.9688000000000       6.0000000000000E-02
    0.9689000000000       6.0000000000000E-02
    0.9690000000000       6.0000000000000E-02
    0.9691000000000       6.0000000000000E-02
    0.9692000000000       6.0000000000000E-02
    0.9693000000000       6.0000000000000E-02
    0.9694000000000       6.0000000000000E-02
    0.9695000000000       6.0000000000000E-02
    0.9696000000000       6.0000000000000E-02
    0.9697000000000       6.0000000000000E-02
    0.9698000000000       6.0000000000000E-02
    0.9699000000000       6.0000000000000E-02
    0.9700000000000       6.0000000000000E-02
    0.9701000000000       6.0000000000000E-02
    0.9702000000000       6.0000000000000E-02
    0.9703000000000       6.0000000000000E-02
    0.9704000000000       6.0000000000000E-02
    0.9705000000000       6.0000000000000E-02
    0.9706000000000       6.0000000000000E-02
    0.9707000000000       6.0000000000000E-02
    0.9708000000000       6.0000000000000E-02
    0.9709000000000       6.0000000000000E-02
    0.9710000000000       6.0000000000000E-02
    0.9711000000000       6.0000000000000E-02
    0.9712000000000       6.0000000000000E-02
    0.9713000000000       6.0000000000000E-02
    0.9714000000000       6.0000000000000E-02
    0.9715000000000       6.0000000000000E-02
    0.9716000000000       6.0000000000000E-02
    0.9717000000000       6.0000000000000E-02
    0.9718000000000       6.0000000000000E-02
    0.9719000000000       6.0000000000000E-02
    0.9720000000000       6.0000000000000E-02
    0.9721000000000       6.0000000000000E-02
    0.9722000000000       6.0000000000000E-02
    0.9723000000000       6.0000000000000E-02
    0.9724000000000       6.0000000000000E-02
    0.9725000000000       6.0000000000000E-02
    0.9726000000000       6.0000000000000E-02
    0.9727000000000       6.0000000000000E-02
    0.9728000000000       6.0000000000000E-02
    0.9729000000000       6.0000000000000E-02
    0.9730000000000       6.0000000000000E-02
    0.9731000000000       6.0000000000000E-02
    0.9732000000000       6.0000000000000E-02
    0.9733000000000       6.0000000000000E-02
    0.9734000000000       6.0000000000000E-02
    0.9735000000000       6.0000000000000E-02
    0.9736000000000       6.0000000000000E-02
    0.9737000000000       6.0000000000000E-02
    0.9738000000000       6.0000000000000E-02
    0.9739000000000       6.0000000000000E-02
    0.9740000000000       6.0000000000000E-02
    0.9741000000000       6.0000000000000E-02
    0.9742000000000       6.0000000000000E-02
    0.9743000000000       6.0000000000000E-02
    0.9744000000000       6.0000000000000E-02
    0.9745000000000       6.0000000000000E-02
    0.9746000000000       6.0000000000000E-02
    0.9747000000000       6.0000000000000E-02
    0.9748000000000       6.0000000000000E-02
    0.9749000000000       6.0000000000000E-02
    0.9750000000000       6.0000000000000E-02
    0.9751000000000       6.0000000000000E-02
    0.9752000000000       6.0000000000000E-02
    0.9753000000000       6.0000000000000E-02
    0.9754000000000       6.0000000000000E-02
    0.9755000000000       6.0000000000000E-02
    0.9756000000000       6.0000000000000E-02
    0.9757000000000       6.0000000000000E-02
    0.9758000000000       6.0000000000000E-02
    0.9759000000000       6.0000000000000E-02
    0.9760000000000       6.0000000000000E-02
    0.9761000000000       6.0000000000000E-02
    0.9762000000000       6.0000000000000E-02
    0.9763000000000       6.0000000000000E-02
    0.9764000000000       6.0000000000000E-02
    0.9765000000000       6.0000000000000E-02
    0.9766000000000       6.0000000000000E-02
    0.9767000000000       6.0000000000000E-02
    0.9768000000000       6.0000000000000E-02
    0.9769000000000       6.0000000000000E-02
    0.9770000000000       6.0000000000000E-02
    0.9771000000000       6.0000000000000E-02
    0.9772000000000       6.0000000000000E-02
    0.9773000000000       6.0000000000000E-02
    0.9774000000000       6.0000000000000E-02
    0.9775000000000       6.0000000000000E-02
    0.9776000000000       6.0000000000000E-02
    0.9777000000000       6.0000000000000E-02
    0.9778000000000       6.0000000000000E-02
    0.9779000000000       6.0000000000000E-02
    0.9780000000000       6.0000000000000E-02
    0.9781000000000       6.0000000000000E-02
    0.9782000000000       6.0000000000000E-02
    0.9783000000000       6.0000000000000E-02
    0.9784000000000       6.0000000000000E-02
    0.9785000000000       6.0000000000000E-02
    0.9786000000000       6.0000000000000E-02
    0.9787000000000       6.0000000000000E-02
    0.9788000000000       6.0000000000000E-02
    0.9789000000000       6.0000000000000E-02
    0.9790000000000       6.0000000000000E-02
    0.9791000000000       6.0000000000000E-02
    0.9792000000000       6.0000000000000E-02
    0.9793000000000       6.0000000000000E-02
    0.9794000000000       6.0000000000000E-02
    0.9795000000000       6.0000000000000E-02
    0.9796000000000       6.0000000000000E-02
    0.9797000000000       6.0000000000000E-02
    0.9798000000000       6.0000000000000E-02
    0.9799000000000       6.0000000000000E-02
    0.9800000000000       6.0000000000000E-02
    0.9801000000000       6.0000000000000E-02
    0.9802000000000       6.0000000000000E-02
    0.9803000000000       6.0000000000000E-02
    0.9804000000000       6.0000000000000E-02
    0.9805000000000       6.0000000000000E-02
    0.9806000000000       6.0000000000000E-02
    0.9807000000000       6.0000000000000E-02
    0.9808000000000       6.0000000000000E-02
    0.9809000000000       6.0000000000000E-02
    0.9810000000000       6.0000000000000E-02
    0.9811000000000       6.0000000000000E-02
    0.9812000000000       6.0000000000000E-02
    0.9813000000000       6.0000000000000E-02
    0.9814000000000       6.0000000000000E-02
    0.9815000000000       6.0000000000000E-02
    0.9816000000000       6.0000000000000E-02
    0.9817000000000       6.0000000000000E-02
    0.9818000000000       6.0000000000000E-02
    0.9819000000000       6.0000000000000E-02
    0.9820000000000       6.0000000000000E-02
    0.9821000000000       6.0000000000000E-02
    0.9822000000000       6.0000000000000E-02
    0.9823000000000       6.0000000000000E-02
    0.9824000000000       6.0000000000000E-02
    0.9825000000000       6.0000000000000E-02
    0.9826000000000       6.0000000000000E-02
    0.9827000000000       6.0000000000000E-02
    0.9828000000000       6.0000000000000E-02
    0.9829000000000       6.0000000000000E-02
    0.9830000000000       6.0000000000000E-02
    0.9831000000000       6.0000000000000E-02
    0.9832000000000       6.0000000000000E-02
    0.9833000000000       6.0000000000000E-02
    0.9834000000000       6.0000000000000E-02
    0.9835000000000       6.0000000000000E-02
    0.9836000000000       6.0000000000000E-02
    0.9837000000000       6.0000000000000E-02
    0.9838000000000       6.0000000000000E-02
    0.9839000000000       6.0000000000000E-02
    0.9840000000000       6.0000000000000E-02
    0.9841000000000       6.0000000000000E-02
    0.9842000000000       6.0000000000000E-02
    0.9843000000000       6.0000000000000E-02
    0.9844000000000       6.0000000000000E-02
    0.9845000000000       6.0000000000000E-02
    0.9846000000000       6.0000000000000E-02
    0.9847000000000       6.0000000000000E-02
    0.9848000000000       6.0000000000000E-02
    0.9849000000000       6.0000000000000E-02
    0.9850000000000       6.0000000000000E-02
    0.9851000000000       6.0000000000000E-02
    0.9852000000000       6.0000000000000E-02
    0.9853000000000       6.0000000000000E-02
    0.9854000000000       6.0000000000000E-02
    0.9855000000000       6.0000000000000E-02
    0.9856000000000       6.0000000000000E-02
    0.9857000000000       6.0000000000000E-02
    0.9858000000000       6.0000000000000E-02
    0.9859000000000       6.0000000000000E-02
    0.9860000000000       6.0000000000000E-02
    0.9861000000000       6.0000000000000E-02
    0.9862000000000       6.0000000000000E-02
    0.9863000000000       6.0000000000000E-02
    0.9864000000000       6.0000000000000E-02
    0.9865000000000       6.0000000000000E-02
    0.9866000000000       6.0000000000000E-02
    0.9867000000000       6.0000000000000E-02
    0.9868000000000       6.0000000000000E-02
    0.9869000000000       6.0000000000000E-02
    0.9870000000000       6.0000000000000E-02
    0.9871000000000       6.0000000000000E-02
    0.9872000000000       6.0000000000000E-02
    0.9873000000000       6.0000000000000E-02
    0.9874000000000       6.0000000000000E-02
    0.9875000000000       6.0000000000000E-02
    0.9876000000000       6.0000000000000E-02
    0.9877000000000       6.0000000000000E-02
    0.9878000000000       6.0000000000000E-02
    0.9879000000000       6.0000000000000E-02
    0.9880000000000       6.0000000000000E-02
    0.9881000000000       6.0000000000000E-02
    0.9882000000000       6.0000000000000E-02
    0.9883000000000       6.0000000000000E-02
    0.9884000000000       6.0000000000000E-02
    0.9885000000000       6.0000000000000E-02
    0.9886000000000       6.0000000000000E-02
    0.9887000000000       6.0000000000000E-02
    0.9888000000000       6.0000000000000E-02
    0.9889000000000       6.0000000000000E-02
    0.9890000000000       6.0000000000000E-02
    0.9891000000000       6.0000000000000E-02
    0.9892000000000       6.0000000000000E-02
    0.9893000000000       6.0000000000000E-02
    0.9894000000000       6.0000000000000E-02
    0.9895000000000       6.0000000000000E-02
    0.9896000000000       6.0000000000000E-02
    0.9897000000000       6.0000000000000E-02
    0.9898000000000       6.0000000000000E-02
    0.9899000000000       6.0000000000000E-02
    0.9900000000000       6.0000000000000E-02
    0.9901000000000       6.0000000000000E-02
    0.9902000000000       6.0000000000000E-02
    0.9903000000000       6.0000000000000E-02
    0.9904000000000       6.0000000000000E-02
    0.9905000000000       6.0000000000000E-02
    0.9906000000000       6.0000000000000E-02
    0.9907000000000       6.0000000000000E-02
    0.9908000000000       6.0000000000000E-02
    0.9909000000000       6.0000000000000E-02
    0.9910000000000       6.0000000000000E-02
    0.9911000000000       6.0000000000000E-02
    0.9912000000000       6.0000000000000E-02
    0.9913000000000       6.0000000000000E-02
    0.9914000000000       6.0000000000000E-02
    0.9915000000000       6.0000000000000E-02
    0.9916000000000       6.0000000000000E-02
    0.9917000000000       6.0000000000000E-02
    0.9918000000000       6.0000000000000E-02
    0.9919000000000       6.0000000000000E-02
    0.9920000000000       6.0000000000000E-02
    0.9921000000000       6.0000000000000E-02
    0.9922000000000       6.0000000000000E-02
    0.9923000000000       6.0000000000000E-02
    0.9924000000000       6.0000000000000E-02
    0.9925000000000       6.0000000000000E-02
    0.9926000000000       6.0000000000000E-02
    0.9927000000000       6.0000000000000E-02
    0.9928000000000       6.0000000000000E-02
    0.9929000000000       6.0000000000000E-02
    0.9930000000000       6.0000000000000E-02
    0.9931000000000       6.0000000000000E-02
    0.9932000000000       6.0000000000000E-02
    0.9933000000000       6.0000000000000E-02
    0.9934000000000       6.0000000000000E-02
    0.9935000000000       6.0000000000000E-02
    0.9936000000000       6.0000000000000E-02
    0.9937000000000       6.0000000000000E-02
    0.9938000000000       6.0000000000000E-02
    0.9939000000000       6.0000000000000E-02
    0.9940000000000       6.0000000000000E-02
    0.9941000000000       6.0000000000000E-02
    0.9942000000000       6.0000000000000E-02
    0.9943000000000       6.0000000000000E-02
    0.9944000000000       6.0000000000000E-02
    0.9945000000000       6.0000000000000E-02
    0.9946000000000       6.0000000000000E-02
    0.9947000000000       6.0000000000000E-02
    0.9948000000000       6.0000000000000E-02
    0.9949000000000       6.0000000000000E-02
    0.9950000000000       6.0000000000000E-02
    0.9951000000000       6.0000000000000E-02
    0.9952000000000       6.0000000000000E-02
    0.9953000000000       6.0000000000000E-02
    0.9954000000000       6.0000000000000E-02
    0.9955000000000       6.0000000000000E-02
    0.9956000000000       6.0000000000000E-02
    0.9957000000000       6.0000000000000E-02
    0.9958000000000       6.0000000000000E-02
    0.9959000000000       6.0000000000000E-02
    0.9960000000000       6.0000000000000E-02
    0.9961000000000       6.0000000000000E-02
    0.9962000000000       6.0000000000000E-02
    0.9963000000000       6.0000000000000E-02
    0.9964000000000       6.0000000000000E-02
    0.9965000000000       6.0000000000000E-02
    0.9966000000000       6.0000000000000E-02
    0.9967000000000       6.0000000000000E-02
    0.9968000000000       6.0000000000000E-02
    0.9969000000000       6.0000000000000E-02
    0.9970000000000       6.0000000000000E-02
    0.9971000000000       6.0000000000000E-02
    0.9972000000000       6.0000000000000E-02
    0.9973000000000       6.0000000000000E-02
    0.9974000000000       6.0000000000000E-02
    0.9975000000000       6.0000000000000E-02
    0.9976000000000       6.0000000000000E-02
    0.9977000000000       6.0000000000000E-02
    0.9978000000000       6.0000000000000E-02
    0.9979000000000       6.0000000000000E-02
    0.9980000000000       6.0000000000000E-02
    0.9981000000000       6.0000000000000E-02
    0.9982000000000       6.0000000000000E-02
    0.9983000000000       6.0000000000000E-02
    0.9984000000000       6.0000000000000E-02
    0.9985000000000       6.0000000000000E-02
    0.9986000000000       6.0000000000000E-02
    0.9987000000000       6.0000000000000E-02
    0.9988000000000       6.0000000000000E-02
    0.9989000000000       6.0000000000000E-02
    0.9990000000000       6.0000000000000E-02
    0.9991000000000       6.0000000000000E-02
    0.9992000000000       6.0000000000000E-02
    0.9993000000000       6.0000000000000E-02
    0.9994000000000       6.0000000000000E-02
    0.9995000000000       6.0000000000000E-02
    0.9996000000000       6.0000000000000E-02
    0.9997000000000       6.0000000000000E-02
    0.9998000000000       6.0000000000000E-02
    0.9999000000000       6.0000000000000E-02
     1.000000000000       6.0000000000000E-02


    TABLES
    ------
    NUMBER OF TABLES . . . . . . . . . . =         0



    MATERIAL LAWS
    -------------
    NUMBER OF MATERIALS. . . . . . . . . =         1



     elastic_reference_orthotropic_5
     MATERIAL NUMBER . . . . . . . . . . . . .=         5
     MATERIAL LAW. . . . . . . . . . . . . . .=        25


     INITIAL DENSITY . . . . . . . . . . . . .= 4.8000000000000E-05

     YOUNG'S MODULUS E11 . . . . . . . . . .=  0.1000E+01
     YOUNG'S MODULUS E22 . . . . . . . . . .=  0.1000E+01
     POISSON'S RATIO N12 . . . . . . . . . .=  0.1000E+00
     YOUNG'S MODULUS E33 . . . . . . . . . .=  0.1380E+03

     SHEAR MODULUS   G12 . . . . . . . . . .=  0.5000E+00
     SHEAR MODULUS   G23 . . . . . . . . . .=  0.2400E+02
     SHEAR MODULUS   G31 . . . . . . . . . .=  0.4100E+02

     TENSILE FAILURE STRAIN DIR-1. . . . . .= 1.0000000000000E+20
     MAXIMUM TENSILE STRAIN DIR-1. . . . . .= 1.1000000000000E+20
     TOTAL FAILURE TENSILE STRAIN DIR-1. . .= 1.2000000000000E+20
     TENSILE FAILURE STRAIN DIR-2. . . . . .= 1.0000000000000E+20
     MAXIMUM TENSILE STRAIN DIR-2. . . . . .= 1.1000000000000E+20
     TOTAL FAILURE TENSILE STRAIN DIR-2. . .= 1.2000000000000E+20
     MAXIMUM DAMAGE DIR. . . . . . . . . . .= 0.9990000000000    

     COMPOSITE MAXIMUM PLASTIC WORK WPLAMX .= 1.0000000000000E+30
     REFERENCE PLASTIC WORK WPLAREF        .=  1.000000000000    
     TOTAL ELEMENT FAILURE CRITERIA    IOFF =         1
      IOFF=0: SHELL DELETE IF WPLA >= WPLAMX FOR 1 LAYER
      IOFF=1: SHELL DELETE IF WPLA >= WPLAMX FOR ALL LAYERS
      IOFF=2: SHELL DELETE IF FOR EACH LAYER :
              WPLA >= WPLAMX OR TENSILE FAILURE DIR 1
      IOFF=3: SHELL DELETE IF FOR EACH LAYER :
              WPLA >= WPLAMX OR TENSILE FAILURE DIR 2
      IOFF=4: SHELL DELETE IF FOR EACH LAYER :
              WPLA >= WPLAMX OR TENSILE FAILURE DIR 1 AND 2
      IOFF=5: SHELL DELETE IF FOR ALL LAYERS :
              WPLA >= WPLAMX OR TENSILE FAILURE DIR 1
              OR
              WPLA >= WPLAMX OR TENSILE FAILURE DIR 2
      IOFF=6: SHELL DELETE IF FOR EACH LAYER :
              WPLA >= WPLAMX OR TENSILE FAILURE DIR 1 OR 2

     LAYER FAILURE RATIO FOR ELEMENT DELETION. =  0.1000E+01
     COMPOSITE HARDENING PARAMETER  (B). . .=  0.000000000000    
     COMPOSITE HARDENING PARAMETER  (N). . .=  1.000000000000    
     COMPOSITE MAXIMUM YIELD FUNCTION FMAX .=  1.000000000000    


     COMPOSITE YIELD IN TENSION DIR-1  . . . . . .=  1000000000000.    
     COMPOSITE YIELD IN TENSION DIR-2  . . . . . .=  1000000000000.    
     COMPOSITE YIELD IN COMPRESSION DIR-1  . . . .=  1000000000000.    
     COMPOSITE YIELD IN COMPRESSION DIR-2  . . . .=  1000000000000.    
     F12 REDUCTION FACTOR . . . . . . . .  . . . .=  1.000000000000    


     COMPOSITE YIELD IN SHEAR (+12) . . . .=  1000000000000.    
     COMPOSITE YIELD IN SHEAR (-12) . . . .=  1000000000000.    


     STRAIN RATE COEFFICIENT CC. . . . . . .=  0.000000000000    
     REFERENCE STRAIN RATE . . . . . . . . .= 1.0000000000000E-03
     FLAG FOR STRAIN RATE ON F-MAX WP-MAX. .=         1


     SHEAR DELAMINATION                      
     INITIATION STRAIN . . . . . . . . . . .= 2.8750000000000E-02
     MAXIMUM STRAIN. . . . . . . . . . . . .= 2.9325000000000E-02
     MAXIMUM DAMAGE. . . . . . . . . . . . .= 0.9990000000000    

     SMOOTH STRAIN RATE OPTION . . . . . . .=         1
     STRAIN RATE CUTTING FREQUENCY . . . . .= 1.0000000000000E+20

       YIELD FUNCTION CONSTANTS              
       ------------------------              

     F1 , F2 . . . . . . . . . . . . . . . .=  0.0000E+00  0.0000E+00
     F11, F22. . . . . . . . . . . . . . . .=  0.1000E-19  0.1000E-19
     F33 . . . . . . . . . . . . . . . . . .=  0.1000E-19
     F12 . . . . . . . . . . . . . . . . . .= -0.5000E-10




         PROPERTY SETS
         -------------


reference_radome_sandwich               
     COMPOSITE STACK SHELL PROPERTY TYPE 51  
     WITH VARIABLE THICKNESSES AND MATERIALS 
     AND VARIABLE NUMBER OF INTEGRATION POINTS THROUGH EACH LAYER
     PROPERTY SET NUMBER . . . . . . . . . .=        21

     POST PROCESSING STRAIN FLAG . . . . . .=         1
     SMALL STRAIN FLAG . . . . . . . . . . .=         4
     SHELL FORMULATION FLAG. . . . . . . . .=        12
     3NODE SHELL FORMULATION FLAG. . . . . .=         2
     DRILLING D.O.F. FLAG  . . . . . . . . .=         0
     SHELL MEMBRANE DAMPING. . . . . . . . .= 1.0000000000000E-20
     SHELL NUMERICAL DAMPING . . . . . . . .= 1.0000000000000E-20
     SHEAR AREA REDUCTION FACTOR . . . . . .= 0.8333333333330    
     ELEMENT DELETION PARAMETER. . . . . . .=  1.000000000000    
      > 0.0 : FRACTION OF FAILED THICKNESS   
      < 0.0 : FRACTION OF FAILED LAYERS/PLYS 
     COMPOSITE FAILURE EXPONENT. . . . . . .=  1.000000000000    
     SHEAR FORMULATION FLAG. . . . . . . . .=         0
     THICKNESS VARIATION FLAG. . . . . . . .=         2
     PLASTICITY FORMULATION FLAG . . . . . .=         0
     LOCAL ORTOTHROPY SYSTEM FLAG. . . . . .=         0
     X COMPONENT OF DIR 1 OF ORTHOTROPY. . .=  1.000000000000    
     Y COMPONENT OF DIR 1 OF ORTHOTROPY. . .=  0.000000000000    
     Z COMPONENT OF DIR 1 OF ORTHOTROPY. . .=  0.000000000000    
     INTEGRATION FORMULATION FLAG. . . . . .=         2
     REFERENCE DIRECTION FLAG IN SHELL PLANE=         0

         PLY   1
           PLY PID NUMBER  . . . . . . . . .=        42
           ANGLE (DIR 1,PROJ(DIR 1 / SHELL).=  0.000000000000    
           PLY FAILURE PARAMETER . . . . . .=  1.000000000000    
             > 0.0 : FRACTION OF FAILED THICKNESS   
             < 0.0 : FRACTION OF FAILED INTG. POINTS
           WEIGHT FACTOR FOR PLY FAILURE . .=  1.000000000000    

radome_ply_42                           
     LAYER PROPERTY SET 
     PROPERTY SET NUMBER . . . . . . . . . . . . . . =        42
     MATERIAL NUMBER . . . . . . . . . . . . . . . . =         5
     LAYER THICKNESS . . . . . . . . . . . . . . . . =  8.000000000000    
     INCREMENTAL ANGLE (DIR 1,PROJ(DIR 1 / SHELL). . =  0.000000000000    
     SHELL 4-nodes GROUP IDENTIFIER. . . . . . . . . =         0
     SHELL 3-nodes GROUP IDENTIFIER. . . . . . . . . =         0
     NUMBER OF INTEGRATION POINTS THROUGH LAYER. . . =         3
     ORTHOTROPY ANGLE BETWEEN (DIR 1,DIR 2). . . . . =  90.00000000000    
     DRAPE IDENTIFIER  . . . . . . . . . . . . . . . =         0



       PARTS
       -----



PART:        21,CORE_ONLY_REFERENCE
----
     PROPERTY    :        21 (TYPE 51),reference_radome_sandwich
     MATERIAL    :         5 (LAW  25),elastic_reference_orthotropic_5
     SUBSET      :         0
     FRAMEWORK   :         LAGRANGE
     VIRT. THICKN:         0.000000000000    


       HIERARCHICAL SUBSET ORGANIZATION
       --------------------------------


  
  
 SUBSET:         0,GLOBAL MODEL                                                                                                     
 ~~~~~~
  |
  |________Part(s):        21,CORE_ONLY_REFERENCE                     


     COMPOSITE STACK SHELL PROPERTY SET WITH VARIABLE THICKNESSES AND MATERIALS

       PROPERTY SET NUMBER . . . . . . . . .  . ..=        21
       SUB PROPERTY SET NUMBER . . . . . . . . . .=         1

        SHELL THICKNESS . . . . . . . . . . . .=  8.000000000000    
        NUMBER OF PLIES. . . . . . . . . . . . =         1

            PLY   1
              PLY PID NUMBER  . . . . . . . . .=        42
              POSITION. . . . . . . . . . . . .=  0.000000000000    


     BOUNDARY CONDITIONS                                                                 
     -------------------                                                                 
       NODE  TRANS. ROTAT.         SKEW



     IMPOSED DISPLACEMENTS    
     -------------------    
         NODE         SKEW        FRAME  DIRECTION   LOAD_CURVE       SENSOR            FSCALE                ASCALE            START_TIME                 STOP_TIME
            1            0            0         YY           90            0    1.000000000000        1.000000000000        0.000000000000       1.0000000000000E+30
            2            0            0         YY           90            0    1.000000000000        1.000000000000        0.000000000000       1.0000000000000E+30
            3            0            0         YY           90            0    1.000000000000        1.000000000000        0.000000000000       1.0000000000000E+30


     CHARACTERISTICS OF GLOBAL MATERIAL FOR COMPOSITE LAYERED SHELL PROPERTY SET 
          HAVE BEEN RECOMPUTED IN ORDER TO ENSURE STABILITY
     PROPERTY SET NUMBER . . . . . . . . . . . .=        21
     INITIAL DENSITY. . . . . . . . . . . . . . = 4.8000000000000E-05
     YOUNG MODULUS . . . . . . . . . . . . . . .=  1.010101010101    
     POISSON RATIO . . . . . . . . . . . . . . .= 0.1000000000000    
     SHEAR MODULUS . . . . . . . . . . . . . . .=  41.00000000000    


  
 SPMD IS CHECKING FOR ELEMENT DELETION IN : 
 A19_CORE_FINITE_R02_0001.rad                                                                                 
 
 DOMAIN DECOMPOSITION USING MULTILEVEL KWAY
 ------------------------------------------
 DOMAIN DECOMPOSITION OPTIMIZED FOR PARALLEL ARITHMETIC ON
 DOMAIN DECOMPOSITION : OPTIMIZED FOR BROADWELL PROCESSOR



 SHELL GROUP         1 VECTORIZATION CODE =    0


PART MASS & INERTIA
-------------------


PART :         21, CORE_ONLY_REFERENCE
            Mass             Ixx             Iyy             Izz             Ixy             Iyz             Izx
  1.72800005E+01  4.53692174E+05  3.56492171E+05  7.45292182E+05  1.94400006E+05  0.00000000E+00  0.00000000E+00
               X               Y               Z     Kin. Energy              Vx              Vy              Vz
  7.50000000E+01  1.50000000E+02  0.00000000E+00  0.00000000E+00  0.00000000E+00  0.00000000E+00  0.00000000E+00


PART ELEMENT/MATERIAL PARAMETER REVIEW:
-----------------------

Part id,name:        21 CORE_ONLY_REFERENCE    Mat type:  25 Elm type: SHELL-4nodes           
----
  Ishell  Ismstr   Idril     NPT    ITHK   IPLAS    IPOS
      12       4       2       1       0       0       0
--      hm        hf        hr        dm        dn
    0.0000    0.0000    0.0000    0.0000    0.0010



     TOTAL MASS AND MASS CENTER
     --------------------------
                     MASS                    X                    Y                    Z

       17.28000051498       75.00000000000       150.0000000000       0.000000000000    


     TOTAL INERTIA
     -------------
                      IXX                  IYY                  IZZ                  IXY                  IYZ                  IZX
       453692.1735266       356492.1706298       745292.1822169       194400.0057936       0.000000000000       0.000000000000    



      ADDED NODAL NON-STRUCTURAL MASSES 
     -----------------------------------

      TOTAL ADDED MASS =   0.000000000000    




     TOTAL ADDED NON-STRUCTURAL INERTIA
     ------------------

      TOTAL ADDED INERTIA =   0.000000000000    



         SHELL ELEMENTS TIME STEP
         ------------------------

      TIME STEP       ELEMENT NUMBER
  0.7293649157070                  1


         NODAL TIME STEP (estimation)
         ---------------

      TIME STEP       NODE NUMBER
  0.7293649265753                  1
  0.7293649265753                  2
  0.7293649265753                  3


         NODAL TIME STEP DISTRIBUTION 
         ----------------------------


            % OF NODES
                   ^
                   |                                                            
         100.000 --|                            #                               
                   |                            #                               
                   |                            #                               
                   |                            #                               
                   |                            #                               
                   |                            #                               
                   |                            #                               
                   |                            #                               
                   |                            #                               
                   |                            #                               
                   |                            #                               
                   |                            #                               
                   |                            #                               
                   |                            #                               
                   |                            #                               
                   |                            #                               
                   |                            #                               
                   |                            #                               
                   |                            #                               
                   |                            #                               
                   |                            #                               
                   |                            #                               
           0.000 --|#                           #                             # 
                    -------------------------------------------------------------> NODAL TIME STEP
                    |                                                          |
                0.729                                                      0.729    
  
  


     INITIAL ADDED MASS ESTIMATION for /DT/NODA/CST
     ----------------------------------------------


            DM/M - at first cycle - scaling factor = 0.9
                   ^
                   |                                                            
           0.100 --|                                                          * 
                   |                                                            
                   |                                                      *     
                   |                                                   *        
                   |                                                *           
                   |                                             *              
                   |                                                            
                   |                                          *                 
                   |                                       *                    
                   |                                    *                       
                   |                                 *                          
                   |                              *                             
                   |                                                            
                   |                           *                                
                   |                        *                                   
                   |                     *                                      
                   |                 *                                          
                   |              *                                             
                   |                                                            
                   |           *                                                
                   |        *                                                   
                   |     *                                                      
           0.005 --|* *                                                         
                    -------------------------------------------------------------> TARGET TIME STEP
                    |                                                          |
                0.658                                                      0.688    
  
  
              DM/M at first cycle          |  Target time step - scaling factor = 0.9  |  Target time step - scaling factor = 0.67
    -------------------------------------  |  ---------------------------------------  |  ---------------------------------------
                 1.000E-02                 |                 0.660                     |                 0.491    
                 2.000E-02                 |                 0.663                     |                 0.494    
                 3.000E-02                 |                 0.666                     |                 0.496    
                 4.000E-02                 |                 0.669                     |                 0.498    
                 5.000E-02                 |                 0.673                     |                 0.501    


    WARNING : These added mass estimations are valid at first cycle only.
    Because of element deformation or contacts the added mass can increase during the run


 SUMMARY OF POSSIBLE INCOMPATIBLE KINEMATIC CONDITIONS :
 -----------------------------------------------------
                                  
 NO TRUE INCOMPATIBLE KINEMATIC CONDITION

 
    STARTER STORAGE 
    --------------- 
 
    STARTER MEMORY USAGE        163 MB


     LOCAL ENGINE STORAGE EVALUATION FOR SPMD PROCESSOR     1
     --------------------------------------------------------
        RESTART FILE SIZE         0 MB
 

     RESTART FILES A19_CORE_FINITE_R02_0000 WRITTEN
     -------------

  
------------------------------------------------------------------------
  
                   ** COMPUTE TIME INFORMATION **
  
 EXECUTION STARTED      :      2026/10/09  10:45:39
 EXECUTION COMPLETED    :      2026/10/09  10:45:41
  
 ELAPSED TIME...........=          1.17 s
                               00:00:01
  
------------------------------------------------------------------------



     NORMAL TERMINATION                                                                  
     ------------------                                                                  
              0 ERROR(S)            
              0 WARNING(S)          


