"time","INTERNAL ENERGY","KINETIC ENERGY","X-MOMENTUM","Y-MOMENTUM","Z-MOMENTUM","MASS","TIME STEP","ROTATION ENERGY","EXTERNAL WORK","SPRING ENERGY","CONTACT ENERGY","HOURGLASS ENERGY","ELASTIC CONTACT ENERGY","FRICTIONAL CONTACT ENERGY","DAMPING CONTACT ENERGY ","PLASTIC WORK","ADDED MASS","PERCENTAGE ADDED MASS","INLET MASS","OUTLET MASS","INLET ENERGY","OUTLET ENERGY","PANEL_3D_CORE                             IE ","PANEL_3D_CORE                             KE ","PANEL_3D_CORE                             HE ","PANEL_3D_CORE                             PW ","PANEL_LOWER_SKIN                          IE ","PANEL_LOWER_SKIN                          KE ","PANEL_LOWER_SKIN                          HE ","PANEL_LOWER_SKIN                          PW ","PANEL_UPPER_SKIN                          IE ","PANEL_UPPER_SKIN                          KE ","PANEL_UPPER_SKIN                          HE ","PANEL_UPPER_SKIN                          PW ",
0.000000e+00,0.000000e+00,0.000000e+00,0.000000e+00,0.000000e+00,0.000000e+00,2.214000e-01,2.500000e-05,0.000000e+00,0.000000e+00,0.000000e+00,0.000000e+00,0.000000e+00,0.000000e+00,0.000000e+00,0.000000e+00,0.000000e+00,0.000000e+00,0.000000e+00,0.000000e+00,0.000000e+00,0.000000e+00,0.000000e+00,0.000000e+00,0.000000e+00,0.000000e+00,0.000000e+00,0.000000e+00,0.000000e+00,0.000000e+00,0.000000e+00,0.000000e+00,0.000000e+00,0.000000e+00,0.000000e+00
1.025000e-03,4.246632e-20,7.140017e-04,-5.694574e-08,0.000000e+00,-1.094338e-02,2.214000e-01,2.500000e-05,7.526081e-05,7.892625e-04,0.000000e+00,0.000000e+00,0.000000e+00,0.000000e+00,0.000000e+00,0.000000e+00,0.000000e+00,0.000000e+00,0.000000e+00,0.000000e+00,0.000000e+00,0.000000e+00,0.000000e+00,3.263809e-20,1.238377e-04,0.000000e+00,0.000000e+00,4.908476e-21,2.950820e-04,3.601009e-38,0.000000e+00,4.919752e-21,2.950820e-04,3.601266e-38,0.000000e+00
2.000000e-03,7.091013e-19,2.585553e-03,-3.929904e-07,0.000000e+00,-2.082469e-02,2.214000e-01,2.500000e-05,2.725355e-04,2.859868e-03,0.000000e+00,0.000000e+00,0.000000e+00,0.000000e+00,0.000000e+00,0.000000e+00,0.000000e+00,0.000000e+00,0.000000e+00,0.000000e+00,0.000000e+00,0.000000e+00,0.000000e+00,7.091013e-19,4.263447e-04,0.000000e+00,0.000000e+00,9.315952e-27,1.015899e-03,9.059296e-37,0.000000e+00,2.600119e-29,1.015899e-03,9.059296e-37,0.000000e+00
3.025000e-03,6.818124e-18,6.000397e-03,-1.388242e-06,0.000000e+00,-3.172429e-02,2.214000e-01,2.500000e-05,6.324842e-04,6.632882e-03,0.000000e+00,0.000000e+00,0.000000e+00,0.000000e+00,0.000000e+00,0.000000e+00,0.000000e+00,0.000000e+00,0.000000e+00,0.000000e+00,0.000000e+00,0.000000e+00,0.000000e+00,6.122652e-18,1.040719e-03,0.000000e+00,0.000000e+00,3.477815e-19,2.479839e-03,7.413750e-36,0.000000e+00,3.476912e-19,2.479839e-03,7.413750e-36,0.000000e+00
4.025000e-03,2.705009e-17,1.055890e-02,-3.244547e-06,0.000000e+00,-4.208344e-02,2.214000e-01,2.500000e-05,1.112983e-03,1.167188e-02,0.000000e+00,0.000000e+00,0.000000e+00,0.000000e+00,0.000000e+00,0.000000e+00,0.000000e+00,0.000000e+00,0.000000e+00,0.000000e+00,0.000000e+00,0.000000e+00,0.000000e+00,2.489608e-17,1.831354e-03,0.000000e+00,0.000000e+00,1.077001e-18,4.363774e-03,3.054268e-35,0.000000e+00,1.077001e-18,4.363774e-03,3.054268e-35,0.000000e+00
5.025000e-03,7.945273e-17,1.638396e-02,-6.279322e-06,0.000000e+00,-5.242173e-02,2.214000e-01,2.500000e-05,1.726985e-03,1.811095e-02,0.000000e+00,0.000000e+00,0.000000e+00,0.000000e+00,0.000000e+00,0.000000e+00,0.000000e+00,0.000000e+00,0.000000e+00,0.000000e+00,0.000000e+00,0.000000e+00,0.000000e+00,7.426643e-17,2.841663e-03,0.000000e+00,0.000000e+00,2.593395e-18,6.771150e-03,9.183541e-35,0.000000e+00,2.592901e-18,6.771150e-03,9.183580e-35,0.000000e+00
6.025000e-03,1.924446e-16,2.346786e-02,-1.077866e-05,0.000000e+00,-6.273915e-02,2.214000e-01,2.500000e-05,2.473678e-03,2.594154e-02,0.000000e+00,0.000000e+00,0.000000e+00,0.000000e+00,0.000000e+00,0.000000e+00,0.000000e+00,0.000000e+00,0.000000e+00,0.000000e+00,0.000000e+00,0.000000e+00,0.000000e+00,1.818049e-16,4.070307e-03,0.000000e+00,0.000000e+00,5.319927e-18,9.698777e-03,2.260209e-34,0.000000e+00,5.319750e-18,9.698777e-03,2.260212e-34,0.000000e+00
7.025000e-03,4.075591e-16,3.180290e-02,-1.702669e-05,0.000000e+00,-7.303570e-02,2.214000e-01,2.500000e-05,3.352250e-03,3.515515e-02,0.000000e+00,0.000000e+00,0.000000e+00,0.000000e+00,0.000000e+00,0.000000e+00,0.000000e+00,0.000000e+00,0.000000e+00,0.000000e+00,0.000000e+00,0.000000e+00,0.000000e+00,3.880196e-16,5.515950e-03,0.000000e+00,0.000000e+00,9.769805e-18,1.314347e-02,4.842459e-34,0.000000e+00,9.769684e-18,1.314347e-02,4.842457e-34,0.000000e+00
8.025000e-03,7.818311e-16,4.138139e-02,-2.530562e-05,0.000000e+00,-8.331139e-02,2.214000e-01,2.500000e-05,4.361890e-03,4.574328e-02,0.000000e+00,0.000000e+00,0.000000e+00,0.000000e+00,0.000000e+00,0.000000e+00,0.000000e+00,0.000000e+00,0.000000e+00,0.000000e+00,0.000000e+00,0.000000e+00,0.000000e+00,7.487488e-16,7.177260e-03,0.000000e+00,0.000000e+00,1.653880e-17,1.710206e-02,9.371368e-34,0.000000e+00,1.654347e-17,1.710206e-02,9.371343e-34,0.000000e+00
9.000000e-03,1.280757e-15,5.162568e-02,-3.531020e-05,0.000000e+00,-9.305393e-02,2.214000e-01,2.500000e-05,5.441711e-03,5.706913e-02,0.000000e+00,0.000000e+00,0.000000e+00,0.000000e+00,0.000000e+00,0.000000e+00,0.000000e+00,0.000000e+00,0.000000e+00,0.000000e+00,0.000000e+00,0.000000e+00,0.000000e+00,1.280757e-15,8.855733e-03,0.000000e+00,0.000000e+00,5.026420e-25,2.110155e-02,1.636213e-33,0.000000e+00,1.767301e-27,2.110155e-02,1.636213e-33,0.000000e+00
1.000000e-02,2.161734e-15,6.360685e-02,-4.835404e-05,0.000000e+00,-1.032889e-01,2.214000e-01,2.500000e-05,6.704611e-03,7.031319e-02,0.000000e+00,0.000000e+00,0.000000e+00,0.000000e+00,0.000000e+00,0.000000e+00,0.000000e+00,0.000000e+00,0.000000e+00,0.000000e+00,0.000000e+00,0.000000e+00,0.000000e+00,2.161734e-15,1.092315e-02,0.000000e+00,0.000000e+00,6.459890e-26,2.602781e-02,2.761707e-33,0.000000e+00,7.564666e-26,2.602781e-02,2.761707e-33,0.000000e+00
1.100000e-02,3.469872e-15,7.680889e-02,-6.424996e-05,0.000000e+00,-1.135031e-01,2.214000e-01,2.500000e-05,8.096199e-03,8.490681e-02,0.000000e+00,0.000000e+00,0.000000e+00,0.000000e+00,0.000000e+00,0.000000e+00,0.000000e+00,0.000000e+00,0.000000e+00,0.000000e+00,0.000000e+00,0.000000e+00,0.000000e+00,3.469872e-15,1.320238e-02,0.000000e+00,0.000000e+00,9.389709e-26,3.145878e-02,4.432900e-33,0.000000e+00,3.028784e-25,3.145878e-02,4.432900e-33,0.000000e+00
1.200000e-02,5.343190e-15,9.122418e-02,-8.327253e-05,0.000000e+00,-1.236963e-01,2.214000e-01,2.500000e-05,9.615672e-03,1.008416e-01,0.000000e+00,0.000000e+00,0.000000e+00,0.000000e+00,0.000000e+00,0.000000e+00,0.000000e+00,0.000000e+00,0.000000e+00,0.000000e+00,0.000000e+00,0.000000e+00,0.000000e+00,5.343190e-15,1.569210e-02,0.000000e+00,0.000000e+00,5.549082e-28,3.739133e-02,6.826138e-33,0.000000e+00,5.843685e-25,3.739133e-02,6.826138e-33,0.000000e+00
1.300000e-02,7.946100e-15,1.068451e-01,-1.056944e-04,0.000000e+00,-1.338687e-01,2.214000e-01,2.500000e-05,1.126223e-02,1.181090e-01,0.000000e+00,0.000000e+00,0.000000e+00,0.000000e+00,0.000000e+00,0.000000e+00,0.000000e+00,0.000000e+00,0.000000e+00,0.000000e+00,0.000000e+00,0.000000e+00,0.000000e+00,7.946100e-15,1.839099e-02,0.000000e+00,0.000000e+00,6.245036e-26,4.382229e-02,1.015144e-32,0.000000e+00,3.638386e-26,4.382229e-02,1.015144e-32,0.000000e+00
1.400000e-02,1.147144e-14,1.236641e-01,-1.317862e-04,0.000000e+00,-1.440202e-01,2.214000e-01,2.500000e-05,1.303506e-02,1.367008e-01,0.000000e+00,0.000000e+00,0.000000e+00,0.000000e+00,0.000000e+00,0.000000e+00,0.000000e+00,0.000000e+00,0.000000e+00,0.000000e+00,0.000000e+00,0.000000e+00,0.000000e+00,1.147144e-14,2.129775e-02,0.000000e+00,0.000000e+00,6.354673e-26,5.074854e-02,1.465519e-32,0.000000e+00,2.276406e-25,5.074854e-02,1.465519e-32,0.000000e+00
1.500000e-02,1.614255e-14,1.416735e-01,-1.618169e-04,0.000000e+00,-1.541508e-01,2.214000e-01,2.500000e-05,1.493338e-02,1.566086e-01,0.000000e+00,0.000000e+00,0.000000e+00,0.000000e+00,0.000000e+00,0.000000e+00,0.000000e+00,0.000000e+00,0.000000e+00,0.000000e+00,0.000000e+00,0.000000e+00,0.000000e+00,1.614255e-14,2.441104e-02,0.000000e+00,0.000000e+00,1.197645e-24,5.816694e-02,2.062273e-32,0.000000e+00,2.423422e-25,5.816694e-02,2.062273e-32,0.000000e+00
1.600000e-02,2.221532e-14,1.608658e-01,-1.960532e-04,0.000000e+00,-1.642606e-01,2.214000e-01,2.500000e-05,1.695639e-02,1.778239e-01,0.000000e+00,0.000000e+00,0.000000e+00,0.000000e+00,0.000000e+00,0.000000e+00,0.000000e+00,0.000000e+00,0.000000e+00,0.000000e+00,0.000000e+00,0.000000e+00,0.000000e+00,2.221532e-14,2.772957e-02,0.000000e+00,0.000000e+00,1.578968e-25,6.607436e-02,2.838093e-32,0.000000e+00,2.699272e-24,6.607436e-02,2.838093e-32,0.000000e+00
1.700000e-02,2.998017e-14,1.812335e-01,-2.347602e-04,0.000000e+00,-1.743495e-01,2.214000e-01,2.500000e-05,1.910329e-02,2.003385e-01,0.000000e+00,0.000000e+00,0.000000e+00,0.000000e+00,0.000000e+00,0.000000e+00,0.000000e+00,0.000000e+00,0.000000e+00,0.000000e+00,0.000000e+00,0.000000e+00,0.000000e+00,2.998017e-14,3.125201e-02,0.000000e+00,0.000000e+00,2.664605e-25,7.446769e-02,3.830072e-32,0.000000e+00,3.824835e-25,7.446769e-02,3.830072e-32,0.000000e+00
1.800000e-02,3.976363e-14,2.027690e-01,-2.782010e-04,0.000000e+00,-1.844175e-01,2.214000e-01,2.500000e-05,2.137329e-02,2.241440e-01,0.000000e+00,0.000000e+00,0.000000e+00,0.000000e+00,0.000000e+00,0.000000e+00,0.000000e+00,0.000000e+00,0.000000e+00,0.000000e+00,0.000000e+00,0.000000e+00,0.000000e+00,3.976363e-14,3.497707e-02,0.000000e+00,0.000000e+00,-1.490494e-25,8.334381e-02,5.079945e-32,0.000000e+00,-2.211530e-26,8.334381e-02,5.079945e-32,0.000000e+00
1.900000e-02,5.193073e-14,2.254649e-01,-3.266367e-04,0.000000e+00,-1.944647e-01,2.214000e-01,2.500000e-05,2.376559e-02,2.492321e-01,0.000000e+00,0.000000e+00,0.000000e+00,0.000000e+00,0.000000e+00,0.000000e+00,0.000000e+00,0.000000e+00,0.000000e+00,0.000000e+00,0.000000e+00,0.000000e+00,0.000000e+00,5.193073e-14,3.890345e-02,0.000000e+00,0.000000e+00,4.260456e-24,9.269962e-02,6.634334e-32,0.000000e+00,1.435724e-24,9.269962e-02,6.634334e-32,0.000000e+00
2.000000e-02,6.688631e-14,2.493135e-01,-3.803266e-04,0.000000e+00,-2.044909e-01,2.214000e-01,2.500000e-05,2.627940e-02,2.755946e-01,0.000000e+00,0.000000e+00,0.000000e+00,0.000000e+00,0.000000e+00,0.000000e+00,0.000000e+00,0.000000e+00,0.000000e+00,0.000000e+00,0.000000e+00,0.000000e+00,0.000000e+00,6.688631e-14,4.302983e-02,0.000000e+00,0.000000e+00,2.269796e-24,1.025320e-01,8.544976e-32,0.000000e+00,1.103570e-23,1.025320e-01,8.544976e-32,0.000000e+00
2.100000e-02,8.507745e-14,2.743075e-01,-4.395280e-04,0.000000e+00,-2.144963e-01,2.214000e-01,2.500000e-05,2.891394e-02,3.032231e-01,0.000000e+00,0.000000e+00,0.000000e+00,0.000000e+00,0.000000e+00,0.000000e+00,0.000000e+00,0.000000e+00,0.000000e+00,0.000000e+00,0.000000e+00,0.000000e+00,0.000000e+00,8.507745e-14,4.735493e-02,0.000000e+00,0.000000e+00,-9.332701e-25,1.128379e-01,1.086895e-31,0.000000e+00,-6.810707e-25,1.128379e-01,1.086895e-31,0.000000e+00
2.200000e-02,1.069943e-13,3.004393e-01,-5.044966e-04,0.000000e+00,-2.244808e-01,2.214000e-01,2.500000e-05,3.166842e-02,3.321094e-01,0.000000e+00,0.000000e+00,0.000000e+00,0.000000e+00,0.000000e+00,0.000000e+00,0.000000e+00,0.000000e+00,0.000000e+00,0.000000e+00,0.000000e+00,0.000000e+00,0.000000e+00,1.069943e-13,5.187744e-02,0.000000e+00,0.000000e+00,2.987792e-24,1.236142e-01,1.366890e-31,0.000000e+00,1.416410e-24,1.236142e-01,1.366890e-31,0.000000e+00
2.300000e-02,1.331724e-13,3.277015e-01,-5.754859e-04,0.000000e+00,-2.344444e-01,2.214000e-01,2.500000e-05,3.454205e-02,3.622452e-01,0.000000e+00,0.000000e+00,0.000000e+00,0.000000e+00,0.000000e+00,0.000000e+00,0.000000e+00,0.000000e+00,0.000000e+00,0.000000e+00,0.000000e+00,0.000000e+00,0.000000e+00,1.331724e-13,5.659608e-02,0.000000e+00,0.000000e+00,4.458838e-24,1.348578e-01,1.701324e-31,0.000000e+00,4.220496e-24,1.348578e-01,1.701324e-31,0.000000e+00
2.400000e-02,1.641942e-13,3.560868e-01,-6.527475e-04,0.000000e+00,-2.443871e-01,2.214000e-01,2.500000e-05,3.753405e-02,3.936224e-01,0.000000e+00,0.000000e+00,0.000000e+00,0.000000e+00,0.000000e+00,0.000000e+00,0.000000e+00,0.000000e+00,0.000000e+00,0.000000e+00,0.000000e+00,0.000000e+00,0.000000e+00,1.641942e-13,6.150955e-02,0.000000e+00,0.000000e+00,1.907368e-23,1.465657e-01,2.097639e-31,0.000000e+00,2.080684e-23,1.465657e-01,2.097639e-31,0.000000e+00
2.500000e-02,2.006907e-13,3.855875e-01,-7.365315e-04,0.000000e+00,-2.543089e-01,2.214000e-01,2.500000e-05,4.064364e-02,4.262328e-01,0.000000e+00,0.000000e+00,0.000000e+00,0.000000e+00,0.000000e+00,0.000000e+00,0.000000e+00,0.000000e+00,0.000000e+00,0.000000e+00,0.000000e+00,0.000000e+00,0.000000e+00,2.006907e-13,6.661657e-02,0.000000e+00,0.000000e+00,4.514761e-23,1.587348e-01,2.563893e-31,0.000000e+00,4.297919e-24,1.587348e-01,2.563893e-31,0.000000e+00
2.600000e-02,2.433425e-13,4.161964e-01,-8.270858e-04,0.000000e+00,-2.642098e-01,2.214000e-01,2.500000e-05,4.387004e-02,4.600680e-01,0.000000e+00,0.000000e+00,0.000000e+00,0.000000e+00,0.000000e+00,0.000000e+00,0.000000e+00,0.000000e+00,0.000000e+00,0.000000e+00,0.000000e+00,0.000000e+00,0.000000e+00,2.433425e-13,7.191585e-02,0.000000e+00,0.000000e+00,5.171577e-24,1.713620e-01,3.108786e-31,0.000000e+00,4.406514e-24,1.713620e-01,3.108786e-31,0.000000e+00
2.700000e-02,2.928821e-13,4.479060e-01,-9.246564e-04,0.000000e+00,-2.740898e-01,2.214000e-01,2.500000e-05,4.721246e-02,4.951201e-01,0.000000e+00,0.000000e+00,0.000000e+00,0.000000e+00,0.000000e+00,0.000000e+00,0.000000e+00,0.000000e+00,0.000000e+00,0.000000e+00,0.000000e+00,0.000000e+00,0.000000e+00,2.928821e-13,7.740611e-02,0.000000e+00,0.000000e+00,3.022207e-24,1.844442e-01,3.741673e-31,0.000000e+00,1.124187e-23,1.844442e-01,3.741673e-31,0.000000e+00
2.800000e-02,3.500951e-13,4.807090e-01,-1.029488e-03,0.000000e+00,-2.839489e-01,2.214000e-01,2.500000e-05,5.067012e-02,5.313808e-01,0.000000e+00,0.000000e+00,0.000000e+00,0.000000e+00,0.000000e+00,0.000000e+00,0.000000e+00,0.000000e+00,0.000000e+00,0.000000e+00,0.000000e+00,0.000000e+00,0.000000e+00,3.500951e-13,8.308607e-02,0.000000e+00,0.000000e+00,1.104764e-23,1.979785e-01,4.472589e-31,0.000000e+00,4.252692e-23,1.979785e-01,4.472589e-31,0.000000e+00
2.900000e-02,4.158213e-13,5.145981e-01,-1.141822e-03,0.000000e+00,-2.937871e-01,2.214000e-01,2.500000e-05,5.424227e-02,5.688419e-01,0.000000e+00,0.000000e+00,0.000000e+00,0.000000e+00,0.000000e+00,0.000000e+00,0.000000e+00,0.000000e+00,0.000000e+00,0.000000e+00,0.000000e+00,0.000000e+00,0.000000e+00,4.158213e-13,8.895446e-02,0.000000e+00,0.000000e+00,1.309236e-23,2.119618e-01,5.312262e-31,0.000000e+00,2.743648e-23,2.119618e-01,5.312262e-31,0.000000e+00
3.000000e-02,4.909559e-13,5.495658e-01,-1.261900e-03,0.000000e+00,-3.036043e-01,2.214000e-01,2.500000e-05,5.792811e-02,6.074955e-01,0.000000e+00,0.000000e+00,0.000000e+00,0.000000e+00,0.000000e+00,0.000000e+00,0.000000e+00,0.000000e+00,0.000000e+00,0.000000e+00,0.000000e+00,0.000000e+00,0.000000e+00,4.909559e-13,9.500999e-02,0.000000e+00,0.000000e+00,2.882645e-23,2.263910e-01,6.272132e-31,0.000000e+00,2.017081e-23,2.263910e-01,6.272132e-31,0.000000e+00
3.100000e-02,5.764520e-13,5.856048e-01,-1.389959e-03,0.000000e+00,-3.134007e-01,2.214000e-01,2.500000e-05,6.172688e-02,6.473333e-01,0.000000e+00,0.000000e+00,0.000000e+00,0.000000e+00,0.000000e+00,0.000000e+00,0.000000e+00,0.000000e+00,0.000000e+00,0.000000e+00,0.000000e+00,0.000000e+00,0.000000e+00,5.764520e-13,1.012514e-01,0.000000e+00,0.000000e+00,3.176385e-23,2.412631e-01,7.364371e-31,0.000000e+00,2.744475e-23,2.412631e-01,7.364371e-31,0.000000e+00
3.200000e-02,6.733202e-13,6.227080e-01,-1.526238e-03,0.000000e+00,-3.231761e-01,2.214000e-01,2.500000e-05,6.563780e-02,6.883473e-01,0.000000e+00,0.000000e+00,0.000000e+00,0.000000e+00,0.000000e+00,0.000000e+00,0.000000e+00,0.000000e+00,0.000000e+00,0.000000e+00,0.000000e+00,0.000000e+00,0.000000e+00,6.733202e-13,1.076774e-01,0.000000e+00,0.000000e+00,2.791689e-23,2.565751e-01,8.601895e-31,0.000000e+00,4.070707e-23,2.565751e-01,8.601895e-31,0.000000e+00
3.300000e-02,7.826313e-13,6.608678e-01,-1.670971e-03,0.000000e+00,-3.329306e-01,2.214000e-01,2.500000e-05,6.966012e-02,7.305294e-01,0.000000e+00,0.000000e+00,0.000000e+00,0.000000e+00,0.000000e+00,0.000000e+00,0.000000e+00,0.000000e+00,0.000000e+00,0.000000e+00,0.000000e+00,0.000000e+00,0.000000e+00,7.826313e-13,1.142868e-01,0.000000e+00,0.000000e+00,3.081488e-23,2.723240e-01,9.998386e-31,0.000000e+00,4.715420e-23,2.723240e-01,9.998386e-31,0.000000e+00
3.400000e-02,9.055178e-13,7.000770e-01,-1.824391e-03,0.000000e+00,-3.426641e-01,2.214000e-01,2.500000e-05,7.379305e-02,7.738716e-01,0.000000e+00,0.000000e+00,0.000000e+00,0.000000e+00,0.000000e+00,0.000000e+00,0.000000e+00,0.000000e+00,0.000000e+00,0.000000e+00,0.000000e+00,0.000000e+00,0.000000e+00,9.055178e-13,1.210783e-01,0.000000e+00,0.000000e+00,2.728411e-23,2.885068e-01,1.156830e-30,0.000000e+00,2.204674e-23,2.885068e-01,1.156830e-30,0.000000e+00
3.500000e-02,1.043173e-12,7.403285e-01,-1.986729e-03,0.000000e+00,-3.523767e-01,2.214000e-01,2.500000e-05,7.803584e-02,8.183659e-01,0.000000e+00,0.000000e+00,0.000000e+00,0.000000e+00,0.000000e+00,0.000000e+00,0.000000e+00,0.000000e+00,0.000000e+00,0.000000e+00,0.000000e+00,0.000000e+00,0.000000e+00,1.043173e-12,1.280505e-01,0.000000e+00,0.000000e+00,3.756769e-23,3.051204e-01,1.332689e-30,0.000000e+00,4.410230e-23,3.051204e-01,1.332689e-30,0.000000e+00
3.600000e-02,1.196853e-12,7.816148e-01,-2.158216e-03,0.000000e+00,-3.620683e-01,2.214000e-01,2.500000e-05,8.238772e-02,8.640041e-01,0.000000e+00,0.000000e+00,0.000000e+00,0.000000e+00,0.000000e+00,0.000000e+00,0.000000e+00,0.000000e+00,0.000000e+00,0.000000e+00,0.000000e+00,0.000000e+00,0.000000e+00,1.196853e-12,1.352024e-01,0.000000e+00,0.000000e+00,4.946060e-23,3.221619e-01,1.529021e-30,0.000000e+00,3.401370e-23,3.221619e-01,1.529021e-30,0.000000e+00
3.702500e-02,1.395272e-12,8.260716e-01,-2.348358e-03,0.000000e+00,-3.722220e-01,2.214000e-01,2.500000e-05,8.707377e-02,9.131454e-01,0.000000e+00,0.000000e+00,0.000000e+00,0.000000e+00,0.000000e+00,0.000000e+00,0.000000e+00,0.000000e+00,0.000000e+00,0.000000e+00,0.000000e+00,0.000000e+00,0.000000e+00,1.382088e-12,1.432753e-01,0.000000e+00,0.000000e+00,6.591609e-15,3.413981e-01,1.757926e-30,0.000000e+00,6.591921e-15,3.413981e-01,1.757926e-30,0.000000e+00
3.802500e-02,1.587985e-12,8.694570e-01,-2.539306e-03,0.000000e+00,-3.818707e-01,2.214000e-01,2.500000e-05,9.164690e-02,9.611039e-01,0.000000e+00,0.000000e+00,0.000000e+00,0.000000e+00,0.000000e+00,0.000000e+00,0.000000e+00,0.000000e+00,0.000000e+00,0.000000e+00,0.000000e+00,0.000000e+00,0.000000e+00,1.573381e-12,1.508001e-01,0.000000e+00,0.000000e+00,7.302489e-15,3.593284e-01,2.001474e-30,0.000000e+00,7.301837e-15,3.593284e-01,2.001475e-30,0.000000e+00
3.902500e-02,1.801111e-12,9.138554e-01,-2.740091e-03,0.000000e+00,-3.914984e-01,2.214000e-01,2.500000e-05,9.632680e-02,1.010182e+00,0.000000e+00,0.000000e+00,0.000000e+00,0.000000e+00,0.000000e+00,0.000000e+00,0.000000e+00,0.000000e+00,0.000000e+00,0.000000e+00,0.000000e+00,0.000000e+00,0.000000e+00,1.784978e-12,1.585007e-01,0.000000e+00,0.000000e+00,8.067178e-15,3.776774e-01,2.270899e-30,0.000000e+00,8.066492e-15,3.776774e-01,2.270900e-30,0.000000e+00
4.002500e-02,2.036181e-12,9.592594e-01,-2.950934e-03,0.000000e+00,-4.011050e-01,2.214000e-01,2.500000e-05,1.011127e-01,1.060372e+00,0.000000e+00,0.000000e+00,0.000000e+00,0.000000e+00,0.000000e+00,0.000000e+00,0.000000e+00,0.000000e+00,0.000000e+00,0.000000e+00,0.000000e+00,0.000000e+00,0.000000e+00,2.018404e-12,1.663756e-01,0.000000e+00,0.000000e+00,8.888146e-15,3.964419e-01,2.568144e-30,0.000000e+00,8.888508e-15,3.964419e-01,2.568145e-30,0.000000e+00
4.102500e-02,2.294794e-12,1.005662e+00,-3.172055e-03,0.000000e+00,-4.106908e-01,2.214000e-01,2.500000e-05,1.060039e-01,1.111666e+00,0.000000e+00,0.000000e+00,0.000000e+00,0.000000e+00,0.000000e+00,0.000000e+00,0.000000e+00,0.000000e+00,0.000000e+00,0.000000e+00,0.000000e+00,0.000000e+00,0.000000e+00,2.275255e-12,1.744238e-01,0.000000e+00,0.000000e+00,9.769371e-15,4.156191e-01,2.895246e-30,0.000000e+00,9.769371e-15,4.156191e-01,2.895246e-30,0.000000e+00
4.202500e-02,2.578617e-12,1.053056e+00,-3.403674e-03,0.000000e+00,-4.202555e-01,2.214000e-01,2.500000e-05,1.109995e-01,1.164056e+00,0.000000e+00,0.000000e+00,0.000000e+00,0.000000e+00,0.000000e+00,0.000000e+00,0.000000e+00,0.000000e+00,0.000000e+00,0.000000e+00,0.000000e+00,0.000000e+00,0.000000e+00,2.557194e-12,1.826439e-01,0.000000e+00,0.000000e+00,1.071117e-14,4.352061e-01,3.254327e-30,0.000000e+00,1.071235e-14,4.352061e-01,3.254326e-30,0.000000e+00
4.302500e-02,2.889391e-12,1.101434e+00,-3.646006e-03,0.000000e+00,-4.297991e-01,2.214000e-01,2.500000e-05,1.160989e-01,1.217533e+00,0.000000e+00,0.000000e+00,0.000000e+00,0.000000e+00,0.000000e+00,0.000000e+00,0.000000e+00,0.000000e+00,0.000000e+00,0.000000e+00,0.000000e+00,0.000000e+00,0.000000e+00,2.865955e-12,1.910347e-01,0.000000e+00,0.000000e+00,1.171835e-14,4.551998e-01,3.647596e-30,0.000000e+00,1.171835e-14,4.551998e-01,3.647596e-30,0.000000e+00
4.402500e-02,3.228927e-12,1.150790e+00,-3.899266e-03,0.000000e+00,-4.393218e-01,2.214000e-01,2.500000e-05,1.213014e-01,1.272091e+00,0.000000e+00,0.000000e+00,0.000000e+00,0.000000e+00,0.000000e+00,0.000000e+00,0.000000e+00,0.000000e+00,0.000000e+00,0.000000e+00,0.000000e+00,0.000000e+00,0.000000e+00,3.203343e-12,1.995950e-01,0.000000e+00,0.000000e+00,1.279251e-14,4.755974e-01,4.077360e-30,0.000000e+00,1.279206e-14,4.755974e-01,4.077359e-30,0.000000e+00
4.502500e-02,3.599103e-12,1.201115e+00,-4.163667e-03,0.000000e+00,-4.488234e-01,2.214000e-01,2.500000e-05,1.266060e-01,1.327721e+00,0.000000e+00,0.000000e+00,0.000000e+00,0.000000e+00,0.000000e+00,0.000000e+00,0.000000e+00,0.000000e+00,0.000000e+00,0.000000e+00,0.000000e+00,0.000000e+00,0.000000e+00,3.571233e-12,2.083235e-01,0.000000e+00,0.000000e+00,1.393501e-14,4.963958e-01,4.546011e-30,0.000000e+00,1.393501e-14,4.963958e-01,4.546011e-30,0.000000e+00
4.602500e-02,4.001879e-12,1.252404e+00,-4.439421e-03,0.000000e+00,-4.583040e-01,2.214000e-01,2.500000e-05,1.320122e-01,1.384416e+00,0.000000e+00,0.000000e+00,0.000000e+00,0.000000e+00,0.000000e+00,0.000000e+00,0.000000e+00,0.000000e+00,0.000000e+00,0.000000e+00,0.000000e+00,0.000000e+00,0.000000e+00,3.971578e-12,2.172190e-01,0.000000e+00,0.000000e+00,1.515040e-14,5.175923e-01,5.056038e-30,0.000000e+00,1.515040e-14,5.175923e-01,5.056038e-30,0.000000e+00
4.702500e-02,4.439283e-12,1.304648e+00,-4.726736e-03,0.000000e+00,-4.677635e-01,2.214000e-01,2.500000e-05,1.375191e-01,1.442167e+00,0.000000e+00,0.000000e+00,0.000000e+00,0.000000e+00,0.000000e+00,0.000000e+00,0.000000e+00,0.000000e+00,0.000000e+00,0.000000e+00,0.000000e+00,0.000000e+00,0.000000e+00,4.406401e-12,2.262804e-01,0.000000e+00,0.000000e+00,1.644112e-14,5.391837e-01,5.610022e-30,0.000000e+00,1.644112e-14,5.391837e-01,5.610022e-30,0.000000e+00
4.802500e-02,4.913414e-12,1.357841e+00,-5.025821e-03,0.000000e+00,-4.772019e-01,2.214000e-01,2.500000e-05,1.431260e-01,1.500967e+00,0.000000e+00,0.000000e+00,0.000000e+00,0.000000e+00,0.000000e+00,0.000000e+00,0.000000e+00,0.000000e+00,0.000000e+00,0.000000e+00,0.000000e+00,0.000000e+00,0.000000e+00,4.877796e-12,2.355063e-01,0.000000e+00,0.000000e+00,1.780932e-14,5.611672e-01,6.210639e-30,0.000000e+00,1.780883e-14,5.611673e-01,6.210638e-30,0.000000e+00
4.902500e-02,5.426452e-12,1.411976e+00,-5.336881e-03,0.000000e+00,-4.866193e-01,2.214000e-01,2.500000e-05,1.488322e-01,1.560808e+00,0.000000e+00,0.000000e+00,0.000000e+00,0.000000e+00,0.000000e+00,0.000000e+00,0.000000e+00,0.000000e+00,0.000000e+00,0.000000e+00,0.000000e+00,0.000000e+00,0.000000e+00,5.387937e-12,2.448955e-01,0.000000e+00,0.000000e+00,1.925877e-14,5.835400e-01,6.860660e-30,0.000000e+00,1.925656e-14,5.835400e-01,6.860660e-30,0.000000e+00
5.002500e-02,5.980650e-12,1.467045e+00,-5.660120e-03,0.000000e+00,-4.960156e-01,2.214000e-01,2.500000e-05,1.546369e-01,1.621682e+00,0.000000e+00,0.000000e+00,0.000000e+00,0.000000e+00,0.000000e+00,0.000000e+00,0.000000e+00,0.000000e+00,0.000000e+00,0.000000e+00,0.000000e+00,0.000000e+00,0.000000e+00,5.939071e-12,2.544468e-01,0.000000e+00,0.000000e+00,2.079003e-14,6.062991e-01,7.562954e-30,0.000000e+00,2.078942e-14,6.062991e-01,7.562953e-30,0.000000e+00
5.102500e-02,6.578333e-12,1.523042e+00,-5.995740e-03,0.000000e+00,-5.053907e-01,2.214000e-01,2.500000e-05,1.605394e-01,1.683582e+00,0.000000e+00,0.000000e+00,0.000000e+00,0.000000e+00,0.000000e+00,0.000000e+00,0.000000e+00,0.000000e+00,0.000000e+00,0.000000e+00,0.000000e+00,0.000000e+00,0.000000e+00,6.533519e-12,2.641591e-01,0.000000e+00,0.000000e+00,2.240772e-14,6.294416e-01,8.320484e-30,0.000000e+00,2.240598e-14,6.294416e-01,8.320485e-30,0.000000e+00
5.202500e-02,7.221911e-12,1.579960e+00,-6.343942e-03,0.000000e+00,-5.147448e-01,2.214000e-01,2.500000e-05,1.665389e-01,1.746499e+00,0.000000e+00,0.000000e+00,0.000000e+00,0.000000e+00,0.000000e+00,0.000000e+00,0.000000e+00,0.000000e+00,0.000000e+00,0.000000e+00,0.000000e+00,0.000000e+00,0.000000e+00,7.173687e-12,2.740310e-01,0.000000e+00,0.000000e+00,2.411177e-14,6.529645e-01,9.136315e-30,0.000000e+00,2.411293e-14,6.529645e-01,9.136313e-30,0.000000e+00
5.302500e-02,7.913867e-12,1.637792e+00,-6.704924e-03,0.000000e+00,-5.240777e-01,2.214000e-01,2.500000e-05,1.726348e-01,1.810427e+00,0.000000e+00,0.000000e+00,0.000000e+00,0.000000e+00,0.000000e+00,0.000000e+00,0.000000e+00,0.000000e+00,0.000000e+00,0.000000e+00,0.000000e+00,0.000000e+00,0.000000e+00,7.862047e-12,2.840614e-01,0.000000e+00,0.000000e+00,2.591003e-14,6.768652e-01,1.001361e-29,0.000000e+00,2.591007e-14,6.768652e-01,1.001361e-29,0.000000e+00
5.402500e-02,8.656757e-12,1.696530e+00,-7.078884e-03,0.000000e+00,-5.333894e-01,2.214000e-01,2.500000e-05,1.788262e-01,1.875356e+00,0.000000e+00,0.000000e+00,0.000000e+00,0.000000e+00,0.000000e+00,0.000000e+00,0.000000e+00,0.000000e+00,0.000000e+00,0.000000e+00,0.000000e+00,0.000000e+00,0.000000e+00,8.601152e-12,2.942491e-01,0.000000e+00,0.000000e+00,2.780225e-14,7.011405e-01,1.095562e-29,0.000000e+00,2.780222e-14,7.011405e-01,1.095562e-29,0.000000e+00
5.502500e-02,9.453222e-12,1.756168e+00,-7.466015e-03,0.000000e+00,-5.426800e-01,2.214000e-01,2.500000e-05,1.851125e-01,1.941281e+00,0.000000e+00,0.000000e+00,0.000000e+00,0.000000e+00,0.000000e+00,0.000000e+00,0.000000e+00,0.000000e+00,0.000000e+00,0.000000e+00,0.000000e+00,0.000000e+00,0.000000e+00,9.393641e-12,3.045928e-01,0.000000e+00,0.000000e+00,2.979161e-14,7.257876e-01,1.196571e-29,0.000000e+00,2.978893e-14,7.257876e-01,1.196571e-29,0.000000e+00
5.602500e-02,1.030598e-11,1.816699e+00,-7.866512e-03,0.000000e+00,-5.519494e-01,2.214000e-01,2.500000e-05,1.914929e-01,2.008192e+00,0.000000e+00,0.000000e+00,0.000000e+00,0.000000e+00,0.000000e+00,0.000000e+00,0.000000e+00,0.000000e+00,0.000000e+00,0.000000e+00,0.000000e+00,0.000000e+00,0.000000e+00,1.024222e-11,3.150915e-01,0.000000e+00,0.000000e+00,3.187996e-14,7.508038e-01,1.304735e-29,0.000000e+00,3.188049e-14,7.508038e-01,1.304735e-29,0.000000e+00
5.702500e-02,1.121783e-11,1.878116e+00,-8.280567e-03,0.000000e+00,-5.611976e-01,2.214000e-01,2.500000e-05,1.979667e-01,2.076083e+00,0.000000e+00,0.000000e+00,0.000000e+00,0.000000e+00,0.000000e+00,0.000000e+00,0.000000e+00,0.000000e+00,0.000000e+00,0.000000e+00,0.000000e+00,0.000000e+00,0.000000e+00,1.114968e-11,3.257437e-01,0.000000e+00,0.000000e+00,3.407236e-14,7.761862e-01,1.420409e-29,0.000000e+00,3.407014e-14,7.761862e-01,1.420409e-29,0.000000e+00
5.802500e-02,1.219163e-11,1.940412e+00,-8.708368e-03,0.000000e+00,-5.704246e-01,2.214000e-01,2.500000e-05,2.045331e-01,2.144945e+00,0.000000e+00,0.000000e+00,0.000000e+00,0.000000e+00,0.000000e+00,0.000000e+00,0.000000e+00,0.000000e+00,0.000000e+00,0.000000e+00,0.000000e+00,0.000000e+00,0.000000e+00,1.211889e-11,3.365484e-01,0.000000e+00,0.000000e+00,3.636978e-14,8.019318e-01,1.543959e-29,0.000000e+00,3.636929e-14,8.019318e-01,1.543959e-29,0.000000e+00
5.902500e-02,1.323037e-11,2.003580e+00,-9.150105e-03,0.000000e+00,-5.796303e-01,2.214000e-01,2.500000e-05,2.111915e-01,2.214772e+00,0.000000e+00,0.000000e+00,0.000000e+00,0.000000e+00,0.000000e+00,0.000000e+00,0.000000e+00,0.000000e+00,0.000000e+00,0.000000e+00,0.000000e+00,0.000000e+00,0.000000e+00,1.315281e-11,3.475044e-01,0.000000e+00,0.000000e+00,3.877702e-14,8.280378e-01,1.675762e-29,0.000000e+00,3.877673e-14,8.280378e-01,1.675762e-29,0.000000e+00
6.002500e-02,1.433704e-11,2.067613e+00,-9.605962e-03,0.000000e+00,-5.888148e-01,2.214000e-01,2.500000e-05,2.179410e-01,2.285554e+00,0.000000e+00,0.000000e+00,0.000000e+00,0.000000e+00,0.000000e+00,0.000000e+00,0.000000e+00,0.000000e+00,0.000000e+00,0.000000e+00,0.000000e+00,0.000000e+00,0.000000e+00,1.425446e-11,3.586105e-01,0.000000e+00,0.000000e+00,4.129545e-14,8.545014e-01,1.816205e-29,0.000000e+00,4.129369e-14,8.545014e-01,1.816206e-29,0.000000e+00
6.102500e-02,1.551480e-11,2.132505e+00,-1.007612e-02,0.000000e+00,-5.979781e-01,2.214000e-01,2.500000e-05,2.247811e-01,2.357286e+00,0.000000e+00,0.000000e+00,0.000000e+00,0.000000e+00,0.000000e+00,0.000000e+00,0.000000e+00,0.000000e+00,0.000000e+00,0.000000e+00,0.000000e+00,0.000000e+00,0.000000e+00,1.542695e-11,3.698654e-01,0.000000e+00,0.000000e+00,4.392803e-14,8.813198e-01,1.965685e-29,0.000000e+00,4.392607e-14,8.813198e-01,1.965686e-29,0.000000e+00
6.202500e-02,1.676681e-11,2.198248e+00,-1.056078e-02,0.000000e+00,-6.071200e-01,2.214000e-01,2.500000e-05,2.317109e-01,2.429959e+00,0.000000e+00,0.000000e+00,0.000000e+00,0.000000e+00,0.000000e+00,0.000000e+00,0.000000e+00,0.000000e+00,0.000000e+00,0.000000e+00,0.000000e+00,0.000000e+00,0.000000e+00,1.667346e-11,3.812680e-01,0.000000e+00,0.000000e+00,4.667653e-14,9.084901e-01,2.124609e-29,0.000000e+00,4.667909e-14,9.084901e-01,2.124609e-29,0.000000e+00
6.302500e-02,1.809637e-11,2.264836e+00,-1.106010e-02,0.000000e+00,-6.162406e-01,2.214000e-01,2.500000e-05,2.387297e-01,2.503566e+00,0.000000e+00,0.000000e+00,0.000000e+00,0.000000e+00,0.000000e+00,0.000000e+00,0.000000e+00,0.000000e+00,0.000000e+00,0.000000e+00,0.000000e+00,0.000000e+00,0.000000e+00,1.799727e-11,3.928171e-01,0.000000e+00,0.000000e+00,4.954977e-14,9.360096e-01,2.293394e-29,0.000000e+00,4.954745e-14,9.360096e-01,2.293394e-29,0.000000e+00
6.402500e-02,1.950683e-11,2.332262e+00,-1.157427e-02,0.000000e+00,-6.253399e-01,2.214000e-01,2.500000e-05,2.458369e-01,2.578099e+00,0.000000e+00,0.000000e+00,0.000000e+00,0.000000e+00,0.000000e+00,0.000000e+00,0.000000e+00,0.000000e+00,0.000000e+00,0.000000e+00,0.000000e+00,0.000000e+00,0.000000e+00,1.940174e-11,4.045116e-01,0.000000e+00,0.000000e+00,5.254346e-14,9.638753e-01,2.472469e-29,0.000000e+00,5.254099e-14,9.638753e-01,2.472469e-29,0.000000e+00
6.502500e-02,2.100163e-11,2.400519e+00,-1.210346e-02,0.000000e+00,-6.344179e-01,2.214000e-01,2.500000e-05,2.530316e-01,2.653551e+00,0.000000e+00,0.000000e+00,0.000000e+00,0.000000e+00,0.000000e+00,0.000000e+00,0.000000e+00,0.000000e+00,0.000000e+00,0.000000e+00,0.000000e+00,0.000000e+00,0.000000e+00,2.089031e-11,4.163502e-01,0.000000e+00,0.000000e+00,5.566095e-14,9.920844e-01,2.662271e-29,0.000000e+00,5.566114e-14,9.920844e-01,2.662270e-29,0.000000e+00
6.602500e-02,2.258430e-11,2.469600e+00,-1.264786e-02,0.000000e+00,-6.434745e-01,2.214000e-01,2.500000e-05,2.603133e-01,2.729914e+00,0.000000e+00,0.000000e+00,0.000000e+00,0.000000e+00,0.000000e+00,0.000000e+00,0.000000e+00,0.000000e+00,0.000000e+00,0.000000e+00,0.000000e+00,0.000000e+00,0.000000e+00,2.246647e-11,4.283318e-01,0.000000e+00,0.000000e+00,5.891272e-14,1.020634e+00,2.863249e-29,0.000000e+00,5.890982e-14,1.020634e+00,2.863249e-29,0.000000e+00
6.702500e-02,2.425842e-11,2.539499e+00,-1.320763e-02,0.000000e+00,-6.525097e-01,2.214000e-01,2.500000e-05,2.676812e-01,2.807181e+00,0.000000e+00,0.000000e+00,0.000000e+00,0.000000e+00,0.000000e+00,0.000000e+00,0.000000e+00,0.000000e+00,0.000000e+00,0.000000e+00,0.000000e+00,0.000000e+00,0.000000e+00,2.413383e-11,4.404552e-01,0.000000e+00,0.000000e+00,6.229534e-14,1.049522e+00,3.075863e-29,0.000000e+00,6.229461e-14,1.049522e+00,3.075862e-29,0.000000e+00
6.802500e-02,2.602769e-11,2.610209e+00,-1.378295e-02,0.000000e+00,-6.615235e-01,2.214000e-01,2.500000e-05,2.751344e-01,2.885344e+00,0.000000e+00,0.000000e+00,0.000000e+00,0.000000e+00,0.000000e+00,0.000000e+00,0.000000e+00,0.000000e+00,0.000000e+00,0.000000e+00,0.000000e+00,0.000000e+00,0.000000e+00,2.589606e-11,4.527192e-01,0.000000e+00,0.000000e+00,6.581042e-14,1.078745e+00,3.300581e-29,0.000000e+00,6.581365e-14,1.078745e+00,3.300581e-29,0.000000e+00
6.902500e-02,2.789587e-11,2.681723e+00,-1.437399e-02,0.000000e+00,-6.705158e-01,2.214000e-01,2.500000e-05,2.826725e-01,2.964395e+00,0.000000e+00,0.000000e+00,0.000000e+00,0.000000e+00,0.000000e+00,0.000000e+00,0.000000e+00,0.000000e+00,0.000000e+00,0.000000e+00,0.000000e+00,0.000000e+00,0.000000e+00,2.775694e-11,4.651226e-01,0.000000e+00,0.000000e+00,6.946592e-14,1.108300e+00,3.537885e-29,0.000000e+00,6.946608e-14,1.108300e+00,3.537885e-29,0.000000e+00
7.002500e-02,2.986682e-11,2.754034e+00,-1.498092e-02,0.000000e+00,-6.794867e-01,2.214000e-01,2.500000e-05,2.902946e-01,3.044328e+00,0.000000e+00,0.000000e+00,0.000000e+00,0.000000e+00,0.000000e+00,0.000000e+00,0.000000e+00,0.000000e+00,0.000000e+00,0.000000e+00,0.000000e+00,0.000000e+00,0.000000e+00,2.972030e-11,4.776644e-01,0.000000e+00,0.000000e+00,7.326476e-14,1.138185e+00,3.788263e-29,0.000000e+00,7.326330e-14,1.138185e+00,3.788263e-29,0.000000e+00
7.102500e-02,3.194445e-11,2.827136e+00,-1.560390e-02,0.000000e+00,-6.884361e-01,2.214000e-01,2.500000e-05,2.980000e-01,3.125136e+00,0.000000e+00,0.000000e+00,0.000000e+00,0.000000e+00,0.000000e+00,0.000000e+00,0.000000e+00,0.000000e+00,0.000000e+00,0.000000e+00,0.000000e+00,0.000000e+00,0.000000e+00,3.179005e-11,4.903433e-01,0.000000e+00,0.000000e+00,7.720443e-14,1.168396e+00,4.052218e-29,0.000000e+00,7.720429e-14,1.168396e+00,4.052218e-29,0.000000e+00
7.202500e-02,3.413278e-11,2.901021e+00,-1.624311e-02,0.000000e+00,-6.973640e-01,2.214000e-01,2.500000e-05,3.057881e-01,3.206810e+00,0.000000e+00,0.000000e+00,0.000000e+00,0.000000e+00,0.000000e+00,0.000000e+00,0.000000e+00,0.000000e+00,0.000000e+00,0.000000e+00,0.000000e+00,0.000000e+00,0.000000e+00,3.397019e-11,5.031582e-01,0.000000e+00,0.000000e+00,8.129543e-14,1.198932e+00,4.330260e-29,0.000000e+00,8.129258e-14,1.198932e+00,4.330260e-29,0.000000e+00
7.302500e-02,3.643590e-11,2.975684e+00,-1.689869e-02,0.000000e+00,-7.062704e-01,2.214000e-01,2.500000e-05,3.136581e-01,3.289343e+00,0.000000e+00,0.000000e+00,0.000000e+00,0.000000e+00,0.000000e+00,0.000000e+00,0.000000e+00,0.000000e+00,0.000000e+00,0.000000e+00,0.000000e+00,0.000000e+00,0.000000e+00,3.626484e-11,5.161079e-01,0.000000e+00,0.000000e+00,8.553099e-14,1.229788e+00,4.622911e-29,0.000000e+00,8.553127e-14,1.229788e+00,4.622911e-29,0.000000e+00
7.402500e-02,3.885802e-11,3.051118e+00,-1.757083e-02,0.000000e+00,-7.151552e-01,2.214000e-01,2.500000e-05,3.216093e-01,3.372727e+00,0.000000e+00,0.000000e+00,0.000000e+00,0.000000e+00,0.000000e+00,0.000000e+00,0.000000e+00,0.000000e+00,0.000000e+00,0.000000e+00,0.000000e+00,0.000000e+00,0.000000e+00,3.867816e-11,5.291912e-01,0.000000e+00,0.000000e+00,8.993681e-14,1.260963e+00,4.930702e-29,0.000000e+00,8.992294e-14,1.260963e+00,4.930703e-29,0.000000e+00
7.502500e-02,4.140333e-11,3.127316e+00,-1.825966e-02,0.000000e+00,-7.240185e-01,2.214000e-01,2.500000e-05,3.296411e-01,3.456957e+00,0.000000e+00,0.000000e+00,0.000000e+00,0.000000e+00,0.000000e+00,0.000000e+00,0.000000e+00,0.000000e+00,0.000000e+00,0.000000e+00,0.000000e+00,0.000000e+00,0.000000e+00,4.121437e-11,5.424070e-01,0.000000e+00,0.000000e+00,9.447328e-14,1.292454e+00,5.254178e-29,0.000000e+00,9.448187e-14,1.292454e+00,5.254179e-29,0.000000e+00
7.602500e-02,4.407617e-11,3.204271e+00,-1.896537e-02,0.000000e+00,-7.328601e-01,2.214000e-01,2.500000e-05,3.377527e-01,3.542023e+00,0.000000e+00,0.000000e+00,0.000000e+00,0.000000e+00,0.000000e+00,0.000000e+00,0.000000e+00,0.000000e+00,0.000000e+00,0.000000e+00,0.000000e+00,0.000000e+00,0.000000e+00,4.387782e-11,5.557542e-01,0.000000e+00,0.000000e+00,9.919866e-14,1.324258e+00,5.593891e-29,0.000000e+00,9.915111e-14,1.324258e+00,5.593891e-29,0.000000e+00
7.702500e-02,4.688103e-11,3.281976e+00,-1.968809e-02,0.000000e+00,-7.416801e-01,2.214000e-01,2.500000e-05,3.459435e-01,3.627920e+00,0.000000e+00,0.000000e+00,0.000000e+00,0.000000e+00,0.000000e+00,0.000000e+00,0.000000e+00,0.000000e+00,0.000000e+00,0.000000e+00,0.000000e+00,0.000000e+00,0.000000e+00,4.667295e-11,5.692316e-01,0.000000e+00,0.000000e+00,1.040408e-13,1.356372e+00,5.950405e-29,0.000000e+00,1.040408e-13,1.356372e+00,5.950404e-29,0.000000e+00
7.802500e-02,4.982237e-11,3.360426e+00,-2.042799e-02,0.000000e+00,-7.504784e-01,2.214000e-01,2.500000e-05,3.542126e-01,3.714639e+00,0.000000e+00,0.000000e+00,0.000000e+00,0.000000e+00,0.000000e+00,0.000000e+00,0.000000e+00,0.000000e+00,0.000000e+00,0.000000e+00,0.000000e+00,0.000000e+00,0.000000e+00,4.960421e-11,5.828381e-01,0.000000e+00,0.000000e+00,1.090762e-13,1.388794e+00,6.324290e-29,0.000000e+00,1.090890e-13,1.388794e+00,6.324292e-29,0.000000e+00
7.902500e-02,5.290476e-11,3.439614e+00,-2.118522e-02,0.000000e+00,-7.592551e-01,2.214000e-01,2.500000e-05,3.625595e-01,3.802173e+00,0.000000e+00,0.000000e+00,0.000000e+00,0.000000e+00,0.000000e+00,0.000000e+00,0.000000e+00,0.000000e+00,0.000000e+00,0.000000e+00,0.000000e+00,0.000000e+00,0.000000e+00,5.267619e-11,5.965725e-01,0.000000e+00,0.000000e+00,1.142836e-13,1.421520e+00,6.716136e-29,0.000000e+00,1.142833e-13,1.421520e+00,6.716136e-29,0.000000e+00
8.002500e-02,5.613284e-11,3.519532e+00,-2.195993e-02,0.000000e+00,-7.680100e-01,2.214000e-01,2.500000e-05,3.709835e-01,3.890516e+00,0.000000e+00,0.000000e+00,0.000000e+00,0.000000e+00,0.000000e+00,0.000000e+00,0.000000e+00,0.000000e+00,0.000000e+00,0.000000e+00,0.000000e+00,0.000000e+00,0.000000e+00,5.589355e-11,6.104338e-01,0.000000e+00,0.000000e+00,1.196494e-13,1.454549e+00,7.126533e-29,0.000000e+00,1.196490e-13,1.454549e+00,7.126533e-29,0.000000e+00
8.102500e-02,5.951143e-11,3.600175e+00,-2.275227e-02,0.000000e+00,-7.767431e-01,2.214000e-01,2.500000e-05,3.794838e-01,3.979659e+00,0.000000e+00,0.000000e+00,0.000000e+00,0.000000e+00,0.000000e+00,0.000000e+00,0.000000e+00,0.000000e+00,0.000000e+00,0.000000e+00,0.000000e+00,0.000000e+00,0.000000e+00,5.926103e-11,6.244206e-01,0.000000e+00,0.000000e+00,1.251832e-13,1.487877e+00,7.556087e-29,0.000000e+00,1.252233e-13,1.487877e+00,7.556085e-29,0.000000e+00
8.202500e-02,6.304526e-11,3.681536e+00,-2.356239e-02,0.000000e+00,-7.854545e-01,2.214000e-01,2.500000e-05,3.880599e-01,4.069596e+00,0.000000e+00,0.000000e+00,0.000000e+00,0.000000e+00,0.000000e+00,0.000000e+00,0.000000e+00,0.000000e+00,0.000000e+00,0.000000e+00,0.000000e+00,0.000000e+00,0.000000e+00,6.278342e-11,6.385319e-01,0.000000e+00,0.000000e+00,1.309494e-13,1.521502e+00,8.005413e-29,0.000000e+00,1.308936e-13,1.521502e+00,8.005413e-29,0.000000e+00
8.302500e-02,6.673929e-11,3.763608e+00,-2.439044e-02,0.000000e+00,-7.941441e-01,2.214000e-01,2.500000e-05,3.967108e-01,4.160319e+00,0.000000e+00,0.000000e+00,0.000000e+00,0.000000e+00,0.000000e+00,0.000000e+00,0.000000e+00,0.000000e+00,0.000000e+00,0.000000e+00,0.000000e+00,0.000000e+00,0.000000e+00,6.646565e-11,6.527667e-01,0.000000e+00,0.000000e+00,1.368250e-13,1.555421e+00,8.475138e-29,0.000000e+00,1.368259e-13,1.555421e+00,8.475138e-29,0.000000e+00
8.402500e-02,7.059852e-11,3.846385e+00,-2.523656e-02,0.000000e+00,-8.028119e-01,2.214000e-01,2.500000e-05,4.054361e-01,4.251822e+00,0.000000e+00,0.000000e+00,0.000000e+00,0.000000e+00,0.000000e+00,0.000000e+00,0.000000e+00,0.000000e+00,0.000000e+00,0.000000e+00,0.000000e+00,0.000000e+00,0.000000e+00,7.031269e-11,6.671237e-01,0.000000e+00,0.000000e+00,1.429167e-13,1.589631e+00,8.965892e-29,0.000000e+00,1.429168e-13,1.589631e+00,8.965892e-29,0.000000e+00
8.502500e-02,7.462794e-11,3.929861e+00,-2.610089e-02,0.000000e+00,-8.114577e-01,2.214000e-01,2.500000e-05,4.142351e-01,4.344096e+00,0.000000e+00,0.000000e+00,0.000000e+00,0.000000e+00,0.000000e+00,0.000000e+00,0.000000e+00,0.000000e+00,0.000000e+00,0.000000e+00,0.000000e+00,0.000000e+00,0.000000e+00,7.432959e-11,6.816019e-01,0.000000e+00,0.000000e+00,1.491844e-13,1.624129e+00,9.478330e-29,0.000000e+00,1.491691e-13,1.624129e+00,9.478328e-29,0.000000e+00
8.602500e-02,7.883279e-11,4.014029e+00,-2.698358e-02,0.000000e+00,-8.200817e-01,2.214000e-01,2.500000e-05,4.231069e-01,4.437135e+00,0.000000e+00,0.000000e+00,0.000000e+00,0.000000e+00,0.000000e+00,0.000000e+00,0.000000e+00,0.000000e+00,0.000000e+00,0.000000e+00,0.000000e+00,0.000000e+00,0.000000e+00,7.852149e-11,6.962000e-01,0.000000e+00,0.000000e+00,1.556587e-13,1.658914e+00,1.001310e-28,0.000000e+00,1.556431e-13,1.658914e+00,1.001309e-28,0.000000e+00
8.702500e-02,8.321812e-11,4.098881e+00,-2.788476e-02,0.000000e+00,-8.286837e-01,2.214000e-01,2.500000e-05,4.320510e-01,4.530932e+00,0.000000e+00,0.000000e+00,0.000000e+00,0.000000e+00,0.000000e+00,0.000000e+00,0.000000e+00,0.000000e+00,0.000000e+00,0.000000e+00,0.000000e+00,0.000000e+00,0.000000e+00,8.289356e-11,7.109171e-01,0.000000e+00,0.000000e+00,1.622885e-13,1.693982e+00,1.057087e-28,0.000000e+00,1.622740e-13,1.693982e+00,1.057086e-28,0.000000e+00
8.802500e-02,8.778942e-11,4.184413e+00,-2.880458e-02,0.000000e+00,-8.372638e-01,2.214000e-01,2.500000e-05,4.410667e-01,4.625480e+00,0.000000e+00,0.000000e+00,0.000000e+00,0.000000e+00,0.000000e+00,0.000000e+00,0.000000e+00,0.000000e+00,0.000000e+00,0.000000e+00,0.000000e+00,0.000000e+00,0.000000e+00,8.745119e-11,7.257519e-01,0.000000e+00,0.000000e+00,1.691276e-13,1.729331e+00,1.115231e-28,0.000000e+00,1.691108e-13,1.729331e+00,1.115231e-28,0.000000e+00
8.902500e-02,9.255200e-11,4.270618e+00,-2.974317e-02,0.000000e+00,-8.458218e-01,2.214000e-01,2.500000e-05,4.501533e-01,4.720771e+00,0.000000e+00,0.000000e+00,0.000000e+00,0.000000e+00,0.000000e+00,0.000000e+00,0.000000e+00,0.000000e+00,0.000000e+00,0.000000e+00,0.000000e+00,0.000000e+00,0.000000e+00,9.219965e-11,7.407034e-01,0.000000e+00,0.000000e+00,1.761487e-13,1.764957e+00,1.175812e-28,0.000000e+00,1.761975e-13,1.764957e+00,1.175811e-28,0.000000e+00
9.002500e-02,9.751128e-11,4.357489e+00,-3.070066e-02,0.000000e+00,-8.543578e-01,2.214000e-01,2.500000e-05,4.593101e-01,4.816799e+00,0.000000e+00,0.000000e+00,0.000000e+00,0.000000e+00,0.000000e+00,0.000000e+00,0.000000e+00,0.000000e+00,0.000000e+00,0.000000e+00,0.000000e+00,0.000000e+00,0.000000e+00,9.714447e-11,7.557704e-01,0.000000e+00,0.000000e+00,1.834331e-13,1.800859e+00,1.238898e-28,0.000000e+00,1.833829e-13,1.800859e+00,1.238898e-28,0.000000e+00
9.102500e-02,1.026728e-10,4.445020e+00,-3.167719e-02,0.000000e+00,-8.628717e-01,2.214000e-01,2.500000e-05,4.685364e-01,4.913556e+00,0.000000e+00,0.000000e+00,0.000000e+00,0.000000e+00,0.000000e+00,0.000000e+00,0.000000e+00,0.000000e+00,0.000000e+00,0.000000e+00,0.000000e+00,0.000000e+00,0.000000e+00,1.022911e-10,7.709519e-01,0.000000e+00,0.000000e+00,1.908350e-13,1.837034e+00,1.304560e-28,0.000000e+00,1.908516e-13,1.837034e+00,1.304561e-28,0.000000e+00
9.202500e-02,1.080422e-10,4.533204e+00,-3.267289e-02,0.000000e+00,-8.713636e-01,2.214000e-01,2.500000e-05,4.778317e-01,5.011036e+00,0.000000e+00,0.000000e+00,0.000000e+00,0.000000e+00,0.000000e+00,0.000000e+00,0.000000e+00,0.000000e+00,0.000000e+00,0.000000e+00,0.000000e+00,0.000000e+00,0.000000e+00,1.076452e-10,7.862468e-01,0.000000e+00,0.000000e+00,1.984624e-13,1.873479e+00,1.372871e-28,0.000000e+00,1.985313e-13,1.873479e+00,1.372871e-28,0.000000e+00
9.302500e-02,1.136251e-10,4.622036e+00,-3.368789e-02,0.000000e+00,-8.798332e-01,2.214000e-01,2.500000e-05,4.871951e-01,5.109231e+00,0.000000e+00,0.000000e+00,0.000000e+00,0.000000e+00,0.000000e+00,0.000000e+00,0.000000e+00,0.000000e+00,0.000000e+00,0.000000e+00,0.000000e+00,0.000000e+00,0.000000e+00,1.132124e-10,8.016538e-01,0.000000e+00,0.000000e+00,2.063875e-13,1.910191e+00,1.443902e-28,0.000000e+00,2.063193e-13,1.910191e+00,1.443902e-28,0.000000e+00
9.402500e-02,1.194273e-10,4.711507e+00,-3.472232e-02,0.000000e+00,-8.882807e-01,2.214000e-01,2.500000e-05,4.966261e-01,5.208133e+00,0.000000e+00,0.000000e+00,0.000000e+00,0.000000e+00,0.000000e+00,0.000000e+00,0.000000e+00,0.000000e+00,0.000000e+00,0.000000e+00,0.000000e+00,0.000000e+00,0.000000e+00,1.189985e-10,8.171720e-01,0.000000e+00,0.000000e+00,2.144041e-13,1.947168e+00,1.517726e-28,0.000000e+00,2.144236e-13,1.947168e+00,1.517726e-28,0.000000e+00
9.502500e-02,1.254548e-10,4.801614e+00,-3.577630e-02,0.000000e+00,-8.967060e-01,2.214000e-01,2.500000e-05,5.061240e-01,5.307738e+00,0.000000e+00,0.000000e+00,0.000000e+00,0.000000e+00,0.000000e+00,0.000000e+00,0.000000e+00,0.000000e+00,0.000000e+00,0.000000e+00,0.000000e+00,0.000000e+00,0.000000e+00,1.250094e-10,8.328002e-01,0.000000e+00,0.000000e+00,2.227287e-13,1.984407e+00,1.594419e-28,0.000000e+00,2.227303e-13,1.984407e+00,1.594419e-28,0.000000e+00
9.602500e-02,1.317131e-10,4.892348e+00,-3.684996e-02,0.000000e+00,-9.051090e-01,2.214000e-01,2.500000e-05,5.156880e-01,5.408036e+00,0.000000e+00,0.000000e+00,0.000000e+00,0.000000e+00,0.000000e+00,0.000000e+00,0.000000e+00,0.000000e+00,0.000000e+00,0.000000e+00,0.000000e+00,0.000000e+00,0.000000e+00,1.312508e-10,8.485374e-01,0.000000e+00,0.000000e+00,2.312145e-13,2.021905e+00,1.674056e-28,0.000000e+00,2.311618e-13,2.021905e+00,1.674056e-28,0.000000e+00
9.702500e-02,1.382087e-10,4.983705e+00,-3.794342e-02,0.000000e+00,-9.134898e-01,2.214000e-01,2.500000e-05,5.253176e-01,5.509022e+00,0.000000e+00,0.000000e+00,0.000000e+00,0.000000e+00,0.000000e+00,0.000000e+00,0.000000e+00,0.000000e+00,0.000000e+00,0.000000e+00,0.000000e+00,0.000000e+00,0.000000e+00,1.377289e-10,8.643824e-01,0.000000e+00,0.000000e+00,2.399042e-13,2.059661e+00,1.756713e-28,0.000000e+00,2.399415e-13,2.059661e+00,1.756712e-28,0.000000e+00
9.802500e-02,1.449472e-10,5.075676e+00,-3.905680e-02,0.000000e+00,-9.218481e-01,2.214000e-01,2.500000e-05,5.350121e-01,5.610689e+00,0.000000e+00,0.000000e+00,0.000000e+00,0.000000e+00,0.000000e+00,0.000000e+00,0.000000e+00,0.000000e+00,0.000000e+00,0.000000e+00,0.000000e+00,0.000000e+00,0.000000e+00,1.444495e-10,8.803341e-01,0.000000e+00,0.000000e+00,2.488450e-13,2.097671e+00,1.842466e-28,0.000000e+00,2.488648e-13,2.097671e+00,1.842466e-28,0.000000e+00
9.902500e-02,1.519350e-10,5.168258e+00,-4.019023e-02,0.000000e+00,-9.301841e-01,2.214000e-01,2.500000e-05,5.447708e-01,5.713028e+00,0.000000e+00,0.000000e+00,0.000000e+00,0.000000e+00,0.000000e+00,0.000000e+00,0.000000e+00,0.000000e+00,0.000000e+00,0.000000e+00,0.000000e+00,0.000000e+00,0.000000e+00,1.514190e-10,8.963915e-01,0.000000e+00,0.000000e+00,2.579746e-13,2.135933e+00,1.931396e-28,0.000000e+00,2.579955e-13,2.135933e+00,1.931396e-28,0.000000e+00
1.000250e-01,1.591782e-10,5.261442e+00,-4.134382e-02,0.000000e+00,-9.384977e-01,2.214000e-01,2.500000e-05,5.545931e-01,5.816035e+00,0.000000e+00,0.000000e+00,0.000000e+00,0.000000e+00,0.000000e+00,0.000000e+00,0.000000e+00,0.000000e+00,0.000000e+00,0.000000e+00,0.000000e+00,0.000000e+00,0.000000e+00,1.586435e-10,9.125535e-01,0.000000e+00,0.000000e+00,2.674049e-13,2.174444e+00,2.023580e-28,0.000000e+00,2.673653e-13,2.174444e+00,2.023581e-28,0.000000e+00
1.010250e-01,1.666832e-10,5.355223e+00,-4.251768e-02,0.000000e+00,-9.467888e-01,2.214000e-01,2.500000e-05,5.644782e-01,5.919701e+00,0.000000e+00,0.000000e+00,0.000000e+00,0.000000e+00,0.000000e+00,0.000000e+00,0.000000e+00,0.000000e+00,0.000000e+00,0.000000e+00,0.000000e+00,0.000000e+00,0.000000e+00,1.661292e-10,9.288191e-01,0.000000e+00,0.000000e+00,2.770331e-13,2.213202e+00,2.119100e-28,0.000000e+00,2.770142e-13,2.213202e+00,2.119099e-28,0.000000e+00
1.020250e-01,1.744562e-10,5.449594e+00,-4.371194e-02,0.000000e+00,-9.550575e-01,2.214000e-01,2.500000e-05,5.744256e-01,6.024020e+00,0.000000e+00,0.000000e+00,0.000000e+00,0.000000e+00,0.000000e+00,0.000000e+00,0.000000e+00,0.000000e+00,0.000000e+00,0.000000e+00,0.000000e+00,0.000000e+00,0.000000e+00,1.738825e-10,9.451870e-01,0.000000e+00,0.000000e+00,2.868774e-13,2.252203e+00,2.218035e-28,0.000000e+00,2.868582e-13,2.252203e+00,2.218034e-28,0.000000e+00
1.030250e-01,1.825037e-10,5.544549e+00,-4.492671e-02,0.000000e+00,-9.633036e-01,2.214000e-01,2.500000e-05,5.844346e-01,6.128984e+00,0.000000e+00,0.000000e+00,0.000000e+00,0.000000e+00,0.000000e+00,0.000000e+00,0.000000e+00,0.000000e+00,0.000000e+00,0.000000e+00,0.000000e+00,0.000000e+00,0.000000e+00,1.819098e-10,9.616563e-01,0.000000e+00,0.000000e+00,2.969209e-13,2.291447e+00,2.320467e-28,0.000000e+00,2.969846e-13,2.291447e+00,2.320467e-28,0.000000e+00
1.040250e-01,1.908320e-10,5.640083e+00,-4.616208e-02,0.000000e+00,-9.715271e-01,2.214000e-01,2.500000e-05,5.945046e-01,6.234588e+00,0.000000e+00,0.000000e+00,0.000000e+00,0.000000e+00,0.000000e+00,0.000000e+00,0.000000e+00,0.000000e+00,0.000000e+00,0.000000e+00,0.000000e+00,0.000000e+00,0.000000e+00,1.902175e-10,9.782258e-01,0.000000e+00,0.000000e+00,3.072313e-13,2.330929e+00,2.426480e-28,0.000000e+00,3.072531e-13,2.330929e+00,2.426481e-28,0.000000e+00
1.050250e-01,1.994480e-10,5.736189e+00,-4.741819e-02,0.000000e+00,-9.797280e-01,2.214000e-01,2.500000e-05,6.046348e-01,6.340824e+00,0.000000e+00,0.000000e+00,0.000000e+00,0.000000e+00,0.000000e+00,0.000000e+00,0.000000e+00,0.000000e+00,0.000000e+00,0.000000e+00,0.000000e+00,0.000000e+00,0.000000e+00,1.988124e-10,9.948946e-01,0.000000e+00,0.000000e+00,3.178257e-13,2.370647e+00,2.536158e-28,0.000000e+00,3.178243e-13,2.370647e+00,2.536158e-28,0.000000e+00
1.060250e-01,2.083582e-10,5.832861e+00,-4.869513e-02,0.000000e+00,-9.879062e-01,2.214000e-01,2.500000e-05,6.148247e-01,6.447686e+00,0.000000e+00,0.000000e+00,0.000000e+00,0.000000e+00,0.000000e+00,0.000000e+00,0.000000e+00,0.000000e+00,0.000000e+00,0.000000e+00,0.000000e+00,0.000000e+00,0.000000e+00,2.077009e-10,1.011662e+00,0.000000e+00,0.000000e+00,3.286354e-13,2.410600e+00,2.649584e-28,0.000000e+00,3.286347e-13,2.410600e+00,2.649584e-28,0.000000e+00
1.070250e-01,2.175690e-10,5.930092e+00,-4.999302e-02,0.000000e+00,-9.960617e-01,2.214000e-01,2.500000e-05,6.250736e-01,6.555166e+00,0.000000e+00,0.000000e+00,0.000000e+00,0.000000e+00,0.000000e+00,0.000000e+00,0.000000e+00,0.000000e+00,0.000000e+00,0.000000e+00,0.000000e+00,0.000000e+00,0.000000e+00,2.168897e-10,1.028525e+00,0.000000e+00,0.000000e+00,3.396553e-13,2.450783e+00,2.766844e-28,0.000000e+00,3.396756e-13,2.450783e+00,2.766845e-28,0.000000e+00
1.080250e-01,2.270877e-10,6.027877e+00,-5.131195e-02,0.000000e+00,-1.004194e+00,2.214000e-01,2.500000e-05,6.353807e-01,6.663258e+00,0.000000e+00,0.000000e+00,0.000000e+00,0.000000e+00,0.000000e+00,0.000000e+00,0.000000e+00,0.000000e+00,0.000000e+00,0.000000e+00,0.000000e+00,0.000000e+00,0.000000e+00,2.263857e-10,1.045485e+00,0.000000e+00,0.000000e+00,3.509837e-13,2.491196e+00,2.888026e-28,0.000000e+00,3.509819e-13,2.491196e+00,2.888026e-28,0.000000e+00
1.090250e-01,2.369206e-10,6.126209e+00,-5.265203e-02,0.000000e+00,-1.012304e+00,2.214000e-01,2.500000e-05,6.457456e-01,6.771955e+00,0.000000e+00,0.000000e+00,0.000000e+00,0.000000e+00,0.000000e+00,0.000000e+00,0.000000e+00,0.000000e+00,0.000000e+00,0.000000e+00,0.000000e+00,0.000000e+00,0.000000e+00,2.361956e-10,1.062540e+00,0.000000e+00,0.000000e+00,3.625507e-13,2.531834e+00,3.013214e-28,0.000000e+00,3.625026e-13,2.531834e+00,3.013215e-28,0.000000e+00
1.100250e-01,2.470749e-10,6.225083e+00,-5.401336e-02,0.000000e+00,-1.020391e+00,2.214000e-01,2.500000e-05,6.561676e-01,6.881250e+00,0.000000e+00,0.000000e+00,0.000000e+00,0.000000e+00,0.000000e+00,0.000000e+00,0.000000e+00,0.000000e+00,0.000000e+00,0.000000e+00,0.000000e+00,0.000000e+00,0.000000e+00,2.463263e-10,1.079689e+00,0.000000e+00,0.000000e+00,3.743443e-13,2.572697e+00,3.142498e-28,0.000000e+00,3.742980e-13,2.572697e+00,3.142499e-28,0.000000e+00
1.110250e-01,2.575576e-10,6.324492e+00,-5.539604e-02,0.000000e+00,-1.028456e+00,2.214000e-01,2.500000e-05,6.666460e-01,6.991138e+00,0.000000e+00,0.000000e+00,0.000000e+00,0.000000e+00,0.000000e+00,0.000000e+00,0.000000e+00,0.000000e+00,0.000000e+00,0.000000e+00,0.000000e+00,0.000000e+00,0.000000e+00,2.567848e-10,1.096931e+00,0.000000e+00,0.000000e+00,3.863501e-13,2.613780e+00,3.275968e-28,0.000000e+00,3.863968e-13,2.613780e+00,3.275967e-28,0.000000e+00
1.120250e-01,2.683754e-10,6.424429e+00,-5.680017e-02,0.000000e+00,-1.036497e+00,2.214000e-01,2.500000e-05,6.771802e-01,7.101610e+00,0.000000e+00,0.000000e+00,0.000000e+00,0.000000e+00,0.000000e+00,0.000000e+00,0.000000e+00,0.000000e+00,0.000000e+00,0.000000e+00,0.000000e+00,0.000000e+00,0.000000e+00,2.675781e-10,1.114264e+00,0.000000e+00,0.000000e+00,3.987041e-13,2.655082e+00,3.413710e-28,0.000000e+00,3.986553e-13,2.655082e+00,3.413711e-28,0.000000e+00
1.130250e-01,2.795358e-10,6.524890e+00,-5.822585e-02,0.000000e+00,-1.044515e+00,2.214000e-01,2.500000e-05,6.877695e-01,7.212660e+00,0.000000e+00,0.000000e+00,0.000000e+00,0.000000e+00,0.000000e+00,0.000000e+00,0.000000e+00,0.000000e+00,0.000000e+00,0.000000e+00,0.000000e+00,0.000000e+00,0.000000e+00,2.787133e-10,1.131688e+00,0.000000e+00,0.000000e+00,4.112309e-13,2.696601e+00,3.555818e-28,0.000000e+00,4.113042e-13,2.696601e+00,3.555818e-28,0.000000e+00
1.140250e-01,2.910456e-10,6.625869e+00,-5.967318e-02,0.000000e+00,-1.052510e+00,2.214000e-01,2.500000e-05,6.984133e-01,7.324282e+00,0.000000e+00,0.000000e+00,0.000000e+00,0.000000e+00,0.000000e+00,0.000000e+00,0.000000e+00,0.000000e+00,0.000000e+00,0.000000e+00,0.000000e+00,0.000000e+00,0.000000e+00,2.901974e-10,1.149202e+00,0.000000e+00,0.000000e+00,4.241074e-13,2.738333e+00,3.702381e-28,0.000000e+00,4.240341e-13,2.738333e+00,3.702382e-28,0.000000e+00
1.150250e-01,3.029123e-10,6.727358e+00,-6.114223e-02,0.000000e+00,-1.060483e+00,2.214000e-01,2.500000e-05,7.091110e-01,7.436469e+00,0.000000e+00,0.000000e+00,0.000000e+00,0.000000e+00,0.000000e+00,0.000000e+00,0.000000e+00,0.000000e+00,0.000000e+00,0.000000e+00,0.000000e+00,0.000000e+00,0.000000e+00,3.020380e-10,1.166805e+00,0.000000e+00,0.000000e+00,4.372364e-13,2.780277e+00,3.853493e-28,0.000000e+00,4.371577e-13,2.780277e+00,3.853493e-28,0.000000e+00
1.160250e-01,3.151429e-10,6.829352e+00,-6.263312e-02,0.000000e+00,-1.068431e+00,2.214000e-01,2.500000e-05,7.198619e-01,7.549214e+00,0.000000e+00,0.000000e+00,0.000000e+00,0.000000e+00,0.000000e+00,0.000000e+00,0.000000e+00,0.000000e+00,0.000000e+00,0.000000e+00,0.000000e+00,0.000000e+00,0.000000e+00,3.142419e-10,1.184495e+00,0.000000e+00,0.000000e+00,4.505325e-13,2.822429e+00,4.009245e-28,0.000000e+00,4.505054e-13,2.822429e+00,4.009245e-28,0.000000e+00
1.170250e-01,3.277449e-10,6.931846e+00,-6.414592e-02,0.000000e+00,-1.076357e+00,2.214000e-01,2.500000e-05,7.306654e-01,7.662511e+00,0.000000e+00,0.000000e+00,0.000000e+00,0.000000e+00,0.000000e+00,0.000000e+00,0.000000e+00,0.000000e+00,0.000000e+00,0.000000e+00,0.000000e+00,0.000000e+00,0.000000e+00,3.268166e-10,1.202271e+00,0.000000e+00,0.000000e+00,4.640673e-13,2.864787e+00,4.169732e-28,0.000000e+00,4.641698e-13,2.864787e+00,4.169732e-28,0.000000e+00
1.180250e-01,3.407258e-10,7.034832e+00,-6.568073e-02,0.000000e+00,-1.084260e+00,2.214000e-01,2.500000e-05,7.415209e-01,7.776353e+00,0.000000e+00,0.000000e+00,0.000000e+00,0.000000e+00,0.000000e+00,0.000000e+00,0.000000e+00,0.000000e+00,0.000000e+00,0.000000e+00,0.000000e+00,0.000000e+00,0.000000e+00,3.397696e-10,1.220133e+00,0.000000e+00,0.000000e+00,4.780666e-13,2.907349e+00,4.335047e-28,0.000000e+00,4.780416e-13,2.907349e+00,4.335046e-28,0.000000e+00
1.190250e-01,3.540928e-10,7.138306e+00,-6.723763e-02,0.000000e+00,-1.092139e+00,2.214000e-01,2.500000e-05,7.524278e-01,7.890733e+00,0.000000e+00,0.000000e+00,0.000000e+00,0.000000e+00,0.000000e+00,0.000000e+00,0.000000e+00,0.000000e+00,0.000000e+00,0.000000e+00,0.000000e+00,0.000000e+00,0.000000e+00,3.531083e-10,1.238080e+00,0.000000e+00,0.000000e+00,4.921988e-13,2.950113e+00,4.505286e-28,0.000000e+00,4.922268e-13,2.950113e+00,4.505286e-28,0.000000e+00
1.200250e-01,3.678534e-10,7.242260e+00,-6.881671e-02,0.000000e+00,-1.099995e+00,2.214000e-01,2.500000e-05,7.633853e-01,8.005646e+00,0.000000e+00,0.000000e+00,0.000000e+00,0.000000e+00,0.000000e+00,0.000000e+00,0.000000e+00,0.000000e+00,0.000000e+00,0.000000e+00,0.000000e+00,0.000000e+00,0.000000e+00,3.668402e-10,1.256110e+00,0.000000e+00,0.000000e+00,5.066316e-13,2.993075e+00,4.680544e-28,0.000000e+00,5.066300e-13,2.993075e+00,4.680544e-28,0.000000e+00
1.210250e-01,3.820154e-10,7.346691e+00,-7.041806e-02,0.000000e+00,-1.107827e+00,2.214000e-01,2.500000e-05,7.743930e-01,8.121083e+00,0.000000e+00,0.000000e+00,0.000000e+00,0.000000e+00,0.000000e+00,0.000000e+00,0.000000e+00,0.000000e+00,0.000000e+00,0.000000e+00,0.000000e+00,0.000000e+00,0.000000e+00,3.809728e-10,1.274223e+00,0.000000e+00,0.000000e+00,5.213456e-13,3.036234e+00,4.860920e-28,0.000000e+00,5.213471e-13,3.036234e+00,4.860920e-28,0.000000e+00
1.220250e-01,3.965865e-10,7.451590e+00,-7.204175e-02,0.000000e+00,-1.115637e+00,2.214000e-01,2.500000e-05,7.854502e-01,8.237041e+00,0.000000e+00,0.000000e+00,0.000000e+00,0.000000e+00,0.000000e+00,0.000000e+00,0.000000e+00,0.000000e+00,0.000000e+00,0.000000e+00,0.000000e+00,0.000000e+00,0.000000e+00,3.955137e-10,1.292417e+00,0.000000e+00,0.000000e+00,5.363707e-13,3.079587e+00,5.046508e-28,0.000000e+00,5.363703e-13,3.079587e+00,5.046508e-28,0.000000e+00
1.230250e-01,4.115740e-10,7.556953e+00,-7.368787e-02,0.000000e+00,-1.123422e+00,2.214000e-01,2.500000e-05,7.965561e-01,8.353509e+00,0.000000e+00,0.000000e+00,0.000000e+00,0.000000e+00,0.000000e+00,0.000000e+00,0.000000e+00,0.000000e+00,0.000000e+00,0.000000e+00,0.000000e+00,0.000000e+00,0.000000e+00,4.104707e-10,1.310691e+00,0.000000e+00,0.000000e+00,5.515959e-13,3.123131e+00,5.237409e-28,0.000000e+00,5.517068e-13,3.123131e+00,5.237409e-28,0.000000e+00
1.240250e-01,4.269858e-10,7.662774e+00,-7.535648e-02,0.000000e+00,-1.131184e+00,2.214000e-01,2.500000e-05,8.077103e-01,8.470484e+00,0.000000e+00,0.000000e+00,0.000000e+00,0.000000e+00,0.000000e+00,0.000000e+00,0.000000e+00,0.000000e+00,0.000000e+00,0.000000e+00,0.000000e+00,0.000000e+00,0.000000e+00,4.258514e-10,1.329045e+00,0.000000e+00,0.000000e+00,5.671632e-13,3.166864e+00,5.433719e-28,0.000000e+00,5.671612e-13,3.166864e+00,5.433719e-28,0.000000e+00
1.250250e-01,4.428297e-10,7.769046e+00,-7.704769e-02,0.000000e+00,-1.138923e+00,2.214000e-01,2.500000e-05,8.189122e-01,8.587958e+00,0.000000e+00,0.000000e+00,0.000000e+00,0.000000e+00,0.000000e+00,0.000000e+00,0.000000e+00,0.000000e+00,0.000000e+00,0.000000e+00,0.000000e+00,0.000000e+00,0.000000e+00,4.416637e-10,1.347477e+00,0.000000e+00,0.000000e+00,5.830262e-13,3.210784e+00,5.635539e-28,0.000000e+00,5.829942e-13,3.210784e+00,5.635539e-28,0.000000e+00
1.260250e-01,4.591136e-10,7.875764e+00,-7.876155e-02,0.000000e+00,-1.146637e+00,2.214000e-01,2.500000e-05,8.301610e-01,8.705925e+00,0.000000e+00,0.000000e+00,0.000000e+00,0.000000e+00,0.000000e+00,0.000000e+00,0.000000e+00,0.000000e+00,0.000000e+00,0.000000e+00,0.000000e+00,0.000000e+00,0.000000e+00,4.579154e-10,1.365986e+00,0.000000e+00,0.000000e+00,5.990908e-13,3.254889e+00,5.842970e-28,0.000000e+00,5.991787e-13,3.254889e+00,5.842970e-28,0.000000e+00
1.270250e-01,4.758454e-10,7.982922e+00,-8.049814e-02,0.000000e+00,-1.154328e+00,2.214000e-01,2.500000e-05,8.414563e-01,8.824378e+00,0.000000e+00,0.000000e+00,0.000000e+00,0.000000e+00,0.000000e+00,0.000000e+00,0.000000e+00,0.000000e+00,0.000000e+00,0.000000e+00,0.000000e+00,0.000000e+00,0.000000e+00,4.746143e-10,1.384572e+00,0.000000e+00,0.000000e+00,6.155689e-13,3.299175e+00,6.056110e-28,0.000000e+00,6.155683e-13,3.299175e+00,6.056110e-28,0.000000e+00
1.280250e-01,4.930329e-10,8.090514e+00,-8.225754e-02,0.000000e+00,-1.161996e+00,2.214000e-01,2.500000e-05,8.527973e-01,8.943312e+00,0.000000e+00,0.000000e+00,0.000000e+00,0.000000e+00,0.000000e+00,0.000000e+00,0.000000e+00,0.000000e+00,0.000000e+00,0.000000e+00,0.000000e+00,0.000000e+00,0.000000e+00,4.917684e-10,1.403233e+00,0.000000e+00,0.000000e+00,6.322337e-13,3.343641e+00,6.275062e-28,0.000000e+00,6.322644e-13,3.343641e+00,6.275063e-28,0.000000e+00
1.290250e-01,5.106843e-10,8.198536e+00,-8.403981e-02,0.000000e+00,-1.169639e+00,2.214000e-01,2.500000e-05,8.641835e-01,9.062719e+00,0.000000e+00,0.000000e+00,0.000000e+00,0.000000e+00,0.000000e+00,0.000000e+00,0.000000e+00,0.000000e+00,0.000000e+00,0.000000e+00,0.000000e+00,0.000000e+00,0.000000e+00,5.093857e-10,1.421968e+00,0.000000e+00,0.000000e+00,6.492296e-13,3.388283e+00,6.499928e-28,0.000000e+00,6.493206e-13,3.388283e+00,6.499928e-28,0.000000e+00
1.300250e-01,5.288074e-10,8.306979e+00,-8.584503e-02,0.000000e+00,-1.177258e+00,2.214000e-01,2.500000e-05,8.756142e-01,9.182593e+00,0.000000e+00,0.000000e+00,0.000000e+00,0.000000e+00,0.000000e+00,0.000000e+00,0.000000e+00,0.000000e+00,0.000000e+00,0.000000e+00,0.000000e+00,0.000000e+00,0.000000e+00,5.274742e-10,1.440777e+00,0.000000e+00,0.000000e+00,6.665689e-13,3.433101e+00,6.730811e-28,0.000000e+00,6.665981e-13,3.433101e+00,6.730811e-28,0.000000e+00
1.310250e-01,5.474103e-10,8.415839e+00,-8.767327e-02,0.000000e+00,-1.184854e+00,2.214000e-01,2.500000e-05,8.870888e-01,9.302928e+00,0.000000e+00,0.000000e+00,0.000000e+00,0.000000e+00,0.000000e+00,0.000000e+00,0.000000e+00,0.000000e+00,0.000000e+00,0.000000e+00,0.000000e+00,0.000000e+00,0.000000e+00,5.460420e-10,1.459658e+00,0.000000e+00,0.000000e+00,6.841295e-13,3.478091e+00,6.967814e-28,0.000000e+00,6.841342e-13,3.478091e+00,6.967814e-28,0.000000e+00
1.320250e-01,5.665012e-10,8.525111e+00,-8.952457e-02,0.000000e+00,-1.192426e+00,2.214000e-01,2.500000e-05,8.986068e-01,9.423717e+00,0.000000e+00,0.000000e+00,0.000000e+00,0.000000e+00,0.000000e+00,0.000000e+00,0.000000e+00,0.000000e+00,0.000000e+00,0.000000e+00,0.000000e+00,0.000000e+00,0.000000e+00,5.650972e-10,1.478610e+00,0.000000e+00,0.000000e+00,7.020097e-13,3.523250e+00,7.211039e-28,0.000000e+00,7.020150e-13,3.523250e+00,7.211039e-28,0.000000e+00
1.330250e-01,5.860884e-10,8.634788e+00,-9.139904e-02,0.000000e+00,-1.199973e+00,2.214000e-01,2.500000e-05,9.101675e-01,9.544955e+00,0.000000e+00,0.000000e+00,0.000000e+00,0.000000e+00,0.000000e+00,0.000000e+00,0.000000e+00,0.000000e+00,0.000000e+00,0.000000e+00,0.000000e+00,0.000000e+00,0.000000e+00,5.846481e-10,1.497633e+00,0.000000e+00,0.000000e+00,7.201212e-13,3.568578e+00,7.460593e-28,0.000000e+00,7.202163e-13,3.568578e+00,7.460593e-28,0.000000e+00
1.340250e-01,6.061801e-10,8.744864e+00,-9.329670e-02,0.000000e+00,-1.207497e+00,2.214000e-01,2.500000e-05,9.217704e-01,9.666635e+00,0.000000e+00,0.000000e+00,0.000000e+00,0.000000e+00,0.000000e+00,0.000000e+00,0.000000e+00,0.000000e+00,0.000000e+00,0.000000e+00,0.000000e+00,0.000000e+00,0.000000e+00,6.047027e-10,1.516724e+00,0.000000e+00,0.000000e+00,7.387413e-13,3.614070e+00,7.716579e-28,0.000000e+00,7.386478e-13,3.614070e+00,7.716580e-28,0.000000e+00
1.350250e-01,6.267844e-10,8.855335e+00,-9.521763e-02,0.000000e+00,-1.214996e+00,2.214000e-01,2.500000e-05,9.334148e-01,9.788750e+00,0.000000e+00,0.000000e+00,0.000000e+00,0.000000e+00,0.000000e+00,0.000000e+00,0.000000e+00,0.000000e+00,0.000000e+00,0.000000e+00,0.000000e+00,0.000000e+00,0.000000e+00,6.252695e-10,1.535885e+00,0.000000e+00,0.000000e+00,7.574556e-13,3.659725e+00,7.979105e-28,0.000000e+00,7.574570e-13,3.659725e+00,7.979105e-28,0.000000e+00
1.360250e-01,6.479098e-10,8.966194e+00,-9.716189e-02,0.000000e+00,-1.222471e+00,2.214000e-01,2.500000e-05,9.451001e-01,9.911294e+00,0.000000e+00,0.000000e+00,0.000000e+00,0.000000e+00,0.000000e+00,0.000000e+00,0.000000e+00,0.000000e+00,0.000000e+00,0.000000e+00,0.000000e+00,0.000000e+00,0.000000e+00,6.463566e-10,1.555112e+00,0.000000e+00,0.000000e+00,7.766273e-13,3.705541e+00,8.248275e-28,0.000000e+00,7.764921e-13,3.705541e+00,8.248275e-28,0.000000e+00
1.370250e-01,6.695643e-10,9.077435e+00,-9.912954e-02,0.000000e+00,-1.229921e+00,2.214000e-01,2.500000e-05,9.568257e-01,1.003426e+01,0.000000e+00,0.000000e+00,0.000000e+00,0.000000e+00,0.000000e+00,0.000000e+00,0.000000e+00,0.000000e+00,0.000000e+00,0.000000e+00,0.000000e+00,0.000000e+00,0.000000e+00,6.679725e-10,1.574406e+00,0.000000e+00,0.000000e+00,7.959715e-13,3.751514e+00,8.524196e-28,0.000000e+00,7.958670e-13,3.751514e+00,8.524196e-28,0.000000e+00
1.380250e-01,6.917567e-10,9.189054e+00,-1.011206e-01,0.000000e+00,-1.237348e+00,2.214000e-01,2.500000e-05,9.685910e-01,1.015764e+01,0.000000e+00,0.000000e+00,0.000000e+00,0.000000e+00,0.000000e+00,0.000000e+00,0.000000e+00,0.000000e+00,0.000000e+00,0.000000e+00,0.000000e+00,0.000000e+00,0.000000e+00,6.901255e-10,1.593765e+00,0.000000e+00,0.000000e+00,8.155207e-13,3.797644e+00,8.806974e-28,0.000000e+00,8.156624e-13,3.797644e+00,8.806974e-28,0.000000e+00
1.390250e-01,7.144954e-10,9.301044e+00,-1.031352e-01,0.000000e+00,-1.244750e+00,2.214000e-01,2.500000e-05,9.803956e-01,1.028144e+01,0.000000e+00,0.000000e+00,0.000000e+00,0.000000e+00,0.000000e+00,0.000000e+00,0.000000e+00,0.000000e+00,0.000000e+00,0.000000e+00,0.000000e+00,0.000000e+00,0.000000e+00,7.128240e-10,1.613189e+00,0.000000e+00,0.000000e+00,8.356738e-13,3.843927e+00,9.096720e-28,0.000000e+00,8.356365e-13,3.843927e+00,9.096719e-28,0.000000e+00
1.400250e-01,7.377884e-10,9.413399e+00,-1.051734e-01,0.000000e+00,-1.252127e+00,2.214000e-01,2.500000e-05,9.922386e-01,1.040564e+01,0.000000e+00,0.000000e+00,0.000000e+00,0.000000e+00,0.000000e+00,0.000000e+00,0.000000e+00,0.000000e+00,0.000000e+00,0.000000e+00,0.000000e+00,0.000000e+00,0.000000e+00,7.360765e-10,1.632676e+00,0.000000e+00,0.000000e+00,8.560113e-13,3.890361e+00,9.393538e-28,0.000000e+00,8.558754e-13,3.890361e+00,9.393538e-28,0.000000e+00
1.410250e-01,7.616447e-10,9.526114e+00,-1.072351e-01,0.000000e+00,-1.259480e+00,2.214000e-01,2.500000e-05,1.004120e+00,1.053023e+01,0.000000e+00,0.000000e+00,0.000000e+00,0.000000e+00,0.000000e+00,0.000000e+00,0.000000e+00,0.000000e+00,0.000000e+00,0.000000e+00,0.000000e+00,0.000000e+00,0.000000e+00,7.598916e-10,1.652226e+00,0.000000e+00,0.000000e+00,8.765539e-13,3.936944e+00,9.697540e-28,0.000000e+00,8.765575e-13,3.936944e+00,9.697540e-28,0.000000e+00
1.420250e-01,7.860728e-10,9.639183e+00,-1.093205e-01,0.000000e+00,-1.266808e+00,2.214000e-01,2.500000e-05,1.016038e+00,1.065522e+01,0.000000e+00,0.000000e+00,0.000000e+00,0.000000e+00,0.000000e+00,0.000000e+00,0.000000e+00,0.000000e+00,0.000000e+00,0.000000e+00,0.000000e+00,0.000000e+00,0.000000e+00,7.842778e-10,1.671837e+00,0.000000e+00,0.000000e+00,8.974760e-13,3.983673e+00,1.000883e-27,0.000000e+00,8.975076e-13,3.983673e+00,1.000883e-27,0.000000e+00
1.430250e-01,8.110811e-10,9.752603e+00,-1.114296e-01,0.000000e+00,-1.274112e+00,2.214000e-01,2.500000e-05,1.027993e+00,1.078059e+01,0.000000e+00,0.000000e+00,0.000000e+00,0.000000e+00,0.000000e+00,0.000000e+00,0.000000e+00,0.000000e+00,0.000000e+00,0.000000e+00,0.000000e+00,0.000000e+00,0.000000e+00,8.092436e-10,1.691508e+00,0.000000e+00,0.000000e+00,9.186981e-13,4.030547e+00,1.032753e-27,0.000000e+00,9.188448e-13,4.030547e+00,1.032753e-27,0.000000e+00
1.440250e-01,8.366781e-10,9.866364e+00,-1.135625e-01,0.000000e+00,-1.281391e+00,2.214000e-01,2.500000e-05,1.039984e+00,1.090635e+01,0.000000e+00,0.000000e+00,0.000000e+00,0.000000e+00,0.000000e+00,0.000000e+00,0.000000e+00,0.000000e+00,0.000000e+00,0.000000e+00,0.000000e+00,0.000000e+00,0.000000e+00,8.347975e-10,1.711239e+00,0.000000e+00,0.000000e+00,9.402513e-13,4.077562e+00,1.065373e-27,0.000000e+00,9.403675e-13,4.077562e+00,1.065373e-27,0.000000e+00
1.450250e-01,8.628728e-10,9.980464e+00,-1.157191e-01,0.000000e+00,-1.288645e+00,2.214000e-01,2.500000e-05,1.052011e+00,1.103247e+01,0.000000e+00,0.000000e+00,0.000000e+00,0.000000e+00,0.000000e+00,0.000000e+00,0.000000e+00,0.000000e+00,0.000000e+00,0.000000e+00,0.000000e+00,0.000000e+00,0.000000e+00,8.609484e-10,1.731029e+00,0.000000e+00,0.000000e+00,9.622057e-13,4.124717e+00,1.098756e-27,0.000000e+00,9.622144e-13,4.124717e+00,1.098756e-27,0.000000e+00
1.460250e-01,8.896737e-10,1.009490e+01,-1.178996e-01,0.000000e+00,-1.295874e+00,2.214000e-01,2.500000e-05,1.064073e+00,1.115897e+01,0.000000e+00,0.000000e+00,0.000000e+00,0.000000e+00,0.000000e+00,0.000000e+00,0.000000e+00,0.000000e+00,0.000000e+00,0.000000e+00,0.000000e+00,0.000000e+00,0.000000e+00,8.877049e-10,1.750876e+00,0.000000e+00,0.000000e+00,9.843818e-13,4.172009e+00,1.132912e-27,0.000000e+00,9.843734e-13,4.172009e+00,1.132912e-27,0.000000e+00
1.470250e-01,9.170892e-10,1.020965e+01,-1.201040e-01,0.000000e+00,-1.303078e+00,2.214000e-01,2.500000e-05,1.076169e+00,1.128582e+01,0.000000e+00,0.000000e+00,0.000000e+00,0.000000e+00,0.000000e+00,0.000000e+00,0.000000e+00,0.000000e+00,0.000000e+00,0.000000e+00,0.000000e+00,0.000000e+00,0.000000e+00,9.150756e-10,1.770780e+00,0.000000e+00,0.000000e+00,1.006808e-12,4.219437e+00,1.167853e-27,0.000000e+00,1.006853e-12,4.219437e+00,1.167853e-27,0.000000e+00
1.480250e-01,9.451288e-10,1.032473e+01,-1.223323e-01,0.000000e+00,-1.310257e+00,2.214000e-01,2.500000e-05,1.088300e+00,1.141303e+01,0.000000e+00,0.000000e+00,0.000000e+00,0.000000e+00,0.000000e+00,0.000000e+00,0.000000e+00,0.000000e+00,0.000000e+00,0.000000e+00,0.000000e+00,0.000000e+00,0.000000e+00,9.430694e-10,1.790740e+00,0.000000e+00,0.000000e+00,1.029691e-12,4.266997e+00,1.203589e-27,0.000000e+00,1.029655e-12,4.266997e+00,1.203588e-27,0.000000e+00
1.490250e-01,9.738005e-10,1.044013e+01,-1.245846e-01,0.000000e+00,-1.317412e+00,2.214000e-01,2.500000e-05,1.100463e+00,1.154059e+01,0.000000e+00,0.000000e+00,0.000000e+00,0.000000e+00,0.000000e+00,0.000000e+00,0.000000e+00,0.000000e+00,0.000000e+00,0.000000e+00,0.000000e+00,0.000000e+00,0.000000e+00,9.716948e-10,1.810754e+00,0.000000e+00,0.000000e+00,1.052889e-12,4.314687e+00,1.240131e-27,0.000000e+00,1.052733e-12,4.314687e+00,1.240131e-27,0.000000e+00
1.500250e-01,1.003113e-09,1.055583e+01,-1.268608e-01,0.000000e+00,-1.324541e+00,2.214000e-01,2.500000e-05,1.112659e+00,1.166849e+01,0.000000e+00,0.000000e+00,0.000000e+00,0.000000e+00,0.000000e+00,0.000000e+00,0.000000e+00,0.000000e+00,0.000000e+00,0.000000e+00,0.000000e+00,0.000000e+00,0.000000e+00,1.000961e-09,1.830822e+00,0.000000e+00,0.000000e+00,1.076321e-12,4.362506e+00,1.277492e-27,0.000000e+00,1.076279e-12,4.362506e+00,1.277492e-27,0.000000e+00
1.510250e-01,1.033077e-09,1.067184e+01,-1.291611e-01,0.000000e+00,-1.331644e+00,2.214000e-01,2.500000e-05,1.124888e+00,1.179673e+01,0.000000e+00,0.000000e+00,0.000000e+00,0.000000e+00,0.000000e+00,0.000000e+00,0.000000e+00,0.000000e+00,0.000000e+00,0.000000e+00,0.000000e+00,0.000000e+00,0.000000e+00,1.030876e-09,1.850943e+00,0.000000e+00,0.000000e+00,1.100163e-12,4.410450e+00,1.315681e-27,0.000000e+00,1.100038e-12,4.410450e+00,1.315682e-27,0.000000e+00
1.520250e-01,1.063698e-09,1.078815e+01,-1.314855e-01,0.000000e+00,-1.338723e+00,2.214000e-01,2.500000e-05,1.137148e+00,1.192530e+01,0.000000e+00,0.000000e+00,0.000000e+00,0.000000e+00,0.000000e+00,0.000000e+00,0.000000e+00,0.000000e+00,0.000000e+00,0.000000e+00,0.000000e+00,0.000000e+00,0.000000e+00,1.061450e-09,1.871116e+00,0.000000e+00,0.000000e+00,1.124204e-12,4.458519e+00,1.354712e-27,0.000000e+00,1.124210e-12,4.458519e+00,1.354712e-27,0.000000e+00
1.530250e-01,1.094988e-09,1.090476e+01,-1.338340e-01,0.000000e+00,-1.345776e+00,2.214000e-01,2.500000e-05,1.149438e+00,1.205420e+01,0.000000e+00,0.000000e+00,0.000000e+00,0.000000e+00,0.000000e+00,0.000000e+00,0.000000e+00,0.000000e+00,0.000000e+00,0.000000e+00,0.000000e+00,0.000000e+00,0.000000e+00,1.092691e-09,1.891340e+00,0.000000e+00,0.000000e+00,1.148666e-12,4.506709e+00,1.394594e-27,0.000000e+00,1.148597e-12,4.506709e+00,1.394594e-27,0.000000e+00
1.540250e-01,1.126954e-09,1.102165e+01,-1.362066e-01,0.000000e+00,-1.352804e+00,2.214000e-01,2.500000e-05,1.161760e+00,1.218341e+01,0.000000e+00,0.000000e+00,0.000000e+00,0.000000e+00,0.000000e+00,0.000000e+00,0.000000e+00,0.000000e+00,0.000000e+00,0.000000e+00,0.000000e+00,0.000000e+00,0.000000e+00,1.124608e-09,1.911614e+00,0.000000e+00,0.000000e+00,1.173448e-12,4.555018e+00,1.435339e-27,0.000000e+00,1.173438e-12,4.555018e+00,1.435339e-27,0.000000e+00
1.550250e-01,1.159606e-09,1.113882e+01,-1.386034e-01,0.000000e+00,-1.359807e+00,2.214000e-01,2.500000e-05,1.174111e+00,1.231294e+01,0.000000e+00,0.000000e+00,0.000000e+00,0.000000e+00,0.000000e+00,0.000000e+00,0.000000e+00,0.000000e+00,0.000000e+00,0.000000e+00,0.000000e+00,0.000000e+00,0.000000e+00,1.157209e-09,1.931937e+00,0.000000e+00,0.000000e+00,1.198397e-12,4.603444e+00,1.476959e-27,0.000000e+00,1.198542e-12,4.603444e+00,1.476959e-27,0.000000e+00
1.560250e-01,1.192953e-09,1.125628e+01,-1.410244e-01,0.000000e+00,-1.366783e+00,2.214000e-01,2.500000e-05,1.186491e+00,1.244277e+01,0.000000e+00,0.000000e+00,0.000000e+00,0.000000e+00,0.000000e+00,0.000000e+00,0.000000e+00,0.000000e+00,0.000000e+00,0.000000e+00,0.000000e+00,0.000000e+00,0.000000e+00,1.190505e-09,1.952308e+00,0.000000e+00,0.000000e+00,1.223929e-12,4.651985e+00,1.519465e-27,0.000000e+00,1.223921e-12,4.651985e+00,1.519466e-27,0.000000e+00
1.570250e-01,1.227002e-09,1.137400e+01,-1.434697e-01,0.000000e+00,-1.373735e+00,2.214000e-01,2.500000e-05,1.198900e+00,1.257290e+01,0.000000e+00,0.000000e+00,0.000000e+00,0.000000e+00,0.000000e+00,0.000000e+00,0.000000e+00,0.000000e+00,0.000000e+00,0.000000e+00,0.000000e+00,0.000000e+00,0.000000e+00,1.224503e-09,1.972727e+00,0.000000e+00,0.000000e+00,1.249618e-12,4.700638e+00,1.562869e-27,0.000000e+00,1.249627e-12,4.700638e+00,1.562869e-27,0.000000e+00
1.580250e-01,1.261764e-09,1.149199e+01,-1.459391e-01,0.000000e+00,-1.380660e+00,2.214000e-01,2.500000e-05,1.211337e+00,1.270333e+01,0.000000e+00,0.000000e+00,0.000000e+00,0.000000e+00,0.000000e+00,0.000000e+00,0.000000e+00,0.000000e+00,0.000000e+00,0.000000e+00,0.000000e+00,0.000000e+00,0.000000e+00,1.259213e-09,1.993191e+00,0.000000e+00,0.000000e+00,1.275639e-12,4.749402e+00,1.607181e-27,0.000000e+00,1.275752e-12,4.749402e+00,1.607181e-27,0.000000e+00
1.590250e-01,1.297248e-09,1.161025e+01,-1.484329e-01,0.000000e+00,-1.387560e+00,2.214000e-01,2.500000e-05,1.223802e+00,1.283405e+01,0.000000e+00,0.000000e+00,0.000000e+00,0.000000e+00,0.000000e+00,0.000000e+00,0.000000e+00,0.000000e+00,0.000000e+00,0.000000e+00,0.000000e+00,0.000000e+00,0.000000e+00,1.294644e-09,2.013702e+00,0.000000e+00,0.000000e+00,1.302039e-12,4.798273e+00,1.652414e-27,0.000000e+00,1.302065e-12,4.798273e+00,1.652414e-27,0.000000e+00
1.600250e-01,1.333462e-09,1.172876e+01,-1.509509e-01,0.000000e+00,-1.394434e+00,2.214000e-01,2.500000e-05,1.236294e+00,1.296505e+01,0.000000e+00,0.000000e+00,0.000000e+00,0.000000e+00,0.000000e+00,0.000000e+00,0.000000e+00,0.000000e+00,0.000000e+00,0.000000e+00,0.000000e+00,0.000000e+00,0.000000e+00,1.330805e-09,2.034256e+00,0.000000e+00,0.000000e+00,1.328714e-12,4.847251e+00,1.698579e-27,0.000000e+00,1.328759e-12,4.847251e+00,1.698579e-27,0.000000e+00
1.610250e-01,1.370416e-09,1.184752e+01,-1.534933e-01,0.000000e+00,-1.401282e+00,2.214000e-01,2.500000e-05,1.248812e+00,1.309633e+01,0.000000e+00,0.000000e+00,0.000000e+00,0.000000e+00,0.000000e+00,0.000000e+00,0.000000e+00,0.000000e+00,0.000000e+00,0.000000e+00,0.000000e+00,0.000000e+00,0.000000e+00,1.367704e-09,2.054854e+00,0.000000e+00,0.000000e+00,1.355775e-12,4.896332e+00,1.745687e-27,0.000000e+00,1.355918e-12,4.896332e+00,1.745687e-27,0.000000e+00
1.620250e-01,1.408118e-09,1.196653e+01,-1.560600e-01,0.000000e+00,-1.408104e+00,2.214000e-01,2.500000e-05,1.261356e+00,1.322788e+01,0.000000e+00,0.000000e+00,0.000000e+00,0.000000e+00,0.000000e+00,0.000000e+00,0.000000e+00,0.000000e+00,0.000000e+00,0.000000e+00,0.000000e+00,0.000000e+00,0.000000e+00,1.405351e-09,2.075495e+00,0.000000e+00,0.000000e+00,1.383079e-12,4.945516e+00,1.793750e-27,0.000000e+00,1.383330e-12,4.945516e+00,1.793750e-27,0.000000e+00
1.630250e-01,1.446577e-09,1.208577e+01,-1.586510e-01,0.000000e+00,-1.414901e+00,2.214000e-01,2.500000e-05,1.273926e+00,1.335970e+01,0.000000e+00,0.000000e+00,0.000000e+00,0.000000e+00,0.000000e+00,0.000000e+00,0.000000e+00,0.000000e+00,0.000000e+00,0.000000e+00,0.000000e+00,0.000000e+00,0.000000e+00,1.443756e-09,2.096178e+00,0.000000e+00,0.000000e+00,1.410793e-12,4.994798e+00,1.842780e-27,0.000000e+00,1.410924e-12,4.994798e+00,1.842780e-27,0.000000e+00
1.640250e-01,1.485804e-09,1.220526e+01,-1.612664e-01,0.000000e+00,-1.421671e+00,2.214000e-01,2.500000e-05,1.286520e+00,1.349178e+01,0.000000e+00,0.000000e+00,0.000000e+00,0.000000e+00,0.000000e+00,0.000000e+00,0.000000e+00,0.000000e+00,0.000000e+00,0.000000e+00,0.000000e+00,0.000000e+00,0.000000e+00,1.482926e-09,2.116901e+00,0.000000e+00,0.000000e+00,1.438916e-12,5.044178e+00,1.892788e-27,0.000000e+00,1.438908e-12,5.044178e+00,1.892788e-27,0.000000e+00
1.650250e-01,1.525806e-09,1.232497e+01,-1.639063e-01,0.000000e+00,-1.428415e+00,2.214000e-01,2.500000e-05,1.299139e+00,1.362411e+01,0.000000e+00,0.000000e+00,0.000000e+00,0.000000e+00,0.000000e+00,0.000000e+00,0.000000e+00,0.000000e+00,0.000000e+00,0.000000e+00,0.000000e+00,0.000000e+00,0.000000e+00,1.522871e-09,2.137664e+00,0.000000e+00,0.000000e+00,1.467374e-12,5.093652e+00,1.943786e-27,0.000000e+00,1.467312e-12,5.093652e+00,1.943786e-27,0.000000e+00
1.660250e-01,1.566593e-09,1.244491e+01,-1.665705e-01,0.000000e+00,-1.435132e+00,2.214000e-01,2.500000e-05,1.311781e+00,1.375669e+01,0.000000e+00,0.000000e+00,0.000000e+00,0.000000e+00,0.000000e+00,0.000000e+00,0.000000e+00,0.000000e+00,0.000000e+00,0.000000e+00,0.000000e+00,0.000000e+00,0.000000e+00,1.563600e-09,2.158466e+00,0.000000e+00,0.000000e+00,1.495963e-12,5.143219e+00,1.995785e-27,0.000000e+00,1.496079e-12,5.143219e+00,1.995785e-27,0.000000e+00
1.670250e-01,1.608173e-09,1.256506e+01,-1.692591e-01,0.000000e+00,-1.441823e+00,2.214000e-01,2.500000e-05,1.324446e+00,1.388951e+01,0.000000e+00,0.000000e+00,0.000000e+00,0.000000e+00,0.000000e+00,0.000000e+00,0.000000e+00,0.000000e+00,0.000000e+00,0.000000e+00,0.000000e+00,0.000000e+00,0.000000e+00,1.605123e-09,2.179306e+00,0.000000e+00,0.000000e+00,1.524967e-12,5.192878e+00,2.048797e-27,0.000000e+00,1.525078e-12,5.192878e+00,2.048797e-27,0.000000e+00
1.680250e-01,1.650557e-09,1.268543e+01,-1.719721e-01,0.000000e+00,-1.448488e+00,2.214000e-01,2.500000e-05,1.337134e+00,1.402257e+01,0.000000e+00,0.000000e+00,0.000000e+00,0.000000e+00,0.000000e+00,0.000000e+00,0.000000e+00,0.000000e+00,0.000000e+00,0.000000e+00,0.000000e+00,0.000000e+00,0.000000e+00,1.647448e-09,2.200183e+00,0.000000e+00,0.000000e+00,1.554312e-12,5.242625e+00,2.102833e-27,0.000000e+00,1.554429e-12,5.242625e+00,2.102833e-27,0.000000e+00
1.690250e-01,1.693753e-09,1.280601e+01,-1.747096e-01,0.000000e+00,-1.455127e+00,2.214000e-01,2.500000e-05,1.349844e+00,1.415586e+01,0.000000e+00,0.000000e+00,0.000000e+00,0.000000e+00,0.000000e+00,0.000000e+00,0.000000e+00,0.000000e+00,0.000000e+00,0.000000e+00,0.000000e+00,0.000000e+00,0.000000e+00,1.690585e-09,2.221097e+00,0.000000e+00,0.000000e+00,1.584202e-12,5.292458e+00,2.157906e-27,0.000000e+00,1.584049e-12,5.292458e+00,2.157906e-27,0.000000e+00
1.700250e-01,1.737769e-09,1.292680e+01,-1.774715e-01,0.000000e+00,-1.461739e+00,2.214000e-01,2.500000e-05,1.362576e+00,1.428937e+01,0.000000e+00,0.000000e+00,0.000000e+00,0.000000e+00,0.000000e+00,0.000000e+00,0.000000e+00,0.000000e+00,0.000000e+00,0.000000e+00,0.000000e+00,0.000000e+00,0.000000e+00,1.734541e-09,2.242046e+00,0.000000e+00,0.000000e+00,1.614126e-12,5.342376e+00,2.214027e-27,0.000000e+00,1.614126e-12,5.342376e+00,2.214027e-27,0.000000e+00
1.710250e-01,1.782617e-09,1.304778e+01,-1.802579e-01,0.000000e+00,-1.468324e+00,2.214000e-01,2.500000e-05,1.375328e+00,1.442311e+01,0.000000e+00,0.000000e+00,0.000000e+00,0.000000e+00,0.000000e+00,0.000000e+00,0.000000e+00,0.000000e+00,0.000000e+00,0.000000e+00,0.000000e+00,0.000000e+00,0.000000e+00,1.779328e-09,2.263030e+00,0.000000e+00,0.000000e+00,1.644539e-12,5.392375e+00,2.271207e-27,0.000000e+00,1.644337e-12,5.392375e+00,2.271207e-27,0.000000e+00
1.720250e-01,1.828304e-09,1.316896e+01,-1.830687e-01,0.000000e+00,-1.474883e+00,2.214000e-01,2.500000e-05,1.388101e+00,1.455706e+01,0.000000e+00,0.000000e+00,0.000000e+00,0.000000e+00,0.000000e+00,0.000000e+00,0.000000e+00,0.000000e+00,0.000000e+00,0.000000e+00,0.000000e+00,0.000000e+00,0.000000e+00,1.824954e-09,2.284047e+00,0.000000e+00,0.000000e+00,1.675166e-12,5.442455e+00,2.329459e-27,0.000000e+00,1.674989e-12,5.442455e+00,2.329459e-27,0.000000e+00
1.730250e-01,1.874839e-09,1.329032e+01,-1.859040e-01,0.000000e+00,-1.481415e+00,2.214000e-01,2.500000e-05,1.400894e+00,1.469122e+01,0.000000e+00,0.000000e+00,0.000000e+00,0.000000e+00,0.000000e+00,0.000000e+00,0.000000e+00,0.000000e+00,0.000000e+00,0.000000e+00,0.000000e+00,0.000000e+00,0.000000e+00,1.871426e-09,2.305097e+00,0.000000e+00,0.000000e+00,1.705952e-12,5.492613e+00,2.388793e-27,0.000000e+00,1.706325e-12,5.492613e+00,2.388793e-27,0.000000e+00
1.740250e-01,1.922232e-09,1.341187e+01,-1.887637e-01,0.000000e+00,-1.487920e+00,2.214000e-01,2.500000e-05,1.413706e+00,1.482558e+01,0.000000e+00,0.000000e+00,0.000000e+00,0.000000e+00,0.000000e+00,0.000000e+00,0.000000e+00,0.000000e+00,0.000000e+00,0.000000e+00,0.000000e+00,0.000000e+00,0.000000e+00,1.918757e-09,2.326178e+00,0.000000e+00,0.000000e+00,1.737560e-12,5.542847e+00,2.449222e-27,0.000000e+00,1.737609e-12,5.542847e+00,2.449222e-27,0.000000e+00
1.750250e-01,1.970492e-09,1.353360e+01,-1.916478e-01,0.000000e+00,-1.494398e+00,2.214000e-01,2.500000e-05,1.426537e+00,1.496014e+01,0.000000e+00,0.000000e+00,0.000000e+00,0.000000e+00,0.000000e+00,0.000000e+00,0.000000e+00,0.000000e+00,0.000000e+00,0.000000e+00,0.000000e+00,0.000000e+00,0.000000e+00,1.966954e-09,2.347291e+00,0.000000e+00,0.000000e+00,1.769302e-12,5.593154e+00,2.510757e-27,0.000000e+00,1.769254e-12,5.593154e+00,2.510757e-27,0.000000e+00
1.760250e-01,2.019627e-09,1.365550e+01,-1.945565e-01,0.000000e+00,-1.500849e+00,2.214000e-01,2.500000e-05,1.439386e+00,1.509489e+01,0.000000e+00,0.000000e+00,0.000000e+00,0.000000e+00,0.000000e+00,0.000000e+00,0.000000e+00,0.000000e+00,0.000000e+00,0.000000e+00,0.000000e+00,0.000000e+00,0.000000e+00,2.016025e-09,2.368433e+00,0.000000e+00,0.000000e+00,1.801070e-12,5.643533e+00,2.573410e-27,0.000000e+00,1.801400e-12,5.643533e+00,2.573409e-27,0.000000e+00
1.770250e-01,2.069649e-09,1.377757e+01,-1.974895e-01,0.000000e+00,-1.507273e+00,2.214000e-01,2.500000e-05,1.452253e+00,1.522982e+01,0.000000e+00,0.000000e+00,0.000000e+00,0.000000e+00,0.000000e+00,0.000000e+00,0.000000e+00,0.000000e+00,0.000000e+00,0.000000e+00,0.000000e+00,0.000000e+00,0.000000e+00,2.065982e-09,2.389605e+00,0.000000e+00,0.000000e+00,1.833697e-12,5.693982e+00,2.637192e-27,0.000000e+00,1.833473e-12,5.693981e+00,2.637192e-27,0.000000e+00
1.780250e-01,2.120564e-09,1.389980e+01,-2.004470e-01,0.000000e+00,-1.513670e+00,2.214000e-01,2.500000e-05,1.465137e+00,1.536494e+01,0.000000e+00,0.000000e+00,0.000000e+00,0.000000e+00,0.000000e+00,0.000000e+00,0.000000e+00,0.000000e+00,0.000000e+00,0.000000e+00,0.000000e+00,0.000000e+00,0.000000e+00,2.116831e-09,2.410805e+00,0.000000e+00,0.000000e+00,1.866379e-12,5.744497e+00,2.702115e-27,0.000000e+00,1.866284e-12,5.744497e+00,2.702115e-27,0.000000e+00
1.790250e-01,2.172382e-09,1.402219e+01,-2.034290e-01,0.000000e+00,-1.520040e+00,2.214000e-01,2.500000e-05,1.478038e+00,1.550023e+01,0.000000e+00,0.000000e+00,0.000000e+00,0.000000e+00,0.000000e+00,0.000000e+00,0.000000e+00,0.000000e+00,0.000000e+00,0.000000e+00,0.000000e+00,0.000000e+00,0.000000e+00,2.168584e-09,2.432033e+00,0.000000e+00,0.000000e+00,1.899191e-12,5.795079e+00,2.768191e-27,0.000000e+00,1.899311e-12,5.795079e+00,2.768191e-27,0.000000e+00
1.800250e-01,2.225113e-09,1.414474e+01,-2.064353e-01,0.000000e+00,-1.526382e+00,2.214000e-01,2.500000e-05,1.490955e+00,1.563569e+01,0.000000e+00,0.000000e+00,0.000000e+00,0.000000e+00,0.000000e+00,0.000000e+00,0.000000e+00,0.000000e+00,0.000000e+00,0.000000e+00,0.000000e+00,0.000000e+00,0.000000e+00,2.221248e-09,2.453287e+00,0.000000e+00,0.000000e+00,1.932638e-12,5.845724e+00,2.835432e-27,0.000000e+00,1.932753e-12,5.845724e+00,2.835431e-27,0.000000e+00
1.810250e-01,2.278766e-09,1.426743e+01,-2.094661e-01,0.000000e+00,-1.532697e+00,2.214000e-01,2.500000e-05,1.503887e+00,1.577131e+01,0.000000e+00,0.000000e+00,0.000000e+00,0.000000e+00,0.000000e+00,0.000000e+00,0.000000e+00,0.000000e+00,0.000000e+00,0.000000e+00,0.000000e+00,0.000000e+00,0.000000e+00,2.274833e-09,2.474567e+00,0.000000e+00,0.000000e+00,1.966297e-12,5.896430e+00,2.903848e-27,0.000000e+00,1.966135e-12,5.896430e+00,2.903848e-27,0.000000e+00
1.820250e-01,2.333348e-09,1.439026e+01,-2.125213e-01,0.000000e+00,-1.538985e+00,2.214000e-01,2.500000e-05,1.516835e+00,1.590710e+01,0.000000e+00,0.000000e+00,0.000000e+00,0.000000e+00,0.000000e+00,0.000000e+00,0.000000e+00,0.000000e+00,0.000000e+00,0.000000e+00,0.000000e+00,0.000000e+00,0.000000e+00,2.329348e-09,2.495872e+00,0.000000e+00,0.000000e+00,2.000148e-12,5.947195e+00,2.973452e-27,0.000000e+00,2.000348e-12,5.947195e+00,2.973452e-27,0.000000e+00
1.830250e-01,2.388871e-09,1.451324e+01,-2.156009e-01,0.000000e+00,-1.545245e+00,2.214000e-01,2.500000e-05,1.529797e+00,1.604303e+01,0.000000e+00,0.000000e+00,0.000000e+00,0.000000e+00,0.000000e+00,0.000000e+00,0.000000e+00,0.000000e+00,0.000000e+00,0.000000e+00,0.000000e+00,0.000000e+00,0.000000e+00,2.384802e-09,2.517201e+00,0.000000e+00,0.000000e+00,2.034548e-12,5.998017e+00,3.044256e-27,0.000000e+00,2.034608e-12,5.998017e+00,3.044256e-27,0.000000e+00
1.840250e-01,2.445343e-09,1.463634e+01,-2.187049e-01,0.000000e+00,-1.551477e+00,2.214000e-01,2.500000e-05,1.542774e+00,1.617912e+01,0.000000e+00,0.000000e+00,0.000000e+00,0.000000e+00,0.000000e+00,0.000000e+00,0.000000e+00,0.000000e+00,0.000000e+00,0.000000e+00,0.000000e+00,0.000000e+00,0.000000e+00,2.441204e-09,2.538553e+00,0.000000e+00,0.000000e+00,2.069440e-12,6.048894e+00,3.116270e-27,0.000000e+00,2.069256e-12,6.048894e+00,3.116270e-27,0.000000e+00
1.850250e-01,2.502771e-09,1.475958e+01,-2.218333e-01,0.000000e+00,-1.557682e+00,2.214000e-01,2.500000e-05,1.555764e+00,1.631534e+01,0.000000e+00,0.000000e+00,0.000000e+00,0.000000e+00,0.000000e+00,0.000000e+00,0.000000e+00,0.000000e+00,0.000000e+00,0.000000e+00,0.000000e+00,0.000000e+00,0.000000e+00,2.498563e-09,2.559927e+00,0.000000e+00,0.000000e+00,2.104293e-12,6.099825e+00,3.189506e-27,0.000000e+00,2.104180e-12,6.099825e+00,3.189506e-27,0.000000e+00
1.860250e-01,2.561167e-09,1.488294e+01,-2.249860e-01,0.000000e+00,-1.563859e+00,2.214000e-01,2.500000e-05,1.568766e+00,1.645170e+01,0.000000e+00,0.000000e+00,0.000000e+00,0.000000e+00,0.000000e+00,0.000000e+00,0.000000e+00,0.000000e+00,0.000000e+00,0.000000e+00,0.000000e+00,0.000000e+00,0.000000e+00,2.556888e-09,2.581322e+00,0.000000e+00,0.000000e+00,2.139593e-12,6.150807e+00,3.263976e-27,0.000000e+00,2.139590e-12,6.150807e+00,3.263976e-27,0.000000e+00
1.870250e-01,2.620540e-09,1.500641e+01,-2.281630e-01,0.000000e+00,-1.570008e+00,2.214000e-01,2.500000e-05,1.581782e+00,1.658820e+01,0.000000e+00,0.000000e+00,0.000000e+00,0.000000e+00,0.000000e+00,0.000000e+00,0.000000e+00,0.000000e+00,0.000000e+00,0.000000e+00,0.000000e+00,0.000000e+00,0.000000e+00,2.616189e-09,2.602738e+00,0.000000e+00,0.000000e+00,2.175368e-12,6.201838e+00,3.339692e-27,0.000000e+00,2.175126e-12,6.201838e+00,3.339692e-27,0.000000e+00
1.880250e-01,2.680896e-09,1.513000e+01,-2.313644e-01,0.000000e+00,-1.576130e+00,2.214000e-01,2.500000e-05,1.594809e+00,1.672481e+01,0.000000e+00,0.000000e+00,0.000000e+00,0.000000e+00,0.000000e+00,0.000000e+00,0.000000e+00,0.000000e+00,0.000000e+00,0.000000e+00,0.000000e+00,0.000000e+00,0.000000e+00,2.676473e-09,2.624174e+00,0.000000e+00,0.000000e+00,2.211355e-12,6.252915e+00,3.416665e-27,0.000000e+00,2.211223e-12,6.252915e+00,3.416665e-27,0.000000e+00
1.890250e-01,2.742246e-09,1.525371e+01,-2.345900e-01,0.000000e+00,-1.582223e+00,2.214000e-01,2.500000e-05,1.607848e+00,1.686155e+01,0.000000e+00,0.000000e+00,0.000000e+00,0.000000e+00,0.000000e+00,0.000000e+00,0.000000e+00,0.000000e+00,0.000000e+00,0.000000e+00,0.000000e+00,0.000000e+00,0.000000e+00,2.737751e-09,2.645629e+00,0.000000e+00,0.000000e+00,2.247511e-12,6.304038e+00,3.494906e-27,0.000000e+00,2.247611e-12,6.304038e+00,3.494906e-27,0.000000e+00
1.900250e-01,2.804600e-09,1.537751e+01,-2.378399e-01,0.000000e+00,-1.588288e+00,2.214000e-01,2.500000e-05,1.620898e+00,1.699841e+01,0.000000e+00,0.000000e+00,0.000000e+00,0.000000e+00,0.000000e+00,0.000000e+00,0.000000e+00,0.000000e+00,0.000000e+00,0.000000e+00,0.000000e+00,0.000000e+00,0.000000e+00,2.800031e-09,2.667102e+00,0.000000e+00,0.000000e+00,2.284169e-12,6.355203e+00,3.574427e-27,0.000000e+00,2.284292e-12,6.355203e+00,3.574427e-27,0.000000e+00
1.910250e-01,2.867965e-09,1.550141e+01,-2.411141e-01,0.000000e+00,-1.594325e+00,2.214000e-01,2.500000e-05,1.633958e+00,1.713537e+01,0.000000e+00,0.000000e+00,0.000000e+00,0.000000e+00,0.000000e+00,0.000000e+00,0.000000e+00,0.000000e+00,0.000000e+00,0.000000e+00,0.000000e+00,0.000000e+00,0.000000e+00,2.863323e-09,2.688592e+00,0.000000e+00,0.000000e+00,2.321203e-12,6.406410e+00,3.655240e-27,0.000000e+00,2.321261e-12,6.406410e+00,3.655240e-27,0.000000e+00
1.920250e-01,2.932351e-09,1.562541e+01,-2.444125e-01,0.000000e+00,-1.600334e+00,2.214000e-01,2.500000e-05,1.647028e+00,1.727244e+01,0.000000e+00,0.000000e+00,0.000000e+00,0.000000e+00,0.000000e+00,0.000000e+00,0.000000e+00,0.000000e+00,0.000000e+00,0.000000e+00,0.000000e+00,0.000000e+00,0.000000e+00,2.927634e-09,2.710098e+00,0.000000e+00,0.000000e+00,2.358373e-12,6.457655e+00,3.737356e-27,0.000000e+00,2.358470e-12,6.457655e+00,3.737355e-27,0.000000e+00
1.930250e-01,2.997766e-09,1.574950e+01,-2.477351e-01,0.000000e+00,-1.606315e+00,2.214000e-01,2.500000e-05,1.660108e+00,1.740961e+01,0.000000e+00,0.000000e+00,0.000000e+00,0.000000e+00,0.000000e+00,0.000000e+00,0.000000e+00,0.000000e+00,0.000000e+00,0.000000e+00,0.000000e+00,0.000000e+00,0.000000e+00,2.992975e-09,2.731620e+00,0.000000e+00,0.000000e+00,2.395840e-12,6.508938e+00,3.820785e-27,0.000000e+00,2.396044e-12,6.508938e+00,3.820785e-27,0.000000e+00
1.940250e-01,3.064221e-09,1.587367e+01,-2.510818e-01,0.000000e+00,-1.612267e+00,2.214000e-01,2.500000e-05,1.673197e+00,1.754687e+01,0.000000e+00,0.000000e+00,0.000000e+00,0.000000e+00,0.000000e+00,0.000000e+00,0.000000e+00,0.000000e+00,0.000000e+00,0.000000e+00,0.000000e+00,0.000000e+00,0.000000e+00,3.059353e-09,2.753157e+00,0.000000e+00,0.000000e+00,2.434125e-12,6.560256e+00,3.905540e-27,0.000000e+00,2.433736e-12,6.560256e+00,3.905540e-27,0.000000e+00
1.950250e-01,3.131722e-09,1.599792e+01,-2.544527e-01,0.000000e+00,-1.618191e+00,2.214000e-01,2.500000e-05,1.686294e+00,1.768421e+01,0.000000e+00,0.000000e+00,0.000000e+00,0.000000e+00,0.000000e+00,0.000000e+00,0.000000e+00,0.000000e+00,0.000000e+00,0.000000e+00,0.000000e+00,0.000000e+00,0.000000e+00,3.126778e-09,2.774707e+00,0.000000e+00,0.000000e+00,2.472218e-12,6.611607e+00,3.991632e-27,0.000000e+00,2.472284e-12,6.611607e+00,3.991632e-27,0.000000e+00
1.960250e-01,3.200280e-09,1.612225e+01,-2.578477e-01,0.000000e+00,-1.624086e+00,2.214000e-01,2.500000e-05,1.699399e+00,1.782165e+01,0.000000e+00,0.000000e+00,0.000000e+00,0.000000e+00,0.000000e+00,0.000000e+00,0.000000e+00,0.000000e+00,0.000000e+00,0.000000e+00,0.000000e+00,0.000000e+00,0.000000e+00,3.195259e-09,2.796271e+00,0.000000e+00,0.000000e+00,2.510628e-12,6.662988e+00,4.079072e-27,0.000000e+00,2.510811e-12,6.662988e+00,4.079072e-27,0.000000e+00
1.970250e-01,3.269903e-09,1.624664e+01,-2.612668e-01,0.000000e+00,-1.629953e+00,2.214000e-01,2.500000e-05,1.712511e+00,1.795916e+01,0.000000e+00,0.000000e+00,0.000000e+00,0.000000e+00,0.000000e+00,0.000000e+00,0.000000e+00,0.000000e+00,0.000000e+00,0.000000e+00,0.000000e+00,0.000000e+00,0.000000e+00,3.264804e-09,2.817846e+00,0.000000e+00,0.000000e+00,2.549621e-12,6.714399e+00,4.167872e-27,0.000000e+00,2.549665e-12,6.714399e+00,4.167872e-27,0.000000e+00
1.980250e-01,3.340600e-09,1.637111e+01,-2.647099e-01,0.000000e+00,-1.635790e+00,2.214000e-01,2.500000e-05,1.725630e+00,1.809674e+01,0.000000e+00,0.000000e+00,0.000000e+00,0.000000e+00,0.000000e+00,0.000000e+00,0.000000e+00,0.000000e+00,0.000000e+00,0.000000e+00,0.000000e+00,0.000000e+00,0.000000e+00,3.335422e-09,2.839433e+00,0.000000e+00,0.000000e+00,2.588982e-12,6.765838e+00,4.258043e-27,0.000000e+00,2.588889e-12,6.765837e+00,4.258043e-27,0.000000e+00
1.990250e-01,3.412380e-09,1.649563e+01,-2.681770e-01,0.000000e+00,-1.641599e+00,2.214000e-01,2.500000e-05,1.738756e+00,1.823439e+01,0.000000e+00,0.000000e+00,0.000000e+00,0.000000e+00,0.000000e+00,0.000000e+00,0.000000e+00,0.000000e+00,0.000000e+00,0.000000e+00,0.000000e+00,0.000000e+00,0.000000e+00,3.407123e-09,2.861031e+00,0.000000e+00,0.000000e+00,2.628599e-12,6.817301e+00,4.349595e-27,0.000000e+00,2.628277e-12,6.817301e+00,4.349595e-27,0.000000e+00
2.000250e-01,3.485251e-09,1.662021e+01,-2.716681e-01,0.000000e+00,-1.647380e+00,2.214000e-01,2.500000e-05,1.751888e+00,1.837210e+01,0.000000e+00,0.000000e+00,0.000000e+00,0.000000e+00,0.000000e+00,0.000000e+00,0.000000e+00,0.000000e+00,0.000000e+00,0.000000e+00,0.000000e+00,0.000000e+00,0.000000e+00,3.479914e-09,2.882639e+00,0.000000e+00,0.000000e+00,2.668171e-12,6.868787e+00,4.442540e-27,0.000000e+00,2.668310e-12,6.868787e+00,4.442541e-27,0.000000e+00
2.010250e-01,3.559222e-09,1.674485e+01,-2.751831e-01,0.000000e+00,-1.653131e+00,2.214000e-01,2.500000e-05,1.765025e+00,1.850987e+01,0.000000e+00,0.000000e+00,0.000000e+00,0.000000e+00,0.000000e+00,0.000000e+00,0.000000e+00,0.000000e+00,0.000000e+00,0.000000e+00,0.000000e+00,0.000000e+00,0.000000e+00,3.553805e-09,2.904255e+00,0.000000e+00,0.000000e+00,2.708563e-12,6.920296e+00,4.536890e-27,0.000000e+00,2.708572e-12,6.920296e+00,4.536890e-27,0.000000e+00
2.020250e-01,3.634302e-09,1.686953e+01,-2.787220e-01,0.000000e+00,-1.658853e+00,2.214000e-01,2.500000e-05,1.778167e+00,1.864769e+01,0.000000e+00,0.000000e+00,0.000000e+00,0.000000e+00,0.000000e+00,0.000000e+00,0.000000e+00,0.000000e+00,0.000000e+00,0.000000e+00,0.000000e+00,0.000000e+00,0.000000e+00,3.628804e-09,2.925880e+00,0.000000e+00,0.000000e+00,2.749221e-12,6.971823e+00,4.632655e-27,0.000000e+00,2.748914e-12,6.971823e+00,4.632655e-27,0.000000e+00
2.030250e-01,3.710499e-09,1.699425e+01,-2.822847e-01,0.000000e+00,-1.664546e+00,2.214000e-01,2.500000e-05,1.791314e+00,1.878556e+01,0.000000e+00,0.000000e+00,0.000000e+00,0.000000e+00,0.000000e+00,0.000000e+00,0.000000e+00,0.000000e+00,0.000000e+00,0.000000e+00,0.000000e+00,0.000000e+00,0.000000e+00,3.704920e-09,2.947512e+00,0.000000e+00,0.000000e+00,2.789584e-12,7.023368e+00,4.729847e-27,0.000000e+00,2.789542e-12,7.023368e+00,4.729847e-27,0.000000e+00
2.040250e-01,3.787823e-09,1.711901e+01,-2.858713e-01,0.000000e+00,-1.670210e+00,2.214000e-01,2.500000e-05,1.804464e+00,1.892347e+01,0.000000e+00,0.000000e+00,0.000000e+00,0.000000e+00,0.000000e+00,0.000000e+00,0.000000e+00,0.000000e+00,0.000000e+00,0.000000e+00,0.000000e+00,0.000000e+00,0.000000e+00,3.782161e-09,2.969150e+00,0.000000e+00,0.000000e+00,2.830685e-12,7.074928e+00,4.828476e-27,0.000000e+00,2.830841e-12,7.074928e+00,4.828476e-27,0.000000e+00
2.050250e-01,3.866281e-09,1.724380e+01,-2.894816e-01,0.000000e+00,-1.675845e+00,2.214000e-01,2.500000e-05,1.817618e+00,1.906142e+01,0.000000e+00,0.000000e+00,0.000000e+00,0.000000e+00,0.000000e+00,0.000000e+00,0.000000e+00,0.000000e+00,0.000000e+00,0.000000e+00,0.000000e+00,0.000000e+00,0.000000e+00,3.860536e-09,2.990795e+00,0.000000e+00,0.000000e+00,2.872234e-12,7.126503e+00,4.928553e-27,0.000000e+00,2.871932e-12,7.126503e+00,4.928553e-27,0.000000e+00
2.060250e-01,3.945881e-09,1.736862e+01,-2.931156e-01,0.000000e+00,-1.681450e+00,2.214000e-01,2.500000e-05,1.830775e+00,1.919940e+01,0.000000e+00,0.000000e+00,0.000000e+00,0.000000e+00,0.000000e+00,0.000000e+00,0.000000e+00,0.000000e+00,0.000000e+00,0.000000e+00,0.000000e+00,0.000000e+00,0.000000e+00,3.940054e-09,3.012444e+00,0.000000e+00,0.000000e+00,2.913851e-12,7.178089e+00,5.030090e-27,0.000000e+00,2.914020e-12,7.178089e+00,5.030089e-27,0.000000e+00
2.070250e-01,4.026635e-09,1.749347e+01,-2.967733e-01,0.000000e+00,-1.687026e+00,2.214000e-01,2.500000e-05,1.843935e+00,1.933740e+01,0.000000e+00,0.000000e+00,0.000000e+00,0.000000e+00,0.000000e+00,0.000000e+00,0.000000e+00,0.000000e+00,0.000000e+00,0.000000e+00,0.000000e+00,0.000000e+00,0.000000e+00,4.020722e-09,3.034097e+00,0.000000e+00,0.000000e+00,2.956132e-12,7.229685e+00,5.133096e-27,0.000000e+00,2.955851e-12,7.229685e+00,5.133096e-27,0.000000e+00
2.080250e-01,4.108548e-09,1.761833e+01,-3.004546e-01,0.000000e+00,-1.692573e+00,2.214000e-01,2.500000e-05,1.857096e+00,1.947543e+01,0.000000e+00,0.000000e+00,0.000000e+00,0.000000e+00,0.000000e+00,0.000000e+00,0.000000e+00,0.000000e+00,0.000000e+00,0.000000e+00,0.000000e+00,0.000000e+00,0.000000e+00,4.102552e-09,3.055754e+00,0.000000e+00,0.000000e+00,2.998430e-12,7.281289e+00,5.237584e-27,0.000000e+00,2.998311e-12,7.281289e+00,5.237583e-27,0.000000e+00
2.090250e-01,4.191629e-09,1.774321e+01,-3.041595e-01,0.000000e+00,-1.698089e+00,2.214000e-01,2.500000e-05,1.870260e+00,1.961347e+01,0.000000e+00,0.000000e+00,0.000000e+00,0.000000e+00,0.000000e+00,0.000000e+00,0.000000e+00,0.000000e+00,0.000000e+00,0.000000e+00,0.000000e+00,0.000000e+00,0.000000e+00,4.185547e-09,3.077413e+00,0.000000e+00,0.000000e+00,3.041097e-12,7.332899e+00,5.343563e-27,0.000000e+00,3.040919e-12,7.332899e+00,5.343563e-27,0.000000e+00
2.100250e-01,4.275888e-09,1.786810e+01,-3.078879e-01,0.000000e+00,-1.703576e+00,2.214000e-01,2.500000e-05,1.883424e+00,1.975152e+01,0.000000e+00,0.000000e+00,0.000000e+00,0.000000e+00,0.000000e+00,0.000000e+00,0.000000e+00,0.000000e+00,0.000000e+00,0.000000e+00,0.000000e+00,0.000000e+00,0.000000e+00,4.269720e-09,3.099074e+00,0.000000e+00,0.000000e+00,3.083934e-12,7.384513e+00,5.451045e-27,0.000000e+00,3.083941e-12,7.384513e+00,5.451045e-27,0.000000e+00
2.110250e-01,4.361332e-09,1.799300e+01,-3.116398e-01,0.000000e+00,-1.709034e+00,2.214000e-01,2.500000e-05,1.896589e+00,1.988959e+01,0.000000e+00,0.000000e+00,0.000000e+00,0.000000e+00,0.000000e+00,0.000000e+00,0.000000e+00,0.000000e+00,0.000000e+00,0.000000e+00,0.000000e+00,0.000000e+00,0.000000e+00,4.355077e-09,3.120736e+00,0.000000e+00,0.000000e+00,3.127260e-12,7.436130e+00,5.560040e-27,0.000000e+00,3.127244e-12,7.436130e+00,5.560040e-27,0.000000e+00
2.120250e-01,4.447970e-09,1.811789e+01,-3.154151e-01,0.000000e+00,-1.714461e+00,2.214000e-01,2.500000e-05,1.909754e+00,2.002765e+01,0.000000e+00,0.000000e+00,0.000000e+00,0.000000e+00,0.000000e+00,0.000000e+00,0.000000e+00,0.000000e+00,0.000000e+00,0.000000e+00,0.000000e+00,0.000000e+00,0.000000e+00,4.441628e-09,3.142399e+00,0.000000e+00,0.000000e+00,3.170837e-12,7.487747e+00,5.670558e-27,0.000000e+00,3.170776e-12,7.487747e+00,5.670558e-27,0.000000e+00
2.130250e-01,4.535809e-09,1.824279e+01,-3.192138e-01,0.000000e+00,-1.719859e+00,2.214000e-01,2.500000e-05,1.922918e+00,2.016570e+01,0.000000e+00,0.000000e+00,0.000000e+00,0.000000e+00,0.000000e+00,0.000000e+00,0.000000e+00,0.000000e+00,0.000000e+00,0.000000e+00,0.000000e+00,0.000000e+00,0.000000e+00,4.529380e-09,3.164060e+00,0.000000e+00,0.000000e+00,3.214581e-12,7.539363e+00,5.782612e-27,0.000000e+00,3.214456e-12,7.539363e+00,5.782611e-27,0.000000e+00
2.140250e-01,4.624858e-09,1.836767e+01,-3.230357e-01,0.000000e+00,-1.725227e+00,2.214000e-01,2.500000e-05,1.936082e+00,2.030375e+01,0.000000e+00,0.000000e+00,0.000000e+00,0.000000e+00,0.000000e+00,0.000000e+00,0.000000e+00,0.000000e+00,0.000000e+00,0.000000e+00,0.000000e+00,0.000000e+00,0.000000e+00,4.618341e-09,3.185721e+00,0.000000e+00,0.000000e+00,3.258712e-12,7.590975e+00,5.896209e-27,0.000000e+00,3.258760e-12,7.590975e+00,5.896209e-27,0.000000e+00
2.150250e-01,4.715126e-09,1.849255e+01,-3.268809e-01,0.000000e+00,-1.730564e+00,2.214000e-01,2.500000e-05,1.949245e+00,2.044179e+01,0.000000e+00,0.000000e+00,0.000000e+00,0.000000e+00,0.000000e+00,0.000000e+00,0.000000e+00,0.000000e+00,0.000000e+00,0.000000e+00,0.000000e+00,0.000000e+00,0.000000e+00,4.708520e-09,3.207379e+00,0.000000e+00,0.000000e+00,3.303058e-12,7.642583e+00,6.011362e-27,0.000000e+00,3.303460e-12,7.642583e+00,6.011362e-27,0.000000e+00
2.160250e-01,4.806621e-09,1.861740e+01,-3.307493e-01,0.000000e+00,-1.735872e+00,2.214000e-01,2.500000e-05,1.962406e+00,2.057981e+01,0.000000e+00,0.000000e+00,0.000000e+00,0.000000e+00,0.000000e+00,0.000000e+00,0.000000e+00,0.000000e+00,0.000000e+00,0.000000e+00,0.000000e+00,0.000000e+00,0.000000e+00,4.799924e-09,3.229034e+00,0.000000e+00,0.000000e+00,3.347995e-12,7.694184e+00,6.128081e-27,0.000000e+00,3.348398e-12,7.694184e+00,6.128081e-27,0.000000e+00
2.170250e-01,4.899349e-09,1.874224e+01,-3.346408e-01,0.000000e+00,-1.741149e+00,2.214000e-01,2.500000e-05,1.975564e+00,2.071780e+01,0.000000e+00,0.000000e+00,0.000000e+00,0.000000e+00,0.000000e+00,0.000000e+00,0.000000e+00,0.000000e+00,0.000000e+00,0.000000e+00,0.000000e+00,0.000000e+00,0.000000e+00,4.892563e-09,3.250686e+00,0.000000e+00,0.000000e+00,3.393068e-12,7.745776e+00,6.246376e-27,0.000000e+00,3.392931e-12,7.745776e+00,6.246376e-27,0.000000e+00
2.180250e-01,4.993321e-09,1.886705e+01,-3.385554e-01,0.000000e+00,-1.746396e+00,2.214000e-01,2.500000e-05,1.988720e+00,2.085577e+01,0.000000e+00,0.000000e+00,0.000000e+00,0.000000e+00,0.000000e+00,0.000000e+00,0.000000e+00,0.000000e+00,0.000000e+00,0.000000e+00,0.000000e+00,0.000000e+00,0.000000e+00,4.986445e-09,3.272334e+00,0.000000e+00,0.000000e+00,3.438445e-12,7.797357e+00,6.366257e-27,0.000000e+00,3.438532e-12,7.797357e+00,6.366257e-27,0.000000e+00
2.190250e-01,5.088542e-09,1.899183e+01,-3.424930e-01,0.000000e+00,-1.751613e+00,2.214000e-01,2.500000e-05,2.001873e+00,2.099370e+01,0.000000e+00,0.000000e+00,0.000000e+00,0.000000e+00,0.000000e+00,0.000000e+00,0.000000e+00,0.000000e+00,0.000000e+00,0.000000e+00,0.000000e+00,0.000000e+00,0.000000e+00,5.081574e-09,3.293976e+00,0.000000e+00,0.000000e+00,3.483791e-12,7.848927e+00,6.487735e-27,0.000000e+00,3.484249e-12,7.848927e+00,6.487735e-27,0.000000e+00
2.200250e-01,5.185024e-09,1.911658e+01,-3.464535e-01,0.000000e+00,-1.756799e+00,2.214000e-01,2.500000e-05,2.015022e+00,2.113160e+01,0.000000e+00,0.000000e+00,0.000000e+00,0.000000e+00,0.000000e+00,0.000000e+00,0.000000e+00,0.000000e+00,0.000000e+00,0.000000e+00,0.000000e+00,0.000000e+00,0.000000e+00,5.177963e-09,3.315612e+00,0.000000e+00,0.000000e+00,3.530227e-12,7.900481e+00,6.610818e-27,0.000000e+00,3.530062e-12,7.900481e+00,6.610818e-27,0.000000e+00
2.210250e-01,5.282770e-09,1.924128e+01,-3.504369e-01,0.000000e+00,-1.761954e+00,2.214000e-01,2.500000e-05,2.028167e+00,2.126945e+01,0.000000e+00,0.000000e+00,0.000000e+00,0.000000e+00,0.000000e+00,0.000000e+00,0.000000e+00,0.000000e+00,0.000000e+00,0.000000e+00,0.000000e+00,0.000000e+00,0.000000e+00,5.275618e-09,3.337241e+00,0.000000e+00,0.000000e+00,3.576244e-12,7.952021e+00,6.735519e-27,0.000000e+00,3.576225e-12,7.952020e+00,6.735519e-27,0.000000e+00
2.220250e-01,5.381792e-09,1.936595e+01,-3.544430e-01,0.000000e+00,-1.767079e+00,2.214000e-01,2.500000e-05,2.041307e+00,2.140726e+01,0.000000e+00,0.000000e+00,0.000000e+00,0.000000e+00,0.000000e+00,0.000000e+00,0.000000e+00,0.000000e+00,0.000000e+00,0.000000e+00,0.000000e+00,0.000000e+00,0.000000e+00,5.374546e-09,3.358863e+00,0.000000e+00,0.000000e+00,3.622949e-12,8.003542e+00,6.861847e-27,0.000000e+00,3.622802e-12,8.003542e+00,6.861847e-27,0.000000e+00
2.230250e-01,5.482094e-09,1.949056e+01,-3.584719e-01,0.000000e+00,-1.772173e+00,2.214000e-01,2.500000e-05,2.054443e+00,2.154501e+01,0.000000e+00,0.000000e+00,0.000000e+00,0.000000e+00,0.000000e+00,0.000000e+00,0.000000e+00,0.000000e+00,0.000000e+00,0.000000e+00,0.000000e+00,0.000000e+00,0.000000e+00,5.474755e-09,3.380477e+00,0.000000e+00,0.000000e+00,3.669546e-12,8.055043e+00,6.989811e-27,0.000000e+00,3.669374e-12,8.055043e+00,6.989812e-27,0.000000e+00
2.240250e-01,5.583687e-09,1.961513e+01,-3.625235e-01,0.000000e+00,-1.777236e+00,2.214000e-01,2.500000e-05,2.067573e+00,2.168270e+01,0.000000e+00,0.000000e+00,0.000000e+00,0.000000e+00,0.000000e+00,0.000000e+00,0.000000e+00,0.000000e+00,0.000000e+00,0.000000e+00,0.000000e+00,0.000000e+00,0.000000e+00,5.576254e-09,3.402082e+00,0.000000e+00,0.000000e+00,3.716218e-12,8.106524e+00,7.119422e-27,0.000000e+00,3.716503e-12,8.106524e+00,7.119423e-27,0.000000e+00
2.250250e-01,5.686575e-09,1.973964e+01,-3.665977e-01,0.000000e+00,-1.782269e+00,2.214000e-01,2.500000e-05,2.080697e+00,2.182034e+01,0.000000e+00,0.000000e+00,0.000000e+00,0.000000e+00,0.000000e+00,0.000000e+00,0.000000e+00,0.000000e+00,0.000000e+00,0.000000e+00,0.000000e+00,0.000000e+00,0.000000e+00,5.679048e-09,3.423677e+00,0.000000e+00,0.000000e+00,3.762548e-12,8.157981e+00,7.250690e-27,0.000000e+00,3.763940e-12,8.157981e+00,7.250690e-27,0.000000e+00
2.260250e-01,5.790772e-09,1.986409e+01,-3.706943e-01,0.000000e+00,-1.787270e+00,2.214000e-01,2.500000e-05,2.093815e+00,2.195790e+01,0.000000e+00,0.000000e+00,0.000000e+00,0.000000e+00,0.000000e+00,0.000000e+00,0.000000e+00,0.000000e+00,0.000000e+00,0.000000e+00,0.000000e+00,0.000000e+00,0.000000e+00,5.783150e-09,3.445262e+00,0.000000e+00,0.000000e+00,3.811694e-12,8.209414e+00,7.383623e-27,0.000000e+00,3.811463e-12,8.209414e+00,7.383623e-27,0.000000e+00
2.270250e-01,5.896279e-09,1.998847e+01,-3.748134e-01,0.000000e+00,-1.792241e+00,2.214000e-01,2.500000e-05,2.106926e+00,2.209540e+01,0.000000e+00,0.000000e+00,0.000000e+00,0.000000e+00,0.000000e+00,0.000000e+00,0.000000e+00,0.000000e+00,0.000000e+00,0.000000e+00,0.000000e+00,0.000000e+00,0.000000e+00,5.888560e-09,3.466835e+00,0.000000e+00,0.000000e+00,3.859400e-12,8.260818e+00,7.518233e-27,0.000000e+00,3.859574e-12,8.260818e+00,7.518233e-27,0.000000e+00
2.280250e-01,6.003107e-09,2.011279e+01,-3.789549e-01,0.000000e+00,-1.797180e+00,2.214000e-01,2.500000e-05,2.120030e+00,2.223282e+01,0.000000e+00,0.000000e+00,0.000000e+00,0.000000e+00,0.000000e+00,0.000000e+00,0.000000e+00,0.000000e+00,0.000000e+00,0.000000e+00,0.000000e+00,0.000000e+00,0.000000e+00,5.995291e-09,3.488397e+00,0.000000e+00,0.000000e+00,3.907344e-12,8.312196e+00,7.654528e-27,0.000000e+00,3.907872e-12,8.312196e+00,7.654527e-27,0.000000e+00
2.290250e-01,6.111263e-09,2.023703e+01,-3.831187e-01,0.000000e+00,-1.802088e+00,2.214000e-01,2.500000e-05,2.133126e+00,2.237016e+01,0.000000e+00,0.000000e+00,0.000000e+00,0.000000e+00,0.000000e+00,0.000000e+00,0.000000e+00,0.000000e+00,0.000000e+00,0.000000e+00,0.000000e+00,0.000000e+00,0.000000e+00,6.103351e-09,3.509946e+00,0.000000e+00,0.000000e+00,3.956412e-12,8.363544e+00,7.792517e-27,0.000000e+00,3.956087e-12,8.363544e+00,7.792516e-27,0.000000e+00
2.300250e-01,6.220752e-09,2.036120e+01,-3.873047e-01,0.000000e+00,-1.806965e+00,2.214000e-01,2.500000e-05,2.146214e+00,2.250741e+01,0.000000e+00,0.000000e+00,0.000000e+00,0.000000e+00,0.000000e+00,0.000000e+00,0.000000e+00,0.000000e+00,0.000000e+00,0.000000e+00,0.000000e+00,0.000000e+00,0.000000e+00,6.212742e-09,3.531482e+00,0.000000e+00,0.000000e+00,4.005104e-12,8.414858e+00,7.932209e-27,0.000000e+00,4.004841e-12,8.414858e+00,7.932211e-27,0.000000e+00
2.310250e-01,6.331585e-09,2.048528e+01,-3.915128e-01,0.000000e+00,-1.811811e+00,2.214000e-01,2.500000e-05,2.159293e+00,2.264458e+01,0.000000e+00,0.000000e+00,0.000000e+00,0.000000e+00,0.000000e+00,0.000000e+00,0.000000e+00,0.000000e+00,0.000000e+00,0.000000e+00,0.000000e+00,0.000000e+00,0.000000e+00,6.323477e-09,3.553003e+00,0.000000e+00,0.000000e+00,4.053995e-12,8.466140e+00,8.073617e-27,0.000000e+00,4.053468e-12,8.466140e+00,8.073618e-27,0.000000e+00
2.320250e-01,6.443766e-09,2.060928e+01,-3.957429e-01,0.000000e+00,-1.816625e+00,2.214000e-01,2.500000e-05,2.172364e+00,2.278164e+01,0.000000e+00,0.000000e+00,0.000000e+00,0.000000e+00,0.000000e+00,0.000000e+00,0.000000e+00,0.000000e+00,0.000000e+00,0.000000e+00,0.000000e+00,0.000000e+00,0.000000e+00,6.435560e-09,3.574509e+00,0.000000e+00,0.000000e+00,4.103311e-12,8.517385e+00,8.216747e-27,0.000000e+00,4.102958e-12,8.517385e+00,8.216747e-27,0.000000e+00
2.330250e-01,6.557304e-09,2.073319e+01,-3.999951e-01,0.000000e+00,-1.821408e+00,2.214000e-01,2.500000e-05,2.185425e+00,2.291862e+01,0.000000e+00,0.000000e+00,0.000000e+00,0.000000e+00,0.000000e+00,0.000000e+00,0.000000e+00,0.000000e+00,0.000000e+00,0.000000e+00,0.000000e+00,0.000000e+00,0.000000e+00,6.548999e-09,3.596000e+00,0.000000e+00,0.000000e+00,4.152176e-12,8.568595e+00,8.361611e-27,0.000000e+00,4.152349e-12,8.568595e+00,8.361611e-27,0.000000e+00
2.340250e-01,6.672207e-09,2.085701e+01,-4.042691e-01,0.000000e+00,-1.826159e+00,2.214000e-01,2.500000e-05,2.198475e+00,2.305548e+01,0.000000e+00,0.000000e+00,0.000000e+00,0.000000e+00,0.000000e+00,0.000000e+00,0.000000e+00,0.000000e+00,0.000000e+00,0.000000e+00,0.000000e+00,0.000000e+00,0.000000e+00,6.663802e-09,3.617475e+00,0.000000e+00,0.000000e+00,4.201821e-12,8.619764e+00,8.508215e-27,0.000000e+00,4.202454e-12,8.619765e+00,8.508214e-27,0.000000e+00
2.350250e-01,6.788479e-09,2.098072e+01,-4.085649e-01,0.000000e+00,-1.830878e+00,2.214000e-01,2.500000e-05,2.211516e+00,2.319224e+01,0.000000e+00,0.000000e+00,0.000000e+00,0.000000e+00,0.000000e+00,0.000000e+00,0.000000e+00,0.000000e+00,0.000000e+00,0.000000e+00,0.000000e+00,0.000000e+00,0.000000e+00,6.779975e-09,3.638933e+00,0.000000e+00,0.000000e+00,4.251632e-12,8.670895e+00,8.656568e-27,0.000000e+00,4.252356e-12,8.670895e+00,8.656568e-27,0.000000e+00
2.360250e-01,6.906130e-09,2.110434e+01,-4.128824e-01,0.000000e+00,-1.835566e+00,2.214000e-01,2.500000e-05,2.224546e+00,2.332888e+01,0.000000e+00,0.000000e+00,0.000000e+00,0.000000e+00,0.000000e+00,0.000000e+00,0.000000e+00,0.000000e+00,0.000000e+00,0.000000e+00,0.000000e+00,0.000000e+00,0.000000e+00,6.897526e-09,3.660372e+00,0.000000e+00,0.000000e+00,4.301717e-12,8.721982e+00,8.806682e-27,0.000000e+00,4.302165e-12,8.721982e+00,8.806682e-27,0.000000e+00
2.370250e-01,7.025165e-09,2.122784e+01,-4.172215e-01,0.000000e+00,-1.840221e+00,2.214000e-01,2.500000e-05,2.237565e+00,2.346541e+01,0.000000e+00,0.000000e+00,0.000000e+00,0.000000e+00,0.000000e+00,0.000000e+00,0.000000e+00,0.000000e+00,0.000000e+00,0.000000e+00,0.000000e+00,0.000000e+00,0.000000e+00,7.016460e-09,3.681794e+00,0.000000e+00,0.000000e+00,4.352699e-12,8.773025e+00,8.958563e-27,0.000000e+00,4.352825e-12,8.773025e+00,8.958563e-27,0.000000e+00
2.380250e-01,7.145594e-09,2.135124e+01,-4.215823e-01,0.000000e+00,-1.844845e+00,2.214000e-01,2.500000e-05,2.250571e+00,2.360181e+01,0.000000e+00,0.000000e+00,0.000000e+00,0.000000e+00,0.000000e+00,0.000000e+00,0.000000e+00,0.000000e+00,0.000000e+00,0.000000e+00,0.000000e+00,0.000000e+00,0.000000e+00,7.136786e-09,3.703196e+00,0.000000e+00,0.000000e+00,4.404014e-12,8.824022e+00,9.112222e-27,0.000000e+00,4.403644e-12,8.824022e+00,9.112222e-27,0.000000e+00
2.390250e-01,7.267418e-09,2.147452e+01,-4.259644e-01,0.000000e+00,-1.849437e+00,2.214000e-01,2.500000e-05,2.263566e+00,2.373809e+01,0.000000e+00,0.000000e+00,0.000000e+00,0.000000e+00,0.000000e+00,0.000000e+00,0.000000e+00,0.000000e+00,0.000000e+00,0.000000e+00,0.000000e+00,0.000000e+00,0.000000e+00,7.258510e-09,3.724579e+00,0.000000e+00,0.000000e+00,4.453269e-12,8.874972e+00,9.267667e-27,0.000000e+00,4.454684e-12,8.874972e+00,9.267666e-27,0.000000e+00
2.400250e-01,7.390650e-09,2.159769e+01,-4.303679e-01,0.000000e+00,-1.853997e+00,2.214000e-01,2.500000e-05,2.276549e+00,2.387424e+01,0.000000e+00,0.000000e+00,0.000000e+00,0.000000e+00,0.000000e+00,0.000000e+00,0.000000e+00,0.000000e+00,0.000000e+00,0.000000e+00,0.000000e+00,0.000000e+00,0.000000e+00,7.381638e-09,3.745940e+00,0.000000e+00,0.000000e+00,4.505764e-12,8.925874e+00,9.424904e-27,0.000000e+00,4.506078e-12,8.925874e+00,9.424904e-27,0.000000e+00
2.410250e-01,7.515294e-09,2.172073e+01,-4.347926e-01,0.000000e+00,-1.858525e+00,2.214000e-01,2.500000e-05,2.289518e+00,2.401025e+01,0.000000e+00,0.000000e+00,0.000000e+00,0.000000e+00,0.000000e+00,0.000000e+00,0.000000e+00,0.000000e+00,0.000000e+00,0.000000e+00,0.000000e+00,0.000000e+00,0.000000e+00,7.506178e-09,3.767281e+00,0.000000e+00,0.000000e+00,4.558229e-12,8.976725e+00,9.583946e-27,0.000000e+00,4.557468e-12,8.976725e+00,9.583946e-27,0.000000e+00
2.420250e-01,7.641354e-09,2.184365e+01,-4.392385e-01,0.000000e+00,-1.863020e+00,2.214000e-01,2.500000e-05,2.302474e+00,2.414612e+01,0.000000e+00,0.000000e+00,0.000000e+00,0.000000e+00,0.000000e+00,0.000000e+00,0.000000e+00,0.000000e+00,0.000000e+00,0.000000e+00,0.000000e+00,0.000000e+00,0.000000e+00,7.632136e-09,3.788599e+00,0.000000e+00,0.000000e+00,4.608978e-12,9.027522e+00,9.744799e-27,0.000000e+00,4.609043e-12,9.027522e+00,9.744798e-27,0.000000e+00
2.430250e-01,7.768840e-09,2.196643e+01,-4.437056e-01,0.000000e+00,-1.867483e+00,2.214000e-01,2.500000e-05,2.315417e+00,2.428185e+01,0.000000e+00,0.000000e+00,0.000000e+00,0.000000e+00,0.000000e+00,0.000000e+00,0.000000e+00,0.000000e+00,0.000000e+00,0.000000e+00,0.000000e+00,0.000000e+00,0.000000e+00,7.759518e-09,3.809895e+00,0.000000e+00,0.000000e+00,4.660665e-12,9.078266e+00,9.907470e-27,0.000000e+00,4.661138e-12,9.078266e+00,9.907471e-27,0.000000e+00
2.440250e-01,7.897760e-09,2.208908e+01,-4.481935e-01,0.000000e+00,-1.871914e+00,2.214000e-01,2.500000e-05,2.328345e+00,2.441742e+01,0.000000e+00,0.000000e+00,0.000000e+00,0.000000e+00,0.000000e+00,0.000000e+00,0.000000e+00,0.000000e+00,0.000000e+00,0.000000e+00,0.000000e+00,0.000000e+00,0.000000e+00,7.888333e-09,3.831168e+00,0.000000e+00,0.000000e+00,4.714404e-12,9.128955e+00,1.007197e-26,0.000000e+00,4.713155e-12,9.128955e+00,1.007197e-26,0.000000e+00
2.450250e-01,8.028114e-09,2.221159e+01,-4.527024e-01,0.000000e+00,-1.876313e+00,2.214000e-01,2.500000e-05,2.341258e+00,2.455285e+01,0.000000e+00,0.000000e+00,0.000000e+00,0.000000e+00,0.000000e+00,0.000000e+00,0.000000e+00,0.000000e+00,0.000000e+00,0.000000e+00,0.000000e+00,0.000000e+00,0.000000e+00,8.018583e-09,3.852416e+00,0.000000e+00,0.000000e+00,4.766082e-12,9.179585e+00,1.023831e-26,0.000000e+00,4.765514e-12,9.179585e+00,1.023831e-26,0.000000e+00
2.460250e-01,8.159914e-09,2.233396e+01,-4.572320e-01,0.000000e+00,-1.880679e+00,2.214000e-01,2.500000e-05,2.354156e+00,2.468811e+01,0.000000e+00,0.000000e+00,0.000000e+00,0.000000e+00,0.000000e+00,0.000000e+00,0.000000e+00,0.000000e+00,0.000000e+00,0.000000e+00,0.000000e+00,0.000000e+00,0.000000e+00,8.150277e-09,3.873640e+00,0.000000e+00,0.000000e+00,4.818479e-12,9.230158e+00,1.040649e-26,0.000000e+00,4.818472e-12,9.230158e+00,1.040649e-26,0.000000e+00
2.470250e-01,8.293162e-09,2.245618e+01,-4.617823e-01,0.000000e+00,-1.885012e+00,2.214000e-01,2.500000e-05,2.367039e+00,2.482322e+01,0.000000e+00,0.000000e+00,0.000000e+00,0.000000e+00,0.000000e+00,0.000000e+00,0.000000e+00,0.000000e+00,0.000000e+00,0.000000e+00,0.000000e+00,0.000000e+00,0.000000e+00,8.283421e-09,3.894838e+00,0.000000e+00,0.000000e+00,4.870096e-12,9.280669e+00,1.057652e-26,0.000000e+00,4.871238e-12,9.280669e+00,1.057652e-26,0.000000e+00
2.480250e-01,8.427872e-09,2.257825e+01,-4.663532e-01,0.000000e+00,-1.889313e+00,2.214000e-01,2.500000e-05,2.379906e+00,2.495815e+01,0.000000e+00,0.000000e+00,0.000000e+00,0.000000e+00,0.000000e+00,0.000000e+00,0.000000e+00,0.000000e+00,0.000000e+00,0.000000e+00,0.000000e+00,0.000000e+00,0.000000e+00,8.418022e-09,3.916010e+00,0.000000e+00,0.000000e+00,4.924925e-12,9.331118e+00,1.074841e-26,0.000000e+00,4.924757e-12,9.331118e+00,1.074841e-26,0.000000e+00
2.490250e-01,8.564041e-09,2.270016e+01,-4.709446e-01,0.000000e+00,-1.893581e+00,2.214000e-01,2.500000e-05,2.392757e+00,2.509292e+01,0.000000e+00,0.000000e+00,0.000000e+00,0.000000e+00,0.000000e+00,0.000000e+00,0.000000e+00,0.000000e+00,0.000000e+00,0.000000e+00,0.000000e+00,0.000000e+00,0.000000e+00,8.554085e-09,3.937155e+00,0.000000e+00,0.000000e+00,4.979166e-12,9.381503e+00,1.092217e-26,0.000000e+00,4.977795e-12,9.381503e+00,1.092217e-26,0.000000e+00
2.500250e-01,8.701678e-09,2.282192e+01,-4.755563e-01,0.000000e+00,-1.897816e+00,2.214000e-01,2.500000e-05,2.405591e+00,2.522751e+01,0.000000e+00,0.000000e+00,0.000000e+00,0.000000e+00,0.000000e+00,0.000000e+00,0.000000e+00,0.000000e+00,0.000000e+00,0.000000e+00,0.000000e+00,0.000000e+00,0.000000e+00,8.691615e-09,3.958273e+00,0.000000e+00,0.000000e+00,5.032024e-12,9.431823e+00,1.109780e-26,0.000000e+00,5.031524e-12,9.431823e+00,1.109780e-26,0.000000e+00
2.510250e-01,8.840790e-09,2.294351e+01,-4.801883e-01,0.000000e+00,-1.902018e+00,2.214000e-01,2.500000e-05,2.418408e+00,2.536192e+01,0.000000e+00,0.000000e+00,0.000000e+00,0.000000e+00,0.000000e+00,0.000000e+00,0.000000e+00,0.000000e+00,0.000000e+00,0.000000e+00,0.000000e+00,0.000000e+00,0.000000e+00,8.830620e-09,3.979363e+00,0.000000e+00,0.000000e+00,5.085431e-12,9.482075e+00,1.127532e-26,0.000000e+00,5.085091e-12,9.482075e+00,1.127532e-26,0.000000e+00
2.520250e-01,8.981382e-09,2.306494e+01,-4.848405e-01,0.000000e+00,-1.906187e+00,2.214000e-01,2.500000e-05,2.431207e+00,2.549615e+01,0.000000e+00,0.000000e+00,0.000000e+00,0.000000e+00,0.000000e+00,0.000000e+00,0.000000e+00,0.000000e+00,0.000000e+00,0.000000e+00,0.000000e+00,0.000000e+00,0.000000e+00,8.971104e-09,4.000423e+00,0.000000e+00,0.000000e+00,5.138460e-12,9.532259e+00,1.145473e-26,0.000000e+00,5.139055e-12,9.532259e+00,1.145473e-26,0.000000e+00
2.530250e-01,9.123461e-09,2.318620e+01,-4.895127e-01,0.000000e+00,-1.910323e+00,2.214000e-01,2.500000e-05,2.443989e+00,2.563019e+01,0.000000e+00,0.000000e+00,0.000000e+00,0.000000e+00,0.000000e+00,0.000000e+00,0.000000e+00,0.000000e+00,0.000000e+00,0.000000e+00,0.000000e+00,0.000000e+00,0.000000e+00,9.113075e-09,4.021454e+00,0.000000e+00,0.000000e+00,5.192614e-12,9.582372e+00,1.163603e-26,0.000000e+00,5.193325e-12,9.582372e+00,1.163603e-26,0.000000e+00
2.540250e-01,9.267033e-09,2.330728e+01,-4.942049e-01,0.000000e+00,-1.914426e+00,2.214000e-01,2.500000e-05,2.456752e+00,2.576404e+01,0.000000e+00,0.000000e+00,0.000000e+00,0.000000e+00,0.000000e+00,0.000000e+00,0.000000e+00,0.000000e+00,0.000000e+00,0.000000e+00,0.000000e+00,0.000000e+00,0.000000e+00,9.256537e-09,4.042456e+00,0.000000e+00,0.000000e+00,5.249213e-12,9.632414e+00,1.181924e-26,0.000000e+00,5.247304e-12,9.632414e+00,1.181924e-26,0.000000e+00
2.550250e-01,9.412100e-09,2.342819e+01,-4.989169e-01,0.000000e+00,-1.918496e+00,2.214000e-01,2.500000e-05,2.469496e+00,2.589769e+01,0.000000e+00,0.000000e+00,0.000000e+00,0.000000e+00,0.000000e+00,0.000000e+00,0.000000e+00,0.000000e+00,0.000000e+00,0.000000e+00,0.000000e+00,0.000000e+00,0.000000e+00,9.401495e-09,4.063426e+00,0.000000e+00,0.000000e+00,5.302697e-12,9.682382e+00,1.200437e-26,0.000000e+00,5.302077e-12,9.682382e+00,1.200437e-26,0.000000e+00
2.560250e-01,9.558670e-09,2.354891e+01,-5.036486e-01,0.000000e+00,-1.922533e+00,2.214000e-01,2.500000e-05,2.482222e+00,2.603114e+01,0.000000e+00,0.000000e+00,0.000000e+00,0.000000e+00,0.000000e+00,0.000000e+00,0.000000e+00,0.000000e+00,0.000000e+00,0.000000e+00,0.000000e+00,0.000000e+00,0.000000e+00,9.547957e-09,4.084364e+00,0.000000e+00,0.000000e+00,5.355326e-12,9.732274e+00,1.219141e-26,0.000000e+00,5.358362e-12,9.732274e+00,1.219141e-26,0.000000e+00
2.570250e-01,9.706752e-09,2.366945e+01,-5.084000e-01,0.000000e+00,-1.926536e+00,2.214000e-01,2.500000e-05,2.494927e+00,2.616438e+01,0.000000e+00,0.000000e+00,0.000000e+00,0.000000e+00,0.000000e+00,0.000000e+00,0.000000e+00,0.000000e+00,0.000000e+00,0.000000e+00,0.000000e+00,0.000000e+00,0.000000e+00,9.695927e-09,4.105271e+00,0.000000e+00,0.000000e+00,5.413169e-12,9.782090e+00,1.238038e-26,0.000000e+00,5.412109e-12,9.782090e+00,1.238038e-26,0.000000e+00
2.580250e-01,9.856344e-09,2.378980e+01,-5.131708e-01,0.000000e+00,-1.930506e+00,2.214000e-01,2.500000e-05,2.507613e+00,2.629741e+01,0.000000e+00,0.000000e+00,0.000000e+00,0.000000e+00,0.000000e+00,0.000000e+00,0.000000e+00,0.000000e+00,0.000000e+00,0.000000e+00,0.000000e+00,0.000000e+00,0.000000e+00,9.845409e-09,4.126144e+00,0.000000e+00,0.000000e+00,5.469218e-12,9.831828e+00,1.257128e-26,0.000000e+00,5.465928e-12,9.831828e+00,1.257128e-26,0.000000e+00
2.590250e-01,1.000746e-08,2.390996e+01,-5.179610e-01,0.000000e+00,-1.934443e+00,2.214000e-01,2.500000e-05,2.520278e+00,2.643024e+01,0.000000e+00,0.000000e+00,0.000000e+00,0.000000e+00,0.000000e+00,0.000000e+00,0.000000e+00,0.000000e+00,0.000000e+00,0.000000e+00,0.000000e+00,0.000000e+00,0.000000e+00,9.996411e-09,4.146985e+00,0.000000e+00,0.000000e+00,5.523498e-12,9.881487e+00,1.276412e-26,0.000000e+00,5.522163e-12,9.881487e+00,1.276412e-26,0.000000e+00
2.600250e-01,1.016009e-08,2.402992e+01,-5.227705e-01,0.000000e+00,-1.938346e+00,2.214000e-01,2.500000e-05,2.532923e+00,2.656284e+01,0.000000e+00,0.000000e+00,0.000000e+00,0.000000e+00,0.000000e+00,0.000000e+00,0.000000e+00,0.000000e+00,0.000000e+00,0.000000e+00,0.000000e+00,0.000000e+00,0.000000e+00,1.014893e-08,4.167790e+00,0.000000e+00,0.000000e+00,5.577778e-12,9.931064e+00,1.295891e-26,0.000000e+00,5.578027e-12,9.931064e+00,1.295891e-26,0.000000e+00
2.610250e-01,1.031426e-08,2.414968e+01,-5.275990e-01,0.000000e+00,-1.942215e+00,2.214000e-01,2.500000e-05,2.545546e+00,2.669522e+01,0.000000e+00,0.000000e+00,0.000000e+00,0.000000e+00,0.000000e+00,0.000000e+00,0.000000e+00,0.000000e+00,0.000000e+00,0.000000e+00,0.000000e+00,0.000000e+00,0.000000e+00,1.030299e-08,4.188562e+00,0.000000e+00,0.000000e+00,5.635053e-12,9.980557e+00,1.315565e-26,0.000000e+00,5.633327e-12,9.980557e+00,1.315565e-26,0.000000e+00
2.620250e-01,1.046996e-08,2.426923e+01,-5.324467e-01,0.000000e+00,-1.946051e+00,2.214000e-01,2.500000e-05,2.558148e+00,2.682738e+01,0.000000e+00,0.000000e+00,0.000000e+00,0.000000e+00,0.000000e+00,0.000000e+00,0.000000e+00,0.000000e+00,0.000000e+00,0.000000e+00,0.000000e+00,0.000000e+00,0.000000e+00,1.045858e-08,4.209298e+00,0.000000e+00,0.000000e+00,5.690148e-12,1.002997e+01,1.335435e-26,0.000000e+00,5.689589e-12,1.002997e+01,1.335435e-26,0.000000e+00
2.630250e-01,1.062720e-08,2.438858e+01,-5.373133e-01,0.000000e+00,-1.949852e+00,2.214000e-01,2.500000e-05,2.570728e+00,2.695931e+01,0.000000e+00,0.000000e+00,0.000000e+00,0.000000e+00,0.000000e+00,0.000000e+00,0.000000e+00,0.000000e+00,0.000000e+00,0.000000e+00,0.000000e+00,0.000000e+00,0.000000e+00,1.061570e-08,4.229997e+00,0.000000e+00,0.000000e+00,5.745232e-12,1.007929e+01,1.355501e-26,0.000000e+00,5.746436e-12,1.007929e+01,1.355501e-26,0.000000e+00
2.640250e-01,1.078598e-08,2.450771e+01,-5.421987e-01,0.000000e+00,-1.953620e+00,2.214000e-01,2.500000e-05,2.583286e+00,2.709100e+01,0.000000e+00,0.000000e+00,0.000000e+00,0.000000e+00,0.000000e+00,0.000000e+00,0.000000e+00,0.000000e+00,0.000000e+00,0.000000e+00,0.000000e+00,0.000000e+00,0.000000e+00,1.077437e-08,4.250660e+00,0.000000e+00,0.000000e+00,5.800534e-12,1.012853e+01,1.375765e-26,0.000000e+00,5.802076e-12,1.012853e+01,1.375765e-26,0.000000e+00
2.650250e-01,1.094631e-08,2.462663e+01,-5.471026e-01,0.000000e+00,-1.957355e+00,2.214000e-01,2.500000e-05,2.595821e+00,2.722245e+01,0.000000e+00,0.000000e+00,0.000000e+00,0.000000e+00,0.000000e+00,0.000000e+00,0.000000e+00,0.000000e+00,0.000000e+00,0.000000e+00,0.000000e+00,0.000000e+00,0.000000e+00,1.093459e-08,4.271286e+00,0.000000e+00,0.000000e+00,5.857547e-12,1.017767e+01,1.396227e-26,0.000000e+00,5.859199e-12,1.017767e+01,1.396227e-26,0.000000e+00
2.660250e-01,1.110820e-08,2.474533e+01,-5.520252e-01,0.000000e+00,-1.961055e+00,2.214000e-01,2.500000e-05,2.608333e+00,2.735366e+01,0.000000e+00,0.000000e+00,0.000000e+00,0.000000e+00,0.000000e+00,0.000000e+00,0.000000e+00,0.000000e+00,0.000000e+00,0.000000e+00,0.000000e+00,0.000000e+00,0.000000e+00,1.109636e-08,4.291873e+00,0.000000e+00,0.000000e+00,5.916983e-12,1.022673e+01,1.416887e-26,0.000000e+00,5.913421e-12,1.022673e+01,1.416887e-26,0.000000e+00
2.670250e-01,1.127164e-08,2.486381e+01,-5.569662e-01,0.000000e+00,-1.964721e+00,2.214000e-01,2.500000e-05,2.620821e+00,2.748463e+01,0.000000e+00,0.000000e+00,0.000000e+00,0.000000e+00,0.000000e+00,0.000000e+00,0.000000e+00,0.000000e+00,0.000000e+00,0.000000e+00,0.000000e+00,0.000000e+00,0.000000e+00,1.125969e-08,4.312422e+00,0.000000e+00,0.000000e+00,5.973358e-12,1.027569e+01,1.437746e-26,0.000000e+00,5.972004e-12,1.027569e+01,1.437746e-26,0.000000e+00
2.680250e-01,1.143664e-08,2.498206e+01,-5.619255e-01,0.000000e+00,-1.968353e+00,2.214000e-01,2.500000e-05,2.633286e+00,2.761535e+01,0.000000e+00,0.000000e+00,0.000000e+00,0.000000e+00,0.000000e+00,0.000000e+00,0.000000e+00,0.000000e+00,0.000000e+00,0.000000e+00,0.000000e+00,0.000000e+00,0.000000e+00,1.142459e-08,4.332932e+00,0.000000e+00,0.000000e+00,6.029406e-12,1.032456e+01,1.458804e-26,0.000000e+00,6.028668e-12,1.032456e+01,1.458804e-26,0.000000e+00
2.690250e-01,1.160322e-08,2.510008e+01,-5.669029e-01,0.000000e+00,-1.971951e+00,2.214000e-01,2.500000e-05,2.645726e+00,2.774581e+01,0.000000e+00,0.000000e+00,0.000000e+00,0.000000e+00,0.000000e+00,0.000000e+00,0.000000e+00,0.000000e+00,0.000000e+00,0.000000e+00,0.000000e+00,0.000000e+00,0.000000e+00,1.159104e-08,4.353402e+00,0.000000e+00,0.000000e+00,6.085174e-12,1.037334e+01,1.480063e-26,0.000000e+00,6.086879e-12,1.037334e+01,1.480062e-26,0.000000e+00
2.700250e-01,1.177136e-08,2.521787e+01,-5.718984e-01,0.000000e+00,-1.975514e+00,2.214000e-01,2.500000e-05,2.658141e+00,2.787601e+01,0.000000e+00,0.000000e+00,0.000000e+00,0.000000e+00,0.000000e+00,0.000000e+00,0.000000e+00,0.000000e+00,0.000000e+00,0.000000e+00,0.000000e+00,0.000000e+00,0.000000e+00,1.175907e-08,4.373831e+00,0.000000e+00,0.000000e+00,6.145061e-12,1.042202e+01,1.501522e-26,0.000000e+00,6.142331e-12,1.042202e+01,1.501522e-26,0.000000e+00
2.710250e-01,1.194108e-08,2.533542e+01,-5.769118e-01,0.000000e+00,-1.979044e+00,2.214000e-01,2.500000e-05,2.670532e+00,2.800595e+01,0.000000e+00,0.000000e+00,0.000000e+00,0.000000e+00,0.000000e+00,0.000000e+00,0.000000e+00,0.000000e+00,0.000000e+00,0.000000e+00,0.000000e+00,0.000000e+00,0.000000e+00,1.192868e-08,4.394219e+00,0.000000e+00,0.000000e+00,6.200503e-12,1.047060e+01,1.523182e-26,0.000000e+00,6.200794e-12,1.047060e+01,1.523182e-26,0.000000e+00
2.720250e-01,1.211238e-08,2.545273e+01,-5.819430e-01,0.000000e+00,-1.982539e+00,2.214000e-01,2.500000e-05,2.682897e+00,2.813563e+01,0.000000e+00,0.000000e+00,0.000000e+00,0.000000e+00,0.000000e+00,0.000000e+00,0.000000e+00,0.000000e+00,0.000000e+00,0.000000e+00,0.000000e+00,0.000000e+00,0.000000e+00,1.209986e-08,4.414566e+00,0.000000e+00,0.000000e+00,6.259214e-12,1.051908e+01,1.545044e-26,0.000000e+00,6.257127e-12,1.051908e+01,1.545044e-26,0.000000e+00
2.730250e-01,1.228526e-08,2.556980e+01,-5.869918e-01,0.000000e+00,-1.985999e+00,2.214000e-01,2.500000e-05,2.695237e+00,2.826503e+01,0.000000e+00,0.000000e+00,0.000000e+00,0.000000e+00,0.000000e+00,0.000000e+00,0.000000e+00,0.000000e+00,0.000000e+00,0.000000e+00,0.000000e+00,0.000000e+00,0.000000e+00,1.227263e-08,4.434870e+00,0.000000e+00,0.000000e+00,6.317295e-12,1.056746e+01,1.567109e-26,0.000000e+00,6.315704e-12,1.056746e+01,1.567109e-26,0.000000e+00
2.740250e-01,1.245973e-08,2.568661e+01,-5.920582e-01,0.000000e+00,-1.989425e+00,2.214000e-01,2.500000e-05,2.707550e+00,2.839416e+01,0.000000e+00,0.000000e+00,0.000000e+00,0.000000e+00,0.000000e+00,0.000000e+00,0.000000e+00,0.000000e+00,0.000000e+00,0.000000e+00,0.000000e+00,0.000000e+00,0.000000e+00,1.244698e-08,4.455131e+00,0.000000e+00,0.000000e+00,6.372867e-12,1.061574e+01,1.589376e-26,0.000000e+00,6.374658e-12,1.061574e+01,1.589376e-26,0.000000e+00
2.750250e-01,1.263579e-08,2.580318e+01,-5.971419e-01,0.000000e+00,-1.992817e+00,2.214000e-01,2.500000e-05,2.719837e+00,2.852302e+01,0.000000e+00,0.000000e+00,0.000000e+00,0.000000e+00,0.000000e+00,0.000000e+00,0.000000e+00,0.000000e+00,0.000000e+00,0.000000e+00,0.000000e+00,0.000000e+00,0.000000e+00,1.262293e-08,4.475348e+00,0.000000e+00,0.000000e+00,6.430024e-12,1.066392e+01,1.611847e-26,0.000000e+00,6.432674e-12,1.066392e+01,1.611847e-26,0.000000e+00
2.760250e-01,1.281345e-08,2.591949e+01,-6.022429e-01,0.000000e+00,-1.996174e+00,2.214000e-01,2.500000e-05,2.732097e+00,2.865159e+01,0.000000e+00,0.000000e+00,0.000000e+00,0.000000e+00,0.000000e+00,0.000000e+00,0.000000e+00,0.000000e+00,0.000000e+00,0.000000e+00,0.000000e+00,0.000000e+00,0.000000e+00,1.280047e-08,4.495522e+00,0.000000e+00,0.000000e+00,6.490527e-12,1.071198e+01,1.634521e-26,0.000000e+00,6.488732e-12,1.071198e+01,1.634521e-26,0.000000e+00
2.770250e-01,1.299270e-08,2.603554e+01,-6.073610e-01,0.000000e+00,-1.999496e+00,2.214000e-01,2.500000e-05,2.744330e+00,2.877987e+01,0.000000e+00,0.000000e+00,0.000000e+00,0.000000e+00,0.000000e+00,0.000000e+00,0.000000e+00,0.000000e+00,0.000000e+00,0.000000e+00,0.000000e+00,0.000000e+00,0.000000e+00,1.297961e-08,4.515650e+00,0.000000e+00,0.000000e+00,6.547288e-12,1.075995e+01,1.657399e-26,0.000000e+00,6.549133e-12,1.075995e+01,1.657399e-26,0.000000e+00
2.780250e-01,1.317356e-08,2.615133e+01,-6.124961e-01,0.000000e+00,-2.002783e+00,2.214000e-01,2.500000e-05,2.756535e+00,2.890787e+01,0.000000e+00,0.000000e+00,0.000000e+00,0.000000e+00,0.000000e+00,0.000000e+00,0.000000e+00,0.000000e+00,0.000000e+00,0.000000e+00,0.000000e+00,0.000000e+00,0.000000e+00,1.316035e-08,4.535733e+00,0.000000e+00,0.000000e+00,6.607311e-12,1.080780e+01,1.680482e-26,0.000000e+00,6.605742e-12,1.080780e+01,1.680482e-26,0.000000e+00
2.790250e-01,1.335603e-08,2.626686e+01,-6.176480e-01,0.000000e+00,-2.006036e+00,2.214000e-01,2.500000e-05,2.768712e+00,2.903557e+01,0.000000e+00,0.000000e+00,0.000000e+00,0.000000e+00,0.000000e+00,0.000000e+00,0.000000e+00,0.000000e+00,0.000000e+00,0.000000e+00,0.000000e+00,0.000000e+00,0.000000e+00,1.334270e-08,4.555770e+00,0.000000e+00,0.000000e+00,6.664241e-12,1.085555e+01,1.703770e-26,0.000000e+00,6.665320e-12,1.085555e+01,1.703770e-26,0.000000e+00
2.800250e-01,1.354010e-08,2.638212e+01,-6.228166e-01,0.000000e+00,-2.009254e+00,2.214000e-01,2.500000e-05,2.780861e+00,2.916298e+01,0.000000e+00,0.000000e+00,0.000000e+00,0.000000e+00,0.000000e+00,0.000000e+00,0.000000e+00,0.000000e+00,0.000000e+00,0.000000e+00,0.000000e+00,0.000000e+00,0.000000e+00,1.352665e-08,4.575760e+00,0.000000e+00,0.000000e+00,6.722526e-12,1.090318e+01,1.727264e-26,0.000000e+00,6.724486e-12,1.090318e+01,1.727264e-26,0.000000e+00
2.810250e-01,1.372578e-08,2.649710e+01,-6.280018e-01,0.000000e+00,-2.012436e+00,2.214000e-01,2.500000e-05,2.792981e+00,2.929008e+01,0.000000e+00,0.000000e+00,0.000000e+00,0.000000e+00,0.000000e+00,0.000000e+00,0.000000e+00,0.000000e+00,0.000000e+00,0.000000e+00,0.000000e+00,0.000000e+00,0.000000e+00,1.371222e-08,4.595703e+00,0.000000e+00,0.000000e+00,6.783880e-12,1.095070e+01,1.750963e-26,0.000000e+00,6.780918e-12,1.095070e+01,1.750963e-26,0.000000e+00
2.820250e-01,1.391308e-08,2.661181e+01,-6.332034e-01,0.000000e+00,-2.015584e+00,2.214000e-01,2.500000e-05,2.805073e+00,2.941688e+01,0.000000e+00,0.000000e+00,0.000000e+00,0.000000e+00,0.000000e+00,0.000000e+00,0.000000e+00,0.000000e+00,0.000000e+00,0.000000e+00,0.000000e+00,0.000000e+00,0.000000e+00,1.389940e-08,4.615599e+00,0.000000e+00,0.000000e+00,6.841039e-12,1.099811e+01,1.774869e-26,0.000000e+00,6.841553e-12,1.099811e+01,1.774869e-26,0.000000e+00
2.830250e-01,1.410200e-08,2.672624e+01,-6.384214e-01,0.000000e+00,-2.018697e+00,2.214000e-01,2.500000e-05,2.817134e+00,2.954338e+01,0.000000e+00,0.000000e+00,0.000000e+00,0.000000e+00,0.000000e+00,0.000000e+00,0.000000e+00,0.000000e+00,0.000000e+00,0.000000e+00,0.000000e+00,0.000000e+00,0.000000e+00,1.408820e-08,4.635446e+00,0.000000e+00,0.000000e+00,6.900791e-12,1.104540e+01,1.798982e-26,0.000000e+00,6.900820e-12,1.104540e+01,1.798982e-26,0.000000e+00
2.840250e-01,1.429254e-08,2.684039e+01,-6.436554e-01,0.000000e+00,-2.021775e+00,2.214000e-01,2.500000e-05,2.829166e+00,2.966955e+01,0.000000e+00,0.000000e+00,0.000000e+00,0.000000e+00,0.000000e+00,0.000000e+00,0.000000e+00,0.000000e+00,0.000000e+00,0.000000e+00,0.000000e+00,0.000000e+00,0.000000e+00,1.427863e-08,4.655243e+00,0.000000e+00,0.000000e+00,6.957506e-12,1.109257e+01,1.823302e-26,0.000000e+00,6.960090e-12,1.109257e+01,1.823302e-26,0.000000e+00
2.850250e-01,1.448471e-08,2.695425e+01,-6.489054e-01,0.000000e+00,-2.024817e+00,2.214000e-01,2.500000e-05,2.841168e+00,2.979542e+01,0.000000e+00,0.000000e+00,0.000000e+00,0.000000e+00,0.000000e+00,0.000000e+00,0.000000e+00,0.000000e+00,0.000000e+00,0.000000e+00,0.000000e+00,0.000000e+00,0.000000e+00,1.447067e-08,4.674992e+00,0.000000e+00,0.000000e+00,7.017558e-12,1.113963e+01,1.847829e-26,0.000000e+00,7.017500e-12,1.113963e+01,1.847829e-26,0.000000e+00
2.860250e-01,1.467850e-08,2.706782e+01,-6.541713e-01,0.000000e+00,-2.027824e+00,2.214000e-01,2.500000e-05,2.853139e+00,2.992096e+01,0.000000e+00,0.000000e+00,0.000000e+00,0.000000e+00,0.000000e+00,0.000000e+00,0.000000e+00,0.000000e+00,0.000000e+00,0.000000e+00,0.000000e+00,0.000000e+00,0.000000e+00,1.466435e-08,4.694690e+00,0.000000e+00,0.000000e+00,7.078126e-12,1.118657e+01,1.872564e-26,0.000000e+00,7.077674e-12,1.118657e+01,1.872564e-26,0.000000e+00
2.870250e-01,1.487393e-08,2.718110e+01,-6.594529e-01,0.000000e+00,-2.030797e+00,2.214000e-01,2.500000e-05,2.865080e+00,3.004618e+01,0.000000e+00,0.000000e+00,0.000000e+00,0.000000e+00,0.000000e+00,0.000000e+00,0.000000e+00,0.000000e+00,0.000000e+00,0.000000e+00,0.000000e+00,0.000000e+00,0.000000e+00,1.485965e-08,4.714337e+00,0.000000e+00,0.000000e+00,7.139751e-12,1.123338e+01,1.897507e-26,0.000000e+00,7.135269e-12,1.123338e+01,1.897507e-26,0.000000e+00
2.880250e-01,1.507098e-08,2.729409e+01,-6.647500e-01,0.000000e+00,-2.033733e+00,2.214000e-01,2.500000e-05,2.876989e+00,3.017108e+01,0.000000e+00,0.000000e+00,0.000000e+00,0.000000e+00,0.000000e+00,0.000000e+00,0.000000e+00,0.000000e+00,0.000000e+00,0.000000e+00,0.000000e+00,0.000000e+00,0.000000e+00,1.505659e-08,4.733933e+00,0.000000e+00,0.000000e+00,7.195635e-12,1.128008e+01,1.922659e-26,0.000000e+00,7.196085e-12,1.128008e+01,1.922659e-26,0.000000e+00
2.890250e-01,1.526967e-08,2.740677e+01,-6.700625e-01,0.000000e+00,-2.036634e+00,2.214000e-01,2.500000e-05,2.888867e+00,3.029564e+01,0.000000e+00,0.000000e+00,0.000000e+00,0.000000e+00,0.000000e+00,0.000000e+00,0.000000e+00,0.000000e+00,0.000000e+00,0.000000e+00,0.000000e+00,0.000000e+00,0.000000e+00,1.525516e-08,4.753478e+00,0.000000e+00,0.000000e+00,7.257822e-12,1.132665e+01,1.948019e-26,0.000000e+00,7.254554e-12,1.132665e+01,1.948020e-26,0.000000e+00
2.900250e-01,1.547000e-08,2.751915e+01,-6.753904e-01,0.000000e+00,-2.039500e+00,2.214000e-01,2.500000e-05,2.900713e+00,3.041987e+01,0.000000e+00,0.000000e+00,0.000000e+00,0.000000e+00,0.000000e+00,0.000000e+00,0.000000e+00,0.000000e+00,0.000000e+00,0.000000e+00,0.000000e+00,0.000000e+00,0.000000e+00,1.545536e-08,4.772970e+00,0.000000e+00,0.000000e+00,7.316962e-12,1.137309e+01,1.973589e-26,0.000000e+00,7.314663e-12,1.137309e+01,1.973589e-26,0.000000e+00
2.910250e-01,1.567196e-08,2.763123e+01,-6.807333e-01,0.000000e+00,-2.042330e+00,2.214000e-01,2.500000e-05,2.912527e+00,3.054376e+01,0.000000e+00,0.000000e+00,0.000000e+00,0.000000e+00,0.000000e+00,0.000000e+00,0.000000e+00,0.000000e+00,0.000000e+00,0.000000e+00,0.000000e+00,0.000000e+00,0.000000e+00,1.565721e-08,4.792408e+00,0.000000e+00,0.000000e+00,7.375017e-12,1.141941e+01,1.999368e-26,0.000000e+00,7.375045e-12,1.141941e+01,1.999369e-26,0.000000e+00
2.920250e-01,1.587557e-08,2.774300e+01,-6.860912e-01,0.000000e+00,-2.045125e+00,2.214000e-01,2.500000e-05,2.924308e+00,3.066731e+01,0.000000e+00,0.000000e+00,0.000000e+00,0.000000e+00,0.000000e+00,0.000000e+00,0.000000e+00,0.000000e+00,0.000000e+00,0.000000e+00,0.000000e+00,0.000000e+00,0.000000e+00,1.586070e-08,4.811794e+00,0.000000e+00,0.000000e+00,7.436124e-12,1.146560e+01,2.025357e-26,0.000000e+00,7.434531e-12,1.146560e+01,2.025357e-26,0.000000e+00
2.930250e-01,1.608082e-08,2.785446e+01,-6.914638e-01,0.000000e+00,-2.047884e+00,2.214000e-01,2.500000e-05,2.936056e+00,3.079051e+01,0.000000e+00,0.000000e+00,0.000000e+00,0.000000e+00,0.000000e+00,0.000000e+00,0.000000e+00,0.000000e+00,0.000000e+00,0.000000e+00,0.000000e+00,0.000000e+00,0.000000e+00,1.606583e-08,4.831125e+00,0.000000e+00,0.000000e+00,7.497258e-12,1.151166e+01,2.051556e-26,0.000000e+00,7.493972e-12,1.151166e+01,2.051556e-26,0.000000e+00
2.940250e-01,1.628772e-08,2.796560e+01,-6.968512e-01,0.000000e+00,-2.050608e+00,2.214000e-01,2.500000e-05,2.947771e+00,3.091337e+01,0.000000e+00,0.000000e+00,0.000000e+00,0.000000e+00,0.000000e+00,0.000000e+00,0.000000e+00,0.000000e+00,0.000000e+00,0.000000e+00,0.000000e+00,0.000000e+00,0.000000e+00,1.627261e-08,4.850401e+00,0.000000e+00,0.000000e+00,7.556751e-12,1.155760e+01,2.077965e-26,0.000000e+00,7.554127e-12,1.155760e+01,2.077965e-26,0.000000e+00
2.950250e-01,1.649626e-08,2.807642e+01,-7.022530e-01,0.000000e+00,-2.053295e+00,2.214000e-01,2.500000e-05,2.959452e+00,3.103587e+01,0.000000e+00,0.000000e+00,0.000000e+00,0.000000e+00,0.000000e+00,0.000000e+00,0.000000e+00,0.000000e+00,0.000000e+00,0.000000e+00,0.000000e+00,0.000000e+00,0.000000e+00,1.648103e-08,4.869622e+00,0.000000e+00,0.000000e+00,7.612647e-12,1.160340e+01,2.104585e-26,0.000000e+00,7.616413e-12,1.160340e+01,2.104584e-26,0.000000e+00
2.960250e-01,1.670646e-08,2.818692e+01,-7.076692e-01,0.000000e+00,-2.055947e+00,2.214000e-01,2.500000e-05,2.971100e+00,3.115802e+01,0.000000e+00,0.000000e+00,0.000000e+00,0.000000e+00,0.000000e+00,0.000000e+00,0.000000e+00,0.000000e+00,0.000000e+00,0.000000e+00,0.000000e+00,0.000000e+00,0.000000e+00,1.669111e-08,4.888788e+00,0.000000e+00,0.000000e+00,7.674784e-12,1.164906e+01,2.131415e-26,0.000000e+00,7.675409e-12,1.164906e+01,2.131415e-26,0.000000e+00
2.970250e-01,1.691830e-08,2.829709e+01,-7.130996e-01,0.000000e+00,-2.058563e+00,2.214000e-01,2.500000e-05,2.982713e+00,3.127980e+01,0.000000e+00,0.000000e+00,0.000000e+00,0.000000e+00,0.000000e+00,0.000000e+00,0.000000e+00,0.000000e+00,0.000000e+00,0.000000e+00,0.000000e+00,0.000000e+00,0.000000e+00,1.690283e-08,4.907897e+00,0.000000e+00,0.000000e+00,7.734574e-12,1.169460e+01,2.158455e-26,0.000000e+00,7.736548e-12,1.169460e+01,2.158456e-26,0.000000e+00
2.980250e-01,1.713180e-08,2.840694e+01,-7.185440e-01,0.000000e+00,-2.061144e+00,2.214000e-01,2.500000e-05,2.994292e+00,3.140123e+01,0.000000e+00,0.000000e+00,0.000000e+00,0.000000e+00,0.000000e+00,0.000000e+00,0.000000e+00,0.000000e+00,0.000000e+00,0.000000e+00,0.000000e+00,0.000000e+00,0.000000e+00,1.711621e-08,4.926949e+00,0.000000e+00,0.000000e+00,7.796372e-12,1.174000e+01,2.185708e-26,0.000000e+00,7.795012e-12,1.173999e+01,2.185708e-26,0.000000e+00
2.990250e-01,1.734695e-08,2.851645e+01,-7.240023e-01,0.000000e+00,-2.063688e+00,2.214000e-01,2.500000e-05,3.005835e+00,3.152229e+01,0.000000e+00,0.000000e+00,0.000000e+00,0.000000e+00,0.000000e+00,0.000000e+00,0.000000e+00,0.000000e+00,0.000000e+00,0.000000e+00,0.000000e+00,0.000000e+00,0.000000e+00,1.733124e-08,4.945943e+00,0.000000e+00,0.000000e+00,7.854812e-12,1.178525e+01,2.213171e-26,0.000000e+00,7.854994e-12,1.178525e+01,2.213171e-26,0.000000e+00
3.000250e-01,1.756376e-08,2.862563e+01,-7.294743e-01,0.000000e+00,-2.066196e+00,2.214000e-01,2.500000e-05,3.017344e+00,3.164298e+01,0.000000e+00,0.000000e+00,0.000000e+00,0.000000e+00,0.000000e+00,0.000000e+00,0.000000e+00,0.000000e+00,0.000000e+00,0.000000e+00,0.000000e+00,0.000000e+00,0.000000e+00,1.754793e-08,4.964880e+00,0.000000e+00,0.000000e+00,7.915686e-12,1.183038e+01,2.240846e-26,0.000000e+00,7.914448e-12,1.183038e+01,2.240846e-26,0.000000e+00
3.010250e-01,1.778222e-08,2.873448e+01,-7.349598e-01,0.000000e+00,-2.068669e+00,2.214000e-01,2.500000e-05,3.028816e+00,3.176329e+01,0.000000e+00,0.000000e+00,0.000000e+00,0.000000e+00,0.000000e+00,0.000000e+00,0.000000e+00,0.000000e+00,0.000000e+00,0.000000e+00,0.000000e+00,0.000000e+00,0.000000e+00,1.776627e-08,4.983757e+00,0.000000e+00,0.000000e+00,7.975270e-12,1.187536e+01,2.268733e-26,0.000000e+00,7.978031e-12,1.187536e+01,2.268732e-26,0.000000e+00
3.020250e-01,1.800234e-08,2.884298e+01,-7.404588e-01,0.000000e+00,-2.071105e+00,2.214000e-01,2.500000e-05,3.040253e+00,3.188323e+01,0.000000e+00,0.000000e+00,0.000000e+00,0.000000e+00,0.000000e+00,0.000000e+00,0.000000e+00,0.000000e+00,0.000000e+00,0.000000e+00,0.000000e+00,0.000000e+00,0.000000e+00,1.798627e-08,5.002576e+00,0.000000e+00,0.000000e+00,8.036125e-12,1.192020e+01,2.296830e-26,0.000000e+00,8.038432e-12,1.192020e+01,2.296830e-26,0.000000e+00
3.030250e-01,1.822412e-08,2.895114e+01,-7.459710e-01,0.000000e+00,-2.073505e+00,2.214000e-01,2.500000e-05,3.051654e+00,3.200279e+01,0.000000e+00,0.000000e+00,0.000000e+00,0.000000e+00,0.000000e+00,0.000000e+00,0.000000e+00,0.000000e+00,0.000000e+00,0.000000e+00,0.000000e+00,0.000000e+00,0.000000e+00,1.820793e-08,5.021336e+00,0.000000e+00,0.000000e+00,8.096573e-12,1.196490e+01,2.325141e-26,0.000000e+00,8.096593e-12,1.196490e+01,2.325141e-26,0.000000e+00
3.040250e-01,1.844756e-08,2.905895e+01,-7.514963e-01,0.000000e+00,-2.075869e+00,2.214000e-01,2.500000e-05,3.063018e+00,3.212197e+01,0.000000e+00,0.000000e+00,0.000000e+00,0.000000e+00,0.000000e+00,0.000000e+00,0.000000e+00,0.000000e+00,0.000000e+00,0.000000e+00,0.000000e+00,0.000000e+00,0.000000e+00,1.843125e-08,5.040034e+00,0.000000e+00,0.000000e+00,8.156201e-12,1.200946e+01,2.353662e-26,0.000000e+00,8.157352e-12,1.200946e+01,2.353662e-26,0.000000e+00
3.050250e-01,1.867266e-08,2.916641e+01,-7.570344e-01,0.000000e+00,-2.078197e+00,2.214000e-01,2.500000e-05,3.074345e+00,3.224076e+01,0.000000e+00,0.000000e+00,0.000000e+00,0.000000e+00,0.000000e+00,0.000000e+00,0.000000e+00,0.000000e+00,0.000000e+00,0.000000e+00,0.000000e+00,0.000000e+00,0.000000e+00,1.865623e-08,5.058673e+00,0.000000e+00,0.000000e+00,8.218193e-12,1.205387e+01,2.382396e-26,0.000000e+00,8.217546e-12,1.205387e+01,2.382397e-26,0.000000e+00
3.060250e-01,1.889942e-08,2.927352e+01,-7.625853e-01,0.000000e+00,-2.080488e+00,2.214000e-01,2.500000e-05,3.085635e+00,3.235915e+01,0.000000e+00,0.000000e+00,0.000000e+00,0.000000e+00,0.000000e+00,0.000000e+00,0.000000e+00,0.000000e+00,0.000000e+00,0.000000e+00,0.000000e+00,0.000000e+00,0.000000e+00,1.888286e-08,5.077250e+00,0.000000e+00,0.000000e+00,8.277999e-12,1.209813e+01,2.411343e-26,0.000000e+00,8.279767e-12,1.209813e+01,2.411343e-26,0.000000e+00
3.070250e-01,1.912784e-08,2.938027e+01,-7.681488e-01,0.000000e+00,-2.082743e+00,2.214000e-01,2.500000e-05,3.096888e+00,3.247716e+01,0.000000e+00,0.000000e+00,0.000000e+00,0.000000e+00,0.000000e+00,0.000000e+00,0.000000e+00,0.000000e+00,0.000000e+00,0.000000e+00,0.000000e+00,0.000000e+00,0.000000e+00,1.911116e-08,5.095765e+00,0.000000e+00,0.000000e+00,8.336451e-12,1.214225e+01,2.440501e-26,0.000000e+00,8.339574e-12,1.214225e+01,2.440501e-26,0.000000e+00
3.080250e-01,1.935793e-08,2.948667e+01,-7.737248e-01,0.000000e+00,-2.084962e+00,2.214000e-01,2.500000e-05,3.108103e+00,3.259477e+01,0.000000e+00,0.000000e+00,0.000000e+00,0.000000e+00,0.000000e+00,0.000000e+00,0.000000e+00,0.000000e+00,0.000000e+00,0.000000e+00,0.000000e+00,0.000000e+00,0.000000e+00,1.934113e-08,5.114218e+00,0.000000e+00,0.000000e+00,8.401008e-12,1.218622e+01,2.469872e-26,0.000000e+00,8.398453e-12,1.218622e+01,2.469872e-26,0.000000e+00
3.090250e-01,1.958967e-08,2.959270e+01,-7.793130e-01,0.000000e+00,-2.087145e+00,2.214000e-01,2.500000e-05,3.119279e+00,3.271198e+01,0.000000e+00,0.000000e+00,0.000000e+00,0.000000e+00,0.000000e+00,0.000000e+00,0.000000e+00,0.000000e+00,0.000000e+00,0.000000e+00,0.000000e+00,0.000000e+00,0.000000e+00,1.957275e-08,5.132609e+00,0.000000e+00,0.000000e+00,8.459906e-12,1.223004e+01,2.499455e-26,0.000000e+00,8.458934e-12,1.223004e+01,2.499456e-26,0.000000e+00
3.100250e-01,1.982308e-08,2.969836e+01,-7.849132e-01,0.000000e+00,-2.089291e+00,2.214000e-01,2.500000e-05,3.130417e+00,3.282878e+01,0.000000e+00,0.000000e+00,0.000000e+00,0.000000e+00,0.000000e+00,0.000000e+00,0.000000e+00,0.000000e+00,0.000000e+00,0.000000e+00,0.000000e+00,0.000000e+00,0.000000e+00,1.980604e-08,5.150936e+00,0.000000e+00,0.000000e+00,8.517416e-12,1.227371e+01,2.529251e-26,0.000000e+00,8.521559e-12,1.227371e+01,2.529251e-26,0.000000e+00
3.110250e-01,2.005815e-08,2.980366e+01,-7.905254e-01,0.000000e+00,-2.091401e+00,2.214000e-01,2.500000e-05,3.141516e+00,3.294518e+01,0.000000e+00,0.000000e+00,0.000000e+00,0.000000e+00,0.000000e+00,0.000000e+00,0.000000e+00,0.000000e+00,0.000000e+00,0.000000e+00,0.000000e+00,0.000000e+00,0.000000e+00,2.004099e-08,5.169199e+00,0.000000e+00,0.000000e+00,8.580334e-12,1.231723e+01,2.559259e-26,0.000000e+00,8.579438e-12,1.231723e+01,2.559259e-26,0.000000e+00
3.120250e-01,2.029489e-08,2.990859e+01,-7.961493e-01,0.000000e+00,-2.093474e+00,2.214000e-01,2.500000e-05,3.152576e+00,3.306116e+01,0.000000e+00,0.000000e+00,0.000000e+00,0.000000e+00,0.000000e+00,0.000000e+00,0.000000e+00,0.000000e+00,0.000000e+00,0.000000e+00,0.000000e+00,0.000000e+00,0.000000e+00,2.027760e-08,5.187397e+00,0.000000e+00,0.000000e+00,8.642813e-12,1.236060e+01,2.589479e-26,0.000000e+00,8.640526e-12,1.236060e+01,2.589479e-26,0.000000e+00
3.130250e-01,2.053328e-08,3.001314e+01,-8.017848e-01,0.000000e+00,-2.095510e+00,2.214000e-01,2.500000e-05,3.163597e+00,3.317674e+01,0.000000e+00,0.000000e+00,0.000000e+00,0.000000e+00,0.000000e+00,0.000000e+00,0.000000e+00,0.000000e+00,0.000000e+00,0.000000e+00,0.000000e+00,0.000000e+00,0.000000e+00,2.051588e-08,5.205532e+00,0.000000e+00,0.000000e+00,8.703086e-12,1.240381e+01,2.619912e-26,0.000000e+00,8.701300e-12,1.240381e+01,2.619912e-26,0.000000e+00
3.140250e-01,2.077334e-08,3.011732e+01,-8.074316e-01,0.000000e+00,-2.097511e+00,2.214000e-01,2.500000e-05,3.174578e+00,3.329190e+01,0.000000e+00,0.000000e+00,0.000000e+00,0.000000e+00,0.000000e+00,0.000000e+00,0.000000e+00,0.000000e+00,0.000000e+00,0.000000e+00,0.000000e+00,0.000000e+00,0.000000e+00,2.075582e-08,5.223600e+00,0.000000e+00,0.000000e+00,8.761819e-12,1.244686e+01,2.650558e-26,0.000000e+00,8.762878e-12,1.244686e+01,2.650557e-26,0.000000e+00
3.150250e-01,2.101506e-08,3.022112e+01,-8.130897e-01,0.000000e+00,-2.099474e+00,2.214000e-01,2.500000e-05,3.185519e+00,3.340664e+01,0.000000e+00,0.000000e+00,0.000000e+00,0.000000e+00,0.000000e+00,0.000000e+00,0.000000e+00,0.000000e+00,0.000000e+00,0.000000e+00,0.000000e+00,0.000000e+00,0.000000e+00,2.099742e-08,5.241603e+00,0.000000e+00,0.000000e+00,8.825065e-12,1.248976e+01,2.681415e-26,0.000000e+00,8.820146e-12,1.248976e+01,2.681415e-26,0.000000e+00
3.160250e-01,2.125845e-08,3.032453e+01,-8.187589e-01,0.000000e+00,-2.101401e+00,2.214000e-01,2.500000e-05,3.196419e+00,3.352095e+01,0.000000e+00,0.000000e+00,0.000000e+00,0.000000e+00,0.000000e+00,0.000000e+00,0.000000e+00,0.000000e+00,0.000000e+00,0.000000e+00,0.000000e+00,0.000000e+00,0.000000e+00,2.124068e-08,5.259540e+00,0.000000e+00,0.000000e+00,8.883964e-12,1.253250e+01,2.712485e-26,0.000000e+00,8.883538e-12,1.253250e+01,2.712485e-26,0.000000e+00
3.170250e-01,2.150349e-08,3.042756e+01,-8.244390e-01,0.000000e+00,-2.103291e+00,2.214000e-01,2.500000e-05,3.207280e+00,3.363484e+01,0.000000e+00,0.000000e+00,0.000000e+00,0.000000e+00,0.000000e+00,0.000000e+00,0.000000e+00,0.000000e+00,0.000000e+00,0.000000e+00,0.000000e+00,0.000000e+00,0.000000e+00,2.148560e-08,5.277409e+00,0.000000e+00,0.000000e+00,8.941803e-12,1.257508e+01,2.743767e-26,0.000000e+00,8.944492e-12,1.257508e+01,2.743767e-26,0.000000e+00
3.180250e-01,2.175020e-08,3.053020e+01,-8.301297e-01,0.000000e+00,-2.105144e+00,2.214000e-01,2.500000e-05,3.218099e+00,3.374830e+01,0.000000e+00,0.000000e+00,0.000000e+00,0.000000e+00,0.000000e+00,0.000000e+00,0.000000e+00,0.000000e+00,0.000000e+00,0.000000e+00,0.000000e+00,0.000000e+00,0.000000e+00,2.173219e-08,5.295211e+00,0.000000e+00,0.000000e+00,9.003542e-12,1.261750e+01,2.775261e-26,0.000000e+00,9.002844e-12,1.261750e+01,2.775261e-26,0.000000e+00
3.190250e-01,2.199856e-08,3.063245e+01,-8.358310e-01,0.000000e+00,-2.106961e+00,2.214000e-01,2.500000e-05,3.228877e+00,3.386133e+01,0.000000e+00,0.000000e+00,0.000000e+00,0.000000e+00,0.000000e+00,0.000000e+00,0.000000e+00,0.000000e+00,0.000000e+00,0.000000e+00,0.000000e+00,0.000000e+00,0.000000e+00,2.198044e-08,5.312945e+00,0.000000e+00,0.000000e+00,9.063134e-12,1.265975e+01,2.806968e-26,0.000000e+00,9.064794e-12,1.265975e+01,2.806968e-26,0.000000e+00
3.200250e-01,2.224859e-08,3.073431e+01,-8.415427e-01,0.000000e+00,-2.108741e+00,2.214000e-01,2.500000e-05,3.239613e+00,3.397392e+01,0.000000e+00,0.000000e+00,0.000000e+00,0.000000e+00,0.000000e+00,0.000000e+00,0.000000e+00,0.000000e+00,0.000000e+00,0.000000e+00,0.000000e+00,0.000000e+00,0.000000e+00,2.223034e-08,5.330612e+00,0.000000e+00,0.000000e+00,9.124646e-12,1.270185e+01,2.838886e-26,0.000000e+00,9.124443e-12,1.270185e+01,2.838886e-26,0.000000e+00
3.210250e-01,2.250027e-08,3.083577e+01,-8.472645e-01,0.000000e+00,-2.110484e+00,2.214000e-01,2.500000e-05,3.250307e+00,3.408607e+01,0.000000e+00,0.000000e+00,0.000000e+00,0.000000e+00,0.000000e+00,0.000000e+00,0.000000e+00,0.000000e+00,0.000000e+00,0.000000e+00,0.000000e+00,0.000000e+00,0.000000e+00,2.248190e-08,5.348209e+00,0.000000e+00,0.000000e+00,9.185695e-12,1.274378e+01,2.871016e-26,0.000000e+00,9.182917e-12,1.274378e+01,2.871016e-26,0.000000e+00
3.220250e-01,2.275361e-08,3.093683e+01,-8.529964e-01,0.000000e+00,-2.112190e+00,2.214000e-01,2.500000e-05,3.260960e+00,3.419778e+01,0.000000e+00,0.000000e+00,0.000000e+00,0.000000e+00,0.000000e+00,0.000000e+00,0.000000e+00,0.000000e+00,0.000000e+00,0.000000e+00,0.000000e+00,0.000000e+00,0.000000e+00,2.273512e-08,5.365736e+00,0.000000e+00,0.000000e+00,9.246796e-12,1.278554e+01,2.903358e-26,0.000000e+00,9.245923e-12,1.278554e+01,2.903358e-26,0.000000e+00
3.230250e-01,2.300861e-08,3.103748e+01,-8.587381e-01,0.000000e+00,-2.113859e+00,2.214000e-01,2.500000e-05,3.271569e+00,3.430905e+01,0.000000e+00,0.000000e+00,0.000000e+00,0.000000e+00,0.000000e+00,0.000000e+00,0.000000e+00,0.000000e+00,0.000000e+00,0.000000e+00,0.000000e+00,0.000000e+00,0.000000e+00,2.299000e-08,5.383195e+00,0.000000e+00,0.000000e+00,9.306731e-12,1.282714e+01,2.935912e-26,0.000000e+00,9.305815e-12,1.282714e+01,2.935912e-26,0.000000e+00
3.240250e-01,2.326526e-08,3.113774e+01,-8.644894e-01,0.000000e+00,-2.115492e+00,2.214000e-01,2.500000e-05,3.282137e+00,3.441987e+01,0.000000e+00,0.000000e+00,0.000000e+00,0.000000e+00,0.000000e+00,0.000000e+00,0.000000e+00,0.000000e+00,0.000000e+00,0.000000e+00,0.000000e+00,0.000000e+00,0.000000e+00,2.324653e-08,5.400583e+00,0.000000e+00,0.000000e+00,9.366615e-12,1.286858e+01,2.968677e-26,0.000000e+00,9.367410e-12,1.286858e+01,2.968677e-26,0.000000e+00
3.250250e-01,2.352357e-08,3.123758e+01,-8.702502e-01,0.000000e+00,-2.117087e+00,2.214000e-01,2.500000e-05,3.292661e+00,3.453024e+01,0.000000e+00,0.000000e+00,0.000000e+00,0.000000e+00,0.000000e+00,0.000000e+00,0.000000e+00,0.000000e+00,0.000000e+00,0.000000e+00,0.000000e+00,0.000000e+00,0.000000e+00,2.350471e-08,5.417900e+00,0.000000e+00,0.000000e+00,9.424103e-12,1.290984e+01,3.001653e-26,0.000000e+00,9.428563e-12,1.290984e+01,3.001653e-26,0.000000e+00
3.260250e-01,2.378352e-08,3.133701e+01,-8.760203e-01,0.000000e+00,-2.118646e+00,2.214000e-01,2.500000e-05,3.303142e+00,3.464016e+01,0.000000e+00,0.000000e+00,0.000000e+00,0.000000e+00,0.000000e+00,0.000000e+00,0.000000e+00,0.000000e+00,0.000000e+00,0.000000e+00,0.000000e+00,0.000000e+00,0.000000e+00,2.376455e-08,5.435145e+00,0.000000e+00,0.000000e+00,9.486262e-12,1.295093e+01,3.034840e-26,0.000000e+00,9.485637e-12,1.295093e+01,3.034840e-26,0.000000e+00
3.270250e-01,2.404513e-08,3.143603e+01,-8.817995e-01,0.000000e+00,-2.120167e+00,2.214000e-01,2.500000e-05,3.313580e+00,3.474961e+01,0.000000e+00,0.000000e+00,0.000000e+00,0.000000e+00,0.000000e+00,0.000000e+00,0.000000e+00,0.000000e+00,0.000000e+00,0.000000e+00,0.000000e+00,0.000000e+00,0.000000e+00,2.402604e-08,5.452320e+00,0.000000e+00,0.000000e+00,9.544955e-12,1.299186e+01,3.068238e-26,0.000000e+00,9.546742e-12,1.299186e+01,3.068238e-26,0.000000e+00
3.280250e-01,2.430839e-08,3.153464e+01,-8.875877e-01,0.000000e+00,-2.121652e+00,2.214000e-01,2.500000e-05,3.323973e+00,3.485861e+01,0.000000e+00,0.000000e+00,0.000000e+00,0.000000e+00,0.000000e+00,0.000000e+00,0.000000e+00,0.000000e+00,0.000000e+00,0.000000e+00,0.000000e+00,0.000000e+00,0.000000e+00,2.428917e-08,5.469422e+00,0.000000e+00,0.000000e+00,9.606089e-12,1.303261e+01,3.101847e-26,0.000000e+00,9.608020e-12,1.303261e+01,3.101847e-26,0.000000e+00
3.290250e-01,2.457329e-08,3.163282e+01,-8.933846e-01,0.000000e+00,-2.123099e+00,2.214000e-01,2.500000e-05,3.334322e+00,3.496714e+01,0.000000e+00,0.000000e+00,0.000000e+00,0.000000e+00,0.000000e+00,0.000000e+00,0.000000e+00,0.000000e+00,0.000000e+00,0.000000e+00,0.000000e+00,0.000000e+00,0.000000e+00,2.455396e-08,5.486451e+00,0.000000e+00,0.000000e+00,9.665022e-12,1.307318e+01,3.135666e-26,0.000000e+00,9.667153e-12,1.307318e+01,3.135666e-26,0.000000e+00
3.300250e-01,2.483984e-08,3.173059e+01,-8.991900e-01,0.000000e+00,-2.124510e+00,2.214000e-01,2.500000e-05,3.344627e+00,3.507521e+01,0.000000e+00,0.000000e+00,0.000000e+00,0.000000e+00,0.000000e+00,0.000000e+00,0.000000e+00,0.000000e+00,0.000000e+00,0.000000e+00,0.000000e+00,0.000000e+00,0.000000e+00,2.482038e-08,5.503407e+00,0.000000e+00,0.000000e+00,9.727670e-12,1.311359e+01,3.169696e-26,0.000000e+00,9.725261e-12,1.311359e+01,3.169696e-26,0.000000e+00
3.310250e-01,2.510802e-08,3.182792e+01,-9.050038e-01,0.000000e+00,-2.125883e+00,2.214000e-01,2.500000e-05,3.354888e+00,3.518281e+01,0.000000e+00,0.000000e+00,0.000000e+00,0.000000e+00,0.000000e+00,0.000000e+00,0.000000e+00,0.000000e+00,0.000000e+00,0.000000e+00,0.000000e+00,0.000000e+00,0.000000e+00,2.508845e-08,5.520290e+00,0.000000e+00,0.000000e+00,9.785971e-12,1.315382e+01,3.203935e-26,0.000000e+00,9.785865e-12,1.315382e+01,3.203935e-26,0.000000e+00
3.320250e-01,2.537785e-08,3.192484e+01,-9.108258e-01,0.000000e+00,-2.127219e+00,2.214000e-01,2.500000e-05,3.365103e+00,3.528994e+01,0.000000e+00,0.000000e+00,0.000000e+00,0.000000e+00,0.000000e+00,0.000000e+00,0.000000e+00,0.000000e+00,0.000000e+00,0.000000e+00,0.000000e+00,0.000000e+00,0.000000e+00,2.535816e-08,5.537099e+00,0.000000e+00,0.000000e+00,9.845878e-12,1.319387e+01,3.238383e-26,0.000000e+00,9.844940e-12,1.319387e+01,3.238384e-26,0.000000e+00
3.330250e-01,2.564932e-08,3.202132e+01,-9.166558e-01,0.000000e+00,-2.128519e+00,2.214000e-01,2.500000e-05,3.375273e+00,3.539660e+01,0.000000e+00,0.000000e+00,0.000000e+00,0.000000e+00,0.000000e+00,0.000000e+00,0.000000e+00,0.000000e+00,0.000000e+00,0.000000e+00,0.000000e+00,0.000000e+00,0.000000e+00,2.562951e-08,5.553833e+00,0.000000e+00,0.000000e+00,9.905378e-12,1.323374e+01,3.273042e-26,0.000000e+00,9.904236e-12,1.323374e+01,3.273042e-26,0.000000e+00
3.340250e-01,2.592243e-08,3.211737e+01,-9.224937e-01,0.000000e+00,-2.129781e+00,2.214000e-01,2.500000e-05,3.385398e+00,3.550277e+01,0.000000e+00,0.000000e+00,0.000000e+00,0.000000e+00,0.000000e+00,0.000000e+00,0.000000e+00,0.000000e+00,0.000000e+00,0.000000e+00,0.000000e+00,0.000000e+00,0.000000e+00,2.590250e-08,5.570493e+00,0.000000e+00,0.000000e+00,9.964873e-12,1.327344e+01,3.307909e-26,0.000000e+00,9.964377e-12,1.327344e+01,3.307909e-26,0.000000e+00
3.350250e-01,2.619717e-08,3.221299e+01,-9.283392e-01,0.000000e+00,-2.131005e+00,2.214000e-01,2.500000e-05,3.395476e+00,3.560847e+01,0.000000e+00,0.000000e+00,0.000000e+00,0.000000e+00,0.000000e+00,0.000000e+00,0.000000e+00,0.000000e+00,0.000000e+00,0.000000e+00,0.000000e+00,0.000000e+00,0.000000e+00,2.617712e-08,5.587077e+00,0.000000e+00,0.000000e+00,1.002271e-11,1.331296e+01,3.342985e-26,0.000000e+00,1.002531e-11,1.331296e+01,3.342985e-26,0.000000e+00
3.360250e-01,2.647354e-08,3.230817e+01,-9.341921e-01,0.000000e+00,-2.132193e+00,2.214000e-01,2.500000e-05,3.405509e+00,3.571368e+01,0.000000e+00,0.000000e+00,0.000000e+00,0.000000e+00,0.000000e+00,0.000000e+00,0.000000e+00,0.000000e+00,0.000000e+00,0.000000e+00,0.000000e+00,0.000000e+00,0.000000e+00,2.645337e-08,5.603585e+00,0.000000e+00,0.000000e+00,1.008224e-11,1.335229e+01,3.378269e-26,0.000000e+00,1.008576e-11,1.335229e+01,3.378269e-26,0.000000e+00
3.370250e-01,2.675153e-08,3.240291e+01,-9.400523e-01,0.000000e+00,-2.133343e+00,2.214000e-01,2.500000e-05,3.415495e+00,3.581841e+01,0.000000e+00,0.000000e+00,0.000000e+00,0.000000e+00,0.000000e+00,0.000000e+00,0.000000e+00,0.000000e+00,0.000000e+00,0.000000e+00,0.000000e+00,0.000000e+00,0.000000e+00,2.673125e-08,5.620017e+00,0.000000e+00,0.000000e+00,1.014346e-11,1.339145e+01,3.413761e-26,0.000000e+00,1.014214e-11,1.339145e+01,3.413761e-26,0.000000e+00
3.380250e-01,2.703116e-08,3.249721e+01,-9.459196e-01,0.000000e+00,-2.134456e+00,2.214000e-01,2.500000e-05,3.425435e+00,3.592265e+01,0.000000e+00,0.000000e+00,0.000000e+00,0.000000e+00,0.000000e+00,0.000000e+00,0.000000e+00,0.000000e+00,0.000000e+00,0.000000e+00,0.000000e+00,0.000000e+00,0.000000e+00,2.701075e-08,5.636372e+00,0.000000e+00,0.000000e+00,1.020521e-11,1.343042e+01,3.449461e-26,0.000000e+00,1.020061e-11,1.343042e+01,3.449461e-26,0.000000e+00
3.390250e-01,2.731240e-08,3.259106e+01,-9.517938e-01,0.000000e+00,-2.135532e+00,2.214000e-01,2.500000e-05,3.435328e+00,3.602639e+01,0.000000e+00,0.000000e+00,0.000000e+00,0.000000e+00,0.000000e+00,0.000000e+00,0.000000e+00,0.000000e+00,0.000000e+00,0.000000e+00,0.000000e+00,0.000000e+00,0.000000e+00,2.729188e-08,5.652650e+00,0.000000e+00,0.000000e+00,1.025999e-11,1.346921e+01,3.485368e-26,0.000000e+00,1.026062e-11,1.346921e+01,3.485368e-26,0.000000e+00
3.400250e-01,2.759526e-08,3.268447e+01,-9.576746e-01,0.000000e+00,-2.136571e+00,2.214000e-01,2.500000e-05,3.445174e+00,3.612964e+01,0.000000e+00,0.000000e+00,0.000000e+00,0.000000e+00,0.000000e+00,0.000000e+00,0.000000e+00,0.000000e+00,0.000000e+00,0.000000e+00,0.000000e+00,0.000000e+00,0.000000e+00,2.757463e-08,5.668851e+00,0.000000e+00,0.000000e+00,1.031843e-11,1.350781e+01,3.521482e-26,0.000000e+00,1.032000e-11,1.350781e+01,3.521482e-26,0.000000e+00
3.410250e-01,2.787975e-08,3.277743e+01,-9.635620e-01,0.000000e+00,-2.137573e+00,2.214000e-01,2.500000e-05,3.454972e+00,3.623240e+01,0.000000e+00,0.000000e+00,0.000000e+00,0.000000e+00,0.000000e+00,0.000000e+00,0.000000e+00,0.000000e+00,0.000000e+00,0.000000e+00,0.000000e+00,0.000000e+00,0.000000e+00,2.785899e-08,5.684974e+00,0.000000e+00,0.000000e+00,1.037942e-11,1.354623e+01,3.557803e-26,0.000000e+00,1.037960e-11,1.354623e+01,3.557803e-26,0.000000e+00
3.420250e-01,2.816584e-08,3.286993e+01,-9.694557e-01,0.000000e+00,-2.138537e+00,2.214000e-01,2.500000e-05,3.464722e+00,3.633465e+01,0.000000e+00,0.000000e+00,0.000000e+00,0.000000e+00,0.000000e+00,0.000000e+00,0.000000e+00,0.000000e+00,0.000000e+00,0.000000e+00,0.000000e+00,0.000000e+00,0.000000e+00,2.814496e-08,5.701018e+00,0.000000e+00,0.000000e+00,1.043736e-11,1.358446e+01,3.594329e-26,0.000000e+00,1.043630e-11,1.358446e+01,3.594329e-26,0.000000e+00
3.430250e-01,2.845354e-08,3.296198e+01,-9.753555e-01,0.000000e+00,-2.139464e+00,2.214000e-01,2.500000e-05,3.474425e+00,3.643641e+01,0.000000e+00,0.000000e+00,0.000000e+00,0.000000e+00,0.000000e+00,0.000000e+00,0.000000e+00,0.000000e+00,0.000000e+00,0.000000e+00,0.000000e+00,0.000000e+00,0.000000e+00,2.843255e-08,5.716983e+00,0.000000e+00,0.000000e+00,1.049468e-11,1.362250e+01,3.631062e-26,0.000000e+00,1.049700e-11,1.362250e+01,3.631062e-26,0.000000e+00
3.440250e-01,2.874285e-08,3.305357e+01,-9.812613e-01,0.000000e+00,-2.140353e+00,2.214000e-01,2.500000e-05,3.484080e+00,3.653765e+01,0.000000e+00,0.000000e+00,0.000000e+00,0.000000e+00,0.000000e+00,0.000000e+00,0.000000e+00,0.000000e+00,0.000000e+00,0.000000e+00,0.000000e+00,0.000000e+00,0.000000e+00,2.872174e-08,5.732869e+00,0.000000e+00,0.000000e+00,1.055382e-11,1.366035e+01,3.668000e-26,0.000000e+00,1.055459e-11,1.366035e+01,3.668000e-26,0.000000e+00
3.450250e-01,2.903377e-08,3.314471e+01,-9.871727e-01,0.000000e+00,-2.141206e+00,2.214000e-01,2.500000e-05,3.493686e+00,3.663839e+01,0.000000e+00,0.000000e+00,0.000000e+00,0.000000e+00,0.000000e+00,0.000000e+00,0.000000e+00,0.000000e+00,0.000000e+00,0.000000e+00,0.000000e+00,0.000000e+00,0.000000e+00,2.901254e-08,5.748675e+00,0.000000e+00,0.000000e+00,1.061184e-11,1.369802e+01,3.705142e-26,0.000000e+00,1.061453e-11,1.369802e+01,3.705142e-26,0.000000e+00
3.460250e-01,2.932628e-08,3.323538e+01,-9.930897e-01,0.000000e+00,-2.142020e+00,2.214000e-01,2.500000e-05,3.503243e+00,3.673862e+01,0.000000e+00,0.000000e+00,0.000000e+00,0.000000e+00,0.000000e+00,0.000000e+00,0.000000e+00,0.000000e+00,0.000000e+00,0.000000e+00,0.000000e+00,0.000000e+00,0.000000e+00,2.930494e-08,5.764401e+00,0.000000e+00,0.000000e+00,1.067172e-11,1.373549e+01,3.742489e-26,0.000000e+00,1.066969e-11,1.373549e+01,3.742489e-26,0.000000e+00
3.470250e-01,2.962038e-08,3.332558e+01,-9.990121e-01,0.000000e+00,-2.142798e+00,2.214000e-01,2.500000e-05,3.512752e+00,3.683834e+01,0.000000e+00,0.000000e+00,0.000000e+00,0.000000e+00,0.000000e+00,0.000000e+00,0.000000e+00,0.000000e+00,0.000000e+00,0.000000e+00,0.000000e+00,0.000000e+00,0.000000e+00,2.959892e-08,5.780047e+00,0.000000e+00,0.000000e+00,1.072908e-11,1.377277e+01,3.780039e-26,0.000000e+00,1.072896e-11,1.377277e+01,3.780039e-26,0.000000e+00
3.480250e-01,2.991608e-08,3.341533e+01,-1.004940e+00,0.000000e+00,-2.143538e+00,2.214000e-01,2.500000e-05,3.522211e+00,3.693753e+01,0.000000e+00,0.000000e+00,0.000000e+00,0.000000e+00,0.000000e+00,0.000000e+00,0.000000e+00,0.000000e+00,0.000000e+00,0.000000e+00,0.000000e+00,0.000000e+00,0.000000e+00,2.989450e-08,5.795611e+00,0.000000e+00,0.000000e+00,1.078474e-11,1.380986e+01,3.817793e-26,0.000000e+00,1.078747e-11,1.380986e+01,3.817793e-26,0.000000e+00
3.490250e-01,3.021336e-08,3.350459e+01,-1.010872e+00,0.000000e+00,-2.144242e+00,2.214000e-01,2.500000e-05,3.531621e+00,3.703622e+01,0.000000e+00,0.000000e+00,0.000000e+00,0.000000e+00,0.000000e+00,0.000000e+00,0.000000e+00,0.000000e+00,0.000000e+00,0.000000e+00,0.000000e+00,0.000000e+00,0.000000e+00,3.019167e-08,5.811095e+00,0.000000e+00,0.000000e+00,1.084181e-11,1.384675e+01,3.855750e-26,0.000000e+00,1.084529e-11,1.384675e+01,3.855750e-26,0.000000e+00
3.500250e-01,3.051223e-08,3.359340e+01,-1.016809e+00,0.000000e+00,-2.144907e+00,2.214000e-01,2.500000e-05,3.540981e+00,3.713437e+01,0.000000e+00,0.000000e+00,0.000000e+00,0.000000e+00,0.000000e+00,0.000000e+00,0.000000e+00,0.000000e+00,0.000000e+00,0.000000e+00,0.000000e+00,0.000000e+00,0.000000e+00,3.049043e-08,5.826496e+00,0.000000e+00,0.000000e+00,1.090181e-11,1.388345e+01,3.893909e-26,0.000000e+00,1.090372e-11,1.388345e+01,3.893909e-26,0.000000e+00
3.510250e-01,3.081268e-08,3.368172e+01,-1.022751e+00,0.000000e+00,-2.145535e+00,2.214000e-01,2.500000e-05,3.550291e+00,3.723201e+01,0.000000e+00,0.000000e+00,0.000000e+00,0.000000e+00,0.000000e+00,0.000000e+00,0.000000e+00,0.000000e+00,0.000000e+00,0.000000e+00,0.000000e+00,0.000000e+00,0.000000e+00,3.079076e-08,5.841815e+00,0.000000e+00,0.000000e+00,1.096098e-11,1.391995e+01,3.932269e-26,0.000000e+00,1.095837e-11,1.391995e+01,3.932269e-26,0.000000e+00
3.520250e-01,3.111469e-08,3.376957e+01,-1.028697e+00,0.000000e+00,-2.146127e+00,2.214000e-01,2.500000e-05,3.559551e+00,3.732912e+01,0.000000e+00,0.000000e+00,0.000000e+00,0.000000e+00,0.000000e+00,0.000000e+00,0.000000e+00,0.000000e+00,0.000000e+00,0.000000e+00,0.000000e+00,0.000000e+00,0.000000e+00,3.109266e-08,5.857052e+00,0.000000e+00,0.000000e+00,1.101548e-11,1.395626e+01,3.970831e-26,0.000000e+00,1.101670e-11,1.395626e+01,3.970832e-26,0.000000e+00
3.530250e-01,3.141829e-08,3.385694e+01,-1.034648e+00,0.000000e+00,-2.146680e+00,2.214000e-01,2.500000e-05,3.568760e+00,3.742570e+01,0.000000e+00,0.000000e+00,0.000000e+00,0.000000e+00,0.000000e+00,0.000000e+00,0.000000e+00,0.000000e+00,0.000000e+00,0.000000e+00,0.000000e+00,0.000000e+00,0.000000e+00,3.139614e-08,5.872206e+00,0.000000e+00,0.000000e+00,1.107516e-11,1.399237e+01,4.009594e-26,0.000000e+00,1.107423e-11,1.399237e+01,4.009594e-26,0.000000e+00
3.540250e-01,3.172344e-08,3.394383e+01,-1.040602e+00,0.000000e+00,-2.147197e+00,2.214000e-01,2.500000e-05,3.577919e+00,3.752175e+01,0.000000e+00,0.000000e+00,0.000000e+00,0.000000e+00,0.000000e+00,0.000000e+00,0.000000e+00,0.000000e+00,0.000000e+00,0.000000e+00,0.000000e+00,0.000000e+00,0.000000e+00,3.170118e-08,5.887276e+00,0.000000e+00,0.000000e+00,1.113208e-11,1.402828e+01,4.048556e-26,0.000000e+00,1.112935e-11,1.402828e+01,4.048557e-26,0.000000e+00
3.550250e-01,3.203016e-08,3.403024e+01,-1.046560e+00,0.000000e+00,-2.147676e+00,2.214000e-01,2.500000e-05,3.587027e+00,3.761726e+01,0.000000e+00,0.000000e+00,0.000000e+00,0.000000e+00,0.000000e+00,0.000000e+00,0.000000e+00,0.000000e+00,0.000000e+00,0.000000e+00,0.000000e+00,0.000000e+00,0.000000e+00,3.200778e-08,5.902263e+00,0.000000e+00,0.000000e+00,1.118930e-11,1.406399e+01,4.087719e-26,0.000000e+00,1.118642e-11,1.406399e+01,4.087718e-26,0.000000e+00
3.560250e-01,3.233843e-08,3.411616e+01,-1.052522e+00,0.000000e+00,-2.148117e+00,2.214000e-01,2.500000e-05,3.596083e+00,3.771224e+01,0.000000e+00,0.000000e+00,0.000000e+00,0.000000e+00,0.000000e+00,0.000000e+00,0.000000e+00,0.000000e+00,0.000000e+00,0.000000e+00,0.000000e+00,0.000000e+00,0.000000e+00,3.231594e-08,5.917165e+00,0.000000e+00,0.000000e+00,1.124382e-11,1.409949e+01,4.127079e-26,0.000000e+00,1.124586e-11,1.409949e+01,4.127079e-26,0.000000e+00
3.570250e-01,3.264825e-08,3.420159e+01,-1.058487e+00,0.000000e+00,-2.148521e+00,2.214000e-01,2.500000e-05,3.605089e+00,3.780668e+01,0.000000e+00,0.000000e+00,0.000000e+00,0.000000e+00,0.000000e+00,0.000000e+00,0.000000e+00,0.000000e+00,0.000000e+00,0.000000e+00,0.000000e+00,0.000000e+00,0.000000e+00,3.262565e-08,5.931983e+00,0.000000e+00,0.000000e+00,1.129969e-11,1.413480e+01,4.166638e-26,0.000000e+00,1.130129e-11,1.413480e+01,4.166638e-26,0.000000e+00
3.580250e-01,3.295962e-08,3.428653e+01,-1.064456e+00,0.000000e+00,-2.148888e+00,2.214000e-01,2.500000e-05,3.614043e+00,3.790058e+01,0.000000e+00,0.000000e+00,0.000000e+00,0.000000e+00,0.000000e+00,0.000000e+00,0.000000e+00,0.000000e+00,0.000000e+00,0.000000e+00,0.000000e+00,0.000000e+00,0.000000e+00,3.293691e-08,5.946716e+00,0.000000e+00,0.000000e+00,1.136067e-11,1.416991e+01,4.206395e-26,0.000000e+00,1.135523e-11,1.416991e+01,4.206395e-26,0.000000e+00
3.590250e-01,3.327253e-08,3.437099e+01,-1.070427e+00,0.000000e+00,-2.149218e+00,2.214000e-01,2.500000e-05,3.622944e+00,3.799393e+01,0.000000e+00,0.000000e+00,0.000000e+00,0.000000e+00,0.000000e+00,0.000000e+00,0.000000e+00,0.000000e+00,0.000000e+00,0.000000e+00,0.000000e+00,0.000000e+00,0.000000e+00,3.324970e-08,5.961363e+00,0.000000e+00,0.000000e+00,1.141042e-11,1.420481e+01,4.246348e-26,0.000000e+00,1.141376e-11,1.420481e+01,4.246348e-26,0.000000e+00
3.600250e-01,3.358697e-08,3.445494e+01,-1.076401e+00,0.000000e+00,-2.149510e+00,2.214000e-01,2.500000e-05,3.631794e+00,3.808674e+01,0.000000e+00,0.000000e+00,0.000000e+00,0.000000e+00,0.000000e+00,0.000000e+00,0.000000e+00,0.000000e+00,0.000000e+00,0.000000e+00,0.000000e+00,0.000000e+00,0.000000e+00,3.356404e-08,5.975925e+00,0.000000e+00,0.000000e+00,1.147026e-11,1.423951e+01,4.286498e-26,0.000000e+00,1.146781e-11,1.423951e+01,4.286498e-26,0.000000e+00
3.610250e-01,3.390295e-08,3.453840e+01,-1.082378e+00,0.000000e+00,-2.149765e+00,2.214000e-01,2.500000e-05,3.640591e+00,3.817900e+01,0.000000e+00,0.000000e+00,0.000000e+00,0.000000e+00,0.000000e+00,0.000000e+00,0.000000e+00,0.000000e+00,0.000000e+00,0.000000e+00,0.000000e+00,0.000000e+00,0.000000e+00,3.387990e-08,5.990400e+00,0.000000e+00,0.000000e+00,1.152556e-11,1.427400e+01,4.326843e-26,0.000000e+00,1.152449e-11,1.427400e+01,4.326843e-26,0.000000e+00
3.620250e-01,3.422045e-08,3.462136e+01,-1.088357e+00,0.000000e+00,-2.149983e+00,2.214000e-01,2.500000e-05,3.649336e+00,3.827070e+01,0.000000e+00,0.000000e+00,0.000000e+00,0.000000e+00,0.000000e+00,0.000000e+00,0.000000e+00,0.000000e+00,0.000000e+00,0.000000e+00,0.000000e+00,0.000000e+00,0.000000e+00,3.419729e-08,6.004790e+00,0.000000e+00,0.000000e+00,1.158125e-11,1.430829e+01,4.367383e-26,0.000000e+00,1.157960e-11,1.430829e+01,4.367383e-26,0.000000e+00
3.630250e-01,3.453947e-08,3.470383e+01,-1.094338e+00,0.000000e+00,-2.150163e+00,2.214000e-01,2.500000e-05,3.658028e+00,3.836185e+01,0.000000e+00,0.000000e+00,0.000000e+00,0.000000e+00,0.000000e+00,0.000000e+00,0.000000e+00,0.000000e+00,0.000000e+00,0.000000e+00,0.000000e+00,0.000000e+00,0.000000e+00,3.451620e-08,6.019092e+00,0.000000e+00,0.000000e+00,1.163384e-11,1.434237e+01,4.408118e-26,0.000000e+00,1.163625e-11,1.434237e+01,4.408117e-26,0.000000e+00
3.640250e-01,3.486000e-08,3.478579e+01,-1.100322e+00,0.000000e+00,-2.150306e+00,2.214000e-01,2.500000e-05,3.666667e+00,3.845245e+01,0.000000e+00,0.000000e+00,0.000000e+00,0.000000e+00,0.000000e+00,0.000000e+00,0.000000e+00,0.000000e+00,0.000000e+00,0.000000e+00,0.000000e+00,0.000000e+00,0.000000e+00,3.483662e-08,6.033307e+00,0.000000e+00,0.000000e+00,1.168961e-11,1.437624e+01,4.449045e-26,0.000000e+00,1.168902e-11,1.437624e+01,4.449045e-26,0.000000e+00
3.650250e-01,3.518204e-08,3.486724e+01,-1.106307e+00,0.000000e+00,-2.150412e+00,2.214000e-01,2.500000e-05,3.675253e+00,3.854249e+01,0.000000e+00,0.000000e+00,0.000000e+00,0.000000e+00,0.000000e+00,0.000000e+00,0.000000e+00,0.000000e+00,0.000000e+00,0.000000e+00,0.000000e+00,0.000000e+00,0.000000e+00,3.515856e-08,6.047434e+00,0.000000e+00,0.000000e+00,1.174566e-11,1.440990e+01,4.490166e-26,0.000000e+00,1.174440e-11,1.440990e+01,4.490166e-26,0.000000e+00
3.660250e-01,3.550559e-08,3.494819e+01,-1.112293e+00,0.000000e+00,-2.150481e+00,2.214000e-01,2.500000e-05,3.683785e+00,3.863197e+01,0.000000e+00,0.000000e+00,0.000000e+00,0.000000e+00,0.000000e+00,0.000000e+00,0.000000e+00,0.000000e+00,0.000000e+00,0.000000e+00,0.000000e+00,0.000000e+00,0.000000e+00,3.548199e-08,6.061474e+00,0.000000e+00,0.000000e+00,1.180149e-11,1.444336e+01,4.531478e-26,0.000000e+00,1.179792e-11,1.444336e+01,4.531478e-26,0.000000e+00
3.670250e-01,3.583063e-08,3.502863e+01,-1.118281e+00,0.000000e+00,-2.150512e+00,2.214000e-01,2.500000e-05,3.692264e+00,3.872089e+01,0.000000e+00,0.000000e+00,0.000000e+00,0.000000e+00,0.000000e+00,0.000000e+00,0.000000e+00,0.000000e+00,0.000000e+00,0.000000e+00,0.000000e+00,0.000000e+00,0.000000e+00,3.580692e-08,6.075425e+00,0.000000e+00,0.000000e+00,1.185403e-11,1.447660e+01,4.572982e-26,0.000000e+00,1.185175e-11,1.447660e+01,4.572982e-26,0.000000e+00
3.680250e-01,3.615716e-08,3.510855e+01,-1.124271e+00,0.000000e+00,-2.150506e+00,2.214000e-01,2.500000e-05,3.700689e+00,3.880924e+01,0.000000e+00,0.000000e+00,0.000000e+00,0.000000e+00,0.000000e+00,0.000000e+00,0.000000e+00,0.000000e+00,0.000000e+00,0.000000e+00,0.000000e+00,0.000000e+00,0.000000e+00,3.613335e-08,6.089288e+00,0.000000e+00,0.000000e+00,1.190754e-11,1.450963e+01,4.614676e-26,0.000000e+00,1.190807e-11,1.450963e+01,4.614676e-26,0.000000e+00
3.690250e-01,3.648518e-08,3.518796e+01,-1.130261e+00,0.000000e+00,-2.150463e+00,2.214000e-01,2.500000e-05,3.709059e+00,3.889702e+01,0.000000e+00,0.000000e+00,0.000000e+00,0.000000e+00,0.000000e+00,0.000000e+00,0.000000e+00,0.000000e+00,0.000000e+00,0.000000e+00,0.000000e+00,0.000000e+00,0.000000e+00,3.646125e-08,6.103061e+00,0.000000e+00,0.000000e+00,1.196234e-11,1.454245e+01,4.656560e-26,0.000000e+00,1.196097e-11,1.454245e+01,4.656560e-26,0.000000e+00
3.700250e-01,3.681467e-08,3.526686e+01,-1.136252e+00,0.000000e+00,-2.150383e+00,2.214000e-01,2.500000e-05,3.717376e+00,3.898424e+01,0.000000e+00,0.000000e+00,0.000000e+00,0.000000e+00,0.000000e+00,0.000000e+00,0.000000e+00,0.000000e+00,0.000000e+00,0.000000e+00,0.000000e+00,0.000000e+00,0.000000e+00,3.679063e-08,6.116745e+00,0.000000e+00,0.000000e+00,1.201589e-11,1.457506e+01,4.698633e-26,0.000000e+00,1.201615e-11,1.457506e+01,4.698633e-26,0.000000e+00
3.710250e-01,3.714563e-08,3.534524e+01,-1.142243e+00,0.000000e+00,-2.150265e+00,2.214000e-01,2.500000e-05,3.725637e+00,3.907088e+01,0.000000e+00,0.000000e+00,0.000000e+00,0.000000e+00,0.000000e+00,0.000000e+00,0.000000e+00,0.000000e+00,0.000000e+00,0.000000e+00,0.000000e+00,0.000000e+00,0.000000e+00,3.712149e-08,6.130340e+00,0.000000e+00,0.000000e+00,1.207040e-11,1.460745e+01,4.740893e-26,0.000000e+00,1.206923e-11,1.460745e+01,4.740894e-26,0.000000e+00
3.720250e-01,3.747806e-08,3.542310e+01,-1.148235e+00,0.000000e+00,-2.150111e+00,2.214000e-01,2.500000e-05,3.733845e+00,3.915694e+01,0.000000e+00,0.000000e+00,0.000000e+00,0.000000e+00,0.000000e+00,0.000000e+00,0.000000e+00,0.000000e+00,0.000000e+00,0.000000e+00,0.000000e+00,0.000000e+00,0.000000e+00,3.745381e-08,6.143844e+00,0.000000e+00,0.000000e+00,1.212479e-11,1.463963e+01,4.783342e-26,0.000000e+00,1.212297e-11,1.463963e+01,4.783342e-26,0.000000e+00
3.730250e-01,3.781195e-08,3.550044e+01,-1.154227e+00,0.000000e+00,-2.149919e+00,2.214000e-01,2.500000e-05,3.741997e+00,3.924244e+01,0.000000e+00,0.000000e+00,0.000000e+00,0.000000e+00,0.000000e+00,0.000000e+00,0.000000e+00,0.000000e+00,0.000000e+00,0.000000e+00,0.000000e+00,0.000000e+00,0.000000e+00,3.778760e-08,6.157258e+00,0.000000e+00,0.000000e+00,1.217689e-11,1.467159e+01,4.825976e-26,0.000000e+00,1.217300e-11,1.467159e+01,4.825976e-26,0.000000e+00
3.740250e-01,3.814728e-08,3.557726e+01,-1.160219e+00,0.000000e+00,-2.149690e+00,2.214000e-01,2.500000e-05,3.750093e+00,3.932735e+01,0.000000e+00,0.000000e+00,0.000000e+00,0.000000e+00,0.000000e+00,0.000000e+00,0.000000e+00,0.000000e+00,0.000000e+00,0.000000e+00,0.000000e+00,0.000000e+00,0.000000e+00,3.812283e-08,6.170580e+00,0.000000e+00,0.000000e+00,1.222701e-11,1.470334e+01,4.868796e-26,0.000000e+00,1.222743e-11,1.470334e+01,4.868796e-26,0.000000e+00
3.750250e-01,3.848407e-08,3.565355e+01,-1.166211e+00,0.000000e+00,-2.149424e+00,2.214000e-01,2.500000e-05,3.758135e+00,3.941168e+01,0.000000e+00,0.000000e+00,0.000000e+00,0.000000e+00,0.000000e+00,0.000000e+00,0.000000e+00,0.000000e+00,0.000000e+00,0.000000e+00,0.000000e+00,0.000000e+00,0.000000e+00,3.845951e-08,6.183812e+00,0.000000e+00,0.000000e+00,1.228233e-11,1.473487e+01,4.911801e-26,0.000000e+00,1.227947e-11,1.473487e+01,4.911801e-26,0.000000e+00
3.760250e-01,3.882229e-08,3.572931e+01,-1.172202e+00,0.000000e+00,-2.149121e+00,2.214000e-01,2.500000e-05,3.766121e+00,3.949543e+01,0.000000e+00,0.000000e+00,0.000000e+00,0.000000e+00,0.000000e+00,0.000000e+00,0.000000e+00,0.000000e+00,0.000000e+00,0.000000e+00,0.000000e+00,0.000000e+00,0.000000e+00,3.879762e-08,6.196953e+00,0.000000e+00,0.000000e+00,1.233103e-11,1.476618e+01,4.954989e-26,0.000000e+00,1.233554e-11,1.476618e+01,4.954989e-26,0.000000e+00
3.770250e-01,3.916194e-08,3.580454e+01,-1.178193e+00,0.000000e+00,-2.148781e+00,2.214000e-01,2.500000e-05,3.774051e+00,3.957859e+01,0.000000e+00,0.000000e+00,0.000000e+00,0.000000e+00,0.000000e+00,0.000000e+00,0.000000e+00,0.000000e+00,0.000000e+00,0.000000e+00,0.000000e+00,0.000000e+00,0.000000e+00,3.913717e-08,6.210001e+00,0.000000e+00,0.000000e+00,1.238512e-11,1.479727e+01,4.998360e-26,0.000000e+00,1.238544e-11,1.479727e+01,4.998360e-26,0.000000e+00
3.780250e-01,3.950302e-08,3.587924e+01,-1.184183e+00,0.000000e+00,-2.148404e+00,2.214000e-01,2.500000e-05,3.781925e+00,3.966117e+01,0.000000e+00,0.000000e+00,0.000000e+00,0.000000e+00,0.000000e+00,0.000000e+00,0.000000e+00,0.000000e+00,0.000000e+00,0.000000e+00,0.000000e+00,0.000000e+00,0.000000e+00,3.947815e-08,6.222958e+00,0.000000e+00,0.000000e+00,1.243535e-11,1.482814e+01,5.041914e-26,0.000000e+00,1.243701e-11,1.482814e+01,5.041914e-26,0.000000e+00
3.790250e-01,3.984551e-08,3.595341e+01,-1.190172e+00,0.000000e+00,-2.147990e+00,2.214000e-01,2.500000e-05,3.789743e+00,3.974315e+01,0.000000e+00,0.000000e+00,0.000000e+00,0.000000e+00,0.000000e+00,0.000000e+00,0.000000e+00,0.000000e+00,0.000000e+00,0.000000e+00,0.000000e+00,0.000000e+00,0.000000e+00,3.982053e-08,6.235822e+00,0.000000e+00,0.000000e+00,1.248741e-11,1.485879e+01,5.085648e-26,0.000000e+00,1.248818e-11,1.485879e+01,5.085648e-26,0.000000e+00
3.800250e-01,4.018942e-08,3.602704e+01,-1.196159e+00,0.000000e+00,-2.147538e+00,2.214000e-01,2.500000e-05,3.797504e+00,3.982455e+01,0.000000e+00,0.000000e+00,0.000000e+00,0.000000e+00,0.000000e+00,0.000000e+00,0.000000e+00,0.000000e+00,0.000000e+00,0.000000e+00,0.000000e+00,0.000000e+00,0.000000e+00,4.016433e-08,6.248593e+00,0.000000e+00,0.000000e+00,1.253779e-11,1.488923e+01,5.129563e-26,0.000000e+00,1.254128e-11,1.488923e+01,5.129563e-26,0.000000e+00
3.810250e-01,4.053472e-08,3.610014e+01,-1.202145e+00,0.000000e+00,-2.147050e+00,2.214000e-01,2.500000e-05,3.805209e+00,3.990535e+01,0.000000e+00,0.000000e+00,0.000000e+00,0.000000e+00,0.000000e+00,0.000000e+00,0.000000e+00,0.000000e+00,0.000000e+00,0.000000e+00,0.000000e+00,0.000000e+00,0.000000e+00,4.050954e-08,6.261271e+00,0.000000e+00,0.000000e+00,1.259325e-11,1.491943e+01,5.173657e-26,0.000000e+00,1.259060e-11,1.491943e+01,5.173657e-26,0.000000e+00
3.820250e-01,4.088142e-08,3.617270e+01,-1.208129e+00,0.000000e+00,-2.146526e+00,2.214000e-01,2.500000e-05,3.812857e+00,3.998555e+01,0.000000e+00,0.000000e+00,0.000000e+00,0.000000e+00,0.000000e+00,0.000000e+00,0.000000e+00,0.000000e+00,0.000000e+00,0.000000e+00,0.000000e+00,0.000000e+00,0.000000e+00,4.085614e-08,6.273855e+00,0.000000e+00,0.000000e+00,1.264025e-11,1.494942e+01,5.217929e-26,0.000000e+00,1.264327e-11,1.494942e+01,5.217928e-26,0.000000e+00
3.830250e-01,4.122951e-08,3.624472e+01,-1.214112e+00,0.000000e+00,-2.145964e+00,2.214000e-01,2.500000e-05,3.820449e+00,4.006516e+01,0.000000e+00,0.000000e+00,0.000000e+00,0.000000e+00,0.000000e+00,0.000000e+00,0.000000e+00,0.000000e+00,0.000000e+00,0.000000e+00,0.000000e+00,0.000000e+00,0.000000e+00,4.120412e-08,6.286346e+00,0.000000e+00,0.000000e+00,1.269307e-11,1.497918e+01,5.262378e-26,0.000000e+00,1.269130e-11,1.497918e+01,5.262378e-26,0.000000e+00
3.840250e-01,4.157897e-08,3.631619e+01,-1.220092e+00,0.000000e+00,-2.145365e+00,2.214000e-01,2.500000e-05,3.827982e+00,4.014417e+01,0.000000e+00,0.000000e+00,0.000000e+00,0.000000e+00,0.000000e+00,0.000000e+00,0.000000e+00,0.000000e+00,0.000000e+00,0.000000e+00,0.000000e+00,0.000000e+00,0.000000e+00,4.155349e-08,6.298743e+00,0.000000e+00,0.000000e+00,1.273901e-11,1.500872e+01,5.307004e-26,0.000000e+00,1.274194e-11,1.500872e+01,5.307004e-26,0.000000e+00
3.850250e-01,4.192981e-08,3.638712e+01,-1.226070e+00,0.000000e+00,-2.144730e+00,2.214000e-01,2.500000e-05,3.835459e+00,4.022258e+01,0.000000e+00,0.000000e+00,0.000000e+00,0.000000e+00,0.000000e+00,0.000000e+00,0.000000e+00,0.000000e+00,0.000000e+00,0.000000e+00,0.000000e+00,0.000000e+00,0.000000e+00,4.190423e-08,6.311045e+00,0.000000e+00,0.000000e+00,1.279138e-11,1.503804e+01,5.351805e-26,0.000000e+00,1.279018e-11,1.503804e+01,5.351805e-26,0.000000e+00
3.860250e-01,4.228201e-08,3.645750e+01,-1.232045e+00,0.000000e+00,-2.144058e+00,2.214000e-01,2.500000e-05,3.842878e+00,4.030038e+01,0.000000e+00,0.000000e+00,0.000000e+00,0.000000e+00,0.000000e+00,0.000000e+00,0.000000e+00,0.000000e+00,0.000000e+00,0.000000e+00,0.000000e+00,0.000000e+00,0.000000e+00,4.225633e-08,6.323253e+00,0.000000e+00,0.000000e+00,1.284069e-11,1.506713e+01,5.396780e-26,0.000000e+00,1.284116e-11,1.506713e+01,5.396780e-26,0.000000e+00
3.870250e-01,4.263557e-08,3.652734e+01,-1.238018e+00,0.000000e+00,-2.143348e+00,2.214000e-01,2.500000e-05,3.850239e+00,4.037758e+01,0.000000e+00,0.000000e+00,0.000000e+00,0.000000e+00,0.000000e+00,0.000000e+00,0.000000e+00,0.000000e+00,0.000000e+00,0.000000e+00,0.000000e+00,0.000000e+00,0.000000e+00,4.260979e-08,6.335365e+00,0.000000e+00,0.000000e+00,1.288981e-11,1.509599e+01,5.441929e-26,0.000000e+00,1.289065e-11,1.509599e+01,5.441929e-26,0.000000e+00
3.880250e-01,4.299048e-08,3.659663e+01,-1.243988e+00,0.000000e+00,-2.142603e+00,2.214000e-01,2.500000e-05,3.857543e+00,4.045417e+01,0.000000e+00,0.000000e+00,0.000000e+00,0.000000e+00,0.000000e+00,0.000000e+00,0.000000e+00,0.000000e+00,0.000000e+00,0.000000e+00,0.000000e+00,0.000000e+00,0.000000e+00,4.296460e-08,6.347383e+00,0.000000e+00,0.000000e+00,1.294160e-11,1.512462e+01,5.487251e-26,0.000000e+00,1.293852e-11,1.512462e+01,5.487251e-26,0.000000e+00
3.890250e-01,4.334672e-08,3.666536e+01,-1.249954e+00,0.000000e+00,-2.141821e+00,2.214000e-01,2.500000e-05,3.864788e+00,4.053015e+01,0.000000e+00,0.000000e+00,0.000000e+00,0.000000e+00,0.000000e+00,0.000000e+00,0.000000e+00,0.000000e+00,0.000000e+00,0.000000e+00,0.000000e+00,0.000000e+00,0.000000e+00,4.332075e-08,6.359304e+00,0.000000e+00,0.000000e+00,1.298608e-11,1.515303e+01,5.532743e-26,0.000000e+00,1.298932e-11,1.515303e+01,5.532743e-26,0.000000e+00
3.900250e-01,4.370430e-08,3.673355e+01,-1.255918e+00,0.000000e+00,-2.141002e+00,2.214000e-01,2.500000e-05,3.871975e+00,4.060552e+01,0.000000e+00,0.000000e+00,0.000000e+00,0.000000e+00,0.000000e+00,0.000000e+00,0.000000e+00,0.000000e+00,0.000000e+00,0.000000e+00,0.000000e+00,0.000000e+00,0.000000e+00,4.367823e-08,6.371130e+00,0.000000e+00,0.000000e+00,1.303415e-11,1.518121e+01,5.578405e-26,0.000000e+00,1.303629e-11,1.518121e+01,5.578405e-26,0.000000e+00
3.910250e-01,4.406320e-08,3.680117e+01,-1.261877e+00,0.000000e+00,-2.140146e+00,2.214000e-01,2.500000e-05,3.879103e+00,4.068027e+01,0.000000e+00,0.000000e+00,0.000000e+00,0.000000e+00,0.000000e+00,0.000000e+00,0.000000e+00,0.000000e+00,0.000000e+00,0.000000e+00,0.000000e+00,0.000000e+00,0.000000e+00,4.403703e-08,6.382859e+00,0.000000e+00,0.000000e+00,1.308231e-11,1.520916e+01,5.624237e-26,0.000000e+00,1.308450e-11,1.520916e+01,5.624237e-26,0.000000e+00
3.920250e-01,4.442342e-08,3.686824e+01,-1.267833e+00,0.000000e+00,-2.139254e+00,2.214000e-01,2.500000e-05,3.886173e+00,4.075442e+01,0.000000e+00,0.000000e+00,0.000000e+00,0.000000e+00,0.000000e+00,0.000000e+00,0.000000e+00,0.000000e+00,0.000000e+00,0.000000e+00,0.000000e+00,0.000000e+00,0.000000e+00,4.439715e-08,6.394492e+00,0.000000e+00,0.000000e+00,1.313256e-11,1.523688e+01,5.670237e-26,0.000000e+00,1.313187e-11,1.523688e+01,5.670237e-26,0.000000e+00
3.930250e-01,4.478494e-08,3.693476e+01,-1.273785e+00,0.000000e+00,-2.138326e+00,2.214000e-01,2.500000e-05,3.893184e+00,4.082794e+01,0.000000e+00,0.000000e+00,0.000000e+00,0.000000e+00,0.000000e+00,0.000000e+00,0.000000e+00,0.000000e+00,0.000000e+00,0.000000e+00,0.000000e+00,0.000000e+00,0.000000e+00,4.475858e-08,6.406028e+00,0.000000e+00,0.000000e+00,1.317949e-11,1.526436e+01,5.716404e-26,0.000000e+00,1.318007e-11,1.526436e+01,5.716403e-26,0.000000e+00
3.940250e-01,4.514775e-08,3.700071e+01,-1.279733e+00,0.000000e+00,-2.137361e+00,2.214000e-01,2.500000e-05,3.900136e+00,4.090084e+01,0.000000e+00,0.000000e+00,0.000000e+00,0.000000e+00,0.000000e+00,0.000000e+00,0.000000e+00,0.000000e+00,0.000000e+00,0.000000e+00,0.000000e+00,0.000000e+00,0.000000e+00,4.512130e-08,6.417467e+00,0.000000e+00,0.000000e+00,1.322455e-11,1.529162e+01,5.762736e-26,0.000000e+00,1.322648e-11,1.529162e+01,5.762736e-26,0.000000e+00
3.950250e-01,4.551186e-08,3.706610e+01,-1.285676e+00,0.000000e+00,-2.136360e+00,2.214000e-01,2.500000e-05,3.907028e+00,4.097313e+01,0.000000e+00,0.000000e+00,0.000000e+00,0.000000e+00,0.000000e+00,0.000000e+00,0.000000e+00,0.000000e+00,0.000000e+00,0.000000e+00,0.000000e+00,0.000000e+00,0.000000e+00,4.548532e-08,6.428809e+00,0.000000e+00,0.000000e+00,1.327557e-11,1.531865e+01,5.809233e-26,0.000000e+00,1.327140e-11,1.531865e+01,5.809233e-26,0.000000e+00
3.960250e-01,4.587725e-08,3.713093e+01,-1.291615e+00,0.000000e+00,-2.135322e+00,2.214000e-01,2.500000e-05,3.913862e+00,4.104479e+01,0.000000e+00,0.000000e+00,0.000000e+00,0.000000e+00,0.000000e+00,0.000000e+00,0.000000e+00,0.000000e+00,0.000000e+00,0.000000e+00,0.000000e+00,0.000000e+00,0.000000e+00,4.585061e-08,6.440053e+00,0.000000e+00,0.000000e+00,1.332193e-11,1.534544e+01,5.855894e-26,0.000000e+00,1.331890e-11,1.534544e+01,5.855894e-26,0.000000e+00
3.970250e-01,4.624391e-08,3.719519e+01,-1.297549e+00,0.000000e+00,-2.134248e+00,2.214000e-01,2.500000e-05,3.920636e+00,4.111583e+01,0.000000e+00,0.000000e+00,0.000000e+00,0.000000e+00,0.000000e+00,0.000000e+00,0.000000e+00,0.000000e+00,0.000000e+00,0.000000e+00,0.000000e+00,0.000000e+00,0.000000e+00,4.621718e-08,6.451199e+00,0.000000e+00,0.000000e+00,1.336917e-11,1.537200e+01,5.902718e-26,0.000000e+00,1.336564e-11,1.537200e+01,5.902718e-26,0.000000e+00
3.980250e-01,4.661183e-08,3.725889e+01,-1.303478e+00,0.000000e+00,-2.133138e+00,2.214000e-01,2.500000e-05,3.927350e+00,4.118624e+01,0.000000e+00,0.000000e+00,0.000000e+00,0.000000e+00,0.000000e+00,0.000000e+00,0.000000e+00,0.000000e+00,0.000000e+00,0.000000e+00,0.000000e+00,0.000000e+00,0.000000e+00,4.658501e-08,6.462246e+00,0.000000e+00,0.000000e+00,1.341267e-11,1.539832e+01,5.949702e-26,0.000000e+00,1.341113e-11,1.539832e+01,5.949703e-26,0.000000e+00
3.990250e-01,4.698100e-08,3.732202e+01,-1.309402e+00,0.000000e+00,-2.131991e+00,2.214000e-01,2.500000e-05,3.934004e+00,4.125602e+01,0.000000e+00,0.000000e+00,0.000000e+00,0.000000e+00,0.000000e+00,0.000000e+00,0.000000e+00,0.000000e+00,0.000000e+00,0.000000e+00,0.000000e+00,0.000000e+00,0.000000e+00,4.695409e-08,6.473196e+00,0.000000e+00,0.000000e+00,1.345628e-11,1.542441e+01,5.996848e-26,0.000000e+00,1.345771e-11,1.542441e+01,5.996848e-26,0.000000e+00
4.000250e-01,4.735142e-08,3.738458e+01,-1.315320e+00,0.000000e+00,-2.130809e+00,2.214000e-01,2.500000e-05,3.940598e+00,4.132518e+01,0.000000e+00,0.000000e+00,0.000000e+00,0.000000e+00,0.000000e+00,0.000000e+00,0.000000e+00,0.000000e+00,0.000000e+00,0.000000e+00,0.000000e+00,0.000000e+00,0.000000e+00,4.732442e-08,6.484046e+00,0.000000e+00,0.000000e+00,1.350253e-11,1.545027e+01,6.044152e-26,0.000000e+00,1.350516e-11,1.545027e+01,6.044152e-26,0.000000e+00
4.010250e-01,4.772308e-08,3.744657e+01,-1.321233e+00,0.000000e+00,-2.129590e+00,2.214000e-01,2.500000e-05,3.947132e+00,4.139370e+01,0.000000e+00,0.000000e+00,0.000000e+00,0.000000e+00,0.000000e+00,0.000000e+00,0.000000e+00,0.000000e+00,0.000000e+00,0.000000e+00,0.000000e+00,0.000000e+00,0.000000e+00,4.769598e-08,6.494797e+00,0.000000e+00,0.000000e+00,1.355140e-11,1.547588e+01,6.091614e-26,0.000000e+00,1.354580e-11,1.547588e+01,6.091614e-26,0.000000e+00
4.020250e-01,4.809595e-08,3.750798e+01,-1.327139e+00,0.000000e+00,-2.128336e+00,2.214000e-01,2.500000e-05,3.953606e+00,4.146159e+01,0.000000e+00,0.000000e+00,0.000000e+00,0.000000e+00,0.000000e+00,0.000000e+00,0.000000e+00,0.000000e+00,0.000000e+00,0.000000e+00,0.000000e+00,0.000000e+00,0.000000e+00,4.806877e-08,6.505449e+00,0.000000e+00,0.000000e+00,1.358980e-11,1.550127e+01,6.139233e-26,0.000000e+00,1.359273e-11,1.550127e+01,6.139233e-26,0.000000e+00
4.030250e-01,4.847005e-08,3.756882e+01,-1.333040e+00,0.000000e+00,-2.127045e+00,2.214000e-01,2.500000e-05,3.960019e+00,4.152884e+01,0.000000e+00,0.000000e+00,0.000000e+00,0.000000e+00,0.000000e+00,0.000000e+00,0.000000e+00,0.000000e+00,0.000000e+00,0.000000e+00,0.000000e+00,0.000000e+00,0.000000e+00,4.844278e-08,6.516002e+00,0.000000e+00,0.000000e+00,1.363713e-11,1.552641e+01,6.187007e-26,0.000000e+00,1.363524e-11,1.552641e+01,6.187007e-26,0.000000e+00
4.040250e-01,4.884535e-08,3.762909e+01,-1.338935e+00,0.000000e+00,-2.125718e+00,2.214000e-01,2.500000e-05,3.966371e+00,4.159546e+01,0.000000e+00,0.000000e+00,0.000000e+00,0.000000e+00,0.000000e+00,0.000000e+00,0.000000e+00,0.000000e+00,0.000000e+00,0.000000e+00,0.000000e+00,0.000000e+00,0.000000e+00,4.881799e-08,6.526454e+00,0.000000e+00,0.000000e+00,1.368066e-11,1.555132e+01,6.234935e-26,0.000000e+00,1.367959e-11,1.555132e+01,6.234935e-26,0.000000e+00
4.050250e-01,4.922185e-08,3.768877e+01,-1.344822e+00,0.000000e+00,-2.124356e+00,2.214000e-01,2.500000e-05,3.972663e+00,4.166144e+01,0.000000e+00,0.000000e+00,0.000000e+00,0.000000e+00,0.000000e+00,0.000000e+00,0.000000e+00,0.000000e+00,0.000000e+00,0.000000e+00,0.000000e+00,0.000000e+00,0.000000e+00,4.919440e-08,6.536807e+00,0.000000e+00,0.000000e+00,1.372233e-11,1.557598e+01,6.283017e-26,0.000000e+00,1.372633e-11,1.557598e+01,6.283017e-26,0.000000e+00
4.060250e-01,4.959954e-08,3.774788e+01,-1.350704e+00,0.000000e+00,-2.122958e+00,2.214000e-01,2.500000e-05,3.978893e+00,4.172678e+01,0.000000e+00,0.000000e+00,0.000000e+00,0.000000e+00,0.000000e+00,0.000000e+00,0.000000e+00,0.000000e+00,0.000000e+00,0.000000e+00,0.000000e+00,0.000000e+00,0.000000e+00,4.957200e-08,6.547059e+00,0.000000e+00,0.000000e+00,1.376887e-11,1.560041e+01,6.331250e-26,0.000000e+00,1.376664e-11,1.560041e+01,6.331250e-26,0.000000e+00
4.070250e-01,4.997840e-08,3.780641e+01,-1.356578e+00,0.000000e+00,-2.121524e+00,2.214000e-01,2.500000e-05,3.985063e+00,4.179148e+01,0.000000e+00,0.000000e+00,0.000000e+00,0.000000e+00,0.000000e+00,0.000000e+00,0.000000e+00,0.000000e+00,0.000000e+00,0.000000e+00,0.000000e+00,0.000000e+00,0.000000e+00,4.995078e-08,6.557210e+00,0.000000e+00,0.000000e+00,1.380876e-11,1.562460e+01,6.379634e-26,0.000000e+00,1.380977e-11,1.562460e+01,6.379634e-26,0.000000e+00
4.080250e-01,5.035843e-08,3.786436e+01,-1.362445e+00,0.000000e+00,-2.120054e+00,2.214000e-01,2.500000e-05,3.991171e+00,4.185553e+01,0.000000e+00,0.000000e+00,0.000000e+00,0.000000e+00,0.000000e+00,0.000000e+00,0.000000e+00,0.000000e+00,0.000000e+00,0.000000e+00,0.000000e+00,0.000000e+00,0.000000e+00,5.033072e-08,6.567260e+00,0.000000e+00,0.000000e+00,1.385247e-11,1.564855e+01,6.428167e-26,0.000000e+00,1.385103e-11,1.564855e+01,6.428167e-26,0.000000e+00
4.090250e-01,5.073962e-08,3.792173e+01,-1.368305e+00,0.000000e+00,-2.118549e+00,2.214000e-01,2.500000e-05,3.997217e+00,4.191894e+01,0.000000e+00,0.000000e+00,0.000000e+00,0.000000e+00,0.000000e+00,0.000000e+00,0.000000e+00,0.000000e+00,0.000000e+00,0.000000e+00,0.000000e+00,0.000000e+00,0.000000e+00,5.071183e-08,6.577209e+00,0.000000e+00,0.000000e+00,1.389513e-11,1.567226e+01,6.476848e-26,0.000000e+00,1.389340e-11,1.567226e+01,6.476848e-26,0.000000e+00
4.100250e-01,5.112195e-08,3.797850e+01,-1.374158e+00,0.000000e+00,-2.117008e+00,2.214000e-01,2.500000e-05,4.003202e+00,4.198171e+01,0.000000e+00,0.000000e+00,0.000000e+00,0.000000e+00,0.000000e+00,0.000000e+00,0.000000e+00,0.000000e+00,0.000000e+00,0.000000e+00,0.000000e+00,0.000000e+00,0.000000e+00,5.109408e-08,6.587058e+00,0.000000e+00,0.000000e+00,1.393425e-11,1.569572e+01,6.525676e-26,0.000000e+00,1.393512e-11,1.569572e+01,6.525676e-26,0.000000e+00
4.110250e-01,5.150542e-08,3.803470e+01,-1.380002e+00,0.000000e+00,-2.115431e+00,2.214000e-01,2.500000e-05,4.009125e+00,4.204382e+01,0.000000e+00,0.000000e+00,0.000000e+00,0.000000e+00,0.000000e+00,0.000000e+00,0.000000e+00,0.000000e+00,0.000000e+00,0.000000e+00,0.000000e+00,0.000000e+00,0.000000e+00,5.147747e-08,6.596804e+00,0.000000e+00,0.000000e+00,1.397727e-11,1.571895e+01,6.574650e-26,0.000000e+00,1.397472e-11,1.571895e+01,6.574650e-26,0.000000e+00
4.120250e-01,5.189002e-08,3.809031e+01,-1.385839e+00,0.000000e+00,-2.113820e+00,2.214000e-01,2.500000e-05,4.014987e+00,4.210529e+01,0.000000e+00,0.000000e+00,0.000000e+00,0.000000e+00,0.000000e+00,0.000000e+00,0.000000e+00,0.000000e+00,0.000000e+00,0.000000e+00,0.000000e+00,0.000000e+00,0.000000e+00,5.186199e-08,6.606448e+00,0.000000e+00,0.000000e+00,1.401613e-11,1.574193e+01,6.623767e-26,0.000000e+00,1.401765e-11,1.574193e+01,6.623767e-26,0.000000e+00
4.130250e-01,5.227574e-08,3.814532e+01,-1.391668e+00,0.000000e+00,-2.112172e+00,2.214000e-01,2.500000e-05,4.020786e+00,4.216611e+01,0.000000e+00,0.000000e+00,0.000000e+00,0.000000e+00,0.000000e+00,0.000000e+00,0.000000e+00,0.000000e+00,0.000000e+00,0.000000e+00,0.000000e+00,0.000000e+00,0.000000e+00,5.224763e-08,6.615991e+00,0.000000e+00,0.000000e+00,1.405571e-11,1.576467e+01,6.673028e-26,0.000000e+00,1.405942e-11,1.576467e+01,6.673027e-26,0.000000e+00
4.140250e-01,5.266257e-08,3.819975e+01,-1.397488e+00,0.000000e+00,-2.110490e+00,2.214000e-01,2.500000e-05,4.026523e+00,4.222627e+01,0.000000e+00,0.000000e+00,0.000000e+00,0.000000e+00,0.000000e+00,0.000000e+00,0.000000e+00,0.000000e+00,0.000000e+00,0.000000e+00,0.000000e+00,0.000000e+00,0.000000e+00,5.263437e-08,6.625431e+00,0.000000e+00,0.000000e+00,1.409872e-11,1.578716e+01,6.722430e-26,0.000000e+00,1.409845e-11,1.578716e+01,6.722430e-26,0.000000e+00
4.150250e-01,5.305049e-08,3.825359e+01,-1.403299e+00,0.000000e+00,-2.108772e+00,2.214000e-01,2.500000e-05,4.032197e+00,4.228578e+01,0.000000e+00,0.000000e+00,0.000000e+00,0.000000e+00,0.000000e+00,0.000000e+00,0.000000e+00,0.000000e+00,0.000000e+00,0.000000e+00,0.000000e+00,0.000000e+00,0.000000e+00,5.302222e-08,6.634768e+00,0.000000e+00,0.000000e+00,1.413850e-11,1.580941e+01,6.771972e-26,0.000000e+00,1.413798e-11,1.580941e+01,6.771972e-26,0.000000e+00
4.160250e-01,5.343950e-08,3.830683e+01,-1.409102e+00,0.000000e+00,-2.107019e+00,2.214000e-01,2.500000e-05,4.037810e+00,4.234464e+01,0.000000e+00,0.000000e+00,0.000000e+00,0.000000e+00,0.000000e+00,0.000000e+00,0.000000e+00,0.000000e+00,0.000000e+00,0.000000e+00,0.000000e+00,0.000000e+00,0.000000e+00,5.341114e-08,6.644002e+00,0.000000e+00,0.000000e+00,1.417667e-11,1.583141e+01,6.821653e-26,0.000000e+00,1.417960e-11,1.583141e+01,6.821653e-26,0.000000e+00
4.170250e-01,5.382958e-08,3.835948e+01,-1.414896e+00,0.000000e+00,-2.105232e+00,2.214000e-01,2.500000e-05,4.043359e+00,4.240284e+01,0.000000e+00,0.000000e+00,0.000000e+00,0.000000e+00,0.000000e+00,0.000000e+00,0.000000e+00,0.000000e+00,0.000000e+00,0.000000e+00,0.000000e+00,0.000000e+00,0.000000e+00,5.380115e-08,6.653134e+00,0.000000e+00,0.000000e+00,1.421674e-11,1.585317e+01,6.871472e-26,0.000000e+00,1.421572e-11,1.585317e+01,6.871472e-26,0.000000e+00
4.180250e-01,5.422073e-08,3.841153e+01,-1.420681e+00,0.000000e+00,-2.103409e+00,2.214000e-01,2.500000e-05,4.048846e+00,4.246038e+01,0.000000e+00,0.000000e+00,0.000000e+00,0.000000e+00,0.000000e+00,0.000000e+00,0.000000e+00,0.000000e+00,0.000000e+00,0.000000e+00,0.000000e+00,0.000000e+00,0.000000e+00,5.419222e-08,6.662162e+00,0.000000e+00,0.000000e+00,1.425391e-11,1.587468e+01,6.921427e-26,0.000000e+00,1.425519e-11,1.587468e+01,6.921426e-26,0.000000e+00
4.190250e-01,5.461294e-08,3.846299e+01,-1.426456e+00,0.000000e+00,-2.101551e+00,2.214000e-01,2.500000e-05,4.054270e+00,4.251726e+01,0.000000e+00,0.000000e+00,0.000000e+00,0.000000e+00,0.000000e+00,0.000000e+00,0.000000e+00,0.000000e+00,0.000000e+00,0.000000e+00,0.000000e+00,0.000000e+00,0.000000e+00,5.458435e-08,6.671087e+00,0.000000e+00,0.000000e+00,1.429521e-11,1.589595e+01,6.971516e-26,0.000000e+00,1.429266e-11,1.589595e+01,6.971516e-26,0.000000e+00
4.200250e-01,5.500618e-08,3.851385e+01,-1.432222e+00,0.000000e+00,-2.099658e+00,2.214000e-01,2.500000e-05,4.059631e+00,4.257348e+01,0.000000e+00,0.000000e+00,0.000000e+00,0.000000e+00,0.000000e+00,0.000000e+00,0.000000e+00,0.000000e+00,0.000000e+00,0.000000e+00,0.000000e+00,0.000000e+00,0.000000e+00,5.497752e-08,6.679908e+00,0.000000e+00,0.000000e+00,1.433204e-11,1.591697e+01,7.021739e-26,0.000000e+00,1.433301e-11,1.591697e+01,7.021739e-26,0.000000e+00
4.210250e-01,5.540046e-08,3.856411e+01,-1.437978e+00,0.000000e+00,-2.097730e+00,2.214000e-01,2.500000e-05,4.064929e+00,4.262904e+01,0.000000e+00,0.000000e+00,0.000000e+00,0.000000e+00,0.000000e+00,0.000000e+00,0.000000e+00,0.000000e+00,0.000000e+00,0.000000e+00,0.000000e+00,0.000000e+00,0.000000e+00,5.537172e-08,6.688625e+00,0.000000e+00,0.000000e+00,1.436896e-11,1.593774e+01,7.072094e-26,0.000000e+00,1.436934e-11,1.593774e+01,7.072094e-26,0.000000e+00
4.220250e-01,5.579576e-08,3.861377e+01,-1.443723e+00,0.000000e+00,-2.095768e+00,2.214000e-01,2.500000e-05,4.070163e+00,4.268393e+01,0.000000e+00,0.000000e+00,0.000000e+00,0.000000e+00,0.000000e+00,0.000000e+00,0.000000e+00,0.000000e+00,0.000000e+00,0.000000e+00,0.000000e+00,0.000000e+00,0.000000e+00,5.576694e-08,6.697238e+00,0.000000e+00,0.000000e+00,1.440544e-11,1.595826e+01,7.122580e-26,0.000000e+00,1.440598e-11,1.595826e+01,7.122580e-26,0.000000e+00
4.230250e-01,5.619207e-08,3.866282e+01,-1.449459e+00,0.000000e+00,-2.093771e+00,2.214000e-01,2.500000e-05,4.075334e+00,4.273816e+01,0.000000e+00,0.000000e+00,0.000000e+00,0.000000e+00,0.000000e+00,0.000000e+00,0.000000e+00,0.000000e+00,0.000000e+00,0.000000e+00,0.000000e+00,0.000000e+00,0.000000e+00,5.616318e-08,6.705747e+00,0.000000e+00,0.000000e+00,1.444242e-11,1.597854e+01,7.173195e-26,0.000000e+00,1.444527e-11,1.597854e+01,7.173195e-26,0.000000e+00
4.240250e-01,5.658938e-08,3.871128e+01,-1.455184e+00,0.000000e+00,-2.091740e+00,2.214000e-01,2.500000e-05,4.080442e+00,4.279172e+01,0.000000e+00,0.000000e+00,0.000000e+00,0.000000e+00,0.000000e+00,0.000000e+00,0.000000e+00,0.000000e+00,0.000000e+00,0.000000e+00,0.000000e+00,0.000000e+00,0.000000e+00,5.656042e-08,6.714151e+00,0.000000e+00,0.000000e+00,1.447949e-11,1.599856e+01,7.223938e-26,0.000000e+00,1.447986e-11,1.599856e+01,7.223938e-26,0.000000e+00
4.250250e-01,5.698767e-08,3.875913e+01,-1.460899e+00,0.000000e+00,-2.089674e+00,2.214000e-01,2.500000e-05,4.085485e+00,4.284462e+01,0.000000e+00,0.000000e+00,0.000000e+00,0.000000e+00,0.000000e+00,0.000000e+00,0.000000e+00,0.000000e+00,0.000000e+00,0.000000e+00,0.000000e+00,0.000000e+00,0.000000e+00,5.695864e-08,6.722450e+00,0.000000e+00,0.000000e+00,1.451300e-11,1.601834e+01,7.274807e-26,0.000000e+00,1.451550e-11,1.601834e+01,7.274807e-26,0.000000e+00
4.260250e-01,5.738695e-08,3.880637e+01,-1.466602e+00,0.000000e+00,-2.087574e+00,2.214000e-01,2.500000e-05,4.090466e+00,4.289684e+01,0.000000e+00,0.000000e+00,0.000000e+00,0.000000e+00,0.000000e+00,0.000000e+00,0.000000e+00,0.000000e+00,0.000000e+00,0.000000e+00,0.000000e+00,0.000000e+00,0.000000e+00,5.735785e-08,6.730645e+00,0.000000e+00,0.000000e+00,1.454959e-11,1.603786e+01,7.325801e-26,0.000000e+00,1.454927e-11,1.603786e+01,7.325801e-26,0.000000e+00
4.270250e-01,5.778719e-08,3.885302e+01,-1.472295e+00,0.000000e+00,-2.085439e+00,2.214000e-01,2.500000e-05,4.095382e+00,4.294839e+01,0.000000e+00,0.000000e+00,0.000000e+00,0.000000e+00,0.000000e+00,0.000000e+00,0.000000e+00,0.000000e+00,0.000000e+00,0.000000e+00,0.000000e+00,0.000000e+00,0.000000e+00,5.775802e-08,6.738734e+00,0.000000e+00,0.000000e+00,1.458422e-11,1.605714e+01,7.376919e-26,0.000000e+00,1.458406e-11,1.605714e+01,7.376919e-26,0.000000e+00
4.280250e-01,5.818838e-08,3.889904e+01,-1.477976e+00,0.000000e+00,-2.083271e+00,2.214000e-01,2.500000e-05,4.100234e+00,4.299928e+01,0.000000e+00,0.000000e+00,0.000000e+00,0.000000e+00,0.000000e+00,0.000000e+00,0.000000e+00,0.000000e+00,0.000000e+00,0.000000e+00,0.000000e+00,0.000000e+00,0.000000e+00,5.815915e-08,6.746718e+00,0.000000e+00,0.000000e+00,1.461988e-11,1.607616e+01,7.428158e-26,0.000000e+00,1.461990e-11,1.607616e+01,7.428159e-26,0.000000e+00
4.290250e-01,5.859053e-08,3.894447e+01,-1.483646e+00,0.000000e+00,-2.081068e+00,2.214000e-01,2.500000e-05,4.105021e+00,4.304949e+01,0.000000e+00,0.000000e+00,0.000000e+00,0.000000e+00,0.000000e+00,0.000000e+00,0.000000e+00,0.000000e+00,0.000000e+00,0.000000e+00,0.000000e+00,0.000000e+00,0.000000e+00,5.856122e-08,6.754596e+00,0.000000e+00,0.000000e+00,1.465358e-11,1.609494e+01,7.479519e-26,0.000000e+00,1.465546e-11,1.609494e+01,7.479519e-26,0.000000e+00
4.300250e-01,5.899359e-08,3.898928e+01,-1.489305e+00,0.000000e+00,-2.078831e+00,2.214000e-01,2.500000e-05,4.109746e+00,4.309903e+01,0.000000e+00,0.000000e+00,0.000000e+00,0.000000e+00,0.000000e+00,0.000000e+00,0.000000e+00,0.000000e+00,0.000000e+00,0.000000e+00,0.000000e+00,0.000000e+00,0.000000e+00,5.896422e-08,6.762369e+00,0.000000e+00,0.000000e+00,1.468571e-11,1.611346e+01,7.530999e-26,0.000000e+00,1.468980e-11,1.611346e+01,7.530999e-26,0.000000e+00
4.310250e-01,5.939758e-08,3.903349e+01,-1.494951e+00,0.000000e+00,-2.076560e+00,2.214000e-01,2.500000e-05,4.114405e+00,4.314789e+01,0.000000e+00,0.000000e+00,0.000000e+00,0.000000e+00,0.000000e+00,0.000000e+00,0.000000e+00,0.000000e+00,0.000000e+00,0.000000e+00,0.000000e+00,0.000000e+00,0.000000e+00,5.936814e-08,6.770035e+00,0.000000e+00,0.000000e+00,1.471853e-11,1.613172e+01,7.582596e-26,0.000000e+00,1.472296e-11,1.613172e+01,7.582596e-26,0.000000e+00
4.320250e-01,5.980248e-08,3.907708e+01,-1.500585e+00,0.000000e+00,-2.074255e+00,2.214000e-01,2.500000e-05,4.118999e+00,4.319608e+01,0.000000e+00,0.000000e+00,0.000000e+00,0.000000e+00,0.000000e+00,0.000000e+00,0.000000e+00,0.000000e+00,0.000000e+00,0.000000e+00,0.000000e+00,0.000000e+00,0.000000e+00,5.977297e-08,6.777596e+00,0.000000e+00,0.000000e+00,1.475465e-11,1.614974e+01,7.634309e-26,0.000000e+00,1.475586e-11,1.614974e+01,7.634309e-26,0.000000e+00
4.330250e-01,6.020827e-08,3.912005e+01,-1.506207e+00,0.000000e+00,-2.071917e+00,2.214000e-01,2.500000e-05,4.123529e+00,4.324358e+01,0.000000e+00,0.000000e+00,0.000000e+00,0.000000e+00,0.000000e+00,0.000000e+00,0.000000e+00,0.000000e+00,0.000000e+00,0.000000e+00,0.000000e+00,0.000000e+00,0.000000e+00,6.017870e-08,6.785049e+00,0.000000e+00,0.000000e+00,1.478543e-11,1.616750e+01,7.686137e-26,0.000000e+00,1.478826e-11,1.616750e+01,7.686137e-26,0.000000e+00
4.340250e-01,6.061495e-08,3.916241e+01,-1.511817e+00,0.000000e+00,-2.069545e+00,2.214000e-01,2.500000e-05,4.127995e+00,4.329041e+01,0.000000e+00,0.000000e+00,0.000000e+00,0.000000e+00,0.000000e+00,0.000000e+00,0.000000e+00,0.000000e+00,0.000000e+00,0.000000e+00,0.000000e+00,0.000000e+00,0.000000e+00,6.058531e-08,6.792397e+00,0.000000e+00,0.000000e+00,1.481770e-11,1.618501e+01,7.738079e-26,0.000000e+00,1.481984e-11,1.618501e+01,7.738079e-26,0.000000e+00
4.350250e-01,6.102251e-08,3.920416e+01,-1.517413e+00,0.000000e+00,-2.067139e+00,2.214000e-01,2.500000e-05,4.132395e+00,4.333656e+01,0.000000e+00,0.000000e+00,0.000000e+00,0.000000e+00,0.000000e+00,0.000000e+00,0.000000e+00,0.000000e+00,0.000000e+00,0.000000e+00,0.000000e+00,0.000000e+00,0.000000e+00,6.099280e-08,6.799638e+00,0.000000e+00,0.000000e+00,1.485431e-11,1.620226e+01,7.790131e-26,0.000000e+00,1.484801e-11,1.620226e+01,7.790132e-26,0.000000e+00
4.360250e-01,6.143092e-08,3.924530e+01,-1.522997e+00,0.000000e+00,-2.064700e+00,2.214000e-01,2.500000e-05,4.136731e+00,4.338203e+01,0.000000e+00,0.000000e+00,0.000000e+00,0.000000e+00,0.000000e+00,0.000000e+00,0.000000e+00,0.000000e+00,0.000000e+00,0.000000e+00,0.000000e+00,0.000000e+00,0.000000e+00,6.140115e-08,6.806772e+00,0.000000e+00,0.000000e+00,1.488354e-11,1.621926e+01,7.842295e-26,0.000000e+00,1.488356e-11,1.621926e+01,7.842295e-26,0.000000e+00
4.370250e-01,6.184018e-08,3.928581e+01,-1.528568e+00,0.000000e+00,-2.062227e+00,2.214000e-01,2.500000e-05,4.141001e+00,4.342681e+01,0.000000e+00,0.000000e+00,0.000000e+00,0.000000e+00,0.000000e+00,0.000000e+00,0.000000e+00,0.000000e+00,0.000000e+00,0.000000e+00,0.000000e+00,0.000000e+00,0.000000e+00,6.181036e-08,6.813799e+00,0.000000e+00,0.000000e+00,1.491162e-11,1.623601e+01,7.894567e-26,0.000000e+00,1.491135e-11,1.623601e+01,7.894567e-26,0.000000e+00
4.380250e-01,6.225028e-08,3.932571e+01,-1.534126e+00,0.000000e+00,-2.059721e+00,2.214000e-01,2.500000e-05,4.145207e+00,4.347091e+01,0.000000e+00,0.000000e+00,0.000000e+00,0.000000e+00,0.000000e+00,0.000000e+00,0.000000e+00,0.000000e+00,0.000000e+00,0.000000e+00,0.000000e+00,0.000000e+00,0.000000e+00,6.222039e-08,6.820719e+00,0.000000e+00,0.000000e+00,1.493936e-11,1.625249e+01,7.946946e-26,0.000000e+00,1.494471e-11,1.625249e+01,7.946946e-26,0.000000e+00
4.390250e-01,6.266121e-08,3.936499e+01,-1.539670e+00,0.000000e+00,-2.057182e+00,2.214000e-01,2.500000e-05,4.149347e+00,4.351433e+01,0.000000e+00,0.000000e+00,0.000000e+00,0.000000e+00,0.000000e+00,0.000000e+00,0.000000e+00,0.000000e+00,0.000000e+00,0.000000e+00,0.000000e+00,0.000000e+00,0.000000e+00,6.263126e-08,6.827531e+00,0.000000e+00,0.000000e+00,1.497105e-11,1.626873e+01,7.999430e-26,0.000000e+00,1.497340e-11,1.626873e+01,7.999430e-26,0.000000e+00
4.400250e-01,6.307295e-08,3.940364e+01,-1.545200e+00,0.000000e+00,-2.054610e+00,2.214000e-01,2.500000e-05,4.153422e+00,4.355706e+01,0.000000e+00,0.000000e+00,0.000000e+00,0.000000e+00,0.000000e+00,0.000000e+00,0.000000e+00,0.000000e+00,0.000000e+00,0.000000e+00,0.000000e+00,0.000000e+00,0.000000e+00,6.304294e-08,6.834236e+00,0.000000e+00,0.000000e+00,1.499994e-11,1.628470e+01,8.052019e-26,0.000000e+00,1.500278e-11,1.628470e+01,8.052019e-26,0.000000e+00
4.410250e-01,6.348549e-08,3.944168e+01,-1.550716e+00,0.000000e+00,-2.052005e+00,2.214000e-01,2.500000e-05,4.157431e+00,4.359911e+01,0.000000e+00,0.000000e+00,0.000000e+00,0.000000e+00,0.000000e+00,0.000000e+00,0.000000e+00,0.000000e+00,0.000000e+00,0.000000e+00,0.000000e+00,0.000000e+00,0.000000e+00,6.345542e-08,6.840833e+00,0.000000e+00,0.000000e+00,1.503283e-11,1.630042e+01,8.104710e-26,0.000000e+00,1.502911e-11,1.630042e+01,8.104710e-26,0.000000e+00
4.420250e-01,6.389881e-08,3.947909e+01,-1.556218e+00,0.000000e+00,-2.049367e+00,2.214000e-01,2.500000e-05,4.161375e+00,4.364047e+01,0.000000e+00,0.000000e+00,0.000000e+00,0.000000e+00,0.000000e+00,0.000000e+00,0.000000e+00,0.000000e+00,0.000000e+00,0.000000e+00,0.000000e+00,0.000000e+00,0.000000e+00,6.386869e-08,6.847322e+00,0.000000e+00,0.000000e+00,1.506013e-11,1.631589e+01,8.157502e-26,0.000000e+00,1.506061e-11,1.631589e+01,8.157502e-26,0.000000e+00
4.430250e-01,6.431291e-08,3.951588e+01,-1.561706e+00,0.000000e+00,-2.046696e+00,2.214000e-01,2.500000e-05,4.165253e+00,4.368114e+01,0.000000e+00,0.000000e+00,0.000000e+00,0.000000e+00,0.000000e+00,0.000000e+00,0.000000e+00,0.000000e+00,0.000000e+00,0.000000e+00,0.000000e+00,0.000000e+00,0.000000e+00,6.428274e-08,6.853703e+00,0.000000e+00,0.000000e+00,1.508915e-11,1.633109e+01,8.210393e-26,0.000000e+00,1.508632e-11,1.633109e+01,8.210393e-26,0.000000e+00
4.440250e-01,6.472778e-08,3.955205e+01,-1.567180e+00,0.000000e+00,-2.043993e+00,2.214000e-01,2.500000e-05,4.169065e+00,4.372112e+01,0.000000e+00,0.000000e+00,0.000000e+00,0.000000e+00,0.000000e+00,0.000000e+00,0.000000e+00,0.000000e+00,0.000000e+00,0.000000e+00,0.000000e+00,0.000000e+00,0.000000e+00,6.469755e-08,6.859977e+00,0.000000e+00,0.000000e+00,1.511280e-11,1.634604e+01,8.263382e-26,0.000000e+00,1.511609e-11,1.634604e+01,8.263382e-26,0.000000e+00
4.450250e-01,6.514340e-08,3.958760e+01,-1.572639e+00,0.000000e+00,-2.041256e+00,2.214000e-01,2.500000e-05,4.172812e+00,4.376041e+01,0.000000e+00,0.000000e+00,0.000000e+00,0.000000e+00,0.000000e+00,0.000000e+00,0.000000e+00,0.000000e+00,0.000000e+00,0.000000e+00,0.000000e+00,0.000000e+00,0.000000e+00,6.511311e-08,6.866141e+00,0.000000e+00,0.000000e+00,1.514284e-11,1.636073e+01,8.316467e-26,0.000000e+00,1.514394e-11,1.636073e+01,8.316467e-26,0.000000e+00
4.460250e-01,6.555975e-08,3.962252e+01,-1.578082e+00,0.000000e+00,-2.038488e+00,2.214000e-01,2.500000e-05,4.176493e+00,4.379901e+01,0.000000e+00,0.000000e+00,0.000000e+00,0.000000e+00,0.000000e+00,0.000000e+00,0.000000e+00,0.000000e+00,0.000000e+00,0.000000e+00,0.000000e+00,0.000000e+00,0.000000e+00,6.552942e-08,6.872198e+00,0.000000e+00,0.000000e+00,1.516807e-11,1.637516e+01,8.369647e-26,0.000000e+00,1.516959e-11,1.637516e+01,8.369647e-26,0.000000e+00
4.470250e-01,6.597684e-08,3.965681e+01,-1.583511e+00,0.000000e+00,-2.035687e+00,2.214000e-01,2.500000e-05,4.180107e+00,4.383691e+01,0.000000e+00,0.000000e+00,0.000000e+00,0.000000e+00,0.000000e+00,0.000000e+00,0.000000e+00,0.000000e+00,0.000000e+00,0.000000e+00,0.000000e+00,0.000000e+00,0.000000e+00,6.594645e-08,6.878145e+00,0.000000e+00,0.000000e+00,1.519644e-11,1.638933e+01,8.422920e-26,0.000000e+00,1.519685e-11,1.638933e+01,8.422919e-26,0.000000e+00
4.480250e-01,6.639464e-08,3.969047e+01,-1.588924e+00,0.000000e+00,-2.032854e+00,2.214000e-01,2.500000e-05,4.183656e+00,4.387413e+01,0.000000e+00,0.000000e+00,0.000000e+00,0.000000e+00,0.000000e+00,0.000000e+00,0.000000e+00,0.000000e+00,0.000000e+00,0.000000e+00,0.000000e+00,0.000000e+00,0.000000e+00,6.636419e-08,6.883984e+00,0.000000e+00,0.000000e+00,1.521933e-11,1.640324e+01,8.476284e-26,0.000000e+00,1.522133e-11,1.640324e+01,8.476284e-26,0.000000e+00
4.490250e-01,6.681314e-08,3.972351e+01,-1.594322e+00,0.000000e+00,-2.029988e+00,2.214000e-01,2.500000e-05,4.187138e+00,4.391064e+01,0.000000e+00,0.000000e+00,0.000000e+00,0.000000e+00,0.000000e+00,0.000000e+00,0.000000e+00,0.000000e+00,0.000000e+00,0.000000e+00,0.000000e+00,0.000000e+00,0.000000e+00,6.678265e-08,6.889714e+00,0.000000e+00,0.000000e+00,1.524649e-11,1.641690e+01,8.529738e-26,0.000000e+00,1.524959e-11,1.641690e+01,8.529737e-26,0.000000e+00
4.500250e-01,6.723233e-08,3.975592e+01,-1.599704e+00,0.000000e+00,-2.027091e+00,2.214000e-01,2.500000e-05,4.190554e+00,4.394647e+01,0.000000e+00,0.000000e+00,0.000000e+00,0.000000e+00,0.000000e+00,0.000000e+00,0.000000e+00,0.000000e+00,0.000000e+00,0.000000e+00,0.000000e+00,0.000000e+00,0.000000e+00,6.720178e-08,6.895335e+00,0.000000e+00,0.000000e+00,1.527511e-11,1.643029e+01,8.583279e-26,0.000000e+00,1.527058e-11,1.643029e+01,8.583279e-26,0.000000e+00
4.510250e-01,6.765219e-08,3.978769e+01,-1.605071e+00,0.000000e+00,-2.024162e+00,2.214000e-01,2.500000e-05,4.193903e+00,4.398160e+01,0.000000e+00,0.000000e+00,0.000000e+00,0.000000e+00,0.000000e+00,0.000000e+00,0.000000e+00,0.000000e+00,0.000000e+00,0.000000e+00,0.000000e+00,0.000000e+00,0.000000e+00,6.762160e-08,6.900846e+00,0.000000e+00,0.000000e+00,1.529602e-11,1.644342e+01,8.636908e-26,0.000000e+00,1.529617e-11,1.644342e+01,8.636908e-26,0.000000e+00
4.520250e-01,6.807272e-08,3.981884e+01,-1.610421e+00,0.000000e+00,-2.021200e+00,2.214000e-01,2.500000e-05,4.197187e+00,4.401603e+01,0.000000e+00,0.000000e+00,0.000000e+00,0.000000e+00,0.000000e+00,0.000000e+00,0.000000e+00,0.000000e+00,0.000000e+00,0.000000e+00,0.000000e+00,0.000000e+00,0.000000e+00,6.804208e-08,6.906249e+00,0.000000e+00,0.000000e+00,1.531852e-11,1.645630e+01,8.690622e-26,0.000000e+00,1.532103e-11,1.645630e+01,8.690622e-26,0.000000e+00
4.530250e-01,6.849390e-08,3.984936e+01,-1.615755e+00,0.000000e+00,-2.018208e+00,2.214000e-01,2.500000e-05,4.200404e+00,4.404976e+01,0.000000e+00,0.000000e+00,0.000000e+00,0.000000e+00,0.000000e+00,0.000000e+00,0.000000e+00,0.000000e+00,0.000000e+00,0.000000e+00,0.000000e+00,0.000000e+00,0.000000e+00,6.846321e-08,6.911542e+00,0.000000e+00,0.000000e+00,1.534095e-11,1.646891e+01,8.744418e-26,0.000000e+00,1.534471e-11,1.646891e+01,8.744418e-26,0.000000e+00
4.540250e-01,6.891571e-08,3.987925e+01,-1.621072e+00,0.000000e+00,-2.015183e+00,2.214000e-01,2.500000e-05,4.203554e+00,4.408280e+01,0.000000e+00,0.000000e+00,0.000000e+00,0.000000e+00,0.000000e+00,0.000000e+00,0.000000e+00,0.000000e+00,0.000000e+00,0.000000e+00,0.000000e+00,0.000000e+00,0.000000e+00,6.888498e-08,6.916725e+00,0.000000e+00,0.000000e+00,1.536599e-11,1.648126e+01,8.798296e-26,0.000000e+00,1.536960e-11,1.648126e+01,8.798296e-26,0.000000e+00
4.550250e-01,6.933815e-08,3.990850e+01,-1.626373e+00,0.000000e+00,-2.012127e+00,2.214000e-01,2.500000e-05,4.206637e+00,4.411514e+01,0.000000e+00,0.000000e+00,0.000000e+00,0.000000e+00,0.000000e+00,0.000000e+00,0.000000e+00,0.000000e+00,0.000000e+00,0.000000e+00,0.000000e+00,0.000000e+00,0.000000e+00,6.930738e-08,6.921799e+00,0.000000e+00,0.000000e+00,1.539070e-11,1.649335e+01,8.852255e-26,0.000000e+00,1.538811e-11,1.649335e+01,8.852254e-26,0.000000e+00
4.560250e-01,6.976121e-08,3.993711e+01,-1.631656e+00,0.000000e+00,-2.009040e+00,2.214000e-01,2.500000e-05,4.209654e+00,4.414677e+01,0.000000e+00,0.000000e+00,0.000000e+00,0.000000e+00,0.000000e+00,0.000000e+00,0.000000e+00,0.000000e+00,0.000000e+00,0.000000e+00,0.000000e+00,0.000000e+00,0.000000e+00,6.973038e-08,6.926763e+00,0.000000e+00,0.000000e+00,1.541109e-11,1.650518e+01,8.906291e-26,0.000000e+00,1.541379e-11,1.650518e+01,8.906291e-26,0.000000e+00
4.570250e-01,7.018485e-08,3.996510e+01,-1.636923e+00,0.000000e+00,-2.005921e+00,2.214000e-01,2.500000e-05,4.212604e+00,4.417770e+01,0.000000e+00,0.000000e+00,0.000000e+00,0.000000e+00,0.000000e+00,0.000000e+00,0.000000e+00,0.000000e+00,0.000000e+00,0.000000e+00,0.000000e+00,0.000000e+00,0.000000e+00,7.015399e-08,6.931616e+00,0.000000e+00,0.000000e+00,1.543196e-11,1.651674e+01,8.960404e-26,0.000000e+00,1.543623e-11,1.651674e+01,8.960404e-26,0.000000e+00
4.580250e-01,7.060909e-08,3.999245e+01,-1.642173e+00,0.000000e+00,-2.002772e+00,2.214000e-01,2.500000e-05,4.215487e+00,4.420794e+01,0.000000e+00,0.000000e+00,0.000000e+00,0.000000e+00,0.000000e+00,0.000000e+00,0.000000e+00,0.000000e+00,0.000000e+00,0.000000e+00,0.000000e+00,0.000000e+00,0.000000e+00,7.057818e-08,6.936360e+00,0.000000e+00,0.000000e+00,1.545542e-11,1.652805e+01,9.014592e-26,0.000000e+00,1.545461e-11,1.652805e+01,9.014593e-26,0.000000e+00
4.590250e-01,7.103390e-08,4.001917e+01,-1.647405e+00,0.000000e+00,-1.999591e+00,2.214000e-01,2.500000e-05,4.218303e+00,4.423747e+01,0.000000e+00,0.000000e+00,0.000000e+00,0.000000e+00,0.000000e+00,0.000000e+00,0.000000e+00,0.000000e+00,0.000000e+00,0.000000e+00,0.000000e+00,0.000000e+00,0.000000e+00,7.100294e-08,6.940994e+00,0.000000e+00,0.000000e+00,1.547491e-11,1.653909e+01,9.068854e-26,0.000000e+00,1.547534e-11,1.653909e+01,9.068854e-26,0.000000e+00
4.600250e-01,7.145926e-08,4.004525e+01,-1.652619e+00,0.000000e+00,-1.996380e+00,2.214000e-01,2.500000e-05,4.221052e+00,4.426630e+01,0.000000e+00,0.000000e+00,0.000000e+00,0.000000e+00,0.000000e+00,0.000000e+00,0.000000e+00,0.000000e+00,0.000000e+00,0.000000e+00,0.000000e+00,0.000000e+00,0.000000e+00,7.142827e-08,6.945517e+00,0.000000e+00,0.000000e+00,1.549431e-11,1.654986e+01,9.123187e-26,0.000000e+00,1.549531e-11,1.654986e+01,9.123187e-26,0.000000e+00
4.610250e-01,7.188518e-08,4.007069e+01,-1.657815e+00,0.000000e+00,-1.993137e+00,2.214000e-01,2.500000e-05,4.223733e+00,4.429442e+01,0.000000e+00,0.000000e+00,0.000000e+00,0.000000e+00,0.000000e+00,0.000000e+00,0.000000e+00,0.000000e+00,0.000000e+00,0.000000e+00,0.000000e+00,0.000000e+00,0.000000e+00,7.185415e-08,6.949930e+00,0.000000e+00,0.000000e+00,1.551614e-11,1.656038e+01,9.177591e-26,0.000000e+00,1.551713e-11,1.656038e+01,9.177591e-26,0.000000e+00
4.620250e-01,7.231163e-08,4.009550e+01,-1.662994e+00,0.000000e+00,-1.989864e+00,2.214000e-01,2.500000e-05,4.226348e+00,4.432184e+01,0.000000e+00,0.000000e+00,0.000000e+00,0.000000e+00,0.000000e+00,0.000000e+00,0.000000e+00,0.000000e+00,0.000000e+00,0.000000e+00,0.000000e+00,0.000000e+00,0.000000e+00,7.228056e-08,6.954232e+00,0.000000e+00,0.000000e+00,1.553569e-11,1.657063e+01,9.232062e-26,0.000000e+00,1.553370e-11,1.657063e+01,9.232062e-26,0.000000e+00
4.630250e-01,7.273859e-08,4.011966e+01,-1.668154e+00,0.000000e+00,-1.986561e+00,2.214000e-01,2.500000e-05,4.228896e+00,4.434856e+01,0.000000e+00,0.000000e+00,0.000000e+00,0.000000e+00,0.000000e+00,0.000000e+00,0.000000e+00,0.000000e+00,0.000000e+00,0.000000e+00,0.000000e+00,0.000000e+00,0.000000e+00,7.270749e-08,6.958424e+00,0.000000e+00,0.000000e+00,1.555161e-11,1.658062e+01,9.286600e-26,0.000000e+00,1.555346e-11,1.658062e+01,9.286600e-26,0.000000e+00
4.640250e-01,7.316606e-08,4.014319e+01,-1.673295e+00,0.000000e+00,-1.983227e+00,2.214000e-01,2.500000e-05,4.231376e+00,4.437457e+01,0.000000e+00,0.000000e+00,0.000000e+00,0.000000e+00,0.000000e+00,0.000000e+00,0.000000e+00,0.000000e+00,0.000000e+00,0.000000e+00,0.000000e+00,0.000000e+00,0.000000e+00,7.313492e-08,6.962505e+00,0.000000e+00,0.000000e+00,1.557158e-11,1.659034e+01,9.341203e-26,0.000000e+00,1.557103e-11,1.659034e+01,9.341203e-26,0.000000e+00
4.650250e-01,7.359404e-08,4.016608e+01,-1.678419e+00,0.000000e+00,-1.979863e+00,2.214000e-01,2.500000e-05,4.233788e+00,4.439987e+01,0.000000e+00,0.000000e+00,0.000000e+00,0.000000e+00,0.000000e+00,0.000000e+00,0.000000e+00,0.000000e+00,0.000000e+00,0.000000e+00,0.000000e+00,0.000000e+00,0.000000e+00,7.356285e-08,6.966475e+00,0.000000e+00,0.000000e+00,1.559267e-11,1.659980e+01,9.395869e-26,0.000000e+00,1.558878e-11,1.659980e+01,9.395869e-26,0.000000e+00
4.660250e-01,7.402248e-08,4.018834e+01,-1.683523e+00,0.000000e+00,-1.976469e+00,2.214000e-01,2.500000e-05,4.236134e+00,4.442447e+01,0.000000e+00,0.000000e+00,0.000000e+00,0.000000e+00,0.000000e+00,0.000000e+00,0.000000e+00,0.000000e+00,0.000000e+00,0.000000e+00,0.000000e+00,0.000000e+00,0.000000e+00,7.399127e-08,6.970335e+00,0.000000e+00,0.000000e+00,1.560782e-11,1.660900e+01,9.450596e-26,0.000000e+00,1.560888e-11,1.660900e+01,9.450596e-26,0.000000e+00
4.670250e-01,7.445139e-08,4.020995e+01,-1.688608e+00,0.000000e+00,-1.973045e+00,2.214000e-01,2.500000e-05,4.238412e+00,4.444836e+01,0.000000e+00,0.000000e+00,0.000000e+00,0.000000e+00,0.000000e+00,0.000000e+00,0.000000e+00,0.000000e+00,0.000000e+00,0.000000e+00,0.000000e+00,0.000000e+00,0.000000e+00,7.442014e-08,6.974083e+00,0.000000e+00,0.000000e+00,1.562792e-11,1.661793e+01,9.505384e-26,0.000000e+00,1.562203e-11,1.661793e+01,9.505384e-26,0.000000e+00
4.680250e-01,7.488076e-08,4.023092e+01,-1.693674e+00,0.000000e+00,-1.969591e+00,2.214000e-01,2.500000e-05,4.240623e+00,4.447154e+01,0.000000e+00,0.000000e+00,0.000000e+00,0.000000e+00,0.000000e+00,0.000000e+00,0.000000e+00,0.000000e+00,0.000000e+00,0.000000e+00,0.000000e+00,0.000000e+00,0.000000e+00,7.484948e-08,6.977720e+00,0.000000e+00,0.000000e+00,1.564089e-11,1.662660e+01,9.560229e-26,0.000000e+00,1.563946e-11,1.662660e+01,9.560229e-26,0.000000e+00
4.690250e-01,7.531057e-08,4.025125e+01,-1.698721e+00,0.000000e+00,-1.966107e+00,2.214000e-01,2.500000e-05,4.242765e+00,4.449401e+01,0.000000e+00,0.000000e+00,0.000000e+00,0.000000e+00,0.000000e+00,0.000000e+00,0.000000e+00,0.000000e+00,0.000000e+00,0.000000e+00,0.000000e+00,0.000000e+00,0.000000e+00,7.527925e-08,6.981246e+00,0.000000e+00,0.000000e+00,1.565866e-11,1.663500e+01,9.615131e-26,0.000000e+00,1.565426e-11,1.663500e+01,9.615130e-26,0.000000e+00
4.700250e-01,7.574079e-08,4.027094e+01,-1.703748e+00,0.000000e+00,-1.962594e+00,2.214000e-01,2.500000e-05,4.244841e+00,4.451578e+01,0.000000e+00,0.000000e+00,0.000000e+00,0.000000e+00,0.000000e+00,0.000000e+00,0.000000e+00,0.000000e+00,0.000000e+00,0.000000e+00,0.000000e+00,0.000000e+00,0.000000e+00,7.570945e-08,6.984661e+00,0.000000e+00,0.000000e+00,1.566907e-11,1.664314e+01,9.670087e-26,0.000000e+00,1.567174e-11,1.664314e+01,9.670087e-26,0.000000e+00
4.710250e-01,7.617144e-08,4.028998e+01,-1.708756e+00,0.000000e+00,-1.959051e+00,2.214000e-01,2.500000e-05,4.246848e+00,4.453683e+01,0.000000e+00,0.000000e+00,0.000000e+00,0.000000e+00,0.000000e+00,0.000000e+00,0.000000e+00,0.000000e+00,0.000000e+00,0.000000e+00,0.000000e+00,0.000000e+00,0.000000e+00,7.614007e-08,6.987964e+00,0.000000e+00,0.000000e+00,1.568712e-11,1.665101e+01,9.725096e-26,0.000000e+00,1.568598e-11,1.665101e+01,9.725096e-26,0.000000e+00
4.720250e-01,7.660248e-08,4.030839e+01,-1.713743e+00,0.000000e+00,-1.955479e+00,2.214000e-01,2.500000e-05,4.248788e+00,4.455717e+01,0.000000e+00,0.000000e+00,0.000000e+00,0.000000e+00,0.000000e+00,0.000000e+00,0.000000e+00,0.000000e+00,0.000000e+00,0.000000e+00,0.000000e+00,0.000000e+00,0.000000e+00,7.657108e-08,6.991156e+00,0.000000e+00,0.000000e+00,1.570089e-11,1.665862e+01,9.780156e-26,0.000000e+00,1.570083e-11,1.665862e+01,9.780156e-26,0.000000e+00
4.730250e-01,7.703391e-08,4.032615e+01,-1.718711e+00,0.000000e+00,-1.951878e+00,2.214000e-01,2.500000e-05,4.250660e+00,4.457681e+01,0.000000e+00,0.000000e+00,0.000000e+00,0.000000e+00,0.000000e+00,0.000000e+00,0.000000e+00,0.000000e+00,0.000000e+00,0.000000e+00,0.000000e+00,0.000000e+00,0.000000e+00,7.700248e-08,6.994236e+00,0.000000e+00,0.000000e+00,1.571169e-11,1.666595e+01,9.835266e-26,0.000000e+00,1.571606e-11,1.666595e+01,9.835266e-26,0.000000e+00
4.740250e-01,7.746571e-08,4.034327e+01,-1.723658e+00,0.000000e+00,-1.948248e+00,2.214000e-01,2.500000e-05,4.252465e+00,4.459573e+01,0.000000e+00,0.000000e+00,0.000000e+00,0.000000e+00,0.000000e+00,0.000000e+00,0.000000e+00,0.000000e+00,0.000000e+00,0.000000e+00,0.000000e+00,0.000000e+00,0.000000e+00,7.743425e-08,6.997206e+00,0.000000e+00,0.000000e+00,1.572575e-11,1.667303e+01,9.890424e-26,0.000000e+00,1.573011e-11,1.667303e+01,9.890424e-26,0.000000e+00
4.750250e-01,7.789787e-08,4.035974e+01,-1.728584e+00,0.000000e+00,-1.944589e+00,2.214000e-01,2.500000e-05,4.254201e+00,4.461394e+01,0.000000e+00,0.000000e+00,0.000000e+00,0.000000e+00,0.000000e+00,0.000000e+00,0.000000e+00,0.000000e+00,0.000000e+00,0.000000e+00,0.000000e+00,0.000000e+00,0.000000e+00,7.786639e-08,7.000063e+00,0.000000e+00,0.000000e+00,1.574111e-11,1.667984e+01,9.945627e-26,0.000000e+00,1.574050e-11,1.667984e+01,9.945627e-26,0.000000e+00
4.760250e-01,7.833038e-08,4.037557e+01,-1.733490e+00,0.000000e+00,-1.940901e+00,2.214000e-01,2.500000e-05,4.255869e+00,4.463144e+01,0.000000e+00,0.000000e+00,0.000000e+00,0.000000e+00,0.000000e+00,0.000000e+00,0.000000e+00,0.000000e+00,0.000000e+00,0.000000e+00,0.000000e+00,0.000000e+00,0.000000e+00,7.829887e-08,7.002809e+00,0.000000e+00,0.000000e+00,1.575585e-11,1.668638e+01,1.000088e-25,0.000000e+00,1.575355e-11,1.668638e+01,1.000088e-25,0.000000e+00
4.770250e-01,7.876321e-08,4.039075e+01,-1.738375e+00,0.000000e+00,-1.937184e+00,2.214000e-01,2.500000e-05,4.257470e+00,4.464822e+01,0.000000e+00,0.000000e+00,0.000000e+00,0.000000e+00,0.000000e+00,0.000000e+00,0.000000e+00,0.000000e+00,0.000000e+00,0.000000e+00,0.000000e+00,0.000000e+00,0.000000e+00,7.873168e-08,7.005442e+00,0.000000e+00,0.000000e+00,1.576350e-11,1.669266e+01,1.005617e-25,0.000000e+00,1.576833e-11,1.669266e+01,1.005617e-25,0.000000e+00
4.780250e-01,7.919635e-08,4.040529e+01,-1.743240e+00,0.000000e+00,-1.933439e+00,2.214000e-01,2.500000e-05,4.259003e+00,4.466430e+01,0.000000e+00,0.000000e+00,0.000000e+00,0.000000e+00,0.000000e+00,0.000000e+00,0.000000e+00,0.000000e+00,0.000000e+00,0.000000e+00,0.000000e+00,0.000000e+00,0.000000e+00,7.916481e-08,7.007964e+00,0.000000e+00,0.000000e+00,1.577305e-11,1.669866e+01,1.011150e-25,0.000000e+00,1.577538e-11,1.669866e+01,1.011150e-25,0.000000e+00
4.790250e-01,7.962981e-08,4.041919e+01,-1.748082e+00,0.000000e+00,-1.929665e+00,2.214000e-01,2.500000e-05,4.260468e+00,4.467966e+01,0.000000e+00,0.000000e+00,0.000000e+00,0.000000e+00,0.000000e+00,0.000000e+00,0.000000e+00,0.000000e+00,0.000000e+00,0.000000e+00,0.000000e+00,0.000000e+00,0.000000e+00,7.959824e-08,7.010374e+00,0.000000e+00,0.000000e+00,1.578737e-11,1.670441e+01,1.016687e-25,0.000000e+00,1.578448e-11,1.670441e+01,1.016687e-25,0.000000e+00
4.800250e-01,8.006356e-08,4.043244e+01,-1.752904e+00,0.000000e+00,-1.925864e+00,2.214000e-01,2.500000e-05,4.261864e+00,4.469430e+01,0.000000e+00,0.000000e+00,0.000000e+00,0.000000e+00,0.000000e+00,0.000000e+00,0.000000e+00,0.000000e+00,0.000000e+00,0.000000e+00,0.000000e+00,0.000000e+00,0.000000e+00,8.003197e-08,7.012672e+00,0.000000e+00,0.000000e+00,1.579721e-11,1.670988e+01,1.022227e-25,0.000000e+00,1.580002e-11,1.670988e+01,1.022227e-25,0.000000e+00
4.810250e-01,8.049759e-08,4.044504e+01,-1.757704e+00,0.000000e+00,-1.922034e+00,2.214000e-01,2.500000e-05,4.263193e+00,4.470823e+01,0.000000e+00,0.000000e+00,0.000000e+00,0.000000e+00,0.000000e+00,0.000000e+00,0.000000e+00,0.000000e+00,0.000000e+00,0.000000e+00,0.000000e+00,0.000000e+00,0.000000e+00,8.046597e-08,7.014858e+00,0.000000e+00,0.000000e+00,1.580653e-11,1.671509e+01,1.027772e-25,0.000000e+00,1.580903e-11,1.671509e+01,1.027771e-25,0.000000e+00
4.820250e-01,8.093186e-08,4.045700e+01,-1.762482e+00,0.000000e+00,-1.918176e+00,2.214000e-01,2.500000e-05,4.264453e+00,4.472145e+01,0.000000e+00,0.000000e+00,0.000000e+00,0.000000e+00,0.000000e+00,0.000000e+00,0.000000e+00,0.000000e+00,0.000000e+00,0.000000e+00,0.000000e+00,0.000000e+00,0.000000e+00,8.090023e-08,7.016932e+00,0.000000e+00,0.000000e+00,1.581680e-11,1.672003e+01,1.033319e-25,0.000000e+00,1.581793e-11,1.672003e+01,1.033319e-25,0.000000e+00
4.830250e-01,8.136639e-08,4.046831e+01,-1.767238e+00,0.000000e+00,-1.914291e+00,2.214000e-01,2.500000e-05,4.265646e+00,4.473396e+01,0.000000e+00,0.000000e+00,0.000000e+00,0.000000e+00,0.000000e+00,0.000000e+00,0.000000e+00,0.000000e+00,0.000000e+00,0.000000e+00,0.000000e+00,0.000000e+00,0.000000e+00,8.133475e-08,7.018894e+00,0.000000e+00,0.000000e+00,1.582463e-11,1.672471e+01,1.038870e-25,0.000000e+00,1.582718e-11,1.672471e+01,1.038870e-25,0.000000e+00
4.840250e-01,8.180116e-08,4.047897e+01,-1.771972e+00,0.000000e+00,-1.910378e+00,2.214000e-01,2.500000e-05,4.266769e+00,4.474574e+01,0.000000e+00,0.000000e+00,0.000000e+00,0.000000e+00,0.000000e+00,0.000000e+00,0.000000e+00,0.000000e+00,0.000000e+00,0.000000e+00,0.000000e+00,0.000000e+00,0.000000e+00,8.176949e-08,7.020743e+00,0.000000e+00,0.000000e+00,1.583455e-11,1.672911e+01,1.044424e-25,0.000000e+00,1.583211e-11,1.672911e+01,1.044424e-25,0.000000e+00
4.850250e-01,8.223614e-08,4.048899e+01,-1.776684e+00,0.000000e+00,-1.906437e+00,2.214000e-01,2.500000e-05,4.267825e+00,4.475682e+01,0.000000e+00,0.000000e+00,0.000000e+00,0.000000e+00,0.000000e+00,0.000000e+00,0.000000e+00,0.000000e+00,0.000000e+00,0.000000e+00,0.000000e+00,0.000000e+00,0.000000e+00,8.220447e-08,7.022481e+00,0.000000e+00,0.000000e+00,1.584172e-11,1.673326e+01,1.049981e-25,0.000000e+00,1.583923e-11,1.673326e+01,1.049980e-25,0.000000e+00
4.860250e-01,8.267133e-08,4.049836e+01,-1.781373e+00,0.000000e+00,-1.902469e+00,2.214000e-01,2.500000e-05,4.268813e+00,4.476717e+01,0.000000e+00,0.000000e+00,0.000000e+00,0.000000e+00,0.000000e+00,0.000000e+00,0.000000e+00,0.000000e+00,0.000000e+00,0.000000e+00,0.000000e+00,0.000000e+00,0.000000e+00,8.263964e-08,7.024106e+00,0.000000e+00,0.000000e+00,1.584564e-11,1.673713e+01,1.055540e-25,0.000000e+00,1.585070e-11,1.673713e+01,1.055540e-25,0.000000e+00
4.870250e-01,8.310673e-08,4.050708e+01,-1.786040e+00,0.000000e+00,-1.898474e+00,2.214000e-01,2.500000e-05,4.269732e+00,4.477682e+01,0.000000e+00,0.000000e+00,0.000000e+00,0.000000e+00,0.000000e+00,0.000000e+00,0.000000e+00,0.000000e+00,0.000000e+00,0.000000e+00,0.000000e+00,0.000000e+00,0.000000e+00,8.307502e-08,7.025619e+00,0.000000e+00,0.000000e+00,1.585861e-11,1.674073e+01,1.061102e-25,0.000000e+00,1.585543e-11,1.674073e+01,1.061102e-25,0.000000e+00
4.880250e-01,8.354230e-08,4.051516e+01,-1.790684e+00,0.000000e+00,-1.894452e+00,2.214000e-01,2.500000e-05,4.270584e+00,4.478574e+01,0.000000e+00,0.000000e+00,0.000000e+00,0.000000e+00,0.000000e+00,0.000000e+00,0.000000e+00,0.000000e+00,0.000000e+00,0.000000e+00,0.000000e+00,0.000000e+00,0.000000e+00,8.351057e-08,7.027019e+00,0.000000e+00,0.000000e+00,1.586009e-11,1.674407e+01,1.066666e-25,0.000000e+00,1.586280e-11,1.674407e+01,1.066666e-25,0.000000e+00
4.890250e-01,8.397803e-08,4.052259e+01,-1.795305e+00,0.000000e+00,-1.890403e+00,2.214000e-01,2.500000e-05,4.271366e+00,4.479395e+01,0.000000e+00,0.000000e+00,0.000000e+00,0.000000e+00,0.000000e+00,0.000000e+00,0.000000e+00,0.000000e+00,0.000000e+00,0.000000e+00,0.000000e+00,0.000000e+00,0.000000e+00,8.394629e-08,7.028307e+00,0.000000e+00,0.000000e+00,1.587051e-11,1.674714e+01,1.072232e-25,0.000000e+00,1.587106e-11,1.674714e+01,1.072232e-25,0.000000e+00
4.900250e-01,8.441391e-08,4.052937e+01,-1.799902e+00,0.000000e+00,-1.886327e+00,2.214000e-01,2.500000e-05,4.272081e+00,4.480145e+01,0.000000e+00,0.000000e+00,0.000000e+00,0.000000e+00,0.000000e+00,0.000000e+00,0.000000e+00,0.000000e+00,0.000000e+00,0.000000e+00,0.000000e+00,0.000000e+00,0.000000e+00,8.438217e-08,7.029483e+00,0.000000e+00,0.000000e+00,1.587465e-11,1.674994e+01,1.077800e-25,0.000000e+00,1.587343e-11,1.674994e+01,1.077800e-25,0.000000e+00
4.910250e-01,8.484994e-08,4.053550e+01,-1.804477e+00,0.000000e+00,-1.882225e+00,2.214000e-01,2.500000e-05,4.272727e+00,4.480822e+01,0.000000e+00,0.000000e+00,0.000000e+00,0.000000e+00,0.000000e+00,0.000000e+00,0.000000e+00,0.000000e+00,0.000000e+00,0.000000e+00,0.000000e+00,0.000000e+00,0.000000e+00,8.481818e-08,7.030547e+00,0.000000e+00,0.000000e+00,1.587936e-11,1.675247e+01,1.083370e-25,0.000000e+00,1.588124e-11,1.675247e+01,1.083370e-25,0.000000e+00
4.920250e-01,8.528608e-08,4.054098e+01,-1.809028e+00,0.000000e+00,-1.878096e+00,2.214000e-01,2.500000e-05,4.273305e+00,4.481428e+01,0.000000e+00,0.000000e+00,0.000000e+00,0.000000e+00,0.000000e+00,0.000000e+00,0.000000e+00,0.000000e+00,0.000000e+00,0.000000e+00,0.000000e+00,0.000000e+00,0.000000e+00,8.525431e-08,7.031497e+00,0.000000e+00,0.000000e+00,1.588449e-11,1.675474e+01,1.088942e-25,0.000000e+00,1.588151e-11,1.675474e+01,1.088942e-25,0.000000e+00
4.930250e-01,8.572233e-08,4.054581e+01,-1.813555e+00,0.000000e+00,-1.873941e+00,2.214000e-01,2.500000e-05,4.273815e+00,4.481963e+01,0.000000e+00,0.000000e+00,0.000000e+00,0.000000e+00,0.000000e+00,0.000000e+00,0.000000e+00,0.000000e+00,0.000000e+00,0.000000e+00,0.000000e+00,0.000000e+00,0.000000e+00,8.569055e-08,7.032336e+00,0.000000e+00,0.000000e+00,1.588529e-11,1.675674e+01,1.094515e-25,0.000000e+00,1.588809e-11,1.675674e+01,1.094515e-25,0.000000e+00
4.940250e-01,8.615868e-08,4.055000e+01,-1.818058e+00,0.000000e+00,-1.869760e+00,2.214000e-01,2.500000e-05,4.274256e+00,4.482425e+01,0.000000e+00,0.000000e+00,0.000000e+00,0.000000e+00,0.000000e+00,0.000000e+00,0.000000e+00,0.000000e+00,0.000000e+00,0.000000e+00,0.000000e+00,0.000000e+00,0.000000e+00,8.612690e-08,7.033062e+00,0.000000e+00,0.000000e+00,1.589046e-11,1.675847e+01,1.100089e-25,0.000000e+00,1.588823e-11,1.675847e+01,1.100089e-25,0.000000e+00
4.950250e-01,8.659511e-08,4.055353e+01,-1.822538e+00,0.000000e+00,-1.865553e+00,2.214000e-01,2.500000e-05,4.274629e+00,4.482816e+01,0.000000e+00,0.000000e+00,0.000000e+00,0.000000e+00,0.000000e+00,0.000000e+00,0.000000e+00,0.000000e+00,0.000000e+00,0.000000e+00,0.000000e+00,0.000000e+00,0.000000e+00,8.656333e-08,7.033675e+00,0.000000e+00,0.000000e+00,1.589383e-11,1.675993e+01,1.105664e-25,0.000000e+00,1.589315e-11,1.675993e+01,1.105664e-25,0.000000e+00
4.960250e-01,8.703161e-08,4.055642e+01,-1.826993e+00,0.000000e+00,-1.861320e+00,2.214000e-01,2.500000e-05,4.274933e+00,4.483135e+01,0.000000e+00,0.000000e+00,0.000000e+00,0.000000e+00,0.000000e+00,0.000000e+00,0.000000e+00,0.000000e+00,0.000000e+00,0.000000e+00,0.000000e+00,0.000000e+00,0.000000e+00,8.699981e-08,7.034176e+00,0.000000e+00,0.000000e+00,1.589283e-11,1.676112e+01,1.111240e-25,0.000000e+00,1.589799e-11,1.676112e+01,1.111240e-25,0.000000e+00
4.970250e-01,8.746816e-08,4.055866e+01,-1.831424e+00,0.000000e+00,-1.857062e+00,2.214000e-01,2.500000e-05,4.275169e+00,4.483383e+01,0.000000e+00,0.000000e+00,0.000000e+00,0.000000e+00,0.000000e+00,0.000000e+00,0.000000e+00,0.000000e+00,0.000000e+00,0.000000e+00,0.000000e+00,0.000000e+00,0.000000e+00,8.743637e-08,7.034564e+00,0.000000e+00,0.000000e+00,1.590192e-11,1.676205e+01,1.116817e-25,0.000000e+00,1.589377e-11,1.676205e+01,1.116817e-25,0.000000e+00
4.980250e-01,8.790475e-08,4.056025e+01,-1.835830e+00,0.000000e+00,-1.852778e+00,2.214000e-01,2.500000e-05,4.275336e+00,4.483559e+01,0.000000e+00,0.000000e+00,0.000000e+00,0.000000e+00,0.000000e+00,0.000000e+00,0.000000e+00,0.000000e+00,0.000000e+00,0.000000e+00,0.000000e+00,0.000000e+00,0.000000e+00,8.787296e-08,7.034840e+00,0.000000e+00,0.000000e+00,1.590090e-11,1.676270e+01,1.122395e-25,0.000000e+00,1.589763e-11,1.676270e+01,1.122395e-25,0.000000e+00
4.990250e-01,8.834137e-08,4.056119e+01,-1.840212e+00,0.000000e+00,-1.848469e+00,2.214000e-01,2.500000e-05,4.275435e+00,4.483663e+01,0.000000e+00,0.000000e+00,0.000000e+00,0.000000e+00,0.000000e+00,0.000000e+00,0.000000e+00,0.000000e+00,0.000000e+00,0.000000e+00,0.000000e+00,0.000000e+00,0.000000e+00,8.830957e-08,7.035003e+00,0.000000e+00,0.000000e+00,1.589771e-11,1.676309e+01,1.127972e-25,0.000000e+00,1.589971e-11,1.676309e+01,1.127972e-25,0.000000e+00
5.000250e-01,8.877800e-08,4.056148e+01,-1.844569e+00,0.000000e+00,-1.844134e+00,2.214000e-01,2.500000e-05,4.275466e+00,4.483695e+01,0.000000e+00,0.000000e+00,0.000000e+00,0.000000e+00,0.000000e+00,0.000000e+00,0.000000e+00,0.000000e+00,0.000000e+00,0.000000e+00,0.000000e+00,0.000000e+00,0.000000e+00,8.874620e-08,7.035054e+00,0.000000e+00,0.000000e+00,1.590052e-11,1.676321e+01,1.133550e-25,0.000000e+00,1.589977e-11,1.676321e+01,1.133550e-25,0.000000e+00
5.010250e-01,8.921463e-08,4.056113e+01,-1.848901e+00,0.000000e+00,-1.839775e+00,2.214000e-01,2.500000e-05,4.275429e+00,4.483656e+01,0.000000e+00,0.000000e+00,0.000000e+00,0.000000e+00,0.000000e+00,0.000000e+00,0.000000e+00,0.000000e+00,0.000000e+00,0.000000e+00,0.000000e+00,0.000000e+00,0.000000e+00,8.918283e-08,7.034992e+00,0.000000e+00,0.000000e+00,1.590047e-11,1.676307e+01,1.139128e-25,0.000000e+00,1.589914e-11,1.676307e+01,1.139128e-25,0.000000e+00
5.020250e-01,8.965124e-08,4.056012e+01,-1.853208e+00,0.000000e+00,-1.835391e+00,2.214000e-01,2.500000e-05,4.275323e+00,4.483544e+01,0.000000e+00,0.000000e+00,0.000000e+00,0.000000e+00,0.000000e+00,0.000000e+00,0.000000e+00,0.000000e+00,0.000000e+00,0.000000e+00,0.000000e+00,0.000000e+00,0.000000e+00,8.961944e-08,7.034817e+00,0.000000e+00,0.000000e+00,1.589995e-11,1.676265e+01,1.144706e-25,0.000000e+00,1.589901e-11,1.676265e+01,1.144706e-25,0.000000e+00
5.030250e-01,9.008782e-08,4.055846e+01,-1.857489e+00,0.000000e+00,-1.830982e+00,2.214000e-01,2.500000e-05,4.275148e+00,4.483361e+01,0.000000e+00,0.000000e+00,0.000000e+00,0.000000e+00,0.000000e+00,0.000000e+00,0.000000e+00,0.000000e+00,0.000000e+00,0.000000e+00,0.000000e+00,0.000000e+00,0.000000e+00,9.005603e-08,7.034530e+00,0.000000e+00,0.000000e+00,1.589603e-11,1.676197e+01,1.150283e-25,0.000000e+00,1.589934e-11,1.676197e+01,1.150283e-25,0.000000e+00
5.040250e-01,9.052436e-08,4.055616e+01,-1.861745e+00,0.000000e+00,-1.826549e+00,2.214000e-01,2.500000e-05,4.274906e+00,4.483107e+01,0.000000e+00,0.000000e+00,0.000000e+00,0.000000e+00,0.000000e+00,0.000000e+00,0.000000e+00,0.000000e+00,0.000000e+00,0.000000e+00,0.000000e+00,0.000000e+00,0.000000e+00,9.049256e-08,7.034131e+00,0.000000e+00,0.000000e+00,1.590024e-11,1.676101e+01,1.155860e-25,0.000000e+00,1.589446e-11,1.676101e+01,1.155860e-25,0.000000e+00
5.050250e-01,9.096083e-08,4.055321e+01,-1.865975e+00,0.000000e+00,-1.822091e+00,2.214000e-01,2.500000e-05,4.274594e+00,4.482780e+01,0.000000e+00,0.000000e+00,0.000000e+00,0.000000e+00,0.000000e+00,0.000000e+00,0.000000e+00,0.000000e+00,0.000000e+00,0.000000e+00,0.000000e+00,0.000000e+00,0.000000e+00,9.092905e-08,7.033619e+00,0.000000e+00,0.000000e+00,1.589387e-11,1.675979e+01,1.161436e-25,0.000000e+00,1.589219e-11,1.675979e+01,1.161436e-25,0.000000e+00
5.060250e-01,9.139725e-08,4.054961e+01,-1.870180e+00,0.000000e+00,-1.817609e+00,2.214000e-01,2.500000e-05,4.274215e+00,4.482382e+01,0.000000e+00,0.000000e+00,0.000000e+00,0.000000e+00,0.000000e+00,0.000000e+00,0.000000e+00,0.000000e+00,0.000000e+00,0.000000e+00,0.000000e+00,0.000000e+00,0.000000e+00,9.136546e-08,7.032994e+00,0.000000e+00,0.000000e+00,1.589162e-11,1.675831e+01,1.167012e-25,0.000000e+00,1.589088e-11,1.675831e+01,1.167012e-25,0.000000e+00
5.070250e-01,9.183356e-08,4.054536e+01,-1.874358e+00,0.000000e+00,-1.813103e+00,2.214000e-01,2.500000e-05,4.273767e+00,4.481912e+01,0.000000e+00,0.000000e+00,0.000000e+00,0.000000e+00,0.000000e+00,0.000000e+00,0.000000e+00,0.000000e+00,0.000000e+00,0.000000e+00,0.000000e+00,0.000000e+00,0.000000e+00,9.180179e-08,7.032257e+00,0.000000e+00,0.000000e+00,1.588711e-11,1.675655e+01,1.172586e-25,0.000000e+00,1.588732e-11,1.675655e+01,1.172586e-25,0.000000e+00
5.080250e-01,9.226979e-08,4.054046e+01,-1.878510e+00,0.000000e+00,-1.808574e+00,2.214000e-01,2.500000e-05,4.273250e+00,4.481371e+01,0.000000e+00,0.000000e+00,0.000000e+00,0.000000e+00,0.000000e+00,0.000000e+00,0.000000e+00,0.000000e+00,0.000000e+00,0.000000e+00,0.000000e+00,0.000000e+00,0.000000e+00,9.223802e-08,7.031407e+00,0.000000e+00,0.000000e+00,1.588231e-11,1.675453e+01,1.178159e-25,0.000000e+00,1.588547e-11,1.675452e+01,1.178159e-25,0.000000e+00
5.090250e-01,9.270590e-08,4.053491e+01,-1.882637e+00,0.000000e+00,-1.804021e+00,2.214000e-01,2.500000e-05,4.272666e+00,4.480758e+01,0.000000e+00,0.000000e+00,0.000000e+00,0.000000e+00,0.000000e+00,0.000000e+00,0.000000e+00,0.000000e+00,0.000000e+00,0.000000e+00,0.000000e+00,0.000000e+00,0.000000e+00,9.267414e-08,7.030445e+00,0.000000e+00,0.000000e+00,1.587994e-11,1.675223e+01,1.183730e-25,0.000000e+00,1.587915e-11,1.675223e+01,1.183730e-25,0.000000e+00
5.100250e-01,9.314187e-08,4.052872e+01,-1.886736e+00,0.000000e+00,-1.799444e+00,2.214000e-01,2.500000e-05,4.272013e+00,4.480073e+01,0.000000e+00,0.000000e+00,0.000000e+00,0.000000e+00,0.000000e+00,0.000000e+00,0.000000e+00,0.000000e+00,0.000000e+00,0.000000e+00,0.000000e+00,0.000000e+00,0.000000e+00,9.311012e-08,7.029371e+00,0.000000e+00,0.000000e+00,1.587246e-11,1.674967e+01,1.189300e-25,0.000000e+00,1.587484e-11,1.674967e+01,1.189300e-25,0.000000e+00
5.110250e-01,9.357772e-08,4.052187e+01,-1.890809e+00,0.000000e+00,-1.794844e+00,2.214000e-01,2.500000e-05,4.271291e+00,4.479316e+01,0.000000e+00,0.000000e+00,0.000000e+00,0.000000e+00,0.000000e+00,0.000000e+00,0.000000e+00,0.000000e+00,0.000000e+00,0.000000e+00,0.000000e+00,0.000000e+00,0.000000e+00,9.354598e-08,7.028183e+00,0.000000e+00,0.000000e+00,1.587298e-11,1.674684e+01,1.194868e-25,0.000000e+00,1.587147e-11,1.674684e+01,1.194868e-25,0.000000e+00
5.120250e-01,9.401340e-08,4.051438e+01,-1.894855e+00,0.000000e+00,-1.790220e+00,2.214000e-01,2.500000e-05,4.270502e+00,4.478488e+01,0.000000e+00,0.000000e+00,0.000000e+00,0.000000e+00,0.000000e+00,0.000000e+00,0.000000e+00,0.000000e+00,0.000000e+00,0.000000e+00,0.000000e+00,0.000000e+00,0.000000e+00,9.398167e-08,7.026884e+00,0.000000e+00,0.000000e+00,1.586534e-11,1.674375e+01,1.200434e-25,0.000000e+00,1.586184e-11,1.674375e+01,1.200434e-25,0.000000e+00
5.130250e-01,9.444891e-08,4.050624e+01,-1.898875e+00,0.000000e+00,-1.785574e+00,2.214000e-01,2.500000e-05,4.269643e+00,4.477588e+01,0.000000e+00,0.000000e+00,0.000000e+00,0.000000e+00,0.000000e+00,0.000000e+00,0.000000e+00,0.000000e+00,0.000000e+00,0.000000e+00,0.000000e+00,0.000000e+00,0.000000e+00,9.441720e-08,7.025473e+00,0.000000e+00,0.000000e+00,1.585670e-11,1.674038e+01,1.205998e-25,0.000000e+00,1.585923e-11,1.674038e+01,1.205998e-25,0.000000e+00
5.140250e-01,9.488424e-08,4.049745e+01,-1.902867e+00,0.000000e+00,-1.780905e+00,2.214000e-01,2.500000e-05,4.268717e+00,4.476617e+01,0.000000e+00,0.000000e+00,0.000000e+00,0.000000e+00,0.000000e+00,0.000000e+00,0.000000e+00,0.000000e+00,0.000000e+00,0.000000e+00,0.000000e+00,0.000000e+00,0.000000e+00,9.485254e-08,7.023948e+00,0.000000e+00,0.000000e+00,1.585019e-11,1.673675e+01,1.211559e-25,0.000000e+00,1.584862e-11,1.673675e+01,1.211559e-25,0.000000e+00
5.150250e-01,9.531938e-08,4.048802e+01,-1.906832e+00,0.000000e+00,-1.776214e+00,2.214000e-01,2.500000e-05,4.267723e+00,4.475574e+01,0.000000e+00,0.000000e+00,0.000000e+00,0.000000e+00,0.000000e+00,0.000000e+00,0.000000e+00,0.000000e+00,0.000000e+00,0.000000e+00,0.000000e+00,0.000000e+00,0.000000e+00,9.528769e-08,7.022312e+00,0.000000e+00,0.000000e+00,1.584360e-11,1.673285e+01,1.217119e-25,0.000000e+00,1.584295e-11,1.673285e+01,1.217119e-25,0.000000e+00
5.160250e-01,9.575430e-08,4.047794e+01,-1.910770e+00,0.000000e+00,-1.771500e+00,2.214000e-01,2.500000e-05,4.266660e+00,4.474460e+01,0.000000e+00,0.000000e+00,0.000000e+00,0.000000e+00,0.000000e+00,0.000000e+00,0.000000e+00,0.000000e+00,0.000000e+00,0.000000e+00,0.000000e+00,0.000000e+00,0.000000e+00,9.572263e-08,7.020564e+00,0.000000e+00,0.000000e+00,1.583490e-11,1.672869e+01,1.222675e-25,0.000000e+00,1.583588e-11,1.672869e+01,1.222675e-25,0.000000e+00
5.170250e-01,9.618900e-08,4.046721e+01,-1.914681e+00,0.000000e+00,-1.766763e+00,2.214000e-01,2.500000e-05,4.265529e+00,4.473274e+01,0.000000e+00,0.000000e+00,0.000000e+00,0.000000e+00,0.000000e+00,0.000000e+00,0.000000e+00,0.000000e+00,0.000000e+00,0.000000e+00,0.000000e+00,0.000000e+00,0.000000e+00,9.615734e-08,7.018703e+00,0.000000e+00,0.000000e+00,1.582937e-11,1.672425e+01,1.228228e-25,0.000000e+00,1.582491e-11,1.672425e+01,1.228229e-25,0.000000e+00
5.180250e-01,9.662345e-08,4.045583e+01,-1.918563e+00,0.000000e+00,-1.762005e+00,2.214000e-01,2.500000e-05,4.264330e+00,4.472016e+01,0.000000e+00,0.000000e+00,0.000000e+00,0.000000e+00,0.000000e+00,0.000000e+00,0.000000e+00,0.000000e+00,0.000000e+00,0.000000e+00,0.000000e+00,0.000000e+00,0.000000e+00,9.659182e-08,7.016729e+00,0.000000e+00,0.000000e+00,1.581894e-11,1.671955e+01,1.233779e-25,0.000000e+00,1.581879e-11,1.671955e+01,1.233779e-25,0.000000e+00
5.190250e-01,9.705766e-08,4.044381e+01,-1.922418e+00,0.000000e+00,-1.757225e+00,2.214000e-01,2.500000e-05,4.263063e+00,4.470687e+01,0.000000e+00,0.000000e+00,0.000000e+00,0.000000e+00,0.000000e+00,0.000000e+00,0.000000e+00,0.000000e+00,0.000000e+00,0.000000e+00,0.000000e+00,0.000000e+00,0.000000e+00,9.702604e-08,7.014645e+00,0.000000e+00,0.000000e+00,1.581058e-11,1.671458e+01,1.239326e-25,0.000000e+00,1.580795e-11,1.671458e+01,1.239326e-25,0.000000e+00
5.200250e-01,9.749160e-08,4.043114e+01,-1.926245e+00,0.000000e+00,-1.752423e+00,2.214000e-01,2.500000e-05,4.261727e+00,4.469287e+01,0.000000e+00,0.000000e+00,0.000000e+00,0.000000e+00,0.000000e+00,0.000000e+00,0.000000e+00,0.000000e+00,0.000000e+00,0.000000e+00,0.000000e+00,0.000000e+00,0.000000e+00,9.746000e-08,7.012447e+00,0.000000e+00,0.000000e+00,1.580157e-11,1.670935e+01,1.244870e-25,0.000000e+00,1.579761e-11,1.670935e+01,1.244870e-25,0.000000e+00
5.210250e-01,9.792525e-08,4.041783e+01,-1.930044e+00,0.000000e+00,-1.747599e+00,2.214000e-01,2.500000e-05,4.260324e+00,4.467815e+01,0.000000e+00,0.000000e+00,0.000000e+00,0.000000e+00,0.000000e+00,0.000000e+00,0.000000e+00,0.000000e+00,0.000000e+00,0.000000e+00,0.000000e+00,0.000000e+00,0.000000e+00,9.789368e-08,7.010138e+00,0.000000e+00,0.000000e+00,1.578555e-11,1.670384e+01,1.250411e-25,0.000000e+00,1.578995e-11,1.670384e+01,1.250411e-25,0.000000e+00
5.220250e-01,9.835862e-08,4.040387e+01,-1.933815e+00,0.000000e+00,-1.742754e+00,2.214000e-01,2.500000e-05,4.258852e+00,4.466272e+01,0.000000e+00,0.000000e+00,0.000000e+00,0.000000e+00,0.000000e+00,0.000000e+00,0.000000e+00,0.000000e+00,0.000000e+00,0.000000e+00,0.000000e+00,0.000000e+00,0.000000e+00,9.832706e-08,7.007717e+00,0.000000e+00,0.000000e+00,1.577606e-11,1.669808e+01,1.255947e-25,0.000000e+00,1.577735e-11,1.669807e+01,1.255947e-25,0.000000e+00
5.230250e-01,9.879168e-08,4.038926e+01,-1.937557e+00,0.000000e+00,-1.737888e+00,2.214000e-01,2.500000e-05,4.257313e+00,4.464658e+01,0.000000e+00,0.000000e+00,0.000000e+00,0.000000e+00,0.000000e+00,0.000000e+00,0.000000e+00,0.000000e+00,0.000000e+00,0.000000e+00,0.000000e+00,0.000000e+00,0.000000e+00,9.876015e-08,7.005184e+00,0.000000e+00,0.000000e+00,1.576820e-11,1.669204e+01,1.261480e-25,0.000000e+00,1.576563e-11,1.669204e+01,1.261480e-25,0.000000e+00
5.240250e-01,9.922442e-08,4.037402e+01,-1.941271e+00,0.000000e+00,-1.733001e+00,2.214000e-01,2.500000e-05,4.255706e+00,4.462972e+01,0.000000e+00,0.000000e+00,0.000000e+00,0.000000e+00,0.000000e+00,0.000000e+00,0.000000e+00,0.000000e+00,0.000000e+00,0.000000e+00,0.000000e+00,0.000000e+00,0.000000e+00,9.919290e-08,7.002539e+00,0.000000e+00,0.000000e+00,1.575625e-11,1.668574e+01,1.267009e-25,0.000000e+00,1.575684e-11,1.668574e+01,1.267009e-25,0.000000e+00
5.250000e-01,9.959144e-08,4.035893e+01,-1.944772e+00,0.000000e+00,-1.728338e+00,2.214000e-01,2.500000e-05,4.254116e+00,4.461304e+01,0.000000e+00,0.000000e+00,0.000000e+00,0.000000e+00,0.000000e+00,0.000000e+00,0.000000e+00,0.000000e+00,0.000000e+00,0.000000e+00,0.000000e+00,0.000000e+00,0.000000e+00,9.959142e-08,7.000063e+00,0.000000e+00,0.000000e+00,9.718821e-15,1.667984e+01,1.272285e-25,0.000000e+00,9.714579e-15,1.667984e+01,1.272285e-25,0.000000e+00
5.260000e-01,1.000235e-07,4.034242e+01,-1.948430e+00,0.000000e+00,-1.723411e+00,2.214000e-01,2.500000e-05,4.252376e+00,4.459480e+01,0.000000e+00,0.000000e+00,0.000000e+00,0.000000e+00,0.000000e+00,0.000000e+00,0.000000e+00,0.000000e+00,0.000000e+00,0.000000e+00,0.000000e+00,0.000000e+00,0.000000e+00,1.000235e-07,6.997206e+00,0.000000e+00,0.000000e+00,9.815421e-15,1.667303e+01,1.277805e-25,0.000000e+00,9.794632e-15,1.667303e+01,1.277805e-25,0.000000e+00
5.270000e-01,1.004553e-07,4.032527e+01,-1.952059e+00,0.000000e+00,-1.718463e+00,2.214000e-01,2.500000e-05,4.250568e+00,4.457584e+01,0.000000e+00,0.000000e+00,0.000000e+00,0.000000e+00,0.000000e+00,0.000000e+00,0.000000e+00,0.000000e+00,0.000000e+00,0.000000e+00,0.000000e+00,0.000000e+00,0.000000e+00,1.004553e-07,6.994236e+00,0.000000e+00,0.000000e+00,9.901256e-15,1.666595e+01,1.283320e-25,0.000000e+00,9.819579e-15,1.666595e+01,1.283320e-25,0.000000e+00
5.280000e-01,1.008867e-07,4.030748e+01,-1.955659e+00,0.000000e+00,-1.713494e+00,2.214000e-01,2.500000e-05,4.248693e+00,4.455617e+01,0.000000e+00,0.000000e+00,0.000000e+00,0.000000e+00,0.000000e+00,0.000000e+00,0.000000e+00,0.000000e+00,0.000000e+00,0.000000e+00,0.000000e+00,0.000000e+00,0.000000e+00,1.008866e-07,6.991156e+00,0.000000e+00,0.000000e+00,9.947931e-15,1.665862e+01,1.288831e-25,0.000000e+00,9.991698e-15,1.665862e+01,1.288831e-25,0.000000e+00
5.290000e-01,1.013176e-07,4.028904e+01,-1.959229e+00,0.000000e+00,-1.708506e+00,2.214000e-01,2.500000e-05,4.246749e+00,4.453579e+01,0.000000e+00,0.000000e+00,0.000000e+00,0.000000e+00,0.000000e+00,0.000000e+00,0.000000e+00,0.000000e+00,0.000000e+00,0.000000e+00,0.000000e+00,0.000000e+00,0.000000e+00,1.013176e-07,6.987964e+00,0.000000e+00,0.000000e+00,1.007166e-14,1.665101e+01,1.294337e-25,0.000000e+00,1.004522e-14,1.665101e+01,1.294337e-25,0.000000e+00
5.300000e-01,1.017482e-07,4.026997e+01,-1.962771e+00,0.000000e+00,-1.703497e+00,2.214000e-01,2.500000e-05,4.244739e+00,4.451471e+01,0.000000e+00,0.000000e+00,0.000000e+00,0.000000e+00,0.000000e+00,0.000000e+00,0.000000e+00,0.000000e+00,0.000000e+00,0.000000e+00,0.000000e+00,0.000000e+00,0.000000e+00,1.017482e-07,6.984661e+00,0.000000e+00,0.000000e+00,1.015120e-14,1.664314e+01,1.299838e-25,0.000000e+00,1.014388e-14,1.664314e+01,1.299838e-25,0.000000e+00
5.310000e-01,1.021784e-07,4.025024e+01,-1.966282e+00,0.000000e+00,-1.698469e+00,2.214000e-01,2.500000e-05,4.242660e+00,4.449290e+01,0.000000e+00,0.000000e+00,0.000000e+00,0.000000e+00,0.000000e+00,0.000000e+00,0.000000e+00,0.000000e+00,0.000000e+00,0.000000e+00,0.000000e+00,0.000000e+00,0.000000e+00,1.021784e-07,6.981246e+00,0.000000e+00,0.000000e+00,1.021477e-14,1.663500e+01,1.305333e-25,0.000000e+00,1.024902e-14,1.663500e+01,1.305333e-25,0.000000e+00
5.320000e-01,1.026081e-07,4.022989e+01,-1.969765e+00,0.000000e+00,-1.693421e+00,2.214000e-01,2.500000e-05,4.240513e+00,4.447040e+01,0.000000e+00,0.000000e+00,0.000000e+00,0.000000e+00,0.000000e+00,0.000000e+00,0.000000e+00,0.000000e+00,0.000000e+00,0.000000e+00,0.000000e+00,0.000000e+00,0.000000e+00,1.026081e-07,6.977720e+00,0.000000e+00,0.000000e+00,1.032572e-14,1.662660e+01,1.310823e-25,0.000000e+00,1.029872e-14,1.662660e+01,1.310823e-25,0.000000e+00
5.330000e-01,1.030374e-07,4.020888e+01,-1.973217e+00,0.000000e+00,-1.688354e+00,2.214000e-01,2.500000e-05,4.238300e+00,4.444718e+01,0.000000e+00,0.000000e+00,0.000000e+00,0.000000e+00,0.000000e+00,0.000000e+00,0.000000e+00,0.000000e+00,0.000000e+00,0.000000e+00,0.000000e+00,0.000000e+00,0.000000e+00,1.030374e-07,6.974083e+00,0.000000e+00,0.000000e+00,1.039538e-14,1.661793e+01,1.316307e-25,0.000000e+00,1.039847e-14,1.661793e+01,1.316307e-25,0.000000e+00
5.340000e-01,1.034663e-07,4.018724e+01,-1.976640e+00,0.000000e+00,-1.683268e+00,2.214000e-01,2.500000e-05,4.236018e+00,4.442326e+01,0.000000e+00,0.000000e+00,0.000000e+00,0.000000e+00,0.000000e+00,0.000000e+00,0.000000e+00,0.000000e+00,0.000000e+00,0.000000e+00,0.000000e+00,0.000000e+00,0.000000e+00,1.034663e-07,6.970335e+00,0.000000e+00,0.000000e+00,1.041803e-14,1.660900e+01,1.321786e-25,0.000000e+00,1.043622e-14,1.660900e+01,1.321786e-25,0.000000e+00
5.350000e-01,1.038946e-07,4.016496e+01,-1.980032e+00,0.000000e+00,-1.678163e+00,2.214000e-01,2.500000e-05,4.233669e+00,4.439862e+01,0.000000e+00,0.000000e+00,0.000000e+00,0.000000e+00,0.000000e+00,0.000000e+00,0.000000e+00,0.000000e+00,0.000000e+00,0.000000e+00,0.000000e+00,0.000000e+00,0.000000e+00,1.038946e-07,6.966475e+00,0.000000e+00,0.000000e+00,1.049481e-14,1.659980e+01,1.327258e-25,0.000000e+00,1.054729e-14,1.659980e+01,1.327258e-25,0.000000e+00
5.360000e-01,1.043225e-07,4.014203e+01,-1.983395e+00,0.000000e+00,-1.673039e+00,2.214000e-01,2.500000e-05,4.231253e+00,4.437328e+01,0.000000e+00,0.000000e+00,0.000000e+00,0.000000e+00,0.000000e+00,0.000000e+00,0.000000e+00,0.000000e+00,0.000000e+00,0.000000e+00,0.000000e+00,0.000000e+00,0.000000e+00,1.043225e-07,6.962505e+00,0.000000e+00,0.000000e+00,1.064084e-14,1.659034e+01,1.332724e-25,0.000000e+00,1.063172e-14,1.659034e+01,1.332724e-25,0.000000e+00
5.370000e-01,1.047499e-07,4.011847e+01,-1.986727e+00,0.000000e+00,-1.667896e+00,2.214000e-01,2.500000e-05,4.228770e+00,4.434724e+01,0.000000e+00,0.000000e+00,0.000000e+00,0.000000e+00,0.000000e+00,0.000000e+00,0.000000e+00,0.000000e+00,0.000000e+00,0.000000e+00,0.000000e+00,0.000000e+00,0.000000e+00,1.047499e-07,6.958424e+00,0.000000e+00,0.000000e+00,1.067548e-14,1.658062e+01,1.338184e-25,0.000000e+00,1.070785e-14,1.658062e+01,1.338184e-25,0.000000e+00
5.380000e-01,1.051768e-07,4.009427e+01,-1.990029e+00,0.000000e+00,-1.662735e+00,2.214000e-01,2.500000e-05,4.226219e+00,4.432049e+01,0.000000e+00,0.000000e+00,0.000000e+00,0.000000e+00,0.000000e+00,0.000000e+00,0.000000e+00,0.000000e+00,0.000000e+00,0.000000e+00,0.000000e+00,0.000000e+00,0.000000e+00,1.051768e-07,6.954232e+00,0.000000e+00,0.000000e+00,1.077608e-14,1.657063e+01,1.343638e-25,0.000000e+00,1.079649e-14,1.657063e+01,1.343638e-25,0.000000e+00
5.390000e-01,1.056032e-07,4.006943e+01,-1.993300e+00,0.000000e+00,-1.657556e+00,2.214000e-01,2.500000e-05,4.223601e+00,4.429303e+01,0.000000e+00,0.000000e+00,0.000000e+00,0.000000e+00,0.000000e+00,0.000000e+00,0.000000e+00,0.000000e+00,0.000000e+00,0.000000e+00,0.000000e+00,0.000000e+00,0.000000e+00,1.056032e-07,6.949930e+00,0.000000e+00,0.000000e+00,1.082104e-14,1.656038e+01,1.349085e-25,0.000000e+00,1.079784e-14,1.656038e+01,1.349085e-25,0.000000e+00
5.400000e-01,1.060290e-07,4.004396e+01,-1.996541e+00,0.000000e+00,-1.652359e+00,2.214000e-01,2.500000e-05,4.220915e+00,4.426487e+01,0.000000e+00,0.000000e+00,0.000000e+00,0.000000e+00,0.000000e+00,0.000000e+00,0.000000e+00,0.000000e+00,0.000000e+00,0.000000e+00,0.000000e+00,0.000000e+00,0.000000e+00,1.060290e-07,6.945517e+00,0.000000e+00,0.000000e+00,1.089423e-14,1.654986e+01,1.354525e-25,0.000000e+00,1.088961e-14,1.654986e+01,1.354525e-25,0.000000e+00
5.410000e-01,1.064543e-07,4.001785e+01,-1.999751e+00,0.000000e+00,-1.647143e+00,2.214000e-01,2.500000e-05,4.218163e+00,4.423601e+01,0.000000e+00,0.000000e+00,0.000000e+00,0.000000e+00,0.000000e+00,0.000000e+00,0.000000e+00,0.000000e+00,0.000000e+00,0.000000e+00,0.000000e+00,0.000000e+00,0.000000e+00,1.064543e-07,6.940994e+00,0.000000e+00,0.000000e+00,1.097063e-14,1.653909e+01,1.359958e-25,0.000000e+00,1.102246e-14,1.653909e+01,1.359958e-25,0.000000e+00
5.420000e-01,1.068790e-07,3.999110e+01,-2.002930e+00,0.000000e+00,-1.641910e+00,2.214000e-01,2.500000e-05,4.215344e+00,4.420644e+01,0.000000e+00,0.000000e+00,0.000000e+00,0.000000e+00,0.000000e+00,0.000000e+00,0.000000e+00,0.000000e+00,0.000000e+00,0.000000e+00,0.000000e+00,0.000000e+00,0.000000e+00,1.068790e-07,6.936360e+00,0.000000e+00,0.000000e+00,1.104959e-14,1.652805e+01,1.365384e-25,0.000000e+00,1.109797e-14,1.652805e+01,1.365384e-25,0.000000e+00
5.430000e-01,1.073032e-07,3.996371e+01,-2.006078e+00,0.000000e+00,-1.636660e+00,2.214000e-01,2.500000e-05,4.212458e+00,4.417617e+01,0.000000e+00,0.000000e+00,0.000000e+00,0.000000e+00,0.000000e+00,0.000000e+00,0.000000e+00,0.000000e+00,0.000000e+00,0.000000e+00,0.000000e+00,0.000000e+00,0.000000e+00,1.073032e-07,6.931616e+00,0.000000e+00,0.000000e+00,1.118668e-14,1.651674e+01,1.370802e-25,0.000000e+00,1.116771e-14,1.651674e+01,1.370802e-25,0.000000e+00
5.440000e-01,1.077267e-07,3.993570e+01,-2.009195e+00,0.000000e+00,-1.631393e+00,2.214000e-01,2.500000e-05,4.209504e+00,4.414520e+01,0.000000e+00,0.000000e+00,0.000000e+00,0.000000e+00,0.000000e+00,0.000000e+00,0.000000e+00,0.000000e+00,0.000000e+00,0.000000e+00,0.000000e+00,0.000000e+00,0.000000e+00,1.077267e-07,6.926763e+00,0.000000e+00,0.000000e+00,1.121327e-14,1.650518e+01,1.376213e-25,0.000000e+00,1.122686e-14,1.650518e+01,1.376213e-25,0.000000e+00
5.450000e-01,1.081497e-07,3.990705e+01,-2.012281e+00,0.000000e+00,-1.626108e+00,2.214000e-01,2.500000e-05,4.206484e+00,4.411353e+01,0.000000e+00,0.000000e+00,0.000000e+00,0.000000e+00,0.000000e+00,0.000000e+00,0.000000e+00,0.000000e+00,0.000000e+00,0.000000e+00,0.000000e+00,0.000000e+00,0.000000e+00,1.081497e-07,6.921799e+00,0.000000e+00,0.000000e+00,1.136733e-14,1.649335e+01,1.381616e-25,0.000000e+00,1.136258e-14,1.649335e+01,1.381616e-25,0.000000e+00
5.460000e-01,1.085720e-07,3.987776e+01,-2.015335e+00,0.000000e+00,-1.620806e+00,2.214000e-01,2.500000e-05,4.203398e+00,4.408116e+01,0.000000e+00,0.000000e+00,0.000000e+00,0.000000e+00,0.000000e+00,0.000000e+00,0.000000e+00,0.000000e+00,0.000000e+00,0.000000e+00,0.000000e+00,0.000000e+00,0.000000e+00,1.085720e-07,6.916725e+00,0.000000e+00,0.000000e+00,1.137654e-14,1.648126e+01,1.387012e-25,0.000000e+00,1.142995e-14,1.648126e+01,1.387012e-25,0.000000e+00
5.470000e-01,1.089938e-07,3.984785e+01,-2.018358e+00,0.000000e+00,-1.615488e+00,2.214000e-01,2.500000e-05,4.200244e+00,4.404809e+01,0.000000e+00,0.000000e+00,0.000000e+00,0.000000e+00,0.000000e+00,0.000000e+00,0.000000e+00,0.000000e+00,0.000000e+00,0.000000e+00,0.000000e+00,0.000000e+00,0.000000e+00,1.089937e-07,6.911542e+00,0.000000e+00,0.000000e+00,1.146637e-14,1.646891e+01,1.392399e-25,0.000000e+00,1.146158e-14,1.646891e+01,1.392399e-25,0.000000e+00
5.480000e-01,1.094148e-07,3.981730e+01,-2.021349e+00,0.000000e+00,-1.610154e+00,2.214000e-01,2.500000e-05,4.197024e+00,4.401432e+01,0.000000e+00,0.000000e+00,0.000000e+00,0.000000e+00,0.000000e+00,0.000000e+00,0.000000e+00,0.000000e+00,0.000000e+00,0.000000e+00,0.000000e+00,0.000000e+00,0.000000e+00,1.094148e-07,6.906249e+00,0.000000e+00,0.000000e+00,1.161034e-14,1.645630e+01,1.397779e-25,0.000000e+00,1.156145e-14,1.645630e+01,1.397779e-25,0.000000e+00
5.490000e-01,1.098353e-07,3.978612e+01,-2.024309e+00,0.000000e+00,-1.604803e+00,2.214000e-01,2.500000e-05,4.193738e+00,4.397986e+01,0.000000e+00,0.000000e+00,0.000000e+00,0.000000e+00,0.000000e+00,0.000000e+00,0.000000e+00,0.000000e+00,0.000000e+00,0.000000e+00,0.000000e+00,0.000000e+00,0.000000e+00,1.098352e-07,6.900846e+00,0.000000e+00,0.000000e+00,1.165536e-14,1.644342e+01,1.403149e-25,0.000000e+00,1.165050e-14,1.644342e+01,1.403149e-25,0.000000e+00
5.500000e-01,1.102550e-07,3.975431e+01,-2.027236e+00,0.000000e+00,-1.599436e+00,2.214000e-01,2.500000e-05,4.190384e+00,4.394469e+01,0.000000e+00,0.000000e+00,0.000000e+00,0.000000e+00,0.000000e+00,0.000000e+00,0.000000e+00,0.000000e+00,0.000000e+00,0.000000e+00,0.000000e+00,0.000000e+00,0.000000e+00,1.102550e-07,6.895335e+00,0.000000e+00,0.000000e+00,1.167809e-14,1.643029e+01,1.408512e-25,0.000000e+00,1.176686e-14,1.643029e+01,1.408512e-25,0.000000e+00
5.510000e-01,1.106741e-07,3.972187e+01,-2.030132e+00,0.000000e+00,-1.594053e+00,2.214000e-01,2.500000e-05,4.186965e+00,4.390884e+01,0.000000e+00,0.000000e+00,0.000000e+00,0.000000e+00,0.000000e+00,0.000000e+00,0.000000e+00,0.000000e+00,0.000000e+00,0.000000e+00,0.000000e+00,0.000000e+00,0.000000e+00,1.106741e-07,6.889714e+00,0.000000e+00,0.000000e+00,1.182348e-14,1.641690e+01,1.413866e-25,0.000000e+00,1.175457e-14,1.641690e+01,1.413866e-25,0.000000e+00
5.520000e-01,1.110925e-07,3.968880e+01,-2.032996e+00,0.000000e+00,-1.588654e+00,2.214000e-01,2.500000e-05,4.183480e+00,4.387228e+01,0.000000e+00,0.000000e+00,0.000000e+00,0.000000e+00,0.000000e+00,0.000000e+00,0.000000e+00,0.000000e+00,0.000000e+00,0.000000e+00,0.000000e+00,0.000000e+00,0.000000e+00,1.110925e-07,6.883984e+00,0.000000e+00,0.000000e+00,1.196061e-14,1.640324e+01,1.419211e-25,0.000000e+00,1.190645e-14,1.640324e+01,1.419211e-25,0.000000e+00
5.530000e-01,1.115102e-07,3.965511e+01,-2.035828e+00,0.000000e+00,-1.583240e+00,2.214000e-01,2.500000e-05,4.179928e+00,4.383503e+01,0.000000e+00,0.000000e+00,0.000000e+00,0.000000e+00,0.000000e+00,0.000000e+00,0.000000e+00,0.000000e+00,0.000000e+00,0.000000e+00,0.000000e+00,0.000000e+00,0.000000e+00,1.115102e-07,6.878145e+00,0.000000e+00,0.000000e+00,1.194790e-14,1.638933e+01,1.424547e-25,0.000000e+00,1.199823e-14,1.638933e+01,1.424547e-25,0.000000e+00
5.540000e-01,1.119272e-07,3.962078e+01,-2.038627e+00,0.000000e+00,-1.577810e+00,2.214000e-01,2.500000e-05,4.176310e+00,4.379709e+01,0.000000e+00,0.000000e+00,0.000000e+00,0.000000e+00,0.000000e+00,0.000000e+00,0.000000e+00,0.000000e+00,0.000000e+00,0.000000e+00,0.000000e+00,0.000000e+00,0.000000e+00,1.119272e-07,6.872198e+00,0.000000e+00,0.000000e+00,1.209801e-14,1.637516e+01,1.429874e-25,0.000000e+00,1.203851e-14,1.637516e+01,1.429874e-25,0.000000e+00
5.550000e-01,1.123434e-07,3.958583e+01,-2.041394e+00,0.000000e+00,-1.572366e+00,2.214000e-01,2.500000e-05,4.172626e+00,4.375846e+01,0.000000e+00,0.000000e+00,0.000000e+00,0.000000e+00,0.000000e+00,0.000000e+00,0.000000e+00,0.000000e+00,0.000000e+00,0.000000e+00,0.000000e+00,0.000000e+00,0.000000e+00,1.123434e-07,6.866141e+00,0.000000e+00,0.000000e+00,1.209827e-14,1.636073e+01,1.435191e-25,0.000000e+00,1.215416e-14,1.636073e+01,1.435191e-25,0.000000e+00
5.560000e-01,1.127589e-07,3.955026e+01,-2.044128e+00,0.000000e+00,-1.566906e+00,2.214000e-01,2.500000e-05,4.168876e+00,4.371914e+01,0.000000e+00,0.000000e+00,0.000000e+00,0.000000e+00,0.000000e+00,0.000000e+00,0.000000e+00,0.000000e+00,0.000000e+00,0.000000e+00,0.000000e+00,0.000000e+00,0.000000e+00,1.127589e-07,6.859977e+00,0.000000e+00,0.000000e+00,1.227916e-14,1.634604e+01,1.440499e-25,0.000000e+00,1.220947e-14,1.634604e+01,1.440499e-25,0.000000e+00
5.570000e-01,1.131737e-07,3.951406e+01,-2.046830e+00,0.000000e+00,-1.561432e+00,2.214000e-01,2.500000e-05,4.165061e+00,4.367912e+01,0.000000e+00,0.000000e+00,0.000000e+00,0.000000e+00,0.000000e+00,0.000000e+00,0.000000e+00,0.000000e+00,0.000000e+00,0.000000e+00,0.000000e+00,0.000000e+00,0.000000e+00,1.131737e-07,6.853703e+00,0.000000e+00,0.000000e+00,1.227346e-14,1.633109e+01,1.445798e-25,0.000000e+00,1.234887e-14,1.633109e+01,1.445798e-25,0.000000e+00
5.580000e-01,1.135877e-07,3.947724e+01,-2.049500e+00,0.000000e+00,-1.555944e+00,2.214000e-01,2.500000e-05,4.161179e+00,4.363842e+01,0.000000e+00,0.000000e+00,0.000000e+00,0.000000e+00,0.000000e+00,0.000000e+00,0.000000e+00,0.000000e+00,0.000000e+00,0.000000e+00,0.000000e+00,0.000000e+00,0.000000e+00,1.135877e-07,6.847322e+00,0.000000e+00,0.000000e+00,1.240544e-14,1.631589e+01,1.451086e-25,0.000000e+00,1.241068e-14,1.631589e+01,1.451086e-25,0.000000e+00
5.590000e-01,1.140009e-07,3.943979e+01,-2.052136e+00,0.000000e+00,-1.550441e+00,2.214000e-01,2.500000e-05,4.157232e+00,4.359702e+01,0.000000e+00,0.000000e+00,0.000000e+00,0.000000e+00,0.000000e+00,0.000000e+00,0.000000e+00,0.000000e+00,0.000000e+00,0.000000e+00,0.000000e+00,0.000000e+00,0.000000e+00,1.140009e-07,6.840833e+00,0.000000e+00,0.000000e+00,1.247231e-14,1.630042e+01,1.456365e-25,0.000000e+00,1.246458e-14,1.630042e+01,1.456365e-25,0.000000e+00
5.600000e-01,1.144133e-07,3.940172e+01,-2.054739e+00,0.000000e+00,-1.544924e+00,2.214000e-01,2.500000e-05,4.153220e+00,4.355494e+01,0.000000e+00,0.000000e+00,0.000000e+00,0.000000e+00,0.000000e+00,0.000000e+00,0.000000e+00,0.000000e+00,0.000000e+00,0.000000e+00,0.000000e+00,0.000000e+00,0.000000e+00,1.144133e-07,6.834236e+00,0.000000e+00,0.000000e+00,1.262477e-14,1.628470e+01,1.461634e-25,0.000000e+00,1.254382e-14,1.628470e+01,1.461634e-25,0.000000e+00
5.610000e-01,1.148249e-07,3.936303e+01,-2.057310e+00,0.000000e+00,-1.539393e+00,2.214000e-01,2.500000e-05,4.149141e+00,4.351218e+01,0.000000e+00,0.000000e+00,0.000000e+00,0.000000e+00,0.000000e+00,0.000000e+00,0.000000e+00,0.000000e+00,0.000000e+00,0.000000e+00,0.000000e+00,0.000000e+00,0.000000e+00,1.148249e-07,6.827531e+00,0.000000e+00,0.000000e+00,1.261756e-14,1.626873e+01,1.466892e-25,0.000000e+00,1.264911e-14,1.626873e+01,1.466892e-25,0.000000e+00
5.620000e-01,1.152357e-07,3.932373e+01,-2.059848e+00,0.000000e+00,-1.533848e+00,2.214000e-01,2.500000e-05,4.144998e+00,4.346872e+01,0.000000e+00,0.000000e+00,0.000000e+00,0.000000e+00,0.000000e+00,0.000000e+00,0.000000e+00,0.000000e+00,0.000000e+00,0.000000e+00,0.000000e+00,0.000000e+00,0.000000e+00,1.152357e-07,6.820719e+00,0.000000e+00,0.000000e+00,1.272458e-14,1.625249e+01,1.472140e-25,0.000000e+00,1.266441e-14,1.625249e+01,1.472140e-25,0.000000e+00
5.630000e-01,1.156457e-07,3.928380e+01,-2.062352e+00,0.000000e+00,-1.528290e+00,2.214000e-01,2.500000e-05,4.140790e+00,4.342459e+01,0.000000e+00,0.000000e+00,0.000000e+00,0.000000e+00,0.000000e+00,0.000000e+00,0.000000e+00,0.000000e+00,0.000000e+00,0.000000e+00,0.000000e+00,0.000000e+00,0.000000e+00,1.156457e-07,6.813799e+00,0.000000e+00,0.000000e+00,1.277437e-14,1.623601e+01,1.477378e-25,0.000000e+00,1.281157e-14,1.623601e+01,1.477378e-25,0.000000e+00
5.640000e-01,1.160548e-07,3.924325e+01,-2.064823e+00,0.000000e+00,-1.522718e+00,2.214000e-01,2.500000e-05,4.136516e+00,4.337977e+01,0.000000e+00,0.000000e+00,0.000000e+00,0.000000e+00,0.000000e+00,0.000000e+00,0.000000e+00,0.000000e+00,0.000000e+00,0.000000e+00,0.000000e+00,0.000000e+00,0.000000e+00,1.160548e-07,6.806772e+00,0.000000e+00,0.000000e+00,1.288597e-14,1.621926e+01,1.482604e-25,0.000000e+00,1.290724e-14,1.621926e+01,1.482604e-25,0.000000e+00
5.650000e-01,1.164631e-07,3.920209e+01,-2.067260e+00,0.000000e+00,-1.517134e+00,2.214000e-01,2.500000e-05,4.132177e+00,4.333427e+01,0.000000e+00,0.000000e+00,0.000000e+00,0.000000e+00,0.000000e+00,0.000000e+00,0.000000e+00,0.000000e+00,0.000000e+00,0.000000e+00,0.000000e+00,0.000000e+00,0.000000e+00,1.164631e-07,6.799638e+00,0.000000e+00,0.000000e+00,1.297210e-14,1.620226e+01,1.487820e-25,0.000000e+00,1.297977e-14,1.620226e+01,1.487820e-25,0.000000e+00
5.660000e-01,1.168705e-07,3.916031e+01,-2.069664e+00,0.000000e+00,-1.511536e+00,2.214000e-01,2.500000e-05,4.127773e+00,4.328808e+01,0.000000e+00,0.000000e+00,0.000000e+00,0.000000e+00,0.000000e+00,0.000000e+00,0.000000e+00,0.000000e+00,0.000000e+00,0.000000e+00,0.000000e+00,0.000000e+00,0.000000e+00,1.168705e-07,6.792397e+00,0.000000e+00,0.000000e+00,1.305477e-14,1.618501e+01,1.493025e-25,0.000000e+00,1.310873e-14,1.618501e+01,1.493025e-25,0.000000e+00
5.670000e-01,1.172771e-07,3.911792e+01,-2.072035e+00,0.000000e+00,-1.505926e+00,2.214000e-01,2.500000e-05,4.123304e+00,4.324122e+01,0.000000e+00,0.000000e+00,0.000000e+00,0.000000e+00,0.000000e+00,0.000000e+00,0.000000e+00,0.000000e+00,0.000000e+00,0.000000e+00,0.000000e+00,0.000000e+00,0.000000e+00,1.172771e-07,6.785049e+00,0.000000e+00,0.000000e+00,1.316603e-14,1.616750e+01,1.498219e-25,0.000000e+00,1.314456e-14,1.616750e+01,1.498219e-25,0.000000e+00
5.680000e-01,1.176827e-07,3.907491e+01,-2.074371e+00,0.000000e+00,-1.500304e+00,2.214000e-01,2.500000e-05,4.118771e+00,4.319368e+01,0.000000e+00,0.000000e+00,0.000000e+00,0.000000e+00,0.000000e+00,0.000000e+00,0.000000e+00,0.000000e+00,0.000000e+00,0.000000e+00,0.000000e+00,0.000000e+00,0.000000e+00,1.176827e-07,6.777596e+00,0.000000e+00,0.000000e+00,1.319734e-14,1.614974e+01,1.503401e-25,0.000000e+00,1.326242e-14,1.614974e+01,1.503401e-25,0.000000e+00
5.690000e-01,1.180875e-07,3.903129e+01,-2.076674e+00,0.000000e+00,-1.494669e+00,2.214000e-01,2.500000e-05,4.114173e+00,4.314546e+01,0.000000e+00,0.000000e+00,0.000000e+00,0.000000e+00,0.000000e+00,0.000000e+00,0.000000e+00,0.000000e+00,0.000000e+00,0.000000e+00,0.000000e+00,0.000000e+00,0.000000e+00,1.180875e-07,6.770035e+00,0.000000e+00,0.000000e+00,1.335972e-14,1.613172e+01,1.508572e-25,0.000000e+00,1.333157e-14,1.613172e+01,1.508572e-25,0.000000e+00
5.700000e-01,1.184914e-07,3.898705e+01,-2.078943e+00,0.000000e+00,-1.489022e+00,2.214000e-01,2.500000e-05,4.109510e+00,4.309657e+01,0.000000e+00,0.000000e+00,0.000000e+00,0.000000e+00,0.000000e+00,0.000000e+00,0.000000e+00,0.000000e+00,0.000000e+00,0.000000e+00,0.000000e+00,0.000000e+00,0.000000e+00,1.184913e-07,6.762369e+00,0.000000e+00,0.000000e+00,1.345755e-14,1.611346e+01,1.513731e-25,0.000000e+00,1.340180e-14,1.611346e+01,1.513731e-25,0.000000e+00
5.710000e-01,1.188943e-07,3.894221e+01,-2.081179e+00,0.000000e+00,-1.483363e+00,2.214000e-01,2.500000e-05,4.104784e+00,4.304700e+01,0.000000e+00,0.000000e+00,0.000000e+00,0.000000e+00,0.000000e+00,0.000000e+00,0.000000e+00,0.000000e+00,0.000000e+00,0.000000e+00,0.000000e+00,0.000000e+00,0.000000e+00,1.188943e-07,6.754596e+00,0.000000e+00,0.000000e+00,1.354859e-14,1.609494e+01,1.518878e-25,0.000000e+00,1.347619e-14,1.609494e+01,1.518878e-25,0.000000e+00
5.720000e-01,1.192963e-07,3.889676e+01,-2.083380e+00,0.000000e+00,-1.477693e+00,2.214000e-01,2.500000e-05,4.099993e+00,4.299675e+01,0.000000e+00,0.000000e+00,0.000000e+00,0.000000e+00,0.000000e+00,0.000000e+00,0.000000e+00,0.000000e+00,0.000000e+00,0.000000e+00,0.000000e+00,0.000000e+00,0.000000e+00,1.192962e-07,6.746718e+00,0.000000e+00,0.000000e+00,1.362253e-14,1.607616e+01,1.524014e-25,0.000000e+00,1.363434e-14,1.607616e+01,1.524014e-25,0.000000e+00
5.730000e-01,1.196973e-07,3.885070e+01,-2.085547e+00,0.000000e+00,-1.472011e+00,2.214000e-01,2.500000e-05,4.095137e+00,4.294584e+01,0.000000e+00,0.000000e+00,0.000000e+00,0.000000e+00,0.000000e+00,0.000000e+00,0.000000e+00,0.000000e+00,0.000000e+00,0.000000e+00,0.000000e+00,0.000000e+00,0.000000e+00,1.196973e-07,6.738734e+00,0.000000e+00,0.000000e+00,1.368976e-14,1.605714e+01,1.529137e-25,0.000000e+00,1.363405e-14,1.605714e+01,1.529137e-25,0.000000e+00
5.740000e-01,1.200974e-07,3.880403e+01,-2.087680e+00,0.000000e+00,-1.466317e+00,2.214000e-01,2.500000e-05,4.090218e+00,4.289425e+01,0.000000e+00,0.000000e+00,0.000000e+00,0.000000e+00,0.000000e+00,0.000000e+00,0.000000e+00,0.000000e+00,0.000000e+00,0.000000e+00,0.000000e+00,0.000000e+00,0.000000e+00,1.200974e-07,6.730645e+00,0.000000e+00,0.000000e+00,1.374748e-14,1.603786e+01,1.534248e-25,0.000000e+00,1.373082e-14,1.603786e+01,1.534248e-25,0.000000e+00
5.750000e-01,1.204966e-07,3.875675e+01,-2.089778e+00,0.000000e+00,-1.460613e+00,2.214000e-01,2.500000e-05,4.085235e+00,4.284198e+01,0.000000e+00,0.000000e+00,0.000000e+00,0.000000e+00,0.000000e+00,0.000000e+00,0.000000e+00,0.000000e+00,0.000000e+00,0.000000e+00,0.000000e+00,0.000000e+00,0.000000e+00,1.204965e-07,6.722450e+00,0.000000e+00,0.000000e+00,1.383371e-14,1.601834e+01,1.539347e-25,0.000000e+00,1.382819e-14,1.601834e+01,1.539347e-25,0.000000e+00
5.760000e-01,1.208947e-07,3.870887e+01,-2.091842e+00,0.000000e+00,-1.454898e+00,2.214000e-01,2.500000e-05,4.080188e+00,4.278906e+01,0.000000e+00,0.000000e+00,0.000000e+00,0.000000e+00,0.000000e+00,0.000000e+00,0.000000e+00,0.000000e+00,0.000000e+00,0.000000e+00,0.000000e+00,0.000000e+00,0.000000e+00,1.208947e-07,6.714151e+00,0.000000e+00,0.000000e+00,1.389530e-14,1.599856e+01,1.544434e-25,0.000000e+00,1.395172e-14,1.599856e+01,1.544434e-25,0.000000e+00
5.770000e-01,1.212919e-07,3.866039e+01,-2.093872e+00,0.000000e+00,-1.449172e+00,2.214000e-01,2.500000e-05,4.075077e+00,4.273546e+01,0.000000e+00,0.000000e+00,0.000000e+00,0.000000e+00,0.000000e+00,0.000000e+00,0.000000e+00,0.000000e+00,0.000000e+00,0.000000e+00,0.000000e+00,0.000000e+00,0.000000e+00,1.212918e-07,6.705747e+00,0.000000e+00,0.000000e+00,1.397526e-14,1.597854e+01,1.549507e-25,0.000000e+00,1.403197e-14,1.597854e+01,1.549507e-25,0.000000e+00
5.780000e-01,1.216880e-07,3.861130e+01,-2.095867e+00,0.000000e+00,-1.443436e+00,2.214000e-01,2.500000e-05,4.069903e+00,4.268120e+01,0.000000e+00,0.000000e+00,0.000000e+00,0.000000e+00,0.000000e+00,0.000000e+00,0.000000e+00,0.000000e+00,0.000000e+00,0.000000e+00,0.000000e+00,0.000000e+00,0.000000e+00,1.216880e-07,6.697238e+00,0.000000e+00,0.000000e+00,1.416338e-14,1.595826e+01,1.554568e-25,0.000000e+00,1.410650e-14,1.595826e+01,1.554568e-25,0.000000e+00
5.790000e-01,1.220832e-07,3.856161e+01,-2.097828e+00,0.000000e+00,-1.437690e+00,2.214000e-01,2.500000e-05,4.064665e+00,4.262627e+01,0.000000e+00,0.000000e+00,0.000000e+00,0.000000e+00,0.000000e+00,0.000000e+00,0.000000e+00,0.000000e+00,0.000000e+00,0.000000e+00,0.000000e+00,0.000000e+00,0.000000e+00,1.220831e-07,6.688625e+00,0.000000e+00,0.000000e+00,1.420594e-14,1.593774e+01,1.559616e-25,0.000000e+00,1.414880e-14,1.593774e+01,1.559616e-25,0.000000e+00
5.800000e-01,1.224773e-07,3.851132e+01,-2.099753e+00,0.000000e+00,-1.431934e+00,2.214000e-01,2.500000e-05,4.059364e+00,4.257068e+01,0.000000e+00,0.000000e+00,0.000000e+00,0.000000e+00,0.000000e+00,0.000000e+00,0.000000e+00,0.000000e+00,0.000000e+00,0.000000e+00,0.000000e+00,0.000000e+00,0.000000e+00,1.224773e-07,6.679908e+00,0.000000e+00,0.000000e+00,1.424057e-14,1.591697e+01,1.564651e-25,0.000000e+00,1.412604e-14,1.591697e+01,1.564651e-25,0.000000e+00
5.810000e-01,1.228704e-07,3.846043e+01,-2.101644e+00,0.000000e+00,-1.426167e+00,2.214000e-01,2.500000e-05,4.054000e+00,4.251443e+01,0.000000e+00,0.000000e+00,0.000000e+00,0.000000e+00,0.000000e+00,0.000000e+00,0.000000e+00,0.000000e+00,0.000000e+00,0.000000e+00,0.000000e+00,0.000000e+00,0.000000e+00,1.228703e-07,6.671087e+00,0.000000e+00,0.000000e+00,1.437083e-14,1.589595e+01,1.569673e-25,0.000000e+00,1.463566e-14,1.589595e+01,1.569673e-25,0.000000e+00
5.820000e-01,1.232624e-07,3.840894e+01,-2.103501e+00,0.000000e+00,-1.420392e+00,2.214000e-01,2.500000e-05,4.048573e+00,4.245752e+01,0.000000e+00,0.000000e+00,0.000000e+00,0.000000e+00,0.000000e+00,0.000000e+00,0.000000e+00,0.000000e+00,0.000000e+00,0.000000e+00,0.000000e+00,0.000000e+00,0.000000e+00,1.232624e-07,6.662162e+00,0.000000e+00,0.000000e+00,1.446976e-14,1.587468e+01,1.574681e-25,0.000000e+00,1.437631e-14,1.587468e+01,1.574681e-25,0.000000e+00
5.830000e-01,1.236534e-07,3.835686e+01,-2.105322e+00,0.000000e+00,-1.414607e+00,2.214000e-01,2.500000e-05,4.043083e+00,4.239994e+01,0.000000e+00,0.000000e+00,0.000000e+00,0.000000e+00,0.000000e+00,0.000000e+00,0.000000e+00,0.000000e+00,0.000000e+00,0.000000e+00,0.000000e+00,0.000000e+00,0.000000e+00,1.236534e-07,6.653134e+00,0.000000e+00,0.000000e+00,1.456215e-14,1.585317e+01,1.579676e-25,0.000000e+00,1.447154e-14,1.585317e+01,1.579676e-25,0.000000e+00
5.840000e-01,1.240433e-07,3.830418e+01,-2.107108e+00,0.000000e+00,-1.408812e+00,2.214000e-01,2.500000e-05,4.037530e+00,4.234171e+01,0.000000e+00,0.000000e+00,0.000000e+00,0.000000e+00,0.000000e+00,0.000000e+00,0.000000e+00,0.000000e+00,0.000000e+00,0.000000e+00,0.000000e+00,0.000000e+00,0.000000e+00,1.240433e-07,6.644002e+00,0.000000e+00,0.000000e+00,1.457458e-14,1.583141e+01,1.584657e-25,0.000000e+00,1.442544e-14,1.583141e+01,1.584657e-25,0.000000e+00
5.850000e-01,1.244322e-07,3.825091e+01,-2.108859e+00,0.000000e+00,-1.403009e+00,2.214000e-01,2.500000e-05,4.031915e+00,4.228282e+01,0.000000e+00,0.000000e+00,0.000000e+00,0.000000e+00,0.000000e+00,0.000000e+00,0.000000e+00,0.000000e+00,0.000000e+00,0.000000e+00,0.000000e+00,0.000000e+00,0.000000e+00,1.244321e-07,6.634768e+00,0.000000e+00,0.000000e+00,1.470467e-14,1.580941e+01,1.589625e-25,0.000000e+00,1.470477e-14,1.580941e+01,1.589625e-25,0.000000e+00
5.860000e-01,1.248199e-07,3.819704e+01,-2.110575e+00,0.000000e+00,-1.397197e+00,2.214000e-01,2.500000e-05,4.026237e+00,4.222328e+01,0.000000e+00,0.000000e+00,0.000000e+00,0.000000e+00,0.000000e+00,0.000000e+00,0.000000e+00,0.000000e+00,0.000000e+00,0.000000e+00,0.000000e+00,0.000000e+00,0.000000e+00,1.248199e-07,6.625431e+00,0.000000e+00,0.000000e+00,1.476839e-14,1.578716e+01,1.594578e-25,0.000000e+00,1.461930e-14,1.578716e+01,1.594578e-25,0.000000e+00
5.870000e-01,1.252066e-07,3.814259e+01,-2.112256e+00,0.000000e+00,-1.391376e+00,2.214000e-01,2.500000e-05,4.020497e+00,4.216308e+01,0.000000e+00,0.000000e+00,0.000000e+00,0.000000e+00,0.000000e+00,0.000000e+00,0.000000e+00,0.000000e+00,0.000000e+00,0.000000e+00,0.000000e+00,0.000000e+00,0.000000e+00,1.252066e-07,6.615991e+00,0.000000e+00,0.000000e+00,1.489718e-14,1.576467e+01,1.599518e-25,0.000000e+00,1.485837e-14,1.576467e+01,1.599518e-25,0.000000e+00
5.880000e-01,1.255921e-07,3.808754e+01,-2.113901e+00,0.000000e+00,-1.385547e+00,2.214000e-01,2.500000e-05,4.014695e+00,4.210223e+01,0.000000e+00,0.000000e+00,0.000000e+00,0.000000e+00,0.000000e+00,0.000000e+00,0.000000e+00,0.000000e+00,0.000000e+00,0.000000e+00,0.000000e+00,0.000000e+00,0.000000e+00,1.255921e-07,6.606448e+00,0.000000e+00,0.000000e+00,1.503042e-14,1.574193e+01,1.604443e-25,0.000000e+00,1.515174e-14,1.574193e+01,1.604443e-25,0.000000e+00
5.890000e-01,1.259766e-07,3.803190e+01,-2.115511e+00,0.000000e+00,-1.379710e+00,2.214000e-01,2.500000e-05,4.008831e+00,4.204073e+01,0.000000e+00,0.000000e+00,0.000000e+00,0.000000e+00,0.000000e+00,0.000000e+00,0.000000e+00,0.000000e+00,0.000000e+00,0.000000e+00,0.000000e+00,0.000000e+00,0.000000e+00,1.259765e-07,6.596804e+00,0.000000e+00,0.000000e+00,1.508263e-14,1.571895e+01,1.609355e-25,0.000000e+00,1.502290e-14,1.571895e+01,1.609355e-25,0.000000e+00
5.900000e-01,1.263599e-07,3.797568e+01,-2.117086e+00,0.000000e+00,-1.373865e+00,2.214000e-01,2.500000e-05,4.002904e+00,4.197858e+01,0.000000e+00,0.000000e+00,0.000000e+00,0.000000e+00,0.000000e+00,0.000000e+00,0.000000e+00,0.000000e+00,0.000000e+00,0.000000e+00,0.000000e+00,0.000000e+00,0.000000e+00,1.263598e-07,6.587058e+00,0.000000e+00,0.000000e+00,1.513146e-14,1.569572e+01,1.614251e-25,0.000000e+00,1.501938e-14,1.569572e+01,1.614251e-25,0.000000e+00
5.910000e-01,1.267420e-07,3.791887e+01,-2.118625e+00,0.000000e+00,-1.368012e+00,2.214000e-01,2.500000e-05,3.996916e+00,4.191579e+01,0.000000e+00,0.000000e+00,0.000000e+00,0.000000e+00,0.000000e+00,0.000000e+00,0.000000e+00,0.000000e+00,0.000000e+00,0.000000e+00,0.000000e+00,0.000000e+00,0.000000e+00,1.267420e-07,6.577210e+00,0.000000e+00,0.000000e+00,1.522881e-14,1.567226e+01,1.619133e-25,0.000000e+00,1.505564e-14,1.567226e+01,1.619133e-25,0.000000e+00
5.920000e-01,1.271230e-07,3.786148e+01,-2.120128e+00,0.000000e+00,-1.362152e+00,2.214000e-01,2.500000e-05,3.990867e+00,4.185234e+01,0.000000e+00,0.000000e+00,0.000000e+00,0.000000e+00,0.000000e+00,0.000000e+00,0.000000e+00,0.000000e+00,0.000000e+00,0.000000e+00,0.000000e+00,0.000000e+00,0.000000e+00,1.271230e-07,6.567260e+00,0.000000e+00,0.000000e+00,1.528222e-14,1.564855e+01,1.624001e-25,0.000000e+00,1.558846e-14,1.564855e+01,1.624001e-25,0.000000e+00
5.930000e-01,1.275029e-07,3.780350e+01,-2.121596e+00,0.000000e+00,-1.356284e+00,2.214000e-01,2.500000e-05,3.984756e+00,4.178825e+01,0.000000e+00,0.000000e+00,0.000000e+00,0.000000e+00,0.000000e+00,0.000000e+00,0.000000e+00,0.000000e+00,0.000000e+00,0.000000e+00,0.000000e+00,0.000000e+00,0.000000e+00,1.275029e-07,6.557209e+00,0.000000e+00,0.000000e+00,1.519228e-14,1.562460e+01,1.628853e-25,0.000000e+00,1.535403e-14,1.562460e+01,1.628853e-25,0.000000e+00
5.940000e-01,1.278816e-07,3.774494e+01,-2.123029e+00,0.000000e+00,-1.350410e+00,2.214000e-01,2.500000e-05,3.978583e+00,4.172353e+01,0.000000e+00,0.000000e+00,0.000000e+00,0.000000e+00,0.000000e+00,0.000000e+00,0.000000e+00,0.000000e+00,0.000000e+00,0.000000e+00,0.000000e+00,0.000000e+00,0.000000e+00,1.278816e-07,6.547059e+00,0.000000e+00,0.000000e+00,1.532163e-14,1.560041e+01,1.633691e-25,0.000000e+00,1.530100e-14,1.560041e+01,1.633691e-25,0.000000e+00
5.950000e-01,1.282591e-07,3.768580e+01,-2.124425e+00,0.000000e+00,-1.344528e+00,2.214000e-01,2.500000e-05,3.972349e+00,4.165815e+01,0.000000e+00,0.000000e+00,0.000000e+00,0.000000e+00,0.000000e+00,0.000000e+00,0.000000e+00,0.000000e+00,0.000000e+00,0.000000e+00,0.000000e+00,0.000000e+00,0.000000e+00,1.282591e-07,6.536807e+00,0.000000e+00,0.000000e+00,1.528262e-14,1.557598e+01,1.638514e-25,0.000000e+00,1.524403e-14,1.557598e+01,1.638514e-25,0.000000e+00
5.960000e-01,1.286354e-07,3.762609e+01,-2.125786e+00,0.000000e+00,-1.338640e+00,2.214000e-01,2.500000e-05,3.966055e+00,4.159214e+01,0.000000e+00,0.000000e+00,0.000000e+00,0.000000e+00,0.000000e+00,0.000000e+00,0.000000e+00,0.000000e+00,0.000000e+00,0.000000e+00,0.000000e+00,0.000000e+00,0.000000e+00,1.286354e-07,6.526454e+00,0.000000e+00,0.000000e+00,1.588609e-14,1.555132e+01,1.643321e-25,0.000000e+00,1.582452e-14,1.555132e+01,1.643321e-25,0.000000e+00
5.970000e-01,1.290105e-07,3.756579e+01,-2.127110e+00,0.000000e+00,-1.332745e+00,2.214000e-01,2.500000e-05,3.959699e+00,4.152549e+01,0.000000e+00,0.000000e+00,0.000000e+00,0.000000e+00,0.000000e+00,0.000000e+00,0.000000e+00,0.000000e+00,0.000000e+00,0.000000e+00,0.000000e+00,0.000000e+00,0.000000e+00,1.290105e-07,6.516001e+00,0.000000e+00,0.000000e+00,1.551691e-14,1.552641e+01,1.648113e-25,0.000000e+00,1.549486e-14,1.552641e+01,1.648113e-25,0.000000e+00
5.980000e-01,1.293844e-07,3.750492e+01,-2.128399e+00,0.000000e+00,-1.326844e+00,2.214000e-01,2.500000e-05,3.953284e+00,4.145821e+01,0.000000e+00,0.000000e+00,0.000000e+00,0.000000e+00,0.000000e+00,0.000000e+00,0.000000e+00,0.000000e+00,0.000000e+00,0.000000e+00,0.000000e+00,0.000000e+00,0.000000e+00,1.293844e-07,6.505449e+00,0.000000e+00,0.000000e+00,1.561279e-14,1.550127e+01,1.652890e-25,0.000000e+00,1.549253e-14,1.550127e+01,1.652890e-25,0.000000e+00
5.990000e-01,1.297571e-07,3.744348e+01,-2.129652e+00,0.000000e+00,-1.320937e+00,2.214000e-01,2.500000e-05,3.946807e+00,4.139029e+01,0.000000e+00,0.000000e+00,0.000000e+00,0.000000e+00,0.000000e+00,0.000000e+00,0.000000e+00,0.000000e+00,0.000000e+00,0.000000e+00,0.000000e+00,0.000000e+00,0.000000e+00,1.297571e-07,6.494797e+00,0.000000e+00,0.000000e+00,1.623813e-14,1.547588e+01,1.657651e-25,0.000000e+00,1.613647e-14,1.547588e+01,1.657651e-25,0.000000e+00
6.000000e-01,1.301286e-07,3.738146e+01,-2.130869e+00,0.000000e+00,-1.315024e+00,2.214000e-01,2.500000e-05,3.940270e+00,4.132173e+01,0.000000e+00,0.000000e+00,0.000000e+00,0.000000e+00,0.000000e+00,0.000000e+00,0.000000e+00,0.000000e+00,0.000000e+00,0.000000e+00,0.000000e+00,0.000000e+00,0.000000e+00,1.301286e-07,6.484046e+00,0.000000e+00,0.000000e+00,1.581556e-14,1.545027e+01,1.662397e-25,0.000000e+00,1.577686e-14,1.545027e+01,1.662397e-25,0.000000e+00
6.010000e-01,1.304988e-07,3.731887e+01,-2.132050e+00,0.000000e+00,-1.309106e+00,2.214000e-01,2.500000e-05,3.933673e+00,4.125255e+01,0.000000e+00,0.000000e+00,0.000000e+00,0.000000e+00,0.000000e+00,0.000000e+00,0.000000e+00,0.000000e+00,0.000000e+00,0.000000e+00,0.000000e+00,0.000000e+00,0.000000e+00,1.304988e-07,6.473196e+00,0.000000e+00,0.000000e+00,1.580836e-14,1.542441e+01,1.667126e-25,0.000000e+00,1.588663e-14,1.542441e+01,1.667126e-25,0.000000e+00
6.020000e-01,1.308678e-07,3.725572e+01,-2.133194e+00,0.000000e+00,-1.303182e+00,2.214000e-01,2.500000e-05,3.927015e+00,4.118273e+01,0.000000e+00,0.000000e+00,0.000000e+00,0.000000e+00,0.000000e+00,0.000000e+00,0.000000e+00,0.000000e+00,0.000000e+00,0.000000e+00,0.000000e+00,0.000000e+00,0.000000e+00,1.308678e-07,6.462246e+00,0.000000e+00,0.000000e+00,1.621428e-14,1.539832e+01,1.671840e-25,0.000000e+00,1.631134e-14,1.539832e+01,1.671840e-25,0.000000e+00
6.030000e-01,1.312356e-07,3.719199e+01,-2.134303e+00,0.000000e+00,-1.297252e+00,2.214000e-01,2.500000e-05,3.920298e+00,4.111229e+01,0.000000e+00,0.000000e+00,0.000000e+00,0.000000e+00,0.000000e+00,0.000000e+00,0.000000e+00,0.000000e+00,0.000000e+00,0.000000e+00,0.000000e+00,0.000000e+00,0.000000e+00,1.312355e-07,6.451199e+00,0.000000e+00,0.000000e+00,1.611360e-14,1.537200e+01,1.676538e-25,0.000000e+00,1.637835e-14,1.537200e+01,1.676538e-25,0.000000e+00
6.040000e-01,1.316020e-07,3.712770e+01,-2.135375e+00,0.000000e+00,-1.291318e+00,2.214000e-01,2.500000e-05,3.913522e+00,4.104122e+01,0.000000e+00,0.000000e+00,0.000000e+00,0.000000e+00,0.000000e+00,0.000000e+00,0.000000e+00,0.000000e+00,0.000000e+00,0.000000e+00,0.000000e+00,0.000000e+00,0.000000e+00,1.316020e-07,6.440053e+00,0.000000e+00,0.000000e+00,1.647428e-14,1.534544e+01,1.681220e-25,0.000000e+00,1.667835e-14,1.534544e+01,1.681220e-25,0.000000e+00
6.050000e-01,1.319672e-07,3.706284e+01,-2.136410e+00,0.000000e+00,-1.285379e+00,2.214000e-01,2.500000e-05,3.906685e+00,4.096953e+01,0.000000e+00,0.000000e+00,0.000000e+00,0.000000e+00,0.000000e+00,0.000000e+00,0.000000e+00,0.000000e+00,0.000000e+00,0.000000e+00,0.000000e+00,0.000000e+00,0.000000e+00,1.319672e-07,6.428809e+00,0.000000e+00,0.000000e+00,1.630618e-14,1.531865e+01,1.685885e-25,0.000000e+00,1.650703e-14,1.531865e+01,1.685885e-25,0.000000e+00
6.060000e-01,1.323311e-07,3.699743e+01,-2.137410e+00,0.000000e+00,-1.279436e+00,2.214000e-01,2.500000e-05,3.899790e+00,4.089722e+01,0.000000e+00,0.000000e+00,0.000000e+00,0.000000e+00,0.000000e+00,0.000000e+00,0.000000e+00,0.000000e+00,0.000000e+00,0.000000e+00,0.000000e+00,0.000000e+00,0.000000e+00,1.323311e-07,6.417467e+00,0.000000e+00,0.000000e+00,1.644772e-14,1.529162e+01,1.690534e-25,0.000000e+00,1.660981e-14,1.529162e+01,1.690534e-25,0.000000e+00
6.070000e-01,1.326937e-07,3.693144e+01,-2.138373e+00,0.000000e+00,-1.273488e+00,2.214000e-01,2.500000e-05,3.892835e+00,4.082428e+01,0.000000e+00,0.000000e+00,0.000000e+00,0.000000e+00,0.000000e+00,0.000000e+00,0.000000e+00,0.000000e+00,0.000000e+00,0.000000e+00,0.000000e+00,0.000000e+00,0.000000e+00,1.326937e-07,6.406028e+00,0.000000e+00,0.000000e+00,1.675191e-14,1.526436e+01,1.695167e-25,0.000000e+00,1.667645e-14,1.526436e+01,1.695167e-25,0.000000e+00
6.080000e-01,1.330551e-07,3.686490e+01,-2.139300e+00,0.000000e+00,-1.267535e+00,2.214000e-01,2.500000e-05,3.885821e+00,4.075072e+01,0.000000e+00,0.000000e+00,0.000000e+00,0.000000e+00,0.000000e+00,0.000000e+00,0.000000e+00,0.000000e+00,0.000000e+00,0.000000e+00,0.000000e+00,0.000000e+00,0.000000e+00,1.330550e-07,6.394492e+00,0.000000e+00,0.000000e+00,1.644762e-14,1.523688e+01,1.699783e-25,0.000000e+00,1.644773e-14,1.523688e+01,1.699783e-25,0.000000e+00
6.090000e-01,1.334151e-07,3.679780e+01,-2.140190e+00,0.000000e+00,-1.261579e+00,2.214000e-01,2.500000e-05,3.878748e+00,4.067655e+01,0.000000e+00,0.000000e+00,0.000000e+00,0.000000e+00,0.000000e+00,0.000000e+00,0.000000e+00,0.000000e+00,0.000000e+00,0.000000e+00,0.000000e+00,0.000000e+00,0.000000e+00,1.334151e-07,6.382859e+00,0.000000e+00,0.000000e+00,1.716253e-14,1.520916e+01,1.704382e-25,0.000000e+00,1.732576e-14,1.520916e+01,1.704382e-25,0.000000e+00
6.100000e-01,1.337738e-07,3.673015e+01,-2.141044e+00,0.000000e+00,-1.255620e+00,2.214000e-01,2.500000e-05,3.871617e+00,4.060176e+01,0.000000e+00,0.000000e+00,0.000000e+00,0.000000e+00,0.000000e+00,0.000000e+00,0.000000e+00,0.000000e+00,0.000000e+00,0.000000e+00,0.000000e+00,0.000000e+00,0.000000e+00,1.337738e-07,6.371130e+00,0.000000e+00,0.000000e+00,1.721973e-14,1.518121e+01,1.708964e-25,0.000000e+00,1.725929e-14,1.518121e+01,1.708964e-25,0.000000e+00
6.110000e-01,1.341312e-07,3.666194e+01,-2.141861e+00,0.000000e+00,-1.249656e+00,2.214000e-01,2.500000e-05,3.864427e+00,4.052637e+01,0.000000e+00,0.000000e+00,0.000000e+00,0.000000e+00,0.000000e+00,0.000000e+00,0.000000e+00,0.000000e+00,0.000000e+00,0.000000e+00,0.000000e+00,0.000000e+00,0.000000e+00,1.341311e-07,6.359304e+00,0.000000e+00,0.000000e+00,1.721875e-14,1.515303e+01,1.713530e-25,0.000000e+00,1.740344e-14,1.515303e+01,1.713530e-25,0.000000e+00
6.120000e-01,1.344872e-07,3.659317e+01,-2.142641e+00,0.000000e+00,-1.243689e+00,2.214000e-01,2.500000e-05,3.857179e+00,4.045036e+01,0.000000e+00,0.000000e+00,0.000000e+00,0.000000e+00,0.000000e+00,0.000000e+00,0.000000e+00,0.000000e+00,0.000000e+00,0.000000e+00,0.000000e+00,0.000000e+00,0.000000e+00,1.344872e-07,6.347383e+00,0.000000e+00,0.000000e+00,1.740089e-14,1.512462e+01,1.718078e-25,0.000000e+00,1.747910e-14,1.512462e+01,1.718078e-25,0.000000e+00
6.130000e-01,1.348419e-07,3.652386e+01,-2.143385e+00,0.000000e+00,-1.237719e+00,2.214000e-01,2.500000e-05,3.849873e+00,4.037373e+01,0.000000e+00,0.000000e+00,0.000000e+00,0.000000e+00,0.000000e+00,0.000000e+00,0.000000e+00,0.000000e+00,0.000000e+00,0.000000e+00,0.000000e+00,0.000000e+00,0.000000e+00,1.348419e-07,6.335365e+00,0.000000e+00,0.000000e+00,1.685164e-14,1.509599e+01,1.722609e-25,0.000000e+00,1.705221e-14,1.509599e+01,1.722609e-25,0.000000e+00
6.140000e-01,1.351953e-07,3.645400e+01,-2.144092e+00,0.000000e+00,-1.231747e+00,2.214000e-01,2.500000e-05,3.842509e+00,4.029650e+01,0.000000e+00,0.000000e+00,0.000000e+00,0.000000e+00,0.000000e+00,0.000000e+00,0.000000e+00,0.000000e+00,0.000000e+00,0.000000e+00,0.000000e+00,0.000000e+00,0.000000e+00,1.351952e-07,6.323253e+00,0.000000e+00,0.000000e+00,1.705327e-14,1.506713e+01,1.727124e-25,0.000000e+00,1.687479e-14,1.506713e+01,1.727124e-25,0.000000e+00
6.150000e-01,1.355473e-07,3.638359e+01,-2.144762e+00,0.000000e+00,-1.225771e+00,2.214000e-01,2.500000e-05,3.835087e+00,4.021867e+01,0.000000e+00,0.000000e+00,0.000000e+00,0.000000e+00,0.000000e+00,0.000000e+00,0.000000e+00,0.000000e+00,0.000000e+00,0.000000e+00,0.000000e+00,0.000000e+00,0.000000e+00,1.355472e-07,6.311045e+00,0.000000e+00,0.000000e+00,1.719066e-14,1.503804e+01,1.731620e-25,0.000000e+00,1.708129e-14,1.503804e+01,1.731620e-25,0.000000e+00
6.160000e-01,1.358979e-07,3.631263e+01,-2.145396e+00,0.000000e+00,-1.219793e+00,2.214000e-01,2.500000e-05,3.827607e+00,4.014024e+01,0.000000e+00,0.000000e+00,0.000000e+00,0.000000e+00,0.000000e+00,0.000000e+00,0.000000e+00,0.000000e+00,0.000000e+00,0.000000e+00,0.000000e+00,0.000000e+00,0.000000e+00,1.358979e-07,6.298743e+00,0.000000e+00,0.000000e+00,1.725795e-14,1.500872e+01,1.736100e-25,0.000000e+00,1.715412e-14,1.500872e+01,1.736100e-25,0.000000e+00
6.170000e-01,1.362472e-07,3.624113e+01,-2.145993e+00,0.000000e+00,-1.213812e+00,2.214000e-01,2.500000e-05,3.820070e+00,4.006120e+01,0.000000e+00,0.000000e+00,0.000000e+00,0.000000e+00,0.000000e+00,0.000000e+00,0.000000e+00,0.000000e+00,0.000000e+00,0.000000e+00,0.000000e+00,0.000000e+00,0.000000e+00,1.362471e-07,6.286346e+00,0.000000e+00,0.000000e+00,1.789724e-14,1.497918e+01,1.740561e-25,0.000000e+00,1.778557e-14,1.497918e+01,1.740561e-25,0.000000e+00
6.180000e-01,1.365950e-07,3.616908e+01,-2.146553e+00,0.000000e+00,-1.207830e+00,2.214000e-01,2.500000e-05,3.812476e+00,3.998156e+01,0.000000e+00,0.000000e+00,0.000000e+00,0.000000e+00,0.000000e+00,0.000000e+00,0.000000e+00,0.000000e+00,0.000000e+00,0.000000e+00,0.000000e+00,0.000000e+00,0.000000e+00,1.365950e-07,6.273855e+00,0.000000e+00,0.000000e+00,1.768135e-14,1.494942e+01,1.745006e-25,0.000000e+00,1.756983e-14,1.494942e+01,1.745006e-25,0.000000e+00
6.190000e-01,1.369415e-07,3.609650e+01,-2.147076e+00,0.000000e+00,-1.201846e+00,2.214000e-01,2.500000e-05,3.804826e+00,3.990132e+01,0.000000e+00,0.000000e+00,0.000000e+00,0.000000e+00,0.000000e+00,0.000000e+00,0.000000e+00,0.000000e+00,0.000000e+00,0.000000e+00,0.000000e+00,0.000000e+00,0.000000e+00,1.369415e-07,6.261271e+00,0.000000e+00,0.000000e+00,1.797422e-14,1.491943e+01,1.749432e-25,0.000000e+00,1.789841e-14,1.491943e+01,1.749432e-25,0.000000e+00
6.200000e-01,1.372866e-07,3.602337e+01,-2.147562e+00,0.000000e+00,-1.195860e+00,2.214000e-01,2.500000e-05,3.797118e+00,3.982049e+01,0.000000e+00,0.000000e+00,0.000000e+00,0.000000e+00,0.000000e+00,0.000000e+00,0.000000e+00,0.000000e+00,0.000000e+00,0.000000e+00,0.000000e+00,0.000000e+00,0.000000e+00,1.372866e-07,6.248593e+00,0.000000e+00,0.000000e+00,1.821171e-14,1.488923e+01,1.753841e-25,0.000000e+00,1.806784e-14,1.488923e+01,1.753841e-25,0.000000e+00
6.210000e-01,1.376303e-07,3.594971e+01,-2.148011e+00,0.000000e+00,-1.189872e+00,2.214000e-01,2.500000e-05,3.789353e+00,3.973907e+01,0.000000e+00,0.000000e+00,0.000000e+00,0.000000e+00,0.000000e+00,0.000000e+00,0.000000e+00,0.000000e+00,0.000000e+00,0.000000e+00,0.000000e+00,0.000000e+00,0.000000e+00,1.376303e-07,6.235821e+00,0.000000e+00,0.000000e+00,1.807592e-14,1.485879e+01,1.758231e-25,0.000000e+00,1.811500e-14,1.485879e+01,1.758231e-25,0.000000e+00
6.220000e-01,1.379726e-07,3.587552e+01,-2.148423e+00,0.000000e+00,-1.183883e+00,2.214000e-01,2.500000e-05,3.781533e+00,3.965705e+01,0.000000e+00,0.000000e+00,0.000000e+00,0.000000e+00,0.000000e+00,0.000000e+00,0.000000e+00,0.000000e+00,0.000000e+00,0.000000e+00,0.000000e+00,0.000000e+00,0.000000e+00,1.379725e-07,6.222958e+00,0.000000e+00,0.000000e+00,1.770317e-14,1.482814e+01,1.762604e-25,0.000000e+00,1.779578e-14,1.482814e+01,1.762604e-25,0.000000e+00
6.230000e-01,1.383135e-07,3.580079e+01,-2.148799e+00,0.000000e+00,-1.177894e+00,2.214000e-01,2.500000e-05,3.773656e+00,3.957444e+01,0.000000e+00,0.000000e+00,0.000000e+00,0.000000e+00,0.000000e+00,0.000000e+00,0.000000e+00,0.000000e+00,0.000000e+00,0.000000e+00,0.000000e+00,0.000000e+00,0.000000e+00,1.383134e-07,6.210001e+00,0.000000e+00,0.000000e+00,1.762343e-14,1.479727e+01,1.766958e-25,0.000000e+00,1.784689e-14,1.479727e+01,1.766958e-25,0.000000e+00
6.240000e-01,1.386529e-07,3.572553e+01,-2.149137e+00,0.000000e+00,-1.171903e+00,2.214000e-01,2.500000e-05,3.765723e+00,3.949125e+01,0.000000e+00,0.000000e+00,0.000000e+00,0.000000e+00,0.000000e+00,0.000000e+00,0.000000e+00,0.000000e+00,0.000000e+00,0.000000e+00,0.000000e+00,0.000000e+00,0.000000e+00,1.386529e-07,6.196953e+00,0.000000e+00,0.000000e+00,1.816776e-14,1.476618e+01,1.771295e-25,0.000000e+00,1.819870e-14,1.476618e+01,1.771295e-25,0.000000e+00
6.250000e-01,1.389909e-07,3.564974e+01,-2.149438e+00,0.000000e+00,-1.165912e+00,2.214000e-01,2.500000e-05,3.757734e+00,3.940747e+01,0.000000e+00,0.000000e+00,0.000000e+00,0.000000e+00,0.000000e+00,0.000000e+00,0.000000e+00,0.000000e+00,0.000000e+00,0.000000e+00,0.000000e+00,0.000000e+00,0.000000e+00,1.389909e-07,6.183812e+00,0.000000e+00,0.000000e+00,1.820192e-14,1.473487e+01,1.775613e-25,0.000000e+00,1.842654e-14,1.473487e+01,1.775613e-25,0.000000e+00
6.260000e-01,1.393275e-07,3.557343e+01,-2.149702e+00,0.000000e+00,-1.159920e+00,2.214000e-01,2.500000e-05,3.749690e+00,3.932312e+01,0.000000e+00,0.000000e+00,0.000000e+00,0.000000e+00,0.000000e+00,0.000000e+00,0.000000e+00,0.000000e+00,0.000000e+00,0.000000e+00,0.000000e+00,0.000000e+00,0.000000e+00,1.393274e-07,6.170580e+00,0.000000e+00,0.000000e+00,1.870869e-14,1.470334e+01,1.779912e-25,0.000000e+00,1.856532e-14,1.470334e+01,1.779912e-25,0.000000e+00
6.270000e-01,1.396626e-07,3.549658e+01,-2.149929e+00,0.000000e+00,-1.153928e+00,2.214000e-01,2.500000e-05,3.741590e+00,3.923817e+01,0.000000e+00,0.000000e+00,0.000000e+00,0.000000e+00,0.000000e+00,0.000000e+00,0.000000e+00,0.000000e+00,0.000000e+00,0.000000e+00,0.000000e+00,0.000000e+00,0.000000e+00,1.396625e-07,6.157258e+00,0.000000e+00,0.000000e+00,1.859779e-14,1.467159e+01,1.784193e-25,0.000000e+00,1.883577e-14,1.467159e+01,1.784193e-25,0.000000e+00
6.280000e-01,1.399962e-07,3.541922e+01,-2.150119e+00,0.000000e+00,-1.147936e+00,2.214000e-01,2.500000e-05,3.733435e+00,3.915265e+01,0.000000e+00,0.000000e+00,0.000000e+00,0.000000e+00,0.000000e+00,0.000000e+00,0.000000e+00,0.000000e+00,0.000000e+00,0.000000e+00,0.000000e+00,0.000000e+00,0.000000e+00,1.399962e-07,6.143844e+00,0.000000e+00,0.000000e+00,1.882587e-14,1.463963e+01,1.788456e-25,0.000000e+00,1.898310e-14,1.463963e+01,1.788456e-25,0.000000e+00
6.290000e-01,1.403285e-07,3.534133e+01,-2.150272e+00,0.000000e+00,-1.141944e+00,2.214000e-01,2.500000e-05,3.725226e+00,3.906656e+01,0.000000e+00,0.000000e+00,0.000000e+00,0.000000e+00,0.000000e+00,0.000000e+00,0.000000e+00,0.000000e+00,0.000000e+00,0.000000e+00,0.000000e+00,0.000000e+00,0.000000e+00,1.403284e-07,6.130340e+00,0.000000e+00,0.000000e+00,1.850338e-14,1.460745e+01,1.792700e-25,0.000000e+00,1.850353e-14,1.460745e+01,1.792700e-25,0.000000e+00
6.300000e-01,1.406592e-07,3.526292e+01,-2.150388e+00,0.000000e+00,-1.135952e+00,2.214000e-01,2.500000e-05,3.716961e+00,3.897989e+01,0.000000e+00,0.000000e+00,0.000000e+00,0.000000e+00,0.000000e+00,0.000000e+00,0.000000e+00,0.000000e+00,0.000000e+00,0.000000e+00,0.000000e+00,0.000000e+00,0.000000e+00,1.406592e-07,6.116745e+00,0.000000e+00,0.000000e+00,1.842792e-14,1.457506e+01,1.796925e-25,0.000000e+00,1.865265e-14,1.457506e+01,1.796925e-25,0.000000e+00
6.310000e-01,1.409885e-07,3.518400e+01,-2.150466e+00,0.000000e+00,-1.129961e+00,2.214000e-01,2.500000e-05,3.708642e+00,3.889265e+01,0.000000e+00,0.000000e+00,0.000000e+00,0.000000e+00,0.000000e+00,0.000000e+00,0.000000e+00,0.000000e+00,0.000000e+00,0.000000e+00,0.000000e+00,0.000000e+00,0.000000e+00,1.409884e-07,6.103061e+00,0.000000e+00,0.000000e+00,1.853544e-14,1.454245e+01,1.801132e-25,0.000000e+00,1.853560e-14,1.454245e+01,1.801132e-25,0.000000e+00
6.320000e-01,1.413162e-07,3.510456e+01,-2.150507e+00,0.000000e+00,-1.123971e+00,2.214000e-01,2.500000e-05,3.700269e+00,3.880483e+01,0.000000e+00,0.000000e+00,0.000000e+00,0.000000e+00,0.000000e+00,0.000000e+00,0.000000e+00,0.000000e+00,0.000000e+00,0.000000e+00,0.000000e+00,0.000000e+00,0.000000e+00,1.413162e-07,6.089288e+00,0.000000e+00,0.000000e+00,1.881265e-14,1.450963e+01,1.805319e-25,0.000000e+00,1.881279e-14,1.450963e+01,1.805319e-25,0.000000e+00
6.330000e-01,1.416426e-07,3.502461e+01,-2.150512e+00,0.000000e+00,-1.117982e+00,2.214000e-01,2.500000e-05,3.691841e+00,3.871646e+01,0.000000e+00,0.000000e+00,0.000000e+00,0.000000e+00,0.000000e+00,0.000000e+00,0.000000e+00,0.000000e+00,0.000000e+00,0.000000e+00,0.000000e+00,0.000000e+00,0.000000e+00,1.416425e-07,6.075425e+00,0.000000e+00,0.000000e+00,1.919365e-14,1.447660e+01,1.809488e-25,0.000000e+00,1.932155e-14,1.447660e+01,1.809488e-25,0.000000e+00
6.340000e-01,1.419674e-07,3.494415e+01,-2.150478e+00,0.000000e+00,-1.111994e+00,2.214000e-01,2.500000e-05,3.683360e+00,3.862751e+01,0.000000e+00,0.000000e+00,0.000000e+00,0.000000e+00,0.000000e+00,0.000000e+00,0.000000e+00,0.000000e+00,0.000000e+00,0.000000e+00,0.000000e+00,0.000000e+00,0.000000e+00,1.419673e-07,6.061474e+00,0.000000e+00,0.000000e+00,1.879955e-14,1.444336e+01,1.813637e-25,0.000000e+00,1.888228e-14,1.444336e+01,1.813637e-25,0.000000e+00
6.350000e-01,1.422907e-07,3.486318e+01,-2.150408e+00,0.000000e+00,-1.106007e+00,2.214000e-01,2.500000e-05,3.674825e+00,3.853801e+01,0.000000e+00,0.000000e+00,0.000000e+00,0.000000e+00,0.000000e+00,0.000000e+00,0.000000e+00,0.000000e+00,0.000000e+00,0.000000e+00,0.000000e+00,0.000000e+00,0.000000e+00,1.422906e-07,6.047435e+00,0.000000e+00,0.000000e+00,1.923570e-14,1.440990e+01,1.817768e-25,0.000000e+00,1.916505e-14,1.440990e+01,1.817768e-25,0.000000e+00
6.360000e-01,1.426125e-07,3.478170e+01,-2.150300e+00,0.000000e+00,-1.100022e+00,2.214000e-01,2.500000e-05,3.666236e+00,3.844794e+01,0.000000e+00,0.000000e+00,0.000000e+00,0.000000e+00,0.000000e+00,0.000000e+00,0.000000e+00,0.000000e+00,0.000000e+00,0.000000e+00,0.000000e+00,0.000000e+00,0.000000e+00,1.426125e-07,6.033307e+00,0.000000e+00,0.000000e+00,1.889678e-14,1.437624e+01,1.821879e-25,0.000000e+00,1.916134e-14,1.437624e+01,1.821879e-25,0.000000e+00
6.370000e-01,1.429328e-07,3.469971e+01,-2.150155e+00,0.000000e+00,-1.094039e+00,2.214000e-01,2.500000e-05,3.657595e+00,3.835731e+01,0.000000e+00,0.000000e+00,0.000000e+00,0.000000e+00,0.000000e+00,0.000000e+00,0.000000e+00,0.000000e+00,0.000000e+00,0.000000e+00,0.000000e+00,0.000000e+00,0.000000e+00,1.429328e-07,6.019092e+00,0.000000e+00,0.000000e+00,1.941124e-14,1.434237e+01,1.825971e-25,0.000000e+00,1.937730e-14,1.434237e+01,1.825971e-25,0.000000e+00
6.380000e-01,1.432516e-07,3.461723e+01,-2.149973e+00,0.000000e+00,-1.088058e+00,2.214000e-01,2.500000e-05,3.648900e+00,3.826613e+01,0.000000e+00,0.000000e+00,0.000000e+00,0.000000e+00,0.000000e+00,0.000000e+00,0.000000e+00,0.000000e+00,0.000000e+00,0.000000e+00,0.000000e+00,0.000000e+00,0.000000e+00,1.432516e-07,6.004790e+00,0.000000e+00,0.000000e+00,1.968529e-14,1.430829e+01,1.830043e-25,0.000000e+00,1.983861e-14,1.430829e+01,1.830043e-25,0.000000e+00
6.390000e-01,1.435689e-07,3.453424e+01,-2.149753e+00,0.000000e+00,-1.082079e+00,2.214000e-01,2.500000e-05,3.640153e+00,3.817440e+01,0.000000e+00,0.000000e+00,0.000000e+00,0.000000e+00,0.000000e+00,0.000000e+00,0.000000e+00,0.000000e+00,0.000000e+00,0.000000e+00,0.000000e+00,0.000000e+00,0.000000e+00,1.435688e-07,5.990401e+00,0.000000e+00,0.000000e+00,1.922197e-14,1.427400e+01,1.834096e-25,0.000000e+00,1.915027e-14,1.427400e+01,1.834096e-25,0.000000e+00
6.400000e-01,1.438846e-07,3.445076e+01,-2.149497e+00,0.000000e+00,-1.076102e+00,2.214000e-01,2.500000e-05,3.631353e+00,3.808211e+01,0.000000e+00,0.000000e+00,0.000000e+00,0.000000e+00,0.000000e+00,0.000000e+00,0.000000e+00,0.000000e+00,0.000000e+00,0.000000e+00,0.000000e+00,0.000000e+00,0.000000e+00,1.438846e-07,5.975925e+00,0.000000e+00,0.000000e+00,1.933019e-14,1.423951e+01,1.838130e-25,0.000000e+00,1.945002e-14,1.423951e+01,1.838130e-25,0.000000e+00
6.410000e-01,1.441988e-07,3.436677e+01,-2.149202e+00,0.000000e+00,-1.070128e+00,2.214000e-01,2.500000e-05,3.622500e+00,3.798927e+01,0.000000e+00,0.000000e+00,0.000000e+00,0.000000e+00,0.000000e+00,0.000000e+00,0.000000e+00,0.000000e+00,0.000000e+00,0.000000e+00,0.000000e+00,0.000000e+00,0.000000e+00,1.441988e-07,5.961363e+00,0.000000e+00,0.000000e+00,1.925394e-14,1.420481e+01,1.842144e-25,0.000000e+00,1.936710e-14,1.420481e+01,1.842144e-25,0.000000e+00
6.420000e-01,1.445115e-07,3.428230e+01,-2.148871e+00,0.000000e+00,-1.064157e+00,2.214000e-01,2.500000e-05,3.613596e+00,3.789589e+01,0.000000e+00,0.000000e+00,0.000000e+00,0.000000e+00,0.000000e+00,0.000000e+00,0.000000e+00,0.000000e+00,0.000000e+00,0.000000e+00,0.000000e+00,0.000000e+00,0.000000e+00,1.445115e-07,5.946716e+00,0.000000e+00,0.000000e+00,1.981493e-14,1.416991e+01,1.846139e-25,0.000000e+00,1.993603e-14,1.416991e+01,1.846139e-25,0.000000e+00
6.430000e-01,1.448226e-07,3.419733e+01,-2.148502e+00,0.000000e+00,-1.058189e+00,2.214000e-01,2.500000e-05,3.604640e+00,3.780197e+01,0.000000e+00,0.000000e+00,0.000000e+00,0.000000e+00,0.000000e+00,0.000000e+00,0.000000e+00,0.000000e+00,0.000000e+00,0.000000e+00,0.000000e+00,0.000000e+00,0.000000e+00,1.448226e-07,5.931983e+00,0.000000e+00,0.000000e+00,2.011588e-14,1.413480e+01,1.850113e-25,0.000000e+00,2.019049e-14,1.413480e+01,1.850113e-25,0.000000e+00
6.440000e-01,1.451322e-07,3.411187e+01,-2.148096e+00,0.000000e+00,-1.052224e+00,2.214000e-01,2.500000e-05,3.595632e+00,3.770750e+01,0.000000e+00,0.000000e+00,0.000000e+00,0.000000e+00,0.000000e+00,0.000000e+00,0.000000e+00,0.000000e+00,0.000000e+00,0.000000e+00,0.000000e+00,0.000000e+00,0.000000e+00,1.451322e-07,5.917165e+00,0.000000e+00,0.000000e+00,2.013241e-14,1.409949e+01,1.854068e-25,0.000000e+00,2.009663e-14,1.409949e+01,1.854068e-25,0.000000e+00
6.450000e-01,1.454403e-07,3.402592e+01,-2.147652e+00,0.000000e+00,-1.046263e+00,2.214000e-01,2.500000e-05,3.586572e+00,3.761250e+01,0.000000e+00,0.000000e+00,0.000000e+00,0.000000e+00,0.000000e+00,0.000000e+00,0.000000e+00,0.000000e+00,0.000000e+00,0.000000e+00,0.000000e+00,0.000000e+00,0.000000e+00,1.454402e-07,5.902263e+00,0.000000e+00,0.000000e+00,1.982606e-14,1.406399e+01,1.858004e-25,0.000000e+00,1.975595e-14,1.406399e+01,1.858004e-25,0.000000e+00
6.460000e-01,1.457467e-07,3.393950e+01,-2.147171e+00,0.000000e+00,-1.040304e+00,2.214000e-01,2.500000e-05,3.577462e+00,3.751696e+01,0.000000e+00,0.000000e+00,0.000000e+00,0.000000e+00,0.000000e+00,0.000000e+00,0.000000e+00,0.000000e+00,0.000000e+00,0.000000e+00,0.000000e+00,0.000000e+00,0.000000e+00,1.457467e-07,5.887276e+00,0.000000e+00,0.000000e+00,1.997977e-14,1.402828e+01,1.861919e-25,0.000000e+00,1.987607e-14,1.402828e+01,1.861919e-25,0.000000e+00
6.470000e-01,1.460517e-07,3.385258e+01,-2.146653e+00,0.000000e+00,-1.034350e+00,2.214000e-01,2.500000e-05,3.568301e+00,3.742088e+01,0.000000e+00,0.000000e+00,0.000000e+00,0.000000e+00,0.000000e+00,0.000000e+00,0.000000e+00,0.000000e+00,0.000000e+00,0.000000e+00,0.000000e+00,0.000000e+00,0.000000e+00,1.460516e-07,5.872206e+00,0.000000e+00,0.000000e+00,1.971495e-14,1.399237e+01,1.865814e-25,0.000000e+00,1.986662e-14,1.399236e+01,1.865814e-25,0.000000e+00
6.480000e-01,1.463550e-07,3.376519e+01,-2.146098e+00,0.000000e+00,-1.028400e+00,2.214000e-01,2.500000e-05,3.559089e+00,3.732428e+01,0.000000e+00,0.000000e+00,0.000000e+00,0.000000e+00,0.000000e+00,0.000000e+00,0.000000e+00,0.000000e+00,0.000000e+00,0.000000e+00,0.000000e+00,0.000000e+00,0.000000e+00,1.463550e-07,5.857052e+00,0.000000e+00,0.000000e+00,1.990471e-14,1.395626e+01,1.869690e-25,0.000000e+00,1.973929e-14,1.395626e+01,1.869690e-25,0.000000e+00
6.490000e-01,1.466568e-07,3.367731e+01,-2.145505e+00,0.000000e+00,-1.022454e+00,2.214000e-01,2.500000e-05,3.549826e+00,3.722714e+01,0.000000e+00,0.000000e+00,0.000000e+00,0.000000e+00,0.000000e+00,0.000000e+00,0.000000e+00,0.000000e+00,0.000000e+00,0.000000e+00,0.000000e+00,0.000000e+00,0.000000e+00,1.466568e-07,5.841815e+00,0.000000e+00,0.000000e+00,2.036571e-14,1.391995e+01,1.873545e-25,0.000000e+00,2.051749e-14,1.391995e+01,1.873545e-25,0.000000e+00
6.500000e-01,1.469570e-07,3.358896e+01,-2.144875e+00,0.000000e+00,-1.016513e+00,2.214000e-01,2.500000e-05,3.540514e+00,3.712948e+01,0.000000e+00,0.000000e+00,0.000000e+00,0.000000e+00,0.000000e+00,0.000000e+00,0.000000e+00,0.000000e+00,0.000000e+00,0.000000e+00,0.000000e+00,0.000000e+00,0.000000e+00,1.469570e-07,5.826496e+00,0.000000e+00,0.000000e+00,2.037706e-14,1.388345e+01,1.877380e-25,0.000000e+00,2.041418e-14,1.388345e+01,1.877380e-25,0.000000e+00
6.510000e-01,1.472556e-07,3.350014e+01,-2.144207e+00,0.000000e+00,-1.010575e+00,2.214000e-01,2.500000e-05,3.531151e+00,3.703129e+01,0.000000e+00,0.000000e+00,0.000000e+00,0.000000e+00,0.000000e+00,0.000000e+00,0.000000e+00,0.000000e+00,0.000000e+00,0.000000e+00,0.000000e+00,0.000000e+00,0.000000e+00,1.472556e-07,5.811095e+00,0.000000e+00,0.000000e+00,2.066814e-14,1.384675e+01,1.881195e-25,0.000000e+00,2.063265e-14,1.384675e+01,1.881195e-25,0.000000e+00
6.520000e-01,1.475527e-07,3.341085e+01,-2.143502e+00,0.000000e+00,-1.004643e+00,2.214000e-01,2.500000e-05,3.521739e+00,3.693259e+01,0.000000e+00,0.000000e+00,0.000000e+00,0.000000e+00,0.000000e+00,0.000000e+00,0.000000e+00,0.000000e+00,0.000000e+00,0.000000e+00,0.000000e+00,0.000000e+00,0.000000e+00,1.475526e-07,5.795611e+00,0.000000e+00,0.000000e+00,2.037159e-14,1.380986e+01,1.884990e-25,0.000000e+00,2.044846e-14,1.380986e+01,1.884990e-25,0.000000e+00
6.530000e-01,1.478481e-07,3.332108e+01,-2.142760e+00,0.000000e+00,-9.987159e-01,2.214000e-01,2.500000e-05,3.512277e+00,3.683336e+01,0.000000e+00,0.000000e+00,0.000000e+00,0.000000e+00,0.000000e+00,0.000000e+00,0.000000e+00,0.000000e+00,0.000000e+00,0.000000e+00,0.000000e+00,0.000000e+00,0.000000e+00,1.478481e-07,5.780047e+00,0.000000e+00,0.000000e+00,2.102100e-14,1.377277e+01,1.888764e-25,0.000000e+00,2.117085e-14,1.377277e+01,1.888764e-25,0.000000e+00
6.540000e-01,1.481420e-07,3.323085e+01,-2.141981e+00,0.000000e+00,-9.927937e-01,2.214000e-01,2.500000e-05,3.502766e+00,3.673362e+01,0.000000e+00,0.000000e+00,0.000000e+00,0.000000e+00,0.000000e+00,0.000000e+00,0.000000e+00,0.000000e+00,0.000000e+00,0.000000e+00,0.000000e+00,0.000000e+00,0.000000e+00,1.481420e-07,5.764401e+00,0.000000e+00,0.000000e+00,2.106071e-14,1.373549e+01,1.892518e-25,0.000000e+00,2.096051e-14,1.373549e+01,1.892518e-25,0.000000e+00
6.550000e-01,1.484343e-07,3.314016e+01,-2.141164e+00,0.000000e+00,-9.868770e-01,2.214000e-01,2.500000e-05,3.493207e+00,3.663337e+01,0.000000e+00,0.000000e+00,0.000000e+00,0.000000e+00,0.000000e+00,0.000000e+00,0.000000e+00,0.000000e+00,0.000000e+00,0.000000e+00,0.000000e+00,0.000000e+00,0.000000e+00,1.484342e-07,5.748675e+00,0.000000e+00,0.000000e+00,2.044596e-14,1.369802e+01,1.896252e-25,0.000000e+00,2.035594e-14,1.369802e+01,1.896252e-25,0.000000e+00
6.560000e-01,1.487249e-07,3.304900e+01,-2.140310e+00,0.000000e+00,-9.809658e-01,2.214000e-01,2.500000e-05,3.483598e+00,3.653260e+01,0.000000e+00,0.000000e+00,0.000000e+00,0.000000e+00,0.000000e+00,0.000000e+00,0.000000e+00,0.000000e+00,0.000000e+00,0.000000e+00,0.000000e+00,0.000000e+00,0.000000e+00,1.487249e-07,5.732869e+00,0.000000e+00,0.000000e+00,2.076842e-14,1.366035e+01,1.899965e-25,0.000000e+00,2.084042e-14,1.366035e+01,1.899965e-25,0.000000e+00
6.570000e-01,1.490140e-07,3.295739e+01,-2.139418e+00,0.000000e+00,-9.750603e-01,2.214000e-01,2.500000e-05,3.473941e+00,3.643133e+01,0.000000e+00,0.000000e+00,0.000000e+00,0.000000e+00,0.000000e+00,0.000000e+00,0.000000e+00,0.000000e+00,0.000000e+00,0.000000e+00,0.000000e+00,0.000000e+00,0.000000e+00,1.490140e-07,5.716983e+00,0.000000e+00,0.000000e+00,2.111774e-14,1.362250e+01,1.903658e-25,0.000000e+00,2.104857e-14,1.362250e+01,1.903658e-25,0.000000e+00
6.580000e-01,1.493015e-07,3.286531e+01,-2.138489e+00,0.000000e+00,-9.691609e-01,2.214000e-01,2.500000e-05,3.464236e+00,3.632955e+01,0.000000e+00,0.000000e+00,0.000000e+00,0.000000e+00,0.000000e+00,0.000000e+00,0.000000e+00,0.000000e+00,0.000000e+00,0.000000e+00,0.000000e+00,0.000000e+00,0.000000e+00,1.493014e-07,5.701018e+00,0.000000e+00,0.000000e+00,2.140053e-14,1.358446e+01,1.907331e-25,0.000000e+00,2.151332e-14,1.358446e+01,1.907331e-25,0.000000e+00
6.590000e-01,1.495873e-07,3.277279e+01,-2.137523e+00,0.000000e+00,-9.632675e-01,2.214000e-01,2.500000e-05,3.454483e+00,3.622727e+01,0.000000e+00,0.000000e+00,0.000000e+00,0.000000e+00,0.000000e+00,0.000000e+00,0.000000e+00,0.000000e+00,0.000000e+00,0.000000e+00,0.000000e+00,0.000000e+00,0.000000e+00,1.495873e-07,5.684974e+00,0.000000e+00,0.000000e+00,2.093456e-14,1.354623e+01,1.910982e-25,0.000000e+00,2.119715e-14,1.354623e+01,1.910982e-25,0.000000e+00
6.600000e-01,1.498716e-07,3.267981e+01,-2.136520e+00,0.000000e+00,-9.573804e-01,2.214000e-01,2.500000e-05,3.444682e+00,3.612449e+01,0.000000e+00,0.000000e+00,0.000000e+00,0.000000e+00,0.000000e+00,0.000000e+00,0.000000e+00,0.000000e+00,0.000000e+00,0.000000e+00,0.000000e+00,0.000000e+00,0.000000e+00,1.498715e-07,5.668851e+00,0.000000e+00,0.000000e+00,2.128763e-14,1.350781e+01,1.914613e-25,0.000000e+00,2.135854e-14,1.350781e+01,1.914614e-25,0.000000e+00
6.610000e-01,1.501542e-07,3.258638e+01,-2.135479e+00,0.000000e+00,-9.514999e-01,2.214000e-01,2.500000e-05,3.434834e+00,3.602121e+01,0.000000e+00,0.000000e+00,0.000000e+00,0.000000e+00,0.000000e+00,0.000000e+00,0.000000e+00,0.000000e+00,0.000000e+00,0.000000e+00,0.000000e+00,0.000000e+00,0.000000e+00,1.501541e-07,5.652650e+00,0.000000e+00,0.000000e+00,2.150833e-14,1.346921e+01,1.918224e-25,0.000000e+00,2.165400e-14,1.346921e+01,1.918224e-25,0.000000e+00
6.620000e-01,1.504352e-07,3.249250e+01,-2.134402e+00,0.000000e+00,-9.456261e-01,2.214000e-01,2.500000e-05,3.424939e+00,3.591744e+01,0.000000e+00,0.000000e+00,0.000000e+00,0.000000e+00,0.000000e+00,0.000000e+00,0.000000e+00,0.000000e+00,0.000000e+00,0.000000e+00,0.000000e+00,0.000000e+00,0.000000e+00,1.504351e-07,5.636372e+00,0.000000e+00,0.000000e+00,2.161955e-14,1.343042e+01,1.921814e-25,0.000000e+00,2.169062e-14,1.343042e+01,1.921814e-25,0.000000e+00
6.630000e-01,1.507146e-07,3.239818e+01,-2.133287e+00,0.000000e+00,-9.397592e-01,2.214000e-01,2.500000e-05,3.414997e+00,3.581318e+01,0.000000e+00,0.000000e+00,0.000000e+00,0.000000e+00,0.000000e+00,0.000000e+00,0.000000e+00,0.000000e+00,0.000000e+00,0.000000e+00,0.000000e+00,0.000000e+00,0.000000e+00,1.507145e-07,5.620017e+00,0.000000e+00,0.000000e+00,2.151119e-14,1.339145e+01,1.925383e-25,0.000000e+00,2.169513e-14,1.339145e+01,1.925383e-25,0.000000e+00
6.640000e-01,1.509923e-07,3.230342e+01,-2.132134e+00,0.000000e+00,-9.338993e-01,2.214000e-01,2.500000e-05,3.405009e+00,3.570843e+01,0.000000e+00,0.000000e+00,0.000000e+00,0.000000e+00,0.000000e+00,0.000000e+00,0.000000e+00,0.000000e+00,0.000000e+00,0.000000e+00,0.000000e+00,0.000000e+00,0.000000e+00,1.509922e-07,5.603585e+00,0.000000e+00,0.000000e+00,2.128417e-14,1.335229e+01,1.928931e-25,0.000000e+00,2.121685e-14,1.335229e+01,1.928931e-25,0.000000e+00
6.650000e-01,1.512684e-07,3.220822e+01,-2.130945e+00,0.000000e+00,-9.280468e-01,2.214000e-01,2.500000e-05,3.394974e+00,3.560319e+01,0.000000e+00,0.000000e+00,0.000000e+00,0.000000e+00,0.000000e+00,0.000000e+00,0.000000e+00,0.000000e+00,0.000000e+00,0.000000e+00,0.000000e+00,0.000000e+00,0.000000e+00,1.512684e-07,5.587077e+00,0.000000e+00,0.000000e+00,2.167383e-14,1.331296e+01,1.932459e-25,0.000000e+00,2.167400e-14,1.331296e+01,1.932459e-25,0.000000e+00
6.660000e-01,1.515429e-07,3.211258e+01,-2.129718e+00,0.000000e+00,-9.222017e-01,2.214000e-01,2.500000e-05,3.384892e+00,3.549747e+01,0.000000e+00,0.000000e+00,0.000000e+00,0.000000e+00,0.000000e+00,0.000000e+00,0.000000e+00,0.000000e+00,0.000000e+00,0.000000e+00,0.000000e+00,0.000000e+00,0.000000e+00,1.515429e-07,5.570493e+00,0.000000e+00,0.000000e+00,2.166494e-14,1.327344e+01,1.935965e-25,0.000000e+00,2.180973e-14,1.327344e+01,1.935965e-25,0.000000e+00
6.670000e-01,1.518158e-07,3.201651e+01,-2.128454e+00,0.000000e+00,-9.163642e-01,2.214000e-01,2.500000e-05,3.374766e+00,3.539127e+01,0.000000e+00,0.000000e+00,0.000000e+00,0.000000e+00,0.000000e+00,0.000000e+00,0.000000e+00,0.000000e+00,0.000000e+00,0.000000e+00,0.000000e+00,0.000000e+00,0.000000e+00,1.518157e-07,5.553833e+00,0.000000e+00,0.000000e+00,2.144997e-14,1.323374e+01,1.939451e-25,0.000000e+00,2.130651e-14,1.323374e+01,1.939451e-25,0.000000e+00
6.680000e-01,1.520870e-07,3.192000e+01,-2.127153e+00,0.000000e+00,-9.105346e-01,2.214000e-01,2.500000e-05,3.364593e+00,3.528460e+01,0.000000e+00,0.000000e+00,0.000000e+00,0.000000e+00,0.000000e+00,0.000000e+00,0.000000e+00,0.000000e+00,0.000000e+00,0.000000e+00,0.000000e+00,0.000000e+00,0.000000e+00,1.520870e-07,5.537099e+00,0.000000e+00,0.000000e+00,2.159513e-14,1.319387e+01,1.942916e-25,0.000000e+00,2.167425e-14,1.319387e+01,1.942916e-25,0.000000e+00
6.690000e-01,1.523566e-07,3.182307e+01,-2.125815e+00,0.000000e+00,-9.047129e-01,2.214000e-01,2.500000e-05,3.354376e+00,3.517744e+01,0.000000e+00,0.000000e+00,0.000000e+00,0.000000e+00,0.000000e+00,0.000000e+00,0.000000e+00,0.000000e+00,0.000000e+00,0.000000e+00,0.000000e+00,0.000000e+00,0.000000e+00,1.523565e-07,5.520290e+00,0.000000e+00,0.000000e+00,2.237488e-14,1.315382e+01,1.946360e-25,0.000000e+00,2.238928e-14,1.315382e+01,1.946360e-25,0.000000e+00
6.700000e-01,1.526245e-07,3.172571e+01,-2.124440e+00,0.000000e+00,-8.988996e-01,2.214000e-01,2.500000e-05,3.344113e+00,3.506982e+01,0.000000e+00,0.000000e+00,0.000000e+00,0.000000e+00,0.000000e+00,0.000000e+00,0.000000e+00,0.000000e+00,0.000000e+00,0.000000e+00,0.000000e+00,0.000000e+00,0.000000e+00,1.526245e-07,5.503407e+00,0.000000e+00,0.000000e+00,2.183017e-14,1.311359e+01,1.949783e-25,0.000000e+00,2.185771e-14,1.311359e+01,1.949783e-25,0.000000e+00
6.710000e-01,1.528908e-07,3.162792e+01,-2.123028e+00,0.000000e+00,-8.930945e-01,2.214000e-01,2.500000e-05,3.333806e+00,3.496173e+01,0.000000e+00,0.000000e+00,0.000000e+00,0.000000e+00,0.000000e+00,0.000000e+00,0.000000e+00,0.000000e+00,0.000000e+00,0.000000e+00,0.000000e+00,0.000000e+00,0.000000e+00,1.528908e-07,5.486451e+00,0.000000e+00,0.000000e+00,2.248851e-14,1.307318e+01,1.953185e-25,0.000000e+00,2.255956e-14,1.307318e+01,1.953185e-25,0.000000e+00
6.720000e-01,1.531555e-07,3.152971e+01,-2.121578e+00,0.000000e+00,-8.872980e-01,2.214000e-01,2.500000e-05,3.323454e+00,3.485317e+01,0.000000e+00,0.000000e+00,0.000000e+00,0.000000e+00,0.000000e+00,0.000000e+00,0.000000e+00,0.000000e+00,0.000000e+00,0.000000e+00,0.000000e+00,0.000000e+00,0.000000e+00,1.531554e-07,5.469422e+00,0.000000e+00,0.000000e+00,2.256587e-14,1.303261e+01,1.956566e-25,0.000000e+00,2.275203e-14,1.303261e+01,1.956566e-25,0.000000e+00
6.730000e-01,1.534185e-07,3.143109e+01,-2.120092e+00,0.000000e+00,-8.815104e-01,2.214000e-01,2.500000e-05,3.313058e+00,3.474415e+01,0.000000e+00,0.000000e+00,0.000000e+00,0.000000e+00,0.000000e+00,0.000000e+00,0.000000e+00,0.000000e+00,0.000000e+00,0.000000e+00,0.000000e+00,0.000000e+00,0.000000e+00,1.534184e-07,5.452320e+00,0.000000e+00,0.000000e+00,2.221978e-14,1.299186e+01,1.959926e-25,0.000000e+00,2.232565e-14,1.299186e+01,1.959926e-25,0.000000e+00
6.740000e-01,1.536798e-07,3.133205e+01,-2.118569e+00,0.000000e+00,-8.757316e-01,2.214000e-01,2.500000e-05,3.302619e+00,3.463467e+01,0.000000e+00,0.000000e+00,0.000000e+00,0.000000e+00,0.000000e+00,0.000000e+00,0.000000e+00,0.000000e+00,0.000000e+00,0.000000e+00,0.000000e+00,0.000000e+00,0.000000e+00,1.536798e-07,5.435146e+00,0.000000e+00,0.000000e+00,2.202542e-14,1.295093e+01,1.963265e-25,0.000000e+00,2.201131e-14,1.295093e+01,1.963265e-25,0.000000e+00
6.750000e-01,1.539395e-07,3.123260e+01,-2.117008e+00,0.000000e+00,-8.699620e-01,2.214000e-01,2.500000e-05,3.292136e+00,3.452473e+01,0.000000e+00,0.000000e+00,0.000000e+00,0.000000e+00,0.000000e+00,0.000000e+00,0.000000e+00,0.000000e+00,0.000000e+00,0.000000e+00,0.000000e+00,0.000000e+00,0.000000e+00,1.539395e-07,5.417900e+00,0.000000e+00,0.000000e+00,2.218312e-14,1.290984e+01,1.966582e-25,0.000000e+00,2.203838e-14,1.290984e+01,1.966582e-25,0.000000e+00
6.760000e-01,1.541976e-07,3.113273e+01,-2.115411e+00,0.000000e+00,-8.642016e-01,2.214000e-01,2.500000e-05,3.281610e+00,3.441434e+01,0.000000e+00,0.000000e+00,0.000000e+00,0.000000e+00,0.000000e+00,0.000000e+00,0.000000e+00,0.000000e+00,0.000000e+00,0.000000e+00,0.000000e+00,0.000000e+00,0.000000e+00,1.541976e-07,5.400582e+00,0.000000e+00,0.000000e+00,2.247258e-14,1.286858e+01,1.969879e-25,0.000000e+00,2.243987e-14,1.286858e+01,1.969879e-25,0.000000e+00
6.770000e-01,1.544540e-07,3.103246e+01,-2.113777e+00,0.000000e+00,-8.584508e-01,2.214000e-01,2.500000e-05,3.271040e+00,3.430350e+01,0.000000e+00,0.000000e+00,0.000000e+00,0.000000e+00,0.000000e+00,0.000000e+00,0.000000e+00,0.000000e+00,0.000000e+00,0.000000e+00,0.000000e+00,0.000000e+00,0.000000e+00,1.544540e-07,5.383194e+00,0.000000e+00,0.000000e+00,2.298822e-14,1.282714e+01,1.973154e-25,0.000000e+00,2.294130e-14,1.282714e+01,1.973155e-25,0.000000e+00
6.780000e-01,1.547087e-07,3.093178e+01,-2.112106e+00,0.000000e+00,-8.527096e-01,2.214000e-01,2.500000e-05,3.260428e+00,3.419221e+01,0.000000e+00,0.000000e+00,0.000000e+00,0.000000e+00,0.000000e+00,0.000000e+00,0.000000e+00,0.000000e+00,0.000000e+00,0.000000e+00,0.000000e+00,0.000000e+00,0.000000e+00,1.547087e-07,5.365736e+00,0.000000e+00,0.000000e+00,2.261993e-14,1.278554e+01,1.976409e-25,0.000000e+00,2.266891e-14,1.278554e+01,1.976409e-25,0.000000e+00
6.790000e-01,1.549618e-07,3.083070e+01,-2.110398e+00,0.000000e+00,-8.469782e-01,2.214000e-01,2.500000e-05,3.249774e+00,3.408047e+01,0.000000e+00,0.000000e+00,0.000000e+00,0.000000e+00,0.000000e+00,0.000000e+00,0.000000e+00,0.000000e+00,0.000000e+00,0.000000e+00,0.000000e+00,0.000000e+00,0.000000e+00,1.549618e-07,5.348209e+00,0.000000e+00,0.000000e+00,2.245286e-14,1.274378e+01,1.979642e-25,0.000000e+00,2.248595e-14,1.274378e+01,1.979642e-25,0.000000e+00
6.800000e-01,1.552133e-07,3.072922e+01,-2.108653e+00,0.000000e+00,-8.412569e-01,2.214000e-01,2.500000e-05,3.239077e+00,3.396830e+01,0.000000e+00,0.000000e+00,0.000000e+00,0.000000e+00,0.000000e+00,0.000000e+00,0.000000e+00,0.000000e+00,0.000000e+00,0.000000e+00,0.000000e+00,0.000000e+00,0.000000e+00,1.552132e-07,5.330612e+00,0.000000e+00,0.000000e+00,2.332060e-14,1.270185e+01,1.982854e-25,0.000000e+00,2.337757e-14,1.270185e+01,1.982854e-25,0.000000e+00
6.810000e-01,1.554630e-07,3.062735e+01,-2.106871e+00,0.000000e+00,-8.355458e-01,2.214000e-01,2.500000e-05,3.228338e+00,3.385569e+01,0.000000e+00,0.000000e+00,0.000000e+00,0.000000e+00,0.000000e+00,0.000000e+00,0.000000e+00,0.000000e+00,0.000000e+00,0.000000e+00,0.000000e+00,0.000000e+00,0.000000e+00,1.554630e-07,5.312946e+00,0.000000e+00,0.000000e+00,2.284938e-14,1.265975e+01,1.986045e-25,0.000000e+00,2.301316e-14,1.265975e+01,1.986045e-25,0.000000e+00
6.820000e-01,1.557111e-07,3.052508e+01,-2.105052e+00,0.000000e+00,-8.298450e-01,2.214000e-01,2.500000e-05,3.217559e+00,3.374264e+01,0.000000e+00,0.000000e+00,0.000000e+00,0.000000e+00,0.000000e+00,0.000000e+00,0.000000e+00,0.000000e+00,0.000000e+00,0.000000e+00,0.000000e+00,0.000000e+00,0.000000e+00,1.557111e-07,5.295211e+00,0.000000e+00,0.000000e+00,2.266192e-14,1.261750e+01,1.989215e-25,0.000000e+00,2.282489e-14,1.261750e+01,1.989215e-25,0.000000e+00
6.830000e-01,1.559576e-07,3.042242e+01,-2.103197e+00,0.000000e+00,-8.241547e-01,2.214000e-01,2.500000e-05,3.206738e+00,3.362916e+01,0.000000e+00,0.000000e+00,0.000000e+00,0.000000e+00,0.000000e+00,0.000000e+00,0.000000e+00,0.000000e+00,0.000000e+00,0.000000e+00,0.000000e+00,0.000000e+00,0.000000e+00,1.559576e-07,5.277409e+00,0.000000e+00,0.000000e+00,2.331705e-14,1.257508e+01,1.992363e-25,0.000000e+00,2.336361e-14,1.257508e+01,1.992363e-25,0.000000e+00
6.840000e-01,1.562024e-07,3.031937e+01,-2.101305e+00,0.000000e+00,-8.184752e-01,2.214000e-01,2.500000e-05,3.195875e+00,3.351525e+01,0.000000e+00,0.000000e+00,0.000000e+00,0.000000e+00,0.000000e+00,0.000000e+00,0.000000e+00,0.000000e+00,0.000000e+00,0.000000e+00,0.000000e+00,0.000000e+00,0.000000e+00,1.562024e-07,5.259539e+00,0.000000e+00,0.000000e+00,2.333626e-14,1.253250e+01,1.995491e-25,0.000000e+00,2.308859e-14,1.253250e+01,1.995491e-25,0.000000e+00
6.850000e-01,1.564455e-07,3.021593e+01,-2.099377e+00,0.000000e+00,-8.128065e-01,2.214000e-01,2.500000e-05,3.184973e+00,3.340091e+01,0.000000e+00,0.000000e+00,0.000000e+00,0.000000e+00,0.000000e+00,0.000000e+00,0.000000e+00,0.000000e+00,0.000000e+00,0.000000e+00,0.000000e+00,0.000000e+00,0.000000e+00,1.564455e-07,5.241603e+00,0.000000e+00,0.000000e+00,2.379218e-14,1.248976e+01,1.998597e-25,0.000000e+00,2.336672e-14,1.248976e+01,1.998597e-25,0.000000e+00
6.860000e-01,1.566870e-07,3.011212e+01,-2.097411e+00,0.000000e+00,-8.071491e-01,2.214000e-01,2.500000e-05,3.174030e+00,3.328615e+01,0.000000e+00,0.000000e+00,0.000000e+00,0.000000e+00,0.000000e+00,0.000000e+00,0.000000e+00,0.000000e+00,0.000000e+00,0.000000e+00,0.000000e+00,0.000000e+00,0.000000e+00,1.566870e-07,5.223600e+00,0.000000e+00,0.000000e+00,2.387037e-14,1.244686e+01,2.001681e-25,0.000000e+00,2.347219e-14,1.244686e+01,2.001681e-25,0.000000e+00
6.870000e-01,1.569268e-07,3.000792e+01,-2.095409e+00,0.000000e+00,-8.015027e-01,2.214000e-01,2.500000e-05,3.163047e+00,3.317097e+01,0.000000e+00,0.000000e+00,0.000000e+00,0.000000e+00,0.000000e+00,0.000000e+00,0.000000e+00,0.000000e+00,0.000000e+00,0.000000e+00,0.000000e+00,0.000000e+00,0.000000e+00,1.569268e-07,5.205532e+00,0.000000e+00,0.000000e+00,2.380948e-14,1.240380e+01,2.004745e-25,0.000000e+00,2.344309e-14,1.240381e+01,2.004745e-25,0.000000e+00
6.880000e-01,1.571650e-07,2.990335e+01,-2.093371e+00,0.000000e+00,-7.958678e-01,2.214000e-01,2.500000e-05,3.152024e+00,3.305538e+01,0.000000e+00,0.000000e+00,0.000000e+00,0.000000e+00,0.000000e+00,0.000000e+00,0.000000e+00,0.000000e+00,0.000000e+00,0.000000e+00,0.000000e+00,0.000000e+00,0.000000e+00,1.571649e-07,5.187397e+00,0.000000e+00,0.000000e+00,2.342821e-14,1.236060e+01,2.007787e-25,0.000000e+00,2.306315e-14,1.236060e+01,2.007787e-25,0.000000e+00
6.890000e-01,1.574014e-07,2.979840e+01,-2.091296e+00,0.000000e+00,-7.902445e-01,2.214000e-01,2.500000e-05,3.140962e+00,3.293937e+01,0.000000e+00,0.000000e+00,0.000000e+00,0.000000e+00,0.000000e+00,0.000000e+00,0.000000e+00,0.000000e+00,0.000000e+00,0.000000e+00,0.000000e+00,0.000000e+00,0.000000e+00,1.574014e-07,5.169199e+00,0.000000e+00,0.000000e+00,2.333147e-14,1.231723e+01,2.010808e-25,0.000000e+00,2.363162e-14,1.231723e+01,2.010808e-25,0.000000e+00
6.900000e-01,1.576363e-07,2.969309e+01,-2.089185e+00,0.000000e+00,-7.846329e-01,2.214000e-01,2.500000e-05,3.129861e+00,3.282295e+01,0.000000e+00,0.000000e+00,0.000000e+00,0.000000e+00,0.000000e+00,0.000000e+00,0.000000e+00,0.000000e+00,0.000000e+00,0.000000e+00,0.000000e+00,0.000000e+00,0.000000e+00,1.576362e-07,5.150936e+00,0.000000e+00,0.000000e+00,2.349164e-14,1.227371e+01,2.013808e-25,0.000000e+00,2.329422e-14,1.227371e+01,2.013808e-25,0.000000e+00
6.910000e-01,1.578694e-07,2.958740e+01,-2.087037e+00,0.000000e+00,-7.790332e-01,2.214000e-01,2.500000e-05,3.118721e+00,3.270613e+01,0.000000e+00,0.000000e+00,0.000000e+00,0.000000e+00,0.000000e+00,0.000000e+00,0.000000e+00,0.000000e+00,0.000000e+00,0.000000e+00,0.000000e+00,0.000000e+00,0.000000e+00,1.578694e-07,5.132609e+00,0.000000e+00,0.000000e+00,2.355790e-14,1.223004e+01,2.016787e-25,0.000000e+00,2.363876e-14,1.223004e+01,2.016787e-25,0.000000e+00
6.920000e-01,1.581009e-07,2.948135e+01,-2.084852e+00,0.000000e+00,-7.734457e-01,2.214000e-01,2.500000e-05,3.107543e+00,3.258890e+01,0.000000e+00,0.000000e+00,0.000000e+00,0.000000e+00,0.000000e+00,0.000000e+00,0.000000e+00,0.000000e+00,0.000000e+00,0.000000e+00,0.000000e+00,0.000000e+00,0.000000e+00,1.581009e-07,5.114218e+00,0.000000e+00,0.000000e+00,2.406768e-14,1.218622e+01,2.019744e-25,0.000000e+00,2.382652e-14,1.218622e+01,2.019744e-25,0.000000e+00
6.930000e-01,1.583307e-07,2.937494e+01,-2.082632e+00,0.000000e+00,-7.678704e-01,2.214000e-01,2.500000e-05,3.096326e+00,3.247127e+01,0.000000e+00,0.000000e+00,0.000000e+00,0.000000e+00,0.000000e+00,0.000000e+00,0.000000e+00,0.000000e+00,0.000000e+00,0.000000e+00,0.000000e+00,0.000000e+00,0.000000e+00,1.583307e-07,5.095765e+00,0.000000e+00,0.000000e+00,2.428063e-14,1.214225e+01,2.022680e-25,0.000000e+00,2.396571e-14,1.214225e+01,2.022680e-25,0.000000e+00
6.940000e-01,1.585589e-07,2.926817e+01,-2.080374e+00,0.000000e+00,-7.623075e-01,2.214000e-01,2.500000e-05,3.085072e+00,3.235324e+01,0.000000e+00,0.000000e+00,0.000000e+00,0.000000e+00,0.000000e+00,0.000000e+00,0.000000e+00,0.000000e+00,0.000000e+00,0.000000e+00,0.000000e+00,0.000000e+00,0.000000e+00,1.585589e-07,5.077250e+00,0.000000e+00,0.000000e+00,2.405743e-14,1.209813e+01,2.025595e-25,0.000000e+00,2.388460e-14,1.209813e+01,2.025595e-25,0.000000e+00
6.950000e-01,1.587854e-07,2.916105e+01,-2.078081e+00,0.000000e+00,-7.567572e-01,2.214000e-01,2.500000e-05,3.073780e+00,3.223483e+01,0.000000e+00,0.000000e+00,0.000000e+00,0.000000e+00,0.000000e+00,0.000000e+00,0.000000e+00,0.000000e+00,0.000000e+00,0.000000e+00,0.000000e+00,0.000000e+00,0.000000e+00,1.587854e-07,5.058673e+00,0.000000e+00,0.000000e+00,2.415997e-14,1.205387e+01,2.028489e-25,0.000000e+00,2.410203e-14,1.205387e+01,2.028489e-25,0.000000e+00
6.960000e-01,1.590103e-07,2.905357e+01,-2.075752e+00,0.000000e+00,-7.512197e-01,2.214000e-01,2.500000e-05,3.062451e+00,3.211602e+01,0.000000e+00,0.000000e+00,0.000000e+00,0.000000e+00,0.000000e+00,0.000000e+00,0.000000e+00,0.000000e+00,0.000000e+00,0.000000e+00,0.000000e+00,0.000000e+00,0.000000e+00,1.590102e-07,5.040034e+00,0.000000e+00,0.000000e+00,2.430154e-14,1.200946e+01,2.031361e-25,0.000000e+00,2.382486e-14,1.200946e+01,2.031361e-25,0.000000e+00
6.970000e-01,1.592335e-07,2.894574e+01,-2.073386e+00,0.000000e+00,-7.456951e-01,2.214000e-01,2.500000e-05,3.051085e+00,3.199682e+01,0.000000e+00,0.000000e+00,0.000000e+00,0.000000e+00,0.000000e+00,0.000000e+00,0.000000e+00,0.000000e+00,0.000000e+00,0.000000e+00,0.000000e+00,0.000000e+00,0.000000e+00,1.592334e-07,5.021336e+00,0.000000e+00,0.000000e+00,2.399827e-14,1.196490e+01,2.034213e-25,0.000000e+00,2.378905e-14,1.196490e+01,2.034213e-25,0.000000e+00
6.980000e-01,1.594550e-07,2.883756e+01,-2.070984e+00,0.000000e+00,-7.401836e-01,2.214000e-01,2.500000e-05,3.039682e+00,3.187724e+01,0.000000e+00,0.000000e+00,0.000000e+00,0.000000e+00,0.000000e+00,0.000000e+00,0.000000e+00,0.000000e+00,0.000000e+00,0.000000e+00,0.000000e+00,0.000000e+00,0.000000e+00,1.594549e-07,5.002576e+00,0.000000e+00,0.000000e+00,2.381595e-14,1.192020e+01,2.037043e-25,0.000000e+00,2.381608e-14,1.192020e+01,2.037043e-25,0.000000e+00
6.990000e-01,1.596749e-07,2.872904e+01,-2.068546e+00,0.000000e+00,-7.346852e-01,2.214000e-01,2.500000e-05,3.028244e+00,3.175729e+01,0.000000e+00,0.000000e+00,0.000000e+00,0.000000e+00,0.000000e+00,0.000000e+00,0.000000e+00,0.000000e+00,0.000000e+00,0.000000e+00,0.000000e+00,0.000000e+00,0.000000e+00,1.596748e-07,4.983757e+00,0.000000e+00,0.000000e+00,2.401481e-14,1.187536e+01,2.039851e-25,0.000000e+00,2.412390e-14,1.187536e+01,2.039852e-25,0.000000e+00
7.000000e-01,1.598931e-07,2.862018e+01,-2.066072e+00,0.000000e+00,-7.292004e-01,2.214000e-01,2.500000e-05,3.016769e+00,3.163695e+01,0.000000e+00,0.000000e+00,0.000000e+00,0.000000e+00,0.000000e+00,0.000000e+00,0.000000e+00,0.000000e+00,0.000000e+00,0.000000e+00,0.000000e+00,0.000000e+00,0.000000e+00,1.598930e-07,4.964880e+00,0.000000e+00,0.000000e+00,2.496087e-14,1.183038e+01,2.042639e-25,0.000000e+00,2.474441e-14,1.183038e+01,2.042639e-25,0.000000e+00
7.010000e-01,1.601096e-07,2.851098e+01,-2.063561e+00,0.000000e+00,-7.237291e-01,2.214000e-01,2.500000e-05,3.005259e+00,3.151624e+01,0.000000e+00,0.000000e+00,0.000000e+00,0.000000e+00,0.000000e+00,0.000000e+00,0.000000e+00,0.000000e+00,0.000000e+00,0.000000e+00,0.000000e+00,0.000000e+00,0.000000e+00,1.601096e-07,4.945943e+00,0.000000e+00,0.000000e+00,2.462290e-14,1.178525e+01,2.045406e-25,0.000000e+00,2.440746e-14,1.178525e+01,2.045406e-25,0.000000e+00
7.020000e-01,1.603245e-07,2.840145e+01,-2.061015e+00,0.000000e+00,-7.182714e-01,2.214000e-01,2.500000e-05,2.993713e+00,3.139517e+01,0.000000e+00,0.000000e+00,0.000000e+00,0.000000e+00,0.000000e+00,0.000000e+00,0.000000e+00,0.000000e+00,0.000000e+00,0.000000e+00,0.000000e+00,0.000000e+00,0.000000e+00,1.603245e-07,4.926949e+00,0.000000e+00,0.000000e+00,2.523156e-14,1.173999e+01,2.048151e-25,0.000000e+00,2.491272e-14,1.173999e+01,2.048151e-25,0.000000e+00
7.030000e-01,1.605378e-07,2.829159e+01,-2.058433e+00,0.000000e+00,-7.128277e-01,2.214000e-01,2.500000e-05,2.982133e+00,3.127372e+01,0.000000e+00,0.000000e+00,0.000000e+00,0.000000e+00,0.000000e+00,0.000000e+00,0.000000e+00,0.000000e+00,0.000000e+00,0.000000e+00,0.000000e+00,0.000000e+00,0.000000e+00,1.605377e-07,4.907897e+00,0.000000e+00,0.000000e+00,2.473910e-14,1.169460e+01,2.050875e-25,0.000000e+00,2.478197e-14,1.169460e+01,2.050875e-25,0.000000e+00
7.040000e-01,1.607494e-07,2.818140e+01,-2.055815e+00,0.000000e+00,-7.073981e-01,2.214000e-01,2.500000e-05,2.970518e+00,3.115192e+01,0.000000e+00,0.000000e+00,0.000000e+00,0.000000e+00,0.000000e+00,0.000000e+00,0.000000e+00,0.000000e+00,0.000000e+00,0.000000e+00,0.000000e+00,0.000000e+00,0.000000e+00,1.607493e-07,4.888788e+00,0.000000e+00,0.000000e+00,2.471173e-14,1.164906e+01,2.053578e-25,0.000000e+00,2.433756e-14,1.164907e+01,2.053578e-25,0.000000e+00
7.050000e-01,1.609593e-07,2.807088e+01,-2.053162e+00,0.000000e+00,-7.019826e-01,2.214000e-01,2.500000e-05,2.958869e+00,3.102975e+01,0.000000e+00,0.000000e+00,0.000000e+00,0.000000e+00,0.000000e+00,0.000000e+00,0.000000e+00,0.000000e+00,0.000000e+00,0.000000e+00,0.000000e+00,0.000000e+00,0.000000e+00,1.609593e-07,4.869622e+00,0.000000e+00,0.000000e+00,2.525603e-14,1.160340e+01,2.056261e-25,0.000000e+00,2.485636e-14,1.160340e+01,2.056261e-25,0.000000e+00
7.060000e-01,1.611676e-07,2.796004e+01,-2.050472e+00,0.000000e+00,-6.965815e-01,2.214000e-01,2.500000e-05,2.947186e+00,3.090723e+01,0.000000e+00,0.000000e+00,0.000000e+00,0.000000e+00,0.000000e+00,0.000000e+00,0.000000e+00,0.000000e+00,0.000000e+00,0.000000e+00,0.000000e+00,0.000000e+00,0.000000e+00,1.611676e-07,4.850401e+00,0.000000e+00,0.000000e+00,2.461723e-14,1.155760e+01,2.058922e-25,0.000000e+00,2.444848e-14,1.155760e+01,2.058922e-25,0.000000e+00
7.070000e-01,1.613743e-07,2.784889e+01,-2.047747e+00,0.000000e+00,-6.911949e-01,2.214000e-01,2.500000e-05,2.935469e+00,3.078436e+01,0.000000e+00,0.000000e+00,0.000000e+00,0.000000e+00,0.000000e+00,0.000000e+00,0.000000e+00,0.000000e+00,0.000000e+00,0.000000e+00,0.000000e+00,0.000000e+00,0.000000e+00,1.613742e-07,4.831125e+00,0.000000e+00,0.000000e+00,2.511381e-14,1.151166e+01,2.061562e-25,0.000000e+00,2.491226e-14,1.151167e+01,2.061562e-25,0.000000e+00
7.080000e-01,1.615793e-07,2.773742e+01,-2.044986e+00,0.000000e+00,-6.858230e-01,2.214000e-01,2.500000e-05,2.923719e+00,3.066114e+01,0.000000e+00,0.000000e+00,0.000000e+00,0.000000e+00,0.000000e+00,0.000000e+00,0.000000e+00,0.000000e+00,0.000000e+00,0.000000e+00,0.000000e+00,0.000000e+00,0.000000e+00,1.615792e-07,4.811794e+00,0.000000e+00,0.000000e+00,2.543841e-14,1.146560e+01,2.064180e-25,0.000000e+00,2.505838e-14,1.146560e+01,2.064181e-25,0.000000e+00
7.090000e-01,1.617826e-07,2.762563e+01,-2.042190e+00,0.000000e+00,-6.804658e-01,2.214000e-01,2.500000e-05,2.911937e+00,3.053757e+01,0.000000e+00,0.000000e+00,0.000000e+00,0.000000e+00,0.000000e+00,0.000000e+00,0.000000e+00,0.000000e+00,0.000000e+00,0.000000e+00,0.000000e+00,0.000000e+00,0.000000e+00,1.617826e-07,4.792408e+00,0.000000e+00,0.000000e+00,2.483305e-14,1.141941e+01,2.066778e-25,0.000000e+00,2.518648e-14,1.141941e+01,2.066778e-25,0.000000e+00
7.100000e-01,1.619843e-07,2.751354e+01,-2.039358e+00,0.000000e+00,-6.751236e-01,2.214000e-01,2.500000e-05,2.900121e+00,3.041366e+01,0.000000e+00,0.000000e+00,0.000000e+00,0.000000e+00,0.000000e+00,0.000000e+00,0.000000e+00,0.000000e+00,0.000000e+00,0.000000e+00,0.000000e+00,0.000000e+00,0.000000e+00,1.619843e-07,4.772970e+00,0.000000e+00,0.000000e+00,2.519454e-14,1.137309e+01,2.069355e-25,0.000000e+00,2.478896e-14,1.137309e+01,2.069355e-25,0.000000e+00
7.110000e-01,1.621844e-07,2.740114e+01,-2.036490e+00,0.000000e+00,-6.697966e-01,2.214000e-01,2.500000e-05,2.888274e+00,3.028942e+01,0.000000e+00,0.000000e+00,0.000000e+00,0.000000e+00,0.000000e+00,0.000000e+00,0.000000e+00,0.000000e+00,0.000000e+00,0.000000e+00,0.000000e+00,0.000000e+00,0.000000e+00,1.621844e-07,4.753478e+00,0.000000e+00,0.000000e+00,2.530854e-14,1.132665e+01,2.071911e-25,0.000000e+00,2.525502e-14,1.132665e+01,2.071911e-25,0.000000e+00
7.120000e-01,1.623829e-07,2.728844e+01,-2.033587e+00,0.000000e+00,-6.644848e-01,2.214000e-01,2.500000e-05,2.876394e+00,3.016484e+01,0.000000e+00,0.000000e+00,0.000000e+00,0.000000e+00,0.000000e+00,0.000000e+00,0.000000e+00,0.000000e+00,0.000000e+00,0.000000e+00,0.000000e+00,0.000000e+00,0.000000e+00,1.623828e-07,4.733933e+00,0.000000e+00,0.000000e+00,2.518960e-14,1.128008e+01,2.074447e-25,0.000000e+00,2.524818e-14,1.128008e+01,2.074447e-25,0.000000e+00
7.130000e-01,1.625797e-07,2.717544e+01,-2.030649e+00,0.000000e+00,-6.591884e-01,2.214000e-01,2.500000e-05,2.864484e+00,3.003993e+01,0.000000e+00,0.000000e+00,0.000000e+00,0.000000e+00,0.000000e+00,0.000000e+00,0.000000e+00,0.000000e+00,0.000000e+00,0.000000e+00,0.000000e+00,0.000000e+00,0.000000e+00,1.625796e-07,4.714337e+00,0.000000e+00,0.000000e+00,2.519751e-14,1.123338e+01,2.076961e-25,0.000000e+00,2.584788e-14,1.123338e+01,2.076961e-25,0.000000e+00
7.140000e-01,1.627749e-07,2.706215e+01,-2.027675e+00,0.000000e+00,-6.539077e-01,2.214000e-01,2.500000e-05,2.852541e+00,2.991469e+01,0.000000e+00,0.000000e+00,0.000000e+00,0.000000e+00,0.000000e+00,0.000000e+00,0.000000e+00,0.000000e+00,0.000000e+00,0.000000e+00,0.000000e+00,0.000000e+00,0.000000e+00,1.627748e-07,4.694690e+00,0.000000e+00,0.000000e+00,2.592939e-14,1.118657e+01,2.079454e-25,0.000000e+00,2.578127e-14,1.118657e+01,2.079454e-25,0.000000e+00
7.150000e-01,1.629684e-07,2.694856e+01,-2.024666e+00,0.000000e+00,-6.486425e-01,2.214000e-01,2.500000e-05,2.840569e+00,2.978913e+01,0.000000e+00,0.000000e+00,0.000000e+00,0.000000e+00,0.000000e+00,0.000000e+00,0.000000e+00,0.000000e+00,0.000000e+00,0.000000e+00,0.000000e+00,0.000000e+00,0.000000e+00,1.629683e-07,4.674992e+00,0.000000e+00,0.000000e+00,2.571107e-14,1.113963e+01,2.081927e-25,0.000000e+00,2.553435e-14,1.113963e+01,2.081927e-25,0.000000e+00
7.160000e-01,1.631603e-07,2.683469e+01,-2.021622e+00,0.000000e+00,-6.433933e-01,2.214000e-01,2.500000e-05,2.828565e+00,2.966325e+01,0.000000e+00,0.000000e+00,0.000000e+00,0.000000e+00,0.000000e+00,0.000000e+00,0.000000e+00,0.000000e+00,0.000000e+00,0.000000e+00,0.000000e+00,0.000000e+00,0.000000e+00,1.631603e-07,4.655243e+00,0.000000e+00,0.000000e+00,2.523139e-14,1.109257e+01,2.084379e-25,0.000000e+00,2.538844e-14,1.109257e+01,2.084379e-25,0.000000e+00
7.170000e-01,1.633506e-07,2.672053e+01,-2.018542e+00,0.000000e+00,-6.381601e-01,2.214000e-01,2.500000e-05,2.816532e+00,2.953706e+01,0.000000e+00,0.000000e+00,0.000000e+00,0.000000e+00,0.000000e+00,0.000000e+00,0.000000e+00,0.000000e+00,0.000000e+00,0.000000e+00,0.000000e+00,0.000000e+00,0.000000e+00,1.633506e-07,4.635446e+00,0.000000e+00,0.000000e+00,2.627945e-14,1.104540e+01,2.086809e-25,0.000000e+00,2.572654e-14,1.104540e+01,2.086809e-25,0.000000e+00
7.180000e-01,1.635393e-07,2.660608e+01,-2.015428e+00,0.000000e+00,-6.329430e-01,2.214000e-01,2.500000e-05,2.804469e+00,2.941055e+01,0.000000e+00,0.000000e+00,0.000000e+00,0.000000e+00,0.000000e+00,0.000000e+00,0.000000e+00,0.000000e+00,0.000000e+00,0.000000e+00,0.000000e+00,0.000000e+00,0.000000e+00,1.635392e-07,4.615598e+00,0.000000e+00,0.000000e+00,2.572522e-14,1.099811e+01,2.089220e-25,0.000000e+00,2.584680e-14,1.099811e+01,2.089220e-25,0.000000e+00
7.190000e-01,1.637263e-07,2.649136e+01,-2.012278e+00,0.000000e+00,-6.277422e-01,2.214000e-01,2.500000e-05,2.792376e+00,2.928374e+01,0.000000e+00,0.000000e+00,0.000000e+00,0.000000e+00,0.000000e+00,0.000000e+00,0.000000e+00,0.000000e+00,0.000000e+00,0.000000e+00,0.000000e+00,0.000000e+00,0.000000e+00,1.637263e-07,4.595703e+00,0.000000e+00,0.000000e+00,2.551765e-14,1.095070e+01,2.091609e-25,0.000000e+00,2.602442e-14,1.095070e+01,2.091609e-25,0.000000e+00
7.200000e-01,1.639118e-07,2.637636e+01,-2.009094e+00,0.000000e+00,-6.225578e-01,2.214000e-01,2.500000e-05,2.780254e+00,2.915661e+01,0.000000e+00,0.000000e+00,0.000000e+00,0.000000e+00,0.000000e+00,0.000000e+00,0.000000e+00,0.000000e+00,0.000000e+00,0.000000e+00,0.000000e+00,0.000000e+00,0.000000e+00,1.639117e-07,4.575760e+00,0.000000e+00,0.000000e+00,2.518519e-14,1.090318e+01,2.093979e-25,0.000000e+00,2.536108e-14,1.090318e+01,2.093979e-25,0.000000e+00
7.210000e-01,1.640956e-07,2.626109e+01,-2.005874e+00,0.000000e+00,-6.173900e-01,2.214000e-01,2.500000e-05,2.768104e+00,2.902919e+01,0.000000e+00,0.000000e+00,0.000000e+00,0.000000e+00,0.000000e+00,0.000000e+00,0.000000e+00,0.000000e+00,0.000000e+00,0.000000e+00,0.000000e+00,0.000000e+00,0.000000e+00,1.640956e-07,4.555770e+00,0.000000e+00,0.000000e+00,2.585261e-14,1.085555e+01,2.096327e-25,0.000000e+00,2.588924e-14,1.085555e+01,2.096327e-25,0.000000e+00
7.220000e-01,1.642778e-07,2.614555e+01,-2.002620e+00,0.000000e+00,-6.122389e-01,2.214000e-01,2.500000e-05,2.755925e+00,2.890148e+01,0.000000e+00,0.000000e+00,0.000000e+00,0.000000e+00,0.000000e+00,0.000000e+00,0.000000e+00,0.000000e+00,0.000000e+00,0.000000e+00,0.000000e+00,0.000000e+00,0.000000e+00,1.642778e-07,4.535733e+00,0.000000e+00,0.000000e+00,2.626137e-14,1.080780e+01,2.098655e-25,0.000000e+00,2.571036e-14,1.080780e+01,2.098655e-25,0.000000e+00
7.230000e-01,1.644584e-07,2.602975e+01,-1.999331e+00,0.000000e+00,-6.071047e-01,2.214000e-01,2.500000e-05,2.743719e+00,2.877347e+01,0.000000e+00,0.000000e+00,0.000000e+00,0.000000e+00,0.000000e+00,0.000000e+00,0.000000e+00,0.000000e+00,0.000000e+00,0.000000e+00,0.000000e+00,0.000000e+00,0.000000e+00,1.644584e-07,4.515650e+00,0.000000e+00,0.000000e+00,2.557582e-14,1.075995e+01,2.100962e-25,0.000000e+00,2.574394e-14,1.075995e+01,2.100962e-25,0.000000e+00
7.240000e-01,1.646375e-07,2.591368e+01,-1.996007e+00,0.000000e+00,-6.019875e-01,2.214000e-01,2.500000e-05,2.731485e+00,2.864517e+01,0.000000e+00,0.000000e+00,0.000000e+00,0.000000e+00,0.000000e+00,0.000000e+00,0.000000e+00,0.000000e+00,0.000000e+00,0.000000e+00,0.000000e+00,0.000000e+00,0.000000e+00,1.646374e-07,4.495522e+00,0.000000e+00,0.000000e+00,2.561276e-14,1.071198e+01,2.103249e-25,0.000000e+00,2.599810e-14,1.071198e+01,2.103249e-25,0.000000e+00
7.250000e-01,1.648149e-07,2.579736e+01,-1.992648e+00,0.000000e+00,-5.968874e-01,2.214000e-01,2.500000e-05,2.719223e+00,2.851658e+01,0.000000e+00,0.000000e+00,0.000000e+00,0.000000e+00,0.000000e+00,0.000000e+00,0.000000e+00,0.000000e+00,0.000000e+00,0.000000e+00,0.000000e+00,0.000000e+00,0.000000e+00,1.648148e-07,4.475348e+00,0.000000e+00,0.000000e+00,2.564886e-14,1.066392e+01,2.105516e-25,0.000000e+00,2.606257e-14,1.066391e+01,2.105516e-25,0.000000e+00
7.260000e-01,1.649907e-07,2.568078e+01,-1.989255e+00,0.000000e+00,-5.918044e-01,2.214000e-01,2.500000e-05,2.706935e+00,2.838771e+01,0.000000e+00,0.000000e+00,0.000000e+00,0.000000e+00,0.000000e+00,0.000000e+00,0.000000e+00,0.000000e+00,0.000000e+00,0.000000e+00,0.000000e+00,0.000000e+00,0.000000e+00,1.649906e-07,4.455131e+00,0.000000e+00,0.000000e+00,2.577035e-14,1.061574e+01,2.107762e-25,0.000000e+00,2.612748e-14,1.061574e+01,2.107762e-25,0.000000e+00
7.270000e-01,1.651649e-07,2.556395e+01,-1.985827e+00,0.000000e+00,-5.867390e-01,2.214000e-01,2.500000e-05,2.694620e+00,2.825857e+01,0.000000e+00,0.000000e+00,0.000000e+00,0.000000e+00,0.000000e+00,0.000000e+00,0.000000e+00,0.000000e+00,0.000000e+00,0.000000e+00,0.000000e+00,0.000000e+00,0.000000e+00,1.651649e-07,4.434870e+00,0.000000e+00,0.000000e+00,2.633037e-14,1.056746e+01,2.109988e-25,0.000000e+00,2.620479e-14,1.056746e+01,2.109988e-25,0.000000e+00
7.280000e-01,1.653376e-07,2.544687e+01,-1.982365e+00,0.000000e+00,-5.816910e-01,2.214000e-01,2.500000e-05,2.682280e+00,2.812915e+01,0.000000e+00,0.000000e+00,0.000000e+00,0.000000e+00,0.000000e+00,0.000000e+00,0.000000e+00,0.000000e+00,0.000000e+00,0.000000e+00,0.000000e+00,0.000000e+00,0.000000e+00,1.653375e-07,4.414566e+00,0.000000e+00,0.000000e+00,2.669484e-14,1.051908e+01,2.112193e-25,0.000000e+00,2.629388e-14,1.051908e+01,2.112193e-25,0.000000e+00
7.290000e-01,1.655086e-07,2.532955e+01,-1.978868e+00,0.000000e+00,-5.766608e-01,2.214000e-01,2.500000e-05,2.669913e+00,2.799946e+01,0.000000e+00,0.000000e+00,0.000000e+00,0.000000e+00,0.000000e+00,0.000000e+00,0.000000e+00,0.000000e+00,0.000000e+00,0.000000e+00,0.000000e+00,0.000000e+00,0.000000e+00,1.655086e-07,4.394219e+00,0.000000e+00,0.000000e+00,2.569298e-14,1.047060e+01,2.114378e-25,0.000000e+00,2.614116e-14,1.047060e+01,2.114378e-25,0.000000e+00
7.300000e-01,1.656781e-07,2.521198e+01,-1.975337e+00,0.000000e+00,-5.716482e-01,2.214000e-01,2.500000e-05,2.657521e+00,2.786951e+01,0.000000e+00,0.000000e+00,0.000000e+00,0.000000e+00,0.000000e+00,0.000000e+00,0.000000e+00,0.000000e+00,0.000000e+00,0.000000e+00,0.000000e+00,0.000000e+00,0.000000e+00,1.656781e-07,4.373831e+00,0.000000e+00,0.000000e+00,2.651167e-14,1.042202e+01,2.116544e-25,0.000000e+00,2.690295e-14,1.042202e+01,2.116544e-25,0.000000e+00
7.310000e-01,1.658460e-07,2.509419e+01,-1.971772e+00,0.000000e+00,-5.666537e-01,2.214000e-01,2.500000e-05,2.645104e+00,2.773929e+01,0.000000e+00,0.000000e+00,0.000000e+00,0.000000e+00,0.000000e+00,0.000000e+00,0.000000e+00,0.000000e+00,0.000000e+00,0.000000e+00,0.000000e+00,0.000000e+00,0.000000e+00,1.658460e-07,4.353402e+00,0.000000e+00,0.000000e+00,2.644878e-14,1.037334e+01,2.118689e-25,0.000000e+00,2.623745e-14,1.037334e+01,2.118689e-25,0.000000e+00
7.320000e-01,1.660124e-07,2.497615e+01,-1.968172e+00,0.000000e+00,-5.616771e-01,2.214000e-01,2.500000e-05,2.632663e+00,2.760882e+01,0.000000e+00,0.000000e+00,0.000000e+00,0.000000e+00,0.000000e+00,0.000000e+00,0.000000e+00,0.000000e+00,0.000000e+00,0.000000e+00,0.000000e+00,0.000000e+00,0.000000e+00,1.660123e-07,4.332932e+00,0.000000e+00,0.000000e+00,2.693823e-14,1.032456e+01,2.120814e-25,0.000000e+00,2.671581e-14,1.032456e+01,2.120814e-25,0.000000e+00
7.330000e-01,1.661771e-07,2.485789e+01,-1.964538e+00,0.000000e+00,-5.567187e-01,2.214000e-01,2.500000e-05,2.620197e+00,2.747809e+01,0.000000e+00,0.000000e+00,0.000000e+00,0.000000e+00,0.000000e+00,0.000000e+00,0.000000e+00,0.000000e+00,0.000000e+00,0.000000e+00,0.000000e+00,0.000000e+00,0.000000e+00,1.661771e-07,4.312422e+00,0.000000e+00,0.000000e+00,2.657427e-14,1.027569e+01,2.122919e-25,0.000000e+00,2.660020e-14,1.027569e+01,2.122919e-25,0.000000e+00
7.340000e-01,1.663403e-07,2.473940e+01,-1.960870e+00,0.000000e+00,-5.517787e-01,2.214000e-01,2.500000e-05,2.607708e+00,2.734711e+01,0.000000e+00,0.000000e+00,0.000000e+00,0.000000e+00,0.000000e+00,0.000000e+00,0.000000e+00,0.000000e+00,0.000000e+00,0.000000e+00,0.000000e+00,0.000000e+00,0.000000e+00,1.663403e-07,4.291873e+00,0.000000e+00,0.000000e+00,2.621631e-14,1.022673e+01,2.125003e-25,0.000000e+00,2.614619e-14,1.022673e+01,2.125004e-25,0.000000e+00
7.350000e-01,1.665020e-07,2.462069e+01,-1.957169e+00,0.000000e+00,-5.468571e-01,2.214000e-01,2.500000e-05,2.595194e+00,2.721589e+01,0.000000e+00,0.000000e+00,0.000000e+00,0.000000e+00,0.000000e+00,0.000000e+00,0.000000e+00,0.000000e+00,0.000000e+00,0.000000e+00,0.000000e+00,0.000000e+00,0.000000e+00,1.665019e-07,4.271286e+00,0.000000e+00,0.000000e+00,2.639773e-14,1.017767e+01,2.127069e-25,0.000000e+00,2.639787e-14,1.017767e+01,2.127069e-25,0.000000e+00
7.360000e-01,1.666621e-07,2.450176e+01,-1.953433e+00,0.000000e+00,-5.419539e-01,2.214000e-01,2.500000e-05,2.582658e+00,2.708442e+01,0.000000e+00,0.000000e+00,0.000000e+00,0.000000e+00,0.000000e+00,0.000000e+00,0.000000e+00,0.000000e+00,0.000000e+00,0.000000e+00,0.000000e+00,0.000000e+00,0.000000e+00,1.666620e-07,4.250660e+00,0.000000e+00,0.000000e+00,2.738481e-14,1.012853e+01,2.129114e-25,0.000000e+00,2.713281e-14,1.012853e+01,2.129114e-25,0.000000e+00
7.370000e-01,1.668206e-07,2.438261e+01,-1.949663e+00,0.000000e+00,-5.370695e-01,2.214000e-01,2.500000e-05,2.570100e+00,2.695271e+01,0.000000e+00,0.000000e+00,0.000000e+00,0.000000e+00,0.000000e+00,0.000000e+00,0.000000e+00,0.000000e+00,0.000000e+00,0.000000e+00,0.000000e+00,0.000000e+00,0.000000e+00,1.668206e-07,4.229997e+00,0.000000e+00,0.000000e+00,2.620132e-14,1.007929e+01,2.131139e-25,0.000000e+00,2.649966e-14,1.007929e+01,2.131140e-25,0.000000e+00
7.380000e-01,1.669776e-07,2.426326e+01,-1.945859e+00,0.000000e+00,-5.322039e-01,2.214000e-01,2.500000e-05,2.557518e+00,2.682078e+01,0.000000e+00,0.000000e+00,0.000000e+00,0.000000e+00,0.000000e+00,0.000000e+00,0.000000e+00,0.000000e+00,0.000000e+00,0.000000e+00,0.000000e+00,0.000000e+00,0.000000e+00,1.669776e-07,4.209298e+00,0.000000e+00,0.000000e+00,2.726160e-14,1.002997e+01,2.133145e-25,0.000000e+00,2.705403e-14,1.002997e+01,2.133145e-25,0.000000e+00
7.390000e-01,1.671331e-07,2.414369e+01,-1.942022e+00,0.000000e+00,-5.273572e-01,2.214000e-01,2.500000e-05,2.544915e+00,2.668861e+01,0.000000e+00,0.000000e+00,0.000000e+00,0.000000e+00,0.000000e+00,0.000000e+00,0.000000e+00,0.000000e+00,0.000000e+00,0.000000e+00,0.000000e+00,0.000000e+00,0.000000e+00,1.671331e-07,4.188562e+00,0.000000e+00,0.000000e+00,2.775408e-14,9.980557e+00,2.135131e-25,0.000000e+00,2.719702e-14,9.980557e+00,2.135131e-25,0.000000e+00
7.400000e-01,1.672870e-07,2.402392e+01,-1.938151e+00,0.000000e+00,-5.225295e-01,2.214000e-01,2.500000e-05,2.532291e+00,2.655622e+01,0.000000e+00,0.000000e+00,0.000000e+00,0.000000e+00,0.000000e+00,0.000000e+00,0.000000e+00,0.000000e+00,0.000000e+00,0.000000e+00,0.000000e+00,0.000000e+00,0.000000e+00,1.672870e-07,4.167790e+00,0.000000e+00,0.000000e+00,2.664554e-14,9.931064e+00,2.137098e-25,0.000000e+00,2.701259e-14,9.931063e+00,2.137098e-25,0.000000e+00
7.410000e-01,1.674394e-07,2.390395e+01,-1.934247e+00,0.000000e+00,-5.177211e-01,2.214000e-01,2.500000e-05,2.519645e+00,2.642360e+01,0.000000e+00,0.000000e+00,0.000000e+00,0.000000e+00,0.000000e+00,0.000000e+00,0.000000e+00,0.000000e+00,0.000000e+00,0.000000e+00,0.000000e+00,0.000000e+00,0.000000e+00,1.674394e-07,4.146985e+00,0.000000e+00,0.000000e+00,2.725089e-14,9.881486e+00,2.139045e-25,0.000000e+00,2.690697e-14,9.881487e+00,2.139045e-25,0.000000e+00
7.420000e-01,1.675903e-07,2.378379e+01,-1.930308e+00,0.000000e+00,-5.129318e-01,2.214000e-01,2.500000e-05,2.506979e+00,2.629077e+01,0.000000e+00,0.000000e+00,0.000000e+00,0.000000e+00,0.000000e+00,0.000000e+00,0.000000e+00,0.000000e+00,0.000000e+00,0.000000e+00,0.000000e+00,0.000000e+00,0.000000e+00,1.675903e-07,4.126144e+00,0.000000e+00,0.000000e+00,2.676372e-14,9.831828e+00,2.140972e-25,0.000000e+00,2.720980e-14,9.831828e+00,2.140972e-25,0.000000e+00
7.430000e-01,1.677397e-07,2.366343e+01,-1.926337e+00,0.000000e+00,-5.081620e-01,2.214000e-01,2.500000e-05,2.494292e+00,2.615772e+01,0.000000e+00,0.000000e+00,0.000000e+00,0.000000e+00,0.000000e+00,0.000000e+00,0.000000e+00,0.000000e+00,0.000000e+00,0.000000e+00,0.000000e+00,0.000000e+00,0.000000e+00,1.677396e-07,4.105271e+00,0.000000e+00,0.000000e+00,2.789572e-14,9.782090e+00,2.142880e-25,0.000000e+00,2.745137e-14,9.782091e+00,2.142880e-25,0.000000e+00
7.440000e-01,1.678875e-07,2.354288e+01,-1.922332e+00,0.000000e+00,-5.034116e-01,2.214000e-01,2.500000e-05,2.481586e+00,2.602447e+01,0.000000e+00,0.000000e+00,0.000000e+00,0.000000e+00,0.000000e+00,0.000000e+00,0.000000e+00,0.000000e+00,0.000000e+00,0.000000e+00,0.000000e+00,0.000000e+00,0.000000e+00,1.678875e-07,4.084364e+00,0.000000e+00,0.000000e+00,2.697931e-14,9.732275e+00,2.144769e-25,0.000000e+00,2.725621e-14,9.732274e+00,2.144769e-25,0.000000e+00
7.450000e-01,1.680339e-07,2.342215e+01,-1.918294e+00,0.000000e+00,-4.986808e-01,2.214000e-01,2.500000e-05,2.468860e+00,2.589101e+01,0.000000e+00,0.000000e+00,0.000000e+00,0.000000e+00,0.000000e+00,0.000000e+00,0.000000e+00,0.000000e+00,0.000000e+00,0.000000e+00,0.000000e+00,0.000000e+00,0.000000e+00,1.680338e-07,4.063426e+00,0.000000e+00,0.000000e+00,2.692370e-14,9.682382e+00,2.146639e-25,0.000000e+00,2.704225e-14,9.682382e+00,2.146639e-25,0.000000e+00
7.460000e-01,1.681787e-07,2.330123e+01,-1.914222e+00,0.000000e+00,-4.939698e-01,2.214000e-01,2.500000e-05,2.456114e+00,2.575735e+01,0.000000e+00,0.000000e+00,0.000000e+00,0.000000e+00,0.000000e+00,0.000000e+00,0.000000e+00,0.000000e+00,0.000000e+00,0.000000e+00,0.000000e+00,0.000000e+00,0.000000e+00,1.681787e-07,4.042455e+00,0.000000e+00,0.000000e+00,2.726038e-14,9.632413e+00,2.148489e-25,0.000000e+00,2.696677e-14,9.632414e+00,2.148489e-25,0.000000e+00
7.470000e-01,1.683221e-07,2.318014e+01,-1.910117e+00,0.000000e+00,-4.892786e-01,2.214000e-01,2.500000e-05,2.443350e+00,2.562349e+01,0.000000e+00,0.000000e+00,0.000000e+00,0.000000e+00,0.000000e+00,0.000000e+00,0.000000e+00,0.000000e+00,0.000000e+00,0.000000e+00,0.000000e+00,0.000000e+00,0.000000e+00,1.683220e-07,4.021454e+00,0.000000e+00,0.000000e+00,2.717204e-14,9.582372e+00,2.150320e-25,0.000000e+00,2.710533e-14,9.582373e+00,2.150320e-25,0.000000e+00
7.480000e-01,1.684639e-07,2.305887e+01,-1.905979e+00,0.000000e+00,-4.846074e-01,2.214000e-01,2.500000e-05,2.430568e+00,2.548944e+01,0.000000e+00,0.000000e+00,0.000000e+00,0.000000e+00,0.000000e+00,0.000000e+00,0.000000e+00,0.000000e+00,0.000000e+00,0.000000e+00,0.000000e+00,0.000000e+00,0.000000e+00,1.684639e-07,4.000423e+00,0.000000e+00,0.000000e+00,2.749874e-14,9.532258e+00,2.152133e-25,0.000000e+00,2.711171e-14,9.532259e+00,2.152133e-25,0.000000e+00
7.490000e-01,1.686043e-07,2.293744e+01,-1.901809e+00,0.000000e+00,-4.799563e-01,2.214000e-01,2.500000e-05,2.417768e+00,2.535521e+01,0.000000e+00,0.000000e+00,0.000000e+00,0.000000e+00,0.000000e+00,0.000000e+00,0.000000e+00,0.000000e+00,0.000000e+00,0.000000e+00,0.000000e+00,0.000000e+00,0.000000e+00,1.686042e-07,3.979362e+00,0.000000e+00,0.000000e+00,2.734812e-14,9.482075e+00,2.153926e-25,0.000000e+00,2.733109e-14,9.482075e+00,2.153926e-25,0.000000e+00
7.500000e-01,1.687432e-07,2.281583e+01,-1.897605e+00,0.000000e+00,-4.753253e-01,2.214000e-01,2.500000e-05,2.404950e+00,2.522079e+01,0.000000e+00,0.000000e+00,0.000000e+00,0.000000e+00,0.000000e+00,0.000000e+00,0.000000e+00,0.000000e+00,0.000000e+00,0.000000e+00,0.000000e+00,0.000000e+00,0.000000e+00,1.687431e-07,3.958273e+00,0.000000e+00,0.000000e+00,2.771013e-14,9.431822e+00,2.155700e-25,0.000000e+00,2.734268e-14,9.431822e+00,2.155700e-25,0.000000e+00
7.510000e-01,1.688806e-07,2.269407e+01,-1.893368e+00,0.000000e+00,-4.707146e-01,2.214000e-01,2.500000e-05,2.392115e+00,2.508619e+01,0.000000e+00,0.000000e+00,0.000000e+00,0.000000e+00,0.000000e+00,0.000000e+00,0.000000e+00,0.000000e+00,0.000000e+00,0.000000e+00,0.000000e+00,0.000000e+00,0.000000e+00,1.688805e-07,3.937155e+00,0.000000e+00,0.000000e+00,2.702108e-14,9.381503e+00,2.157456e-25,0.000000e+00,2.724431e-14,9.381503e+00,2.157456e-25,0.000000e+00
7.520000e-01,1.690165e-07,2.257215e+01,-1.889098e+00,0.000000e+00,-4.661242e-01,2.214000e-01,2.500000e-05,2.379263e+00,2.495141e+01,0.000000e+00,0.000000e+00,0.000000e+00,0.000000e+00,0.000000e+00,0.000000e+00,0.000000e+00,0.000000e+00,0.000000e+00,0.000000e+00,0.000000e+00,0.000000e+00,0.000000e+00,1.690165e-07,3.916010e+00,0.000000e+00,0.000000e+00,2.799985e-14,9.331118e+00,2.159192e-25,0.000000e+00,2.786231e-14,9.331118e+00,2.159192e-25,0.000000e+00
7.530000e-01,1.691510e-07,2.245007e+01,-1.884796e+00,0.000000e+00,-4.615543e-01,2.214000e-01,2.500000e-05,2.366395e+00,2.481646e+01,0.000000e+00,0.000000e+00,0.000000e+00,0.000000e+00,0.000000e+00,0.000000e+00,0.000000e+00,0.000000e+00,0.000000e+00,0.000000e+00,0.000000e+00,0.000000e+00,0.000000e+00,1.691510e-07,3.894838e+00,0.000000e+00,0.000000e+00,2.731513e-14,9.280669e+00,2.160910e-25,0.000000e+00,2.760226e-14,9.280669e+00,2.160911e-25,0.000000e+00
7.540000e-01,1.692840e-07,2.232784e+01,-1.880461e+00,0.000000e+00,-4.570051e-01,2.214000e-01,2.500000e-05,2.353512e+00,2.468135e+01,0.000000e+00,0.000000e+00,0.000000e+00,0.000000e+00,0.000000e+00,0.000000e+00,0.000000e+00,0.000000e+00,0.000000e+00,0.000000e+00,0.000000e+00,0.000000e+00,0.000000e+00,1.692840e-07,3.873640e+00,0.000000e+00,0.000000e+00,2.774101e-14,9.230157e+00,2.162610e-25,0.000000e+00,2.775170e-14,9.230158e+00,2.162610e-25,0.000000e+00
7.550000e-01,1.694156e-07,2.220547e+01,-1.876094e+00,0.000000e+00,-4.524765e-01,2.214000e-01,2.500000e-05,2.340613e+00,2.454608e+01,0.000000e+00,0.000000e+00,0.000000e+00,0.000000e+00,0.000000e+00,0.000000e+00,0.000000e+00,0.000000e+00,0.000000e+00,0.000000e+00,0.000000e+00,0.000000e+00,0.000000e+00,1.694156e-07,3.852416e+00,0.000000e+00,0.000000e+00,2.786717e-14,9.179585e+00,2.164291e-25,0.000000e+00,2.776396e-14,9.179585e+00,2.164291e-25,0.000000e+00
7.560000e-01,1.695458e-07,2.208295e+01,-1.871693e+00,0.000000e+00,-4.479687e-01,2.214000e-01,2.500000e-05,2.327698e+00,2.441065e+01,0.000000e+00,0.000000e+00,0.000000e+00,0.000000e+00,0.000000e+00,0.000000e+00,0.000000e+00,0.000000e+00,0.000000e+00,0.000000e+00,0.000000e+00,0.000000e+00,0.000000e+00,1.695457e-07,3.831168e+00,0.000000e+00,0.000000e+00,2.752502e-14,9.128955e+00,2.165953e-25,0.000000e+00,2.769249e-14,9.128955e+00,2.165953e-25,0.000000e+00
7.570000e-01,1.696745e-07,2.196029e+01,-1.867261e+00,0.000000e+00,-4.434817e-01,2.214000e-01,2.500000e-05,2.314770e+00,2.427506e+01,0.000000e+00,0.000000e+00,0.000000e+00,0.000000e+00,0.000000e+00,0.000000e+00,0.000000e+00,0.000000e+00,0.000000e+00,0.000000e+00,0.000000e+00,0.000000e+00,0.000000e+00,1.696744e-07,3.809895e+00,0.000000e+00,0.000000e+00,2.795746e-14,9.078266e+00,2.167598e-25,0.000000e+00,2.787815e-14,9.078266e+00,2.167598e-25,0.000000e+00
7.580000e-01,1.698018e-07,2.183750e+01,-1.862796e+00,0.000000e+00,-4.390158e-01,2.214000e-01,2.500000e-05,2.301827e+00,2.413933e+01,0.000000e+00,0.000000e+00,0.000000e+00,0.000000e+00,0.000000e+00,0.000000e+00,0.000000e+00,0.000000e+00,0.000000e+00,0.000000e+00,0.000000e+00,0.000000e+00,0.000000e+00,1.698017e-07,3.788599e+00,0.000000e+00,0.000000e+00,2.811172e-14,9.027522e+00,2.169224e-25,0.000000e+00,2.783992e-14,9.027523e+00,2.169224e-25,0.000000e+00
7.590000e-01,1.699276e-07,2.171458e+01,-1.858299e+00,0.000000e+00,-4.345709e-01,2.214000e-01,2.500000e-05,2.288870e+00,2.400345e+01,0.000000e+00,0.000000e+00,0.000000e+00,0.000000e+00,0.000000e+00,0.000000e+00,0.000000e+00,0.000000e+00,0.000000e+00,0.000000e+00,0.000000e+00,0.000000e+00,0.000000e+00,1.699275e-07,3.767281e+00,0.000000e+00,0.000000e+00,2.810931e-14,8.976725e+00,2.170831e-25,0.000000e+00,2.817853e-14,8.976725e+00,2.170831e-25,0.000000e+00
7.600000e-01,1.700520e-07,2.159153e+01,-1.853770e+00,0.000000e+00,-4.301472e-01,2.214000e-01,2.500000e-05,2.275900e+00,2.386743e+01,0.000000e+00,0.000000e+00,0.000000e+00,0.000000e+00,0.000000e+00,0.000000e+00,0.000000e+00,0.000000e+00,0.000000e+00,0.000000e+00,0.000000e+00,0.000000e+00,0.000000e+00,1.700520e-07,3.745940e+00,0.000000e+00,0.000000e+00,2.826243e-14,8.925874e+00,2.172421e-25,0.000000e+00,2.838464e-14,8.925874e+00,2.172421e-25,0.000000e+00
7.610000e-01,1.701750e-07,2.146836e+01,-1.849208e+00,0.000000e+00,-4.257448e-01,2.214000e-01,2.500000e-05,2.262917e+00,2.373128e+01,0.000000e+00,0.000000e+00,0.000000e+00,0.000000e+00,0.000000e+00,0.000000e+00,0.000000e+00,0.000000e+00,0.000000e+00,0.000000e+00,0.000000e+00,0.000000e+00,0.000000e+00,1.701750e-07,3.724579e+00,0.000000e+00,0.000000e+00,2.772738e-14,8.874973e+00,2.173992e-25,0.000000e+00,2.782184e-14,8.874972e+00,2.173992e-25,0.000000e+00
7.620000e-01,1.702967e-07,2.134507e+01,-1.844615e+00,0.000000e+00,-4.213637e-01,2.214000e-01,2.500000e-05,2.249921e+00,2.359500e+01,0.000000e+00,0.000000e+00,0.000000e+00,0.000000e+00,0.000000e+00,0.000000e+00,0.000000e+00,0.000000e+00,0.000000e+00,0.000000e+00,0.000000e+00,0.000000e+00,0.000000e+00,1.702966e-07,3.703196e+00,0.000000e+00,0.000000e+00,2.867605e-14,8.824022e+00,2.175546e-25,0.000000e+00,2.858042e-14,8.824022e+00,2.175546e-25,0.000000e+00
7.630000e-01,1.704169e-07,2.122167e+01,-1.839989e+00,0.000000e+00,-4.170041e-01,2.214000e-01,2.500000e-05,2.236914e+00,2.345859e+01,0.000000e+00,0.000000e+00,0.000000e+00,0.000000e+00,0.000000e+00,0.000000e+00,0.000000e+00,0.000000e+00,0.000000e+00,0.000000e+00,0.000000e+00,0.000000e+00,0.000000e+00,1.704168e-07,3.681794e+00,0.000000e+00,0.000000e+00,2.768412e-14,8.773026e+00,2.177082e-25,0.000000e+00,2.777964e-14,8.773025e+00,2.177082e-25,0.000000e+00
7.640000e-01,1.705357e-07,2.109816e+01,-1.835332e+00,0.000000e+00,-4.126661e-01,2.214000e-01,2.500000e-05,2.223895e+00,2.332205e+01,0.000000e+00,0.000000e+00,0.000000e+00,0.000000e+00,0.000000e+00,0.000000e+00,0.000000e+00,0.000000e+00,0.000000e+00,0.000000e+00,0.000000e+00,0.000000e+00,0.000000e+00,1.705356e-07,3.660372e+00,0.000000e+00,0.000000e+00,2.853492e-14,8.721981e+00,2.178600e-25,0.000000e+00,2.841431e-14,8.721981e+00,2.178600e-25,0.000000e+00
7.650000e-01,1.706531e-07,2.097454e+01,-1.830643e+00,0.000000e+00,-4.083496e-01,2.214000e-01,2.500000e-05,2.210864e+00,2.318540e+01,0.000000e+00,0.000000e+00,0.000000e+00,0.000000e+00,0.000000e+00,0.000000e+00,0.000000e+00,0.000000e+00,0.000000e+00,0.000000e+00,0.000000e+00,0.000000e+00,0.000000e+00,1.706531e-07,3.638932e+00,0.000000e+00,0.000000e+00,2.842759e-14,8.670894e+00,2.180100e-25,0.000000e+00,2.823641e-14,8.670895e+00,2.180100e-25,0.000000e+00
7.660000e-01,1.707692e-07,2.085082e+01,-1.825922e+00,0.000000e+00,-4.040549e-01,2.214000e-01,2.500000e-05,2.197823e+00,2.304864e+01,0.000000e+00,0.000000e+00,0.000000e+00,0.000000e+00,0.000000e+00,0.000000e+00,0.000000e+00,0.000000e+00,0.000000e+00,0.000000e+00,0.000000e+00,0.000000e+00,0.000000e+00,1.707692e-07,3.617475e+00,0.000000e+00,0.000000e+00,2.849388e-14,8.619764e+00,2.181583e-25,0.000000e+00,2.825129e-14,8.619764e+00,2.181583e-25,0.000000e+00
7.670000e-01,1.708839e-07,2.072700e+01,-1.821169e+00,0.000000e+00,-3.997819e-01,2.214000e-01,2.500000e-05,2.184772e+00,2.291177e+01,0.000000e+00,0.000000e+00,0.000000e+00,0.000000e+00,0.000000e+00,0.000000e+00,0.000000e+00,0.000000e+00,0.000000e+00,0.000000e+00,0.000000e+00,0.000000e+00,0.000000e+00,1.708838e-07,3.596000e+00,0.000000e+00,0.000000e+00,2.848400e-14,8.568595e+00,2.183048e-25,0.000000e+00,2.838840e-14,8.568595e+00,2.183048e-25,0.000000e+00
7.680000e-01,1.709972e-07,2.060308e+01,-1.816385e+00,0.000000e+00,-3.955309e-01,2.214000e-01,2.500000e-05,2.171710e+00,2.277479e+01,0.000000e+00,0.000000e+00,0.000000e+00,0.000000e+00,0.000000e+00,0.000000e+00,0.000000e+00,0.000000e+00,0.000000e+00,0.000000e+00,0.000000e+00,0.000000e+00,0.000000e+00,1.709972e-07,3.574510e+00,0.000000e+00,0.000000e+00,2.890637e-14,8.517385e+00,2.184496e-25,0.000000e+00,2.871502e-14,8.517386e+00,2.184496e-25,0.000000e+00
7.690000e-01,1.711092e-07,2.047908e+01,-1.811569e+00,0.000000e+00,-3.913019e-01,2.214000e-01,2.500000e-05,2.158639e+00,2.263772e+01,0.000000e+00,0.000000e+00,0.000000e+00,0.000000e+00,0.000000e+00,0.000000e+00,0.000000e+00,0.000000e+00,0.000000e+00,0.000000e+00,0.000000e+00,0.000000e+00,0.000000e+00,1.711091e-07,3.553003e+00,0.000000e+00,0.000000e+00,2.778962e-14,8.466140e+00,2.185927e-25,0.000000e+00,2.833224e-14,8.466140e+00,2.185927e-25,0.000000e+00
7.700000e-01,1.712198e-07,2.035499e+01,-1.806722e+00,0.000000e+00,-3.870949e-01,2.214000e-01,2.500000e-05,2.145560e+00,2.250055e+01,0.000000e+00,0.000000e+00,0.000000e+00,0.000000e+00,0.000000e+00,0.000000e+00,0.000000e+00,0.000000e+00,0.000000e+00,0.000000e+00,0.000000e+00,0.000000e+00,0.000000e+00,1.712198e-07,3.531482e+00,0.000000e+00,0.000000e+00,2.896981e-14,8.414858e+00,2.187340e-25,0.000000e+00,2.862230e-14,8.414858e+00,2.187340e-25,0.000000e+00
7.710000e-01,1.713291e-07,2.023082e+01,-1.801844e+00,0.000000e+00,-3.829100e-01,2.214000e-01,2.500000e-05,2.132471e+00,2.236329e+01,0.000000e+00,0.000000e+00,0.000000e+00,0.000000e+00,0.000000e+00,0.000000e+00,0.000000e+00,0.000000e+00,0.000000e+00,0.000000e+00,0.000000e+00,0.000000e+00,0.000000e+00,1.713291e-07,3.509946e+00,0.000000e+00,0.000000e+00,2.845430e-14,8.363543e+00,2.188736e-25,0.000000e+00,2.817119e-14,8.363544e+00,2.188736e-25,0.000000e+00
7.720000e-01,1.714371e-07,2.010658e+01,-1.796934e+00,0.000000e+00,-3.787473e-01,2.214000e-01,2.500000e-05,2.119375e+00,2.222595e+01,0.000000e+00,0.000000e+00,0.000000e+00,0.000000e+00,0.000000e+00,0.000000e+00,0.000000e+00,0.000000e+00,0.000000e+00,0.000000e+00,0.000000e+00,0.000000e+00,0.000000e+00,1.714370e-07,3.488397e+00,0.000000e+00,0.000000e+00,2.847792e-14,8.312197e+00,2.190115e-25,0.000000e+00,2.872643e-14,8.312196e+00,2.190115e-25,0.000000e+00
7.730000e-01,1.715437e-07,1.998226e+01,-1.791993e+00,0.000000e+00,-3.746070e-01,2.214000e-01,2.500000e-05,2.106271e+00,2.208853e+01,0.000000e+00,0.000000e+00,0.000000e+00,0.000000e+00,0.000000e+00,0.000000e+00,0.000000e+00,0.000000e+00,0.000000e+00,0.000000e+00,0.000000e+00,0.000000e+00,0.000000e+00,1.715436e-07,3.466835e+00,0.000000e+00,0.000000e+00,2.891763e-14,8.260819e+00,2.191477e-25,0.000000e+00,2.930036e-14,8.260818e+00,2.191478e-25,0.000000e+00
7.740000e-01,1.716490e-07,1.985787e+01,-1.787021e+00,0.000000e+00,-3.704890e-01,2.214000e-01,2.500000e-05,2.093159e+00,2.195103e+01,0.000000e+00,0.000000e+00,0.000000e+00,0.000000e+00,0.000000e+00,0.000000e+00,0.000000e+00,0.000000e+00,0.000000e+00,0.000000e+00,0.000000e+00,0.000000e+00,0.000000e+00,1.716490e-07,3.445262e+00,0.000000e+00,0.000000e+00,2.805121e-14,8.209414e+00,2.192823e-25,0.000000e+00,2.847552e-14,8.209413e+00,2.192823e-25,0.000000e+00
7.750000e-01,1.717530e-07,1.973342e+01,-1.782018e+00,0.000000e+00,-3.663934e-01,2.214000e-01,2.500000e-05,2.080041e+00,2.181346e+01,0.000000e+00,0.000000e+00,0.000000e+00,0.000000e+00,0.000000e+00,0.000000e+00,0.000000e+00,0.000000e+00,0.000000e+00,0.000000e+00,0.000000e+00,0.000000e+00,0.000000e+00,1.717530e-07,3.423677e+00,0.000000e+00,0.000000e+00,2.873830e-14,8.157980e+00,2.194151e-25,0.000000e+00,2.859105e-14,8.157981e+00,2.194151e-25,0.000000e+00
7.760000e-01,1.718557e-07,1.960890e+01,-1.776984e+00,0.000000e+00,-3.623204e-01,2.214000e-01,2.500000e-05,2.066917e+00,2.167582e+01,0.000000e+00,0.000000e+00,0.000000e+00,0.000000e+00,0.000000e+00,0.000000e+00,0.000000e+00,0.000000e+00,0.000000e+00,0.000000e+00,0.000000e+00,0.000000e+00,0.000000e+00,1.718556e-07,3.402082e+00,0.000000e+00,0.000000e+00,2.814412e-14,8.106524e+00,2.195463e-25,0.000000e+00,2.841311e-14,8.106524e+00,2.195463e-25,0.000000e+00
7.770000e-01,1.719571e-07,1.948433e+01,-1.771919e+00,0.000000e+00,-3.582700e-01,2.214000e-01,2.500000e-05,2.053786e+00,2.153812e+01,0.000000e+00,0.000000e+00,0.000000e+00,0.000000e+00,0.000000e+00,0.000000e+00,0.000000e+00,0.000000e+00,0.000000e+00,0.000000e+00,0.000000e+00,0.000000e+00,0.000000e+00,1.719570e-07,3.380477e+00,0.000000e+00,0.000000e+00,2.880934e-14,8.055043e+00,2.196759e-25,0.000000e+00,2.902930e-14,8.055043e+00,2.196759e-25,0.000000e+00
7.780000e-01,1.720572e-07,1.935971e+01,-1.766823e+00,0.000000e+00,-3.542422e-01,2.214000e-01,2.500000e-05,2.040651e+00,2.140037e+01,0.000000e+00,0.000000e+00,0.000000e+00,0.000000e+00,0.000000e+00,0.000000e+00,0.000000e+00,0.000000e+00,0.000000e+00,0.000000e+00,0.000000e+00,0.000000e+00,0.000000e+00,1.720572e-07,3.358863e+00,0.000000e+00,0.000000e+00,2.841553e-14,8.003542e+00,2.198037e-25,0.000000e+00,2.847825e-14,8.003541e+00,2.198038e-25,0.000000e+00
7.790000e-01,1.721560e-07,1.923505e+01,-1.761697e+00,0.000000e+00,-3.502372e-01,2.214000e-01,2.500000e-05,2.027510e+00,2.126256e+01,0.000000e+00,0.000000e+00,0.000000e+00,0.000000e+00,0.000000e+00,0.000000e+00,0.000000e+00,0.000000e+00,0.000000e+00,0.000000e+00,0.000000e+00,0.000000e+00,0.000000e+00,1.721560e-07,3.337241e+00,0.000000e+00,0.000000e+00,2.937552e-14,7.952021e+00,2.199300e-25,0.000000e+00,2.945321e-14,7.952020e+00,2.199300e-25,0.000000e+00
7.800000e-01,1.722536e-07,1.911034e+01,-1.756540e+00,0.000000e+00,-3.462549e-01,2.214000e-01,2.500000e-05,2.014364e+00,2.112470e+01,0.000000e+00,0.000000e+00,0.000000e+00,0.000000e+00,0.000000e+00,0.000000e+00,0.000000e+00,0.000000e+00,0.000000e+00,0.000000e+00,0.000000e+00,0.000000e+00,0.000000e+00,1.722535e-07,3.315612e+00,0.000000e+00,0.000000e+00,2.887322e-14,7.900482e+00,2.200546e-25,0.000000e+00,2.901590e-14,7.900482e+00,2.200546e-25,0.000000e+00
7.810000e-01,1.723499e-07,1.898559e+01,-1.751352e+00,0.000000e+00,-3.422956e-01,2.214000e-01,2.500000e-05,2.001215e+00,2.098680e+01,0.000000e+00,0.000000e+00,0.000000e+00,0.000000e+00,0.000000e+00,0.000000e+00,0.000000e+00,0.000000e+00,0.000000e+00,0.000000e+00,0.000000e+00,0.000000e+00,0.000000e+00,1.723498e-07,3.293976e+00,0.000000e+00,0.000000e+00,2.884097e-14,7.848927e+00,2.201776e-25,0.000000e+00,2.927375e-14,7.848927e+00,2.201777e-25,0.000000e+00
7.820000e-01,1.724449e-07,1.886081e+01,-1.746134e+00,0.000000e+00,-3.383591e-01,2.214000e-01,2.500000e-05,1.988062e+00,2.084887e+01,0.000000e+00,0.000000e+00,0.000000e+00,0.000000e+00,0.000000e+00,0.000000e+00,0.000000e+00,0.000000e+00,0.000000e+00,0.000000e+00,0.000000e+00,0.000000e+00,0.000000e+00,1.724449e-07,3.272334e+00,0.000000e+00,0.000000e+00,2.874298e-14,7.797357e+00,2.202990e-25,0.000000e+00,2.893670e-14,7.797357e+00,2.202990e-25,0.000000e+00
7.830000e-01,1.725387e-07,1.873600e+01,-1.740886e+00,0.000000e+00,-3.344457e-01,2.214000e-01,2.500000e-05,1.974906e+00,2.071090e+01,0.000000e+00,0.000000e+00,0.000000e+00,0.000000e+00,0.000000e+00,0.000000e+00,0.000000e+00,0.000000e+00,0.000000e+00,0.000000e+00,0.000000e+00,0.000000e+00,0.000000e+00,1.725386e-07,3.250686e+00,0.000000e+00,0.000000e+00,2.870673e-14,7.745776e+00,2.204189e-25,0.000000e+00,2.914070e-14,7.745776e+00,2.204189e-25,0.000000e+00
7.840000e-01,1.726312e-07,1.861116e+01,-1.735607e+00,0.000000e+00,-3.305554e-01,2.214000e-01,2.500000e-05,1.961748e+00,2.057291e+01,0.000000e+00,0.000000e+00,0.000000e+00,0.000000e+00,0.000000e+00,0.000000e+00,0.000000e+00,0.000000e+00,0.000000e+00,0.000000e+00,0.000000e+00,0.000000e+00,0.000000e+00,1.726312e-07,3.229034e+00,0.000000e+00,0.000000e+00,2.855212e-14,7.694184e+00,2.205371e-25,0.000000e+00,2.878473e-14,7.694184e+00,2.205371e-25,0.000000e+00
7.850000e-01,1.727226e-07,1.848630e+01,-1.730298e+00,0.000000e+00,-3.266881e-01,2.214000e-01,2.500000e-05,1.948587e+00,2.043489e+01,0.000000e+00,0.000000e+00,0.000000e+00,0.000000e+00,0.000000e+00,0.000000e+00,0.000000e+00,0.000000e+00,0.000000e+00,0.000000e+00,0.000000e+00,0.000000e+00,0.000000e+00,1.727225e-07,3.207379e+00,0.000000e+00,0.000000e+00,2.949543e-14,7.642583e+00,2.206537e-25,0.000000e+00,2.980935e-14,7.642583e+00,2.206537e-25,0.000000e+00
7.860000e-01,1.728126e-07,1.836143e+01,-1.724959e+00,0.000000e+00,-3.228441e-01,2.214000e-01,2.500000e-05,1.935424e+00,2.029685e+01,0.000000e+00,0.000000e+00,0.000000e+00,0.000000e+00,0.000000e+00,0.000000e+00,0.000000e+00,0.000000e+00,0.000000e+00,0.000000e+00,0.000000e+00,0.000000e+00,0.000000e+00,1.728126e-07,3.185721e+00,0.000000e+00,0.000000e+00,2.932403e-14,7.590975e+00,2.207688e-25,0.000000e+00,2.906578e-14,7.590976e+00,2.207688e-25,0.000000e+00
7.870000e-01,1.729015e-07,1.823654e+01,-1.719590e+00,0.000000e+00,-3.190233e-01,2.214000e-01,2.500000e-05,1.922260e+00,2.015880e+01,0.000000e+00,0.000000e+00,0.000000e+00,0.000000e+00,0.000000e+00,0.000000e+00,0.000000e+00,0.000000e+00,0.000000e+00,0.000000e+00,0.000000e+00,0.000000e+00,0.000000e+00,1.729014e-07,3.164061e+00,0.000000e+00,0.000000e+00,2.925543e-14,7.539363e+00,2.208823e-25,0.000000e+00,2.984299e-14,7.539362e+00,2.208824e-25,0.000000e+00
7.880000e-01,1.729892e-07,1.811165e+01,-1.714191e+00,0.000000e+00,-3.152258e-01,2.214000e-01,2.500000e-05,1.909095e+00,2.002074e+01,0.000000e+00,0.000000e+00,0.000000e+00,0.000000e+00,0.000000e+00,0.000000e+00,0.000000e+00,0.000000e+00,0.000000e+00,0.000000e+00,0.000000e+00,0.000000e+00,0.000000e+00,1.729891e-07,3.142399e+00,0.000000e+00,0.000000e+00,2.991977e-14,7.487747e+00,2.209943e-25,0.000000e+00,2.972596e-14,7.487747e+00,2.209943e-25,0.000000e+00
7.890000e-01,1.730756e-07,1.798675e+01,-1.708762e+00,0.000000e+00,-3.114517e-01,2.214000e-01,2.500000e-05,1.895930e+00,1.988268e+01,0.000000e+00,0.000000e+00,0.000000e+00,0.000000e+00,0.000000e+00,0.000000e+00,0.000000e+00,0.000000e+00,0.000000e+00,0.000000e+00,0.000000e+00,0.000000e+00,0.000000e+00,1.730755e-07,3.120736e+00,0.000000e+00,0.000000e+00,2.927948e-14,7.436130e+00,2.211048e-25,0.000000e+00,2.980891e-14,7.436130e+00,2.211048e-25,0.000000e+00
7.900000e-01,1.731609e-07,1.786186e+01,-1.703303e+00,0.000000e+00,-3.077010e-01,2.214000e-01,2.500000e-05,1.882766e+00,1.974462e+01,0.000000e+00,0.000000e+00,0.000000e+00,0.000000e+00,0.000000e+00,0.000000e+00,0.000000e+00,0.000000e+00,0.000000e+00,0.000000e+00,0.000000e+00,0.000000e+00,0.000000e+00,1.731608e-07,3.099074e+00,0.000000e+00,0.000000e+00,2.864549e-14,7.384513e+00,2.212137e-25,0.000000e+00,2.909346e-14,7.384513e+00,2.212137e-25,0.000000e+00
7.910000e-01,1.732450e-07,1.773697e+01,-1.697814e+00,0.000000e+00,-3.039737e-01,2.214000e-01,2.500000e-05,1.869601e+00,1.960657e+01,0.000000e+00,0.000000e+00,0.000000e+00,0.000000e+00,0.000000e+00,0.000000e+00,0.000000e+00,0.000000e+00,0.000000e+00,0.000000e+00,0.000000e+00,0.000000e+00,0.000000e+00,1.732449e-07,3.077413e+00,0.000000e+00,0.000000e+00,2.929578e-14,7.332899e+00,2.213211e-25,0.000000e+00,2.947334e-14,7.332898e+00,2.213211e-25,0.000000e+00
7.920000e-01,1.733279e-07,1.761209e+01,-1.692296e+00,0.000000e+00,-3.002700e-01,2.214000e-01,2.500000e-05,1.856438e+00,1.946853e+01,0.000000e+00,0.000000e+00,0.000000e+00,0.000000e+00,0.000000e+00,0.000000e+00,0.000000e+00,0.000000e+00,0.000000e+00,0.000000e+00,0.000000e+00,0.000000e+00,0.000000e+00,1.733278e-07,3.055754e+00,0.000000e+00,0.000000e+00,3.016283e-14,7.281289e+00,2.214270e-25,0.000000e+00,2.980330e-14,7.281289e+00,2.214270e-25,0.000000e+00
7.930000e-01,1.734096e-07,1.748722e+01,-1.686748e+00,0.000000e+00,-2.965899e-01,2.214000e-01,2.500000e-05,1.843277e+00,1.933050e+01,0.000000e+00,0.000000e+00,0.000000e+00,0.000000e+00,0.000000e+00,0.000000e+00,0.000000e+00,0.000000e+00,0.000000e+00,0.000000e+00,0.000000e+00,0.000000e+00,0.000000e+00,1.734095e-07,3.034097e+00,0.000000e+00,0.000000e+00,2.908032e-14,7.229685e+00,2.215314e-25,0.000000e+00,2.934085e-14,7.229685e+00,2.215314e-25,0.000000e+00
7.940000e-01,1.734902e-07,1.736238e+01,-1.681171e+00,0.000000e+00,-2.929334e-01,2.214000e-01,2.500000e-05,1.830117e+00,1.919250e+01,0.000000e+00,0.000000e+00,0.000000e+00,0.000000e+00,0.000000e+00,0.000000e+00,0.000000e+00,0.000000e+00,0.000000e+00,0.000000e+00,0.000000e+00,0.000000e+00,0.000000e+00,1.734901e-07,3.012444e+00,0.000000e+00,0.000000e+00,2.994693e-14,7.178089e+00,2.216344e-25,0.000000e+00,2.990405e-14,7.178089e+00,2.216344e-25,0.000000e+00
7.950000e-01,1.735696e-07,1.723756e+01,-1.675564e+00,0.000000e+00,-2.893006e-01,2.214000e-01,2.500000e-05,1.816960e+00,1.905452e+01,0.000000e+00,0.000000e+00,0.000000e+00,0.000000e+00,0.000000e+00,0.000000e+00,0.000000e+00,0.000000e+00,0.000000e+00,0.000000e+00,0.000000e+00,0.000000e+00,0.000000e+00,1.735695e-07,2.990795e+00,0.000000e+00,0.000000e+00,2.971097e-14,7.126503e+00,2.217359e-25,0.000000e+00,2.927180e-14,7.126503e+00,2.217359e-25,0.000000e+00
7.960000e-01,1.736479e-07,1.711277e+01,-1.669928e+00,0.000000e+00,-2.856914e-01,2.214000e-01,2.500000e-05,1.803807e+00,1.891658e+01,0.000000e+00,0.000000e+00,0.000000e+00,0.000000e+00,0.000000e+00,0.000000e+00,0.000000e+00,0.000000e+00,0.000000e+00,0.000000e+00,0.000000e+00,0.000000e+00,0.000000e+00,1.736478e-07,2.969150e+00,0.000000e+00,0.000000e+00,2.944873e-14,7.074929e+00,2.218359e-25,0.000000e+00,2.962899e-14,7.074929e+00,2.218359e-25,0.000000e+00
7.970000e-01,1.737250e-07,1.698801e+01,-1.664262e+00,0.000000e+00,-2.821060e-01,2.214000e-01,2.500000e-05,1.790656e+00,1.877867e+01,0.000000e+00,0.000000e+00,0.000000e+00,0.000000e+00,0.000000e+00,0.000000e+00,0.000000e+00,0.000000e+00,0.000000e+00,0.000000e+00,0.000000e+00,0.000000e+00,0.000000e+00,1.737250e-07,2.947512e+00,0.000000e+00,0.000000e+00,2.997724e-14,7.023368e+00,2.219344e-25,0.000000e+00,2.986241e-14,7.023368e+00,2.219345e-25,0.000000e+00
7.980000e-01,1.738011e-07,1.686329e+01,-1.658568e+00,0.000000e+00,-2.785445e-01,2.214000e-01,2.500000e-05,1.777510e+00,1.864080e+01,0.000000e+00,0.000000e+00,0.000000e+00,0.000000e+00,0.000000e+00,0.000000e+00,0.000000e+00,0.000000e+00,0.000000e+00,0.000000e+00,0.000000e+00,0.000000e+00,0.000000e+00,1.738010e-07,2.925880e+00,0.000000e+00,0.000000e+00,3.026126e-14,6.971823e+00,2.220316e-25,0.000000e+00,2.980265e-14,6.971823e+00,2.220316e-25,0.000000e+00
7.990000e-01,1.738760e-07,1.673861e+01,-1.652844e+00,0.000000e+00,-2.750068e-01,2.214000e-01,2.500000e-05,1.764368e+00,1.850298e+01,0.000000e+00,0.000000e+00,0.000000e+00,0.000000e+00,0.000000e+00,0.000000e+00,0.000000e+00,0.000000e+00,0.000000e+00,0.000000e+00,0.000000e+00,0.000000e+00,0.000000e+00,1.738759e-07,2.904255e+00,0.000000e+00,0.000000e+00,2.974285e-14,6.920295e+00,2.221273e-25,0.000000e+00,2.951351e-14,6.920296e+00,2.221273e-25,0.000000e+00
8.000000e-01,1.739498e-07,1.661398e+01,-1.647091e+00,0.000000e+00,-2.714930e-01,2.214000e-01,2.500000e-05,1.751231e+00,1.836522e+01,0.000000e+00,0.000000e+00,0.000000e+00,0.000000e+00,0.000000e+00,0.000000e+00,0.000000e+00,0.000000e+00,0.000000e+00,0.000000e+00,0.000000e+00,0.000000e+00,0.000000e+00,1.739497e-07,2.882639e+00,0.000000e+00,0.000000e+00,2.984881e-14,6.868787e+00,2.222216e-25,0.000000e+00,3.004720e-14,6.868788e+00,2.222216e-25,0.000000e+00
8.010000e-01,1.740225e-07,1.648940e+01,-1.641310e+00,0.000000e+00,-2.680031e-01,2.214000e-01,2.500000e-05,1.738100e+00,1.822750e+01,0.000000e+00,0.000000e+00,0.000000e+00,0.000000e+00,0.000000e+00,0.000000e+00,0.000000e+00,0.000000e+00,0.000000e+00,0.000000e+00,0.000000e+00,0.000000e+00,0.000000e+00,1.740224e-07,2.861031e+00,0.000000e+00,0.000000e+00,2.968706e-14,6.817301e+00,2.223144e-25,0.000000e+00,3.025785e-14,6.817301e+00,2.223144e-25,0.000000e+00
8.020000e-01,1.740941e-07,1.636488e+01,-1.635499e+00,0.000000e+00,-2.645372e-01,2.214000e-01,2.500000e-05,1.724974e+00,1.808986e+01,0.000000e+00,0.000000e+00,0.000000e+00,0.000000e+00,0.000000e+00,0.000000e+00,0.000000e+00,0.000000e+00,0.000000e+00,0.000000e+00,0.000000e+00,0.000000e+00,0.000000e+00,1.740941e-07,2.839433e+00,0.000000e+00,0.000000e+00,3.003612e-14,6.765838e+00,2.224059e-25,0.000000e+00,3.003251e-14,6.765837e+00,2.224059e-25,0.000000e+00
8.030000e-01,1.741646e-07,1.624042e+01,-1.629660e+00,0.000000e+00,-2.610953e-01,2.214000e-01,2.500000e-05,1.711855e+00,1.795228e+01,0.000000e+00,0.000000e+00,0.000000e+00,0.000000e+00,0.000000e+00,0.000000e+00,0.000000e+00,0.000000e+00,0.000000e+00,0.000000e+00,0.000000e+00,0.000000e+00,0.000000e+00,1.741646e-07,2.817846e+00,0.000000e+00,0.000000e+00,3.007068e-14,6.714399e+00,2.224960e-25,0.000000e+00,3.034090e-14,6.714399e+00,2.224960e-25,0.000000e+00
8.040000e-01,1.742341e-07,1.611603e+01,-1.623792e+00,0.000000e+00,-2.576774e-01,2.214000e-01,2.500000e-05,1.698743e+00,1.781477e+01,0.000000e+00,0.000000e+00,0.000000e+00,0.000000e+00,0.000000e+00,0.000000e+00,0.000000e+00,0.000000e+00,0.000000e+00,0.000000e+00,0.000000e+00,0.000000e+00,0.000000e+00,1.742340e-07,2.796270e+00,0.000000e+00,0.000000e+00,3.077310e-14,6.662988e+00,2.225848e-25,0.000000e+00,3.024126e-14,6.662988e+00,2.225848e-25,0.000000e+00
8.050000e-01,1.743025e-07,1.599170e+01,-1.617895e+00,0.000000e+00,-2.542836e-01,2.214000e-01,2.500000e-05,1.685639e+00,1.767735e+01,0.000000e+00,0.000000e+00,0.000000e+00,0.000000e+00,0.000000e+00,0.000000e+00,0.000000e+00,0.000000e+00,0.000000e+00,0.000000e+00,0.000000e+00,0.000000e+00,0.000000e+00,1.743024e-07,2.774707e+00,0.000000e+00,0.000000e+00,2.928995e-14,6.611607e+00,2.226721e-25,0.000000e+00,2.972611e-14,6.611607e+00,2.226722e-25,0.000000e+00
8.060000e-01,1.743698e-07,1.586746e+01,-1.611970e+00,0.000000e+00,-2.509139e-01,2.214000e-01,2.500000e-05,1.672542e+00,1.754000e+01,0.000000e+00,0.000000e+00,0.000000e+00,0.000000e+00,0.000000e+00,0.000000e+00,0.000000e+00,0.000000e+00,0.000000e+00,0.000000e+00,0.000000e+00,0.000000e+00,0.000000e+00,1.743698e-07,2.753157e+00,0.000000e+00,0.000000e+00,2.949658e-14,6.560256e+00,2.227582e-25,0.000000e+00,2.956823e-14,6.560256e+00,2.227582e-25,0.000000e+00
8.070000e-01,1.744361e-07,1.574329e+01,-1.606017e+00,0.000000e+00,-2.475684e-01,2.214000e-01,2.500000e-05,1.659454e+00,1.740274e+01,0.000000e+00,0.000000e+00,0.000000e+00,0.000000e+00,0.000000e+00,0.000000e+00,0.000000e+00,0.000000e+00,0.000000e+00,0.000000e+00,0.000000e+00,0.000000e+00,0.000000e+00,1.744361e-07,2.731620e+00,0.000000e+00,0.000000e+00,2.945046e-14,6.508938e+00,2.228429e-25,0.000000e+00,2.997879e-14,6.508938e+00,2.228429e-25,0.000000e+00
8.080000e-01,1.745014e-07,1.561921e+01,-1.600034e+00,0.000000e+00,-2.442470e-01,2.214000e-01,2.500000e-05,1.646374e+00,1.726558e+01,0.000000e+00,0.000000e+00,0.000000e+00,0.000000e+00,0.000000e+00,0.000000e+00,0.000000e+00,0.000000e+00,0.000000e+00,0.000000e+00,0.000000e+00,0.000000e+00,0.000000e+00,1.745013e-07,2.710098e+00,0.000000e+00,0.000000e+00,3.031742e-14,6.457655e+00,2.229262e-25,0.000000e+00,3.068873e-14,6.457655e+00,2.229262e-25,0.000000e+00
8.090000e-01,1.745656e-07,1.549521e+01,-1.594024e+00,0.000000e+00,-2.409499e-01,2.214000e-01,2.500000e-05,1.633305e+00,1.712852e+01,0.000000e+00,0.000000e+00,0.000000e+00,0.000000e+00,0.000000e+00,0.000000e+00,0.000000e+00,0.000000e+00,0.000000e+00,0.000000e+00,0.000000e+00,0.000000e+00,0.000000e+00,1.745656e-07,2.688592e+00,0.000000e+00,0.000000e+00,3.078104e-14,6.406410e+00,2.230083e-25,0.000000e+00,3.051536e-14,6.406410e+00,2.230083e-25,0.000000e+00
8.100000e-01,1.746288e-07,1.537132e+01,-1.587986e+00,0.000000e+00,-2.376769e-01,2.214000e-01,2.500000e-05,1.620245e+00,1.699156e+01,0.000000e+00,0.000000e+00,0.000000e+00,0.000000e+00,0.000000e+00,0.000000e+00,0.000000e+00,0.000000e+00,0.000000e+00,0.000000e+00,0.000000e+00,0.000000e+00,0.000000e+00,1.746288e-07,2.667102e+00,0.000000e+00,0.000000e+00,2.948527e-14,6.355204e+00,2.230891e-25,0.000000e+00,2.985189e-14,6.355203e+00,2.230891e-25,0.000000e+00
8.110000e-01,1.746911e-07,1.524752e+01,-1.581919e+00,0.000000e+00,-2.344282e-01,2.214000e-01,2.500000e-05,1.607196e+00,1.685471e+01,0.000000e+00,0.000000e+00,0.000000e+00,0.000000e+00,0.000000e+00,0.000000e+00,0.000000e+00,0.000000e+00,0.000000e+00,0.000000e+00,0.000000e+00,0.000000e+00,0.000000e+00,1.746910e-07,2.645629e+00,0.000000e+00,0.000000e+00,3.016790e-14,6.304038e+00,2.231685e-25,0.000000e+00,3.028311e-14,6.304038e+00,2.231685e-25,0.000000e+00
8.120000e-01,1.747522e-07,1.512382e+01,-1.575824e+00,0.000000e+00,-2.312038e-01,2.214000e-01,2.500000e-05,1.594157e+00,1.671798e+01,0.000000e+00,0.000000e+00,0.000000e+00,0.000000e+00,0.000000e+00,0.000000e+00,0.000000e+00,0.000000e+00,0.000000e+00,0.000000e+00,0.000000e+00,0.000000e+00,0.000000e+00,1.747522e-07,2.624174e+00,0.000000e+00,0.000000e+00,2.958481e-14,6.252915e+00,2.232467e-25,0.000000e+00,3.006798e-14,6.252915e+00,2.232467e-25,0.000000e+00
8.130000e-01,1.748124e-07,1.500024e+01,-1.569702e+00,0.000000e+00,-2.280036e-01,2.214000e-01,2.500000e-05,1.581131e+00,1.658137e+01,0.000000e+00,0.000000e+00,0.000000e+00,0.000000e+00,0.000000e+00,0.000000e+00,0.000000e+00,0.000000e+00,0.000000e+00,0.000000e+00,0.000000e+00,0.000000e+00,0.000000e+00,1.748124e-07,2.602738e+00,0.000000e+00,0.000000e+00,2.948579e-14,6.201838e+00,2.233236e-25,0.000000e+00,2.973474e-14,6.201838e+00,2.233236e-25,0.000000e+00
8.140000e-01,1.748717e-07,1.487676e+01,-1.563551e+00,0.000000e+00,-2.248278e-01,2.214000e-01,2.500000e-05,1.568116e+00,1.644488e+01,0.000000e+00,0.000000e+00,0.000000e+00,0.000000e+00,0.000000e+00,0.000000e+00,0.000000e+00,0.000000e+00,0.000000e+00,0.000000e+00,0.000000e+00,0.000000e+00,0.000000e+00,1.748716e-07,2.581322e+00,0.000000e+00,0.000000e+00,3.053402e-14,6.150807e+00,2.233993e-25,0.000000e+00,3.078354e-14,6.150806e+00,2.233993e-25,0.000000e+00
8.150000e-01,1.749299e-07,1.475341e+01,-1.557373e+00,0.000000e+00,-2.216763e-01,2.214000e-01,2.500000e-05,1.555114e+00,1.630853e+01,0.000000e+00,0.000000e+00,0.000000e+00,0.000000e+00,0.000000e+00,0.000000e+00,0.000000e+00,0.000000e+00,0.000000e+00,0.000000e+00,0.000000e+00,0.000000e+00,0.000000e+00,1.749299e-07,2.559927e+00,0.000000e+00,0.000000e+00,3.106194e-14,6.099825e+00,2.234737e-25,0.000000e+00,3.064405e-14,6.099825e+00,2.234737e-25,0.000000e+00
8.160000e-01,1.749872e-07,1.463018e+01,-1.551166e+00,0.000000e+00,-2.185492e-01,2.214000e-01,2.500000e-05,1.542125e+00,1.617231e+01,0.000000e+00,0.000000e+00,0.000000e+00,0.000000e+00,0.000000e+00,0.000000e+00,0.000000e+00,0.000000e+00,0.000000e+00,0.000000e+00,0.000000e+00,0.000000e+00,0.000000e+00,1.749872e-07,2.538553e+00,0.000000e+00,0.000000e+00,3.115243e-14,6.048894e+00,2.235469e-25,0.000000e+00,3.071165e-14,6.048895e+00,2.235469e-25,0.000000e+00
8.170000e-01,1.750435e-07,1.450708e+01,-1.544932e+00,0.000000e+00,-2.154464e-01,2.214000e-01,2.500000e-05,1.529149e+00,1.603623e+01,0.000000e+00,0.000000e+00,0.000000e+00,0.000000e+00,0.000000e+00,0.000000e+00,0.000000e+00,0.000000e+00,0.000000e+00,0.000000e+00,0.000000e+00,0.000000e+00,0.000000e+00,1.750435e-07,2.517201e+00,0.000000e+00,0.000000e+00,3.066673e-14,5.998017e+00,2.236188e-25,0.000000e+00,3.065312e-14,5.998017e+00,2.236188e-25,0.000000e+00
8.180000e-01,1.750989e-07,1.438412e+01,-1.538671e+00,0.000000e+00,-2.123680e-01,2.214000e-01,2.500000e-05,1.516187e+00,1.590030e+01,0.000000e+00,0.000000e+00,0.000000e+00,0.000000e+00,0.000000e+00,0.000000e+00,0.000000e+00,0.000000e+00,0.000000e+00,0.000000e+00,0.000000e+00,0.000000e+00,0.000000e+00,1.750989e-07,2.495872e+00,0.000000e+00,0.000000e+00,3.007049e-14,5.947196e+00,2.236896e-25,0.000000e+00,3.060178e-14,5.947195e+00,2.236896e-25,0.000000e+00
8.190000e-01,1.751534e-07,1.426129e+01,-1.532382e+00,0.000000e+00,-2.093140e-01,2.214000e-01,2.500000e-05,1.503240e+00,1.576453e+01,0.000000e+00,0.000000e+00,0.000000e+00,0.000000e+00,0.000000e+00,0.000000e+00,0.000000e+00,0.000000e+00,0.000000e+00,0.000000e+00,0.000000e+00,0.000000e+00,0.000000e+00,1.751533e-07,2.474567e+00,0.000000e+00,0.000000e+00,3.023230e-14,5.896430e+00,2.237591e-25,0.000000e+00,3.030720e-14,5.896430e+00,2.237591e-25,0.000000e+00
8.200000e-01,1.752069e-07,1.413860e+01,-1.526066e+00,0.000000e+00,-2.062845e-01,2.214000e-01,2.500000e-05,1.490309e+00,1.562891e+01,0.000000e+00,0.000000e+00,0.000000e+00,0.000000e+00,0.000000e+00,0.000000e+00,0.000000e+00,0.000000e+00,0.000000e+00,0.000000e+00,0.000000e+00,0.000000e+00,0.000000e+00,1.752068e-07,2.453287e+00,0.000000e+00,0.000000e+00,3.054713e-14,5.845724e+00,2.238275e-25,0.000000e+00,3.088026e-14,5.845724e+00,2.238275e-25,0.000000e+00
8.210000e-01,1.752595e-07,1.401607e+01,-1.519722e+00,0.000000e+00,-2.032793e-01,2.214000e-01,2.500000e-05,1.477392e+00,1.549346e+01,0.000000e+00,0.000000e+00,0.000000e+00,0.000000e+00,0.000000e+00,0.000000e+00,0.000000e+00,0.000000e+00,0.000000e+00,0.000000e+00,0.000000e+00,0.000000e+00,0.000000e+00,1.752594e-07,2.432033e+00,0.000000e+00,0.000000e+00,3.070650e-14,5.795078e+00,2.238947e-25,0.000000e+00,3.030431e-14,5.795079e+00,2.238947e-25,0.000000e+00
8.220000e-01,1.753111e-07,1.389368e+01,-1.513351e+00,0.000000e+00,-2.002986e-01,2.214000e-01,2.500000e-05,1.464492e+00,1.535818e+01,0.000000e+00,0.000000e+00,0.000000e+00,0.000000e+00,0.000000e+00,0.000000e+00,0.000000e+00,0.000000e+00,0.000000e+00,0.000000e+00,0.000000e+00,0.000000e+00,0.000000e+00,1.753111e-07,2.410805e+00,0.000000e+00,0.000000e+00,3.082915e-14,5.744497e+00,2.239607e-25,0.000000e+00,3.042609e-14,5.744498e+00,2.239607e-25,0.000000e+00
8.230000e-01,1.753619e-07,1.377146e+01,-1.506952e+00,0.000000e+00,-1.973423e-01,2.214000e-01,2.500000e-05,1.451609e+00,1.522307e+01,0.000000e+00,0.000000e+00,0.000000e+00,0.000000e+00,0.000000e+00,0.000000e+00,0.000000e+00,0.000000e+00,0.000000e+00,0.000000e+00,0.000000e+00,0.000000e+00,0.000000e+00,1.753619e-07,2.389605e+00,0.000000e+00,0.000000e+00,3.020573e-14,5.693982e+00,2.240256e-25,0.000000e+00,3.018111e-14,5.693982e+00,2.240256e-25,0.000000e+00
8.240000e-01,1.754118e-07,1.364940e+01,-1.500527e+00,0.000000e+00,-1.944105e-01,2.214000e-01,2.500000e-05,1.438743e+00,1.508814e+01,0.000000e+00,0.000000e+00,0.000000e+00,0.000000e+00,0.000000e+00,0.000000e+00,0.000000e+00,0.000000e+00,0.000000e+00,0.000000e+00,0.000000e+00,0.000000e+00,0.000000e+00,1.754118e-07,2.368433e+00,0.000000e+00,0.000000e+00,3.025148e-14,5.643533e+00,2.240893e-25,0.000000e+00,3.083328e-14,5.643533e+00,2.240893e-25,0.000000e+00
8.250000e-01,1.754608e-07,1.352751e+01,-1.494074e+00,0.000000e+00,-1.915031e-01,2.214000e-01,2.500000e-05,1.425895e+00,1.495340e+01,0.000000e+00,0.000000e+00,0.000000e+00,0.000000e+00,0.000000e+00,0.000000e+00,0.000000e+00,0.000000e+00,0.000000e+00,0.000000e+00,0.000000e+00,0.000000e+00,0.000000e+00,1.754608e-07,2.347291e+00,0.000000e+00,0.000000e+00,3.047146e-14,5.593154e+00,2.241519e-25,0.000000e+00,3.077346e-14,5.593154e+00,2.241519e-25,0.000000e+00
8.260000e-01,1.755089e-07,1.340579e+01,-1.487595e+00,0.000000e+00,-1.886202e-01,2.214000e-01,2.500000e-05,1.413065e+00,1.481886e+01,0.000000e+00,0.000000e+00,0.000000e+00,0.000000e+00,0.000000e+00,0.000000e+00,0.000000e+00,0.000000e+00,0.000000e+00,0.000000e+00,0.000000e+00,0.000000e+00,0.000000e+00,1.755089e-07,2.326178e+00,0.000000e+00,0.000000e+00,3.037758e-14,5.542847e+00,2.242134e-25,0.000000e+00,3.037764e-14,5.542847e+00,2.242134e-25,0.000000e+00
8.270000e-01,1.755562e-07,1.328425e+01,-1.481089e+00,0.000000e+00,-1.857616e-01,2.214000e-01,2.500000e-05,1.400254e+00,1.468450e+01,0.000000e+00,0.000000e+00,0.000000e+00,0.000000e+00,0.000000e+00,0.000000e+00,0.000000e+00,0.000000e+00,0.000000e+00,0.000000e+00,0.000000e+00,0.000000e+00,0.000000e+00,1.755561e-07,2.305097e+00,0.000000e+00,0.000000e+00,3.029670e-14,5.492613e+00,2.242738e-25,0.000000e+00,3.074299e-14,5.492613e+00,2.242738e-25,0.000000e+00
8.280000e-01,1.756026e-07,1.316289e+01,-1.474555e+00,0.000000e+00,-1.829276e-01,2.214000e-01,2.500000e-05,1.387462e+00,1.455036e+01,0.000000e+00,0.000000e+00,0.000000e+00,0.000000e+00,0.000000e+00,0.000000e+00,0.000000e+00,0.000000e+00,0.000000e+00,0.000000e+00,0.000000e+00,0.000000e+00,0.000000e+00,1.756026e-07,2.284047e+00,0.000000e+00,0.000000e+00,3.059152e-14,5.442455e+00,2.243331e-25,0.000000e+00,3.031693e-14,5.442455e+00,2.243331e-25,0.000000e+00
8.290000e-01,1.756482e-07,1.304173e+01,-1.467996e+00,0.000000e+00,-1.801180e-01,2.214000e-01,2.500000e-05,1.374690e+00,1.441642e+01,0.000000e+00,0.000000e+00,0.000000e+00,0.000000e+00,0.000000e+00,0.000000e+00,0.000000e+00,0.000000e+00,0.000000e+00,0.000000e+00,0.000000e+00,0.000000e+00,0.000000e+00,1.756481e-07,2.263030e+00,0.000000e+00,0.000000e+00,3.036353e-14,5.392375e+00,2.243913e-25,0.000000e+00,3.037721e-14,5.392375e+00,2.243913e-25,0.000000e+00
8.300000e-01,1.756929e-07,1.292075e+01,-1.461409e+00,0.000000e+00,-1.773329e-01,2.214000e-01,2.500000e-05,1.361938e+00,1.428269e+01,0.000000e+00,0.000000e+00,0.000000e+00,0.000000e+00,0.000000e+00,0.000000e+00,0.000000e+00,0.000000e+00,0.000000e+00,0.000000e+00,0.000000e+00,0.000000e+00,0.000000e+00,1.756928e-07,2.242046e+00,0.000000e+00,0.000000e+00,3.113162e-14,5.342376e+00,2.244484e-25,0.000000e+00,3.088875e-14,5.342376e+00,2.244484e-25,0.000000e+00
8.310000e-01,1.757368e-07,1.279998e+01,-1.454796e+00,0.000000e+00,-1.745722e-01,2.214000e-01,2.500000e-05,1.349208e+00,1.414919e+01,0.000000e+00,0.000000e+00,0.000000e+00,0.000000e+00,0.000000e+00,0.000000e+00,0.000000e+00,0.000000e+00,0.000000e+00,0.000000e+00,0.000000e+00,0.000000e+00,0.000000e+00,1.757367e-07,2.221097e+00,0.000000e+00,0.000000e+00,3.034791e-14,5.292458e+00,2.245045e-25,0.000000e+00,3.063865e-14,5.292458e+00,2.245045e-25,0.000000e+00
8.320000e-01,1.757799e-07,1.267941e+01,-1.448156e+00,0.000000e+00,-1.718359e-01,2.214000e-01,2.500000e-05,1.336499e+00,1.401591e+01,0.000000e+00,0.000000e+00,0.000000e+00,0.000000e+00,0.000000e+00,0.000000e+00,0.000000e+00,0.000000e+00,0.000000e+00,0.000000e+00,0.000000e+00,0.000000e+00,0.000000e+00,1.757798e-07,2.200183e+00,0.000000e+00,0.000000e+00,3.071664e-14,5.242625e+00,2.245595e-25,0.000000e+00,3.090814e-14,5.242625e+00,2.245595e-25,0.000000e+00
8.330000e-01,1.758221e-07,1.255905e+01,-1.441490e+00,0.000000e+00,-1.691241e-01,2.214000e-01,2.500000e-05,1.323812e+00,1.388286e+01,0.000000e+00,0.000000e+00,0.000000e+00,0.000000e+00,0.000000e+00,0.000000e+00,0.000000e+00,0.000000e+00,0.000000e+00,0.000000e+00,0.000000e+00,0.000000e+00,0.000000e+00,1.758221e-07,2.179306e+00,0.000000e+00,0.000000e+00,3.168898e-14,5.192877e+00,2.246135e-25,0.000000e+00,3.133528e-14,5.192878e+00,2.246135e-25,0.000000e+00
8.340000e-01,1.758636e-07,1.243890e+01,-1.434797e+00,0.000000e+00,-1.664367e-01,2.214000e-01,2.500000e-05,1.311148e+00,1.375005e+01,0.000000e+00,0.000000e+00,0.000000e+00,0.000000e+00,0.000000e+00,0.000000e+00,0.000000e+00,0.000000e+00,0.000000e+00,0.000000e+00,0.000000e+00,0.000000e+00,0.000000e+00,1.758635e-07,2.158466e+00,0.000000e+00,0.000000e+00,3.069873e-14,5.143219e+00,2.246665e-25,0.000000e+00,3.083817e-14,5.143219e+00,2.246665e-25,0.000000e+00
8.350000e-01,1.759042e-07,1.231898e+01,-1.428078e+00,0.000000e+00,-1.637737e-01,2.214000e-01,2.500000e-05,1.298507e+00,1.361749e+01,0.000000e+00,0.000000e+00,0.000000e+00,0.000000e+00,0.000000e+00,0.000000e+00,0.000000e+00,0.000000e+00,0.000000e+00,0.000000e+00,0.000000e+00,0.000000e+00,0.000000e+00,1.759042e-07,2.137664e+00,0.000000e+00,0.000000e+00,3.073536e-14,5.093652e+00,2.247184e-25,0.000000e+00,3.053327e-14,5.093652e+00,2.247184e-25,0.000000e+00
8.360000e-01,1.759441e-07,1.219928e+01,-1.421333e+00,0.000000e+00,-1.611351e-01,2.214000e-01,2.500000e-05,1.285890e+00,1.348517e+01,0.000000e+00,0.000000e+00,0.000000e+00,0.000000e+00,0.000000e+00,0.000000e+00,0.000000e+00,0.000000e+00,0.000000e+00,0.000000e+00,0.000000e+00,0.000000e+00,0.000000e+00,1.759441e-07,2.116901e+00,0.000000e+00,0.000000e+00,3.079687e-14,5.044177e+00,2.247693e-25,0.000000e+00,3.045724e-14,5.044178e+00,2.247694e-25,0.000000e+00
8.370000e-01,1.759832e-07,1.207980e+01,-1.414561e+00,0.000000e+00,-1.585209e-01,2.214000e-01,2.500000e-05,1.273297e+00,1.335310e+01,0.000000e+00,0.000000e+00,0.000000e+00,0.000000e+00,0.000000e+00,0.000000e+00,0.000000e+00,0.000000e+00,0.000000e+00,0.000000e+00,0.000000e+00,0.000000e+00,0.000000e+00,1.759832e-07,2.096177e+00,0.000000e+00,0.000000e+00,3.012955e-14,4.994798e+00,2.248193e-25,0.000000e+00,3.041993e-14,4.994798e+00,2.248193e-25,0.000000e+00
8.380000e-01,1.760216e-07,1.196057e+01,-1.407764e+00,0.000000e+00,-1.559311e-01,2.214000e-01,2.500000e-05,1.260728e+00,1.322130e+01,0.000000e+00,0.000000e+00,0.000000e+00,0.000000e+00,0.000000e+00,0.000000e+00,0.000000e+00,0.000000e+00,0.000000e+00,0.000000e+00,0.000000e+00,0.000000e+00,0.000000e+00,1.760215e-07,2.075495e+00,0.000000e+00,0.000000e+00,3.199826e-14,4.945516e+00,2.248683e-25,0.000000e+00,3.146271e-14,4.945515e+00,2.248683e-25,0.000000e+00
8.390000e-01,1.760592e-07,1.184158e+01,-1.400940e+00,0.000000e+00,-1.533656e-01,2.214000e-01,2.500000e-05,1.248186e+00,1.308976e+01,0.000000e+00,0.000000e+00,0.000000e+00,0.000000e+00,0.000000e+00,0.000000e+00,0.000000e+00,0.000000e+00,0.000000e+00,0.000000e+00,0.000000e+00,0.000000e+00,0.000000e+00,1.760591e-07,2.054854e+00,0.000000e+00,0.000000e+00,3.128781e-14,4.896332e+00,2.249163e-25,0.000000e+00,3.146492e-14,4.896333e+00,2.249163e-25,0.000000e+00
8.400000e-01,1.760960e-07,1.172283e+01,-1.394091e+00,0.000000e+00,-1.508245e-01,2.214000e-01,2.500000e-05,1.235669e+00,1.295850e+01,0.000000e+00,0.000000e+00,0.000000e+00,0.000000e+00,0.000000e+00,0.000000e+00,0.000000e+00,0.000000e+00,0.000000e+00,0.000000e+00,0.000000e+00,0.000000e+00,0.000000e+00,1.760960e-07,2.034256e+00,0.000000e+00,0.000000e+00,3.116968e-14,4.847251e+00,2.249634e-25,0.000000e+00,3.152971e-14,4.847251e+00,2.249634e-25,0.000000e+00
8.410000e-01,1.761321e-07,1.160433e+01,-1.387216e+00,0.000000e+00,-1.483077e-01,2.214000e-01,2.500000e-05,1.223178e+00,1.282751e+01,0.000000e+00,0.000000e+00,0.000000e+00,0.000000e+00,0.000000e+00,0.000000e+00,0.000000e+00,0.000000e+00,0.000000e+00,0.000000e+00,0.000000e+00,0.000000e+00,0.000000e+00,1.761321e-07,2.013702e+00,0.000000e+00,0.000000e+00,3.142832e-14,4.798274e+00,2.250095e-25,0.000000e+00,3.123557e-14,4.798273e+00,2.250095e-25,0.000000e+00
8.420000e-01,1.761675e-07,1.148609e+01,-1.380315e+00,0.000000e+00,-1.458151e-01,2.214000e-01,2.500000e-05,1.210715e+00,1.269680e+01,0.000000e+00,0.000000e+00,0.000000e+00,0.000000e+00,0.000000e+00,0.000000e+00,0.000000e+00,0.000000e+00,0.000000e+00,0.000000e+00,0.000000e+00,0.000000e+00,0.000000e+00,1.761674e-07,1.993191e+00,0.000000e+00,0.000000e+00,3.126270e-14,4.749401e+00,2.250547e-25,0.000000e+00,3.093064e-14,4.749402e+00,2.250547e-25,0.000000e+00
8.430000e-01,1.762021e-07,1.136811e+01,-1.373388e+00,0.000000e+00,-1.433469e-01,2.214000e-01,2.500000e-05,1.198279e+00,1.256639e+01,0.000000e+00,0.000000e+00,0.000000e+00,0.000000e+00,0.000000e+00,0.000000e+00,0.000000e+00,0.000000e+00,0.000000e+00,0.000000e+00,0.000000e+00,0.000000e+00,0.000000e+00,1.762021e-07,1.972727e+00,0.000000e+00,0.000000e+00,3.179272e-14,4.700638e+00,2.250990e-25,0.000000e+00,3.153677e-14,4.700638e+00,2.250990e-25,0.000000e+00
8.440000e-01,1.762361e-07,1.125040e+01,-1.366435e+00,0.000000e+00,-1.409028e-01,2.214000e-01,2.500000e-05,1.185871e+00,1.243627e+01,0.000000e+00,0.000000e+00,0.000000e+00,0.000000e+00,0.000000e+00,0.000000e+00,0.000000e+00,0.000000e+00,0.000000e+00,0.000000e+00,0.000000e+00,0.000000e+00,0.000000e+00,1.762360e-07,1.952308e+00,0.000000e+00,0.000000e+00,3.047957e-14,4.651985e+00,2.251423e-25,0.000000e+00,3.067051e-14,4.651985e+00,2.251424e-25,0.000000e+00
8.450000e-01,1.762693e-07,1.113296e+01,-1.359457e+00,0.000000e+00,-1.384831e-01,2.214000e-01,2.500000e-05,1.173492e+00,1.230645e+01,0.000000e+00,0.000000e+00,0.000000e+00,0.000000e+00,0.000000e+00,0.000000e+00,0.000000e+00,0.000000e+00,0.000000e+00,0.000000e+00,0.000000e+00,0.000000e+00,0.000000e+00,1.762693e-07,1.931937e+00,0.000000e+00,0.000000e+00,3.120769e-14,4.603443e+00,2.251848e-25,0.000000e+00,3.066706e-14,4.603444e+00,2.251848e-25,0.000000e+00
8.460000e-01,1.763019e-07,1.101580e+01,-1.352453e+00,0.000000e+00,-1.360875e-01,2.214000e-01,2.500000e-05,1.161143e+00,1.217694e+01,0.000000e+00,0.000000e+00,0.000000e+00,0.000000e+00,0.000000e+00,0.000000e+00,0.000000e+00,0.000000e+00,0.000000e+00,0.000000e+00,0.000000e+00,0.000000e+00,0.000000e+00,1.763018e-07,1.911614e+00,0.000000e+00,0.000000e+00,3.105581e-14,4.555018e+00,2.252264e-25,0.000000e+00,3.150240e-14,4.555017e+00,2.252264e-25,0.000000e+00
8.470000e-01,1.763337e-07,1.089892e+01,-1.345424e+00,0.000000e+00,-1.337161e-01,2.214000e-01,2.500000e-05,1.148823e+00,1.204774e+01,0.000000e+00,0.000000e+00,0.000000e+00,0.000000e+00,0.000000e+00,0.000000e+00,0.000000e+00,0.000000e+00,0.000000e+00,0.000000e+00,0.000000e+00,0.000000e+00,0.000000e+00,1.763337e-07,1.891340e+00,0.000000e+00,0.000000e+00,3.062576e-14,4.506709e+00,2.252671e-25,0.000000e+00,3.067690e-14,4.506709e+00,2.252671e-25,0.000000e+00
8.480000e-01,1.763649e-07,1.078233e+01,-1.338370e+00,0.000000e+00,-1.313688e-01,2.214000e-01,2.500000e-05,1.136534e+00,1.191887e+01,0.000000e+00,0.000000e+00,0.000000e+00,0.000000e+00,0.000000e+00,0.000000e+00,0.000000e+00,0.000000e+00,0.000000e+00,0.000000e+00,0.000000e+00,0.000000e+00,0.000000e+00,1.763649e-07,1.871116e+00,0.000000e+00,0.000000e+00,3.130172e-14,4.458519e+00,2.253069e-25,0.000000e+00,3.157422e-14,4.458519e+00,2.253070e-25,0.000000e+00
8.490000e-01,1.763954e-07,1.066604e+01,-1.331290e+00,0.000000e+00,-1.290456e-01,2.214000e-01,2.500000e-05,1.124276e+00,1.179031e+01,0.000000e+00,0.000000e+00,0.000000e+00,0.000000e+00,0.000000e+00,0.000000e+00,0.000000e+00,0.000000e+00,0.000000e+00,0.000000e+00,0.000000e+00,0.000000e+00,0.000000e+00,1.763954e-07,1.850943e+00,0.000000e+00,0.000000e+00,3.079684e-14,4.410451e+00,2.253459e-25,0.000000e+00,3.098244e-14,4.410451e+00,2.253459e-25,0.000000e+00
8.500000e-01,1.764253e-07,1.055004e+01,-1.324185e+00,0.000000e+00,-1.267465e-01,2.214000e-01,2.500000e-05,1.112049e+00,1.166209e+01,0.000000e+00,0.000000e+00,0.000000e+00,0.000000e+00,0.000000e+00,0.000000e+00,0.000000e+00,0.000000e+00,0.000000e+00,0.000000e+00,0.000000e+00,0.000000e+00,0.000000e+00,1.764252e-07,1.830822e+00,0.000000e+00,0.000000e+00,3.047621e-14,4.362506e+00,2.253841e-25,0.000000e+00,3.097451e-14,4.362506e+00,2.253841e-25,0.000000e+00
8.510000e-01,1.764545e-07,1.043435e+01,-1.317054e+00,0.000000e+00,-1.244714e-01,2.214000e-01,2.500000e-05,1.099854e+00,1.153421e+01,0.000000e+00,0.000000e+00,0.000000e+00,0.000000e+00,0.000000e+00,0.000000e+00,0.000000e+00,0.000000e+00,0.000000e+00,0.000000e+00,0.000000e+00,0.000000e+00,0.000000e+00,1.764545e-07,1.810754e+00,0.000000e+00,0.000000e+00,3.187359e-14,4.314687e+00,2.254214e-25,0.000000e+00,3.149461e-14,4.314687e+00,2.254214e-25,0.000000e+00
8.520000e-01,1.764831e-07,1.031897e+01,-1.309899e+00,0.000000e+00,-1.222204e-01,2.214000e-01,2.500000e-05,1.087692e+00,1.140666e+01,0.000000e+00,0.000000e+00,0.000000e+00,0.000000e+00,0.000000e+00,0.000000e+00,0.000000e+00,0.000000e+00,0.000000e+00,0.000000e+00,0.000000e+00,0.000000e+00,0.000000e+00,1.764830e-07,1.790740e+00,0.000000e+00,0.000000e+00,3.104932e-14,4.266997e+00,2.254579e-25,0.000000e+00,3.123142e-14,4.266997e+00,2.254579e-25,0.000000e+00
8.530000e-01,1.765111e-07,1.020391e+01,-1.302718e+00,0.000000e+00,-1.199932e-01,2.214000e-01,2.500000e-05,1.075564e+00,1.127947e+01,0.000000e+00,0.000000e+00,0.000000e+00,0.000000e+00,0.000000e+00,0.000000e+00,0.000000e+00,0.000000e+00,0.000000e+00,0.000000e+00,0.000000e+00,0.000000e+00,0.000000e+00,1.765110e-07,1.770780e+00,0.000000e+00,0.000000e+00,3.186954e-14,4.219437e+00,2.254936e-25,0.000000e+00,3.143427e-14,4.219437e+00,2.254936e-25,0.000000e+00
8.540000e-01,1.765384e-07,1.008917e+01,-1.295513e+00,0.000000e+00,-1.177901e-01,2.214000e-01,2.500000e-05,1.063469e+00,1.115264e+01,0.000000e+00,0.000000e+00,0.000000e+00,0.000000e+00,0.000000e+00,0.000000e+00,0.000000e+00,0.000000e+00,0.000000e+00,0.000000e+00,0.000000e+00,0.000000e+00,0.000000e+00,1.765383e-07,1.750876e+00,0.000000e+00,0.000000e+00,3.066919e-14,4.172009e+00,2.255285e-25,0.000000e+00,3.099426e-14,4.172009e+00,2.255285e-25,0.000000e+00
8.550000e-01,1.765651e-07,9.974751e+00,-1.288283e+00,0.000000e+00,-1.156108e-01,2.214000e-01,2.500000e-05,1.051409e+00,1.102616e+01,0.000000e+00,0.000000e+00,0.000000e+00,0.000000e+00,0.000000e+00,0.000000e+00,0.000000e+00,0.000000e+00,0.000000e+00,0.000000e+00,0.000000e+00,0.000000e+00,0.000000e+00,1.765650e-07,1.731029e+00,0.000000e+00,0.000000e+00,3.142883e-14,4.124717e+00,2.255626e-25,0.000000e+00,3.165432e-14,4.124717e+00,2.255626e-25,0.000000e+00
8.560000e-01,1.765912e-07,9.860667e+00,-1.281027e+00,0.000000e+00,-1.134553e-01,2.214000e-01,2.500000e-05,1.039384e+00,1.090005e+01,0.000000e+00,0.000000e+00,0.000000e+00,0.000000e+00,0.000000e+00,0.000000e+00,0.000000e+00,0.000000e+00,0.000000e+00,0.000000e+00,0.000000e+00,0.000000e+00,0.000000e+00,1.765911e-07,1.711239e+00,0.000000e+00,0.000000e+00,3.219056e-14,4.077562e+00,2.255960e-25,0.000000e+00,3.182530e-14,4.077562e+00,2.255960e-25,0.000000e+00
8.570000e-01,1.766167e-07,9.746922e+00,-1.273747e+00,0.000000e+00,-1.113236e-01,2.214000e-01,2.500000e-05,1.027394e+00,1.077432e+01,0.000000e+00,0.000000e+00,0.000000e+00,0.000000e+00,0.000000e+00,0.000000e+00,0.000000e+00,0.000000e+00,0.000000e+00,0.000000e+00,0.000000e+00,0.000000e+00,0.000000e+00,1.766166e-07,1.691508e+00,0.000000e+00,0.000000e+00,3.049171e-14,4.030547e+00,2.256286e-25,0.000000e+00,3.096565e-14,4.030547e+00,2.256286e-25,0.000000e+00
8.580000e-01,1.766416e-07,9.633521e+00,-1.266442e+00,0.000000e+00,-1.092157e-01,2.214000e-01,2.500000e-05,1.015441e+00,1.064896e+01,0.000000e+00,0.000000e+00,0.000000e+00,0.000000e+00,0.000000e+00,0.000000e+00,0.000000e+00,0.000000e+00,0.000000e+00,0.000000e+00,0.000000e+00,0.000000e+00,0.000000e+00,1.766415e-07,1.671837e+00,0.000000e+00,0.000000e+00,3.119645e-14,3.983673e+00,2.256604e-25,0.000000e+00,3.139331e-14,3.983673e+00,2.256604e-25,0.000000e+00
8.590000e-01,1.766659e-07,9.520469e+00,-1.259113e+00,0.000000e+00,-1.071315e-01,2.214000e-01,2.500000e-05,1.003525e+00,1.052399e+01,0.000000e+00,0.000000e+00,0.000000e+00,0.000000e+00,0.000000e+00,0.000000e+00,0.000000e+00,0.000000e+00,0.000000e+00,0.000000e+00,0.000000e+00,0.000000e+00,0.000000e+00,1.766659e-07,1.652225e+00,0.000000e+00,0.000000e+00,3.210216e-14,3.936944e+00,2.256915e-25,0.000000e+00,3.179207e-14,3.936944e+00,2.256915e-25,0.000000e+00
8.600000e-01,1.766897e-07,9.407772e+00,-1.251759e+00,0.000000e+00,-1.050709e-01,2.214000e-01,2.500000e-05,9.916455e-01,1.039942e+01,0.000000e+00,0.000000e+00,0.000000e+00,0.000000e+00,0.000000e+00,0.000000e+00,0.000000e+00,0.000000e+00,0.000000e+00,0.000000e+00,0.000000e+00,0.000000e+00,0.000000e+00,1.766897e-07,1.632676e+00,0.000000e+00,0.000000e+00,3.087209e-14,3.890361e+00,2.257219e-25,0.000000e+00,3.124832e-14,3.890361e+00,2.257219e-25,0.000000e+00
8.610000e-01,1.767129e-07,9.295435e+00,-1.244380e+00,0.000000e+00,-1.030340e-01,2.214000e-01,2.500000e-05,9.798043e-01,1.027524e+01,0.000000e+00,0.000000e+00,0.000000e+00,0.000000e+00,0.000000e+00,0.000000e+00,0.000000e+00,0.000000e+00,0.000000e+00,0.000000e+00,0.000000e+00,0.000000e+00,0.000000e+00,1.767129e-07,1.613189e+00,0.000000e+00,0.000000e+00,3.217629e-14,3.843927e+00,2.257515e-25,0.000000e+00,3.185765e-14,3.843927e+00,2.257515e-25,0.000000e+00
8.620000e-01,1.767356e-07,9.183463e+00,-1.236977e+00,0.000000e+00,-1.010205e-01,2.214000e-01,2.500000e-05,9.680018e-01,1.015147e+01,0.000000e+00,0.000000e+00,0.000000e+00,0.000000e+00,0.000000e+00,0.000000e+00,0.000000e+00,0.000000e+00,0.000000e+00,0.000000e+00,0.000000e+00,0.000000e+00,0.000000e+00,1.767355e-07,1.593765e+00,0.000000e+00,0.000000e+00,3.159371e-14,3.797644e+00,2.257805e-25,0.000000e+00,3.138838e-14,3.797644e+00,2.257805e-25,0.000000e+00
8.630000e-01,1.767577e-07,9.071864e+00,-1.229550e+00,0.000000e+00,-9.903062e-02,2.214000e-01,2.500000e-05,9.562383e-01,1.002810e+01,0.000000e+00,0.000000e+00,0.000000e+00,0.000000e+00,0.000000e+00,0.000000e+00,0.000000e+00,0.000000e+00,0.000000e+00,0.000000e+00,0.000000e+00,0.000000e+00,0.000000e+00,1.767576e-07,1.574406e+00,0.000000e+00,0.000000e+00,3.129227e-14,3.751515e+00,2.258087e-25,0.000000e+00,3.183683e-14,3.751514e+00,2.258087e-25,0.000000e+00
8.640000e-01,1.767793e-07,8.960641e+00,-1.222098e+00,0.000000e+00,-9.706414e-02,2.214000e-01,2.500000e-05,9.445148e-01,9.905157e+00,0.000000e+00,0.000000e+00,0.000000e+00,0.000000e+00,0.000000e+00,0.000000e+00,0.000000e+00,0.000000e+00,0.000000e+00,0.000000e+00,0.000000e+00,0.000000e+00,0.000000e+00,1.767792e-07,1.555112e+00,0.000000e+00,0.000000e+00,3.112653e-14,3.705541e+00,2.258363e-25,0.000000e+00,3.099657e-14,3.705541e+00,2.258363e-25,0.000000e+00
8.650000e-01,1.768003e-07,8.849802e+00,-1.214621e+00,0.000000e+00,-9.512106e-02,2.214000e-01,2.500000e-05,9.328315e-01,9.782635e+00,0.000000e+00,0.000000e+00,0.000000e+00,0.000000e+00,0.000000e+00,0.000000e+00,0.000000e+00,0.000000e+00,0.000000e+00,0.000000e+00,0.000000e+00,0.000000e+00,0.000000e+00,1.768003e-07,1.535885e+00,0.000000e+00,0.000000e+00,3.108764e-14,3.659725e+00,2.258632e-25,0.000000e+00,3.116629e-14,3.659725e+00,2.258632e-25,0.000000e+00
8.660000e-01,1.768208e-07,8.739350e+00,-1.207121e+00,0.000000e+00,-9.320128e-02,2.214000e-01,2.500000e-05,9.211892e-01,9.660542e+00,0.000000e+00,0.000000e+00,0.000000e+00,0.000000e+00,0.000000e+00,0.000000e+00,0.000000e+00,0.000000e+00,0.000000e+00,0.000000e+00,0.000000e+00,0.000000e+00,0.000000e+00,1.768208e-07,1.516724e+00,0.000000e+00,0.000000e+00,3.114262e-14,3.614070e+00,2.258894e-25,0.000000e+00,3.117239e-14,3.614070e+00,2.258894e-25,0.000000e+00
8.670000e-01,1.768409e-07,8.629294e+00,-1.199596e+00,0.000000e+00,-9.130479e-02,2.214000e-01,2.500000e-05,9.095885e-01,9.538884e+00,0.000000e+00,0.000000e+00,0.000000e+00,0.000000e+00,0.000000e+00,0.000000e+00,0.000000e+00,0.000000e+00,0.000000e+00,0.000000e+00,0.000000e+00,0.000000e+00,0.000000e+00,1.768408e-07,1.497633e+00,0.000000e+00,0.000000e+00,3.221711e-14,3.568577e+00,2.259149e-25,0.000000e+00,3.178240e-14,3.568578e+00,2.259150e-25,0.000000e+00
8.680000e-01,1.768604e-07,8.519637e+00,-1.192048e+00,0.000000e+00,-8.943149e-02,2.214000e-01,2.500000e-05,8.980298e-01,9.417668e+00,0.000000e+00,0.000000e+00,0.000000e+00,0.000000e+00,0.000000e+00,0.000000e+00,0.000000e+00,0.000000e+00,0.000000e+00,0.000000e+00,0.000000e+00,0.000000e+00,0.000000e+00,1.768603e-07,1.478610e+00,0.000000e+00,0.000000e+00,3.122006e-14,3.523250e+00,2.259399e-25,0.000000e+00,3.126174e-14,3.523250e+00,2.259399e-25,0.000000e+00
8.690000e-01,1.768794e-07,8.410386e+00,-1.184475e+00,0.000000e+00,-8.758134e-02,2.214000e-01,2.500000e-05,8.865140e-01,9.296902e+00,0.000000e+00,0.000000e+00,0.000000e+00,0.000000e+00,0.000000e+00,0.000000e+00,0.000000e+00,0.000000e+00,0.000000e+00,0.000000e+00,0.000000e+00,0.000000e+00,0.000000e+00,1.768793e-07,1.459658e+00,0.000000e+00,0.000000e+00,3.168107e-14,3.478090e+00,2.259642e-25,0.000000e+00,3.116799e-14,3.478091e+00,2.259642e-25,0.000000e+00
8.700000e-01,1.768979e-07,8.301547e+00,-1.176878e+00,0.000000e+00,-8.575425e-02,2.214000e-01,2.500000e-05,8.750415e-01,9.176589e+00,0.000000e+00,0.000000e+00,0.000000e+00,0.000000e+00,0.000000e+00,0.000000e+00,0.000000e+00,0.000000e+00,0.000000e+00,0.000000e+00,0.000000e+00,0.000000e+00,0.000000e+00,1.768979e-07,1.440777e+00,0.000000e+00,0.000000e+00,3.169107e-14,3.433101e+00,2.259878e-25,0.000000e+00,3.193981e-14,3.433101e+00,2.259879e-25,0.000000e+00
8.710000e-01,1.769160e-07,8.193124e+00,-1.169257e+00,0.000000e+00,-8.395020e-02,2.214000e-01,2.500000e-05,8.636131e-01,9.056739e+00,0.000000e+00,0.000000e+00,0.000000e+00,0.000000e+00,0.000000e+00,0.000000e+00,0.000000e+00,0.000000e+00,0.000000e+00,0.000000e+00,0.000000e+00,0.000000e+00,0.000000e+00,1.769159e-07,1.421968e+00,0.000000e+00,0.000000e+00,3.143076e-14,3.388283e+00,2.260109e-25,0.000000e+00,3.103838e-14,3.388283e+00,2.260109e-25,0.000000e+00
8.720000e-01,1.769336e-07,8.085125e+00,-1.161613e+00,0.000000e+00,-8.216907e-02,2.214000e-01,2.500000e-05,8.522292e-01,8.937355e+00,0.000000e+00,0.000000e+00,0.000000e+00,0.000000e+00,0.000000e+00,0.000000e+00,0.000000e+00,0.000000e+00,0.000000e+00,0.000000e+00,0.000000e+00,0.000000e+00,0.000000e+00,1.769335e-07,1.403233e+00,0.000000e+00,0.000000e+00,3.174942e-14,3.343641e+00,2.260334e-25,0.000000e+00,3.182738e-14,3.343641e+00,2.260334e-25,0.000000e+00
8.730000e-01,1.769507e-07,7.977553e+00,-1.153944e+00,0.000000e+00,-8.041079e-02,2.214000e-01,2.500000e-05,8.408903e-01,8.818445e+00,0.000000e+00,0.000000e+00,0.000000e+00,0.000000e+00,0.000000e+00,0.000000e+00,0.000000e+00,0.000000e+00,0.000000e+00,0.000000e+00,0.000000e+00,0.000000e+00,0.000000e+00,1.769506e-07,1.384572e+00,0.000000e+00,0.000000e+00,3.134506e-14,3.299175e+00,2.260552e-25,0.000000e+00,3.103809e-14,3.299175e+00,2.260552e-25,0.000000e+00
8.740000e-01,1.769673e-07,7.870417e+00,-1.146252e+00,0.000000e+00,-7.867532e-02,2.214000e-01,2.500000e-05,8.295974e-01,8.700016e+00,0.000000e+00,0.000000e+00,0.000000e+00,0.000000e+00,0.000000e+00,0.000000e+00,0.000000e+00,0.000000e+00,0.000000e+00,0.000000e+00,0.000000e+00,0.000000e+00,0.000000e+00,1.769673e-07,1.365986e+00,0.000000e+00,0.000000e+00,3.126061e-14,3.254889e+00,2.260765e-25,0.000000e+00,3.167978e-14,3.254889e+00,2.260765e-25,0.000000e+00
8.750000e-01,1.769835e-07,7.763721e+00,-1.138536e+00,0.000000e+00,-7.696261e-02,2.214000e-01,2.500000e-05,8.183510e-01,8.582073e+00,0.000000e+00,0.000000e+00,0.000000e+00,0.000000e+00,0.000000e+00,0.000000e+00,0.000000e+00,0.000000e+00,0.000000e+00,0.000000e+00,0.000000e+00,0.000000e+00,0.000000e+00,1.769835e-07,1.347477e+00,0.000000e+00,0.000000e+00,3.223375e-14,3.210784e+00,2.260972e-25,0.000000e+00,3.171559e-14,3.210784e+00,2.260972e-25,0.000000e+00
8.760000e-01,1.769993e-07,7.657471e+00,-1.130797e+00,0.000000e+00,-7.527255e-02,2.214000e-01,2.500000e-05,8.071515e-01,8.464623e+00,0.000000e+00,0.000000e+00,0.000000e+00,0.000000e+00,0.000000e+00,0.000000e+00,0.000000e+00,0.000000e+00,0.000000e+00,0.000000e+00,0.000000e+00,0.000000e+00,0.000000e+00,1.769993e-07,1.329045e+00,0.000000e+00,0.000000e+00,3.117137e-14,3.166864e+00,2.261174e-25,0.000000e+00,3.106307e-14,3.166864e+00,2.261174e-25,0.000000e+00
8.770000e-01,1.770147e-07,7.551674e+00,-1.123033e+00,0.000000e+00,-7.360505e-02,2.214000e-01,2.500000e-05,7.959996e-01,8.347674e+00,0.000000e+00,0.000000e+00,0.000000e+00,0.000000e+00,0.000000e+00,0.000000e+00,0.000000e+00,0.000000e+00,0.000000e+00,0.000000e+00,0.000000e+00,0.000000e+00,0.000000e+00,1.770146e-07,1.310691e+00,0.000000e+00,0.000000e+00,3.234176e-14,3.123131e+00,2.261370e-25,0.000000e+00,3.195096e-14,3.123131e+00,2.261370e-25,0.000000e+00
8.780000e-01,1.770296e-07,7.446333e+00,-1.115247e+00,0.000000e+00,-7.196005e-02,2.214000e-01,2.500000e-05,7.848961e-01,8.231231e+00,0.000000e+00,0.000000e+00,0.000000e+00,0.000000e+00,0.000000e+00,0.000000e+00,0.000000e+00,0.000000e+00,0.000000e+00,0.000000e+00,0.000000e+00,0.000000e+00,0.000000e+00,1.770295e-07,1.292417e+00,0.000000e+00,0.000000e+00,3.231684e-14,3.079586e+00,2.261561e-25,0.000000e+00,3.180562e-14,3.079587e+00,2.261561e-25,0.000000e+00
8.790000e-01,1.770441e-07,7.341457e+00,-1.107436e+00,0.000000e+00,-7.033749e-02,2.214000e-01,2.500000e-05,7.738414e-01,8.115300e+00,0.000000e+00,0.000000e+00,0.000000e+00,0.000000e+00,0.000000e+00,0.000000e+00,0.000000e+00,0.000000e+00,0.000000e+00,0.000000e+00,0.000000e+00,0.000000e+00,0.000000e+00,1.770440e-07,1.274223e+00,0.000000e+00,0.000000e+00,3.239334e-14,3.036234e+00,2.261746e-25,0.000000e+00,3.211816e-14,3.036234e+00,2.261746e-25,0.000000e+00
8.800000e-01,1.770582e-07,7.237051e+00,-1.099603e+00,0.000000e+00,-6.873727e-02,2.214000e-01,2.500000e-05,7.628362e-01,7.999888e+00,0.000000e+00,0.000000e+00,0.000000e+00,0.000000e+00,0.000000e+00,0.000000e+00,0.000000e+00,0.000000e+00,0.000000e+00,0.000000e+00,0.000000e+00,0.000000e+00,0.000000e+00,1.770581e-07,1.256110e+00,0.000000e+00,0.000000e+00,3.110513e-14,2.993075e+00,2.261926e-25,0.000000e+00,3.131638e-14,2.993075e+00,2.261926e-25,0.000000e+00
8.810000e-01,1.770719e-07,7.133120e+00,-1.091746e+00,0.000000e+00,-6.715930e-02,2.214000e-01,2.500000e-05,7.518812e-01,7.885003e+00,0.000000e+00,0.000000e+00,0.000000e+00,0.000000e+00,0.000000e+00,0.000000e+00,0.000000e+00,0.000000e+00,0.000000e+00,0.000000e+00,0.000000e+00,0.000000e+00,0.000000e+00,1.770718e-07,1.238080e+00,0.000000e+00,0.000000e+00,3.164155e-14,2.950113e+00,2.262101e-25,0.000000e+00,3.184801e-14,2.950113e+00,2.262101e-25,0.000000e+00
8.820000e-01,1.770852e-07,7.029671e+00,-1.083865e+00,0.000000e+00,-6.560350e-02,2.214000e-01,2.500000e-05,7.409769e-01,7.770649e+00,0.000000e+00,0.000000e+00,0.000000e+00,0.000000e+00,0.000000e+00,0.000000e+00,0.000000e+00,0.000000e+00,0.000000e+00,0.000000e+00,0.000000e+00,0.000000e+00,0.000000e+00,1.770852e-07,1.220134e+00,0.000000e+00,0.000000e+00,3.090360e-14,2.907349e+00,2.262271e-25,0.000000e+00,3.143018e-14,2.907349e+00,2.262271e-25,0.000000e+00
8.830000e-01,1.770981e-07,6.926709e+00,-1.075961e+00,0.000000e+00,-6.406978e-02,2.214000e-01,2.500000e-05,7.301239e-01,7.656834e+00,0.000000e+00,0.000000e+00,0.000000e+00,0.000000e+00,0.000000e+00,0.000000e+00,0.000000e+00,0.000000e+00,0.000000e+00,0.000000e+00,0.000000e+00,0.000000e+00,0.000000e+00,1.770981e-07,1.202271e+00,0.000000e+00,0.000000e+00,3.176416e-14,2.864787e+00,2.262436e-25,0.000000e+00,3.200561e-14,2.864787e+00,2.262437e-25,0.000000e+00
8.840000e-01,1.771107e-07,6.824240e+00,-1.068035e+00,0.000000e+00,-6.255806e-02,2.214000e-01,2.500000e-05,7.193230e-01,7.543564e+00,0.000000e+00,0.000000e+00,0.000000e+00,0.000000e+00,0.000000e+00,0.000000e+00,0.000000e+00,0.000000e+00,0.000000e+00,0.000000e+00,0.000000e+00,0.000000e+00,0.000000e+00,1.771106e-07,1.184495e+00,0.000000e+00,0.000000e+00,3.107517e-14,2.822429e+00,2.262597e-25,0.000000e+00,3.161445e-14,2.822428e+00,2.262597e-25,0.000000e+00
8.850000e-01,1.771229e-07,6.722271e+00,-1.060084e+00,0.000000e+00,-6.106828e-02,2.214000e-01,2.500000e-05,7.085748e-01,7.430847e+00,0.000000e+00,0.000000e+00,0.000000e+00,0.000000e+00,0.000000e+00,0.000000e+00,0.000000e+00,0.000000e+00,0.000000e+00,0.000000e+00,0.000000e+00,0.000000e+00,0.000000e+00,1.771228e-07,1.166805e+00,0.000000e+00,0.000000e+00,3.161046e-14,2.780277e+00,2.262752e-25,0.000000e+00,3.203888e-14,2.780277e+00,2.262752e-25,0.000000e+00
8.860000e-01,1.771347e-07,6.620807e+00,-1.052111e+00,0.000000e+00,-5.960029e-02,2.214000e-01,2.500000e-05,6.978798e-01,7.318688e+00,0.000000e+00,0.000000e+00,0.000000e+00,0.000000e+00,0.000000e+00,0.000000e+00,0.000000e+00,0.000000e+00,0.000000e+00,0.000000e+00,0.000000e+00,0.000000e+00,0.000000e+00,1.771346e-07,1.149202e+00,0.000000e+00,0.000000e+00,3.200404e-14,2.738333e+00,2.262903e-25,0.000000e+00,3.150306e-14,2.738333e+00,2.262903e-25,0.000000e+00
8.870000e-01,1.771461e-07,6.519855e+00,-1.044115e+00,0.000000e+00,-5.815407e-02,2.214000e-01,2.500000e-05,6.872386e-01,7.207095e+00,0.000000e+00,0.000000e+00,0.000000e+00,0.000000e+00,0.000000e+00,0.000000e+00,0.000000e+00,0.000000e+00,0.000000e+00,0.000000e+00,0.000000e+00,0.000000e+00,0.000000e+00,1.771461e-07,1.131688e+00,0.000000e+00,0.000000e+00,3.135669e-14,2.696601e+00,2.263049e-25,0.000000e+00,3.165341e-14,2.696601e+00,2.263050e-25,0.000000e+00
8.880000e-01,1.771572e-07,6.419420e+00,-1.036095e+00,0.000000e+00,-5.672948e-02,2.214000e-01,2.500000e-05,6.766521e-01,7.096073e+00,0.000000e+00,0.000000e+00,0.000000e+00,0.000000e+00,0.000000e+00,0.000000e+00,0.000000e+00,0.000000e+00,0.000000e+00,0.000000e+00,0.000000e+00,0.000000e+00,0.000000e+00,1.771572e-07,1.114264e+00,0.000000e+00,0.000000e+00,3.171488e-14,2.655082e+00,2.263191e-25,0.000000e+00,3.191685e-14,2.655082e+00,2.263191e-25,0.000000e+00
8.890000e-01,1.771680e-07,6.319508e+00,-1.028053e+00,0.000000e+00,-5.532642e-02,2.214000e-01,2.500000e-05,6.661208e-01,6.985630e+00,0.000000e+00,0.000000e+00,0.000000e+00,0.000000e+00,0.000000e+00,0.000000e+00,0.000000e+00,0.000000e+00,0.000000e+00,0.000000e+00,0.000000e+00,0.000000e+00,0.000000e+00,1.771679e-07,1.096931e+00,0.000000e+00,0.000000e+00,3.128563e-14,2.613780e+00,2.263329e-25,0.000000e+00,3.169034e-14,2.613780e+00,2.263329e-25,0.000000e+00
8.900000e-01,1.771784e-07,6.220126e+00,-1.019988e+00,0.000000e+00,-5.394482e-02,2.214000e-01,2.500000e-05,6.556452e-01,6.875772e+00,0.000000e+00,0.000000e+00,0.000000e+00,0.000000e+00,0.000000e+00,0.000000e+00,0.000000e+00,0.000000e+00,0.000000e+00,0.000000e+00,0.000000e+00,0.000000e+00,0.000000e+00,1.771784e-07,1.079689e+00,0.000000e+00,0.000000e+00,3.100979e-14,2.572697e+00,2.263462e-25,0.000000e+00,3.130465e-14,2.572697e+00,2.263462e-25,0.000000e+00
8.910000e-01,1.771885e-07,6.121279e+00,-1.011899e+00,0.000000e+00,-5.258456e-02,2.214000e-01,2.500000e-05,6.452261e-01,6.766507e+00,0.000000e+00,0.000000e+00,0.000000e+00,0.000000e+00,0.000000e+00,0.000000e+00,0.000000e+00,0.000000e+00,0.000000e+00,0.000000e+00,0.000000e+00,0.000000e+00,0.000000e+00,1.771885e-07,1.062540e+00,0.000000e+00,0.000000e+00,3.147141e-14,2.531834e+00,2.263591e-25,0.000000e+00,3.156311e-14,2.531834e+00,2.263591e-25,0.000000e+00
8.920000e-01,1.771983e-07,6.022974e+00,-1.003788e+00,0.000000e+00,-5.124553e-02,2.214000e-01,2.500000e-05,6.348640e-01,6.657840e+00,0.000000e+00,0.000000e+00,0.000000e+00,0.000000e+00,0.000000e+00,0.000000e+00,0.000000e+00,0.000000e+00,0.000000e+00,0.000000e+00,0.000000e+00,0.000000e+00,0.000000e+00,1.771983e-07,1.045485e+00,0.000000e+00,0.000000e+00,3.116135e-14,2.491196e+00,2.263716e-25,0.000000e+00,3.147492e-14,2.491196e+00,2.263716e-25,0.000000e+00
8.930000e-01,1.772078e-07,5.925217e+00,-9.956544e-01,0.000000e+00,-4.992763e-02,2.214000e-01,2.500000e-05,6.245596e-01,6.549778e+00,0.000000e+00,0.000000e+00,0.000000e+00,0.000000e+00,0.000000e+00,0.000000e+00,0.000000e+00,0.000000e+00,0.000000e+00,0.000000e+00,0.000000e+00,0.000000e+00,0.000000e+00,1.772077e-07,1.028525e+00,0.000000e+00,0.000000e+00,3.193634e-14,2.450783e+00,2.263837e-25,0.000000e+00,3.192708e-14,2.450783e+00,2.263837e-25,0.000000e+00
8.940000e-01,1.772170e-07,5.828014e+00,-9.874978e-01,0.000000e+00,-4.863081e-02,2.214000e-01,2.500000e-05,6.143138e-01,6.442329e+00,0.000000e+00,0.000000e+00,0.000000e+00,0.000000e+00,0.000000e+00,0.000000e+00,0.000000e+00,0.000000e+00,0.000000e+00,0.000000e+00,0.000000e+00,0.000000e+00,0.000000e+00,1.772169e-07,1.011662e+00,0.000000e+00,0.000000e+00,3.198382e-14,2.410600e+00,2.263954e-25,0.000000e+00,3.208007e-14,2.410600e+00,2.263954e-25,0.000000e+00
8.950000e-01,1.772258e-07,5.731370e+00,-9.793184e-01,0.000000e+00,-4.735493e-02,2.214000e-01,2.500000e-05,6.041268e-01,6.335498e+00,0.000000e+00,0.000000e+00,0.000000e+00,0.000000e+00,0.000000e+00,0.000000e+00,0.000000e+00,0.000000e+00,0.000000e+00,0.000000e+00,0.000000e+00,0.000000e+00,0.000000e+00,1.772258e-07,9.948947e-01,0.000000e+00,0.000000e+00,3.111350e-14,2.370648e+00,2.264068e-25,0.000000e+00,3.152939e-14,2.370647e+00,2.264068e-25,0.000000e+00
8.960000e-01,1.772344e-07,5.635293e+00,-9.711164e-01,0.000000e+00,-4.609986e-02,2.214000e-01,2.500000e-05,5.939996e-01,6.229294e+00,0.000000e+00,0.000000e+00,0.000000e+00,0.000000e+00,0.000000e+00,0.000000e+00,0.000000e+00,0.000000e+00,0.000000e+00,0.000000e+00,0.000000e+00,0.000000e+00,0.000000e+00,1.772343e-07,9.782258e-01,0.000000e+00,0.000000e+00,3.206444e-14,2.330929e+00,2.264177e-25,0.000000e+00,3.153787e-14,2.330929e+00,2.264177e-25,0.000000e+00
8.970000e-01,1.772427e-07,5.539788e+00,-9.628918e-01,0.000000e+00,-4.486552e-02,2.214000e-01,2.500000e-05,5.839326e-01,6.123722e+00,0.000000e+00,0.000000e+00,0.000000e+00,0.000000e+00,0.000000e+00,0.000000e+00,0.000000e+00,0.000000e+00,0.000000e+00,0.000000e+00,0.000000e+00,0.000000e+00,0.000000e+00,1.772426e-07,9.616563e-01,0.000000e+00,0.000000e+00,3.175352e-14,2.291447e+00,2.264283e-25,0.000000e+00,3.196055e-14,2.291447e+00,2.264283e-25,0.000000e+00
8.980000e-01,1.772507e-07,5.444861e+00,-9.546446e-01,0.000000e+00,-4.365178e-02,2.214000e-01,2.500000e-05,5.739267e-01,6.018789e+00,0.000000e+00,0.000000e+00,0.000000e+00,0.000000e+00,0.000000e+00,0.000000e+00,0.000000e+00,0.000000e+00,0.000000e+00,0.000000e+00,0.000000e+00,0.000000e+00,0.000000e+00,1.772506e-07,9.451870e-01,0.000000e+00,0.000000e+00,3.211534e-14,2.252203e+00,2.264385e-25,0.000000e+00,3.181781e-14,2.252203e+00,2.264385e-25,0.000000e+00
8.990000e-01,1.772584e-07,5.350519e+00,-9.463748e-01,0.000000e+00,-4.245853e-02,2.214000e-01,2.500000e-05,5.639824e-01,5.914503e+00,0.000000e+00,0.000000e+00,0.000000e+00,0.000000e+00,0.000000e+00,0.000000e+00,0.000000e+00,0.000000e+00,0.000000e+00,0.000000e+00,0.000000e+00,0.000000e+00,0.000000e+00,1.772584e-07,9.288191e-01,0.000000e+00,0.000000e+00,3.192012e-14,2.213202e+00,2.264484e-25,0.000000e+00,3.191144e-14,2.213202e+00,2.264484e-25,0.000000e+00
9.000000e-01,1.772659e-07,5.256768e+00,-9.380825e-01,0.000000e+00,-4.128570e-02,2.214000e-01,2.500000e-05,5.541004e-01,5.810870e+00,0.000000e+00,0.000000e+00,0.000000e+00,0.000000e+00,0.000000e+00,0.000000e+00,0.000000e+00,0.000000e+00,0.000000e+00,0.000000e+00,0.000000e+00,0.000000e+00,0.000000e+00,1.772658e-07,9.125535e-01,0.000000e+00,0.000000e+00,3.164601e-14,2.174444e+00,2.264579e-25,0.000000e+00,3.134260e-14,2.174444e+00,2.264580e-25,0.000000e+00
9.010000e-01,1.772731e-07,5.163614e+00,-9.297678e-01,0.000000e+00,-4.013311e-02,2.214000e-01,2.500000e-05,5.442814e-01,5.707897e+00,0.000000e+00,0.000000e+00,0.000000e+00,0.000000e+00,0.000000e+00,0.000000e+00,0.000000e+00,0.000000e+00,0.000000e+00,0.000000e+00,0.000000e+00,0.000000e+00,0.000000e+00,1.772730e-07,8.963916e-01,0.000000e+00,0.000000e+00,3.162236e-14,2.135933e+00,2.264672e-25,0.000000e+00,3.203166e-14,2.135933e+00,2.264672e-25,0.000000e+00
9.020000e-01,1.772800e-07,5.071063e+00,-9.214307e-01,0.000000e+00,-3.900070e-02,2.214000e-01,2.500000e-05,5.345258e-01,5.605590e+00,0.000000e+00,0.000000e+00,0.000000e+00,0.000000e+00,0.000000e+00,0.000000e+00,0.000000e+00,0.000000e+00,0.000000e+00,0.000000e+00,0.000000e+00,0.000000e+00,0.000000e+00,1.772800e-07,8.803341e-01,0.000000e+00,0.000000e+00,3.157046e-14,2.097671e+00,2.264760e-25,0.000000e+00,3.177021e-14,2.097671e+00,2.264760e-25,0.000000e+00
9.030000e-01,1.772868e-07,4.979122e+00,-9.130712e-01,0.000000e+00,-3.788830e-02,2.214000e-01,2.500000e-05,5.248346e-01,5.503958e+00,0.000000e+00,0.000000e+00,0.000000e+00,0.000000e+00,0.000000e+00,0.000000e+00,0.000000e+00,0.000000e+00,0.000000e+00,0.000000e+00,0.000000e+00,0.000000e+00,0.000000e+00,1.772867e-07,8.643824e-01,0.000000e+00,0.000000e+00,3.150457e-14,2.059661e+00,2.264846e-25,0.000000e+00,3.181840e-14,2.059661e+00,2.264846e-25,0.000000e+00
9.040000e-01,1.772932e-07,4.887796e+00,-9.046894e-01,0.000000e+00,-3.679582e-02,2.214000e-01,2.500000e-05,5.152082e-01,5.403006e+00,0.000000e+00,0.000000e+00,0.000000e+00,0.000000e+00,0.000000e+00,0.000000e+00,0.000000e+00,0.000000e+00,0.000000e+00,0.000000e+00,0.000000e+00,0.000000e+00,0.000000e+00,1.772931e-07,8.485373e-01,0.000000e+00,0.000000e+00,3.206347e-14,2.021905e+00,2.264928e-25,0.000000e+00,3.187261e-14,2.021905e+00,2.264928e-25,0.000000e+00
9.050000e-01,1.772994e-07,4.797093e+00,-8.962852e-01,0.000000e+00,-3.572316e-02,2.214000e-01,2.500000e-05,5.056474e-01,5.302742e+00,0.000000e+00,0.000000e+00,0.000000e+00,0.000000e+00,0.000000e+00,0.000000e+00,0.000000e+00,0.000000e+00,0.000000e+00,0.000000e+00,0.000000e+00,0.000000e+00,0.000000e+00,1.772994e-07,8.328002e-01,0.000000e+00,0.000000e+00,3.167511e-14,1.984407e+00,2.265008e-25,0.000000e+00,3.197534e-14,1.984407e+00,2.265008e-25,0.000000e+00
9.060000e-01,1.773054e-07,4.707018e+00,-8.878589e-01,0.000000e+00,-3.467017e-02,2.214000e-01,2.500000e-05,4.961529e-01,5.203173e+00,0.000000e+00,0.000000e+00,0.000000e+00,0.000000e+00,0.000000e+00,0.000000e+00,0.000000e+00,0.000000e+00,0.000000e+00,0.000000e+00,0.000000e+00,0.000000e+00,0.000000e+00,1.773054e-07,8.171719e-01,0.000000e+00,0.000000e+00,3.239317e-14,1.947167e+00,2.265084e-25,0.000000e+00,3.207618e-14,1.947168e+00,2.265084e-25,0.000000e+00
9.070000e-01,1.773112e-07,4.617578e+00,-8.794103e-01,0.000000e+00,-3.363670e-02,2.214000e-01,2.500000e-05,4.867253e-01,5.104305e+00,0.000000e+00,0.000000e+00,0.000000e+00,0.000000e+00,0.000000e+00,0.000000e+00,0.000000e+00,0.000000e+00,0.000000e+00,0.000000e+00,0.000000e+00,0.000000e+00,0.000000e+00,1.773111e-07,8.016538e-01,0.000000e+00,0.000000e+00,3.259948e-14,1.910191e+00,2.265158e-25,0.000000e+00,3.241189e-14,1.910191e+00,2.265158e-25,0.000000e+00
9.080000e-01,1.773167e-07,4.528779e+00,-8.709394e-01,0.000000e+00,-3.262268e-02,2.214000e-01,2.500000e-05,4.773652e-01,5.006145e+00,0.000000e+00,0.000000e+00,0.000000e+00,0.000000e+00,0.000000e+00,0.000000e+00,0.000000e+00,0.000000e+00,0.000000e+00,0.000000e+00,0.000000e+00,0.000000e+00,0.000000e+00,1.773167e-07,7.862467e-01,0.000000e+00,0.000000e+00,3.214737e-14,1.873479e+00,2.265229e-25,0.000000e+00,3.237811e-14,1.873479e+00,2.265229e-25,0.000000e+00
9.090000e-01,1.773221e-07,4.440628e+00,-8.624465e-01,0.000000e+00,-3.162794e-02,2.214000e-01,2.500000e-05,4.680735e-01,4.908702e+00,0.000000e+00,0.000000e+00,0.000000e+00,0.000000e+00,0.000000e+00,0.000000e+00,0.000000e+00,0.000000e+00,0.000000e+00,0.000000e+00,0.000000e+00,0.000000e+00,0.000000e+00,1.773220e-07,7.709519e-01,0.000000e+00,0.000000e+00,3.238947e-14,1.837034e+00,2.265297e-25,0.000000e+00,3.228127e-14,1.837034e+00,2.265297e-25,0.000000e+00
9.100000e-01,1.773272e-07,4.353130e+00,-8.539315e-01,0.000000e+00,-3.065238e-02,2.214000e-01,2.500000e-05,4.588506e-01,4.811982e+00,0.000000e+00,0.000000e+00,0.000000e+00,0.000000e+00,0.000000e+00,0.000000e+00,0.000000e+00,0.000000e+00,0.000000e+00,0.000000e+00,0.000000e+00,0.000000e+00,0.000000e+00,1.773271e-07,7.557705e-01,0.000000e+00,0.000000e+00,3.206279e-14,1.800859e+00,2.265363e-25,0.000000e+00,3.205667e-14,1.800859e+00,2.265363e-25,0.000000e+00
9.110000e-01,1.773321e-07,4.266292e+00,-8.453944e-01,0.000000e+00,-2.969581e-02,2.214000e-01,2.500000e-05,4.496973e-01,4.715991e+00,0.000000e+00,0.000000e+00,0.000000e+00,0.000000e+00,0.000000e+00,0.000000e+00,0.000000e+00,0.000000e+00,0.000000e+00,0.000000e+00,0.000000e+00,0.000000e+00,0.000000e+00,1.773321e-07,7.407033e-01,0.000000e+00,0.000000e+00,3.184930e-14,1.764957e+00,2.265426e-25,0.000000e+00,3.165341e-14,1.764957e+00,2.265426e-25,0.000000e+00
9.120000e-01,1.773369e-07,4.180120e+00,-8.368353e-01,0.000000e+00,-2.875817e-02,2.214000e-01,2.500000e-05,4.406142e-01,4.620736e+00,0.000000e+00,0.000000e+00,0.000000e+00,0.000000e+00,0.000000e+00,0.000000e+00,0.000000e+00,0.000000e+00,0.000000e+00,0.000000e+00,0.000000e+00,0.000000e+00,0.000000e+00,1.773368e-07,7.257519e-01,0.000000e+00,0.000000e+00,3.167650e-14,1.729331e+00,2.265486e-25,0.000000e+00,3.189210e-14,1.729331e+00,2.265486e-25,0.000000e+00
9.130000e-01,1.773414e-07,4.094622e+00,-8.282541e-01,0.000000e+00,-2.783929e-02,2.214000e-01,2.500000e-05,4.316021e-01,4.526226e+00,0.000000e+00,0.000000e+00,0.000000e+00,0.000000e+00,0.000000e+00,0.000000e+00,0.000000e+00,0.000000e+00,0.000000e+00,0.000000e+00,0.000000e+00,0.000000e+00,0.000000e+00,1.773413e-07,7.109171e-01,0.000000e+00,0.000000e+00,3.163571e-14,1.693982e+00,2.265544e-25,0.000000e+00,3.194021e-14,1.693982e+00,2.265544e-25,0.000000e+00
9.140000e-01,1.773458e-07,4.009803e+00,-8.196509e-01,0.000000e+00,-2.693904e-02,2.214000e-01,2.500000e-05,4.226616e-01,4.432467e+00,0.000000e+00,0.000000e+00,0.000000e+00,0.000000e+00,0.000000e+00,0.000000e+00,0.000000e+00,0.000000e+00,0.000000e+00,0.000000e+00,0.000000e+00,0.000000e+00,0.000000e+00,1.773457e-07,6.962001e-01,0.000000e+00,0.000000e+00,3.127205e-14,1.658914e+00,2.265600e-25,0.000000e+00,3.158894e-14,1.658914e+00,2.265600e-25,0.000000e+00
9.150000e-01,1.773499e-07,3.925670e+00,-8.110259e-01,0.000000e+00,-2.605726e-02,2.214000e-01,2.500000e-05,4.137933e-01,4.339465e+00,0.000000e+00,0.000000e+00,0.000000e+00,0.000000e+00,0.000000e+00,0.000000e+00,0.000000e+00,0.000000e+00,0.000000e+00,0.000000e+00,0.000000e+00,0.000000e+00,0.000000e+00,1.773499e-07,6.816018e-01,0.000000e+00,0.000000e+00,3.193750e-14,1.624129e+00,2.265653e-25,0.000000e+00,3.193508e-14,1.624129e+00,2.265653e-25,0.000000e+00
9.160000e-01,1.773540e-07,3.842230e+00,-8.023790e-01,0.000000e+00,-2.519386e-02,2.214000e-01,2.500000e-05,4.049980e-01,4.247229e+00,0.000000e+00,0.000000e+00,0.000000e+00,0.000000e+00,0.000000e+00,0.000000e+00,0.000000e+00,0.000000e+00,0.000000e+00,0.000000e+00,0.000000e+00,0.000000e+00,0.000000e+00,1.773539e-07,6.671237e-01,0.000000e+00,0.000000e+00,3.207220e-14,1.589631e+00,2.265704e-25,0.000000e+00,3.175669e-14,1.589631e+00,2.265704e-25,0.000000e+00
9.170000e-01,1.773578e-07,3.759488e+00,-7.937101e-01,0.000000e+00,-2.434861e-02,2.214000e-01,2.500000e-05,3.962765e-01,4.155766e+00,0.000000e+00,0.000000e+00,0.000000e+00,0.000000e+00,0.000000e+00,0.000000e+00,0.000000e+00,0.000000e+00,0.000000e+00,0.000000e+00,0.000000e+00,0.000000e+00,0.000000e+00,1.773577e-07,6.527667e-01,0.000000e+00,0.000000e+00,3.200280e-14,1.555421e+00,2.265753e-25,0.000000e+00,3.220551e-14,1.555421e+00,2.265753e-25,0.000000e+00
9.180000e-01,1.773615e-07,3.677451e+00,-7.850195e-01,0.000000e+00,-2.352150e-02,2.214000e-01,2.500000e-05,3.876292e-01,4.065082e+00,0.000000e+00,0.000000e+00,0.000000e+00,0.000000e+00,0.000000e+00,0.000000e+00,0.000000e+00,0.000000e+00,0.000000e+00,0.000000e+00,0.000000e+00,0.000000e+00,0.000000e+00,1.773614e-07,6.385320e-01,0.000000e+00,0.000000e+00,3.173139e-14,1.521502e+00,2.265800e-25,0.000000e+00,3.203620e-14,1.521502e+00,2.265800e-25,0.000000e+00
9.190000e-01,1.773650e-07,3.596126e+00,-7.763069e-01,0.000000e+00,-2.271227e-02,2.214000e-01,2.500000e-05,3.790570e-01,3.975184e+00,0.000000e+00,0.000000e+00,0.000000e+00,0.000000e+00,0.000000e+00,0.000000e+00,0.000000e+00,0.000000e+00,0.000000e+00,0.000000e+00,0.000000e+00,0.000000e+00,0.000000e+00,1.773649e-07,6.244206e-01,0.000000e+00,0.000000e+00,3.190579e-14,1.487877e+00,2.265845e-25,0.000000e+00,3.232613e-14,1.487877e+00,2.265845e-25,0.000000e+00
9.200000e-01,1.773683e-07,3.515519e+00,-7.675727e-01,0.000000e+00,-2.192079e-02,2.214000e-01,2.500000e-05,3.705605e-01,3.886081e+00,0.000000e+00,0.000000e+00,0.000000e+00,0.000000e+00,0.000000e+00,0.000000e+00,0.000000e+00,0.000000e+00,0.000000e+00,0.000000e+00,0.000000e+00,0.000000e+00,0.000000e+00,1.773683e-07,6.104338e-01,0.000000e+00,0.000000e+00,3.148932e-14,1.454549e+00,2.265888e-25,0.000000e+00,3.200644e-14,1.454549e+00,2.265888e-25,0.000000e+00
9.210000e-01,1.773715e-07,3.435637e+00,-7.588167e-01,0.000000e+00,-2.114697e-02,2.214000e-01,2.500000e-05,3.621403e-01,3.797778e+00,0.000000e+00,0.000000e+00,0.000000e+00,0.000000e+00,0.000000e+00,0.000000e+00,0.000000e+00,0.000000e+00,0.000000e+00,0.000000e+00,0.000000e+00,0.000000e+00,0.000000e+00,1.773715e-07,5.965725e-01,0.000000e+00,0.000000e+00,3.227904e-14,1.421520e+00,2.265929e-25,0.000000e+00,3.197053e-14,1.421520e+00,2.265929e-25,0.000000e+00
9.220000e-01,1.773746e-07,3.356486e+00,-7.500390e-01,0.000000e+00,-2.039059e-02,2.214000e-01,2.500000e-05,3.537973e-01,3.710285e+00,0.000000e+00,0.000000e+00,0.000000e+00,0.000000e+00,0.000000e+00,0.000000e+00,0.000000e+00,0.000000e+00,0.000000e+00,0.000000e+00,0.000000e+00,0.000000e+00,0.000000e+00,1.773745e-07,5.828381e-01,0.000000e+00,0.000000e+00,3.282098e-14,1.388794e+00,2.265968e-25,0.000000e+00,3.239783e-14,1.388794e+00,2.265968e-25,0.000000e+00
9.230000e-01,1.773775e-07,3.278073e+00,-7.412395e-01,0.000000e+00,-1.965155e-02,2.214000e-01,2.500000e-05,3.455320e-01,3.623606e+00,0.000000e+00,0.000000e+00,0.000000e+00,0.000000e+00,0.000000e+00,0.000000e+00,0.000000e+00,0.000000e+00,0.000000e+00,0.000000e+00,0.000000e+00,0.000000e+00,0.000000e+00,1.773774e-07,5.692316e-01,0.000000e+00,0.000000e+00,3.218374e-14,1.356372e+00,2.266005e-25,0.000000e+00,3.210320e-14,1.356372e+00,2.266005e-25,0.000000e+00
9.240000e-01,1.773803e-07,3.200405e+00,-7.324185e-01,0.000000e+00,-1.892970e-02,2.214000e-01,2.500000e-05,3.373452e-01,3.537751e+00,0.000000e+00,0.000000e+00,0.000000e+00,0.000000e+00,0.000000e+00,0.000000e+00,0.000000e+00,0.000000e+00,0.000000e+00,0.000000e+00,0.000000e+00,0.000000e+00,0.000000e+00,1.773802e-07,5.557543e-01,0.000000e+00,0.000000e+00,3.140254e-14,1.324258e+00,2.266041e-25,0.000000e+00,3.181385e-14,1.324258e+00,2.266041e-25,0.000000e+00
9.250000e-01,1.773829e-07,3.123487e+00,-7.235758e-01,0.000000e+00,-1.822483e-02,2.214000e-01,2.500000e-05,3.292376e-01,3.452727e+00,0.000000e+00,0.000000e+00,0.000000e+00,0.000000e+00,0.000000e+00,0.000000e+00,0.000000e+00,0.000000e+00,0.000000e+00,0.000000e+00,0.000000e+00,0.000000e+00,0.000000e+00,1.773829e-07,5.424070e-01,0.000000e+00,0.000000e+00,3.151330e-14,1.292454e+00,2.266075e-25,0.000000e+00,3.182561e-14,1.292454e+00,2.266075e-25,0.000000e+00
9.260000e-01,1.773855e-07,3.047328e+00,-7.147114e-01,0.000000e+00,-1.753686e-02,2.214000e-01,2.500000e-05,3.212099e-01,3.368539e+00,0.000000e+00,0.000000e+00,0.000000e+00,0.000000e+00,0.000000e+00,0.000000e+00,0.000000e+00,0.000000e+00,0.000000e+00,0.000000e+00,0.000000e+00,0.000000e+00,0.000000e+00,1.773854e-07,5.291911e-01,0.000000e+00,0.000000e+00,3.228022e-14,1.260963e+00,2.266107e-25,0.000000e+00,3.196823e-14,1.260963e+00,2.266107e-25,0.000000e+00
9.270000e-01,1.773879e-07,2.971933e+00,-7.058256e-01,0.000000e+00,-1.686557e-02,2.214000e-01,2.500000e-05,3.132627e-01,3.285197e+00,0.000000e+00,0.000000e+00,0.000000e+00,0.000000e+00,0.000000e+00,0.000000e+00,0.000000e+00,0.000000e+00,0.000000e+00,0.000000e+00,0.000000e+00,0.000000e+00,0.000000e+00,1.773878e-07,5.161079e-01,0.000000e+00,0.000000e+00,3.211670e-14,1.229788e+00,2.266138e-25,0.000000e+00,3.223986e-14,1.229788e+00,2.266138e-25,0.000000e+00
9.280000e-01,1.773902e-07,2.897308e+00,-6.969181e-01,0.000000e+00,-1.621078e-02,2.214000e-01,2.500000e-05,3.053968e-01,3.202707e+00,0.000000e+00,0.000000e+00,0.000000e+00,0.000000e+00,0.000000e+00,0.000000e+00,0.000000e+00,0.000000e+00,0.000000e+00,0.000000e+00,0.000000e+00,0.000000e+00,0.000000e+00,1.773901e-07,5.031582e-01,0.000000e+00,0.000000e+00,3.222225e-14,1.198932e+00,2.266167e-25,0.000000e+00,3.243186e-14,1.198932e+00,2.266167e-25,0.000000e+00
9.290000e-01,1.773923e-07,2.823462e+00,-6.879891e-01,0.000000e+00,-1.557240e-02,2.214000e-01,2.500000e-05,2.976128e-01,3.121076e+00,0.000000e+00,0.000000e+00,0.000000e+00,0.000000e+00,0.000000e+00,0.000000e+00,0.000000e+00,0.000000e+00,0.000000e+00,0.000000e+00,0.000000e+00,0.000000e+00,0.000000e+00,1.773923e-07,4.903433e-01,0.000000e+00,0.000000e+00,3.109938e-14,1.168396e+00,2.266195e-25,0.000000e+00,3.161131e-14,1.168396e+00,2.266195e-25,0.000000e+00
9.300000e-01,1.773944e-07,2.750399e+00,-6.790386e-01,0.000000e+00,-1.495021e-02,2.214000e-01,2.500000e-05,2.899115e-01,3.040313e+00,0.000000e+00,0.000000e+00,0.000000e+00,0.000000e+00,0.000000e+00,0.000000e+00,0.000000e+00,0.000000e+00,0.000000e+00,0.000000e+00,0.000000e+00,0.000000e+00,0.000000e+00,1.773943e-07,4.776644e-01,0.000000e+00,0.000000e+00,3.186949e-14,1.138185e+00,2.266221e-25,0.000000e+00,3.186909e-14,1.138185e+00,2.266221e-25,0.000000e+00
9.310000e-01,1.773963e-07,2.678128e+00,-6.700667e-01,0.000000e+00,-1.434408e-02,2.214000e-01,2.500000e-05,2.822936e-01,2.960423e+00,0.000000e+00,0.000000e+00,0.000000e+00,0.000000e+00,0.000000e+00,0.000000e+00,0.000000e+00,0.000000e+00,0.000000e+00,0.000000e+00,0.000000e+00,0.000000e+00,0.000000e+00,1.773963e-07,4.651226e-01,0.000000e+00,0.000000e+00,3.178192e-14,1.108300e+00,2.266246e-25,0.000000e+00,3.190355e-14,1.108300e+00,2.266246e-25,0.000000e+00
9.320000e-01,1.773982e-07,2.606654e+00,-6.610732e-01,0.000000e+00,-1.375383e-02,2.214000e-01,2.500000e-05,2.747597e-01,2.881415e+00,0.000000e+00,0.000000e+00,0.000000e+00,0.000000e+00,0.000000e+00,0.000000e+00,0.000000e+00,0.000000e+00,0.000000e+00,0.000000e+00,0.000000e+00,0.000000e+00,0.000000e+00,1.773981e-07,4.527191e-01,0.000000e+00,0.000000e+00,3.207048e-14,1.078745e+00,2.266270e-25,0.000000e+00,3.187703e-14,1.078745e+00,2.266270e-25,0.000000e+00
9.330000e-01,1.774000e-07,2.535985e+00,-6.520584e-01,0.000000e+00,-1.317930e-02,2.214000e-01,2.500000e-05,2.673107e-01,2.803297e+00,0.000000e+00,0.000000e+00,0.000000e+00,0.000000e+00,0.000000e+00,0.000000e+00,0.000000e+00,0.000000e+00,0.000000e+00,0.000000e+00,0.000000e+00,0.000000e+00,0.000000e+00,1.773999e-07,4.404552e-01,0.000000e+00,0.000000e+00,3.118629e-14,1.049522e+00,2.266292e-25,0.000000e+00,3.162293e-14,1.049522e+00,2.266292e-25,0.000000e+00
9.340000e-01,1.774016e-07,2.466127e+00,-6.430221e-01,0.000000e+00,-1.262030e-02,2.214000e-01,2.500000e-05,2.599471e-01,2.726075e+00,0.000000e+00,0.000000e+00,0.000000e+00,0.000000e+00,0.000000e+00,0.000000e+00,0.000000e+00,0.000000e+00,0.000000e+00,0.000000e+00,0.000000e+00,0.000000e+00,0.000000e+00,1.774016e-07,4.283317e-01,0.000000e+00,0.000000e+00,3.272494e-14,1.020634e+00,2.266313e-25,0.000000e+00,3.210408e-14,1.020634e+00,2.266314e-25,0.000000e+00
9.350000e-01,1.774032e-07,2.397087e+00,-6.339645e-01,0.000000e+00,-1.207667e-02,2.214000e-01,2.500000e-05,2.526698e-01,2.649758e+00,0.000000e+00,0.000000e+00,0.000000e+00,0.000000e+00,0.000000e+00,0.000000e+00,0.000000e+00,0.000000e+00,0.000000e+00,0.000000e+00,0.000000e+00,0.000000e+00,0.000000e+00,1.774031e-07,4.163502e-01,0.000000e+00,0.000000e+00,3.252022e-14,9.920846e-01,2.266333e-25,0.000000e+00,3.241564e-14,9.920845e-01,2.266334e-25,0.000000e+00
9.360000e-01,1.774047e-07,2.328871e+00,-6.248854e-01,0.000000e+00,-1.154820e-02,2.214000e-01,2.500000e-05,2.454794e-01,2.574352e+00,0.000000e+00,0.000000e+00,0.000000e+00,0.000000e+00,0.000000e+00,0.000000e+00,0.000000e+00,0.000000e+00,0.000000e+00,0.000000e+00,0.000000e+00,0.000000e+00,0.000000e+00,1.774046e-07,4.045116e-01,0.000000e+00,0.000000e+00,3.270339e-14,9.638752e-01,2.266352e-25,0.000000e+00,3.238689e-14,9.638752e-01,2.266353e-25,0.000000e+00
9.370000e-01,1.774061e-07,2.261487e+00,-6.157851e-01,0.000000e+00,-1.103480e-02,2.214000e-01,2.500000e-05,2.383767e-01,2.499865e+00,0.000000e+00,0.000000e+00,0.000000e+00,0.000000e+00,0.000000e+00,0.000000e+00,0.000000e+00,0.000000e+00,0.000000e+00,0.000000e+00,0.000000e+00,0.000000e+00,0.000000e+00,1.774060e-07,3.928172e-01,0.000000e+00,0.000000e+00,3.166353e-14,9.360096e-01,2.266370e-25,0.000000e+00,3.197420e-14,9.360096e-01,2.266370e-25,0.000000e+00
9.380000e-01,1.774074e-07,2.194941e+00,-6.066634e-01,0.000000e+00,-1.053622e-02,2.214000e-01,2.500000e-05,2.313622e-01,2.426305e+00,0.000000e+00,0.000000e+00,0.000000e+00,0.000000e+00,0.000000e+00,0.000000e+00,0.000000e+00,0.000000e+00,0.000000e+00,0.000000e+00,0.000000e+00,0.000000e+00,0.000000e+00,1.774073e-07,3.812680e-01,0.000000e+00,0.000000e+00,3.245995e-14,9.084902e-01,2.266387e-25,0.000000e+00,3.216009e-14,9.084901e-01,2.266387e-25,0.000000e+00
9.390000e-01,1.774086e-07,2.129240e+00,-5.975204e-01,0.000000e+00,-1.005230e-02,2.214000e-01,2.500000e-05,2.244369e-01,2.353678e+00,0.000000e+00,0.000000e+00,0.000000e+00,0.000000e+00,0.000000e+00,0.000000e+00,0.000000e+00,0.000000e+00,0.000000e+00,0.000000e+00,0.000000e+00,0.000000e+00,0.000000e+00,1.774086e-07,3.698654e-01,0.000000e+00,0.000000e+00,3.222451e-14,8.813196e-01,2.266403e-25,0.000000e+00,3.191485e-14,8.813199e-01,2.266403e-25,0.000000e+00
9.400000e-01,1.774098e-07,2.064391e+00,-5.883561e-01,0.000000e+00,-9.582834e-03,2.214000e-01,2.500000e-05,2.176013e-01,2.281994e+00,0.000000e+00,0.000000e+00,0.000000e+00,0.000000e+00,0.000000e+00,0.000000e+00,0.000000e+00,0.000000e+00,0.000000e+00,0.000000e+00,0.000000e+00,0.000000e+00,0.000000e+00,1.774097e-07,3.586105e-01,0.000000e+00,0.000000e+00,3.170833e-14,8.545016e-01,2.266418e-25,0.000000e+00,3.212784e-14,8.545014e-01,2.266418e-25,0.000000e+00
9.410000e-01,1.774109e-07,2.000401e+00,-5.791705e-01,0.000000e+00,-9.127680e-03,2.214000e-01,2.500000e-05,2.108563e-01,2.211259e+00,0.000000e+00,0.000000e+00,0.000000e+00,0.000000e+00,0.000000e+00,0.000000e+00,0.000000e+00,0.000000e+00,0.000000e+00,0.000000e+00,0.000000e+00,0.000000e+00,0.000000e+00,1.774108e-07,3.475044e-01,0.000000e+00,0.000000e+00,3.158472e-14,8.280379e-01,2.266432e-25,0.000000e+00,3.178888e-14,8.280378e-01,2.266432e-25,0.000000e+00
9.420000e-01,1.774119e-07,1.937276e+00,-5.699637e-01,0.000000e+00,-8.686657e-03,2.214000e-01,2.500000e-05,2.042026e-01,2.141480e+00,0.000000e+00,0.000000e+00,0.000000e+00,0.000000e+00,0.000000e+00,0.000000e+00,0.000000e+00,0.000000e+00,0.000000e+00,0.000000e+00,0.000000e+00,0.000000e+00,0.000000e+00,1.774118e-07,3.365484e-01,0.000000e+00,0.000000e+00,3.165749e-14,8.019317e-01,2.266445e-25,0.000000e+00,3.186443e-14,8.019318e-01,2.266445e-25,0.000000e+00
9.430000e-01,1.774129e-07,1.875024e+00,-5.607356e-01,0.000000e+00,-8.259552e-03,2.214000e-01,2.500000e-05,1.976408e-01,2.072667e+00,0.000000e+00,0.000000e+00,0.000000e+00,0.000000e+00,0.000000e+00,0.000000e+00,0.000000e+00,0.000000e+00,0.000000e+00,0.000000e+00,0.000000e+00,0.000000e+00,0.000000e+00,1.774128e-07,3.257437e-01,0.000000e+00,0.000000e+00,3.261347e-14,7.761861e-01,2.266457e-25,0.000000e+00,3.240268e-14,7.761862e-01,2.266457e-25,0.000000e+00
9.440000e-01,1.774138e-07,1.813651e+00,-5.514864e-01,0.000000e+00,-7.846187e-03,2.214000e-01,2.500000e-05,1.911716e-01,2.004825e+00,0.000000e+00,0.000000e+00,0.000000e+00,0.000000e+00,0.000000e+00,0.000000e+00,0.000000e+00,0.000000e+00,0.000000e+00,0.000000e+00,0.000000e+00,0.000000e+00,0.000000e+00,1.774137e-07,3.150915e-01,0.000000e+00,0.000000e+00,3.198313e-14,7.508038e-01,2.266469e-25,0.000000e+00,3.219140e-14,7.508039e-01,2.266469e-25,0.000000e+00
9.450000e-01,1.774146e-07,1.753165e+00,-5.422159e-01,0.000000e+00,-7.446355e-03,2.214000e-01,2.500000e-05,1.847959e-01,1.937962e+00,0.000000e+00,0.000000e+00,0.000000e+00,0.000000e+00,0.000000e+00,0.000000e+00,0.000000e+00,0.000000e+00,0.000000e+00,0.000000e+00,0.000000e+00,0.000000e+00,0.000000e+00,1.774146e-07,3.045929e-01,0.000000e+00,0.000000e+00,3.192448e-14,7.257878e-01,2.266479e-25,0.000000e+00,3.224148e-14,7.257877e-01,2.266480e-25,0.000000e+00
9.460000e-01,1.774154e-07,1.693572e+00,-5.329243e-01,0.000000e+00,-7.059898e-03,2.214000e-01,2.500000e-05,1.785144e-01,1.872087e+00,0.000000e+00,0.000000e+00,0.000000e+00,0.000000e+00,0.000000e+00,0.000000e+00,0.000000e+00,0.000000e+00,0.000000e+00,0.000000e+00,0.000000e+00,0.000000e+00,0.000000e+00,1.774154e-07,2.942491e-01,0.000000e+00,0.000000e+00,3.136395e-14,7.011405e-01,2.266490e-25,0.000000e+00,3.156915e-14,7.011405e-01,2.266490e-25,0.000000e+00
9.470000e-01,1.774162e-07,1.634878e+00,-5.236115e-01,0.000000e+00,-6.686587e-03,2.214000e-01,2.500000e-05,1.723277e-01,1.807208e+00,0.000000e+00,0.000000e+00,0.000000e+00,0.000000e+00,0.000000e+00,0.000000e+00,0.000000e+00,0.000000e+00,0.000000e+00,0.000000e+00,0.000000e+00,0.000000e+00,0.000000e+00,1.774161e-07,2.840614e-01,0.000000e+00,0.000000e+00,3.258776e-14,6.768650e-01,2.266499e-25,0.000000e+00,3.217294e-14,6.768652e-01,2.266499e-25,0.000000e+00
9.480000e-01,1.774168e-07,1.577092e+00,-5.142775e-01,0.000000e+00,-6.326256e-03,2.214000e-01,2.500000e-05,1.662366e-01,1.743331e+00,0.000000e+00,0.000000e+00,0.000000e+00,0.000000e+00,0.000000e+00,0.000000e+00,0.000000e+00,0.000000e+00,0.000000e+00,0.000000e+00,0.000000e+00,0.000000e+00,0.000000e+00,1.774168e-07,2.740311e-01,0.000000e+00,0.000000e+00,3.125354e-14,6.529647e-01,2.266508e-25,0.000000e+00,3.176883e-14,6.529646e-01,2.266508e-25,0.000000e+00
9.490000e-01,1.774175e-07,1.520220e+00,-5.049224e-01,0.000000e+00,-5.978666e-03,2.214000e-01,2.500000e-05,1.602419e-01,1.680464e+00,0.000000e+00,0.000000e+00,0.000000e+00,0.000000e+00,0.000000e+00,0.000000e+00,0.000000e+00,0.000000e+00,0.000000e+00,0.000000e+00,0.000000e+00,0.000000e+00,0.000000e+00,1.774174e-07,2.641591e-01,0.000000e+00,0.000000e+00,3.147620e-14,6.294415e-01,2.266516e-25,0.000000e+00,3.149104e-14,6.294416e-01,2.266516e-25,0.000000e+00
9.500000e-01,1.774181e-07,1.464269e+00,-4.955462e-01,0.000000e+00,-5.643663e-03,2.214000e-01,2.500000e-05,1.543443e-01,1.618615e+00,0.000000e+00,0.000000e+00,0.000000e+00,0.000000e+00,0.000000e+00,0.000000e+00,0.000000e+00,0.000000e+00,0.000000e+00,0.000000e+00,0.000000e+00,0.000000e+00,0.000000e+00,1.774180e-07,2.544468e-01,0.000000e+00,0.000000e+00,3.220319e-14,6.062992e-01,2.266523e-25,0.000000e+00,3.241987e-14,6.062990e-01,2.266524e-25,0.000000e+00
9.510000e-01,1.774186e-07,1.409246e+00,-4.861489e-01,0.000000e+00,-5.321061e-03,2.214000e-01,2.500000e-05,1.485445e-01,1.557793e+00,0.000000e+00,0.000000e+00,0.000000e+00,0.000000e+00,0.000000e+00,0.000000e+00,0.000000e+00,0.000000e+00,0.000000e+00,0.000000e+00,0.000000e+00,0.000000e+00,0.000000e+00,1.774185e-07,2.448955e-01,0.000000e+00,0.000000e+00,3.183060e-14,5.835402e-01,2.266531e-25,0.000000e+00,3.224788e-14,5.835401e-01,2.266531e-25,0.000000e+00
9.520000e-01,1.774191e-07,1.355159e+00,-4.767305e-01,0.000000e+00,-5.010587e-03,2.214000e-01,2.500000e-05,1.428433e-01,1.498003e+00,0.000000e+00,0.000000e+00,0.000000e+00,0.000000e+00,0.000000e+00,0.000000e+00,0.000000e+00,0.000000e+00,0.000000e+00,0.000000e+00,0.000000e+00,0.000000e+00,0.000000e+00,1.774191e-07,2.355063e-01,0.000000e+00,0.000000e+00,3.230941e-14,5.611672e-01,2.266537e-25,0.000000e+00,3.210169e-14,5.611672e-01,2.266537e-25,0.000000e+00
9.530000e-01,1.774196e-07,1.302013e+00,-4.672910e-01,0.000000e+00,-4.712084e-03,2.214000e-01,2.500000e-05,1.372413e-01,1.439256e+00,0.000000e+00,0.000000e+00,0.000000e+00,0.000000e+00,0.000000e+00,0.000000e+00,0.000000e+00,0.000000e+00,0.000000e+00,0.000000e+00,0.000000e+00,0.000000e+00,0.000000e+00,1.774195e-07,2.262804e-01,0.000000e+00,0.000000e+00,3.173369e-14,5.391837e-01,2.266543e-25,0.000000e+00,3.185750e-14,5.391836e-01,2.266543e-25,0.000000e+00
9.540000e-01,1.774200e-07,1.249816e+00,-4.578304e-01,0.000000e+00,-4.425363e-03,2.214000e-01,2.500000e-05,1.317395e-01,1.381557e+00,0.000000e+00,0.000000e+00,0.000000e+00,0.000000e+00,0.000000e+00,0.000000e+00,0.000000e+00,0.000000e+00,0.000000e+00,0.000000e+00,0.000000e+00,0.000000e+00,0.000000e+00,1.774199e-07,2.172190e-01,0.000000e+00,0.000000e+00,3.187735e-14,5.175923e-01,2.266548e-25,0.000000e+00,3.146899e-14,5.175922e-01,2.266548e-25,0.000000e+00
9.550000e-01,1.774204e-07,1.198576e+00,-4.483488e-01,0.000000e+00,-4.150179e-03,2.214000e-01,2.500000e-05,1.263383e-01,1.324916e+00,0.000000e+00,0.000000e+00,0.000000e+00,0.000000e+00,0.000000e+00,0.000000e+00,0.000000e+00,0.000000e+00,0.000000e+00,0.000000e+00,0.000000e+00,0.000000e+00,0.000000e+00,1.774203e-07,2.083235e-01,0.000000e+00,0.000000e+00,3.202550e-14,4.963959e-01,2.266553e-25,0.000000e+00,3.192235e-14,4.963959e-01,2.266554e-25,0.000000e+00
9.560000e-01,1.774208e-07,1.148299e+00,-4.388461e-01,0.000000e+00,-3.886342e-03,2.214000e-01,2.500000e-05,1.210388e-01,1.269339e+00,0.000000e+00,0.000000e+00,0.000000e+00,0.000000e+00,0.000000e+00,0.000000e+00,0.000000e+00,0.000000e+00,0.000000e+00,0.000000e+00,0.000000e+00,0.000000e+00,0.000000e+00,1.774207e-07,1.995949e-01,0.000000e+00,0.000000e+00,3.214418e-14,4.755974e-01,2.266558e-25,0.000000e+00,3.225925e-14,4.755973e-01,2.266558e-25,0.000000e+00
9.570000e-01,1.774211e-07,1.098992e+00,-4.293224e-01,0.000000e+00,-3.633661e-03,2.214000e-01,2.500000e-05,1.158415e-01,1.214835e+00,0.000000e+00,0.000000e+00,0.000000e+00,0.000000e+00,0.000000e+00,0.000000e+00,0.000000e+00,0.000000e+00,0.000000e+00,0.000000e+00,0.000000e+00,0.000000e+00,0.000000e+00,1.774211e-07,1.910347e-01,0.000000e+00,0.000000e+00,3.243319e-14,4.551998e-01,2.266563e-25,0.000000e+00,3.222446e-14,4.551998e-01,2.266563e-25,0.000000e+00
9.580000e-01,1.774214e-07,1.050663e+00,-4.197777e-01,0.000000e+00,-3.391831e-03,2.214000e-01,2.500000e-05,1.107473e-01,1.161412e+00,0.000000e+00,0.000000e+00,0.000000e+00,0.000000e+00,0.000000e+00,0.000000e+00,0.000000e+00,0.000000e+00,0.000000e+00,0.000000e+00,0.000000e+00,0.000000e+00,0.000000e+00,1.774214e-07,1.826439e-01,0.000000e+00,0.000000e+00,3.151234e-14,4.352062e-01,2.266566e-25,0.000000e+00,3.193687e-14,4.352061e-01,2.266566e-25,0.000000e+00
9.590000e-01,1.774217e-07,1.003318e+00,-4.102119e-01,0.000000e+00,-3.160778e-03,2.214000e-01,2.500000e-05,1.057568e-01,1.109077e+00,0.000000e+00,0.000000e+00,0.000000e+00,0.000000e+00,0.000000e+00,0.000000e+00,0.000000e+00,0.000000e+00,0.000000e+00,0.000000e+00,0.000000e+00,0.000000e+00,0.000000e+00,1.774216e-07,1.744238e-01,0.000000e+00,0.000000e+00,3.230034e-14,4.156191e-01,2.266570e-25,0.000000e+00,3.240416e-14,4.156191e-01,2.266570e-25,0.000000e+00
9.600000e-01,1.774220e-07,9.569652e-01,-4.006252e-01,0.000000e+00,-2.940162e-03,2.214000e-01,2.500000e-05,1.008709e-01,1.057838e+00,0.000000e+00,0.000000e+00,0.000000e+00,0.000000e+00,0.000000e+00,0.000000e+00,0.000000e+00,0.000000e+00,0.000000e+00,0.000000e+00,0.000000e+00,0.000000e+00,0.000000e+00,1.774219e-07,1.663756e-01,0.000000e+00,0.000000e+00,3.263613e-14,3.964418e-01,2.266573e-25,0.000000e+00,3.243191e-14,3.964418e-01,2.266573e-25,0.000000e+00
9.610000e-01,1.774222e-07,9.116114e-01,-3.910174e-01,0.000000e+00,-2.729848e-03,2.214000e-01,2.500000e-05,9.609026e-02,1.007703e+00,0.000000e+00,0.000000e+00,0.000000e+00,0.000000e+00,0.000000e+00,0.000000e+00,0.000000e+00,0.000000e+00,0.000000e+00,0.000000e+00,0.000000e+00,0.000000e+00,0.000000e+00,1.774221e-07,1.585007e-01,0.000000e+00,0.000000e+00,3.155477e-14,3.776774e-01,2.266576e-25,0.000000e+00,3.186574e-14,3.776774e-01,2.266576e-25,0.000000e+00
9.620000e-01,1.774224e-07,8.672636e-01,-3.813887e-01,0.000000e+00,-2.529528e-03,2.214000e-01,2.500000e-05,9.141569e-02,9.586809e-01,0.000000e+00,0.000000e+00,0.000000e+00,0.000000e+00,0.000000e+00,0.000000e+00,0.000000e+00,0.000000e+00,0.000000e+00,0.000000e+00,0.000000e+00,0.000000e+00,0.000000e+00,1.774223e-07,1.508001e-01,0.000000e+00,0.000000e+00,3.176920e-14,3.593284e-01,2.266579e-25,0.000000e+00,3.209299e-14,3.593284e-01,2.266579e-25,0.000000e+00
9.630000e-01,1.774226e-07,8.239289e-01,-3.717390e-01,0.000000e+00,-2.339094e-03,2.214000e-01,2.500000e-05,8.684793e-02,9.107786e-01,0.000000e+00,0.000000e+00,0.000000e+00,0.000000e+00,0.000000e+00,0.000000e+00,0.000000e+00,0.000000e+00,0.000000e+00,0.000000e+00,0.000000e+00,0.000000e+00,0.000000e+00,1.774225e-07,1.432753e-01,0.000000e+00,0.000000e+00,3.213206e-14,3.413981e-01,2.266581e-25,0.000000e+00,3.161473e-14,3.413982e-01,2.266582e-25,0.000000e+00
9.640000e-01,1.774228e-07,7.816148e-01,-3.620683e-01,0.000000e+00,-2.158235e-03,2.214000e-01,2.500000e-05,8.238771e-02,8.640043e-01,0.000000e+00,0.000000e+00,0.000000e+00,0.000000e+00,0.000000e+00,0.000000e+00,0.000000e+00,0.000000e+00,0.000000e+00,0.000000e+00,0.000000e+00,0.000000e+00,0.000000e+00,1.774227e-07,1.359274e-01,0.000000e+00,0.000000e+00,3.165741e-14,3.238894e-01,2.266584e-25,0.000000e+00,3.165878e-14,3.238895e-01,2.266584e-25,0.000000e+00
9.650000e-01,1.774229e-07,7.403286e-01,-3.523767e-01,0.000000e+00,-1.986725e-03,2.214000e-01,2.500000e-05,7.803585e-02,8.183661e-01,0.000000e+00,0.000000e+00,0.000000e+00,0.000000e+00,0.000000e+00,0.000000e+00,0.000000e+00,0.000000e+00,0.000000e+00,0.000000e+00,0.000000e+00,0.000000e+00,0.000000e+00,1.774228e-07,1.287577e-01,0.000000e+00,0.000000e+00,3.259751e-14,3.068053e-01,2.266585e-25,0.000000e+00,3.207558e-14,3.068053e-01,2.266585e-25,0.000000e+00
9.660000e-01,1.774230e-07,7.000770e-01,-3.426641e-01,0.000000e+00,-1.824394e-03,2.214000e-01,2.500000e-05,7.379307e-02,7.738718e-01,0.000000e+00,0.000000e+00,0.000000e+00,0.000000e+00,0.000000e+00,0.000000e+00,0.000000e+00,0.000000e+00,0.000000e+00,0.000000e+00,0.000000e+00,0.000000e+00,0.000000e+00,1.774230e-07,1.217674e-01,0.000000e+00,0.000000e+00,3.198982e-14,2.901488e-01,2.266587e-25,0.000000e+00,3.188750e-14,2.901489e-01,2.266587e-25,0.000000e+00
9.670000e-01,1.774232e-07,6.608678e-01,-3.329306e-01,0.000000e+00,-1.670961e-03,2.214000e-01,2.500000e-05,6.966012e-02,7.305296e-01,0.000000e+00,0.000000e+00,0.000000e+00,0.000000e+00,0.000000e+00,0.000000e+00,0.000000e+00,0.000000e+00,0.000000e+00,0.000000e+00,0.000000e+00,0.000000e+00,0.000000e+00,1.774231e-07,1.149578e-01,0.000000e+00,0.000000e+00,3.202239e-14,2.739227e-01,2.266589e-25,0.000000e+00,3.191986e-14,2.739228e-01,2.266589e-25,0.000000e+00
9.680000e-01,1.774233e-07,6.227080e-01,-3.231761e-01,0.000000e+00,-1.526257e-03,2.214000e-01,2.500000e-05,6.563781e-02,6.883476e-01,0.000000e+00,0.000000e+00,0.000000e+00,0.000000e+00,0.000000e+00,0.000000e+00,0.000000e+00,0.000000e+00,0.000000e+00,0.000000e+00,0.000000e+00,0.000000e+00,0.000000e+00,1.774232e-07,1.083301e-01,0.000000e+00,0.000000e+00,3.261159e-14,2.581304e-01,2.266590e-25,0.000000e+00,3.220720e-14,2.581304e-01,2.266590e-25,0.000000e+00
9.690000e-01,1.774234e-07,5.856049e-01,-3.134007e-01,0.000000e+00,-1.389963e-03,2.214000e-01,2.500000e-05,6.172689e-02,6.473335e-01,0.000000e+00,0.000000e+00,0.000000e+00,0.000000e+00,0.000000e+00,0.000000e+00,0.000000e+00,0.000000e+00,0.000000e+00,0.000000e+00,0.000000e+00,0.000000e+00,0.000000e+00,1.774233e-07,1.018857e-01,0.000000e+00,0.000000e+00,3.198254e-14,2.427745e-01,2.266591e-25,0.000000e+00,3.179134e-14,2.427746e-01,2.266592e-25,0.000000e+00
9.700000e-01,1.774235e-07,5.495658e-01,-3.036043e-01,0.000000e+00,-1.261908e-03,2.214000e-01,2.500000e-05,5.792811e-02,6.074957e-01,0.000000e+00,0.000000e+00,0.000000e+00,0.000000e+00,0.000000e+00,0.000000e+00,0.000000e+00,0.000000e+00,0.000000e+00,0.000000e+00,0.000000e+00,0.000000e+00,0.000000e+00,1.774234e-07,9.562580e-02,0.000000e+00,0.000000e+00,3.155048e-14,2.278583e-01,2.266592e-25,0.000000e+00,3.155049e-14,2.278583e-01,2.266593e-25,0.000000e+00
9.710000e-01,1.774235e-07,5.145981e-01,-2.937870e-01,0.000000e+00,-1.141810e-03,2.214000e-01,2.500000e-05,5.424225e-02,5.688421e-01,0.000000e+00,0.000000e+00,0.000000e+00,0.000000e+00,0.000000e+00,0.000000e+00,0.000000e+00,0.000000e+00,0.000000e+00,0.000000e+00,0.000000e+00,0.000000e+00,0.000000e+00,1.774235e-07,8.955159e-02,0.000000e+00,0.000000e+00,3.284067e-14,2.133846e-01,2.266593e-25,0.000000e+00,3.243804e-14,2.133847e-01,2.266594e-25,0.000000e+00
9.720000e-01,1.774236e-07,4.807091e-01,-2.839489e-01,0.000000e+00,-1.029488e-03,2.214000e-01,2.500000e-05,5.067011e-02,5.313810e-01,0.000000e+00,0.000000e+00,0.000000e+00,0.000000e+00,0.000000e+00,0.000000e+00,0.000000e+00,0.000000e+00,0.000000e+00,0.000000e+00,0.000000e+00,0.000000e+00,0.000000e+00,1.774235e-07,8.366448e-02,0.000000e+00,0.000000e+00,3.195861e-14,1.993568e-01,2.266594e-25,0.000000e+00,3.238518e-14,1.993567e-01,2.266594e-25,0.000000e+00
9.730000e-01,1.774237e-07,4.479060e-01,-2.740898e-01,0.000000e+00,-9.246605e-04,2.214000e-01,2.500000e-05,4.721245e-02,4.951203e-01,0.000000e+00,0.000000e+00,0.000000e+00,0.000000e+00,0.000000e+00,0.000000e+00,0.000000e+00,0.000000e+00,0.000000e+00,0.000000e+00,0.000000e+00,0.000000e+00,0.000000e+00,1.774236e-07,7.796559e-02,0.000000e+00,0.000000e+00,3.215962e-14,1.857774e-01,2.266595e-25,0.000000e+00,3.226380e-14,1.857774e-01,2.266595e-25,0.000000e+00
9.740000e-01,1.774237e-07,4.161964e-01,-2.642098e-01,0.000000e+00,-8.270895e-04,2.214000e-01,2.500000e-05,4.387004e-02,4.600683e-01,0.000000e+00,0.000000e+00,0.000000e+00,0.000000e+00,0.000000e+00,0.000000e+00,0.000000e+00,0.000000e+00,0.000000e+00,0.000000e+00,0.000000e+00,0.000000e+00,0.000000e+00,1.774237e-07,7.245631e-02,0.000000e+00,0.000000e+00,3.203594e-14,1.726498e-01,2.266596e-25,0.000000e+00,3.234875e-14,1.726498e-01,2.266596e-25,0.000000e+00
9.750000e-01,1.774238e-07,3.855875e-01,-2.543088e-01,0.000000e+00,-7.365175e-04,2.214000e-01,2.500000e-05,4.064363e-02,4.262329e-01,0.000000e+00,0.000000e+00,0.000000e+00,0.000000e+00,0.000000e+00,0.000000e+00,0.000000e+00,0.000000e+00,0.000000e+00,0.000000e+00,0.000000e+00,0.000000e+00,0.000000e+00,1.774237e-07,6.713787e-02,0.000000e+00,0.000000e+00,3.216379e-14,1.599770e-01,2.266596e-25,0.000000e+00,3.216585e-14,1.599769e-01,2.266596e-25,0.000000e+00
9.760000e-01,1.774238e-07,3.560868e-01,-2.443871e-01,0.000000e+00,-6.527592e-04,2.214000e-01,2.500000e-05,3.753405e-02,3.936226e-01,0.000000e+00,0.000000e+00,0.000000e+00,0.000000e+00,0.000000e+00,0.000000e+00,0.000000e+00,0.000000e+00,0.000000e+00,0.000000e+00,0.000000e+00,0.000000e+00,0.000000e+00,1.774237e-07,6.201156e-02,0.000000e+00,0.000000e+00,3.225719e-14,1.477619e-01,2.266597e-25,0.000000e+00,3.215384e-14,1.477619e-01,2.266597e-25,0.000000e+00
9.770000e-01,1.774238e-07,3.277016e-01,-2.344444e-01,0.000000e+00,-5.755016e-04,2.214000e-01,2.500000e-05,3.454205e-02,3.622454e-01,0.000000e+00,0.000000e+00,0.000000e+00,0.000000e+00,0.000000e+00,0.000000e+00,0.000000e+00,0.000000e+00,0.000000e+00,0.000000e+00,0.000000e+00,0.000000e+00,0.000000e+00,1.774238e-07,5.707867e-02,0.000000e+00,0.000000e+00,3.187802e-14,1.360077e-01,2.266597e-25,0.000000e+00,3.177548e-14,1.360078e-01,2.266597e-25,0.000000e+00
9.780000e-01,1.774239e-07,3.004394e-01,-2.244808e-01,0.000000e+00,-5.045097e-04,2.214000e-01,2.500000e-05,3.166842e-02,3.321096e-01,0.000000e+00,0.000000e+00,0.000000e+00,0.000000e+00,0.000000e+00,0.000000e+00,0.000000e+00,0.000000e+00,0.000000e+00,0.000000e+00,0.000000e+00,0.000000e+00,0.000000e+00,1.774238e-07,5.234050e-02,0.000000e+00,0.000000e+00,3.258484e-14,1.247176e-01,2.266597e-25,0.000000e+00,3.228297e-14,1.247176e-01,2.266598e-25,0.000000e+00
9.790000e-01,1.774239e-07,2.743075e-01,-2.144963e-01,0.000000e+00,-4.395150e-04,2.214000e-01,2.500000e-05,2.891395e-02,3.032233e-01,0.000000e+00,0.000000e+00,0.000000e+00,0.000000e+00,0.000000e+00,0.000000e+00,0.000000e+00,0.000000e+00,0.000000e+00,0.000000e+00,0.000000e+00,0.000000e+00,0.000000e+00,1.774238e-07,4.779832e-02,0.000000e+00,0.000000e+00,3.115235e-14,1.138945e-01,2.266598e-25,0.000000e+00,3.156488e-14,1.138944e-01,2.266598e-25,0.000000e+00
9.800000e-01,1.774239e-07,2.493135e-01,-2.044909e-01,0.000000e+00,-3.803348e-04,2.214000e-01,2.500000e-05,2.627941e-02,2.755948e-01,0.000000e+00,0.000000e+00,0.000000e+00,0.000000e+00,0.000000e+00,0.000000e+00,0.000000e+00,0.000000e+00,0.000000e+00,0.000000e+00,0.000000e+00,0.000000e+00,0.000000e+00,1.774238e-07,4.345341e-02,0.000000e+00,0.000000e+00,3.190255e-14,1.035413e-01,2.266598e-25,0.000000e+00,3.159318e-14,1.035414e-01,2.266598e-25,0.000000e+00
9.810000e-01,1.774239e-07,2.254649e-01,-1.944647e-01,0.000000e+00,-3.266231e-04,2.214000e-01,2.500000e-05,2.376559e-02,2.492323e-01,0.000000e+00,0.000000e+00,0.000000e+00,0.000000e+00,0.000000e+00,0.000000e+00,0.000000e+00,0.000000e+00,0.000000e+00,0.000000e+00,0.000000e+00,0.000000e+00,0.000000e+00,1.774238e-07,3.930710e-02,0.000000e+00,0.000000e+00,3.279677e-14,9.366144e-02,2.266598e-25,0.000000e+00,3.227773e-14,9.366145e-02,2.266598e-25,0.000000e+00
9.820000e-01,1.774239e-07,2.027691e-01,-1.844175e-01,0.000000e+00,-2.782168e-04,2.214000e-01,2.500000e-05,2.137329e-02,2.241442e-01,0.000000e+00,0.000000e+00,0.000000e+00,0.000000e+00,0.000000e+00,0.000000e+00,0.000000e+00,0.000000e+00,0.000000e+00,0.000000e+00,0.000000e+00,0.000000e+00,0.000000e+00,1.774239e-07,3.536068e-02,0.000000e+00,0.000000e+00,3.168897e-14,8.425787e-02,2.266598e-25,0.000000e+00,3.158513e-14,8.425788e-02,2.266598e-25,0.000000e+00
9.830000e-01,1.774239e-07,1.812335e-01,-1.743495e-01,0.000000e+00,-2.347670e-04,2.214000e-01,2.500000e-05,1.910330e-02,2.003387e-01,0.000000e+00,0.000000e+00,0.000000e+00,0.000000e+00,0.000000e+00,0.000000e+00,0.000000e+00,0.000000e+00,0.000000e+00,0.000000e+00,0.000000e+00,0.000000e+00,0.000000e+00,1.774239e-07,3.161541e-02,0.000000e+00,0.000000e+00,3.186691e-14,7.533357e-02,2.266598e-25,0.000000e+00,3.156505e-14,7.533364e-02,2.266599e-25,0.000000e+00
9.840000e-01,1.774239e-07,1.608658e-01,-1.642606e-01,0.000000e+00,-1.960359e-04,2.214000e-01,2.500000e-05,1.695639e-02,1.778241e-01,0.000000e+00,0.000000e+00,0.000000e+00,0.000000e+00,0.000000e+00,0.000000e+00,0.000000e+00,0.000000e+00,0.000000e+00,0.000000e+00,0.000000e+00,0.000000e+00,0.000000e+00,1.774239e-07,2.807265e-02,0.000000e+00,0.000000e+00,3.181719e-14,6.689186e-02,2.266599e-25,0.000000e+00,3.202619e-14,6.689187e-02,2.266599e-25,0.000000e+00
9.850000e-01,1.774239e-07,1.416735e-01,-1.541508e-01,0.000000e+00,-1.618323e-04,2.214000e-01,2.500000e-05,1.493339e-02,1.566088e-01,0.000000e+00,0.000000e+00,0.000000e+00,0.000000e+00,0.000000e+00,0.000000e+00,0.000000e+00,0.000000e+00,0.000000e+00,0.000000e+00,0.000000e+00,0.000000e+00,0.000000e+00,1.774239e-07,2.473368e-02,0.000000e+00,0.000000e+00,3.196363e-14,5.893570e-02,2.266599e-25,0.000000e+00,3.206750e-14,5.893574e-02,2.266599e-25,0.000000e+00
9.860000e-01,1.774239e-07,1.236641e-01,-1.440202e-01,0.000000e+00,-1.318022e-04,2.214000e-01,2.500000e-05,1.303506e-02,1.367010e-01,0.000000e+00,0.000000e+00,0.000000e+00,0.000000e+00,0.000000e+00,0.000000e+00,0.000000e+00,0.000000e+00,0.000000e+00,0.000000e+00,0.000000e+00,0.000000e+00,0.000000e+00,1.774239e-07,2.159980e-02,0.000000e+00,0.000000e+00,3.143834e-14,5.146827e-02,2.266599e-25,0.000000e+00,3.144138e-14,5.146829e-02,2.266599e-25,0.000000e+00
9.870000e-01,1.774240e-07,1.068451e-01,-1.338687e-01,0.000000e+00,-1.057047e-04,2.214000e-01,2.500000e-05,1.126223e-02,1.181092e-01,0.000000e+00,0.000000e+00,0.000000e+00,0.000000e+00,0.000000e+00,0.000000e+00,0.000000e+00,0.000000e+00,0.000000e+00,0.000000e+00,0.000000e+00,0.000000e+00,0.000000e+00,1.774239e-07,1.867233e-02,0.000000e+00,0.000000e+00,3.282592e-14,4.449264e-02,2.266599e-25,0.000000e+00,3.230217e-14,4.449269e-02,2.266599e-25,0.000000e+00
9.880000e-01,1.774240e-07,9.122417e-02,-1.236963e-01,0.000000e+00,-8.326301e-05,2.214000e-01,2.500000e-05,9.615665e-03,1.008417e-01,0.000000e+00,0.000000e+00,0.000000e+00,0.000000e+00,0.000000e+00,0.000000e+00,0.000000e+00,0.000000e+00,0.000000e+00,0.000000e+00,0.000000e+00,0.000000e+00,0.000000e+00,1.774239e-07,1.595259e-02,0.000000e+00,0.000000e+00,3.176417e-14,3.801205e-02,2.266599e-25,0.000000e+00,3.167600e-14,3.801203e-02,2.266599e-25,0.000000e+00
9.890000e-01,1.774240e-07,7.680888e-02,-1.135030e-01,0.000000e+00,-6.425859e-05,2.214000e-01,2.500000e-05,8.096195e-03,8.490697e-02,0.000000e+00,0.000000e+00,0.000000e+00,0.000000e+00,0.000000e+00,0.000000e+00,0.000000e+00,0.000000e+00,0.000000e+00,0.000000e+00,0.000000e+00,0.000000e+00,0.000000e+00,1.774239e-07,1.344190e-02,0.000000e+00,0.000000e+00,3.201138e-14,3.202951e-02,2.266599e-25,0.000000e+00,3.211613e-14,3.202952e-02,2.266599e-25,0.000000e+00
9.900000e-01,1.774240e-07,6.360684e-02,-1.032889e-01,0.000000e+00,-4.836206e-05,2.214000e-01,2.500000e-05,6.704615e-03,7.031336e-02,0.000000e+00,0.000000e+00,0.000000e+00,0.000000e+00,0.000000e+00,0.000000e+00,0.000000e+00,0.000000e+00,0.000000e+00,0.000000e+00,0.000000e+00,0.000000e+00,0.000000e+00,1.774239e-07,1.114156e-02,0.000000e+00,0.000000e+00,3.189435e-14,2.654825e-02,2.266599e-25,0.000000e+00,3.200145e-14,2.654825e-02,2.266599e-25,0.000000e+00
9.910000e-01,1.774240e-07,5.162570e-02,-9.305395e-02,0.000000e+00,-3.529670e-05,2.214000e-01,2.500000e-05,5.441709e-03,5.706931e-02,0.000000e+00,0.000000e+00,0.000000e+00,0.000000e+00,0.000000e+00,0.000000e+00,0.000000e+00,0.000000e+00,0.000000e+00,0.000000e+00,0.000000e+00,0.000000e+00,0.000000e+00,1.774239e-07,9.052905e-03,0.000000e+00,0.000000e+00,3.231120e-14,2.157138e-02,2.266599e-25,0.000000e+00,3.210495e-14,2.157137e-02,2.266599e-25,0.000000e+00
9.920000e-01,1.774240e-07,4.087304e-02,-8.279809e-02,0.000000e+00,-2.484662e-05,2.214000e-01,2.500000e-05,4.308304e-03,4.518325e-02,0.000000e+00,0.000000e+00,0.000000e+00,0.000000e+00,0.000000e+00,0.000000e+00,0.000000e+00,0.000000e+00,0.000000e+00,0.000000e+00,0.000000e+00,0.000000e+00,0.000000e+00,1.774239e-07,7.177265e-03,0.000000e+00,0.000000e+00,3.214412e-14,1.710208e-02,2.266599e-25,0.000000e+00,3.246312e-14,1.710207e-02,2.266599e-25,0.000000e+00
9.930000e-01,1.774240e-07,3.135654e-02,-7.252136e-02,0.000000e+00,-1.667142e-05,2.214000e-01,2.500000e-05,3.305199e-03,3.466366e-02,0.000000e+00,0.000000e+00,0.000000e+00,0.000000e+00,0.000000e+00,0.000000e+00,0.000000e+00,0.000000e+00,0.000000e+00,0.000000e+00,0.000000e+00,0.000000e+00,0.000000e+00,1.774239e-07,5.515951e-03,0.000000e+00,0.000000e+00,3.230298e-14,1.314348e-02,2.266599e-25,0.000000e+00,3.178643e-14,1.314348e-02,2.266599e-25,0.000000e+00
9.940000e-01,1.774240e-07,2.308387e-02,-6.222375e-02,0.000000e+00,-1.049436e-05,2.214000e-01,2.500000e-05,2.433203e-03,2.551900e-02,0.000000e+00,0.000000e+00,0.000000e+00,0.000000e+00,0.000000e+00,0.000000e+00,0.000000e+00,0.000000e+00,0.000000e+00,0.000000e+00,0.000000e+00,0.000000e+00,0.000000e+00,1.774239e-07,4.070306e-03,0.000000e+00,0.000000e+00,3.259369e-14,9.698772e-03,2.266599e-25,0.000000e+00,3.238651e-14,9.698778e-03,2.266599e-25,0.000000e+00
9.950000e-01,1.774240e-07,1.606273e-02,-5.190529e-02,0.000000e+00,-6.094038e-06,2.214000e-01,2.500000e-05,1.693126e-03,1.775780e-02,0.000000e+00,0.000000e+00,0.000000e+00,0.000000e+00,0.000000e+00,0.000000e+00,0.000000e+00,0.000000e+00,0.000000e+00,0.000000e+00,0.000000e+00,0.000000e+00,0.000000e+00,1.774239e-07,2.841666e-03,0.000000e+00,0.000000e+00,3.180886e-14,6.771164e-03,2.266599e-25,0.000000e+00,3.202258e-14,6.771151e-03,2.266599e-25,0.000000e+00
9.960000e-01,1.774240e-07,1.030083e-02,-4.156597e-02,0.000000e+00,-3.135577e-06,2.214000e-01,2.500000e-05,1.085777e-03,1.138855e-02,0.000000e+00,0.000000e+00,0.000000e+00,0.000000e+00,0.000000e+00,0.000000e+00,0.000000e+00,0.000000e+00,0.000000e+00,0.000000e+00,0.000000e+00,0.000000e+00,0.000000e+00,1.774239e-07,1.831358e-03,0.000000e+00,0.000000e+00,3.137590e-14,4.363787e-03,2.266599e-25,0.000000e+00,3.168768e-14,4.363779e-03,2.266599e-25,0.000000e+00
9.970000e-01,1.774240e-07,5.805856e-03,-3.120578e-02,0.000000e+00,-1.328400e-06,2.214000e-01,2.500000e-05,6.119761e-04,6.419782e-03,0.000000e+00,0.000000e+00,0.000000e+00,0.000000e+00,0.000000e+00,0.000000e+00,0.000000e+00,0.000000e+00,0.000000e+00,0.000000e+00,0.000000e+00,0.000000e+00,0.000000e+00,1.774239e-07,1.040720e-03,0.000000e+00,0.000000e+00,3.272054e-14,2.479841e-03,2.266599e-25,0.000000e+00,3.220400e-14,2.479839e-03,2.266599e-25,0.000000e+00
9.980000e-01,1.774240e-07,2.585557e-03,-2.082471e-02,0.000000e+00,-4.012898e-07,2.214000e-01,2.500000e-05,2.725362e-04,2.860050e-03,0.000000e+00,0.000000e+00,0.000000e+00,0.000000e+00,0.000000e+00,0.000000e+00,0.000000e+00,0.000000e+00,0.000000e+00,0.000000e+00,0.000000e+00,0.000000e+00,0.000000e+00,1.774239e-07,4.711001e-04,0.000000e+00,0.000000e+00,3.136836e-14,1.122547e-03,2.266599e-25,0.000000e+00,3.178997e-14,1.122539e-03,2.266599e-25,0.000000e+00
9.990000e-01,1.774240e-07,6.476822e-04,-1.042277e-02,0.000000e+00,-3.874550e-08,2.214000e-01,2.500000e-05,6.826995e-05,7.179160e-04,0.000000e+00,0.000000e+00,0.000000e+00,0.000000e+00,0.000000e+00,0.000000e+00,0.000000e+00,0.000000e+00,0.000000e+00,0.000000e+00,0.000000e+00,0.000000e+00,0.000000e+00,1.774239e-07,1.238383e-04,0.000000e+00,0.000000e+00,3.209214e-14,2.950847e-04,2.266599e-25,0.000000e+00,3.219623e-14,2.950822e-04,2.266599e-25,0.000000e+00
