#format: frame checksums
#version: 2
#hash: MD5
#software: Lavf62.12.101
#tb 0: 1/30
#media_type 0: video
#codec_id 0: rawvideo
#dimensions 0: 1280x720
#sar 0: 1/1
#stream#, dts,        pts, duration,     size, hash
0,          0,          0,        1,  1382400, aad563cd958a8309359d93f9e7a1a0b7
0,          1,          1,        1,  1382400, 21c0ba51aff4d543cb161a557324c3ed
0,          2,          2,        1,  1382400, d3adf95e056eb895aa2f85a85ed20e91
0,          3,          3,        1,  1382400, 7624f2f76e538d8fe4633e134a5ce81f
0,          4,          4,        1,  1382400, 699af26aaa988ad60b220408732d3bc3
0,          5,          5,        1,  1382400, da2f56e854e6b4a0334b957378b65725
0,          6,          6,        1,  1382400, f2b910331775c48428978b6d577f5783
0,          7,          7,        1,  1382400, 516eee8f002dae689e19b5d80bbc7e10
0,          8,          8,        1,  1382400, 82f4f0e3d2d90abac038f572709fecf1
0,          9,          9,        1,  1382400, d2b266b2aa34f7219237d2abdb13fede
0,         10,         10,        1,  1382400, fde417a80b0a4f509e1b83ecc194324c
0,         11,         11,        1,  1382400, 6289881e806c0d2b5b18544f1f3de369
0,         12,         12,        1,  1382400, d761660e38ebc96f2d06ad71e5776e15
0,         13,         13,        1,  1382400, 356d52d54a2f613434e85471b69e2316
0,         14,         14,        1,  1382400, eb42e3165279082aec4b72717dd6157c
0,         15,         15,        1,  1382400, 4071de677d77431467b1e97c4a60648d
0,         16,         16,        1,  1382400, b0ccb06c408654047ac46670ba7092b9
0,         17,         17,        1,  1382400, 693020039b0b3a344385ed7f96af9d3d
0,         18,         18,        1,  1382400, 5ff615a8f2dbc483a5eb88ae14212db8
0,         19,         19,        1,  1382400, 6e8b278dd67f70bd2cd111b6d4ece98a
0,         20,         20,        1,  1382400, bf48885113584912c3b4c22563de61b9
0,         21,         21,        1,  1382400, 4a72d0e9579b53f6f8e23b1abf630675
0,         22,         22,        1,  1382400, 23f3ca1b7ebeb0cc0705f4aff35393cc
0,         23,         23,        1,  1382400, 0f0b9ff3ea77e15549178a99852ad8c5
0,         24,         24,        1,  1382400, c13f3db4511784ff89f4c9645338768f
0,         25,         25,        1,  1382400, 9fb409c7389cdb3cab790b1b4cee6c37
0,         26,         26,        1,  1382400, 965821d95af6faf924e040a9b06d3f89
0,         27,         27,        1,  1382400, 53de9ccde053f63fd35a4ba0024c46de
0,         28,         28,        1,  1382400, 7fa506c8a6fe97e1b5e2059016e98d42
0,         29,         29,        1,  1382400, 54e58fffdf0112204a54b9f5f4e740e0
0,         30,         30,        1,  1382400, f050d2c3fcaf873afc56755847212d70
0,         31,         31,        1,  1382400, eee8c21f83b04f56c039bc26da958dc5
0,         32,         32,        1,  1382400, f137b3c0b2d0ee7dfb3f2924dc8f6549
0,         33,         33,        1,  1382400, 1351bdfc16dc00eda0b90fa04c4f60b1
0,         34,         34,        1,  1382400, 61e597de38dd31089260b3ad9109dc2b
0,         35,         35,        1,  1382400, e0379caeaad4b92c59d761264e0eb30c
0,         36,         36,        1,  1382400, c296c87f9154990e16d90e3fe9d6676e
0,         37,         37,        1,  1382400, 513887738ab922f646f3b26f5fceeda0
0,         38,         38,        1,  1382400, 91535d5cd5811cb484403e80163c41b5
0,         39,         39,        1,  1382400, f146026bb86fc99d2502d24e2a3fc84e
0,         40,         40,        1,  1382400, beb7d74ec3e799f855d96a591efad9f5
0,         41,         41,        1,  1382400, 000a1b314de6fcb7e7330f8920740c58
0,         42,         42,        1,  1382400, 99ed2990752546f2efd06d8a9f871580
0,         43,         43,        1,  1382400, 3c49f429b6bfb109c1c8280e6ee969e9
0,         44,         44,        1,  1382400, c683637efcce57e02eac3c75c32f65be
0,         45,         45,        1,  1382400, b5be37839f4359223d1be522079005cb
0,         46,         46,        1,  1382400, 9338473fa9400d2ef4b086974cc03c0a
0,         47,         47,        1,  1382400, 7db7d25547564d434979a885e124c63b
0,         48,         48,        1,  1382400, 9f1db5334d651ce3bb06bec0912a7d85
0,         49,         49,        1,  1382400, b3c5091c8cd350e318aeb52105712424
0,         50,         50,        1,  1382400, efc737291553359850d7b5f9bb25b506
0,         51,         51,        1,  1382400, 7ab0a16ce3c5a9a67e46a496370f648c
0,         52,         52,        1,  1382400, 90cca5b61ce3ad335ccf2177cdfa8f34
0,         53,         53,        1,  1382400, 7535b82c46e0d71d848eed7f7857d1cb
0,         54,         54,        1,  1382400, aa3f64b1338e3fe2a29a879e08342c2a
0,         55,         55,        1,  1382400, 9c5d19360d18cd5af3793e6d45650201
0,         56,         56,        1,  1382400, 996c1250857ae93623b30f3fe1d8c0e1
0,         57,         57,        1,  1382400, 61d8cb2294525be35952585f5fb4f6a0
0,         58,         58,        1,  1382400, 2c9dfe371877dd344c06ad6f98e84720
0,         59,         59,        1,  1382400, 05fe536fc6a0cbe3238cf66512e585da
0,         60,         60,        1,  1382400, b11afdac79f03a80df84c57d3ac1fd6b
0,         61,         61,        1,  1382400, aa49d27e39debf19fa80c1e76f79363c
0,         62,         62,        1,  1382400, 7ce3e9ade6ba815076a8e9b64d2fe5da
0,         63,         63,        1,  1382400, 6794958164f4c393c77a8d2c87aaa609
0,         64,         64,        1,  1382400, 388392da608fe2149c029bc936c6733a
0,         65,         65,        1,  1382400, e5b5c814f483081c5edd59f5c0f773b7
0,         66,         66,        1,  1382400, 1aab04489b1419a3c4a8aef9ad013d42
0,         67,         67,        1,  1382400, 74cc8cd06542e2261ba970003e4e3f8f
0,         68,         68,        1,  1382400, 5658d1126329c8456557699dca812758
0,         69,         69,        1,  1382400, 53d8194c8602ff1891fccd0b382cc241
0,         70,         70,        1,  1382400, 7401cbfc07e1adda5d6a002bc41fe23e
0,         71,         71,        1,  1382400, fddf5d63bc4d5e32c260dba27c3a85d9
0,         72,         72,        1,  1382400, 232c80d0c4bceff704835b005ac497d3
0,         73,         73,        1,  1382400, cc237bf57b3c539e54a3712340140e8e
0,         74,         74,        1,  1382400, 6c1fa28a8edfc153f631e6c2c13c0895
0,         75,         75,        1,  1382400, 0026608d6af12adea4166d031784e78b
0,         76,         76,        1,  1382400, b8af353b94c0644d98e92703c2d92f98
0,         77,         77,        1,  1382400, 956840a3d4f3c35d68f8336a481c54d1
0,         78,         78,        1,  1382400, 2f0866714b7ec251dbd3945eee42e0d3
0,         79,         79,        1,  1382400, 902007af13feb0fe4b7c7e430fd43e95
0,         80,         80,        1,  1382400, b371d1e41364f8e84012ce0a662cadf8
0,         81,         81,        1,  1382400, 02bacffa0a506df44e139ee4986b92f6
0,         82,         82,        1,  1382400, c996ab5c9f3960ac5c4712e96bcf995d
0,         83,         83,        1,  1382400, 56b9f3696b03452ef0fb02f24e68d862
0,         84,         84,        1,  1382400, 397aa944f02fd94acb5145ca270eba84
0,         85,         85,        1,  1382400, 50fe216265e3254ba23d20d1021ea23e
0,         86,         86,        1,  1382400, cc784fa6c437e322470e23935d9c06b8
0,         87,         87,        1,  1382400, 9b6c52e73187d710d0dd19ba8f0a6ae6
0,         88,         88,        1,  1382400, f679c5848bc21670ea791acd4ded2e70
0,         89,         89,        1,  1382400, 714c0160f29b333e472cfd60a547c8c0
0,         90,         90,        1,  1382400, c0b614375021111f04327356d025aa0d
0,         91,         91,        1,  1382400, 26380cdb483814ea60dd293d410636c1
0,         92,         92,        1,  1382400, e2ae2618f449ed498515c6e5198a4de5
0,         93,         93,        1,  1382400, 45fd9e1b3b41740b20ca639a9189eb6c
0,         94,         94,        1,  1382400, 2decd5629b9e8075ca1037e27c3e5c23
0,         95,         95,        1,  1382400, 894f1a4ed72383567f73b68dc86a710a
0,         96,         96,        1,  1382400, a305f37d1be00da10fb91ca84b604bb0
0,         97,         97,        1,  1382400, 409040de442d6230773fbbdfbe19e1f3
0,         98,         98,        1,  1382400, 0dc63bf06ae6ea57ab661c2c87ffd580
0,         99,         99,        1,  1382400, f14ea37e69a541d8f6de7d08701bbeae
0,        100,        100,        1,  1382400, 6d04e5d9b98e454189b24ec28bd0ea23
0,        101,        101,        1,  1382400, dd4c1fec26b73a5496a4cf09c4681977
0,        102,        102,        1,  1382400, 4a5ad2b5c192863488112eefc3f8f1f5
0,        103,        103,        1,  1382400, e7ba05599c4fa369141d1002951b9de4
0,        104,        104,        1,  1382400, 288b519e9d66bbd3a67f11d3a15d6177
0,        105,        105,        1,  1382400, 5760c053db2b027a4f4b1a3e977f9056
0,        106,        106,        1,  1382400, 8e9e168ea2c7a97257ebc9894e039f47
0,        107,        107,        1,  1382400, aae08d75da81773bd0afd7086583871f
0,        108,        108,        1,  1382400, 8c67b23d67345b81ba637eef4d27516c
0,        109,        109,        1,  1382400, bf63a6ef0e8db813a6ba4d4caacb9dfd
0,        110,        110,        1,  1382400, 4478d7c891a356bbec60453debf15977
0,        111,        111,        1,  1382400, 577ecbfe9b292e38a2278c6936c09977
0,        112,        112,        1,  1382400, 07c4b630d197db8666be3562b8e4e789
0,        113,        113,        1,  1382400, 4f7441b68dbf9b0da3f88bd88d66bf8e
0,        114,        114,        1,  1382400, bbeb0b4f3d05afa495bcde05c2e876e1
0,        115,        115,        1,  1382400, cee5615bef2a60dd8a76060dcc820c27
0,        116,        116,        1,  1382400, ba230a82370bf13afe8be5e8c3d34515
0,        117,        117,        1,  1382400, 36b85ba9afdfebe1f80e6ac18a0ae9df
0,        118,        118,        1,  1382400, c8702da8fbb7b51ef90624a028674fa6
0,        119,        119,        1,  1382400, 0e2a0832c26d85114207db6ae61e7bc2
0,        120,        120,        1,  1382400, 32e22a427c83093c8de3f2b1185d1acb
0,        121,        121,        1,  1382400, d8a724e74c2a5869b289bc3f0bb90c49
0,        122,        122,        1,  1382400, 6c86a71ef84386f001c813ca3eceb0aa
0,        123,        123,        1,  1382400, 6bb7f98efe1f789fbe46e511a778a3ab
0,        124,        124,        1,  1382400, ecd5632d3c8cfb135ba61b4c1545e5b6
0,        125,        125,        1,  1382400, bca6e43a0bba4dda2406f8c281d1b8c8
0,        126,        126,        1,  1382400, d166dc040ceb47dfb29344f5e2757b21
0,        127,        127,        1,  1382400, 3942c41010e851cb7abc6d42ac7f9888
0,        128,        128,        1,  1382400, ad4aeafd652ebde132aeae6d468951b5
0,        129,        129,        1,  1382400, a9ab8931217a0a72720fc42bd9988c84
0,        130,        130,        1,  1382400, 69fe1f84c62eb525bfd03cf2fd9f419d
0,        131,        131,        1,  1382400, 37d13430c267baa8d895b6eb5cb774c1
0,        132,        132,        1,  1382400, 27772cec3cb986e00077e8b9fc4155e0
0,        133,        133,        1,  1382400, ef3b8f780dc95344bf0295f432a32dfd
0,        134,        134,        1,  1382400, 0a645112b25c1989bee5c2f6247c9448
0,        135,        135,        1,  1382400, 4e5ab7c94e1e175284554030702785e9
0,        136,        136,        1,  1382400, 02efe99030ec32ec07d51e1a84a64a09
0,        137,        137,        1,  1382400, 91a0f04fda9b44b0d75fe4c1b700d83c
0,        138,        138,        1,  1382400, 86660d2a189227b30c40466cbe8573cb
0,        139,        139,        1,  1382400, 578841da4aea24d970b8e760b190e9ef
0,        140,        140,        1,  1382400, 830a0a221e4740c6d041804774886dc4
0,        141,        141,        1,  1382400, 1dcc33d633d2beaa601d07c336554c77
0,        142,        142,        1,  1382400, 7ab62195cba756782c40dd07ff901721
0,        143,        143,        1,  1382400, a8920eb00796c0df01978944aa0266d5
0,        144,        144,        1,  1382400, 5251c4407b06259b0d2f6dcd0d91e4b7
0,        145,        145,        1,  1382400, 1abfe612bd8d982ad90deb94e30375a7
0,        146,        146,        1,  1382400, 24e000e4cc119c467784886b3e12a365
0,        147,        147,        1,  1382400, d0697e830d8f55a6dd9c0c4ccdcdd1c0
0,        148,        148,        1,  1382400, 69853c85d868c39d611272213cc2347d
0,        149,        149,        1,  1382400, 678c13b529270c33e11c34a5ed383021
0,        150,        150,        1,  1382400, 14ace7a053b9068e0039b62461e627d7
0,        151,        151,        1,  1382400, 083688b2a92f382b88bde66ef4b457c2
0,        152,        152,        1,  1382400, a7f03e4dcced4eafe13b6a8a7165161f
0,        153,        153,        1,  1382400, b0e760e0f0eda36a434630dccc0e3715
0,        154,        154,        1,  1382400, 99c15a37cad5b95fa98850d4ca3f2057
0,        155,        155,        1,  1382400, e876895bc9ca63ce58b0beb7dc488bf4
0,        156,        156,        1,  1382400, 046e132d3f4af08c019dc231cba669cb
0,        157,        157,        1,  1382400, 4d9fdcfcd2fbbe841200330cceae05df
0,        158,        158,        1,  1382400, e53e10e541f5ea1e016174d458a79b0d
0,        159,        159,        1,  1382400, ae59e0c5ab7b19b29add0a85281db11e
0,        160,        160,        1,  1382400, f43364b7e1de99489d34c073dcb37d57
0,        161,        161,        1,  1382400, 3ca3a74ff9e30c8bfc4953039cf6b77e
0,        162,        162,        1,  1382400, 20be61f615ba2855f9eded6d178e5f56
0,        163,        163,        1,  1382400, b9caaea045a92fe44dffafab0b7159e2
0,        164,        164,        1,  1382400, c2b75335677deab4fb4cde0cb32c3f64
0,        165,        165,        1,  1382400, 5916272890c207b3895f865ed7aec298
0,        166,        166,        1,  1382400, c80edc7260dca8848b88c245126fad40
0,        167,        167,        1,  1382400, c41753d14d442292f9fc3d00ae7113b8
0,        168,        168,        1,  1382400, 7661deda8b1148b800c52969618043b3
0,        169,        169,        1,  1382400, eee979586c2861244d9465bf5de432dc
0,        170,        170,        1,  1382400, 1858abadf41d31a7fc77df934122c2ca
0,        171,        171,        1,  1382400, b3b15973cf82a9326824fa9513e53e3c
0,        172,        172,        1,  1382400, 5cef637f8330fa5139c5bf62e86273f3
0,        173,        173,        1,  1382400, 53aa584d7d0f4182925ec9d1c1be35be
0,        174,        174,        1,  1382400, d6082a001dc6cc5ca194c779212182d9
0,        175,        175,        1,  1382400, 033c09cec91d67e5e2fde821bb3b3964
0,        176,        176,        1,  1382400, 838f3a5e024edce86e37c0247b592b71
0,        177,        177,        1,  1382400, 677635183aa0bf2b058eb8ca80a99e69
0,        178,        178,        1,  1382400, 2433192acf7d11044d19b1bef5451972
0,        179,        179,        1,  1382400, 44dd4d0b607b9bb5e9257527acd144cc
0,        180,        180,        1,  1382400, 637239e913eef8a2eadcd3451bd50cee
0,        181,        181,        1,  1382400, 4953e99c23af015fa2a9b40fd284fc72
0,        182,        182,        1,  1382400, 4953e99c23af015fa2a9b40fd284fc72
0,        183,        183,        1,  1382400, 4953e99c23af015fa2a9b40fd284fc72
0,        184,        184,        1,  1382400, c522ab2e8b475d0744acaef024f44d8e
0,        185,        185,        1,  1382400, 2dec7af18456376f2e0cc35b6f9ea986
0,        186,        186,        1,  1382400, 50e83fb542ce7099535773da3dd7b39c
0,        187,        187,        1,  1382400, 1897ee04921a9745388af0528c63fb84
0,        188,        188,        1,  1382400, 78888ac25fc599ff9784245dbe17bc9a
0,        189,        189,        1,  1382400, 1be1ddc0a48575f2ddab848dbc13b493
0,        190,        190,        1,  1382400, 02031d1ef3f86634e6648868702c9e32
0,        191,        191,        1,  1382400, e921aba6675a19e10cfaaf58262236d8
0,        192,        192,        1,  1382400, 344b03ebeca21e31a41945bae251a673
0,        193,        193,        1,  1382400, 8348295aa82ac3d8cbe59c441835efe5
0,        194,        194,        1,  1382400, a25b6aa965f8a1fb1c2874873240f099
0,        195,        195,        1,  1382400, 51eb84a10bee84d32475c78888ad2e6e
0,        196,        196,        1,  1382400, 483200e6b0ba771f032d6722e5ba8de2
0,        197,        197,        1,  1382400, f315d9211d4d0d792b2f437eb6ad764d
0,        198,        198,        1,  1382400, 33a48388c2816b44a250f13f05f8e60a
0,        199,        199,        1,  1382400, b9e1d7915c57a09af99bef5524d429a3
0,        200,        200,        1,  1382400, 6ce9da7aa77072b373ad5d6afa307239
0,        201,        201,        1,  1382400, c9effa3c3d7e733c78c0ab1ee0cb7786
0,        202,        202,        1,  1382400, e815edf69a632189431a3142ac23df02
0,        203,        203,        1,  1382400, 5a68912959662b366d40a7502f1840b6
0,        204,        204,        1,  1382400, 71cca2bf14726f7805961d1b3f33f64d
0,        205,        205,        1,  1382400, c9b49a328125a48d9528bd7e21607243
0,        206,        206,        1,  1382400, 68b2435488528756534e9d557f3cf162
0,        207,        207,        1,  1382400, 5cf7846f220b9b3c58b4ec7c98659e58
0,        208,        208,        1,  1382400, feb9d5db1282bcbd769c9a7bf3543d98
0,        209,        209,        1,  1382400, b942473e151f70cd42011b006d0e0fda
0,        210,        210,        1,  1382400, bf31b77c4befbca457d9c5b946869ccc
0,        211,        211,        1,  1382400, 9dbf7814d91768baa9629a5fbe536e79
0,        212,        212,        1,  1382400, 65a6c3faecd0f8f6a1578fc000cde70a
0,        213,        213,        1,  1382400, ad71e43f9686291866c8b5dc59dc2b49
0,        214,        214,        1,  1382400, 88b5483b411bee56886acb9f0ea58c0a
0,        215,        215,        1,  1382400, 8bb15cd29abc64338e6719df0b516ac3
0,        216,        216,        1,  1382400, 0f3c0661caaf548e501af656a02cda9c
0,        217,        217,        1,  1382400, 9ef062fd90a1ec1a7ff53abb58389caa
0,        218,        218,        1,  1382400, 7571eeab2223f922875d794bf05b762b
0,        219,        219,        1,  1382400, 5f53fc14102f1155c075767e46022965
0,        220,        220,        1,  1382400, 60623b7fcff1217553af588a1bc01af7
0,        221,        221,        1,  1382400, 9c05623ea2e58b21c465058a8da7d80d
0,        222,        222,        1,  1382400, 64efc48b6e270e0adef333a01a91e621
0,        223,        223,        1,  1382400, a606b49761d159de89bbebe648479d79
0,        224,        224,        1,  1382400, 6b391bc6a641507efac2c1133e4d043f
0,        225,        225,        1,  1382400, caaf7ca0122fea0370c988a282e7c8af
0,        226,        226,        1,  1382400, 6252b9471820a5cad15b2271cf4d12d2
0,        227,        227,        1,  1382400, 4a7f1a79de3a410e038ddc8061f1e518
0,        228,        228,        1,  1382400, 90d14de0fcafc004f604266f2e809271
0,        229,        229,        1,  1382400, e0779149f2bf639c2e3f327d6250c582
0,        230,        230,        1,  1382400, c37963e5ac1df0297a59f5ee09e6f604
0,        231,        231,        1,  1382400, f3f129243a142597f09451a2871c3d10
0,        232,        232,        1,  1382400, 71ef1fb7bd37f531de5de43e34f5ecdd
0,        233,        233,        1,  1382400, db73f7081bc9ffd077cda6f849c7fec6
0,        234,        234,        1,  1382400, 64f3ce5d491047443cde59fb91ee8fac
0,        235,        235,        1,  1382400, 1e2f917f7a747dcd1b63a1993559d4d4
0,        236,        236,        1,  1382400, 23e938d9d1f18eeea33c0f6cdd5bf871
0,        237,        237,        1,  1382400, 865b39f68192bd74a0d2f6fc470de679
0,        238,        238,        1,  1382400, b604ffdd8835832cb1076dd7b8077e52
0,        239,        239,        1,  1382400, 3a8dc6b0d324a81c7353e1d91c610693
0,        240,        240,        1,  1382400, 3b849ee0580389adad4798b6b32674a4
0,        241,        241,        1,  1382400, 2bcb887dd13b23234861814558594bdf
0,        242,        242,        1,  1382400, b55b102695f01e521ff4f720ee2a6f22
0,        243,        243,        1,  1382400, 7fe3e940ee4b3e4f512d71be01293635
0,        244,        244,        1,  1382400, 7a5b18021f4eb19418747a295b3da759
0,        245,        245,        1,  1382400, 3cc351f61bcb3baf6d6a3acc9bfc280a
0,        246,        246,        1,  1382400, d19e74e641b073e6786e1b8f89e5434e
0,        247,        247,        1,  1382400, 06ef4208854f010ea86ef4d2f79a4c5d
0,        248,        248,        1,  1382400, f1612acb75443debe0f8ad76eea35066
0,        249,        249,        1,  1382400, c91625322dbf8c63a6592a6fec25b2a9
0,        250,        250,        1,  1382400, 7db667f9eac19dca15e80317b03251c6
0,        251,        251,        1,  1382400, 22e92bc1d595c36a1e8fe761650a084e
0,        252,        252,        1,  1382400, c1c33e1d773f4be69c9c941978f8a572
0,        253,        253,        1,  1382400, 8bafa2ac1f532d763fd5b48da342bc9f
0,        254,        254,        1,  1382400, 1086edc5c941467e68437056605073f8
0,        255,        255,        1,  1382400, e0e5b9a41c6366e54cdc56ed24b0a5ac
0,        256,        256,        1,  1382400, adf52cc7f17e3b62d84b769322fa576d
0,        257,        257,        1,  1382400, 98f553a3f05403e6f7d6fbd5b9d00763
0,        258,        258,        1,  1382400, d45b96f11cc38933beae3b48f895bdb4
0,        259,        259,        1,  1382400, c60729d5226b3c55b0d19cf10e85cbc1
0,        260,        260,        1,  1382400, 3cb88bba954e9c564fb7b6120d92321a
0,        261,        261,        1,  1382400, e3684299ea06340718a489c681e4afc2
0,        262,        262,        1,  1382400, fa6d7c7010dc96daa51e35f03862dfaf
0,        263,        263,        1,  1382400, 69ab4358f69e1e5e020fd6e71d7375a4
0,        264,        264,        1,  1382400, 069348bf90ed1142755e0d5cea68f342
0,        265,        265,        1,  1382400, 228862084191258d5abf15a43920ca67
0,        266,        266,        1,  1382400, 8573a75836219d0acc80b48d5801b3c1
0,        267,        267,        1,  1382400, d5e60bc50ef45b830f4063a077c6404d
0,        268,        268,        1,  1382400, 4f619d1e3be997b6a33c9cc14da6e69e
0,        269,        269,        1,  1382400, b51fbd3e335e905e66984bc21ae2c07e
0,        270,        270,        1,  1382400, dc68534179938d546b071f804bbf4679
0,        271,        271,        1,  1382400, 11b518a11a0101807040d6c1b44ed070
0,        272,        272,        1,  1382400, 96ef4d6c2c905af091de509d85a1cf59
0,        273,        273,        1,  1382400, ec5ce9c9a7cce3af428eb7653dca5718
0,        274,        274,        1,  1382400, a5126d3cb48f4af2b6570da1b10406b0
0,        275,        275,        1,  1382400, 36794b03454a0582ee83d4ff41e199e9
0,        276,        276,        1,  1382400, 0841c999e126c4b7d8e5a5df47e8d5aa
0,        277,        277,        1,  1382400, 382cfb4edf63099dc4b5f42bdf5e7ae6
0,        278,        278,        1,  1382400, c6ef8064a1d160e99c9d99bfe628388e
0,        279,        279,        1,  1382400, b08faef5cd1cef7a92ab52195511e160
0,        280,        280,        1,  1382400, 9e3104b20ac7da93c3e73704ad18e680
0,        281,        281,        1,  1382400, a1e7dbdfde7385f117ebff42496a7f28
0,        282,        282,        1,  1382400, 0d0dd62c28ea92deca67b78c3a7dbc40
0,        283,        283,        1,  1382400, a99c56a96fd3d68c894c2b15fc4086dc
0,        284,        284,        1,  1382400, 19cbe3707001d6e87f28a255f79bae80
0,        285,        285,        1,  1382400, 9dcdd53da271f162eecda196ec36f64d
0,        286,        286,        1,  1382400, b0b2ee544ee59b1359e41dcaea028c3b
0,        287,        287,        1,  1382400, 46481a3145cd3bcf7c834c968977de9a
0,        288,        288,        1,  1382400, 63c1e4521dc30ac482b21bd7c0f813ce
0,        289,        289,        1,  1382400, 682726a9c679e61c6d85b05e244d47f3
0,        290,        290,        1,  1382400, 5144b033e1055a281fd5fc010d797e56
0,        291,        291,        1,  1382400, 2de054b5716ce49157724c2f982112c5
0,        292,        292,        1,  1382400, 71184bb6b278a518f8cb9b230297692c
0,        293,        293,        1,  1382400, b5de684fc381989344507c3dd62c5f7c
0,        294,        294,        1,  1382400, 00014aabbebf143ca8d152a70b9b0295
0,        295,        295,        1,  1382400, 5ef1bf79f24514d4f5232e080c95533b
0,        296,        296,        1,  1382400, c5479f9b1f41447f7f0791c565b67df0
0,        297,        297,        1,  1382400, be1ffe8b983425029860d4c850c4c87a
0,        298,        298,        1,  1382400, b0eedc36b383ee873cdbacb3e75d2d6b
0,        299,        299,        1,  1382400, c0abee88d5b0e4e6ebf6c9f48d3cf310
0,        300,        300,        1,  1382400, f69f41bbdc1eafc75d47e44258cd2fb5
0,        301,        301,        1,  1382400, 572e9094f957626bbfbf2c100d074c33
0,        302,        302,        1,  1382400, 1dca73b5cf327107bc3cc204471e6317
0,        303,        303,        1,  1382400, 5fb14362a217d3397f111788dacc9ec7
0,        304,        304,        1,  1382400, 6afe3b73e346f502fff4ec03426f7e32
0,        305,        305,        1,  1382400, 0e0fd5eac5854475ce903f35b8652f15
0,        306,        306,        1,  1382400, 8f3682b1fcefab34eeb35b57e0c416af
0,        307,        307,        1,  1382400, a52f45e7c2f8d6317a06a86955bcf3fa
0,        308,        308,        1,  1382400, 280298556177c2d9d6b299be07832919
0,        309,        309,        1,  1382400, 32d7efe19612e3502a710fe5313ca7f5
0,        310,        310,        1,  1382400, b9fb9e36d29b858365e3cfec2106e759
0,        311,        311,        1,  1382400, 01879ab73582c31a1c74761b12ef7862
0,        312,        312,        1,  1382400, 5d90cde134150748c154e4fc9ba07b21
0,        313,        313,        1,  1382400, 63c47fda2cb87c329b657700c4491952
0,        314,        314,        1,  1382400, 6e5b1462d511d627456b7a6c36045a1c
0,        315,        315,        1,  1382400, 334a4677ef484d5974dc1c02318b9022
0,        316,        316,        1,  1382400, 82b685283ebecb896c99d194ba6e4636
0,        317,        317,        1,  1382400, 4d23d41b1204ea4664b2b5877839c2fc
0,        318,        318,        1,  1382400, 5e8d07d0b8c371a4b2844ac71b20fc16
0,        319,        319,        1,  1382400, f5c0544bb5a8670a103187597a17728a
0,        320,        320,        1,  1382400, 4668fd0355f59f5e6f3663d382986dcb
0,        321,        321,        1,  1382400, 1f1709add969341dc447b21657381dfb
0,        322,        322,        1,  1382400, 49817a53982449a24d2b403943da0639
0,        323,        323,        1,  1382400, c20b0cb8db86313ee4f0976b019c3fb1
0,        324,        324,        1,  1382400, 1c91a33a59abc27188530e2349598e35
0,        325,        325,        1,  1382400, 8094a8ec68621a04e2631332daa73a6f
0,        326,        326,        1,  1382400, 401ecde70e1ce61fbe28bafc74cd6bf7
0,        327,        327,        1,  1382400, 7ec13c106a047b4795fd0f6a736a8fed
0,        328,        328,        1,  1382400, 323e9edb93d2f4553c117f81564a4528
0,        329,        329,        1,  1382400, 018cb26905e99a0fbf8db48c9bf2128f
0,        330,        330,        1,  1382400, 12948eaa0081573957f9e801a077eb04
0,        331,        331,        1,  1382400, 673f7cfa6866b26fdabae1e1b069a966
0,        332,        332,        1,  1382400, d46296dfa354a1d4e5c56bfa113c658c
0,        333,        333,        1,  1382400, 499d08f5cbdaed3484800b1769519541
0,        334,        334,        1,  1382400, 7de78d1b8c004c0a20c1c79c08d27dd6
0,        335,        335,        1,  1382400, 9a3793a9bc0000b3062494c406e99ba3
0,        336,        336,        1,  1382400, b143349c921b89de3dcb2c142bca42d8
0,        337,        337,        1,  1382400, c07c20c8d0d13c6e9dee6a2776acc32d
0,        338,        338,        1,  1382400, cfada03650f34481f22ece391b4c363e
0,        339,        339,        1,  1382400, 2b833c49013e3df5d39c1b0a3bed68a0
0,        340,        340,        1,  1382400, 02f1c8394e29724f2d6ae1892787154b
0,        341,        341,        1,  1382400, af9bb400ca8a57d4c251045c49bfd70a
0,        342,        342,        1,  1382400, e6ed1d3758c1377968b3eaf73dd03f78
0,        343,        343,        1,  1382400, 2cc6cb90359bc61a4c464a0887a7e856
0,        344,        344,        1,  1382400, 92ebcc657d7d19a00345032e3ca5e9e9
0,        345,        345,        1,  1382400, 0f55c6e6baaabacd9f1b971152986c09
0,        346,        346,        1,  1382400, d5a8859a8e2db7f7e326e0e864b4c268
0,        347,        347,        1,  1382400, b6cbdc0192d80c8ebcab33e64d9522fb
0,        348,        348,        1,  1382400, 0793d4703489c83c6f175742f06e2b36
0,        349,        349,        1,  1382400, c5b4af02965865dac83ccde144f52346
0,        350,        350,        1,  1382400, a65a88317206628d1fa26eaeb5aa7667
0,        351,        351,        1,  1382400, 855bb91c5a2f5e052c62b32026b7cd8f
0,        352,        352,        1,  1382400, 1b1b95147b16fb72e15a594f6ecf3d2e
0,        353,        353,        1,  1382400, 403bb4d6b3305d322bcd49b05c5b3ac8
0,        354,        354,        1,  1382400, a31d52ae546567b576b9fcef8bdc8f0d
0,        355,        355,        1,  1382400, 94a9f2135918b8833e48a64a15a01d13
0,        356,        356,        1,  1382400, eabbed34c6a734d7a9fe4abffb39ce9e
0,        357,        357,        1,  1382400, afca50ebc3a7c01c02e41f90976e54f1
0,        358,        358,        1,  1382400, 4a8b189fdddc3cfba42aa0a512f41308
0,        359,        359,        1,  1382400, 8a4dd299d8ddf73dafc96b059de13de4
0,        360,        360,        1,  1382400, 4566ac5dcc7063ae2ab502af12182be0
0,        361,        361,        1,  1382400, 4566ac5dcc7063ae2ab502af12182be0
0,        362,        362,        1,  1382400, 4566ac5dcc7063ae2ab502af12182be0
0,        363,        363,        1,  1382400, 4566ac5dcc7063ae2ab502af12182be0
0,        364,        364,        1,  1382400, 4566ac5dcc7063ae2ab502af12182be0
0,        365,        365,        1,  1382400, 59b111e7709bccce0eebdcbf52344bdc
0,        366,        366,        1,  1382400, 8a227997c1c5d81b29ebb5906a47c5ca
0,        367,        367,        1,  1382400, a982ffebe28a17895c288906fe8c5b5f
0,        368,        368,        1,  1382400, 5f45a693bca4277f2c7d55a70725fb63
0,        369,        369,        1,  1382400, 77ac612051c2a8d3a047badd29716a65
0,        370,        370,        1,  1382400, 187e2961614a25f45c8d73e92239981c
0,        371,        371,        1,  1382400, 98ed20b80985df5388884aad26a7d49d
0,        372,        372,        1,  1382400, 34ea8a7fae1bebc50bfba81c473d803b
0,        373,        373,        1,  1382400, dfa072c0c3b8de49b816b94955828007
0,        374,        374,        1,  1382400, 673f3ebd6a5da805acef56dbf6d48b5a
0,        375,        375,        1,  1382400, a7a79cd35a73448a6679d6380444f777
0,        376,        376,        1,  1382400, 271a444c4b1e039e15123285242d4e54
0,        377,        377,        1,  1382400, 012e9b542eb66d8e17193e735a513b3a
0,        378,        378,        1,  1382400, 306e0dc4a235b03890da40f4e0cd5e55
0,        379,        379,        1,  1382400, 4754cc326ed034af0fdc48d1e9d65955
0,        380,        380,        1,  1382400, 102111612911175daaca1dcec5e3e5d5
0,        381,        381,        1,  1382400, 9fc98a951c33cd11aad2ec8e25d8729c
0,        382,        382,        1,  1382400, d645afa82dfc40c80bcee2d8c6441859
0,        383,        383,        1,  1382400, ade8729fd5bb6ea4b241839980086552
0,        384,        384,        1,  1382400, 552196552d3d492dd2709374107a37d8
0,        385,        385,        1,  1382400, ae81005b43b99adc9f9ce2f2d6b363a7
0,        386,        386,        1,  1382400, 146c1db11f0129aad86147bd984a5a6d
0,        387,        387,        1,  1382400, a11e7523002678c77f344e4f0068e031
0,        388,        388,        1,  1382400, b540ca753f02ca0097d9aba51218d19b
0,        389,        389,        1,  1382400, 5c3818dea7f2aa27a33e150111955b35
0,        390,        390,        1,  1382400, 8f3c5344e071624c6535db652dd5e1c3
0,        391,        391,        1,  1382400, 2118d25c64aa2cf76922a58521cd0ea2
0,        392,        392,        1,  1382400, e18d02bdf55f9985e48b03f36ca04849
0,        393,        393,        1,  1382400, 0dfaa61266f8ac8b876a694a7fdf5ef8
0,        394,        394,        1,  1382400, 33eb2cd5fb4fd479f543d223c95ce31e
0,        395,        395,        1,  1382400, 8a4b5f79e0da525035cf70d8dc3309e5
0,        396,        396,        1,  1382400, 2d711c57599d1da8dbea1679efb0ec04
0,        397,        397,        1,  1382400, 192649aeef4a9550b03738ca35e95c06
0,        398,        398,        1,  1382400, de54adec4489e259634338e9316a0c26
0,        399,        399,        1,  1382400, fce133e21abff670f0834a461bb0a22d
0,        400,        400,        1,  1382400, 2ac62fd357e87851fed8e598e715f5fc
0,        401,        401,        1,  1382400, 20a8452f6063d699b6e1ad2cc1fd3178
0,        402,        402,        1,  1382400, 1fe81fe141a391643ab78485be6dab02
0,        403,        403,        1,  1382400, db5d96f32ed72013d57a53771b4c4589
0,        404,        404,        1,  1382400, 17b2a2fc40a1a843a68f2afdfc053c3b
0,        405,        405,        1,  1382400, 947ce008a56aa926383bf7d15084b2ae
0,        406,        406,        1,  1382400, 8c23234fb154b371c1e44665f2005d23
0,        407,        407,        1,  1382400, a3f017aa2aa62a2aabdd622b3009ce51
0,        408,        408,        1,  1382400, e13fe69360df32dd31662f300f7c4d78
0,        409,        409,        1,  1382400, b28499ec88628b9d8098c613e76de646
0,        410,        410,        1,  1382400, 9ab7483aaf71ff1fbc696a8cbf4220eb
0,        411,        411,        1,  1382400, 99a08064da4dbd5eba2371866f1c861d
0,        412,        412,        1,  1382400, cf737f3d8e1d75ac9f0f1ac1c811568e
0,        413,        413,        1,  1382400, 307c3f584de20188e8bc6591dcc7bc9c
0,        414,        414,        1,  1382400, e1853db04415121c8c2688f491b05626
0,        415,        415,        1,  1382400, d3499a235d38ceb11bd99b00e5c2583d
0,        416,        416,        1,  1382400, 73d6d2cc9847b15548ee2ea5e135da8f
0,        417,        417,        1,  1382400, f88c414ca7401b9dda6265be0f05b4eb
0,        418,        418,        1,  1382400, 7c938652021e72e86bcfda2ba78f6061
0,        419,        419,        1,  1382400, a98fe19a928086068896e28713e878cf
0,        420,        420,        1,  1382400, d58328298c95e36df6c356a5399f716d
0,        421,        421,        1,  1382400, 2cc5abc206023ce950eb43fad6cc47f6
0,        422,        422,        1,  1382400, 65c03f04723a5f1a6d80c7b1933ee381
0,        423,        423,        1,  1382400, aee385a669948c388ffb071035fe24a5
0,        424,        424,        1,  1382400, 7248e82dab328a33ed3dc35092e0cdef
0,        425,        425,        1,  1382400, 3335e281b15ad6dc5bf2b9e9d5f82067
0,        426,        426,        1,  1382400, 2e2091e0b704f99130951e990d2bc89f
0,        427,        427,        1,  1382400, 9c0e0005f14ef7360b3be77c9c05ec26
0,        428,        428,        1,  1382400, 70d21fdce9326aeb9dd78162b14aa41b
0,        429,        429,        1,  1382400, 52cf7d738a2978977fdd7baa4f9cbf55
0,        430,        430,        1,  1382400, 73c88973424ccedddd1b4bd0bc9f572f
0,        431,        431,        1,  1382400, 88ca583cd833c0eefebe638fa393b9cb
0,        432,        432,        1,  1382400, ce902b8e61f137314859f40e9e7aae80
0,        433,        433,        1,  1382400, e0b9cdf6cadf107195b5f5e745a7d072
0,        434,        434,        1,  1382400, 3a6628f578b27ddcb2466486f6ae5a69
0,        435,        435,        1,  1382400, 730a3012fa65b338de8e1f3352887e5a
0,        436,        436,        1,  1382400, 23ba66199e5446ec3d0512e40a6a1694
0,        437,        437,        1,  1382400, 898e49456ab003b3f6f4262921071849
0,        438,        438,        1,  1382400, 83b11fd486e845329eb678ed725c7a13
0,        439,        439,        1,  1382400, 70ddb8a814525dc87a49b5e83ee485e3
0,        440,        440,        1,  1382400, 6ed2de0689726b5869f3a3cc327ccb75
0,        441,        441,        1,  1382400, 858f86620779c1486a431efe28e9819c
0,        442,        442,        1,  1382400, 4c4bea0b6487320f4619b83c034e8f62
0,        443,        443,        1,  1382400, c1d6721bf2030208149afed493d8ce29
0,        444,        444,        1,  1382400, 1361a0f7dbb6ec204427dbcba3c85645
0,        445,        445,        1,  1382400, 1412069598b55bfb7fea34bdeb5abc2c
0,        446,        446,        1,  1382400, bcf33b7b6a1093791d1103dd5b6d6947
0,        447,        447,        1,  1382400, bb973bf89c00da43262ac6d8328dfda1
0,        448,        448,        1,  1382400, f9cc0f56e89850cbadb0ff7ded782e0f
0,        449,        449,        1,  1382400, e847b765d32c10202d1a233907049333
0,        450,        450,        1,  1382400, 850454db125bfef3a3ffd43c453d5cd8
0,        451,        451,        1,  1382400, 850454db125bfef3a3ffd43c453d5cd8
0,        452,        452,        1,  1382400, 850454db125bfef3a3ffd43c453d5cd8
0,        453,        453,        1,  1382400, 850454db125bfef3a3ffd43c453d5cd8
0,        454,        454,        1,  1382400, 850454db125bfef3a3ffd43c453d5cd8
0,        455,        455,        1,  1382400, da1682c32c5b2df865f7aa6f6e63d996
0,        456,        456,        1,  1382400, 787df91bd7b717753160b983ea594ce3
0,        457,        457,        1,  1382400, 452668bbc2c0a0e86f530fa3ee412f68
0,        458,        458,        1,  1382400, 8e5811477a475e1bcd028bdff2009cca
0,        459,        459,        1,  1382400, d39873268ccb5f606f7adc8743d8f94c
0,        460,        460,        1,  1382400, 4b6d54621bb5cb1c9d844e7d49bf8339
0,        461,        461,        1,  1382400, 43a4820fa1a5f525d2e0d4e4a1f23686
0,        462,        462,        1,  1382400, 512485a944263d8059e8ee96903cbf01
0,        463,        463,        1,  1382400, 5cf7c49698a1c9d920a3d1d313eab2cb
0,        464,        464,        1,  1382400, a23a2c2ec9fbea2dc6971ef3f737afac
0,        465,        465,        1,  1382400, c7adc0c9caad6793ca79b8d63d58699e
0,        466,        466,        1,  1382400, 33131de26a060c528ecfc16eec28dfee
0,        467,        467,        1,  1382400, 5e98a3d63d5e5ecab2ca54167c266913
0,        468,        468,        1,  1382400, f71cefcf8f195070f68ed6eb0bcf46cf
0,        469,        469,        1,  1382400, 2da187e378e08965f33a7126582b4fea
0,        470,        470,        1,  1382400, 1e5d0eb8cefd11979678a7cc1a3a8a81
0,        471,        471,        1,  1382400, 786967991d0aa343b959ee491ccf69da
0,        472,        472,        1,  1382400, 89bbbe8ac8b59e2db30ae9fff4d6fd38
0,        473,        473,        1,  1382400, 2c6ae57897deba4ba928b09f438b3ca7
0,        474,        474,        1,  1382400, db4a34e208bdb31f71508e50ee2094c5
0,        475,        475,        1,  1382400, 7f7ab534f300e23c915eb7766b31336b
0,        476,        476,        1,  1382400, 60daeccc0d47f86fcb41d3ef0a224dc4
0,        477,        477,        1,  1382400, 279178247bf6569bd91c23479466e496
0,        478,        478,        1,  1382400, 41aa7b5ea41540f8cd672ce3856d7bab
0,        479,        479,        1,  1382400, 82ecd0af3d144f3dd0d618e109e4a856
0,        480,        480,        1,  1382400, c595127898ecfa3776ac4c8591016913
0,        481,        481,        1,  1382400, 2cc78008ef124e437f8600e91b6f8028
0,        482,        482,        1,  1382400, 2cf50c26545367286d86061751e0220b
0,        483,        483,        1,  1382400, 43b2ad8ae9f70519bda66ff4cfec6696
0,        484,        484,        1,  1382400, 8b57c7d90546e27e3a856e999c35f5d0
0,        485,        485,        1,  1382400, 65576b805504a5beb585cf51978f2e1a
0,        486,        486,        1,  1382400, e28f4816c58df0f8ccd1e5cb988e5705
0,        487,        487,        1,  1382400, 64eab59e115116cfc954ecdce39c6a7b
0,        488,        488,        1,  1382400, 8203f21e8a257a717e4a890d93d9efcd
0,        489,        489,        1,  1382400, dedce0422416a60ab470e9df49936ecc
0,        490,        490,        1,  1382400, f2de1b6885b56b0a3e045d4bb07b3ad6
0,        491,        491,        1,  1382400, 8bbbf960c218e29e874e24e4ecd49a6c
0,        492,        492,        1,  1382400, 07c915ca39bc36551408233ddc7e5e0a
0,        493,        493,        1,  1382400, a324a3e30650252848d3eaaa3746034a
0,        494,        494,        1,  1382400, 7f468b2d87851b1fd6ee7cdb787a1da2
0,        495,        495,        1,  1382400, d8008b1e28d91f83261237cf5eb637a8
0,        496,        496,        1,  1382400, c7a33f7b1799ab14e91a6de7cabb452b
0,        497,        497,        1,  1382400, 93fe9f06156fe23aba340b4bffe1895f
0,        498,        498,        1,  1382400, 6f1700ea4485181c18edc4044f9ea90f
0,        499,        499,        1,  1382400, de1b7db3b48e66cb007289aa2219cfc3
0,        500,        500,        1,  1382400, 80abf9dc1b91d8ce277160df911c41ce
0,        501,        501,        1,  1382400, c01d71398a9c7738d802966156ae895f
0,        502,        502,        1,  1382400, a2452ce215360336822bac1bf71d198e
0,        503,        503,        1,  1382400, c7a3087ae76ca580c1a2f5aefcbad776
0,        504,        504,        1,  1382400, 98e366bf31c2853e8f8b004ce260a7bb
0,        505,        505,        1,  1382400, f30f90d3f5b9230009f127f2ff9a4e39
0,        506,        506,        1,  1382400, 59c9eda6de0a9fee6fe8458983067e09
0,        507,        507,        1,  1382400, d734b0a90940623ce8b29ab2e02f972a
0,        508,        508,        1,  1382400, dc63d56f0c1172a04c7f3e3d03bdd464
0,        509,        509,        1,  1382400, 7addfe4b80e483b9013ce1f255c86bde
0,        510,        510,        1,  1382400, 9477b973edb94e23549c5834766975da
0,        511,        511,        1,  1382400, fed1dbe7dbb4a4fe5b9c3c4bd25e14b9
0,        512,        512,        1,  1382400, 27f5239f9ad4bc76f4242616d59ef1f1
0,        513,        513,        1,  1382400, c5410dd6fe2872ea37ea459c7ade5bbe
0,        514,        514,        1,  1382400, 14108f026704d63946ddcc786fa7a01e
0,        515,        515,        1,  1382400, d7b916b9ffeefb0726ce822c7e65cff4
0,        516,        516,        1,  1382400, cf40bb44ec523007b6eee7db15e6b7a8
0,        517,        517,        1,  1382400, a65f2bd27b08b2d42b4865583ce73e02
0,        518,        518,        1,  1382400, 4b96f819a9d850d849e32a1926c8a662
0,        519,        519,        1,  1382400, 5b831da816558dfc83a9ef8e040e5c96
0,        520,        520,        1,  1382400, a0e4cf67accf7d2e9dc6203be94422d9
0,        521,        521,        1,  1382400, ff0cb483558d9dd45c02d6e369b0ac69
0,        522,        522,        1,  1382400, 8f66ea66ed272f91e52b6137209de56d
0,        523,        523,        1,  1382400, c6375323b961472f5a71c0385f8b5867
0,        524,        524,        1,  1382400, 1fc28a0bb60300354390d547aaec734b
0,        525,        525,        1,  1382400, 2ed31a59939810d158e95081e0fcb303
0,        526,        526,        1,  1382400, 3cdb8a20103f45d45e1112ba52dd4277
0,        527,        527,        1,  1382400, 1b55c26737138d8d55c3d373a8e1f569
0,        528,        528,        1,  1382400, 6b16925987c05641909ce2f061435d0d
0,        529,        529,        1,  1382400, 7e7435439d5133673dcbae55847380b4
0,        530,        530,        1,  1382400, 6022df448fccb92a24dfb3baa1ffa9ae
0,        531,        531,        1,  1382400, 6b7b67268f667bffa9fce96a12138c41
0,        532,        532,        1,  1382400, d611ca2b301a509f31b1b15d3694f87e
0,        533,        533,        1,  1382400, 947ed3c92d7bc641a0ad25bdc7ef4996
0,        534,        534,        1,  1382400, 8ecdd416f19f8d33d41078e1c9485d9f
0,        535,        535,        1,  1382400, 9c7e88e0f979fdbbb53d6b16c710b3cd
0,        536,        536,        1,  1382400, 0fbea0d63c722b2960b6917886d14474
0,        537,        537,        1,  1382400, 4a2117318e7403bf01803e2d943f7bd8
0,        538,        538,        1,  1382400, b29f339a6a1cbfb1f794fb846453692e
0,        539,        539,        1,  1382400, 6adf3934ea898217da05f008c57cb598
0,        540,        540,        1,  1382400, 483d4dc9bbba254a5d1ebcf70b8b4826
0,        541,        541,        1,  1382400, 483d4dc9bbba254a5d1ebcf70b8b4826
0,        542,        542,        1,  1382400, 94936adde16358c0e06af9b98e1967ab
0,        543,        543,        1,  1382400, 94936adde16358c0e06af9b98e1967ab
0,        544,        544,        1,  1382400, 2ed6880f872f10b7b13384f83eb84a63
0,        545,        545,        1,  1382400, 1d886661ac5558ec445f17946a31882a
0,        546,        546,        1,  1382400, 8b32c580bae204ca4484edd00d424542
0,        547,        547,        1,  1382400, ec4bb396a8508592d37cb953a4d78087
0,        548,        548,        1,  1382400, 413a7fda4dd406efb68401ccd08f96b0
0,        549,        549,        1,  1382400, 1b79ccd6b5302c767dde651cb80a56df
0,        550,        550,        1,  1382400, 9e363dfc2d92be09be5b748eee4cae2a
0,        551,        551,        1,  1382400, 1d324f01f7e9e1834ab2d37d357f5eae
0,        552,        552,        1,  1382400, ee47181420687caa9eb1092319403a80
0,        553,        553,        1,  1382400, 1815a7f5aa8c1b39588aa645481242b6
0,        554,        554,        1,  1382400, 732234e32e268ecf888c6843791289b7
0,        555,        555,        1,  1382400, 1015c09413a7ce263c5c446348373d8b
0,        556,        556,        1,  1382400, 0c878dd0bb47f001511714a737efa9f8
0,        557,        557,        1,  1382400, 63342d9ed9353aca25b7709db9fbd55c
0,        558,        558,        1,  1382400, b3cc8930ae42944fee64b65a005a9f69
0,        559,        559,        1,  1382400, d7465797e786c0e0e755174be3fca7de
0,        560,        560,        1,  1382400, 96052a36e13101f4dbd3c0607ce18279
0,        561,        561,        1,  1382400, adf9d84c372f07a35914bfdc77b919af
0,        562,        562,        1,  1382400, 8228c10821b5ed5d33b0a22451113c3c
0,        563,        563,        1,  1382400, 3a1bc09af6cab2b8c3c037c7f8fd5322
0,        564,        564,        1,  1382400, be40587f1a33590222f4c6891880e8cf
0,        565,        565,        1,  1382400, 2ec30b265d02e0925aeec4a576f3b251
0,        566,        566,        1,  1382400, fdf4f001e66e8aab3fc17f39d27fe957
0,        567,        567,        1,  1382400, efbcc980d6dc9d0517a6e13d8b5adf7e
0,        568,        568,        1,  1382400, b74dd598f5c615977e50705a9cd0fc1d
0,        569,        569,        1,  1382400, e3fae0c6f4f131ce6d2d1799d9f44568
0,        570,        570,        1,  1382400, cbd25f1df9365fdc58b9256f0a5ae3a0
0,        571,        571,        1,  1382400, fcf44865454b302a74169e0f5cee8089
0,        572,        572,        1,  1382400, 863c5704f9845eae24ab0537e2d3daaa
0,        573,        573,        1,  1382400, 71cc4b56d89158ee633ec2416a384034
0,        574,        574,        1,  1382400, 5bb278074d877bc430080014652caa67
0,        575,        575,        1,  1382400, eb2ef568ee8d9283bd8538b29642e62a
0,        576,        576,        1,  1382400, 70218eb354a573c24c824d6469f307fc
0,        577,        577,        1,  1382400, 192a8292fd15984f42d902619fe0a08a
0,        578,        578,        1,  1382400, ec840dac0de22c7786cbda7385c9d8a8
0,        579,        579,        1,  1382400, c85ce4d64653810d9af07ce319e53d1d
0,        580,        580,        1,  1382400, 2cc9f9e4c31be4ea2da3a8e3fafe9534
0,        581,        581,        1,  1382400, ca5f088adc8f4fce8c9d00ca5d4703e3
0,        582,        582,        1,  1382400, a147b3543f7ac1be8416928b682f085d
0,        583,        583,        1,  1382400, dcb4bc52e795b553a91d900b7cfc71f0
0,        584,        584,        1,  1382400, e767deb62f19cd983c3d24764d3f33ec
0,        585,        585,        1,  1382400, a42dbc26c58463f323c6338de78c66d9
0,        586,        586,        1,  1382400, 9e70bea4750c4f0cafb158373d677abb
0,        587,        587,        1,  1382400, 8fb9fc8ea5ef4b561edabf6f26c22b07
0,        588,        588,        1,  1382400, 3845155c6efc83171da6c51c52e1c793
0,        589,        589,        1,  1382400, d72dbc2adb501638d60d088aeb57d936
0,        590,        590,        1,  1382400, 491eaef0215dcdcf0ee5b822d5919ddc
0,        591,        591,        1,  1382400, ec81bea18950a15b452064f3f437eeb1
0,        592,        592,        1,  1382400, 31c2fa5d3caafb8c62573247582567fd
0,        593,        593,        1,  1382400, a90929860d2328974ac4dd5472f178a7
0,        594,        594,        1,  1382400, 7794025bdbc8cbdb01c8ddf1ae6ba3ad
0,        595,        595,        1,  1382400, f42ae3fe98ecae31a893b548166b67af
0,        596,        596,        1,  1382400, 6ceb5be4c8ec8e77885a77eed8ffda84
0,        597,        597,        1,  1382400, 34b1c9f36677574ef4a290e4d5a7b88a
0,        598,        598,        1,  1382400, 7a8b87947e703edc8a61ce26f9d714f5
0,        599,        599,        1,  1382400, 2ba121762851cdb22950fe2454cf0a22
0,        600,        600,        1,  1382400, f85db51e9a302a20770e0191ee82c4bb
0,        601,        601,        1,  1382400, 7c8d71d62230df764e069feeb817dd0d
0,        602,        602,        1,  1382400, acfe69add1ab9f58968aebf4739e18c2
0,        603,        603,        1,  1382400, c60fc0a7ffd406f0f6b1c42a1287a7b2
0,        604,        604,        1,  1382400, 79dd4151ed6e58d587755c1347777b54
0,        605,        605,        1,  1382400, 3ffb6c51445602ea671259bf61c5fcd4
0,        606,        606,        1,  1382400, 70030e8107fe0ccb1c96c9b386d6b3ef
0,        607,        607,        1,  1382400, 6d881e9ce979dbe4c447a030f53a7b1e
0,        608,        608,        1,  1382400, 78cd824422fa4b9082ce8d8799b20423
0,        609,        609,        1,  1382400, b2d180b6a916115678f688d94db1515c
0,        610,        610,        1,  1382400, 84a199ebf9f4d6b1569ab02a449a1c42
0,        611,        611,        1,  1382400, c42e0cb5b521aa428c04a7026a3945d5
0,        612,        612,        1,  1382400, 377a9e16dd69d830e724bf1aa3798c50
0,        613,        613,        1,  1382400, ef4df83ca9d7e01a38f3ffcb464d5c25
0,        614,        614,        1,  1382400, 1f591320f5aaf6c8681de4ec06792a80
0,        615,        615,        1,  1382400, ab6ade8a32e05c57685f7baf1bfe98bf
0,        616,        616,        1,  1382400, 4255468bc1ed1bcf3e0d8f0e576786c2
0,        617,        617,        1,  1382400, c8b02b24b0ee700235c8f87ce72b8fae
0,        618,        618,        1,  1382400, 8ef07d94d1ee39272c3e458c6e4e576c
0,        619,        619,        1,  1382400, eada428c07b564ca1a607901f5ddb44a
0,        620,        620,        1,  1382400, 0ad3ce5deb8c902731eeeb7be195af55
0,        621,        621,        1,  1382400, 34666f5cd639be8b0336881ee6a82f9e
0,        622,        622,        1,  1382400, 92ebaf1eecc06a03122ddc223b74dafa
0,        623,        623,        1,  1382400, 580b9d2f55dd296eb9a515471667df56
0,        624,        624,        1,  1382400, c3eba327318d0ac62b021f8ff7ad48aa
0,        625,        625,        1,  1382400, 22e732744b4b7329e278d271add2f5fa
0,        626,        626,        1,  1382400, 88eb6f5c23d9be01c4b8bf50d9243752
0,        627,        627,        1,  1382400, 142cf5968457f92132a6119f46577adc
0,        628,        628,        1,  1382400, 9fe2760dbcb1ebe8fb724dabef6a0bce
0,        629,        629,        1,  1382400, af265ff5d5fc4c90ae6c7def27558bfb
0,        630,        630,        1,  1382400, f78f123f81efde68ecb703d8a64fd6ae
0,        631,        631,        1,  1382400, f78f123f81efde68ecb703d8a64fd6ae
0,        632,        632,        1,  1382400, f78f123f81efde68ecb703d8a64fd6ae
0,        633,        633,        1,  1382400, f78f123f81efde68ecb703d8a64fd6ae
0,        634,        634,        1,  1382400, f78f123f81efde68ecb703d8a64fd6ae
0,        635,        635,        1,  1382400, 9a690ea663af38f79ac7808e7f8c190b
0,        636,        636,        1,  1382400, 58470143699d926ac73afbf4e9cbe007
0,        637,        637,        1,  1382400, f30de9bfe96b7e57ffb8afa8929d5dbe
0,        638,        638,        1,  1382400, 24aa4de6f356106f6a604bc66c5ace70
0,        639,        639,        1,  1382400, 827792d415e72b1facedb399e5ad4c30
0,        640,        640,        1,  1382400, 51bd4c66020e245f47f00f56c0915a83
0,        641,        641,        1,  1382400, ab3d83326361d2748024ebaa40f74652
0,        642,        642,        1,  1382400, 50d7c954fde4fce07822935300468a75
0,        643,        643,        1,  1382400, f8d210cdd0377b436ad75f61335a45a0
0,        644,        644,        1,  1382400, 357d883d1d15eebf642da1d01d3434f0
0,        645,        645,        1,  1382400, e6e2f014573517030836a2fcd317d04e
0,        646,        646,        1,  1382400, 4f514e7fe4b59307cc84029ae0235be7
0,        647,        647,        1,  1382400, 7eeec79a688317f24deda17f1defb4a3
0,        648,        648,        1,  1382400, 8bcfdc49f4f5864a64ac262a36b7c977
0,        649,        649,        1,  1382400, c09bc2258970e1dade14417b76ff43b7
0,        650,        650,        1,  1382400, fe1f563f3db183168c8fed9e4d36fdcb
0,        651,        651,        1,  1382400, ec269574da0074892a99286fcbafa096
0,        652,        652,        1,  1382400, 329c0d11aa4ae499dfa952f65d21696a
0,        653,        653,        1,  1382400, a07fb13155a8ab75551d115a0b05953c
0,        654,        654,        1,  1382400, ce075ce360b58cd38ec0494120e19ba1
0,        655,        655,        1,  1382400, 2584a17c8345ccb4796c881455063f82
0,        656,        656,        1,  1382400, 380f6fd10164792c5f5330e9fcc915ee
0,        657,        657,        1,  1382400, 030728fa91aea224149ba3b6a3a700af
0,        658,        658,        1,  1382400, 249c7da3f32b388692f43ce580d04fc2
0,        659,        659,        1,  1382400, 45230c1af73acb2e1cd73a885c174fb0
0,        660,        660,        1,  1382400, 745dcf75ff5e4af7783bccc1365aaa8f
0,        661,        661,        1,  1382400, 8877b505dcfffead478557555d284da3
0,        662,        662,        1,  1382400, a182ace0fe6dd461e68bea90d087fdaf
0,        663,        663,        1,  1382400, 3094e6979e086a7d370591c3b935a4bc
0,        664,        664,        1,  1382400, 9890e7dc133b1ac4296f5eea0a9ee98c
0,        665,        665,        1,  1382400, 69a006b0deaf22ac35412e890c341642
0,        666,        666,        1,  1382400, b8a182bac9e17e8237d6e8f4db372c60
0,        667,        667,        1,  1382400, 5e728d7752c431369e738a68e1325291
0,        668,        668,        1,  1382400, 49410476728b2a40324a2519fa58ebad
0,        669,        669,        1,  1382400, dc8574dee40033e4dfa152f090585850
0,        670,        670,        1,  1382400, 3a077cd02ec6a8ed422560c345688321
0,        671,        671,        1,  1382400, b0d0ebf16f6505cb9aef913897cd1e2d
0,        672,        672,        1,  1382400, 970bdcc66f1968b1b6f508833f68ad94
0,        673,        673,        1,  1382400, 596d37bef679ab99bfd233972e885385
0,        674,        674,        1,  1382400, 931dd9ee0ecaa81550f421001f3f8092
0,        675,        675,        1,  1382400, ddc747b0ef221a443367018dac61d813
0,        676,        676,        1,  1382400, e4f31840d5da8b386a70b74c711adeb7
0,        677,        677,        1,  1382400, 17fdca6335cdc81054a4050e6fdf2028
0,        678,        678,        1,  1382400, 109fcf515c1000dec17917af73b3b421
0,        679,        679,        1,  1382400, e62495ee9283764f83e675c67aeb254e
0,        680,        680,        1,  1382400, 43c49f8cb185c232779453f3898f5861
0,        681,        681,        1,  1382400, e233ff6e7c9969926e1dbfc3e0a6da9f
0,        682,        682,        1,  1382400, 285d7daedfbbd6fa3947cea57746d110
0,        683,        683,        1,  1382400, 1deaec9dd39992ffb0ebd282940356d6
0,        684,        684,        1,  1382400, 77fd17ae10cf103008453d5f9e7a90fa
0,        685,        685,        1,  1382400, 48f47c47040e3de5ac55136dafe2b2cb
0,        686,        686,        1,  1382400, 3ba5a22c46e395e0533b869240969bf7
0,        687,        687,        1,  1382400, 027e905289c14098aa1fafa484031d0b
0,        688,        688,        1,  1382400, f5f744987a7ec5a9a23e377e6ce2a8f0
0,        689,        689,        1,  1382400, c375b77f8c94b0a998a0ae149debe703
0,        690,        690,        1,  1382400, be8e77dd84cb6ebcdd2df978d5165947
0,        691,        691,        1,  1382400, 985befdd6924806ed272b3ea370c1859
0,        692,        692,        1,  1382400, b92947fd98cd3c689b242af9b73726b3
0,        693,        693,        1,  1382400, aa1d9137acbfc7a9af3a0baaf6474d70
0,        694,        694,        1,  1382400, 2ec9fe3165f680571303295bc2084640
0,        695,        695,        1,  1382400, 2466e77f6c62918a21ad5b015fda2e7e
0,        696,        696,        1,  1382400, 7d6440933be8a4693c8c93673c1fbcc7
0,        697,        697,        1,  1382400, 6e218a4de83598a37a1aca625e40768e
0,        698,        698,        1,  1382400, 3daaa0105e9f3a59be5fe4b3f915f656
0,        699,        699,        1,  1382400, 1dbf20112f5737714c4ed65bf598d8b9
0,        700,        700,        1,  1382400, 6fb2dc60a2c3e47dcb37e6d6106c0d2d
0,        701,        701,        1,  1382400, 9558729f4a2f5a291955a89c19351d2a
0,        702,        702,        1,  1382400, 3bd174044ada7d187ded140f22ddc42d
0,        703,        703,        1,  1382400, d40f388e026bb2dc28733bfa26c517eb
0,        704,        704,        1,  1382400, 0a99c74f783616d397c8ff365d3a1d79
0,        705,        705,        1,  1382400, 5d430983771422ef468e5db1a7bc86ee
0,        706,        706,        1,  1382400, 98443a18325fb328c1b28673654b192f
0,        707,        707,        1,  1382400, 447694eddcbb36dca9d0ac5bfdcf8959
0,        708,        708,        1,  1382400, efd039ee2489ab736c108848018a1ed7
0,        709,        709,        1,  1382400, f235516649f0151333c0317ccfbdd3a0
0,        710,        710,        1,  1382400, 63c21d945ddf1b5e747be72b90e70e02
0,        711,        711,        1,  1382400, 978964762d1a4139be70a34788938c3b
0,        712,        712,        1,  1382400, e2e0fa7bab97ffadba8709b103ecd3ff
0,        713,        713,        1,  1382400, 50c60a2193aa91c99ad2c08fcf183ca5
0,        714,        714,        1,  1382400, a9b92f9c5cd9d53bff15cc2cd422edb0
0,        715,        715,        1,  1382400, 9c6faaf382d1a6c606435b793b9261df
0,        716,        716,        1,  1382400, c35777ff144fa88e273eb6f26179bbaf
0,        717,        717,        1,  1382400, 9888e3e06f47ddbb7ea2408d677a0bf6
0,        718,        718,        1,  1382400, 5358d8d9a897d63e8f8d4c68b9ec757b
0,        719,        719,        1,  1382400, 2474c4829437b4ab48366f0206a5310f
0,        720,        720,        1,  1382400, f2c92b75567a8a3d889eff4c019fa3f1
0,        721,        721,        1,  1382400, f2c92b75567a8a3d889eff4c019fa3f1
0,        722,        722,        1,  1382400, af9a5e4cb5c497ec31eccf9ec012b527
0,        723,        723,        1,  1382400, af9a5e4cb5c497ec31eccf9ec012b527
0,        724,        724,        1,  1382400, 70f35772d058674935bc0a1ade959a7a
0,        725,        725,        1,  1382400, 2277b7ed4cc0cf69a2d61b98100f2f9e
0,        726,        726,        1,  1382400, bf175de989c5a6394fbcdf37096411bb
0,        727,        727,        1,  1382400, bf175de989c5a6394fbcdf37096411bb
0,        728,        728,        1,  1382400, d8f4e47a3bbb71e3083c2417c1dcec54
0,        729,        729,        1,  1382400, 5051c52a29f2a8e8849af50ba8aafd15
0,        730,        730,        1,  1382400, fe505fe61a69dca729d2672eb2a5f199
0,        731,        731,        1,  1382400, 315c3d1dbe5596fe8f08cd53f428c78e
0,        732,        732,        1,  1382400, a79aa39a1e257e4c64d13508c58b00a1
0,        733,        733,        1,  1382400, dadd9590eb8794d5f7cd85f055bee23b
0,        734,        734,        1,  1382400, 3a443ee5faf6cf10c041cd1dc145b428
0,        735,        735,        1,  1382400, 11d874c4589e9f975a8a0ca2f941a1ce
0,        736,        736,        1,  1382400, 7cc3b4ea79516d50aea079fb20388fc4
0,        737,        737,        1,  1382400, 3479d894b037f7625d12dfff641e0fdf
0,        738,        738,        1,  1382400, 319811b97265e0cb1dda9b88aa8ec4df
0,        739,        739,        1,  1382400, dfd767e1eb4270fa9f174dac44e98d8d
0,        740,        740,        1,  1382400, 3ff09c9ecd7e3a15626b202a4b98b527
0,        741,        741,        1,  1382400, 117ce6ea1a020879173a70ab1aeeef20
0,        742,        742,        1,  1382400, ad2b01757e57765c8fc90bc7b803bf8b
0,        743,        743,        1,  1382400, fd2aede1558bcd0b0f75b72b948a2088
0,        744,        744,        1,  1382400, dd6912244eb760c8a86099175dd62ed3
0,        745,        745,        1,  1382400, 45fac9c344182336044a9333e9536805
0,        746,        746,        1,  1382400, eb0bf1b280a10ad8f0a6ddb2c5610383
0,        747,        747,        1,  1382400, 8ec40cdc1d6bf1a90e5efe6574411b6a
0,        748,        748,        1,  1382400, 3723ac65f26fa7ace53e25754311421c
0,        749,        749,        1,  1382400, d65325370aab5905fc74d413ad6bc99d
0,        750,        750,        1,  1382400, 414621aed91a130b60dbd86f07ab68ac
0,        751,        751,        1,  1382400, 0e19e6f0f5f98614165b57c5034eb3cb
0,        752,        752,        1,  1382400, 858ab48cd589b98f8aa6c4ae5df3466a
0,        753,        753,        1,  1382400, 806ba8ae0c56821fccb2b3f61b30a384
0,        754,        754,        1,  1382400, f0f9f2aabc1e18ad78636e19ec8671b3
0,        755,        755,        1,  1382400, 1326f06a3f9c104d64c8ed4f2083961f
0,        756,        756,        1,  1382400, 43825f54d4eba3377992258fa4689646
0,        757,        757,        1,  1382400, 80b4df17429261e81adc2a5590c147b2
0,        758,        758,        1,  1382400, e004f40ca3be2c3591723b780eab8277
0,        759,        759,        1,  1382400, 29adeeafc65f6a649f7a8792719dc924
0,        760,        760,        1,  1382400, 7c57e726e54a7015e35aec7d7555fbc3
0,        761,        761,        1,  1382400, 774b330ebd05419c732f14169df8b428
0,        762,        762,        1,  1382400, 3b427af7e3c064fc74af03728033d3df
0,        763,        763,        1,  1382400, 99308da152950e8efa9c57729d558011
0,        764,        764,        1,  1382400, 45e344c9c3f600ac0680a407df0b8bef
0,        765,        765,        1,  1382400, ec261139ca0d36b6a5d51c49fa33fd38
0,        766,        766,        1,  1382400, 93f21068ccbb91a0abda49adc1eb8bfb
0,        767,        767,        1,  1382400, d7a83659a7a955670951841d5061a1aa
0,        768,        768,        1,  1382400, d99f9fc849a5d8dc90ef269d13964b2c
0,        769,        769,        1,  1382400, 189fa371d2cd5488a64783cd5686cb5a
0,        770,        770,        1,  1382400, 9f9280ee9ab114142d1720800355d6db
0,        771,        771,        1,  1382400, 6fc3f63d6716044d80135263c533fc64
0,        772,        772,        1,  1382400, e2e1f408f5fd5054be64d450ffa7c0b1
0,        773,        773,        1,  1382400, c28426bbd898cc7bafc5822ed13557d3
0,        774,        774,        1,  1382400, 277ccfec2757732da53285455b8bcf7c
0,        775,        775,        1,  1382400, 728c150dd5982b91f30b27b717c1bda6
0,        776,        776,        1,  1382400, d0f79b2244ffd0a3332fe18855530a67
0,        777,        777,        1,  1382400, e34e3ed273c5d64c6ede239077eba791
0,        778,        778,        1,  1382400, a37beb5a2b45a1e9202901541b951b91
0,        779,        779,        1,  1382400, 9daba30c62ccc70278bc079d23d46d78
0,        780,        780,        1,  1382400, dfd446a0db3eb67958d5c15f42f6427b
0,        781,        781,        1,  1382400, ff201d5fcaca15863ed900fc468dd41e
0,        782,        782,        1,  1382400, 3dae0b6a0091fc0b5453d316dbaaa5c6
0,        783,        783,        1,  1382400, 22603d05e303b4c735bc3bcec8d97252
0,        784,        784,        1,  1382400, ffeeb1769ec65a47fba5e1f44b9c0bc0
0,        785,        785,        1,  1382400, 8dc85bf865d67266caf407d0949873db
0,        786,        786,        1,  1382400, d53037b0ab8fad97008b56d686f63005
0,        787,        787,        1,  1382400, ec3ff635b2171a9a3e621a2baf28fbcf
0,        788,        788,        1,  1382400, 8d973289dc8adbc6d0293f9b9aba15db
0,        789,        789,        1,  1382400, 63be0ef8d1d8d967c1692b61d7b341bf
0,        790,        790,        1,  1382400, ab8a391d706f2d127b41cadc00b130f6
0,        791,        791,        1,  1382400, 49174ec65ae54fce7c8ded88c23b608d
0,        792,        792,        1,  1382400, 28dd171702bc32c736b979eeca208ecb
0,        793,        793,        1,  1382400, b24bad32e104c9194cc8c3e92ab046a8
0,        794,        794,        1,  1382400, 9fb33b2e258426575017b7c11b28afc2
0,        795,        795,        1,  1382400, 42b613ab36e77f7e16e6d045e9ffc506
0,        796,        796,        1,  1382400, 3c75259c92bd1549b06294741505e3c5
0,        797,        797,        1,  1382400, ddbd82874ca1aaaa4a5be98ad9feb53d
0,        798,        798,        1,  1382400, ecd2963a0eb25d5eb149ccc8051dcad2
0,        799,        799,        1,  1382400, 187b36215f3c8d31dbf152b0cf865fb9
0,        800,        800,        1,  1382400, 6cadb191f26f57a82c874f6d9dea4c8b
0,        801,        801,        1,  1382400, 5030338598796e0cc2ea9dcd1e1536b5
0,        802,        802,        1,  1382400, 8fcf5430f4f093e7f7751ba6d9073e3f
0,        803,        803,        1,  1382400, 902602b2cffa77991ba91ffcb110b60b
0,        804,        804,        1,  1382400, f9a608406542cd808905db350c69c768
0,        805,        805,        1,  1382400, 0e5f793d01b168febd32ee9659ad4229
0,        806,        806,        1,  1382400, b3c7031a8a6361eea307f71453f05363
0,        807,        807,        1,  1382400, cf60bb275d380909d7bc382d96a22934
0,        808,        808,        1,  1382400, 17015a886508f9ee54fdf07094e4129c
0,        809,        809,        1,  1382400, ce9a398ce09486cc671dd52416b3791e
0,        810,        810,        1,  1382400, eef5ed01cd525346783faa1bf3e47046
0,        811,        811,        1,  1382400, 1ff4a5a9306a84daadfcce41f690e78f
0,        812,        812,        1,  1382400, a951dac6c4587b3cb367ab6dfc3ff952
0,        813,        813,        1,  1382400, 7eebf60f23aa11ebe8b74ca6c7ffa3d7
0,        814,        814,        1,  1382400, ebec9c2c8f4f2f5e7ffc3be30d9d6aec
0,        815,        815,        1,  1382400, 39454a0c33b708e22be707d5b1376026
0,        816,        816,        1,  1382400, 993d029f24e2ddc5d464bce6fb67f70b
0,        817,        817,        1,  1382400, 8220b9a439e48451be9402fe8c909e47
0,        818,        818,        1,  1382400, 563125f3b99295b02dee83592dd01bd3
0,        819,        819,        1,  1382400, 7c084e78ba6abdc16b5a6718515072fb
0,        820,        820,        1,  1382400, c82160608a3709fe54527539c4964d82
0,        821,        821,        1,  1382400, 16c5030fc0154392be4632624544222b
0,        822,        822,        1,  1382400, 1cf7f716b55afa8548bcdd4d0241494d
0,        823,        823,        1,  1382400, cf867b2d71b31c3b02d7c86afe6a33fa
0,        824,        824,        1,  1382400, 071d1f26fa1043414cc8c406403fcd5b
0,        825,        825,        1,  1382400, 29b2d64209d1320a642e3aa7608dad53
0,        826,        826,        1,  1382400, 76609dd4e32f0d8b4fcf6f44fc2cfee9
0,        827,        827,        1,  1382400, 298a5b594f09f13289c09cfbbdfe9404
0,        828,        828,        1,  1382400, a1ab5b67dceb7cec3ed563304751bb25
0,        829,        829,        1,  1382400, 9f735ba645c998e9a57a38fa1217ff30
0,        830,        830,        1,  1382400, 7cfa377ebdd2dcc2ec9276857b60b49b
0,        831,        831,        1,  1382400, 0e39c8baa789ef45caf21f498ebf9540
0,        832,        832,        1,  1382400, 321f412a1b3cfcd5342828a7b874a2c0
0,        833,        833,        1,  1382400, 9ec993bcd77ec1050b8bd9a56a9c120c
0,        834,        834,        1,  1382400, 5e636c96a7ad8c60c0dea0ea6aa91ece
0,        835,        835,        1,  1382400, afd265c504ebd71445d47c037c06e61b
0,        836,        836,        1,  1382400, c0d83d7cb7a897fc4d0fd03792d82438
0,        837,        837,        1,  1382400, 724a70d173db11ac636d7e0a8b5a49b4
0,        838,        838,        1,  1382400, b3b8fe8b582fcb35f6b4dbe5c0f4178d
0,        839,        839,        1,  1382400, 97eaae6f590294aa6f0389b355966983
0,        840,        840,        1,  1382400, 2b739244fa19980806a9980f10866760
0,        841,        841,        1,  1382400, dd3c5b8c814180a3bd720c40de83c8a8
0,        842,        842,        1,  1382400, ab801c10023c2b49da6fc434aa69558f
0,        843,        843,        1,  1382400, 1151f1cfafc44be4d1e32ffff80ee46f
0,        844,        844,        1,  1382400, 221b8f64fbc20637db51817e0add2462
0,        845,        845,        1,  1382400, 25f2597c6c100b62262595875bc5a827
0,        846,        846,        1,  1382400, 371e5b16c7eb81cb894dcaba8cafbccc
0,        847,        847,        1,  1382400, 0e729a86a22d108ff5cfeb55558e3357
0,        848,        848,        1,  1382400, 6a453a870b42ea96fd5575085707280d
0,        849,        849,        1,  1382400, 9a116276b1c70d118f13176df1a2229d
0,        850,        850,        1,  1382400, 246d72bc0c1e5f98826a5a68d2e5c545
0,        851,        851,        1,  1382400, a64b792f93b57a684c2664f7c8f4c6d3
0,        852,        852,        1,  1382400, a3fc8db83a76dd3ede741b731823e32e
0,        853,        853,        1,  1382400, c2112e0562b7297e177a346fd0e11dff
0,        854,        854,        1,  1382400, 16a0dedd15d5e647b98731ce810b014a
0,        855,        855,        1,  1382400, 68e4923d7568164da534046b8a4864b0
0,        856,        856,        1,  1382400, b8e72b0f44680278384c4214744e2790
0,        857,        857,        1,  1382400, 2691f6ca22f658cff7157a8ee053d604
0,        858,        858,        1,  1382400, 1e04b153ad20a6a5dc6b20ea37d9dc22
0,        859,        859,        1,  1382400, 64a037f8f4d29857bba07046f377722b
0,        860,        860,        1,  1382400, e20d04ea55e636aa2f56bca337633ebe
0,        861,        861,        1,  1382400, 36f7d20b230ae0bd0698b7df3ba6446e
0,        862,        862,        1,  1382400, 086ea22cfc57777c0746ad0adeddcffe
0,        863,        863,        1,  1382400, cef615897cbb6afa0f6fde7687970b3a
0,        864,        864,        1,  1382400, d18289df28d308256a26a1b510f49d70
0,        865,        865,        1,  1382400, 7da3e95412e89b1610935218367ef2c4
0,        866,        866,        1,  1382400, 45e4c8351f946bb1e1807f8dedaecb69
0,        867,        867,        1,  1382400, b51a9b0b19e64084157ac1aa581a2151
0,        868,        868,        1,  1382400, 6c99cac0723234731c1958ecb35cb19f
0,        869,        869,        1,  1382400, b15244f6cb413b361f03cab0304496d9
0,        870,        870,        1,  1382400, 341102a7ef0f47af8601952ed6577ed0
0,        871,        871,        1,  1382400, b6380f26a67178146a77ef78a34768f9
0,        872,        872,        1,  1382400, d2d47a0cdd22a166440fff2bbecbed79
0,        873,        873,        1,  1382400, 77b8c20df9d3c194018af30858000fb1
0,        874,        874,        1,  1382400, 85a3fec49548f39cba36afab274ffda4
0,        875,        875,        1,  1382400, 61852ac6304c654131c2908422ad255e
0,        876,        876,        1,  1382400, 88085aac47a0202462cb03aa9dda3a2a
0,        877,        877,        1,  1382400, 7895edfc8fb2900bc2aa7be1f5164f8d
0,        878,        878,        1,  1382400, dbab45b436a8f49cbbc1f2018ab42f62
0,        879,        879,        1,  1382400, d6bb25c78191d7b295c73cbf50a2972a
0,        880,        880,        1,  1382400, 5b2bc3c140c9e4f7ed6c05ef89b1e6de
0,        881,        881,        1,  1382400, 4466280f801b2b733b9241fa828ebc5b
0,        882,        882,        1,  1382400, a78a7a78b43bd1021b187c94f342703c
0,        883,        883,        1,  1382400, 53cecbad492ba9d3d37df7b122737832
0,        884,        884,        1,  1382400, a0982a7af41d83054caeecf3b1328cae
0,        885,        885,        1,  1382400, f512e9750dd3dc17dcb6e9600e6567cc
0,        886,        886,        1,  1382400, 0e0071d62faf85b742a8584f0b63c8c3
0,        887,        887,        1,  1382400, 8ff97e4fa479653d879319091063487a
0,        888,        888,        1,  1382400, f752eadec09f3d137f87c516839f60b2
0,        889,        889,        1,  1382400, 642fe4cb87d03448d4dcd921c6ac8b9d
0,        890,        890,        1,  1382400, 0edb9fed4560311dbf5a6a84abef2049
0,        891,        891,        1,  1382400, 54411e432df56174bec04ac4a3383b04
0,        892,        892,        1,  1382400, 89ec66d29998f6db5e5a492e1cfdd152
0,        893,        893,        1,  1382400, bfc9f8fdb263cfab71d33c106713167c
0,        894,        894,        1,  1382400, 45994dba81d4b310ad1a859e88031cbc
0,        895,        895,        1,  1382400, 46782b3067624ca80fa0c176da5b30e9
0,        896,        896,        1,  1382400, 35565d681c9920eecf50ec4a853e3c24
0,        897,        897,        1,  1382400, 5122e413b8be7d2419049a432ade6a23
0,        898,        898,        1,  1382400, efcbf0da6c8adcd7a6d3b35ea014a227
0,        899,        899,        1,  1382400, d4ee211b1b4cc1a4c6f3fa638965414f
0,        900,        900,        1,  1382400, 24e11ebe04a7b3a4a861b2dcbad76a01
0,        901,        901,        1,  1382400, ff197c051cfa413d6f9d463093112e43
0,        902,        902,        1,  1382400, 7f0328658faa29deb05df6984b979a11
0,        903,        903,        1,  1382400, f85812e3849816acf10c035e4bf2551f
0,        904,        904,        1,  1382400, d598136d3675c04216883e9100844f1a
0,        905,        905,        1,  1382400, 433af2639c408ad9b9bc274fdc4cf954
0,        906,        906,        1,  1382400, 9b3deb5b676c50b4f20d23daebf7c675
0,        907,        907,        1,  1382400, e362e105a6eb903c123c0037b2a42e22
0,        908,        908,        1,  1382400, 3fc6f85e7f1fc6676248f1e424971566
0,        909,        909,        1,  1382400, 581f363d535214b24abb3a8c216b0229
0,        910,        910,        1,  1382400, 41a23fb7c72cac414786f20aec0c2f6f
0,        911,        911,        1,  1382400, c4e065936c4abce7c8e77aec7c927618
0,        912,        912,        1,  1382400, 720af9935e66ae3e7205e77107738d5d
0,        913,        913,        1,  1382400, 1a5f335014d08fdbf0a827472d39617d
0,        914,        914,        1,  1382400, 9cd0df7585a1da75d78af17fb540d7f4
0,        915,        915,        1,  1382400, ac8ae3abd9a3f430e0a8db15c8a8c3e7
0,        916,        916,        1,  1382400, dc5f316460721185f0bff332dda964ee
0,        917,        917,        1,  1382400, cbdbd4a587819983ac692216e89d3a85
0,        918,        918,        1,  1382400, 480c23c044186878c577add250046baa
0,        919,        919,        1,  1382400, 8da4f34164c8782efececcee5f75b681
0,        920,        920,        1,  1382400, 6cceb456f28b3610dc0564a55a861fd9
0,        921,        921,        1,  1382400, c517adc4c0e737380c194faf5fe9281f
0,        922,        922,        1,  1382400, f6393b96098652044669f53b83e37487
0,        923,        923,        1,  1382400, 8f512dfe58052e6a39fd7574ff7c643b
0,        924,        924,        1,  1382400, f9f275fbe6412695a2f55f0debd4e57f
0,        925,        925,        1,  1382400, 26576a00919d24f5e065d720576598cb
0,        926,        926,        1,  1382400, 986a2c03908821611bd20a11ccc3c43f
0,        927,        927,        1,  1382400, 393c922e59318356daf6884b87d39a2b
0,        928,        928,        1,  1382400, ada568f6ec88b4dfc7b65ddac46b9d32
0,        929,        929,        1,  1382400, 5589d3cacf9fe47c69355b53aed53911
0,        930,        930,        1,  1382400, 1743f1a99a1c00cb15257b4da19ee9e5
0,        931,        931,        1,  1382400, 7b868ca95ac3a08332540b249df63937
0,        932,        932,        1,  1382400, c041e0e031cdd07aa1078f2ef567ef4f
0,        933,        933,        1,  1382400, 187f21f3176d0710787311a39cfbc9d2
0,        934,        934,        1,  1382400, edf15d0712a4dc8c3650f0079e00a5c6
0,        935,        935,        1,  1382400, 647461f28773047ee352b67fd9d27657
0,        936,        936,        1,  1382400, 9e4db9cd82db7ccc20db97c3e275774d
0,        937,        937,        1,  1382400, 4f1574ad474643d385c853970332a6dc
0,        938,        938,        1,  1382400, 42305e2c76ae3ac89b9a70e227fb7bf8
0,        939,        939,        1,  1382400, 02d11b564c42a6c0f43ca7c9cfcd5a95
0,        940,        940,        1,  1382400, 7834754dd7375b5578f18195ed8cea07
0,        941,        941,        1,  1382400, efdf4e4e75b0c3ce642988cc65aa448e
0,        942,        942,        1,  1382400, 6d5292f077b4563e834a53d1d116ce6b
0,        943,        943,        1,  1382400, e8f41a83a7afaa9bb6aa76f1ea424bcd
0,        944,        944,        1,  1382400, 42ec61a427a3454f517e5eb0e84e9921
0,        945,        945,        1,  1382400, db50719e4fba67714fc90c8f3f5809d8
0,        946,        946,        1,  1382400, 093a4ef8bc160d4ecf42dcb59f5416f2
0,        947,        947,        1,  1382400, 99dd299a568a78f8d5ef07598a7aa7ef
0,        948,        948,        1,  1382400, a719a78917210a6825a658c0381f2e6c
0,        949,        949,        1,  1382400, f027e5ba1cfa29c4c3fef2b46131302a
0,        950,        950,        1,  1382400, 4151dead04ef971ad15b837604a3f4b7
0,        951,        951,        1,  1382400, aa8ba0e4c954156e9a94217e792720ac
0,        952,        952,        1,  1382400, 1301c0c1bcd7170556beb37f15e4766c
0,        953,        953,        1,  1382400, fef469d5637e61a59a50484c8093c00d
0,        954,        954,        1,  1382400, 1e9cafd5f1d3731a6de5106c55d87a33
0,        955,        955,        1,  1382400, cc7236497588ee59b69bf8d78b20f597
0,        956,        956,        1,  1382400, e41e07b72baabc5b7e1479023be51fe7
0,        957,        957,        1,  1382400, 209929cdbc34d4140165a47520e29d6e
0,        958,        958,        1,  1382400, a73e9927852fbd28949962025f00bb28
0,        959,        959,        1,  1382400, 2b8438d9ad31c739e5806bbfac1ce2e4
0,        960,        960,        1,  1382400, dae844b52a355c18da1f4c8b72e4860d
0,        961,        961,        1,  1382400, d7329c3693fd0ff672687e1b5d0f2315
0,        962,        962,        1,  1382400, 0eadd6cd982630780ba392e255a10dde
0,        963,        963,        1,  1382400, 54de726758e69337dce68eea4bafae69
0,        964,        964,        1,  1382400, 5b4b885606d0d9a7649baa352ff3780c
0,        965,        965,        1,  1382400, debd0b1fdb886994689d251b21e3e34b
0,        966,        966,        1,  1382400, ded215555daead4ad657c1204631fcd6
0,        967,        967,        1,  1382400, 9723506a73565c459cb6253ec0e0669d
0,        968,        968,        1,  1382400, 55aa655cb13a04e08e9f4d8ad5681be4
0,        969,        969,        1,  1382400, b725048bd277ac6078e65371981b8c87
0,        970,        970,        1,  1382400, b56eecf554e6c40a8d5cee6fcc4d1717
0,        971,        971,        1,  1382400, 6cf85a3378e284c5aca9bf9357f16828
0,        972,        972,        1,  1382400, 64773847ba59d1ba715fa48e19a61477
0,        973,        973,        1,  1382400, a9d1a1c4ec84a887f90c4e05429255dc
0,        974,        974,        1,  1382400, 5fe224391341bbbc048efcbfee665c22
0,        975,        975,        1,  1382400, e952b37575220d86d458bb869fc63f65
0,        976,        976,        1,  1382400, 16b9eaa3f33a8a29423bfcb03426901a
0,        977,        977,        1,  1382400, f6ce2321933076058132c3b6cb81d527
0,        978,        978,        1,  1382400, 1b91b9f138fdb1d7f72ce5e02f9d33e3
0,        979,        979,        1,  1382400, 49f769feb2f3223d2a5532ee167d4403
0,        980,        980,        1,  1382400, 670f9cbcf5b19dbda8c06437ce9957a4
0,        981,        981,        1,  1382400, 8f061d512a6e18400c31be496fbc501b
0,        982,        982,        1,  1382400, 4cd80ed31eca332c095c03c14a0b960e
0,        983,        983,        1,  1382400, a1eea07dfe047d81a29c7049fc48abdb
0,        984,        984,        1,  1382400, 363a00e8c07a153f8024f03b6f7fa097
0,        985,        985,        1,  1382400, 07713dec03261d52c78a138b208fc84f
0,        986,        986,        1,  1382400, 64b20e7e5a2729c30a9c13918860f0c9
0,        987,        987,        1,  1382400, 3859e56931c7bc159359166e4c9ca18c
0,        988,        988,        1,  1382400, b32b6aeb73fb535761c6fe5286032f82
0,        989,        989,        1,  1382400, ff7edad465800484b9110181ca95225a
0,        990,        990,        1,  1382400, 14c56f1f0ac3811583f6346b7282bda7
0,        991,        991,        1,  1382400, f637214902c8ae279723f7aadeb8f88d
0,        992,        992,        1,  1382400, 601d15c124bc2ea0da47173db1f802ec
0,        993,        993,        1,  1382400, 1574548feaebf6c55d50d100926e067f
0,        994,        994,        1,  1382400, e05d79a17751765fb339a0989b87df92
0,        995,        995,        1,  1382400, 2346a47b53103c1584feb3bcc6adf81a
0,        996,        996,        1,  1382400, 6659f7276581745889d6a91975a60dbe
0,        997,        997,        1,  1382400, baee4e44c65e9eeb2f674aa75f2e3456
0,        998,        998,        1,  1382400, 0c2083456a25e019c7c0910e87e08e61
0,        999,        999,        1,  1382400, 5cf59aaa90f2e40d512c287edade65a5
0,       1000,       1000,        1,  1382400, c74d731f72fee3f3546a0ec1b2f3d602
0,       1001,       1001,        1,  1382400, a28a2228087c8196872c022239bfe109
0,       1002,       1002,        1,  1382400, 11b9b8609b3d968981b1fbfc625df8ea
0,       1003,       1003,        1,  1382400, f43097e365db7cfb6fb8b495ecf6d8c2
0,       1004,       1004,        1,  1382400, cfb6f16f43527ceca6896ebccc1cb937
0,       1005,       1005,        1,  1382400, 81aca41db589402061e9e739b2a3f255
0,       1006,       1006,        1,  1382400, 39b4fff1c97efe2ded79aa94103a2da4
0,       1007,       1007,        1,  1382400, 3951b3a8f31548beb01c220d15e97303
0,       1008,       1008,        1,  1382400, 3bd0f03a96e8565725e93ce4e6584739
0,       1009,       1009,        1,  1382400, def9791455380cb169f476f9714fedda
0,       1010,       1010,        1,  1382400, 722e82277954f5872941244ddac50bcc
0,       1011,       1011,        1,  1382400, 8e6f0497034bd10117cd77813f8f0d93
0,       1012,       1012,        1,  1382400, 6fbe4c072f5f3058c1d3a2faa803f259
0,       1013,       1013,        1,  1382400, 27e1bddfe24096831337e7aa065ba058
0,       1014,       1014,        1,  1382400, 05b949802e83c1c0024bd4cbe863a787
0,       1015,       1015,        1,  1382400, 9f8af7957ed3901e232c32a3559268a1
0,       1016,       1016,        1,  1382400, d5a29a90a248cac1d4f161eb2117d633
0,       1017,       1017,        1,  1382400, d92fdf63335ec02ee1aa547f523d3c62
0,       1018,       1018,        1,  1382400, 920110797a570c59dcb75cbe8fdb5965
0,       1019,       1019,        1,  1382400, 41762e2b84701f99a6f2603f2f9ab2dc
0,       1020,       1020,        1,  1382400, ef0afd517383002ebb2b679d4aefe9a6
0,       1021,       1021,        1,  1382400, 144995e0c0d74b2efe96a7758c9146c4
0,       1022,       1022,        1,  1382400, ec10dae5a08dff756a93891af7eecfa6
0,       1023,       1023,        1,  1382400, 975e39f68178e329a193ec9fd131b1e4
0,       1024,       1024,        1,  1382400, f71ea3893fe0b334b34da08599e86b67
0,       1025,       1025,        1,  1382400, c173e096c19873b604ec41ca629eb4d8
0,       1026,       1026,        1,  1382400, 0a043a716fbf86fc3642e1ce7e00fd7a
0,       1027,       1027,        1,  1382400, 2d14618b5a6822e6b6131ae7e2ae3178
0,       1028,       1028,        1,  1382400, e63612aed904363eb93432e3ea85683e
0,       1029,       1029,        1,  1382400, cb51d8ffa0e12659fcdc8d99bd0642eb
0,       1030,       1030,        1,  1382400, ecfa52718030737f12a9d6479b5ce0e0
0,       1031,       1031,        1,  1382400, 7a7cf498e2c8162c01cdb57a40ce834d
0,       1032,       1032,        1,  1382400, 80a1ee9b76da4afdddd637fe0ec46214
0,       1033,       1033,        1,  1382400, 0a70c8f1ea2d9b9e1e422d1bca20223d
0,       1034,       1034,        1,  1382400, 144cf5d58d64f7f21ceec112796545d5
0,       1035,       1035,        1,  1382400, 94608835f354764997725c437f3bdb18
0,       1036,       1036,        1,  1382400, 17bbf30373709f591fe88700b7892a6c
0,       1037,       1037,        1,  1382400, fab11a1e3069df9f5865a751e9bf78c4
0,       1038,       1038,        1,  1382400, b59d1b4ef58b992279f314facd5889d2
0,       1039,       1039,        1,  1382400, ddffe4f0f7abfa8fef8603a67bbf79cf
0,       1040,       1040,        1,  1382400, 0432668157519d15b3e2f002eac1e301
0,       1041,       1041,        1,  1382400, cbd75400766dac6556565d7257a8e2e5
0,       1042,       1042,        1,  1382400, fbe28ff1f589795bcc60c822ceb6ffdd
0,       1043,       1043,        1,  1382400, bf7d3d6a4ea8b69e867e22d2f24a019d
0,       1044,       1044,        1,  1382400, 04d1d94d8dbeb54a81863dc1932acf3b
0,       1045,       1045,        1,  1382400, a422c45003fd213304ed77b9c413f2ec
0,       1046,       1046,        1,  1382400, 2048351167dcc97cb4e31b45e7121b94
0,       1047,       1047,        1,  1382400, 00082dcf0ff274092004b49a03d64ca2
0,       1048,       1048,        1,  1382400, 4c258e148b7833a45c4f89e571881d09
0,       1049,       1049,        1,  1382400, b6a680acd514ba0377aff1e8cb34fbf0
0,       1050,       1050,        1,  1382400, 70a9fb96495580b765cdf0b4c6a0fc24
0,       1051,       1051,        1,  1382400, 008a8f4e12f7d93a4282278cb7afd6fa
0,       1052,       1052,        1,  1382400, fa116a15a992230e6f252363bf35a19f
0,       1053,       1053,        1,  1382400, cb09fece9f3010b064fec5dcd2eb32c8
0,       1054,       1054,        1,  1382400, 7fb9795e4dbab4348a9b1a72d32cee36
0,       1055,       1055,        1,  1382400, 8eedb2a76979b3cfcd4e351ddcee7bca
0,       1056,       1056,        1,  1382400, bab9309e2f3aa2f6d702ac6da95bc06f
0,       1057,       1057,        1,  1382400, a794307d8682917935c8a95dd9779a44
0,       1058,       1058,        1,  1382400, f8303e5c1862e359c0f4e1acac2a3507
0,       1059,       1059,        1,  1382400, b0839b9926acc2fedbe7721936976d98
0,       1060,       1060,        1,  1382400, f920e82915074d698ec9230014f755d5
0,       1061,       1061,        1,  1382400, 04abe3d1f18d45230ee1a5a17d3ee467
0,       1062,       1062,        1,  1382400, 9ba5749df9487353ea10fc8240f4ee38
0,       1063,       1063,        1,  1382400, 72ffd0ee6ae26bfff2c669f1de935805
0,       1064,       1064,        1,  1382400, 7fea38605fbb9be60c24731721a51aa7
0,       1065,       1065,        1,  1382400, 7a9022b659c19d34590c075e702abf60
0,       1066,       1066,        1,  1382400, 50f8d5f3450761e3d55bff1b9a186da6
0,       1067,       1067,        1,  1382400, d63141a24c8ff763fb545bde8402ee1b
0,       1068,       1068,        1,  1382400, 30389ec65b5b947a645d9d9f623863c5
0,       1069,       1069,        1,  1382400, 4ebcfa209d7ab19cb7ece437eeb36bad
0,       1070,       1070,        1,  1382400, d7a703e9b31c84657292e7123b9cdc2b
0,       1071,       1071,        1,  1382400, f4375638854809fe263f9034363486aa
0,       1072,       1072,        1,  1382400, 6a142f1dfdc18ed20fa93ae8b7ad35e6
0,       1073,       1073,        1,  1382400, 193660194a92b0d13935ddb0214c74e2
0,       1074,       1074,        1,  1382400, 4fb227b2d7561dffd170cb7f0bef3333
0,       1075,       1075,        1,  1382400, c9a3a6b4cf712d34faae32185c5fc49a
0,       1076,       1076,        1,  1382400, 0f4cdd04a7fb41ecd4e5303a7e0fe91b
0,       1077,       1077,        1,  1382400, daa703c35be13b288c6a77f0203afa95
0,       1078,       1078,        1,  1382400, e504d33e5d5038c375ec2a3eb9eee4b2
0,       1079,       1079,        1,  1382400, eaf7ed5144c47470c157522ca4922b3c
0,       1080,       1080,        1,  1382400, 9836d4d16149215cf6687bcd9bf92929
0,       1081,       1081,        1,  1382400, 56e6d6d645d6c4cdada77c561b9d43ce
0,       1082,       1082,        1,  1382400, ce4d8e3632e1a0e1a2d8a2d00888f666
0,       1083,       1083,        1,  1382400, c44cf6a28b910b9f7ce22764b93f7da2
0,       1084,       1084,        1,  1382400, 17bad36b94880e3930e093627deb34f1
0,       1085,       1085,        1,  1382400, fab66b824cc1be5750e71387fb4ce706
0,       1086,       1086,        1,  1382400, e8b7d8298ca39d96868e1be775fc06dc
0,       1087,       1087,        1,  1382400, 85f0dd227b48ef472ff26447af94d1b2
0,       1088,       1088,        1,  1382400, 53d27e2f2130166c9707dfdc84f7b9da
0,       1089,       1089,        1,  1382400, ffe64003307586aa669745e4da7ef87d
0,       1090,       1090,        1,  1382400, dba64155fe8dbdbfc7030ac0eb9e91c7
0,       1091,       1091,        1,  1382400, 5ff53421fa5b19fe4a4a019b3d886d2b
0,       1092,       1092,        1,  1382400, 25dc09ae660c931069981b92eba5fcf1
0,       1093,       1093,        1,  1382400, 02bbdb3e51e959ca409912e24bc1801d
0,       1094,       1094,        1,  1382400, c9c4b7160810832ea7d7345f2b584123
0,       1095,       1095,        1,  1382400, 4889b35ba8393fce18484b1b9e50c7f4
0,       1096,       1096,        1,  1382400, 915934e58c85c89d62850847d49ffa88
0,       1097,       1097,        1,  1382400, 9fcf47549e39a9dbaeea4010473f77ae
0,       1098,       1098,        1,  1382400, 989bd3713d6fa4db07ef25c1e9fe39bc
0,       1099,       1099,        1,  1382400, 36849a184c9a3745947a35206f0800e8
0,       1100,       1100,        1,  1382400, 4e5cc6ef448c2879dc0d2ca3dd885f58
0,       1101,       1101,        1,  1382400, 446dfa8314fb27a48bedffcc58e3ecbc
0,       1102,       1102,        1,  1382400, cb7103033578b9f71bf1dd7834d523d0
0,       1103,       1103,        1,  1382400, 077c4ca9ed812c8959ec354f4ac4c33c
0,       1104,       1104,        1,  1382400, fc66e7352a7e3c8264d1b552a85e84db
0,       1105,       1105,        1,  1382400, f48b1e36a226c054208b62d8e69d8094
0,       1106,       1106,        1,  1382400, a445232f57d488cdfc0ad8b8e526c496
0,       1107,       1107,        1,  1382400, 34ed4f9dc4e04a4bdfe40c2095746943
0,       1108,       1108,        1,  1382400, e32244de65f132e74918b64dc07d4909
0,       1109,       1109,        1,  1382400, faf8b1591a8e5fa23f837cb5cfa8d4c8
0,       1110,       1110,        1,  1382400, fae534a2be808b531952af196ca758ab
0,       1111,       1111,        1,  1382400, 4728043528a7208c702d41b9f56b59a0
0,       1112,       1112,        1,  1382400, 1714e2a79927f1f6a14b1c8ed66fa17b
0,       1113,       1113,        1,  1382400, 4a8519e4cd83c3c13fd6c778b67115fd
0,       1114,       1114,        1,  1382400, 0102d55681827b31d2fd54cbfa1a19be
0,       1115,       1115,        1,  1382400, 8b41fba0c2f1e3c9b11f0b711b55dae4
0,       1116,       1116,        1,  1382400, 694df98c7ab8aaf3acb15629497db41d
0,       1117,       1117,        1,  1382400, b33e3bd05987fc072c2d66ba0475305b
0,       1118,       1118,        1,  1382400, 8d34217f8d21e0d618469b19e4b068ad
0,       1119,       1119,        1,  1382400, d2b22ea47a480c1664ffade98ec51c78
0,       1120,       1120,        1,  1382400, 24714507798056b0b6dee206496beec9
0,       1121,       1121,        1,  1382400, 66f6e5b6b99df5fe1c0261f1343269bc
0,       1122,       1122,        1,  1382400, 9f9619745e2b6801816446d445eb8933
0,       1123,       1123,        1,  1382400, 5b95be5748e2fa53d484ae9576145fc2
0,       1124,       1124,        1,  1382400, 3358d4cdf939a3584c5beb255e9b74d1
0,       1125,       1125,        1,  1382400, 30fddc565df005be3b3d9e8dd51c2fc7
0,       1126,       1126,        1,  1382400, 0ab41dee967bab032f3613cf81f6a259
0,       1127,       1127,        1,  1382400, 222109fd2bccabee41ead919a2a609c6
0,       1128,       1128,        1,  1382400, 16fcdc8a29f3520040250da788b18fce
0,       1129,       1129,        1,  1382400, 19de8a2f5ad68529e5eb919c42768d0c
0,       1130,       1130,        1,  1382400, e6b60c7084441fcddccb94796e3c59de
0,       1131,       1131,        1,  1382400, f726cb47747b78c8f493bb527f846eff
0,       1132,       1132,        1,  1382400, 54ac48ac7fd3f3abf0f7d744fa81860e
0,       1133,       1133,        1,  1382400, 8918558855533ce9ef51a144139d05d4
0,       1134,       1134,        1,  1382400, 410939d16acf8cf2c429159129157008
0,       1135,       1135,        1,  1382400, 42cef4e50ed1cb476bff5c610ae7ac68
0,       1136,       1136,        1,  1382400, 7e04bec9d1022a58f8f782a2bc7841f9
0,       1137,       1137,        1,  1382400, cdf9973aa3704ab4124429e244184176
0,       1138,       1138,        1,  1382400, b9df090137fc2055e4b59257da3366c1
0,       1139,       1139,        1,  1382400, 3825ed397735fc11d71786d56c5e07b6
0,       1140,       1140,        1,  1382400, dc1cb23c9c7ec8c77e7db03f58f9a228
0,       1141,       1141,        1,  1382400, cd7c4ae49b9e18ea0af4c3511383e68b
0,       1142,       1142,        1,  1382400, 08c66d8e29807c78e1a85d59f190a944
0,       1143,       1143,        1,  1382400, a070f51ee6b59e9bc7f7371f35a6d37a
0,       1144,       1144,        1,  1382400, 8cc410fd7dba3b6ff7033861ff8b45d0
0,       1145,       1145,        1,  1382400, 31a10e9338fec60eea9851b086885694
0,       1146,       1146,        1,  1382400, a1db3ea8e6ed97777870b63c802c4701
0,       1147,       1147,        1,  1382400, 3bdb18e23a2e59612a130f8ec18a0662
0,       1148,       1148,        1,  1382400, b806d13c3cd3969806271080c6e2f51f
0,       1149,       1149,        1,  1382400, 6ca4ba75da9c518ee9d1ced042510508
0,       1150,       1150,        1,  1382400, 2515b827688bb424dcf6f995c4fea9c9
0,       1151,       1151,        1,  1382400, 7a24f6ef03b5b41e45110a64cb7a490e
0,       1152,       1152,        1,  1382400, b58a385b9a2033118451f2986d15057f
0,       1153,       1153,        1,  1382400, d3fb0122c8c153f7fb556888e26d93c2
0,       1154,       1154,        1,  1382400, 9d9ed4e73382f0df807cb06fcbee1def
0,       1155,       1155,        1,  1382400, c4d413c344ca730653737ea20fed22da
0,       1156,       1156,        1,  1382400, d9d2b75b574690254d0fd09cdbc6ef09
0,       1157,       1157,        1,  1382400, 8a9a36b4e86dd468750dbdcb0d68540e
0,       1158,       1158,        1,  1382400, 1974b3900ea576b7d85cf97baf611254
0,       1159,       1159,        1,  1382400, 06d8ec4bbef427b526fda43138a7f235
0,       1160,       1160,        1,  1382400, c5222833ce1ad5317716b042c3af6724
0,       1161,       1161,        1,  1382400, a3392f0fd769e020dced33b9b28b728f
0,       1162,       1162,        1,  1382400, dbb3ecf62a54a3ff0d558927fe5942c2
0,       1163,       1163,        1,  1382400, fe4b699129356f97903b22f46ed01f71
0,       1164,       1164,        1,  1382400, 0b22f3b2785c203449742d89c85a8785
0,       1165,       1165,        1,  1382400, 28e438f2ad7788627dd7a83f191ecbf5
0,       1166,       1166,        1,  1382400, 8a7067534f799b530d7570f723b86da9
0,       1167,       1167,        1,  1382400, 0fc5d704a714990bb925cd83ce4242bc
0,       1168,       1168,        1,  1382400, c2106abddd747602eb34e739ab5ff46c
0,       1169,       1169,        1,  1382400, c1bb68fcd7dcc6b5d68ee28fd0e59216
0,       1170,       1170,        1,  1382400, 8412e3646af16afec8f8514a271bc306
0,       1171,       1171,        1,  1382400, 58de86cfce6979e9fe31918c8af41d50
0,       1172,       1172,        1,  1382400, f793ba96c0ff4d34696d8dabe8754576
0,       1173,       1173,        1,  1382400, 85c572e1dc21d8262739bb77dfc235e1
0,       1174,       1174,        1,  1382400, 03e6394cd462e3d283a8abda79c4c7ad
0,       1175,       1175,        1,  1382400, 54f045b294e4ce62c7ae8b69ad97c7e9
0,       1176,       1176,        1,  1382400, ed112db110e6b3587b2b00d14325b352
0,       1177,       1177,        1,  1382400, 1efaf799bea9009f4e683b80ec8acdea
0,       1178,       1178,        1,  1382400, 55f7031119179755d9872dc6fa813de9
0,       1179,       1179,        1,  1382400, 8a8efa3d726d679aab55ce860fe32b19
0,       1180,       1180,        1,  1382400, 3650a15ec13106e17f9f8ef134b135ab
0,       1181,       1181,        1,  1382400, 8d9e56ccdd7c288ffb86b9c1c366f980
0,       1182,       1182,        1,  1382400, 947c1b7a5c60a98c7fb0984b2bd8411e
0,       1183,       1183,        1,  1382400, 68fe625f5b823aae7eee33945145e587
0,       1184,       1184,        1,  1382400, 923c6fe8ecf14995461069e6b4838ec1
0,       1185,       1185,        1,  1382400, d4efe1d798c4855b5b3c43a070afc73a
0,       1186,       1186,        1,  1382400, 50519a47cfb4ab45b2d83bd77bc8ae72
0,       1187,       1187,        1,  1382400, 3f2747c8f42008ac57d522353cc0497f
0,       1188,       1188,        1,  1382400, ae0f51d459a4480761b064674ae7918f
0,       1189,       1189,        1,  1382400, d49de5dbe0db187efdcf7c235fd9955a
0,       1190,       1190,        1,  1382400, 97c30673515c5b7a814d630369e6c688
0,       1191,       1191,        1,  1382400, e5787b842b521f4471fd2e99ee1d96a2
0,       1192,       1192,        1,  1382400, 3e66d8e1e2ce49dfaf6dac58f0c7c7c4
0,       1193,       1193,        1,  1382400, 849e65335d6e88b9feabfccfce032777
0,       1194,       1194,        1,  1382400, 11d9e87852001ca6c46f943ce73fef15
0,       1195,       1195,        1,  1382400, 385115ee0e6d95bad7492f5ebec34c6f
0,       1196,       1196,        1,  1382400, 1a72679a90583c1e5040ea5a7aa26354
0,       1197,       1197,        1,  1382400, c6839bbd8565d5a7a170c7a5a953cfe9
0,       1198,       1198,        1,  1382400, b1fc6fddafb658c15d81eb2f9f8cc618
0,       1199,       1199,        1,  1382400, 83d48d7de9821663cddf8fe8c3dd0153
0,       1200,       1200,        1,  1382400, e478bd59319f9ccdafa461125de2369c
0,       1201,       1201,        1,  1382400, f9c744dc4604184dd0de3ff03673a028
0,       1202,       1202,        1,  1382400, 9e6c523c50b1d98192a9521ce6607653
0,       1203,       1203,        1,  1382400, 1acabe6ccbabd29bda78e369187ba556
0,       1204,       1204,        1,  1382400, f31a4c44e8058e844431296ff5c45765
0,       1205,       1205,        1,  1382400, 34ec05972dacee77de5834eaa6be902c
0,       1206,       1206,        1,  1382400, 0507c957a2d6524cea44c640b42aac75
0,       1207,       1207,        1,  1382400, 1aaa1c7abda9b076f5accbe12caf3f65
0,       1208,       1208,        1,  1382400, 54aa778058dd7a301e8911d03a74a96d
0,       1209,       1209,        1,  1382400, 92ab38718b95d10257e27a6e25266f61
0,       1210,       1210,        1,  1382400, 23f1032b811b4d5c219ed6800cd15f8f
0,       1211,       1211,        1,  1382400, a417c9df21cb620f021500def8852995
0,       1212,       1212,        1,  1382400, 09adb81c2800f221a33d602a4c7603b0
0,       1213,       1213,        1,  1382400, 703203e8c584375742acd82f9bc928d8
0,       1214,       1214,        1,  1382400, f71d674ba405b62b6a950eb291372a20
0,       1215,       1215,        1,  1382400, 9e5d67ce66cb747d42cdd4e1a4714835
0,       1216,       1216,        1,  1382400, b1879356cf66c9dd971ac629cfd48796
0,       1217,       1217,        1,  1382400, 22ac39c28534f9145ae3eed44f38a1db
0,       1218,       1218,        1,  1382400, 66ea3af9d6db4cc0e121a582d008edd7
0,       1219,       1219,        1,  1382400, afe075f7f4022f2b06c4bf8afa0faeae
0,       1220,       1220,        1,  1382400, 01de7890afaf7ad57090d97c8ad378a5
0,       1221,       1221,        1,  1382400, 543fab29c73cd1f34f638e49fba8ae12
0,       1222,       1222,        1,  1382400, c6deb1415c7eeb2914c08c2c8d256b10
0,       1223,       1223,        1,  1382400, 2ad08f28b6e81ca164b3baa361e3af67
0,       1224,       1224,        1,  1382400, 63a445059a3302a0f3b9f5194a756244
0,       1225,       1225,        1,  1382400, 19024606c03a68cd2b241d4a67394bb4
0,       1226,       1226,        1,  1382400, bb0dab67bd716330d7c9ec0a22e34fe5
0,       1227,       1227,        1,  1382400, 112ab11d1367c2a819fe1a4201bf38bf
0,       1228,       1228,        1,  1382400, 53fe5eb74ea1545c4d05a02409570e63
0,       1229,       1229,        1,  1382400, 4f03aacc3b4e37d6261365a46f459795
0,       1230,       1230,        1,  1382400, c9107d862ed7d75678066cfa69438f4f
0,       1231,       1231,        1,  1382400, 19e09173aab8196979bb9be7b99b3d9a
0,       1232,       1232,        1,  1382400, b825c97211856963e2b84f59fc0f55af
0,       1233,       1233,        1,  1382400, 6d772e2f78f37e850291df93b034e90b
0,       1234,       1234,        1,  1382400, 7ff0f1c8e6b183272a9f703e1d39b095
0,       1235,       1235,        1,  1382400, 5e266bf9e5ec722cc32cccd79c5e4918
0,       1236,       1236,        1,  1382400, 63c3e0c8a9a6e134aa9a8dd9774befaa
0,       1237,       1237,        1,  1382400, 0f1e9d363a826f83211279da732feb72
0,       1238,       1238,        1,  1382400, a0bf4d310965032b0a610aee91f4929d
0,       1239,       1239,        1,  1382400, 3d35ea115340992c987cdcd6ebd2dc80
0,       1240,       1240,        1,  1382400, 1194aef23ff2ebaf3d9b2b853ecb682a
0,       1241,       1241,        1,  1382400, e74733a140380ca6c902c43fb1578a80
0,       1242,       1242,        1,  1382400, d4019e8f85b0e365b831fef8c481eef5
0,       1243,       1243,        1,  1382400, 5b6d48e1acc61cab7a88e5f318d67b18
0,       1244,       1244,        1,  1382400, d02cfe30a4802805e49f09b7ac3d8083
0,       1245,       1245,        1,  1382400, 21829997d848dd63e007582113ab7b8c
0,       1246,       1246,        1,  1382400, dd95a089fd04695dcbc5bcf899f3d48d
0,       1247,       1247,        1,  1382400, ef1aef9d15b7052680b42b11dbec435b
0,       1248,       1248,        1,  1382400, 1a0dda1948ecf3ad1022a86b7b3971e8
0,       1249,       1249,        1,  1382400, 46520c0c2ed88ac96798b2c721c2874b
0,       1250,       1250,        1,  1382400, 8531e7fe4d146201cf6d38c9c51f92b0
0,       1251,       1251,        1,  1382400, 285917b1c6064a2fcf7416ccd18d6357
0,       1252,       1252,        1,  1382400, 108aa47b1af8a39992b239bb3aa5137d
0,       1253,       1253,        1,  1382400, ebae6ba2684076af8ca7aaf857e38ffd
0,       1254,       1254,        1,  1382400, 9c1c0a1fedb0cd92a538c902ed3767e4
0,       1255,       1255,        1,  1382400, 5b52a39afa9a8dba6db3f28b513e5809
0,       1256,       1256,        1,  1382400, 54bbcba77a445673b1bb24f6bacddd95
0,       1257,       1257,        1,  1382400, 05e0dc2b85b617e8f5cf109fcdbf8d07
0,       1258,       1258,        1,  1382400, d1b550d9c9e745d667a838074bb8edd5
0,       1259,       1259,        1,  1382400, 15a485e9b3296894a470bad18503eb3e
0,       1260,       1260,        1,  1382400, 508f146335a818cc320c950a0635fefa
0,       1261,       1261,        1,  1382400, 3e248bf2dbabe51b8730d6fb24dd4627
0,       1262,       1262,        1,  1382400, fca23c3dd9410a53d413075b565593e4
0,       1263,       1263,        1,  1382400, ecce4019baefb6b480e73a3fa7b2d7f5
0,       1264,       1264,        1,  1382400, fc2db4fad6a8f6499900ddc8366e8ec5
0,       1265,       1265,        1,  1382400, 94baffefbb4871f1dbb51fa024311886
0,       1266,       1266,        1,  1382400, 0a16c6e47490681426b784e9287153f1
0,       1267,       1267,        1,  1382400, a5fcc7d7c6bee252f82fdd29379ecfeb
0,       1268,       1268,        1,  1382400, e689e6726d6ee98dc447ee3ad839701a
0,       1269,       1269,        1,  1382400, 3d2ababd84b818d4e5d93250326581d5
0,       1270,       1270,        1,  1382400, 3444eafff8a57a59780740f11e375e6f
0,       1271,       1271,        1,  1382400, a3c4bf3bb21724543fa18a78a6f6c071
0,       1272,       1272,        1,  1382400, 9ba3f388466f4966e388325c609383ec
0,       1273,       1273,        1,  1382400, f56902985a9a06669d418b07231b93fe
0,       1274,       1274,        1,  1382400, fa2fb093a3fa64995107baa4d6808ca1
0,       1275,       1275,        1,  1382400, df9ea1b8f9dc41fdc46f3e88feb4ed2f
0,       1276,       1276,        1,  1382400, 79a65411013011e643970418fb8cab2b
0,       1277,       1277,        1,  1382400, 387a234c8e28a4c4362ac8c8039a7f70
0,       1278,       1278,        1,  1382400, e36065b40dcc7160908f0337712da763
0,       1279,       1279,        1,  1382400, b98989b790ad69283cefdbad28e904fd
0,       1280,       1280,        1,  1382400, 2e5cbace4be1e640fe5eb9b3fa9312be
0,       1281,       1281,        1,  1382400, 4618560f129943339ace319e6f2d271f
0,       1282,       1282,        1,  1382400, 23767f0388d1ef21a61cc67c1358ff7b
0,       1283,       1283,        1,  1382400, f4930a2f348b1b1b36ab1c90667de608
0,       1284,       1284,        1,  1382400, 107e530a4daadeb49f5d11b18aa0623a
0,       1285,       1285,        1,  1382400, c44ae93c4eeab6cc8393f917203ca415
0,       1286,       1286,        1,  1382400, e96f513b5def0990a851062096292046
0,       1287,       1287,        1,  1382400, 84d1a5d675e405231f6cbb85c1b0c852
0,       1288,       1288,        1,  1382400, 6c62e3e936b368941c573f1cbecaddc8
0,       1289,       1289,        1,  1382400, 3432071a14e7a130df526dd024efed1b
0,       1290,       1290,        1,  1382400, cb718410198e47a03a56734b67eaed8d
0,       1291,       1291,        1,  1382400, 08286936a7fda39940aaa338958ec62f
0,       1292,       1292,        1,  1382400, 7c1aa2610c881e1b7183e79ad3ed104c
0,       1293,       1293,        1,  1382400, 24a214984b11ae7294e520467c6bb1cf
0,       1294,       1294,        1,  1382400, 8850080bef55f3c928d6aa24eb1fb319
0,       1295,       1295,        1,  1382400, aa61f6e6899f4342e7bb6d045ddfbdbb
0,       1296,       1296,        1,  1382400, 72477cccf277ce976a95bcea2aab49c1
0,       1297,       1297,        1,  1382400, 1aff30401fc5c44328ed05ac7faaab38
0,       1298,       1298,        1,  1382400, b9652702f769e3555c05476367e7f896
0,       1299,       1299,        1,  1382400, f6210a35b09055e7fd9fac5770bb8fe0
0,       1300,       1300,        1,  1382400, 5b29247f1fbcc3945937261083739bb4
0,       1301,       1301,        1,  1382400, 8908eb3e29c3d9fccd80883782301482
0,       1302,       1302,        1,  1382400, 147a5fed5e30dd457a00c2e84aff0f44
0,       1303,       1303,        1,  1382400, 0cf5c574b9200938ecd46a7f9f72993b
0,       1304,       1304,        1,  1382400, 5bcc16a9b4e93e568f421da2b119f001
0,       1305,       1305,        1,  1382400, 184c264ad0a4fbaa51875aac5e3397f1
0,       1306,       1306,        1,  1382400, ecc04729a6793f735860287567e0d3d8
0,       1307,       1307,        1,  1382400, 70c381a402136c66b416859e1bf10a2b
0,       1308,       1308,        1,  1382400, 3f26c85a6927ca4ed426b30705397b44
0,       1309,       1309,        1,  1382400, 3054d1c48cecb65db01ce764def220e6
0,       1310,       1310,        1,  1382400, 5a100bf6c38b412dedc059b21c22b11f
0,       1311,       1311,        1,  1382400, c553d88050613d26858f61381f4786be
0,       1312,       1312,        1,  1382400, 909e17c3a185bba8d7f6b924852a6c1a
0,       1313,       1313,        1,  1382400, dc446c4e9902f9d82d1f62777eb4fbda
0,       1314,       1314,        1,  1382400, e29967b1c34cdc9ee8a699010d9a74e9
0,       1315,       1315,        1,  1382400, 5afce0aee0a22dcab38f5398e129e998
0,       1316,       1316,        1,  1382400, f958fd75350dd9b5e0e675f828eef0c1
0,       1317,       1317,        1,  1382400, 7485d8b54ed63eeeda0a137672a1fdd0
0,       1318,       1318,        1,  1382400, cac984768fb31a8ed485e98f2851f8de
0,       1319,       1319,        1,  1382400, 130136f547cac30bc373019cd7f54894
0,       1320,       1320,        1,  1382400, c377ef3caea9a0fdc1d2957ba778e02c
0,       1321,       1321,        1,  1382400, ade9125a9536280af76186b675ea06df
0,       1322,       1322,        1,  1382400, 210112e643738721b75897a20968c040
0,       1323,       1323,        1,  1382400, ee8e072f9a9d38f429877db6d47b88db
0,       1324,       1324,        1,  1382400, bc50550c2df3173806d23c6a59d10c4d
0,       1325,       1325,        1,  1382400, 3fa71c8d452cb3f81adf6e837f66be2f
0,       1326,       1326,        1,  1382400, 79134cc9d073f8a9e721c983cfb99105
0,       1327,       1327,        1,  1382400, ec70d220db3a2d38e1ffe17405ffbaaf
0,       1328,       1328,        1,  1382400, 686587c80d3aad3375ae0a476bbb2867
0,       1329,       1329,        1,  1382400, 0b3841cba7ccfc59bfb45144c5bc5f77
0,       1330,       1330,        1,  1382400, 342de4750feaf25b5a855af115fdce4c
0,       1331,       1331,        1,  1382400, 4285c8fecd2855462cdd01c1d8b0d544
0,       1332,       1332,        1,  1382400, 8e7bf7415240bdcc1c76af93524daa05
0,       1333,       1333,        1,  1382400, c3a5b5f996ae3e1bfebe681f45e8fdb2
0,       1334,       1334,        1,  1382400, d07b8ed42dfe060598a380367d99a438
0,       1335,       1335,        1,  1382400, 10ae3d9a41f02aa50a99e66d2fc8d121
0,       1336,       1336,        1,  1382400, abdfb74fb898ecebcce4109798668352
0,       1337,       1337,        1,  1382400, 0f735067a1b924c5b8262bb26c0fa536
0,       1338,       1338,        1,  1382400, f6c4e66e2c2fe91019830b8cf7a554c3
0,       1339,       1339,        1,  1382400, d3b31051ca5895fc4437b3e421fe1fc2
0,       1340,       1340,        1,  1382400, 80602ebb24db338647b85d7c9f422f2a
0,       1341,       1341,        1,  1382400, ca8a653e81eadfa2589ff8acacdbc734
0,       1342,       1342,        1,  1382400, 7df2a6e11d635dd8f5a57daa3f4b8b8e
0,       1343,       1343,        1,  1382400, d9d7c1f3fb4a9b3cc770a442d6f497dc
0,       1344,       1344,        1,  1382400, 3635e44a2dd28100c4eee046bad342f1
0,       1345,       1345,        1,  1382400, 851eb21bcefd2c87e2cd2f597225bf27
0,       1346,       1346,        1,  1382400, b9ad10662014c0fb1946f3854abc53d9
0,       1347,       1347,        1,  1382400, 876b0262c9466cb9f14993df0d8cc2ab
0,       1348,       1348,        1,  1382400, 27d0af9c46455aa49d07be6c9c24fa34
0,       1349,       1349,        1,  1382400, 31a4e1f95c90ec505a67650dd41a6359
0,       1350,       1350,        1,  1382400, 4df0510d34c63d99082c377b76af20a9
0,       1351,       1351,        1,  1382400, 1b139cf37579bafe14289e1bf2de4fd4
0,       1352,       1352,        1,  1382400, f5b73f485a7de5a24e1bc591524b41dc
0,       1353,       1353,        1,  1382400, 1ee94db8a8f881939de624cdd72b5eaf
0,       1354,       1354,        1,  1382400, fc77ccde756792e584040cc39a387efd
0,       1355,       1355,        1,  1382400, 37595d6cf8178bf9e44e1e00614702e9
0,       1356,       1356,        1,  1382400, 5cf3ebee5f41fb38a8e92715608f598d
0,       1357,       1357,        1,  1382400, 387b064fa24656f4497ba71111117d66
0,       1358,       1358,        1,  1382400, 4b2f08094dcf76ec39e83ee8c6de1aaa
0,       1359,       1359,        1,  1382400, 530c5c389efc952f04806f0bda0af5ce
0,       1360,       1360,        1,  1382400, 4a3307b8fbb20961903d2fa67e9af753
0,       1361,       1361,        1,  1382400, 4467950d2fad9b113216e9d24d04474e
0,       1362,       1362,        1,  1382400, 8aa82e872640355107948dac391a1721
0,       1363,       1363,        1,  1382400, c760c8fe063ca288df4ceced1eec1a4b
0,       1364,       1364,        1,  1382400, 98d731886f112c82dfb3e1982b64ff78
0,       1365,       1365,        1,  1382400, ae778c4d75aab3b1984d1a90c5939eed
0,       1366,       1366,        1,  1382400, 7a4a1b7223fa9d6ca71e6cc354ff7481
0,       1367,       1367,        1,  1382400, cabfa5dd99205d8ae713005b3d332a31
0,       1368,       1368,        1,  1382400, 9a7d85b7093e9c4c0aa9456ebd1b4c1d
0,       1369,       1369,        1,  1382400, 2e870f3608b6f9b330b2779ac4eba0e3
0,       1370,       1370,        1,  1382400, c2f93796985823ee60d55cce82ff6ce0
0,       1371,       1371,        1,  1382400, d16f35c9cebcaa9210ecdec8c9228578
0,       1372,       1372,        1,  1382400, c592ef023488218c572953e4bf398734
0,       1373,       1373,        1,  1382400, 5e430db2bb0a1e9919ddf6aab6992a69
0,       1374,       1374,        1,  1382400, 04faf785a2906744f82258eba461c0f4
0,       1375,       1375,        1,  1382400, 97ee381d15c8a9c9aaf8b035b1b6773d
0,       1376,       1376,        1,  1382400, b86100c6875ba19bbdc6816533c3ed42
0,       1377,       1377,        1,  1382400, 9fa098601c786ae954168f4053894084
0,       1378,       1378,        1,  1382400, bdb79f534fcffe97927fb5917db90914
0,       1379,       1379,        1,  1382400, 9e31ee9de7c5715d5ecefc7e153b7606
0,       1380,       1380,        1,  1382400, 2a240bcab3a75779830d07767af0a491
0,       1381,       1381,        1,  1382400, 460fb45d3fa0c328d84972dfb80e6d6c
0,       1382,       1382,        1,  1382400, 903a3861ce5b14362ad140c059f20d2e
0,       1383,       1383,        1,  1382400, 074f60d4239ece6cf2d0e143113d2c3b
0,       1384,       1384,        1,  1382400, 444ede607c90ef36fc1c13f8aae4e8ad
0,       1385,       1385,        1,  1382400, 344063f961791c9c49110f90461e9492
0,       1386,       1386,        1,  1382400, ec240c3268ad54e41e46ab21ad1077d3
0,       1387,       1387,        1,  1382400, 15733cce74bb2c5a740cd3bd248a184d
0,       1388,       1388,        1,  1382400, ad7d3efd51e0ae0e9c4fd7162a03f320
0,       1389,       1389,        1,  1382400, a8d550d6426b31cbc790c25e394202a4
0,       1390,       1390,        1,  1382400, 73a3c11701a85fac68da0f718edeccac
0,       1391,       1391,        1,  1382400, 982e91642666c396dd13aa95f26e6138
0,       1392,       1392,        1,  1382400, f6e7d9cf26ce71179e5d912bcc1d4ad3
0,       1393,       1393,        1,  1382400, fa02d3af388cf5a877b29b721fe628c5
0,       1394,       1394,        1,  1382400, 6a2bda5ed41cc1738641da4b43df8a8a
0,       1395,       1395,        1,  1382400, d8ac1e6254029da54e343c687c43bca7
0,       1396,       1396,        1,  1382400, f4b00c58a3ff7f7795158f94099a6e0d
0,       1397,       1397,        1,  1382400, 58007a54aa08574b9d8917bc5c0bc98c
0,       1398,       1398,        1,  1382400, e797d2bf4e920b5028ad37b1f97a407d
0,       1399,       1399,        1,  1382400, c4e14823e194ac914c52c8a4a55569f8
0,       1400,       1400,        1,  1382400, 59340e87a0975f16af5c4b1e7315d4bc
0,       1401,       1401,        1,  1382400, 810c7a7146ec30f93ad8644750575c5d
0,       1402,       1402,        1,  1382400, a4e1d477358f2cb9e6300387448419dc
0,       1403,       1403,        1,  1382400, 467746c0f62150d45933c6add9128ec6
0,       1404,       1404,        1,  1382400, ef95de6cd75f00846d26febe67a51eef
0,       1405,       1405,        1,  1382400, d3ec5c91eb9cc81b933b8d79017173b0
0,       1406,       1406,        1,  1382400, 09bcbc52112095d5aa2797c618dc31ca
0,       1407,       1407,        1,  1382400, a4adce7f51cd3d6071fdd2c53c678d23
0,       1408,       1408,        1,  1382400, 0df43a95c2cb4cb44e3e4f6d9474e71f
0,       1409,       1409,        1,  1382400, 686b52fc1264f13b9a055bbf8cd887f2
0,       1410,       1410,        1,  1382400, 3b063f7b486051d693fc72ddee7b099a
0,       1411,       1411,        1,  1382400, 9eb378f9e9b0cb78ae41033312ab0855
0,       1412,       1412,        1,  1382400, 01fe016aa14523124edeb4678f0dafc5
0,       1413,       1413,        1,  1382400, 22691a550224f07d900872d911cc5ba9
0,       1414,       1414,        1,  1382400, 87bb491ce28ad6a973e76ee4f638a109
0,       1415,       1415,        1,  1382400, 83674bab90f9c345dd8ec38eb44a577d
0,       1416,       1416,        1,  1382400, cd7d4ae427a9fb4d09c34fbdb55f89f7
0,       1417,       1417,        1,  1382400, 0f3f6b877b6a2dd4f05611dbf0057881
0,       1418,       1418,        1,  1382400, 175e8f499ec91feb8a584a1e91609aa7
0,       1419,       1419,        1,  1382400, 8440de6b6b281514e753aa0832b83f64
0,       1420,       1420,        1,  1382400, 9ef2c4ee6cbb1a53163c4c14ace0499e
0,       1421,       1421,        1,  1382400, 73da35a2d0a907331f2eb8902a9ef903
0,       1422,       1422,        1,  1382400, 548374fb2c828020992780d9c86dc13a
0,       1423,       1423,        1,  1382400, 7ef9b1fd14fdef0a436c04f18cea729a
0,       1424,       1424,        1,  1382400, 62bbfeec5e2b6c0868bdd45ed4fcfdce
0,       1425,       1425,        1,  1382400, df1a92d5ca364e15f3474c9ede73692b
0,       1426,       1426,        1,  1382400, 86e6120f8f8b431770a65ce48e1ed6b1
0,       1427,       1427,        1,  1382400, f10917a48d9a99dfb5cac7dfc5025a99
0,       1428,       1428,        1,  1382400, 42af181bcec64224af9a789875cfb14f
0,       1429,       1429,        1,  1382400, 8d5d1a140e9799811af0e34f3b4f36c4
0,       1430,       1430,        1,  1382400, 4f4c24b17901e9f7ee2848571d381f8c
0,       1431,       1431,        1,  1382400, 1e6cba492f5c88fa9e82a3b97752722e
0,       1432,       1432,        1,  1382400, 7078df09ca15c1ced42a9a977bf7f277
0,       1433,       1433,        1,  1382400, 07cf511bf2d6dcd80dfecb2a3a6f0520
0,       1434,       1434,        1,  1382400, ba17e75934319a42570a4cdea5bf3a98
0,       1435,       1435,        1,  1382400, b8724409d0081e7321a549aaaf7baa83
0,       1436,       1436,        1,  1382400, 9c2400b239764b73750a8ddbf1a5d5ca
0,       1437,       1437,        1,  1382400, b5e7200432b1ed63d57ec0677bdff170
0,       1438,       1438,        1,  1382400, 508a9fbed68b05175eb433dc6fb3be16
0,       1439,       1439,        1,  1382400, 5d5733e2bcb770d2b87687d758579fc3
0,       1440,       1440,        1,  1382400, 9ee503407dc75c6c0ee2617d3454b32b
0,       1441,       1441,        1,  1382400, a948014cd6a76f7a4c696f50ef487142
0,       1442,       1442,        1,  1382400, 9921d0d46a2d0c48a36e54ff4b356160
0,       1443,       1443,        1,  1382400, 3a746a6c40d0f4cf7cab36ae3ceb2970
0,       1444,       1444,        1,  1382400, 53ca414d814b369d34151ea3422167ed
0,       1445,       1445,        1,  1382400, c7ce5a76b4c031b79f4f1a91cd2b3602
0,       1446,       1446,        1,  1382400, b7fbe8b6b7309ea3ae5779f0b540358f
0,       1447,       1447,        1,  1382400, 9c89aaa2fc25fa649be8c233d346c836
0,       1448,       1448,        1,  1382400, a088451dfd226a1ef3bddb714494882d
0,       1449,       1449,        1,  1382400, 741c6c7a6333b8969afca9ba4fde949a
0,       1450,       1450,        1,  1382400, 40a70eb30cbc71ff23c929cb58f400e4
0,       1451,       1451,        1,  1382400, d7e6f7f98f7f9e28b1c1956fa5e85a3e
0,       1452,       1452,        1,  1382400, 8e868a07679caef3159aeb2a3bee696c
0,       1453,       1453,        1,  1382400, 12de788fec0f7ce7499d453b8e169e7b
0,       1454,       1454,        1,  1382400, a47e790ac3dd737d75fb9a04be975c6f
0,       1455,       1455,        1,  1382400, 7347ac5cc3ae6e15b2611599b139e2e5
0,       1456,       1456,        1,  1382400, b5ffb0a3607096b1d8ad9e381aac4317
0,       1457,       1457,        1,  1382400, ba3cd6ec62a17125b3ab9a6fe10c4156
0,       1458,       1458,        1,  1382400, 8952f91a3f0b3725dbd543d41d118562
0,       1459,       1459,        1,  1382400, dfecd3cc1b7e61d8909f80c8fbc7cfc6
0,       1460,       1460,        1,  1382400, 9758a03cbd505d7efa8d5d9c994d7c5e
0,       1461,       1461,        1,  1382400, 99641743343fd93a9e6415263582ddf1
0,       1462,       1462,        1,  1382400, d2dff4f7901572896f05e81f6d2f8921
0,       1463,       1463,        1,  1382400, a1ac600a858bec75ef02f1b715f732a0
0,       1464,       1464,        1,  1382400, 9f32a8169b6bef1c6e692c64f4107f04
0,       1465,       1465,        1,  1382400, 9905f197efa6723ccbad33d521687c38
0,       1466,       1466,        1,  1382400, f8f117693ccdc7917eeaf3a69cde81e0
0,       1467,       1467,        1,  1382400, 56bfa0ba8f30b25af1614e5caf981ddf
0,       1468,       1468,        1,  1382400, 5feca8216872a0ac617288878a1f7b69
0,       1469,       1469,        1,  1382400, cb60382e1852c1100ec3b22c9eff064f
0,       1470,       1470,        1,  1382400, 92990ceaaccdc1783c9e4014d4a2c9ef
0,       1471,       1471,        1,  1382400, a286e4c1d1eb2d9fc8e0c044b94be69e
0,       1472,       1472,        1,  1382400, f58b4c2b378ba9cdcce76063f96294e2
0,       1473,       1473,        1,  1382400, 26d447c011222b1ace74351bd8f8cf3c
0,       1474,       1474,        1,  1382400, 7420ecbb7eb6fa61a32b7ab6340e751a
0,       1475,       1475,        1,  1382400, d882ebce6b838292742c2b44b6ab0fa9
0,       1476,       1476,        1,  1382400, 8079ea5a9cfd40b9089bed93ea46ae21
0,       1477,       1477,        1,  1382400, 00fe9b0f62c6cefd3325e21daf99277b
0,       1478,       1478,        1,  1382400, 2f1de6bf3263853c742fbfa5c38942a9
0,       1479,       1479,        1,  1382400, 4a104e99d6b5489c964a48288cd27d94
0,       1480,       1480,        1,  1382400, 9c2944388fb247f59185f643e65f4898
0,       1481,       1481,        1,  1382400, 9afc213b3a158e69720218c182791ef6
0,       1482,       1482,        1,  1382400, bc06720a7f2226f6dcdf1669aed1f4b2
0,       1483,       1483,        1,  1382400, 8f0e42ba295891da795d7b9f1c34fe33
0,       1484,       1484,        1,  1382400, 772b5ee11aee7041815bcf05c014fd56
0,       1485,       1485,        1,  1382400, 63f654007b216289418dea6175c73fe7
0,       1486,       1486,        1,  1382400, 88c4f7bba690715b89178bdc91cab339
0,       1487,       1487,        1,  1382400, 92f54da0324e1a1301205aba5cdd0309
0,       1488,       1488,        1,  1382400, 983306cb4738989b3809e7b57e192bb5
0,       1489,       1489,        1,  1382400, e226a76151ea499d92ed2a251daeb2f7
0,       1490,       1490,        1,  1382400, 840e62bc3748ea37429814ac11012f80
0,       1491,       1491,        1,  1382400, 21a391724e5962ec0e5a04dbbfbdcfd8
0,       1492,       1492,        1,  1382400, 23b304e4c5b6c49c50782378a0db8e06
0,       1493,       1493,        1,  1382400, 29b87ecd84f5d2c70e61847d88994f3d
0,       1494,       1494,        1,  1382400, adeff3007eccf2a4fa87a56f8dc382e1
0,       1495,       1495,        1,  1382400, 6a1ff8f8f05f5564759dc25e62804c89
0,       1496,       1496,        1,  1382400, 3b7648a733e1c6b7a98da7047ef38ea5
0,       1497,       1497,        1,  1382400, 81c4836562c4f02f3e7132464b273208
0,       1498,       1498,        1,  1382400, 8f2993d2b80bb08839172c6d552c7443
0,       1499,       1499,        1,  1382400, 91e78e8ebb78f444b721fdc0494631a3
0,       1500,       1500,        1,  1382400, 57f2a30a36e00ca8dcc7872b23df0f81
0,       1501,       1501,        1,  1382400, 440c728415c279d7311c11e38c64cb49
0,       1502,       1502,        1,  1382400, 5d50099232dc1d50b14630605dd110ca
0,       1503,       1503,        1,  1382400, f7753d043125d229f49feb593e9c4f37
0,       1504,       1504,        1,  1382400, 08e3a30f0191dfe612507802e6126c8c
0,       1505,       1505,        1,  1382400, 99739c23c0cc875def53dafdc943274e
0,       1506,       1506,        1,  1382400, 330d3f3b23a41a1d6efcfa031785a036
0,       1507,       1507,        1,  1382400, 1ef1036c7189e60e3b914c1736840a34
0,       1508,       1508,        1,  1382400, 48bbd0de71d5ab87a22febcd2e5f3857
0,       1509,       1509,        1,  1382400, 1406889b61d85a8e7461f7265082bbb1
0,       1510,       1510,        1,  1382400, e25d56803714d8a1e2b13c5736631866
0,       1511,       1511,        1,  1382400, ce0a08ec86fd6c7cab659107cb64da39
0,       1512,       1512,        1,  1382400, 73a9e1fe14c062227bc42ea0c15ba58a
0,       1513,       1513,        1,  1382400, 609d9b9605ea594d9dcf745f93afcafa
0,       1514,       1514,        1,  1382400, ce45b5bafd766bb98bceb2717e5bbd33
0,       1515,       1515,        1,  1382400, 21228b78f379b1b0740f9689c9c9ba97
0,       1516,       1516,        1,  1382400, 4cd7beb97002ee3f55c8c8b076d1c66e
0,       1517,       1517,        1,  1382400, c7ca4ffdd403e06ac557238d3e3147c6
0,       1518,       1518,        1,  1382400, b4c0b12252c2006ed44b6336f75e882d
0,       1519,       1519,        1,  1382400, 57abd65413840c044dfe0ec9ccd6e82a
0,       1520,       1520,        1,  1382400, c3f2ebbb553345ab3bf7c0ec4f8eb308
0,       1521,       1521,        1,  1382400, 4f4f8ed5d306c0c1a2647f3188bb368c
0,       1522,       1522,        1,  1382400, f80d91d2f0e074fd25214ca5f5fd9b26
0,       1523,       1523,        1,  1382400, f421b9c5746e524389bd1f2a15fc661e
0,       1524,       1524,        1,  1382400, f3a0711c12c7ac5baf8b022226ab266a
0,       1525,       1525,        1,  1382400, 9e2010f25fd656fd54522931f07fd742
0,       1526,       1526,        1,  1382400, d89134960ec0b66647fc9535a907d150
0,       1527,       1527,        1,  1382400, 0c3d1a8a8fb68f52cddd020bd0149dac
0,       1528,       1528,        1,  1382400, 31824f674a67aff737fa21cf4835fded
0,       1529,       1529,        1,  1382400, f846fdf69718d0d758ee82f9084753ae
0,       1530,       1530,        1,  1382400, 5650dbbadcb7d11834ecc55d1889488f
0,       1531,       1531,        1,  1382400, 89c8757883b41bc991293db06c17b47d
0,       1532,       1532,        1,  1382400, d7a209acdd9cc8750613a3119e5b94dc
0,       1533,       1533,        1,  1382400, be4b14b3f708124a7909888844c0a1ea
0,       1534,       1534,        1,  1382400, b7843142016a23922e82fe01fe541cc6
0,       1535,       1535,        1,  1382400, d7fe4e41fce2737d9f26135781a81bd1
0,       1536,       1536,        1,  1382400, f5c46bd02a36c585c7e2d56de9cf10bf
0,       1537,       1537,        1,  1382400, 8b77fcff7f3f2d21901f6523b5435972
0,       1538,       1538,        1,  1382400, 56e2e3f12e18d25ab06bc8359176dcd2
0,       1539,       1539,        1,  1382400, a41c118283f1e38481d8dc555acf97b9
0,       1540,       1540,        1,  1382400, 49ac0ecfafb7be3be7c105970a0558dc
0,       1541,       1541,        1,  1382400, d07747fb2fbb24d73de3e118032eac25
0,       1542,       1542,        1,  1382400, 20b5b5579f9aab9aa26133b1978ecbf7
0,       1543,       1543,        1,  1382400, 400ae2d3bf5320b5c60b234f0f7d8a1e
0,       1544,       1544,        1,  1382400, eddaaa6e351a010a7c6ddbb53661e92e
0,       1545,       1545,        1,  1382400, 759959a45962f35dde7229846d5ff89c
0,       1546,       1546,        1,  1382400, 1d9033a6b74f273f3f02a9eb2015f442
0,       1547,       1547,        1,  1382400, 8d22b4218f4570d235131785c88a257d
0,       1548,       1548,        1,  1382400, 10bac93ca38e833e948ae33fb05cff47
0,       1549,       1549,        1,  1382400, ef12274a9547721bef6aecd427ffb419
0,       1550,       1550,        1,  1382400, d0cfecaa39b0121032923d1f59e27d68
0,       1551,       1551,        1,  1382400, 664d84d2eec52f2c857060b8f9764939
0,       1552,       1552,        1,  1382400, c6d0b705ac959ea182b03d312ddbe1ce
0,       1553,       1553,        1,  1382400, 942c19934cf152542daccfc288b00750
0,       1554,       1554,        1,  1382400, 8092b4893fa1cdb76a278e01bbd1cd1a
0,       1555,       1555,        1,  1382400, 4583b37b32c19ca895cfad131439a893
0,       1556,       1556,        1,  1382400, 13caa91dc8f9c4d415e1af399e36a516
0,       1557,       1557,        1,  1382400, c3c16d40378bb240338bbda68b23b469
0,       1558,       1558,        1,  1382400, 2937ac98b42190717905c645e5b8b388
0,       1559,       1559,        1,  1382400, b017f16ad18e31039d86ec0471b4d677
0,       1560,       1560,        1,  1382400, 852952386fad596659ed693356871035
0,       1561,       1561,        1,  1382400, c5aa4c57a846fa8610dacd37db897f8c
0,       1562,       1562,        1,  1382400, ca55dbde257ee7097455e5d2385840e4
0,       1563,       1563,        1,  1382400, d9e97696917017a7946988be422dafd2
0,       1564,       1564,        1,  1382400, ec38213a5cff84598bbb6dfafcff3549
0,       1565,       1565,        1,  1382400, 2647ae58aa2f16a39ce0b56c120c2bbb
0,       1566,       1566,        1,  1382400, f184870d292897009974d6403b48cbe0
0,       1567,       1567,        1,  1382400, 155746e84eed0ffacdba38bea880ba80
0,       1568,       1568,        1,  1382400, 0e796459719d88722e7ab255264b2173
0,       1569,       1569,        1,  1382400, 01d0d6e1a34958bb0f0838f1d678b0c4
0,       1570,       1570,        1,  1382400, 1044e618f45bb783cce8ce155eabb10f
0,       1571,       1571,        1,  1382400, 456690116d152b3afe372843fbc75a74
0,       1572,       1572,        1,  1382400, 10eb79c04a7faec50ab63648f4109841
0,       1573,       1573,        1,  1382400, 85fb97f58bf9a44d9e004211fc93b4ac
0,       1574,       1574,        1,  1382400, 0423828013c35cb3568c75a71ee76145
0,       1575,       1575,        1,  1382400, 5cb3ac836682d64d0e69309c5fcb6611
0,       1576,       1576,        1,  1382400, 0c28e163fea00b98f5f2f1f5ab27da00
0,       1577,       1577,        1,  1382400, 042c3f8f690e566effc2e8c675421552
0,       1578,       1578,        1,  1382400, 5612e640e5afe3c2558402206af7a1c7
0,       1579,       1579,        1,  1382400, f4f8ed5055d076165b75de0a2c39c45b
0,       1580,       1580,        1,  1382400, 39e02e9e7f4e28a4669fecb3551d6d9d
0,       1581,       1581,        1,  1382400, 6035559bbcc7b235654cc040fe139d1f
0,       1582,       1582,        1,  1382400, 08ffc9d4030355710eb91c75a3c14515
0,       1583,       1583,        1,  1382400, 8191b05ef675fbcb1c22d409800c027e
0,       1584,       1584,        1,  1382400, 0c084b3ea623d83b1b047cf1d10b47ae
0,       1585,       1585,        1,  1382400, c0edd785f81871e43b969c89adc8d7b8
0,       1586,       1586,        1,  1382400, 03977be0bd893e9bb6b56a07bc6eba65
0,       1587,       1587,        1,  1382400, 82ccbf0e36415e62ea264de1fadb143e
0,       1588,       1588,        1,  1382400, 5a1849b48eb0f6ac0b41c48ad374391a
0,       1589,       1589,        1,  1382400, 37eac3fa69231a2c3fedcc2941948ff6
0,       1590,       1590,        1,  1382400, 39ae5bc4c41e8068c204deb411759215
0,       1591,       1591,        1,  1382400, ccc034b6d6969971adfe43adb21569b4
0,       1592,       1592,        1,  1382400, af4fe39880e5bb7009da0ad583e8aab6
0,       1593,       1593,        1,  1382400, 36df5ad38e76f8d7d4bcbb949b3e26c7
0,       1594,       1594,        1,  1382400, 41c074805479faa045284c302f6c0402
0,       1595,       1595,        1,  1382400, 74e0d34141c60c9f97b29d3f72800358
0,       1596,       1596,        1,  1382400, dac816588b20f79b53e01be56b193e34
0,       1597,       1597,        1,  1382400, 8f8f0cc8c72f208329e6c000f508ebb6
0,       1598,       1598,        1,  1382400, 9afa0ecb5d18568b1762c932cebcd69e
0,       1599,       1599,        1,  1382400, 9c50315c055a035f93da41aa8d8e61f8
0,       1600,       1600,        1,  1382400, 5bf336b326ab13e2eb1b8661d7038543
0,       1601,       1601,        1,  1382400, abac794b9773bf7a065a1ba3bb03689c
0,       1602,       1602,        1,  1382400, d5f11120112bfe4a5fab7e72bd24ca09
0,       1603,       1603,        1,  1382400, ff3e1c53ed4a06739a989a17de79dbc8
0,       1604,       1604,        1,  1382400, 7812fedbb0e53b08d3556cc584fcefab
0,       1605,       1605,        1,  1382400, 79634bc2fac3ebcf6dc6fad294545ccf
0,       1606,       1606,        1,  1382400, 67a84371d48a46d613b203dd79964c92
0,       1607,       1607,        1,  1382400, 11e79721e27cf04a3cfecaa2483040d7
0,       1608,       1608,        1,  1382400, 190ceccc43b8860916e695c6f87b3c1d
0,       1609,       1609,        1,  1382400, 854be406471f7ca2f544b937a6879624
0,       1610,       1610,        1,  1382400, 463f03d836dc8103f3ea426f7b1515ad
0,       1611,       1611,        1,  1382400, ef7b4adbe9588cd4cabc46c0c46c6c82
0,       1612,       1612,        1,  1382400, d53ca503ce4c037856b7e5480d4d4fd5
0,       1613,       1613,        1,  1382400, 57bb9ebfcc89dc252bf5321dd9746785
0,       1614,       1614,        1,  1382400, 6cf3e475d6a53e88300a32b1d03c2ed7
0,       1615,       1615,        1,  1382400, 48444998b9c4af594ee5c5d495dd2f4d
0,       1616,       1616,        1,  1382400, 03c20aa8f6c28ece313ad1086db34de0
0,       1617,       1617,        1,  1382400, 2f122b95b8851650227069e93bf51ac1
0,       1618,       1618,        1,  1382400, 9ae9331217e7231e701ff603629f02c8
0,       1619,       1619,        1,  1382400, f90ef9423189c48bf88b75faf53fe708
0,       1620,       1620,        1,  1382400, b7b40f4f06bd7017a95265daf64a8ab2
0,       1621,       1621,        1,  1382400, b7b40f4f06bd7017a95265daf64a8ab2
0,       1622,       1622,        1,  1382400, b7b40f4f06bd7017a95265daf64a8ab2
0,       1623,       1623,        1,  1382400, b7b40f4f06bd7017a95265daf64a8ab2
0,       1624,       1624,        1,  1382400, b7b40f4f06bd7017a95265daf64a8ab2
0,       1625,       1625,        1,  1382400, b7b40f4f06bd7017a95265daf64a8ab2
0,       1626,       1626,        1,  1382400, b7b40f4f06bd7017a95265daf64a8ab2
0,       1627,       1627,        1,  1382400, b7b40f4f06bd7017a95265daf64a8ab2
0,       1628,       1628,        1,  1382400, 3466968f4f8d2e44b3f64e085eaff63f
0,       1629,       1629,        1,  1382400, c0c0a8b1795357415271e0bf24ec1a29
0,       1630,       1630,        1,  1382400, c2329fa3ec3edc725ea35fc2b913ce68
0,       1631,       1631,        1,  1382400, 15ca04ddead769bd002b5082e047271a
0,       1632,       1632,        1,  1382400, 19722abc6a5a94144a43f8f76b57cf98
0,       1633,       1633,        1,  1382400, c56ebb6d218c9e471653536dd88245f8
0,       1634,       1634,        1,  1382400, 8fffd3a1587e54c5182f8ac25d6e6a8e
0,       1635,       1635,        1,  1382400, ba051437453aa100ee302f9ff639b153
0,       1636,       1636,        1,  1382400, 94ffc44e35dd19a02eaf839ed1ffd8bb
0,       1637,       1637,        1,  1382400, 1253adc0592ea9b43f8df8795faa996e
0,       1638,       1638,        1,  1382400, 5c0269ae3de71bbb398a66ad4c6f68ab
0,       1639,       1639,        1,  1382400, 675adc2bb111aff70c061bf307754561
0,       1640,       1640,        1,  1382400, dd6048fb6885c035986d9d04984ff3cf
0,       1641,       1641,        1,  1382400, 5c83a6942874be3343fd8852ba9167fd
0,       1642,       1642,        1,  1382400, 9a0642cda6969ea08f6ffb124207cf11
0,       1643,       1643,        1,  1382400, 3f798d3d599d2bdaecf8983e28cf2b71
0,       1644,       1644,        1,  1382400, 7100ca3d26bd39974f0c3fdddd913518
0,       1645,       1645,        1,  1382400, 8aa1037743a1f2b1e5f022f581c9d6c6
0,       1646,       1646,        1,  1382400, a772011d78fc5fde753ca5106b196f3f
0,       1647,       1647,        1,  1382400, 98e7338536be360221410bccba2bdbd0
0,       1648,       1648,        1,  1382400, e3f12b6c875ff9fe67c40cb9e603a4b5
0,       1649,       1649,        1,  1382400, 9459b135723d039a55763173f4797ed5
0,       1650,       1650,        1,  1382400, 3eb0ff73bb2b4dec9e11080a242df90e
0,       1651,       1651,        1,  1382400, 2b53f4c42ffb3b997cbd941811b8b8c8
0,       1652,       1652,        1,  1382400, 043f45fcfd0f3b8c4a77a546bbe1c19c
0,       1653,       1653,        1,  1382400, f58c19d8e89b7b2fd7e2bde5d52ec2e6
0,       1654,       1654,        1,  1382400, e90effd5ba1c43619f260c198119f339
0,       1655,       1655,        1,  1382400, 5ba10518442a55b0eb0484899c17b7f8
0,       1656,       1656,        1,  1382400, dba378a760a1ea9f2616ffd496cbd3c0
0,       1657,       1657,        1,  1382400, 2b0c3ca2f24d424399095869fdf7fa14
0,       1658,       1658,        1,  1382400, 8d4f232e0be59f4fb69e81c2bd4229e2
0,       1659,       1659,        1,  1382400, 7e2a03746c8f0d1b46ac5d0e6aea87fc
0,       1660,       1660,        1,  1382400, 6de9df0f75431de6d7ad260337a43cdc
0,       1661,       1661,        1,  1382400, 58eb0fc448bf658c660a993707d875bc
0,       1662,       1662,        1,  1382400, f41465db869592993c1267d8ecc3cf4b
0,       1663,       1663,        1,  1382400, 4a90a659ea5a1febffb23f7df90d8c77
0,       1664,       1664,        1,  1382400, 4f9e0c2e8ead48e2bc3217c87eebdc8e
0,       1665,       1665,        1,  1382400, a3e34bb3ef2f28f751973669037ded0d
0,       1666,       1666,        1,  1382400, e7d774f4ff03c6c3d89aa9c51ea5786c
0,       1667,       1667,        1,  1382400, ec58863bf1eb611c1ebec0865e201111
0,       1668,       1668,        1,  1382400, 06f381e3a448e1db29ec23cb8539286b
0,       1669,       1669,        1,  1382400, 42f0e195c685f51027a5d366d7f8ad21
0,       1670,       1670,        1,  1382400, 25c93df02dc8224c7664294455679bc3
0,       1671,       1671,        1,  1382400, 188102697c1d46ee7d077a970bcd9032
0,       1672,       1672,        1,  1382400, ef922dc6d423deea6519811514da54eb
0,       1673,       1673,        1,  1382400, 2aefa6e0943094779097374a3e97d307
0,       1674,       1674,        1,  1382400, d244c982c041ea90b7a6ef58e17c8476
0,       1675,       1675,        1,  1382400, 3693983ff446c0ba9744b37f48d7fb6a
0,       1676,       1676,        1,  1382400, a349ee407dd16fbb78f1b8b0f1534a15
0,       1677,       1677,        1,  1382400, 3a2f4315aa9d80037f097401e982beb8
0,       1678,       1678,        1,  1382400, 6dd14628c329d5bf6250306e245f9561
0,       1679,       1679,        1,  1382400, 1a4206a3fc15f260e943a2bf462e746a
0,       1680,       1680,        1,  1382400, 2718d339c7afc4b78c28ddc27dfcc443
0,       1681,       1681,        1,  1382400, 0d40aa5b05e791cac0954f6aab65a19f
0,       1682,       1682,        1,  1382400, 855ce90d71f60831315a1b8105224403
0,       1683,       1683,        1,  1382400, e3543d34e4409ebf02904cbe11cea1cb
0,       1684,       1684,        1,  1382400, d08be86e2a5e516b8fe5dcca4f627c8e
0,       1685,       1685,        1,  1382400, 1c76b82d6f33463d5f1c912e52c89281
0,       1686,       1686,        1,  1382400, 7e0d42549e618fea55e3b44210dd1abf
0,       1687,       1687,        1,  1382400, 22b35c17fa9560bf7c246ff2edf50a42
0,       1688,       1688,        1,  1382400, 0eb522ec36c140138769ace2ba1029ed
0,       1689,       1689,        1,  1382400, d05da7e29260d63846d40c49a94b4ffd
0,       1690,       1690,        1,  1382400, 2f393caa4204f57fb8fb46c6410da84c
0,       1691,       1691,        1,  1382400, 786856c8aa1f57a44b89ff44d14f5189
0,       1692,       1692,        1,  1382400, a41f90a52f4cf348804e0e548b433083
0,       1693,       1693,        1,  1382400, b4f0225fa589ec00d1a286b694a756ba
0,       1694,       1694,        1,  1382400, 8ca2e3354342cdfc3441d4ce6197bd9b
0,       1695,       1695,        1,  1382400, 1287e2755fa28ae9325dfb0e3f3c361b
0,       1696,       1696,        1,  1382400, f2fc1e0b36ab28b35a0e52220d68e6e8
0,       1697,       1697,        1,  1382400, d57ccbd7ce5b2f445ac7fe21ddcf4024
0,       1698,       1698,        1,  1382400, 154a7ddcf5cd54ba1a85953651cb87c7
0,       1699,       1699,        1,  1382400, 8fe18bc99ba723250dcb465589cb1b95
0,       1700,       1700,        1,  1382400, f08ed58b4fd324d188d01d67a8cf86d4
0,       1701,       1701,        1,  1382400, 5ce4c2c611762f85f5c4ffc33049b71c
0,       1702,       1702,        1,  1382400, 0fc7d482a7c76b358db475e9724e5be8
0,       1703,       1703,        1,  1382400, 10093edb8e994e9232f1c0a05517ec25
0,       1704,       1704,        1,  1382400, a7fa5bc82a749693b9ef10176da5eed8
0,       1705,       1705,        1,  1382400, edcb79660a1e811776c5cc1c442ce42a
0,       1706,       1706,        1,  1382400, e8ef86eb87970ad0f2841b8cd5eac55f
0,       1707,       1707,        1,  1382400, d22a31429afb9eead460a4143b78da5f
0,       1708,       1708,        1,  1382400, 10f801e470e71cb19595a82f17c67eea
0,       1709,       1709,        1,  1382400, 9a8044cfce1cc95589b3e46c66b8328e
0,       1710,       1710,        1,  1382400, 0f5b806786406834781228cd28680c9e
0,       1711,       1711,        1,  1382400, 0f5b806786406834781228cd28680c9e
0,       1712,       1712,        1,  1382400, 0f5b806786406834781228cd28680c9e
0,       1713,       1713,        1,  1382400, 0f5b806786406834781228cd28680c9e
0,       1714,       1714,        1,  1382400, 0f5b806786406834781228cd28680c9e
0,       1715,       1715,        1,  1382400, cfdafe74e04b8149c3d59bf7911c4147
0,       1716,       1716,        1,  1382400, 39cf3ae962d3c15322a0ffd5dfb29c75
0,       1717,       1717,        1,  1382400, a87906f90542cd91c16cc6fbd7e38b42
0,       1718,       1718,        1,  1382400, 57959c29c5bd264c8d41c42442508c87
0,       1719,       1719,        1,  1382400, db58104ca0488852f6d8b132475d2ea0
0,       1720,       1720,        1,  1382400, cbdcac41c8306c035e2b152d3e392e46
0,       1721,       1721,        1,  1382400, e10b9dc1d0b65b69a79482e3902d1dbe
0,       1722,       1722,        1,  1382400, 04c96963e1e6ce7e92cc526cf7544b01
0,       1723,       1723,        1,  1382400, c21b935b43fb1778fcdac18649ef3e83
0,       1724,       1724,        1,  1382400, 72c80d41cdf8954859f39b918267fad2
0,       1725,       1725,        1,  1382400, ca5fa63e1ec25e57538fd7fd04214e1f
0,       1726,       1726,        1,  1382400, b613649dd2ee78e2812fdbf1018ad1d8
0,       1727,       1727,        1,  1382400, a58990a1de67f6f268f3785c78e58116
0,       1728,       1728,        1,  1382400, fe7622568b3702ef089411a8fffc0223
0,       1729,       1729,        1,  1382400, 5023fe7b57bc8a905973343b859a10f7
0,       1730,       1730,        1,  1382400, 01a6116c72ea7a7e6e5e33e165981fdf
0,       1731,       1731,        1,  1382400, aa4088f0d9b6ba8fc78e266ea2017dbc
0,       1732,       1732,        1,  1382400, f4cbaeb2986edfae7b63ebef5d29abca
0,       1733,       1733,        1,  1382400, 7ea75d8d25ae1ef444712e1e21774d63
0,       1734,       1734,        1,  1382400, 856fb83c5d84d984b9085b3e9e515138
0,       1735,       1735,        1,  1382400, 9d1d5eb988d4789b00ea5db1efc21dcc
0,       1736,       1736,        1,  1382400, 66617cbac8dec1cdb3f0120d0ff649d7
0,       1737,       1737,        1,  1382400, 06047e1bfeafcfac98dffc3ed1ec50cd
0,       1738,       1738,        1,  1382400, 54a57bd458b82c76016de2f66e788f83
0,       1739,       1739,        1,  1382400, 79d4d13663ca6f3e5815121bb60e3101
0,       1740,       1740,        1,  1382400, f3a86c7cfba21beadf1a0893b27089e8
0,       1741,       1741,        1,  1382400, d46032f91cc96982500f8e9d139b75a4
0,       1742,       1742,        1,  1382400, bbda21f5347af9eb6e5c7a64373a2696
0,       1743,       1743,        1,  1382400, 5033c658c44b5c1f7b3cb50c4e41044c
0,       1744,       1744,        1,  1382400, da9e5c44d064177a0974d812202c7c60
0,       1745,       1745,        1,  1382400, eaeb89f3857cc3bd55224a4d5ea60f9b
0,       1746,       1746,        1,  1382400, 01764ed4d751181bab83df6fad815052
0,       1747,       1747,        1,  1382400, 1abbc853ca8d101b1625d2f37ce8074e
0,       1748,       1748,        1,  1382400, af12c3e113e3e1952a3db5fcf389005b
0,       1749,       1749,        1,  1382400, a14cfb7e1552c8b15eb40dd88384ac60
0,       1750,       1750,        1,  1382400, a032730078b89a0e6b0864fb2d39a33d
0,       1751,       1751,        1,  1382400, c8e3ecb463cde0431072861547518934
0,       1752,       1752,        1,  1382400, c26410579746a6b822b209183fe1a1b2
0,       1753,       1753,        1,  1382400, dd366b62cbd4c1f6d4268879bc4eb3e3
0,       1754,       1754,        1,  1382400, cb74075137c31cecaaa201ae018b11b7
0,       1755,       1755,        1,  1382400, bf45373233294cced1786b458b574bdc
0,       1756,       1756,        1,  1382400, 06a7c112550d1076bcb7159003c77e3b
0,       1757,       1757,        1,  1382400, 0d3cd9d7ac90b2eb9e913b77fd23c5a3
0,       1758,       1758,        1,  1382400, 2648b1e6617ce9f7d6b5a26051c933bd
0,       1759,       1759,        1,  1382400, 5ddd676dcab8cff10eb42f53547b2ace
0,       1760,       1760,        1,  1382400, d69cbc9e45f3e8666360435ac839a12b
0,       1761,       1761,        1,  1382400, c40446cc97fc88cbbd078a446a470169
0,       1762,       1762,        1,  1382400, 1708c1e3902da3eaf0e285ef8c4b7d02
0,       1763,       1763,        1,  1382400, 0a0463f1afa030441805672e9d2a5c68
0,       1764,       1764,        1,  1382400, 7ef72f66315235786dd4abc5bad049fc
0,       1765,       1765,        1,  1382400, cf02a1b792aae9c3f0d2b8fdde1f6999
0,       1766,       1766,        1,  1382400, fbe02d1630a7508c7d2bab0a1ee7e2be
0,       1767,       1767,        1,  1382400, f7fd705af013005e09bc0b4d17a455b1
0,       1768,       1768,        1,  1382400, a1f44f97770590a18435e791b67e0f33
0,       1769,       1769,        1,  1382400, 07967533f426e39b5cc950a56f27e613
0,       1770,       1770,        1,  1382400, f88bfd8b82d29cb648df76092ae3586b
0,       1771,       1771,        1,  1382400, 038784a5e5fa31d9c94846b8f1bc36ee
0,       1772,       1772,        1,  1382400, 7d63ef66a48d717c88d25e33b87bad5d
0,       1773,       1773,        1,  1382400, 1cfc326bb0ca34873034b67a433698b3
0,       1774,       1774,        1,  1382400, 1abfd8fbf3f95fcc85c933b63ce649db
0,       1775,       1775,        1,  1382400, 335c00aa5ebce1de1e69fff6582f12e0
0,       1776,       1776,        1,  1382400, c5bc69d7b4e3993fb0ce5c99a98206e2
0,       1777,       1777,        1,  1382400, 119c5714c434e07a056e646b2e2e87e6
0,       1778,       1778,        1,  1382400, d0c0a9574221cefb7c4290e2681aa511
0,       1779,       1779,        1,  1382400, 255fa424a6f70cdf0108f7ef81912b03
0,       1780,       1780,        1,  1382400, 569ee8c34b5ff1550473b6dcde8d5b02
0,       1781,       1781,        1,  1382400, 8a1ec50be262bc07a4796c70223f2618
0,       1782,       1782,        1,  1382400, 4e50ffcb964ce63b0c99504dc832d73a
0,       1783,       1783,        1,  1382400, db58f5372fcf3a2ef4b0ba9191a693c2
0,       1784,       1784,        1,  1382400, 0fd04e87898df0f3c6cde16ab845d3da
0,       1785,       1785,        1,  1382400, 2f8ea0fc3d6372b45ed9470efc541b0b
0,       1786,       1786,        1,  1382400, e280b612fb6946a00899f228f3ba2a25
0,       1787,       1787,        1,  1382400, 4a401c0155d784eb1751f72a7d9f13bc
0,       1788,       1788,        1,  1382400, 4dacf8efdb3f93829d2d2f7344d770e7
0,       1789,       1789,        1,  1382400, f7a1ec492609037169de02711284a5df
0,       1790,       1790,        1,  1382400, d3e91742b8a99264f03726c0e5fe1d75
0,       1791,       1791,        1,  1382400, e02ec456b6d320e64700942986880152
0,       1792,       1792,        1,  1382400, 3e2820f99e0c4fed584faad1d035dade
0,       1793,       1793,        1,  1382400, 4bdf92094f1ce256a1e3a6b0bca86db6
0,       1794,       1794,        1,  1382400, 4544350652b02c6d08d0ff83668eebdd
0,       1795,       1795,        1,  1382400, 9140ea2604047ee3c36d530d5ea26866
0,       1796,       1796,        1,  1382400, 64d1565a6e63a7ea02eadab1c08d2535
0,       1797,       1797,        1,  1382400, 3526aa29d1d23ec3151b9cc41dcaf7f8
0,       1798,       1798,        1,  1382400, b92f72655dc6bc68050c7fd0788e49ef
0,       1799,       1799,        1,  1382400, 6cdb60dd7ac2f4af578de30f437836fa
0,       1800,       1800,        1,  1382400, d58aec4902e3bc9b91aec96f082684e6
0,       1801,       1801,        1,  1382400, 1495c8bf2825a767efeee228330a5dbe
0,       1802,       1802,        1,  1382400, 748db3ac4cbaedcae3b18cb0e4263d0a
0,       1803,       1803,        1,  1382400, d4f81c5ffbe2838ec3310c1bcfb692d5
0,       1804,       1804,        1,  1382400, be8434121a90c74729b4ab9573c75420
0,       1805,       1805,        1,  1382400, 573031f6d57c81ff0b8dd4b1cfdb03a3
0,       1806,       1806,        1,  1382400, 5b6157adb693d89bc74fd9ff3805de82
0,       1807,       1807,        1,  1382400, 08914ff7272b541bfa3f91f95ba829ad
0,       1808,       1808,        1,  1382400, c62e50ef2913086e6655b6524aecaeae
0,       1809,       1809,        1,  1382400, e73f32756faff3c7565d9bd49cea35a4
0,       1810,       1810,        1,  1382400, a2368ad84390e0a6cd8ae223a442153a
0,       1811,       1811,        1,  1382400, dcc94094059695a03067c5aca46ec811
0,       1812,       1812,        1,  1382400, 3429455809e291be0e74a0b0b7670d11
0,       1813,       1813,        1,  1382400, e3e23be8c7e45e08ae4b48da691a2e78
0,       1814,       1814,        1,  1382400, e97043fc0d87ffcab38209aef276c535
0,       1815,       1815,        1,  1382400, fb6068c1f6fc31ff86c28aa29ee946fa
0,       1816,       1816,        1,  1382400, 8151c465d274bdce64b5cdfd2b2f00bc
0,       1817,       1817,        1,  1382400, 21970b181e9a96030f2c78428adf405a
0,       1818,       1818,        1,  1382400, c206db74768a754be3401ff2de991f43
0,       1819,       1819,        1,  1382400, ace5aa125fbcf89e22bddf6be43422cb
0,       1820,       1820,        1,  1382400, 1972e095ce583e11cf66b596d6787978
0,       1821,       1821,        1,  1382400, 43d619fc922408169240b9cd624d6d41
0,       1822,       1822,        1,  1382400, c1aa04f5c2587826995ba6a296ce088c
0,       1823,       1823,        1,  1382400, a260b68add211f62dcb1c34a397436d0
0,       1824,       1824,        1,  1382400, 52744eda2ea92b4e000b4b77ffae71d3
0,       1825,       1825,        1,  1382400, 7eef8fd3c03e8c65c466a37f93c9072d
0,       1826,       1826,        1,  1382400, 581a057187686f608ef904e16d5e4f84
0,       1827,       1827,        1,  1382400, ad886a10e30a60ab267388786d16d9a2
0,       1828,       1828,        1,  1382400, 6ec8a7455651ee6ac672b1347b80516f
0,       1829,       1829,        1,  1382400, fff5e932f857684018569ac345b43b6e
0,       1830,       1830,        1,  1382400, e07f5a7a296ef4f6620dac2e6e80c655
0,       1831,       1831,        1,  1382400, d93e30ad8dab09aaff3bf31b9854d692
0,       1832,       1832,        1,  1382400, 90b067e89f0175a66bb235e9a0c2302f
0,       1833,       1833,        1,  1382400, cb4907d3a1adb6c85c82987e98b1a6d4
0,       1834,       1834,        1,  1382400, 72eb652c1a50de26bf3824966b306812
0,       1835,       1835,        1,  1382400, 546ca3fd933755905494b8ac3728ce77
0,       1836,       1836,        1,  1382400, 6b68896507fd45593af8f5b3976ad95d
0,       1837,       1837,        1,  1382400, 371d4590d040de04cc55f08dab80e876
0,       1838,       1838,        1,  1382400, 4435a2fb7dd5ddedf40926753e61c004
0,       1839,       1839,        1,  1382400, 661b19bc6058c104107e0a9976c7b193
0,       1840,       1840,        1,  1382400, 35632bc94c63a302a2639e14d6bedcd8
0,       1841,       1841,        1,  1382400, 10b7c399419968b60590a83b80e22b14
0,       1842,       1842,        1,  1382400, bfda033f266445d41471b8838580ea6f
0,       1843,       1843,        1,  1382400, a198637867a604a3189f5153b50e5eb0
0,       1844,       1844,        1,  1382400, a84312ce75f40dbb98c2e74b278a3280
0,       1845,       1845,        1,  1382400, 9f6578bf63c08d803f9b37dc78a56a1f
0,       1846,       1846,        1,  1382400, 4e6524198e33dfdc39d45601fda6f8cf
0,       1847,       1847,        1,  1382400, e3221c7e14b0d11784eba53208d51b97
0,       1848,       1848,        1,  1382400, 384d54d562ac3e558051d4c5dc5e14c0
0,       1849,       1849,        1,  1382400, 0bbcdc14ce0a5234975367f22e9d5e5d
0,       1850,       1850,        1,  1382400, 50ff8578da6c742bb93dd2fd378c0dd2
0,       1851,       1851,        1,  1382400, e2af97fa68e581e5032d5eeef4a5776a
0,       1852,       1852,        1,  1382400, ee6fd666aa7c0782d97ed398940b4ff5
0,       1853,       1853,        1,  1382400, d0336292180a863d72c1e79d1f9a5da9
0,       1854,       1854,        1,  1382400, 8ca40b4d78cf5f924393eb0ec9d757f6
0,       1855,       1855,        1,  1382400, f53554cb26187d56f5ed498980c7a8ee
0,       1856,       1856,        1,  1382400, 57537df2161f707945c3e5686922ffce
0,       1857,       1857,        1,  1382400, ad522728dd76a08f491124dfda13f768
0,       1858,       1858,        1,  1382400, e47fa413bfd5184b2bf00621992d7ae4
0,       1859,       1859,        1,  1382400, a7f142b248a510e07269d8a8a3d098f8
0,       1860,       1860,        1,  1382400, 73ac222890a2591ccb502d88d71a60ac
0,       1861,       1861,        1,  1382400, 70093d4012d583bf65f19604b89450d0
0,       1862,       1862,        1,  1382400, cf43b289e068c25f002b21771cc30281
0,       1863,       1863,        1,  1382400, ba25764c2a5af70d9df704e3483e910b
0,       1864,       1864,        1,  1382400, ac3f257626babd74b0b8f95550e67ce4
0,       1865,       1865,        1,  1382400, b14599b518c0f9972a4d9a2b3e2374d7
0,       1866,       1866,        1,  1382400, 1b86719cf99cf1e2e7eb96d4629be1e8
0,       1867,       1867,        1,  1382400, 6afeba88cf33ce6e211d481b4fde2481
0,       1868,       1868,        1,  1382400, 9cda4a28de9670ac0bef2be9c5918812
0,       1869,       1869,        1,  1382400, c1b1bbe13aed85f29a9a0844206aa98f
0,       1870,       1870,        1,  1382400, cd871abbf6aabe63f0c911b3852073dc
0,       1871,       1871,        1,  1382400, cbe42d31c24c7b834ec3f11c69dfd2a3
0,       1872,       1872,        1,  1382400, 1b09b269e575ed98c6f2907974f68f17
0,       1873,       1873,        1,  1382400, aa97107bf860f8642318b0e17a006496
0,       1874,       1874,        1,  1382400, b6ea6a9b49fc11e1af55575ac2d1a680
0,       1875,       1875,        1,  1382400, ddd9453b69472503123e0de17191f0a6
0,       1876,       1876,        1,  1382400, 41a2e6b7eba8a46662af4c528c74c061
0,       1877,       1877,        1,  1382400, 9a59bddbb6f571bdd9cfca518023743a
0,       1878,       1878,        1,  1382400, 6eacc266d9a95372f35927109e0f1282
0,       1879,       1879,        1,  1382400, a20323a64cafe959b756da26e12d2cd2
0,       1880,       1880,        1,  1382400, d51179aa869bfd8dd4dcb21ff2a25c79
0,       1881,       1881,        1,  1382400, f4f354a8ac0923391d653566bde7d243
0,       1882,       1882,        1,  1382400, 75aef5dfa5eb2447970deeb67431efab
0,       1883,       1883,        1,  1382400, 222c756ba033d9441f4178a625aeb68c
0,       1884,       1884,        1,  1382400, 0bbf6692d9db30fe04d51645c19c6803
0,       1885,       1885,        1,  1382400, 6edd95c83c90a341b24dca3590517c9e
0,       1886,       1886,        1,  1382400, acf52a95f7002c00133bb0dc8472e002
0,       1887,       1887,        1,  1382400, b26a480fd955dd23c78fecb5fd34ebbd
0,       1888,       1888,        1,  1382400, c042b9b9630fd2e650055052e65f070d
0,       1889,       1889,        1,  1382400, 53eb58113d8a94d4f56501fa12d540be
0,       1890,       1890,        1,  1382400, d9597f95ba29a68389ba1e86cc2ee5b2
0,       1891,       1891,        1,  1382400, 073c7dd59998583e98ebb5ba28621d9c
0,       1892,       1892,        1,  1382400, b14129f610d0af9070cdd94ce86ff9d3
0,       1893,       1893,        1,  1382400, f4ac48cadc12a088d310c41445185a7a
0,       1894,       1894,        1,  1382400, 190685bdaa7bcdbec4d3a6e87379b901
0,       1895,       1895,        1,  1382400, e345235ff23cab8f8c6440fa52cfb518
0,       1896,       1896,        1,  1382400, 0e83f42d8e50e85ae9fab3b2ace4654c
0,       1897,       1897,        1,  1382400, 60aae533ed850434ef3806d5a0e38775
0,       1898,       1898,        1,  1382400, 37eb63170f3fc7a10d23dc36e9c91e2a
0,       1899,       1899,        1,  1382400, c724f64ee5e258f4f410a1cfc872213f
0,       1900,       1900,        1,  1382400, 347d07189140604d95c8698ab9f49c6e
0,       1901,       1901,        1,  1382400, 9853f563cfd101ce92cbc5463ff35d63
0,       1902,       1902,        1,  1382400, 119ad99bbf15d1112c15cb71a097bc8d
0,       1903,       1903,        1,  1382400, 4692351f832dc99fff23ff7b89425b8b
0,       1904,       1904,        1,  1382400, 8eb17937c7c7408cd82ce48b1f2b8fc5
0,       1905,       1905,        1,  1382400, 85c64f6ca445380aece7d7230bd4553f
0,       1906,       1906,        1,  1382400, 587cfa0544734aa18ccebdca98d51ef2
0,       1907,       1907,        1,  1382400, 4aa2cf811832c69083335245acf69933
0,       1908,       1908,        1,  1382400, 94001ccd805c6a2240cef91d2659b80b
0,       1909,       1909,        1,  1382400, a275a1491350c86395dbe8c04b511fd1
0,       1910,       1910,        1,  1382400, 273badc1175f90d2d948ac2a05165d4e
0,       1911,       1911,        1,  1382400, 22ed698d5e9b6a6278b2779643443169
0,       1912,       1912,        1,  1382400, 23e2f5dca558066d6801556c7c58a8b3
0,       1913,       1913,        1,  1382400, 9c7de4ec0c691327e1dc5ab4b19b8142
0,       1914,       1914,        1,  1382400, f5eaab01025cd86e320a3cf64dc822a9
0,       1915,       1915,        1,  1382400, bce24b929a3654c202661e983a15a036
0,       1916,       1916,        1,  1382400, 5a5b061095230917e90909c1c15f428d
0,       1917,       1917,        1,  1382400, f915ecfe7d1c0c9f816cbf54543f4031
0,       1918,       1918,        1,  1382400, 5fed5a695f77d998b8aa8a9f37c575b4
0,       1919,       1919,        1,  1382400, a3bcda6206dcd7ee44812a3b39f6eecf
0,       1920,       1920,        1,  1382400, f2cc474d5b83cc6dc10f1fd31e020437
0,       1921,       1921,        1,  1382400, f4efad7057e34a1ef1c7c02861ab7487
0,       1922,       1922,        1,  1382400, 3232d48a21297a02705e933516949cac
0,       1923,       1923,        1,  1382400, 9feb3e7b3a1690ed9eca461fc70b9e8f
0,       1924,       1924,        1,  1382400, 56678618a6ca2ce9dfa85fd945f9daca
0,       1925,       1925,        1,  1382400, 97a264fdaf03228d7e8fd698b4084dac
0,       1926,       1926,        1,  1382400, d9f5e89cce677e200edb0897e0cf47fb
0,       1927,       1927,        1,  1382400, 762f99791a5d6fe4678b7b58fdaeaa21
0,       1928,       1928,        1,  1382400, f570a3f3cb1cf862f78465aab0590213
0,       1929,       1929,        1,  1382400, 943900124ec3432b3eba63d0a2112d87
0,       1930,       1930,        1,  1382400, adce92c47ac22fc98164c9206f76e3ff
0,       1931,       1931,        1,  1382400, f9c4c92eaa49694ec400e3035d197b16
0,       1932,       1932,        1,  1382400, f5461a4b13900adc5135f383a93a6aa0
0,       1933,       1933,        1,  1382400, 5bc671526de2ecac5768f8eb70161c74
0,       1934,       1934,        1,  1382400, f2d290657767c09c336f503a1c7d59d4
0,       1935,       1935,        1,  1382400, 7c4fb65e68ca6da5ceb5ac9636328339
0,       1936,       1936,        1,  1382400, 25271a1d0e8600a30e6311afd1fe1df9
0,       1937,       1937,        1,  1382400, c35278b5445d3d8502661152d0cf86ee
0,       1938,       1938,        1,  1382400, 4911b4894a3d7af8231944392b04e2ce
0,       1939,       1939,        1,  1382400, a8365d7bcb4729945d86461069983119
0,       1940,       1940,        1,  1382400, 73076e9f32cd6fe5c35a49c9b45cac32
0,       1941,       1941,        1,  1382400, 98a50464d29a4ac11f4a7d1299c19399
0,       1942,       1942,        1,  1382400, eb6d4009c6d22f2aca1c406871e20204
0,       1943,       1943,        1,  1382400, 7a9d2256c2ce8b28ebb8a8f0d4a0ef6f
0,       1944,       1944,        1,  1382400, cdb310465ea598ba252234afcbcac9fe
0,       1945,       1945,        1,  1382400, d7e32e1e2bf7c03a54c1f7ed4e444d41
0,       1946,       1946,        1,  1382400, d265dc280b6301ec47507c168f4903db
0,       1947,       1947,        1,  1382400, 6e695a52e68feaf0fc170f54e369ce7f
0,       1948,       1948,        1,  1382400, ded801ae3fbd9504e53841a582fbf2ae
0,       1949,       1949,        1,  1382400, 6e4030bb20f38ad4d8fe03162adc81c9
0,       1950,       1950,        1,  1382400, 424e172fe0f23da639653631d892e0dd
0,       1951,       1951,        1,  1382400, e5637f1cdc6191ff79f07ea4a8b5de4d
0,       1952,       1952,        1,  1382400, 869014cd9d6a03b1131beb57769de0ef
0,       1953,       1953,        1,  1382400, f70c2d350b290c3749e98fd916e4377e
0,       1954,       1954,        1,  1382400, fd4bea73c1237e6c281ca0bbeca23289
0,       1955,       1955,        1,  1382400, 2c042bf98123435f8cc600090a1d12fd
0,       1956,       1956,        1,  1382400, 085cd540e49531e5d84d83e3d5e853ba
0,       1957,       1957,        1,  1382400, b49a76841344e361e0922c0959f7efd3
0,       1958,       1958,        1,  1382400, aa2eeb0ff4c1dda237001df58901382a
0,       1959,       1959,        1,  1382400, 77663961e56767fed067413bfc875443
0,       1960,       1960,        1,  1382400, f7ebbc943eb9f870cf7eb02443816c28
0,       1961,       1961,        1,  1382400, 79fa73836d1b3199928e672f20a321ca
0,       1962,       1962,        1,  1382400, 5d191a7fa225c2a086fe8b85cad90bb7
0,       1963,       1963,        1,  1382400, 468ef3ad30f83a7b467b4356bb51ee66
0,       1964,       1964,        1,  1382400, f6a5178f22e032b947785a7e83fc59f7
0,       1965,       1965,        1,  1382400, 3535992c20acac2334c64617bdf0f975
0,       1966,       1966,        1,  1382400, ffae345c5406b7e958e1e26204c11395
0,       1967,       1967,        1,  1382400, 598598306528c21d5c532f1c007fc4d3
0,       1968,       1968,        1,  1382400, a3e101e9aa7e92bbc329a4a8fc3f5c10
0,       1969,       1969,        1,  1382400, d9fc65ce9af278d4c9d9e13e6b333de2
0,       1970,       1970,        1,  1382400, b71b48544948d0b5efaccb7a55ba701a
0,       1971,       1971,        1,  1382400, 4157b2aaa014a0c19da5b09852e9caef
0,       1972,       1972,        1,  1382400, b545248eda99b38fad218c5315db9bdc
0,       1973,       1973,        1,  1382400, 3201ee35e033887b2cfa2d749123cbaf
0,       1974,       1974,        1,  1382400, 07194f35cd86ae0444f0fe297652bf28
0,       1975,       1975,        1,  1382400, cbe14df1f07eb238c8ccbb1249a7fb8f
0,       1976,       1976,        1,  1382400, 11374d6d7dd838a57d235ea56f51afe2
0,       1977,       1977,        1,  1382400, 2b9703e0143ba2b5e8c937d4e667256d
0,       1978,       1978,        1,  1382400, 57d48413f191ae672a6d6a1c275db720
0,       1979,       1979,        1,  1382400, 6172302c4a93c0e0946895e0cf8cc3d0
0,       1980,       1980,        1,  1382400, 67aa1867060c5754b723e4f241da76e9
0,       1981,       1981,        1,  1382400, 67aa1867060c5754b723e4f241da76e9
0,       1982,       1982,        1,  1382400, 67aa1867060c5754b723e4f241da76e9
0,       1983,       1983,        1,  1382400, 67aa1867060c5754b723e4f241da76e9
0,       1984,       1984,        1,  1382400, 1268dc21e1aaeaf415ffbd165ff88d5b
0,       1985,       1985,        1,  1382400, 33b78fc653a277f331a2d24614120459
0,       1986,       1986,        1,  1382400, 33b78fc653a277f331a2d24614120459
0,       1987,       1987,        1,  1382400, 33b78fc653a277f331a2d24614120459
0,       1988,       1988,        1,  1382400, 92baf838ae62874ea1037a73e1a23e83
0,       1989,       1989,        1,  1382400, eb34d4b456a3e73a91cdb1388b164a41
0,       1990,       1990,        1,  1382400, db95c873a921fd6dd564842180b50cb3
0,       1991,       1991,        1,  1382400, 320eaafa6bfeb03f04b210d50e8cbc3f
0,       1992,       1992,        1,  1382400, 848f773f1f919f3a99f51cfd3291efb5
0,       1993,       1993,        1,  1382400, 5d4ce498b81c2db5a6758aff66578732
0,       1994,       1994,        1,  1382400, 5a3879267060f8bc4483bb024a263aab
0,       1995,       1995,        1,  1382400, a4dcbb24c293d32be22cfd2abf450aad
0,       1996,       1996,        1,  1382400, 39937c41d0137cd7be4d36aeadd48872
0,       1997,       1997,        1,  1382400, ccf8c6a84554ecad487c4bded43f1034
0,       1998,       1998,        1,  1382400, fa242131962d46cc7feb81c6d227dc9b
0,       1999,       1999,        1,  1382400, 2d8495b6c341c882e812aa5dc4d5a4ca
0,       2000,       2000,        1,  1382400, 7271be218b714f341e00cec67f6174b4
0,       2001,       2001,        1,  1382400, 96f16d632f208f5fd0ac7a0ce887cf82
0,       2002,       2002,        1,  1382400, 549a8fa1bb1c0fc3c3f6385ddbbf93fd
0,       2003,       2003,        1,  1382400, c59b1676ce6722c1747d5d1225892189
0,       2004,       2004,        1,  1382400, c687178718d76ef3404890d58440445e
0,       2005,       2005,        1,  1382400, a7cf583853075aa07d39c85cb11fb3f6
0,       2006,       2006,        1,  1382400, 6879e846afad92302a48e74318bb43bb
0,       2007,       2007,        1,  1382400, 43b43d2d2246cf7b68ff1804320b85e7
0,       2008,       2008,        1,  1382400, 88f632dcf18f866222637837bbb64fb3
0,       2009,       2009,        1,  1382400, b1c0ab2d9853447a2d763c4bdf4c9f72
0,       2010,       2010,        1,  1382400, cc2334822eb2bba93cc17905499a0320
0,       2011,       2011,        1,  1382400, 7e911e19674b24bf199f379510d26c60
0,       2012,       2012,        1,  1382400, 8c934876bb00ba5d717c157956554a03
0,       2013,       2013,        1,  1382400, af540fd522524a3077976539a744ee1a
0,       2014,       2014,        1,  1382400, b2b1159efa1bee91e2c1341de2c56ec9
0,       2015,       2015,        1,  1382400, 42839ae4d63d07a8e5f16bd6562870f6
0,       2016,       2016,        1,  1382400, 43a7e81351f86f0149e7d8badb9d0160
0,       2017,       2017,        1,  1382400, 9ab57d7eac664b072a3e845705328a07
0,       2018,       2018,        1,  1382400, f6dfef719b2045b372da75f26fea9d44
0,       2019,       2019,        1,  1382400, 378444652dec2c64673ad145e4018bd6
0,       2020,       2020,        1,  1382400, e515c8c5db1cff7df499c45202e5e3f6
0,       2021,       2021,        1,  1382400, cc8285a2171705fad6cea4d93ca52865
0,       2022,       2022,        1,  1382400, d0df8a63e9b61c21ba649df883fd1e93
0,       2023,       2023,        1,  1382400, 5dee5d3a15e3756bffb39d889c237f64
0,       2024,       2024,        1,  1382400, b0157999a596cb9f7406f6e25329b43d
0,       2025,       2025,        1,  1382400, 4ad38415deecd6acdb698849397e6d9c
0,       2026,       2026,        1,  1382400, b1904cc64091f3943be97558fc4defc2
0,       2027,       2027,        1,  1382400, 7d98b5b1ca6e77aaeabf24bcffcc36e8
0,       2028,       2028,        1,  1382400, c01a0616c1d44098b44fdd665d4bf943
0,       2029,       2029,        1,  1382400, 9b83a23345dd1f43a0a48a7a7e78a56a
0,       2030,       2030,        1,  1382400, 66ee507a84ab6b378f6c81f955ffe331
0,       2031,       2031,        1,  1382400, 48976049a2e7e587c155eb2c30da0c41
0,       2032,       2032,        1,  1382400, abf956971f5008a1fe67c21fd4795bbf
0,       2033,       2033,        1,  1382400, a86ddb4c3eb2bf008b76fa158e6447a2
0,       2034,       2034,        1,  1382400, 93826693e19b5da1c882ba2ee06d6a5a
0,       2035,       2035,        1,  1382400, 737419ffb3f476e3ad70a1d5e9987790
0,       2036,       2036,        1,  1382400, 35af28bd131143caa2ec37a440f225a4
0,       2037,       2037,        1,  1382400, 335b5580d85d0cbe94564c558e3151e5
0,       2038,       2038,        1,  1382400, dad69365569c18e0f609797f21308944
0,       2039,       2039,        1,  1382400, 4df924b7be0b84a17d99e5dd016b5ded
0,       2040,       2040,        1,  1382400, 379c8d02b0e2dd8ba14433ce54489db4
0,       2041,       2041,        1,  1382400, eaaee25c26e0f68bc919ee9816afe4ea
0,       2042,       2042,        1,  1382400, 748be38e9cb11925301b6df46963b2e3
0,       2043,       2043,        1,  1382400, 2632d7e28c84573771c5558e02db6b88
0,       2044,       2044,        1,  1382400, 64e194e359d9ab52fc9f61a4a06f8e63
0,       2045,       2045,        1,  1382400, 0fb2bfcde4f77874ebdf0bff793820a4
0,       2046,       2046,        1,  1382400, 25ef9ac50a702ee5077a7c7e14dab3c8
0,       2047,       2047,        1,  1382400, b727018d00faab5376b18039ad73e178
0,       2048,       2048,        1,  1382400, 584b6dc0ed398fe0fd5b924db21a1770
0,       2049,       2049,        1,  1382400, e2be468e740be939efe190edd4c794b9
0,       2050,       2050,        1,  1382400, bf857b27ea92cfd0dff43979e4510438
0,       2051,       2051,        1,  1382400, 63aa213d8b4a74285ac70151c0ed02a4
0,       2052,       2052,        1,  1382400, 37c8ff433c5288e55f7043d9ddc9128f
0,       2053,       2053,        1,  1382400, 7612557cea24bff8f0702370ac302679
0,       2054,       2054,        1,  1382400, bfdcadcfdc8bef801b22de16cede657e
0,       2055,       2055,        1,  1382400, 641996bf45cd9f4bd41c0367eebdc5f6
0,       2056,       2056,        1,  1382400, f5a115d6e1aec7326736741321aa1ff9
0,       2057,       2057,        1,  1382400, 2da5f43eb72b3df48eda21e3216fc23d
0,       2058,       2058,        1,  1382400, 205dba061651f397685689294f9e1b34
0,       2059,       2059,        1,  1382400, 98b01c98f13f1a151c83704e83128459
0,       2060,       2060,        1,  1382400, 7f7f6f24ee6e9353000b4a70a0162d9e
0,       2061,       2061,        1,  1382400, 1645f0b318d207e235c4df25d8424453
0,       2062,       2062,        1,  1382400, da4ac03e285a35e7ce94d83b4d49b3d2
0,       2063,       2063,        1,  1382400, 264ce9b3f6744a0d65ef802ea57440e8
0,       2064,       2064,        1,  1382400, 2152dfe1352e8e305acdce8d997e4a49
0,       2065,       2065,        1,  1382400, fda3c96e48a05c5b755b1f0827585c96
0,       2066,       2066,        1,  1382400, 46fb1e6864fb44e36dd7eeafdfb6a9ec
0,       2067,       2067,        1,  1382400, 0ff979b200cf08bb1a985077aa9faf75
0,       2068,       2068,        1,  1382400, d39e6f834cd1175ddee98fb70b52750c
0,       2069,       2069,        1,  1382400, 397331bd4a0f7aca9b6bf914a85d01e3
0,       2070,       2070,        1,  1382400, 762508c5622c4b07e1d98afc67489431
0,       2071,       2071,        1,  1382400, 762508c5622c4b07e1d98afc67489431
0,       2072,       2072,        1,  1382400, 762508c5622c4b07e1d98afc67489431
0,       2073,       2073,        1,  1382400, 762508c5622c4b07e1d98afc67489431
0,       2074,       2074,        1,  1382400, 30ab575a29e29c0b278602594ba1e63d
0,       2075,       2075,        1,  1382400, 466d17eced294ff7d41824611ca12b62
0,       2076,       2076,        1,  1382400, 466d17eced294ff7d41824611ca12b62
0,       2077,       2077,        1,  1382400, 466d17eced294ff7d41824611ca12b62
0,       2078,       2078,        1,  1382400, 82c89c4a812942b0405ae6892dc7b16e
0,       2079,       2079,        1,  1382400, 4e3c3f884c4a782e7486a26c39eb4286
0,       2080,       2080,        1,  1382400, 1c74add85abc3bedf1c89a5bb711ff8a
0,       2081,       2081,        1,  1382400, 2acd37062458175c51a3621f025d1832
0,       2082,       2082,        1,  1382400, 867588864e0d0ea6114d9e2502bbb9c0
0,       2083,       2083,        1,  1382400, 37438c36435664b33cc6d1ff5e13881d
0,       2084,       2084,        1,  1382400, 67f91f323ee68800005cb66ecaa51895
0,       2085,       2085,        1,  1382400, fc03f7befcb29f49bb5c516e73078a7b
0,       2086,       2086,        1,  1382400, 94ff185701486f72a23f8d64434832e5
0,       2087,       2087,        1,  1382400, dae078f3e5ba111ac812e7abbac27a62
0,       2088,       2088,        1,  1382400, 17112c4505903cf464ffbf278b805723
0,       2089,       2089,        1,  1382400, 7afb032e544162e2ce71a8ce5bf71b5e
0,       2090,       2090,        1,  1382400, 45e7a71e0cf2631df390bbdea0b5cb23
0,       2091,       2091,        1,  1382400, ae2dd4255e7a5ac74db61cd2052bffd0
0,       2092,       2092,        1,  1382400, 8a5b602fac6f6a9129064dc327363692
0,       2093,       2093,        1,  1382400, daf29e6dcfe88b0464c1bfbcdeb58113
0,       2094,       2094,        1,  1382400, 719fd4b02d26e9ba666a5c9e5f4ce1d2
0,       2095,       2095,        1,  1382400, 2e1b10e9d59120b28e297738e693bcd3
0,       2096,       2096,        1,  1382400, 9ead8d1f1a4ae4f0b8936f4268556afa
0,       2097,       2097,        1,  1382400, b39dbac53984669962c0acfecbe9a180
0,       2098,       2098,        1,  1382400, 675d80dbceb5b167adc2a1decf6ece03
0,       2099,       2099,        1,  1382400, d1a57856b4c90d5b6f842d8cfcfa3ae3
0,       2100,       2100,        1,  1382400, ef8c430175e94b96cc24293cef8c59e8
0,       2101,       2101,        1,  1382400, 791a6d9025bde9251214d1f7d31d6558
0,       2102,       2102,        1,  1382400, 6b8ba9b79a7bd77de04f898f211eb280
0,       2103,       2103,        1,  1382400, 4fb1fe90f573870f5c715abd66bc49dc
0,       2104,       2104,        1,  1382400, ffcafa28ae6372bf3bedadbac3ae6624
0,       2105,       2105,        1,  1382400, 83b0bd02e144937f524cf87c949dc869
0,       2106,       2106,        1,  1382400, c559bdad1df11efeba4c865626286303
0,       2107,       2107,        1,  1382400, 888f46318c6aacadb0033be1211e1fae
0,       2108,       2108,        1,  1382400, ff70ac5afc7b5bc52cc5338f00d49dd6
0,       2109,       2109,        1,  1382400, 691038f07aeff807c02b2d398794d158
0,       2110,       2110,        1,  1382400, 7f03113adb6f86f55145ebeea625e19b
0,       2111,       2111,        1,  1382400, d37c08677d0a6e7250d851b5079b13cb
0,       2112,       2112,        1,  1382400, 9c7884c8d0891a4b8873c12658478a7c
0,       2113,       2113,        1,  1382400, 4f5204c319586c4df0de9b07e3b7d16b
0,       2114,       2114,        1,  1382400, 359dffc2a011fa7e31b577a2069b1473
0,       2115,       2115,        1,  1382400, 1c60c6e52bfff4a756a8e85a479ca68f
0,       2116,       2116,        1,  1382400, 165fd6c4dd7d973ed5f6505ab625dd14
0,       2117,       2117,        1,  1382400, fedd1fe4d0707462416c3a48b40230be
0,       2118,       2118,        1,  1382400, b2474c31ff38c6166775fb6e0efc5eb8
0,       2119,       2119,        1,  1382400, d0b7d7de68972f356397d17c0fb9db64
0,       2120,       2120,        1,  1382400, d2dd33ac0a0a9ef33cb20b9e9d9753d7
0,       2121,       2121,        1,  1382400, ca16f82429da5744c3dbb0f6d0283361
0,       2122,       2122,        1,  1382400, 786099d0ba6606625c9b618fb34c0911
0,       2123,       2123,        1,  1382400, 18cc67fdd41f559035c9a149fc6a5ac6
0,       2124,       2124,        1,  1382400, 0f6a57b53a87a70a48d1b60799844c64
0,       2125,       2125,        1,  1382400, b49b1cc8152368408c8312312d880d44
0,       2126,       2126,        1,  1382400, cc4d232d16d0b07c54722a7f626262dd
0,       2127,       2127,        1,  1382400, e577f9d155db79b54b1c73eec99dd974
0,       2128,       2128,        1,  1382400, 6c9005bf764d9995509e3f3306f4bad9
0,       2129,       2129,        1,  1382400, 6d9c45dffce5e3a8879970fad9106934
0,       2130,       2130,        1,  1382400, efc8c5f4e446aa830993aa95b75ffb27
0,       2131,       2131,        1,  1382400, 8093adae3e53c4baadfb651c7e821d5d
0,       2132,       2132,        1,  1382400, 2dcba860a2e715a33351cb44432ec99f
0,       2133,       2133,        1,  1382400, a6bcc26dc9bd3b34113d10661f5d128f
0,       2134,       2134,        1,  1382400, 0c078f5742756237ab0b7132a09e0e15
0,       2135,       2135,        1,  1382400, 2fc89bfceff4e69c1a0d34c701a1eacb
0,       2136,       2136,        1,  1382400, 400ba6dec3d49a2dc794d7cd2864e2d5
0,       2137,       2137,        1,  1382400, 554a7e0c82c3b9a77c2741e7496fab76
0,       2138,       2138,        1,  1382400, ef26ec46f2a39cfe9ddf38b13e36a93e
0,       2139,       2139,        1,  1382400, 4eedec63b5b5324ad12a7b8a9e8c7ad2
0,       2140,       2140,        1,  1382400, af7a33f40e0293c37fa00462526f56e9
0,       2141,       2141,        1,  1382400, 4eed4643280fa99ecea2e3e6bc131407
0,       2142,       2142,        1,  1382400, 4781518f6eca9efd0105d03c0295f6fa
0,       2143,       2143,        1,  1382400, aa2fed678494aca925b6639305bd8f7c
0,       2144,       2144,        1,  1382400, 8b11e365d5196dcd2d04a7d61142db14
0,       2145,       2145,        1,  1382400, a780e445e898ef568b04052f8cf2144f
0,       2146,       2146,        1,  1382400, 1b0b16e525d93f4cb324716df9e30681
0,       2147,       2147,        1,  1382400, d387fd7fa399fbcc3b361c7b234d1bf2
0,       2148,       2148,        1,  1382400, 0011b2b74174a3afbe9cefe6d087a0f5
0,       2149,       2149,        1,  1382400, 6c6758327ca46e0f46136caa3e53810b
0,       2150,       2150,        1,  1382400, 38c8591eaa776f7cf6fc63a1bf078c7a
0,       2151,       2151,        1,  1382400, 20bb214a05609f0533a3dbd0fb10ec84
0,       2152,       2152,        1,  1382400, e94d3675a9d0e4f6fd219f69cd7b757f
0,       2153,       2153,        1,  1382400, 3fde86fcb49a5532bb4e3c42685604a2
0,       2154,       2154,        1,  1382400, d01b7af76e156e5813fdd3fef17ef8ce
0,       2155,       2155,        1,  1382400, be8fc6bd86b9c2ee1e613454c902d52c
0,       2156,       2156,        1,  1382400, 051c6c86c4a2c25625caa6fdd5447a52
0,       2157,       2157,        1,  1382400, bb33ad01c1dd1758c9a03593c79a30e0
0,       2158,       2158,        1,  1382400, 766fe06888c889825f74ac33b6568711
0,       2159,       2159,        1,  1382400, b4c6beae7f70dd02b04afbefaebb63b6
0,       2160,       2160,        1,  1382400, 9386a54a485062d84f6ec2d328a8a4e7
0,       2161,       2161,        1,  1382400, c283dfdf1c987d706ecba5acdb11ab7a
0,       2162,       2162,        1,  1382400, eee479c88d478fd826cbf98f8b4739d0
0,       2163,       2163,        1,  1382400, 2f3093237ebf82c0afd9b2c84acdea15
0,       2164,       2164,        1,  1382400, 8c247f141126e8345e6c312898ec09e9
0,       2165,       2165,        1,  1382400, 5bdea368f4db851f05d33cb409a4902d
0,       2166,       2166,        1,  1382400, 1c8865c5f6c74ac001efafb2e8a47733
0,       2167,       2167,        1,  1382400, 2356c0169790eb223b1a63a5a2ce3a89
0,       2168,       2168,        1,  1382400, e132c00aa0fe6337f2e716a7ab8a1db4
0,       2169,       2169,        1,  1382400, 1b571eb3a3df04eb9d9771fa40ad7529
0,       2170,       2170,        1,  1382400, 614ac4f1daac223eda115fe2b7cf7324
0,       2171,       2171,        1,  1382400, 6f0dd8bd126ffd82f4d679443ff41f86
0,       2172,       2172,        1,  1382400, bf43c67d2936d7bd2b8fa827f389dec9
0,       2173,       2173,        1,  1382400, 9b97cb3018ab47d408cc8f355b18fe1d
0,       2174,       2174,        1,  1382400, bec56042712348f71f1a9d3979992878
0,       2175,       2175,        1,  1382400, 4225a8c94dbf5c7cffcd7d52423006f7
0,       2176,       2176,        1,  1382400, 3f41dd50ecbc3dd5d8dee656f9203dd0
0,       2177,       2177,        1,  1382400, da7e01247629f158924aa6c735364630
0,       2178,       2178,        1,  1382400, 0375e8faf5bbec270507c4727b06bcc0
0,       2179,       2179,        1,  1382400, 4532a36b83d4970efa7bf94d9d4521e6
0,       2180,       2180,        1,  1382400, c1b62fab84a631d3e0fec34d0e77a88c
0,       2181,       2181,        1,  1382400, c764ee76089a8ae3e5a13706f963a90f
0,       2182,       2182,        1,  1382400, 5ce98c70f8f01a5048682e903ec5a617
0,       2183,       2183,        1,  1382400, a148a096702279f8237e6818a57831c5
0,       2184,       2184,        1,  1382400, be963363e80e5e62cf98df2181c5d7ec
0,       2185,       2185,        1,  1382400, 91294c9aa23fd7faa21be135937cc3be
0,       2186,       2186,        1,  1382400, 31bef30f0237da04f114a1bb92682501
0,       2187,       2187,        1,  1382400, c117f5647a1b1f9ce57bfeba1d89443b
0,       2188,       2188,        1,  1382400, ad82dbdd3a48afa2a5c074feb654a7ab
0,       2189,       2189,        1,  1382400, 205b4bdd89370beeae703e6b5ba0d2d1
0,       2190,       2190,        1,  1382400, ffa205b26ce5b525f0b8e6b0bd4480f5
0,       2191,       2191,        1,  1382400, f2b381086f829ff8a7e38bc81bcddc26
0,       2192,       2192,        1,  1382400, 030bad3831f897ea54c602e9a2ae0b52
0,       2193,       2193,        1,  1382400, ba6e2c85d17c29680f818b82c46552ff
0,       2194,       2194,        1,  1382400, eaa59c3367f4f196976040aa9f66aecd
0,       2195,       2195,        1,  1382400, 776d1da08e40046174552fb85eb5d8a4
0,       2196,       2196,        1,  1382400, 1d9e1577b7abdce43da1e43957bf0c43
0,       2197,       2197,        1,  1382400, fc2018b8de14fa1f3911bf241f69a064
0,       2198,       2198,        1,  1382400, efeabb795e39568bd237c7598e5cb466
0,       2199,       2199,        1,  1382400, 47442e64ec85b71be7512ed18b86bbae
0,       2200,       2200,        1,  1382400, d97314d1dedaa550174faf7f11005ec0
0,       2201,       2201,        1,  1382400, c75192ede929132e82169f37648a6f1b
0,       2202,       2202,        1,  1382400, 1b4f5049e25b274ecfa83f0cb4b3cc00
0,       2203,       2203,        1,  1382400, e4a58386b0aa196608787511c514f61b
0,       2204,       2204,        1,  1382400, 4d214a7c8545fa3a9b0df2f5830d7e97
0,       2205,       2205,        1,  1382400, 2ffa0a0abbc4a022280a85fdc6dbe650
0,       2206,       2206,        1,  1382400, 8ffd8dca7e0899650729b5a94447ba6b
0,       2207,       2207,        1,  1382400, 3d991b0f7c82273d490457704aa41657
0,       2208,       2208,        1,  1382400, 6547926baf7fbaed1e8eb28e281f43e6
0,       2209,       2209,        1,  1382400, 630c7b817e938f55f78982945bca4ef9
0,       2210,       2210,        1,  1382400, fae3cac8c6ca2533b936e7a020f79a44
0,       2211,       2211,        1,  1382400, c4885d9bbc1ca4851cf0ce01525da999
0,       2212,       2212,        1,  1382400, 33c0f304603373f4090450f2a9b7fe8b
0,       2213,       2213,        1,  1382400, f4302d8a40f2d88d3c66866dffb799e3
0,       2214,       2214,        1,  1382400, 9fe9ae9e3b63befd265209892cbb4e26
0,       2215,       2215,        1,  1382400, 08658128b790cdc46540ee7a25398620
0,       2216,       2216,        1,  1382400, 8b3ac821082ff788957c373f3bae0ada
0,       2217,       2217,        1,  1382400, dd2ff7c42492d8d2d780a46e217277fe
0,       2218,       2218,        1,  1382400, 5ae6d1ca390003095d193e1e6f525389
0,       2219,       2219,        1,  1382400, 9119e2ce13b825c69a0ea179e245b421
0,       2220,       2220,        1,  1382400, 9a05af9223a2727233a28446e1ac9103
0,       2221,       2221,        1,  1382400, 2d9bbc542a029586dd1f828610ab11ec
0,       2222,       2222,        1,  1382400, f53d33293af7821db6f108381148cfee
0,       2223,       2223,        1,  1382400, 88004c43f4e5e27712c6812f27eb18ff
0,       2224,       2224,        1,  1382400, 9d536985c62c5d603082e4a185f2ef2a
0,       2225,       2225,        1,  1382400, e463f3015dac3c3a77498fd49fe8c853
0,       2226,       2226,        1,  1382400, bb38b9ef8c94f22224b2d14e67b08e2f
0,       2227,       2227,        1,  1382400, 689ad3dbbf4e579d623ab408ff5ef17e
0,       2228,       2228,        1,  1382400, 5fec5eea39b4105da0ba1912d58f0667
0,       2229,       2229,        1,  1382400, f5b14aa4aca73ee3948e386fd7c095c7
0,       2230,       2230,        1,  1382400, 285b8c55faa0a563d24cfab6ddddec7a
0,       2231,       2231,        1,  1382400, 85e9116faf510602ba03ee70c8aa4639
0,       2232,       2232,        1,  1382400, d20eb31998f18cc129d96370cb187be5
0,       2233,       2233,        1,  1382400, 28effd5ca0f2cd406744aa299946a673
0,       2234,       2234,        1,  1382400, 3d81ae70676d675c6eb6ace1a7770621
0,       2235,       2235,        1,  1382400, ddaa8688a8dcfed30117115b4ad240f9
0,       2236,       2236,        1,  1382400, 35e9101a9245279d08b2224ac4fd7a34
0,       2237,       2237,        1,  1382400, a44c734b194c0921b69fd49dc2567274
0,       2238,       2238,        1,  1382400, f4d10b59743842b8c42467aa11e82d45
0,       2239,       2239,        1,  1382400, eb5137cd9fb4a34454b7e22c523a8728
0,       2240,       2240,        1,  1382400, 0571031ae388669c4a144c3abd2984ab
0,       2241,       2241,        1,  1382400, 2a253962d6614bad2061ca93655acf0f
0,       2242,       2242,        1,  1382400, f5bb1dca2d43139286c5620a4122a409
0,       2243,       2243,        1,  1382400, 6f8a3eb4529b90ef82b53fff4097d2ba
0,       2244,       2244,        1,  1382400, 8486b9fa151a4650b012824985e0abfe
0,       2245,       2245,        1,  1382400, 3a23eb5d66ce615dd40a99f0ee34ee3a
0,       2246,       2246,        1,  1382400, d9bbdca6af4d43356fcdc267c808cd12
0,       2247,       2247,        1,  1382400, e3de4c167cfa3a757123773e585aefc0
0,       2248,       2248,        1,  1382400, 23d8edec7fd951ba58e0bec84d5770ea
0,       2249,       2249,        1,  1382400, 43efa5fdc66bd22d2796846b0b229d12
0,       2250,       2250,        1,  1382400, d8ea0d74a40e68e2881b8b61b2b6d48d
0,       2251,       2251,        1,  1382400, 751854ff717bcea0893670c4c42dbc61
0,       2252,       2252,        1,  1382400, f15a2065d9cf5a62817ad9d243f20232
0,       2253,       2253,        1,  1382400, f283b41640c232635e6a6c529fda463b
0,       2254,       2254,        1,  1382400, 2e67a3a9563c0c5b61c41f35fb38fc58
0,       2255,       2255,        1,  1382400, 7e8562d62f5ed774abb05f52954a71dd
0,       2256,       2256,        1,  1382400, 7e0a60605d7aca58667758122d67ee1c
0,       2257,       2257,        1,  1382400, 99bec2f3d0f76167a03c55baa79e54f0
0,       2258,       2258,        1,  1382400, f36bff9599aed785b20f7eb2b8802b8e
0,       2259,       2259,        1,  1382400, 6a952825332a4513b235a7ed99112df1
0,       2260,       2260,        1,  1382400, d2dd1634cc6bf35ab50c529b87e38965
0,       2261,       2261,        1,  1382400, 3f7a3a1d211b909bd1c16691a6681900
0,       2262,       2262,        1,  1382400, fc149e8d7a7c11ed3cb924113744fc00
0,       2263,       2263,        1,  1382400, 3b01c93420d30a8f335789b6c92697e1
0,       2264,       2264,        1,  1382400, a3eae400ce24c3a3ca6b0221a956abb9
0,       2265,       2265,        1,  1382400, 3bdef397f392153da6e6d0c492d3bc9f
0,       2266,       2266,        1,  1382400, b7543fe05b19b71e5053484028c0eebf
0,       2267,       2267,        1,  1382400, 3b3bddca752ad8f0826249b4f7123a52
0,       2268,       2268,        1,  1382400, b09c0827648634f4a348433b30acdd36
0,       2269,       2269,        1,  1382400, 30d42b04fa5c6777f45f7e7d37e5b661
0,       2270,       2270,        1,  1382400, 7b717d9dffa48019c0c9d7c8a61dc76f
0,       2271,       2271,        1,  1382400, ea7233ae87102b2d091c9fffbde62210
0,       2272,       2272,        1,  1382400, 32594f28844c66006c4865dd824b879d
0,       2273,       2273,        1,  1382400, d00e74405b624d576b0cb4a56494ba63
0,       2274,       2274,        1,  1382400, 5a9b884658a594cc9e16c26efa6af011
0,       2275,       2275,        1,  1382400, 757e8c99967edee1a869c8fed6ff3fe3
0,       2276,       2276,        1,  1382400, dbbd4e850b77a87bccd8f86a673e8f7e
0,       2277,       2277,        1,  1382400, 1b4e31da2d19e3a0563754cbbcdaf95a
0,       2278,       2278,        1,  1382400, 23685bb0aea7e46186208f634dee0c0b
0,       2279,       2279,        1,  1382400, bc2be8d2078d92e34b19162a9c1f5386
0,       2280,       2280,        1,  1382400, 69b4371d7a5131e030e4a9c1bc84423e
0,       2281,       2281,        1,  1382400, 276f5fcf441950f30f613e9b8a4ef392
0,       2282,       2282,        1,  1382400, 9a9da277e9ca8d12a47cabec7368145f
0,       2283,       2283,        1,  1382400, 4a8765032fecb4ac4a4b67009498df58
0,       2284,       2284,        1,  1382400, 36dbfd29812fa0edf1aaab7fec45f688
0,       2285,       2285,        1,  1382400, c6f4edc30ef7d1cd623be02a313f5a38
0,       2286,       2286,        1,  1382400, 997583dbb2d81d5539428badbd118587
0,       2287,       2287,        1,  1382400, 24ab78400e7cb1c4ab230eb760429e47
0,       2288,       2288,        1,  1382400, fbc98094907ab4787da2edd0167b2389
0,       2289,       2289,        1,  1382400, d12e114eeb1a978c0b814bad2f5c38d2
0,       2290,       2290,        1,  1382400, d4f3252952cb85c3d682835f934bd933
0,       2291,       2291,        1,  1382400, d12c3a7ead4c77c76c72d1c6eff3fe09
0,       2292,       2292,        1,  1382400, 1477e1be8fbdefe118a8bcba5804d003
0,       2293,       2293,        1,  1382400, 309f7c4aabdfdc0f6eb6e458f90de15f
0,       2294,       2294,        1,  1382400, 7483b8af1b85481d4a99c9547bdc1650
0,       2295,       2295,        1,  1382400, 72b06f4d182e9a41316b1775e16d1e69
0,       2296,       2296,        1,  1382400, d6388c2256cc741202078e10c23dabc7
0,       2297,       2297,        1,  1382400, 371a4fe3445a2f56b8b4bab6403c8b13
0,       2298,       2298,        1,  1382400, 1bc3da25642b5a265110c4c6420961f4
0,       2299,       2299,        1,  1382400, f2380f81b295a696123fabfdb9d69dae
0,       2300,       2300,        1,  1382400, 2b58e5bb62ffedad1c13e9e6a0757b06
0,       2301,       2301,        1,  1382400, edadf0230e95c27377b5a83125917f25
0,       2302,       2302,        1,  1382400, df5be3badd803caa815c1e8c3b0a2e8e
0,       2303,       2303,        1,  1382400, b6010e8cfee28b63fee53f363abf22f5
0,       2304,       2304,        1,  1382400, 088f56d290938f6fab310d889a9773fa
0,       2305,       2305,        1,  1382400, 59faf30fe4a96e6818838ff775890052
0,       2306,       2306,        1,  1382400, e9e1db2cae348214e945fa0ee5d47b16
0,       2307,       2307,        1,  1382400, 4944c723cb8ffd65df742c9de3d25af3
0,       2308,       2308,        1,  1382400, 29e4e3af302879d3ec75239fc7e4c909
0,       2309,       2309,        1,  1382400, 0abd04adddae94964ff0e6a0aeaf1a5e
0,       2310,       2310,        1,  1382400, 6a88e0b44017df5b1086b1ca425b48d7
0,       2311,       2311,        1,  1382400, dceb6ca6a65d54793d1fada076690e67
0,       2312,       2312,        1,  1382400, 02a929db1fa0603683b814c19d2098b6
0,       2313,       2313,        1,  1382400, 11d26c465b2bf24c53928f596816967d
0,       2314,       2314,        1,  1382400, cac14bb96cb08d0c53cb315fe65eb2a2
0,       2315,       2315,        1,  1382400, 26f0229647255ac2c039201cd3016a54
0,       2316,       2316,        1,  1382400, 875f1b0954b7072e9b234461d752108a
0,       2317,       2317,        1,  1382400, 67d0ba3edcad5e90fbc858f7fbfc5bd6
0,       2318,       2318,        1,  1382400, 63310c5f3ecbba76b25cd8826e14bada
0,       2319,       2319,        1,  1382400, 99b51ebea5e43e07ccf9a44f5663612c
0,       2320,       2320,        1,  1382400, 1ffae01963b3b3bb9053b4cc13af502c
0,       2321,       2321,        1,  1382400, b434579c1e164aa914d4fe9852428f19
0,       2322,       2322,        1,  1382400, 5c1ee464aa253996412791d5e772c13d
0,       2323,       2323,        1,  1382400, 7cc3d075ad1ef13c21358852cd8cba52
0,       2324,       2324,        1,  1382400, 5e9d491e6f00fcf09278b01706997dc8
0,       2325,       2325,        1,  1382400, b604320ff510675480997ec80ad64cd8
0,       2326,       2326,        1,  1382400, 620096de6101726d58f30b304fa62bf8
0,       2327,       2327,        1,  1382400, 7754cd380909013575bde49e8d564b4f
0,       2328,       2328,        1,  1382400, 4b3e7d3416001810a98ce8a568346585
0,       2329,       2329,        1,  1382400, 0fd7aaa22e4e287b5b5594bfd4ae4abc
0,       2330,       2330,        1,  1382400, 29bc9d5778a6f9fe18f84c727e6339f5
0,       2331,       2331,        1,  1382400, 1cc702b6ded72d73f6ad66ce35ff9a12
0,       2332,       2332,        1,  1382400, f7e884af808d8bc01fbeedd9df7e74af
0,       2333,       2333,        1,  1382400, 5f0abec746a8e9181d0bb98d5f0c45dd
0,       2334,       2334,        1,  1382400, 63d80eca138c49143dd6bbf0d9dc9940
0,       2335,       2335,        1,  1382400, 0aa571239ae60fa977f0e29b5459e7d1
0,       2336,       2336,        1,  1382400, 7499c91886e0e1d4d5f7ae50421ec780
0,       2337,       2337,        1,  1382400, 4442438fa14922d4206ee8cdcdbe0956
0,       2338,       2338,        1,  1382400, 115406d34681416cfa550fea658dd4d9
0,       2339,       2339,        1,  1382400, 6b6543384c93c416e5b1859c997b899f
0,       2340,       2340,        1,  1382400, d7880411335f89d5fc31ee6129626262
0,       2341,       2341,        1,  1382400, d7880411335f89d5fc31ee6129626262
0,       2342,       2342,        1,  1382400, d7880411335f89d5fc31ee6129626262
0,       2343,       2343,        1,  1382400, d7880411335f89d5fc31ee6129626262
0,       2344,       2344,        1,  1382400, d7880411335f89d5fc31ee6129626262
0,       2345,       2345,        1,  1382400, db6092c26e14bf799f1c6b3c06f7f98a
0,       2346,       2346,        1,  1382400, d7880411335f89d5fc31ee6129626262
0,       2347,       2347,        1,  1382400, 79d6256796841c83a72dbc9c000c4e54
0,       2348,       2348,        1,  1382400, 3d3877a08fbbf8553dbc32d701adf101
0,       2349,       2349,        1,  1382400, 63c86476c071333852dbaa6fa566526b
0,       2350,       2350,        1,  1382400, 699135e616442c826d0844024e6e8084
0,       2351,       2351,        1,  1382400, 176eb495439869bd8ac01a0690a9dd1c
0,       2352,       2352,        1,  1382400, 7578c81115358e86be35180691126fd1
0,       2353,       2353,        1,  1382400, 8dc4adc9f53479ca03998af460975fe6
0,       2354,       2354,        1,  1382400, 885889c8b5d8a76985d1b3ba7018e6dd
0,       2355,       2355,        1,  1382400, 57237ba20c9b96eedc27d43a8d1a84d4
0,       2356,       2356,        1,  1382400, 90563a4894f652975b2891a3b3f273b5
0,       2357,       2357,        1,  1382400, ec1cb6137ad57789d0c3d78fe0822fae
0,       2358,       2358,        1,  1382400, d311db8c8318ed59723dd476b2cffbaf
0,       2359,       2359,        1,  1382400, 854d17090665f97209eb8200d9c68f7e
0,       2360,       2360,        1,  1382400, e06e46dcb0f1bef8f1d580df22e13e40
0,       2361,       2361,        1,  1382400, 676b56c47064ecd77f8d3939822f9289
0,       2362,       2362,        1,  1382400, 1176ed641f67945754912cde5164e364
0,       2363,       2363,        1,  1382400, 9a06ed567e49826b204d3c4160390bf4
0,       2364,       2364,        1,  1382400, 6072360d7fde6498100340b0fc016fb1
0,       2365,       2365,        1,  1382400, 6bf554c72622744d1b27bcd2bbf9cea8
0,       2366,       2366,        1,  1382400, c8266be4d79e28373a8ce09034650f27
0,       2367,       2367,        1,  1382400, e6013b97f690258669e0535f0b12b97c
0,       2368,       2368,        1,  1382400, 2b6ada4ad8306014a375d91d5ce7c180
0,       2369,       2369,        1,  1382400, 23ecb3ea1ab678a77384d7b9283f5b2c
0,       2370,       2370,        1,  1382400, f8c5386ddf8b8f5dab4bf287c5847a7d
0,       2371,       2371,        1,  1382400, 652b91160adf18674aafb49d95d6fe78
0,       2372,       2372,        1,  1382400, ee3ad5c1cfad67d75b2268804eb77eba
0,       2373,       2373,        1,  1382400, 8efde5af93792478063336d675e32cf9
0,       2374,       2374,        1,  1382400, 9f5860e294048ffffc01e35045c362fe
0,       2375,       2375,        1,  1382400, 33c056684eba94f12feb95f45928b5da
0,       2376,       2376,        1,  1382400, 9bd0ddf7c91e1d6168eff5091b928a12
0,       2377,       2377,        1,  1382400, 62415df20b07726435d4a7853bf6b341
0,       2378,       2378,        1,  1382400, 37b49e6af93fdbd7c019614ed7a7dacd
0,       2379,       2379,        1,  1382400, 372dbdfbd886994533dd3c365f0982ab
0,       2380,       2380,        1,  1382400, 82741e1e97057a473c2b2b1ae76d14f1
0,       2381,       2381,        1,  1382400, 7a1bb93d94107d9ce164607b7a92a83b
0,       2382,       2382,        1,  1382400, 5da25ceb6330fb502922652e6e1d0364
0,       2383,       2383,        1,  1382400, 55835ed04d93f99a8c3e293b60260cd6
0,       2384,       2384,        1,  1382400, 12c4ddee6eb8205db76a9554ec6e48e9
0,       2385,       2385,        1,  1382400, 6bc34eac437042d6e4431c2cf9215530
0,       2386,       2386,        1,  1382400, f4962472d38d6a86afb85e72f2fece17
0,       2387,       2387,        1,  1382400, 7e4093feac496672e5bfa3f6c1a9a3da
0,       2388,       2388,        1,  1382400, be20d8238db5037e590653a6ef8e6ca9
0,       2389,       2389,        1,  1382400, da173b38fb3128e3e39973c80b3db62d
0,       2390,       2390,        1,  1382400, 0797d21d54d1c6e8506970a30ad38085
0,       2391,       2391,        1,  1382400, 65f99777507d87be10943e23d57f7037
0,       2392,       2392,        1,  1382400, f1db86c86a38bae902e351c3da6a4aea
0,       2393,       2393,        1,  1382400, 056a82dd70e0940ca4b347dbf68bfbb2
0,       2394,       2394,        1,  1382400, e7b033a2e808e8c2da75e9da9a1e250a
0,       2395,       2395,        1,  1382400, 070292afecc50c2ecc975f96071b196e
0,       2396,       2396,        1,  1382400, 572df003d2c462300ab084a9048de27b
0,       2397,       2397,        1,  1382400, 2b0ef30f7bdd2ebdc32c7f814a33a32c
0,       2398,       2398,        1,  1382400, 119980a4809716988939d23c78516f45
0,       2399,       2399,        1,  1382400, 5a6bf5fe8fa78e7883243f706e422163
0,       2400,       2400,        1,  1382400, 278b4c37b12f8cea62beba6bee29f27e
0,       2401,       2401,        1,  1382400, d5914367e93d8926f9a0c1ad8d3ee6ca
0,       2402,       2402,        1,  1382400, f4978a5e48d2ed467e335bbc8e39306c
0,       2403,       2403,        1,  1382400, f220df29ce4a9662ca82163530be0340
0,       2404,       2404,        1,  1382400, 5a8295e119074a1c8ff991d00d9fe214
0,       2405,       2405,        1,  1382400, 45dc6ca092026e0c934d7ae7d238aaae
0,       2406,       2406,        1,  1382400, 267888b5c8d993d5279719892b2f4579
0,       2407,       2407,        1,  1382400, 056cc0e3963cdd96473035fbeab29d20
0,       2408,       2408,        1,  1382400, 1038cea4f2cd1c6e8a42bf5cb51a6486
0,       2409,       2409,        1,  1382400, ac62815aa5f28f92b64d9408589b370b
0,       2410,       2410,        1,  1382400, 1bb7a88a346ddcf22bf1ec8d526c4e6b
0,       2411,       2411,        1,  1382400, b4751e35647903904354f9bb3b320686
0,       2412,       2412,        1,  1382400, 00bb27b0b0db79258a8198677cf2d619
0,       2413,       2413,        1,  1382400, 3613d11b7acb6f6e825c3f88dc9f1634
0,       2414,       2414,        1,  1382400, 0df67641ec90848595e0c1a71836d86a
0,       2415,       2415,        1,  1382400, 72a37cbfe468e09a08e044aba33171ee
0,       2416,       2416,        1,  1382400, 9dd5d0338097ababe759d85dd5b83f0b
0,       2417,       2417,        1,  1382400, 81d631aae22397b6e0c3aa8bcea6936d
0,       2418,       2418,        1,  1382400, 194398802e256253977519d16e888857
0,       2419,       2419,        1,  1382400, d2573251440e84bc6f36b5f13f1302af
0,       2420,       2420,        1,  1382400, 0f382c3651c84cc83f19f2749e9b57b4
0,       2421,       2421,        1,  1382400, dab78e79ef5a3b2fcc126196c69eced0
0,       2422,       2422,        1,  1382400, 224197e8df7216104485341234d69dcd
0,       2423,       2423,        1,  1382400, d33812402d3d07852438671a7399268e
0,       2424,       2424,        1,  1382400, 966a4d6703c70d6949ef6f895fb78bcd
0,       2425,       2425,        1,  1382400, 7df1e3515a4d25280b83241c3e7bff8f
0,       2426,       2426,        1,  1382400, 44b7d876ff4d7fece4cb8d4c258b349c
0,       2427,       2427,        1,  1382400, cedb88f95cd6b1a7f6d43ab49caf7d1e
0,       2428,       2428,        1,  1382400, 1c36438b7471be8874c51d9059a31d96
0,       2429,       2429,        1,  1382400, 25ab92a22c947f84d02d9fd93b9e1486
0,       2430,       2430,        1,  1382400, 57d6bae45fce7c50683818e42b56b8d7
0,       2431,       2431,        1,  1382400, 66d83321d3b050b7af2e69c0bf7d52df
0,       2432,       2432,        1,  1382400, ce6eec1c67b3e605524106abbe260fc9
0,       2433,       2433,        1,  1382400, 805edaebc332cdd87e8a4bd0727c4c3f
0,       2434,       2434,        1,  1382400, cf16a486bea32616ce8b4d6b1772e6d3
0,       2435,       2435,        1,  1382400, f3a28ebb0ae5702db2f547295c337714
0,       2436,       2436,        1,  1382400, 58e4ba2644c0deca3135c10f25954bbd
0,       2437,       2437,        1,  1382400, 825ba6c84f95755fc0581cd3fa7b9d67
0,       2438,       2438,        1,  1382400, f795ed7b0672584558a9fe32e087d6b0
0,       2439,       2439,        1,  1382400, c214fee78c3cf47ddcf1f7722e959f8d
0,       2440,       2440,        1,  1382400, 1eafa8ceaa530b6bf69936db59db8a6d
0,       2441,       2441,        1,  1382400, 537dcdd8eed65f5392fcafaf38089dbe
0,       2442,       2442,        1,  1382400, 6f2204305a4399ea1c066cf0e6727b9d
0,       2443,       2443,        1,  1382400, 72b718d0036ae1caffc3866791ad1480
0,       2444,       2444,        1,  1382400, 59b18c8bb6de45da35fe0b059a673e1c
0,       2445,       2445,        1,  1382400, a4b107f4a2f1d66684430fe36c8ed651
0,       2446,       2446,        1,  1382400, 0fdee24a0ce6a09810c9c6f3903331d3
0,       2447,       2447,        1,  1382400, 75c6582cf4b68997165139e0db9b24b9
0,       2448,       2448,        1,  1382400, b834af40a07d8c53975f95b6ec5697d9
0,       2449,       2449,        1,  1382400, cf999250d6a15c5915f3e27fecc096d7
0,       2450,       2450,        1,  1382400, d79cab7d8088492200dab9c17ccf4c28
0,       2451,       2451,        1,  1382400, d2333f7935099bd6bc8248987f32bf8a
0,       2452,       2452,        1,  1382400, 5ec7c1979133401ab1f5c39648d8f09f
0,       2453,       2453,        1,  1382400, 0f4dc585fc3aa0c6d4d992e6e493e008
0,       2454,       2454,        1,  1382400, 545f9bddee24a98b95cea5b6a8ae2280
0,       2455,       2455,        1,  1382400, 4244a349aab9e64bc7b3e0b000624e9b
0,       2456,       2456,        1,  1382400, eeb54d64784a887de3bf946afc6e2d53
0,       2457,       2457,        1,  1382400, 5620a8529aea9126d94d545d76c08b37
0,       2458,       2458,        1,  1382400, f72361074f98bf397e601d431d30c848
0,       2459,       2459,        1,  1382400, 48eea7548e391a61de738befd29109cc
0,       2460,       2460,        1,  1382400, 0aa864c14ca5b9531ba5f9b5ca6c41b2
0,       2461,       2461,        1,  1382400, ae404e592042aa56746bd5e33a4edd3e
0,       2462,       2462,        1,  1382400, 5adf9d2122b771aee1dce8430c40e21b
0,       2463,       2463,        1,  1382400, 08bda226d5a53e3eaa5da93381cb1bbf
0,       2464,       2464,        1,  1382400, 10200f840a9daea49ba2dd3b6a070437
0,       2465,       2465,        1,  1382400, a8e7e9dba8ece8ee35b482770523d458
0,       2466,       2466,        1,  1382400, ad28d2b632c45007599f5ecf0428edfd
0,       2467,       2467,        1,  1382400, 745e32717f3c3f20047b80c2762f61a8
0,       2468,       2468,        1,  1382400, 749afcc759ffe715480a501c86d1c9a3
0,       2469,       2469,        1,  1382400, 2cc16c96539f1a8a43202119b46a483b
0,       2470,       2470,        1,  1382400, 7b6327ce6f76ce6b779dc068c9fac830
0,       2471,       2471,        1,  1382400, b59f0a2c9cdec586917b0a8e9469bcea
0,       2472,       2472,        1,  1382400, 6d4608c90720cd15b80288c4e229f05d
0,       2473,       2473,        1,  1382400, 1a024581cf341a7882a8bcdbb816158d
0,       2474,       2474,        1,  1382400, 346f14321ecc52bcf1425996c6eae594
0,       2475,       2475,        1,  1382400, 5c3b57c262cf23fadd3f9a0d7471fd06
0,       2476,       2476,        1,  1382400, 0231d8c848b5c3983d021a8c63b905cd
0,       2477,       2477,        1,  1382400, 492f38977ae7308f9c17327ba751782d
0,       2478,       2478,        1,  1382400, 3eebcfcc99a7cdbf5eff8be871c88967
0,       2479,       2479,        1,  1382400, cb0e6b0e0ebd0ecfed8b40392f19af54
0,       2480,       2480,        1,  1382400, 0fe04fb022da01490ade6951fe4bd2c1
0,       2481,       2481,        1,  1382400, 8ecfd28fa9b9a9283d2ca38301710ce5
0,       2482,       2482,        1,  1382400, 72f0364f911902bb20ce2a1b73913067
0,       2483,       2483,        1,  1382400, bc888213ff2faa1035ee7a220b043177
0,       2484,       2484,        1,  1382400, 753ac7b846e978d9cad965d13823bf98
0,       2485,       2485,        1,  1382400, a6fb359891d7734f4154bf9012e00a12
0,       2486,       2486,        1,  1382400, de805801c15c00e6facacffa0347cf05
0,       2487,       2487,        1,  1382400, 98aa56a8b8d5dcd70b81e88c1c2b1439
0,       2488,       2488,        1,  1382400, bc6956d99a429d103e78c35f9df4985f
0,       2489,       2489,        1,  1382400, cb8713907a6c89a76de44361b55b2e14
0,       2490,       2490,        1,  1382400, 454ead9069b8ffa0063f5f7e0793dcf1
0,       2491,       2491,        1,  1382400, 1f71beee5576394dee550bf802401b05
0,       2492,       2492,        1,  1382400, 606e4f196280f0800fb7f978db212da8
0,       2493,       2493,        1,  1382400, b80e19c04c8909d05ca7384c4743e2ea
0,       2494,       2494,        1,  1382400, 5a81fcb933f776a1bac358a2a67a8b9c
0,       2495,       2495,        1,  1382400, f4eb114a2a25cd532906c0e2cc9fceef
0,       2496,       2496,        1,  1382400, af5926c8720527e172746d43a00916f8
0,       2497,       2497,        1,  1382400, a28f9708667eb618aa43da69556503d9
0,       2498,       2498,        1,  1382400, faace926b9d98c083df61c9fa57fa0be
0,       2499,       2499,        1,  1382400, da1dd9fc326ba87255ac6db5c47ef062
0,       2500,       2500,        1,  1382400, 3fe470a7c841d97888d2483e8a7f27dc
0,       2501,       2501,        1,  1382400, 9e89a1214670b3ad9262e34d7dfb974c
0,       2502,       2502,        1,  1382400, a4892d8735cc071373933215539deba5
0,       2503,       2503,        1,  1382400, 1397128ca53feba20ebcf61b61b6413d
0,       2504,       2504,        1,  1382400, 8ed971b2b3655f22f287e1cd6652ab3e
0,       2505,       2505,        1,  1382400, c57c61e162dfe6c2e88a78a568d8997b
0,       2506,       2506,        1,  1382400, f1c829139fa011b0db5a8258fde3e2a3
0,       2507,       2507,        1,  1382400, bd7a0097e288d8895c29f19ed12d6973
0,       2508,       2508,        1,  1382400, b6eb656bf4888ef00d5a3be1786f7bdf
0,       2509,       2509,        1,  1382400, e89e7f0afcf0b7848a678267cde1f9e7
0,       2510,       2510,        1,  1382400, f69d62b2a1dd7844a9b2b5474f2c2495
0,       2511,       2511,        1,  1382400, 5be10c7bd1c014e2ffdf8e6b1ffec1cd
0,       2512,       2512,        1,  1382400, 09bc9fb39399d445e14177cc06d8c1c0
0,       2513,       2513,        1,  1382400, 7024931ffb34b1254733b2be53781c14
0,       2514,       2514,        1,  1382400, 77a9f190900ae7c0a1bc79fccae05a92
0,       2515,       2515,        1,  1382400, 959ff6d55bef112d66a8529d432af249
0,       2516,       2516,        1,  1382400, bfb9e94e3ecd6d1c9cdcc60296a27dcb
0,       2517,       2517,        1,  1382400, 3f6fb5820291df5b3bff00a1ae2298a2
0,       2518,       2518,        1,  1382400, 021789cb09c4a61d1bb914fa01799230
0,       2519,       2519,        1,  1382400, 91d6bbd85561debc5b59c94068169ded
0,       2520,       2520,        1,  1382400, 7d65b42ea4196cc4fecd78dd63423465
0,       2521,       2521,        1,  1382400, 0888fb2f949a7e4d4c4165e6b4c81ca7
0,       2522,       2522,        1,  1382400, 0ad215cd9990b53776a16e377b8e159a
0,       2523,       2523,        1,  1382400, b99b5f330b9aa6337768ac5f9264e0da
0,       2524,       2524,        1,  1382400, e217274184698ca8ecdeb5ff420d43e9
0,       2525,       2525,        1,  1382400, df5ddbdef35a2e376b51f2f1310b65bd
0,       2526,       2526,        1,  1382400, 763f38e969d03a5353d50bab8099b580
0,       2527,       2527,        1,  1382400, aa12ab5b9e1c61f2fdaf8462b35de7b5
0,       2528,       2528,        1,  1382400, 086f1ba4c25001e12468a4259d260cbf
0,       2529,       2529,        1,  1382400, 4066c5c8b82a0f6dea3842048e43ca3a
0,       2530,       2530,        1,  1382400, bba3ba70cc862b4c4d87e68cd1912ab7
0,       2531,       2531,        1,  1382400, c4104eb5344522cb7dee49f3faf9a12a
0,       2532,       2532,        1,  1382400, c4505fbceb90e2bd2bbcdfefb1b0b643
0,       2533,       2533,        1,  1382400, 5c06bdb329bfb141c6eb6e41c1753995
0,       2534,       2534,        1,  1382400, 1318583bdb942b33b108b3b6fa98c073
0,       2535,       2535,        1,  1382400, 44819da0d4a38ff759e0e196e8b98275
0,       2536,       2536,        1,  1382400, 0bbcb652d0283ced89034319ebf74b4d
0,       2537,       2537,        1,  1382400, 84e19e37322264f2b5375263f53983db
0,       2538,       2538,        1,  1382400, fcf96f4c00e5cea842d7aab5b0b4b98c
0,       2539,       2539,        1,  1382400, 26f15806dd97b47964142382b468a868
0,       2540,       2540,        1,  1382400, bd46dd5948531d1abac3425b0d053179
0,       2541,       2541,        1,  1382400, a53cc7616249367ce054789a8926f7db
0,       2542,       2542,        1,  1382400, 790ba5f5ac428545f3e700b4d5f5eaea
0,       2543,       2543,        1,  1382400, 59df78729a1a6da2c8f23108c2d5a790
0,       2544,       2544,        1,  1382400, 871c02faad9e841c7c159a31250c8e37
0,       2545,       2545,        1,  1382400, 576aacc83ca14ae5ff0a94353a75fb8b
0,       2546,       2546,        1,  1382400, da29e129d7262f1519fff13323ebf4fd
0,       2547,       2547,        1,  1382400, 961fcc1ba17ff7039a3ed0984d2aae04
0,       2548,       2548,        1,  1382400, 899aa915292aefa44e64711ee85fd791
0,       2549,       2549,        1,  1382400, 543b448be634175b6244221753ee2a56
0,       2550,       2550,        1,  1382400, 68968d9e8dc792a268a1fbb335cfb71f
0,       2551,       2551,        1,  1382400, 5aa653aa9d980bcef1959d7e324342f8
0,       2552,       2552,        1,  1382400, 20565bba9123b86b32369cdb447b3ba2
0,       2553,       2553,        1,  1382400, 7dd82284215db75585063c87398e1d6d
0,       2554,       2554,        1,  1382400, 8327ace298bec727254ba92e0cf5c222
0,       2555,       2555,        1,  1382400, 42ff6c8711e30791e09479c3a20c69e4
0,       2556,       2556,        1,  1382400, 48f79a3c9b6ab683ee598d92facd03e9
0,       2557,       2557,        1,  1382400, 061682ba5fd030cee316562b9a3e5d61
0,       2558,       2558,        1,  1382400, f8c59532a8e864c6ca3ef1f09e6a59e1
0,       2559,       2559,        1,  1382400, 3c25296c04922ffdaa0ed587db3aa93a
0,       2560,       2560,        1,  1382400, f5d57a05ef2d21c99091d3e835195578
0,       2561,       2561,        1,  1382400, a23de4665cb2046ec53444c0d0e3afd3
0,       2562,       2562,        1,  1382400, 7acbf33948ff9a8e3ea4aac87d800a68
0,       2563,       2563,        1,  1382400, fbc1cf6ffdc88f3fef161cd63ee29854
0,       2564,       2564,        1,  1382400, 95ec431d97f77cb2f9f4407f2812f54f
0,       2565,       2565,        1,  1382400, cb162f61993cb69c2b3bab93f3613cd9
0,       2566,       2566,        1,  1382400, 02e8a6094bd2f5dcbe79d9c391d46450
0,       2567,       2567,        1,  1382400, a5a1c4abbffc2feb30d288b994fab44e
0,       2568,       2568,        1,  1382400, f4569c653984405f3ab85dc3c98968ee
0,       2569,       2569,        1,  1382400, d5edc942a7bf9a2026405b375efa0e8f
0,       2570,       2570,        1,  1382400, 268489ffbd994f264450f2d3701aac83
0,       2571,       2571,        1,  1382400, b9045e84c2fac0a1d26f4163a73d84f9
0,       2572,       2572,        1,  1382400, f3310049d15e4745b39bfc8a3e982d8b
0,       2573,       2573,        1,  1382400, d8fd334ff090a983d1d6a51e2b71e9a0
0,       2574,       2574,        1,  1382400, 2256349d01988c3c192298d3f228f8f6
0,       2575,       2575,        1,  1382400, aa56dc9965040e6b164e607e771a0706
0,       2576,       2576,        1,  1382400, 956529f07a7ced8750ee8977195c876e
0,       2577,       2577,        1,  1382400, e5bf87f2ec1d1e597550422519b47b7d
0,       2578,       2578,        1,  1382400, fa5ae6b6886080a0bc7e773a828b2b16
0,       2579,       2579,        1,  1382400, 32d944d5e6b28998b3155a03104b64f2
0,       2580,       2580,        1,  1382400, 4d7bb347205e3ad6e72ff19c33842855
0,       2581,       2581,        1,  1382400, 59574b86f9d4eeb7b19ea0070fddda0e
0,       2582,       2582,        1,  1382400, c900f340ba84bc80610ca8499a61101d
0,       2583,       2583,        1,  1382400, bf5e392f66f91ae87f38e65f28f10aad
0,       2584,       2584,        1,  1382400, 13f5d75f92adaa53f24cbbce2d51836d
0,       2585,       2585,        1,  1382400, 79f8cd52c8217709b690d33b5b0dc0a3
0,       2586,       2586,        1,  1382400, e3d0c7ed21007430b2796be336c63cf3
0,       2587,       2587,        1,  1382400, 1ac307760bdda324a6d7ed7b3522be72
0,       2588,       2588,        1,  1382400, 60bd94d6b20c6c7f4f67f4ab646910fd
0,       2589,       2589,        1,  1382400, 45e3885a676dbfa8fa762db57ee49dc5
0,       2590,       2590,        1,  1382400, 36f6d4ac190b0a2d5cdfd57775b4cba8
0,       2591,       2591,        1,  1382400, f4811d687c04ce85608e5c4f66780643
0,       2592,       2592,        1,  1382400, a5473c7dd77b6ef12954595acc6ef2cc
0,       2593,       2593,        1,  1382400, 5370538973310eba7169fc17249f34d1
0,       2594,       2594,        1,  1382400, f8d88393cb6c2bb966dc27fa1c7c9dc4
0,       2595,       2595,        1,  1382400, 9a16c6d8f6512d552c59ac2db87c7539
0,       2596,       2596,        1,  1382400, 6e351e6c16830280776fe1566f2efa18
0,       2597,       2597,        1,  1382400, ae6663f61efd752a4e5ef6f00717690e
0,       2598,       2598,        1,  1382400, 33ee175e23c385f565689e8656048993
0,       2599,       2599,        1,  1382400, 7a72f7e410adc202c7b0e089b1b77833
0,       2600,       2600,        1,  1382400, d807abe64988f02af3c63c69f2278c58
0,       2601,       2601,        1,  1382400, 83940a98e0a33d90672747a318bf268c
0,       2602,       2602,        1,  1382400, 3cc9aeaf58f1f91892ef31bbe0630c89
0,       2603,       2603,        1,  1382400, 5fa52544ea24a4c0db4800227e756aa0
0,       2604,       2604,        1,  1382400, 5cdaf326766b404737f8594e4fe8fbc2
0,       2605,       2605,        1,  1382400, 30ba8c9015ea58c4f0bdaf392570dfbc
0,       2606,       2606,        1,  1382400, 5472eac19d8f1c94ba0cc566bae70f0f
0,       2607,       2607,        1,  1382400, 88eede36336740e3ac0d99c139f4954d
0,       2608,       2608,        1,  1382400, 9031886e1ef81fea6370d64caf40d367
0,       2609,       2609,        1,  1382400, e3cee32af5533dc912cabdbcbfded284
0,       2610,       2610,        1,  1382400, e933b034b6e90d5c4f49aad328d872b6
0,       2611,       2611,        1,  1382400, 4f5c5c40e9610b88fba6efe62bf8ec8f
0,       2612,       2612,        1,  1382400, ff9765d9307cbe7a144f2b527bfcd15f
0,       2613,       2613,        1,  1382400, eabe97a6566c1bda691fd154aa8afd90
0,       2614,       2614,        1,  1382400, f272373276f8687c698e9816afff5d6c
0,       2615,       2615,        1,  1382400, d94bad94ae67a9637feaddb3e1158886
0,       2616,       2616,        1,  1382400, 7021b777da12c6ea46f35bba5f00cfee
0,       2617,       2617,        1,  1382400, 03a9221f0b1c47494f2bfb2b211ad551
0,       2618,       2618,        1,  1382400, e17f1bf2ad46324f27c5b4ba7305da40
0,       2619,       2619,        1,  1382400, bd7d869c7f8bc2cf5ce86d9b143c74d0
0,       2620,       2620,        1,  1382400, 6a9ff8b671697c448db292a1de7e61a7
0,       2621,       2621,        1,  1382400, cc364656524f969eca4f8fbab538566e
0,       2622,       2622,        1,  1382400, 4c117caa68de7641caf345915198f334
0,       2623,       2623,        1,  1382400, 74905214360717388c5149d5694b9012
0,       2624,       2624,        1,  1382400, 3b8b08c4320013cc7dde74eaad5ab74d
0,       2625,       2625,        1,  1382400, 753372fee262a2b48bc40042653cecb6
0,       2626,       2626,        1,  1382400, 544ee6e65f20b97aac2940d873bb4ed8
0,       2627,       2627,        1,  1382400, d88880ef315ff6fdb6b500f2630029be
0,       2628,       2628,        1,  1382400, 1eba5e7d1cc82fa85cdf40a407394333
0,       2629,       2629,        1,  1382400, 3a615b7c9fb918cc7e343165b8b9bf4f
0,       2630,       2630,        1,  1382400, 7efafa83a6ae33a01b3105ac437dbb60
0,       2631,       2631,        1,  1382400, 36ed9ce578a43034cb6fb9103429c157
0,       2632,       2632,        1,  1382400, 95931fde538b8ccbf9c2ef796992d342
0,       2633,       2633,        1,  1382400, 729f58f2ddce1fea5beb58c65bda3f8a
0,       2634,       2634,        1,  1382400, a545639ab9a75c6fff43ec3c0147f5e9
0,       2635,       2635,        1,  1382400, 11ab0a61d41931de6574b14c0299eecb
0,       2636,       2636,        1,  1382400, af4474a3dec1af28b0b09a366ecc68c8
0,       2637,       2637,        1,  1382400, 3147e2ccd5a00a7b94c5c894a3b7b56f
0,       2638,       2638,        1,  1382400, 46d700f9a12b2facf6492fd88d3267c0
0,       2639,       2639,        1,  1382400, e5f1f3932766b82162f0bc876e6b5d32
0,       2640,       2640,        1,  1382400, 2fdaaa687eec1ddd5669c7c86c2b6890
0,       2641,       2641,        1,  1382400, 2dcc772cda7f3cfabe4cb09bd75af069
0,       2642,       2642,        1,  1382400, 9e0bc33e7d02918d52d8ad240c30daee
0,       2643,       2643,        1,  1382400, 441225b620a9541713c6b085470b528c
0,       2644,       2644,        1,  1382400, fd3ce09d01c70042d5a5a9280cb54b15
0,       2645,       2645,        1,  1382400, 8eb7815566c5398646b9244d7b81a0dd
0,       2646,       2646,        1,  1382400, 898422e0b39f0409f756ae16b8e0b9a7
0,       2647,       2647,        1,  1382400, e864f1752e1e7204d0b1a20b6ad40f73
0,       2648,       2648,        1,  1382400, ef2635717636b25ceaeae5da17f351a0
0,       2649,       2649,        1,  1382400, 06e05791a7088d646c787bf7be8c9c93
0,       2650,       2650,        1,  1382400, 86cd28b6e94eeaef37572b3d270b1951
0,       2651,       2651,        1,  1382400, 9b7d07e07d40f1677e14a01be2a2cf93
0,       2652,       2652,        1,  1382400, d97041daaed034f1d7d6e0f78efaef83
0,       2653,       2653,        1,  1382400, 42adf83826d7092f3ae1b74c592eff9f
0,       2654,       2654,        1,  1382400, 4c23ac5b42c16ec9221dd83d40fc6895
0,       2655,       2655,        1,  1382400, 723e0b79e8fbd6f9d4f2c77b3fc82337
0,       2656,       2656,        1,  1382400, ca9dca352eae3c17697bf98045fff711
0,       2657,       2657,        1,  1382400, 6b63ea6be3122c2fd2108ee810cd601a
0,       2658,       2658,        1,  1382400, 7481953df8b8d1c390920b12ae1fa39d
0,       2659,       2659,        1,  1382400, 078b7ea4c158785e53bd0325fece5cde
0,       2660,       2660,        1,  1382400, 22ec568f2aa3839dfa47381d0e8a0750
0,       2661,       2661,        1,  1382400, e582a93456b84a1dacbd18f3ba5b2eae
0,       2662,       2662,        1,  1382400, 33efb917e419eca4ab60259cca0b4fa7
0,       2663,       2663,        1,  1382400, f3389d6d6e345bafba4ee9fdc60ecb03
0,       2664,       2664,        1,  1382400, f51003a6de19e3b792a638de1726770e
0,       2665,       2665,        1,  1382400, 640d438cc0072f4d72d1962a08a93994
0,       2666,       2666,        1,  1382400, 3b3ee3172f2963952a47859ad2433f9a
0,       2667,       2667,        1,  1382400, f52159062e3023e26d5480a65149c69e
0,       2668,       2668,        1,  1382400, 971f042e65ffdfa92b7e388f0633c495
0,       2669,       2669,        1,  1382400, e37ac014d7a2d475f92dd3da0d198397
0,       2670,       2670,        1,  1382400, dbf931cbf707abfd862f880f70d7a773
0,       2671,       2671,        1,  1382400, 9483793fff348171f87f900382091cb9
0,       2672,       2672,        1,  1382400, cc519f0fda2978735303ff43276886f0
0,       2673,       2673,        1,  1382400, 7b2ad677fb2714d8617d8109d2ba15e4
0,       2674,       2674,        1,  1382400, 8e80c2297110b3792084dcbcb70d37f9
0,       2675,       2675,        1,  1382400, c573b5fb57707e8ff6cf225f22483185
0,       2676,       2676,        1,  1382400, 1dd77e9f88d9fd7027a1926835041d76
0,       2677,       2677,        1,  1382400, 33752fcf3dcc927393bc720f71df235f
0,       2678,       2678,        1,  1382400, aa5c5b30e3674926074b30137c6fd414
0,       2679,       2679,        1,  1382400, bdd423e34b3d529f284516ea9e87793a
0,       2680,       2680,        1,  1382400, 4191c3aa67571acef8dbc98c7105fcf6
0,       2681,       2681,        1,  1382400, d399a65cfc102b2bf2c10b8a891a9a7e
0,       2682,       2682,        1,  1382400, 7eb03ee5c2e87a2307475c3b3be26905
0,       2683,       2683,        1,  1382400, 8110cbc61420f07425054f47c714f8e7
0,       2684,       2684,        1,  1382400, 5aff31777d6451a0fa2679edcf23a1bf
0,       2685,       2685,        1,  1382400, a7b5bc54a2e0f1e67057854887e3731f
0,       2686,       2686,        1,  1382400, 66fd149bb97585caabf54a9ab827dc4c
0,       2687,       2687,        1,  1382400, 6130f94a8b9c855ba83806e691eb948e
0,       2688,       2688,        1,  1382400, cfe75b6e575c9104dee69174321915f3
0,       2689,       2689,        1,  1382400, fed26bdd6303f16ff2a9614663086a95
0,       2690,       2690,        1,  1382400, 7ba0951bded748dc5372b7d91a1abe79
0,       2691,       2691,        1,  1382400, c0d8ad28975fa341e7e87dccf79f1c17
0,       2692,       2692,        1,  1382400, 441991c6fc1b09b9dad2db1822031f22
0,       2693,       2693,        1,  1382400, 1b8e5e1d6935b3247b45771b92fe0184
0,       2694,       2694,        1,  1382400, 58cf94590301c02c2d1cbed920605fa3
0,       2695,       2695,        1,  1382400, 2c85eb2573e83f5b6156569e2d32d5b1
0,       2696,       2696,        1,  1382400, 13315da9b2e67438dde11fe2375d11da
0,       2697,       2697,        1,  1382400, ecd99bdbf467e9ab4822500d33da6143
0,       2698,       2698,        1,  1382400, 594022e1072cf15a85484987499a0574
0,       2699,       2699,        1,  1382400, 19cb5a2cf5b4b4a99dbec1a39a89b0f7
0,       2700,       2700,        1,  1382400, a5aa96fa3820b000aac25402d82604db
0,       2701,       2701,        1,  1382400, 104b85a4d7a6594af975ed6e044ba0bb
0,       2702,       2702,        1,  1382400, 6cc7f8c409acf22d5ad17f528a28d733
0,       2703,       2703,        1,  1382400, 108d62e03c8e3bb78fa4fb0a43238ac1
0,       2704,       2704,        1,  1382400, 1c5ff5260deba8e57997111a1e2aa7a5
0,       2705,       2705,        1,  1382400, 8c1ca2c237288e94a2a3a1f6e5bc4aed
0,       2706,       2706,        1,  1382400, 903e58f5c9b32835d864fb3812f7e273
0,       2707,       2707,        1,  1382400, a3eb36827a326f21be563972ae7ba363
0,       2708,       2708,        1,  1382400, 7ce6b591bda3fddb101b6c465dccdc83
0,       2709,       2709,        1,  1382400, 9516e8980202838ae0c3c18b710110dc
0,       2710,       2710,        1,  1382400, f6cda2026342973a3319b6fb90062da0
0,       2711,       2711,        1,  1382400, d87eb57ecc8df7df81aaa36ee7d76974
0,       2712,       2712,        1,  1382400, 2bf8e83561809c32f5de3b9e5eb7fb06
0,       2713,       2713,        1,  1382400, 64809728be57fa2ccbc9d55a5a1129da
0,       2714,       2714,        1,  1382400, 55ccf03958e21e58fd9c4fcbcf0fb06b
0,       2715,       2715,        1,  1382400, c476d90799c37f899ed9f29b1573d822
0,       2716,       2716,        1,  1382400, ba1cf6a75f3b0a58ad67fdfc3eb78d01
0,       2717,       2717,        1,  1382400, 54fd46d7d1d4e5a478dcb5f57a643e53
0,       2718,       2718,        1,  1382400, 30cdfcf46c0a9de86802f9747f9e3ea3
0,       2719,       2719,        1,  1382400, e56d92d183f2b2e34ccfb2ea58d501c7
0,       2720,       2720,        1,  1382400, 1dd3fb58708ae04bd005858267cc0548
0,       2721,       2721,        1,  1382400, 726f89ae38fc0a9f00b4e720a04c3424
0,       2722,       2722,        1,  1382400, 29bade293f48c2eb993523ab9caf3c2c
0,       2723,       2723,        1,  1382400, 65bd1161ea6871741aa14b0b3b4c85cc
0,       2724,       2724,        1,  1382400, 52c0e8e66894e116e9d98ab6b154f169
0,       2725,       2725,        1,  1382400, 5d2b756872228d2f9f7518f8380fb8a4
0,       2726,       2726,        1,  1382400, 953a3b77591b5bbefe87db6f5e5a02eb
0,       2727,       2727,        1,  1382400, b83a6f7530fa7c05953fea91cc9037b6
0,       2728,       2728,        1,  1382400, 759f56120dbcb5f9cd112dce9aee8d2b
0,       2729,       2729,        1,  1382400, 220bf29744c2e2b90f2fffac3bb054f3
0,       2730,       2730,        1,  1382400, 370c84aae87ede293edbbeef89e010fa
0,       2731,       2731,        1,  1382400, 1692250d9f6c1ac7416759c1e6193495
0,       2732,       2732,        1,  1382400, 12dd14ce3157bf34ab3a06f4302af66c
0,       2733,       2733,        1,  1382400, 9d640a1fb2cf4c1ca34be792aa481059
0,       2734,       2734,        1,  1382400, 9b7152c16971e93efbe02b64474f7cd1
0,       2735,       2735,        1,  1382400, 39b721e2e8f4493bc232325fc3cf44b3
0,       2736,       2736,        1,  1382400, 22b4b000635e16fa64009b337ae5065b
0,       2737,       2737,        1,  1382400, 4fdcdb27934b4cdb72a2ccaf8335e0c8
0,       2738,       2738,        1,  1382400, 2fe80abe54e614765beb2ba150ccb885
0,       2739,       2739,        1,  1382400, 75646f28df24df4c1a7ee08707119e08
0,       2740,       2740,        1,  1382400, 1e0dd7da82720762eb896c996db07e66
0,       2741,       2741,        1,  1382400, c3103983ffd288a8fa3a6f5fa6f16fb5
0,       2742,       2742,        1,  1382400, db25e88febbb24a411bd55e0cd86bf41
0,       2743,       2743,        1,  1382400, b555fcc9f445f2e5d139b9016a32a2c6
0,       2744,       2744,        1,  1382400, 17d4a9d3b80c7a6eccc6af3471a6d2bc
0,       2745,       2745,        1,  1382400, 3bc460a849ec0c09f0eb4b674d325f4c
0,       2746,       2746,        1,  1382400, 55e1019e08eacf9a85d31c5d1308976d
0,       2747,       2747,        1,  1382400, cec5c3d94e03af19fcf1d9073d104fe3
0,       2748,       2748,        1,  1382400, a9b23c89d9107ff5b132f3548e2a4de0
0,       2749,       2749,        1,  1382400, 13ee0b172f4b8b3a4595cd8eb4ae98b1
0,       2750,       2750,        1,  1382400, 01ba687bde122e9c6943cb246fcd1a5c
0,       2751,       2751,        1,  1382400, 558abd9112cba74310acbd39cf617767
0,       2752,       2752,        1,  1382400, 535150e746cdca381ce65a3650366469
0,       2753,       2753,        1,  1382400, cb6b2bcac441a104427cfbced772076d
0,       2754,       2754,        1,  1382400, 4eaa7e987facdce0acfd0e4e1e5d4d6a
0,       2755,       2755,        1,  1382400, ee115d76cc17babf2b37fef393b1f35b
0,       2756,       2756,        1,  1382400, bc199041e29a7dcbe52cf33113d9b70f
0,       2757,       2757,        1,  1382400, bb3a4f2195f2fe73ff0543542ad26dc9
0,       2758,       2758,        1,  1382400, e5e73957891b4354cbe8dc426ba3c698
0,       2759,       2759,        1,  1382400, bd5c0bd79de678f4604f0055049bd195
0,       2760,       2760,        1,  1382400, c7b374b3c7009be852304235596b5204
0,       2761,       2761,        1,  1382400, ebbbc90ba69519b2de7546af6e105234
0,       2762,       2762,        1,  1382400, 31d060ce00d223a1cab83580fd02a7d0
0,       2763,       2763,        1,  1382400, c79df4eed47126585507c8ddf29b5640
0,       2764,       2764,        1,  1382400, ef8582ef05723baafa0eb644b13c7176
0,       2765,       2765,        1,  1382400, d093b38647939b5462a8e3e9cbcf55f4
0,       2766,       2766,        1,  1382400, 7abca18cd4d5c814e9d26c0ffa48c239
0,       2767,       2767,        1,  1382400, c45a8c0b6f5e6c445ae74919cd3555b1
0,       2768,       2768,        1,  1382400, 30b1807406dcdcd8adb5ddc3b86e854e
0,       2769,       2769,        1,  1382400, e81868ec10bfa52067bedebabfe1820b
0,       2770,       2770,        1,  1382400, 801ef068f5fae9f1b1bb4dd777efb0fc
0,       2771,       2771,        1,  1382400, c0ebe5a15f927f8d94eee6bbec3a9ca8
0,       2772,       2772,        1,  1382400, 2cf69b5f576cd8380ec2746b79559a70
0,       2773,       2773,        1,  1382400, 10e4fee397cec230c25433ed23d7cf1f
0,       2774,       2774,        1,  1382400, 2420c33ca8da4ae47f8ea3ec76f55b6a
0,       2775,       2775,        1,  1382400, a23c33eccdc80ac835cccd6c5e75d86b
0,       2776,       2776,        1,  1382400, a45ae5a51e1a807d9014fde563478ec1
0,       2777,       2777,        1,  1382400, 10b56b6b9b2953389cf6791cf2504871
0,       2778,       2778,        1,  1382400, 67e8b9cefe5477b191bd0c014f4fdb99
0,       2779,       2779,        1,  1382400, 5409241cb09a01eeb63681a0c6e6092b
0,       2780,       2780,        1,  1382400, 67a4da0f1f9666c9f51667ce86c89d28
0,       2781,       2781,        1,  1382400, cac6a3d4053f9a7db4b6c5e5773112a3
0,       2782,       2782,        1,  1382400, c4b35dd22959cd34a0a8ddd3909487bb
0,       2783,       2783,        1,  1382400, 979b65aed167ce2babfafc84841e409f
0,       2784,       2784,        1,  1382400, 2dfcb9da64e86e2c3a293be8759376a6
0,       2785,       2785,        1,  1382400, 42abd6bf09fdc2b6d50e5f97e9bc72cc
0,       2786,       2786,        1,  1382400, 1582bd279358596f278e27706ff78a6d
0,       2787,       2787,        1,  1382400, 7e262afb73fd99ec1e7941b54c4e146b
0,       2788,       2788,        1,  1382400, 5ed3bd0e8190b30d3374220ef71e1e60
0,       2789,       2789,        1,  1382400, 03ed6b74aecabb0f10b3eca572e5b35d
0,       2790,       2790,        1,  1382400, e4ce52b75528efd1a1f8959d906141cb
0,       2791,       2791,        1,  1382400, 960cbf8db180bb6b7c74bfffb62cd51c
0,       2792,       2792,        1,  1382400, 2d07a96b8c3724bad39cb71c400b9329
0,       2793,       2793,        1,  1382400, df412a08c58ff48d6f487430aee621f1
0,       2794,       2794,        1,  1382400, ab88e9f662228af6bcfed160ea2f18d5
0,       2795,       2795,        1,  1382400, b5f62295af54360cfb5c1c28d0635d00
0,       2796,       2796,        1,  1382400, 19ff81e971ed951353fbc9ba847ef1d1
0,       2797,       2797,        1,  1382400, e04e4b63ab97a2395e93917dd45e5b28
0,       2798,       2798,        1,  1382400, c0078392e9cf5367731c976669062bb3
0,       2799,       2799,        1,  1382400, 6067017b755e7bd4ef827743f56d7ea6
0,       2800,       2800,        1,  1382400, cd20c1130f31d029da06586d5930b514
0,       2801,       2801,        1,  1382400, 822d8f53f76a36e5c1592136bd95208e
0,       2802,       2802,        1,  1382400, d33fe9edbde78274effadf874c9821fb
0,       2803,       2803,        1,  1382400, e2359a31b17e6a52bb8541ffc64dfc15
0,       2804,       2804,        1,  1382400, 116c8bbc773433640488c1441f7c7bec
0,       2805,       2805,        1,  1382400, be0fe92cf6ff0dc1b5f8b378ad892951
0,       2806,       2806,        1,  1382400, 6d6ae66b81ee39d807c5b7263135c904
0,       2807,       2807,        1,  1382400, 27dbe94b18b6d8ade2749e2c4330aec1
0,       2808,       2808,        1,  1382400, 793c9dbcc084cdee60944c710a0ef6c0
0,       2809,       2809,        1,  1382400, ee46377432a030e5f7119d80fbba5a42
0,       2810,       2810,        1,  1382400, 2d77491ab65c221170bb855c3962e4d9
0,       2811,       2811,        1,  1382400, ad637fe8c7c0664752b0344765e3cdf0
0,       2812,       2812,        1,  1382400, 3465d6ef8a7f3e0d9a5b3f161fe31561
0,       2813,       2813,        1,  1382400, f954f461bab3857838f277362f9ef25a
0,       2814,       2814,        1,  1382400, 99181e72950ccb3dd0725c41a9ba927b
0,       2815,       2815,        1,  1382400, 0f19bf1a0ddbf825887eaf5cbdc8b4e7
0,       2816,       2816,        1,  1382400, 3848e185dfa29a37f4e654c6e78a0243
0,       2817,       2817,        1,  1382400, 39fcdc1781d30c886ed596a6c6ecee42
0,       2818,       2818,        1,  1382400, 1f7d232a92d3fe23c08e05070ebeac99
0,       2819,       2819,        1,  1382400, 5ace81080f12436e3f8729765a864877
0,       2820,       2820,        1,  1382400, 9ca960ede71a6ba5405a1e8a6553c406
0,       2821,       2821,        1,  1382400, 8f433468182cbc59253ac62bb8225671
0,       2822,       2822,        1,  1382400, c4456343effc41ed856c5e963dd914b0
0,       2823,       2823,        1,  1382400, c70ddb7253953d40702644a895454f8a
0,       2824,       2824,        1,  1382400, 1cb283e0f978a5dd5ed9af23d6acc324
0,       2825,       2825,        1,  1382400, 9b3ae2b02eee2364862bebaf7666c892
0,       2826,       2826,        1,  1382400, 9535fc63018778a01225d924a0e7a827
0,       2827,       2827,        1,  1382400, 44c664653336ce41205db02f7d8544ca
0,       2828,       2828,        1,  1382400, 933c90693d2f9d83c6a5227ba09e89a2
0,       2829,       2829,        1,  1382400, 18fa087534042db530a7f95c5747092d
0,       2830,       2830,        1,  1382400, d83fa44361d3a649ee89e1885c4f9f6c
0,       2831,       2831,        1,  1382400, 51d8e2fa7e99577699a68b06d6a6be55
0,       2832,       2832,        1,  1382400, 57efd69039506cd54b2d566b6ac5ccf6
0,       2833,       2833,        1,  1382400, 754d727b6b1651557e097dc1076b3f42
0,       2834,       2834,        1,  1382400, c2e99c24cdd095dd1b0331343ccc8c30
0,       2835,       2835,        1,  1382400, c4f60db28d311b5b4f0417b56d94db76
0,       2836,       2836,        1,  1382400, 58ac84ba320c3780d20d7fc6fe6156aa
0,       2837,       2837,        1,  1382400, 8c8b4aaa2165a4482f21716cb8fae2f5
0,       2838,       2838,        1,  1382400, e9f4242c0599c5750c095ab85d204806
0,       2839,       2839,        1,  1382400, b3ff5c2528687ebb78b0c339bb672202
0,       2840,       2840,        1,  1382400, 91a04f8f38ee3c4792ce094277f0e9e9
0,       2841,       2841,        1,  1382400, a8d58dde2553b32eba805676256885d8
0,       2842,       2842,        1,  1382400, 9d6c5c1c2d1237d3178e21722032d269
0,       2843,       2843,        1,  1382400, dc320b4705ba84497a6a42385e562458
0,       2844,       2844,        1,  1382400, 4479fe4ee920ddcdbd773e0c711252bd
0,       2845,       2845,        1,  1382400, 1b064f945c50b326ea92bb303c5fe286
0,       2846,       2846,        1,  1382400, 2639669ea885498a1de431dcb94882bf
0,       2847,       2847,        1,  1382400, 0e22816d905b373fe2478e8842e5ba17
0,       2848,       2848,        1,  1382400, 5d39254c94cfa9ef6575d1b043b53e28
0,       2849,       2849,        1,  1382400, 58bf50333bebc315848f3333379e0c38
0,       2850,       2850,        1,  1382400, 7877a891e774ec3236ec296dc36684a9
0,       2851,       2851,        1,  1382400, cf4409623be148d8a771d46079e5a7ef
0,       2852,       2852,        1,  1382400, c4a39e469e8f02d7156b0bd53d09d55f
0,       2853,       2853,        1,  1382400, 6cdbc725244d426fa85dc3bad2c73dc3
0,       2854,       2854,        1,  1382400, a40e866e25fe4df86d71f22bfa85d3e9
0,       2855,       2855,        1,  1382400, dfa40fa1dbdc83cd2ff09eee11c8fc18
0,       2856,       2856,        1,  1382400, 98ced8d9f48eaa16153f66b42b7ff36e
0,       2857,       2857,        1,  1382400, 7c1de00bfc2fb5927f73e04bc09763be
0,       2858,       2858,        1,  1382400, 75d35a002fd0ca772f5dce6bf4745cb0
0,       2859,       2859,        1,  1382400, 655eef6b0489961c5610468253566d62
0,       2860,       2860,        1,  1382400, 7c9076e889bc64d2620873533985d4df
0,       2861,       2861,        1,  1382400, f609a04e6a750e56e8571863154e1a48
0,       2862,       2862,        1,  1382400, 17adc93b256518fd357b0339310a0cba
0,       2863,       2863,        1,  1382400, ce3efdfc28d1d9c1b27acca0b75e7467
0,       2864,       2864,        1,  1382400, 6954c4311a22902435bb76cd40e9ceff
0,       2865,       2865,        1,  1382400, 8919b7dfa24e589a4e423b65daccaddb
0,       2866,       2866,        1,  1382400, e016169d0037b8c57eec748cbd12fdcb
0,       2867,       2867,        1,  1382400, 3e1261c62e58c1cd4f9b1b3cf949c10e
0,       2868,       2868,        1,  1382400, 899ccd7740194ba4a70fa3073a1c9c6e
0,       2869,       2869,        1,  1382400, 276c11a6cfb23e386b0c175027b901d4
0,       2870,       2870,        1,  1382400, 62d973158944ca290ac4c7d065e600ba
0,       2871,       2871,        1,  1382400, 14c6f7c43d782e30b99ee3e7385e5be1
0,       2872,       2872,        1,  1382400, c43ddf13001e4e1e6d6254717f77c9d7
0,       2873,       2873,        1,  1382400, 9a3fc0286869aa74077cf54d17f70031
0,       2874,       2874,        1,  1382400, 019e10d553a6037dff1bb24c1992998a
0,       2875,       2875,        1,  1382400, 297b9b9a41b64d01465f45cbc7e38d8c
0,       2876,       2876,        1,  1382400, cd31fbc62727d26d5c1b082649c2e1be
0,       2877,       2877,        1,  1382400, 36e0195f56f869d6f27e8b15d715177e
0,       2878,       2878,        1,  1382400, 05ff18cba0cac7d71aa4a5d4595eb7e7
0,       2879,       2879,        1,  1382400, bd4a30d19b6cab12c0981a1f13042a4c
0,       2880,       2880,        1,  1382400, 3f7a0f01a24fe49baa70906f643fe260
0,       2881,       2881,        1,  1382400, e05a2feb4f44cc09f0ecffff8ac0f473
0,       2882,       2882,        1,  1382400, 9a69f32e3f167f8a286a740a94029117
0,       2883,       2883,        1,  1382400, 4e451162e6789ee1164843e0ec1d1e27
0,       2884,       2884,        1,  1382400, 8be32281e52ea9f378f1b383e719e7ea
0,       2885,       2885,        1,  1382400, bf0aba7419bf03539a3120738ccf1281
0,       2886,       2886,        1,  1382400, 69ab60059b1738e00830d0766e6e54a8
0,       2887,       2887,        1,  1382400, cfedcbb0147e3604a44e2b21ca168d89
0,       2888,       2888,        1,  1382400, 3827bed58b543db66520d02f5cd05fa0
0,       2889,       2889,        1,  1382400, b379f1ca0edd7ac3ac89cab74f64f55a
0,       2890,       2890,        1,  1382400, 5bc93f8e868d55c4113abc5c6353c238
0,       2891,       2891,        1,  1382400, ebfb644516a51c9c78f2761b9de2a2d2
0,       2892,       2892,        1,  1382400, 272ce082efc8c6a72f18756fa2b37ade
0,       2893,       2893,        1,  1382400, dbd86a8a45ca6d2436ea21b8f0ec4800
0,       2894,       2894,        1,  1382400, d54bd1719e7d12085c50a5c72d35f7ac
0,       2895,       2895,        1,  1382400, d76bd1ca0e7f37d5db41ff344e4aa3c3
0,       2896,       2896,        1,  1382400, cebde69c65342c2035a255cb3bb4024b
0,       2897,       2897,        1,  1382400, 622b140b0bfeb23044977c2f604a6301
0,       2898,       2898,        1,  1382400, b84eb136f0b2016bf81638edc4b4e89c
0,       2899,       2899,        1,  1382400, 2f9b21ea150e1e3f26d9082373a3e8d7
0,       2900,       2900,        1,  1382400, e8805184615d9ad9d221442cc126039f
0,       2901,       2901,        1,  1382400, 378878bc52e34e456e0f4f885d51f009
0,       2902,       2902,        1,  1382400, ce7a432c022c9fbef15db9fdd7c0df7b
0,       2903,       2903,        1,  1382400, 7e61f332e7ccebd9ffb7a3ab9df739d6
0,       2904,       2904,        1,  1382400, ee815fa587ab60d79118caf6a04dbd0c
0,       2905,       2905,        1,  1382400, a07b8c38972e4793bc5e1ef15ea70731
0,       2906,       2906,        1,  1382400, b9a0ee39ad121d47dfb5863b7ecd018e
0,       2907,       2907,        1,  1382400, 6cfe6196285f704e7371cc86868fb859
0,       2908,       2908,        1,  1382400, fc5ee0beb92a5e770b03d18f82dc90ab
0,       2909,       2909,        1,  1382400, 16d1fe43d396ba6408556b8303111800
0,       2910,       2910,        1,  1382400, be9835c396f157e4d600dac6119b2916
0,       2911,       2911,        1,  1382400, 3facaecaf10e4afcdd4efc18130d1644
0,       2912,       2912,        1,  1382400, 56326ff8a81fd8799f1803122d56b440
0,       2913,       2913,        1,  1382400, fa3c04886cbb4bd9ab6b863fa31c3f7d
0,       2914,       2914,        1,  1382400, 60f6b09a6cf16151d056db9ffc026740
0,       2915,       2915,        1,  1382400, a7af5fd04cbf17d4184012a24880ac0b
0,       2916,       2916,        1,  1382400, 7b10ea7db52472dabc340d9a6097a113
0,       2917,       2917,        1,  1382400, 8611b13a4bf5022db70395e070ea3b09
0,       2918,       2918,        1,  1382400, 3e6d470f7a5b70d651f12d14309257ad
0,       2919,       2919,        1,  1382400, 333b84ff877dfdfac165ec403cc59a09
0,       2920,       2920,        1,  1382400, 31b412e35c99d1e3d068077d340c0881
0,       2921,       2921,        1,  1382400, 5fd9502055991c56c5a02090c54f1627
0,       2922,       2922,        1,  1382400, dfdf96d07136b462d2ae46e15fba7f9c
0,       2923,       2923,        1,  1382400, 1c5e7c57372ebebdd7b1ac8224f2efe3
0,       2924,       2924,        1,  1382400, d85f369571bb9d0b999ea69a93bdeb3b
0,       2925,       2925,        1,  1382400, e0d714c58fd080ea94f8a2e776787321
0,       2926,       2926,        1,  1382400, 5a59962dec16c9f5e5e0ac359890ab2a
0,       2927,       2927,        1,  1382400, 2f7064ae0dfcdca6d0b3010a67eaa9b1
0,       2928,       2928,        1,  1382400, 2a9f2490e7da6ac585369223a379af87
0,       2929,       2929,        1,  1382400, caa32194c21ab42dce0df3b99cf249ba
0,       2930,       2930,        1,  1382400, dbed5cc429a90b72e6b18150363bee76
0,       2931,       2931,        1,  1382400, 9b7a1e0a1950e98446e0e008b70ad5d7
0,       2932,       2932,        1,  1382400, 0f9324bb84405d8f8530f684696f0f15
0,       2933,       2933,        1,  1382400, 2ae9a5a1dc0c9ddf9e9bf55e48276081
0,       2934,       2934,        1,  1382400, 4d551d3093ecd839fa51706636d05545
0,       2935,       2935,        1,  1382400, 703c5795368772527092ccdd73af0dec
0,       2936,       2936,        1,  1382400, 5388f8adbc7c2f7c057903f947a1b601
0,       2937,       2937,        1,  1382400, 0b939d991849940399e8c2c87b3436f4
0,       2938,       2938,        1,  1382400, f831872ca5985b7e661d7b725ebb6118
0,       2939,       2939,        1,  1382400, cc5e81282fe3aa8ec69c60890af8aa25
0,       2940,       2940,        1,  1382400, 76b1d00e5d77b0f5da464bf05d658e96
0,       2941,       2941,        1,  1382400, 2a066a1ad16755ed3f47ded9dd26508b
0,       2942,       2942,        1,  1382400, dfc4897a4c2b5a424633734d385be4c9
0,       2943,       2943,        1,  1382400, 14102025d845a670432f0d3ec164a0d8
0,       2944,       2944,        1,  1382400, 63a6b02d9b1ff79e5ae9fe9b215bc470
0,       2945,       2945,        1,  1382400, b872ca9e0bac8c5c3d33f827a1315d88
0,       2946,       2946,        1,  1382400, 00156c905c35e2bc4ade99765fddf56d
0,       2947,       2947,        1,  1382400, cf8749607530dc6cc8c1eca24373a554
0,       2948,       2948,        1,  1382400, a66fa8f0f99483a35a0ceb73a2ccfd2f
0,       2949,       2949,        1,  1382400, 18516c6f79fc133cb0d665780d068d79
0,       2950,       2950,        1,  1382400, f1ce04f6957de6b856e126363c4e5442
0,       2951,       2951,        1,  1382400, 61ec52312fbbadc67b6052fe4ae5e891
0,       2952,       2952,        1,  1382400, 559c4a0dc91ffb6dba71dec8c212d252
0,       2953,       2953,        1,  1382400, 61dd109ec748d68d4f9acff5961fa95d
0,       2954,       2954,        1,  1382400, 7bc8664716221a6cee5d4276752726a7
0,       2955,       2955,        1,  1382400, 89f1e3c91e93a844acccf013044ac44f
0,       2956,       2956,        1,  1382400, 6523a54e3e9a9de001876a4c7a473143
0,       2957,       2957,        1,  1382400, 73bcad9695d5345b5861aa4148514d52
0,       2958,       2958,        1,  1382400, cbf66d57eff82a8d7a16d063fac8c96b
0,       2959,       2959,        1,  1382400, dd777ae697a63f5c3aa5ebea7f8c6316
0,       2960,       2960,        1,  1382400, 271dd085df81e905ff080d185eb96ca9
0,       2961,       2961,        1,  1382400, f191299ae46865d1de5d4df80d6a3d51
0,       2962,       2962,        1,  1382400, ec15283e61d979e82de284ae4574f451
0,       2963,       2963,        1,  1382400, 45e9ca7d6f24d31e8aa8bae925a6daae
0,       2964,       2964,        1,  1382400, e28de7136d98ba53fd7f0a910d840e0a
0,       2965,       2965,        1,  1382400, b30fe668438b466975a5e04e56b173a0
0,       2966,       2966,        1,  1382400, 9eb27a7c069465cec41a81507b619cd7
0,       2967,       2967,        1,  1382400, 9079c6520d0e1c6ea0fd412460a71902
0,       2968,       2968,        1,  1382400, 2777ce825c661b23b25c5bd64b1eeca8
0,       2969,       2969,        1,  1382400, 3d3b96bc19a41e7fa0852db06acd1f02
0,       2970,       2970,        1,  1382400, 7a6237f0b85087c107bc8fcc646d92fd
0,       2971,       2971,        1,  1382400, 55dfb247466e23a4452ce652789768dd
0,       2972,       2972,        1,  1382400, bbbe731e19a8f4e85a802782aee78041
0,       2973,       2973,        1,  1382400, ba37e9d103fc87a7e37a0cd815ab3cbd
0,       2974,       2974,        1,  1382400, d46bb54dcf33e25b695f273c7419b5fc
0,       2975,       2975,        1,  1382400, 697c51036ae94a4ab686dee72f872197
0,       2976,       2976,        1,  1382400, cfe62f7d0d57056d4ed2396bb1816cd7
0,       2977,       2977,        1,  1382400, 2af975d579488bf3fbc898b40457b3b4
0,       2978,       2978,        1,  1382400, 44c106cbb911f549c6923e8ddda6cf74
0,       2979,       2979,        1,  1382400, 090d094bdee7a2b1eae637a509f0d5ab
0,       2980,       2980,        1,  1382400, f8a0f995d92075775dae51d566da2085
0,       2981,       2981,        1,  1382400, 99010810ecb3c7a80fb58f1621811388
0,       2982,       2982,        1,  1382400, 8794dd01e899b2aaef1334c7aa3ee866
0,       2983,       2983,        1,  1382400, ec7bfe10d5c9682c39029da8eaa93a05
0,       2984,       2984,        1,  1382400, 329814c8385fb1192fd7313a50973572
0,       2985,       2985,        1,  1382400, f3dd0b71498450c0955d847b90051cd6
0,       2986,       2986,        1,  1382400, 832b008370cda479df69dfa3e522670c
0,       2987,       2987,        1,  1382400, 4c86b99842a267799ba67ac64097ef44
0,       2988,       2988,        1,  1382400, 31833a9ebf72e661921fdac537320d14
0,       2989,       2989,        1,  1382400, a0f7b1a8f9900892e1b8c6721b1e8da6
0,       2990,       2990,        1,  1382400, f0593d3a302d372e642111a7859b200d
0,       2991,       2991,        1,  1382400, 8441e4c78e876267f5a07c4e04dd30a0
0,       2992,       2992,        1,  1382400, 3feafad639bfdb523a5fd04aee8b58ad
0,       2993,       2993,        1,  1382400, b0f556aa7e5b766c827b18e91e67ace7
0,       2994,       2994,        1,  1382400, 12cc65cf62f37f4161d274ec11491cae
0,       2995,       2995,        1,  1382400, 6ca5a6e151ae232ad2b89f65cd799c33
0,       2996,       2996,        1,  1382400, c228fce5e0c779917d52164913cbe6e3
0,       2997,       2997,        1,  1382400, bd47bd700cedfae4c4be6e4d1b736d67
0,       2998,       2998,        1,  1382400, ef9520c1ea13e65062dd613bc76012b8
0,       2999,       2999,        1,  1382400, 5531f3b66f5d6fcb37a2008e2acaa735
0,       3000,       3000,        1,  1382400, 70b8c987cd9ae50ef39f31aecad5816c
0,       3001,       3001,        1,  1382400, 897c2d61d1936290b6c5138afe4894b2
0,       3002,       3002,        1,  1382400, cf1a9a6ae3b63f1f4d882df18a7b92cf
0,       3003,       3003,        1,  1382400, d4517f539602f9ed5098c8895f9ff341
0,       3004,       3004,        1,  1382400, 5aaeb9185085b2309767c88555a961c2
0,       3005,       3005,        1,  1382400, 779c8e9f84b84c179c3e1b6dcb7a8bfd
0,       3006,       3006,        1,  1382400, b4560b9c1d57aa807cfe48637f651c1d
0,       3007,       3007,        1,  1382400, ef2fca7d3f8c6f7b0d0f840e3a960432
0,       3008,       3008,        1,  1382400, fafea3710b0dee58ad28594982333af9
0,       3009,       3009,        1,  1382400, 99952a85b4585065d84119af7b2bf5ce
0,       3010,       3010,        1,  1382400, 174ab18a1268ce1799c15233ba8c0010
0,       3011,       3011,        1,  1382400, 838c62e0b965d21e485dc41433a12248
0,       3012,       3012,        1,  1382400, e9ac098baa57aad29d59f91132f8bd01
0,       3013,       3013,        1,  1382400, 4eed3e20c8bf2762636b3e15219fdd47
0,       3014,       3014,        1,  1382400, 8224b6b1abd6c39b830ac5537089cb7b
0,       3015,       3015,        1,  1382400, 10823992fd78b3d4bf1cfc27f8ba6d5f
0,       3016,       3016,        1,  1382400, 6b9869d5a66d6dbf9b36c6cdebf6f910
0,       3017,       3017,        1,  1382400, af056b269b4fb2d01505a14f1024513f
0,       3018,       3018,        1,  1382400, 741c766e34fcb41e65d862440f171b89
0,       3019,       3019,        1,  1382400, 2ef3a9fa2366b60c21053f0ade484b74
0,       3020,       3020,        1,  1382400, 4a1fdeb6c3a9766081ee829da1551167
0,       3021,       3021,        1,  1382400, bbc13b3ff2a2eaf7095aabd3b0ba5aea
0,       3022,       3022,        1,  1382400, 31818c7284b1ab1789e709968ecd7d05
0,       3023,       3023,        1,  1382400, b83b1ad88a10862a61fde108e1a88305
0,       3024,       3024,        1,  1382400, a746c6c99555e50b8ebe38c062631b31
0,       3025,       3025,        1,  1382400, e8acdf52c36540f57e577404bf0b7c1e
0,       3026,       3026,        1,  1382400, 670130070fc1718d57149212c8ab6adc
0,       3027,       3027,        1,  1382400, 967fad7e168ca7d6a572360898c12df8
0,       3028,       3028,        1,  1382400, 74d1a7ef53b5da40ce30c9366d10e9a4
0,       3029,       3029,        1,  1382400, 84f9f68be7093ef1af15b7ac675b26d5
0,       3030,       3030,        1,  1382400, 4198d19ffd6e27780c75c6b888e23563
0,       3031,       3031,        1,  1382400, c39aed4d47091c2d13e5105069904256
0,       3032,       3032,        1,  1382400, 38adb494b9d29c0d7f63b4eaa1dcc0b4
0,       3033,       3033,        1,  1382400, 3f08f2737f3396e1588f13d157d005da
0,       3034,       3034,        1,  1382400, 0c7b8589c66b10982cf8b27071cd6588
0,       3035,       3035,        1,  1382400, 27ba7eccb85cbd54a2a1b900b1a379f8
0,       3036,       3036,        1,  1382400, 45e8e7cae0619a1a6f028ec765bd3335
0,       3037,       3037,        1,  1382400, a42ba3e27b1fd991b3675d7988d2ec19
0,       3038,       3038,        1,  1382400, 1e04f635150e97059db49686d1f87d8b
0,       3039,       3039,        1,  1382400, b6ad59488a70db0131d204340f85ee8c
0,       3040,       3040,        1,  1382400, ae74b1a47707a717a0bb64b33ce0d1de
0,       3041,       3041,        1,  1382400, 0551194787e99507a83745c3bd4b9a20
0,       3042,       3042,        1,  1382400, 6b9c57101de240fba3a204a132b20bc0
0,       3043,       3043,        1,  1382400, 07f085f9f70b8593585c8edfe47b70dd
0,       3044,       3044,        1,  1382400, 6ac428c4883a1edabe227df5c4b7318e
0,       3045,       3045,        1,  1382400, a973f5da120a54b2227fcaf5cceb7e5b
0,       3046,       3046,        1,  1382400, 288fcc085435747b5f390f051873b9c0
0,       3047,       3047,        1,  1382400, 0a48d9521599bc4ff0844d332122a9c3
0,       3048,       3048,        1,  1382400, 097968bd65868020520c45c00de58582
0,       3049,       3049,        1,  1382400, cb3a23b8b5dcf7a0fbb417605003aed1
0,       3050,       3050,        1,  1382400, e9b45984b015e7d014fc62ec18ce5d3d
0,       3051,       3051,        1,  1382400, ef534c4a0cf7da723a00d5c9e1b9b12b
0,       3052,       3052,        1,  1382400, adfc723b42c66677c5b1dc96473c2c7c
0,       3053,       3053,        1,  1382400, 3d9890af1b05f3836ca8b9deb4ca2f7e
0,       3054,       3054,        1,  1382400, 429e3ff6174a9cab19d1514be9910f16
0,       3055,       3055,        1,  1382400, dc6e5d9f65e0ac5c81975051750a1440
0,       3056,       3056,        1,  1382400, 3159bbc0a1ae4d6123ec382cd635d6fb
0,       3057,       3057,        1,  1382400, 4eb9d8a05d58d87207a5239001431e3c
0,       3058,       3058,        1,  1382400, f460e56f1b44a3b3157ac3cf8dd7cad3
0,       3059,       3059,        1,  1382400, 8b3a80ad276b2be476b5e272cd98573e
0,       3060,       3060,        1,  1382400, 014812ded1ba8f19e809c2bfcd9fbd22
0,       3061,       3061,        1,  1382400, ad7bf2bc18b7c272cc0d3e9801a52f3d
0,       3062,       3062,        1,  1382400, 7561af62a45cec4b0bc0eba40d70b61c
0,       3063,       3063,        1,  1382400, f8b2c5c903f961b2e49b88349beba6eb
0,       3064,       3064,        1,  1382400, 5af30a97d856f72b6f083d3a4a6ed426
0,       3065,       3065,        1,  1382400, bdef9257ddc0d2707422980c8efca604
0,       3066,       3066,        1,  1382400, 7f68bfed492eb34774128564d316d330
0,       3067,       3067,        1,  1382400, 78515e41f0ed9a2e3715b1d159cc987d
0,       3068,       3068,        1,  1382400, ddb3ed6093b36a4e3ea54ded014fb537
0,       3069,       3069,        1,  1382400, 437bfc61bfae4f6896a7f7714527b89b
0,       3070,       3070,        1,  1382400, a02b6914c02b0d9430644e58e99398bf
0,       3071,       3071,        1,  1382400, 9fc67c046ad0d9a06803eec67df6a3ee
0,       3072,       3072,        1,  1382400, a56fed48033a029ed8c035216b42e572
0,       3073,       3073,        1,  1382400, 6da67ff0738f66d1d9bef70b560dc729
0,       3074,       3074,        1,  1382400, 78363caab6c4a6bfd8918ce92a7f2a54
0,       3075,       3075,        1,  1382400, aac13359233c85172154c4e330cf649b
0,       3076,       3076,        1,  1382400, bd0a63a0034aeee90689e1fa332186c2
0,       3077,       3077,        1,  1382400, 0d768769572e4dd139b6c8275f61b286
0,       3078,       3078,        1,  1382400, b422975a972377cb56f3260d83e7a0b8
0,       3079,       3079,        1,  1382400, 990699e4da955071abe895b902ff3242
0,       3080,       3080,        1,  1382400, 1dc9738c56937b497ebe848b48f4896e
0,       3081,       3081,        1,  1382400, ca76cb0b9c240970de55b696fefcd85d
0,       3082,       3082,        1,  1382400, 4738b8bc251857cb96cdf4bfdbda380c
0,       3083,       3083,        1,  1382400, d65dda637920f40adee4ce6089b9de4c
0,       3084,       3084,        1,  1382400, dda0fa555157f88af15b697206de2d53
0,       3085,       3085,        1,  1382400, 9837d19acb9b3453f53d10639f64d5de
0,       3086,       3086,        1,  1382400, 68689663217c19a736c1730fae5ee980
0,       3087,       3087,        1,  1382400, 4285f4bcbbde0418d39d6301765572f0
0,       3088,       3088,        1,  1382400, eebed4d081669d115e1371df4560ae2f
0,       3089,       3089,        1,  1382400, 96356ca83a2287b7b01ab2325a09012e
0,       3090,       3090,        1,  1382400, 5b577529af9d7e5adfd1d8a66137d3da
0,       3091,       3091,        1,  1382400, a6e0f80a41c7eaf91bd761118ffcf1b9
0,       3092,       3092,        1,  1382400, fbc739a14e2e65dced517f97577fd79b
0,       3093,       3093,        1,  1382400, 929d58b76a48fb3bca987c49c47c1c50
0,       3094,       3094,        1,  1382400, 3c0c3f99e7d212b256360488b9638e35
0,       3095,       3095,        1,  1382400, 4f2261c22c0fe86fd4059b1621265aa2
0,       3096,       3096,        1,  1382400, ba187bc9919c474f2526dfa87d9f2fd5
0,       3097,       3097,        1,  1382400, 42d37a2663cbac3838af78ae9038e381
0,       3098,       3098,        1,  1382400, 97ff6947ee75b78e4248ad4ae2f434c0
0,       3099,       3099,        1,  1382400, 896f2e0d7ba15de6eddaf0c5057909b7
0,       3100,       3100,        1,  1382400, c4756f38dbfd1bee36375cc636145c25
0,       3101,       3101,        1,  1382400, b6dabe529443595a8cd70fd5ea883981
0,       3102,       3102,        1,  1382400, 4beb47428fa5f99e0c64e4d2ef4295b1
0,       3103,       3103,        1,  1382400, 8939ae921828976a0df068a9dc34076f
0,       3104,       3104,        1,  1382400, bb8e40ed5ad5d842d920c202a51a92eb
0,       3105,       3105,        1,  1382400, faf40bc9728aede2612fe8c4e8a737cd
0,       3106,       3106,        1,  1382400, ae1e85246f8ef9675ca131265e105aa2
0,       3107,       3107,        1,  1382400, d4a874c13211c5b41fb01e143a57716d
0,       3108,       3108,        1,  1382400, d81cf05f434295a9cbeb496a13332e9e
0,       3109,       3109,        1,  1382400, 2a7d519637c8743e1c437e275751f616
0,       3110,       3110,        1,  1382400, b9d5e57a61ee49ef85f88a6dc688493a
0,       3111,       3111,        1,  1382400, b1b0c635a7aa353d8dcbe50e10f8390b
0,       3112,       3112,        1,  1382400, 55df7693f3a01a7c0f5413bf4898927d
0,       3113,       3113,        1,  1382400, 2259be70178e7a9d9b4f550378d9126f
0,       3114,       3114,        1,  1382400, 6ac3fb071f9ced1406f5665647c41b29
0,       3115,       3115,        1,  1382400, c964787b072bc4e7749b9e4216d8b2b6
0,       3116,       3116,        1,  1382400, 8b660927244b60193c6f72ad819f4392
0,       3117,       3117,        1,  1382400, 58063adc4c6640975ecb1ebcd6c93186
0,       3118,       3118,        1,  1382400, e9491d4604dfe8fa4bbb1cc88dd1306b
0,       3119,       3119,        1,  1382400, 5ef7ae435a4ef9f75f5d2263d01e1904
0,       3120,       3120,        1,  1382400, 4921742433b91c1fb90febd5ee56c152
0,       3121,       3121,        1,  1382400, ecbd2a89cee38ee97f4a409b3fe96ac5
0,       3122,       3122,        1,  1382400, 9b5af9131a51c2713b6c4f87ddc7f30e
0,       3123,       3123,        1,  1382400, 57dd517fe82bd13f8aea8b7e58f7b90e
0,       3124,       3124,        1,  1382400, 5ab55f6ec35654ebe9dab9b1f84fa1e1
0,       3125,       3125,        1,  1382400, 711df5164b4b869f00625a0652924dce
0,       3126,       3126,        1,  1382400, 83d58dff28ee357a192d7124f2321af0
0,       3127,       3127,        1,  1382400, e0b4ac3e661fbf3112c165e67ffe595d
0,       3128,       3128,        1,  1382400, 2042e52f74b9c45e3dd8f1939945d374
0,       3129,       3129,        1,  1382400, a97fb4da8d4912745da4ae2bf25d2866
0,       3130,       3130,        1,  1382400, b6ec4317dfe7c07d0702f873b88224cc
0,       3131,       3131,        1,  1382400, dba65e582955d1793f0234a97b47493c
0,       3132,       3132,        1,  1382400, 2e1d452606bb9ae7794b93f56a3231ef
0,       3133,       3133,        1,  1382400, 13afe77d0318d7ec265127e9715e82f8
0,       3134,       3134,        1,  1382400, 1335dfc8e7ec06c72086a5e430a44a32
0,       3135,       3135,        1,  1382400, ae3442386fa71655c7a206bb16fcaa35
0,       3136,       3136,        1,  1382400, 695ee0468c99a3b74309aff627eb68c2
0,       3137,       3137,        1,  1382400, b5b6b4f6bc396126bf509bcf9d72d69b
0,       3138,       3138,        1,  1382400, 8072a5cc2ecb976c2fa22d15c501f5c8
0,       3139,       3139,        1,  1382400, c0eefaeccab82ca5e3da70e7c3eca39f
0,       3140,       3140,        1,  1382400, a8b6a5f341b3d3ada3f59ed471d7e7c4
0,       3141,       3141,        1,  1382400, 80680d9318f3c2c4675cff99cdbdc09f
0,       3142,       3142,        1,  1382400, 51094ee47ee2c36cffce9eb6b8fd470f
0,       3143,       3143,        1,  1382400, 1850e083ca9eddfa70f83e921e9d745c
0,       3144,       3144,        1,  1382400, 5fdb202a14736744592e1a4b1e4c30fc
0,       3145,       3145,        1,  1382400, 3944d09700276afee330952b5c8bbc8c
0,       3146,       3146,        1,  1382400, cb699d1ac97f7a3804ae2424285bf3da
0,       3147,       3147,        1,  1382400, 6320f5d1b7bb32f1313c2b1dfb86798d
0,       3148,       3148,        1,  1382400, f80b9a4fb8cd1199879ef5b16985b92e
0,       3149,       3149,        1,  1382400, 3a7b9680ea610b0402b65d15acef4b34
0,       3150,       3150,        1,  1382400, ad714f0f03c00245cdd031a5ba39219c
0,       3151,       3151,        1,  1382400, 52ed326eed232b3cf09ac3e3e048fd07
0,       3152,       3152,        1,  1382400, 1168c23ab99f8b3e919a8cd83a3d963f
0,       3153,       3153,        1,  1382400, 99848cc1c371428aac31102b0d9f431c
0,       3154,       3154,        1,  1382400, ddc3d8f8967978b117d31e6db252eca2
0,       3155,       3155,        1,  1382400, 5621e91ebc71308b428f99ffed062b25
0,       3156,       3156,        1,  1382400, 2e0a61e30a355c073d26991f4048cdda
0,       3157,       3157,        1,  1382400, 2f780463d23c070e936b2af0fa60be96
0,       3158,       3158,        1,  1382400, 51cb5ba4f969d12c3fe7e7fe6e797414
0,       3159,       3159,        1,  1382400, 1f53cc89eebf7823212084e53c55c862
0,       3160,       3160,        1,  1382400, e716a28d536a23b6e98d23ff53f4d110
0,       3161,       3161,        1,  1382400, ca0104948d424b35445cc64630b7b20c
0,       3162,       3162,        1,  1382400, 0c74ab53f1d80a537a75f9004a941350
0,       3163,       3163,        1,  1382400, b186bad4282b5aae4356f9e86191a776
0,       3164,       3164,        1,  1382400, e5d686e3830038c3a17a1e7629427e68
0,       3165,       3165,        1,  1382400, c54823c8cf766245cc4f0820c0e9e27d
0,       3166,       3166,        1,  1382400, 6818e61622e92296d4df71af073452b9
0,       3167,       3167,        1,  1382400, 4dd3458686669a6fda6ac09301e6df48
0,       3168,       3168,        1,  1382400, 6cfbc67ff56d1d06f370beeb7572cba6
0,       3169,       3169,        1,  1382400, f423bf90633c0ed6ee0921a7f631317b
0,       3170,       3170,        1,  1382400, 053566fb56fb5b13706b99e526ea9584
0,       3171,       3171,        1,  1382400, de8c812327189d1066fd8a5b820a7577
0,       3172,       3172,        1,  1382400, a5a907573666472b1633ad1331fb9b80
0,       3173,       3173,        1,  1382400, c06798403375b1e6e5c3ab50f5562e76
0,       3174,       3174,        1,  1382400, c8ab29a64fd5e29036be4e3f92754587
0,       3175,       3175,        1,  1382400, 21486f8289b432058de7c66e687d4c7c
0,       3176,       3176,        1,  1382400, 45ac971784138759617f193a52d5d4fc
0,       3177,       3177,        1,  1382400, 732b60ed9d0fbadb0f03d8030dc303f7
0,       3178,       3178,        1,  1382400, f4e41a9420370abc6af3f799ab7b2298
0,       3179,       3179,        1,  1382400, a5776072d544948fc3891f79be781faf
0,       3180,       3180,        1,  1382400, 990fc42f386d94ee7a76e5f267f64125
0,       3181,       3181,        1,  1382400, 6baf69e34e5a994b1b26079598c222f8
0,       3182,       3182,        1,  1382400, 53c9054cc8e008d9cccaf75e0d268e00
0,       3183,       3183,        1,  1382400, cb7df9fd4ed0593aee6f3ef3dd1119c6
0,       3184,       3184,        1,  1382400, f31560eea2cdc384d1a71a488bdcb693
0,       3185,       3185,        1,  1382400, 08d1563a3a777560e78d37f666a5ecd8
0,       3186,       3186,        1,  1382400, e7e506faf9340d8b228ed094a6d1ec2e
0,       3187,       3187,        1,  1382400, 91745730aaa3831ff2669e5290cb74fb
0,       3188,       3188,        1,  1382400, cac23458b1ccb82786a8d5b6f429692a
0,       3189,       3189,        1,  1382400, 715593593320047ee69dd7b55b0fbfba
0,       3190,       3190,        1,  1382400, 1bb5f041e70329287e81e38af5ab4b40
0,       3191,       3191,        1,  1382400, 5b036967e50e825fc4c9adce1efcdf85
0,       3192,       3192,        1,  1382400, 3774671af197bec59677cb856151ba43
0,       3193,       3193,        1,  1382400, f05c73826c874ad9e7313258f0e88d0a
0,       3194,       3194,        1,  1382400, b3bd52f5db706f9b5163bc240e2d6d83
0,       3195,       3195,        1,  1382400, f591ee3f0c09f1760a234972dacc9db9
0,       3196,       3196,        1,  1382400, 0a22c63ae397dd45f751822ded6d4cc5
0,       3197,       3197,        1,  1382400, d58f928c4cb81234273ee108def83890
0,       3198,       3198,        1,  1382400, a3d7a13819c94f13b65d96cd10b3fd24
0,       3199,       3199,        1,  1382400, 6c1c94eabe88b97472fdfa73786d6e47
0,       3200,       3200,        1,  1382400, 8c03da29cd04b04e34b2b3676612bda8
0,       3201,       3201,        1,  1382400, 8e753ee7bff37220d8a7ff1f9b6452d2
0,       3202,       3202,        1,  1382400, 0d9e8a363df0e1562e20566e79154a5e
0,       3203,       3203,        1,  1382400, 1bf5a014e0f7b31ef75f22969806f9fa
0,       3204,       3204,        1,  1382400, d3bd4c6c878805d497c9c1b27a398060
0,       3205,       3205,        1,  1382400, 3d573b42383496b88fe832247a10d9ef
0,       3206,       3206,        1,  1382400, 7f7e4db1ebbb3fe8603785c66d5bf696
0,       3207,       3207,        1,  1382400, 8801d8679fd3c74b125fae1df9f3e5db
0,       3208,       3208,        1,  1382400, 1b6da661a513675b23ff189ec58939d9
0,       3209,       3209,        1,  1382400, 82ba2475a2e07344d6636b200b488f5a
0,       3210,       3210,        1,  1382400, 505338261826565243dbe6b7046f85a1
0,       3211,       3211,        1,  1382400, 91189ebb7b094d443149123c4e5263c1
0,       3212,       3212,        1,  1382400, 5f6780a3272b6e3d7ec398582ab67947
0,       3213,       3213,        1,  1382400, 6697bb8de86333256c9f6f8e4cad8ee9
0,       3214,       3214,        1,  1382400, 7d356334c3596d07eac3d481953d9964
0,       3215,       3215,        1,  1382400, cb83b8a35ace1d1e3e4c2b89ba1adf90
0,       3216,       3216,        1,  1382400, daffdb3c9b343a4f40689d0801ed60c8
0,       3217,       3217,        1,  1382400, 3afe7a61c339cae2b29ea93d09b5240b
0,       3218,       3218,        1,  1382400, 091e0b0c11e602fbc01c46327ac723d2
0,       3219,       3219,        1,  1382400, c4475b85bcdc87981b74e6f81238b45b
0,       3220,       3220,        1,  1382400, 0dd9658cbe27ea9268220f0b58e68c45
0,       3221,       3221,        1,  1382400, d565dd74b18f3c428a79c9f0ea5cef8e
0,       3222,       3222,        1,  1382400, 836d18f48feb43225d2f71094e4066cf
0,       3223,       3223,        1,  1382400, 825c6c4a895ae9b47cdc65f2e93ce0c0
0,       3224,       3224,        1,  1382400, 9b38a0b4623fd91405f9b5b81ac8b4ff
0,       3225,       3225,        1,  1382400, 8bb2c95fef6c6f4ad8ac9cd99005f529
0,       3226,       3226,        1,  1382400, ba7cb5401f17f3e7a7f108e3b29d1ddb
0,       3227,       3227,        1,  1382400, bde1d045d27242f6f0db50013f8d7b7f
0,       3228,       3228,        1,  1382400, 57014432ff23c671e6d05b6269695407
0,       3229,       3229,        1,  1382400, b0b65f0df07a558df46b844ace30f48e
0,       3230,       3230,        1,  1382400, f68e9f2f2693253a074052ae1676fa4b
0,       3231,       3231,        1,  1382400, 2f98504d18b7c7163ba4cfe66a04c9a8
0,       3232,       3232,        1,  1382400, d05349254bf29d89e356c16cdd6cbb4d
0,       3233,       3233,        1,  1382400, 6daf6bcc4bf364166eb37b5cd3394113
0,       3234,       3234,        1,  1382400, 0498a52e750ea9ba51dd539f4c570ac5
0,       3235,       3235,        1,  1382400, d1e6709252c5e4f324058726ff3ad13a
0,       3236,       3236,        1,  1382400, b87d773b0ad054037396340d86b338d0
0,       3237,       3237,        1,  1382400, d78e671f34998b273a26f79a5afee542
0,       3238,       3238,        1,  1382400, 1221a7ebee93b58220a01d52b72a9004
0,       3239,       3239,        1,  1382400, fa60eae02be59af601ef886566ba770a
0,       3240,       3240,        1,  1382400, 69be5733036740ca47440fb3aaf331c2
0,       3241,       3241,        1,  1382400, a06195bfdf8adbe362259566a6b347e3
0,       3242,       3242,        1,  1382400, 0f57c8bbcb2fccb5b411bdd393861b35
0,       3243,       3243,        1,  1382400, e65a63909013f85d548caa1516ff4bd8
0,       3244,       3244,        1,  1382400, 71b8a7ab0de24468689d95eb762f521d
0,       3245,       3245,        1,  1382400, a91a597e8e0c840a2542f1deb94fda8e
0,       3246,       3246,        1,  1382400, abcdfc58ba8ff7b0757a16ee415ad5cc
0,       3247,       3247,        1,  1382400, ca1e49836a093f481e26c55b86b97e96
0,       3248,       3248,        1,  1382400, 78206ade13b244e43f6bc1fd6cfa4c6f
0,       3249,       3249,        1,  1382400, 56cbde7dadead0984d1ccff2fdba17ce
0,       3250,       3250,        1,  1382400, b2d4d49f7b898e4c5600498b8e6f3cee
0,       3251,       3251,        1,  1382400, 99d15ecaa5fac8cdababcfdee0b476bc
0,       3252,       3252,        1,  1382400, c3c32046a71a13b686a2377e19a45e92
0,       3253,       3253,        1,  1382400, 429f3dc392597e895367033d299672d6
0,       3254,       3254,        1,  1382400, 714ced0f6ca848df38367064c0a5e9dd
0,       3255,       3255,        1,  1382400, 91662bb7d506649bc50a40ba3c8a52e2
0,       3256,       3256,        1,  1382400, d41bea3006235b1d9edf07d24d2ff5c2
0,       3257,       3257,        1,  1382400, cb9a8bed63e91c7e544e342127057587
0,       3258,       3258,        1,  1382400, aeb28480d773f0524927adc2c6824c49
0,       3259,       3259,        1,  1382400, 8e1070282e5a7e61d6353001e1bebb85
0,       3260,       3260,        1,  1382400, 9c89c16eaf0733249d36a86def711fe1
0,       3261,       3261,        1,  1382400, 7353bfd932967985a41d52f4cc1985f4
0,       3262,       3262,        1,  1382400, 16728eefb7615401c7c54fba2d6648e8
0,       3263,       3263,        1,  1382400, a195a2ccc595192f0481e35a10460951
0,       3264,       3264,        1,  1382400, 04c593e959f7ec70892ec8f3e0d79e93
0,       3265,       3265,        1,  1382400, d15d2a460c53d5590d3909ba65570bce
0,       3266,       3266,        1,  1382400, bbb1e207e2ddab3fc2b22492f2aa7c1b
0,       3267,       3267,        1,  1382400, 9b21e9213533e77832592037c7919953
0,       3268,       3268,        1,  1382400, f939beec5963334fc552c57ce0fe2e0e
0,       3269,       3269,        1,  1382400, 84fb3f14be0b70ea5171e85037791d90
0,       3270,       3270,        1,  1382400, 7468706014c4e828530cafbf0d7f8a0a
0,       3271,       3271,        1,  1382400, 31a29d362badadf6189d326ce356287f
0,       3272,       3272,        1,  1382400, bc54845259dd516cd6125dc77948a295
0,       3273,       3273,        1,  1382400, fe19dd3b06cf7ec9d578f237e2893fca
0,       3274,       3274,        1,  1382400, 6aef7442146448970be541af7afd72f9
0,       3275,       3275,        1,  1382400, 83b3e599a17575772e2c03c6c73966ca
0,       3276,       3276,        1,  1382400, aa860312cdde26b51ffb73c26c82a5d7
0,       3277,       3277,        1,  1382400, a6733f5445125f1628e9c20d72d7eb0c
0,       3278,       3278,        1,  1382400, 1934a6e71ad70f77ef4a78afae433087
0,       3279,       3279,        1,  1382400, 9b93ad16fc7c5579ffeecfa9a6804cb1
0,       3280,       3280,        1,  1382400, 485322ae953da38ec229078c3893b78e
0,       3281,       3281,        1,  1382400, 2be8bf95a65a43c2a4d621b7a83b6d57
0,       3282,       3282,        1,  1382400, 98e4313d7b5013a1fa33f07e98a1fce7
0,       3283,       3283,        1,  1382400, 18ba96723f9fc7eaf3d2bb1ba3a00dee
0,       3284,       3284,        1,  1382400, 11f799e4dd865501b65ed9a1d0935793
0,       3285,       3285,        1,  1382400, dbf87f59d1ee09232ac1ded276070431
0,       3286,       3286,        1,  1382400, 91f4f91f90ec794808f2f5793893bc40
0,       3287,       3287,        1,  1382400, f1ebd94e47a55041ce14e5510cf1506a
0,       3288,       3288,        1,  1382400, 4c9598feb713b8303513422dcb4b1c3c
0,       3289,       3289,        1,  1382400, 53077f6a9e6e0dada684e1e0f8fd9d50
0,       3290,       3290,        1,  1382400, b6c034334ecaf5f5ab9b4d9e49a92f36
0,       3291,       3291,        1,  1382400, d64ad3add7e3a53dc40a7597daf92387
0,       3292,       3292,        1,  1382400, d3c41006ab54f8a75c7a8be919158c0d
0,       3293,       3293,        1,  1382400, 17a357d667c38af497c0326bc4e25ac9
0,       3294,       3294,        1,  1382400, 6bb640b62d8f2bf130d219175e5002dd
0,       3295,       3295,        1,  1382400, 5ca0120899943742318ce203c33e1874
0,       3296,       3296,        1,  1382400, d50fce22ce485a76ac846ab7b3e0c1b2
0,       3297,       3297,        1,  1382400, c23d5d0a41465e9611219d01bc27f875
0,       3298,       3298,        1,  1382400, 0163c05d4a7fb51e299b0893b8737103
0,       3299,       3299,        1,  1382400, 92d87ab0edf132e4d81e544b4c814118
0,       3300,       3300,        1,  1382400, dac4c0fffe84e7c61612ff75cd665d6d
0,       3301,       3301,        1,  1382400, 70e48be71d9f1e3b6bc10d9fb470b4ec
0,       3302,       3302,        1,  1382400, 4e13235848dcf9fbe279236d3c14af1f
0,       3303,       3303,        1,  1382400, f9fd7625b623e168dbea93dcc07c7ef3
0,       3304,       3304,        1,  1382400, bda738ce0eb474b3f4213eb7b62a60ac
0,       3305,       3305,        1,  1382400, 2b043903ed0156f45317073a13f5b80b
0,       3306,       3306,        1,  1382400, 1513e0916e7f59ab654acb1172fa7de3
0,       3307,       3307,        1,  1382400, 1a7e7558ff040e1bb0b519a83cebd7e5
0,       3308,       3308,        1,  1382400, 7f1fb8b2f4d4fe7d0dd758f334eb411d
0,       3309,       3309,        1,  1382400, 331aec0632f26c5abcc235367fc353cb
0,       3310,       3310,        1,  1382400, f61080e6448e251cfa59431e400b3e3a
0,       3311,       3311,        1,  1382400, 362da79d79b284de6b43df8dadc3ee93
0,       3312,       3312,        1,  1382400, ed2b4376caaeb12dcdc3d8f4df66da9b
0,       3313,       3313,        1,  1382400, a7aae2b6747b3daebc5a1d6bb91ff143
0,       3314,       3314,        1,  1382400, 280c83c452820be0844f7ab55008e901
0,       3315,       3315,        1,  1382400, 3043567c0c66650c9055cc989cd7c58b
0,       3316,       3316,        1,  1382400, 9fdeaba3918763700f9343aa9dd98729
0,       3317,       3317,        1,  1382400, 9bd79565b78b0256ea52721767b1cf6c
0,       3318,       3318,        1,  1382400, a18d4e3d4417561577f2ec34179519ab
0,       3319,       3319,        1,  1382400, 1c6b7da0201b0b53464605ea451759d6
0,       3320,       3320,        1,  1382400, 7aa938526d724143bcd255a54aa76e0d
0,       3321,       3321,        1,  1382400, 5aabb3e53e888a9f57657e0e46accf34
0,       3322,       3322,        1,  1382400, de050751c5c62080c029f2fda279b53c
0,       3323,       3323,        1,  1382400, 607c00183a93f4622329e6a50a9d38f0
0,       3324,       3324,        1,  1382400, 723d103f8b863920ca065c8a28f41a6b
0,       3325,       3325,        1,  1382400, 29172844732a4af42e93dad3cde5a68d
0,       3326,       3326,        1,  1382400, e578bd584da6d5ac38e7057fccd4d992
0,       3327,       3327,        1,  1382400, 06010d2db2cdb8b2cc039b50fb90aeb8
0,       3328,       3328,        1,  1382400, eeff5ee973d65172e1bac007b7ea6b1b
0,       3329,       3329,        1,  1382400, 8cb3cadeea31cf08f19b8f29530432ab
0,       3330,       3330,        1,  1382400, 90c1e57a96f1ba656525d08a5c879ed9
0,       3331,       3331,        1,  1382400, aaff6f11cbe3ecebe22a1fe36c26c1d9
0,       3332,       3332,        1,  1382400, 9e4b0b551fb6f06594fb0e74c750b488
0,       3333,       3333,        1,  1382400, f5d4fafa3f7810488a51061a661babe8
0,       3334,       3334,        1,  1382400, e9b1b6690fbc912d58d96e02c56d9640
0,       3335,       3335,        1,  1382400, df75542e5ce4a4623b6d17af56df6181
0,       3336,       3336,        1,  1382400, b0db955be2a536828ac844ffd6e90ad5
0,       3337,       3337,        1,  1382400, 03606cd96e29eedbfc867228518e3b48
0,       3338,       3338,        1,  1382400, e10b80dc8abe0aa902ca10646d1efa46
0,       3339,       3339,        1,  1382400, 540c4983e6e137d5068c173de5d55fdf
0,       3340,       3340,        1,  1382400, 42433758c2795fe04af673bedb5e0bf9
0,       3341,       3341,        1,  1382400, a4f6147bc21ff6d2ba3805f64aafa982
0,       3342,       3342,        1,  1382400, dd0b0356e4dbea48297afeada50add2d
0,       3343,       3343,        1,  1382400, 3e6e26d5902d60bbd60675c7a321b67f
0,       3344,       3344,        1,  1382400, c7dbb3a29f963aa7c30282b15764567a
0,       3345,       3345,        1,  1382400, 1ba4e6a93f2580f8426d5df6c83122fd
0,       3346,       3346,        1,  1382400, 35228b73e8d9b52c531de8126eb554f7
0,       3347,       3347,        1,  1382400, fc7423ea89193cbc9d8f59a98e95e146
0,       3348,       3348,        1,  1382400, 395672c3330aa3c383018c6ba95fe1be
0,       3349,       3349,        1,  1382400, 092aa176b4ac6c3b29280f6a19feb77a
0,       3350,       3350,        1,  1382400, 52c10d540ea5d9eb75bb34bbac3ee0a2
0,       3351,       3351,        1,  1382400, 724e790b6180a53c85b0f48a954a4f61
0,       3352,       3352,        1,  1382400, 27e513db45f9eab90f6d81e4a12ff305
0,       3353,       3353,        1,  1382400, 1f8698e0d01734212f5e9cf951e3737d
0,       3354,       3354,        1,  1382400, 504c6134618b46dc6f30809f4b7eb806
0,       3355,       3355,        1,  1382400, aec20e2e795a23aa8b0f24a9ac08489b
0,       3356,       3356,        1,  1382400, ca63248906b644808f5eb4e67b185333
0,       3357,       3357,        1,  1382400, d7ffa88b94a9cfb94e489c7a48e67d34
0,       3358,       3358,        1,  1382400, fa261a452eccc3efeda6e42f3f41e2c3
0,       3359,       3359,        1,  1382400, 0c1ab377b4d509394c32616f96454fa4
0,       3360,       3360,        1,  1382400, 09e9572f600cabf31cf4fb2ecc3edce8
0,       3361,       3361,        1,  1382400, d03dc3f8d8ae58481ac30778785a6649
0,       3362,       3362,        1,  1382400, 494fd4963ef053727eab3661e62ad0eb
0,       3363,       3363,        1,  1382400, 85682d53d1fc78df13f564d8b68958c4
0,       3364,       3364,        1,  1382400, 417559f6e3408aa2a406a35a7e060149
0,       3365,       3365,        1,  1382400, e70f0e2470cd63561cf860cec3d6c8cf
0,       3366,       3366,        1,  1382400, 7d24388bbd19dc98bdeb408e80be83bf
0,       3367,       3367,        1,  1382400, 58fa1cf0b70ee927b3cda8e6953c692e
0,       3368,       3368,        1,  1382400, 968c28c6397e2764ec195e25f5845d94
0,       3369,       3369,        1,  1382400, 120997012030f8a46524603cad12162e
0,       3370,       3370,        1,  1382400, dfdb335649be764cc6bc7957bb4c16f6
0,       3371,       3371,        1,  1382400, 5222f9cefb9b3729071b062a671bbedc
0,       3372,       3372,        1,  1382400, c144c9e5eb48360b19f221b20c984d9f
0,       3373,       3373,        1,  1382400, 8d62adc4af0fc47620ca8bffaac8822c
0,       3374,       3374,        1,  1382400, 25cb894fbd4114df3db7c2503073b01e
0,       3375,       3375,        1,  1382400, 3601ff87c25e12e2ce665314279f4a27
0,       3376,       3376,        1,  1382400, b23e57df4867880eb3edbad3e1f91e4f
0,       3377,       3377,        1,  1382400, bf1b12769c6c0b2cba78a2096d079302
0,       3378,       3378,        1,  1382400, f5a774d3b9a729b8c1464fc8930e3bd1
0,       3379,       3379,        1,  1382400, df5fa20a18cccbb11cd18633a88e8c1e
0,       3380,       3380,        1,  1382400, 2e2b8a1b4646739f56c1983fd3c607bf
0,       3381,       3381,        1,  1382400, 5a0adf910d609e919e7bf7c7e6bf7dae
0,       3382,       3382,        1,  1382400, 7382f03336c8b588cc3ab583202cc6ed
0,       3383,       3383,        1,  1382400, a0a8162d4676debbe5c95c43f6629de9
0,       3384,       3384,        1,  1382400, a43868ac7a80073c6d390930feb9e047
0,       3385,       3385,        1,  1382400, 720f067b27240bd06019258216a56e00
0,       3386,       3386,        1,  1382400, 96c617ecd0a81f3aa431578afcceba28
0,       3387,       3387,        1,  1382400, 86e403b96329cdbcf162cdce62771fbe
0,       3388,       3388,        1,  1382400, d91e01e39b5dbf747e8c85160e248c6f
0,       3389,       3389,        1,  1382400, 8db7914994e816ad263d24e5d62b5980
0,       3390,       3390,        1,  1382400, 9b5fb2aaf664598f62c8158aeb1b3732
0,       3391,       3391,        1,  1382400, 555fecd0b9b4d557ccfe1f8d2cd03249
0,       3392,       3392,        1,  1382400, fccb809ed2212de6dbc1f06771b2936f
0,       3393,       3393,        1,  1382400, 39165d000c1d704a55164499073df7c0
0,       3394,       3394,        1,  1382400, 8235dac127e7f562a529a03036820718
0,       3395,       3395,        1,  1382400, de1d440c15ea81d3c3aa600e4e35b9a0
0,       3396,       3396,        1,  1382400, 21e17f44a1d5fd68f7a55d67ae35f173
0,       3397,       3397,        1,  1382400, 272a793f3c798e2f9562d893cbdc872e
0,       3398,       3398,        1,  1382400, ecafcef04754c5744f3e18e51e57b1c2
0,       3399,       3399,        1,  1382400, c2f7f392f6c53cc54f47a072eab3f3d3
0,       3400,       3400,        1,  1382400, e06b1fd4b070e5bba1e6677884b2a4fe
0,       3401,       3401,        1,  1382400, fb42fa1765a26c60a81ec8e5bc87de3e
0,       3402,       3402,        1,  1382400, 2282d03a2fbfc0aac5ad54abf6d3a436
0,       3403,       3403,        1,  1382400, 2b7df59138823ce09cf0013dad41db9d
0,       3404,       3404,        1,  1382400, f12ed26984746f5cad51688994b36d52
0,       3405,       3405,        1,  1382400, 4f3b6db3382527d2cbe8f594a10cc3eb
0,       3406,       3406,        1,  1382400, 7681574e0e9864f0f7c2f6759fc79d6a
0,       3407,       3407,        1,  1382400, f0ca5e7c77dea2b321f99b02f5c3f1bd
0,       3408,       3408,        1,  1382400, b5019a350dbed1cf90dbbf3eb5f9577d
0,       3409,       3409,        1,  1382400, 709d84407fbacdbfc57cc1e235c3bbd3
0,       3410,       3410,        1,  1382400, 6f4b3b5024cb6ef6c0ce7fb343b0b132
0,       3411,       3411,        1,  1382400, 668d16b957a2bc767e8ead558626ce99
0,       3412,       3412,        1,  1382400, 7107733d28ba10f9a33533accee4da76
0,       3413,       3413,        1,  1382400, 2ed262f503f1945ca6f3e7ecc86a9dc1
0,       3414,       3414,        1,  1382400, fd0ae42e391823cacf3f730bab637839
0,       3415,       3415,        1,  1382400, 36815a1333eacbedcfcb97c52b7efaeb
0,       3416,       3416,        1,  1382400, ffb58227f20f13d4765301a503310031
0,       3417,       3417,        1,  1382400, aae1cf8e85c48f9992b4d88ea76faf23
0,       3418,       3418,        1,  1382400, 6dcb2b33826d0dfa200242107eaf438c
0,       3419,       3419,        1,  1382400, 911522bff4dbf2a3c18e81d5c2d62a69
0,       3420,       3420,        1,  1382400, 00e63fc63d96b8ee2b24943c505f90e0
0,       3421,       3421,        1,  1382400, ed60fbeb03586f47f35d34466a6a8cb0
0,       3422,       3422,        1,  1382400, 614df3e2b0c9f185ad18b8d57a691d84
0,       3423,       3423,        1,  1382400, adede0a34173c8165901bd041f03ad22
0,       3424,       3424,        1,  1382400, 53f5affc736294f306daf51736c03f9c
0,       3425,       3425,        1,  1382400, 6cc0f4a1f46ecfa0f3d4e2076460d0ed
0,       3426,       3426,        1,  1382400, bdbdd27e8c2167519eacb6c87f0a4c71
0,       3427,       3427,        1,  1382400, d6449823d3466e022e97a7026247a534
0,       3428,       3428,        1,  1382400, 9d66887208fe7de74109b6a08b6abf1a
0,       3429,       3429,        1,  1382400, 2130d53529f6e7b536e51262e79f4c23
0,       3430,       3430,        1,  1382400, 3e45bc117c811365abddcd707c4b1488
0,       3431,       3431,        1,  1382400, a082eaf5af607bc04fde18f4cdc7f54f
0,       3432,       3432,        1,  1382400, df1571b547efc347802f50401f72a5b9
0,       3433,       3433,        1,  1382400, d4fce1005ac61168dc2566d83324b291
0,       3434,       3434,        1,  1382400, 05e7e95523b5e7547f2d1f646aeedc87
0,       3435,       3435,        1,  1382400, 57c2452164f3cf1a88889381c6005241
0,       3436,       3436,        1,  1382400, 277f65f90f1af665627a9d81f2d6cde2
0,       3437,       3437,        1,  1382400, f4d5737502eec33d4f5c813cde9a840f
0,       3438,       3438,        1,  1382400, 89af7495efd74c0e83ccc6e4f4594c22
0,       3439,       3439,        1,  1382400, e044a5213d936e3e7d7b0dd4608629fb
0,       3440,       3440,        1,  1382400, 2671e6b66d84a5155bf2684f5b3a69a8
0,       3441,       3441,        1,  1382400, 68cd42268be2cd1f0b589d89297027e7
0,       3442,       3442,        1,  1382400, 45889bfd2f49cdc80e08edb83f67463b
0,       3443,       3443,        1,  1382400, 9cf0b87d214523086b6a8b77f7f5423d
0,       3444,       3444,        1,  1382400, a011092c37f5a572df98552bdb95b04f
0,       3445,       3445,        1,  1382400, 4f9ec012953263f507ce151c33e31cd0
0,       3446,       3446,        1,  1382400, d6ff107be9c575dfa8ea631cd2365235
0,       3447,       3447,        1,  1382400, 6937db848d362147a8d791ef17c9de22
0,       3448,       3448,        1,  1382400, b589b1f425afb04432fb4466ced2a045
0,       3449,       3449,        1,  1382400, 88fd7414ab00cb5cab5483b07cccc80d
0,       3450,       3450,        1,  1382400, 3e445a5bcd29dc54446e0c7797d1afb4
0,       3451,       3451,        1,  1382400, 883563f63e94728e63a879bd9e521139
0,       3452,       3452,        1,  1382400, bf71ec89c06cfce9ec88c3cfcfa0067c
0,       3453,       3453,        1,  1382400, 21d76cab5215cdf3b462863a789ce841
0,       3454,       3454,        1,  1382400, 667195384e0f8782669fd31b53a56787
0,       3455,       3455,        1,  1382400, 69e2b328d71a00635a98f6cdc1ab581b
0,       3456,       3456,        1,  1382400, c90beaf95a01f321a839f409f9b48617
0,       3457,       3457,        1,  1382400, f955f6f6228b47077cee744c0186185b
0,       3458,       3458,        1,  1382400, 1490c20167583f7d618a3f731269fc4c
0,       3459,       3459,        1,  1382400, 784f781e59d36bc9de25dd38f105c7e8
0,       3460,       3460,        1,  1382400, e0323ee58f1b330bbc08ac5d8bc8af5a
0,       3461,       3461,        1,  1382400, 5bfc8c822da5d6c5de03c65928668385
0,       3462,       3462,        1,  1382400, 5bfc8c822da5d6c5de03c65928668385
0,       3463,       3463,        1,  1382400, f58b1e0af05f8c1d1cfe1726ca86c074
0,       3464,       3464,        1,  1382400, accc43734881cb55c2c889b60562548a
0,       3465,       3465,        1,  1382400, 4a34d8fbce9d83e9087ac99bbaa892bb
0,       3466,       3466,        1,  1382400, a401e018daefaa93717f14fb1b36b3e2
0,       3467,       3467,        1,  1382400, fc304095ec7b110a650c25c0f8236c4d
0,       3468,       3468,        1,  1382400, 6d21ad0d2a3cbaf8a05f72a4e6882db3
0,       3469,       3469,        1,  1382400, 3aeb7dd1e16f6bbd0557691d1bf7f8ba
0,       3470,       3470,        1,  1382400, f073a8f201dbf06a20816daff3a2bb49
0,       3471,       3471,        1,  1382400, a92b548beff8e3d77fdbc20842156dc2
0,       3472,       3472,        1,  1382400, 048d10c0cee238dda6adcbb1cba9787b
0,       3473,       3473,        1,  1382400, 412a13b25ec9c6541e7f7213fec22f9a
0,       3474,       3474,        1,  1382400, 6a4be335e722fa575efa6bbc90b24bac
0,       3475,       3475,        1,  1382400, 617274a370cc331fc686d3012ee0e0e9
0,       3476,       3476,        1,  1382400, a6d71f651a9546be3625781092ffe72a
0,       3477,       3477,        1,  1382400, 3295c95554456a51b70af12654ab36d8
0,       3478,       3478,        1,  1382400, 7fb38e2b26d89b68b4fa707fff33a7ca
0,       3479,       3479,        1,  1382400, 732b4fdd42d60b41eae1cb7c7895dcb1
0,       3480,       3480,        1,  1382400, 624262a88d3b628790868f54aee89792
0,       3481,       3481,        1,  1382400, 8fd820729272a0cfa940f5cfddd66d68
0,       3482,       3482,        1,  1382400, ff1421ba51ee51a8cdd585e838a318d5
0,       3483,       3483,        1,  1382400, 69e0e13df0df74af691f07898b0b03f1
0,       3484,       3484,        1,  1382400, 45d0bc20819c47133be5e32df0cd3e96
0,       3485,       3485,        1,  1382400, cd5fada583d472d7d5ddce6c6af7aafc
0,       3486,       3486,        1,  1382400, cfeb60c83b4c6a61e39b1e96c32ec42c
0,       3487,       3487,        1,  1382400, eed4e2add8b7ad4d71e52d1fd136ea99
0,       3488,       3488,        1,  1382400, 66bf8f68d3eb718ce40c59443571a999
0,       3489,       3489,        1,  1382400, 6a4412b69f1cb23487d723f64eaa1d2f
0,       3490,       3490,        1,  1382400, 28910660ff2592724ae969323ccf2237
0,       3491,       3491,        1,  1382400, e56bdb46e7b3b8cee68a8326dd64229c
0,       3492,       3492,        1,  1382400, d34981f1617b9352dcf352b4b328da9c
0,       3493,       3493,        1,  1382400, 39b95c2619b5790454a05f00b16ad627
0,       3494,       3494,        1,  1382400, 551ef94d7039b2d1cacdb0512017e752
0,       3495,       3495,        1,  1382400, 1143a873b210f529a1da12b337b7d719
0,       3496,       3496,        1,  1382400, 251ed4623bf92e25da62d1a578437223
0,       3497,       3497,        1,  1382400, 22b2587621b808aeda782a7a1612f49b
0,       3498,       3498,        1,  1382400, 6c1ea80273abc4d9e47a4a2a5249904b
0,       3499,       3499,        1,  1382400, 298fc1a59b13caff0061de6b64c91ed2
0,       3500,       3500,        1,  1382400, ed155d8d1b74add2143c37102c566162
0,       3501,       3501,        1,  1382400, e5116fb1f321148208128f31e68bf6a3
0,       3502,       3502,        1,  1382400, de9fb1cb909b529cb055d12d39419773
0,       3503,       3503,        1,  1382400, 894a3f63c2e00629a2297c76042d7e75
0,       3504,       3504,        1,  1382400, cc10a0f403ce6aab05d5883a76f50ca8
0,       3505,       3505,        1,  1382400, 3579ac2a0cd99551ab6ed5ea06ededed
0,       3506,       3506,        1,  1382400, 60ad15d44679f07f0ef61a0f4a54c811
0,       3507,       3507,        1,  1382400, dc300ffa189bbf0be118faf7ac7d536a
0,       3508,       3508,        1,  1382400, 218cd8e972342f8e2121309098f207e7
0,       3509,       3509,        1,  1382400, c1960e322cc871084b03d96a89733cd5
0,       3510,       3510,        1,  1382400, bac9741ff66e0b563da022261ada9372
0,       3511,       3511,        1,  1382400, bc9ef9831a8f82a919a806c27383f897
0,       3512,       3512,        1,  1382400, 3bc9a1887d116d36b6b61ee91e35da3f
0,       3513,       3513,        1,  1382400, 5abf7a4f3c73a6893940940668644c40
0,       3514,       3514,        1,  1382400, 045e64fce998e35d9c707ffc34cd9c58
0,       3515,       3515,        1,  1382400, 7a5e06ee20f09ce01249854f212fce7d
0,       3516,       3516,        1,  1382400, dc4a3913895f188877a6873fe0ee3502
0,       3517,       3517,        1,  1382400, b9f93f3325a31dd5c76e184c0937a57d
0,       3518,       3518,        1,  1382400, 7d6f7e46ebfae50e15a3a76bf931f07d
0,       3519,       3519,        1,  1382400, bb012f309f21d256fd1d379c0805a57f
0,       3520,       3520,        1,  1382400, 1de7a4420a2960e984b277cb8c376ff3
0,       3521,       3521,        1,  1382400, 9cdd8b1074ce87776d45109cc3baa2d9
0,       3522,       3522,        1,  1382400, 540f6276b52d3cdc1bd3f26ab366b8c7
0,       3523,       3523,        1,  1382400, d9e15b38ce3fdbde747135a8c9a1afa2
0,       3524,       3524,        1,  1382400, 0bf5c4221309928cdf9837d8a65c0e87
0,       3525,       3525,        1,  1382400, 2e7f6ddfc5548886a1b999d5e20c4cc4
0,       3526,       3526,        1,  1382400, d9385b99fc6cd362864d4fafb7da3015
0,       3527,       3527,        1,  1382400, 88c341fe532819d42ea62cedc2a5cbad
0,       3528,       3528,        1,  1382400, 7230475de094367cc4ea41b68cb48f87
0,       3529,       3529,        1,  1382400, c468e4a4578cba0636a971053e58ff58
0,       3530,       3530,        1,  1382400, 6c2d7c5dd0da8ea97bfc7c8b13bb6445
0,       3531,       3531,        1,  1382400, 5d50a6be2824e09f4931129767f5089b
0,       3532,       3532,        1,  1382400, c044d3af145819cecd328c5f9027d6c8
0,       3533,       3533,        1,  1382400, 37dbd982dfeef97272eac3662829eebe
0,       3534,       3534,        1,  1382400, 4f93bf69dd4bd709816ac3d44105d551
0,       3535,       3535,        1,  1382400, 959d1a4ca2a1176476d3c380ac35f2ed
0,       3536,       3536,        1,  1382400, e679061d9338d39abe930ecf65e84f29
0,       3537,       3537,        1,  1382400, df14bcccff55dadbcedc7e6ca30537fb
0,       3538,       3538,        1,  1382400, 1c95e60faecebe8c47713650313ab7ed
0,       3539,       3539,        1,  1382400, d029590f799e8f18bf2bd170a77fe9d8
0,       3540,       3540,        1,  1382400, 19caba09a49d34472226fe6d9bea488a
0,       3541,       3541,        1,  1382400, d05a8104a75b7db82e423143f143d81e
0,       3542,       3542,        1,  1382400, 80b78123663597764d67de221f1a885e
0,       3543,       3543,        1,  1382400, 87ae820ebddd110e1d566ae169d865b2
0,       3544,       3544,        1,  1382400, cb3f38fb79d676acfca94adb6f10fd39
0,       3545,       3545,        1,  1382400, 02fbadc62c0df98f4cd47160b6491611
0,       3546,       3546,        1,  1382400, 5af6649e59745ec43f90d736421b82f4
0,       3547,       3547,        1,  1382400, bc751253ecbcafe294e81b9295a1ddbd
0,       3548,       3548,        1,  1382400, 1ed3c4bd974e54d05d9768766519c213
0,       3549,       3549,        1,  1382400, 87b4d34ef8f10278923587158ce9fd77
0,       3550,       3550,        1,  1382400, 0314462bdfe0e8d1f6175e2fc5ad070a
0,       3551,       3551,        1,  1382400, 63192468565da65ac20e2cbf596f52a2
0,       3552,       3552,        1,  1382400, 44353c748dcc97f229206b2c24ce970d
0,       3553,       3553,        1,  1382400, df5458a93db16eaeb329ef7f2003c469
0,       3554,       3554,        1,  1382400, 472a1fedd2258f2bca5fa63073863c94
0,       3555,       3555,        1,  1382400, c8c45c04d123359ab1d1664ce06b966a
0,       3556,       3556,        1,  1382400, dd6bc78b78a4bc998804c5b42d0ba236
0,       3557,       3557,        1,  1382400, de1317c228e97065102cd5a73dd855a9
0,       3558,       3558,        1,  1382400, eb24c156c25658887682c29bc451ddc8
0,       3559,       3559,        1,  1382400, 99754d90c2f3f8c5f6672918a729193c
0,       3560,       3560,        1,  1382400, 0aa0b129c4ee0d9baeb35799f81633a6
0,       3561,       3561,        1,  1382400, 49f879f5284d4e5984cb6640315412d6
0,       3562,       3562,        1,  1382400, cd6d5a0f390337dd901468667e55fc3a
0,       3563,       3563,        1,  1382400, d318e234186eccf1984d718be55f7ba7
0,       3564,       3564,        1,  1382400, 6b0c04f1b74ac05921a9b136a13368ab
0,       3565,       3565,        1,  1382400, 3536cecf4c77468a9bbb91984cadd274
0,       3566,       3566,        1,  1382400, ec9c667202ae89c58d0158d0eb96d3c2
0,       3567,       3567,        1,  1382400, 7b9622425332f44fac47086ab8fcb713
0,       3568,       3568,        1,  1382400, a9315da9b0c8cc3ad503e3a5613100a0
0,       3569,       3569,        1,  1382400, ecad73ab85d3ff41da5bd7dab2ec814c
0,       3570,       3570,        1,  1382400, c8ceb19bcad4c77f3b6543d726508c58
0,       3571,       3571,        1,  1382400, 2b7eb2436f5dff36cd7726d1c0a97d9b
0,       3572,       3572,        1,  1382400, 26cfcb8d484051d8a0bbc9a029929283
0,       3573,       3573,        1,  1382400, a90dcf8714f1245825b7e365074f6c06
0,       3574,       3574,        1,  1382400, 43a87929edd0e2a4114a3e9c53e5b5cc
0,       3575,       3575,        1,  1382400, b81f04d86e8186d02ee7d176fa4ca568
0,       3576,       3576,        1,  1382400, fcd04b446f0336b45ad3479368509294
0,       3577,       3577,        1,  1382400, fdf8060a52946cdbb55497a3d75143f7
0,       3578,       3578,        1,  1382400, 31104d0e4b690c0dd6640fa5fd242013
0,       3579,       3579,        1,  1382400, 666bc8cb2aa43a8f0cc816e150d96480
0,       3580,       3580,        1,  1382400, 3db9d31d4b1076026bc7f16168627d38
0,       3581,       3581,        1,  1382400, fe345c2d227d6470231dd19bb72363b5
0,       3582,       3582,        1,  1382400, 1e98d9218fdfb2ce99dde6aab0e758fb
0,       3583,       3583,        1,  1382400, 46dc7c8f0811c8cc934a1e5a9e8b83a3
0,       3584,       3584,        1,  1382400, 1ffda6c014382408087513e590dd5ed0
0,       3585,       3585,        1,  1382400, e337de22018f06148fcc9b3702a6d3b9
0,       3586,       3586,        1,  1382400, f87c9dd2bab96a562cc93db3322d00ea
0,       3587,       3587,        1,  1382400, 40258411e5cc5de8dd4bd9056b006b48
0,       3588,       3588,        1,  1382400, 583d7c2d66b57b7509d542dc00d65489
0,       3589,       3589,        1,  1382400, 8bfb0f0d90b887a10425387bb7451edf
0,       3590,       3590,        1,  1382400, 0c3dc2c9ed22b2fa3d7fadf0650d2d40
0,       3591,       3591,        1,  1382400, 5cebf5267f6a59d7d84cb5da20c407aa
0,       3592,       3592,        1,  1382400, 188a48b067d00fd0a6b9445ff0605339
0,       3593,       3593,        1,  1382400, d04d6134104d070b01002c0086718018
0,       3594,       3594,        1,  1382400, 3e78e8d92d0142b9d7788ac6794d1f42
0,       3595,       3595,        1,  1382400, ed813c6cd657c9fb81ac559e15857f74
0,       3596,       3596,        1,  1382400, 7105fced911b2382657ac69d88b8bcb9
0,       3597,       3597,        1,  1382400, f57ca67e9be7a5536111f09535559cdf
0,       3598,       3598,        1,  1382400, bc2ab0a531d2e2f34498ccb90826dbe3
0,       3599,       3599,        1,  1382400, e2c5f79fdc1e0d3b2ad8a8152255c1fc
0,       3600,       3600,        1,  1382400, d0aa43db6737d95b17128618a5e8f570
0,       3601,       3601,        1,  1382400, a29e6f87b4e077d01bd6306ac6af5627
0,       3602,       3602,        1,  1382400, 38a66e92977bea8b933d548d104067cf
0,       3603,       3603,        1,  1382400, a29e6f87b4e077d01bd6306ac6af5627
0,       3604,       3604,        1,  1382400, 6fa83221f387b69d83d3951e38deb6cf
0,       3605,       3605,        1,  1382400, ba4e24a22a61a1a031739b36bb17245a
0,       3606,       3606,        1,  1382400, ba4e24a22a61a1a031739b36bb17245a
0,       3607,       3607,        1,  1382400, 1f24d51ff5370756e52e8b5eb56813cf
0,       3608,       3608,        1,  1382400, 8690696d244bb00b7d96bf1d0f55ff31
0,       3609,       3609,        1,  1382400, 76bcbd2b409ccdd534466831accaf7b8
0,       3610,       3610,        1,  1382400, d01dd35eefd0e1014c4cc13f34a61044
0,       3611,       3611,        1,  1382400, ccaf7be19269b611ae92828a9705dd08
0,       3612,       3612,        1,  1382400, 23acc0130fb4af8b508ad2860fb536e9
0,       3613,       3613,        1,  1382400, fb97a24382f20e0ac5d7d8179b9ba963
0,       3614,       3614,        1,  1382400, fb0f16580357e0730d110182c382208e
0,       3615,       3615,        1,  1382400, aa7b8a2b4c1116573a49ecabf69a16b2
0,       3616,       3616,        1,  1382400, e42cf0b65e0519f4ad5a50851477762d
0,       3617,       3617,        1,  1382400, f55499be40835334f7dd8631b2ae0851
0,       3618,       3618,        1,  1382400, 82e6fde968371c96961ac4ea9635a5f0
0,       3619,       3619,        1,  1382400, 6a219b334fcd563b17c7e1b923af0c2b
0,       3620,       3620,        1,  1382400, fd089623bceb3fba7ae76a2f63e1133e
0,       3621,       3621,        1,  1382400, 8bca12689da1debcf9af66245d30441c
0,       3622,       3622,        1,  1382400, 670175b335ac11462fe126da2e773791
0,       3623,       3623,        1,  1382400, ac67c44be7f53077f5ee92a92d87c77c
0,       3624,       3624,        1,  1382400, 69fcfa14aaa76ba8380b14b138472542
0,       3625,       3625,        1,  1382400, 2a68cc5d8a065f200d0ab1fae5388e05
0,       3626,       3626,        1,  1382400, 9c014fbcf5da17a5528a6d8a6baf7b46
0,       3627,       3627,        1,  1382400, 61635f16e2c93640c7db41a4a231ca77
0,       3628,       3628,        1,  1382400, b06df58b5f4ada1c41b4378ffb3597b9
0,       3629,       3629,        1,  1382400, d1f95c2f831abc753878234271612784
0,       3630,       3630,        1,  1382400, 5c771f52370a103f4d83fd82500edf10
0,       3631,       3631,        1,  1382400, 8ecb0fc063635e1bfa443708ff46b24b
0,       3632,       3632,        1,  1382400, aec586246d50c69b87fde229e895edd5
0,       3633,       3633,        1,  1382400, 86d01fc967fb3a6245f63897d1fc9607
0,       3634,       3634,        1,  1382400, 843e0acb84dacde43681e7212e6ff19e
0,       3635,       3635,        1,  1382400, eb7ef75d23571542b67f3f50d556692e
0,       3636,       3636,        1,  1382400, c63a70f1057f9d96546dbf2d3e121e68
0,       3637,       3637,        1,  1382400, a7224ce3dd75cb8840b2b5535b9c9cee
0,       3638,       3638,        1,  1382400, 5234f1af97b2e6a43cfa9750526a2957
0,       3639,       3639,        1,  1382400, f2d3a7d164c4cfbd3e4ba118f9d416b1
0,       3640,       3640,        1,  1382400, 28bdb7b5e92b6182962bb58d0d27f90f
0,       3641,       3641,        1,  1382400, fe8856ac6f9556b5990f2f0917eebc4e
0,       3642,       3642,        1,  1382400, 23affe7ca5530f3c573868fdb9b27a87
0,       3643,       3643,        1,  1382400, 54ef099e6e042a51af5c49acd888f1b4
0,       3644,       3644,        1,  1382400, 5ff65b599be45d6e43cedf76d7a19fd0
0,       3645,       3645,        1,  1382400, 51f6db04eb6b27f9dc4ae5c5d256616f
0,       3646,       3646,        1,  1382400, 4230e6b9d2715d1f6db0517996bdcaef
0,       3647,       3647,        1,  1382400, 38eac0738e592be7512e4b392f24e08c
0,       3648,       3648,        1,  1382400, 6dfd29d812fa3804c0447d17536055ae
0,       3649,       3649,        1,  1382400, 1553c943f6ea432a603f8a041e2b1171
0,       3650,       3650,        1,  1382400, 538fe14c79494cef120ee8f37feb7928
0,       3651,       3651,        1,  1382400, 6cf859ae45cba2788af2c894c2aaad0d
0,       3652,       3652,        1,  1382400, 6335b4e43660e18340ebe6dde27cc14c
0,       3653,       3653,        1,  1382400, 63ab7562b53f84efca9c4c13ecfb2947
0,       3654,       3654,        1,  1382400, ba734d65fb0c0379d6cdee11cee3ef4c
0,       3655,       3655,        1,  1382400, 6d27b910cbc991c8e54753eaff73968a
0,       3656,       3656,        1,  1382400, 020eaf072b856fc9ebaeebdaff5358ba
0,       3657,       3657,        1,  1382400, 077e491fead94cd42eea4125474dd638
0,       3658,       3658,        1,  1382400, 5e2795a28f7d2c1f8bd2673db1b47b8f
0,       3659,       3659,        1,  1382400, 2fffa9458d5f90b10b077415d493c324
0,       3660,       3660,        1,  1382400, 7f8e036656f6594ebe3022b07cd6137e
0,       3661,       3661,        1,  1382400, 507976f7fdf4df6efe269bb73b9b2a81
0,       3662,       3662,        1,  1382400, 0030b082abd3d6f289004b50470ad2be
0,       3663,       3663,        1,  1382400, 49b81edf84cabaf3091c79d425174d74
0,       3664,       3664,        1,  1382400, 0f3902a241b9efb57bb231350100a498
0,       3665,       3665,        1,  1382400, da7b7f1a600496d2ac9aa4d31d824aec
0,       3666,       3666,        1,  1382400, 74f6a15258bacc121d40934d07d11356
0,       3667,       3667,        1,  1382400, ddb75ec241a2c7b43d49e3b0a19d82e3
0,       3668,       3668,        1,  1382400, 170a06983ea3d7dff378f8b05ce160d3
0,       3669,       3669,        1,  1382400, 22bf848f53d97b5e5f5542da3a61c86d
0,       3670,       3670,        1,  1382400, 4c9f08b3f7157d9d84e858076c1e512f
0,       3671,       3671,        1,  1382400, ecf613ad6ad4229c47f10f0925a4d685
0,       3672,       3672,        1,  1382400, 0613036ec10a770e9f07992a16a23a0d
0,       3673,       3673,        1,  1382400, 15ed9f435d5ab2e2782ef66159d62829
0,       3674,       3674,        1,  1382400, 32538129060ce9a1e5a00e58b2a64389
0,       3675,       3675,        1,  1382400, aabfa3baa8d8379e7e03a0b5d328fd01
0,       3676,       3676,        1,  1382400, dffff7abce611ad628b56432363b8039
0,       3677,       3677,        1,  1382400, e88eec09455d2adc2b372f37976389e8
0,       3678,       3678,        1,  1382400, 6e310fc846d66318c682ed375b345606
0,       3679,       3679,        1,  1382400, 042fc8c9cf33d2669b28ad864d124c88
0,       3680,       3680,        1,  1382400, 59c7dd1f2556dcb00351d948591c610a
0,       3681,       3681,        1,  1382400, 8e11d78d0b9f783d64d06601b543ed8a
0,       3682,       3682,        1,  1382400, 05dede2e6ad32e69656e883573f52800
0,       3683,       3683,        1,  1382400, a0cc85bbdec54bf496fd722ba4159c37
0,       3684,       3684,        1,  1382400, d65b96af709e5dd3a8d4b2befec55f84
0,       3685,       3685,        1,  1382400, ed60d0bec186c7bec7652f4e8f6406f8
0,       3686,       3686,        1,  1382400, 3491f8b3a078ce8b4be77368d600272f
0,       3687,       3687,        1,  1382400, 107b00cf24e25cf93358ec8530451e57
0,       3688,       3688,        1,  1382400, d0f62e5edbf60153a94b213ba25a071b
0,       3689,       3689,        1,  1382400, 9bf2fd0df496b476c9d8f54bdcad94f2
0,       3690,       3690,        1,  1382400, bb18c947cc16073d3145109b930a9280
0,       3691,       3691,        1,  1382400, 88b5abb3cdc0d0e99dfb7bce087b35e4
0,       3692,       3692,        1,  1382400, 031f719ee72b8814b54df2bf22abacab
0,       3693,       3693,        1,  1382400, 6972aea506c7c4977ddeab769097d60a
0,       3694,       3694,        1,  1382400, 8877058b4dc74152855ea5ec26bf97ce
0,       3695,       3695,        1,  1382400, 73ae15ac560532b2031d3631a82efadb
0,       3696,       3696,        1,  1382400, 9eda9f771de42a76ac79df3f6825167a
0,       3697,       3697,        1,  1382400, 6a80101ec7b7618998755162fbb55d33
0,       3698,       3698,        1,  1382400, d1463887a3210171748e470966043479
0,       3699,       3699,        1,  1382400, 60ae12c37ac66b59848380bfeee90d47
0,       3700,       3700,        1,  1382400, b93fff52b4e33bf7701645fbc77cdf71
0,       3701,       3701,        1,  1382400, 5376f8047f0a179e3e520b730d706b9f
0,       3702,       3702,        1,  1382400, c625ac761f39235ecc6d25be9e1b9a34
0,       3703,       3703,        1,  1382400, b5e8aacff1d7f43c36572ba737f71686
0,       3704,       3704,        1,  1382400, a3a76f06759c88fd91dd9d051886dbb8
0,       3705,       3705,        1,  1382400, 9b2b350591a4c133214a779ef1e16281
0,       3706,       3706,        1,  1382400, b0837caaa8d04b3fc28c3ad3c49ef8a8
0,       3707,       3707,        1,  1382400, 53831646917f24120e2c0cef16b6e7c5
0,       3708,       3708,        1,  1382400, d153544da8e3328a9eff312d82be2fd8
0,       3709,       3709,        1,  1382400, 352075d84f5fbb8bd3244ab31184f971
0,       3710,       3710,        1,  1382400, bc2efba5eae34812091f81f911ea1268
0,       3711,       3711,        1,  1382400, 89ce6f9e653e36312dbb252d1618a306
0,       3712,       3712,        1,  1382400, 2b0eb6d4be9977cc544274a482955579
0,       3713,       3713,        1,  1382400, 5dfd88c9f6467ebe58d1a0183c16a215
0,       3714,       3714,        1,  1382400, 057ccf900cfc141e5d32fc6953b68353
0,       3715,       3715,        1,  1382400, 62c83050dd3f21e43b439a4e1185e12d
0,       3716,       3716,        1,  1382400, 7151ae870d88fa36d32ab1761d013036
0,       3717,       3717,        1,  1382400, 0b8ca22688d2fc0429f600ce210fbd9f
0,       3718,       3718,        1,  1382400, b8b556fbb13101eee0f01e518e10dc24
0,       3719,       3719,        1,  1382400, 24fbd731579b6566a8c40eabd6bef660
0,       3720,       3720,        1,  1382400, 371f45c58cb51ea6a825747f51c99cf7
0,       3721,       3721,        1,  1382400, f6e4a26d84475771530f469a5a6be95f
0,       3722,       3722,        1,  1382400, af1b5d6839ca46f6a137397921cd1485
0,       3723,       3723,        1,  1382400, 70e856b23373c7e596d8b2aa0f6746cf
0,       3724,       3724,        1,  1382400, ce30e5530b6ab225708d3aacb94281b1
0,       3725,       3725,        1,  1382400, 0b10f2a4120fd24dd834a2cab4758f90
0,       3726,       3726,        1,  1382400, ce098d31424e4a1ce8ea69c21ccbff6e
0,       3727,       3727,        1,  1382400, 1dc6960b58022c371b9e3f5a6b33f39e
0,       3728,       3728,        1,  1382400, a107dabc182407589b57eb4f11d7fa5a
0,       3729,       3729,        1,  1382400, 367da2962a82f6023a60f0c8ed0fd91f
0,       3730,       3730,        1,  1382400, 8822f2a98202a346bc0d66ea2253a870
0,       3731,       3731,        1,  1382400, 26b3e6db9dbf8e6f2004567d08f1f21c
0,       3732,       3732,        1,  1382400, 7370a366e5d63adc25ebd9c0094807a6
0,       3733,       3733,        1,  1382400, dd42d987a11489fbf6f6eacdccd7dc7e
0,       3734,       3734,        1,  1382400, d32883849bc1780c3ddfc339d2866d00
0,       3735,       3735,        1,  1382400, b17ca16e960fc449cfe7ed1051e56b6b
0,       3736,       3736,        1,  1382400, 94ddaf8635a0eb9543dc3f43f9d5d525
0,       3737,       3737,        1,  1382400, a09febb61314eedaf88e0a7c1ff4a6be
0,       3738,       3738,        1,  1382400, a25812b37f2ce3a43cd2fdf3671296d6
0,       3739,       3739,        1,  1382400, 6bd9befee92430ad27e2ec397b1357c2
0,       3740,       3740,        1,  1382400, 1d575d43bafa896dd9e4213623e84d9f
0,       3741,       3741,        1,  1382400, 75beabc0f4699d9d4a4455426aafeea6
0,       3742,       3742,        1,  1382400, 2f54d85eb15f3585ad961e0a0cdb322b
0,       3743,       3743,        1,  1382400, cd22d12788877ffee7d54db22d51c17d
0,       3744,       3744,        1,  1382400, bb789087db508cdcf85a52600b53b90f
0,       3745,       3745,        1,  1382400, 00be51a01476699921c94f9b51a144ce
0,       3746,       3746,        1,  1382400, 4015b42e0356a0f22356155b8b9de341
0,       3747,       3747,        1,  1382400, 72fe746c45961f36cee625f8e254c249
0,       3748,       3748,        1,  1382400, 01921fc198f153a33ac3a2b4351dec8c
0,       3749,       3749,        1,  1382400, b7ab75aea2db9b12cc3b1fb97c5af8c3
0,       3750,       3750,        1,  1382400, e1396ca8d0705343bba8209f4d4a24b5
0,       3751,       3751,        1,  1382400, 076b1c089a688e822edbe192f7b8d1c6
0,       3752,       3752,        1,  1382400, 881611e484bbcf5f4549cc0db5ab5702
0,       3753,       3753,        1,  1382400, 6780b444b74ff03cd677af69ba629032
0,       3754,       3754,        1,  1382400, 5c96a17ca8bf3ddfc124a6696f9af176
0,       3755,       3755,        1,  1382400, 1c4ba1afcadc76531e8f4f2b76e535b0
0,       3756,       3756,        1,  1382400, 535f161ae5e5fa98253b1c2ec6ab68dc
0,       3757,       3757,        1,  1382400, 15192832ac49d0858b5565f915b0854a
0,       3758,       3758,        1,  1382400, 95b75e56437c1a53ac7bd23bd1e8b5c2
0,       3759,       3759,        1,  1382400, c930c4270bf15898666681ac6074f7ad
0,       3760,       3760,        1,  1382400, a5da10d6c82c27d225ff8aaefdabe3a1
0,       3761,       3761,        1,  1382400, 39e0a710ce2348fd1c507d21c8e3cf40
0,       3762,       3762,        1,  1382400, f37e1e7479dc9b3c541ab03602801923
0,       3763,       3763,        1,  1382400, 79ab0409114fe67f9d61f22566e3e2f8
0,       3764,       3764,        1,  1382400, 0c379ea8f61638f59dbadc50f16ef9b7
0,       3765,       3765,        1,  1382400, 01b247b5e144d15a2e3978011c1b52a1
0,       3766,       3766,        1,  1382400, 9aab1e325b9702977083c5dc8371de6a
0,       3767,       3767,        1,  1382400, 7efebc8a3afdebe874af21752398ed24
0,       3768,       3768,        1,  1382400, 26cbec95796510f3a4a7074c1b65492d
0,       3769,       3769,        1,  1382400, 4000aff577f00fcbf302ad291b2a80c7
0,       3770,       3770,        1,  1382400, 312d105a43a9dbcf865fccdc4f69115a
0,       3771,       3771,        1,  1382400, 47e7df682315aa3f07adc614e4b0431d
0,       3772,       3772,        1,  1382400, 1d86b65bfb7e1ba85bea6ebe31cb46f5
0,       3773,       3773,        1,  1382400, 0c683255eaf61567472b75094cb24262
0,       3774,       3774,        1,  1382400, 0b48b61eaba8ce1c9f2710a75e0e45f7
0,       3775,       3775,        1,  1382400, e5389a74c5ee878e1e851cca79657900
0,       3776,       3776,        1,  1382400, 08fd45f6a8974d03d927f7fd6ab1fbf8
0,       3777,       3777,        1,  1382400, 08e48e953e4729a25c333f11d5166efa
0,       3778,       3778,        1,  1382400, d37300fbf74bf42477b022c2d4f168fe
0,       3779,       3779,        1,  1382400, c48790563f90c3469953675599d8b5cb
0,       3780,       3780,        1,  1382400, 20162ee2d8d2ced3b147da4c9f21a5a1
0,       3781,       3781,        1,  1382400, 577b4bca4418f405f841e42dc95e3338
0,       3782,       3782,        1,  1382400, 121b6d998ebf61eff57a1f9129b87393
0,       3783,       3783,        1,  1382400, 668c9d2b364e51784b842984da339652
0,       3784,       3784,        1,  1382400, eb9029e29ae3bed6464e29933adf14f9
0,       3785,       3785,        1,  1382400, a6db899d0f8c752cb780bbc32fc6e021
0,       3786,       3786,        1,  1382400, f976890f16bd4ede1c00504596eadf3b
0,       3787,       3787,        1,  1382400, af7e2937838b6096a9db2101df47291e
0,       3788,       3788,        1,  1382400, 95c7e128c4e5077bcd74bf599e428bd7
0,       3789,       3789,        1,  1382400, 6b334889043ad88533051d27e072d1f6
0,       3790,       3790,        1,  1382400, f25ac54f3db7be9d5b6cd20e233d8573
0,       3791,       3791,        1,  1382400, aa0f521e38f1508e05dc1c640921822e
0,       3792,       3792,        1,  1382400, e7ae45e2042a022be60b646084506ed2
0,       3793,       3793,        1,  1382400, a2eed4819f80dc346585c927ac93ff32
0,       3794,       3794,        1,  1382400, d06313957f89f1c27f8b0fd27203cbc6
0,       3795,       3795,        1,  1382400, af0ee2343157e05d0c3f5b2c5e0e2742
0,       3796,       3796,        1,  1382400, d6d25273f7445fcee430030697c28b67
0,       3797,       3797,        1,  1382400, 117fc144958618f2b1a900abca94030d
0,       3798,       3798,        1,  1382400, 6e274bbc5b36e0ece2cc621688fa2975
0,       3799,       3799,        1,  1382400, 343f5f49fc4763152d94b41becf55315
0,       3800,       3800,        1,  1382400, 73ab92545bad99b7537fa2b0ac7ec1ce
0,       3801,       3801,        1,  1382400, ad4c2398f4a24d48c8fd2b8633f2491f
0,       3802,       3802,        1,  1382400, f404f7584e29172088fd2d89f481de03
0,       3803,       3803,        1,  1382400, c801578c8b3d144d5f72ca0db11f5d1b
0,       3804,       3804,        1,  1382400, 37b19ba7d540ec2f56e5e10f93263f6c
0,       3805,       3805,        1,  1382400, 3bfe8745806cf82dc6a3f3a82ed3b78e
0,       3806,       3806,        1,  1382400, 2c7fe155c430430cbf6327e6b8bbdd59
0,       3807,       3807,        1,  1382400, f3529166b21c4d083cdf02c7c3aeb2b9
0,       3808,       3808,        1,  1382400, dd359662ed44bb24bd2f09835a180e04
0,       3809,       3809,        1,  1382400, 6db566183ee69601f0529c8ad41f1944
0,       3810,       3810,        1,  1382400, 00058eab7798f3cfebdf7d4f219b5973
0,       3811,       3811,        1,  1382400, bb91a7c855ecacc6349e566147f12a5b
0,       3812,       3812,        1,  1382400, 69769733c215516fc4840d6e51284644
0,       3813,       3813,        1,  1382400, 600f3669b20dd4842bfcb6f0ec43e78a
0,       3814,       3814,        1,  1382400, fc841ad953d05c7aac6754112c4e42bf
0,       3815,       3815,        1,  1382400, f1b66c3e3b652529478bc524ff1c5689
0,       3816,       3816,        1,  1382400, 4537d66910634ba9d7a585e2877ccc43
0,       3817,       3817,        1,  1382400, 00c6301c57da59adcb4b763f72ea0af7
0,       3818,       3818,        1,  1382400, 8f5bbd0ce600c27b231d21c14cfda187
0,       3819,       3819,        1,  1382400, 48a01fed25197d29ebb499aa85ee5085
0,       3820,       3820,        1,  1382400, 67a9739036b08510d6aab862e7a4aae6
0,       3821,       3821,        1,  1382400, d62bbf099f1794cf3a5a70d44edf1c91
0,       3822,       3822,        1,  1382400, f9cec61b73b06b8c0ba38a738af69181
0,       3823,       3823,        1,  1382400, e2bb8d3ee79e5a68b42deee4cf904418
0,       3824,       3824,        1,  1382400, 0fc9d483c20eb07a171f1966b08e3da0
0,       3825,       3825,        1,  1382400, c0db97efbee63ffde50727272cccfae7
0,       3826,       3826,        1,  1382400, a720cb44cd4cd23712540c00ec4f0fa2
0,       3827,       3827,        1,  1382400, 615f3ad9c29a14dc1ea40b0e1de7a142
0,       3828,       3828,        1,  1382400, 0fead9f332345aa5fe8af2bf0e12cf57
0,       3829,       3829,        1,  1382400, e99817cf8d2e1d370eb20b3167dbfee2
0,       3830,       3830,        1,  1382400, 0911a28938bf294a876a0e3f2a5c1161
0,       3831,       3831,        1,  1382400, 63a0e1ef33170ceee79e24c17bbc6951
0,       3832,       3832,        1,  1382400, e724c23bef19550ddccf3ffea9f56912
0,       3833,       3833,        1,  1382400, 3d31c72941d87c919dca84fe5fa8e4da
0,       3834,       3834,        1,  1382400, 1249223f6cef5254c6baeb2d2962d1c9
0,       3835,       3835,        1,  1382400, 0161ee3fc07fe69ca33e370fa45b7c15
0,       3836,       3836,        1,  1382400, 4c8b12c01901cdef0bd31e6edc50183b
0,       3837,       3837,        1,  1382400, 95061f42fd828d16c3a47f4bae6f60ff
0,       3838,       3838,        1,  1382400, 7df28cbb5b7756e3cd3cb7cedf3757dc
0,       3839,       3839,        1,  1382400, 604d9eae668817cd81b233f68c0ab8a3
0,       3840,       3840,        1,  1382400, 13ebdded711b75639490301f207d15ba
0,       3841,       3841,        1,  1382400, e2459c3fbab43b3c223120ecb69f28bb
0,       3842,       3842,        1,  1382400, da2d9c45bf6f4ec23381291b19250557
0,       3843,       3843,        1,  1382400, 1a88a13ad99c6af6825b016a0106dd20
0,       3844,       3844,        1,  1382400, 8b5af0ffa0d3ce29fddf73648c7d6c9c
0,       3845,       3845,        1,  1382400, a319f820ba379f8d11ac45f6fef63adf
0,       3846,       3846,        1,  1382400, b8bf584a252a8222f9661b1bba631c05
0,       3847,       3847,        1,  1382400, 720faa9867643955d6697c5f57e92675
0,       3848,       3848,        1,  1382400, a33096c660aa6433f3a81449f67b542d
0,       3849,       3849,        1,  1382400, f365f2bbabe4808fd0e976a39b0bae94
0,       3850,       3850,        1,  1382400, 3dd7ea6cb412ecfec7d7a717be909ae2
0,       3851,       3851,        1,  1382400, ec96ea520cb8b2899c952d9ceccef40c
0,       3852,       3852,        1,  1382400, b75ce25bdb3197f6f9dbeb429260eb48
0,       3853,       3853,        1,  1382400, 4758b4d26963f7f5e9eef192025b7a63
0,       3854,       3854,        1,  1382400, c42fccd578cad25bd66b5908e7c280a0
0,       3855,       3855,        1,  1382400, 114c02bcf53db645178757c0d7fc9098
0,       3856,       3856,        1,  1382400, fc9ed7e62786d1b5bfb8e47600668270
0,       3857,       3857,        1,  1382400, 97470b6a38bf86ff43fd2fee33335a62
0,       3858,       3858,        1,  1382400, a3f401c6bdbc58e4e13a97140a5fe215
0,       3859,       3859,        1,  1382400, 59f4f79a9306d30b68a26c779fead27f
0,       3860,       3860,        1,  1382400, fc4bec16c16e783b55784421fdc9f17f
0,       3861,       3861,        1,  1382400, 1348a4d98fa464158da2589df4d1755c
0,       3862,       3862,        1,  1382400, 4661f1b7ccc3566acf6230c0c06ae3d7
0,       3863,       3863,        1,  1382400, 1a304d1028f829be1cdbe398de46b4dd
0,       3864,       3864,        1,  1382400, 568aad7d61c77f6c7ca34db4996cdfd7
0,       3865,       3865,        1,  1382400, baddb903868b617cdef678d035a94a4a
0,       3866,       3866,        1,  1382400, ccf74663b7a35c8a0c536418679034ce
0,       3867,       3867,        1,  1382400, e8aef86172b23967d32de1d1054e0445
0,       3868,       3868,        1,  1382400, e8abc4956a951a1ea6d7db5559b84feb
0,       3869,       3869,        1,  1382400, f630cebbc517392b4d0a3106cb8ae2f3
0,       3870,       3870,        1,  1382400, 3ee84a11eff3356870a426b96a36b346
0,       3871,       3871,        1,  1382400, 52d6bb0c3ce34eb8ad480b88cf31d747
0,       3872,       3872,        1,  1382400, 8a558e23268c0b6890881c133229fa45
0,       3873,       3873,        1,  1382400, 6774c5863c385decd07166911695fe4a
0,       3874,       3874,        1,  1382400, 87b114c6d52be005fe0a21b0a545cf93
0,       3875,       3875,        1,  1382400, e7b3559144c28358389858dfb3dbba04
0,       3876,       3876,        1,  1382400, 0702d0d530a3fd03bc9027b178eae4ca
0,       3877,       3877,        1,  1382400, b096303c065d3c794b2f206f10e63f51
0,       3878,       3878,        1,  1382400, 170b1e152844ae70775fc56d6de5b6b1
0,       3879,       3879,        1,  1382400, 32bbec628ec11fa9276f96307276d6b4
0,       3880,       3880,        1,  1382400, 07b25d74998ed96df79dc1a78c00a944
0,       3881,       3881,        1,  1382400, 7b8997819029477800f06b17b537817c
0,       3882,       3882,        1,  1382400, 6e88a3cfb6931e77244b95f0fa84ce9c
0,       3883,       3883,        1,  1382400, 8d05effdcb04e4d0242b96140c865c06
0,       3884,       3884,        1,  1382400, f5bfee84b18c9ed4ec2114c83b131690
0,       3885,       3885,        1,  1382400, ba9b255e3ec04c21f5399fdc7fbbc9a5
0,       3886,       3886,        1,  1382400, 26cc6f9aa72611cf2d8015768e69a910
0,       3887,       3887,        1,  1382400, 4074eeade792c8cbe9344048877fcd84
0,       3888,       3888,        1,  1382400, 3f9dbfd6537c8752da2a84fbadecf40d
0,       3889,       3889,        1,  1382400, fc7bee95bf972ebe824d6a03073f6d70
0,       3890,       3890,        1,  1382400, 3cac3cae5f47934b31fed8cd9c97c1f9
0,       3891,       3891,        1,  1382400, 85ceac9a578be3eaf08cfed342a5d192
0,       3892,       3892,        1,  1382400, 7cc9a66c68ee6dd893227ed2ce6a4689
0,       3893,       3893,        1,  1382400, 302d44e21372bbfca9bd095d9d5e94d5
0,       3894,       3894,        1,  1382400, 004d0b0364c78185ca0527b13b97d738
0,       3895,       3895,        1,  1382400, a32642fde345f161bba4e2cd5cc4c8ef
0,       3896,       3896,        1,  1382400, e1e1123163419ff1ab4cdf6e53a8d006
0,       3897,       3897,        1,  1382400, 7abdf65b7867a37f7a33103617d62cf3
0,       3898,       3898,        1,  1382400, 8d865fe6bc3a68febbf7a4b0507eb4f3
0,       3899,       3899,        1,  1382400, 4ad0a65299b944e023dc5d0e3e19d1a4
0,       3900,       3900,        1,  1382400, 60b854ee0c270ecf91df3a832417cf94
0,       3901,       3901,        1,  1382400, c88e63557b9602155d64cd0c63c35876
0,       3902,       3902,        1,  1382400, e24bb0405f69e83f69bb72b1ea740b57
0,       3903,       3903,        1,  1382400, f9c5c8a1ebed0f9a5b85b378906712c5
0,       3904,       3904,        1,  1382400, d3fa30697995dc075680b9f3cb39039e
0,       3905,       3905,        1,  1382400, 8cb54f251aa5c24bc12fa83bc45c4ed3
0,       3906,       3906,        1,  1382400, f7e33afcf28835206674c27aa9d3717e
0,       3907,       3907,        1,  1382400, 104afbecaf97105a14c0997a33e27b8b
0,       3908,       3908,        1,  1382400, 2b040404463deb42054a3b79265443d5
0,       3909,       3909,        1,  1382400, 5810fabd27111a99a8c9a324e768d504
0,       3910,       3910,        1,  1382400, c753698aabaafc18f96d4f09fc94ce87
0,       3911,       3911,        1,  1382400, 3901868870b4e2fd67c243cbd0fd3fd7
0,       3912,       3912,        1,  1382400, 18a3adb459a8bbdb3085e2f64399beb4
0,       3913,       3913,        1,  1382400, 7ec5a1f841417cacf8b8ea7513c062a3
0,       3914,       3914,        1,  1382400, c86ea1a2255e2772c70090c33659d833
0,       3915,       3915,        1,  1382400, bc5217027bf2e5df17322c20196c824c
0,       3916,       3916,        1,  1382400, 82e1b9eaa544317dffb7ade287635018
0,       3917,       3917,        1,  1382400, ad1d5c418156faa151eab0a065bf3e93
0,       3918,       3918,        1,  1382400, 2e5545243848745ed97c04c7c68b712e
0,       3919,       3919,        1,  1382400, f1fc293cb1abc3ee736440d22903fb6e
0,       3920,       3920,        1,  1382400, 67dab8a6753dc79fa41890db7b77525e
0,       3921,       3921,        1,  1382400, ab335517fae2f836f71ba80d3ddc0898
0,       3922,       3922,        1,  1382400, c088d92bb93a572f312d172487de940d
0,       3923,       3923,        1,  1382400, cf2c28a43beed26aa5a8d3ff3730c8af
0,       3924,       3924,        1,  1382400, 23dffde8220f00978800ff240699055f
0,       3925,       3925,        1,  1382400, 7077cc0e2e9abcf03758afc4d37adb3e
0,       3926,       3926,        1,  1382400, 763efbf42b9dff702da74eada30995f5
0,       3927,       3927,        1,  1382400, 68fe87abeb04217ca141402b97812f76
0,       3928,       3928,        1,  1382400, ecc3ecac9c0038eb38a8695ad23dd1b9
0,       3929,       3929,        1,  1382400, 0c480f7ecf8ea71f09762c6fad1ab9d1
0,       3930,       3930,        1,  1382400, 494eab6952e7df0476132d3b55a41af8
0,       3931,       3931,        1,  1382400, d2bf3700aea05c296e3738c0c888d30b
0,       3932,       3932,        1,  1382400, 32ebc83af68ee773aace3ea31cf9e81a
0,       3933,       3933,        1,  1382400, 1f0335e6d242a02fac54949758a3168b
0,       3934,       3934,        1,  1382400, 0356f74a2344b70c2ed59256ffa3a57a
0,       3935,       3935,        1,  1382400, bc4ee4b04777dcfa41ab2aa97d46e5f9
0,       3936,       3936,        1,  1382400, 151b2cc88a41a6557e24c4aafa876aff
0,       3937,       3937,        1,  1382400, 5995660f2515bb0bf25cc4ff49d359ff
0,       3938,       3938,        1,  1382400, 4de393c611a0f72d3e757e379c6ada1d
0,       3939,       3939,        1,  1382400, d242529e401e12dbfa2543eea261bcb0
0,       3940,       3940,        1,  1382400, cf32551425c9e9e7d97d095575347fcd
0,       3941,       3941,        1,  1382400, 9086724f429017a459773938f82add4f
0,       3942,       3942,        1,  1382400, 598d7237211677b78d74a78d05d9519a
0,       3943,       3943,        1,  1382400, c6128e77989845ffb064458d22041f6f
0,       3944,       3944,        1,  1382400, a4dfae8604f6991e8ad73afc8129aff2
0,       3945,       3945,        1,  1382400, 4a2f49bed64368dfb7a4eb4af03aeb7a
0,       3946,       3946,        1,  1382400, fb1ac990c606eb7617430f8530473533
0,       3947,       3947,        1,  1382400, 600fee36d588d0bfb7828f075fb0e591
0,       3948,       3948,        1,  1382400, f1264124ba14350aed90faef911e2e8e
0,       3949,       3949,        1,  1382400, 0cf348559bd2d9d72c61e8ac77302c3c
0,       3950,       3950,        1,  1382400, 4ad7e3f9e40c460cfca6b4b48cb05eb9
0,       3951,       3951,        1,  1382400, 8819540082d8285b6eb30be714372e2b
0,       3952,       3952,        1,  1382400, 964e42d31b9098197e25633c33629b6c
0,       3953,       3953,        1,  1382400, 0d9e685cf39b3ab51cc240e8cfbabfde
0,       3954,       3954,        1,  1382400, 431e11f5d1a3e30dc671bd3fd824f9a3
0,       3955,       3955,        1,  1382400, 65deb94ab0b146c3e4c6bb8f233163ea
0,       3956,       3956,        1,  1382400, 324fbf26d8d9640e693ad51a07ddec0a
0,       3957,       3957,        1,  1382400, 6c04f67fa63ca2334d01b0f0d5bce3b4
0,       3958,       3958,        1,  1382400, 6e749c015c53e8a5a1ddef0a981e122a
0,       3959,       3959,        1,  1382400, a6feb9ced007558395c54f100cd37167
0,       3960,       3960,        1,  1382400, bda2cde166eeaecbd42669532e985d18
0,       3961,       3961,        1,  1382400, ed32ddfb219c1c1bb93cba2607534068
0,       3962,       3962,        1,  1382400, 021d5f4f6338a3edb7acb5b548baa530
0,       3963,       3963,        1,  1382400, 160a6dccd0501353d8416f17415b757a
0,       3964,       3964,        1,  1382400, 1845f061c855e25d1c74f0959c62c9d1
0,       3965,       3965,        1,  1382400, e57c36f8823b96b15fb4cfbe2ac2e63a
0,       3966,       3966,        1,  1382400, 7c7ad2811dcf8b34f05865612f1a8529
0,       3967,       3967,        1,  1382400, 4725f3e1c7793d50420867eabf5208f3
0,       3968,       3968,        1,  1382400, a93d01953fc22f70720443567ce043cb
0,       3969,       3969,        1,  1382400, 940397e68d9da298d8fa7e3d2127f946
0,       3970,       3970,        1,  1382400, 2e221b0ca4845ae5bd8b1c616c6f8a2d
0,       3971,       3971,        1,  1382400, 46a4c44c03b66ec1ee607cdfd87ebf5e
0,       3972,       3972,        1,  1382400, 27b5985b8f4461bb7e6c1af8555db470
0,       3973,       3973,        1,  1382400, 88ced40b3f3d5f4443f764ce6b6ef479
0,       3974,       3974,        1,  1382400, 745e4513953a1d0d44304638cb4b0b8d
0,       3975,       3975,        1,  1382400, 398cef4f5fd12098cfcfde96e18107f4
0,       3976,       3976,        1,  1382400, b862787ddd4bff950b11778040d5fcef
0,       3977,       3977,        1,  1382400, ac898d4785002161bb4252f2622a8e73
0,       3978,       3978,        1,  1382400, 0281f423179c4b471ac7850b7f4c0d0f
0,       3979,       3979,        1,  1382400, 1e30f5f827c8987d06d6d2dc1a5346a9
0,       3980,       3980,        1,  1382400, 7f37d07ac8479f6db38578312dcda8e4
0,       3981,       3981,        1,  1382400, afbfd3954cdf0f02e1feec1dcb1a9738
0,       3982,       3982,        1,  1382400, ca0e5978b56f5d68ebb525456435c88d
0,       3983,       3983,        1,  1382400, 2d55ce2fa6a5f6d674e55f742bdb2bfc
0,       3984,       3984,        1,  1382400, 41a13712dc35460bca0465041baa2fa4
0,       3985,       3985,        1,  1382400, f1490c9f9f6639596b291b7eaf8481f2
0,       3986,       3986,        1,  1382400, 67bfb0fe5a0f2b26fac1c91125e25ad3
0,       3987,       3987,        1,  1382400, 35a938a731289db35675d685e1e64d5c
0,       3988,       3988,        1,  1382400, 31c9ad5da19b5e5229b0c43f2757a544
0,       3989,       3989,        1,  1382400, 26986fdf65d82b9d575ddc350bb035ef
0,       3990,       3990,        1,  1382400, a453f6ff10b0bf117c03436ad2524a0e
0,       3991,       3991,        1,  1382400, 20c31cd62c0a5f18875821760601bc72
0,       3992,       3992,        1,  1382400, df35829546038a90932a613add307099
0,       3993,       3993,        1,  1382400, 8662dc0cf79ae661d5f7f9abb1dd1eab
0,       3994,       3994,        1,  1382400, 1c2612d96b2b12a6df6a34b648724083
0,       3995,       3995,        1,  1382400, 50dc435d7c63585ed1c2d22638d6b7f3
0,       3996,       3996,        1,  1382400, e508d3532294db8c93dcfad191a47bfb
0,       3997,       3997,        1,  1382400, 8e9a6114d536ba1f16465c714557bcdc
0,       3998,       3998,        1,  1382400, 9616f39681f9a313e6c621ee66b92c7e
0,       3999,       3999,        1,  1382400, 1e8075f6173c04048ad4d3a415c463fb
0,       4000,       4000,        1,  1382400, 3732ff9f41ab359f6f4cb13f71565470
0,       4001,       4001,        1,  1382400, fdbe608f298d87f712f76bec7872cc5f
0,       4002,       4002,        1,  1382400, a4c23e207266ff15b755e7385535768e
0,       4003,       4003,        1,  1382400, f6d6cd720e54ab4581f1b0c9a47e3819
0,       4004,       4004,        1,  1382400, 2310ec374bc8651e292dd4458f3f4e60
0,       4005,       4005,        1,  1382400, cd393d63a60d22569123f119ae1946c5
0,       4006,       4006,        1,  1382400, 45311774a556510d97cbe5d729460d5b
0,       4007,       4007,        1,  1382400, e4a3a97ee8d4fd11644be63c4b767201
0,       4008,       4008,        1,  1382400, 0bd5babd99a0ec75d695a87875ebc668
0,       4009,       4009,        1,  1382400, 7feea3f83b72bc654c997cfdcd2ec499
0,       4010,       4010,        1,  1382400, 180d2e8913c6f187e36743968cb43762
0,       4011,       4011,        1,  1382400, b39742ce5daee2f6eb951c8bff3a8371
0,       4012,       4012,        1,  1382400, 90cc992de39a2737a0593f26cb1428d6
0,       4013,       4013,        1,  1382400, 3f0303c689ccaeae503010d8c6600bff
0,       4014,       4014,        1,  1382400, d53b3efef574897e9ef7fe014b562193
0,       4015,       4015,        1,  1382400, 768e2ff825ff47e262431abce1d6b520
0,       4016,       4016,        1,  1382400, f003886cbaf4043377d23b964b9ac0d0
0,       4017,       4017,        1,  1382400, 03660f92e47f6362498f441fd6ac32c8
0,       4018,       4018,        1,  1382400, f8f732881d04222338f8e830b605ae4d
0,       4019,       4019,        1,  1382400, adbfe8cb6a86858f2741f8cda5d06a72
0,       4020,       4020,        1,  1382400, 6da8071bd8ee58902c9968a7d9dc928e
0,       4021,       4021,        1,  1382400, 7800293bb35ec6bf99689079c331f81a
0,       4022,       4022,        1,  1382400, b8fe8da148fb8d715e4c10831325ea6a
0,       4023,       4023,        1,  1382400, e9b9cf738714b082e798a3f44cd37ff4
0,       4024,       4024,        1,  1382400, 634a49312db49f55539dad11e0b9f84a
0,       4025,       4025,        1,  1382400, 322897f098f646298c1ac1dc6f1582cb
0,       4026,       4026,        1,  1382400, a4b8f9b28be85a438e86d62652126b3b
0,       4027,       4027,        1,  1382400, 23300db811412d70fed8e563a2e33014
0,       4028,       4028,        1,  1382400, 7822097fcb066a062c5325042a79f73b
0,       4029,       4029,        1,  1382400, a96d37344a975e8e1bec03c0ef43b219
0,       4030,       4030,        1,  1382400, 92e560a3bd7f3921dc3a3fe7b2767ecb
0,       4031,       4031,        1,  1382400, 1c1919a977ffaccaa3f775dbcfe2e089
0,       4032,       4032,        1,  1382400, 621265d6996c9e1f9273a4ec49b70109
0,       4033,       4033,        1,  1382400, 69360cd28012f1899084aee170c2dcb8
0,       4034,       4034,        1,  1382400, 3711620c81654fb8bb83631ac2c4f5ab
0,       4035,       4035,        1,  1382400, cddcbf18761b55b442bf945dd715d96c
0,       4036,       4036,        1,  1382400, 8fbc55d97616694059fed08f02ef17c5
0,       4037,       4037,        1,  1382400, 802d37dfee6f5f31eafc2881c741e37a
0,       4038,       4038,        1,  1382400, 0efabc690519e9ef4873212355c28e62
0,       4039,       4039,        1,  1382400, 853ccb04a8c972bf634fba5fc71bbfb6
0,       4040,       4040,        1,  1382400, 101b13dba67ae868e04f39231fbf6c05
0,       4041,       4041,        1,  1382400, 9790e0361514247ae40a6383257a03a0
0,       4042,       4042,        1,  1382400, 7dde76f4f04b0ed15066a727674466e3
0,       4043,       4043,        1,  1382400, c0bff874e2a30a9d04210be8f4f72ca6
0,       4044,       4044,        1,  1382400, 9eb30c09cbda0d8b0bf7a842bdc7ff70
0,       4045,       4045,        1,  1382400, c4bf1ddaa6bf6b7df679360dbb6afdd3
0,       4046,       4046,        1,  1382400, 25037c2dc8d11deaeb8678ff485ac905
0,       4047,       4047,        1,  1382400, ea8336dd4cf2f89bce15776809c141d3
0,       4048,       4048,        1,  1382400, 42b0de9fa15ab99699f9d2742249a6b6
0,       4049,       4049,        1,  1382400, 06c2a4a0b892b520c62fd3610a0e5e93
0,       4050,       4050,        1,  1382400, cd87b2b65ccca5d0f91c3b1e9cd8c213
0,       4051,       4051,        1,  1382400, 1551bef4ca09e4d1f162199d6ef2dbbb
0,       4052,       4052,        1,  1382400, 4047be2e20fc05329c665c4a1536f0a4
0,       4053,       4053,        1,  1382400, 7a7b6b0e37d9a464a6124177b6ea1189
0,       4054,       4054,        1,  1382400, 848dec84072b0c6be3c059fb7837b8be
0,       4055,       4055,        1,  1382400, 123789b2781d490cd59b3eb203b63af7
0,       4056,       4056,        1,  1382400, 26b35e9c41fbe6c17f231452f84171fa
0,       4057,       4057,        1,  1382400, 86e74d1f9982ddfffb6336b64c5e0003
0,       4058,       4058,        1,  1382400, d371214e6a1b145874122fdb162bd19c
0,       4059,       4059,        1,  1382400, 8dd86eea6112efa8067fb209808d954a
0,       4060,       4060,        1,  1382400, 061950273df4cab767b6e277cf170a80
0,       4061,       4061,        1,  1382400, bbe284d2afab2d9584762bf341afca0e
0,       4062,       4062,        1,  1382400, 0bb67b6ddb47af7a63cd445d73373951
0,       4063,       4063,        1,  1382400, e399f81257a97b03f2f4814420199531
0,       4064,       4064,        1,  1382400, 58e6c2f1141f4b26cb3aa0cc84932113
0,       4065,       4065,        1,  1382400, d6101d4f693ba2f5251508197a8c8dc9
0,       4066,       4066,        1,  1382400, fb1834e50e56dcc90190d29ed9ab381c
0,       4067,       4067,        1,  1382400, 1ff0e406369dde9a0042b8c4744b8b1f
0,       4068,       4068,        1,  1382400, 9876c179dbe96f009322ea7030b4fbab
0,       4069,       4069,        1,  1382400, e0077667b19d3eb2bd568175f5cf609b
0,       4070,       4070,        1,  1382400, e416992c3495d3113509884fe3ed306e
0,       4071,       4071,        1,  1382400, e3598ca656bb3988c442e18289faf655
0,       4072,       4072,        1,  1382400, 0bdaad6faab507295fb3b08e3220339d
0,       4073,       4073,        1,  1382400, 9331c5b1d7255656a4bee83a2f31e7dd
0,       4074,       4074,        1,  1382400, 84f14a63b19956e818a92937176e6d80
0,       4075,       4075,        1,  1382400, bc5f49cae647ef2c978c894bd2f79dde
0,       4076,       4076,        1,  1382400, dcd53b33d808455ab420879ba62b2b9c
0,       4077,       4077,        1,  1382400, c795a8e9a7029b140c0e0b9e679eef42
0,       4078,       4078,        1,  1382400, dd2d36b8e6acc3037a0cc540dabfcfa2
0,       4079,       4079,        1,  1382400, 7a2a8ff727b701304ac1ad1e0184c90a
0,       4080,       4080,        1,  1382400, cc69a8f14c779a6c8b46305762c45239
0,       4081,       4081,        1,  1382400, 0eefff16bfaf862d8ba56f47b9775951
0,       4082,       4082,        1,  1382400, 7d5ffaebeb368ca673d5165901617d1e
0,       4083,       4083,        1,  1382400, b5d3aa7b60aa5f5c68a88885cae6a041
0,       4084,       4084,        1,  1382400, 5bc8056ad4d6bddd4d62fd80cc9cddbc
0,       4085,       4085,        1,  1382400, 8be830dfd6fb79011df666675a1519c2
0,       4086,       4086,        1,  1382400, 26f647e40dcd8d45d0071cc35c231873
0,       4087,       4087,        1,  1382400, d27178829cafdea1b50e5b461e289c2b
0,       4088,       4088,        1,  1382400, 316c5e2881d817e5d2d7db971f3d1395
0,       4089,       4089,        1,  1382400, 5e7987eedab9ad1f6700a88a8e0e4477
0,       4090,       4090,        1,  1382400, 325cc923886deb299e7847ca1feee6d6
0,       4091,       4091,        1,  1382400, 84b0c9c3821c8822f7311aeb6e5bc1a6
0,       4092,       4092,        1,  1382400, e673518756b20cfcb6d8c4a67b3b6299
0,       4093,       4093,        1,  1382400, f01313d87b24aaf61db8ab4b217cf335
0,       4094,       4094,        1,  1382400, 13b360c575ef0c50d78335e04633c7be
0,       4095,       4095,        1,  1382400, 11270937736e845d872cc8646faeedd9
0,       4096,       4096,        1,  1382400, f26cb1700d8d64cff135f4eb638c5d3e
0,       4097,       4097,        1,  1382400, b763395bc99d7d0e988d46af6ca3647f
0,       4098,       4098,        1,  1382400, d8359de249497db9eb3accedf10645e0
0,       4099,       4099,        1,  1382400, 9f3bb076f124138738f2123089693379
0,       4100,       4100,        1,  1382400, 72d666180bdb834a3cc6a1effaf07666
0,       4101,       4101,        1,  1382400, 47233e358f46aaf424b04d8a475d3ae4
0,       4102,       4102,        1,  1382400, d0358e08f9cf1464bbe1fa1401d3b896
0,       4103,       4103,        1,  1382400, 82c061dd66b463e4ce7ee02bf2a174d3
0,       4104,       4104,        1,  1382400, 113dca79d3b03ebe5447668e65e2245c
0,       4105,       4105,        1,  1382400, c3a4b1d27843f8837c610ad805315b47
0,       4106,       4106,        1,  1382400, 5ef8310cc4d4c033f0c0ce5c65c7c4c0
0,       4107,       4107,        1,  1382400, cb40025170252662fdf6c156747b94e6
0,       4108,       4108,        1,  1382400, a79c5f792e5be11bda509ca348836585
0,       4109,       4109,        1,  1382400, c600397c6012a21c43e9dfc52f5e3a6c
0,       4110,       4110,        1,  1382400, d4ca0d07a3290d2f10b868775c08a802
0,       4111,       4111,        1,  1382400, 8731ebdb012feded8dab340f5fe5c049
0,       4112,       4112,        1,  1382400, 1881f2bacd83b32f5eb8a8c157d8830a
0,       4113,       4113,        1,  1382400, 3517f7a8a6bd96dc0dd6c95ead59386d
0,       4114,       4114,        1,  1382400, 36c1a0ebd87e4051c45d9efa62253b0d
0,       4115,       4115,        1,  1382400, 084682d68f1e7ae7950b0180e2074cde
0,       4116,       4116,        1,  1382400, 54482a85919b5f97923f91d5403b66b0
0,       4117,       4117,        1,  1382400, cece1dd19f017e059494a776c009db06
0,       4118,       4118,        1,  1382400, f6dfbff9a7fc94d7e2cdf0845fa8859b
0,       4119,       4119,        1,  1382400, a024f7d9dd7ba428a3014f214326e13c
0,       4120,       4120,        1,  1382400, 9b66be5f0cd397873948a573d263dc33
0,       4121,       4121,        1,  1382400, 69a4f174af93b4251625155d1b91e14d
0,       4122,       4122,        1,  1382400, 9a5d36a152cd9f7b541ba0068233be64
0,       4123,       4123,        1,  1382400, e2f45c9505743f80b73d652d33e12ce0
0,       4124,       4124,        1,  1382400, 80187be3aeff9420183315183a564d42
0,       4125,       4125,        1,  1382400, c6c0bfb2318a64499d1d1732b6faaa64
0,       4126,       4126,        1,  1382400, 26b7fbf2a328bd83c9e434a98034c716
0,       4127,       4127,        1,  1382400, 4c6dbda00dbba6c59741a1d28f0a347a
0,       4128,       4128,        1,  1382400, 06eb3429abb2261aa8453bfea51c2cf9
0,       4129,       4129,        1,  1382400, cc6b0c6fd439e8265e284c73051de8fe
0,       4130,       4130,        1,  1382400, 9f450b4916c0363822b19c9b9af5460b
0,       4131,       4131,        1,  1382400, 4531ea2fbd0f59d69a32bad50954c512
0,       4132,       4132,        1,  1382400, c760c2e22b0b10ad2249a07badb32943
0,       4133,       4133,        1,  1382400, 25b622d3f4ef89594bcd1786db58ec41
0,       4134,       4134,        1,  1382400, a551585690b2d9d2d596779ed447da45
0,       4135,       4135,        1,  1382400, 95786190f59b9ddf1d10b3fdd7cca088
0,       4136,       4136,        1,  1382400, 4b07dc597c1f835706bc36703a09afc9
0,       4137,       4137,        1,  1382400, cd41315d823e85e89a27632595ea9036
0,       4138,       4138,        1,  1382400, c69c9af9aef19925cda449af20c5f455
0,       4139,       4139,        1,  1382400, ae90c4f4facb6d46cb4cdbdc97f3d36e
0,       4140,       4140,        1,  1382400, 6981042ffde79a7c0fdb4685e1ca9541
0,       4141,       4141,        1,  1382400, d1e54a2ab6174ee7b293d97e2a99821a
0,       4142,       4142,        1,  1382400, 49d506aa3ee6e3517e418950fdedaa41
0,       4143,       4143,        1,  1382400, 9369b6f4259a0f664e8fbfe33f70c7d9
0,       4144,       4144,        1,  1382400, d5664f84babc35a452b33d81ff1a010e
0,       4145,       4145,        1,  1382400, 100e9b5201514bd7f7e7b4488d16e8e5
0,       4146,       4146,        1,  1382400, 7d6e753628c8b5e2e3fe1ddc4113de99
0,       4147,       4147,        1,  1382400, b8ee14ef9f65fd4a22a8be62516da09b
0,       4148,       4148,        1,  1382400, 22bfdf012becd790a358c58da0f297f6
0,       4149,       4149,        1,  1382400, 77c909b160c9de58c46af977f3d89a3b
0,       4150,       4150,        1,  1382400, 14c12c0256507687cc7a833817cfcc29
0,       4151,       4151,        1,  1382400, 3e9c23bcfde7877fa3316f97053a6afd
0,       4152,       4152,        1,  1382400, 43084a46393c822522b0d61e0f41168d
0,       4153,       4153,        1,  1382400, 3d0bdb6ac64f55bd693319deada25b46
0,       4154,       4154,        1,  1382400, 14dde4ef6cde92c246149fb981322c39
0,       4155,       4155,        1,  1382400, 97f995735c45af83f67dd379da05f80f
0,       4156,       4156,        1,  1382400, f1819f03c6213091891bb6cf2e4b5b37
0,       4157,       4157,        1,  1382400, 4f3b5ae1d809d59a5434a4443b2c7b89
0,       4158,       4158,        1,  1382400, d2627d847cd8c2906bbc53d3f707bd2d
0,       4159,       4159,        1,  1382400, 0cd9b3d95793c18caba5f6bb524629e0
0,       4160,       4160,        1,  1382400, b6e5b7ba947e99c948be77cb30e31083
0,       4161,       4161,        1,  1382400, 73b0b73ad3080e635c60ffdcea281ccd
0,       4162,       4162,        1,  1382400, 3a674c85d65c34a0dfc69d39b781971f
0,       4163,       4163,        1,  1382400, 1c980d766ed40dd3dfbe03144b308353
0,       4164,       4164,        1,  1382400, 45de4967b2231784fd0f546be53f782a
0,       4165,       4165,        1,  1382400, 734cb550738b29acb5ca8d301bc0b4e6
0,       4166,       4166,        1,  1382400, 0bc35f0b250ddb1cdc9b8cf5144c3eb2
0,       4167,       4167,        1,  1382400, b0692f0d494380cb16b08beec084c371
0,       4168,       4168,        1,  1382400, f71f1b9ee46489af6437de0d229b957d
0,       4169,       4169,        1,  1382400, ca92d8d9d631cd0c56d374e2347c0f00
0,       4170,       4170,        1,  1382400, a3f6666c004e52c02588bfe934da0c37
0,       4171,       4171,        1,  1382400, 0789b0955a627a7d376b26bc12a86e63
0,       4172,       4172,        1,  1382400, 1373f8eedd9e3267932701adac119fa6
0,       4173,       4173,        1,  1382400, 11f93009c6bbb05e110aec3987c228f2
0,       4174,       4174,        1,  1382400, 4c256aaa8af03d6848f189375c1c894f
0,       4175,       4175,        1,  1382400, 00a93d1f8362ba24aba57a3131d94f48
0,       4176,       4176,        1,  1382400, 8778ecc10bf6bfe282dd3fae641238c8
0,       4177,       4177,        1,  1382400, 777109816f2c2ba46bfc87ec0ad2ac10
0,       4178,       4178,        1,  1382400, 0512214273a0392e54e535c2cb283732
0,       4179,       4179,        1,  1382400, 4ea014786557167d69fabe7c465ba658
0,       4180,       4180,        1,  1382400, 25d108102325df3e539e1a09446a731a
0,       4181,       4181,        1,  1382400, 1016fbefc5b49b57ca978a7b99ed7813
0,       4182,       4182,        1,  1382400, 278623a22e0b47a0c8fa6ba0dfeb30b1
0,       4183,       4183,        1,  1382400, 652ca66382e9cc53147b5e2fff6680de
0,       4184,       4184,        1,  1382400, ff671fbd7fee4ffb9dcf74f7ec8d7b80
0,       4185,       4185,        1,  1382400, f10d8af4534ae1bf2c8673dab5d7030b
0,       4186,       4186,        1,  1382400, 50ceb12f5d176b74d816ecab2307cd7d
0,       4187,       4187,        1,  1382400, 4db0560b29da833df4bf2dc80ce83acf
0,       4188,       4188,        1,  1382400, 1fd9c90d77486a89ef42ab4950f585dc
0,       4189,       4189,        1,  1382400, badd61dcd44884ae6b2eb55602fc1824
0,       4190,       4190,        1,  1382400, 4d1655fb26ed6232abc97e50ad8cba7f
0,       4191,       4191,        1,  1382400, 9ed014c3d4fad3d23502540b25bf2c54
0,       4192,       4192,        1,  1382400, fdf8735cdbaea529d4e35669ad1db7f7
0,       4193,       4193,        1,  1382400, 5e88d70076bf654008336221eb890610
0,       4194,       4194,        1,  1382400, 91a1e3f7a1fd9a8e6c918b073add47ac
0,       4195,       4195,        1,  1382400, 242d9afd47195c2eb79a68d387dfb1ea
0,       4196,       4196,        1,  1382400, 0d31f9aafd0c81f77328908c9da4a183
0,       4197,       4197,        1,  1382400, f1bc5f11895f364fe6a9935c9f0772d1
0,       4198,       4198,        1,  1382400, a7c51866d113f84094d9ccb12b86b774
0,       4199,       4199,        1,  1382400, d30a58e34a6b864d16c5cbd8b05196d1
0,       4200,       4200,        1,  1382400, af87954ce619d797f6d71cf958a2230c
0,       4201,       4201,        1,  1382400, 2f342613dab18974e8e1fe0ef272bd00
0,       4202,       4202,        1,  1382400, eb1c70782eb715951dd55641869a6f78
0,       4203,       4203,        1,  1382400, 0a8c0530a139b9b5e98d26ba79cd31cf
0,       4204,       4204,        1,  1382400, 1d3f469175e5d79e77f8649ea22dc436
0,       4205,       4205,        1,  1382400, 22d5cbdc1691493f4760d98445210657
0,       4206,       4206,        1,  1382400, be0b5bdf6f35a45e813e4485af8a1722
0,       4207,       4207,        1,  1382400, a2e6d5b9536c8e2b4612fead4cadd0b3
0,       4208,       4208,        1,  1382400, 664e24f065ffa1505795a64fa5e6fec6
0,       4209,       4209,        1,  1382400, ce8012803d6e4c027b16e827a4a4cee8
0,       4210,       4210,        1,  1382400, 8bae2eb8afbf316bb0a41c4eac994305
0,       4211,       4211,        1,  1382400, 32d8cab59b0d2fdd979bc428946c1e62
0,       4212,       4212,        1,  1382400, 34234ac1dad092dd6ab4c1e8e3472198
0,       4213,       4213,        1,  1382400, f10a52082b482054126f43e054882857
0,       4214,       4214,        1,  1382400, 2b86c60578610a737c7340cc507bb4f9
0,       4215,       4215,        1,  1382400, 462fd5aae29fe10ead7d4b8d92170026
0,       4216,       4216,        1,  1382400, 157a173738de50443d29b85657a49ae8
0,       4217,       4217,        1,  1382400, 7514a8d1c0d53132b9495e17817beb35
0,       4218,       4218,        1,  1382400, fc07a13dcdac816c9f662ab2c8967459
0,       4219,       4219,        1,  1382400, 0d835dff5a78cc93dace8b1d5c8ff400
0,       4220,       4220,        1,  1382400, 16ca2936f271becfe0c0621d8da4a923
0,       4221,       4221,        1,  1382400, b44089dd5f4a3a660de7488480a7a4a8
0,       4222,       4222,        1,  1382400, be7835e5df3f8a2d2021a8befea6dddc
0,       4223,       4223,        1,  1382400, c20e144558d40628fc9aafab3110a0d5
0,       4224,       4224,        1,  1382400, 87d216e6a2a1772c562c70758be4fdc1
0,       4225,       4225,        1,  1382400, f750d9e3fb9d57169cc59c780a22f217
0,       4226,       4226,        1,  1382400, 52c432753f40486b181ff45c01ee636f
0,       4227,       4227,        1,  1382400, b957fd2eafda122ca83eadab55b08c2b
0,       4228,       4228,        1,  1382400, 4fe0b26a2913867b2415c32d89e9146f
0,       4229,       4229,        1,  1382400, 3f368d2007fa21c8a5362253a37365ca
0,       4230,       4230,        1,  1382400, 41c635d9dc103192fa7584e95a00876a
0,       4231,       4231,        1,  1382400, 15343dcd9dd2991242bedf1477f184b2
0,       4232,       4232,        1,  1382400, a85ecab74de72dfb32794bafd1b7c9d8
0,       4233,       4233,        1,  1382400, a9af66d950ca32e7dedad0c6bf936974
0,       4234,       4234,        1,  1382400, 1b09e0b535c605d8c3603b9091aa18cc
0,       4235,       4235,        1,  1382400, 55974eb783a6d7ae5746420cc75f9697
0,       4236,       4236,        1,  1382400, 6362936519b70abe1de8c1238f59ef4b
0,       4237,       4237,        1,  1382400, 132d986a4f23756449bb1f71345c4098
0,       4238,       4238,        1,  1382400, b9f5406398cc3604ee1eaa569dcd3f79
0,       4239,       4239,        1,  1382400, 4e4016fab9c8363b3297fb7e12650f7a
0,       4240,       4240,        1,  1382400, 526030f28c3c0655bf3a65edf1e46a6c
0,       4241,       4241,        1,  1382400, 1858a7f75a2a6e134dda5f139c95e515
0,       4242,       4242,        1,  1382400, 081e1330058fad0c2fa5e5552185c346
0,       4243,       4243,        1,  1382400, d93666c0fedf3720add6952bb2086a32
0,       4244,       4244,        1,  1382400, 91502d7e491fd405f6cd0c446463617b
0,       4245,       4245,        1,  1382400, fb519bd6b534eb4317557e19677b77e3
0,       4246,       4246,        1,  1382400, b489e76af51af4b507124da37392e80e
0,       4247,       4247,        1,  1382400, ac6990f4dad2af296b85e28b97412fcc
0,       4248,       4248,        1,  1382400, de5e6d6f4fd5ee65aa5fbfded96e4958
0,       4249,       4249,        1,  1382400, 7f11b9461f6c6af376faa0fb59144365
0,       4250,       4250,        1,  1382400, 38c38df8b6bc87c22507e6dabce9a14c
0,       4251,       4251,        1,  1382400, 76164430ca9b5064e713b76c68e946f3
0,       4252,       4252,        1,  1382400, 0d10d40700dc1badd77e1f23453657ae
0,       4253,       4253,        1,  1382400, 6ad549d87de76ec131e1dc97384094f8
0,       4254,       4254,        1,  1382400, 8cc892c3487c846aca2d257a68786652
0,       4255,       4255,        1,  1382400, 087ec5fd4b307e1200553e7080037a52
0,       4256,       4256,        1,  1382400, 50d1cd1d7136b07dd8e435c3a50356ef
0,       4257,       4257,        1,  1382400, bd53957f61da9c5ad45ccfa0ab1b8057
0,       4258,       4258,        1,  1382400, 26a53a5654c98e519f1f68fe2c462f92
0,       4259,       4259,        1,  1382400, 2c8c954a17b91e00e2c489852916f765
0,       4260,       4260,        1,  1382400, 23f9335615a83c69bb4f2d8e128b524f
0,       4261,       4261,        1,  1382400, dc4e9f319fa4a20fbbc5da1c00d0e415
0,       4262,       4262,        1,  1382400, 8b5dca7e2a3eeebba7e4e1888405e72a
0,       4263,       4263,        1,  1382400, de5f258879aa6839a18392c1ca01fba0
0,       4264,       4264,        1,  1382400, 82db058b71af8cb2251bfdf288dd2bb3
0,       4265,       4265,        1,  1382400, d691958ca33a23a0d32b790d1f5ef9f1
0,       4266,       4266,        1,  1382400, 48078ebeb133fc3b79ddb5bbc0938624
0,       4267,       4267,        1,  1382400, e503bbd9d72d18c23b7766711528fc70
0,       4268,       4268,        1,  1382400, 9980bb2d023b8f7a6cdf7239f71482e3
0,       4269,       4269,        1,  1382400, e8f3787757fdd3ce3a6bf78cc9fbcc97
0,       4270,       4270,        1,  1382400, 3230a8978aabfcba3e013ccd9731fb91
0,       4271,       4271,        1,  1382400, 62cb29c936d96abf28ccd52a7274b3ee
0,       4272,       4272,        1,  1382400, a74b132918789ee8f70baffe5ec2049c
0,       4273,       4273,        1,  1382400, f3676365d42d60e3e14c6e6ace6d8a50
0,       4274,       4274,        1,  1382400, 2a79230eb27634cdd97b8398b7f4431e
0,       4275,       4275,        1,  1382400, 5586f30a45e273f072374e0636554451
0,       4276,       4276,        1,  1382400, 3b2a50979a13e5cd28776a53e4915936
0,       4277,       4277,        1,  1382400, 57991935845298744aa2fd4aedca44a1
0,       4278,       4278,        1,  1382400, d62602e1a89605d96c3d9cd9e3378f06
0,       4279,       4279,        1,  1382400, 2aa2455c59edd7c66162abe25bd805b4
0,       4280,       4280,        1,  1382400, 3da003f53853ddebfaa9f51089e2e0cb
0,       4281,       4281,        1,  1382400, b3c3924385198d6b8dd4c38c9b19d427
0,       4282,       4282,        1,  1382400, a4dcaa64cbb9fc712b38155c2b413a7e
0,       4283,       4283,        1,  1382400, 62fc935b45a5458e4cb8ce8dc926b779
0,       4284,       4284,        1,  1382400, 3a07e470e7144cbfa9a3d507a4e49167
0,       4285,       4285,        1,  1382400, 4ae9db501866ffc50e19a89f4efb9eb2
0,       4286,       4286,        1,  1382400, c2854c86a13ed0516a36017bc71ebe0b
0,       4287,       4287,        1,  1382400, 765f92da61584bb98df702d234eee992
0,       4288,       4288,        1,  1382400, 9fac096ef3ff7896a878056438b75a31
0,       4289,       4289,        1,  1382400, 797026256609d5fef27d22682a3e7b6d
0,       4290,       4290,        1,  1382400, b17c3d1aa10b174920f7fdfde60b83a6
0,       4291,       4291,        1,  1382400, 747b7d69b99dd6c7176874d1d9b42808
0,       4292,       4292,        1,  1382400, 4b7819556c316e4f549123985db78b07
0,       4293,       4293,        1,  1382400, 5a75c4f867b30c2f73ba59b060af80f6
0,       4294,       4294,        1,  1382400, 212a87090e4decf5d5907143b1a98327
0,       4295,       4295,        1,  1382400, a434a086a8739f5617a304ace441075f
0,       4296,       4296,        1,  1382400, 3afe6d829c1baa1a69b783ee583ce77c
0,       4297,       4297,        1,  1382400, 907f2e7796ed5946a403116480fe422c
0,       4298,       4298,        1,  1382400, 9961b85e6e48347747c8e30eff5755dd
0,       4299,       4299,        1,  1382400, f91d00f236e6a4bca5fe1daff3e1d2e4
0,       4300,       4300,        1,  1382400, 4d65866f28943cb6fe939e815113eae8
0,       4301,       4301,        1,  1382400, d5afbe8f426941f3c8ee1c78713d8817
0,       4302,       4302,        1,  1382400, be28aa111dd1ffa6f68cc9697d1141bc
0,       4303,       4303,        1,  1382400, ae319602402c8b2b6675baac06d62ef7
0,       4304,       4304,        1,  1382400, c6b2913fb01ff03be04f50332af1d4a8
0,       4305,       4305,        1,  1382400, ce08e3a1d2b5c7726b1d6ed0f18127c9
0,       4306,       4306,        1,  1382400, 054bd5423b152c10e88d4e2538f5f4e5
0,       4307,       4307,        1,  1382400, ecf3c222347bb305ae0306e8522af004
0,       4308,       4308,        1,  1382400, 70713c32b906cf9ccfe7ef28dea34b46
0,       4309,       4309,        1,  1382400, 021ecebd690a85d17613c7b2c444e05a
0,       4310,       4310,        1,  1382400, d82ab9cc8e1b6beec34471d6ade6397d
0,       4311,       4311,        1,  1382400, 4c5ce10f7153efa4d42210c54b5003ee
0,       4312,       4312,        1,  1382400, 998d4d3c87d5b3d90ea5ab85fb984d11
0,       4313,       4313,        1,  1382400, 164cedd39efb78b5d4b0bc919734959f
0,       4314,       4314,        1,  1382400, ad7897678e1d7e6da751643ae5664ae0
0,       4315,       4315,        1,  1382400, a007348c0ea6bb36862ed6409d003957
0,       4316,       4316,        1,  1382400, 6fc703d62aedfc5a39ad9d3b4d933fe2
0,       4317,       4317,        1,  1382400, 2a2f19dbb76a248887b9c5aefc4b5d02
0,       4318,       4318,        1,  1382400, cdce4f28c3f3469ff439dbc196340367
0,       4319,       4319,        1,  1382400, c453cd30902f9550d26d3bcfc21e9b1d
0,       4320,       4320,        1,  1382400, 66b92be1175107e0c8430aaccb977d6a
0,       4321,       4321,        1,  1382400, 79c4f12a76b865eec4e7481dca1de2cf
0,       4322,       4322,        1,  1382400, 1abc7de14dfd0c96138aacf2024939cf
0,       4323,       4323,        1,  1382400, 93fe0d5d9fc148119b1600ee3336c0bb
0,       4324,       4324,        1,  1382400, 6054a2cb845528865e62bcdfc40da07d
0,       4325,       4325,        1,  1382400, 58dc3a6b34cfe6d7c2325748f47aa718
0,       4326,       4326,        1,  1382400, 28ba8a6b954de90262aff2d163f2c4dc
0,       4327,       4327,        1,  1382400, 2f45a21d5135b332e2f9d040b6f89e6b
0,       4328,       4328,        1,  1382400, 1c23af189c1134cb9e03d8f097747cbe
0,       4329,       4329,        1,  1382400, 06cb45757255d65cbe980ea0630477b5
0,       4330,       4330,        1,  1382400, 33f0d6738c2cfa7e9dac5f82cac9d288
0,       4331,       4331,        1,  1382400, 4818a78d279346e9a54ecd18d8135a6d
0,       4332,       4332,        1,  1382400, a00ab0bdb941e5618872241031456f0e
0,       4333,       4333,        1,  1382400, 5e5a34437e0d2dc608403f224ea5afa7
0,       4334,       4334,        1,  1382400, faefa886164beada267685ff05aeb216
0,       4335,       4335,        1,  1382400, dbccfd894cc4a855e7957b80c787b49d
0,       4336,       4336,        1,  1382400, b3f72553aedbaf4ba078ab5568dfb303
0,       4337,       4337,        1,  1382400, b5dacfd4d1b51b3ca9f49930cee1fc7a
0,       4338,       4338,        1,  1382400, c4f6907496b1915122a77ecfd37b91fb
0,       4339,       4339,        1,  1382400, fb40a0b437df4676cc8b9c596c49bc42
0,       4340,       4340,        1,  1382400, 89b034b70a9bb4bf1fe6940a0e8ad66d
0,       4341,       4341,        1,  1382400, da083e50c8cc0e2c26c6f691bf5651dd
0,       4342,       4342,        1,  1382400, 045f2f7b38f2fea6828c5c94fac9ca2f
0,       4343,       4343,        1,  1382400, 0e62ef9595f74ac846582c15ce9cfe2c
0,       4344,       4344,        1,  1382400, ad8c873019c3b10bd223aab85d9a983a
0,       4345,       4345,        1,  1382400, 480366bae4a3b5ec8e9cb842ef976552
0,       4346,       4346,        1,  1382400, 02d2bba8a3c6a5594cc2e67104bd01b1
0,       4347,       4347,        1,  1382400, 3a4102ce3009182910b13fd831a5f8a1
0,       4348,       4348,        1,  1382400, a1a98e74e24ebd6ca1edfb72923fdeea
0,       4349,       4349,        1,  1382400, 7b465dbd5c6fd1c8b6b950e3a50af21b
0,       4350,       4350,        1,  1382400, fb24104cf75ccf91c9cd5c9dd0deb55c
0,       4351,       4351,        1,  1382400, 76f7f1c2821a5936fb6126c4523f60f9
0,       4352,       4352,        1,  1382400, 6a96e408a8f4f00d63c3996ac0151a02
0,       4353,       4353,        1,  1382400, f24ab7cf580ee14b99456d46d6d89b0c
0,       4354,       4354,        1,  1382400, ee93a0caeac975bc9121e564b3e5bae2
0,       4355,       4355,        1,  1382400, 312131a191cc1245a10a9db6aea909bf
0,       4356,       4356,        1,  1382400, a19015e263dc51db43acb8d81fe84669
0,       4357,       4357,        1,  1382400, 38c40df01c8604d31e0e36ec4eb80047
0,       4358,       4358,        1,  1382400, 84b2a5c3834030e746c26a313f151f7a
0,       4359,       4359,        1,  1382400, 9362b8a033558d15f193e0e6feea80f1
0,       4360,       4360,        1,  1382400, ad78fd398eeda7bca04736b300a6c894
0,       4361,       4361,        1,  1382400, cd63c3fc0bcacd9daf322d8f87807334
0,       4362,       4362,        1,  1382400, e63f6dd8d675908bbd0c0c60ab0cb157
0,       4363,       4363,        1,  1382400, cc2ae57e217f0e03d79586433c613992
0,       4364,       4364,        1,  1382400, 4d3668dfe788562cad4521b108ba8ab6
0,       4365,       4365,        1,  1382400, 0769b3e0cf8a9f5f09477f88011c4047
0,       4366,       4366,        1,  1382400, 112f5bd07499bd488d7fb34691127a9c
0,       4367,       4367,        1,  1382400, 3f6734831eb50332dd4b2715eab5112b
0,       4368,       4368,        1,  1382400, 15431e58e2efc867a9ede499070afc81
0,       4369,       4369,        1,  1382400, 407570d0ab563a5e91be070babd5a2c0
0,       4370,       4370,        1,  1382400, c0a64ac6527c9aab15e4972ff0ea6e4f
0,       4371,       4371,        1,  1382400, 790c94c4dcf14e4508a9d920c4c0c35b
0,       4372,       4372,        1,  1382400, a55c2f86b08d240a000747b070436f34
0,       4373,       4373,        1,  1382400, 0df8a82fa71400babe296a7c6a3acb5a
0,       4374,       4374,        1,  1382400, b7abe802fab05f55fbf0e3f0beb62632
0,       4375,       4375,        1,  1382400, b5d12c2aed7c7dd513616abeb640387e
0,       4376,       4376,        1,  1382400, ba2beef3e72dab82fd2fc7814369dc4e
0,       4377,       4377,        1,  1382400, f93258f2762ee35e6ac9e99c61dfdbb4
0,       4378,       4378,        1,  1382400, 9d130042549b582b57b4994c69461734
0,       4379,       4379,        1,  1382400, 39f0f605fec0f4251422229c05c4a95c
0,       4380,       4380,        1,  1382400, 40377f2ac0114b0195ca88c5cd39200c
0,       4381,       4381,        1,  1382400, c24fb8b7c8ec4a15b257462be2c01c5a
0,       4382,       4382,        1,  1382400, 70be58eda3c90ace21bb518e1065acef
0,       4383,       4383,        1,  1382400, 2d47bc5512f8e3834036158ed6821f38
0,       4384,       4384,        1,  1382400, b5c08f2e881c24b8604fe6d51c7b0282
0,       4385,       4385,        1,  1382400, 45458d0a24395cda923b9e0ec1e523b1
0,       4386,       4386,        1,  1382400, 940cecfbef9aa0946256185b78f81255
0,       4387,       4387,        1,  1382400, 0923383f66103e2f89db7f2c8711eecd
0,       4388,       4388,        1,  1382400, 85b97f56cc7919eb9f8707c64bf73b9f
0,       4389,       4389,        1,  1382400, a7fc5f2e3f392adf334e8b6f6780d45e
0,       4390,       4390,        1,  1382400, a818b514667a94bb51df32b7c223d2d2
0,       4391,       4391,        1,  1382400, 3122491ff95803ff9441ed4118de2558
0,       4392,       4392,        1,  1382400, 4f58835129dea38c7a8e00c7fe2a51ae
0,       4393,       4393,        1,  1382400, 38268eb9afce4ab41a2569a1cfdb3eda
0,       4394,       4394,        1,  1382400, c36560b2ef3bd4f5fc6015508cd7ef35
0,       4395,       4395,        1,  1382400, ea372f54838dffed95c7ce9eab845eb1
0,       4396,       4396,        1,  1382400, 46b360d8bcc68b50a2020e2b5243d9c6
0,       4397,       4397,        1,  1382400, 6c10da139dfc6fe20cf51c21036b06a7
0,       4398,       4398,        1,  1382400, a29283e19c82d12525ecb43645b2e096
0,       4399,       4399,        1,  1382400, 633e7bb1c16bcbdf541cb69cd70473fc
0,       4400,       4400,        1,  1382400, ebb12449701af931a6bf8240f453c6d4
0,       4401,       4401,        1,  1382400, 7c39dcd5fe3580ffe21a6f6dfcf4c4c6
0,       4402,       4402,        1,  1382400, 1cc13d0f4a9907785b78c24b48c7c502
0,       4403,       4403,        1,  1382400, de33118abfaee3adbc8640037453814c
0,       4404,       4404,        1,  1382400, 0934988d0b60b97a0a7e289d3c38707c
0,       4405,       4405,        1,  1382400, 61bbb78f2dacbf1d59e5d41b3c03faf4
0,       4406,       4406,        1,  1382400, 13733531a725b9dcdac04c6fa53272e9
0,       4407,       4407,        1,  1382400, e917e4b1d24a5536f7df6522c7df5007
0,       4408,       4408,        1,  1382400, 13ba2e2271bb5214cb1dd57183db218d
0,       4409,       4409,        1,  1382400, fd6f16f9a923a5c5f545a4f68961d92a
0,       4410,       4410,        1,  1382400, aa3d2b2e946a9bcdccf5355a861d752f
0,       4411,       4411,        1,  1382400, 6a801d442bb4a396ed5cf834b32cbd3a
0,       4412,       4412,        1,  1382400, 1bdf4a0837e72f3b07c1045cf28fdeca
0,       4413,       4413,        1,  1382400, 1c92cf360f0cee31ae7a6b695b656639
0,       4414,       4414,        1,  1382400, 6ebd82597220fc01ad3b6fefb2d8b0b1
0,       4415,       4415,        1,  1382400, f7763f18530d1c44b997c8d3ac84d3e0
0,       4416,       4416,        1,  1382400, 1a0c8003757a6c43bd509514bd1ba943
0,       4417,       4417,        1,  1382400, f3906860a11c7943719048e75a6368c9
0,       4418,       4418,        1,  1382400, e31b210b8c1a4e71f9968b8223d8530b
0,       4419,       4419,        1,  1382400, 9668d60d2d595cf5da95c7cdaf92f955
0,       4420,       4420,        1,  1382400, 1bc9b1f5f5e7d082b9395d0dd7da9e65
0,       4421,       4421,        1,  1382400, 406da0d467fcdc98ebbb6f60f333b2d5
0,       4422,       4422,        1,  1382400, 4627810155ace99cd8feb562cc24475a
0,       4423,       4423,        1,  1382400, 905ebc24d6563b3d7300abf8c79712f3
0,       4424,       4424,        1,  1382400, a2617ec6cf7021c3976b3986bc28d9ae
0,       4425,       4425,        1,  1382400, 2f37f04b1da8a67020df2c55e13ca83c
0,       4426,       4426,        1,  1382400, 31f71a48df41fa071b0168739d4dac5e
0,       4427,       4427,        1,  1382400, 890e0f3b08873dc4fc2089dbff64212e
0,       4428,       4428,        1,  1382400, 42220bede2ad73c95c83c9b483aaabc3
0,       4429,       4429,        1,  1382400, fe5ccf2eae6117688d89010960bf9ad0
0,       4430,       4430,        1,  1382400, 04ba379c89dcdddf1544a4fad9c13402
0,       4431,       4431,        1,  1382400, 1d7a0660bc0fa735a78d55a96885d4b9
0,       4432,       4432,        1,  1382400, 36ea0fe2c069da7bf5217d65ab08dddf
0,       4433,       4433,        1,  1382400, 508541609a2e49c545ff7b8ae6a0d6d1
0,       4434,       4434,        1,  1382400, 2940c8ff6f3e8c3c3e3421f96e9eaef2
0,       4435,       4435,        1,  1382400, 25edfd5feb43184c692a152d7dc3aeb9
0,       4436,       4436,        1,  1382400, 17f993c3231bae4dfadf84a697a1dbca
0,       4437,       4437,        1,  1382400, 0006526d078f260270896b775796d3fe
0,       4438,       4438,        1,  1382400, 1db4d9d844b435a9151389d191d87020
0,       4439,       4439,        1,  1382400, 3d47ac3b2554010f7dc3c62f7e4c6455
0,       4440,       4440,        1,  1382400, 9a09245f8ff932867b5f3bec46c1e952
0,       4441,       4441,        1,  1382400, 4dc7eb41707d7f81d4da55983c020e57
0,       4442,       4442,        1,  1382400, b4775d07972ede8828d43a13ad01fe96
0,       4443,       4443,        1,  1382400, 224b828938429a822831958dcb47e571
0,       4444,       4444,        1,  1382400, 9bbaea3dc91a8606983296e07188e835
0,       4445,       4445,        1,  1382400, cf81cb3ee72d46f01b9b1be224c8e44e
0,       4446,       4446,        1,  1382400, 138a9640d23f4a8defc0d8fc4c3bcbdb
0,       4447,       4447,        1,  1382400, b474b610e6a161a729239099c30f98a8
0,       4448,       4448,        1,  1382400, 71aab10ab56044755870c670277d9a22
0,       4449,       4449,        1,  1382400, 37527473000d80141889ed552de17004
0,       4450,       4450,        1,  1382400, 1006abd90a799c280fe8bed21d48ed67
0,       4451,       4451,        1,  1382400, f9560ff299990fde7a06ab59c69f81db
0,       4452,       4452,        1,  1382400, 1c3e03b751659973be20e4b26cc161a7
0,       4453,       4453,        1,  1382400, f9272e46aa49fbdff06ccb5a305e6c37
0,       4454,       4454,        1,  1382400, fb3c74b44deedea44e334ba902552582
0,       4455,       4455,        1,  1382400, 5929541601e5bea6e27227ef461c89fd
0,       4456,       4456,        1,  1382400, 090073a1189a7d30665178f5bf921480
0,       4457,       4457,        1,  1382400, 8f8089ef964e2e19f19401322178238e
0,       4458,       4458,        1,  1382400, 43c6eac2881ed71af519ed0c01cec29a
0,       4459,       4459,        1,  1382400, e70a6ec6bf5c67a37f6022ead3ceeeea
0,       4460,       4460,        1,  1382400, 48a1e15ed97684af9b6a1c3bb14a882a
0,       4461,       4461,        1,  1382400, aa2e2ab7d8ba762eb306ffe27ed0c825
0,       4462,       4462,        1,  1382400, f6571bb13f00f8b37b62bef96f604201
0,       4463,       4463,        1,  1382400, 2f36ab89ee58e01814dcf1064f8e7cc4
0,       4464,       4464,        1,  1382400, 73e93bb0744373838d82f2a9c494ce1f
0,       4465,       4465,        1,  1382400, c92baffa2ea71885998c46ad663827e3
0,       4466,       4466,        1,  1382400, bf8bb265edb10235d9ed1dae001122ac
0,       4467,       4467,        1,  1382400, 6bb50bc73b2534a4d0a9c2a315b1f19a
0,       4468,       4468,        1,  1382400, 730e5dd6454db815a19f10b9aa6db25c
0,       4469,       4469,        1,  1382400, 543de02f829a0f37a03ecb66459c5be5
0,       4470,       4470,        1,  1382400, d6e3190b51fa891148c4af52164a0b01
0,       4471,       4471,        1,  1382400, 2758cad05b0380ed2d0cdf03b9d21a32
0,       4472,       4472,        1,  1382400, 521d195c335637f1d926bfd7a4813a03
0,       4473,       4473,        1,  1382400, e07bdae6bc5b21b7c061675dd7e93204
0,       4474,       4474,        1,  1382400, 95c5389b9112e8cc0189fdb0f61b83ca
0,       4475,       4475,        1,  1382400, 82cfbd7aacef49c8ee467a94ca15f2a1
0,       4476,       4476,        1,  1382400, dc7735461f5982bde861b8c76d40fe4a
0,       4477,       4477,        1,  1382400, bfbb49ad70a878b26f9834dee4342d52
0,       4478,       4478,        1,  1382400, 7d15c0c4b58fce22a2e549a36699ca04
0,       4479,       4479,        1,  1382400, 43f2e11e4193fd3e16a87cdcb0e226d1
0,       4480,       4480,        1,  1382400, df2cde680fd4210cb9fb10a4c15d8fd2
0,       4481,       4481,        1,  1382400, a6c2fb83f6de9b5990a7279a77d12b69
0,       4482,       4482,        1,  1382400, 8216827fe83f69bf60da833acde9360d
0,       4483,       4483,        1,  1382400, 6ef6004e090e74b30c732e6b4c8467a5
0,       4484,       4484,        1,  1382400, e7c564b0a6a607b51c4d53097d7f194a
0,       4485,       4485,        1,  1382400, 44a809d6b055b16c369d8d920488d87b
0,       4486,       4486,        1,  1382400, b0dd4f81634bc0b9d37a7b0721e5e372
0,       4487,       4487,        1,  1382400, 917237c064fe7bd3eb835f619a7d4df9
0,       4488,       4488,        1,  1382400, 47e9e368ca0811be45a3833345bb6b5b
0,       4489,       4489,        1,  1382400, ee75cd71a9d07f8d4e79b59564a927ed
0,       4490,       4490,        1,  1382400, ba64605f2cad91ed7c3616804f476204
0,       4491,       4491,        1,  1382400, 01739934d7fc2545c53b98d226ab2b5f
0,       4492,       4492,        1,  1382400, 28504c11456365e46c0eacdde4dfc5cd
0,       4493,       4493,        1,  1382400, 40b3168d429c465a9317f04bccdc1fda
0,       4494,       4494,        1,  1382400, 9e29c223065efeba5c6ea542c66b9ad8
0,       4495,       4495,        1,  1382400, a57266491281a097c0c909701e3a2df2
0,       4496,       4496,        1,  1382400, 40c3bf95c26a51b1da02c43eca696c5f
0,       4497,       4497,        1,  1382400, a6f41e3ff8d427df73cbf219d3ee3daf
0,       4498,       4498,        1,  1382400, 0b755e05ea849faf2d06d8dffe11f938
0,       4499,       4499,        1,  1382400, c41d54905928bdd3241bfaa5d57acf4e
0,       4500,       4500,        1,  1382400, dd30fa0cc9532594b540a3dc7d508d1b
0,       4501,       4501,        1,  1382400, 5ebbce23c5396615b0fd3c3c5ec9b94a
0,       4502,       4502,        1,  1382400, c0be37ebcffacb369201c18b5cf5c197
0,       4503,       4503,        1,  1382400, f5637e5fb599039a236d342186b5b9b6
0,       4504,       4504,        1,  1382400, c6ff29f88d188b1149dfc52128293975
0,       4505,       4505,        1,  1382400, 6fc557b38e81cff7cabd459337e5eaa6
0,       4506,       4506,        1,  1382400, 16379bffd998a568cd0b92e1bc70c191
0,       4507,       4507,        1,  1382400, faf5e65ae858a02d9786da2c48d6cf4b
0,       4508,       4508,        1,  1382400, b465a7db57861070e3b72d35411b6ef1
0,       4509,       4509,        1,  1382400, 8c9b35e0faf45b7847aca1c7d87a6fa9
0,       4510,       4510,        1,  1382400, c4334e899a073898355ed6b3d1def922
0,       4511,       4511,        1,  1382400, 23a57677a8de4c3f87cdc8a3fe2de166
0,       4512,       4512,        1,  1382400, 75744086b14e18d76ba4fb6621dd2151
0,       4513,       4513,        1,  1382400, f82fb7403bca1693131897f512747c5f
0,       4514,       4514,        1,  1382400, 67e084e2b18dc3bf42a84798d931e55e
0,       4515,       4515,        1,  1382400, ee02c8e41cdc2aa12c8915b3ad4d3a6a
0,       4516,       4516,        1,  1382400, 8b2fa78c1ffb725d56ddf5a495bb57e2
0,       4517,       4517,        1,  1382400, a737b7e5495d9b0c23d9913f692dccf2
0,       4518,       4518,        1,  1382400, cd4318bb3e975e4794e929943935948f
0,       4519,       4519,        1,  1382400, 3d7ba622aa87b437cd8121281430e813
0,       4520,       4520,        1,  1382400, 57bb9d2612a89ded9dba473f2134da87
0,       4521,       4521,        1,  1382400, bbd20034be0139ce4319a1e892ca5bd6
0,       4522,       4522,        1,  1382400, 1e91287073bd550a7732a8b23ad38d6b
0,       4523,       4523,        1,  1382400, 9ae9192bde9ddd8fd637aff357cf5a73
0,       4524,       4524,        1,  1382400, a7513af1af41364a197a5154bdc72069
0,       4525,       4525,        1,  1382400, 4de4c47724cfd9dfcf7b32468e464bfa
0,       4526,       4526,        1,  1382400, 88b4f65e9b000294e5ee9f4876c845ce
0,       4527,       4527,        1,  1382400, 6619e75e40c63479fbe12e1fad68c298
0,       4528,       4528,        1,  1382400, 370787fb8861e645c4ca37972032998d
0,       4529,       4529,        1,  1382400, 3e0628154dcb3eabb56e488190a7d72d
0,       4530,       4530,        1,  1382400, 610dd388b5797af90b8188738a83a423
0,       4531,       4531,        1,  1382400, ff6ae3636599465da1ec35c4d85f1c4a
0,       4532,       4532,        1,  1382400, b0bf41883a2328881eba6851d1ca7523
0,       4533,       4533,        1,  1382400, f69818506a79ae7438e4284a2b44fe10
0,       4534,       4534,        1,  1382400, 72dc0853d44f24a103945d7b16398e47
0,       4535,       4535,        1,  1382400, 91f76be19cb38e90ba4f94fe9af444d3
0,       4536,       4536,        1,  1382400, b7e9014ea0042100e3abfd450f26d497
0,       4537,       4537,        1,  1382400, 55abaa519cb82a88f6cf0109cfd3841b
0,       4538,       4538,        1,  1382400, 0e51592f5e994c9a6dd0faccaf4146c3
0,       4539,       4539,        1,  1382400, 917a050c586fd2653c67a14957ab1e1e
0,       4540,       4540,        1,  1382400, 3b792afa9ffede0acffc1e6180244384
0,       4541,       4541,        1,  1382400, df3804c72915b1cce2f3269c22c605ef
0,       4542,       4542,        1,  1382400, 7a566b3ee5bcb031589ef12b08906e6d
0,       4543,       4543,        1,  1382400, f8437febadb5dcb9a40640ea3eb53129
0,       4544,       4544,        1,  1382400, 4a82ae99cc8ed2812bf3572f4ce58bfe
0,       4545,       4545,        1,  1382400, 5ed37d161890011eb1efd9c900abdc3d
0,       4546,       4546,        1,  1382400, 878cf5ef4933b33903abc37aead6751c
0,       4547,       4547,        1,  1382400, 0f465e57da4c31c6ef16f7ed0d7fb516
0,       4548,       4548,        1,  1382400, e8356cd1fcd9633adafe319653f0c4ba
0,       4549,       4549,        1,  1382400, a5e75bb384cc4e1f5fc6de1e717a9e80
0,       4550,       4550,        1,  1382400, 613187ebf3b1285577c574240d7bd0fa
0,       4551,       4551,        1,  1382400, cec7a797f608f1461d3bfce367b8848a
0,       4552,       4552,        1,  1382400, 83540e8626dad5212c09d5cb716fa881
0,       4553,       4553,        1,  1382400, badd5f6c83d8ee3427057e57bc0b2ec8
0,       4554,       4554,        1,  1382400, 5ea59553d1081e144efbfdadcc1cb3a5
0,       4555,       4555,        1,  1382400, 052f4f04090edbe73f0563a85ff2eeb6
0,       4556,       4556,        1,  1382400, 357ac7b23c14eab05b3c80da57273ca9
0,       4557,       4557,        1,  1382400, af54af20b2347f235b50e647a7879559
0,       4558,       4558,        1,  1382400, 02e5429d96c50e2225e88b2211fb33eb
0,       4559,       4559,        1,  1382400, cbc16d78cca599229fafc9741917e6d2
0,       4560,       4560,        1,  1382400, 3d3c91584ada2264cbc9523a5fa126db
0,       4561,       4561,        1,  1382400, aa7bd8cb7edd31c1ec2d930cf3a6886b
0,       4562,       4562,        1,  1382400, 19fdb06c70003c6cbe49091e0d891587
0,       4563,       4563,        1,  1382400, 78686f9ec4e1b6c0273c86f74119e343
0,       4564,       4564,        1,  1382400, 13f2f68d4b89981c839af1a7ee6ef1fa
0,       4565,       4565,        1,  1382400, bb4690ce5a5a284187ea1d313c742632
0,       4566,       4566,        1,  1382400, 2fc04484b97c73033177c83f81694d6c
0,       4567,       4567,        1,  1382400, 1d1f1372d0c55bb5f92ba824e77b2e4d
0,       4568,       4568,        1,  1382400, 1bd2d4f233c61142d9d0cad6a81bb9e9
0,       4569,       4569,        1,  1382400, 5c9e0233df8f4d1741cd7733abe90129
0,       4570,       4570,        1,  1382400, 1346c31c492d58f7441ee3c80ac9cbad
0,       4571,       4571,        1,  1382400, 261f08109bff58c25627c041011ff738
0,       4572,       4572,        1,  1382400, ad0a702c4d66775ffec72244fdf19cbf
0,       4573,       4573,        1,  1382400, 8d9d538c608c7b7fe01cb66525faff5e
0,       4574,       4574,        1,  1382400, 7c6eddff3a0e452ae3dc4803b895508a
0,       4575,       4575,        1,  1382400, 5d93f1a27727e2f79f23f42a56ae0039
0,       4576,       4576,        1,  1382400, 0ff2767663a9d87b27d295ec78616391
0,       4577,       4577,        1,  1382400, 16c791e1b1f4fde391fb8e91de92fb07
0,       4578,       4578,        1,  1382400, 5705ffbc1ffd836a040108a45e0536d3
0,       4579,       4579,        1,  1382400, e88ea915e7dfc4e9e1054f519ca4709b
0,       4580,       4580,        1,  1382400, 77dbb7ef6af75166d7a6cff9309de4d2
0,       4581,       4581,        1,  1382400, 3d755bd64b6b049817309bff1dd98904
0,       4582,       4582,        1,  1382400, df0dbcaeae805359c98a9cfac4e88d0e
0,       4583,       4583,        1,  1382400, 2c17f8aa0e978546c0310840fcafb82c
0,       4584,       4584,        1,  1382400, 2ec9c58cfb818e4f2a531e58f6df2a43
0,       4585,       4585,        1,  1382400, 9e8a4f67132952839a0f4e1499046dac
0,       4586,       4586,        1,  1382400, 804472aa086b21ae9eb550a947e90a81
0,       4587,       4587,        1,  1382400, 86ce7dde1adbd67278b6f8cc1c107023
0,       4588,       4588,        1,  1382400, ecfbf7c44d98d52ed9d0c5cf38878944
0,       4589,       4589,        1,  1382400, fcc487c7470cd5de57d21967f671b588
0,       4590,       4590,        1,  1382400, 741e092ab10cb3bd2a1168e2723a17d9
0,       4591,       4591,        1,  1382400, aa5954025f94b1cc9efcd03e99224f6b
0,       4592,       4592,        1,  1382400, e859bc721a3ea3a6d7c79e595f21b81c
0,       4593,       4593,        1,  1382400, 8ea8d681868116e062d110468e657eb5
0,       4594,       4594,        1,  1382400, e86f830d88a1cb8b8427eb9d87e102ba
0,       4595,       4595,        1,  1382400, fbdcb6782a651e48026234e84f103d36
0,       4596,       4596,        1,  1382400, fe941f0fc13557aba686ba598e3ee15b
0,       4597,       4597,        1,  1382400, 561cacc1470229fdb947dddf46e3d1cb
0,       4598,       4598,        1,  1382400, 34aff987864a8a506bae2e4b0421749b
0,       4599,       4599,        1,  1382400, e54bfa53cd2a647ee176ff2b7590ec75
0,       4600,       4600,        1,  1382400, 547d6295dd7029f216642feaaa0e8a02
0,       4601,       4601,        1,  1382400, 6b82d59c978395ab3c4ef3f21ab67f68
0,       4602,       4602,        1,  1382400, e67e9e4214473a3a5edae7c9989fa440
0,       4603,       4603,        1,  1382400, 7a85ac6759f71dd7ca7463d5b7120976
0,       4604,       4604,        1,  1382400, e7d1ac391295d30fbd3f2c5ac0070d73
0,       4605,       4605,        1,  1382400, fc5640699ca26013c02ea9b2431503b3
0,       4606,       4606,        1,  1382400, 91ad10094dadee38c76880c647dfd579
0,       4607,       4607,        1,  1382400, 59454c9d747ca7d5bc6dda09c50ae44d
0,       4608,       4608,        1,  1382400, d313462abb50ee5e84e14f7942e733ec
0,       4609,       4609,        1,  1382400, 4ce010d3952566c01b250522c91f4c51
0,       4610,       4610,        1,  1382400, 4973700d40c9646463d86aa815210df8
0,       4611,       4611,        1,  1382400, 073ed0aba3fa709e5a0236d1ba1a63eb
0,       4612,       4612,        1,  1382400, 247c9f2eb37ee9f38c415dc576ae6eeb
0,       4613,       4613,        1,  1382400, dfa548adf0fcecbd8885915d4590d72a
0,       4614,       4614,        1,  1382400, a690b3b7f378dcf4646cca4a17df0fec
0,       4615,       4615,        1,  1382400, aa58015cb41bc1a751c0ba8eae9e70e4
0,       4616,       4616,        1,  1382400, ebafba3bb312d1c60fe05200c7e04fe9
0,       4617,       4617,        1,  1382400, a7f196e7028b63aa53d64b2558b9d417
0,       4618,       4618,        1,  1382400, 4254cc328229158719e0fd99a7822b0f
0,       4619,       4619,        1,  1382400, 49666d24042a45240650ea2f028ee37c
0,       4620,       4620,        1,  1382400, 4542b4fae76b116eada0c8b8975a1572
0,       4621,       4621,        1,  1382400, e8b6762a78e07bf599761b160d1c2aa0
0,       4622,       4622,        1,  1382400, a587effe8a9993aa887d15af65bbee1f
0,       4623,       4623,        1,  1382400, 82cf362e7f6ff4aa1fbb1e95b64f5d4f
0,       4624,       4624,        1,  1382400, 7652e456366579741b44dedf10249b46
0,       4625,       4625,        1,  1382400, de16aa5d36ee710d9c66d946f4dd5eac
0,       4626,       4626,        1,  1382400, c767039f157803fb85fef490e6e36956
0,       4627,       4627,        1,  1382400, fde4406876ed1f708e991e9c771d94c6
0,       4628,       4628,        1,  1382400, f21a696a484383d6a798ec9c53278411
0,       4629,       4629,        1,  1382400, d869f3c061f0b29c2b9718d64e25c0d2
0,       4630,       4630,        1,  1382400, 7555fa8b0ff9cf25f79ae520a5ae2150
0,       4631,       4631,        1,  1382400, ffa30903ed0662b0e9684faba3a44215
0,       4632,       4632,        1,  1382400, c9372dcd4b7c88bc5ba3a15d97065572
0,       4633,       4633,        1,  1382400, 0cedd6542136ef689db7dbcf5264d266
0,       4634,       4634,        1,  1382400, 1c50b99bc0cb3bc0f6769acbd9a23a17
0,       4635,       4635,        1,  1382400, 379c7d8064457becebd8b39101599744
0,       4636,       4636,        1,  1382400, a1e929858b586ebd86bd069a93ccf4aa
0,       4637,       4637,        1,  1382400, 5329f473ecaba4b7da3a5a79ef5d96aa
0,       4638,       4638,        1,  1382400, d302d465fb2f23799df16fab50ba6d77
0,       4639,       4639,        1,  1382400, 44b0b71f49117949b17265ab768945a5
0,       4640,       4640,        1,  1382400, a7a20d2ec25594710c7c108c35af8038
0,       4641,       4641,        1,  1382400, 0f31e167f1b0a0e571b6224b6effadab
0,       4642,       4642,        1,  1382400, 1b08900a2dee28c7bbed941ef7776545
0,       4643,       4643,        1,  1382400, 008e108698eadeedfa66035d0abfd4d3
0,       4644,       4644,        1,  1382400, b694cfdabdac7bba00e6c86311e4c31a
0,       4645,       4645,        1,  1382400, fb86a5038954323897b129d8b43c1f43
0,       4646,       4646,        1,  1382400, 964f54fb6dcea4e13d4e0936b64e5ef1
0,       4647,       4647,        1,  1382400, 845216f41554e8e2638531a233c288e7
0,       4648,       4648,        1,  1382400, b1b07cff34fd71addbe6edf05b96177f
0,       4649,       4649,        1,  1382400, be84ebc8845348b4905d76f0b0c7859d
0,       4650,       4650,        1,  1382400, 85463b2841048295551bbacb7b814b57
0,       4651,       4651,        1,  1382400, c32786e980ce3838c76d902782f1554a
0,       4652,       4652,        1,  1382400, a9ced86bd31db262dd74c12aa162a845
0,       4653,       4653,        1,  1382400, 196522f655c068c55964c23ed0803802
0,       4654,       4654,        1,  1382400, 2da5b5fae0edfa33d736aa2b6d21950d
0,       4655,       4655,        1,  1382400, 972bfe2fedb0f8d0a847b8b303943fbb
0,       4656,       4656,        1,  1382400, fa940ba161e6bf0b135f73c830e3709f
0,       4657,       4657,        1,  1382400, a3c8a24b58ecd0d6cdae4fb596af3476
0,       4658,       4658,        1,  1382400, ccd9b263da8662cff1faaa88b711f36d
0,       4659,       4659,        1,  1382400, 1391779b3a7b641ffe00c85618c6007a
0,       4660,       4660,        1,  1382400, c3643b49cc3ef41b12593b1643228e36
0,       4661,       4661,        1,  1382400, a200a61b5dce7d7ce50941150bcb8c1a
0,       4662,       4662,        1,  1382400, 643ab39a8e79aadc1d337843ae4a033e
0,       4663,       4663,        1,  1382400, 0b04b1b655853ad0f5df018a257887d1
0,       4664,       4664,        1,  1382400, 972fb14ab8cca281df0477061765c476
0,       4665,       4665,        1,  1382400, ee3d7b02532f4a3aa09c60dfa09c87cc
0,       4666,       4666,        1,  1382400, ecb9c30890fb43d003a435fe965e3720
0,       4667,       4667,        1,  1382400, fc7cbc0d031139783113ecb3a62eac75
0,       4668,       4668,        1,  1382400, 11b2d7dae86c877de919aee4ccaba133
0,       4669,       4669,        1,  1382400, 9ca4d781cd109d3845231c87607012e1
0,       4670,       4670,        1,  1382400, a425feb2a5bc8ff9c858eb74f60c5f3b
0,       4671,       4671,        1,  1382400, 15389b7f0c75976cf41ab13a422fc787
0,       4672,       4672,        1,  1382400, fde2d378714cbb90f48b4a107c50f802
0,       4673,       4673,        1,  1382400, c8d6be99d2829737f2c875bc500c9968
0,       4674,       4674,        1,  1382400, ce4e3874eb998df60492c0e88cf5289d
0,       4675,       4675,        1,  1382400, fd1029aced7ec1ec38d5204877a80380
0,       4676,       4676,        1,  1382400, 243aa8fbca35244f30742bdbcfa2730d
0,       4677,       4677,        1,  1382400, c602db02ec63b980618dadd36fb1142f
0,       4678,       4678,        1,  1382400, f562989a2252fae239fa638aaec96e1f
0,       4679,       4679,        1,  1382400, 1642d91922a406cb772c2289708e9c57
0,       4680,       4680,        1,  1382400, 0442f226490dcadc67a2a0d35ccf506b
0,       4681,       4681,        1,  1382400, c0b4c7def8920d984abfb0be3ee637e5
0,       4682,       4682,        1,  1382400, 21a04c57da4b6ee2802e2ad1f41c49c7
0,       4683,       4683,        1,  1382400, 59fae9a63fce665c8c69b23ad19efc36
0,       4684,       4684,        1,  1382400, e1f5e25bfd47b2ec478242a800c3ab96
0,       4685,       4685,        1,  1382400, c9c5247f1524f77ca2c522e6b0d19c16
0,       4686,       4686,        1,  1382400, 6df0318a819143abe1d562f0ee48853b
0,       4687,       4687,        1,  1382400, d21ea8e43c6920cf2e53ca56f5804f8a
0,       4688,       4688,        1,  1382400, 25cf23b584953bc1889bb2398cdb1aff
0,       4689,       4689,        1,  1382400, 2dc1dd934daea28d0637dde5559847a1
0,       4690,       4690,        1,  1382400, fd777c360eeebee66b8c80714b20b4eb
0,       4691,       4691,        1,  1382400, 14f5675618964f0fad4bc0588d5c824e
0,       4692,       4692,        1,  1382400, ac22754667e45786c0dc046b08152e1f
0,       4693,       4693,        1,  1382400, af7e8a46700b73574e3e46f6835e5bc6
0,       4694,       4694,        1,  1382400, ae95976a4099af2c547f84a1ea614978
0,       4695,       4695,        1,  1382400, 4316ab7f0433939b0a981e91c26ffcaf
0,       4696,       4696,        1,  1382400, b0b2937953b1eb00a4e5d21277b4a09f
0,       4697,       4697,        1,  1382400, b07eee716990fb4b33b97e44602756ce
0,       4698,       4698,        1,  1382400, 3520e80e7f5a3ba3dc6f172e23b85035
0,       4699,       4699,        1,  1382400, 5f74d8101941c1853338f25f04fe4432
0,       4700,       4700,        1,  1382400, 62f29da34314659d47619f8a73c76457
0,       4701,       4701,        1,  1382400, 9c520e26c14327ee2855e29c415a15ed
0,       4702,       4702,        1,  1382400, 918989bc2141f09de6d9066b751b7f35
0,       4703,       4703,        1,  1382400, 1f0648f544de70d17468557dcfe96d43
0,       4704,       4704,        1,  1382400, af8e1e3e21950c7071afa9396154be52
0,       4705,       4705,        1,  1382400, 747cd2d08668f1b8221716b787af0b70
0,       4706,       4706,        1,  1382400, 3013ac6a5ed1406ed9548ea69505bfea
0,       4707,       4707,        1,  1382400, cd970632662f53cb5f5210dd1f215afa
0,       4708,       4708,        1,  1382400, 870bfa68ffbdec4261e375e5fe3e5282
0,       4709,       4709,        1,  1382400, ce6d4d9b975f8479011cee4f946a4bf1
0,       4710,       4710,        1,  1382400, ded8460c710172affe74bbd281e80b19
0,       4711,       4711,        1,  1382400, 4de5352aa6f6a50da2be25fcc7de56a1
0,       4712,       4712,        1,  1382400, 064319629767498dfab32eb2123dde41
0,       4713,       4713,        1,  1382400, 9c1ffb1fbdd16a1225678900acca4cf4
0,       4714,       4714,        1,  1382400, d2c0fa123fbebb1bb7bdf2027eaf7bc4
0,       4715,       4715,        1,  1382400, c8881c1476781327c8d4809e3eeb9189
0,       4716,       4716,        1,  1382400, 7b7cf5077a9c3b312c10b1d101421f1a
0,       4717,       4717,        1,  1382400, fc1e89e92384bb5d2ea844141ccac3cc
0,       4718,       4718,        1,  1382400, d1469553e3c481e0c049891819cc1ea0
0,       4719,       4719,        1,  1382400, be0f2822327405c3b07ca8cfb91f32e7
0,       4720,       4720,        1,  1382400, b6e3c0be245c2bf7ef7a42caeb361d7b
0,       4721,       4721,        1,  1382400, 358bf652b568782b8567e0459735abcb
0,       4722,       4722,        1,  1382400, 3b6a4eb85a2c2287b039aef32f37a856
0,       4723,       4723,        1,  1382400, e96c2b48937df06a45c3eaddd742f70b
0,       4724,       4724,        1,  1382400, ea361421b3e349922daf971c0bca4692
0,       4725,       4725,        1,  1382400, d1d28135ad6ccc08309bfbc622b723c0
0,       4726,       4726,        1,  1382400, d811885074b1799fa0abab82a7657745
0,       4727,       4727,        1,  1382400, 0e6686f402d14b27cb9c588e8cb9b72e
0,       4728,       4728,        1,  1382400, 2a748fb908cb7dcc3738c0c0f6973288
0,       4729,       4729,        1,  1382400, 073cb89c9cc5ae780b9e07ed2d721f24
0,       4730,       4730,        1,  1382400, 34c00c62a0447b04c6c60a79ff9213af
0,       4731,       4731,        1,  1382400, 06e6b7ae6b2fd423f18ee094a5b533e1
0,       4732,       4732,        1,  1382400, 9b02358823056141965215856f8ff966
0,       4733,       4733,        1,  1382400, 8259166919269ad7f2723e77f0672632
0,       4734,       4734,        1,  1382400, a25e935176f638e363e2271cefa77319
0,       4735,       4735,        1,  1382400, d925909bde91cbb5f57571eb9e22a637
0,       4736,       4736,        1,  1382400, 055eb871c447954623b0e5d6ec636307
0,       4737,       4737,        1,  1382400, 579ae3a4d6ae2e0d9ed861a88acfce95
0,       4738,       4738,        1,  1382400, 9031f0a6c9dea3238a1dcfd738f18456
0,       4739,       4739,        1,  1382400, bf550a587bf3a4676c97ede669430cd5
0,       4740,       4740,        1,  1382400, bad01bfc7fece8f9166f07a8326fcc0f
0,       4741,       4741,        1,  1382400, 1b2cf03ab69bf54eab5f67bff65cd7f5
0,       4742,       4742,        1,  1382400, ab9da373a7df47e45258e81a2a3f8392
0,       4743,       4743,        1,  1382400, 8d52ac4b66e5de8e15ec167f7e486efe
0,       4744,       4744,        1,  1382400, 89db634008b2e184bff9db3adf49effd
0,       4745,       4745,        1,  1382400, ce08169f2e44e7975b69cfb7353bc849
0,       4746,       4746,        1,  1382400, 792f6f6a5e08ef88a9b21014533ecbdd
0,       4747,       4747,        1,  1382400, 28f89934c74fba1213dc10a4564bbe0d
0,       4748,       4748,        1,  1382400, 56859d65678c8ae73e37e673d6f2670c
0,       4749,       4749,        1,  1382400, f893589acf83fbf1cc400c33429d46a8
0,       4750,       4750,        1,  1382400, 1135c8c5ba75320a4c2e4cd784434cc1
0,       4751,       4751,        1,  1382400, b88f065ddae4d6361b2a19361dddadf7
0,       4752,       4752,        1,  1382400, 1614d7fd1a93ad74297c96beba74b179
0,       4753,       4753,        1,  1382400, a2d5889af1c8d6b4e4657757f2a6ab42
0,       4754,       4754,        1,  1382400, fa05fb18a5d0f86aa728997085191828
0,       4755,       4755,        1,  1382400, 3519a7d9a4013463d38e7c742cfc5174
0,       4756,       4756,        1,  1382400, 6e616c607293aa2c54ca85952e702012
0,       4757,       4757,        1,  1382400, 6293f0b389aa7c6d7a814f88eb6eca74
0,       4758,       4758,        1,  1382400, 90491b2f15dde2ead6beda338eebb886
0,       4759,       4759,        1,  1382400, b56c3763566b2fc89a4298bf1ec2d556
0,       4760,       4760,        1,  1382400, 89f636369a0d528556c0627b701b0be1
0,       4761,       4761,        1,  1382400, 0d8862ea348752c158fd4f9a7c4309dd
0,       4762,       4762,        1,  1382400, 7457d9c5735b5605d9e101a7119e15cb
0,       4763,       4763,        1,  1382400, 69499ff1831424bded06397f9514e7d3
0,       4764,       4764,        1,  1382400, 792707b43c9880771b22e519082b4dc9
0,       4765,       4765,        1,  1382400, 91b59758fd26295801b0ba0d64ccbfd2
0,       4766,       4766,        1,  1382400, ea916fddb300ac92222697f6142efaf2
0,       4767,       4767,        1,  1382400, 3d8ca0f300cd6fac2f220e15ff27615d
0,       4768,       4768,        1,  1382400, fc8ab72cf97abb4b1a3b3fe3f00e2062
0,       4769,       4769,        1,  1382400, 478b67fc1ccf20fd84fcc0fac1705dfe
0,       4770,       4770,        1,  1382400, 3c20b4f247ff37d601aadcc286f0d1e3
0,       4771,       4771,        1,  1382400, de1012c3b4d89bc0f8a4c6e5081e5504
0,       4772,       4772,        1,  1382400, cd6460dde3855d8bfd6a5e8bb29980b3
0,       4773,       4773,        1,  1382400, feedcd0951e3059997d0f3da22130108
0,       4774,       4774,        1,  1382400, fa2f8509dd9a44185d320917415a5eec
0,       4775,       4775,        1,  1382400, 76e4106ed8af9223c1ddbf85e0735d8c
0,       4776,       4776,        1,  1382400, 2364ac1c521a56606dfba6a4dacfdce4
0,       4777,       4777,        1,  1382400, e77c016967dd11fc9fb104e3fb9052e5
0,       4778,       4778,        1,  1382400, 0df29625fd006fe4cc8674cb97da5402
0,       4779,       4779,        1,  1382400, 56e6651aa7a54b23dc464ae771877922
0,       4780,       4780,        1,  1382400, ec251611f94914aeb5dde1b8bbe5527e
0,       4781,       4781,        1,  1382400, 5c2c56fa0a5101c423c15a2abca8e972
0,       4782,       4782,        1,  1382400, e9880d9d6a69fcdf0f146753f9637b43
0,       4783,       4783,        1,  1382400, 50d2a3afba73edae58e070efdaccfd04
0,       4784,       4784,        1,  1382400, a6caf0053723370ba2a6d6a5b3c3c095
0,       4785,       4785,        1,  1382400, a39a2801b4877e0710e2088e06c2ccf6
0,       4786,       4786,        1,  1382400, 240373aeb31c00f454cd711f02b92ea1
0,       4787,       4787,        1,  1382400, 667c52adcff4b39b82a6f9aae4c99dd8
0,       4788,       4788,        1,  1382400, 81bd6007c822cbdebee687f82b11b020
0,       4789,       4789,        1,  1382400, 17a8c7db52384ba15743befbe026f913
0,       4790,       4790,        1,  1382400, 85a29509038dba7fb141d1c988cb69a0
0,       4791,       4791,        1,  1382400, be7edb9f268862d16c20368ba36fed41
0,       4792,       4792,        1,  1382400, 19d7f0ba1eeac272f3d3f47a495650d6
0,       4793,       4793,        1,  1382400, a3f51a96c05b50e1112a81142af331f2
0,       4794,       4794,        1,  1382400, ff79d1958667fdf8d89d66e0f515beaf
0,       4795,       4795,        1,  1382400, 0954a23776fc2fb2dbaac11b3ed2c91b
0,       4796,       4796,        1,  1382400, 16d0c4f9a44237cbe429372a980e6ee1
0,       4797,       4797,        1,  1382400, 96b279363e6110d52856ecc0b2da867e
0,       4798,       4798,        1,  1382400, ae4520ee93e840b1e511343ef66d2bf3
0,       4799,       4799,        1,  1382400, e40aee2cafbbda4a30cd174a09f8a1e3
0,       4800,       4800,        1,  1382400, 120a641adffa0c404651ddb953a0116f
0,       4801,       4801,        1,  1382400, ece79719dd8bb2acee5705c0a144f0c3
0,       4802,       4802,        1,  1382400, 9bba00ec5ee62bba366bbb3c4bb46af9
0,       4803,       4803,        1,  1382400, a850f96c4b5f508de0c61f8fd60ef156
0,       4804,       4804,        1,  1382400, b0b3427f7298375eafe7f596c38241fc
0,       4805,       4805,        1,  1382400, 5e8a63f1d0d4c755fc9e416c977bd34f
0,       4806,       4806,        1,  1382400, 9e064cda23c455f521b5e3f094f0bec2
0,       4807,       4807,        1,  1382400, 05ad7c1f7f94cc6c2d00fe998428831f
0,       4808,       4808,        1,  1382400, c095035b5221750e30af2e92588dfe3b
0,       4809,       4809,        1,  1382400, 66c09288a1b8ae8fc012b150d334d35a
0,       4810,       4810,        1,  1382400, a56c9b065c47570a36f2a15abf6fd981
0,       4811,       4811,        1,  1382400, 02f3d1ff2395337d069d68867d889b96
0,       4812,       4812,        1,  1382400, 236282a0ae88aa2b5ec378cf5e92fb17
0,       4813,       4813,        1,  1382400, b8f45b5706c8071d04d914ffd0f28ad2
0,       4814,       4814,        1,  1382400, a802ee156ae3721f333d54b8a6fd09aa
0,       4815,       4815,        1,  1382400, c4dbb6e6a9fc0885690c862385c2305e
0,       4816,       4816,        1,  1382400, c66417badb0a6ab4a4c684136ed18681
0,       4817,       4817,        1,  1382400, 0560c4d110408c3acc9af0d67b290d33
0,       4818,       4818,        1,  1382400, a02891eae85ee01b9cd4daff84f37def
0,       4819,       4819,        1,  1382400, 18dc2d5fd8fbd325413407ef722630a8
0,       4820,       4820,        1,  1382400, 7b04bf35f02ad677f4002386cb6691ef
0,       4821,       4821,        1,  1382400, 163d9ac2326d120dfac2e5d4e884bb63
0,       4822,       4822,        1,  1382400, e5f4bba1422ae9a584ebbb9cbe1b6640
0,       4823,       4823,        1,  1382400, 7f9a3fa9759a182c3634775f41957683
0,       4824,       4824,        1,  1382400, a89bec0d702f37436dff96ee8ac86002
0,       4825,       4825,        1,  1382400, 8fb582bc664981c701d129a9858d72da
0,       4826,       4826,        1,  1382400, f07072dd791b2e72e1ead7e0025466b8
0,       4827,       4827,        1,  1382400, 4b11cd426501499e956baecb8e78caaa
0,       4828,       4828,        1,  1382400, 48a82c45c2b9789d37e35ec96c4b69c3
0,       4829,       4829,        1,  1382400, aeb0bb23a1779935f657d6b79717a821
0,       4830,       4830,        1,  1382400, f5cd9bc32903e2dddffe649d5dedc534
0,       4831,       4831,        1,  1382400, c2ed6d9a93413c73b749ada7e3359aae
0,       4832,       4832,        1,  1382400, 240133cdaebb1305bd8e06b882b6631f
0,       4833,       4833,        1,  1382400, 6125486fcba2e2847776645b0ca0fe07
0,       4834,       4834,        1,  1382400, 54039141a20d1e588c548c2c223f0235
0,       4835,       4835,        1,  1382400, 25fc42305a3a4203aceac4b3a6e7273a
0,       4836,       4836,        1,  1382400, 947a139431b9e76f2f331ba2761d60bc
0,       4837,       4837,        1,  1382400, 2bb7e4de3883e14a8cf829bb9e6950e5
0,       4838,       4838,        1,  1382400, 1cac386d46c4453267cb5cf631c45a7c
0,       4839,       4839,        1,  1382400, fb7fdb0680d12e4af8153fffe204d575
0,       4840,       4840,        1,  1382400, 05afb1f4e798d3d31be6c1889546f41b
0,       4841,       4841,        1,  1382400, b0326c8faaa02f499010ece169e11dee
0,       4842,       4842,        1,  1382400, 767c809697cd8b46944146872f948b60
0,       4843,       4843,        1,  1382400, 714f7e095fc350943dd792f8c3f69b7b
0,       4844,       4844,        1,  1382400, 3faf4f8f4b1bd71b630529e01f7c5636
0,       4845,       4845,        1,  1382400, aef97332e73e2380e3a32f7fdfec47bf
0,       4846,       4846,        1,  1382400, ac55696bb8d93ba878b6dfd99cb6ddf1
0,       4847,       4847,        1,  1382400, a5913e05d3ee751c6125a9a3a66d63d0
0,       4848,       4848,        1,  1382400, 6ec7ceb6407a2dd2f59c6da21cc65912
0,       4849,       4849,        1,  1382400, a6ada351e1a0b425b237f04ea3de0f15
0,       4850,       4850,        1,  1382400, da2baea3392d6b327381301880f0865b
0,       4851,       4851,        1,  1382400, 473c00df8d0a8f13ecd55534a56d571f
0,       4852,       4852,        1,  1382400, 5993c9195f67aa5bafb73ab7bab28787
0,       4853,       4853,        1,  1382400, 428136ff36683010d8134a384256d194
0,       4854,       4854,        1,  1382400, a6880365b38d732f77d225f7a1aeb788
0,       4855,       4855,        1,  1382400, a3cb27f42d861760a1a2289d9dc541dd
0,       4856,       4856,        1,  1382400, 5d4fab6974c6c70c5f01f3012987222a
0,       4857,       4857,        1,  1382400, e5f2f16dfbcd2cf8c3126ba1b061c127
0,       4858,       4858,        1,  1382400, 1d3c14f9db481feac490f786a6ab6537
0,       4859,       4859,        1,  1382400, 5f57433ea0fc70f257605d9077c55e9a
0,       4860,       4860,        1,  1382400, 715794528285c10b2b3a3905bf713c28
0,       4861,       4861,        1,  1382400, 47613d943be0eac3f632ced46a02ed80
0,       4862,       4862,        1,  1382400, c0ef1070b0b23504eccde57d64082c27
0,       4863,       4863,        1,  1382400, 4b575a72ecda8e92db228bf1c7213af2
0,       4864,       4864,        1,  1382400, 03e3d32bb00ec3f70747966a135b3757
0,       4865,       4865,        1,  1382400, c899d5239bd0d3bde5998bff3ff3a65a
0,       4866,       4866,        1,  1382400, 9e1f4f86a4a2094351395c622e79683a
0,       4867,       4867,        1,  1382400, de630aa969f42b6662f001f356996b23
0,       4868,       4868,        1,  1382400, 6519d2d1f26c1ed01388d02fe5d720be
0,       4869,       4869,        1,  1382400, 5684191d5db9c0f12e48ef1b90a1f079
0,       4870,       4870,        1,  1382400, de8dacd861182b97098ac318603b0ed5
0,       4871,       4871,        1,  1382400, b3f26da35c961a4ce155eabd861aa238
0,       4872,       4872,        1,  1382400, 99ea2906bd79e7a60997cbbb9e23d6bc
0,       4873,       4873,        1,  1382400, 7a9cc0d017da3bd5b5b0d7815017f697
0,       4874,       4874,        1,  1382400, 749199ec07b216344c28db7c62bc1989
0,       4875,       4875,        1,  1382400, 0def39c723fc0499562228998a473d64
0,       4876,       4876,        1,  1382400, f5a2ce1799340bd1cc9647ff9c2b0d6e
0,       4877,       4877,        1,  1382400, f3b23670c9b84f51d1fc8ecf21d4fbe6
0,       4878,       4878,        1,  1382400, 132f13096a902ae0462895d5cb5d05ec
0,       4879,       4879,        1,  1382400, a8c56466df916fc2b2b9942dca7a42b2
0,       4880,       4880,        1,  1382400, 938d9908a762c4d9ac7d8b6abac5627d
0,       4881,       4881,        1,  1382400, 5627b96c444caef591de774d8bb2db52
0,       4882,       4882,        1,  1382400, 5c84f2e7438b318bb5a9c45035370916
0,       4883,       4883,        1,  1382400, 472e348c2ca44ab4f6288b57e7e3a572
0,       4884,       4884,        1,  1382400, eb3f2ea2ce91af73b79acace6e0e6d36
0,       4885,       4885,        1,  1382400, fb5926a2b97b0fcdfbbab358a8d54843
0,       4886,       4886,        1,  1382400, d512320a3b554e5474d72cb4ab40ba3c
0,       4887,       4887,        1,  1382400, 1204d3bddb3367656bd3fc4aac99426d
0,       4888,       4888,        1,  1382400, d0a3cca6d1faf1b463ae65d14c8ddaa4
0,       4889,       4889,        1,  1382400, 998a4382d9a97e0276ac8f1ceaadd215
0,       4890,       4890,        1,  1382400, 8cbb49ac4d2ae474fbe2f4d460ff10c0
0,       4891,       4891,        1,  1382400, ccd0c34ca4fece5b49790dd52d37dfb6
0,       4892,       4892,        1,  1382400, 898c6c6e1c1d3a199775e09bcb41c890
0,       4893,       4893,        1,  1382400, 3d28a6c92c3039882bd925e9cc2ffe10
0,       4894,       4894,        1,  1382400, 5db55a27fe90679285bb5d8bd3500d9e
0,       4895,       4895,        1,  1382400, 8aa27ad8726e9955d93e3d9864fd00b2
0,       4896,       4896,        1,  1382400, f3f3aa6f56851d50f18f0989cb0e7df6
0,       4897,       4897,        1,  1382400, 8fe30ce37eaefa69d83017d0b040d787
0,       4898,       4898,        1,  1382400, 12faa0eca04f511af55774f5cee4de57
0,       4899,       4899,        1,  1382400, c7cc8d7217543cb9d333dd5e1449fef9
0,       4900,       4900,        1,  1382400, 15a969b77f55e6f271468738e82d5d57
0,       4901,       4901,        1,  1382400, 8c221ca231b11c35366a10b52496f4df
0,       4902,       4902,        1,  1382400, d1f73c4bd4c38c4e9521ff4f43bff159
0,       4903,       4903,        1,  1382400, 4493e5acc3c3184105d9b1d353b5cab5
0,       4904,       4904,        1,  1382400, 65caea8eddd81242441fa5bb5edf631d
0,       4905,       4905,        1,  1382400, 34d38ca3470a5994151bab54522a45e7
0,       4906,       4906,        1,  1382400, e55279a8cec4f35af535f8bfad40f5ba
0,       4907,       4907,        1,  1382400, 509ba11ab4aca7a3e7d6f482013ab0ce
0,       4908,       4908,        1,  1382400, 5363be3ec1046e764b1866764f0d0121
0,       4909,       4909,        1,  1382400, 226207af4758cb3cc60f0e26ff5e47b6
0,       4910,       4910,        1,  1382400, d3eca435f097848a63a3352dd7f7bb06
0,       4911,       4911,        1,  1382400, 26a52c3c28c267e4211d554d521f032e
0,       4912,       4912,        1,  1382400, 19104da869b8832f91626481f808f3c6
0,       4913,       4913,        1,  1382400, 0aee8c59746046312f6e8e662908b306
0,       4914,       4914,        1,  1382400, 245219e82ee8dc69c8e4dded6883863d
0,       4915,       4915,        1,  1382400, 75263210172415082d73722066150346
0,       4916,       4916,        1,  1382400, ab69430fc053f3e8814896e0446dcb1b
0,       4917,       4917,        1,  1382400, a2c4fc2cf77c28fc6858973533281283
0,       4918,       4918,        1,  1382400, 78ec56313bad051f8eaf0b84282568c9
0,       4919,       4919,        1,  1382400, b867fe5fb02c9125fa0ee0abafaeee4f
0,       4920,       4920,        1,  1382400, b0dec27203fb25d39244e19aa20bb3da
0,       4921,       4921,        1,  1382400, e07488f31a5d60905865baeb0d9dcfaf
0,       4922,       4922,        1,  1382400, 685b6d7f02ad86063583a4cae95e14b6
0,       4923,       4923,        1,  1382400, d3b964ac708c522daf359fffb4278696
0,       4924,       4924,        1,  1382400, 13e792888715cada8a4925164df6167a
0,       4925,       4925,        1,  1382400, bb9530ac97090bef80456eeee9f2826a
0,       4926,       4926,        1,  1382400, dee1bf586f970faf944887e3365ad504
0,       4927,       4927,        1,  1382400, ab67f7b8369e3f717c08952d7d9864e6
0,       4928,       4928,        1,  1382400, cf87e90adcd1311ba467323a56e0beee
0,       4929,       4929,        1,  1382400, 2656d382d68718e668120c0050377ed8
0,       4930,       4930,        1,  1382400, b1628f8b4893ac1e59c7434d3e38feae
0,       4931,       4931,        1,  1382400, 8ac01cbd2fc7db9feb0b230002c92c3a
0,       4932,       4932,        1,  1382400, fd9f025aefcde9241dd6ef6bb59b3240
0,       4933,       4933,        1,  1382400, 06e9feb37bbe9a60a55c61fd0b1a767b
0,       4934,       4934,        1,  1382400, feaa24c3b857dc211e506bb63e06c40a
0,       4935,       4935,        1,  1382400, 24655971bfc8f7f2a56873609cdac453
0,       4936,       4936,        1,  1382400, b8be874294ec84e303dadaf54caae585
0,       4937,       4937,        1,  1382400, 6c154cbb7b2f788af801fa156d1ad449
0,       4938,       4938,        1,  1382400, f79e50379524523e1b910ecb10652f77
0,       4939,       4939,        1,  1382400, 9d4c79449a109553d4c1e4c8bb7050d0
0,       4940,       4940,        1,  1382400, c0fd73281942f2e6afd40db2b9f8ea6f
0,       4941,       4941,        1,  1382400, 055ff0e428e06c6989c4d160ae8d37fd
0,       4942,       4942,        1,  1382400, 43b0b35b3920e156e5cabac79995d91c
0,       4943,       4943,        1,  1382400, 6d5e21086c2a4002992685c077ca4c6b
0,       4944,       4944,        1,  1382400, 2acf92d0fbddfe22d77241de3331e89e
0,       4945,       4945,        1,  1382400, 2bfca226494f840c53efaad66d641fed
0,       4946,       4946,        1,  1382400, 834f37bc394eb7f2e53e191e99c09e07
0,       4947,       4947,        1,  1382400, d31d2f16fc626bab7a479dff8e6f5a88
0,       4948,       4948,        1,  1382400, 369ab4bd4932393abbf2a95c1ba2238a
0,       4949,       4949,        1,  1382400, f41f06d8399495c8c2550263a9a97746
0,       4950,       4950,        1,  1382400, 6f6795de441fd745e30ad816297d3587
0,       4951,       4951,        1,  1382400, 4357de23bd137875d6117576408f0eb4
0,       4952,       4952,        1,  1382400, a27092db490dc15ff5bd97b5544217a4
0,       4953,       4953,        1,  1382400, d772c060a446ab4359320a0178473b44
0,       4954,       4954,        1,  1382400, afbb0ea908cc60d1a318490482673979
0,       4955,       4955,        1,  1382400, eeaf45cf3e81bfa91b3d36f1e6dd02a5
0,       4956,       4956,        1,  1382400, 38d9d1b95b1979a23f390f360d7a6a79
0,       4957,       4957,        1,  1382400, 0f41e53855b7095661303c2393b8222c
0,       4958,       4958,        1,  1382400, 28fa2d5181d5ca23d56f1d515d5da602
0,       4959,       4959,        1,  1382400, 28a7852a1085fbe60d21f79447ec5591
0,       4960,       4960,        1,  1382400, c362c2aaa05afc423d340148be441709
0,       4961,       4961,        1,  1382400, 2bb9668d72fdbbc6c03420235db48301
0,       4962,       4962,        1,  1382400, 465374058c61e3c334aeef968cec4266
0,       4963,       4963,        1,  1382400, c34242383168536b2d6375dbdd8f58ae
0,       4964,       4964,        1,  1382400, 8115b6dcd7af184fadedb6c9f8d3a9e6
0,       4965,       4965,        1,  1382400, a6222049d7b0e4e52d31a242f24b6b91
0,       4966,       4966,        1,  1382400, f4c94e86be205c84a6201af20853a31c
0,       4967,       4967,        1,  1382400, eb40e439a39b50d9f2070ec7c82e67a5
0,       4968,       4968,        1,  1382400, 7619b0d85cd4490c413abe9e7a7a186e
0,       4969,       4969,        1,  1382400, c2b2f03f03c4a5baffac61add66d7118
0,       4970,       4970,        1,  1382400, b0d87140801368093fd36a338d70a079
0,       4971,       4971,        1,  1382400, aaf5f2b7922d8564c6a9a4fd99b7523e
0,       4972,       4972,        1,  1382400, 9026777ebcaa453522714144b711b256
0,       4973,       4973,        1,  1382400, 1fd4acc94c4fad797af4386df1c78f06
0,       4974,       4974,        1,  1382400, 7dbdd071e5458571c2bb55883c7986dc
0,       4975,       4975,        1,  1382400, 6bf855a09b7509c9a1aca6abf7e1ca4a
0,       4976,       4976,        1,  1382400, 310e5b6bbdfe7665235e4886dc269302
0,       4977,       4977,        1,  1382400, 9634d0fb59dac89e8d8f7417a8b78cca
0,       4978,       4978,        1,  1382400, 92c9f6c4f1d5bc4e6a1063ead57e5ce7
0,       4979,       4979,        1,  1382400, 6c7d6aad508caf0d0be174c7dbc74a88
0,       4980,       4980,        1,  1382400, 4ada79048bac040be04b71c48a819e1a
0,       4981,       4981,        1,  1382400, dae754234f279e23569989d5c6fbedea
0,       4982,       4982,        1,  1382400, d61697409f07a2f1bc2e7407e72d23e7
0,       4983,       4983,        1,  1382400, 18004d29156ac36319d04ad99acd711c
0,       4984,       4984,        1,  1382400, 478f751b56eff4b687bd80be9bdd0120
0,       4985,       4985,        1,  1382400, 314cc27a3778b255698c6726fc5c4697
0,       4986,       4986,        1,  1382400, f1a4b59775b49a7312408d099378d029
0,       4987,       4987,        1,  1382400, f5cff75b2caf43de38f1bcf7e4e79c77
0,       4988,       4988,        1,  1382400, 3da6bb1ec316f0915d5b052eca978c83
0,       4989,       4989,        1,  1382400, cf257d3897dc96b43670b80a462ee131
0,       4990,       4990,        1,  1382400, 5df2db770364d46a6c7dff250c8f9f29
0,       4991,       4991,        1,  1382400, 1ee8b76b2e939c21e131a403e8211752
0,       4992,       4992,        1,  1382400, 61c4f2ee4055c73d9c91bb47beb0a741
0,       4993,       4993,        1,  1382400, 5e3745f9780f98af0ac4a39a5a3da8ab
0,       4994,       4994,        1,  1382400, fbc2c06dfcf47560bdf441c310e156b1
0,       4995,       4995,        1,  1382400, 218b910b3bd8223cfabcac662b58581a
0,       4996,       4996,        1,  1382400, 33edccd66ad709c55d66dc96090b09a9
0,       4997,       4997,        1,  1382400, 95f38b8c32e1d50084622496d4e73115
0,       4998,       4998,        1,  1382400, 6a543d33d9d8e9035ee3fe4e71e0aa80
0,       4999,       4999,        1,  1382400, 04270dcd11bb92f6f65418c4fb578fcb
0,       5000,       5000,        1,  1382400, 108099ea85af5b19f23d0827a8c57997
0,       5001,       5001,        1,  1382400, b1d96936929328bdbf0c5472d0b67364
0,       5002,       5002,        1,  1382400, a960864c820618e8e571c11ce1752407
0,       5003,       5003,        1,  1382400, 62b0e034b799154b32c1b13175e5ab5a
0,       5004,       5004,        1,  1382400, a53029cc9f06fe24650fad1bf16d9e7b
0,       5005,       5005,        1,  1382400, e0a95af85c0558bb98f1773201d770d9
0,       5006,       5006,        1,  1382400, e3de7873002e6ef72c4471b5db21b855
0,       5007,       5007,        1,  1382400, 32764ad13235345ec94a686e7f841abd
0,       5008,       5008,        1,  1382400, d2a53565208a88084663660770fa7d5a
0,       5009,       5009,        1,  1382400, 6aa940706c62b40eba510376b3c559e0
0,       5010,       5010,        1,  1382400, 7bc5554366bbb49e69d7807e8d29a941
0,       5011,       5011,        1,  1382400, fbc1c2ff3392d495020294d09b9fd8e1
0,       5012,       5012,        1,  1382400, 56cef57f3aeff54e4f316ba52bb4b8bb
0,       5013,       5013,        1,  1382400, 97539724b037daf2929a98e89a40f755
0,       5014,       5014,        1,  1382400, cd2422b90885e4edb34e8c206ca23d53
0,       5015,       5015,        1,  1382400, b22d6d2dff16a62f25ca529e932c85fd
0,       5016,       5016,        1,  1382400, a5d93116c8e7c21a63b73eea6177d1f7
0,       5017,       5017,        1,  1382400, a8d791209e6ca33ed8f4bd3c9533136c
0,       5018,       5018,        1,  1382400, 6083c380f5a7979eb779018aabb96d4b
0,       5019,       5019,        1,  1382400, 4603c73089d36b33bc31f65ebb3c9c9f
0,       5020,       5020,        1,  1382400, 72dc2c3a8a1b2a49a07aab669199eac4
0,       5021,       5021,        1,  1382400, ab4f0406d2b72083cfaeeb7cd9309c08
0,       5022,       5022,        1,  1382400, 331cd6392c61b2940122f31c8dd3e114
0,       5023,       5023,        1,  1382400, d3e8439e7e8ffa556699818e4154a1a9
0,       5024,       5024,        1,  1382400, d81bda2562e76db0d1065f5b00372b37
0,       5025,       5025,        1,  1382400, cf236b20a514dfb7e1b12ddef74ec9b8
0,       5026,       5026,        1,  1382400, e2f1329657bc85a16a8c148f953fec83
0,       5027,       5027,        1,  1382400, 8095200edc3baa150aa88330b4d3a58f
0,       5028,       5028,        1,  1382400, 861207af947b7584dabc1e126f6597d5
0,       5029,       5029,        1,  1382400, d8b13cf150e9a0cfa985bc6f3ddb5d86
0,       5030,       5030,        1,  1382400, be7728c1441d7001def51c641b40c6bf
0,       5031,       5031,        1,  1382400, 66ea69a0a243914db86f4707ba75304a
0,       5032,       5032,        1,  1382400, 221cd9cbd16b76773f453dd2b2a40881
0,       5033,       5033,        1,  1382400, 091fd1d5322de26204fd49ee002316b2
0,       5034,       5034,        1,  1382400, a854c4949329e1c43b73aa047b24f39e
0,       5035,       5035,        1,  1382400, 91dbb2e355272e31c373106dd4b73963
0,       5036,       5036,        1,  1382400, dacd63f753a5f197d535d1798d343b0d
0,       5037,       5037,        1,  1382400, b694d5d467b79897689ca2c1c0cfe6a9
0,       5038,       5038,        1,  1382400, 396a3801d77c9c57a765828170253d7a
0,       5039,       5039,        1,  1382400, 3690a604074e48fdba76b6e0944b4928
0,       5040,       5040,        1,  1382400, 3d08b831d12e4e7ab6a4c030c7d1d57e
0,       5041,       5041,        1,  1382400, 0d3a229196b46247db54b39af8953189
0,       5042,       5042,        1,  1382400, 667a4d18f2a5039f65fa1f45d3070a1e
0,       5043,       5043,        1,  1382400, 00b42caf5ea9b8daed8b90336591f2e4
0,       5044,       5044,        1,  1382400, dd86b3bf03c6873dc6d2cc8864c757aa
0,       5045,       5045,        1,  1382400, 01304eeaec27d2379fd4eb63b6473ec4
0,       5046,       5046,        1,  1382400, c456f0cc8d75f743b68ab3481f88e68f
0,       5047,       5047,        1,  1382400, f404bf0bad84c59a64445c4802c00e58
0,       5048,       5048,        1,  1382400, d63845f1ca1054eff5fdade633b1a055
0,       5049,       5049,        1,  1382400, abd35f6ee4bea636cbd55ffa66470bad
0,       5050,       5050,        1,  1382400, d1db080ca1b6a213725174cfccd08bd6
0,       5051,       5051,        1,  1382400, e2e4d46c02271fd2fe69be33f437eff3
0,       5052,       5052,        1,  1382400, f73d25b68b3698723e2e34e52b95980e
0,       5053,       5053,        1,  1382400, 393c8868897abf79316ef6c6e2772d0d
0,       5054,       5054,        1,  1382400, 3a6dc0e1c82fc04b406f3fdf39a1c26e
0,       5055,       5055,        1,  1382400, c477a64550e8348c91b0a1c3d5c848cb
0,       5056,       5056,        1,  1382400, a987d325280a985b1a700cb7a490dd1d
0,       5057,       5057,        1,  1382400, 1953144e2115f8164dfbe4215eb87529
0,       5058,       5058,        1,  1382400, 842a7c76891852900acfa98820690e1c
0,       5059,       5059,        1,  1382400, 80ae454f5f7f1257c51cc075a045c942
0,       5060,       5060,        1,  1382400, 28b13418ac6ff8fe56b032456bd07276
0,       5061,       5061,        1,  1382400, 0f985304c71efcbfd25d601cc35af2ae
0,       5062,       5062,        1,  1382400, 3d33a0dc7bbb601944e178ab19420df2
0,       5063,       5063,        1,  1382400, 3110ecee298a840c5ee5d4c8d99f7cff
0,       5064,       5064,        1,  1382400, cfca8f24c2253f3ebfc1631ddf96cb66
0,       5065,       5065,        1,  1382400, 02d50366c586ac710aaa48148a01df88
0,       5066,       5066,        1,  1382400, 0141054eda663ede62484755f7bf67b5
0,       5067,       5067,        1,  1382400, 5a96a402c0f227ed26c8deee0b7219ae
0,       5068,       5068,        1,  1382400, 7978e64a6ebb6d871430b02c6d79e814
0,       5069,       5069,        1,  1382400, 69cbc23044bb191183947aa65d27d4ae
0,       5070,       5070,        1,  1382400, 29518d6dfa7c976e45a3ae8e00147685
0,       5071,       5071,        1,  1382400, 72c576808e97751286008c48c505efd3
0,       5072,       5072,        1,  1382400, 86f8073f91f90415c600ad3bf59b84bd
0,       5073,       5073,        1,  1382400, 980f9e42c8ab1be3e616f92dac903c64
0,       5074,       5074,        1,  1382400, 626f075e8966c6c81f4018f1568a9e31
0,       5075,       5075,        1,  1382400, de796476bc5c3aea8ece53fe09731a3c
0,       5076,       5076,        1,  1382400, 84655a3d4d5345a777b453bf3bfbc97b
0,       5077,       5077,        1,  1382400, ee4102a76a953f91c3a92cb5aa46fb32
0,       5078,       5078,        1,  1382400, c5530ef170dfc06efb582a81a508512c
0,       5079,       5079,        1,  1382400, 7bfabd523e5229b7f6ae1f60db63a379
0,       5080,       5080,        1,  1382400, b54ea2b713b36aaf48cc2aed48307e77
0,       5081,       5081,        1,  1382400, 35b597b93c08f88926b51c4be12ad66c
0,       5082,       5082,        1,  1382400, b7ce7cd2b33519e00e862f3570c12e6e
0,       5083,       5083,        1,  1382400, e437cf26ff992e3b5d17220adda637f1
0,       5084,       5084,        1,  1382400, 8568ef3ae05000be9f42b70326439129
0,       5085,       5085,        1,  1382400, b4fa12875fb6d2c365b32e74302b36bc
0,       5086,       5086,        1,  1382400, e439b53b8006101432d651b1776cddcb
0,       5087,       5087,        1,  1382400, 8b6cc49e5779dec6487918720811bd8c
0,       5088,       5088,        1,  1382400, 37be2ed1caa7635668e34a2de4b20400
0,       5089,       5089,        1,  1382400, 3ede9a6b6b3a14ddeba173cda9f1b4d6
0,       5090,       5090,        1,  1382400, 4f40cf7ee46a984a466544834d0e8911
0,       5091,       5091,        1,  1382400, a13a0b9c58bed3ddf44175559868423d
0,       5092,       5092,        1,  1382400, 940ca015a2e9ffede68b964b217f1d42
0,       5093,       5093,        1,  1382400, 3227968b9b727992213e5f794d5636ee
0,       5094,       5094,        1,  1382400, 98c47e4f25ca0273b65cdf2e0f28262c
0,       5095,       5095,        1,  1382400, a599c4eb9b30ba8a6a92da3aa56fcce8
0,       5096,       5096,        1,  1382400, d4548b390e422e0c556ddef109a82010
0,       5097,       5097,        1,  1382400, 30350b599f3c09bec29e9c391087d4eb
0,       5098,       5098,        1,  1382400, 7cb0b76f1523f73ac1db4b49bbd80dc0
0,       5099,       5099,        1,  1382400, 627ba20edd26272883f7e170a3b2c6cf
0,       5100,       5100,        1,  1382400, 65a7afb23d1b1ae71d7c47fd74b67dbd
0,       5101,       5101,        1,  1382400, 6c67a624c9794ee3a36c40c46599b9b7
0,       5102,       5102,        1,  1382400, 7d1119136e7f7445b8c814afb8c491d5
0,       5103,       5103,        1,  1382400, 417a7940ccc05eba14322d697acd8461
0,       5104,       5104,        1,  1382400, 6f1d1b42e2cd2f6ca54bbe8c411361bd
0,       5105,       5105,        1,  1382400, b2c3e83e879510f4cb29cfd42eca93a8
0,       5106,       5106,        1,  1382400, 12fa5dcf096d6baab2675a41807d83c4
0,       5107,       5107,        1,  1382400, 56abfec5e9ec21e9e902c40bd9e2300d
0,       5108,       5108,        1,  1382400, c4ddfb7b8cf41e1a6b6913f017d5dfa5
0,       5109,       5109,        1,  1382400, 38ce7447eef9a729c1612f76b0040ead
0,       5110,       5110,        1,  1382400, 2cf452c98466ab8401bd3a981b778a79
0,       5111,       5111,        1,  1382400, 60511cc090b7e9ab31ea4f67eea92390
0,       5112,       5112,        1,  1382400, 83a6d3e235d6e93e46084f3344bb931c
0,       5113,       5113,        1,  1382400, 69c7528cce4c40650388aa884ec0171e
0,       5114,       5114,        1,  1382400, f35ea813c79b703928e5e59b8ca9f4a1
0,       5115,       5115,        1,  1382400, d38bfb4a68eaba706e666f8f500c846b
0,       5116,       5116,        1,  1382400, 9f6577fe5870fe66bb3051c862f9932e
0,       5117,       5117,        1,  1382400, e847e664456a1d3284ea1c527128b002
0,       5118,       5118,        1,  1382400, 4fda154f0fb504e95e5faba2b8b2238b
0,       5119,       5119,        1,  1382400, 32148dac28fa7ad0e9de64b25b986614
0,       5120,       5120,        1,  1382400, 26d3a126a4b0efa97c8ef130b93a9566
0,       5121,       5121,        1,  1382400, 59ba68e09895487dd6cc6804df518993
0,       5122,       5122,        1,  1382400, 1bced13a66286bb931b0f02d8ba3c5b8
0,       5123,       5123,        1,  1382400, ad419d7ee87ed883f9c9d6b4a2a9d77e
0,       5124,       5124,        1,  1382400, f869233265644eafa1cd7061836424a8
0,       5125,       5125,        1,  1382400, 38e6a1c06ef99e7a578018efceb8b2bc
0,       5126,       5126,        1,  1382400, 9ee83544fb1353c1f831e8061f7a31ab
0,       5127,       5127,        1,  1382400, 8f685ac1e5bc82364ebc17f921bb5d17
0,       5128,       5128,        1,  1382400, 67ae7be566acccb89081f12785253709
0,       5129,       5129,        1,  1382400, ca44c10721c1887a8fa5b779560fd423
0,       5130,       5130,        1,  1382400, ba4f38a4fba344a38367a14c7f2b4171
0,       5131,       5131,        1,  1382400, 799c2685df8836e2460a38b5f82436aa
0,       5132,       5132,        1,  1382400, e847cac7e17ef1ffa2c064b97eb0dafa
0,       5133,       5133,        1,  1382400, 724e6607bf49b7e0109a28561b209a3d
0,       5134,       5134,        1,  1382400, cff212478758de114b77fc43b2bd710d
0,       5135,       5135,        1,  1382400, bc03e6eba0f1ea54f90fc7e978d7ee0b
0,       5136,       5136,        1,  1382400, e058db73cc092ac6940500d98b8ff2f5
0,       5137,       5137,        1,  1382400, df207d8f389f49de405f36290f73bf39
0,       5138,       5138,        1,  1382400, c0bafc33adacfed0e502970eb64726e5
0,       5139,       5139,        1,  1382400, f5e46e18a224f00c241b1cfa7851fb42
0,       5140,       5140,        1,  1382400, fb7539114e5a259e8edd2aa527cea4e9
0,       5141,       5141,        1,  1382400, 5e012222a558ead246c58aac59f91d33
0,       5142,       5142,        1,  1382400, dd0f11f74ada7c65704b6080ef55cb93
0,       5143,       5143,        1,  1382400, 0e31da9902788e11f24533d502267987
0,       5144,       5144,        1,  1382400, 80ec3d61b18a8ab7d45c8d3bc5ab174e
0,       5145,       5145,        1,  1382400, 9b3cc6f57e2132054f8ec4481b936f35
0,       5146,       5146,        1,  1382400, 8b3fe77e5beca900d810d74dbba33f73
0,       5147,       5147,        1,  1382400, 9cbde9e6585399cc11edff94dbbddea2
0,       5148,       5148,        1,  1382400, 71ceeb82e751e29a9569e7847e866bfd
0,       5149,       5149,        1,  1382400, 13783b75e236031db8e518db307e547a
0,       5150,       5150,        1,  1382400, 9b2e1bd27efd70b5e7e3910ef9a42daa
0,       5151,       5151,        1,  1382400, 9cdeb08b8809e138d91304fbb90b2bca
0,       5152,       5152,        1,  1382400, 48e6688e1fcf90a9b33a42cfe8dc1df6
0,       5153,       5153,        1,  1382400, c35f80d49e809b711211e92e283f6ff4
0,       5154,       5154,        1,  1382400, 0e0f261e6445d1cab525c318b9767d24
0,       5155,       5155,        1,  1382400, 6c95fcf4394b622ea2b161b5b4432b3f
0,       5156,       5156,        1,  1382400, 5d7865d9bd38967085aa18a7c12e803d
0,       5157,       5157,        1,  1382400, e29befbff9bedf1e0120061e5349101b
0,       5158,       5158,        1,  1382400, 5c9c9b87702498ab5e6028e2fef00b7e
0,       5159,       5159,        1,  1382400, 65782b8713393e61eeca990f7b1c4701
0,       5160,       5160,        1,  1382400, 18802ef4949c428d996da938e7a4afe0
0,       5161,       5161,        1,  1382400, 6a83f6ee928e4a5fc63714271cc6fac5
0,       5162,       5162,        1,  1382400, abbe3a9eb94c0403b4e59b737f941f01
0,       5163,       5163,        1,  1382400, 48db7090f695b919dfabf1aaac49481b
0,       5164,       5164,        1,  1382400, 43ba61348b5f6d2087961a458e89ad75
0,       5165,       5165,        1,  1382400, d43992f786774d3ee6c95ce168f62b8d
0,       5166,       5166,        1,  1382400, dd35486e8602504436d8a735195baf06
0,       5167,       5167,        1,  1382400, 070c6885c41c45b1eced251b9ac4c963
0,       5168,       5168,        1,  1382400, 4ba9accd4a83245feffd78d87e6a0c0a
0,       5169,       5169,        1,  1382400, 09cee74a08ad574addff71e80056fcba
0,       5170,       5170,        1,  1382400, 509d3253882783992478c856104580a9
0,       5171,       5171,        1,  1382400, c19e7dddfd4d112f8e587ee2df0c33d1
0,       5172,       5172,        1,  1382400, ff371abae8671aea67dd48e51776aaf9
0,       5173,       5173,        1,  1382400, e3e746f0fb334775d5b21791c591a2b0
0,       5174,       5174,        1,  1382400, e03a71019f7881354872ad35ff7f3f8e
0,       5175,       5175,        1,  1382400, c698ef0acbc635f834c5af7f7b673682
0,       5176,       5176,        1,  1382400, 656a37ed630c88441e6300dd398d2f0b
0,       5177,       5177,        1,  1382400, 657e0ce63f052696dff338b505fa285e
0,       5178,       5178,        1,  1382400, 270a50530fc66d69c858787659bcc78b
0,       5179,       5179,        1,  1382400, 2c32591fcae1a42807a3b26ca5df853c
0,       5180,       5180,        1,  1382400, f7b80d7a85b03e6ec530e2496ac56961
0,       5181,       5181,        1,  1382400, 61353f0a87d569ccf3ec2ac959b24cda
0,       5182,       5182,        1,  1382400, bd79d083f7b7cc4956986882592b8cc5
0,       5183,       5183,        1,  1382400, 2965f97d54f0f72a010b98e2e2605f01
0,       5184,       5184,        1,  1382400, 692d9d48c0709fe84baddd51ad08ff8f
0,       5185,       5185,        1,  1382400, a13be42a5f1523a6b01020f3353f1d55
0,       5186,       5186,        1,  1382400, 23fbda5380819c8113c33b638aa30297
0,       5187,       5187,        1,  1382400, afb0a9827545fe26c7a50682c88df130
0,       5188,       5188,        1,  1382400, 17d006ab13d5e5e078f6ddafc4ee842f
0,       5189,       5189,        1,  1382400, f8cdb5be7d1630eaf2b699a6cc42abe0
0,       5190,       5190,        1,  1382400, 23d7ecbb1ecb2dc1a1c08d04539f913b
0,       5191,       5191,        1,  1382400, 9953c4495fe97678c56e9f35ee367259
0,       5192,       5192,        1,  1382400, 440d9898b38e1750190c73b8f5165581
0,       5193,       5193,        1,  1382400, aa439095796e00090e0f722dd03e4ea6
0,       5194,       5194,        1,  1382400, bd6e319efc944beefa9ceb6f813f8ea9
0,       5195,       5195,        1,  1382400, 0ccdfba8d10784e7ba03ebe44fadab01
0,       5196,       5196,        1,  1382400, a129a03efab19c233a4fa622b9c9d1d1
0,       5197,       5197,        1,  1382400, 590b3c3dc3f7e4b5ba7cd19ee647edb9
0,       5198,       5198,        1,  1382400, c84010357b60af160e64972e1985b49d
0,       5199,       5199,        1,  1382400, be90b9546534670c1ace9964ecccf73c
0,       5200,       5200,        1,  1382400, 2dc42b5c4899138909b25639cec8c6cf
0,       5201,       5201,        1,  1382400, 75b1bf1f72e1180c901eaf13e7634e0c
0,       5202,       5202,        1,  1382400, a4b87dae2ec25ee11c8bd501bc50416a
0,       5203,       5203,        1,  1382400, b11b3bd3ceb59c34372d6f9d5c310157
0,       5204,       5204,        1,  1382400, 4e4c29182ad2ade21b63d50615bc4207
0,       5205,       5205,        1,  1382400, b7075d352ace42437d277fae69f85f00
0,       5206,       5206,        1,  1382400, 3f3f7abe051f250c9befb2d8e56c44cc
0,       5207,       5207,        1,  1382400, d7e745c0901f0069f430d4774c052b3c
0,       5208,       5208,        1,  1382400, 3bcdfe4a8aee4f5016740b2333b6ffe2
0,       5209,       5209,        1,  1382400, a4f80318c47da6fe7069b65ce4849fa3
0,       5210,       5210,        1,  1382400, 5917f3f970d6e1d6015c4cc3a3997efc
0,       5211,       5211,        1,  1382400, 67f4dbdae94e8bb2bd2866ee094d3707
0,       5212,       5212,        1,  1382400, 258585e61ff0c0f891e05df0f1c45a49
0,       5213,       5213,        1,  1382400, ffb5175a6ca5057d45625fefb50c7c56
0,       5214,       5214,        1,  1382400, 0dca360739ff52bd4fc57351c8f541e5
0,       5215,       5215,        1,  1382400, 0253451a2998a1165fc47990faefea8f
0,       5216,       5216,        1,  1382400, 91472ce090fdf8b85a8a50b077f4b47a
0,       5217,       5217,        1,  1382400, 8f65734c2644657c996142877ecf02aa
0,       5218,       5218,        1,  1382400, bd70392629920a21a1b3a5081f531fa8
0,       5219,       5219,        1,  1382400, 48c5e271d68a8a5625dc206529653a64
0,       5220,       5220,        1,  1382400, 2b46ff1fe7bb93ca6d05c4c795a93217
0,       5221,       5221,        1,  1382400, 59ee3a3b7cc77cb5019ff7cb7449360f
0,       5222,       5222,        1,  1382400, 67b10cefa186e208b2d75a12f82819a9
0,       5223,       5223,        1,  1382400, d806095fe7957b9a203b547e0739f857
0,       5224,       5224,        1,  1382400, e4d919b0732726375a03c14c838e8c03
0,       5225,       5225,        1,  1382400, 0f47f56704e513b72554c7fd0e174c10
0,       5226,       5226,        1,  1382400, 19e90c41301e8ef3ad89d69c36204493
0,       5227,       5227,        1,  1382400, 1795860f939061043287a10b424fe6b7
0,       5228,       5228,        1,  1382400, aecfd2b07e658b61c40e03673a74692c
0,       5229,       5229,        1,  1382400, 9291c41a329e1fca0b60ff7dbc2701cb
0,       5230,       5230,        1,  1382400, d1731958d1b2486fa8c93f4e659cba1a
0,       5231,       5231,        1,  1382400, 52c66db6d3679657135df8e269bb065e
0,       5232,       5232,        1,  1382400, 7073f4ef996393b50bb1f26e4ffa7fb1
0,       5233,       5233,        1,  1382400, 3801b0d3131115e912ffe6e8e31b5290
0,       5234,       5234,        1,  1382400, fd81e2e5141ea935a934529ffdeb5a77
0,       5235,       5235,        1,  1382400, 60f5c1ad3f9d6fc8c8a3d786d2d6cac7
0,       5236,       5236,        1,  1382400, cd1e21607f9bce4f7c87b0bedeb205d2
0,       5237,       5237,        1,  1382400, 2aecaf8e6ae78e159544eab13af60580
0,       5238,       5238,        1,  1382400, c44e289347d2f8b07322f25ee35f788d
0,       5239,       5239,        1,  1382400, f967f18519fcfa075630594e18bed160
0,       5240,       5240,        1,  1382400, 5c83a12f0d0bdc01a1ced7daecf6dad8
0,       5241,       5241,        1,  1382400, 722644c99b61f57ffd4f621ced9e0bde
0,       5242,       5242,        1,  1382400, a2ea927e5a29edc771b9c6af388a9e7e
0,       5243,       5243,        1,  1382400, af30266eee36c54510b196b96b7ba052
0,       5244,       5244,        1,  1382400, 4629dded29f9f655d3f4c834bdc4dad0
0,       5245,       5245,        1,  1382400, 304f6dcb249f1ca0e22ab86e643830e6
0,       5246,       5246,        1,  1382400, 75d24abe77e766da6eb0e8fbdbb1b648
0,       5247,       5247,        1,  1382400, ff08b1f867ae449e0a5814f4b094f5dc
0,       5248,       5248,        1,  1382400, d75bdba26dab32f7b5c302370e136917
0,       5249,       5249,        1,  1382400, fe91c9bf5081ae481d176622becc998a
0,       5250,       5250,        1,  1382400, 12d7358a6170a6b234aafd57e1523ab8
0,       5251,       5251,        1,  1382400, 48bfa0da0580403b1ed6eaa9c10a9fb3
0,       5252,       5252,        1,  1382400, 5971ea9014c949ce737007c2801c1af1
0,       5253,       5253,        1,  1382400, 53b7e7e8d13cb8b0d67802e86f756407
0,       5254,       5254,        1,  1382400, f29db0c876874681bffce7e919e54db4
0,       5255,       5255,        1,  1382400, 19a4dad25e6540a0a0abbae8e8c29f27
0,       5256,       5256,        1,  1382400, 60486472254293f03eb8fd7db4c27fe5
0,       5257,       5257,        1,  1382400, c438d7a10825766caf6fe73ba13334ad
0,       5258,       5258,        1,  1382400, 05914d6349219bb26e55d5edf6483a98
0,       5259,       5259,        1,  1382400, 69f887164c04a5951139f20821ee5499
0,       5260,       5260,        1,  1382400, 24637a98a58cab6c654f87cd0394baee
0,       5261,       5261,        1,  1382400, 2ccfd4944de931c8b294445fd83bbce1
0,       5262,       5262,        1,  1382400, 132d68974a40c1f4a5c269c874057329
0,       5263,       5263,        1,  1382400, 6042e833a3a80109070a6ea1445ab02f
0,       5264,       5264,        1,  1382400, 20360f6731da0b74e96796e8761a2bc2
0,       5265,       5265,        1,  1382400, de47a34f549f0bb7afa8ad55b4a47e4c
0,       5266,       5266,        1,  1382400, 070e1b5156e6fcca1e13461da54872d8
0,       5267,       5267,        1,  1382400, e633795cc41c65c9aa69f7ebfad20217
0,       5268,       5268,        1,  1382400, d74d0f8d87291c889b2df2aaa00bd993
0,       5269,       5269,        1,  1382400, 2a3d6ea070741e3970671ea6c9d87ba8
0,       5270,       5270,        1,  1382400, b4f23fab870a2e886490669d44f6be0d
0,       5271,       5271,        1,  1382400, 7fe1bee7b961b89460c554e10583d16a
0,       5272,       5272,        1,  1382400, b5141730588b3c08d963ae5457e783fa
0,       5273,       5273,        1,  1382400, e13d5e9e512111a21be9272f00470616
0,       5274,       5274,        1,  1382400, 83371066fcd8767e3e338a0982179a41
0,       5275,       5275,        1,  1382400, 7c32dcad18e475a86d2ba88effcd8dcd
0,       5276,       5276,        1,  1382400, a30c197cc2b938383ed22ce2cba8e9fa
0,       5277,       5277,        1,  1382400, 6b69bdea5f0b4a6cfb0d0e09abfbd99c
0,       5278,       5278,        1,  1382400, 34f0997c01ce6f459a661c5947207b67
0,       5279,       5279,        1,  1382400, 3aaf1bc9d67b9acfbdba68e4dd5c5f78
0,       5280,       5280,        1,  1382400, 22cf108953abaedc3c042d95116bfaa5
0,       5281,       5281,        1,  1382400, 30c8826a2ddaa9134ce5b943f1de03ad
0,       5282,       5282,        1,  1382400, 5d3018b892f3fea538c7efefc3e65e06
0,       5283,       5283,        1,  1382400, 9bde61fea4fccf734425b7cd8778d2f5
0,       5284,       5284,        1,  1382400, 16d3b7bdcb0b1a09beeaee07fccc4ff5
0,       5285,       5285,        1,  1382400, 3adf2b86255bf6bbf4d4a993deb384a4
0,       5286,       5286,        1,  1382400, 924355e993f88a65bd861d7591c4d534
0,       5287,       5287,        1,  1382400, 52b4a8d84f3c457d544d57ca45e58323
0,       5288,       5288,        1,  1382400, 1845db0b3cea3d578c4dc90a401a1b67
0,       5289,       5289,        1,  1382400, dc810a7094e76325abebc7e39fff6c7b
0,       5290,       5290,        1,  1382400, f86bf7521ecf99c5036f543d02be4121
0,       5291,       5291,        1,  1382400, 4f4e4de88ffea2b6708086e3ab50ed9b
0,       5292,       5292,        1,  1382400, 361fe92a4817ea4697ab52bf68a2ca37
0,       5293,       5293,        1,  1382400, 85c19b9083cf4384fdbef5ab6b6499d3
0,       5294,       5294,        1,  1382400, 2c3fc9c235c6e3f75eaa891d9ad32f77
0,       5295,       5295,        1,  1382400, a41a7ac87e91a42c2ea31d13bd8f6ed1
0,       5296,       5296,        1,  1382400, 8e102c15721e8188f4ab8bc2816eafcb
0,       5297,       5297,        1,  1382400, f68829dd4dc7d222c3bc518d2c0db611
0,       5298,       5298,        1,  1382400, 38d81ad0f8e28720e23bbd06ce3430ee
0,       5299,       5299,        1,  1382400, f7b3ea3db5122de1d063ce546e6a5c47
0,       5300,       5300,        1,  1382400, c1da9af1d8cbbc176839ab5e8b9c9813
0,       5301,       5301,        1,  1382400, e4bba5faedaa8c75e3051918e54cdacc
0,       5302,       5302,        1,  1382400, 3268e122acbf85be1ee74b9f3cfe10bb
0,       5303,       5303,        1,  1382400, fbc69cfe2a5d0cb6ce7581dce4875e1d
0,       5304,       5304,        1,  1382400, a805563e233bb10eed0de75b653cd000
0,       5305,       5305,        1,  1382400, 20001830f7874a31c83fcad40b5c8850
0,       5306,       5306,        1,  1382400, c4b543fb5624d5b14b9ed72b8a1c98e3
0,       5307,       5307,        1,  1382400, 65fae84e6c1527bfabbea816a528ba1a
0,       5308,       5308,        1,  1382400, 52a26df607a74055ee4c0ba691073008
0,       5309,       5309,        1,  1382400, baaa88ffa2ee7b0d35ce4fe38906d1f4
0,       5310,       5310,        1,  1382400, e91884853caf093dedaea6dae20c6f21
0,       5311,       5311,        1,  1382400, e8cbf7269cd5cd8596a490c17dfda472
0,       5312,       5312,        1,  1382400, 2b5d089c71ede64347db6cd80c449786
0,       5313,       5313,        1,  1382400, fcf883f94295f1c18f71238468c8a678
0,       5314,       5314,        1,  1382400, 6a25366941014f11025df138f9c75fe0
0,       5315,       5315,        1,  1382400, a5b45546abcecab51108b77983f36b4b
0,       5316,       5316,        1,  1382400, af92505196475090b2dcf26a49215503
0,       5317,       5317,        1,  1382400, 959b979f5eb99d554802f2955c5ff472
0,       5318,       5318,        1,  1382400, d38b019fb982b95b84d68bb1cbff941e
0,       5319,       5319,        1,  1382400, 0b56259cfe70f3848d48401445596395
0,       5320,       5320,        1,  1382400, f7822f16056cf99cd4679b58a732b387
0,       5321,       5321,        1,  1382400, d0c497072b3cf394ebf1e7790a903bd0
0,       5322,       5322,        1,  1382400, 551507947571c6d5d5aaccb9b1d16b39
0,       5323,       5323,        1,  1382400, 4849c54b4d50664de667f2414f09530b
0,       5324,       5324,        1,  1382400, f6eb3d03be4df8ad65ad78539a8dc5a5
0,       5325,       5325,        1,  1382400, a536bb7fc6de0c75fb865b6317b07a2a
0,       5326,       5326,        1,  1382400, f45d0fc7f5b7b7f1136b21696b66265f
0,       5327,       5327,        1,  1382400, 71906477da0e1f1e88f0a3bf295237b8
0,       5328,       5328,        1,  1382400, 10fffc107e0cff3bd224d156a77abd94
0,       5329,       5329,        1,  1382400, fd40879fe43d3bb676480ed57fe5c788
0,       5330,       5330,        1,  1382400, 6350e2612223d4c486ba08441b3d8ce5
0,       5331,       5331,        1,  1382400, 159500fe3531003c76f248dda4169bb9
0,       5332,       5332,        1,  1382400, 5a3f489a8255cd8171ac550eafb26511
0,       5333,       5333,        1,  1382400, bb3860014b9b91e40e939bc17d2c543c
0,       5334,       5334,        1,  1382400, ba8a46bd8420483bbc004d16f2e58426
0,       5335,       5335,        1,  1382400, 663f2560f4cfd73c1b6c467c595ce9cf
0,       5336,       5336,        1,  1382400, 0b6d5a5eff7bc98c550041bdba27ea22
0,       5337,       5337,        1,  1382400, 761de392d6166ee222a86dd712db783d
0,       5338,       5338,        1,  1382400, 4b78f9db412cd52e3bfb384ee389f30b
0,       5339,       5339,        1,  1382400, dcee5b4e92004786b6eaedc8d28c4a25
0,       5340,       5340,        1,  1382400, e8b836421d74faf3a9a9e5940d993050
0,       5341,       5341,        1,  1382400, d2e6e7e3f75b15eb7ddcc4e4fea43c22
0,       5342,       5342,        1,  1382400, d613df64f9fe11e42e97af1333d9c6d0
0,       5343,       5343,        1,  1382400, 71956b82e29cab8cabf22d62c6195a67
0,       5344,       5344,        1,  1382400, 3e298b7f4aba6ecae9750d3e5d284e23
0,       5345,       5345,        1,  1382400, 9012fd97100dbb0959d28a83b36f7516
0,       5346,       5346,        1,  1382400, 05fe31aa6b5adce53a1edd18282817a9
0,       5347,       5347,        1,  1382400, 2b317cd58338694bbacecf293c27202d
0,       5348,       5348,        1,  1382400, e58dcbf7f7e11883dc2f2b31e0a2cbcb
0,       5349,       5349,        1,  1382400, a9c58a0739b5bfe7b64e1b2ccc175128
0,       5350,       5350,        1,  1382400, cfaba84574166a4967b1d9d3f33e596d
0,       5351,       5351,        1,  1382400, ff2b356dd15513ab59c6fc01039aa6e4
0,       5352,       5352,        1,  1382400, 528ffa38f03b65f6b74a69fa7608d714
0,       5353,       5353,        1,  1382400, 5f71334f6a71c8411acdf459d8f19df9
0,       5354,       5354,        1,  1382400, e0ca97b89526fc30e4cbb75a35d9b696
0,       5355,       5355,        1,  1382400, 9e27294637cb65f7a2be1f1a5eb40a10
0,       5356,       5356,        1,  1382400, a8b08af7c6ad88511c036fe97bb08c0a
0,       5357,       5357,        1,  1382400, 6175ce24e5b4db705fea02ffcd552158
0,       5358,       5358,        1,  1382400, 3efd3e935f887289efc19274ee9ee3d6
0,       5359,       5359,        1,  1382400, 655325016a6484bc213daf168f3d34f8
0,       5360,       5360,        1,  1382400, 8eb444e92b35c06f176395f9389dfbe6
0,       5361,       5361,        1,  1382400, 3c7ba0e852cf4613c7a5c43f0c176421
0,       5362,       5362,        1,  1382400, db2cac94c73934048e1aa34213f508b6
0,       5363,       5363,        1,  1382400, a71bb00ba4187be39665216558d190ee
0,       5364,       5364,        1,  1382400, 5db05a10695175dee8db9bbeb8bd3dea
0,       5365,       5365,        1,  1382400, eb31363293f654ac147265637cf91a06
0,       5366,       5366,        1,  1382400, c7b003d55e43911b75709918ec8dff0c
0,       5367,       5367,        1,  1382400, 193b0d03f2f89bcb4e6c907911964dd2
0,       5368,       5368,        1,  1382400, 54e9df979b0c078d2daf260b1f55e60f
0,       5369,       5369,        1,  1382400, 2311933b52bab0c5134f911dc7299fa3
0,       5370,       5370,        1,  1382400, afe1df032a2475f7975558163c05aeda
0,       5371,       5371,        1,  1382400, 0e5f925ba6e78f17b201da2139891b63
0,       5372,       5372,        1,  1382400, d2c55d81835d0c1c2c4bcb10e8f4a2a2
0,       5373,       5373,        1,  1382400, 578210221494a9eb6eaabc07416dfb18
0,       5374,       5374,        1,  1382400, 79dc0a8c1548e9f8f06c1d5ce9937209
0,       5375,       5375,        1,  1382400, 28425558c812f940a8500cd8f15b8572
0,       5376,       5376,        1,  1382400, 139c978630ef13c4cca89d559435cb4f
0,       5377,       5377,        1,  1382400, 20a7d3c2e2edd6f585f91e362d58ee7d
0,       5378,       5378,        1,  1382400, 423ff41895f94b76e4ebe88f2dad2ab6
0,       5379,       5379,        1,  1382400, e79b2085248d696c3c807a838e11f80a
0,       5380,       5380,        1,  1382400, de71160dd4fb4cc12da9acf67f46ee84
0,       5381,       5381,        1,  1382400, 78bb9e2194d8ac105bfeb3a47908486e
0,       5382,       5382,        1,  1382400, ae48df261321cc4d705a4290f77d7c88
0,       5383,       5383,        1,  1382400, b0354b40a24ec19344a7b42224a228f8
0,       5384,       5384,        1,  1382400, c4aeaca6a932deeea9bb67dba17a6b8f
0,       5385,       5385,        1,  1382400, d51d8b096fe9be822068012d7605eb77
0,       5386,       5386,        1,  1382400, 6c52b142a5e45e9da5b325791a031aba
0,       5387,       5387,        1,  1382400, 9a277ea1e75f5af0efd400e71625602e
0,       5388,       5388,        1,  1382400, ce8093e46d3a2e91b7ea9ecd2ff60e97
0,       5389,       5389,        1,  1382400, 876e398c42326379e65b0107277ef260
0,       5390,       5390,        1,  1382400, f81f671d99f4d19388430d57b413ff43
0,       5391,       5391,        1,  1382400, 2d65645003f6c4ef0a74a08e1c901128
0,       5392,       5392,        1,  1382400, ddcc826fa047e2d3480dffa88c0daebc
0,       5393,       5393,        1,  1382400, b49750ca0509ca6b39aa31741d3fd102
0,       5394,       5394,        1,  1382400, 95f4bcff826fb1ba1cdfcd24abf8d253
0,       5395,       5395,        1,  1382400, 5e208d565639d7da6275e6a58519845a
0,       5396,       5396,        1,  1382400, a854d95bfcd2f473b29eb8116829c7b3
0,       5397,       5397,        1,  1382400, d9c8148fabdbc380309c73ed8d339a2e
0,       5398,       5398,        1,  1382400, 47a02ff3f4a87d40cda74fb15ebd05c8
0,       5399,       5399,        1,  1382400, c40e35b496f52d4eee5e7f0dbec864c7
0,       5400,       5400,        1,  1382400, 2ded69504a3440bef63758dad5ab628f
0,       5401,       5401,        1,  1382400, 39b9b63cbf8053dd6f027b4dfad5440a
0,       5402,       5402,        1,  1382400, 95b3187b0acda14947581e5a96b77474
0,       5403,       5403,        1,  1382400, 7bdbc81de00960216858904ffec131d3
0,       5404,       5404,        1,  1382400, ca43016269ce427bebc005a5a04f415c
0,       5405,       5405,        1,  1382400, 51b9744068da2a7454f72c814eb89dfa
0,       5406,       5406,        1,  1382400, 51225cbe1315b9a3f08245961a03ac33
0,       5407,       5407,        1,  1382400, adb6fc2729ceb2156455ed9f24e3ea46
0,       5408,       5408,        1,  1382400, 49fb97bd1cf9f481fb1e4ee3649021a3
0,       5409,       5409,        1,  1382400, e9a579a821e930248c032c6882c2d01e
0,       5410,       5410,        1,  1382400, e6983b0dee13d318e0a397af886957fe
0,       5411,       5411,        1,  1382400, a8aee8c97293d13356b5c4257d7a8455
0,       5412,       5412,        1,  1382400, 27e78a6aab8ffbc393b2c023cdb64f05
0,       5413,       5413,        1,  1382400, cb8287a5087d07d124a825432988c326
0,       5414,       5414,        1,  1382400, e35c87e2dab6aae5117ecacd72478ee1
0,       5415,       5415,        1,  1382400, a8ad1a7f9ac89ce7adee3ed315f104f8
0,       5416,       5416,        1,  1382400, d63a5ab0db317de025a124bbdc0559f4
0,       5417,       5417,        1,  1382400, 6826e34adf51c7400688a82ab01cb237
0,       5418,       5418,        1,  1382400, 4be2b0cc4f106892e2d89f5b2eb50836
0,       5419,       5419,        1,  1382400, d06badcd5b2e759087761a04456c6d51
0,       5420,       5420,        1,  1382400, 71d0d1c89b06dfb8950253d85067341a
0,       5421,       5421,        1,  1382400, eaa84d14c9f6b2db861c295388746207
0,       5422,       5422,        1,  1382400, d8f5ccfdb1588cf786c002832d210f83
0,       5423,       5423,        1,  1382400, efaec0f3c778c4ce7e5738ce2db20b5b
0,       5424,       5424,        1,  1382400, 014e0e1ee0934ec14df3094077a88c7f
0,       5425,       5425,        1,  1382400, a8d231f94a24fa79ce9b052254869b2a
0,       5426,       5426,        1,  1382400, 17aba01c1484e7c1a959baf450611dd8
0,       5427,       5427,        1,  1382400, d66f8b5c85449833ec6f90c0a452955c
0,       5428,       5428,        1,  1382400, fd598e0f97adf6bd383eb3940fcea21b
0,       5429,       5429,        1,  1382400, f30d61a75a9326454645c3b51508b9c9
0,       5430,       5430,        1,  1382400, a31b5da7d77f7fb2b83482b95b71219a
0,       5431,       5431,        1,  1382400, 3a11d646ed7ed38472563e02b6ba4315
0,       5432,       5432,        1,  1382400, 679bc9457b8906d85f5bf6a60950da63
0,       5433,       5433,        1,  1382400, 20552d70aeebe21fdb2e753613d87a3e
0,       5434,       5434,        1,  1382400, a74dbfec92fd2fa1dc73ad8dd2aa8f68
0,       5435,       5435,        1,  1382400, df9f4b025ce3f247a908f5a68247d303
0,       5436,       5436,        1,  1382400, 28b2760869b179a4fe57b129725f614b
0,       5437,       5437,        1,  1382400, b867e52d902a596339dfd253c2aacc77
0,       5438,       5438,        1,  1382400, a39e906a0d4a3b745f448c7d821e6e0b
0,       5439,       5439,        1,  1382400, 103cf47053d059513f8bec53289860be
0,       5440,       5440,        1,  1382400, 16089b7f9ca73329985c8ab925242a73
0,       5441,       5441,        1,  1382400, d96dd2033c92bd73945e79d2b20be0cb
0,       5442,       5442,        1,  1382400, 9db630b5127339c6c3bee2605fc3e0a3
0,       5443,       5443,        1,  1382400, 2bf9c693bfc872f83a3ba3859cfee7f8
0,       5444,       5444,        1,  1382400, c8ce776f8ac9eb848a10aa4db25d9aea
0,       5445,       5445,        1,  1382400, 16305350a4844fff731f961af1ea09fe
0,       5446,       5446,        1,  1382400, f2e49fa2786dbc8e1e2adfcdf47c42bb
0,       5447,       5447,        1,  1382400, 67d27d376df99c335d045b9723b3a93b
0,       5448,       5448,        1,  1382400, 8a91b111789972e185a372b6e7b9ee6d
0,       5449,       5449,        1,  1382400, b4dbc54b3340b21ca9b59832dd34c5e5
0,       5450,       5450,        1,  1382400, ba5760a3e2fed1033c4935e1622b97fa
0,       5451,       5451,        1,  1382400, bfdc9d1577c8d29bdb9b2cc6b6a69a88
0,       5452,       5452,        1,  1382400, 39380248657a6b003abf9ae52c5b8451
0,       5453,       5453,        1,  1382400, a536dffc16a53473e085a7a5cf68670e
0,       5454,       5454,        1,  1382400, 3862f1e6268a6305daeee1661e476f64
0,       5455,       5455,        1,  1382400, 9ed3db8c2e4c7e3fb87abda9182a0286
0,       5456,       5456,        1,  1382400, b9a6d3cf8463475a6a94a6475df91e45
0,       5457,       5457,        1,  1382400, f6c938c5d66f634f4244ec93e78fce1c
0,       5458,       5458,        1,  1382400, 93413c6e36eff5963aa9633696f1d7c1
0,       5459,       5459,        1,  1382400, 11554a15eeb237447abbd7ae6a9ddbeb
0,       5460,       5460,        1,  1382400, 73ea86e09422cbc7cb605bfd5ac6d9d7
0,       5461,       5461,        1,  1382400, 85b9e4bf7da2cd7311ee83745c2b2452
0,       5462,       5462,        1,  1382400, e2ab3779c0c34f6b3501265858a8ad19
0,       5463,       5463,        1,  1382400, 6003605095945301a7011630e621921b
0,       5464,       5464,        1,  1382400, 2d87f31f5cbf2c9b9b6de1ef1cb5ad50
0,       5465,       5465,        1,  1382400, 8c061d081f7d2ca8a757f55b3634720a
0,       5466,       5466,        1,  1382400, bf4c128f8624eb5ece206cc234459683
0,       5467,       5467,        1,  1382400, b24372cad11768ad883004e6dadf4340
0,       5468,       5468,        1,  1382400, f4ba97181964384726da9c81a9919dd3
0,       5469,       5469,        1,  1382400, cd2908f69b579df6694adb94724195a0
0,       5470,       5470,        1,  1382400, 6b5022b1f34cf613bb8f5c2b16e6fedf
0,       5471,       5471,        1,  1382400, bf113a3bb48ffc04d14c26a53be69ba9
0,       5472,       5472,        1,  1382400, 02bff31da8e12e5fc63842dbafefae6f
0,       5473,       5473,        1,  1382400, 83710dfb68578b0f4d68aa6469fca8eb
0,       5474,       5474,        1,  1382400, f338da60a8d0830ebcdfc5df02eaf810
0,       5475,       5475,        1,  1382400, 60a3be6f69f7941c071edd9791390baa
0,       5476,       5476,        1,  1382400, a15d0a17ee6596ffab804771b6b90465
0,       5477,       5477,        1,  1382400, e4e1ff32874a58f8ecc61f84520934bd
0,       5478,       5478,        1,  1382400, bdce5cb5b43f57bce765e0d14a07820f
0,       5479,       5479,        1,  1382400, d30d5f4fd4f0abc2fa2b2fe524afb6e4
0,       5480,       5480,        1,  1382400, 29831f33f9e01d890b69c7bf589a0d01
0,       5481,       5481,        1,  1382400, 4c850b17e2de2cb028389d72ef9bd358
0,       5482,       5482,        1,  1382400, fdef7778cee404ea79ff4e36071a0911
0,       5483,       5483,        1,  1382400, 7aa16a43f463a6b42f04d79ce1840d96
0,       5484,       5484,        1,  1382400, 80a91ae523466ce51d62ce4b085c1c7d
0,       5485,       5485,        1,  1382400, 3517ba29867b2f28dd4b634e452f4aa8
0,       5486,       5486,        1,  1382400, f8a69ca41c2ad1c80da9d1a3e5b7cd21
0,       5487,       5487,        1,  1382400, 6f774286c36506843364f85d731c9ba2
0,       5488,       5488,        1,  1382400, 4b6136755a957cb6b1ba473e8ff5366e
0,       5489,       5489,        1,  1382400, ef1ea2cd2912ba13428c5516634dec5b
0,       5490,       5490,        1,  1382400, fed6dfe3f6e9cc803a0b8e805040732f
0,       5491,       5491,        1,  1382400, 7e8695cb51e7602b797f87a68f7a7fe4
0,       5492,       5492,        1,  1382400, f9508af6deae36100ecd5a61637d5e8e
0,       5493,       5493,        1,  1382400, 644232b3c028d71b838bf814971d950a
0,       5494,       5494,        1,  1382400, b68da2df23897317aee40591e89a83a3
0,       5495,       5495,        1,  1382400, d44727b53460b295c37b8b719d88ca41
0,       5496,       5496,        1,  1382400, fe7ca7f31f805e2e9dde702a8fe3a265
0,       5497,       5497,        1,  1382400, 86847ec092d439bf709834ac6ede0b6c
0,       5498,       5498,        1,  1382400, 7cae43662cc69b76da702b69ec481304
0,       5499,       5499,        1,  1382400, 6ba08cc8bf5329c4a52e352e5983155a
0,       5500,       5500,        1,  1382400, 91993738ce753c2a80a98dbbdef2a456
0,       5501,       5501,        1,  1382400, 70f78305f2220d60688c7d741dbc2749
0,       5502,       5502,        1,  1382400, 1829c228128fdeddf4948d4a88c4603b
0,       5503,       5503,        1,  1382400, 2ded928e01c638eac578b57865cf3057
0,       5504,       5504,        1,  1382400, 4d45f04647c9ae3ab0e4ee72c3e4fec4
0,       5505,       5505,        1,  1382400, f6324aedb73de7aef2632073996b794d
0,       5506,       5506,        1,  1382400, 619163daf79e6de9b63627e1149b4d25
0,       5507,       5507,        1,  1382400, 74d55bd8cc549a0d04c0665e45116f24
0,       5508,       5508,        1,  1382400, d8c31e7a94dd04f687481e2ee87a51fc
0,       5509,       5509,        1,  1382400, bee2ce54d44887ba1e5ae2ca10da69bc
0,       5510,       5510,        1,  1382400, 1872226c3d23de026ce2f90568edce30
0,       5511,       5511,        1,  1382400, 1a1f8cb89d3297f26e50515210f709ca
0,       5512,       5512,        1,  1382400, 5b42f8dc5fb7074c8310e7c95db18265
0,       5513,       5513,        1,  1382400, 112f2f81f58378c96cfa070d8d5cda8a
0,       5514,       5514,        1,  1382400, bc58819cb57692085c28c90e188f86a0
0,       5515,       5515,        1,  1382400, c851d55728af83adb8601f013682436e
0,       5516,       5516,        1,  1382400, b14c3de3d0a651c4498a0c9b2ae96668
0,       5517,       5517,        1,  1382400, da5c763a8d6cefadb28a68e96cd082da
0,       5518,       5518,        1,  1382400, d6bba5c4695e2a8fc8f7d3436c726f64
0,       5519,       5519,        1,  1382400, 2318c9afa111150dad836203e7952509
0,       5520,       5520,        1,  1382400, b974fefabcf724fc44c2cf9614243ce9
0,       5521,       5521,        1,  1382400, 2c0de03c4db38234745cf7f20608656e
0,       5522,       5522,        1,  1382400, edb112b0ee24bc7797d633c35c8181a0
0,       5523,       5523,        1,  1382400, 8762dfd4e7524f2b7519b6eae05a3200
0,       5524,       5524,        1,  1382400, a573b31cf329ac5e38a0c2272c7af996
0,       5525,       5525,        1,  1382400, 5b60f261fd9549a14b22b4c455e1afa2
0,       5526,       5526,        1,  1382400, c3e0054358eb9b19ec0c9495de84db07
0,       5527,       5527,        1,  1382400, c3d42a586aa7a82b56ee3f9733ca7063
0,       5528,       5528,        1,  1382400, c0f690a65ea3b0a33ea959439f342250
0,       5529,       5529,        1,  1382400, 5debefa0235d1979600d64eb3ee25aca
0,       5530,       5530,        1,  1382400, 39c841fc7334515009ec3951677a5824
0,       5531,       5531,        1,  1382400, 9c1841c5f5befb13ab64744e1bdc6a23
0,       5532,       5532,        1,  1382400, 157c9cfbd80719125b5531a3920cbf8c
0,       5533,       5533,        1,  1382400, a2281529a8e4b10b4d08d794617cd30d
0,       5534,       5534,        1,  1382400, 7b01ec735715f0ab50dc426bba44884a
0,       5535,       5535,        1,  1382400, ad4feb5713615e541242863752221073
0,       5536,       5536,        1,  1382400, 659d23067b1d7dedd5828d2804008444
0,       5537,       5537,        1,  1382400, 6522ec183860b5b4cc08767835826dc7
0,       5538,       5538,        1,  1382400, 0fa8323712d3bb40f9f1fd8cd08afccd
0,       5539,       5539,        1,  1382400, 27859235d076287bc88486831d510c9f
0,       5540,       5540,        1,  1382400, 9b117e7bbcd8d842f6bcb7013d036bac
0,       5541,       5541,        1,  1382400, 4fb8c4d214cf307dd26f8304552f0344
0,       5542,       5542,        1,  1382400, dfcd3b704b6ca6d9883eb002e91ad4b4
0,       5543,       5543,        1,  1382400, 215cb7bd2d536e82d2d58d44824076d2
0,       5544,       5544,        1,  1382400, 692b02e14b6935149899f2ec8cadd559
0,       5545,       5545,        1,  1382400, 551bc90aef0171b4a5c022113335c4a1
0,       5546,       5546,        1,  1382400, cb63ec54d6705d4708db5e4ddf99eb7d
0,       5547,       5547,        1,  1382400, bb3acd1f997693099f6729f7f09f771e
0,       5548,       5548,        1,  1382400, 0bdb0d3c8a20bdb676937d091e6b73ae
0,       5549,       5549,        1,  1382400, cf2fcb23d9fdd8aae74df9f2073503cc
0,       5550,       5550,        1,  1382400, 61f36d01282eab3770726d95e6a4159c
0,       5551,       5551,        1,  1382400, 1de6c3485f2c8c372d66b24df35d6143
0,       5552,       5552,        1,  1382400, ae3e961e4748ee4e71378f47492dff36
0,       5553,       5553,        1,  1382400, afd5db7ed063592a12eecf4fd6fd9995
0,       5554,       5554,        1,  1382400, 17695c35a8a27a27f1b71b2e1efcc5e8
0,       5555,       5555,        1,  1382400, e3adf1aa05badf8669a5378b54f1e7a5
0,       5556,       5556,        1,  1382400, 6b38bb8dfd39a58cae241d1a55ffef43
0,       5557,       5557,        1,  1382400, 5635cd70f753abd5f3ce0b2c77cf4802
0,       5558,       5558,        1,  1382400, 5843bad35366c500cecd450dd2697630
0,       5559,       5559,        1,  1382400, fa795c0bcb87c56927df6c879ec794b1
0,       5560,       5560,        1,  1382400, 65c626a0c773a29b9d38d0dc6fc83065
0,       5561,       5561,        1,  1382400, 8c74e41076e79bdb11b603767e6cceca
0,       5562,       5562,        1,  1382400, 32be2b5b76376cee5fdb135caffb255f
0,       5563,       5563,        1,  1382400, cf4859cd20f3bfafbd72b5f8dc7f9753
0,       5564,       5564,        1,  1382400, 83d06ac7ed1574947a5fc45208fcd76e
0,       5565,       5565,        1,  1382400, 2cdf1feee49cd85256556dc7bbc210bb
0,       5566,       5566,        1,  1382400, c4df1a5a6ffc7f099af84f3fafcbfc7b
0,       5567,       5567,        1,  1382400, 71dc8ea7f51ce3f974b299a4ad92b12a
0,       5568,       5568,        1,  1382400, b11a749eaa13e7553249e99ef4aa0be8
0,       5569,       5569,        1,  1382400, 0aa865b3853e6dc4fe7a2ecceabc81fe
0,       5570,       5570,        1,  1382400, e73d430ae02b50ee7c34d1cd54c8a0f6
0,       5571,       5571,        1,  1382400, ad4b852ebd3d74d7dbc09d35105ad1f2
0,       5572,       5572,        1,  1382400, 88ba036a2d045e5fb7b7f25ebc050b7e
0,       5573,       5573,        1,  1382400, c66e3b27ed8c80c805cace434175bce7
0,       5574,       5574,        1,  1382400, 68b6d8a257961801be5c73b76cf8c997
0,       5575,       5575,        1,  1382400, d9a23ac7d044e8b9b3757c69a12bf01f
0,       5576,       5576,        1,  1382400, 1ee7f1be70281270c287dc2347cb8cab
0,       5577,       5577,        1,  1382400, 6c584e07b5984f8092c7d49b6720b46c
0,       5578,       5578,        1,  1382400, 66cbe26538351a8edea57fd17e76f007
0,       5579,       5579,        1,  1382400, 4f1aea84527ea806db4e48d3dfad8e68
0,       5580,       5580,        1,  1382400, 11d7cc9ae8882747fa7e209c8fbfec2e
0,       5581,       5581,        1,  1382400, 09aa4b322ccfa2060283acd8b43f4b0e
0,       5582,       5582,        1,  1382400, 32746d11dbedfbca0356bc3a93c89d26
0,       5583,       5583,        1,  1382400, 19a5f4deeb838e28d4601c1e4a975758
0,       5584,       5584,        1,  1382400, 2deef1bd55bc5228777ff26f5eefdda2
0,       5585,       5585,        1,  1382400, 9eb06331eadb8c06e8dd0b09c81de41b
0,       5586,       5586,        1,  1382400, 65a03e2ee2c82ae8fa4878c6bd6501b1
0,       5587,       5587,        1,  1382400, cff0b37eb6e247a1ba536bfecf50967d
0,       5588,       5588,        1,  1382400, 995a54917f350dbdfd89cce2112cf34a
0,       5589,       5589,        1,  1382400, 9aeda59569136a7d3ea958a4d408eb33
0,       5590,       5590,        1,  1382400, 330692b1f62383f6272405bce1162c7a
0,       5591,       5591,        1,  1382400, 42ed9e610ccb41f5df3f56c020049879
0,       5592,       5592,        1,  1382400, 26ca1e987caa96e5e7038287c3d0afad
0,       5593,       5593,        1,  1382400, 913e6032d64fd63d4cd41ced43363ef4
0,       5594,       5594,        1,  1382400, 0b9bbeaa85ddf11e624c239d7c0b3035
0,       5595,       5595,        1,  1382400, 10a394060e943a197250fec03de76475
0,       5596,       5596,        1,  1382400, 83e462f81e799689a7cd750a59deec43
0,       5597,       5597,        1,  1382400, 0eee77476a03481de01623455317c90e
0,       5598,       5598,        1,  1382400, b30194488406c9dfdbb8a8d86c028e8c
0,       5599,       5599,        1,  1382400, cc1dddbe1222aac1f7fc05391e3a6785
0,       5600,       5600,        1,  1382400, 579aba05a0197636a8870d901fbdd8dd
0,       5601,       5601,        1,  1382400, 184005edc9b039f0d7f88d99d5780e36
0,       5602,       5602,        1,  1382400, e8ea4e81058fc38af658592153447ab1
0,       5603,       5603,        1,  1382400, 22958ba048edfe1052c6f3e39ab3b443
0,       5604,       5604,        1,  1382400, 9a7697e9ab0f090a4d72b0d31adf10a9
0,       5605,       5605,        1,  1382400, 8940e9b23e150f54cccd34364fe73bc0
0,       5606,       5606,        1,  1382400, 533d851a66ad333699745c265dfbff4f
0,       5607,       5607,        1,  1382400, 19e367236bc858990ab82c884480b134
0,       5608,       5608,        1,  1382400, c2cda9c60c77ff0326dc204f49bd2f99
0,       5609,       5609,        1,  1382400, c4e5fca27a31b2cbf1acba043fa9225c
0,       5610,       5610,        1,  1382400, 755a0bdae8a106fed1dabc1cc4d66198
0,       5611,       5611,        1,  1382400, 0f9da708eaa917b05b24f1e5c3141fbf
0,       5612,       5612,        1,  1382400, 1c6834d5ce71769ce02f23efd3c52eaf
0,       5613,       5613,        1,  1382400, c9642e22a2664fbe008f25b1eafd38c0
0,       5614,       5614,        1,  1382400, fc238baa4e4bf1bd6457b40ed5809156
0,       5615,       5615,        1,  1382400, b480d97a7837d1a2bac3e58f222d2622
0,       5616,       5616,        1,  1382400, 80251a98e4861db9e511a431e64767da
0,       5617,       5617,        1,  1382400, dc8c620c4de49abbb5c73e9af3b153c4
0,       5618,       5618,        1,  1382400, 69aee4b0d22e86b366280d0e0447aad4
0,       5619,       5619,        1,  1382400, cd7f7c5b660010d70dd947e69642e3b7
0,       5620,       5620,        1,  1382400, c4a16e02e346054f1e5221215b67fd13
0,       5621,       5621,        1,  1382400, 99eba20b89594141f8487d19a3c76ad6
0,       5622,       5622,        1,  1382400, b6eac7ee2ca2a49175bb82010c947aa7
0,       5623,       5623,        1,  1382400, 09f66092333107b2aaae20a7089858a7
0,       5624,       5624,        1,  1382400, d6259bf0ebf6d4cb1ae3cda692084a1b
0,       5625,       5625,        1,  1382400, f60c332d918f308d693f3b34ab06ab95
0,       5626,       5626,        1,  1382400, bfbd7107fbc92c71c83671f3a4783f6e
0,       5627,       5627,        1,  1382400, 017ea4feb441e58cbfdf6c820c896311
0,       5628,       5628,        1,  1382400, 0fd7649782f8f3478a5b5ff105435ee1
0,       5629,       5629,        1,  1382400, cc469efc1640e9ebc373dfab3f667fa2
0,       5630,       5630,        1,  1382400, 94fa2cbebbeb867de93b53252a72c125
0,       5631,       5631,        1,  1382400, f496362316c265c1c834154cda44a1e4
0,       5632,       5632,        1,  1382400, ff9b22ecc9307635af12a535c13664c9
0,       5633,       5633,        1,  1382400, 125531f00fbe7253f872aeb880ee71b0
0,       5634,       5634,        1,  1382400, 6de97ba2ccfdd4a31eb3e4ea22a552da
0,       5635,       5635,        1,  1382400, afe3f90695b2afb0042c31b2c7d2ae9a
0,       5636,       5636,        1,  1382400, 91c2ebaf771f75ed8c0dfbe6f51b398c
0,       5637,       5637,        1,  1382400, 427fd64c6f54dbd0188c9a30adb2e37a
0,       5638,       5638,        1,  1382400, e361e9c7a03a5dcb99b45db4708a9fb5
0,       5639,       5639,        1,  1382400, a29f180f66fc18e5f9f28f92c1be1c6a
0,       5640,       5640,        1,  1382400, 9d9bf4a3ca95a1927ffc3b546e491fd5
0,       5641,       5641,        1,  1382400, 3c7a4a106b2d444c9e7a730701276b94
0,       5642,       5642,        1,  1382400, a9f3dbb97f3ac08bd6bdb58eec93f443
0,       5643,       5643,        1,  1382400, 4f704521c5345a85666b84cf56f9a81f
0,       5644,       5644,        1,  1382400, 576a23b3b9167558a49d100a73297242
0,       5645,       5645,        1,  1382400, f23b49c9acf59a08bf9b0ec0fdbf8ceb
0,       5646,       5646,        1,  1382400, 8212203d3e1a3d8a815d496b28fd21e1
0,       5647,       5647,        1,  1382400, 86d38f42df51aada61b46d8740147671
0,       5648,       5648,        1,  1382400, 984a9fb3d4e421ee048367c0d45df4a5
0,       5649,       5649,        1,  1382400, 9d0ab17dc42f6e153caf585351ab3c6c
0,       5650,       5650,        1,  1382400, 8c7eb2be9391ea381361d3586e65668c
0,       5651,       5651,        1,  1382400, 25e096044952b873497e059453be6a29
0,       5652,       5652,        1,  1382400, 9e372fad56ad68564a730a678b948b80
0,       5653,       5653,        1,  1382400, bdb79d9454d53ca884ebd4aa0f920675
0,       5654,       5654,        1,  1382400, 6d318afa2cbf9a8379b6b58edc4aeaa5
0,       5655,       5655,        1,  1382400, b9575910b9779e18b62a2fe0f0484750
0,       5656,       5656,        1,  1382400, 7197ebb774ac4d601bfe5b807173a5cc
0,       5657,       5657,        1,  1382400, 9dbd433967ddb1839e8f13724e2007c9
0,       5658,       5658,        1,  1382400, da30b185a5072a5da2be59bb964baf3c
0,       5659,       5659,        1,  1382400, 49af34fb680092f15f49f667f592aefd
0,       5660,       5660,        1,  1382400, 46dcc41ad114c9a8ca9454cb0a371c54
0,       5661,       5661,        1,  1382400, 81826631574cb5ed7dc36d039eeca330
0,       5662,       5662,        1,  1382400, 2c27d16b12551a18014206295e4ee24c
0,       5663,       5663,        1,  1382400, 2dde1f351cb7f6306caf180f13f95652
0,       5664,       5664,        1,  1382400, 09ffca290d02a5f90214a8c03c7ce81c
0,       5665,       5665,        1,  1382400, 799e2e25501c039c4148f85cc015be25
0,       5666,       5666,        1,  1382400, b189420ff0b10c4e5b5f963f7793a706
0,       5667,       5667,        1,  1382400, 88fe04511566599c7582687ecf10cd76
0,       5668,       5668,        1,  1382400, 0d8bf28d0b78c84e62814f43a13f084d
0,       5669,       5669,        1,  1382400, a49c0fbd35c8077257d4d61db49518ee
0,       5670,       5670,        1,  1382400, e34c46c5f30b706bc6a7249f8190329e
0,       5671,       5671,        1,  1382400, f22d659fac32a3c2e8fa688519403ee3
0,       5672,       5672,        1,  1382400, b1b49788ebffe0afb73a7b209880863c
0,       5673,       5673,        1,  1382400, e30ab3b0ba2d8c9a8c0ab67039304c24
0,       5674,       5674,        1,  1382400, 832b141b85a494f73ebcaf2a363cbbb3
0,       5675,       5675,        1,  1382400, ee7d089e1a12389eff345c6f74cd4aa7
0,       5676,       5676,        1,  1382400, 44ce3b941ee5aa4840b051aff6431d51
0,       5677,       5677,        1,  1382400, c9f1b9382b30b7b5fa9701280470b26b
0,       5678,       5678,        1,  1382400, e67ff1ca4476ecde6a4137640845f4dd
0,       5679,       5679,        1,  1382400, 929064374b9deaa85186db83b9dadec6
0,       5680,       5680,        1,  1382400, ffb326a551fc6349ba5dbc5c4686c62b
0,       5681,       5681,        1,  1382400, e4660f12e643104879d75392dab8a2b7
0,       5682,       5682,        1,  1382400, ddb341fc7ce208c00ceea355ce8efac2
0,       5683,       5683,        1,  1382400, 0d70d909cee9ce3e45ff65feca2c987b
0,       5684,       5684,        1,  1382400, a0e04255de07254eef885ea6acd01061
0,       5685,       5685,        1,  1382400, 768dc03170c8e0c0866f47211ed5d076
0,       5686,       5686,        1,  1382400, c00ef2370ba63e0111abc64cbf6074ec
0,       5687,       5687,        1,  1382400, b1fd2dfb401605a90b0fc9faee9a684c
0,       5688,       5688,        1,  1382400, 73f1954a193346bd554e95724aa65f22
0,       5689,       5689,        1,  1382400, 74ec158b669040df5cc3bc77ddd98572
0,       5690,       5690,        1,  1382400, 4bda8e86e2d387c73a9141bcb68e7615
0,       5691,       5691,        1,  1382400, d181ebabc14b9ecb234c915f0648eed7
0,       5692,       5692,        1,  1382400, 25c3c7b70cd75ca4c8fad6818f6e4c3e
0,       5693,       5693,        1,  1382400, db67ab7f088624e5e77114e675b02992
0,       5694,       5694,        1,  1382400, 116214b51893e77faeaaa032d0ac71f7
0,       5695,       5695,        1,  1382400, cf9a35cf485e260d7b03a98928e3af6b
0,       5696,       5696,        1,  1382400, d1941e38ba15ed64e25fda9b7cb47649
0,       5697,       5697,        1,  1382400, 1bd852c13c261eec61bed1cd96f13d5e
0,       5698,       5698,        1,  1382400, d2e69e70384319b34fb6d05823c5512a
0,       5699,       5699,        1,  1382400, 10ad697ef11d25a4ad6c46812a51c6cf
0,       5700,       5700,        1,  1382400, 3b47e727a1cf6cd35fd10f44234af89a
0,       5701,       5701,        1,  1382400, 77e27c653a20aa78660ac57b9e8002b6
0,       5702,       5702,        1,  1382400, 453804a6db5f59c0cd6906bee28bf243
0,       5703,       5703,        1,  1382400, bca898a2f10668554b210efb527c09e7
0,       5704,       5704,        1,  1382400, 22daf6c3872d2aa139ef941cd9ce0149
0,       5705,       5705,        1,  1382400, 61b85ced1a8a801c45451dbfebf52527
0,       5706,       5706,        1,  1382400, e0524531835251e6a0f10b3eda0df8f8
0,       5707,       5707,        1,  1382400, 5490f4f450d55e1cea3404ffebcdf029
0,       5708,       5708,        1,  1382400, 2c41497d4dbfbdf2a516d06676dc53b9
0,       5709,       5709,        1,  1382400, 096bdd52c83ea90c47d837b25256d152
0,       5710,       5710,        1,  1382400, 0604f9701821ac29720ec8c3f3ae2eaa
0,       5711,       5711,        1,  1382400, 0f3ae0933a35fbdf45319f587c602593
0,       5712,       5712,        1,  1382400, 051451a02f3a324cf61a6e525e279089
0,       5713,       5713,        1,  1382400, cf0ea64cf4c7876689ee49d3113e3432
0,       5714,       5714,        1,  1382400, d22efe384a3be265e943834692c04997
0,       5715,       5715,        1,  1382400, cb761c119232c5960a9e8a507ec9f2a2
0,       5716,       5716,        1,  1382400, c0cba95c3a7147e5aa3a486ecc0232c0
0,       5717,       5717,        1,  1382400, 51188d0d9863a310f2407fc1ef1a584c
0,       5718,       5718,        1,  1382400, 18185ed487b6ea2337e76dd1b5425ab6
0,       5719,       5719,        1,  1382400, 70965858db10d8a6952f5a9b084ff526
0,       5720,       5720,        1,  1382400, 98256ec76f266025d3c84b41ba723a5b
0,       5721,       5721,        1,  1382400, 9a0a3cb9548f756aaf25b0f82654ff2f
0,       5722,       5722,        1,  1382400, 9d2a511dfce99874c8585d4f729d07d9
0,       5723,       5723,        1,  1382400, b584707681de95233dc7d8e3ba23da18
0,       5724,       5724,        1,  1382400, 3d923f62e9cf1d130dc725ab25fcf8fb
0,       5725,       5725,        1,  1382400, 11678ee84eff9bff5aeb99aa371c8a0c
0,       5726,       5726,        1,  1382400, b142371a633ae84d7b2bdbcb3ab4d59d
0,       5727,       5727,        1,  1382400, 201858896609d22a4edb871198edce2d
0,       5728,       5728,        1,  1382400, caf474c9a90b6ba095cf82f81ac6d85e
0,       5729,       5729,        1,  1382400, a20633e8387fcb8751e3a470a4489c2a
0,       5730,       5730,        1,  1382400, ec1de3b817cb6652f99f64c74fdcb462
0,       5731,       5731,        1,  1382400, e1edaf3b0463c31265c0ef17baca2698
0,       5732,       5732,        1,  1382400, dd0bad870221d1ddb2ecfa19a3c8bb94
0,       5733,       5733,        1,  1382400, 32bf135a9e85b118a8814d805eb255b4
0,       5734,       5734,        1,  1382400, 5c70186b3db62435a6300ef43f491165
0,       5735,       5735,        1,  1382400, 6abba03908206fb92834eaeaab8d25db
0,       5736,       5736,        1,  1382400, b12224ce0848251ef74593f902448d7e
0,       5737,       5737,        1,  1382400, 90bd854ac4fd9ef776f366db1d1156e0
0,       5738,       5738,        1,  1382400, c4fe585e0d2f1353a09e0cbb5725cbe4
0,       5739,       5739,        1,  1382400, 18b321c628337ff1f4c948249c8269d1
0,       5740,       5740,        1,  1382400, 4572869671fe821833a379b091bf7b5f
0,       5741,       5741,        1,  1382400, ac3b69e7f611431aed0a9b9928cc1fd1
0,       5742,       5742,        1,  1382400, 077d0fdea4bcfd6214a93ab253b76951
0,       5743,       5743,        1,  1382400, 693d6d675e997d6e28a604a46b90d360
0,       5744,       5744,        1,  1382400, 304ec2f8e2656cc6d51341ad073cb3f6
0,       5745,       5745,        1,  1382400, 8c1c36ac5bf815e1b94c720b1f71efef
0,       5746,       5746,        1,  1382400, 4801ac714137cb30adae196886ced961
0,       5747,       5747,        1,  1382400, 75b6a4391ec37df5fd6e5df3b1802baf
0,       5748,       5748,        1,  1382400, 13e5753f7d7b01e7f61becb69e589c4d
0,       5749,       5749,        1,  1382400, 424880ceabd04d016c66a5d42e2a3d99
0,       5750,       5750,        1,  1382400, ab572582bf5215f50fe239cdc8d62932
0,       5751,       5751,        1,  1382400, deb194674d363347601740609be87d99
0,       5752,       5752,        1,  1382400, 34634961ccbed65d0789a7b95f0dfff5
0,       5753,       5753,        1,  1382400, 68d3377aaedfc0cf09319bc161141e2b
0,       5754,       5754,        1,  1382400, 7dc5379a4fed5392973a120821c36e83
0,       5755,       5755,        1,  1382400, 0e33a52ce6d14b3d19acf4269a4c122e
0,       5756,       5756,        1,  1382400, 66128c1bb15db426fa5ddfeec17e8261
0,       5757,       5757,        1,  1382400, 50b4b59267f169dc62cb1c80f162831d
0,       5758,       5758,        1,  1382400, 722d3697a143f83394a79a5de84d0d84
0,       5759,       5759,        1,  1382400, bec4f34c4487d2b783e1ba139c1ec724
0,       5760,       5760,        1,  1382400, b9107c308de3bc180573c2ec317e6b90
0,       5761,       5761,        1,  1382400, 4b995dc1813a13b2f37233be99c2e517
0,       5762,       5762,        1,  1382400, 6e492e3ae6e9c8ce5946e4d328a63603
0,       5763,       5763,        1,  1382400, e9d568ccac24049df6b620a755b8e565
0,       5764,       5764,        1,  1382400, 222a61da644646cfb0026d6005de4a49
0,       5765,       5765,        1,  1382400, 49069f8f9f83b3e82b1183d5a3a9ca88
0,       5766,       5766,        1,  1382400, 0715dbcbcc360af16f1ee1f77c38bd24
0,       5767,       5767,        1,  1382400, f3d40b16317cf12e67a19ed5a3e850ef
0,       5768,       5768,        1,  1382400, 3af43b01007f632acb21a5c02c776289
0,       5769,       5769,        1,  1382400, 05f50a7225f0ca483ba2e996af60e445
0,       5770,       5770,        1,  1382400, a85e062c31c3c0f6a4229670c96c8018
0,       5771,       5771,        1,  1382400, 31d623b4dccc48cf759912a3565de00c
0,       5772,       5772,        1,  1382400, f57934ac0ce99e85051cee8eef203814
0,       5773,       5773,        1,  1382400, 70f560899f15cb8f96dc81517246e587
0,       5774,       5774,        1,  1382400, c7e250d910731fb4ae58f18517b0fb52
0,       5775,       5775,        1,  1382400, 718a5b684bd3f90613f5cc774e3e88a0
0,       5776,       5776,        1,  1382400, 7e29c5b54d8848cc1c96d8f7572a9e1c
0,       5777,       5777,        1,  1382400, 22acbd7f03c0ffa02e278592bf157f9f
0,       5778,       5778,        1,  1382400, abdbbdfa917c3723e94468afd5d4b16c
0,       5779,       5779,        1,  1382400, ce838078ce2faf9ad1197ece382d3942
0,       5780,       5780,        1,  1382400, d076d1eacf78bd7d1e65adcb342b0d15
0,       5781,       5781,        1,  1382400, 30e3dc44ace16135e77e31fe8670b75f
0,       5782,       5782,        1,  1382400, 858e116cc8171db5a7ee9320a68ba9ce
0,       5783,       5783,        1,  1382400, 2b12896b73cad74672b31da4ec5af770
0,       5784,       5784,        1,  1382400, 5683d77e84e37c60407b7b00d0d82a53
0,       5785,       5785,        1,  1382400, 68733dc79eb31e0ba0eea3af6c955626
0,       5786,       5786,        1,  1382400, c05325d16e73b68956f06ad89a381050
0,       5787,       5787,        1,  1382400, 5d1c5e8c8a853cd1aac02b885085448f
0,       5788,       5788,        1,  1382400, 9230c3112cca3da139feb446bc78e41d
0,       5789,       5789,        1,  1382400, bb2720a9244dddf6876912d13349d6b8
0,       5790,       5790,        1,  1382400, 78fe72d01aea3f61fa255151b81b2f16
0,       5791,       5791,        1,  1382400, 736ce2e16aed154d6f140e8bba9f4c50
0,       5792,       5792,        1,  1382400, 5fa124ea1b89ff8825e0aba4fe844772
0,       5793,       5793,        1,  1382400, f66a22261ac0ac32b32a6c067bdda4d6
0,       5794,       5794,        1,  1382400, 1cc2e7c742c7db413a665120af99a7c5
0,       5795,       5795,        1,  1382400, 3977f2396d01e6c5ca3aafcda0c4004f
0,       5796,       5796,        1,  1382400, 6f4de6bec579789ea2467b1641341495
0,       5797,       5797,        1,  1382400, 22d0ae238f74737d75aa7175d31fd8be
0,       5798,       5798,        1,  1382400, ffc8fcf9b836aa7a08473ace5bf14eb2
0,       5799,       5799,        1,  1382400, fccb07a3eba88445550bb629086090d4
0,       5800,       5800,        1,  1382400, 03749f96c6520420a259c73c6dd139c7
0,       5801,       5801,        1,  1382400, 39466be3b204ca7c345576a5fa2c4c47
0,       5802,       5802,        1,  1382400, b8444bfc879501493e26e952bd85fddd
0,       5803,       5803,        1,  1382400, 2d7a5be5e3263c58d1b70e37d72a9b5f
0,       5804,       5804,        1,  1382400, 0cdd4cb77f37422bc30ff2f7ce5d4d56
0,       5805,       5805,        1,  1382400, 6e4f41dfe3665f9f62c20998cfecf0e0
0,       5806,       5806,        1,  1382400, 730aba9672ad630a5caa146090adb3dc
0,       5807,       5807,        1,  1382400, 33824e34358bc48ce376b46cbe64db62
0,       5808,       5808,        1,  1382400, dcd0d10cf72dbe8effc99bc3ab757237
0,       5809,       5809,        1,  1382400, 2f98b6ac5bb22e96e85a99dd715cb555
0,       5810,       5810,        1,  1382400, 8e51b07c98e4abfdf479ee5d30c31cc5
0,       5811,       5811,        1,  1382400, 2cbc7cf356fedcfadee0acdbfa10c544
0,       5812,       5812,        1,  1382400, d846a2fc48aabab66fcf6332f54028fd
0,       5813,       5813,        1,  1382400, 45728ac20b8fc7b742750823058306b4
0,       5814,       5814,        1,  1382400, 9215a248e2951cc924243539df93ff32
0,       5815,       5815,        1,  1382400, 3611aa191d48a3dcb668a7e9c51a0463
0,       5816,       5816,        1,  1382400, 32a08735879b1a25b03efe694282dc4b
0,       5817,       5817,        1,  1382400, 3f851aca1b6e2d10493cf8ec7144dc64
0,       5818,       5818,        1,  1382400, b00e6eed6795fbd59f9b0d2652393df8
0,       5819,       5819,        1,  1382400, fbf7d227721602db49baa65a2f9c07c4
0,       5820,       5820,        1,  1382400, fe55c893ab1a851db402184495b0c4d8
0,       5821,       5821,        1,  1382400, f0a3d1d2305ff9b9d4931390e2af6f3d
0,       5822,       5822,        1,  1382400, a1321db0777e74968e7a6f35d9533b13
0,       5823,       5823,        1,  1382400, 78cd47f509fd3748322d159b0929db96
0,       5824,       5824,        1,  1382400, 00c8c5b8d243cce79162c83bc1c09cdd
0,       5825,       5825,        1,  1382400, 69c57b30b3c4fcf1feb09609569798f1
0,       5826,       5826,        1,  1382400, 0dffa580758243809a92f40e69cdb94a
0,       5827,       5827,        1,  1382400, 1c85804b1d8e546edeb0c989ab8e2a75
0,       5828,       5828,        1,  1382400, 3f5e77e3ebf0456809eef0dee96d427e
0,       5829,       5829,        1,  1382400, 7e43f0f44202f08233d0a36eabd800a0
0,       5830,       5830,        1,  1382400, 524d88f372a3f707d1bc537c50ff9bc3
0,       5831,       5831,        1,  1382400, 61a9a4ce183108f68635be266e45483f
0,       5832,       5832,        1,  1382400, e104dbc29880d1b8e84c4506af55621b
0,       5833,       5833,        1,  1382400, 925ddd9ad5c77d48e52eb3c33661ac74
0,       5834,       5834,        1,  1382400, 3cef4b4c2bde3262e06c7a1499947e5e
0,       5835,       5835,        1,  1382400, ad5451055bb60efc64d41123f33bf694
0,       5836,       5836,        1,  1382400, e12b1c800868f9e8f716e2469684e778
0,       5837,       5837,        1,  1382400, a82457ed6d7ac9716fb4c78d82a4e86c
0,       5838,       5838,        1,  1382400, b430208f868218fab8a8df2a1bfbc8b2
0,       5839,       5839,        1,  1382400, 9b8d60e9aee6f39dfb23ed938b256e66
0,       5840,       5840,        1,  1382400, 4c0f9974ea4984bfd074fcc0f4cae59c
0,       5841,       5841,        1,  1382400, 219ef39e0a8e39b578ebd3c7941e18b0
0,       5842,       5842,        1,  1382400, 77ef4a7d6f7741820fcedcaf6b746195
0,       5843,       5843,        1,  1382400, 13a39f511d5affa820d0801aeba399df
0,       5844,       5844,        1,  1382400, 2c65fd4ac06d05231ecc060113334e9d
0,       5845,       5845,        1,  1382400, 64aa0d7c8728d5d96c92debd30aeabcd
0,       5846,       5846,        1,  1382400, 4166bde6fd2960a38a703c405d7ed373
0,       5847,       5847,        1,  1382400, 601f1c1ab2ad84b9a0a5dc1e00860f5a
0,       5848,       5848,        1,  1382400, d697dbbd4a424d232f827e83e7ddfd93
0,       5849,       5849,        1,  1382400, d7b5f493a54c79b81126f354d67db4fc
0,       5850,       5850,        1,  1382400, a4d9eb4dab59abdc373b5d81967401c7
0,       5851,       5851,        1,  1382400, a6d1ca4854b47817fc638a498bae08bd
0,       5852,       5852,        1,  1382400, c8826ccbc969d689fcf2941416627e24
0,       5853,       5853,        1,  1382400, a979cacec240cf00331c02b7c395db06
0,       5854,       5854,        1,  1382400, 55b69cb88ec7b450d1ef2fe38f108dd7
0,       5855,       5855,        1,  1382400, 85ee1c65a4561415958d50ea67ad3e7d
0,       5856,       5856,        1,  1382400, 59b6f55971aa4c82f0ca5430c5be81b4
0,       5857,       5857,        1,  1382400, ff5b50f4f7898277bcbf6b109afeea68
0,       5858,       5858,        1,  1382400, 8a5842ab137172b132c0bd06fc303e2f
0,       5859,       5859,        1,  1382400, b3369defec6b5eb4238a827d46dd51c9
0,       5860,       5860,        1,  1382400, 70e987c7f138f087f2ae960a589788fd
0,       5861,       5861,        1,  1382400, 9befd8b744b633c635188b9286bf3bea
0,       5862,       5862,        1,  1382400, 44cf42c0c3f6f5350927cb91a334a8dd
0,       5863,       5863,        1,  1382400, 43cc5adb5b18dc525591199322ade362
0,       5864,       5864,        1,  1382400, 4305e2c5d0a32d7939dedd8aa306d086
0,       5865,       5865,        1,  1382400, e4236da285b8bf04763da9141d83d8d0
0,       5866,       5866,        1,  1382400, a584a6d75bb3eb83bb0f87ee8c6fd6ae
0,       5867,       5867,        1,  1382400, ad07df28b9a0b4915b4df755017107b3
0,       5868,       5868,        1,  1382400, 2c7fe1340651a8222818f437b23ac361
0,       5869,       5869,        1,  1382400, 8484f90898e2ad0cdbe378eb63c60afd
0,       5870,       5870,        1,  1382400, ce3380d3980540708e7ef10b8bca8a9e
0,       5871,       5871,        1,  1382400, 6e914154c8371c9ddf6cd30333f615b4
0,       5872,       5872,        1,  1382400, 2ac89b8fcd6f43c988c9c2e8f66ed5c0
0,       5873,       5873,        1,  1382400, aa9fd4585f879fc89e5e3331e9c74d73
0,       5874,       5874,        1,  1382400, a12863bf2e9de21bb81ffcebeeda5d9d
0,       5875,       5875,        1,  1382400, 5e3253bd366f538613283d58dcdc655e
0,       5876,       5876,        1,  1382400, 32ef0f23377953b5637ada26eb2dff7a
0,       5877,       5877,        1,  1382400, f5005af4bde04346f972fd77b114e8de
0,       5878,       5878,        1,  1382400, 16b0f871eee76264e35cee2e88b52359
0,       5879,       5879,        1,  1382400, ff1cea310363e338c0c6491ad6b48a38
0,       5880,       5880,        1,  1382400, 6fb308502fe56198e2429e338c70ad97
0,       5881,       5881,        1,  1382400, 9fcbc5b321a35249eb5d328f6fa207be
0,       5882,       5882,        1,  1382400, 76ef3706c9940988402a2f4227f5e9cc
0,       5883,       5883,        1,  1382400, 9c48cb43bad4843c876ddb73a0407b70
0,       5884,       5884,        1,  1382400, 002eb1a06f11d17471a41204a2432e8f
0,       5885,       5885,        1,  1382400, d974e414243d531b9098c29531afcb0c
0,       5886,       5886,        1,  1382400, 4f030bdf15e43ba3d637da6582da1f8f
0,       5887,       5887,        1,  1382400, ca44cc8f7d649b12f0bc81d95cd7d2af
0,       5888,       5888,        1,  1382400, e3efe0cdf957b5beb1b3a6eb1e27affa
0,       5889,       5889,        1,  1382400, 8ed4a8f3040defd9361abf6be5c30861
0,       5890,       5890,        1,  1382400, 7988898027f79e6d2114ccacce296b87
0,       5891,       5891,        1,  1382400, 5f9ae81481f2c3126557463f88fc8e91
0,       5892,       5892,        1,  1382400, f543c80bc7c5d5ea5ace4fe8bd7c9b00
0,       5893,       5893,        1,  1382400, c999c9d73dd357e91d3df9916a31bc63
0,       5894,       5894,        1,  1382400, dd9ef110e819dd37ea79935a34c5ecf4
0,       5895,       5895,        1,  1382400, 16dd7a0e547354b96ddf39f539a3c955
0,       5896,       5896,        1,  1382400, af609b225f019283a60657446e8493f0
0,       5897,       5897,        1,  1382400, 0ac6337189e74780a5597c7bb0e23e4f
0,       5898,       5898,        1,  1382400, 72958818eee4a9ada0f0cdb44a4dfeed
0,       5899,       5899,        1,  1382400, 541dd03a35b24002f982c0dbb46fdabd
0,       5900,       5900,        1,  1382400, e46beeaec6700b72ae14d0f4d618831a
0,       5901,       5901,        1,  1382400, e3ba3b9388617f3fc0643f15dcdb33a2
0,       5902,       5902,        1,  1382400, bee3ccf7b3174fd1456799fe7a81e6ba
0,       5903,       5903,        1,  1382400, e99df92ec62cdfd4aef74f5dfb424ce3
0,       5904,       5904,        1,  1382400, 3f08ad952e55a7b5400ed2c9e3c05183
0,       5905,       5905,        1,  1382400, 4bb03c3d58cecb6abe6f886043b65dc3
0,       5906,       5906,        1,  1382400, 0a6ef3a12a32810b7ec6b2c5d5ea36a5
0,       5907,       5907,        1,  1382400, 31c240349e530e598d37145321eb44fe
0,       5908,       5908,        1,  1382400, 22768ec38a5eabc325142f44fcbb361b
0,       5909,       5909,        1,  1382400, 69c7a9d1faad408f782785ca10dc1967
0,       5910,       5910,        1,  1382400, 2b6ed8435b2e9c92a9794a54530a3923
0,       5911,       5911,        1,  1382400, 17736f6178b0a82cd570d1d25b6242df
0,       5912,       5912,        1,  1382400, 69285d63fe99e2ccb0d8f56656b9ec8a
0,       5913,       5913,        1,  1382400, c659d12d865a48372fabfee3de20f34e
0,       5914,       5914,        1,  1382400, 4a4e2dc53c411a8c005e0d1fb5eb6582
0,       5915,       5915,        1,  1382400, e82c2e620cff785cf64c66bccc6c4d74
0,       5916,       5916,        1,  1382400, dd055558eec6bcfc4e54d23fe1be678c
0,       5917,       5917,        1,  1382400, 7a74f4dd4f0893f63b81a0c9298de5bc
0,       5918,       5918,        1,  1382400, f2a8f19252751a81652b39b0e343a11a
0,       5919,       5919,        1,  1382400, b474e6e58d598a891de2a8bf50d16e53
0,       5920,       5920,        1,  1382400, dd75df515b57820226de2d40adda23cd
0,       5921,       5921,        1,  1382400, ce416a2c1c6231c01a2fde3e2724bbca
0,       5922,       5922,        1,  1382400, 2cd2a4e510d8857a6655a029d2f25561
0,       5923,       5923,        1,  1382400, d28349845ddea9ef1fdc1d7953b44974
0,       5924,       5924,        1,  1382400, 6d790da0696bcddfdb2f4fc414d4be9c
0,       5925,       5925,        1,  1382400, 615142f23cc99d902d882863648c9d0d
0,       5926,       5926,        1,  1382400, 7de2dd23653066049737c02ccfa68522
0,       5927,       5927,        1,  1382400, 696655c3aea67e4de3174df36e2c952c
0,       5928,       5928,        1,  1382400, e4e4e6fe0c27b805a4ecb74702d6a10d
0,       5929,       5929,        1,  1382400, 459819869d1ddfb193fd09b1da90db7f
0,       5930,       5930,        1,  1382400, 97df5b07ca335a7e738e953196f3844a
0,       5931,       5931,        1,  1382400, 951a318a40b05f10cb7cc4525a793a9b
0,       5932,       5932,        1,  1382400, 6b145a5027f65e8e96c9def3a5797d2e
0,       5933,       5933,        1,  1382400, 231f73a9fe89d7834467c80328dd22e8
0,       5934,       5934,        1,  1382400, 8d9ad4e82280ed3bfd4f7cc8f01628d8
0,       5935,       5935,        1,  1382400, 2cefba84193141f2c34e75c75ad74873
0,       5936,       5936,        1,  1382400, 4be7f1c7d623a5a6107019268b694faa
0,       5937,       5937,        1,  1382400, f5b630d912522c9d813a34c1f69bf09a
0,       5938,       5938,        1,  1382400, d5b8497f7a6132aad0b817f99fa94f69
0,       5939,       5939,        1,  1382400, 7cad1d6e299e587ec196307d90d27bf2
0,       5940,       5940,        1,  1382400, c2ebdf72fa1ebc3e58c53b91e2793db2
0,       5941,       5941,        1,  1382400, d083365eed75058be1f1cbe381a5522a
0,       5942,       5942,        1,  1382400, 966a75d3e6cc1d6620c820f54cea29a4
0,       5943,       5943,        1,  1382400, 7d8ea65d1ecf1080b5c19fd81b87595f
0,       5944,       5944,        1,  1382400, d41eeb846be7432c19f94179f0455534
0,       5945,       5945,        1,  1382400, 8d47a4e11bbe3543488feb852de659a2
0,       5946,       5946,        1,  1382400, bbeb9a3c1a956dfb67c4541026292704
0,       5947,       5947,        1,  1382400, 88b40b04a3deb15b29f02936b8c7c897
0,       5948,       5948,        1,  1382400, 5cdde90d6feadec93bb61224c82ff79a
0,       5949,       5949,        1,  1382400, 488913d8aa9199a236b83114be57416c
0,       5950,       5950,        1,  1382400, c42c83cadae7df911b8187beb4f742c9
0,       5951,       5951,        1,  1382400, 06489102231e264e18449525f6d17c0b
0,       5952,       5952,        1,  1382400, 8ba553a0d0164ed3ec1e19e7879a6252
0,       5953,       5953,        1,  1382400, 4a9fe091355449ab1dc363ce9ee88ea2
0,       5954,       5954,        1,  1382400, ed77e1a12a21993c3267cb62e6f00887
0,       5955,       5955,        1,  1382400, c042571d2178fe97487d6c015332b530
0,       5956,       5956,        1,  1382400, e4648943820d7d3610100eca9210cf78
0,       5957,       5957,        1,  1382400, 3aa969d0d811f6a39b482dc82c17397a
0,       5958,       5958,        1,  1382400, 82048787d71394cce555c7e02bbb1808
0,       5959,       5959,        1,  1382400, d30e7ddb80923c8eae74f7dadb38a901
0,       5960,       5960,        1,  1382400, 054e5e29f0c40f537dfa4115470bfd4d
0,       5961,       5961,        1,  1382400, 28604333be3876564c73cdd89546bd4d
0,       5962,       5962,        1,  1382400, f8e9ff0d4757586246d8a2327f6cb213
0,       5963,       5963,        1,  1382400, 1b49b691c996562d4c8adee08b8b0559
0,       5964,       5964,        1,  1382400, c9aca6e2204f69ba64e58d2130f135e7
0,       5965,       5965,        1,  1382400, ea215c714d1332c01cfed293ec5c98a9
0,       5966,       5966,        1,  1382400, 9173d37dfdbcb58f254538c831db0446
0,       5967,       5967,        1,  1382400, 08bc979c8344228568eed816c4445cdb
0,       5968,       5968,        1,  1382400, 3aff59fd31bb9f7bce4cb137d5863c84
0,       5969,       5969,        1,  1382400, cb562b1a0c3ac070d6c8d2ed9c27ce0a
0,       5970,       5970,        1,  1382400, 51c3e6e7700b001065cafa5d41b2e164
0,       5971,       5971,        1,  1382400, 022bd8d32c22e9f89146685decc3f2d5
0,       5972,       5972,        1,  1382400, 5db4d036aeb6091a80b5da2c53a035d8
0,       5973,       5973,        1,  1382400, fb9963fd41de881f32f7961aa0acd1f3
0,       5974,       5974,        1,  1382400, 4b2e36588bce238d9620f27c4d99be5a
0,       5975,       5975,        1,  1382400, 873e7a8aceeac5bf4df4755f10887c8b
0,       5976,       5976,        1,  1382400, 48e5de5c990ecd1bf6bff6985cfb881e
0,       5977,       5977,        1,  1382400, aa51665993be24feb100b2942be7381f
0,       5978,       5978,        1,  1382400, 1427a5beab60ac07c612c3a5ae2b0d06
0,       5979,       5979,        1,  1382400, 0cca2657655ce85e1b2d21d4cf92252c
0,       5980,       5980,        1,  1382400, a3bacfebd0eebf800b2a7a973690b910
0,       5981,       5981,        1,  1382400, 2580baf1330a518ed9c668847f4aff22
0,       5982,       5982,        1,  1382400, 3bf44837928abc7352b411d54db1cf70
0,       5983,       5983,        1,  1382400, 7fa719f6fce64f7a432b100b756a813e
0,       5984,       5984,        1,  1382400, c5e97c4a5f22654124b62bc30abff6eb
0,       5985,       5985,        1,  1382400, 7d63cc8c22b6301628c7555ba4ae78bc
0,       5986,       5986,        1,  1382400, 4a2f74d5ed2cd0cb6b852cabb4b11062
0,       5987,       5987,        1,  1382400, ca9d76ff1332fb4eee44a7d1a905dd6e
0,       5988,       5988,        1,  1382400, 81115bd3565a4899521a169d2bd8b395
0,       5989,       5989,        1,  1382400, d55a7819e6f5e5602be081f1e005bb75
0,       5990,       5990,        1,  1382400, e80d22913153cec22ce3fbd9c28bdbf3
0,       5991,       5991,        1,  1382400, 85dd4164687aab07dc28c5918e03a5a2
0,       5992,       5992,        1,  1382400, a70199abd2e54e72aa16b3271532c3df
0,       5993,       5993,        1,  1382400, e7534ac0167443cc632f7e08135f77e0
0,       5994,       5994,        1,  1382400, fdc629c0e1187c3f46a7c2a696b962c7
0,       5995,       5995,        1,  1382400, 7debe3630a59a651a95fffd597294713
0,       5996,       5996,        1,  1382400, 5099570095089451e71ec271880bda94
0,       5997,       5997,        1,  1382400, 534229b587a1bd112e4759f751fb06d4
0,       5998,       5998,        1,  1382400, 157f1bf9a8003187bd0358595d554524
0,       5999,       5999,        1,  1382400, 14e0dad4dd23cbefaa9cc0b0ed44f127
0,       6000,       6000,        1,  1382400, 2d62c163b599da58b876e41a4ab94a7a
0,       6001,       6001,        1,  1382400, e6ddcd20c4f34584edbf175600168103
0,       6002,       6002,        1,  1382400, 2536e3d5655767be3f3506cd4979627e
0,       6003,       6003,        1,  1382400, 2dc20068b24644f3b591c392e6dc847d
0,       6004,       6004,        1,  1382400, 895cf250564dbcdd80cf5f9169fc6f2b
0,       6005,       6005,        1,  1382400, a13395f999595b41fce8e9c2c5e50980
0,       6006,       6006,        1,  1382400, a13e34eb3d0e68381d7eefd9b99a74ce
0,       6007,       6007,        1,  1382400, a1e3fd90ebde33427893c0b50a2a5dd0
0,       6008,       6008,        1,  1382400, b2eacfc49c5814413dcb87519e15643b
0,       6009,       6009,        1,  1382400, 44f1bee9a950df6beff17951bc0260c2
0,       6010,       6010,        1,  1382400, 26fa4710a9796711f62451364236b2e3
0,       6011,       6011,        1,  1382400, dd61de778e33bb917d76aa3f5f1b4c22
0,       6012,       6012,        1,  1382400, 9f3e42e694ae9accc18c16faf6422b80
0,       6013,       6013,        1,  1382400, e0d06af3221c0b7f002b3890a304c240
0,       6014,       6014,        1,  1382400, 999c75a6cb93349089caf4e92e77385a
0,       6015,       6015,        1,  1382400, 75932cbbac8c0a4c6f1d3cef7b7c34f7
0,       6016,       6016,        1,  1382400, 46da425716a99ca46cd4e4763e001921
0,       6017,       6017,        1,  1382400, a549e508dbf11de14bbf064c5b7a8222
0,       6018,       6018,        1,  1382400, 3510a9c205dfe832b69356441031a693
0,       6019,       6019,        1,  1382400, e7848d2a1d7ef257121d798da23fb072
0,       6020,       6020,        1,  1382400, a8c37096d0495a95f237c8d50fc5036c
0,       6021,       6021,        1,  1382400, 6d6e600b40da22a3bc38abc4e2f3f6da
0,       6022,       6022,        1,  1382400, d0374dab07ca249a8dde9f29c1df4ce3
0,       6023,       6023,        1,  1382400, 75259090c841d994ce09166a1653e687
0,       6024,       6024,        1,  1382400, 19f9e747aab34e7e98afa3cc6ba8d5c2
0,       6025,       6025,        1,  1382400, 1d306e8e9a4bacf18802b5248895dfeb
0,       6026,       6026,        1,  1382400, 9109be7be0d0a1ebb01d76ad8d9e3986
0,       6027,       6027,        1,  1382400, 5f3d9d0e4873900fafd7b6aae4388ffa
0,       6028,       6028,        1,  1382400, 44eb1bdb1dd20cd1d051f378730b8b8c
0,       6029,       6029,        1,  1382400, 8f12183cf4d5e1085d9f5a3c65a4baaf
0,       6030,       6030,        1,  1382400, a09a467c95c9b7419879642f1e8b48b7
0,       6031,       6031,        1,  1382400, e8230ae8ba74e16b8d929e41534d6d72
0,       6032,       6032,        1,  1382400, 750242bf1f04d29a1fe224682605686c
0,       6033,       6033,        1,  1382400, 80a5f2290a266baa99f4a2e9cc5bddea
0,       6034,       6034,        1,  1382400, 30be1d01e82ff5a4adae908cb2b2bfa5
0,       6035,       6035,        1,  1382400, fc33e630c4f6b51083b0e272adae370f
0,       6036,       6036,        1,  1382400, 32c37714bc8e3b1b8ad6dea81d6de8a0
0,       6037,       6037,        1,  1382400, e2f25911ef66975dac7ac7b7f9cf2f24
0,       6038,       6038,        1,  1382400, 414fddf922ca44053f31c3f0aef2c164
0,       6039,       6039,        1,  1382400, 91896f53221e3805e25f594e1223606a
0,       6040,       6040,        1,  1382400, 5f4aace11fd10dfcc2f75f356509315d
0,       6041,       6041,        1,  1382400, 680355d298b3dc2da4ac5b75993e80fa
0,       6042,       6042,        1,  1382400, 7296b7a206d0d4ae66c3e0caa8d5c6e8
0,       6043,       6043,        1,  1382400, 84350641d2d8648871d9830a4a105224
0,       6044,       6044,        1,  1382400, fca0361090c130ea6009a0ec784e76d8
0,       6045,       6045,        1,  1382400, 181a18e9799d0a13647f6ffbe4e11409
0,       6046,       6046,        1,  1382400, a86adcc4046d6a3db81171011a8732eb
0,       6047,       6047,        1,  1382400, e656af3848bbb24558bbb674f1282c3f
0,       6048,       6048,        1,  1382400, 0b77acb48b2a20a66443e5629cf53025
0,       6049,       6049,        1,  1382400, 6079ed52b1916593955deda7e1728ba0
0,       6050,       6050,        1,  1382400, bf8dfc45778dae0acea5b419368cc852
0,       6051,       6051,        1,  1382400, 825bf8f0a2fb5bdc4504014cce7c2170
0,       6052,       6052,        1,  1382400, af45a18f841b3936b4b3afef4f746e0f
0,       6053,       6053,        1,  1382400, 58409bc5e1124eea282bcd765de4e400
0,       6054,       6054,        1,  1382400, 21d8f40567ef82d11c8ebc0b8cedc8d2
0,       6055,       6055,        1,  1382400, 8b09298ecfdcacb8d9cf4556b755c4ad
0,       6056,       6056,        1,  1382400, b3daee36002673b9f5b7ab226371391d
0,       6057,       6057,        1,  1382400, bb48bae99840b4f3d46609d7dc77c7a4
0,       6058,       6058,        1,  1382400, 7ffcf787c941d7d23b28b6b5ec8555c0
0,       6059,       6059,        1,  1382400, 2eed844b20090e358a94612434576f1f
0,       6060,       6060,        1,  1382400, c0b1bf2cfca4385ecf604e2b6845eb6e
0,       6061,       6061,        1,  1382400, df4dd2cb15928ec4257ee70445cb7390
0,       6062,       6062,        1,  1382400, e5fe3c32cc35283ede45b964f85cbab7
0,       6063,       6063,        1,  1382400, 6f70ee02fcef9aed86c330910ac2fec7
0,       6064,       6064,        1,  1382400, 95553c4edb99b13592dbe456adc55ceb
0,       6065,       6065,        1,  1382400, 3a56998b63cf90ff6fb05a3a641f1a37
0,       6066,       6066,        1,  1382400, 159c637e20e2a56abc0cd6a74c1efb9d
0,       6067,       6067,        1,  1382400, ff12c92346bd7e1ea33dd09c52ae1b42
0,       6068,       6068,        1,  1382400, d08be48d1503683e59a58cccc753f0a9
0,       6069,       6069,        1,  1382400, 17aa843903fa3758e71858987767b1cb
0,       6070,       6070,        1,  1382400, 17cb4be00ba7653e520cc58ec7d5a91e
0,       6071,       6071,        1,  1382400, c698d66c8ef3376e693de722ef6cbf72
0,       6072,       6072,        1,  1382400, bc0f554e0c2c336d2b663a948c288bba
0,       6073,       6073,        1,  1382400, 316218d4d7eded36d9bffc5096f25072
0,       6074,       6074,        1,  1382400, a9aaa4a455f7846512b446290b778495
0,       6075,       6075,        1,  1382400, c98e9cea315caf685bc0ae6ecae77f29
0,       6076,       6076,        1,  1382400, cb6793985c56d4ffe5469b8ae1843573
0,       6077,       6077,        1,  1382400, df7d2e0adae2d06d8407f848160504b3
0,       6078,       6078,        1,  1382400, 2fd5c1c3aa21179100c52819372978b8
0,       6079,       6079,        1,  1382400, eefe7e86fbe8286b953dcd4eca245ca5
0,       6080,       6080,        1,  1382400, 9a6d8a5dcf3255553c78f1b1a137aa02
0,       6081,       6081,        1,  1382400, 77dfb74f6981c64b6e47dd0df84a3a4d
0,       6082,       6082,        1,  1382400, a14498e50dd7b846c9f142a16954784d
0,       6083,       6083,        1,  1382400, 28dcd70a96cab144bf6dccb3d64c962b
0,       6084,       6084,        1,  1382400, 0a4bb744eb6b1df4c211a07100463031
0,       6085,       6085,        1,  1382400, bbb460ec812033496adde1c05e06e10a
0,       6086,       6086,        1,  1382400, 404669aa2165e2c9c3ef71d5b522f6a0
0,       6087,       6087,        1,  1382400, b48e90e2c7612f6484440f5b9f5be908
0,       6088,       6088,        1,  1382400, a25fbe31ef889f783dfd6d8f86f46d8b
0,       6089,       6089,        1,  1382400, 935ee8eb1b841e6feda15286f5b3251b
0,       6090,       6090,        1,  1382400, 9e34662fa35b86198c0273e37f962877
0,       6091,       6091,        1,  1382400, 89ea65f1995956483f634aebe7dd53fb
0,       6092,       6092,        1,  1382400, 690a2f06c977d94962a9613e760c5637
0,       6093,       6093,        1,  1382400, 6042aef27857758a51f24f7217bc0ab9
0,       6094,       6094,        1,  1382400, 86fa07e381ac0c791f133e6a40aa2ef1
0,       6095,       6095,        1,  1382400, 1c4a5450817b6747a99c22052cd5a3a6
0,       6096,       6096,        1,  1382400, bbd54837e8b771a312ba3c848ed9fe6c
0,       6097,       6097,        1,  1382400, ee1fc3a43571ed1ff55e3d5121826390
0,       6098,       6098,        1,  1382400, 138951043d45ab95a2569a3e812d67af
0,       6099,       6099,        1,  1382400, 48525874d193ebc6f7940819807f6162
0,       6100,       6100,        1,  1382400, eef0c85096e9b87a0debdd317e4496a9
0,       6101,       6101,        1,  1382400, 6a73282833f40bc8499a5c73212fc73a
0,       6102,       6102,        1,  1382400, a59324d248bc01363c638601de1f626b
0,       6103,       6103,        1,  1382400, 4b124762157a6e7f0927898f94a05d9c
0,       6104,       6104,        1,  1382400, 56328262232b46ad383e11944752c9c2
0,       6105,       6105,        1,  1382400, 848a60c9952c5822f03bccceb5de2425
0,       6106,       6106,        1,  1382400, 74ffdf20d98a6f728b9d19cd99d82963
0,       6107,       6107,        1,  1382400, 9e5159cf632adaa25f6f182bcdb74884
0,       6108,       6108,        1,  1382400, 9c886a040e2aee94335bb5b1969198aa
0,       6109,       6109,        1,  1382400, 5fcef68648db4dbb2af75b66fa2d178a
0,       6110,       6110,        1,  1382400, 735f3a72d663d3e5ccfe15c9484d5823
0,       6111,       6111,        1,  1382400, c0dcc7b04e7e1162c3bd84441b3998b1
0,       6112,       6112,        1,  1382400, ebf191a2f7cebba56ffff231df81b3c6
0,       6113,       6113,        1,  1382400, 536e7609829809b0ac6d1be586a74a1a
0,       6114,       6114,        1,  1382400, aebec68b12fa56dfcdab236434203284
0,       6115,       6115,        1,  1382400, 1fa0a7c281083ccaecd07b8413e1bd7e
0,       6116,       6116,        1,  1382400, 451d592cdc210661fd97af8784fb0c9b
0,       6117,       6117,        1,  1382400, 210547c9203e42c51fe6ae9310e63912
0,       6118,       6118,        1,  1382400, bdc621d4ff649e6c121b83a3c13237b6
0,       6119,       6119,        1,  1382400, 6b40d6773aae715df631e9e7c6fdf573
0,       6120,       6120,        1,  1382400, da6036636752bc42826f2ff83711688c
0,       6121,       6121,        1,  1382400, 25c859c30e4651bbdf4c1d10e969b31f
0,       6122,       6122,        1,  1382400, 0a9b07b1458ef7cff348880472c8162b
0,       6123,       6123,        1,  1382400, 70ff49ff7ea519205cd96a3503e7adae
0,       6124,       6124,        1,  1382400, ddcfa76f22ecc40a33e02cca393aa7ad
0,       6125,       6125,        1,  1382400, 22fc2a04731e342443c53efcf69a4b7b
0,       6126,       6126,        1,  1382400, fa2e29bb9909e0950728d6d8d67cafcd
0,       6127,       6127,        1,  1382400, 949ee53db5e1f7ed10e5218ea6819283
0,       6128,       6128,        1,  1382400, 92dd94819b1688ee3d6455efc0149018
0,       6129,       6129,        1,  1382400, 5799c4377c7c53710e0f9fdfccb64c3f
0,       6130,       6130,        1,  1382400, b08468c551c7213858a96e6d30b6efb4
0,       6131,       6131,        1,  1382400, f6d4e041aa5d0b6e5dfd47c5794af7f9
0,       6132,       6132,        1,  1382400, 0568f2736fd91c6e1d1fb922e9dc2ab8
0,       6133,       6133,        1,  1382400, 65bca0367598a854ea269cf46f1f890c
0,       6134,       6134,        1,  1382400, 00776656bcab41b35acab4b1002a6ce2
0,       6135,       6135,        1,  1382400, bb71565fad1824c07448f3de16d0926f
0,       6136,       6136,        1,  1382400, 003f4b1a84f4e4bcbef2b9148c8d91b3
0,       6137,       6137,        1,  1382400, f6287f266d8c848b4590e712c708de21
0,       6138,       6138,        1,  1382400, 05134e06369e8fd1ef49cdf3c3d5e353
0,       6139,       6139,        1,  1382400, 195d8d002d78380262f1b7e425350c0f
0,       6140,       6140,        1,  1382400, 8289975f4b084c9066d92e74ba80d552
0,       6141,       6141,        1,  1382400, 9fba3a1aac3e43ff3d4f791cc3230882
0,       6142,       6142,        1,  1382400, 19c7ba1339e5ae5ac54bd3018035121c
0,       6143,       6143,        1,  1382400, 921a211458d0c831abe7b42347af9ce8
0,       6144,       6144,        1,  1382400, 126e9f065b79ea13c972cde6b2594a80
0,       6145,       6145,        1,  1382400, 4d5e4bead0d0ff83fde9979abcb867a7
0,       6146,       6146,        1,  1382400, 5806bf07c627616b0fa3becebfd95eb3
0,       6147,       6147,        1,  1382400, e8acdc93240c95e6261052563447bb54
0,       6148,       6148,        1,  1382400, aeb73b2c9bea4cc1095e0213d24e917d
0,       6149,       6149,        1,  1382400, 2bf6465a0995468046eae91f746cd18d
0,       6150,       6150,        1,  1382400, 2eef27edbc13547115868cf4078d3010
0,       6151,       6151,        1,  1382400, 28ad71e674e810d29c4c5a35e093ef69
0,       6152,       6152,        1,  1382400, d22179ef2a319f0c413a642513661b7f
0,       6153,       6153,        1,  1382400, 8f2a15134623aa9075f37cff5151d8bb
0,       6154,       6154,        1,  1382400, a650a718a73302b870f50c60f4242210
0,       6155,       6155,        1,  1382400, 243768e57ddaeca0160581702de5fa73
0,       6156,       6156,        1,  1382400, 7e3fa8580a051e9b1490f1d6aa8d9c9c
0,       6157,       6157,        1,  1382400, d6049c7cca47091c97efb8c8548172f5
0,       6158,       6158,        1,  1382400, 4bd904f967844628104c4cb08cc9bea5
0,       6159,       6159,        1,  1382400, 4c3b2911280580eaa4586d993439de4e
0,       6160,       6160,        1,  1382400, dbacd3ac731976af01dcb300d4cc958e
0,       6161,       6161,        1,  1382400, 97d8fd7e78306f33c2f16da0d2938c13
0,       6162,       6162,        1,  1382400, 56a751eeda890ab3fb420caf8ebb3d94
0,       6163,       6163,        1,  1382400, dc7096fc520e2e38ae62405b0421b6b2
0,       6164,       6164,        1,  1382400, 245e36faa65c505e483763cc80875ca4
0,       6165,       6165,        1,  1382400, 072685b4058d6dd329819bdb4689f20e
0,       6166,       6166,        1,  1382400, b6defae965d1e5a299a3b3b1419a6990
0,       6167,       6167,        1,  1382400, b6758a77452f9e1ec21c1551677c034c
0,       6168,       6168,        1,  1382400, 62bb1df0aa75fba9ce94301ea572667b
0,       6169,       6169,        1,  1382400, 9dbf23a83db7224d4ad3098498dab231
0,       6170,       6170,        1,  1382400, 093d12f676bde066e4d299a35712e71d
0,       6171,       6171,        1,  1382400, e2caf04c5182f26c6450ef82c14b50b5
0,       6172,       6172,        1,  1382400, b2e24075b98d3d5f0bb54ee869456e13
0,       6173,       6173,        1,  1382400, bdea33afad9944a5c87204d52c1ebc8a
0,       6174,       6174,        1,  1382400, a7651c250665143734c9784b571113a6
0,       6175,       6175,        1,  1382400, 51cddf6710896f3de74d9378b721b475
0,       6176,       6176,        1,  1382400, 2fa4e6e9013415ba55c374ce560054bb
0,       6177,       6177,        1,  1382400, ef5ac5b48ee35d91552220e68fbdf1d1
0,       6178,       6178,        1,  1382400, ab393e8b5b13dd70ecc5f359ae8cfcd3
0,       6179,       6179,        1,  1382400, 67785bf0ef290fc3a97db56bb9a7e705
0,       6180,       6180,        1,  1382400, 430ba5e9a7e900db4a0d812e77377b2e
0,       6181,       6181,        1,  1382400, 1498c5ca1308f1daabf9c363f313a316
0,       6182,       6182,        1,  1382400, 38b7def96812fa9a47959dc1821b3021
0,       6183,       6183,        1,  1382400, c8064cf26527dec05327c2afb6f3c765
0,       6184,       6184,        1,  1382400, 3b32b5558df9d5e55b9c642dca347bc0
0,       6185,       6185,        1,  1382400, 25a46f2c0bcab102e39714d882518aaa
0,       6186,       6186,        1,  1382400, c447bf8e5fd7a674e44f281953b03868
0,       6187,       6187,        1,  1382400, ac46b34f7644f4bfd122d1d5d7a57240
0,       6188,       6188,        1,  1382400, 7590ca718889760768068bb235de1dba
0,       6189,       6189,        1,  1382400, 5393dba7abacf1fa379d571996d66f8c
0,       6190,       6190,        1,  1382400, f1d345ae7f477c4c27eff721031aca36
0,       6191,       6191,        1,  1382400, a64087a28f065b132b83fbc2f0409d8f
0,       6192,       6192,        1,  1382400, 2186ba63b162f7235e36cbd94f71c2fc
0,       6193,       6193,        1,  1382400, 666bc24880ed793217bbbc6ac2da1a75
0,       6194,       6194,        1,  1382400, 8aa627a9eed011bb1928277171993371
0,       6195,       6195,        1,  1382400, 73b52bd0c4a07f9eb935b3c0eec4bc85
0,       6196,       6196,        1,  1382400, 114844a72de77bbd3a5b305cd8cc744f
0,       6197,       6197,        1,  1382400, febbf970a0b80dedae3d370126096425
0,       6198,       6198,        1,  1382400, 1839729c12e40529bd00aa535062bd8b
0,       6199,       6199,        1,  1382400, 9c3a394549f3b803e9eedbe4920182d6
0,       6200,       6200,        1,  1382400, 3a697111163fdfe0e6ddd35f0814c8f9
0,       6201,       6201,        1,  1382400, 11d047caac4287cbed12d0341b597e49
0,       6202,       6202,        1,  1382400, 807b63c6e918c99079c0fa258a794216
0,       6203,       6203,        1,  1382400, e2dae84b991527d8cd498dba236416e8
0,       6204,       6204,        1,  1382400, 8f00ae4b05f7a0ce90b5090e4966694d
0,       6205,       6205,        1,  1382400, 84161380768a2722460aa52236b39a53
0,       6206,       6206,        1,  1382400, 43ea2e113ccef48fea9a51f168763022
0,       6207,       6207,        1,  1382400, 6aa0ef5d87059c692e1822893ef38224
0,       6208,       6208,        1,  1382400, d5ce70ed6f51c53e85e9104a5d504305
0,       6209,       6209,        1,  1382400, d262a22a779483523c73ec0156fa2652
0,       6210,       6210,        1,  1382400, 26ce91d1c55dac20463b43d422a64263
0,       6211,       6211,        1,  1382400, 6983ccca90678e3d8b1627f38b62c303
0,       6212,       6212,        1,  1382400, 3d228f3bccac1006fa3877693edb6df6
0,       6213,       6213,        1,  1382400, 384f1a50d394d433aff29568299e063d
0,       6214,       6214,        1,  1382400, 087af7f43c1e38de110cf0cff8a5b6cd
0,       6215,       6215,        1,  1382400, e81b60e5935d8a94f74064f532046a0e
0,       6216,       6216,        1,  1382400, 1dcaed4637d200226e4f9bb2e6d15599
0,       6217,       6217,        1,  1382400, 558190baf95929264d0fc51ebe4794b1
0,       6218,       6218,        1,  1382400, 63cf4fffa064eb3f9b71b79ed7dc5612
0,       6219,       6219,        1,  1382400, 9bc1299da333362b03bfdf29fc5f8250
0,       6220,       6220,        1,  1382400, 8a4ef18a8beb2ab8a036c46d212b28d0
0,       6221,       6221,        1,  1382400, c2feeaa01f0cb4b6db39cea72a1f0d1e
0,       6222,       6222,        1,  1382400, 189381206cb7db7bc7166d9f5a69690a
0,       6223,       6223,        1,  1382400, 1e4fb3b1d85881e3f1e57e67374247af
0,       6224,       6224,        1,  1382400, 6306bf99a2bd040b5c9d55b7d92d47c6
0,       6225,       6225,        1,  1382400, e4713088ee5a1923cc5e6aae4b7bff25
0,       6226,       6226,        1,  1382400, 01fbe3f33e1e15bea202b3416c4404ef
0,       6227,       6227,        1,  1382400, fe1a3cbcb4ccbae234605ef6f2ebc7f8
0,       6228,       6228,        1,  1382400, dd7bf739a2b3af8232b1cd7e59034ff8
0,       6229,       6229,        1,  1382400, 0978080fde8bff70b87f4e58ec2c7b3c
0,       6230,       6230,        1,  1382400, f50f8d4f26024e10999fccc5fab31953
0,       6231,       6231,        1,  1382400, 1cb4cd6eae0209abf581a8941fbf885d
0,       6232,       6232,        1,  1382400, ffddf67b108a8a639445402f42dc1d74
0,       6233,       6233,        1,  1382400, 9cd5a894f9118457d84318141d4055dd
0,       6234,       6234,        1,  1382400, 0c2fafbb8ebafad6d4bc403392495300
0,       6235,       6235,        1,  1382400, c63db8b9f56407e433b4ff9e073940b3
0,       6236,       6236,        1,  1382400, 146340fe71eb399e3e18d0859c0a06bb
0,       6237,       6237,        1,  1382400, c162924967d36ff3456616fd4f3656ba
0,       6238,       6238,        1,  1382400, a930ac313dc129758b956986871db41d
0,       6239,       6239,        1,  1382400, 8683fbe3b11f1fb4a48f76a649d43de1
0,       6240,       6240,        1,  1382400, d72545c24b742e9b09a947f97864863e
0,       6241,       6241,        1,  1382400, e0fb931bc85b216c63fb27070e464d82
0,       6242,       6242,        1,  1382400, 058074450001f0b1192347e15ce79d2b
0,       6243,       6243,        1,  1382400, 46349d1a4097d9c95244814cb391b3f9
0,       6244,       6244,        1,  1382400, 129a48113b94e628dbe5651f16e9f3e4
0,       6245,       6245,        1,  1382400, 05d410d332e650b5cac01f442d9a651a
0,       6246,       6246,        1,  1382400, 71a2aca6a64916e566be8ce9f0df80e9
0,       6247,       6247,        1,  1382400, 82d0e6e307238df437ce3689c58a5704
0,       6248,       6248,        1,  1382400, df0eb9b034ab57a5562ae1a990a6515b
0,       6249,       6249,        1,  1382400, f6cfb9bfef954274ebe96b8c9a6fde6a
0,       6250,       6250,        1,  1382400, c6fd4eb04fda7c79c3047f17297d16ee
0,       6251,       6251,        1,  1382400, f07baed6f8213e733f92110e65873e21
0,       6252,       6252,        1,  1382400, 8b5ee0fd4f3d8d2f92bd789cde8fce3e
0,       6253,       6253,        1,  1382400, ed8e1c0f6b88fa83b279da1770b219aa
0,       6254,       6254,        1,  1382400, 2884e68d7b3fa75ae252cdd45610714b
0,       6255,       6255,        1,  1382400, 7fd2903e004da8716d08d3890e5d21b8
0,       6256,       6256,        1,  1382400, 2613b98414b94bbd849f9a37962328cc
0,       6257,       6257,        1,  1382400, de8cf346e0d451e279ed2af8f15b5398
0,       6258,       6258,        1,  1382400, 0e62015fedf9306b4ea5ba360930de11
0,       6259,       6259,        1,  1382400, d8cf7c642736bc941bc28b2cfcec2211
0,       6260,       6260,        1,  1382400, deb20561f08324b1a08c799e80e537a6
0,       6261,       6261,        1,  1382400, d7687c0340b222e0703fe3b8d5548340
0,       6262,       6262,        1,  1382400, 5945e27f883247bb81521f6b7d771ecc
0,       6263,       6263,        1,  1382400, 6254ae7f8c3b4d37128977273d1c1659
0,       6264,       6264,        1,  1382400, 88972e5b4bcc4c7692c0564a094c52ea
0,       6265,       6265,        1,  1382400, eec369518e6f479e22e9f7aec0ca87fd
0,       6266,       6266,        1,  1382400, 70ef2420ec8b34193649127384cb5931
0,       6267,       6267,        1,  1382400, 35e1d77c2d26dfcfa3470c074f5def78
0,       6268,       6268,        1,  1382400, 47f7246e08c5e4a97a656437d6e868d9
0,       6269,       6269,        1,  1382400, fab4aa9f274a660de93969faafdc1ead
0,       6270,       6270,        1,  1382400, 68500c82806d4e0efd92438ad5ddc20b
0,       6271,       6271,        1,  1382400, bb6352cbd559950a0e889b555feada46
0,       6272,       6272,        1,  1382400, 2e973e4b3426af928cfe64bec7712597
0,       6273,       6273,        1,  1382400, cc0511d48595e55efc68f218667a45b2
0,       6274,       6274,        1,  1382400, 76157c6aaa02b14605a33cd0b0d33c07
0,       6275,       6275,        1,  1382400, 8eec41b9318c320422bde55dc56cd640
0,       6276,       6276,        1,  1382400, 4b13cdde527bc194bd8da81a3329b398
0,       6277,       6277,        1,  1382400, a68618618f0a6ece1a44a76db9190f88
0,       6278,       6278,        1,  1382400, 596bd6f6c984c89484704039d0e3efa9
0,       6279,       6279,        1,  1382400, f2012854870b472f2e8a701d43ea4338
0,       6280,       6280,        1,  1382400, 0fda085db8eed0178a2aab2fd3485931
0,       6281,       6281,        1,  1382400, 5fc250b115c37654f9a4085e37b3929c
0,       6282,       6282,        1,  1382400, 595c09c2ac869260eab39e470bb915e4
0,       6283,       6283,        1,  1382400, 1090d2e997c4be94926424b8f01e052b
0,       6284,       6284,        1,  1382400, 0d405a552ab3b70d41237bc45ac6a496
0,       6285,       6285,        1,  1382400, 6e724cffe775a5f6cb2ac1ad8c11e377
0,       6286,       6286,        1,  1382400, d533d2375059aac8fefcc277114d0dc2
0,       6287,       6287,        1,  1382400, bed7f362f9f8f055257bb8c4bb74b9e1
0,       6288,       6288,        1,  1382400, d0ac994670893f0f6f67232a7af04c45
0,       6289,       6289,        1,  1382400, 4652044261f8a7b706829b553d35856d
0,       6290,       6290,        1,  1382400, 14f87aea7eb4305908b61f1936b437a6
0,       6291,       6291,        1,  1382400, b8297db692bd7b34fb5eba06fc08cb49
0,       6292,       6292,        1,  1382400, 6db650f81c331910f9c5d4a6114e45b1
0,       6293,       6293,        1,  1382400, d1b0405556af67b114e196ac06a00b8b
0,       6294,       6294,        1,  1382400, 7328e63c3d58e2e3474a75ad7861661b
0,       6295,       6295,        1,  1382400, efa954a486d21dd74c019e7ba5987aa3
0,       6296,       6296,        1,  1382400, fc81378766ca51e651c585b3aa27daeb
0,       6297,       6297,        1,  1382400, 193265c455a071de5a2a5ea7de0c8faa
0,       6298,       6298,        1,  1382400, 81d532137ed6451f2872cc1e392c62f2
0,       6299,       6299,        1,  1382400, dde07981fe022c58f0d77ae0645fae78
0,       6300,       6300,        1,  1382400, 7c9dea3cb596ae85d5dfb5fa6bbf84a5
0,       6301,       6301,        1,  1382400, 933266caa6328d96b1b81ba680a2e123
0,       6302,       6302,        1,  1382400, 82f23cb99058a8adb3d3e2c6a45b24d3
0,       6303,       6303,        1,  1382400, 61d4ba385ea76b8c928a7fe52a1a7e11
0,       6304,       6304,        1,  1382400, 85a2dd5d9d01c8b12c1db1b693797061
0,       6305,       6305,        1,  1382400, 3c2db6949f775b024e94a87785e493ad
0,       6306,       6306,        1,  1382400, a2865ed501de0429ad64e2322cfc8d04
0,       6307,       6307,        1,  1382400, 5402deaffa4fb8481b17251a2f279bf2
0,       6308,       6308,        1,  1382400, a89a97f41696cb1800917b36dfedb42d
0,       6309,       6309,        1,  1382400, 35013234a790c9dbf60aa6614ed91ed5
0,       6310,       6310,        1,  1382400, 2f13eed839fdbbc3b0644a3c01910ae0
0,       6311,       6311,        1,  1382400, da46c69d73c9b97399fef442e7578382
0,       6312,       6312,        1,  1382400, faf585ab4c5ec96b635b2121dc9d838d
0,       6313,       6313,        1,  1382400, 819b5b7600f1f76a4858655681fe8412
0,       6314,       6314,        1,  1382400, dafcbafe3eb42d4a35a180a90749463f
0,       6315,       6315,        1,  1382400, 8d740946d8d07492e54d3dd0e318d0e5
0,       6316,       6316,        1,  1382400, cbd33a041d9dbcb18f3297a81af3b434
0,       6317,       6317,        1,  1382400, 76351ae040296312fa33042035139173
0,       6318,       6318,        1,  1382400, 24c3c70567b8d3ae4829880059a95c89
0,       6319,       6319,        1,  1382400, 8f3786028e6cc1e473fd0b080c9753f3
0,       6320,       6320,        1,  1382400, fcf2ecf4a84dcb362f4e0f49816f1f03
0,       6321,       6321,        1,  1382400, a64ef7d752da4979c6408da732912ead
0,       6322,       6322,        1,  1382400, 68ed14e10f4a68b716d8f13ae5c13939
0,       6323,       6323,        1,  1382400, bd4fc88a024d7e13bd773695a20f2f10
0,       6324,       6324,        1,  1382400, 1f7d0213892f66e914ed23d28b6ed823
0,       6325,       6325,        1,  1382400, dbb7c41a52bbfb67fcaf2670b668fe32
0,       6326,       6326,        1,  1382400, 982301ed383e45d77be04714bedcd7a8
0,       6327,       6327,        1,  1382400, 0093d799e95f63110b41e67ed62358f5
0,       6328,       6328,        1,  1382400, d50d26854d6ce0ec3435f5e86af5e0f5
0,       6329,       6329,        1,  1382400, 55b1f6ddb6ee2e587effb552a1d905bc
0,       6330,       6330,        1,  1382400, 018e724fd42788ee55deb9cd29cb6ae7
0,       6331,       6331,        1,  1382400, d7f530d77e3e26970494b673ddf3ec6b
0,       6332,       6332,        1,  1382400, 67d4798cb0823c19a5da683b70ff6261
0,       6333,       6333,        1,  1382400, 25ea3cc05e017d0ac5e887fdf43e3ec8
0,       6334,       6334,        1,  1382400, 0947b4b2d86ea8f16a293809ced3b00d
0,       6335,       6335,        1,  1382400, 24a40be34576c322baf88a95526be999
0,       6336,       6336,        1,  1382400, 4a0a1e6fb38fe976a47428e4258e8a08
0,       6337,       6337,        1,  1382400, 41f282ccd4271e7c38bae73990d7802a
0,       6338,       6338,        1,  1382400, 2c4bdfaceba21810b6ebc34dd89cc604
0,       6339,       6339,        1,  1382400, 31fffe73203bdd71a0219f578813b434
0,       6340,       6340,        1,  1382400, 193f068e7bd3e0b8c88895ad352e0fac
0,       6341,       6341,        1,  1382400, 95b938eab275b693eb00c818dec9a176
0,       6342,       6342,        1,  1382400, 1f4d6561f9fd4dec5ad71f24ed401a5a
0,       6343,       6343,        1,  1382400, 96c578d6697af7bbe24a98ebeb360777
0,       6344,       6344,        1,  1382400, 05655c5f61879404c2ac28e0e2051ecf
0,       6345,       6345,        1,  1382400, c5cb91aadfedb80a3313344c8a9096b0
0,       6346,       6346,        1,  1382400, 02e688a2293810f39cb58227e4193d12
0,       6347,       6347,        1,  1382400, e823cf8fc311c970ae277c3322c32163
0,       6348,       6348,        1,  1382400, 7e7285c02df23bfe0024027aa0f83bad
0,       6349,       6349,        1,  1382400, f29166c9b692b85722ce8fa1762f5a59
0,       6350,       6350,        1,  1382400, a82831f6fa9ca4c31995cc7a62ed98bb
0,       6351,       6351,        1,  1382400, ba6b9333d302ba420b7f3157eab2f7a8
0,       6352,       6352,        1,  1382400, 633300391c134e52f6c4975a2279376c
0,       6353,       6353,        1,  1382400, 09a0a996598b2b0631393f552f8d309b
0,       6354,       6354,        1,  1382400, 7fd9796e6e013fa3f55e0465fe374b5e
0,       6355,       6355,        1,  1382400, 87a07820a15364f4890e569e38e25e2f
0,       6356,       6356,        1,  1382400, 5b8f2fe34d1218844d483f8b7bf8993d
0,       6357,       6357,        1,  1382400, 7b25e5473186d3bb52d48f1557e99506
0,       6358,       6358,        1,  1382400, 1bc5292f52b96ae1cd727cec98bdc9cc
0,       6359,       6359,        1,  1382400, 57f9d443a8e1dd5317dcafd0bf815e64
0,       6360,       6360,        1,  1382400, 897605a7d6b36e6bda82404270bebc0a
0,       6361,       6361,        1,  1382400, fface38d741830b3c6c161766d98d622
0,       6362,       6362,        1,  1382400, bbe311e67612b1c7727abec076f2374e
0,       6363,       6363,        1,  1382400, cd2194e6e36a6dabe4f1774f5bd4e9d5
0,       6364,       6364,        1,  1382400, 9646dddd0f4f7662cbdf237b610354f5
0,       6365,       6365,        1,  1382400, a28cff3c7caccb3875c1150800a02268
0,       6366,       6366,        1,  1382400, 7f5f022f1f7fcd6c8c658ff31b6ba5a6
0,       6367,       6367,        1,  1382400, ca0ae195346b9dc997c8dc2dd90346be
0,       6368,       6368,        1,  1382400, 2f8399bb0ac7a16c1b5b417857188e5d
0,       6369,       6369,        1,  1382400, 6c56e2e8c33898e5ccf522ba31edafd0
0,       6370,       6370,        1,  1382400, 8fa4428a99020533948c3b7700816fbc
0,       6371,       6371,        1,  1382400, 2aef46c572eec71803cfef6ab16dabb3
0,       6372,       6372,        1,  1382400, 589ca7f2dbd74ad535f8e88152987643
0,       6373,       6373,        1,  1382400, b5f7bbfc7bdb1e1001c75d051bb75073
0,       6374,       6374,        1,  1382400, 119748767ba3798103893a50a5633101
0,       6375,       6375,        1,  1382400, e8fc738d64c2b7d855789419851f4bc4
0,       6376,       6376,        1,  1382400, 55d1c56ec3d0d6f3b695704e058ac206
0,       6377,       6377,        1,  1382400, 2f1ad6a6dcd7e9e784c777ed607a2696
0,       6378,       6378,        1,  1382400, 73b114d1824b1f9a46a80fbf79be4aac
0,       6379,       6379,        1,  1382400, 09341987a2f7caaaf79acb03e72f08d6
0,       6380,       6380,        1,  1382400, 5207e13fa4d0004842f99c5230d10fb8
0,       6381,       6381,        1,  1382400, 7435d013508512ddccf4634582ba4ad9
0,       6382,       6382,        1,  1382400, 30c41eb920928c3eca6d36fa4d8c5d9e
0,       6383,       6383,        1,  1382400, 7ffcad9b631467cd821f2da7a0a94f50
0,       6384,       6384,        1,  1382400, 3bf6ff4eb97e7f59c48303d1bfcce628
0,       6385,       6385,        1,  1382400, 3ee14ab634478d4d72af4eb4524206a0
0,       6386,       6386,        1,  1382400, a56701db9552a0ce670697e6ec428a24
0,       6387,       6387,        1,  1382400, a2a7b83cf6c9845160ebf7f4a6c202d7
0,       6388,       6388,        1,  1382400, 8a50d38abb1afa27f0c2672d11fce23d
0,       6389,       6389,        1,  1382400, 3a7fe04c3a625b8ce3cccf5de34cd185
0,       6390,       6390,        1,  1382400, 0fce6b93e643d4869f5eabb8f1734966
0,       6391,       6391,        1,  1382400, c9fbcd9f1c6635ffc5bd9c3e47f8a5c5
0,       6392,       6392,        1,  1382400, bc725ccf9a4d445052c554890fa7a19b
0,       6393,       6393,        1,  1382400, 38db94bb44c6504bc19bdbfd11e54408
0,       6394,       6394,        1,  1382400, 2e1fde7c40aa85cb46a6266e3c220fae
0,       6395,       6395,        1,  1382400, 36f2121571c8bd1fdc9083230ee14bf5
0,       6396,       6396,        1,  1382400, 495601cc1c8cf58f57f5e3648e697f93
0,       6397,       6397,        1,  1382400, 4b8b92ed46a980d149d46ce962adaa46
0,       6398,       6398,        1,  1382400, c1411f79ceb6be0e4808285ac18f2be1
0,       6399,       6399,        1,  1382400, 87eef22a5eb53135d3a6301664c77668
0,       6400,       6400,        1,  1382400, cf45da59ec73b14e4d07b7017698c276
0,       6401,       6401,        1,  1382400, 8a51f22545cbea0bf18b60a65e6a9c87
0,       6402,       6402,        1,  1382400, 5ec466696f02e17751c99f1a443dbb13
0,       6403,       6403,        1,  1382400, 449453ab0666f00df52d10a606c7559e
0,       6404,       6404,        1,  1382400, 7f8bd8d6a0db0083d41c9fa2b61a9091
0,       6405,       6405,        1,  1382400, 84cb60d6bd301d6305b7ec5b2e84c2c7
0,       6406,       6406,        1,  1382400, 7ff624bbf26e9a11d808e8d1ee540f11
0,       6407,       6407,        1,  1382400, d903d4ed3cc04a4e8fe2e1161c4539c1
0,       6408,       6408,        1,  1382400, 3b0e68a6568d30d2181fb4d0f67eb3e8
0,       6409,       6409,        1,  1382400, 8c940a4e8e80b14c2fd4e63bbc5020a7
0,       6410,       6410,        1,  1382400, 78c499ed46541e500e25169df02bc04e
0,       6411,       6411,        1,  1382400, 6caafb8f6f69f07c8cbf7ef56e7c7bb8
0,       6412,       6412,        1,  1382400, 989c6c77299adfccb53329b589633713
0,       6413,       6413,        1,  1382400, b2aae70762d76193a1b5b7de5b5d187a
0,       6414,       6414,        1,  1382400, a79c9685c04c9f64ed98342504820edc
0,       6415,       6415,        1,  1382400, 2c3f8b867199dce7357a8448258c88b4
0,       6416,       6416,        1,  1382400, 2ff822f80b7e23e551dc056de8f82d20
0,       6417,       6417,        1,  1382400, b17174906a1745bc54fc608a2ac4867e
0,       6418,       6418,        1,  1382400, 0fdd5b07c6701379baeb3923ca375e09
0,       6419,       6419,        1,  1382400, a60e8d262d6dabceef510d0ef4a41f36
0,       6420,       6420,        1,  1382400, f4c7f3713a3fbeb5208c8f20563ea0ef
0,       6421,       6421,        1,  1382400, ed87736fea0175f6a8663d750120bf22
0,       6422,       6422,        1,  1382400, c6d3c94b7748e6734aab60ab86afa29a
0,       6423,       6423,        1,  1382400, f9220583747e8aa07e00114500d79fa5
0,       6424,       6424,        1,  1382400, 22fde955e4f1e5e703bb5d877b76b06e
0,       6425,       6425,        1,  1382400, d1a2fb0505f8a5f0341678134c940796
0,       6426,       6426,        1,  1382400, 680e8844a263050bb8badd11fc3def0d
0,       6427,       6427,        1,  1382400, 86f863fde1dd5828a56d8a995ee65efd
0,       6428,       6428,        1,  1382400, 049f3b21fb26d5395a2eb309af239b43
0,       6429,       6429,        1,  1382400, efa8bc9476f478217f0a28ba3f59f51d
0,       6430,       6430,        1,  1382400, 6ac52c1c477b70f6ee551d8da94822c1
0,       6431,       6431,        1,  1382400, 45263cc15c134759b291cb7b7c55bd82
0,       6432,       6432,        1,  1382400, 1a93576c76d29fd099ea56c6dae466fe
0,       6433,       6433,        1,  1382400, a3595b4076d716679c9361f6a851f890
0,       6434,       6434,        1,  1382400, 30816f9084c3c8d9553349a8ddf17221
0,       6435,       6435,        1,  1382400, 51c8b207bc8ba29748a21ce082e89981
0,       6436,       6436,        1,  1382400, 2bf6dfab15a6950cbce70b75a5724948
0,       6437,       6437,        1,  1382400, b5b9719eb3ece52d7460e12066d72b78
0,       6438,       6438,        1,  1382400, 77abe2626da21ae48ec8a2bcc7f928c4
0,       6439,       6439,        1,  1382400, 7f13d65c5301b6f0947de5afe20fabab
0,       6440,       6440,        1,  1382400, caea107666fdfcb6561e3ac2a3db9d16
0,       6441,       6441,        1,  1382400, 78ebd81254199506cc273e924a3c83f6
0,       6442,       6442,        1,  1382400, 4e20f2c899b25d13a20e3220f9f42f66
0,       6443,       6443,        1,  1382400, 519aa9653e8e63ccec0e618721a231b3
0,       6444,       6444,        1,  1382400, 3506a34df84a2ce17a0b7b9a19b70d51
0,       6445,       6445,        1,  1382400, b15865110d0d2bde0f1932142f8ece36
0,       6446,       6446,        1,  1382400, 32f090647f10ec3b24775f36d360d355
0,       6447,       6447,        1,  1382400, 7b5dfe20d09e1d9dcb688f79a1a6fa75
0,       6448,       6448,        1,  1382400, 5d8f4af8e001908fd092a05a62e23e41
0,       6449,       6449,        1,  1382400, 0646e10cef52f59f989c160f2b1a138e
0,       6450,       6450,        1,  1382400, 2919630b3990afb4d0cfaf530534a234
0,       6451,       6451,        1,  1382400, c3bfd08a310d5afd95e20b5af5208e3b
0,       6452,       6452,        1,  1382400, db58e08b9c932af65cbce005ae32d3ce
0,       6453,       6453,        1,  1382400, 777a2e4f21e5fb32565ff45def4a6cb8
0,       6454,       6454,        1,  1382400, 645c991abc921b7fce28a5d38797fa51
0,       6455,       6455,        1,  1382400, c2464f6b9e265ee709f64679d391b2e4
0,       6456,       6456,        1,  1382400, 3035d0c45cb9e5a4549f419fcafd45f1
0,       6457,       6457,        1,  1382400, e5d4675f1839da0d4f0923042fd802a6
0,       6458,       6458,        1,  1382400, c4c46e98e4aa1eb3200df3e7d7819747
0,       6459,       6459,        1,  1382400, 8f3bc16493ef1525d1b5e3d1f86f731f
0,       6460,       6460,        1,  1382400, 5a18ef9b1d2d87308877da93c1e99f4f
0,       6461,       6461,        1,  1382400, 9ba47f705ece5773fea9ae5b6a7ac4a4
0,       6462,       6462,        1,  1382400, f9775f153bba91de1f82c919e4f3a3a0
0,       6463,       6463,        1,  1382400, 4f0aa3f02a10595c567bf6e430bef704
0,       6464,       6464,        1,  1382400, 44df6f9c7f65f1c541bb756419f290d0
0,       6465,       6465,        1,  1382400, 7eb4dc0b7a4dac310e7d031c93e79669
0,       6466,       6466,        1,  1382400, 6e67285987df986978661c474a0c8b1b
0,       6467,       6467,        1,  1382400, e6bde587bb51f10976ea3d61e876ec2f
0,       6468,       6468,        1,  1382400, 9127d5da58a34855e5c8a07cf7340926
0,       6469,       6469,        1,  1382400, af23db24aa4babbeb4828efa1b844e5d
0,       6470,       6470,        1,  1382400, c023a5cfc3f49160d0aa875fbb662a9d
0,       6471,       6471,        1,  1382400, 2ffe303459a1e874ebc2066d4002d280
0,       6472,       6472,        1,  1382400, e523a636431c456d0f6df516b955ae9e
0,       6473,       6473,        1,  1382400, c58c3efbec7d177eec391d02ac6bde64
0,       6474,       6474,        1,  1382400, af3149b03c627da3c8fa5e5f407ba212
0,       6475,       6475,        1,  1382400, b04c9ae3cbfc7ac14aadde4d1e625cb5
0,       6476,       6476,        1,  1382400, 7666629900004585b3f819d0b9d17f6b
0,       6477,       6477,        1,  1382400, b0f0fb032a49eb30507a1606134f40a9
0,       6478,       6478,        1,  1382400, 5e2a2defcf3a2c7172a04794fd718b8d
0,       6479,       6479,        1,  1382400, e12256ec5621e30dc21666682eb0952e
0,       6480,       6480,        1,  1382400, 661889fbf3f5d772baf5d9bd5d0d9c53
0,       6481,       6481,        1,  1382400, 78046a7561b2ed5ca5e1367e24756c3e
0,       6482,       6482,        1,  1382400, f1276930d084745cb6a3f5d52ba6c05d
0,       6483,       6483,        1,  1382400, 1a80dded157537227aa7418d4d9ad690
0,       6484,       6484,        1,  1382400, 0bcb52c1d4f38d49b1c397bfe90b2a93
0,       6485,       6485,        1,  1382400, b2961cdebecc95395f578913a7026482
0,       6486,       6486,        1,  1382400, 0eaa9cc7990d13c7324ae91ca6f1fad8
0,       6487,       6487,        1,  1382400, 496e50b91bd2511252aaa29bcb140814
0,       6488,       6488,        1,  1382400, a2132b6caf72508e8e9e1c1fcb878a78
0,       6489,       6489,        1,  1382400, 4522310d06f1db1ebb4653023883eaf8
0,       6490,       6490,        1,  1382400, 4627e438cdbbf5a0fac725df06697bb9
0,       6491,       6491,        1,  1382400, 282efe556165424906ef673dbac361df
0,       6492,       6492,        1,  1382400, ec04405b68e087b29329e901eea701c4
0,       6493,       6493,        1,  1382400, 64d024ae99be20c2ca5c99993d2ccd36
0,       6494,       6494,        1,  1382400, df37a32c815b701cb4f976f5613afde1
0,       6495,       6495,        1,  1382400, 400288192a64639904b2250e74dc93e1
0,       6496,       6496,        1,  1382400, 611aab3659e4175ad5ecea1117f7db4c
0,       6497,       6497,        1,  1382400, d81e62cb218137f2595e47cdd62f1642
0,       6498,       6498,        1,  1382400, 6fcadef06307abc62e48d600b75646cb
0,       6499,       6499,        1,  1382400, f3cca69567eed3710fb921d77c203d68
0,       6500,       6500,        1,  1382400, d31bd62b4902d3d1ce6144f3b65e6471
0,       6501,       6501,        1,  1382400, f1ffc7e86d94c26a3289cca605145081
0,       6502,       6502,        1,  1382400, 8bccf373f139f3ba83bfb4b9afb2bfec
0,       6503,       6503,        1,  1382400, 4efc17b9b1d723f7609312b9030181e1
0,       6504,       6504,        1,  1382400, 4f7a03db38134a5208eaa28e249485ad
0,       6505,       6505,        1,  1382400, ae3c0e40541594c81ea76715650017d6
0,       6506,       6506,        1,  1382400, 68cfb3fdfc69ee8931dd369ab8cd11c8
0,       6507,       6507,        1,  1382400, f4a1dcebe434988e01210a4904a6559f
0,       6508,       6508,        1,  1382400, 1fa399d8b17d6c6164a04236a5c67540
0,       6509,       6509,        1,  1382400, 44a34439f359c0ada0ff4e61554887b2
0,       6510,       6510,        1,  1382400, 50ce223ddf3eef1c0555fa25fb6508d0
0,       6511,       6511,        1,  1382400, 3c4b6d41f122ae2846dbb142958d5de0
0,       6512,       6512,        1,  1382400, cab94604928364a7276debbec9945393
0,       6513,       6513,        1,  1382400, 01f635bac4d07312ab23bc0d6d123b4e
0,       6514,       6514,        1,  1382400, 7872b21a082c6a26ea075534bdccfc70
0,       6515,       6515,        1,  1382400, 2a01d00cfcdd6e67c5eb5ce6cc60d6d2
0,       6516,       6516,        1,  1382400, 696e42fffc4b5c2c25e37bc6cd5fafb9
0,       6517,       6517,        1,  1382400, fd3d0a1176c8d8c8dd3d57de25b62be2
0,       6518,       6518,        1,  1382400, 7e0bf5d6bac96827af01198206892a69
0,       6519,       6519,        1,  1382400, 1105d44528203a4dbbbc38038e491cc9
0,       6520,       6520,        1,  1382400, df37288d3576b798549135f99821a2f9
0,       6521,       6521,        1,  1382400, 123fe3ba13c255458f3d54a89f6b91cc
0,       6522,       6522,        1,  1382400, e144b8839603673f1da304ddd2ebcbf3
0,       6523,       6523,        1,  1382400, 7497b8cf1be2552397cce59909a22a1c
0,       6524,       6524,        1,  1382400, 4d2849afd1bc3945c3842c346f2806ee
0,       6525,       6525,        1,  1382400, 214dc53d343584628909c485db95f69a
0,       6526,       6526,        1,  1382400, 59338e7611d64c1870e0bfac8923ded5
0,       6527,       6527,        1,  1382400, b47f2a841e6d30062236fb5884e7b195
0,       6528,       6528,        1,  1382400, 1bcba7940531f722ed675ffbef9695de
0,       6529,       6529,        1,  1382400, 7f0be99c9c97ee5487d2d581563c4c42
0,       6530,       6530,        1,  1382400, c69fc2164b358a3e94d7e4999d25ce11
0,       6531,       6531,        1,  1382400, e9b6a1e11a90edf1b08bc586fbf9ca48
0,       6532,       6532,        1,  1382400, c1855654ee5b52df43780ba5ca0e0653
0,       6533,       6533,        1,  1382400, 933c17fd5f7a2e78fac73e4585147cae
0,       6534,       6534,        1,  1382400, dd890ebd0d62012d96b3fe73afb97366
0,       6535,       6535,        1,  1382400, dfcf4034d1f45ddeb12eeecd345f0618
0,       6536,       6536,        1,  1382400, 1526b40dfa97f9b7ad395e18e440169c
0,       6537,       6537,        1,  1382400, 2d070522a87206152db4b8b77e2696f6
0,       6538,       6538,        1,  1382400, 253b235a71672eff0b044b64436b6e5e
0,       6539,       6539,        1,  1382400, 216ee823cc19af8711e4b8a5353b8c88
0,       6540,       6540,        1,  1382400, bf748f90cb59ea7f2c776cc4c11c3323
0,       6541,       6541,        1,  1382400, d53378ed17c2f9a2ff28693017db6bf2
0,       6542,       6542,        1,  1382400, 3fdbe497d8546cd3d8a8851ba7e5e864
0,       6543,       6543,        1,  1382400, f489af548b53a00c9e624256f4d0bf4a
0,       6544,       6544,        1,  1382400, d46e2c22a74b5574238f9d65c9af4d91
0,       6545,       6545,        1,  1382400, a769e8ad1a90808d7b5a5575d87c4fce
0,       6546,       6546,        1,  1382400, 8ff4a570c1fbcff469bef069659a0d4e
0,       6547,       6547,        1,  1382400, b5ec6283ba8f308aa4404d31e4d29ead
0,       6548,       6548,        1,  1382400, 5f20a2e67d69827f1e99fbbf10e0036b
0,       6549,       6549,        1,  1382400, 118bbe96c3ca07ed594eb07f7e739135
0,       6550,       6550,        1,  1382400, a0efa5a4b7fd82a59b065cc60c5361df
0,       6551,       6551,        1,  1382400, a9b4674ed4a0e8fab5582a85397f76f4
0,       6552,       6552,        1,  1382400, 5aecf1930f46bcdfbb42aff0c9d799c6
0,       6553,       6553,        1,  1382400, 9fcf56e92e82288abeda2bf859146197
0,       6554,       6554,        1,  1382400, 8f871295f94693700576492f2137dc4b
0,       6555,       6555,        1,  1382400, 05038d3be841ed956329a0284bc518bb
0,       6556,       6556,        1,  1382400, 38dd4585072401a92d2e09c12fb827b3
0,       6557,       6557,        1,  1382400, b6c8ac74424a077c08ed1c3ac02e6aee
0,       6558,       6558,        1,  1382400, 7b2b9d64b28ae5c4e70ba2a59c2eff63
0,       6559,       6559,        1,  1382400, 3f950a68d85a18bf8f738c49b02b0341
0,       6560,       6560,        1,  1382400, 7cf3e2e00192d79a76f2ea2d43a89c5b
0,       6561,       6561,        1,  1382400, e23eb68a197403e50887564620c3685d
0,       6562,       6562,        1,  1382400, 7b396ebfb0bfc3cf2728b456fe977c1f
0,       6563,       6563,        1,  1382400, 4af0e1fb70f4477a565f20937e125509
0,       6564,       6564,        1,  1382400, 9386d9bf7f9b0dc3caa3591a8bef6b79
0,       6565,       6565,        1,  1382400, d096b47a5d17c70c9e7c893e2209ba0f
0,       6566,       6566,        1,  1382400, 1cecb4c2fddd47eb087cc975344e0af5
0,       6567,       6567,        1,  1382400, d819e0551931be9ea8f909b63cdf6d38
0,       6568,       6568,        1,  1382400, 7d165485b3eac587ec650c850b2cee06
0,       6569,       6569,        1,  1382400, 6e3742947d9e69f206e32cc51960a43c
0,       6570,       6570,        1,  1382400, c7250d8a10dde653e963c1326cff1f19
0,       6571,       6571,        1,  1382400, b5f3dc96a7d242c7818b4a9e92900182
0,       6572,       6572,        1,  1382400, 66bf78123fe4d5216086867dc15a4e53
0,       6573,       6573,        1,  1382400, 62c98f52fdae71a916cf42582b045126
0,       6574,       6574,        1,  1382400, de7d00600f2ee1191b8936644a90dcef
0,       6575,       6575,        1,  1382400, 7a0b7242d5ce0a3ad94b7aa26bffa599
0,       6576,       6576,        1,  1382400, c4043795b2c35a678e537ae200546de3
0,       6577,       6577,        1,  1382400, 46e96939f44cd04f2565370575efbddb
0,       6578,       6578,        1,  1382400, 20bc3bb1f216cf5e163f7b0bd996c48a
0,       6579,       6579,        1,  1382400, 203133b6b88aa08f90bf5878faf145e7
0,       6580,       6580,        1,  1382400, 5407a6caa5434aedfc59a69622a22004
0,       6581,       6581,        1,  1382400, 2a9a4d328136e57545ce531041f46aea
0,       6582,       6582,        1,  1382400, b0550133631f57570623691f3ec109cf
0,       6583,       6583,        1,  1382400, 8b84d4575d4e94f30e6e60b68fc208a4
0,       6584,       6584,        1,  1382400, 3d9a176ec35f246d4d0fcda7863c5128
0,       6585,       6585,        1,  1382400, 521e492b7db2a58a8629b862d117ad56
0,       6586,       6586,        1,  1382400, ccd641a177ea7f2db5d02278203b79a7
0,       6587,       6587,        1,  1382400, 55f6cfd9feea23ecb79908caa6719104
0,       6588,       6588,        1,  1382400, 542bb3b6c7caf600e08412c3ca20512d
0,       6589,       6589,        1,  1382400, 2d3724cf4eb2677c44c6f040eea6cce8
0,       6590,       6590,        1,  1382400, 59f8271325f0bbd48197db42f1936905
0,       6591,       6591,        1,  1382400, 03203c5ca7acd7edbd1a8583c607d706
0,       6592,       6592,        1,  1382400, 42b7d15c3d61c7b5ecdba5a29da4595f
0,       6593,       6593,        1,  1382400, 1c03db5fdff60c0ed5b43271a9f753ca
0,       6594,       6594,        1,  1382400, 3e3a57f4e7bda200fa8cd146fb3546c7
0,       6595,       6595,        1,  1382400, 6de69655447a20b3d13860583d3dfd44
0,       6596,       6596,        1,  1382400, 9c69e783059dee1a5b5e30a9bc5782c7
0,       6597,       6597,        1,  1382400, 92189b54e43f1f8ee04c7489e4b6fd7b
0,       6598,       6598,        1,  1382400, 55181e5f09a788cf33581ce7c513c1da
0,       6599,       6599,        1,  1382400, 9e9035936e41130224b285c31638b9de
0,       6600,       6600,        1,  1382400, ee8ab2ad513e6027e7f78e1750b734b2
0,       6601,       6601,        1,  1382400, 57885fac465da09c238dcf77a10b3086
0,       6602,       6602,        1,  1382400, 99a96cdbd8ed017811dc8596e11bef68
0,       6603,       6603,        1,  1382400, 5ff6d7b99f68ad33fc4e0e8e85bf26e2
0,       6604,       6604,        1,  1382400, 0697e936ffb89c4878b06ede02d40a1f
0,       6605,       6605,        1,  1382400, 182a0a3038a875cc1148f0e6661b48d7
0,       6606,       6606,        1,  1382400, 3419c18c1582bea1d7c92a7dc34bff80
0,       6607,       6607,        1,  1382400, c12f0f8ad1133ead4fbbf9cb23d91042
0,       6608,       6608,        1,  1382400, 87dd6be79ed5276ad66360efae50bc27
0,       6609,       6609,        1,  1382400, f8b98b24351f30561d8e72000b1915ef
0,       6610,       6610,        1,  1382400, 2e5a14abc448decfdb5b67894be2e774
0,       6611,       6611,        1,  1382400, 2b42cad309c29e727a23e5460302c5b0
0,       6612,       6612,        1,  1382400, 95d58955393bcbd21d99e6e166a0d210
0,       6613,       6613,        1,  1382400, adf55e32b284dfa59083731c0ca938ce
0,       6614,       6614,        1,  1382400, 273ded9c6b589d5f1f1a7c4c617a3d98
0,       6615,       6615,        1,  1382400, 15ffe506c6d286a85af20d73fb1c529a
0,       6616,       6616,        1,  1382400, e7dfcc5876cc948ce3ec02faa2a9594f
0,       6617,       6617,        1,  1382400, 45fe9e6560863e18cdb2b044f06ef0a0
0,       6618,       6618,        1,  1382400, 369c19e3c5e0ff5163d42331dbe643f5
0,       6619,       6619,        1,  1382400, 73571d90c17f2831981fa76b0c4c07c9
0,       6620,       6620,        1,  1382400, 66c921ec2fa5705804b320b09abda2e1
0,       6621,       6621,        1,  1382400, ddc94aa9b40314562a95691bae7987ff
0,       6622,       6622,        1,  1382400, 374a36b5b3ee9bf1032e517ac245be52
0,       6623,       6623,        1,  1382400, 342c3b26070819c64b81a5656be6588c
0,       6624,       6624,        1,  1382400, af2395ba00473d9c1a38cec874666cd7
0,       6625,       6625,        1,  1382400, 8845737d1cfcf3aa94eb6c84449a9447
0,       6626,       6626,        1,  1382400, 3133197ab683b30f867d8e2138f22011
0,       6627,       6627,        1,  1382400, cbd695326fbaf5914c56e83c73af556f
0,       6628,       6628,        1,  1382400, 0a396781428e3256ded5d12d6b48b810
0,       6629,       6629,        1,  1382400, 4fd7597f7c698e7f3f50149a93e69e01
0,       6630,       6630,        1,  1382400, 2a65ae6a383a8f8980e27dddbaecbfc1
0,       6631,       6631,        1,  1382400, fbd368f0799d87cb781a99ac298a9469
0,       6632,       6632,        1,  1382400, 0ea65cdbc7f425af70446423aeff08af
0,       6633,       6633,        1,  1382400, 56496e5270eb1efdc8c522531a6cbd00
0,       6634,       6634,        1,  1382400, d6b97c4bf0a852e3f616d3e4b2edf6cd
0,       6635,       6635,        1,  1382400, ac3fb38a5ac8d6640aeb8451fbe0d576
0,       6636,       6636,        1,  1382400, 889ef2da58f89d5edeb2ba94f9345b3f
0,       6637,       6637,        1,  1382400, d8edd2cae45ecb601a49057e60cd7366
0,       6638,       6638,        1,  1382400, 6123194a54ce174fe852703a0c621ef2
0,       6639,       6639,        1,  1382400, 787bdb9fb355b322c17ebc2a13249e6d
0,       6640,       6640,        1,  1382400, beaefe4b359d243f143df5ee6d476bf0
0,       6641,       6641,        1,  1382400, 6e128f6481019e5b2cc8fd7fc43ec9fe
0,       6642,       6642,        1,  1382400, 470c1ca3fab8da3179b914e32fc057d1
0,       6643,       6643,        1,  1382400, 59c1f4ce5b063a53ed7a607ff43c379b
0,       6644,       6644,        1,  1382400, 37ddaa8d1e830c4409b8a9ad39c1c7a8
0,       6645,       6645,        1,  1382400, cf7cd6add840ffe1aaa0121a6ac0c591
0,       6646,       6646,        1,  1382400, 9774a787a817ecd29003ade7975c7c3c
0,       6647,       6647,        1,  1382400, 56e05bc6753e0f1e04fb4c51a27dec4c
0,       6648,       6648,        1,  1382400, 2c1252d4e6a8f745fc2008936df56710
0,       6649,       6649,        1,  1382400, acf15f06faa7acd1d6686d2b85a383bc
0,       6650,       6650,        1,  1382400, 6685aa450638521b4ee9a06ac5b062ea
0,       6651,       6651,        1,  1382400, 52fb0ae598d9c0718b3846ae205e189b
0,       6652,       6652,        1,  1382400, 3716512511aca8aaf93eb0378908204d
0,       6653,       6653,        1,  1382400, 2f65dace8f1dda487b55debc34d10abf
0,       6654,       6654,        1,  1382400, a64e03d70128ae676f20f68767317ae9
0,       6655,       6655,        1,  1382400, 6b9c0b668be3027af4d998fe8b602e8a
0,       6656,       6656,        1,  1382400, 94df3c0ee179b2dc9c72bc68601d42e2
0,       6657,       6657,        1,  1382400, 8d2e0891de96f3c94e617dc1796ad1ac
0,       6658,       6658,        1,  1382400, ce29ead0c2e4b391198955b6ea3c63c3
0,       6659,       6659,        1,  1382400, e107b3d4c4e0e2e2e7631d8191492c64
0,       6660,       6660,        1,  1382400, 734cd7a49e194c11bb8c229cc2236273
0,       6661,       6661,        1,  1382400, 9692ccd723c9f06ad4b57de993e1129d
0,       6662,       6662,        1,  1382400, 335cbb43ae874e6482edc067069128c8
0,       6663,       6663,        1,  1382400, 38241a63c59bb2782d6fcf107c77db66
0,       6664,       6664,        1,  1382400, 9005c93912393be0c10fd6aa83a535a4
0,       6665,       6665,        1,  1382400, 60b41ff07a464b787d69a0b0c222322f
0,       6666,       6666,        1,  1382400, 0ec9e7ba902ff5b209f20de62f9f5abc
0,       6667,       6667,        1,  1382400, e2ba8f70123ba0c5e7b2fbba4374a893
0,       6668,       6668,        1,  1382400, 832bc9b7b523d391a32388270b04bce3
0,       6669,       6669,        1,  1382400, 7ae81061971fc8fd45573a763f9e1a73
0,       6670,       6670,        1,  1382400, 21f71ca15d6b01fe81c4773a1126782a
0,       6671,       6671,        1,  1382400, 3603cb93950039d2684bdc408a8ea1de
0,       6672,       6672,        1,  1382400, f4ea01be9e824c18e5053563fe5bff69
0,       6673,       6673,        1,  1382400, e6b1cc3227b98f2e9dc66652c35957aa
0,       6674,       6674,        1,  1382400, a282e330624042f56e4ae0bb4efc5366
0,       6675,       6675,        1,  1382400, d7aa33dc284a8d58f40d8ddb91443fc2
0,       6676,       6676,        1,  1382400, 83da60a675ac292bd70c23ef55c1cd1b
0,       6677,       6677,        1,  1382400, aac5a932b61f3661f2916f02254d3dd9
0,       6678,       6678,        1,  1382400, c7475ef8c2c11cd75e7ee3c7deca9ea5
0,       6679,       6679,        1,  1382400, eb9e01701a381c723b71912630851319
0,       6680,       6680,        1,  1382400, 983364544ec98ee15837160f73e4c1a0
0,       6681,       6681,        1,  1382400, e296ed49fd353165600be0e220f2405f
0,       6682,       6682,        1,  1382400, 6fe8705da1c15ced795205e044baf1a0
0,       6683,       6683,        1,  1382400, 9033592477f668f3500982062a3acda0
0,       6684,       6684,        1,  1382400, 2389cf03769432ffd2c1a85b6313c1d5
0,       6685,       6685,        1,  1382400, e345306954366be10dfa8907586c4ad7
0,       6686,       6686,        1,  1382400, ebd44bea945d6be0fd3da576b0dfa1dc
0,       6687,       6687,        1,  1382400, 0f4f9cd189ac71751a368bd4680227ef
0,       6688,       6688,        1,  1382400, 0f09b5fbb5ef6547e0066eccc239a9bf
0,       6689,       6689,        1,  1382400, ae0619979285c20f907c71157a0c783b
0,       6690,       6690,        1,  1382400, 165f1677c8d5f8f3476a93f08a8eacff
0,       6691,       6691,        1,  1382400, ed68d6f9f218264d0e18b794f6b6c56b
0,       6692,       6692,        1,  1382400, 81179034f0e4420765467056bc5ef873
0,       6693,       6693,        1,  1382400, f99d5ed5e887f61ceef3b10aef1529fa
0,       6694,       6694,        1,  1382400, 282f80c058f8bdc0309f46a6f0121946
0,       6695,       6695,        1,  1382400, 92899496da7b468bd2ce6a4a00e47644
0,       6696,       6696,        1,  1382400, b43c33939b437ddce728e79cf61fc31a
0,       6697,       6697,        1,  1382400, 0bfcaaf158a509bf99e183fae8810a1e
0,       6698,       6698,        1,  1382400, 68a5391f3d0ea7dea49bdc6eb520c9d6
0,       6699,       6699,        1,  1382400, cd76e43b349e4e73e5c613ecd665cbe5
0,       6700,       6700,        1,  1382400, da8dc04890c17d64ef62d092b586c300
0,       6701,       6701,        1,  1382400, 217047c1e6e99e2b207290134cc16092
0,       6702,       6702,        1,  1382400, aafa0f2c7444712a293c2e9c77481834
0,       6703,       6703,        1,  1382400, bbf4ce48dff362e579ef06895c60c717
0,       6704,       6704,        1,  1382400, f7965495b0e6945d7126a33e8038c3a9
0,       6705,       6705,        1,  1382400, b6863ccf4d4cca0cd8943a2db651d610
0,       6706,       6706,        1,  1382400, 6bb77eccf33270d9ddd37786e5da65e0
0,       6707,       6707,        1,  1382400, 84888584e02d35aa68aa8e23a9e5fbc9
0,       6708,       6708,        1,  1382400, d0a513c348940a06e2b740297b57e68f
0,       6709,       6709,        1,  1382400, 21ccf58bb8a448c5016ea851666f5c2a
0,       6710,       6710,        1,  1382400, 23f15d5423d118db6e8bb56cb5716d06
0,       6711,       6711,        1,  1382400, 58520dca0e75d971f42291abc940d4de
0,       6712,       6712,        1,  1382400, 6c1e20eeb37f7cd9df7eaf7dfd9506c0
0,       6713,       6713,        1,  1382400, 3c29df2abd1c6ec34c197a7a5f8c40c3
0,       6714,       6714,        1,  1382400, e35d87b051e65f23627fc3a26d848073
0,       6715,       6715,        1,  1382400, 47e073173249c37fbe1db1184757fe90
0,       6716,       6716,        1,  1382400, 77addf87028a16491e6fb6686774e8c6
0,       6717,       6717,        1,  1382400, 429bf5e7e47cd2791ab91fab9b5569eb
0,       6718,       6718,        1,  1382400, 8f5e5cb777128975711ea40486788ea5
0,       6719,       6719,        1,  1382400, 37a15599337211e3400422a9c2764995
0,       6720,       6720,        1,  1382400, a6f92c424be3673858a7b4981a4140ab
0,       6721,       6721,        1,  1382400, 28e2c7003c71e080e6137b9a0f2e1874
0,       6722,       6722,        1,  1382400, f92ac0abdb7f9fd6dddb48f58f5f25e5
0,       6723,       6723,        1,  1382400, b89b2001682ed65a016883047238f526
0,       6724,       6724,        1,  1382400, 9f17e93eb23e2a97fdd3dbce63651090
0,       6725,       6725,        1,  1382400, 5360f5155a360afb78844b39ba5722db
0,       6726,       6726,        1,  1382400, d6ac357a8cc48b0bdcaecde76f875209
0,       6727,       6727,        1,  1382400, 1aabb2b91e0f82581e24e1013de5837d
0,       6728,       6728,        1,  1382400, 3faebc8812deffc321f8e91dc9a7cb0b
0,       6729,       6729,        1,  1382400, 0776f53e8817abaedbddcff8fa4274ed
0,       6730,       6730,        1,  1382400, c73698b4decff2cd1878d39a4bbf353c
0,       6731,       6731,        1,  1382400, 356183869175cfa9661af3580eac2349
0,       6732,       6732,        1,  1382400, 093e90ea7fb7fe7e8e3aab6218467494
0,       6733,       6733,        1,  1382400, a55ac0894356331958fbda0042c2fb2e
0,       6734,       6734,        1,  1382400, 6273bc2507143d4810b03bccc3eef5ea
0,       6735,       6735,        1,  1382400, 1a8b8065a0dfa646c693052e0190f5e8
0,       6736,       6736,        1,  1382400, 37b031e3c85330484fd3aa11c36fd6d6
0,       6737,       6737,        1,  1382400, 65d94c14de5377997ff71b9ec3beb33d
0,       6738,       6738,        1,  1382400, 97f5b271b0858f735e789ce32ba3f215
0,       6739,       6739,        1,  1382400, 9bd8dae407f26085d20cb662d81d348b
0,       6740,       6740,        1,  1382400, 005ff87ea6a1e18746ce17cd4a736a4c
0,       6741,       6741,        1,  1382400, df89c2e4ebf2876074127bdb1bac9f9e
0,       6742,       6742,        1,  1382400, b562abaa2ca129c184a50129565e8c15
0,       6743,       6743,        1,  1382400, 0aa5658028a9924b66e776a84c62dd08
0,       6744,       6744,        1,  1382400, 70bee14b28898606a2e4784db75ea4ae
0,       6745,       6745,        1,  1382400, 4e6a715f535927facd2b5b624853241a
0,       6746,       6746,        1,  1382400, 0130a40b6b06fb970c344beccf55c9dd
0,       6747,       6747,        1,  1382400, 33b30fdaecf81404f5a3fa0ddc9e01e2
0,       6748,       6748,        1,  1382400, 85fea3a27e2a01b0c323ca38bf68f88f
0,       6749,       6749,        1,  1382400, 351051dc7eb936c7e239b051bad54f32
0,       6750,       6750,        1,  1382400, b404bef41d72f9c5dd366bb402c8c0c2
0,       6751,       6751,        1,  1382400, 571dee19cdfbe7a527ed65f26ad66a6c
0,       6752,       6752,        1,  1382400, 15c5d8a25922b71b126c525c6da1ae56
0,       6753,       6753,        1,  1382400, 5632b74a9f72fc2e7bf5b62d6ea3cd9c
0,       6754,       6754,        1,  1382400, 58317078d53d21b83b2d24126adf09b7
0,       6755,       6755,        1,  1382400, 287c9f053fcd8a91ad61665c1b3177e5
0,       6756,       6756,        1,  1382400, b37807cd84a839fa1c733ad87deb5724
0,       6757,       6757,        1,  1382400, 8b9198d2f0d1a4fb778f7202f13268c4
0,       6758,       6758,        1,  1382400, 70f50bc0a8ab5c2ef720a9d5150155fd
0,       6759,       6759,        1,  1382400, 0ca0f9501a6a697e27f1d13961e9a4e1
0,       6760,       6760,        1,  1382400, 34fcd24c34ce35a3c22056cde5bd5401
0,       6761,       6761,        1,  1382400, 68d5b9e78baec434f5d8907870943474
0,       6762,       6762,        1,  1382400, aa1b0d167838663d914b64b815ab9b20
0,       6763,       6763,        1,  1382400, 976e6a75242f66fc60cdd8fd2cfae979
0,       6764,       6764,        1,  1382400, 2c2102583abf22d3278a43079fa16223
0,       6765,       6765,        1,  1382400, 00874bd89269b853dac8060a97db8735
0,       6766,       6766,        1,  1382400, 133e39bff8c25185e08bb13e2ac73cf9
0,       6767,       6767,        1,  1382400, 1ba5208b8a5cbe9fe79899ea7656f130
0,       6768,       6768,        1,  1382400, f6e46929d5c80dca215a470467441652
0,       6769,       6769,        1,  1382400, 2f0a800c0fade7f23a0d9adbba699282
0,       6770,       6770,        1,  1382400, de9657cf64ce2a6179126a9d919b712a
0,       6771,       6771,        1,  1382400, 5749b2de73a6b6ea4d6aa4017a324499
0,       6772,       6772,        1,  1382400, 7a8889d35b0458ebc5bb701d02908d9f
0,       6773,       6773,        1,  1382400, 66b29a0b1da86118570e7a93e011c135
0,       6774,       6774,        1,  1382400, 627f0a127c3e70cc882e849559a8cf33
0,       6775,       6775,        1,  1382400, 87ebc02fc56c366b828fdc6c6c71a7fc
0,       6776,       6776,        1,  1382400, ae3c9f33ec003bbab4ada4fb69c10fd9
0,       6777,       6777,        1,  1382400, 7c70ca4972031dee3ffd71665e042509
0,       6778,       6778,        1,  1382400, 506e1e995530415bfcffc31aff4fecc0
0,       6779,       6779,        1,  1382400, ecfb0ba24e4a8a2eab1cec603f8dbd14
0,       6780,       6780,        1,  1382400, efb1c4087580a7d6bf76ea42881ca97b
0,       6781,       6781,        1,  1382400, 670bb812f4940f50b2e2d6609fb2a137
0,       6782,       6782,        1,  1382400, 616065b88d8b50bdeb187681236b35c9
0,       6783,       6783,        1,  1382400, 8c3e0b613af49e25c2be9f90c1e5d1ca
0,       6784,       6784,        1,  1382400, 48eb7da9e4dcaa29aef8de4310f4aa41
0,       6785,       6785,        1,  1382400, 621d2c0a4814823f0a65bd4d7876ae4f
0,       6786,       6786,        1,  1382400, bd6a45f90e90e7f6127a274c39f33eee
0,       6787,       6787,        1,  1382400, 1d2f2d1e6ffcdc852e3b7a56d936b620
0,       6788,       6788,        1,  1382400, c96e73045d951de24f42c904c27604f3
0,       6789,       6789,        1,  1382400, 473d62e382f612e648b1b2a8fa30a735
0,       6790,       6790,        1,  1382400, 9ba998cc89851db3d4b04da5d5f3a878
0,       6791,       6791,        1,  1382400, bc4f8cbc409ed9502201aa7df6d4ac0d
0,       6792,       6792,        1,  1382400, 4930ba0c1773c5a6955d63819159191b
0,       6793,       6793,        1,  1382400, d2987dc6c846d6ea86f4697182860c8a
0,       6794,       6794,        1,  1382400, 7fafda83e0acd1e85657c10a94e5d1b1
0,       6795,       6795,        1,  1382400, 6db119542183a0785966063fd8260a7e
0,       6796,       6796,        1,  1382400, 0ea1cf4903196dc82e5273606264c371
0,       6797,       6797,        1,  1382400, 5099e94cbe9ff728060eafb55735e0c3
0,       6798,       6798,        1,  1382400, 6da58717618e04cd2c8d999307e44cde
0,       6799,       6799,        1,  1382400, ab9b8fd629546b3dd1fe8a115c9ef255
0,       6800,       6800,        1,  1382400, 786b600ad89adc377c62af1f8240b60c
0,       6801,       6801,        1,  1382400, a5cbec96d0bf85e097000868870bf495
0,       6802,       6802,        1,  1382400, 1ab86def26d9339fc357cf31486a60ed
0,       6803,       6803,        1,  1382400, def87a9b04220cdb4de16b3523d778ba
0,       6804,       6804,        1,  1382400, 81d917ab1ddeb063a14d5954516e636b
0,       6805,       6805,        1,  1382400, cbce70ee17f5a9ea2e0163c356793478
0,       6806,       6806,        1,  1382400, eb7e9e9e5c28eeb88c37499703442996
0,       6807,       6807,        1,  1382400, f5e5256b3be4827bd74be80c091f52d3
0,       6808,       6808,        1,  1382400, 32310081b33e84955fb87ecee2c29ac0
0,       6809,       6809,        1,  1382400, aa7c67386a3f5444a0d83e77f7a5b427
0,       6810,       6810,        1,  1382400, bb095551cc1cbe0f19bc77a95136d074
0,       6811,       6811,        1,  1382400, ee89438f2ec10c547abea3f48d1ad450
0,       6812,       6812,        1,  1382400, 67ae1fe7110e7055efd972894cf29d14
0,       6813,       6813,        1,  1382400, 91f3ac099c743d18b2cfb8c44cc06e53
0,       6814,       6814,        1,  1382400, ac9fcac297d518ec962fec1bb69e0942
0,       6815,       6815,        1,  1382400, e80d294b1fc284e38c946704a345472d
0,       6816,       6816,        1,  1382400, eb887b3ce9585547ae5ccf2389f29dec
0,       6817,       6817,        1,  1382400, b19c8f79c4b471660af35a511ea17a90
0,       6818,       6818,        1,  1382400, 82a297c4736808c413708b046de5b997
