************************************************************************
**                                                                    **
**                                                                    **
**                         OpenRadioss Engine                         **
**                                                                    **
**            Non-linear Finite Element Analysis Software             **
**                                                                    **
**                                                                    **
**                                                                    **
**                  Windows 64 bits, Intel compiler                   **
**                      Double Precision Version                      **
**                                                                    **
**                                                                    **
**                                                                    **
************************************************************************
** OpenRadioss Software                                               **
** COPYRIGHT (C) 2026 Siemens                                         **
** Licensed under GNU Affero General Public License.                  **
** See License file.                                                  **
************************************************************************
 
 ROOT: I02H_NOPROP_L127_TAB_CHECK_R1  RESTART: 0001
 NUMBER OF HMPP PROCESSES     1
 29/09/2026
 NC=       0 T= 0.0000E+00 DT= 1.4513E-04 ERR=  0.0% DM/M= 0.0000E+00
     ANIMATION FILE: I02H_NOPROP_L127_TAB_CHECK_R1A001 WRITTEN
 NC=     100 T= 1.4513E-02 DT= 1.4513E-04 ERR=  0.0% DM/M= 0.0000E+00
 ELAPSED TIME=          0.20 s  REMAINING TIME=        163.67 s
 NC=     200 T= 2.9025E-02 DT= 1.4513E-04 ERR= -0.0% DM/M= 0.0000E+00
 ELAPSED TIME=          0.34 s  REMAINING TIME=        139.80 s
 NC=     300 T= 4.3538E-02 DT= 1.4513E-04 ERR= -0.0% DM/M= 0.0000E+00
 ELAPSED TIME=          0.48 s  REMAINING TIME=        131.77 s
 NC=     400 T= 5.8051E-02 DT= 1.4513E-04 ERR= -0.0% DM/M= 0.0000E+00
 ELAPSED TIME=          0.63 s  REMAINING TIME=        128.93 s
 NC=     500 T= 7.2563E-02 DT= 1.4513E-04 ERR= -0.0% DM/M= 0.0000E+00
 ELAPSED TIME=          0.77 s  REMAINING TIME=        126.79 s
 NC=     600 T= 8.7076E-02 DT= 1.4513E-04 ERR= -0.0% DM/M= 0.0000E+00
 ELAPSED TIME=          0.91 s  REMAINING TIME=        124.98 s
 NC=     700 T= 1.0159E-01 DT= 1.4513E-04 ERR= -0.0% DM/M= 0.0000E+00
 ELAPSED TIME=          1.06 s  REMAINING TIME=        123.87 s
 NC=     800 T= 1.1610E-01 DT= 1.4513E-04 ERR= -0.0% DM/M= 0.0000E+00
 ELAPSED TIME=          1.20 s  REMAINING TIME=        122.96 s
 NC=     900 T= 1.3061E-01 DT= 1.4513E-04 ERR= -0.0% DM/M= 0.0000E+00
 ELAPSED TIME=          1.34 s  REMAINING TIME=        122.01 s
 NC=    1000 T= 1.4513E-01 DT= 1.4513E-04 ERR= -0.0% DM/M= 0.0000E+00
 ELAPSED TIME=          1.48 s  REMAINING TIME=        121.25 s
 NC=    1100 T= 1.5964E-01 DT= 1.4513E-04 ERR= -0.0% DM/M= 0.0000E+00
 ELAPSED TIME=          1.63 s  REMAINING TIME=        120.71 s
 NC=    1200 T= 1.7415E-01 DT= 1.4513E-04 ERR= -0.0% DM/M= 0.0000E+00
 ELAPSED TIME=          1.77 s  REMAINING TIME=        120.24 s
 NC=    1300 T= 1.8866E-01 DT= 1.4513E-04 ERR= -0.0% DM/M= 0.0000E+00
 ELAPSED TIME=          1.92 s  REMAINING TIME=        119.93 s
 NC=    1400 T= 2.0318E-01 DT= 1.4513E-04 ERR= -0.0% DM/M= 0.0000E+00
 ELAPSED TIME=          2.08 s  REMAINING TIME=        121.01 s
 NC=    1500 T= 2.1769E-01 DT= 1.4513E-04 ERR= -0.0% DM/M= 0.0000E+00
 ELAPSED TIME=          2.23 s  REMAINING TIME=        120.66 s
 NC=    1600 T= 2.3220E-01 DT= 1.4513E-04 ERR= -0.0% DM/M= 0.0000E+00
 ELAPSED TIME=          2.37 s  REMAINING TIME=        120.32 s
 NC=    1700 T= 2.4672E-01 DT= 1.4513E-04 ERR= -0.0% DM/M= 0.0000E+00
 ELAPSED TIME=          2.52 s  REMAINING TIME=        119.98 s
 NC=    1800 T= 2.6123E-01 DT= 1.4513E-04 ERR= -0.0% DM/M= 0.0000E+00
 ELAPSED TIME=          2.66 s  REMAINING TIME=        119.74 s
 NC=    1900 T= 2.7574E-01 DT= 1.4513E-04 ERR= -0.0% DM/M= 0.0000E+00
 ELAPSED TIME=          2.81 s  REMAINING TIME=        119.28 s
 NC=    2000 T= 2.9025E-01 DT= 1.4513E-04 ERR= -0.0% DM/M= 0.0000E+00
 ELAPSED TIME=          2.95 s  REMAINING TIME=        118.88 s
 NC=    2100 T= 3.0477E-01 DT= 1.4513E-04 ERR= -0.0% DM/M= 0.0000E+00
 ELAPSED TIME=          3.09 s  REMAINING TIME=        118.58 s
 NC=    2200 T= 3.1928E-01 DT= 1.4513E-04 ERR= -0.0% DM/M= 0.0000E+00
 ELAPSED TIME=          3.23 s  REMAINING TIME=        118.23 s
 NC=    2300 T= 3.3379E-01 DT= 1.4513E-04 ERR= -0.0% DM/M= 0.0000E+00
 ELAPSED TIME=          3.46 s  REMAINING TIME=        120.92 s
 NC=    2400 T= 3.4830E-01 DT= 1.4513E-04 ERR= -0.0% DM/M= 0.0000E+00
 ELAPSED TIME=          3.70 s  REMAINING TIME=        123.91 s
 NC=    2500 T= 3.6282E-01 DT= 1.4513E-04 ERR= -0.0% DM/M= 0.0000E+00
 ELAPSED TIME=          3.95 s  REMAINING TIME=        126.64 s
 NC=    2600 T= 3.7733E-01 DT= 1.4513E-04 ERR= -0.0% DM/M= 0.0000E+00
 ELAPSED TIME=          4.19 s  REMAINING TIME=        129.14 s
 NC=    2700 T= 3.9184E-01 DT= 1.4513E-04 ERR= -0.0% DM/M= 0.0000E+00
 ELAPSED TIME=          4.44 s  REMAINING TIME=        131.44 s
 NC=    2800 T= 4.0635E-01 DT= 1.4513E-04 ERR= -0.0% DM/M= 0.0000E+00
 ELAPSED TIME=          4.68 s  REMAINING TIME=        133.57 s
 NC=    2900 T= 4.2087E-01 DT= 1.4513E-04 ERR= -0.0% DM/M= 0.0000E+00
 ELAPSED TIME=          4.93 s  REMAINING TIME=        135.65 s
 NC=    3000 T= 4.3538E-01 DT= 1.4513E-04 ERR= -0.0% DM/M= 0.0000E+00
 ELAPSED TIME=          5.12 s  REMAINING TIME=        135.87 s
 NC=    3100 T= 4.4989E-01 DT= 1.4513E-04 ERR= -0.0% DM/M= 0.0000E+00
 ELAPSED TIME=          5.26 s  REMAINING TIME=        134.95 s
 NC=    3200 T= 4.6441E-01 DT= 1.4513E-04 ERR= -0.0% DM/M= 0.0000E+00
 ELAPSED TIME=          5.44 s  REMAINING TIME=        135.01 s
 NC=    3300 T= 4.7892E-01 DT= 1.4513E-04 ERR= -0.0% DM/M= 0.0000E+00
 ELAPSED TIME=          5.67 s  REMAINING TIME=        136.45 s
 NC=    3400 T= 4.9343E-01 DT= 1.4513E-04 ERR= -0.0% DM/M= 0.0000E+00
 ELAPSED TIME=          5.92 s  REMAINING TIME=        138.06 s
     ANIMATION FILE: I02H_NOPROP_L127_TAB_CHECK_R1A002 WRITTEN
 NC=    3500 T= 5.0794E-01 DT= 1.4513E-04 ERR= -0.0% DM/M= 0.0000E+00
 ELAPSED TIME=          6.17 s  REMAINING TIME=        139.56 s
 NC=    3600 T= 5.2246E-01 DT= 1.4513E-04 ERR= -0.0% DM/M= 0.0000E+00
 ELAPSED TIME=          6.41 s  REMAINING TIME=        140.92 s
 NC=    3700 T= 5.3697E-01 DT= 1.4513E-04 ERR= -0.0% DM/M= 0.0000E+00
 ELAPSED TIME=          6.66 s  REMAINING TIME=        142.17 s
 NC=    3800 T= 5.5148E-01 DT= 1.4513E-04 ERR= -0.0% DM/M= 0.0000E+00
 ELAPSED TIME=          6.90 s  REMAINING TIME=        143.27 s
 NC=    3900 T= 5.6599E-01 DT= 1.4513E-04 ERR= -0.0% DM/M= 0.0000E+00
 ELAPSED TIME=          7.10 s  REMAINING TIME=        143.48 s
 NC=    4000 T= 5.8051E-01 DT= 1.4513E-04 ERR= -0.0% DM/M= 0.0000E+00
 ELAPSED TIME=          7.32 s  REMAINING TIME=        144.02 s
 NC=    4100 T= 5.9502E-01 DT= 1.4513E-04 ERR= -0.0% DM/M= 0.0000E+00
 ELAPSED TIME=          7.46 s  REMAINING TIME=        143.05 s
 NC=    4200 T= 6.0953E-01 DT= 1.4513E-04 ERR= -0.0% DM/M= 0.0000E+00
 ELAPSED TIME=          7.63 s  REMAINING TIME=        142.63 s
 NC=    4300 T= 6.2404E-01 DT= 1.4513E-04 ERR= -0.0% DM/M= 0.0000E+00
 ELAPSED TIME=          7.88 s  REMAINING TIME=        143.65 s
 NC=    4400 T= 6.3856E-01 DT= 1.4513E-04 ERR= -0.0% DM/M= 0.0000E+00
 ELAPSED TIME=          8.13 s  REMAINING TIME=        144.66 s
 NC=    4500 T= 6.5307E-01 DT= 1.4513E-04 ERR= -0.0% DM/M= 0.0000E+00
 ELAPSED TIME=          8.38 s  REMAINING TIME=        145.57 s
 NC=    4600 T= 6.6758E-01 DT= 1.4513E-04 ERR= -0.0% DM/M= 0.0000E+00
 ELAPSED TIME=          8.62 s  REMAINING TIME=        146.40 s
 NC=    4700 T= 6.8209E-01 DT= 1.4513E-04 ERR= -0.0% DM/M= 0.0000E+00
 ELAPSED TIME=          8.85 s  REMAINING TIME=        146.89 s
 NC=    4800 T= 6.9661E-01 DT= 1.4513E-04 ERR= -0.0% DM/M= 0.0000E+00
 ELAPSED TIME=          9.10 s  REMAINING TIME=        147.60 s
 NC=    4900 T= 7.1112E-01 DT= 1.4513E-04 ERR= -0.0% DM/M= 0.0000E+00
 ELAPSED TIME=          9.33 s  REMAINING TIME=        148.16 s
 NC=    5000 T= 7.2563E-01 DT= 1.4513E-04 ERR= -0.0% DM/M= 0.0000E+00
 ELAPSED TIME=          9.58 s  REMAINING TIME=        148.90 s
 NC=    5100 T= 7.4014E-01 DT= 1.4513E-04 ERR= -0.0% DM/M= 0.0000E+00
 ELAPSED TIME=          9.83 s  REMAINING TIME=        149.57 s
 NC=    5200 T= 7.5466E-01 DT= 1.4513E-04 ERR= -0.0% DM/M= 0.0000E+00
 ELAPSED TIME=         10.07 s  REMAINING TIME=        150.09 s
 NC=    5300 T= 7.6917E-01 DT= 1.4513E-04 ERR= -0.0% DM/M= 0.0000E+00
 ELAPSED TIME=         10.26 s  REMAINING TIME=        149.78 s
 NC=    5400 T= 7.8368E-01 DT= 1.4513E-04 ERR= -0.0% DM/M= 0.0000E+00
 ELAPSED TIME=         10.50 s  REMAINING TIME=        150.31 s
 NC=    5500 T= 7.9820E-01 DT= 1.4513E-04 ERR= -0.0% DM/M= 0.0000E+00
 ELAPSED TIME=         10.75 s  REMAINING TIME=        150.85 s
 NC=    5600 T= 8.1271E-01 DT= 1.4513E-04 ERR= -0.0% DM/M= 0.0000E+00
 ELAPSED TIME=         10.95 s  REMAINING TIME=        150.75 s
 NC=    5700 T= 8.2722E-01 DT= 1.4513E-04 ERR= -0.0% DM/M= 0.0000E+00
 ELAPSED TIME=         11.09 s  REMAINING TIME=        149.84 s
 NC=    5800 T= 8.4173E-01 DT= 1.4513E-04 ERR= -0.0% DM/M= 0.0000E+00
 ELAPSED TIME=         11.23 s  REMAINING TIME=        148.93 s
 NC=    5900 T= 8.5625E-01 DT= 1.4513E-04 ERR= -0.0% DM/M= 0.0000E+00
 ELAPSED TIME=         11.42 s  REMAINING TIME=        148.57 s
 NC=    6000 T= 8.7076E-01 DT= 1.4513E-04 ERR= -0.0% DM/M= 0.0000E+00
 ELAPSED TIME=         11.67 s  REMAINING TIME=        149.09 s
 NC=    6100 T= 8.8527E-01 DT= 1.4513E-04 ERR= -0.0% DM/M= 0.0000E+00
 ELAPSED TIME=         11.91 s  REMAINING TIME=        149.58 s
 NC=    6200 T= 8.9978E-01 DT= 1.4513E-04 ERR= -0.0% DM/M= 0.0000E+00
 ELAPSED TIME=         12.16 s  REMAINING TIME=        149.98 s
 NC=    6300 T= 9.1430E-01 DT= 1.4513E-04 ERR= -0.0% DM/M= 0.0000E+00
 ELAPSED TIME=         12.30 s  REMAINING TIME=        149.12 s
 NC=    6400 T= 9.2881E-01 DT= 1.4513E-04 ERR= -0.0% DM/M= 0.0000E+00
 ELAPSED TIME=         12.44 s  REMAINING TIME=        148.29 s
 NC=    6500 T= 9.4332E-01 DT= 1.4513E-04 ERR= -0.0% DM/M= 0.0000E+00
 ELAPSED TIME=         12.61 s  REMAINING TIME=        147.80 s
 NC=    6600 T= 9.5783E-01 DT= 1.4513E-04 ERR= -0.0% DM/M= 0.0000E+00
 ELAPSED TIME=         12.86 s  REMAINING TIME=        148.29 s
 NC=    6700 T= 9.7235E-01 DT= 1.4513E-04 ERR= -0.0% DM/M= 0.0000E+00
 ELAPSED TIME=         13.10 s  REMAINING TIME=        148.56 s
 NC=    6800 T= 9.8686E-01 DT= 1.4512E-04 ERR= -0.0% DM/M= 0.0000E+00
 ELAPSED TIME=         13.25 s  REMAINING TIME=        147.84 s
     ANIMATION FILE: I02H_NOPROP_L127_TAB_CHECK_R1A003 WRITTEN
 NC=    6900 T= 1.0014E+00 DT= 1.4512E-04 ERR= -0.0% DM/M= 0.0000E+00
 ELAPSED TIME=         13.39 s  REMAINING TIME=        147.12 s
 NC=    7000 T= 1.0159E+00 DT= 1.4512E-04 ERR= -0.0% DM/M= 0.0000E+00
 ELAPSED TIME=         13.61 s  REMAINING TIME=        147.11 s
 NC=    7100 T= 1.0304E+00 DT= 1.4512E-04 ERR= -0.0% DM/M= 0.0000E+00
 ELAPSED TIME=         13.85 s  REMAINING TIME=        147.50 s
 NC=    7200 T= 1.0449E+00 DT= 1.4512E-04 ERR= -0.0% DM/M= 0.0000E+00
 ELAPSED TIME=         14.11 s  REMAINING TIME=        147.88 s
 NC=    7300 T= 1.0594E+00 DT= 1.4512E-04 ERR= -0.0% DM/M= 0.0000E+00
 ELAPSED TIME=         14.36 s  REMAINING TIME=        148.25 s
 NC=    7400 T= 1.0739E+00 DT= 1.4512E-04 ERR= -0.0% DM/M= 0.0000E+00
 ELAPSED TIME=         14.60 s  REMAINING TIME=        148.59 s
 NC=    7500 T= 1.0884E+00 DT= 1.4512E-04 ERR= -0.0% DM/M= 0.0000E+00
 ELAPSED TIME=         14.83 s  REMAINING TIME=        148.69 s
 NC=    7600 T= 1.1030E+00 DT= 1.4512E-04 ERR= -0.0% DM/M= 0.0000E+00
 ELAPSED TIME=         14.97 s  REMAINING TIME=        147.95 s
 NC=    7700 T= 1.1175E+00 DT= 1.4512E-04 ERR= -0.0% DM/M= 0.0000E+00
 ELAPSED TIME=         15.16 s  REMAINING TIME=        147.63 s
 NC=    7800 T= 1.1320E+00 DT= 1.4512E-04 ERR= -0.0% DM/M= 0.0000E+00
 ELAPSED TIME=         15.40 s  REMAINING TIME=        147.84 s
 NC=    7900 T= 1.1465E+00 DT= 1.4512E-04 ERR= -0.0% DM/M= 0.0000E+00
 ELAPSED TIME=         15.64 s  REMAINING TIME=        148.09 s
 NC=    8000 T= 1.1610E+00 DT= 1.4512E-04 ERR= -0.0% DM/M= 0.0000E+00
 ELAPSED TIME=         15.89 s  REMAINING TIME=        148.31 s
 NC=    8100 T= 1.1755E+00 DT= 1.4512E-04 ERR= -0.0% DM/M= 0.0000E+00
 ELAPSED TIME=         16.13 s  REMAINING TIME=        148.52 s
 NC=    8200 T= 1.1900E+00 DT= 1.4512E-04 ERR= -0.0% DM/M= 0.0000E+00
 ELAPSED TIME=         16.37 s  REMAINING TIME=        148.72 s
 NC=    8300 T= 1.2045E+00 DT= 1.4512E-04 ERR= -0.0% DM/M= 0.0000E+00
 ELAPSED TIME=         16.62 s  REMAINING TIME=        148.91 s
 NC=    8400 T= 1.2191E+00 DT= 1.4512E-04 ERR= -0.0% DM/M= 0.0000E+00
 ELAPSED TIME=         16.86 s  REMAINING TIME=        149.12 s
 NC=    8500 T= 1.2336E+00 DT= 1.4512E-04 ERR= -0.0% DM/M= 0.0000E+00
 ELAPSED TIME=         17.11 s  REMAINING TIME=        149.32 s
 NC=    8600 T= 1.2481E+00 DT= 1.4512E-04 ERR= -0.0% DM/M= 0.0000E+00
 ELAPSED TIME=         17.34 s  REMAINING TIME=        149.38 s
 NC=    8700 T= 1.2626E+00 DT= 1.4512E-04 ERR= -0.0% DM/M= 0.0000E+00
 ELAPSED TIME=         17.58 s  REMAINING TIME=        149.49 s
 NC=    8800 T= 1.2771E+00 DT= 1.4512E-04 ERR= -0.0% DM/M= 0.0000E+00
 ELAPSED TIME=         17.75 s  REMAINING TIME=        149.05 s
 NC=    8900 T= 1.2916E+00 DT= 1.4512E-04 ERR= -0.0% DM/M= 0.0000E+00
 ELAPSED TIME=         17.98 s  REMAINING TIME=        149.03 s
 NC=    9000 T= 1.3061E+00 DT= 1.4512E-04 ERR= -0.0% DM/M= 0.0000E+00
 ELAPSED TIME=         18.22 s  REMAINING TIME=        149.17 s
 NC=    9100 T= 1.3206E+00 DT= 1.4512E-04 ERR= -0.0% DM/M= 0.0000E+00
 ELAPSED TIME=         18.39 s  REMAINING TIME=        148.72 s
 NC=    9200 T= 1.3352E+00 DT= 1.4512E-04 ERR= -0.0% DM/M= 0.0000E+00
 ELAPSED TIME=         18.53 s  REMAINING TIME=        148.05 s
 NC=    9300 T= 1.3497E+00 DT= 1.4512E-04 ERR= -0.0% DM/M= 0.0000E+00
 ELAPSED TIME=         18.71 s  REMAINING TIME=        147.63 s
 NC=    9400 T= 1.3642E+00 DT= 1.4512E-04 ERR= -0.0% DM/M= 0.0000E+00
 ELAPSED TIME=         18.95 s  REMAINING TIME=        147.75 s
 NC=    9500 T= 1.3787E+00 DT= 1.4512E-04 ERR= -0.0% DM/M= 0.0000E+00
 ELAPSED TIME=         19.20 s  REMAINING TIME=        147.88 s
 NC=    9600 T= 1.3932E+00 DT= 1.4512E-04 ERR= -0.0% DM/M= 0.0000E+00
 ELAPSED TIME=         19.44 s  REMAINING TIME=        147.99 s
 NC=    9700 T= 1.4077E+00 DT= 1.4512E-04 ERR= -0.0% DM/M= 0.0000E+00
 ELAPSED TIME=         19.68 s  REMAINING TIME=        148.11 s
 NC=    9800 T= 1.4222E+00 DT= 1.4512E-04 ERR= -0.0% DM/M= 0.0000E+00
 ELAPSED TIME=         19.84 s  REMAINING TIME=        147.57 s
 NC=    9900 T= 1.4367E+00 DT= 1.4512E-04 ERR= -0.0% DM/M= 0.0000E+00
 ELAPSED TIME=         20.09 s  REMAINING TIME=        147.67 s
 NC=   10000 T= 1.4513E+00 DT= 1.4512E-04 ERR= -0.0% DM/M= 0.0000E+00
 ELAPSED TIME=         20.33 s  REMAINING TIME=        147.77 s
 NC=   10100 T= 1.4658E+00 DT= 1.4512E-04 ERR= -0.0% DM/M= 0.0000E+00
 ELAPSED TIME=         20.58 s  REMAINING TIME=        147.87 s
 NC=   10200 T= 1.4803E+00 DT= 1.4512E-04 ERR= -0.0% DM/M= 0.0000E+00
 ELAPSED TIME=         20.82 s  REMAINING TIME=        147.97 s
 NC=   10300 T= 1.4948E+00 DT= 1.4512E-04 ERR= -0.0% DM/M= 0.0000E+00
 ELAPSED TIME=         21.07 s  REMAINING TIME=        148.08 s
     ANIMATION FILE: I02H_NOPROP_L127_TAB_CHECK_R1A004 WRITTEN
 NC=   10400 T= 1.5093E+00 DT= 1.4512E-04 ERR= -0.0% DM/M= 0.0000E+00
 ELAPSED TIME=         21.33 s  REMAINING TIME=        148.28 s
 NC=   10500 T= 1.5238E+00 DT= 1.4512E-04 ERR= -0.0% DM/M= 0.0000E+00
 ELAPSED TIME=         21.58 s  REMAINING TIME=        148.39 s
 NC=   10600 T= 1.5383E+00 DT= 1.4512E-04 ERR= -0.0% DM/M= 0.0000E+00
 ELAPSED TIME=         21.80 s  REMAINING TIME=        148.24 s
 NC=   10700 T= 1.5528E+00 DT= 1.4512E-04 ERR= -0.0% DM/M= 0.0000E+00
 ELAPSED TIME=         21.94 s  REMAINING TIME=        147.60 s
 NC=   10800 T= 1.5674E+00 DT= 1.4512E-04 ERR= -0.0% DM/M= 0.0000E+00
 ELAPSED TIME=         22.10 s  REMAINING TIME=        147.13 s
 NC=   10900 T= 1.5819E+00 DT= 1.4512E-04 ERR= -0.0% DM/M= 0.0000E+00
 ELAPSED TIME=         22.35 s  REMAINING TIME=        147.19 s
 NC=   11000 T= 1.5964E+00 DT= 1.4512E-04 ERR= -0.0% DM/M= 0.0000E+00
 ELAPSED TIME=         22.59 s  REMAINING TIME=        147.24 s
 NC=   11100 T= 1.6109E+00 DT= 1.4512E-04 ERR= -0.0% DM/M= 0.0000E+00
 ELAPSED TIME=         22.84 s  REMAINING TIME=        147.30 s
 NC=   11200 T= 1.6254E+00 DT= 1.4512E-04 ERR= -0.0% DM/M= 0.0000E+00
 ELAPSED TIME=         23.09 s  REMAINING TIME=        147.38 s
 NC=   11300 T= 1.6399E+00 DT= 1.4512E-04 ERR= -0.0% DM/M= 0.0000E+00
 ELAPSED TIME=         23.34 s  REMAINING TIME=        147.45 s
 NC=   11400 T= 1.6544E+00 DT= 1.4512E-04 ERR= -0.0% DM/M= 0.0000E+00
 ELAPSED TIME=         23.58 s  REMAINING TIME=        147.48 s
 NC=   11500 T= 1.6689E+00 DT= 1.4512E-04 ERR= -0.0% DM/M= 0.0000E+00
 ELAPSED TIME=         23.83 s  REMAINING TIME=        147.52 s
 NC=   11600 T= 1.6835E+00 DT= 1.4512E-04 ERR= -0.0% DM/M= 0.0000E+00
 ELAPSED TIME=         24.07 s  REMAINING TIME=        147.52 s
 NC=   11700 T= 1.6980E+00 DT= 1.4512E-04 ERR= -0.0% DM/M= 0.0000E+00
 ELAPSED TIME=         24.30 s  REMAINING TIME=        147.43 s
 NC=   11800 T= 1.7125E+00 DT= 1.4512E-04 ERR= -0.0% DM/M= 0.0000E+00
 ELAPSED TIME=         24.54 s  REMAINING TIME=        147.44 s
 NC=   11900 T= 1.7270E+00 DT= 1.4512E-04 ERR= -0.0% DM/M= 0.0000E+00
 ELAPSED TIME=         24.79 s  REMAINING TIME=        147.45 s
 NC=   12000 T= 1.7415E+00 DT= 1.4512E-04 ERR= -0.0% DM/M= 0.0000E+00
 ELAPSED TIME=         25.03 s  REMAINING TIME=        147.46 s
 NC=   12100 T= 1.7560E+00 DT= 1.4512E-04 ERR= -0.0% DM/M= 0.0000E+00
 ELAPSED TIME=         25.28 s  REMAINING TIME=        147.47 s
 NC=   12200 T= 1.7705E+00 DT= 1.4512E-04 ERR= -0.0% DM/M= 0.0000E+00
 ELAPSED TIME=         25.53 s  REMAINING TIME=        147.49 s
 NC=   12300 T= 1.7850E+00 DT= 1.4512E-04 ERR= -0.0% DM/M= 0.0000E+00
 ELAPSED TIME=         25.77 s  REMAINING TIME=        147.49 s
 NC=   12400 T= 1.7995E+00 DT= 1.4512E-04 ERR= -0.0% DM/M= 0.0000E+00
 ELAPSED TIME=         26.01 s  REMAINING TIME=        147.44 s
 NC=   12500 T= 1.8141E+00 DT= 1.4512E-04 ERR= -0.0% DM/M= 0.0000E+00
 ELAPSED TIME=         26.20 s  REMAINING TIME=        147.10 s
 NC=   12600 T= 1.8286E+00 DT= 1.4512E-04 ERR= -0.0% DM/M= 0.0000E+00
 ELAPSED TIME=         26.40 s  REMAINING TIME=        146.86 s
 NC=   12700 T= 1.8431E+00 DT= 1.4512E-04 ERR= -0.0% DM/M= 0.0000E+00
 ELAPSED TIME=         26.65 s  REMAINING TIME=        146.85 s
 NC=   12800 T= 1.8576E+00 DT= 1.4512E-04 ERR= -0.0% DM/M= 0.0000E+00
 ELAPSED TIME=         26.87 s  REMAINING TIME=        146.73 s
 NC=   12900 T= 1.8721E+00 DT= 1.4512E-04 ERR= -0.0% DM/M= 0.0000E+00
 ELAPSED TIME=         27.02 s  REMAINING TIME=        146.20 s
 NC=   13000 T= 1.8866E+00 DT= 1.4512E-04 ERR= -0.0% DM/M= 0.0000E+00
 ELAPSED TIME=         27.19 s  REMAINING TIME=        145.74 s
 NC=   13100 T= 1.9011E+00 DT= 1.4512E-04 ERR= -0.0% DM/M= 0.0000E+00
 ELAPSED TIME=         27.34 s  REMAINING TIME=        145.21 s
 NC=   13200 T= 1.9156E+00 DT= 1.4512E-04 ERR= -0.0% DM/M= 0.0000E+00
 ELAPSED TIME=         27.51 s  REMAINING TIME=        144.83 s
 NC=   13300 T= 1.9302E+00 DT= 1.4512E-04 ERR= -0.0% DM/M= 0.0000E+00
 ELAPSED TIME=         27.65 s  REMAINING TIME=        144.27 s
 NC=   13400 T= 1.9447E+00 DT= 1.4512E-04 ERR= -0.0% DM/M= 0.0000E+00
 ELAPSED TIME=         27.80 s  REMAINING TIME=        143.72 s
 NC=   13500 T= 1.9592E+00 DT= 1.4512E-04 ERR= -0.0% DM/M= 0.0000E+00
 ELAPSED TIME=         27.94 s  REMAINING TIME=        143.20 s
 NC=   13600 T= 1.9737E+00 DT= 1.4512E-04 ERR= -0.0% DM/M= 0.0000E+00
 ELAPSED TIME=         28.08 s  REMAINING TIME=        142.66 s
 NC=   13700 T= 1.9882E+00 DT= 1.4512E-04 ERR= -0.0% DM/M= 0.0000E+00
 ELAPSED TIME=         28.28 s  REMAINING TIME=        142.38 s
     ANIMATION FILE: I02H_NOPROP_L127_TAB_CHECK_R1A005 WRITTEN
 NC=   13800 T= 2.0027E+00 DT= 1.4512E-04 ERR= -0.0% DM/M= 0.0000E+00
 ELAPSED TIME=         28.47 s  REMAINING TIME=        142.14 s
 NC=   13900 T= 2.0172E+00 DT= 1.4512E-04 ERR= -0.0% DM/M= 0.0000E+00
 ELAPSED TIME=         28.72 s  REMAINING TIME=        142.14 s
 NC=   14000 T= 2.0317E+00 DT= 1.4512E-04 ERR= -0.0% DM/M= 0.0000E+00
 ELAPSED TIME=         28.87 s  REMAINING TIME=        141.64 s
 NC=   14100 T= 2.0463E+00 DT= 1.4512E-04 ERR= -0.0% DM/M= 0.0000E+00
 ELAPSED TIME=         29.08 s  REMAINING TIME=        141.45 s
 NC=   14200 T= 2.0608E+00 DT= 1.4512E-04 ERR= -0.0% DM/M= 0.0000E+00
 ELAPSED TIME=         29.32 s  REMAINING TIME=        141.43 s
 NC=   14300 T= 2.0753E+00 DT= 1.4512E-04 ERR= -0.0% DM/M= 0.0000E+00
 ELAPSED TIME=         29.57 s  REMAINING TIME=        141.43 s
 NC=   14400 T= 2.0898E+00 DT= 1.4512E-04 ERR= -0.0% DM/M= 0.0000E+00
 ELAPSED TIME=         29.82 s  REMAINING TIME=        141.43 s
 NC=   14500 T= 2.1043E+00 DT= 1.4512E-04 ERR= -0.0% DM/M= 0.0000E+00
 ELAPSED TIME=         30.01 s  REMAINING TIME=        141.12 s
 NC=   14600 T= 2.1188E+00 DT= 1.4512E-04 ERR= -0.0% DM/M= 0.0000E+00
 ELAPSED TIME=         30.15 s  REMAINING TIME=        140.61 s
 NC=   14700 T= 2.1333E+00 DT= 1.4512E-04 ERR= -0.0% DM/M= 0.0000E+00
 ELAPSED TIME=         30.34 s  REMAINING TIME=        140.32 s
 NC=   14800 T= 2.1478E+00 DT= 1.4512E-04 ERR= -0.0% DM/M= 0.0000E+00
 ELAPSED TIME=         30.53 s  REMAINING TIME=        140.05 s
 NC=   14900 T= 2.1623E+00 DT= 1.4512E-04 ERR= -0.0% DM/M= 0.0000E+00
 ELAPSED TIME=         30.78 s  REMAINING TIME=        140.02 s
 NC=   15000 T= 2.1769E+00 DT= 1.4512E-04 ERR= -0.0% DM/M= 0.0000E+00
 ELAPSED TIME=         30.99 s  REMAINING TIME=        139.83 s
 NC=   15100 T= 2.1914E+00 DT= 1.4512E-04 ERR= -0.0% DM/M= 0.0000E+00
 ELAPSED TIME=         31.16 s  REMAINING TIME=        139.47 s
 NC=   15200 T= 2.2059E+00 DT= 1.4512E-04 ERR= -0.0% DM/M= 0.0000E+00
 ELAPSED TIME=         31.34 s  REMAINING TIME=        139.13 s
 NC=   15300 T= 2.2204E+00 DT= 1.4512E-04 ERR= -0.0% DM/M= 0.0000E+00
 ELAPSED TIME=         31.49 s  REMAINING TIME=        138.68 s
 NC=   15400 T= 2.2349E+00 DT= 1.4512E-04 ERR= -0.0% DM/M= 0.0000E+00
 ELAPSED TIME=         31.70 s  REMAINING TIME=        138.49 s
 NC=   15500 T= 2.2494E+00 DT= 1.4512E-04 ERR= -0.0% DM/M= 0.0000E+00
 ELAPSED TIME=         31.94 s  REMAINING TIME=        138.46 s
 NC=   15600 T= 2.2639E+00 DT= 1.4512E-04 ERR= -0.0% DM/M= 0.0000E+00
 ELAPSED TIME=         32.12 s  REMAINING TIME=        138.12 s
 NC=   15700 T= 2.2784E+00 DT= 1.4512E-04 ERR= -0.0% DM/M= 0.0000E+00
 ELAPSED TIME=         32.26 s  REMAINING TIME=        137.64 s
 NC=   15800 T= 2.2930E+00 DT= 1.4512E-04 ERR= -0.0% DM/M= 0.0000E+00
 ELAPSED TIME=         32.40 s  REMAINING TIME=        137.18 s
 NC=   15900 T= 2.3075E+00 DT= 1.4512E-04 ERR= -0.0% DM/M= 0.0000E+00
 ELAPSED TIME=         32.55 s  REMAINING TIME=        136.71 s
 NC=   16000 T= 2.3220E+00 DT= 1.4512E-04 ERR= -0.0% DM/M= 0.0000E+00
 ELAPSED TIME=         32.79 s  REMAINING TIME=        136.67 s
 NC=   16100 T= 2.3365E+00 DT= 1.4512E-04 ERR= -0.0% DM/M= 0.0000E+00
 ELAPSED TIME=         33.04 s  REMAINING TIME=        136.63 s
 NC=   16200 T= 2.3510E+00 DT= 1.4512E-04 ERR= -0.0% DM/M= 0.0000E+00
 ELAPSED TIME=         33.28 s  REMAINING TIME=        136.58 s
 NC=   16300 T= 2.3655E+00 DT= 1.4512E-04 ERR= -0.0% DM/M= 0.0000E+00
 ELAPSED TIME=         33.52 s  REMAINING TIME=        136.54 s
 NC=   16400 T= 2.3800E+00 DT= 1.4512E-04 ERR= -0.0% DM/M= 0.0000E+00
 ELAPSED TIME=         33.73 s  REMAINING TIME=        136.32 s
 NC=   16500 T= 2.3945E+00 DT= 1.4512E-04 ERR= -0.0% DM/M= 0.0000E+00
 ELAPSED TIME=         33.89 s  REMAINING TIME=        135.93 s
 NC=   16600 T= 2.4090E+00 DT= 1.4512E-04 ERR= -0.0% DM/M= 0.0000E+00
 ELAPSED TIME=         34.13 s  REMAINING TIME=        135.89 s
 NC=   16700 T= 2.4236E+00 DT= 1.4512E-04 ERR= -0.0% DM/M= 0.0000E+00
 ELAPSED TIME=         34.38 s  REMAINING TIME=        135.84 s
 NC=   16800 T= 2.4381E+00 DT= 1.4512E-04 ERR= -0.0% DM/M= 0.0000E+00
 ELAPSED TIME=         34.62 s  REMAINING TIME=        135.77 s
 NC=   16900 T= 2.4526E+00 DT= 1.4512E-04 ERR= -0.0% DM/M= 0.0000E+00
 ELAPSED TIME=         34.79 s  REMAINING TIME=        135.42 s
 NC=   17000 T= 2.4671E+00 DT= 1.4512E-04 ERR= -0.0% DM/M= 0.0000E+00
 ELAPSED TIME=         34.93 s  REMAINING TIME=        134.96 s
 NC=   17100 T= 2.4816E+00 DT= 1.4512E-04 ERR= -0.0% DM/M= 0.0000E+00
 ELAPSED TIME=         35.10 s  REMAINING TIME=        134.64 s
 NC=   17200 T= 2.4961E+00 DT= 1.4512E-04 ERR= -0.0% DM/M= 0.0000E+00
 ELAPSED TIME=         35.35 s  REMAINING TIME=        134.59 s
     ANIMATION FILE: I02H_NOPROP_L127_TAB_CHECK_R1A006 WRITTEN
 NC=   17300 T= 2.5106E+00 DT= 1.4512E-04 ERR= -0.0% DM/M= 0.0000E+00
 ELAPSED TIME=         35.60 s  REMAINING TIME=        134.55 s
 NC=   17400 T= 2.5251E+00 DT= 1.4512E-04 ERR= -0.0% DM/M= 0.0000E+00
 ELAPSED TIME=         35.84 s  REMAINING TIME=        134.49 s
 NC=   17500 T= 2.5396E+00 DT= 1.4511E-04 ERR= -0.0% DM/M= 0.0000E+00
 ELAPSED TIME=         36.09 s  REMAINING TIME=        134.42 s
 NC=   17600 T= 2.5542E+00 DT= 1.4511E-04 ERR= -0.0% DM/M= 0.0000E+00
 ELAPSED TIME=         36.33 s  REMAINING TIME=        134.35 s
 NC=   17700 T= 2.5687E+00 DT= 1.4511E-04 ERR= -0.0% DM/M= 0.0000E+00
 ELAPSED TIME=         36.57 s  REMAINING TIME=        134.28 s
 NC=   17800 T= 2.5832E+00 DT= 1.4511E-04 ERR= -0.0% DM/M= 0.0000E+00
 ELAPSED TIME=         36.82 s  REMAINING TIME=        134.21 s
 NC=   17900 T= 2.5977E+00 DT= 1.4511E-04 ERR= -0.0% DM/M= 0.0000E+00
 ELAPSED TIME=         37.06 s  REMAINING TIME=        134.14 s
 NC=   18000 T= 2.6122E+00 DT= 1.4511E-04 ERR= -0.0% DM/M= 0.0000E+00
 ELAPSED TIME=         37.31 s  REMAINING TIME=        134.08 s
 NC=   18100 T= 2.6267E+00 DT= 1.4511E-04 ERR= -0.0% DM/M= 0.0000E+00
 ELAPSED TIME=         37.55 s  REMAINING TIME=        134.01 s
 NC=   18200 T= 2.6412E+00 DT= 1.4511E-04 ERR= -0.0% DM/M= 0.0000E+00
 ELAPSED TIME=         37.80 s  REMAINING TIME=        133.96 s
 NC=   18300 T= 2.6557E+00 DT= 1.4511E-04 ERR= -0.0% DM/M= 0.0000E+00
 ELAPSED TIME=         38.05 s  REMAINING TIME=        133.88 s
 NC=   18400 T= 2.6703E+00 DT= 1.4511E-04 ERR= -0.0% DM/M= 0.0000E+00
 ELAPSED TIME=         38.29 s  REMAINING TIME=        133.79 s
 NC=   18500 T= 2.6848E+00 DT= 1.4511E-04 ERR= -0.0% DM/M= 0.0000E+00
 ELAPSED TIME=         38.54 s  REMAINING TIME=        133.70 s
 NC=   18600 T= 2.6993E+00 DT= 1.4511E-04 ERR= -0.0% DM/M= 0.0000E+00
 ELAPSED TIME=         38.78 s  REMAINING TIME=        133.62 s
 NC=   18700 T= 2.7138E+00 DT= 1.4511E-04 ERR= -0.0% DM/M= 0.0000E+00
 ELAPSED TIME=         39.02 s  REMAINING TIME=        133.53 s
 NC=   18800 T= 2.7283E+00 DT= 1.4511E-04 ERR= -0.0% DM/M= 0.0000E+00
 ELAPSED TIME=         39.26 s  REMAINING TIME=        133.43 s
 NC=   18900 T= 2.7428E+00 DT= 1.4511E-04 ERR= -0.0% DM/M= 0.0000E+00
 ELAPSED TIME=         39.51 s  REMAINING TIME=        133.35 s
 NC=   19000 T= 2.7573E+00 DT= 1.4511E-04 ERR= -0.0% DM/M= 0.0000E+00
 ELAPSED TIME=         39.76 s  REMAINING TIME=        133.27 s
 NC=   19100 T= 2.7718E+00 DT= 1.4511E-04 ERR= -0.0% DM/M= 0.0000E+00
 ELAPSED TIME=         40.01 s  REMAINING TIME=        133.19 s
 NC=   19200 T= 2.7863E+00 DT= 1.4511E-04 ERR= -0.0% DM/M= 0.0000E+00
 ELAPSED TIME=         40.21 s  REMAINING TIME=        132.96 s
 NC=   19300 T= 2.8009E+00 DT= 1.4511E-04 ERR= -0.0% DM/M= 0.0000E+00
 ELAPSED TIME=         40.35 s  REMAINING TIME=        132.52 s
 NC=   19400 T= 2.8154E+00 DT= 1.4511E-04 ERR= -0.0% DM/M= 0.0000E+00
 ELAPSED TIME=         40.49 s  REMAINING TIME=        132.09 s
 NC=   19500 T= 2.8299E+00 DT= 1.4511E-04 ERR= -0.0% DM/M= 0.0000E+00
 ELAPSED TIME=         40.73 s  REMAINING TIME=        131.97 s
 NC=   19600 T= 2.8444E+00 DT= 1.4511E-04 ERR= -0.0% DM/M= 0.0000E+00
 ELAPSED TIME=         40.92 s  REMAINING TIME=        131.73 s
 NC=   19700 T= 2.8589E+00 DT= 1.4511E-04 ERR= -0.0% DM/M= 0.0000E+00
 ELAPSED TIME=         41.07 s  REMAINING TIME=        131.30 s
 NC=   19800 T= 2.8734E+00 DT= 1.4511E-04 ERR= -0.0% DM/M= 0.0000E+00
 ELAPSED TIME=         41.21 s  REMAINING TIME=        130.89 s
 NC=   19900 T= 2.8879E+00 DT= 1.4511E-04 ERR= -0.0% DM/M= 0.0000E+00
 ELAPSED TIME=         41.35 s  REMAINING TIME=        130.47 s
 NC=   20000 T= 2.9024E+00 DT= 1.4511E-04 ERR= -0.0% DM/M= 0.0000E+00
 ELAPSED TIME=         41.49 s  REMAINING TIME=        130.06 s
 NC=   20100 T= 2.9169E+00 DT= 1.4511E-04 ERR= -0.0% DM/M= 0.0000E+00
 ELAPSED TIME=         41.64 s  REMAINING TIME=        129.66 s
 NC=   20200 T= 2.9315E+00 DT= 1.4511E-04 ERR= -0.0% DM/M= 0.0000E+00
 ELAPSED TIME=         41.78 s  REMAINING TIME=        129.26 s
 NC=   20300 T= 2.9460E+00 DT= 1.4511E-04 ERR= -0.0% DM/M= 0.0000E+00
 ELAPSED TIME=         41.93 s  REMAINING TIME=        128.86 s
 NC=   20400 T= 2.9605E+00 DT= 1.4511E-04 ERR= -0.0% DM/M= 0.0000E+00
 ELAPSED TIME=         42.07 s  REMAINING TIME=        128.46 s
 NC=   20500 T= 2.9750E+00 DT= 1.4511E-04 ERR= -0.0% DM/M= 0.0000E+00
 ELAPSED TIME=         42.22 s  REMAINING TIME=        128.07 s
 NC=   20600 T= 2.9895E+00 DT= 1.4511E-04 ERR= -0.0% DM/M= 0.0000E+00
 ELAPSED TIME=         42.36 s  REMAINING TIME=        127.68 s
     ANIMATION FILE: I02H_NOPROP_L127_TAB_CHECK_R1A007 WRITTEN
 NC=   20700 T= 3.0040E+00 DT= 1.4511E-04 ERR= -0.0% DM/M= 0.0000E+00
 ELAPSED TIME=         42.51 s  REMAINING TIME=        127.30 s
 NC=   20800 T= 3.0185E+00 DT= 1.4511E-04 ERR= -0.0% DM/M= 0.0000E+00
 ELAPSED TIME=         42.75 s  REMAINING TIME=        127.21 s
 NC=   20900 T= 3.0330E+00 DT= 1.4511E-04 ERR= -0.0% DM/M= 0.0000E+00
 ELAPSED TIME=         43.00 s  REMAINING TIME=        127.12 s
 NC=   21000 T= 3.0475E+00 DT= 1.4511E-04 ERR= -0.0% DM/M= 0.0000E+00
 ELAPSED TIME=         43.24 s  REMAINING TIME=        127.02 s
 NC=   21100 T= 3.0621E+00 DT= 1.4511E-04 ERR= -0.0% DM/M= 0.0000E+00
 ELAPSED TIME=         43.49 s  REMAINING TIME=        126.94 s
 NC=   21200 T= 3.0766E+00 DT= 1.4511E-04 ERR= -0.0% DM/M= 0.0000E+00
 ELAPSED TIME=         43.74 s  REMAINING TIME=        126.86 s
 NC=   21300 T= 3.0911E+00 DT= 1.4511E-04 ERR= -0.0% DM/M= 0.0000E+00
 ELAPSED TIME=         43.99 s  REMAINING TIME=        126.77 s
 NC=   21400 T= 3.1056E+00 DT= 1.4511E-04 ERR= -0.0% DM/M= 0.0000E+00
 ELAPSED TIME=         44.17 s  REMAINING TIME=        126.50 s
 NC=   21500 T= 3.1201E+00 DT= 1.4511E-04 ERR= -0.0% DM/M= 0.0000E+00
 ELAPSED TIME=         44.31 s  REMAINING TIME=        126.12 s
 NC=   21600 T= 3.1346E+00 DT= 1.4511E-04 ERR= -0.0% DM/M= 0.0000E+00
 ELAPSED TIME=         44.46 s  REMAINING TIME=        125.73 s
 NC=   21700 T= 3.1491E+00 DT= 1.4511E-04 ERR= -0.0% DM/M= 0.0000E+00
 ELAPSED TIME=         44.60 s  REMAINING TIME=        125.35 s
 NC=   21800 T= 3.1636E+00 DT= 1.4511E-04 ERR= -0.0% DM/M= 0.0000E+00
 ELAPSED TIME=         44.74 s  REMAINING TIME=        124.97 s
 NC=   21900 T= 3.1781E+00 DT= 1.4511E-04 ERR= -0.0% DM/M= 0.0000E+00
 ELAPSED TIME=         44.96 s  REMAINING TIME=        124.79 s
 NC=   22000 T= 3.1927E+00 DT= 1.4511E-04 ERR= -0.0% DM/M= 0.0000E+00
 ELAPSED TIME=         45.20 s  REMAINING TIME=        124.69 s
 NC=   22100 T= 3.2072E+00 DT= 1.4511E-04 ERR= -0.0% DM/M= 0.0000E+00
 ELAPSED TIME=         45.44 s  REMAINING TIME=        124.59 s
 NC=   22200 T= 3.2217E+00 DT= 1.4511E-04 ERR= -0.0% DM/M= 0.0000E+00
 ELAPSED TIME=         45.69 s  REMAINING TIME=        124.49 s
 NC=   22300 T= 3.2362E+00 DT= 1.4511E-04 ERR= -0.0% DM/M= 0.0000E+00
 ELAPSED TIME=         45.93 s  REMAINING TIME=        124.39 s
 NC=   22400 T= 3.2507E+00 DT= 1.4511E-04 ERR= -0.0% DM/M= 0.0000E+00
 ELAPSED TIME=         46.18 s  REMAINING TIME=        124.29 s
 NC=   22500 T= 3.2652E+00 DT= 1.4511E-04 ERR= -0.0% DM/M= 0.0000E+00
 ELAPSED TIME=         46.42 s  REMAINING TIME=        124.19 s
 NC=   22600 T= 3.2797E+00 DT= 1.4511E-04 ERR= -0.0% DM/M= 0.0000E+00
 ELAPSED TIME=         46.67 s  REMAINING TIME=        124.09 s
 NC=   22700 T= 3.2942E+00 DT= 1.4511E-04 ERR= -0.0% DM/M= 0.0000E+00
 ELAPSED TIME=         46.91 s  REMAINING TIME=        123.98 s
 NC=   22800 T= 3.3087E+00 DT= 1.4511E-04 ERR= -0.0% DM/M= 0.0000E+00
 ELAPSED TIME=         47.15 s  REMAINING TIME=        123.86 s
 NC=   22900 T= 3.3232E+00 DT= 1.4511E-04 ERR= -0.0% DM/M= 0.0000E+00
 ELAPSED TIME=         47.39 s  REMAINING TIME=        123.73 s
 NC=   23000 T= 3.3378E+00 DT= 1.4511E-04 ERR= -0.0% DM/M= 0.0000E+00
 ELAPSED TIME=         47.64 s  REMAINING TIME=        123.63 s
 NC=   23100 T= 3.3523E+00 DT= 1.4511E-04 ERR= -0.0% DM/M= 0.0000E+00
 ELAPSED TIME=         47.86 s  REMAINING TIME=        123.46 s
 NC=   23200 T= 3.3668E+00 DT= 1.4511E-04 ERR= -0.0% DM/M= 0.0000E+00
 ELAPSED TIME=         48.10 s  REMAINING TIME=        123.35 s
 NC=   23300 T= 3.3813E+00 DT= 1.4511E-04 ERR= -0.0% DM/M= 0.0000E+00
 ELAPSED TIME=         48.26 s  REMAINING TIME=        123.01 s
 NC=   23400 T= 3.3958E+00 DT= 1.4511E-04 ERR= -0.0% DM/M= 0.0000E+00
 ELAPSED TIME=         48.40 s  REMAINING TIME=        122.64 s
 NC=   23500 T= 3.4103E+00 DT= 1.4511E-04 ERR= -0.0% DM/M= 0.0000E+00
 ELAPSED TIME=         48.55 s  REMAINING TIME=        122.28 s
 NC=   23600 T= 3.4248E+00 DT= 1.4511E-04 ERR= -0.0% DM/M= 0.0000E+00
 ELAPSED TIME=         48.69 s  REMAINING TIME=        121.91 s
 NC=   23700 T= 3.4393E+00 DT= 1.4511E-04 ERR= -0.0% DM/M= 0.0000E+00
 ELAPSED TIME=         48.83 s  REMAINING TIME=        121.55 s
 NC=   23800 T= 3.4538E+00 DT= 1.4511E-04 ERR= -0.0% DM/M= 0.0000E+00
 ELAPSED TIME=         48.99 s  REMAINING TIME=        121.23 s
 NC=   23900 T= 3.4684E+00 DT= 1.4511E-04 ERR= -0.0% DM/M= 0.0000E+00
 ELAPSED TIME=         49.24 s  REMAINING TIME=        121.14 s
 NC=   24000 T= 3.4829E+00 DT= 1.4510E-04 ERR= -0.0% DM/M= 0.0000E+00
 ELAPSED TIME=         49.50 s  REMAINING TIME=        121.05 s
 NC=   24100 T= 3.4974E+00 DT= 1.4510E-04 ERR= -0.0% DM/M= 0.0000E+00
 ELAPSED TIME=         49.75 s  REMAINING TIME=        120.94 s
     ANIMATION FILE: I02H_NOPROP_L127_TAB_CHECK_R1A008 WRITTEN
 NC=   24200 T= 3.5119E+00 DT= 1.4510E-04 ERR= -0.0% DM/M= 0.0000E+00
 ELAPSED TIME=         50.00 s  REMAINING TIME=        120.85 s
 NC=   24300 T= 3.5264E+00 DT= 1.4510E-04 ERR= -0.0% DM/M= 0.0000E+00
 ELAPSED TIME=         50.20 s  REMAINING TIME=        120.62 s
 NC=   24400 T= 3.5409E+00 DT= 1.4510E-04 ERR= -0.0% DM/M= 0.0000E+00
 ELAPSED TIME=         50.41 s  REMAINING TIME=        120.44 s
 NC=   24500 T= 3.5554E+00 DT= 1.4510E-04 ERR= -0.0% DM/M= 0.0000E+00
 ELAPSED TIME=         50.66 s  REMAINING TIME=        120.32 s
 NC=   24600 T= 3.5699E+00 DT= 1.4510E-04 ERR= -0.0% DM/M= 0.0000E+00
 ELAPSED TIME=         50.91 s  REMAINING TIME=        120.22 s
 NC=   24700 T= 3.5844E+00 DT= 1.4510E-04 ERR= -0.0% DM/M= 0.0000E+00
 ELAPSED TIME=         51.16 s  REMAINING TIME=        120.11 s
 NC=   24800 T= 3.5989E+00 DT= 1.4510E-04 ERR= -0.0% DM/M= 0.0000E+00
 ELAPSED TIME=         51.40 s  REMAINING TIME=        119.99 s
 NC=   24900 T= 3.6135E+00 DT= 1.4510E-04 ERR= -0.0% DM/M= 0.0000E+00
 ELAPSED TIME=         51.65 s  REMAINING TIME=        119.87 s
 NC=   25000 T= 3.6280E+00 DT= 1.4510E-04 ERR= -0.0% DM/M= 0.0000E+00
 ELAPSED TIME=         51.89 s  REMAINING TIME=        119.75 s
 NC=   25100 T= 3.6425E+00 DT= 1.4510E-04 ERR= -0.0% DM/M= 0.0000E+00
 ELAPSED TIME=         52.12 s  REMAINING TIME=        119.59 s
 NC=   25200 T= 3.6570E+00 DT= 1.4510E-04 ERR= -0.0% DM/M= 0.0000E+00
 ELAPSED TIME=         52.36 s  REMAINING TIME=        119.46 s
 NC=   25300 T= 3.6715E+00 DT= 1.4510E-04 ERR= -0.0% DM/M= 0.0000E+00
 ELAPSED TIME=         52.61 s  REMAINING TIME=        119.34 s
 NC=   25400 T= 3.6860E+00 DT= 1.4510E-04 ERR= -0.0% DM/M= 0.0000E+00
 ELAPSED TIME=         52.86 s  REMAINING TIME=        119.22 s
 NC=   25500 T= 3.7005E+00 DT= 1.4510E-04 ERR= -0.0% DM/M= 0.0000E+00
 ELAPSED TIME=         53.05 s  REMAINING TIME=        118.98 s
 NC=   25600 T= 3.7150E+00 DT= 1.4510E-04 ERR= -0.0% DM/M= 0.0000E+00
 ELAPSED TIME=         53.30 s  REMAINING TIME=        118.86 s
 NC=   25700 T= 3.7295E+00 DT= 1.4510E-04 ERR= -0.0% DM/M= 0.0000E+00
 ELAPSED TIME=         53.55 s  REMAINING TIME=        118.74 s
 NC=   25800 T= 3.7441E+00 DT= 1.4510E-04 ERR= -0.0% DM/M= 0.0000E+00
 ELAPSED TIME=         53.80 s  REMAINING TIME=        118.62 s
 NC=   25900 T= 3.7586E+00 DT= 1.4510E-04 ERR= -0.0% DM/M= 0.0000E+00
 ELAPSED TIME=         54.05 s  REMAINING TIME=        118.51 s
 NC=   26000 T= 3.7731E+00 DT= 1.4510E-04 ERR= -0.0% DM/M= 0.0000E+00
 ELAPSED TIME=         54.30 s  REMAINING TIME=        118.39 s
 NC=   26100 T= 3.7876E+00 DT= 1.4510E-04 ERR= -0.0% DM/M= 0.0000E+00
 ELAPSED TIME=         54.54 s  REMAINING TIME=        118.27 s
 NC=   26200 T= 3.8021E+00 DT= 1.4510E-04 ERR= -0.0% DM/M= 0.0000E+00
 ELAPSED TIME=         54.79 s  REMAINING TIME=        118.15 s
 NC=   26300 T= 3.8166E+00 DT= 1.4510E-04 ERR= -0.0% DM/M= 0.0000E+00
 ELAPSED TIME=         55.03 s  REMAINING TIME=        118.00 s
 NC=   26400 T= 3.8311E+00 DT= 1.4510E-04 ERR= -0.0% DM/M= 0.0000E+00
 ELAPSED TIME=         55.18 s  REMAINING TIME=        117.65 s
 NC=   26500 T= 3.8456E+00 DT= 1.4510E-04 ERR= -0.0% DM/M= 0.0000E+00
 ELAPSED TIME=         55.32 s  REMAINING TIME=        117.30 s
 NC=   26600 T= 3.8601E+00 DT= 1.4510E-04 ERR= -0.0% DM/M= 0.0000E+00
 ELAPSED TIME=         55.46 s  REMAINING TIME=        116.95 s
 NC=   26700 T= 3.8746E+00 DT= 1.4510E-04 ERR= -0.0% DM/M= 0.0000E+00
 ELAPSED TIME=         55.60 s  REMAINING TIME=        116.60 s
 NC=   26800 T= 3.8892E+00 DT= 1.4510E-04 ERR= -0.0% DM/M= 0.0000E+00
 ELAPSED TIME=         55.76 s  REMAINING TIME=        116.29 s
 NC=   26900 T= 3.9037E+00 DT= 1.4510E-04 ERR= -0.0% DM/M= 0.0000E+00
 ELAPSED TIME=         56.01 s  REMAINING TIME=        116.17 s
 NC=   27000 T= 3.9182E+00 DT= 1.4510E-04 ERR= -0.0% DM/M= 0.0000E+00
 ELAPSED TIME=         56.23 s  REMAINING TIME=        115.99 s
 NC=   27100 T= 3.9327E+00 DT= 1.4510E-04 ERR= -0.0% DM/M= 0.0000E+00
 ELAPSED TIME=         56.43 s  REMAINING TIME=        115.76 s
 NC=   27200 T= 3.9472E+00 DT= 1.4510E-04 ERR= -0.0% DM/M= 0.0000E+00
 ELAPSED TIME=         56.68 s  REMAINING TIME=        115.63 s
 NC=   27300 T= 3.9617E+00 DT= 1.4510E-04 ERR= -0.0% DM/M= 0.0000E+00
 ELAPSED TIME=         56.93 s  REMAINING TIME=        115.51 s
 NC=   27400 T= 3.9762E+00 DT= 1.4510E-04 ERR= -0.0% DM/M= 0.0000E+00
 ELAPSED TIME=         57.18 s  REMAINING TIME=        115.40 s
 NC=   27500 T= 3.9907E+00 DT= 1.4510E-04 ERR= -0.0% DM/M= 0.0000E+00
 ELAPSED TIME=         57.34 s  REMAINING TIME=        115.07 s
     ANIMATION FILE: I02H_NOPROP_L127_TAB_CHECK_R1A009 WRITTEN
 NC=   27600 T= 4.0052E+00 DT= 1.4510E-04 ERR= -0.0% DM/M= 0.0000E+00
 ELAPSED TIME=         57.52 s  REMAINING TIME=        114.81 s
 NC=   27700 T= 4.0197E+00 DT= 1.4510E-04 ERR= -0.0% DM/M= 0.0000E+00
 ELAPSED TIME=         57.76 s  REMAINING TIME=        114.67 s
 NC=   27800 T= 4.0343E+00 DT= 1.4510E-04 ERR= -0.0% DM/M= 0.0000E+00
 ELAPSED TIME=         58.01 s  REMAINING TIME=        114.54 s
 NC=   27900 T= 4.0488E+00 DT= 1.4510E-04 ERR= -0.0% DM/M= 0.0000E+00
 ELAPSED TIME=         58.25 s  REMAINING TIME=        114.40 s
 NC=   28000 T= 4.0633E+00 DT= 1.4510E-04 ERR= -0.0% DM/M= 0.0000E+00
 ELAPSED TIME=         58.50 s  REMAINING TIME=        114.27 s
 NC=   28100 T= 4.0778E+00 DT= 1.4510E-04 ERR= -0.0% DM/M= 0.0000E+00
 ELAPSED TIME=         58.75 s  REMAINING TIME=        114.14 s
 NC=   28200 T= 4.0923E+00 DT= 1.4510E-04 ERR= -0.0% DM/M= 0.0000E+00
 ELAPSED TIME=         58.99 s  REMAINING TIME=        113.99 s
 NC=   28300 T= 4.1068E+00 DT= 1.4510E-04 ERR= -0.0% DM/M= 0.0000E+00
 ELAPSED TIME=         59.13 s  REMAINING TIME=        113.65 s
 NC=   28400 T= 4.1213E+00 DT= 1.4510E-04 ERR= -0.0% DM/M= 0.0000E+00
 ELAPSED TIME=         59.28 s  REMAINING TIME=        113.32 s
 NC=   28500 T= 4.1358E+00 DT= 1.4510E-04 ERR= -0.0% DM/M= 0.0000E+00
 ELAPSED TIME=         59.42 s  REMAINING TIME=        112.98 s
 NC=   28600 T= 4.1503E+00 DT= 1.4510E-04 ERR= -0.0% DM/M= 0.0000E+00
 ELAPSED TIME=         59.63 s  REMAINING TIME=        112.78 s
 NC=   28700 T= 4.1648E+00 DT= 1.4510E-04 ERR= -0.0% DM/M= 0.0000E+00
 ELAPSED TIME=         59.86 s  REMAINING TIME=        112.60 s
 NC=   28800 T= 4.1793E+00 DT= 1.4510E-04 ERR= -0.0% DM/M= 0.0000E+00
 ELAPSED TIME=         60.00 s  REMAINING TIME=        112.27 s
 NC=   28900 T= 4.1939E+00 DT= 1.4510E-04 ERR= -0.0% DM/M= 0.0000E+00
 ELAPSED TIME=         60.14 s  REMAINING TIME=        111.94 s
 NC=   29000 T= 4.2084E+00 DT= 1.4510E-04 ERR= -0.0% DM/M= 0.0000E+00
 ELAPSED TIME=         60.29 s  REMAINING TIME=        111.63 s
 NC=   29100 T= 4.2229E+00 DT= 1.4510E-04 ERR= -0.0% DM/M= 0.0000E+00
 ELAPSED TIME=         60.45 s  REMAINING TIME=        111.32 s
 NC=   29200 T= 4.2374E+00 DT= 1.4509E-04 ERR= -0.0% DM/M= 0.0000E+00
 ELAPSED TIME=         60.59 s  REMAINING TIME=        111.00 s
 NC=   29300 T= 4.2519E+00 DT= 1.4509E-04 ERR= -0.0% DM/M= 0.0000E+00
 ELAPSED TIME=         60.78 s  REMAINING TIME=        110.76 s
 NC=   29400 T= 4.2664E+00 DT= 1.4509E-04 ERR= -0.0% DM/M= 0.0000E+00
 ELAPSED TIME=         61.03 s  REMAINING TIME=        110.63 s
 NC=   29500 T= 4.2809E+00 DT= 1.4509E-04 ERR= -0.0% DM/M= 0.0000E+00
 ELAPSED TIME=         61.29 s  REMAINING TIME=        110.51 s
 NC=   29600 T= 4.2954E+00 DT= 1.4509E-04 ERR= -0.0% DM/M= 0.0000E+00
 ELAPSED TIME=         61.50 s  REMAINING TIME=        110.32 s
 NC=   29700 T= 4.3099E+00 DT= 1.4509E-04 ERR= -0.0% DM/M= 0.0000E+00
 ELAPSED TIME=         61.65 s  REMAINING TIME=        110.00 s
 NC=   29800 T= 4.3244E+00 DT= 1.4509E-04 ERR= -0.0% DM/M= 0.0000E+00
 ELAPSED TIME=         61.81 s  REMAINING TIME=        109.71 s
 NC=   29900 T= 4.3390E+00 DT= 1.4509E-04 ERR= -0.0% DM/M= 0.0000E+00
 ELAPSED TIME=         62.04 s  REMAINING TIME=        109.54 s
 NC=   30000 T= 4.3535E+00 DT= 1.4509E-04 ERR= -0.0% DM/M= 0.0000E+00
 ELAPSED TIME=         62.23 s  REMAINING TIME=        109.31 s
 NC=   30100 T= 4.3680E+00 DT= 1.4509E-04 ERR= -0.0% DM/M= 0.0000E+00
 ELAPSED TIME=         62.38 s  REMAINING TIME=        108.99 s
 NC=   30200 T= 4.3825E+00 DT= 1.4509E-04 ERR= -0.0% DM/M= 0.0000E+00
 ELAPSED TIME=         62.55 s  REMAINING TIME=        108.73 s
 NC=   30300 T= 4.3970E+00 DT= 1.4509E-04 ERR= -0.0% DM/M= 0.0000E+00
 ELAPSED TIME=         62.79 s  REMAINING TIME=        108.57 s
 NC=   30400 T= 4.4115E+00 DT= 1.4509E-04 ERR= -0.0% DM/M= 0.0000E+00
 ELAPSED TIME=         63.04 s  REMAINING TIME=        108.43 s
 NC=   30500 T= 4.4260E+00 DT= 1.4509E-04 ERR= -0.0% DM/M= 0.0000E+00
 ELAPSED TIME=         63.28 s  REMAINING TIME=        108.29 s
 NC=   30600 T= 4.4405E+00 DT= 1.4509E-04 ERR= -0.0% DM/M= 0.0000E+00
 ELAPSED TIME=         63.53 s  REMAINING TIME=        108.15 s
 NC=   30700 T= 4.4550E+00 DT= 1.4509E-04 ERR= -0.0% DM/M= 0.0000E+00
 ELAPSED TIME=         63.78 s  REMAINING TIME=        108.01 s
 NC=   30800 T= 4.4695E+00 DT= 1.4509E-04 ERR= -0.0% DM/M= 0.0000E+00
 ELAPSED TIME=         64.02 s  REMAINING TIME=        107.87 s
 NC=   30900 T= 4.4840E+00 DT= 1.4509E-04 ERR= -0.0% DM/M= 0.0000E+00
 ELAPSED TIME=         64.27 s  REMAINING TIME=        107.72 s
 NC=   31000 T= 4.4986E+00 DT= 1.4509E-04 ERR= -0.0% DM/M= 0.0000E+00
 ELAPSED TIME=         64.44 s  REMAINING TIME=        107.45 s
     ANIMATION FILE: I02H_NOPROP_L127_TAB_CHECK_R1A010 WRITTEN
 NC=   31100 T= 4.5131E+00 DT= 1.4509E-04 ERR= -0.0% DM/M= 0.0000E+00
 ELAPSED TIME=         64.58 s  REMAINING TIME=        107.14 s
 NC=   31200 T= 4.5276E+00 DT= 1.4509E-04 ERR= -0.0% DM/M= 0.0000E+00
 ELAPSED TIME=         64.72 s  REMAINING TIME=        106.82 s
 NC=   31300 T= 4.5421E+00 DT= 1.4509E-04 ERR= -0.0% DM/M= 0.0000E+00
 ELAPSED TIME=         64.87 s  REMAINING TIME=        106.51 s
 NC=   31400 T= 4.5566E+00 DT= 1.4509E-04 ERR= -0.0% DM/M= 0.0000E+00
 ELAPSED TIME=         65.01 s  REMAINING TIME=        106.20 s
 NC=   31500 T= 4.5711E+00 DT= 1.4509E-04 ERR= -0.0% DM/M= 0.0000E+00
 ELAPSED TIME=         65.25 s  REMAINING TIME=        106.04 s
 NC=   31600 T= 4.5856E+00 DT= 1.4509E-04 ERR= -0.0% DM/M= 0.0000E+00
 ELAPSED TIME=         65.50 s  REMAINING TIME=        105.90 s
 NC=   31700 T= 4.6001E+00 DT= 1.4509E-04 ERR= -0.0% DM/M= 0.0000E+00
 ELAPSED TIME=         65.74 s  REMAINING TIME=        105.76 s
 NC=   31800 T= 4.6146E+00 DT= 1.4509E-04 ERR= -0.0% DM/M= 0.0000E+00
 ELAPSED TIME=         65.98 s  REMAINING TIME=        105.59 s
 NC=   31900 T= 4.6291E+00 DT= 1.4509E-04 ERR= -0.0% DM/M= 0.0000E+00
 ELAPSED TIME=         66.22 s  REMAINING TIME=        105.44 s
 NC=   32000 T= 4.6436E+00 DT= 1.4509E-04 ERR= -0.0% DM/M= 0.0000E+00
 ELAPSED TIME=         66.47 s  REMAINING TIME=        105.29 s
 NC=   32100 T= 4.6582E+00 DT= 1.4509E-04 ERR= -0.0% DM/M= 0.0000E+00
 ELAPSED TIME=         66.62 s  REMAINING TIME=        105.01 s
 NC=   32200 T= 4.6727E+00 DT= 1.4509E-04 ERR= -0.0% DM/M= 0.0000E+00
 ELAPSED TIME=         66.78 s  REMAINING TIME=        104.72 s
 NC=   32300 T= 4.6872E+00 DT= 1.4509E-04 ERR= -0.0% DM/M= 0.0000E+00
 ELAPSED TIME=         66.94 s  REMAINING TIME=        104.44 s
 NC=   32400 T= 4.7017E+00 DT= 1.4509E-04 ERR= -0.0% DM/M= 0.0000E+00
 ELAPSED TIME=         67.11 s  REMAINING TIME=        104.17 s
 NC=   32500 T= 4.7162E+00 DT= 1.4509E-04 ERR= -0.0% DM/M= 0.0000E+00
 ELAPSED TIME=         67.31 s  REMAINING TIME=        103.96 s
 NC=   32600 T= 4.7307E+00 DT= 1.4509E-04 ERR= -0.0% DM/M= 0.0000E+00
 ELAPSED TIME=         67.52 s  REMAINING TIME=        103.76 s
 NC=   32700 T= 4.7452E+00 DT= 1.4509E-04 ERR= -0.0% DM/M= 0.0000E+00
 ELAPSED TIME=         67.77 s  REMAINING TIME=        103.61 s
 NC=   32800 T= 4.7597E+00 DT= 1.4509E-04 ERR= -0.0% DM/M= 0.0000E+00
 ELAPSED TIME=         68.01 s  REMAINING TIME=        103.46 s
 NC=   32900 T= 4.7742E+00 DT= 1.4509E-04 ERR= -0.0% DM/M= 0.0000E+00
 ELAPSED TIME=         68.25 s  REMAINING TIME=        103.30 s
 NC=   33000 T= 4.7887E+00 DT= 1.4509E-04 ERR= -0.0% DM/M= 0.0000E+00
 ELAPSED TIME=         68.50 s  REMAINING TIME=        103.15 s
 NC=   33100 T= 4.8032E+00 DT= 1.4509E-04 ERR= -0.0% DM/M= 0.0000E+00
 ELAPSED TIME=         68.74 s  REMAINING TIME=        103.00 s
 NC=   33200 T= 4.8177E+00 DT= 1.4509E-04 ERR= -0.0% DM/M= 0.0000E+00
 ELAPSED TIME=         68.96 s  REMAINING TIME=        102.80 s
 NC=   33300 T= 4.8323E+00 DT= 1.4509E-04 ERR= -0.0% DM/M= 0.0000E+00
 ELAPSED TIME=         69.19 s  REMAINING TIME=        102.63 s
 NC=   33400 T= 4.8468E+00 DT= 1.4509E-04 ERR= -0.0% DM/M= 0.0000E+00
 ELAPSED TIME=         69.44 s  REMAINING TIME=        102.48 s
 NC=   33500 T= 4.8613E+00 DT= 1.4509E-04 ERR= -0.0% DM/M= 0.0000E+00
 ELAPSED TIME=         69.63 s  REMAINING TIME=        102.25 s
 NC=   33600 T= 4.8758E+00 DT= 1.4509E-04 ERR= -0.0% DM/M= 0.0000E+00
 ELAPSED TIME=         69.79 s  REMAINING TIME=        101.97 s
 NC=   33700 T= 4.8903E+00 DT= 1.4508E-04 ERR= -0.0% DM/M= 0.0000E+00
 ELAPSED TIME=         70.03 s  REMAINING TIME=        101.81 s
 NC=   33800 T= 4.9048E+00 DT= 1.4508E-04 ERR= -0.0% DM/M= 0.0000E+00
 ELAPSED TIME=         70.25 s  REMAINING TIME=        101.63 s
 NC=   33900 T= 4.9193E+00 DT= 1.4508E-04 ERR= -0.0% DM/M= 0.0000E+00
 ELAPSED TIME=         70.50 s  REMAINING TIME=        101.48 s
 NC=   34000 T= 4.9338E+00 DT= 1.4508E-04 ERR= -0.0% DM/M= 0.0000E+00
 ELAPSED TIME=         70.76 s  REMAINING TIME=        101.34 s
 NC=   34100 T= 4.9483E+00 DT= 1.4508E-04 ERR= -0.0% DM/M= 0.0000E+00
 ELAPSED TIME=         71.00 s  REMAINING TIME=        101.18 s
 NC=   34200 T= 4.9628E+00 DT= 1.4508E-04 ERR= -0.0% DM/M= 0.0000E+00
 ELAPSED TIME=         71.23 s  REMAINING TIME=        101.00 s
 NC=   34300 T= 4.9773E+00 DT= 1.4508E-04 ERR= -0.0% DM/M= 0.0000E+00
 ELAPSED TIME=         71.37 s  REMAINING TIME=        100.70 s
 NC=   34400 T= 4.9918E+00 DT= 1.4508E-04 ERR= -0.0% DM/M= 0.0000E+00
 ELAPSED TIME=         71.51 s  REMAINING TIME=        100.40 s
     ANIMATION FILE: I02H_NOPROP_L127_TAB_CHECK_R1A011 WRITTEN
 NC=   34500 T= 5.0064E+00 DT= 1.4508E-04 ERR= -0.0% DM/M= 0.0000E+00
 ELAPSED TIME=         71.66 s  REMAINING TIME=        100.11 s
 NC=   34600 T= 5.0209E+00 DT= 1.4508E-04 ERR= -0.0% DM/M= 0.0000E+00
 ELAPSED TIME=         71.82 s  REMAINING TIME=         99.83 s
 NC=   34700 T= 5.0354E+00 DT= 1.4508E-04 ERR= -0.0% DM/M= 0.0000E+00
 ELAPSED TIME=         72.07 s  REMAINING TIME=         99.68 s
 NC=   34800 T= 5.0499E+00 DT= 1.4508E-04 ERR= -0.0% DM/M= 0.0000E+00
 ELAPSED TIME=         72.31 s  REMAINING TIME=         99.52 s
 NC=   34900 T= 5.0644E+00 DT= 1.4508E-04 ERR= -0.0% DM/M= 0.0000E+00
 ELAPSED TIME=         72.56 s  REMAINING TIME=         99.37 s
 NC=   35000 T= 5.0789E+00 DT= 1.4508E-04 ERR= -0.0% DM/M= 0.0000E+00
 ELAPSED TIME=         72.81 s  REMAINING TIME=         99.22 s
 NC=   35100 T= 5.0934E+00 DT= 1.4508E-04 ERR= -0.0% DM/M= 0.0000E+00
 ELAPSED TIME=         72.99 s  REMAINING TIME=         98.98 s
 NC=   35200 T= 5.1079E+00 DT= 1.4508E-04 ERR= -0.0% DM/M= 0.0000E+00
 ELAPSED TIME=         73.20 s  REMAINING TIME=         98.77 s
 NC=   35300 T= 5.1224E+00 DT= 1.4508E-04 ERR= -0.0% DM/M= 0.0000E+00
 ELAPSED TIME=         73.45 s  REMAINING TIME=         98.61 s
 NC=   35400 T= 5.1369E+00 DT= 1.4508E-04 ERR= -0.0% DM/M= 0.0000E+00
 ELAPSED TIME=         73.69 s  REMAINING TIME=         98.45 s
 NC=   35500 T= 5.1514E+00 DT= 1.4508E-04 ERR= -0.0% DM/M= 0.0000E+00
 ELAPSED TIME=         73.93 s  REMAINING TIME=         98.29 s
 NC=   35600 T= 5.1659E+00 DT= 1.4508E-04 ERR= -0.0% DM/M= 0.0000E+00
 ELAPSED TIME=         74.18 s  REMAINING TIME=         98.13 s
 NC=   35700 T= 5.1805E+00 DT= 1.4508E-04 ERR= -0.0% DM/M= 0.0000E+00
 ELAPSED TIME=         74.42 s  REMAINING TIME=         97.97 s
 NC=   35800 T= 5.1950E+00 DT= 1.4508E-04 ERR= -0.0% DM/M= 0.0000E+00
 ELAPSED TIME=         74.66 s  REMAINING TIME=         97.80 s
 NC=   35900 T= 5.2095E+00 DT= 1.4508E-04 ERR= -0.0% DM/M= 0.0000E+00
 ELAPSED TIME=         74.91 s  REMAINING TIME=         97.64 s
 NC=   36000 T= 5.2240E+00 DT= 1.4508E-04 ERR= -0.0% DM/M= 0.0000E+00
 ELAPSED TIME=         75.11 s  REMAINING TIME=         97.42 s
 NC=   36100 T= 5.2385E+00 DT= 1.4508E-04 ERR= -0.0% DM/M= 0.0000E+00
 ELAPSED TIME=         75.36 s  REMAINING TIME=         97.27 s
 NC=   36200 T= 5.2530E+00 DT= 1.4508E-04 ERR= -0.0% DM/M= 0.0000E+00
 ELAPSED TIME=         75.61 s  REMAINING TIME=         97.11 s
 NC=   36300 T= 5.2675E+00 DT= 1.4508E-04 ERR= -0.0% DM/M= 0.0000E+00
 ELAPSED TIME=         75.75 s  REMAINING TIME=         96.82 s
 NC=   36400 T= 5.2820E+00 DT= 1.4508E-04 ERR= -0.0% DM/M= 0.0000E+00
 ELAPSED TIME=         75.89 s  REMAINING TIME=         96.52 s
 NC=   36500 T= 5.2965E+00 DT= 1.4508E-04 ERR= -0.0% DM/M= 0.0000E+00
 ELAPSED TIME=         76.09 s  REMAINING TIME=         96.30 s
 NC=   36600 T= 5.3110E+00 DT= 1.4508E-04 ERR= -0.0% DM/M= 0.0000E+00
 ELAPSED TIME=         76.30 s  REMAINING TIME=         96.10 s
 NC=   36700 T= 5.3255E+00 DT= 1.4508E-04 ERR= -0.0% DM/M= 0.0000E+00
 ELAPSED TIME=         76.49 s  REMAINING TIME=         95.86 s
 NC=   36800 T= 5.3400E+00 DT= 1.4508E-04 ERR= -0.0% DM/M= 0.0000E+00
 ELAPSED TIME=         76.63 s  REMAINING TIME=         95.57 s
 NC=   36900 T= 5.3546E+00 DT= 1.4508E-04 ERR= -0.0% DM/M= 0.0000E+00
 ELAPSED TIME=         76.77 s  REMAINING TIME=         95.28 s
 NC=   37000 T= 5.3691E+00 DT= 1.4508E-04 ERR= -0.0% DM/M= 0.0000E+00
 ELAPSED TIME=         76.91 s  REMAINING TIME=         94.99 s
 NC=   37100 T= 5.3836E+00 DT= 1.4508E-04 ERR= -0.0% DM/M= 0.0000E+00
 ELAPSED TIME=         77.06 s  REMAINING TIME=         94.71 s
 NC=   37200 T= 5.3981E+00 DT= 1.4508E-04 ERR= -0.0% DM/M= 0.0000E+00
 ELAPSED TIME=         77.20 s  REMAINING TIME=         94.42 s
 NC=   37300 T= 5.4126E+00 DT= 1.4508E-04 ERR= -0.0% DM/M= 0.0000E+00
 ELAPSED TIME=         77.34 s  REMAINING TIME=         94.13 s
 NC=   37400 T= 5.4271E+00 DT= 1.4508E-04 ERR= -0.0% DM/M= 0.0000E+00
 ELAPSED TIME=         77.55 s  REMAINING TIME=         93.92 s
 NC=   37500 T= 5.4416E+00 DT= 1.4508E-04 ERR= -0.0% DM/M= 0.0000E+00
 ELAPSED TIME=         77.79 s  REMAINING TIME=         93.76 s
 NC=   37600 T= 5.4561E+00 DT= 1.4508E-04 ERR= -0.0% DM/M= 0.0000E+00
 ELAPSED TIME=         78.04 s  REMAINING TIME=         93.60 s
 NC=   37700 T= 5.4706E+00 DT= 1.4508E-04 ERR= -0.0% DM/M= 0.0000E+00
 ELAPSED TIME=         78.29 s  REMAINING TIME=         93.44 s
 NC=   37800 T= 5.4851E+00 DT= 1.4507E-04 ERR= -0.0% DM/M= 0.0000E+00
 ELAPSED TIME=         78.54 s  REMAINING TIME=         93.28 s
 NC=   37900 T= 5.4996E+00 DT= 1.4507E-04 ERR= -0.0% DM/M= 0.0000E+00
 ELAPSED TIME=         78.79 s  REMAINING TIME=         93.13 s
     ANIMATION FILE: I02H_NOPROP_L127_TAB_CHECK_R1A012 WRITTEN
 NC=   38000 T= 5.5141E+00 DT= 1.4507E-04 ERR= -0.0% DM/M= 0.0000E+00
 ELAPSED TIME=         78.97 s  REMAINING TIME=         92.89 s
 NC=   38100 T= 5.5286E+00 DT= 1.4507E-04 ERR= -0.0% DM/M= 0.0000E+00
 ELAPSED TIME=         79.14 s  REMAINING TIME=         92.63 s
 NC=   38200 T= 5.5431E+00 DT= 1.4507E-04 ERR= -0.0% DM/M= 0.0000E+00
 ELAPSED TIME=         79.34 s  REMAINING TIME=         92.42 s
 NC=   38300 T= 5.5577E+00 DT= 1.4507E-04 ERR= -0.0% DM/M= 0.0000E+00
 ELAPSED TIME=         79.51 s  REMAINING TIME=         92.17 s
 NC=   38400 T= 5.5722E+00 DT= 1.4507E-04 ERR= -0.0% DM/M= 0.0000E+00
 ELAPSED TIME=         79.65 s  REMAINING TIME=         91.88 s
 NC=   38500 T= 5.5867E+00 DT= 1.4507E-04 ERR= -0.0% DM/M= 0.0000E+00
 ELAPSED TIME=         79.83 s  REMAINING TIME=         91.64 s
 NC=   38600 T= 5.6012E+00 DT= 1.4507E-04 ERR= -0.0% DM/M= 0.0000E+00
 ELAPSED TIME=         80.08 s  REMAINING TIME=         91.49 s
 NC=   38700 T= 5.6157E+00 DT= 1.4507E-04 ERR= -0.0% DM/M= 0.0000E+00
 ELAPSED TIME=         80.33 s  REMAINING TIME=         91.33 s
 NC=   38800 T= 5.6302E+00 DT= 1.4507E-04 ERR= -0.0% DM/M= 0.0000E+00
 ELAPSED TIME=         80.58 s  REMAINING TIME=         91.16 s
 NC=   38900 T= 5.6447E+00 DT= 1.4507E-04 ERR= -0.0% DM/M= 0.0000E+00
 ELAPSED TIME=         80.75 s  REMAINING TIME=         90.92 s
 NC=   39000 T= 5.6592E+00 DT= 1.4507E-04 ERR= -0.0% DM/M= 0.0000E+00
 ELAPSED TIME=         80.99 s  REMAINING TIME=         90.75 s
 NC=   39100 T= 5.6737E+00 DT= 1.4507E-04 ERR= -0.0% DM/M= 0.0000E+00
 ELAPSED TIME=         81.24 s  REMAINING TIME=         90.58 s
 NC=   39200 T= 5.6882E+00 DT= 1.4507E-04 ERR= -0.0% DM/M= 0.0000E+00
 ELAPSED TIME=         81.46 s  REMAINING TIME=         90.39 s
 NC=   39300 T= 5.7027E+00 DT= 1.4507E-04 ERR= -0.0% DM/M= 0.0000E+00
 ELAPSED TIME=         81.67 s  REMAINING TIME=         90.19 s
 NC=   39400 T= 5.7172E+00 DT= 1.4507E-04 ERR= -0.0% DM/M= 0.0000E+00
 ELAPSED TIME=         81.90 s  REMAINING TIME=         90.00 s
 NC=   39500 T= 5.7317E+00 DT= 1.4507E-04 ERR= -0.0% DM/M= 0.0000E+00
 ELAPSED TIME=         82.15 s  REMAINING TIME=         89.84 s
 NC=   39600 T= 5.7462E+00 DT= 1.4507E-04 ERR= -0.0% DM/M= 0.0000E+00
 ELAPSED TIME=         82.40 s  REMAINING TIME=         89.67 s
 NC=   39700 T= 5.7608E+00 DT= 1.4507E-04 ERR= -0.0% DM/M= 0.0000E+00
 ELAPSED TIME=         82.58 s  REMAINING TIME=         89.44 s
 NC=   39800 T= 5.7753E+00 DT= 1.4507E-04 ERR= -0.0% DM/M= 0.0000E+00
 ELAPSED TIME=         82.82 s  REMAINING TIME=         89.27 s
 NC=   39900 T= 5.7898E+00 DT= 1.4507E-04 ERR= -0.0% DM/M= 0.0000E+00
 ELAPSED TIME=         83.05 s  REMAINING TIME=         89.08 s
 NC=   40000 T= 5.8043E+00 DT= 1.4507E-04 ERR= -0.0% DM/M= 0.0000E+00
 ELAPSED TIME=         83.30 s  REMAINING TIME=         88.92 s
 NC=   40100 T= 5.8188E+00 DT= 1.4507E-04 ERR= -0.0% DM/M= 0.0000E+00
 ELAPSED TIME=         83.55 s  REMAINING TIME=         88.75 s
 NC=   40200 T= 5.8333E+00 DT= 1.4507E-04 ERR= -0.0% DM/M= 0.0000E+00
 ELAPSED TIME=         83.80 s  REMAINING TIME=         88.59 s
 NC=   40300 T= 5.8478E+00 DT= 1.4507E-04 ERR= -0.0% DM/M= 0.0000E+00
 ELAPSED TIME=         83.96 s  REMAINING TIME=         88.34 s
 NC=   40400 T= 5.8623E+00 DT= 1.4507E-04 ERR= -0.0% DM/M= 0.0000E+00
 ELAPSED TIME=         84.21 s  REMAINING TIME=         88.17 s
 NC=   40500 T= 5.8768E+00 DT= 1.4507E-04 ERR= -0.0% DM/M= 0.0000E+00
 ELAPSED TIME=         84.46 s  REMAINING TIME=         88.00 s
 NC=   40600 T= 5.8913E+00 DT= 1.4507E-04 ERR= -0.0% DM/M= 0.0000E+00
 ELAPSED TIME=         84.69 s  REMAINING TIME=         87.81 s
 NC=   40700 T= 5.9058E+00 DT= 1.4507E-04 ERR= -0.0% DM/M= 0.0000E+00
 ELAPSED TIME=         84.83 s  REMAINING TIME=         87.54 s
 NC=   40800 T= 5.9203E+00 DT= 1.4507E-04 ERR= -0.0% DM/M= 0.0000E+00
 ELAPSED TIME=         84.97 s  REMAINING TIME=         87.26 s
 NC=   40900 T= 5.9348E+00 DT= 1.4507E-04 ERR= -0.0% DM/M= 0.0000E+00
 ELAPSED TIME=         85.12 s  REMAINING TIME=         86.98 s
 NC=   41000 T= 5.9493E+00 DT= 1.4507E-04 ERR= -0.0% DM/M= 0.0000E+00
 ELAPSED TIME=         85.26 s  REMAINING TIME=         86.71 s
 NC=   41100 T= 5.9639E+00 DT= 1.4507E-04 ERR= -0.0% DM/M= 0.0000E+00
 ELAPSED TIME=         85.45 s  REMAINING TIME=         86.49 s
 NC=   41200 T= 5.9784E+00 DT= 1.4507E-04 ERR= -0.0% DM/M= 0.0000E+00
 ELAPSED TIME=         85.70 s  REMAINING TIME=         86.32 s
 NC=   41300 T= 5.9929E+00 DT= 1.4507E-04 ERR= -0.0% DM/M= 0.0000E+00
 ELAPSED TIME=         85.94 s  REMAINING TIME=         86.15 s
     ANIMATION FILE: I02H_NOPROP_L127_TAB_CHECK_R1A013 WRITTEN
 NC=   41400 T= 6.0074E+00 DT= 1.4507E-04 ERR= -0.0% DM/M= 0.0000E+00
 ELAPSED TIME=         86.20 s  REMAINING TIME=         85.98 s
 NC=   41500 T= 6.0219E+00 DT= 1.4506E-04 ERR= -0.0% DM/M= 0.0000E+00
 ELAPSED TIME=         86.44 s  REMAINING TIME=         85.81 s
 NC=   41600 T= 6.0364E+00 DT= 1.4506E-04 ERR= -0.0% DM/M= 0.0000E+00
 ELAPSED TIME=         86.64 s  REMAINING TIME=         85.60 s
 NC=   41700 T= 6.0509E+00 DT= 1.4506E-04 ERR= -0.0% DM/M= 0.0000E+00
 ELAPSED TIME=         86.78 s  REMAINING TIME=         85.32 s
 NC=   41800 T= 6.0654E+00 DT= 1.4506E-04 ERR= -0.0% DM/M= 0.0000E+00
 ELAPSED TIME=         86.92 s  REMAINING TIME=         85.05 s
 NC=   41900 T= 6.0799E+00 DT= 1.4506E-04 ERR= -0.0% DM/M= 0.0000E+00
 ELAPSED TIME=         87.11 s  REMAINING TIME=         84.82 s
 NC=   42000 T= 6.0944E+00 DT= 1.4506E-04 ERR= -0.0% DM/M= 0.0000E+00
 ELAPSED TIME=         87.35 s  REMAINING TIME=         84.64 s
 NC=   42100 T= 6.1089E+00 DT= 1.4506E-04 ERR= -0.0% DM/M= 0.0000E+00
 ELAPSED TIME=         87.59 s  REMAINING TIME=         84.47 s
 NC=   42200 T= 6.1234E+00 DT= 1.4506E-04 ERR= -0.0% DM/M= 0.0000E+00
 ELAPSED TIME=         87.84 s  REMAINING TIME=         84.29 s
 NC=   42300 T= 6.1379E+00 DT= 1.4506E-04 ERR= -0.0% DM/M= 0.0000E+00
 ELAPSED TIME=         88.07 s  REMAINING TIME=         84.11 s
 NC=   42400 T= 6.1524E+00 DT= 1.4506E-04 ERR= -0.0% DM/M= 0.0000E+00
 ELAPSED TIME=         88.24 s  REMAINING TIME=         83.87 s
 NC=   42500 T= 6.1669E+00 DT= 1.4506E-04 ERR= -0.0% DM/M= 0.0000E+00
 ELAPSED TIME=         88.38 s  REMAINING TIME=         83.60 s
 NC=   42600 T= 6.1814E+00 DT= 1.4506E-04 ERR= -0.0% DM/M= 0.0000E+00
 ELAPSED TIME=         88.53 s  REMAINING TIME=         83.33 s
 NC=   42700 T= 6.1960E+00 DT= 1.4506E-04 ERR= -0.0% DM/M= 0.0000E+00
 ELAPSED TIME=         88.67 s  REMAINING TIME=         83.06 s
 NC=   42800 T= 6.2105E+00 DT= 1.4506E-04 ERR= -0.0% DM/M= 0.0000E+00
 ELAPSED TIME=         88.81 s  REMAINING TIME=         82.79 s
 NC=   42900 T= 6.2250E+00 DT= 1.4506E-04 ERR= -0.0% DM/M= 0.0000E+00
 ELAPSED TIME=         88.95 s  REMAINING TIME=         82.52 s
 NC=   43000 T= 6.2395E+00 DT= 1.4506E-04 ERR= -0.0% DM/M= 0.0000E+00
 ELAPSED TIME=         89.09 s  REMAINING TIME=         82.25 s
 NC=   43100 T= 6.2540E+00 DT= 1.4506E-04 ERR= -0.0% DM/M= 0.0000E+00
 ELAPSED TIME=         89.24 s  REMAINING TIME=         81.99 s
 NC=   43200 T= 6.2685E+00 DT= 1.4506E-04 ERR= -0.0% DM/M= 0.0000E+00
 ELAPSED TIME=         89.38 s  REMAINING TIME=         81.73 s
 NC=   43300 T= 6.2830E+00 DT= 1.4506E-04 ERR= -0.0% DM/M= 0.0000E+00
 ELAPSED TIME=         89.52 s  REMAINING TIME=         81.46 s
 NC=   43400 T= 6.2975E+00 DT= 1.4506E-04 ERR= -0.0% DM/M= 0.0000E+00
 ELAPSED TIME=         89.68 s  REMAINING TIME=         81.21 s
 NC=   43500 T= 6.3120E+00 DT= 1.4506E-04 ERR= -0.0% DM/M= 0.0000E+00
 ELAPSED TIME=         89.89 s  REMAINING TIME=         81.01 s
 NC=   43600 T= 6.3265E+00 DT= 1.4506E-04 ERR= -0.0% DM/M= 0.0000E+00
 ELAPSED TIME=         90.11 s  REMAINING TIME=         80.81 s
 NC=   43700 T= 6.3410E+00 DT= 1.4506E-04 ERR= -0.0% DM/M= 0.0000E+00
 ELAPSED TIME=         90.25 s  REMAINING TIME=         80.55 s
 NC=   43800 T= 6.3555E+00 DT= 1.4506E-04 ERR= -0.0% DM/M= 0.0000E+00
 ELAPSED TIME=         90.40 s  REMAINING TIME=         80.28 s
 NC=   43900 T= 6.3700E+00 DT= 1.4506E-04 ERR= -0.0% DM/M= 0.0000E+00
 ELAPSED TIME=         90.54 s  REMAINING TIME=         80.02 s
 NC=   44000 T= 6.3845E+00 DT= 1.4506E-04 ERR= -0.0% DM/M= 0.0000E+00
 ELAPSED TIME=         90.68 s  REMAINING TIME=         79.76 s
 NC=   44100 T= 6.3990E+00 DT= 1.4506E-04 ERR= -0.0% DM/M= 0.0000E+00
 ELAPSED TIME=         90.83 s  REMAINING TIME=         79.50 s
 NC=   44200 T= 6.4135E+00 DT= 1.4506E-04 ERR= -0.0% DM/M= 0.0000E+00
 ELAPSED TIME=         90.97 s  REMAINING TIME=         79.24 s
 NC=   44300 T= 6.4280E+00 DT= 1.4506E-04 ERR= -0.0% DM/M= 0.0000E+00
 ELAPSED TIME=         91.11 s  REMAINING TIME=         78.98 s
 NC=   44400 T= 6.4426E+00 DT= 1.4506E-04 ERR= -0.0% DM/M= 0.0000E+00
 ELAPSED TIME=         91.26 s  REMAINING TIME=         78.72 s
 NC=   44500 T= 6.4571E+00 DT= 1.4506E-04 ERR= -0.0% DM/M= 0.0000E+00
 ELAPSED TIME=         91.40 s  REMAINING TIME=         78.46 s
 NC=   44600 T= 6.4716E+00 DT= 1.4506E-04 ERR= -0.0% DM/M= 0.0000E+00
 ELAPSED TIME=         91.54 s  REMAINING TIME=         78.20 s
 NC=   44700 T= 6.4861E+00 DT= 1.4506E-04 ERR= -0.0% DM/M= 0.0000E+00
 ELAPSED TIME=         91.68 s  REMAINING TIME=         77.94 s
     ANIMATION FILE: I02H_NOPROP_L127_TAB_CHECK_R1A014 WRITTEN
 NC=   44800 T= 6.5006E+00 DT= 1.4506E-04 ERR= -0.0% DM/M= 0.0000E+00
 ELAPSED TIME=         91.83 s  REMAINING TIME=         77.69 s
 NC=   44900 T= 6.5151E+00 DT= 1.4506E-04 ERR= -0.0% DM/M= 0.0000E+00
 ELAPSED TIME=         91.97 s  REMAINING TIME=         77.43 s
 NC=   45000 T= 6.5296E+00 DT= 1.4505E-04 ERR= -0.0% DM/M= 0.0000E+00
 ELAPSED TIME=         92.11 s  REMAINING TIME=         77.17 s
 NC=   45100 T= 6.5441E+00 DT= 1.4505E-04 ERR= -0.0% DM/M= 0.0000E+00
 ELAPSED TIME=         92.25 s  REMAINING TIME=         76.91 s
 NC=   45200 T= 6.5586E+00 DT= 1.4505E-04 ERR= -0.0% DM/M= 0.0000E+00
 ELAPSED TIME=         92.40 s  REMAINING TIME=         76.66 s
 NC=   45300 T= 6.5731E+00 DT= 1.4505E-04 ERR= -0.0% DM/M= 0.0000E+00
 ELAPSED TIME=         92.54 s  REMAINING TIME=         76.40 s
 NC=   45400 T= 6.5876E+00 DT= 1.4505E-04 ERR= -0.0% DM/M= 0.0000E+00
 ELAPSED TIME=         92.68 s  REMAINING TIME=         76.15 s
 NC=   45500 T= 6.6021E+00 DT= 1.4505E-04 ERR= -0.0% DM/M= 0.0000E+00
 ELAPSED TIME=         92.82 s  REMAINING TIME=         75.89 s
 NC=   45600 T= 6.6166E+00 DT= 1.4505E-04 ERR= -0.0% DM/M= 0.0000E+00
 ELAPSED TIME=         92.97 s  REMAINING TIME=         75.64 s
 NC=   45700 T= 6.6311E+00 DT= 1.4505E-04 ERR= -0.0% DM/M= 0.0000E+00
 ELAPSED TIME=         93.11 s  REMAINING TIME=         75.38 s
 NC=   45800 T= 6.6456E+00 DT= 1.4505E-04 ERR= -0.0% DM/M= 0.0000E+00
 ELAPSED TIME=         93.25 s  REMAINING TIME=         75.13 s
 NC=   45900 T= 6.6601E+00 DT= 1.4505E-04 ERR= -0.0% DM/M= 0.0000E+00
 ELAPSED TIME=         93.39 s  REMAINING TIME=         74.88 s
 NC=   46000 T= 6.6746E+00 DT= 1.4505E-04 ERR= -0.0% DM/M= 0.0000E+00
 ELAPSED TIME=         93.53 s  REMAINING TIME=         74.63 s
 NC=   46100 T= 6.6891E+00 DT= 1.4505E-04 ERR= -0.0% DM/M= 0.0000E+00
 ELAPSED TIME=         93.68 s  REMAINING TIME=         74.37 s
 NC=   46200 T= 6.7037E+00 DT= 1.4505E-04 ERR= -0.0% DM/M= 0.0000E+00
 ELAPSED TIME=         93.82 s  REMAINING TIME=         74.12 s
 NC=   46300 T= 6.7182E+00 DT= 1.4505E-04 ERR= -0.0% DM/M= 0.0000E+00
 ELAPSED TIME=         93.96 s  REMAINING TIME=         73.87 s
 NC=   46400 T= 6.7327E+00 DT= 1.4505E-04 ERR= -0.0% DM/M= 0.0000E+00
 ELAPSED TIME=         94.10 s  REMAINING TIME=         73.62 s
 NC=   46500 T= 6.7472E+00 DT= 1.4505E-04 ERR= -0.0% DM/M= 0.0000E+00
 ELAPSED TIME=         94.24 s  REMAINING TIME=         73.37 s
 NC=   46600 T= 6.7617E+00 DT= 1.4505E-04 ERR= -0.0% DM/M= 0.0000E+00
 ELAPSED TIME=         94.39 s  REMAINING TIME=         73.12 s
 NC=   46700 T= 6.7762E+00 DT= 1.4505E-04 ERR= -0.0% DM/M= 0.0000E+00
 ELAPSED TIME=         94.53 s  REMAINING TIME=         72.87 s
 NC=   46800 T= 6.7907E+00 DT= 1.4505E-04 ERR= -0.0% DM/M= 0.0000E+00
 ELAPSED TIME=         94.67 s  REMAINING TIME=         72.62 s
 NC=   46900 T= 6.8052E+00 DT= 1.4505E-04 ERR= -0.0% DM/M= 0.0000E+00
 ELAPSED TIME=         94.81 s  REMAINING TIME=         72.38 s
 NC=   47000 T= 6.8197E+00 DT= 1.4505E-04 ERR= -0.0% DM/M= 0.0000E+00
 ELAPSED TIME=         94.95 s  REMAINING TIME=         72.13 s
 NC=   47100 T= 6.8342E+00 DT= 1.4505E-04 ERR= -0.0% DM/M= 0.0000E+00
 ELAPSED TIME=         95.10 s  REMAINING TIME=         71.88 s
 NC=   47200 T= 6.8487E+00 DT= 1.4505E-04 ERR= -0.0% DM/M= 0.0000E+00
 ELAPSED TIME=         95.24 s  REMAINING TIME=         71.63 s
 NC=   47300 T= 6.8632E+00 DT= 1.4505E-04 ERR= -0.0% DM/M= 0.0000E+00
 ELAPSED TIME=         95.38 s  REMAINING TIME=         71.39 s
 NC=   47400 T= 6.8777E+00 DT= 1.4505E-04 ERR= -0.0% DM/M= 0.0000E+00
 ELAPSED TIME=         95.53 s  REMAINING TIME=         71.14 s
 NC=   47500 T= 6.8922E+00 DT= 1.4505E-04 ERR= -0.0% DM/M= 0.0000E+00
 ELAPSED TIME=         95.68 s  REMAINING TIME=         70.91 s
 NC=   47600 T= 6.9067E+00 DT= 1.4505E-04 ERR= -0.0% DM/M= 0.0000E+00
 ELAPSED TIME=         95.83 s  REMAINING TIME=         70.67 s
 NC=   47700 T= 6.9212E+00 DT= 1.4505E-04 ERR= -0.0% DM/M= 0.0000E+00
 ELAPSED TIME=         95.98 s  REMAINING TIME=         70.43 s
 NC=   47800 T= 6.9357E+00 DT= 1.4504E-04 ERR= -0.0% DM/M= 0.0000E+00
 ELAPSED TIME=         96.12 s  REMAINING TIME=         70.18 s
 NC=   47900 T= 6.9502E+00 DT= 1.4504E-04 ERR= -0.0% DM/M= 0.0000E+00
 ELAPSED TIME=         96.26 s  REMAINING TIME=         69.94 s
 NC=   48000 T= 6.9647E+00 DT= 1.4504E-04 ERR= -0.0% DM/M= 0.0000E+00
 ELAPSED TIME=         96.40 s  REMAINING TIME=         69.70 s
 NC=   48100 T= 6.9792E+00 DT= 1.4504E-04 ERR= -0.0% DM/M= 0.0000E+00
 ELAPSED TIME=         96.55 s  REMAINING TIME=         69.45 s
 NC=   48200 T= 6.9937E+00 DT= 1.4504E-04 ERR= -0.0% DM/M= 0.0000E+00
 ELAPSED TIME=         96.69 s  REMAINING TIME=         69.21 s
     ANIMATION FILE: I02H_NOPROP_L127_TAB_CHECK_R1A015 WRITTEN
 NC=   48300 T= 7.0082E+00 DT= 1.4504E-04 ERR= -0.0% DM/M= 0.0000E+00
 ELAPSED TIME=         96.83 s  REMAINING TIME=         68.97 s
 NC=   48400 T= 7.0228E+00 DT= 1.4504E-04 ERR= -0.0% DM/M= 0.0000E+00
 ELAPSED TIME=         96.97 s  REMAINING TIME=         68.73 s
 NC=   48500 T= 7.0373E+00 DT= 1.4504E-04 ERR= -0.0% DM/M= 0.0000E+00
 ELAPSED TIME=         97.11 s  REMAINING TIME=         68.49 s
 NC=   48600 T= 7.0518E+00 DT= 1.4504E-04 ERR= -0.0% DM/M= 0.0000E+00
 ELAPSED TIME=         97.26 s  REMAINING TIME=         68.25 s
 NC=   48700 T= 7.0663E+00 DT= 1.4504E-04 ERR= -0.0% DM/M= 0.0000E+00
 ELAPSED TIME=         97.40 s  REMAINING TIME=         68.01 s
 NC=   48800 T= 7.0808E+00 DT= 1.4504E-04 ERR= -0.0% DM/M= 0.0000E+00
 ELAPSED TIME=         97.54 s  REMAINING TIME=         67.77 s
 NC=   48900 T= 7.0953E+00 DT= 1.4504E-04 ERR= -0.0% DM/M= 0.0000E+00
 ELAPSED TIME=         97.69 s  REMAINING TIME=         67.53 s
 NC=   49000 T= 7.1098E+00 DT= 1.4504E-04 ERR= -0.0% DM/M= 0.0000E+00
 ELAPSED TIME=         97.83 s  REMAINING TIME=         67.29 s
 NC=   49100 T= 7.1243E+00 DT= 1.4504E-04 ERR= -0.0% DM/M= 0.0000E+00
 ELAPSED TIME=         97.98 s  REMAINING TIME=         67.05 s
 NC=   49200 T= 7.1388E+00 DT= 1.4504E-04 ERR= -0.0% DM/M= 0.0000E+00
 ELAPSED TIME=         98.12 s  REMAINING TIME=         66.81 s
 NC=   49300 T= 7.1533E+00 DT= 1.4503E-04 ERR= -0.0% DM/M= 0.0000E+00
 ELAPSED TIME=         98.26 s  REMAINING TIME=         66.57 s
 NC=   49400 T= 7.1678E+00 DT= 1.4503E-04 ERR= -0.0% DM/M= 0.0000E+00
 ELAPSED TIME=         98.40 s  REMAINING TIME=         66.34 s
 NC=   49500 T= 7.1823E+00 DT= 1.4503E-04 ERR= -0.0% DM/M= 0.0000E+00
 ELAPSED TIME=         98.55 s  REMAINING TIME=         66.10 s
 NC=   49600 T= 7.1968E+00 DT= 1.4503E-04 ERR= -0.0% DM/M= 0.0000E+00
 ELAPSED TIME=         98.69 s  REMAINING TIME=         65.87 s
 NC=   49700 T= 7.2113E+00 DT= 1.4503E-04 ERR= -0.0% DM/M= 0.0000E+00
 ELAPSED TIME=         98.83 s  REMAINING TIME=         65.63 s
 NC=   49800 T= 7.2258E+00 DT= 1.4503E-04 ERR= -0.0% DM/M= 0.0000E+00
 ELAPSED TIME=         98.97 s  REMAINING TIME=         65.39 s
 NC=   49900 T= 7.2403E+00 DT= 1.4503E-04 ERR= -0.0% DM/M= 0.0000E+00
 ELAPSED TIME=         99.12 s  REMAINING TIME=         65.16 s
 NC=   50000 T= 7.2548E+00 DT= 1.4503E-04 ERR= -0.0% DM/M= 0.0000E+00
 ELAPSED TIME=         99.26 s  REMAINING TIME=         64.92 s
 NC=   50100 T= 7.2693E+00 DT= 1.4503E-04 ERR= -0.0% DM/M= 0.0000E+00
 ELAPSED TIME=         99.40 s  REMAINING TIME=         64.69 s
 NC=   50200 T= 7.2838E+00 DT= 1.4503E-04 ERR= -0.0% DM/M= 0.0000E+00
 ELAPSED TIME=         99.54 s  REMAINING TIME=         64.45 s
 NC=   50300 T= 7.2983E+00 DT= 1.4503E-04 ERR= -0.0% DM/M= 0.0000E+00
 ELAPSED TIME=         99.69 s  REMAINING TIME=         64.22 s
 NC=   50400 T= 7.3128E+00 DT= 1.4503E-04 ERR= -0.0% DM/M= 0.0000E+00
 ELAPSED TIME=         99.83 s  REMAINING TIME=         63.99 s
 NC=   50500 T= 7.3273E+00 DT= 1.4503E-04 ERR= -0.0% DM/M= 0.0000E+00
 ELAPSED TIME=         99.97 s  REMAINING TIME=         63.75 s
 NC=   50600 T= 7.3418E+00 DT= 1.4503E-04 ERR= -0.0% DM/M= 0.0000E+00
 ELAPSED TIME=        100.12 s  REMAINING TIME=         63.52 s
 NC=   50700 T= 7.3563E+00 DT= 1.4502E-04 ERR= -0.0% DM/M= 0.0000E+00
 ELAPSED TIME=        100.26 s  REMAINING TIME=         63.29 s
 NC=   50800 T= 7.3708E+00 DT= 1.4502E-04 ERR= -0.0% DM/M= 0.0000E+00
 ELAPSED TIME=        100.41 s  REMAINING TIME=         63.06 s
 NC=   50900 T= 7.3853E+00 DT= 1.4502E-04 ERR= -0.0% DM/M= 0.0000E+00
 ELAPSED TIME=        100.55 s  REMAINING TIME=         62.83 s
 NC=   51000 T= 7.3998E+00 DT= 1.4502E-04 ERR= -0.0% DM/M= 0.0000E+00
 ELAPSED TIME=        100.69 s  REMAINING TIME=         62.60 s
 NC=   51100 T= 7.4143E+00 DT= 1.4502E-04 ERR= -0.0% DM/M= 0.0000E+00
 ELAPSED TIME=        100.83 s  REMAINING TIME=         62.36 s
 NC=   51200 T= 7.4288E+00 DT= 1.4502E-04 ERR= -0.0% DM/M= 0.0000E+00
 ELAPSED TIME=        100.98 s  REMAINING TIME=         62.13 s
 NC=   51300 T= 7.4433E+00 DT= 1.4502E-04 ERR= -0.0% DM/M= 0.0000E+00
 ELAPSED TIME=        101.12 s  REMAINING TIME=         61.90 s
 NC=   51400 T= 7.4578E+00 DT= 1.4502E-04 ERR= -0.0% DM/M= 0.0000E+00
 ELAPSED TIME=        101.26 s  REMAINING TIME=         61.67 s
 NC=   51500 T= 7.4723E+00 DT= 1.4502E-04 ERR= -0.0% DM/M= 0.0000E+00
 ELAPSED TIME=        101.41 s  REMAINING TIME=         61.44 s
 NC=   51600 T= 7.4868E+00 DT= 1.4502E-04 ERR= -0.0% DM/M= 0.0000E+00
 ELAPSED TIME=        101.55 s  REMAINING TIME=         61.21 s
     ANIMATION FILE: I02H_NOPROP_L127_TAB_CHECK_R1A016 WRITTEN
 NC=   51700 T= 7.5013E+00 DT= 1.4502E-04 ERR= -0.0% DM/M= 0.0000E+00
 ELAPSED TIME=        101.70 s  REMAINING TIME=         60.99 s
 NC=   51800 T= 7.5159E+00 DT= 1.4502E-04 ERR= -0.0% DM/M= 0.0000E+00
 ELAPSED TIME=        101.84 s  REMAINING TIME=         60.76 s
 NC=   51900 T= 7.5304E+00 DT= 1.4502E-04 ERR= -0.0% DM/M= 0.0000E+00
 ELAPSED TIME=        101.98 s  REMAINING TIME=         60.53 s
 NC=   52000 T= 7.5449E+00 DT= 1.4502E-04 ERR= -0.0% DM/M= 0.0000E+00
 ELAPSED TIME=        102.12 s  REMAINING TIME=         60.30 s
 NC=   52100 T= 7.5594E+00 DT= 1.4501E-04 ERR= -0.0% DM/M= 0.0000E+00
 ELAPSED TIME=        102.26 s  REMAINING TIME=         60.07 s
 NC=   52200 T= 7.5739E+00 DT= 1.4501E-04 ERR= -0.0% DM/M= 0.0000E+00
 ELAPSED TIME=        102.40 s  REMAINING TIME=         59.84 s
 NC=   52300 T= 7.5884E+00 DT= 1.4501E-04 ERR= -0.0% DM/M= 0.0000E+00
 ELAPSED TIME=        102.54 s  REMAINING TIME=         59.62 s
 NC=   52400 T= 7.6029E+00 DT= 1.4501E-04 ERR= -0.0% DM/M= 0.0000E+00
 ELAPSED TIME=        102.69 s  REMAINING TIME=         59.39 s
 NC=   52500 T= 7.6174E+00 DT= 1.4501E-04 ERR= -0.0% DM/M= 0.0000E+00
 ELAPSED TIME=        102.83 s  REMAINING TIME=         59.16 s
 NC=   52600 T= 7.6319E+00 DT= 1.4501E-04 ERR= -0.0% DM/M= 0.0000E+00
 ELAPSED TIME=        102.97 s  REMAINING TIME=         58.93 s
 NC=   52700 T= 7.6464E+00 DT= 1.4501E-04 ERR= -0.0% DM/M= 0.0000E+00
 ELAPSED TIME=        103.11 s  REMAINING TIME=         58.71 s
 NC=   52800 T= 7.6609E+00 DT= 1.4501E-04 ERR= -0.0% DM/M= 0.0000E+00
 ELAPSED TIME=        103.25 s  REMAINING TIME=         58.48 s
 NC=   52900 T= 7.6754E+00 DT= 1.4501E-04 ERR= -0.0% DM/M= 0.0000E+00
 ELAPSED TIME=        103.40 s  REMAINING TIME=         58.26 s
 NC=   53000 T= 7.6899E+00 DT= 1.4501E-04 ERR= -0.0% DM/M= 0.0000E+00
 ELAPSED TIME=        103.54 s  REMAINING TIME=         58.03 s
 NC=   53100 T= 7.7044E+00 DT= 1.4501E-04 ERR= -0.0% DM/M= 0.0000E+00
 ELAPSED TIME=        103.68 s  REMAINING TIME=         57.81 s
 NC=   53200 T= 7.7189E+00 DT= 1.4501E-04 ERR= -0.0% DM/M= 0.0000E+00
 ELAPSED TIME=        103.82 s  REMAINING TIME=         57.58 s
 NC=   53300 T= 7.7334E+00 DT= 1.4501E-04 ERR= -0.0% DM/M= 0.0000E+00
 ELAPSED TIME=        103.96 s  REMAINING TIME=         57.36 s
 NC=   53400 T= 7.7479E+00 DT= 1.4500E-04 ERR= -0.0% DM/M= 0.0000E+00
 ELAPSED TIME=        104.10 s  REMAINING TIME=         57.13 s
 NC=   53500 T= 7.7624E+00 DT= 1.4500E-04 ERR= -0.0% DM/M= 0.0000E+00
 ELAPSED TIME=        104.24 s  REMAINING TIME=         56.91 s
 NC=   53600 T= 7.7769E+00 DT= 1.4500E-04 ERR= -0.0% DM/M= 0.0000E+00
 ELAPSED TIME=        104.39 s  REMAINING TIME=         56.69 s
 NC=   53700 T= 7.7914E+00 DT= 1.4500E-04 ERR= -0.0% DM/M= 0.0000E+00
 ELAPSED TIME=        104.53 s  REMAINING TIME=         56.46 s
 NC=   53800 T= 7.8059E+00 DT= 1.4500E-04 ERR= -0.0% DM/M= 0.0000E+00
 ELAPSED TIME=        104.67 s  REMAINING TIME=         56.24 s
 NC=   53900 T= 7.8204E+00 DT= 1.4500E-04 ERR= -0.0% DM/M= 0.0000E+00
 ELAPSED TIME=        104.81 s  REMAINING TIME=         56.02 s
 NC=   54000 T= 7.8349E+00 DT= 1.4500E-04 ERR= -0.0% DM/M= 0.0000E+00
 ELAPSED TIME=        104.96 s  REMAINING TIME=         55.80 s
 NC=   54100 T= 7.8494E+00 DT= 1.4500E-04 ERR= -0.0% DM/M= 0.0000E+00
 ELAPSED TIME=        105.10 s  REMAINING TIME=         55.57 s
 NC=   54200 T= 7.8639E+00 DT= 1.4500E-04 ERR= -0.0% DM/M= 0.0000E+00
 ELAPSED TIME=        105.24 s  REMAINING TIME=         55.35 s
 NC=   54300 T= 7.8784E+00 DT= 1.4500E-04 ERR= -0.0% DM/M= 0.0000E+00
 ELAPSED TIME=        105.38 s  REMAINING TIME=         55.13 s
 NC=   54400 T= 7.8929E+00 DT= 1.4499E-04 ERR= -0.0% DM/M= 0.0000E+00
 ELAPSED TIME=        105.52 s  REMAINING TIME=         54.91 s
 NC=   54500 T= 7.9074E+00 DT= 1.4499E-04 ERR= -0.0% DM/M= 0.0000E+00
 ELAPSED TIME=        105.67 s  REMAINING TIME=         54.69 s
 NC=   54600 T= 7.9219E+00 DT= 1.4499E-04 ERR= -0.0% DM/M= 0.0000E+00
 ELAPSED TIME=        105.81 s  REMAINING TIME=         54.47 s
 NC=   54700 T= 7.9364E+00 DT= 1.4499E-04 ERR= -0.0% DM/M= 0.0000E+00
 ELAPSED TIME=        105.95 s  REMAINING TIME=         54.25 s
 NC=   54800 T= 7.9509E+00 DT= 1.4499E-04 ERR= -0.0% DM/M= 0.0000E+00
 ELAPSED TIME=        106.09 s  REMAINING TIME=         54.03 s
 NC=   54900 T= 7.9654E+00 DT= 1.4499E-04 ERR= -0.0% DM/M= 0.0000E+00
 ELAPSED TIME=        106.23 s  REMAINING TIME=         53.81 s
 NC=   55000 T= 7.9799E+00 DT= 1.4499E-04 ERR= -0.0% DM/M= 0.0000E+00
 ELAPSED TIME=        106.37 s  REMAINING TIME=         53.59 s
 NC=   55100 T= 7.9944E+00 DT= 1.4499E-04 ERR= -0.0% DM/M= 0.0000E+00
 ELAPSED TIME=        106.51 s  REMAINING TIME=         53.37 s
     ANIMATION FILE: I02H_NOPROP_L127_TAB_CHECK_R1A017 WRITTEN
 NC=   55200 T= 8.0089E+00 DT= 1.4499E-04 ERR= -0.0% DM/M= 0.0000E+00
 ELAPSED TIME=        106.66 s  REMAINING TIME=         53.15 s
 NC=   55300 T= 8.0234E+00 DT= 1.4499E-04 ERR= -0.0% DM/M= 0.0000E+00
 ELAPSED TIME=        106.80 s  REMAINING TIME=         52.93 s
 NC=   55400 T= 8.0379E+00 DT= 1.4498E-04 ERR= -0.0% DM/M= 0.0000E+00
 ELAPSED TIME=        106.94 s  REMAINING TIME=         52.71 s
 NC=   55500 T= 8.0524E+00 DT= 1.4498E-04 ERR= -0.0% DM/M= 0.0000E+00
 ELAPSED TIME=        107.08 s  REMAINING TIME=         52.50 s
 NC=   55600 T= 8.0669E+00 DT= 1.4498E-04 ERR= -0.0% DM/M= 0.0000E+00
 ELAPSED TIME=        107.23 s  REMAINING TIME=         52.28 s
 NC=   55700 T= 8.0814E+00 DT= 1.4498E-04 ERR= -0.0% DM/M= 0.0000E+00
 ELAPSED TIME=        107.37 s  REMAINING TIME=         52.06 s
 NC=   55800 T= 8.0958E+00 DT= 1.4498E-04 ERR= -0.0% DM/M= 0.0000E+00
 ELAPSED TIME=        107.51 s  REMAINING TIME=         51.84 s
 NC=   55900 T= 8.1103E+00 DT= 1.4498E-04 ERR= -0.0% DM/M= 0.0000E+00
 ELAPSED TIME=        107.65 s  REMAINING TIME=         51.63 s
 NC=   56000 T= 8.1248E+00 DT= 1.4498E-04 ERR= -0.0% DM/M= 0.0000E+00
 ELAPSED TIME=        107.79 s  REMAINING TIME=         51.41 s
 NC=   56100 T= 8.1393E+00 DT= 1.4498E-04 ERR= -0.0% DM/M= 0.0000E+00
 ELAPSED TIME=        107.93 s  REMAINING TIME=         51.19 s
 NC=   56200 T= 8.1538E+00 DT= 1.4498E-04 ERR= -0.0% DM/M= 0.0000E+00
 ELAPSED TIME=        108.07 s  REMAINING TIME=         50.98 s
 NC=   56300 T= 8.1683E+00 DT= 1.4498E-04 ERR= -0.0% DM/M= 0.0000E+00
 ELAPSED TIME=        108.21 s  REMAINING TIME=         50.76 s
 NC=   56400 T= 8.1828E+00 DT= 1.4497E-04 ERR= -0.0% DM/M= 0.0000E+00
 ELAPSED TIME=        108.36 s  REMAINING TIME=         50.55 s
 NC=   56500 T= 8.1973E+00 DT= 1.4497E-04 ERR= -0.0% DM/M= 0.0000E+00
 ELAPSED TIME=        108.50 s  REMAINING TIME=         50.33 s
 NC=   56600 T= 8.2118E+00 DT= 1.4497E-04 ERR= -0.0% DM/M= 0.0000E+00
 ELAPSED TIME=        108.64 s  REMAINING TIME=         50.11 s
 NC=   56700 T= 8.2263E+00 DT= 1.4497E-04 ERR= -0.0% DM/M= 0.0000E+00
 ELAPSED TIME=        108.78 s  REMAINING TIME=         49.90 s
 NC=   56800 T= 8.2408E+00 DT= 1.4497E-04 ERR= -0.0% DM/M= 0.0000E+00
 ELAPSED TIME=        108.92 s  REMAINING TIME=         49.69 s
 NC=   56900 T= 8.2553E+00 DT= 1.4497E-04 ERR= -0.0% DM/M= 0.0000E+00
 ELAPSED TIME=        109.06 s  REMAINING TIME=         49.47 s
 NC=   57000 T= 8.2698E+00 DT= 1.4497E-04 ERR= -0.0% DM/M= 0.0000E+00
 ELAPSED TIME=        109.20 s  REMAINING TIME=         49.26 s
 NC=   57100 T= 8.2843E+00 DT= 1.4496E-04 ERR= -0.0% DM/M= 0.0000E+00
 ELAPSED TIME=        109.34 s  REMAINING TIME=         49.04 s
 NC=   57200 T= 8.2988E+00 DT= 1.4496E-04 ERR= -0.0% DM/M= 0.0000E+00
 ELAPSED TIME=        109.48 s  REMAINING TIME=         48.83 s
 NC=   57300 T= 8.3133E+00 DT= 1.4496E-04 ERR= -0.0% DM/M= 0.0000E+00
 ELAPSED TIME=        109.63 s  REMAINING TIME=         48.62 s
 NC=   57400 T= 8.3278E+00 DT= 1.4496E-04 ERR= -0.0% DM/M= 0.0000E+00
 ELAPSED TIME=        109.77 s  REMAINING TIME=         48.40 s
 NC=   57500 T= 8.3423E+00 DT= 1.4496E-04 ERR= -0.0% DM/M= 0.0000E+00
 ELAPSED TIME=        109.91 s  REMAINING TIME=         48.19 s
 NC=   57600 T= 8.3568E+00 DT= 1.4496E-04 ERR= -0.0% DM/M= 0.0000E+00
 ELAPSED TIME=        110.05 s  REMAINING TIME=         47.98 s
 NC=   57700 T= 8.3713E+00 DT= 1.4496E-04 ERR= -0.0% DM/M= 0.0000E+00
 ELAPSED TIME=        110.20 s  REMAINING TIME=         47.77 s
 NC=   57800 T= 8.3858E+00 DT= 1.4496E-04 ERR= -0.0% DM/M= 0.0000E+00
 ELAPSED TIME=        110.34 s  REMAINING TIME=         47.55 s
 NC=   57900 T= 8.4003E+00 DT= 1.4495E-04 ERR= -0.0% DM/M= 0.0000E+00
 ELAPSED TIME=        110.48 s  REMAINING TIME=         47.34 s
 NC=   58000 T= 8.4148E+00 DT= 1.4495E-04 ERR= -0.0% DM/M= 0.0000E+00
 ELAPSED TIME=        110.62 s  REMAINING TIME=         47.13 s
 NC=   58100 T= 8.4293E+00 DT= 1.4495E-04 ERR= -0.0% DM/M= 0.0000E+00
 ELAPSED TIME=        110.76 s  REMAINING TIME=         46.92 s
 NC=   58200 T= 8.4438E+00 DT= 1.4495E-04 ERR= -0.0% DM/M= 0.0000E+00
 ELAPSED TIME=        110.90 s  REMAINING TIME=         46.71 s
 NC=   58300 T= 8.4583E+00 DT= 1.4495E-04 ERR= -0.0% DM/M= 0.0000E+00
 ELAPSED TIME=        111.04 s  REMAINING TIME=         46.50 s
 NC=   58400 T= 8.4728E+00 DT= 1.4495E-04 ERR= -0.0% DM/M= 0.0000E+00
 ELAPSED TIME=        111.19 s  REMAINING TIME=         46.29 s
 NC=   58500 T= 8.4873E+00 DT= 1.4495E-04 ERR= -0.0% DM/M= 0.0000E+00
 ELAPSED TIME=        111.33 s  REMAINING TIME=         46.08 s
     ANIMATION FILE: I02H_NOPROP_L127_TAB_CHECK_R1A018 WRITTEN
 NC=   58600 T= 8.5017E+00 DT= 1.4495E-04 ERR= -0.0% DM/M= 0.0000E+00
 ELAPSED TIME=        111.47 s  REMAINING TIME=         45.87 s
 NC=   58700 T= 8.5162E+00 DT= 1.4494E-04 ERR= -0.0% DM/M= 0.0000E+00
 ELAPSED TIME=        111.62 s  REMAINING TIME=         45.66 s
 NC=   58800 T= 8.5307E+00 DT= 1.4494E-04 ERR= -0.0% DM/M= 0.0000E+00
 ELAPSED TIME=        111.76 s  REMAINING TIME=         45.45 s
 NC=   58900 T= 8.5452E+00 DT= 1.4494E-04 ERR= -0.0% DM/M= 0.0000E+00
 ELAPSED TIME=        111.90 s  REMAINING TIME=         45.24 s
 NC=   59000 T= 8.5597E+00 DT= 1.4494E-04 ERR= -0.0% DM/M= 0.0000E+00
 ELAPSED TIME=        112.04 s  REMAINING TIME=         45.03 s
 NC=   59100 T= 8.5742E+00 DT= 1.4494E-04 ERR= -0.0% DM/M= 0.0000E+00
 ELAPSED TIME=        112.18 s  REMAINING TIME=         44.82 s
 NC=   59200 T= 8.5887E+00 DT= 1.4494E-04 ERR= -0.0% DM/M= 0.0000E+00
 ELAPSED TIME=        112.32 s  REMAINING TIME=         44.61 s
 NC=   59300 T= 8.6032E+00 DT= 1.4494E-04 ERR= -0.0% DM/M= 0.0000E+00
 ELAPSED TIME=        112.46 s  REMAINING TIME=         44.40 s
 NC=   59400 T= 8.6177E+00 DT= 1.4493E-04 ERR= -0.0% DM/M= 0.0000E+00
 ELAPSED TIME=        112.60 s  REMAINING TIME=         44.20 s
 NC=   59500 T= 8.6322E+00 DT= 1.4493E-04 ERR= -0.0% DM/M= 0.0000E+00
 ELAPSED TIME=        112.75 s  REMAINING TIME=         43.99 s
 NC=   59600 T= 8.6467E+00 DT= 1.4493E-04 ERR= -0.0% DM/M= 0.0000E+00
 ELAPSED TIME=        112.89 s  REMAINING TIME=         43.78 s
 NC=   59700 T= 8.6612E+00 DT= 1.4493E-04 ERR= -0.0% DM/M= 0.0000E+00
 ELAPSED TIME=        113.03 s  REMAINING TIME=         43.57 s
 NC=   59800 T= 8.6757E+00 DT= 1.4493E-04 ERR= -0.0% DM/M= 0.0000E+00
 ELAPSED TIME=        113.17 s  REMAINING TIME=         43.36 s
 NC=   59900 T= 8.6902E+00 DT= 1.4493E-04 ERR= -0.0% DM/M= 0.0000E+00
 ELAPSED TIME=        113.31 s  REMAINING TIME=         43.16 s
 NC=   60000 T= 8.7047E+00 DT= 1.4493E-04 ERR= -0.0% DM/M= 0.0000E+00
 ELAPSED TIME=        113.45 s  REMAINING TIME=         42.95 s
 NC=   60100 T= 8.7191E+00 DT= 1.4493E-04 ERR= -0.0% DM/M= 0.0000E+00
 ELAPSED TIME=        113.59 s  REMAINING TIME=         42.74 s
 NC=   60200 T= 8.7336E+00 DT= 1.4492E-04 ERR= -0.0% DM/M= 0.0000E+00
 ELAPSED TIME=        113.74 s  REMAINING TIME=         42.54 s
 NC=   60300 T= 8.7481E+00 DT= 1.4492E-04 ERR= -0.0% DM/M= 0.0000E+00
 ELAPSED TIME=        113.88 s  REMAINING TIME=         42.33 s
 NC=   60400 T= 8.7626E+00 DT= 1.4492E-04 ERR= -0.0% DM/M= 0.0000E+00
 ELAPSED TIME=        114.02 s  REMAINING TIME=         42.12 s
 NC=   60500 T= 8.7771E+00 DT= 1.4492E-04 ERR= -0.0% DM/M= 0.0000E+00
 ELAPSED TIME=        114.16 s  REMAINING TIME=         41.92 s
 NC=   60600 T= 8.7916E+00 DT= 1.4492E-04 ERR= -0.0% DM/M= 0.0000E+00
 ELAPSED TIME=        114.30 s  REMAINING TIME=         41.71 s
 NC=   60700 T= 8.8061E+00 DT= 1.4492E-04 ERR= -0.0% DM/M= 0.0000E+00
 ELAPSED TIME=        114.44 s  REMAINING TIME=         41.51 s
 NC=   60800 T= 8.8206E+00 DT= 1.4492E-04 ERR= -0.0% DM/M= 0.0000E+00
 ELAPSED TIME=        114.58 s  REMAINING TIME=         41.30 s
 NC=   60900 T= 8.8351E+00 DT= 1.4491E-04 ERR= -0.0% DM/M= 0.0000E+00
 ELAPSED TIME=        114.72 s  REMAINING TIME=         41.10 s
 NC=   61000 T= 8.8496E+00 DT= 1.4491E-04 ERR= -0.0% DM/M= 0.0000E+00
 ELAPSED TIME=        114.86 s  REMAINING TIME=         40.89 s
 NC=   61100 T= 8.8641E+00 DT= 1.4491E-04 ERR= -0.0% DM/M= 0.0000E+00
 ELAPSED TIME=        115.01 s  REMAINING TIME=         40.69 s
 NC=   61200 T= 8.8786E+00 DT= 1.4491E-04 ERR= -0.0% DM/M= 0.0000E+00
 ELAPSED TIME=        115.15 s  REMAINING TIME=         40.48 s
 NC=   61300 T= 8.8930E+00 DT= 1.4491E-04 ERR= -0.0% DM/M= 0.0000E+00
 ELAPSED TIME=        115.29 s  REMAINING TIME=         40.28 s
 NC=   61400 T= 8.9075E+00 DT= 1.4491E-04 ERR= -0.0% DM/M= 0.0000E+00
 ELAPSED TIME=        115.43 s  REMAINING TIME=         40.07 s
 NC=   61500 T= 8.9220E+00 DT= 1.4490E-04 ERR= -0.0% DM/M= 0.0000E+00
 ELAPSED TIME=        115.57 s  REMAINING TIME=         39.87 s
 NC=   61600 T= 8.9365E+00 DT= 1.4490E-04 ERR= -0.0% DM/M= 0.0000E+00
 ELAPSED TIME=        115.71 s  REMAINING TIME=         39.67 s
 NC=   61700 T= 8.9510E+00 DT= 1.4490E-04 ERR= -0.0% DM/M= 0.0000E+00
 ELAPSED TIME=        115.85 s  REMAINING TIME=         39.46 s
 NC=   61800 T= 8.9655E+00 DT= 1.4490E-04 ERR= -0.0% DM/M= 0.0000E+00
 ELAPSED TIME=        115.99 s  REMAINING TIME=         39.26 s
 NC=   61900 T= 8.9800E+00 DT= 1.4490E-04 ERR= -0.0% DM/M= 0.0000E+00
 ELAPSED TIME=        116.14 s  REMAINING TIME=         39.06 s
 NC=   62000 T= 8.9945E+00 DT= 1.4490E-04 ERR= -0.0% DM/M= 0.0000E+00
 ELAPSED TIME=        116.28 s  REMAINING TIME=         38.85 s
     ANIMATION FILE: I02H_NOPROP_L127_TAB_CHECK_R1A019 WRITTEN
 NC=   62100 T= 9.0090E+00 DT= 1.4490E-04 ERR= -0.0% DM/M= 0.0000E+00
 ELAPSED TIME=        116.42 s  REMAINING TIME=         38.65 s
 NC=   62200 T= 9.0235E+00 DT= 1.4489E-04 ERR= -0.0% DM/M= 0.0000E+00
 ELAPSED TIME=        116.57 s  REMAINING TIME=         38.45 s
 NC=   62300 T= 9.0379E+00 DT= 1.4489E-04 ERR= -0.0% DM/M= 0.0000E+00
 ELAPSED TIME=        116.71 s  REMAINING TIME=         38.25 s
 NC=   62400 T= 9.0524E+00 DT= 1.4489E-04 ERR= -0.0% DM/M= 0.0000E+00
 ELAPSED TIME=        116.85 s  REMAINING TIME=         38.05 s
 NC=   62500 T= 9.0669E+00 DT= 1.4489E-04 ERR= -0.0% DM/M= 0.0000E+00
 ELAPSED TIME=        116.99 s  REMAINING TIME=         37.85 s
 NC=   62600 T= 9.0814E+00 DT= 1.4489E-04 ERR= -0.0% DM/M= 0.0000E+00
 ELAPSED TIME=        117.13 s  REMAINING TIME=         37.64 s
 NC=   62700 T= 9.0959E+00 DT= 1.4489E-04 ERR= -0.0% DM/M= 0.0000E+00
 ELAPSED TIME=        117.27 s  REMAINING TIME=         37.44 s
 NC=   62800 T= 9.1104E+00 DT= 1.4488E-04 ERR= -0.0% DM/M= 0.0000E+00
 ELAPSED TIME=        117.42 s  REMAINING TIME=         37.24 s
 NC=   62900 T= 9.1249E+00 DT= 1.4488E-04 ERR= -0.0% DM/M= 0.0000E+00
 ELAPSED TIME=        117.56 s  REMAINING TIME=         37.04 s
 NC=   63000 T= 9.1394E+00 DT= 1.4488E-04 ERR= -0.0% DM/M= 0.0000E+00
 ELAPSED TIME=        117.70 s  REMAINING TIME=         36.84 s
 NC=   63100 T= 9.1539E+00 DT= 1.4488E-04 ERR= -0.0% DM/M= 0.0000E+00
 ELAPSED TIME=        117.84 s  REMAINING TIME=         36.64 s
 NC=   63200 T= 9.1683E+00 DT= 1.4488E-04 ERR= -0.0% DM/M= 0.0000E+00
 ELAPSED TIME=        117.98 s  REMAINING TIME=         36.44 s
 NC=   63300 T= 9.1828E+00 DT= 1.4488E-04 ERR= -0.0% DM/M= 0.0000E+00
 ELAPSED TIME=        118.13 s  REMAINING TIME=         36.24 s
 NC=   63400 T= 9.1973E+00 DT= 1.4487E-04 ERR= -0.0% DM/M= 0.0000E+00
 ELAPSED TIME=        118.27 s  REMAINING TIME=         36.04 s
 NC=   63500 T= 9.2118E+00 DT= 1.4487E-04 ERR= -0.0% DM/M= 0.0000E+00
 ELAPSED TIME=        118.41 s  REMAINING TIME=         35.84 s
 NC=   63600 T= 9.2263E+00 DT= 1.4487E-04 ERR= -0.0% DM/M= 0.0000E+00
 ELAPSED TIME=        118.55 s  REMAINING TIME=         35.64 s
 NC=   63700 T= 9.2408E+00 DT= 1.4487E-04 ERR= -0.0% DM/M= 0.0000E+00
 ELAPSED TIME=        118.69 s  REMAINING TIME=         35.44 s
 NC=   63800 T= 9.2553E+00 DT= 1.4487E-04 ERR= -0.0% DM/M= 0.0000E+00
 ELAPSED TIME=        118.84 s  REMAINING TIME=         35.24 s
 NC=   63900 T= 9.2698E+00 DT= 1.4486E-04 ERR= -0.0% DM/M= 0.0000E+00
 ELAPSED TIME=        118.98 s  REMAINING TIME=         35.04 s
 NC=   64000 T= 9.2842E+00 DT= 1.4486E-04 ERR= -0.0% DM/M= 0.0000E+00
 ELAPSED TIME=        119.12 s  REMAINING TIME=         34.84 s
 NC=   64100 T= 9.2987E+00 DT= 1.4486E-04 ERR= -0.0% DM/M= 0.0000E+00
 ELAPSED TIME=        119.26 s  REMAINING TIME=         34.64 s
 NC=   64200 T= 9.3132E+00 DT= 1.4486E-04 ERR= -0.0% DM/M= 0.0000E+00
 ELAPSED TIME=        119.40 s  REMAINING TIME=         34.45 s
 NC=   64300 T= 9.3277E+00 DT= 1.4486E-04 ERR= -0.0% DM/M= 0.0000E+00
 ELAPSED TIME=        119.54 s  REMAINING TIME=         34.25 s
 NC=   64400 T= 9.3422E+00 DT= 1.4485E-04 ERR= -0.0% DM/M= 0.0000E+00
 ELAPSED TIME=        119.69 s  REMAINING TIME=         34.05 s
 NC=   64500 T= 9.3567E+00 DT= 1.4485E-04 ERR= -0.0% DM/M= 0.0000E+00
 ELAPSED TIME=        119.83 s  REMAINING TIME=         33.85 s
 NC=   64600 T= 9.3712E+00 DT= 1.4485E-04 ERR= -0.0% DM/M= 0.0000E+00
 ELAPSED TIME=        119.97 s  REMAINING TIME=         33.65 s
 NC=   64700 T= 9.3856E+00 DT= 1.4485E-04 ERR= -0.0% DM/M= 0.0000E+00
 ELAPSED TIME=        120.11 s  REMAINING TIME=         33.46 s
 NC=   64800 T= 9.4001E+00 DT= 1.4485E-04 ERR= -0.0% DM/M= 0.0000E+00
 ELAPSED TIME=        120.25 s  REMAINING TIME=         33.26 s
 NC=   64900 T= 9.4146E+00 DT= 1.4484E-04 ERR= -0.0% DM/M= 0.0000E+00
 ELAPSED TIME=        120.39 s  REMAINING TIME=         33.06 s
 NC=   65000 T= 9.4291E+00 DT= 1.4484E-04 ERR= -0.0% DM/M= 0.0000E+00
 ELAPSED TIME=        120.54 s  REMAINING TIME=         32.86 s
 NC=   65100 T= 9.4436E+00 DT= 1.4484E-04 ERR= -0.0% DM/M= 0.0000E+00
 ELAPSED TIME=        120.68 s  REMAINING TIME=         32.67 s
 NC=   65200 T= 9.4581E+00 DT= 1.4484E-04 ERR= -0.0% DM/M= 0.0000E+00
 ELAPSED TIME=        120.82 s  REMAINING TIME=         32.47 s
 NC=   65300 T= 9.4725E+00 DT= 1.4484E-04 ERR= -0.0% DM/M= 0.0000E+00
 ELAPSED TIME=        120.96 s  REMAINING TIME=         32.28 s
 NC=   65400 T= 9.4870E+00 DT= 1.4483E-04 ERR= -0.0% DM/M= 0.0000E+00
 ELAPSED TIME=        121.10 s  REMAINING TIME=         32.08 s
     ANIMATION FILE: I02H_NOPROP_L127_TAB_CHECK_R1A020 WRITTEN
 NC=   65500 T= 9.5015E+00 DT= 1.4483E-04 ERR= -0.0% DM/M= 0.0000E+00
 ELAPSED TIME=        121.25 s  REMAINING TIME=         31.88 s
 NC=   65600 T= 9.5160E+00 DT= 1.4483E-04 ERR= -0.0% DM/M= 0.0000E+00
 ELAPSED TIME=        121.39 s  REMAINING TIME=         31.69 s
 NC=   65700 T= 9.5305E+00 DT= 1.4483E-04 ERR= -0.0% DM/M= 0.0000E+00
 ELAPSED TIME=        121.54 s  REMAINING TIME=         31.49 s
 NC=   65800 T= 9.5450E+00 DT= 1.4482E-04 ERR= -0.0% DM/M= 0.0000E+00
 ELAPSED TIME=        121.68 s  REMAINING TIME=         31.30 s
 NC=   65900 T= 9.5594E+00 DT= 1.4482E-04 ERR= -0.0% DM/M= 0.0000E+00
 ELAPSED TIME=        121.82 s  REMAINING TIME=         31.10 s
 NC=   66000 T= 9.5739E+00 DT= 1.4482E-04 ERR= -0.0% DM/M= 0.0000E+00
 ELAPSED TIME=        121.96 s  REMAINING TIME=         30.91 s
 NC=   66100 T= 9.5884E+00 DT= 1.4482E-04 ERR= -0.0% DM/M= 0.0000E+00
 ELAPSED TIME=        122.10 s  REMAINING TIME=         30.71 s
 NC=   66200 T= 9.6029E+00 DT= 1.4481E-04 ERR= -0.0% DM/M= 0.0000E+00
 ELAPSED TIME=        122.25 s  REMAINING TIME=         30.52 s
 NC=   66300 T= 9.6174E+00 DT= 1.4481E-04 ERR= -0.0% DM/M= 0.0000E+00
 ELAPSED TIME=        122.39 s  REMAINING TIME=         30.32 s
 NC=   66400 T= 9.6319E+00 DT= 1.4481E-04 ERR= -0.0% DM/M= 0.0000E+00
 ELAPSED TIME=        122.53 s  REMAINING TIME=         30.13 s
 NC=   66500 T= 9.6463E+00 DT= 1.4481E-04 ERR= -0.0% DM/M= 0.0000E+00
 ELAPSED TIME=        122.67 s  REMAINING TIME=         29.93 s
 NC=   66600 T= 9.6608E+00 DT= 1.4481E-04 ERR= -0.0% DM/M= 0.0000E+00
 ELAPSED TIME=        122.82 s  REMAINING TIME=         29.74 s
 NC=   66700 T= 9.6753E+00 DT= 1.4480E-04 ERR= -0.0% DM/M= 0.0000E+00
 ELAPSED TIME=        122.96 s  REMAINING TIME=         29.54 s
 NC=   66800 T= 9.6898E+00 DT= 1.4480E-04 ERR= -0.0% DM/M= 0.0000E+00
 ELAPSED TIME=        123.10 s  REMAINING TIME=         29.35 s
 NC=   66900 T= 9.7043E+00 DT= 1.4480E-04 ERR= -0.0% DM/M= 0.0000E+00
 ELAPSED TIME=        123.24 s  REMAINING TIME=         29.16 s
 NC=   67000 T= 9.7187E+00 DT= 1.4479E-04 ERR= -0.0% DM/M= 0.0000E+00
 ELAPSED TIME=        123.38 s  REMAINING TIME=         28.96 s
 NC=   67100 T= 9.7332E+00 DT= 1.4479E-04 ERR= -0.0% DM/M= 0.0000E+00
 ELAPSED TIME=        123.53 s  REMAINING TIME=         28.77 s
 NC=   67200 T= 9.7477E+00 DT= 1.4479E-04 ERR= -0.0% DM/M= 0.0000E+00
 ELAPSED TIME=        123.67 s  REMAINING TIME=         28.58 s
 NC=   67300 T= 9.7622E+00 DT= 1.4478E-04 ERR= -0.0% DM/M= 0.0000E+00
 ELAPSED TIME=        123.81 s  REMAINING TIME=         28.38 s
 NC=   67400 T= 9.7766E+00 DT= 1.4478E-04 ERR= -0.0% DM/M= 0.0000E+00
 ELAPSED TIME=        123.95 s  REMAINING TIME=         28.19 s
 NC=   67500 T= 9.7911E+00 DT= 1.4478E-04 ERR= -0.0% DM/M= 0.0000E+00
 ELAPSED TIME=        124.10 s  REMAINING TIME=         28.00 s
 NC=   67600 T= 9.8056E+00 DT= 1.4478E-04 ERR= -0.0% DM/M= 0.0000E+00
 ELAPSED TIME=        124.24 s  REMAINING TIME=         27.80 s
 NC=   67700 T= 9.8201E+00 DT= 1.4477E-04 ERR= -0.0% DM/M= 0.0000E+00
 ELAPSED TIME=        124.38 s  REMAINING TIME=         27.61 s
 NC=   67800 T= 9.8346E+00 DT= 1.4477E-04 ERR= -0.0% DM/M= 0.0000E+00
 ELAPSED TIME=        124.52 s  REMAINING TIME=         27.42 s
 NC=   67900 T= 9.8490E+00 DT= 1.4477E-04 ERR= -0.0% DM/M= 0.0000E+00
 ELAPSED TIME=        124.67 s  REMAINING TIME=         27.23 s
 NC=   68000 T= 9.8635E+00 DT= 1.4476E-04 ERR= -0.0% DM/M= 0.0000E+00
 ELAPSED TIME=        124.81 s  REMAINING TIME=         27.03 s
 NC=   68100 T= 9.8780E+00 DT= 1.4476E-04 ERR= -0.0% DM/M= 0.0000E+00
 ELAPSED TIME=        124.95 s  REMAINING TIME=         26.84 s
 NC=   68200 T= 9.8925E+00 DT= 1.4476E-04 ERR= -0.0% DM/M= 0.0000E+00
 ELAPSED TIME=        125.09 s  REMAINING TIME=         26.65 s
 NC=   68300 T= 9.9069E+00 DT= 1.4475E-04 ERR= -0.0% DM/M= 0.0000E+00
 ELAPSED TIME=        125.24 s  REMAINING TIME=         26.46 s
 NC=   68400 T= 9.9214E+00 DT= 1.4475E-04 ERR= -0.0% DM/M= 0.0000E+00
 ELAPSED TIME=        125.38 s  REMAINING TIME=         26.27 s
 NC=   68500 T= 9.9359E+00 DT= 1.4475E-04 ERR= -0.0% DM/M= 0.0000E+00
 ELAPSED TIME=        125.52 s  REMAINING TIME=         26.08 s
 NC=   68600 T= 9.9504E+00 DT= 1.4474E-04 ERR= -0.0% DM/M= 0.0000E+00
 ELAPSED TIME=        125.66 s  REMAINING TIME=         25.88 s
 NC=   68700 T= 9.9648E+00 DT= 1.4474E-04 ERR= -0.0% DM/M= 0.0000E+00
 ELAPSED TIME=        125.81 s  REMAINING TIME=         25.69 s
 NC=   68800 T= 9.9793E+00 DT= 1.4474E-04 ERR= -0.0% DM/M= 0.0000E+00
 ELAPSED TIME=        125.95 s  REMAINING TIME=         25.50 s
 NC=   68900 T= 9.9938E+00 DT= 1.4473E-04 ERR= -0.0% DM/M= 0.0000E+00
 ELAPSED TIME=        126.09 s  REMAINING TIME=         25.31 s
     ANIMATION FILE: I02H_NOPROP_L127_TAB_CHECK_R1A021 WRITTEN
 NC=   69000 T= 1.0008E+01 DT= 1.4473E-04 ERR= -0.0% DM/M= 0.0000E+00
 ELAPSED TIME=        126.24 s  REMAINING TIME=         25.12 s
 NC=   69100 T= 1.0023E+01 DT= 1.4473E-04 ERR= -0.0% DM/M= 0.0000E+00
 ELAPSED TIME=        126.38 s  REMAINING TIME=         24.93 s
 NC=   69200 T= 1.0037E+01 DT= 1.4472E-04 ERR= -0.0% DM/M= 0.0000E+00
 ELAPSED TIME=        126.53 s  REMAINING TIME=         24.74 s
 NC=   69300 T= 1.0052E+01 DT= 1.4472E-04 ERR= -0.0% DM/M= 0.0000E+00
 ELAPSED TIME=        126.67 s  REMAINING TIME=         24.55 s
 NC=   69400 T= 1.0066E+01 DT= 1.4471E-04 ERR= -0.0% DM/M= 0.0000E+00
 ELAPSED TIME=        126.82 s  REMAINING TIME=         24.36 s
 NC=   69500 T= 1.0081E+01 DT= 1.4471E-04 ERR= -0.0% DM/M= 0.0000E+00
 ELAPSED TIME=        126.96 s  REMAINING TIME=         24.17 s
 NC=   69600 T= 1.0095E+01 DT= 1.4471E-04 ERR= -0.0% DM/M= 0.0000E+00
 ELAPSED TIME=        127.10 s  REMAINING TIME=         23.98 s
 NC=   69700 T= 1.0110E+01 DT= 1.4470E-04 ERR= -0.0% DM/M= 0.0000E+00
 ELAPSED TIME=        127.25 s  REMAINING TIME=         23.79 s
 NC=   69800 T= 1.0124E+01 DT= 1.4470E-04 ERR= -0.0% DM/M= 0.0000E+00
 ELAPSED TIME=        127.39 s  REMAINING TIME=         23.61 s
 NC=   69900 T= 1.0138E+01 DT= 1.4469E-04 ERR= -0.0% DM/M= 0.0000E+00
 ELAPSED TIME=        127.53 s  REMAINING TIME=         23.42 s
 NC=   70000 T= 1.0153E+01 DT= 1.4469E-04 ERR= -0.0% DM/M= 0.0000E+00
 ELAPSED TIME=        127.68 s  REMAINING TIME=         23.23 s
 NC=   70100 T= 1.0167E+01 DT= 1.4468E-04 ERR= -0.0% DM/M= 0.0000E+00
 ELAPSED TIME=        127.82 s  REMAINING TIME=         23.04 s
 NC=   70200 T= 1.0182E+01 DT= 1.4468E-04 ERR= -0.0% DM/M= 0.0000E+00
 ELAPSED TIME=        127.96 s  REMAINING TIME=         22.85 s
 NC=   70300 T= 1.0196E+01 DT= 1.4467E-04 ERR= -0.0% DM/M= 0.0000E+00
 ELAPSED TIME=        128.11 s  REMAINING TIME=         22.66 s
 NC=   70400 T= 1.0211E+01 DT= 1.4466E-04 ERR= -0.0% DM/M= 0.0000E+00
 ELAPSED TIME=        128.25 s  REMAINING TIME=         22.47 s
 NC=   70500 T= 1.0225E+01 DT= 1.4466E-04 ERR= -0.0% DM/M= 0.0000E+00
 ELAPSED TIME=        128.39 s  REMAINING TIME=         22.28 s
 NC=   70600 T= 1.0240E+01 DT= 1.4466E-04 ERR= -0.0% DM/M= 0.0000E+00
 ELAPSED TIME=        128.54 s  REMAINING TIME=         22.10 s
 NC=   70700 T= 1.0254E+01 DT= 1.4465E-04 ERR= -0.0% DM/M= 0.0000E+00
 ELAPSED TIME=        128.68 s  REMAINING TIME=         21.91 s
 NC=   70800 T= 1.0269E+01 DT= 1.4464E-04 ERR= -0.0% DM/M= 0.0000E+00
 ELAPSED TIME=        128.82 s  REMAINING TIME=         21.72 s
 NC=   70900 T= 1.0283E+01 DT= 1.4464E-04 ERR= -0.0% DM/M= 0.0000E+00
 ELAPSED TIME=        128.97 s  REMAINING TIME=         21.53 s
 NC=   71000 T= 1.0298E+01 DT= 1.4463E-04 ERR= -0.0% DM/M= 0.0000E+00
 ELAPSED TIME=        129.11 s  REMAINING TIME=         21.34 s
 NC=   71100 T= 1.0312E+01 DT= 1.4463E-04 ERR= -0.0% DM/M= 0.0000E+00
 ELAPSED TIME=        129.25 s  REMAINING TIME=         21.16 s
 NC=   71200 T= 1.0327E+01 DT= 1.4462E-04 ERR= -0.0% DM/M= 0.0000E+00
 ELAPSED TIME=        129.39 s  REMAINING TIME=         20.97 s
 NC=   71300 T= 1.0341E+01 DT= 1.4462E-04 ERR= -0.0% DM/M= 0.0000E+00
 ELAPSED TIME=        129.54 s  REMAINING TIME=         20.78 s
 NC=   71400 T= 1.0355E+01 DT= 1.4461E-04 ERR= -0.0% DM/M= 0.0000E+00
 ELAPSED TIME=        129.68 s  REMAINING TIME=         20.59 s
 NC=   71500 T= 1.0370E+01 DT= 1.4460E-04 ERR= -0.0% DM/M= 0.0000E+00
 ELAPSED TIME=        129.83 s  REMAINING TIME=         20.41 s
 NC=   71600 T= 1.0384E+01 DT= 1.4460E-04 ERR= -0.0% DM/M= 0.0000E+00
 ELAPSED TIME=        129.97 s  REMAINING TIME=         20.22 s
 NC=   71700 T= 1.0399E+01 DT= 1.4459E-04 ERR= -0.0% DM/M= 0.0000E+00
 ELAPSED TIME=        130.11 s  REMAINING TIME=         20.03 s
 NC=   71800 T= 1.0413E+01 DT= 1.4458E-04 ERR= -0.0% DM/M= 0.0000E+00
 ELAPSED TIME=        130.26 s  REMAINING TIME=         19.85 s
 NC=   71900 T= 1.0428E+01 DT= 1.4458E-04 ERR= -0.0% DM/M= 0.0000E+00
 ELAPSED TIME=        130.40 s  REMAINING TIME=         19.66 s
 NC=   72000 T= 1.0442E+01 DT= 1.4457E-04 ERR= -0.0% DM/M= 0.0000E+00
 ELAPSED TIME=        130.54 s  REMAINING TIME=         19.47 s
 NC=   72100 T= 1.0457E+01 DT= 1.4457E-04 ERR= -0.0% DM/M= 0.0000E+00
 ELAPSED TIME=        130.68 s  REMAINING TIME=         19.29 s
 NC=   72200 T= 1.0471E+01 DT= 1.4456E-04 ERR= -0.0% DM/M= 0.0000E+00
 ELAPSED TIME=        130.83 s  REMAINING TIME=         19.10 s
 NC=   72300 T= 1.0486E+01 DT= 1.4455E-04 ERR= -0.0% DM/M= 0.0000E+00
 ELAPSED TIME=        130.97 s  REMAINING TIME=         18.92 s
 NC=   72400 T= 1.0500E+01 DT= 1.4455E-04 ERR= -0.0% DM/M= 0.0000E+00
 ELAPSED TIME=        131.12 s  REMAINING TIME=         18.73 s
     ANIMATION FILE: I02H_NOPROP_L127_TAB_CHECK_R1A022 WRITTEN
 NC=   72500 T= 1.0515E+01 DT= 1.4454E-04 ERR= -0.0% DM/M= 0.0000E+00
 ELAPSED TIME=        131.27 s  REMAINING TIME=         18.55 s
 NC=   72600 T= 1.0529E+01 DT= 1.4454E-04 ERR= -0.0% DM/M= 0.0000E+00
 ELAPSED TIME=        131.41 s  REMAINING TIME=         18.36 s
 NC=   72700 T= 1.0543E+01 DT= 1.4453E-04 ERR= -0.0% DM/M= 0.0000E+00
 ELAPSED TIME=        131.56 s  REMAINING TIME=         18.17 s
 NC=   72800 T= 1.0558E+01 DT= 1.4453E-04 ERR= -0.0% DM/M= 0.0000E+00
 ELAPSED TIME=        131.70 s  REMAINING TIME=         17.99 s
 NC=   72900 T= 1.0572E+01 DT= 1.4452E-04 ERR= -0.0% DM/M= 0.0000E+00
 ELAPSED TIME=        131.85 s  REMAINING TIME=         17.80 s
 NC=   73000 T= 1.0587E+01 DT= 1.4451E-04 ERR= -0.0% DM/M= 0.0000E+00
 ELAPSED TIME=        132.00 s  REMAINING TIME=         17.62 s
 NC=   73100 T= 1.0601E+01 DT= 1.4451E-04 ERR= -0.0% DM/M= 0.0000E+00
 ELAPSED TIME=        132.14 s  REMAINING TIME=         17.44 s
 NC=   73200 T= 1.0616E+01 DT= 1.4450E-04 ERR= -0.0% DM/M= 0.0000E+00
 ELAPSED TIME=        132.29 s  REMAINING TIME=         17.25 s
 NC=   73300 T= 1.0630E+01 DT= 1.4450E-04 ERR= -0.0% DM/M= 0.0000E+00
 ELAPSED TIME=        132.43 s  REMAINING TIME=         17.07 s
 NC=   73400 T= 1.0645E+01 DT= 1.4449E-04 ERR= -0.0% DM/M= 0.0000E+00
 ELAPSED TIME=        132.57 s  REMAINING TIME=         16.88 s
 NC=   73500 T= 1.0659E+01 DT= 1.4448E-04 ERR= -0.0% DM/M= 0.0000E+00
 ELAPSED TIME=        132.72 s  REMAINING TIME=         16.70 s
 NC=   73600 T= 1.0673E+01 DT= 1.4448E-04 ERR= -0.0% DM/M= 0.0000E+00
 ELAPSED TIME=        132.86 s  REMAINING TIME=         16.51 s
 NC=   73700 T= 1.0688E+01 DT= 1.4447E-04 ERR= -0.0% DM/M= 0.0000E+00
 ELAPSED TIME=        133.01 s  REMAINING TIME=         16.33 s
 NC=   73800 T= 1.0702E+01 DT= 1.4446E-04 ERR= -0.0% DM/M= 0.0000E+00
 ELAPSED TIME=        133.15 s  REMAINING TIME=         16.14 s
 NC=   73900 T= 1.0717E+01 DT= 1.4446E-04 ERR= -0.0% DM/M= 0.0000E+00
 ELAPSED TIME=        133.29 s  REMAINING TIME=         15.96 s
 NC=   74000 T= 1.0731E+01 DT= 1.4445E-04 ERR= -0.0% DM/M= 0.0000E+00
 ELAPSED TIME=        133.43 s  REMAINING TIME=         15.78 s
 NC=   74100 T= 1.0746E+01 DT= 1.4445E-04 ERR= -0.0% DM/M= 0.0000E+00
 ELAPSED TIME=        133.58 s  REMAINING TIME=         15.59 s
 NC=   74200 T= 1.0760E+01 DT= 1.4444E-04 ERR= -0.0% DM/M= 0.0000E+00
 ELAPSED TIME=        133.72 s  REMAINING TIME=         15.41 s
 NC=   74300 T= 1.0775E+01 DT= 1.4444E-04 ERR= -0.0% DM/M= 0.0000E+00
 ELAPSED TIME=        133.86 s  REMAINING TIME=         15.22 s
 NC=   74400 T= 1.0789E+01 DT= 1.4443E-04 ERR= -0.0% DM/M= 0.0000E+00
 ELAPSED TIME=        134.01 s  REMAINING TIME=         15.04 s
 NC=   74500 T= 1.0803E+01 DT= 1.4442E-04 ERR= -0.0% DM/M= 0.0000E+00
 ELAPSED TIME=        134.15 s  REMAINING TIME=         14.86 s
 NC=   74600 T= 1.0818E+01 DT= 1.4442E-04 ERR= -0.0% DM/M= 0.0000E+00
 ELAPSED TIME=        134.29 s  REMAINING TIME=         14.67 s
 NC=   74700 T= 1.0832E+01 DT= 1.4441E-04 ERR= -0.0% DM/M= 0.0000E+00
 ELAPSED TIME=        134.44 s  REMAINING TIME=         14.49 s
 NC=   74800 T= 1.0847E+01 DT= 1.4441E-04 ERR= -0.0% DM/M= 0.0000E+00
 ELAPSED TIME=        134.58 s  REMAINING TIME=         14.31 s
 NC=   74900 T= 1.0861E+01 DT= 1.4440E-04 ERR= -0.0% DM/M= 0.0000E+00
 ELAPSED TIME=        134.73 s  REMAINING TIME=         14.13 s
 NC=   75000 T= 1.0876E+01 DT= 1.4439E-04 ERR= -0.0% DM/M= 0.0000E+00
 ELAPSED TIME=        134.88 s  REMAINING TIME=         13.94 s
 NC=   75100 T= 1.0890E+01 DT= 1.4439E-04 ERR= -0.0% DM/M= 0.0000E+00
 ELAPSED TIME=        135.02 s  REMAINING TIME=         13.76 s
 NC=   75200 T= 1.0905E+01 DT= 1.4438E-04 ERR= -0.0% DM/M= 0.0000E+00
 ELAPSED TIME=        135.17 s  REMAINING TIME=         13.58 s
 NC=   75300 T= 1.0919E+01 DT= 1.4437E-04 ERR= -0.0% DM/M= 0.0000E+00
 ELAPSED TIME=        135.33 s  REMAINING TIME=         13.40 s
 NC=   75400 T= 1.0933E+01 DT= 1.4437E-04 ERR= -0.0% DM/M= 0.0000E+00
 ELAPSED TIME=        135.47 s  REMAINING TIME=         13.22 s
 NC=   75500 T= 1.0948E+01 DT= 1.4436E-04 ERR= -0.0% DM/M= 0.0000E+00
 ELAPSED TIME=        135.62 s  REMAINING TIME=         13.03 s
 NC=   75600 T= 1.0962E+01 DT= 1.4436E-04 ERR= -0.0% DM/M= 0.0000E+00
 ELAPSED TIME=        135.76 s  REMAINING TIME=         12.85 s
 NC=   75700 T= 1.0977E+01 DT= 1.4435E-04 ERR= -0.0% DM/M= 0.0000E+00
 ELAPSED TIME=        135.90 s  REMAINING TIME=         12.67 s
 NC=   75800 T= 1.0991E+01 DT= 1.4434E-04 ERR= -0.0% DM/M= 0.0000E+00
 ELAPSED TIME=        136.05 s  REMAINING TIME=         12.49 s
     ANIMATION FILE: I02H_NOPROP_L127_TAB_CHECK_R1A023 WRITTEN
 NC=   75900 T= 1.1006E+01 DT= 1.4433E-04 ERR= -0.0% DM/M= 0.0000E+00
 ELAPSED TIME=        136.20 s  REMAINING TIME=         12.31 s
 NC=   76000 T= 1.1020E+01 DT= 1.4433E-04 ERR= -0.0% DM/M= 0.0000E+00
 ELAPSED TIME=        136.34 s  REMAINING TIME=         12.12 s
 NC=   76100 T= 1.1034E+01 DT= 1.4432E-04 ERR= -0.0% DM/M= 0.0000E+00
 ELAPSED TIME=        136.48 s  REMAINING TIME=         11.94 s
 NC=   76200 T= 1.1049E+01 DT= 1.4432E-04 ERR= -0.0% DM/M= 0.0000E+00
 ELAPSED TIME=        136.63 s  REMAINING TIME=         11.76 s
 NC=   76300 T= 1.1063E+01 DT= 1.4431E-04 ERR= -0.0% DM/M= 0.0000E+00
 ELAPSED TIME=        136.77 s  REMAINING TIME=         11.58 s
 NC=   76400 T= 1.1078E+01 DT= 1.4430E-04 ERR= -0.0% DM/M= 0.0000E+00
 ELAPSED TIME=        136.92 s  REMAINING TIME=         11.40 s
 NC=   76500 T= 1.1092E+01 DT= 1.4430E-04 ERR= -0.0% DM/M= 0.0000E+00
 ELAPSED TIME=        137.06 s  REMAINING TIME=         11.22 s
 NC=   76600 T= 1.1107E+01 DT= 1.4429E-04 ERR= -0.0% DM/M= 0.0000E+00
 ELAPSED TIME=        137.20 s  REMAINING TIME=         11.04 s
 NC=   76700 T= 1.1121E+01 DT= 1.4428E-04 ERR= -0.0% DM/M= 0.0000E+00
 ELAPSED TIME=        137.35 s  REMAINING TIME=         10.86 s
 NC=   76800 T= 1.1135E+01 DT= 1.4428E-04 ERR= -0.0% DM/M= 0.0000E+00
 ELAPSED TIME=        137.49 s  REMAINING TIME=         10.67 s
 NC=   76900 T= 1.1150E+01 DT= 1.4427E-04 ERR= -0.0% DM/M= 0.0000E+00
 ELAPSED TIME=        137.63 s  REMAINING TIME=         10.49 s
 NC=   77000 T= 1.1164E+01 DT= 1.4426E-04 ERR= -0.0% DM/M= 0.0000E+00
 ELAPSED TIME=        137.78 s  REMAINING TIME=         10.31 s
 NC=   77100 T= 1.1179E+01 DT= 1.4426E-04 ERR= -0.0% DM/M= 0.0000E+00
 ELAPSED TIME=        137.92 s  REMAINING TIME=         10.13 s
 NC=   77200 T= 1.1193E+01 DT= 1.4425E-04 ERR= -0.0% DM/M= 0.0000E+00
 ELAPSED TIME=        138.07 s  REMAINING TIME=          9.95 s
 NC=   77300 T= 1.1208E+01 DT= 1.4424E-04 ERR= -0.0% DM/M= 0.0000E+00
 ELAPSED TIME=        138.21 s  REMAINING TIME=          9.77 s
 NC=   77400 T= 1.1222E+01 DT= 1.4424E-04 ERR= -0.0% DM/M= 0.0000E+00
 ELAPSED TIME=        138.35 s  REMAINING TIME=          9.59 s
 NC=   77500 T= 1.1236E+01 DT= 1.4423E-04 ERR= -0.0% DM/M= 0.0000E+00
 ELAPSED TIME=        138.50 s  REMAINING TIME=          9.41 s
 NC=   77600 T= 1.1251E+01 DT= 1.4423E-04 ERR= -0.0% DM/M= 0.0000E+00
 ELAPSED TIME=        138.64 s  REMAINING TIME=          9.23 s
 NC=   77700 T= 1.1265E+01 DT= 1.4422E-04 ERR= -0.0% DM/M= 0.0000E+00
 ELAPSED TIME=        138.78 s  REMAINING TIME=          9.05 s
 NC=   77800 T= 1.1280E+01 DT= 1.4421E-04 ERR= -0.0% DM/M= 0.0000E+00
 ELAPSED TIME=        138.93 s  REMAINING TIME=          8.87 s
 NC=   77900 T= 1.1294E+01 DT= 1.4420E-04 ERR= -0.0% DM/M= 0.0000E+00
 ELAPSED TIME=        139.07 s  REMAINING TIME=          8.69 s
 NC=   78000 T= 1.1309E+01 DT= 1.4420E-04 ERR= -0.0% DM/M= 0.0000E+00
 ELAPSED TIME=        139.21 s  REMAINING TIME=          8.51 s
 NC=   78100 T= 1.1323E+01 DT= 1.4419E-04 ERR= -0.0% DM/M= 0.0000E+00
 ELAPSED TIME=        139.36 s  REMAINING TIME=          8.33 s
 NC=   78200 T= 1.1337E+01 DT= 1.4419E-04 ERR= -0.0% DM/M= 0.0000E+00
 ELAPSED TIME=        139.50 s  REMAINING TIME=          8.15 s
 NC=   78300 T= 1.1352E+01 DT= 1.4418E-04 ERR= -0.0% DM/M= 0.0000E+00
 ELAPSED TIME=        139.64 s  REMAINING TIME=          7.97 s
 NC=   78400 T= 1.1366E+01 DT= 1.4417E-04 ERR= -0.0% DM/M= 0.0000E+00
 ELAPSED TIME=        139.79 s  REMAINING TIME=          7.79 s
 NC=   78500 T= 1.1381E+01 DT= 1.4417E-04 ERR= -0.0% DM/M= 0.0000E+00
 ELAPSED TIME=        139.93 s  REMAINING TIME=          7.62 s
 NC=   78600 T= 1.1395E+01 DT= 1.4416E-04 ERR= -0.0% DM/M= 0.0000E+00
 ELAPSED TIME=        140.07 s  REMAINING TIME=          7.44 s
 NC=   78700 T= 1.1409E+01 DT= 1.4415E-04 ERR= -0.0% DM/M= 0.0000E+00
 ELAPSED TIME=        140.22 s  REMAINING TIME=          7.26 s
 NC=   78800 T= 1.1424E+01 DT= 1.4415E-04 ERR= -0.0% DM/M= 0.0000E+00
 ELAPSED TIME=        140.37 s  REMAINING TIME=          7.08 s
 NC=   78900 T= 1.1438E+01 DT= 1.4414E-04 ERR= -0.0% DM/M= 0.0000E+00
 ELAPSED TIME=        140.51 s  REMAINING TIME=          6.90 s
 NC=   79000 T= 1.1453E+01 DT= 1.4413E-04 ERR= -0.0% DM/M= 0.0000E+00
 ELAPSED TIME=        140.65 s  REMAINING TIME=          6.72 s
 NC=   79100 T= 1.1467E+01 DT= 1.4413E-04 ERR= -0.0% DM/M= 0.0000E+00
 ELAPSED TIME=        140.80 s  REMAINING TIME=          6.54 s
 NC=   79200 T= 1.1482E+01 DT= 1.4412E-04 ERR= -0.0% DM/M= 0.0000E+00
 ELAPSED TIME=        140.94 s  REMAINING TIME=          6.36 s
 NC=   79300 T= 1.1496E+01 DT= 1.4411E-04 ERR= -0.0% DM/M= 0.0000E+00
 ELAPSED TIME=        141.09 s  REMAINING TIME=          6.19 s
     ANIMATION FILE: I02H_NOPROP_L127_TAB_CHECK_R1A024 WRITTEN
 NC=   79400 T= 1.1510E+01 DT= 1.4410E-04 ERR= -0.0% DM/M= 0.0000E+00
 ELAPSED TIME=        141.24 s  REMAINING TIME=          6.01 s
 NC=   79500 T= 1.1525E+01 DT= 1.4410E-04 ERR= -0.0% DM/M= 0.0000E+00
 ELAPSED TIME=        141.38 s  REMAINING TIME=          5.83 s
 NC=   79600 T= 1.1539E+01 DT= 1.4409E-04 ERR= -0.0% DM/M= 0.0000E+00
 ELAPSED TIME=        141.52 s  REMAINING TIME=          5.65 s
 NC=   79700 T= 1.1554E+01 DT= 1.4409E-04 ERR= -0.0% DM/M= 0.0000E+00
 ELAPSED TIME=        141.67 s  REMAINING TIME=          5.47 s
 NC=   79800 T= 1.1568E+01 DT= 1.4408E-04 ERR= -0.0% DM/M= 0.0000E+00
 ELAPSED TIME=        141.81 s  REMAINING TIME=          5.30 s
 NC=   79900 T= 1.1582E+01 DT= 1.4407E-04 ERR= -0.0% DM/M= 0.0000E+00
 ELAPSED TIME=        141.96 s  REMAINING TIME=          5.12 s
 NC=   80000 T= 1.1597E+01 DT= 1.4406E-04 ERR= -0.0% DM/M= 0.0000E+00
 ELAPSED TIME=        142.10 s  REMAINING TIME=          4.94 s
 NC=   80100 T= 1.1611E+01 DT= 1.4406E-04 ERR= -0.0% DM/M= 0.0000E+00
 ELAPSED TIME=        142.24 s  REMAINING TIME=          4.76 s
 NC=   80200 T= 1.1626E+01 DT= 1.4405E-04 ERR= -0.0% DM/M= 0.0000E+00
 ELAPSED TIME=        142.39 s  REMAINING TIME=          4.59 s
 NC=   80300 T= 1.1640E+01 DT= 1.4404E-04 ERR= -0.0% DM/M= 0.0000E+00
 ELAPSED TIME=        142.53 s  REMAINING TIME=          4.41 s
 NC=   80400 T= 1.1654E+01 DT= 1.4404E-04 ERR= -0.0% DM/M= 0.0000E+00
 ELAPSED TIME=        142.68 s  REMAINING TIME=          4.23 s
 NC=   80500 T= 1.1669E+01 DT= 1.4403E-04 ERR= -0.0% DM/M= 0.0000E+00
 ELAPSED TIME=        142.82 s  REMAINING TIME=          4.05 s
 NC=   80600 T= 1.1683E+01 DT= 1.4403E-04 ERR= -0.0% DM/M= 0.0000E+00
 ELAPSED TIME=        142.96 s  REMAINING TIME=          3.88 s
 NC=   80700 T= 1.1698E+01 DT= 1.4402E-04 ERR= -0.0% DM/M= 0.0000E+00
 ELAPSED TIME=        143.11 s  REMAINING TIME=          3.70 s
 NC=   80800 T= 1.1712E+01 DT= 1.4401E-04 ERR= -0.0% DM/M= 0.0000E+00
 ELAPSED TIME=        143.25 s  REMAINING TIME=          3.52 s
 NC=   80900 T= 1.1726E+01 DT= 1.4400E-04 ERR= -0.0% DM/M= 0.0000E+00
 ELAPSED TIME=        143.40 s  REMAINING TIME=          3.34 s
 NC=   81000 T= 1.1741E+01 DT= 1.4400E-04 ERR= -0.0% DM/M= 0.0000E+00
 ELAPSED TIME=        143.54 s  REMAINING TIME=          3.17 s
 NC=   81100 T= 1.1755E+01 DT= 1.4399E-04 ERR= -0.0% DM/M= 0.0000E+00
 ELAPSED TIME=        143.69 s  REMAINING TIME=          2.99 s
 NC=   81200 T= 1.1770E+01 DT= 1.4398E-04 ERR= -0.0% DM/M= 0.0000E+00
 ELAPSED TIME=        143.83 s  REMAINING TIME=          2.81 s
 NC=   81300 T= 1.1784E+01 DT= 1.4398E-04 ERR= -0.0% DM/M= 0.0000E+00
 ELAPSED TIME=        143.98 s  REMAINING TIME=          2.64 s
 NC=   81400 T= 1.1798E+01 DT= 1.4397E-04 ERR= -0.0% DM/M= 0.0000E+00
 ELAPSED TIME=        144.12 s  REMAINING TIME=          2.46 s
 NC=   81500 T= 1.1813E+01 DT= 1.4396E-04 ERR= -0.0% DM/M= 0.0000E+00
 ELAPSED TIME=        144.27 s  REMAINING TIME=          2.29 s
 NC=   81600 T= 1.1827E+01 DT= 1.4396E-04 ERR= -0.0% DM/M= 0.0000E+00
 ELAPSED TIME=        144.42 s  REMAINING TIME=          2.11 s
 NC=   81700 T= 1.1842E+01 DT= 1.4395E-04 ERR= -0.0% DM/M= 0.0000E+00
 ELAPSED TIME=        144.57 s  REMAINING TIME=          1.93 s
 NC=   81800 T= 1.1856E+01 DT= 1.4394E-04 ERR= -0.0% DM/M= 0.0000E+00
 ELAPSED TIME=        144.72 s  REMAINING TIME=          1.76 s
 NC=   81900 T= 1.1870E+01 DT= 1.4394E-04 ERR= -0.0% DM/M= 0.0000E+00
 ELAPSED TIME=        144.86 s  REMAINING TIME=          1.58 s
 NC=   82000 T= 1.1885E+01 DT= 1.4393E-04 ERR= -0.0% DM/M= 0.0000E+00
 ELAPSED TIME=        145.00 s  REMAINING TIME=          1.41 s
 NC=   82100 T= 1.1899E+01 DT= 1.4392E-04 ERR= -0.0% DM/M= 0.0000E+00
 ELAPSED TIME=        145.15 s  REMAINING TIME=          1.23 s
 NC=   82200 T= 1.1914E+01 DT= 1.4391E-04 ERR= -0.0% DM/M= 0.0000E+00
 ELAPSED TIME=        145.29 s  REMAINING TIME=          1.05 s
 NC=   82300 T= 1.1928E+01 DT= 1.4391E-04 ERR= -0.0% DM/M= 0.0000E+00
 ELAPSED TIME=        145.44 s  REMAINING TIME=          0.88 s
 NC=   82400 T= 1.1942E+01 DT= 1.4390E-04 ERR= -0.0% DM/M= 0.0000E+00
 ELAPSED TIME=        145.58 s  REMAINING TIME=          0.70 s
 NC=   82500 T= 1.1957E+01 DT= 1.4389E-04 ERR= -0.0% DM/M= 0.0000E+00
 ELAPSED TIME=        145.73 s  REMAINING TIME=          0.53 s
 NC=   82600 T= 1.1971E+01 DT= 1.4389E-04 ERR= -0.0% DM/M= 0.0000E+00
 ELAPSED TIME=        145.87 s  REMAINING TIME=          0.35 s
 NC=   82700 T= 1.1986E+01 DT= 1.4388E-04 ERR= -0.0% DM/M= 0.0000E+00
 ELAPSED TIME=        146.02 s  REMAINING TIME=          0.18 s
 NC=   82800 T= 1.2000E+01 DT= 1.4387E-04 ERR= -0.0% DM/M= 0.0000E+00
 ELAPSED TIME=        146.16 s  REMAINING TIME=          0.00 s
     RESTART FILES: I02H_NOPROP_L127_TAB_CHECK_R1_0001_[0001-0001].rst WRITTEN
     ANIMATION FILE: I02H_NOPROP_L127_TAB_CHECK_R1A025 WRITTEN
  
                           ** CPU USER TIME **
  
  
                        ** SUMMARY **
  
 #PROC  ELEMENT   KINCOND   INTEG     IO        T0        ASM       RESOL    
   1   .1270E+03 .2391E+01 .2844E+01 .6375E+01 .1547E+01 .3766E+01 .1460E+03
 
                   ** CUMULATIVE CPU TIME SUMMARY **
  
 CONTACT SORTING.............: .0000E+00     0.00 % 
 CONTACT FORCES..............: .6250E-01     0.04 % 
 ELEMENT FORCES..............: .1270E+03    87.00 % 
 KINEMATIC COND..............: .2391E+01     1.64 % 
 INTEGRATION.................: .2844E+01     1.95 % 
 ASSEMBLING..................: .3766E+01     2.58 % 
 OTHERS (including I/O)......: .9922E+01     6.80 % 
 TOTAL.......................: .1460E+03   100.00 % 
  
                   ** MEMORY USAGE STATISTICS **
  
 TOTAL MEMORY USED .........................:       59 MB
 MAXIMUM MEMORY PER PROCESSOR...............:       59 MB
 MINIMUM MEMORY PER PROCESSOR...............:       59 MB
 AVERAGE MEMORY PER PROCESSOR...............:       59 MB
  
                   ** DISK USAGE STATISTICS **
  
 TOTAL DISK SPACE USED .....................:         11 MB
 ANIMATION/H3D/TH/OUTP SIZE ................:          7 MB
 RESTART FILE SIZE .........................:          3 MB
  
 ELAPSED TIME     =        146.18 s
                          0:02:26
  
     NORMAL TERMINATION      
     TOTAL NUMBER OF CYCLES  :   82802
