case_id,load_factor,paired_gravity_load_N,maximum_deflection_m,paired_elastic_strain_energy_J,state,global_energy_credit_J
BAY-0001,0.0,0.0,0.0,0.0,LINEAR_ELASTIC,0.0
BAY-0001,0.052470761393829495,7396.236576704963,0.003787305568255259,8.92834118124228,LINEAR_ELASTIC,0.0
BAY-0001,0.10494152278765899,14792.473153409926,0.007574611136510518,35.71336472496912,LINEAR_ELASTIC,0.0
BAY-0001,0.1574122841814885,22188.709730114893,0.011361916704765778,80.35507063118054,LINEAR_ELASTIC,0.0
BAY-0001,0.20988304557531798,29584.946306819853,0.015149222273021037,142.85345889987647,LINEAR_ELASTIC,0.0
BAY-0001,0.26235380696914745,36981.18288352481,0.018936527841276293,223.20852953105697,LINEAR_ELASTIC,0.0
BAY-0001,0.314824568362977,44377.41946022979,0.022723833409531557,321.42028252472215,LINEAR_ELASTIC,0.0
BAY-0001,0.36729532975680645,51773.65603693474,0.026511138977786813,437.4887178808717,LINEAR_ELASTIC,0.0
BAY-0001,0.41976609115063596,59169.892613639706,0.030298444546042073,571.4138355995059,LINEAR_ELASTIC,0.0
BAY-0001,0.4722368525444654,66566.12919034465,0.03408575011429733,723.1956356806246,LINEAR_ELASTIC,0.0
BAY-0001,0.5247076139382949,73962.36576704962,0.03787305568255259,892.8341181242279,FIRST_NOMINAL_LIMIT_NO_CONTINUATION,0.0
BAY-0002,0.0,0.0,0.0,0.0,LINEAR_ELASTIC,0.0
BAY-0002,0.1135417737404584,16004.757651980535,0.0034745758744641553,17.780222945701375,LINEAR_ELASTIC,0.0
BAY-0002,0.2270835474809168,32009.51530396107,0.006949151748928311,71.1208917828055,LINEAR_ELASTIC,0.0
BAY-0002,0.34062532122137523,48014.27295594161,0.010423727623392467,160.0220065113124,LINEAR_ELASTIC,0.0
BAY-0002,0.4541670949618336,64019.03060792214,0.013898303497856621,284.483567131222,LINEAR_ELASTIC,0.0
BAY-0002,0.567708868702292,80023.78825990268,0.017372879372320776,444.50557364253433,LINEAR_ELASTIC,0.0
BAY-0002,0.6812506424427505,96028.54591188322,0.020847455246784934,640.0880260452496,LINEAR_ELASTIC,0.0
BAY-0002,0.7947924161832088,112033.30356386375,0.024322031121249088,871.2309243393676,LINEAR_ELASTIC,0.0
BAY-0002,0.9083341899236672,128038.06121584428,0.027796606995713243,1137.934268524888,LINEAR_ELASTIC,0.0
BAY-0002,1.0218759636641257,144042.81886782483,0.031271182870177404,1440.1980586018115,LINEAR_ELASTIC,0.0
BAY-0002,1.135417737404584,160047.57651980536,0.03474575874464155,1778.0222945701373,FIRST_NOMINAL_LIMIT_NO_CONTINUATION,0.0
BAY-0003,0.0,0.0,0.0,0.0,LINEAR_ELASTIC,0.0
BAY-0003,0.05247076139382687,7396.236576704593,0.003770647096950163,8.887556391303967,LINEAR_ELASTIC,0.0
BAY-0003,0.10494152278765374,14792.473153409186,0.007541294193900326,35.55022556521587,LINEAR_ELASTIC,0.0
BAY-0003,0.15741228418148062,22188.70973011378,0.01131194129085049,79.98800752173571,LINEAR_ELASTIC,0.0
BAY-0003,0.2098830455753075,29584.946306818372,0.015082588387800652,142.20090226086347,LINEAR_ELASTIC,0.0
BAY-0003,0.26235380696913435,36981.18288352297,0.018853235484750815,222.18890978259918,LINEAR_ELASTIC,0.0
BAY-0003,0.31482456836296124,44377.41946022756,0.02262388258170098,319.95203008694284,LINEAR_ELASTIC,0.0
BAY-0003,0.36729532975678814,51773.65603693216,0.026394529678651146,435.49026317389445,LINEAR_ELASTIC,0.0
BAY-0003,0.419766091150615,59169.892613636744,0.030165176775601304,568.8036090434539,LINEAR_ELASTIC,0.0
BAY-0003,0.47223685254444187,66566.12919034134,0.03393582387255147,719.8920676956214,LINEAR_ELASTIC,0.0
BAY-0003,0.5247076139382687,73962.36576704594,0.03770647096950163,888.7556391303967,FIRST_NOMINAL_LIMIT_NO_CONTINUATION,0.0
BAY-0004,0.0,0.0,0.0,0.0,LINEAR_ELASTIC,0.0
BAY-0004,0.1358529545757993,19149.72386516823,0.004114206100647194,25.181066287353925,LINEAR_ELASTIC,0.0
BAY-0004,0.2717059091515986,38299.44773033646,0.008228412201294388,100.7242651494157,LINEAR_ELASTIC,0.0
BAY-0004,0.4075588637273979,57449.1715955047,0.012342618301941582,226.62959658618536,LINEAR_ELASTIC,0.0
BAY-0004,0.5434118183031972,76598.89546067292,0.016456824402588777,402.8970605976628,LINEAR_ELASTIC,0.0
BAY-0004,0.6792647728789964,95748.61932584115,0.020571030503235967,629.5266571838481,LINEAR_ELASTIC,0.0
BAY-0004,0.8151177274547958,114898.3431910094,0.024685236603883165,906.5183863447414,LINEAR_ELASTIC,0.0
BAY-0004,0.9509706820305951,134048.06705617762,0.02879944270453036,1233.8722480803424,LINEAR_ELASTIC,0.0
BAY-0004,1.0868236366063944,153197.79092134585,0.03291364880517755,1611.5882423906512,LINEAR_ELASTIC,0.0
BAY-0004,1.2226765911821937,172347.5147865141,0.03702785490582475,2039.6663692756683,LINEAR_ELASTIC,0.0
BAY-0004,1.358529545757993,191497.2386516823,0.041142061006471935,2518.1066287353924,FIRST_NOMINAL_LIMIT_NO_CONTINUATION,0.0
BAY-0005,0.0,0.0,0.0,0.0,LINEAR_ELASTIC,0.0
BAY-0005,0.052470761393829495,7396.236576704963,0.003787305568255259,8.92834118124228,LINEAR_ELASTIC,0.0
BAY-0005,0.10494152278765899,14792.473153409926,0.007574611136510518,35.71336472496912,LINEAR_ELASTIC,0.0
BAY-0005,0.1574122841814885,22188.709730114893,0.011361916704765778,80.35507063118054,LINEAR_ELASTIC,0.0
BAY-0005,0.20988304557531798,29584.946306819853,0.015149222273021037,142.85345889987647,LINEAR_ELASTIC,0.0
BAY-0005,0.26235380696914745,36981.18288352481,0.018936527841276293,223.20852953105697,LINEAR_ELASTIC,0.0
BAY-0005,0.314824568362977,44377.41946022979,0.022723833409531557,321.42028252472215,LINEAR_ELASTIC,0.0
BAY-0005,0.36729532975680645,51773.65603693474,0.026511138977786813,437.4887178808717,LINEAR_ELASTIC,0.0
BAY-0005,0.41976609115063596,59169.892613639706,0.030298444546042073,571.4138355995059,LINEAR_ELASTIC,0.0
BAY-0005,0.4722368525444654,66566.12919034465,0.03408575011429733,723.1956356806246,LINEAR_ELASTIC,0.0
BAY-0005,0.5247076139382949,73962.36576704962,0.03787305568255259,892.8341181242279,FIRST_NOMINAL_LIMIT_NO_CONTINUATION,0.0
BAY-0006,0.0,0.0,0.0,0.0,LINEAR_ELASTIC,0.0
BAY-0006,0.1135417737404584,16004.757651980535,0.0034745758744641553,17.780222945701375,LINEAR_ELASTIC,0.0
BAY-0006,0.2270835474809168,32009.51530396107,0.006949151748928311,71.1208917828055,LINEAR_ELASTIC,0.0
BAY-0006,0.34062532122137523,48014.27295594161,0.010423727623392467,160.0220065113124,LINEAR_ELASTIC,0.0
BAY-0006,0.4541670949618336,64019.03060792214,0.013898303497856621,284.483567131222,LINEAR_ELASTIC,0.0
BAY-0006,0.567708868702292,80023.78825990268,0.017372879372320776,444.50557364253433,LINEAR_ELASTIC,0.0
BAY-0006,0.6812506424427505,96028.54591188322,0.020847455246784934,640.0880260452496,LINEAR_ELASTIC,0.0
BAY-0006,0.7947924161832088,112033.30356386375,0.024322031121249088,871.2309243393676,LINEAR_ELASTIC,0.0
BAY-0006,0.9083341899236672,128038.06121584428,0.027796606995713243,1137.934268524888,LINEAR_ELASTIC,0.0
BAY-0006,1.0218759636641257,144042.81886782483,0.031271182870177404,1440.1980586018115,LINEAR_ELASTIC,0.0
BAY-0006,1.135417737404584,160047.57651980536,0.03474575874464155,1778.0222945701373,FIRST_NOMINAL_LIMIT_NO_CONTINUATION,0.0
BAY-0007,0.0,0.0,0.0,0.0,LINEAR_ELASTIC,0.0
BAY-0007,0.05247076139382687,7396.236576704593,0.003770647096950163,8.887556391303967,LINEAR_ELASTIC,0.0
BAY-0007,0.10494152278765374,14792.473153409186,0.007541294193900326,35.55022556521587,LINEAR_ELASTIC,0.0
BAY-0007,0.15741228418148062,22188.70973011378,0.01131194129085049,79.98800752173571,LINEAR_ELASTIC,0.0
BAY-0007,0.2098830455753075,29584.946306818372,0.015082588387800652,142.20090226086347,LINEAR_ELASTIC,0.0
BAY-0007,0.26235380696913435,36981.18288352297,0.018853235484750815,222.18890978259918,LINEAR_ELASTIC,0.0
BAY-0007,0.31482456836296124,44377.41946022756,0.02262388258170098,319.95203008694284,LINEAR_ELASTIC,0.0
BAY-0007,0.36729532975678814,51773.65603693216,0.026394529678651146,435.49026317389445,LINEAR_ELASTIC,0.0
BAY-0007,0.419766091150615,59169.892613636744,0.030165176775601304,568.8036090434539,LINEAR_ELASTIC,0.0
BAY-0007,0.47223685254444187,66566.12919034134,0.03393582387255147,719.8920676956214,LINEAR_ELASTIC,0.0
BAY-0007,0.5247076139382687,73962.36576704594,0.03770647096950163,888.7556391303967,FIRST_NOMINAL_LIMIT_NO_CONTINUATION,0.0
BAY-0008,0.0,0.0,0.0,0.0,LINEAR_ELASTIC,0.0
BAY-0008,0.1358529545757993,19149.72386516823,0.004114206100647194,25.181066287353925,LINEAR_ELASTIC,0.0
BAY-0008,0.2717059091515986,38299.44773033646,0.008228412201294388,100.7242651494157,LINEAR_ELASTIC,0.0
BAY-0008,0.4075588637273979,57449.1715955047,0.012342618301941582,226.62959658618536,LINEAR_ELASTIC,0.0
BAY-0008,0.5434118183031972,76598.89546067292,0.016456824402588777,402.8970605976628,LINEAR_ELASTIC,0.0
BAY-0008,0.6792647728789964,95748.61932584115,0.020571030503235967,629.5266571838481,LINEAR_ELASTIC,0.0
BAY-0008,0.8151177274547958,114898.3431910094,0.024685236603883165,906.5183863447414,LINEAR_ELASTIC,0.0
BAY-0008,0.9509706820305951,134048.06705617762,0.02879944270453036,1233.8722480803424,LINEAR_ELASTIC,0.0
BAY-0008,1.0868236366063944,153197.79092134585,0.03291364880517755,1611.5882423906512,LINEAR_ELASTIC,0.0
BAY-0008,1.2226765911821937,172347.5147865141,0.03702785490582475,2039.6663692756683,LINEAR_ELASTIC,0.0
BAY-0008,1.358529545757993,191497.2386516823,0.041142061006471935,2518.1066287353924,FIRST_NOMINAL_LIMIT_NO_CONTINUATION,0.0
BAY-0009,0.0,0.0,0.0,0.0,LINEAR_ELASTIC,0.0
BAY-0009,0.049989345588351254,7046.458188609183,0.003787305568255276,8.506107420278516,LINEAR_ELASTIC,0.0
BAY-0009,0.09997869117670251,14092.916377218366,0.007574611136510552,34.024429681114064,LINEAR_ELASTIC,0.0
BAY-0009,0.14996803676505377,21139.374565827547,0.011361916704765829,76.55496678250664,LINEAR_ELASTIC,0.0
BAY-0009,0.19995738235340502,28185.83275443673,0.015149222273021104,136.09771872445626,LINEAR_ELASTIC,0.0
BAY-0009,0.24994672794175626,35232.29094304591,0.01893652784127638,212.65268550696285,LINEAR_ELASTIC,0.0
BAY-0009,0.29993607353010754,42278.749131655095,0.022723833409531657,306.21986713002656,LINEAR_ELASTIC,0.0
BAY-0009,0.3499254191184588,49325.207320264286,0.026511138977786935,416.7992635936473,LINEAR_ELASTIC,0.0
BAY-0009,0.39991476470681003,56371.66550887346,0.03029844454604221,544.390874897825,LINEAR_ELASTIC,0.0
BAY-0009,0.4499041102951613,63418.123697482646,0.034085750114297486,688.9947010425598,LINEAR_ELASTIC,0.0
BAY-0009,0.4998934558835125,70464.58188609182,0.03787305568255276,850.6107420278514,FIRST_NOMINAL_LIMIT_NO_CONTINUATION,0.0
BAY-0010,0.0,0.0,0.0,0.0,LINEAR_ELASTIC,0.0
BAY-0010,0.10817222421499573,15247.87024372337,0.003598834979951478,17.54188344677494,LINEAR_ELASTIC,0.0
BAY-0010,0.21634444842999145,30495.74048744674,0.007197669959902956,70.16753378709976,LINEAR_ELASTIC,0.0
BAY-0010,0.32451667264498724,45743.61073117011,0.010796504939854436,157.8769510209745,LINEAR_ELASTIC,0.0
BAY-0010,0.4326888968599829,60991.48097489348,0.014395339919805912,280.670135148399,LINEAR_ELASTIC,0.0
BAY-0010,0.5408611210749786,76239.35121861685,0.017994174899757392,438.5470861693735,LINEAR_ELASTIC,0.0
BAY-0010,0.6490333452899745,91487.22146234023,0.02159300987970887,631.507804083898,LINEAR_ELASTIC,0.0
BAY-0010,0.7572055695049702,106735.0917060636,0.02519184485966035,859.5522888919721,LINEAR_ELASTIC,0.0
BAY-0010,0.8653777937199658,121982.96194978696,0.028790679839611824,1122.680540593596,LINEAR_ELASTIC,0.0
BAY-0010,0.9735500179349615,137230.83219351032,0.0323895148195633,1420.8925591887698,LINEAR_ELASTIC,0.0
BAY-0010,1.0817222421499573,152478.7024372337,0.035988349799514784,1754.188344677494,FIRST_NOMINAL_LIMIT_NO_CONTINUATION,0.0
BAY-0011,0.0,0.0,0.0,0.0,LINEAR_ELASTIC,0.0
BAY-0011,0.04998934558834274,7046.458188607982,0.003770647096950164,8.46725140018618,LINEAR_ELASTIC,0.0
BAY-0011,0.09997869117668548,14092.916377215965,0.007541294193900328,33.86900560074472,LINEAR_ELASTIC,0.0
BAY-0011,0.14996803676502823,21139.37456582395,0.011311941290850492,76.20526260167564,LINEAR_ELASTIC,0.0
BAY-0011,0.19995738235337096,28185.83275443193,0.015082588387800655,135.47602240297888,LINEAR_ELASTIC,0.0
BAY-0011,0.2499467279417137,35232.29094303991,0.01885323548475082,211.6812850046545,LINEAR_ELASTIC,0.0
BAY-0011,0.29993607353005647,42278.7491316479,0.022623882581700984,304.82105040670257,LINEAR_ELASTIC,0.0
BAY-0011,0.3499254191183992,49325.20732025588,0.02639452967865115,414.8953186091229,LINEAR_ELASTIC,0.0
BAY-0011,0.3999147647067419,56371.66550886386,0.03016517677560131,541.9040896119155,LINEAR_ELASTIC,0.0
BAY-0011,0.44990411029508465,63418.12369747184,0.03393582387255147,685.8473634150805,LINEAR_ELASTIC,0.0
BAY-0011,0.4998934558834274,70464.58188607982,0.03770647096950164,846.725140018618,FIRST_NOMINAL_LIMIT_NO_CONTINUATION,0.0
BAY-0012,0.0,0.0,0.0,0.0,LINEAR_ELASTIC,0.0
BAY-0012,0.1294282780559294,18244.106599333256,0.004262882363640799,24.85278498753309,LINEAR_ELASTIC,0.0
BAY-0012,0.2588565561118588,36488.21319866651,0.008525764727281598,99.41113995013237,LINEAR_ELASTIC,0.0
BAY-0012,0.38828483416778825,54732.31979799978,0.012788647090922398,223.67506488779787,LINEAR_ELASTIC,0.0
BAY-0012,0.5177131122237176,72976.42639733302,0.017051529454563195,397.64455980052946,LINEAR_ELASTIC,0.0
BAY-0012,0.647141390279647,91220.53299666628,0.021314411818203996,621.3196246883273,LINEAR_ELASTIC,0.0
BAY-0012,0.7765696683355765,109464.63959599956,0.025577294181844797,894.7002595511915,LINEAR_ELASTIC,0.0
BAY-0012,0.9059979463915059,127708.7461953328,0.029840176545485597,1217.7864643891214,LINEAR_ELASTIC,0.0
BAY-0012,1.0354262244474353,145952.85279466605,0.03410305890912639,1590.5782392021179,LINEAR_ELASTIC,0.0
BAY-0012,1.1648545025033648,164196.95939399934,0.0383659412727672,2013.0755839901806,LINEAR_ELASTIC,0.0
BAY-0012,1.294282780559294,182441.06599333257,0.04262882363640799,2485.278498753309,FIRST_NOMINAL_LIMIT_NO_CONTINUATION,0.0
BAY-0013,0.0,0.0,0.0,0.0,LINEAR_ELASTIC,0.0
BAY-0013,0.049989345588351254,7046.458188609183,0.003787305568255276,8.506107420278516,LINEAR_ELASTIC,0.0
BAY-0013,0.09997869117670251,14092.916377218366,0.007574611136510552,34.024429681114064,LINEAR_ELASTIC,0.0
BAY-0013,0.14996803676505377,21139.374565827547,0.011361916704765829,76.55496678250664,LINEAR_ELASTIC,0.0
BAY-0013,0.19995738235340502,28185.83275443673,0.015149222273021104,136.09771872445626,LINEAR_ELASTIC,0.0
BAY-0013,0.24994672794175626,35232.29094304591,0.01893652784127638,212.65268550696285,LINEAR_ELASTIC,0.0
BAY-0013,0.29993607353010754,42278.749131655095,0.022723833409531657,306.21986713002656,LINEAR_ELASTIC,0.0
BAY-0013,0.3499254191184588,49325.207320264286,0.026511138977786935,416.7992635936473,LINEAR_ELASTIC,0.0
BAY-0013,0.39991476470681003,56371.66550887346,0.03029844454604221,544.390874897825,LINEAR_ELASTIC,0.0
BAY-0013,0.4499041102951613,63418.123697482646,0.034085750114297486,688.9947010425598,LINEAR_ELASTIC,0.0
BAY-0013,0.4998934558835125,70464.58188609182,0.03787305568255276,850.6107420278514,FIRST_NOMINAL_LIMIT_NO_CONTINUATION,0.0
BAY-0014,0.0,0.0,0.0,0.0,LINEAR_ELASTIC,0.0
BAY-0014,0.10817222421499573,15247.87024372337,0.003598834979951478,17.54188344677494,LINEAR_ELASTIC,0.0
BAY-0014,0.21634444842999145,30495.74048744674,0.007197669959902956,70.16753378709976,LINEAR_ELASTIC,0.0
BAY-0014,0.32451667264498724,45743.61073117011,0.010796504939854436,157.8769510209745,LINEAR_ELASTIC,0.0
BAY-0014,0.4326888968599829,60991.48097489348,0.014395339919805912,280.670135148399,LINEAR_ELASTIC,0.0
BAY-0014,0.5408611210749786,76239.35121861685,0.017994174899757392,438.5470861693735,LINEAR_ELASTIC,0.0
BAY-0014,0.6490333452899745,91487.22146234023,0.02159300987970887,631.507804083898,LINEAR_ELASTIC,0.0
BAY-0014,0.7572055695049702,106735.0917060636,0.02519184485966035,859.5522888919721,LINEAR_ELASTIC,0.0
BAY-0014,0.8653777937199658,121982.96194978696,0.028790679839611824,1122.680540593596,LINEAR_ELASTIC,0.0
BAY-0014,0.9735500179349615,137230.83219351032,0.0323895148195633,1420.8925591887698,LINEAR_ELASTIC,0.0
BAY-0014,1.0817222421499573,152478.7024372337,0.035988349799514784,1754.188344677494,FIRST_NOMINAL_LIMIT_NO_CONTINUATION,0.0
BAY-0015,0.0,0.0,0.0,0.0,LINEAR_ELASTIC,0.0
BAY-0015,0.04998934558834274,7046.458188607982,0.003770647096950164,8.46725140018618,LINEAR_ELASTIC,0.0
BAY-0015,0.09997869117668548,14092.916377215965,0.007541294193900328,33.86900560074472,LINEAR_ELASTIC,0.0
BAY-0015,0.14996803676502823,21139.37456582395,0.011311941290850492,76.20526260167564,LINEAR_ELASTIC,0.0
BAY-0015,0.19995738235337096,28185.83275443193,0.015082588387800655,135.47602240297888,LINEAR_ELASTIC,0.0
BAY-0015,0.2499467279417137,35232.29094303991,0.01885323548475082,211.6812850046545,LINEAR_ELASTIC,0.0
BAY-0015,0.29993607353005647,42278.7491316479,0.022623882581700984,304.82105040670257,LINEAR_ELASTIC,0.0
BAY-0015,0.3499254191183992,49325.20732025588,0.02639452967865115,414.8953186091229,LINEAR_ELASTIC,0.0
BAY-0015,0.3999147647067419,56371.66550886386,0.03016517677560131,541.9040896119155,LINEAR_ELASTIC,0.0
BAY-0015,0.44990411029508465,63418.12369747184,0.03393582387255147,685.8473634150805,LINEAR_ELASTIC,0.0
BAY-0015,0.4998934558834274,70464.58188607982,0.03770647096950164,846.725140018618,FIRST_NOMINAL_LIMIT_NO_CONTINUATION,0.0
BAY-0016,0.0,0.0,0.0,0.0,LINEAR_ELASTIC,0.0
BAY-0016,0.1294282780559294,18244.106599333256,0.004262882363640799,24.85278498753309,LINEAR_ELASTIC,0.0
BAY-0016,0.2588565561118588,36488.21319866651,0.008525764727281598,99.41113995013237,LINEAR_ELASTIC,0.0
BAY-0016,0.38828483416778825,54732.31979799978,0.012788647090922398,223.67506488779787,LINEAR_ELASTIC,0.0
BAY-0016,0.5177131122237176,72976.42639733302,0.017051529454563195,397.64455980052946,LINEAR_ELASTIC,0.0
BAY-0016,0.647141390279647,91220.53299666628,0.021314411818203996,621.3196246883273,LINEAR_ELASTIC,0.0
BAY-0016,0.7765696683355765,109464.63959599956,0.025577294181844797,894.7002595511915,LINEAR_ELASTIC,0.0
BAY-0016,0.9059979463915059,127708.7461953328,0.029840176545485597,1217.7864643891214,LINEAR_ELASTIC,0.0
BAY-0016,1.0354262244474353,145952.85279466605,0.03410305890912639,1590.5782392021179,LINEAR_ELASTIC,0.0
BAY-0016,1.1648545025033648,164196.95939399934,0.0383659412727672,2013.0755839901806,LINEAR_ELASTIC,0.0
BAY-0016,1.294282780559294,182441.06599333257,0.04262882363640799,2485.278498753309,FIRST_NOMINAL_LIMIT_NO_CONTINUATION,0.0
BAY-0017,0.0,0.0,0.0,0.0,LINEAR_ELASTIC,0.0
BAY-0017,0.04575681877347071,6449.844592607783,0.0037873055682552175,7.785907399198811,LINEAR_ELASTIC,0.0
BAY-0017,0.09151363754694142,12899.689185215566,0.007574611136510435,31.143629596795243,LINEAR_ELASTIC,0.0
BAY-0017,0.13727045632041213,19349.533777823348,0.011361916704765654,70.0731665927893,LINEAR_ELASTIC,0.0
BAY-0017,0.18302727509388284,25799.37837043113,0.01514922227302087,124.57451838718097,LINEAR_ELASTIC,0.0
BAY-0017,0.22878409386735352,32249.22296303891,0.018936527841276085,194.64768497997022,LINEAR_ELASTIC,0.0
BAY-0017,0.27454091264082425,38699.067555646696,0.022723833409531307,280.2926663711572,LINEAR_ELASTIC,0.0
BAY-0017,0.32029773141429496,45148.91214825448,0.026511138977786522,381.5094625607417,LINEAR_ELASTIC,0.0
BAY-0017,0.36605455018776567,51598.75674086226,0.03029844454604174,498.2980735487239,LINEAR_ELASTIC,0.0
BAY-0017,0.4118113689612363,58048.60133347004,0.03408575011429695,630.6584993351036,LINEAR_ELASTIC,0.0
BAY-0017,0.45756818773470703,64498.44592607782,0.03787305568255217,778.5907399198809,FIRST_NOMINAL_LIMIT_NO_CONTINUATION,0.0
BAY-0018,0.0,0.0,0.0,0.0,LINEAR_ELASTIC,0.0
BAY-0018,0.09901343579266902,13956.854749988206,0.003879437599652045,17.302033725588814,LINEAR_ELASTIC,0.0
BAY-0018,0.19802687158533805,27913.709499976412,0.00775887519930409,69.20813490235525,LINEAR_ELASTIC,0.0
BAY-0018,0.2970403073780071,41870.56424996462,0.011638312798956134,155.71830353029935,LINEAR_ELASTIC,0.0
BAY-0018,0.3960537431706761,55827.418999952824,0.01551775039860818,276.832539609421,LINEAR_ELASTIC,0.0
BAY-0018,0.49506717896334507,69784.27374994103,0.01939718799826022,432.5508431397203,LINEAR_ELASTIC,0.0
BAY-0018,0.5940806147560141,83741.12849992924,0.023276625597912267,622.8732141211974,LINEAR_ELASTIC,0.0
BAY-0018,0.6930940505486831,97697.98324991744,0.02715606319756431,847.7996525538518,LINEAR_ELASTIC,0.0
BAY-0018,0.7921074863413522,111654.83799990565,0.03103550079721636,1107.330158437684,LINEAR_ELASTIC,0.0
BAY-0018,0.8911209221340212,125611.69274989385,0.0349149383968684,1401.464731772694,LINEAR_ELASTIC,0.0
BAY-0018,0.9901343579266901,139568.54749988206,0.03879437599652044,1730.2033725588813,FIRST_NOMINAL_LIMIT_NO_CONTINUATION,0.0
BAY-0019,0.0,0.0,0.0,0.0,LINEAR_ELASTIC,0.0
BAY-0019,0.04575681877347604,6449.844592608534,0.0037706470969501847,7.750341263081619,LINEAR_ELASTIC,0.0
BAY-0019,0.09151363754695208,12899.689185217068,0.007541294193900369,31.001365052326477,LINEAR_ELASTIC,0.0
BAY-0019,0.1372704563204281,19349.533777825603,0.011311941290850554,69.75307136773458,LINEAR_ELASTIC,0.0
BAY-0019,0.18302727509390415,25799.378370434137,0.015082588387800739,124.00546020930591,LINEAR_ELASTIC,0.0
BAY-0019,0.22878409386738016,32249.222963042666,0.01885323548475092,193.75853157704043,LINEAR_ELASTIC,0.0
BAY-0019,0.2745409126408562,38699.06755565121,0.02262388258170111,279.0122854709383,LINEAR_ELASTIC,0.0
BAY-0019,0.32029773141433227,45148.91214825974,0.02639452967865129,379.76672189099935,LINEAR_ELASTIC,0.0
BAY-0019,0.3660545501878083,51598.75674086827,0.030165176775601477,496.02184083722364,LINEAR_ELASTIC,0.0
BAY-0019,0.4118113689612843,58048.6013334768,0.03393582387255165,627.777642309611,LINEAR_ELASTIC,0.0
BAY-0019,0.4575681877347603,64498.44592608533,0.03770647096950184,775.0341263081617,FIRST_NOMINAL_LIMIT_NO_CONTINUATION,0.0
BAY-0020,0.0,0.0,0.0,0.0,LINEAR_ELASTIC,0.0
BAY-0020,0.1184697697772821,16699.404033492716,0.004598623947484326,24.531465894956398,LINEAR_ELASTIC,0.0
BAY-0020,0.2369395395545642,33398.80806698543,0.009197247894968652,98.12586357982559,LINEAR_ELASTIC,0.0
BAY-0020,0.35540930933184633,50098.212100478144,0.013795871842452977,220.78319305460764,LINEAR_ELASTIC,0.0
BAY-0020,0.4738790791091284,66797.61613397086,0.018394495789937303,392.50345431930236,LINEAR_ELASTIC,0.0
BAY-0020,0.5923488488864105,83497.02016746356,0.022993119737421627,613.2866473739099,LINEAR_ELASTIC,0.0
BAY-0020,0.7108186186636927,100196.42420095629,0.027591743684905953,883.1327722184305,LINEAR_ELASTIC,0.0
BAY-0020,0.8292883884409747,116895.828234449,0.03219036763239028,1202.0418288528635,LINEAR_ELASTIC,0.0
BAY-0020,0.9477581582182568,133595.23226794173,0.03678899157987461,1570.0138172772095,LINEAR_ELASTIC,0.0
BAY-0020,1.066227927995539,150294.63630143442,0.04138761552735893,1987.048737491468,LINEAR_ELASTIC,0.0
BAY-0020,1.184697697772821,166994.04033492712,0.04598623947484325,2453.1465894956395,FIRST_NOMINAL_LIMIT_NO_CONTINUATION,0.0
BAY-0021,0.0,0.0,0.0,0.0,LINEAR_ELASTIC,0.0
BAY-0021,0.04575681877347071,6449.844592607783,0.0037873055682552175,7.785907399198811,LINEAR_ELASTIC,0.0
BAY-0021,0.09151363754694142,12899.689185215566,0.007574611136510435,31.143629596795243,LINEAR_ELASTIC,0.0
BAY-0021,0.13727045632041213,19349.533777823348,0.011361916704765654,70.0731665927893,LINEAR_ELASTIC,0.0
BAY-0021,0.18302727509388284,25799.37837043113,0.01514922227302087,124.57451838718097,LINEAR_ELASTIC,0.0
BAY-0021,0.22878409386735352,32249.22296303891,0.018936527841276085,194.64768497997022,LINEAR_ELASTIC,0.0
BAY-0021,0.27454091264082425,38699.067555646696,0.022723833409531307,280.2926663711572,LINEAR_ELASTIC,0.0
BAY-0021,0.32029773141429496,45148.91214825448,0.026511138977786522,381.5094625607417,LINEAR_ELASTIC,0.0
BAY-0021,0.36605455018776567,51598.75674086226,0.03029844454604174,498.2980735487239,LINEAR_ELASTIC,0.0
BAY-0021,0.4118113689612363,58048.60133347004,0.03408575011429695,630.6584993351036,LINEAR_ELASTIC,0.0
BAY-0021,0.45756818773470703,64498.44592607782,0.03787305568255217,778.5907399198809,FIRST_NOMINAL_LIMIT_NO_CONTINUATION,0.0
BAY-0022,0.0,0.0,0.0,0.0,LINEAR_ELASTIC,0.0
BAY-0022,0.09901343579266902,13956.854749988206,0.003879437599652045,17.302033725588814,LINEAR_ELASTIC,0.0
BAY-0022,0.19802687158533805,27913.709499976412,0.00775887519930409,69.20813490235525,LINEAR_ELASTIC,0.0
BAY-0022,0.2970403073780071,41870.56424996462,0.011638312798956134,155.71830353029935,LINEAR_ELASTIC,0.0
BAY-0022,0.3960537431706761,55827.418999952824,0.01551775039860818,276.832539609421,LINEAR_ELASTIC,0.0
BAY-0022,0.49506717896334507,69784.27374994103,0.01939718799826022,432.5508431397203,LINEAR_ELASTIC,0.0
BAY-0022,0.5940806147560141,83741.12849992924,0.023276625597912267,622.8732141211974,LINEAR_ELASTIC,0.0
BAY-0022,0.6930940505486831,97697.98324991744,0.02715606319756431,847.7996525538518,LINEAR_ELASTIC,0.0
BAY-0022,0.7921074863413522,111654.83799990565,0.03103550079721636,1107.330158437684,LINEAR_ELASTIC,0.0
BAY-0022,0.8911209221340212,125611.69274989385,0.0349149383968684,1401.464731772694,LINEAR_ELASTIC,0.0
BAY-0022,0.9901343579266901,139568.54749988206,0.03879437599652044,1730.2033725588813,FIRST_NOMINAL_LIMIT_NO_CONTINUATION,0.0
BAY-0023,0.0,0.0,0.0,0.0,LINEAR_ELASTIC,0.0
BAY-0023,0.04575681877347604,6449.844592608534,0.0037706470969501847,7.750341263081619,LINEAR_ELASTIC,0.0
BAY-0023,0.09151363754695208,12899.689185217068,0.007541294193900369,31.001365052326477,LINEAR_ELASTIC,0.0
BAY-0023,0.1372704563204281,19349.533777825603,0.011311941290850554,69.75307136773458,LINEAR_ELASTIC,0.0
BAY-0023,0.18302727509390415,25799.378370434137,0.015082588387800739,124.00546020930591,LINEAR_ELASTIC,0.0
BAY-0023,0.22878409386738016,32249.222963042666,0.01885323548475092,193.75853157704043,LINEAR_ELASTIC,0.0
BAY-0023,0.2745409126408562,38699.06755565121,0.02262388258170111,279.0122854709383,LINEAR_ELASTIC,0.0
BAY-0023,0.32029773141433227,45148.91214825974,0.02639452967865129,379.76672189099935,LINEAR_ELASTIC,0.0
BAY-0023,0.3660545501878083,51598.75674086827,0.030165176775601477,496.02184083722364,LINEAR_ELASTIC,0.0
BAY-0023,0.4118113689612843,58048.6013334768,0.03393582387255165,627.777642309611,LINEAR_ELASTIC,0.0
BAY-0023,0.4575681877347603,64498.44592608533,0.03770647096950184,775.0341263081617,FIRST_NOMINAL_LIMIT_NO_CONTINUATION,0.0
BAY-0024,0.0,0.0,0.0,0.0,LINEAR_ELASTIC,0.0
BAY-0024,0.1184697697772821,16699.404033492716,0.004598623947484326,24.531465894956398,LINEAR_ELASTIC,0.0
BAY-0024,0.2369395395545642,33398.80806698543,0.009197247894968652,98.12586357982559,LINEAR_ELASTIC,0.0
BAY-0024,0.35540930933184633,50098.212100478144,0.013795871842452977,220.78319305460764,LINEAR_ELASTIC,0.0
BAY-0024,0.4738790791091284,66797.61613397086,0.018394495789937303,392.50345431930236,LINEAR_ELASTIC,0.0
BAY-0024,0.5923488488864105,83497.02016746356,0.022993119737421627,613.2866473739099,LINEAR_ELASTIC,0.0
BAY-0024,0.7108186186636927,100196.42420095629,0.027591743684905953,883.1327722184305,LINEAR_ELASTIC,0.0
BAY-0024,0.8292883884409747,116895.828234449,0.03219036763239028,1202.0418288528635,LINEAR_ELASTIC,0.0
BAY-0024,0.9477581582182568,133595.23226794173,0.03678899157987461,1570.0138172772095,LINEAR_ELASTIC,0.0
BAY-0024,1.066227927995539,150294.63630143442,0.04138761552735893,1987.048737491468,LINEAR_ELASTIC,0.0
BAY-0024,1.184697697772821,166994.04033492712,0.04598623947484325,2453.1465894956395,FIRST_NOMINAL_LIMIT_NO_CONTINUATION,0.0
BAY-0025,0.0,0.0,0.0,0.0,LINEAR_ELASTIC,0.0
BAY-0025,0.03918881401494634,5524.023892840255,0.0037873055682552405,6.668306171268965,LINEAR_ELASTIC,0.0
BAY-0025,0.07837762802989268,11048.04778568051,0.007574611136510481,26.67322468507586,LINEAR_ELASTIC,0.0
BAY-0025,0.11756644204483903,16572.071678520766,0.011361916704765723,60.0147555414207,LINEAR_ELASTIC,0.0
BAY-0025,0.15675525605978535,22096.09557136102,0.015149222273020962,106.69289874030343,LINEAR_ELASTIC,0.0
BAY-0025,0.1959440700747317,27620.119464201274,0.018936527841276203,166.70765428172413,LINEAR_ELASTIC,0.0
BAY-0025,0.23513288408967806,33144.14335704153,0.022723833409531446,240.0590221656828,LINEAR_ELASTIC,0.0
BAY-0025,0.27432169810462437,38668.167249881786,0.026511138977786685,326.7470023921793,LINEAR_ELASTIC,0.0
BAY-0025,0.3135105121195707,44192.19114272204,0.030298444546041924,426.77159496121374,LINEAR_ELASTIC,0.0
BAY-0025,0.35269932613451704,49716.215035562294,0.03408575011429717,540.1327998727861,LINEAR_ELASTIC,0.0
BAY-0025,0.3918881401494634,55240.23892840255,0.037873055682552406,666.8306171268965,FIRST_NOMINAL_LIMIT_NO_CONTINUATION,0.0
BAY-0026,0.0,0.0,0.0,0.0,LINEAR_ELASTIC,0.0
BAY-0026,0.08480089359947521,11953.466165091007,0.004818532217558647,18.388172036816766,LINEAR_ELASTIC,0.0
BAY-0026,0.16960178719895042,23906.932330182015,0.009637064435117294,73.55268814726706,LINEAR_ELASTIC,0.0
BAY-0026,0.25440268079842565,35860.398495273024,0.014455596652675942,165.49354833135092,LINEAR_ELASTIC,0.0
BAY-0026,0.33920357439790083,47813.86466036403,0.019274128870234587,294.21075258906825,LINEAR_ELASTIC,0.0
BAY-0026,0.424004467997376,59767.33082545503,0.024092661087793232,459.70430092041903,LINEAR_ELASTIC,0.0
BAY-0026,0.5088053615968513,71720.79699054605,0.028911193305351884,661.9741933254037,LINEAR_ELASTIC,0.0
BAY-0026,0.5936062551963265,83674.26315563705,0.03372972552291053,901.0204298040215,LINEAR_ELASTIC,0.0
BAY-0026,0.6784071487958017,95627.72932072806,0.038548257740469175,1176.843010356273,LINEAR_ELASTIC,0.0
BAY-0026,0.7632080423952768,107581.19548581906,0.04336678995802782,1489.4419349821578,LINEAR_ELASTIC,0.0
BAY-0026,0.848008935994752,119534.66165091006,0.048185322175586465,1838.8172036816761,FIRST_NOMINAL_LIMIT_NO_CONTINUATION,0.0
BAY-0027,0.0,0.0,0.0,0.0,LINEAR_ELASTIC,0.0
BAY-0027,0.039188814014945894,5524.023892840192,0.003770647096950182,6.637845253510831,LINEAR_ELASTIC,0.0
BAY-0027,0.07837762802989179,11048.047785680385,0.007541294193900364,26.551381014043326,LINEAR_ELASTIC,0.0
BAY-0027,0.1175664420448377,16572.07167852058,0.011311941290850547,59.7406072815975,LINEAR_ELASTIC,0.0
BAY-0027,0.15675525605978358,22096.09557136077,0.015082588387800728,106.2055240561733,LINEAR_ELASTIC,0.0
BAY-0027,0.19594407007472947,27620.11946420096,0.01885323548475091,165.94613133777077,LINEAR_ELASTIC,0.0
BAY-0027,0.2351328840896754,33144.14335704116,0.022623882581701095,238.96242912639,LINEAR_ELASTIC,0.0
BAY-0027,0.27432169810462126,38668.16724988135,0.026394529678651274,325.25441742203077,LINEAR_ELASTIC,0.0
BAY-0027,0.31351051211956715,44192.19114272154,0.030165176775601456,424.8220962246932,LINEAR_ELASTIC,0.0
BAY-0027,0.35269932613451305,49716.215035561734,0.03393582387255164,537.6654655343774,LINEAR_ELASTIC,0.0
BAY-0027,0.39188814014945894,55240.23892840192,0.03770647096950182,663.7845253510831,FIRST_NOMINAL_LIMIT_NO_CONTINUATION,0.0
BAY-0028,0.0,0.0,0.0,0.0,LINEAR_ELASTIC,0.0
BAY-0028,0.10146443521738749,14302.345669369402,0.005722252496396111,26.12062287063165,LINEAR_ELASTIC,0.0
BAY-0028,0.20292887043477498,28604.691338738805,0.011444504992792221,104.4824914825266,LINEAR_ELASTIC,0.0
BAY-0028,0.3043933056521625,42907.037008108215,0.017166757489188333,235.0856058356849,LINEAR_ELASTIC,0.0
BAY-0028,0.40585774086954995,57209.38267747761,0.022889009985584442,417.9299659301064,LINEAR_ELASTIC,0.0
BAY-0028,0.5073221760869374,71511.72834684701,0.02861126248198055,653.0155717657912,LINEAR_ELASTIC,0.0
BAY-0028,0.608786611304325,85814.07401621643,0.03433351497837667,940.3424233427396,LINEAR_ELASTIC,0.0
BAY-0028,0.7102510465217124,100116.41968558582,0.040055767474772776,1279.910520660951,LINEAR_ELASTIC,0.0
BAY-0028,0.8117154817390999,114418.76535495522,0.045778019971168885,1671.7198637204256,LINEAR_ELASTIC,0.0
BAY-0028,0.9131799169564874,128721.11102432462,0.05150027246756499,2115.7704525211634,LINEAR_ELASTIC,0.0
BAY-0028,1.0146443521738748,143023.45669369402,0.0572225249639611,2612.0622870631646,FIRST_NOMINAL_LIMIT_NO_CONTINUATION,0.0
BAY-0029,0.0,0.0,0.0,0.0,LINEAR_ELASTIC,0.0
BAY-0029,0.03918881401494634,5524.023892840255,0.0037873055682552405,6.668306171268965,LINEAR_ELASTIC,0.0
BAY-0029,0.07837762802989268,11048.04778568051,0.007574611136510481,26.67322468507586,LINEAR_ELASTIC,0.0
BAY-0029,0.11756644204483903,16572.071678520766,0.011361916704765723,60.0147555414207,LINEAR_ELASTIC,0.0
BAY-0029,0.15675525605978535,22096.09557136102,0.015149222273020962,106.69289874030343,LINEAR_ELASTIC,0.0
BAY-0029,0.1959440700747317,27620.119464201274,0.018936527841276203,166.70765428172413,LINEAR_ELASTIC,0.0
BAY-0029,0.23513288408967806,33144.14335704153,0.022723833409531446,240.0590221656828,LINEAR_ELASTIC,0.0
BAY-0029,0.27432169810462437,38668.167249881786,0.026511138977786685,326.7470023921793,LINEAR_ELASTIC,0.0
BAY-0029,0.3135105121195707,44192.19114272204,0.030298444546041924,426.77159496121374,LINEAR_ELASTIC,0.0
BAY-0029,0.35269932613451704,49716.215035562294,0.03408575011429717,540.1327998727861,LINEAR_ELASTIC,0.0
BAY-0029,0.3918881401494634,55240.23892840255,0.037873055682552406,666.8306171268965,FIRST_NOMINAL_LIMIT_NO_CONTINUATION,0.0
BAY-0030,0.0,0.0,0.0,0.0,LINEAR_ELASTIC,0.0
BAY-0030,0.08480089359947521,11953.466165091007,0.004818532217558647,18.388172036816766,LINEAR_ELASTIC,0.0
BAY-0030,0.16960178719895042,23906.932330182015,0.009637064435117294,73.55268814726706,LINEAR_ELASTIC,0.0
BAY-0030,0.25440268079842565,35860.398495273024,0.014455596652675942,165.49354833135092,LINEAR_ELASTIC,0.0
BAY-0030,0.33920357439790083,47813.86466036403,0.019274128870234587,294.21075258906825,LINEAR_ELASTIC,0.0
BAY-0030,0.424004467997376,59767.33082545503,0.024092661087793232,459.70430092041903,LINEAR_ELASTIC,0.0
BAY-0030,0.5088053615968513,71720.79699054605,0.028911193305351884,661.9741933254037,LINEAR_ELASTIC,0.0
BAY-0030,0.5936062551963265,83674.26315563705,0.03372972552291053,901.0204298040215,LINEAR_ELASTIC,0.0
BAY-0030,0.6784071487958017,95627.72932072806,0.038548257740469175,1176.843010356273,LINEAR_ELASTIC,0.0
BAY-0030,0.7632080423952768,107581.19548581906,0.04336678995802782,1489.4419349821578,LINEAR_ELASTIC,0.0
BAY-0030,0.848008935994752,119534.66165091006,0.048185322175586465,1838.8172036816761,FIRST_NOMINAL_LIMIT_NO_CONTINUATION,0.0
BAY-0031,0.0,0.0,0.0,0.0,LINEAR_ELASTIC,0.0
BAY-0031,0.039188814014945894,5524.023892840192,0.003770647096950182,6.637845253510831,LINEAR_ELASTIC,0.0
BAY-0031,0.07837762802989179,11048.047785680385,0.007541294193900364,26.551381014043326,LINEAR_ELASTIC,0.0
BAY-0031,0.1175664420448377,16572.07167852058,0.011311941290850547,59.7406072815975,LINEAR_ELASTIC,0.0
BAY-0031,0.15675525605978358,22096.09557136077,0.015082588387800728,106.2055240561733,LINEAR_ELASTIC,0.0
BAY-0031,0.19594407007472947,27620.11946420096,0.01885323548475091,165.94613133777077,LINEAR_ELASTIC,0.0
BAY-0031,0.2351328840896754,33144.14335704116,0.022623882581701095,238.96242912639,LINEAR_ELASTIC,0.0
BAY-0031,0.27432169810462126,38668.16724988135,0.026394529678651274,325.25441742203077,LINEAR_ELASTIC,0.0
BAY-0031,0.31351051211956715,44192.19114272154,0.030165176775601456,424.8220962246932,LINEAR_ELASTIC,0.0
BAY-0031,0.35269932613451305,49716.215035561734,0.03393582387255164,537.6654655343774,LINEAR_ELASTIC,0.0
BAY-0031,0.39188814014945894,55240.23892840192,0.03770647096950182,663.7845253510831,FIRST_NOMINAL_LIMIT_NO_CONTINUATION,0.0
BAY-0032,0.0,0.0,0.0,0.0,LINEAR_ELASTIC,0.0
BAY-0032,0.10146443521738749,14302.345669369402,0.005722252496396111,26.12062287063165,LINEAR_ELASTIC,0.0
BAY-0032,0.20292887043477498,28604.691338738805,0.011444504992792221,104.4824914825266,LINEAR_ELASTIC,0.0
BAY-0032,0.3043933056521625,42907.037008108215,0.017166757489188333,235.0856058356849,LINEAR_ELASTIC,0.0
BAY-0032,0.40585774086954995,57209.38267747761,0.022889009985584442,417.9299659301064,LINEAR_ELASTIC,0.0
BAY-0032,0.5073221760869374,71511.72834684701,0.02861126248198055,653.0155717657912,LINEAR_ELASTIC,0.0
BAY-0032,0.608786611304325,85814.07401621643,0.03433351497837667,940.3424233427396,LINEAR_ELASTIC,0.0
BAY-0032,0.7102510465217124,100116.41968558582,0.040055767474772776,1279.910520660951,LINEAR_ELASTIC,0.0
BAY-0032,0.8117154817390999,114418.76535495522,0.045778019971168885,1671.7198637204256,LINEAR_ELASTIC,0.0
BAY-0032,0.9131799169564874,128721.11102432462,0.05150027246756499,2115.7704525211634,LINEAR_ELASTIC,0.0
BAY-0032,1.0146443521738748,143023.45669369402,0.0572225249639611,2612.0622870631646,FIRST_NOMINAL_LIMIT_NO_CONTINUATION,0.0
BAY-0033,0.0,0.0,0.0,0.0,LINEAR_ELASTIC,0.0
BAY-0033,0.09271007670790052,13068.338292814156,0.006677418199498321,27.883005732519262,LINEAR_ELASTIC,0.0
BAY-0033,0.18542015341580104,26136.676585628313,0.013354836398996641,111.53202293007705,LINEAR_ELASTIC,0.0
BAY-0033,0.2781302301237016,39205.01487844247,0.020032254598494965,250.94705159267338,LINEAR_ELASTIC,0.0
BAY-0033,0.3708403068316021,52273.353171256626,0.026709672797993283,446.1280917203082,LINEAR_ELASTIC,0.0
BAY-0033,0.46355038353950256,65341.69146407078,0.0333870909974916,697.0751433129814,LINEAR_ELASTIC,0.0
BAY-0033,0.5562604602474032,78410.02975688493,0.04006450919698993,1003.7882063706935,LINEAR_ELASTIC,0.0
BAY-0033,0.6489705369553036,91478.36804969909,0.04674192739648824,1366.2672808934435,LINEAR_ELASTIC,0.0
BAY-0033,0.7416806136632041,104546.70634251325,0.053419345595986566,1784.5123668812328,LINEAR_ELASTIC,0.0
BAY-0033,0.8343906903711046,117615.04463532739,0.06009676379548488,2258.5234643340596,LINEAR_ELASTIC,0.0
BAY-0033,0.9271007670790051,130683.38292814155,0.0667741819949832,2788.3005732519255,FIRST_NOMINAL_LIMIT_NO_CONTINUATION,0.0
BAY-0034,0.0,0.0,0.0,0.0,LINEAR_ELASTIC,0.0
BAY-0034,0.16241517028700614,22893.91255583699,0.004911878676425852,36.03334410990688,LINEAR_ELASTIC,0.0
BAY-0034,0.3248303405740123,45787.82511167398,0.009823757352851703,144.1333764396275,LINEAR_ELASTIC,0.0
BAY-0034,0.48724551086101847,68681.73766751098,0.014735636029277558,324.30009698916194,LINEAR_ELASTIC,0.0
BAY-0034,0.6496606811480246,91575.65022334796,0.019647514705703407,576.53350575851,LINEAR_ELASTIC,0.0
BAY-0034,0.8120758514350307,114469.56277918495,0.02455939338212926,900.8336027476719,LINEAR_ELASTIC,0.0
BAY-0034,0.9744910217220369,137363.47533502197,0.029471272058555115,1297.2003879566478,LINEAR_ELASTIC,0.0
BAY-0034,1.136906192009043,160257.38789085895,0.034383150734980966,1765.6338613854373,LINEAR_ELASTIC,0.0
BAY-0034,1.299321362296049,183151.3004466959,0.039295029411406814,2306.13402303404,LINEAR_ELASTIC,0.0
BAY-0034,1.4617365325830554,206045.21300253292,0.04420690808783267,2918.7008729024574,LINEAR_ELASTIC,0.0
BAY-0034,1.6241517028700614,228939.1255583699,0.04911878676425852,3603.3344109906875,FIRST_NOMINAL_LIMIT_NO_CONTINUATION,0.0
BAY-0035,0.0,0.0,0.0,0.0,LINEAR_ELASTIC,0.0
BAY-0035,0.09271007670793913,13068.338292819597,0.0066505923983330145,27.76660598724123,LINEAR_ELASTIC,0.0
BAY-0035,0.18542015341587825,26136.676585639194,0.013301184796666029,111.06642394896492,LINEAR_ELASTIC,0.0
BAY-0035,0.27813023012381743,39205.0148784588,0.01995177719499905,249.8994538851712,LINEAR_ELASTIC,0.0
BAY-0035,0.3708403068317565,52273.35317127839,0.026602369593332058,444.2656957958597,LINEAR_ELASTIC,0.0
BAY-0035,0.46355038353969563,65341.69146409799,0.033252961991665074,694.1651496810308,LINEAR_ELASTIC,0.0
BAY-0035,0.5562604602476349,78410.0297569176,0.0399035543899981,999.5978155406848,LINEAR_ELASTIC,0.0
BAY-0035,0.6489705369555739,91478.3680497372,0.046554146788331106,1360.5636933748206,LINEAR_ELASTIC,0.0
BAY-0035,0.741680613663513,104546.70634255678,0.053204739186664116,1777.0627831834388,LINEAR_ELASTIC,0.0
BAY-0035,0.8343906903714522,117615.04463537638,0.05985533158499713,2249.0950849665405,LINEAR_ELASTIC,0.0
BAY-0035,0.9271007670793913,130683.38292819598,0.06650592398333015,2776.6605987241232,FIRST_NOMINAL_LIMIT_NO_CONTINUATION,0.0
BAY-0036,0.0,0.0,0.0,0.0,LINEAR_ELASTIC,0.0
BAY-0036,0.19433006922949603,27392.611195419635,0.005820842752989111,51.07452512332313,LINEAR_ELASTIC,0.0
BAY-0036,0.38866013845899205,54785.22239083927,0.011641685505978222,204.2981004932925,LINEAR_ELASTIC,0.0
BAY-0036,0.5829902076884881,82177.8335862589,0.017462528258967335,459.6707261099081,LINEAR_ELASTIC,0.0
BAY-0036,0.7773202769179841,109570.44478167854,0.023283371011956443,817.19240197317,LINEAR_ELASTIC,0.0
BAY-0036,0.97165034614748,136963.05597709815,0.02910421376494555,1276.8631280830778,LINEAR_ELASTIC,0.0
BAY-0036,1.1659804153769762,164355.6671725178,0.03492505651793467,1838.6829044396325,LINEAR_ELASTIC,0.0
BAY-0036,1.3603104846064722,191748.27836793743,0.04074589927092378,2502.651731042833,LINEAR_ELASTIC,0.0
BAY-0036,1.5546405538359682,219140.88956335708,0.04656674202391289,3268.76960789268,LINEAR_ELASTIC,0.0
BAY-0036,1.748970623065464,246533.50075877667,0.052387584776901995,4137.036534989172,LINEAR_ELASTIC,0.0
BAY-0036,1.94330069229496,273926.1119541963,0.0582084275298911,5107.452512332311,FIRST_NOMINAL_LIMIT_NO_CONTINUATION,0.0
BAY-0037,0.0,0.0,0.0,0.0,LINEAR_ELASTIC,0.0
BAY-0037,0.09271007670790052,13068.338292814156,0.006677418199498321,27.883005732519262,LINEAR_ELASTIC,0.0
BAY-0037,0.18542015341580104,26136.676585628313,0.013354836398996641,111.53202293007705,LINEAR_ELASTIC,0.0
BAY-0037,0.2781302301237016,39205.01487844247,0.020032254598494965,250.94705159267338,LINEAR_ELASTIC,0.0
BAY-0037,0.3708403068316021,52273.353171256626,0.026709672797993283,446.1280917203082,LINEAR_ELASTIC,0.0
BAY-0037,0.46355038353950256,65341.69146407078,0.0333870909974916,697.0751433129814,LINEAR_ELASTIC,0.0
BAY-0037,0.5562604602474032,78410.02975688493,0.04006450919698993,1003.7882063706935,LINEAR_ELASTIC,0.0
BAY-0037,0.6489705369553036,91478.36804969909,0.04674192739648824,1366.2672808934435,LINEAR_ELASTIC,0.0
BAY-0037,0.7416806136632041,104546.70634251325,0.053419345595986566,1784.5123668812328,LINEAR_ELASTIC,0.0
BAY-0037,0.8343906903711046,117615.04463532739,0.06009676379548488,2258.5234643340596,LINEAR_ELASTIC,0.0
BAY-0037,0.9271007670790051,130683.38292814155,0.0667741819949832,2788.3005732519255,FIRST_NOMINAL_LIMIT_NO_CONTINUATION,0.0
BAY-0038,0.0,0.0,0.0,0.0,LINEAR_ELASTIC,0.0
BAY-0038,0.16241517028700614,22893.91255583699,0.004911878676425852,36.03334410990688,LINEAR_ELASTIC,0.0
BAY-0038,0.3248303405740123,45787.82511167398,0.009823757352851703,144.1333764396275,LINEAR_ELASTIC,0.0
BAY-0038,0.48724551086101847,68681.73766751098,0.014735636029277558,324.30009698916194,LINEAR_ELASTIC,0.0
BAY-0038,0.6496606811480246,91575.65022334796,0.019647514705703407,576.53350575851,LINEAR_ELASTIC,0.0
BAY-0038,0.8120758514350307,114469.56277918495,0.02455939338212926,900.8336027476719,LINEAR_ELASTIC,0.0
BAY-0038,0.9744910217220369,137363.47533502197,0.029471272058555115,1297.2003879566478,LINEAR_ELASTIC,0.0
BAY-0038,1.136906192009043,160257.38789085895,0.034383150734980966,1765.6338613854373,LINEAR_ELASTIC,0.0
BAY-0038,1.299321362296049,183151.3004466959,0.039295029411406814,2306.13402303404,LINEAR_ELASTIC,0.0
BAY-0038,1.4617365325830554,206045.21300253292,0.04420690808783267,2918.7008729024574,LINEAR_ELASTIC,0.0
BAY-0038,1.6241517028700614,228939.1255583699,0.04911878676425852,3603.3344109906875,FIRST_NOMINAL_LIMIT_NO_CONTINUATION,0.0
BAY-0039,0.0,0.0,0.0,0.0,LINEAR_ELASTIC,0.0
BAY-0039,0.09271007670793913,13068.338292819597,0.0066505923983330145,27.76660598724123,LINEAR_ELASTIC,0.0
BAY-0039,0.18542015341587825,26136.676585639194,0.013301184796666029,111.06642394896492,LINEAR_ELASTIC,0.0
BAY-0039,0.27813023012381743,39205.0148784588,0.01995177719499905,249.8994538851712,LINEAR_ELASTIC,0.0
BAY-0039,0.3708403068317565,52273.35317127839,0.026602369593332058,444.2656957958597,LINEAR_ELASTIC,0.0
BAY-0039,0.46355038353969563,65341.69146409799,0.033252961991665074,694.1651496810308,LINEAR_ELASTIC,0.0
BAY-0039,0.5562604602476349,78410.0297569176,0.0399035543899981,999.5978155406848,LINEAR_ELASTIC,0.0
BAY-0039,0.6489705369555739,91478.3680497372,0.046554146788331106,1360.5636933748206,LINEAR_ELASTIC,0.0
BAY-0039,0.741680613663513,104546.70634255678,0.053204739186664116,1777.0627831834388,LINEAR_ELASTIC,0.0
BAY-0039,0.8343906903714522,117615.04463537638,0.05985533158499713,2249.0950849665405,LINEAR_ELASTIC,0.0
BAY-0039,0.9271007670793913,130683.38292819598,0.06650592398333015,2776.6605987241232,FIRST_NOMINAL_LIMIT_NO_CONTINUATION,0.0
BAY-0040,0.0,0.0,0.0,0.0,LINEAR_ELASTIC,0.0
BAY-0040,0.19433006922949603,27392.611195419635,0.005820842752989111,51.07452512332313,LINEAR_ELASTIC,0.0
BAY-0040,0.38866013845899205,54785.22239083927,0.011641685505978222,204.2981004932925,LINEAR_ELASTIC,0.0
BAY-0040,0.5829902076884881,82177.8335862589,0.017462528258967335,459.6707261099081,LINEAR_ELASTIC,0.0
BAY-0040,0.7773202769179841,109570.44478167854,0.023283371011956443,817.19240197317,LINEAR_ELASTIC,0.0
BAY-0040,0.97165034614748,136963.05597709815,0.02910421376494555,1276.8631280830778,LINEAR_ELASTIC,0.0
BAY-0040,1.1659804153769762,164355.6671725178,0.03492505651793467,1838.6829044396325,LINEAR_ELASTIC,0.0
BAY-0040,1.3603104846064722,191748.27836793743,0.04074589927092378,2502.651731042833,LINEAR_ELASTIC,0.0
BAY-0040,1.5546405538359682,219140.88956335708,0.04656674202391289,3268.76960789268,LINEAR_ELASTIC,0.0
BAY-0040,1.748970623065464,246533.50075877667,0.052387584776901995,4137.036534989172,LINEAR_ELASTIC,0.0
BAY-0040,1.94330069229496,273926.1119541963,0.0582084275298911,5107.452512332311,FIRST_NOMINAL_LIMIT_NO_CONTINUATION,0.0
BAY-0041,0.0,0.0,0.0,0.0,LINEAR_ELASTIC,0.0
BAY-0041,0.08832568731539242,12450.318269281599,0.006677418199498078,26.564379333903027,LINEAR_ELASTIC,0.0
BAY-0041,0.17665137463078484,24900.636538563198,0.013354836398996156,106.2575173356121,LINEAR_ELASTIC,0.0
BAY-0041,0.2649770619461773,37350.954807844806,0.02003225459849424,239.07941400512732,LINEAR_ELASTIC,0.0
BAY-0041,0.3533027492615697,49801.273077126396,0.02670967279799231,425.0300693424484,LINEAR_ELASTIC,0.0
BAY-0041,0.4416284365769621,62251.591346408,0.03338709099749039,664.1094833475756,LINEAR_ELASTIC,0.0
BAY-0041,0.5299541238923546,74701.90961568961,0.04006450919698848,956.3176560205093,LINEAR_ELASTIC,0.0
BAY-0041,0.618279811207747,87152.2278849712,0.04674192739648655,1301.6545873612486,LINEAR_ELASTIC,0.0
BAY-0041,0.7066054985231394,99602.54615425279,0.05341934559598462,1700.1202773697937,LINEAR_ELASTIC,0.0
BAY-0041,0.7949311858385318,112052.8644235344,0.060096763795482705,2151.714726046145,LINEAR_ELASTIC,0.0
BAY-0041,0.8832568731539242,124503.182692816,0.06677418199498078,2656.4379333903025,FIRST_NOMINAL_LIMIT_NO_CONTINUATION,0.0
BAY-0042,0.0,0.0,0.0,0.0,LINEAR_ELASTIC,0.0
BAY-0042,0.15473432937873216,21811.227362091955,0.005090498141620277,35.57158616812115,LINEAR_ELASTIC,0.0
BAY-0042,0.3094686587574643,43622.45472418391,0.010180996283240554,142.2863446724846,LINEAR_ELASTIC,0.0
BAY-0042,0.46420298813619654,65433.682086275876,0.01527149442486083,320.1442755130904,LINEAR_ELASTIC,0.0
BAY-0042,0.6189373175149286,87244.90944836782,0.020361992566481107,569.1453786899384,LINEAR_ELASTIC,0.0
BAY-0042,0.7736716468936607,109056.13681045976,0.02545249070810138,889.2896542030286,LINEAR_ELASTIC,0.0
BAY-0042,0.9284059762723931,130867.36417255175,0.03054298884972166,1280.5771020523616,LINEAR_ELASTIC,0.0
BAY-0042,1.083140305651125,152678.5915346437,0.03563348699134193,1743.0077222379362,LINEAR_ELASTIC,0.0
BAY-0042,1.2378746350298573,174489.81889673564,0.040723985132962215,2276.5815147597536,LINEAR_ELASTIC,0.0
BAY-0042,1.3926089644085893,196301.04625882758,0.045814483274582485,2881.2984796178125,LINEAR_ELASTIC,0.0
BAY-0042,1.5473432937873215,218112.27362091953,0.05090498141620276,3557.1586168121144,FIRST_NOMINAL_LIMIT_NO_CONTINUATION,0.0
BAY-0043,0.0,0.0,0.0,0.0,LINEAR_ELASTIC,0.0
BAY-0043,0.08832568731543268,12450.318269287274,0.006650592398332986,26.453484295629806,LINEAR_ELASTIC,0.0
BAY-0043,0.17665137463086536,24900.63653857455,0.013301184796665972,105.81393718251923,LINEAR_ELASTIC,0.0
BAY-0043,0.26497706194629805,37350.954807861825,0.01995177719499896,238.0813586606683,LINEAR_ELASTIC,0.0
BAY-0043,0.3533027492617307,49801.2730771491,0.026602369593331943,423.2557487300769,LINEAR_ELASTIC,0.0
BAY-0043,0.4416284365771634,62251.59134643637,0.03325296199166493,661.3371073907451,LINEAR_ELASTIC,0.0
BAY-0043,0.5299541238925961,74701.90961572365,0.03990355438999792,952.3254346426731,LINEAR_ELASTIC,0.0
BAY-0043,0.6182798112080288,87152.22788501093,0.0465541467883309,1296.2207304858607,LINEAR_ELASTIC,0.0
BAY-0043,0.7066054985234614,99602.5461542982,0.05320473918666389,1693.0229949203076,LINEAR_ELASTIC,0.0
BAY-0043,0.7949311858388941,112052.86442358547,0.05985533158499687,2142.732227946014,LINEAR_ELASTIC,0.0
BAY-0043,0.8832568731543268,124503.18269287274,0.06650592398332986,2645.3484295629805,FIRST_NOMINAL_LIMIT_NO_CONTINUATION,0.0
BAY-0044,0.0,0.0,0.0,0.0,LINEAR_ELASTIC,0.0
BAY-0044,0.18513992804499108,26097.176241393758,0.006034561292800483,50.43765042730094,LINEAR_ELASTIC,0.0
BAY-0044,0.37027985608998215,52194.352482787515,0.012069122585600967,201.75060170920375,LINEAR_ELASTIC,0.0
BAY-0044,0.5554197841349733,78291.52872418128,0.01810368387840145,453.93885384570854,LINEAR_ELASTIC,0.0
BAY-0044,0.7405597121799643,104388.70496557503,0.024138245171201934,807.002406836815,LINEAR_ELASTIC,0.0
BAY-0044,0.9256996402249553,130485.88120696878,0.030172806464002416,1260.941260682523,LINEAR_ELASTIC,0.0
BAY-0044,1.1108395682699466,156583.05744836255,0.0362073677568029,1815.7554153828341,LINEAR_ELASTIC,0.0
BAY-0044,1.2959794963149376,182680.2336897563,0.04224192904960339,2471.444870937746,LINEAR_ELASTIC,0.0
BAY-0044,1.4811194243599286,208777.40993115006,0.04827649034240387,3228.00962734726,LINEAR_ELASTIC,0.0
BAY-0044,1.6662593524049196,234874.58617254382,0.054311051635204353,4085.4496846113757,LINEAR_ELASTIC,0.0
BAY-0044,1.8513992804499106,260971.76241393757,0.06034561292800483,5043.765042730092,FIRST_NOMINAL_LIMIT_NO_CONTINUATION,0.0
BAY-0045,0.0,0.0,0.0,0.0,LINEAR_ELASTIC,0.0
BAY-0045,0.08832568731539242,12450.318269281599,0.006677418199498078,26.564379333903027,LINEAR_ELASTIC,0.0
BAY-0045,0.17665137463078484,24900.636538563198,0.013354836398996156,106.2575173356121,LINEAR_ELASTIC,0.0
BAY-0045,0.2649770619461773,37350.954807844806,0.02003225459849424,239.07941400512732,LINEAR_ELASTIC,0.0
BAY-0045,0.3533027492615697,49801.273077126396,0.02670967279799231,425.0300693424484,LINEAR_ELASTIC,0.0
BAY-0045,0.4416284365769621,62251.591346408,0.03338709099749039,664.1094833475756,LINEAR_ELASTIC,0.0
BAY-0045,0.5299541238923546,74701.90961568961,0.04006450919698848,956.3176560205093,LINEAR_ELASTIC,0.0
BAY-0045,0.618279811207747,87152.2278849712,0.04674192739648655,1301.6545873612486,LINEAR_ELASTIC,0.0
BAY-0045,0.7066054985231394,99602.54615425279,0.05341934559598462,1700.1202773697937,LINEAR_ELASTIC,0.0
BAY-0045,0.7949311858385318,112052.8644235344,0.060096763795482705,2151.714726046145,LINEAR_ELASTIC,0.0
BAY-0045,0.8832568731539242,124503.182692816,0.06677418199498078,2656.4379333903025,FIRST_NOMINAL_LIMIT_NO_CONTINUATION,0.0
BAY-0046,0.0,0.0,0.0,0.0,LINEAR_ELASTIC,0.0
BAY-0046,0.15473432937873216,21811.227362091955,0.005090498141620277,35.57158616812115,LINEAR_ELASTIC,0.0
BAY-0046,0.3094686587574643,43622.45472418391,0.010180996283240554,142.2863446724846,LINEAR_ELASTIC,0.0
BAY-0046,0.46420298813619654,65433.682086275876,0.01527149442486083,320.1442755130904,LINEAR_ELASTIC,0.0
BAY-0046,0.6189373175149286,87244.90944836782,0.020361992566481107,569.1453786899384,LINEAR_ELASTIC,0.0
BAY-0046,0.7736716468936607,109056.13681045976,0.02545249070810138,889.2896542030286,LINEAR_ELASTIC,0.0
BAY-0046,0.9284059762723931,130867.36417255175,0.03054298884972166,1280.5771020523616,LINEAR_ELASTIC,0.0
BAY-0046,1.083140305651125,152678.5915346437,0.03563348699134193,1743.0077222379362,LINEAR_ELASTIC,0.0
BAY-0046,1.2378746350298573,174489.81889673564,0.040723985132962215,2276.5815147597536,LINEAR_ELASTIC,0.0
BAY-0046,1.3926089644085893,196301.04625882758,0.045814483274582485,2881.2984796178125,LINEAR_ELASTIC,0.0
BAY-0046,1.5473432937873215,218112.27362091953,0.05090498141620276,3557.1586168121144,FIRST_NOMINAL_LIMIT_NO_CONTINUATION,0.0
BAY-0047,0.0,0.0,0.0,0.0,LINEAR_ELASTIC,0.0
BAY-0047,0.08832568731543268,12450.318269287274,0.006650592398332986,26.453484295629806,LINEAR_ELASTIC,0.0
BAY-0047,0.17665137463086536,24900.63653857455,0.013301184796665972,105.81393718251923,LINEAR_ELASTIC,0.0
BAY-0047,0.26497706194629805,37350.954807861825,0.01995177719499896,238.0813586606683,LINEAR_ELASTIC,0.0
BAY-0047,0.3533027492617307,49801.2730771491,0.026602369593331943,423.2557487300769,LINEAR_ELASTIC,0.0
BAY-0047,0.4416284365771634,62251.59134643637,0.03325296199166493,661.3371073907451,LINEAR_ELASTIC,0.0
BAY-0047,0.5299541238925961,74701.90961572365,0.03990355438999792,952.3254346426731,LINEAR_ELASTIC,0.0
BAY-0047,0.6182798112080288,87152.22788501093,0.0465541467883309,1296.2207304858607,LINEAR_ELASTIC,0.0
BAY-0047,0.7066054985234614,99602.5461542982,0.05320473918666389,1693.0229949203076,LINEAR_ELASTIC,0.0
BAY-0047,0.7949311858388941,112052.86442358547,0.05985533158499687,2142.732227946014,LINEAR_ELASTIC,0.0
BAY-0047,0.8832568731543268,124503.18269287274,0.06650592398332986,2645.3484295629805,FIRST_NOMINAL_LIMIT_NO_CONTINUATION,0.0
BAY-0048,0.0,0.0,0.0,0.0,LINEAR_ELASTIC,0.0
BAY-0048,0.18513992804499108,26097.176241393758,0.006034561292800483,50.43765042730094,LINEAR_ELASTIC,0.0
BAY-0048,0.37027985608998215,52194.352482787515,0.012069122585600967,201.75060170920375,LINEAR_ELASTIC,0.0
BAY-0048,0.5554197841349733,78291.52872418128,0.01810368387840145,453.93885384570854,LINEAR_ELASTIC,0.0
BAY-0048,0.7405597121799643,104388.70496557503,0.024138245171201934,807.002406836815,LINEAR_ELASTIC,0.0
BAY-0048,0.9256996402249553,130485.88120696878,0.030172806464002416,1260.941260682523,LINEAR_ELASTIC,0.0
BAY-0048,1.1108395682699466,156583.05744836255,0.0362073677568029,1815.7554153828341,LINEAR_ELASTIC,0.0
BAY-0048,1.2959794963149376,182680.2336897563,0.04224192904960339,2471.444870937746,LINEAR_ELASTIC,0.0
BAY-0048,1.4811194243599286,208777.40993115006,0.04827649034240387,3228.00962734726,LINEAR_ELASTIC,0.0
BAY-0048,1.6662593524049196,234874.58617254382,0.054311051635204353,4085.4496846113757,LINEAR_ELASTIC,0.0
BAY-0048,1.8513992804499106,260971.76241393757,0.06034561292800483,5043.765042730092,FIRST_NOMINAL_LIMIT_NO_CONTINUATION,0.0
BAY-0049,0.0,0.0,0.0,0.0,LINEAR_ELASTIC,0.0
BAY-0049,0.0808472769541055,11396.167523600514,0.0066774181994984074,24.315211105601005,LINEAR_ELASTIC,0.0
BAY-0049,0.161694553908211,22792.335047201028,0.013354836398996815,97.26084442240402,LINEAR_ELASTIC,0.0
BAY-0049,0.2425418308623165,34188.502570801546,0.02003225459849522,218.83689995040908,LINEAR_ELASTIC,0.0
BAY-0049,0.323389107816422,45584.670094402056,0.02670967279799363,389.0433776896161,LINEAR_ELASTIC,0.0
BAY-0049,0.4042363847705275,56980.837618002566,0.033387090997492035,607.880277640025,LINEAR_ELASTIC,0.0
BAY-0049,0.485083661724633,68377.00514160309,0.04006450919699044,875.3475998016363,LINEAR_ELASTIC,0.0
BAY-0049,0.5659309386787386,79773.1726652036,0.04674192739648886,1191.4453441744495,LINEAR_ELASTIC,0.0
BAY-0049,0.646778215632844,91169.34018880411,0.05341934559598726,1556.1735107584643,LINEAR_ELASTIC,0.0
BAY-0049,0.7276254925869495,102565.50771240462,0.06009676379548567,1969.5320995536817,LINEAR_ELASTIC,0.0
BAY-0049,0.808472769541055,113961.67523600513,0.06677418199498407,2431.5211105601,FIRST_NOMINAL_LIMIT_NO_CONTINUATION,0.0
BAY-0050,0.0,0.0,0.0,0.0,LINEAR_ELASTIC,0.0
BAY-0050,0.1416331937153673,19964.501753091205,0.005493857635208191,35.12765225907578,LINEAR_ELASTIC,0.0
BAY-0050,0.2832663874307346,39929.00350618241,0.010987715270416382,140.51060903630312,LINEAR_ELASTIC,0.0
BAY-0050,0.424899581146102,59893.50525927362,0.016481572905624575,316.14887033168213,LINEAR_ELASTIC,0.0
BAY-0050,0.5665327748614692,79858.00701236482,0.021975430540832765,562.0424361452125,LINEAR_ELASTIC,0.0
BAY-0050,0.7081659685768366,99822.50876545602,0.027469288176040954,878.1913064768946,LINEAR_ELASTIC,0.0
BAY-0050,0.849799162292204,119787.01051854723,0.03296314581124915,1264.5954813267285,LINEAR_ELASTIC,0.0
BAY-0050,0.9914323560075713,139751.51227163844,0.03845700344645734,1721.2549606947136,LINEAR_ELASTIC,0.0
BAY-0050,1.1330655497229385,159716.01402472964,0.04395086108166553,2248.16974458085,LINEAR_ELASTIC,0.0
BAY-0050,1.274698743438306,179680.51577782084,0.049444718716873726,2845.339832985139,LINEAR_ELASTIC,0.0
BAY-0050,1.4163319371536731,199645.01753091204,0.05493857635208191,3512.7652259075785,FIRST_NOMINAL_LIMIT_NO_CONTINUATION,0.0
BAY-0051,0.0,0.0,0.0,0.0,LINEAR_ELASTIC,0.0
BAY-0051,0.08084727695410003,11396.167523599743,0.006650592398332978,24.21370539254208,LINEAR_ELASTIC,0.0
BAY-0051,0.16169455390820006,22792.335047199485,0.013301184796665956,96.85482157016833,LINEAR_ELASTIC,0.0
BAY-0051,0.2425418308623001,34188.50257079923,0.019951777194998934,217.92334853287875,LINEAR_ELASTIC,0.0
BAY-0051,0.3233891078164001,45584.67009439897,0.026602369593331912,387.4192862806733,LINEAR_ELASTIC,0.0
BAY-0051,0.4042363847705001,56980.83761799871,0.03325296199166489,605.3426348135519,LINEAR_ELASTIC,0.0
BAY-0051,0.4850836617246002,68377.00514159846,0.03990355438999787,871.693394131515,LINEAR_ELASTIC,0.0
BAY-0051,0.5659309386787003,79773.1726651982,0.04655414678833085,1186.4715642345623,LINEAR_ELASTIC,0.0
BAY-0051,0.6467782156328002,91169.34018879794,0.053204739186663824,1549.6771451226932,LINEAR_ELASTIC,0.0
BAY-0051,0.7276254925869002,102565.50771239768,0.0598553315849968,1961.3101367959084,LINEAR_ELASTIC,0.0
BAY-0051,0.8084727695410002,113961.67523599742,0.06650592398332977,2421.3705392542074,FIRST_NOMINAL_LIMIT_NO_CONTINUATION,0.0
BAY-0052,0.0,0.0,0.0,0.0,LINEAR_ELASTIC,0.0
BAY-0052,0.16946439357396847,23887.56543464813,0.00651718171658732,49.84336059763506,LINEAR_ELASTIC,0.0
BAY-0052,0.33892878714793695,47775.13086929626,0.01303436343317464,199.37344239054025,LINEAR_ELASTIC,0.0
BAY-0052,0.5083931807219055,71662.69630394441,0.019551545149761963,448.59024537871574,LINEAR_ELASTIC,0.0
BAY-0052,0.6778575742958739,95550.26173859253,0.02606872686634928,797.493769562161,LINEAR_ELASTIC,0.0
BAY-0052,0.8473219678698424,119437.82717324066,0.0325859085829366,1246.0840149408764,LINEAR_ELASTIC,0.0
BAY-0052,1.016786361443811,143325.39260788882,0.03910309029952393,1794.360981514863,LINEAR_ELASTIC,0.0
BAY-0052,1.1862507550177794,167212.95804253695,0.04562027201611125,2442.324669284118,LINEAR_ELASTIC,0.0
BAY-0052,1.3557151485917478,191100.52347718505,0.05213745373269856,3189.975078248644,LINEAR_ELASTIC,0.0
BAY-0052,1.5251795421657164,214988.0889118332,0.05865463544928588,4037.31220840844,LINEAR_ELASTIC,0.0
BAY-0052,1.6946439357396847,238875.65434648131,0.0651718171658732,4984.336059763506,FIRST_NOMINAL_LIMIT_NO_CONTINUATION,0.0
BAY-0053,0.0,0.0,0.0,0.0,LINEAR_ELASTIC,0.0
BAY-0053,0.0808472769541055,11396.167523600514,0.0066774181994984074,24.315211105601005,LINEAR_ELASTIC,0.0
BAY-0053,0.161694553908211,22792.335047201028,0.013354836398996815,97.26084442240402,LINEAR_ELASTIC,0.0
BAY-0053,0.2425418308623165,34188.502570801546,0.02003225459849522,218.83689995040908,LINEAR_ELASTIC,0.0
BAY-0053,0.323389107816422,45584.670094402056,0.02670967279799363,389.0433776896161,LINEAR_ELASTIC,0.0
BAY-0053,0.4042363847705275,56980.837618002566,0.033387090997492035,607.880277640025,LINEAR_ELASTIC,0.0
BAY-0053,0.485083661724633,68377.00514160309,0.04006450919699044,875.3475998016363,LINEAR_ELASTIC,0.0
BAY-0053,0.5659309386787386,79773.1726652036,0.04674192739648886,1191.4453441744495,LINEAR_ELASTIC,0.0
BAY-0053,0.646778215632844,91169.34018880411,0.05341934559598726,1556.1735107584643,LINEAR_ELASTIC,0.0
BAY-0053,0.7276254925869495,102565.50771240462,0.06009676379548567,1969.5320995536817,LINEAR_ELASTIC,0.0
BAY-0053,0.808472769541055,113961.67523600513,0.06677418199498407,2431.5211105601,FIRST_NOMINAL_LIMIT_NO_CONTINUATION,0.0
BAY-0054,0.0,0.0,0.0,0.0,LINEAR_ELASTIC,0.0
BAY-0054,0.1416331937153673,19964.501753091205,0.005493857635208191,35.12765225907578,LINEAR_ELASTIC,0.0
BAY-0054,0.2832663874307346,39929.00350618241,0.010987715270416382,140.51060903630312,LINEAR_ELASTIC,0.0
BAY-0054,0.424899581146102,59893.50525927362,0.016481572905624575,316.14887033168213,LINEAR_ELASTIC,0.0
BAY-0054,0.5665327748614692,79858.00701236482,0.021975430540832765,562.0424361452125,LINEAR_ELASTIC,0.0
BAY-0054,0.7081659685768366,99822.50876545602,0.027469288176040954,878.1913064768946,LINEAR_ELASTIC,0.0
BAY-0054,0.849799162292204,119787.01051854723,0.03296314581124915,1264.5954813267285,LINEAR_ELASTIC,0.0
BAY-0054,0.9914323560075713,139751.51227163844,0.03845700344645734,1721.2549606947136,LINEAR_ELASTIC,0.0
BAY-0054,1.1330655497229385,159716.01402472964,0.04395086108166553,2248.16974458085,LINEAR_ELASTIC,0.0
BAY-0054,1.274698743438306,179680.51577782084,0.049444718716873726,2845.339832985139,LINEAR_ELASTIC,0.0
BAY-0054,1.4163319371536731,199645.01753091204,0.05493857635208191,3512.7652259075785,FIRST_NOMINAL_LIMIT_NO_CONTINUATION,0.0
BAY-0055,0.0,0.0,0.0,0.0,LINEAR_ELASTIC,0.0
BAY-0055,0.08084727695410003,11396.167523599743,0.006650592398332978,24.21370539254208,LINEAR_ELASTIC,0.0
BAY-0055,0.16169455390820006,22792.335047199485,0.013301184796665956,96.85482157016833,LINEAR_ELASTIC,0.0
BAY-0055,0.2425418308623001,34188.50257079923,0.019951777194998934,217.92334853287875,LINEAR_ELASTIC,0.0
BAY-0055,0.3233891078164001,45584.67009439897,0.026602369593331912,387.4192862806733,LINEAR_ELASTIC,0.0
BAY-0055,0.4042363847705001,56980.83761799871,0.03325296199166489,605.3426348135519,LINEAR_ELASTIC,0.0
BAY-0055,0.4850836617246002,68377.00514159846,0.03990355438999787,871.693394131515,LINEAR_ELASTIC,0.0
BAY-0055,0.5659309386787003,79773.1726651982,0.04655414678833085,1186.4715642345623,LINEAR_ELASTIC,0.0
BAY-0055,0.6467782156328002,91169.34018879794,0.053204739186663824,1549.6771451226932,LINEAR_ELASTIC,0.0
BAY-0055,0.7276254925869002,102565.50771239768,0.0598553315849968,1961.3101367959084,LINEAR_ELASTIC,0.0
BAY-0055,0.8084727695410002,113961.67523599742,0.06650592398332977,2421.3705392542074,FIRST_NOMINAL_LIMIT_NO_CONTINUATION,0.0
BAY-0056,0.0,0.0,0.0,0.0,LINEAR_ELASTIC,0.0
BAY-0056,0.16946439357396847,23887.56543464813,0.00651718171658732,49.84336059763506,LINEAR_ELASTIC,0.0
BAY-0056,0.33892878714793695,47775.13086929626,0.01303436343317464,199.37344239054025,LINEAR_ELASTIC,0.0
BAY-0056,0.5083931807219055,71662.69630394441,0.019551545149761963,448.59024537871574,LINEAR_ELASTIC,0.0
BAY-0056,0.6778575742958739,95550.26173859253,0.02606872686634928,797.493769562161,LINEAR_ELASTIC,0.0
BAY-0056,0.8473219678698424,119437.82717324066,0.0325859085829366,1246.0840149408764,LINEAR_ELASTIC,0.0
BAY-0056,1.016786361443811,143325.39260788882,0.03910309029952393,1794.360981514863,LINEAR_ELASTIC,0.0
BAY-0056,1.1862507550177794,167212.95804253695,0.04562027201611125,2442.324669284118,LINEAR_ELASTIC,0.0
BAY-0056,1.3557151485917478,191100.52347718505,0.05213745373269856,3189.975078248644,LINEAR_ELASTIC,0.0
BAY-0056,1.5251795421657164,214988.0889118332,0.05865463544928588,4037.31220840844,LINEAR_ELASTIC,0.0
BAY-0056,1.6946439357396847,238875.65434648131,0.0651718171658732,4984.336059763506,FIRST_NOMINAL_LIMIT_NO_CONTINUATION,0.0
BAY-0057,0.0,0.0,0.0,0.0,LINEAR_ELASTIC,0.0
BAY-0057,0.05691346326660084,8022.476280835715,0.005488477595023404,14.06925109769857,LINEAR_ELASTIC,0.0
BAY-0057,0.11382692653320169,16044.95256167143,0.010976955190046808,56.27700439079428,LINEAR_ELASTIC,0.0
BAY-0057,0.17074038979980255,24067.42884250715,0.016465432785070212,126.62325987928719,LINEAR_ELASTIC,0.0
BAY-0057,0.22765385306640337,32089.90512334286,0.021953910380093616,225.10801756317713,LINEAR_ELASTIC,0.0
BAY-0057,0.2845673163330042,40112.38140417857,0.027442387975117017,351.73127744246426,LINEAR_ELASTIC,0.0
BAY-0057,0.3414807795996051,48134.8576850143,0.032930865570140425,506.49303951714876,LINEAR_ELASTIC,0.0
BAY-0057,0.3983942428662059,56157.333965850004,0.03841934316516383,689.39330378723,LINEAR_ELASTIC,0.0
BAY-0057,0.45530770613280674,64179.81024668572,0.04390782076018723,900.4320702527085,LINEAR_ELASTIC,0.0
BAY-0057,0.5122211693994075,72202.28652752143,0.04939629835521063,1139.609338913584,LINEAR_ELASTIC,0.0
BAY-0057,0.5691346326660084,80224.76280835715,0.054884775950234034,1406.925109769857,FIRST_NOMINAL_LIMIT_NO_CONTINUATION,0.0
BAY-0058,0.0,0.0,0.0,0.0,LINEAR_ELASTIC,0.0
BAY-0058,0.11906061200093819,16782.68868097223,0.006717273415421637,36.0740743661506,LINEAR_ELASTIC,0.0
BAY-0058,0.23812122400187638,33565.37736194446,0.013434546830843275,144.2962974646024,LINEAR_ELASTIC,0.0
BAY-0058,0.3571818360028146,50348.0660429167,0.020151820246264916,324.6666692953554,LINEAR_ELASTIC,0.0
BAY-0058,0.47624244800375276,67130.75472388892,0.02686909366168655,577.1851898584096,LINEAR_ELASTIC,0.0
BAY-0058,0.5953030600046909,83913.44340486114,0.03358636707710819,901.8518591537648,LINEAR_ELASTIC,0.0
BAY-0058,0.7143636720056292,100696.1320858334,0.04030364049252983,1298.6666771814216,LINEAR_ELASTIC,0.0
BAY-0058,0.8334242840065673,117478.8207668056,0.04702091390795146,1767.629643941379,LINEAR_ELASTIC,0.0
BAY-0058,0.9524848960075055,134261.50944777785,0.0537381873233731,2308.7407594336382,LINEAR_ELASTIC,0.0
BAY-0058,1.0715455080084437,151044.19812875005,0.06045546073879474,2922.0000236581986,LINEAR_ELASTIC,0.0
BAY-0058,1.1906061200093818,167826.8868097223,0.06717273415421637,3607.4074366150594,FIRST_NOMINAL_LIMIT_NO_CONTINUATION,0.0
BAY-0059,0.0,0.0,0.0,0.0,LINEAR_ELASTIC,0.0
BAY-0059,0.05691346326659322,8022.47628083464,0.005466428233388853,14.010517930271414,LINEAR_ELASTIC,0.0
BAY-0059,0.11382692653318643,16044.95256166928,0.010932856466777706,56.042071721085655,LINEAR_ELASTIC,0.0
BAY-0059,0.17074038979977965,24067.42884250392,0.016399284700166557,126.09466137244272,LINEAR_ELASTIC,0.0
BAY-0059,0.22765385306637287,32089.90512333856,0.021865712933555412,224.16828688434262,LINEAR_ELASTIC,0.0
BAY-0059,0.28456731633296606,40112.3814041732,0.02733214116694426,350.26294825678525,LINEAR_ELASTIC,0.0
BAY-0059,0.3414807795995593,48134.85768500784,0.032798569400333114,504.37864548977086,LINEAR_ELASTIC,0.0
BAY-0059,0.3983942428661525,56157.33396584248,0.038264997633721966,686.5153785832991,LINEAR_ELASTIC,0.0
BAY-0059,0.45530770613274574,64179.81024667712,0.043731425867110825,896.6731475373705,LINEAR_ELASTIC,0.0
BAY-0059,0.5122211693993389,72202.28652751177,0.04919785410049967,1134.8519523519842,LINEAR_ELASTIC,0.0
BAY-0059,0.5691346326659321,80224.7628083464,0.05466428233388852,1401.051793027141,FIRST_NOMINAL_LIMIT_NO_CONTINUATION,0.0
BAY-0060,0.0,0.0,0.0,0.0,LINEAR_ELASTIC,0.0
BAY-0060,0.1190606120009289,16782.68868097092,0.006671147062538721,35.817040933588295,LINEAR_ELASTIC,0.0
BAY-0060,0.2381212240018578,33565.37736194184,0.013342294125077443,143.26816373435318,LINEAR_ELASTIC,0.0
BAY-0060,0.35718183600278675,50348.06604291277,0.020013441187616166,322.3533684022947,LINEAR_ELASTIC,0.0
BAY-0060,0.4762424480037156,67130.75472388369,0.026684588250154885,573.0726549374127,LINEAR_ELASTIC,0.0
BAY-0060,0.5953030600046445,83913.4434048546,0.033355735312693605,895.4260233397074,LINEAR_ELASTIC,0.0
BAY-0060,0.7143636720055735,100696.13208582553,0.04002688237523233,1289.4134736091787,LINEAR_ELASTIC,0.0
BAY-0060,0.8334242840065024,117478.82076679645,0.04669802943777105,1755.0350057458265,LINEAR_ELASTIC,0.0
BAY-0060,0.9524848960074312,134261.50944776737,0.05336917650030977,2292.290619749651,LINEAR_ELASTIC,0.0
BAY-0060,1.0715455080083602,151044.1981287383,0.0600403235628485,2901.1803156206524,LINEAR_ELASTIC,0.0
BAY-0060,1.190606120009289,167826.8868097092,0.06671147062538721,3581.7040933588296,FIRST_NOMINAL_LIMIT_NO_CONTINUATION,0.0
BAY-0061,0.0,0.0,0.0,0.0,LINEAR_ELASTIC,0.0
BAY-0061,0.06924233338539514,9760.34395608532,0.006677418199498367,20.824967978410026,LINEAR_ELASTIC,0.0
BAY-0061,0.13848466677079027,19520.68791217064,0.013354836398996733,83.2998719136401,LINEAR_ELASTIC,0.0
BAY-0061,0.20772700015618545,29281.031868255966,0.020032254598495104,187.42471180569032,LINEAR_ELASTIC,0.0
BAY-0061,0.27696933354158054,39041.37582434128,0.026709672797993467,333.1994876545604,LINEAR_ELASTIC,0.0
BAY-0061,0.3462116669269757,48801.7197804266,0.03338709099749183,520.6241994602507,LINEAR_ELASTIC,0.0
BAY-0061,0.4154540003123709,58562.06373651193,0.04006450919699021,749.6988472227613,LINEAR_ELASTIC,0.0
BAY-0061,0.484696333697766,68322.40769259725,0.046741927396488574,1020.4234309420916,LINEAR_ELASTIC,0.0
BAY-0061,0.5539386670831611,78082.75164868256,0.05341934559598693,1332.7979506182417,LINEAR_ELASTIC,0.0
BAY-0061,0.6231810004685563,87843.09560476789,0.06009676379548531,1686.8224062512127,LINEAR_ELASTIC,0.0
BAY-0061,0.6924233338539514,97603.4395608532,0.06677418199498367,2082.4967978410027,FIRST_NOMINAL_LIMIT_NO_CONTINUATION,0.0
BAY-0062,0.0,0.0,0.0,0.0,LINEAR_ELASTIC,0.0
BAY-0062,0.12130294534531849,17098.766196493496,0.006843783483777415,37.445675302805,LINEAR_ELASTIC,0.0
BAY-0062,0.24260589069063698,34197.53239298699,0.01368756696755483,149.78270121122,LINEAR_ELASTIC,0.0
BAY-0062,0.36390883603595553,51296.298589480495,0.020531350451332246,337.0110777252452,LINEAR_ELASTIC,0.0
BAY-0062,0.48521178138127397,68395.06478597398,0.02737513393510966,599.13080484488,LINEAR_ELASTIC,0.0
BAY-0062,0.6065147267265925,85493.83098246748,0.03421891741888707,936.1418825701251,LINEAR_ELASTIC,0.0
BAY-0062,0.7278176720719111,102592.59717896099,0.04106270090266449,1348.0443109009807,LINEAR_ELASTIC,0.0
BAY-0062,0.8491206174172296,119691.36337545447,0.047906484386441905,1834.8380898374455,LINEAR_ELASTIC,0.0
BAY-0062,0.9704235627625479,136790.12957194797,0.05475026787021932,2396.52321937952,LINEAR_ELASTIC,0.0
BAY-0062,1.0917265081078664,153888.89576844146,0.06159405135399673,3033.0996995272053,LINEAR_ELASTIC,0.0
BAY-0062,1.213029453453185,170987.66196493496,0.06843783483777414,3744.5675302805003,FIRST_NOMINAL_LIMIT_NO_CONTINUATION,0.0
BAY-0063,0.0,0.0,0.0,0.0,LINEAR_ELASTIC,0.0
BAY-0063,0.06924233338538587,9760.343956084014,0.006650592398332781,20.738032552888964,LINEAR_ELASTIC,0.0
BAY-0063,0.13848466677077173,19520.68791216803,0.013301184796665562,82.95213021155585,LINEAR_ELASTIC,0.0
BAY-0063,0.2077270001561576,29281.031868252045,0.019951777194998344,186.64229297600068,LINEAR_ELASTIC,0.0
BAY-0063,0.27696933354154346,39041.37582433606,0.026602369593331125,331.8085208462234,LINEAR_ELASTIC,0.0
BAY-0063,0.3462116669269293,48801.71978042006,0.0332529619916639,518.450813822224,LINEAR_ELASTIC,0.0
BAY-0063,0.4154540003123152,58562.06373650409,0.03990355438999669,746.5691719040027,LINEAR_ELASTIC,0.0
BAY-0063,0.48469633369770104,68322.4076925881,0.04655414678832947,1016.1635950915592,LINEAR_ELASTIC,0.0
BAY-0063,0.5539386670830869,78082.75164867211,0.05320473918666225,1327.2340833848937,LINEAR_ELASTIC,0.0
BAY-0063,0.6231810004684727,87843.0956047561,0.05985533158499502,1679.7806367840055,LINEAR_ELASTIC,0.0
BAY-0063,0.6924233338538586,97603.43956084012,0.0665059239833278,2073.803255288896,FIRST_NOMINAL_LIMIT_NO_CONTINUATION,0.0
BAY-0064,0.0,0.0,0.0,0.0,LINEAR_ELASTIC,0.0
BAY-0064,0.14513921159605522,20458.707230558794,0.008132370637324252,53.22589848587626,LINEAR_ELASTIC,0.0
BAY-0064,0.29027842319211045,40917.41446111759,0.016264741274648505,212.90359394350503,LINEAR_ELASTIC,0.0
BAY-0064,0.43541763478816575,61376.121691676395,0.024397111911972764,479.0330863728865,LINEAR_ELASTIC,0.0
BAY-0064,0.5805568463842209,81834.82892223517,0.03252948254929701,851.6143757740201,LINEAR_ELASTIC,0.0
BAY-0064,0.7256960579802761,102293.53615279398,0.040661853186621265,1330.6474621469065,LINEAR_ELASTIC,0.0
BAY-0064,0.8708352695763315,122752.24338335279,0.04879422382394553,1916.132345491546,LINEAR_ELASTIC,0.0
BAY-0064,1.0159744811723868,143210.95061391158,0.056926594461269776,2608.069025807938,LINEAR_ELASTIC,0.0
BAY-0064,1.1611136927684418,163669.65784447035,0.06505896509859402,3406.4575030960805,LINEAR_ELASTIC,0.0
BAY-0064,1.306252904364497,184128.36507502914,0.07319133573591828,4311.297777355977,LINEAR_ELASTIC,0.0
BAY-0064,1.4513921159605523,204587.07230558796,0.08132370637324253,5322.589848587626,FIRST_NOMINAL_LIMIT_NO_CONTINUATION,0.0
BAY-0065,0.0,0.0,0.0,0.0,LINEAR_ELASTIC,0.0
BAY-0065,0.12074084871937095,17019.533505485422,0.008709271098799709,47.42213343650469,LINEAR_ELASTIC,0.0
BAY-0065,0.2414816974387419,34039.067010970844,0.017418542197599418,189.68853374601875,LINEAR_ELASTIC,0.0
BAY-0065,0.3622225461581129,51058.60051645627,0.02612781329639913,426.79920092854235,LINEAR_ELASTIC,0.0
BAY-0065,0.4829633948774838,68078.13402194169,0.034837084395198836,758.754134984075,LINEAR_ELASTIC,0.0
BAY-0065,0.6037042435968547,85097.6675274271,0.043546355493998545,1185.553335912617,LINEAR_ELASTIC,0.0
BAY-0065,0.7244450923162258,102117.20103291253,0.05225562659279826,1707.1968037141694,LINEAR_ELASTIC,0.0
BAY-0065,0.8451859410355966,119136.73453839794,0.06096489769159796,2323.68453838873,LINEAR_ELASTIC,0.0
BAY-0065,0.9659267897549676,136156.26804388338,0.06967416879039767,3035.0165399363,LINEAR_ELASTIC,0.0
BAY-0065,1.0866676384743386,153175.8015493688,0.07838343988919738,3841.19280835688,LINEAR_ELASTIC,0.0
BAY-0065,1.2074084871937094,170195.3350548542,0.08709271098799709,4742.213343650468,FIRST_NOMINAL_LIMIT_NO_CONTINUATION,0.0
BAY-0066,0.0,0.0,0.0,0.0,LINEAR_ELASTIC,0.0
BAY-0066,0.19875536718945996,28016.39765791515,0.006013410893160248,54.050477060928266,LINEAR_ELASTIC,0.0
BAY-0066,0.3975107343789199,56032.7953158303,0.012026821786320497,216.20190824371306,LINEAR_ELASTIC,0.0
BAY-0066,0.5962661015683799,84049.19297374545,0.018040232679480742,486.4542935483544,LINEAR_ELASTIC,0.0
BAY-0066,0.7950214687578399,112065.5906316606,0.024053643572640993,864.8076329748523,LINEAR_ELASTIC,0.0
BAY-0066,0.9937768359472997,140081.98828957573,0.030067054465801237,1351.2619265232063,LINEAR_ELASTIC,0.0
BAY-0066,1.1925322031367598,168098.3859474909,0.036080465358961485,1945.8171741934177,LINEAR_ELASTIC,0.0
BAY-0066,1.3912875703262197,196114.78360540603,0.042093876252121736,2648.4733759854853,LINEAR_ELASTIC,0.0
BAY-0066,1.5900429375156797,224131.1812633212,0.048107287145281986,3459.230531899409,LINEAR_ELASTIC,0.0
BAY-0066,1.7887983047051395,252147.5789212363,0.05412069803844222,4378.088641935189,LINEAR_ELASTIC,0.0
BAY-0066,1.9875536718945994,280163.97657915147,0.060134108931602474,5405.047706092825,FIRST_NOMINAL_LIMIT_NO_CONTINUATION,0.0
BAY-0067,0.0,0.0,0.0,0.0,LINEAR_ELASTIC,0.0
BAY-0067,0.12074084871933229,17019.533505479973,0.008674054663300549,47.2228438079491,LINEAR_ELASTIC,0.0
BAY-0067,0.24148169743866457,34039.067010959945,0.017348109326601097,188.8913752317964,LINEAR_ELASTIC,0.0
BAY-0067,0.3622225461579969,51058.600516439925,0.026022163989901648,425.00559427154207,LINEAR_ELASTIC,0.0
BAY-0067,0.48296339487732914,68078.13402191989,0.034696218653202195,755.5655009271856,LINEAR_ELASTIC,0.0
BAY-0067,0.6037042435966614,85097.66752739986,0.04337027331650274,1180.5710951987273,LINEAR_ELASTIC,0.0
BAY-0067,0.7244450923159939,102117.20103287985,0.052044327979803295,1700.0223770861683,LINEAR_ELASTIC,0.0
BAY-0067,0.8451859410353261,119136.7345383598,0.06071838264310384,2313.9193465895064,LINEAR_ELASTIC,0.0
BAY-0067,0.9659267897546583,136156.26804383978,0.06939243730640439,3022.262003708742,LINEAR_ELASTIC,0.0
BAY-0067,1.0866676384739906,153175.80154931973,0.07806649196970493,3825.0503484438773,LINEAR_ELASTIC,0.0
BAY-0067,1.2074084871933228,170195.3350547997,0.08674054663300548,4722.284380794909,FIRST_NOMINAL_LIMIT_NO_CONTINUATION,0.0
BAY-0068,0.0,0.0,0.0,0.0,LINEAR_ELASTIC,0.0
BAY-0068,0.23781118597116932,33521.674649005465,0.007125695612522144,76.6064691719394,LINEAR_ELASTIC,0.0
BAY-0068,0.47562237194233864,67043.34929801093,0.014251391225044287,306.4258766877576,LINEAR_ELASTIC,0.0
BAY-0068,0.713433557913508,100565.0239470164,0.021377086837566433,689.4582225474547,LINEAR_ELASTIC,0.0
BAY-0068,0.9512447438846773,134086.69859602186,0.028502782450088575,1225.7035067510303,LINEAR_ELASTIC,0.0
BAY-0068,1.1890559298558465,167608.3732450273,0.03562847806261071,1915.1617292984847,LINEAR_ELASTIC,0.0
BAY-0068,1.426867115827016,201130.0478940328,0.042754173675132866,2757.832890189819,LINEAR_ELASTIC,0.0
BAY-0068,1.6646783017981852,234651.72254303822,0.049879869287655004,3753.71698942503,LINEAR_ELASTIC,0.0
BAY-0068,1.9024894877693546,268173.3971920437,0.05700556490017715,4902.814027004121,LINEAR_ELASTIC,0.0
BAY-0068,2.1403006737405237,301695.0718410491,0.06413126051269928,6205.12400292709,LINEAR_ELASTIC,0.0
BAY-0068,2.378111859711693,335216.7464900546,0.07125695612522143,7660.646917193939,FIRST_NOMINAL_LIMIT_NO_CONTINUATION,0.0
BAY-0069,0.0,0.0,0.0,0.0,LINEAR_ELASTIC,0.0
BAY-0069,0.14445003020357935,20361.560772462726,0.010419460245776325,67.87469851984176,LINEAR_ELASTIC,0.0
BAY-0069,0.2889000604071587,40723.12154492545,0.02083892049155265,271.49879407936703,LINEAR_ELASTIC,0.0
BAY-0069,0.43335009061073815,61084.682317388186,0.03125838073732898,610.8722866785762,LINEAR_ELASTIC,0.0
BAY-0069,0.5778001208143174,81446.2430898509,0.0416778409831053,1085.9951763174681,LINEAR_ELASTIC,0.0
BAY-0069,0.7222501510178968,101807.80386231364,0.05209730122888162,1696.8674629960444,LINEAR_ELASTIC,0.0
BAY-0069,0.8667001812214763,122169.36463477637,0.06251676147465796,2443.4891467143048,LINEAR_ELASTIC,0.0
BAY-0069,1.0111502114250557,142530.92540723912,0.07293622172043428,3325.860227472248,LINEAR_ELASTIC,0.0
BAY-0069,1.1556002416286348,162892.4861797018,0.0833556819662106,4343.9807052698725,LINEAR_ELASTIC,0.0
BAY-0069,1.3000502718322142,183254.04695216453,0.09377514221198692,5497.850580107183,LINEAR_ELASTIC,0.0
BAY-0069,1.4445003020357936,203615.60772462728,0.10419460245776324,6787.469851984178,FIRST_NOMINAL_LIMIT_NO_CONTINUATION,0.0
BAY-0070,0.0,0.0,0.0,0.0,LINEAR_ELASTIC,0.0
BAY-0070,0.19875536718945996,28016.39765791515,0.006013410893160248,54.050477060928266,LINEAR_ELASTIC,0.0
BAY-0070,0.3975107343789199,56032.7953158303,0.012026821786320497,216.20190824371306,LINEAR_ELASTIC,0.0
BAY-0070,0.5962661015683799,84049.19297374545,0.018040232679480742,486.4542935483544,LINEAR_ELASTIC,0.0
BAY-0070,0.7950214687578399,112065.5906316606,0.024053643572640993,864.8076329748523,LINEAR_ELASTIC,0.0
BAY-0070,0.9937768359472997,140081.98828957573,0.030067054465801237,1351.2619265232063,LINEAR_ELASTIC,0.0
BAY-0070,1.1925322031367598,168098.3859474909,0.036080465358961485,1945.8171741934177,LINEAR_ELASTIC,0.0
BAY-0070,1.3912875703262197,196114.78360540603,0.042093876252121736,2648.4733759854853,LINEAR_ELASTIC,0.0
BAY-0070,1.5900429375156797,224131.1812633212,0.048107287145281986,3459.230531899409,LINEAR_ELASTIC,0.0
BAY-0070,1.7887983047051395,252147.5789212363,0.05412069803844222,4378.088641935189,LINEAR_ELASTIC,0.0
BAY-0070,1.9875536718945994,280163.97657915147,0.060134108931602474,5405.047706092825,FIRST_NOMINAL_LIMIT_NO_CONTINUATION,0.0
BAY-0071,0.0,0.0,0.0,0.0,LINEAR_ELASTIC,0.0
BAY-0071,0.14445003020353314,20361.56077245621,0.010377328562709068,67.58945780045381,LINEAR_ELASTIC,0.0
BAY-0071,0.2889000604070663,40723.12154491242,0.020754657125418137,270.35783120181526,LINEAR_ELASTIC,0.0
BAY-0071,0.4333500906105995,61084.68231736864,0.031131985688127212,608.3051202040846,LINEAR_ELASTIC,0.0
BAY-0071,0.5778001208141326,81446.24308982484,0.041509314250836274,1081.431324807261,LINEAR_ELASTIC,0.0
BAY-0071,0.7222501510176657,101807.80386228106,0.05188664281354534,1689.7364450113455,LINEAR_ELASTIC,0.0
BAY-0071,0.866700181221199,122169.36463473729,0.062263971376254425,2433.2204808163383,LINEAR_ELASTIC,0.0
BAY-0071,1.011150211424732,142530.92540719348,0.07264129993896348,3311.8834322222365,LINEAR_ELASTIC,0.0
BAY-0071,1.1556002416282651,162892.48617964968,0.08301862850167255,4325.725299229044,LINEAR_ELASTIC,0.0
BAY-0071,1.300050271831798,183254.04695210588,0.09339595706438161,5474.746081836758,LINEAR_ELASTIC,0.0
BAY-0071,1.4445003020353313,203615.6077245621,0.10377328562709068,6758.945780045382,FIRST_NOMINAL_LIMIT_NO_CONTINUATION,0.0
BAY-0072,0.0,0.0,0.0,0.0,LINEAR_ELASTIC,0.0
BAY-0072,0.23781118597116932,33521.674649005465,0.007125695612522144,76.6064691719394,LINEAR_ELASTIC,0.0
BAY-0072,0.47562237194233864,67043.34929801093,0.014251391225044287,306.4258766877576,LINEAR_ELASTIC,0.0
BAY-0072,0.713433557913508,100565.0239470164,0.021377086837566433,689.4582225474547,LINEAR_ELASTIC,0.0
BAY-0072,0.9512447438846773,134086.69859602186,0.028502782450088575,1225.7035067510303,LINEAR_ELASTIC,0.0
BAY-0072,1.1890559298558465,167608.3732450273,0.03562847806261071,1915.1617292984847,LINEAR_ELASTIC,0.0
BAY-0072,1.426867115827016,201130.0478940328,0.042754173675132866,2757.832890189819,LINEAR_ELASTIC,0.0
BAY-0072,1.6646783017981852,234651.72254303822,0.049879869287655004,3753.71698942503,LINEAR_ELASTIC,0.0
BAY-0072,1.9024894877693546,268173.3971920437,0.05700556490017715,4902.814027004121,LINEAR_ELASTIC,0.0
BAY-0072,2.1403006737405237,301695.0718410491,0.06413126051269928,6205.12400292709,LINEAR_ELASTIC,0.0
BAY-0072,2.378111859711693,335216.7464900546,0.07125695612522143,7660.646917193939,FIRST_NOMINAL_LIMIT_NO_CONTINUATION,0.0
BAY-0073,0.0,0.0,0.0,0.0,LINEAR_ELASTIC,0.0
BAY-0073,0.10311702848678228,14535.29389540661,0.007807246457540948,36.30557616963539,LINEAR_ELASTIC,0.0
BAY-0073,0.20623405697356456,29070.58779081322,0.015614492915081896,145.22230467854155,LINEAR_ELASTIC,0.0
BAY-0073,0.3093510854603469,43605.88168621984,0.02342173937262285,326.7501855267186,LINEAR_ELASTIC,0.0
BAY-0073,0.4124681139471291,58141.17558162644,0.031228985830163793,580.8892187141662,LINEAR_ELASTIC,0.0
BAY-0073,0.5155851424339114,72676.46947703305,0.03903623228770474,907.6394042408847,LINEAR_ELASTIC,0.0
BAY-0073,0.6187021709206938,87211.76337243967,0.0468434787452457,1307.0007421068744,LINEAR_ELASTIC,0.0
BAY-0073,0.7218191994074761,101747.05726784629,0.054650725202786646,1778.9732323121345,LINEAR_ELASTIC,0.0
BAY-0073,0.8249362278942582,116282.35116325288,0.062457971660327585,2323.5568748566648,LINEAR_ELASTIC,0.0
BAY-0073,0.9280532563810405,130817.6450586595,0.07026521811786854,2940.7516697404662,LINEAR_ELASTIC,0.0
BAY-0073,1.0311702848678228,145352.9389540661,0.07807246457540948,3630.5576169635387,FIRST_NOMINAL_LIMIT_NO_CONTINUATION,0.0
BAY-0074,0.0,0.0,0.0,0.0,LINEAR_ELASTIC,0.0
BAY-0074,0.18935594746562642,26691.4629682997,0.0062324911567771,53.36136801877471,LINEAR_ELASTIC,0.0
BAY-0074,0.37871189493125285,53382.9259365994,0.0124649823135542,213.44547207509885,LINEAR_ELASTIC,0.0
BAY-0074,0.5680678423968794,80074.38890489911,0.0186974734703313,480.2523121689725,LINEAR_ELASTIC,0.0
BAY-0074,0.7574237898625057,106765.8518731988,0.0249299646271084,853.7818883003954,LINEAR_ELASTIC,0.0
BAY-0074,0.946779737328132,133457.3148414985,0.031162455783885493,1334.0342004693675,LINEAR_ELASTIC,0.0
BAY-0074,1.1361356847937587,160148.77780979822,0.0373949469406626,1921.00924867589,LINEAR_ELASTIC,0.0
BAY-0074,1.325491632259385,186840.2407780979,0.0436274380974397,2614.707032919961,LINEAR_ELASTIC,0.0
BAY-0074,1.5148475797250114,213531.7037463976,0.0498599292542168,3415.1275532015816,LINEAR_ELASTIC,0.0
BAY-0074,1.7042035271906377,240223.1667146973,0.05609242041099389,4322.270809520751,LINEAR_ELASTIC,0.0
BAY-0074,1.893559474656264,266914.629682997,0.06232491156777099,5336.13680187747,FIRST_NOMINAL_LIMIT_NO_CONTINUATION,0.0
BAY-0075,0.0,0.0,0.0,0.0,LINEAR_ELASTIC,0.0
BAY-0075,0.10311702848676173,14535.293895403713,0.00777567741023741,36.15300343060007,LINEAR_ELASTIC,0.0
BAY-0075,0.20623405697352346,29070.587790807425,0.01555135482047482,144.6120137224003,LINEAR_ELASTIC,0.0
BAY-0075,0.3093510854602852,43605.88168621115,0.023327032230712235,325.37703087540075,LINEAR_ELASTIC,0.0
BAY-0075,0.4124681139470469,58141.17558161485,0.03110270964094964,578.4480548896012,LINEAR_ELASTIC,0.0
BAY-0075,0.5155851424338086,72676.46947701856,0.03887838705118705,903.8250857650015,LINEAR_ELASTIC,0.0
BAY-0075,0.6187021709205704,87211.7633724223,0.04665406446142447,1301.508123501603,LINEAR_ELASTIC,0.0
BAY-0075,0.7218191994073321,101747.05726782599,0.05442974187166187,1771.4971680994036,LINEAR_ELASTIC,0.0
BAY-0075,0.8249362278940938,116282.3511632297,0.06220541928189928,2313.7922195584047,LINEAR_ELASTIC,0.0
BAY-0075,0.9280532563808555,130817.64505863341,0.06998109669213669,2928.393277878605,LINEAR_ELASTIC,0.0
BAY-0075,1.0311702848676172,145352.93895403712,0.0777567741023741,3615.300343060006,FIRST_NOMINAL_LIMIT_NO_CONTINUATION,0.0
BAY-0076,0.0,0.0,0.0,0.0,LINEAR_ELASTIC,0.0
BAY-0076,0.21632804011466847,30493.427584436944,0.0070540264715766385,68.97426711496809,LINEAR_ELASTIC,0.0
BAY-0076,0.43265608022933694,60986.85516887389,0.014108052943153277,275.89706845987234,LINEAR_ELASTIC,0.0
BAY-0076,0.6489841203440054,91480.28275331084,0.021162079414729914,620.7684040347128,LINEAR_ELASTIC,0.0
BAY-0076,0.8653121604586739,121973.71033774778,0.028216105886306554,1103.5882738394894,LINEAR_ELASTIC,0.0
BAY-0076,1.0816402005733423,152467.13792218472,0.03527013235788319,1724.3566778742022,LINEAR_ELASTIC,0.0
BAY-0076,1.2979682406880109,182960.56550662167,0.04232415882945983,2483.0736161388513,LINEAR_ELASTIC,0.0
BAY-0076,1.5142962808026794,213453.99309105863,0.04937818530103647,3379.739088633437,LINEAR_ELASTIC,0.0
BAY-0076,1.7306243209173477,243947.42067549555,0.05643221177261311,4414.3530953579575,LINEAR_ELASTIC,0.0
BAY-0076,1.9469523610320163,274440.84825993254,0.06348623824418975,5586.915636312416,LINEAR_ELASTIC,0.0
BAY-0076,2.1632804011466846,304934.27584436943,0.07054026471576638,6897.426711496809,FIRST_NOMINAL_LIMIT_NO_CONTINUATION,0.0
BAY-0077,0.0,0.0,0.0,0.0,LINEAR_ELASTIC,0.0
BAY-0077,0.13761878593480725,19398.634041785626,0.010419460245776297,64.66480895037333,LINEAR_ELASTIC,0.0
BAY-0077,0.2752375718696145,38797.26808357125,0.020838920491552594,258.6592358014933,LINEAR_ELASTIC,0.0
BAY-0077,0.4128563578044218,58195.902125356886,0.031258380737328895,581.9832805533601,LINEAR_ELASTIC,0.0
BAY-0077,0.550475143739229,77594.5361671425,0.04167784098310519,1034.6369432059732,LINEAR_ELASTIC,0.0
BAY-0077,0.6880939296740363,96993.17020892813,0.05209730122888149,1616.6202237593332,LINEAR_ELASTIC,0.0
BAY-0077,0.8257127156088436,116391.80425071377,0.06251676147465779,2327.9331222134406,LINEAR_ELASTIC,0.0
BAY-0077,0.9633315015436509,135790.4382924994,0.0729362217204341,3168.575638568294,LINEAR_ELASTIC,0.0
BAY-0077,1.100950287478458,155189.072334285,0.08335568196621038,4138.547772823893,LINEAR_ELASTIC,0.0
BAY-0077,1.2385690734132653,174587.70637607065,0.09377514221198668,5237.849524980239,LINEAR_ELASTIC,0.0
BAY-0077,1.3761878593480725,193986.34041785626,0.10419460245776298,6466.480895037333,FIRST_NOMINAL_LIMIT_NO_CONTINUATION,0.0
BAY-0078,0.0,0.0,0.0,0.0,LINEAR_ELASTIC,0.0
BAY-0078,0.18935594746562642,26691.4629682997,0.0062324911567771,53.36136801877471,LINEAR_ELASTIC,0.0
BAY-0078,0.37871189493125285,53382.9259365994,0.0124649823135542,213.44547207509885,LINEAR_ELASTIC,0.0
BAY-0078,0.5680678423968794,80074.38890489911,0.0186974734703313,480.2523121689725,LINEAR_ELASTIC,0.0
BAY-0078,0.7574237898625057,106765.8518731988,0.0249299646271084,853.7818883003954,LINEAR_ELASTIC,0.0
BAY-0078,0.946779737328132,133457.3148414985,0.031162455783885493,1334.0342004693675,LINEAR_ELASTIC,0.0
BAY-0078,1.1361356847937587,160148.77780979822,0.0373949469406626,1921.00924867589,LINEAR_ELASTIC,0.0
BAY-0078,1.325491632259385,186840.2407780979,0.0436274380974397,2614.707032919961,LINEAR_ELASTIC,0.0
BAY-0078,1.5148475797250114,213531.7037463976,0.0498599292542168,3415.1275532015816,LINEAR_ELASTIC,0.0
BAY-0078,1.7042035271906377,240223.1667146973,0.05609242041099389,4322.270809520751,LINEAR_ELASTIC,0.0
BAY-0078,1.893559474656264,266914.629682997,0.06232491156777099,5336.13680187747,FIRST_NOMINAL_LIMIT_NO_CONTINUATION,0.0
BAY-0079,0.0,0.0,0.0,0.0,LINEAR_ELASTIC,0.0
BAY-0079,0.1376187859347798,19398.63404178176,0.010377328562709147,64.39305766416165,LINEAR_ELASTIC,0.0
BAY-0079,0.2752375718695596,38797.26808356352,0.020754657125418293,257.5722306566466,LINEAR_ELASTIC,0.0
BAY-0079,0.4128563578043395,58195.90212534528,0.031131985688127445,579.5375189774551,LINEAR_ELASTIC,0.0
BAY-0079,0.5504751437391192,77594.53616712704,0.041509314250836586,1030.2889226265863,LINEAR_ELASTIC,0.0
BAY-0079,0.688093929673899,96993.17020890879,0.051886642813545734,1609.8264416040413,LINEAR_ELASTIC,0.0
BAY-0079,0.825712715608679,116391.80425069056,0.06226397137625489,2318.1500759098203,LINEAR_ELASTIC,0.0
BAY-0079,0.9633315015434587,135790.4382924723,0.07264129993896402,3155.259825543921,LINEAR_ELASTIC,0.0
BAY-0079,1.1009502874782384,155189.07233425407,0.08301862850167317,4121.155690506345,LINEAR_ELASTIC,0.0
BAY-0079,1.2385690734130184,174587.70637603584,0.09339595706438232,5215.837670797095,LINEAR_ELASTIC,0.0
BAY-0079,1.376187859347798,193986.34041781758,0.10377328562709147,6439.305766416165,FIRST_NOMINAL_LIMIT_NO_CONTINUATION,0.0
BAY-0080,0.0,0.0,0.0,0.0,LINEAR_ELASTIC,0.0
BAY-0080,0.22656476186914898,31936.387698885443,0.007387825576861342,75.65649041115331,LINEAR_ELASTIC,0.0
BAY-0080,0.45312952373829796,63872.775397770885,0.014775651153722685,302.62596164461326,LINEAR_ELASTIC,0.0
BAY-0080,0.6796942856074469,95809.16309665634,0.02216347673058403,680.9084137003799,LINEAR_ELASTIC,0.0
BAY-0080,0.9062590474765959,127745.55079554177,0.02955130230744537,1210.503846578453,LINEAR_ELASTIC,0.0
BAY-0080,1.1328238093457448,159681.93849442722,0.036939127884306706,1891.4122602788325,LINEAR_ELASTIC,0.0
BAY-0080,1.3593885712148939,191618.32619331268,0.04432695346116806,2723.6336548015197,LINEAR_ELASTIC,0.0
BAY-0080,1.5859533330840427,223554.7138921981,0.051714779038029395,3707.1680301465117,LINEAR_ELASTIC,0.0
BAY-0080,1.8125180949531918,255491.10159108354,0.05910260461489074,4842.015386313812,LINEAR_ELASTIC,0.0
BAY-0080,2.0390828568223407,287427.489289969,0.06649043019175208,6128.175723303419,LINEAR_ELASTIC,0.0
BAY-0080,2.2656476186914896,319363.87698885443,0.07387825576861341,7565.64904111533,FIRST_NOMINAL_LIMIT_NO_CONTINUATION,0.0
BAY-0081,0.0,0.0,0.0,0.0,LINEAR_ELASTIC,0.0
BAY-0081,0.08599809346375076,12122.222500820915,0.007113411813074366,27.587467190125544,LINEAR_ELASTIC,0.0
BAY-0081,0.17199618692750152,24244.44500164183,0.014226823626148731,110.34986876050218,LINEAR_ELASTIC,0.0
BAY-0081,0.2579942803912523,36366.66750246275,0.021340235439223098,248.2872047111299,LINEAR_ELASTIC,0.0
BAY-0081,0.34399237385500303,48488.89000328366,0.028453647252297463,441.3994750420087,LINEAR_ELASTIC,0.0
BAY-0081,0.42999046731875373,60611.112504104574,0.035567059065371824,689.6866797531384,LINEAR_ELASTIC,0.0
BAY-0081,0.5159885607825045,72733.3350049255,0.042680470878446196,993.1488188445196,LINEAR_ELASTIC,0.0
BAY-0081,0.6019866542462553,84855.55750574642,0.04979388269152056,1351.7858923161516,LINEAR_ELASTIC,0.0
BAY-0081,0.6879847477100061,96977.78000656732,0.056907294504594925,1765.5979001680348,LINEAR_ELASTIC,0.0
BAY-0081,0.7739828411737567,109100.00250738823,0.06402070631766929,2234.5848424001683,LINEAR_ELASTIC,0.0
BAY-0081,0.8599809346375075,121222.22500820915,0.07113411813074365,2758.7467190125535,FIRST_NOMINAL_LIMIT_NO_CONTINUATION,0.0
BAY-0082,0.0,0.0,0.0,0.0,LINEAR_ELASTIC,0.0
BAY-0082,0.17332344862472254,24431.53474936179,0.006727219455797636,52.70246661712067,LINEAR_ELASTIC,0.0
BAY-0082,0.3466468972494451,48863.06949872358,0.013454438911595272,210.80986646848268,LINEAR_ELASTIC,0.0
BAY-0082,0.5199703458741677,73294.60424808538,0.02018165836739291,474.3221995540861,LINEAR_ELASTIC,0.0
BAY-0082,0.6932937944988902,97726.13899744715,0.026908877823190545,843.2394658739307,LINEAR_ELASTIC,0.0
BAY-0082,0.8666172431236127,122157.67374680894,0.033636097278988177,1317.5616654280166,LINEAR_ELASTIC,0.0
BAY-0082,1.0399406917483354,146589.20849617076,0.04036331673478582,1897.2887982163445,LINEAR_ELASTIC,0.0
BAY-0082,1.2132641403730577,171020.74324553253,0.04709053619058345,2582.4208642389126,LINEAR_ELASTIC,0.0
BAY-0082,1.3865875889977803,195452.2779948943,0.05381775564638109,3372.957863495723,LINEAR_ELASTIC,0.0
BAY-0082,1.5599110376225027,219883.81274425608,0.06054497510217872,4268.899795986773,LINEAR_ELASTIC,0.0
BAY-0082,1.7332344862472253,244315.34749361788,0.06727219455797635,5270.246661712066,FIRST_NOMINAL_LIMIT_NO_CONTINUATION,0.0
BAY-0083,0.0,0.0,0.0,0.0,LINEAR_ELASTIC,0.0
BAY-0083,0.08599809346376716,12122.222500823229,0.007084648325814829,27.47153195713406,LINEAR_ELASTIC,0.0
BAY-0083,0.17199618692753432,24244.445001646458,0.014169296651629658,109.88612782853625,LINEAR_ELASTIC,0.0
BAY-0083,0.2579942803913015,36366.66750246969,0.02125394497744449,247.24378761420664,LINEAR_ELASTIC,0.0
BAY-0083,0.34399237385506864,48488.890003292916,0.028338593303259316,439.544511314145,LINEAR_ELASTIC,0.0
BAY-0083,0.4299904673188358,60611.112504116136,0.03542324162907414,686.7882989283514,LINEAR_ELASTIC,0.0
BAY-0083,0.515988560782603,72733.33500493938,0.04250788995488898,988.9751504568266,LINEAR_ELASTIC,0.0
BAY-0083,0.6019866542463701,84855.5575057626,0.0495925382807038,1346.105065899569,LINEAR_ELASTIC,0.0
BAY-0083,0.6879847477101373,96977.78000658583,0.05667718660651863,1758.17804525658,LINEAR_ELASTIC,0.0
BAY-0083,0.7739828411739044,109100.00250740904,0.06376183493233345,2225.1940885278586,LINEAR_ELASTIC,0.0
BAY-0083,0.8599809346376716,121222.22500823227,0.07084648325814828,2747.1531957134057,FIRST_NOMINAL_LIMIT_NO_CONTINUATION,0.0
BAY-0084,0.0,0.0,0.0,0.0,LINEAR_ELASTIC,0.0
BAY-0084,0.18041442122240542,25431.072577634324,0.006942099455537492,56.592736397846174,LINEAR_ELASTIC,0.0
BAY-0084,0.36082884244481084,50862.14515526865,0.013884198911074983,226.3709455913847,LINEAR_ELASTIC,0.0
BAY-0084,0.5412432636672163,76293.21773290298,0.020826298366612477,509.33462758061563,LINEAR_ELASTIC,0.0
BAY-0084,0.7216576848896217,101724.2903105373,0.027768397822149966,905.4837823655388,LINEAR_ELASTIC,0.0
BAY-0084,0.902072106112027,127155.36288817161,0.034710497277687456,1414.8184099461541,LINEAR_ELASTIC,0.0
BAY-0084,1.0824865273344326,152586.43546580596,0.04165259673322495,2037.3385103224625,LINEAR_ELASTIC,0.0
BAY-0084,1.2629009485568379,178017.50804344026,0.04859469618876244,2773.044083494462,LINEAR_ELASTIC,0.0
BAY-0084,1.4433153697792434,203448.5806210746,0.05553679564429993,3621.935129462155,LINEAR_ELASTIC,0.0
BAY-0084,1.6237297910016486,228879.6531987089,0.06247889509983742,4584.011648225539,LINEAR_ELASTIC,0.0
BAY-0084,1.804144212224054,254310.72577634323,0.06942099455537491,5659.2736397846165,FIRST_NOMINAL_LIMIT_NO_CONTINUATION,0.0
BAY-0085,0.0,0.0,0.0,0.0,LINEAR_ELASTIC,0.0
BAY-0085,0.11944179647743158,16836.420140029048,0.009879738629269951,53.21656479576684,LINEAR_ELASTIC,0.0
BAY-0085,0.23888359295486317,33672.840280058095,0.019759477258539902,212.86625918306737,LINEAR_ELASTIC,0.0
BAY-0085,0.3583253894322948,50509.26042008715,0.029639215887809857,478.94908316190174,LINEAR_ELASTIC,0.0
BAY-0085,0.47776718590972633,67345.68056011619,0.039518954517079805,851.4650367322695,LINEAR_ELASTIC,0.0
BAY-0085,0.5972089823871579,84182.10070014524,0.04939869314634975,1330.4141198941713,LINEAR_ELASTIC,0.0
BAY-0085,0.7166507788645896,101018.5208401743,0.059278431775619714,1915.796332647607,LINEAR_ELASTIC,0.0
BAY-0085,0.8360925753420212,117854.94098020335,0.06915817040488967,2607.6116749925764,LINEAR_ELASTIC,0.0
BAY-0085,0.9555343718194527,134691.36112023238,0.07903790903415961,3405.860146929078,LINEAR_ELASTIC,0.0
BAY-0085,1.0749761682968844,151527.78126026143,0.08891764766342956,4310.541748457115,LINEAR_ELASTIC,0.0
BAY-0085,1.1944179647743158,168364.20140029048,0.0987973862926995,5321.656479576685,FIRST_NOMINAL_LIMIT_NO_CONTINUATION,0.0
BAY-0086,0.0,0.0,0.0,0.0,LINEAR_ELASTIC,0.0
BAY-0086,0.17332344862472254,24431.53474936179,0.006727219455797636,52.70246661712067,LINEAR_ELASTIC,0.0
BAY-0086,0.3466468972494451,48863.06949872358,0.013454438911595272,210.80986646848268,LINEAR_ELASTIC,0.0
BAY-0086,0.5199703458741677,73294.60424808538,0.02018165836739291,474.3221995540861,LINEAR_ELASTIC,0.0
BAY-0086,0.6932937944988902,97726.13899744715,0.026908877823190545,843.2394658739307,LINEAR_ELASTIC,0.0
BAY-0086,0.8666172431236127,122157.67374680894,0.033636097278988177,1317.5616654280166,LINEAR_ELASTIC,0.0
BAY-0086,1.0399406917483354,146589.20849617076,0.04036331673478582,1897.2887982163445,LINEAR_ELASTIC,0.0
BAY-0086,1.2132641403730577,171020.74324553253,0.04709053619058345,2582.4208642389126,LINEAR_ELASTIC,0.0
BAY-0086,1.3865875889977803,195452.2779948943,0.05381775564638109,3372.957863495723,LINEAR_ELASTIC,0.0
BAY-0086,1.5599110376225027,219883.81274425608,0.06054497510217872,4268.899795986773,LINEAR_ELASTIC,0.0
BAY-0086,1.7332344862472253,244315.34749361788,0.06727219455797635,5270.246661712066,FIRST_NOMINAL_LIMIT_NO_CONTINUATION,0.0
BAY-0087,0.0,0.0,0.0,0.0,LINEAR_ELASTIC,0.0
BAY-0087,0.11944179647745437,16836.42014003226,0.009839789341409482,52.992924300027106,LINEAR_ELASTIC,0.0
BAY-0087,0.23888359295490874,33672.84028006452,0.019679578682818964,211.97169720010842,LINEAR_ELASTIC,0.0
BAY-0087,0.35832538943236314,50509.260420096776,0.02951936802422845,476.93631870024404,LINEAR_ELASTIC,0.0
BAY-0087,0.4777671859098175,67345.68056012904,0.03935915736563793,847.8867888004337,LINEAR_ELASTIC,0.0
BAY-0087,0.5972089823872718,84182.10070016129,0.049198946707047414,1324.8231075006777,LINEAR_ELASTIC,0.0
BAY-0087,0.7166507788647263,101018.52084019355,0.0590387360484569,1907.7452748009762,LINEAR_ELASTIC,0.0
BAY-0087,0.8360925753421806,117854.94098022582,0.06887852538986639,2596.6532907013284,LINEAR_ELASTIC,0.0
BAY-0087,0.955534371819635,134691.36112025808,0.07871831473127586,3391.5471552017348,LINEAR_ELASTIC,0.0
BAY-0087,1.0749761682970893,151527.78126029033,0.08855810407268534,4292.4268683021955,LINEAR_ELASTIC,0.0
BAY-0087,1.1944179647745437,168364.20140032258,0.09839789341409483,5299.292430002711,FIRST_NOMINAL_LIMIT_NO_CONTINUATION,0.0
BAY-0088,0.0,0.0,0.0,0.0,LINEAR_ELASTIC,0.0
BAY-0088,0.20738184561709772,29232.37916037061,0.007979768955232633,74.77555845453935,LINEAR_ELASTIC,0.0
BAY-0088,0.41476369123419543,58464.75832074122,0.015959537910465265,299.1022338181574,LINEAR_ELASTIC,0.0
BAY-0088,0.6221455368512933,87697.13748111184,0.023939306865697903,672.9800260908545,LINEAR_ELASTIC,0.0
BAY-0088,0.8295273824683909,116929.51664148243,0.03191907582093053,1196.4089352726296,LINEAR_ELASTIC,0.0
BAY-0088,1.0369092280854886,146161.89580185304,0.039898844776163164,1869.3889613634838,LINEAR_ELASTIC,0.0
BAY-0088,1.2442910737025865,175394.2749622237,0.047878613731395805,2691.920104363418,LINEAR_ELASTIC,0.0
BAY-0088,1.4516729193196842,204626.65412259428,0.05585838268662844,3664.002364272429,LINEAR_ELASTIC,0.0
BAY-0088,1.6590547649367817,233859.03328296487,0.06383815164186106,4785.635741090518,LINEAR_ELASTIC,0.0
BAY-0088,1.8664366105538794,263091.41244333546,0.0718179205970937,6056.820234817688,LINEAR_ELASTIC,0.0
BAY-0088,2.073818456170977,292323.7916037061,0.07979768955232633,7477.555845453935,FIRST_NOMINAL_LIMIT_NO_CONTINUATION,0.0
BAY-0089,0.0,0.0,0.0,0.0,LINEAR_ELASTIC,0.0
BAY-0089,0.0567525897837397,7999.799683306878,0.005481109964612438,14.028112955634287,LINEAR_ELASTIC,0.0
BAY-0089,0.1135051795674794,15999.599366613757,0.010962219929224876,56.112451822537146,LINEAR_ELASTIC,0.0
BAY-0089,0.1702577693512191,23999.399049920637,0.016443329893837316,126.2530166007086,LINEAR_ELASTIC,0.0
BAY-0089,0.2270103591349588,31999.198733227513,0.021924439858449753,224.44980729014858,LINEAR_ELASTIC,0.0
BAY-0089,0.28376294891869847,39998.998416534385,0.027405549823062186,350.7028238908571,LINEAR_ELASTIC,0.0
BAY-0089,0.3405155387024382,47998.798099841275,0.03288665978767463,505.0120664028344,LINEAR_ELASTIC,0.0
BAY-0089,0.3972681284861779,55998.59778314814,0.03836776975228706,687.37753482608,LINEAR_ELASTIC,0.0
BAY-0089,0.4540207182699176,63998.397466455026,0.043848879716899505,897.7992291605943,LINEAR_ELASTIC,0.0
BAY-0089,0.5107733080536573,71998.19714976191,0.04932998968151194,1136.2771494063772,LINEAR_ELASTIC,0.0
BAY-0089,0.5675258978373969,79997.99683306877,0.05481109964612437,1402.8112955634283,FIRST_NOMINAL_LIMIT_NO_CONTINUATION,0.0
BAY-0090,0.0,0.0,0.0,0.0,LINEAR_ELASTIC,0.0
BAY-0090,0.11906061200092113,16782.688680969826,0.00672357609955402,36.15240714573503,LINEAR_ELASTIC,0.0
BAY-0090,0.23812122400184227,33565.37736193965,0.01344715219910804,144.60962858294013,LINEAR_ELASTIC,0.0
BAY-0090,0.35718183600276343,50348.06604290948,0.02017072829866206,325.37166431161535,LINEAR_ELASTIC,0.0
BAY-0090,0.47624244800368454,67130.7547238793,0.02689430439821608,578.4385143317605,LINEAR_ELASTIC,0.0
BAY-0090,0.5953030600046056,83913.44340484912,0.0336178804977701,903.8101786433758,LINEAR_ELASTIC,0.0
BAY-0090,0.7143636720055269,100696.13208581896,0.04034145659732412,1301.4866572464614,LINEAR_ELASTIC,0.0
BAY-0090,0.833424284006448,117478.82076678878,0.04706503269687814,1771.4679501410167,LINEAR_ELASTIC,0.0
BAY-0090,0.9524848960073691,134261.5094477586,0.05378860879643216,2313.754057327042,LINEAR_ELASTIC,0.0
BAY-0090,1.0715455080082903,151044.19812872843,0.06051218489598618,2928.3449788045386,LINEAR_ELASTIC,0.0
BAY-0090,1.1906061200092113,167826.88680969825,0.0672357609955402,3615.2407145735033,FIRST_NOMINAL_LIMIT_NO_CONTINUATION,0.0
BAY-0091,0.0,0.0,0.0,0.0,LINEAR_ELASTIC,0.0
BAY-0091,0.056752589783764684,7999.7996833104,0.005458946783177288,13.96916036920248,LINEAR_ELASTIC,0.0
BAY-0091,0.11350517956752937,15999.5993666208,0.010917893566354576,55.87664147680992,LINEAR_ELASTIC,0.0
BAY-0091,0.17025776935129408,23999.399049931206,0.016376840349531865,125.72244332282237,LINEAR_ELASTIC,0.0
BAY-0091,0.22701035913505874,31999.1987332416,0.02183578713270915,223.5065659072397,LINEAR_ELASTIC,0.0
BAY-0091,0.2837629489188234,39998.998416552,0.027294733915886438,349.229009230062,LINEAR_ELASTIC,0.0
BAY-0091,0.34051553870258816,47998.79809986241,0.03275368069906373,502.8897732912895,LINEAR_ELASTIC,0.0
BAY-0091,0.39726812848635285,55998.59778317281,0.03821262748224102,684.4888580909218,LINEAR_ELASTIC,0.0
BAY-0091,0.4540207182701175,63998.3974664832,0.0436715742654183,894.0262636289588,LINEAR_ELASTIC,0.0
BAY-0091,0.5107733080538822,71998.1971497936,0.049130521048595596,1131.5019899054012,LINEAR_ELASTIC,0.0
BAY-0091,0.5675258978376468,79997.996833104,0.054589467831772875,1396.916036920248,FIRST_NOMINAL_LIMIT_NO_CONTINUATION,0.0
BAY-0092,0.0,0.0,0.0,0.0,LINEAR_ELASTIC,0.0
BAY-0092,0.1190606120009369,16782.68868097205,0.006677080213540379,35.89294875741415,LINEAR_ELASTIC,0.0
BAY-0092,0.2381212240018738,33565.3773619441,0.013354160427080758,143.5717950296566,LINEAR_ELASTIC,0.0
BAY-0092,0.3571818360028107,50348.06604291614,0.020031240640621138,323.03653881672744,LINEAR_ELASTIC,0.0
BAY-0092,0.4762424480037476,67130.7547238882,0.026708320854161516,574.2871801186265,LINEAR_ELASTIC,0.0
BAY-0092,0.5953030600046845,83913.44340486023,0.033385401067701895,897.3237189353539,LINEAR_ELASTIC,0.0
BAY-0092,0.7143636720056215,100696.13208583229,0.040062481281242276,1292.1461552669098,LINEAR_ELASTIC,0.0
BAY-0092,0.8334242840065583,117478.82076680433,0.04673956149478265,1758.7544891132939,LINEAR_ELASTIC,0.0
BAY-0092,0.9524848960074952,134261.5094477764,0.05341664170832303,2297.148720474506,LINEAR_ELASTIC,0.0
BAY-0092,1.0715455080084322,151044.19812874845,0.060093721921863415,2907.328849350547,LINEAR_ELASTIC,0.0
BAY-0092,1.190606120009369,167826.88680972045,0.06677080213540379,3589.2948757414156,FIRST_NOMINAL_LIMIT_NO_CONTINUATION,0.0
BAY-0093,0.0,0.0,0.0,0.0,LINEAR_ELASTIC,0.0
BAY-0093,0.07882304136630514,11110.832893481775,0.007612652728628386,27.060403077998238,LINEAR_ELASTIC,0.0
BAY-0093,0.15764608273261027,22221.66578696355,0.015225305457256772,108.24161231199295,LINEAR_ELASTIC,0.0
BAY-0093,0.2364691240989154,33332.49868044532,0.022837958185885156,243.54362770198415,LINEAR_ELASTIC,0.0
BAY-0093,0.31529216546522054,44443.3315739271,0.030450610914513544,432.9664492479718,LINEAR_ELASTIC,0.0
BAY-0093,0.3941152068315256,55554.16446740887,0.03806326364314192,676.5100769499558,LINEAR_ELASTIC,0.0
BAY-0093,0.4729382481978308,66664.99736089064,0.04567591637177031,974.1745108079366,LINEAR_ELASTIC,0.0
BAY-0093,0.551761289564136,77775.83025437243,0.053288569100398704,1325.9597508219135,LINEAR_ELASTIC,0.0
BAY-0093,0.6305843309304411,88886.6631478542,0.06090122182902709,1731.8657969918872,LINEAR_ELASTIC,0.0
BAY-0093,0.7094073722967461,99997.49604133597,0.06851387455765547,2191.8926493178565,LINEAR_ELASTIC,0.0
BAY-0093,0.7882304136630512,111108.32893481773,0.07612652728628384,2706.040307799823,FIRST_NOMINAL_LIMIT_NO_CONTINUATION,0.0
BAY-0094,0.0,0.0,0.0,0.0,LINEAR_ELASTIC,0.0
BAY-0094,0.14844433189748318,20924.59434586767,0.00838292988156705,56.19895459965179,LINEAR_ELASTIC,0.0
BAY-0094,0.29688866379496637,41849.18869173534,0.0167658597631341,224.79581839860717,LINEAR_ELASTIC,0.0
BAY-0094,0.4453329956924496,62773.783037603025,0.025148789644701155,505.79059139686626,LINEAR_ELASTIC,0.0
BAY-0094,0.5937773275899327,83698.37738347068,0.0335317195262682,899.1832735944287,LINEAR_ELASTIC,0.0
BAY-0094,0.7422216594874159,104622.97172933836,0.04191464940783525,1404.973864991295,LINEAR_ELASTIC,0.0
BAY-0094,0.8906659913848992,125547.56607520605,0.05029757928940231,2023.162365587465,LINEAR_ELASTIC,0.0
BAY-0094,1.0391103232823824,146472.16042107373,0.058680509170969355,2753.7487753829387,LINEAR_ELASTIC,0.0
BAY-0094,1.1875546551798655,167396.75476694136,0.0670634390525364,3596.7330943777147,LINEAR_ELASTIC,0.0
BAY-0094,1.3359989870773488,188321.34911280905,0.07544636893410346,4552.115322571796,LINEAR_ELASTIC,0.0
BAY-0094,1.4844433189748318,209245.94345867672,0.0838292988156705,5619.89545996518,FIRST_NOMINAL_LIMIT_NO_CONTINUATION,0.0
BAY-0095,0.0,0.0,0.0,0.0,LINEAR_ELASTIC,0.0
BAY-0095,0.07882304136633984,11110.832893486668,0.007581870532190678,26.946682810961576,LINEAR_ELASTIC,0.0
BAY-0095,0.1576460827326797,22221.665786973335,0.015163741064381356,107.7867312438463,LINEAR_ELASTIC,0.0
BAY-0095,0.23646912409901955,33332.498680460005,0.022745611596572034,242.52014529865423,LINEAR_ELASTIC,0.0
BAY-0095,0.3152921654653594,44443.33157394667,0.03032748212876271,431.1469249753852,LINEAR_ELASTIC,0.0
BAY-0095,0.3941152068316992,55554.16446743334,0.03790935266095339,673.6670702740395,LINEAR_ELASTIC,0.0
BAY-0095,0.4729382481980391,66664.99736092001,0.04549122319314407,970.0805811946169,LINEAR_ELASTIC,0.0
BAY-0095,0.551761289564379,77775.83025440668,0.05307309372533475,1320.3874577371178,LINEAR_ELASTIC,0.0
BAY-0095,0.6305843309307188,88886.66314789334,0.06065496425752542,1724.5876999015409,LINEAR_ELASTIC,0.0
BAY-0095,0.7094073722970586,99997.49604138001,0.06823683478971611,2182.681307687888,LINEAR_ELASTIC,0.0
BAY-0095,0.7882304136633984,111108.32893486667,0.07581870532190678,2694.668281096158,FIRST_NOMINAL_LIMIT_NO_CONTINUATION,0.0
BAY-0096,0.0,0.0,0.0,0.0,LINEAR_ELASTIC,0.0
BAY-0096,0.16536196111241241,23309.289834683408,0.009273722518806085,69.23794127587612,LINEAR_ELASTIC,0.0
BAY-0096,0.33072392222482483,46618.579669366816,0.01854744503761217,276.9517651035045,LINEAR_ELASTIC,0.0
BAY-0096,0.49608588333723724,69927.86950405022,0.027821167556418253,623.1414714828851,LINEAR_ELASTIC,0.0
BAY-0096,0.6614478444496497,93237.15933873363,0.03709489007522434,1107.807060414018,LINEAR_ELASTIC,0.0
BAY-0096,0.826809805562062,116546.44917341702,0.04636861259403042,1730.9485318969025,LINEAR_ELASTIC,0.0
BAY-0096,0.9921717666744745,139855.73900810044,0.055642335112836505,2492.5658859315404,LINEAR_ELASTIC,0.0
BAY-0096,1.157533727786887,163165.02884278385,0.0649160576316426,3392.65912251793,LINEAR_ELASTIC,0.0
BAY-0096,1.3228956888992993,186474.31867746726,0.07418978015044868,4431.228241656072,LINEAR_ELASTIC,0.0
BAY-0096,1.4882576500117115,209783.60851215062,0.08346350266925474,5608.273243345964,LINEAR_ELASTIC,0.0
BAY-0096,1.653619611124124,233092.89834683403,0.09273722518806084,6923.79412758761,FIRST_NOMINAL_LIMIT_NO_CONTINUATION,0.0
BAY-0097,0.0,0.0,0.0,0.0,LINEAR_ELASTIC,0.0
BAY-0097,0.33033509796894395,28277.858314977504,0.0034901595421008725,31.54311406020276,LINEAR_ELASTIC,0.0
BAY-0097,0.6606701959378879,56555.71662995501,0.006980319084201745,126.17245624081104,LINEAR_ELASTIC,0.0
BAY-0097,0.991005293906832,84833.57494493252,0.01047047862630262,283.88802654182496,LINEAR_ELASTIC,0.0
BAY-0097,1.3213403918757758,113111.43325991002,0.01396063816840349,504.6898249632442,LINEAR_ELASTIC,0.0
BAY-0097,1.6516754898447197,141389.29157488752,0.01745079771050436,788.577851505069,LINEAR_ELASTIC,0.0
BAY-0097,1.982010587813664,169667.14988986505,0.02094095725260524,1135.5521061672998,LINEAR_ELASTIC,0.0
BAY-0097,2.3123456857826077,197945.00820484254,0.02443111679470611,1545.6125889499353,LINEAR_ELASTIC,0.0
BAY-0097,2.6426807837515516,226222.86651982003,0.02792127633680698,2018.7592998529767,LINEAR_ELASTIC,0.0
BAY-0097,2.9730158817204955,254500.72483479755,0.03141143587890785,2554.9922388764235,LINEAR_ELASTIC,0.0
BAY-0097,3.3033509796894394,282778.58314977505,0.03490159542100872,3154.311406020276,FIRST_NOMINAL_LIMIT_NO_CONTINUATION,0.0
BAY-0098,0.0,0.0,0.0,0.0,LINEAR_ELASTIC,0.0
BAY-0098,0.33579815740970964,28745.5156174625,0.0016488517920921534,15.235852525249324,LINEAR_ELASTIC,0.0
BAY-0098,0.6715963148194193,57491.031234925,0.0032977035841843068,60.9434101009973,LINEAR_ELASTIC,0.0
BAY-0098,1.007394472229129,86236.5468523875,0.0049465553762764606,137.12267272724395,LINEAR_ELASTIC,0.0
BAY-0098,1.3431926296388386,114982.06246985,0.0065954071683686135,243.7736404039892,LINEAR_ELASTIC,0.0
BAY-0098,1.678990787048548,143727.5780873125,0.008244258960460767,380.89631313123306,LINEAR_ELASTIC,0.0
BAY-0098,2.014788944458258,172473.093704775,0.009893110752552921,548.4906909089758,LINEAR_ELASTIC,0.0
BAY-0098,2.3505871018679674,201218.6093222375,0.011541962544645073,746.5567737372169,LINEAR_ELASTIC,0.0
BAY-0098,2.686385259277677,229964.1249397,0.013190814336737227,975.0945616159568,LINEAR_ELASTIC,0.0
BAY-0098,3.0221834166873864,258709.64055716246,0.014839666128829379,1234.1040545451951,LINEAR_ELASTIC,0.0
BAY-0098,3.357981574097096,287455.156174625,0.016488517920921535,1523.5852525249322,FIRST_NOMINAL_LIMIT_NO_CONTINUATION,0.0
BAY-0099,0.0,0.0,0.0,0.0,LINEAR_ELASTIC,0.0
BAY-0099,0.3303350979689279,28277.858314976133,0.0034546986330787387,31.21118240689288,LINEAR_ELASTIC,0.0
BAY-0099,0.6606701959378558,56555.716629952265,0.006909397266157477,124.84472962757152,LINEAR_ELASTIC,0.0
BAY-0099,0.9910052939067838,84833.5749449284,0.010364095899236219,280.90064166203604,LINEAR_ELASTIC,0.0
BAY-0099,1.3213403918757116,113111.43325990453,0.013818794532314955,499.3789185102861,LINEAR_ELASTIC,0.0
BAY-0099,1.6516754898446395,141389.29157488066,0.017273493165393696,780.279560172322,LINEAR_ELASTIC,0.0
BAY-0099,1.9820105878135676,169667.1498898568,0.020728191798472437,1123.6025666481441,LINEAR_ELASTIC,0.0
BAY-0099,2.3123456857824953,197945.00820483294,0.024182890431551172,1529.3479379377513,LINEAR_ELASTIC,0.0
BAY-0099,2.6426807837514232,226222.86651980906,0.02763758906462991,1997.5156740411444,LINEAR_ELASTIC,0.0
BAY-0099,2.973015881720351,254500.7248347852,0.03109228769770865,2528.1057749583238,LINEAR_ELASTIC,0.0
BAY-0099,3.303350979689279,282778.5831497613,0.03454698633078739,3121.118240689288,FIRST_NOMINAL_LIMIT_NO_CONTINUATION,0.0
BAY-0100,0.0,0.0,0.0,0.0,LINEAR_ELASTIC,0.0
BAY-0100,0.40178315277598664,34394.06571508927,0.0019297236616340988,21.32085793417566,LINEAR_ELASTIC,0.0
BAY-0100,0.8035663055519733,68788.13143017855,0.0038594473232681976,85.28343173670264,LINEAR_ELASTIC,0.0
BAY-0100,1.20534945832796,103182.19714526783,0.005789170984902297,191.88772140758095,LINEAR_ELASTIC,0.0
BAY-0100,1.6071326111039466,137576.2628603571,0.007718894646536395,341.13372694681055,LINEAR_ELASTIC,0.0
BAY-0100,2.008915763879933,171970.32857544636,0.009648618308170494,533.0214483543914,LINEAR_ELASTIC,0.0
BAY-0100,2.41069891665592,206364.39429053565,0.011578341969804593,767.5508856303238,LINEAR_ELASTIC,0.0
BAY-0100,2.8124820694319066,240758.46000562492,0.013508065631438693,1044.7220387746074,LINEAR_ELASTIC,0.0
BAY-0100,3.214265222207893,275152.5257207142,0.01543778929307279,1364.5349077872422,LINEAR_ELASTIC,0.0
BAY-0100,3.6160483749838797,309546.59143580345,0.017367512954706888,1726.989492668228,LINEAR_ELASTIC,0.0
BAY-0100,4.017831527759866,343940.6571508927,0.019297236616340988,2132.0857934175656,FIRST_NOMINAL_LIMIT_NO_CONTINUATION,0.0
BAY-0101,0.0,0.0,0.0,0.0,LINEAR_ELASTIC,0.0
BAY-0101,0.3357981574097146,28745.515617462923,0.003547879563840925,32.59505696382157,LINEAR_ELASTIC,0.0
BAY-0101,0.6715963148194292,57491.031234925846,0.00709575912768185,130.38022785528628,LINEAR_ELASTIC,0.0
BAY-0101,1.0073944722291437,86236.54685238877,0.010643638691522775,293.3555126743941,LINEAR_ELASTIC,0.0
BAY-0101,1.3431926296388583,114982.06246985169,0.0141915182553637,521.5209114211451,LINEAR_ELASTIC,0.0
BAY-0101,1.6789907870485727,143727.57808731458,0.017739397819204625,814.876424095539,LINEAR_ELASTIC,0.0
BAY-0101,2.0147889444582874,172473.09370477754,0.02128727738304555,1173.4220506975764,LINEAR_ELASTIC,0.0
BAY-0101,2.350587101868002,201218.60932224046,0.024835156946886476,1597.1577912272567,LINEAR_ELASTIC,0.0
BAY-0101,2.6863852592777167,229964.12493970338,0.0283830365107274,2086.0836456845805,LINEAR_ELASTIC,0.0
BAY-0101,3.022183416687431,258709.64055716628,0.03193091607456832,2640.1996140695464,LINEAR_ELASTIC,0.0
BAY-0101,3.3579815740971455,287455.15617462917,0.03547879563840925,3259.505696382156,FIRST_NOMINAL_LIMIT_NO_CONTINUATION,0.0
BAY-0102,0.0,0.0,0.0,0.0,LINEAR_ELASTIC,0.0
BAY-0102,0.33579815740970964,28745.5156174625,0.0016488517920921534,15.235852525249324,LINEAR_ELASTIC,0.0
BAY-0102,0.6715963148194193,57491.031234925,0.0032977035841843068,60.9434101009973,LINEAR_ELASTIC,0.0
BAY-0102,1.007394472229129,86236.5468523875,0.0049465553762764606,137.12267272724395,LINEAR_ELASTIC,0.0
BAY-0102,1.3431926296388386,114982.06246985,0.0065954071683686135,243.7736404039892,LINEAR_ELASTIC,0.0
BAY-0102,1.678990787048548,143727.5780873125,0.008244258960460767,380.89631313123306,LINEAR_ELASTIC,0.0
BAY-0102,2.014788944458258,172473.093704775,0.009893110752552921,548.4906909089758,LINEAR_ELASTIC,0.0
BAY-0102,2.3505871018679674,201218.6093222375,0.011541962544645073,746.5567737372169,LINEAR_ELASTIC,0.0
BAY-0102,2.686385259277677,229964.1249397,0.013190814336737227,975.0945616159568,LINEAR_ELASTIC,0.0
BAY-0102,3.0221834166873864,258709.64055716246,0.014839666128829379,1234.1040545451951,LINEAR_ELASTIC,0.0
BAY-0102,3.357981574097096,287455.156174625,0.016488517920921535,1523.5852525249322,FIRST_NOMINAL_LIMIT_NO_CONTINUATION,0.0
BAY-0103,0.0,0.0,0.0,0.0,LINEAR_ELASTIC,0.0
BAY-0103,0.38576595766147054,33022.93689215621,0.004034403655002322,42.56460257342779,LINEAR_ELASTIC,0.0
BAY-0103,0.7715319153229411,66045.87378431243,0.008068807310004644,170.25841029371117,LINEAR_ELASTIC,0.0
BAY-0103,1.1572978729844117,99068.81067646864,0.012103210965006968,383.08142316085014,LINEAR_ELASTIC,0.0
BAY-0103,1.5430638306458822,132091.74756862485,0.01613761462000929,681.0336411748447,LINEAR_ELASTIC,0.0
BAY-0103,1.9288297883073526,165114.68446078105,0.02017201827501161,1064.1150643356948,LINEAR_ELASTIC,0.0
BAY-0103,2.3145957459688233,198137.62135293728,0.024206421930013936,1532.3256926434005,LINEAR_ELASTIC,0.0
BAY-0103,2.700361703630294,231160.5582450935,0.02824082558501626,2085.6655260979624,LINEAR_ELASTIC,0.0
BAY-0103,3.0861276612917643,264183.4951372497,0.03227522924001858,2724.1345646993786,LINEAR_ELASTIC,0.0
BAY-0103,3.471893618953235,297206.4320294059,0.0363096328950209,3447.732808447651,LINEAR_ELASTIC,0.0
BAY-0103,3.8576595766147053,330229.3689215621,0.04034403655002322,4256.460257342779,FIRST_NOMINAL_LIMIT_NO_CONTINUATION,0.0
BAY-0104,0.0,0.0,0.0,0.0,LINEAR_ELASTIC,0.0
BAY-0104,0.40178315277598664,34394.06571508927,0.0019297236616340988,21.32085793417566,LINEAR_ELASTIC,0.0
BAY-0104,0.8035663055519733,68788.13143017855,0.0038594473232681976,85.28343173670264,LINEAR_ELASTIC,0.0
BAY-0104,1.20534945832796,103182.19714526783,0.005789170984902297,191.88772140758095,LINEAR_ELASTIC,0.0
BAY-0104,1.6071326111039466,137576.2628603571,0.007718894646536395,341.13372694681055,LINEAR_ELASTIC,0.0
BAY-0104,2.008915763879933,171970.32857544636,0.009648618308170494,533.0214483543914,LINEAR_ELASTIC,0.0
BAY-0104,2.41069891665592,206364.39429053565,0.011578341969804593,767.5508856303238,LINEAR_ELASTIC,0.0
BAY-0104,2.8124820694319066,240758.46000562492,0.013508065631438693,1044.7220387746074,LINEAR_ELASTIC,0.0
BAY-0104,3.214265222207893,275152.5257207142,0.01543778929307279,1364.5349077872422,LINEAR_ELASTIC,0.0
BAY-0104,3.6160483749838797,309546.59143580345,0.017367512954706888,1726.989492668228,LINEAR_ELASTIC,0.0
BAY-0104,4.017831527759866,343940.6571508927,0.019297236616340988,2132.0857934175656,FIRST_NOMINAL_LIMIT_NO_CONTINUATION,0.0
BAY-0105,0.0,0.0,0.0,0.0,LINEAR_ELASTIC,0.0
BAY-0105,0.28211805754829594,24150.30830359236,0.003128681540878328,24.148869887381302,LINEAR_ELASTIC,0.0
BAY-0105,0.5642361150965919,48300.61660718472,0.006257363081756656,96.59547954952521,LINEAR_ELASTIC,0.0
BAY-0105,0.8463541726448879,72450.92491077709,0.009386044622634985,217.33982898643177,LINEAR_ELASTIC,0.0
BAY-0105,1.1284722301931838,96601.23321436944,0.012514726163513313,386.38191819810083,LINEAR_ELASTIC,0.0
BAY-0105,1.4105902877414795,120751.54151796178,0.01564340770439164,603.7217471845324,LINEAR_ELASTIC,0.0
BAY-0105,1.6927083452897758,144901.84982155418,0.01877208924526997,869.3593159457271,LINEAR_ELASTIC,0.0
BAY-0105,1.9748264028380715,169052.15812514652,0.0219007707861483,1183.2946244816837,LINEAR_ELASTIC,0.0
BAY-0105,2.2569444603863675,193202.46642873887,0.025029452327026625,1545.5276727924033,LINEAR_ELASTIC,0.0
BAY-0105,2.539062517934663,217352.7747323312,0.02815813386790495,1956.0584608778852,LINEAR_ELASTIC,0.0
BAY-0105,2.821180575482959,241503.08303592357,0.03128681540878328,2414.8869887381297,FIRST_NOMINAL_LIMIT_NO_CONTINUATION,0.0
BAY-0106,0.0,0.0,0.0,0.0,LINEAR_ELASTIC,0.0
BAY-0106,0.3199177921716879,27386.09991821673,0.0016988373246103728,14.950641993826375,LINEAR_ELASTIC,0.0
BAY-0106,0.6398355843433758,54772.19983643346,0.0033976746492207456,59.8025679753055,LINEAR_ELASTIC,0.0
BAY-0106,0.9597533765150639,82158.29975465019,0.005096511973831119,134.5557779444374,LINEAR_ELASTIC,0.0
BAY-0106,1.2796711686867517,109544.39967286692,0.006795349298441491,239.210271901222,LINEAR_ELASTIC,0.0
BAY-0106,1.5995889608584395,136930.49959108364,0.008494186623051863,373.7660498456593,LINEAR_ELASTIC,0.0
BAY-0106,1.9195067530301277,164316.59950930037,0.010193023947662238,538.2231117777496,LINEAR_ELASTIC,0.0
BAY-0106,2.2394245452018153,191702.69942751707,0.011891861272272609,732.5814576974924,LINEAR_ELASTIC,0.0
BAY-0106,2.5593423373735034,219088.79934573383,0.013590698596882982,956.841087604888,LINEAR_ELASTIC,0.0
BAY-0106,2.879260129545191,246474.89926395053,0.015289535921493354,1211.0020014999361,LINEAR_ELASTIC,0.0
BAY-0106,3.199177921716879,273860.9991821673,0.016988373246103725,1495.0641993826373,FIRST_NOMINAL_LIMIT_NO_CONTINUATION,0.0
BAY-0107,0.0,0.0,0.0,0.0,LINEAR_ELASTIC,0.0
BAY-0107,0.28211805754828084,24150.308303591068,0.00309689334032702,23.894748677535333,LINEAR_ELASTIC,0.0
BAY-0107,0.5642361150965617,48300.616607182135,0.00619378668065404,95.57899471014133,LINEAR_ELASTIC,0.0
BAY-0107,0.8463541726448426,72450.9249107732,0.00929068002098106,215.05273809781804,LINEAR_ELASTIC,0.0
BAY-0107,1.1284722301931234,96601.23321436427,0.01238757336130808,382.3159788405653,LINEAR_ELASTIC,0.0
BAY-0107,1.410590287741404,120751.54151795532,0.015484466701635096,597.3687169383833,LINEAR_ELASTIC,0.0
BAY-0107,1.6927083452896852,144901.8498215464,0.01858136004196212,860.2109523912721,LINEAR_ELASTIC,0.0
BAY-0107,1.9748264028379658,169052.15812513747,0.021678253382289136,1170.8426851992315,LINEAR_ELASTIC,0.0
BAY-0107,2.2569444603862467,193202.46642872854,0.02477514672261616,1529.2639153622613,LINEAR_ELASTIC,0.0
BAY-0107,2.539062517934527,217352.77473231958,0.027872040062943172,1935.4746428803617,LINEAR_ELASTIC,0.0
BAY-0107,2.821180575482808,241503.08303591065,0.030968933403270192,2389.474867753533,FIRST_NOMINAL_LIMIT_NO_CONTINUATION,0.0
BAY-0108,0.0,0.0,0.0,0.0,LINEAR_ELASTIC,0.0
BAY-0108,0.3827822646776567,32767.522169438453,0.0019895314491552765,20.935767987058114,LINEAR_ELASTIC,0.0
BAY-0108,0.7655645293553134,65535.044338876905,0.003979062898310553,83.74307194823245,LINEAR_ELASTIC,0.0
BAY-0108,1.1483467940329701,98302.56650831537,0.005968594347465829,188.42191188352302,LINEAR_ELASTIC,0.0
BAY-0108,1.5311290587106268,131070.08867775381,0.007958125796621106,334.9722877929298,LINEAR_ELASTIC,0.0
BAY-0108,1.9139113233882834,163837.61084719226,0.009947657245776382,523.3941996764528,LINEAR_ELASTIC,0.0
BAY-0108,2.2966935880659403,196605.13301663075,0.011937188694931659,753.6876475340921,LINEAR_ELASTIC,0.0
BAY-0108,2.679475852743597,229372.6551860692,0.013926720144086937,1025.8526313658479,LINEAR_ELASTIC,0.0
BAY-0108,3.0622581174212535,262140.17735550762,0.01591625159324221,1339.8891511717193,LINEAR_ELASTIC,0.0
BAY-0108,3.4450403820989104,294907.6995249461,0.01790578304239749,1695.7972069517073,LINEAR_ELASTIC,0.0
BAY-0108,3.827822646776567,327675.2216943845,0.019895314491552765,2093.576798705811,FIRST_NOMINAL_LIMIT_NO_CONTINUATION,0.0
BAY-0109,0.0,0.0,0.0,0.0,LINEAR_ELASTIC,0.0
BAY-0109,0.31991779217168326,27386.09991821633,0.0035478795638409165,31.053591062005186,LINEAR_ELASTIC,0.0
BAY-0109,0.6398355843433665,54772.19983643266,0.007095759127681833,124.21436424802074,LINEAR_ELASTIC,0.0
BAY-0109,0.9597533765150499,82158.299754649,0.010643638691522751,279.4823195580467,LINEAR_ELASTIC,0.0
BAY-0109,1.279671168686733,109544.39967286531,0.014191518255363666,496.857456992083,LINEAR_ELASTIC,0.0
BAY-0109,1.5995889608584162,136930.49959108164,0.01773939781920458,776.3397765501295,LINEAR_ELASTIC,0.0
BAY-0109,1.9195067530300998,164316.599509298,0.021287277383045502,1117.9292782321868,LINEAR_ELASTIC,0.0
BAY-0109,2.239424545201783,191702.6994275143,0.024835156946886417,1521.625962038254,LINEAR_ELASTIC,0.0
BAY-0109,2.559342337373466,219088.79934573063,0.028383036510727332,1987.429827968332,LINEAR_ELASTIC,0.0
BAY-0109,2.879260129545149,246474.89926394695,0.031930916074568244,2515.3408760224197,LINEAR_ELASTIC,0.0
BAY-0109,3.1991779217168324,273860.9991821633,0.03547879563840916,3105.359106200518,FIRST_NOMINAL_LIMIT_NO_CONTINUATION,0.0
BAY-0110,0.0,0.0,0.0,0.0,LINEAR_ELASTIC,0.0
BAY-0110,0.3199177921716879,27386.09991821673,0.0016988373246103728,14.950641993826375,LINEAR_ELASTIC,0.0
BAY-0110,0.6398355843433758,54772.19983643346,0.0033976746492207456,59.8025679753055,LINEAR_ELASTIC,0.0
BAY-0110,0.9597533765150639,82158.29975465019,0.005096511973831119,134.5557779444374,LINEAR_ELASTIC,0.0
BAY-0110,1.2796711686867517,109544.39967286692,0.006795349298441491,239.210271901222,LINEAR_ELASTIC,0.0
BAY-0110,1.5995889608584395,136930.49959108364,0.008494186623051863,373.7660498456593,LINEAR_ELASTIC,0.0
BAY-0110,1.9195067530301277,164316.59950930037,0.010193023947662238,538.2231117777496,LINEAR_ELASTIC,0.0
BAY-0110,2.2394245452018153,191702.69942751707,0.011891861272272609,732.5814576974924,LINEAR_ELASTIC,0.0
BAY-0110,2.5593423373735034,219088.79934573383,0.013590698596882982,956.841087604888,LINEAR_ELASTIC,0.0
BAY-0110,2.879260129545191,246474.89926395053,0.015289535921493354,1211.0020014999361,LINEAR_ELASTIC,0.0
BAY-0110,3.199177921716879,273860.9991821673,0.016988373246103725,1495.0641993826373,FIRST_NOMINAL_LIMIT_NO_CONTINUATION,0.0
BAY-0111,0.0,0.0,0.0,0.0,LINEAR_ELASTIC,0.0
BAY-0111,0.3675225451564126,31461.235949169466,0.004034403655002289,40.55166289474767,LINEAR_ELASTIC,0.0
BAY-0111,0.7350450903128252,62922.47189833893,0.008068807310004578,162.2066515789907,LINEAR_ELASTIC,0.0
BAY-0111,1.102567635469238,94383.70784750843,0.012103210965006871,364.9649660527292,LINEAR_ELASTIC,0.0
BAY-0111,1.4700901806256503,125844.94379667786,0.016137614620009157,648.8266063159627,LINEAR_ELASTIC,0.0
BAY-0111,1.837612725782063,157306.17974584733,0.020172018275011448,1013.7915723686918,LINEAR_ELASTIC,0.0
BAY-0111,2.205135270938476,188767.41569501685,0.024206421930013742,1459.8598642109168,LINEAR_ELASTIC,0.0
BAY-0111,2.5726578160948885,220228.65164418632,0.028240825585016033,1987.0314818426366,LINEAR_ELASTIC,0.0
BAY-0111,2.9401803612513007,251689.88759335573,0.03227522924001831,2595.306425263851,LINEAR_ELASTIC,0.0
BAY-0111,3.3077029064077133,283151.1235425252,0.03630963289502061,3284.684694474561,LINEAR_ELASTIC,0.0
BAY-0111,3.675225451564126,314612.35949169466,0.040344036550022895,4055.1662894747674,FIRST_NOMINAL_LIMIT_NO_CONTINUATION,0.0
BAY-0112,0.0,0.0,0.0,0.0,LINEAR_ELASTIC,0.0
BAY-0112,0.3827822646776567,32767.522169438453,0.0019895314491552765,20.935767987058114,LINEAR_ELASTIC,0.0
BAY-0112,0.7655645293553134,65535.044338876905,0.003979062898310553,83.74307194823245,LINEAR_ELASTIC,0.0
BAY-0112,1.1483467940329701,98302.56650831537,0.005968594347465829,188.42191188352302,LINEAR_ELASTIC,0.0
BAY-0112,1.5311290587106268,131070.08867775381,0.007958125796621106,334.9722877929298,LINEAR_ELASTIC,0.0
BAY-0112,1.9139113233882834,163837.61084719226,0.009947657245776382,523.3941996764528,LINEAR_ELASTIC,0.0
BAY-0112,2.2966935880659403,196605.13301663075,0.011937188694931659,753.6876475340921,LINEAR_ELASTIC,0.0
BAY-0112,2.679475852743597,229372.6551860692,0.013926720144086937,1025.8526313658479,LINEAR_ELASTIC,0.0
BAY-0112,3.0622581174212535,262140.17735550762,0.01591625159324221,1339.8891511717193,LINEAR_ELASTIC,0.0
BAY-0112,3.4450403820989104,294907.6995249461,0.01790578304239749,1695.7972069517073,LINEAR_ELASTIC,0.0
BAY-0112,3.827822646776567,327675.2216943845,0.019895314491552765,2093.576798705811,FIRST_NOMINAL_LIMIT_NO_CONTINUATION,0.0
BAY-0113,0.0,0.0,0.0,0.0,LINEAR_ELASTIC,0.0
BAY-0113,0.23528233345056437,20141.003878303756,0.00285063374818097,18.349967855736665,LINEAR_ELASTIC,0.0
BAY-0113,0.47056466690112875,40282.00775660751,0.00570126749636194,73.39987142294666,LINEAR_ELASTIC,0.0
BAY-0113,0.7058470003516931,60423.01163491127,0.008551901244542911,165.14971070163,LINEAR_ELASTIC,0.0
BAY-0113,0.9411293338022575,80564.01551321502,0.01140253499272388,293.59948569178664,LINEAR_ELASTIC,0.0
BAY-0113,1.1764116672528218,100705.01939151878,0.014253168740904848,458.7491963934166,LINEAR_ELASTIC,0.0
BAY-0113,1.4116940007033862,120846.02326982254,0.017103802489085822,660.59884280652,LINEAR_ELASTIC,0.0
BAY-0113,1.6469763341539507,140987.0271481263,0.019954436237266792,899.1484249310968,LINEAR_ELASTIC,0.0
BAY-0113,1.882258667604515,161128.03102643005,0.02280506998544776,1174.3979427671466,LINEAR_ELASTIC,0.0
BAY-0113,2.1175410010550793,181269.0349047338,0.02565570373362873,1486.3473963146698,LINEAR_ELASTIC,0.0
BAY-0113,2.3528233345056435,201410.03878303757,0.028506337481809696,1834.9967855736663,FIRST_NOMINAL_LIMIT_NO_CONTINUATION,0.0
BAY-0114,0.0,0.0,0.0,0.0,LINEAR_ELASTIC,0.0
BAY-0114,0.2928308075755983,25067.357776380468,0.0018117149388240982,14.584589888649726,LINEAR_ELASTIC,0.0
BAY-0114,0.5856616151511966,50134.715552760936,0.0036234298776481964,58.3383595545989,LINEAR_ELASTIC,0.0
BAY-0114,0.8784924227267951,75202.0733291414,0.005435144816472295,131.26130899784755,LINEAR_ELASTIC,0.0
BAY-0114,1.1713232303023933,100269.43110552187,0.007246859755296393,233.3534382183956,LINEAR_ELASTIC,0.0
BAY-0114,1.4641540378779916,125336.78888190234,0.009058574694120492,364.61474721624313,LINEAR_ELASTIC,0.0
BAY-0114,1.7569848454535901,150404.1466582828,0.01087028963294459,525.0452359913902,LINEAR_ELASTIC,0.0
BAY-0114,2.0498156530291882,175471.50443466328,0.012682004571768688,714.6449045438366,LINEAR_ELASTIC,0.0
BAY-0114,2.3426464606047865,200538.86221104374,0.014493719510592785,933.4137528735824,LINEAR_ELASTIC,0.0
BAY-0114,2.635477268180385,225606.2199874242,0.016305434449416883,1181.3517809806276,LINEAR_ELASTIC,0.0
BAY-0114,2.928308075755983,250673.57776380467,0.018117149388240984,1458.4589888649725,FIRST_NOMINAL_LIMIT_NO_CONTINUATION,0.0
BAY-0115,0.0,0.0,0.0,0.0,LINEAR_ELASTIC,0.0
BAY-0115,0.2352823334505621,20141.003878303563,0.002821670583952964,18.156869128802864,LINEAR_ELASTIC,0.0
BAY-0115,0.4705646669011242,40282.00775660713,0.005643341167905928,72.62747651521146,LINEAR_ELASTIC,0.0
BAY-0115,0.7058470003516863,60423.01163491069,0.008465011751858893,163.4118221592258,LINEAR_ELASTIC,0.0
BAY-0115,0.9411293338022484,80564.01551321425,0.011286682335811857,290.5099060608458,LINEAR_ELASTIC,0.0
BAY-0115,1.1764116672528104,100705.01939151781,0.014108352919764821,453.9217282200716,LINEAR_ELASTIC,0.0
BAY-0115,1.4116940007033727,120846.02326982138,0.016930023503717785,653.6472886369032,LINEAR_ELASTIC,0.0
BAY-0115,1.6469763341539347,140987.02714812494,0.01975169408767075,889.6865873113404,LINEAR_ELASTIC,0.0
BAY-0115,1.8822586676044968,161128.0310264285,0.022573364671623714,1162.0396242433833,LINEAR_ELASTIC,0.0
BAY-0115,2.117541001055059,181269.03490473205,0.025395035255576678,1470.706399433032,LINEAR_ELASTIC,0.0
BAY-0115,2.352823334505621,201410.03878303562,0.028216705839529642,1815.6869128802864,FIRST_NOMINAL_LIMIT_NO_CONTINUATION,0.0
BAY-0116,0.0,0.0,0.0,0.0,LINEAR_ELASTIC,0.0
BAY-0116,0.3503726345767643,29993.142657031854,0.0021245897355570355,20.451331610933433,LINEAR_ELASTIC,0.0
BAY-0116,0.7007452691535286,59986.28531406371,0.004249179471114071,81.80532644373373,LINEAR_ELASTIC,0.0
BAY-0116,1.0511179037302931,89979.42797109557,0.006373769206671107,184.06198449840093,LINEAR_ELASTIC,0.0
BAY-0116,1.4014905383070573,119972.57062812742,0.008498358942228142,327.22130577493493,LINEAR_ELASTIC,0.0
BAY-0116,1.7518631728838214,149965.71328515926,0.010622948677785175,511.2832902733357,LINEAR_ELASTIC,0.0
BAY-0116,2.1022358074605862,179958.85594219115,0.012747538413342214,736.2479379936037,LINEAR_ELASTIC,0.0
BAY-0116,2.4526084420373504,209951.998599223,0.014872128148899249,1002.1152489357384,LINEAR_ELASTIC,0.0
BAY-0116,2.8029810766141146,239945.14125625484,0.016996717884456284,1308.8852230997397,LINEAR_ELASTIC,0.0
BAY-0116,3.1533537111908787,269938.2839132867,0.01912130762001332,1656.5578604856078,LINEAR_ELASTIC,0.0
BAY-0116,3.503726345767643,299931.4265703185,0.02124589735557035,2045.1331610933428,FIRST_NOMINAL_LIMIT_NO_CONTINUATION,0.0
BAY-0117,0.0,0.0,0.0,0.0,LINEAR_ELASTIC,0.0
BAY-0117,0.2928308075755898,25067.35777637974,0.0035478795638409274,28.42432765955535,LINEAR_ELASTIC,0.0
BAY-0117,0.5856616151511796,50134.71555275948,0.007095759127681855,113.6973106382214,LINEAR_ELASTIC,0.0
BAY-0117,0.8784924227267695,75202.07332913922,0.010643638691522784,255.81894893599815,LINEAR_ELASTIC,0.0
BAY-0117,1.1713232303023593,100269.43110551896,0.01419151825536371,454.7892425528856,LINEAR_ELASTIC,0.0
BAY-0117,1.464154037877949,125336.78888189868,0.017739397819204635,710.6081914888836,LINEAR_ELASTIC,0.0
BAY-0117,1.756984845453539,150404.14665827845,0.021287277383045568,1023.2757957439926,LINEAR_ELASTIC,0.0
BAY-0117,2.0498156530291287,175471.50443465819,0.024835156946886493,1392.7920553182119,LINEAR_ELASTIC,0.0
BAY-0117,2.3426464606047186,200538.86221103792,0.02838303651072742,1819.1569702115423,LINEAR_ELASTIC,0.0
BAY-0117,2.635477268180308,225606.21998741763,0.03193091607456834,2302.370540423982,LINEAR_ELASTIC,0.0
BAY-0117,2.928308075755898,250673.57776379737,0.03547879563840927,2842.4327659555343,FIRST_NOMINAL_LIMIT_NO_CONTINUATION,0.0
BAY-0118,0.0,0.0,0.0,0.0,LINEAR_ELASTIC,0.0
BAY-0118,0.2928308075755983,25067.357776380468,0.0018117149388240982,14.584589888649726,LINEAR_ELASTIC,0.0
BAY-0118,0.5856616151511966,50134.715552760936,0.0036234298776481964,58.3383595545989,LINEAR_ELASTIC,0.0
BAY-0118,0.8784924227267951,75202.0733291414,0.005435144816472295,131.26130899784755,LINEAR_ELASTIC,0.0
BAY-0118,1.1713232303023933,100269.43110552187,0.007246859755296393,233.3534382183956,LINEAR_ELASTIC,0.0
BAY-0118,1.4641540378779916,125336.78888190234,0.009058574694120492,364.61474721624313,LINEAR_ELASTIC,0.0
BAY-0118,1.7569848454535901,150404.1466582828,0.01087028963294459,525.0452359913902,LINEAR_ELASTIC,0.0
BAY-0118,2.0498156530291882,175471.50443466328,0.012682004571768688,714.6449045438366,LINEAR_ELASTIC,0.0
BAY-0118,2.3426464606047865,200538.86221104374,0.014493719510592785,933.4137528735824,LINEAR_ELASTIC,0.0
BAY-0118,2.635477268180385,225606.2199874242,0.016305434449416883,1181.3517809806276,LINEAR_ELASTIC,0.0
BAY-0118,2.928308075755983,250673.57776380467,0.018117149388240984,1458.4589888649725,FIRST_NOMINAL_LIMIT_NO_CONTINUATION,0.0
BAY-0119,0.0,0.0,0.0,0.0,LINEAR_ELASTIC,0.0
BAY-0119,0.32678101868133624,27973.616497643838,0.003918986922156894,35.02482470833886,LINEAR_ELASTIC,0.0
BAY-0119,0.6535620373626725,55947.232995287675,0.007837973844313789,140.09929883335545,LINEAR_ELASTIC,0.0
BAY-0119,0.9803430560440087,83920.8494929315,0.011756960766470684,315.2234223750497,LINEAR_ELASTIC,0.0
BAY-0119,1.307124074725345,111894.46599057535,0.015675947688627578,560.3971953334218,LINEAR_ELASTIC,0.0
BAY-0119,1.633905093406681,139868.08248821917,0.01959493461078447,875.6206177084712,LINEAR_ELASTIC,0.0
BAY-0119,1.9606861120880175,167841.698985863,0.023513921532941368,1260.893689500199,LINEAR_ELASTIC,0.0
BAY-0119,2.2874671307693535,195815.31548350683,0.02743290845509826,1716.2164107086037,LINEAR_ELASTIC,0.0
BAY-0119,2.61424814945069,223788.9319811507,0.031351895377255155,2241.588781333687,LINEAR_ELASTIC,0.0
BAY-0119,2.941029168132026,251762.54847879452,0.03527088229941205,2837.0108013754466,LINEAR_ELASTIC,0.0
BAY-0119,3.267810186813362,279736.16497643833,0.03918986922156894,3502.4824708338847,FIRST_NOMINAL_LIMIT_NO_CONTINUATION,0.0
BAY-0120,0.0,0.0,0.0,0.0,LINEAR_ELASTIC,0.0
BAY-0120,0.3503726345767643,29993.142657031854,0.0021245897355570355,20.451331610933433,LINEAR_ELASTIC,0.0
BAY-0120,0.7007452691535286,59986.28531406371,0.004249179471114071,81.80532644373373,LINEAR_ELASTIC,0.0
BAY-0120,1.0511179037302931,89979.42797109557,0.006373769206671107,184.06198449840093,LINEAR_ELASTIC,0.0
BAY-0120,1.4014905383070573,119972.57062812742,0.008498358942228142,327.22130577493493,LINEAR_ELASTIC,0.0
BAY-0120,1.7518631728838214,149965.71328515926,0.010622948677785175,511.2832902733357,LINEAR_ELASTIC,0.0
BAY-0120,2.1022358074605862,179958.85594219115,0.012747538413342214,736.2479379936037,LINEAR_ELASTIC,0.0
BAY-0120,2.4526084420373504,209951.998599223,0.014872128148899249,1002.1152489357384,LINEAR_ELASTIC,0.0
BAY-0120,2.8029810766141146,239945.14125625484,0.016996717884456284,1308.8852230997397,LINEAR_ELASTIC,0.0
BAY-0120,3.1533537111908787,269938.2839132867,0.01912130762001332,1656.5578604856078,LINEAR_ELASTIC,0.0
BAY-0120,3.503726345767643,299931.4265703185,0.02124589735557035,2045.1331610933428,FIRST_NOMINAL_LIMIT_NO_CONTINUATION,0.0
BAY-0121,0.0,0.0,0.0,0.0,LINEAR_ELASTIC,0.0
BAY-0121,0.15526950907710288,13291.62176624421,0.0021965039355512925,9.33088275333439,LINEAR_ELASTIC,0.0
BAY-0121,0.31053901815420576,26583.24353248842,0.004393007871102585,37.32353101333756,LINEAR_ELASTIC,0.0
BAY-0121,0.46580852723130867,39874.865298732635,0.006589511806653878,83.97794478000951,LINEAR_ELASTIC,0.0
BAY-0121,0.6210780363084115,53166.48706497684,0.00878601574220517,149.29412405335023,LINEAR_ELASTIC,0.0
BAY-0121,0.7763475453855143,66458.10883122105,0.010982519677756462,233.27206883335967,LINEAR_ELASTIC,0.0
BAY-0121,0.9316170544626173,79749.73059746527,0.013179023613307757,335.91177912003803,LINEAR_ELASTIC,0.0
BAY-0121,1.0868865635397202,93041.35236370948,0.015375527548859048,457.2132549133851,LINEAR_ELASTIC,0.0
BAY-0121,1.242156072616823,106332.97412995368,0.01757203148441034,597.1764962134009,LINEAR_ELASTIC,0.0
BAY-0121,1.3974255816939258,119624.59589619788,0.01976853541996163,755.8015030200854,LINEAR_ELASTIC,0.0
BAY-0121,1.5526950907710286,132916.2176624421,0.021965039355512923,933.0882753334387,FIRST_NOMINAL_LIMIT_NO_CONTINUATION,0.0
BAY-0122,0.0,0.0,0.0,0.0,LINEAR_ELASTIC,0.0
BAY-0122,0.25079741912869186,21469.150349109812,0.002189483186687803,15.070198354729966,LINEAR_ELASTIC,0.0
BAY-0122,0.5015948382573837,42938.300698219624,0.004378966373375606,60.28079341891986,LINEAR_ELASTIC,0.0
BAY-0122,0.7523922573860757,64407.45104732946,0.00656844956006341,135.63178519256977,LINEAR_ELASTIC,0.0
BAY-0122,1.0031896765147674,85876.60139643925,0.008757932746751212,241.12317367567945,LINEAR_ELASTIC,0.0
BAY-0122,1.2539870956434593,107345.75174554907,0.010947415933439016,376.7549588682492,LINEAR_ELASTIC,0.0
BAY-0122,1.5047845147721515,128814.90209465892,0.01313689912012682,542.5271407702791,LINEAR_ELASTIC,0.0
BAY-0122,1.7555819339008432,150284.0524437687,0.015326382306814622,738.4397193817686,LINEAR_ELASTIC,0.0
BAY-0122,2.006379353029535,171753.2027928785,0.017515865493502425,964.4926947027178,LINEAR_ELASTIC,0.0
BAY-0122,2.257176772158227,193222.35314198834,0.019705348680190228,1220.6860667331275,LINEAR_ELASTIC,0.0
BAY-0122,2.5079741912869187,214691.50349109815,0.02189483186687803,1507.0198354729969,FIRST_NOMINAL_LIMIT_NO_CONTINUATION,0.0
BAY-0123,0.0,0.0,0.0,0.0,LINEAR_ELASTIC,0.0
BAY-0123,0.15526950907710638,13291.621766244509,0.002174186896663568,9.232692849406382,LINEAR_ELASTIC,0.0
BAY-0123,0.31053901815421275,26583.243532489018,0.004348373793327136,36.93077139762553,LINEAR_ELASTIC,0.0
BAY-0123,0.46580852723131916,39874.86529873353,0.0065225606899907045,83.09423564465743,LINEAR_ELASTIC,0.0
BAY-0123,0.6210780363084255,53166.487064978035,0.008696747586654272,147.7230855905021,LINEAR_ELASTIC,0.0
BAY-0123,0.7763475453855319,66458.10883122255,0.01087093448331784,230.81732123515948,LINEAR_ELASTIC,0.0
BAY-0123,0.9316170544626383,79749.73059746706,0.013045121379981409,332.3769425786297,LINEAR_ELASTIC,0.0
BAY-0123,1.0868865635397447,93041.35236371157,0.015219308276644977,452.40194962091266,LINEAR_ELASTIC,0.0
BAY-0123,1.242156072616851,106332.97412995607,0.017393495173308543,590.8923423620084,LINEAR_ELASTIC,0.0
BAY-0123,1.3974255816939574,119624.59589620058,0.01956768206997211,747.8481208019168,LINEAR_ELASTIC,0.0
BAY-0123,1.5526950907710637,132916.2176624451,0.02174186896663568,923.2692849406379,FIRST_NOMINAL_LIMIT_NO_CONTINUATION,0.0
BAY-0124,0.0,0.0,0.0,0.0,LINEAR_ELASTIC,0.0
BAY-0124,0.30007960300585834,25687.880425628053,0.002576590183731461,21.208003454764558,LINEAR_ELASTIC,0.0
BAY-0124,0.6001592060117167,51375.760851256106,0.005153180367462922,84.83201381905823,LINEAR_ELASTIC,0.0
BAY-0124,0.900238809017575,77063.64127688415,0.007729770551194384,190.87203109288103,LINEAR_ELASTIC,0.0
BAY-0124,1.2003184120234334,102751.52170251221,0.010306360734925845,339.32805527623293,LINEAR_ELASTIC,0.0
BAY-0124,1.5003980150292915,128439.40212814024,0.012882950918657304,530.2000863691138,LINEAR_ELASTIC,0.0
BAY-0124,1.80047761803515,154127.2825537683,0.015459541102388768,763.4881243715241,LINEAR_ELASTIC,0.0
BAY-0124,2.1005572210410084,179815.16297939635,0.01803613128612023,1039.1921692834633,LINEAR_ELASTIC,0.0
BAY-0124,2.4006368240468667,205503.04340502442,0.02061272146985169,1357.3122211049317,LINEAR_ELASTIC,0.0
BAY-0124,2.7007164270527246,231190.92383065243,0.023189311653583147,1717.8482798359287,LINEAR_ELASTIC,0.0
BAY-0124,3.000796030058583,256878.80425628048,0.025765901837314607,2120.8003454764553,FIRST_NOMINAL_LIMIT_NO_CONTINUATION,0.0
BAY-0125,0.0,0.0,0.0,0.0,LINEAR_ELASTIC,0.0
BAY-0125,0.21565209594042065,18460.58578645029,0.003050699910487906,17.999388027265407,LINEAR_ELASTIC,0.0
BAY-0125,0.4313041918808413,36921.17157290058,0.006101399820975812,71.99755210906163,LINEAR_ELASTIC,0.0
BAY-0125,0.646956287821262,55381.75735935088,0.00915209973146372,161.9944922453887,LINEAR_ELASTIC,0.0
BAY-0125,0.8626083837616826,73842.34314580116,0.012202799641951624,287.9902084362465,LINEAR_ELASTIC,0.0
BAY-0125,1.0782604797021031,92302.92893225144,0.015253499552439528,449.98470068163505,LINEAR_ELASTIC,0.0
BAY-0125,1.293912575642524,110763.51471870176,0.01830419946292744,647.9779689815548,LINEAR_ELASTIC,0.0
BAY-0125,1.5095646715829445,129224.10050515203,0.02135489937341534,881.9700133360049,LINEAR_ELASTIC,0.0
BAY-0125,1.7252167675233652,147684.68629160232,0.024405599283903248,1151.960833744986,LINEAR_ELASTIC,0.0
BAY-0125,1.9408688634637856,166145.2720780526,0.027456299194391152,1457.9504302084977,LINEAR_ELASTIC,0.0
BAY-0125,2.1565209594042063,184605.85786450288,0.030506999104879057,1799.9388027265402,FIRST_NOMINAL_LIMIT_NO_CONTINUATION,0.0
BAY-0126,0.0,0.0,0.0,0.0,LINEAR_ELASTIC,0.0
BAY-0126,0.25079741912869186,21469.150349109812,0.002189483186687803,15.070198354729966,LINEAR_ELASTIC,0.0
BAY-0126,0.5015948382573837,42938.300698219624,0.004378966373375606,60.28079341891986,LINEAR_ELASTIC,0.0
BAY-0126,0.7523922573860757,64407.45104732946,0.00656844956006341,135.63178519256977,LINEAR_ELASTIC,0.0
BAY-0126,1.0031896765147674,85876.60139643925,0.008757932746751212,241.12317367567945,LINEAR_ELASTIC,0.0
BAY-0126,1.2539870956434593,107345.75174554907,0.010947415933439016,376.7549588682492,LINEAR_ELASTIC,0.0
BAY-0126,1.5047845147721515,128814.90209465892,0.01313689912012682,542.5271407702791,LINEAR_ELASTIC,0.0
BAY-0126,1.7555819339008432,150284.0524437687,0.015326382306814622,738.4397193817686,LINEAR_ELASTIC,0.0
BAY-0126,2.006379353029535,171753.2027928785,0.017515865493502425,964.4926947027178,LINEAR_ELASTIC,0.0
BAY-0126,2.257176772158227,193222.35314198834,0.019705348680190228,1220.6860667331275,LINEAR_ELASTIC,0.0
BAY-0126,2.5079741912869187,214691.50349109815,0.02189483186687803,1507.0198354729969,FIRST_NOMINAL_LIMIT_NO_CONTINUATION,0.0
BAY-0127,0.0,0.0,0.0,0.0,LINEAR_ELASTIC,0.0
BAY-0127,0.21565209594042553,18460.58578645071,0.0030197040231438447,17.809978490367246,LINEAR_ELASTIC,0.0
BAY-0127,0.43130419188085106,36921.17157290142,0.006039408046287689,71.23991396146899,LINEAR_ELASTIC,0.0
BAY-0127,0.6469562878212767,55381.75735935213,0.009059112069431535,160.28980641330526,LINEAR_ELASTIC,0.0
BAY-0127,0.8626083837617021,73842.34314580284,0.012078816092575379,284.95965584587594,LINEAR_ELASTIC,0.0
BAY-0127,1.0782604797021276,92302.92893225353,0.015098520115719221,445.24946225918114,LINEAR_ELASTIC,0.0
BAY-0127,1.2939125756425534,110763.51471870426,0.01811822413886307,641.159225653221,LINEAR_ELASTIC,0.0
BAY-0127,1.5095646715829787,129224.10050515496,0.02113792816200691,872.6889460279951,LINEAR_ELASTIC,0.0
BAY-0127,1.7252167675234042,147684.68629160567,0.024157632185150758,1139.8386233835038,LINEAR_ELASTIC,0.0
BAY-0127,1.9408688634638296,166145.27207805635,0.027177336208294597,1442.6082577197467,LINEAR_ELASTIC,0.0
BAY-0127,2.156520959404255,184605.85786450707,0.030197040231438443,1780.9978490367246,FIRST_NOMINAL_LIMIT_NO_CONTINUATION,0.0
BAY-0128,0.0,0.0,0.0,0.0,LINEAR_ELASTIC,0.0
BAY-0128,0.30007960300585834,25687.880425628053,0.002576590183731461,21.208003454764558,LINEAR_ELASTIC,0.0
BAY-0128,0.6001592060117167,51375.760851256106,0.005153180367462922,84.83201381905823,LINEAR_ELASTIC,0.0
BAY-0128,0.900238809017575,77063.64127688415,0.007729770551194384,190.87203109288103,LINEAR_ELASTIC,0.0
BAY-0128,1.2003184120234334,102751.52170251221,0.010306360734925845,339.32805527623293,LINEAR_ELASTIC,0.0
BAY-0128,1.5003980150292915,128439.40212814024,0.012882950918657304,530.2000863691138,LINEAR_ELASTIC,0.0
BAY-0128,1.80047761803515,154127.2825537683,0.015459541102388768,763.4881243715241,LINEAR_ELASTIC,0.0
BAY-0128,2.1005572210410084,179815.16297939635,0.01803613128612023,1039.1921692834633,LINEAR_ELASTIC,0.0
BAY-0128,2.4006368240468667,205503.04340502442,0.02061272146985169,1357.3122211049317,LINEAR_ELASTIC,0.0
BAY-0128,2.7007164270527246,231190.92383065243,0.023189311653583147,1717.8482798359287,LINEAR_ELASTIC,0.0
BAY-0128,3.000796030058583,256878.80425628048,0.025765901837314607,2120.8003454764553,FIRST_NOMINAL_LIMIT_NO_CONTINUATION,0.0
BAY-0129,0.0,0.0,0.0,0.0,LINEAR_ELASTIC,0.0
BAY-0129,0.32831204837510697,28104.678080329617,0.0035162787208200845,31.682510229388612,LINEAR_ELASTIC,0.0
BAY-0129,0.6566240967502139,56209.356160659234,0.007032557441640169,126.73004091755445,LINEAR_ELASTIC,0.0
BAY-0129,0.9849361451253209,84314.03424098885,0.010548836162460254,285.14259206449753,LINEAR_ELASTIC,0.0
BAY-0129,1.3132481935004279,112418.71232131847,0.014065114883280338,506.9201636702178,LINEAR_ELASTIC,0.0
BAY-0129,1.6415602418755346,140523.39040164807,0.01758139360410042,792.0627557347151,LINEAR_ELASTIC,0.0
BAY-0129,1.9698722902506418,168628.0684819777,0.02109767232492051,1140.5703682579901,LINEAR_ELASTIC,0.0
BAY-0129,2.298184338625749,196732.74656230732,0.024613951045740594,1552.4430012400421,LINEAR_ELASTIC,0.0
BAY-0129,2.6264963870008557,224837.42464263694,0.028130229766560676,2027.6806546808712,LINEAR_ELASTIC,0.0
BAY-0129,2.9548084353759623,252942.10272296652,0.03164650848738076,2566.283328580477,LINEAR_ELASTIC,0.0
BAY-0129,3.2831204837510692,281046.78080329613,0.03516278720820084,3168.2510229388604,FIRST_NOMINAL_LIMIT_NO_CONTINUATION,0.0
BAY-0130,0.0,0.0,0.0,0.0,LINEAR_ELASTIC,0.0
BAY-0130,0.3991502089856123,34168.6763698054,0.0020065709203916276,22.113985010813018,LINEAR_ELASTIC,0.0
BAY-0130,0.7983004179712246,68337.3527396108,0.004013141840783255,88.45594004325207,LINEAR_ELASTIC,0.0
BAY-0130,1.197450626956837,102506.0291094162,0.006019712761174883,199.02586509731717,LINEAR_ELASTIC,0.0
BAY-0130,1.5966008359424493,136674.7054792216,0.00802628368156651,353.8237601730083,LINEAR_ELASTIC,0.0
BAY-0130,1.9957510449280615,170843.38184902698,0.010032854601958137,552.8496252703254,LINEAR_ELASTIC,0.0
BAY-0130,2.394901253913674,205012.0582188324,0.012039425522349765,796.1034603892687,LINEAR_ELASTIC,0.0
BAY-0130,2.7940514628992865,239180.7345886378,0.014045996442741394,1083.5852655298381,LINEAR_ELASTIC,0.0
BAY-0130,3.1932016718848986,273349.4109584432,0.01605256736313302,1415.2950406920331,LINEAR_ELASTIC,0.0
BAY-0130,3.592351880870511,307518.0873282486,0.018059138283524647,1791.2327858758545,LINEAR_ELASTIC,0.0
BAY-0130,3.991502089856123,341686.76369805395,0.020065709203916274,2211.3985010813017,FIRST_NOMINAL_LIMIT_NO_CONTINUATION,0.0
BAY-0131,0.0,0.0,0.0,0.0,LINEAR_ELASTIC,0.0
BAY-0131,0.3283120483750713,28104.67808032656,0.0034776239758429633,31.321798397638137,LINEAR_ELASTIC,0.0
BAY-0131,0.6566240967501425,56209.35616065312,0.006955247951685927,125.28719359055255,LINEAR_ELASTIC,0.0
BAY-0131,0.984936145125214,84314.0342409797,0.010432871927528892,281.8961855787433,LINEAR_ELASTIC,0.0
BAY-0131,1.313248193500285,112418.71232130624,0.013910495903371853,501.1487743622102,LINEAR_ELASTIC,0.0
BAY-0131,1.6415602418753563,140523.39040163282,0.017388119879214816,783.0449599409533,LINEAR_ELASTIC,0.0
BAY-0131,1.969872290250428,168628.0684819594,0.020865743855057784,1127.5847423149733,LINEAR_ELASTIC,0.0
BAY-0131,2.298184338625499,196732.74656228596,0.024343367830900745,1534.768121484269,LINEAR_ELASTIC,0.0
BAY-0131,2.62649638700057,224837.4246426125,0.027820991806743706,2004.5950974488408,LINEAR_ELASTIC,0.0
BAY-0131,2.9548084353756416,252942.10272293907,0.03129861578258667,2537.065670208689,LINEAR_ELASTIC,0.0
BAY-0131,3.2831204837507126,281046.78080326563,0.03477623975842963,3132.179839763813,FIRST_NOMINAL_LIMIT_NO_CONTINUATION,0.0
BAY-0132,0.0,0.0,0.0,0.0,LINEAR_ELASTIC,0.0
BAY-0132,0.4775840065190239,40882.88817288774,0.0023446363347993195,30.895471203316408,LINEAR_ELASTIC,0.0
BAY-0132,0.9551680130380478,81765.77634577548,0.004689272669598639,123.58188481326563,LINEAR_ELASTIC,0.0
BAY-0132,1.4327520195570718,122648.66451866322,0.007033909004397959,278.0592408298477,LINEAR_ELASTIC,0.0
BAY-0132,1.9103360260760955,163531.55269155095,0.009378545339197278,494.3275392530625,LINEAR_ELASTIC,0.0
BAY-0132,2.3879200325951193,204414.4408644387,0.011723181673996597,772.3867800829101,LINEAR_ELASTIC,0.0
BAY-0132,2.8655040391141435,245297.32903732645,0.014067818008795918,1112.2369633193907,LINEAR_ELASTIC,0.0
BAY-0132,3.3430880456331673,286180.2172102142,0.01641245434359524,1513.878088962504,LINEAR_ELASTIC,0.0
BAY-0132,3.820672052152191,327063.1053831019,0.018757090678394556,1977.31015701225,LINEAR_ELASTIC,0.0
BAY-0132,4.298256058671215,367945.99355598964,0.021101727013193877,2502.533167468629,LINEAR_ELASTIC,0.0
BAY-0132,4.775840065190239,408828.8817288774,0.023446363347993195,3089.5471203316406,FIRST_NOMINAL_LIMIT_NO_CONTINUATION,0.0
BAY-0133,0.0,0.0,0.0,0.0,LINEAR_ELASTIC,0.0
BAY-0133,0.3991502089856382,34168.67636980761,0.004274967651091254,46.82940763936327,LINEAR_ELASTIC,0.0
BAY-0133,0.7983004179712764,68337.35273961522,0.008549935302182508,187.31763055745307,LINEAR_ELASTIC,0.0
BAY-0133,1.1974506269569147,102506.02910942285,0.012824902953273765,421.4646687542695,LINEAR_ELASTIC,0.0
BAY-0133,1.5966008359425528,136674.70547923044,0.017099870604365016,749.2705222298123,LINEAR_ELASTIC,0.0
BAY-0133,1.9957510449281908,170843.38184903804,0.02137483825545627,1170.7351909840813,LINEAR_ELASTIC,0.0
BAY-0133,2.3949012539138295,205012.0582188457,0.02564980590654753,1685.858675017078,LINEAR_ELASTIC,0.0
BAY-0133,2.7940514628994673,239180.7345886533,0.02992477355763878,2294.6409743288,LINEAR_ELASTIC,0.0
BAY-0133,3.1932016718851055,273349.4109584609,0.03419974120873003,2997.082088919249,LINEAR_ELASTIC,0.0
BAY-0133,3.5923518808707433,307518.0873282685,0.03847470885982129,3793.1820187884236,LINEAR_ELASTIC,0.0
BAY-0133,3.9915020898563816,341686.7636980761,0.04274967651091254,4682.940763936325,FIRST_NOMINAL_LIMIT_NO_CONTINUATION,0.0
BAY-0134,0.0,0.0,0.0,0.0,LINEAR_ELASTIC,0.0
BAY-0134,0.3991502089856123,34168.6763698054,0.0020065709203916276,22.113985010813018,LINEAR_ELASTIC,0.0
BAY-0134,0.7983004179712246,68337.3527396108,0.004013141840783255,88.45594004325207,LINEAR_ELASTIC,0.0
BAY-0134,1.197450626956837,102506.0291094162,0.006019712761174883,199.02586509731717,LINEAR_ELASTIC,0.0
BAY-0134,1.5966008359424493,136674.7054792216,0.00802628368156651,353.8237601730083,LINEAR_ELASTIC,0.0
BAY-0134,1.9957510449280615,170843.38184902698,0.010032854601958137,552.8496252703254,LINEAR_ELASTIC,0.0
BAY-0134,2.394901253913674,205012.0582188324,0.012039425522349765,796.1034603892687,LINEAR_ELASTIC,0.0
BAY-0134,2.7940514628992865,239180.7345886378,0.014045996442741394,1083.5852655298381,LINEAR_ELASTIC,0.0
BAY-0134,3.1932016718848986,273349.4109584432,0.01605256736313302,1415.2950406920331,LINEAR_ELASTIC,0.0
BAY-0134,3.592351880870511,307518.0873282486,0.018059138283524647,1791.2327858758545,LINEAR_ELASTIC,0.0
BAY-0134,3.991502089856123,341686.76369805395,0.020065709203916274,2211.3985010813017,FIRST_NOMINAL_LIMIT_NO_CONTINUATION,0.0
BAY-0135,0.0,0.0,0.0,0.0,LINEAR_ELASTIC,0.0
BAY-0135,0.45598895607648793,39034.275111564675,0.004830033299781894,60.420135797913076,LINEAR_ELASTIC,0.0
BAY-0135,0.9119779121529759,78068.55022312935,0.009660066599563788,241.6805431916523,LINEAR_ELASTIC,0.0
BAY-0135,1.367966868229464,117102.82533469403,0.014490099899345682,543.7812221812178,LINEAR_ELASTIC,0.0
BAY-0135,1.8239558243059517,156137.1004462587,0.019320133199127575,966.7221727666092,LINEAR_ELASTIC,0.0
BAY-0135,2.2799447803824395,195171.37555782334,0.024150166498909467,1510.5033949478268,LINEAR_ELASTIC,0.0
BAY-0135,2.735933736458928,234205.65066938807,0.028980199798691365,2175.124888724871,LINEAR_ELASTIC,0.0
BAY-0135,3.1919226925354156,273239.92578095273,0.03381023309847326,2960.5866540977413,LINEAR_ELASTIC,0.0
BAY-0135,3.6479116486119034,312274.2008925174,0.03864026639825515,3866.888691066437,LINEAR_ELASTIC,0.0
BAY-0135,4.103900604688391,351308.47600408207,0.04347029969803704,4894.030999630959,LINEAR_ELASTIC,0.0
BAY-0135,4.559889560764879,390342.7511156467,0.04830033299781893,6042.013579791307,FIRST_NOMINAL_LIMIT_NO_CONTINUATION,0.0
BAY-0136,0.0,0.0,0.0,0.0,LINEAR_ELASTIC,0.0
BAY-0136,0.4775840065190239,40882.88817288774,0.0023446363347993195,30.895471203316408,LINEAR_ELASTIC,0.0
BAY-0136,0.9551680130380478,81765.77634577548,0.004689272669598639,123.58188481326563,LINEAR_ELASTIC,0.0
BAY-0136,1.4327520195570718,122648.66451866322,0.007033909004397959,278.0592408298477,LINEAR_ELASTIC,0.0
BAY-0136,1.9103360260760955,163531.55269155095,0.009378545339197278,494.3275392530625,LINEAR_ELASTIC,0.0
BAY-0136,2.3879200325951193,204414.4408644387,0.011723181673996597,772.3867800829101,LINEAR_ELASTIC,0.0
BAY-0136,2.8655040391141435,245297.32903732645,0.014067818008795918,1112.2369633193907,LINEAR_ELASTIC,0.0
BAY-0136,3.3430880456331673,286180.2172102142,0.01641245434359524,1513.878088962504,LINEAR_ELASTIC,0.0
BAY-0136,3.820672052152191,327063.1053831019,0.018757090678394556,1977.31015701225,LINEAR_ELASTIC,0.0
BAY-0136,4.298256058671215,367945.99355598964,0.021101727013193877,2502.533167468629,LINEAR_ELASTIC,0.0
BAY-0136,4.775840065190239,408828.8817288774,0.023446363347993195,3089.5471203316406,FIRST_NOMINAL_LIMIT_NO_CONTINUATION,0.0
BAY-0137,0.0,0.0,0.0,0.0,LINEAR_ELASTIC,0.0
BAY-0137,0.28039030041546437,24002.406153002546,0.0031520955399623424,24.255589215918725,LINEAR_ELASTIC,0.0
BAY-0137,0.5607806008309287,48004.81230600509,0.006304191079924685,97.0223568636749,LINEAR_ELASTIC,0.0
BAY-0137,0.8411709012463933,72007.21845900766,0.009456286619887028,218.3003029432686,LINEAR_ELASTIC,0.0
BAY-0137,1.1215612016618575,96009.62461201019,0.01260838215984937,388.0894274546996,LINEAR_ELASTIC,0.0
BAY-0137,1.4019515020773219,120012.03076501275,0.01576047769981171,606.389730397968,LINEAR_ELASTIC,0.0
BAY-0137,1.6823418024927865,144014.43691801533,0.018912573239774057,873.2012117730744,LINEAR_ELASTIC,0.0
BAY-0137,1.9627321029082507,168016.84307101785,0.022064668779736396,1188.5238715800176,LINEAR_ELASTIC,0.0
BAY-0137,2.243122403323715,192019.24922402037,0.02521676431969874,1552.3577098187984,LINEAR_ELASTIC,0.0
BAY-0137,2.5235127037391796,216021.65537702295,0.028368859859661085,1964.7027264894168,LINEAR_ELASTIC,0.0
BAY-0137,2.8039030041546438,240024.0615300255,0.03152095539962342,2425.558921591872,FIRST_NOMINAL_LIMIT_NO_CONTINUATION,0.0
BAY-0138,0.0,0.0,0.0,0.0,LINEAR_ELASTIC,0.0
BAY-0138,0.38027383648725255,32552.79180200952,0.0020662788510672505,21.687968786452906,LINEAR_ELASTIC,0.0
BAY-0138,0.7605476729745051,65105.58360401904,0.004132557702134501,86.75187514581162,LINEAR_ELASTIC,0.0
BAY-0138,1.1408215094617578,97658.37540602857,0.006198836553201752,195.19171907807618,LINEAR_ELASTIC,0.0
BAY-0138,1.5210953459490102,130211.16720803808,0.008265115404269002,347.0075005832465,LINEAR_ELASTIC,0.0
BAY-0138,1.9013691824362626,162763.9590100476,0.010331394255336251,542.1992196613226,LINEAR_ELASTIC,0.0
BAY-0138,2.2816430189235155,195316.75081205714,0.012397673106403504,780.7668763123047,LINEAR_ELASTIC,0.0
BAY-0138,2.6619168554107677,227869.54261406665,0.014463951957470751,1062.7104705361924,LINEAR_ELASTIC,0.0
BAY-0138,3.0421906918980204,260422.33441607616,0.016530230808538004,1388.030002332986,LINEAR_ELASTIC,0.0
BAY-0138,3.4224645283852726,292975.12621808564,0.01859650965960525,1756.7254717026851,LINEAR_ELASTIC,0.0
BAY-0138,3.8027383648725253,325527.9180200952,0.020662788510672502,2168.7968786452902,FIRST_NOMINAL_LIMIT_NO_CONTINUATION,0.0
BAY-0139,0.0,0.0,0.0,0.0,LINEAR_ELASTIC,0.0
BAY-0139,0.2803903004154543,24002.406153001688,0.0031174442910384906,23.979434392550484,LINEAR_ELASTIC,0.0
BAY-0139,0.5607806008309086,48004.812306003376,0.006234888582076981,95.91773757020194,LINEAR_ELASTIC,0.0
BAY-0139,0.8411709012463631,72007.21845900507,0.009352332873115472,215.8149095329544,LINEAR_ELASTIC,0.0
BAY-0139,1.1215612016618173,96009.62461200675,0.012469777164153963,383.67095028080774,LINEAR_ELASTIC,0.0
BAY-0139,1.4019515020772715,120012.03076500843,0.015587221455192452,599.485859813762,LINEAR_ELASTIC,0.0
BAY-0139,1.6823418024927261,144014.43691801015,0.018704665746230944,863.2596381318176,LINEAR_ELASTIC,0.0
BAY-0139,1.9627321029081803,168016.84307101183,0.021822110037269436,1174.9922852349737,LINEAR_ELASTIC,0.0
BAY-0139,2.2431224033236346,192019.2492240135,0.024939554328307925,1534.683801123231,LINEAR_ELASTIC,0.0
BAY-0139,2.5235127037390885,216021.65537701515,0.02805699861934641,1942.3341857965886,LINEAR_ELASTIC,0.0
BAY-0139,2.803903004154543,240024.06153001686,0.031174442910384903,2397.943439255048,FIRST_NOMINAL_LIMIT_NO_CONTINUATION,0.0
BAY-0140,0.0,0.0,0.0,0.0,LINEAR_ELASTIC,0.0
BAY-0140,0.45499838986803437,38949.47912389494,0.0024160769907506,30.3216759428122,LINEAR_ELASTIC,0.0
BAY-0140,0.9099967797360687,77898.95824778988,0.0048321539815012,121.2867037712488,LINEAR_ELASTIC,0.0
BAY-0140,1.3649951696041034,116848.43737168485,0.007248230972251801,272.8950834853099,LINEAR_ELASTIC,0.0
BAY-0140,1.8199935594721375,155797.91649557976,0.0096643079630024,485.1468150849952,LINEAR_ELASTIC,0.0
BAY-0140,2.274991949340172,194747.3956194747,0.012080384953753,758.041898570305,LINEAR_ELASTIC,0.0
BAY-0140,2.7299903392082068,233696.8747433697,0.014496461944503602,1091.5803339412396,LINEAR_ELASTIC,0.0
BAY-0140,3.184988729076241,272646.3538672646,0.016912538935254202,1485.762121197798,LINEAR_ELASTIC,0.0
BAY-0140,3.639987118944275,311595.8329911595,0.0193286159260048,1940.5872603399807,LINEAR_ELASTIC,0.0
BAY-0140,4.094985508812309,350545.31211505446,0.0217446929167554,2456.0557513677877,LINEAR_ELASTIC,0.0
BAY-0140,4.549983898680344,389494.7912389494,0.024160769907506,3032.16759428122,FIRST_NOMINAL_LIMIT_NO_CONTINUATION,0.0
BAY-0141,0.0,0.0,0.0,0.0,LINEAR_ELASTIC,0.0
BAY-0141,0.38027383648725666,32552.791802009873,0.00427496765109119,44.61477935512689,LINEAR_ELASTIC,0.0
BAY-0141,0.7605476729745133,65105.58360401975,0.00854993530218238,178.45911742050757,LINEAR_ELASTIC,0.0
BAY-0141,1.14082150946177,97658.37540602962,0.012824902953273569,401.53301419614206,LINEAR_ELASTIC,0.0
BAY-0141,1.5210953459490266,130211.1672080395,0.01709987060436476,713.8364696820303,LINEAR_ELASTIC,0.0
BAY-0141,1.901369182436283,162763.95901004935,0.021374838255455945,1115.369483878172,LINEAR_ELASTIC,0.0
BAY-0141,2.28164301892354,195316.75081205924,0.025649805906547137,1606.1320567845682,LINEAR_ELASTIC,0.0
BAY-0141,2.6619168554107966,227869.5426140691,0.029924773557638326,2186.124188401218,LINEAR_ELASTIC,0.0
BAY-0141,3.0421906918980532,260422.334416079,0.03419974120872952,2855.345878728121,LINEAR_ELASTIC,0.0
BAY-0141,3.4224645283853095,292975.12621808884,0.038474708859820704,3613.7971277652778,LINEAR_ELASTIC,0.0
BAY-0141,3.802738364872566,325527.9180200987,0.04274967651091189,4461.477935512688,FIRST_NOMINAL_LIMIT_NO_CONTINUATION,0.0
BAY-0142,0.0,0.0,0.0,0.0,LINEAR_ELASTIC,0.0
BAY-0142,0.38027383648725255,32552.79180200952,0.0020662788510672505,21.687968786452906,LINEAR_ELASTIC,0.0
BAY-0142,0.7605476729745051,65105.58360401904,0.004132557702134501,86.75187514581162,LINEAR_ELASTIC,0.0
BAY-0142,1.1408215094617578,97658.37540602857,0.006198836553201752,195.19171907807618,LINEAR_ELASTIC,0.0
BAY-0142,1.5210953459490102,130211.16720803808,0.008265115404269002,347.0075005832465,LINEAR_ELASTIC,0.0
BAY-0142,1.9013691824362626,162763.9590100476,0.010331394255336251,542.1992196613226,LINEAR_ELASTIC,0.0
BAY-0142,2.2816430189235155,195316.75081205714,0.012397673106403504,780.7668763123047,LINEAR_ELASTIC,0.0
BAY-0142,2.6619168554107677,227869.54261406665,0.014463951957470751,1062.7104705361924,LINEAR_ELASTIC,0.0
BAY-0142,3.0421906918980204,260422.33441607616,0.016530230808538004,1388.030002332986,LINEAR_ELASTIC,0.0
BAY-0142,3.4224645283852726,292975.12621808564,0.01859650965960525,1756.7254717026851,LINEAR_ELASTIC,0.0
BAY-0142,3.8027383648725253,325527.9180200952,0.020662788510672502,2168.7968786452902,FIRST_NOMINAL_LIMIT_NO_CONTINUATION,0.0
BAY-0143,0.0,0.0,0.0,0.0,LINEAR_ELASTIC,0.0
BAY-0143,0.389430972799242,33336.675212502334,0.004329783737553458,46.25662498562976,LINEAR_ELASTIC,0.0
BAY-0143,0.778861945598484,66673.35042500467,0.008659567475106916,185.02649994251905,LINEAR_ELASTIC,0.0
BAY-0143,1.1682929183977262,100010.02563750702,0.012989351212660375,416.309624870668,LINEAR_ELASTIC,0.0
BAY-0143,1.557723891196968,133346.70085000934,0.01731913495021383,740.1059997700762,LINEAR_ELASTIC,0.0
BAY-0143,1.94715486399621,166683.37606251167,0.021648918687767287,1156.415624640744,LINEAR_ELASTIC,0.0
BAY-0143,2.3365858367954524,200020.05127501403,0.02597870242532075,1665.238499482672,LINEAR_ELASTIC,0.0
BAY-0143,2.7260168095946944,233356.72648751637,0.03030848616287421,2266.574624295859,LINEAR_ELASTIC,0.0
BAY-0143,3.115447782393936,266693.4017000187,0.03463826990042766,2960.423999080305,LINEAR_ELASTIC,0.0
BAY-0143,3.504878755193178,300030.07691252104,0.03896805363798112,3746.7866238360107,LINEAR_ELASTIC,0.0
BAY-0143,3.89430972799242,333366.75212502334,0.043297837375534574,4625.662498562976,FIRST_NOMINAL_LIMIT_NO_CONTINUATION,0.0
BAY-0144,0.0,0.0,0.0,0.0,LINEAR_ELASTIC,0.0
BAY-0144,0.45499838986803437,38949.47912389494,0.0024160769907506,30.3216759428122,LINEAR_ELASTIC,0.0
BAY-0144,0.9099967797360687,77898.95824778988,0.0048321539815012,121.2867037712488,LINEAR_ELASTIC,0.0
BAY-0144,1.3649951696041034,116848.43737168485,0.007248230972251801,272.8950834853099,LINEAR_ELASTIC,0.0
BAY-0144,1.8199935594721375,155797.91649557976,0.0096643079630024,485.1468150849952,LINEAR_ELASTIC,0.0
BAY-0144,2.274991949340172,194747.3956194747,0.012080384953753,758.041898570305,LINEAR_ELASTIC,0.0
BAY-0144,2.7299903392082068,233696.8747433697,0.014496461944503602,1091.5803339412396,LINEAR_ELASTIC,0.0
BAY-0144,3.184988729076241,272646.3538672646,0.016912538935254202,1485.762121197798,LINEAR_ELASTIC,0.0
BAY-0144,3.639987118944275,311595.8329911595,0.0193286159260048,1940.5872603399807,LINEAR_ELASTIC,0.0
BAY-0144,4.094985508812309,350545.31211505446,0.0217446929167554,2456.0557513677877,LINEAR_ELASTIC,0.0
BAY-0144,4.549983898680344,389494.7912389494,0.024160769907506,3032.16759428122,FIRST_NOMINAL_LIMIT_NO_CONTINUATION,0.0
BAY-0145,0.0,0.0,0.0,0.0,LINEAR_ELASTIC,0.0
BAY-0145,0.2338414092736991,20017.655648077696,0.0028719669312155605,18.431060522074773,LINEAR_ELASTIC,0.0
BAY-0145,0.4676828185473982,40035.31129615539,0.005743933862431121,73.72424208829909,LINEAR_ELASTIC,0.0
BAY-0145,0.7015242278210974,60052.96694423309,0.008615900793646682,165.87954469867302,LINEAR_ELASTIC,0.0
BAY-0145,0.9353656370947964,80070.62259231078,0.011487867724862242,294.89696835319637,LINEAR_ELASTIC,0.0
BAY-0145,1.1692070463684954,100088.27824038848,0.014359834656077802,460.7765130518693,LINEAR_ELASTIC,0.0
BAY-0145,1.4030484556421947,120105.93388846618,0.017231801587293365,663.5181787946921,LINEAR_ELASTIC,0.0
BAY-0145,1.6368898649158936,140123.58953654388,0.02010376851850892,903.121965581664,LINEAR_ELASTIC,0.0
BAY-0145,1.8707312741895927,160141.24518462157,0.022975735449724484,1179.5878734127855,LINEAR_ELASTIC,0.0
BAY-0145,2.104572683463292,180158.90083269926,0.025847702380940044,1492.915902288057,LINEAR_ELASTIC,0.0
BAY-0145,2.3384140927369907,200176.55648077696,0.028719669312155603,1843.1060522074772,FIRST_NOMINAL_LIMIT_NO_CONTINUATION,0.0
BAY-0146,0.0,0.0,0.0,0.0,LINEAR_ELASTIC,0.0
BAY-0146,0.3480765914347026,29796.59320450471,0.00220111164017166,21.13277922335499,LINEAR_ELASTIC,0.0
BAY-0146,0.6961531828694052,59593.18640900942,0.00440222328034332,84.53111689341996,LINEAR_ELASTIC,0.0
BAY-0146,1.044229774304108,89389.77961351415,0.006603334920514982,190.19501301019494,LINEAR_ELASTIC,0.0
BAY-0146,1.3923063657388104,119186.37281801883,0.00880444656068664,338.12446757367985,LINEAR_ELASTIC,0.0
BAY-0146,1.740382957173513,148982.96602252356,0.011005558200858299,528.3194805838747,LINEAR_ELASTIC,0.0
BAY-0146,2.088459548608216,178779.5592270283,0.013206669841029963,760.7800520407798,LINEAR_ELASTIC,0.0
BAY-0146,2.4365361400429184,208576.15243153297,0.01540778148120162,1035.5061819443945,LINEAR_ELASTIC,0.0
BAY-0146,2.784612731477621,238372.74563603767,0.01760889312137328,1352.4978702947194,LINEAR_ELASTIC,0.0
BAY-0146,3.1326893229123236,268169.3388405424,0.01981000476154494,1711.7551170917543,LINEAR_ELASTIC,0.0
BAY-0146,3.480765914347026,297965.9320450471,0.022011116401716598,2113.2779223354987,FIRST_NOMINAL_LIMIT_NO_CONTINUATION,0.0
BAY-0147,0.0,0.0,0.0,0.0,LINEAR_ELASTIC,0.0
BAY-0147,0.23384140927369212,20017.6556480771,0.0028403951594298074,18.22121914417006,LINEAR_ELASTIC,0.0
BAY-0147,0.46768281854738425,40035.3112961542,0.005680790318859615,72.88487657668024,LINEAR_ELASTIC,0.0
BAY-0147,0.7015242278210764,60052.966944231295,0.008521185478289423,163.99097229753053,LINEAR_ELASTIC,0.0
BAY-0147,0.9353656370947685,80070.6225923084,0.01136158063771923,291.53950630672097,LINEAR_ELASTIC,0.0
BAY-0147,1.1692070463684605,100088.27824038548,0.014201975797149036,455.5304786042514,LINEAR_ELASTIC,0.0
BAY-0147,1.4030484556421527,120105.93388846259,0.017042370956578845,655.9638891901221,LINEAR_ELASTIC,0.0
BAY-0147,1.636889864915845,140123.58953653972,0.019882766116008654,892.839738064333,LINEAR_ELASTIC,0.0
BAY-0147,1.870731274189537,160141.2451846168,0.02272316127543846,1166.1580252268839,LINEAR_ELASTIC,0.0
BAY-0147,2.104572683463229,180158.90083269388,0.025563556434868264,1475.9187506777744,LINEAR_ELASTIC,0.0
BAY-0147,2.338414092736921,200176.55648077096,0.028403951594298073,1822.1219144170057,FIRST_NOMINAL_LIMIT_NO_CONTINUATION,0.0
BAY-0148,0.0,0.0,0.0,0.0,LINEAR_ELASTIC,0.0
BAY-0148,0.4164743231259583,35651.68210581489,0.0025774046868935717,29.58842709036333,LINEAR_ELASTIC,0.0
BAY-0148,0.8329486462519166,71303.36421162979,0.005154809373787143,118.35370836145331,LINEAR_ELASTIC,0.0
BAY-0148,1.249422969377875,106955.04631744468,0.007732214060680715,266.2958438132699,LINEAR_ELASTIC,0.0
BAY-0148,1.6658972925038331,142606.72842325957,0.010309618747574287,473.41483344581326,LINEAR_ELASTIC,0.0
BAY-0148,2.0823716156297913,178258.41052907443,0.012887023434467858,739.7106772590831,LINEAR_ELASTIC,0.0
BAY-0148,2.49884593875575,213910.09263488936,0.01546442812136143,1065.1833752530797,LINEAR_ELASTIC,0.0
BAY-0148,2.9153202618817082,249561.77474070425,0.018041832808255005,1449.8329274278033,LINEAR_ELASTIC,0.0
BAY-0148,3.3317945850076662,285213.45684651914,0.020619237495148574,1893.659333783253,LINEAR_ELASTIC,0.0
BAY-0148,3.7482689081336247,320865.138952334,0.023196642182042145,2396.66259431943,LINEAR_ELASTIC,0.0
BAY-0148,4.164743231259583,356516.82105814887,0.025774046868935717,2958.8427090363325,FIRST_NOMINAL_LIMIT_NO_CONTINUATION,0.0
BAY-0149,0.0,0.0,0.0,0.0,LINEAR_ELASTIC,0.0
BAY-0149,0.32477973510235986,27802.299511219022,0.003988842960021612,35.553743291039304,LINEAR_ELASTIC,0.0
BAY-0149,0.6495594702047197,55604.599022438044,0.007977685920043224,142.21497316415721,LINEAR_ELASTIC,0.0
BAY-0149,0.9743392053070796,83406.89853365708,0.011966528880064836,319.98368961935375,LINEAR_ELASTIC,0.0
BAY-0149,1.2991189404094394,111209.19804487609,0.015955371840086448,568.8598926566289,LINEAR_ELASTIC,0.0
BAY-0149,1.6238986755117992,139011.4975560951,0.019944214800108058,888.8435822759825,LINEAR_ELASTIC,0.0
BAY-0149,1.9486784106141593,166813.79706731415,0.02393305776012967,1279.934758477415,LINEAR_ELASTIC,0.0
BAY-0149,2.273458145716519,194616.09657853315,0.027921900720151282,1742.133421260926,LINEAR_ELASTIC,0.0
BAY-0149,2.598237880818879,222418.39608975218,0.031910743680172896,2275.4395706265154,LINEAR_ELASTIC,0.0
BAY-0149,2.9230176159212387,250220.6956009712,0.035899586640194506,2879.8532065741833,LINEAR_ELASTIC,0.0
BAY-0149,3.2477973510235985,278022.9951121902,0.039888429600216116,3555.37432910393,FIRST_NOMINAL_LIMIT_NO_CONTINUATION,0.0
BAY-0150,0.0,0.0,0.0,0.0,LINEAR_ELASTIC,0.0
BAY-0150,0.3480765914347026,29796.59320450471,0.00220111164017166,21.13277922335499,LINEAR_ELASTIC,0.0
BAY-0150,0.6961531828694052,59593.18640900942,0.00440222328034332,84.53111689341996,LINEAR_ELASTIC,0.0
BAY-0150,1.044229774304108,89389.77961351415,0.006603334920514982,190.19501301019494,LINEAR_ELASTIC,0.0
BAY-0150,1.3923063657388104,119186.37281801883,0.00880444656068664,338.12446757367985,LINEAR_ELASTIC,0.0
BAY-0150,1.740382957173513,148982.96602252356,0.011005558200858299,528.3194805838747,LINEAR_ELASTIC,0.0
BAY-0150,2.088459548608216,178779.5592270283,0.013206669841029963,760.7800520407798,LINEAR_ELASTIC,0.0
BAY-0150,2.4365361400429184,208576.15243153297,0.01540778148120162,1035.5061819443945,LINEAR_ELASTIC,0.0
BAY-0150,2.784612731477621,238372.74563603767,0.01760889312137328,1352.4978702947194,LINEAR_ELASTIC,0.0
BAY-0150,3.1326893229123236,268169.3388405424,0.01981000476154494,1711.7551170917543,LINEAR_ELASTIC,0.0
BAY-0150,3.480765914347026,297965.9320450471,0.022011116401716598,2113.2779223354987,FIRST_NOMINAL_LIMIT_NO_CONTINUATION,0.0
BAY-0151,0.0,0.0,0.0,0.0,LINEAR_ELASTIC,0.0
BAY-0151,0.32477973510235014,27802.299511218192,0.003944993276985843,35.14895668242681,LINEAR_ELASTIC,0.0
BAY-0151,0.6495594702047003,55604.599022436385,0.007889986553971686,140.59582672970723,LINEAR_ELASTIC,0.0
BAY-0151,0.9743392053070505,83406.89853365459,0.011834979830957531,316.34061014184135,LINEAR_ELASTIC,0.0
BAY-0151,1.2991189404094006,111209.19804487277,0.015779973107943372,562.3833069188289,LINEAR_ELASTIC,0.0
BAY-0151,1.6238986755117506,139011.49755609094,0.019724966384929217,878.72391706067,LINEAR_ELASTIC,0.0
BAY-0151,1.948678410614101,166813.79706730918,0.023669959661915062,1265.3624405673654,LINEAR_ELASTIC,0.0
BAY-0151,2.273458145716451,194616.09657852736,0.027614952938900907,1722.2988774389137,LINEAR_ELASTIC,0.0
BAY-0151,2.598237880818801,222418.39608974554,0.031559946215886744,2249.5332276753156,LINEAR_ELASTIC,0.0
BAY-0151,2.923017615921151,250220.69560096372,0.03550493949287259,2847.065491276571,LINEAR_ELASTIC,0.0
BAY-0151,3.247797351023501,278022.9951121819,0.039449932769858434,3514.89566824268,FIRST_NOMINAL_LIMIT_NO_CONTINUATION,0.0
BAY-0152,0.0,0.0,0.0,0.0,LINEAR_ELASTIC,0.0
BAY-0152,0.4164743231259583,35651.68210581489,0.0025774046868935717,29.58842709036333,LINEAR_ELASTIC,0.0
BAY-0152,0.8329486462519166,71303.36421162979,0.005154809373787143,118.35370836145331,LINEAR_ELASTIC,0.0
BAY-0152,1.249422969377875,106955.04631744468,0.007732214060680715,266.2958438132699,LINEAR_ELASTIC,0.0
BAY-0152,1.6658972925038331,142606.72842325957,0.010309618747574287,473.41483344581326,LINEAR_ELASTIC,0.0
BAY-0152,2.0823716156297913,178258.41052907443,0.012887023434467858,739.7106772590831,LINEAR_ELASTIC,0.0
BAY-0152,2.49884593875575,213910.09263488936,0.01546442812136143,1065.1833752530797,LINEAR_ELASTIC,0.0
BAY-0152,2.9153202618817082,249561.77474070425,0.018041832808255005,1449.8329274278033,LINEAR_ELASTIC,0.0
BAY-0152,3.3317945850076662,285213.45684651914,0.020619237495148574,1893.659333783253,LINEAR_ELASTIC,0.0
BAY-0152,3.7482689081336247,320865.138952334,0.023196642182042145,2396.66259431943,LINEAR_ELASTIC,0.0
BAY-0152,4.164743231259583,356516.82105814887,0.025774046868935717,2958.8427090363325,FIRST_NOMINAL_LIMIT_NO_CONTINUATION,0.0
BAY-0153,0.0,0.0,0.0,0.0,LINEAR_ELASTIC,0.0
BAY-0153,0.15431860219737406,13210.220758052714,0.002212941831343159,9.372118038742418,LINEAR_ELASTIC,0.0
BAY-0153,0.3086372043947481,26420.441516105428,0.004425883662686318,37.48847215496967,LINEAR_ELASTIC,0.0
BAY-0153,0.4629558065921222,39630.662274158145,0.006638825494029478,84.34906234868177,LINEAR_ELASTIC,0.0
BAY-0153,0.6172744087894962,52840.883032210855,0.008851767325372637,149.95388861987868,LINEAR_ELASTIC,0.0
BAY-0153,0.7715930109868703,66051.10379026356,0.011064709156715796,234.30295096856042,LINEAR_ELASTIC,0.0
BAY-0153,0.9259116131842444,79261.32454831629,0.013277650988058956,337.3962493947271,LINEAR_ELASTIC,0.0
BAY-0153,1.0802302153816186,92471.54530636901,0.015490592819402117,459.23378389837865,LINEAR_ELASTIC,0.0
BAY-0153,1.2345488175789925,105681.76606442171,0.017703534650745274,599.8155544795147,LINEAR_ELASTIC,0.0
BAY-0153,1.3888674197763666,118891.98682247443,0.019916476482088434,759.1415611381359,LINEAR_ELASTIC,0.0
BAY-0153,1.5431860219737406,132102.20758052712,0.02212941831343159,937.2118038742417,FIRST_NOMINAL_LIMIT_NO_CONTINUATION,0.0
BAY-0154,0.0,0.0,0.0,0.0,LINEAR_ELASTIC,0.0
BAY-0154,0.2981131374587343,25519.54398646443,0.0026523574150699135,21.771383314705027,LINEAR_ELASTIC,0.0
BAY-0154,0.5962262749174686,51039.08797292886,0.005304714830139827,87.0855332588201,LINEAR_ELASTIC,0.0
BAY-0154,0.894339412376203,76558.6319593933,0.00795707224520974,195.94244983234526,LINEAR_ELASTIC,0.0
BAY-0154,1.1924525498349372,102078.17594585771,0.010609429660279654,348.3421330352804,LINEAR_ELASTIC,0.0
BAY-0154,1.4905656872936714,127597.71993232214,0.013261787075349567,544.2845828676257,LINEAR_ELASTIC,0.0
BAY-0154,1.788678824752406,153117.2639187866,0.01591414449041948,783.769799329381,LINEAR_ELASTIC,0.0
BAY-0154,2.0867919622111404,178636.80790525104,0.018566501905489398,1066.7977824205464,LINEAR_ELASTIC,0.0
BAY-0154,2.3849050996698744,204156.35189171543,0.021218859320559308,1393.3685321411217,LINEAR_ELASTIC,0.0
BAY-0154,2.683018237128609,229675.89587817987,0.02387121673562922,1763.4820484911072,LINEAR_ELASTIC,0.0
BAY-0154,2.981131374587343,255195.4398646443,0.026523574150699135,2177.1383314705026,FIRST_NOMINAL_LIMIT_NO_CONTINUATION,0.0
BAY-0155,0.0,0.0,0.0,0.0,LINEAR_ELASTIC,0.0
BAY-0155,0.15431860219736027,13210.220758051531,0.0021886147773945495,9.265414566048628,LINEAR_ELASTIC,0.0
BAY-0155,0.30863720439472053,26420.441516103063,0.004377229554789099,37.06165826419451,LINEAR_ELASTIC,0.0
BAY-0155,0.4629558065920808,39630.662274154594,0.006565844332183648,83.38873109443766,LINEAR_ELASTIC,0.0
BAY-0155,0.6172744087894411,52840.883032206126,0.008754459109578198,148.24663305677805,LINEAR_ELASTIC,0.0
BAY-0155,0.7715930109868012,66051.10379025765,0.010943073886972746,231.63536415121564,LINEAR_ELASTIC,0.0
BAY-0155,0.9259116131841616,79261.32454830919,0.013131688664367296,333.55492437775064,LINEAR_ELASTIC,0.0
BAY-0155,1.0802302153815218,92471.54530636071,0.015320303441761845,454.00531373638273,LINEAR_ELASTIC,0.0
BAY-0155,1.2345488175788821,105681.76606441225,0.017508918219156396,592.9865322271122,LINEAR_ELASTIC,0.0
BAY-0155,1.3888674197762423,118891.98682246378,0.019697532996550943,750.4985798499387,LINEAR_ELASTIC,0.0
BAY-0155,1.5431860219736024,132102.2075805153,0.021886147773945493,926.5414566048626,FIRST_NOMINAL_LIMIT_NO_CONTINUATION,0.0
BAY-0156,0.0,0.0,0.0,0.0,LINEAR_ELASTIC,0.0
BAY-0156,0.3228281353162104,27635.235634024044,0.0028213592766892985,25.063959498131602,LINEAR_ELASTIC,0.0
BAY-0156,0.6456562706324208,55270.47126804809,0.005642718553378597,100.25583799252641,LINEAR_ELASTIC,0.0
BAY-0156,0.9684844059486313,82905.70690207214,0.008464077830067895,225.57563548318447,LINEAR_ELASTIC,0.0
BAY-0156,1.2913125412648416,110540.94253609618,0.011285437106757194,401.02335197010564,LINEAR_ELASTIC,0.0
BAY-0156,1.614140676581052,138176.17817012023,0.014106796383446491,626.59898745329,LINEAR_ELASTIC,0.0
BAY-0156,1.9369688118972626,165811.41380414428,0.01692815566013579,902.3025419327379,LINEAR_ELASTIC,0.0
BAY-0156,2.259796947213473,193446.64943816833,0.019749514936825092,1228.134015408449,LINEAR_ELASTIC,0.0
BAY-0156,2.5826250825296833,221081.88507219235,0.022570874213514388,1604.0934078804225,LINEAR_ELASTIC,0.0
BAY-0156,2.905453217845894,248717.1207062164,0.025392233490203687,2030.1807193486602,LINEAR_ELASTIC,0.0
BAY-0156,3.228281353162104,276352.35634024045,0.028213592766892982,2506.39594981316,FIRST_NOMINAL_LIMIT_NO_CONTINUATION,0.0
BAY-0157,0.0,0.0,0.0,0.0,LINEAR_ELASTIC,0.0
BAY-0157,0.2143313919407973,18347.52883062877,0.0030735303213099436,18.078931401895098,LINEAR_ELASTIC,0.0
BAY-0157,0.4286627838815946,36695.05766125754,0.006147060642619887,72.31572560758039,LINEAR_ELASTIC,0.0
BAY-0157,0.6429941758223919,55042.58649188631,0.00922059096392983,162.71038261705587,LINEAR_ELASTIC,0.0
BAY-0157,0.8573255677631892,73390.11532251508,0.012294121285239774,289.26290243032156,LINEAR_ELASTIC,0.0
BAY-0157,1.0716569597039864,91737.64415314383,0.015367651606549716,451.9732850473774,LINEAR_ELASTIC,0.0
BAY-0157,1.2859883516447839,110085.17298377262,0.01844118192785966,650.8415304682235,LINEAR_ELASTIC,0.0
BAY-0157,1.500319743585581,128432.70181440137,0.021514712249169603,885.8676386928596,LINEAR_ELASTIC,0.0
BAY-0157,1.7146511355263785,146780.23064503015,0.02458824257047955,1157.0516097212862,LINEAR_ELASTIC,0.0
BAY-0157,1.9289825274671757,165127.7594756589,0.02766177289178949,1464.3934435535025,LINEAR_ELASTIC,0.0
BAY-0157,2.143313919407973,183475.28830628766,0.030735303213099432,1807.8931401895095,FIRST_NOMINAL_LIMIT_NO_CONTINUATION,0.0
BAY-0158,0.0,0.0,0.0,0.0,LINEAR_ELASTIC,0.0
BAY-0158,0.2981131374587343,25519.54398646443,0.0026523574150699135,21.771383314705027,LINEAR_ELASTIC,0.0
BAY-0158,0.5962262749174686,51039.08797292886,0.005304714830139827,87.0855332588201,LINEAR_ELASTIC,0.0
BAY-0158,0.894339412376203,76558.6319593933,0.00795707224520974,195.94244983234526,LINEAR_ELASTIC,0.0
BAY-0158,1.1924525498349372,102078.17594585771,0.010609429660279654,348.3421330352804,LINEAR_ELASTIC,0.0
BAY-0158,1.4905656872936714,127597.71993232214,0.013261787075349567,544.2845828676257,LINEAR_ELASTIC,0.0
BAY-0158,1.788678824752406,153117.2639187866,0.01591414449041948,783.769799329381,LINEAR_ELASTIC,0.0
BAY-0158,2.0867919622111404,178636.80790525104,0.018566501905489398,1066.7977824205464,LINEAR_ELASTIC,0.0
BAY-0158,2.3849050996698744,204156.35189171543,0.021218859320559308,1393.3685321411217,LINEAR_ELASTIC,0.0
BAY-0158,2.683018237128609,229675.89587817987,0.02387121673562922,1763.4820484911072,LINEAR_ELASTIC,0.0
BAY-0158,2.981131374587343,255195.4398646443,0.026523574150699135,2177.1383314705026,FIRST_NOMINAL_LIMIT_NO_CONTINUATION,0.0
BAY-0159,0.0,0.0,0.0,0.0,LINEAR_ELASTIC,0.0
BAY-0159,0.21433139194077816,18347.52883062713,0.003039742746381319,17.873099085741956,LINEAR_ELASTIC,0.0
BAY-0159,0.4286627838815563,36695.05766125426,0.006079485492762638,71.49239634296782,LINEAR_ELASTIC,0.0
BAY-0159,0.6429941758223345,55042.58649188139,0.009119228239143958,160.85789177167763,LINEAR_ELASTIC,0.0
BAY-0159,0.8573255677631126,73390.11532250851,0.012158970985525276,285.9695853718713,LINEAR_ELASTIC,0.0
BAY-0159,1.0716569597038907,91737.64415313564,0.015198713731906593,446.82747714354883,LINEAR_ELASTIC,0.0
BAY-0159,1.285988351644669,110085.17298376278,0.018238456478287916,643.4315670867105,LINEAR_ELASTIC,0.0
BAY-0159,1.5003197435854472,128432.7018143899,0.021278199224669232,875.7818552013559,LINEAR_ELASTIC,0.0
BAY-0159,1.7146511355262253,146780.23064501703,0.02431794197105055,1143.8783414874852,LINEAR_ELASTIC,0.0
BAY-0159,1.9289825274670034,165127.75947564415,0.02735768471743187,1447.7210259450983,LINEAR_ELASTIC,0.0
BAY-0159,2.1433139194077815,183475.28830627128,0.030397427463813187,1787.3099085741953,FIRST_NOMINAL_LIMIT_NO_CONTINUATION,0.0
BAY-0160,0.0,0.0,0.0,0.0,LINEAR_ELASTIC,0.0
BAY-0160,0.35669295262381173,30534.184342698587,0.003117321140021325,30.598207295502306,LINEAR_ELASTIC,0.0
BAY-0160,0.7133859052476235,61068.368685397174,0.00623464228004265,122.39282918200922,LINEAR_ELASTIC,0.0
BAY-0160,1.0700788578714353,91602.55302809578,0.009351963420063976,275.3838656595208,LINEAR_ELASTIC,0.0
BAY-0160,1.426771810495247,122136.73737079435,0.0124692845600853,489.5713167280369,LINEAR_ELASTIC,0.0
BAY-0160,1.7834647631190585,152670.92171349292,0.015586605700106625,764.9551823875574,LINEAR_ELASTIC,0.0
BAY-0160,2.1401577157428706,183205.10605619155,0.018703926840127953,1101.5354626380831,LINEAR_ELASTIC,0.0
BAY-0160,2.4968506683666822,213739.29039889012,0.021821247980149276,1499.3121574796128,LINEAR_ELASTIC,0.0
BAY-0160,2.853543620990494,244273.4747415887,0.0249385691201706,1958.2852669121476,LINEAR_ELASTIC,0.0
BAY-0160,3.2102365736143055,274807.65908428724,0.028055890260191924,2478.4547909356866,LINEAR_ELASTIC,0.0
BAY-0160,3.566929526238117,305341.84342698584,0.03117321140021325,3059.8207295502298,FIRST_NOMINAL_LIMIT_NO_CONTINUATION,0.0
BAY-0161,0.0,0.0,0.0,0.0,LINEAR_ELASTIC,0.0
BAY-0161,0.32738403065036237,28025.236465147136,0.003568891417605053,32.12458240397293,LINEAR_ELASTIC,0.0
BAY-0161,0.6547680613007247,56050.47293029427,0.007137782835210106,128.49832961589172,LINEAR_ELASTIC,0.0
BAY-0161,0.9821520919510872,84075.70939544142,0.01070667425281516,289.12124163575646,LINEAR_ELASTIC,0.0
BAY-0161,1.3095361226014495,112100.94586058854,0.014275565670420211,513.9933184635669,LINEAR_ELASTIC,0.0
BAY-0161,1.6369201532518118,140126.1823257357,0.017844457088025265,803.1145600993233,LINEAR_ELASTIC,0.0
BAY-0161,1.9643041839021744,168151.41879088283,0.02141334850563032,1156.4849665430258,LINEAR_ELASTIC,0.0
BAY-0161,2.291688214552537,196176.65525602998,0.024982239923235373,1574.104537794674,LINEAR_ELASTIC,0.0
BAY-0161,2.619072245202899,224201.8917211771,0.028551131340840422,2055.9732738542675,LINEAR_ELASTIC,0.0
BAY-0161,2.9464562758532615,252227.12818632426,0.03212002275844548,2602.091174721808,LINEAR_ELASTIC,0.0
BAY-0161,3.2738403065036237,280252.3646514714,0.03568891417605053,3212.458240397293,FIRST_NOMINAL_LIMIT_NO_CONTINUATION,0.0
BAY-0162,0.0,0.0,0.0,0.0,LINEAR_ELASTIC,0.0
BAY-0162,0.43523433554927,37257.605837671865,0.0022655278403090383,27.286521634173656,LINEAR_ELASTIC,0.0
BAY-0162,0.87046867109854,74515.21167534373,0.004531055680618077,109.14608653669463,LINEAR_ELASTIC,0.0
BAY-0162,1.3057030066478101,111772.81751301562,0.006796583520927116,245.57869470756296,LINEAR_ELASTIC,0.0
BAY-0162,1.74093734219708,149030.42335068746,0.009062111361236153,436.5843461467785,LINEAR_ELASTIC,0.0
BAY-0162,2.17617167774635,186288.02918835933,0.01132763920154519,682.1630408543413,LINEAR_ELASTIC,0.0
BAY-0162,2.6114060132956203,223545.63502603123,0.013593167041854232,982.3147788302518,LINEAR_ELASTIC,0.0
BAY-0162,3.04664034884489,260803.24086370307,0.01585869488216327,1337.039560074509,LINEAR_ELASTIC,0.0
BAY-0162,3.48187468439416,298060.8467013749,0.018124222722472307,1746.337384587114,LINEAR_ELASTIC,0.0
BAY-0162,3.9171090199434295,335318.45253904676,0.020389750562781344,2210.2082523680656,LINEAR_ELASTIC,0.0
BAY-0162,4.3523433554927,372576.05837671866,0.02265527840309038,2728.652163417365,FIRST_NOMINAL_LIMIT_NO_CONTINUATION,0.0
BAY-0163,0.0,0.0,0.0,0.0,LINEAR_ELASTIC,0.0
BAY-0163,0.3273840306504151,28025.23646515165,0.00352528560555021,31.718246391938333,LINEAR_ELASTIC,0.0
BAY-0163,0.6547680613008302,56050.4729303033,0.00705057121110042,126.87298556775333,LINEAR_ELASTIC,0.0
BAY-0163,0.9821520919512454,84075.70939545496,0.01057585681665063,285.46421752744504,LINEAR_ELASTIC,0.0
BAY-0163,1.3095361226016604,112100.9458606066,0.01410114242220084,507.49194227101333,LINEAR_ELASTIC,0.0
BAY-0163,1.6369201532520754,140126.18232575824,0.017626428027751048,792.9561597984582,LINEAR_ELASTIC,0.0
BAY-0163,1.9643041839024908,168151.41879090993,0.02115171363330126,1141.8568701097802,LINEAR_ELASTIC,0.0
BAY-0163,2.291688214552906,196176.65525606158,0.02467699923885147,1554.1940732049784,LINEAR_ELASTIC,0.0
BAY-0163,2.619072245203321,224201.8917212132,0.02820228484440168,2029.9677690840533,LINEAR_ELASTIC,0.0
BAY-0163,2.946456275853736,252227.12818636486,0.03172757044995189,2569.1779577470047,LINEAR_ELASTIC,0.0
BAY-0163,3.273840306504151,280252.3646515165,0.035252856055502095,3171.824639193833,FIRST_NOMINAL_LIMIT_NO_CONTINUATION,0.0
BAY-0164,0.0,0.0,0.0,0.0,LINEAR_ELASTIC,0.0
BAY-0164,0.5207587345989907,44578.79832878574,0.0026413462020725108,38.0357273000817,LINEAR_ELASTIC,0.0
BAY-0164,1.0415174691979814,89157.59665757148,0.0052826924041450216,152.1429092003268,LINEAR_ELASTIC,0.0
BAY-0164,1.5622762037969722,133736.39498635725,0.007924038606217532,342.3215457007354,LINEAR_ELASTIC,0.0
BAY-0164,2.0830349383959628,178315.19331514297,0.010565384808290043,608.5716368013072,LINEAR_ELASTIC,0.0
BAY-0164,2.603793672994953,222893.9916439287,0.013206731010362552,950.8931825020424,LINEAR_ELASTIC,0.0
BAY-0164,3.1245524075939444,267472.7899727145,0.015848077212435065,1369.2861828029415,LINEAR_ELASTIC,0.0
BAY-0164,3.6453111421929347,312051.5883015002,0.018489423414507575,1863.7506377040033,LINEAR_ELASTIC,0.0
BAY-0164,4.1660698767919255,356630.38663028594,0.021130769616580086,2434.286547205229,LINEAR_ELASTIC,0.0
BAY-0164,4.686828611390916,401209.18495907163,0.023772115818652594,3080.8939113066176,LINEAR_ELASTIC,0.0
BAY-0164,5.207587345989906,445787.9832878574,0.026413462020725104,3803.5727300081694,FIRST_NOMINAL_LIMIT_NO_CONTINUATION,0.0
BAY-0165,0.0,0.0,0.0,0.0,LINEAR_ELASTIC,0.0
BAY-0165,0.43523433554924235,37257.6058376695,0.004744593319665055,56.77652488255088,LINEAR_ELASTIC,0.0
BAY-0165,0.8704686710984847,74515.211675339,0.00948918663933011,227.10609953020352,LINEAR_ELASTIC,0.0
BAY-0165,1.305703006647727,111772.8175130085,0.014233779958995165,510.988723942958,LINEAR_ELASTIC,0.0
BAY-0165,1.7409373421969694,149030.423350678,0.01897837327866022,908.4243981208141,LINEAR_ELASTIC,0.0
BAY-0165,2.1761716777462117,186288.0291883475,0.023722966598325273,1419.413122063772,LINEAR_ELASTIC,0.0
BAY-0165,2.611406013295454,223545.635026017,0.02846755991799033,2043.954895771832,LINEAR_ELASTIC,0.0
BAY-0165,3.0466403488446967,260803.24086368651,0.03321215323765538,2782.049719244994,LINEAR_ELASTIC,0.0
BAY-0165,3.4818746843939388,298060.846701356,0.03795674655732044,3633.6975924832564,LINEAR_ELASTIC,0.0
BAY-0165,3.9171090199431813,335318.4525390255,0.042701339876985496,4598.898515486622,LINEAR_ELASTIC,0.0
BAY-0165,4.352343355492423,372576.058376695,0.047445933196650546,5677.652488255088,FIRST_NOMINAL_LIMIT_NO_CONTINUATION,0.0
BAY-0166,0.0,0.0,0.0,0.0,LINEAR_ELASTIC,0.0
BAY-0166,0.43523433554927,37257.605837671865,0.0022655278403090383,27.286521634173656,LINEAR_ELASTIC,0.0
BAY-0166,0.87046867109854,74515.21167534373,0.004531055680618077,109.14608653669463,LINEAR_ELASTIC,0.0
BAY-0166,1.3057030066478101,111772.81751301562,0.006796583520927116,245.57869470756296,LINEAR_ELASTIC,0.0
BAY-0166,1.74093734219708,149030.42335068746,0.009062111361236153,436.5843461467785,LINEAR_ELASTIC,0.0
BAY-0166,2.17617167774635,186288.02918835933,0.01132763920154519,682.1630408543413,LINEAR_ELASTIC,0.0
BAY-0166,2.6114060132956203,223545.63502603123,0.013593167041854232,982.3147788302518,LINEAR_ELASTIC,0.0
BAY-0166,3.04664034884489,260803.24086370307,0.01585869488216327,1337.039560074509,LINEAR_ELASTIC,0.0
BAY-0166,3.48187468439416,298060.8467013749,0.018124222722472307,1746.337384587114,LINEAR_ELASTIC,0.0
BAY-0166,3.9171090199434295,335318.45253904676,0.020389750562781344,2210.2082523680656,LINEAR_ELASTIC,0.0
BAY-0166,4.3523433554927,372576.05837671866,0.02265527840309038,2728.652163417365,FIRST_NOMINAL_LIMIT_NO_CONTINUATION,0.0
BAY-0167,0.0,0.0,0.0,0.0,LINEAR_ELASTIC,0.0
BAY-0167,0.454700042570021,38923.93953493285,0.004896230007708625,61.18488887333784,LINEAR_ELASTIC,0.0
BAY-0167,0.909400085140042,77847.8790698657,0.00979246001541725,244.73955549335136,LINEAR_ELASTIC,0.0
BAY-0167,1.3641001277100633,116771.81860479858,0.014688690023125879,550.6639998600408,LINEAR_ELASTIC,0.0
BAY-0167,1.818800170280084,155695.7581397314,0.0195849200308345,978.9582219734054,LINEAR_ELASTIC,0.0
BAY-0167,2.273500212850105,194619.69767466426,0.024481150038543127,1529.6222218334458,LINEAR_ELASTIC,0.0
BAY-0167,2.7282002554201266,233543.63720959716,0.029377380046251757,2202.655999440163,LINEAR_ELASTIC,0.0
BAY-0167,3.1829002979901473,272467.57674453,0.03427361005396038,2998.0595547935545,LINEAR_ELASTIC,0.0
BAY-0167,3.637600340560168,311391.5162794628,0.039169840061669,3915.832887893622,LINEAR_ELASTIC,0.0
BAY-0167,4.092300383130189,350315.4558143956,0.04406607006937763,4955.975998740364,LINEAR_ELASTIC,0.0
BAY-0167,4.54700042570021,389239.3953493285,0.048962300077086254,6118.488887333783,FIRST_NOMINAL_LIMIT_NO_CONTINUATION,0.0
BAY-0168,0.0,0.0,0.0,0.0,LINEAR_ELASTIC,0.0
BAY-0168,0.5207587345989907,44578.79832878574,0.0026413462020725108,38.0357273000817,LINEAR_ELASTIC,0.0
BAY-0168,1.0415174691979814,89157.59665757148,0.0052826924041450216,152.1429092003268,LINEAR_ELASTIC,0.0
BAY-0168,1.5622762037969722,133736.39498635725,0.007924038606217532,342.3215457007354,LINEAR_ELASTIC,0.0
BAY-0168,2.0830349383959628,178315.19331514297,0.010565384808290043,608.5716368013072,LINEAR_ELASTIC,0.0
BAY-0168,2.603793672994953,222893.9916439287,0.013206731010362552,950.8931825020424,LINEAR_ELASTIC,0.0
BAY-0168,3.1245524075939444,267472.7899727145,0.015848077212435065,1369.2861828029415,LINEAR_ELASTIC,0.0
BAY-0168,3.6453111421929347,312051.5883015002,0.018489423414507575,1863.7506377040033,LINEAR_ELASTIC,0.0
BAY-0168,4.1660698767919255,356630.38663028594,0.021130769616580086,2434.286547205229,LINEAR_ELASTIC,0.0
BAY-0168,4.686828611390916,401209.18495907163,0.023772115818652594,3080.8939113066176,LINEAR_ELASTIC,0.0
BAY-0168,5.207587345989906,445787.9832878574,0.026413462020725104,3803.5727300081694,FIRST_NOMINAL_LIMIT_NO_CONTINUATION,0.0
BAY-0169,0.0,0.0,0.0,0.0,LINEAR_ELASTIC,0.0
BAY-0169,0.2795977398929193,23934.56015570958,0.003199259106917226,24.59403212946626,LINEAR_ELASTIC,0.0
BAY-0169,0.5591954797858386,47869.12031141916,0.006398518213834452,98.37612851786504,LINEAR_ELASTIC,0.0
BAY-0169,0.838793219678758,71803.68046712874,0.009597777320751679,221.34628916519637,LINEAR_ELASTIC,0.0
BAY-0169,1.1183909595716772,95738.24062283832,0.012797036427668903,393.50451407146016,LINEAR_ELASTIC,0.0
BAY-0169,1.3979886994645965,119672.80077854788,0.01599629553458613,614.8508032366565,LINEAR_ELASTIC,0.0
BAY-0169,1.677586439357516,143607.36093425748,0.019195554641503357,885.3851566607855,LINEAR_ELASTIC,0.0
BAY-0169,1.9571841792504352,167541.92108996704,0.022394813748420582,1205.1075743438469,LINEAR_ELASTIC,0.0
BAY-0169,2.2367819191433544,191476.48124567664,0.025594072855337806,1574.0180562858407,LINEAR_ELASTIC,0.0
BAY-0169,2.5163796590362737,215411.0414013862,0.02879333196225503,1992.116602486767,LINEAR_ELASTIC,0.0
BAY-0169,2.795977398929193,239345.60155709577,0.03199259106917226,2459.403212946626,FIRST_NOMINAL_LIMIT_NO_CONTINUATION,0.0
BAY-0170,0.0,0.0,0.0,0.0,LINEAR_ELASTIC,0.0
BAY-0170,0.41465149416036307,35495.64146847885,0.002330780918740292,26.735620379799922,LINEAR_ELASTIC,0.0
BAY-0170,0.8293029883207261,70991.2829369577,0.004661561837480584,106.94248151919969,LINEAR_ELASTIC,0.0
BAY-0170,1.2439544824810893,106486.92440543656,0.006992342756220877,240.62058341819935,LINEAR_ELASTIC,0.0
BAY-0170,1.6586059766414523,141982.5658739154,0.009323123674961168,427.76992607679875,LINEAR_ELASTIC,0.0
BAY-0170,2.073257470801815,177478.20734239422,0.01165390459370146,668.390509494998,LINEAR_ELASTIC,0.0
BAY-0170,2.4879089649621786,212973.8488108731,0.013984685512441754,962.4823336727974,LINEAR_ELASTIC,0.0
BAY-0170,2.9025604591225416,248469.49027935194,0.016315466431182046,1310.0453986101963,LINEAR_ELASTIC,0.0
BAY-0170,3.3172119532829045,283965.1317478308,0.018646247349922335,1711.079704307195,LINEAR_ELASTIC,0.0
BAY-0170,3.7318634474432675,319460.7732163096,0.02097702826866263,2165.5852507637937,LINEAR_ELASTIC,0.0
BAY-0170,4.14651494160363,354956.41468478844,0.02330780918740292,2673.562037979992,FIRST_NOMINAL_LIMIT_NO_CONTINUATION,0.0
BAY-0171,0.0,0.0,0.0,0.0,LINEAR_ELASTIC,0.0
BAY-0171,0.27959773989293835,23934.56015571121,0.003160169576021717,24.282948212181296,LINEAR_ELASTIC,0.0
BAY-0171,0.5591954797858767,47869.12031142242,0.006320339152043434,97.13179284872518,LINEAR_ELASTIC,0.0
BAY-0171,0.8387932196788151,71803.68046713363,0.009480508728065152,218.5465339096317,LINEAR_ELASTIC,0.0
BAY-0171,1.1183909595717534,95738.24062284484,0.012640678304086867,388.52717139490073,LINEAR_ELASTIC,0.0
BAY-0171,1.3979886994646917,119672.80077855605,0.015800847880108587,607.0737053045324,LINEAR_ELASTIC,0.0
BAY-0171,1.6775864393576303,143607.36093426726,0.018961017456130304,874.1861356385268,LINEAR_ELASTIC,0.0
BAY-0171,1.9571841792505686,167541.92108997848,0.02212118703215202,1189.8644623968837,LINEAR_ELASTIC,0.0
BAY-0171,2.2367819191435068,191476.48124568968,0.025281356608173735,1554.108685579603,LINEAR_ELASTIC,0.0
BAY-0171,2.516379659036445,215411.04140140087,0.028441526184195452,1966.9188051866847,LINEAR_ELASTIC,0.0
BAY-0171,2.7959773989293835,239345.6015571121,0.03160169576021717,2428.2948212181295,FIRST_NOMINAL_LIMIT_NO_CONTINUATION,0.0
BAY-0172,0.0,0.0,0.0,0.0,LINEAR_ELASTIC,0.0
BAY-0172,0.49613132457945985,42470.604511419646,0.0027194216381699133,37.29566893051202,LINEAR_ELASTIC,0.0
BAY-0172,0.9922626491589197,84941.20902283929,0.0054388432763398265,149.1826757220481,LINEAR_ELASTIC,0.0
BAY-0172,1.4883939737383798,127411.81353425897,0.00815826491450974,335.6610203746083,LINEAR_ELASTIC,0.0
BAY-0172,1.9845252983178394,169882.41804567858,0.010877686552679653,596.7307028881924,LINEAR_ELASTIC,0.0
BAY-0172,2.4806566228972993,212353.02255709824,0.013597108190849567,932.3917232628006,LINEAR_ELASTIC,0.0
BAY-0172,2.9767879474767596,254823.62706851793,0.01631652982901948,1342.6440814984333,LINEAR_ELASTIC,0.0
BAY-0172,3.4729192720562194,297294.23157993756,0.019035951467189397,1827.4877775950895,LINEAR_ELASTIC,0.0
BAY-0172,3.969050596635679,339764.83609135717,0.021755373105359306,2386.9228115527694,LINEAR_ELASTIC,0.0
BAY-0172,4.465181921215139,382235.4406027769,0.024474794743529222,3020.949183371474,LINEAR_ELASTIC,0.0
BAY-0172,4.9613132457945985,424706.0451141965,0.027194216381699134,3729.5668930512024,FIRST_NOMINAL_LIMIT_NO_CONTINUATION,0.0
BAY-0173,0.0,0.0,0.0,0.0,LINEAR_ELASTIC,0.0
BAY-0173,0.3883301942957213,33242.44466070775,0.004443415426273925,47.442191607766716,LINEAR_ELASTIC,0.0
BAY-0173,0.7766603885914426,66484.8893214155,0.00888683085254785,189.76876643106687,LINEAR_ELASTIC,0.0
BAY-0173,1.164990582887164,99727.33398212327,0.013330246278821779,426.9797244699006,LINEAR_ELASTIC,0.0
BAY-0173,1.5533207771828852,132969.778642831,0.0177736617050957,759.0750657242675,LINEAR_ELASTIC,0.0
BAY-0173,1.9416509714786063,166212.22330353875,0.022217077131369625,1186.0547901941677,LINEAR_ELASTIC,0.0
BAY-0173,2.329981165774328,199454.66796424653,0.026660492557643557,1707.9188978796024,LINEAR_ELASTIC,0.0
BAY-0173,2.7183113600700493,232697.1126249543,0.03110390798391748,2324.6673887805696,LINEAR_ELASTIC,0.0
BAY-0173,3.1066415543657704,265939.557285662,0.0355473234101914,3036.30026289707,LINEAR_ELASTIC,0.0
BAY-0173,3.4949717486614915,299182.00194636977,0.039990738836465325,3842.8175202291036,LINEAR_ELASTIC,0.0
BAY-0173,3.8833019429572126,332424.4466070775,0.04443415426273925,4744.219160776671,FIRST_NOMINAL_LIMIT_NO_CONTINUATION,0.0
BAY-0174,0.0,0.0,0.0,0.0,LINEAR_ELASTIC,0.0
BAY-0174,0.41465149416036307,35495.64146847885,0.002330780918740292,26.735620379799922,LINEAR_ELASTIC,0.0
BAY-0174,0.8293029883207261,70991.2829369577,0.004661561837480584,106.94248151919969,LINEAR_ELASTIC,0.0
BAY-0174,1.2439544824810893,106486.92440543656,0.006992342756220877,240.62058341819935,LINEAR_ELASTIC,0.0
BAY-0174,1.6586059766414523,141982.5658739154,0.009323123674961168,427.76992607679875,LINEAR_ELASTIC,0.0
BAY-0174,2.073257470801815,177478.20734239422,0.01165390459370146,668.390509494998,LINEAR_ELASTIC,0.0
BAY-0174,2.4879089649621786,212973.8488108731,0.013984685512441754,962.4823336727974,LINEAR_ELASTIC,0.0
BAY-0174,2.9025604591225416,248469.49027935194,0.016315466431182046,1310.0453986101963,LINEAR_ELASTIC,0.0
BAY-0174,3.3172119532829045,283965.1317478308,0.018646247349922335,1711.079704307195,LINEAR_ELASTIC,0.0
BAY-0174,3.7318634474432675,319460.7732163096,0.02097702826866263,2165.5852507637937,LINEAR_ELASTIC,0.0
BAY-0174,4.14651494160363,354956.41468478844,0.02330780918740292,2673.562037979992,FIRST_NOMINAL_LIMIT_NO_CONTINUATION,0.0
BAY-0175,0.0,0.0,0.0,0.0,LINEAR_ELASTIC,0.0
BAY-0175,0.3883301942957478,33242.44466071002,0.004389124411141274,46.842106890781835,LINEAR_ELASTIC,0.0
BAY-0175,0.7766603885914956,66484.88932142004,0.008778248822282548,187.36842756312734,LINEAR_ELASTIC,0.0
BAY-0175,1.1649905828872433,99727.33398213005,0.013167373233423823,421.5789620170365,LINEAR_ELASTIC,0.0
BAY-0175,1.553320777182991,132969.77864284007,0.017556497644565097,749.4737102525094,LINEAR_ELASTIC,0.0
BAY-0175,1.9416509714787387,166212.22330355007,0.02194562205570637,1171.0526722695456,LINEAR_ELASTIC,0.0
BAY-0175,2.3299811657744867,199454.6679642601,0.026334746466847647,1686.315848068146,LINEAR_ELASTIC,0.0
BAY-0175,2.7183113600702344,232697.11262497012,0.03072387087798892,2295.2632376483098,LINEAR_ELASTIC,0.0
BAY-0175,3.106641554365982,265939.55728568014,0.03511299528913019,2997.8948410100375,LINEAR_ELASTIC,0.0
BAY-0175,3.4949717486617295,299182.00194639014,0.03950211970027147,3794.2106581533276,LINEAR_ELASTIC,0.0
BAY-0175,3.8833019429574773,332424.44660710014,0.04389124411141274,4684.210689078182,FIRST_NOMINAL_LIMIT_NO_CONTINUATION,0.0
BAY-0176,0.0,0.0,0.0,0.0,LINEAR_ELASTIC,0.0
BAY-0176,0.49613132457945985,42470.604511419646,0.0027194216381699133,37.29566893051202,LINEAR_ELASTIC,0.0
BAY-0176,0.9922626491589197,84941.20902283929,0.0054388432763398265,149.1826757220481,LINEAR_ELASTIC,0.0
BAY-0176,1.4883939737383798,127411.81353425897,0.00815826491450974,335.6610203746083,LINEAR_ELASTIC,0.0
BAY-0176,1.9845252983178394,169882.41804567858,0.010877686552679653,596.7307028881924,LINEAR_ELASTIC,0.0
BAY-0176,2.4806566228972993,212353.02255709824,0.013597108190849567,932.3917232628006,LINEAR_ELASTIC,0.0
BAY-0176,2.9767879474767596,254823.62706851793,0.01631652982901948,1342.6440814984333,LINEAR_ELASTIC,0.0
BAY-0176,3.4729192720562194,297294.23157993756,0.019035951467189397,1827.4877775950895,LINEAR_ELASTIC,0.0
BAY-0176,3.969050596635679,339764.83609135717,0.021755373105359306,2386.9228115527694,LINEAR_ELASTIC,0.0
BAY-0176,4.465181921215139,382235.4406027769,0.024474794743529222,3020.949183371474,LINEAR_ELASTIC,0.0
BAY-0176,4.9613132457945985,424706.0451141965,0.027194216381699134,3729.5668930512024,FIRST_NOMINAL_LIMIT_NO_CONTINUATION,0.0
BAY-0177,0.0,0.0,0.0,0.0,LINEAR_ELASTIC,0.0
BAY-0177,0.23318042539070083,19961.07307872061,0.002914939043873751,18.688232663610286,LINEAR_ELASTIC,0.0
BAY-0177,0.46636085078140166,39922.14615744122,0.005829878087747502,74.75293065444114,LINEAR_ELASTIC,0.0
BAY-0177,0.6995412761721026,59883.21923616183,0.008744817131621254,168.19409397249262,LINEAR_ELASTIC,0.0
BAY-0177,0.9327217015628033,79844.29231488243,0.011659756175495004,299.0117226177646,LINEAR_ELASTIC,0.0
BAY-0177,1.1659021269535041,99805.36539360303,0.014574695219368754,467.20581659025714,LINEAR_ELASTIC,0.0
BAY-0177,1.3990825523442052,119766.43847232366,0.017489634263242508,672.7763758899705,LINEAR_ELASTIC,0.0
BAY-0177,1.632262977734906,139727.51155104427,0.02040457330711626,915.7234005169043,LINEAR_ELASTIC,0.0
BAY-0177,1.8654434031256066,159688.58462976487,0.02331951235099001,1196.0468904710583,LINEAR_ELASTIC,0.0
BAY-0177,2.0986238285163075,179649.65770848547,0.02623445139486376,1513.7468457524333,LINEAR_ELASTIC,0.0
BAY-0177,2.3318042539070083,199610.73078720606,0.02914939043873751,1868.8232663610286,FIRST_NOMINAL_LIMIT_NO_CONTINUATION,0.0
BAY-0178,0.0,0.0,0.0,0.0,LINEAR_ELASTIC,0.0
BAY-0178,0.37954354171162996,32490.275973930104,0.00247813579208779,26.000539080445137,LINEAR_ELASTIC,0.0
BAY-0178,0.7590870834232599,64980.55194786021,0.00495627158417558,104.00215632178055,LINEAR_ELASTIC,0.0
BAY-0178,1.13863062513489,97470.82792179033,0.0074344073762633725,234.0048517240063,LINEAR_ELASTIC,0.0
BAY-0178,1.5181741668465198,129961.10389572041,0.00991254316835116,416.0086252871222,LINEAR_ELASTIC,0.0
BAY-0178,1.8977177085581498,162451.37986965053,0.012390678960438951,650.0134770111284,LINEAR_ELASTIC,0.0
BAY-0178,2.27726125026978,194941.65584358067,0.014868814752526745,936.0194068960252,LINEAR_ELASTIC,0.0
BAY-0178,2.65680479198141,227431.93181751075,0.017346950544614534,1274.0264149418117,LINEAR_ELASTIC,0.0
BAY-0178,3.0363483336930397,259922.20779144083,0.01982508633670232,1664.0345011484887,LINEAR_ELASTIC,0.0
BAY-0178,3.41589187540467,292412.48376537097,0.022303222128790115,2106.043665516056,LINEAR_ELASTIC,0.0
BAY-0178,3.7954354171162996,324902.75973930105,0.024781357920877902,2600.0539080445137,FIRST_NOMINAL_LIMIT_NO_CONTINUATION,0.0
BAY-0179,0.0,0.0,0.0,0.0,LINEAR_ELASTIC,0.0
BAY-0179,0.23318042539071146,19961.073078721518,0.0028793234228796797,18.451849764153174,LINEAR_ELASTIC,0.0
BAY-0179,0.4663608507814229,39922.146157443036,0.005758646845759359,73.8073990566127,LINEAR_ELASTIC,0.0
BAY-0179,0.6995412761721345,59883.21923616456,0.00863797026863904,166.06664787737859,LINEAR_ELASTIC,0.0
BAY-0179,0.9327217015628458,79844.29231488607,0.011517293691518719,295.2295962264508,LINEAR_ELASTIC,0.0
BAY-0179,1.1659021269535572,99805.36539360757,0.014396617114398397,461.2962441038292,LINEAR_ELASTIC,0.0
BAY-0179,1.399082552344269,119766.43847232912,0.01727594053727808,664.2665915095143,LINEAR_ELASTIC,0.0
BAY-0179,1.6322629777349802,139727.51155105061,0.02015526396015776,904.1406384435054,LINEAR_ELASTIC,0.0
BAY-0179,1.8654434031256917,159688.58462977214,0.023034587383037437,1180.9183849058031,LINEAR_ELASTIC,0.0
BAY-0179,2.098623828516403,179649.65770849364,0.025913910805917116,1494.5998308964067,LINEAR_ELASTIC,0.0
BAY-0179,2.3318042539071144,199610.73078721514,0.028793234228796795,1845.184976415317,FIRST_NOMINAL_LIMIT_NO_CONTINUATION,0.0
BAY-0180,0.0,0.0,0.0,0.0,LINEAR_ELASTIC,0.0
BAY-0180,0.4541245907392095,38874.678813202605,0.0028957320326257713,36.32624679458212,LINEAR_ELASTIC,0.0
BAY-0180,0.908249181478419,77749.35762640521,0.0057914640652515425,145.30498717832847,LINEAR_ELASTIC,0.0
BAY-0180,1.3623737722176286,116624.03643960782,0.008687196097877313,326.93622115123907,LINEAR_ELASTIC,0.0
BAY-0180,1.816498362956838,155498.71525281042,0.011582928130503085,581.2199487133139,LINEAR_ELASTIC,0.0
BAY-0180,2.2706229536960474,194373.39406601302,0.014478660163128855,908.1561698645528,LINEAR_ELASTIC,0.0
BAY-0180,2.724747544435257,233248.07287921564,0.017374392195754627,1307.7448846049563,LINEAR_ELASTIC,0.0
BAY-0180,3.1788721351744664,272122.75169241824,0.0202701242283804,1779.9860929345236,LINEAR_ELASTIC,0.0
BAY-0180,3.632996725913676,310997.43050562084,0.02316585626100617,2324.8797948532556,LINEAR_ELASTIC,0.0
BAY-0180,4.087121316652885,349872.1093188234,0.02606158829363194,2942.425990361151,LINEAR_ELASTIC,0.0
BAY-0180,4.541245907392095,388746.78813202603,0.02895732032625771,3632.624679458211,FIRST_NOMINAL_LIMIT_NO_CONTINUATION,0.0
BAY-0181,0.0,0.0,0.0,0.0,LINEAR_ELASTIC,0.0
BAY-0181,0.3238617019315289,27723.712609334176,0.004048526449824653,36.04983152702601,LINEAR_ELASTIC,0.0
BAY-0181,0.6477234038630578,55447.42521866835,0.008097052899649307,144.19932610810403,LINEAR_ELASTIC,0.0
BAY-0181,0.9715851057945868,83171.13782800252,0.012145579349473962,324.44848374323414,LINEAR_ELASTIC,0.0
BAY-0181,1.2954468077261156,110894.8504373367,0.016194105799298614,576.7973044324161,LINEAR_ELASTIC,0.0
BAY-0181,1.6193085096576445,138618.56304667087,0.020242632249123267,901.2457881756502,LINEAR_ELASTIC,0.0
BAY-0181,1.9431702115891736,166342.27565600505,0.024291158698947924,1297.7939349729365,LINEAR_ELASTIC,0.0
BAY-0181,2.2670319135207024,194065.98826533923,0.028339685148772577,1766.4417448242748,LINEAR_ELASTIC,0.0
BAY-0181,2.5908936154522313,221789.7008746734,0.03238821159859723,2307.1892177296645,LINEAR_ELASTIC,0.0
BAY-0181,2.91475531738376,249513.41348400756,0.03643673804842188,2920.036353689107,LINEAR_ELASTIC,0.0
BAY-0181,3.238617019315289,277237.12609334174,0.040485264498246534,3604.983152702601,FIRST_NOMINAL_LIMIT_NO_CONTINUATION,0.0
BAY-0182,0.0,0.0,0.0,0.0,LINEAR_ELASTIC,0.0
BAY-0182,0.37954354171162996,32490.275973930104,0.00247813579208779,26.000539080445137,LINEAR_ELASTIC,0.0
BAY-0182,0.7590870834232599,64980.55194786021,0.00495627158417558,104.00215632178055,LINEAR_ELASTIC,0.0
BAY-0182,1.13863062513489,97470.82792179033,0.0074344073762633725,234.0048517240063,LINEAR_ELASTIC,0.0
BAY-0182,1.5181741668465198,129961.10389572041,0.00991254316835116,416.0086252871222,LINEAR_ELASTIC,0.0
BAY-0182,1.8977177085581498,162451.37986965053,0.012390678960438951,650.0134770111284,LINEAR_ELASTIC,0.0
BAY-0182,2.27726125026978,194941.65584358067,0.014868814752526745,936.0194068960252,LINEAR_ELASTIC,0.0
BAY-0182,2.65680479198141,227431.93181751075,0.017346950544614534,1274.0264149418117,LINEAR_ELASTIC,0.0
BAY-0182,3.0363483336930397,259922.20779144083,0.01982508633670232,1664.0345011484887,LINEAR_ELASTIC,0.0
BAY-0182,3.41589187540467,292412.48376537097,0.022303222128790115,2106.043665516056,LINEAR_ELASTIC,0.0
BAY-0182,3.7954354171162996,324902.75973930105,0.024781357920877902,2600.0539080445137,FIRST_NOMINAL_LIMIT_NO_CONTINUATION,0.0
BAY-0183,0.0,0.0,0.0,0.0,LINEAR_ELASTIC,0.0
BAY-0183,0.32386170193154373,27723.71260933544,0.003999060309555111,35.59384599566585,LINEAR_ELASTIC,0.0
BAY-0183,0.6477234038630875,55447.42521867088,0.007998120619110222,142.3753839826634,LINEAR_ELASTIC,0.0
BAY-0183,0.9715851057946312,83171.13782800634,0.011997180928665334,320.3446139609926,LINEAR_ELASTIC,0.0
BAY-0183,1.295446807726175,110894.85043734177,0.015996241238220445,569.5015359306536,LINEAR_ELASTIC,0.0
BAY-0183,1.6193085096577184,138618.56304667718,0.019995301547775554,889.846149891646,LINEAR_ELASTIC,0.0
BAY-0183,1.9431702115892624,166342.27565601267,0.023994361857330667,1281.3784558439704,LINEAR_ELASTIC,0.0
BAY-0183,2.267031913520806,194065.98826534807,0.027993422166885776,1744.0984537876263,LINEAR_ELASTIC,0.0
BAY-0183,2.59089361545235,221789.70087468353,0.03199248247644089,2278.0061437226145,LINEAR_ELASTIC,0.0
BAY-0183,2.9147553173838934,249513.41348401897,0.035991542785996,2883.101525648933,LINEAR_ELASTIC,0.0
BAY-0183,3.238617019315437,277237.12609335437,0.03999060309555111,3559.384599566584,FIRST_NOMINAL_LIMIT_NO_CONTINUATION,0.0
BAY-0184,0.0,0.0,0.0,0.0,LINEAR_ELASTIC,0.0
BAY-0184,0.4541245907392095,38874.678813202605,0.0028957320326257713,36.32624679458212,LINEAR_ELASTIC,0.0
BAY-0184,0.908249181478419,77749.35762640521,0.0057914640652515425,145.30498717832847,LINEAR_ELASTIC,0.0
BAY-0184,1.3623737722176286,116624.03643960782,0.008687196097877313,326.93622115123907,LINEAR_ELASTIC,0.0
BAY-0184,1.816498362956838,155498.71525281042,0.011582928130503085,581.2199487133139,LINEAR_ELASTIC,0.0
BAY-0184,2.2706229536960474,194373.39406601302,0.014478660163128855,908.1561698645528,LINEAR_ELASTIC,0.0
BAY-0184,2.724747544435257,233248.07287921564,0.017374392195754627,1307.7448846049563,LINEAR_ELASTIC,0.0
BAY-0184,3.1788721351744664,272122.75169241824,0.0202701242283804,1779.9860929345236,LINEAR_ELASTIC,0.0
BAY-0184,3.632996725913676,310997.43050562084,0.02316585626100617,2324.8797948532556,LINEAR_ELASTIC,0.0
BAY-0184,4.087121316652885,349872.1093188234,0.02606158829363194,2942.425990361151,LINEAR_ELASTIC,0.0
BAY-0184,4.541245907392095,388746.78813202603,0.02895732032625771,3632.624679458211,FIRST_NOMINAL_LIMIT_NO_CONTINUATION,0.0
BAY-0185,0.0,0.0,0.0,0.0,LINEAR_ELASTIC,0.0
BAY-0185,0.15388240011828422,13172.880309928849,0.002246053210394529,9.502889008967406,LINEAR_ELASTIC,0.0
BAY-0185,0.30776480023656844,26345.760619857698,0.004492106420789058,38.011556035869624,LINEAR_ELASTIC,0.0
BAY-0185,0.4616472003548527,39518.64092978655,0.006738159631183588,85.52600108070666,LINEAR_ELASTIC,0.0
BAY-0185,0.6155296004731369,52691.521239715395,0.008984212841578116,152.0462241434785,LINEAR_ELASTIC,0.0
BAY-0185,0.769412000591421,65864.40154964423,0.011230266051972644,237.5722252241851,LINEAR_ELASTIC,0.0
BAY-0185,0.9232944007097054,79037.2818595731,0.013476319262367175,342.10400432282665,LINEAR_ELASTIC,0.0
BAY-0185,1.0771768008279896,92210.16216950194,0.015722372472761703,465.64156143940295,LINEAR_ELASTIC,0.0
BAY-0185,1.2310592009462737,105383.04247943079,0.017968425683156233,608.184896573914,LINEAR_ELASTIC,0.0
BAY-0185,1.3849416010645579,118555.92278935963,0.02021447889355076,769.7340097263599,LINEAR_ELASTIC,0.0
BAY-0185,1.538824001182842,131728.80309928846,0.022460532103945288,950.2889008967404,FIRST_NOMINAL_LIMIT_NO_CONTINUATION,0.0
BAY-0186,0.0,0.0,0.0,0.0,LINEAR_ELASTIC,0.0
BAY-0186,0.32282813531622817,27635.235634025565,0.0029508586999572118,26.284561172824482,LINEAR_ELASTIC,0.0
BAY-0186,0.6456562706324563,55270.47126805113,0.0059017173999144235,105.13824469129793,LINEAR_ELASTIC,0.0
BAY-0186,0.9684844059486846,82905.7069020767,0.008852576099871636,236.56105055542037,LINEAR_ELASTIC,0.0
BAY-0186,1.2913125412649127,110540.94253610226,0.011803434799828847,420.5529787651917,LINEAR_ELASTIC,0.0
BAY-0186,1.6141406765811408,138176.17817012782,0.014754293499786058,657.114029320612,LINEAR_ELASTIC,0.0
BAY-0186,1.9369688118973691,165811.4138041534,0.017705152199743272,946.2442022216815,LINEAR_ELASTIC,0.0
BAY-0186,2.2597969472135975,193446.64943817898,0.020656010899700483,1287.9434974684,LINEAR_ELASTIC,0.0
BAY-0186,2.5826250825298254,221081.88507220452,0.023606869599657694,1682.2119150607668,LINEAR_ELASTIC,0.0
BAY-0186,2.9054532178460537,248717.1207062301,0.026557728299614905,2129.0494549987834,LINEAR_ELASTIC,0.0
BAY-0186,3.2282813531622816,276352.35634025565,0.029508586999572116,2628.456117282448,FIRST_NOMINAL_LIMIT_NO_CONTINUATION,0.0
BAY-0187,0.0,0.0,0.0,0.0,LINEAR_ELASTIC,0.0
BAY-0187,0.15388240011827464,13172.880309928029,0.00221861024206138,9.382689282347757,LINEAR_ELASTIC,0.0
BAY-0187,0.3077648002365493,26345.760619856057,0.00443722048412276,37.53075712939103,LINEAR_ELASTIC,0.0
BAY-0187,0.461647200354824,39518.64092978409,0.00665583072618414,84.44420354112984,LINEAR_ELASTIC,0.0
BAY-0187,0.6155296004730986,52691.521239712114,0.00887444096824552,150.1230285175641,LINEAR_ELASTIC,0.0
BAY-0187,0.7694120005913732,65864.40154964014,0.011093051210306898,234.56723205869392,LINEAR_ELASTIC,0.0
BAY-0187,0.923294400709648,79037.28185956817,0.01331166145236828,337.77681416451935,LINEAR_ELASTIC,0.0
BAY-0187,1.0771768008279226,92210.16216949621,0.01553027169442966,459.7517748350402,LINEAR_ELASTIC,0.0
BAY-0187,1.2310592009461971,105383.04247942423,0.01774888193649104,600.4921140702564,LINEAR_ELASTIC,0.0
BAY-0187,1.3849416010644717,118555.92278935225,0.019967492178552416,759.9978318701683,LINEAR_ELASTIC,0.0
BAY-0187,1.5388240011827463,131728.80309928028,0.022186102420613796,938.2689282347757,FIRST_NOMINAL_LIMIT_NO_CONTINUATION,0.0
BAY-0188,0.0,0.0,0.0,0.0,LINEAR_ELASTIC,0.0
BAY-0188,0.32282813531621013,27635.235634024022,0.002893286409118729,25.755545751572964,LINEAR_ELASTIC,0.0
BAY-0188,0.6456562706324203,55270.471268048044,0.005786572818237458,103.02218300629185,LINEAR_ELASTIC,0.0
BAY-0188,0.9684844059486304,82905.70690207207,0.008679859227356188,231.79991176415666,LINEAR_ELASTIC,0.0
BAY-0188,1.2913125412648405,110540.94253609609,0.011573145636474916,412.0887320251674,LINEAR_ELASTIC,0.0
BAY-0188,1.6141406765810504,138176.17817012008,0.014466432045593643,643.888643789324,LINEAR_ELASTIC,0.0
BAY-0188,1.9369688118972608,165811.41380414413,0.017359718454712375,927.1996470566266,LINEAR_ELASTIC,0.0
BAY-0188,2.259796947213471,193446.64943816816,0.020253004863831105,1262.0217418270754,LINEAR_ELASTIC,0.0
BAY-0188,2.582625082529681,221081.88507219218,0.023146291272949832,1648.3549281006697,LINEAR_ELASTIC,0.0
BAY-0188,2.9054532178458907,248717.12070621614,0.02603957768206856,2086.19920587741,LINEAR_ELASTIC,0.0
BAY-0188,3.228281353162101,276352.35634024016,0.028932864091187286,2575.554575157296,FIRST_NOMINAL_LIMIT_NO_CONTINUATION,0.0
BAY-0189,0.0,0.0,0.0,0.0,LINEAR_ELASTIC,0.0
BAY-0189,0.2137255557198392,18295.6670971234,0.0031195183477701794,18.331190217915523,LINEAR_ELASTIC,0.0
BAY-0189,0.4274511114396784,36591.3341942468,0.006239036695540359,73.3247608716621,LINEAR_ELASTIC,0.0
BAY-0189,0.6411766671595177,54887.001291370216,0.009358555043310538,164.98071196123976,LINEAR_ELASTIC,0.0
BAY-0189,0.8549022228793568,73182.6683884936,0.012478073391080717,293.2990434866484,LINEAR_ELASTIC,0.0
BAY-0189,1.068627778599196,91478.335485617,0.015597591738850896,458.2797554478881,LINEAR_ELASTIC,0.0
BAY-0189,1.2823533343190354,109774.00258274043,0.018717110086621077,659.922847844959,LINEAR_ELASTIC,0.0
BAY-0189,1.4960788900388746,128069.66967986383,0.02183662843439126,898.2283206778608,LINEAR_ELASTIC,0.0
BAY-0189,1.7098044457587136,146365.3367769872,0.024956146782161435,1173.1961739465935,LINEAR_ELASTIC,0.0
BAY-0189,1.9235300014785528,164661.0038741106,0.028075665129931614,1484.8264076511573,LINEAR_ELASTIC,0.0
BAY-0189,2.137255557198392,182956.670971234,0.031195183477701793,1833.1190217915523,FIRST_NOMINAL_LIMIT_NO_CONTINUATION,0.0
BAY-0190,0.0,0.0,0.0,0.0,LINEAR_ELASTIC,0.0
BAY-0190,0.3250632728718865,27826.571351913266,0.002971289308012036,26.64978949828339,LINEAR_ELASTIC,0.0
BAY-0190,0.650126545743773,55653.14270382653,0.005942578616024072,106.59915799313356,LINEAR_ELASTIC,0.0
BAY-0190,0.9751898186156596,83479.7140557398,0.008913867924036107,239.8481054845505,LINEAR_ELASTIC,0.0
BAY-0190,1.300253091487546,111306.28540765306,0.011885157232048143,426.39663197253424,LINEAR_ELASTIC,0.0
BAY-0190,1.6253163643594324,139132.85675956632,0.014856446540060176,666.2447374570846,LINEAR_ELASTIC,0.0
BAY-0190,1.9503796372313191,166959.4281114796,0.017827735848072214,959.392421938202,LINEAR_ELASTIC,0.0
BAY-0190,2.2754429101032057,194785.99946339286,0.02079902515608425,1305.839685415886,LINEAR_ELASTIC,0.0
BAY-0190,2.600506182975092,222612.57081530613,0.023770314464096286,1705.586527890137,LINEAR_ELASTIC,0.0
BAY-0190,2.9255694558469783,250439.14216721937,0.026741603772108317,2158.6329493609537,LINEAR_ELASTIC,0.0
BAY-0190,3.2506327287188648,278265.71351913264,0.029712893080120352,2664.9789498283385,FIRST_NOMINAL_LIMIT_NO_CONTINUATION,0.0
BAY-0191,0.0,0.0,0.0,0.0,LINEAR_ELASTIC,0.0
BAY-0191,0.21372555571982588,18295.66709712226,0.003081403113974138,18.099323461318974,LINEAR_ELASTIC,0.0
BAY-0191,0.42745111143965175,36591.33419424452,0.006162806227948276,72.3972938452759,LINEAR_ELASTIC,0.0
BAY-0191,0.6411766671594777,54887.00129136679,0.009244209341922417,162.8939111518708,LINEAR_ELASTIC,0.0
BAY-0191,0.8549022228793035,73182.66838848904,0.012325612455896553,289.5891753811036,LINEAR_ELASTIC,0.0
BAY-0191,1.0686277785991294,91478.3354856113,0.015407015569870692,452.48308653297437,LINEAR_ELASTIC,0.0
BAY-0191,1.2823533343189555,109774.00258273358,0.018488418683844834,651.5756446074832,LINEAR_ELASTIC,0.0
BAY-0191,1.4960788900387814,128069.66967985584,0.02156982179781897,886.86684960463,LINEAR_ELASTIC,0.0
BAY-0191,1.709804445758607,146365.33677697807,0.024651224911793106,1158.3567015244143,LINEAR_ELASTIC,0.0
BAY-0191,1.923530001478433,164661.00387410034,0.027732628025767245,1466.045200366837,LINEAR_ELASTIC,0.0
BAY-0191,2.1372555571982588,182956.6709712226,0.030814031139741384,1809.9323461318975,FIRST_NOMINAL_LIMIT_NO_CONTINUATION,0.0
BAY-0192,0.0,0.0,0.0,0.0,LINEAR_ELASTIC,0.0
BAY-0192,0.38893884240939114,33294.54710222201,0.003485791179939196,37.38441905838074,LINEAR_ELASTIC,0.0
BAY-0192,0.7778776848187823,66589.09420444402,0.006971582359878392,149.53767623352297,LINEAR_ELASTIC,0.0
BAY-0192,1.1668165272281736,99883.64130666605,0.01045737353981759,336.4597715254268,LINEAR_ELASTIC,0.0
BAY-0192,1.5557553696375646,133178.18840888803,0.013943164719756785,598.1507049340919,LINEAR_ELASTIC,0.0
BAY-0192,1.9446942120469557,166472.73551111005,0.01742895589969598,934.6104764595185,LINEAR_ELASTIC,0.0
BAY-0192,2.3336330544563473,199767.2826133321,0.02091474707963518,1345.8390861017072,LINEAR_ELASTIC,0.0
BAY-0192,2.7225718968657384,233061.8297155541,0.024400538259574375,1831.836533860657,LINEAR_ELASTIC,0.0
BAY-0192,3.111510739275129,266356.37681777606,0.02788632943951357,2392.6028197363676,LINEAR_ELASTIC,0.0
BAY-0192,3.5004495816845203,299650.9239199981,0.03137212061945276,3028.13794372884,LINEAR_ELASTIC,0.0
BAY-0192,3.8893884240939114,332945.4710222201,0.03485791179939196,3738.441905838074,FIRST_NOMINAL_LIMIT_NO_CONTINUATION,0.0
