 A23_w1_REFERENCE_ROTATION_Y_0001.out
************************************************************************
**                                                                    **
**                                                                    **
**                         OpenRadioss Engine                         **
**                                                                    **
**            Non-linear Finite Element Analysis Software             **
**                                                                    **
**                                                                    **
**                                                                    **
**                  Windows 64 bits, Intel compiler                   **
**                      Double Precision Version                      **
**                                                                    **
**                                                                    **
**                                                                    **
************************************************************************
** OpenRadioss Software                                               **
** COPYRIGHT (C) 2026 Siemens                                         **
** Licensed under GNU Affero General Public License.                  **
** See License file.                                                  **
************************************************************************
 
 NUMBER OF SPMD DOMAINS           1
 NUMBER OF THREADS PER DOMAIN     1
 NUMBER OF HMPP PROCESSES         1
  
 COMPUTATION HARDWARE DESCRIPTION
  
 HOSTNAME     CPU TYPE, FREQUENCY AND MEMORY
 jeux   AMD Ryzen 5 5600 6-Core Processor               (x86_64), 3700 MHz,   7294 MB RAM,  19241 MB swap
  
 STACKSIZE  . . . . . . . . . . . . . . . . . . . . 1430 MB
 THREAD STACKSIZE . . . . . . . . . . . . . . . . . 400 MB
 
************************************************************************


 A23_w1_REFERENCE_ROTATION_YD01                                                  


 FINAL TIME . . . . . . . . . . . . . . . . . . .   10.00000    

 TIME INTERVAL FOR TIME HISTORY PLOTS . . . . . .  0.1000000E-01

 TIME STEP SCALE FACTOR . . . . . . . . . . . . .  0.4000000    

 MINIMUM TIME STEP  . . . . . . . . . . . . . . .   0.000000    


 BRICK TIME STEP SCALE FACTOR . . . . . . . . . .  0.4000000    
 BRICK MINIMUM TIME STEP. . . . . . . . . . . . .   0.000000    
 MIN. TIME STEP FLAG (1:STOP RUN, 2:DELETE BRICK)     1

 QUAD TIME STEP SCALE FACTOR. . . . . . . . . . .  0.4000000    
 QUAD MINIMUM TIME STEP . . . . . . . . . . . . .   0.000000    
 MIN. TIME STEP FLAG (1:STOP RUN, 2:DELETE QUAD).     1

 SHELL TIME STEP SCALE FACTOR . . . . . . . . . .  0.4000000    
 SHELL MINIMUM TIME STEP. . . . . . . . . . . . .   0.000000    
 MIN. TIME FLAG (1:STOP, 2:DELETE, 3:SMALL STRAIN)    2

 TRUSS TIME STEP SCALE FACTOR . . . . . . . . . .  0.4000000    
 TRUSS MINIMUM TIME STEP. . . . . . . . . . . . .   0.000000    
 MIN. TIME FLAG (1:STOP, 2:DELETE). . . . . . . .     0

 BEAM TIME STEP SCALE FACTOR. . . . . . . . . . .  0.4000000    
 BEAM MINIMUM TIME STEP . . . . . . . . . . . . .   0.000000    
 MIN. TIME FLAG (1:STOP, 2:DELETE). . . . . . . .     0

 SPRING TIME STEP SCALE FACTOR. . . . . . . . . .  0.4000000    
 SPRING MINIMUM TIME STEP . . . . . . . . . . . .   0.000000    
 MIN. TIME FLAG (1:STOP, 2:DELETE). . . . . . . .     0

 AIRBAG TIME STEP SCALE FACTOR. . . . . . . . . .  0.4000000    
 AIRBAG MINIMUM TIME STEP . . . . . . . . . . . .   0.000000    
 MIN. TIME FLAG (1:STOP). . . . . . . . . . . . .     0

 CONTACT TIME STEP SCALE FACTOR . . . . . . . . .  0.4000000    
 CONTACT MINIMUM TIME STEP. . . . . . . . . . . .   0.000000    
 MIN. TIME FLAG(1:STOP, 2:REMOVE NODE FROM INTERF)    0

 PRINTOUT CYCLE FREQUENCY . . . . . . . . . . . .  -100

 RESTART CYCLE FREQUENCY. . . . . . . . . . . . .   10000000

 MAXIMUM RESTART WRITE BEFORE OVERWRITE . . . . .     0

 INVERS: INPUT DECK VERSION . . . . . . . . . . .  2026
 ITTYP : FLAG FOR TYPE OF T-FILE. . . . . . . . .     4

 INITIAL TIME STEP. . . . . . . . . . . . . . . .  0.2500000E-04
 MAXIMUM TIME STEP. . . . . . . . . . . . . . . .  0.2500000E-04

 PARALLEL ARITHMETIC ON
 NUMBER OF INTERFACES TO BE ELIMINATED. . . . . .        0

 NUMBER OF PARTS TO BE ELIMINATED . . . . . . . .        0

 NUMBER OF SOLID  ELEMENT BLOCKS TO BE ELIMINATED        0

 NUMBER OF QUAD   ELEMENT BLOCKS TO BE ELIMINATED        0

 NUMBER OF SHELL  ELEMENT BLOCKS TO BE ELIMINATED        0

 NUMBER OF TRUSS  ELEMENT BLOCKS TO BE ELIMINATED        0

 NUMBER OF BEAM   ELEMENT BLOCKS TO BE ELIMINATED        0

 NUMBER OF SPRING ELEMENT BLOCKS TO BE ELIMINATED        0

 NUMBER OF SH_3N  ELEMENT BLOCKS TO BE ELIMINATED        0

 NUMBER OF  SPH PARTICLES BLOCKS TO BE ELIMINATED        0

 NUMBER OF RIGID LINKS. . . . . . . . . . . . . .        0

 NUMBER OF NEW BOUNDARY CONDITIONS. . . . . . . .        0


 TIME FOR FIRST ANIMATION-FILE PLOT . . . . . . .   0.000000    
 TIME INTERVAL FOR ANIMATION-FILE PLOTS . . . . .  0.2500000    
 TIME TO STOP ANIMATION-FILE PLOTS. . . . . . . .  0.1000000E+21
 SENSOR FOR ANIMATION-FILE PLOTS. . . . . . . . .          0
 TIME INTERVAL FOR SENSOR ANIMATION-FILE PLOTS. .   0.000000    

 VARIABLE SAVED ON ANIMATION FILES (1: YES) :
      PLASTIC STRAIN. . . . . .     0
      DENSITY     (SOLID ONLY).     0
      SPECIFIC ENERGY . . . . .     1
      HOURGLASS ENERGY. . . . .     0
      TEMPERATURE (SOLID ONLY).     0
      THICKNESS   (SHELL ONLY).     0
      PRESSURE    (SOLID ONLY).     0
      VON MISES . . . . . . . .     0
      TURBULENT ENERGY (FLUID).     0
      TURBULENT VISCOSITY(FLUID)    0
      VORTICITY (FLUID) . . . .     0
 NODAL VALUES SAVED ON ANIMATION FILES (1: YES) :
      PRESSURE. . . . . . . . .     0
      DENSITY . . . . . . . . .     0
      TEMPERATURE . . . . . . .     0
 VECTOR SAVED ON ANIMATION FILES (1: YES) :
      VELOCITY VECTOR . . . . .     1
      DISPLACEMENT VECTOR . . .     1
      ACCELERATION VECTOR . . .     0
      CONTACT FORCES. . . . . .     0
      INTERNAL FORCES . . . . .     0
      EXTERNAL FORCES . . . . .     0
      SECTION RBY RWALL FORCES.     0
      ROTATIONAL VELOCITY VECTOR    0
      CONTACT PRESSURE (VECTORS)    0
 SHELL TENSOR SAVED ON ANIMATION FILES (1: YES) :
      MEMBRANE STRESS . . . . .     0
      BENDING STRESS(MOMENT/T^2)    0
      UPPER LAYER STRESS. . . .     0
      LOWER LAYER STRESS. . . .     0
      MEMBRANE STRAIN . . . . .     0
      CURVATURE . . . . . . . .     0
      UPPER LAYER STRAIN. . . .     0
      LOWER LAYER STRAIN. . . .     0
 NODAL MASS SAVED ON ANIMATION FILES (1: YES) :    1
 KEEP DELETED ELEMENT (1: YES) :    0


 10/10/2026
   CYCLE    TIME      TIME-STEP  ELEMENT          ERROR  I-ENERGY    K-ENERGY T  K-ENERGY R  EXT-WORK     MAS.ERR     TOTAL MASS  MASS ADDED
       0   0.000      0.2500E-04 SHELL          4   0.0%   0.000       0.000       0.000       0.000       0.000      0.3604       0.000    
     ANIMATION FILE: A23_w1_REFERENCE_ROTATION_YA001 WRITTEN
     100  0.2500E-02  0.2500E-04 SHELL          4   0.0%  0.1683E-21  0.6806E-06  0.7470E-07  0.7553E-06   0.000      0.3604       0.000    
     200  0.5000E-02  0.2500E-04 SHELL          4  -1.0%  0.1249E-21  0.2721E-05  0.2986E-06  0.3050E-05   0.000      0.3604       0.000    
     300  0.7500E-02  0.2500E-04 SHELL          4  -0.0%  0.1410E-19  0.6119E-05  0.6716E-06  0.6791E-05   0.000      0.3604       0.000    
     400  0.1000E-01  0.2500E-04 SHELL          4  -0.2%  0.4055E-20  0.1087E-04  0.1193E-05  0.1210E-04   0.000      0.3604       0.000    
     500  0.1250E-01  0.2500E-04 SHELL          4   0.0%  0.1134E-18  0.1698E-04  0.1864E-05  0.1884E-04   0.000      0.3604       0.000    
     600  0.1500E-01  0.2500E-04 SHELL          4  -0.1%  0.3069E-19  0.2444E-04  0.2682E-05  0.2715E-04   0.000      0.3604       0.000    
     700  0.1750E-01  0.2500E-04 SHELL          4   0.0%  0.4536E-18  0.3325E-04  0.3649E-05  0.3690E-04   0.000      0.3604       0.000    
     800  0.2000E-01  0.2500E-04 SHELL          4  -0.1%  0.1291E-18  0.4340E-04  0.4764E-05  0.4820E-04   0.000      0.3604       0.000    
     900  0.2250E-01  0.2500E-04 SHELL          4   0.0%  0.1289E-17  0.5491E-04  0.6027E-05  0.6093E-04   0.000      0.3604       0.000    
    1000  0.2500E-01  0.2500E-04 SHELL          4  -0.0%  0.3936E-18  0.6775E-04  0.7436E-05  0.7522E-04   0.000      0.3604       0.000    
    1100  0.2750E-01  0.2500E-04 SHELL          4   0.0%  0.2985E-17  0.8194E-04  0.8994E-05  0.9093E-04   0.000      0.3604       0.000    
    1200  0.3000E-01  0.2500E-04 SHELL          4  -0.0%  0.9773E-18  0.9746E-04  0.1070E-04  0.1082E-03   0.000      0.3604       0.000    
    1300  0.3250E-01  0.2500E-04 SHELL          4   0.0%  0.6035E-17  0.1143E-03  0.1255E-04  0.1269E-03   0.000      0.3604       0.000    
    1400  0.3500E-01  0.2500E-04 SHELL          4  -0.0%  0.2110E-17  0.1325E-03  0.1455E-04  0.1471E-03   0.000      0.3604       0.000    
    1500  0.3750E-01  0.2500E-04 SHELL          4   0.0%  0.1107E-16  0.1521E-03  0.1669E-04  0.1687E-03   0.000      0.3604       0.000    
    1600  0.4000E-01  0.2500E-04 SHELL          4  -0.0%  0.4106E-17  0.1729E-03  0.1898E-04  0.1919E-03   0.000      0.3604       0.000    
    1700  0.4250E-01  0.2500E-04 SHELL          4   0.0%  0.1889E-16  0.1951E-03  0.2142E-04  0.2165E-03   0.000      0.3604       0.000    
    1800  0.4500E-01  0.2500E-04 SHELL          4  -0.0%  0.7387E-17  0.2186E-03  0.2400E-04  0.2427E-03   0.000      0.3604       0.000    
    1900  0.4750E-01  0.2500E-04 SHELL          4   0.0%  0.3043E-16  0.2435E-03  0.2672E-04  0.2702E-03   0.000      0.3604       0.000    
    2000  0.5000E-01  0.2500E-04 SHELL          4  -0.0%  0.1249E-16  0.2696E-03  0.2960E-04  0.2993E-03   0.000      0.3604       0.000    
    2100  0.5250E-01  0.2500E-04 SHELL          4   0.0%  0.4684E-16  0.2971E-03  0.3261E-04  0.3297E-03   0.000      0.3604       0.000    
    2200  0.5500E-01  0.2500E-04 SHELL          4  -0.0%  0.2008E-16  0.3259E-03  0.3578E-04  0.3617E-03   0.000      0.3604       0.000    
    2300  0.5750E-01  0.2500E-04 SHELL          4   0.0%  0.6945E-16  0.3561E-03  0.3908E-04  0.3951E-03   0.000      0.3604       0.000    
    2400  0.6000E-01  0.2500E-04 SHELL          4  -0.0%  0.3098E-16  0.3875E-03  0.4253E-04  0.4301E-03   0.000      0.3604       0.000    
    2500  0.6250E-01  0.2500E-04 SHELL          4   0.0%  0.9980E-16  0.4203E-03  0.4613E-04  0.4664E-03   0.000      0.3604       0.000    
    2600  0.6500E-01  0.2500E-04 SHELL          4  -0.0%  0.4615E-16  0.4543E-03  0.4987E-04  0.5042E-03   0.000      0.3604       0.000    
    2700  0.6750E-01  0.2500E-04 SHELL          4   0.0%  0.1396E-15  0.4897E-03  0.5375E-04  0.5434E-03   0.000      0.3604       0.000    
    2800  0.7000E-01  0.2500E-04 SHELL          4  -0.0%  0.6673E-16  0.5264E-03  0.5778E-04  0.5842E-03   0.000      0.3604       0.000    
    2900  0.7250E-01  0.2500E-04 SHELL          4   0.0%  0.1910E-15  0.5644E-03  0.6195E-04  0.6263E-03   0.000      0.3604       0.000    
    3000  0.7500E-01  0.2500E-04 SHELL          4  -0.0%  0.9407E-16  0.6037E-03  0.6626E-04  0.6699E-03   0.000      0.3604       0.000    
    3100  0.7750E-01  0.2500E-04 SHELL          4   0.0%  0.2560E-15  0.6442E-03  0.7071E-04  0.7150E-03   0.000      0.3604       0.000    
    3200  0.8000E-01  0.2500E-04 SHELL          4  -0.0%  0.1297E-15  0.6861E-03  0.7531E-04  0.7615E-03   0.000      0.3604       0.000    
    3300  0.8250E-01  0.2500E-04 SHELL          4   0.0%  0.3373E-15  0.7293E-03  0.8005E-04  0.8094E-03   0.000      0.3604       0.000    
    3400  0.8500E-01  0.2500E-04 SHELL          4  -0.0%  0.1753E-15  0.7738E-03  0.8493E-04  0.8588E-03   0.000      0.3604       0.000    
    3500  0.8750E-01  0.2500E-04 SHELL          4   0.0%  0.4376E-15  0.8196E-03  0.8996E-04  0.9095E-03   0.000      0.3604       0.000    
    3600  0.9000E-01  0.2500E-04 SHELL          4  -0.0%  0.2329E-15  0.8666E-03  0.9512E-04  0.9618E-03   0.000      0.3604       0.000    
    3700  0.9250E-01  0.2500E-04 SHELL          4   0.0%  0.5600E-15  0.9150E-03  0.1004E-03  0.1015E-02   0.000      0.3604       0.000    
    3800  0.9500E-01  0.2500E-04 SHELL          4  -0.0%  0.3047E-15  0.9646E-03  0.1059E-03  0.1071E-02   0.000      0.3604       0.000    
    3900  0.9750E-01  0.2500E-04 SHELL          4   0.0%  0.7077E-15  0.1016E-02  0.1115E-03  0.1127E-02   0.000      0.3604       0.000    
    4000  0.1000      0.2500E-04 SHELL          4  -0.0%  0.3931E-15  0.1068E-02  0.1172E-03  0.1185E-02   0.000      0.3604       0.000    
    4100  0.1025      0.2500E-04 SHELL          4   0.0%  0.8845E-15  0.1121E-02  0.1231E-03  0.1244E-02   0.000      0.3604       0.000    
    4200  0.1050      0.2500E-04 SHELL          4  -0.0%  0.5009E-15  0.1176E-02  0.1291E-03  0.1305E-02   0.000      0.3604       0.000    
    4300  0.1075      0.2500E-04 SHELL          4   0.0%  0.1094E-14  0.1232E-02  0.1352E-03  0.1367E-02   0.000      0.3604       0.000    
    4400  0.1100      0.2500E-04 SHELL          4  -0.0%  0.6310E-15  0.1289E-02  0.1415E-03  0.1431E-02   0.000      0.3604       0.000    
    4500  0.1125      0.2500E-04 SHELL          4   0.0%  0.1342E-14  0.1348E-02  0.1480E-03  0.1496E-02   0.000      0.3604       0.000    
    4600  0.1150      0.2500E-04 SHELL          4  -0.0%  0.7867E-15  0.1408E-02  0.1545E-03  0.1562E-02   0.000      0.3604       0.000    
    4700  0.1175      0.2500E-04 SHELL          4   0.0%  0.1631E-14  0.1469E-02  0.1612E-03  0.1630E-02   0.000      0.3604       0.000    
    4800  0.1200      0.2500E-04 SHELL          4  -0.0%  0.9717E-15  0.1531E-02  0.1681E-03  0.1699E-02   0.000      0.3604       0.000    
    4900  0.1225      0.2500E-04 SHELL          4   0.0%  0.1967E-14  0.1595E-02  0.1751E-03  0.1770E-02   0.000      0.3604       0.000    
    5000  0.1250      0.2500E-04 SHELL          4  -0.0%  0.1190E-14  0.1660E-02  0.1822E-03  0.1842E-02   0.000      0.3604       0.000    
    5100  0.1275      0.2500E-04 SHELL          4   0.0%  0.2355E-14  0.1726E-02  0.1895E-03  0.1916E-02   0.000      0.3604       0.000    
    5200  0.1300      0.2500E-04 SHELL          4  -0.0%  0.1445E-14  0.1794E-02  0.1969E-03  0.1990E-02   0.000      0.3604       0.000    
    5300  0.1325      0.2500E-04 SHELL          4   0.0%  0.2802E-14  0.1862E-02  0.2044E-03  0.2067E-02   0.000      0.3604       0.000    
    5400  0.1350      0.2500E-04 SHELL          4  -0.0%  0.1742E-14  0.1932E-02  0.2121E-03  0.2144E-02   0.000      0.3604       0.000    
    5500  0.1375      0.2500E-04 SHELL          4   0.0%  0.3313E-14  0.2003E-02  0.2199E-03  0.2223E-02   0.000      0.3604       0.000    
    5600  0.1400      0.2500E-04 SHELL          4  -0.0%  0.2086E-14  0.2076E-02  0.2279E-03  0.2304E-02   0.000      0.3604       0.000    
    5700  0.1425      0.2500E-04 SHELL          4   0.0%  0.3895E-14  0.2150E-02  0.2360E-03  0.2386E-02   0.000      0.3604       0.000    
    5800  0.1450      0.2500E-04 SHELL          4  -0.0%  0.2482E-14  0.2225E-02  0.2442E-03  0.2469E-02   0.000      0.3604       0.000    
    5900  0.1475      0.2500E-04 SHELL          4   0.0%  0.4554E-14  0.2301E-02  0.2525E-03  0.2553E-02   0.000      0.3604       0.000    
    6000  0.1500      0.2500E-04 SHELL          4  -0.0%  0.2936E-14  0.2378E-02  0.2610E-03  0.2639E-02   0.000      0.3604       0.000    
    6100  0.1525      0.2500E-04 SHELL          4   0.0%  0.5299E-14  0.2457E-02  0.2697E-03  0.2727E-02   0.000      0.3604       0.000    
    6200  0.1550      0.2500E-04 SHELL          4  -0.0%  0.3453E-14  0.2537E-02  0.2785E-03  0.2815E-02   0.000      0.3604       0.000    
    6300  0.1575      0.2500E-04 SHELL          4   0.0%  0.6136E-14  0.2618E-02  0.2874E-03  0.2905E-02   0.000      0.3604       0.000    
    6400  0.1600      0.2500E-04 SHELL          4  -0.0%  0.4040E-14  0.2700E-02  0.2964E-03  0.2997E-02   0.000      0.3604       0.000    
    6500  0.1625      0.2500E-04 SHELL          4   0.0%  0.7075E-14  0.2784E-02  0.3056E-03  0.3090E-02   0.000      0.3604       0.000    
    6600  0.1650      0.2500E-04 SHELL          4  -0.0%  0.4704E-14  0.2869E-02  0.3149E-03  0.3184E-02   0.000      0.3604       0.000    
    6700  0.1675      0.2500E-04 SHELL          4   0.0%  0.8124E-14  0.2955E-02  0.3244E-03  0.3279E-02   0.000      0.3604       0.000    
    6800  0.1700      0.2500E-04 SHELL          4  -0.0%  0.5452E-14  0.3042E-02  0.3339E-03  0.3376E-02   0.000      0.3604       0.000    
    6900  0.1725      0.2500E-04 SHELL          4   0.0%  0.9291E-14  0.3131E-02  0.3437E-03  0.3475E-02   0.000      0.3604       0.000    
    7000  0.1750      0.2500E-04 SHELL          4  -0.0%  0.6292E-14  0.3221E-02  0.3535E-03  0.3574E-02   0.000      0.3604       0.000    
    7100  0.1775      0.2500E-04 SHELL          4   0.0%  0.1059E-13  0.3312E-02  0.3635E-03  0.3675E-02   0.000      0.3604       0.000    
    7200  0.1800      0.2500E-04 SHELL          4  -0.0%  0.7231E-14  0.3404E-02  0.3736E-03  0.3778E-02   0.000      0.3604       0.000    
    7300  0.1825      0.2500E-04 SHELL          4   0.0%  0.1202E-13  0.3497E-02  0.3839E-03  0.3881E-02   0.000      0.3604       0.000    
    7400  0.1850      0.2500E-04 SHELL          4  -0.0%  0.8279E-14  0.3592E-02  0.3943E-03  0.3986E-02   0.000      0.3604       0.000    
    7500  0.1875      0.2500E-04 SHELL          4   0.0%  0.1361E-13  0.3688E-02  0.4048E-03  0.4093E-02   0.000      0.3604       0.000    
    7600  0.1900      0.2500E-04 SHELL          4  -0.0%  0.9444E-14  0.3785E-02  0.4154E-03  0.4200E-02   0.000      0.3604       0.000    
    7700  0.1925      0.2500E-04 SHELL          4  -0.0%  0.1535E-13  0.3883E-02  0.4262E-03  0.4309E-02   0.000      0.3604       0.000    
    7800  0.1950      0.2500E-04 SHELL          4  -0.0%  0.1074E-13  0.3983E-02  0.4371E-03  0.4420E-02   0.000      0.3604       0.000    
    7900  0.1975      0.2500E-04 SHELL          4  -0.0%  0.1727E-13  0.4083E-02  0.4482E-03  0.4532E-02   0.000      0.3604       0.000    
    8000  0.2000      0.2500E-04 SHELL          4  -0.0%  0.1216E-13  0.4185E-02  0.4594E-03  0.4645E-02   0.000      0.3604       0.000    
    8100  0.2025      0.2500E-04 SHELL          4   0.0%  0.1937E-13  0.4288E-02  0.4707E-03  0.4759E-02   0.000      0.3604       0.000    
    8200  0.2050      0.2500E-04 SHELL          4  -0.0%  0.1374E-13  0.4393E-02  0.4821E-03  0.4875E-02   0.000      0.3604       0.000    
    8300  0.2075      0.2500E-04 SHELL          4   0.0%  0.2167E-13  0.4498E-02  0.4937E-03  0.4992E-02   0.000      0.3604       0.000    
    8400  0.2100      0.2500E-04 SHELL          4  -0.0%  0.1547E-13  0.4605E-02  0.5054E-03  0.5110E-02   0.000      0.3604       0.000    
    8500  0.2125      0.2500E-04 SHELL          4   0.0%  0.2417E-13  0.4713E-02  0.5173E-03  0.5230E-02   0.000      0.3604       0.000    
    8600  0.2150      0.2500E-04 SHELL          4  -0.0%  0.1737E-13  0.4822E-02  0.5292E-03  0.5351E-02   0.000      0.3604       0.000    
    8700  0.2175      0.2500E-04 SHELL          4   0.0%  0.2691E-13  0.4932E-02  0.5413E-03  0.5473E-02   0.000      0.3604       0.000    
    8800  0.2200      0.2500E-04 SHELL          4  -0.0%  0.1946E-13  0.5043E-02  0.5536E-03  0.5597E-02   0.000      0.3604       0.000    
    8900  0.2225      0.2500E-04 SHELL          4   0.0%  0.2988E-13  0.5156E-02  0.5659E-03  0.5722E-02   0.000      0.3604       0.000    
    9000  0.2250      0.2500E-04 SHELL          4  -0.0%  0.2173E-13  0.5270E-02  0.5784E-03  0.5848E-02   0.000      0.3604       0.000    
    9100  0.2275      0.2500E-04 SHELL          4   0.0%  0.3310E-13  0.5385E-02  0.5911E-03  0.5976E-02   0.000      0.3604       0.000    
    9200  0.2300      0.2500E-04 SHELL          4  -0.0%  0.2422E-13  0.5501E-02  0.6038E-03  0.6105E-02   0.000      0.3604       0.000    
    9300  0.2325      0.2500E-04 SHELL          4   0.0%  0.3659E-13  0.5618E-02  0.6167E-03  0.6235E-02   0.000      0.3604       0.000    
    9400  0.2350      0.2500E-04 SHELL          4  -0.0%  0.2692E-13  0.5737E-02  0.6297E-03  0.6367E-02   0.000      0.3604       0.000    
    9500  0.2375      0.2500E-04 SHELL          4  -0.0%  0.4037E-13  0.5857E-02  0.6428E-03  0.6500E-02   0.000      0.3604       0.000    
    9600  0.2400      0.2500E-04 SHELL          4  -0.0%  0.2986E-13  0.5978E-02  0.6561E-03  0.6634E-02   0.000      0.3604       0.000    
    9700  0.2425      0.2500E-04 SHELL          4  -0.0%  0.4444E-13  0.6100E-02  0.6695E-03  0.6769E-02   0.000      0.3604       0.000    
    9800  0.2450      0.2500E-04 SHELL          4  -0.0%  0.3305E-13  0.6223E-02  0.6830E-03  0.6906E-02   0.000      0.3604       0.000    
    9900  0.2475      0.2500E-04 SHELL          4  -0.0%  0.4884E-13  0.6347E-02  0.6967E-03  0.7044E-02   0.000      0.3604       0.000    
   CYCLE    TIME      TIME-STEP  ELEMENT          ERROR  I-ENERGY    K-ENERGY T  K-ENERGY R  EXT-WORK     MAS.ERR     TOTAL MASS  MASS ADDED
   10000  0.2500      0.2500E-04 SHELL          4  -0.0%  0.3650E-13  0.6473E-02  0.7105E-03  0.7183E-02   0.000      0.3604       0.000    
     ANIMATION FILE: A23_w1_REFERENCE_ROTATION_YA002 WRITTEN
   10100  0.2525      0.2500E-04 SHELL          4  -0.0%  0.5357E-13  0.6600E-02  0.7244E-03  0.7324E-02   0.000      0.3604       0.000    
   10200  0.2550      0.2500E-04 SHELL          4  -0.0%  0.4023E-13  0.6727E-02  0.7384E-03  0.7466E-02   0.000      0.3604       0.000    
   10300  0.2575      0.2500E-04 SHELL          4  -0.0%  0.5866E-13  0.6856E-02  0.7526E-03  0.7609E-02   0.000      0.3604       0.000    
   10400  0.2600      0.2500E-04 SHELL          4  -0.0%  0.4425E-13  0.6987E-02  0.7669E-03  0.7754E-02   0.000      0.3604       0.000    
   10500  0.2625      0.2500E-04 SHELL          4  -0.0%  0.6412E-13  0.7118E-02  0.7813E-03  0.7899E-02   0.000      0.3604       0.000    
   10600  0.2650      0.2500E-04 SHELL          4  -0.0%  0.4859E-13  0.7251E-02  0.7958E-03  0.8046E-02   0.000      0.3604       0.000    
   10700  0.2675      0.2500E-04 SHELL          4  -0.0%  0.6997E-13  0.7384E-02  0.8105E-03  0.8195E-02   0.000      0.3604       0.000    
   10800  0.2700      0.2500E-04 SHELL          4  -0.0%  0.5326E-13  0.7519E-02  0.8253E-03  0.8344E-02   0.000      0.3604       0.000    
   10900  0.2725      0.2500E-04 SHELL          4  -0.0%  0.7624E-13  0.7655E-02  0.8402E-03  0.8495E-02   0.000      0.3604       0.000    
   11000  0.2750      0.2500E-04 SHELL          4  -0.0%  0.5828E-13  0.7792E-02  0.8553E-03  0.8647E-02   0.000      0.3604       0.000    
   11100  0.2775      0.2500E-04 SHELL          4  -0.0%  0.8294E-13  0.7930E-02  0.8704E-03  0.8801E-02   0.000      0.3604       0.000    
   11200  0.2800      0.2500E-04 SHELL          4  -0.0%  0.6367E-13  0.8070E-02  0.8857E-03  0.8955E-02   0.000      0.3604       0.000    
   11300  0.2825      0.2500E-04 SHELL          4  -0.0%  0.9010E-13  0.8210E-02  0.9012E-03  0.9111E-02   0.000      0.3604       0.000    
   11400  0.2850      0.2500E-04 SHELL          4  -0.0%  0.6944E-13  0.8352E-02  0.9167E-03  0.9269E-02   0.000      0.3604       0.000    
   11500  0.2875      0.2500E-04 SHELL          4   0.0%  0.9773E-13  0.8495E-02  0.9324E-03  0.9427E-02   0.000      0.3604       0.000    
   11600  0.2900      0.2500E-04 SHELL          4  -0.0%  0.7562E-13  0.8639E-02  0.9482E-03  0.9587E-02   0.000      0.3604       0.000    
   11700  0.2925      0.2500E-04 SHELL          4   0.0%  0.1059E-12  0.8784E-02  0.9641E-03  0.9748E-02   0.000      0.3604       0.000    
   11800  0.2950      0.2500E-04 SHELL          4  -0.0%  0.8223E-13  0.8930E-02  0.9802E-03  0.9910E-02   0.000      0.3604       0.000    
   11900  0.2975      0.2500E-04 SHELL          4   0.0%  0.1145E-12  0.9077E-02  0.9963E-03  0.1007E-01   0.000      0.3604       0.000    
   12000  0.3000      0.2500E-04 SHELL          4  -0.0%  0.8928E-13  0.9226E-02  0.1013E-02  0.1024E-01   0.000      0.3604       0.000    
   12100  0.3025      0.2500E-04 SHELL          4   0.0%  0.1238E-12  0.9375E-02  0.1029E-02  0.1040E-01   0.000      0.3604       0.000    
   12200  0.3050      0.2500E-04 SHELL          4  -0.0%  0.9681E-13  0.9526E-02  0.1046E-02  0.1057E-01   0.000      0.3604       0.000    
   12300  0.3075      0.2500E-04 SHELL          4   0.0%  0.1335E-12  0.9678E-02  0.1062E-02  0.1074E-01   0.000      0.3604       0.000    
   12400  0.3100      0.2500E-04 SHELL          4  -0.0%  0.1048E-12  0.9831E-02  0.1079E-02  0.1091E-01   0.000      0.3604       0.000    
   12500  0.3125      0.2500E-04 SHELL          4   0.0%  0.1439E-12  0.9985E-02  0.1096E-02  0.1108E-01   0.000      0.3604       0.000    
   12600  0.3150      0.2500E-04 SHELL          4  -0.0%  0.1134E-12  0.1014E-01  0.1113E-02  0.1125E-01   0.000      0.3604       0.000    
   12700  0.3175      0.2500E-04 SHELL          4   0.0%  0.1549E-12  0.1030E-01  0.1130E-02  0.1143E-01   0.000      0.3604       0.000    
   12800  0.3200      0.2500E-04 SHELL          4  -0.0%  0.1224E-12  0.1045E-01  0.1147E-02  0.1160E-01   0.000      0.3604       0.000    
   12900  0.3225      0.2500E-04 SHELL          4   0.0%  0.1666E-12  0.1061E-01  0.1165E-02  0.1178E-01   0.000      0.3604       0.000    
   13000  0.3250      0.2500E-04 SHELL          4  -0.0%  0.1321E-12  0.1077E-01  0.1182E-02  0.1195E-01   0.000      0.3604       0.000    
   13100  0.3275      0.2500E-04 SHELL          4   0.0%  0.1790E-12  0.1093E-01  0.1200E-02  0.1213E-01   0.000      0.3604       0.000    
   13200  0.3300      0.2500E-04 SHELL          4  -0.0%  0.1423E-12  0.1109E-01  0.1218E-02  0.1231E-01   0.000      0.3604       0.000    
   13300  0.3325      0.2500E-04 SHELL          4   0.0%  0.1920E-12  0.1126E-01  0.1236E-02  0.1249E-01   0.000      0.3604       0.000    
   13400  0.3350      0.2500E-04 SHELL          4  -0.0%  0.1532E-12  0.1142E-01  0.1254E-02  0.1267E-01   0.000      0.3604       0.000    
   13500  0.3375      0.2500E-04 SHELL          4   0.0%  0.2058E-12  0.1159E-01  0.1272E-02  0.1286E-01   0.000      0.3604       0.000    
   13600  0.3400      0.2500E-04 SHELL          4  -0.0%  0.1647E-12  0.1175E-01  0.1290E-02  0.1304E-01   0.000      0.3604       0.000    
   13700  0.3425      0.2500E-04 SHELL          4   0.0%  0.2204E-12  0.1192E-01  0.1308E-02  0.1323E-01   0.000      0.3604       0.000    
   13800  0.3450      0.2500E-04 SHELL          4  -0.0%  0.1768E-12  0.1209E-01  0.1327E-02  0.1341E-01   0.000      0.3604       0.000    
   13900  0.3475      0.2500E-04 SHELL          4   0.0%  0.2358E-12  0.1226E-01  0.1345E-02  0.1360E-01   0.000      0.3604       0.000    
   14000  0.3500      0.2500E-04 SHELL          4  -0.0%  0.1897E-12  0.1243E-01  0.1364E-02  0.1379E-01   0.000      0.3604       0.000    
   14100  0.3525      0.2500E-04 SHELL          4   0.0%  0.2520E-12  0.1260E-01  0.1383E-02  0.1398E-01   0.000      0.3604       0.000    
   14200  0.3550      0.2500E-04 SHELL          4  -0.0%  0.2033E-12  0.1277E-01  0.1402E-02  0.1417E-01   0.000      0.3604       0.000    
   14300  0.3575      0.2500E-04 SHELL          4   0.0%  0.2690E-12  0.1295E-01  0.1421E-02  0.1437E-01   0.000      0.3604       0.000    
   14400  0.3600      0.2500E-04 SHELL          4  -0.0%  0.2177E-12  0.1312E-01  0.1440E-02  0.1456E-01   0.000      0.3604       0.000    
   14500  0.3625      0.2500E-04 SHELL          4   0.0%  0.2870E-12  0.1330E-01  0.1459E-02  0.1476E-01   0.000      0.3604       0.000    
   14600  0.3650      0.2500E-04 SHELL          4  -0.0%  0.2328E-12  0.1347E-01  0.1479E-02  0.1495E-01   0.000      0.3604       0.000    
   14700  0.3675      0.2500E-04 SHELL          4   0.0%  0.3059E-12  0.1365E-01  0.1498E-02  0.1515E-01   0.000      0.3604       0.000    
   14800  0.3700      0.2500E-04 SHELL          4  -0.0%  0.2488E-12  0.1383E-01  0.1518E-02  0.1535E-01   0.000      0.3604       0.000    
   14900  0.3725      0.2500E-04 SHELL          4   0.0%  0.3258E-12  0.1401E-01  0.1538E-02  0.1555E-01   0.000      0.3604       0.000    
   15000  0.3750      0.2500E-04 SHELL          4  -0.0%  0.2656E-12  0.1419E-01  0.1558E-02  0.1575E-01   0.000      0.3604       0.000    
   15100  0.3775      0.2500E-04 SHELL          4   0.0%  0.3466E-12  0.1438E-01  0.1578E-02  0.1595E-01   0.000      0.3604       0.000    
   15200  0.3800      0.2500E-04 SHELL          4  -0.0%  0.2833E-12  0.1456E-01  0.1598E-02  0.1616E-01   0.000      0.3604       0.000    
   15300  0.3825      0.2500E-04 SHELL          4   0.0%  0.3685E-12  0.1474E-01  0.1618E-02  0.1636E-01   0.000      0.3604       0.000    
   15400  0.3850      0.2500E-04 SHELL          4  -0.0%  0.3019E-12  0.1493E-01  0.1639E-02  0.1657E-01   0.000      0.3604       0.000    
   15500  0.3875      0.2500E-04 SHELL          4   0.0%  0.3915E-12  0.1512E-01  0.1659E-02  0.1677E-01   0.000      0.3604       0.000    
   15600  0.3900      0.2500E-04 SHELL          4  -0.0%  0.3214E-12  0.1530E-01  0.1680E-02  0.1698E-01   0.000      0.3604       0.000    
   15700  0.3925      0.2500E-04 SHELL          4   0.0%  0.4156E-12  0.1549E-01  0.1700E-02  0.1719E-01   0.000      0.3604       0.000    
   15800  0.3950      0.2500E-04 SHELL          4  -0.0%  0.3420E-12  0.1568E-01  0.1721E-02  0.1740E-01   0.000      0.3604       0.000    
   15900  0.3975      0.2500E-04 SHELL          4   0.0%  0.4408E-12  0.1587E-01  0.1742E-02  0.1761E-01   0.000      0.3604       0.000    
   16000  0.4000      0.2500E-04 SHELL          4  -0.0%  0.3636E-12  0.1606E-01  0.1763E-02  0.1783E-01   0.000      0.3604       0.000    
   16100  0.4025      0.2500E-04 SHELL          4   0.0%  0.4673E-12  0.1626E-01  0.1784E-02  0.1804E-01   0.000      0.3604       0.000    
   16200  0.4050      0.2500E-04 SHELL          4  -0.0%  0.3862E-12  0.1645E-01  0.1806E-02  0.1826E-01   0.000      0.3604       0.000    
   16300  0.4075      0.2500E-04 SHELL          4   0.0%  0.4949E-12  0.1665E-01  0.1827E-02  0.1847E-01   0.000      0.3604       0.000    
   16400  0.4100      0.2500E-04 SHELL          4  -0.0%  0.4099E-12  0.1684E-01  0.1849E-02  0.1869E-01   0.000      0.3604       0.000    
   16500  0.4125      0.2500E-04 SHELL          4   0.0%  0.5238E-12  0.1704E-01  0.1870E-02  0.1891E-01   0.000      0.3604       0.000    
   16600  0.4150      0.2500E-04 SHELL          4  -0.0%  0.4348E-12  0.1724E-01  0.1892E-02  0.1913E-01   0.000      0.3604       0.000    
   16700  0.4175      0.2500E-04 SHELL          4   0.0%  0.5541E-12  0.1744E-01  0.1914E-02  0.1935E-01   0.000      0.3604       0.000    
   16800  0.4200      0.2500E-04 SHELL          4  -0.0%  0.4608E-12  0.1764E-01  0.1936E-02  0.1957E-01   0.000      0.3604       0.000    
   16900  0.4225      0.2500E-04 SHELL          4   0.0%  0.5857E-12  0.1784E-01  0.1958E-02  0.1980E-01   0.000      0.3604       0.000    
   17000  0.4250      0.2500E-04 SHELL          4  -0.0%  0.4881E-12  0.1804E-01  0.1980E-02  0.2002E-01   0.000      0.3604       0.000    
   17100  0.4275      0.2500E-04 SHELL          4   0.0%  0.6187E-12  0.1824E-01  0.2003E-02  0.2025E-01   0.000      0.3604       0.000    
   17200  0.4300      0.2500E-04 SHELL          4  -0.0%  0.5166E-12  0.1845E-01  0.2025E-02  0.2047E-01   0.000      0.3604       0.000    
   17300  0.4325      0.2500E-04 SHELL          4   0.0%  0.6531E-12  0.1865E-01  0.2048E-02  0.2070E-01   0.000      0.3604       0.000    
   17400  0.4350      0.2500E-04 SHELL          4  -0.0%  0.5464E-12  0.1886E-01  0.2070E-02  0.2093E-01   0.000      0.3604       0.000    
   17500  0.4375      0.2500E-04 SHELL          4   0.0%  0.6890E-12  0.1907E-01  0.2093E-02  0.2116E-01   0.000      0.3604       0.000    
   17600  0.4400      0.2500E-04 SHELL          4  -0.0%  0.5775E-12  0.1928E-01  0.2116E-02  0.2139E-01   0.000      0.3604       0.000    
   17700  0.4425      0.2500E-04 SHELL          4   0.0%  0.7265E-12  0.1949E-01  0.2139E-02  0.2162E-01   0.000      0.3604       0.000    
   17800  0.4450      0.2500E-04 SHELL          4  -0.0%  0.6100E-12  0.1970E-01  0.2162E-02  0.2186E-01   0.000      0.3604       0.000    
   17900  0.4475      0.2500E-04 SHELL          4   0.0%  0.7655E-12  0.1991E-01  0.2185E-02  0.2209E-01   0.000      0.3604       0.000    
   18000  0.4500      0.2500E-04 SHELL          4  -0.0%  0.6440E-12  0.2012E-01  0.2208E-02  0.2233E-01   0.000      0.3604       0.000    
   18100  0.4525      0.2500E-04 SHELL          4   0.0%  0.8062E-12  0.2033E-01  0.2232E-02  0.2257E-01   0.000      0.3604       0.000    
   18200  0.4550      0.2500E-04 SHELL          4  -0.0%  0.6794E-12  0.2055E-01  0.2255E-02  0.2280E-01   0.000      0.3604       0.000    
   18300  0.4575      0.2500E-04 SHELL          4   0.0%  0.8486E-12  0.2076E-01  0.2279E-02  0.2304E-01   0.000      0.3604       0.000    
   18400  0.4600      0.2500E-04 SHELL          4  -0.0%  0.7163E-12  0.2098E-01  0.2303E-02  0.2328E-01   0.000      0.3604       0.000    
   18500  0.4625      0.2500E-04 SHELL          4   0.0%  0.8926E-12  0.2120E-01  0.2327E-02  0.2352E-01   0.000      0.3604       0.000    
   18600  0.4650      0.2500E-04 SHELL          4  -0.0%  0.7548E-12  0.2142E-01  0.2351E-02  0.2377E-01   0.000      0.3604       0.000    
   18700  0.4675      0.2500E-04 SHELL          4   0.0%  0.9385E-12  0.2164E-01  0.2375E-02  0.2401E-01   0.000      0.3604       0.000    
   18800  0.4700      0.2500E-04 SHELL          4  -0.0%  0.7949E-12  0.2186E-01  0.2399E-02  0.2426E-01   0.000      0.3604       0.000    
   18900  0.4725      0.2500E-04 SHELL          4   0.0%  0.9861E-12  0.2208E-01  0.2423E-02  0.2450E-01   0.000      0.3604       0.000    
   19000  0.4750      0.2500E-04 SHELL          4  -0.0%  0.8366E-12  0.2230E-01  0.2448E-02  0.2475E-01   0.000      0.3604       0.000    
   19100  0.4775      0.2500E-04 SHELL          4   0.0%  0.1036E-11  0.2252E-01  0.2472E-02  0.2500E-01   0.000      0.3604       0.000    
   19200  0.4800      0.2500E-04 SHELL          4  -0.0%  0.8801E-12  0.2275E-01  0.2497E-02  0.2525E-01   0.000      0.3604       0.000    
   19300  0.4825      0.2500E-04 SHELL          4   0.0%  0.1087E-11  0.2297E-01  0.2522E-02  0.2550E-01   0.000      0.3604       0.000    
   19400  0.4850      0.2500E-04 SHELL          4  -0.0%  0.9253E-12  0.2320E-01  0.2547E-02  0.2575E-01   0.000      0.3604       0.000    
   19500  0.4875      0.2500E-04 SHELL          4   0.0%  0.1141E-11  0.2343E-01  0.2572E-02  0.2600E-01   0.000      0.3604       0.000    
   19600  0.4900      0.2500E-04 SHELL          4  -0.0%  0.9723E-12  0.2366E-01  0.2597E-02  0.2625E-01   0.000      0.3604       0.000    
   19700  0.4925      0.2500E-04 SHELL          4   0.0%  0.1196E-11  0.2389E-01  0.2622E-02  0.2651E-01   0.000      0.3604       0.000    
   19800  0.4950      0.2500E-04 SHELL          4  -0.0%  0.1021E-11  0.2412E-01  0.2647E-02  0.2676E-01   0.000      0.3604       0.000    
   19900  0.4975      0.2500E-04 SHELL          4   0.0%  0.1254E-11  0.2435E-01  0.2673E-02  0.2702E-01   0.000      0.3604       0.000    
   CYCLE    TIME      TIME-STEP  ELEMENT          ERROR  I-ENERGY    K-ENERGY T  K-ENERGY R  EXT-WORK     MAS.ERR     TOTAL MASS  MASS ADDED
   20000  0.5000      0.2500E-04 SHELL          4  -0.0%  0.1072E-11  0.2458E-01  0.2698E-02  0.2728E-01   0.000      0.3604       0.000    
     ANIMATION FILE: A23_w1_REFERENCE_ROTATION_YA003 WRITTEN
   20100  0.5025      0.2500E-04 SHELL          4   0.0%  0.1314E-11  0.2481E-01  0.2724E-02  0.2754E-01   0.000      0.3604       0.000    
   20200  0.5050      0.2500E-04 SHELL          4  -0.0%  0.1125E-11  0.2505E-01  0.2749E-02  0.2780E-01   0.000      0.3604       0.000    
   20300  0.5075      0.2500E-04 SHELL          4   0.0%  0.1375E-11  0.2528E-01  0.2775E-02  0.2806E-01   0.000      0.3604       0.000    
   20400  0.5100      0.2500E-04 SHELL          4  -0.0%  0.1179E-11  0.2552E-01  0.2801E-02  0.2832E-01   0.000      0.3604       0.000    
   20500  0.5125      0.2500E-04 SHELL          4   0.0%  0.1440E-11  0.2576E-01  0.2827E-02  0.2858E-01   0.000      0.3604       0.000    
   20600  0.5150      0.2500E-04 SHELL          4  -0.0%  0.1236E-11  0.2600E-01  0.2853E-02  0.2885E-01   0.000      0.3604       0.000    
   20700  0.5175      0.2500E-04 SHELL          4   0.0%  0.1506E-11  0.2623E-01  0.2880E-02  0.2911E-01   0.000      0.3604       0.000    
   20800  0.5200      0.2500E-04 SHELL          4  -0.0%  0.1295E-11  0.2647E-01  0.2906E-02  0.2938E-01   0.000      0.3604       0.000    
   20900  0.5225      0.2500E-04 SHELL          4   0.0%  0.1575E-11  0.2672E-01  0.2932E-02  0.2965E-01   0.000      0.3604       0.000    
   21000  0.5250      0.2500E-04 SHELL          4  -0.0%  0.1356E-11  0.2696E-01  0.2959E-02  0.2992E-01   0.000      0.3604       0.000    
   21100  0.5275      0.2500E-04 SHELL          4   0.0%  0.1647E-11  0.2720E-01  0.2986E-02  0.3019E-01   0.000      0.3604       0.000    
   21200  0.5300      0.2500E-04 SHELL          4  -0.0%  0.1420E-11  0.2744E-01  0.3012E-02  0.3046E-01   0.000      0.3604       0.000    
   21300  0.5325      0.2500E-04 SHELL          4   0.0%  0.1720E-11  0.2769E-01  0.3039E-02  0.3073E-01   0.000      0.3604       0.000    
   21400  0.5350      0.2500E-04 SHELL          4  -0.0%  0.1485E-11  0.2794E-01  0.3066E-02  0.3100E-01   0.000      0.3604       0.000    
   21500  0.5375      0.2500E-04 SHELL          4   0.0%  0.1797E-11  0.2818E-01  0.3093E-02  0.3128E-01   0.000      0.3604       0.000    
   21600  0.5400      0.2500E-04 SHELL          4  -0.0%  0.1553E-11  0.2843E-01  0.3121E-02  0.3155E-01   0.000      0.3604       0.000    
   21700  0.5425      0.2500E-04 SHELL          4   0.0%  0.1876E-11  0.2868E-01  0.3148E-02  0.3183E-01   0.000      0.3604       0.000    
   21800  0.5450      0.2500E-04 SHELL          4  -0.0%  0.1624E-11  0.2893E-01  0.3175E-02  0.3210E-01   0.000      0.3604       0.000    
   21900  0.5475      0.2500E-04 SHELL          4   0.0%  0.1958E-11  0.2918E-01  0.3203E-02  0.3238E-01   0.000      0.3604       0.000    
   22000  0.5500      0.2500E-04 SHELL          4  -0.0%  0.1697E-11  0.2943E-01  0.3230E-02  0.3266E-01   0.000      0.3604       0.000    
   22100  0.5525      0.2500E-04 SHELL          4  -0.0%  0.2042E-11  0.2968E-01  0.3258E-02  0.3294E-01   0.000      0.3604       0.000    
   22200  0.5550      0.2500E-04 SHELL          4  -0.0%  0.1772E-11  0.2994E-01  0.3286E-02  0.3322E-01   0.000      0.3604       0.000    
   22300  0.5575      0.2500E-04 SHELL          4  -0.0%  0.2130E-11  0.3019E-01  0.3314E-02  0.3350E-01   0.000      0.3604       0.000    
   22400  0.5600      0.2500E-04 SHELL          4  -0.0%  0.1850E-11  0.3045E-01  0.3342E-02  0.3379E-01   0.000      0.3604       0.000    
   22500  0.5625      0.2500E-04 SHELL          4  -0.0%  0.2220E-11  0.3070E-01  0.3370E-02  0.3407E-01   0.000      0.3604       0.000    
   22600  0.5650      0.2500E-04 SHELL          4  -0.0%  0.1931E-11  0.3096E-01  0.3398E-02  0.3436E-01   0.000      0.3604       0.000    
   22700  0.5675      0.2500E-04 SHELL          4   0.0%  0.2313E-11  0.3122E-01  0.3426E-02  0.3464E-01   0.000      0.3604       0.000    
   22800  0.5700      0.2500E-04 SHELL          4  -0.0%  0.2014E-11  0.3148E-01  0.3455E-02  0.3493E-01   0.000      0.3604       0.000    
   22900  0.5725      0.2500E-04 SHELL          4  -0.0%  0.2410E-11  0.3174E-01  0.3483E-02  0.3522E-01   0.000      0.3604       0.000    
   23000  0.5750      0.2500E-04 SHELL          4  -0.0%  0.2101E-11  0.3200E-01  0.3512E-02  0.3551E-01   0.000      0.3604       0.000    
   23100  0.5775      0.2500E-04 SHELL          4  -0.0%  0.2509E-11  0.3226E-01  0.3541E-02  0.3580E-01   0.000      0.3604       0.000    
   23200  0.5800      0.2500E-04 SHELL          4  -0.0%  0.2190E-11  0.3252E-01  0.3570E-02  0.3609E-01   0.000      0.3604       0.000    
   23300  0.5825      0.2500E-04 SHELL          4  -0.0%  0.2611E-11  0.3278E-01  0.3599E-02  0.3638E-01   0.000      0.3604       0.000    
   23400  0.5850      0.2500E-04 SHELL          4  -0.0%  0.2282E-11  0.3305E-01  0.3628E-02  0.3668E-01   0.000      0.3604       0.000    
   23500  0.5875      0.2500E-04 SHELL          4  -0.0%  0.2717E-11  0.3331E-01  0.3657E-02  0.3697E-01   0.000      0.3604       0.000    
   23600  0.5900      0.2500E-04 SHELL          4  -0.0%  0.2377E-11  0.3358E-01  0.3686E-02  0.3727E-01   0.000      0.3604       0.000    
   23700  0.5925      0.2500E-04 SHELL          4  -0.0%  0.2826E-11  0.3385E-01  0.3715E-02  0.3756E-01   0.000      0.3604       0.000    
   23800  0.5950      0.2500E-04 SHELL          4  -0.0%  0.2475E-11  0.3412E-01  0.3745E-02  0.3786E-01   0.000      0.3604       0.000    
   23900  0.5975      0.2500E-04 SHELL          4  -0.0%  0.2939E-11  0.3438E-01  0.3774E-02  0.3816E-01   0.000      0.3604       0.000    
   24000  0.6000      0.2500E-04 SHELL          4  -0.0%  0.2576E-11  0.3465E-01  0.3804E-02  0.3846E-01   0.000      0.3604       0.000    
   24100  0.6025      0.2500E-04 SHELL          4  -0.0%  0.3055E-11  0.3493E-01  0.3834E-02  0.3876E-01   0.000      0.3604       0.000    
   24200  0.6050      0.2500E-04 SHELL          4  -0.0%  0.2681E-11  0.3520E-01  0.3863E-02  0.3906E-01   0.000      0.3604       0.000    
   24300  0.6075      0.2500E-04 SHELL          4  -0.0%  0.3174E-11  0.3547E-01  0.3893E-02  0.3936E-01   0.000      0.3604       0.000    
   24400  0.6100      0.2500E-04 SHELL          4  -0.0%  0.2788E-11  0.3574E-01  0.3923E-02  0.3967E-01   0.000      0.3604       0.000    
   24500  0.6125      0.2500E-04 SHELL          4   0.0%  0.3297E-11  0.3602E-01  0.3953E-02  0.3997E-01   0.000      0.3604       0.000    
   24600  0.6150      0.2500E-04 SHELL          4  -0.0%  0.2899E-11  0.3629E-01  0.3984E-02  0.4028E-01   0.000      0.3604       0.000    
   24700  0.6175      0.2500E-04 SHELL          4   0.0%  0.3424E-11  0.3657E-01  0.4014E-02  0.4058E-01   0.000      0.3604       0.000    
   24800  0.6200      0.2500E-04 SHELL          4  -0.0%  0.3014E-11  0.3685E-01  0.4044E-02  0.4089E-01   0.000      0.3604       0.000    
   24900  0.6225      0.2500E-04 SHELL          4   0.0%  0.3555E-11  0.3712E-01  0.4075E-02  0.4120E-01   0.000      0.3604       0.000    
   25000  0.6250      0.2500E-04 SHELL          4  -0.0%  0.3132E-11  0.3740E-01  0.4105E-02  0.4151E-01   0.000      0.3604       0.000    
   25100  0.6275      0.2500E-04 SHELL          4   0.0%  0.3689E-11  0.3768E-01  0.4136E-02  0.4182E-01   0.000      0.3604       0.000    
   25200  0.6300      0.2500E-04 SHELL          4  -0.0%  0.3253E-11  0.3796E-01  0.4167E-02  0.4213E-01   0.000      0.3604       0.000    
   25300  0.6325      0.2500E-04 SHELL          4  -0.0%  0.3828E-11  0.3824E-01  0.4198E-02  0.4244E-01   0.000      0.3604       0.000    
   25400  0.6350      0.2500E-04 SHELL          4  -0.0%  0.3379E-11  0.3853E-01  0.4229E-02  0.4276E-01   0.000      0.3604       0.000    
   25500  0.6375      0.2500E-04 SHELL          4   0.0%  0.3970E-11  0.3881E-01  0.4260E-02  0.4307E-01   0.000      0.3604       0.000    
   25600  0.6400      0.2500E-04 SHELL          4  -0.0%  0.3508E-11  0.3909E-01  0.4291E-02  0.4339E-01   0.000      0.3604       0.000    
   25700  0.6425      0.2500E-04 SHELL          4   0.0%  0.4116E-11  0.3938E-01  0.4322E-02  0.4370E-01   0.000      0.3604       0.000    
   25800  0.6450      0.2500E-04 SHELL          4  -0.0%  0.3640E-11  0.3967E-01  0.4354E-02  0.4402E-01   0.000      0.3604       0.000    
   25900  0.6475      0.2500E-04 SHELL          4   0.0%  0.4267E-11  0.3995E-01  0.4385E-02  0.4434E-01   0.000      0.3604       0.000    
   26000  0.6500      0.2500E-04 SHELL          4  -0.0%  0.3777E-11  0.4024E-01  0.4417E-02  0.4466E-01   0.000      0.3604       0.000    
   26100  0.6525      0.2500E-04 SHELL          4   0.0%  0.4422E-11  0.4053E-01  0.4448E-02  0.4498E-01   0.000      0.3604       0.000    
   26200  0.6550      0.2500E-04 SHELL          4  -0.0%  0.3918E-11  0.4082E-01  0.4480E-02  0.4530E-01   0.000      0.3604       0.000    
   26300  0.6575      0.2500E-04 SHELL          4   0.0%  0.4581E-11  0.4111E-01  0.4512E-02  0.4562E-01   0.000      0.3604       0.000    
   26400  0.6600      0.2500E-04 SHELL          4  -0.0%  0.4063E-11  0.4140E-01  0.4544E-02  0.4594E-01   0.000      0.3604       0.000    
   26500  0.6625      0.2500E-04 SHELL          4   0.0%  0.4745E-11  0.4169E-01  0.4576E-02  0.4627E-01   0.000      0.3604       0.000    
   26600  0.6650      0.2500E-04 SHELL          4  -0.0%  0.4211E-11  0.4198E-01  0.4608E-02  0.4659E-01   0.000      0.3604       0.000    
   26700  0.6675      0.2500E-04 SHELL          4   0.0%  0.4913E-11  0.4228E-01  0.4640E-02  0.4692E-01   0.000      0.3604       0.000    
   26800  0.6700      0.2500E-04 SHELL          4  -0.0%  0.4364E-11  0.4257E-01  0.4673E-02  0.4724E-01   0.000      0.3604       0.000    
   26900  0.6725      0.2500E-04 SHELL          4   0.0%  0.5086E-11  0.4287E-01  0.4705E-02  0.4757E-01   0.000      0.3604       0.000    
   27000  0.6750      0.2500E-04 SHELL          4  -0.0%  0.4522E-11  0.4316E-01  0.4738E-02  0.4790E-01   0.000      0.3604       0.000    
   27100  0.6775      0.2500E-04 SHELL          4   0.0%  0.5263E-11  0.4346E-01  0.4770E-02  0.4823E-01   0.000      0.3604       0.000    
   27200  0.6800      0.2500E-04 SHELL          4  -0.0%  0.4684E-11  0.4376E-01  0.4803E-02  0.4856E-01   0.000      0.3604       0.000    
   27300  0.6825      0.2500E-04 SHELL          4   0.0%  0.5445E-11  0.4406E-01  0.4836E-02  0.4889E-01   0.000      0.3604       0.000    
   27400  0.6850      0.2500E-04 SHELL          4  -0.0%  0.4850E-11  0.4436E-01  0.4869E-02  0.4922E-01   0.000      0.3604       0.000    
   27500  0.6875      0.2500E-04 SHELL          4   0.0%  0.5632E-11  0.4466E-01  0.4902E-02  0.4956E-01   0.000      0.3604       0.000    
   27600  0.6900      0.2500E-04 SHELL          4  -0.0%  0.5020E-11  0.4496E-01  0.4935E-02  0.4989E-01   0.000      0.3604       0.000    
   27700  0.6925      0.2500E-04 SHELL          4   0.0%  0.5825E-11  0.4526E-01  0.4968E-02  0.5023E-01   0.000      0.3604       0.000    
   27800  0.6950      0.2500E-04 SHELL          4  -0.0%  0.5196E-11  0.4556E-01  0.5001E-02  0.5056E-01   0.000      0.3604       0.000    
   27900  0.6975      0.2500E-04 SHELL          4   0.0%  0.6022E-11  0.4587E-01  0.5034E-02  0.5090E-01   0.000      0.3604       0.000    
   28000  0.7000      0.2500E-04 SHELL          4  -0.0%  0.5376E-11  0.4617E-01  0.5068E-02  0.5124E-01   0.000      0.3604       0.000    
   28100  0.7025      0.2500E-04 SHELL          4   0.0%  0.6224E-11  0.4648E-01  0.5101E-02  0.5158E-01   0.000      0.3604       0.000    
   28200  0.7050      0.2500E-04 SHELL          4  -0.0%  0.5561E-11  0.4678E-01  0.5135E-02  0.5192E-01   0.000      0.3604       0.000    
   28300  0.7075      0.2500E-04 SHELL          4   0.0%  0.6431E-11  0.4709E-01  0.5169E-02  0.5226E-01   0.000      0.3604       0.000    
   28400  0.7100      0.2500E-04 SHELL          4  -0.0%  0.5751E-11  0.4740E-01  0.5202E-02  0.5260E-01   0.000      0.3604       0.000    
   28500  0.7125      0.2500E-04 SHELL          4   0.0%  0.6644E-11  0.4771E-01  0.5236E-02  0.5294E-01   0.000      0.3604       0.000    
   28600  0.7150      0.2500E-04 SHELL          4  -0.0%  0.5946E-11  0.4802E-01  0.5270E-02  0.5329E-01   0.000      0.3604       0.000    
   28700  0.7175      0.2500E-04 SHELL          4   0.0%  0.6862E-11  0.4833E-01  0.5304E-02  0.5363E-01   0.000      0.3604       0.000    
   28800  0.7200      0.2500E-04 SHELL          4  -0.0%  0.6146E-11  0.4864E-01  0.5339E-02  0.5398E-01   0.000      0.3604       0.000    
   28900  0.7225      0.2500E-04 SHELL          4   0.0%  0.7086E-11  0.4895E-01  0.5373E-02  0.5432E-01   0.000      0.3604       0.000    
   29000  0.7250      0.2500E-04 SHELL          4  -0.0%  0.6351E-11  0.4926E-01  0.5407E-02  0.5467E-01   0.000      0.3604       0.000    
   29100  0.7275      0.2500E-04 SHELL          4   0.0%  0.7316E-11  0.4958E-01  0.5441E-02  0.5502E-01   0.000      0.3604       0.000    
   29200  0.7300      0.2500E-04 SHELL          4  -0.0%  0.6561E-11  0.4989E-01  0.5476E-02  0.5537E-01   0.000      0.3604       0.000    
   29300  0.7325      0.2500E-04 SHELL          4   0.0%  0.7551E-11  0.5020E-01  0.5511E-02  0.5572E-01   0.000      0.3604       0.000    
   29400  0.7350      0.2500E-04 SHELL          4  -0.0%  0.6777E-11  0.5052E-01  0.5545E-02  0.5607E-01   0.000      0.3604       0.000    
   29500  0.7375      0.2500E-04 SHELL          4   0.0%  0.7792E-11  0.5084E-01  0.5580E-02  0.5642E-01   0.000      0.3604       0.000    
   29600  0.7400      0.2500E-04 SHELL          4  -0.0%  0.6999E-11  0.5116E-01  0.5615E-02  0.5677E-01   0.000      0.3604       0.000    
   29700  0.7425      0.2500E-04 SHELL          4   0.0%  0.8039E-11  0.5147E-01  0.5650E-02  0.5712E-01   0.000      0.3604       0.000    
   29800  0.7450      0.2500E-04 SHELL          4  -0.0%  0.7225E-11  0.5179E-01  0.5685E-02  0.5748E-01   0.000      0.3604       0.000    
   29900  0.7475      0.2500E-04 SHELL          4   0.0%  0.8291E-11  0.5211E-01  0.5720E-02  0.5783E-01   0.000      0.3604       0.000    
   CYCLE    TIME      TIME-STEP  ELEMENT          ERROR  I-ENERGY    K-ENERGY T  K-ENERGY R  EXT-WORK     MAS.ERR     TOTAL MASS  MASS ADDED
   30000  0.7500      0.2500E-04 SHELL          4  -0.0%  0.7458E-11  0.5243E-01  0.5755E-02  0.5819E-01   0.000      0.3604       0.000    
     ANIMATION FILE: A23_w1_REFERENCE_ROTATION_YA004 WRITTEN
   30100  0.7525      0.2500E-04 SHELL          4   0.0%  0.8550E-11  0.5276E-01  0.5791E-02  0.5855E-01   0.000      0.3604       0.000    
   30200  0.7550      0.2500E-04 SHELL          4  -0.0%  0.7696E-11  0.5308E-01  0.5826E-02  0.5890E-01   0.000      0.3604       0.000    
   30300  0.7575      0.2500E-04 SHELL          4   0.0%  0.8816E-11  0.5340E-01  0.5861E-02  0.5926E-01   0.000      0.3604       0.000    
   30400  0.7600      0.2500E-04 SHELL          4  -0.0%  0.7941E-11  0.5372E-01  0.5897E-02  0.5962E-01   0.000      0.3604       0.000    
   30500  0.7625      0.2500E-04 SHELL          4   0.0%  0.9087E-11  0.5405E-01  0.5933E-02  0.5998E-01   0.000      0.3604       0.000    
   30600  0.7650      0.2500E-04 SHELL          4  -0.0%  0.8191E-11  0.5438E-01  0.5968E-02  0.6034E-01   0.000      0.3604       0.000    
   30700  0.7675      0.2500E-04 SHELL          4   0.0%  0.9365E-11  0.5470E-01  0.6004E-02  0.6071E-01   0.000      0.3604       0.000    
   30800  0.7700      0.2500E-04 SHELL          4  -0.0%  0.8447E-11  0.5503E-01  0.6040E-02  0.6107E-01   0.000      0.3604       0.000    
   30900  0.7725      0.2500E-04 SHELL          4   0.0%  0.9650E-11  0.5536E-01  0.6076E-02  0.6143E-01   0.000      0.3604       0.000    
   31000  0.7750      0.2500E-04 SHELL          4  -0.0%  0.8709E-11  0.5569E-01  0.6112E-02  0.6180E-01   0.000      0.3604       0.000    
   31100  0.7775      0.2500E-04 SHELL          4   0.0%  0.9941E-11  0.5601E-01  0.6148E-02  0.6216E-01   0.000      0.3604       0.000    
   31200  0.7800      0.2500E-04 SHELL          4  -0.0%  0.8978E-11  0.5635E-01  0.6185E-02  0.6253E-01   0.000      0.3604       0.000    
   31300  0.7825      0.2500E-04 SHELL          4   0.0%  0.1024E-10  0.5668E-01  0.6221E-02  0.6290E-01   0.000      0.3604       0.000    
   31400  0.7850      0.2500E-04 SHELL          4  -0.0%  0.9253E-11  0.5701E-01  0.6257E-02  0.6327E-01   0.000      0.3604       0.000    
   31500  0.7875      0.2500E-04 SHELL          4   0.0%  0.1054E-10  0.5734E-01  0.6294E-02  0.6363E-01   0.000      0.3604       0.000    
   31600  0.7900      0.2500E-04 SHELL          4  -0.0%  0.9535E-11  0.5767E-01  0.6330E-02  0.6400E-01   0.000      0.3604       0.000    
   31700  0.7925      0.2500E-04 SHELL          4   0.0%  0.1086E-10  0.5801E-01  0.6367E-02  0.6437E-01   0.000      0.3604       0.000    
   31800  0.7950      0.2500E-04 SHELL          4  -0.0%  0.9823E-11  0.5834E-01  0.6404E-02  0.6475E-01   0.000      0.3604       0.000    
   31900  0.7975      0.2500E-04 SHELL          4   0.0%  0.1117E-10  0.5868E-01  0.6441E-02  0.6512E-01   0.000      0.3604       0.000    
   32000  0.8000      0.2500E-04 SHELL          4  -0.0%  0.1012E-10  0.5901E-01  0.6478E-02  0.6549E-01   0.000      0.3604       0.000    
   32100  0.8025      0.2500E-04 SHELL          4   0.0%  0.1150E-10  0.5935E-01  0.6515E-02  0.6587E-01   0.000      0.3604       0.000    
   32200  0.8050      0.2500E-04 SHELL          4  -0.0%  0.1042E-10  0.5969E-01  0.6552E-02  0.6624E-01   0.000      0.3604       0.000    
   32300  0.8075      0.2500E-04 SHELL          4   0.0%  0.1183E-10  0.6003E-01  0.6589E-02  0.6662E-01   0.000      0.3604       0.000    
   32400  0.8100      0.2500E-04 SHELL          4  -0.0%  0.1073E-10  0.6037E-01  0.6626E-02  0.6699E-01   0.000      0.3604       0.000    
   32500  0.8125      0.2500E-04 SHELL          4   0.0%  0.1217E-10  0.6071E-01  0.6663E-02  0.6737E-01   0.000      0.3604       0.000    
   32600  0.8150      0.2500E-04 SHELL          4  -0.0%  0.1104E-10  0.6105E-01  0.6701E-02  0.6775E-01   0.000      0.3604       0.000    
   32700  0.8175      0.2500E-04 SHELL          4   0.0%  0.1252E-10  0.6139E-01  0.6738E-02  0.6813E-01   0.000      0.3604       0.000    
   32800  0.8200      0.2500E-04 SHELL          4  -0.0%  0.1137E-10  0.6173E-01  0.6776E-02  0.6851E-01   0.000      0.3604       0.000    
   32900  0.8225      0.2500E-04 SHELL          4   0.0%  0.1288E-10  0.6208E-01  0.6814E-02  0.6889E-01   0.000      0.3604       0.000    
   33000  0.8250      0.2500E-04 SHELL          4  -0.0%  0.1170E-10  0.6242E-01  0.6851E-02  0.6927E-01   0.000      0.3604       0.000    
   33100  0.8275      0.2500E-04 SHELL          4   0.0%  0.1324E-10  0.6276E-01  0.6889E-02  0.6965E-01   0.000      0.3604       0.000    
   33200  0.8300      0.2500E-04 SHELL          4  -0.0%  0.1203E-10  0.6311E-01  0.6927E-02  0.7004E-01   0.000      0.3604       0.000    
   33300  0.8325      0.2500E-04 SHELL          4   0.0%  0.1361E-10  0.6346E-01  0.6965E-02  0.7042E-01   0.000      0.3604       0.000    
   33400  0.8350      0.2500E-04 SHELL          4  -0.0%  0.1238E-10  0.6380E-01  0.7003E-02  0.7081E-01   0.000      0.3604       0.000    
   33500  0.8375      0.2500E-04 SHELL          4   0.0%  0.1399E-10  0.6415E-01  0.7041E-02  0.7119E-01   0.000      0.3604       0.000    
   33600  0.8400      0.2500E-04 SHELL          4  -0.0%  0.1273E-10  0.6450E-01  0.7080E-02  0.7158E-01   0.000      0.3604       0.000    
   33700  0.8425      0.2500E-04 SHELL          4   0.0%  0.1438E-10  0.6485E-01  0.7118E-02  0.7197E-01   0.000      0.3604       0.000    
   33800  0.8450      0.2500E-04 SHELL          4  -0.0%  0.1309E-10  0.6520E-01  0.7156E-02  0.7235E-01   0.000      0.3604       0.000    
   33900  0.8475      0.2500E-04 SHELL          4   0.0%  0.1478E-10  0.6555E-01  0.7195E-02  0.7274E-01   0.000      0.3604       0.000    
   34000  0.8500      0.2500E-04 SHELL          4  -0.0%  0.1346E-10  0.6590E-01  0.7233E-02  0.7313E-01   0.000      0.3604       0.000    
   34100  0.8525      0.2500E-04 SHELL          4   0.0%  0.1518E-10  0.6625E-01  0.7272E-02  0.7352E-01   0.000      0.3604       0.000    
   34200  0.8550      0.2500E-04 SHELL          4  -0.0%  0.1383E-10  0.6660E-01  0.7311E-02  0.7392E-01   0.000      0.3604       0.000    
   34300  0.8575      0.2500E-04 SHELL          4   0.0%  0.1559E-10  0.6696E-01  0.7349E-02  0.7431E-01   0.000      0.3604       0.000    
   34400  0.8600      0.2500E-04 SHELL          4  -0.0%  0.1422E-10  0.6731E-01  0.7388E-02  0.7470E-01   0.000      0.3604       0.000    
   34500  0.8625      0.2500E-04 SHELL          4   0.0%  0.1602E-10  0.6767E-01  0.7427E-02  0.7509E-01   0.000      0.3604       0.000    
   34600  0.8650      0.2500E-04 SHELL          4  -0.0%  0.1461E-10  0.6802E-01  0.7466E-02  0.7549E-01   0.000      0.3604       0.000    
   34700  0.8675      0.2500E-04 SHELL          4   0.0%  0.1645E-10  0.6838E-01  0.7505E-02  0.7588E-01   0.000      0.3604       0.000    
   34800  0.8700      0.2500E-04 SHELL          4  -0.0%  0.1501E-10  0.6874E-01  0.7545E-02  0.7628E-01   0.000      0.3604       0.000    
   34900  0.8725      0.2500E-04 SHELL          4   0.0%  0.1689E-10  0.6909E-01  0.7584E-02  0.7668E-01   0.000      0.3604       0.000    
   35000  0.8750      0.2500E-04 SHELL          4  -0.0%  0.1542E-10  0.6945E-01  0.7623E-02  0.7708E-01   0.000      0.3604       0.000    
   35100  0.8775      0.2500E-04 SHELL          4   0.0%  0.1733E-10  0.6981E-01  0.7663E-02  0.7747E-01   0.000      0.3604       0.000    
   35200  0.8800      0.2500E-04 SHELL          4  -0.0%  0.1584E-10  0.7017E-01  0.7702E-02  0.7787E-01   0.000      0.3604       0.000    
   35300  0.8825      0.2500E-04 SHELL          4   0.0%  0.1779E-10  0.7053E-01  0.7742E-02  0.7827E-01   0.000      0.3604       0.000    
   35400  0.8850      0.2500E-04 SHELL          4  -0.0%  0.1626E-10  0.7089E-01  0.7781E-02  0.7867E-01   0.000      0.3604       0.000    
   35500  0.8875      0.2500E-04 SHELL          4   0.0%  0.1826E-10  0.7126E-01  0.7821E-02  0.7908E-01   0.000      0.3604       0.000    
   35600  0.8900      0.2500E-04 SHELL          4  -0.0%  0.1670E-10  0.7162E-01  0.7861E-02  0.7948E-01   0.000      0.3604       0.000    
   35700  0.8925      0.2500E-04 SHELL          4   0.0%  0.1873E-10  0.7198E-01  0.7901E-02  0.7988E-01   0.000      0.3604       0.000    
   35800  0.8950      0.2500E-04 SHELL          4  -0.0%  0.1714E-10  0.7235E-01  0.7941E-02  0.8029E-01   0.000      0.3604       0.000    
   35900  0.8975      0.2500E-04 SHELL          4   0.0%  0.1922E-10  0.7271E-01  0.7981E-02  0.8069E-01   0.000      0.3604       0.000    
   36000  0.9000      0.2500E-04 SHELL          4  -0.0%  0.1759E-10  0.7308E-01  0.8021E-02  0.8110E-01   0.000      0.3604       0.000    
   36100  0.9025      0.2500E-04 SHELL          4   0.0%  0.1971E-10  0.7344E-01  0.8061E-02  0.8150E-01   0.000      0.3604       0.000    
   36200  0.9050      0.2500E-04 SHELL          4  -0.0%  0.1806E-10  0.7381E-01  0.8101E-02  0.8191E-01   0.000      0.3604       0.000    
   36300  0.9075      0.2500E-04 SHELL          4   0.0%  0.2022E-10  0.7418E-01  0.8142E-02  0.8232E-01   0.000      0.3604       0.000    
   36400  0.9100      0.2500E-04 SHELL          4  -0.0%  0.1853E-10  0.7454E-01  0.8182E-02  0.8273E-01   0.000      0.3604       0.000    
   36500  0.9125      0.2500E-04 SHELL          4   0.0%  0.2073E-10  0.7491E-01  0.8223E-02  0.8314E-01   0.000      0.3604       0.000    
   36600  0.9150      0.2500E-04 SHELL          4  -0.0%  0.1901E-10  0.7528E-01  0.8263E-02  0.8355E-01   0.000      0.3604       0.000    
   36700  0.9175      0.2500E-04 SHELL          4   0.0%  0.2125E-10  0.7565E-01  0.8304E-02  0.8396E-01   0.000      0.3604       0.000    
   36800  0.9200      0.2500E-04 SHELL          4  -0.0%  0.1950E-10  0.7602E-01  0.8345E-02  0.8437E-01   0.000      0.3604       0.000    
   36900  0.9225      0.2500E-04 SHELL          4   0.0%  0.2179E-10  0.7640E-01  0.8385E-02  0.8478E-01   0.000      0.3604       0.000    
   37000  0.9250      0.2500E-04 SHELL          4  -0.0%  0.2000E-10  0.7677E-01  0.8426E-02  0.8519E-01   0.000      0.3604       0.000    
   37100  0.9275      0.2500E-04 SHELL          4   0.0%  0.2233E-10  0.7714E-01  0.8467E-02  0.8561E-01   0.000      0.3604       0.000    
   37200  0.9300      0.2500E-04 SHELL          4  -0.0%  0.2051E-10  0.7751E-01  0.8508E-02  0.8602E-01   0.000      0.3604       0.000    
   37300  0.9325      0.2500E-04 SHELL          4   0.0%  0.2289E-10  0.7789E-01  0.8549E-02  0.8644E-01   0.000      0.3604       0.000    
   37400  0.9350      0.2500E-04 SHELL          4  -0.0%  0.2103E-10  0.7826E-01  0.8590E-02  0.8685E-01   0.000      0.3604       0.000    
   37500  0.9375      0.2500E-04 SHELL          4   0.0%  0.2345E-10  0.7864E-01  0.8632E-02  0.8727E-01   0.000      0.3604       0.000    
   37600  0.9400      0.2500E-04 SHELL          4  -0.0%  0.2156E-10  0.7902E-01  0.8673E-02  0.8769E-01   0.000      0.3604       0.000    
   37700  0.9425      0.2500E-04 SHELL          4   0.0%  0.2403E-10  0.7939E-01  0.8714E-02  0.8811E-01   0.000      0.3604       0.000    
   37800  0.9450      0.2500E-04 SHELL          4  -0.0%  0.2210E-10  0.7977E-01  0.8756E-02  0.8853E-01   0.000      0.3604       0.000    
   37900  0.9475      0.2500E-04 SHELL          4   0.0%  0.2462E-10  0.8015E-01  0.8797E-02  0.8895E-01   0.000      0.3604       0.000    
   38000  0.9500      0.2500E-04 SHELL          4  -0.0%  0.2265E-10  0.8053E-01  0.8839E-02  0.8937E-01   0.000      0.3604       0.000    
   38100  0.9525      0.2500E-04 SHELL          4   0.0%  0.2522E-10  0.8091E-01  0.8881E-02  0.8979E-01   0.000      0.3604       0.000    
   38200  0.9550      0.2500E-04 SHELL          4  -0.0%  0.2321E-10  0.8129E-01  0.8922E-02  0.9021E-01   0.000      0.3604       0.000    
   38300  0.9575      0.2500E-04 SHELL          4   0.0%  0.2583E-10  0.8167E-01  0.8964E-02  0.9063E-01   0.000      0.3604       0.000    
   38400  0.9600      0.2500E-04 SHELL          4  -0.0%  0.2378E-10  0.8205E-01  0.9006E-02  0.9106E-01   0.000      0.3604       0.000    
   38500  0.9625      0.2500E-04 SHELL          4   0.0%  0.2645E-10  0.8243E-01  0.9048E-02  0.9148E-01   0.000      0.3604       0.000    
   38600  0.9650      0.2500E-04 SHELL          4  -0.0%  0.2436E-10  0.8282E-01  0.9090E-02  0.9191E-01   0.000      0.3604       0.000    
   38700  0.9675      0.2500E-04 SHELL          4   0.0%  0.2708E-10  0.8320E-01  0.9132E-02  0.9233E-01   0.000      0.3604       0.000    
   38800  0.9700      0.2500E-04 SHELL          4  -0.0%  0.2495E-10  0.8358E-01  0.9174E-02  0.9276E-01   0.000      0.3604       0.000    
   38900  0.9725      0.2500E-04 SHELL          4   0.0%  0.2772E-10  0.8397E-01  0.9217E-02  0.9319E-01   0.000      0.3604       0.000    
   39000  0.9750      0.2500E-04 SHELL          4  -0.0%  0.2556E-10  0.8435E-01  0.9259E-02  0.9361E-01   0.000      0.3604       0.000    
   39100  0.9775      0.2500E-04 SHELL          4   0.0%  0.2838E-10  0.8474E-01  0.9301E-02  0.9404E-01   0.000      0.3604       0.000    
   39200  0.9800      0.2500E-04 SHELL          4  -0.0%  0.2617E-10  0.8513E-01  0.9344E-02  0.9447E-01   0.000      0.3604       0.000    
   39300  0.9825      0.2500E-04 SHELL          4   0.0%  0.2904E-10  0.8552E-01  0.9386E-02  0.9490E-01   0.000      0.3604       0.000    
   39400  0.9850      0.2500E-04 SHELL          4  -0.0%  0.2680E-10  0.8590E-01  0.9429E-02  0.9533E-01   0.000      0.3604       0.000    
   39500  0.9875      0.2500E-04 SHELL          4   0.0%  0.2972E-10  0.8629E-01  0.9472E-02  0.9576E-01   0.000      0.3604       0.000    
   39600  0.9900      0.2500E-04 SHELL          4  -0.0%  0.2744E-10  0.8668E-01  0.9514E-02  0.9620E-01   0.000      0.3604       0.000    
   39700  0.9925      0.2500E-04 SHELL          4   0.0%  0.3041E-10  0.8707E-01  0.9557E-02  0.9663E-01   0.000      0.3604       0.000    
   39800  0.9950      0.2500E-04 SHELL          4  -0.0%  0.2808E-10  0.8746E-01  0.9600E-02  0.9706E-01   0.000      0.3604       0.000    
   39900  0.9975      0.2500E-04 SHELL          4   0.0%  0.3111E-10  0.8785E-01  0.9643E-02  0.9750E-01   0.000      0.3604       0.000    
   CYCLE    TIME      TIME-STEP  ELEMENT          ERROR  I-ENERGY    K-ENERGY T  K-ENERGY R  EXT-WORK     MAS.ERR     TOTAL MASS  MASS ADDED
   40000   1.000      0.2500E-04 SHELL          4  -0.0%  0.2875E-10  0.8824E-01  0.9686E-02  0.9793E-01   0.000      0.3604       0.000    
     ANIMATION FILE: A23_w1_REFERENCE_ROTATION_YA005 WRITTEN
   40100   1.003      0.2500E-04 SHELL          4   0.0%  0.3183E-10  0.8864E-01  0.9729E-02  0.9837E-01   0.000      0.3604       0.000    
   40200   1.005      0.2500E-04 SHELL          4  -0.0%  0.2942E-10  0.8903E-01  0.9772E-02  0.9880E-01   0.000      0.3604       0.000    
   40300   1.008      0.2500E-04 SHELL          4   0.0%  0.3256E-10  0.8942E-01  0.9815E-02  0.9924E-01   0.000      0.3604       0.000    
   40400   1.010      0.2500E-04 SHELL          4  -0.0%  0.3010E-10  0.8982E-01  0.9859E-02  0.9968E-01   0.000      0.3604       0.000    
   40500   1.013      0.2500E-04 SHELL          4   0.0%  0.3330E-10  0.9021E-01  0.9902E-02  0.1001       0.000      0.3604       0.000    
   40600   1.015      0.2500E-04 SHELL          4  -0.0%  0.3080E-10  0.9061E-01  0.9946E-02  0.1006       0.000      0.3604       0.000    
   40700   1.018      0.2500E-04 SHELL          4   0.0%  0.3405E-10  0.9101E-01  0.9989E-02  0.1010       0.000      0.3604       0.000    
   40800   1.020      0.2500E-04 SHELL          4  -0.0%  0.3151E-10  0.9140E-01  0.1003E-01  0.1014       0.000      0.3604       0.000    
   40900   1.023      0.2500E-04 SHELL          4   0.0%  0.3482E-10  0.9180E-01  0.1008E-01  0.1019       0.000      0.3604       0.000    
   41000   1.025      0.2500E-04 SHELL          4  -0.0%  0.3223E-10  0.9220E-01  0.1012E-01  0.1023       0.000      0.3604       0.000    
   41100   1.028      0.2500E-04 SHELL          4   0.0%  0.3560E-10  0.9260E-01  0.1016E-01  0.1028       0.000      0.3604       0.000    
   41200   1.030      0.2500E-04 SHELL          4  -0.0%  0.3296E-10  0.9300E-01  0.1021E-01  0.1032       0.000      0.3604       0.000    
   41300   1.033      0.2500E-04 SHELL          4   0.0%  0.3639E-10  0.9340E-01  0.1025E-01  0.1036       0.000      0.3604       0.000    
   41400   1.035      0.2500E-04 SHELL          4  -0.0%  0.3371E-10  0.9380E-01  0.1030E-01  0.1041       0.000      0.3604       0.000    
   41500   1.038      0.2500E-04 SHELL          4   0.0%  0.3720E-10  0.9420E-01  0.1034E-01  0.1045       0.000      0.3604       0.000    
   41600   1.040      0.2500E-04 SHELL          4  -0.0%  0.3447E-10  0.9460E-01  0.1038E-01  0.1050       0.000      0.3604       0.000    
   41700   1.043      0.2500E-04 SHELL          4   0.0%  0.3802E-10  0.9500E-01  0.1043E-01  0.1054       0.000      0.3604       0.000    
   41800   1.045      0.2500E-04 SHELL          4  -0.0%  0.3524E-10  0.9540E-01  0.1047E-01  0.1059       0.000      0.3604       0.000    
   41900   1.048      0.2500E-04 SHELL          4   0.0%  0.3885E-10  0.9581E-01  0.1052E-01  0.1063       0.000      0.3604       0.000    
   42000   1.050      0.2500E-04 SHELL          4  -0.0%  0.3603E-10  0.9621E-01  0.1056E-01  0.1068       0.000      0.3604       0.000    
   42100   1.053      0.2500E-04 SHELL          4   0.0%  0.3970E-10  0.9662E-01  0.1060E-01  0.1072       0.000      0.3604       0.000    
   42200   1.055      0.2500E-04 SHELL          4  -0.0%  0.3683E-10  0.9702E-01  0.1065E-01  0.1077       0.000      0.3604       0.000    
   42300   1.058      0.2500E-04 SHELL          4   0.0%  0.4056E-10  0.9743E-01  0.1069E-01  0.1081       0.000      0.3604       0.000    
   42400   1.060      0.2500E-04 SHELL          4  -0.0%  0.3764E-10  0.9783E-01  0.1074E-01  0.1086       0.000      0.3604       0.000    
   42500   1.063      0.2500E-04 SHELL          4   0.0%  0.4143E-10  0.9824E-01  0.1078E-01  0.1090       0.000      0.3604       0.000    
   42600   1.065      0.2500E-04 SHELL          4  -0.0%  0.3847E-10  0.9865E-01  0.1083E-01  0.1095       0.000      0.3604       0.000    
   42700   1.068      0.2500E-04 SHELL          4   0.0%  0.4232E-10  0.9906E-01  0.1087E-01  0.1099       0.000      0.3604       0.000    
   42800   1.070      0.2500E-04 SHELL          4  -0.0%  0.3931E-10  0.9947E-01  0.1092E-01  0.1104       0.000      0.3604       0.000    
   42900   1.073      0.2500E-04 SHELL          4   0.0%  0.4323E-10  0.9988E-01  0.1096E-01  0.1108       0.000      0.3604       0.000    
   43000   1.075      0.2500E-04 SHELL          4  -0.0%  0.4016E-10  0.1003      0.1101E-01  0.1113       0.000      0.3604       0.000    
   43100   1.078      0.2500E-04 SHELL          4   0.0%  0.4414E-10  0.1007      0.1105E-01  0.1117       0.000      0.3604       0.000    
   43200   1.080      0.2500E-04 SHELL          4  -0.0%  0.4103E-10  0.1011      0.1110E-01  0.1122       0.000      0.3604       0.000    
   43300   1.083      0.2500E-04 SHELL          4   0.0%  0.4508E-10  0.1015      0.1114E-01  0.1127       0.000      0.3604       0.000    
   43400   1.085      0.2500E-04 SHELL          4  -0.0%  0.4191E-10  0.1019      0.1119E-01  0.1131       0.000      0.3604       0.000    
   43500   1.088      0.2500E-04 SHELL          4   0.0%  0.4603E-10  0.1023      0.1123E-01  0.1136       0.000      0.3604       0.000    
   43600   1.090      0.2500E-04 SHELL          4  -0.0%  0.4281E-10  0.1028      0.1128E-01  0.1140       0.000      0.3604       0.000    
   43700   1.093      0.2500E-04 SHELL          4   0.0%  0.4699E-10  0.1032      0.1132E-01  0.1145       0.000      0.3604       0.000    
   43800   1.095      0.2500E-04 SHELL          4  -0.0%  0.4372E-10  0.1036      0.1137E-01  0.1150       0.000      0.3604       0.000    
   43900   1.098      0.2500E-04 SHELL          4   0.0%  0.4797E-10  0.1040      0.1142E-01  0.1154       0.000      0.3604       0.000    
   44000   1.100      0.2500E-04 SHELL          4  -0.0%  0.4465E-10  0.1044      0.1146E-01  0.1159       0.000      0.3604       0.000    
   44100   1.103      0.2500E-04 SHELL          4   0.0%  0.4896E-10  0.1048      0.1151E-01  0.1163       0.000      0.3604       0.000    
   44200   1.105      0.2500E-04 SHELL          4  -0.0%  0.4559E-10  0.1052      0.1155E-01  0.1168       0.000      0.3604       0.000    
   44300   1.108      0.2500E-04 SHELL          4   0.0%  0.4997E-10  0.1057      0.1160E-01  0.1173       0.000      0.3604       0.000    
   44400   1.110      0.2500E-04 SHELL          4  -0.0%  0.4655E-10  0.1061      0.1164E-01  0.1177       0.000      0.3604       0.000    
   44500   1.113      0.2500E-04 SHELL          4   0.0%  0.5100E-10  0.1065      0.1169E-01  0.1182       0.000      0.3604       0.000    
   44600   1.115      0.2500E-04 SHELL          4  -0.0%  0.4752E-10  0.1069      0.1174E-01  0.1187       0.000      0.3604       0.000    
   44700   1.118      0.2500E-04 SHELL          4   0.0%  0.5204E-10  0.1073      0.1178E-01  0.1191       0.000      0.3604       0.000    
   44800   1.120      0.2500E-04 SHELL          4  -0.0%  0.4850E-10  0.1078      0.1183E-01  0.1196       0.000      0.3604       0.000    
   44900   1.123      0.2500E-04 SHELL          4   0.0%  0.5310E-10  0.1082      0.1187E-01  0.1201       0.000      0.3604       0.000    
   45000   1.125      0.2500E-04 SHELL          4  -0.0%  0.4951E-10  0.1086      0.1192E-01  0.1205       0.000      0.3604       0.000    
   45100   1.128      0.2500E-04 SHELL          4   0.0%  0.5417E-10  0.1090      0.1197E-01  0.1210       0.000      0.3604       0.000    
   45200   1.130      0.2500E-04 SHELL          4  -0.0%  0.5052E-10  0.1094      0.1201E-01  0.1215       0.000      0.3604       0.000    
   45300   1.133      0.2500E-04 SHELL          4   0.0%  0.5526E-10  0.1099      0.1206E-01  0.1219       0.000      0.3604       0.000    
   45400   1.135      0.2500E-04 SHELL          4  -0.0%  0.5156E-10  0.1103      0.1211E-01  0.1224       0.000      0.3604       0.000    
   45500   1.138      0.2500E-04 SHELL          4   0.0%  0.5637E-10  0.1107      0.1215E-01  0.1229       0.000      0.3604       0.000    
   45600   1.140      0.2500E-04 SHELL          4  -0.0%  0.5261E-10  0.1111      0.1220E-01  0.1233       0.000      0.3604       0.000    
   45700   1.143      0.2500E-04 SHELL          4   0.0%  0.5749E-10  0.1116      0.1225E-01  0.1238       0.000      0.3604       0.000    
   45800   1.145      0.2500E-04 SHELL          4  -0.0%  0.5367E-10  0.1120      0.1229E-01  0.1243       0.000      0.3604       0.000    
   45900   1.148      0.2500E-04 SHELL          4   0.0%  0.5864E-10  0.1124      0.1234E-01  0.1248       0.000      0.3604       0.000    
   46000   1.150      0.2500E-04 SHELL          4  -0.0%  0.5476E-10  0.1128      0.1239E-01  0.1252       0.000      0.3604       0.000    
   46100   1.153      0.2500E-04 SHELL          4   0.0%  0.5979E-10  0.1133      0.1243E-01  0.1257       0.000      0.3604       0.000    
   46200   1.155      0.2500E-04 SHELL          4  -0.0%  0.5585E-10  0.1137      0.1248E-01  0.1262       0.000      0.3604       0.000    
   46300   1.158      0.2500E-04 SHELL          4   0.0%  0.6097E-10  0.1141      0.1253E-01  0.1267       0.000      0.3604       0.000    
   46400   1.160      0.2500E-04 SHELL          4  -0.0%  0.5697E-10  0.1146      0.1257E-01  0.1271       0.000      0.3604       0.000    
   46500   1.163      0.2500E-04 SHELL          4   0.0%  0.6216E-10  0.1150      0.1262E-01  0.1276       0.000      0.3604       0.000    
   46600   1.165      0.2500E-04 SHELL          4  -0.0%  0.5810E-10  0.1154      0.1267E-01  0.1281       0.000      0.3604       0.000    
   46700   1.168      0.2500E-04 SHELL          4   0.0%  0.6337E-10  0.1158      0.1272E-01  0.1286       0.000      0.3604       0.000    
   46800   1.170      0.2500E-04 SHELL          4  -0.0%  0.5925E-10  0.1163      0.1276E-01  0.1290       0.000      0.3604       0.000    
   46900   1.173      0.2500E-04 SHELL          4   0.0%  0.6460E-10  0.1167      0.1281E-01  0.1295       0.000      0.3604       0.000    
   47000   1.175      0.2500E-04 SHELL          4  -0.0%  0.6042E-10  0.1171      0.1286E-01  0.1300       0.000      0.3604       0.000    
   47100   1.178      0.2500E-04 SHELL          4   0.0%  0.6585E-10  0.1176      0.1291E-01  0.1305       0.000      0.3604       0.000    
   47200   1.180      0.2500E-04 SHELL          4  -0.0%  0.6160E-10  0.1180      0.1295E-01  0.1310       0.000      0.3604       0.000    
   47300   1.183      0.2500E-04 SHELL          4   0.0%  0.6711E-10  0.1184      0.1300E-01  0.1314       0.000      0.3604       0.000    
   47400   1.185      0.2500E-04 SHELL          4  -0.0%  0.6280E-10  0.1189      0.1305E-01  0.1319       0.000      0.3604       0.000    
   47500   1.188      0.2500E-04 SHELL          4   0.0%  0.6839E-10  0.1193      0.1310E-01  0.1324       0.000      0.3604       0.000    
   47600   1.190      0.2500E-04 SHELL          4  -0.0%  0.6402E-10  0.1197      0.1314E-01  0.1329       0.000      0.3604       0.000    
   47700   1.193      0.2500E-04 SHELL          4   0.0%  0.6969E-10  0.1202      0.1319E-01  0.1334       0.000      0.3604       0.000    
   47800   1.195      0.2500E-04 SHELL          4  -0.0%  0.6526E-10  0.1206      0.1324E-01  0.1339       0.000      0.3604       0.000    
   47900   1.198      0.2500E-04 SHELL          4   0.0%  0.7101E-10  0.1211      0.1329E-01  0.1343       0.000      0.3604       0.000    
   48000   1.200      0.2500E-04 SHELL          4  -0.0%  0.6651E-10  0.1215      0.1333E-01  0.1348       0.000      0.3604       0.000    
   48100   1.203      0.2500E-04 SHELL          4   0.0%  0.7235E-10  0.1219      0.1338E-01  0.1353       0.000      0.3604       0.000    
   48200   1.205      0.2500E-04 SHELL          4  -0.0%  0.6779E-10  0.1224      0.1343E-01  0.1358       0.000      0.3604       0.000    
   48300   1.208      0.2500E-04 SHELL          4   0.0%  0.7371E-10  0.1228      0.1348E-01  0.1363       0.000      0.3604       0.000    
   48400   1.210      0.2500E-04 SHELL          4  -0.0%  0.6908E-10  0.1232      0.1353E-01  0.1368       0.000      0.3604       0.000    
   48500   1.213      0.2500E-04 SHELL          4   0.0%  0.7508E-10  0.1237      0.1358E-01  0.1373       0.000      0.3604       0.000    
   48600   1.215      0.2500E-04 SHELL          4  -0.0%  0.7039E-10  0.1241      0.1362E-01  0.1377       0.000      0.3604       0.000    
   48700   1.218      0.2500E-04 SHELL          4   0.0%  0.7648E-10  0.1246      0.1367E-01  0.1382       0.000      0.3604       0.000    
   48800   1.220      0.2500E-04 SHELL          4  -0.0%  0.7172E-10  0.1250      0.1372E-01  0.1387       0.000      0.3604       0.000    
   48900   1.223      0.2500E-04 SHELL          4   0.0%  0.7789E-10  0.1254      0.1377E-01  0.1392       0.000      0.3604       0.000    
   49000   1.225      0.2500E-04 SHELL          4  -0.0%  0.7306E-10  0.1259      0.1382E-01  0.1397       0.000      0.3604       0.000    
   49100   1.228      0.2500E-04 SHELL          4   0.0%  0.7933E-10  0.1263      0.1387E-01  0.1402       0.000      0.3604       0.000    
   49200   1.230      0.2500E-04 SHELL          4  -0.0%  0.7443E-10  0.1268      0.1391E-01  0.1407       0.000      0.3604       0.000    
   49300   1.233      0.2500E-04 SHELL          4   0.0%  0.8078E-10  0.1272      0.1396E-01  0.1412       0.000      0.3604       0.000    
   49400   1.235      0.2500E-04 SHELL          4  -0.0%  0.7582E-10  0.1277      0.1401E-01  0.1417       0.000      0.3604       0.000    
   49500   1.238      0.2500E-04 SHELL          4   0.0%  0.8226E-10  0.1281      0.1406E-01  0.1422       0.000      0.3604       0.000    
   49600   1.240      0.2500E-04 SHELL          4  -0.0%  0.7722E-10  0.1285      0.1411E-01  0.1427       0.000      0.3604       0.000    
   49700   1.243      0.2500E-04 SHELL          4   0.0%  0.8375E-10  0.1290      0.1416E-01  0.1431       0.000      0.3604       0.000    
   49800   1.245      0.2500E-04 SHELL          4  -0.0%  0.7865E-10  0.1294      0.1421E-01  0.1436       0.000      0.3604       0.000    
   49900   1.248      0.2500E-04 SHELL          4   0.0%  0.8527E-10  0.1299      0.1426E-01  0.1441       0.000      0.3604       0.000    
   CYCLE    TIME      TIME-STEP  ELEMENT          ERROR  I-ENERGY    K-ENERGY T  K-ENERGY R  EXT-WORK     MAS.ERR     TOTAL MASS  MASS ADDED
   50000   1.250      0.2500E-04 SHELL          4  -0.0%  0.8009E-10  0.1303      0.1431E-01  0.1446       0.000      0.3604       0.000    
     ANIMATION FILE: A23_w1_REFERENCE_ROTATION_YA006 WRITTEN
   50100   1.253      0.2500E-04 SHELL          4   0.0%  0.8681E-10  0.1308      0.1435E-01  0.1451       0.000      0.3604       0.000    
   50200   1.255      0.2500E-04 SHELL          4  -0.0%  0.8155E-10  0.1312      0.1440E-01  0.1456       0.000      0.3604       0.000    
   50300   1.258      0.2500E-04 SHELL          4   0.0%  0.8836E-10  0.1317      0.1445E-01  0.1461       0.000      0.3604       0.000    
   50400   1.260      0.2500E-04 SHELL          4  -0.0%  0.8304E-10  0.1321      0.1450E-01  0.1466       0.000      0.3604       0.000    
   50500   1.263      0.2500E-04 SHELL          4   0.0%  0.8994E-10  0.1326      0.1455E-01  0.1471       0.000      0.3604       0.000    
   50600   1.265      0.2500E-04 SHELL          4  -0.0%  0.8454E-10  0.1330      0.1460E-01  0.1476       0.000      0.3604       0.000    
   50700   1.268      0.2500E-04 SHELL          4   0.0%  0.9154E-10  0.1335      0.1465E-01  0.1481       0.000      0.3604       0.000    
   50800   1.270      0.2500E-04 SHELL          4  -0.0%  0.8607E-10  0.1339      0.1470E-01  0.1486       0.000      0.3604       0.000    
   50900   1.273      0.2500E-04 SHELL          4   0.0%  0.9316E-10  0.1344      0.1475E-01  0.1491       0.000      0.3604       0.000    
   51000   1.275      0.2500E-04 SHELL          4  -0.0%  0.8762E-10  0.1348      0.1480E-01  0.1496       0.000      0.3604       0.000    
   51100   1.278      0.2500E-04 SHELL          4   0.0%  0.9480E-10  0.1353      0.1485E-01  0.1501       0.000      0.3604       0.000    
   51200   1.280      0.2500E-04 SHELL          4  -0.0%  0.8918E-10  0.1357      0.1490E-01  0.1506       0.000      0.3604       0.000    
   51300   1.283      0.2500E-04 SHELL          4   0.0%  0.9646E-10  0.1362      0.1495E-01  0.1511       0.000      0.3604       0.000    
   51400   1.285      0.2500E-04 SHELL          4  -0.0%  0.9077E-10  0.1366      0.1500E-01  0.1516       0.000      0.3604       0.000    
   51500   1.288      0.2500E-04 SHELL          4   0.0%  0.9815E-10  0.1371      0.1505E-01  0.1521       0.000      0.3604       0.000    
   51600   1.290      0.2500E-04 SHELL          4  -0.0%  0.9238E-10  0.1375      0.1510E-01  0.1526       0.000      0.3604       0.000    
   51700   1.293      0.2500E-04 SHELL          4   0.0%  0.9986E-10  0.1380      0.1515E-01  0.1531       0.000      0.3604       0.000    
   51800   1.295      0.2500E-04 SHELL          4  -0.0%  0.9401E-10  0.1384      0.1520E-01  0.1536       0.000      0.3604       0.000    
   51900   1.298      0.2500E-04 SHELL          4   0.0%  0.1016E-09  0.1389      0.1525E-01  0.1541       0.000      0.3604       0.000    
   52000   1.300      0.2500E-04 SHELL          4  -0.0%  0.9566E-10  0.1394      0.1530E-01  0.1547       0.000      0.3604       0.000    
   52100   1.303      0.2500E-04 SHELL          4   0.0%  0.1033E-09  0.1398      0.1535E-01  0.1552       0.000      0.3604       0.000    
   52200   1.305      0.2500E-04 SHELL          4  -0.0%  0.9734E-10  0.1403      0.1540E-01  0.1557       0.000      0.3604       0.000    
   52300   1.308      0.2500E-04 SHELL          4   0.0%  0.1051E-09  0.1407      0.1545E-01  0.1562       0.000      0.3604       0.000    
   52400   1.310      0.2500E-04 SHELL          4  -0.0%  0.9903E-10  0.1412      0.1550E-01  0.1567       0.000      0.3604       0.000    
   52500   1.313      0.2500E-04 SHELL          4   0.0%  0.1069E-09  0.1416      0.1555E-01  0.1572       0.000      0.3604       0.000    
   52600   1.315      0.2500E-04 SHELL          4  -0.0%  0.1007E-09  0.1421      0.1560E-01  0.1577       0.000      0.3604       0.000    
   52700   1.318      0.2500E-04 SHELL          4   0.0%  0.1087E-09  0.1426      0.1565E-01  0.1582       0.000      0.3604       0.000    
   52800   1.320      0.2500E-04 SHELL          4  -0.0%  0.1025E-09  0.1430      0.1570E-01  0.1587       0.000      0.3604       0.000    
   52900   1.323      0.2500E-04 SHELL          4   0.0%  0.1106E-09  0.1435      0.1575E-01  0.1592       0.000      0.3604       0.000    
   53000   1.325      0.2500E-04 SHELL          4  -0.0%  0.1043E-09  0.1439      0.1580E-01  0.1597       0.000      0.3604       0.000    
   53100   1.328      0.2500E-04 SHELL          4   0.0%  0.1124E-09  0.1444      0.1585E-01  0.1602       0.000      0.3604       0.000    
   53200   1.330      0.2500E-04 SHELL          4  -0.0%  0.1060E-09  0.1449      0.1590E-01  0.1608       0.000      0.3604       0.000    
   53300   1.333      0.2500E-04 SHELL          4   0.0%  0.1143E-09  0.1453      0.1595E-01  0.1613       0.000      0.3604       0.000    
   53400   1.335      0.2500E-04 SHELL          4  -0.0%  0.1078E-09  0.1458      0.1600E-01  0.1618       0.000      0.3604       0.000    
   53500   1.338      0.2500E-04 SHELL          4   0.0%  0.1162E-09  0.1462      0.1605E-01  0.1623       0.000      0.3604       0.000    
   53600   1.340      0.2500E-04 SHELL          4  -0.0%  0.1097E-09  0.1467      0.1610E-01  0.1628       0.000      0.3604       0.000    
   53700   1.343      0.2500E-04 SHELL          4   0.0%  0.1182E-09  0.1472      0.1615E-01  0.1633       0.000      0.3604       0.000    
   53800   1.345      0.2500E-04 SHELL          4  -0.0%  0.1115E-09  0.1476      0.1620E-01  0.1638       0.000      0.3604       0.000    
   53900   1.348      0.2500E-04 SHELL          4   0.0%  0.1201E-09  0.1481      0.1626E-01  0.1644       0.000      0.3604       0.000    
   54000   1.350      0.2500E-04 SHELL          4  -0.0%  0.1134E-09  0.1486      0.1631E-01  0.1649       0.000      0.3604       0.000    
   54100   1.353      0.2500E-04 SHELL          4   0.0%  0.1221E-09  0.1490      0.1636E-01  0.1654       0.000      0.3604       0.000    
   54200   1.355      0.2500E-04 SHELL          4  -0.0%  0.1153E-09  0.1495      0.1641E-01  0.1659       0.000      0.3604       0.000    
   54300   1.358      0.2500E-04 SHELL          4   0.0%  0.1241E-09  0.1500      0.1646E-01  0.1664       0.000      0.3604       0.000    
   54400   1.360      0.2500E-04 SHELL          4  -0.0%  0.1172E-09  0.1504      0.1651E-01  0.1669       0.000      0.3604       0.000    
   54500   1.363      0.2500E-04 SHELL          4   0.0%  0.1262E-09  0.1509      0.1656E-01  0.1674       0.000      0.3604       0.000    
   54600   1.365      0.2500E-04 SHELL          4  -0.0%  0.1192E-09  0.1514      0.1661E-01  0.1680       0.000      0.3604       0.000    
   54700   1.368      0.2500E-04 SHELL          4   0.0%  0.1282E-09  0.1518      0.1666E-01  0.1685       0.000      0.3604       0.000    
   54800   1.370      0.2500E-04 SHELL          4  -0.0%  0.1212E-09  0.1523      0.1672E-01  0.1690       0.000      0.3604       0.000    
   54900   1.373      0.2500E-04 SHELL          4   0.0%  0.1303E-09  0.1528      0.1677E-01  0.1695       0.000      0.3604       0.000    
   55000   1.375      0.2500E-04 SHELL          4  -0.0%  0.1232E-09  0.1532      0.1682E-01  0.1700       0.000      0.3604       0.000    
   55100   1.378      0.2500E-04 SHELL          4   0.0%  0.1324E-09  0.1537      0.1687E-01  0.1706       0.000      0.3604       0.000    
   55200   1.380      0.2500E-04 SHELL          4  -0.0%  0.1252E-09  0.1542      0.1692E-01  0.1711       0.000      0.3604       0.000    
   55300   1.383      0.2500E-04 SHELL          4   0.0%  0.1346E-09  0.1546      0.1697E-01  0.1716       0.000      0.3604       0.000    
   55400   1.385      0.2500E-04 SHELL          4  -0.0%  0.1272E-09  0.1551      0.1702E-01  0.1721       0.000      0.3604       0.000    
   55500   1.388      0.2500E-04 SHELL          4   0.0%  0.1367E-09  0.1556      0.1708E-01  0.1726       0.000      0.3604       0.000    
   55600   1.390      0.2500E-04 SHELL          4  -0.0%  0.1293E-09  0.1560      0.1713E-01  0.1732       0.000      0.3604       0.000    
   55700   1.393      0.2500E-04 SHELL          4   0.0%  0.1389E-09  0.1565      0.1718E-01  0.1737       0.000      0.3604       0.000    
   55800   1.395      0.2500E-04 SHELL          4  -0.0%  0.1314E-09  0.1570      0.1723E-01  0.1742       0.000      0.3604       0.000    
   55900   1.398      0.2500E-04 SHELL          4   0.0%  0.1411E-09  0.1575      0.1728E-01  0.1747       0.000      0.3604       0.000    
   56000   1.400      0.2500E-04 SHELL          4  -0.0%  0.1335E-09  0.1579      0.1733E-01  0.1753       0.000      0.3604       0.000    
   56100   1.403      0.2500E-04 SHELL          4   0.0%  0.1434E-09  0.1584      0.1739E-01  0.1758       0.000      0.3604       0.000    
   56200   1.405      0.2500E-04 SHELL          4  -0.0%  0.1357E-09  0.1589      0.1744E-01  0.1763       0.000      0.3604       0.000    
   56300   1.408      0.2500E-04 SHELL          4   0.0%  0.1456E-09  0.1593      0.1749E-01  0.1768       0.000      0.3604       0.000    
   56400   1.410      0.2500E-04 SHELL          4  -0.0%  0.1378E-09  0.1598      0.1754E-01  0.1774       0.000      0.3604       0.000    
   56500   1.413      0.2500E-04 SHELL          4   0.0%  0.1479E-09  0.1603      0.1759E-01  0.1779       0.000      0.3604       0.000    
   56600   1.415      0.2500E-04 SHELL          4  -0.0%  0.1400E-09  0.1608      0.1765E-01  0.1784       0.000      0.3604       0.000    
   56700   1.418      0.2500E-04 SHELL          4   0.0%  0.1503E-09  0.1612      0.1770E-01  0.1789       0.000      0.3604       0.000    
   56800   1.420      0.2500E-04 SHELL          4  -0.0%  0.1423E-09  0.1617      0.1775E-01  0.1795       0.000      0.3604       0.000    
   56900   1.423      0.2500E-04 SHELL          4   0.0%  0.1526E-09  0.1622      0.1780E-01  0.1800       0.000      0.3604       0.000    
   57000   1.425      0.2500E-04 SHELL          4  -0.0%  0.1445E-09  0.1627      0.1785E-01  0.1805       0.000      0.3604       0.000    
   57100   1.428      0.2500E-04 SHELL          4   0.0%  0.1550E-09  0.1631      0.1791E-01  0.1811       0.000      0.3604       0.000    
   57200   1.430      0.2500E-04 SHELL          4  -0.0%  0.1468E-09  0.1636      0.1796E-01  0.1816       0.000      0.3604       0.000    
   57300   1.432      0.2500E-04 SHELL          4   0.0%  0.1574E-09  0.1641      0.1801E-01  0.1821       0.000      0.3604       0.000    
   57400   1.435      0.2500E-04 SHELL          4  -0.0%  0.1491E-09  0.1646      0.1806E-01  0.1826       0.000      0.3604       0.000    
   57500   1.437      0.2500E-04 SHELL          4   0.0%  0.1598E-09  0.1651      0.1812E-01  0.1832       0.000      0.3604       0.000    
   57600   1.440      0.2500E-04 SHELL          4  -0.0%  0.1514E-09  0.1655      0.1817E-01  0.1837       0.000      0.3604       0.000    
   57700   1.442      0.2500E-04 SHELL          4   0.0%  0.1623E-09  0.1660      0.1822E-01  0.1842       0.000      0.3604       0.000    
   57800   1.445      0.2500E-04 SHELL          4  -0.0%  0.1538E-09  0.1665      0.1827E-01  0.1848       0.000      0.3604       0.000    
   57900   1.447      0.2500E-04 SHELL          4   0.0%  0.1647E-09  0.1670      0.1833E-01  0.1853       0.000      0.3604       0.000    
   58000   1.450      0.2500E-04 SHELL          4  -0.0%  0.1562E-09  0.1674      0.1838E-01  0.1858       0.000      0.3604       0.000    
   58100   1.452      0.2500E-04 SHELL          4   0.0%  0.1673E-09  0.1679      0.1843E-01  0.1864       0.000      0.3604       0.000    
   58200   1.455      0.2500E-04 SHELL          4  -0.0%  0.1586E-09  0.1684      0.1848E-01  0.1869       0.000      0.3604       0.000    
   58300   1.457      0.2500E-04 SHELL          4   0.0%  0.1698E-09  0.1689      0.1854E-01  0.1874       0.000      0.3604       0.000    
   58400   1.460      0.2500E-04 SHELL          4  -0.0%  0.1610E-09  0.1694      0.1859E-01  0.1880       0.000      0.3604       0.000    
   58500   1.462      0.2500E-04 SHELL          4   0.0%  0.1724E-09  0.1698      0.1864E-01  0.1885       0.000      0.3604       0.000    
   58600   1.465      0.2500E-04 SHELL          4  -0.0%  0.1635E-09  0.1703      0.1870E-01  0.1890       0.000      0.3604       0.000    
   58700   1.467      0.2500E-04 SHELL          4   0.0%  0.1750E-09  0.1708      0.1875E-01  0.1896       0.000      0.3604       0.000    
   58800   1.470      0.2500E-04 SHELL          4  -0.0%  0.1660E-09  0.1713      0.1880E-01  0.1901       0.000      0.3604       0.000    
   58900   1.472      0.2500E-04 SHELL          4   0.0%  0.1776E-09  0.1718      0.1885E-01  0.1906       0.000      0.3604       0.000    
   59000   1.475      0.2500E-04 SHELL          4  -0.0%  0.1685E-09  0.1723      0.1891E-01  0.1912       0.000      0.3604       0.000    
   59100   1.477      0.2500E-04 SHELL          4   0.0%  0.1803E-09  0.1727      0.1896E-01  0.1917       0.000      0.3604       0.000    
   59200   1.480      0.2500E-04 SHELL          4  -0.0%  0.1711E-09  0.1732      0.1901E-01  0.1922       0.000      0.3604       0.000    
   59300   1.482      0.2500E-04 SHELL          4   0.0%  0.1829E-09  0.1737      0.1907E-01  0.1928       0.000      0.3604       0.000    
   59400   1.485      0.2500E-04 SHELL          4  -0.0%  0.1737E-09  0.1742      0.1912E-01  0.1933       0.000      0.3604       0.000    
   59500   1.487      0.2500E-04 SHELL          4   0.0%  0.1857E-09  0.1747      0.1917E-01  0.1938       0.000      0.3604       0.000    
   59600   1.490      0.2500E-04 SHELL          4  -0.0%  0.1763E-09  0.1752      0.1923E-01  0.1944       0.000      0.3604       0.000    
   59700   1.492      0.2500E-04 SHELL          4   0.0%  0.1884E-09  0.1756      0.1928E-01  0.1949       0.000      0.3604       0.000    
   59800   1.495      0.2500E-04 SHELL          4  -0.0%  0.1789E-09  0.1761      0.1933E-01  0.1955       0.000      0.3604       0.000    
   59900   1.497      0.2500E-04 SHELL          4   0.0%  0.1912E-09  0.1766      0.1939E-01  0.1960       0.000      0.3604       0.000    
   CYCLE    TIME      TIME-STEP  ELEMENT          ERROR  I-ENERGY    K-ENERGY T  K-ENERGY R  EXT-WORK     MAS.ERR     TOTAL MASS  MASS ADDED
   60000   1.500      0.2500E-04 SHELL          4  -0.0%  0.1816E-09  0.1771      0.1944E-01  0.1965       0.000      0.3604       0.000    
     ANIMATION FILE: A23_w1_REFERENCE_ROTATION_YA007 WRITTEN
   60100   1.502      0.2500E-04 SHELL          4   0.0%  0.1940E-09  0.1776      0.1949E-01  0.1971       0.000      0.3604       0.000    
   60200   1.505      0.2500E-04 SHELL          4  -0.0%  0.1843E-09  0.1781      0.1955E-01  0.1976       0.000      0.3604       0.000    
   60300   1.507      0.2500E-04 SHELL          4   0.0%  0.1968E-09  0.1786      0.1960E-01  0.1982       0.000      0.3604       0.000    
   60400   1.510      0.2500E-04 SHELL          4  -0.0%  0.1870E-09  0.1790      0.1965E-01  0.1987       0.000      0.3604       0.000    
   60500   1.512      0.2500E-04 SHELL          4   0.0%  0.1997E-09  0.1795      0.1971E-01  0.1992       0.000      0.3604       0.000    
   60600   1.515      0.2500E-04 SHELL          4  -0.0%  0.1898E-09  0.1800      0.1976E-01  0.1998       0.000      0.3604       0.000    
   60700   1.517      0.2500E-04 SHELL          4   0.0%  0.2026E-09  0.1805      0.1981E-01  0.2003       0.000      0.3604       0.000    
   60800   1.520      0.2500E-04 SHELL          4  -0.0%  0.1926E-09  0.1810      0.1987E-01  0.2009       0.000      0.3604       0.000    
   60900   1.522      0.2500E-04 SHELL          4   0.0%  0.2055E-09  0.1815      0.1992E-01  0.2014       0.000      0.3604       0.000    
   61000   1.525      0.2500E-04 SHELL          4  -0.0%  0.1954E-09  0.1820      0.1997E-01  0.2020       0.000      0.3604       0.000    
   61100   1.527      0.2500E-04 SHELL          4   0.0%  0.2085E-09  0.1825      0.2003E-01  0.2025       0.000      0.3604       0.000    
   61200   1.530      0.2500E-04 SHELL          4  -0.0%  0.1983E-09  0.1830      0.2008E-01  0.2030       0.000      0.3604       0.000    
   61300   1.532      0.2500E-04 SHELL          4   0.0%  0.2115E-09  0.1834      0.2014E-01  0.2036       0.000      0.3604       0.000    
   61400   1.535      0.2500E-04 SHELL          4  -0.0%  0.2011E-09  0.1839      0.2019E-01  0.2041       0.000      0.3604       0.000    
   61500   1.537      0.2500E-04 SHELL          4   0.0%  0.2145E-09  0.1844      0.2024E-01  0.2047       0.000      0.3604       0.000    
   61600   1.540      0.2500E-04 SHELL          4  -0.0%  0.2041E-09  0.1849      0.2030E-01  0.2052       0.000      0.3604       0.000    
   61700   1.542      0.2500E-04 SHELL          4   0.0%  0.2176E-09  0.1854      0.2035E-01  0.2058       0.000      0.3604       0.000    
   61800   1.545      0.2500E-04 SHELL          4  -0.0%  0.2070E-09  0.1859      0.2041E-01  0.2063       0.000      0.3604       0.000    
   61900   1.547      0.2500E-04 SHELL          4   0.0%  0.2206E-09  0.1864      0.2046E-01  0.2069       0.000      0.3604       0.000    
   62000   1.550      0.2500E-04 SHELL          4  -0.0%  0.2100E-09  0.1869      0.2051E-01  0.2074       0.000      0.3604       0.000    
   62100   1.552      0.2500E-04 SHELL          4   0.0%  0.2238E-09  0.1874      0.2057E-01  0.2079       0.000      0.3604       0.000    
   62200   1.555      0.2500E-04 SHELL          4  -0.0%  0.2130E-09  0.1879      0.2062E-01  0.2085       0.000      0.3604       0.000    
   62300   1.557      0.2500E-04 SHELL          4   0.0%  0.2269E-09  0.1884      0.2068E-01  0.2090       0.000      0.3604       0.000    
   62400   1.560      0.2500E-04 SHELL          4  -0.0%  0.2160E-09  0.1889      0.2073E-01  0.2096       0.000      0.3604       0.000    
   62500   1.562      0.2500E-04 SHELL          4   0.0%  0.2301E-09  0.1894      0.2078E-01  0.2101       0.000      0.3604       0.000    
   62600   1.565      0.2500E-04 SHELL          4  -0.0%  0.2191E-09  0.1898      0.2084E-01  0.2107       0.000      0.3604       0.000    
   62700   1.567      0.2500E-04 SHELL          4   0.0%  0.2333E-09  0.1903      0.2089E-01  0.2112       0.000      0.3604       0.000    
   62800   1.570      0.2500E-04 SHELL          4  -0.0%  0.2222E-09  0.1908      0.2095E-01  0.2118       0.000      0.3604       0.000    
   62900   1.572      0.2500E-04 SHELL          4   0.0%  0.2366E-09  0.1913      0.2100E-01  0.2123       0.000      0.3604       0.000    
   63000   1.575      0.2500E-04 SHELL          4  -0.0%  0.2253E-09  0.1918      0.2106E-01  0.2129       0.000      0.3604       0.000    
   63100   1.577      0.2500E-04 SHELL          4   0.0%  0.2399E-09  0.1923      0.2111E-01  0.2134       0.000      0.3604       0.000    
   63200   1.580      0.2500E-04 SHELL          4  -0.0%  0.2285E-09  0.1928      0.2116E-01  0.2140       0.000      0.3604       0.000    
   63300   1.582      0.2500E-04 SHELL          4   0.0%  0.2432E-09  0.1933      0.2122E-01  0.2145       0.000      0.3604       0.000    
   63400   1.585      0.2500E-04 SHELL          4  -0.0%  0.2317E-09  0.1938      0.2127E-01  0.2151       0.000      0.3604       0.000    
   63500   1.587      0.2500E-04 SHELL          4   0.0%  0.2465E-09  0.1943      0.2133E-01  0.2156       0.000      0.3604       0.000    
   63600   1.590      0.2500E-04 SHELL          4  -0.0%  0.2349E-09  0.1948      0.2138E-01  0.2162       0.000      0.3604       0.000    
   63700   1.592      0.2500E-04 SHELL          4   0.0%  0.2499E-09  0.1953      0.2144E-01  0.2167       0.000      0.3604       0.000    
   63800   1.595      0.2500E-04 SHELL          4  -0.0%  0.2382E-09  0.1958      0.2149E-01  0.2173       0.000      0.3604       0.000    
   63900   1.597      0.2500E-04 SHELL          4   0.0%  0.2533E-09  0.1963      0.2155E-01  0.2178       0.000      0.3604       0.000    
   64000   1.600      0.2500E-04 SHELL          4  -0.0%  0.2415E-09  0.1968      0.2160E-01  0.2184       0.000      0.3604       0.000    
   64100   1.602      0.2500E-04 SHELL          4   0.0%  0.2568E-09  0.1973      0.2165E-01  0.2189       0.000      0.3604       0.000    
   64200   1.605      0.2500E-04 SHELL          4  -0.0%  0.2448E-09  0.1978      0.2171E-01  0.2195       0.000      0.3604       0.000    
   64300   1.607      0.2500E-04 SHELL          4   0.0%  0.2603E-09  0.1983      0.2176E-01  0.2200       0.000      0.3604       0.000    
   64400   1.610      0.2500E-04 SHELL          4  -0.0%  0.2482E-09  0.1988      0.2182E-01  0.2206       0.000      0.3604       0.000    
   64500   1.612      0.2500E-04 SHELL          4   0.0%  0.2638E-09  0.1993      0.2187E-01  0.2212       0.000      0.3604       0.000    
   64600   1.615      0.2500E-04 SHELL          4  -0.0%  0.2516E-09  0.1998      0.2193E-01  0.2217       0.000      0.3604       0.000    
   64700   1.617      0.2500E-04 SHELL          4   0.0%  0.2673E-09  0.2003      0.2198E-01  0.2223       0.000      0.3604       0.000    
   64800   1.620      0.2500E-04 SHELL          4  -0.0%  0.2550E-09  0.2008      0.2204E-01  0.2228       0.000      0.3604       0.000    
   64900   1.622      0.2500E-04 SHELL          4   0.0%  0.2709E-09  0.2013      0.2209E-01  0.2234       0.000      0.3604       0.000    
   65000   1.625      0.2500E-04 SHELL          4  -0.0%  0.2585E-09  0.2018      0.2215E-01  0.2239       0.000      0.3604       0.000    
   65100   1.627      0.2500E-04 SHELL          4   0.0%  0.2746E-09  0.2023      0.2220E-01  0.2245       0.000      0.3604       0.000    
   65200   1.630      0.2500E-04 SHELL          4  -0.0%  0.2620E-09  0.2028      0.2226E-01  0.2250       0.000      0.3604       0.000    
   65300   1.632      0.2500E-04 SHELL          4   0.0%  0.2782E-09  0.2033      0.2231E-01  0.2256       0.000      0.3604       0.000    
   65400   1.635      0.2500E-04 SHELL          4  -0.0%  0.2655E-09  0.2038      0.2237E-01  0.2262       0.000      0.3604       0.000    
   65500   1.637      0.2500E-04 SHELL          4   0.0%  0.2819E-09  0.2043      0.2242E-01  0.2267       0.000      0.3604       0.000    
   65600   1.640      0.2500E-04 SHELL          4  -0.0%  0.2691E-09  0.2048      0.2248E-01  0.2273       0.000      0.3604       0.000    
   65700   1.642      0.2500E-04 SHELL          4   0.0%  0.2857E-09  0.2053      0.2253E-01  0.2278       0.000      0.3604       0.000    
   65800   1.645      0.2500E-04 SHELL          4  -0.0%  0.2727E-09  0.2058      0.2259E-01  0.2284       0.000      0.3604       0.000    
   65900   1.647      0.2500E-04 SHELL          4   0.0%  0.2894E-09  0.2063      0.2264E-01  0.2289       0.000      0.3604       0.000    
   66000   1.650      0.2500E-04 SHELL          4  -0.0%  0.2764E-09  0.2068      0.2270E-01  0.2295       0.000      0.3604       0.000    
   66100   1.652      0.2500E-04 SHELL          4   0.0%  0.2932E-09  0.2073      0.2275E-01  0.2301       0.000      0.3604       0.000    
   66200   1.655      0.2500E-04 SHELL          4  -0.0%  0.2800E-09  0.2078      0.2281E-01  0.2306       0.000      0.3604       0.000    
   66300   1.657      0.2500E-04 SHELL          4   0.0%  0.2971E-09  0.2083      0.2286E-01  0.2312       0.000      0.3604       0.000    
   66400   1.660      0.2500E-04 SHELL          4  -0.0%  0.2838E-09  0.2088      0.2292E-01  0.2317       0.000      0.3604       0.000    
   66500   1.662      0.2500E-04 SHELL          4   0.0%  0.3010E-09  0.2093      0.2297E-01  0.2323       0.000      0.3604       0.000    
   66600   1.665      0.2500E-04 SHELL          4  -0.0%  0.2875E-09  0.2098      0.2303E-01  0.2328       0.000      0.3604       0.000    
   66700   1.667      0.2500E-04 SHELL          4   0.0%  0.3049E-09  0.2103      0.2309E-01  0.2334       0.000      0.3604       0.000    
   66800   1.670      0.2500E-04 SHELL          4  -0.0%  0.2913E-09  0.2108      0.2314E-01  0.2340       0.000      0.3604       0.000    
   66900   1.672      0.2500E-04 SHELL          4   0.0%  0.3088E-09  0.2113      0.2320E-01  0.2345       0.000      0.3604       0.000    
   67000   1.675      0.2500E-04 SHELL          4  -0.0%  0.2951E-09  0.2118      0.2325E-01  0.2351       0.000      0.3604       0.000    
   67100   1.677      0.2500E-04 SHELL          4   0.0%  0.3128E-09  0.2123      0.2331E-01  0.2357       0.000      0.3604       0.000    
   67200   1.680      0.2500E-04 SHELL          4  -0.0%  0.2990E-09  0.2128      0.2336E-01  0.2362       0.000      0.3604       0.000    
   67300   1.682      0.2500E-04 SHELL          4   0.0%  0.3169E-09  0.2134      0.2342E-01  0.2368       0.000      0.3604       0.000    
   67400   1.685      0.2500E-04 SHELL          4  -0.0%  0.3029E-09  0.2139      0.2347E-01  0.2373       0.000      0.3604       0.000    
   67500   1.687      0.2500E-04 SHELL          4   0.0%  0.3209E-09  0.2144      0.2353E-01  0.2379       0.000      0.3604       0.000    
   67600   1.690      0.2500E-04 SHELL          4  -0.0%  0.3068E-09  0.2149      0.2358E-01  0.2385       0.000      0.3604       0.000    
   67700   1.692      0.2500E-04 SHELL          4   0.0%  0.3250E-09  0.2154      0.2364E-01  0.2390       0.000      0.3604       0.000    
   67800   1.695      0.2500E-04 SHELL          4  -0.0%  0.3108E-09  0.2159      0.2370E-01  0.2396       0.000      0.3604       0.000    
   67900   1.697      0.2500E-04 SHELL          4   0.0%  0.3292E-09  0.2164      0.2375E-01  0.2401       0.000      0.3604       0.000    
   68000   1.700      0.2500E-04 SHELL          4  -0.0%  0.3148E-09  0.2169      0.2381E-01  0.2407       0.000      0.3604       0.000    
   68100   1.702      0.2500E-04 SHELL          4   0.0%  0.3334E-09  0.2174      0.2386E-01  0.2413       0.000      0.3604       0.000    
   68200   1.705      0.2500E-04 SHELL          4  -0.0%  0.3188E-09  0.2179      0.2392E-01  0.2418       0.000      0.3604       0.000    
   68300   1.707      0.2500E-04 SHELL          4   0.0%  0.3376E-09  0.2184      0.2397E-01  0.2424       0.000      0.3604       0.000    
   68400   1.710      0.2500E-04 SHELL          4  -0.0%  0.3229E-09  0.2189      0.2403E-01  0.2430       0.000      0.3604       0.000    
   68500   1.712      0.2500E-04 SHELL          4   0.0%  0.3418E-09  0.2194      0.2409E-01  0.2435       0.000      0.3604       0.000    
   68600   1.715      0.2500E-04 SHELL          4  -0.0%  0.3271E-09  0.2199      0.2414E-01  0.2441       0.000      0.3604       0.000    
   68700   1.717      0.2500E-04 SHELL          4   0.0%  0.3461E-09  0.2205      0.2420E-01  0.2447       0.000      0.3604       0.000    
   68800   1.720      0.2500E-04 SHELL          4  -0.0%  0.3312E-09  0.2210      0.2425E-01  0.2452       0.000      0.3604       0.000    
   68900   1.722      0.2500E-04 SHELL          4   0.0%  0.3505E-09  0.2215      0.2431E-01  0.2458       0.000      0.3604       0.000    
   69000   1.725      0.2500E-04 SHELL          4  -0.0%  0.3354E-09  0.2220      0.2437E-01  0.2463       0.000      0.3604       0.000    
   69100   1.727      0.2500E-04 SHELL          4   0.0%  0.3549E-09  0.2225      0.2442E-01  0.2469       0.000      0.3604       0.000    
   69200   1.730      0.2500E-04 SHELL          4  -0.0%  0.3397E-09  0.2230      0.2448E-01  0.2475       0.000      0.3604       0.000    
   69300   1.732      0.2500E-04 SHELL          4   0.0%  0.3593E-09  0.2235      0.2453E-01  0.2480       0.000      0.3604       0.000    
   69400   1.735      0.2500E-04 SHELL          4  -0.0%  0.3439E-09  0.2240      0.2459E-01  0.2486       0.000      0.3604       0.000    
   69500   1.737      0.2500E-04 SHELL          4   0.0%  0.3637E-09  0.2245      0.2465E-01  0.2492       0.000      0.3604       0.000    
   69600   1.740      0.2500E-04 SHELL          4  -0.0%  0.3483E-09  0.2250      0.2470E-01  0.2497       0.000      0.3604       0.000    
   69700   1.742      0.2500E-04 SHELL          4   0.0%  0.3682E-09  0.2256      0.2476E-01  0.2503       0.000      0.3604       0.000    
   69800   1.745      0.2500E-04 SHELL          4  -0.0%  0.3526E-09  0.2261      0.2481E-01  0.2509       0.000      0.3604       0.000    
   69900   1.747      0.2500E-04 SHELL          4   0.0%  0.3728E-09  0.2266      0.2487E-01  0.2514       0.000      0.3604       0.000    
   CYCLE    TIME      TIME-STEP  ELEMENT          ERROR  I-ENERGY    K-ENERGY T  K-ENERGY R  EXT-WORK     MAS.ERR     TOTAL MASS  MASS ADDED
   70000   1.750      0.2500E-04 SHELL          4  -0.0%  0.3570E-09  0.2271      0.2493E-01  0.2520       0.000      0.3604       0.000    
     ANIMATION FILE: A23_w1_REFERENCE_ROTATION_YA008 WRITTEN
   70100   1.752      0.2500E-04 SHELL          4   0.0%  0.3773E-09  0.2276      0.2498E-01  0.2526       0.000      0.3604       0.000    
   70200   1.755      0.2500E-04 SHELL          4  -0.0%  0.3614E-09  0.2281      0.2504E-01  0.2531       0.000      0.3604       0.000    
   70300   1.757      0.2500E-04 SHELL          4   0.0%  0.3820E-09  0.2286      0.2509E-01  0.2537       0.000      0.3604       0.000    
   70400   1.760      0.2500E-04 SHELL          4  -0.0%  0.3659E-09  0.2291      0.2515E-01  0.2543       0.000      0.3604       0.000    
   70500   1.762      0.2500E-04 SHELL          4   0.0%  0.3866E-09  0.2296      0.2521E-01  0.2548       0.000      0.3604       0.000    
   70600   1.765      0.2500E-04 SHELL          4  -0.0%  0.3704E-09  0.2302      0.2526E-01  0.2554       0.000      0.3604       0.000    
   70700   1.767      0.2500E-04 SHELL          4   0.0%  0.3913E-09  0.2307      0.2532E-01  0.2560       0.000      0.3604       0.000    
   70800   1.770      0.2500E-04 SHELL          4  -0.0%  0.3750E-09  0.2312      0.2537E-01  0.2566       0.000      0.3604       0.000    
   70900   1.772      0.2500E-04 SHELL          4   0.0%  0.3961E-09  0.2317      0.2543E-01  0.2571       0.000      0.3604       0.000    
   71000   1.775      0.2500E-04 SHELL          4  -0.0%  0.3796E-09  0.2322      0.2549E-01  0.2577       0.000      0.3604       0.000    
   71100   1.777      0.2500E-04 SHELL          4   0.0%  0.4009E-09  0.2327      0.2554E-01  0.2583       0.000      0.3604       0.000    
   71200   1.780      0.2500E-04 SHELL          4  -0.0%  0.3842E-09  0.2332      0.2560E-01  0.2588       0.000      0.3604       0.000    
   71300   1.782      0.2500E-04 SHELL          4   0.0%  0.4057E-09  0.2337      0.2566E-01  0.2594       0.000      0.3604       0.000    
   71400   1.785      0.2500E-04 SHELL          4  -0.0%  0.3889E-09  0.2343      0.2571E-01  0.2600       0.000      0.3604       0.000    
   71500   1.787      0.2500E-04 SHELL          4   0.0%  0.4105E-09  0.2348      0.2577E-01  0.2605       0.000      0.3604       0.000    
   71600   1.790      0.2500E-04 SHELL          4  -0.0%  0.3936E-09  0.2353      0.2583E-01  0.2611       0.000      0.3604       0.000    
   71700   1.792      0.2500E-04 SHELL          4   0.0%  0.4155E-09  0.2358      0.2588E-01  0.2617       0.000      0.3604       0.000    
   71800   1.795      0.2500E-04 SHELL          4  -0.0%  0.3984E-09  0.2363      0.2594E-01  0.2623       0.000      0.3604       0.000    
   71900   1.797      0.2500E-04 SHELL          4   0.0%  0.4204E-09  0.2368      0.2599E-01  0.2628       0.000      0.3604       0.000    
   72000   1.800      0.2500E-04 SHELL          4  -0.0%  0.4032E-09  0.2373      0.2605E-01  0.2634       0.000      0.3604       0.000    
   72100   1.802      0.2500E-04 SHELL          4   0.0%  0.4254E-09  0.2379      0.2611E-01  0.2640       0.000      0.3604       0.000    
   72200   1.805      0.2500E-04 SHELL          4  -0.0%  0.4080E-09  0.2384      0.2616E-01  0.2645       0.000      0.3604       0.000    
   72300   1.807      0.2500E-04 SHELL          4   0.0%  0.4304E-09  0.2389      0.2622E-01  0.2651       0.000      0.3604       0.000    
   72400   1.810      0.2500E-04 SHELL          4  -0.0%  0.4129E-09  0.2394      0.2628E-01  0.2657       0.000      0.3604       0.000    
   72500   1.812      0.2500E-04 SHELL          4   0.0%  0.4355E-09  0.2399      0.2633E-01  0.2663       0.000      0.3604       0.000    
   72600   1.815      0.2500E-04 SHELL          4  -0.0%  0.4178E-09  0.2404      0.2639E-01  0.2668       0.000      0.3604       0.000    
   72700   1.817      0.2500E-04 SHELL          4   0.0%  0.4406E-09  0.2409      0.2645E-01  0.2674       0.000      0.3604       0.000    
   72800   1.820      0.2500E-04 SHELL          4  -0.0%  0.4228E-09  0.2415      0.2650E-01  0.2680       0.000      0.3604       0.000    
   72900   1.822      0.2500E-04 SHELL          4   0.0%  0.4458E-09  0.2420      0.2656E-01  0.2685       0.000      0.3604       0.000    
   73000   1.825      0.2500E-04 SHELL          4  -0.0%  0.4278E-09  0.2425      0.2662E-01  0.2691       0.000      0.3604       0.000    
   73100   1.827      0.2500E-04 SHELL          4   0.0%  0.4510E-09  0.2430      0.2667E-01  0.2697       0.000      0.3604       0.000    
   73200   1.830      0.2500E-04 SHELL          4  -0.0%  0.4329E-09  0.2435      0.2673E-01  0.2703       0.000      0.3604       0.000    
   73300   1.832      0.2500E-04 SHELL          4   0.0%  0.4563E-09  0.2440      0.2679E-01  0.2708       0.000      0.3604       0.000    
   73400   1.835      0.2500E-04 SHELL          4  -0.0%  0.4380E-09  0.2446      0.2684E-01  0.2714       0.000      0.3604       0.000    
   73500   1.837      0.2500E-04 SHELL          4   0.0%  0.4616E-09  0.2451      0.2690E-01  0.2720       0.000      0.3604       0.000    
   73600   1.840      0.2500E-04 SHELL          4  -0.0%  0.4431E-09  0.2456      0.2696E-01  0.2726       0.000      0.3604       0.000    
   73700   1.842      0.2500E-04 SHELL          4   0.0%  0.4669E-09  0.2461      0.2701E-01  0.2731       0.000      0.3604       0.000    
   73800   1.845      0.2500E-04 SHELL          4  -0.0%  0.4483E-09  0.2466      0.2707E-01  0.2737       0.000      0.3604       0.000    
   73900   1.847      0.2500E-04 SHELL          4   0.0%  0.4723E-09  0.2471      0.2713E-01  0.2743       0.000      0.3604       0.000    
   74000   1.850      0.2500E-04 SHELL          4  -0.0%  0.4535E-09  0.2477      0.2718E-01  0.2748       0.000      0.3604       0.000    
   74100   1.852      0.2500E-04 SHELL          4   0.0%  0.4777E-09  0.2482      0.2724E-01  0.2754       0.000      0.3604       0.000    
   74200   1.855      0.2500E-04 SHELL          4  -0.0%  0.4588E-09  0.2487      0.2730E-01  0.2760       0.000      0.3604       0.000    
   74300   1.857      0.2500E-04 SHELL          4   0.0%  0.4832E-09  0.2492      0.2735E-01  0.2766       0.000      0.3604       0.000    
   74400   1.860      0.2500E-04 SHELL          4  -0.0%  0.4641E-09  0.2497      0.2741E-01  0.2771       0.000      0.3604       0.000    
   74500   1.862      0.2500E-04 SHELL          4   0.0%  0.4887E-09  0.2503      0.2747E-01  0.2777       0.000      0.3604       0.000    
   74600   1.865      0.2500E-04 SHELL          4  -0.0%  0.4695E-09  0.2508      0.2753E-01  0.2783       0.000      0.3604       0.000    
   74700   1.867      0.2500E-04 SHELL          4   0.0%  0.4943E-09  0.2513      0.2758E-01  0.2789       0.000      0.3604       0.000    
   74800   1.870      0.2500E-04 SHELL          4  -0.0%  0.4749E-09  0.2518      0.2764E-01  0.2794       0.000      0.3604       0.000    
   74900   1.872      0.2500E-04 SHELL          4   0.0%  0.4999E-09  0.2523      0.2770E-01  0.2800       0.000      0.3604       0.000    
   75000   1.875      0.2500E-04 SHELL          4  -0.0%  0.4804E-09  0.2528      0.2775E-01  0.2806       0.000      0.3604       0.000    
   75100   1.877      0.2500E-04 SHELL          4   0.0%  0.5056E-09  0.2534      0.2781E-01  0.2812       0.000      0.3604       0.000    
   75200   1.880      0.2500E-04 SHELL          4  -0.0%  0.4859E-09  0.2539      0.2787E-01  0.2817       0.000      0.3604       0.000    
   75300   1.882      0.2500E-04 SHELL          4   0.0%  0.5113E-09  0.2544      0.2792E-01  0.2823       0.000      0.3604       0.000    
   75400   1.885      0.2500E-04 SHELL          4  -0.0%  0.4914E-09  0.2549      0.2798E-01  0.2829       0.000      0.3604       0.000    
   75500   1.887      0.2500E-04 SHELL          4   0.0%  0.5170E-09  0.2554      0.2804E-01  0.2835       0.000      0.3604       0.000    
   75600   1.890      0.2500E-04 SHELL          4  -0.0%  0.4970E-09  0.2560      0.2809E-01  0.2841       0.000      0.3604       0.000    
   75700   1.892      0.2500E-04 SHELL          4   0.0%  0.5228E-09  0.2565      0.2815E-01  0.2846       0.000      0.3604       0.000    
   75800   1.895      0.2500E-04 SHELL          4  -0.0%  0.5026E-09  0.2570      0.2821E-01  0.2852       0.000      0.3604       0.000    
   75900   1.897      0.2500E-04 SHELL          4   0.0%  0.5287E-09  0.2575      0.2827E-01  0.2858       0.000      0.3604       0.000    
   76000   1.900      0.2500E-04 SHELL          4  -0.0%  0.5083E-09  0.2580      0.2832E-01  0.2864       0.000      0.3604       0.000    
   76100   1.902      0.2500E-04 SHELL          4   0.0%  0.5346E-09  0.2586      0.2838E-01  0.2869       0.000      0.3604       0.000    
   76200   1.905      0.2500E-04 SHELL          4  -0.0%  0.5140E-09  0.2591      0.2844E-01  0.2875       0.000      0.3604       0.000    
   76300   1.907      0.2500E-04 SHELL          4   0.0%  0.5405E-09  0.2596      0.2849E-01  0.2881       0.000      0.3604       0.000    
   76400   1.910      0.2500E-04 SHELL          4  -0.0%  0.5198E-09  0.2601      0.2855E-01  0.2887       0.000      0.3604       0.000    
   76500   1.912      0.2500E-04 SHELL          4   0.0%  0.5465E-09  0.2606      0.2861E-01  0.2892       0.000      0.3604       0.000    
   76600   1.915      0.2500E-04 SHELL          4  -0.0%  0.5256E-09  0.2612      0.2867E-01  0.2898       0.000      0.3604       0.000    
   76700   1.917      0.2500E-04 SHELL          4   0.0%  0.5525E-09  0.2617      0.2872E-01  0.2904       0.000      0.3604       0.000    
   76800   1.920      0.2500E-04 SHELL          4  -0.0%  0.5315E-09  0.2622      0.2878E-01  0.2910       0.000      0.3604       0.000    
   76900   1.922      0.2500E-04 SHELL          4   0.0%  0.5586E-09  0.2627      0.2884E-01  0.2916       0.000      0.3604       0.000    
   77000   1.925      0.2500E-04 SHELL          4  -0.0%  0.5374E-09  0.2632      0.2889E-01  0.2921       0.000      0.3604       0.000    
   77100   1.927      0.2500E-04 SHELL          4   0.0%  0.5647E-09  0.2638      0.2895E-01  0.2927       0.000      0.3604       0.000    
   77200   1.930      0.2500E-04 SHELL          4  -0.0%  0.5433E-09  0.2643      0.2901E-01  0.2933       0.000      0.3604       0.000    
   77300   1.932      0.2500E-04 SHELL          4   0.0%  0.5709E-09  0.2648      0.2907E-01  0.2939       0.000      0.3604       0.000    
   77400   1.935      0.2500E-04 SHELL          4  -0.0%  0.5493E-09  0.2653      0.2912E-01  0.2944       0.000      0.3604       0.000    
   77500   1.937      0.2500E-04 SHELL          4   0.0%  0.5771E-09  0.2658      0.2918E-01  0.2950       0.000      0.3604       0.000    
   77600   1.940      0.2500E-04 SHELL          4  -0.0%  0.5554E-09  0.2664      0.2924E-01  0.2956       0.000      0.3604       0.000    
   77700   1.942      0.2500E-04 SHELL          4   0.0%  0.5834E-09  0.2669      0.2929E-01  0.2962       0.000      0.3604       0.000    
   77800   1.945      0.2500E-04 SHELL          4  -0.0%  0.5615E-09  0.2674      0.2935E-01  0.2968       0.000      0.3604       0.000    
   77900   1.947      0.2500E-04 SHELL          4   0.0%  0.5897E-09  0.2679      0.2941E-01  0.2973       0.000      0.3604       0.000    
   78000   1.950      0.2500E-04 SHELL          4  -0.0%  0.5676E-09  0.2685      0.2947E-01  0.2979       0.000      0.3604       0.000    
   78100   1.952      0.2500E-04 SHELL          4   0.0%  0.5961E-09  0.2690      0.2952E-01  0.2985       0.000      0.3604       0.000    
   78200   1.955      0.2500E-04 SHELL          4  -0.0%  0.5738E-09  0.2695      0.2958E-01  0.2991       0.000      0.3604       0.000    
   78300   1.957      0.2500E-04 SHELL          4   0.0%  0.6025E-09  0.2700      0.2964E-01  0.2997       0.000      0.3604       0.000    
   78400   1.960      0.2500E-04 SHELL          4  -0.0%  0.5801E-09  0.2705      0.2969E-01  0.3002       0.000      0.3604       0.000    
   78500   1.962      0.2500E-04 SHELL          4   0.0%  0.6089E-09  0.2711      0.2975E-01  0.3008       0.000      0.3604       0.000    
   78600   1.965      0.2500E-04 SHELL          4  -0.0%  0.5864E-09  0.2716      0.2981E-01  0.3014       0.000      0.3604       0.000    
   78700   1.967      0.2500E-04 SHELL          4   0.0%  0.6155E-09  0.2721      0.2987E-01  0.3020       0.000      0.3604       0.000    
   78800   1.970      0.2500E-04 SHELL          4  -0.0%  0.5927E-09  0.2726      0.2992E-01  0.3026       0.000      0.3604       0.000    
   78900   1.972      0.2500E-04 SHELL          4   0.0%  0.6220E-09  0.2731      0.2998E-01  0.3031       0.000      0.3604       0.000    
   79000   1.975      0.2500E-04 SHELL          4  -0.0%  0.5991E-09  0.2737      0.3004E-01  0.3037       0.000      0.3604       0.000    
   79100   1.977      0.2500E-04 SHELL          4   0.0%  0.6286E-09  0.2742      0.3010E-01  0.3043       0.000      0.3604       0.000    
   79200   1.980      0.2500E-04 SHELL          4  -0.0%  0.6055E-09  0.2747      0.3015E-01  0.3049       0.000      0.3604       0.000    
   79300   1.982      0.2500E-04 SHELL          4   0.0%  0.6353E-09  0.2752      0.3021E-01  0.3054       0.000      0.3604       0.000    
   79400   1.985      0.2500E-04 SHELL          4  -0.0%  0.6120E-09  0.2758      0.3027E-01  0.3060       0.000      0.3604       0.000    
   79500   1.987      0.2500E-04 SHELL          4   0.0%  0.6420E-09  0.2763      0.3033E-01  0.3066       0.000      0.3604       0.000    
   79600   1.990      0.2500E-04 SHELL          4  -0.0%  0.6186E-09  0.2768      0.3038E-01  0.3072       0.000      0.3604       0.000    
   79700   1.992      0.2500E-04 SHELL          4   0.0%  0.6488E-09  0.2773      0.3044E-01  0.3078       0.000      0.3604       0.000    
   79800   1.995      0.2500E-04 SHELL          4  -0.0%  0.6252E-09  0.2779      0.3050E-01  0.3083       0.000      0.3604       0.000    
   79900   1.997      0.2500E-04 SHELL          4   0.0%  0.6556E-09  0.2784      0.3056E-01  0.3089       0.000      0.3604       0.000    
   CYCLE    TIME      TIME-STEP  ELEMENT          ERROR  I-ENERGY    K-ENERGY T  K-ENERGY R  EXT-WORK     MAS.ERR     TOTAL MASS  MASS ADDED
   80000   2.000      0.2500E-04 SHELL          4  -0.0%  0.6318E-09  0.2789      0.3061E-01  0.3095       0.000      0.3604       0.000    
     ANIMATION FILE: A23_w1_REFERENCE_ROTATION_YA009 WRITTEN
   80100   2.002      0.2500E-04 SHELL          4   0.0%  0.6624E-09  0.2794      0.3067E-01  0.3101       0.000      0.3604       0.000    
   80200   2.005      0.2500E-04 SHELL          4  -0.0%  0.6385E-09  0.2799      0.3073E-01  0.3107       0.000      0.3604       0.000    
   80300   2.007      0.2500E-04 SHELL          4   0.0%  0.6694E-09  0.2805      0.3078E-01  0.3113       0.000      0.3604       0.000    
   80400   2.010      0.2500E-04 SHELL          4  -0.0%  0.6452E-09  0.2810      0.3084E-01  0.3118       0.000      0.3604       0.000    
   80500   2.012      0.2500E-04 SHELL          4   0.0%  0.6763E-09  0.2815      0.3090E-01  0.3124       0.000      0.3604       0.000    
   80600   2.015      0.2500E-04 SHELL          4  -0.0%  0.6520E-09  0.2820      0.3096E-01  0.3130       0.000      0.3604       0.000    
   80700   2.017      0.2500E-04 SHELL          4   0.0%  0.6833E-09  0.2826      0.3101E-01  0.3136       0.000      0.3604       0.000    
   80800   2.020      0.2500E-04 SHELL          4  -0.0%  0.6588E-09  0.2831      0.3107E-01  0.3142       0.000      0.3604       0.000    
   80900   2.022      0.2500E-04 SHELL          4   0.0%  0.6904E-09  0.2836      0.3113E-01  0.3147       0.000      0.3604       0.000    
   81000   2.025      0.2500E-04 SHELL          4  -0.0%  0.6657E-09  0.2841      0.3119E-01  0.3153       0.000      0.3604       0.000    
   81100   2.027      0.2500E-04 SHELL          4   0.0%  0.6975E-09  0.2847      0.3124E-01  0.3159       0.000      0.3604       0.000    
   81200   2.030      0.2500E-04 SHELL          4  -0.0%  0.6727E-09  0.2852      0.3130E-01  0.3165       0.000      0.3604       0.000    
   81300   2.032      0.2500E-04 SHELL          4   0.0%  0.7047E-09  0.2857      0.3136E-01  0.3171       0.000      0.3604       0.000    
   81400   2.035      0.2500E-04 SHELL          4  -0.0%  0.6796E-09  0.2862      0.3142E-01  0.3176       0.000      0.3604       0.000    
   81500   2.037      0.2500E-04 SHELL          4   0.0%  0.7119E-09  0.2867      0.3147E-01  0.3182       0.000      0.3604       0.000    
   81600   2.040      0.2500E-04 SHELL          4  -0.0%  0.6867E-09  0.2873      0.3153E-01  0.3188       0.000      0.3604       0.000    
   81700   2.042      0.2500E-04 SHELL          4   0.0%  0.7192E-09  0.2878      0.3159E-01  0.3194       0.000      0.3604       0.000    
   81800   2.045      0.2500E-04 SHELL          4  -0.0%  0.6938E-09  0.2883      0.3165E-01  0.3200       0.000      0.3604       0.000    
   81900   2.047      0.2500E-04 SHELL          4   0.0%  0.7265E-09  0.2888      0.3170E-01  0.3205       0.000      0.3604       0.000    
   82000   2.050      0.2500E-04 SHELL          4  -0.0%  0.7009E-09  0.2894      0.3176E-01  0.3211       0.000      0.3604       0.000    
   82100   2.052      0.2500E-04 SHELL          4   0.0%  0.7339E-09  0.2899      0.3182E-01  0.3217       0.000      0.3604       0.000    
   82200   2.055      0.2500E-04 SHELL          4  -0.0%  0.7081E-09  0.2904      0.3188E-01  0.3223       0.000      0.3604       0.000    
   82300   2.057      0.2500E-04 SHELL          4   0.0%  0.7414E-09  0.2909      0.3193E-01  0.3229       0.000      0.3604       0.000    
   82400   2.060      0.2500E-04 SHELL          4  -0.0%  0.7154E-09  0.2915      0.3199E-01  0.3235       0.000      0.3604       0.000    
   82500   2.062      0.2500E-04 SHELL          4   0.0%  0.7489E-09  0.2920      0.3205E-01  0.3240       0.000      0.3604       0.000    
   82600   2.065      0.2500E-04 SHELL          4  -0.0%  0.7227E-09  0.2925      0.3211E-01  0.3246       0.000      0.3604       0.000    
   82700   2.067      0.2500E-04 SHELL          4   0.0%  0.7564E-09  0.2930      0.3216E-01  0.3252       0.000      0.3604       0.000    
   82800   2.070      0.2500E-04 SHELL          4  -0.0%  0.7300E-09  0.2936      0.3222E-01  0.3258       0.000      0.3604       0.000    
   82900   2.072      0.2500E-04 SHELL          4   0.0%  0.7640E-09  0.2941      0.3228E-01  0.3264       0.000      0.3604       0.000    
   83000   2.075      0.2500E-04 SHELL          4  -0.0%  0.7374E-09  0.2946      0.3234E-01  0.3269       0.000      0.3604       0.000    
   83100   2.077      0.2500E-04 SHELL          4   0.0%  0.7716E-09  0.2951      0.3239E-01  0.3275       0.000      0.3604       0.000    
   83200   2.080      0.2500E-04 SHELL          4  -0.0%  0.7449E-09  0.2957      0.3245E-01  0.3281       0.000      0.3604       0.000    
   83300   2.082      0.2500E-04 SHELL          4   0.0%  0.7793E-09  0.2962      0.3251E-01  0.3287       0.000      0.3604       0.000    
   83400   2.085      0.2500E-04 SHELL          4  -0.0%  0.7524E-09  0.2967      0.3257E-01  0.3293       0.000      0.3604       0.000    
   83500   2.087      0.2500E-04 SHELL          4   0.0%  0.7871E-09  0.2972      0.3262E-01  0.3298       0.000      0.3604       0.000    
   83600   2.090      0.2500E-04 SHELL          4  -0.0%  0.7600E-09  0.2977      0.3268E-01  0.3304       0.000      0.3604       0.000    
   83700   2.092      0.2500E-04 SHELL          4   0.0%  0.7949E-09  0.2983      0.3274E-01  0.3310       0.000      0.3604       0.000    
   83800   2.095      0.2500E-04 SHELL          4  -0.0%  0.7676E-09  0.2988      0.3280E-01  0.3316       0.000      0.3604       0.000    
   83900   2.097      0.2500E-04 SHELL          4   0.0%  0.8028E-09  0.2993      0.3285E-01  0.3322       0.000      0.3604       0.000    
   84000   2.100      0.2500E-04 SHELL          4  -0.0%  0.7753E-09  0.2998      0.3291E-01  0.3328       0.000      0.3604       0.000    
   84100   2.102      0.2500E-04 SHELL          4   0.0%  0.8107E-09  0.3004      0.3297E-01  0.3333       0.000      0.3604       0.000    
   84200   2.105      0.2500E-04 SHELL          4  -0.0%  0.7830E-09  0.3009      0.3303E-01  0.3339       0.000      0.3604       0.000    
   84300   2.107      0.2500E-04 SHELL          4   0.0%  0.8187E-09  0.3014      0.3308E-01  0.3345       0.000      0.3604       0.000    
   84400   2.110      0.2500E-04 SHELL          4  -0.0%  0.7908E-09  0.3019      0.3314E-01  0.3351       0.000      0.3604       0.000    
   84500   2.112      0.2500E-04 SHELL          4   0.0%  0.8267E-09  0.3025      0.3320E-01  0.3357       0.000      0.3604       0.000    
   84600   2.115      0.2500E-04 SHELL          4  -0.0%  0.7986E-09  0.3030      0.3326E-01  0.3362       0.000      0.3604       0.000    
   84700   2.117      0.2500E-04 SHELL          4   0.0%  0.8348E-09  0.3035      0.3331E-01  0.3368       0.000      0.3604       0.000    
   84800   2.120      0.2500E-04 SHELL          4  -0.0%  0.8065E-09  0.3040      0.3337E-01  0.3374       0.000      0.3604       0.000    
   84900   2.122      0.2500E-04 SHELL          4   0.0%  0.8429E-09  0.3046      0.3343E-01  0.3380       0.000      0.3604       0.000    
   85000   2.125      0.2500E-04 SHELL          4  -0.0%  0.8144E-09  0.3051      0.3349E-01  0.3386       0.000      0.3604       0.000    
   85100   2.127      0.2500E-04 SHELL          4   0.0%  0.8511E-09  0.3056      0.3354E-01  0.3392       0.000      0.3604       0.000    
   85200   2.130      0.2500E-04 SHELL          4  -0.0%  0.8224E-09  0.3061      0.3360E-01  0.3397       0.000      0.3604       0.000    
   85300   2.132      0.2500E-04 SHELL          4   0.0%  0.8594E-09  0.3067      0.3366E-01  0.3403       0.000      0.3604       0.000    
   85400   2.135      0.2500E-04 SHELL          4  -0.0%  0.8305E-09  0.3072      0.3372E-01  0.3409       0.000      0.3604       0.000    
   85500   2.137      0.2500E-04 SHELL          4   0.0%  0.8677E-09  0.3077      0.3377E-01  0.3415       0.000      0.3604       0.000    
   85600   2.140      0.2500E-04 SHELL          4  -0.0%  0.8386E-09  0.3082      0.3383E-01  0.3421       0.000      0.3604       0.000    
   85700   2.142      0.2500E-04 SHELL          4   0.0%  0.8760E-09  0.3088      0.3389E-01  0.3426       0.000      0.3604       0.000    
   85800   2.145      0.2500E-04 SHELL          4  -0.0%  0.8467E-09  0.3093      0.3395E-01  0.3432       0.000      0.3604       0.000    
   85900   2.147      0.2500E-04 SHELL          4   0.0%  0.8844E-09  0.3098      0.3400E-01  0.3438       0.000      0.3604       0.000    
   86000   2.150      0.2500E-04 SHELL          4  -0.0%  0.8550E-09  0.3103      0.3406E-01  0.3444       0.000      0.3604       0.000    
   86100   2.152      0.2500E-04 SHELL          4   0.0%  0.8929E-09  0.3109      0.3412E-01  0.3450       0.000      0.3604       0.000    
   86200   2.155      0.2500E-04 SHELL          4  -0.0%  0.8632E-09  0.3114      0.3418E-01  0.3456       0.000      0.3604       0.000    
   86300   2.157      0.2500E-04 SHELL          4   0.0%  0.9014E-09  0.3119      0.3423E-01  0.3461       0.000      0.3604       0.000    
   86400   2.160      0.2500E-04 SHELL          4  -0.0%  0.8716E-09  0.3124      0.3429E-01  0.3467       0.000      0.3604       0.000    
   86500   2.162      0.2500E-04 SHELL          4   0.0%  0.9100E-09  0.3129      0.3435E-01  0.3473       0.000      0.3604       0.000    
   86600   2.165      0.2500E-04 SHELL          4  -0.0%  0.8800E-09  0.3135      0.3441E-01  0.3479       0.000      0.3604       0.000    
   86700   2.167      0.2500E-04 SHELL          4   0.0%  0.9187E-09  0.3140      0.3446E-01  0.3485       0.000      0.3604       0.000    
   86800   2.170      0.2500E-04 SHELL          4  -0.0%  0.8884E-09  0.3145      0.3452E-01  0.3490       0.000      0.3604       0.000    
   86900   2.172      0.2500E-04 SHELL          4   0.0%  0.9274E-09  0.3150      0.3458E-01  0.3496       0.000      0.3604       0.000    
   87000   2.175      0.2500E-04 SHELL          4  -0.0%  0.8969E-09  0.3156      0.3464E-01  0.3502       0.000      0.3604       0.000    
   87100   2.177      0.2500E-04 SHELL          4   0.0%  0.9361E-09  0.3161      0.3469E-01  0.3508       0.000      0.3604       0.000    
   87200   2.180      0.2500E-04 SHELL          4  -0.0%  0.9055E-09  0.3166      0.3475E-01  0.3514       0.000      0.3604       0.000    
   87300   2.182      0.2500E-04 SHELL          4   0.0%  0.9450E-09  0.3171      0.3481E-01  0.3519       0.000      0.3604       0.000    
   87400   2.185      0.2500E-04 SHELL          4  -0.0%  0.9141E-09  0.3177      0.3487E-01  0.3525       0.000      0.3604       0.000    
   87500   2.187      0.2500E-04 SHELL          4   0.0%  0.9538E-09  0.3182      0.3492E-01  0.3531       0.000      0.3604       0.000    
   87600   2.190      0.2500E-04 SHELL          4  -0.0%  0.9227E-09  0.3187      0.3498E-01  0.3537       0.000      0.3604       0.000    
   87700   2.192      0.2500E-04 SHELL          4   0.0%  0.9628E-09  0.3192      0.3504E-01  0.3543       0.000      0.3604       0.000    
   87800   2.195      0.2500E-04 SHELL          4  -0.0%  0.9315E-09  0.3198      0.3510E-01  0.3549       0.000      0.3604       0.000    
   87900   2.197      0.2500E-04 SHELL          4   0.0%  0.9717E-09  0.3203      0.3515E-01  0.3554       0.000      0.3604       0.000    
   88000   2.200      0.2500E-04 SHELL          4  -0.0%  0.9402E-09  0.3208      0.3521E-01  0.3560       0.000      0.3604       0.000    
   88100   2.202      0.2500E-04 SHELL          4   0.0%  0.9808E-09  0.3213      0.3527E-01  0.3566       0.000      0.3604       0.000    
   88200   2.205      0.2500E-04 SHELL          4  -0.0%  0.9491E-09  0.3219      0.3533E-01  0.3572       0.000      0.3604       0.000    
   88300   2.207      0.2500E-04 SHELL          4   0.0%  0.9899E-09  0.3224      0.3538E-01  0.3578       0.000      0.3604       0.000    
   88400   2.210      0.2500E-04 SHELL          4  -0.0%  0.9580E-09  0.3229      0.3544E-01  0.3583       0.000      0.3604       0.000    
   88500   2.212      0.2500E-04 SHELL          4   0.0%  0.9991E-09  0.3234      0.3550E-01  0.3589       0.000      0.3604       0.000    
   88600   2.215      0.2500E-04 SHELL          4  -0.0%  0.9669E-09  0.3239      0.3556E-01  0.3595       0.000      0.3604       0.000    
   88700   2.217      0.2500E-04 SHELL          4   0.0%  0.1008E-08  0.3245      0.3561E-01  0.3601       0.000      0.3604       0.000    
   88800   2.220      0.2500E-04 SHELL          4  -0.0%  0.9760E-09  0.3250      0.3567E-01  0.3607       0.000      0.3604       0.000    
   88900   2.222      0.2500E-04 SHELL          4   0.0%  0.1018E-08  0.3255      0.3573E-01  0.3612       0.000      0.3604       0.000    
   89000   2.225      0.2500E-04 SHELL          4  -0.0%  0.9850E-09  0.3260      0.3579E-01  0.3618       0.000      0.3604       0.000    
   89100   2.227      0.2500E-04 SHELL          4   0.0%  0.1027E-08  0.3266      0.3584E-01  0.3624       0.000      0.3604       0.000    
   89200   2.230      0.2500E-04 SHELL          4  -0.0%  0.9942E-09  0.3271      0.3590E-01  0.3630       0.000      0.3604       0.000    
   89300   2.232      0.2500E-04 SHELL          4   0.0%  0.1036E-08  0.3276      0.3596E-01  0.3636       0.000      0.3604       0.000    
   89400   2.235      0.2500E-04 SHELL          4  -0.0%  0.1003E-08  0.3281      0.3602E-01  0.3641       0.000      0.3604       0.000    
   89500   2.237      0.2500E-04 SHELL          4   0.0%  0.1046E-08  0.3287      0.3607E-01  0.3647       0.000      0.3604       0.000    
   89600   2.240      0.2500E-04 SHELL          4  -0.0%  0.1013E-08  0.3292      0.3613E-01  0.3653       0.000      0.3604       0.000    
   89700   2.242      0.2500E-04 SHELL          4   0.0%  0.1055E-08  0.3297      0.3619E-01  0.3659       0.000      0.3604       0.000    
   89800   2.245      0.2500E-04 SHELL          4  -0.0%  0.1022E-08  0.3302      0.3625E-01  0.3665       0.000      0.3604       0.000    
   89900   2.247      0.2500E-04 SHELL          4   0.0%  0.1065E-08  0.3307      0.3630E-01  0.3670       0.000      0.3604       0.000    
   CYCLE    TIME      TIME-STEP  ELEMENT          ERROR  I-ENERGY    K-ENERGY T  K-ENERGY R  EXT-WORK     MAS.ERR     TOTAL MASS  MASS ADDED
   90000   2.250      0.2500E-04 SHELL          4  -0.0%  0.1031E-08  0.3313      0.3636E-01  0.3676       0.000      0.3604       0.000    
     ANIMATION FILE: A23_w1_REFERENCE_ROTATION_YA010 WRITTEN
   90100   2.252      0.2500E-04 SHELL          4   0.0%  0.1075E-08  0.3318      0.3642E-01  0.3682       0.000      0.3604       0.000    
   90200   2.255      0.2500E-04 SHELL          4  -0.0%  0.1041E-08  0.3323      0.3647E-01  0.3688       0.000      0.3604       0.000    
   90300   2.257      0.2500E-04 SHELL          4   0.0%  0.1084E-08  0.3328      0.3653E-01  0.3694       0.000      0.3604       0.000    
   90400   2.260      0.2500E-04 SHELL          4  -0.0%  0.1050E-08  0.3334      0.3659E-01  0.3699       0.000      0.3604       0.000    
   90500   2.262      0.2500E-04 SHELL          4   0.0%  0.1094E-08  0.3339      0.3665E-01  0.3705       0.000      0.3604       0.000    
   90600   2.265      0.2500E-04 SHELL          4  -0.0%  0.1060E-08  0.3344      0.3670E-01  0.3711       0.000      0.3604       0.000    
   90700   2.267      0.2500E-04 SHELL          4   0.0%  0.1104E-08  0.3349      0.3676E-01  0.3717       0.000      0.3604       0.000    
   90800   2.270      0.2500E-04 SHELL          4  -0.0%  0.1069E-08  0.3354      0.3682E-01  0.3723       0.000      0.3604       0.000    
   90900   2.272      0.2500E-04 SHELL          4   0.0%  0.1114E-08  0.3360      0.3688E-01  0.3728       0.000      0.3604       0.000    
   91000   2.275      0.2500E-04 SHELL          4  -0.0%  0.1079E-08  0.3365      0.3693E-01  0.3734       0.000      0.3604       0.000    
   91100   2.277      0.2500E-04 SHELL          4   0.0%  0.1124E-08  0.3370      0.3699E-01  0.3740       0.000      0.3604       0.000    
   91200   2.280      0.2500E-04 SHELL          4  -0.0%  0.1089E-08  0.3375      0.3705E-01  0.3746       0.000      0.3604       0.000    
   91300   2.282      0.2500E-04 SHELL          4   0.0%  0.1134E-08  0.3380      0.3711E-01  0.3752       0.000      0.3604       0.000    
   91400   2.285      0.2500E-04 SHELL          4  -0.0%  0.1099E-08  0.3386      0.3716E-01  0.3757       0.000      0.3604       0.000    
   91500   2.287      0.2500E-04 SHELL          4   0.0%  0.1144E-08  0.3391      0.3722E-01  0.3763       0.000      0.3604       0.000    
   91600   2.290      0.2500E-04 SHELL          4  -0.0%  0.1108E-08  0.3396      0.3728E-01  0.3769       0.000      0.3604       0.000    
   91700   2.292      0.2500E-04 SHELL          4   0.0%  0.1154E-08  0.3401      0.3733E-01  0.3775       0.000      0.3604       0.000    
   91800   2.295      0.2500E-04 SHELL          4  -0.0%  0.1118E-08  0.3407      0.3739E-01  0.3780       0.000      0.3604       0.000    
   91900   2.297      0.2500E-04 SHELL          4   0.0%  0.1164E-08  0.3412      0.3745E-01  0.3786       0.000      0.3604       0.000    
   92000   2.300      0.2500E-04 SHELL          4  -0.0%  0.1128E-08  0.3417      0.3751E-01  0.3792       0.000      0.3604       0.000    
   92100   2.302      0.2500E-04 SHELL          4   0.0%  0.1174E-08  0.3422      0.3756E-01  0.3798       0.000      0.3604       0.000    
   92200   2.305      0.2500E-04 SHELL          4  -0.0%  0.1138E-08  0.3427      0.3762E-01  0.3804       0.000      0.3604       0.000    
   92300   2.307      0.2500E-04 SHELL          4   0.0%  0.1185E-08  0.3433      0.3768E-01  0.3809       0.000      0.3604       0.000    
   92400   2.310      0.2500E-04 SHELL          4  -0.0%  0.1148E-08  0.3438      0.3773E-01  0.3815       0.000      0.3604       0.000    
   92500   2.312      0.2500E-04 SHELL          4   0.0%  0.1195E-08  0.3443      0.3779E-01  0.3821       0.000      0.3604       0.000    
   92600   2.315      0.2500E-04 SHELL          4  -0.0%  0.1159E-08  0.3448      0.3785E-01  0.3827       0.000      0.3604       0.000    
   92700   2.317      0.2500E-04 SHELL          4   0.0%  0.1205E-08  0.3453      0.3791E-01  0.3832       0.000      0.3604       0.000    
   92800   2.320      0.2500E-04 SHELL          4  -0.0%  0.1169E-08  0.3459      0.3796E-01  0.3838       0.000      0.3604       0.000    
   92900   2.322      0.2500E-04 SHELL          4   0.0%  0.1216E-08  0.3464      0.3802E-01  0.3844       0.000      0.3604       0.000    
   93000   2.325      0.2500E-04 SHELL          4  -0.0%  0.1179E-08  0.3469      0.3808E-01  0.3850       0.000      0.3604       0.000    
   93100   2.327      0.2500E-04 SHELL          4   0.0%  0.1226E-08  0.3474      0.3813E-01  0.3856       0.000      0.3604       0.000    
   93200   2.330      0.2500E-04 SHELL          4  -0.0%  0.1189E-08  0.3479      0.3819E-01  0.3861       0.000      0.3604       0.000    
   93300   2.332      0.2500E-04 SHELL          4   0.0%  0.1237E-08  0.3485      0.3825E-01  0.3867       0.000      0.3604       0.000    
   93400   2.335      0.2500E-04 SHELL          4  -0.0%  0.1200E-08  0.3490      0.3831E-01  0.3873       0.000      0.3604       0.000    
   93500   2.337      0.2500E-04 SHELL          4   0.0%  0.1248E-08  0.3495      0.3836E-01  0.3879       0.000      0.3604       0.000    
   93600   2.340      0.2500E-04 SHELL          4  -0.0%  0.1210E-08  0.3500      0.3842E-01  0.3884       0.000      0.3604       0.000    
   93700   2.342      0.2500E-04 SHELL          4   0.0%  0.1258E-08  0.3505      0.3848E-01  0.3890       0.000      0.3604       0.000    
   93800   2.345      0.2500E-04 SHELL          4  -0.0%  0.1221E-08  0.3511      0.3853E-01  0.3896       0.000      0.3604       0.000    
   93900   2.347      0.2500E-04 SHELL          4   0.0%  0.1269E-08  0.3516      0.3859E-01  0.3902       0.000      0.3604       0.000    
   94000   2.350      0.2500E-04 SHELL          4  -0.0%  0.1231E-08  0.3521      0.3865E-01  0.3907       0.000      0.3604       0.000    
   94100   2.352      0.2500E-04 SHELL          4   0.0%  0.1280E-08  0.3526      0.3870E-01  0.3913       0.000      0.3604       0.000    
   94200   2.355      0.2500E-04 SHELL          4  -0.0%  0.1242E-08  0.3531      0.3876E-01  0.3919       0.000      0.3604       0.000    
   94300   2.357      0.2500E-04 SHELL          4   0.0%  0.1291E-08  0.3537      0.3882E-01  0.3925       0.000      0.3604       0.000    
   94400   2.360      0.2500E-04 SHELL          4  -0.0%  0.1253E-08  0.3542      0.3887E-01  0.3930       0.000      0.3604       0.000    
   94500   2.362      0.2500E-04 SHELL          4   0.0%  0.1302E-08  0.3547      0.3893E-01  0.3936       0.000      0.3604       0.000    
   94600   2.365      0.2500E-04 SHELL          4  -0.0%  0.1263E-08  0.3552      0.3899E-01  0.3942       0.000      0.3604       0.000    
   94700   2.367      0.2500E-04 SHELL          4   0.0%  0.1313E-08  0.3557      0.3905E-01  0.3948       0.000      0.3604       0.000    
   94800   2.370      0.2500E-04 SHELL          4  -0.0%  0.1274E-08  0.3562      0.3910E-01  0.3953       0.000      0.3604       0.000    
   94900   2.372      0.2500E-04 SHELL          4   0.0%  0.1324E-08  0.3568      0.3916E-01  0.3959       0.000      0.3604       0.000    
   95000   2.375      0.2500E-04 SHELL          4  -0.0%  0.1285E-08  0.3573      0.3922E-01  0.3965       0.000      0.3604       0.000    
   95100   2.377      0.2500E-04 SHELL          4   0.0%  0.1335E-08  0.3578      0.3927E-01  0.3971       0.000      0.3604       0.000    
   95200   2.380      0.2500E-04 SHELL          4  -0.0%  0.1296E-08  0.3583      0.3933E-01  0.3976       0.000      0.3604       0.000    
   95300   2.382      0.2500E-04 SHELL          4   0.0%  0.1347E-08  0.3588      0.3939E-01  0.3982       0.000      0.3604       0.000    
   95400   2.385      0.2500E-04 SHELL          4  -0.0%  0.1307E-08  0.3594      0.3944E-01  0.3988       0.000      0.3604       0.000    
   95500   2.387      0.2500E-04 SHELL          4   0.0%  0.1358E-08  0.3599      0.3950E-01  0.3994       0.000      0.3604       0.000    
   95600   2.390      0.2500E-04 SHELL          4  -0.0%  0.1318E-08  0.3604      0.3956E-01  0.3999       0.000      0.3604       0.000    
   95700   2.392      0.2500E-04 SHELL          4   0.0%  0.1369E-08  0.3609      0.3961E-01  0.4005       0.000      0.3604       0.000    
   95800   2.395      0.2500E-04 SHELL          4  -0.0%  0.1329E-08  0.3614      0.3967E-01  0.4011       0.000      0.3604       0.000    
   95900   2.397      0.2500E-04 SHELL          4   0.0%  0.1381E-08  0.3619      0.3973E-01  0.4017       0.000      0.3604       0.000    
   96000   2.400      0.2500E-04 SHELL          4  -0.0%  0.1341E-08  0.3625      0.3978E-01  0.4022       0.000      0.3604       0.000    
   96100   2.402      0.2500E-04 SHELL          4   0.0%  0.1392E-08  0.3630      0.3984E-01  0.4028       0.000      0.3604       0.000    
   96200   2.405      0.2500E-04 SHELL          4  -0.0%  0.1352E-08  0.3635      0.3990E-01  0.4034       0.000      0.3604       0.000    
   96300   2.407      0.2500E-04 SHELL          4   0.0%  0.1404E-08  0.3640      0.3995E-01  0.4040       0.000      0.3604       0.000    
   96400   2.410      0.2500E-04 SHELL          4  -0.0%  0.1363E-08  0.3645      0.4001E-01  0.4045       0.000      0.3604       0.000    
   96500   2.412      0.2500E-04 SHELL          4   0.0%  0.1416E-08  0.3650      0.4007E-01  0.4051       0.000      0.3604       0.000    
   96600   2.415      0.2500E-04 SHELL          4  -0.0%  0.1375E-08  0.3656      0.4012E-01  0.4057       0.000      0.3604       0.000    
   96700   2.417      0.2500E-04 SHELL          4   0.0%  0.1427E-08  0.3661      0.4018E-01  0.4062       0.000      0.3604       0.000    
   96800   2.420      0.2500E-04 SHELL          4  -0.0%  0.1386E-08  0.3666      0.4024E-01  0.4068       0.000      0.3604       0.000    
   96900   2.422      0.2500E-04 SHELL          4   0.0%  0.1439E-08  0.3671      0.4029E-01  0.4074       0.000      0.3604       0.000    
   97000   2.425      0.2500E-04 SHELL          4  -0.0%  0.1398E-08  0.3676      0.4035E-01  0.4080       0.000      0.3604       0.000    
   97100   2.427      0.2500E-04 SHELL          4   0.0%  0.1451E-08  0.3681      0.4041E-01  0.4085       0.000      0.3604       0.000    
   97200   2.430      0.2500E-04 SHELL          4  -0.0%  0.1409E-08  0.3686      0.4046E-01  0.4091       0.000      0.3604       0.000    
   97300   2.432      0.2500E-04 SHELL          4   0.0%  0.1463E-08  0.3692      0.4052E-01  0.4097       0.000      0.3604       0.000    
   97400   2.435      0.2500E-04 SHELL          4  -0.0%  0.1421E-08  0.3697      0.4058E-01  0.4103       0.000      0.3604       0.000    
   97500   2.437      0.2500E-04 SHELL          4   0.0%  0.1475E-08  0.3702      0.4063E-01  0.4108       0.000      0.3604       0.000    
   97600   2.440      0.2500E-04 SHELL          4  -0.0%  0.1433E-08  0.3707      0.4069E-01  0.4114       0.000      0.3604       0.000    
   97700   2.442      0.2500E-04 SHELL          4   0.0%  0.1487E-08  0.3712      0.4075E-01  0.4120       0.000      0.3604       0.000    
   97800   2.445      0.2500E-04 SHELL          4  -0.0%  0.1444E-08  0.3717      0.4080E-01  0.4125       0.000      0.3604       0.000    
   97900   2.447      0.2500E-04 SHELL          4   0.0%  0.1499E-08  0.3722      0.4086E-01  0.4131       0.000      0.3604       0.000    
   98000   2.450      0.2500E-04 SHELL          4  -0.0%  0.1456E-08  0.3728      0.4092E-01  0.4137       0.000      0.3604       0.000    
   98100   2.452      0.2500E-04 SHELL          4   0.0%  0.1511E-08  0.3733      0.4097E-01  0.4142       0.000      0.3604       0.000    
   98200   2.455      0.2500E-04 SHELL          4  -0.0%  0.1468E-08  0.3738      0.4103E-01  0.4148       0.000      0.3604       0.000    
   98300   2.457      0.2500E-04 SHELL          4   0.0%  0.1523E-08  0.3743      0.4108E-01  0.4154       0.000      0.3604       0.000    
   98400   2.460      0.2500E-04 SHELL          4  -0.0%  0.1480E-08  0.3748      0.4114E-01  0.4160       0.000      0.3604       0.000    
   98500   2.462      0.2500E-04 SHELL          4   0.0%  0.1536E-08  0.3753      0.4120E-01  0.4165       0.000      0.3604       0.000    
   98600   2.465      0.2500E-04 SHELL          4  -0.0%  0.1492E-08  0.3758      0.4125E-01  0.4171       0.000      0.3604       0.000    
   98700   2.467      0.2500E-04 SHELL          4   0.0%  0.1548E-08  0.3764      0.4131E-01  0.4177       0.000      0.3604       0.000    
   98800   2.470      0.2500E-04 SHELL          4  -0.0%  0.1504E-08  0.3769      0.4137E-01  0.4182       0.000      0.3604       0.000    
   98900   2.472      0.2500E-04 SHELL          4   0.0%  0.1560E-08  0.3774      0.4142E-01  0.4188       0.000      0.3604       0.000    
   99000   2.475      0.2500E-04 SHELL          4  -0.0%  0.1517E-08  0.3779      0.4148E-01  0.4194       0.000      0.3604       0.000    
   99100   2.477      0.2500E-04 SHELL          4   0.0%  0.1573E-08  0.3784      0.4153E-01  0.4199       0.000      0.3604       0.000    
   99200   2.480      0.2500E-04 SHELL          4  -0.0%  0.1529E-08  0.3789      0.4159E-01  0.4205       0.000      0.3604       0.000    
   99300   2.482      0.2500E-04 SHELL          4   0.0%  0.1585E-08  0.3794      0.4165E-01  0.4211       0.000      0.3604       0.000    
   99400   2.485      0.2500E-04 SHELL          4  -0.0%  0.1541E-08  0.3799      0.4170E-01  0.4216       0.000      0.3604       0.000    
   99500   2.487      0.2500E-04 SHELL          4   0.0%  0.1598E-08  0.3805      0.4176E-01  0.4222       0.000      0.3604       0.000    
   99600   2.490      0.2500E-04 SHELL          4  -0.0%  0.1554E-08  0.3810      0.4182E-01  0.4228       0.000      0.3604       0.000    
   99700   2.492      0.2500E-04 SHELL          4   0.0%  0.1611E-08  0.3815      0.4187E-01  0.4233       0.000      0.3604       0.000    
   99800   2.495      0.2500E-04 SHELL          4  -0.0%  0.1566E-08  0.3820      0.4193E-01  0.4239       0.000      0.3604       0.000    
   99900   2.497      0.2500E-04 SHELL          4   0.0%  0.1624E-08  0.3825      0.4198E-01  0.4245       0.000      0.3604       0.000    
   CYCLE    TIME      TIME-STEP  ELEMENT          ERROR  I-ENERGY    K-ENERGY T  K-ENERGY R  EXT-WORK     MAS.ERR     TOTAL MASS  MASS ADDED
  100000   2.500      0.2500E-04 SHELL          4  -0.0%  0.1579E-08  0.3830      0.4204E-01  0.4250       0.000      0.3604       0.000    
     ANIMATION FILE: A23_w1_REFERENCE_ROTATION_YA011 WRITTEN
  100100   2.502      0.2500E-04 SHELL          4   0.0%  0.1636E-08  0.3835      0.4210E-01  0.4256       0.000      0.3604       0.000    
  100200   2.505      0.2500E-04 SHELL          4  -0.0%  0.1591E-08  0.3840      0.4215E-01  0.4262       0.000      0.3604       0.000    
  100300   2.507      0.2500E-04 SHELL          4   0.0%  0.1649E-08  0.3845      0.4221E-01  0.4267       0.000      0.3604       0.000    
  100400   2.510      0.2500E-04 SHELL          4  -0.0%  0.1604E-08  0.3850      0.4226E-01  0.4273       0.000      0.3604       0.000    
  100500   2.512      0.2500E-04 SHELL          4   0.0%  0.1662E-08  0.3856      0.4232E-01  0.4279       0.000      0.3604       0.000    
  100600   2.515      0.2500E-04 SHELL          4  -0.0%  0.1617E-08  0.3861      0.4238E-01  0.4284       0.000      0.3604       0.000    
  100700   2.517      0.2500E-04 SHELL          4   0.0%  0.1675E-08  0.3866      0.4243E-01  0.4290       0.000      0.3604       0.000    
  100800   2.520      0.2500E-04 SHELL          4  -0.0%  0.1629E-08  0.3871      0.4249E-01  0.4296       0.000      0.3604       0.000    
  100900   2.522      0.2500E-04 SHELL          4   0.0%  0.1688E-08  0.3876      0.4254E-01  0.4301       0.000      0.3604       0.000    
  101000   2.525      0.2500E-04 SHELL          4  -0.0%  0.1642E-08  0.3881      0.4260E-01  0.4307       0.000      0.3604       0.000    
  101100   2.527      0.2500E-04 SHELL          4   0.0%  0.1702E-08  0.3886      0.4266E-01  0.4313       0.000      0.3604       0.000    
  101200   2.530      0.2500E-04 SHELL          4  -0.0%  0.1655E-08  0.3891      0.4271E-01  0.4318       0.000      0.3604       0.000    
  101300   2.532      0.2500E-04 SHELL          4   0.0%  0.1715E-08  0.3896      0.4277E-01  0.4324       0.000      0.3604       0.000    
  101400   2.535      0.2500E-04 SHELL          4  -0.0%  0.1668E-08  0.3901      0.4282E-01  0.4330       0.000      0.3604       0.000    
  101500   2.537      0.2500E-04 SHELL          4   0.0%  0.1728E-08  0.3906      0.4288E-01  0.4335       0.000      0.3604       0.000    
  101600   2.540      0.2500E-04 SHELL          4  -0.0%  0.1681E-08  0.3912      0.4293E-01  0.4341       0.000      0.3604       0.000    
  101700   2.542      0.2500E-04 SHELL          4   0.0%  0.1742E-08  0.3917      0.4299E-01  0.4347       0.000      0.3604       0.000    
  101800   2.545      0.2500E-04 SHELL          4  -0.0%  0.1694E-08  0.3922      0.4305E-01  0.4352       0.000      0.3604       0.000    
  101900   2.547      0.2500E-04 SHELL          4   0.0%  0.1755E-08  0.3927      0.4310E-01  0.4358       0.000      0.3604       0.000    
  102000   2.550      0.2500E-04 SHELL          4  -0.0%  0.1708E-08  0.3932      0.4316E-01  0.4363       0.000      0.3604       0.000    
  102100   2.552      0.2500E-04 SHELL          4   0.0%  0.1768E-08  0.3937      0.4321E-01  0.4369       0.000      0.3604       0.000    
  102200   2.555      0.2500E-04 SHELL          4  -0.0%  0.1721E-08  0.3942      0.4327E-01  0.4375       0.000      0.3604       0.000    
  102300   2.557      0.2500E-04 SHELL          4   0.0%  0.1782E-08  0.3947      0.4332E-01  0.4380       0.000      0.3604       0.000    
  102400   2.560      0.2500E-04 SHELL          4  -0.0%  0.1734E-08  0.3952      0.4338E-01  0.4386       0.000      0.3604       0.000    
  102500   2.562      0.2500E-04 SHELL          4   0.0%  0.1796E-08  0.3957      0.4344E-01  0.4392       0.000      0.3604       0.000    
  102600   2.565      0.2500E-04 SHELL          4  -0.0%  0.1748E-08  0.3962      0.4349E-01  0.4397       0.000      0.3604       0.000    
  102700   2.567      0.2500E-04 SHELL          4   0.0%  0.1809E-08  0.3967      0.4355E-01  0.4403       0.000      0.3604       0.000    
  102800   2.570      0.2500E-04 SHELL          4  -0.0%  0.1761E-08  0.3972      0.4360E-01  0.4408       0.000      0.3604       0.000    
  102900   2.572      0.2500E-04 SHELL          4   0.0%  0.1823E-08  0.3977      0.4366E-01  0.4414       0.000      0.3604       0.000    
  103000   2.575      0.2500E-04 SHELL          4  -0.0%  0.1775E-08  0.3982      0.4371E-01  0.4420       0.000      0.3604       0.000    
  103100   2.577      0.2500E-04 SHELL          4   0.0%  0.1837E-08  0.3988      0.4377E-01  0.4425       0.000      0.3604       0.000    
  103200   2.580      0.2500E-04 SHELL          4  -0.0%  0.1788E-08  0.3993      0.4382E-01  0.4431       0.000      0.3604       0.000    
  103300   2.582      0.2500E-04 SHELL          4   0.0%  0.1851E-08  0.3998      0.4388E-01  0.4436       0.000      0.3604       0.000    
  103400   2.585      0.2500E-04 SHELL          4  -0.0%  0.1802E-08  0.4003      0.4393E-01  0.4442       0.000      0.3604       0.000    
  103500   2.587      0.2500E-04 SHELL          4   0.0%  0.1865E-08  0.4008      0.4399E-01  0.4448       0.000      0.3604       0.000    
  103600   2.590      0.2500E-04 SHELL          4  -0.0%  0.1816E-08  0.4013      0.4404E-01  0.4453       0.000      0.3604       0.000    
  103700   2.592      0.2500E-04 SHELL          4   0.0%  0.1879E-08  0.4018      0.4410E-01  0.4459       0.000      0.3604       0.000    
  103800   2.595      0.2500E-04 SHELL          4  -0.0%  0.1830E-08  0.4023      0.4416E-01  0.4464       0.000      0.3604       0.000    
  103900   2.597      0.2500E-04 SHELL          4   0.0%  0.1893E-08  0.4028      0.4421E-01  0.4470       0.000      0.3604       0.000    
  104000   2.600      0.2500E-04 SHELL          4  -0.0%  0.1843E-08  0.4033      0.4427E-01  0.4476       0.000      0.3604       0.000    
  104100   2.602      0.2500E-04 SHELL          4   0.0%  0.1907E-08  0.4038      0.4432E-01  0.4481       0.000      0.3604       0.000    
  104200   2.605      0.2500E-04 SHELL          4  -0.0%  0.1857E-08  0.4043      0.4438E-01  0.4487       0.000      0.3604       0.000    
  104300   2.607      0.2500E-04 SHELL          4   0.0%  0.1922E-08  0.4048      0.4443E-01  0.4492       0.000      0.3604       0.000    
  104400   2.610      0.2500E-04 SHELL          4  -0.0%  0.1871E-08  0.4053      0.4449E-01  0.4498       0.000      0.3604       0.000    
  104500   2.612      0.2500E-04 SHELL          4   0.0%  0.1936E-08  0.4058      0.4454E-01  0.4503       0.000      0.3604       0.000    
  104600   2.615      0.2500E-04 SHELL          4  -0.0%  0.1886E-08  0.4063      0.4460E-01  0.4509       0.000      0.3604       0.000    
  104700   2.617      0.2500E-04 SHELL          4   0.0%  0.1951E-08  0.4068      0.4465E-01  0.4515       0.000      0.3604       0.000    
  104800   2.620      0.2500E-04 SHELL          4  -0.0%  0.1900E-08  0.4073      0.4471E-01  0.4520       0.000      0.3604       0.000    
  104900   2.622      0.2500E-04 SHELL          4   0.0%  0.1965E-08  0.4078      0.4476E-01  0.4526       0.000      0.3604       0.000    
  105000   2.625      0.2500E-04 SHELL          4  -0.0%  0.1914E-08  0.4083      0.4482E-01  0.4531       0.000      0.3604       0.000    
  105100   2.627      0.2500E-04 SHELL          4   0.0%  0.1980E-08  0.4088      0.4487E-01  0.4537       0.000      0.3604       0.000    
  105200   2.630      0.2500E-04 SHELL          4  -0.0%  0.1928E-08  0.4093      0.4493E-01  0.4542       0.000      0.3604       0.000    
  105300   2.632      0.2500E-04 SHELL          4   0.0%  0.1994E-08  0.4098      0.4498E-01  0.4548       0.000      0.3604       0.000    
  105400   2.635      0.2500E-04 SHELL          4  -0.0%  0.1943E-08  0.4103      0.4504E-01  0.4553       0.000      0.3604       0.000    
  105500   2.637      0.2500E-04 SHELL          4   0.0%  0.2009E-08  0.4108      0.4509E-01  0.4559       0.000      0.3604       0.000    
  105600   2.640      0.2500E-04 SHELL          4  -0.0%  0.1957E-08  0.4113      0.4515E-01  0.4565       0.000      0.3604       0.000    
  105700   2.642      0.2500E-04 SHELL          4   0.0%  0.2024E-08  0.4118      0.4520E-01  0.4570       0.000      0.3604       0.000    
  105800   2.645      0.2500E-04 SHELL          4  -0.0%  0.1972E-08  0.4123      0.4526E-01  0.4576       0.000      0.3604       0.000    
  105900   2.647      0.2500E-04 SHELL          4   0.0%  0.2039E-08  0.4128      0.4531E-01  0.4581       0.000      0.3604       0.000    
  106000   2.650      0.2500E-04 SHELL          4  -0.0%  0.1986E-08  0.4133      0.4537E-01  0.4587       0.000      0.3604       0.000    
  106100   2.652      0.2500E-04 SHELL          4   0.0%  0.2053E-08  0.4138      0.4542E-01  0.4592       0.000      0.3604       0.000    
  106200   2.655      0.2500E-04 SHELL          4  -0.0%  0.2001E-08  0.4143      0.4547E-01  0.4598       0.000      0.3604       0.000    
  106300   2.657      0.2500E-04 SHELL          4   0.0%  0.2068E-08  0.4148      0.4553E-01  0.4603       0.000      0.3604       0.000    
  106400   2.660      0.2500E-04 SHELL          4  -0.0%  0.2016E-08  0.4153      0.4558E-01  0.4609       0.000      0.3604       0.000    
  106500   2.662      0.2500E-04 SHELL          4   0.0%  0.2083E-08  0.4158      0.4564E-01  0.4614       0.000      0.3604       0.000    
  106600   2.665      0.2500E-04 SHELL          4  -0.0%  0.2030E-08  0.4163      0.4569E-01  0.4620       0.000      0.3604       0.000    
  106700   2.667      0.2500E-04 SHELL          4   0.0%  0.2099E-08  0.4168      0.4575E-01  0.4625       0.000      0.3604       0.000    
  106800   2.670      0.2500E-04 SHELL          4  -0.0%  0.2045E-08  0.4173      0.4580E-01  0.4631       0.000      0.3604       0.000    
  106900   2.672      0.2500E-04 SHELL          4   0.0%  0.2114E-08  0.4178      0.4586E-01  0.4636       0.000      0.3604       0.000    
  107000   2.675      0.2500E-04 SHELL          4  -0.0%  0.2060E-08  0.4183      0.4591E-01  0.4642       0.000      0.3604       0.000    
  107100   2.677      0.2500E-04 SHELL          4   0.0%  0.2129E-08  0.4188      0.4597E-01  0.4647       0.000      0.3604       0.000    
  107200   2.680      0.2500E-04 SHELL          4  -0.0%  0.2075E-08  0.4193      0.4602E-01  0.4653       0.000      0.3604       0.000    
  107300   2.682      0.2500E-04 SHELL          4   0.0%  0.2144E-08  0.4198      0.4607E-01  0.4658       0.000      0.3604       0.000    
  107400   2.685      0.2500E-04 SHELL          4  -0.0%  0.2090E-08  0.4203      0.4613E-01  0.4664       0.000      0.3604       0.000    
  107500   2.687      0.2500E-04 SHELL          4   0.0%  0.2160E-08  0.4208      0.4618E-01  0.4669       0.000      0.3604       0.000    
  107600   2.690      0.2500E-04 SHELL          4  -0.0%  0.2105E-08  0.4213      0.4624E-01  0.4675       0.000      0.3604       0.000    
  107700   2.692      0.2500E-04 SHELL          4   0.0%  0.2175E-08  0.4217      0.4629E-01  0.4680       0.000      0.3604       0.000    
  107800   2.695      0.2500E-04 SHELL          4  -0.0%  0.2121E-08  0.4222      0.4635E-01  0.4686       0.000      0.3604       0.000    
  107900   2.697      0.2500E-04 SHELL          4   0.0%  0.2191E-08  0.4227      0.4640E-01  0.4691       0.000      0.3604       0.000    
  108000   2.700      0.2500E-04 SHELL          4  -0.0%  0.2136E-08  0.4232      0.4645E-01  0.4697       0.000      0.3604       0.000    
  108100   2.702      0.2500E-04 SHELL          4   0.0%  0.2207E-08  0.4237      0.4651E-01  0.4702       0.000      0.3604       0.000    
  108200   2.705      0.2500E-04 SHELL          4  -0.0%  0.2151E-08  0.4242      0.4656E-01  0.4708       0.000      0.3604       0.000    
  108300   2.707      0.2500E-04 SHELL          4   0.0%  0.2222E-08  0.4247      0.4662E-01  0.4713       0.000      0.3604       0.000    
  108400   2.710      0.2500E-04 SHELL          4  -0.0%  0.2167E-08  0.4252      0.4667E-01  0.4719       0.000      0.3604       0.000    
  108500   2.712      0.2500E-04 SHELL          4   0.0%  0.2238E-08  0.4257      0.4673E-01  0.4724       0.000      0.3604       0.000    
  108600   2.715      0.2500E-04 SHELL          4  -0.0%  0.2182E-08  0.4262      0.4678E-01  0.4730       0.000      0.3604       0.000    
  108700   2.717      0.2500E-04 SHELL          4   0.0%  0.2254E-08  0.4267      0.4683E-01  0.4735       0.000      0.3604       0.000    
  108800   2.720      0.2500E-04 SHELL          4  -0.0%  0.2198E-08  0.4272      0.4689E-01  0.4741       0.000      0.3604       0.000    
  108900   2.722      0.2500E-04 SHELL          4   0.0%  0.2270E-08  0.4277      0.4694E-01  0.4746       0.000      0.3604       0.000    
  109000   2.725      0.2500E-04 SHELL          4  -0.0%  0.2214E-08  0.4282      0.4700E-01  0.4752       0.000      0.3604       0.000    
  109100   2.727      0.2500E-04 SHELL          4   0.0%  0.2286E-08  0.4286      0.4705E-01  0.4757       0.000      0.3604       0.000    
  109200   2.730      0.2500E-04 SHELL          4  -0.0%  0.2229E-08  0.4291      0.4710E-01  0.4762       0.000      0.3604       0.000    
  109300   2.732      0.2500E-04 SHELL          4   0.0%  0.2302E-08  0.4296      0.4716E-01  0.4768       0.000      0.3604       0.000    
  109400   2.735      0.2500E-04 SHELL          4  -0.0%  0.2245E-08  0.4301      0.4721E-01  0.4773       0.000      0.3604       0.000    
  109500   2.737      0.2500E-04 SHELL          4   0.0%  0.2318E-08  0.4306      0.4726E-01  0.4779       0.000      0.3604       0.000    
  109600   2.740      0.2500E-04 SHELL          4  -0.0%  0.2261E-08  0.4311      0.4732E-01  0.4784       0.000      0.3604       0.000    
  109700   2.742      0.2500E-04 SHELL          4   0.0%  0.2334E-08  0.4316      0.4737E-01  0.4790       0.000      0.3604       0.000    
  109800   2.745      0.2500E-04 SHELL          4  -0.0%  0.2277E-08  0.4321      0.4743E-01  0.4795       0.000      0.3604       0.000    
  109900   2.747      0.2500E-04 SHELL          4   0.0%  0.2350E-08  0.4326      0.4748E-01  0.4800       0.000      0.3604       0.000    
   CYCLE    TIME      TIME-STEP  ELEMENT          ERROR  I-ENERGY    K-ENERGY T  K-ENERGY R  EXT-WORK     MAS.ERR     TOTAL MASS  MASS ADDED
  110000   2.750      0.2500E-04 SHELL          4  -0.0%  0.2293E-08  0.4331      0.4753E-01  0.4806       0.000      0.3604       0.000    
     ANIMATION FILE: A23_w1_REFERENCE_ROTATION_YA012 WRITTEN
  110100   2.752      0.2500E-04 SHELL          4   0.0%  0.2367E-08  0.4335      0.4759E-01  0.4811       0.000      0.3604       0.000    
  110200   2.755      0.2500E-04 SHELL          4  -0.0%  0.2309E-08  0.4340      0.4764E-01  0.4817       0.000      0.3604       0.000    
  110300   2.757      0.2500E-04 SHELL          4   0.0%  0.2383E-08  0.4345      0.4769E-01  0.4822       0.000      0.3604       0.000    
  110400   2.760      0.2500E-04 SHELL          4  -0.0%  0.2325E-08  0.4350      0.4775E-01  0.4828       0.000      0.3604       0.000    
  110500   2.762      0.2500E-04 SHELL          4   0.0%  0.2400E-08  0.4355      0.4780E-01  0.4833       0.000      0.3604       0.000    
  110600   2.765      0.2500E-04 SHELL          4  -0.0%  0.2341E-08  0.4360      0.4785E-01  0.4838       0.000      0.3604       0.000    
  110700   2.767      0.2500E-04 SHELL          4   0.0%  0.2416E-08  0.4365      0.4791E-01  0.4844       0.000      0.3604       0.000    
  110800   2.770      0.2500E-04 SHELL          4  -0.0%  0.2358E-08  0.4370      0.4796E-01  0.4849       0.000      0.3604       0.000    
  110900   2.772      0.2500E-04 SHELL          4   0.0%  0.2433E-08  0.4374      0.4802E-01  0.4855       0.000      0.3604       0.000    
  111000   2.775      0.2500E-04 SHELL          4  -0.0%  0.2374E-08  0.4379      0.4807E-01  0.4860       0.000      0.3604       0.000    
  111100   2.777      0.2500E-04 SHELL          4   0.0%  0.2450E-08  0.4384      0.4812E-01  0.4865       0.000      0.3604       0.000    
  111200   2.780      0.2500E-04 SHELL          4  -0.0%  0.2391E-08  0.4389      0.4818E-01  0.4871       0.000      0.3604       0.000    
  111300   2.782      0.2500E-04 SHELL          4   0.0%  0.2466E-08  0.4394      0.4823E-01  0.4876       0.000      0.3604       0.000    
  111400   2.785      0.2500E-04 SHELL          4  -0.0%  0.2407E-08  0.4399      0.4828E-01  0.4882       0.000      0.3604       0.000    
  111500   2.787      0.2500E-04 SHELL          4   0.0%  0.2483E-08  0.4404      0.4833E-01  0.4887       0.000      0.3604       0.000    
  111600   2.790      0.2500E-04 SHELL          4  -0.0%  0.2424E-08  0.4408      0.4839E-01  0.4892       0.000      0.3604       0.000    
  111700   2.792      0.2500E-04 SHELL          4   0.0%  0.2500E-08  0.4413      0.4844E-01  0.4898       0.000      0.3604       0.000    
  111800   2.795      0.2500E-04 SHELL          4  -0.0%  0.2440E-08  0.4418      0.4849E-01  0.4903       0.000      0.3604       0.000    
  111900   2.797      0.2500E-04 SHELL          4   0.0%  0.2517E-08  0.4423      0.4855E-01  0.4908       0.000      0.3604       0.000    
  112000   2.800      0.2500E-04 SHELL          4  -0.0%  0.2457E-08  0.4428      0.4860E-01  0.4914       0.000      0.3604       0.000    
  112100   2.802      0.2500E-04 SHELL          4   0.0%  0.2534E-08  0.4433      0.4865E-01  0.4919       0.000      0.3604       0.000    
  112200   2.805      0.2500E-04 SHELL          4  -0.0%  0.2474E-08  0.4437      0.4871E-01  0.4925       0.000      0.3604       0.000    
  112300   2.807      0.2500E-04 SHELL          4   0.0%  0.2552E-08  0.4442      0.4876E-01  0.4930       0.000      0.3604       0.000    
  112400   2.810      0.2500E-04 SHELL          4  -0.0%  0.2491E-08  0.4447      0.4881E-01  0.4935       0.000      0.3604       0.000    
  112500   2.812      0.2500E-04 SHELL          4   0.0%  0.2569E-08  0.4452      0.4887E-01  0.4941       0.000      0.3604       0.000    
  112600   2.815      0.2500E-04 SHELL          4  -0.0%  0.2508E-08  0.4457      0.4892E-01  0.4946       0.000      0.3604       0.000    
  112700   2.817      0.2500E-04 SHELL          4   0.0%  0.2586E-08  0.4462      0.4897E-01  0.4951       0.000      0.3604       0.000    
  112800   2.820      0.2500E-04 SHELL          4  -0.0%  0.2525E-08  0.4466      0.4902E-01  0.4957       0.000      0.3604       0.000    
  112900   2.822      0.2500E-04 SHELL          4   0.0%  0.2603E-08  0.4471      0.4908E-01  0.4962       0.000      0.3604       0.000    
  113000   2.825      0.2500E-04 SHELL          4  -0.0%  0.2542E-08  0.4476      0.4913E-01  0.4967       0.000      0.3604       0.000    
  113100   2.827      0.2500E-04 SHELL          4   0.0%  0.2621E-08  0.4481      0.4918E-01  0.4973       0.000      0.3604       0.000    
  113200   2.830      0.2500E-04 SHELL          4  -0.0%  0.2559E-08  0.4486      0.4923E-01  0.4978       0.000      0.3604       0.000    
  113300   2.832      0.2500E-04 SHELL          4   0.0%  0.2638E-08  0.4490      0.4929E-01  0.4983       0.000      0.3604       0.000    
  113400   2.835      0.2500E-04 SHELL          4  -0.0%  0.2577E-08  0.4495      0.4934E-01  0.4989       0.000      0.3604       0.000    
  113500   2.837      0.2500E-04 SHELL          4   0.0%  0.2656E-08  0.4500      0.4939E-01  0.4994       0.000      0.3604       0.000    
  113600   2.840      0.2500E-04 SHELL          4  -0.0%  0.2594E-08  0.4505      0.4944E-01  0.4999       0.000      0.3604       0.000    
  113700   2.842      0.2500E-04 SHELL          4   0.0%  0.2674E-08  0.4510      0.4950E-01  0.5004       0.000      0.3604       0.000    
  113800   2.845      0.2500E-04 SHELL          4  -0.0%  0.2611E-08  0.4514      0.4955E-01  0.5010       0.000      0.3604       0.000    
  113900   2.847      0.2500E-04 SHELL          4   0.0%  0.2691E-08  0.4519      0.4960E-01  0.5015       0.000      0.3604       0.000    
  114000   2.850      0.2500E-04 SHELL          4  -0.0%  0.2629E-08  0.4524      0.4965E-01  0.5020       0.000      0.3604       0.000    
  114100   2.852      0.2500E-04 SHELL          4   0.0%  0.2709E-08  0.4529      0.4971E-01  0.5026       0.000      0.3604       0.000    
  114200   2.855      0.2500E-04 SHELL          4  -0.0%  0.2646E-08  0.4533      0.4976E-01  0.5031       0.000      0.3604       0.000    
  114300   2.857      0.2500E-04 SHELL          4   0.0%  0.2727E-08  0.4538      0.4981E-01  0.5036       0.000      0.3604       0.000    
  114400   2.860      0.2500E-04 SHELL          4  -0.0%  0.2664E-08  0.4543      0.4986E-01  0.5042       0.000      0.3604       0.000    
  114500   2.862      0.2500E-04 SHELL          4   0.0%  0.2745E-08  0.4548      0.4992E-01  0.5047       0.000      0.3604       0.000    
  114600   2.865      0.2500E-04 SHELL          4  -0.0%  0.2682E-08  0.4552      0.4997E-01  0.5052       0.000      0.3604       0.000    
  114700   2.867      0.2500E-04 SHELL          4   0.0%  0.2763E-08  0.4557      0.5002E-01  0.5057       0.000      0.3604       0.000    
  114800   2.870      0.2500E-04 SHELL          4  -0.0%  0.2699E-08  0.4562      0.5007E-01  0.5063       0.000      0.3604       0.000    
  114900   2.872      0.2500E-04 SHELL          4   0.0%  0.2781E-08  0.4567      0.5012E-01  0.5068       0.000      0.3604       0.000    
  115000   2.875      0.2500E-04 SHELL          4  -0.0%  0.2717E-08  0.4571      0.5018E-01  0.5073       0.000      0.3604       0.000    
  115100   2.877      0.2500E-04 SHELL          4   0.0%  0.2800E-08  0.4576      0.5023E-01  0.5078       0.000      0.3604       0.000    
  115200   2.880      0.2500E-04 SHELL          4  -0.0%  0.2735E-08  0.4581      0.5028E-01  0.5084       0.000      0.3604       0.000    
  115300   2.882      0.2500E-04 SHELL          4   0.0%  0.2818E-08  0.4586      0.5033E-01  0.5089       0.000      0.3604       0.000    
  115400   2.885      0.2500E-04 SHELL          4  -0.0%  0.2753E-08  0.4590      0.5038E-01  0.5094       0.000      0.3604       0.000    
  115500   2.887      0.2500E-04 SHELL          4   0.0%  0.2836E-08  0.4595      0.5044E-01  0.5099       0.000      0.3604       0.000    
  115600   2.890      0.2500E-04 SHELL          4  -0.0%  0.2771E-08  0.4600      0.5049E-01  0.5105       0.000      0.3604       0.000    
  115700   2.892      0.2500E-04 SHELL          4   0.0%  0.2855E-08  0.4605      0.5054E-01  0.5110       0.000      0.3604       0.000    
  115800   2.895      0.2500E-04 SHELL          4  -0.0%  0.2789E-08  0.4609      0.5059E-01  0.5115       0.000      0.3604       0.000    
  115900   2.897      0.2500E-04 SHELL          4   0.0%  0.2873E-08  0.4614      0.5064E-01  0.5120       0.000      0.3604       0.000    
  116000   2.900      0.2500E-04 SHELL          4  -0.0%  0.2808E-08  0.4619      0.5070E-01  0.5126       0.000      0.3604       0.000    
  116100   2.902      0.2500E-04 SHELL          4   0.0%  0.2892E-08  0.4623      0.5075E-01  0.5131       0.000      0.3604       0.000    
  116200   2.905      0.2500E-04 SHELL          4  -0.0%  0.2826E-08  0.4628      0.5080E-01  0.5136       0.000      0.3604       0.000    
  116300   2.907      0.2500E-04 SHELL          4   0.0%  0.2910E-08  0.4633      0.5085E-01  0.5141       0.000      0.3604       0.000    
  116400   2.910      0.2500E-04 SHELL          4  -0.0%  0.2844E-08  0.4637      0.5090E-01  0.5147       0.000      0.3604       0.000    
  116500   2.912      0.2500E-04 SHELL          4   0.0%  0.2929E-08  0.4642      0.5095E-01  0.5152       0.000      0.3604       0.000    
  116600   2.915      0.2500E-04 SHELL          4  -0.0%  0.2863E-08  0.4647      0.5101E-01  0.5157       0.000      0.3604       0.000    
  116700   2.917      0.2500E-04 SHELL          4   0.0%  0.2948E-08  0.4652      0.5106E-01  0.5162       0.000      0.3604       0.000    
  116800   2.920      0.2500E-04 SHELL          4  -0.0%  0.2881E-08  0.4656      0.5111E-01  0.5167       0.000      0.3604       0.000    
  116900   2.922      0.2500E-04 SHELL          4   0.0%  0.2967E-08  0.4661      0.5116E-01  0.5173       0.000      0.3604       0.000    
  117000   2.925      0.2500E-04 SHELL          4  -0.0%  0.2900E-08  0.4666      0.5121E-01  0.5178       0.000      0.3604       0.000    
  117100   2.927      0.2500E-04 SHELL          4   0.0%  0.2986E-08  0.4670      0.5126E-01  0.5183       0.000      0.3604       0.000    
  117200   2.930      0.2500E-04 SHELL          4  -0.0%  0.2919E-08  0.4675      0.5131E-01  0.5188       0.000      0.3604       0.000    
  117300   2.932      0.2500E-04 SHELL          4   0.0%  0.3005E-08  0.4680      0.5136E-01  0.5193       0.000      0.3604       0.000    
  117400   2.935      0.2500E-04 SHELL          4  -0.0%  0.2937E-08  0.4684      0.5142E-01  0.5198       0.000      0.3604       0.000    
  117500   2.937      0.2500E-04 SHELL          4   0.0%  0.3024E-08  0.4689      0.5147E-01  0.5204       0.000      0.3604       0.000    
  117600   2.940      0.2500E-04 SHELL          4  -0.0%  0.2956E-08  0.4694      0.5152E-01  0.5209       0.000      0.3604       0.000    
  117700   2.942      0.2500E-04 SHELL          4   0.0%  0.3043E-08  0.4698      0.5157E-01  0.5214       0.000      0.3604       0.000    
  117800   2.945      0.2500E-04 SHELL          4  -0.0%  0.2975E-08  0.4703      0.5162E-01  0.5219       0.000      0.3604       0.000    
  117900   2.947      0.2500E-04 SHELL          4   0.0%  0.3062E-08  0.4708      0.5167E-01  0.5224       0.000      0.3604       0.000    
  118000   2.950      0.2500E-04 SHELL          4  -0.0%  0.2994E-08  0.4712      0.5172E-01  0.5229       0.000      0.3604       0.000    
  118100   2.952      0.2500E-04 SHELL          4   0.0%  0.3082E-08  0.4717      0.5177E-01  0.5235       0.000      0.3604       0.000    
  118200   2.955      0.2500E-04 SHELL          4  -0.0%  0.3013E-08  0.4722      0.5182E-01  0.5240       0.000      0.3604       0.000    
  118300   2.957      0.2500E-04 SHELL          4   0.0%  0.3101E-08  0.4726      0.5188E-01  0.5245       0.000      0.3604       0.000    
  118400   2.960      0.2500E-04 SHELL          4  -0.0%  0.3032E-08  0.4731      0.5193E-01  0.5250       0.000      0.3604       0.000    
  118500   2.962      0.2500E-04 SHELL          4   0.0%  0.3120E-08  0.4735      0.5198E-01  0.5255       0.000      0.3604       0.000    
  118600   2.965      0.2500E-04 SHELL          4  -0.0%  0.3052E-08  0.4740      0.5203E-01  0.5260       0.000      0.3604       0.000    
  118700   2.967      0.2500E-04 SHELL          4   0.0%  0.3140E-08  0.4745      0.5208E-01  0.5265       0.000      0.3604       0.000    
  118800   2.970      0.2500E-04 SHELL          4  -0.0%  0.3071E-08  0.4749      0.5213E-01  0.5271       0.000      0.3604       0.000    
  118900   2.972      0.2500E-04 SHELL          4   0.0%  0.3160E-08  0.4754      0.5218E-01  0.5276       0.000      0.3604       0.000    
  119000   2.975      0.2500E-04 SHELL          4  -0.0%  0.3090E-08  0.4759      0.5223E-01  0.5281       0.000      0.3604       0.000    
  119100   2.977      0.2500E-04 SHELL          4   0.0%  0.3179E-08  0.4763      0.5228E-01  0.5286       0.000      0.3604       0.000    
  119200   2.980      0.2500E-04 SHELL          4  -0.0%  0.3110E-08  0.4768      0.5233E-01  0.5291       0.000      0.3604       0.000    
  119300   2.982      0.2500E-04 SHELL          4   0.0%  0.3199E-08  0.4772      0.5238E-01  0.5296       0.000      0.3604       0.000    
  119400   2.985      0.2500E-04 SHELL          4  -0.0%  0.3129E-08  0.4777      0.5243E-01  0.5301       0.000      0.3604       0.000    
  119500   2.987      0.2500E-04 SHELL          4   0.0%  0.3219E-08  0.4782      0.5248E-01  0.5306       0.000      0.3604       0.000    
  119600   2.990      0.2500E-04 SHELL          4  -0.0%  0.3149E-08  0.4786      0.5253E-01  0.5311       0.000      0.3604       0.000    
  119700   2.992      0.2500E-04 SHELL          4   0.0%  0.3239E-08  0.4791      0.5258E-01  0.5317       0.000      0.3604       0.000    
  119800   2.995      0.2500E-04 SHELL          4  -0.0%  0.3168E-08  0.4795      0.5263E-01  0.5322       0.000      0.3604       0.000    
  119900   2.997      0.2500E-04 SHELL          4   0.0%  0.3259E-08  0.4800      0.5268E-01  0.5327       0.000      0.3604       0.000    
   CYCLE    TIME      TIME-STEP  ELEMENT          ERROR  I-ENERGY    K-ENERGY T  K-ENERGY R  EXT-WORK     MAS.ERR     TOTAL MASS  MASS ADDED
  120000   3.000      0.2500E-04 SHELL          4  -0.0%  0.3188E-08  0.4804      0.5273E-01  0.5332       0.000      0.3604       0.000    
     ANIMATION FILE: A23_w1_REFERENCE_ROTATION_YA013 WRITTEN
  120100   3.002      0.2500E-04 SHELL          4   0.0%  0.3279E-08  0.4809      0.5278E-01  0.5337       0.000      0.3604       0.000    
  120200   3.005      0.2500E-04 SHELL          4  -0.0%  0.3208E-08  0.4814      0.5284E-01  0.5342       0.000      0.3604       0.000    
  120300   3.007      0.2500E-04 SHELL          4   0.0%  0.3299E-08  0.4818      0.5289E-01  0.5347       0.000      0.3604       0.000    
  120400   3.010      0.2500E-04 SHELL          4  -0.0%  0.3228E-08  0.4823      0.5294E-01  0.5352       0.000      0.3604       0.000    
  120500   3.012      0.2500E-04 SHELL          4   0.0%  0.3319E-08  0.4827      0.5299E-01  0.5357       0.000      0.3604       0.000    
  120600   3.015      0.2500E-04 SHELL          4  -0.0%  0.3248E-08  0.4832      0.5304E-01  0.5362       0.000      0.3604       0.000    
  120700   3.017      0.2500E-04 SHELL          4   0.0%  0.3340E-08  0.4836      0.5309E-01  0.5367       0.000      0.3604       0.000    
  120800   3.020      0.2500E-04 SHELL          4  -0.0%  0.3268E-08  0.4841      0.5314E-01  0.5372       0.000      0.3604       0.000    
  120900   3.022      0.2500E-04 SHELL          4   0.0%  0.3360E-08  0.4845      0.5319E-01  0.5377       0.000      0.3604       0.000    
  121000   3.025      0.2500E-04 SHELL          4  -0.0%  0.3288E-08  0.4850      0.5324E-01  0.5382       0.000      0.3604       0.000    
  121100   3.027      0.2500E-04 SHELL          4   0.0%  0.3380E-08  0.4855      0.5328E-01  0.5387       0.000      0.3604       0.000    
  121200   3.030      0.2500E-04 SHELL          4  -0.0%  0.3308E-08  0.4859      0.5333E-01  0.5392       0.000      0.3604       0.000    
  121300   3.032      0.2500E-04 SHELL          4   0.0%  0.3401E-08  0.4864      0.5338E-01  0.5397       0.000      0.3604       0.000    
  121400   3.035      0.2500E-04 SHELL          4  -0.0%  0.3328E-08  0.4868      0.5343E-01  0.5402       0.000      0.3604       0.000    
  121500   3.037      0.2500E-04 SHELL          4   0.0%  0.3421E-08  0.4873      0.5348E-01  0.5408       0.000      0.3604       0.000    
  121600   3.040      0.2500E-04 SHELL          4  -0.0%  0.3349E-08  0.4877      0.5353E-01  0.5413       0.000      0.3604       0.000    
  121700   3.042      0.2500E-04 SHELL          4   0.0%  0.3442E-08  0.4882      0.5358E-01  0.5418       0.000      0.3604       0.000    
  121800   3.045      0.2500E-04 SHELL          4  -0.0%  0.3369E-08  0.4886      0.5363E-01  0.5423       0.000      0.3604       0.000    
  121900   3.047      0.2500E-04 SHELL          4   0.0%  0.3463E-08  0.4891      0.5368E-01  0.5428       0.000      0.3604       0.000    
  122000   3.050      0.2500E-04 SHELL          4  -0.0%  0.3389E-08  0.4895      0.5373E-01  0.5433       0.000      0.3604       0.000    
  122100   3.052      0.2500E-04 SHELL          4   0.0%  0.3484E-08  0.4900      0.5378E-01  0.5438       0.000      0.3604       0.000    
  122200   3.055      0.2500E-04 SHELL          4  -0.0%  0.3410E-08  0.4904      0.5383E-01  0.5443       0.000      0.3604       0.000    
  122300   3.057      0.2500E-04 SHELL          4   0.0%  0.3505E-08  0.4909      0.5388E-01  0.5448       0.000      0.3604       0.000    
  122400   3.060      0.2500E-04 SHELL          4  -0.0%  0.3431E-08  0.4913      0.5393E-01  0.5453       0.000      0.3604       0.000    
  122500   3.062      0.2500E-04 SHELL          4   0.0%  0.3526E-08  0.4918      0.5398E-01  0.5457       0.000      0.3604       0.000    
  122600   3.065      0.2500E-04 SHELL          4  -0.0%  0.3451E-08  0.4922      0.5403E-01  0.5462       0.000      0.3604       0.000    
  122700   3.067      0.2500E-04 SHELL          4   0.0%  0.3547E-08  0.4927      0.5408E-01  0.5467       0.000      0.3604       0.000    
  122800   3.070      0.2500E-04 SHELL          4  -0.0%  0.3472E-08  0.4931      0.5413E-01  0.5472       0.000      0.3604       0.000    
  122900   3.072      0.2500E-04 SHELL          4   0.0%  0.3568E-08  0.4936      0.5417E-01  0.5477       0.000      0.3604       0.000    
  123000   3.075      0.2500E-04 SHELL          4  -0.0%  0.3493E-08  0.4940      0.5422E-01  0.5482       0.000      0.3604       0.000    
  123100   3.077      0.2500E-04 SHELL          4   0.0%  0.3589E-08  0.4945      0.5427E-01  0.5487       0.000      0.3604       0.000    
  123200   3.080      0.2500E-04 SHELL          4  -0.0%  0.3514E-08  0.4949      0.5432E-01  0.5492       0.000      0.3604       0.000    
  123300   3.082      0.2500E-04 SHELL          4   0.0%  0.3610E-08  0.4953      0.5437E-01  0.5497       0.000      0.3604       0.000    
  123400   3.085      0.2500E-04 SHELL          4  -0.0%  0.3535E-08  0.4958      0.5442E-01  0.5502       0.000      0.3604       0.000    
  123500   3.087      0.2500E-04 SHELL          4   0.0%  0.3632E-08  0.4962      0.5447E-01  0.5507       0.000      0.3604       0.000    
  123600   3.090      0.2500E-04 SHELL          4  -0.0%  0.3556E-08  0.4967      0.5452E-01  0.5512       0.000      0.3604       0.000    
  123700   3.092      0.2500E-04 SHELL          4   0.0%  0.3653E-08  0.4971      0.5457E-01  0.5517       0.000      0.3604       0.000    
  123800   3.095      0.2500E-04 SHELL          4  -0.0%  0.3577E-08  0.4976      0.5461E-01  0.5522       0.000      0.3604       0.000    
  123900   3.097      0.2500E-04 SHELL          4   0.0%  0.3675E-08  0.4980      0.5466E-01  0.5527       0.000      0.3604       0.000    
  124000   3.100      0.2500E-04 SHELL          4  -0.0%  0.3598E-08  0.4985      0.5471E-01  0.5532       0.000      0.3604       0.000    
  124100   3.102      0.2500E-04 SHELL          4   0.0%  0.3696E-08  0.4989      0.5476E-01  0.5537       0.000      0.3604       0.000    
  124200   3.105      0.2500E-04 SHELL          4  -0.0%  0.3620E-08  0.4993      0.5481E-01  0.5541       0.000      0.3604       0.000    
  124300   3.107      0.2500E-04 SHELL          4   0.0%  0.3718E-08  0.4998      0.5486E-01  0.5546       0.000      0.3604       0.000    
  124400   3.110      0.2500E-04 SHELL          4  -0.0%  0.3641E-08  0.5002      0.5491E-01  0.5551       0.000      0.3604       0.000    
  124500   3.112      0.2500E-04 SHELL          4   0.0%  0.3740E-08  0.5007      0.5495E-01  0.5556       0.000      0.3604       0.000    
  124600   3.115      0.2500E-04 SHELL          4  -0.0%  0.3663E-08  0.5011      0.5500E-01  0.5561       0.000      0.3604       0.000    
  124700   3.117      0.2500E-04 SHELL          4   0.0%  0.3761E-08  0.5015      0.5505E-01  0.5566       0.000      0.3604       0.000    
  124800   3.120      0.2500E-04 SHELL          4  -0.0%  0.3684E-08  0.5020      0.5510E-01  0.5571       0.000      0.3604       0.000    
  124900   3.122      0.2500E-04 SHELL          4   0.0%  0.3783E-08  0.5024      0.5515E-01  0.5576       0.000      0.3604       0.000    
  125000   3.125      0.2500E-04 SHELL          4  -0.0%  0.3706E-08  0.5029      0.5520E-01  0.5581       0.000      0.3604       0.000    
  125100   3.127      0.2500E-04 SHELL          4   0.0%  0.3805E-08  0.5033      0.5524E-01  0.5585       0.000      0.3604       0.000    
  125200   3.130      0.2500E-04 SHELL          4  -0.0%  0.3727E-08  0.5037      0.5529E-01  0.5590       0.000      0.3604       0.000    
  125300   3.132      0.2500E-04 SHELL          4   0.0%  0.3827E-08  0.5042      0.5534E-01  0.5595       0.000      0.3604       0.000    
  125400   3.135      0.2500E-04 SHELL          4  -0.0%  0.3749E-08  0.5046      0.5539E-01  0.5600       0.000      0.3604       0.000    
  125500   3.137      0.2500E-04 SHELL          4   0.0%  0.3849E-08  0.5051      0.5544E-01  0.5605       0.000      0.3604       0.000    
  125600   3.140      0.2500E-04 SHELL          4  -0.0%  0.3771E-08  0.5055      0.5548E-01  0.5610       0.000      0.3604       0.000    
  125700   3.142      0.2500E-04 SHELL          4   0.0%  0.3872E-08  0.5059      0.5553E-01  0.5615       0.000      0.3604       0.000    
  125800   3.145      0.2500E-04 SHELL          4  -0.0%  0.3793E-08  0.5064      0.5558E-01  0.5619       0.000      0.3604       0.000    
  125900   3.147      0.2500E-04 SHELL          4   0.0%  0.3894E-08  0.5068      0.5563E-01  0.5624       0.000      0.3604       0.000    
  126000   3.150      0.2500E-04 SHELL          4  -0.0%  0.3815E-08  0.5072      0.5568E-01  0.5629       0.000      0.3604       0.000    
  126100   3.152      0.2500E-04 SHELL          4   0.0%  0.3916E-08  0.5077      0.5572E-01  0.5634       0.000      0.3604       0.000    
  126200   3.155      0.2500E-04 SHELL          4  -0.0%  0.3837E-08  0.5081      0.5577E-01  0.5639       0.000      0.3604       0.000    
  126300   3.157      0.2500E-04 SHELL          4   0.0%  0.3939E-08  0.5085      0.5582E-01  0.5644       0.000      0.3604       0.000    
  126400   3.160      0.2500E-04 SHELL          4  -0.0%  0.3859E-08  0.5090      0.5587E-01  0.5648       0.000      0.3604       0.000    
  126500   3.162      0.2500E-04 SHELL          4   0.0%  0.3961E-08  0.5094      0.5591E-01  0.5653       0.000      0.3604       0.000    
  126600   3.165      0.2500E-04 SHELL          4  -0.0%  0.3881E-08  0.5098      0.5596E-01  0.5658       0.000      0.3604       0.000    
  126700   3.167      0.2500E-04 SHELL          4   0.0%  0.3984E-08  0.5103      0.5601E-01  0.5663       0.000      0.3604       0.000    
  126800   3.170      0.2500E-04 SHELL          4  -0.0%  0.3904E-08  0.5107      0.5606E-01  0.5668       0.000      0.3604       0.000    
  126900   3.172      0.2500E-04 SHELL          4   0.0%  0.4006E-08  0.5111      0.5610E-01  0.5672       0.000      0.3604       0.000    
  127000   3.175      0.2500E-04 SHELL          4  -0.0%  0.3926E-08  0.5116      0.5615E-01  0.5677       0.000      0.3604       0.000    
  127100   3.177      0.2500E-04 SHELL          4   0.0%  0.4029E-08  0.5120      0.5620E-01  0.5682       0.000      0.3604       0.000    
  127200   3.180      0.2500E-04 SHELL          4  -0.0%  0.3949E-08  0.5124      0.5624E-01  0.5687       0.000      0.3604       0.000    
  127300   3.182      0.2500E-04 SHELL          4   0.0%  0.4052E-08  0.5129      0.5629E-01  0.5691       0.000      0.3604       0.000    
  127400   3.185      0.2500E-04 SHELL          4  -0.0%  0.3971E-08  0.5133      0.5634E-01  0.5696       0.000      0.3604       0.000    
  127500   3.187      0.2500E-04 SHELL          4   0.0%  0.4075E-08  0.5137      0.5639E-01  0.5701       0.000      0.3604       0.000    
  127600   3.190      0.2500E-04 SHELL          4  -0.0%  0.3994E-08  0.5141      0.5643E-01  0.5706       0.000      0.3604       0.000    
  127700   3.192      0.2500E-04 SHELL          4   0.0%  0.4098E-08  0.5146      0.5648E-01  0.5710       0.000      0.3604       0.000    
  127800   3.195      0.2500E-04 SHELL          4  -0.0%  0.4016E-08  0.5150      0.5653E-01  0.5715       0.000      0.3604       0.000    
  127900   3.197      0.2500E-04 SHELL          4   0.0%  0.4121E-08  0.5154      0.5657E-01  0.5720       0.000      0.3604       0.000    
  128000   3.200      0.2500E-04 SHELL          4  -0.0%  0.4039E-08  0.5158      0.5662E-01  0.5725       0.000      0.3604       0.000    
  128100   3.202      0.2500E-04 SHELL          4   0.0%  0.4144E-08  0.5163      0.5667E-01  0.5729       0.000      0.3604       0.000    
  128200   3.205      0.2500E-04 SHELL          4  -0.0%  0.4062E-08  0.5167      0.5671E-01  0.5734       0.000      0.3604       0.000    
  128300   3.207      0.2500E-04 SHELL          4   0.0%  0.4167E-08  0.5171      0.5676E-01  0.5739       0.000      0.3604       0.000    
  128400   3.210      0.2500E-04 SHELL          4  -0.0%  0.4085E-08  0.5176      0.5681E-01  0.5744       0.000      0.3604       0.000    
  128500   3.212      0.2500E-04 SHELL          4   0.0%  0.4190E-08  0.5180      0.5685E-01  0.5748       0.000      0.3604       0.000    
  128600   3.215      0.2500E-04 SHELL          4  -0.0%  0.4108E-08  0.5184      0.5690E-01  0.5753       0.000      0.3604       0.000    
  128700   3.217      0.2500E-04 SHELL          4   0.0%  0.4213E-08  0.5188      0.5695E-01  0.5758       0.000      0.3604       0.000    
  128800   3.220      0.2500E-04 SHELL          4  -0.0%  0.4131E-08  0.5192      0.5699E-01  0.5762       0.000      0.3604       0.000    
  128900   3.222      0.2500E-04 SHELL          4   0.0%  0.4237E-08  0.5197      0.5704E-01  0.5767       0.000      0.3604       0.000    
  129000   3.225      0.2500E-04 SHELL          4  -0.0%  0.4154E-08  0.5201      0.5709E-01  0.5772       0.000      0.3604       0.000    
  129100   3.227      0.2500E-04 SHELL          4   0.0%  0.4260E-08  0.5205      0.5713E-01  0.5777       0.000      0.3604       0.000    
  129200   3.230      0.2500E-04 SHELL          4  -0.0%  0.4177E-08  0.5209      0.5718E-01  0.5781       0.000      0.3604       0.000    
  129300   3.232      0.2500E-04 SHELL          4   0.0%  0.4284E-08  0.5214      0.5723E-01  0.5786       0.000      0.3604       0.000    
  129400   3.235      0.2500E-04 SHELL          4  -0.0%  0.4200E-08  0.5218      0.5727E-01  0.5791       0.000      0.3604       0.000    
  129500   3.237      0.2500E-04 SHELL          4   0.0%  0.4308E-08  0.5222      0.5732E-01  0.5795       0.000      0.3604       0.000    
  129600   3.240      0.2500E-04 SHELL          4  -0.0%  0.4224E-08  0.5226      0.5736E-01  0.5800       0.000      0.3604       0.000    
  129700   3.242      0.2500E-04 SHELL          4   0.0%  0.4331E-08  0.5230      0.5741E-01  0.5805       0.000      0.3604       0.000    
  129800   3.245      0.2500E-04 SHELL          4  -0.0%  0.4247E-08  0.5235      0.5746E-01  0.5809       0.000      0.3604       0.000    
  129900   3.247      0.2500E-04 SHELL          4   0.0%  0.4355E-08  0.5239      0.5750E-01  0.5814       0.000      0.3604       0.000    
   CYCLE    TIME      TIME-STEP  ELEMENT          ERROR  I-ENERGY    K-ENERGY T  K-ENERGY R  EXT-WORK     MAS.ERR     TOTAL MASS  MASS ADDED
  130000   3.250      0.2500E-04 SHELL          4  -0.0%  0.4271E-08  0.5243      0.5755E-01  0.5818       0.000      0.3604       0.000    
     ANIMATION FILE: A23_w1_REFERENCE_ROTATION_YA014 WRITTEN
  130100   3.252      0.2500E-04 SHELL          4   0.0%  0.4379E-08  0.5247      0.5759E-01  0.5823       0.000      0.3604       0.000    
  130200   3.255      0.2500E-04 SHELL          4  -0.0%  0.4294E-08  0.5251      0.5764E-01  0.5828       0.000      0.3604       0.000    
  130300   3.257      0.2500E-04 SHELL          4   0.0%  0.4403E-08  0.5256      0.5769E-01  0.5832       0.000      0.3604       0.000    
  130400   3.260      0.2500E-04 SHELL          4  -0.0%  0.4318E-08  0.5260      0.5773E-01  0.5837       0.000      0.3604       0.000    
  130500   3.262      0.2500E-04 SHELL          4   0.0%  0.4427E-08  0.5264      0.5778E-01  0.5842       0.000      0.3604       0.000    
  130600   3.265      0.2500E-04 SHELL          4  -0.0%  0.4342E-08  0.5268      0.5782E-01  0.5846       0.000      0.3604       0.000    
  130700   3.267      0.2500E-04 SHELL          4   0.0%  0.4451E-08  0.5272      0.5787E-01  0.5851       0.000      0.3604       0.000    
  130800   3.270      0.2500E-04 SHELL          4  -0.0%  0.4365E-08  0.5276      0.5791E-01  0.5855       0.000      0.3604       0.000    
  130900   3.272      0.2500E-04 SHELL          4   0.0%  0.4475E-08  0.5280      0.5796E-01  0.5860       0.000      0.3604       0.000    
  131000   3.275      0.2500E-04 SHELL          4  -0.0%  0.4389E-08  0.5285      0.5801E-01  0.5865       0.000      0.3604       0.000    
  131100   3.277      0.2500E-04 SHELL          4   0.0%  0.4499E-08  0.5289      0.5805E-01  0.5869       0.000      0.3604       0.000    
  131200   3.280      0.2500E-04 SHELL          4  -0.0%  0.4413E-08  0.5293      0.5810E-01  0.5874       0.000      0.3604       0.000    
  131300   3.282      0.2500E-04 SHELL          4   0.0%  0.4523E-08  0.5297      0.5814E-01  0.5878       0.000      0.3604       0.000    
  131400   3.285      0.2500E-04 SHELL          4  -0.0%  0.4437E-08  0.5301      0.5819E-01  0.5883       0.000      0.3604       0.000    
  131500   3.287      0.2500E-04 SHELL          4   0.0%  0.4548E-08  0.5305      0.5823E-01  0.5888       0.000      0.3604       0.000    
  131600   3.290      0.2500E-04 SHELL          4  -0.0%  0.4461E-08  0.5309      0.5828E-01  0.5892       0.000      0.3604       0.000    
  131700   3.292      0.2500E-04 SHELL          4   0.0%  0.4572E-08  0.5313      0.5832E-01  0.5897       0.000      0.3604       0.000    
  131800   3.295      0.2500E-04 SHELL          4  -0.0%  0.4486E-08  0.5318      0.5837E-01  0.5901       0.000      0.3604       0.000    
  131900   3.297      0.2500E-04 SHELL          4   0.0%  0.4597E-08  0.5322      0.5841E-01  0.5906       0.000      0.3604       0.000    
  132000   3.300      0.2500E-04 SHELL          4  -0.0%  0.4510E-08  0.5326      0.5846E-01  0.5910       0.000      0.3604       0.000    
  132100   3.302      0.2500E-04 SHELL          4   0.0%  0.4621E-08  0.5330      0.5850E-01  0.5915       0.000      0.3604       0.000    
  132200   3.305      0.2500E-04 SHELL          4  -0.0%  0.4534E-08  0.5334      0.5855E-01  0.5919       0.000      0.3604       0.000    
  132300   3.307      0.2500E-04 SHELL          4   0.0%  0.4646E-08  0.5338      0.5859E-01  0.5924       0.000      0.3604       0.000    
  132400   3.310      0.2500E-04 SHELL          4  -0.0%  0.4559E-08  0.5342      0.5864E-01  0.5928       0.000      0.3604       0.000    
  132500   3.312      0.2500E-04 SHELL          4   0.0%  0.4671E-08  0.5346      0.5868E-01  0.5933       0.000      0.3604       0.000    
  132600   3.315      0.2500E-04 SHELL          4  -0.0%  0.4583E-08  0.5350      0.5873E-01  0.5938       0.000      0.3604       0.000    
  132700   3.317      0.2500E-04 SHELL          4   0.0%  0.4696E-08  0.5354      0.5877E-01  0.5942       0.000      0.3604       0.000    
  132800   3.320      0.2500E-04 SHELL          4  -0.0%  0.4608E-08  0.5358      0.5881E-01  0.5947       0.000      0.3604       0.000    
  132900   3.322      0.2500E-04 SHELL          4   0.0%  0.4721E-08  0.5362      0.5886E-01  0.5951       0.000      0.3604       0.000    
  133000   3.325      0.2500E-04 SHELL          4  -0.0%  0.4632E-08  0.5366      0.5890E-01  0.5956       0.000      0.3604       0.000    
  133100   3.327      0.2500E-04 SHELL          4   0.0%  0.4745E-08  0.5371      0.5895E-01  0.5960       0.000      0.3604       0.000    
  133200   3.330      0.2500E-04 SHELL          4  -0.0%  0.4657E-08  0.5375      0.5899E-01  0.5965       0.000      0.3604       0.000    
  133300   3.332      0.2500E-04 SHELL          4   0.0%  0.4771E-08  0.5379      0.5904E-01  0.5969       0.000      0.3604       0.000    
  133400   3.335      0.2500E-04 SHELL          4  -0.0%  0.4682E-08  0.5383      0.5908E-01  0.5973       0.000      0.3604       0.000    
  133500   3.337      0.2500E-04 SHELL          4   0.0%  0.4796E-08  0.5387      0.5913E-01  0.5978       0.000      0.3604       0.000    
  133600   3.340      0.2500E-04 SHELL          4  -0.0%  0.4707E-08  0.5391      0.5917E-01  0.5982       0.000      0.3604       0.000    
  133700   3.342      0.2500E-04 SHELL          4   0.0%  0.4821E-08  0.5395      0.5921E-01  0.5987       0.000      0.3604       0.000    
  133800   3.345      0.2500E-04 SHELL          4  -0.0%  0.4731E-08  0.5399      0.5926E-01  0.5991       0.000      0.3604       0.000    
  133900   3.347      0.2500E-04 SHELL          4   0.0%  0.4846E-08  0.5403      0.5930E-01  0.5996       0.000      0.3604       0.000    
  134000   3.350      0.2500E-04 SHELL          4  -0.0%  0.4756E-08  0.5407      0.5935E-01  0.6000       0.000      0.3604       0.000    
  134100   3.352      0.2500E-04 SHELL          4   0.0%  0.4871E-08  0.5411      0.5939E-01  0.6005       0.000      0.3604       0.000    
  134200   3.355      0.2500E-04 SHELL          4  -0.0%  0.4781E-08  0.5415      0.5943E-01  0.6009       0.000      0.3604       0.000    
  134300   3.357      0.2500E-04 SHELL          4   0.0%  0.4897E-08  0.5419      0.5948E-01  0.6014       0.000      0.3604       0.000    
  134400   3.360      0.2500E-04 SHELL          4  -0.0%  0.4807E-08  0.5423      0.5952E-01  0.6018       0.000      0.3604       0.000    
  134500   3.362      0.2500E-04 SHELL          4   0.0%  0.4922E-08  0.5427      0.5957E-01  0.6022       0.000      0.3604       0.000    
  134600   3.365      0.2500E-04 SHELL          4  -0.0%  0.4832E-08  0.5431      0.5961E-01  0.6027       0.000      0.3604       0.000    
  134700   3.367      0.2500E-04 SHELL          4   0.0%  0.4948E-08  0.5435      0.5965E-01  0.6031       0.000      0.3604       0.000    
  134800   3.370      0.2500E-04 SHELL          4  -0.0%  0.4857E-08  0.5439      0.5970E-01  0.6036       0.000      0.3604       0.000    
  134900   3.372      0.2500E-04 SHELL          4   0.0%  0.4973E-08  0.5443      0.5974E-01  0.6040       0.000      0.3604       0.000    
  135000   3.375      0.2500E-04 SHELL          4  -0.0%  0.4883E-08  0.5447      0.5978E-01  0.6044       0.000      0.3604       0.000    
  135100   3.377      0.2500E-04 SHELL          4   0.0%  0.4999E-08  0.5451      0.5983E-01  0.6049       0.000      0.3604       0.000    
  135200   3.380      0.2500E-04 SHELL          4  -0.0%  0.4908E-08  0.5454      0.5987E-01  0.6053       0.000      0.3604       0.000    
  135300   3.382      0.2500E-04 SHELL          4   0.0%  0.5025E-08  0.5458      0.5991E-01  0.6058       0.000      0.3604       0.000    
  135400   3.385      0.2500E-04 SHELL          4  -0.0%  0.4933E-08  0.5462      0.5996E-01  0.6062       0.000      0.3604       0.000    
  135500   3.387      0.2500E-04 SHELL          4   0.0%  0.5051E-08  0.5466      0.6000E-01  0.6066       0.000      0.3604       0.000    
  135600   3.390      0.2500E-04 SHELL          4  -0.0%  0.4959E-08  0.5470      0.6004E-01  0.6071       0.000      0.3604       0.000    
  135700   3.392      0.2500E-04 SHELL          4   0.0%  0.5077E-08  0.5474      0.6009E-01  0.6075       0.000      0.3604       0.000    
  135800   3.395      0.2500E-04 SHELL          4  -0.0%  0.4985E-08  0.5478      0.6013E-01  0.6079       0.000      0.3604       0.000    
  135900   3.397      0.2500E-04 SHELL          4   0.0%  0.5103E-08  0.5482      0.6017E-01  0.6084       0.000      0.3604       0.000    
  136000   3.400      0.2500E-04 SHELL          4  -0.0%  0.5010E-08  0.5486      0.6021E-01  0.6088       0.000      0.3604       0.000    
  136100   3.402      0.2500E-04 SHELL          4   0.0%  0.5129E-08  0.5490      0.6026E-01  0.6092       0.000      0.3604       0.000    
  136200   3.405      0.2500E-04 SHELL          4  -0.0%  0.5036E-08  0.5494      0.6030E-01  0.6097       0.000      0.3604       0.000    
  136300   3.407      0.2500E-04 SHELL          4   0.0%  0.5155E-08  0.5498      0.6034E-01  0.6101       0.000      0.3604       0.000    
  136400   3.410      0.2500E-04 SHELL          4  -0.0%  0.5062E-08  0.5502      0.6039E-01  0.6105       0.000      0.3604       0.000    
  136500   3.412      0.2500E-04 SHELL          4   0.0%  0.5181E-08  0.5505      0.6043E-01  0.6110       0.000      0.3604       0.000    
  136600   3.415      0.2500E-04 SHELL          4  -0.0%  0.5088E-08  0.5509      0.6047E-01  0.6114       0.000      0.3604       0.000    
  136700   3.417      0.2500E-04 SHELL          4   0.0%  0.5207E-08  0.5513      0.6051E-01  0.6118       0.000      0.3604       0.000    
  136800   3.420      0.2500E-04 SHELL          4  -0.0%  0.5114E-08  0.5517      0.6056E-01  0.6123       0.000      0.3604       0.000    
  136900   3.422      0.2500E-04 SHELL          4   0.0%  0.5234E-08  0.5521      0.6060E-01  0.6127       0.000      0.3604       0.000    
  137000   3.425      0.2500E-04 SHELL          4  -0.0%  0.5140E-08  0.5525      0.6064E-01  0.6131       0.000      0.3604       0.000    
  137100   3.427      0.2500E-04 SHELL          4   0.0%  0.5260E-08  0.5529      0.6068E-01  0.6136       0.000      0.3604       0.000    
  137200   3.430      0.2500E-04 SHELL          4  -0.0%  0.5166E-08  0.5533      0.6073E-01  0.6140       0.000      0.3604       0.000    
  137300   3.432      0.2500E-04 SHELL          4   0.0%  0.5287E-08  0.5536      0.6077E-01  0.6144       0.000      0.3604       0.000    
  137400   3.435      0.2500E-04 SHELL          4  -0.0%  0.5193E-08  0.5540      0.6081E-01  0.6148       0.000      0.3604       0.000    
  137500   3.437      0.2500E-04 SHELL          4   0.0%  0.5313E-08  0.5544      0.6085E-01  0.6153       0.000      0.3604       0.000    
  137600   3.440      0.2500E-04 SHELL          4  -0.0%  0.5219E-08  0.5548      0.6090E-01  0.6157       0.000      0.3604       0.000    
  137700   3.442      0.2500E-04 SHELL          4   0.0%  0.5340E-08  0.5552      0.6094E-01  0.6161       0.000      0.3604       0.000    
  137800   3.445      0.2500E-04 SHELL          4  -0.0%  0.5245E-08  0.5556      0.6098E-01  0.6165       0.000      0.3604       0.000    
  137900   3.447      0.2500E-04 SHELL          4   0.0%  0.5367E-08  0.5559      0.6102E-01  0.6170       0.000      0.3604       0.000    
  138000   3.450      0.2500E-04 SHELL          4  -0.0%  0.5272E-08  0.5563      0.6106E-01  0.6174       0.000      0.3604       0.000    
  138100   3.452      0.2500E-04 SHELL          4   0.0%  0.5394E-08  0.5567      0.6111E-01  0.6178       0.000      0.3604       0.000    
  138200   3.455      0.2500E-04 SHELL          4  -0.0%  0.5298E-08  0.5571      0.6115E-01  0.6182       0.000      0.3604       0.000    
  138300   3.457      0.2500E-04 SHELL          4   0.0%  0.5420E-08  0.5575      0.6119E-01  0.6187       0.000      0.3604       0.000    
  138400   3.460      0.2500E-04 SHELL          4  -0.0%  0.5325E-08  0.5578      0.6123E-01  0.6191       0.000      0.3604       0.000    
  138500   3.462      0.2500E-04 SHELL          4   0.0%  0.5447E-08  0.5582      0.6127E-01  0.6195       0.000      0.3604       0.000    
  138600   3.465      0.2500E-04 SHELL          4  -0.0%  0.5352E-08  0.5586      0.6131E-01  0.6199       0.000      0.3604       0.000    
  138700   3.467      0.2500E-04 SHELL          4   0.0%  0.5474E-08  0.5590      0.6136E-01  0.6203       0.000      0.3604       0.000    
  138800   3.470      0.2500E-04 SHELL          4  -0.0%  0.5378E-08  0.5594      0.6140E-01  0.6208       0.000      0.3604       0.000    
  138900   3.472      0.2500E-04 SHELL          4   0.0%  0.5501E-08  0.5597      0.6144E-01  0.6212       0.000      0.3604       0.000    
  139000   3.475      0.2500E-04 SHELL          4  -0.0%  0.5405E-08  0.5601      0.6148E-01  0.6216       0.000      0.3604       0.000    
  139100   3.477      0.2500E-04 SHELL          4   0.0%  0.5529E-08  0.5605      0.6152E-01  0.6220       0.000      0.3604       0.000    
  139200   3.480      0.2500E-04 SHELL          4  -0.0%  0.5432E-08  0.5609      0.6156E-01  0.6224       0.000      0.3604       0.000    
  139300   3.482      0.2500E-04 SHELL          4   0.0%  0.5556E-08  0.5612      0.6160E-01  0.6228       0.000      0.3604       0.000    
  139400   3.485      0.2500E-04 SHELL          4  -0.0%  0.5459E-08  0.5616      0.6164E-01  0.6233       0.000      0.3604       0.000    
  139500   3.487      0.2500E-04 SHELL          4   0.0%  0.5583E-08  0.5620      0.6169E-01  0.6237       0.000      0.3604       0.000    
  139600   3.490      0.2500E-04 SHELL          4  -0.0%  0.5486E-08  0.5624      0.6173E-01  0.6241       0.000      0.3604       0.000    
  139700   3.492      0.2500E-04 SHELL          4   0.0%  0.5611E-08  0.5627      0.6177E-01  0.6245       0.000      0.3604       0.000    
  139800   3.495      0.2500E-04 SHELL          4  -0.0%  0.5513E-08  0.5631      0.6181E-01  0.6249       0.000      0.3604       0.000    
  139900   3.497      0.2500E-04 SHELL          4   0.0%  0.5638E-08  0.5635      0.6185E-01  0.6253       0.000      0.3604       0.000    
   CYCLE    TIME      TIME-STEP  ELEMENT          ERROR  I-ENERGY    K-ENERGY T  K-ENERGY R  EXT-WORK     MAS.ERR     TOTAL MASS  MASS ADDED
  140000   3.500      0.2500E-04 SHELL          4  -0.0%  0.5540E-08  0.5639      0.6189E-01  0.6257       0.000      0.3604       0.000    
     ANIMATION FILE: A23_w1_REFERENCE_ROTATION_YA015 WRITTEN
  140100   3.502      0.2500E-04 SHELL          4   0.0%  0.5665E-08  0.5642      0.6193E-01  0.6262       0.000      0.3604       0.000    
  140200   3.505      0.2500E-04 SHELL          4  -0.0%  0.5568E-08  0.5646      0.6197E-01  0.6266       0.000      0.3604       0.000    
  140300   3.507      0.2500E-04 SHELL          4   0.0%  0.5693E-08  0.5650      0.6201E-01  0.6270       0.000      0.3604       0.000    
  140400   3.510      0.2500E-04 SHELL          4  -0.0%  0.5595E-08  0.5653      0.6205E-01  0.6274       0.000      0.3604       0.000    
  140500   3.512      0.2500E-04 SHELL          4   0.0%  0.5721E-08  0.5657      0.6209E-01  0.6278       0.000      0.3604       0.000    
  140600   3.515      0.2500E-04 SHELL          4  -0.0%  0.5622E-08  0.5661      0.6213E-01  0.6282       0.000      0.3604       0.000    
  140700   3.517      0.2500E-04 SHELL          4   0.0%  0.5748E-08  0.5664      0.6217E-01  0.6286       0.000      0.3604       0.000    
  140800   3.520      0.2500E-04 SHELL          4  -0.0%  0.5650E-08  0.5668      0.6221E-01  0.6290       0.000      0.3604       0.000    
  140900   3.522      0.2500E-04 SHELL          4   0.0%  0.5776E-08  0.5672      0.6226E-01  0.6294       0.000      0.3604       0.000    
  141000   3.525      0.2500E-04 SHELL          4  -0.0%  0.5677E-08  0.5675      0.6230E-01  0.6298       0.000      0.3604       0.000    
  141100   3.527      0.2500E-04 SHELL          4   0.0%  0.5804E-08  0.5679      0.6234E-01  0.6303       0.000      0.3604       0.000    
  141200   3.530      0.2500E-04 SHELL          4  -0.0%  0.5705E-08  0.5683      0.6238E-01  0.6307       0.000      0.3604       0.000    
  141300   3.532      0.2500E-04 SHELL          4   0.0%  0.5832E-08  0.5686      0.6242E-01  0.6311       0.000      0.3604       0.000    
  141400   3.535      0.2500E-04 SHELL          4  -0.0%  0.5733E-08  0.5690      0.6246E-01  0.6315       0.000      0.3604       0.000    
  141500   3.537      0.2500E-04 SHELL          4   0.0%  0.5860E-08  0.5694      0.6250E-01  0.6319       0.000      0.3604       0.000    
  141600   3.540      0.2500E-04 SHELL          4  -0.0%  0.5761E-08  0.5697      0.6254E-01  0.6323       0.000      0.3604       0.000    
  141700   3.542      0.2500E-04 SHELL          4   0.0%  0.5888E-08  0.5701      0.6258E-01  0.6327       0.000      0.3604       0.000    
  141800   3.545      0.2500E-04 SHELL          4  -0.0%  0.5788E-08  0.5705      0.6262E-01  0.6331       0.000      0.3604       0.000    
  141900   3.547      0.2500E-04 SHELL          4   0.0%  0.5916E-08  0.5708      0.6266E-01  0.6335       0.000      0.3604       0.000    
  142000   3.550      0.2500E-04 SHELL          4  -0.0%  0.5816E-08  0.5712      0.6270E-01  0.6339       0.000      0.3604       0.000    
  142100   3.552      0.2500E-04 SHELL          4   0.0%  0.5945E-08  0.5716      0.6273E-01  0.6343       0.000      0.3604       0.000    
  142200   3.555      0.2500E-04 SHELL          4  -0.0%  0.5844E-08  0.5719      0.6277E-01  0.6347       0.000      0.3604       0.000    
  142300   3.557      0.2500E-04 SHELL          4   0.0%  0.5973E-08  0.5723      0.6281E-01  0.6351       0.000      0.3604       0.000    
  142400   3.560      0.2500E-04 SHELL          4  -0.0%  0.5872E-08  0.5726      0.6285E-01  0.6355       0.000      0.3604       0.000    
  142500   3.562      0.2500E-04 SHELL          4   0.0%  0.6001E-08  0.5730      0.6289E-01  0.6359       0.000      0.3604       0.000    
  142600   3.565      0.2500E-04 SHELL          4  -0.0%  0.5900E-08  0.5734      0.6293E-01  0.6363       0.000      0.3604       0.000    
  142700   3.567      0.2500E-04 SHELL          4   0.0%  0.6030E-08  0.5737      0.6297E-01  0.6367       0.000      0.3604       0.000    
  142800   3.570      0.2500E-04 SHELL          4  -0.0%  0.5929E-08  0.5741      0.6301E-01  0.6371       0.000      0.3604       0.000    
  142900   3.572      0.2500E-04 SHELL          4   0.0%  0.6058E-08  0.5744      0.6305E-01  0.6375       0.000      0.3604       0.000    
  143000   3.575      0.2500E-04 SHELL          4  -0.0%  0.5957E-08  0.5748      0.6309E-01  0.6379       0.000      0.3604       0.000    
  143100   3.577      0.2500E-04 SHELL          4   0.0%  0.6087E-08  0.5751      0.6313E-01  0.6383       0.000      0.3604       0.000    
  143200   3.580      0.2500E-04 SHELL          4  -0.0%  0.5985E-08  0.5755      0.6317E-01  0.6387       0.000      0.3604       0.000    
  143300   3.582      0.2500E-04 SHELL          4   0.0%  0.6115E-08  0.5758      0.6321E-01  0.6391       0.000      0.3604       0.000    
  143400   3.585      0.2500E-04 SHELL          4  -0.0%  0.6014E-08  0.5762      0.6325E-01  0.6394       0.000      0.3604       0.000    
  143500   3.587      0.2500E-04 SHELL          4   0.0%  0.6144E-08  0.5766      0.6328E-01  0.6398       0.000      0.3604       0.000    
  143600   3.590      0.2500E-04 SHELL          4  -0.0%  0.6042E-08  0.5769      0.6332E-01  0.6402       0.000      0.3604       0.000    
  143700   3.592      0.2500E-04 SHELL          4   0.0%  0.6173E-08  0.5773      0.6336E-01  0.6406       0.000      0.3604       0.000    
  143800   3.595      0.2500E-04 SHELL          4  -0.0%  0.6071E-08  0.5776      0.6340E-01  0.6410       0.000      0.3604       0.000    
  143900   3.597      0.2500E-04 SHELL          4   0.0%  0.6202E-08  0.5780      0.6344E-01  0.6414       0.000      0.3604       0.000    
  144000   3.600      0.2500E-04 SHELL          4  -0.0%  0.6099E-08  0.5783      0.6348E-01  0.6418       0.000      0.3604       0.000    
  144100   3.602      0.2500E-04 SHELL          4   0.0%  0.6231E-08  0.5787      0.6352E-01  0.6422       0.000      0.3604       0.000    
  144200   3.605      0.2500E-04 SHELL          4  -0.0%  0.6128E-08  0.5790      0.6356E-01  0.6426       0.000      0.3604       0.000    
  144300   3.607      0.2500E-04 SHELL          4   0.0%  0.6260E-08  0.5794      0.6359E-01  0.6430       0.000      0.3604       0.000    
  144400   3.610      0.2500E-04 SHELL          4  -0.0%  0.6157E-08  0.5797      0.6363E-01  0.6434       0.000      0.3604       0.000    
  144500   3.612      0.2500E-04 SHELL          4   0.0%  0.6289E-08  0.5801      0.6367E-01  0.6437       0.000      0.3604       0.000    
  144600   3.615      0.2500E-04 SHELL          4  -0.0%  0.6185E-08  0.5804      0.6371E-01  0.6441       0.000      0.3604       0.000    
  144700   3.617      0.2500E-04 SHELL          4   0.0%  0.6318E-08  0.5808      0.6375E-01  0.6445       0.000      0.3604       0.000    
  144800   3.620      0.2500E-04 SHELL          4  -0.0%  0.6214E-08  0.5811      0.6378E-01  0.6449       0.000      0.3604       0.000    
  144900   3.622      0.2500E-04 SHELL          4   0.0%  0.6347E-08  0.5815      0.6382E-01  0.6453       0.000      0.3604       0.000    
  145000   3.625      0.2500E-04 SHELL          4  -0.0%  0.6243E-08  0.5818      0.6386E-01  0.6457       0.000      0.3604       0.000    
  145100   3.627      0.2500E-04 SHELL          4   0.0%  0.6376E-08  0.5822      0.6390E-01  0.6461       0.000      0.3604       0.000    
  145200   3.630      0.2500E-04 SHELL          4  -0.0%  0.6272E-08  0.5825      0.6394E-01  0.6464       0.000      0.3604       0.000    
  145300   3.632      0.2500E-04 SHELL          4   0.0%  0.6406E-08  0.5828      0.6397E-01  0.6468       0.000      0.3604       0.000    
  145400   3.635      0.2500E-04 SHELL          4  -0.0%  0.6301E-08  0.5832      0.6401E-01  0.6472       0.000      0.3604       0.000    
  145500   3.637      0.2500E-04 SHELL          4   0.0%  0.6435E-08  0.5835      0.6405E-01  0.6476       0.000      0.3604       0.000    
  145600   3.640      0.2500E-04 SHELL          4  -0.0%  0.6331E-08  0.5839      0.6409E-01  0.6480       0.000      0.3604       0.000    
  145700   3.642      0.2500E-04 SHELL          4   0.0%  0.6465E-08  0.5842      0.6413E-01  0.6483       0.000      0.3604       0.000    
  145800   3.645      0.2500E-04 SHELL          4  -0.0%  0.6360E-08  0.5846      0.6416E-01  0.6487       0.000      0.3604       0.000    
  145900   3.647      0.2500E-04 SHELL          4   0.0%  0.6494E-08  0.5849      0.6420E-01  0.6491       0.000      0.3604       0.000    
  146000   3.650      0.2500E-04 SHELL          4  -0.0%  0.6389E-08  0.5852      0.6424E-01  0.6495       0.000      0.3604       0.000    
  146100   3.652      0.2500E-04 SHELL          4   0.0%  0.6524E-08  0.5856      0.6428E-01  0.6499       0.000      0.3604       0.000    
  146200   3.655      0.2500E-04 SHELL          4  -0.0%  0.6418E-08  0.5859      0.6431E-01  0.6502       0.000      0.3604       0.000    
  146300   3.657      0.2500E-04 SHELL          4   0.0%  0.6553E-08  0.5863      0.6435E-01  0.6506       0.000      0.3604       0.000    
  146400   3.660      0.2500E-04 SHELL          4  -0.0%  0.6448E-08  0.5866      0.6439E-01  0.6510       0.000      0.3604       0.000    
  146500   3.662      0.2500E-04 SHELL          4   0.0%  0.6583E-08  0.5869      0.6442E-01  0.6514       0.000      0.3604       0.000    
  146600   3.665      0.2500E-04 SHELL          4  -0.0%  0.6477E-08  0.5873      0.6446E-01  0.6517       0.000      0.3604       0.000    
  146700   3.667      0.2500E-04 SHELL          4   0.0%  0.6613E-08  0.5876      0.6450E-01  0.6521       0.000      0.3604       0.000    
  146800   3.670      0.2500E-04 SHELL          4  -0.0%  0.6507E-08  0.5880      0.6454E-01  0.6525       0.000      0.3604       0.000    
  146900   3.672      0.2500E-04 SHELL          4   0.0%  0.6643E-08  0.5883      0.6457E-01  0.6529       0.000      0.3604       0.000    
  147000   3.675      0.2500E-04 SHELL          4  -0.0%  0.6537E-08  0.5886      0.6461E-01  0.6532       0.000      0.3604       0.000    
  147100   3.677      0.2500E-04 SHELL          4   0.0%  0.6673E-08  0.5890      0.6465E-01  0.6536       0.000      0.3604       0.000    
  147200   3.680      0.2500E-04 SHELL          4  -0.0%  0.6566E-08  0.5893      0.6468E-01  0.6540       0.000      0.3604       0.000    
  147300   3.682      0.2500E-04 SHELL          4   0.0%  0.6703E-08  0.5896      0.6472E-01  0.6544       0.000      0.3604       0.000    
  147400   3.685      0.2500E-04 SHELL          4  -0.0%  0.6596E-08  0.5900      0.6476E-01  0.6547       0.000      0.3604       0.000    
  147500   3.687      0.2500E-04 SHELL          4   0.0%  0.6733E-08  0.5903      0.6479E-01  0.6551       0.000      0.3604       0.000    
  147600   3.690      0.2500E-04 SHELL          4  -0.0%  0.6626E-08  0.5906      0.6483E-01  0.6555       0.000      0.3604       0.000    
  147700   3.692      0.2500E-04 SHELL          4   0.0%  0.6763E-08  0.5910      0.6487E-01  0.6558       0.000      0.3604       0.000    
  147800   3.695      0.2500E-04 SHELL          4  -0.0%  0.6656E-08  0.5913      0.6490E-01  0.6562       0.000      0.3604       0.000    
  147900   3.697      0.2500E-04 SHELL          4   0.0%  0.6793E-08  0.5916      0.6494E-01  0.6566       0.000      0.3604       0.000    
  148000   3.700      0.2500E-04 SHELL          4  -0.0%  0.6686E-08  0.5920      0.6497E-01  0.6569       0.000      0.3604       0.000    
  148100   3.702      0.2500E-04 SHELL          4   0.0%  0.6824E-08  0.5923      0.6501E-01  0.6573       0.000      0.3604       0.000    
  148200   3.705      0.2500E-04 SHELL          4  -0.0%  0.6716E-08  0.5926      0.6505E-01  0.6577       0.000      0.3604       0.000    
  148300   3.707      0.2500E-04 SHELL          4   0.0%  0.6854E-08  0.5929      0.6508E-01  0.6580       0.000      0.3604       0.000    
  148400   3.710      0.2500E-04 SHELL          4  -0.0%  0.6746E-08  0.5933      0.6512E-01  0.6584       0.000      0.3604       0.000    
  148500   3.712      0.2500E-04 SHELL          4   0.0%  0.6884E-08  0.5936      0.6515E-01  0.6588       0.000      0.3604       0.000    
  148600   3.715      0.2500E-04 SHELL          4  -0.0%  0.6776E-08  0.5939      0.6519E-01  0.6591       0.000      0.3604       0.000    
  148700   3.717      0.2500E-04 SHELL          4   0.0%  0.6915E-08  0.5943      0.6523E-01  0.6595       0.000      0.3604       0.000    
  148800   3.720      0.2500E-04 SHELL          4  -0.0%  0.6806E-08  0.5946      0.6526E-01  0.6598       0.000      0.3604       0.000    
  148900   3.722      0.2500E-04 SHELL          4   0.0%  0.6945E-08  0.5949      0.6530E-01  0.6602       0.000      0.3604       0.000    
  149000   3.725      0.2500E-04 SHELL          4  -0.0%  0.6837E-08  0.5952      0.6533E-01  0.6606       0.000      0.3604       0.000    
  149100   3.727      0.2500E-04 SHELL          4   0.0%  0.6976E-08  0.5956      0.6537E-01  0.6609       0.000      0.3604       0.000    
  149200   3.730      0.2500E-04 SHELL          4  -0.0%  0.6867E-08  0.5959      0.6541E-01  0.6613       0.000      0.3604       0.000    
  149300   3.732      0.2500E-04 SHELL          4   0.0%  0.7007E-08  0.5962      0.6544E-01  0.6616       0.000      0.3604       0.000    
  149400   3.735      0.2500E-04 SHELL          4  -0.0%  0.6897E-08  0.5965      0.6548E-01  0.6620       0.000      0.3604       0.000    
  149500   3.737      0.2500E-04 SHELL          4   0.0%  0.7037E-08  0.5968      0.6551E-01  0.6624       0.000      0.3604       0.000    
  149600   3.740      0.2500E-04 SHELL          4  -0.0%  0.6928E-08  0.5972      0.6555E-01  0.6627       0.000      0.3604       0.000    
  149700   3.742      0.2500E-04 SHELL          4   0.0%  0.7068E-08  0.5975      0.6558E-01  0.6631       0.000      0.3604       0.000    
  149800   3.745      0.2500E-04 SHELL          4  -0.0%  0.6958E-08  0.5978      0.6562E-01  0.6634       0.000      0.3604       0.000    
  149900   3.747      0.2500E-04 SHELL          4   0.0%  0.7099E-08  0.5981      0.6565E-01  0.6638       0.000      0.3604       0.000    
   CYCLE    TIME      TIME-STEP  ELEMENT          ERROR  I-ENERGY    K-ENERGY T  K-ENERGY R  EXT-WORK     MAS.ERR     TOTAL MASS  MASS ADDED
  150000   3.750      0.2500E-04 SHELL          4  -0.0%  0.6989E-08  0.5984      0.6569E-01  0.6641       0.000      0.3604       0.000    
     ANIMATION FILE: A23_w1_REFERENCE_ROTATION_YA016 WRITTEN
  150100   3.752      0.2500E-04 SHELL          4   0.0%  0.7130E-08  0.5988      0.6572E-01  0.6645       0.000      0.3604       0.000    
  150200   3.755      0.2500E-04 SHELL          4  -0.0%  0.7020E-08  0.5991      0.6576E-01  0.6648       0.000      0.3604       0.000    
  150300   3.757      0.2500E-04 SHELL          4   0.0%  0.7161E-08  0.5994      0.6579E-01  0.6652       0.000      0.3604       0.000    
  150400   3.760      0.2500E-04 SHELL          4  -0.0%  0.7051E-08  0.5997      0.6583E-01  0.6655       0.000      0.3604       0.000    
  150500   3.762      0.2500E-04 SHELL          4   0.0%  0.7192E-08  0.6000      0.6586E-01  0.6659       0.000      0.3604       0.000    
  150600   3.765      0.2500E-04 SHELL          4  -0.0%  0.7081E-08  0.6004      0.6590E-01  0.6663       0.000      0.3604       0.000    
  150700   3.767      0.2500E-04 SHELL          4   0.0%  0.7223E-08  0.6007      0.6593E-01  0.6666       0.000      0.3604       0.000    
  150800   3.770      0.2500E-04 SHELL          4  -0.0%  0.7112E-08  0.6010      0.6597E-01  0.6670       0.000      0.3604       0.000    
  150900   3.772      0.2500E-04 SHELL          4   0.0%  0.7254E-08  0.6013      0.6600E-01  0.6673       0.000      0.3604       0.000    
  151000   3.775      0.2500E-04 SHELL          4  -0.0%  0.7143E-08  0.6016      0.6603E-01  0.6676       0.000      0.3604       0.000    
  151100   3.777      0.2500E-04 SHELL          4   0.0%  0.7286E-08  0.6019      0.6607E-01  0.6680       0.000      0.3604       0.000    
  151200   3.780      0.2500E-04 SHELL          4  -0.0%  0.7174E-08  0.6022      0.6610E-01  0.6683       0.000      0.3604       0.000    
  151300   3.782      0.2500E-04 SHELL          4   0.0%  0.7317E-08  0.6026      0.6614E-01  0.6687       0.000      0.3604       0.000    
  151400   3.785      0.2500E-04 SHELL          4  -0.0%  0.7205E-08  0.6029      0.6617E-01  0.6690       0.000      0.3604       0.000    
  151500   3.787      0.2500E-04 SHELL          4   0.0%  0.7348E-08  0.6032      0.6621E-01  0.6694       0.000      0.3604       0.000    
  151600   3.790      0.2500E-04 SHELL          4  -0.0%  0.7237E-08  0.6035      0.6624E-01  0.6697       0.000      0.3604       0.000    
  151700   3.792      0.2500E-04 SHELL          4   0.0%  0.7380E-08  0.6038      0.6627E-01  0.6701       0.000      0.3604       0.000    
  151800   3.795      0.2500E-04 SHELL          4  -0.0%  0.7268E-08  0.6041      0.6631E-01  0.6704       0.000      0.3604       0.000    
  151900   3.797      0.2500E-04 SHELL          4   0.0%  0.7411E-08  0.6044      0.6634E-01  0.6708       0.000      0.3604       0.000    
  152000   3.800      0.2500E-04 SHELL          4  -0.0%  0.7299E-08  0.6047      0.6638E-01  0.6711       0.000      0.3604       0.000    
  152100   3.802      0.2500E-04 SHELL          4   0.0%  0.7443E-08  0.6050      0.6641E-01  0.6714       0.000      0.3604       0.000    
  152200   3.805      0.2500E-04 SHELL          4  -0.0%  0.7330E-08  0.6053      0.6644E-01  0.6718       0.000      0.3604       0.000    
  152300   3.807      0.2500E-04 SHELL          4   0.0%  0.7474E-08  0.6056      0.6648E-01  0.6721       0.000      0.3604       0.000    
  152400   3.810      0.2500E-04 SHELL          4  -0.0%  0.7362E-08  0.6059      0.6651E-01  0.6725       0.000      0.3604       0.000    
  152500   3.812      0.2500E-04 SHELL          4   0.0%  0.7506E-08  0.6063      0.6654E-01  0.6728       0.000      0.3604       0.000    
  152600   3.815      0.2500E-04 SHELL          4  -0.0%  0.7393E-08  0.6066      0.6658E-01  0.6731       0.000      0.3604       0.000    
  152700   3.817      0.2500E-04 SHELL          4   0.0%  0.7538E-08  0.6069      0.6661E-01  0.6735       0.000      0.3604       0.000    
  152800   3.820      0.2500E-04 SHELL          4  -0.0%  0.7425E-08  0.6072      0.6664E-01  0.6738       0.000      0.3604       0.000    
  152900   3.822      0.2500E-04 SHELL          4   0.0%  0.7570E-08  0.6075      0.6668E-01  0.6741       0.000      0.3604       0.000    
  153000   3.825      0.2500E-04 SHELL          4  -0.0%  0.7456E-08  0.6078      0.6671E-01  0.6745       0.000      0.3604       0.000    
  153100   3.827      0.2500E-04 SHELL          4   0.0%  0.7602E-08  0.6081      0.6674E-01  0.6748       0.000      0.3604       0.000    
  153200   3.830      0.2500E-04 SHELL          4  -0.0%  0.7488E-08  0.6084      0.6678E-01  0.6752       0.000      0.3604       0.000    
  153300   3.832      0.2500E-04 SHELL          4   0.0%  0.7634E-08  0.6087      0.6681E-01  0.6755       0.000      0.3604       0.000    
  153400   3.835      0.2500E-04 SHELL          4  -0.0%  0.7520E-08  0.6090      0.6684E-01  0.6758       0.000      0.3604       0.000    
  153500   3.837      0.2500E-04 SHELL          4   0.0%  0.7666E-08  0.6093      0.6688E-01  0.6762       0.000      0.3604       0.000    
  153600   3.840      0.2500E-04 SHELL          4  -0.0%  0.7552E-08  0.6096      0.6691E-01  0.6765       0.000      0.3604       0.000    
  153700   3.842      0.2500E-04 SHELL          4   0.0%  0.7698E-08  0.6099      0.6694E-01  0.6768       0.000      0.3604       0.000    
  153800   3.845      0.2500E-04 SHELL          4  -0.0%  0.7583E-08  0.6102      0.6697E-01  0.6771       0.000      0.3604       0.000    
  153900   3.847      0.2500E-04 SHELL          4   0.0%  0.7730E-08  0.6105      0.6701E-01  0.6775       0.000      0.3604       0.000    
  154000   3.850      0.2500E-04 SHELL          4  -0.0%  0.7615E-08  0.6108      0.6704E-01  0.6778       0.000      0.3604       0.000    
  154100   3.852      0.2500E-04 SHELL          4   0.0%  0.7762E-08  0.6111      0.6707E-01  0.6781       0.000      0.3604       0.000    
  154200   3.855      0.2500E-04 SHELL          4  -0.0%  0.7647E-08  0.6114      0.6710E-01  0.6785       0.000      0.3604       0.000    
  154300   3.857      0.2500E-04 SHELL          4   0.0%  0.7794E-08  0.6117      0.6714E-01  0.6788       0.000      0.3604       0.000    
  154400   3.860      0.2500E-04 SHELL          4  -0.0%  0.7679E-08  0.6120      0.6717E-01  0.6791       0.000      0.3604       0.000    
  154500   3.862      0.2500E-04 SHELL          4   0.0%  0.7827E-08  0.6122      0.6720E-01  0.6794       0.000      0.3604       0.000    
  154600   3.865      0.2500E-04 SHELL          4  -0.0%  0.7711E-08  0.6125      0.6723E-01  0.6798       0.000      0.3604       0.000    
  154700   3.867      0.2500E-04 SHELL          4   0.0%  0.7859E-08  0.6128      0.6727E-01  0.6801       0.000      0.3604       0.000    
  154800   3.870      0.2500E-04 SHELL          4  -0.0%  0.7744E-08  0.6131      0.6730E-01  0.6804       0.000      0.3604       0.000    
  154900   3.872      0.2500E-04 SHELL          4   0.0%  0.7891E-08  0.6134      0.6733E-01  0.6807       0.000      0.3604       0.000    
  155000   3.875      0.2500E-04 SHELL          4  -0.0%  0.7776E-08  0.6137      0.6736E-01  0.6811       0.000      0.3604       0.000    
  155100   3.877      0.2500E-04 SHELL          4   0.0%  0.7924E-08  0.6140      0.6739E-01  0.6814       0.000      0.3604       0.000    
  155200   3.880      0.2500E-04 SHELL          4  -0.0%  0.7808E-08  0.6143      0.6743E-01  0.6817       0.000      0.3604       0.000    
  155300   3.882      0.2500E-04 SHELL          4   0.0%  0.7956E-08  0.6146      0.6746E-01  0.6820       0.000      0.3604       0.000    
  155400   3.885      0.2500E-04 SHELL          4  -0.0%  0.7840E-08  0.6149      0.6749E-01  0.6824       0.000      0.3604       0.000    
  155500   3.887      0.2500E-04 SHELL          4   0.0%  0.7989E-08  0.6152      0.6752E-01  0.6827       0.000      0.3604       0.000    
  155600   3.890      0.2500E-04 SHELL          4  -0.0%  0.7873E-08  0.6154      0.6755E-01  0.6830       0.000      0.3604       0.000    
  155700   3.892      0.2500E-04 SHELL          4   0.0%  0.8022E-08  0.6157      0.6758E-01  0.6833       0.000      0.3604       0.000    
  155800   3.895      0.2500E-04 SHELL          4  -0.0%  0.7905E-08  0.6160      0.6762E-01  0.6836       0.000      0.3604       0.000    
  155900   3.897      0.2500E-04 SHELL          4   0.0%  0.8054E-08  0.6163      0.6765E-01  0.6839       0.000      0.3604       0.000    
  156000   3.900      0.2500E-04 SHELL          4  -0.0%  0.7938E-08  0.6166      0.6768E-01  0.6843       0.000      0.3604       0.000    
  156100   3.902      0.2500E-04 SHELL          4   0.0%  0.8087E-08  0.6169      0.6771E-01  0.6846       0.000      0.3604       0.000    
  156200   3.905      0.2500E-04 SHELL          4  -0.0%  0.7970E-08  0.6172      0.6774E-01  0.6849       0.000      0.3604       0.000    
  156300   3.907      0.2500E-04 SHELL          4   0.0%  0.8120E-08  0.6174      0.6777E-01  0.6852       0.000      0.3604       0.000    
  156400   3.910      0.2500E-04 SHELL          4  -0.0%  0.8003E-08  0.6177      0.6780E-01  0.6855       0.000      0.3604       0.000    
  156500   3.912      0.2500E-04 SHELL          4   0.0%  0.8153E-08  0.6180      0.6783E-01  0.6858       0.000      0.3604       0.000    
  156600   3.915      0.2500E-04 SHELL          4  -0.0%  0.8036E-08  0.6183      0.6786E-01  0.6862       0.000      0.3604       0.000    
  156700   3.917      0.2500E-04 SHELL          4   0.0%  0.8186E-08  0.6186      0.6790E-01  0.6865       0.000      0.3604       0.000    
  156800   3.920      0.2500E-04 SHELL          4  -0.0%  0.8069E-08  0.6188      0.6793E-01  0.6868       0.000      0.3604       0.000    
  156900   3.922      0.2500E-04 SHELL          4   0.0%  0.8219E-08  0.6191      0.6796E-01  0.6871       0.000      0.3604       0.000    
  157000   3.925      0.2500E-04 SHELL          4  -0.0%  0.8101E-08  0.6194      0.6799E-01  0.6874       0.000      0.3604       0.000    
  157100   3.927      0.2500E-04 SHELL          4   0.0%  0.8252E-08  0.6197      0.6802E-01  0.6877       0.000      0.3604       0.000    
  157200   3.930      0.2500E-04 SHELL          4  -0.0%  0.8134E-08  0.6200      0.6805E-01  0.6880       0.000      0.3604       0.000    
  157300   3.932      0.2500E-04 SHELL          4   0.0%  0.8285E-08  0.6202      0.6808E-01  0.6883       0.000      0.3604       0.000    
  157400   3.935      0.2500E-04 SHELL          4  -0.0%  0.8167E-08  0.6205      0.6811E-01  0.6886       0.000      0.3604       0.000    
  157500   3.937      0.2500E-04 SHELL          4   0.0%  0.8319E-08  0.6208      0.6814E-01  0.6889       0.000      0.3604       0.000    
  157600   3.940      0.2500E-04 SHELL          4  -0.0%  0.8200E-08  0.6211      0.6817E-01  0.6892       0.000      0.3604       0.000    
  157700   3.942      0.2500E-04 SHELL          4   0.0%  0.8352E-08  0.6213      0.6820E-01  0.6895       0.000      0.3604       0.000    
  157800   3.945      0.2500E-04 SHELL          4  -0.0%  0.8233E-08  0.6216      0.6823E-01  0.6899       0.000      0.3604       0.000    
  157900   3.947      0.2500E-04 SHELL          4   0.0%  0.8385E-08  0.6219      0.6826E-01  0.6902       0.000      0.3604       0.000    
  158000   3.950      0.2500E-04 SHELL          4  -0.0%  0.8266E-08  0.6222      0.6829E-01  0.6905       0.000      0.3604       0.000    
  158100   3.952      0.2500E-04 SHELL          4   0.0%  0.8419E-08  0.6224      0.6832E-01  0.6908       0.000      0.3604       0.000    
  158200   3.955      0.2500E-04 SHELL          4  -0.0%  0.8300E-08  0.6227      0.6835E-01  0.6911       0.000      0.3604       0.000    
  158300   3.957      0.2500E-04 SHELL          4   0.0%  0.8452E-08  0.6230      0.6838E-01  0.6914       0.000      0.3604       0.000    
  158400   3.960      0.2500E-04 SHELL          4  -0.0%  0.8333E-08  0.6233      0.6841E-01  0.6917       0.000      0.3604       0.000    
  158500   3.962      0.2500E-04 SHELL          4   0.0%  0.8485E-08  0.6235      0.6844E-01  0.6920       0.000      0.3604       0.000    
  158600   3.965      0.2500E-04 SHELL          4  -0.0%  0.8366E-08  0.6238      0.6847E-01  0.6923       0.000      0.3604       0.000    
  158700   3.967      0.2500E-04 SHELL          4   0.0%  0.8519E-08  0.6241      0.6850E-01  0.6926       0.000      0.3604       0.000    
  158800   3.970      0.2500E-04 SHELL          4  -0.0%  0.8399E-08  0.6243      0.6853E-01  0.6929       0.000      0.3604       0.000    
  158900   3.972      0.2500E-04 SHELL          4   0.0%  0.8553E-08  0.6246      0.6856E-01  0.6932       0.000      0.3604       0.000    
  159000   3.975      0.2500E-04 SHELL          4  -0.0%  0.8433E-08  0.6249      0.6859E-01  0.6935       0.000      0.3604       0.000    
  159100   3.977      0.2500E-04 SHELL          4   0.0%  0.8586E-08  0.6251      0.6862E-01  0.6938       0.000      0.3604       0.000    
  159200   3.980      0.2500E-04 SHELL          4  -0.0%  0.8466E-08  0.6254      0.6865E-01  0.6941       0.000      0.3604       0.000    
  159300   3.982      0.2500E-04 SHELL          4   0.0%  0.8620E-08  0.6257      0.6868E-01  0.6944       0.000      0.3604       0.000    
  159400   3.985      0.2500E-04 SHELL          4  -0.0%  0.8500E-08  0.6259      0.6870E-01  0.6946       0.000      0.3604       0.000    
  159500   3.987      0.2500E-04 SHELL          4   0.0%  0.8654E-08  0.6262      0.6873E-01  0.6949       0.000      0.3604       0.000    
  159600   3.990      0.2500E-04 SHELL          4  -0.0%  0.8533E-08  0.6265      0.6876E-01  0.6952       0.000      0.3604       0.000    
  159700   3.992      0.2500E-04 SHELL          4   0.0%  0.8688E-08  0.6267      0.6879E-01  0.6955       0.000      0.3604       0.000    
  159800   3.995      0.2500E-04 SHELL          4  -0.0%  0.8567E-08  0.6270      0.6882E-01  0.6958       0.000      0.3604       0.000    
  159900   3.997      0.2500E-04 SHELL          4   0.0%  0.8722E-08  0.6273      0.6885E-01  0.6961       0.000      0.3604       0.000    
   CYCLE    TIME      TIME-STEP  ELEMENT          ERROR  I-ENERGY    K-ENERGY T  K-ENERGY R  EXT-WORK     MAS.ERR     TOTAL MASS  MASS ADDED
  160000   4.000      0.2500E-04 SHELL          4  -0.0%  0.8601E-08  0.6275      0.6888E-01  0.6964       0.000      0.3604       0.000    
     ANIMATION FILE: A23_w1_REFERENCE_ROTATION_YA017 WRITTEN
  160100   4.002      0.2500E-04 SHELL          4   0.0%  0.8756E-08  0.6278      0.6891E-01  0.6967       0.000      0.3604       0.000    
  160200   4.005      0.2500E-04 SHELL          4  -0.0%  0.8634E-08  0.6280      0.6894E-01  0.6970       0.000      0.3604       0.000    
  160300   4.007      0.2500E-04 SHELL          4   0.0%  0.8790E-08  0.6283      0.6896E-01  0.6973       0.000      0.3604       0.000    
  160400   4.010      0.2500E-04 SHELL          4  -0.0%  0.8668E-08  0.6286      0.6899E-01  0.6976       0.000      0.3604       0.000    
  160500   4.012      0.2500E-04 SHELL          4   0.0%  0.8824E-08  0.6288      0.6902E-01  0.6978       0.000      0.3604       0.000    
  160600   4.015      0.2500E-04 SHELL          4  -0.0%  0.8702E-08  0.6291      0.6905E-01  0.6981       0.000      0.3604       0.000    
  160700   4.017      0.2500E-04 SHELL          4   0.0%  0.8858E-08  0.6293      0.6908E-01  0.6984       0.000      0.3604       0.000    
  160800   4.020      0.2500E-04 SHELL          4  -0.0%  0.8736E-08  0.6296      0.6911E-01  0.6987       0.000      0.3604       0.000    
  160900   4.022      0.2500E-04 SHELL          4   0.0%  0.8892E-08  0.6298      0.6913E-01  0.6990       0.000      0.3604       0.000    
  161000   4.025      0.2500E-04 SHELL          4  -0.0%  0.8770E-08  0.6301      0.6916E-01  0.6993       0.000      0.3604       0.000    
  161100   4.027      0.2500E-04 SHELL          4   0.0%  0.8926E-08  0.6304      0.6919E-01  0.6995       0.000      0.3604       0.000    
  161200   4.030      0.2500E-04 SHELL          4  -0.0%  0.8804E-08  0.6306      0.6922E-01  0.6998       0.000      0.3604       0.000    
  161300   4.032      0.2500E-04 SHELL          4   0.0%  0.8960E-08  0.6309      0.6925E-01  0.7001       0.000      0.3604       0.000    
  161400   4.035      0.2500E-04 SHELL          4  -0.0%  0.8838E-08  0.6311      0.6927E-01  0.7004       0.000      0.3604       0.000    
  161500   4.037      0.2500E-04 SHELL          4   0.0%  0.8995E-08  0.6314      0.6930E-01  0.7007       0.000      0.3604       0.000    
  161600   4.040      0.2500E-04 SHELL          4  -0.0%  0.8872E-08  0.6316      0.6933E-01  0.7010       0.000      0.3604       0.000    
  161700   4.042      0.2500E-04 SHELL          4   0.0%  0.9029E-08  0.6319      0.6936E-01  0.7012       0.000      0.3604       0.000    
  161800   4.045      0.2500E-04 SHELL          4  -0.0%  0.8906E-08  0.6321      0.6938E-01  0.7015       0.000      0.3604       0.000    
  161900   4.047      0.2500E-04 SHELL          4   0.0%  0.9064E-08  0.6324      0.6941E-01  0.7018       0.000      0.3604       0.000    
  162000   4.050      0.2500E-04 SHELL          4  -0.0%  0.8941E-08  0.6326      0.6944E-01  0.7021       0.000      0.3604       0.000    
  162100   4.052      0.2500E-04 SHELL          4   0.0%  0.9098E-08  0.6329      0.6947E-01  0.7023       0.000      0.3604       0.000    
  162200   4.055      0.2500E-04 SHELL          4  -0.0%  0.8975E-08  0.6331      0.6949E-01  0.7026       0.000      0.3604       0.000    
  162300   4.057      0.2500E-04 SHELL          4   0.0%  0.9133E-08  0.6334      0.6952E-01  0.7029       0.000      0.3604       0.000    
  162400   4.060      0.2500E-04 SHELL          4  -0.0%  0.9009E-08  0.6336      0.6955E-01  0.7032       0.000      0.3604       0.000    
  162500   4.062      0.2500E-04 SHELL          4   0.0%  0.9167E-08  0.6339      0.6957E-01  0.7034       0.000      0.3604       0.000    
  162600   4.065      0.2500E-04 SHELL          4  -0.0%  0.9044E-08  0.6341      0.6960E-01  0.7037       0.000      0.3604       0.000    
  162700   4.067      0.2500E-04 SHELL          4   0.0%  0.9202E-08  0.6344      0.6963E-01  0.7040       0.000      0.3604       0.000    
  162800   4.070      0.2500E-04 SHELL          4  -0.0%  0.9078E-08  0.6346      0.6966E-01  0.7043       0.000      0.3604       0.000    
  162900   4.072      0.2500E-04 SHELL          4   0.0%  0.9236E-08  0.6348      0.6968E-01  0.7045       0.000      0.3604       0.000    
  163000   4.075      0.2500E-04 SHELL          4  -0.0%  0.9113E-08  0.6351      0.6971E-01  0.7048       0.000      0.3604       0.000    
  163100   4.077      0.2500E-04 SHELL          4   0.0%  0.9271E-08  0.6353      0.6974E-01  0.7051       0.000      0.3604       0.000    
  163200   4.080      0.2500E-04 SHELL          4  -0.0%  0.9147E-08  0.6356      0.6976E-01  0.7053       0.000      0.3604       0.000    
  163300   4.082      0.2500E-04 SHELL          4   0.0%  0.9306E-08  0.6358      0.6979E-01  0.7056       0.000      0.3604       0.000    
  163400   4.085      0.2500E-04 SHELL          4  -0.0%  0.9182E-08  0.6361      0.6982E-01  0.7059       0.000      0.3604       0.000    
  163500   4.087      0.2500E-04 SHELL          4   0.0%  0.9341E-08  0.6363      0.6984E-01  0.7061       0.000      0.3604       0.000    
  163600   4.090      0.2500E-04 SHELL          4  -0.0%  0.9217E-08  0.6365      0.6987E-01  0.7064       0.000      0.3604       0.000    
  163700   4.092      0.2500E-04 SHELL          4   0.0%  0.9376E-08  0.6368      0.6989E-01  0.7067       0.000      0.3604       0.000    
  163800   4.095      0.2500E-04 SHELL          4  -0.0%  0.9251E-08  0.6370      0.6992E-01  0.7069       0.000      0.3604       0.000    
  163900   4.097      0.2500E-04 SHELL          4   0.0%  0.9411E-08  0.6373      0.6995E-01  0.7072       0.000      0.3604       0.000    
  164000   4.100      0.2500E-04 SHELL          4  -0.0%  0.9286E-08  0.6375      0.6997E-01  0.7075       0.000      0.3604       0.000    
  164100   4.102      0.2500E-04 SHELL          4   0.0%  0.9446E-08  0.6377      0.7000E-01  0.7077       0.000      0.3604       0.000    
  164200   4.105      0.2500E-04 SHELL          4  -0.0%  0.9321E-08  0.6380      0.7002E-01  0.7080       0.000      0.3604       0.000    
  164300   4.107      0.2500E-04 SHELL          4   0.0%  0.9481E-08  0.6382      0.7005E-01  0.7083       0.000      0.3604       0.000    
  164400   4.110      0.2500E-04 SHELL          4  -0.0%  0.9356E-08  0.6384      0.7008E-01  0.7085       0.000      0.3604       0.000    
  164500   4.112      0.2500E-04 SHELL          4   0.0%  0.9516E-08  0.6387      0.7010E-01  0.7088       0.000      0.3604       0.000    
  164600   4.115      0.2500E-04 SHELL          4  -0.0%  0.9391E-08  0.6389      0.7013E-01  0.7090       0.000      0.3604       0.000    
  164700   4.117      0.2500E-04 SHELL          4   0.0%  0.9551E-08  0.6391      0.7015E-01  0.7093       0.000      0.3604       0.000    
  164800   4.120      0.2500E-04 SHELL          4  -0.0%  0.9426E-08  0.6394      0.7018E-01  0.7096       0.000      0.3604       0.000    
  164900   4.122      0.2500E-04 SHELL          4   0.0%  0.9586E-08  0.6396      0.7020E-01  0.7098       0.000      0.3604       0.000    
  165000   4.125      0.2500E-04 SHELL          4  -0.0%  0.9461E-08  0.6398      0.7023E-01  0.7101       0.000      0.3604       0.000    
  165100   4.127      0.2500E-04 SHELL          4   0.0%  0.9622E-08  0.6401      0.7026E-01  0.7103       0.000      0.3604       0.000    
  165200   4.130      0.2500E-04 SHELL          4  -0.0%  0.9496E-08  0.6403      0.7028E-01  0.7106       0.000      0.3604       0.000    
  165300   4.132      0.2500E-04 SHELL          4   0.0%  0.9657E-08  0.6405      0.7031E-01  0.7108       0.000      0.3604       0.000    
  165400   4.135      0.2500E-04 SHELL          4  -0.0%  0.9531E-08  0.6408      0.7033E-01  0.7111       0.000      0.3604       0.000    
  165500   4.137      0.2500E-04 SHELL          4   0.0%  0.9692E-08  0.6410      0.7036E-01  0.7113       0.000      0.3604       0.000    
  165600   4.140      0.2500E-04 SHELL          4  -0.0%  0.9566E-08  0.6412      0.7038E-01  0.7116       0.000      0.3604       0.000    
  165700   4.142      0.2500E-04 SHELL          4   0.0%  0.9728E-08  0.6414      0.7041E-01  0.7118       0.000      0.3604       0.000    
  165800   4.145      0.2500E-04 SHELL          4  -0.0%  0.9601E-08  0.6417      0.7043E-01  0.7121       0.000      0.3604       0.000    
  165900   4.147      0.2500E-04 SHELL          4   0.0%  0.9763E-08  0.6419      0.7046E-01  0.7123       0.000      0.3604       0.000    
  166000   4.150      0.2500E-04 SHELL          4  -0.0%  0.9637E-08  0.6421      0.7048E-01  0.7126       0.000      0.3604       0.000    
  166100   4.152      0.2500E-04 SHELL          4   0.0%  0.9799E-08  0.6423      0.7050E-01  0.7128       0.000      0.3604       0.000    
  166200   4.155      0.2500E-04 SHELL          4  -0.0%  0.9672E-08  0.6426      0.7053E-01  0.7131       0.000      0.3604       0.000    
  166300   4.157      0.2500E-04 SHELL          4   0.0%  0.9834E-08  0.6428      0.7055E-01  0.7133       0.000      0.3604       0.000    
  166400   4.160      0.2500E-04 SHELL          4  -0.0%  0.9707E-08  0.6430      0.7058E-01  0.7136       0.000      0.3604       0.000    
  166500   4.162      0.2500E-04 SHELL          4   0.0%  0.9870E-08  0.6432      0.7060E-01  0.7138       0.000      0.3604       0.000    
  166600   4.165      0.2500E-04 SHELL          4  -0.0%  0.9743E-08  0.6435      0.7063E-01  0.7141       0.000      0.3604       0.000    
  166700   4.167      0.2500E-04 SHELL          4   0.0%  0.9905E-08  0.6437      0.7065E-01  0.7143       0.000      0.3604       0.000    
  166800   4.170      0.2500E-04 SHELL          4  -0.0%  0.9778E-08  0.6439      0.7068E-01  0.7146       0.000      0.3604       0.000    
  166900   4.172      0.2500E-04 SHELL          4   0.0%  0.9941E-08  0.6441      0.7070E-01  0.7148       0.000      0.3604       0.000    
  167000   4.175      0.2500E-04 SHELL          4  -0.0%  0.9814E-08  0.6443      0.7072E-01  0.7151       0.000      0.3604       0.000    
  167100   4.177      0.2500E-04 SHELL          4   0.0%  0.9977E-08  0.6446      0.7075E-01  0.7153       0.000      0.3604       0.000    
  167200   4.180      0.2500E-04 SHELL          4  -0.0%  0.9849E-08  0.6448      0.7077E-01  0.7155       0.000      0.3604       0.000    
  167300   4.182      0.2500E-04 SHELL          4   0.0%  0.1001E-07  0.6450      0.7080E-01  0.7158       0.000      0.3604       0.000    
  167400   4.185      0.2500E-04 SHELL          4  -0.0%  0.9885E-08  0.6452      0.7082E-01  0.7160       0.000      0.3604       0.000    
  167500   4.187      0.2500E-04 SHELL          4   0.0%  0.1005E-07  0.6454      0.7084E-01  0.7163       0.000      0.3604       0.000    
  167600   4.190      0.2500E-04 SHELL          4  -0.0%  0.9921E-08  0.6456      0.7087E-01  0.7165       0.000      0.3604       0.000    
  167700   4.192      0.2500E-04 SHELL          4   0.0%  0.1008E-07  0.6458      0.7089E-01  0.7167       0.000      0.3604       0.000    
  167800   4.195      0.2500E-04 SHELL          4  -0.0%  0.9956E-08  0.6461      0.7091E-01  0.7170       0.000      0.3604       0.000    
  167900   4.197      0.2500E-04 SHELL          4   0.0%  0.1012E-07  0.6463      0.7094E-01  0.7172       0.000      0.3604       0.000    
  168000   4.200      0.2500E-04 SHELL          4  -0.0%  0.9992E-08  0.6465      0.7096E-01  0.7174       0.000      0.3604       0.000    
  168100   4.202      0.2500E-04 SHELL          4   0.0%  0.1016E-07  0.6467      0.7098E-01  0.7177       0.000      0.3604       0.000    
  168200   4.205      0.2500E-04 SHELL          4  -0.0%  0.1003E-07  0.6469      0.7101E-01  0.7179       0.000      0.3604       0.000    
  168300   4.207      0.2500E-04 SHELL          4   0.0%  0.1019E-07  0.6471      0.7103E-01  0.7182       0.000      0.3604       0.000    
  168400   4.210      0.2500E-04 SHELL          4  -0.0%  0.1006E-07  0.6473      0.7105E-01  0.7184       0.000      0.3604       0.000    
  168500   4.212      0.2500E-04 SHELL          4   0.0%  0.1023E-07  0.6475      0.7108E-01  0.7186       0.000      0.3604       0.000    
  168600   4.215      0.2500E-04 SHELL          4  -0.0%  0.1010E-07  0.6477      0.7110E-01  0.7188       0.000      0.3604       0.000    
  168700   4.217      0.2500E-04 SHELL          4   0.0%  0.1026E-07  0.6480      0.7112E-01  0.7191       0.000      0.3604       0.000    
  168800   4.220      0.2500E-04 SHELL          4  -0.0%  0.1014E-07  0.6482      0.7114E-01  0.7193       0.000      0.3604       0.000    
  168900   4.222      0.2500E-04 SHELL          4   0.0%  0.1030E-07  0.6484      0.7117E-01  0.7195       0.000      0.3604       0.000    
  169000   4.225      0.2500E-04 SHELL          4  -0.0%  0.1017E-07  0.6486      0.7119E-01  0.7198       0.000      0.3604       0.000    
  169100   4.227      0.2500E-04 SHELL          4   0.0%  0.1034E-07  0.6488      0.7121E-01  0.7200       0.000      0.3604       0.000    
  169200   4.230      0.2500E-04 SHELL          4  -0.0%  0.1021E-07  0.6490      0.7123E-01  0.7202       0.000      0.3604       0.000    
  169300   4.232      0.2500E-04 SHELL          4   0.0%  0.1037E-07  0.6492      0.7126E-01  0.7205       0.000      0.3604       0.000    
  169400   4.235      0.2500E-04 SHELL          4  -0.0%  0.1024E-07  0.6494      0.7128E-01  0.7207       0.000      0.3604       0.000    
  169500   4.237      0.2500E-04 SHELL          4   0.0%  0.1041E-07  0.6496      0.7130E-01  0.7209       0.000      0.3604       0.000    
  169600   4.240      0.2500E-04 SHELL          4  -0.0%  0.1028E-07  0.6498      0.7132E-01  0.7211       0.000      0.3604       0.000    
  169700   4.242      0.2500E-04 SHELL          4   0.0%  0.1045E-07  0.6500      0.7135E-01  0.7214       0.000      0.3604       0.000    
  169800   4.245      0.2500E-04 SHELL          4  -0.0%  0.1032E-07  0.6502      0.7137E-01  0.7216       0.000      0.3604       0.000    
  169900   4.247      0.2500E-04 SHELL          4   0.0%  0.1048E-07  0.6504      0.7139E-01  0.7218       0.000      0.3604       0.000    
   CYCLE    TIME      TIME-STEP  ELEMENT          ERROR  I-ENERGY    K-ENERGY T  K-ENERGY R  EXT-WORK     MAS.ERR     TOTAL MASS  MASS ADDED
  170000   4.250      0.2500E-04 SHELL          4  -0.0%  0.1035E-07  0.6506      0.7141E-01  0.7220       0.000      0.3604       0.000    
     ANIMATION FILE: A23_w1_REFERENCE_ROTATION_YA018 WRITTEN
  170100   4.252      0.2500E-04 SHELL          4   0.0%  0.1052E-07  0.6508      0.7143E-01  0.7222       0.000      0.3604       0.000    
  170200   4.255      0.2500E-04 SHELL          4  -0.0%  0.1039E-07  0.6510      0.7146E-01  0.7225       0.000      0.3604       0.000    
  170300   4.257      0.2500E-04 SHELL          4   0.0%  0.1056E-07  0.6512      0.7148E-01  0.7227       0.000      0.3604       0.000    
  170400   4.260      0.2500E-04 SHELL          4  -0.0%  0.1042E-07  0.6514      0.7150E-01  0.7229       0.000      0.3604       0.000    
  170500   4.262      0.2500E-04 SHELL          4   0.0%  0.1059E-07  0.6516      0.7152E-01  0.7231       0.000      0.3604       0.000    
  170600   4.265      0.2500E-04 SHELL          4  -0.0%  0.1046E-07  0.6518      0.7154E-01  0.7233       0.000      0.3604       0.000    
  170700   4.267      0.2500E-04 SHELL          4   0.0%  0.1063E-07  0.6520      0.7156E-01  0.7236       0.000      0.3604       0.000    
  170800   4.270      0.2500E-04 SHELL          4  -0.0%  0.1050E-07  0.6522      0.7159E-01  0.7238       0.000      0.3604       0.000    
  170900   4.272      0.2500E-04 SHELL          4   0.0%  0.1066E-07  0.6524      0.7161E-01  0.7240       0.000      0.3604       0.000    
  171000   4.275      0.2500E-04 SHELL          4  -0.0%  0.1053E-07  0.6526      0.7163E-01  0.7242       0.000      0.3604       0.000    
  171100   4.277      0.2500E-04 SHELL          4   0.0%  0.1070E-07  0.6528      0.7165E-01  0.7244       0.000      0.3604       0.000    
  171200   4.280      0.2500E-04 SHELL          4  -0.0%  0.1057E-07  0.6530      0.7167E-01  0.7246       0.000      0.3604       0.000    
  171300   4.282      0.2500E-04 SHELL          4   0.0%  0.1074E-07  0.6531      0.7169E-01  0.7248       0.000      0.3604       0.000    
  171400   4.285      0.2500E-04 SHELL          4  -0.0%  0.1061E-07  0.6533      0.7171E-01  0.7251       0.000      0.3604       0.000    
  171500   4.287      0.2500E-04 SHELL          4   0.0%  0.1077E-07  0.6535      0.7173E-01  0.7253       0.000      0.3604       0.000    
  171600   4.290      0.2500E-04 SHELL          4  -0.0%  0.1064E-07  0.6537      0.7175E-01  0.7255       0.000      0.3604       0.000    
  171700   4.292      0.2500E-04 SHELL          4   0.0%  0.1081E-07  0.6539      0.7177E-01  0.7257       0.000      0.3604       0.000    
  171800   4.295      0.2500E-04 SHELL          4  -0.0%  0.1068E-07  0.6541      0.7180E-01  0.7259       0.000      0.3604       0.000    
  171900   4.297      0.2500E-04 SHELL          4   0.0%  0.1085E-07  0.6543      0.7182E-01  0.7261       0.000      0.3604       0.000    
  172000   4.300      0.2500E-04 SHELL          4  -0.0%  0.1072E-07  0.6545      0.7184E-01  0.7263       0.000      0.3604       0.000    
  172100   4.302      0.2500E-04 SHELL          4   0.0%  0.1089E-07  0.6547      0.7186E-01  0.7265       0.000      0.3604       0.000    
  172200   4.305      0.2500E-04 SHELL          4  -0.0%  0.1075E-07  0.6548      0.7188E-01  0.7267       0.000      0.3604       0.000    
  172300   4.307      0.2500E-04 SHELL          4   0.0%  0.1092E-07  0.6550      0.7190E-01  0.7269       0.000      0.3604       0.000    
  172400   4.310      0.2500E-04 SHELL          4  -0.0%  0.1079E-07  0.6552      0.7192E-01  0.7271       0.000      0.3604       0.000    
  172500   4.312      0.2500E-04 SHELL          4   0.0%  0.1096E-07  0.6554      0.7194E-01  0.7273       0.000      0.3604       0.000    
  172600   4.315      0.2500E-04 SHELL          4  -0.0%  0.1083E-07  0.6556      0.7196E-01  0.7275       0.000      0.3604       0.000    
  172700   4.317      0.2500E-04 SHELL          4   0.0%  0.1100E-07  0.6558      0.7198E-01  0.7277       0.000      0.3604       0.000    
  172800   4.320      0.2500E-04 SHELL          4  -0.0%  0.1086E-07  0.6559      0.7200E-01  0.7279       0.000      0.3604       0.000    
  172900   4.322      0.2500E-04 SHELL          4   0.0%  0.1103E-07  0.6561      0.7202E-01  0.7281       0.000      0.3604       0.000    
  173000   4.325      0.2500E-04 SHELL          4  -0.0%  0.1090E-07  0.6563      0.7204E-01  0.7283       0.000      0.3604       0.000    
  173100   4.327      0.2500E-04 SHELL          4   0.0%  0.1107E-07  0.6565      0.7206E-01  0.7285       0.000      0.3604       0.000    
  173200   4.330      0.2500E-04 SHELL          4  -0.0%  0.1094E-07  0.6567      0.7208E-01  0.7287       0.000      0.3604       0.000    
  173300   4.332      0.2500E-04 SHELL          4   0.0%  0.1111E-07  0.6568      0.7210E-01  0.7289       0.000      0.3604       0.000    
  173400   4.335      0.2500E-04 SHELL          4  -0.0%  0.1097E-07  0.6570      0.7212E-01  0.7291       0.000      0.3604       0.000    
  173500   4.337      0.2500E-04 SHELL          4   0.0%  0.1114E-07  0.6572      0.7214E-01  0.7293       0.000      0.3604       0.000    
  173600   4.340      0.2500E-04 SHELL          4  -0.0%  0.1101E-07  0.6574      0.7216E-01  0.7295       0.000      0.3604       0.000    
  173700   4.342      0.2500E-04 SHELL          4   0.0%  0.1118E-07  0.6576      0.7218E-01  0.7297       0.000      0.3604       0.000    
  173800   4.345      0.2500E-04 SHELL          4  -0.0%  0.1105E-07  0.6577      0.7219E-01  0.7299       0.000      0.3604       0.000    
  173900   4.347      0.2500E-04 SHELL          4   0.0%  0.1122E-07  0.6579      0.7221E-01  0.7301       0.000      0.3604       0.000    
  174000   4.350      0.2500E-04 SHELL          4  -0.0%  0.1109E-07  0.6581      0.7223E-01  0.7303       0.000      0.3604       0.000    
  174100   4.352      0.2500E-04 SHELL          4   0.0%  0.1126E-07  0.6583      0.7225E-01  0.7305       0.000      0.3604       0.000    
  174200   4.355      0.2500E-04 SHELL          4  -0.0%  0.1112E-07  0.6584      0.7227E-01  0.7307       0.000      0.3604       0.000    
  174300   4.357      0.2500E-04 SHELL          4   0.0%  0.1129E-07  0.6586      0.7229E-01  0.7309       0.000      0.3604       0.000    
  174400   4.360      0.2500E-04 SHELL          4  -0.0%  0.1116E-07  0.6588      0.7231E-01  0.7311       0.000      0.3604       0.000    
  174500   4.362      0.2500E-04 SHELL          4   0.0%  0.1133E-07  0.6589      0.7233E-01  0.7313       0.000      0.3604       0.000    
  174600   4.365      0.2500E-04 SHELL          4  -0.0%  0.1120E-07  0.6591      0.7235E-01  0.7315       0.000      0.3604       0.000    
  174700   4.367      0.2500E-04 SHELL          4   0.0%  0.1137E-07  0.6593      0.7236E-01  0.7316       0.000      0.3604       0.000    
  174800   4.370      0.2500E-04 SHELL          4  -0.0%  0.1123E-07  0.6595      0.7238E-01  0.7318       0.000      0.3604       0.000    
  174900   4.372      0.2500E-04 SHELL          4   0.0%  0.1141E-07  0.6596      0.7240E-01  0.7320       0.000      0.3604       0.000    
  175000   4.375      0.2500E-04 SHELL          4  -0.0%  0.1127E-07  0.6598      0.7242E-01  0.7322       0.000      0.3604       0.000    
  175100   4.377      0.2500E-04 SHELL          4   0.0%  0.1144E-07  0.6600      0.7244E-01  0.7324       0.000      0.3604       0.000    
  175200   4.380      0.2500E-04 SHELL          4  -0.0%  0.1131E-07  0.6601      0.7246E-01  0.7326       0.000      0.3604       0.000    
  175300   4.382      0.2500E-04 SHELL          4   0.0%  0.1148E-07  0.6603      0.7248E-01  0.7328       0.000      0.3604       0.000    
  175400   4.385      0.2500E-04 SHELL          4  -0.0%  0.1135E-07  0.6605      0.7249E-01  0.7329       0.000      0.3604       0.000    
  175500   4.387      0.2500E-04 SHELL          4   0.0%  0.1152E-07  0.6606      0.7251E-01  0.7331       0.000      0.3604       0.000    
  175600   4.390      0.2500E-04 SHELL          4  -0.0%  0.1138E-07  0.6608      0.7253E-01  0.7333       0.000      0.3604       0.000    
  175700   4.392      0.2500E-04 SHELL          4   0.0%  0.1156E-07  0.6609      0.7255E-01  0.7335       0.000      0.3604       0.000    
  175800   4.395      0.2500E-04 SHELL          4  -0.0%  0.1142E-07  0.6611      0.7257E-01  0.7337       0.000      0.3604       0.000    
  175900   4.397      0.2500E-04 SHELL          4   0.0%  0.1159E-07  0.6613      0.7258E-01  0.7339       0.000      0.3604       0.000    
  176000   4.400      0.2500E-04 SHELL          4  -0.0%  0.1146E-07  0.6614      0.7260E-01  0.7340       0.000      0.3604       0.000    
  176100   4.402      0.2500E-04 SHELL          4   0.0%  0.1163E-07  0.6616      0.7262E-01  0.7342       0.000      0.3604       0.000    
  176200   4.405      0.2500E-04 SHELL          4  -0.0%  0.1150E-07  0.6618      0.7264E-01  0.7344       0.000      0.3604       0.000    
  176300   4.407      0.2500E-04 SHELL          4   0.0%  0.1167E-07  0.6619      0.7265E-01  0.7346       0.000      0.3604       0.000    
  176400   4.410      0.2500E-04 SHELL          4  -0.0%  0.1153E-07  0.6621      0.7267E-01  0.7347       0.000      0.3604       0.000    
  176500   4.412      0.2500E-04 SHELL          4   0.0%  0.1171E-07  0.6622      0.7269E-01  0.7349       0.000      0.3604       0.000    
  176600   4.415      0.2500E-04 SHELL          4  -0.0%  0.1157E-07  0.6624      0.7271E-01  0.7351       0.000      0.3604       0.000    
  176700   4.417      0.2500E-04 SHELL          4   0.0%  0.1174E-07  0.6625      0.7272E-01  0.7353       0.000      0.3604       0.000    
  176800   4.420      0.2500E-04 SHELL          4  -0.0%  0.1161E-07  0.6627      0.7274E-01  0.7354       0.000      0.3604       0.000    
  176900   4.422      0.2500E-04 SHELL          4   0.0%  0.1178E-07  0.6629      0.7276E-01  0.7356       0.000      0.3604       0.000    
  177000   4.425      0.2500E-04 SHELL          4  -0.0%  0.1165E-07  0.6630      0.7277E-01  0.7358       0.000      0.3604       0.000    
  177100   4.427      0.2500E-04 SHELL          4   0.0%  0.1182E-07  0.6632      0.7279E-01  0.7360       0.000      0.3604       0.000    
  177200   4.430      0.2500E-04 SHELL          4  -0.0%  0.1168E-07  0.6633      0.7281E-01  0.7361       0.000      0.3604       0.000    
  177300   4.432      0.2500E-04 SHELL          4   0.0%  0.1186E-07  0.6635      0.7282E-01  0.7363       0.000      0.3604       0.000    
  177400   4.435      0.2500E-04 SHELL          4  -0.0%  0.1172E-07  0.6636      0.7284E-01  0.7365       0.000      0.3604       0.000    
  177500   4.437      0.2500E-04 SHELL          4   0.0%  0.1189E-07  0.6638      0.7286E-01  0.7366       0.000      0.3604       0.000    
  177600   4.440      0.2500E-04 SHELL          4  -0.0%  0.1176E-07  0.6639      0.7287E-01  0.7368       0.000      0.3604       0.000    
  177700   4.442      0.2500E-04 SHELL          4   0.0%  0.1193E-07  0.6641      0.7289E-01  0.7370       0.000      0.3604       0.000    
  177800   4.445      0.2500E-04 SHELL          4  -0.0%  0.1180E-07  0.6642      0.7291E-01  0.7371       0.000      0.3604       0.000    
  177900   4.447      0.2500E-04 SHELL          4   0.0%  0.1197E-07  0.6644      0.7292E-01  0.7373       0.000      0.3604       0.000    
  178000   4.450      0.2500E-04 SHELL          4  -0.0%  0.1183E-07  0.6645      0.7294E-01  0.7375       0.000      0.3604       0.000    
  178100   4.452      0.2500E-04 SHELL          4   0.0%  0.1201E-07  0.6647      0.7296E-01  0.7376       0.000      0.3604       0.000    
  178200   4.455      0.2500E-04 SHELL          4  -0.0%  0.1187E-07  0.6648      0.7297E-01  0.7378       0.000      0.3604       0.000    
  178300   4.457      0.2500E-04 SHELL          4   0.0%  0.1205E-07  0.6650      0.7299E-01  0.7380       0.000      0.3604       0.000    
  178400   4.460      0.2500E-04 SHELL          4  -0.0%  0.1191E-07  0.6651      0.7300E-01  0.7381       0.000      0.3604       0.000    
  178500   4.462      0.2500E-04 SHELL          4   0.0%  0.1208E-07  0.6653      0.7302E-01  0.7383       0.000      0.3604       0.000    
  178600   4.465      0.2500E-04 SHELL          4  -0.0%  0.1195E-07  0.6654      0.7304E-01  0.7384       0.000      0.3604       0.000    
  178700   4.467      0.2500E-04 SHELL          4   0.0%  0.1212E-07  0.6655      0.7305E-01  0.7386       0.000      0.3604       0.000    
  178800   4.470      0.2500E-04 SHELL          4  -0.0%  0.1199E-07  0.6657      0.7307E-01  0.7388       0.000      0.3604       0.000    
  178900   4.472      0.2500E-04 SHELL          4   0.0%  0.1216E-07  0.6658      0.7308E-01  0.7389       0.000      0.3604       0.000    
  179000   4.475      0.2500E-04 SHELL          4  -0.0%  0.1202E-07  0.6660      0.7310E-01  0.7391       0.000      0.3604       0.000    
  179100   4.477      0.2500E-04 SHELL          4   0.0%  0.1220E-07  0.6661      0.7311E-01  0.7392       0.000      0.3604       0.000    
  179200   4.480      0.2500E-04 SHELL          4  -0.0%  0.1206E-07  0.6663      0.7313E-01  0.7394       0.000      0.3604       0.000    
  179300   4.482      0.2500E-04 SHELL          4   0.0%  0.1224E-07  0.6664      0.7314E-01  0.7395       0.000      0.3604       0.000    
  179400   4.485      0.2500E-04 SHELL          4  -0.0%  0.1210E-07  0.6665      0.7316E-01  0.7397       0.000      0.3604       0.000    
  179500   4.487      0.2500E-04 SHELL          4   0.0%  0.1228E-07  0.6667      0.7318E-01  0.7398       0.000      0.3604       0.000    
  179600   4.490      0.2500E-04 SHELL          4  -0.0%  0.1214E-07  0.6668      0.7319E-01  0.7400       0.000      0.3604       0.000    
  179700   4.492      0.2500E-04 SHELL          4   0.0%  0.1231E-07  0.6669      0.7321E-01  0.7402       0.000      0.3604       0.000    
  179800   4.495      0.2500E-04 SHELL          4  -0.0%  0.1218E-07  0.6671      0.7322E-01  0.7403       0.000      0.3604       0.000    
  179900   4.497      0.2500E-04 SHELL          4   0.0%  0.1235E-07  0.6672      0.7324E-01  0.7405       0.000      0.3604       0.000    
   CYCLE    TIME      TIME-STEP  ELEMENT          ERROR  I-ENERGY    K-ENERGY T  K-ENERGY R  EXT-WORK     MAS.ERR     TOTAL MASS  MASS ADDED
  180000   4.500      0.2500E-04 SHELL          4  -0.0%  0.1221E-07  0.6674      0.7325E-01  0.7406       0.000      0.3604       0.000    
     ANIMATION FILE: A23_w1_REFERENCE_ROTATION_YA019 WRITTEN
  180100   4.502      0.2500E-04 SHELL          4   0.0%  0.1239E-07  0.6675      0.7326E-01  0.7408       0.000      0.3604       0.000    
  180200   4.505      0.2500E-04 SHELL          4  -0.0%  0.1225E-07  0.6676      0.7328E-01  0.7409       0.000      0.3604       0.000    
  180300   4.507      0.2500E-04 SHELL          4   0.0%  0.1243E-07  0.6678      0.7329E-01  0.7410       0.000      0.3604       0.000    
  180400   4.510      0.2500E-04 SHELL          4  -0.0%  0.1229E-07  0.6679      0.7331E-01  0.7412       0.000      0.3604       0.000    
  180500   4.512      0.2500E-04 SHELL          4   0.0%  0.1247E-07  0.6680      0.7332E-01  0.7413       0.000      0.3604       0.000    
  180600   4.515      0.2500E-04 SHELL          4  -0.0%  0.1233E-07  0.6681      0.7334E-01  0.7415       0.000      0.3604       0.000    
  180700   4.517      0.2500E-04 SHELL          4   0.0%  0.1250E-07  0.6683      0.7335E-01  0.7416       0.000      0.3604       0.000    
  180800   4.520      0.2500E-04 SHELL          4  -0.0%  0.1237E-07  0.6684      0.7337E-01  0.7418       0.000      0.3604       0.000    
  180900   4.522      0.2500E-04 SHELL          4   0.0%  0.1254E-07  0.6685      0.7338E-01  0.7419       0.000      0.3604       0.000    
  181000   4.525      0.2500E-04 SHELL          4  -0.0%  0.1241E-07  0.6687      0.7339E-01  0.7421       0.000      0.3604       0.000    
  181100   4.527      0.2500E-04 SHELL          4   0.0%  0.1258E-07  0.6688      0.7341E-01  0.7422       0.000      0.3604       0.000    
  181200   4.530      0.2500E-04 SHELL          4  -0.0%  0.1244E-07  0.6689      0.7342E-01  0.7423       0.000      0.3604       0.000    
  181300   4.532      0.2500E-04 SHELL          4   0.0%  0.1262E-07  0.6690      0.7344E-01  0.7425       0.000      0.3604       0.000    
  181400   4.535      0.2500E-04 SHELL          4  -0.0%  0.1248E-07  0.6692      0.7345E-01  0.7426       0.000      0.3604       0.000    
  181500   4.537      0.2500E-04 SHELL          4   0.0%  0.1266E-07  0.6693      0.7346E-01  0.7428       0.000      0.3604       0.000    
  181600   4.540      0.2500E-04 SHELL          4  -0.0%  0.1252E-07  0.6694      0.7348E-01  0.7429       0.000      0.3604       0.000    
  181700   4.542      0.2500E-04 SHELL          4   0.0%  0.1270E-07  0.6695      0.7349E-01  0.7430       0.000      0.3604       0.000    
  181800   4.545      0.2500E-04 SHELL          4  -0.0%  0.1256E-07  0.6697      0.7350E-01  0.7432       0.000      0.3604       0.000    
  181900   4.547      0.2500E-04 SHELL          4   0.0%  0.1274E-07  0.6698      0.7352E-01  0.7433       0.000      0.3604       0.000    
  182000   4.550      0.2500E-04 SHELL          4  -0.0%  0.1260E-07  0.6699      0.7353E-01  0.7434       0.000      0.3604       0.000    
  182100   4.552      0.2500E-04 SHELL          4   0.0%  0.1277E-07  0.6700      0.7354E-01  0.7436       0.000      0.3604       0.000    
  182200   4.555      0.2500E-04 SHELL          4  -0.0%  0.1264E-07  0.6702      0.7356E-01  0.7437       0.000      0.3604       0.000    
  182300   4.557      0.2500E-04 SHELL          4   0.0%  0.1281E-07  0.6703      0.7357E-01  0.7438       0.000      0.3604       0.000    
  182400   4.560      0.2500E-04 SHELL          4  -0.0%  0.1267E-07  0.6704      0.7358E-01  0.7440       0.000      0.3604       0.000    
  182500   4.562      0.2500E-04 SHELL          4   0.0%  0.1285E-07  0.6705      0.7360E-01  0.7441       0.000      0.3604       0.000    
  182600   4.565      0.2500E-04 SHELL          4  -0.0%  0.1271E-07  0.6706      0.7361E-01  0.7442       0.000      0.3604       0.000    
  182700   4.567      0.2500E-04 SHELL          4   0.0%  0.1289E-07  0.6708      0.7362E-01  0.7444       0.000      0.3604       0.000    
  182800   4.570      0.2500E-04 SHELL          4  -0.0%  0.1275E-07  0.6709      0.7364E-01  0.7445       0.000      0.3604       0.000    
  182900   4.572      0.2500E-04 SHELL          4   0.0%  0.1293E-07  0.6710      0.7365E-01  0.7446       0.000      0.3604       0.000    
  183000   4.575      0.2500E-04 SHELL          4  -0.0%  0.1279E-07  0.6711      0.7366E-01  0.7448       0.000      0.3604       0.000    
  183100   4.577      0.2500E-04 SHELL          4   0.0%  0.1297E-07  0.6712      0.7367E-01  0.7449       0.000      0.3604       0.000    
  183200   4.580      0.2500E-04 SHELL          4  -0.0%  0.1283E-07  0.6713      0.7369E-01  0.7450       0.000      0.3604       0.000    
  183300   4.582      0.2500E-04 SHELL          4   0.0%  0.1301E-07  0.6714      0.7370E-01  0.7451       0.000      0.3604       0.000    
  183400   4.585      0.2500E-04 SHELL          4  -0.0%  0.1287E-07  0.6716      0.7371E-01  0.7453       0.000      0.3604       0.000    
  183500   4.587      0.2500E-04 SHELL          4   0.0%  0.1304E-07  0.6717      0.7372E-01  0.7454       0.000      0.3604       0.000    
  183600   4.590      0.2500E-04 SHELL          4  -0.0%  0.1291E-07  0.6718      0.7374E-01  0.7455       0.000      0.3604       0.000    
  183700   4.592      0.2500E-04 SHELL          4   0.0%  0.1308E-07  0.6719      0.7375E-01  0.7456       0.000      0.3604       0.000    
  183800   4.595      0.2500E-04 SHELL          4  -0.0%  0.1294E-07  0.6720      0.7376E-01  0.7458       0.000      0.3604       0.000    
  183900   4.597      0.2500E-04 SHELL          4   0.0%  0.1312E-07  0.6721      0.7377E-01  0.7459       0.000      0.3604       0.000    
  184000   4.600      0.2500E-04 SHELL          4  -0.0%  0.1298E-07  0.6722      0.7378E-01  0.7460       0.000      0.3604       0.000    
  184100   4.602      0.2500E-04 SHELL          4   0.0%  0.1316E-07  0.6723      0.7380E-01  0.7461       0.000      0.3604       0.000    
  184200   4.605      0.2500E-04 SHELL          4  -0.0%  0.1302E-07  0.6724      0.7381E-01  0.7462       0.000      0.3604       0.000    
  184300   4.607      0.2500E-04 SHELL          4   0.0%  0.1320E-07  0.6725      0.7382E-01  0.7464       0.000      0.3604       0.000    
  184400   4.610      0.2500E-04 SHELL          4  -0.0%  0.1306E-07  0.6726      0.7383E-01  0.7465       0.000      0.3604       0.000    
  184500   4.612      0.2500E-04 SHELL          4   0.0%  0.1324E-07  0.6727      0.7384E-01  0.7466       0.000      0.3604       0.000    
  184600   4.615      0.2500E-04 SHELL          4  -0.0%  0.1310E-07  0.6729      0.7385E-01  0.7467       0.000      0.3604       0.000    
  184700   4.617      0.2500E-04 SHELL          4   0.0%  0.1328E-07  0.6730      0.7387E-01  0.7468       0.000      0.3604       0.000    
  184800   4.620      0.2500E-04 SHELL          4  -0.0%  0.1314E-07  0.6731      0.7388E-01  0.7469       0.000      0.3604       0.000    
  184900   4.622      0.2500E-04 SHELL          4   0.0%  0.1332E-07  0.6732      0.7389E-01  0.7470       0.000      0.3604       0.000    
  185000   4.625      0.2500E-04 SHELL          4  -0.0%  0.1318E-07  0.6733      0.7390E-01  0.7472       0.000      0.3604       0.000    
  185100   4.627      0.2500E-04 SHELL          4   0.0%  0.1336E-07  0.6734      0.7391E-01  0.7473       0.000      0.3604       0.000    
  185200   4.630      0.2500E-04 SHELL          4  -0.0%  0.1322E-07  0.6735      0.7392E-01  0.7474       0.000      0.3604       0.000    
  185300   4.632      0.2500E-04 SHELL          4   0.0%  0.1339E-07  0.6736      0.7393E-01  0.7475       0.000      0.3604       0.000    
  185400   4.635      0.2500E-04 SHELL          4  -0.0%  0.1325E-07  0.6737      0.7394E-01  0.7476       0.000      0.3604       0.000    
  185500   4.637      0.2500E-04 SHELL          4   0.0%  0.1343E-07  0.6738      0.7395E-01  0.7477       0.000      0.3604       0.000    
  185600   4.640      0.2500E-04 SHELL          4  -0.0%  0.1329E-07  0.6739      0.7396E-01  0.7478       0.000      0.3604       0.000    
  185700   4.642      0.2500E-04 SHELL          4   0.0%  0.1347E-07  0.6740      0.7398E-01  0.7479       0.000      0.3604       0.000    
  185800   4.645      0.2500E-04 SHELL          4  -0.0%  0.1333E-07  0.6741      0.7399E-01  0.7480       0.000      0.3604       0.000    
  185900   4.647      0.2500E-04 SHELL          4   0.0%  0.1351E-07  0.6742      0.7400E-01  0.7481       0.000      0.3604       0.000    
  186000   4.650      0.2500E-04 SHELL          4  -0.0%  0.1337E-07  0.6742      0.7401E-01  0.7483       0.000      0.3604       0.000    
  186100   4.652      0.2500E-04 SHELL          4   0.0%  0.1355E-07  0.6743      0.7402E-01  0.7484       0.000      0.3604       0.000    
  186200   4.655      0.2500E-04 SHELL          4  -0.0%  0.1341E-07  0.6744      0.7403E-01  0.7485       0.000      0.3604       0.000    
  186300   4.657      0.2500E-04 SHELL          4   0.0%  0.1359E-07  0.6745      0.7404E-01  0.7486       0.000      0.3604       0.000    
  186400   4.660      0.2500E-04 SHELL          4  -0.0%  0.1345E-07  0.6746      0.7405E-01  0.7487       0.000      0.3604       0.000    
  186500   4.662      0.2500E-04 SHELL          4   0.0%  0.1363E-07  0.6747      0.7406E-01  0.7488       0.000      0.3604       0.000    
  186600   4.665      0.2500E-04 SHELL          4  -0.0%  0.1349E-07  0.6748      0.7407E-01  0.7489       0.000      0.3604       0.000    
  186700   4.667      0.2500E-04 SHELL          4   0.0%  0.1367E-07  0.6749      0.7408E-01  0.7490       0.000      0.3604       0.000    
  186800   4.670      0.2500E-04 SHELL          4  -0.0%  0.1353E-07  0.6750      0.7409E-01  0.7491       0.000      0.3604       0.000    
  186900   4.672      0.2500E-04 SHELL          4   0.0%  0.1371E-07  0.6751      0.7410E-01  0.7492       0.000      0.3604       0.000    
  187000   4.675      0.2500E-04 SHELL          4  -0.0%  0.1357E-07  0.6752      0.7411E-01  0.7493       0.000      0.3604       0.000    
  187100   4.677      0.2500E-04 SHELL          4   0.0%  0.1375E-07  0.6752      0.7412E-01  0.7494       0.000      0.3604       0.000    
  187200   4.680      0.2500E-04 SHELL          4  -0.0%  0.1361E-07  0.6753      0.7413E-01  0.7495       0.000      0.3604       0.000    
  187300   4.682      0.2500E-04 SHELL          4   0.0%  0.1378E-07  0.6754      0.7414E-01  0.7496       0.000      0.3604       0.000    
  187400   4.685      0.2500E-04 SHELL          4  -0.0%  0.1364E-07  0.6755      0.7415E-01  0.7497       0.000      0.3604       0.000    
  187500   4.687      0.2500E-04 SHELL          4   0.0%  0.1382E-07  0.6756      0.7415E-01  0.7497       0.000      0.3604       0.000    
  187600   4.690      0.2500E-04 SHELL          4  -0.0%  0.1368E-07  0.6757      0.7416E-01  0.7498       0.000      0.3604       0.000    
  187700   4.692      0.2500E-04 SHELL          4   0.0%  0.1386E-07  0.6758      0.7417E-01  0.7499       0.000      0.3604       0.000    
  187800   4.695      0.2500E-04 SHELL          4  -0.0%  0.1372E-07  0.6758      0.7418E-01  0.7500       0.000      0.3604       0.000    
  187900   4.697      0.2500E-04 SHELL          4   0.0%  0.1390E-07  0.6759      0.7419E-01  0.7501       0.000      0.3604       0.000    
  188000   4.700      0.2500E-04 SHELL          4  -0.0%  0.1376E-07  0.6760      0.7420E-01  0.7502       0.000      0.3604       0.000    
  188100   4.702      0.2500E-04 SHELL          4   0.0%  0.1394E-07  0.6761      0.7421E-01  0.7503       0.000      0.3604       0.000    
  188200   4.705      0.2500E-04 SHELL          4  -0.0%  0.1380E-07  0.6762      0.7422E-01  0.7504       0.000      0.3604       0.000    
  188300   4.707      0.2500E-04 SHELL          4   0.0%  0.1398E-07  0.6763      0.7423E-01  0.7505       0.000      0.3604       0.000    
  188400   4.710      0.2500E-04 SHELL          4  -0.0%  0.1384E-07  0.6763      0.7424E-01  0.7506       0.000      0.3604       0.000    
  188500   4.712      0.2500E-04 SHELL          4   0.0%  0.1402E-07  0.6764      0.7424E-01  0.7507       0.000      0.3604       0.000    
  188600   4.715      0.2500E-04 SHELL          4  -0.0%  0.1388E-07  0.6765      0.7425E-01  0.7507       0.000      0.3604       0.000    
  188700   4.717      0.2500E-04 SHELL          4   0.0%  0.1406E-07  0.6766      0.7426E-01  0.7508       0.000      0.3604       0.000    
  188800   4.720      0.2500E-04 SHELL          4  -0.0%  0.1392E-07  0.6766      0.7427E-01  0.7509       0.000      0.3604       0.000    
  188900   4.722      0.2500E-04 SHELL          4   0.0%  0.1410E-07  0.6767      0.7428E-01  0.7510       0.000      0.3604       0.000    
  189000   4.725      0.2500E-04 SHELL          4  -0.0%  0.1396E-07  0.6768      0.7429E-01  0.7511       0.000      0.3604       0.000    
  189100   4.727      0.2500E-04 SHELL          4   0.0%  0.1414E-07  0.6769      0.7429E-01  0.7512       0.000      0.3604       0.000    
  189200   4.730      0.2500E-04 SHELL          4  -0.0%  0.1400E-07  0.6769      0.7430E-01  0.7512       0.000      0.3604       0.000    
  189300   4.732      0.2500E-04 SHELL          4   0.0%  0.1418E-07  0.6770      0.7431E-01  0.7513       0.000      0.3604       0.000    
  189400   4.735      0.2500E-04 SHELL          4  -0.0%  0.1404E-07  0.6771      0.7432E-01  0.7514       0.000      0.3604       0.000    
  189500   4.737      0.2500E-04 SHELL          4   0.0%  0.1422E-07  0.6772      0.7433E-01  0.7515       0.000      0.3604       0.000    
  189600   4.740      0.2500E-04 SHELL          4  -0.0%  0.1408E-07  0.6772      0.7433E-01  0.7516       0.000      0.3604       0.000    
  189700   4.742      0.2500E-04 SHELL          4   0.0%  0.1426E-07  0.6773      0.7434E-01  0.7516       0.000      0.3604       0.000    
  189800   4.745      0.2500E-04 SHELL          4  -0.0%  0.1411E-07  0.6774      0.7435E-01  0.7517       0.000      0.3604       0.000    
  189900   4.747      0.2500E-04 SHELL          4   0.0%  0.1429E-07  0.6774      0.7436E-01  0.7518       0.000      0.3604       0.000    
   CYCLE    TIME      TIME-STEP  ELEMENT          ERROR  I-ENERGY    K-ENERGY T  K-ENERGY R  EXT-WORK     MAS.ERR     TOTAL MASS  MASS ADDED
  190000   4.750      0.2500E-04 SHELL          4  -0.0%  0.1415E-07  0.6775      0.7436E-01  0.7519       0.000      0.3604       0.000    
     ANIMATION FILE: A23_w1_REFERENCE_ROTATION_YA020 WRITTEN
  190100   4.752      0.2500E-04 SHELL          4   0.0%  0.1433E-07  0.6776      0.7437E-01  0.7519       0.000      0.3604       0.000    
  190200   4.755      0.2500E-04 SHELL          4  -0.0%  0.1419E-07  0.6776      0.7438E-01  0.7520       0.000      0.3604       0.000    
  190300   4.757      0.2500E-04 SHELL          4   0.0%  0.1437E-07  0.6777      0.7439E-01  0.7521       0.000      0.3604       0.000    
  190400   4.760      0.2500E-04 SHELL          4  -0.0%  0.1423E-07  0.6778      0.7439E-01  0.7522       0.000      0.3604       0.000    
  190500   4.762      0.2500E-04 SHELL          4   0.0%  0.1441E-07  0.6778      0.7440E-01  0.7522       0.000      0.3604       0.000    
  190600   4.765      0.2500E-04 SHELL          4  -0.0%  0.1427E-07  0.6779      0.7441E-01  0.7523       0.000      0.3604       0.000    
  190700   4.767      0.2500E-04 SHELL          4   0.0%  0.1445E-07  0.6780      0.7441E-01  0.7524       0.000      0.3604       0.000    
  190800   4.770      0.2500E-04 SHELL          4  -0.0%  0.1431E-07  0.6780      0.7442E-01  0.7524       0.000      0.3604       0.000    
  190900   4.772      0.2500E-04 SHELL          4   0.0%  0.1449E-07  0.6781      0.7443E-01  0.7525       0.000      0.3604       0.000    
  191000   4.775      0.2500E-04 SHELL          4  -0.0%  0.1435E-07  0.6781      0.7444E-01  0.7526       0.000      0.3604       0.000    
  191100   4.777      0.2500E-04 SHELL          4   0.0%  0.1453E-07  0.6782      0.7444E-01  0.7527       0.000      0.3604       0.000    
  191200   4.780      0.2500E-04 SHELL          4  -0.0%  0.1439E-07  0.6783      0.7445E-01  0.7527       0.000      0.3604       0.000    
  191300   4.782      0.2500E-04 SHELL          4   0.0%  0.1457E-07  0.6783      0.7445E-01  0.7528       0.000      0.3604       0.000    
  191400   4.785      0.2500E-04 SHELL          4  -0.0%  0.1443E-07  0.6784      0.7446E-01  0.7528       0.000      0.3604       0.000    
  191500   4.787      0.2500E-04 SHELL          4   0.0%  0.1461E-07  0.6784      0.7447E-01  0.7529       0.000      0.3604       0.000    
  191600   4.790      0.2500E-04 SHELL          4  -0.0%  0.1447E-07  0.6785      0.7447E-01  0.7530       0.000      0.3604       0.000    
  191700   4.792      0.2500E-04 SHELL          4   0.0%  0.1465E-07  0.6786      0.7448E-01  0.7530       0.000      0.3604       0.000    
  191800   4.795      0.2500E-04 SHELL          4  -0.0%  0.1451E-07  0.6786      0.7449E-01  0.7531       0.000      0.3604       0.000    
  191900   4.797      0.2500E-04 SHELL          4   0.0%  0.1469E-07  0.6787      0.7449E-01  0.7532       0.000      0.3604       0.000    
  192000   4.800      0.2500E-04 SHELL          4  -0.0%  0.1455E-07  0.6787      0.7450E-01  0.7532       0.000      0.3604       0.000    
  192100   4.802      0.2500E-04 SHELL          4   0.0%  0.1473E-07  0.6788      0.7450E-01  0.7533       0.000      0.3604       0.000    
  192200   4.805      0.2500E-04 SHELL          4  -0.0%  0.1459E-07  0.6788      0.7451E-01  0.7533       0.000      0.3604       0.000    
  192300   4.807      0.2500E-04 SHELL          4   0.0%  0.1477E-07  0.6789      0.7452E-01  0.7534       0.000      0.3604       0.000    
  192400   4.810      0.2500E-04 SHELL          4  -0.0%  0.1463E-07  0.6789      0.7452E-01  0.7535       0.000      0.3604       0.000    
  192500   4.812      0.2500E-04 SHELL          4   0.0%  0.1481E-07  0.6790      0.7453E-01  0.7535       0.000      0.3604       0.000    
  192600   4.815      0.2500E-04 SHELL          4  -0.0%  0.1467E-07  0.6790      0.7453E-01  0.7536       0.000      0.3604       0.000    
  192700   4.817      0.2500E-04 SHELL          4   0.0%  0.1485E-07  0.6791      0.7454E-01  0.7536       0.000      0.3604       0.000    
  192800   4.820      0.2500E-04 SHELL          4  -0.0%  0.1471E-07  0.6791      0.7454E-01  0.7537       0.000      0.3604       0.000    
  192900   4.822      0.2500E-04 SHELL          4   0.0%  0.1489E-07  0.6792      0.7455E-01  0.7537       0.000      0.3604       0.000    
  193000   4.825      0.2500E-04 SHELL          4  -0.0%  0.1475E-07  0.6792      0.7455E-01  0.7538       0.000      0.3604       0.000    
  193100   4.827      0.2500E-04 SHELL          4   0.0%  0.1493E-07  0.6793      0.7456E-01  0.7538       0.000      0.3604       0.000    
  193200   4.830      0.2500E-04 SHELL          4  -0.0%  0.1478E-07  0.6793      0.7456E-01  0.7539       0.000      0.3604       0.000    
  193300   4.832      0.2500E-04 SHELL          4   0.0%  0.1497E-07  0.6794      0.7457E-01  0.7539       0.000      0.3604       0.000    
  193400   4.835      0.2500E-04 SHELL          4  -0.0%  0.1482E-07  0.6794      0.7457E-01  0.7540       0.000      0.3604       0.000    
  193500   4.837      0.2500E-04 SHELL          4   0.0%  0.1501E-07  0.6795      0.7458E-01  0.7540       0.000      0.3604       0.000    
  193600   4.840      0.2500E-04 SHELL          4  -0.0%  0.1486E-07  0.6795      0.7458E-01  0.7541       0.000      0.3604       0.000    
  193700   4.842      0.2500E-04 SHELL          4   0.0%  0.1505E-07  0.6796      0.7459E-01  0.7541       0.000      0.3604       0.000    
  193800   4.845      0.2500E-04 SHELL          4  -0.0%  0.1490E-07  0.6796      0.7459E-01  0.7542       0.000      0.3604       0.000    
  193900   4.847      0.2500E-04 SHELL          4   0.0%  0.1508E-07  0.6796      0.7460E-01  0.7542       0.000      0.3604       0.000    
  194000   4.850      0.2500E-04 SHELL          4  -0.0%  0.1494E-07  0.6797      0.7460E-01  0.7543       0.000      0.3604       0.000    
  194100   4.852      0.2500E-04 SHELL          4   0.0%  0.1512E-07  0.6797      0.7461E-01  0.7543       0.000      0.3604       0.000    
  194200   4.855      0.2500E-04 SHELL          4  -0.0%  0.1498E-07  0.6798      0.7461E-01  0.7544       0.000      0.3604       0.000    
  194300   4.857      0.2500E-04 SHELL          4   0.0%  0.1516E-07  0.6798      0.7462E-01  0.7544       0.000      0.3604       0.000    
  194400   4.860      0.2500E-04 SHELL          4  -0.0%  0.1502E-07  0.6798      0.7462E-01  0.7545       0.000      0.3604       0.000    
  194500   4.862      0.2500E-04 SHELL          4   0.0%  0.1520E-07  0.6799      0.7462E-01  0.7545       0.000      0.3604       0.000    
  194600   4.865      0.2500E-04 SHELL          4  -0.0%  0.1506E-07  0.6799      0.7463E-01  0.7545       0.000      0.3604       0.000    
  194700   4.867      0.2500E-04 SHELL          4   0.0%  0.1524E-07  0.6799      0.7463E-01  0.7546       0.000      0.3604       0.000    
  194800   4.870      0.2500E-04 SHELL          4  -0.0%  0.1510E-07  0.6800      0.7464E-01  0.7546       0.000      0.3604       0.000    
  194900   4.872      0.2500E-04 SHELL          4   0.0%  0.1528E-07  0.6800      0.7464E-01  0.7547       0.000      0.3604       0.000    
  195000   4.875      0.2500E-04 SHELL          4  -0.0%  0.1514E-07  0.6801      0.7464E-01  0.7547       0.000      0.3604       0.000    
  195100   4.877      0.2500E-04 SHELL          4   0.0%  0.1532E-07  0.6801      0.7465E-01  0.7547       0.000      0.3604       0.000    
  195200   4.880      0.2500E-04 SHELL          4  -0.0%  0.1518E-07  0.6801      0.7465E-01  0.7548       0.000      0.3604       0.000    
  195300   4.882      0.2500E-04 SHELL          4   0.0%  0.1536E-07  0.6802      0.7465E-01  0.7548       0.000      0.3604       0.000    
  195400   4.885      0.2500E-04 SHELL          4  -0.0%  0.1522E-07  0.6802      0.7466E-01  0.7548       0.000      0.3604       0.000    
  195500   4.887      0.2500E-04 SHELL          4   0.0%  0.1540E-07  0.6802      0.7466E-01  0.7549       0.000      0.3604       0.000    
  195600   4.890      0.2500E-04 SHELL          4  -0.0%  0.1526E-07  0.6802      0.7467E-01  0.7549       0.000      0.3604       0.000    
  195700   4.892      0.2500E-04 SHELL          4   0.0%  0.1544E-07  0.6803      0.7467E-01  0.7549       0.000      0.3604       0.000    
  195800   4.895      0.2500E-04 SHELL          4  -0.0%  0.1530E-07  0.6803      0.7467E-01  0.7550       0.000      0.3604       0.000    
  195900   4.897      0.2500E-04 SHELL          4   0.0%  0.1548E-07  0.6803      0.7467E-01  0.7550       0.000      0.3604       0.000    
  196000   4.900      0.2500E-04 SHELL          4  -0.0%  0.1534E-07  0.6804      0.7468E-01  0.7550       0.000      0.3604       0.000    
  196100   4.902      0.2500E-04 SHELL          4   0.0%  0.1552E-07  0.6804      0.7468E-01  0.7551       0.000      0.3604       0.000    
  196200   4.905      0.2500E-04 SHELL          4  -0.0%  0.1538E-07  0.6804      0.7468E-01  0.7551       0.000      0.3604       0.000    
  196300   4.907      0.2500E-04 SHELL          4   0.0%  0.1556E-07  0.6804      0.7469E-01  0.7551       0.000      0.3604       0.000    
  196400   4.910      0.2500E-04 SHELL          4  -0.0%  0.1542E-07  0.6805      0.7469E-01  0.7552       0.000      0.3604       0.000    
  196500   4.912      0.2500E-04 SHELL          4   0.0%  0.1560E-07  0.6805      0.7469E-01  0.7552       0.000      0.3604       0.000    
  196600   4.915      0.2500E-04 SHELL          4  -0.0%  0.1546E-07  0.6805      0.7469E-01  0.7552       0.000      0.3604       0.000    
  196700   4.917      0.2500E-04 SHELL          4   0.0%  0.1564E-07  0.6805      0.7470E-01  0.7552       0.000      0.3604       0.000    
  196800   4.920      0.2500E-04 SHELL          4  -0.0%  0.1550E-07  0.6806      0.7470E-01  0.7553       0.000      0.3604       0.000    
  196900   4.922      0.2500E-04 SHELL          4   0.0%  0.1568E-07  0.6806      0.7470E-01  0.7553       0.000      0.3604       0.000    
  197000   4.925      0.2500E-04 SHELL          4  -0.0%  0.1554E-07  0.6806      0.7470E-01  0.7553       0.000      0.3604       0.000    
  197100   4.927      0.2500E-04 SHELL          4   0.0%  0.1572E-07  0.6806      0.7471E-01  0.7553       0.000      0.3604       0.000    
  197200   4.930      0.2500E-04 SHELL          4  -0.0%  0.1558E-07  0.6806      0.7471E-01  0.7553       0.000      0.3604       0.000    
  197300   4.932      0.2500E-04 SHELL          4   0.0%  0.1576E-07  0.6807      0.7471E-01  0.7554       0.000      0.3604       0.000    
  197400   4.935      0.2500E-04 SHELL          4  -0.0%  0.1562E-07  0.6807      0.7471E-01  0.7554       0.000      0.3604       0.000    
  197500   4.937      0.2500E-04 SHELL          4   0.0%  0.1580E-07  0.6807      0.7471E-01  0.7554       0.000      0.3604       0.000    
  197600   4.940      0.2500E-04 SHELL          4  -0.0%  0.1566E-07  0.6807      0.7472E-01  0.7554       0.000      0.3604       0.000    
  197700   4.942      0.2500E-04 SHELL          4   0.0%  0.1584E-07  0.6807      0.7472E-01  0.7554       0.000      0.3604       0.000    
  197800   4.945      0.2500E-04 SHELL          4  -0.0%  0.1570E-07  0.6807      0.7472E-01  0.7555       0.000      0.3604       0.000    
  197900   4.947      0.2500E-04 SHELL          4   0.0%  0.1588E-07  0.6808      0.7472E-01  0.7555       0.000      0.3604       0.000    
  198000   4.950      0.2500E-04 SHELL          4  -0.0%  0.1574E-07  0.6808      0.7472E-01  0.7555       0.000      0.3604       0.000    
  198100   4.952      0.2500E-04 SHELL          4   0.0%  0.1592E-07  0.6808      0.7472E-01  0.7555       0.000      0.3604       0.000    
  198200   4.955      0.2500E-04 SHELL          4  -0.0%  0.1578E-07  0.6808      0.7473E-01  0.7555       0.000      0.3604       0.000    
  198300   4.957      0.2500E-04 SHELL          4   0.0%  0.1596E-07  0.6808      0.7473E-01  0.7555       0.000      0.3604       0.000    
  198400   4.960      0.2500E-04 SHELL          4  -0.0%  0.1581E-07  0.6808      0.7473E-01  0.7555       0.000      0.3604       0.000    
  198500   4.962      0.2500E-04 SHELL          4   0.0%  0.1600E-07  0.6808      0.7473E-01  0.7556       0.000      0.3604       0.000    
  198600   4.965      0.2500E-04 SHELL          4  -0.0%  0.1585E-07  0.6808      0.7473E-01  0.7556       0.000      0.3604       0.000    
  198700   4.967      0.2500E-04 SHELL          4   0.0%  0.1604E-07  0.6808      0.7473E-01  0.7556       0.000      0.3604       0.000    
  198800   4.970      0.2500E-04 SHELL          4  -0.0%  0.1589E-07  0.6809      0.7473E-01  0.7556       0.000      0.3604       0.000    
  198900   4.972      0.2500E-04 SHELL          4   0.0%  0.1608E-07  0.6809      0.7473E-01  0.7556       0.000      0.3604       0.000    
  199000   4.975      0.2500E-04 SHELL          4  -0.0%  0.1593E-07  0.6809      0.7473E-01  0.7556       0.000      0.3604       0.000    
  199100   4.977      0.2500E-04 SHELL          4   0.0%  0.1612E-07  0.6809      0.7473E-01  0.7556       0.000      0.3604       0.000    
  199200   4.980      0.2500E-04 SHELL          4  -0.0%  0.1597E-07  0.6809      0.7474E-01  0.7556       0.000      0.3604       0.000    
  199300   4.982      0.2500E-04 SHELL          4   0.0%  0.1616E-07  0.6809      0.7474E-01  0.7556       0.000      0.3604       0.000    
  199400   4.985      0.2500E-04 SHELL          4  -0.0%  0.1601E-07  0.6809      0.7474E-01  0.7556       0.000      0.3604       0.000    
  199500   4.987      0.2500E-04 SHELL          4   0.0%  0.1620E-07  0.6809      0.7474E-01  0.7556       0.000      0.3604       0.000    
  199600   4.990      0.2500E-04 SHELL          4  -0.0%  0.1605E-07  0.6809      0.7474E-01  0.7556       0.000      0.3604       0.000    
  199700   4.992      0.2500E-04 SHELL          4   0.0%  0.1624E-07  0.6809      0.7474E-01  0.7556       0.000      0.3604       0.000    
  199800   4.995      0.2500E-04 SHELL          4  -0.0%  0.1609E-07  0.6809      0.7474E-01  0.7556       0.000      0.3604       0.000    
  199900   4.997      0.2500E-04 SHELL          4   0.0%  0.1627E-07  0.6809      0.7474E-01  0.7556       0.000      0.3604       0.000    
   CYCLE    TIME      TIME-STEP  ELEMENT          ERROR  I-ENERGY    K-ENERGY T  K-ENERGY R  EXT-WORK     MAS.ERR     TOTAL MASS  MASS ADDED
  200000   5.000      0.2500E-04 SHELL          4  -0.0%  0.1613E-07  0.6809      0.7474E-01  0.7556       0.000      0.3604       0.000    
     ANIMATION FILE: A23_w1_REFERENCE_ROTATION_YA021 WRITTEN
  200100   5.002      0.2500E-04 SHELL          4   0.0%  0.1631E-07  0.6809      0.7474E-01  0.7556       0.000      0.3604       0.000    
  200200   5.005      0.2500E-04 SHELL          4  -0.0%  0.1617E-07  0.6809      0.7474E-01  0.7556       0.000      0.3604       0.000    
  200300   5.007      0.2500E-04 SHELL          4   0.0%  0.1635E-07  0.6809      0.7474E-01  0.7556       0.000      0.3604       0.000    
  200400   5.010      0.2500E-04 SHELL          4  -0.0%  0.1621E-07  0.6809      0.7474E-01  0.7556       0.000      0.3604       0.000    
  200500   5.012      0.2500E-04 SHELL          4   0.0%  0.1639E-07  0.6809      0.7474E-01  0.7556       0.000      0.3604       0.000    
  200600   5.015      0.2500E-04 SHELL          4  -0.0%  0.1625E-07  0.6809      0.7474E-01  0.7556       0.000      0.3604       0.000    
  200700   5.017      0.2500E-04 SHELL          4   0.0%  0.1643E-07  0.6809      0.7474E-01  0.7556       0.000      0.3604       0.000    
  200800   5.020      0.2500E-04 SHELL          4  -0.0%  0.1629E-07  0.6809      0.7474E-01  0.7556       0.000      0.3604       0.000    
  200900   5.022      0.2500E-04 SHELL          4   0.0%  0.1647E-07  0.6809      0.7473E-01  0.7556       0.000      0.3604       0.000    
  201000   5.025      0.2500E-04 SHELL          4  -0.0%  0.1633E-07  0.6809      0.7473E-01  0.7556       0.000      0.3604       0.000    
  201100   5.027      0.2500E-04 SHELL          4   0.0%  0.1651E-07  0.6809      0.7473E-01  0.7556       0.000      0.3604       0.000    
  201200   5.030      0.2500E-04 SHELL          4  -0.0%  0.1637E-07  0.6809      0.7473E-01  0.7556       0.000      0.3604       0.000    
  201300   5.032      0.2500E-04 SHELL          4   0.0%  0.1655E-07  0.6808      0.7473E-01  0.7556       0.000      0.3604       0.000    
  201400   5.035      0.2500E-04 SHELL          4  -0.0%  0.1641E-07  0.6808      0.7473E-01  0.7556       0.000      0.3604       0.000    
  201500   5.037      0.2500E-04 SHELL          4   0.0%  0.1659E-07  0.6808      0.7473E-01  0.7556       0.000      0.3604       0.000    
  201600   5.040      0.2500E-04 SHELL          4  -0.0%  0.1645E-07  0.6808      0.7473E-01  0.7555       0.000      0.3604       0.000    
  201700   5.042      0.2500E-04 SHELL          4   0.0%  0.1663E-07  0.6808      0.7473E-01  0.7555       0.000      0.3604       0.000    
  201800   5.045      0.2500E-04 SHELL          4  -0.0%  0.1649E-07  0.6808      0.7473E-01  0.7555       0.000      0.3604       0.000    
  201900   5.047      0.2500E-04 SHELL          4   0.0%  0.1667E-07  0.6808      0.7472E-01  0.7555       0.000      0.3604       0.000    
  202000   5.050      0.2500E-04 SHELL          4  -0.0%  0.1653E-07  0.6808      0.7472E-01  0.7555       0.000      0.3604       0.000    
  202100   5.052      0.2500E-04 SHELL          4   0.0%  0.1671E-07  0.6808      0.7472E-01  0.7555       0.000      0.3604       0.000    
  202200   5.055      0.2500E-04 SHELL          4  -0.0%  0.1657E-07  0.6807      0.7472E-01  0.7555       0.000      0.3604       0.000    
  202300   5.057      0.2500E-04 SHELL          4   0.0%  0.1675E-07  0.6807      0.7472E-01  0.7554       0.000      0.3604       0.000    
  202400   5.060      0.2500E-04 SHELL          4  -0.0%  0.1661E-07  0.6807      0.7472E-01  0.7554       0.000      0.3604       0.000    
  202500   5.062      0.2500E-04 SHELL          4   0.0%  0.1679E-07  0.6807      0.7471E-01  0.7554       0.000      0.3604       0.000    
  202600   5.065      0.2500E-04 SHELL          4  -0.0%  0.1665E-07  0.6807      0.7471E-01  0.7554       0.000      0.3604       0.000    
  202700   5.067      0.2500E-04 SHELL          4   0.0%  0.1683E-07  0.6807      0.7471E-01  0.7554       0.000      0.3604       0.000    
  202800   5.070      0.2500E-04 SHELL          4  -0.0%  0.1669E-07  0.6806      0.7471E-01  0.7553       0.000      0.3604       0.000    
  202900   5.072      0.2500E-04 SHELL          4   0.0%  0.1687E-07  0.6806      0.7471E-01  0.7553       0.000      0.3604       0.000    
  203000   5.075      0.2500E-04 SHELL          4  -0.0%  0.1673E-07  0.6806      0.7470E-01  0.7553       0.000      0.3604       0.000    
  203100   5.077      0.2500E-04 SHELL          4   0.0%  0.1691E-07  0.6806      0.7470E-01  0.7553       0.000      0.3604       0.000    
  203200   5.080      0.2500E-04 SHELL          4  -0.0%  0.1677E-07  0.6806      0.7470E-01  0.7553       0.000      0.3604       0.000    
  203300   5.082      0.2500E-04 SHELL          4   0.0%  0.1695E-07  0.6805      0.7470E-01  0.7552       0.000      0.3604       0.000    
  203400   5.085      0.2500E-04 SHELL          4  -0.0%  0.1681E-07  0.6805      0.7469E-01  0.7552       0.000      0.3604       0.000    
  203500   5.087      0.2500E-04 SHELL          4   0.0%  0.1699E-07  0.6805      0.7469E-01  0.7552       0.000      0.3604       0.000    
  203600   5.090      0.2500E-04 SHELL          4  -0.0%  0.1685E-07  0.6805      0.7469E-01  0.7552       0.000      0.3604       0.000    
  203700   5.092      0.2500E-04 SHELL          4   0.0%  0.1703E-07  0.6804      0.7469E-01  0.7551       0.000      0.3604       0.000    
  203800   5.095      0.2500E-04 SHELL          4  -0.0%  0.1689E-07  0.6804      0.7468E-01  0.7551       0.000      0.3604       0.000    
  203900   5.097      0.2500E-04 SHELL          4   0.0%  0.1707E-07  0.6804      0.7468E-01  0.7551       0.000      0.3604       0.000    
  204000   5.100      0.2500E-04 SHELL          4  -0.0%  0.1693E-07  0.6804      0.7468E-01  0.7550       0.000      0.3604       0.000    
  204100   5.102      0.2500E-04 SHELL          4   0.0%  0.1711E-07  0.6803      0.7467E-01  0.7550       0.000      0.3604       0.000    
  204200   5.105      0.2500E-04 SHELL          4  -0.0%  0.1697E-07  0.6803      0.7467E-01  0.7550       0.000      0.3604       0.000    
  204300   5.107      0.2500E-04 SHELL          4   0.0%  0.1715E-07  0.6803      0.7467E-01  0.7549       0.000      0.3604       0.000    
  204400   5.110      0.2500E-04 SHELL          4  -0.0%  0.1701E-07  0.6802      0.7467E-01  0.7549       0.000      0.3604       0.000    
  204500   5.112      0.2500E-04 SHELL          4   0.0%  0.1719E-07  0.6802      0.7466E-01  0.7549       0.000      0.3604       0.000    
  204600   5.115      0.2500E-04 SHELL          4  -0.0%  0.1704E-07  0.6802      0.7466E-01  0.7548       0.000      0.3604       0.000    
  204700   5.117      0.2500E-04 SHELL          4   0.0%  0.1723E-07  0.6802      0.7465E-01  0.7548       0.000      0.3604       0.000    
  204800   5.120      0.2500E-04 SHELL          4  -0.0%  0.1708E-07  0.6801      0.7465E-01  0.7548       0.000      0.3604       0.000    
  204900   5.122      0.2500E-04 SHELL          4   0.0%  0.1727E-07  0.6801      0.7465E-01  0.7547       0.000      0.3604       0.000    
  205000   5.125      0.2500E-04 SHELL          4  -0.0%  0.1712E-07  0.6801      0.7464E-01  0.7547       0.000      0.3604       0.000    
  205100   5.127      0.2500E-04 SHELL          4   0.0%  0.1731E-07  0.6800      0.7464E-01  0.7547       0.000      0.3604       0.000    
  205200   5.130      0.2500E-04 SHELL          4  -0.0%  0.1716E-07  0.6800      0.7464E-01  0.7546       0.000      0.3604       0.000    
  205300   5.132      0.2500E-04 SHELL          4   0.0%  0.1735E-07  0.6799      0.7463E-01  0.7546       0.000      0.3604       0.000    
  205400   5.135      0.2500E-04 SHELL          4  -0.0%  0.1720E-07  0.6799      0.7463E-01  0.7545       0.000      0.3604       0.000    
  205500   5.137      0.2500E-04 SHELL          4   0.0%  0.1738E-07  0.6799      0.7462E-01  0.7545       0.000      0.3604       0.000    
  205600   5.140      0.2500E-04 SHELL          4  -0.0%  0.1724E-07  0.6798      0.7462E-01  0.7545       0.000      0.3604       0.000    
  205700   5.142      0.2500E-04 SHELL          4   0.0%  0.1742E-07  0.6798      0.7462E-01  0.7544       0.000      0.3604       0.000    
  205800   5.145      0.2500E-04 SHELL          4  -0.0%  0.1728E-07  0.6798      0.7461E-01  0.7544       0.000      0.3604       0.000    
  205900   5.147      0.2500E-04 SHELL          4   0.0%  0.1746E-07  0.6797      0.7461E-01  0.7543       0.000      0.3604       0.000    
  206000   5.150      0.2500E-04 SHELL          4  -0.0%  0.1732E-07  0.6797      0.7460E-01  0.7543       0.000      0.3604       0.000    
  206100   5.152      0.2500E-04 SHELL          4   0.0%  0.1750E-07  0.6796      0.7460E-01  0.7542       0.000      0.3604       0.000    
  206200   5.155      0.2500E-04 SHELL          4  -0.0%  0.1736E-07  0.6796      0.7459E-01  0.7542       0.000      0.3604       0.000    
  206300   5.157      0.2500E-04 SHELL          4   0.0%  0.1754E-07  0.6796      0.7459E-01  0.7541       0.000      0.3604       0.000    
  206400   5.160      0.2500E-04 SHELL          4  -0.0%  0.1740E-07  0.6795      0.7458E-01  0.7541       0.000      0.3604       0.000    
  206500   5.162      0.2500E-04 SHELL          4   0.0%  0.1758E-07  0.6795      0.7458E-01  0.7540       0.000      0.3604       0.000    
  206600   5.165      0.2500E-04 SHELL          4  -0.0%  0.1744E-07  0.6794      0.7457E-01  0.7540       0.000      0.3604       0.000    
  206700   5.167      0.2500E-04 SHELL          4   0.0%  0.1762E-07  0.6794      0.7457E-01  0.7539       0.000      0.3604       0.000    
  206800   5.170      0.2500E-04 SHELL          4  -0.0%  0.1748E-07  0.6793      0.7456E-01  0.7539       0.000      0.3604       0.000    
  206900   5.172      0.2500E-04 SHELL          4   0.0%  0.1766E-07  0.6793      0.7456E-01  0.7538       0.000      0.3604       0.000    
  207000   5.175      0.2500E-04 SHELL          4  -0.0%  0.1752E-07  0.6792      0.7455E-01  0.7538       0.000      0.3604       0.000    
  207100   5.177      0.2500E-04 SHELL          4   0.0%  0.1770E-07  0.6792      0.7455E-01  0.7537       0.000      0.3604       0.000    
  207200   5.180      0.2500E-04 SHELL          4  -0.0%  0.1756E-07  0.6791      0.7454E-01  0.7537       0.000      0.3604       0.000    
  207300   5.182      0.2500E-04 SHELL          4   0.0%  0.1774E-07  0.6791      0.7454E-01  0.7536       0.000      0.3604       0.000    
  207400   5.185      0.2500E-04 SHELL          4  -0.0%  0.1760E-07  0.6790      0.7453E-01  0.7536       0.000      0.3604       0.000    
  207500   5.187      0.2500E-04 SHELL          4   0.0%  0.1778E-07  0.6790      0.7453E-01  0.7535       0.000      0.3604       0.000    
  207600   5.190      0.2500E-04 SHELL          4  -0.0%  0.1764E-07  0.6789      0.7452E-01  0.7535       0.000      0.3604       0.000    
  207700   5.192      0.2500E-04 SHELL          4   0.0%  0.1782E-07  0.6789      0.7452E-01  0.7534       0.000      0.3604       0.000    
  207800   5.195      0.2500E-04 SHELL          4  -0.0%  0.1768E-07  0.6788      0.7451E-01  0.7533       0.000      0.3604       0.000    
  207900   5.197      0.2500E-04 SHELL          4   0.0%  0.1786E-07  0.6788      0.7450E-01  0.7533       0.000      0.3604       0.000    
  208000   5.200      0.2500E-04 SHELL          4  -0.0%  0.1772E-07  0.6787      0.7450E-01  0.7532       0.000      0.3604       0.000    
  208100   5.202      0.2500E-04 SHELL          4   0.0%  0.1790E-07  0.6787      0.7449E-01  0.7532       0.000      0.3604       0.000    
  208200   5.205      0.2500E-04 SHELL          4  -0.0%  0.1776E-07  0.6786      0.7449E-01  0.7531       0.000      0.3604       0.000    
  208300   5.207      0.2500E-04 SHELL          4   0.0%  0.1794E-07  0.6786      0.7448E-01  0.7530       0.000      0.3604       0.000    
  208400   5.210      0.2500E-04 SHELL          4  -0.0%  0.1780E-07  0.6785      0.7447E-01  0.7530       0.000      0.3604       0.000    
  208500   5.212      0.2500E-04 SHELL          4   0.0%  0.1798E-07  0.6784      0.7447E-01  0.7529       0.000      0.3604       0.000    
  208600   5.215      0.2500E-04 SHELL          4  -0.0%  0.1784E-07  0.6784      0.7446E-01  0.7528       0.000      0.3604       0.000    
  208700   5.217      0.2500E-04 SHELL          4   0.0%  0.1802E-07  0.6783      0.7445E-01  0.7528       0.000      0.3604       0.000    
  208800   5.220      0.2500E-04 SHELL          4  -0.0%  0.1787E-07  0.6783      0.7445E-01  0.7527       0.000      0.3604       0.000    
  208900   5.222      0.2500E-04 SHELL          4   0.0%  0.1806E-07  0.6782      0.7444E-01  0.7527       0.000      0.3604       0.000    
  209000   5.225      0.2500E-04 SHELL          4  -0.0%  0.1791E-07  0.6781      0.7444E-01  0.7526       0.000      0.3604       0.000    
  209100   5.227      0.2500E-04 SHELL          4   0.0%  0.1809E-07  0.6781      0.7443E-01  0.7525       0.000      0.3604       0.000    
  209200   5.230      0.2500E-04 SHELL          4  -0.0%  0.1795E-07  0.6780      0.7442E-01  0.7524       0.000      0.3604       0.000    
  209300   5.232      0.2500E-04 SHELL          4   0.0%  0.1813E-07  0.6780      0.7441E-01  0.7524       0.000      0.3604       0.000    
  209400   5.235      0.2500E-04 SHELL          4  -0.0%  0.1799E-07  0.6779      0.7441E-01  0.7523       0.000      0.3604       0.000    
  209500   5.237      0.2500E-04 SHELL          4   0.0%  0.1817E-07  0.6778      0.7440E-01  0.7522       0.000      0.3604       0.000    
  209600   5.240      0.2500E-04 SHELL          4  -0.0%  0.1803E-07  0.6778      0.7439E-01  0.7522       0.000      0.3604       0.000    
  209700   5.242      0.2500E-04 SHELL          4   0.0%  0.1821E-07  0.6777      0.7439E-01  0.7521       0.000      0.3604       0.000    
  209800   5.245      0.2500E-04 SHELL          4  -0.0%  0.1807E-07  0.6776      0.7438E-01  0.7520       0.000      0.3604       0.000    
  209900   5.247      0.2500E-04 SHELL          4   0.0%  0.1825E-07  0.6776      0.7437E-01  0.7519       0.000      0.3604       0.000    
   CYCLE    TIME      TIME-STEP  ELEMENT          ERROR  I-ENERGY    K-ENERGY T  K-ENERGY R  EXT-WORK     MAS.ERR     TOTAL MASS  MASS ADDED
  210000   5.250      0.2500E-04 SHELL          4  -0.0%  0.1811E-07  0.6775      0.7436E-01  0.7519       0.000      0.3604       0.000    
     ANIMATION FILE: A23_w1_REFERENCE_ROTATION_YA022 WRITTEN
  210100   5.252      0.2500E-04 SHELL          4   0.0%  0.1829E-07  0.6774      0.7436E-01  0.7518       0.000      0.3604       0.000    
  210200   5.255      0.2500E-04 SHELL          4  -0.0%  0.1815E-07  0.6774      0.7435E-01  0.7517       0.000      0.3604       0.000    
  210300   5.257      0.2500E-04 SHELL          4   0.0%  0.1833E-07  0.6773      0.7434E-01  0.7516       0.000      0.3604       0.000    
  210400   5.260      0.2500E-04 SHELL          4  -0.0%  0.1819E-07  0.6772      0.7433E-01  0.7516       0.000      0.3604       0.000    
  210500   5.262      0.2500E-04 SHELL          4   0.0%  0.1837E-07  0.6772      0.7433E-01  0.7515       0.000      0.3604       0.000    
  210600   5.265      0.2500E-04 SHELL          4  -0.0%  0.1823E-07  0.6771      0.7432E-01  0.7514       0.000      0.3604       0.000    
  210700   5.267      0.2500E-04 SHELL          4   0.0%  0.1841E-07  0.6770      0.7431E-01  0.7513       0.000      0.3604       0.000    
  210800   5.270      0.2500E-04 SHELL          4  -0.0%  0.1827E-07  0.6769      0.7430E-01  0.7512       0.000      0.3604       0.000    
  210900   5.272      0.2500E-04 SHELL          4   0.0%  0.1845E-07  0.6769      0.7429E-01  0.7512       0.000      0.3604       0.000    
  211000   5.275      0.2500E-04 SHELL          4  -0.0%  0.1831E-07  0.6768      0.7429E-01  0.7511       0.000      0.3604       0.000    
  211100   5.277      0.2500E-04 SHELL          4   0.0%  0.1849E-07  0.6767      0.7428E-01  0.7510       0.000      0.3604       0.000    
  211200   5.280      0.2500E-04 SHELL          4  -0.0%  0.1835E-07  0.6766      0.7427E-01  0.7509       0.000      0.3604       0.000    
  211300   5.282      0.2500E-04 SHELL          4   0.0%  0.1853E-07  0.6766      0.7426E-01  0.7508       0.000      0.3604       0.000    
  211400   5.285      0.2500E-04 SHELL          4  -0.0%  0.1839E-07  0.6765      0.7425E-01  0.7507       0.000      0.3604       0.000    
  211500   5.287      0.2500E-04 SHELL          4   0.0%  0.1857E-07  0.6764      0.7424E-01  0.7507       0.000      0.3604       0.000    
  211600   5.290      0.2500E-04 SHELL          4  -0.0%  0.1842E-07  0.6763      0.7424E-01  0.7506       0.000      0.3604       0.000    
  211700   5.292      0.2500E-04 SHELL          4   0.0%  0.1860E-07  0.6763      0.7423E-01  0.7505       0.000      0.3604       0.000    
  211800   5.295      0.2500E-04 SHELL          4  -0.0%  0.1846E-07  0.6762      0.7422E-01  0.7504       0.000      0.3604       0.000    
  211900   5.297      0.2500E-04 SHELL          4   0.0%  0.1864E-07  0.6761      0.7421E-01  0.7503       0.000      0.3604       0.000    
  212000   5.300      0.2500E-04 SHELL          4  -0.0%  0.1850E-07  0.6760      0.7420E-01  0.7502       0.000      0.3604       0.000    
  212100   5.302      0.2500E-04 SHELL          4   0.0%  0.1868E-07  0.6759      0.7419E-01  0.7501       0.000      0.3604       0.000    
  212200   5.305      0.2500E-04 SHELL          4  -0.0%  0.1854E-07  0.6758      0.7418E-01  0.7500       0.000      0.3604       0.000    
  212300   5.307      0.2500E-04 SHELL          4   0.0%  0.1872E-07  0.6758      0.7417E-01  0.7499       0.000      0.3604       0.000    
  212400   5.310      0.2500E-04 SHELL          4  -0.0%  0.1858E-07  0.6757      0.7416E-01  0.7498       0.000      0.3604       0.000    
  212500   5.312      0.2500E-04 SHELL          4   0.0%  0.1876E-07  0.6756      0.7415E-01  0.7497       0.000      0.3604       0.000    
  212600   5.315      0.2500E-04 SHELL          4  -0.0%  0.1862E-07  0.6755      0.7415E-01  0.7497       0.000      0.3604       0.000    
  212700   5.317      0.2500E-04 SHELL          4   0.0%  0.1880E-07  0.6754      0.7414E-01  0.7496       0.000      0.3604       0.000    
  212800   5.320      0.2500E-04 SHELL          4  -0.0%  0.1866E-07  0.6753      0.7413E-01  0.7495       0.000      0.3604       0.000    
  212900   5.322      0.2500E-04 SHELL          4   0.0%  0.1884E-07  0.6752      0.7412E-01  0.7494       0.000      0.3604       0.000    
  213000   5.325      0.2500E-04 SHELL          4  -0.0%  0.1870E-07  0.6752      0.7411E-01  0.7493       0.000      0.3604       0.000    
  213100   5.327      0.2500E-04 SHELL          4   0.0%  0.1888E-07  0.6751      0.7410E-01  0.7492       0.000      0.3604       0.000    
  213200   5.330      0.2500E-04 SHELL          4  -0.0%  0.1874E-07  0.6750      0.7409E-01  0.7491       0.000      0.3604       0.000    
  213300   5.332      0.2500E-04 SHELL          4   0.0%  0.1892E-07  0.6749      0.7408E-01  0.7490       0.000      0.3604       0.000    
  213400   5.335      0.2500E-04 SHELL          4  -0.0%  0.1878E-07  0.6748      0.7407E-01  0.7489       0.000      0.3604       0.000    
  213500   5.337      0.2500E-04 SHELL          4   0.0%  0.1896E-07  0.6747      0.7406E-01  0.7488       0.000      0.3604       0.000    
  213600   5.340      0.2500E-04 SHELL          4  -0.0%  0.1882E-07  0.6746      0.7405E-01  0.7487       0.000      0.3604       0.000    
  213700   5.342      0.2500E-04 SHELL          4   0.0%  0.1899E-07  0.6745      0.7404E-01  0.7486       0.000      0.3604       0.000    
  213800   5.345      0.2500E-04 SHELL          4  -0.0%  0.1885E-07  0.6744      0.7403E-01  0.7485       0.000      0.3604       0.000    
  213900   5.347      0.2500E-04 SHELL          4   0.0%  0.1903E-07  0.6743      0.7402E-01  0.7484       0.000      0.3604       0.000    
  214000   5.350      0.2500E-04 SHELL          4  -0.0%  0.1889E-07  0.6742      0.7401E-01  0.7483       0.000      0.3604       0.000    
  214100   5.352      0.2500E-04 SHELL          4   0.0%  0.1907E-07  0.6742      0.7400E-01  0.7481       0.000      0.3604       0.000    
  214200   5.355      0.2500E-04 SHELL          4  -0.0%  0.1893E-07  0.6741      0.7399E-01  0.7480       0.000      0.3604       0.000    
  214300   5.357      0.2500E-04 SHELL          4   0.0%  0.1911E-07  0.6740      0.7398E-01  0.7479       0.000      0.3604       0.000    
  214400   5.360      0.2500E-04 SHELL          4  -0.0%  0.1897E-07  0.6739      0.7396E-01  0.7478       0.000      0.3604       0.000    
  214500   5.362      0.2500E-04 SHELL          4   0.0%  0.1915E-07  0.6738      0.7395E-01  0.7477       0.000      0.3604       0.000    
  214600   5.365      0.2500E-04 SHELL          4  -0.0%  0.1901E-07  0.6737      0.7394E-01  0.7476       0.000      0.3604       0.000    
  214700   5.367      0.2500E-04 SHELL          4   0.0%  0.1919E-07  0.6736      0.7393E-01  0.7475       0.000      0.3604       0.000    
  214800   5.370      0.2500E-04 SHELL          4  -0.0%  0.1905E-07  0.6735      0.7392E-01  0.7474       0.000      0.3604       0.000    
  214900   5.372      0.2500E-04 SHELL          4   0.0%  0.1923E-07  0.6734      0.7391E-01  0.7473       0.000      0.3604       0.000    
  215000   5.375      0.2500E-04 SHELL          4  -0.0%  0.1909E-07  0.6733      0.7390E-01  0.7472       0.000      0.3604       0.000    
  215100   5.377      0.2500E-04 SHELL          4   0.0%  0.1927E-07  0.6732      0.7389E-01  0.7470       0.000      0.3604       0.000    
  215200   5.380      0.2500E-04 SHELL          4  -0.0%  0.1913E-07  0.6731      0.7388E-01  0.7469       0.000      0.3604       0.000    
  215300   5.382      0.2500E-04 SHELL          4   0.0%  0.1930E-07  0.6730      0.7387E-01  0.7468       0.000      0.3604       0.000    
  215400   5.385      0.2500E-04 SHELL          4  -0.0%  0.1917E-07  0.6729      0.7385E-01  0.7467       0.000      0.3604       0.000    
  215500   5.387      0.2500E-04 SHELL          4   0.0%  0.1934E-07  0.6727      0.7384E-01  0.7466       0.000      0.3604       0.000    
  215600   5.390      0.2500E-04 SHELL          4  -0.0%  0.1920E-07  0.6726      0.7383E-01  0.7465       0.000      0.3604       0.000    
  215700   5.392      0.2500E-04 SHELL          4   0.0%  0.1938E-07  0.6725      0.7382E-01  0.7464       0.000      0.3604       0.000    
  215800   5.395      0.2500E-04 SHELL          4  -0.0%  0.1924E-07  0.6724      0.7381E-01  0.7462       0.000      0.3604       0.000    
  215900   5.397      0.2500E-04 SHELL          4   0.0%  0.1942E-07  0.6723      0.7380E-01  0.7461       0.000      0.3604       0.000    
  216000   5.400      0.2500E-04 SHELL          4  -0.0%  0.1928E-07  0.6722      0.7378E-01  0.7460       0.000      0.3604       0.000    
  216100   5.402      0.2500E-04 SHELL          4   0.0%  0.1946E-07  0.6721      0.7377E-01  0.7459       0.000      0.3604       0.000    
  216200   5.405      0.2500E-04 SHELL          4  -0.0%  0.1932E-07  0.6720      0.7376E-01  0.7458       0.000      0.3604       0.000    
  216300   5.407      0.2500E-04 SHELL          4   0.0%  0.1950E-07  0.6719      0.7375E-01  0.7456       0.000      0.3604       0.000    
  216400   5.410      0.2500E-04 SHELL          4  -0.0%  0.1936E-07  0.6718      0.7374E-01  0.7455       0.000      0.3604       0.000    
  216500   5.412      0.2500E-04 SHELL          4   0.0%  0.1954E-07  0.6717      0.7372E-01  0.7454       0.000      0.3604       0.000    
  216600   5.415      0.2500E-04 SHELL          4  -0.0%  0.1940E-07  0.6716      0.7371E-01  0.7453       0.000      0.3604       0.000    
  216700   5.417      0.2500E-04 SHELL          4   0.0%  0.1957E-07  0.6714      0.7370E-01  0.7451       0.000      0.3604       0.000    
  216800   5.420      0.2500E-04 SHELL          4  -0.0%  0.1944E-07  0.6713      0.7369E-01  0.7450       0.000      0.3604       0.000    
  216900   5.422      0.2500E-04 SHELL          4   0.0%  0.1961E-07  0.6712      0.7367E-01  0.7449       0.000      0.3604       0.000    
  217000   5.425      0.2500E-04 SHELL          4  -0.0%  0.1947E-07  0.6711      0.7366E-01  0.7448       0.000      0.3604       0.000    
  217100   5.427      0.2500E-04 SHELL          4   0.0%  0.1965E-07  0.6710      0.7365E-01  0.7446       0.000      0.3604       0.000    
  217200   5.430      0.2500E-04 SHELL          4  -0.0%  0.1951E-07  0.6709      0.7364E-01  0.7445       0.000      0.3604       0.000    
  217300   5.432      0.2500E-04 SHELL          4   0.0%  0.1969E-07  0.6708      0.7362E-01  0.7444       0.000      0.3604       0.000    
  217400   5.435      0.2500E-04 SHELL          4  -0.0%  0.1955E-07  0.6706      0.7361E-01  0.7442       0.000      0.3604       0.000    
  217500   5.437      0.2500E-04 SHELL          4   0.0%  0.1973E-07  0.6705      0.7360E-01  0.7441       0.000      0.3604       0.000    
  217600   5.440      0.2500E-04 SHELL          4  -0.0%  0.1959E-07  0.6704      0.7358E-01  0.7440       0.000      0.3604       0.000    
  217700   5.442      0.2500E-04 SHELL          4   0.0%  0.1977E-07  0.6703      0.7357E-01  0.7438       0.000      0.3604       0.000    
  217800   5.445      0.2500E-04 SHELL          4  -0.0%  0.1963E-07  0.6702      0.7356E-01  0.7437       0.000      0.3604       0.000    
  217900   5.447      0.2500E-04 SHELL          4   0.0%  0.1980E-07  0.6700      0.7354E-01  0.7436       0.000      0.3604       0.000    
  218000   5.450      0.2500E-04 SHELL          4  -0.0%  0.1967E-07  0.6699      0.7353E-01  0.7434       0.000      0.3604       0.000    
  218100   5.452      0.2500E-04 SHELL          4   0.0%  0.1984E-07  0.6698      0.7352E-01  0.7433       0.000      0.3604       0.000    
  218200   5.455      0.2500E-04 SHELL          4  -0.0%  0.1971E-07  0.6697      0.7350E-01  0.7432       0.000      0.3604       0.000    
  218300   5.457      0.2500E-04 SHELL          4   0.0%  0.1988E-07  0.6695      0.7349E-01  0.7430       0.000      0.3604       0.000    
  218400   5.460      0.2500E-04 SHELL          4  -0.0%  0.1974E-07  0.6694      0.7348E-01  0.7429       0.000      0.3604       0.000    
  218500   5.462      0.2500E-04 SHELL          4   0.0%  0.1992E-07  0.6693      0.7346E-01  0.7428       0.000      0.3604       0.000    
  218600   5.465      0.2500E-04 SHELL          4  -0.0%  0.1978E-07  0.6692      0.7345E-01  0.7426       0.000      0.3604       0.000    
  218700   5.467      0.2500E-04 SHELL          4   0.0%  0.1996E-07  0.6690      0.7344E-01  0.7425       0.000      0.3604       0.000    
  218800   5.470      0.2500E-04 SHELL          4  -0.0%  0.1982E-07  0.6689      0.7342E-01  0.7423       0.000      0.3604       0.000    
  218900   5.472      0.2500E-04 SHELL          4   0.0%  0.2000E-07  0.6688      0.7341E-01  0.7422       0.000      0.3604       0.000    
  219000   5.475      0.2500E-04 SHELL          4  -0.0%  0.1986E-07  0.6687      0.7339E-01  0.7421       0.000      0.3604       0.000    
  219100   5.477      0.2500E-04 SHELL          4   0.0%  0.2003E-07  0.6685      0.7338E-01  0.7419       0.000      0.3604       0.000    
  219200   5.480      0.2500E-04 SHELL          4  -0.0%  0.1990E-07  0.6684      0.7337E-01  0.7418       0.000      0.3604       0.000    
  219300   5.482      0.2500E-04 SHELL          4   0.0%  0.2007E-07  0.6683      0.7335E-01  0.7416       0.000      0.3604       0.000    
  219400   5.485      0.2500E-04 SHELL          4  -0.0%  0.1994E-07  0.6681      0.7334E-01  0.7415       0.000      0.3604       0.000    
  219500   5.487      0.2500E-04 SHELL          4   0.0%  0.2011E-07  0.6680      0.7332E-01  0.7413       0.000      0.3604       0.000    
  219600   5.490      0.2500E-04 SHELL          4  -0.0%  0.1997E-07  0.6679      0.7331E-01  0.7412       0.000      0.3604       0.000    
  219700   5.492      0.2500E-04 SHELL          4   0.0%  0.2015E-07  0.6678      0.7329E-01  0.7410       0.000      0.3604       0.000    
  219800   5.495      0.2500E-04 SHELL          4  -0.0%  0.2001E-07  0.6676      0.7328E-01  0.7409       0.000      0.3604       0.000    
  219900   5.497      0.2500E-04 SHELL          4   0.0%  0.2019E-07  0.6675      0.7326E-01  0.7408       0.000      0.3604       0.000    
   CYCLE    TIME      TIME-STEP  ELEMENT          ERROR  I-ENERGY    K-ENERGY T  K-ENERGY R  EXT-WORK     MAS.ERR     TOTAL MASS  MASS ADDED
  220000   5.500      0.2500E-04 SHELL          4  -0.0%  0.2005E-07  0.6674      0.7325E-01  0.7406       0.000      0.3604       0.000    
     ANIMATION FILE: A23_w1_REFERENCE_ROTATION_YA023 WRITTEN
  220100   5.502      0.2500E-04 SHELL          4   0.0%  0.2022E-07  0.6672      0.7324E-01  0.7405       0.000      0.3604       0.000    
  220200   5.505      0.2500E-04 SHELL          4  -0.0%  0.2009E-07  0.6671      0.7322E-01  0.7403       0.000      0.3604       0.000    
  220300   5.507      0.2500E-04 SHELL          4   0.0%  0.2026E-07  0.6669      0.7321E-01  0.7402       0.000      0.3604       0.000    
  220400   5.510      0.2500E-04 SHELL          4  -0.0%  0.2013E-07  0.6668      0.7319E-01  0.7400       0.000      0.3604       0.000    
  220500   5.512      0.2500E-04 SHELL          4   0.0%  0.2030E-07  0.6667      0.7318E-01  0.7398       0.000      0.3604       0.000    
  220600   5.515      0.2500E-04 SHELL          4  -0.0%  0.2016E-07  0.6665      0.7316E-01  0.7397       0.000      0.3604       0.000    
  220700   5.517      0.2500E-04 SHELL          4   0.0%  0.2034E-07  0.6664      0.7314E-01  0.7395       0.000      0.3604       0.000    
  220800   5.520      0.2500E-04 SHELL          4  -0.0%  0.2020E-07  0.6663      0.7313E-01  0.7394       0.000      0.3604       0.000    
  220900   5.522      0.2500E-04 SHELL          4   0.0%  0.2038E-07  0.6661      0.7311E-01  0.7392       0.000      0.3604       0.000    
  221000   5.525      0.2500E-04 SHELL          4  -0.0%  0.2024E-07  0.6660      0.7310E-01  0.7391       0.000      0.3604       0.000    
  221100   5.527      0.2500E-04 SHELL          4   0.0%  0.2041E-07  0.6658      0.7308E-01  0.7389       0.000      0.3604       0.000    
  221200   5.530      0.2500E-04 SHELL          4  -0.0%  0.2028E-07  0.6657      0.7307E-01  0.7388       0.000      0.3604       0.000    
  221300   5.532      0.2500E-04 SHELL          4   0.0%  0.2045E-07  0.6655      0.7305E-01  0.7386       0.000      0.3604       0.000    
  221400   5.535      0.2500E-04 SHELL          4  -0.0%  0.2032E-07  0.6654      0.7304E-01  0.7384       0.000      0.3604       0.000    
  221500   5.537      0.2500E-04 SHELL          4   0.0%  0.2049E-07  0.6653      0.7302E-01  0.7383       0.000      0.3604       0.000    
  221600   5.540      0.2500E-04 SHELL          4  -0.0%  0.2035E-07  0.6651      0.7300E-01  0.7381       0.000      0.3604       0.000    
  221700   5.542      0.2500E-04 SHELL          4   0.0%  0.2053E-07  0.6650      0.7299E-01  0.7380       0.000      0.3604       0.000    
  221800   5.545      0.2500E-04 SHELL          4  -0.0%  0.2039E-07  0.6648      0.7297E-01  0.7378       0.000      0.3604       0.000    
  221900   5.547      0.2500E-04 SHELL          4   0.0%  0.2057E-07  0.6647      0.7296E-01  0.7376       0.000      0.3604       0.000    
  222000   5.550      0.2500E-04 SHELL          4  -0.0%  0.2043E-07  0.6645      0.7294E-01  0.7375       0.000      0.3604       0.000    
  222100   5.552      0.2500E-04 SHELL          4   0.0%  0.2060E-07  0.6644      0.7292E-01  0.7373       0.000      0.3604       0.000    
  222200   5.555      0.2500E-04 SHELL          4  -0.0%  0.2047E-07  0.6642      0.7291E-01  0.7371       0.000      0.3604       0.000    
  222300   5.557      0.2500E-04 SHELL          4   0.0%  0.2064E-07  0.6641      0.7289E-01  0.7370       0.000      0.3604       0.000    
  222400   5.560      0.2500E-04 SHELL          4  -0.0%  0.2051E-07  0.6639      0.7287E-01  0.7368       0.000      0.3604       0.000    
  222500   5.562      0.2500E-04 SHELL          4   0.0%  0.2068E-07  0.6638      0.7286E-01  0.7366       0.000      0.3604       0.000    
  222600   5.565      0.2500E-04 SHELL          4  -0.0%  0.2054E-07  0.6636      0.7284E-01  0.7365       0.000      0.3604       0.000    
  222700   5.567      0.2500E-04 SHELL          4   0.0%  0.2072E-07  0.6635      0.7282E-01  0.7363       0.000      0.3604       0.000    
  222800   5.570      0.2500E-04 SHELL          4  -0.0%  0.2058E-07  0.6633      0.7281E-01  0.7361       0.000      0.3604       0.000    
  222900   5.572      0.2500E-04 SHELL          4   0.0%  0.2075E-07  0.6632      0.7279E-01  0.7360       0.000      0.3604       0.000    
  223000   5.575      0.2500E-04 SHELL          4  -0.0%  0.2062E-07  0.6630      0.7277E-01  0.7358       0.000      0.3604       0.000    
  223100   5.577      0.2500E-04 SHELL          4   0.0%  0.2079E-07  0.6629      0.7276E-01  0.7356       0.000      0.3604       0.000    
  223200   5.580      0.2500E-04 SHELL          4  -0.0%  0.2066E-07  0.6627      0.7274E-01  0.7354       0.000      0.3604       0.000    
  223300   5.582      0.2500E-04 SHELL          4   0.0%  0.2083E-07  0.6625      0.7272E-01  0.7353       0.000      0.3604       0.000    
  223400   5.585      0.2500E-04 SHELL          4  -0.0%  0.2069E-07  0.6624      0.7271E-01  0.7351       0.000      0.3604       0.000    
  223500   5.587      0.2500E-04 SHELL          4   0.0%  0.2087E-07  0.6622      0.7269E-01  0.7349       0.000      0.3604       0.000    
  223600   5.590      0.2500E-04 SHELL          4  -0.0%  0.2073E-07  0.6621      0.7267E-01  0.7347       0.000      0.3604       0.000    
  223700   5.592      0.2500E-04 SHELL          4   0.0%  0.2090E-07  0.6619      0.7265E-01  0.7346       0.000      0.3604       0.000    
  223800   5.595      0.2500E-04 SHELL          4  -0.0%  0.2077E-07  0.6618      0.7264E-01  0.7344       0.000      0.3604       0.000    
  223900   5.597      0.2500E-04 SHELL          4   0.0%  0.2094E-07  0.6616      0.7262E-01  0.7342       0.000      0.3604       0.000    
  224000   5.600      0.2500E-04 SHELL          4  -0.0%  0.2081E-07  0.6614      0.7260E-01  0.7340       0.000      0.3604       0.000    
  224100   5.602      0.2500E-04 SHELL          4   0.0%  0.2098E-07  0.6613      0.7258E-01  0.7339       0.000      0.3604       0.000    
  224200   5.605      0.2500E-04 SHELL          4  -0.0%  0.2084E-07  0.6611      0.7257E-01  0.7337       0.000      0.3604       0.000    
  224300   5.607      0.2500E-04 SHELL          4   0.0%  0.2102E-07  0.6609      0.7255E-01  0.7335       0.000      0.3604       0.000    
  224400   5.610      0.2500E-04 SHELL          4  -0.0%  0.2088E-07  0.6608      0.7253E-01  0.7333       0.000      0.3604       0.000    
  224500   5.612      0.2500E-04 SHELL          4   0.0%  0.2105E-07  0.6606      0.7251E-01  0.7331       0.000      0.3604       0.000    
  224600   5.615      0.2500E-04 SHELL          4  -0.0%  0.2092E-07  0.6605      0.7249E-01  0.7329       0.000      0.3604       0.000    
  224700   5.617      0.2500E-04 SHELL          4   0.0%  0.2109E-07  0.6603      0.7248E-01  0.7328       0.000      0.3604       0.000    
  224800   5.620      0.2500E-04 SHELL          4  -0.0%  0.2096E-07  0.6601      0.7246E-01  0.7326       0.000      0.3604       0.000    
  224900   5.622      0.2500E-04 SHELL          4   0.0%  0.2113E-07  0.6600      0.7244E-01  0.7324       0.000      0.3604       0.000    
  225000   5.625      0.2500E-04 SHELL          4  -0.0%  0.2099E-07  0.6598      0.7242E-01  0.7322       0.000      0.3604       0.000    
  225100   5.627      0.2500E-04 SHELL          4   0.0%  0.2116E-07  0.6596      0.7240E-01  0.7320       0.000      0.3604       0.000    
  225200   5.630      0.2500E-04 SHELL          4  -0.0%  0.2103E-07  0.6595      0.7238E-01  0.7318       0.000      0.3604       0.000    
  225300   5.632      0.2500E-04 SHELL          4   0.0%  0.2120E-07  0.6593      0.7236E-01  0.7316       0.000      0.3604       0.000    
  225400   5.635      0.2500E-04 SHELL          4  -0.0%  0.2107E-07  0.6591      0.7235E-01  0.7315       0.000      0.3604       0.000    
  225500   5.637      0.2500E-04 SHELL          4   0.0%  0.2124E-07  0.6589      0.7233E-01  0.7313       0.000      0.3604       0.000    
  225600   5.640      0.2500E-04 SHELL          4  -0.0%  0.2110E-07  0.6588      0.7231E-01  0.7311       0.000      0.3604       0.000    
  225700   5.642      0.2500E-04 SHELL          4   0.0%  0.2128E-07  0.6586      0.7229E-01  0.7309       0.000      0.3604       0.000    
  225800   5.645      0.2500E-04 SHELL          4  -0.0%  0.2114E-07  0.6584      0.7227E-01  0.7307       0.000      0.3604       0.000    
  225900   5.647      0.2500E-04 SHELL          4   0.0%  0.2131E-07  0.6583      0.7225E-01  0.7305       0.000      0.3604       0.000    
  226000   5.650      0.2500E-04 SHELL          4  -0.0%  0.2118E-07  0.6581      0.7223E-01  0.7303       0.000      0.3604       0.000    
  226100   5.652      0.2500E-04 SHELL          4   0.0%  0.2135E-07  0.6579      0.7221E-01  0.7301       0.000      0.3604       0.000    
  226200   5.655      0.2500E-04 SHELL          4  -0.0%  0.2122E-07  0.6577      0.7219E-01  0.7299       0.000      0.3604       0.000    
  226300   5.657      0.2500E-04 SHELL          4   0.0%  0.2139E-07  0.6576      0.7218E-01  0.7297       0.000      0.3604       0.000    
  226400   5.660      0.2500E-04 SHELL          4  -0.0%  0.2125E-07  0.6574      0.7216E-01  0.7295       0.000      0.3604       0.000    
  226500   5.662      0.2500E-04 SHELL          4   0.0%  0.2142E-07  0.6572      0.7214E-01  0.7293       0.000      0.3604       0.000    
  226600   5.665      0.2500E-04 SHELL          4  -0.0%  0.2129E-07  0.6570      0.7212E-01  0.7291       0.000      0.3604       0.000    
  226700   5.667      0.2500E-04 SHELL          4   0.0%  0.2146E-07  0.6568      0.7210E-01  0.7289       0.000      0.3604       0.000    
  226800   5.670      0.2500E-04 SHELL          4  -0.0%  0.2133E-07  0.6567      0.7208E-01  0.7287       0.000      0.3604       0.000    
  226900   5.672      0.2500E-04 SHELL          4   0.0%  0.2150E-07  0.6565      0.7206E-01  0.7285       0.000      0.3604       0.000    
  227000   5.675      0.2500E-04 SHELL          4  -0.0%  0.2136E-07  0.6563      0.7204E-01  0.7283       0.000      0.3604       0.000    
  227100   5.677      0.2500E-04 SHELL          4   0.0%  0.2153E-07  0.6561      0.7202E-01  0.7281       0.000      0.3604       0.000    
  227200   5.680      0.2500E-04 SHELL          4  -0.0%  0.2140E-07  0.6559      0.7200E-01  0.7279       0.000      0.3604       0.000    
  227300   5.682      0.2500E-04 SHELL          4   0.0%  0.2157E-07  0.6558      0.7198E-01  0.7277       0.000      0.3604       0.000    
  227400   5.685      0.2500E-04 SHELL          4  -0.0%  0.2144E-07  0.6556      0.7196E-01  0.7275       0.000      0.3604       0.000    
  227500   5.687      0.2500E-04 SHELL          4   0.0%  0.2161E-07  0.6554      0.7194E-01  0.7273       0.000      0.3604       0.000    
  227600   5.690      0.2500E-04 SHELL          4  -0.0%  0.2147E-07  0.6552      0.7192E-01  0.7271       0.000      0.3604       0.000    
  227700   5.692      0.2500E-04 SHELL          4   0.0%  0.2164E-07  0.6550      0.7190E-01  0.7269       0.000      0.3604       0.000    
  227800   5.695      0.2500E-04 SHELL          4  -0.0%  0.2151E-07  0.6548      0.7188E-01  0.7267       0.000      0.3604       0.000    
  227900   5.697      0.2500E-04 SHELL          4   0.0%  0.2168E-07  0.6547      0.7186E-01  0.7265       0.000      0.3604       0.000    
  228000   5.700      0.2500E-04 SHELL          4  -0.0%  0.2155E-07  0.6545      0.7184E-01  0.7263       0.000      0.3604       0.000    
  228100   5.702      0.2500E-04 SHELL          4   0.0%  0.2172E-07  0.6543      0.7182E-01  0.7261       0.000      0.3604       0.000    
  228200   5.705      0.2500E-04 SHELL          4  -0.0%  0.2158E-07  0.6541      0.7180E-01  0.7259       0.000      0.3604       0.000    
  228300   5.707      0.2500E-04 SHELL          4   0.0%  0.2175E-07  0.6539      0.7177E-01  0.7257       0.000      0.3604       0.000    
  228400   5.710      0.2500E-04 SHELL          4  -0.0%  0.2162E-07  0.6537      0.7175E-01  0.7255       0.000      0.3604       0.000    
  228500   5.712      0.2500E-04 SHELL          4   0.0%  0.2179E-07  0.6535      0.7173E-01  0.7253       0.000      0.3604       0.000    
  228600   5.715      0.2500E-04 SHELL          4  -0.0%  0.2166E-07  0.6533      0.7171E-01  0.7251       0.000      0.3604       0.000    
  228700   5.717      0.2500E-04 SHELL          4   0.0%  0.2183E-07  0.6531      0.7169E-01  0.7248       0.000      0.3604       0.000    
  228800   5.720      0.2500E-04 SHELL          4  -0.0%  0.2169E-07  0.6530      0.7167E-01  0.7246       0.000      0.3604       0.000    
  228900   5.722      0.2500E-04 SHELL          4   0.0%  0.2186E-07  0.6528      0.7165E-01  0.7244       0.000      0.3604       0.000    
  229000   5.725      0.2500E-04 SHELL          4  -0.0%  0.2173E-07  0.6526      0.7163E-01  0.7242       0.000      0.3604       0.000    
  229100   5.727      0.2500E-04 SHELL          4   0.0%  0.2190E-07  0.6524      0.7161E-01  0.7240       0.000      0.3604       0.000    
  229200   5.730      0.2500E-04 SHELL          4  -0.0%  0.2177E-07  0.6522      0.7159E-01  0.7238       0.000      0.3604       0.000    
  229300   5.732      0.2500E-04 SHELL          4   0.0%  0.2193E-07  0.6520      0.7156E-01  0.7236       0.000      0.3604       0.000    
  229400   5.735      0.2500E-04 SHELL          4  -0.0%  0.2180E-07  0.6518      0.7154E-01  0.7233       0.000      0.3604       0.000    
  229500   5.737      0.2500E-04 SHELL          4   0.0%  0.2197E-07  0.6516      0.7152E-01  0.7231       0.000      0.3604       0.000    
  229600   5.740      0.2500E-04 SHELL          4  -0.0%  0.2184E-07  0.6514      0.7150E-01  0.7229       0.000      0.3604       0.000    
  229700   5.742      0.2500E-04 SHELL          4   0.0%  0.2201E-07  0.6512      0.7148E-01  0.7227       0.000      0.3604       0.000    
  229800   5.745      0.2500E-04 SHELL          4  -0.0%  0.2188E-07  0.6510      0.7146E-01  0.7225       0.000      0.3604       0.000    
  229900   5.747      0.2500E-04 SHELL          4   0.0%  0.2204E-07  0.6508      0.7143E-01  0.7222       0.000      0.3604       0.000    
   CYCLE    TIME      TIME-STEP  ELEMENT          ERROR  I-ENERGY    K-ENERGY T  K-ENERGY R  EXT-WORK     MAS.ERR     TOTAL MASS  MASS ADDED
  230000   5.750      0.2500E-04 SHELL          4  -0.0%  0.2191E-07  0.6506      0.7141E-01  0.7220       0.000      0.3604       0.000    
     ANIMATION FILE: A23_w1_REFERENCE_ROTATION_YA024 WRITTEN
  230100   5.752      0.2500E-04 SHELL          4   0.0%  0.2208E-07  0.6504      0.7139E-01  0.7218       0.000      0.3604       0.000    
  230200   5.755      0.2500E-04 SHELL          4  -0.0%  0.2195E-07  0.6502      0.7137E-01  0.7216       0.000      0.3604       0.000    
  230300   5.757      0.2500E-04 SHELL          4   0.0%  0.2211E-07  0.6500      0.7135E-01  0.7214       0.000      0.3604       0.000    
  230400   5.760      0.2500E-04 SHELL          4  -0.0%  0.2198E-07  0.6498      0.7132E-01  0.7211       0.000      0.3604       0.000    
  230500   5.762      0.2500E-04 SHELL          4   0.0%  0.2215E-07  0.6496      0.7130E-01  0.7209       0.000      0.3604       0.000    
  230600   5.765      0.2500E-04 SHELL          4  -0.0%  0.2202E-07  0.6494      0.7128E-01  0.7207       0.000      0.3604       0.000    
  230700   5.767      0.2500E-04 SHELL          4   0.0%  0.2219E-07  0.6492      0.7126E-01  0.7205       0.000      0.3604       0.000    
  230800   5.770      0.2500E-04 SHELL          4  -0.0%  0.2206E-07  0.6490      0.7123E-01  0.7202       0.000      0.3604       0.000    
  230900   5.772      0.2500E-04 SHELL          4   0.0%  0.2222E-07  0.6488      0.7121E-01  0.7200       0.000      0.3604       0.000    
  231000   5.775      0.2500E-04 SHELL          4  -0.0%  0.2209E-07  0.6486      0.7119E-01  0.7198       0.000      0.3604       0.000    
  231100   5.777      0.2500E-04 SHELL          4   0.0%  0.2226E-07  0.6484      0.7117E-01  0.7195       0.000      0.3604       0.000    
  231200   5.780      0.2500E-04 SHELL          4  -0.0%  0.2213E-07  0.6482      0.7114E-01  0.7193       0.000      0.3604       0.000    
  231300   5.782      0.2500E-04 SHELL          4   0.0%  0.2229E-07  0.6480      0.7112E-01  0.7191       0.000      0.3604       0.000    
  231400   5.785      0.2500E-04 SHELL          4  -0.0%  0.2216E-07  0.6477      0.7110E-01  0.7188       0.000      0.3604       0.000    
  231500   5.787      0.2500E-04 SHELL          4   0.0%  0.2233E-07  0.6475      0.7108E-01  0.7186       0.000      0.3604       0.000    
  231600   5.790      0.2500E-04 SHELL          4  -0.0%  0.2220E-07  0.6473      0.7105E-01  0.7184       0.000      0.3604       0.000    
  231700   5.792      0.2500E-04 SHELL          4   0.0%  0.2237E-07  0.6471      0.7103E-01  0.7182       0.000      0.3604       0.000    
  231800   5.795      0.2500E-04 SHELL          4  -0.0%  0.2224E-07  0.6469      0.7101E-01  0.7179       0.000      0.3604       0.000    
  231900   5.797      0.2500E-04 SHELL          4   0.0%  0.2240E-07  0.6467      0.7098E-01  0.7177       0.000      0.3604       0.000    
  232000   5.800      0.2500E-04 SHELL          4  -0.0%  0.2227E-07  0.6465      0.7096E-01  0.7174       0.000      0.3604       0.000    
  232100   5.802      0.2500E-04 SHELL          4   0.0%  0.2244E-07  0.6463      0.7094E-01  0.7172       0.000      0.3604       0.000    
  232200   5.805      0.2500E-04 SHELL          4  -0.0%  0.2231E-07  0.6461      0.7091E-01  0.7170       0.000      0.3604       0.000    
  232300   5.807      0.2500E-04 SHELL          4   0.0%  0.2247E-07  0.6458      0.7089E-01  0.7167       0.000      0.3604       0.000    
  232400   5.810      0.2500E-04 SHELL          4  -0.0%  0.2234E-07  0.6456      0.7087E-01  0.7165       0.000      0.3604       0.000    
  232500   5.812      0.2500E-04 SHELL          4   0.0%  0.2251E-07  0.6454      0.7084E-01  0.7163       0.000      0.3604       0.000    
  232600   5.815      0.2500E-04 SHELL          4  -0.0%  0.2238E-07  0.6452      0.7082E-01  0.7160       0.000      0.3604       0.000    
  232700   5.817      0.2500E-04 SHELL          4   0.0%  0.2254E-07  0.6450      0.7080E-01  0.7158       0.000      0.3604       0.000    
  232800   5.820      0.2500E-04 SHELL          4  -0.0%  0.2242E-07  0.6448      0.7077E-01  0.7155       0.000      0.3604       0.000    
  232900   5.822      0.2500E-04 SHELL          4   0.0%  0.2258E-07  0.6446      0.7075E-01  0.7153       0.000      0.3604       0.000    
  233000   5.825      0.2500E-04 SHELL          4  -0.0%  0.2245E-07  0.6443      0.7072E-01  0.7151       0.000      0.3604       0.000    
  233100   5.827      0.2500E-04 SHELL          4   0.0%  0.2261E-07  0.6441      0.7070E-01  0.7148       0.000      0.3604       0.000    
  233200   5.830      0.2500E-04 SHELL          4  -0.0%  0.2249E-07  0.6439      0.7068E-01  0.7146       0.000      0.3604       0.000    
  233300   5.832      0.2500E-04 SHELL          4   0.0%  0.2265E-07  0.6437      0.7065E-01  0.7143       0.000      0.3604       0.000    
  233400   5.835      0.2500E-04 SHELL          4  -0.0%  0.2252E-07  0.6435      0.7063E-01  0.7141       0.000      0.3604       0.000    
  233500   5.837      0.2500E-04 SHELL          4   0.0%  0.2268E-07  0.6432      0.7060E-01  0.7138       0.000      0.3604       0.000    
  233600   5.840      0.2500E-04 SHELL          4  -0.0%  0.2256E-07  0.6430      0.7058E-01  0.7136       0.000      0.3604       0.000    
  233700   5.842      0.2500E-04 SHELL          4   0.0%  0.2272E-07  0.6428      0.7055E-01  0.7133       0.000      0.3604       0.000    
  233800   5.845      0.2500E-04 SHELL          4  -0.0%  0.2259E-07  0.6426      0.7053E-01  0.7131       0.000      0.3604       0.000    
  233900   5.847      0.2500E-04 SHELL          4   0.0%  0.2275E-07  0.6423      0.7050E-01  0.7128       0.000      0.3604       0.000    
  234000   5.850      0.2500E-04 SHELL          4  -0.0%  0.2263E-07  0.6421      0.7048E-01  0.7126       0.000      0.3604       0.000    
  234100   5.852      0.2500E-04 SHELL          4   0.0%  0.2279E-07  0.6419      0.7046E-01  0.7123       0.000      0.3604       0.000    
  234200   5.855      0.2500E-04 SHELL          4  -0.0%  0.2266E-07  0.6417      0.7043E-01  0.7121       0.000      0.3604       0.000    
  234300   5.857      0.2500E-04 SHELL          4   0.0%  0.2282E-07  0.6414      0.7041E-01  0.7118       0.000      0.3604       0.000    
  234400   5.860      0.2500E-04 SHELL          4  -0.0%  0.2270E-07  0.6412      0.7038E-01  0.7116       0.000      0.3604       0.000    
  234500   5.862      0.2500E-04 SHELL          4   0.0%  0.2286E-07  0.6410      0.7036E-01  0.7113       0.000      0.3604       0.000    
  234600   5.865      0.2500E-04 SHELL          4  -0.0%  0.2273E-07  0.6408      0.7033E-01  0.7111       0.000      0.3604       0.000    
  234700   5.867      0.2500E-04 SHELL          4   0.0%  0.2289E-07  0.6405      0.7031E-01  0.7108       0.000      0.3604       0.000    
  234800   5.870      0.2500E-04 SHELL          4  -0.0%  0.2277E-07  0.6403      0.7028E-01  0.7106       0.000      0.3604       0.000    
  234900   5.872      0.2500E-04 SHELL          4   0.0%  0.2293E-07  0.6401      0.7026E-01  0.7103       0.000      0.3604       0.000    
  235000   5.875      0.2500E-04 SHELL          4  -0.0%  0.2280E-07  0.6398      0.7023E-01  0.7101       0.000      0.3604       0.000    
  235100   5.877      0.2500E-04 SHELL          4   0.0%  0.2296E-07  0.6396      0.7020E-01  0.7098       0.000      0.3604       0.000    
  235200   5.880      0.2500E-04 SHELL          4  -0.0%  0.2284E-07  0.6394      0.7018E-01  0.7096       0.000      0.3604       0.000    
  235300   5.882      0.2500E-04 SHELL          4   0.0%  0.2300E-07  0.6391      0.7015E-01  0.7093       0.000      0.3604       0.000    
  235400   5.885      0.2500E-04 SHELL          4  -0.0%  0.2287E-07  0.6389      0.7013E-01  0.7090       0.000      0.3604       0.000    
  235500   5.887      0.2500E-04 SHELL          4   0.0%  0.2303E-07  0.6387      0.7010E-01  0.7088       0.000      0.3604       0.000    
  235600   5.890      0.2500E-04 SHELL          4  -0.0%  0.2291E-07  0.6384      0.7008E-01  0.7085       0.000      0.3604       0.000    
  235700   5.892      0.2500E-04 SHELL          4   0.0%  0.2307E-07  0.6382      0.7005E-01  0.7083       0.000      0.3604       0.000    
  235800   5.895      0.2500E-04 SHELL          4  -0.0%  0.2294E-07  0.6380      0.7002E-01  0.7080       0.000      0.3604       0.000    
  235900   5.897      0.2500E-04 SHELL          4   0.0%  0.2310E-07  0.6377      0.7000E-01  0.7077       0.000      0.3604       0.000    
  236000   5.900      0.2500E-04 SHELL          4  -0.0%  0.2298E-07  0.6375      0.6997E-01  0.7075       0.000      0.3604       0.000    
  236100   5.902      0.2500E-04 SHELL          4   0.0%  0.2314E-07  0.6373      0.6995E-01  0.7072       0.000      0.3604       0.000    
  236200   5.905      0.2500E-04 SHELL          4  -0.0%  0.2301E-07  0.6370      0.6992E-01  0.7069       0.000      0.3604       0.000    
  236300   5.907      0.2500E-04 SHELL          4   0.0%  0.2317E-07  0.6368      0.6989E-01  0.7067       0.000      0.3604       0.000    
  236400   5.910      0.2500E-04 SHELL          4  -0.0%  0.2305E-07  0.6365      0.6987E-01  0.7064       0.000      0.3604       0.000    
  236500   5.912      0.2500E-04 SHELL          4   0.0%  0.2321E-07  0.6363      0.6984E-01  0.7061       0.000      0.3604       0.000    
  236600   5.915      0.2500E-04 SHELL          4  -0.0%  0.2308E-07  0.6361      0.6982E-01  0.7059       0.000      0.3604       0.000    
  236700   5.917      0.2500E-04 SHELL          4   0.0%  0.2324E-07  0.6358      0.6979E-01  0.7056       0.000      0.3604       0.000    
  236800   5.920      0.2500E-04 SHELL          4  -0.0%  0.2312E-07  0.6356      0.6976E-01  0.7053       0.000      0.3604       0.000    
  236900   5.922      0.2500E-04 SHELL          4   0.0%  0.2328E-07  0.6353      0.6974E-01  0.7051       0.000      0.3604       0.000    
  237000   5.925      0.2500E-04 SHELL          4  -0.0%  0.2315E-07  0.6351      0.6971E-01  0.7048       0.000      0.3604       0.000    
  237100   5.927      0.2500E-04 SHELL          4   0.0%  0.2331E-07  0.6348      0.6968E-01  0.7045       0.000      0.3604       0.000    
  237200   5.930      0.2500E-04 SHELL          4  -0.0%  0.2319E-07  0.6346      0.6966E-01  0.7043       0.000      0.3604       0.000    
  237300   5.932      0.2500E-04 SHELL          4   0.0%  0.2334E-07  0.6344      0.6963E-01  0.7040       0.000      0.3604       0.000    
  237400   5.935      0.2500E-04 SHELL          4  -0.0%  0.2322E-07  0.6341      0.6960E-01  0.7037       0.000      0.3604       0.000    
  237500   5.937      0.2500E-04 SHELL          4   0.0%  0.2338E-07  0.6339      0.6957E-01  0.7034       0.000      0.3604       0.000    
  237600   5.940      0.2500E-04 SHELL          4  -0.0%  0.2326E-07  0.6336      0.6955E-01  0.7032       0.000      0.3604       0.000    
  237700   5.942      0.2500E-04 SHELL          4   0.0%  0.2341E-07  0.6334      0.6952E-01  0.7029       0.000      0.3604       0.000    
  237800   5.945      0.2500E-04 SHELL          4  -0.0%  0.2329E-07  0.6331      0.6949E-01  0.7026       0.000      0.3604       0.000    
  237900   5.947      0.2500E-04 SHELL          4   0.0%  0.2345E-07  0.6329      0.6947E-01  0.7023       0.000      0.3604       0.000    
  238000   5.950      0.2500E-04 SHELL          4  -0.0%  0.2332E-07  0.6326      0.6944E-01  0.7021       0.000      0.3604       0.000    
  238100   5.952      0.2500E-04 SHELL          4   0.0%  0.2348E-07  0.6324      0.6941E-01  0.7018       0.000      0.3604       0.000    
  238200   5.955      0.2500E-04 SHELL          4  -0.0%  0.2336E-07  0.6321      0.6938E-01  0.7015       0.000      0.3604       0.000    
  238300   5.957      0.2500E-04 SHELL          4   0.0%  0.2352E-07  0.6319      0.6936E-01  0.7012       0.000      0.3604       0.000    
  238400   5.960      0.2500E-04 SHELL          4  -0.0%  0.2339E-07  0.6316      0.6933E-01  0.7010       0.000      0.3604       0.000    
  238500   5.962      0.2500E-04 SHELL          4   0.0%  0.2355E-07  0.6314      0.6930E-01  0.7007       0.000      0.3604       0.000    
  238600   5.965      0.2500E-04 SHELL          4  -0.0%  0.2343E-07  0.6311      0.6927E-01  0.7004       0.000      0.3604       0.000    
  238700   5.967      0.2500E-04 SHELL          4   0.0%  0.2358E-07  0.6309      0.6925E-01  0.7001       0.000      0.3604       0.000    
  238800   5.970      0.2500E-04 SHELL          4  -0.0%  0.2346E-07  0.6306      0.6922E-01  0.6998       0.000      0.3604       0.000    
  238900   5.972      0.2500E-04 SHELL          4   0.0%  0.2362E-07  0.6304      0.6919E-01  0.6995       0.000      0.3604       0.000    
  239000   5.975      0.2500E-04 SHELL          4  -0.0%  0.2349E-07  0.6301      0.6916E-01  0.6993       0.000      0.3604       0.000    
  239100   5.977      0.2500E-04 SHELL          4   0.0%  0.2365E-07  0.6298      0.6913E-01  0.6990       0.000      0.3604       0.000    
  239200   5.980      0.2500E-04 SHELL          4  -0.0%  0.2353E-07  0.6296      0.6911E-01  0.6987       0.000      0.3604       0.000    
  239300   5.982      0.2500E-04 SHELL          4   0.0%  0.2368E-07  0.6293      0.6908E-01  0.6984       0.000      0.3604       0.000    
  239400   5.985      0.2500E-04 SHELL          4  -0.0%  0.2356E-07  0.6291      0.6905E-01  0.6981       0.000      0.3604       0.000    
  239500   5.987      0.2500E-04 SHELL          4   0.0%  0.2372E-07  0.6288      0.6902E-01  0.6978       0.000      0.3604       0.000    
  239600   5.990      0.2500E-04 SHELL          4  -0.0%  0.2360E-07  0.6286      0.6899E-01  0.6976       0.000      0.3604       0.000    
  239700   5.992      0.2500E-04 SHELL          4   0.0%  0.2375E-07  0.6283      0.6896E-01  0.6973       0.000      0.3604       0.000    
  239800   5.995      0.2500E-04 SHELL          4  -0.0%  0.2363E-07  0.6280      0.6894E-01  0.6970       0.000      0.3604       0.000    
  239900   5.997      0.2500E-04 SHELL          4   0.0%  0.2379E-07  0.6278      0.6891E-01  0.6967       0.000      0.3604       0.000    
   CYCLE    TIME      TIME-STEP  ELEMENT          ERROR  I-ENERGY    K-ENERGY T  K-ENERGY R  EXT-WORK     MAS.ERR     TOTAL MASS  MASS ADDED
  240000   6.000      0.2500E-04 SHELL          4  -0.0%  0.2366E-07  0.6275      0.6888E-01  0.6964       0.000      0.3604       0.000    
     ANIMATION FILE: A23_w1_REFERENCE_ROTATION_YA025 WRITTEN
  240100   6.002      0.2500E-04 SHELL          4   0.0%  0.2382E-07  0.6273      0.6885E-01  0.6961       0.000      0.3604       0.000    
  240200   6.005      0.2500E-04 SHELL          4  -0.0%  0.2370E-07  0.6270      0.6882E-01  0.6958       0.000      0.3604       0.000    
  240300   6.007      0.2500E-04 SHELL          4   0.0%  0.2385E-07  0.6267      0.6879E-01  0.6955       0.000      0.3604       0.000    
  240400   6.010      0.2500E-04 SHELL          4  -0.0%  0.2373E-07  0.6265      0.6876E-01  0.6952       0.000      0.3604       0.000    
  240500   6.012      0.2500E-04 SHELL          4   0.0%  0.2389E-07  0.6262      0.6873E-01  0.6949       0.000      0.3604       0.000    
  240600   6.015      0.2500E-04 SHELL          4  -0.0%  0.2376E-07  0.6259      0.6870E-01  0.6946       0.000      0.3604       0.000    
  240700   6.017      0.2500E-04 SHELL          4   0.0%  0.2392E-07  0.6257      0.6868E-01  0.6944       0.000      0.3604       0.000    
  240800   6.020      0.2500E-04 SHELL          4  -0.0%  0.2380E-07  0.6254      0.6865E-01  0.6941       0.000      0.3604       0.000    
  240900   6.022      0.2500E-04 SHELL          4   0.0%  0.2395E-07  0.6251      0.6862E-01  0.6938       0.000      0.3604       0.000    
  241000   6.025      0.2500E-04 SHELL          4  -0.0%  0.2383E-07  0.6249      0.6859E-01  0.6935       0.000      0.3604       0.000    
  241100   6.027      0.2500E-04 SHELL          4   0.0%  0.2399E-07  0.6246      0.6856E-01  0.6932       0.000      0.3604       0.000    
  241200   6.030      0.2500E-04 SHELL          4  -0.0%  0.2387E-07  0.6243      0.6853E-01  0.6929       0.000      0.3604       0.000    
  241300   6.032      0.2500E-04 SHELL          4   0.0%  0.2402E-07  0.6241      0.6850E-01  0.6926       0.000      0.3604       0.000    
  241400   6.035      0.2500E-04 SHELL          4  -0.0%  0.2390E-07  0.6238      0.6847E-01  0.6923       0.000      0.3604       0.000    
  241500   6.037      0.2500E-04 SHELL          4   0.0%  0.2405E-07  0.6235      0.6844E-01  0.6920       0.000      0.3604       0.000    
  241600   6.040      0.2500E-04 SHELL          4  -0.0%  0.2393E-07  0.6233      0.6841E-01  0.6917       0.000      0.3604       0.000    
  241700   6.042      0.2500E-04 SHELL          4   0.0%  0.2408E-07  0.6230      0.6838E-01  0.6914       0.000      0.3604       0.000    
  241800   6.045      0.2500E-04 SHELL          4  -0.0%  0.2397E-07  0.6227      0.6835E-01  0.6911       0.000      0.3604       0.000    
  241900   6.047      0.2500E-04 SHELL          4   0.0%  0.2412E-07  0.6224      0.6832E-01  0.6908       0.000      0.3604       0.000    
  242000   6.050      0.2500E-04 SHELL          4  -0.0%  0.2400E-07  0.6222      0.6829E-01  0.6905       0.000      0.3604       0.000    
  242100   6.052      0.2500E-04 SHELL          4   0.0%  0.2415E-07  0.6219      0.6826E-01  0.6902       0.000      0.3604       0.000    
  242200   6.055      0.2500E-04 SHELL          4  -0.0%  0.2403E-07  0.6216      0.6823E-01  0.6899       0.000      0.3604       0.000    
  242300   6.057      0.2500E-04 SHELL          4   0.0%  0.2418E-07  0.6213      0.6820E-01  0.6895       0.000      0.3604       0.000    
  242400   6.060      0.2500E-04 SHELL          4  -0.0%  0.2406E-07  0.6211      0.6817E-01  0.6892       0.000      0.3604       0.000    
  242500   6.062      0.2500E-04 SHELL          4   0.0%  0.2422E-07  0.6208      0.6814E-01  0.6889       0.000      0.3604       0.000    
  242600   6.065      0.2500E-04 SHELL          4  -0.0%  0.2410E-07  0.6205      0.6811E-01  0.6886       0.000      0.3604       0.000    
  242700   6.067      0.2500E-04 SHELL          4   0.0%  0.2425E-07  0.6202      0.6808E-01  0.6883       0.000      0.3604       0.000    
  242800   6.070      0.2500E-04 SHELL          4  -0.0%  0.2413E-07  0.6200      0.6805E-01  0.6880       0.000      0.3604       0.000    
  242900   6.072      0.2500E-04 SHELL          4   0.0%  0.2428E-07  0.6197      0.6802E-01  0.6877       0.000      0.3604       0.000    
  243000   6.075      0.2500E-04 SHELL          4  -0.0%  0.2416E-07  0.6194      0.6799E-01  0.6874       0.000      0.3604       0.000    
  243100   6.077      0.2500E-04 SHELL          4   0.0%  0.2431E-07  0.6191      0.6796E-01  0.6871       0.000      0.3604       0.000    
  243200   6.080      0.2500E-04 SHELL          4  -0.0%  0.2420E-07  0.6188      0.6793E-01  0.6868       0.000      0.3604       0.000    
  243300   6.082      0.2500E-04 SHELL          4   0.0%  0.2435E-07  0.6186      0.6790E-01  0.6865       0.000      0.3604       0.000    
  243400   6.085      0.2500E-04 SHELL          4  -0.0%  0.2423E-07  0.6183      0.6786E-01  0.6862       0.000      0.3604       0.000    
  243500   6.087      0.2500E-04 SHELL          4   0.0%  0.2438E-07  0.6180      0.6783E-01  0.6858       0.000      0.3604       0.000    
  243600   6.090      0.2500E-04 SHELL          4  -0.0%  0.2426E-07  0.6177      0.6780E-01  0.6855       0.000      0.3604       0.000    
  243700   6.092      0.2500E-04 SHELL          4   0.0%  0.2441E-07  0.6174      0.6777E-01  0.6852       0.000      0.3604       0.000    
  243800   6.095      0.2500E-04 SHELL          4  -0.0%  0.2429E-07  0.6172      0.6774E-01  0.6849       0.000      0.3604       0.000    
  243900   6.097      0.2500E-04 SHELL          4   0.0%  0.2444E-07  0.6169      0.6771E-01  0.6846       0.000      0.3604       0.000    
  244000   6.100      0.2500E-04 SHELL          4  -0.0%  0.2433E-07  0.6166      0.6768E-01  0.6843       0.000      0.3604       0.000    
  244100   6.102      0.2500E-04 SHELL          4   0.0%  0.2448E-07  0.6163      0.6765E-01  0.6839       0.000      0.3604       0.000    
  244200   6.105      0.2500E-04 SHELL          4  -0.0%  0.2436E-07  0.6160      0.6762E-01  0.6836       0.000      0.3604       0.000    
  244300   6.107      0.2500E-04 SHELL          4   0.0%  0.2451E-07  0.6157      0.6758E-01  0.6833       0.000      0.3604       0.000    
  244400   6.110      0.2500E-04 SHELL          4  -0.0%  0.2439E-07  0.6154      0.6755E-01  0.6830       0.000      0.3604       0.000    
  244500   6.112      0.2500E-04 SHELL          4   0.0%  0.2454E-07  0.6152      0.6752E-01  0.6827       0.000      0.3604       0.000    
  244600   6.115      0.2500E-04 SHELL          4  -0.0%  0.2442E-07  0.6149      0.6749E-01  0.6824       0.000      0.3604       0.000    
  244700   6.117      0.2500E-04 SHELL          4   0.0%  0.2457E-07  0.6146      0.6746E-01  0.6820       0.000      0.3604       0.000    
  244800   6.120      0.2500E-04 SHELL          4  -0.0%  0.2446E-07  0.6143      0.6743E-01  0.6817       0.000      0.3604       0.000    
  244900   6.122      0.2500E-04 SHELL          4   0.0%  0.2460E-07  0.6140      0.6739E-01  0.6814       0.000      0.3604       0.000    
  245000   6.125      0.2500E-04 SHELL          4  -0.0%  0.2449E-07  0.6137      0.6736E-01  0.6811       0.000      0.3604       0.000    
  245100   6.127      0.2500E-04 SHELL          4   0.0%  0.2464E-07  0.6134      0.6733E-01  0.6807       0.000      0.3604       0.000    
  245200   6.130      0.2500E-04 SHELL          4  -0.0%  0.2452E-07  0.6131      0.6730E-01  0.6804       0.000      0.3604       0.000    
  245300   6.132      0.2500E-04 SHELL          4   0.0%  0.2467E-07  0.6128      0.6727E-01  0.6801       0.000      0.3604       0.000    
  245400   6.135      0.2500E-04 SHELL          4  -0.0%  0.2455E-07  0.6125      0.6723E-01  0.6798       0.000      0.3604       0.000    
  245500   6.137      0.2500E-04 SHELL          4   0.0%  0.2470E-07  0.6122      0.6720E-01  0.6794       0.000      0.3604       0.000    
  245600   6.140      0.2500E-04 SHELL          4  -0.0%  0.2459E-07  0.6120      0.6717E-01  0.6791       0.000      0.3604       0.000    
  245700   6.142      0.2500E-04 SHELL          4   0.0%  0.2473E-07  0.6117      0.6714E-01  0.6788       0.000      0.3604       0.000    
  245800   6.145      0.2500E-04 SHELL          4  -0.0%  0.2462E-07  0.6114      0.6710E-01  0.6785       0.000      0.3604       0.000    
  245900   6.147      0.2500E-04 SHELL          4   0.0%  0.2476E-07  0.6111      0.6707E-01  0.6781       0.000      0.3604       0.000    
  246000   6.150      0.2500E-04 SHELL          4  -0.0%  0.2465E-07  0.6108      0.6704E-01  0.6778       0.000      0.3604       0.000    
  246100   6.152      0.2500E-04 SHELL          4   0.0%  0.2480E-07  0.6105      0.6701E-01  0.6775       0.000      0.3604       0.000    
  246200   6.155      0.2500E-04 SHELL          4  -0.0%  0.2468E-07  0.6102      0.6697E-01  0.6771       0.000      0.3604       0.000    
  246300   6.157      0.2500E-04 SHELL          4   0.0%  0.2483E-07  0.6099      0.6694E-01  0.6768       0.000      0.3604       0.000    
  246400   6.160      0.2500E-04 SHELL          4  -0.0%  0.2471E-07  0.6096      0.6691E-01  0.6765       0.000      0.3604       0.000    
  246500   6.162      0.2500E-04 SHELL          4   0.0%  0.2486E-07  0.6093      0.6688E-01  0.6762       0.000      0.3604       0.000    
  246600   6.165      0.2500E-04 SHELL          4  -0.0%  0.2474E-07  0.6090      0.6684E-01  0.6758       0.000      0.3604       0.000    
  246700   6.167      0.2500E-04 SHELL          4   0.0%  0.2489E-07  0.6087      0.6681E-01  0.6755       0.000      0.3604       0.000    
  246800   6.170      0.2500E-04 SHELL          4  -0.0%  0.2478E-07  0.6084      0.6678E-01  0.6752       0.000      0.3604       0.000    
  246900   6.172      0.2500E-04 SHELL          4   0.0%  0.2492E-07  0.6081      0.6674E-01  0.6748       0.000      0.3604       0.000    
  247000   6.175      0.2500E-04 SHELL          4  -0.0%  0.2481E-07  0.6078      0.6671E-01  0.6745       0.000      0.3604       0.000    
  247100   6.177      0.2500E-04 SHELL          4   0.0%  0.2495E-07  0.6075      0.6668E-01  0.6741       0.000      0.3604       0.000    
  247200   6.180      0.2500E-04 SHELL          4  -0.0%  0.2484E-07  0.6072      0.6664E-01  0.6738       0.000      0.3604       0.000    
  247300   6.182      0.2500E-04 SHELL          4   0.0%  0.2498E-07  0.6069      0.6661E-01  0.6735       0.000      0.3604       0.000    
  247400   6.185      0.2500E-04 SHELL          4  -0.0%  0.2487E-07  0.6066      0.6658E-01  0.6731       0.000      0.3604       0.000    
  247500   6.187      0.2500E-04 SHELL          4   0.0%  0.2502E-07  0.6063      0.6654E-01  0.6728       0.000      0.3604       0.000    
  247600   6.190      0.2500E-04 SHELL          4  -0.0%  0.2490E-07  0.6059      0.6651E-01  0.6725       0.000      0.3604       0.000    
  247700   6.192      0.2500E-04 SHELL          4   0.0%  0.2505E-07  0.6056      0.6648E-01  0.6721       0.000      0.3604       0.000    
  247800   6.195      0.2500E-04 SHELL          4  -0.0%  0.2493E-07  0.6053      0.6644E-01  0.6718       0.000      0.3604       0.000    
  247900   6.197      0.2500E-04 SHELL          4   0.0%  0.2508E-07  0.6050      0.6641E-01  0.6714       0.000      0.3604       0.000    
  248000   6.200      0.2500E-04 SHELL          4  -0.0%  0.2497E-07  0.6047      0.6638E-01  0.6711       0.000      0.3604       0.000    
  248100   6.202      0.2500E-04 SHELL          4   0.0%  0.2511E-07  0.6044      0.6634E-01  0.6708       0.000      0.3604       0.000    
  248200   6.205      0.2500E-04 SHELL          4  -0.0%  0.2500E-07  0.6041      0.6631E-01  0.6704       0.000      0.3604       0.000    
  248300   6.207      0.2500E-04 SHELL          4   0.0%  0.2514E-07  0.6038      0.6627E-01  0.6701       0.000      0.3604       0.000    
  248400   6.210      0.2500E-04 SHELL          4  -0.0%  0.2503E-07  0.6035      0.6624E-01  0.6697       0.000      0.3604       0.000    
  248500   6.212      0.2500E-04 SHELL          4   0.0%  0.2517E-07  0.6032      0.6621E-01  0.6694       0.000      0.3604       0.000    
  248600   6.215      0.2500E-04 SHELL          4  -0.0%  0.2506E-07  0.6029      0.6617E-01  0.6690       0.000      0.3604       0.000    
  248700   6.217      0.2500E-04 SHELL          4   0.0%  0.2520E-07  0.6026      0.6614E-01  0.6687       0.000      0.3604       0.000    
  248800   6.220      0.2500E-04 SHELL          4  -0.0%  0.2509E-07  0.6022      0.6610E-01  0.6683       0.000      0.3604       0.000    
  248900   6.222      0.2500E-04 SHELL          4   0.0%  0.2523E-07  0.6019      0.6607E-01  0.6680       0.000      0.3604       0.000    
  249000   6.225      0.2500E-04 SHELL          4  -0.0%  0.2512E-07  0.6016      0.6603E-01  0.6676       0.000      0.3604       0.000    
  249100   6.227      0.2500E-04 SHELL          4   0.0%  0.2526E-07  0.6013      0.6600E-01  0.6673       0.000      0.3604       0.000    
  249200   6.230      0.2500E-04 SHELL          4  -0.0%  0.2515E-07  0.6010      0.6597E-01  0.6670       0.000      0.3604       0.000    
  249300   6.232      0.2500E-04 SHELL          4   0.0%  0.2529E-07  0.6007      0.6593E-01  0.6666       0.000      0.3604       0.000    
  249400   6.235      0.2500E-04 SHELL          4  -0.0%  0.2518E-07  0.6004      0.6590E-01  0.6663       0.000      0.3604       0.000    
  249500   6.237      0.2500E-04 SHELL          4   0.0%  0.2532E-07  0.6000      0.6586E-01  0.6659       0.000      0.3604       0.000    
  249600   6.240      0.2500E-04 SHELL          4  -0.0%  0.2521E-07  0.5997      0.6583E-01  0.6655       0.000      0.3604       0.000    
  249700   6.242      0.2500E-04 SHELL          4   0.0%  0.2536E-07  0.5994      0.6579E-01  0.6652       0.000      0.3604       0.000    
  249800   6.245      0.2500E-04 SHELL          4  -0.0%  0.2524E-07  0.5991      0.6576E-01  0.6648       0.000      0.3604       0.000    
  249900   6.247      0.2500E-04 SHELL          4   0.0%  0.2539E-07  0.5988      0.6572E-01  0.6645       0.000      0.3604       0.000    
   CYCLE    TIME      TIME-STEP  ELEMENT          ERROR  I-ENERGY    K-ENERGY T  K-ENERGY R  EXT-WORK     MAS.ERR     TOTAL MASS  MASS ADDED
  250000   6.250      0.2500E-04 SHELL          4  -0.0%  0.2528E-07  0.5984      0.6569E-01  0.6641       0.000      0.3604       0.000    
     ANIMATION FILE: A23_w1_REFERENCE_ROTATION_YA026 WRITTEN
  250100   6.252      0.2500E-04 SHELL          4   0.0%  0.2542E-07  0.5981      0.6565E-01  0.6638       0.000      0.3604       0.000    
  250200   6.255      0.2500E-04 SHELL          4  -0.0%  0.2531E-07  0.5978      0.6562E-01  0.6634       0.000      0.3604       0.000    
  250300   6.257      0.2500E-04 SHELL          4   0.0%  0.2545E-07  0.5975      0.6558E-01  0.6631       0.000      0.3604       0.000    
  250400   6.260      0.2500E-04 SHELL          4  -0.0%  0.2534E-07  0.5972      0.6555E-01  0.6627       0.000      0.3604       0.000    
  250500   6.262      0.2500E-04 SHELL          4   0.0%  0.2548E-07  0.5968      0.6551E-01  0.6624       0.000      0.3604       0.000    
  250600   6.265      0.2500E-04 SHELL          4  -0.0%  0.2537E-07  0.5965      0.6548E-01  0.6620       0.000      0.3604       0.000    
  250700   6.267      0.2500E-04 SHELL          4   0.0%  0.2551E-07  0.5962      0.6544E-01  0.6616       0.000      0.3604       0.000    
  250800   6.270      0.2500E-04 SHELL          4  -0.0%  0.2540E-07  0.5959      0.6541E-01  0.6613       0.000      0.3604       0.000    
  250900   6.272      0.2500E-04 SHELL          4   0.0%  0.2554E-07  0.5956      0.6537E-01  0.6609       0.000      0.3604       0.000    
  251000   6.275      0.2500E-04 SHELL          4  -0.0%  0.2543E-07  0.5952      0.6533E-01  0.6606       0.000      0.3604       0.000    
  251100   6.277      0.2500E-04 SHELL          4   0.0%  0.2557E-07  0.5949      0.6530E-01  0.6602       0.000      0.3604       0.000    
  251200   6.280      0.2500E-04 SHELL          4  -0.0%  0.2546E-07  0.5946      0.6526E-01  0.6598       0.000      0.3604       0.000    
  251300   6.282      0.2500E-04 SHELL          4   0.0%  0.2560E-07  0.5943      0.6523E-01  0.6595       0.000      0.3604       0.000    
  251400   6.285      0.2500E-04 SHELL          4  -0.0%  0.2549E-07  0.5939      0.6519E-01  0.6591       0.000      0.3604       0.000    
  251500   6.287      0.2500E-04 SHELL          4   0.0%  0.2563E-07  0.5936      0.6515E-01  0.6588       0.000      0.3604       0.000    
  251600   6.290      0.2500E-04 SHELL          4  -0.0%  0.2552E-07  0.5933      0.6512E-01  0.6584       0.000      0.3604       0.000    
  251700   6.292      0.2500E-04 SHELL          4   0.0%  0.2566E-07  0.5929      0.6508E-01  0.6580       0.000      0.3604       0.000    
  251800   6.295      0.2500E-04 SHELL          4  -0.0%  0.2555E-07  0.5926      0.6505E-01  0.6577       0.000      0.3604       0.000    
  251900   6.297      0.2500E-04 SHELL          4   0.0%  0.2569E-07  0.5923      0.6501E-01  0.6573       0.000      0.3604       0.000    
  252000   6.300      0.2500E-04 SHELL          4  -0.0%  0.2558E-07  0.5920      0.6497E-01  0.6569       0.000      0.3604       0.000    
  252100   6.302      0.2500E-04 SHELL          4   0.0%  0.2572E-07  0.5916      0.6494E-01  0.6566       0.000      0.3604       0.000    
  252200   6.305      0.2500E-04 SHELL          4  -0.0%  0.2561E-07  0.5913      0.6490E-01  0.6562       0.000      0.3604       0.000    
  252300   6.307      0.2500E-04 SHELL          4   0.0%  0.2575E-07  0.5910      0.6487E-01  0.6558       0.000      0.3604       0.000    
  252400   6.310      0.2500E-04 SHELL          4  -0.0%  0.2564E-07  0.5906      0.6483E-01  0.6555       0.000      0.3604       0.000    
  252500   6.312      0.2500E-04 SHELL          4   0.0%  0.2578E-07  0.5903      0.6479E-01  0.6551       0.000      0.3604       0.000    
  252600   6.315      0.2500E-04 SHELL          4  -0.0%  0.2567E-07  0.5900      0.6476E-01  0.6547       0.000      0.3604       0.000    
  252700   6.317      0.2500E-04 SHELL          4   0.0%  0.2581E-07  0.5896      0.6472E-01  0.6544       0.000      0.3604       0.000    
  252800   6.320      0.2500E-04 SHELL          4  -0.0%  0.2570E-07  0.5893      0.6468E-01  0.6540       0.000      0.3604       0.000    
  252900   6.322      0.2500E-04 SHELL          4   0.0%  0.2583E-07  0.5890      0.6465E-01  0.6536       0.000      0.3604       0.000    
  253000   6.325      0.2500E-04 SHELL          4  -0.0%  0.2573E-07  0.5886      0.6461E-01  0.6532       0.000      0.3604       0.000    
  253100   6.327      0.2500E-04 SHELL          4   0.0%  0.2586E-07  0.5883      0.6457E-01  0.6529       0.000      0.3604       0.000    
  253200   6.330      0.2500E-04 SHELL          4  -0.0%  0.2576E-07  0.5880      0.6454E-01  0.6525       0.000      0.3604       0.000    
  253300   6.332      0.2500E-04 SHELL          4   0.0%  0.2589E-07  0.5876      0.6450E-01  0.6521       0.000      0.3604       0.000    
  253400   6.335      0.2500E-04 SHELL          4  -0.0%  0.2579E-07  0.5873      0.6446E-01  0.6517       0.000      0.3604       0.000    
  253500   6.337      0.2500E-04 SHELL          4   0.0%  0.2592E-07  0.5869      0.6442E-01  0.6514       0.000      0.3604       0.000    
  253600   6.340      0.2500E-04 SHELL          4  -0.0%  0.2582E-07  0.5866      0.6439E-01  0.6510       0.000      0.3604       0.000    
  253700   6.342      0.2500E-04 SHELL          4   0.0%  0.2595E-07  0.5863      0.6435E-01  0.6506       0.000      0.3604       0.000    
  253800   6.345      0.2500E-04 SHELL          4  -0.0%  0.2585E-07  0.5859      0.6431E-01  0.6502       0.000      0.3604       0.000    
  253900   6.347      0.2500E-04 SHELL          4   0.0%  0.2598E-07  0.5856      0.6428E-01  0.6499       0.000      0.3604       0.000    
  254000   6.350      0.2500E-04 SHELL          4  -0.0%  0.2588E-07  0.5852      0.6424E-01  0.6495       0.000      0.3604       0.000    
  254100   6.352      0.2500E-04 SHELL          4   0.0%  0.2601E-07  0.5849      0.6420E-01  0.6491       0.000      0.3604       0.000    
  254200   6.355      0.2500E-04 SHELL          4  -0.0%  0.2590E-07  0.5846      0.6416E-01  0.6487       0.000      0.3604       0.000    
  254300   6.357      0.2500E-04 SHELL          4   0.0%  0.2604E-07  0.5842      0.6413E-01  0.6483       0.000      0.3604       0.000    
  254400   6.360      0.2500E-04 SHELL          4  -0.0%  0.2593E-07  0.5839      0.6409E-01  0.6480       0.000      0.3604       0.000    
  254500   6.362      0.2500E-04 SHELL          4   0.0%  0.2607E-07  0.5835      0.6405E-01  0.6476       0.000      0.3604       0.000    
  254600   6.365      0.2500E-04 SHELL          4  -0.0%  0.2596E-07  0.5832      0.6401E-01  0.6472       0.000      0.3604       0.000    
  254700   6.367      0.2500E-04 SHELL          4   0.0%  0.2610E-07  0.5828      0.6397E-01  0.6468       0.000      0.3604       0.000    
  254800   6.370      0.2500E-04 SHELL          4  -0.0%  0.2599E-07  0.5825      0.6394E-01  0.6464       0.000      0.3604       0.000    
  254900   6.372      0.2500E-04 SHELL          4   0.0%  0.2613E-07  0.5822      0.6390E-01  0.6461       0.000      0.3604       0.000    
  255000   6.375      0.2500E-04 SHELL          4  -0.0%  0.2602E-07  0.5818      0.6386E-01  0.6457       0.000      0.3604       0.000    
  255100   6.377      0.2500E-04 SHELL          4   0.0%  0.2615E-07  0.5815      0.6382E-01  0.6453       0.000      0.3604       0.000    
  255200   6.380      0.2500E-04 SHELL          4  -0.0%  0.2605E-07  0.5811      0.6378E-01  0.6449       0.000      0.3604       0.000    
  255300   6.382      0.2500E-04 SHELL          4   0.0%  0.2618E-07  0.5808      0.6375E-01  0.6445       0.000      0.3604       0.000    
  255400   6.385      0.2500E-04 SHELL          4  -0.0%  0.2608E-07  0.5804      0.6371E-01  0.6441       0.000      0.3604       0.000    
  255500   6.387      0.2500E-04 SHELL          4   0.0%  0.2621E-07  0.5801      0.6367E-01  0.6437       0.000      0.3604       0.000    
  255600   6.390      0.2500E-04 SHELL          4  -0.0%  0.2611E-07  0.5797      0.6363E-01  0.6434       0.000      0.3604       0.000    
  255700   6.392      0.2500E-04 SHELL          4   0.0%  0.2624E-07  0.5794      0.6359E-01  0.6430       0.000      0.3604       0.000    
  255800   6.395      0.2500E-04 SHELL          4  -0.0%  0.2614E-07  0.5790      0.6356E-01  0.6426       0.000      0.3604       0.000    
  255900   6.397      0.2500E-04 SHELL          4   0.0%  0.2627E-07  0.5787      0.6352E-01  0.6422       0.000      0.3604       0.000    
  256000   6.400      0.2500E-04 SHELL          4  -0.0%  0.2617E-07  0.5783      0.6348E-01  0.6418       0.000      0.3604       0.000    
  256100   6.402      0.2500E-04 SHELL          4   0.0%  0.2630E-07  0.5780      0.6344E-01  0.6414       0.000      0.3604       0.000    
  256200   6.405      0.2500E-04 SHELL          4  -0.0%  0.2619E-07  0.5776      0.6340E-01  0.6410       0.000      0.3604       0.000    
  256300   6.407      0.2500E-04 SHELL          4   0.0%  0.2633E-07  0.5773      0.6336E-01  0.6406       0.000      0.3604       0.000    
  256400   6.410      0.2500E-04 SHELL          4  -0.0%  0.2622E-07  0.5769      0.6332E-01  0.6402       0.000      0.3604       0.000    
  256500   6.412      0.2500E-04 SHELL          4   0.0%  0.2635E-07  0.5766      0.6328E-01  0.6398       0.000      0.3604       0.000    
  256600   6.415      0.2500E-04 SHELL          4  -0.0%  0.2625E-07  0.5762      0.6325E-01  0.6395       0.000      0.3604       0.000    
  256700   6.417      0.2500E-04 SHELL          4   0.0%  0.2638E-07  0.5758      0.6321E-01  0.6391       0.000      0.3604       0.000    
  256800   6.420      0.2500E-04 SHELL          4  -0.0%  0.2628E-07  0.5755      0.6317E-01  0.6387       0.000      0.3604       0.000    
  256900   6.422      0.2500E-04 SHELL          4   0.0%  0.2641E-07  0.5751      0.6313E-01  0.6383       0.000      0.3604       0.000    
  257000   6.425      0.2500E-04 SHELL          4  -0.0%  0.2631E-07  0.5748      0.6309E-01  0.6379       0.000      0.3604       0.000    
  257100   6.427      0.2500E-04 SHELL          4   0.0%  0.2644E-07  0.5744      0.6305E-01  0.6375       0.000      0.3604       0.000    
  257200   6.430      0.2500E-04 SHELL          4  -0.0%  0.2634E-07  0.5741      0.6301E-01  0.6371       0.000      0.3604       0.000    
  257300   6.432      0.2500E-04 SHELL          4   0.0%  0.2647E-07  0.5737      0.6297E-01  0.6367       0.000      0.3604       0.000    
  257400   6.435      0.2500E-04 SHELL          4  -0.0%  0.2636E-07  0.5734      0.6293E-01  0.6363       0.000      0.3604       0.000    
  257500   6.437      0.2500E-04 SHELL          4   0.0%  0.2649E-07  0.5730      0.6289E-01  0.6359       0.000      0.3604       0.000    
  257600   6.440      0.2500E-04 SHELL          4  -0.0%  0.2639E-07  0.5726      0.6285E-01  0.6355       0.000      0.3604       0.000    
  257700   6.442      0.2500E-04 SHELL          4   0.0%  0.2652E-07  0.5723      0.6281E-01  0.6351       0.000      0.3604       0.000    
  257800   6.445      0.2500E-04 SHELL          4  -0.0%  0.2642E-07  0.5719      0.6277E-01  0.6347       0.000      0.3604       0.000    
  257900   6.447      0.2500E-04 SHELL          4   0.0%  0.2655E-07  0.5716      0.6273E-01  0.6343       0.000      0.3604       0.000    
  258000   6.450      0.2500E-04 SHELL          4  -0.0%  0.2645E-07  0.5712      0.6270E-01  0.6339       0.000      0.3604       0.000    
  258100   6.452      0.2500E-04 SHELL          4   0.0%  0.2658E-07  0.5708      0.6266E-01  0.6335       0.000      0.3604       0.000    
  258200   6.455      0.2500E-04 SHELL          4  -0.0%  0.2648E-07  0.5705      0.6262E-01  0.6331       0.000      0.3604       0.000    
  258300   6.457      0.2500E-04 SHELL          4   0.0%  0.2660E-07  0.5701      0.6258E-01  0.6327       0.000      0.3604       0.000    
  258400   6.460      0.2500E-04 SHELL          4  -0.0%  0.2650E-07  0.5697      0.6254E-01  0.6323       0.000      0.3604       0.000    
  258500   6.462      0.2500E-04 SHELL          4   0.0%  0.2663E-07  0.5694      0.6250E-01  0.6319       0.000      0.3604       0.000    
  258600   6.465      0.2500E-04 SHELL          4  -0.0%  0.2653E-07  0.5690      0.6246E-01  0.6315       0.000      0.3604       0.000    
  258700   6.467      0.2500E-04 SHELL          4   0.0%  0.2666E-07  0.5686      0.6242E-01  0.6311       0.000      0.3604       0.000    
  258800   6.470      0.2500E-04 SHELL          4  -0.0%  0.2656E-07  0.5683      0.6238E-01  0.6307       0.000      0.3604       0.000    
  258900   6.472      0.2500E-04 SHELL          4   0.0%  0.2669E-07  0.5679      0.6234E-01  0.6303       0.000      0.3604       0.000    
  259000   6.475      0.2500E-04 SHELL          4  -0.0%  0.2659E-07  0.5675      0.6230E-01  0.6298       0.000      0.3604       0.000    
  259100   6.477      0.2500E-04 SHELL          4   0.0%  0.2671E-07  0.5672      0.6226E-01  0.6294       0.000      0.3604       0.000    
  259200   6.480      0.2500E-04 SHELL          4  -0.0%  0.2661E-07  0.5668      0.6221E-01  0.6290       0.000      0.3604       0.000    
  259300   6.482      0.2500E-04 SHELL          4   0.0%  0.2674E-07  0.5664      0.6217E-01  0.6286       0.000      0.3604       0.000    
  259400   6.485      0.2500E-04 SHELL          4  -0.0%  0.2664E-07  0.5661      0.6213E-01  0.6282       0.000      0.3604       0.000    
  259500   6.487      0.2500E-04 SHELL          4   0.0%  0.2677E-07  0.5657      0.6209E-01  0.6278       0.000      0.3604       0.000    
  259600   6.490      0.2500E-04 SHELL          4  -0.0%  0.2667E-07  0.5653      0.6205E-01  0.6274       0.000      0.3604       0.000    
  259700   6.492      0.2500E-04 SHELL          4   0.0%  0.2679E-07  0.5650      0.6201E-01  0.6270       0.000      0.3604       0.000    
  259800   6.495      0.2500E-04 SHELL          4  -0.0%  0.2670E-07  0.5646      0.6197E-01  0.6266       0.000      0.3604       0.000    
  259900   6.497      0.2500E-04 SHELL          4   0.0%  0.2682E-07  0.5642      0.6193E-01  0.6262       0.000      0.3604       0.000    
   CYCLE    TIME      TIME-STEP  ELEMENT          ERROR  I-ENERGY    K-ENERGY T  K-ENERGY R  EXT-WORK     MAS.ERR     TOTAL MASS  MASS ADDED
  260000   6.500      0.2500E-04 SHELL          4  -0.0%  0.2672E-07  0.5639      0.6189E-01  0.6257       0.000      0.3604       0.000    
     ANIMATION FILE: A23_w1_REFERENCE_ROTATION_YA027 WRITTEN
  260100   6.502      0.2500E-04 SHELL          4   0.0%  0.2685E-07  0.5635      0.6185E-01  0.6253       0.000      0.3604       0.000    
  260200   6.505      0.2500E-04 SHELL          4  -0.0%  0.2675E-07  0.5631      0.6181E-01  0.6249       0.000      0.3604       0.000    
  260300   6.507      0.2500E-04 SHELL          4   0.0%  0.2688E-07  0.5627      0.6177E-01  0.6245       0.000      0.3604       0.000    
  260400   6.510      0.2500E-04 SHELL          4  -0.0%  0.2678E-07  0.5624      0.6173E-01  0.6241       0.000      0.3604       0.000    
  260500   6.512      0.2500E-04 SHELL          4   0.0%  0.2690E-07  0.5620      0.6169E-01  0.6237       0.000      0.3604       0.000    
  260600   6.515      0.2500E-04 SHELL          4  -0.0%  0.2681E-07  0.5616      0.6164E-01  0.6233       0.000      0.3604       0.000    
  260700   6.517      0.2500E-04 SHELL          4   0.0%  0.2693E-07  0.5612      0.6160E-01  0.6228       0.000      0.3604       0.000    
  260800   6.520      0.2500E-04 SHELL          4  -0.0%  0.2683E-07  0.5609      0.6156E-01  0.6224       0.000      0.3604       0.000    
  260900   6.522      0.2500E-04 SHELL          4   0.0%  0.2696E-07  0.5605      0.6152E-01  0.6220       0.000      0.3604       0.000    
  261000   6.525      0.2500E-04 SHELL          4  -0.0%  0.2686E-07  0.5601      0.6148E-01  0.6216       0.000      0.3604       0.000    
  261100   6.527      0.2500E-04 SHELL          4   0.0%  0.2698E-07  0.5597      0.6144E-01  0.6212       0.000      0.3604       0.000    
  261200   6.530      0.2500E-04 SHELL          4  -0.0%  0.2689E-07  0.5594      0.6140E-01  0.6208       0.000      0.3604       0.000    
  261300   6.532      0.2500E-04 SHELL          4   0.0%  0.2701E-07  0.5590      0.6136E-01  0.6203       0.000      0.3604       0.000    
  261400   6.535      0.2500E-04 SHELL          4  -0.0%  0.2691E-07  0.5586      0.6131E-01  0.6199       0.000      0.3604       0.000    
  261500   6.537      0.2500E-04 SHELL          4   0.0%  0.2704E-07  0.5582      0.6127E-01  0.6195       0.000      0.3604       0.000    
  261600   6.540      0.2500E-04 SHELL          4  -0.0%  0.2694E-07  0.5578      0.6123E-01  0.6191       0.000      0.3604       0.000    
  261700   6.542      0.2500E-04 SHELL          4   0.0%  0.2706E-07  0.5575      0.6119E-01  0.6187       0.000      0.3604       0.000    
  261800   6.545      0.2500E-04 SHELL          4  -0.0%  0.2697E-07  0.5571      0.6115E-01  0.6182       0.000      0.3604       0.000    
  261900   6.547      0.2500E-04 SHELL          4   0.0%  0.2709E-07  0.5567      0.6111E-01  0.6178       0.000      0.3604       0.000    
  262000   6.550      0.2500E-04 SHELL          4  -0.0%  0.2699E-07  0.5563      0.6106E-01  0.6174       0.000      0.3604       0.000    
  262100   6.552      0.2500E-04 SHELL          4   0.0%  0.2711E-07  0.5559      0.6102E-01  0.6170       0.000      0.3604       0.000    
  262200   6.555      0.2500E-04 SHELL          4  -0.0%  0.2702E-07  0.5556      0.6098E-01  0.6165       0.000      0.3604       0.000    
  262300   6.557      0.2500E-04 SHELL          4   0.0%  0.2714E-07  0.5552      0.6094E-01  0.6161       0.000      0.3604       0.000    
  262400   6.560      0.2500E-04 SHELL          4  -0.0%  0.2705E-07  0.5548      0.6090E-01  0.6157       0.000      0.3604       0.000    
  262500   6.562      0.2500E-04 SHELL          4   0.0%  0.2717E-07  0.5544      0.6085E-01  0.6153       0.000      0.3604       0.000    
  262600   6.565      0.2500E-04 SHELL          4  -0.0%  0.2707E-07  0.5540      0.6081E-01  0.6148       0.000      0.3604       0.000    
  262700   6.567      0.2500E-04 SHELL          4   0.0%  0.2719E-07  0.5536      0.6077E-01  0.6144       0.000      0.3604       0.000    
  262800   6.570      0.2500E-04 SHELL          4  -0.0%  0.2710E-07  0.5533      0.6073E-01  0.6140       0.000      0.3604       0.000    
  262900   6.572      0.2500E-04 SHELL          4   0.0%  0.2722E-07  0.5529      0.6068E-01  0.6136       0.000      0.3604       0.000    
  263000   6.575      0.2500E-04 SHELL          4  -0.0%  0.2712E-07  0.5525      0.6064E-01  0.6131       0.000      0.3604       0.000    
  263100   6.577      0.2500E-04 SHELL          4   0.0%  0.2724E-07  0.5521      0.6060E-01  0.6127       0.000      0.3604       0.000    
  263200   6.580      0.2500E-04 SHELL          4  -0.0%  0.2715E-07  0.5517      0.6056E-01  0.6123       0.000      0.3604       0.000    
  263300   6.582      0.2500E-04 SHELL          4   0.0%  0.2727E-07  0.5513      0.6051E-01  0.6118       0.000      0.3604       0.000    
  263400   6.585      0.2500E-04 SHELL          4  -0.0%  0.2718E-07  0.5509      0.6047E-01  0.6114       0.000      0.3604       0.000    
  263500   6.587      0.2500E-04 SHELL          4   0.0%  0.2730E-07  0.5505      0.6043E-01  0.6110       0.000      0.3604       0.000    
  263600   6.590      0.2500E-04 SHELL          4  -0.0%  0.2720E-07  0.5502      0.6039E-01  0.6105       0.000      0.3604       0.000    
  263700   6.592      0.2500E-04 SHELL          4   0.0%  0.2732E-07  0.5498      0.6034E-01  0.6101       0.000      0.3604       0.000    
  263800   6.595      0.2500E-04 SHELL          4  -0.0%  0.2723E-07  0.5494      0.6030E-01  0.6097       0.000      0.3604       0.000    
  263900   6.597      0.2500E-04 SHELL          4   0.0%  0.2735E-07  0.5490      0.6026E-01  0.6092       0.000      0.3604       0.000    
  264000   6.600      0.2500E-04 SHELL          4  -0.0%  0.2725E-07  0.5486      0.6021E-01  0.6088       0.000      0.3604       0.000    
  264100   6.602      0.2500E-04 SHELL          4   0.0%  0.2737E-07  0.5482      0.6017E-01  0.6084       0.000      0.3604       0.000    
  264200   6.605      0.2500E-04 SHELL          4  -0.0%  0.2728E-07  0.5478      0.6013E-01  0.6079       0.000      0.3604       0.000    
  264300   6.607      0.2500E-04 SHELL          4   0.0%  0.2740E-07  0.5474      0.6009E-01  0.6075       0.000      0.3604       0.000    
  264400   6.610      0.2500E-04 SHELL          4  -0.0%  0.2731E-07  0.5470      0.6004E-01  0.6071       0.000      0.3604       0.000    
  264500   6.612      0.2500E-04 SHELL          4   0.0%  0.2742E-07  0.5466      0.6000E-01  0.6066       0.000      0.3604       0.000    
  264600   6.615      0.2500E-04 SHELL          4  -0.0%  0.2733E-07  0.5462      0.5996E-01  0.6062       0.000      0.3604       0.000    
  264700   6.617      0.2500E-04 SHELL          4   0.0%  0.2745E-07  0.5458      0.5991E-01  0.6058       0.000      0.3604       0.000    
  264800   6.620      0.2500E-04 SHELL          4  -0.0%  0.2736E-07  0.5454      0.5987E-01  0.6053       0.000      0.3604       0.000    
  264900   6.622      0.2500E-04 SHELL          4   0.0%  0.2747E-07  0.5451      0.5983E-01  0.6049       0.000      0.3604       0.000    
  265000   6.625      0.2500E-04 SHELL          4  -0.0%  0.2738E-07  0.5447      0.5978E-01  0.6044       0.000      0.3604       0.000    
  265100   6.627      0.2500E-04 SHELL          4   0.0%  0.2750E-07  0.5443      0.5974E-01  0.6040       0.000      0.3604       0.000    
  265200   6.630      0.2500E-04 SHELL          4  -0.0%  0.2741E-07  0.5439      0.5970E-01  0.6036       0.000      0.3604       0.000    
  265300   6.632      0.2500E-04 SHELL          4   0.0%  0.2752E-07  0.5435      0.5965E-01  0.6031       0.000      0.3604       0.000    
  265400   6.635      0.2500E-04 SHELL          4  -0.0%  0.2743E-07  0.5431      0.5961E-01  0.6027       0.000      0.3604       0.000    
  265500   6.637      0.2500E-04 SHELL          4   0.0%  0.2755E-07  0.5427      0.5957E-01  0.6022       0.000      0.3604       0.000    
  265600   6.640      0.2500E-04 SHELL          4  -0.0%  0.2746E-07  0.5423      0.5952E-01  0.6018       0.000      0.3604       0.000    
  265700   6.642      0.2500E-04 SHELL          4   0.0%  0.2757E-07  0.5419      0.5948E-01  0.6014       0.000      0.3604       0.000    
  265800   6.645      0.2500E-04 SHELL          4  -0.0%  0.2748E-07  0.5415      0.5943E-01  0.6009       0.000      0.3604       0.000    
  265900   6.647      0.2500E-04 SHELL          4   0.0%  0.2760E-07  0.5411      0.5939E-01  0.6005       0.000      0.3604       0.000    
  266000   6.650      0.2500E-04 SHELL          4  -0.0%  0.2751E-07  0.5407      0.5935E-01  0.6000       0.000      0.3604       0.000    
  266100   6.652      0.2500E-04 SHELL          4   0.0%  0.2762E-07  0.5403      0.5930E-01  0.5996       0.000      0.3604       0.000    
  266200   6.655      0.2500E-04 SHELL          4  -0.0%  0.2753E-07  0.5399      0.5926E-01  0.5991       0.000      0.3604       0.000    
  266300   6.657      0.2500E-04 SHELL          4   0.0%  0.2765E-07  0.5395      0.5921E-01  0.5987       0.000      0.3604       0.000    
  266400   6.660      0.2500E-04 SHELL          4  -0.0%  0.2756E-07  0.5391      0.5917E-01  0.5982       0.000      0.3604       0.000    
  266500   6.662      0.2500E-04 SHELL          4   0.0%  0.2767E-07  0.5387      0.5913E-01  0.5978       0.000      0.3604       0.000    
  266600   6.665      0.2500E-04 SHELL          4  -0.0%  0.2758E-07  0.5383      0.5908E-01  0.5973       0.000      0.3604       0.000    
  266700   6.667      0.2500E-04 SHELL          4   0.0%  0.2770E-07  0.5379      0.5904E-01  0.5969       0.000      0.3604       0.000    
  266800   6.670      0.2500E-04 SHELL          4  -0.0%  0.2761E-07  0.5375      0.5899E-01  0.5965       0.000      0.3604       0.000    
  266900   6.672      0.2500E-04 SHELL          4   0.0%  0.2772E-07  0.5371      0.5895E-01  0.5960       0.000      0.3604       0.000    
  267000   6.675      0.2500E-04 SHELL          4  -0.0%  0.2763E-07  0.5366      0.5890E-01  0.5956       0.000      0.3604       0.000    
  267100   6.677      0.2500E-04 SHELL          4   0.0%  0.2775E-07  0.5362      0.5886E-01  0.5951       0.000      0.3604       0.000    
  267200   6.680      0.2500E-04 SHELL          4  -0.0%  0.2766E-07  0.5358      0.5881E-01  0.5947       0.000      0.3604       0.000    
  267300   6.682      0.2500E-04 SHELL          4   0.0%  0.2777E-07  0.5354      0.5877E-01  0.5942       0.000      0.3604       0.000    
  267400   6.685      0.2500E-04 SHELL          4  -0.0%  0.2768E-07  0.5350      0.5873E-01  0.5938       0.000      0.3604       0.000    
  267500   6.687      0.2500E-04 SHELL          4   0.0%  0.2779E-07  0.5346      0.5868E-01  0.5933       0.000      0.3604       0.000    
  267600   6.690      0.2500E-04 SHELL          4  -0.0%  0.2771E-07  0.5342      0.5864E-01  0.5928       0.000      0.3604       0.000    
  267700   6.692      0.2500E-04 SHELL          4   0.0%  0.2782E-07  0.5338      0.5859E-01  0.5924       0.000      0.3604       0.000    
  267800   6.695      0.2500E-04 SHELL          4  -0.0%  0.2773E-07  0.5334      0.5855E-01  0.5919       0.000      0.3604       0.000    
  267900   6.697      0.2500E-04 SHELL          4   0.0%  0.2784E-07  0.5330      0.5850E-01  0.5915       0.000      0.3604       0.000    
  268000   6.700      0.2500E-04 SHELL          4  -0.0%  0.2775E-07  0.5326      0.5846E-01  0.5910       0.000      0.3604       0.000    
  268100   6.702      0.2500E-04 SHELL          4   0.0%  0.2787E-07  0.5322      0.5841E-01  0.5906       0.000      0.3604       0.000    
  268200   6.705      0.2500E-04 SHELL          4  -0.0%  0.2778E-07  0.5318      0.5837E-01  0.5901       0.000      0.3604       0.000    
  268300   6.707      0.2500E-04 SHELL          4   0.0%  0.2789E-07  0.5313      0.5832E-01  0.5897       0.000      0.3604       0.000    
  268400   6.710      0.2500E-04 SHELL          4  -0.0%  0.2780E-07  0.5309      0.5828E-01  0.5892       0.000      0.3604       0.000    
  268500   6.712      0.2500E-04 SHELL          4   0.0%  0.2791E-07  0.5305      0.5823E-01  0.5888       0.000      0.3604       0.000    
  268600   6.715      0.2500E-04 SHELL          4  -0.0%  0.2783E-07  0.5301      0.5819E-01  0.5883       0.000      0.3604       0.000    
  268700   6.717      0.2500E-04 SHELL          4   0.0%  0.2794E-07  0.5297      0.5814E-01  0.5878       0.000      0.3604       0.000    
  268800   6.720      0.2500E-04 SHELL          4  -0.0%  0.2785E-07  0.5293      0.5810E-01  0.5874       0.000      0.3604       0.000    
  268900   6.722      0.2500E-04 SHELL          4   0.0%  0.2796E-07  0.5289      0.5805E-01  0.5869       0.000      0.3604       0.000    
  269000   6.725      0.2500E-04 SHELL          4  -0.0%  0.2788E-07  0.5285      0.5801E-01  0.5865       0.000      0.3604       0.000    
  269100   6.727      0.2500E-04 SHELL          4   0.0%  0.2798E-07  0.5280      0.5796E-01  0.5860       0.000      0.3604       0.000    
  269200   6.730      0.2500E-04 SHELL          4  -0.0%  0.2790E-07  0.5276      0.5791E-01  0.5855       0.000      0.3604       0.000    
  269300   6.732      0.2500E-04 SHELL          4   0.0%  0.2801E-07  0.5272      0.5787E-01  0.5851       0.000      0.3604       0.000    
  269400   6.735      0.2500E-04 SHELL          4  -0.0%  0.2792E-07  0.5268      0.5782E-01  0.5846       0.000      0.3604       0.000    
  269500   6.737      0.2500E-04 SHELL          4   0.0%  0.2803E-07  0.5264      0.5778E-01  0.5842       0.000      0.3604       0.000    
  269600   6.740      0.2500E-04 SHELL          4  -0.0%  0.2795E-07  0.5260      0.5773E-01  0.5837       0.000      0.3604       0.000    
  269700   6.742      0.2500E-04 SHELL          4   0.0%  0.2806E-07  0.5256      0.5769E-01  0.5832       0.000      0.3604       0.000    
  269800   6.745      0.2500E-04 SHELL          4  -0.0%  0.2797E-07  0.5251      0.5764E-01  0.5828       0.000      0.3604       0.000    
  269900   6.747      0.2500E-04 SHELL          4   0.0%  0.2808E-07  0.5247      0.5759E-01  0.5823       0.000      0.3604       0.000    
   CYCLE    TIME      TIME-STEP  ELEMENT          ERROR  I-ENERGY    K-ENERGY T  K-ENERGY R  EXT-WORK     MAS.ERR     TOTAL MASS  MASS ADDED
  270000   6.750      0.2500E-04 SHELL          4  -0.0%  0.2799E-07  0.5243      0.5755E-01  0.5818       0.000      0.3604       0.000    
     ANIMATION FILE: A23_w1_REFERENCE_ROTATION_YA028 WRITTEN
  270100   6.752      0.2500E-04 SHELL          4   0.0%  0.2810E-07  0.5239      0.5750E-01  0.5814       0.000      0.3604       0.000    
  270200   6.755      0.2500E-04 SHELL          4  -0.0%  0.2802E-07  0.5235      0.5746E-01  0.5809       0.000      0.3604       0.000    
  270300   6.757      0.2500E-04 SHELL          4   0.0%  0.2812E-07  0.5230      0.5741E-01  0.5805       0.000      0.3604       0.000    
  270400   6.760      0.2500E-04 SHELL          4  -0.0%  0.2804E-07  0.5226      0.5736E-01  0.5800       0.000      0.3604       0.000    
  270500   6.762      0.2500E-04 SHELL          4   0.0%  0.2815E-07  0.5222      0.5732E-01  0.5795       0.000      0.3604       0.000    
  270600   6.765      0.2500E-04 SHELL          4  -0.0%  0.2806E-07  0.5218      0.5727E-01  0.5791       0.000      0.3604       0.000    
  270700   6.767      0.2500E-04 SHELL          4   0.0%  0.2817E-07  0.5214      0.5723E-01  0.5786       0.000      0.3604       0.000    
  270800   6.770      0.2500E-04 SHELL          4  -0.0%  0.2809E-07  0.5209      0.5718E-01  0.5781       0.000      0.3604       0.000    
  270900   6.772      0.2500E-04 SHELL          4   0.0%  0.2819E-07  0.5205      0.5713E-01  0.5777       0.000      0.3604       0.000    
  271000   6.775      0.2500E-04 SHELL          4  -0.0%  0.2811E-07  0.5201      0.5709E-01  0.5772       0.000      0.3604       0.000    
  271100   6.777      0.2500E-04 SHELL          4   0.0%  0.2822E-07  0.5197      0.5704E-01  0.5767       0.000      0.3604       0.000    
  271200   6.780      0.2500E-04 SHELL          4  -0.0%  0.2813E-07  0.5192      0.5699E-01  0.5762       0.000      0.3604       0.000    
  271300   6.782      0.2500E-04 SHELL          4   0.0%  0.2824E-07  0.5188      0.5695E-01  0.5758       0.000      0.3604       0.000    
  271400   6.785      0.2500E-04 SHELL          4  -0.0%  0.2816E-07  0.5184      0.5690E-01  0.5753       0.000      0.3604       0.000    
  271500   6.787      0.2500E-04 SHELL          4   0.0%  0.2826E-07  0.5180      0.5685E-01  0.5748       0.000      0.3604       0.000    
  271600   6.790      0.2500E-04 SHELL          4  -0.0%  0.2818E-07  0.5176      0.5681E-01  0.5744       0.000      0.3604       0.000    
  271700   6.792      0.2500E-04 SHELL          4   0.0%  0.2828E-07  0.5171      0.5676E-01  0.5739       0.000      0.3604       0.000    
  271800   6.795      0.2500E-04 SHELL          4  -0.0%  0.2820E-07  0.5167      0.5671E-01  0.5734       0.000      0.3604       0.000    
  271900   6.797      0.2500E-04 SHELL          4   0.0%  0.2831E-07  0.5163      0.5667E-01  0.5729       0.000      0.3604       0.000    
  272000   6.800      0.2500E-04 SHELL          4  -0.0%  0.2823E-07  0.5158      0.5662E-01  0.5725       0.000      0.3604       0.000    
  272100   6.802      0.2500E-04 SHELL          4   0.0%  0.2833E-07  0.5154      0.5657E-01  0.5720       0.000      0.3604       0.000    
  272200   6.805      0.2500E-04 SHELL          4  -0.0%  0.2825E-07  0.5150      0.5653E-01  0.5715       0.000      0.3604       0.000    
  272300   6.807      0.2500E-04 SHELL          4   0.0%  0.2835E-07  0.5146      0.5648E-01  0.5710       0.000      0.3604       0.000    
  272400   6.810      0.2500E-04 SHELL          4  -0.0%  0.2827E-07  0.5141      0.5643E-01  0.5706       0.000      0.3604       0.000    
  272500   6.812      0.2500E-04 SHELL          4   0.0%  0.2837E-07  0.5137      0.5639E-01  0.5701       0.000      0.3604       0.000    
  272600   6.815      0.2500E-04 SHELL          4  -0.0%  0.2829E-07  0.5133      0.5634E-01  0.5696       0.000      0.3604       0.000    
  272700   6.817      0.2500E-04 SHELL          4   0.0%  0.2840E-07  0.5129      0.5629E-01  0.5691       0.000      0.3604       0.000    
  272800   6.820      0.2500E-04 SHELL          4  -0.0%  0.2832E-07  0.5124      0.5624E-01  0.5687       0.000      0.3604       0.000    
  272900   6.822      0.2500E-04 SHELL          4   0.0%  0.2842E-07  0.5120      0.5620E-01  0.5682       0.000      0.3604       0.000    
  273000   6.825      0.2500E-04 SHELL          4  -0.0%  0.2834E-07  0.5116      0.5615E-01  0.5677       0.000      0.3604       0.000    
  273100   6.827      0.2500E-04 SHELL          4   0.0%  0.2844E-07  0.5111      0.5610E-01  0.5672       0.000      0.3604       0.000    
  273200   6.830      0.2500E-04 SHELL          4  -0.0%  0.2836E-07  0.5107      0.5606E-01  0.5668       0.000      0.3604       0.000    
  273300   6.832      0.2500E-04 SHELL          4   0.0%  0.2846E-07  0.5103      0.5601E-01  0.5663       0.000      0.3604       0.000    
  273400   6.835      0.2500E-04 SHELL          4  -0.0%  0.2838E-07  0.5098      0.5596E-01  0.5658       0.000      0.3604       0.000    
  273500   6.837      0.2500E-04 SHELL          4   0.0%  0.2849E-07  0.5094      0.5591E-01  0.5653       0.000      0.3604       0.000    
  273600   6.840      0.2500E-04 SHELL          4  -0.0%  0.2841E-07  0.5090      0.5587E-01  0.5648       0.000      0.3604       0.000    
  273700   6.842      0.2500E-04 SHELL          4   0.0%  0.2851E-07  0.5085      0.5582E-01  0.5644       0.000      0.3604       0.000    
  273800   6.845      0.2500E-04 SHELL          4  -0.0%  0.2843E-07  0.5081      0.5577E-01  0.5639       0.000      0.3604       0.000    
  273900   6.847      0.2500E-04 SHELL          4   0.0%  0.2853E-07  0.5077      0.5572E-01  0.5634       0.000      0.3604       0.000    
  274000   6.850      0.2500E-04 SHELL          4  -0.0%  0.2845E-07  0.5072      0.5568E-01  0.5629       0.000      0.3604       0.000    
  274100   6.852      0.2500E-04 SHELL          4   0.0%  0.2855E-07  0.5068      0.5563E-01  0.5624       0.000      0.3604       0.000    
  274200   6.855      0.2500E-04 SHELL          4  -0.0%  0.2847E-07  0.5064      0.5558E-01  0.5619       0.000      0.3604       0.000    
  274300   6.857      0.2500E-04 SHELL          4   0.0%  0.2857E-07  0.5059      0.5553E-01  0.5615       0.000      0.3604       0.000    
  274400   6.860      0.2500E-04 SHELL          4  -0.0%  0.2849E-07  0.5055      0.5548E-01  0.5610       0.000      0.3604       0.000    
  274500   6.862      0.2500E-04 SHELL          4   0.0%  0.2859E-07  0.5051      0.5544E-01  0.5605       0.000      0.3604       0.000    
  274600   6.865      0.2500E-04 SHELL          4  -0.0%  0.2852E-07  0.5046      0.5539E-01  0.5600       0.000      0.3604       0.000    
  274700   6.867      0.2500E-04 SHELL          4   0.0%  0.2862E-07  0.5042      0.5534E-01  0.5595       0.000      0.3604       0.000    
  274800   6.870      0.2500E-04 SHELL          4  -0.0%  0.2854E-07  0.5037      0.5529E-01  0.5590       0.000      0.3604       0.000    
  274900   6.872      0.2500E-04 SHELL          4   0.0%  0.2864E-07  0.5033      0.5524E-01  0.5585       0.000      0.3604       0.000    
  275000   6.875      0.2500E-04 SHELL          4  -0.0%  0.2856E-07  0.5029      0.5520E-01  0.5581       0.000      0.3604       0.000    
  275100   6.877      0.2500E-04 SHELL          4   0.0%  0.2866E-07  0.5024      0.5515E-01  0.5576       0.000      0.3604       0.000    
  275200   6.880      0.2500E-04 SHELL          4  -0.0%  0.2858E-07  0.5020      0.5510E-01  0.5571       0.000      0.3604       0.000    
  275300   6.882      0.2500E-04 SHELL          4   0.0%  0.2868E-07  0.5015      0.5505E-01  0.5566       0.000      0.3604       0.000    
  275400   6.885      0.2500E-04 SHELL          4  -0.0%  0.2860E-07  0.5011      0.5500E-01  0.5561       0.000      0.3604       0.000    
  275500   6.887      0.2500E-04 SHELL          4   0.0%  0.2870E-07  0.5007      0.5495E-01  0.5556       0.000      0.3604       0.000    
  275600   6.890      0.2500E-04 SHELL          4  -0.0%  0.2862E-07  0.5002      0.5491E-01  0.5551       0.000      0.3604       0.000    
  275700   6.892      0.2500E-04 SHELL          4   0.0%  0.2872E-07  0.4998      0.5486E-01  0.5546       0.000      0.3604       0.000    
  275800   6.895      0.2500E-04 SHELL          4  -0.0%  0.2864E-07  0.4993      0.5481E-01  0.5541       0.000      0.3604       0.000    
  275900   6.897      0.2500E-04 SHELL          4   0.0%  0.2874E-07  0.4989      0.5476E-01  0.5537       0.000      0.3604       0.000    
  276000   6.900      0.2500E-04 SHELL          4  -0.0%  0.2867E-07  0.4985      0.5471E-01  0.5532       0.000      0.3604       0.000    
  276100   6.902      0.2500E-04 SHELL          4   0.0%  0.2876E-07  0.4980      0.5466E-01  0.5527       0.000      0.3604       0.000    
  276200   6.905      0.2500E-04 SHELL          4  -0.0%  0.2869E-07  0.4976      0.5461E-01  0.5522       0.000      0.3604       0.000    
  276300   6.907      0.2500E-04 SHELL          4   0.0%  0.2878E-07  0.4971      0.5457E-01  0.5517       0.000      0.3604       0.000    
  276400   6.910      0.2500E-04 SHELL          4  -0.0%  0.2871E-07  0.4967      0.5452E-01  0.5512       0.000      0.3604       0.000    
  276500   6.912      0.2500E-04 SHELL          4   0.0%  0.2881E-07  0.4962      0.5447E-01  0.5507       0.000      0.3604       0.000    
  276600   6.915      0.2500E-04 SHELL          4  -0.0%  0.2873E-07  0.4958      0.5442E-01  0.5502       0.000      0.3604       0.000    
  276700   6.917      0.2500E-04 SHELL          4   0.0%  0.2883E-07  0.4953      0.5437E-01  0.5497       0.000      0.3604       0.000    
  276800   6.920      0.2500E-04 SHELL          4  -0.0%  0.2875E-07  0.4949      0.5432E-01  0.5492       0.000      0.3604       0.000    
  276900   6.922      0.2500E-04 SHELL          4   0.0%  0.2885E-07  0.4945      0.5427E-01  0.5487       0.000      0.3604       0.000    
  277000   6.925      0.2500E-04 SHELL          4  -0.0%  0.2877E-07  0.4940      0.5422E-01  0.5482       0.000      0.3604       0.000    
  277100   6.927      0.2500E-04 SHELL          4   0.0%  0.2887E-07  0.4936      0.5417E-01  0.5477       0.000      0.3604       0.000    
  277200   6.930      0.2500E-04 SHELL          4  -0.0%  0.2879E-07  0.4931      0.5413E-01  0.5472       0.000      0.3604       0.000    
  277300   6.932      0.2500E-04 SHELL          4   0.0%  0.2889E-07  0.4927      0.5408E-01  0.5467       0.000      0.3604       0.000    
  277400   6.935      0.2500E-04 SHELL          4  -0.0%  0.2881E-07  0.4922      0.5403E-01  0.5462       0.000      0.3604       0.000    
  277500   6.937      0.2500E-04 SHELL          4   0.0%  0.2891E-07  0.4918      0.5398E-01  0.5457       0.000      0.3604       0.000    
  277600   6.940      0.2500E-04 SHELL          4  -0.0%  0.2883E-07  0.4913      0.5393E-01  0.5453       0.000      0.3604       0.000    
  277700   6.942      0.2500E-04 SHELL          4   0.0%  0.2893E-07  0.4909      0.5388E-01  0.5448       0.000      0.3604       0.000    
  277800   6.945      0.2500E-04 SHELL          4  -0.0%  0.2885E-07  0.4904      0.5383E-01  0.5443       0.000      0.3604       0.000    
  277900   6.947      0.2500E-04 SHELL          4   0.0%  0.2895E-07  0.4900      0.5378E-01  0.5438       0.000      0.3604       0.000    
  278000   6.950      0.2500E-04 SHELL          4  -0.0%  0.2888E-07  0.4895      0.5373E-01  0.5433       0.000      0.3604       0.000    
  278100   6.952      0.2500E-04 SHELL          4   0.0%  0.2897E-07  0.4891      0.5368E-01  0.5428       0.000      0.3604       0.000    
  278200   6.955      0.2500E-04 SHELL          4  -0.0%  0.2890E-07  0.4886      0.5363E-01  0.5423       0.000      0.3604       0.000    
  278300   6.957      0.2500E-04 SHELL          4   0.0%  0.2899E-07  0.4882      0.5358E-01  0.5418       0.000      0.3604       0.000    
  278400   6.960      0.2500E-04 SHELL          4  -0.0%  0.2892E-07  0.4877      0.5353E-01  0.5413       0.000      0.3604       0.000    
  278500   6.962      0.2500E-04 SHELL          4   0.0%  0.2901E-07  0.4873      0.5348E-01  0.5408       0.000      0.3604       0.000    
  278600   6.965      0.2500E-04 SHELL          4  -0.0%  0.2894E-07  0.4868      0.5343E-01  0.5402       0.000      0.3604       0.000    
  278700   6.967      0.2500E-04 SHELL          4   0.0%  0.2903E-07  0.4864      0.5338E-01  0.5397       0.000      0.3604       0.000    
  278800   6.970      0.2500E-04 SHELL          4  -0.0%  0.2896E-07  0.4859      0.5333E-01  0.5392       0.000      0.3604       0.000    
  278900   6.972      0.2500E-04 SHELL          4   0.0%  0.2905E-07  0.4855      0.5328E-01  0.5387       0.000      0.3604       0.000    
  279000   6.975      0.2500E-04 SHELL          4  -0.0%  0.2898E-07  0.4850      0.5324E-01  0.5382       0.000      0.3604       0.000    
  279100   6.977      0.2500E-04 SHELL          4   0.0%  0.2907E-07  0.4845      0.5319E-01  0.5377       0.000      0.3604       0.000    
  279200   6.980      0.2500E-04 SHELL          4  -0.0%  0.2900E-07  0.4841      0.5314E-01  0.5372       0.000      0.3604       0.000    
  279300   6.982      0.2500E-04 SHELL          4   0.0%  0.2909E-07  0.4836      0.5309E-01  0.5367       0.000      0.3604       0.000    
  279400   6.985      0.2500E-04 SHELL          4  -0.0%  0.2902E-07  0.4832      0.5304E-01  0.5362       0.000      0.3604       0.000    
  279500   6.987      0.2500E-04 SHELL          4   0.0%  0.2911E-07  0.4827      0.5299E-01  0.5357       0.000      0.3604       0.000    
  279600   6.990      0.2500E-04 SHELL          4  -0.0%  0.2904E-07  0.4823      0.5294E-01  0.5352       0.000      0.3604       0.000    
  279700   6.992      0.2500E-04 SHELL          4   0.0%  0.2913E-07  0.4818      0.5289E-01  0.5347       0.000      0.3604       0.000    
  279800   6.995      0.2500E-04 SHELL          4  -0.0%  0.2906E-07  0.4814      0.5284E-01  0.5342       0.000      0.3604       0.000    
  279900   6.997      0.2500E-04 SHELL          4   0.0%  0.2915E-07  0.4809      0.5278E-01  0.5337       0.000      0.3604       0.000    
   CYCLE    TIME      TIME-STEP  ELEMENT          ERROR  I-ENERGY    K-ENERGY T  K-ENERGY R  EXT-WORK     MAS.ERR     TOTAL MASS  MASS ADDED
  280000   7.000      0.2500E-04 SHELL          4  -0.0%  0.2908E-07  0.4804      0.5273E-01  0.5332       0.000      0.3604       0.000    
     ANIMATION FILE: A23_w1_REFERENCE_ROTATION_YA029 WRITTEN
  280100   7.002      0.2500E-04 SHELL          4   0.0%  0.2917E-07  0.4800      0.5268E-01  0.5327       0.000      0.3604       0.000    
  280200   7.005      0.2500E-04 SHELL          4  -0.0%  0.2910E-07  0.4795      0.5263E-01  0.5322       0.000      0.3604       0.000    
  280300   7.007      0.2500E-04 SHELL          4   0.0%  0.2919E-07  0.4791      0.5258E-01  0.5317       0.000      0.3604       0.000    
  280400   7.010      0.2500E-04 SHELL          4  -0.0%  0.2912E-07  0.4786      0.5253E-01  0.5311       0.000      0.3604       0.000    
  280500   7.012      0.2500E-04 SHELL          4   0.0%  0.2921E-07  0.4782      0.5248E-01  0.5306       0.000      0.3604       0.000    
  280600   7.015      0.2500E-04 SHELL          4  -0.0%  0.2914E-07  0.4777      0.5243E-01  0.5301       0.000      0.3604       0.000    
  280700   7.017      0.2500E-04 SHELL          4   0.0%  0.2923E-07  0.4772      0.5238E-01  0.5296       0.000      0.3604       0.000    
  280800   7.020      0.2500E-04 SHELL          4  -0.0%  0.2916E-07  0.4768      0.5233E-01  0.5291       0.000      0.3604       0.000    
  280900   7.022      0.2500E-04 SHELL          4   0.0%  0.2924E-07  0.4763      0.5228E-01  0.5286       0.000      0.3604       0.000    
  281000   7.025      0.2500E-04 SHELL          4  -0.0%  0.2917E-07  0.4759      0.5223E-01  0.5281       0.000      0.3604       0.000    
  281100   7.027      0.2500E-04 SHELL          4   0.0%  0.2926E-07  0.4754      0.5218E-01  0.5276       0.000      0.3604       0.000    
  281200   7.030      0.2500E-04 SHELL          4  -0.0%  0.2919E-07  0.4749      0.5213E-01  0.5271       0.000      0.3604       0.000    
  281300   7.032      0.2500E-04 SHELL          4   0.0%  0.2928E-07  0.4745      0.5208E-01  0.5265       0.000      0.3604       0.000    
  281400   7.035      0.2500E-04 SHELL          4  -0.0%  0.2921E-07  0.4740      0.5203E-01  0.5260       0.000      0.3604       0.000    
  281500   7.037      0.2500E-04 SHELL          4   0.0%  0.2930E-07  0.4735      0.5198E-01  0.5255       0.000      0.3604       0.000    
  281600   7.040      0.2500E-04 SHELL          4  -0.0%  0.2923E-07  0.4731      0.5193E-01  0.5250       0.000      0.3604       0.000    
  281700   7.042      0.2500E-04 SHELL          4   0.0%  0.2932E-07  0.4726      0.5188E-01  0.5245       0.000      0.3604       0.000    
  281800   7.045      0.2500E-04 SHELL          4  -0.0%  0.2925E-07  0.4722      0.5182E-01  0.5240       0.000      0.3604       0.000    
  281900   7.047      0.2500E-04 SHELL          4   0.0%  0.2934E-07  0.4717      0.5177E-01  0.5235       0.000      0.3604       0.000    
  282000   7.050      0.2500E-04 SHELL          4  -0.0%  0.2927E-07  0.4712      0.5172E-01  0.5229       0.000      0.3604       0.000    
  282100   7.052      0.2500E-04 SHELL          4  -0.0%  0.2936E-07  0.4708      0.5167E-01  0.5224       0.000      0.3604       0.000    
  282200   7.055      0.2500E-04 SHELL          4  -0.0%  0.2929E-07  0.4703      0.5162E-01  0.5219       0.000      0.3604       0.000    
  282300   7.057      0.2500E-04 SHELL          4  -0.0%  0.2938E-07  0.4698      0.5157E-01  0.5214       0.000      0.3604       0.000    
  282400   7.060      0.2500E-04 SHELL          4  -0.0%  0.2931E-07  0.4694      0.5152E-01  0.5209       0.000      0.3604       0.000    
  282500   7.062      0.2500E-04 SHELL          4  -0.0%  0.2939E-07  0.4689      0.5147E-01  0.5204       0.000      0.3604       0.000    
  282600   7.065      0.2500E-04 SHELL          4  -0.0%  0.2933E-07  0.4684      0.5142E-01  0.5198       0.000      0.3604       0.000    
  282700   7.067      0.2500E-04 SHELL          4  -0.0%  0.2941E-07  0.4680      0.5136E-01  0.5193       0.000      0.3604       0.000    
  282800   7.070      0.2500E-04 SHELL          4  -0.0%  0.2935E-07  0.4675      0.5131E-01  0.5188       0.000      0.3604       0.000    
  282900   7.072      0.2500E-04 SHELL          4  -0.0%  0.2943E-07  0.4670      0.5126E-01  0.5183       0.000      0.3604       0.000    
  283000   7.075      0.2500E-04 SHELL          4  -0.0%  0.2936E-07  0.4666      0.5121E-01  0.5178       0.000      0.3604       0.000    
  283100   7.077      0.2500E-04 SHELL          4  -0.0%  0.2945E-07  0.4661      0.5116E-01  0.5173       0.000      0.3604       0.000    
  283200   7.080      0.2500E-04 SHELL          4  -0.0%  0.2938E-07  0.4656      0.5111E-01  0.5167       0.000      0.3604       0.000    
  283300   7.082      0.2500E-04 SHELL          4  -0.0%  0.2947E-07  0.4652      0.5106E-01  0.5162       0.000      0.3604       0.000    
  283400   7.085      0.2500E-04 SHELL          4  -0.0%  0.2940E-07  0.4647      0.5101E-01  0.5157       0.000      0.3604       0.000    
  283500   7.087      0.2500E-04 SHELL          4  -0.0%  0.2949E-07  0.4642      0.5095E-01  0.5152       0.000      0.3604       0.000    
  283600   7.090      0.2500E-04 SHELL          4  -0.0%  0.2942E-07  0.4637      0.5090E-01  0.5147       0.000      0.3604       0.000    
  283700   7.092      0.2500E-04 SHELL          4  -0.0%  0.2950E-07  0.4633      0.5085E-01  0.5141       0.000      0.3604       0.000    
  283800   7.095      0.2500E-04 SHELL          4  -0.0%  0.2944E-07  0.4628      0.5080E-01  0.5136       0.000      0.3604       0.000    
  283900   7.097      0.2500E-04 SHELL          4  -0.0%  0.2952E-07  0.4623      0.5075E-01  0.5131       0.000      0.3604       0.000    
  284000   7.100      0.2500E-04 SHELL          4  -0.0%  0.2946E-07  0.4619      0.5070E-01  0.5126       0.000      0.3604       0.000    
  284100   7.102      0.2500E-04 SHELL          4  -0.0%  0.2954E-07  0.4614      0.5064E-01  0.5120       0.000      0.3604       0.000    
  284200   7.105      0.2500E-04 SHELL          4  -0.0%  0.2948E-07  0.4609      0.5059E-01  0.5115       0.000      0.3604       0.000    
  284300   7.107      0.2500E-04 SHELL          4  -0.0%  0.2956E-07  0.4605      0.5054E-01  0.5110       0.000      0.3604       0.000    
  284400   7.110      0.2500E-04 SHELL          4  -0.0%  0.2949E-07  0.4600      0.5049E-01  0.5105       0.000      0.3604       0.000    
  284500   7.112      0.2500E-04 SHELL          4  -0.0%  0.2958E-07  0.4595      0.5044E-01  0.5099       0.000      0.3604       0.000    
  284600   7.115      0.2500E-04 SHELL          4  -0.0%  0.2951E-07  0.4590      0.5038E-01  0.5094       0.000      0.3604       0.000    
  284700   7.117      0.2500E-04 SHELL          4  -0.0%  0.2959E-07  0.4586      0.5033E-01  0.5089       0.000      0.3604       0.000    
  284800   7.120      0.2500E-04 SHELL          4  -0.0%  0.2953E-07  0.4581      0.5028E-01  0.5084       0.000      0.3604       0.000    
  284900   7.122      0.2500E-04 SHELL          4  -0.0%  0.2961E-07  0.4576      0.5023E-01  0.5078       0.000      0.3604       0.000    
  285000   7.125      0.2500E-04 SHELL          4  -0.0%  0.2955E-07  0.4571      0.5018E-01  0.5073       0.000      0.3604       0.000    
  285100   7.127      0.2500E-04 SHELL          4  -0.0%  0.2963E-07  0.4567      0.5012E-01  0.5068       0.000      0.3604       0.000    
  285200   7.130      0.2500E-04 SHELL          4  -0.0%  0.2957E-07  0.4562      0.5007E-01  0.5063       0.000      0.3604       0.000    
  285300   7.132      0.2500E-04 SHELL          4  -0.0%  0.2965E-07  0.4557      0.5002E-01  0.5057       0.000      0.3604       0.000    
  285400   7.135      0.2500E-04 SHELL          4  -0.0%  0.2958E-07  0.4552      0.4997E-01  0.5052       0.000      0.3604       0.000    
  285500   7.137      0.2500E-04 SHELL          4  -0.0%  0.2966E-07  0.4548      0.4992E-01  0.5047       0.000      0.3604       0.000    
  285600   7.140      0.2500E-04 SHELL          4  -0.0%  0.2960E-07  0.4543      0.4986E-01  0.5042       0.000      0.3604       0.000    
  285700   7.142      0.2500E-04 SHELL          4  -0.0%  0.2968E-07  0.4538      0.4981E-01  0.5036       0.000      0.3604       0.000    
  285800   7.145      0.2500E-04 SHELL          4  -0.0%  0.2962E-07  0.4533      0.4976E-01  0.5031       0.000      0.3604       0.000    
  285900   7.147      0.2500E-04 SHELL          4  -0.0%  0.2970E-07  0.4529      0.4971E-01  0.5026       0.000      0.3604       0.000    
  286000   7.150      0.2500E-04 SHELL          4  -0.0%  0.2964E-07  0.4524      0.4965E-01  0.5020       0.000      0.3604       0.000    
  286100   7.152      0.2500E-04 SHELL          4  -0.0%  0.2972E-07  0.4519      0.4960E-01  0.5015       0.000      0.3604       0.000    
  286200   7.155      0.2500E-04 SHELL          4  -0.0%  0.2965E-07  0.4514      0.4955E-01  0.5010       0.000      0.3604       0.000    
  286300   7.157      0.2500E-04 SHELL          4  -0.0%  0.2973E-07  0.4510      0.4950E-01  0.5004       0.000      0.3604       0.000    
  286400   7.160      0.2500E-04 SHELL          4  -0.0%  0.2967E-07  0.4505      0.4944E-01  0.4999       0.000      0.3604       0.000    
  286500   7.162      0.2500E-04 SHELL          4  -0.0%  0.2975E-07  0.4500      0.4939E-01  0.4994       0.000      0.3604       0.000    
  286600   7.165      0.2500E-04 SHELL          4  -0.0%  0.2969E-07  0.4495      0.4934E-01  0.4989       0.000      0.3604       0.000    
  286700   7.167      0.2500E-04 SHELL          4  -0.0%  0.2977E-07  0.4490      0.4929E-01  0.4983       0.000      0.3604       0.000    
  286800   7.170      0.2500E-04 SHELL          4  -0.0%  0.2971E-07  0.4486      0.4923E-01  0.4978       0.000      0.3604       0.000    
  286900   7.172      0.2500E-04 SHELL          4  -0.0%  0.2978E-07  0.4481      0.4918E-01  0.4973       0.000      0.3604       0.000    
  287000   7.175      0.2500E-04 SHELL          4  -0.0%  0.2972E-07  0.4476      0.4913E-01  0.4967       0.000      0.3604       0.000    
  287100   7.177      0.2500E-04 SHELL          4  -0.0%  0.2980E-07  0.4471      0.4908E-01  0.4962       0.000      0.3604       0.000    
  287200   7.180      0.2500E-04 SHELL          4  -0.0%  0.2974E-07  0.4466      0.4902E-01  0.4957       0.000      0.3604       0.000    
  287300   7.182      0.2500E-04 SHELL          4  -0.0%  0.2982E-07  0.4462      0.4897E-01  0.4951       0.000      0.3604       0.000    
  287400   7.185      0.2500E-04 SHELL          4  -0.0%  0.2976E-07  0.4457      0.4892E-01  0.4946       0.000      0.3604       0.000    
  287500   7.187      0.2500E-04 SHELL          4  -0.0%  0.2983E-07  0.4452      0.4887E-01  0.4941       0.000      0.3604       0.000    
  287600   7.190      0.2500E-04 SHELL          4  -0.0%  0.2977E-07  0.4447      0.4881E-01  0.4935       0.000      0.3604       0.000    
  287700   7.192      0.2500E-04 SHELL          4  -0.0%  0.2985E-07  0.4442      0.4876E-01  0.4930       0.000      0.3604       0.000    
  287800   7.195      0.2500E-04 SHELL          4  -0.0%  0.2979E-07  0.4437      0.4871E-01  0.4925       0.000      0.3604       0.000    
  287900   7.197      0.2500E-04 SHELL          4  -0.0%  0.2987E-07  0.4433      0.4865E-01  0.4919       0.000      0.3604       0.000    
  288000   7.200      0.2500E-04 SHELL          4  -0.0%  0.2981E-07  0.4428      0.4860E-01  0.4914       0.000      0.3604       0.000    
  288100   7.202      0.2500E-04 SHELL          4  -0.0%  0.2988E-07  0.4423      0.4855E-01  0.4908       0.000      0.3604       0.000    
  288200   7.205      0.2500E-04 SHELL          4  -0.0%  0.2982E-07  0.4418      0.4849E-01  0.4903       0.000      0.3604       0.000    
  288300   7.207      0.2500E-04 SHELL          4  -0.0%  0.2990E-07  0.4413      0.4844E-01  0.4898       0.000      0.3604       0.000    
  288400   7.210      0.2500E-04 SHELL          4  -0.0%  0.2984E-07  0.4408      0.4839E-01  0.4892       0.000      0.3604       0.000    
  288500   7.212      0.2500E-04 SHELL          4  -0.0%  0.2992E-07  0.4404      0.4833E-01  0.4887       0.000      0.3604       0.000    
  288600   7.215      0.2500E-04 SHELL          4  -0.0%  0.2986E-07  0.4399      0.4828E-01  0.4882       0.000      0.3604       0.000    
  288700   7.217      0.2500E-04 SHELL          4  -0.0%  0.2993E-07  0.4394      0.4823E-01  0.4876       0.000      0.3604       0.000    
  288800   7.220      0.2500E-04 SHELL          4  -0.0%  0.2987E-07  0.4389      0.4818E-01  0.4871       0.000      0.3604       0.000    
  288900   7.222      0.2500E-04 SHELL          4  -0.0%  0.2995E-07  0.4384      0.4812E-01  0.4865       0.000      0.3604       0.000    
  289000   7.225      0.2500E-04 SHELL          4  -0.0%  0.2989E-07  0.4379      0.4807E-01  0.4860       0.000      0.3604       0.000    
  289100   7.227      0.2500E-04 SHELL          4  -0.0%  0.2997E-07  0.4374      0.4802E-01  0.4855       0.000      0.3604       0.000    
  289200   7.230      0.2500E-04 SHELL          4  -0.0%  0.2991E-07  0.4370      0.4796E-01  0.4849       0.000      0.3604       0.000    
  289300   7.232      0.2500E-04 SHELL          4  -0.0%  0.2998E-07  0.4365      0.4791E-01  0.4844       0.000      0.3604       0.000    
  289400   7.235      0.2500E-04 SHELL          4  -0.0%  0.2992E-07  0.4360      0.4785E-01  0.4838       0.000      0.3604       0.000    
  289500   7.237      0.2500E-04 SHELL          4  -0.0%  0.3000E-07  0.4355      0.4780E-01  0.4833       0.000      0.3604       0.000    
  289600   7.240      0.2500E-04 SHELL          4  -0.0%  0.2994E-07  0.4350      0.4775E-01  0.4828       0.000      0.3604       0.000    
  289700   7.242      0.2500E-04 SHELL          4  -0.0%  0.3001E-07  0.4345      0.4769E-01  0.4822       0.000      0.3604       0.000    
  289800   7.245      0.2500E-04 SHELL          4  -0.0%  0.2996E-07  0.4340      0.4764E-01  0.4817       0.000      0.3604       0.000    
  289900   7.247      0.2500E-04 SHELL          4  -0.0%  0.3003E-07  0.4335      0.4759E-01  0.4811       0.000      0.3604       0.000    
   CYCLE    TIME      TIME-STEP  ELEMENT          ERROR  I-ENERGY    K-ENERGY T  K-ENERGY R  EXT-WORK     MAS.ERR     TOTAL MASS  MASS ADDED
  290000   7.250      0.2500E-04 SHELL          4  -0.0%  0.2997E-07  0.4331      0.4753E-01  0.4806       0.000      0.3604       0.000    
     ANIMATION FILE: A23_w1_REFERENCE_ROTATION_YA030 WRITTEN
  290100   7.252      0.2500E-04 SHELL          4  -0.0%  0.3005E-07  0.4326      0.4748E-01  0.4800       0.000      0.3604       0.000    
  290200   7.255      0.2500E-04 SHELL          4  -0.0%  0.2999E-07  0.4321      0.4743E-01  0.4795       0.000      0.3604       0.000    
  290300   7.257      0.2500E-04 SHELL          4  -0.0%  0.3006E-07  0.4316      0.4737E-01  0.4790       0.000      0.3604       0.000    
  290400   7.260      0.2500E-04 SHELL          4  -0.0%  0.3000E-07  0.4311      0.4732E-01  0.4784       0.000      0.3604       0.000    
  290500   7.262      0.2500E-04 SHELL          4  -0.0%  0.3008E-07  0.4306      0.4726E-01  0.4779       0.000      0.3604       0.000    
  290600   7.265      0.2500E-04 SHELL          4  -0.0%  0.3002E-07  0.4301      0.4721E-01  0.4773       0.000      0.3604       0.000    
  290700   7.267      0.2500E-04 SHELL          4  -0.0%  0.3009E-07  0.4296      0.4716E-01  0.4768       0.000      0.3604       0.000    
  290800   7.270      0.2500E-04 SHELL          4  -0.0%  0.3004E-07  0.4291      0.4710E-01  0.4762       0.000      0.3604       0.000    
  290900   7.272      0.2500E-04 SHELL          4  -0.0%  0.3011E-07  0.4286      0.4705E-01  0.4757       0.000      0.3604       0.000    
  291000   7.275      0.2500E-04 SHELL          4  -0.0%  0.3005E-07  0.4282      0.4700E-01  0.4752       0.000      0.3604       0.000    
  291100   7.277      0.2500E-04 SHELL          4  -0.0%  0.3012E-07  0.4277      0.4694E-01  0.4746       0.000      0.3604       0.000    
  291200   7.280      0.2500E-04 SHELL          4  -0.0%  0.3007E-07  0.4272      0.4689E-01  0.4741       0.000      0.3604       0.000    
  291300   7.282      0.2500E-04 SHELL          4  -0.0%  0.3014E-07  0.4267      0.4683E-01  0.4735       0.000      0.3604       0.000    
  291400   7.285      0.2500E-04 SHELL          4  -0.0%  0.3008E-07  0.4262      0.4678E-01  0.4730       0.000      0.3604       0.000    
  291500   7.287      0.2500E-04 SHELL          4  -0.0%  0.3015E-07  0.4257      0.4673E-01  0.4724       0.000      0.3604       0.000    
  291600   7.290      0.2500E-04 SHELL          4  -0.0%  0.3010E-07  0.4252      0.4667E-01  0.4719       0.000      0.3604       0.000    
  291700   7.292      0.2500E-04 SHELL          4  -0.0%  0.3017E-07  0.4247      0.4662E-01  0.4713       0.000      0.3604       0.000    
  291800   7.295      0.2500E-04 SHELL          4  -0.0%  0.3011E-07  0.4242      0.4656E-01  0.4708       0.000      0.3604       0.000    
  291900   7.297      0.2500E-04 SHELL          4  -0.0%  0.3018E-07  0.4237      0.4651E-01  0.4702       0.000      0.3604       0.000    
  292000   7.300      0.2500E-04 SHELL          4  -0.0%  0.3013E-07  0.4232      0.4645E-01  0.4697       0.000      0.3604       0.000    
  292100   7.302      0.2500E-04 SHELL          4  -0.0%  0.3020E-07  0.4227      0.4640E-01  0.4691       0.000      0.3604       0.000    
  292200   7.305      0.2500E-04 SHELL          4  -0.0%  0.3014E-07  0.4222      0.4635E-01  0.4686       0.000      0.3604       0.000    
  292300   7.307      0.2500E-04 SHELL          4  -0.0%  0.3021E-07  0.4217      0.4629E-01  0.4680       0.000      0.3604       0.000    
  292400   7.310      0.2500E-04 SHELL          4  -0.0%  0.3016E-07  0.4213      0.4624E-01  0.4675       0.000      0.3604       0.000    
  292500   7.312      0.2500E-04 SHELL          4  -0.0%  0.3023E-07  0.4208      0.4618E-01  0.4669       0.000      0.3604       0.000    
  292600   7.315      0.2500E-04 SHELL          4  -0.0%  0.3017E-07  0.4203      0.4613E-01  0.4664       0.000      0.3604       0.000    
  292700   7.317      0.2500E-04 SHELL          4  -0.0%  0.3024E-07  0.4198      0.4607E-01  0.4658       0.000      0.3604       0.000    
  292800   7.320      0.2500E-04 SHELL          4  -0.0%  0.3019E-07  0.4193      0.4602E-01  0.4653       0.000      0.3604       0.000    
  292900   7.322      0.2500E-04 SHELL          4  -0.0%  0.3026E-07  0.4188      0.4597E-01  0.4647       0.000      0.3604       0.000    
  293000   7.325      0.2500E-04 SHELL          4  -0.0%  0.3020E-07  0.4183      0.4591E-01  0.4642       0.000      0.3604       0.000    
  293100   7.327      0.2500E-04 SHELL          4  -0.0%  0.3027E-07  0.4178      0.4586E-01  0.4636       0.000      0.3604       0.000    
  293200   7.330      0.2500E-04 SHELL          4  -0.0%  0.3022E-07  0.4173      0.4580E-01  0.4631       0.000      0.3604       0.000    
  293300   7.332      0.2500E-04 SHELL          4  -0.0%  0.3029E-07  0.4168      0.4575E-01  0.4625       0.000      0.3604       0.000    
  293400   7.335      0.2500E-04 SHELL          4  -0.0%  0.3023E-07  0.4163      0.4569E-01  0.4620       0.000      0.3604       0.000    
  293500   7.337      0.2500E-04 SHELL          4  -0.0%  0.3030E-07  0.4158      0.4564E-01  0.4614       0.000      0.3604       0.000    
  293600   7.340      0.2500E-04 SHELL          4  -0.0%  0.3025E-07  0.4153      0.4558E-01  0.4609       0.000      0.3604       0.000    
  293700   7.342      0.2500E-04 SHELL          4  -0.0%  0.3032E-07  0.4148      0.4553E-01  0.4603       0.000      0.3604       0.000    
  293800   7.345      0.2500E-04 SHELL          4  -0.0%  0.3026E-07  0.4143      0.4547E-01  0.4598       0.000      0.3604       0.000    
  293900   7.347      0.2500E-04 SHELL          4  -0.0%  0.3033E-07  0.4138      0.4542E-01  0.4592       0.000      0.3604       0.000    
  294000   7.350      0.2500E-04 SHELL          4  -0.0%  0.3028E-07  0.4133      0.4537E-01  0.4587       0.000      0.3604       0.000    
  294100   7.352      0.2500E-04 SHELL          4  -0.0%  0.3035E-07  0.4128      0.4531E-01  0.4581       0.000      0.3604       0.000    
  294200   7.355      0.2500E-04 SHELL          4  -0.0%  0.3029E-07  0.4123      0.4526E-01  0.4576       0.000      0.3604       0.000    
  294300   7.357      0.2500E-04 SHELL          4  -0.0%  0.3036E-07  0.4118      0.4520E-01  0.4570       0.000      0.3604       0.000    
  294400   7.360      0.2500E-04 SHELL          4  -0.0%  0.3031E-07  0.4113      0.4515E-01  0.4565       0.000      0.3604       0.000    
  294500   7.362      0.2500E-04 SHELL          4  -0.0%  0.3037E-07  0.4108      0.4509E-01  0.4559       0.000      0.3604       0.000    
  294600   7.365      0.2500E-04 SHELL          4  -0.0%  0.3032E-07  0.4103      0.4504E-01  0.4553       0.000      0.3604       0.000    
  294700   7.367      0.2500E-04 SHELL          4  -0.0%  0.3039E-07  0.4098      0.4498E-01  0.4548       0.000      0.3604       0.000    
  294800   7.370      0.2500E-04 SHELL          4  -0.0%  0.3034E-07  0.4093      0.4493E-01  0.4542       0.000      0.3604       0.000    
  294900   7.372      0.2500E-04 SHELL          4  -0.0%  0.3040E-07  0.4088      0.4487E-01  0.4537       0.000      0.3604       0.000    
  295000   7.375      0.2500E-04 SHELL          4  -0.0%  0.3035E-07  0.4083      0.4482E-01  0.4531       0.000      0.3604       0.000    
  295100   7.377      0.2500E-04 SHELL          4  -0.0%  0.3042E-07  0.4078      0.4476E-01  0.4526       0.000      0.3604       0.000    
  295200   7.380      0.2500E-04 SHELL          4  -0.0%  0.3036E-07  0.4073      0.4471E-01  0.4520       0.000      0.3604       0.000    
  295300   7.382      0.2500E-04 SHELL          4  -0.0%  0.3043E-07  0.4068      0.4465E-01  0.4515       0.000      0.3604       0.000    
  295400   7.385      0.2500E-04 SHELL          4  -0.0%  0.3038E-07  0.4063      0.4460E-01  0.4509       0.000      0.3604       0.000    
  295500   7.387      0.2500E-04 SHELL          4  -0.0%  0.3044E-07  0.4058      0.4454E-01  0.4503       0.000      0.3604       0.000    
  295600   7.390      0.2500E-04 SHELL          4  -0.0%  0.3039E-07  0.4053      0.4449E-01  0.4498       0.000      0.3604       0.000    
  295700   7.392      0.2500E-04 SHELL          4  -0.0%  0.3046E-07  0.4048      0.4443E-01  0.4492       0.000      0.3604       0.000    
  295800   7.395      0.2500E-04 SHELL          4  -0.0%  0.3041E-07  0.4043      0.4438E-01  0.4487       0.000      0.3604       0.000    
  295900   7.397      0.2500E-04 SHELL          4  -0.0%  0.3047E-07  0.4038      0.4432E-01  0.4481       0.000      0.3604       0.000    
  296000   7.400      0.2500E-04 SHELL          4  -0.0%  0.3042E-07  0.4033      0.4427E-01  0.4476       0.000      0.3604       0.000    
  296100   7.402      0.2500E-04 SHELL          4  -0.0%  0.3048E-07  0.4028      0.4421E-01  0.4470       0.000      0.3604       0.000    
  296200   7.405      0.2500E-04 SHELL          4  -0.0%  0.3044E-07  0.4023      0.4416E-01  0.4464       0.000      0.3604       0.000    
  296300   7.407      0.2500E-04 SHELL          4  -0.0%  0.3050E-07  0.4018      0.4410E-01  0.4459       0.000      0.3604       0.000    
  296400   7.410      0.2500E-04 SHELL          4  -0.0%  0.3045E-07  0.4013      0.4404E-01  0.4453       0.000      0.3604       0.000    
  296500   7.412      0.2500E-04 SHELL          4  -0.0%  0.3051E-07  0.4008      0.4399E-01  0.4448       0.000      0.3604       0.000    
  296600   7.415      0.2500E-04 SHELL          4  -0.0%  0.3046E-07  0.4003      0.4393E-01  0.4442       0.000      0.3604       0.000    
  296700   7.417      0.2500E-04 SHELL          4  -0.0%  0.3053E-07  0.3998      0.4388E-01  0.4436       0.000      0.3604       0.000    
  296800   7.420      0.2500E-04 SHELL          4  -0.0%  0.3048E-07  0.3993      0.4382E-01  0.4431       0.000      0.3604       0.000    
  296900   7.422      0.2500E-04 SHELL          4  -0.0%  0.3054E-07  0.3988      0.4377E-01  0.4425       0.000      0.3604       0.000    
  297000   7.425      0.2500E-04 SHELL          4  -0.0%  0.3049E-07  0.3982      0.4371E-01  0.4420       0.000      0.3604       0.000    
  297100   7.427      0.2500E-04 SHELL          4  -0.0%  0.3055E-07  0.3977      0.4366E-01  0.4414       0.000      0.3604       0.000    
  297200   7.430      0.2500E-04 SHELL          4  -0.0%  0.3050E-07  0.3972      0.4360E-01  0.4408       0.000      0.3604       0.000    
  297300   7.432      0.2500E-04 SHELL          4  -0.0%  0.3057E-07  0.3967      0.4355E-01  0.4403       0.000      0.3604       0.000    
  297400   7.435      0.2500E-04 SHELL          4  -0.0%  0.3052E-07  0.3962      0.4349E-01  0.4397       0.000      0.3604       0.000    
  297500   7.437      0.2500E-04 SHELL          4  -0.0%  0.3058E-07  0.3957      0.4344E-01  0.4392       0.000      0.3604       0.000    
  297600   7.440      0.2500E-04 SHELL          4  -0.0%  0.3053E-07  0.3952      0.4338E-01  0.4386       0.000      0.3604       0.000    
  297700   7.442      0.2500E-04 SHELL          4  -0.0%  0.3059E-07  0.3947      0.4332E-01  0.4380       0.000      0.3604       0.000    
  297800   7.445      0.2500E-04 SHELL          4  -0.0%  0.3054E-07  0.3942      0.4327E-01  0.4375       0.000      0.3604       0.000    
  297900   7.447      0.2500E-04 SHELL          4  -0.0%  0.3060E-07  0.3937      0.4321E-01  0.4369       0.000      0.3604       0.000    
  298000   7.450      0.2500E-04 SHELL          4  -0.0%  0.3056E-07  0.3932      0.4316E-01  0.4363       0.000      0.3604       0.000    
  298100   7.452      0.2500E-04 SHELL          4  -0.0%  0.3062E-07  0.3927      0.4310E-01  0.4358       0.000      0.3604       0.000    
  298200   7.455      0.2500E-04 SHELL          4  -0.0%  0.3057E-07  0.3922      0.4305E-01  0.4352       0.000      0.3604       0.000    
  298300   7.457      0.2500E-04 SHELL          4  -0.0%  0.3063E-07  0.3917      0.4299E-01  0.4347       0.000      0.3604       0.000    
  298400   7.460      0.2500E-04 SHELL          4  -0.0%  0.3058E-07  0.3912      0.4293E-01  0.4341       0.000      0.3604       0.000    
  298500   7.462      0.2500E-04 SHELL          4  -0.0%  0.3064E-07  0.3906      0.4288E-01  0.4335       0.000      0.3604       0.000    
  298600   7.465      0.2500E-04 SHELL          4  -0.0%  0.3060E-07  0.3901      0.4282E-01  0.4330       0.000      0.3604       0.000    
  298700   7.467      0.2500E-04 SHELL          4  -0.0%  0.3066E-07  0.3896      0.4277E-01  0.4324       0.000      0.3604       0.000    
  298800   7.470      0.2500E-04 SHELL          4  -0.0%  0.3061E-07  0.3891      0.4271E-01  0.4318       0.000      0.3604       0.000    
  298900   7.472      0.2500E-04 SHELL          4  -0.0%  0.3067E-07  0.3886      0.4266E-01  0.4313       0.000      0.3604       0.000    
  299000   7.475      0.2500E-04 SHELL          4  -0.0%  0.3062E-07  0.3881      0.4260E-01  0.4307       0.000      0.3604       0.000    
  299100   7.477      0.2500E-04 SHELL          4  -0.0%  0.3068E-07  0.3876      0.4254E-01  0.4301       0.000      0.3604       0.000    
  299200   7.480      0.2500E-04 SHELL          4  -0.0%  0.3064E-07  0.3871      0.4249E-01  0.4296       0.000      0.3604       0.000    
  299300   7.482      0.2500E-04 SHELL          4  -0.0%  0.3069E-07  0.3866      0.4243E-01  0.4290       0.000      0.3604       0.000    
  299400   7.485      0.2500E-04 SHELL          4  -0.0%  0.3065E-07  0.3861      0.4238E-01  0.4284       0.000      0.3604       0.000    
  299500   7.487      0.2500E-04 SHELL          4  -0.0%  0.3071E-07  0.3856      0.4232E-01  0.4279       0.000      0.3604       0.000    
  299600   7.490      0.2500E-04 SHELL          4  -0.0%  0.3066E-07  0.3850      0.4226E-01  0.4273       0.000      0.3604       0.000    
  299700   7.492      0.2500E-04 SHELL          4  -0.0%  0.3072E-07  0.3845      0.4221E-01  0.4267       0.000      0.3604       0.000    
  299800   7.495      0.2500E-04 SHELL          4  -0.0%  0.3067E-07  0.3840      0.4215E-01  0.4262       0.000      0.3604       0.000    
  299900   7.497      0.2500E-04 SHELL          4  -0.0%  0.3073E-07  0.3835      0.4210E-01  0.4256       0.000      0.3604       0.000    
   CYCLE    TIME      TIME-STEP  ELEMENT          ERROR  I-ENERGY    K-ENERGY T  K-ENERGY R  EXT-WORK     MAS.ERR     TOTAL MASS  MASS ADDED
  300000   7.500      0.2500E-04 SHELL          4  -0.0%  0.3069E-07  0.3830      0.4204E-01  0.4250       0.000      0.3604       0.000    
     ANIMATION FILE: A23_w1_REFERENCE_ROTATION_YA031 WRITTEN
  300100   7.502      0.2500E-04 SHELL          4  -0.0%  0.3074E-07  0.3825      0.4198E-01  0.4245       0.000      0.3604       0.000    
  300200   7.505      0.2500E-04 SHELL          4  -0.0%  0.3070E-07  0.3820      0.4193E-01  0.4239       0.000      0.3604       0.000    
  300300   7.507      0.2500E-04 SHELL          4  -0.0%  0.3076E-07  0.3815      0.4187E-01  0.4233       0.000      0.3604       0.000    
  300400   7.510      0.2500E-04 SHELL          4  -0.0%  0.3071E-07  0.3810      0.4182E-01  0.4228       0.000      0.3604       0.000    
  300500   7.512      0.2500E-04 SHELL          4  -0.0%  0.3077E-07  0.3805      0.4176E-01  0.4222       0.000      0.3604       0.000    
  300600   7.515      0.2500E-04 SHELL          4  -0.0%  0.3072E-07  0.3799      0.4170E-01  0.4216       0.000      0.3604       0.000    
  300700   7.517      0.2500E-04 SHELL          4  -0.0%  0.3078E-07  0.3794      0.4165E-01  0.4211       0.000      0.3604       0.000    
  300800   7.520      0.2500E-04 SHELL          4  -0.0%  0.3074E-07  0.3789      0.4159E-01  0.4205       0.000      0.3604       0.000    
  300900   7.522      0.2500E-04 SHELL          4  -0.0%  0.3079E-07  0.3784      0.4153E-01  0.4199       0.000      0.3604       0.000    
  301000   7.525      0.2500E-04 SHELL          4  -0.0%  0.3075E-07  0.3779      0.4148E-01  0.4194       0.000      0.3604       0.000    
  301100   7.527      0.2500E-04 SHELL          4  -0.0%  0.3080E-07  0.3774      0.4142E-01  0.4188       0.000      0.3604       0.000    
  301200   7.530      0.2500E-04 SHELL          4  -0.0%  0.3076E-07  0.3769      0.4137E-01  0.4182       0.000      0.3604       0.000    
  301300   7.532      0.2500E-04 SHELL          4  -0.0%  0.3082E-07  0.3764      0.4131E-01  0.4177       0.000      0.3604       0.000    
  301400   7.535      0.2500E-04 SHELL          4  -0.0%  0.3077E-07  0.3758      0.4125E-01  0.4171       0.000      0.3604       0.000    
  301500   7.537      0.2500E-04 SHELL          4  -0.0%  0.3083E-07  0.3753      0.4120E-01  0.4165       0.000      0.3604       0.000    
  301600   7.540      0.2500E-04 SHELL          4  -0.0%  0.3078E-07  0.3748      0.4114E-01  0.4160       0.000      0.3604       0.000    
  301700   7.542      0.2500E-04 SHELL          4  -0.0%  0.3084E-07  0.3743      0.4108E-01  0.4154       0.000      0.3604       0.000    
  301800   7.545      0.2500E-04 SHELL          4  -0.0%  0.3080E-07  0.3738      0.4103E-01  0.4148       0.000      0.3604       0.000    
  301900   7.547      0.2500E-04 SHELL          4  -0.0%  0.3085E-07  0.3733      0.4097E-01  0.4142       0.000      0.3604       0.000    
  302000   7.550      0.2500E-04 SHELL          4  -0.0%  0.3081E-07  0.3728      0.4092E-01  0.4137       0.000      0.3604       0.000    
  302100   7.552      0.2500E-04 SHELL          4  -0.0%  0.3086E-07  0.3722      0.4086E-01  0.4131       0.000      0.3604       0.000    
  302200   7.555      0.2500E-04 SHELL          4  -0.0%  0.3082E-07  0.3717      0.4080E-01  0.4125       0.000      0.3604       0.000    
  302300   7.557      0.2500E-04 SHELL          4  -0.0%  0.3087E-07  0.3712      0.4075E-01  0.4120       0.000      0.3604       0.000    
  302400   7.560      0.2500E-04 SHELL          4  -0.0%  0.3083E-07  0.3707      0.4069E-01  0.4114       0.000      0.3604       0.000    
  302500   7.562      0.2500E-04 SHELL          4  -0.0%  0.3089E-07  0.3702      0.4063E-01  0.4108       0.000      0.3604       0.000    
  302600   7.565      0.2500E-04 SHELL          4  -0.0%  0.3084E-07  0.3697      0.4058E-01  0.4103       0.000      0.3604       0.000    
  302700   7.567      0.2500E-04 SHELL          4  -0.0%  0.3090E-07  0.3692      0.4052E-01  0.4097       0.000      0.3604       0.000    
  302800   7.570      0.2500E-04 SHELL          4  -0.0%  0.3086E-07  0.3686      0.4046E-01  0.4091       0.000      0.3604       0.000    
  302900   7.572      0.2500E-04 SHELL          4  -0.0%  0.3091E-07  0.3681      0.4041E-01  0.4085       0.000      0.3604       0.000    
  303000   7.575      0.2500E-04 SHELL          4  -0.0%  0.3087E-07  0.3676      0.4035E-01  0.4080       0.000      0.3604       0.000    
  303100   7.577      0.2500E-04 SHELL          4  -0.0%  0.3092E-07  0.3671      0.4029E-01  0.4074       0.000      0.3604       0.000    
  303200   7.580      0.2500E-04 SHELL          4  -0.0%  0.3088E-07  0.3666      0.4024E-01  0.4068       0.000      0.3604       0.000    
  303300   7.582      0.2500E-04 SHELL          4  -0.0%  0.3093E-07  0.3661      0.4018E-01  0.4062       0.000      0.3604       0.000    
  303400   7.585      0.2500E-04 SHELL          4  -0.0%  0.3089E-07  0.3656      0.4012E-01  0.4057       0.000      0.3604       0.000    
  303500   7.587      0.2500E-04 SHELL          4  -0.0%  0.3094E-07  0.3650      0.4007E-01  0.4051       0.000      0.3604       0.000    
  303600   7.590      0.2500E-04 SHELL          4  -0.0%  0.3090E-07  0.3645      0.4001E-01  0.4045       0.000      0.3604       0.000    
  303700   7.592      0.2500E-04 SHELL          4  -0.0%  0.3095E-07  0.3640      0.3995E-01  0.4040       0.000      0.3604       0.000    
  303800   7.595      0.2500E-04 SHELL          4  -0.0%  0.3091E-07  0.3635      0.3990E-01  0.4034       0.000      0.3604       0.000    
  303900   7.597      0.2500E-04 SHELL          4  -0.0%  0.3096E-07  0.3630      0.3984E-01  0.4028       0.000      0.3604       0.000    
  304000   7.600      0.2500E-04 SHELL          4  -0.0%  0.3092E-07  0.3625      0.3978E-01  0.4022       0.000      0.3604       0.000    
  304100   7.602      0.2500E-04 SHELL          4  -0.0%  0.3098E-07  0.3619      0.3973E-01  0.4017       0.000      0.3604       0.000    
  304200   7.605      0.2500E-04 SHELL          4  -0.0%  0.3094E-07  0.3614      0.3967E-01  0.4011       0.000      0.3604       0.000    
  304300   7.607      0.2500E-04 SHELL          4  -0.0%  0.3099E-07  0.3609      0.3961E-01  0.4005       0.000      0.3604       0.000    
  304400   7.610      0.2500E-04 SHELL          4  -0.0%  0.3095E-07  0.3604      0.3956E-01  0.3999       0.000      0.3604       0.000    
  304500   7.612      0.2500E-04 SHELL          4  -0.0%  0.3100E-07  0.3599      0.3950E-01  0.3994       0.000      0.3604       0.000    
  304600   7.615      0.2500E-04 SHELL          4  -0.0%  0.3096E-07  0.3594      0.3944E-01  0.3988       0.000      0.3604       0.000    
  304700   7.617      0.2500E-04 SHELL          4  -0.0%  0.3101E-07  0.3588      0.3939E-01  0.3982       0.000      0.3604       0.000    
  304800   7.620      0.2500E-04 SHELL          4  -0.0%  0.3097E-07  0.3583      0.3933E-01  0.3976       0.000      0.3604       0.000    
  304900   7.622      0.2500E-04 SHELL          4  -0.0%  0.3102E-07  0.3578      0.3927E-01  0.3971       0.000      0.3604       0.000    
  305000   7.625      0.2500E-04 SHELL          4  -0.0%  0.3098E-07  0.3573      0.3922E-01  0.3965       0.000      0.3604       0.000    
  305100   7.627      0.2500E-04 SHELL          4  -0.0%  0.3103E-07  0.3568      0.3916E-01  0.3959       0.000      0.3604       0.000    
  305200   7.630      0.2500E-04 SHELL          4  -0.0%  0.3099E-07  0.3562      0.3910E-01  0.3953       0.000      0.3604       0.000    
  305300   7.632      0.2500E-04 SHELL          4  -0.0%  0.3104E-07  0.3557      0.3905E-01  0.3948       0.000      0.3604       0.000    
  305400   7.635      0.2500E-04 SHELL          4  -0.0%  0.3100E-07  0.3552      0.3899E-01  0.3942       0.000      0.3604       0.000    
  305500   7.637      0.2500E-04 SHELL          4  -0.0%  0.3105E-07  0.3547      0.3893E-01  0.3936       0.000      0.3604       0.000    
  305600   7.640      0.2500E-04 SHELL          4  -0.0%  0.3101E-07  0.3542      0.3887E-01  0.3930       0.000      0.3604       0.000    
  305700   7.642      0.2500E-04 SHELL          4  -0.0%  0.3106E-07  0.3537      0.3882E-01  0.3925       0.000      0.3604       0.000    
  305800   7.645      0.2500E-04 SHELL          4  -0.0%  0.3102E-07  0.3531      0.3876E-01  0.3919       0.000      0.3604       0.000    
  305900   7.647      0.2500E-04 SHELL          4  -0.0%  0.3107E-07  0.3526      0.3870E-01  0.3913       0.000      0.3604       0.000    
  306000   7.650      0.2500E-04 SHELL          4  -0.0%  0.3103E-07  0.3521      0.3865E-01  0.3907       0.000      0.3604       0.000    
  306100   7.652      0.2500E-04 SHELL          4  -0.0%  0.3108E-07  0.3516      0.3859E-01  0.3902       0.000      0.3604       0.000    
  306200   7.655      0.2500E-04 SHELL          4  -0.0%  0.3104E-07  0.3511      0.3853E-01  0.3896       0.000      0.3604       0.000    
  306300   7.657      0.2500E-04 SHELL          4  -0.0%  0.3109E-07  0.3505      0.3848E-01  0.3890       0.000      0.3604       0.000    
  306400   7.660      0.2500E-04 SHELL          4  -0.0%  0.3105E-07  0.3500      0.3842E-01  0.3884       0.000      0.3604       0.000    
  306500   7.662      0.2500E-04 SHELL          4  -0.0%  0.3110E-07  0.3495      0.3836E-01  0.3879       0.000      0.3604       0.000    
  306600   7.665      0.2500E-04 SHELL          4  -0.0%  0.3106E-07  0.3490      0.3831E-01  0.3873       0.000      0.3604       0.000    
  306700   7.667      0.2500E-04 SHELL          4  -0.0%  0.3111E-07  0.3485      0.3825E-01  0.3867       0.000      0.3604       0.000    
  306800   7.670      0.2500E-04 SHELL          4  -0.0%  0.3108E-07  0.3479      0.3819E-01  0.3861       0.000      0.3604       0.000    
  306900   7.672      0.2500E-04 SHELL          4  -0.0%  0.3112E-07  0.3474      0.3813E-01  0.3856       0.000      0.3604       0.000    
  307000   7.675      0.2500E-04 SHELL          4  -0.0%  0.3109E-07  0.3469      0.3808E-01  0.3850       0.000      0.3604       0.000    
  307100   7.677      0.2500E-04 SHELL          4  -0.0%  0.3113E-07  0.3464      0.3802E-01  0.3844       0.000      0.3604       0.000    
  307200   7.680      0.2500E-04 SHELL          4  -0.0%  0.3110E-07  0.3459      0.3796E-01  0.3838       0.000      0.3604       0.000    
  307300   7.682      0.2500E-04 SHELL          4  -0.0%  0.3114E-07  0.3453      0.3791E-01  0.3832       0.000      0.3604       0.000    
  307400   7.685      0.2500E-04 SHELL          4  -0.0%  0.3111E-07  0.3448      0.3785E-01  0.3827       0.000      0.3604       0.000    
  307500   7.687      0.2500E-04 SHELL          4  -0.0%  0.3115E-07  0.3443      0.3779E-01  0.3821       0.000      0.3604       0.000    
  307600   7.690      0.2500E-04 SHELL          4  -0.0%  0.3112E-07  0.3438      0.3773E-01  0.3815       0.000      0.3604       0.000    
  307700   7.692      0.2500E-04 SHELL          4  -0.0%  0.3116E-07  0.3433      0.3768E-01  0.3809       0.000      0.3604       0.000    
  307800   7.695      0.2500E-04 SHELL          4  -0.0%  0.3113E-07  0.3427      0.3762E-01  0.3804       0.000      0.3604       0.000    
  307900   7.697      0.2500E-04 SHELL          4  -0.0%  0.3117E-07  0.3422      0.3756E-01  0.3798       0.000      0.3604       0.000    
  308000   7.700      0.2500E-04 SHELL          4  -0.0%  0.3114E-07  0.3417      0.3751E-01  0.3792       0.000      0.3604       0.000    
  308100   7.702      0.2500E-04 SHELL          4  -0.0%  0.3118E-07  0.3412      0.3745E-01  0.3786       0.000      0.3604       0.000    
  308200   7.705      0.2500E-04 SHELL          4  -0.0%  0.3115E-07  0.3407      0.3739E-01  0.3780       0.000      0.3604       0.000    
  308300   7.707      0.2500E-04 SHELL          4  -0.0%  0.3119E-07  0.3401      0.3733E-01  0.3775       0.000      0.3604       0.000    
  308400   7.710      0.2500E-04 SHELL          4  -0.0%  0.3116E-07  0.3396      0.3728E-01  0.3769       0.000      0.3604       0.000    
  308500   7.712      0.2500E-04 SHELL          4  -0.0%  0.3120E-07  0.3391      0.3722E-01  0.3763       0.000      0.3604       0.000    
  308600   7.715      0.2500E-04 SHELL          4  -0.0%  0.3117E-07  0.3386      0.3716E-01  0.3757       0.000      0.3604       0.000    
  308700   7.717      0.2500E-04 SHELL          4  -0.0%  0.3121E-07  0.3380      0.3711E-01  0.3752       0.000      0.3604       0.000    
  308800   7.720      0.2500E-04 SHELL          4  -0.0%  0.3118E-07  0.3375      0.3705E-01  0.3746       0.000      0.3604       0.000    
  308900   7.722      0.2500E-04 SHELL          4  -0.0%  0.3122E-07  0.3370      0.3699E-01  0.3740       0.000      0.3604       0.000    
  309000   7.725      0.2500E-04 SHELL          4  -0.0%  0.3119E-07  0.3365      0.3693E-01  0.3734       0.000      0.3604       0.000    
  309100   7.727      0.2500E-04 SHELL          4  -0.0%  0.3123E-07  0.3360      0.3688E-01  0.3728       0.000      0.3604       0.000    
  309200   7.730      0.2500E-04 SHELL          4  -0.0%  0.3120E-07  0.3354      0.3682E-01  0.3723       0.000      0.3604       0.000    
  309300   7.732      0.2500E-04 SHELL          4  -0.0%  0.3124E-07  0.3349      0.3676E-01  0.3717       0.000      0.3604       0.000    
  309400   7.735      0.2500E-04 SHELL          4  -0.0%  0.3120E-07  0.3344      0.3670E-01  0.3711       0.000      0.3604       0.000    
  309500   7.737      0.2500E-04 SHELL          4  -0.0%  0.3125E-07  0.3339      0.3665E-01  0.3705       0.000      0.3604       0.000    
  309600   7.740      0.2500E-04 SHELL          4  -0.0%  0.3121E-07  0.3334      0.3659E-01  0.3699       0.000      0.3604       0.000    
  309700   7.742      0.2500E-04 SHELL          4  -0.0%  0.3126E-07  0.3328      0.3653E-01  0.3694       0.000      0.3604       0.000    
  309800   7.745      0.2500E-04 SHELL          4  -0.0%  0.3122E-07  0.3323      0.3647E-01  0.3688       0.000      0.3604       0.000    
  309900   7.747      0.2500E-04 SHELL          4  -0.0%  0.3127E-07  0.3318      0.3642E-01  0.3682       0.000      0.3604       0.000    
   CYCLE    TIME      TIME-STEP  ELEMENT          ERROR  I-ENERGY    K-ENERGY T  K-ENERGY R  EXT-WORK     MAS.ERR     TOTAL MASS  MASS ADDED
  310000   7.750      0.2500E-04 SHELL          4  -0.0%  0.3123E-07  0.3313      0.3636E-01  0.3676       0.000      0.3604       0.000    
     ANIMATION FILE: A23_w1_REFERENCE_ROTATION_YA032 WRITTEN
  310100   7.752      0.2500E-04 SHELL          4  -0.0%  0.3128E-07  0.3307      0.3630E-01  0.3670       0.000      0.3604       0.000    
  310200   7.755      0.2500E-04 SHELL          4  -0.0%  0.3124E-07  0.3302      0.3625E-01  0.3665       0.000      0.3604       0.000    
  310300   7.757      0.2500E-04 SHELL          4  -0.0%  0.3129E-07  0.3297      0.3619E-01  0.3659       0.000      0.3604       0.000    
  310400   7.760      0.2500E-04 SHELL          4  -0.0%  0.3125E-07  0.3292      0.3613E-01  0.3653       0.000      0.3604       0.000    
  310500   7.762      0.2500E-04 SHELL          4  -0.0%  0.3129E-07  0.3287      0.3607E-01  0.3647       0.000      0.3604       0.000    
  310600   7.765      0.2500E-04 SHELL          4  -0.0%  0.3126E-07  0.3281      0.3602E-01  0.3641       0.000      0.3604       0.000    
  310700   7.767      0.2500E-04 SHELL          4  -0.0%  0.3130E-07  0.3276      0.3596E-01  0.3636       0.000      0.3604       0.000    
  310800   7.770      0.2500E-04 SHELL          4  -0.0%  0.3127E-07  0.3271      0.3590E-01  0.3630       0.000      0.3604       0.000    
  310900   7.772      0.2500E-04 SHELL          4  -0.0%  0.3131E-07  0.3266      0.3584E-01  0.3624       0.000      0.3604       0.000    
  311000   7.775      0.2500E-04 SHELL          4  -0.0%  0.3128E-07  0.3260      0.3579E-01  0.3618       0.000      0.3604       0.000    
  311100   7.777      0.2500E-04 SHELL          4  -0.0%  0.3132E-07  0.3255      0.3573E-01  0.3612       0.000      0.3604       0.000    
  311200   7.780      0.2500E-04 SHELL          4  -0.0%  0.3129E-07  0.3250      0.3567E-01  0.3607       0.000      0.3604       0.000    
  311300   7.782      0.2500E-04 SHELL          4  -0.0%  0.3133E-07  0.3245      0.3561E-01  0.3601       0.000      0.3604       0.000    
  311400   7.785      0.2500E-04 SHELL          4  -0.0%  0.3130E-07  0.3239      0.3556E-01  0.3595       0.000      0.3604       0.000    
  311500   7.787      0.2500E-04 SHELL          4  -0.0%  0.3134E-07  0.3234      0.3550E-01  0.3589       0.000      0.3604       0.000    
  311600   7.790      0.2500E-04 SHELL          4  -0.0%  0.3131E-07  0.3229      0.3544E-01  0.3583       0.000      0.3604       0.000    
  311700   7.792      0.2500E-04 SHELL          4  -0.0%  0.3135E-07  0.3224      0.3538E-01  0.3578       0.000      0.3604       0.000    
  311800   7.795      0.2500E-04 SHELL          4  -0.0%  0.3132E-07  0.3219      0.3533E-01  0.3572       0.000      0.3604       0.000    
  311900   7.797      0.2500E-04 SHELL          4  -0.0%  0.3136E-07  0.3213      0.3527E-01  0.3566       0.000      0.3604       0.000    
  312000   7.800      0.2500E-04 SHELL          4  -0.0%  0.3132E-07  0.3208      0.3521E-01  0.3560       0.000      0.3604       0.000    
  312100   7.802      0.2500E-04 SHELL          4  -0.0%  0.3136E-07  0.3203      0.3515E-01  0.3554       0.000      0.3604       0.000    
  312200   7.805      0.2500E-04 SHELL          4  -0.0%  0.3133E-07  0.3198      0.3510E-01  0.3549       0.000      0.3604       0.000    
  312300   7.807      0.2500E-04 SHELL          4  -0.0%  0.3137E-07  0.3192      0.3504E-01  0.3543       0.000      0.3604       0.000    
  312400   7.810      0.2500E-04 SHELL          4  -0.0%  0.3134E-07  0.3187      0.3498E-01  0.3537       0.000      0.3604       0.000    
  312500   7.812      0.2500E-04 SHELL          4  -0.0%  0.3138E-07  0.3182      0.3492E-01  0.3531       0.000      0.3604       0.000    
  312600   7.815      0.2500E-04 SHELL          4  -0.0%  0.3135E-07  0.3177      0.3487E-01  0.3525       0.000      0.3604       0.000    
  312700   7.817      0.2500E-04 SHELL          4  -0.0%  0.3139E-07  0.3171      0.3481E-01  0.3519       0.000      0.3604       0.000    
  312800   7.820      0.2500E-04 SHELL          4  -0.0%  0.3136E-07  0.3166      0.3475E-01  0.3514       0.000      0.3604       0.000    
  312900   7.822      0.2500E-04 SHELL          4  -0.0%  0.3140E-07  0.3161      0.3469E-01  0.3508       0.000      0.3604       0.000    
  313000   7.825      0.2500E-04 SHELL          4  -0.0%  0.3137E-07  0.3156      0.3464E-01  0.3502       0.000      0.3604       0.000    
  313100   7.827      0.2500E-04 SHELL          4  -0.0%  0.3141E-07  0.3150      0.3458E-01  0.3496       0.000      0.3604       0.000    
  313200   7.830      0.2500E-04 SHELL          4  -0.0%  0.3138E-07  0.3145      0.3452E-01  0.3490       0.000      0.3604       0.000    
  313300   7.832      0.2500E-04 SHELL          4  -0.0%  0.3142E-07  0.3140      0.3446E-01  0.3485       0.000      0.3604       0.000    
  313400   7.835      0.2500E-04 SHELL          4  -0.0%  0.3138E-07  0.3135      0.3441E-01  0.3479       0.000      0.3604       0.000    
  313500   7.837      0.2500E-04 SHELL          4  -0.0%  0.3142E-07  0.3129      0.3435E-01  0.3473       0.000      0.3604       0.000    
  313600   7.840      0.2500E-04 SHELL          4  -0.0%  0.3139E-07  0.3124      0.3429E-01  0.3467       0.000      0.3604       0.000    
  313700   7.842      0.2500E-04 SHELL          4  -0.0%  0.3143E-07  0.3119      0.3423E-01  0.3461       0.000      0.3604       0.000    
  313800   7.845      0.2500E-04 SHELL          4  -0.0%  0.3140E-07  0.3114      0.3418E-01  0.3456       0.000      0.3604       0.000    
  313900   7.847      0.2500E-04 SHELL          4  -0.0%  0.3144E-07  0.3109      0.3412E-01  0.3450       0.000      0.3604       0.000    
  314000   7.850      0.2500E-04 SHELL          4  -0.0%  0.3141E-07  0.3103      0.3406E-01  0.3444       0.000      0.3604       0.000    
  314100   7.852      0.2500E-04 SHELL          4  -0.0%  0.3145E-07  0.3098      0.3400E-01  0.3438       0.000      0.3604       0.000    
  314200   7.855      0.2500E-04 SHELL          4  -0.0%  0.3142E-07  0.3093      0.3395E-01  0.3432       0.000      0.3604       0.000    
  314300   7.857      0.2500E-04 SHELL          4  -0.0%  0.3146E-07  0.3088      0.3389E-01  0.3426       0.000      0.3604       0.000    
  314400   7.860      0.2500E-04 SHELL          4  -0.0%  0.3143E-07  0.3082      0.3383E-01  0.3421       0.000      0.3604       0.000    
  314500   7.862      0.2500E-04 SHELL          4  -0.0%  0.3146E-07  0.3077      0.3377E-01  0.3415       0.000      0.3604       0.000    
  314600   7.865      0.2500E-04 SHELL          4  -0.0%  0.3143E-07  0.3072      0.3372E-01  0.3409       0.000      0.3604       0.000    
  314700   7.867      0.2500E-04 SHELL          4  -0.0%  0.3147E-07  0.3067      0.3366E-01  0.3403       0.000      0.3604       0.000    
  314800   7.870      0.2500E-04 SHELL          4  -0.0%  0.3144E-07  0.3061      0.3360E-01  0.3397       0.000      0.3604       0.000    
  314900   7.872      0.2500E-04 SHELL          4  -0.0%  0.3148E-07  0.3056      0.3354E-01  0.3392       0.000      0.3604       0.000    
  315000   7.875      0.2500E-04 SHELL          4  -0.0%  0.3145E-07  0.3051      0.3349E-01  0.3386       0.000      0.3604       0.000    
  315100   7.877      0.2500E-04 SHELL          4  -0.0%  0.3149E-07  0.3046      0.3343E-01  0.3380       0.000      0.3604       0.000    
  315200   7.880      0.2500E-04 SHELL          4  -0.0%  0.3146E-07  0.3040      0.3337E-01  0.3374       0.000      0.3604       0.000    
  315300   7.882      0.2500E-04 SHELL          4  -0.0%  0.3149E-07  0.3035      0.3331E-01  0.3368       0.000      0.3604       0.000    
  315400   7.885      0.2500E-04 SHELL          4  -0.0%  0.3147E-07  0.3030      0.3326E-01  0.3362       0.000      0.3604       0.000    
  315500   7.887      0.2500E-04 SHELL          4  -0.0%  0.3150E-07  0.3025      0.3320E-01  0.3357       0.000      0.3604       0.000    
  315600   7.890      0.2500E-04 SHELL          4  -0.0%  0.3147E-07  0.3019      0.3314E-01  0.3351       0.000      0.3604       0.000    
  315700   7.892      0.2500E-04 SHELL          4  -0.0%  0.3151E-07  0.3014      0.3308E-01  0.3345       0.000      0.3604       0.000    
  315800   7.895      0.2500E-04 SHELL          4  -0.0%  0.3148E-07  0.3009      0.3303E-01  0.3339       0.000      0.3604       0.000    
  315900   7.897      0.2500E-04 SHELL          4  -0.0%  0.3152E-07  0.3004      0.3297E-01  0.3333       0.000      0.3604       0.000    
  316000   7.900      0.2500E-04 SHELL          4  -0.0%  0.3149E-07  0.2998      0.3291E-01  0.3328       0.000      0.3604       0.000    
  316100   7.902      0.2500E-04 SHELL          4  -0.0%  0.3152E-07  0.2993      0.3285E-01  0.3322       0.000      0.3604       0.000    
  316200   7.905      0.2500E-04 SHELL          4  -0.0%  0.3150E-07  0.2988      0.3280E-01  0.3316       0.000      0.3604       0.000    
  316300   7.907      0.2500E-04 SHELL          4  -0.0%  0.3153E-07  0.2983      0.3274E-01  0.3310       0.000      0.3604       0.000    
  316400   7.910      0.2500E-04 SHELL          4  -0.0%  0.3150E-07  0.2977      0.3268E-01  0.3304       0.000      0.3604       0.000    
  316500   7.912      0.2500E-04 SHELL          4  -0.0%  0.3154E-07  0.2972      0.3262E-01  0.3298       0.000      0.3604       0.000    
  316600   7.915      0.2500E-04 SHELL          4  -0.0%  0.3151E-07  0.2967      0.3257E-01  0.3293       0.000      0.3604       0.000    
  316700   7.917      0.2500E-04 SHELL          4  -0.0%  0.3155E-07  0.2962      0.3251E-01  0.3287       0.000      0.3604       0.000    
  316800   7.920      0.2500E-04 SHELL          4  -0.0%  0.3152E-07  0.2957      0.3245E-01  0.3281       0.000      0.3604       0.000    
  316900   7.922      0.2500E-04 SHELL          4  -0.0%  0.3155E-07  0.2951      0.3239E-01  0.3275       0.000      0.3604       0.000    
  317000   7.925      0.2500E-04 SHELL          4  -0.0%  0.3153E-07  0.2946      0.3234E-01  0.3269       0.000      0.3604       0.000    
  317100   7.927      0.2500E-04 SHELL          4  -0.0%  0.3156E-07  0.2941      0.3228E-01  0.3264       0.000      0.3604       0.000    
  317200   7.930      0.2500E-04 SHELL          4  -0.0%  0.3153E-07  0.2936      0.3222E-01  0.3258       0.000      0.3604       0.000    
  317300   7.932      0.2500E-04 SHELL          4  -0.0%  0.3157E-07  0.2930      0.3216E-01  0.3252       0.000      0.3604       0.000    
  317400   7.935      0.2500E-04 SHELL          4  -0.0%  0.3154E-07  0.2925      0.3211E-01  0.3246       0.000      0.3604       0.000    
  317500   7.937      0.2500E-04 SHELL          4  -0.0%  0.3158E-07  0.2920      0.3205E-01  0.3240       0.000      0.3604       0.000    
  317600   7.940      0.2500E-04 SHELL          4  -0.0%  0.3155E-07  0.2915      0.3199E-01  0.3235       0.000      0.3604       0.000    
  317700   7.942      0.2500E-04 SHELL          4  -0.0%  0.3158E-07  0.2909      0.3193E-01  0.3229       0.000      0.3604       0.000    
  317800   7.945      0.2500E-04 SHELL          4  -0.0%  0.3156E-07  0.2904      0.3188E-01  0.3223       0.000      0.3604       0.000    
  317900   7.947      0.2500E-04 SHELL          4  -0.0%  0.3159E-07  0.2899      0.3182E-01  0.3217       0.000      0.3604       0.000    
  318000   7.950      0.2500E-04 SHELL          4  -0.0%  0.3156E-07  0.2894      0.3176E-01  0.3211       0.000      0.3604       0.000    
  318100   7.952      0.2500E-04 SHELL          4  -0.0%  0.3160E-07  0.2888      0.3170E-01  0.3205       0.000      0.3604       0.000    
  318200   7.955      0.2500E-04 SHELL          4  -0.0%  0.3157E-07  0.2883      0.3165E-01  0.3200       0.000      0.3604       0.000    
  318300   7.957      0.2500E-04 SHELL          4  -0.0%  0.3160E-07  0.2878      0.3159E-01  0.3194       0.000      0.3604       0.000    
  318400   7.960      0.2500E-04 SHELL          4  -0.0%  0.3158E-07  0.2873      0.3153E-01  0.3188       0.000      0.3604       0.000    
  318500   7.962      0.2500E-04 SHELL          4  -0.0%  0.3161E-07  0.2867      0.3147E-01  0.3182       0.000      0.3604       0.000    
  318600   7.965      0.2500E-04 SHELL          4  -0.0%  0.3159E-07  0.2862      0.3142E-01  0.3176       0.000      0.3604       0.000    
  318700   7.967      0.2500E-04 SHELL          4  -0.0%  0.3162E-07  0.2857      0.3136E-01  0.3171       0.000      0.3604       0.000    
  318800   7.970      0.2500E-04 SHELL          4  -0.0%  0.3159E-07  0.2852      0.3130E-01  0.3165       0.000      0.3604       0.000    
  318900   7.972      0.2500E-04 SHELL          4  -0.0%  0.3162E-07  0.2847      0.3124E-01  0.3159       0.000      0.3604       0.000    
  319000   7.975      0.2500E-04 SHELL          4  -0.0%  0.3160E-07  0.2841      0.3119E-01  0.3153       0.000      0.3604       0.000    
  319100   7.977      0.2500E-04 SHELL          4  -0.0%  0.3163E-07  0.2836      0.3113E-01  0.3147       0.000      0.3604       0.000    
  319200   7.980      0.2500E-04 SHELL          4  -0.0%  0.3161E-07  0.2831      0.3107E-01  0.3142       0.000      0.3604       0.000    
  319300   7.982      0.2500E-04 SHELL          4  -0.0%  0.3164E-07  0.2826      0.3101E-01  0.3136       0.000      0.3604       0.000    
  319400   7.985      0.2500E-04 SHELL          4  -0.0%  0.3161E-07  0.2820      0.3096E-01  0.3130       0.000      0.3604       0.000    
  319500   7.987      0.2500E-04 SHELL          4  -0.0%  0.3164E-07  0.2815      0.3090E-01  0.3124       0.000      0.3604       0.000    
  319600   7.990      0.2500E-04 SHELL          4  -0.0%  0.3162E-07  0.2810      0.3084E-01  0.3118       0.000      0.3604       0.000    
  319700   7.992      0.2500E-04 SHELL          4  -0.0%  0.3165E-07  0.2805      0.3078E-01  0.3113       0.000      0.3604       0.000    
  319800   7.995      0.2500E-04 SHELL          4  -0.0%  0.3163E-07  0.2799      0.3073E-01  0.3107       0.000      0.3604       0.000    
  319900   7.997      0.2500E-04 SHELL          4  -0.0%  0.3166E-07  0.2794      0.3067E-01  0.3101       0.000      0.3604       0.000    
   CYCLE    TIME      TIME-STEP  ELEMENT          ERROR  I-ENERGY    K-ENERGY T  K-ENERGY R  EXT-WORK     MAS.ERR     TOTAL MASS  MASS ADDED
  320000   8.000      0.2500E-04 SHELL          4  -0.0%  0.3163E-07  0.2789      0.3061E-01  0.3095       0.000      0.3604       0.000    
     ANIMATION FILE: A23_w1_REFERENCE_ROTATION_YA033 WRITTEN
  320100   8.002      0.2500E-04 SHELL          4  -0.0%  0.3166E-07  0.2784      0.3056E-01  0.3089       0.000      0.3604       0.000    
  320200   8.005      0.2500E-04 SHELL          4  -0.0%  0.3164E-07  0.2779      0.3050E-01  0.3083       0.000      0.3604       0.000    
  320300   8.007      0.2500E-04 SHELL          4  -0.0%  0.3167E-07  0.2773      0.3044E-01  0.3078       0.000      0.3604       0.000    
  320400   8.010      0.2500E-04 SHELL          4  -0.0%  0.3165E-07  0.2768      0.3038E-01  0.3072       0.000      0.3604       0.000    
  320500   8.012      0.2500E-04 SHELL          4  -0.0%  0.3168E-07  0.2763      0.3033E-01  0.3066       0.000      0.3604       0.000    
  320600   8.015      0.2500E-04 SHELL          4  -0.0%  0.3165E-07  0.2758      0.3027E-01  0.3060       0.000      0.3604       0.000    
  320700   8.017      0.2500E-04 SHELL          4  -0.0%  0.3168E-07  0.2752      0.3021E-01  0.3054       0.000      0.3604       0.000    
  320800   8.020      0.2500E-04 SHELL          4  -0.0%  0.3166E-07  0.2747      0.3015E-01  0.3049       0.000      0.3604       0.000    
  320900   8.022      0.2500E-04 SHELL          4  -0.0%  0.3169E-07  0.2742      0.3010E-01  0.3043       0.000      0.3604       0.000    
  321000   8.025      0.2500E-04 SHELL          4  -0.0%  0.3167E-07  0.2737      0.3004E-01  0.3037       0.000      0.3604       0.000    
  321100   8.027      0.2500E-04 SHELL          4  -0.0%  0.3169E-07  0.2731      0.2998E-01  0.3031       0.000      0.3604       0.000    
  321200   8.030      0.2500E-04 SHELL          4  -0.0%  0.3167E-07  0.2726      0.2992E-01  0.3026       0.000      0.3604       0.000    
  321300   8.032      0.2500E-04 SHELL          4  -0.0%  0.3170E-07  0.2721      0.2987E-01  0.3020       0.000      0.3604       0.000    
  321400   8.035      0.2500E-04 SHELL          4  -0.0%  0.3168E-07  0.2716      0.2981E-01  0.3014       0.000      0.3604       0.000    
  321500   8.037      0.2500E-04 SHELL          4  -0.0%  0.3171E-07  0.2711      0.2975E-01  0.3008       0.000      0.3604       0.000    
  321600   8.040      0.2500E-04 SHELL          4  -0.0%  0.3168E-07  0.2705      0.2969E-01  0.3002       0.000      0.3604       0.000    
  321700   8.042      0.2500E-04 SHELL          4  -0.0%  0.3171E-07  0.2700      0.2964E-01  0.2997       0.000      0.3604       0.000    
  321800   8.045      0.2500E-04 SHELL          4  -0.0%  0.3169E-07  0.2695      0.2958E-01  0.2991       0.000      0.3604       0.000    
  321900   8.047      0.2500E-04 SHELL          4  -0.0%  0.3172E-07  0.2690      0.2952E-01  0.2985       0.000      0.3604       0.000    
  322000   8.050      0.2500E-04 SHELL          4  -0.0%  0.3170E-07  0.2685      0.2947E-01  0.2979       0.000      0.3604       0.000    
  322100   8.052      0.2500E-04 SHELL          4  -0.0%  0.3173E-07  0.2679      0.2941E-01  0.2973       0.000      0.3604       0.000    
  322200   8.055      0.2500E-04 SHELL          4  -0.0%  0.3170E-07  0.2674      0.2935E-01  0.2968       0.000      0.3604       0.000    
  322300   8.057      0.2500E-04 SHELL          4  -0.0%  0.3173E-07  0.2669      0.2929E-01  0.2962       0.000      0.3604       0.000    
  322400   8.060      0.2500E-04 SHELL          4  -0.0%  0.3171E-07  0.2664      0.2924E-01  0.2956       0.000      0.3604       0.000    
  322500   8.062      0.2500E-04 SHELL          4  -0.0%  0.3174E-07  0.2658      0.2918E-01  0.2950       0.000      0.3604       0.000    
  322600   8.065      0.2500E-04 SHELL          4  -0.0%  0.3172E-07  0.2653      0.2912E-01  0.2944       0.000      0.3604       0.000    
  322700   8.067      0.2500E-04 SHELL          4  -0.0%  0.3174E-07  0.2648      0.2907E-01  0.2939       0.000      0.3604       0.000    
  322800   8.070      0.2500E-04 SHELL          4  -0.0%  0.3172E-07  0.2643      0.2901E-01  0.2933       0.000      0.3604       0.000    
  322900   8.072      0.2500E-04 SHELL          4  -0.0%  0.3175E-07  0.2638      0.2895E-01  0.2927       0.000      0.3604       0.000    
  323000   8.075      0.2500E-04 SHELL          4  -0.0%  0.3173E-07  0.2632      0.2889E-01  0.2921       0.000      0.3604       0.000    
  323100   8.077      0.2500E-04 SHELL          4  -0.0%  0.3175E-07  0.2627      0.2884E-01  0.2916       0.000      0.3604       0.000    
  323200   8.080      0.2500E-04 SHELL          4  -0.0%  0.3173E-07  0.2622      0.2878E-01  0.2910       0.000      0.3604       0.000    
  323300   8.082      0.2500E-04 SHELL          4  -0.0%  0.3176E-07  0.2617      0.2872E-01  0.2904       0.000      0.3604       0.000    
  323400   8.085      0.2500E-04 SHELL          4  -0.0%  0.3174E-07  0.2612      0.2867E-01  0.2898       0.000      0.3604       0.000    
  323500   8.087      0.2500E-04 SHELL          4  -0.0%  0.3177E-07  0.2606      0.2861E-01  0.2892       0.000      0.3604       0.000    
  323600   8.090      0.2500E-04 SHELL          4  -0.0%  0.3174E-07  0.2601      0.2855E-01  0.2887       0.000      0.3604       0.000    
  323700   8.092      0.2500E-04 SHELL          4  -0.0%  0.3177E-07  0.2596      0.2849E-01  0.2881       0.000      0.3604       0.000    
  323800   8.095      0.2500E-04 SHELL          4  -0.0%  0.3175E-07  0.2591      0.2844E-01  0.2875       0.000      0.3604       0.000    
  323900   8.097      0.2500E-04 SHELL          4  -0.0%  0.3178E-07  0.2586      0.2838E-01  0.2869       0.000      0.3604       0.000    
  324000   8.100      0.2500E-04 SHELL          4  -0.0%  0.3176E-07  0.2580      0.2832E-01  0.2864       0.000      0.3604       0.000    
  324100   8.102      0.2500E-04 SHELL          4  -0.0%  0.3178E-07  0.2575      0.2827E-01  0.2858       0.000      0.3604       0.000    
  324200   8.105      0.2500E-04 SHELL          4  -0.0%  0.3176E-07  0.2570      0.2821E-01  0.2852       0.000      0.3604       0.000    
  324300   8.107      0.2500E-04 SHELL          4  -0.0%  0.3179E-07  0.2565      0.2815E-01  0.2846       0.000      0.3604       0.000    
  324400   8.110      0.2500E-04 SHELL          4  -0.0%  0.3177E-07  0.2560      0.2809E-01  0.2841       0.000      0.3604       0.000    
  324500   8.112      0.2500E-04 SHELL          4  -0.0%  0.3179E-07  0.2554      0.2804E-01  0.2835       0.000      0.3604       0.000    
  324600   8.115      0.2500E-04 SHELL          4  -0.0%  0.3177E-07  0.2549      0.2798E-01  0.2829       0.000      0.3604       0.000    
  324700   8.117      0.2500E-04 SHELL          4  -0.0%  0.3180E-07  0.2544      0.2792E-01  0.2823       0.000      0.3604       0.000    
  324800   8.120      0.2500E-04 SHELL          4  -0.0%  0.3178E-07  0.2539      0.2787E-01  0.2817       0.000      0.3604       0.000    
  324900   8.122      0.2500E-04 SHELL          4  -0.0%  0.3180E-07  0.2534      0.2781E-01  0.2812       0.000      0.3604       0.000    
  325000   8.125      0.2500E-04 SHELL          4  -0.0%  0.3178E-07  0.2528      0.2775E-01  0.2806       0.000      0.3604       0.000    
  325100   8.127      0.2500E-04 SHELL          4  -0.0%  0.3181E-07  0.2523      0.2770E-01  0.2800       0.000      0.3604       0.000    
  325200   8.130      0.2500E-04 SHELL          4  -0.0%  0.3179E-07  0.2518      0.2764E-01  0.2794       0.000      0.3604       0.000    
  325300   8.132      0.2500E-04 SHELL          4  -0.0%  0.3181E-07  0.2513      0.2758E-01  0.2789       0.000      0.3604       0.000    
  325400   8.135      0.2500E-04 SHELL          4  -0.0%  0.3180E-07  0.2508      0.2753E-01  0.2783       0.000      0.3604       0.000    
  325500   8.137      0.2500E-04 SHELL          4  -0.0%  0.3182E-07  0.2503      0.2747E-01  0.2777       0.000      0.3604       0.000    
  325600   8.140      0.2500E-04 SHELL          4  -0.0%  0.3180E-07  0.2497      0.2741E-01  0.2771       0.000      0.3604       0.000    
  325700   8.142      0.2500E-04 SHELL          4  -0.0%  0.3182E-07  0.2492      0.2735E-01  0.2766       0.000      0.3604       0.000    
  325800   8.145      0.2500E-04 SHELL          4  -0.0%  0.3181E-07  0.2487      0.2730E-01  0.2760       0.000      0.3604       0.000    
  325900   8.147      0.2500E-04 SHELL          4  -0.0%  0.3183E-07  0.2482      0.2724E-01  0.2754       0.000      0.3604       0.000    
  326000   8.150      0.2500E-04 SHELL          4  -0.0%  0.3181E-07  0.2477      0.2718E-01  0.2748       0.000      0.3604       0.000    
  326100   8.152      0.2500E-04 SHELL          4  -0.0%  0.3184E-07  0.2471      0.2713E-01  0.2743       0.000      0.3604       0.000    
  326200   8.155      0.2500E-04 SHELL          4  -0.0%  0.3182E-07  0.2466      0.2707E-01  0.2737       0.000      0.3604       0.000    
  326300   8.157      0.2500E-04 SHELL          4  -0.0%  0.3184E-07  0.2461      0.2701E-01  0.2731       0.000      0.3604       0.000    
  326400   8.160      0.2500E-04 SHELL          4  -0.0%  0.3182E-07  0.2456      0.2696E-01  0.2726       0.000      0.3604       0.000    
  326500   8.162      0.2500E-04 SHELL          4  -0.0%  0.3185E-07  0.2451      0.2690E-01  0.2720       0.000      0.3604       0.000    
  326600   8.165      0.2500E-04 SHELL          4  -0.0%  0.3183E-07  0.2446      0.2684E-01  0.2714       0.000      0.3604       0.000    
  326700   8.167      0.2500E-04 SHELL          4  -0.0%  0.3185E-07  0.2440      0.2679E-01  0.2708       0.000      0.3604       0.000    
  326800   8.170      0.2500E-04 SHELL          4  -0.0%  0.3183E-07  0.2435      0.2673E-01  0.2703       0.000      0.3604       0.000    
  326900   8.172      0.2500E-04 SHELL          4  -0.0%  0.3185E-07  0.2430      0.2667E-01  0.2697       0.000      0.3604       0.000    
  327000   8.175      0.2500E-04 SHELL          4  -0.0%  0.3184E-07  0.2425      0.2662E-01  0.2691       0.000      0.3604       0.000    
  327100   8.177      0.2500E-04 SHELL          4  -0.0%  0.3186E-07  0.2420      0.2656E-01  0.2685       0.000      0.3604       0.000    
  327200   8.180      0.2500E-04 SHELL          4  -0.0%  0.3184E-07  0.2415      0.2650E-01  0.2680       0.000      0.3604       0.000    
  327300   8.182      0.2500E-04 SHELL          4  -0.0%  0.3186E-07  0.2409      0.2645E-01  0.2674       0.000      0.3604       0.000    
  327400   8.185      0.2500E-04 SHELL          4  -0.0%  0.3185E-07  0.2404      0.2639E-01  0.2668       0.000      0.3604       0.000    
  327500   8.187      0.2500E-04 SHELL          4  -0.0%  0.3187E-07  0.2399      0.2633E-01  0.2663       0.000      0.3604       0.000    
  327600   8.190      0.2500E-04 SHELL          4  -0.0%  0.3185E-07  0.2394      0.2628E-01  0.2657       0.000      0.3604       0.000    
  327700   8.192      0.2500E-04 SHELL          4  -0.0%  0.3187E-07  0.2389      0.2622E-01  0.2651       0.000      0.3604       0.000    
  327800   8.195      0.2500E-04 SHELL          4  -0.0%  0.3186E-07  0.2384      0.2616E-01  0.2645       0.000      0.3604       0.000    
  327900   8.197      0.2500E-04 SHELL          4  -0.0%  0.3188E-07  0.2379      0.2611E-01  0.2640       0.000      0.3604       0.000    
  328000   8.200      0.2500E-04 SHELL          4  -0.0%  0.3186E-07  0.2373      0.2605E-01  0.2634       0.000      0.3604       0.000    
  328100   8.202      0.2500E-04 SHELL          4  -0.0%  0.3188E-07  0.2368      0.2599E-01  0.2628       0.000      0.3604       0.000    
  328200   8.205      0.2500E-04 SHELL          4  -0.0%  0.3187E-07  0.2363      0.2594E-01  0.2623       0.000      0.3604       0.000    
  328300   8.207      0.2500E-04 SHELL          4  -0.0%  0.3189E-07  0.2358      0.2588E-01  0.2617       0.000      0.3604       0.000    
  328400   8.210      0.2500E-04 SHELL          4  -0.0%  0.3187E-07  0.2353      0.2583E-01  0.2611       0.000      0.3604       0.000    
  328500   8.212      0.2500E-04 SHELL          4  -0.0%  0.3189E-07  0.2348      0.2577E-01  0.2605       0.000      0.3604       0.000    
  328600   8.215      0.2500E-04 SHELL          4  -0.0%  0.3188E-07  0.2343      0.2571E-01  0.2600       0.000      0.3604       0.000    
  328700   8.217      0.2500E-04 SHELL          4  -0.0%  0.3190E-07  0.2337      0.2566E-01  0.2594       0.000      0.3604       0.000    
  328800   8.220      0.2500E-04 SHELL          4  -0.0%  0.3188E-07  0.2332      0.2560E-01  0.2588       0.000      0.3604       0.000    
  328900   8.222      0.2500E-04 SHELL          4  -0.0%  0.3190E-07  0.2327      0.2554E-01  0.2583       0.000      0.3604       0.000    
  329000   8.225      0.2500E-04 SHELL          4  -0.0%  0.3189E-07  0.2322      0.2549E-01  0.2577       0.000      0.3604       0.000    
  329100   8.227      0.2500E-04 SHELL          4  -0.0%  0.3191E-07  0.2317      0.2543E-01  0.2571       0.000      0.3604       0.000    
  329200   8.230      0.2500E-04 SHELL          4  -0.0%  0.3189E-07  0.2312      0.2537E-01  0.2566       0.000      0.3604       0.000    
  329300   8.232      0.2500E-04 SHELL          4  -0.0%  0.3191E-07  0.2307      0.2532E-01  0.2560       0.000      0.3604       0.000    
  329400   8.235      0.2500E-04 SHELL          4  -0.0%  0.3189E-07  0.2302      0.2526E-01  0.2554       0.000      0.3604       0.000    
  329500   8.237      0.2500E-04 SHELL          4  -0.0%  0.3191E-07  0.2296      0.2521E-01  0.2548       0.000      0.3604       0.000    
  329600   8.240      0.2500E-04 SHELL          4  -0.0%  0.3190E-07  0.2291      0.2515E-01  0.2543       0.000      0.3604       0.000    
  329700   8.242      0.2500E-04 SHELL          4  -0.0%  0.3192E-07  0.2286      0.2509E-01  0.2537       0.000      0.3604       0.000    
  329800   8.245      0.2500E-04 SHELL          4  -0.0%  0.3190E-07  0.2281      0.2504E-01  0.2531       0.000      0.3604       0.000    
  329900   8.247      0.2500E-04 SHELL          4  -0.0%  0.3192E-07  0.2276      0.2498E-01  0.2526       0.000      0.3604       0.000    
   CYCLE    TIME      TIME-STEP  ELEMENT          ERROR  I-ENERGY    K-ENERGY T  K-ENERGY R  EXT-WORK     MAS.ERR     TOTAL MASS  MASS ADDED
  330000   8.250      0.2500E-04 SHELL          4  -0.0%  0.3191E-07  0.2271      0.2493E-01  0.2520       0.000      0.3604       0.000    
     ANIMATION FILE: A23_w1_REFERENCE_ROTATION_YA034 WRITTEN
  330100   8.252      0.2500E-04 SHELL          4  -0.0%  0.3193E-07  0.2266      0.2487E-01  0.2514       0.000      0.3604       0.000    
  330200   8.255      0.2500E-04 SHELL          4  -0.0%  0.3191E-07  0.2261      0.2481E-01  0.2509       0.000      0.3604       0.000    
  330300   8.257      0.2500E-04 SHELL          4  -0.0%  0.3193E-07  0.2256      0.2476E-01  0.2503       0.000      0.3604       0.000    
  330400   8.260      0.2500E-04 SHELL          4  -0.0%  0.3192E-07  0.2250      0.2470E-01  0.2497       0.000      0.3604       0.000    
  330500   8.262      0.2500E-04 SHELL          4  -0.0%  0.3194E-07  0.2245      0.2465E-01  0.2492       0.000      0.3604       0.000    
  330600   8.265      0.2500E-04 SHELL          4  -0.0%  0.3192E-07  0.2240      0.2459E-01  0.2486       0.000      0.3604       0.000    
  330700   8.267      0.2500E-04 SHELL          4  -0.0%  0.3194E-07  0.2235      0.2453E-01  0.2480       0.000      0.3604       0.000    
  330800   8.270      0.2500E-04 SHELL          4  -0.0%  0.3193E-07  0.2230      0.2448E-01  0.2475       0.000      0.3604       0.000    
  330900   8.272      0.2500E-04 SHELL          4  -0.0%  0.3194E-07  0.2225      0.2442E-01  0.2469       0.000      0.3604       0.000    
  331000   8.275      0.2500E-04 SHELL          4  -0.0%  0.3193E-07  0.2220      0.2437E-01  0.2463       0.000      0.3604       0.000    
  331100   8.277      0.2500E-04 SHELL          4  -0.0%  0.3195E-07  0.2215      0.2431E-01  0.2458       0.000      0.3604       0.000    
  331200   8.280      0.2500E-04 SHELL          4  -0.0%  0.3193E-07  0.2210      0.2425E-01  0.2452       0.000      0.3604       0.000    
  331300   8.282      0.2500E-04 SHELL          4  -0.0%  0.3195E-07  0.2205      0.2420E-01  0.2447       0.000      0.3604       0.000    
  331400   8.285      0.2500E-04 SHELL          4  -0.0%  0.3194E-07  0.2199      0.2414E-01  0.2441       0.000      0.3604       0.000    
  331500   8.287      0.2500E-04 SHELL          4  -0.0%  0.3196E-07  0.2194      0.2409E-01  0.2435       0.000      0.3604       0.000    
  331600   8.290      0.2500E-04 SHELL          4  -0.0%  0.3194E-07  0.2189      0.2403E-01  0.2430       0.000      0.3604       0.000    
  331700   8.292      0.2500E-04 SHELL          4  -0.0%  0.3196E-07  0.2184      0.2397E-01  0.2424       0.000      0.3604       0.000    
  331800   8.295      0.2500E-04 SHELL          4  -0.0%  0.3195E-07  0.2179      0.2392E-01  0.2418       0.000      0.3604       0.000    
  331900   8.297      0.2500E-04 SHELL          4  -0.0%  0.3196E-07  0.2174      0.2386E-01  0.2413       0.000      0.3604       0.000    
  332000   8.300      0.2500E-04 SHELL          4  -0.0%  0.3195E-07  0.2169      0.2381E-01  0.2407       0.000      0.3604       0.000    
  332100   8.302      0.2500E-04 SHELL          4  -0.0%  0.3197E-07  0.2164      0.2375E-01  0.2401       0.000      0.3604       0.000    
  332200   8.305      0.2500E-04 SHELL          4  -0.0%  0.3195E-07  0.2159      0.2370E-01  0.2396       0.000      0.3604       0.000    
  332300   8.307      0.2500E-04 SHELL          4  -0.0%  0.3197E-07  0.2154      0.2364E-01  0.2390       0.000      0.3604       0.000    
  332400   8.310      0.2500E-04 SHELL          4  -0.0%  0.3196E-07  0.2149      0.2358E-01  0.2385       0.000      0.3604       0.000    
  332500   8.312      0.2500E-04 SHELL          4  -0.0%  0.3198E-07  0.2144      0.2353E-01  0.2379       0.000      0.3604       0.000    
  332600   8.315      0.2500E-04 SHELL          4  -0.0%  0.3196E-07  0.2139      0.2347E-01  0.2373       0.000      0.3604       0.000    
  332700   8.317      0.2500E-04 SHELL          4  -0.0%  0.3198E-07  0.2134      0.2342E-01  0.2368       0.000      0.3604       0.000    
  332800   8.320      0.2500E-04 SHELL          4  -0.0%  0.3197E-07  0.2128      0.2336E-01  0.2362       0.000      0.3604       0.000    
  332900   8.322      0.2500E-04 SHELL          4  -0.0%  0.3198E-07  0.2123      0.2331E-01  0.2357       0.000      0.3604       0.000    
  333000   8.325      0.2500E-04 SHELL          4  -0.0%  0.3197E-07  0.2118      0.2325E-01  0.2351       0.000      0.3604       0.000    
  333100   8.327      0.2500E-04 SHELL          4  -0.0%  0.3199E-07  0.2113      0.2320E-01  0.2345       0.000      0.3604       0.000    
  333200   8.330      0.2500E-04 SHELL          4  -0.0%  0.3197E-07  0.2108      0.2314E-01  0.2340       0.000      0.3604       0.000    
  333300   8.332      0.2500E-04 SHELL          4  -0.0%  0.3199E-07  0.2103      0.2309E-01  0.2334       0.000      0.3604       0.000    
  333400   8.335      0.2500E-04 SHELL          4  -0.0%  0.3198E-07  0.2098      0.2303E-01  0.2328       0.000      0.3604       0.000    
  333500   8.337      0.2500E-04 SHELL          4  -0.0%  0.3199E-07  0.2093      0.2297E-01  0.2323       0.000      0.3604       0.000    
  333600   8.340      0.2500E-04 SHELL          4  -0.0%  0.3198E-07  0.2088      0.2292E-01  0.2317       0.000      0.3604       0.000    
  333700   8.342      0.2500E-04 SHELL          4  -0.0%  0.3200E-07  0.2083      0.2286E-01  0.2312       0.000      0.3604       0.000    
  333800   8.345      0.2500E-04 SHELL          4  -0.0%  0.3198E-07  0.2078      0.2281E-01  0.2306       0.000      0.3604       0.000    
  333900   8.347      0.2500E-04 SHELL          4  -0.0%  0.3200E-07  0.2073      0.2275E-01  0.2301       0.000      0.3604       0.000    
  334000   8.350      0.2500E-04 SHELL          4  -0.0%  0.3199E-07  0.2068      0.2270E-01  0.2295       0.000      0.3604       0.000    
  334100   8.352      0.2500E-04 SHELL          4  -0.0%  0.3200E-07  0.2063      0.2264E-01  0.2289       0.000      0.3604       0.000    
  334200   8.355      0.2500E-04 SHELL          4  -0.0%  0.3199E-07  0.2058      0.2259E-01  0.2284       0.000      0.3604       0.000    
  334300   8.357      0.2500E-04 SHELL          4  -0.0%  0.3201E-07  0.2053      0.2253E-01  0.2278       0.000      0.3604       0.000    
  334400   8.360      0.2500E-04 SHELL          4  -0.0%  0.3200E-07  0.2048      0.2248E-01  0.2273       0.000      0.3604       0.000    
  334500   8.362      0.2500E-04 SHELL          4  -0.0%  0.3201E-07  0.2043      0.2242E-01  0.2267       0.000      0.3604       0.000    
  334600   8.365      0.2500E-04 SHELL          4  -0.0%  0.3200E-07  0.2038      0.2237E-01  0.2262       0.000      0.3604       0.000    
  334700   8.367      0.2500E-04 SHELL          4  -0.0%  0.3202E-07  0.2033      0.2231E-01  0.2256       0.000      0.3604       0.000    
  334800   8.370      0.2500E-04 SHELL          4  -0.0%  0.3200E-07  0.2028      0.2226E-01  0.2250       0.000      0.3604       0.000    
  334900   8.372      0.2500E-04 SHELL          4  -0.0%  0.3202E-07  0.2023      0.2220E-01  0.2245       0.000      0.3604       0.000    
  335000   8.375      0.2500E-04 SHELL          4  -0.0%  0.3201E-07  0.2018      0.2215E-01  0.2239       0.000      0.3604       0.000    
  335100   8.377      0.2500E-04 SHELL          4  -0.0%  0.3202E-07  0.2013      0.2209E-01  0.2234       0.000      0.3604       0.000    
  335200   8.380      0.2500E-04 SHELL          4  -0.0%  0.3201E-07  0.2008      0.2204E-01  0.2228       0.000      0.3604       0.000    
  335300   8.382      0.2500E-04 SHELL          4  -0.0%  0.3203E-07  0.2003      0.2198E-01  0.2223       0.000      0.3604       0.000    
  335400   8.385      0.2500E-04 SHELL          4  -0.0%  0.3201E-07  0.1998      0.2193E-01  0.2217       0.000      0.3604       0.000    
  335500   8.387      0.2500E-04 SHELL          4  -0.0%  0.3203E-07  0.1993      0.2187E-01  0.2212       0.000      0.3604       0.000    
  335600   8.390      0.2500E-04 SHELL          4  -0.0%  0.3202E-07  0.1988      0.2182E-01  0.2206       0.000      0.3604       0.000    
  335700   8.392      0.2500E-04 SHELL          4  -0.0%  0.3203E-07  0.1983      0.2176E-01  0.2200       0.000      0.3604       0.000    
  335800   8.395      0.2500E-04 SHELL          4  -0.0%  0.3202E-07  0.1978      0.2171E-01  0.2195       0.000      0.3604       0.000    
  335900   8.397      0.2500E-04 SHELL          4  -0.0%  0.3204E-07  0.1973      0.2165E-01  0.2189       0.000      0.3604       0.000    
  336000   8.400      0.2500E-04 SHELL          4  -0.0%  0.3202E-07  0.1968      0.2160E-01  0.2184       0.000      0.3604       0.000    
  336100   8.402      0.2500E-04 SHELL          4  -0.0%  0.3204E-07  0.1963      0.2155E-01  0.2178       0.000      0.3604       0.000    
  336200   8.405      0.2500E-04 SHELL          4  -0.0%  0.3203E-07  0.1958      0.2149E-01  0.2173       0.000      0.3604       0.000    
  336300   8.407      0.2500E-04 SHELL          4  -0.0%  0.3204E-07  0.1953      0.2144E-01  0.2167       0.000      0.3604       0.000    
  336400   8.410      0.2500E-04 SHELL          4  -0.0%  0.3203E-07  0.1948      0.2138E-01  0.2162       0.000      0.3604       0.000    
  336500   8.412      0.2500E-04 SHELL          4  -0.0%  0.3204E-07  0.1943      0.2133E-01  0.2156       0.000      0.3604       0.000    
  336600   8.415      0.2500E-04 SHELL          4  -0.0%  0.3203E-07  0.1938      0.2127E-01  0.2151       0.000      0.3604       0.000    
  336700   8.417      0.2500E-04 SHELL          4  -0.0%  0.3205E-07  0.1933      0.2122E-01  0.2145       0.000      0.3604       0.000    
  336800   8.420      0.2500E-04 SHELL          4  -0.0%  0.3204E-07  0.1928      0.2116E-01  0.2140       0.000      0.3604       0.000    
  336900   8.422      0.2500E-04 SHELL          4  -0.0%  0.3205E-07  0.1923      0.2111E-01  0.2134       0.000      0.3604       0.000    
  337000   8.425      0.2500E-04 SHELL          4  -0.0%  0.3204E-07  0.1918      0.2106E-01  0.2129       0.000      0.3604       0.000    
  337100   8.427      0.2500E-04 SHELL          4  -0.0%  0.3205E-07  0.1913      0.2100E-01  0.2123       0.000      0.3604       0.000    
  337200   8.430      0.2500E-04 SHELL          4  -0.0%  0.3204E-07  0.1908      0.2095E-01  0.2118       0.000      0.3604       0.000    
  337300   8.432      0.2500E-04 SHELL          4  -0.0%  0.3206E-07  0.1903      0.2089E-01  0.2112       0.000      0.3604       0.000    
  337400   8.435      0.2500E-04 SHELL          4  -0.0%  0.3205E-07  0.1898      0.2084E-01  0.2107       0.000      0.3604       0.000    
  337500   8.437      0.2500E-04 SHELL          4  -0.0%  0.3206E-07  0.1894      0.2078E-01  0.2101       0.000      0.3604       0.000    
  337600   8.440      0.2500E-04 SHELL          4  -0.0%  0.3205E-07  0.1889      0.2073E-01  0.2096       0.000      0.3604       0.000    
  337700   8.442      0.2500E-04 SHELL          4  -0.0%  0.3206E-07  0.1884      0.2068E-01  0.2090       0.000      0.3604       0.000    
  337800   8.445      0.2500E-04 SHELL          4  -0.0%  0.3205E-07  0.1879      0.2062E-01  0.2085       0.000      0.3604       0.000    
  337900   8.447      0.2500E-04 SHELL          4  -0.0%  0.3207E-07  0.1874      0.2057E-01  0.2079       0.000      0.3604       0.000    
  338000   8.450      0.2500E-04 SHELL          4  -0.0%  0.3205E-07  0.1869      0.2051E-01  0.2074       0.000      0.3604       0.000    
  338100   8.452      0.2500E-04 SHELL          4  -0.0%  0.3207E-07  0.1864      0.2046E-01  0.2069       0.000      0.3604       0.000    
  338200   8.455      0.2500E-04 SHELL          4  -0.0%  0.3206E-07  0.1859      0.2041E-01  0.2063       0.000      0.3604       0.000    
  338300   8.457      0.2500E-04 SHELL          4  -0.0%  0.3207E-07  0.1854      0.2035E-01  0.2058       0.000      0.3604       0.000    
  338400   8.460      0.2500E-04 SHELL          4  -0.0%  0.3206E-07  0.1849      0.2030E-01  0.2052       0.000      0.3604       0.000    
  338500   8.463      0.2500E-04 SHELL          4  -0.0%  0.3207E-07  0.1844      0.2024E-01  0.2047       0.000      0.3604       0.000    
  338600   8.465      0.2500E-04 SHELL          4  -0.0%  0.3206E-07  0.1839      0.2019E-01  0.2041       0.000      0.3604       0.000    
  338700   8.468      0.2500E-04 SHELL          4  -0.0%  0.3208E-07  0.1834      0.2014E-01  0.2036       0.000      0.3604       0.000    
  338800   8.470      0.2500E-04 SHELL          4  -0.0%  0.3207E-07  0.1830      0.2008E-01  0.2030       0.000      0.3604       0.000    
  338900   8.473      0.2500E-04 SHELL          4  -0.0%  0.3208E-07  0.1825      0.2003E-01  0.2025       0.000      0.3604       0.000    
  339000   8.475      0.2500E-04 SHELL          4  -0.0%  0.3207E-07  0.1820      0.1997E-01  0.2020       0.000      0.3604       0.000    
  339100   8.478      0.2500E-04 SHELL          4  -0.0%  0.3208E-07  0.1815      0.1992E-01  0.2014       0.000      0.3604       0.000    
  339200   8.480      0.2500E-04 SHELL          4  -0.0%  0.3207E-07  0.1810      0.1987E-01  0.2009       0.000      0.3604       0.000    
  339300   8.483      0.2500E-04 SHELL          4  -0.0%  0.3208E-07  0.1805      0.1981E-01  0.2003       0.000      0.3604       0.000    
  339400   8.485      0.2500E-04 SHELL          4  -0.0%  0.3207E-07  0.1800      0.1976E-01  0.1998       0.000      0.3604       0.000    
  339500   8.488      0.2500E-04 SHELL          4  -0.0%  0.3209E-07  0.1795      0.1971E-01  0.1992       0.000      0.3604       0.000    
  339600   8.490      0.2500E-04 SHELL          4  -0.0%  0.3208E-07  0.1790      0.1965E-01  0.1987       0.000      0.3604       0.000    
  339700   8.493      0.2500E-04 SHELL          4  -0.0%  0.3209E-07  0.1786      0.1960E-01  0.1982       0.000      0.3604       0.000    
  339800   8.495      0.2500E-04 SHELL          4  -0.0%  0.3208E-07  0.1781      0.1955E-01  0.1976       0.000      0.3604       0.000    
  339900   8.498      0.2500E-04 SHELL          4  -0.0%  0.3209E-07  0.1776      0.1949E-01  0.1971       0.000      0.3604       0.000    
   CYCLE    TIME      TIME-STEP  ELEMENT          ERROR  I-ENERGY    K-ENERGY T  K-ENERGY R  EXT-WORK     MAS.ERR     TOTAL MASS  MASS ADDED
  340000   8.500      0.2500E-04 SHELL          4  -0.0%  0.3208E-07  0.1771      0.1944E-01  0.1965       0.000      0.3604       0.000    
     ANIMATION FILE: A23_w1_REFERENCE_ROTATION_YA035 WRITTEN
  340100   8.503      0.2500E-04 SHELL          4  -0.0%  0.3210E-07  0.1766      0.1939E-01  0.1960       0.000      0.3604       0.000    
  340200   8.505      0.2500E-04 SHELL          4  -0.0%  0.3209E-07  0.1761      0.1933E-01  0.1955       0.000      0.3604       0.000    
  340300   8.508      0.2500E-04 SHELL          4  -0.0%  0.3210E-07  0.1756      0.1928E-01  0.1949       0.000      0.3604       0.000    
  340400   8.510      0.2500E-04 SHELL          4  -0.0%  0.3209E-07  0.1752      0.1923E-01  0.1944       0.000      0.3604       0.000    
  340500   8.513      0.2500E-04 SHELL          4  -0.0%  0.3210E-07  0.1747      0.1917E-01  0.1938       0.000      0.3604       0.000    
  340600   8.515      0.2500E-04 SHELL          4  -0.0%  0.3209E-07  0.1742      0.1912E-01  0.1933       0.000      0.3604       0.000    
  340700   8.518      0.2500E-04 SHELL          4  -0.0%  0.3210E-07  0.1737      0.1907E-01  0.1928       0.000      0.3604       0.000    
  340800   8.520      0.2500E-04 SHELL          4  -0.0%  0.3209E-07  0.1732      0.1901E-01  0.1922       0.000      0.3604       0.000    
  340900   8.523      0.2500E-04 SHELL          4  -0.0%  0.3211E-07  0.1727      0.1896E-01  0.1917       0.000      0.3604       0.000    
  341000   8.525      0.2500E-04 SHELL          4  -0.0%  0.3210E-07  0.1723      0.1891E-01  0.1912       0.000      0.3604       0.000    
  341100   8.528      0.2500E-04 SHELL          4  -0.0%  0.3211E-07  0.1718      0.1885E-01  0.1906       0.000      0.3604       0.000    
  341200   8.530      0.2500E-04 SHELL          4  -0.0%  0.3210E-07  0.1713      0.1880E-01  0.1901       0.000      0.3604       0.000    
  341300   8.533      0.2500E-04 SHELL          4  -0.0%  0.3211E-07  0.1708      0.1875E-01  0.1896       0.000      0.3604       0.000    
  341400   8.535      0.2500E-04 SHELL          4  -0.0%  0.3210E-07  0.1703      0.1870E-01  0.1890       0.000      0.3604       0.000    
  341500   8.538      0.2500E-04 SHELL          4  -0.0%  0.3211E-07  0.1698      0.1864E-01  0.1885       0.000      0.3604       0.000    
  341600   8.540      0.2500E-04 SHELL          4  -0.0%  0.3210E-07  0.1694      0.1859E-01  0.1880       0.000      0.3604       0.000    
  341700   8.543      0.2500E-04 SHELL          4  -0.0%  0.3211E-07  0.1689      0.1854E-01  0.1874       0.000      0.3604       0.000    
  341800   8.545      0.2500E-04 SHELL          4  -0.0%  0.3211E-07  0.1684      0.1848E-01  0.1869       0.000      0.3604       0.000    
  341900   8.548      0.2500E-04 SHELL          4  -0.0%  0.3212E-07  0.1679      0.1843E-01  0.1864       0.000      0.3604       0.000    
  342000   8.550      0.2500E-04 SHELL          4  -0.0%  0.3211E-07  0.1674      0.1838E-01  0.1858       0.000      0.3604       0.000    
  342100   8.553      0.2500E-04 SHELL          4  -0.0%  0.3212E-07  0.1670      0.1833E-01  0.1853       0.000      0.3604       0.000    
  342200   8.555      0.2500E-04 SHELL          4  -0.0%  0.3211E-07  0.1665      0.1827E-01  0.1848       0.000      0.3604       0.000    
  342300   8.558      0.2500E-04 SHELL          4  -0.0%  0.3212E-07  0.1660      0.1822E-01  0.1842       0.000      0.3604       0.000    
  342400   8.560      0.2500E-04 SHELL          4  -0.0%  0.3211E-07  0.1655      0.1817E-01  0.1837       0.000      0.3604       0.000    
  342500   8.563      0.2500E-04 SHELL          4  -0.0%  0.3212E-07  0.1651      0.1812E-01  0.1832       0.000      0.3604       0.000    
  342600   8.565      0.2500E-04 SHELL          4  -0.0%  0.3212E-07  0.1646      0.1806E-01  0.1826       0.000      0.3604       0.000    
  342700   8.568      0.2500E-04 SHELL          4  -0.0%  0.3213E-07  0.1641      0.1801E-01  0.1821       0.000      0.3604       0.000    
  342800   8.570      0.2500E-04 SHELL          4  -0.0%  0.3212E-07  0.1636      0.1796E-01  0.1816       0.000      0.3604       0.000    
  342900   8.573      0.2500E-04 SHELL          4  -0.0%  0.3213E-07  0.1631      0.1791E-01  0.1811       0.000      0.3604       0.000    
  343000   8.575      0.2500E-04 SHELL          4  -0.0%  0.3212E-07  0.1627      0.1785E-01  0.1805       0.000      0.3604       0.000    
  343100   8.578      0.2500E-04 SHELL          4  -0.0%  0.3213E-07  0.1622      0.1780E-01  0.1800       0.000      0.3604       0.000    
  343200   8.580      0.2500E-04 SHELL          4  -0.0%  0.3212E-07  0.1617      0.1775E-01  0.1795       0.000      0.3604       0.000    
  343300   8.583      0.2500E-04 SHELL          4  -0.0%  0.3213E-07  0.1612      0.1770E-01  0.1789       0.000      0.3604       0.000    
  343400   8.585      0.2500E-04 SHELL          4  -0.0%  0.3212E-07  0.1608      0.1765E-01  0.1784       0.000      0.3604       0.000    
  343500   8.588      0.2500E-04 SHELL          4  -0.0%  0.3213E-07  0.1603      0.1759E-01  0.1779       0.000      0.3604       0.000    
  343600   8.590      0.2500E-04 SHELL          4  -0.0%  0.3213E-07  0.1598      0.1754E-01  0.1774       0.000      0.3604       0.000    
  343700   8.593      0.2500E-04 SHELL          4  -0.0%  0.3214E-07  0.1593      0.1749E-01  0.1768       0.000      0.3604       0.000    
  343800   8.595      0.2500E-04 SHELL          4  -0.0%  0.3213E-07  0.1589      0.1744E-01  0.1763       0.000      0.3604       0.000    
  343900   8.598      0.2500E-04 SHELL          4  -0.0%  0.3214E-07  0.1584      0.1739E-01  0.1758       0.000      0.3604       0.000    
  344000   8.600      0.2500E-04 SHELL          4  -0.0%  0.3213E-07  0.1579      0.1733E-01  0.1753       0.000      0.3604       0.000    
  344100   8.603      0.2500E-04 SHELL          4  -0.0%  0.3214E-07  0.1575      0.1728E-01  0.1747       0.000      0.3604       0.000    
  344200   8.605      0.2500E-04 SHELL          4  -0.0%  0.3213E-07  0.1570      0.1723E-01  0.1742       0.000      0.3604       0.000    
  344300   8.608      0.2500E-04 SHELL          4  -0.0%  0.3214E-07  0.1565      0.1718E-01  0.1737       0.000      0.3604       0.000    
  344400   8.610      0.2500E-04 SHELL          4  -0.0%  0.3214E-07  0.1560      0.1713E-01  0.1732       0.000      0.3604       0.000    
  344500   8.613      0.2500E-04 SHELL          4  -0.0%  0.3214E-07  0.1556      0.1708E-01  0.1726       0.000      0.3604       0.000    
  344600   8.615      0.2500E-04 SHELL          4  -0.0%  0.3214E-07  0.1551      0.1702E-01  0.1721       0.000      0.3604       0.000    
  344700   8.618      0.2500E-04 SHELL          4  -0.0%  0.3215E-07  0.1546      0.1697E-01  0.1716       0.000      0.3604       0.000    
  344800   8.620      0.2500E-04 SHELL          4  -0.0%  0.3214E-07  0.1542      0.1692E-01  0.1711       0.000      0.3604       0.000    
  344900   8.623      0.2500E-04 SHELL          4  -0.0%  0.3215E-07  0.1537      0.1687E-01  0.1706       0.000      0.3604       0.000    
  345000   8.625      0.2500E-04 SHELL          4  -0.0%  0.3214E-07  0.1532      0.1682E-01  0.1700       0.000      0.3604       0.000    
  345100   8.628      0.2500E-04 SHELL          4  -0.0%  0.3215E-07  0.1528      0.1677E-01  0.1695       0.000      0.3604       0.000    
  345200   8.630      0.2500E-04 SHELL          4  -0.0%  0.3214E-07  0.1523      0.1672E-01  0.1690       0.000      0.3604       0.000    
  345300   8.633      0.2500E-04 SHELL          4  -0.0%  0.3215E-07  0.1518      0.1666E-01  0.1685       0.000      0.3604       0.000    
  345400   8.635      0.2500E-04 SHELL          4  -0.0%  0.3215E-07  0.1514      0.1661E-01  0.1680       0.000      0.3604       0.000    
  345500   8.638      0.2500E-04 SHELL          4  -0.0%  0.3215E-07  0.1509      0.1656E-01  0.1674       0.000      0.3604       0.000    
  345600   8.640      0.2500E-04 SHELL          4  -0.0%  0.3215E-07  0.1504      0.1651E-01  0.1669       0.000      0.3604       0.000    
  345700   8.643      0.2500E-04 SHELL          4  -0.0%  0.3216E-07  0.1500      0.1646E-01  0.1664       0.000      0.3604       0.000    
  345800   8.645      0.2500E-04 SHELL          4  -0.0%  0.3215E-07  0.1495      0.1641E-01  0.1659       0.000      0.3604       0.000    
  345900   8.648      0.2500E-04 SHELL          4  -0.0%  0.3216E-07  0.1490      0.1636E-01  0.1654       0.000      0.3604       0.000    
  346000   8.650      0.2500E-04 SHELL          4  -0.0%  0.3215E-07  0.1486      0.1631E-01  0.1649       0.000      0.3604       0.000    
  346100   8.653      0.2500E-04 SHELL          4  -0.0%  0.3216E-07  0.1481      0.1626E-01  0.1644       0.000      0.3604       0.000    
  346200   8.655      0.2500E-04 SHELL          4  -0.0%  0.3215E-07  0.1476      0.1620E-01  0.1638       0.000      0.3604       0.000    
  346300   8.658      0.2500E-04 SHELL          4  -0.0%  0.3216E-07  0.1472      0.1615E-01  0.1633       0.000      0.3604       0.000    
  346400   8.660      0.2500E-04 SHELL          4  -0.0%  0.3215E-07  0.1467      0.1610E-01  0.1628       0.000      0.3604       0.000    
  346500   8.663      0.2500E-04 SHELL          4  -0.0%  0.3216E-07  0.1462      0.1605E-01  0.1623       0.000      0.3604       0.000    
  346600   8.665      0.2500E-04 SHELL          4  -0.0%  0.3216E-07  0.1458      0.1600E-01  0.1618       0.000      0.3604       0.000    
  346700   8.668      0.2500E-04 SHELL          4  -0.0%  0.3217E-07  0.1453      0.1595E-01  0.1613       0.000      0.3604       0.000    
  346800   8.670      0.2500E-04 SHELL          4  -0.0%  0.3216E-07  0.1449      0.1590E-01  0.1608       0.000      0.3604       0.000    
  346900   8.673      0.2500E-04 SHELL          4  -0.0%  0.3217E-07  0.1444      0.1585E-01  0.1602       0.000      0.3604       0.000    
  347000   8.675      0.2500E-04 SHELL          4  -0.0%  0.3216E-07  0.1439      0.1580E-01  0.1597       0.000      0.3604       0.000    
  347100   8.678      0.2500E-04 SHELL          4  -0.0%  0.3217E-07  0.1435      0.1575E-01  0.1592       0.000      0.3604       0.000    
  347200   8.680      0.2500E-04 SHELL          4  -0.0%  0.3216E-07  0.1430      0.1570E-01  0.1587       0.000      0.3604       0.000    
  347300   8.683      0.2500E-04 SHELL          4  -0.0%  0.3217E-07  0.1426      0.1565E-01  0.1582       0.000      0.3604       0.000    
  347400   8.685      0.2500E-04 SHELL          4  -0.0%  0.3216E-07  0.1421      0.1560E-01  0.1577       0.000      0.3604       0.000    
  347500   8.688      0.2500E-04 SHELL          4  -0.0%  0.3217E-07  0.1416      0.1555E-01  0.1572       0.000      0.3604       0.000    
  347600   8.690      0.2500E-04 SHELL          4  -0.0%  0.3217E-07  0.1412      0.1550E-01  0.1567       0.000      0.3604       0.000    
  347700   8.693      0.2500E-04 SHELL          4  -0.0%  0.3217E-07  0.1407      0.1545E-01  0.1562       0.000      0.3604       0.000    
  347800   8.695      0.2500E-04 SHELL          4  -0.0%  0.3217E-07  0.1403      0.1540E-01  0.1557       0.000      0.3604       0.000    
  347900   8.698      0.2500E-04 SHELL          4  -0.0%  0.3218E-07  0.1398      0.1535E-01  0.1552       0.000      0.3604       0.000    
  348000   8.700      0.2500E-04 SHELL          4  -0.0%  0.3217E-07  0.1394      0.1530E-01  0.1547       0.000      0.3604       0.000    
  348100   8.703      0.2500E-04 SHELL          4  -0.0%  0.3218E-07  0.1389      0.1525E-01  0.1541       0.000      0.3604       0.000    
  348200   8.705      0.2500E-04 SHELL          4  -0.0%  0.3217E-07  0.1384      0.1520E-01  0.1536       0.000      0.3604       0.000    
  348300   8.708      0.2500E-04 SHELL          4  -0.0%  0.3218E-07  0.1380      0.1515E-01  0.1531       0.000      0.3604       0.000    
  348400   8.710      0.2500E-04 SHELL          4  -0.0%  0.3217E-07  0.1375      0.1510E-01  0.1526       0.000      0.3604       0.000    
  348500   8.713      0.2500E-04 SHELL          4  -0.0%  0.3218E-07  0.1371      0.1505E-01  0.1521       0.000      0.3604       0.000    
  348600   8.715      0.2500E-04 SHELL          4  -0.0%  0.3217E-07  0.1366      0.1500E-01  0.1516       0.000      0.3604       0.000    
  348700   8.718      0.2500E-04 SHELL          4  -0.0%  0.3218E-07  0.1362      0.1495E-01  0.1511       0.000      0.3604       0.000    
  348800   8.720      0.2500E-04 SHELL          4  -0.0%  0.3218E-07  0.1357      0.1490E-01  0.1506       0.000      0.3604       0.000    
  348900   8.723      0.2500E-04 SHELL          4  -0.0%  0.3218E-07  0.1353      0.1485E-01  0.1501       0.000      0.3604       0.000    
  349000   8.725      0.2500E-04 SHELL          4  -0.0%  0.3218E-07  0.1348      0.1480E-01  0.1496       0.000      0.3604       0.000    
  349100   8.728      0.2500E-04 SHELL          4  -0.0%  0.3218E-07  0.1344      0.1475E-01  0.1491       0.000      0.3604       0.000    
  349200   8.730      0.2500E-04 SHELL          4  -0.0%  0.3218E-07  0.1339      0.1470E-01  0.1486       0.000      0.3604       0.000    
  349300   8.733      0.2500E-04 SHELL          4  -0.0%  0.3219E-07  0.1335      0.1465E-01  0.1481       0.000      0.3604       0.000    
  349400   8.735      0.2500E-04 SHELL          4  -0.0%  0.3218E-07  0.1330      0.1460E-01  0.1476       0.000      0.3604       0.000    
  349500   8.738      0.2500E-04 SHELL          4  -0.0%  0.3219E-07  0.1326      0.1455E-01  0.1471       0.000      0.3604       0.000    
  349600   8.740      0.2500E-04 SHELL          4  -0.0%  0.3218E-07  0.1321      0.1450E-01  0.1466       0.000      0.3604       0.000    
  349700   8.743      0.2500E-04 SHELL          4  -0.0%  0.3219E-07  0.1317      0.1445E-01  0.1461       0.000      0.3604       0.000    
  349800   8.745      0.2500E-04 SHELL          4  -0.0%  0.3218E-07  0.1312      0.1440E-01  0.1456       0.000      0.3604       0.000    
  349900   8.748      0.2500E-04 SHELL          4  -0.0%  0.3219E-07  0.1308      0.1435E-01  0.1451       0.000      0.3604       0.000    
   CYCLE    TIME      TIME-STEP  ELEMENT          ERROR  I-ENERGY    K-ENERGY T  K-ENERGY R  EXT-WORK     MAS.ERR     TOTAL MASS  MASS ADDED
  350000   8.750      0.2500E-04 SHELL          4  -0.0%  0.3218E-07  0.1303      0.1431E-01  0.1446       0.000      0.3604       0.000    
     ANIMATION FILE: A23_w1_REFERENCE_ROTATION_YA036 WRITTEN
  350100   8.753      0.2500E-04 SHELL          4  -0.0%  0.3219E-07  0.1299      0.1426E-01  0.1441       0.000      0.3604       0.000    
  350200   8.755      0.2500E-04 SHELL          4  -0.0%  0.3219E-07  0.1294      0.1421E-01  0.1436       0.000      0.3604       0.000    
  350300   8.758      0.2500E-04 SHELL          4  -0.0%  0.3219E-07  0.1290      0.1416E-01  0.1431       0.000      0.3604       0.000    
  350400   8.760      0.2500E-04 SHELL          4  -0.0%  0.3219E-07  0.1285      0.1411E-01  0.1427       0.000      0.3604       0.000    
  350500   8.763      0.2500E-04 SHELL          4  -0.0%  0.3219E-07  0.1281      0.1406E-01  0.1422       0.000      0.3604       0.000    
  350600   8.765      0.2500E-04 SHELL          4  -0.0%  0.3219E-07  0.1277      0.1401E-01  0.1417       0.000      0.3604       0.000    
  350700   8.768      0.2500E-04 SHELL          4  -0.0%  0.3220E-07  0.1272      0.1396E-01  0.1412       0.000      0.3604       0.000    
  350800   8.770      0.2500E-04 SHELL          4  -0.0%  0.3219E-07  0.1268      0.1391E-01  0.1407       0.000      0.3604       0.000    
  350900   8.773      0.2500E-04 SHELL          4  -0.0%  0.3220E-07  0.1263      0.1387E-01  0.1402       0.000      0.3604       0.000    
  351000   8.775      0.2500E-04 SHELL          4  -0.0%  0.3219E-07  0.1259      0.1382E-01  0.1397       0.000      0.3604       0.000    
  351100   8.778      0.2500E-04 SHELL          4  -0.0%  0.3220E-07  0.1254      0.1377E-01  0.1392       0.000      0.3604       0.000    
  351200   8.780      0.2500E-04 SHELL          4  -0.0%  0.3219E-07  0.1250      0.1372E-01  0.1387       0.000      0.3604       0.000    
  351300   8.783      0.2500E-04 SHELL          4  -0.0%  0.3220E-07  0.1246      0.1367E-01  0.1382       0.000      0.3604       0.000    
  351400   8.785      0.2500E-04 SHELL          4  -0.0%  0.3219E-07  0.1241      0.1362E-01  0.1377       0.000      0.3604       0.000    
  351500   8.788      0.2500E-04 SHELL          4  -0.0%  0.3220E-07  0.1237      0.1358E-01  0.1373       0.000      0.3604       0.000    
  351600   8.790      0.2500E-04 SHELL          4  -0.0%  0.3220E-07  0.1232      0.1353E-01  0.1368       0.000      0.3604       0.000    
  351700   8.793      0.2500E-04 SHELL          4  -0.0%  0.3220E-07  0.1228      0.1348E-01  0.1363       0.000      0.3604       0.000    
  351800   8.795      0.2500E-04 SHELL          4  -0.0%  0.3220E-07  0.1224      0.1343E-01  0.1358       0.000      0.3604       0.000    
  351900   8.798      0.2500E-04 SHELL          4  -0.0%  0.3220E-07  0.1219      0.1338E-01  0.1353       0.000      0.3604       0.000    
  352000   8.800      0.2500E-04 SHELL          4  -0.0%  0.3220E-07  0.1215      0.1333E-01  0.1348       0.000      0.3604       0.000    
  352100   8.803      0.2500E-04 SHELL          4  -0.0%  0.3220E-07  0.1211      0.1329E-01  0.1343       0.000      0.3604       0.000    
  352200   8.805      0.2500E-04 SHELL          4  -0.0%  0.3220E-07  0.1206      0.1324E-01  0.1339       0.000      0.3604       0.000    
  352300   8.808      0.2500E-04 SHELL          4  -0.0%  0.3221E-07  0.1202      0.1319E-01  0.1334       0.000      0.3604       0.000    
  352400   8.810      0.2500E-04 SHELL          4  -0.0%  0.3220E-07  0.1197      0.1314E-01  0.1329       0.000      0.3604       0.000    
  352500   8.813      0.2500E-04 SHELL          4  -0.0%  0.3221E-07  0.1193      0.1310E-01  0.1324       0.000      0.3604       0.000    
  352600   8.815      0.2500E-04 SHELL          4  -0.0%  0.3220E-07  0.1189      0.1305E-01  0.1319       0.000      0.3604       0.000    
  352700   8.818      0.2500E-04 SHELL          4  -0.0%  0.3221E-07  0.1184      0.1300E-01  0.1314       0.000      0.3604       0.000    
  352800   8.820      0.2500E-04 SHELL          4  -0.0%  0.3220E-07  0.1180      0.1295E-01  0.1310       0.000      0.3604       0.000    
  352900   8.823      0.2500E-04 SHELL          4  -0.0%  0.3221E-07  0.1176      0.1291E-01  0.1305       0.000      0.3604       0.000    
  353000   8.825      0.2500E-04 SHELL          4  -0.0%  0.3220E-07  0.1171      0.1286E-01  0.1300       0.000      0.3604       0.000    
  353100   8.828      0.2500E-04 SHELL          4  -0.0%  0.3221E-07  0.1167      0.1281E-01  0.1295       0.000      0.3604       0.000    
  353200   8.830      0.2500E-04 SHELL          4  -0.0%  0.3221E-07  0.1163      0.1276E-01  0.1290       0.000      0.3604       0.000    
  353300   8.833      0.2500E-04 SHELL          4  -0.0%  0.3221E-07  0.1158      0.1272E-01  0.1286       0.000      0.3604       0.000    
  353400   8.835      0.2500E-04 SHELL          4  -0.0%  0.3221E-07  0.1154      0.1267E-01  0.1281       0.000      0.3604       0.000    
  353500   8.838      0.2500E-04 SHELL          4  -0.0%  0.3221E-07  0.1150      0.1262E-01  0.1276       0.000      0.3604       0.000    
  353600   8.840      0.2500E-04 SHELL          4  -0.0%  0.3221E-07  0.1146      0.1257E-01  0.1271       0.000      0.3604       0.000    
  353700   8.843      0.2500E-04 SHELL          4  -0.0%  0.3221E-07  0.1141      0.1253E-01  0.1267       0.000      0.3604       0.000    
  353800   8.845      0.2500E-04 SHELL          4  -0.0%  0.3221E-07  0.1137      0.1248E-01  0.1262       0.000      0.3604       0.000    
  353900   8.848      0.2500E-04 SHELL          4  -0.0%  0.3221E-07  0.1133      0.1243E-01  0.1257       0.000      0.3604       0.000    
  354000   8.850      0.2500E-04 SHELL          4  -0.0%  0.3221E-07  0.1128      0.1239E-01  0.1252       0.000      0.3604       0.000    
  354100   8.853      0.2500E-04 SHELL          4  -0.0%  0.3221E-07  0.1124      0.1234E-01  0.1248       0.000      0.3604       0.000    
  354200   8.855      0.2500E-04 SHELL          4  -0.0%  0.3221E-07  0.1120      0.1229E-01  0.1243       0.000      0.3604       0.000    
  354300   8.858      0.2500E-04 SHELL          4  -0.0%  0.3222E-07  0.1116      0.1225E-01  0.1238       0.000      0.3604       0.000    
  354400   8.860      0.2500E-04 SHELL          4  -0.0%  0.3221E-07  0.1111      0.1220E-01  0.1233       0.000      0.3604       0.000    
  354500   8.863      0.2500E-04 SHELL          4  -0.0%  0.3222E-07  0.1107      0.1215E-01  0.1229       0.000      0.3604       0.000    
  354600   8.865      0.2500E-04 SHELL          4  -0.0%  0.3221E-07  0.1103      0.1211E-01  0.1224       0.000      0.3604       0.000    
  354700   8.868      0.2500E-04 SHELL          4  -0.0%  0.3222E-07  0.1099      0.1206E-01  0.1219       0.000      0.3604       0.000    
  354800   8.870      0.2500E-04 SHELL          4  -0.0%  0.3221E-07  0.1094      0.1201E-01  0.1215       0.000      0.3604       0.000    
  354900   8.873      0.2500E-04 SHELL          4  -0.0%  0.3222E-07  0.1090      0.1197E-01  0.1210       0.000      0.3604       0.000    
  355000   8.875      0.2500E-04 SHELL          4  -0.0%  0.3222E-07  0.1086      0.1192E-01  0.1205       0.000      0.3604       0.000    
  355100   8.878      0.2500E-04 SHELL          4  -0.0%  0.3222E-07  0.1082      0.1187E-01  0.1201       0.000      0.3604       0.000    
  355200   8.880      0.2500E-04 SHELL          4  -0.0%  0.3222E-07  0.1078      0.1183E-01  0.1196       0.000      0.3604       0.000    
  355300   8.883      0.2500E-04 SHELL          4  -0.0%  0.3222E-07  0.1073      0.1178E-01  0.1191       0.000      0.3604       0.000    
  355400   8.885      0.2500E-04 SHELL          4  -0.0%  0.3222E-07  0.1069      0.1174E-01  0.1187       0.000      0.3604       0.000    
  355500   8.888      0.2500E-04 SHELL          4  -0.0%  0.3222E-07  0.1065      0.1169E-01  0.1182       0.000      0.3604       0.000    
  355600   8.890      0.2500E-04 SHELL          4  -0.0%  0.3222E-07  0.1061      0.1164E-01  0.1177       0.000      0.3604       0.000    
  355700   8.893      0.2500E-04 SHELL          4  -0.0%  0.3222E-07  0.1057      0.1160E-01  0.1173       0.000      0.3604       0.000    
  355800   8.895      0.2500E-04 SHELL          4  -0.0%  0.3222E-07  0.1052      0.1155E-01  0.1168       0.000      0.3604       0.000    
  355900   8.898      0.2500E-04 SHELL          4  -0.0%  0.3222E-07  0.1048      0.1151E-01  0.1163       0.000      0.3604       0.000    
  356000   8.900      0.2500E-04 SHELL          4  -0.0%  0.3222E-07  0.1044      0.1146E-01  0.1159       0.000      0.3604       0.000    
  356100   8.903      0.2500E-04 SHELL          4  -0.0%  0.3222E-07  0.1040      0.1142E-01  0.1154       0.000      0.3604       0.000    
  356200   8.905      0.2500E-04 SHELL          4  -0.0%  0.3222E-07  0.1036      0.1137E-01  0.1150       0.000      0.3604       0.000    
  356300   8.908      0.2500E-04 SHELL          4  -0.0%  0.3223E-07  0.1032      0.1132E-01  0.1145       0.000      0.3604       0.000    
  356400   8.910      0.2500E-04 SHELL          4  -0.0%  0.3222E-07  0.1028      0.1128E-01  0.1140       0.000      0.3604       0.000    
  356500   8.913      0.2500E-04 SHELL          4  -0.0%  0.3223E-07  0.1023      0.1123E-01  0.1136       0.000      0.3604       0.000    
  356600   8.915      0.2500E-04 SHELL          4  -0.0%  0.3222E-07  0.1019      0.1119E-01  0.1131       0.000      0.3604       0.000    
  356700   8.918      0.2500E-04 SHELL          4  -0.0%  0.3223E-07  0.1015      0.1114E-01  0.1127       0.000      0.3604       0.000    
  356800   8.920      0.2500E-04 SHELL          4  -0.0%  0.3222E-07  0.1011      0.1110E-01  0.1122       0.000      0.3604       0.000    
  356900   8.923      0.2500E-04 SHELL          4  -0.0%  0.3223E-07  0.1007      0.1105E-01  0.1117       0.000      0.3604       0.000    
  357000   8.925      0.2500E-04 SHELL          4  -0.0%  0.3222E-07  0.1003      0.1101E-01  0.1113       0.000      0.3604       0.000    
  357100   8.928      0.2500E-04 SHELL          4  -0.0%  0.3223E-07  0.9988E-01  0.1096E-01  0.1108       0.000      0.3604       0.000    
  357200   8.930      0.2500E-04 SHELL          4  -0.0%  0.3223E-07  0.9947E-01  0.1092E-01  0.1104       0.000      0.3604       0.000    
  357300   8.933      0.2500E-04 SHELL          4  -0.0%  0.3223E-07  0.9906E-01  0.1087E-01  0.1099       0.000      0.3604       0.000    
  357400   8.935      0.2500E-04 SHELL          4  -0.0%  0.3223E-07  0.9865E-01  0.1083E-01  0.1095       0.000      0.3604       0.000    
  357500   8.938      0.2500E-04 SHELL          4  -0.0%  0.3223E-07  0.9824E-01  0.1078E-01  0.1090       0.000      0.3604       0.000    
  357600   8.940      0.2500E-04 SHELL          4  -0.0%  0.3223E-07  0.9783E-01  0.1074E-01  0.1086       0.000      0.3604       0.000    
  357700   8.943      0.2500E-04 SHELL          4  -0.0%  0.3223E-07  0.9743E-01  0.1069E-01  0.1081       0.000      0.3604       0.000    
  357800   8.945      0.2500E-04 SHELL          4  -0.0%  0.3223E-07  0.9702E-01  0.1065E-01  0.1077       0.000      0.3604       0.000    
  357900   8.948      0.2500E-04 SHELL          4  -0.0%  0.3223E-07  0.9662E-01  0.1060E-01  0.1072       0.000      0.3604       0.000    
  358000   8.950      0.2500E-04 SHELL          4  -0.0%  0.3223E-07  0.9621E-01  0.1056E-01  0.1068       0.000      0.3604       0.000    
  358100   8.953      0.2500E-04 SHELL          4  -0.0%  0.3223E-07  0.9581E-01  0.1052E-01  0.1063       0.000      0.3604       0.000    
  358200   8.955      0.2500E-04 SHELL          4  -0.0%  0.3223E-07  0.9540E-01  0.1047E-01  0.1059       0.000      0.3604       0.000    
  358300   8.958      0.2500E-04 SHELL          4  -0.0%  0.3223E-07  0.9500E-01  0.1043E-01  0.1054       0.000      0.3604       0.000    
  358400   8.960      0.2500E-04 SHELL          4  -0.0%  0.3223E-07  0.9460E-01  0.1038E-01  0.1050       0.000      0.3604       0.000    
  358500   8.963      0.2500E-04 SHELL          4  -0.0%  0.3223E-07  0.9420E-01  0.1034E-01  0.1045       0.000      0.3604       0.000    
  358600   8.965      0.2500E-04 SHELL          4  -0.0%  0.3223E-07  0.9380E-01  0.1030E-01  0.1041       0.000      0.3604       0.000    
  358700   8.968      0.2500E-04 SHELL          4  -0.0%  0.3223E-07  0.9340E-01  0.1025E-01  0.1036       0.000      0.3604       0.000    
  358800   8.970      0.2500E-04 SHELL          4  -0.0%  0.3223E-07  0.9300E-01  0.1021E-01  0.1032       0.000      0.3604       0.000    
  358900   8.973      0.2500E-04 SHELL          4  -0.0%  0.3224E-07  0.9260E-01  0.1016E-01  0.1028       0.000      0.3604       0.000    
  359000   8.975      0.2500E-04 SHELL          4  -0.0%  0.3223E-07  0.9220E-01  0.1012E-01  0.1023       0.000      0.3604       0.000    
  359100   8.978      0.2500E-04 SHELL          4  -0.0%  0.3224E-07  0.9180E-01  0.1008E-01  0.1019       0.000      0.3604       0.000    
  359200   8.980      0.2500E-04 SHELL          4  -0.0%  0.3223E-07  0.9140E-01  0.1003E-01  0.1014       0.000      0.3604       0.000    
  359300   8.983      0.2500E-04 SHELL          4  -0.0%  0.3224E-07  0.9101E-01  0.9989E-02  0.1010       0.000      0.3604       0.000    
  359400   8.985      0.2500E-04 SHELL          4  -0.0%  0.3223E-07  0.9061E-01  0.9946E-02  0.1006       0.000      0.3604       0.000    
  359500   8.988      0.2500E-04 SHELL          4  -0.0%  0.3224E-07  0.9021E-01  0.9902E-02  0.1001       0.000      0.3604       0.000    
  359600   8.990      0.2500E-04 SHELL          4  -0.0%  0.3223E-07  0.8982E-01  0.9859E-02  0.9968E-01   0.000      0.3604       0.000    
  359700   8.993      0.2500E-04 SHELL          4  -0.0%  0.3224E-07  0.8942E-01  0.9815E-02  0.9924E-01   0.000      0.3604       0.000    
  359800   8.995      0.2500E-04 SHELL          4  -0.0%  0.3224E-07  0.8903E-01  0.9772E-02  0.9880E-01   0.000      0.3604       0.000    
  359900   8.998      0.2500E-04 SHELL          4  -0.0%  0.3224E-07  0.8864E-01  0.9729E-02  0.9837E-01   0.000      0.3604       0.000    
   CYCLE    TIME      TIME-STEP  ELEMENT          ERROR  I-ENERGY    K-ENERGY T  K-ENERGY R  EXT-WORK     MAS.ERR     TOTAL MASS  MASS ADDED
  360000   9.000      0.2500E-04 SHELL          4  -0.0%  0.3224E-07  0.8824E-01  0.9686E-02  0.9793E-01   0.000      0.3604       0.000    
     ANIMATION FILE: A23_w1_REFERENCE_ROTATION_YA037 WRITTEN
  360100   9.003      0.2500E-04 SHELL          4  -0.0%  0.3224E-07  0.8785E-01  0.9643E-02  0.9750E-01   0.000      0.3604       0.000    
  360200   9.005      0.2500E-04 SHELL          4  -0.0%  0.3224E-07  0.8746E-01  0.9600E-02  0.9706E-01   0.000      0.3604       0.000    
  360300   9.008      0.2500E-04 SHELL          4  -0.0%  0.3224E-07  0.8707E-01  0.9557E-02  0.9663E-01   0.000      0.3604       0.000    
  360400   9.010      0.2500E-04 SHELL          4  -0.0%  0.3224E-07  0.8668E-01  0.9514E-02  0.9620E-01   0.000      0.3604       0.000    
  360500   9.013      0.2500E-04 SHELL          4  -0.0%  0.3224E-07  0.8629E-01  0.9472E-02  0.9576E-01   0.000      0.3604       0.000    
  360600   9.015      0.2500E-04 SHELL          4  -0.0%  0.3224E-07  0.8590E-01  0.9429E-02  0.9533E-01   0.000      0.3604       0.000    
  360700   9.018      0.2500E-04 SHELL          4  -0.0%  0.3224E-07  0.8552E-01  0.9386E-02  0.9490E-01   0.000      0.3604       0.000    
  360800   9.020      0.2500E-04 SHELL          4  -0.0%  0.3224E-07  0.8513E-01  0.9344E-02  0.9447E-01   0.000      0.3604       0.000    
  360900   9.023      0.2500E-04 SHELL          4  -0.0%  0.3224E-07  0.8474E-01  0.9301E-02  0.9404E-01   0.000      0.3604       0.000    
  361000   9.025      0.2500E-04 SHELL          4  -0.0%  0.3224E-07  0.8435E-01  0.9259E-02  0.9361E-01   0.000      0.3604       0.000    
  361100   9.028      0.2500E-04 SHELL          4  -0.0%  0.3224E-07  0.8397E-01  0.9217E-02  0.9319E-01   0.000      0.3604       0.000    
  361200   9.030      0.2500E-04 SHELL          4  -0.0%  0.3224E-07  0.8358E-01  0.9174E-02  0.9276E-01   0.000      0.3604       0.000    
  361300   9.033      0.2500E-04 SHELL          4  -0.0%  0.3224E-07  0.8320E-01  0.9132E-02  0.9233E-01   0.000      0.3604       0.000    
  361400   9.035      0.2500E-04 SHELL          4  -0.0%  0.3224E-07  0.8282E-01  0.9090E-02  0.9191E-01   0.000      0.3604       0.000    
  361500   9.038      0.2500E-04 SHELL          4  -0.0%  0.3224E-07  0.8243E-01  0.9048E-02  0.9148E-01   0.000      0.3604       0.000    
  361600   9.040      0.2500E-04 SHELL          4  -0.0%  0.3224E-07  0.8205E-01  0.9006E-02  0.9106E-01   0.000      0.3604       0.000    
  361700   9.043      0.2500E-04 SHELL          4  -0.0%  0.3224E-07  0.8167E-01  0.8964E-02  0.9063E-01   0.000      0.3604       0.000    
  361800   9.045      0.2500E-04 SHELL          4  -0.0%  0.3224E-07  0.8129E-01  0.8922E-02  0.9021E-01   0.000      0.3604       0.000    
  361900   9.048      0.2500E-04 SHELL          4  -0.0%  0.3224E-07  0.8091E-01  0.8881E-02  0.8979E-01   0.000      0.3604       0.000    
  362000   9.050      0.2500E-04 SHELL          4  -0.0%  0.3224E-07  0.8053E-01  0.8839E-02  0.8937E-01   0.000      0.3604       0.000    
  362100   9.053      0.2500E-04 SHELL          4  -0.0%  0.3224E-07  0.8015E-01  0.8797E-02  0.8895E-01   0.000      0.3604       0.000    
  362200   9.055      0.2500E-04 SHELL          4  -0.0%  0.3224E-07  0.7977E-01  0.8756E-02  0.8853E-01   0.000      0.3604       0.000    
  362300   9.058      0.2500E-04 SHELL          4  -0.0%  0.3225E-07  0.7939E-01  0.8714E-02  0.8811E-01   0.000      0.3604       0.000    
  362400   9.060      0.2500E-04 SHELL          4  -0.0%  0.3224E-07  0.7902E-01  0.8673E-02  0.8769E-01   0.000      0.3604       0.000    
  362500   9.063      0.2500E-04 SHELL          4  -0.0%  0.3225E-07  0.7864E-01  0.8632E-02  0.8727E-01   0.000      0.3604       0.000    
  362600   9.065      0.2500E-04 SHELL          4  -0.0%  0.3224E-07  0.7826E-01  0.8590E-02  0.8685E-01   0.000      0.3604       0.000    
  362700   9.068      0.2500E-04 SHELL          4  -0.0%  0.3225E-07  0.7789E-01  0.8549E-02  0.8644E-01   0.000      0.3604       0.000    
  362800   9.070      0.2500E-04 SHELL          4  -0.0%  0.3224E-07  0.7751E-01  0.8508E-02  0.8602E-01   0.000      0.3604       0.000    
  362900   9.073      0.2500E-04 SHELL          4  -0.0%  0.3225E-07  0.7714E-01  0.8467E-02  0.8561E-01   0.000      0.3604       0.000    
  363000   9.075      0.2500E-04 SHELL          4  -0.0%  0.3224E-07  0.7677E-01  0.8426E-02  0.8519E-01   0.000      0.3604       0.000    
  363100   9.078      0.2500E-04 SHELL          4  -0.0%  0.3225E-07  0.7640E-01  0.8385E-02  0.8478E-01   0.000      0.3604       0.000    
  363200   9.080      0.2500E-04 SHELL          4  -0.0%  0.3225E-07  0.7602E-01  0.8345E-02  0.8437E-01   0.000      0.3604       0.000    
  363300   9.083      0.2500E-04 SHELL          4  -0.0%  0.3225E-07  0.7565E-01  0.8304E-02  0.8396E-01   0.000      0.3604       0.000    
  363400   9.085      0.2500E-04 SHELL          4  -0.0%  0.3225E-07  0.7528E-01  0.8263E-02  0.8355E-01   0.000      0.3604       0.000    
  363500   9.088      0.2500E-04 SHELL          4  -0.0%  0.3225E-07  0.7491E-01  0.8223E-02  0.8314E-01   0.000      0.3604       0.000    
  363600   9.090      0.2500E-04 SHELL          4  -0.0%  0.3225E-07  0.7454E-01  0.8182E-02  0.8273E-01   0.000      0.3604       0.000    
  363700   9.093      0.2500E-04 SHELL          4  -0.0%  0.3225E-07  0.7418E-01  0.8142E-02  0.8232E-01   0.000      0.3604       0.000    
  363800   9.095      0.2500E-04 SHELL          4  -0.0%  0.3225E-07  0.7381E-01  0.8101E-02  0.8191E-01   0.000      0.3604       0.000    
  363900   9.098      0.2500E-04 SHELL          4  -0.0%  0.3225E-07  0.7344E-01  0.8061E-02  0.8150E-01   0.000      0.3604       0.000    
  364000   9.100      0.2500E-04 SHELL          4  -0.0%  0.3225E-07  0.7308E-01  0.8021E-02  0.8110E-01   0.000      0.3604       0.000    
  364100   9.103      0.2500E-04 SHELL          4  -0.0%  0.3225E-07  0.7271E-01  0.7981E-02  0.8069E-01   0.000      0.3604       0.000    
  364200   9.105      0.2500E-04 SHELL          4  -0.0%  0.3225E-07  0.7235E-01  0.7941E-02  0.8029E-01   0.000      0.3604       0.000    
  364300   9.108      0.2500E-04 SHELL          4  -0.0%  0.3225E-07  0.7198E-01  0.7901E-02  0.7988E-01   0.000      0.3604       0.000    
  364400   9.110      0.2500E-04 SHELL          4  -0.0%  0.3225E-07  0.7162E-01  0.7861E-02  0.7948E-01   0.000      0.3604       0.000    
  364500   9.113      0.2500E-04 SHELL          4  -0.0%  0.3225E-07  0.7126E-01  0.7821E-02  0.7908E-01   0.000      0.3604       0.000    
  364600   9.115      0.2500E-04 SHELL          4  -0.0%  0.3225E-07  0.7089E-01  0.7781E-02  0.7867E-01   0.000      0.3604       0.000    
  364700   9.118      0.2500E-04 SHELL          4  -0.0%  0.3225E-07  0.7053E-01  0.7742E-02  0.7827E-01   0.000      0.3604       0.000    
  364800   9.120      0.2500E-04 SHELL          4  -0.0%  0.3225E-07  0.7017E-01  0.7702E-02  0.7787E-01   0.000      0.3604       0.000    
  364900   9.123      0.2500E-04 SHELL          4  -0.0%  0.3225E-07  0.6981E-01  0.7663E-02  0.7747E-01   0.000      0.3604       0.000    
  365000   9.125      0.2500E-04 SHELL          4  -0.0%  0.3225E-07  0.6945E-01  0.7623E-02  0.7708E-01   0.000      0.3604       0.000    
  365100   9.128      0.2500E-04 SHELL          4  -0.0%  0.3225E-07  0.6909E-01  0.7584E-02  0.7668E-01   0.000      0.3604       0.000    
  365200   9.130      0.2500E-04 SHELL          4  -0.0%  0.3225E-07  0.6874E-01  0.7545E-02  0.7628E-01   0.000      0.3604       0.000    
  365300   9.133      0.2500E-04 SHELL          4  -0.0%  0.3225E-07  0.6838E-01  0.7505E-02  0.7588E-01   0.000      0.3604       0.000    
  365400   9.135      0.2500E-04 SHELL          4  -0.0%  0.3225E-07  0.6802E-01  0.7466E-02  0.7549E-01   0.000      0.3604       0.000    
  365500   9.138      0.2500E-04 SHELL          4  -0.0%  0.3225E-07  0.6767E-01  0.7427E-02  0.7509E-01   0.000      0.3604       0.000    
  365600   9.140      0.2500E-04 SHELL          4  -0.0%  0.3225E-07  0.6731E-01  0.7388E-02  0.7470E-01   0.000      0.3604       0.000    
  365700   9.143      0.2500E-04 SHELL          4  -0.0%  0.3225E-07  0.6696E-01  0.7349E-02  0.7431E-01   0.000      0.3604       0.000    
  365800   9.145      0.2500E-04 SHELL          4  -0.0%  0.3225E-07  0.6660E-01  0.7311E-02  0.7392E-01   0.000      0.3604       0.000    
  365900   9.148      0.2500E-04 SHELL          4  -0.0%  0.3225E-07  0.6625E-01  0.7272E-02  0.7352E-01   0.000      0.3604       0.000    
  366000   9.150      0.2500E-04 SHELL          4  -0.0%  0.3225E-07  0.6590E-01  0.7233E-02  0.7313E-01   0.000      0.3604       0.000    
  366100   9.153      0.2500E-04 SHELL          4  -0.0%  0.3225E-07  0.6555E-01  0.7195E-02  0.7274E-01   0.000      0.3604       0.000    
  366200   9.155      0.2500E-04 SHELL          4  -0.0%  0.3225E-07  0.6520E-01  0.7156E-02  0.7235E-01   0.000      0.3604       0.000    
  366300   9.158      0.2500E-04 SHELL          4  -0.0%  0.3225E-07  0.6485E-01  0.7118E-02  0.7197E-01   0.000      0.3604       0.000    
  366400   9.160      0.2500E-04 SHELL          4  -0.0%  0.3225E-07  0.6450E-01  0.7080E-02  0.7158E-01   0.000      0.3604       0.000    
  366500   9.163      0.2500E-04 SHELL          4  -0.0%  0.3225E-07  0.6415E-01  0.7041E-02  0.7119E-01   0.000      0.3604       0.000    
  366600   9.165      0.2500E-04 SHELL          4  -0.0%  0.3225E-07  0.6380E-01  0.7003E-02  0.7081E-01   0.000      0.3604       0.000    
  366700   9.168      0.2500E-04 SHELL          4  -0.0%  0.3225E-07  0.6346E-01  0.6965E-02  0.7042E-01   0.000      0.3604       0.000    
  366800   9.170      0.2500E-04 SHELL          4  -0.0%  0.3225E-07  0.6311E-01  0.6927E-02  0.7004E-01   0.000      0.3604       0.000    
  366900   9.173      0.2500E-04 SHELL          4  -0.0%  0.3225E-07  0.6276E-01  0.6889E-02  0.6965E-01   0.000      0.3604       0.000    
  367000   9.175      0.2500E-04 SHELL          4  -0.0%  0.3225E-07  0.6242E-01  0.6851E-02  0.6927E-01   0.000      0.3604       0.000    
  367100   9.178      0.2500E-04 SHELL          4  -0.0%  0.3225E-07  0.6208E-01  0.6814E-02  0.6889E-01   0.000      0.3604       0.000    
  367200   9.180      0.2500E-04 SHELL          4  -0.0%  0.3225E-07  0.6173E-01  0.6776E-02  0.6851E-01   0.000      0.3604       0.000    
  367300   9.183      0.2500E-04 SHELL          4  -0.0%  0.3225E-07  0.6139E-01  0.6738E-02  0.6813E-01   0.000      0.3604       0.000    
  367400   9.185      0.2500E-04 SHELL          4  -0.0%  0.3225E-07  0.6105E-01  0.6701E-02  0.6775E-01   0.000      0.3604       0.000    
  367500   9.188      0.2500E-04 SHELL          4  -0.0%  0.3226E-07  0.6071E-01  0.6663E-02  0.6737E-01   0.000      0.3604       0.000    
  367600   9.190      0.2500E-04 SHELL          4  -0.0%  0.3225E-07  0.6037E-01  0.6626E-02  0.6699E-01   0.000      0.3604       0.000    
  367700   9.193      0.2500E-04 SHELL          4  -0.0%  0.3226E-07  0.6003E-01  0.6589E-02  0.6662E-01   0.000      0.3604       0.000    
  367800   9.195      0.2500E-04 SHELL          4  -0.0%  0.3225E-07  0.5969E-01  0.6552E-02  0.6624E-01   0.000      0.3604       0.000    
  367900   9.198      0.2500E-04 SHELL          4  -0.0%  0.3226E-07  0.5935E-01  0.6515E-02  0.6587E-01   0.000      0.3604       0.000    
  368000   9.200      0.2500E-04 SHELL          4  -0.0%  0.3225E-07  0.5901E-01  0.6478E-02  0.6549E-01   0.000      0.3604       0.000    
  368100   9.203      0.2500E-04 SHELL          4  -0.0%  0.3226E-07  0.5868E-01  0.6441E-02  0.6512E-01   0.000      0.3604       0.000    
  368200   9.205      0.2500E-04 SHELL          4  -0.0%  0.3225E-07  0.5834E-01  0.6404E-02  0.6475E-01   0.000      0.3604       0.000    
  368300   9.208      0.2500E-04 SHELL          4  -0.0%  0.3226E-07  0.5801E-01  0.6367E-02  0.6437E-01   0.000      0.3604       0.000    
  368400   9.210      0.2500E-04 SHELL          4  -0.0%  0.3226E-07  0.5767E-01  0.6330E-02  0.6400E-01   0.000      0.3604       0.000    
  368500   9.213      0.2500E-04 SHELL          4  -0.0%  0.3226E-07  0.5734E-01  0.6294E-02  0.6363E-01   0.000      0.3604       0.000    
  368600   9.215      0.2500E-04 SHELL          4  -0.0%  0.3226E-07  0.5701E-01  0.6257E-02  0.6327E-01   0.000      0.3604       0.000    
  368700   9.218      0.2500E-04 SHELL          4  -0.0%  0.3226E-07  0.5668E-01  0.6221E-02  0.6290E-01   0.000      0.3604       0.000    
  368800   9.220      0.2500E-04 SHELL          4  -0.0%  0.3226E-07  0.5635E-01  0.6185E-02  0.6253E-01   0.000      0.3604       0.000    
  368900   9.223      0.2500E-04 SHELL          4  -0.0%  0.3226E-07  0.5601E-01  0.6148E-02  0.6216E-01   0.000      0.3604       0.000    
  369000   9.225      0.2500E-04 SHELL          4  -0.0%  0.3226E-07  0.5569E-01  0.6112E-02  0.6180E-01   0.000      0.3604       0.000    
  369100   9.228      0.2500E-04 SHELL          4  -0.0%  0.3226E-07  0.5536E-01  0.6076E-02  0.6143E-01   0.000      0.3604       0.000    
  369200   9.230      0.2500E-04 SHELL          4  -0.0%  0.3226E-07  0.5503E-01  0.6040E-02  0.6107E-01   0.000      0.3604       0.000    
  369300   9.233      0.2500E-04 SHELL          4  -0.0%  0.3226E-07  0.5470E-01  0.6004E-02  0.6071E-01   0.000      0.3604       0.000    
  369400   9.235      0.2500E-04 SHELL          4  -0.0%  0.3226E-07  0.5438E-01  0.5968E-02  0.6034E-01   0.000      0.3604       0.000    
  369500   9.238      0.2500E-04 SHELL          4  -0.0%  0.3226E-07  0.5405E-01  0.5933E-02  0.5998E-01   0.000      0.3604       0.000    
  369600   9.240      0.2500E-04 SHELL          4  -0.0%  0.3226E-07  0.5372E-01  0.5897E-02  0.5962E-01   0.000      0.3604       0.000    
  369700   9.243      0.2500E-04 SHELL          4  -0.0%  0.3226E-07  0.5340E-01  0.5861E-02  0.5926E-01   0.000      0.3604       0.000    
  369800   9.245      0.2500E-04 SHELL          4  -0.0%  0.3226E-07  0.5308E-01  0.5826E-02  0.5890E-01   0.000      0.3604       0.000    
  369900   9.248      0.2500E-04 SHELL          4  -0.0%  0.3226E-07  0.5276E-01  0.5791E-02  0.5855E-01   0.000      0.3604       0.000    
   CYCLE    TIME      TIME-STEP  ELEMENT          ERROR  I-ENERGY    K-ENERGY T  K-ENERGY R  EXT-WORK     MAS.ERR     TOTAL MASS  MASS ADDED
  370000   9.250      0.2500E-04 SHELL          4  -0.0%  0.3226E-07  0.5243E-01  0.5755E-02  0.5819E-01   0.000      0.3604       0.000    
     ANIMATION FILE: A23_w1_REFERENCE_ROTATION_YA038 WRITTEN
  370100   9.253      0.2500E-04 SHELL          4  -0.0%  0.3226E-07  0.5211E-01  0.5720E-02  0.5783E-01   0.000      0.3604       0.000    
  370200   9.255      0.2500E-04 SHELL          4  -0.0%  0.3226E-07  0.5179E-01  0.5685E-02  0.5748E-01   0.000      0.3604       0.000    
  370300   9.258      0.2500E-04 SHELL          4  -0.0%  0.3226E-07  0.5147E-01  0.5650E-02  0.5712E-01   0.000      0.3604       0.000    
  370400   9.260      0.2500E-04 SHELL          4  -0.0%  0.3226E-07  0.5116E-01  0.5615E-02  0.5677E-01   0.000      0.3604       0.000    
  370500   9.263      0.2500E-04 SHELL          4  -0.0%  0.3226E-07  0.5084E-01  0.5580E-02  0.5642E-01   0.000      0.3604       0.000    
  370600   9.265      0.2500E-04 SHELL          4  -0.0%  0.3226E-07  0.5052E-01  0.5545E-02  0.5607E-01   0.000      0.3604       0.000    
  370700   9.268      0.2500E-04 SHELL          4  -0.0%  0.3226E-07  0.5020E-01  0.5511E-02  0.5572E-01   0.000      0.3604       0.000    
  370800   9.270      0.2500E-04 SHELL          4  -0.0%  0.3226E-07  0.4989E-01  0.5476E-02  0.5537E-01   0.000      0.3604       0.000    
  370900   9.273      0.2500E-04 SHELL          4  -0.0%  0.3226E-07  0.4958E-01  0.5441E-02  0.5502E-01   0.000      0.3604       0.000    
  371000   9.275      0.2500E-04 SHELL          4  -0.0%  0.3226E-07  0.4926E-01  0.5407E-02  0.5467E-01   0.000      0.3604       0.000    
  371100   9.278      0.2500E-04 SHELL          4  -0.0%  0.3226E-07  0.4895E-01  0.5373E-02  0.5432E-01   0.000      0.3604       0.000    
  371200   9.280      0.2500E-04 SHELL          4  -0.0%  0.3226E-07  0.4864E-01  0.5339E-02  0.5398E-01   0.000      0.3604       0.000    
  371300   9.283      0.2500E-04 SHELL          4  -0.0%  0.3226E-07  0.4833E-01  0.5304E-02  0.5363E-01   0.000      0.3604       0.000    
  371400   9.285      0.2500E-04 SHELL          4  -0.0%  0.3226E-07  0.4802E-01  0.5270E-02  0.5329E-01   0.000      0.3604       0.000    
  371500   9.288      0.2500E-04 SHELL          4  -0.0%  0.3226E-07  0.4771E-01  0.5236E-02  0.5294E-01   0.000      0.3604       0.000    
  371600   9.290      0.2500E-04 SHELL          4  -0.0%  0.3226E-07  0.4740E-01  0.5202E-02  0.5260E-01   0.000      0.3604       0.000    
  371700   9.293      0.2500E-04 SHELL          4  -0.0%  0.3226E-07  0.4709E-01  0.5169E-02  0.5226E-01   0.000      0.3604       0.000    
  371800   9.295      0.2500E-04 SHELL          4  -0.0%  0.3226E-07  0.4678E-01  0.5135E-02  0.5192E-01   0.000      0.3604       0.000    
  371900   9.298      0.2500E-04 SHELL          4  -0.0%  0.3226E-07  0.4648E-01  0.5101E-02  0.5158E-01   0.000      0.3604       0.000    
  372000   9.300      0.2500E-04 SHELL          4  -0.0%  0.3226E-07  0.4617E-01  0.5068E-02  0.5124E-01   0.000      0.3604       0.000    
  372100   9.303      0.2500E-04 SHELL          4  -0.0%  0.3226E-07  0.4587E-01  0.5034E-02  0.5090E-01   0.000      0.3604       0.000    
  372200   9.305      0.2500E-04 SHELL          4  -0.0%  0.3226E-07  0.4556E-01  0.5001E-02  0.5056E-01   0.000      0.3604       0.000    
  372300   9.308      0.2500E-04 SHELL          4  -0.0%  0.3226E-07  0.4526E-01  0.4968E-02  0.5023E-01   0.000      0.3604       0.000    
  372400   9.310      0.2500E-04 SHELL          4  -0.0%  0.3226E-07  0.4496E-01  0.4935E-02  0.4989E-01   0.000      0.3604       0.000    
  372500   9.313      0.2500E-04 SHELL          4  -0.0%  0.3226E-07  0.4466E-01  0.4902E-02  0.4956E-01   0.000      0.3604       0.000    
  372600   9.315      0.2500E-04 SHELL          4  -0.0%  0.3226E-07  0.4436E-01  0.4869E-02  0.4922E-01   0.000      0.3604       0.000    
  372700   9.318      0.2500E-04 SHELL          4  -0.0%  0.3226E-07  0.4406E-01  0.4836E-02  0.4889E-01   0.000      0.3604       0.000    
  372800   9.320      0.2500E-04 SHELL          4  -0.0%  0.3226E-07  0.4376E-01  0.4803E-02  0.4856E-01   0.000      0.3604       0.000    
  372900   9.323      0.2500E-04 SHELL          4  -0.0%  0.3226E-07  0.4346E-01  0.4770E-02  0.4823E-01   0.000      0.3604       0.000    
  373000   9.325      0.2500E-04 SHELL          4  -0.0%  0.3226E-07  0.4316E-01  0.4738E-02  0.4790E-01   0.000      0.3604       0.000    
  373100   9.328      0.2500E-04 SHELL          4  -0.0%  0.3226E-07  0.4287E-01  0.4705E-02  0.4757E-01   0.000      0.3604       0.000    
  373200   9.330      0.2500E-04 SHELL          4  -0.0%  0.3226E-07  0.4257E-01  0.4673E-02  0.4724E-01   0.000      0.3604       0.000    
  373300   9.333      0.2500E-04 SHELL          4  -0.0%  0.3226E-07  0.4228E-01  0.4640E-02  0.4692E-01   0.000      0.3604       0.000    
  373400   9.335      0.2500E-04 SHELL          4  -0.0%  0.3226E-07  0.4198E-01  0.4608E-02  0.4659E-01   0.000      0.3604       0.000    
  373500   9.338      0.2500E-04 SHELL          4  -0.0%  0.3226E-07  0.4169E-01  0.4576E-02  0.4627E-01   0.000      0.3604       0.000    
  373600   9.340      0.2500E-04 SHELL          4  -0.0%  0.3226E-07  0.4140E-01  0.4544E-02  0.4594E-01   0.000      0.3604       0.000    
  373700   9.343      0.2500E-04 SHELL          4  -0.0%  0.3226E-07  0.4111E-01  0.4512E-02  0.4562E-01   0.000      0.3604       0.000    
  373800   9.345      0.2500E-04 SHELL          4  -0.0%  0.3226E-07  0.4082E-01  0.4480E-02  0.4530E-01   0.000      0.3604       0.000    
  373900   9.348      0.2500E-04 SHELL          4  -0.0%  0.3226E-07  0.4053E-01  0.4448E-02  0.4498E-01   0.000      0.3604       0.000    
  374000   9.350      0.2500E-04 SHELL          4  -0.0%  0.3226E-07  0.4024E-01  0.4417E-02  0.4466E-01   0.000      0.3604       0.000    
  374100   9.353      0.2500E-04 SHELL          4  -0.0%  0.3226E-07  0.3995E-01  0.4385E-02  0.4434E-01   0.000      0.3604       0.000    
  374200   9.355      0.2500E-04 SHELL          4  -0.0%  0.3226E-07  0.3967E-01  0.4354E-02  0.4402E-01   0.000      0.3604       0.000    
  374300   9.358      0.2500E-04 SHELL          4  -0.0%  0.3226E-07  0.3938E-01  0.4322E-02  0.4370E-01   0.000      0.3604       0.000    
  374400   9.360      0.2500E-04 SHELL          4  -0.0%  0.3226E-07  0.3909E-01  0.4291E-02  0.4339E-01   0.000      0.3604       0.000    
  374500   9.363      0.2500E-04 SHELL          4  -0.0%  0.3226E-07  0.3881E-01  0.4260E-02  0.4307E-01   0.000      0.3604       0.000    
  374600   9.365      0.2500E-04 SHELL          4  -0.0%  0.3226E-07  0.3853E-01  0.4229E-02  0.4276E-01   0.000      0.3604       0.000    
  374700   9.368      0.2500E-04 SHELL          4  -0.0%  0.3226E-07  0.3824E-01  0.4198E-02  0.4244E-01   0.000      0.3604       0.000    
  374800   9.370      0.2500E-04 SHELL          4  -0.0%  0.3226E-07  0.3796E-01  0.4167E-02  0.4213E-01   0.000      0.3604       0.000    
  374900   9.373      0.2500E-04 SHELL          4  -0.0%  0.3226E-07  0.3768E-01  0.4136E-02  0.4182E-01   0.000      0.3604       0.000    
  375000   9.375      0.2500E-04 SHELL          4  -0.0%  0.3226E-07  0.3740E-01  0.4105E-02  0.4151E-01   0.000      0.3604       0.000    
  375100   9.378      0.2500E-04 SHELL          4  -0.0%  0.3226E-07  0.3712E-01  0.4075E-02  0.4120E-01   0.000      0.3604       0.000    
  375200   9.380      0.2500E-04 SHELL          4  -0.0%  0.3226E-07  0.3685E-01  0.4044E-02  0.4089E-01   0.000      0.3604       0.000    
  375300   9.383      0.2500E-04 SHELL          4  -0.0%  0.3226E-07  0.3657E-01  0.4014E-02  0.4058E-01   0.000      0.3604       0.000    
  375400   9.385      0.2500E-04 SHELL          4  -0.0%  0.3226E-07  0.3629E-01  0.3984E-02  0.4028E-01   0.000      0.3604       0.000    
  375500   9.388      0.2500E-04 SHELL          4  -0.0%  0.3226E-07  0.3602E-01  0.3953E-02  0.3997E-01   0.000      0.3604       0.000    
  375600   9.390      0.2500E-04 SHELL          4  -0.0%  0.3226E-07  0.3574E-01  0.3923E-02  0.3967E-01   0.000      0.3604       0.000    
  375700   9.393      0.2500E-04 SHELL          4  -0.0%  0.3226E-07  0.3547E-01  0.3893E-02  0.3936E-01   0.000      0.3604       0.000    
  375800   9.395      0.2500E-04 SHELL          4  -0.0%  0.3226E-07  0.3520E-01  0.3863E-02  0.3906E-01   0.000      0.3604       0.000    
  375900   9.398      0.2500E-04 SHELL          4  -0.0%  0.3226E-07  0.3493E-01  0.3834E-02  0.3876E-01   0.000      0.3604       0.000    
  376000   9.400      0.2500E-04 SHELL          4  -0.0%  0.3226E-07  0.3465E-01  0.3804E-02  0.3846E-01   0.000      0.3604       0.000    
  376100   9.403      0.2500E-04 SHELL          4  -0.0%  0.3226E-07  0.3438E-01  0.3774E-02  0.3816E-01   0.000      0.3604       0.000    
  376200   9.405      0.2500E-04 SHELL          4  -0.0%  0.3226E-07  0.3412E-01  0.3745E-02  0.3786E-01   0.000      0.3604       0.000    
  376300   9.408      0.2500E-04 SHELL          4  -0.0%  0.3226E-07  0.3385E-01  0.3715E-02  0.3756E-01   0.000      0.3604       0.000    
  376400   9.410      0.2500E-04 SHELL          4  -0.0%  0.3226E-07  0.3358E-01  0.3686E-02  0.3727E-01   0.000      0.3604       0.000    
  376500   9.413      0.2500E-04 SHELL          4  -0.0%  0.3226E-07  0.3331E-01  0.3657E-02  0.3697E-01   0.000      0.3604       0.000    
  376600   9.415      0.2500E-04 SHELL          4  -0.0%  0.3226E-07  0.3305E-01  0.3628E-02  0.3668E-01   0.000      0.3604       0.000    
  376700   9.418      0.2500E-04 SHELL          4  -0.0%  0.3226E-07  0.3278E-01  0.3599E-02  0.3638E-01   0.000      0.3604       0.000    
  376800   9.420      0.2500E-04 SHELL          4  -0.0%  0.3226E-07  0.3252E-01  0.3570E-02  0.3609E-01   0.000      0.3604       0.000    
  376900   9.423      0.2500E-04 SHELL          4  -0.0%  0.3226E-07  0.3226E-01  0.3541E-02  0.3580E-01   0.000      0.3604       0.000    
  377000   9.425      0.2500E-04 SHELL          4  -0.0%  0.3226E-07  0.3200E-01  0.3512E-02  0.3551E-01   0.000      0.3604       0.000    
  377100   9.428      0.2500E-04 SHELL          4  -0.0%  0.3226E-07  0.3174E-01  0.3483E-02  0.3522E-01   0.000      0.3604       0.000    
  377200   9.430      0.2500E-04 SHELL          4  -0.0%  0.3226E-07  0.3148E-01  0.3455E-02  0.3493E-01   0.000      0.3604       0.000    
  377300   9.433      0.2500E-04 SHELL          4  -0.0%  0.3226E-07  0.3122E-01  0.3426E-02  0.3464E-01   0.000      0.3604       0.000    
  377400   9.435      0.2500E-04 SHELL          4  -0.0%  0.3226E-07  0.3096E-01  0.3398E-02  0.3436E-01   0.000      0.3604       0.000    
  377500   9.438      0.2500E-04 SHELL          4  -0.0%  0.3226E-07  0.3070E-01  0.3370E-02  0.3407E-01   0.000      0.3604       0.000    
  377600   9.440      0.2500E-04 SHELL          4  -0.0%  0.3226E-07  0.3045E-01  0.3342E-02  0.3379E-01   0.000      0.3604       0.000    
  377700   9.443      0.2500E-04 SHELL          4  -0.0%  0.3226E-07  0.3019E-01  0.3314E-02  0.3350E-01   0.000      0.3604       0.000    
  377800   9.445      0.2500E-04 SHELL          4  -0.0%  0.3226E-07  0.2994E-01  0.3286E-02  0.3322E-01   0.000      0.3604       0.000    
  377900   9.448      0.2500E-04 SHELL          4  -0.0%  0.3226E-07  0.2968E-01  0.3258E-02  0.3294E-01   0.000      0.3604       0.000    
  378000   9.450      0.2500E-04 SHELL          4  -0.0%  0.3226E-07  0.2943E-01  0.3230E-02  0.3266E-01   0.000      0.3604       0.000    
  378100   9.453      0.2500E-04 SHELL          4  -0.0%  0.3226E-07  0.2918E-01  0.3203E-02  0.3238E-01   0.000      0.3604       0.000    
  378200   9.455      0.2500E-04 SHELL          4  -0.0%  0.3226E-07  0.2893E-01  0.3175E-02  0.3210E-01   0.000      0.3604       0.000    
  378300   9.458      0.2500E-04 SHELL          4  -0.0%  0.3226E-07  0.2868E-01  0.3148E-02  0.3183E-01   0.000      0.3604       0.000    
  378400   9.460      0.2500E-04 SHELL          4  -0.0%  0.3226E-07  0.2843E-01  0.3121E-02  0.3155E-01   0.000      0.3604       0.000    
  378500   9.463      0.2500E-04 SHELL          4  -0.0%  0.3226E-07  0.2818E-01  0.3093E-02  0.3128E-01   0.000      0.3604       0.000    
  378600   9.465      0.2500E-04 SHELL          4  -0.0%  0.3226E-07  0.2794E-01  0.3066E-02  0.3100E-01   0.000      0.3604       0.000    
  378700   9.468      0.2500E-04 SHELL          4  -0.0%  0.3226E-07  0.2769E-01  0.3039E-02  0.3073E-01   0.000      0.3604       0.000    
  378800   9.470      0.2500E-04 SHELL          4  -0.0%  0.3226E-07  0.2744E-01  0.3012E-02  0.3046E-01   0.000      0.3604       0.000    
  378900   9.473      0.2500E-04 SHELL          4  -0.0%  0.3226E-07  0.2720E-01  0.2986E-02  0.3019E-01   0.000      0.3604       0.000    
  379000   9.475      0.2500E-04 SHELL          4  -0.0%  0.3226E-07  0.2696E-01  0.2959E-02  0.2992E-01   0.000      0.3604       0.000    
  379100   9.478      0.2500E-04 SHELL          4  -0.0%  0.3226E-07  0.2672E-01  0.2932E-02  0.2965E-01   0.000      0.3604       0.000    
  379200   9.480      0.2500E-04 SHELL          4  -0.0%  0.3226E-07  0.2647E-01  0.2906E-02  0.2938E-01   0.000      0.3604       0.000    
  379300   9.483      0.2500E-04 SHELL          4  -0.0%  0.3226E-07  0.2623E-01  0.2880E-02  0.2911E-01   0.000      0.3604       0.000    
  379400   9.485      0.2500E-04 SHELL          4  -0.0%  0.3226E-07  0.2600E-01  0.2853E-02  0.2885E-01   0.000      0.3604       0.000    
  379500   9.488      0.2500E-04 SHELL          4  -0.0%  0.3226E-07  0.2576E-01  0.2827E-02  0.2858E-01   0.000      0.3604       0.000    
  379600   9.490      0.2500E-04 SHELL          4  -0.0%  0.3226E-07  0.2552E-01  0.2801E-02  0.2832E-01   0.000      0.3604       0.000    
  379700   9.493      0.2500E-04 SHELL          4  -0.0%  0.3226E-07  0.2528E-01  0.2775E-02  0.2806E-01   0.000      0.3604       0.000    
  379800   9.495      0.2500E-04 SHELL          4  -0.0%  0.3226E-07  0.2505E-01  0.2749E-02  0.2780E-01   0.000      0.3604       0.000    
  379900   9.498      0.2500E-04 SHELL          4  -0.0%  0.3226E-07  0.2481E-01  0.2724E-02  0.2754E-01   0.000      0.3604       0.000    
   CYCLE    TIME      TIME-STEP  ELEMENT          ERROR  I-ENERGY    K-ENERGY T  K-ENERGY R  EXT-WORK     MAS.ERR     TOTAL MASS  MASS ADDED
  380000   9.500      0.2500E-04 SHELL          4  -0.0%  0.3226E-07  0.2458E-01  0.2698E-02  0.2728E-01   0.000      0.3604       0.000    
     ANIMATION FILE: A23_w1_REFERENCE_ROTATION_YA039 WRITTEN
  380100   9.503      0.2500E-04 SHELL          4  -0.0%  0.3226E-07  0.2435E-01  0.2673E-02  0.2702E-01   0.000      0.3604       0.000    
  380200   9.505      0.2500E-04 SHELL          4  -0.0%  0.3226E-07  0.2412E-01  0.2647E-02  0.2676E-01   0.000      0.3604       0.000    
  380300   9.508      0.2500E-04 SHELL          4  -0.0%  0.3226E-07  0.2389E-01  0.2622E-02  0.2651E-01   0.000      0.3604       0.000    
  380400   9.510      0.2500E-04 SHELL          4  -0.0%  0.3226E-07  0.2366E-01  0.2597E-02  0.2625E-01   0.000      0.3604       0.000    
  380500   9.513      0.2500E-04 SHELL          4  -0.0%  0.3226E-07  0.2343E-01  0.2572E-02  0.2600E-01   0.000      0.3604       0.000    
  380600   9.515      0.2500E-04 SHELL          4  -0.0%  0.3226E-07  0.2320E-01  0.2547E-02  0.2575E-01   0.000      0.3604       0.000    
  380700   9.518      0.2500E-04 SHELL          4  -0.0%  0.3226E-07  0.2297E-01  0.2522E-02  0.2550E-01   0.000      0.3604       0.000    
  380800   9.520      0.2500E-04 SHELL          4  -0.0%  0.3226E-07  0.2275E-01  0.2497E-02  0.2525E-01   0.000      0.3604       0.000    
  380900   9.523      0.2500E-04 SHELL          4  -0.0%  0.3226E-07  0.2252E-01  0.2472E-02  0.2500E-01   0.000      0.3604       0.000    
  381000   9.525      0.2500E-04 SHELL          4  -0.0%  0.3226E-07  0.2230E-01  0.2448E-02  0.2475E-01   0.000      0.3604       0.000    
  381100   9.528      0.2500E-04 SHELL          4  -0.0%  0.3226E-07  0.2208E-01  0.2423E-02  0.2450E-01   0.000      0.3604       0.000    
  381200   9.530      0.2500E-04 SHELL          4  -0.0%  0.3226E-07  0.2186E-01  0.2399E-02  0.2426E-01   0.000      0.3604       0.000    
  381300   9.533      0.2500E-04 SHELL          4  -0.0%  0.3226E-07  0.2164E-01  0.2375E-02  0.2401E-01   0.000      0.3604       0.000    
  381400   9.535      0.2500E-04 SHELL          4  -0.0%  0.3226E-07  0.2142E-01  0.2351E-02  0.2377E-01   0.000      0.3604       0.000    
  381500   9.538      0.2500E-04 SHELL          4  -0.0%  0.3226E-07  0.2120E-01  0.2327E-02  0.2352E-01   0.000      0.3604       0.000    
  381600   9.540      0.2500E-04 SHELL          4  -0.0%  0.3226E-07  0.2098E-01  0.2303E-02  0.2328E-01   0.000      0.3604       0.000    
  381700   9.543      0.2500E-04 SHELL          4  -0.0%  0.3226E-07  0.2076E-01  0.2279E-02  0.2304E-01   0.000      0.3604       0.000    
  381800   9.545      0.2500E-04 SHELL          4  -0.0%  0.3226E-07  0.2055E-01  0.2255E-02  0.2280E-01   0.000      0.3604       0.000    
  381900   9.548      0.2500E-04 SHELL          4  -0.0%  0.3226E-07  0.2033E-01  0.2232E-02  0.2257E-01   0.000      0.3604       0.000    
  382000   9.550      0.2500E-04 SHELL          4  -0.0%  0.3226E-07  0.2012E-01  0.2208E-02  0.2233E-01   0.000      0.3604       0.000    
  382100   9.553      0.2500E-04 SHELL          4  -0.0%  0.3226E-07  0.1991E-01  0.2185E-02  0.2209E-01   0.000      0.3604       0.000    
  382200   9.555      0.2500E-04 SHELL          4  -0.0%  0.3226E-07  0.1970E-01  0.2162E-02  0.2186E-01   0.000      0.3604       0.000    
  382300   9.558      0.2500E-04 SHELL          4  -0.0%  0.3226E-07  0.1949E-01  0.2139E-02  0.2162E-01   0.000      0.3604       0.000    
  382400   9.560      0.2500E-04 SHELL          4  -0.0%  0.3226E-07  0.1928E-01  0.2116E-02  0.2139E-01   0.000      0.3604       0.000    
  382500   9.563      0.2500E-04 SHELL          4  -0.0%  0.3226E-07  0.1907E-01  0.2093E-02  0.2116E-01   0.000      0.3604       0.000    
  382600   9.565      0.2500E-04 SHELL          4  -0.0%  0.3226E-07  0.1886E-01  0.2070E-02  0.2093E-01   0.000      0.3604       0.000    
  382700   9.568      0.2500E-04 SHELL          4  -0.0%  0.3226E-07  0.1865E-01  0.2048E-02  0.2070E-01   0.000      0.3604       0.000    
  382800   9.570      0.2500E-04 SHELL          4  -0.0%  0.3226E-07  0.1845E-01  0.2025E-02  0.2047E-01   0.000      0.3604       0.000    
  382900   9.573      0.2500E-04 SHELL          4  -0.0%  0.3226E-07  0.1824E-01  0.2003E-02  0.2025E-01   0.000      0.3604       0.000    
  383000   9.575      0.2500E-04 SHELL          4  -0.0%  0.3226E-07  0.1804E-01  0.1980E-02  0.2002E-01   0.000      0.3604       0.000    
  383100   9.578      0.2500E-04 SHELL          4  -0.0%  0.3226E-07  0.1784E-01  0.1958E-02  0.1980E-01   0.000      0.3604       0.000    
  383200   9.580      0.2500E-04 SHELL          4  -0.0%  0.3226E-07  0.1764E-01  0.1936E-02  0.1957E-01   0.000      0.3604       0.000    
  383300   9.583      0.2500E-04 SHELL          4  -0.0%  0.3226E-07  0.1744E-01  0.1914E-02  0.1935E-01   0.000      0.3604       0.000    
  383400   9.585      0.2500E-04 SHELL          4  -0.0%  0.3226E-07  0.1724E-01  0.1892E-02  0.1913E-01   0.000      0.3604       0.000    
  383500   9.588      0.2500E-04 SHELL          4  -0.0%  0.3226E-07  0.1704E-01  0.1870E-02  0.1891E-01   0.000      0.3604       0.000    
  383600   9.590      0.2500E-04 SHELL          4  -0.0%  0.3226E-07  0.1684E-01  0.1849E-02  0.1869E-01   0.000      0.3604       0.000    
  383700   9.593      0.2500E-04 SHELL          4  -0.0%  0.3226E-07  0.1665E-01  0.1827E-02  0.1847E-01   0.000      0.3604       0.000    
  383800   9.595      0.2500E-04 SHELL          4  -0.0%  0.3226E-07  0.1645E-01  0.1806E-02  0.1826E-01   0.000      0.3604       0.000    
  383900   9.598      0.2500E-04 SHELL          4  -0.0%  0.3226E-07  0.1626E-01  0.1784E-02  0.1804E-01   0.000      0.3604       0.000    
  384000   9.600      0.2500E-04 SHELL          4  -0.0%  0.3226E-07  0.1606E-01  0.1763E-02  0.1783E-01   0.000      0.3604       0.000    
  384100   9.603      0.2500E-04 SHELL          4  -0.0%  0.3226E-07  0.1587E-01  0.1742E-02  0.1761E-01   0.000      0.3604       0.000    
  384200   9.605      0.2500E-04 SHELL          4  -0.0%  0.3226E-07  0.1568E-01  0.1721E-02  0.1740E-01   0.000      0.3604       0.000    
  384300   9.608      0.2500E-04 SHELL          4  -0.0%  0.3226E-07  0.1549E-01  0.1700E-02  0.1719E-01   0.000      0.3604       0.000    
  384400   9.610      0.2500E-04 SHELL          4  -0.0%  0.3226E-07  0.1530E-01  0.1680E-02  0.1698E-01   0.000      0.3604       0.000    
  384500   9.613      0.2500E-04 SHELL          4  -0.0%  0.3226E-07  0.1512E-01  0.1659E-02  0.1677E-01   0.000      0.3604       0.000    
  384600   9.615      0.2500E-04 SHELL          4  -0.0%  0.3226E-07  0.1493E-01  0.1639E-02  0.1657E-01   0.000      0.3604       0.000    
  384700   9.618      0.2500E-04 SHELL          4  -0.0%  0.3226E-07  0.1474E-01  0.1618E-02  0.1636E-01   0.000      0.3604       0.000    
  384800   9.620      0.2500E-04 SHELL          4  -0.0%  0.3226E-07  0.1456E-01  0.1598E-02  0.1616E-01   0.000      0.3604       0.000    
  384900   9.623      0.2500E-04 SHELL          4  -0.0%  0.3226E-07  0.1438E-01  0.1578E-02  0.1595E-01   0.000      0.3604       0.000    
  385000   9.625      0.2500E-04 SHELL          4  -0.0%  0.3226E-07  0.1419E-01  0.1558E-02  0.1575E-01   0.000      0.3604       0.000    
  385100   9.628      0.2500E-04 SHELL          4  -0.0%  0.3226E-07  0.1401E-01  0.1538E-02  0.1555E-01   0.000      0.3604       0.000    
  385200   9.630      0.2500E-04 SHELL          4  -0.0%  0.3226E-07  0.1383E-01  0.1518E-02  0.1535E-01   0.000      0.3604       0.000    
  385300   9.633      0.2500E-04 SHELL          4  -0.0%  0.3226E-07  0.1365E-01  0.1498E-02  0.1515E-01   0.000      0.3604       0.000    
  385400   9.635      0.2500E-04 SHELL          4  -0.0%  0.3226E-07  0.1347E-01  0.1479E-02  0.1495E-01   0.000      0.3604       0.000    
  385500   9.638      0.2500E-04 SHELL          4  -0.0%  0.3226E-07  0.1330E-01  0.1459E-02  0.1476E-01   0.000      0.3604       0.000    
  385600   9.640      0.2500E-04 SHELL          4  -0.0%  0.3226E-07  0.1312E-01  0.1440E-02  0.1456E-01   0.000      0.3604       0.000    
  385700   9.643      0.2500E-04 SHELL          4  -0.0%  0.3226E-07  0.1295E-01  0.1421E-02  0.1437E-01   0.000      0.3604       0.000    
  385800   9.645      0.2500E-04 SHELL          4  -0.0%  0.3226E-07  0.1277E-01  0.1402E-02  0.1417E-01   0.000      0.3604       0.000    
  385900   9.648      0.2500E-04 SHELL          4  -0.0%  0.3226E-07  0.1260E-01  0.1383E-02  0.1398E-01   0.000      0.3604       0.000    
  386000   9.650      0.2500E-04 SHELL          4  -0.0%  0.3226E-07  0.1243E-01  0.1364E-02  0.1379E-01   0.000      0.3604       0.000    
  386100   9.653      0.2500E-04 SHELL          4  -0.0%  0.3226E-07  0.1226E-01  0.1345E-02  0.1360E-01   0.000      0.3604       0.000    
  386200   9.655      0.2500E-04 SHELL          4  -0.0%  0.3226E-07  0.1209E-01  0.1327E-02  0.1341E-01   0.000      0.3604       0.000    
  386300   9.658      0.2500E-04 SHELL          4  -0.0%  0.3226E-07  0.1192E-01  0.1308E-02  0.1323E-01   0.000      0.3604       0.000    
  386400   9.660      0.2500E-04 SHELL          4  -0.0%  0.3226E-07  0.1175E-01  0.1290E-02  0.1304E-01   0.000      0.3604       0.000    
  386500   9.663      0.2500E-04 SHELL          4  -0.0%  0.3226E-07  0.1159E-01  0.1272E-02  0.1286E-01   0.000      0.3604       0.000    
  386600   9.665      0.2500E-04 SHELL          4  -0.0%  0.3226E-07  0.1142E-01  0.1254E-02  0.1267E-01   0.000      0.3604       0.000    
  386700   9.668      0.2500E-04 SHELL          4  -0.0%  0.3226E-07  0.1126E-01  0.1236E-02  0.1249E-01   0.000      0.3604       0.000    
  386800   9.670      0.2500E-04 SHELL          4  -0.0%  0.3226E-07  0.1109E-01  0.1218E-02  0.1231E-01   0.000      0.3604       0.000    
  386900   9.673      0.2500E-04 SHELL          4  -0.0%  0.3226E-07  0.1093E-01  0.1200E-02  0.1213E-01   0.000      0.3604       0.000    
  387000   9.675      0.2500E-04 SHELL          4  -0.0%  0.3226E-07  0.1077E-01  0.1182E-02  0.1195E-01   0.000      0.3604       0.000    
  387100   9.678      0.2500E-04 SHELL          4  -0.0%  0.3226E-07  0.1061E-01  0.1165E-02  0.1178E-01   0.000      0.3604       0.000    
  387200   9.680      0.2500E-04 SHELL          4  -0.0%  0.3226E-07  0.1045E-01  0.1147E-02  0.1160E-01   0.000      0.3604       0.000    
  387300   9.683      0.2500E-04 SHELL          4  -0.0%  0.3226E-07  0.1030E-01  0.1130E-02  0.1143E-01   0.000      0.3604       0.000    
  387400   9.685      0.2500E-04 SHELL          4  -0.0%  0.3226E-07  0.1014E-01  0.1113E-02  0.1125E-01   0.000      0.3604       0.000    
  387500   9.688      0.2500E-04 SHELL          4  -0.0%  0.3226E-07  0.9985E-02  0.1096E-02  0.1108E-01   0.000      0.3604       0.000    
  387600   9.690      0.2500E-04 SHELL          4  -0.0%  0.3226E-07  0.9831E-02  0.1079E-02  0.1091E-01   0.000      0.3604       0.000    
  387700   9.693      0.2500E-04 SHELL          4  -0.0%  0.3226E-07  0.9678E-02  0.1062E-02  0.1074E-01   0.000      0.3604       0.000    
  387800   9.695      0.2500E-04 SHELL          4  -0.0%  0.3226E-07  0.9526E-02  0.1046E-02  0.1057E-01   0.000      0.3604       0.000    
  387900   9.698      0.2500E-04 SHELL          4  -0.0%  0.3226E-07  0.9375E-02  0.1029E-02  0.1040E-01   0.000      0.3604       0.000    
  388000   9.700      0.2500E-04 SHELL          4  -0.0%  0.3226E-07  0.9226E-02  0.1013E-02  0.1024E-01   0.000      0.3604       0.000    
  388100   9.703      0.2500E-04 SHELL          4  -0.0%  0.3226E-07  0.9077E-02  0.9963E-03  0.1007E-01   0.000      0.3604       0.000    
  388200   9.705      0.2500E-04 SHELL          4  -0.0%  0.3226E-07  0.8930E-02  0.9802E-03  0.9910E-02   0.000      0.3604       0.000    
  388300   9.708      0.2500E-04 SHELL          4  -0.0%  0.3226E-07  0.8784E-02  0.9641E-03  0.9748E-02   0.000      0.3604       0.000    
  388400   9.710      0.2500E-04 SHELL          4  -0.0%  0.3226E-07  0.8639E-02  0.9482E-03  0.9587E-02   0.000      0.3604       0.000    
  388500   9.713      0.2500E-04 SHELL          4  -0.0%  0.3226E-07  0.8495E-02  0.9324E-03  0.9427E-02   0.000      0.3604       0.000    
  388600   9.715      0.2500E-04 SHELL          4  -0.0%  0.3226E-07  0.8352E-02  0.9167E-03  0.9269E-02   0.000      0.3604       0.000    
  388700   9.718      0.2500E-04 SHELL          4  -0.0%  0.3226E-07  0.8210E-02  0.9012E-03  0.9111E-02   0.000      0.3604       0.000    
  388800   9.720      0.2500E-04 SHELL          4  -0.0%  0.3226E-07  0.8070E-02  0.8857E-03  0.8955E-02   0.000      0.3604       0.000    
  388900   9.723      0.2500E-04 SHELL          4  -0.0%  0.3226E-07  0.7930E-02  0.8704E-03  0.8801E-02   0.000      0.3604       0.000    
  389000   9.725      0.2500E-04 SHELL          4  -0.0%  0.3226E-07  0.7792E-02  0.8553E-03  0.8647E-02   0.000      0.3604       0.000    
  389100   9.728      0.2500E-04 SHELL          4  -0.0%  0.3226E-07  0.7655E-02  0.8402E-03  0.8495E-02   0.000      0.3604       0.000    
  389200   9.730      0.2500E-04 SHELL          4  -0.0%  0.3226E-07  0.7519E-02  0.8253E-03  0.8344E-02   0.000      0.3604       0.000    
  389300   9.733      0.2500E-04 SHELL          4  -0.0%  0.3226E-07  0.7384E-02  0.8105E-03  0.8195E-02   0.000      0.3604       0.000    
  389400   9.735      0.2500E-04 SHELL          4  -0.0%  0.3226E-07  0.7251E-02  0.7958E-03  0.8046E-02   0.000      0.3604       0.000    
  389500   9.738      0.2500E-04 SHELL          4  -0.0%  0.3226E-07  0.7118E-02  0.7813E-03  0.7899E-02   0.000      0.3604       0.000    
  389600   9.740      0.2500E-04 SHELL          4  -0.0%  0.3226E-07  0.6987E-02  0.7669E-03  0.7754E-02   0.000      0.3604       0.000    
  389700   9.743      0.2500E-04 SHELL          4  -0.0%  0.3226E-07  0.6856E-02  0.7526E-03  0.7609E-02   0.000      0.3604       0.000    
  389800   9.745      0.2500E-04 SHELL          4  -0.0%  0.3226E-07  0.6727E-02  0.7384E-03  0.7466E-02   0.000      0.3604       0.000    
  389900   9.748      0.2500E-04 SHELL          4  -0.0%  0.3226E-07  0.6600E-02  0.7244E-03  0.7324E-02   0.000      0.3604       0.000    
   CYCLE    TIME      TIME-STEP  ELEMENT          ERROR  I-ENERGY    K-ENERGY T  K-ENERGY R  EXT-WORK     MAS.ERR     TOTAL MASS  MASS ADDED
  390000   9.750      0.2500E-04 SHELL          4  -0.0%  0.3226E-07  0.6473E-02  0.7105E-03  0.7183E-02   0.000      0.3604       0.000    
     ANIMATION FILE: A23_w1_REFERENCE_ROTATION_YA040 WRITTEN
  390100   9.753      0.2500E-04 SHELL          4  -0.0%  0.3226E-07  0.6347E-02  0.6967E-03  0.7044E-02   0.000      0.3604       0.000    
  390200   9.755      0.2500E-04 SHELL          4  -0.0%  0.3226E-07  0.6223E-02  0.6830E-03  0.6906E-02   0.000      0.3604       0.000    
  390300   9.758      0.2500E-04 SHELL          4  -0.0%  0.3226E-07  0.6100E-02  0.6695E-03  0.6769E-02   0.000      0.3604       0.000    
  390400   9.760      0.2500E-04 SHELL          4  -0.0%  0.3226E-07  0.5978E-02  0.6561E-03  0.6634E-02   0.000      0.3604       0.000    
  390500   9.763      0.2500E-04 SHELL          4  -0.0%  0.3226E-07  0.5857E-02  0.6428E-03  0.6500E-02   0.000      0.3604       0.000    
  390600   9.765      0.2500E-04 SHELL          4  -0.0%  0.3226E-07  0.5737E-02  0.6297E-03  0.6367E-02   0.000      0.3604       0.000    
  390700   9.768      0.2500E-04 SHELL          4  -0.0%  0.3226E-07  0.5618E-02  0.6167E-03  0.6235E-02   0.000      0.3604       0.000    
  390800   9.770      0.2500E-04 SHELL          4  -0.0%  0.3226E-07  0.5501E-02  0.6038E-03  0.6105E-02   0.000      0.3604       0.000    
  390900   9.773      0.2500E-04 SHELL          4  -0.0%  0.3226E-07  0.5385E-02  0.5911E-03  0.5976E-02   0.000      0.3604       0.000    
  391000   9.775      0.2500E-04 SHELL          4  -0.0%  0.3226E-07  0.5270E-02  0.5784E-03  0.5848E-02   0.000      0.3604       0.000    
  391100   9.778      0.2500E-04 SHELL          4  -0.0%  0.3226E-07  0.5156E-02  0.5659E-03  0.5722E-02   0.000      0.3604       0.000    
  391200   9.780      0.2500E-04 SHELL          4  -0.0%  0.3226E-07  0.5043E-02  0.5536E-03  0.5597E-02   0.000      0.3604       0.000    
  391300   9.783      0.2500E-04 SHELL          4  -0.0%  0.3226E-07  0.4932E-02  0.5413E-03  0.5473E-02   0.000      0.3604       0.000    
  391400   9.785      0.2500E-04 SHELL          4  -0.0%  0.3226E-07  0.4822E-02  0.5292E-03  0.5351E-02   0.000      0.3604       0.000    
  391500   9.788      0.2500E-04 SHELL          4  -0.0%  0.3226E-07  0.4713E-02  0.5173E-03  0.5230E-02   0.000      0.3604       0.000    
  391600   9.790      0.2500E-04 SHELL          4  -0.0%  0.3226E-07  0.4605E-02  0.5054E-03  0.5110E-02   0.000      0.3604       0.000    
  391700   9.793      0.2500E-04 SHELL          4  -0.0%  0.3226E-07  0.4498E-02  0.4937E-03  0.4992E-02   0.000      0.3604       0.000    
  391800   9.795      0.2500E-04 SHELL          4  -0.0%  0.3226E-07  0.4393E-02  0.4821E-03  0.4875E-02   0.000      0.3604       0.000    
  391900   9.798      0.2500E-04 SHELL          4  -0.0%  0.3226E-07  0.4288E-02  0.4707E-03  0.4759E-02   0.000      0.3604       0.000    
  392000   9.800      0.2500E-04 SHELL          4  -0.0%  0.3226E-07  0.4185E-02  0.4594E-03  0.4645E-02   0.000      0.3604       0.000    
  392100   9.803      0.2500E-04 SHELL          4  -0.0%  0.3226E-07  0.4083E-02  0.4482E-03  0.4532E-02   0.000      0.3604       0.000    
  392200   9.805      0.2500E-04 SHELL          4  -0.0%  0.3226E-07  0.3983E-02  0.4371E-03  0.4420E-02   0.000      0.3604       0.000    
  392300   9.808      0.2500E-04 SHELL          4  -0.0%  0.3226E-07  0.3883E-02  0.4262E-03  0.4309E-02   0.000      0.3604       0.000    
  392400   9.810      0.2500E-04 SHELL          4  -0.0%  0.3226E-07  0.3785E-02  0.4154E-03  0.4200E-02   0.000      0.3604       0.000    
  392500   9.813      0.2500E-04 SHELL          4  -0.0%  0.3226E-07  0.3688E-02  0.4048E-03  0.4093E-02   0.000      0.3604       0.000    
  392600   9.815      0.2500E-04 SHELL          4  -0.0%  0.3226E-07  0.3592E-02  0.3943E-03  0.3986E-02   0.000      0.3604       0.000    
  392700   9.818      0.2500E-04 SHELL          4  -0.0%  0.3226E-07  0.3497E-02  0.3839E-03  0.3881E-02   0.000      0.3604       0.000    
  392800   9.820      0.2500E-04 SHELL          4  -0.0%  0.3226E-07  0.3404E-02  0.3736E-03  0.3778E-02   0.000      0.3604       0.000    
  392900   9.823      0.2500E-04 SHELL          4  -0.0%  0.3226E-07  0.3312E-02  0.3635E-03  0.3675E-02   0.000      0.3604       0.000    
  393000   9.825      0.2500E-04 SHELL          4  -0.0%  0.3226E-07  0.3221E-02  0.3535E-03  0.3574E-02   0.000      0.3604       0.000    
  393100   9.828      0.2500E-04 SHELL          4  -0.0%  0.3226E-07  0.3131E-02  0.3437E-03  0.3475E-02   0.000      0.3604       0.000    
  393200   9.830      0.2500E-04 SHELL          4  -0.0%  0.3226E-07  0.3042E-02  0.3339E-03  0.3376E-02   0.000      0.3604       0.000    
  393300   9.833      0.2500E-04 SHELL          4  -0.0%  0.3226E-07  0.2955E-02  0.3244E-03  0.3279E-02   0.000      0.3604       0.000    
  393400   9.835      0.2500E-04 SHELL          4  -0.0%  0.3226E-07  0.2869E-02  0.3149E-03  0.3184E-02   0.000      0.3604       0.000    
  393500   9.838      0.2500E-04 SHELL          4  -0.0%  0.3226E-07  0.2784E-02  0.3056E-03  0.3090E-02   0.000      0.3604       0.000    
  393600   9.840      0.2500E-04 SHELL          4  -0.0%  0.3226E-07  0.2700E-02  0.2964E-03  0.2997E-02   0.000      0.3604       0.000    
  393700   9.843      0.2500E-04 SHELL          4  -0.0%  0.3226E-07  0.2618E-02  0.2874E-03  0.2905E-02   0.000      0.3604       0.000    
  393800   9.845      0.2500E-04 SHELL          4  -0.0%  0.3226E-07  0.2537E-02  0.2785E-03  0.2815E-02   0.000      0.3604       0.000    
  393900   9.848      0.2500E-04 SHELL          4  -0.0%  0.3226E-07  0.2457E-02  0.2697E-03  0.2727E-02   0.000      0.3604       0.000    
  394000   9.850      0.2500E-04 SHELL          4  -0.0%  0.3226E-07  0.2378E-02  0.2610E-03  0.2639E-02   0.000      0.3604       0.000    
  394100   9.853      0.2500E-04 SHELL          4  -0.0%  0.3226E-07  0.2301E-02  0.2525E-03  0.2553E-02   0.000      0.3604       0.000    
  394200   9.855      0.2500E-04 SHELL          4  -0.0%  0.3226E-07  0.2225E-02  0.2442E-03  0.2469E-02   0.000      0.3604       0.000    
  394300   9.858      0.2500E-04 SHELL          4  -0.0%  0.3226E-07  0.2150E-02  0.2360E-03  0.2386E-02   0.000      0.3604       0.000    
  394400   9.860      0.2500E-04 SHELL          4  -0.0%  0.3226E-07  0.2076E-02  0.2279E-03  0.2304E-02   0.000      0.3604       0.000    
  394500   9.863      0.2500E-04 SHELL          4  -0.0%  0.3226E-07  0.2003E-02  0.2199E-03  0.2223E-02   0.000      0.3604       0.000    
  394600   9.865      0.2500E-04 SHELL          4  -0.0%  0.3226E-07  0.1932E-02  0.2121E-03  0.2144E-02   0.000      0.3604       0.000    
  394700   9.868      0.2500E-04 SHELL          4  -0.0%  0.3226E-07  0.1862E-02  0.2044E-03  0.2067E-02   0.000      0.3604       0.000    
  394800   9.870      0.2500E-04 SHELL          4  -0.0%  0.3226E-07  0.1794E-02  0.1969E-03  0.1991E-02   0.000      0.3604       0.000    
  394900   9.873      0.2500E-04 SHELL          4  -0.0%  0.3226E-07  0.1726E-02  0.1895E-03  0.1916E-02   0.000      0.3604       0.000    
  395000   9.875      0.2500E-04 SHELL          4  -0.0%  0.3226E-07  0.1660E-02  0.1822E-03  0.1842E-02   0.000      0.3604       0.000    
  395100   9.878      0.2500E-04 SHELL          4  -0.0%  0.3226E-07  0.1595E-02  0.1751E-03  0.1770E-02   0.000      0.3604       0.000    
  395200   9.880      0.2500E-04 SHELL          4  -0.0%  0.3226E-07  0.1531E-02  0.1681E-03  0.1700E-02   0.000      0.3604       0.000    
  395300   9.883      0.2500E-04 SHELL          4  -0.0%  0.3226E-07  0.1469E-02  0.1612E-03  0.1630E-02   0.000      0.3604       0.000    
  395400   9.885      0.2500E-04 SHELL          4  -0.0%  0.3226E-07  0.1408E-02  0.1545E-03  0.1562E-02   0.000      0.3604       0.000    
  395500   9.888      0.2500E-04 SHELL          4  -0.0%  0.3226E-07  0.1348E-02  0.1480E-03  0.1496E-02   0.000      0.3604       0.000    
  395600   9.890      0.2500E-04 SHELL          4  -0.0%  0.3226E-07  0.1289E-02  0.1415E-03  0.1431E-02   0.000      0.3604       0.000    
  395700   9.893      0.2500E-04 SHELL          4  -0.0%  0.3226E-07  0.1232E-02  0.1352E-03  0.1367E-02   0.000      0.3604       0.000    
  395800   9.895      0.2500E-04 SHELL          4  -0.0%  0.3226E-07  0.1176E-02  0.1291E-03  0.1305E-02   0.000      0.3604       0.000    
  395900   9.898      0.2500E-04 SHELL          4  -0.0%  0.3226E-07  0.1121E-02  0.1231E-03  0.1244E-02   0.000      0.3604       0.000    
  396000   9.900      0.2500E-04 SHELL          4  -0.0%  0.3226E-07  0.1068E-02  0.1172E-03  0.1185E-02   0.000      0.3604       0.000    
  396100   9.903      0.2500E-04 SHELL          4  -0.0%  0.3226E-07  0.1016E-02  0.1115E-03  0.1127E-02   0.000      0.3604       0.000    
  396200   9.905      0.2500E-04 SHELL          4  -0.0%  0.3226E-07  0.9646E-03  0.1059E-03  0.1071E-02   0.000      0.3604       0.000    
  396300   9.908      0.2500E-04 SHELL          4  -0.0%  0.3226E-07  0.9150E-03  0.1004E-03  0.1015E-02   0.000      0.3604       0.000    
  396400   9.910      0.2500E-04 SHELL          4  -0.0%  0.3226E-07  0.8666E-03  0.9512E-04  0.9618E-03   0.000      0.3604       0.000    
  396500   9.913      0.2500E-04 SHELL          4  -0.0%  0.3226E-07  0.8196E-03  0.8996E-04  0.9096E-03   0.000      0.3604       0.000    
  396600   9.915      0.2500E-04 SHELL          4  -0.0%  0.3226E-07  0.7738E-03  0.8493E-04  0.8588E-03   0.000      0.3604       0.000    
  396700   9.918      0.2500E-04 SHELL          4  -0.0%  0.3226E-07  0.7293E-03  0.8005E-04  0.8094E-03   0.000      0.3604       0.000    
  396800   9.920      0.2500E-04 SHELL          4  -0.0%  0.3226E-07  0.6861E-03  0.7531E-04  0.7615E-03   0.000      0.3604       0.000    
  396900   9.923      0.2500E-04 SHELL          4  -0.0%  0.3226E-07  0.6442E-03  0.7071E-04  0.7150E-03   0.000      0.3604       0.000    
  397000   9.925      0.2500E-04 SHELL          4  -0.0%  0.3226E-07  0.6037E-03  0.6626E-04  0.6700E-03   0.000      0.3604       0.000    
  397100   9.928      0.2500E-04 SHELL          4  -0.0%  0.3226E-07  0.5644E-03  0.6195E-04  0.6263E-03   0.000      0.3604       0.000    
  397200   9.930      0.2500E-04 SHELL          4  -0.0%  0.3226E-07  0.5264E-03  0.5778E-04  0.5842E-03   0.000      0.3604       0.000    
  397300   9.933      0.2500E-04 SHELL          4  -0.0%  0.3226E-07  0.4897E-03  0.5375E-04  0.5435E-03   0.000      0.3604       0.000    
  397400   9.935      0.2500E-04 SHELL          4  -0.0%  0.3226E-07  0.4543E-03  0.4987E-04  0.5043E-03   0.000      0.3604       0.000    
  397500   9.938      0.2500E-04 SHELL          4  -0.0%  0.3226E-07  0.4203E-03  0.4613E-04  0.4664E-03   0.000      0.3604       0.000    
  397600   9.940      0.2500E-04 SHELL          4  -0.0%  0.3226E-07  0.3875E-03  0.4253E-04  0.4301E-03   0.000      0.3604       0.000    
  397700   9.943      0.2500E-04 SHELL          4  -0.0%  0.3226E-07  0.3561E-03  0.3908E-04  0.3952E-03   0.000      0.3604       0.000    
  397800   9.945      0.2500E-04 SHELL          4  -0.0%  0.3226E-07  0.3259E-03  0.3578E-04  0.3618E-03   0.000      0.3604       0.000    
  397900   9.948      0.2500E-04 SHELL          4  -0.0%  0.3226E-07  0.2971E-03  0.3261E-04  0.3298E-03   0.000      0.3604       0.000    
  398000   9.950      0.2500E-04 SHELL          4  -0.0%  0.3226E-07  0.2696E-03  0.2960E-04  0.2993E-03   0.000      0.3604       0.000    
  398100   9.953      0.2500E-04 SHELL          4  -0.0%  0.3226E-07  0.2435E-03  0.2672E-04  0.2702E-03   0.000      0.3604       0.000    
  398200   9.955      0.2500E-04 SHELL          4  -0.0%  0.3226E-07  0.2186E-03  0.2400E-04  0.2427E-03   0.000      0.3604       0.000    
  398300   9.958      0.2500E-04 SHELL          4  -0.0%  0.3226E-07  0.1951E-03  0.2142E-04  0.2166E-03   0.000      0.3604       0.000    
  398400   9.960      0.2500E-04 SHELL          4  -0.0%  0.3226E-07  0.1729E-03  0.1898E-04  0.1920E-03   0.000      0.3604       0.000    
  398500   9.963      0.2500E-04 SHELL          4  -0.0%  0.3226E-07  0.1521E-03  0.1669E-04  0.1688E-03   0.000      0.3604       0.000    
  398600   9.965      0.2500E-04 SHELL          4  -0.0%  0.3226E-07  0.1325E-03  0.1455E-04  0.1471E-03   0.000      0.3604       0.000    
  398700   9.968      0.2500E-04 SHELL          4  -0.0%  0.3226E-07  0.1143E-03  0.1255E-04  0.1269E-03   0.000      0.3604       0.000    
  398800   9.970      0.2500E-04 SHELL          4  -0.0%  0.3226E-07  0.9746E-04  0.1070E-04  0.1082E-03   0.000      0.3604       0.000    
  398900   9.973      0.2500E-04 SHELL          4  -0.0%  0.3226E-07  0.8194E-04  0.8994E-05  0.9096E-04   0.000      0.3604       0.000    
  399000   9.975      0.2500E-04 SHELL          4  -0.0%  0.3226E-07  0.6775E-04  0.7436E-05  0.7525E-04   0.000      0.3604       0.000    
  399100   9.978      0.2500E-04 SHELL          4  -0.0%  0.3226E-07  0.5491E-04  0.6027E-05  0.6096E-04   0.000      0.3604       0.000    
  399200   9.980      0.2500E-04 SHELL          4  -0.1%  0.3226E-07  0.4340E-04  0.4764E-05  0.4823E-04   0.000      0.3604       0.000    
  399300   9.983      0.2500E-04 SHELL          4  -0.0%  0.3226E-07  0.3325E-04  0.3649E-05  0.3693E-04   0.000      0.3604       0.000    
  399400   9.985      0.2500E-04 SHELL          4  -0.1%  0.3226E-07  0.2444E-04  0.2682E-05  0.2718E-04   0.000      0.3604       0.000    
  399500   9.988      0.2500E-04 SHELL          4  -0.0%  0.3226E-07  0.1698E-04  0.1864E-05  0.1888E-04   0.000      0.3604       0.000    
  399600   9.990      0.2500E-04 SHELL          4  -0.2%  0.3226E-07  0.1087E-04  0.1193E-05  0.1213E-04   0.000      0.3604       0.000    
  399700   9.993      0.2500E-04 SHELL          4  -0.0%  0.3226E-07  0.6119E-05  0.6716E-06  0.6823E-05   0.000      0.3604       0.000    
  399800   9.995      0.2500E-04 SHELL          4  -1.0%  0.3226E-07  0.2721E-05  0.2986E-06  0.3082E-05   0.000      0.3604       0.000    
  399900   9.998      0.2500E-04 SHELL          4  -0.0%  0.3226E-07  0.6806E-06  0.7470E-07  0.7875E-06   0.000      0.3604       0.000    

     RESTART FILES: A23_w1_REFERENCE_ROTATION_Y_0001_[0001-0001].rst WRITTEN
     -------------

   CYCLE    TIME      TIME-STEP  ELEMENT          ERROR  I-ENERGY    K-ENERGY T  K-ENERGY R  EXT-WORK     MAS.ERR     TOTAL MASS  MASS ADDED
  400000   10.00      0.2500E-04 SHELL          4  -0.0%  0.3226E-07  0.2723E-07  0.2989E-08  0.6249E-07   0.000      0.3604       0.000    
     ANIMATION FILE: A23_w1_REFERENCE_ROTATION_YA041 WRITTEN
  
                           ** CPU USER TIME **
  
  
                        ** SUMMARY **
  
 #PROC  CONTSORT  CONTFOR   ELEMENT   KINCOND   INTEG     IO        T0        ASM       RESOL    
   1   .4484E+01 .1016E+01 .3888E+02 .3453E+01 .1844E+01 .7234E+01 .9672E+01 .1000E+01 .7636E+02
  
 
                   ** CUMULATIVE CPU TIME SUMMARY **
  
 CONTACT SORTING.............: .4484E+01     5.87 % 
 CONTACT FORCES..............: .1016E+01     1.33 % 
 ELEMENT FORCES..............: .3888E+02    50.91 % 
 KINEMATIC COND..............: .3453E+01     4.52 % 
 INTEGRATION.................: .1844E+01     2.41 % 
 ASSEMBLING..................: .1000E+01     1.31 % 
 OTHERS (including I/O)......: .2569E+02    33.64 % 
 TOTAL.......................: .7636E+02   100.00 % 
  
  
                           ** ELAPSED TIME **
  
  
                        ** SUMMARY **
  
 #PROC  CONTSORT  CONTFOR   ELEMENT   KINCOND   INTEG     IO        T0        ASM       RESOL    
   1   .4125E+01 .8786E+00 .4020E+02 .3412E+01 .1819E+01 .7105E+01 .9789E+01 .1264E+01 .7670E+02
  
                   ** MEMORY USAGE STATISTICS **
  
 TOTAL MEMORY USED .........................:       81 MB
 MAXIMUM MEMORY PER PROCESSOR...............:       81 MB
 MINIMUM MEMORY PER PROCESSOR...............:       81 MB
 AVERAGE MEMORY PER PROCESSOR...............:       81 MB
  
                   ** DISK USAGE STATISTICS **
  
 TOTAL DISK SPACE USED .....................:         23 MB
 ANIMATION/H3D/TH/OUTP SIZE ................:          0 MB
 RESTART FILE SIZE .........................:         22 MB
  
                   ** COMPUTE TIME INFORMATION **
                        ** CURRENT ENGINE **
  
 EXECUTION STARTED .........................:      2026/10/10  10:36:13
 EXECUTION COMPLETED .......................:      2026/10/10  10:37:30
  
 ELAPSED TIME     =         76.78 s
                          0:01:16



     NORMAL TERMINATION      



     TOTAL NUMBER OF CYCLES  :  400001

  
                   ** COMPUTE RUNTIME INFORMATION SUMMARY **
  
        STARTER RUNTIME =          4.17s (00:00:04)
 # 001   ENGINE RUNTIME =         76.78s (00:01:16)
 ------------------------------ 
 STARTER+ENGINE RUNTIME =         80.95s (00:01:20)
  
