************************************************************************
**                                                                    **
**                                                                    **
**                         OpenRadioss Engine                         **
**                                                                    **
**            Non-linear Finite Element Analysis Software             **
**                                                                    **
**                                                                    **
**                                                                    **
**                  Windows 64 bits, Intel compiler                   **
**                      Double Precision Version                      **
**                                                                    **
**                                                                    **
**                                                                    **
************************************************************************
** OpenRadioss Software                                               **
** COPYRIGHT (C) 2026 Siemens                                         **
** Licensed under GNU Affero General Public License.                  **
** See License file.                                                  **
************************************************************************
 
 ROOT: A23_w1_REFERENCE_ROTATION_Y  RESTART: 0001
 NUMBER OF HMPP PROCESSES     1
 10/10/2026
 NC=       0 T= 0.0000E+00 DT= 2.5000E-05 ERR=  0.0% DM/M= 0.0000E+00
     ANIMATION FILE: A23_w1_REFERENCE_ROTATION_YA001 WRITTEN
 NC=     100 T= 2.5000E-03 DT= 2.5000E-05 ERR=  0.0% DM/M= 0.0000E+00
 ELAPSED TIME=          0.10 s  REMAINING TIME=        384.34 s
 NC=     200 T= 5.0000E-03 DT= 2.5000E-05 ERR= -1.0% DM/M= 0.0000E+00
 ELAPSED TIME=          0.11 s  REMAINING TIME=        220.61 s
 NC=     300 T= 7.5000E-03 DT= 2.5000E-05 ERR= -0.0% DM/M= 0.0000E+00
 ELAPSED TIME=          0.12 s  REMAINING TIME=        165.87 s
 NC=     400 T= 1.0000E-02 DT= 2.5000E-05 ERR= -0.2% DM/M= 0.0000E+00
 ELAPSED TIME=          0.14 s  REMAINING TIME=        138.41 s
 NC=     500 T= 1.2500E-02 DT= 2.5000E-05 ERR=  0.0% DM/M= 0.0000E+00
 ELAPSED TIME=          0.15 s  REMAINING TIME=        121.92 s
 NC=     600 T= 1.5000E-02 DT= 2.5000E-05 ERR= -0.1% DM/M= 0.0000E+00
 ELAPSED TIME=          0.17 s  REMAINING TIME=        110.92 s
 NC=     700 T= 1.7500E-02 DT= 2.5000E-05 ERR=  0.0% DM/M= 0.0000E+00
 ELAPSED TIME=          0.18 s  REMAINING TIME=        103.06 s
 NC=     800 T= 2.0000E-02 DT= 2.5000E-05 ERR= -0.1% DM/M= 0.0000E+00
 ELAPSED TIME=          0.19 s  REMAINING TIME=         97.14 s
 NC=     900 T= 2.2500E-02 DT= 2.5000E-05 ERR=  0.0% DM/M= 0.0000E+00
 ELAPSED TIME=          0.21 s  REMAINING TIME=         92.79 s
 NC=    1000 T= 2.5000E-02 DT= 2.5000E-05 ERR= -0.0% DM/M= 0.0000E+00
 ELAPSED TIME=          0.22 s  REMAINING TIME=         89.08 s
 NC=    1100 T= 2.7500E-02 DT= 2.5000E-05 ERR=  0.0% DM/M= 0.0000E+00
 ELAPSED TIME=          0.24 s  REMAINING TIME=         86.04 s
 NC=    1200 T= 3.0000E-02 DT= 2.5000E-05 ERR= -0.0% DM/M= 0.0000E+00
 ELAPSED TIME=          0.25 s  REMAINING TIME=         83.51 s
 NC=    1300 T= 3.2500E-02 DT= 2.5000E-05 ERR=  0.0% DM/M= 0.0000E+00
 ELAPSED TIME=          0.27 s  REMAINING TIME=         81.39 s
 NC=    1400 T= 3.5000E-02 DT= 2.5000E-05 ERR= -0.0% DM/M= 0.0000E+00
 ELAPSED TIME=          0.28 s  REMAINING TIME=         79.55 s
 NC=    1500 T= 3.7500E-02 DT= 2.5000E-05 ERR=  0.0% DM/M= 0.0000E+00
 ELAPSED TIME=          0.29 s  REMAINING TIME=         77.95 s
 NC=    1600 T= 4.0000E-02 DT= 2.5000E-05 ERR= -0.0% DM/M= 0.0000E+00
 ELAPSED TIME=          0.31 s  REMAINING TIME=         76.55 s
 NC=    1700 T= 4.2500E-02 DT= 2.5000E-05 ERR=  0.0% DM/M= 0.0000E+00
 ELAPSED TIME=          0.32 s  REMAINING TIME=         75.32 s
 NC=    1800 T= 4.5000E-02 DT= 2.5000E-05 ERR= -0.0% DM/M= 0.0000E+00
 ELAPSED TIME=          0.34 s  REMAINING TIME=         74.22 s
 NC=    1900 T= 4.7500E-02 DT= 2.5000E-05 ERR=  0.0% DM/M= 0.0000E+00
 ELAPSED TIME=          0.35 s  REMAINING TIME=         73.24 s
 NC=    2000 T= 5.0000E-02 DT= 2.5000E-05 ERR= -0.0% DM/M= 0.0000E+00
 ELAPSED TIME=          0.36 s  REMAINING TIME=         72.34 s
 NC=    2100 T= 5.2500E-02 DT= 2.5000E-05 ERR=  0.0% DM/M= 0.0000E+00
 ELAPSED TIME=          0.38 s  REMAINING TIME=         71.53 s
 NC=    2200 T= 5.5000E-02 DT= 2.5000E-05 ERR= -0.0% DM/M= 0.0000E+00
 ELAPSED TIME=          0.39 s  REMAINING TIME=         70.79 s
 NC=    2300 T= 5.7500E-02 DT= 2.5000E-05 ERR=  0.0% DM/M= 0.0000E+00
 ELAPSED TIME=          0.41 s  REMAINING TIME=         70.12 s
 NC=    2400 T= 6.0000E-02 DT= 2.5000E-05 ERR= -0.0% DM/M= 0.0000E+00
 ELAPSED TIME=          0.42 s  REMAINING TIME=         69.51 s
 NC=    2500 T= 6.2500E-02 DT= 2.5000E-05 ERR=  0.0% DM/M= 0.0000E+00
 ELAPSED TIME=          0.43 s  REMAINING TIME=         68.94 s
 NC=    2600 T= 6.5000E-02 DT= 2.5000E-05 ERR= -0.0% DM/M= 0.0000E+00
 ELAPSED TIME=          0.45 s  REMAINING TIME=         68.42 s
 NC=    2700 T= 6.7500E-02 DT= 2.5000E-05 ERR=  0.0% DM/M= 0.0000E+00
 ELAPSED TIME=          0.46 s  REMAINING TIME=         67.93 s
 NC=    2800 T= 7.0000E-02 DT= 2.5000E-05 ERR= -0.0% DM/M= 0.0000E+00
 ELAPSED TIME=          0.48 s  REMAINING TIME=         67.47 s
 NC=    2900 T= 7.2500E-02 DT= 2.5000E-05 ERR=  0.0% DM/M= 0.0000E+00
 ELAPSED TIME=          0.49 s  REMAINING TIME=         67.05 s
 NC=    3000 T= 7.5000E-02 DT= 2.5000E-05 ERR= -0.0% DM/M= 0.0000E+00
 ELAPSED TIME=          0.50 s  REMAINING TIME=         66.66 s
 NC=    3100 T= 7.7500E-02 DT= 2.5000E-05 ERR=  0.0% DM/M= 0.0000E+00
 ELAPSED TIME=          0.52 s  REMAINING TIME=         66.29 s
 NC=    3200 T= 8.0000E-02 DT= 2.5000E-05 ERR= -0.0% DM/M= 0.0000E+00
 ELAPSED TIME=          0.53 s  REMAINING TIME=         65.94 s
 NC=    3300 T= 8.2500E-02 DT= 2.5000E-05 ERR=  0.0% DM/M= 0.0000E+00
 ELAPSED TIME=          0.55 s  REMAINING TIME=         65.63 s
 NC=    3400 T= 8.5000E-02 DT= 2.5000E-05 ERR= -0.0% DM/M= 0.0000E+00
 ELAPSED TIME=          0.56 s  REMAINING TIME=         65.32 s
 NC=    3500 T= 8.7500E-02 DT= 2.5000E-05 ERR=  0.0% DM/M= 0.0000E+00
 ELAPSED TIME=          0.57 s  REMAINING TIME=         65.03 s
 NC=    3600 T= 9.0000E-02 DT= 2.5000E-05 ERR= -0.0% DM/M= 0.0000E+00
 ELAPSED TIME=          0.59 s  REMAINING TIME=         64.76 s
 NC=    3700 T= 9.2500E-02 DT= 2.5000E-05 ERR=  0.0% DM/M= 0.0000E+00
 ELAPSED TIME=          0.60 s  REMAINING TIME=         64.50 s
 NC=    3800 T= 9.5000E-02 DT= 2.5000E-05 ERR= -0.0% DM/M= 0.0000E+00
 ELAPSED TIME=          0.62 s  REMAINING TIME=         64.25 s
 NC=    3900 T= 9.7500E-02 DT= 2.5000E-05 ERR=  0.0% DM/M= 0.0000E+00
 ELAPSED TIME=          0.63 s  REMAINING TIME=         64.02 s
 NC=    4000 T= 1.0000E-01 DT= 2.5000E-05 ERR= -0.0% DM/M= 0.0000E+00
 ELAPSED TIME=          0.64 s  REMAINING TIME=         63.79 s
 NC=    4100 T= 1.0250E-01 DT= 2.5000E-05 ERR=  0.0% DM/M= 0.0000E+00
 ELAPSED TIME=          0.66 s  REMAINING TIME=         63.58 s
 NC=    4200 T= 1.0500E-01 DT= 2.5000E-05 ERR= -0.0% DM/M= 0.0000E+00
 ELAPSED TIME=          0.67 s  REMAINING TIME=         63.37 s
 NC=    4300 T= 1.0750E-01 DT= 2.5000E-05 ERR=  0.0% DM/M= 0.0000E+00
 ELAPSED TIME=          0.69 s  REMAINING TIME=         63.17 s
 NC=    4400 T= 1.1000E-01 DT= 2.5000E-05 ERR= -0.0% DM/M= 0.0000E+00
 ELAPSED TIME=          0.70 s  REMAINING TIME=         62.98 s
 NC=    4500 T= 1.1250E-01 DT= 2.5000E-05 ERR=  0.0% DM/M= 0.0000E+00
 ELAPSED TIME=          0.71 s  REMAINING TIME=         62.80 s
 NC=    4600 T= 1.1500E-01 DT= 2.5000E-05 ERR= -0.0% DM/M= 0.0000E+00
 ELAPSED TIME=          0.73 s  REMAINING TIME=         62.63 s
 NC=    4700 T= 1.1750E-01 DT= 2.5000E-05 ERR=  0.0% DM/M= 0.0000E+00
 ELAPSED TIME=          0.74 s  REMAINING TIME=         62.45 s
 NC=    4800 T= 1.2000E-01 DT= 2.5000E-05 ERR= -0.0% DM/M= 0.0000E+00
 ELAPSED TIME=          0.76 s  REMAINING TIME=         62.29 s
 NC=    4900 T= 1.2250E-01 DT= 2.5000E-05 ERR=  0.0% DM/M= 0.0000E+00
 ELAPSED TIME=          0.77 s  REMAINING TIME=         62.14 s
 NC=    5000 T= 1.2500E-01 DT= 2.5000E-05 ERR= -0.0% DM/M= 0.0000E+00
 ELAPSED TIME=          0.78 s  REMAINING TIME=         61.99 s
 NC=    5100 T= 1.2750E-01 DT= 2.5000E-05 ERR=  0.0% DM/M= 0.0000E+00
 ELAPSED TIME=          0.80 s  REMAINING TIME=         61.84 s
 NC=    5200 T= 1.3000E-01 DT= 2.5000E-05 ERR= -0.0% DM/M= 0.0000E+00
 ELAPSED TIME=          0.81 s  REMAINING TIME=         61.70 s
 NC=    5300 T= 1.3250E-01 DT= 2.5000E-05 ERR=  0.0% DM/M= 0.0000E+00
 ELAPSED TIME=          0.83 s  REMAINING TIME=         61.57 s
 NC=    5400 T= 1.3500E-01 DT= 2.5000E-05 ERR= -0.0% DM/M= 0.0000E+00
 ELAPSED TIME=          0.84 s  REMAINING TIME=         61.44 s
 NC=    5500 T= 1.3750E-01 DT= 2.5000E-05 ERR=  0.0% DM/M= 0.0000E+00
 ELAPSED TIME=          0.85 s  REMAINING TIME=         61.31 s
 NC=    5600 T= 1.4000E-01 DT= 2.5000E-05 ERR= -0.0% DM/M= 0.0000E+00
 ELAPSED TIME=          0.87 s  REMAINING TIME=         61.18 s
 NC=    5700 T= 1.4250E-01 DT= 2.5000E-05 ERR=  0.0% DM/M= 0.0000E+00
 ELAPSED TIME=          0.88 s  REMAINING TIME=         61.07 s
 NC=    5800 T= 1.4500E-01 DT= 2.5000E-05 ERR= -0.0% DM/M= 0.0000E+00
 ELAPSED TIME=          0.90 s  REMAINING TIME=         60.95 s
 NC=    5900 T= 1.4750E-01 DT= 2.5000E-05 ERR=  0.0% DM/M= 0.0000E+00
 ELAPSED TIME=          0.91 s  REMAINING TIME=         60.84 s
 NC=    6000 T= 1.5000E-01 DT= 2.5000E-05 ERR= -0.0% DM/M= 0.0000E+00
 ELAPSED TIME=          0.92 s  REMAINING TIME=         60.73 s
 NC=    6100 T= 1.5250E-01 DT= 2.5000E-05 ERR=  0.0% DM/M= 0.0000E+00
 ELAPSED TIME=          0.94 s  REMAINING TIME=         60.62 s
 NC=    6200 T= 1.5500E-01 DT= 2.5000E-05 ERR= -0.0% DM/M= 0.0000E+00
 ELAPSED TIME=          0.95 s  REMAINING TIME=         60.52 s
 NC=    6300 T= 1.5750E-01 DT= 2.5000E-05 ERR=  0.0% DM/M= 0.0000E+00
 ELAPSED TIME=          0.97 s  REMAINING TIME=         60.42 s
 NC=    6400 T= 1.6000E-01 DT= 2.5000E-05 ERR= -0.0% DM/M= 0.0000E+00
 ELAPSED TIME=          0.98 s  REMAINING TIME=         60.33 s
 NC=    6500 T= 1.6250E-01 DT= 2.5000E-05 ERR=  0.0% DM/M= 0.0000E+00
 ELAPSED TIME=          1.00 s  REMAINING TIME=         60.24 s
 NC=    6600 T= 1.6500E-01 DT= 2.5000E-05 ERR= -0.0% DM/M= 0.0000E+00
 ELAPSED TIME=          1.01 s  REMAINING TIME=         60.15 s
 NC=    6700 T= 1.6750E-01 DT= 2.5000E-05 ERR=  0.0% DM/M= 0.0000E+00
 ELAPSED TIME=          1.02 s  REMAINING TIME=         60.06 s
 NC=    6800 T= 1.7000E-01 DT= 2.5000E-05 ERR= -0.0% DM/M= 0.0000E+00
 ELAPSED TIME=          1.04 s  REMAINING TIME=         59.98 s
 NC=    6900 T= 1.7250E-01 DT= 2.5000E-05 ERR=  0.0% DM/M= 0.0000E+00
 ELAPSED TIME=          1.05 s  REMAINING TIME=         59.89 s
 NC=    7000 T= 1.7500E-01 DT= 2.5000E-05 ERR= -0.0% DM/M= 0.0000E+00
 ELAPSED TIME=          1.07 s  REMAINING TIME=         59.81 s
 NC=    7100 T= 1.7750E-01 DT= 2.5000E-05 ERR=  0.0% DM/M= 0.0000E+00
 ELAPSED TIME=          1.08 s  REMAINING TIME=         59.73 s
 NC=    7200 T= 1.8000E-01 DT= 2.5000E-05 ERR= -0.0% DM/M= 0.0000E+00
 ELAPSED TIME=          1.09 s  REMAINING TIME=         59.64 s
 NC=    7300 T= 1.8250E-01 DT= 2.5000E-05 ERR=  0.0% DM/M= 0.0000E+00
 ELAPSED TIME=          1.11 s  REMAINING TIME=         59.56 s
 NC=    7400 T= 1.8500E-01 DT= 2.5000E-05 ERR= -0.0% DM/M= 0.0000E+00
 ELAPSED TIME=          1.12 s  REMAINING TIME=         59.49 s
 NC=    7500 T= 1.8750E-01 DT= 2.5000E-05 ERR=  0.0% DM/M= 0.0000E+00
 ELAPSED TIME=          1.14 s  REMAINING TIME=         59.41 s
 NC=    7600 T= 1.9000E-01 DT= 2.5000E-05 ERR= -0.0% DM/M= 0.0000E+00
 ELAPSED TIME=          1.15 s  REMAINING TIME=         59.33 s
 NC=    7700 T= 1.9250E-01 DT= 2.5000E-05 ERR= -0.0% DM/M= 0.0000E+00
 ELAPSED TIME=          1.16 s  REMAINING TIME=         59.26 s
 NC=    7800 T= 1.9500E-01 DT= 2.5000E-05 ERR= -0.0% DM/M= 0.0000E+00
 ELAPSED TIME=          1.18 s  REMAINING TIME=         59.19 s
 NC=    7900 T= 1.9750E-01 DT= 2.5000E-05 ERR= -0.0% DM/M= 0.0000E+00
 ELAPSED TIME=          1.19 s  REMAINING TIME=         59.12 s
 NC=    8000 T= 2.0000E-01 DT= 2.5000E-05 ERR= -0.0% DM/M= 0.0000E+00
 ELAPSED TIME=          1.21 s  REMAINING TIME=         59.05 s
 NC=    8100 T= 2.0250E-01 DT= 2.5000E-05 ERR=  0.0% DM/M= 0.0000E+00
 ELAPSED TIME=          1.22 s  REMAINING TIME=         58.98 s
 NC=    8200 T= 2.0500E-01 DT= 2.5000E-05 ERR= -0.0% DM/M= 0.0000E+00
 ELAPSED TIME=          1.23 s  REMAINING TIME=         58.92 s
 NC=    8300 T= 2.0750E-01 DT= 2.5000E-05 ERR=  0.0% DM/M= 0.0000E+00
 ELAPSED TIME=          1.25 s  REMAINING TIME=         58.85 s
 NC=    8400 T= 2.1000E-01 DT= 2.5000E-05 ERR= -0.0% DM/M= 0.0000E+00
 ELAPSED TIME=          1.26 s  REMAINING TIME=         58.79 s
 NC=    8500 T= 2.1250E-01 DT= 2.5000E-05 ERR=  0.0% DM/M= 0.0000E+00
 ELAPSED TIME=          1.28 s  REMAINING TIME=         58.73 s
 NC=    8600 T= 2.1500E-01 DT= 2.5000E-05 ERR= -0.0% DM/M= 0.0000E+00
 ELAPSED TIME=          1.29 s  REMAINING TIME=         58.67 s
 NC=    8700 T= 2.1750E-01 DT= 2.5000E-05 ERR=  0.0% DM/M= 0.0000E+00
 ELAPSED TIME=          1.30 s  REMAINING TIME=         58.61 s
 NC=    8800 T= 2.2000E-01 DT= 2.5000E-05 ERR= -0.0% DM/M= 0.0000E+00
 ELAPSED TIME=          1.32 s  REMAINING TIME=         58.55 s
 NC=    8900 T= 2.2250E-01 DT= 2.5000E-05 ERR=  0.0% DM/M= 0.0000E+00
 ELAPSED TIME=          1.33 s  REMAINING TIME=         58.50 s
 NC=    9000 T= 2.2500E-01 DT= 2.5000E-05 ERR= -0.0% DM/M= 0.0000E+00
 ELAPSED TIME=          1.35 s  REMAINING TIME=         58.44 s
 NC=    9100 T= 2.2750E-01 DT= 2.5000E-05 ERR=  0.0% DM/M= 0.0000E+00
 ELAPSED TIME=          1.36 s  REMAINING TIME=         58.39 s
 NC=    9200 T= 2.3000E-01 DT= 2.5000E-05 ERR= -0.0% DM/M= 0.0000E+00
 ELAPSED TIME=          1.37 s  REMAINING TIME=         58.33 s
 NC=    9300 T= 2.3250E-01 DT= 2.5000E-05 ERR=  0.0% DM/M= 0.0000E+00
 ELAPSED TIME=          1.39 s  REMAINING TIME=         58.28 s
 NC=    9400 T= 2.3500E-01 DT= 2.5000E-05 ERR= -0.0% DM/M= 0.0000E+00
 ELAPSED TIME=          1.40 s  REMAINING TIME=         58.22 s
 NC=    9500 T= 2.3750E-01 DT= 2.5000E-05 ERR= -0.0% DM/M= 0.0000E+00
 ELAPSED TIME=          1.42 s  REMAINING TIME=         58.17 s
 NC=    9600 T= 2.4000E-01 DT= 2.5000E-05 ERR= -0.0% DM/M= 0.0000E+00
 ELAPSED TIME=          1.43 s  REMAINING TIME=         58.12 s
 NC=    9700 T= 2.4250E-01 DT= 2.5000E-05 ERR= -0.0% DM/M= 0.0000E+00
 ELAPSED TIME=          1.44 s  REMAINING TIME=         58.07 s
 NC=    9800 T= 2.4500E-01 DT= 2.5000E-05 ERR= -0.0% DM/M= 0.0000E+00
 ELAPSED TIME=          1.46 s  REMAINING TIME=         58.02 s
 NC=    9900 T= 2.4750E-01 DT= 2.5000E-05 ERR= -0.0% DM/M= 0.0000E+00
 ELAPSED TIME=          1.47 s  REMAINING TIME=         57.97 s
 NC=   10000 T= 2.5000E-01 DT= 2.5000E-05 ERR= -0.0% DM/M= 0.0000E+00
 ELAPSED TIME=          1.49 s  REMAINING TIME=         57.92 s
     ANIMATION FILE: A23_w1_REFERENCE_ROTATION_YA002 WRITTEN
 NC=   10100 T= 2.5250E-01 DT= 2.5000E-05 ERR= -0.0% DM/M= 0.0000E+00
 ELAPSED TIME=          1.50 s  REMAINING TIME=         57.98 s
 NC=   10200 T= 2.5500E-01 DT= 2.5000E-05 ERR= -0.0% DM/M= 0.0000E+00
 ELAPSED TIME=          1.52 s  REMAINING TIME=         57.93 s
 NC=   10300 T= 2.5750E-01 DT= 2.5000E-05 ERR= -0.0% DM/M= 0.0000E+00
 ELAPSED TIME=          1.53 s  REMAINING TIME=         57.88 s
 NC=   10400 T= 2.6000E-01 DT= 2.5000E-05 ERR= -0.0% DM/M= 0.0000E+00
 ELAPSED TIME=          1.54 s  REMAINING TIME=         57.84 s
 NC=   10500 T= 2.6250E-01 DT= 2.5000E-05 ERR= -0.0% DM/M= 0.0000E+00
 ELAPSED TIME=          1.56 s  REMAINING TIME=         57.79 s
 NC=   10600 T= 2.6500E-01 DT= 2.5000E-05 ERR= -0.0% DM/M= 0.0000E+00
 ELAPSED TIME=          1.57 s  REMAINING TIME=         57.75 s
 NC=   10700 T= 2.6750E-01 DT= 2.5000E-05 ERR= -0.0% DM/M= 0.0000E+00
 ELAPSED TIME=          1.59 s  REMAINING TIME=         57.70 s
 NC=   10800 T= 2.7000E-01 DT= 2.5000E-05 ERR= -0.0% DM/M= 0.0000E+00
 ELAPSED TIME=          1.60 s  REMAINING TIME=         57.66 s
 NC=   10900 T= 2.7250E-01 DT= 2.5000E-05 ERR= -0.0% DM/M= 0.0000E+00
 ELAPSED TIME=          1.61 s  REMAINING TIME=         57.62 s
 NC=   11000 T= 2.7500E-01 DT= 2.5000E-05 ERR= -0.0% DM/M= 0.0000E+00
 ELAPSED TIME=          1.63 s  REMAINING TIME=         57.58 s
 NC=   11100 T= 2.7750E-01 DT= 2.5000E-05 ERR= -0.0% DM/M= 0.0000E+00
 ELAPSED TIME=          1.64 s  REMAINING TIME=         57.53 s
 NC=   11200 T= 2.8000E-01 DT= 2.5000E-05 ERR= -0.0% DM/M= 0.0000E+00
 ELAPSED TIME=          1.66 s  REMAINING TIME=         57.49 s
 NC=   11300 T= 2.8250E-01 DT= 2.5000E-05 ERR= -0.0% DM/M= 0.0000E+00
 ELAPSED TIME=          1.67 s  REMAINING TIME=         57.45 s
 NC=   11400 T= 2.8500E-01 DT= 2.5000E-05 ERR= -0.0% DM/M= 0.0000E+00
 ELAPSED TIME=          1.68 s  REMAINING TIME=         57.41 s
 NC=   11500 T= 2.8750E-01 DT= 2.5000E-05 ERR=  0.0% DM/M= 0.0000E+00
 ELAPSED TIME=          1.70 s  REMAINING TIME=         57.37 s
 NC=   11600 T= 2.9000E-01 DT= 2.5000E-05 ERR= -0.0% DM/M= 0.0000E+00
 ELAPSED TIME=          1.71 s  REMAINING TIME=         57.33 s
 NC=   11700 T= 2.9250E-01 DT= 2.5000E-05 ERR=  0.0% DM/M= 0.0000E+00
 ELAPSED TIME=          1.73 s  REMAINING TIME=         57.29 s
 NC=   11800 T= 2.9500E-01 DT= 2.5000E-05 ERR= -0.0% DM/M= 0.0000E+00
 ELAPSED TIME=          1.74 s  REMAINING TIME=         57.25 s
 NC=   11900 T= 2.9750E-01 DT= 2.5000E-05 ERR=  0.0% DM/M= 0.0000E+00
 ELAPSED TIME=          1.75 s  REMAINING TIME=         57.21 s
 NC=   12000 T= 3.0000E-01 DT= 2.5000E-05 ERR= -0.0% DM/M= 0.0000E+00
 ELAPSED TIME=          1.77 s  REMAINING TIME=         57.18 s
 NC=   12100 T= 3.0250E-01 DT= 2.5000E-05 ERR=  0.0% DM/M= 0.0000E+00
 ELAPSED TIME=          1.78 s  REMAINING TIME=         57.14 s
 NC=   12200 T= 3.0500E-01 DT= 2.5000E-05 ERR= -0.0% DM/M= 0.0000E+00
 ELAPSED TIME=          1.80 s  REMAINING TIME=         57.10 s
 NC=   12300 T= 3.0750E-01 DT= 2.5000E-05 ERR=  0.0% DM/M= 0.0000E+00
 ELAPSED TIME=          1.81 s  REMAINING TIME=         57.06 s
 NC=   12400 T= 3.1000E-01 DT= 2.5000E-05 ERR= -0.0% DM/M= 0.0000E+00
 ELAPSED TIME=          1.82 s  REMAINING TIME=         57.03 s
 NC=   12500 T= 3.1250E-01 DT= 2.5000E-05 ERR=  0.0% DM/M= 0.0000E+00
 ELAPSED TIME=          1.84 s  REMAINING TIME=         56.99 s
 NC=   12600 T= 3.1500E-01 DT= 2.5000E-05 ERR= -0.0% DM/M= 0.0000E+00
 ELAPSED TIME=          1.85 s  REMAINING TIME=         56.96 s
 NC=   12700 T= 3.1750E-01 DT= 2.5000E-05 ERR=  0.0% DM/M= 0.0000E+00
 ELAPSED TIME=          1.87 s  REMAINING TIME=         56.92 s
 NC=   12800 T= 3.2000E-01 DT= 2.5000E-05 ERR= -0.0% DM/M= 0.0000E+00
 ELAPSED TIME=          1.88 s  REMAINING TIME=         56.88 s
 NC=   12900 T= 3.2250E-01 DT= 2.5000E-05 ERR=  0.0% DM/M= 0.0000E+00
 ELAPSED TIME=          1.89 s  REMAINING TIME=         56.85 s
 NC=   13000 T= 3.2500E-01 DT= 2.5000E-05 ERR= -0.0% DM/M= 0.0000E+00
 ELAPSED TIME=          1.91 s  REMAINING TIME=         56.82 s
 NC=   13100 T= 3.2750E-01 DT= 2.5000E-05 ERR=  0.0% DM/M= 0.0000E+00
 ELAPSED TIME=          1.92 s  REMAINING TIME=         56.78 s
 NC=   13200 T= 3.3000E-01 DT= 2.5000E-05 ERR= -0.0% DM/M= 0.0000E+00
 ELAPSED TIME=          1.94 s  REMAINING TIME=         56.75 s
 NC=   13300 T= 3.3250E-01 DT= 2.5000E-05 ERR=  0.0% DM/M= 0.0000E+00
 ELAPSED TIME=          1.95 s  REMAINING TIME=         56.71 s
 NC=   13400 T= 3.3500E-01 DT= 2.5000E-05 ERR= -0.0% DM/M= 0.0000E+00
 ELAPSED TIME=          1.96 s  REMAINING TIME=         56.68 s
 NC=   13500 T= 3.3750E-01 DT= 2.5000E-05 ERR=  0.0% DM/M= 0.0000E+00
 ELAPSED TIME=          1.98 s  REMAINING TIME=         56.65 s
 NC=   13600 T= 3.4000E-01 DT= 2.5000E-05 ERR= -0.0% DM/M= 0.0000E+00
 ELAPSED TIME=          1.99 s  REMAINING TIME=         56.61 s
 NC=   13700 T= 3.4250E-01 DT= 2.5000E-05 ERR=  0.0% DM/M= 0.0000E+00
 ELAPSED TIME=          2.01 s  REMAINING TIME=         56.58 s
 NC=   13800 T= 3.4500E-01 DT= 2.5000E-05 ERR= -0.0% DM/M= 0.0000E+00
 ELAPSED TIME=          2.02 s  REMAINING TIME=         56.55 s
 NC=   13900 T= 3.4750E-01 DT= 2.5000E-05 ERR=  0.0% DM/M= 0.0000E+00
 ELAPSED TIME=          2.03 s  REMAINING TIME=         56.52 s
 NC=   14000 T= 3.5000E-01 DT= 2.5000E-05 ERR= -0.0% DM/M= 0.0000E+00
 ELAPSED TIME=          2.05 s  REMAINING TIME=         56.49 s
 NC=   14100 T= 3.5250E-01 DT= 2.5000E-05 ERR=  0.0% DM/M= 0.0000E+00
 ELAPSED TIME=          2.06 s  REMAINING TIME=         56.46 s
 NC=   14200 T= 3.5500E-01 DT= 2.5000E-05 ERR= -0.0% DM/M= 0.0000E+00
 ELAPSED TIME=          2.08 s  REMAINING TIME=         56.42 s
 NC=   14300 T= 3.5750E-01 DT= 2.5000E-05 ERR=  0.0% DM/M= 0.0000E+00
 ELAPSED TIME=          2.09 s  REMAINING TIME=         56.39 s
 NC=   14400 T= 3.6000E-01 DT= 2.5000E-05 ERR= -0.0% DM/M= 0.0000E+00
 ELAPSED TIME=          2.10 s  REMAINING TIME=         56.36 s
 NC=   14500 T= 3.6250E-01 DT= 2.5000E-05 ERR=  0.0% DM/M= 0.0000E+00
 ELAPSED TIME=          2.12 s  REMAINING TIME=         56.33 s
 NC=   14600 T= 3.6500E-01 DT= 2.5000E-05 ERR= -0.0% DM/M= 0.0000E+00
 ELAPSED TIME=          2.13 s  REMAINING TIME=         56.30 s
 NC=   14700 T= 3.6750E-01 DT= 2.5000E-05 ERR=  0.0% DM/M= 0.0000E+00
 ELAPSED TIME=          2.15 s  REMAINING TIME=         56.27 s
 NC=   14800 T= 3.7000E-01 DT= 2.5000E-05 ERR= -0.0% DM/M= 0.0000E+00
 ELAPSED TIME=          2.16 s  REMAINING TIME=         56.24 s
 NC=   14900 T= 3.7250E-01 DT= 2.5000E-05 ERR=  0.0% DM/M= 0.0000E+00
 ELAPSED TIME=          2.17 s  REMAINING TIME=         56.21 s
 NC=   15000 T= 3.7500E-01 DT= 2.5000E-05 ERR= -0.0% DM/M= 0.0000E+00
 ELAPSED TIME=          2.19 s  REMAINING TIME=         56.18 s
 NC=   15100 T= 3.7750E-01 DT= 2.5000E-05 ERR=  0.0% DM/M= 0.0000E+00
 ELAPSED TIME=          2.20 s  REMAINING TIME=         56.15 s
 NC=   15200 T= 3.8000E-01 DT= 2.5000E-05 ERR= -0.0% DM/M= 0.0000E+00
 ELAPSED TIME=          2.22 s  REMAINING TIME=         56.12 s
 NC=   15300 T= 3.8250E-01 DT= 2.5000E-05 ERR=  0.0% DM/M= 0.0000E+00
 ELAPSED TIME=          2.23 s  REMAINING TIME=         56.09 s
 NC=   15400 T= 3.8500E-01 DT= 2.5000E-05 ERR= -0.0% DM/M= 0.0000E+00
 ELAPSED TIME=          2.24 s  REMAINING TIME=         56.07 s
 NC=   15500 T= 3.8750E-01 DT= 2.5000E-05 ERR=  0.0% DM/M= 0.0000E+00
 ELAPSED TIME=          2.26 s  REMAINING TIME=         56.04 s
 NC=   15600 T= 3.9000E-01 DT= 2.5000E-05 ERR= -0.0% DM/M= 0.0000E+00
 ELAPSED TIME=          2.27 s  REMAINING TIME=         56.01 s
 NC=   15700 T= 3.9250E-01 DT= 2.5000E-05 ERR=  0.0% DM/M= 0.0000E+00
 ELAPSED TIME=          2.29 s  REMAINING TIME=         55.98 s
 NC=   15800 T= 3.9500E-01 DT= 2.5000E-05 ERR= -0.0% DM/M= 0.0000E+00
 ELAPSED TIME=          2.30 s  REMAINING TIME=         55.95 s
 NC=   15900 T= 3.9750E-01 DT= 2.5000E-05 ERR=  0.0% DM/M= 0.0000E+00
 ELAPSED TIME=          2.32 s  REMAINING TIME=         55.92 s
 NC=   16000 T= 4.0000E-01 DT= 2.5000E-05 ERR= -0.0% DM/M= 0.0000E+00
 ELAPSED TIME=          2.33 s  REMAINING TIME=         55.90 s
 NC=   16100 T= 4.0250E-01 DT= 2.5000E-05 ERR=  0.0% DM/M= 0.0000E+00
 ELAPSED TIME=          2.34 s  REMAINING TIME=         55.87 s
 NC=   16200 T= 4.0500E-01 DT= 2.5000E-05 ERR= -0.0% DM/M= 0.0000E+00
 ELAPSED TIME=          2.36 s  REMAINING TIME=         55.84 s
 NC=   16300 T= 4.0750E-01 DT= 2.5000E-05 ERR=  0.0% DM/M= 0.0000E+00
 ELAPSED TIME=          2.37 s  REMAINING TIME=         55.81 s
 NC=   16400 T= 4.1000E-01 DT= 2.5000E-05 ERR= -0.0% DM/M= 0.0000E+00
 ELAPSED TIME=          2.39 s  REMAINING TIME=         55.79 s
 NC=   16500 T= 4.1250E-01 DT= 2.5000E-05 ERR=  0.0% DM/M= 0.0000E+00
 ELAPSED TIME=          2.40 s  REMAINING TIME=         55.76 s
 NC=   16600 T= 4.1500E-01 DT= 2.5000E-05 ERR= -0.0% DM/M= 0.0000E+00
 ELAPSED TIME=          2.41 s  REMAINING TIME=         55.73 s
 NC=   16700 T= 4.1750E-01 DT= 2.5000E-05 ERR=  0.0% DM/M= 0.0000E+00
 ELAPSED TIME=          2.43 s  REMAINING TIME=         55.70 s
 NC=   16800 T= 4.2000E-01 DT= 2.5000E-05 ERR= -0.0% DM/M= 0.0000E+00
 ELAPSED TIME=          2.44 s  REMAINING TIME=         55.68 s
 NC=   16900 T= 4.2250E-01 DT= 2.5000E-05 ERR=  0.0% DM/M= 0.0000E+00
 ELAPSED TIME=          2.46 s  REMAINING TIME=         55.65 s
 NC=   17000 T= 4.2500E-01 DT= 2.5000E-05 ERR= -0.0% DM/M= 0.0000E+00
 ELAPSED TIME=          2.47 s  REMAINING TIME=         55.63 s
 NC=   17100 T= 4.2750E-01 DT= 2.5000E-05 ERR=  0.0% DM/M= 0.0000E+00
 ELAPSED TIME=          2.48 s  REMAINING TIME=         55.60 s
 NC=   17200 T= 4.3000E-01 DT= 2.5000E-05 ERR= -0.0% DM/M= 0.0000E+00
 ELAPSED TIME=          2.50 s  REMAINING TIME=         55.57 s
 NC=   17300 T= 4.3250E-01 DT= 2.5000E-05 ERR=  0.0% DM/M= 0.0000E+00
 ELAPSED TIME=          2.51 s  REMAINING TIME=         55.55 s
 NC=   17400 T= 4.3500E-01 DT= 2.5000E-05 ERR= -0.0% DM/M= 0.0000E+00
 ELAPSED TIME=          2.53 s  REMAINING TIME=         55.52 s
 NC=   17500 T= 4.3750E-01 DT= 2.5000E-05 ERR=  0.0% DM/M= 0.0000E+00
 ELAPSED TIME=          2.54 s  REMAINING TIME=         55.50 s
 NC=   17600 T= 4.4000E-01 DT= 2.5000E-05 ERR= -0.0% DM/M= 0.0000E+00
 ELAPSED TIME=          2.55 s  REMAINING TIME=         55.47 s
 NC=   17700 T= 4.4250E-01 DT= 2.5000E-05 ERR=  0.0% DM/M= 0.0000E+00
 ELAPSED TIME=          2.57 s  REMAINING TIME=         55.45 s
 NC=   17800 T= 4.4500E-01 DT= 2.5000E-05 ERR= -0.0% DM/M= 0.0000E+00
 ELAPSED TIME=          2.58 s  REMAINING TIME=         55.42 s
 NC=   17900 T= 4.4750E-01 DT= 2.5000E-05 ERR=  0.0% DM/M= 0.0000E+00
 ELAPSED TIME=          2.60 s  REMAINING TIME=         55.40 s
 NC=   18000 T= 4.5000E-01 DT= 2.5000E-05 ERR= -0.0% DM/M= 0.0000E+00
 ELAPSED TIME=          2.61 s  REMAINING TIME=         55.37 s
 NC=   18100 T= 4.5250E-01 DT= 2.5000E-05 ERR=  0.0% DM/M= 0.0000E+00
 ELAPSED TIME=          2.62 s  REMAINING TIME=         55.35 s
 NC=   18200 T= 4.5500E-01 DT= 2.5000E-05 ERR= -0.0% DM/M= 0.0000E+00
 ELAPSED TIME=          2.64 s  REMAINING TIME=         55.32 s
 NC=   18300 T= 4.5750E-01 DT= 2.5000E-05 ERR=  0.0% DM/M= 0.0000E+00
 ELAPSED TIME=          2.65 s  REMAINING TIME=         55.30 s
 NC=   18400 T= 4.6000E-01 DT= 2.5000E-05 ERR= -0.0% DM/M= 0.0000E+00
 ELAPSED TIME=          2.67 s  REMAINING TIME=         55.27 s
 NC=   18500 T= 4.6250E-01 DT= 2.5000E-05 ERR=  0.0% DM/M= 0.0000E+00
 ELAPSED TIME=          2.68 s  REMAINING TIME=         55.25 s
 NC=   18600 T= 4.6500E-01 DT= 2.5000E-05 ERR= -0.0% DM/M= 0.0000E+00
 ELAPSED TIME=          2.69 s  REMAINING TIME=         55.23 s
 NC=   18700 T= 4.6750E-01 DT= 2.5000E-05 ERR=  0.0% DM/M= 0.0000E+00
 ELAPSED TIME=          2.71 s  REMAINING TIME=         55.20 s
 NC=   18800 T= 4.7000E-01 DT= 2.5000E-05 ERR= -0.0% DM/M= 0.0000E+00
 ELAPSED TIME=          2.72 s  REMAINING TIME=         55.18 s
 NC=   18900 T= 4.7250E-01 DT= 2.5000E-05 ERR=  0.0% DM/M= 0.0000E+00
 ELAPSED TIME=          2.74 s  REMAINING TIME=         55.15 s
 NC=   19000 T= 4.7500E-01 DT= 2.5000E-05 ERR= -0.0% DM/M= 0.0000E+00
 ELAPSED TIME=          2.75 s  REMAINING TIME=         55.13 s
 NC=   19100 T= 4.7750E-01 DT= 2.5000E-05 ERR=  0.0% DM/M= 0.0000E+00
 ELAPSED TIME=          2.76 s  REMAINING TIME=         55.11 s
 NC=   19200 T= 4.8000E-01 DT= 2.5000E-05 ERR= -0.0% DM/M= 0.0000E+00
 ELAPSED TIME=          2.78 s  REMAINING TIME=         55.08 s
 NC=   19300 T= 4.8250E-01 DT= 2.5000E-05 ERR=  0.0% DM/M= 0.0000E+00
 ELAPSED TIME=          2.79 s  REMAINING TIME=         55.06 s
 NC=   19400 T= 4.8500E-01 DT= 2.5000E-05 ERR= -0.0% DM/M= 0.0000E+00
 ELAPSED TIME=          2.81 s  REMAINING TIME=         55.04 s
 NC=   19500 T= 4.8750E-01 DT= 2.5000E-05 ERR=  0.0% DM/M= 0.0000E+00
 ELAPSED TIME=          2.82 s  REMAINING TIME=         55.02 s
 NC=   19600 T= 4.9000E-01 DT= 2.5000E-05 ERR= -0.0% DM/M= 0.0000E+00
 ELAPSED TIME=          2.83 s  REMAINING TIME=         54.99 s
 NC=   19700 T= 4.9250E-01 DT= 2.5000E-05 ERR=  0.0% DM/M= 0.0000E+00
 ELAPSED TIME=          2.85 s  REMAINING TIME=         54.97 s
 NC=   19800 T= 4.9500E-01 DT= 2.5000E-05 ERR= -0.0% DM/M= 0.0000E+00
 ELAPSED TIME=          2.86 s  REMAINING TIME=         54.95 s
 NC=   19900 T= 4.9750E-01 DT= 2.5000E-05 ERR=  0.0% DM/M= 0.0000E+00
 ELAPSED TIME=          2.88 s  REMAINING TIME=         54.92 s
 NC=   20000 T= 5.0000E-01 DT= 2.5000E-05 ERR= -0.0% DM/M= 0.0000E+00
 ELAPSED TIME=          2.89 s  REMAINING TIME=         54.90 s
     ANIMATION FILE: A23_w1_REFERENCE_ROTATION_YA003 WRITTEN
 NC=   20100 T= 5.0250E-01 DT= 2.5000E-05 ERR=  0.0% DM/M= 0.0000E+00
 ELAPSED TIME=          2.91 s  REMAINING TIME=         54.93 s
 NC=   20200 T= 5.0500E-01 DT= 2.5000E-05 ERR= -0.0% DM/M= 0.0000E+00
 ELAPSED TIME=          2.92 s  REMAINING TIME=         54.91 s
 NC=   20300 T= 5.0750E-01 DT= 2.5000E-05 ERR=  0.0% DM/M= 0.0000E+00
 ELAPSED TIME=          2.93 s  REMAINING TIME=         54.88 s
 NC=   20400 T= 5.1000E-01 DT= 2.5000E-05 ERR= -0.0% DM/M= 0.0000E+00
 ELAPSED TIME=          2.95 s  REMAINING TIME=         54.86 s
 NC=   20500 T= 5.1250E-01 DT= 2.5000E-05 ERR=  0.0% DM/M= 0.0000E+00
 ELAPSED TIME=          2.96 s  REMAINING TIME=         54.84 s
 NC=   20600 T= 5.1500E-01 DT= 2.5000E-05 ERR= -0.0% DM/M= 0.0000E+00
 ELAPSED TIME=          2.98 s  REMAINING TIME=         54.81 s
 NC=   20700 T= 5.1750E-01 DT= 2.5000E-05 ERR=  0.0% DM/M= 0.0000E+00
 ELAPSED TIME=          2.99 s  REMAINING TIME=         54.79 s
 NC=   20800 T= 5.2000E-01 DT= 2.5000E-05 ERR= -0.0% DM/M= 0.0000E+00
 ELAPSED TIME=          3.00 s  REMAINING TIME=         54.77 s
 NC=   20900 T= 5.2250E-01 DT= 2.5000E-05 ERR=  0.0% DM/M= 0.0000E+00
 ELAPSED TIME=          3.02 s  REMAINING TIME=         54.76 s
 NC=   21000 T= 5.2500E-01 DT= 2.5000E-05 ERR= -0.0% DM/M= 0.0000E+00
 ELAPSED TIME=          3.03 s  REMAINING TIME=         54.74 s
 NC=   21100 T= 5.2750E-01 DT= 2.5000E-05 ERR=  0.0% DM/M= 0.0000E+00
 ELAPSED TIME=          3.05 s  REMAINING TIME=         54.73 s
 NC=   21200 T= 5.3000E-01 DT= 2.5000E-05 ERR= -0.0% DM/M= 0.0000E+00
 ELAPSED TIME=          3.06 s  REMAINING TIME=         54.70 s
 NC=   21300 T= 5.3250E-01 DT= 2.5000E-05 ERR=  0.0% DM/M= 0.0000E+00
 ELAPSED TIME=          3.08 s  REMAINING TIME=         54.68 s
 NC=   21400 T= 5.3500E-01 DT= 2.5000E-05 ERR= -0.0% DM/M= 0.0000E+00
 ELAPSED TIME=          3.09 s  REMAINING TIME=         54.66 s
 NC=   21500 T= 5.3750E-01 DT= 2.5000E-05 ERR=  0.0% DM/M= 0.0000E+00
 ELAPSED TIME=          3.10 s  REMAINING TIME=         54.64 s
 NC=   21600 T= 5.4000E-01 DT= 2.5000E-05 ERR= -0.0% DM/M= 0.0000E+00
 ELAPSED TIME=          3.12 s  REMAINING TIME=         54.62 s
 NC=   21700 T= 5.4250E-01 DT= 2.5000E-05 ERR=  0.0% DM/M= 0.0000E+00
 ELAPSED TIME=          3.13 s  REMAINING TIME=         54.60 s
 NC=   21800 T= 5.4500E-01 DT= 2.5000E-05 ERR= -0.0% DM/M= 0.0000E+00
 ELAPSED TIME=          3.15 s  REMAINING TIME=         54.59 s
 NC=   21900 T= 5.4750E-01 DT= 2.5000E-05 ERR=  0.0% DM/M= 0.0000E+00
 ELAPSED TIME=          3.16 s  REMAINING TIME=         54.57 s
 NC=   22000 T= 5.5000E-01 DT= 2.5000E-05 ERR= -0.0% DM/M= 0.0000E+00
 ELAPSED TIME=          3.18 s  REMAINING TIME=         54.56 s
 NC=   22100 T= 5.5250E-01 DT= 2.5000E-05 ERR= -0.0% DM/M= 0.0000E+00
 ELAPSED TIME=          3.19 s  REMAINING TIME=         54.54 s
 NC=   22200 T= 5.5500E-01 DT= 2.5000E-05 ERR= -0.0% DM/M= 0.0000E+00
 ELAPSED TIME=          3.20 s  REMAINING TIME=         54.52 s
 NC=   22300 T= 5.5750E-01 DT= 2.5000E-05 ERR= -0.0% DM/M= 0.0000E+00
 ELAPSED TIME=          3.22 s  REMAINING TIME=         54.51 s
 NC=   22400 T= 5.6000E-01 DT= 2.5000E-05 ERR= -0.0% DM/M= 0.0000E+00
 ELAPSED TIME=          3.23 s  REMAINING TIME=         54.49 s
 NC=   22500 T= 5.6250E-01 DT= 2.5000E-05 ERR= -0.0% DM/M= 0.0000E+00
 ELAPSED TIME=          3.25 s  REMAINING TIME=         54.47 s
 NC=   22600 T= 5.6500E-01 DT= 2.5000E-05 ERR= -0.0% DM/M= 0.0000E+00
 ELAPSED TIME=          3.26 s  REMAINING TIME=         54.45 s
 NC=   22700 T= 5.6750E-01 DT= 2.5000E-05 ERR=  0.0% DM/M= 0.0000E+00
 ELAPSED TIME=          3.27 s  REMAINING TIME=         54.43 s
 NC=   22800 T= 5.7000E-01 DT= 2.5000E-05 ERR= -0.0% DM/M= 0.0000E+00
 ELAPSED TIME=          3.29 s  REMAINING TIME=         54.41 s
 NC=   22900 T= 5.7250E-01 DT= 2.5000E-05 ERR= -0.0% DM/M= 0.0000E+00
 ELAPSED TIME=          3.30 s  REMAINING TIME=         54.39 s
 NC=   23000 T= 5.7500E-01 DT= 2.5000E-05 ERR= -0.0% DM/M= 0.0000E+00
 ELAPSED TIME=          3.32 s  REMAINING TIME=         54.37 s
 NC=   23100 T= 5.7750E-01 DT= 2.5000E-05 ERR= -0.0% DM/M= 0.0000E+00
 ELAPSED TIME=          3.33 s  REMAINING TIME=         54.37 s
 NC=   23200 T= 5.8000E-01 DT= 2.5000E-05 ERR= -0.0% DM/M= 0.0000E+00
 ELAPSED TIME=          3.35 s  REMAINING TIME=         54.36 s
 NC=   23300 T= 5.8250E-01 DT= 2.5000E-05 ERR= -0.0% DM/M= 0.0000E+00
 ELAPSED TIME=          3.36 s  REMAINING TIME=         54.34 s
 NC=   23400 T= 5.8500E-01 DT= 2.5000E-05 ERR= -0.0% DM/M= 0.0000E+00
 ELAPSED TIME=          3.38 s  REMAINING TIME=         54.32 s
 NC=   23500 T= 5.8750E-01 DT= 2.5000E-05 ERR= -0.0% DM/M= 0.0000E+00
 ELAPSED TIME=          3.39 s  REMAINING TIME=         54.30 s
 NC=   23600 T= 5.9000E-01 DT= 2.5000E-05 ERR= -0.0% DM/M= 0.0000E+00
 ELAPSED TIME=          3.40 s  REMAINING TIME=         54.29 s
 NC=   23700 T= 5.9250E-01 DT= 2.5000E-05 ERR= -0.0% DM/M= 0.0000E+00
 ELAPSED TIME=          3.42 s  REMAINING TIME=         54.27 s
 NC=   23800 T= 5.9500E-01 DT= 2.5000E-05 ERR= -0.0% DM/M= 0.0000E+00
 ELAPSED TIME=          3.43 s  REMAINING TIME=         54.25 s
 NC=   23900 T= 5.9750E-01 DT= 2.5000E-05 ERR= -0.0% DM/M= 0.0000E+00
 ELAPSED TIME=          3.45 s  REMAINING TIME=         54.23 s
 NC=   24000 T= 6.0000E-01 DT= 2.5000E-05 ERR= -0.0% DM/M= 0.0000E+00
 ELAPSED TIME=          3.46 s  REMAINING TIME=         54.21 s
 NC=   24100 T= 6.0250E-01 DT= 2.5000E-05 ERR= -0.0% DM/M= 0.0000E+00
 ELAPSED TIME=          3.47 s  REMAINING TIME=         54.19 s
 NC=   24200 T= 6.0500E-01 DT= 2.5000E-05 ERR= -0.0% DM/M= 0.0000E+00
 ELAPSED TIME=          3.49 s  REMAINING TIME=         54.17 s
 NC=   24300 T= 6.0750E-01 DT= 2.5000E-05 ERR= -0.0% DM/M= 0.0000E+00
 ELAPSED TIME=          3.50 s  REMAINING TIME=         54.16 s
 NC=   24400 T= 6.1000E-01 DT= 2.5000E-05 ERR= -0.0% DM/M= 0.0000E+00
 ELAPSED TIME=          3.52 s  REMAINING TIME=         54.14 s
 NC=   24500 T= 6.1250E-01 DT= 2.5000E-05 ERR=  0.0% DM/M= 0.0000E+00
 ELAPSED TIME=          3.53 s  REMAINING TIME=         54.12 s
 NC=   24600 T= 6.1500E-01 DT= 2.5000E-05 ERR= -0.0% DM/M= 0.0000E+00
 ELAPSED TIME=          3.55 s  REMAINING TIME=         54.10 s
 NC=   24700 T= 6.1750E-01 DT= 2.5000E-05 ERR=  0.0% DM/M= 0.0000E+00
 ELAPSED TIME=          3.56 s  REMAINING TIME=         54.08 s
 NC=   24800 T= 6.2000E-01 DT= 2.5000E-05 ERR= -0.0% DM/M= 0.0000E+00
 ELAPSED TIME=          3.57 s  REMAINING TIME=         54.07 s
 NC=   24900 T= 6.2250E-01 DT= 2.5000E-05 ERR=  0.0% DM/M= 0.0000E+00
 ELAPSED TIME=          3.59 s  REMAINING TIME=         54.05 s
 NC=   25000 T= 6.2500E-01 DT= 2.5000E-05 ERR= -0.0% DM/M= 0.0000E+00
 ELAPSED TIME=          3.60 s  REMAINING TIME=         54.03 s
 NC=   25100 T= 6.2750E-01 DT= 2.5000E-05 ERR=  0.0% DM/M= 0.0000E+00
 ELAPSED TIME=          3.62 s  REMAINING TIME=         54.01 s
 NC=   25200 T= 6.3000E-01 DT= 2.5000E-05 ERR= -0.0% DM/M= 0.0000E+00
 ELAPSED TIME=          3.63 s  REMAINING TIME=         54.00 s
 NC=   25300 T= 6.3250E-01 DT= 2.5000E-05 ERR= -0.0% DM/M= 0.0000E+00
 ELAPSED TIME=          3.64 s  REMAINING TIME=         53.98 s
 NC=   25400 T= 6.3500E-01 DT= 2.5000E-05 ERR= -0.0% DM/M= 0.0000E+00
 ELAPSED TIME=          3.66 s  REMAINING TIME=         53.96 s
 NC=   25500 T= 6.3750E-01 DT= 2.5000E-05 ERR=  0.0% DM/M= 0.0000E+00
 ELAPSED TIME=          3.67 s  REMAINING TIME=         53.94 s
 NC=   25600 T= 6.4000E-01 DT= 2.5000E-05 ERR= -0.0% DM/M= 0.0000E+00
 ELAPSED TIME=          3.69 s  REMAINING TIME=         53.92 s
 NC=   25700 T= 6.4250E-01 DT= 2.5000E-05 ERR=  0.0% DM/M= 0.0000E+00
 ELAPSED TIME=          3.70 s  REMAINING TIME=         53.91 s
 NC=   25800 T= 6.4500E-01 DT= 2.5000E-05 ERR= -0.0% DM/M= 0.0000E+00
 ELAPSED TIME=          3.72 s  REMAINING TIME=         53.89 s
 NC=   25900 T= 6.4750E-01 DT= 2.5000E-05 ERR=  0.0% DM/M= 0.0000E+00
 ELAPSED TIME=          3.73 s  REMAINING TIME=         53.87 s
 NC=   26000 T= 6.5000E-01 DT= 2.5000E-05 ERR= -0.0% DM/M= 0.0000E+00
 ELAPSED TIME=          3.74 s  REMAINING TIME=         53.85 s
 NC=   26100 T= 6.5250E-01 DT= 2.5000E-05 ERR=  0.0% DM/M= 0.0000E+00
 ELAPSED TIME=          3.76 s  REMAINING TIME=         53.83 s
 NC=   26200 T= 6.5500E-01 DT= 2.5000E-05 ERR= -0.0% DM/M= 0.0000E+00
 ELAPSED TIME=          3.77 s  REMAINING TIME=         53.81 s
 NC=   26300 T= 6.5750E-01 DT= 2.5000E-05 ERR=  0.0% DM/M= 0.0000E+00
 ELAPSED TIME=          3.79 s  REMAINING TIME=         53.79 s
 NC=   26400 T= 6.6000E-01 DT= 2.5000E-05 ERR= -0.0% DM/M= 0.0000E+00
 ELAPSED TIME=          3.80 s  REMAINING TIME=         53.77 s
 NC=   26500 T= 6.6250E-01 DT= 2.5000E-05 ERR=  0.0% DM/M= 0.0000E+00
 ELAPSED TIME=          3.81 s  REMAINING TIME=         53.76 s
 NC=   26600 T= 6.6500E-01 DT= 2.5000E-05 ERR= -0.0% DM/M= 0.0000E+00
 ELAPSED TIME=          3.83 s  REMAINING TIME=         53.74 s
 NC=   26700 T= 6.6750E-01 DT= 2.5000E-05 ERR=  0.0% DM/M= 0.0000E+00
 ELAPSED TIME=          3.84 s  REMAINING TIME=         53.72 s
 NC=   26800 T= 6.7000E-01 DT= 2.5000E-05 ERR= -0.0% DM/M= 0.0000E+00
 ELAPSED TIME=          3.86 s  REMAINING TIME=         53.70 s
 NC=   26900 T= 6.7250E-01 DT= 2.5000E-05 ERR=  0.0% DM/M= 0.0000E+00
 ELAPSED TIME=          3.87 s  REMAINING TIME=         53.68 s
 NC=   27000 T= 6.7500E-01 DT= 2.5000E-05 ERR= -0.0% DM/M= 0.0000E+00
 ELAPSED TIME=          3.88 s  REMAINING TIME=         53.66 s
 NC=   27100 T= 6.7750E-01 DT= 2.5000E-05 ERR=  0.0% DM/M= 0.0000E+00
 ELAPSED TIME=          3.90 s  REMAINING TIME=         53.64 s
 NC=   27200 T= 6.8000E-01 DT= 2.5000E-05 ERR= -0.0% DM/M= 0.0000E+00
 ELAPSED TIME=          3.91 s  REMAINING TIME=         53.62 s
 NC=   27300 T= 6.8250E-01 DT= 2.5000E-05 ERR=  0.0% DM/M= 0.0000E+00
 ELAPSED TIME=          3.93 s  REMAINING TIME=         53.61 s
 NC=   27400 T= 6.8500E-01 DT= 2.5000E-05 ERR= -0.0% DM/M= 0.0000E+00
 ELAPSED TIME=          3.94 s  REMAINING TIME=         53.59 s
 NC=   27500 T= 6.8750E-01 DT= 2.5000E-05 ERR=  0.0% DM/M= 0.0000E+00
 ELAPSED TIME=          3.96 s  REMAINING TIME=         53.60 s
 NC=   27600 T= 6.9000E-01 DT= 2.5000E-05 ERR= -0.0% DM/M= 0.0000E+00
 ELAPSED TIME=          3.97 s  REMAINING TIME=         53.58 s
 NC=   27700 T= 6.9250E-01 DT= 2.5000E-05 ERR=  0.0% DM/M= 0.0000E+00
 ELAPSED TIME=          3.99 s  REMAINING TIME=         53.57 s
 NC=   27800 T= 6.9500E-01 DT= 2.5000E-05 ERR= -0.0% DM/M= 0.0000E+00
 ELAPSED TIME=          4.00 s  REMAINING TIME=         53.56 s
 NC=   27900 T= 6.9750E-01 DT= 2.5000E-05 ERR=  0.0% DM/M= 0.0000E+00
 ELAPSED TIME=          4.01 s  REMAINING TIME=         53.54 s
 NC=   28000 T= 7.0000E-01 DT= 2.5000E-05 ERR= -0.0% DM/M= 0.0000E+00
 ELAPSED TIME=          4.03 s  REMAINING TIME=         53.52 s
 NC=   28100 T= 7.0250E-01 DT= 2.5000E-05 ERR=  0.0% DM/M= 0.0000E+00
 ELAPSED TIME=          4.04 s  REMAINING TIME=         53.50 s
 NC=   28200 T= 7.0500E-01 DT= 2.5000E-05 ERR= -0.0% DM/M= 0.0000E+00
 ELAPSED TIME=          4.06 s  REMAINING TIME=         53.48 s
 NC=   28300 T= 7.0750E-01 DT= 2.5000E-05 ERR=  0.0% DM/M= 0.0000E+00
 ELAPSED TIME=          4.07 s  REMAINING TIME=         53.47 s
 NC=   28400 T= 7.1000E-01 DT= 2.5000E-05 ERR= -0.0% DM/M= 0.0000E+00
 ELAPSED TIME=          4.08 s  REMAINING TIME=         53.45 s
 NC=   28500 T= 7.1250E-01 DT= 2.5000E-05 ERR=  0.0% DM/M= 0.0000E+00
 ELAPSED TIME=          4.10 s  REMAINING TIME=         53.43 s
 NC=   28600 T= 7.1500E-01 DT= 2.5000E-05 ERR= -0.0% DM/M= 0.0000E+00
 ELAPSED TIME=          4.11 s  REMAINING TIME=         53.41 s
 NC=   28700 T= 7.1750E-01 DT= 2.5000E-05 ERR=  0.0% DM/M= 0.0000E+00
 ELAPSED TIME=          4.13 s  REMAINING TIME=         53.40 s
 NC=   28800 T= 7.2000E-01 DT= 2.5000E-05 ERR= -0.0% DM/M= 0.0000E+00
 ELAPSED TIME=          4.14 s  REMAINING TIME=         53.38 s
 NC=   28900 T= 7.2250E-01 DT= 2.5000E-05 ERR=  0.0% DM/M= 0.0000E+00
 ELAPSED TIME=          4.16 s  REMAINING TIME=         53.36 s
 NC=   29000 T= 7.2500E-01 DT= 2.5000E-05 ERR= -0.0% DM/M= 0.0000E+00
 ELAPSED TIME=          4.17 s  REMAINING TIME=         53.34 s
 NC=   29100 T= 7.2750E-01 DT= 2.5000E-05 ERR=  0.0% DM/M= 0.0000E+00
 ELAPSED TIME=          4.18 s  REMAINING TIME=         53.33 s
 NC=   29200 T= 7.3000E-01 DT= 2.5000E-05 ERR= -0.0% DM/M= 0.0000E+00
 ELAPSED TIME=          4.20 s  REMAINING TIME=         53.31 s
 NC=   29300 T= 7.3250E-01 DT= 2.5000E-05 ERR=  0.0% DM/M= 0.0000E+00
 ELAPSED TIME=          4.21 s  REMAINING TIME=         53.29 s
 NC=   29400 T= 7.3500E-01 DT= 2.5000E-05 ERR= -0.0% DM/M= 0.0000E+00
 ELAPSED TIME=          4.23 s  REMAINING TIME=         53.27 s
 NC=   29500 T= 7.3750E-01 DT= 2.5000E-05 ERR=  0.0% DM/M= 0.0000E+00
 ELAPSED TIME=          4.24 s  REMAINING TIME=         53.26 s
 NC=   29600 T= 7.4000E-01 DT= 2.5000E-05 ERR= -0.0% DM/M= 0.0000E+00
 ELAPSED TIME=          4.25 s  REMAINING TIME=         53.24 s
 NC=   29700 T= 7.4250E-01 DT= 2.5000E-05 ERR=  0.0% DM/M= 0.0000E+00
 ELAPSED TIME=          4.27 s  REMAINING TIME=         53.22 s
 NC=   29800 T= 7.4500E-01 DT= 2.5000E-05 ERR= -0.0% DM/M= 0.0000E+00
 ELAPSED TIME=          4.28 s  REMAINING TIME=         53.20 s
 NC=   29900 T= 7.4750E-01 DT= 2.5000E-05 ERR=  0.0% DM/M= 0.0000E+00
 ELAPSED TIME=          4.30 s  REMAINING TIME=         53.19 s
 NC=   30000 T= 7.5000E-01 DT= 2.5000E-05 ERR= -0.0% DM/M= 0.0000E+00
 ELAPSED TIME=          4.31 s  REMAINING TIME=         53.18 s
     ANIMATION FILE: A23_w1_REFERENCE_ROTATION_YA004 WRITTEN
 NC=   30100 T= 7.5250E-01 DT= 2.5000E-05 ERR=  0.0% DM/M= 0.0000E+00
 ELAPSED TIME=          4.33 s  REMAINING TIME=         53.17 s
 NC=   30200 T= 7.5500E-01 DT= 2.5000E-05 ERR= -0.0% DM/M= 0.0000E+00
 ELAPSED TIME=          4.34 s  REMAINING TIME=         53.16 s
 NC=   30300 T= 7.5750E-01 DT= 2.5000E-05 ERR=  0.0% DM/M= 0.0000E+00
 ELAPSED TIME=          4.36 s  REMAINING TIME=         53.14 s
 NC=   30400 T= 7.6000E-01 DT= 2.5000E-05 ERR= -0.0% DM/M= 0.0000E+00
 ELAPSED TIME=          4.37 s  REMAINING TIME=         53.12 s
 NC=   30500 T= 7.6250E-01 DT= 2.5000E-05 ERR=  0.0% DM/M= 0.0000E+00
 ELAPSED TIME=          4.38 s  REMAINING TIME=         53.11 s
 NC=   30600 T= 7.6500E-01 DT= 2.5000E-05 ERR= -0.0% DM/M= 0.0000E+00
 ELAPSED TIME=          4.40 s  REMAINING TIME=         53.09 s
 NC=   30700 T= 7.6750E-01 DT= 2.5000E-05 ERR=  0.0% DM/M= 0.0000E+00
 ELAPSED TIME=          4.41 s  REMAINING TIME=         53.07 s
 NC=   30800 T= 7.7000E-01 DT= 2.5000E-05 ERR= -0.0% DM/M= 0.0000E+00
 ELAPSED TIME=          4.43 s  REMAINING TIME=         53.05 s
 NC=   30900 T= 7.7250E-01 DT= 2.5000E-05 ERR=  0.0% DM/M= 0.0000E+00
 ELAPSED TIME=          4.44 s  REMAINING TIME=         53.04 s
 NC=   31000 T= 7.7500E-01 DT= 2.5000E-05 ERR= -0.0% DM/M= 0.0000E+00
 ELAPSED TIME=          4.45 s  REMAINING TIME=         53.02 s
 NC=   31100 T= 7.7750E-01 DT= 2.5000E-05 ERR=  0.0% DM/M= 0.0000E+00
 ELAPSED TIME=          4.47 s  REMAINING TIME=         53.01 s
 NC=   31200 T= 7.8000E-01 DT= 2.5000E-05 ERR= -0.0% DM/M= 0.0000E+00
 ELAPSED TIME=          4.48 s  REMAINING TIME=         52.99 s
 NC=   31300 T= 7.8250E-01 DT= 2.5000E-05 ERR=  0.0% DM/M= 0.0000E+00
 ELAPSED TIME=          4.50 s  REMAINING TIME=         52.97 s
 NC=   31400 T= 7.8500E-01 DT= 2.5000E-05 ERR= -0.0% DM/M= 0.0000E+00
 ELAPSED TIME=          4.51 s  REMAINING TIME=         52.95 s
 NC=   31500 T= 7.8750E-01 DT= 2.5000E-05 ERR=  0.0% DM/M= 0.0000E+00
 ELAPSED TIME=          4.53 s  REMAINING TIME=         52.94 s
 NC=   31600 T= 7.9000E-01 DT= 2.5000E-05 ERR= -0.0% DM/M= 0.0000E+00
 ELAPSED TIME=          4.54 s  REMAINING TIME=         52.92 s
 NC=   31700 T= 7.9250E-01 DT= 2.5000E-05 ERR=  0.0% DM/M= 0.0000E+00
 ELAPSED TIME=          4.55 s  REMAINING TIME=         52.90 s
 NC=   31800 T= 7.9500E-01 DT= 2.5000E-05 ERR= -0.0% DM/M= 0.0000E+00
 ELAPSED TIME=          4.57 s  REMAINING TIME=         52.89 s
 NC=   31900 T= 7.9750E-01 DT= 2.5000E-05 ERR=  0.0% DM/M= 0.0000E+00
 ELAPSED TIME=          4.58 s  REMAINING TIME=         52.87 s
 NC=   32000 T= 8.0000E-01 DT= 2.5000E-05 ERR= -0.0% DM/M= 0.0000E+00
 ELAPSED TIME=          4.60 s  REMAINING TIME=         52.86 s
 NC=   32100 T= 8.0250E-01 DT= 2.5000E-05 ERR=  0.0% DM/M= 0.0000E+00
 ELAPSED TIME=          4.61 s  REMAINING TIME=         52.85 s
 NC=   32200 T= 8.0500E-01 DT= 2.5000E-05 ERR= -0.0% DM/M= 0.0000E+00
 ELAPSED TIME=          4.63 s  REMAINING TIME=         52.83 s
 NC=   32300 T= 8.0750E-01 DT= 2.5000E-05 ERR=  0.0% DM/M= 0.0000E+00
 ELAPSED TIME=          4.64 s  REMAINING TIME=         52.81 s
 NC=   32400 T= 8.1000E-01 DT= 2.5000E-05 ERR= -0.0% DM/M= 0.0000E+00
 ELAPSED TIME=          4.65 s  REMAINING TIME=         52.80 s
 NC=   32500 T= 8.1250E-01 DT= 2.5000E-05 ERR=  0.0% DM/M= 0.0000E+00
 ELAPSED TIME=          4.67 s  REMAINING TIME=         52.78 s
 NC=   32600 T= 8.1500E-01 DT= 2.5000E-05 ERR= -0.0% DM/M= 0.0000E+00
 ELAPSED TIME=          4.68 s  REMAINING TIME=         52.76 s
 NC=   32700 T= 8.1750E-01 DT= 2.5000E-05 ERR=  0.0% DM/M= 0.0000E+00
 ELAPSED TIME=          4.70 s  REMAINING TIME=         52.75 s
 NC=   32800 T= 8.2000E-01 DT= 2.5000E-05 ERR= -0.0% DM/M= 0.0000E+00
 ELAPSED TIME=          4.71 s  REMAINING TIME=         52.73 s
 NC=   32900 T= 8.2250E-01 DT= 2.5000E-05 ERR=  0.0% DM/M= 0.0000E+00
 ELAPSED TIME=          4.72 s  REMAINING TIME=         52.71 s
 NC=   33000 T= 8.2500E-01 DT= 2.5000E-05 ERR= -0.0% DM/M= 0.0000E+00
 ELAPSED TIME=          4.74 s  REMAINING TIME=         52.70 s
 NC=   33100 T= 8.2750E-01 DT= 2.5000E-05 ERR=  0.0% DM/M= 0.0000E+00
 ELAPSED TIME=          4.75 s  REMAINING TIME=         52.69 s
 NC=   33200 T= 8.3000E-01 DT= 2.5000E-05 ERR= -0.0% DM/M= 0.0000E+00
 ELAPSED TIME=          4.77 s  REMAINING TIME=         52.67 s
 NC=   33300 T= 8.3250E-01 DT= 2.5000E-05 ERR=  0.0% DM/M= 0.0000E+00
 ELAPSED TIME=          4.78 s  REMAINING TIME=         52.65 s
 NC=   33400 T= 8.3500E-01 DT= 2.5000E-05 ERR= -0.0% DM/M= 0.0000E+00
 ELAPSED TIME=          4.80 s  REMAINING TIME=         52.64 s
 NC=   33500 T= 8.3750E-01 DT= 2.5000E-05 ERR=  0.0% DM/M= 0.0000E+00
 ELAPSED TIME=          4.81 s  REMAINING TIME=         52.62 s
 NC=   33600 T= 8.4000E-01 DT= 2.5000E-05 ERR= -0.0% DM/M= 0.0000E+00
 ELAPSED TIME=          4.82 s  REMAINING TIME=         52.60 s
 NC=   33700 T= 8.4250E-01 DT= 2.5000E-05 ERR=  0.0% DM/M= 0.0000E+00
 ELAPSED TIME=          4.84 s  REMAINING TIME=         52.58 s
 NC=   33800 T= 8.4500E-01 DT= 2.5000E-05 ERR= -0.0% DM/M= 0.0000E+00
 ELAPSED TIME=          4.85 s  REMAINING TIME=         52.57 s
 NC=   33900 T= 8.4750E-01 DT= 2.5000E-05 ERR=  0.0% DM/M= 0.0000E+00
 ELAPSED TIME=          4.87 s  REMAINING TIME=         52.55 s
 NC=   34000 T= 8.5000E-01 DT= 2.5000E-05 ERR= -0.0% DM/M= 0.0000E+00
 ELAPSED TIME=          4.88 s  REMAINING TIME=         52.53 s
 NC=   34100 T= 8.5250E-01 DT= 2.5000E-05 ERR=  0.0% DM/M= 0.0000E+00
 ELAPSED TIME=          4.89 s  REMAINING TIME=         52.52 s
 NC=   34200 T= 8.5500E-01 DT= 2.5000E-05 ERR= -0.0% DM/M= 0.0000E+00
 ELAPSED TIME=          4.91 s  REMAINING TIME=         52.51 s
 NC=   34300 T= 8.5750E-01 DT= 2.5000E-05 ERR=  0.0% DM/M= 0.0000E+00
 ELAPSED TIME=          4.92 s  REMAINING TIME=         52.49 s
 NC=   34400 T= 8.6000E-01 DT= 2.5000E-05 ERR= -0.0% DM/M= 0.0000E+00
 ELAPSED TIME=          4.94 s  REMAINING TIME=         52.47 s
 NC=   34500 T= 8.6250E-01 DT= 2.5000E-05 ERR=  0.0% DM/M= 0.0000E+00
 ELAPSED TIME=          4.95 s  REMAINING TIME=         52.46 s
 NC=   34600 T= 8.6500E-01 DT= 2.5000E-05 ERR= -0.0% DM/M= 0.0000E+00
 ELAPSED TIME=          4.97 s  REMAINING TIME=         52.46 s
 NC=   34700 T= 8.6750E-01 DT= 2.5000E-05 ERR=  0.0% DM/M= 0.0000E+00
 ELAPSED TIME=          4.98 s  REMAINING TIME=         52.44 s
 NC=   34800 T= 8.7000E-01 DT= 2.5000E-05 ERR= -0.0% DM/M= 0.0000E+00
 ELAPSED TIME=          5.00 s  REMAINING TIME=         52.43 s
 NC=   34900 T= 8.7250E-01 DT= 2.5000E-05 ERR=  0.0% DM/M= 0.0000E+00
 ELAPSED TIME=          5.01 s  REMAINING TIME=         52.41 s
 NC=   35000 T= 8.7500E-01 DT= 2.5000E-05 ERR= -0.0% DM/M= 0.0000E+00
 ELAPSED TIME=          5.02 s  REMAINING TIME=         52.40 s
 NC=   35100 T= 8.7750E-01 DT= 2.5000E-05 ERR=  0.0% DM/M= 0.0000E+00
 ELAPSED TIME=          5.04 s  REMAINING TIME=         52.38 s
 NC=   35200 T= 8.8000E-01 DT= 2.5000E-05 ERR= -0.0% DM/M= 0.0000E+00
 ELAPSED TIME=          5.05 s  REMAINING TIME=         52.36 s
 NC=   35300 T= 8.8250E-01 DT= 2.5000E-05 ERR=  0.0% DM/M= 0.0000E+00
 ELAPSED TIME=          5.07 s  REMAINING TIME=         52.35 s
 NC=   35400 T= 8.8500E-01 DT= 2.5000E-05 ERR= -0.0% DM/M= 0.0000E+00
 ELAPSED TIME=          5.08 s  REMAINING TIME=         52.33 s
 NC=   35500 T= 8.8750E-01 DT= 2.5000E-05 ERR=  0.0% DM/M= 0.0000E+00
 ELAPSED TIME=          5.10 s  REMAINING TIME=         52.32 s
 NC=   35600 T= 8.9000E-01 DT= 2.5000E-05 ERR= -0.0% DM/M= 0.0000E+00
 ELAPSED TIME=          5.11 s  REMAINING TIME=         52.30 s
 NC=   35700 T= 8.9250E-01 DT= 2.5000E-05 ERR=  0.0% DM/M= 0.0000E+00
 ELAPSED TIME=          5.12 s  REMAINING TIME=         52.28 s
 NC=   35800 T= 8.9500E-01 DT= 2.5000E-05 ERR= -0.0% DM/M= 0.0000E+00
 ELAPSED TIME=          5.14 s  REMAINING TIME=         52.27 s
 NC=   35900 T= 8.9750E-01 DT= 2.5000E-05 ERR=  0.0% DM/M= 0.0000E+00
 ELAPSED TIME=          5.15 s  REMAINING TIME=         52.25 s
 NC=   36000 T= 9.0000E-01 DT= 2.5000E-05 ERR= -0.0% DM/M= 0.0000E+00
 ELAPSED TIME=          5.17 s  REMAINING TIME=         52.23 s
 NC=   36100 T= 9.0250E-01 DT= 2.5000E-05 ERR=  0.0% DM/M= 0.0000E+00
 ELAPSED TIME=          5.18 s  REMAINING TIME=         52.22 s
 NC=   36200 T= 9.0500E-01 DT= 2.5000E-05 ERR= -0.0% DM/M= 0.0000E+00
 ELAPSED TIME=          5.19 s  REMAINING TIME=         52.20 s
 NC=   36300 T= 9.0750E-01 DT= 2.5000E-05 ERR=  0.0% DM/M= 0.0000E+00
 ELAPSED TIME=          5.21 s  REMAINING TIME=         52.18 s
 NC=   36400 T= 9.1000E-01 DT= 2.5000E-05 ERR= -0.0% DM/M= 0.0000E+00
 ELAPSED TIME=          5.22 s  REMAINING TIME=         52.17 s
 NC=   36500 T= 9.1250E-01 DT= 2.5000E-05 ERR=  0.0% DM/M= 0.0000E+00
 ELAPSED TIME=          5.24 s  REMAINING TIME=         52.15 s
 NC=   36600 T= 9.1500E-01 DT= 2.5000E-05 ERR= -0.0% DM/M= 0.0000E+00
 ELAPSED TIME=          5.25 s  REMAINING TIME=         52.14 s
 NC=   36700 T= 9.1750E-01 DT= 2.5000E-05 ERR=  0.0% DM/M= 0.0000E+00
 ELAPSED TIME=          5.26 s  REMAINING TIME=         52.12 s
 NC=   36800 T= 9.2000E-01 DT= 2.5000E-05 ERR= -0.0% DM/M= 0.0000E+00
 ELAPSED TIME=          5.28 s  REMAINING TIME=         52.10 s
 NC=   36900 T= 9.2250E-01 DT= 2.5000E-05 ERR=  0.0% DM/M= 0.0000E+00
 ELAPSED TIME=          5.29 s  REMAINING TIME=         52.09 s
 NC=   37000 T= 9.2500E-01 DT= 2.5000E-05 ERR= -0.0% DM/M= 0.0000E+00
 ELAPSED TIME=          5.31 s  REMAINING TIME=         52.07 s
 NC=   37100 T= 9.2750E-01 DT= 2.5000E-05 ERR=  0.0% DM/M= 0.0000E+00
 ELAPSED TIME=          5.32 s  REMAINING TIME=         52.05 s
 NC=   37200 T= 9.3000E-01 DT= 2.5000E-05 ERR= -0.0% DM/M= 0.0000E+00
 ELAPSED TIME=          5.34 s  REMAINING TIME=         52.04 s
 NC=   37300 T= 9.3250E-01 DT= 2.5000E-05 ERR=  0.0% DM/M= 0.0000E+00
 ELAPSED TIME=          5.35 s  REMAINING TIME=         52.02 s
 NC=   37400 T= 9.3500E-01 DT= 2.5000E-05 ERR= -0.0% DM/M= 0.0000E+00
 ELAPSED TIME=          5.36 s  REMAINING TIME=         52.00 s
 NC=   37500 T= 9.3750E-01 DT= 2.5000E-05 ERR=  0.0% DM/M= 0.0000E+00
 ELAPSED TIME=          5.38 s  REMAINING TIME=         51.99 s
 NC=   37600 T= 9.4000E-01 DT= 2.5000E-05 ERR= -0.0% DM/M= 0.0000E+00
 ELAPSED TIME=          5.39 s  REMAINING TIME=         51.98 s
 NC=   37700 T= 9.4250E-01 DT= 2.5000E-05 ERR=  0.0% DM/M= 0.0000E+00
 ELAPSED TIME=          5.41 s  REMAINING TIME=         51.96 s
 NC=   37800 T= 9.4500E-01 DT= 2.5000E-05 ERR= -0.0% DM/M= 0.0000E+00
 ELAPSED TIME=          5.42 s  REMAINING TIME=         51.95 s
 NC=   37900 T= 9.4750E-01 DT= 2.5000E-05 ERR=  0.0% DM/M= 0.0000E+00
 ELAPSED TIME=          5.44 s  REMAINING TIME=         51.93 s
 NC=   38000 T= 9.5000E-01 DT= 2.5000E-05 ERR= -0.0% DM/M= 0.0000E+00
 ELAPSED TIME=          5.45 s  REMAINING TIME=         51.91 s
 NC=   38100 T= 9.5250E-01 DT= 2.5000E-05 ERR=  0.0% DM/M= 0.0000E+00
 ELAPSED TIME=          5.46 s  REMAINING TIME=         51.90 s
 NC=   38200 T= 9.5500E-01 DT= 2.5000E-05 ERR= -0.0% DM/M= 0.0000E+00
 ELAPSED TIME=          5.48 s  REMAINING TIME=         51.88 s
 NC=   38300 T= 9.5750E-01 DT= 2.5000E-05 ERR=  0.0% DM/M= 0.0000E+00
 ELAPSED TIME=          5.49 s  REMAINING TIME=         51.86 s
 NC=   38400 T= 9.6000E-01 DT= 2.5000E-05 ERR= -0.0% DM/M= 0.0000E+00
 ELAPSED TIME=          5.51 s  REMAINING TIME=         51.85 s
 NC=   38500 T= 9.6250E-01 DT= 2.5000E-05 ERR=  0.0% DM/M= 0.0000E+00
 ELAPSED TIME=          5.52 s  REMAINING TIME=         51.83 s
 NC=   38600 T= 9.6500E-01 DT= 2.5000E-05 ERR= -0.0% DM/M= 0.0000E+00
 ELAPSED TIME=          5.53 s  REMAINING TIME=         51.81 s
 NC=   38700 T= 9.6750E-01 DT= 2.5000E-05 ERR=  0.0% DM/M= 0.0000E+00
 ELAPSED TIME=          5.55 s  REMAINING TIME=         51.80 s
 NC=   38800 T= 9.7000E-01 DT= 2.5000E-05 ERR= -0.0% DM/M= 0.0000E+00
 ELAPSED TIME=          5.56 s  REMAINING TIME=         51.79 s
 NC=   38900 T= 9.7250E-01 DT= 2.5000E-05 ERR=  0.0% DM/M= 0.0000E+00
 ELAPSED TIME=          5.58 s  REMAINING TIME=         51.77 s
 NC=   39000 T= 9.7500E-01 DT= 2.5000E-05 ERR= -0.0% DM/M= 0.0000E+00
 ELAPSED TIME=          5.59 s  REMAINING TIME=         51.75 s
 NC=   39100 T= 9.7750E-01 DT= 2.5000E-05 ERR=  0.0% DM/M= 0.0000E+00
 ELAPSED TIME=          5.61 s  REMAINING TIME=         51.75 s
 NC=   39200 T= 9.8000E-01 DT= 2.5000E-05 ERR= -0.0% DM/M= 0.0000E+00
 ELAPSED TIME=          5.62 s  REMAINING TIME=         51.74 s
 NC=   39300 T= 9.8250E-01 DT= 2.5000E-05 ERR=  0.0% DM/M= 0.0000E+00
 ELAPSED TIME=          5.64 s  REMAINING TIME=         51.73 s
 NC=   39400 T= 9.8500E-01 DT= 2.5000E-05 ERR= -0.0% DM/M= 0.0000E+00
 ELAPSED TIME=          5.65 s  REMAINING TIME=         51.71 s
 NC=   39500 T= 9.8750E-01 DT= 2.5000E-05 ERR=  0.0% DM/M= 0.0000E+00
 ELAPSED TIME=          5.66 s  REMAINING TIME=         51.69 s
 NC=   39600 T= 9.9000E-01 DT= 2.5000E-05 ERR= -0.0% DM/M= 0.0000E+00
 ELAPSED TIME=          5.68 s  REMAINING TIME=         51.68 s
 NC=   39700 T= 9.9250E-01 DT= 2.5000E-05 ERR=  0.0% DM/M= 0.0000E+00
 ELAPSED TIME=          5.69 s  REMAINING TIME=         51.66 s
 NC=   39800 T= 9.9500E-01 DT= 2.5000E-05 ERR= -0.0% DM/M= 0.0000E+00
 ELAPSED TIME=          5.71 s  REMAINING TIME=         51.65 s
 NC=   39900 T= 9.9750E-01 DT= 2.5000E-05 ERR=  0.0% DM/M= 0.0000E+00
 ELAPSED TIME=          5.72 s  REMAINING TIME=         51.64 s
 NC=   40000 T= 1.0000E+00 DT= 2.5000E-05 ERR= -0.0% DM/M= 0.0000E+00
 ELAPSED TIME=          5.74 s  REMAINING TIME=         51.62 s
     ANIMATION FILE: A23_w1_REFERENCE_ROTATION_YA005 WRITTEN
 NC=   40100 T= 1.0025E+00 DT= 2.5000E-05 ERR=  0.0% DM/M= 0.0000E+00
 ELAPSED TIME=          5.75 s  REMAINING TIME=         51.63 s
 NC=   40200 T= 1.0050E+00 DT= 2.5000E-05 ERR= -0.0% DM/M= 0.0000E+00
 ELAPSED TIME=          5.77 s  REMAINING TIME=         51.61 s
 NC=   40300 T= 1.0075E+00 DT= 2.5000E-05 ERR=  0.0% DM/M= 0.0000E+00
 ELAPSED TIME=          5.78 s  REMAINING TIME=         51.59 s
 NC=   40400 T= 1.0100E+00 DT= 2.5000E-05 ERR= -0.0% DM/M= 0.0000E+00
 ELAPSED TIME=          5.79 s  REMAINING TIME=         51.58 s
 NC=   40500 T= 1.0125E+00 DT= 2.5000E-05 ERR=  0.0% DM/M= 0.0000E+00
 ELAPSED TIME=          5.81 s  REMAINING TIME=         51.56 s
 NC=   40600 T= 1.0150E+00 DT= 2.5000E-05 ERR= -0.0% DM/M= 0.0000E+00
 ELAPSED TIME=          5.82 s  REMAINING TIME=         51.54 s
 NC=   40700 T= 1.0175E+00 DT= 2.5000E-05 ERR=  0.0% DM/M= 0.0000E+00
 ELAPSED TIME=          5.84 s  REMAINING TIME=         51.53 s
 NC=   40800 T= 1.0200E+00 DT= 2.5000E-05 ERR= -0.0% DM/M= 0.0000E+00
 ELAPSED TIME=          5.85 s  REMAINING TIME=         51.51 s
 NC=   40900 T= 1.0225E+00 DT= 2.5000E-05 ERR=  0.0% DM/M= 0.0000E+00
 ELAPSED TIME=          5.87 s  REMAINING TIME=         51.50 s
 NC=   41000 T= 1.0250E+00 DT= 2.5000E-05 ERR= -0.0% DM/M= 0.0000E+00
 ELAPSED TIME=          5.88 s  REMAINING TIME=         51.49 s
 NC=   41100 T= 1.0275E+00 DT= 2.5000E-05 ERR=  0.0% DM/M= 0.0000E+00
 ELAPSED TIME=          5.89 s  REMAINING TIME=         51.47 s
 NC=   41200 T= 1.0300E+00 DT= 2.5000E-05 ERR= -0.0% DM/M= 0.0000E+00
 ELAPSED TIME=          5.91 s  REMAINING TIME=         51.46 s
 NC=   41300 T= 1.0325E+00 DT= 2.5000E-05 ERR=  0.0% DM/M= 0.0000E+00
 ELAPSED TIME=          5.92 s  REMAINING TIME=         51.44 s
 NC=   41400 T= 1.0350E+00 DT= 2.5000E-05 ERR= -0.0% DM/M= 0.0000E+00
 ELAPSED TIME=          5.94 s  REMAINING TIME=         51.42 s
 NC=   41500 T= 1.0375E+00 DT= 2.5000E-05 ERR=  0.0% DM/M= 0.0000E+00
 ELAPSED TIME=          5.95 s  REMAINING TIME=         51.42 s
 NC=   41600 T= 1.0400E+00 DT= 2.5000E-05 ERR= -0.0% DM/M= 0.0000E+00
 ELAPSED TIME=          5.97 s  REMAINING TIME=         51.41 s
 NC=   41700 T= 1.0425E+00 DT= 2.5000E-05 ERR=  0.0% DM/M= 0.0000E+00
 ELAPSED TIME=          5.98 s  REMAINING TIME=         51.39 s
 NC=   41800 T= 1.0450E+00 DT= 2.5000E-05 ERR= -0.0% DM/M= 0.0000E+00
 ELAPSED TIME=          6.00 s  REMAINING TIME=         51.38 s
 NC=   41900 T= 1.0475E+00 DT= 2.5000E-05 ERR=  0.0% DM/M= 0.0000E+00
 ELAPSED TIME=          6.01 s  REMAINING TIME=         51.36 s
 NC=   42000 T= 1.0500E+00 DT= 2.5000E-05 ERR= -0.0% DM/M= 0.0000E+00
 ELAPSED TIME=          6.02 s  REMAINING TIME=         51.35 s
 NC=   42100 T= 1.0525E+00 DT= 2.5000E-05 ERR=  0.0% DM/M= 0.0000E+00
 ELAPSED TIME=          6.04 s  REMAINING TIME=         51.34 s
 NC=   42200 T= 1.0550E+00 DT= 2.5000E-05 ERR= -0.0% DM/M= 0.0000E+00
 ELAPSED TIME=          6.05 s  REMAINING TIME=         51.32 s
 NC=   42300 T= 1.0575E+00 DT= 2.5000E-05 ERR=  0.0% DM/M= 0.0000E+00
 ELAPSED TIME=          6.07 s  REMAINING TIME=         51.30 s
 NC=   42400 T= 1.0600E+00 DT= 2.5000E-05 ERR= -0.0% DM/M= 0.0000E+00
 ELAPSED TIME=          6.08 s  REMAINING TIME=         51.29 s
 NC=   42500 T= 1.0625E+00 DT= 2.5000E-05 ERR=  0.0% DM/M= 0.0000E+00
 ELAPSED TIME=          6.10 s  REMAINING TIME=         51.27 s
 NC=   42600 T= 1.0650E+00 DT= 2.5000E-05 ERR= -0.0% DM/M= 0.0000E+00
 ELAPSED TIME=          6.11 s  REMAINING TIME=         51.26 s
 NC=   42700 T= 1.0675E+00 DT= 2.5000E-05 ERR=  0.0% DM/M= 0.0000E+00
 ELAPSED TIME=          6.12 s  REMAINING TIME=         51.24 s
 NC=   42800 T= 1.0700E+00 DT= 2.5000E-05 ERR= -0.0% DM/M= 0.0000E+00
 ELAPSED TIME=          6.14 s  REMAINING TIME=         51.22 s
 NC=   42900 T= 1.0725E+00 DT= 2.5000E-05 ERR=  0.0% DM/M= 0.0000E+00
 ELAPSED TIME=          6.15 s  REMAINING TIME=         51.21 s
 NC=   43000 T= 1.0750E+00 DT= 2.5000E-05 ERR= -0.0% DM/M= 0.0000E+00
 ELAPSED TIME=          6.17 s  REMAINING TIME=         51.19 s
 NC=   43100 T= 1.0775E+00 DT= 2.5000E-05 ERR=  0.0% DM/M= 0.0000E+00
 ELAPSED TIME=          6.18 s  REMAINING TIME=         51.18 s
 NC=   43200 T= 1.0800E+00 DT= 2.5000E-05 ERR= -0.0% DM/M= 0.0000E+00
 ELAPSED TIME=          6.19 s  REMAINING TIME=         51.16 s
 NC=   43300 T= 1.0825E+00 DT= 2.5000E-05 ERR=  0.0% DM/M= 0.0000E+00
 ELAPSED TIME=          6.21 s  REMAINING TIME=         51.15 s
 NC=   43400 T= 1.0850E+00 DT= 2.5000E-05 ERR= -0.0% DM/M= 0.0000E+00
 ELAPSED TIME=          6.22 s  REMAINING TIME=         51.13 s
 NC=   43500 T= 1.0875E+00 DT= 2.5000E-05 ERR=  0.0% DM/M= 0.0000E+00
 ELAPSED TIME=          6.24 s  REMAINING TIME=         51.11 s
 NC=   43600 T= 1.0900E+00 DT= 2.5000E-05 ERR= -0.0% DM/M= 0.0000E+00
 ELAPSED TIME=          6.25 s  REMAINING TIME=         51.10 s
 NC=   43700 T= 1.0925E+00 DT= 2.5000E-05 ERR=  0.0% DM/M= 0.0000E+00
 ELAPSED TIME=          6.27 s  REMAINING TIME=         51.08 s
 NC=   43800 T= 1.0950E+00 DT= 2.5000E-05 ERR= -0.0% DM/M= 0.0000E+00
 ELAPSED TIME=          6.28 s  REMAINING TIME=         51.06 s
 NC=   43900 T= 1.0975E+00 DT= 2.5000E-05 ERR=  0.0% DM/M= 0.0000E+00
 ELAPSED TIME=          6.29 s  REMAINING TIME=         51.05 s
 NC=   44000 T= 1.1000E+00 DT= 2.5000E-05 ERR= -0.0% DM/M= 0.0000E+00
 ELAPSED TIME=          6.31 s  REMAINING TIME=         51.03 s
 NC=   44100 T= 1.1025E+00 DT= 2.5000E-05 ERR=  0.0% DM/M= 0.0000E+00
 ELAPSED TIME=          6.32 s  REMAINING TIME=         51.02 s
 NC=   44200 T= 1.1050E+00 DT= 2.5000E-05 ERR= -0.0% DM/M= 0.0000E+00
 ELAPSED TIME=          6.34 s  REMAINING TIME=         51.00 s
 NC=   44300 T= 1.1075E+00 DT= 2.5000E-05 ERR=  0.0% DM/M= 0.0000E+00
 ELAPSED TIME=          6.35 s  REMAINING TIME=         50.99 s
 NC=   44400 T= 1.1100E+00 DT= 2.5000E-05 ERR= -0.0% DM/M= 0.0000E+00
 ELAPSED TIME=          6.36 s  REMAINING TIME=         50.97 s
 NC=   44500 T= 1.1125E+00 DT= 2.5000E-05 ERR=  0.0% DM/M= 0.0000E+00
 ELAPSED TIME=          6.38 s  REMAINING TIME=         50.96 s
 NC=   44600 T= 1.1150E+00 DT= 2.5000E-05 ERR= -0.0% DM/M= 0.0000E+00
 ELAPSED TIME=          6.39 s  REMAINING TIME=         50.94 s
 NC=   44700 T= 1.1175E+00 DT= 2.5000E-05 ERR=  0.0% DM/M= 0.0000E+00
 ELAPSED TIME=          6.41 s  REMAINING TIME=         50.92 s
 NC=   44800 T= 1.1200E+00 DT= 2.5000E-05 ERR= -0.0% DM/M= 0.0000E+00
 ELAPSED TIME=          6.42 s  REMAINING TIME=         50.91 s
 NC=   44900 T= 1.1225E+00 DT= 2.5000E-05 ERR=  0.0% DM/M= 0.0000E+00
 ELAPSED TIME=          6.44 s  REMAINING TIME=         50.89 s
 NC=   45000 T= 1.1250E+00 DT= 2.5000E-05 ERR= -0.0% DM/M= 0.0000E+00
 ELAPSED TIME=          6.45 s  REMAINING TIME=         50.88 s
 NC=   45100 T= 1.1275E+00 DT= 2.5000E-05 ERR=  0.0% DM/M= 0.0000E+00
 ELAPSED TIME=          6.46 s  REMAINING TIME=         50.86 s
 NC=   45200 T= 1.1300E+00 DT= 2.5000E-05 ERR= -0.0% DM/M= 0.0000E+00
 ELAPSED TIME=          6.48 s  REMAINING TIME=         50.85 s
 NC=   45300 T= 1.1325E+00 DT= 2.5000E-05 ERR=  0.0% DM/M= 0.0000E+00
 ELAPSED TIME=          6.49 s  REMAINING TIME=         50.83 s
 NC=   45400 T= 1.1350E+00 DT= 2.5000E-05 ERR= -0.0% DM/M= 0.0000E+00
 ELAPSED TIME=          6.51 s  REMAINING TIME=         50.82 s
 NC=   45500 T= 1.1375E+00 DT= 2.5000E-05 ERR=  0.0% DM/M= 0.0000E+00
 ELAPSED TIME=          6.52 s  REMAINING TIME=         50.80 s
 NC=   45600 T= 1.1400E+00 DT= 2.5000E-05 ERR= -0.0% DM/M= 0.0000E+00
 ELAPSED TIME=          6.53 s  REMAINING TIME=         50.79 s
 NC=   45700 T= 1.1425E+00 DT= 2.5000E-05 ERR=  0.0% DM/M= 0.0000E+00
 ELAPSED TIME=          6.55 s  REMAINING TIME=         50.77 s
 NC=   45800 T= 1.1450E+00 DT= 2.5000E-05 ERR= -0.0% DM/M= 0.0000E+00
 ELAPSED TIME=          6.56 s  REMAINING TIME=         50.75 s
 NC=   45900 T= 1.1475E+00 DT= 2.5000E-05 ERR=  0.0% DM/M= 0.0000E+00
 ELAPSED TIME=          6.58 s  REMAINING TIME=         50.74 s
 NC=   46000 T= 1.1500E+00 DT= 2.5000E-05 ERR= -0.0% DM/M= 0.0000E+00
 ELAPSED TIME=          6.59 s  REMAINING TIME=         50.72 s
 NC=   46100 T= 1.1525E+00 DT= 2.5000E-05 ERR=  0.0% DM/M= 0.0000E+00
 ELAPSED TIME=          6.60 s  REMAINING TIME=         50.70 s
 NC=   46200 T= 1.1550E+00 DT= 2.5000E-05 ERR= -0.0% DM/M= 0.0000E+00
 ELAPSED TIME=          6.62 s  REMAINING TIME=         50.69 s
 NC=   46300 T= 1.1575E+00 DT= 2.5000E-05 ERR=  0.0% DM/M= 0.0000E+00
 ELAPSED TIME=          6.63 s  REMAINING TIME=         50.68 s
 NC=   46400 T= 1.1600E+00 DT= 2.5000E-05 ERR= -0.0% DM/M= 0.0000E+00
 ELAPSED TIME=          6.65 s  REMAINING TIME=         50.66 s
 NC=   46500 T= 1.1625E+00 DT= 2.5000E-05 ERR=  0.0% DM/M= 0.0000E+00
 ELAPSED TIME=          6.66 s  REMAINING TIME=         50.65 s
 NC=   46600 T= 1.1650E+00 DT= 2.5000E-05 ERR= -0.0% DM/M= 0.0000E+00
 ELAPSED TIME=          6.68 s  REMAINING TIME=         50.63 s
 NC=   46700 T= 1.1675E+00 DT= 2.5000E-05 ERR=  0.0% DM/M= 0.0000E+00
 ELAPSED TIME=          6.69 s  REMAINING TIME=         50.61 s
 NC=   46800 T= 1.1700E+00 DT= 2.5000E-05 ERR= -0.0% DM/M= 0.0000E+00
 ELAPSED TIME=          6.70 s  REMAINING TIME=         50.60 s
 NC=   46900 T= 1.1725E+00 DT= 2.5000E-05 ERR=  0.0% DM/M= 0.0000E+00
 ELAPSED TIME=          6.72 s  REMAINING TIME=         50.58 s
 NC=   47000 T= 1.1750E+00 DT= 2.5000E-05 ERR= -0.0% DM/M= 0.0000E+00
 ELAPSED TIME=          6.73 s  REMAINING TIME=         50.56 s
 NC=   47100 T= 1.1775E+00 DT= 2.5000E-05 ERR=  0.0% DM/M= 0.0000E+00
 ELAPSED TIME=          6.75 s  REMAINING TIME=         50.55 s
 NC=   47200 T= 1.1800E+00 DT= 2.5000E-05 ERR= -0.0% DM/M= 0.0000E+00
 ELAPSED TIME=          6.76 s  REMAINING TIME=         50.53 s
 NC=   47300 T= 1.1825E+00 DT= 2.5000E-05 ERR=  0.0% DM/M= 0.0000E+00
 ELAPSED TIME=          6.77 s  REMAINING TIME=         50.52 s
 NC=   47400 T= 1.1850E+00 DT= 2.5000E-05 ERR= -0.0% DM/M= 0.0000E+00
 ELAPSED TIME=          6.79 s  REMAINING TIME=         50.50 s
 NC=   47500 T= 1.1875E+00 DT= 2.5000E-05 ERR=  0.0% DM/M= 0.0000E+00
 ELAPSED TIME=          6.80 s  REMAINING TIME=         50.49 s
 NC=   47600 T= 1.1900E+00 DT= 2.5000E-05 ERR= -0.0% DM/M= 0.0000E+00
 ELAPSED TIME=          6.82 s  REMAINING TIME=         50.47 s
 NC=   47700 T= 1.1925E+00 DT= 2.5000E-05 ERR=  0.0% DM/M= 0.0000E+00
 ELAPSED TIME=          6.83 s  REMAINING TIME=         50.46 s
 NC=   47800 T= 1.1950E+00 DT= 2.5000E-05 ERR= -0.0% DM/M= 0.0000E+00
 ELAPSED TIME=          6.85 s  REMAINING TIME=         50.44 s
 NC=   47900 T= 1.1975E+00 DT= 2.5000E-05 ERR=  0.0% DM/M= 0.0000E+00
 ELAPSED TIME=          6.86 s  REMAINING TIME=         50.42 s
 NC=   48000 T= 1.2000E+00 DT= 2.5000E-05 ERR= -0.0% DM/M= 0.0000E+00
 ELAPSED TIME=          6.87 s  REMAINING TIME=         50.41 s
 NC=   48100 T= 1.2025E+00 DT= 2.5000E-05 ERR=  0.0% DM/M= 0.0000E+00
 ELAPSED TIME=          6.89 s  REMAINING TIME=         50.39 s
 NC=   48200 T= 1.2050E+00 DT= 2.5000E-05 ERR= -0.0% DM/M= 0.0000E+00
 ELAPSED TIME=          6.90 s  REMAINING TIME=         50.38 s
 NC=   48300 T= 1.2075E+00 DT= 2.5000E-05 ERR=  0.0% DM/M= 0.0000E+00
 ELAPSED TIME=          6.92 s  REMAINING TIME=         50.36 s
 NC=   48400 T= 1.2100E+00 DT= 2.5000E-05 ERR= -0.0% DM/M= 0.0000E+00
 ELAPSED TIME=          6.93 s  REMAINING TIME=         50.35 s
 NC=   48500 T= 1.2125E+00 DT= 2.5000E-05 ERR=  0.0% DM/M= 0.0000E+00
 ELAPSED TIME=          6.95 s  REMAINING TIME=         50.34 s
 NC=   48600 T= 1.2150E+00 DT= 2.5000E-05 ERR= -0.0% DM/M= 0.0000E+00
 ELAPSED TIME=          6.96 s  REMAINING TIME=         50.33 s
 NC=   48700 T= 1.2175E+00 DT= 2.5000E-05 ERR=  0.0% DM/M= 0.0000E+00
 ELAPSED TIME=          6.98 s  REMAINING TIME=         50.32 s
 NC=   48800 T= 1.2200E+00 DT= 2.5000E-05 ERR= -0.0% DM/M= 0.0000E+00
 ELAPSED TIME=          6.99 s  REMAINING TIME=         50.31 s
 NC=   48900 T= 1.2225E+00 DT= 2.5000E-05 ERR=  0.0% DM/M= 0.0000E+00
 ELAPSED TIME=          7.00 s  REMAINING TIME=         50.29 s
 NC=   49000 T= 1.2250E+00 DT= 2.5000E-05 ERR= -0.0% DM/M= 0.0000E+00
 ELAPSED TIME=          7.02 s  REMAINING TIME=         50.27 s
 NC=   49100 T= 1.2275E+00 DT= 2.5000E-05 ERR=  0.0% DM/M= 0.0000E+00
 ELAPSED TIME=          7.03 s  REMAINING TIME=         50.26 s
 NC=   49200 T= 1.2300E+00 DT= 2.5000E-05 ERR= -0.0% DM/M= 0.0000E+00
 ELAPSED TIME=          7.05 s  REMAINING TIME=         50.24 s
 NC=   49300 T= 1.2325E+00 DT= 2.5000E-05 ERR=  0.0% DM/M= 0.0000E+00
 ELAPSED TIME=          7.06 s  REMAINING TIME=         50.23 s
 NC=   49400 T= 1.2350E+00 DT= 2.5000E-05 ERR= -0.0% DM/M= 0.0000E+00
 ELAPSED TIME=          7.07 s  REMAINING TIME=         50.21 s
 NC=   49500 T= 1.2375E+00 DT= 2.5000E-05 ERR=  0.0% DM/M= 0.0000E+00
 ELAPSED TIME=          7.09 s  REMAINING TIME=         50.20 s
 NC=   49600 T= 1.2400E+00 DT= 2.5000E-05 ERR= -0.0% DM/M= 0.0000E+00
 ELAPSED TIME=          7.10 s  REMAINING TIME=         50.18 s
 NC=   49700 T= 1.2425E+00 DT= 2.5000E-05 ERR=  0.0% DM/M= 0.0000E+00
 ELAPSED TIME=          7.12 s  REMAINING TIME=         50.17 s
 NC=   49800 T= 1.2450E+00 DT= 2.5000E-05 ERR= -0.0% DM/M= 0.0000E+00
 ELAPSED TIME=          7.13 s  REMAINING TIME=         50.15 s
 NC=   49900 T= 1.2475E+00 DT= 2.5000E-05 ERR=  0.0% DM/M= 0.0000E+00
 ELAPSED TIME=          7.15 s  REMAINING TIME=         50.14 s
 NC=   50000 T= 1.2500E+00 DT= 2.5000E-05 ERR= -0.0% DM/M= 0.0000E+00
 ELAPSED TIME=          7.16 s  REMAINING TIME=         50.12 s
     ANIMATION FILE: A23_w1_REFERENCE_ROTATION_YA006 WRITTEN
 NC=   50100 T= 1.2525E+00 DT= 2.5000E-05 ERR=  0.0% DM/M= 0.0000E+00
 ELAPSED TIME=          7.18 s  REMAINING TIME=         50.11 s
 NC=   50200 T= 1.2550E+00 DT= 2.5000E-05 ERR= -0.0% DM/M= 0.0000E+00
 ELAPSED TIME=          7.19 s  REMAINING TIME=         50.10 s
 NC=   50300 T= 1.2575E+00 DT= 2.5000E-05 ERR=  0.0% DM/M= 0.0000E+00
 ELAPSED TIME=          7.20 s  REMAINING TIME=         50.08 s
 NC=   50400 T= 1.2600E+00 DT= 2.5000E-05 ERR= -0.0% DM/M= 0.0000E+00
 ELAPSED TIME=          7.22 s  REMAINING TIME=         50.07 s
 NC=   50500 T= 1.2625E+00 DT= 2.5000E-05 ERR=  0.0% DM/M= 0.0000E+00
 ELAPSED TIME=          7.23 s  REMAINING TIME=         50.05 s
 NC=   50600 T= 1.2650E+00 DT= 2.5000E-05 ERR= -0.0% DM/M= 0.0000E+00
 ELAPSED TIME=          7.25 s  REMAINING TIME=         50.03 s
 NC=   50700 T= 1.2675E+00 DT= 2.5000E-05 ERR=  0.0% DM/M= 0.0000E+00
 ELAPSED TIME=          7.26 s  REMAINING TIME=         50.02 s
 NC=   50800 T= 1.2700E+00 DT= 2.5000E-05 ERR= -0.0% DM/M= 0.0000E+00
 ELAPSED TIME=          7.27 s  REMAINING TIME=         50.01 s
 NC=   50900 T= 1.2725E+00 DT= 2.5000E-05 ERR=  0.0% DM/M= 0.0000E+00
 ELAPSED TIME=          7.29 s  REMAINING TIME=         49.99 s
 NC=   51000 T= 1.2750E+00 DT= 2.5000E-05 ERR= -0.0% DM/M= 0.0000E+00
 ELAPSED TIME=          7.30 s  REMAINING TIME=         49.98 s
 NC=   51100 T= 1.2775E+00 DT= 2.5000E-05 ERR=  0.0% DM/M= 0.0000E+00
 ELAPSED TIME=          7.32 s  REMAINING TIME=         49.96 s
 NC=   51200 T= 1.2800E+00 DT= 2.5000E-05 ERR= -0.0% DM/M= 0.0000E+00
 ELAPSED TIME=          7.33 s  REMAINING TIME=         49.94 s
 NC=   51300 T= 1.2825E+00 DT= 2.5000E-05 ERR=  0.0% DM/M= 0.0000E+00
 ELAPSED TIME=          7.35 s  REMAINING TIME=         49.93 s
 NC=   51400 T= 1.2850E+00 DT= 2.5000E-05 ERR= -0.0% DM/M= 0.0000E+00
 ELAPSED TIME=          7.36 s  REMAINING TIME=         49.91 s
 NC=   51500 T= 1.2875E+00 DT= 2.5000E-05 ERR=  0.0% DM/M= 0.0000E+00
 ELAPSED TIME=          7.37 s  REMAINING TIME=         49.90 s
 NC=   51600 T= 1.2900E+00 DT= 2.5000E-05 ERR= -0.0% DM/M= 0.0000E+00
 ELAPSED TIME=          7.39 s  REMAINING TIME=         49.88 s
 NC=   51700 T= 1.2925E+00 DT= 2.5000E-05 ERR=  0.0% DM/M= 0.0000E+00
 ELAPSED TIME=          7.40 s  REMAINING TIME=         49.87 s
 NC=   51800 T= 1.2950E+00 DT= 2.5000E-05 ERR= -0.0% DM/M= 0.0000E+00
 ELAPSED TIME=          7.42 s  REMAINING TIME=         49.88 s
 NC=   51900 T= 1.2975E+00 DT= 2.5000E-05 ERR=  0.0% DM/M= 0.0000E+00
 ELAPSED TIME=          7.43 s  REMAINING TIME=         49.86 s
 NC=   52000 T= 1.3000E+00 DT= 2.5000E-05 ERR= -0.0% DM/M= 0.0000E+00
 ELAPSED TIME=          7.45 s  REMAINING TIME=         49.85 s
 NC=   52100 T= 1.3025E+00 DT= 2.5000E-05 ERR=  0.0% DM/M= 0.0000E+00
 ELAPSED TIME=          7.46 s  REMAINING TIME=         49.83 s
 NC=   52200 T= 1.3050E+00 DT= 2.5000E-05 ERR= -0.0% DM/M= 0.0000E+00
 ELAPSED TIME=          7.48 s  REMAINING TIME=         49.82 s
 NC=   52300 T= 1.3075E+00 DT= 2.5000E-05 ERR=  0.0% DM/M= 0.0000E+00
 ELAPSED TIME=          7.49 s  REMAINING TIME=         49.80 s
 NC=   52400 T= 1.3100E+00 DT= 2.5000E-05 ERR= -0.0% DM/M= 0.0000E+00
 ELAPSED TIME=          7.50 s  REMAINING TIME=         49.78 s
 NC=   52500 T= 1.3125E+00 DT= 2.5000E-05 ERR=  0.0% DM/M= 0.0000E+00
 ELAPSED TIME=          7.52 s  REMAINING TIME=         49.77 s
 NC=   52600 T= 1.3150E+00 DT= 2.5000E-05 ERR= -0.0% DM/M= 0.0000E+00
 ELAPSED TIME=          7.53 s  REMAINING TIME=         49.75 s
 NC=   52700 T= 1.3175E+00 DT= 2.5000E-05 ERR=  0.0% DM/M= 0.0000E+00
 ELAPSED TIME=          7.55 s  REMAINING TIME=         49.74 s
 NC=   52800 T= 1.3200E+00 DT= 2.5000E-05 ERR= -0.0% DM/M= 0.0000E+00
 ELAPSED TIME=          7.56 s  REMAINING TIME=         49.72 s
 NC=   52900 T= 1.3225E+00 DT= 2.5000E-05 ERR=  0.0% DM/M= 0.0000E+00
 ELAPSED TIME=          7.58 s  REMAINING TIME=         49.71 s
 NC=   53000 T= 1.3250E+00 DT= 2.5000E-05 ERR= -0.0% DM/M= 0.0000E+00
 ELAPSED TIME=          7.59 s  REMAINING TIME=         49.69 s
 NC=   53100 T= 1.3275E+00 DT= 2.5000E-05 ERR=  0.0% DM/M= 0.0000E+00
 ELAPSED TIME=          7.60 s  REMAINING TIME=         49.68 s
 NC=   53200 T= 1.3300E+00 DT= 2.5000E-05 ERR= -0.0% DM/M= 0.0000E+00
 ELAPSED TIME=          7.62 s  REMAINING TIME=         49.66 s
 NC=   53300 T= 1.3325E+00 DT= 2.5000E-05 ERR=  0.0% DM/M= 0.0000E+00
 ELAPSED TIME=          7.63 s  REMAINING TIME=         49.65 s
 NC=   53400 T= 1.3350E+00 DT= 2.5000E-05 ERR= -0.0% DM/M= 0.0000E+00
 ELAPSED TIME=          7.65 s  REMAINING TIME=         49.63 s
 NC=   53500 T= 1.3375E+00 DT= 2.5000E-05 ERR=  0.0% DM/M= 0.0000E+00
 ELAPSED TIME=          7.66 s  REMAINING TIME=         49.61 s
 NC=   53600 T= 1.3400E+00 DT= 2.5000E-05 ERR= -0.0% DM/M= 0.0000E+00
 ELAPSED TIME=          7.67 s  REMAINING TIME=         49.60 s
 NC=   53700 T= 1.3425E+00 DT= 2.5000E-05 ERR=  0.0% DM/M= 0.0000E+00
 ELAPSED TIME=          7.69 s  REMAINING TIME=         49.58 s
 NC=   53800 T= 1.3450E+00 DT= 2.5000E-05 ERR= -0.0% DM/M= 0.0000E+00
 ELAPSED TIME=          7.70 s  REMAINING TIME=         49.57 s
 NC=   53900 T= 1.3475E+00 DT= 2.5000E-05 ERR=  0.0% DM/M= 0.0000E+00
 ELAPSED TIME=          7.72 s  REMAINING TIME=         49.55 s
 NC=   54000 T= 1.3500E+00 DT= 2.5000E-05 ERR= -0.0% DM/M= 0.0000E+00
 ELAPSED TIME=          7.73 s  REMAINING TIME=         49.54 s
 NC=   54100 T= 1.3525E+00 DT= 2.5000E-05 ERR=  0.0% DM/M= 0.0000E+00
 ELAPSED TIME=          7.75 s  REMAINING TIME=         49.52 s
 NC=   54200 T= 1.3550E+00 DT= 2.5000E-05 ERR= -0.0% DM/M= 0.0000E+00
 ELAPSED TIME=          7.76 s  REMAINING TIME=         49.51 s
 NC=   54300 T= 1.3575E+00 DT= 2.5000E-05 ERR=  0.0% DM/M= 0.0000E+00
 ELAPSED TIME=          7.77 s  REMAINING TIME=         49.49 s
 NC=   54400 T= 1.3600E+00 DT= 2.5000E-05 ERR= -0.0% DM/M= 0.0000E+00
 ELAPSED TIME=          7.79 s  REMAINING TIME=         49.48 s
 NC=   54500 T= 1.3625E+00 DT= 2.5000E-05 ERR=  0.0% DM/M= 0.0000E+00
 ELAPSED TIME=          7.80 s  REMAINING TIME=         49.46 s
 NC=   54600 T= 1.3650E+00 DT= 2.5000E-05 ERR= -0.0% DM/M= 0.0000E+00
 ELAPSED TIME=          7.82 s  REMAINING TIME=         49.44 s
 NC=   54700 T= 1.3675E+00 DT= 2.5000E-05 ERR=  0.0% DM/M= 0.0000E+00
 ELAPSED TIME=          7.83 s  REMAINING TIME=         49.43 s
 NC=   54800 T= 1.3700E+00 DT= 2.5000E-05 ERR= -0.0% DM/M= 0.0000E+00
 ELAPSED TIME=          7.84 s  REMAINING TIME=         49.42 s
 NC=   54900 T= 1.3725E+00 DT= 2.5000E-05 ERR=  0.0% DM/M= 0.0000E+00
 ELAPSED TIME=          7.86 s  REMAINING TIME=         49.40 s
 NC=   55000 T= 1.3750E+00 DT= 2.5000E-05 ERR= -0.0% DM/M= 0.0000E+00
 ELAPSED TIME=          7.87 s  REMAINING TIME=         49.39 s
 NC=   55100 T= 1.3775E+00 DT= 2.5000E-05 ERR=  0.0% DM/M= 0.0000E+00
 ELAPSED TIME=          7.89 s  REMAINING TIME=         49.37 s
 NC=   55200 T= 1.3800E+00 DT= 2.5000E-05 ERR= -0.0% DM/M= 0.0000E+00
 ELAPSED TIME=          7.90 s  REMAINING TIME=         49.35 s
 NC=   55300 T= 1.3825E+00 DT= 2.5000E-05 ERR=  0.0% DM/M= 0.0000E+00
 ELAPSED TIME=          7.92 s  REMAINING TIME=         49.34 s
 NC=   55400 T= 1.3850E+00 DT= 2.5000E-05 ERR= -0.0% DM/M= 0.0000E+00
 ELAPSED TIME=          7.93 s  REMAINING TIME=         49.32 s
 NC=   55500 T= 1.3875E+00 DT= 2.5000E-05 ERR=  0.0% DM/M= 0.0000E+00
 ELAPSED TIME=          7.95 s  REMAINING TIME=         49.32 s
 NC=   55600 T= 1.3900E+00 DT= 2.5000E-05 ERR= -0.0% DM/M= 0.0000E+00
 ELAPSED TIME=          7.96 s  REMAINING TIME=         49.30 s
 NC=   55700 T= 1.3925E+00 DT= 2.5000E-05 ERR=  0.0% DM/M= 0.0000E+00
 ELAPSED TIME=          7.97 s  REMAINING TIME=         49.29 s
 NC=   55800 T= 1.3950E+00 DT= 2.5000E-05 ERR= -0.0% DM/M= 0.0000E+00
 ELAPSED TIME=          7.99 s  REMAINING TIME=         49.28 s
 NC=   55900 T= 1.3975E+00 DT= 2.5000E-05 ERR=  0.0% DM/M= 0.0000E+00
 ELAPSED TIME=          8.00 s  REMAINING TIME=         49.26 s
 NC=   56000 T= 1.4000E+00 DT= 2.5000E-05 ERR= -0.0% DM/M= 0.0000E+00
 ELAPSED TIME=          8.02 s  REMAINING TIME=         49.25 s
 NC=   56100 T= 1.4025E+00 DT= 2.5000E-05 ERR=  0.0% DM/M= 0.0000E+00
 ELAPSED TIME=          8.03 s  REMAINING TIME=         49.23 s
 NC=   56200 T= 1.4050E+00 DT= 2.5000E-05 ERR= -0.0% DM/M= 0.0000E+00
 ELAPSED TIME=          8.05 s  REMAINING TIME=         49.22 s
 NC=   56300 T= 1.4075E+00 DT= 2.5000E-05 ERR=  0.0% DM/M= 0.0000E+00
 ELAPSED TIME=          8.06 s  REMAINING TIME=         49.20 s
 NC=   56400 T= 1.4100E+00 DT= 2.5000E-05 ERR= -0.0% DM/M= 0.0000E+00
 ELAPSED TIME=          8.07 s  REMAINING TIME=         49.19 s
 NC=   56500 T= 1.4125E+00 DT= 2.5000E-05 ERR=  0.0% DM/M= 0.0000E+00
 ELAPSED TIME=          8.09 s  REMAINING TIME=         49.17 s
 NC=   56600 T= 1.4150E+00 DT= 2.5000E-05 ERR= -0.0% DM/M= 0.0000E+00
 ELAPSED TIME=          8.10 s  REMAINING TIME=         49.16 s
 NC=   56700 T= 1.4175E+00 DT= 2.5000E-05 ERR=  0.0% DM/M= 0.0000E+00
 ELAPSED TIME=          8.12 s  REMAINING TIME=         49.14 s
 NC=   56800 T= 1.4200E+00 DT= 2.5000E-05 ERR= -0.0% DM/M= 0.0000E+00
 ELAPSED TIME=          8.13 s  REMAINING TIME=         49.12 s
 NC=   56900 T= 1.4225E+00 DT= 2.5000E-05 ERR=  0.0% DM/M= 0.0000E+00
 ELAPSED TIME=          8.14 s  REMAINING TIME=         49.11 s
 NC=   57000 T= 1.4250E+00 DT= 2.5000E-05 ERR= -0.0% DM/M= 0.0000E+00
 ELAPSED TIME=          8.16 s  REMAINING TIME=         49.10 s
 NC=   57100 T= 1.4275E+00 DT= 2.5000E-05 ERR=  0.0% DM/M= 0.0000E+00
 ELAPSED TIME=          8.17 s  REMAINING TIME=         49.08 s
 NC=   57200 T= 1.4300E+00 DT= 2.5000E-05 ERR= -0.0% DM/M= 0.0000E+00
 ELAPSED TIME=          8.19 s  REMAINING TIME=         49.06 s
 NC=   57300 T= 1.4325E+00 DT= 2.5000E-05 ERR=  0.0% DM/M= 0.0000E+00
 ELAPSED TIME=          8.20 s  REMAINING TIME=         49.05 s
 NC=   57400 T= 1.4350E+00 DT= 2.5000E-05 ERR= -0.0% DM/M= 0.0000E+00
 ELAPSED TIME=          8.22 s  REMAINING TIME=         49.04 s
 NC=   57500 T= 1.4375E+00 DT= 2.5000E-05 ERR=  0.0% DM/M= 0.0000E+00
 ELAPSED TIME=          8.23 s  REMAINING TIME=         49.02 s
 NC=   57600 T= 1.4400E+00 DT= 2.5000E-05 ERR= -0.0% DM/M= 0.0000E+00
 ELAPSED TIME=          8.24 s  REMAINING TIME=         49.00 s
 NC=   57700 T= 1.4425E+00 DT= 2.5000E-05 ERR=  0.0% DM/M= 0.0000E+00
 ELAPSED TIME=          8.26 s  REMAINING TIME=         48.99 s
 NC=   57800 T= 1.4450E+00 DT= 2.5000E-05 ERR= -0.0% DM/M= 0.0000E+00
 ELAPSED TIME=          8.27 s  REMAINING TIME=         48.97 s
 NC=   57900 T= 1.4475E+00 DT= 2.5000E-05 ERR=  0.0% DM/M= 0.0000E+00
 ELAPSED TIME=          8.29 s  REMAINING TIME=         48.96 s
 NC=   58000 T= 1.4500E+00 DT= 2.5000E-05 ERR= -0.0% DM/M= 0.0000E+00
 ELAPSED TIME=          8.30 s  REMAINING TIME=         48.95 s
 NC=   58100 T= 1.4525E+00 DT= 2.5000E-05 ERR=  0.0% DM/M= 0.0000E+00
 ELAPSED TIME=          8.32 s  REMAINING TIME=         48.93 s
 NC=   58200 T= 1.4550E+00 DT= 2.5000E-05 ERR= -0.0% DM/M= 0.0000E+00
 ELAPSED TIME=          8.33 s  REMAINING TIME=         48.92 s
 NC=   58300 T= 1.4575E+00 DT= 2.5000E-05 ERR=  0.0% DM/M= 0.0000E+00
 ELAPSED TIME=          8.34 s  REMAINING TIME=         48.90 s
 NC=   58400 T= 1.4600E+00 DT= 2.5000E-05 ERR= -0.0% DM/M= 0.0000E+00
 ELAPSED TIME=          8.36 s  REMAINING TIME=         48.89 s
 NC=   58500 T= 1.4625E+00 DT= 2.5000E-05 ERR=  0.0% DM/M= 0.0000E+00
 ELAPSED TIME=          8.37 s  REMAINING TIME=         48.87 s
 NC=   58600 T= 1.4650E+00 DT= 2.5000E-05 ERR= -0.0% DM/M= 0.0000E+00
 ELAPSED TIME=          8.39 s  REMAINING TIME=         48.85 s
 NC=   58700 T= 1.4675E+00 DT= 2.5000E-05 ERR=  0.0% DM/M= 0.0000E+00
 ELAPSED TIME=          8.40 s  REMAINING TIME=         48.84 s
 NC=   58800 T= 1.4700E+00 DT= 2.5000E-05 ERR= -0.0% DM/M= 0.0000E+00
 ELAPSED TIME=          8.41 s  REMAINING TIME=         48.82 s
 NC=   58900 T= 1.4725E+00 DT= 2.5000E-05 ERR=  0.0% DM/M= 0.0000E+00
 ELAPSED TIME=          8.43 s  REMAINING TIME=         48.81 s
 NC=   59000 T= 1.4750E+00 DT= 2.5000E-05 ERR= -0.0% DM/M= 0.0000E+00
 ELAPSED TIME=          8.44 s  REMAINING TIME=         48.79 s
 NC=   59100 T= 1.4775E+00 DT= 2.5000E-05 ERR=  0.0% DM/M= 0.0000E+00
 ELAPSED TIME=          8.46 s  REMAINING TIME=         48.78 s
 NC=   59200 T= 1.4800E+00 DT= 2.5000E-05 ERR= -0.0% DM/M= 0.0000E+00
 ELAPSED TIME=          8.47 s  REMAINING TIME=         48.76 s
 NC=   59300 T= 1.4825E+00 DT= 2.5000E-05 ERR=  0.0% DM/M= 0.0000E+00
 ELAPSED TIME=          8.48 s  REMAINING TIME=         48.75 s
 NC=   59400 T= 1.4850E+00 DT= 2.5000E-05 ERR= -0.0% DM/M= 0.0000E+00
 ELAPSED TIME=          8.50 s  REMAINING TIME=         48.73 s
 NC=   59500 T= 1.4875E+00 DT= 2.5000E-05 ERR=  0.0% DM/M= 0.0000E+00
 ELAPSED TIME=          8.51 s  REMAINING TIME=         48.72 s
 NC=   59600 T= 1.4900E+00 DT= 2.5000E-05 ERR= -0.0% DM/M= 0.0000E+00
 ELAPSED TIME=          8.53 s  REMAINING TIME=         48.70 s
 NC=   59700 T= 1.4925E+00 DT= 2.5000E-05 ERR=  0.0% DM/M= 0.0000E+00
 ELAPSED TIME=          8.54 s  REMAINING TIME=         48.68 s
 NC=   59800 T= 1.4950E+00 DT= 2.5000E-05 ERR= -0.0% DM/M= 0.0000E+00
 ELAPSED TIME=          8.56 s  REMAINING TIME=         48.67 s
 NC=   59900 T= 1.4975E+00 DT= 2.5000E-05 ERR=  0.0% DM/M= 0.0000E+00
 ELAPSED TIME=          8.57 s  REMAINING TIME=         48.65 s
 NC=   60000 T= 1.5000E+00 DT= 2.5000E-05 ERR= -0.0% DM/M= 0.0000E+00
 ELAPSED TIME=          8.58 s  REMAINING TIME=         48.64 s
     ANIMATION FILE: A23_w1_REFERENCE_ROTATION_YA007 WRITTEN
 NC=   60100 T= 1.5025E+00 DT= 2.5000E-05 ERR=  0.0% DM/M= 0.0000E+00
 ELAPSED TIME=          8.60 s  REMAINING TIME=         48.63 s
 NC=   60200 T= 1.5050E+00 DT= 2.5000E-05 ERR= -0.0% DM/M= 0.0000E+00
 ELAPSED TIME=          8.61 s  REMAINING TIME=         48.62 s
 NC=   60300 T= 1.5075E+00 DT= 2.5000E-05 ERR=  0.0% DM/M= 0.0000E+00
 ELAPSED TIME=          8.63 s  REMAINING TIME=         48.60 s
 NC=   60400 T= 1.5100E+00 DT= 2.5000E-05 ERR= -0.0% DM/M= 0.0000E+00
 ELAPSED TIME=          8.64 s  REMAINING TIME=         48.59 s
 NC=   60500 T= 1.5125E+00 DT= 2.5000E-05 ERR=  0.0% DM/M= 0.0000E+00
 ELAPSED TIME=          8.66 s  REMAINING TIME=         48.57 s
 NC=   60600 T= 1.5150E+00 DT= 2.5000E-05 ERR= -0.0% DM/M= 0.0000E+00
 ELAPSED TIME=          8.67 s  REMAINING TIME=         48.56 s
 NC=   60700 T= 1.5175E+00 DT= 2.5000E-05 ERR=  0.0% DM/M= 0.0000E+00
 ELAPSED TIME=          8.68 s  REMAINING TIME=         48.54 s
 NC=   60800 T= 1.5200E+00 DT= 2.5000E-05 ERR= -0.0% DM/M= 0.0000E+00
 ELAPSED TIME=          8.70 s  REMAINING TIME=         48.52 s
 NC=   60900 T= 1.5225E+00 DT= 2.5000E-05 ERR=  0.0% DM/M= 0.0000E+00
 ELAPSED TIME=          8.71 s  REMAINING TIME=         48.51 s
 NC=   61000 T= 1.5250E+00 DT= 2.5000E-05 ERR= -0.0% DM/M= 0.0000E+00
 ELAPSED TIME=          8.73 s  REMAINING TIME=         48.49 s
 NC=   61100 T= 1.5275E+00 DT= 2.5000E-05 ERR=  0.0% DM/M= 0.0000E+00
 ELAPSED TIME=          8.74 s  REMAINING TIME=         48.48 s
 NC=   61200 T= 1.5300E+00 DT= 2.5000E-05 ERR= -0.0% DM/M= 0.0000E+00
 ELAPSED TIME=          8.75 s  REMAINING TIME=         48.46 s
 NC=   61300 T= 1.5325E+00 DT= 2.5000E-05 ERR=  0.0% DM/M= 0.0000E+00
 ELAPSED TIME=          8.77 s  REMAINING TIME=         48.45 s
 NC=   61400 T= 1.5350E+00 DT= 2.5000E-05 ERR= -0.0% DM/M= 0.0000E+00
 ELAPSED TIME=          8.78 s  REMAINING TIME=         48.43 s
 NC=   61500 T= 1.5375E+00 DT= 2.5000E-05 ERR=  0.0% DM/M= 0.0000E+00
 ELAPSED TIME=          8.80 s  REMAINING TIME=         48.42 s
 NC=   61600 T= 1.5400E+00 DT= 2.5000E-05 ERR= -0.0% DM/M= 0.0000E+00
 ELAPSED TIME=          8.81 s  REMAINING TIME=         48.40 s
 NC=   61700 T= 1.5425E+00 DT= 2.5000E-05 ERR=  0.0% DM/M= 0.0000E+00
 ELAPSED TIME=          8.82 s  REMAINING TIME=         48.39 s
 NC=   61800 T= 1.5450E+00 DT= 2.5000E-05 ERR= -0.0% DM/M= 0.0000E+00
 ELAPSED TIME=          8.84 s  REMAINING TIME=         48.37 s
 NC=   61900 T= 1.5475E+00 DT= 2.5000E-05 ERR=  0.0% DM/M= 0.0000E+00
 ELAPSED TIME=          8.85 s  REMAINING TIME=         48.36 s
 NC=   62000 T= 1.5500E+00 DT= 2.5000E-05 ERR= -0.0% DM/M= 0.0000E+00
 ELAPSED TIME=          8.87 s  REMAINING TIME=         48.34 s
 NC=   62100 T= 1.5525E+00 DT= 2.5000E-05 ERR=  0.0% DM/M= 0.0000E+00
 ELAPSED TIME=          8.88 s  REMAINING TIME=         48.33 s
 NC=   62200 T= 1.5550E+00 DT= 2.5000E-05 ERR= -0.0% DM/M= 0.0000E+00
 ELAPSED TIME=          8.90 s  REMAINING TIME=         48.32 s
 NC=   62300 T= 1.5575E+00 DT= 2.5000E-05 ERR=  0.0% DM/M= 0.0000E+00
 ELAPSED TIME=          8.91 s  REMAINING TIME=         48.30 s
 NC=   62400 T= 1.5600E+00 DT= 2.5000E-05 ERR= -0.0% DM/M= 0.0000E+00
 ELAPSED TIME=          8.92 s  REMAINING TIME=         48.29 s
 NC=   62500 T= 1.5625E+00 DT= 2.5000E-05 ERR=  0.0% DM/M= 0.0000E+00
 ELAPSED TIME=          8.94 s  REMAINING TIME=         48.27 s
 NC=   62600 T= 1.5650E+00 DT= 2.5000E-05 ERR= -0.0% DM/M= 0.0000E+00
 ELAPSED TIME=          8.95 s  REMAINING TIME=         48.26 s
 NC=   62700 T= 1.5675E+00 DT= 2.5000E-05 ERR=  0.0% DM/M= 0.0000E+00
 ELAPSED TIME=          8.97 s  REMAINING TIME=         48.25 s
 NC=   62800 T= 1.5700E+00 DT= 2.5000E-05 ERR= -0.0% DM/M= 0.0000E+00
 ELAPSED TIME=          8.98 s  REMAINING TIME=         48.24 s
 NC=   62900 T= 1.5725E+00 DT= 2.5000E-05 ERR=  0.0% DM/M= 0.0000E+00
 ELAPSED TIME=          9.00 s  REMAINING TIME=         48.22 s
 NC=   63000 T= 1.5750E+00 DT= 2.5000E-05 ERR= -0.0% DM/M= 0.0000E+00
 ELAPSED TIME=          9.01 s  REMAINING TIME=         48.21 s
 NC=   63100 T= 1.5775E+00 DT= 2.5000E-05 ERR=  0.0% DM/M= 0.0000E+00
 ELAPSED TIME=          9.03 s  REMAINING TIME=         48.19 s
 NC=   63200 T= 1.5800E+00 DT= 2.5000E-05 ERR= -0.0% DM/M= 0.0000E+00
 ELAPSED TIME=          9.04 s  REMAINING TIME=         48.18 s
 NC=   63300 T= 1.5825E+00 DT= 2.5000E-05 ERR=  0.0% DM/M= 0.0000E+00
 ELAPSED TIME=          9.05 s  REMAINING TIME=         48.16 s
 NC=   63400 T= 1.5850E+00 DT= 2.5000E-05 ERR= -0.0% DM/M= 0.0000E+00
 ELAPSED TIME=          9.07 s  REMAINING TIME=         48.15 s
 NC=   63500 T= 1.5875E+00 DT= 2.5000E-05 ERR=  0.0% DM/M= 0.0000E+00
 ELAPSED TIME=          9.08 s  REMAINING TIME=         48.13 s
 NC=   63600 T= 1.5900E+00 DT= 2.5000E-05 ERR= -0.0% DM/M= 0.0000E+00
 ELAPSED TIME=          9.10 s  REMAINING TIME=         48.12 s
 NC=   63700 T= 1.5925E+00 DT= 2.5000E-05 ERR=  0.0% DM/M= 0.0000E+00
 ELAPSED TIME=          9.11 s  REMAINING TIME=         48.10 s
 NC=   63800 T= 1.5950E+00 DT= 2.5000E-05 ERR= -0.0% DM/M= 0.0000E+00
 ELAPSED TIME=          9.13 s  REMAINING TIME=         48.09 s
 NC=   63900 T= 1.5975E+00 DT= 2.5000E-05 ERR=  0.0% DM/M= 0.0000E+00
 ELAPSED TIME=          9.14 s  REMAINING TIME=         48.07 s
 NC=   64000 T= 1.6000E+00 DT= 2.5000E-05 ERR= -0.0% DM/M= 0.0000E+00
 ELAPSED TIME=          9.15 s  REMAINING TIME=         48.06 s
 NC=   64100 T= 1.6025E+00 DT= 2.5000E-05 ERR=  0.0% DM/M= 0.0000E+00
 ELAPSED TIME=          9.17 s  REMAINING TIME=         48.04 s
 NC=   64200 T= 1.6050E+00 DT= 2.5000E-05 ERR= -0.0% DM/M= 0.0000E+00
 ELAPSED TIME=          9.18 s  REMAINING TIME=         48.03 s
 NC=   64300 T= 1.6075E+00 DT= 2.5000E-05 ERR=  0.0% DM/M= 0.0000E+00
 ELAPSED TIME=          9.20 s  REMAINING TIME=         48.01 s
 NC=   64400 T= 1.6100E+00 DT= 2.5000E-05 ERR= -0.0% DM/M= 0.0000E+00
 ELAPSED TIME=          9.21 s  REMAINING TIME=         48.00 s
 NC=   64500 T= 1.6125E+00 DT= 2.5000E-05 ERR=  0.0% DM/M= 0.0000E+00
 ELAPSED TIME=          9.22 s  REMAINING TIME=         47.98 s
 NC=   64600 T= 1.6150E+00 DT= 2.5000E-05 ERR= -0.0% DM/M= 0.0000E+00
 ELAPSED TIME=          9.24 s  REMAINING TIME=         47.97 s
 NC=   64700 T= 1.6175E+00 DT= 2.5000E-05 ERR=  0.0% DM/M= 0.0000E+00
 ELAPSED TIME=          9.25 s  REMAINING TIME=         47.95 s
 NC=   64800 T= 1.6200E+00 DT= 2.5000E-05 ERR= -0.0% DM/M= 0.0000E+00
 ELAPSED TIME=          9.27 s  REMAINING TIME=         47.94 s
 NC=   64900 T= 1.6225E+00 DT= 2.5000E-05 ERR=  0.0% DM/M= 0.0000E+00
 ELAPSED TIME=          9.28 s  REMAINING TIME=         47.93 s
 NC=   65000 T= 1.6250E+00 DT= 2.5000E-05 ERR= -0.0% DM/M= 0.0000E+00
 ELAPSED TIME=          9.30 s  REMAINING TIME=         47.91 s
 NC=   65100 T= 1.6275E+00 DT= 2.5000E-05 ERR=  0.0% DM/M= 0.0000E+00
 ELAPSED TIME=          9.31 s  REMAINING TIME=         47.90 s
 NC=   65200 T= 1.6300E+00 DT= 2.5000E-05 ERR= -0.0% DM/M= 0.0000E+00
 ELAPSED TIME=          9.32 s  REMAINING TIME=         47.88 s
 NC=   65300 T= 1.6325E+00 DT= 2.5000E-05 ERR=  0.0% DM/M= 0.0000E+00
 ELAPSED TIME=          9.34 s  REMAINING TIME=         47.87 s
 NC=   65400 T= 1.6350E+00 DT= 2.5000E-05 ERR= -0.0% DM/M= 0.0000E+00
 ELAPSED TIME=          9.35 s  REMAINING TIME=         47.85 s
 NC=   65500 T= 1.6375E+00 DT= 2.5000E-05 ERR=  0.0% DM/M= 0.0000E+00
 ELAPSED TIME=          9.37 s  REMAINING TIME=         47.84 s
 NC=   65600 T= 1.6400E+00 DT= 2.5000E-05 ERR= -0.0% DM/M= 0.0000E+00
 ELAPSED TIME=          9.38 s  REMAINING TIME=         47.83 s
 NC=   65700 T= 1.6425E+00 DT= 2.5000E-05 ERR=  0.0% DM/M= 0.0000E+00
 ELAPSED TIME=          9.40 s  REMAINING TIME=         47.81 s
 NC=   65800 T= 1.6450E+00 DT= 2.5000E-05 ERR= -0.0% DM/M= 0.0000E+00
 ELAPSED TIME=          9.41 s  REMAINING TIME=         47.80 s
 NC=   65900 T= 1.6475E+00 DT= 2.5000E-05 ERR=  0.0% DM/M= 0.0000E+00
 ELAPSED TIME=          9.42 s  REMAINING TIME=         47.78 s
 NC=   66000 T= 1.6500E+00 DT= 2.5000E-05 ERR= -0.0% DM/M= 0.0000E+00
 ELAPSED TIME=          9.44 s  REMAINING TIME=         47.77 s
 NC=   66100 T= 1.6525E+00 DT= 2.5000E-05 ERR=  0.0% DM/M= 0.0000E+00
 ELAPSED TIME=          9.45 s  REMAINING TIME=         47.75 s
 NC=   66200 T= 1.6550E+00 DT= 2.5000E-05 ERR= -0.0% DM/M= 0.0000E+00
 ELAPSED TIME=          9.47 s  REMAINING TIME=         47.74 s
 NC=   66300 T= 1.6575E+00 DT= 2.5000E-05 ERR=  0.0% DM/M= 0.0000E+00
 ELAPSED TIME=          9.48 s  REMAINING TIME=         47.72 s
 NC=   66400 T= 1.6600E+00 DT= 2.5000E-05 ERR= -0.0% DM/M= 0.0000E+00
 ELAPSED TIME=          9.50 s  REMAINING TIME=         47.71 s
 NC=   66500 T= 1.6625E+00 DT= 2.5000E-05 ERR=  0.0% DM/M= 0.0000E+00
 ELAPSED TIME=          9.51 s  REMAINING TIME=         47.69 s
 NC=   66600 T= 1.6650E+00 DT= 2.5000E-05 ERR= -0.0% DM/M= 0.0000E+00
 ELAPSED TIME=          9.52 s  REMAINING TIME=         47.68 s
 NC=   66700 T= 1.6675E+00 DT= 2.5000E-05 ERR=  0.0% DM/M= 0.0000E+00
 ELAPSED TIME=          9.54 s  REMAINING TIME=         47.66 s
 NC=   66800 T= 1.6700E+00 DT= 2.5000E-05 ERR= -0.0% DM/M= 0.0000E+00
 ELAPSED TIME=          9.55 s  REMAINING TIME=         47.65 s
 NC=   66900 T= 1.6725E+00 DT= 2.5000E-05 ERR=  0.0% DM/M= 0.0000E+00
 ELAPSED TIME=          9.57 s  REMAINING TIME=         47.63 s
 NC=   67000 T= 1.6750E+00 DT= 2.5000E-05 ERR= -0.0% DM/M= 0.0000E+00
 ELAPSED TIME=          9.58 s  REMAINING TIME=         47.62 s
 NC=   67100 T= 1.6775E+00 DT= 2.5000E-05 ERR=  0.0% DM/M= 0.0000E+00
 ELAPSED TIME=          9.59 s  REMAINING TIME=         47.60 s
 NC=   67200 T= 1.6800E+00 DT= 2.5000E-05 ERR= -0.0% DM/M= 0.0000E+00
 ELAPSED TIME=          9.61 s  REMAINING TIME=         47.59 s
 NC=   67300 T= 1.6825E+00 DT= 2.5000E-05 ERR=  0.0% DM/M= 0.0000E+00
 ELAPSED TIME=          9.62 s  REMAINING TIME=         47.57 s
 NC=   67400 T= 1.6850E+00 DT= 2.5000E-05 ERR= -0.0% DM/M= 0.0000E+00
 ELAPSED TIME=          9.64 s  REMAINING TIME=         47.56 s
 NC=   67500 T= 1.6875E+00 DT= 2.5000E-05 ERR=  0.0% DM/M= 0.0000E+00
 ELAPSED TIME=          9.65 s  REMAINING TIME=         47.54 s
 NC=   67600 T= 1.6900E+00 DT= 2.5000E-05 ERR= -0.0% DM/M= 0.0000E+00
 ELAPSED TIME=          9.67 s  REMAINING TIME=         47.53 s
 NC=   67700 T= 1.6925E+00 DT= 2.5000E-05 ERR=  0.0% DM/M= 0.0000E+00
 ELAPSED TIME=          9.68 s  REMAINING TIME=         47.51 s
 NC=   67800 T= 1.6950E+00 DT= 2.5000E-05 ERR= -0.0% DM/M= 0.0000E+00
 ELAPSED TIME=          9.69 s  REMAINING TIME=         47.50 s
 NC=   67900 T= 1.6975E+00 DT= 2.5000E-05 ERR=  0.0% DM/M= 0.0000E+00
 ELAPSED TIME=          9.71 s  REMAINING TIME=         47.48 s
 NC=   68000 T= 1.7000E+00 DT= 2.5000E-05 ERR= -0.0% DM/M= 0.0000E+00
 ELAPSED TIME=          9.72 s  REMAINING TIME=         47.47 s
 NC=   68100 T= 1.7025E+00 DT= 2.5000E-05 ERR=  0.0% DM/M= 0.0000E+00
 ELAPSED TIME=          9.74 s  REMAINING TIME=         47.46 s
 NC=   68200 T= 1.7050E+00 DT= 2.5000E-05 ERR= -0.0% DM/M= 0.0000E+00
 ELAPSED TIME=          9.75 s  REMAINING TIME=         47.44 s
 NC=   68300 T= 1.7075E+00 DT= 2.5000E-05 ERR=  0.0% DM/M= 0.0000E+00
 ELAPSED TIME=          9.77 s  REMAINING TIME=         47.42 s
 NC=   68400 T= 1.7100E+00 DT= 2.5000E-05 ERR= -0.0% DM/M= 0.0000E+00
 ELAPSED TIME=          9.78 s  REMAINING TIME=         47.41 s
 NC=   68500 T= 1.7125E+00 DT= 2.5000E-05 ERR=  0.0% DM/M= 0.0000E+00
 ELAPSED TIME=          9.79 s  REMAINING TIME=         47.39 s
 NC=   68600 T= 1.7150E+00 DT= 2.5000E-05 ERR= -0.0% DM/M= 0.0000E+00
 ELAPSED TIME=          9.81 s  REMAINING TIME=         47.38 s
 NC=   68700 T= 1.7175E+00 DT= 2.5000E-05 ERR=  0.0% DM/M= 0.0000E+00
 ELAPSED TIME=          9.82 s  REMAINING TIME=         47.37 s
 NC=   68800 T= 1.7200E+00 DT= 2.5000E-05 ERR= -0.0% DM/M= 0.0000E+00
 ELAPSED TIME=          9.84 s  REMAINING TIME=         47.35 s
 NC=   68900 T= 1.7225E+00 DT= 2.5000E-05 ERR=  0.0% DM/M= 0.0000E+00
 ELAPSED TIME=          9.85 s  REMAINING TIME=         47.34 s
 NC=   69000 T= 1.7250E+00 DT= 2.5000E-05 ERR= -0.0% DM/M= 0.0000E+00
 ELAPSED TIME=          9.86 s  REMAINING TIME=         47.32 s
 NC=   69100 T= 1.7275E+00 DT= 2.5000E-05 ERR=  0.0% DM/M= 0.0000E+00
 ELAPSED TIME=          9.88 s  REMAINING TIME=         47.31 s
 NC=   69200 T= 1.7300E+00 DT= 2.5000E-05 ERR= -0.0% DM/M= 0.0000E+00
 ELAPSED TIME=          9.89 s  REMAINING TIME=         47.29 s
 NC=   69300 T= 1.7325E+00 DT= 2.5000E-05 ERR=  0.0% DM/M= 0.0000E+00
 ELAPSED TIME=          9.91 s  REMAINING TIME=         47.28 s
 NC=   69400 T= 1.7350E+00 DT= 2.5000E-05 ERR= -0.0% DM/M= 0.0000E+00
 ELAPSED TIME=          9.92 s  REMAINING TIME=         47.26 s
 NC=   69500 T= 1.7375E+00 DT= 2.5000E-05 ERR=  0.0% DM/M= 0.0000E+00
 ELAPSED TIME=          9.94 s  REMAINING TIME=         47.25 s
 NC=   69600 T= 1.7400E+00 DT= 2.5000E-05 ERR= -0.0% DM/M= 0.0000E+00
 ELAPSED TIME=          9.95 s  REMAINING TIME=         47.24 s
 NC=   69700 T= 1.7425E+00 DT= 2.5000E-05 ERR=  0.0% DM/M= 0.0000E+00
 ELAPSED TIME=          9.97 s  REMAINING TIME=         47.23 s
 NC=   69800 T= 1.7450E+00 DT= 2.5000E-05 ERR= -0.0% DM/M= 0.0000E+00
 ELAPSED TIME=          9.98 s  REMAINING TIME=         47.21 s
 NC=   69900 T= 1.7475E+00 DT= 2.5000E-05 ERR=  0.0% DM/M= 0.0000E+00
 ELAPSED TIME=          9.99 s  REMAINING TIME=         47.20 s
 NC=   70000 T= 1.7500E+00 DT= 2.5000E-05 ERR= -0.0% DM/M= 0.0000E+00
 ELAPSED TIME=         10.01 s  REMAINING TIME=         47.18 s
     ANIMATION FILE: A23_w1_REFERENCE_ROTATION_YA008 WRITTEN
 NC=   70100 T= 1.7525E+00 DT= 2.5000E-05 ERR=  0.0% DM/M= 0.0000E+00
 ELAPSED TIME=         10.02 s  REMAINING TIME=         47.17 s
 NC=   70200 T= 1.7550E+00 DT= 2.5000E-05 ERR= -0.0% DM/M= 0.0000E+00
 ELAPSED TIME=         10.04 s  REMAINING TIME=         47.16 s
 NC=   70300 T= 1.7575E+00 DT= 2.5000E-05 ERR=  0.0% DM/M= 0.0000E+00
 ELAPSED TIME=         10.05 s  REMAINING TIME=         47.14 s
 NC=   70400 T= 1.7600E+00 DT= 2.5000E-05 ERR= -0.0% DM/M= 0.0000E+00
 ELAPSED TIME=         10.07 s  REMAINING TIME=         47.13 s
 NC=   70500 T= 1.7625E+00 DT= 2.5000E-05 ERR=  0.0% DM/M= 0.0000E+00
 ELAPSED TIME=         10.08 s  REMAINING TIME=         47.11 s
 NC=   70600 T= 1.7650E+00 DT= 2.5000E-05 ERR= -0.0% DM/M= 0.0000E+00
 ELAPSED TIME=         10.09 s  REMAINING TIME=         47.10 s
 NC=   70700 T= 1.7675E+00 DT= 2.5000E-05 ERR=  0.0% DM/M= 0.0000E+00
 ELAPSED TIME=         10.11 s  REMAINING TIME=         47.08 s
 NC=   70800 T= 1.7700E+00 DT= 2.5000E-05 ERR= -0.0% DM/M= 0.0000E+00
 ELAPSED TIME=         10.12 s  REMAINING TIME=         47.07 s
 NC=   70900 T= 1.7725E+00 DT= 2.5000E-05 ERR=  0.0% DM/M= 0.0000E+00
 ELAPSED TIME=         10.14 s  REMAINING TIME=         47.05 s
 NC=   71000 T= 1.7750E+00 DT= 2.5000E-05 ERR= -0.0% DM/M= 0.0000E+00
 ELAPSED TIME=         10.15 s  REMAINING TIME=         47.04 s
 NC=   71100 T= 1.7775E+00 DT= 2.5000E-05 ERR=  0.0% DM/M= 0.0000E+00
 ELAPSED TIME=         10.17 s  REMAINING TIME=         47.02 s
 NC=   71200 T= 1.7800E+00 DT= 2.5000E-05 ERR= -0.0% DM/M= 0.0000E+00
 ELAPSED TIME=         10.18 s  REMAINING TIME=         47.01 s
 NC=   71300 T= 1.7825E+00 DT= 2.5000E-05 ERR=  0.0% DM/M= 0.0000E+00
 ELAPSED TIME=         10.19 s  REMAINING TIME=         46.99 s
 NC=   71400 T= 1.7850E+00 DT= 2.5000E-05 ERR= -0.0% DM/M= 0.0000E+00
 ELAPSED TIME=         10.21 s  REMAINING TIME=         46.98 s
 NC=   71500 T= 1.7875E+00 DT= 2.5000E-05 ERR=  0.0% DM/M= 0.0000E+00
 ELAPSED TIME=         10.22 s  REMAINING TIME=         46.96 s
 NC=   71600 T= 1.7900E+00 DT= 2.5000E-05 ERR= -0.0% DM/M= 0.0000E+00
 ELAPSED TIME=         10.24 s  REMAINING TIME=         46.95 s
 NC=   71700 T= 1.7925E+00 DT= 2.5000E-05 ERR=  0.0% DM/M= 0.0000E+00
 ELAPSED TIME=         10.25 s  REMAINING TIME=         46.93 s
 NC=   71800 T= 1.7950E+00 DT= 2.5000E-05 ERR= -0.0% DM/M= 0.0000E+00
 ELAPSED TIME=         10.26 s  REMAINING TIME=         46.92 s
 NC=   71900 T= 1.7975E+00 DT= 2.5000E-05 ERR=  0.0% DM/M= 0.0000E+00
 ELAPSED TIME=         10.28 s  REMAINING TIME=         46.90 s
 NC=   72000 T= 1.8000E+00 DT= 2.5000E-05 ERR= -0.0% DM/M= 0.0000E+00
 ELAPSED TIME=         10.29 s  REMAINING TIME=         46.89 s
 NC=   72100 T= 1.8025E+00 DT= 2.5000E-05 ERR=  0.0% DM/M= 0.0000E+00
 ELAPSED TIME=         10.31 s  REMAINING TIME=         46.87 s
 NC=   72200 T= 1.8050E+00 DT= 2.5000E-05 ERR= -0.0% DM/M= 0.0000E+00
 ELAPSED TIME=         10.32 s  REMAINING TIME=         46.86 s
 NC=   72300 T= 1.8075E+00 DT= 2.5000E-05 ERR=  0.0% DM/M= 0.0000E+00
 ELAPSED TIME=         10.34 s  REMAINING TIME=         46.84 s
 NC=   72400 T= 1.8100E+00 DT= 2.5000E-05 ERR= -0.0% DM/M= 0.0000E+00
 ELAPSED TIME=         10.35 s  REMAINING TIME=         46.83 s
 NC=   72500 T= 1.8125E+00 DT= 2.5000E-05 ERR=  0.0% DM/M= 0.0000E+00
 ELAPSED TIME=         10.36 s  REMAINING TIME=         46.82 s
 NC=   72600 T= 1.8150E+00 DT= 2.5000E-05 ERR= -0.0% DM/M= 0.0000E+00
 ELAPSED TIME=         10.38 s  REMAINING TIME=         46.80 s
 NC=   72700 T= 1.8175E+00 DT= 2.5000E-05 ERR=  0.0% DM/M= 0.0000E+00
 ELAPSED TIME=         10.39 s  REMAINING TIME=         46.78 s
 NC=   72800 T= 1.8200E+00 DT= 2.5000E-05 ERR= -0.0% DM/M= 0.0000E+00
 ELAPSED TIME=         10.41 s  REMAINING TIME=         46.77 s
 NC=   72900 T= 1.8225E+00 DT= 2.5000E-05 ERR=  0.0% DM/M= 0.0000E+00
 ELAPSED TIME=         10.42 s  REMAINING TIME=         46.75 s
 NC=   73000 T= 1.8250E+00 DT= 2.5000E-05 ERR= -0.0% DM/M= 0.0000E+00
 ELAPSED TIME=         10.43 s  REMAINING TIME=         46.74 s
 NC=   73100 T= 1.8275E+00 DT= 2.5000E-05 ERR=  0.0% DM/M= 0.0000E+00
 ELAPSED TIME=         10.45 s  REMAINING TIME=         46.73 s
 NC=   73200 T= 1.8300E+00 DT= 2.5000E-05 ERR= -0.0% DM/M= 0.0000E+00
 ELAPSED TIME=         10.46 s  REMAINING TIME=         46.71 s
 NC=   73300 T= 1.8325E+00 DT= 2.5000E-05 ERR=  0.0% DM/M= 0.0000E+00
 ELAPSED TIME=         10.48 s  REMAINING TIME=         46.70 s
 NC=   73400 T= 1.8350E+00 DT= 2.5000E-05 ERR= -0.0% DM/M= 0.0000E+00
 ELAPSED TIME=         10.49 s  REMAINING TIME=         46.68 s
 NC=   73500 T= 1.8375E+00 DT= 2.5000E-05 ERR=  0.0% DM/M= 0.0000E+00
 ELAPSED TIME=         10.50 s  REMAINING TIME=         46.66 s
 NC=   73600 T= 1.8400E+00 DT= 2.5000E-05 ERR= -0.0% DM/M= 0.0000E+00
 ELAPSED TIME=         10.52 s  REMAINING TIME=         46.65 s
 NC=   73700 T= 1.8425E+00 DT= 2.5000E-05 ERR=  0.0% DM/M= 0.0000E+00
 ELAPSED TIME=         10.53 s  REMAINING TIME=         46.64 s
 NC=   73800 T= 1.8450E+00 DT= 2.5000E-05 ERR= -0.0% DM/M= 0.0000E+00
 ELAPSED TIME=         10.55 s  REMAINING TIME=         46.62 s
 NC=   73900 T= 1.8475E+00 DT= 2.5000E-05 ERR=  0.0% DM/M= 0.0000E+00
 ELAPSED TIME=         10.56 s  REMAINING TIME=         46.61 s
 NC=   74000 T= 1.8500E+00 DT= 2.5000E-05 ERR= -0.0% DM/M= 0.0000E+00
 ELAPSED TIME=         10.58 s  REMAINING TIME=         46.59 s
 NC=   74100 T= 1.8525E+00 DT= 2.5000E-05 ERR=  0.0% DM/M= 0.0000E+00
 ELAPSED TIME=         10.59 s  REMAINING TIME=         46.58 s
 NC=   74200 T= 1.8550E+00 DT= 2.5000E-05 ERR= -0.0% DM/M= 0.0000E+00
 ELAPSED TIME=         10.60 s  REMAINING TIME=         46.56 s
 NC=   74300 T= 1.8575E+00 DT= 2.5000E-05 ERR=  0.0% DM/M= 0.0000E+00
 ELAPSED TIME=         10.62 s  REMAINING TIME=         46.55 s
 NC=   74400 T= 1.8600E+00 DT= 2.5000E-05 ERR= -0.0% DM/M= 0.0000E+00
 ELAPSED TIME=         10.63 s  REMAINING TIME=         46.53 s
 NC=   74500 T= 1.8625E+00 DT= 2.5000E-05 ERR=  0.0% DM/M= 0.0000E+00
 ELAPSED TIME=         10.65 s  REMAINING TIME=         46.52 s
 NC=   74600 T= 1.8650E+00 DT= 2.5000E-05 ERR= -0.0% DM/M= 0.0000E+00
 ELAPSED TIME=         10.66 s  REMAINING TIME=         46.50 s
 NC=   74700 T= 1.8675E+00 DT= 2.5000E-05 ERR=  0.0% DM/M= 0.0000E+00
 ELAPSED TIME=         10.68 s  REMAINING TIME=         46.49 s
 NC=   74800 T= 1.8700E+00 DT= 2.5000E-05 ERR= -0.0% DM/M= 0.0000E+00
 ELAPSED TIME=         10.69 s  REMAINING TIME=         46.48 s
 NC=   74900 T= 1.8725E+00 DT= 2.5000E-05 ERR=  0.0% DM/M= 0.0000E+00
 ELAPSED TIME=         10.70 s  REMAINING TIME=         46.46 s
 NC=   75000 T= 1.8750E+00 DT= 2.5000E-05 ERR= -0.0% DM/M= 0.0000E+00
 ELAPSED TIME=         10.72 s  REMAINING TIME=         46.45 s
 NC=   75100 T= 1.8775E+00 DT= 2.5000E-05 ERR=  0.0% DM/M= 0.0000E+00
 ELAPSED TIME=         10.73 s  REMAINING TIME=         46.43 s
 NC=   75200 T= 1.8800E+00 DT= 2.5000E-05 ERR= -0.0% DM/M= 0.0000E+00
 ELAPSED TIME=         10.75 s  REMAINING TIME=         46.42 s
 NC=   75300 T= 1.8825E+00 DT= 2.5000E-05 ERR=  0.0% DM/M= 0.0000E+00
 ELAPSED TIME=         10.76 s  REMAINING TIME=         46.40 s
 NC=   75400 T= 1.8850E+00 DT= 2.5000E-05 ERR= -0.0% DM/M= 0.0000E+00
 ELAPSED TIME=         10.78 s  REMAINING TIME=         46.39 s
 NC=   75500 T= 1.8875E+00 DT= 2.5000E-05 ERR=  0.0% DM/M= 0.0000E+00
 ELAPSED TIME=         10.79 s  REMAINING TIME=         46.37 s
 NC=   75600 T= 1.8900E+00 DT= 2.5000E-05 ERR= -0.0% DM/M= 0.0000E+00
 ELAPSED TIME=         10.80 s  REMAINING TIME=         46.36 s
 NC=   75700 T= 1.8925E+00 DT= 2.5000E-05 ERR=  0.0% DM/M= 0.0000E+00
 ELAPSED TIME=         10.82 s  REMAINING TIME=         46.34 s
 NC=   75800 T= 1.8950E+00 DT= 2.5000E-05 ERR= -0.0% DM/M= 0.0000E+00
 ELAPSED TIME=         10.83 s  REMAINING TIME=         46.33 s
 NC=   75900 T= 1.8975E+00 DT= 2.5000E-05 ERR=  0.0% DM/M= 0.0000E+00
 ELAPSED TIME=         10.85 s  REMAINING TIME=         46.31 s
 NC=   76000 T= 1.9000E+00 DT= 2.5000E-05 ERR= -0.0% DM/M= 0.0000E+00
 ELAPSED TIME=         10.86 s  REMAINING TIME=         46.30 s
 NC=   76100 T= 1.9025E+00 DT= 2.5000E-05 ERR=  0.0% DM/M= 0.0000E+00
 ELAPSED TIME=         10.87 s  REMAINING TIME=         46.28 s
 NC=   76200 T= 1.9050E+00 DT= 2.5000E-05 ERR= -0.0% DM/M= 0.0000E+00
 ELAPSED TIME=         10.89 s  REMAINING TIME=         46.27 s
 NC=   76300 T= 1.9075E+00 DT= 2.5000E-05 ERR=  0.0% DM/M= 0.0000E+00
 ELAPSED TIME=         10.90 s  REMAINING TIME=         46.25 s
 NC=   76400 T= 1.9100E+00 DT= 2.5000E-05 ERR= -0.0% DM/M= 0.0000E+00
 ELAPSED TIME=         10.92 s  REMAINING TIME=         46.24 s
 NC=   76500 T= 1.9125E+00 DT= 2.5000E-05 ERR=  0.0% DM/M= 0.0000E+00
 ELAPSED TIME=         10.93 s  REMAINING TIME=         46.23 s
 NC=   76600 T= 1.9150E+00 DT= 2.5000E-05 ERR= -0.0% DM/M= 0.0000E+00
 ELAPSED TIME=         10.95 s  REMAINING TIME=         46.22 s
 NC=   76700 T= 1.9175E+00 DT= 2.5000E-05 ERR=  0.0% DM/M= 0.0000E+00
 ELAPSED TIME=         10.96 s  REMAINING TIME=         46.20 s
 NC=   76800 T= 1.9200E+00 DT= 2.5000E-05 ERR= -0.0% DM/M= 0.0000E+00
 ELAPSED TIME=         10.98 s  REMAINING TIME=         46.19 s
 NC=   76900 T= 1.9225E+00 DT= 2.5000E-05 ERR=  0.0% DM/M= 0.0000E+00
 ELAPSED TIME=         10.99 s  REMAINING TIME=         46.17 s
 NC=   77000 T= 1.9250E+00 DT= 2.5000E-05 ERR= -0.0% DM/M= 0.0000E+00
 ELAPSED TIME=         11.00 s  REMAINING TIME=         46.16 s
 NC=   77100 T= 1.9275E+00 DT= 2.5000E-05 ERR=  0.0% DM/M= 0.0000E+00
 ELAPSED TIME=         11.02 s  REMAINING TIME=         46.14 s
 NC=   77200 T= 1.9300E+00 DT= 2.5000E-05 ERR= -0.0% DM/M= 0.0000E+00
 ELAPSED TIME=         11.03 s  REMAINING TIME=         46.13 s
 NC=   77300 T= 1.9325E+00 DT= 2.5000E-05 ERR=  0.0% DM/M= 0.0000E+00
 ELAPSED TIME=         11.05 s  REMAINING TIME=         46.11 s
 NC=   77400 T= 1.9350E+00 DT= 2.5000E-05 ERR= -0.0% DM/M= 0.0000E+00
 ELAPSED TIME=         11.06 s  REMAINING TIME=         46.10 s
 NC=   77500 T= 1.9375E+00 DT= 2.5000E-05 ERR=  0.0% DM/M= 0.0000E+00
 ELAPSED TIME=         11.07 s  REMAINING TIME=         46.08 s
 NC=   77600 T= 1.9400E+00 DT= 2.5000E-05 ERR= -0.0% DM/M= 0.0000E+00
 ELAPSED TIME=         11.09 s  REMAINING TIME=         46.07 s
 NC=   77700 T= 1.9425E+00 DT= 2.5000E-05 ERR=  0.0% DM/M= 0.0000E+00
 ELAPSED TIME=         11.10 s  REMAINING TIME=         46.06 s
 NC=   77800 T= 1.9450E+00 DT= 2.5000E-05 ERR= -0.0% DM/M= 0.0000E+00
 ELAPSED TIME=         11.12 s  REMAINING TIME=         46.04 s
 NC=   77900 T= 1.9475E+00 DT= 2.5000E-05 ERR=  0.0% DM/M= 0.0000E+00
 ELAPSED TIME=         11.13 s  REMAINING TIME=         46.03 s
 NC=   78000 T= 1.9500E+00 DT= 2.5000E-05 ERR= -0.0% DM/M= 0.0000E+00
 ELAPSED TIME=         11.15 s  REMAINING TIME=         46.01 s
 NC=   78100 T= 1.9525E+00 DT= 2.5000E-05 ERR=  0.0% DM/M= 0.0000E+00
 ELAPSED TIME=         11.16 s  REMAINING TIME=         46.00 s
 NC=   78200 T= 1.9550E+00 DT= 2.5000E-05 ERR= -0.0% DM/M= 0.0000E+00
 ELAPSED TIME=         11.17 s  REMAINING TIME=         45.98 s
 NC=   78300 T= 1.9575E+00 DT= 2.5000E-05 ERR=  0.0% DM/M= 0.0000E+00
 ELAPSED TIME=         11.19 s  REMAINING TIME=         45.97 s
 NC=   78400 T= 1.9600E+00 DT= 2.5000E-05 ERR= -0.0% DM/M= 0.0000E+00
 ELAPSED TIME=         11.20 s  REMAINING TIME=         45.95 s
 NC=   78500 T= 1.9625E+00 DT= 2.5000E-05 ERR=  0.0% DM/M= 0.0000E+00
 ELAPSED TIME=         11.22 s  REMAINING TIME=         45.94 s
 NC=   78600 T= 1.9650E+00 DT= 2.5000E-05 ERR= -0.0% DM/M= 0.0000E+00
 ELAPSED TIME=         11.23 s  REMAINING TIME=         45.92 s
 NC=   78700 T= 1.9675E+00 DT= 2.5000E-05 ERR=  0.0% DM/M= 0.0000E+00
 ELAPSED TIME=         11.24 s  REMAINING TIME=         45.91 s
 NC=   78800 T= 1.9700E+00 DT= 2.5000E-05 ERR= -0.0% DM/M= 0.0000E+00
 ELAPSED TIME=         11.26 s  REMAINING TIME=         45.89 s
 NC=   78900 T= 1.9725E+00 DT= 2.5000E-05 ERR=  0.0% DM/M= 0.0000E+00
 ELAPSED TIME=         11.27 s  REMAINING TIME=         45.88 s
 NC=   79000 T= 1.9750E+00 DT= 2.5000E-05 ERR= -0.0% DM/M= 0.0000E+00
 ELAPSED TIME=         11.29 s  REMAINING TIME=         45.86 s
 NC=   79100 T= 1.9775E+00 DT= 2.5000E-05 ERR=  0.0% DM/M= 0.0000E+00
 ELAPSED TIME=         11.30 s  REMAINING TIME=         45.85 s
 NC=   79200 T= 1.9800E+00 DT= 2.5000E-05 ERR= -0.0% DM/M= 0.0000E+00
 ELAPSED TIME=         11.32 s  REMAINING TIME=         45.83 s
 NC=   79300 T= 1.9825E+00 DT= 2.5000E-05 ERR=  0.0% DM/M= 0.0000E+00
 ELAPSED TIME=         11.33 s  REMAINING TIME=         45.82 s
 NC=   79400 T= 1.9850E+00 DT= 2.5000E-05 ERR= -0.0% DM/M= 0.0000E+00
 ELAPSED TIME=         11.34 s  REMAINING TIME=         45.80 s
 NC=   79500 T= 1.9875E+00 DT= 2.5000E-05 ERR=  0.0% DM/M= 0.0000E+00
 ELAPSED TIME=         11.36 s  REMAINING TIME=         45.79 s
 NC=   79600 T= 1.9900E+00 DT= 2.5000E-05 ERR= -0.0% DM/M= 0.0000E+00
 ELAPSED TIME=         11.37 s  REMAINING TIME=         45.78 s
 NC=   79700 T= 1.9925E+00 DT= 2.5000E-05 ERR=  0.0% DM/M= 0.0000E+00
 ELAPSED TIME=         11.39 s  REMAINING TIME=         45.77 s
 NC=   79800 T= 1.9950E+00 DT= 2.5000E-05 ERR= -0.0% DM/M= 0.0000E+00
 ELAPSED TIME=         11.40 s  REMAINING TIME=         45.75 s
 NC=   79900 T= 1.9975E+00 DT= 2.5000E-05 ERR=  0.0% DM/M= 0.0000E+00
 ELAPSED TIME=         11.42 s  REMAINING TIME=         45.74 s
 NC=   80000 T= 2.0000E+00 DT= 2.5000E-05 ERR= -0.0% DM/M= 0.0000E+00
 ELAPSED TIME=         11.43 s  REMAINING TIME=         45.72 s
     ANIMATION FILE: A23_w1_REFERENCE_ROTATION_YA009 WRITTEN
 NC=   80100 T= 2.0025E+00 DT= 2.5000E-05 ERR=  0.0% DM/M= 0.0000E+00
 ELAPSED TIME=         11.45 s  REMAINING TIME=         45.71 s
 NC=   80200 T= 2.0050E+00 DT= 2.5000E-05 ERR= -0.0% DM/M= 0.0000E+00
 ELAPSED TIME=         11.46 s  REMAINING TIME=         45.70 s
 NC=   80300 T= 2.0075E+00 DT= 2.5000E-05 ERR=  0.0% DM/M= 0.0000E+00
 ELAPSED TIME=         11.47 s  REMAINING TIME=         45.68 s
 NC=   80400 T= 2.0100E+00 DT= 2.5000E-05 ERR= -0.0% DM/M= 0.0000E+00
 ELAPSED TIME=         11.49 s  REMAINING TIME=         45.67 s
 NC=   80500 T= 2.0125E+00 DT= 2.5000E-05 ERR=  0.0% DM/M= 0.0000E+00
 ELAPSED TIME=         11.50 s  REMAINING TIME=         45.65 s
 NC=   80600 T= 2.0150E+00 DT= 2.5000E-05 ERR= -0.0% DM/M= 0.0000E+00
 ELAPSED TIME=         11.52 s  REMAINING TIME=         45.64 s
 NC=   80700 T= 2.0175E+00 DT= 2.5000E-05 ERR=  0.0% DM/M= 0.0000E+00
 ELAPSED TIME=         11.53 s  REMAINING TIME=         45.62 s
 NC=   80800 T= 2.0200E+00 DT= 2.5000E-05 ERR= -0.0% DM/M= 0.0000E+00
 ELAPSED TIME=         11.55 s  REMAINING TIME=         45.61 s
 NC=   80900 T= 2.0225E+00 DT= 2.5000E-05 ERR=  0.0% DM/M= 0.0000E+00
 ELAPSED TIME=         11.56 s  REMAINING TIME=         45.60 s
 NC=   81000 T= 2.0250E+00 DT= 2.5000E-05 ERR= -0.0% DM/M= 0.0000E+00
 ELAPSED TIME=         11.57 s  REMAINING TIME=         45.58 s
 NC=   81100 T= 2.0275E+00 DT= 2.5000E-05 ERR=  0.0% DM/M= 0.0000E+00
 ELAPSED TIME=         11.59 s  REMAINING TIME=         45.56 s
 NC=   81200 T= 2.0300E+00 DT= 2.5000E-05 ERR= -0.0% DM/M= 0.0000E+00
 ELAPSED TIME=         11.60 s  REMAINING TIME=         45.55 s
 NC=   81300 T= 2.0325E+00 DT= 2.5000E-05 ERR=  0.0% DM/M= 0.0000E+00
 ELAPSED TIME=         11.62 s  REMAINING TIME=         45.53 s
 NC=   81400 T= 2.0350E+00 DT= 2.5000E-05 ERR= -0.0% DM/M= 0.0000E+00
 ELAPSED TIME=         11.63 s  REMAINING TIME=         45.52 s
 NC=   81500 T= 2.0375E+00 DT= 2.5000E-05 ERR=  0.0% DM/M= 0.0000E+00
 ELAPSED TIME=         11.64 s  REMAINING TIME=         45.51 s
 NC=   81600 T= 2.0400E+00 DT= 2.5000E-05 ERR= -0.0% DM/M= 0.0000E+00
 ELAPSED TIME=         11.66 s  REMAINING TIME=         45.49 s
 NC=   81700 T= 2.0425E+00 DT= 2.5000E-05 ERR=  0.0% DM/M= 0.0000E+00
 ELAPSED TIME=         11.67 s  REMAINING TIME=         45.48 s
 NC=   81800 T= 2.0450E+00 DT= 2.5000E-05 ERR= -0.0% DM/M= 0.0000E+00
 ELAPSED TIME=         11.69 s  REMAINING TIME=         45.46 s
 NC=   81900 T= 2.0475E+00 DT= 2.5000E-05 ERR=  0.0% DM/M= 0.0000E+00
 ELAPSED TIME=         11.70 s  REMAINING TIME=         45.45 s
 NC=   82000 T= 2.0500E+00 DT= 2.5000E-05 ERR= -0.0% DM/M= 0.0000E+00
 ELAPSED TIME=         11.72 s  REMAINING TIME=         45.43 s
 NC=   82100 T= 2.0525E+00 DT= 2.5000E-05 ERR=  0.0% DM/M= 0.0000E+00
 ELAPSED TIME=         11.73 s  REMAINING TIME=         45.42 s
 NC=   82200 T= 2.0550E+00 DT= 2.5000E-05 ERR= -0.0% DM/M= 0.0000E+00
 ELAPSED TIME=         11.74 s  REMAINING TIME=         45.40 s
 NC=   82300 T= 2.0575E+00 DT= 2.5000E-05 ERR=  0.0% DM/M= 0.0000E+00
 ELAPSED TIME=         11.76 s  REMAINING TIME=         45.39 s
 NC=   82400 T= 2.0600E+00 DT= 2.5000E-05 ERR= -0.0% DM/M= 0.0000E+00
 ELAPSED TIME=         11.77 s  REMAINING TIME=         45.37 s
 NC=   82500 T= 2.0625E+00 DT= 2.5000E-05 ERR=  0.0% DM/M= 0.0000E+00
 ELAPSED TIME=         11.79 s  REMAINING TIME=         45.36 s
 NC=   82600 T= 2.0650E+00 DT= 2.5000E-05 ERR= -0.0% DM/M= 0.0000E+00
 ELAPSED TIME=         11.80 s  REMAINING TIME=         45.34 s
 NC=   82700 T= 2.0675E+00 DT= 2.5000E-05 ERR=  0.0% DM/M= 0.0000E+00
 ELAPSED TIME=         11.81 s  REMAINING TIME=         45.33 s
 NC=   82800 T= 2.0700E+00 DT= 2.5000E-05 ERR= -0.0% DM/M= 0.0000E+00
 ELAPSED TIME=         11.83 s  REMAINING TIME=         45.34 s
 NC=   82900 T= 2.0725E+00 DT= 2.5000E-05 ERR=  0.0% DM/M= 0.0000E+00
 ELAPSED TIME=         11.86 s  REMAINING TIME=         45.36 s
 NC=   83000 T= 2.0750E+00 DT= 2.5000E-05 ERR= -0.0% DM/M= 0.0000E+00
 ELAPSED TIME=         11.88 s  REMAINING TIME=         45.39 s
 NC=   83100 T= 2.0775E+00 DT= 2.5000E-05 ERR=  0.0% DM/M= 0.0000E+00
 ELAPSED TIME=         11.91 s  REMAINING TIME=         45.41 s
 NC=   83200 T= 2.0800E+00 DT= 2.5000E-05 ERR= -0.0% DM/M= 0.0000E+00
 ELAPSED TIME=         11.93 s  REMAINING TIME=         45.44 s
 NC=   83300 T= 2.0825E+00 DT= 2.5000E-05 ERR=  0.0% DM/M= 0.0000E+00
 ELAPSED TIME=         11.96 s  REMAINING TIME=         45.46 s
 NC=   83400 T= 2.0850E+00 DT= 2.5000E-05 ERR= -0.0% DM/M= 0.0000E+00
 ELAPSED TIME=         11.98 s  REMAINING TIME=         45.46 s
 NC=   83500 T= 2.0875E+00 DT= 2.5000E-05 ERR=  0.0% DM/M= 0.0000E+00
 ELAPSED TIME=         11.99 s  REMAINING TIME=         45.45 s
 NC=   83600 T= 2.0900E+00 DT= 2.5000E-05 ERR= -0.0% DM/M= 0.0000E+00
 ELAPSED TIME=         12.01 s  REMAINING TIME=         45.44 s
 NC=   83700 T= 2.0925E+00 DT= 2.5000E-05 ERR=  0.0% DM/M= 0.0000E+00
 ELAPSED TIME=         12.02 s  REMAINING TIME=         45.42 s
 NC=   83800 T= 2.0950E+00 DT= 2.5000E-05 ERR= -0.0% DM/M= 0.0000E+00
 ELAPSED TIME=         12.03 s  REMAINING TIME=         45.41 s
 NC=   83900 T= 2.0975E+00 DT= 2.5000E-05 ERR=  0.0% DM/M= 0.0000E+00
 ELAPSED TIME=         12.05 s  REMAINING TIME=         45.39 s
 NC=   84000 T= 2.1000E+00 DT= 2.5000E-05 ERR= -0.0% DM/M= 0.0000E+00
 ELAPSED TIME=         12.06 s  REMAINING TIME=         45.38 s
 NC=   84100 T= 2.1025E+00 DT= 2.5000E-05 ERR=  0.0% DM/M= 0.0000E+00
 ELAPSED TIME=         12.08 s  REMAINING TIME=         45.36 s
 NC=   84200 T= 2.1050E+00 DT= 2.5000E-05 ERR= -0.0% DM/M= 0.0000E+00
 ELAPSED TIME=         12.09 s  REMAINING TIME=         45.34 s
 NC=   84300 T= 2.1075E+00 DT= 2.5000E-05 ERR=  0.0% DM/M= 0.0000E+00
 ELAPSED TIME=         12.10 s  REMAINING TIME=         45.33 s
 NC=   84400 T= 2.1100E+00 DT= 2.5000E-05 ERR= -0.0% DM/M= 0.0000E+00
 ELAPSED TIME=         12.12 s  REMAINING TIME=         45.31 s
 NC=   84500 T= 2.1125E+00 DT= 2.5000E-05 ERR=  0.0% DM/M= 0.0000E+00
 ELAPSED TIME=         12.13 s  REMAINING TIME=         45.30 s
 NC=   84600 T= 2.1150E+00 DT= 2.5000E-05 ERR= -0.0% DM/M= 0.0000E+00
 ELAPSED TIME=         12.15 s  REMAINING TIME=         45.29 s
 NC=   84700 T= 2.1175E+00 DT= 2.5000E-05 ERR=  0.0% DM/M= 0.0000E+00
 ELAPSED TIME=         12.16 s  REMAINING TIME=         45.27 s
 NC=   84800 T= 2.1200E+00 DT= 2.5000E-05 ERR= -0.0% DM/M= 0.0000E+00
 ELAPSED TIME=         12.18 s  REMAINING TIME=         45.26 s
 NC=   84900 T= 2.1225E+00 DT= 2.5000E-05 ERR=  0.0% DM/M= 0.0000E+00
 ELAPSED TIME=         12.19 s  REMAINING TIME=         45.24 s
 NC=   85000 T= 2.1250E+00 DT= 2.5000E-05 ERR= -0.0% DM/M= 0.0000E+00
 ELAPSED TIME=         12.20 s  REMAINING TIME=         45.23 s
 NC=   85100 T= 2.1275E+00 DT= 2.5000E-05 ERR=  0.0% DM/M= 0.0000E+00
 ELAPSED TIME=         12.22 s  REMAINING TIME=         45.21 s
 NC=   85200 T= 2.1300E+00 DT= 2.5000E-05 ERR= -0.0% DM/M= 0.0000E+00
 ELAPSED TIME=         12.23 s  REMAINING TIME=         45.19 s
 NC=   85300 T= 2.1325E+00 DT= 2.5000E-05 ERR=  0.0% DM/M= 0.0000E+00
 ELAPSED TIME=         12.25 s  REMAINING TIME=         45.18 s
 NC=   85400 T= 2.1350E+00 DT= 2.5000E-05 ERR= -0.0% DM/M= 0.0000E+00
 ELAPSED TIME=         12.26 s  REMAINING TIME=         45.16 s
 NC=   85500 T= 2.1375E+00 DT= 2.5000E-05 ERR=  0.0% DM/M= 0.0000E+00
 ELAPSED TIME=         12.27 s  REMAINING TIME=         45.15 s
 NC=   85600 T= 2.1400E+00 DT= 2.5000E-05 ERR= -0.0% DM/M= 0.0000E+00
 ELAPSED TIME=         12.29 s  REMAINING TIME=         45.13 s
 NC=   85700 T= 2.1425E+00 DT= 2.5000E-05 ERR=  0.0% DM/M= 0.0000E+00
 ELAPSED TIME=         12.30 s  REMAINING TIME=         45.12 s
 NC=   85800 T= 2.1450E+00 DT= 2.5000E-05 ERR= -0.0% DM/M= 0.0000E+00
 ELAPSED TIME=         12.32 s  REMAINING TIME=         45.10 s
 NC=   85900 T= 2.1475E+00 DT= 2.5000E-05 ERR=  0.0% DM/M= 0.0000E+00
 ELAPSED TIME=         12.33 s  REMAINING TIME=         45.09 s
 NC=   86000 T= 2.1500E+00 DT= 2.5000E-05 ERR= -0.0% DM/M= 0.0000E+00
 ELAPSED TIME=         12.35 s  REMAINING TIME=         45.07 s
 NC=   86100 T= 2.1525E+00 DT= 2.5000E-05 ERR=  0.0% DM/M= 0.0000E+00
 ELAPSED TIME=         12.36 s  REMAINING TIME=         45.06 s
 NC=   86200 T= 2.1550E+00 DT= 2.5000E-05 ERR= -0.0% DM/M= 0.0000E+00
 ELAPSED TIME=         12.37 s  REMAINING TIME=         45.04 s
 NC=   86300 T= 2.1575E+00 DT= 2.5000E-05 ERR=  0.0% DM/M= 0.0000E+00
 ELAPSED TIME=         12.39 s  REMAINING TIME=         45.03 s
 NC=   86400 T= 2.1600E+00 DT= 2.5000E-05 ERR= -0.0% DM/M= 0.0000E+00
 ELAPSED TIME=         12.40 s  REMAINING TIME=         45.01 s
 NC=   86500 T= 2.1625E+00 DT= 2.5000E-05 ERR=  0.0% DM/M= 0.0000E+00
 ELAPSED TIME=         12.42 s  REMAINING TIME=         45.00 s
 NC=   86600 T= 2.1650E+00 DT= 2.5000E-05 ERR= -0.0% DM/M= 0.0000E+00
 ELAPSED TIME=         12.43 s  REMAINING TIME=         44.98 s
 NC=   86700 T= 2.1675E+00 DT= 2.5000E-05 ERR=  0.0% DM/M= 0.0000E+00
 ELAPSED TIME=         12.44 s  REMAINING TIME=         44.97 s
 NC=   86800 T= 2.1700E+00 DT= 2.5000E-05 ERR= -0.0% DM/M= 0.0000E+00
 ELAPSED TIME=         12.46 s  REMAINING TIME=         44.95 s
 NC=   86900 T= 2.1725E+00 DT= 2.5000E-05 ERR=  0.0% DM/M= 0.0000E+00
 ELAPSED TIME=         12.47 s  REMAINING TIME=         44.94 s
 NC=   87000 T= 2.1750E+00 DT= 2.5000E-05 ERR= -0.0% DM/M= 0.0000E+00
 ELAPSED TIME=         12.49 s  REMAINING TIME=         44.92 s
 NC=   87100 T= 2.1775E+00 DT= 2.5000E-05 ERR=  0.0% DM/M= 0.0000E+00
 ELAPSED TIME=         12.50 s  REMAINING TIME=         44.91 s
 NC=   87200 T= 2.1800E+00 DT= 2.5000E-05 ERR= -0.0% DM/M= 0.0000E+00
 ELAPSED TIME=         12.52 s  REMAINING TIME=         44.89 s
 NC=   87300 T= 2.1825E+00 DT= 2.5000E-05 ERR=  0.0% DM/M= 0.0000E+00
 ELAPSED TIME=         12.53 s  REMAINING TIME=         44.88 s
 NC=   87400 T= 2.1850E+00 DT= 2.5000E-05 ERR= -0.0% DM/M= 0.0000E+00
 ELAPSED TIME=         12.54 s  REMAINING TIME=         44.86 s
 NC=   87500 T= 2.1875E+00 DT= 2.5000E-05 ERR=  0.0% DM/M= 0.0000E+00
 ELAPSED TIME=         12.56 s  REMAINING TIME=         44.85 s
 NC=   87600 T= 2.1900E+00 DT= 2.5000E-05 ERR= -0.0% DM/M= 0.0000E+00
 ELAPSED TIME=         12.57 s  REMAINING TIME=         44.83 s
 NC=   87700 T= 2.1925E+00 DT= 2.5000E-05 ERR=  0.0% DM/M= 0.0000E+00
 ELAPSED TIME=         12.59 s  REMAINING TIME=         44.82 s
 NC=   87800 T= 2.1950E+00 DT= 2.5000E-05 ERR= -0.0% DM/M= 0.0000E+00
 ELAPSED TIME=         12.60 s  REMAINING TIME=         44.80 s
 NC=   87900 T= 2.1975E+00 DT= 2.5000E-05 ERR=  0.0% DM/M= 0.0000E+00
 ELAPSED TIME=         12.61 s  REMAINING TIME=         44.79 s
 NC=   88000 T= 2.2000E+00 DT= 2.5000E-05 ERR= -0.0% DM/M= 0.0000E+00
 ELAPSED TIME=         12.63 s  REMAINING TIME=         44.79 s
 NC=   88100 T= 2.2025E+00 DT= 2.5000E-05 ERR=  0.0% DM/M= 0.0000E+00
 ELAPSED TIME=         12.65 s  REMAINING TIME=         44.77 s
 NC=   88200 T= 2.2050E+00 DT= 2.5000E-05 ERR= -0.0% DM/M= 0.0000E+00
 ELAPSED TIME=         12.66 s  REMAINING TIME=         44.76 s
 NC=   88300 T= 2.2075E+00 DT= 2.5000E-05 ERR=  0.0% DM/M= 0.0000E+00
 ELAPSED TIME=         12.67 s  REMAINING TIME=         44.74 s
 NC=   88400 T= 2.2100E+00 DT= 2.5000E-05 ERR= -0.0% DM/M= 0.0000E+00
 ELAPSED TIME=         12.69 s  REMAINING TIME=         44.73 s
 NC=   88500 T= 2.2125E+00 DT= 2.5000E-05 ERR=  0.0% DM/M= 0.0000E+00
 ELAPSED TIME=         12.70 s  REMAINING TIME=         44.71 s
 NC=   88600 T= 2.2150E+00 DT= 2.5000E-05 ERR= -0.0% DM/M= 0.0000E+00
 ELAPSED TIME=         12.72 s  REMAINING TIME=         44.70 s
 NC=   88700 T= 2.2175E+00 DT= 2.5000E-05 ERR=  0.0% DM/M= 0.0000E+00
 ELAPSED TIME=         12.73 s  REMAINING TIME=         44.68 s
 NC=   88800 T= 2.2200E+00 DT= 2.5000E-05 ERR= -0.0% DM/M= 0.0000E+00
 ELAPSED TIME=         12.75 s  REMAINING TIME=         44.67 s
 NC=   88900 T= 2.2225E+00 DT= 2.5000E-05 ERR=  0.0% DM/M= 0.0000E+00
 ELAPSED TIME=         12.76 s  REMAINING TIME=         44.65 s
 NC=   89000 T= 2.2250E+00 DT= 2.5000E-05 ERR= -0.0% DM/M= 0.0000E+00
 ELAPSED TIME=         12.77 s  REMAINING TIME=         44.64 s
 NC=   89100 T= 2.2275E+00 DT= 2.5000E-05 ERR=  0.0% DM/M= 0.0000E+00
 ELAPSED TIME=         12.79 s  REMAINING TIME=         44.62 s
 NC=   89200 T= 2.2300E+00 DT= 2.5000E-05 ERR= -0.0% DM/M= 0.0000E+00
 ELAPSED TIME=         12.80 s  REMAINING TIME=         44.61 s
 NC=   89300 T= 2.2325E+00 DT= 2.5000E-05 ERR=  0.0% DM/M= 0.0000E+00
 ELAPSED TIME=         12.82 s  REMAINING TIME=         44.59 s
 NC=   89400 T= 2.2350E+00 DT= 2.5000E-05 ERR= -0.0% DM/M= 0.0000E+00
 ELAPSED TIME=         12.83 s  REMAINING TIME=         44.58 s
 NC=   89500 T= 2.2375E+00 DT= 2.5000E-05 ERR=  0.0% DM/M= 0.0000E+00
 ELAPSED TIME=         12.85 s  REMAINING TIME=         44.56 s
 NC=   89600 T= 2.2400E+00 DT= 2.5000E-05 ERR= -0.0% DM/M= 0.0000E+00
 ELAPSED TIME=         12.86 s  REMAINING TIME=         44.55 s
 NC=   89700 T= 2.2425E+00 DT= 2.5000E-05 ERR=  0.0% DM/M= 0.0000E+00
 ELAPSED TIME=         12.87 s  REMAINING TIME=         44.53 s
 NC=   89800 T= 2.2450E+00 DT= 2.5000E-05 ERR= -0.0% DM/M= 0.0000E+00
 ELAPSED TIME=         12.89 s  REMAINING TIME=         44.52 s
 NC=   89900 T= 2.2475E+00 DT= 2.5000E-05 ERR=  0.0% DM/M= 0.0000E+00
 ELAPSED TIME=         12.90 s  REMAINING TIME=         44.50 s
 NC=   90000 T= 2.2500E+00 DT= 2.5000E-05 ERR= -0.0% DM/M= 0.0000E+00
 ELAPSED TIME=         12.92 s  REMAINING TIME=         44.49 s
     ANIMATION FILE: A23_w1_REFERENCE_ROTATION_YA010 WRITTEN
 NC=   90100 T= 2.2525E+00 DT= 2.5000E-05 ERR=  0.0% DM/M= 0.0000E+00
 ELAPSED TIME=         12.93 s  REMAINING TIME=         44.48 s
 NC=   90200 T= 2.2550E+00 DT= 2.5000E-05 ERR= -0.0% DM/M= 0.0000E+00
 ELAPSED TIME=         12.95 s  REMAINING TIME=         44.46 s
 NC=   90300 T= 2.2575E+00 DT= 2.5000E-05 ERR=  0.0% DM/M= 0.0000E+00
 ELAPSED TIME=         12.96 s  REMAINING TIME=         44.45 s
 NC=   90400 T= 2.2600E+00 DT= 2.5000E-05 ERR= -0.0% DM/M= 0.0000E+00
 ELAPSED TIME=         12.98 s  REMAINING TIME=         44.44 s
 NC=   90500 T= 2.2625E+00 DT= 2.5000E-05 ERR=  0.0% DM/M= 0.0000E+00
 ELAPSED TIME=         12.99 s  REMAINING TIME=         44.43 s
 NC=   90600 T= 2.2650E+00 DT= 2.5000E-05 ERR= -0.0% DM/M= 0.0000E+00
 ELAPSED TIME=         13.00 s  REMAINING TIME=         44.41 s
 NC=   90700 T= 2.2675E+00 DT= 2.5000E-05 ERR=  0.0% DM/M= 0.0000E+00
 ELAPSED TIME=         13.02 s  REMAINING TIME=         44.40 s
 NC=   90800 T= 2.2700E+00 DT= 2.5000E-05 ERR= -0.0% DM/M= 0.0000E+00
 ELAPSED TIME=         13.03 s  REMAINING TIME=         44.38 s
 NC=   90900 T= 2.2725E+00 DT= 2.5000E-05 ERR=  0.0% DM/M= 0.0000E+00
 ELAPSED TIME=         13.05 s  REMAINING TIME=         44.37 s
 NC=   91000 T= 2.2750E+00 DT= 2.5000E-05 ERR= -0.0% DM/M= 0.0000E+00
 ELAPSED TIME=         13.06 s  REMAINING TIME=         44.35 s
 NC=   91100 T= 2.2775E+00 DT= 2.5000E-05 ERR=  0.0% DM/M= 0.0000E+00
 ELAPSED TIME=         13.08 s  REMAINING TIME=         44.34 s
 NC=   91200 T= 2.2800E+00 DT= 2.5000E-05 ERR= -0.0% DM/M= 0.0000E+00
 ELAPSED TIME=         13.09 s  REMAINING TIME=         44.32 s
 NC=   91300 T= 2.2825E+00 DT= 2.5000E-05 ERR=  0.0% DM/M= 0.0000E+00
 ELAPSED TIME=         13.10 s  REMAINING TIME=         44.31 s
 NC=   91400 T= 2.2850E+00 DT= 2.5000E-05 ERR= -0.0% DM/M= 0.0000E+00
 ELAPSED TIME=         13.12 s  REMAINING TIME=         44.29 s
 NC=   91500 T= 2.2875E+00 DT= 2.5000E-05 ERR=  0.0% DM/M= 0.0000E+00
 ELAPSED TIME=         13.13 s  REMAINING TIME=         44.28 s
 NC=   91600 T= 2.2900E+00 DT= 2.5000E-05 ERR= -0.0% DM/M= 0.0000E+00
 ELAPSED TIME=         13.15 s  REMAINING TIME=         44.26 s
 NC=   91700 T= 2.2925E+00 DT= 2.5000E-05 ERR=  0.0% DM/M= 0.0000E+00
 ELAPSED TIME=         13.16 s  REMAINING TIME=         44.25 s
 NC=   91800 T= 2.2950E+00 DT= 2.5000E-05 ERR= -0.0% DM/M= 0.0000E+00
 ELAPSED TIME=         13.17 s  REMAINING TIME=         44.23 s
 NC=   91900 T= 2.2975E+00 DT= 2.5000E-05 ERR=  0.0% DM/M= 0.0000E+00
 ELAPSED TIME=         13.19 s  REMAINING TIME=         44.22 s
 NC=   92000 T= 2.3000E+00 DT= 2.5000E-05 ERR= -0.0% DM/M= 0.0000E+00
 ELAPSED TIME=         13.20 s  REMAINING TIME=         44.20 s
 NC=   92100 T= 2.3025E+00 DT= 2.5000E-05 ERR=  0.0% DM/M= 0.0000E+00
 ELAPSED TIME=         13.22 s  REMAINING TIME=         44.19 s
 NC=   92200 T= 2.3050E+00 DT= 2.5000E-05 ERR= -0.0% DM/M= 0.0000E+00
 ELAPSED TIME=         13.23 s  REMAINING TIME=         44.17 s
 NC=   92300 T= 2.3075E+00 DT= 2.5000E-05 ERR=  0.0% DM/M= 0.0000E+00
 ELAPSED TIME=         13.25 s  REMAINING TIME=         44.16 s
 NC=   92400 T= 2.3100E+00 DT= 2.5000E-05 ERR= -0.0% DM/M= 0.0000E+00
 ELAPSED TIME=         13.26 s  REMAINING TIME=         44.14 s
 NC=   92500 T= 2.3125E+00 DT= 2.5000E-05 ERR=  0.0% DM/M= 0.0000E+00
 ELAPSED TIME=         13.27 s  REMAINING TIME=         44.13 s
 NC=   92600 T= 2.3150E+00 DT= 2.5000E-05 ERR= -0.0% DM/M= 0.0000E+00
 ELAPSED TIME=         13.29 s  REMAINING TIME=         44.11 s
 NC=   92700 T= 2.3175E+00 DT= 2.5000E-05 ERR=  0.0% DM/M= 0.0000E+00
 ELAPSED TIME=         13.30 s  REMAINING TIME=         44.10 s
 NC=   92800 T= 2.3200E+00 DT= 2.5000E-05 ERR= -0.0% DM/M= 0.0000E+00
 ELAPSED TIME=         13.32 s  REMAINING TIME=         44.08 s
 NC=   92900 T= 2.3225E+00 DT= 2.5000E-05 ERR=  0.0% DM/M= 0.0000E+00
 ELAPSED TIME=         13.33 s  REMAINING TIME=         44.07 s
 NC=   93000 T= 2.3250E+00 DT= 2.5000E-05 ERR= -0.0% DM/M= 0.0000E+00
 ELAPSED TIME=         13.35 s  REMAINING TIME=         44.05 s
 NC=   93100 T= 2.3275E+00 DT= 2.5000E-05 ERR=  0.0% DM/M= 0.0000E+00
 ELAPSED TIME=         13.36 s  REMAINING TIME=         44.04 s
 NC=   93200 T= 2.3300E+00 DT= 2.5000E-05 ERR= -0.0% DM/M= 0.0000E+00
 ELAPSED TIME=         13.37 s  REMAINING TIME=         44.02 s
 NC=   93300 T= 2.3325E+00 DT= 2.5000E-05 ERR=  0.0% DM/M= 0.0000E+00
 ELAPSED TIME=         13.39 s  REMAINING TIME=         44.01 s
 NC=   93400 T= 2.3350E+00 DT= 2.5000E-05 ERR= -0.0% DM/M= 0.0000E+00
 ELAPSED TIME=         13.40 s  REMAINING TIME=         43.99 s
 NC=   93500 T= 2.3375E+00 DT= 2.5000E-05 ERR=  0.0% DM/M= 0.0000E+00
 ELAPSED TIME=         13.42 s  REMAINING TIME=         43.98 s
 NC=   93600 T= 2.3400E+00 DT= 2.5000E-05 ERR= -0.0% DM/M= 0.0000E+00
 ELAPSED TIME=         13.43 s  REMAINING TIME=         43.96 s
 NC=   93700 T= 2.3425E+00 DT= 2.5000E-05 ERR=  0.0% DM/M= 0.0000E+00
 ELAPSED TIME=         13.44 s  REMAINING TIME=         43.95 s
 NC=   93800 T= 2.3450E+00 DT= 2.5000E-05 ERR= -0.0% DM/M= 0.0000E+00
 ELAPSED TIME=         13.46 s  REMAINING TIME=         43.93 s
 NC=   93900 T= 2.3475E+00 DT= 2.5000E-05 ERR=  0.0% DM/M= 0.0000E+00
 ELAPSED TIME=         13.47 s  REMAINING TIME=         43.92 s
 NC=   94000 T= 2.3500E+00 DT= 2.5000E-05 ERR= -0.0% DM/M= 0.0000E+00
 ELAPSED TIME=         13.49 s  REMAINING TIME=         43.90 s
 NC=   94100 T= 2.3525E+00 DT= 2.5000E-05 ERR=  0.0% DM/M= 0.0000E+00
 ELAPSED TIME=         13.50 s  REMAINING TIME=         43.89 s
 NC=   94200 T= 2.3550E+00 DT= 2.5000E-05 ERR= -0.0% DM/M= 0.0000E+00
 ELAPSED TIME=         13.51 s  REMAINING TIME=         43.87 s
 NC=   94300 T= 2.3575E+00 DT= 2.5000E-05 ERR=  0.0% DM/M= 0.0000E+00
 ELAPSED TIME=         13.53 s  REMAINING TIME=         43.86 s
 NC=   94400 T= 2.3600E+00 DT= 2.5000E-05 ERR= -0.0% DM/M= 0.0000E+00
 ELAPSED TIME=         13.54 s  REMAINING TIME=         43.84 s
 NC=   94500 T= 2.3625E+00 DT= 2.5000E-05 ERR=  0.0% DM/M= 0.0000E+00
 ELAPSED TIME=         13.56 s  REMAINING TIME=         43.83 s
 NC=   94600 T= 2.3650E+00 DT= 2.5000E-05 ERR= -0.0% DM/M= 0.0000E+00
 ELAPSED TIME=         13.57 s  REMAINING TIME=         43.82 s
 NC=   94700 T= 2.3675E+00 DT= 2.5000E-05 ERR=  0.0% DM/M= 0.0000E+00
 ELAPSED TIME=         13.59 s  REMAINING TIME=         43.80 s
 NC=   94800 T= 2.3700E+00 DT= 2.5000E-05 ERR= -0.0% DM/M= 0.0000E+00
 ELAPSED TIME=         13.60 s  REMAINING TIME=         43.79 s
 NC=   94900 T= 2.3725E+00 DT= 2.5000E-05 ERR=  0.0% DM/M= 0.0000E+00
 ELAPSED TIME=         13.61 s  REMAINING TIME=         43.77 s
 NC=   95000 T= 2.3750E+00 DT= 2.5000E-05 ERR= -0.0% DM/M= 0.0000E+00
 ELAPSED TIME=         13.63 s  REMAINING TIME=         43.76 s
 NC=   95100 T= 2.3775E+00 DT= 2.5000E-05 ERR=  0.0% DM/M= 0.0000E+00
 ELAPSED TIME=         13.64 s  REMAINING TIME=         43.74 s
 NC=   95200 T= 2.3800E+00 DT= 2.5000E-05 ERR= -0.0% DM/M= 0.0000E+00
 ELAPSED TIME=         13.66 s  REMAINING TIME=         43.73 s
 NC=   95300 T= 2.3825E+00 DT= 2.5000E-05 ERR=  0.0% DM/M= 0.0000E+00
 ELAPSED TIME=         13.67 s  REMAINING TIME=         43.71 s
 NC=   95400 T= 2.3850E+00 DT= 2.5000E-05 ERR= -0.0% DM/M= 0.0000E+00
 ELAPSED TIME=         13.69 s  REMAINING TIME=         43.70 s
 NC=   95500 T= 2.3875E+00 DT= 2.5000E-05 ERR=  0.0% DM/M= 0.0000E+00
 ELAPSED TIME=         13.70 s  REMAINING TIME=         43.68 s
 NC=   95600 T= 2.3900E+00 DT= 2.5000E-05 ERR= -0.0% DM/M= 0.0000E+00
 ELAPSED TIME=         13.71 s  REMAINING TIME=         43.67 s
 NC=   95700 T= 2.3925E+00 DT= 2.5000E-05 ERR=  0.0% DM/M= 0.0000E+00
 ELAPSED TIME=         13.73 s  REMAINING TIME=         43.65 s
 NC=   95800 T= 2.3950E+00 DT= 2.5000E-05 ERR= -0.0% DM/M= 0.0000E+00
 ELAPSED TIME=         13.74 s  REMAINING TIME=         43.64 s
 NC=   95900 T= 2.3975E+00 DT= 2.5000E-05 ERR=  0.0% DM/M= 0.0000E+00
 ELAPSED TIME=         13.76 s  REMAINING TIME=         43.62 s
 NC=   96000 T= 2.4000E+00 DT= 2.5000E-05 ERR= -0.0% DM/M= 0.0000E+00
 ELAPSED TIME=         13.77 s  REMAINING TIME=         43.61 s
 NC=   96100 T= 2.4025E+00 DT= 2.5000E-05 ERR=  0.0% DM/M= 0.0000E+00
 ELAPSED TIME=         13.78 s  REMAINING TIME=         43.59 s
 NC=   96200 T= 2.4050E+00 DT= 2.5000E-05 ERR= -0.0% DM/M= 0.0000E+00
 ELAPSED TIME=         13.80 s  REMAINING TIME=         43.58 s
 NC=   96300 T= 2.4075E+00 DT= 2.5000E-05 ERR=  0.0% DM/M= 0.0000E+00
 ELAPSED TIME=         13.81 s  REMAINING TIME=         43.56 s
 NC=   96400 T= 2.4100E+00 DT= 2.5000E-05 ERR= -0.0% DM/M= 0.0000E+00
 ELAPSED TIME=         13.83 s  REMAINING TIME=         43.55 s
 NC=   96500 T= 2.4125E+00 DT= 2.5000E-05 ERR=  0.0% DM/M= 0.0000E+00
 ELAPSED TIME=         13.84 s  REMAINING TIME=         43.53 s
 NC=   96600 T= 2.4150E+00 DT= 2.5000E-05 ERR= -0.0% DM/M= 0.0000E+00
 ELAPSED TIME=         13.86 s  REMAINING TIME=         43.52 s
 NC=   96700 T= 2.4175E+00 DT= 2.5000E-05 ERR=  0.0% DM/M= 0.0000E+00
 ELAPSED TIME=         13.87 s  REMAINING TIME=         43.50 s
 NC=   96800 T= 2.4200E+00 DT= 2.5000E-05 ERR= -0.0% DM/M= 0.0000E+00
 ELAPSED TIME=         13.88 s  REMAINING TIME=         43.49 s
 NC=   96900 T= 2.4225E+00 DT= 2.5000E-05 ERR=  0.0% DM/M= 0.0000E+00
 ELAPSED TIME=         13.90 s  REMAINING TIME=         43.47 s
 NC=   97000 T= 2.4250E+00 DT= 2.5000E-05 ERR= -0.0% DM/M= 0.0000E+00
 ELAPSED TIME=         13.91 s  REMAINING TIME=         43.46 s
 NC=   97100 T= 2.4275E+00 DT= 2.5000E-05 ERR=  0.0% DM/M= 0.0000E+00
 ELAPSED TIME=         13.93 s  REMAINING TIME=         43.44 s
 NC=   97200 T= 2.4300E+00 DT= 2.5000E-05 ERR= -0.0% DM/M= 0.0000E+00
 ELAPSED TIME=         13.94 s  REMAINING TIME=         43.43 s
 NC=   97300 T= 2.4325E+00 DT= 2.5000E-05 ERR=  0.0% DM/M= 0.0000E+00
 ELAPSED TIME=         13.96 s  REMAINING TIME=         43.42 s
 NC=   97400 T= 2.4350E+00 DT= 2.5000E-05 ERR= -0.0% DM/M= 0.0000E+00
 ELAPSED TIME=         13.97 s  REMAINING TIME=         43.40 s
 NC=   97500 T= 2.4375E+00 DT= 2.5000E-05 ERR=  0.0% DM/M= 0.0000E+00
 ELAPSED TIME=         13.98 s  REMAINING TIME=         43.39 s
 NC=   97600 T= 2.4400E+00 DT= 2.5000E-05 ERR= -0.0% DM/M= 0.0000E+00
 ELAPSED TIME=         14.00 s  REMAINING TIME=         43.37 s
 NC=   97700 T= 2.4425E+00 DT= 2.5000E-05 ERR=  0.0% DM/M= 0.0000E+00
 ELAPSED TIME=         14.01 s  REMAINING TIME=         43.36 s
 NC=   97800 T= 2.4450E+00 DT= 2.5000E-05 ERR= -0.0% DM/M= 0.0000E+00
 ELAPSED TIME=         14.03 s  REMAINING TIME=         43.34 s
 NC=   97900 T= 2.4475E+00 DT= 2.5000E-05 ERR=  0.0% DM/M= 0.0000E+00
 ELAPSED TIME=         14.04 s  REMAINING TIME=         43.33 s
 NC=   98000 T= 2.4500E+00 DT= 2.5000E-05 ERR= -0.0% DM/M= 0.0000E+00
 ELAPSED TIME=         14.05 s  REMAINING TIME=         43.31 s
 NC=   98100 T= 2.4525E+00 DT= 2.5000E-05 ERR=  0.0% DM/M= 0.0000E+00
 ELAPSED TIME=         14.07 s  REMAINING TIME=         43.30 s
 NC=   98200 T= 2.4550E+00 DT= 2.5000E-05 ERR= -0.0% DM/M= 0.0000E+00
 ELAPSED TIME=         14.08 s  REMAINING TIME=         43.28 s
 NC=   98300 T= 2.4575E+00 DT= 2.5000E-05 ERR=  0.0% DM/M= 0.0000E+00
 ELAPSED TIME=         14.10 s  REMAINING TIME=         43.27 s
 NC=   98400 T= 2.4600E+00 DT= 2.5000E-05 ERR= -0.0% DM/M= 0.0000E+00
 ELAPSED TIME=         14.11 s  REMAINING TIME=         43.25 s
 NC=   98500 T= 2.4625E+00 DT= 2.5000E-05 ERR=  0.0% DM/M= 0.0000E+00
 ELAPSED TIME=         14.13 s  REMAINING TIME=         43.24 s
 NC=   98600 T= 2.4650E+00 DT= 2.5000E-05 ERR= -0.0% DM/M= 0.0000E+00
 ELAPSED TIME=         14.14 s  REMAINING TIME=         43.22 s
 NC=   98700 T= 2.4675E+00 DT= 2.5000E-05 ERR=  0.0% DM/M= 0.0000E+00
 ELAPSED TIME=         14.15 s  REMAINING TIME=         43.21 s
 NC=   98800 T= 2.4700E+00 DT= 2.5000E-05 ERR= -0.0% DM/M= 0.0000E+00
 ELAPSED TIME=         14.17 s  REMAINING TIME=         43.19 s
 NC=   98900 T= 2.4725E+00 DT= 2.5000E-05 ERR=  0.0% DM/M= 0.0000E+00
 ELAPSED TIME=         14.18 s  REMAINING TIME=         43.18 s
 NC=   99000 T= 2.4750E+00 DT= 2.5000E-05 ERR= -0.0% DM/M= 0.0000E+00
 ELAPSED TIME=         14.20 s  REMAINING TIME=         43.16 s
 NC=   99100 T= 2.4775E+00 DT= 2.5000E-05 ERR=  0.0% DM/M= 0.0000E+00
 ELAPSED TIME=         14.21 s  REMAINING TIME=         43.15 s
 NC=   99200 T= 2.4800E+00 DT= 2.5000E-05 ERR= -0.0% DM/M= 0.0000E+00
 ELAPSED TIME=         14.23 s  REMAINING TIME=         43.13 s
 NC=   99300 T= 2.4825E+00 DT= 2.5000E-05 ERR=  0.0% DM/M= 0.0000E+00
 ELAPSED TIME=         14.24 s  REMAINING TIME=         43.12 s
 NC=   99400 T= 2.4850E+00 DT= 2.5000E-05 ERR= -0.0% DM/M= 0.0000E+00
 ELAPSED TIME=         14.25 s  REMAINING TIME=         43.11 s
 NC=   99500 T= 2.4875E+00 DT= 2.5000E-05 ERR=  0.0% DM/M= 0.0000E+00
 ELAPSED TIME=         14.27 s  REMAINING TIME=         43.09 s
 NC=   99600 T= 2.4900E+00 DT= 2.5000E-05 ERR= -0.0% DM/M= 0.0000E+00
 ELAPSED TIME=         14.28 s  REMAINING TIME=         43.07 s
 NC=   99700 T= 2.4925E+00 DT= 2.5000E-05 ERR=  0.0% DM/M= 0.0000E+00
 ELAPSED TIME=         14.30 s  REMAINING TIME=         43.06 s
 NC=   99800 T= 2.4950E+00 DT= 2.5000E-05 ERR= -0.0% DM/M= 0.0000E+00
 ELAPSED TIME=         14.31 s  REMAINING TIME=         43.05 s
 NC=   99900 T= 2.4975E+00 DT= 2.5000E-05 ERR=  0.0% DM/M= 0.0000E+00
 ELAPSED TIME=         14.32 s  REMAINING TIME=         43.03 s
 NC=  100000 T= 2.5000E+00 DT= 2.5000E-05 ERR= -0.0% DM/M= 0.0000E+00
 ELAPSED TIME=         14.34 s  REMAINING TIME=         43.02 s
     ANIMATION FILE: A23_w1_REFERENCE_ROTATION_YA011 WRITTEN
 NC=  100100 T= 2.5025E+00 DT= 2.5000E-05 ERR=  0.0% DM/M= 0.0000E+00
 ELAPSED TIME=         14.35 s  REMAINING TIME=         43.00 s
 NC=  100200 T= 2.5050E+00 DT= 2.5000E-05 ERR= -0.0% DM/M= 0.0000E+00
 ELAPSED TIME=         14.37 s  REMAINING TIME=         42.99 s
 NC=  100300 T= 2.5075E+00 DT= 2.5000E-05 ERR=  0.0% DM/M= 0.0000E+00
 ELAPSED TIME=         14.38 s  REMAINING TIME=         42.98 s
 NC=  100400 T= 2.5100E+00 DT= 2.5000E-05 ERR= -0.0% DM/M= 0.0000E+00
 ELAPSED TIME=         14.40 s  REMAINING TIME=         42.96 s
 NC=  100500 T= 2.5125E+00 DT= 2.5000E-05 ERR=  0.0% DM/M= 0.0000E+00
 ELAPSED TIME=         14.41 s  REMAINING TIME=         42.95 s
 NC=  100600 T= 2.5150E+00 DT= 2.5000E-05 ERR= -0.0% DM/M= 0.0000E+00
 ELAPSED TIME=         14.43 s  REMAINING TIME=         42.93 s
 NC=  100700 T= 2.5175E+00 DT= 2.5000E-05 ERR=  0.0% DM/M= 0.0000E+00
 ELAPSED TIME=         14.44 s  REMAINING TIME=         42.92 s
 NC=  100800 T= 2.5200E+00 DT= 2.5000E-05 ERR= -0.0% DM/M= 0.0000E+00
 ELAPSED TIME=         14.45 s  REMAINING TIME=         42.90 s
 NC=  100900 T= 2.5225E+00 DT= 2.5000E-05 ERR=  0.0% DM/M= 0.0000E+00
 ELAPSED TIME=         14.47 s  REMAINING TIME=         42.89 s
 NC=  101000 T= 2.5250E+00 DT= 2.5000E-05 ERR= -0.0% DM/M= 0.0000E+00
 ELAPSED TIME=         14.48 s  REMAINING TIME=         42.87 s
 NC=  101100 T= 2.5275E+00 DT= 2.5000E-05 ERR=  0.0% DM/M= 0.0000E+00
 ELAPSED TIME=         14.50 s  REMAINING TIME=         42.86 s
 NC=  101200 T= 2.5300E+00 DT= 2.5000E-05 ERR= -0.0% DM/M= 0.0000E+00
 ELAPSED TIME=         14.51 s  REMAINING TIME=         42.84 s
 NC=  101300 T= 2.5325E+00 DT= 2.5000E-05 ERR=  0.0% DM/M= 0.0000E+00
 ELAPSED TIME=         14.52 s  REMAINING TIME=         42.83 s
 NC=  101400 T= 2.5350E+00 DT= 2.5000E-05 ERR= -0.0% DM/M= 0.0000E+00
 ELAPSED TIME=         14.54 s  REMAINING TIME=         42.81 s
 NC=  101500 T= 2.5375E+00 DT= 2.5000E-05 ERR=  0.0% DM/M= 0.0000E+00
 ELAPSED TIME=         14.55 s  REMAINING TIME=         42.80 s
 NC=  101600 T= 2.5400E+00 DT= 2.5000E-05 ERR= -0.0% DM/M= 0.0000E+00
 ELAPSED TIME=         14.57 s  REMAINING TIME=         42.78 s
 NC=  101700 T= 2.5425E+00 DT= 2.5000E-05 ERR=  0.0% DM/M= 0.0000E+00
 ELAPSED TIME=         14.58 s  REMAINING TIME=         42.77 s
 NC=  101800 T= 2.5450E+00 DT= 2.5000E-05 ERR= -0.0% DM/M= 0.0000E+00
 ELAPSED TIME=         14.60 s  REMAINING TIME=         42.75 s
 NC=  101900 T= 2.5475E+00 DT= 2.5000E-05 ERR=  0.0% DM/M= 0.0000E+00
 ELAPSED TIME=         14.61 s  REMAINING TIME=         42.74 s
 NC=  102000 T= 2.5500E+00 DT= 2.5000E-05 ERR= -0.0% DM/M= 0.0000E+00
 ELAPSED TIME=         14.62 s  REMAINING TIME=         42.72 s
 NC=  102100 T= 2.5525E+00 DT= 2.5000E-05 ERR=  0.0% DM/M= 0.0000E+00
 ELAPSED TIME=         14.64 s  REMAINING TIME=         42.71 s
 NC=  102200 T= 2.5550E+00 DT= 2.5000E-05 ERR= -0.0% DM/M= 0.0000E+00
 ELAPSED TIME=         14.65 s  REMAINING TIME=         42.69 s
 NC=  102300 T= 2.5575E+00 DT= 2.5000E-05 ERR=  0.0% DM/M= 0.0000E+00
 ELAPSED TIME=         14.67 s  REMAINING TIME=         42.68 s
 NC=  102400 T= 2.5600E+00 DT= 2.5000E-05 ERR= -0.0% DM/M= 0.0000E+00
 ELAPSED TIME=         14.68 s  REMAINING TIME=         42.66 s
 NC=  102500 T= 2.5625E+00 DT= 2.5000E-05 ERR=  0.0% DM/M= 0.0000E+00
 ELAPSED TIME=         14.69 s  REMAINING TIME=         42.65 s
 NC=  102600 T= 2.5650E+00 DT= 2.5000E-05 ERR= -0.0% DM/M= 0.0000E+00
 ELAPSED TIME=         14.71 s  REMAINING TIME=         42.63 s
 NC=  102700 T= 2.5675E+00 DT= 2.5000E-05 ERR=  0.0% DM/M= 0.0000E+00
 ELAPSED TIME=         14.72 s  REMAINING TIME=         42.62 s
 NC=  102800 T= 2.5700E+00 DT= 2.5000E-05 ERR= -0.0% DM/M= 0.0000E+00
 ELAPSED TIME=         14.74 s  REMAINING TIME=         42.60 s
 NC=  102900 T= 2.5725E+00 DT= 2.5000E-05 ERR=  0.0% DM/M= 0.0000E+00
 ELAPSED TIME=         14.75 s  REMAINING TIME=         42.59 s
 NC=  103000 T= 2.5750E+00 DT= 2.5000E-05 ERR= -0.0% DM/M= 0.0000E+00
 ELAPSED TIME=         14.77 s  REMAINING TIME=         42.58 s
 NC=  103100 T= 2.5775E+00 DT= 2.5000E-05 ERR=  0.0% DM/M= 0.0000E+00
 ELAPSED TIME=         14.78 s  REMAINING TIME=         42.56 s
 NC=  103200 T= 2.5800E+00 DT= 2.5000E-05 ERR= -0.0% DM/M= 0.0000E+00
 ELAPSED TIME=         14.79 s  REMAINING TIME=         42.55 s
 NC=  103300 T= 2.5825E+00 DT= 2.5000E-05 ERR=  0.0% DM/M= 0.0000E+00
 ELAPSED TIME=         14.81 s  REMAINING TIME=         42.53 s
 NC=  103400 T= 2.5850E+00 DT= 2.5000E-05 ERR= -0.0% DM/M= 0.0000E+00
 ELAPSED TIME=         14.82 s  REMAINING TIME=         42.52 s
 NC=  103500 T= 2.5875E+00 DT= 2.5000E-05 ERR=  0.0% DM/M= 0.0000E+00
 ELAPSED TIME=         14.84 s  REMAINING TIME=         42.50 s
 NC=  103600 T= 2.5900E+00 DT= 2.5000E-05 ERR= -0.0% DM/M= 0.0000E+00
 ELAPSED TIME=         14.85 s  REMAINING TIME=         42.49 s
 NC=  103700 T= 2.5925E+00 DT= 2.5000E-05 ERR=  0.0% DM/M= 0.0000E+00
 ELAPSED TIME=         14.86 s  REMAINING TIME=         42.47 s
 NC=  103800 T= 2.5950E+00 DT= 2.5000E-05 ERR= -0.0% DM/M= 0.0000E+00
 ELAPSED TIME=         14.88 s  REMAINING TIME=         42.46 s
 NC=  103900 T= 2.5975E+00 DT= 2.5000E-05 ERR=  0.0% DM/M= 0.0000E+00
 ELAPSED TIME=         14.89 s  REMAINING TIME=         42.44 s
 NC=  104000 T= 2.6000E+00 DT= 2.5000E-05 ERR= -0.0% DM/M= 0.0000E+00
 ELAPSED TIME=         14.91 s  REMAINING TIME=         42.43 s
 NC=  104100 T= 2.6025E+00 DT= 2.5000E-05 ERR=  0.0% DM/M= 0.0000E+00
 ELAPSED TIME=         14.92 s  REMAINING TIME=         42.41 s
 NC=  104200 T= 2.6050E+00 DT= 2.5000E-05 ERR= -0.0% DM/M= 0.0000E+00
 ELAPSED TIME=         14.94 s  REMAINING TIME=         42.40 s
 NC=  104300 T= 2.6075E+00 DT= 2.5000E-05 ERR=  0.0% DM/M= 0.0000E+00
 ELAPSED TIME=         14.95 s  REMAINING TIME=         42.38 s
 NC=  104400 T= 2.6100E+00 DT= 2.5000E-05 ERR= -0.0% DM/M= 0.0000E+00
 ELAPSED TIME=         14.96 s  REMAINING TIME=         42.37 s
 NC=  104500 T= 2.6125E+00 DT= 2.5000E-05 ERR=  0.0% DM/M= 0.0000E+00
 ELAPSED TIME=         14.98 s  REMAINING TIME=         42.36 s
 NC=  104600 T= 2.6150E+00 DT= 2.5000E-05 ERR= -0.0% DM/M= 0.0000E+00
 ELAPSED TIME=         14.99 s  REMAINING TIME=         42.34 s
 NC=  104700 T= 2.6175E+00 DT= 2.5000E-05 ERR=  0.0% DM/M= 0.0000E+00
 ELAPSED TIME=         15.01 s  REMAINING TIME=         42.33 s
 NC=  104800 T= 2.6200E+00 DT= 2.5000E-05 ERR= -0.0% DM/M= 0.0000E+00
 ELAPSED TIME=         15.02 s  REMAINING TIME=         42.32 s
 NC=  104900 T= 2.6225E+00 DT= 2.5000E-05 ERR=  0.0% DM/M= 0.0000E+00
 ELAPSED TIME=         15.04 s  REMAINING TIME=         42.30 s
 NC=  105000 T= 2.6250E+00 DT= 2.5000E-05 ERR= -0.0% DM/M= 0.0000E+00
 ELAPSED TIME=         15.05 s  REMAINING TIME=         42.29 s
 NC=  105100 T= 2.6275E+00 DT= 2.5000E-05 ERR=  0.0% DM/M= 0.0000E+00
 ELAPSED TIME=         15.07 s  REMAINING TIME=         42.27 s
 NC=  105200 T= 2.6300E+00 DT= 2.5000E-05 ERR= -0.0% DM/M= 0.0000E+00
 ELAPSED TIME=         15.08 s  REMAINING TIME=         42.26 s
 NC=  105300 T= 2.6325E+00 DT= 2.5000E-05 ERR=  0.0% DM/M= 0.0000E+00
 ELAPSED TIME=         15.09 s  REMAINING TIME=         42.24 s
 NC=  105400 T= 2.6350E+00 DT= 2.5000E-05 ERR= -0.0% DM/M= 0.0000E+00
 ELAPSED TIME=         15.11 s  REMAINING TIME=         42.23 s
 NC=  105500 T= 2.6375E+00 DT= 2.5000E-05 ERR=  0.0% DM/M= 0.0000E+00
 ELAPSED TIME=         15.12 s  REMAINING TIME=         42.21 s
 NC=  105600 T= 2.6400E+00 DT= 2.5000E-05 ERR= -0.0% DM/M= 0.0000E+00
 ELAPSED TIME=         15.14 s  REMAINING TIME=         42.20 s
 NC=  105700 T= 2.6425E+00 DT= 2.5000E-05 ERR=  0.0% DM/M= 0.0000E+00
 ELAPSED TIME=         15.15 s  REMAINING TIME=         42.18 s
 NC=  105800 T= 2.6450E+00 DT= 2.5000E-05 ERR= -0.0% DM/M= 0.0000E+00
 ELAPSED TIME=         15.17 s  REMAINING TIME=         42.17 s
 NC=  105900 T= 2.6475E+00 DT= 2.5000E-05 ERR=  0.0% DM/M= 0.0000E+00
 ELAPSED TIME=         15.18 s  REMAINING TIME=         42.16 s
 NC=  106000 T= 2.6500E+00 DT= 2.5000E-05 ERR= -0.0% DM/M= 0.0000E+00
 ELAPSED TIME=         15.19 s  REMAINING TIME=         42.14 s
 NC=  106100 T= 2.6525E+00 DT= 2.5000E-05 ERR=  0.0% DM/M= 0.0000E+00
 ELAPSED TIME=         15.21 s  REMAINING TIME=         42.13 s
 NC=  106200 T= 2.6550E+00 DT= 2.5000E-05 ERR= -0.0% DM/M= 0.0000E+00
 ELAPSED TIME=         15.22 s  REMAINING TIME=         42.11 s
 NC=  106300 T= 2.6575E+00 DT= 2.5000E-05 ERR=  0.0% DM/M= 0.0000E+00
 ELAPSED TIME=         15.24 s  REMAINING TIME=         42.10 s
 NC=  106400 T= 2.6600E+00 DT= 2.5000E-05 ERR= -0.0% DM/M= 0.0000E+00
 ELAPSED TIME=         15.25 s  REMAINING TIME=         42.08 s
 NC=  106500 T= 2.6625E+00 DT= 2.5000E-05 ERR=  0.0% DM/M= 0.0000E+00
 ELAPSED TIME=         15.26 s  REMAINING TIME=         42.07 s
 NC=  106600 T= 2.6650E+00 DT= 2.5000E-05 ERR= -0.0% DM/M= 0.0000E+00
 ELAPSED TIME=         15.28 s  REMAINING TIME=         42.05 s
 NC=  106700 T= 2.6675E+00 DT= 2.5000E-05 ERR=  0.0% DM/M= 0.0000E+00
 ELAPSED TIME=         15.29 s  REMAINING TIME=         42.04 s
 NC=  106800 T= 2.6700E+00 DT= 2.5000E-05 ERR= -0.0% DM/M= 0.0000E+00
 ELAPSED TIME=         15.31 s  REMAINING TIME=         42.02 s
 NC=  106900 T= 2.6725E+00 DT= 2.5000E-05 ERR=  0.0% DM/M= 0.0000E+00
 ELAPSED TIME=         15.32 s  REMAINING TIME=         42.01 s
 NC=  107000 T= 2.6750E+00 DT= 2.5000E-05 ERR= -0.0% DM/M= 0.0000E+00
 ELAPSED TIME=         15.34 s  REMAINING TIME=         41.99 s
 NC=  107100 T= 2.6775E+00 DT= 2.5000E-05 ERR=  0.0% DM/M= 0.0000E+00
 ELAPSED TIME=         15.35 s  REMAINING TIME=         41.98 s
 NC=  107200 T= 2.6800E+00 DT= 2.5000E-05 ERR= -0.0% DM/M= 0.0000E+00
 ELAPSED TIME=         15.36 s  REMAINING TIME=         41.96 s
 NC=  107300 T= 2.6825E+00 DT= 2.5000E-05 ERR=  0.0% DM/M= 0.0000E+00
 ELAPSED TIME=         15.38 s  REMAINING TIME=         41.95 s
 NC=  107400 T= 2.6850E+00 DT= 2.5000E-05 ERR= -0.0% DM/M= 0.0000E+00
 ELAPSED TIME=         15.39 s  REMAINING TIME=         41.93 s
 NC=  107500 T= 2.6875E+00 DT= 2.5000E-05 ERR=  0.0% DM/M= 0.0000E+00
 ELAPSED TIME=         15.41 s  REMAINING TIME=         41.92 s
 NC=  107600 T= 2.6900E+00 DT= 2.5000E-05 ERR= -0.0% DM/M= 0.0000E+00
 ELAPSED TIME=         15.42 s  REMAINING TIME=         41.90 s
 NC=  107700 T= 2.6925E+00 DT= 2.5000E-05 ERR=  0.0% DM/M= 0.0000E+00
 ELAPSED TIME=         15.43 s  REMAINING TIME=         41.89 s
 NC=  107800 T= 2.6950E+00 DT= 2.5000E-05 ERR= -0.0% DM/M= 0.0000E+00
 ELAPSED TIME=         15.45 s  REMAINING TIME=         41.87 s
 NC=  107900 T= 2.6975E+00 DT= 2.5000E-05 ERR=  0.0% DM/M= 0.0000E+00
 ELAPSED TIME=         15.46 s  REMAINING TIME=         41.86 s
 NC=  108000 T= 2.7000E+00 DT= 2.5000E-05 ERR= -0.0% DM/M= 0.0000E+00
 ELAPSED TIME=         15.48 s  REMAINING TIME=         41.85 s
 NC=  108100 T= 2.7025E+00 DT= 2.5000E-05 ERR=  0.0% DM/M= 0.0000E+00
 ELAPSED TIME=         15.49 s  REMAINING TIME=         41.83 s
 NC=  108200 T= 2.7050E+00 DT= 2.5000E-05 ERR= -0.0% DM/M= 0.0000E+00
 ELAPSED TIME=         15.51 s  REMAINING TIME=         41.82 s
 NC=  108300 T= 2.7075E+00 DT= 2.5000E-05 ERR=  0.0% DM/M= 0.0000E+00
 ELAPSED TIME=         15.52 s  REMAINING TIME=         41.80 s
 NC=  108400 T= 2.7100E+00 DT= 2.5000E-05 ERR= -0.0% DM/M= 0.0000E+00
 ELAPSED TIME=         15.53 s  REMAINING TIME=         41.79 s
 NC=  108500 T= 2.7125E+00 DT= 2.5000E-05 ERR=  0.0% DM/M= 0.0000E+00
 ELAPSED TIME=         15.55 s  REMAINING TIME=         41.77 s
 NC=  108600 T= 2.7150E+00 DT= 2.5000E-05 ERR= -0.0% DM/M= 0.0000E+00
 ELAPSED TIME=         15.56 s  REMAINING TIME=         41.76 s
 NC=  108700 T= 2.7175E+00 DT= 2.5000E-05 ERR=  0.0% DM/M= 0.0000E+00
 ELAPSED TIME=         15.58 s  REMAINING TIME=         41.74 s
 NC=  108800 T= 2.7200E+00 DT= 2.5000E-05 ERR= -0.0% DM/M= 0.0000E+00
 ELAPSED TIME=         15.59 s  REMAINING TIME=         41.73 s
 NC=  108900 T= 2.7225E+00 DT= 2.5000E-05 ERR=  0.0% DM/M= 0.0000E+00
 ELAPSED TIME=         15.61 s  REMAINING TIME=         41.71 s
 NC=  109000 T= 2.7250E+00 DT= 2.5000E-05 ERR= -0.0% DM/M= 0.0000E+00
 ELAPSED TIME=         15.62 s  REMAINING TIME=         41.70 s
 NC=  109100 T= 2.7275E+00 DT= 2.5000E-05 ERR=  0.0% DM/M= 0.0000E+00
 ELAPSED TIME=         15.63 s  REMAINING TIME=         41.69 s
 NC=  109200 T= 2.7300E+00 DT= 2.5000E-05 ERR= -0.0% DM/M= 0.0000E+00
 ELAPSED TIME=         15.65 s  REMAINING TIME=         41.67 s
 NC=  109300 T= 2.7325E+00 DT= 2.5000E-05 ERR=  0.0% DM/M= 0.0000E+00
 ELAPSED TIME=         15.66 s  REMAINING TIME=         41.66 s
 NC=  109400 T= 2.7350E+00 DT= 2.5000E-05 ERR= -0.0% DM/M= 0.0000E+00
 ELAPSED TIME=         15.68 s  REMAINING TIME=         41.64 s
 NC=  109500 T= 2.7375E+00 DT= 2.5000E-05 ERR=  0.0% DM/M= 0.0000E+00
 ELAPSED TIME=         15.69 s  REMAINING TIME=         41.63 s
 NC=  109600 T= 2.7400E+00 DT= 2.5000E-05 ERR= -0.0% DM/M= 0.0000E+00
 ELAPSED TIME=         15.70 s  REMAINING TIME=         41.61 s
 NC=  109700 T= 2.7425E+00 DT= 2.5000E-05 ERR=  0.0% DM/M= 0.0000E+00
 ELAPSED TIME=         15.72 s  REMAINING TIME=         41.60 s
 NC=  109800 T= 2.7450E+00 DT= 2.5000E-05 ERR= -0.0% DM/M= 0.0000E+00
 ELAPSED TIME=         15.73 s  REMAINING TIME=         41.58 s
 NC=  109900 T= 2.7475E+00 DT= 2.5000E-05 ERR=  0.0% DM/M= 0.0000E+00
 ELAPSED TIME=         15.75 s  REMAINING TIME=         41.57 s
 NC=  110000 T= 2.7500E+00 DT= 2.5000E-05 ERR= -0.0% DM/M= 0.0000E+00
 ELAPSED TIME=         15.76 s  REMAINING TIME=         41.55 s
     ANIMATION FILE: A23_w1_REFERENCE_ROTATION_YA012 WRITTEN
 NC=  110100 T= 2.7525E+00 DT= 2.5000E-05 ERR=  0.0% DM/M= 0.0000E+00
 ELAPSED TIME=         15.78 s  REMAINING TIME=         41.54 s
 NC=  110200 T= 2.7550E+00 DT= 2.5000E-05 ERR= -0.0% DM/M= 0.0000E+00
 ELAPSED TIME=         15.79 s  REMAINING TIME=         41.53 s
 NC=  110300 T= 2.7575E+00 DT= 2.5000E-05 ERR=  0.0% DM/M= 0.0000E+00
 ELAPSED TIME=         15.81 s  REMAINING TIME=         41.51 s
 NC=  110400 T= 2.7600E+00 DT= 2.5000E-05 ERR= -0.0% DM/M= 0.0000E+00
 ELAPSED TIME=         15.82 s  REMAINING TIME=         41.50 s
 NC=  110500 T= 2.7625E+00 DT= 2.5000E-05 ERR=  0.0% DM/M= 0.0000E+00
 ELAPSED TIME=         15.83 s  REMAINING TIME=         41.48 s
 NC=  110600 T= 2.7650E+00 DT= 2.5000E-05 ERR= -0.0% DM/M= 0.0000E+00
 ELAPSED TIME=         15.85 s  REMAINING TIME=         41.47 s
 NC=  110700 T= 2.7675E+00 DT= 2.5000E-05 ERR=  0.0% DM/M= 0.0000E+00
 ELAPSED TIME=         15.86 s  REMAINING TIME=         41.45 s
 NC=  110800 T= 2.7700E+00 DT= 2.5000E-05 ERR= -0.0% DM/M= 0.0000E+00
 ELAPSED TIME=         15.88 s  REMAINING TIME=         41.44 s
 NC=  110900 T= 2.7725E+00 DT= 2.5000E-05 ERR=  0.0% DM/M= 0.0000E+00
 ELAPSED TIME=         15.89 s  REMAINING TIME=         41.42 s
 NC=  111000 T= 2.7750E+00 DT= 2.5000E-05 ERR= -0.0% DM/M= 0.0000E+00
 ELAPSED TIME=         15.90 s  REMAINING TIME=         41.41 s
 NC=  111100 T= 2.7775E+00 DT= 2.5000E-05 ERR=  0.0% DM/M= 0.0000E+00
 ELAPSED TIME=         15.92 s  REMAINING TIME=         41.39 s
 NC=  111200 T= 2.7800E+00 DT= 2.5000E-05 ERR= -0.0% DM/M= 0.0000E+00
 ELAPSED TIME=         15.93 s  REMAINING TIME=         41.38 s
 NC=  111300 T= 2.7825E+00 DT= 2.5000E-05 ERR=  0.0% DM/M= 0.0000E+00
 ELAPSED TIME=         15.95 s  REMAINING TIME=         41.37 s
 NC=  111400 T= 2.7850E+00 DT= 2.5000E-05 ERR= -0.0% DM/M= 0.0000E+00
 ELAPSED TIME=         15.96 s  REMAINING TIME=         41.36 s
 NC=  111500 T= 2.7875E+00 DT= 2.5000E-05 ERR=  0.0% DM/M= 0.0000E+00
 ELAPSED TIME=         15.98 s  REMAINING TIME=         41.34 s
 NC=  111600 T= 2.7900E+00 DT= 2.5000E-05 ERR= -0.0% DM/M= 0.0000E+00
 ELAPSED TIME=         15.99 s  REMAINING TIME=         41.33 s
 NC=  111700 T= 2.7925E+00 DT= 2.5000E-05 ERR=  0.0% DM/M= 0.0000E+00
 ELAPSED TIME=         16.01 s  REMAINING TIME=         41.31 s
 NC=  111800 T= 2.7950E+00 DT= 2.5000E-05 ERR= -0.0% DM/M= 0.0000E+00
 ELAPSED TIME=         16.02 s  REMAINING TIME=         41.30 s
 NC=  111900 T= 2.7975E+00 DT= 2.5000E-05 ERR=  0.0% DM/M= 0.0000E+00
 ELAPSED TIME=         16.03 s  REMAINING TIME=         41.28 s
 NC=  112000 T= 2.8000E+00 DT= 2.5000E-05 ERR= -0.0% DM/M= 0.0000E+00
 ELAPSED TIME=         16.05 s  REMAINING TIME=         41.27 s
 NC=  112100 T= 2.8025E+00 DT= 2.5000E-05 ERR=  0.0% DM/M= 0.0000E+00
 ELAPSED TIME=         16.06 s  REMAINING TIME=         41.25 s
 NC=  112200 T= 2.8050E+00 DT= 2.5000E-05 ERR= -0.0% DM/M= 0.0000E+00
 ELAPSED TIME=         16.08 s  REMAINING TIME=         41.24 s
 NC=  112300 T= 2.8075E+00 DT= 2.5000E-05 ERR=  0.0% DM/M= 0.0000E+00
 ELAPSED TIME=         16.09 s  REMAINING TIME=         41.22 s
 NC=  112400 T= 2.8100E+00 DT= 2.5000E-05 ERR= -0.0% DM/M= 0.0000E+00
 ELAPSED TIME=         16.11 s  REMAINING TIME=         41.21 s
 NC=  112500 T= 2.8125E+00 DT= 2.5000E-05 ERR=  0.0% DM/M= 0.0000E+00
 ELAPSED TIME=         16.12 s  REMAINING TIME=         41.20 s
 NC=  112600 T= 2.8150E+00 DT= 2.5000E-05 ERR= -0.0% DM/M= 0.0000E+00
 ELAPSED TIME=         16.13 s  REMAINING TIME=         41.18 s
 NC=  112700 T= 2.8175E+00 DT= 2.5000E-05 ERR=  0.0% DM/M= 0.0000E+00
 ELAPSED TIME=         16.15 s  REMAINING TIME=         41.17 s
 NC=  112800 T= 2.8200E+00 DT= 2.5000E-05 ERR= -0.0% DM/M= 0.0000E+00
 ELAPSED TIME=         16.16 s  REMAINING TIME=         41.15 s
 NC=  112900 T= 2.8225E+00 DT= 2.5000E-05 ERR=  0.0% DM/M= 0.0000E+00
 ELAPSED TIME=         16.18 s  REMAINING TIME=         41.14 s
 NC=  113000 T= 2.8250E+00 DT= 2.5000E-05 ERR= -0.0% DM/M= 0.0000E+00
 ELAPSED TIME=         16.19 s  REMAINING TIME=         41.12 s
 NC=  113100 T= 2.8275E+00 DT= 2.5000E-05 ERR=  0.0% DM/M= 0.0000E+00
 ELAPSED TIME=         16.20 s  REMAINING TIME=         41.11 s
 NC=  113200 T= 2.8300E+00 DT= 2.5000E-05 ERR= -0.0% DM/M= 0.0000E+00
 ELAPSED TIME=         16.22 s  REMAINING TIME=         41.09 s
 NC=  113300 T= 2.8325E+00 DT= 2.5000E-05 ERR=  0.0% DM/M= 0.0000E+00
 ELAPSED TIME=         16.23 s  REMAINING TIME=         41.08 s
 NC=  113400 T= 2.8350E+00 DT= 2.5000E-05 ERR= -0.0% DM/M= 0.0000E+00
 ELAPSED TIME=         16.25 s  REMAINING TIME=         41.06 s
 NC=  113500 T= 2.8375E+00 DT= 2.5000E-05 ERR=  0.0% DM/M= 0.0000E+00
 ELAPSED TIME=         16.26 s  REMAINING TIME=         41.05 s
 NC=  113600 T= 2.8400E+00 DT= 2.5000E-05 ERR= -0.0% DM/M= 0.0000E+00
 ELAPSED TIME=         16.28 s  REMAINING TIME=         41.03 s
 NC=  113700 T= 2.8425E+00 DT= 2.5000E-05 ERR=  0.0% DM/M= 0.0000E+00
 ELAPSED TIME=         16.29 s  REMAINING TIME=         41.02 s
 NC=  113800 T= 2.8450E+00 DT= 2.5000E-05 ERR= -0.0% DM/M= 0.0000E+00
 ELAPSED TIME=         16.30 s  REMAINING TIME=         41.01 s
 NC=  113900 T= 2.8475E+00 DT= 2.5000E-05 ERR=  0.0% DM/M= 0.0000E+00
 ELAPSED TIME=         16.32 s  REMAINING TIME=         40.99 s
 NC=  114000 T= 2.8500E+00 DT= 2.5000E-05 ERR= -0.0% DM/M= 0.0000E+00
 ELAPSED TIME=         16.33 s  REMAINING TIME=         40.98 s
 NC=  114100 T= 2.8525E+00 DT= 2.5000E-05 ERR=  0.0% DM/M= 0.0000E+00
 ELAPSED TIME=         16.35 s  REMAINING TIME=         40.96 s
 NC=  114200 T= 2.8550E+00 DT= 2.5000E-05 ERR= -0.0% DM/M= 0.0000E+00
 ELAPSED TIME=         16.36 s  REMAINING TIME=         40.95 s
 NC=  114300 T= 2.8575E+00 DT= 2.5000E-05 ERR=  0.0% DM/M= 0.0000E+00
 ELAPSED TIME=         16.38 s  REMAINING TIME=         40.93 s
 NC=  114400 T= 2.8600E+00 DT= 2.5000E-05 ERR= -0.0% DM/M= 0.0000E+00
 ELAPSED TIME=         16.39 s  REMAINING TIME=         40.92 s
 NC=  114500 T= 2.8625E+00 DT= 2.5000E-05 ERR=  0.0% DM/M= 0.0000E+00
 ELAPSED TIME=         16.40 s  REMAINING TIME=         40.90 s
 NC=  114600 T= 2.8650E+00 DT= 2.5000E-05 ERR= -0.0% DM/M= 0.0000E+00
 ELAPSED TIME=         16.42 s  REMAINING TIME=         40.89 s
 NC=  114700 T= 2.8675E+00 DT= 2.5000E-05 ERR=  0.0% DM/M= 0.0000E+00
 ELAPSED TIME=         16.43 s  REMAINING TIME=         40.87 s
 NC=  114800 T= 2.8700E+00 DT= 2.5000E-05 ERR= -0.0% DM/M= 0.0000E+00
 ELAPSED TIME=         16.45 s  REMAINING TIME=         40.86 s
 NC=  114900 T= 2.8725E+00 DT= 2.5000E-05 ERR=  0.0% DM/M= 0.0000E+00
 ELAPSED TIME=         16.46 s  REMAINING TIME=         40.84 s
 NC=  115000 T= 2.8750E+00 DT= 2.5000E-05 ERR= -0.0% DM/M= 0.0000E+00
 ELAPSED TIME=         16.47 s  REMAINING TIME=         40.83 s
 NC=  115100 T= 2.8775E+00 DT= 2.5000E-05 ERR=  0.0% DM/M= 0.0000E+00
 ELAPSED TIME=         16.49 s  REMAINING TIME=         40.81 s
 NC=  115200 T= 2.8800E+00 DT= 2.5000E-05 ERR= -0.0% DM/M= 0.0000E+00
 ELAPSED TIME=         16.50 s  REMAINING TIME=         40.80 s
 NC=  115300 T= 2.8825E+00 DT= 2.5000E-05 ERR=  0.0% DM/M= 0.0000E+00
 ELAPSED TIME=         16.52 s  REMAINING TIME=         40.78 s
 NC=  115400 T= 2.8850E+00 DT= 2.5000E-05 ERR= -0.0% DM/M= 0.0000E+00
 ELAPSED TIME=         16.53 s  REMAINING TIME=         40.77 s
 NC=  115500 T= 2.8875E+00 DT= 2.5000E-05 ERR=  0.0% DM/M= 0.0000E+00
 ELAPSED TIME=         16.55 s  REMAINING TIME=         40.75 s
 NC=  115600 T= 2.8900E+00 DT= 2.5000E-05 ERR= -0.0% DM/M= 0.0000E+00
 ELAPSED TIME=         16.56 s  REMAINING TIME=         40.74 s
 NC=  115700 T= 2.8925E+00 DT= 2.5000E-05 ERR=  0.0% DM/M= 0.0000E+00
 ELAPSED TIME=         16.57 s  REMAINING TIME=         40.73 s
 NC=  115800 T= 2.8950E+00 DT= 2.5000E-05 ERR= -0.0% DM/M= 0.0000E+00
 ELAPSED TIME=         16.59 s  REMAINING TIME=         40.71 s
 NC=  115900 T= 2.8975E+00 DT= 2.5000E-05 ERR=  0.0% DM/M= 0.0000E+00
 ELAPSED TIME=         16.60 s  REMAINING TIME=         40.70 s
 NC=  116000 T= 2.9000E+00 DT= 2.5000E-05 ERR= -0.0% DM/M= 0.0000E+00
 ELAPSED TIME=         16.62 s  REMAINING TIME=         40.68 s
 NC=  116100 T= 2.9025E+00 DT= 2.5000E-05 ERR=  0.0% DM/M= 0.0000E+00
 ELAPSED TIME=         16.63 s  REMAINING TIME=         40.67 s
 NC=  116200 T= 2.9050E+00 DT= 2.5000E-05 ERR= -0.0% DM/M= 0.0000E+00
 ELAPSED TIME=         16.65 s  REMAINING TIME=         40.65 s
 NC=  116300 T= 2.9075E+00 DT= 2.5000E-05 ERR=  0.0% DM/M= 0.0000E+00
 ELAPSED TIME=         16.66 s  REMAINING TIME=         40.64 s
 NC=  116400 T= 2.9100E+00 DT= 2.5000E-05 ERR= -0.0% DM/M= 0.0000E+00
 ELAPSED TIME=         16.67 s  REMAINING TIME=         40.62 s
 NC=  116500 T= 2.9125E+00 DT= 2.5000E-05 ERR=  0.0% DM/M= 0.0000E+00
 ELAPSED TIME=         16.69 s  REMAINING TIME=         40.61 s
 NC=  116600 T= 2.9150E+00 DT= 2.5000E-05 ERR= -0.0% DM/M= 0.0000E+00
 ELAPSED TIME=         16.70 s  REMAINING TIME=         40.59 s
 NC=  116700 T= 2.9175E+00 DT= 2.5000E-05 ERR=  0.0% DM/M= 0.0000E+00
 ELAPSED TIME=         16.72 s  REMAINING TIME=         40.58 s
 NC=  116800 T= 2.9200E+00 DT= 2.5000E-05 ERR= -0.0% DM/M= 0.0000E+00
 ELAPSED TIME=         16.73 s  REMAINING TIME=         40.57 s
 NC=  116900 T= 2.9225E+00 DT= 2.5000E-05 ERR=  0.0% DM/M= 0.0000E+00
 ELAPSED TIME=         16.74 s  REMAINING TIME=         40.55 s
 NC=  117000 T= 2.9250E+00 DT= 2.5000E-05 ERR= -0.0% DM/M= 0.0000E+00
 ELAPSED TIME=         16.76 s  REMAINING TIME=         40.54 s
 NC=  117100 T= 2.9275E+00 DT= 2.5000E-05 ERR=  0.0% DM/M= 0.0000E+00
 ELAPSED TIME=         16.77 s  REMAINING TIME=         40.52 s
 NC=  117200 T= 2.9300E+00 DT= 2.5000E-05 ERR= -0.0% DM/M= 0.0000E+00
 ELAPSED TIME=         16.79 s  REMAINING TIME=         40.51 s
 NC=  117300 T= 2.9325E+00 DT= 2.5000E-05 ERR=  0.0% DM/M= 0.0000E+00
 ELAPSED TIME=         16.80 s  REMAINING TIME=         40.49 s
 NC=  117400 T= 2.9350E+00 DT= 2.5000E-05 ERR= -0.0% DM/M= 0.0000E+00
 ELAPSED TIME=         16.82 s  REMAINING TIME=         40.48 s
 NC=  117500 T= 2.9375E+00 DT= 2.5000E-05 ERR=  0.0% DM/M= 0.0000E+00
 ELAPSED TIME=         16.83 s  REMAINING TIME=         40.46 s
 NC=  117600 T= 2.9400E+00 DT= 2.5000E-05 ERR= -0.0% DM/M= 0.0000E+00
 ELAPSED TIME=         16.84 s  REMAINING TIME=         40.45 s
 NC=  117700 T= 2.9425E+00 DT= 2.5000E-05 ERR=  0.0% DM/M= 0.0000E+00
 ELAPSED TIME=         16.86 s  REMAINING TIME=         40.43 s
 NC=  117800 T= 2.9450E+00 DT= 2.5000E-05 ERR= -0.0% DM/M= 0.0000E+00
 ELAPSED TIME=         16.87 s  REMAINING TIME=         40.42 s
 NC=  117900 T= 2.9475E+00 DT= 2.5000E-05 ERR=  0.0% DM/M= 0.0000E+00
 ELAPSED TIME=         16.89 s  REMAINING TIME=         40.40 s
 NC=  118000 T= 2.9500E+00 DT= 2.5000E-05 ERR= -0.0% DM/M= 0.0000E+00
 ELAPSED TIME=         16.90 s  REMAINING TIME=         40.39 s
 NC=  118100 T= 2.9525E+00 DT= 2.5000E-05 ERR=  0.0% DM/M= 0.0000E+00
 ELAPSED TIME=         16.91 s  REMAINING TIME=         40.37 s
 NC=  118200 T= 2.9550E+00 DT= 2.5000E-05 ERR= -0.0% DM/M= 0.0000E+00
 ELAPSED TIME=         16.93 s  REMAINING TIME=         40.36 s
 NC=  118300 T= 2.9575E+00 DT= 2.5000E-05 ERR=  0.0% DM/M= 0.0000E+00
 ELAPSED TIME=         16.94 s  REMAINING TIME=         40.35 s
 NC=  118400 T= 2.9600E+00 DT= 2.5000E-05 ERR= -0.0% DM/M= 0.0000E+00
 ELAPSED TIME=         16.96 s  REMAINING TIME=         40.33 s
 NC=  118500 T= 2.9625E+00 DT= 2.5000E-05 ERR=  0.0% DM/M= 0.0000E+00
 ELAPSED TIME=         16.97 s  REMAINING TIME=         40.32 s
 NC=  118600 T= 2.9650E+00 DT= 2.5000E-05 ERR= -0.0% DM/M= 0.0000E+00
 ELAPSED TIME=         16.99 s  REMAINING TIME=         40.31 s
 NC=  118700 T= 2.9675E+00 DT= 2.5000E-05 ERR=  0.0% DM/M= 0.0000E+00
 ELAPSED TIME=         17.00 s  REMAINING TIME=         40.29 s
 NC=  118800 T= 2.9700E+00 DT= 2.5000E-05 ERR= -0.0% DM/M= 0.0000E+00
 ELAPSED TIME=         17.02 s  REMAINING TIME=         40.28 s
 NC=  118900 T= 2.9725E+00 DT= 2.5000E-05 ERR=  0.0% DM/M= 0.0000E+00
 ELAPSED TIME=         17.03 s  REMAINING TIME=         40.26 s
 NC=  119000 T= 2.9750E+00 DT= 2.5000E-05 ERR= -0.0% DM/M= 0.0000E+00
 ELAPSED TIME=         17.04 s  REMAINING TIME=         40.25 s
 NC=  119100 T= 2.9775E+00 DT= 2.5000E-05 ERR=  0.0% DM/M= 0.0000E+00
 ELAPSED TIME=         17.06 s  REMAINING TIME=         40.23 s
 NC=  119200 T= 2.9800E+00 DT= 2.5000E-05 ERR= -0.0% DM/M= 0.0000E+00
 ELAPSED TIME=         17.07 s  REMAINING TIME=         40.22 s
 NC=  119300 T= 2.9825E+00 DT= 2.5000E-05 ERR=  0.0% DM/M= 0.0000E+00
 ELAPSED TIME=         17.09 s  REMAINING TIME=         40.20 s
 NC=  119400 T= 2.9850E+00 DT= 2.5000E-05 ERR= -0.0% DM/M= 0.0000E+00
 ELAPSED TIME=         17.10 s  REMAINING TIME=         40.19 s
 NC=  119500 T= 2.9875E+00 DT= 2.5000E-05 ERR=  0.0% DM/M= 0.0000E+00
 ELAPSED TIME=         17.12 s  REMAINING TIME=         40.17 s
 NC=  119600 T= 2.9900E+00 DT= 2.5000E-05 ERR= -0.0% DM/M= 0.0000E+00
 ELAPSED TIME=         17.13 s  REMAINING TIME=         40.16 s
 NC=  119700 T= 2.9925E+00 DT= 2.5000E-05 ERR=  0.0% DM/M= 0.0000E+00
 ELAPSED TIME=         17.14 s  REMAINING TIME=         40.15 s
 NC=  119800 T= 2.9950E+00 DT= 2.5000E-05 ERR= -0.0% DM/M= 0.0000E+00
 ELAPSED TIME=         17.16 s  REMAINING TIME=         40.13 s
 NC=  119900 T= 2.9975E+00 DT= 2.5000E-05 ERR=  0.0% DM/M= 0.0000E+00
 ELAPSED TIME=         17.17 s  REMAINING TIME=         40.12 s
 NC=  120000 T= 3.0000E+00 DT= 2.5000E-05 ERR= -0.0% DM/M= 0.0000E+00
 ELAPSED TIME=         17.19 s  REMAINING TIME=         40.10 s
     ANIMATION FILE: A23_w1_REFERENCE_ROTATION_YA013 WRITTEN
 NC=  120100 T= 3.0025E+00 DT= 2.5000E-05 ERR=  0.0% DM/M= 0.0000E+00
 ELAPSED TIME=         17.20 s  REMAINING TIME=         40.09 s
 NC=  120200 T= 3.0050E+00 DT= 2.5000E-05 ERR= -0.0% DM/M= 0.0000E+00
 ELAPSED TIME=         17.22 s  REMAINING TIME=         40.07 s
 NC=  120300 T= 3.0075E+00 DT= 2.5000E-05 ERR=  0.0% DM/M= 0.0000E+00
 ELAPSED TIME=         17.23 s  REMAINING TIME=         40.06 s
 NC=  120400 T= 3.0100E+00 DT= 2.5000E-05 ERR= -0.0% DM/M= 0.0000E+00
 ELAPSED TIME=         17.24 s  REMAINING TIME=         40.05 s
 NC=  120500 T= 3.0125E+00 DT= 2.5000E-05 ERR=  0.0% DM/M= 0.0000E+00
 ELAPSED TIME=         17.26 s  REMAINING TIME=         40.03 s
 NC=  120600 T= 3.0150E+00 DT= 2.5000E-05 ERR= -0.0% DM/M= 0.0000E+00
 ELAPSED TIME=         17.27 s  REMAINING TIME=         40.02 s
 NC=  120700 T= 3.0175E+00 DT= 2.5000E-05 ERR=  0.0% DM/M= 0.0000E+00
 ELAPSED TIME=         17.29 s  REMAINING TIME=         40.00 s
 NC=  120800 T= 3.0200E+00 DT= 2.5000E-05 ERR= -0.0% DM/M= 0.0000E+00
 ELAPSED TIME=         17.30 s  REMAINING TIME=         39.99 s
 NC=  120900 T= 3.0225E+00 DT= 2.5000E-05 ERR=  0.0% DM/M= 0.0000E+00
 ELAPSED TIME=         17.31 s  REMAINING TIME=         39.97 s
 NC=  121000 T= 3.0250E+00 DT= 2.5000E-05 ERR= -0.0% DM/M= 0.0000E+00
 ELAPSED TIME=         17.33 s  REMAINING TIME=         39.96 s
 NC=  121100 T= 3.0275E+00 DT= 2.5000E-05 ERR=  0.0% DM/M= 0.0000E+00
 ELAPSED TIME=         17.34 s  REMAINING TIME=         39.94 s
 NC=  121200 T= 3.0300E+00 DT= 2.5000E-05 ERR= -0.0% DM/M= 0.0000E+00
 ELAPSED TIME=         17.36 s  REMAINING TIME=         39.93 s
 NC=  121300 T= 3.0325E+00 DT= 2.5000E-05 ERR=  0.0% DM/M= 0.0000E+00
 ELAPSED TIME=         17.37 s  REMAINING TIME=         39.91 s
 NC=  121400 T= 3.0350E+00 DT= 2.5000E-05 ERR= -0.0% DM/M= 0.0000E+00
 ELAPSED TIME=         17.39 s  REMAINING TIME=         39.90 s
 NC=  121500 T= 3.0375E+00 DT= 2.5000E-05 ERR=  0.0% DM/M= 0.0000E+00
 ELAPSED TIME=         17.40 s  REMAINING TIME=         39.89 s
 NC=  121600 T= 3.0400E+00 DT= 2.5000E-05 ERR= -0.0% DM/M= 0.0000E+00
 ELAPSED TIME=         17.41 s  REMAINING TIME=         39.87 s
 NC=  121700 T= 3.0425E+00 DT= 2.5000E-05 ERR=  0.0% DM/M= 0.0000E+00
 ELAPSED TIME=         17.43 s  REMAINING TIME=         39.86 s
 NC=  121800 T= 3.0450E+00 DT= 2.5000E-05 ERR= -0.0% DM/M= 0.0000E+00
 ELAPSED TIME=         17.44 s  REMAINING TIME=         39.84 s
 NC=  121900 T= 3.0475E+00 DT= 2.5000E-05 ERR=  0.0% DM/M= 0.0000E+00
 ELAPSED TIME=         17.46 s  REMAINING TIME=         39.83 s
 NC=  122000 T= 3.0500E+00 DT= 2.5000E-05 ERR= -0.0% DM/M= 0.0000E+00
 ELAPSED TIME=         17.47 s  REMAINING TIME=         39.81 s
 NC=  122100 T= 3.0525E+00 DT= 2.5000E-05 ERR=  0.0% DM/M= 0.0000E+00
 ELAPSED TIME=         17.49 s  REMAINING TIME=         39.80 s
 NC=  122200 T= 3.0550E+00 DT= 2.5000E-05 ERR= -0.0% DM/M= 0.0000E+00
 ELAPSED TIME=         17.50 s  REMAINING TIME=         39.78 s
 NC=  122300 T= 3.0575E+00 DT= 2.5000E-05 ERR=  0.0% DM/M= 0.0000E+00
 ELAPSED TIME=         17.51 s  REMAINING TIME=         39.77 s
 NC=  122400 T= 3.0600E+00 DT= 2.5000E-05 ERR= -0.0% DM/M= 0.0000E+00
 ELAPSED TIME=         17.53 s  REMAINING TIME=         39.75 s
 NC=  122500 T= 3.0625E+00 DT= 2.5000E-05 ERR=  0.0% DM/M= 0.0000E+00
 ELAPSED TIME=         17.54 s  REMAINING TIME=         39.74 s
 NC=  122600 T= 3.0650E+00 DT= 2.5000E-05 ERR= -0.0% DM/M= 0.0000E+00
 ELAPSED TIME=         17.56 s  REMAINING TIME=         39.72 s
 NC=  122700 T= 3.0675E+00 DT= 2.5000E-05 ERR=  0.0% DM/M= 0.0000E+00
 ELAPSED TIME=         17.57 s  REMAINING TIME=         39.71 s
 NC=  122800 T= 3.0700E+00 DT= 2.5000E-05 ERR= -0.0% DM/M= 0.0000E+00
 ELAPSED TIME=         17.58 s  REMAINING TIME=         39.70 s
 NC=  122900 T= 3.0725E+00 DT= 2.5000E-05 ERR=  0.0% DM/M= 0.0000E+00
 ELAPSED TIME=         17.60 s  REMAINING TIME=         39.68 s
 NC=  123000 T= 3.0750E+00 DT= 2.5000E-05 ERR= -0.0% DM/M= 0.0000E+00
 ELAPSED TIME=         17.61 s  REMAINING TIME=         39.67 s
 NC=  123100 T= 3.0775E+00 DT= 2.5000E-05 ERR=  0.0% DM/M= 0.0000E+00
 ELAPSED TIME=         17.63 s  REMAINING TIME=         39.65 s
 NC=  123200 T= 3.0800E+00 DT= 2.5000E-05 ERR= -0.0% DM/M= 0.0000E+00
 ELAPSED TIME=         17.64 s  REMAINING TIME=         39.64 s
 NC=  123300 T= 3.0825E+00 DT= 2.5000E-05 ERR=  0.0% DM/M= 0.0000E+00
 ELAPSED TIME=         17.66 s  REMAINING TIME=         39.62 s
 NC=  123400 T= 3.0850E+00 DT= 2.5000E-05 ERR= -0.0% DM/M= 0.0000E+00
 ELAPSED TIME=         17.67 s  REMAINING TIME=         39.61 s
 NC=  123500 T= 3.0875E+00 DT= 2.5000E-05 ERR=  0.0% DM/M= 0.0000E+00
 ELAPSED TIME=         17.68 s  REMAINING TIME=         39.59 s
 NC=  123600 T= 3.0900E+00 DT= 2.5000E-05 ERR= -0.0% DM/M= 0.0000E+00
 ELAPSED TIME=         17.70 s  REMAINING TIME=         39.58 s
 NC=  123700 T= 3.0925E+00 DT= 2.5000E-05 ERR=  0.0% DM/M= 0.0000E+00
 ELAPSED TIME=         17.71 s  REMAINING TIME=         39.56 s
 NC=  123800 T= 3.0950E+00 DT= 2.5000E-05 ERR= -0.0% DM/M= 0.0000E+00
 ELAPSED TIME=         17.73 s  REMAINING TIME=         39.55 s
 NC=  123900 T= 3.0975E+00 DT= 2.5000E-05 ERR=  0.0% DM/M= 0.0000E+00
 ELAPSED TIME=         17.74 s  REMAINING TIME=         39.53 s
 NC=  124000 T= 3.1000E+00 DT= 2.5000E-05 ERR= -0.0% DM/M= 0.0000E+00
 ELAPSED TIME=         17.76 s  REMAINING TIME=         39.52 s
 NC=  124100 T= 3.1025E+00 DT= 2.5000E-05 ERR=  0.0% DM/M= 0.0000E+00
 ELAPSED TIME=         17.77 s  REMAINING TIME=         39.51 s
 NC=  124200 T= 3.1050E+00 DT= 2.5000E-05 ERR= -0.0% DM/M= 0.0000E+00
 ELAPSED TIME=         17.78 s  REMAINING TIME=         39.49 s
 NC=  124300 T= 3.1075E+00 DT= 2.5000E-05 ERR=  0.0% DM/M= 0.0000E+00
 ELAPSED TIME=         17.80 s  REMAINING TIME=         39.48 s
 NC=  124400 T= 3.1100E+00 DT= 2.5000E-05 ERR= -0.0% DM/M= 0.0000E+00
 ELAPSED TIME=         17.81 s  REMAINING TIME=         39.46 s
 NC=  124500 T= 3.1125E+00 DT= 2.5000E-05 ERR=  0.0% DM/M= 0.0000E+00
 ELAPSED TIME=         17.83 s  REMAINING TIME=         39.45 s
 NC=  124600 T= 3.1150E+00 DT= 2.5000E-05 ERR= -0.0% DM/M= 0.0000E+00
 ELAPSED TIME=         17.84 s  REMAINING TIME=         39.43 s
 NC=  124700 T= 3.1175E+00 DT= 2.5000E-05 ERR=  0.0% DM/M= 0.0000E+00
 ELAPSED TIME=         17.85 s  REMAINING TIME=         39.42 s
 NC=  124800 T= 3.1200E+00 DT= 2.5000E-05 ERR= -0.0% DM/M= 0.0000E+00
 ELAPSED TIME=         17.87 s  REMAINING TIME=         39.40 s
 NC=  124900 T= 3.1225E+00 DT= 2.5000E-05 ERR=  0.0% DM/M= 0.0000E+00
 ELAPSED TIME=         17.88 s  REMAINING TIME=         39.39 s
 NC=  125000 T= 3.1250E+00 DT= 2.5000E-05 ERR= -0.0% DM/M= 0.0000E+00
 ELAPSED TIME=         17.90 s  REMAINING TIME=         39.37 s
 NC=  125100 T= 3.1275E+00 DT= 2.5000E-05 ERR=  0.0% DM/M= 0.0000E+00
 ELAPSED TIME=         17.91 s  REMAINING TIME=         39.36 s
 NC=  125200 T= 3.1300E+00 DT= 2.5000E-05 ERR= -0.0% DM/M= 0.0000E+00
 ELAPSED TIME=         17.92 s  REMAINING TIME=         39.34 s
 NC=  125300 T= 3.1325E+00 DT= 2.5000E-05 ERR=  0.0% DM/M= 0.0000E+00
 ELAPSED TIME=         17.94 s  REMAINING TIME=         39.33 s
 NC=  125400 T= 3.1350E+00 DT= 2.5000E-05 ERR= -0.0% DM/M= 0.0000E+00
 ELAPSED TIME=         17.95 s  REMAINING TIME=         39.32 s
 NC=  125500 T= 3.1375E+00 DT= 2.5000E-05 ERR=  0.0% DM/M= 0.0000E+00
 ELAPSED TIME=         17.97 s  REMAINING TIME=         39.30 s
 NC=  125600 T= 3.1400E+00 DT= 2.5000E-05 ERR= -0.0% DM/M= 0.0000E+00
 ELAPSED TIME=         17.98 s  REMAINING TIME=         39.29 s
 NC=  125700 T= 3.1425E+00 DT= 2.5000E-05 ERR=  0.0% DM/M= 0.0000E+00
 ELAPSED TIME=         18.00 s  REMAINING TIME=         39.28 s
 NC=  125800 T= 3.1450E+00 DT= 2.5000E-05 ERR= -0.0% DM/M= 0.0000E+00
 ELAPSED TIME=         18.01 s  REMAINING TIME=         39.26 s
 NC=  125900 T= 3.1475E+00 DT= 2.5000E-05 ERR=  0.0% DM/M= 0.0000E+00
 ELAPSED TIME=         18.03 s  REMAINING TIME=         39.25 s
 NC=  126000 T= 3.1500E+00 DT= 2.5000E-05 ERR= -0.0% DM/M= 0.0000E+00
 ELAPSED TIME=         18.04 s  REMAINING TIME=         39.23 s
 NC=  126100 T= 3.1525E+00 DT= 2.5000E-05 ERR=  0.0% DM/M= 0.0000E+00
 ELAPSED TIME=         18.06 s  REMAINING TIME=         39.22 s
 NC=  126200 T= 3.1550E+00 DT= 2.5000E-05 ERR= -0.0% DM/M= 0.0000E+00
 ELAPSED TIME=         18.07 s  REMAINING TIME=         39.20 s
 NC=  126300 T= 3.1575E+00 DT= 2.5000E-05 ERR=  0.0% DM/M= 0.0000E+00
 ELAPSED TIME=         18.08 s  REMAINING TIME=         39.19 s
 NC=  126400 T= 3.1600E+00 DT= 2.5000E-05 ERR= -0.0% DM/M= 0.0000E+00
 ELAPSED TIME=         18.10 s  REMAINING TIME=         39.17 s
 NC=  126500 T= 3.1625E+00 DT= 2.5000E-05 ERR=  0.0% DM/M= 0.0000E+00
 ELAPSED TIME=         18.11 s  REMAINING TIME=         39.16 s
 NC=  126600 T= 3.1650E+00 DT= 2.5000E-05 ERR= -0.0% DM/M= 0.0000E+00
 ELAPSED TIME=         18.13 s  REMAINING TIME=         39.15 s
 NC=  126700 T= 3.1675E+00 DT= 2.5000E-05 ERR=  0.0% DM/M= 0.0000E+00
 ELAPSED TIME=         18.14 s  REMAINING TIME=         39.13 s
 NC=  126800 T= 3.1700E+00 DT= 2.5000E-05 ERR= -0.0% DM/M= 0.0000E+00
 ELAPSED TIME=         18.16 s  REMAINING TIME=         39.12 s
 NC=  126900 T= 3.1725E+00 DT= 2.5000E-05 ERR=  0.0% DM/M= 0.0000E+00
 ELAPSED TIME=         18.17 s  REMAINING TIME=         39.10 s
 NC=  127000 T= 3.1750E+00 DT= 2.5000E-05 ERR= -0.0% DM/M= 0.0000E+00
 ELAPSED TIME=         18.18 s  REMAINING TIME=         39.09 s
 NC=  127100 T= 3.1775E+00 DT= 2.5000E-05 ERR=  0.0% DM/M= 0.0000E+00
 ELAPSED TIME=         18.20 s  REMAINING TIME=         39.07 s
 NC=  127200 T= 3.1800E+00 DT= 2.5000E-05 ERR= -0.0% DM/M= 0.0000E+00
 ELAPSED TIME=         18.21 s  REMAINING TIME=         39.06 s
 NC=  127300 T= 3.1825E+00 DT= 2.5000E-05 ERR=  0.0% DM/M= 0.0000E+00
 ELAPSED TIME=         18.23 s  REMAINING TIME=         39.04 s
 NC=  127400 T= 3.1850E+00 DT= 2.5000E-05 ERR= -0.0% DM/M= 0.0000E+00
 ELAPSED TIME=         18.24 s  REMAINING TIME=         39.03 s
 NC=  127500 T= 3.1875E+00 DT= 2.5000E-05 ERR=  0.0% DM/M= 0.0000E+00
 ELAPSED TIME=         18.25 s  REMAINING TIME=         39.01 s
 NC=  127600 T= 3.1900E+00 DT= 2.5000E-05 ERR= -0.0% DM/M= 0.0000E+00
 ELAPSED TIME=         18.27 s  REMAINING TIME=         39.00 s
 NC=  127700 T= 3.1925E+00 DT= 2.5000E-05 ERR=  0.0% DM/M= 0.0000E+00
 ELAPSED TIME=         18.28 s  REMAINING TIME=         38.99 s
 NC=  127800 T= 3.1950E+00 DT= 2.5000E-05 ERR= -0.0% DM/M= 0.0000E+00
 ELAPSED TIME=         18.30 s  REMAINING TIME=         38.97 s
 NC=  127900 T= 3.1975E+00 DT= 2.5000E-05 ERR=  0.0% DM/M= 0.0000E+00
 ELAPSED TIME=         18.31 s  REMAINING TIME=         38.96 s
 NC=  128000 T= 3.2000E+00 DT= 2.5000E-05 ERR= -0.0% DM/M= 0.0000E+00
 ELAPSED TIME=         18.33 s  REMAINING TIME=         38.94 s
 NC=  128100 T= 3.2025E+00 DT= 2.5000E-05 ERR=  0.0% DM/M= 0.0000E+00
 ELAPSED TIME=         18.34 s  REMAINING TIME=         38.93 s
 NC=  128200 T= 3.2050E+00 DT= 2.5000E-05 ERR= -0.0% DM/M= 0.0000E+00
 ELAPSED TIME=         18.35 s  REMAINING TIME=         38.91 s
 NC=  128300 T= 3.2075E+00 DT= 2.5000E-05 ERR=  0.0% DM/M= 0.0000E+00
 ELAPSED TIME=         18.37 s  REMAINING TIME=         38.90 s
 NC=  128400 T= 3.2100E+00 DT= 2.5000E-05 ERR= -0.0% DM/M= 0.0000E+00
 ELAPSED TIME=         18.38 s  REMAINING TIME=         38.88 s
 NC=  128500 T= 3.2125E+00 DT= 2.5000E-05 ERR=  0.0% DM/M= 0.0000E+00
 ELAPSED TIME=         18.40 s  REMAINING TIME=         38.87 s
 NC=  128600 T= 3.2150E+00 DT= 2.5000E-05 ERR= -0.0% DM/M= 0.0000E+00
 ELAPSED TIME=         18.41 s  REMAINING TIME=         38.85 s
 NC=  128700 T= 3.2175E+00 DT= 2.5000E-05 ERR=  0.0% DM/M= 0.0000E+00
 ELAPSED TIME=         18.42 s  REMAINING TIME=         38.84 s
 NC=  128800 T= 3.2200E+00 DT= 2.5000E-05 ERR= -0.0% DM/M= 0.0000E+00
 ELAPSED TIME=         18.44 s  REMAINING TIME=         38.83 s
 NC=  128900 T= 3.2225E+00 DT= 2.5000E-05 ERR=  0.0% DM/M= 0.0000E+00
 ELAPSED TIME=         18.45 s  REMAINING TIME=         38.81 s
 NC=  129000 T= 3.2250E+00 DT= 2.5000E-05 ERR= -0.0% DM/M= 0.0000E+00
 ELAPSED TIME=         18.47 s  REMAINING TIME=         38.80 s
 NC=  129100 T= 3.2275E+00 DT= 2.5000E-05 ERR=  0.0% DM/M= 0.0000E+00
 ELAPSED TIME=         18.48 s  REMAINING TIME=         38.78 s
 NC=  129200 T= 3.2300E+00 DT= 2.5000E-05 ERR= -0.0% DM/M= 0.0000E+00
 ELAPSED TIME=         18.50 s  REMAINING TIME=         38.77 s
 NC=  129300 T= 3.2325E+00 DT= 2.5000E-05 ERR=  0.0% DM/M= 0.0000E+00
 ELAPSED TIME=         18.51 s  REMAINING TIME=         38.75 s
 NC=  129400 T= 3.2350E+00 DT= 2.5000E-05 ERR= -0.0% DM/M= 0.0000E+00
 ELAPSED TIME=         18.52 s  REMAINING TIME=         38.74 s
 NC=  129500 T= 3.2375E+00 DT= 2.5000E-05 ERR=  0.0% DM/M= 0.0000E+00
 ELAPSED TIME=         18.54 s  REMAINING TIME=         38.72 s
 NC=  129600 T= 3.2400E+00 DT= 2.5000E-05 ERR= -0.0% DM/M= 0.0000E+00
 ELAPSED TIME=         18.55 s  REMAINING TIME=         38.71 s
 NC=  129700 T= 3.2425E+00 DT= 2.5000E-05 ERR=  0.0% DM/M= 0.0000E+00
 ELAPSED TIME=         18.57 s  REMAINING TIME=         38.69 s
 NC=  129800 T= 3.2450E+00 DT= 2.5000E-05 ERR= -0.0% DM/M= 0.0000E+00
 ELAPSED TIME=         18.58 s  REMAINING TIME=         38.68 s
 NC=  129900 T= 3.2475E+00 DT= 2.5000E-05 ERR=  0.0% DM/M= 0.0000E+00
 ELAPSED TIME=         18.60 s  REMAINING TIME=         38.66 s
 NC=  130000 T= 3.2500E+00 DT= 2.5000E-05 ERR= -0.0% DM/M= 0.0000E+00
 ELAPSED TIME=         18.61 s  REMAINING TIME=         38.65 s
     ANIMATION FILE: A23_w1_REFERENCE_ROTATION_YA014 WRITTEN
 NC=  130100 T= 3.2525E+00 DT= 2.5000E-05 ERR=  0.0% DM/M= 0.0000E+00
 ELAPSED TIME=         18.63 s  REMAINING TIME=         38.64 s
 NC=  130200 T= 3.2550E+00 DT= 2.5000E-05 ERR= -0.0% DM/M= 0.0000E+00
 ELAPSED TIME=         18.64 s  REMAINING TIME=         38.63 s
 NC=  130300 T= 3.2575E+00 DT= 2.5000E-05 ERR=  0.0% DM/M= 0.0000E+00
 ELAPSED TIME=         18.65 s  REMAINING TIME=         38.61 s
 NC=  130400 T= 3.2600E+00 DT= 2.5000E-05 ERR= -0.0% DM/M= 0.0000E+00
 ELAPSED TIME=         18.67 s  REMAINING TIME=         38.60 s
 NC=  130500 T= 3.2625E+00 DT= 2.5000E-05 ERR=  0.0% DM/M= 0.0000E+00
 ELAPSED TIME=         18.68 s  REMAINING TIME=         38.58 s
 NC=  130600 T= 3.2650E+00 DT= 2.5000E-05 ERR= -0.0% DM/M= 0.0000E+00
 ELAPSED TIME=         18.70 s  REMAINING TIME=         38.57 s
 NC=  130700 T= 3.2675E+00 DT= 2.5000E-05 ERR=  0.0% DM/M= 0.0000E+00
 ELAPSED TIME=         18.71 s  REMAINING TIME=         38.55 s
 NC=  130800 T= 3.2700E+00 DT= 2.5000E-05 ERR= -0.0% DM/M= 0.0000E+00
 ELAPSED TIME=         18.73 s  REMAINING TIME=         38.54 s
 NC=  130900 T= 3.2725E+00 DT= 2.5000E-05 ERR=  0.0% DM/M= 0.0000E+00
 ELAPSED TIME=         18.74 s  REMAINING TIME=         38.52 s
 NC=  131000 T= 3.2750E+00 DT= 2.5000E-05 ERR= -0.0% DM/M= 0.0000E+00
 ELAPSED TIME=         18.75 s  REMAINING TIME=         38.51 s
 NC=  131100 T= 3.2775E+00 DT= 2.5000E-05 ERR=  0.0% DM/M= 0.0000E+00
 ELAPSED TIME=         18.77 s  REMAINING TIME=         38.50 s
 NC=  131200 T= 3.2800E+00 DT= 2.5000E-05 ERR= -0.0% DM/M= 0.0000E+00
 ELAPSED TIME=         18.78 s  REMAINING TIME=         38.48 s
 NC=  131300 T= 3.2825E+00 DT= 2.5000E-05 ERR=  0.0% DM/M= 0.0000E+00
 ELAPSED TIME=         18.80 s  REMAINING TIME=         38.47 s
 NC=  131400 T= 3.2850E+00 DT= 2.5000E-05 ERR= -0.0% DM/M= 0.0000E+00
 ELAPSED TIME=         18.81 s  REMAINING TIME=         38.45 s
 NC=  131500 T= 3.2875E+00 DT= 2.5000E-05 ERR=  0.0% DM/M= 0.0000E+00
 ELAPSED TIME=         18.83 s  REMAINING TIME=         38.44 s
 NC=  131600 T= 3.2900E+00 DT= 2.5000E-05 ERR= -0.0% DM/M= 0.0000E+00
 ELAPSED TIME=         18.84 s  REMAINING TIME=         38.42 s
 NC=  131700 T= 3.2925E+00 DT= 2.5000E-05 ERR=  0.0% DM/M= 0.0000E+00
 ELAPSED TIME=         18.85 s  REMAINING TIME=         38.41 s
 NC=  131800 T= 3.2950E+00 DT= 2.5000E-05 ERR= -0.0% DM/M= 0.0000E+00
 ELAPSED TIME=         18.87 s  REMAINING TIME=         38.39 s
 NC=  131900 T= 3.2975E+00 DT= 2.5000E-05 ERR=  0.0% DM/M= 0.0000E+00
 ELAPSED TIME=         18.88 s  REMAINING TIME=         38.38 s
 NC=  132000 T= 3.3000E+00 DT= 2.5000E-05 ERR= -0.0% DM/M= 0.0000E+00
 ELAPSED TIME=         18.90 s  REMAINING TIME=         38.36 s
 NC=  132100 T= 3.3025E+00 DT= 2.5000E-05 ERR=  0.0% DM/M= 0.0000E+00
 ELAPSED TIME=         18.91 s  REMAINING TIME=         38.35 s
 NC=  132200 T= 3.3050E+00 DT= 2.5000E-05 ERR= -0.0% DM/M= 0.0000E+00
 ELAPSED TIME=         18.93 s  REMAINING TIME=         38.34 s
 NC=  132300 T= 3.3075E+00 DT= 2.5000E-05 ERR=  0.0% DM/M= 0.0000E+00
 ELAPSED TIME=         18.94 s  REMAINING TIME=         38.32 s
 NC=  132400 T= 3.3100E+00 DT= 2.5000E-05 ERR= -0.0% DM/M= 0.0000E+00
 ELAPSED TIME=         18.95 s  REMAINING TIME=         38.31 s
 NC=  132500 T= 3.3125E+00 DT= 2.5000E-05 ERR=  0.0% DM/M= 0.0000E+00
 ELAPSED TIME=         18.97 s  REMAINING TIME=         38.30 s
 NC=  132600 T= 3.3150E+00 DT= 2.5000E-05 ERR= -0.0% DM/M= 0.0000E+00
 ELAPSED TIME=         18.98 s  REMAINING TIME=         38.28 s
 NC=  132700 T= 3.3175E+00 DT= 2.5000E-05 ERR=  0.0% DM/M= 0.0000E+00
 ELAPSED TIME=         19.00 s  REMAINING TIME=         38.27 s
 NC=  132800 T= 3.3200E+00 DT= 2.5000E-05 ERR= -0.0% DM/M= 0.0000E+00
 ELAPSED TIME=         19.01 s  REMAINING TIME=         38.25 s
 NC=  132900 T= 3.3225E+00 DT= 2.5000E-05 ERR=  0.0% DM/M= 0.0000E+00
 ELAPSED TIME=         19.03 s  REMAINING TIME=         38.24 s
 NC=  133000 T= 3.3250E+00 DT= 2.5000E-05 ERR= -0.0% DM/M= 0.0000E+00
 ELAPSED TIME=         19.04 s  REMAINING TIME=         38.22 s
 NC=  133100 T= 3.3275E+00 DT= 2.5000E-05 ERR=  0.0% DM/M= 0.0000E+00
 ELAPSED TIME=         19.05 s  REMAINING TIME=         38.21 s
 NC=  133200 T= 3.3300E+00 DT= 2.5000E-05 ERR= -0.0% DM/M= 0.0000E+00
 ELAPSED TIME=         19.07 s  REMAINING TIME=         38.19 s
 NC=  133300 T= 3.3325E+00 DT= 2.5000E-05 ERR=  0.0% DM/M= 0.0000E+00
 ELAPSED TIME=         19.08 s  REMAINING TIME=         38.18 s
 NC=  133400 T= 3.3350E+00 DT= 2.5000E-05 ERR= -0.0% DM/M= 0.0000E+00
 ELAPSED TIME=         19.10 s  REMAINING TIME=         38.16 s
 NC=  133500 T= 3.3375E+00 DT= 2.5000E-05 ERR=  0.0% DM/M= 0.0000E+00
 ELAPSED TIME=         19.11 s  REMAINING TIME=         38.15 s
 NC=  133600 T= 3.3400E+00 DT= 2.5000E-05 ERR= -0.0% DM/M= 0.0000E+00
 ELAPSED TIME=         19.13 s  REMAINING TIME=         38.14 s
 NC=  133700 T= 3.3425E+00 DT= 2.5000E-05 ERR=  0.0% DM/M= 0.0000E+00
 ELAPSED TIME=         19.14 s  REMAINING TIME=         38.12 s
 NC=  133800 T= 3.3450E+00 DT= 2.5000E-05 ERR= -0.0% DM/M= 0.0000E+00
 ELAPSED TIME=         19.15 s  REMAINING TIME=         38.11 s
 NC=  133900 T= 3.3475E+00 DT= 2.5000E-05 ERR=  0.0% DM/M= 0.0000E+00
 ELAPSED TIME=         19.17 s  REMAINING TIME=         38.09 s
 NC=  134000 T= 3.3500E+00 DT= 2.5000E-05 ERR= -0.0% DM/M= 0.0000E+00
 ELAPSED TIME=         19.18 s  REMAINING TIME=         38.08 s
 NC=  134100 T= 3.3525E+00 DT= 2.5000E-05 ERR=  0.0% DM/M= 0.0000E+00
 ELAPSED TIME=         19.20 s  REMAINING TIME=         38.06 s
 NC=  134200 T= 3.3550E+00 DT= 2.5000E-05 ERR= -0.0% DM/M= 0.0000E+00
 ELAPSED TIME=         19.21 s  REMAINING TIME=         38.05 s
 NC=  134300 T= 3.3575E+00 DT= 2.5000E-05 ERR=  0.0% DM/M= 0.0000E+00
 ELAPSED TIME=         19.22 s  REMAINING TIME=         38.03 s
 NC=  134400 T= 3.3600E+00 DT= 2.5000E-05 ERR= -0.0% DM/M= 0.0000E+00
 ELAPSED TIME=         19.24 s  REMAINING TIME=         38.02 s
 NC=  134500 T= 3.3625E+00 DT= 2.5000E-05 ERR=  0.0% DM/M= 0.0000E+00
 ELAPSED TIME=         19.25 s  REMAINING TIME=         38.01 s
 NC=  134600 T= 3.3650E+00 DT= 2.5000E-05 ERR= -0.0% DM/M= 0.0000E+00
 ELAPSED TIME=         19.27 s  REMAINING TIME=         37.99 s
 NC=  134700 T= 3.3675E+00 DT= 2.5000E-05 ERR=  0.0% DM/M= 0.0000E+00
 ELAPSED TIME=         19.28 s  REMAINING TIME=         37.98 s
 NC=  134800 T= 3.3700E+00 DT= 2.5000E-05 ERR= -0.0% DM/M= 0.0000E+00
 ELAPSED TIME=         19.30 s  REMAINING TIME=         37.96 s
 NC=  134900 T= 3.3725E+00 DT= 2.5000E-05 ERR=  0.0% DM/M= 0.0000E+00
 ELAPSED TIME=         19.31 s  REMAINING TIME=         37.95 s
 NC=  135000 T= 3.3750E+00 DT= 2.5000E-05 ERR= -0.0% DM/M= 0.0000E+00
 ELAPSED TIME=         19.32 s  REMAINING TIME=         37.93 s
 NC=  135100 T= 3.3775E+00 DT= 2.5000E-05 ERR=  0.0% DM/M= 0.0000E+00
 ELAPSED TIME=         19.34 s  REMAINING TIME=         37.92 s
 NC=  135200 T= 3.3800E+00 DT= 2.5000E-05 ERR= -0.0% DM/M= 0.0000E+00
 ELAPSED TIME=         19.35 s  REMAINING TIME=         37.90 s
 NC=  135300 T= 3.3825E+00 DT= 2.5000E-05 ERR=  0.0% DM/M= 0.0000E+00
 ELAPSED TIME=         19.37 s  REMAINING TIME=         37.89 s
 NC=  135400 T= 3.3850E+00 DT= 2.5000E-05 ERR= -0.0% DM/M= 0.0000E+00
 ELAPSED TIME=         19.38 s  REMAINING TIME=         37.88 s
 NC=  135500 T= 3.3875E+00 DT= 2.5000E-05 ERR=  0.0% DM/M= 0.0000E+00
 ELAPSED TIME=         19.40 s  REMAINING TIME=         37.86 s
 NC=  135600 T= 3.3900E+00 DT= 2.5000E-05 ERR= -0.0% DM/M= 0.0000E+00
 ELAPSED TIME=         19.41 s  REMAINING TIME=         37.85 s
 NC=  135700 T= 3.3925E+00 DT= 2.5000E-05 ERR=  0.0% DM/M= 0.0000E+00
 ELAPSED TIME=         19.42 s  REMAINING TIME=         37.83 s
 NC=  135800 T= 3.3950E+00 DT= 2.5000E-05 ERR= -0.0% DM/M= 0.0000E+00
 ELAPSED TIME=         19.44 s  REMAINING TIME=         37.82 s
 NC=  135900 T= 3.3975E+00 DT= 2.5000E-05 ERR=  0.0% DM/M= 0.0000E+00
 ELAPSED TIME=         19.45 s  REMAINING TIME=         37.80 s
 NC=  136000 T= 3.4000E+00 DT= 2.5000E-05 ERR= -0.0% DM/M= 0.0000E+00
 ELAPSED TIME=         19.47 s  REMAINING TIME=         37.79 s
 NC=  136100 T= 3.4025E+00 DT= 2.5000E-05 ERR=  0.0% DM/M= 0.0000E+00
 ELAPSED TIME=         19.48 s  REMAINING TIME=         37.77 s
 NC=  136200 T= 3.4050E+00 DT= 2.5000E-05 ERR= -0.0% DM/M= 0.0000E+00
 ELAPSED TIME=         19.50 s  REMAINING TIME=         37.76 s
 NC=  136300 T= 3.4075E+00 DT= 2.5000E-05 ERR=  0.0% DM/M= 0.0000E+00
 ELAPSED TIME=         19.51 s  REMAINING TIME=         37.75 s
 NC=  136400 T= 3.4100E+00 DT= 2.5000E-05 ERR= -0.0% DM/M= 0.0000E+00
 ELAPSED TIME=         19.52 s  REMAINING TIME=         37.73 s
 NC=  136500 T= 3.4125E+00 DT= 2.5000E-05 ERR=  0.0% DM/M= 0.0000E+00
 ELAPSED TIME=         19.54 s  REMAINING TIME=         37.72 s
 NC=  136600 T= 3.4150E+00 DT= 2.5000E-05 ERR= -0.0% DM/M= 0.0000E+00
 ELAPSED TIME=         19.55 s  REMAINING TIME=         37.70 s
 NC=  136700 T= 3.4175E+00 DT= 2.5000E-05 ERR=  0.0% DM/M= 0.0000E+00
 ELAPSED TIME=         19.57 s  REMAINING TIME=         37.69 s
 NC=  136800 T= 3.4200E+00 DT= 2.5000E-05 ERR= -0.0% DM/M= 0.0000E+00
 ELAPSED TIME=         19.58 s  REMAINING TIME=         37.67 s
 NC=  136900 T= 3.4225E+00 DT= 2.5000E-05 ERR=  0.0% DM/M= 0.0000E+00
 ELAPSED TIME=         19.60 s  REMAINING TIME=         37.66 s
 NC=  137000 T= 3.4250E+00 DT= 2.5000E-05 ERR= -0.0% DM/M= 0.0000E+00
 ELAPSED TIME=         19.61 s  REMAINING TIME=         37.65 s
 NC=  137100 T= 3.4275E+00 DT= 2.5000E-05 ERR=  0.0% DM/M= 0.0000E+00
 ELAPSED TIME=         19.62 s  REMAINING TIME=         37.63 s
 NC=  137200 T= 3.4300E+00 DT= 2.5000E-05 ERR= -0.0% DM/M= 0.0000E+00
 ELAPSED TIME=         19.64 s  REMAINING TIME=         37.62 s
 NC=  137300 T= 3.4325E+00 DT= 2.5000E-05 ERR=  0.0% DM/M= 0.0000E+00
 ELAPSED TIME=         19.65 s  REMAINING TIME=         37.60 s
 NC=  137400 T= 3.4350E+00 DT= 2.5000E-05 ERR= -0.0% DM/M= 0.0000E+00
 ELAPSED TIME=         19.67 s  REMAINING TIME=         37.59 s
 NC=  137500 T= 3.4375E+00 DT= 2.5000E-05 ERR=  0.0% DM/M= 0.0000E+00
 ELAPSED TIME=         19.68 s  REMAINING TIME=         37.57 s
 NC=  137600 T= 3.4400E+00 DT= 2.5000E-05 ERR= -0.0% DM/M= 0.0000E+00
 ELAPSED TIME=         19.69 s  REMAINING TIME=         37.56 s
 NC=  137700 T= 3.4425E+00 DT= 2.5000E-05 ERR=  0.0% DM/M= 0.0000E+00
 ELAPSED TIME=         19.71 s  REMAINING TIME=         37.54 s
 NC=  137800 T= 3.4450E+00 DT= 2.5000E-05 ERR= -0.0% DM/M= 0.0000E+00
 ELAPSED TIME=         19.72 s  REMAINING TIME=         37.53 s
 NC=  137900 T= 3.4475E+00 DT= 2.5000E-05 ERR=  0.0% DM/M= 0.0000E+00
 ELAPSED TIME=         19.74 s  REMAINING TIME=         37.51 s
 NC=  138000 T= 3.4500E+00 DT= 2.5000E-05 ERR= -0.0% DM/M= 0.0000E+00
 ELAPSED TIME=         19.75 s  REMAINING TIME=         37.50 s
 NC=  138100 T= 3.4525E+00 DT= 2.5000E-05 ERR=  0.0% DM/M= 0.0000E+00
 ELAPSED TIME=         19.77 s  REMAINING TIME=         37.49 s
 NC=  138200 T= 3.4550E+00 DT= 2.5000E-05 ERR= -0.0% DM/M= 0.0000E+00
 ELAPSED TIME=         19.78 s  REMAINING TIME=         37.47 s
 NC=  138300 T= 3.4575E+00 DT= 2.5000E-05 ERR=  0.0% DM/M= 0.0000E+00
 ELAPSED TIME=         19.79 s  REMAINING TIME=         37.46 s
 NC=  138400 T= 3.4600E+00 DT= 2.5000E-05 ERR= -0.0% DM/M= 0.0000E+00
 ELAPSED TIME=         19.81 s  REMAINING TIME=         37.44 s
 NC=  138500 T= 3.4625E+00 DT= 2.5000E-05 ERR=  0.0% DM/M= 0.0000E+00
 ELAPSED TIME=         19.82 s  REMAINING TIME=         37.43 s
 NC=  138600 T= 3.4650E+00 DT= 2.5000E-05 ERR= -0.0% DM/M= 0.0000E+00
 ELAPSED TIME=         19.84 s  REMAINING TIME=         37.41 s
 NC=  138700 T= 3.4675E+00 DT= 2.5000E-05 ERR=  0.0% DM/M= 0.0000E+00
 ELAPSED TIME=         19.85 s  REMAINING TIME=         37.40 s
 NC=  138800 T= 3.4700E+00 DT= 2.5000E-05 ERR= -0.0% DM/M= 0.0000E+00
 ELAPSED TIME=         19.86 s  REMAINING TIME=         37.38 s
 NC=  138900 T= 3.4725E+00 DT= 2.5000E-05 ERR=  0.0% DM/M= 0.0000E+00
 ELAPSED TIME=         19.88 s  REMAINING TIME=         37.37 s
 NC=  139000 T= 3.4750E+00 DT= 2.5000E-05 ERR= -0.0% DM/M= 0.0000E+00
 ELAPSED TIME=         19.89 s  REMAINING TIME=         37.35 s
 NC=  139100 T= 3.4775E+00 DT= 2.5000E-05 ERR=  0.0% DM/M= 0.0000E+00
 ELAPSED TIME=         19.91 s  REMAINING TIME=         37.34 s
 NC=  139200 T= 3.4800E+00 DT= 2.5000E-05 ERR= -0.0% DM/M= 0.0000E+00
 ELAPSED TIME=         19.92 s  REMAINING TIME=         37.33 s
 NC=  139300 T= 3.4825E+00 DT= 2.5000E-05 ERR=  0.0% DM/M= 0.0000E+00
 ELAPSED TIME=         19.94 s  REMAINING TIME=         37.31 s
 NC=  139400 T= 3.4850E+00 DT= 2.5000E-05 ERR= -0.0% DM/M= 0.0000E+00
 ELAPSED TIME=         19.95 s  REMAINING TIME=         37.30 s
 NC=  139500 T= 3.4875E+00 DT= 2.5000E-05 ERR=  0.0% DM/M= 0.0000E+00
 ELAPSED TIME=         19.97 s  REMAINING TIME=         37.28 s
 NC=  139600 T= 3.4900E+00 DT= 2.5000E-05 ERR= -0.0% DM/M= 0.0000E+00
 ELAPSED TIME=         19.98 s  REMAINING TIME=         37.27 s
 NC=  139700 T= 3.4925E+00 DT= 2.5000E-05 ERR=  0.0% DM/M= 0.0000E+00
 ELAPSED TIME=         20.00 s  REMAINING TIME=         37.26 s
 NC=  139800 T= 3.4950E+00 DT= 2.5000E-05 ERR= -0.0% DM/M= 0.0000E+00
 ELAPSED TIME=         20.01 s  REMAINING TIME=         37.24 s
 NC=  139900 T= 3.4975E+00 DT= 2.5000E-05 ERR=  0.0% DM/M= 0.0000E+00
 ELAPSED TIME=         20.02 s  REMAINING TIME=         37.23 s
 NC=  140000 T= 3.5000E+00 DT= 2.5000E-05 ERR= -0.0% DM/M= 0.0000E+00
 ELAPSED TIME=         20.04 s  REMAINING TIME=         37.21 s
     ANIMATION FILE: A23_w1_REFERENCE_ROTATION_YA015 WRITTEN
 NC=  140100 T= 3.5025E+00 DT= 2.5000E-05 ERR=  0.0% DM/M= 0.0000E+00
 ELAPSED TIME=         20.05 s  REMAINING TIME=         37.20 s
 NC=  140200 T= 3.5050E+00 DT= 2.5000E-05 ERR= -0.0% DM/M= 0.0000E+00
 ELAPSED TIME=         20.07 s  REMAINING TIME=         37.19 s
 NC=  140300 T= 3.5075E+00 DT= 2.5000E-05 ERR=  0.0% DM/M= 0.0000E+00
 ELAPSED TIME=         20.08 s  REMAINING TIME=         37.17 s
 NC=  140400 T= 3.5100E+00 DT= 2.5000E-05 ERR= -0.0% DM/M= 0.0000E+00
 ELAPSED TIME=         20.10 s  REMAINING TIME=         37.16 s
 NC=  140500 T= 3.5125E+00 DT= 2.5000E-05 ERR=  0.0% DM/M= 0.0000E+00
 ELAPSED TIME=         20.11 s  REMAINING TIME=         37.14 s
 NC=  140600 T= 3.5150E+00 DT= 2.5000E-05 ERR= -0.0% DM/M= 0.0000E+00
 ELAPSED TIME=         20.12 s  REMAINING TIME=         37.13 s
 NC=  140700 T= 3.5175E+00 DT= 2.5000E-05 ERR=  0.0% DM/M= 0.0000E+00
 ELAPSED TIME=         20.14 s  REMAINING TIME=         37.11 s
 NC=  140800 T= 3.5200E+00 DT= 2.5000E-05 ERR= -0.0% DM/M= 0.0000E+00
 ELAPSED TIME=         20.15 s  REMAINING TIME=         37.10 s
 NC=  140900 T= 3.5225E+00 DT= 2.5000E-05 ERR=  0.0% DM/M= 0.0000E+00
 ELAPSED TIME=         20.17 s  REMAINING TIME=         37.08 s
 NC=  141000 T= 3.5250E+00 DT= 2.5000E-05 ERR= -0.0% DM/M= 0.0000E+00
 ELAPSED TIME=         20.18 s  REMAINING TIME=         37.07 s
 NC=  141100 T= 3.5275E+00 DT= 2.5000E-05 ERR=  0.0% DM/M= 0.0000E+00
 ELAPSED TIME=         20.20 s  REMAINING TIME=         37.06 s
 NC=  141200 T= 3.5300E+00 DT= 2.5000E-05 ERR= -0.0% DM/M= 0.0000E+00
 ELAPSED TIME=         20.21 s  REMAINING TIME=         37.04 s
 NC=  141300 T= 3.5325E+00 DT= 2.5000E-05 ERR=  0.0% DM/M= 0.0000E+00
 ELAPSED TIME=         20.22 s  REMAINING TIME=         37.03 s
 NC=  141400 T= 3.5350E+00 DT= 2.5000E-05 ERR= -0.0% DM/M= 0.0000E+00
 ELAPSED TIME=         20.24 s  REMAINING TIME=         37.01 s
 NC=  141500 T= 3.5375E+00 DT= 2.5000E-05 ERR=  0.0% DM/M= 0.0000E+00
 ELAPSED TIME=         20.25 s  REMAINING TIME=         37.00 s
 NC=  141600 T= 3.5400E+00 DT= 2.5000E-05 ERR= -0.0% DM/M= 0.0000E+00
 ELAPSED TIME=         20.27 s  REMAINING TIME=         36.98 s
 NC=  141700 T= 3.5425E+00 DT= 2.5000E-05 ERR=  0.0% DM/M= 0.0000E+00
 ELAPSED TIME=         20.28 s  REMAINING TIME=         36.97 s
 NC=  141800 T= 3.5450E+00 DT= 2.5000E-05 ERR= -0.0% DM/M= 0.0000E+00
 ELAPSED TIME=         20.29 s  REMAINING TIME=         36.95 s
 NC=  141900 T= 3.5475E+00 DT= 2.5000E-05 ERR=  0.0% DM/M= 0.0000E+00
 ELAPSED TIME=         20.31 s  REMAINING TIME=         36.94 s
 NC=  142000 T= 3.5500E+00 DT= 2.5000E-05 ERR= -0.0% DM/M= 0.0000E+00
 ELAPSED TIME=         20.32 s  REMAINING TIME=         36.92 s
 NC=  142100 T= 3.5525E+00 DT= 2.5000E-05 ERR=  0.0% DM/M= 0.0000E+00
 ELAPSED TIME=         20.34 s  REMAINING TIME=         36.91 s
 NC=  142200 T= 3.5550E+00 DT= 2.5000E-05 ERR= -0.0% DM/M= 0.0000E+00
 ELAPSED TIME=         20.35 s  REMAINING TIME=         36.90 s
 NC=  142300 T= 3.5575E+00 DT= 2.5000E-05 ERR=  0.0% DM/M= 0.0000E+00
 ELAPSED TIME=         20.37 s  REMAINING TIME=         36.88 s
 NC=  142400 T= 3.5600E+00 DT= 2.5000E-05 ERR= -0.0% DM/M= 0.0000E+00
 ELAPSED TIME=         20.38 s  REMAINING TIME=         36.87 s
 NC=  142500 T= 3.5625E+00 DT= 2.5000E-05 ERR=  0.0% DM/M= 0.0000E+00
 ELAPSED TIME=         20.39 s  REMAINING TIME=         36.85 s
 NC=  142600 T= 3.5650E+00 DT= 2.5000E-05 ERR= -0.0% DM/M= 0.0000E+00
 ELAPSED TIME=         20.41 s  REMAINING TIME=         36.84 s
 NC=  142700 T= 3.5675E+00 DT= 2.5000E-05 ERR=  0.0% DM/M= 0.0000E+00
 ELAPSED TIME=         20.42 s  REMAINING TIME=         36.82 s
 NC=  142800 T= 3.5700E+00 DT= 2.5000E-05 ERR= -0.0% DM/M= 0.0000E+00
 ELAPSED TIME=         20.44 s  REMAINING TIME=         36.81 s
 NC=  142900 T= 3.5725E+00 DT= 2.5000E-05 ERR=  0.0% DM/M= 0.0000E+00
 ELAPSED TIME=         20.45 s  REMAINING TIME=         36.79 s
 NC=  143000 T= 3.5750E+00 DT= 2.5000E-05 ERR= -0.0% DM/M= 0.0000E+00
 ELAPSED TIME=         20.47 s  REMAINING TIME=         36.78 s
 NC=  143100 T= 3.5775E+00 DT= 2.5000E-05 ERR=  0.0% DM/M= 0.0000E+00
 ELAPSED TIME=         20.48 s  REMAINING TIME=         36.77 s
 NC=  143200 T= 3.5800E+00 DT= 2.5000E-05 ERR= -0.0% DM/M= 0.0000E+00
 ELAPSED TIME=         20.49 s  REMAINING TIME=         36.75 s
 NC=  143300 T= 3.5825E+00 DT= 2.5000E-05 ERR=  0.0% DM/M= 0.0000E+00
 ELAPSED TIME=         20.51 s  REMAINING TIME=         36.74 s
 NC=  143400 T= 3.5850E+00 DT= 2.5000E-05 ERR= -0.0% DM/M= 0.0000E+00
 ELAPSED TIME=         20.52 s  REMAINING TIME=         36.72 s
 NC=  143500 T= 3.5875E+00 DT= 2.5000E-05 ERR=  0.0% DM/M= 0.0000E+00
 ELAPSED TIME=         20.54 s  REMAINING TIME=         36.71 s
 NC=  143600 T= 3.5900E+00 DT= 2.5000E-05 ERR= -0.0% DM/M= 0.0000E+00
 ELAPSED TIME=         20.55 s  REMAINING TIME=         36.69 s
 NC=  143700 T= 3.5925E+00 DT= 2.5000E-05 ERR=  0.0% DM/M= 0.0000E+00
 ELAPSED TIME=         20.56 s  REMAINING TIME=         36.68 s
 NC=  143800 T= 3.5950E+00 DT= 2.5000E-05 ERR= -0.0% DM/M= 0.0000E+00
 ELAPSED TIME=         20.58 s  REMAINING TIME=         36.66 s
 NC=  143900 T= 3.5975E+00 DT= 2.5000E-05 ERR=  0.0% DM/M= 0.0000E+00
 ELAPSED TIME=         20.59 s  REMAINING TIME=         36.65 s
 NC=  144000 T= 3.6000E+00 DT= 2.5000E-05 ERR= -0.0% DM/M= 0.0000E+00
 ELAPSED TIME=         20.61 s  REMAINING TIME=         36.63 s
 NC=  144100 T= 3.6025E+00 DT= 2.5000E-05 ERR=  0.0% DM/M= 0.0000E+00
 ELAPSED TIME=         20.62 s  REMAINING TIME=         36.62 s
 NC=  144200 T= 3.6050E+00 DT= 2.5000E-05 ERR= -0.0% DM/M= 0.0000E+00
 ELAPSED TIME=         20.64 s  REMAINING TIME=         36.61 s
 NC=  144300 T= 3.6075E+00 DT= 2.5000E-05 ERR=  0.0% DM/M= 0.0000E+00
 ELAPSED TIME=         20.65 s  REMAINING TIME=         36.59 s
 NC=  144400 T= 3.6100E+00 DT= 2.5000E-05 ERR= -0.0% DM/M= 0.0000E+00
 ELAPSED TIME=         20.66 s  REMAINING TIME=         36.58 s
 NC=  144500 T= 3.6125E+00 DT= 2.5000E-05 ERR=  0.0% DM/M= 0.0000E+00
 ELAPSED TIME=         20.68 s  REMAINING TIME=         36.56 s
 NC=  144600 T= 3.6150E+00 DT= 2.5000E-05 ERR= -0.0% DM/M= 0.0000E+00
 ELAPSED TIME=         20.69 s  REMAINING TIME=         36.55 s
 NC=  144700 T= 3.6175E+00 DT= 2.5000E-05 ERR=  0.0% DM/M= 0.0000E+00
 ELAPSED TIME=         20.71 s  REMAINING TIME=         36.53 s
 NC=  144800 T= 3.6200E+00 DT= 2.5000E-05 ERR= -0.0% DM/M= 0.0000E+00
 ELAPSED TIME=         20.72 s  REMAINING TIME=         36.52 s
 NC=  144900 T= 3.6225E+00 DT= 2.5000E-05 ERR=  0.0% DM/M= 0.0000E+00
 ELAPSED TIME=         20.73 s  REMAINING TIME=         36.50 s
 NC=  145000 T= 3.6250E+00 DT= 2.5000E-05 ERR= -0.0% DM/M= 0.0000E+00
 ELAPSED TIME=         20.75 s  REMAINING TIME=         36.49 s
 NC=  145100 T= 3.6275E+00 DT= 2.5000E-05 ERR=  0.0% DM/M= 0.0000E+00
 ELAPSED TIME=         20.76 s  REMAINING TIME=         36.48 s
 NC=  145200 T= 3.6300E+00 DT= 2.5000E-05 ERR= -0.0% DM/M= 0.0000E+00
 ELAPSED TIME=         20.78 s  REMAINING TIME=         36.46 s
 NC=  145300 T= 3.6325E+00 DT= 2.5000E-05 ERR=  0.0% DM/M= 0.0000E+00
 ELAPSED TIME=         20.79 s  REMAINING TIME=         36.45 s
 NC=  145400 T= 3.6350E+00 DT= 2.5000E-05 ERR= -0.0% DM/M= 0.0000E+00
 ELAPSED TIME=         20.81 s  REMAINING TIME=         36.43 s
 NC=  145500 T= 3.6375E+00 DT= 2.5000E-05 ERR=  0.0% DM/M= 0.0000E+00
 ELAPSED TIME=         20.82 s  REMAINING TIME=         36.42 s
 NC=  145600 T= 3.6400E+00 DT= 2.5000E-05 ERR= -0.0% DM/M= 0.0000E+00
 ELAPSED TIME=         20.83 s  REMAINING TIME=         36.40 s
 NC=  145700 T= 3.6425E+00 DT= 2.5000E-05 ERR=  0.0% DM/M= 0.0000E+00
 ELAPSED TIME=         20.85 s  REMAINING TIME=         36.39 s
 NC=  145800 T= 3.6450E+00 DT= 2.5000E-05 ERR= -0.0% DM/M= 0.0000E+00
 ELAPSED TIME=         20.86 s  REMAINING TIME=         36.37 s
 NC=  145900 T= 3.6475E+00 DT= 2.5000E-05 ERR=  0.0% DM/M= 0.0000E+00
 ELAPSED TIME=         20.88 s  REMAINING TIME=         36.36 s
 NC=  146000 T= 3.6500E+00 DT= 2.5000E-05 ERR= -0.0% DM/M= 0.0000E+00
 ELAPSED TIME=         20.90 s  REMAINING TIME=         36.37 s
 NC=  146100 T= 3.6525E+00 DT= 2.5000E-05 ERR=  0.0% DM/M= 0.0000E+00
 ELAPSED TIME=         20.93 s  REMAINING TIME=         36.37 s
 NC=  146200 T= 3.6550E+00 DT= 2.5000E-05 ERR= -0.0% DM/M= 0.0000E+00
 ELAPSED TIME=         20.95 s  REMAINING TIME=         36.37 s
 NC=  146300 T= 3.6575E+00 DT= 2.5000E-05 ERR=  0.0% DM/M= 0.0000E+00
 ELAPSED TIME=         20.97 s  REMAINING TIME=         36.37 s
 NC=  146400 T= 3.6600E+00 DT= 2.5000E-05 ERR= -0.0% DM/M= 0.0000E+00
 ELAPSED TIME=         21.00 s  REMAINING TIME=         36.38 s
 NC=  146500 T= 3.6625E+00 DT= 2.5000E-05 ERR=  0.0% DM/M= 0.0000E+00
 ELAPSED TIME=         21.02 s  REMAINING TIME=         36.38 s
 NC=  146600 T= 3.6650E+00 DT= 2.5000E-05 ERR= -0.0% DM/M= 0.0000E+00
 ELAPSED TIME=         21.05 s  REMAINING TIME=         36.38 s
 NC=  146700 T= 3.6675E+00 DT= 2.5000E-05 ERR=  0.0% DM/M= 0.0000E+00
 ELAPSED TIME=         21.06 s  REMAINING TIME=         36.36 s
 NC=  146800 T= 3.6700E+00 DT= 2.5000E-05 ERR= -0.0% DM/M= 0.0000E+00
 ELAPSED TIME=         21.08 s  REMAINING TIME=         36.36 s
 NC=  146900 T= 3.6725E+00 DT= 2.5000E-05 ERR=  0.0% DM/M= 0.0000E+00
 ELAPSED TIME=         21.11 s  REMAINING TIME=         36.37 s
 NC=  147000 T= 3.6750E+00 DT= 2.5000E-05 ERR= -0.0% DM/M= 0.0000E+00
 ELAPSED TIME=         21.13 s  REMAINING TIME=         36.37 s
 NC=  147100 T= 3.6775E+00 DT= 2.5000E-05 ERR=  0.0% DM/M= 0.0000E+00
 ELAPSED TIME=         21.16 s  REMAINING TIME=         36.37 s
 NC=  147200 T= 3.6800E+00 DT= 2.5000E-05 ERR= -0.0% DM/M= 0.0000E+00
 ELAPSED TIME=         21.18 s  REMAINING TIME=         36.38 s
 NC=  147300 T= 3.6825E+00 DT= 2.5000E-05 ERR=  0.0% DM/M= 0.0000E+00
 ELAPSED TIME=         21.21 s  REMAINING TIME=         36.38 s
 NC=  147400 T= 3.6850E+00 DT= 2.5000E-05 ERR= -0.0% DM/M= 0.0000E+00
 ELAPSED TIME=         21.23 s  REMAINING TIME=         36.38 s
 NC=  147500 T= 3.6875E+00 DT= 2.5000E-05 ERR=  0.0% DM/M= 0.0000E+00
 ELAPSED TIME=         21.25 s  REMAINING TIME=         36.38 s
 NC=  147600 T= 3.6900E+00 DT= 2.5000E-05 ERR= -0.0% DM/M= 0.0000E+00
 ELAPSED TIME=         21.28 s  REMAINING TIME=         36.38 s
 NC=  147700 T= 3.6925E+00 DT= 2.5000E-05 ERR=  0.0% DM/M= 0.0000E+00
 ELAPSED TIME=         21.30 s  REMAINING TIME=         36.38 s
 NC=  147800 T= 3.6950E+00 DT= 2.5000E-05 ERR= -0.0% DM/M= 0.0000E+00
 ELAPSED TIME=         21.32 s  REMAINING TIME=         36.38 s
 NC=  147900 T= 3.6975E+00 DT= 2.5000E-05 ERR=  0.0% DM/M= 0.0000E+00
 ELAPSED TIME=         21.35 s  REMAINING TIME=         36.39 s
 NC=  148000 T= 3.7000E+00 DT= 2.5000E-05 ERR= -0.0% DM/M= 0.0000E+00
 ELAPSED TIME=         21.37 s  REMAINING TIME=         36.39 s
 NC=  148100 T= 3.7025E+00 DT= 2.5000E-05 ERR=  0.0% DM/M= 0.0000E+00
 ELAPSED TIME=         21.39 s  REMAINING TIME=         36.39 s
 NC=  148200 T= 3.7050E+00 DT= 2.5000E-05 ERR= -0.0% DM/M= 0.0000E+00
 ELAPSED TIME=         21.41 s  REMAINING TIME=         36.38 s
 NC=  148300 T= 3.7075E+00 DT= 2.5000E-05 ERR=  0.0% DM/M= 0.0000E+00
 ELAPSED TIME=         21.43 s  REMAINING TIME=         36.37 s
 NC=  148400 T= 3.7100E+00 DT= 2.5000E-05 ERR= -0.0% DM/M= 0.0000E+00
 ELAPSED TIME=         21.44 s  REMAINING TIME=         36.35 s
 NC=  148500 T= 3.7125E+00 DT= 2.5000E-05 ERR=  0.0% DM/M= 0.0000E+00
 ELAPSED TIME=         21.47 s  REMAINING TIME=         36.36 s
 NC=  148600 T= 3.7150E+00 DT= 2.5000E-05 ERR= -0.0% DM/M= 0.0000E+00
 ELAPSED TIME=         21.49 s  REMAINING TIME=         36.36 s
 NC=  148700 T= 3.7175E+00 DT= 2.5000E-05 ERR=  0.0% DM/M= 0.0000E+00
 ELAPSED TIME=         21.51 s  REMAINING TIME=         36.36 s
 NC=  148800 T= 3.7200E+00 DT= 2.5000E-05 ERR= -0.0% DM/M= 0.0000E+00
 ELAPSED TIME=         21.53 s  REMAINING TIME=         36.35 s
 NC=  148900 T= 3.7225E+00 DT= 2.5000E-05 ERR=  0.0% DM/M= 0.0000E+00
 ELAPSED TIME=         21.55 s  REMAINING TIME=         36.34 s
 NC=  149000 T= 3.7250E+00 DT= 2.5000E-05 ERR= -0.0% DM/M= 0.0000E+00
 ELAPSED TIME=         21.56 s  REMAINING TIME=         36.33 s
 NC=  149100 T= 3.7275E+00 DT= 2.5000E-05 ERR=  0.0% DM/M= 0.0000E+00
 ELAPSED TIME=         21.58 s  REMAINING TIME=         36.31 s
 NC=  149200 T= 3.7300E+00 DT= 2.5000E-05 ERR= -0.0% DM/M= 0.0000E+00
 ELAPSED TIME=         21.59 s  REMAINING TIME=         36.30 s
 NC=  149300 T= 3.7325E+00 DT= 2.5000E-05 ERR=  0.0% DM/M= 0.0000E+00
 ELAPSED TIME=         21.61 s  REMAINING TIME=         36.28 s
 NC=  149400 T= 3.7350E+00 DT= 2.5000E-05 ERR= -0.0% DM/M= 0.0000E+00
 ELAPSED TIME=         21.62 s  REMAINING TIME=         36.27 s
 NC=  149500 T= 3.7375E+00 DT= 2.5000E-05 ERR=  0.0% DM/M= 0.0000E+00
 ELAPSED TIME=         21.64 s  REMAINING TIME=         36.25 s
 NC=  149600 T= 3.7400E+00 DT= 2.5000E-05 ERR= -0.0% DM/M= 0.0000E+00
 ELAPSED TIME=         21.65 s  REMAINING TIME=         36.24 s
 NC=  149700 T= 3.7425E+00 DT= 2.5000E-05 ERR=  0.0% DM/M= 0.0000E+00
 ELAPSED TIME=         21.66 s  REMAINING TIME=         36.22 s
 NC=  149800 T= 3.7450E+00 DT= 2.5000E-05 ERR= -0.0% DM/M= 0.0000E+00
 ELAPSED TIME=         21.68 s  REMAINING TIME=         36.21 s
 NC=  149900 T= 3.7475E+00 DT= 2.5000E-05 ERR=  0.0% DM/M= 0.0000E+00
 ELAPSED TIME=         21.69 s  REMAINING TIME=         36.19 s
 NC=  150000 T= 3.7500E+00 DT= 2.5000E-05 ERR= -0.0% DM/M= 0.0000E+00
 ELAPSED TIME=         21.71 s  REMAINING TIME=         36.18 s
     ANIMATION FILE: A23_w1_REFERENCE_ROTATION_YA016 WRITTEN
 NC=  150100 T= 3.7525E+00 DT= 2.5000E-05 ERR=  0.0% DM/M= 0.0000E+00
 ELAPSED TIME=         21.72 s  REMAINING TIME=         36.16 s
 NC=  150200 T= 3.7550E+00 DT= 2.5000E-05 ERR= -0.0% DM/M= 0.0000E+00
 ELAPSED TIME=         21.74 s  REMAINING TIME=         36.15 s
 NC=  150300 T= 3.7575E+00 DT= 2.5000E-05 ERR=  0.0% DM/M= 0.0000E+00
 ELAPSED TIME=         21.75 s  REMAINING TIME=         36.14 s
 NC=  150400 T= 3.7600E+00 DT= 2.5000E-05 ERR= -0.0% DM/M= 0.0000E+00
 ELAPSED TIME=         21.76 s  REMAINING TIME=         36.12 s
 NC=  150500 T= 3.7625E+00 DT= 2.5000E-05 ERR=  0.0% DM/M= 0.0000E+00
 ELAPSED TIME=         21.78 s  REMAINING TIME=         36.11 s
 NC=  150600 T= 3.7650E+00 DT= 2.5000E-05 ERR= -0.0% DM/M= 0.0000E+00
 ELAPSED TIME=         21.79 s  REMAINING TIME=         36.09 s
 NC=  150700 T= 3.7675E+00 DT= 2.5000E-05 ERR=  0.0% DM/M= 0.0000E+00
 ELAPSED TIME=         21.81 s  REMAINING TIME=         36.08 s
 NC=  150800 T= 3.7700E+00 DT= 2.5000E-05 ERR= -0.0% DM/M= 0.0000E+00
 ELAPSED TIME=         21.82 s  REMAINING TIME=         36.06 s
 NC=  150900 T= 3.7725E+00 DT= 2.5000E-05 ERR=  0.0% DM/M= 0.0000E+00
 ELAPSED TIME=         21.84 s  REMAINING TIME=         36.05 s
 NC=  151000 T= 3.7750E+00 DT= 2.5000E-05 ERR= -0.0% DM/M= 0.0000E+00
 ELAPSED TIME=         21.85 s  REMAINING TIME=         36.03 s
 NC=  151100 T= 3.7775E+00 DT= 2.5000E-05 ERR=  0.0% DM/M= 0.0000E+00
 ELAPSED TIME=         21.86 s  REMAINING TIME=         36.02 s
 NC=  151200 T= 3.7800E+00 DT= 2.5000E-05 ERR= -0.0% DM/M= 0.0000E+00
 ELAPSED TIME=         21.88 s  REMAINING TIME=         36.00 s
 NC=  151300 T= 3.7825E+00 DT= 2.5000E-05 ERR=  0.0% DM/M= 0.0000E+00
 ELAPSED TIME=         21.89 s  REMAINING TIME=         35.99 s
 NC=  151400 T= 3.7850E+00 DT= 2.5000E-05 ERR= -0.0% DM/M= 0.0000E+00
 ELAPSED TIME=         21.91 s  REMAINING TIME=         35.97 s
 NC=  151500 T= 3.7875E+00 DT= 2.5000E-05 ERR=  0.0% DM/M= 0.0000E+00
 ELAPSED TIME=         21.92 s  REMAINING TIME=         35.96 s
 NC=  151600 T= 3.7900E+00 DT= 2.5000E-05 ERR= -0.0% DM/M= 0.0000E+00
 ELAPSED TIME=         21.94 s  REMAINING TIME=         35.94 s
 NC=  151700 T= 3.7925E+00 DT= 2.5000E-05 ERR=  0.0% DM/M= 0.0000E+00
 ELAPSED TIME=         21.95 s  REMAINING TIME=         35.93 s
 NC=  151800 T= 3.7950E+00 DT= 2.5000E-05 ERR= -0.0% DM/M= 0.0000E+00
 ELAPSED TIME=         21.97 s  REMAINING TIME=         35.92 s
 NC=  151900 T= 3.7975E+00 DT= 2.5000E-05 ERR=  0.0% DM/M= 0.0000E+00
 ELAPSED TIME=         21.98 s  REMAINING TIME=         35.90 s
 NC=  152000 T= 3.8000E+00 DT= 2.5000E-05 ERR= -0.0% DM/M= 0.0000E+00
 ELAPSED TIME=         21.99 s  REMAINING TIME=         35.89 s
 NC=  152100 T= 3.8025E+00 DT= 2.5000E-05 ERR=  0.0% DM/M= 0.0000E+00
 ELAPSED TIME=         22.01 s  REMAINING TIME=         35.87 s
 NC=  152200 T= 3.8050E+00 DT= 2.5000E-05 ERR= -0.0% DM/M= 0.0000E+00
 ELAPSED TIME=         22.02 s  REMAINING TIME=         35.86 s
 NC=  152300 T= 3.8075E+00 DT= 2.5000E-05 ERR=  0.0% DM/M= 0.0000E+00
 ELAPSED TIME=         22.04 s  REMAINING TIME=         35.84 s
 NC=  152400 T= 3.8100E+00 DT= 2.5000E-05 ERR= -0.0% DM/M= 0.0000E+00
 ELAPSED TIME=         22.05 s  REMAINING TIME=         35.83 s
 NC=  152500 T= 3.8125E+00 DT= 2.5000E-05 ERR=  0.0% DM/M= 0.0000E+00
 ELAPSED TIME=         22.07 s  REMAINING TIME=         35.81 s
 NC=  152600 T= 3.8150E+00 DT= 2.5000E-05 ERR= -0.0% DM/M= 0.0000E+00
 ELAPSED TIME=         22.08 s  REMAINING TIME=         35.80 s
 NC=  152700 T= 3.8175E+00 DT= 2.5000E-05 ERR=  0.0% DM/M= 0.0000E+00
 ELAPSED TIME=         22.09 s  REMAINING TIME=         35.78 s
 NC=  152800 T= 3.8200E+00 DT= 2.5000E-05 ERR= -0.0% DM/M= 0.0000E+00
 ELAPSED TIME=         22.11 s  REMAINING TIME=         35.77 s
 NC=  152900 T= 3.8225E+00 DT= 2.5000E-05 ERR=  0.0% DM/M= 0.0000E+00
 ELAPSED TIME=         22.12 s  REMAINING TIME=         35.75 s
 NC=  153000 T= 3.8250E+00 DT= 2.5000E-05 ERR= -0.0% DM/M= 0.0000E+00
 ELAPSED TIME=         22.14 s  REMAINING TIME=         35.74 s
 NC=  153100 T= 3.8275E+00 DT= 2.5000E-05 ERR=  0.0% DM/M= 0.0000E+00
 ELAPSED TIME=         22.15 s  REMAINING TIME=         35.72 s
 NC=  153200 T= 3.8300E+00 DT= 2.5000E-05 ERR= -0.0% DM/M= 0.0000E+00
 ELAPSED TIME=         22.16 s  REMAINING TIME=         35.71 s
 NC=  153300 T= 3.8325E+00 DT= 2.5000E-05 ERR=  0.0% DM/M= 0.0000E+00
 ELAPSED TIME=         22.18 s  REMAINING TIME=         35.69 s
 NC=  153400 T= 3.8350E+00 DT= 2.5000E-05 ERR= -0.0% DM/M= 0.0000E+00
 ELAPSED TIME=         22.19 s  REMAINING TIME=         35.68 s
 NC=  153500 T= 3.8375E+00 DT= 2.5000E-05 ERR=  0.0% DM/M= 0.0000E+00
 ELAPSED TIME=         22.21 s  REMAINING TIME=         35.66 s
 NC=  153600 T= 3.8400E+00 DT= 2.5000E-05 ERR= -0.0% DM/M= 0.0000E+00
 ELAPSED TIME=         22.22 s  REMAINING TIME=         35.65 s
 NC=  153700 T= 3.8425E+00 DT= 2.5000E-05 ERR=  0.0% DM/M= 0.0000E+00
 ELAPSED TIME=         22.24 s  REMAINING TIME=         35.63 s
 NC=  153800 T= 3.8450E+00 DT= 2.5000E-05 ERR= -0.0% DM/M= 0.0000E+00
 ELAPSED TIME=         22.25 s  REMAINING TIME=         35.62 s
 NC=  153900 T= 3.8475E+00 DT= 2.5000E-05 ERR=  0.0% DM/M= 0.0000E+00
 ELAPSED TIME=         22.26 s  REMAINING TIME=         35.60 s
 NC=  154000 T= 3.8500E+00 DT= 2.5000E-05 ERR= -0.0% DM/M= 0.0000E+00
 ELAPSED TIME=         22.28 s  REMAINING TIME=         35.59 s
 NC=  154100 T= 3.8525E+00 DT= 2.5000E-05 ERR=  0.0% DM/M= 0.0000E+00
 ELAPSED TIME=         22.29 s  REMAINING TIME=         35.57 s
 NC=  154200 T= 3.8550E+00 DT= 2.5000E-05 ERR= -0.0% DM/M= 0.0000E+00
 ELAPSED TIME=         22.31 s  REMAINING TIME=         35.56 s
 NC=  154300 T= 3.8575E+00 DT= 2.5000E-05 ERR=  0.0% DM/M= 0.0000E+00
 ELAPSED TIME=         22.32 s  REMAINING TIME=         35.54 s
 NC=  154400 T= 3.8600E+00 DT= 2.5000E-05 ERR= -0.0% DM/M= 0.0000E+00
 ELAPSED TIME=         22.33 s  REMAINING TIME=         35.53 s
 NC=  154500 T= 3.8625E+00 DT= 2.5000E-05 ERR=  0.0% DM/M= 0.0000E+00
 ELAPSED TIME=         22.35 s  REMAINING TIME=         35.51 s
 NC=  154600 T= 3.8650E+00 DT= 2.5000E-05 ERR= -0.0% DM/M= 0.0000E+00
 ELAPSED TIME=         22.36 s  REMAINING TIME=         35.50 s
 NC=  154700 T= 3.8675E+00 DT= 2.5000E-05 ERR=  0.0% DM/M= 0.0000E+00
 ELAPSED TIME=         22.38 s  REMAINING TIME=         35.48 s
 NC=  154800 T= 3.8700E+00 DT= 2.5000E-05 ERR= -0.0% DM/M= 0.0000E+00
 ELAPSED TIME=         22.39 s  REMAINING TIME=         35.47 s
 NC=  154900 T= 3.8725E+00 DT= 2.5000E-05 ERR=  0.0% DM/M= 0.0000E+00
 ELAPSED TIME=         22.41 s  REMAINING TIME=         35.45 s
 NC=  155000 T= 3.8750E+00 DT= 2.5000E-05 ERR= -0.0% DM/M= 0.0000E+00
 ELAPSED TIME=         22.42 s  REMAINING TIME=         35.44 s
 NC=  155100 T= 3.8775E+00 DT= 2.5000E-05 ERR=  0.0% DM/M= 0.0000E+00
 ELAPSED TIME=         22.44 s  REMAINING TIME=         35.43 s
 NC=  155200 T= 3.8800E+00 DT= 2.5000E-05 ERR= -0.0% DM/M= 0.0000E+00
 ELAPSED TIME=         22.45 s  REMAINING TIME=         35.41 s
 NC=  155300 T= 3.8825E+00 DT= 2.5000E-05 ERR=  0.0% DM/M= 0.0000E+00
 ELAPSED TIME=         22.47 s  REMAINING TIME=         35.40 s
 NC=  155400 T= 3.8850E+00 DT= 2.5000E-05 ERR= -0.0% DM/M= 0.0000E+00
 ELAPSED TIME=         22.48 s  REMAINING TIME=         35.38 s
 NC=  155500 T= 3.8875E+00 DT= 2.5000E-05 ERR=  0.0% DM/M= 0.0000E+00
 ELAPSED TIME=         22.50 s  REMAINING TIME=         35.37 s
 NC=  155600 T= 3.8900E+00 DT= 2.5000E-05 ERR= -0.0% DM/M= 0.0000E+00
 ELAPSED TIME=         22.52 s  REMAINING TIME=         35.37 s
 NC=  155700 T= 3.8925E+00 DT= 2.5000E-05 ERR=  0.0% DM/M= 0.0000E+00
 ELAPSED TIME=         22.54 s  REMAINING TIME=         35.36 s
 NC=  155800 T= 3.8950E+00 DT= 2.5000E-05 ERR= -0.0% DM/M= 0.0000E+00
 ELAPSED TIME=         22.55 s  REMAINING TIME=         35.34 s
 NC=  155900 T= 3.8975E+00 DT= 2.5000E-05 ERR=  0.0% DM/M= 0.0000E+00
 ELAPSED TIME=         22.56 s  REMAINING TIME=         35.33 s
 NC=  156000 T= 3.9000E+00 DT= 2.5000E-05 ERR= -0.0% DM/M= 0.0000E+00
 ELAPSED TIME=         22.58 s  REMAINING TIME=         35.31 s
 NC=  156100 T= 3.9025E+00 DT= 2.5000E-05 ERR=  0.0% DM/M= 0.0000E+00
 ELAPSED TIME=         22.59 s  REMAINING TIME=         35.30 s
 NC=  156200 T= 3.9050E+00 DT= 2.5000E-05 ERR= -0.0% DM/M= 0.0000E+00
 ELAPSED TIME=         22.61 s  REMAINING TIME=         35.28 s
 NC=  156300 T= 3.9075E+00 DT= 2.5000E-05 ERR=  0.0% DM/M= 0.0000E+00
 ELAPSED TIME=         22.62 s  REMAINING TIME=         35.27 s
 NC=  156400 T= 3.9100E+00 DT= 2.5000E-05 ERR= -0.0% DM/M= 0.0000E+00
 ELAPSED TIME=         22.64 s  REMAINING TIME=         35.26 s
 NC=  156500 T= 3.9125E+00 DT= 2.5000E-05 ERR=  0.0% DM/M= 0.0000E+00
 ELAPSED TIME=         22.65 s  REMAINING TIME=         35.24 s
 NC=  156600 T= 3.9150E+00 DT= 2.5000E-05 ERR= -0.0% DM/M= 0.0000E+00
 ELAPSED TIME=         22.66 s  REMAINING TIME=         35.23 s
 NC=  156700 T= 3.9175E+00 DT= 2.5000E-05 ERR=  0.0% DM/M= 0.0000E+00
 ELAPSED TIME=         22.68 s  REMAINING TIME=         35.21 s
 NC=  156800 T= 3.9200E+00 DT= 2.5000E-05 ERR= -0.0% DM/M= 0.0000E+00
 ELAPSED TIME=         22.70 s  REMAINING TIME=         35.20 s
 NC=  156900 T= 3.9225E+00 DT= 2.5000E-05 ERR=  0.0% DM/M= 0.0000E+00
 ELAPSED TIME=         22.71 s  REMAINING TIME=         35.19 s
 NC=  157000 T= 3.9250E+00 DT= 2.5000E-05 ERR= -0.0% DM/M= 0.0000E+00
 ELAPSED TIME=         22.72 s  REMAINING TIME=         35.17 s
 NC=  157100 T= 3.9275E+00 DT= 2.5000E-05 ERR=  0.0% DM/M= 0.0000E+00
 ELAPSED TIME=         22.74 s  REMAINING TIME=         35.16 s
 NC=  157200 T= 3.9300E+00 DT= 2.5000E-05 ERR= -0.0% DM/M= 0.0000E+00
 ELAPSED TIME=         22.75 s  REMAINING TIME=         35.14 s
 NC=  157300 T= 3.9325E+00 DT= 2.5000E-05 ERR=  0.0% DM/M= 0.0000E+00
 ELAPSED TIME=         22.77 s  REMAINING TIME=         35.13 s
 NC=  157400 T= 3.9350E+00 DT= 2.5000E-05 ERR= -0.0% DM/M= 0.0000E+00
 ELAPSED TIME=         22.78 s  REMAINING TIME=         35.11 s
 NC=  157500 T= 3.9375E+00 DT= 2.5000E-05 ERR=  0.0% DM/M= 0.0000E+00
 ELAPSED TIME=         22.80 s  REMAINING TIME=         35.10 s
 NC=  157600 T= 3.9400E+00 DT= 2.5000E-05 ERR= -0.0% DM/M= 0.0000E+00
 ELAPSED TIME=         22.81 s  REMAINING TIME=         35.08 s
 NC=  157700 T= 3.9425E+00 DT= 2.5000E-05 ERR=  0.0% DM/M= 0.0000E+00
 ELAPSED TIME=         22.82 s  REMAINING TIME=         35.07 s
 NC=  157800 T= 3.9450E+00 DT= 2.5000E-05 ERR= -0.0% DM/M= 0.0000E+00
 ELAPSED TIME=         22.84 s  REMAINING TIME=         35.05 s
 NC=  157900 T= 3.9475E+00 DT= 2.5000E-05 ERR=  0.0% DM/M= 0.0000E+00
 ELAPSED TIME=         22.85 s  REMAINING TIME=         35.04 s
 NC=  158000 T= 3.9500E+00 DT= 2.5000E-05 ERR= -0.0% DM/M= 0.0000E+00
 ELAPSED TIME=         22.87 s  REMAINING TIME=         35.02 s
 NC=  158100 T= 3.9525E+00 DT= 2.5000E-05 ERR=  0.0% DM/M= 0.0000E+00
 ELAPSED TIME=         22.88 s  REMAINING TIME=         35.01 s
 NC=  158200 T= 3.9550E+00 DT= 2.5000E-05 ERR= -0.0% DM/M= 0.0000E+00
 ELAPSED TIME=         22.90 s  REMAINING TIME=         34.99 s
 NC=  158300 T= 3.9575E+00 DT= 2.5000E-05 ERR=  0.0% DM/M= 0.0000E+00
 ELAPSED TIME=         22.91 s  REMAINING TIME=         34.98 s
 NC=  158400 T= 3.9600E+00 DT= 2.5000E-05 ERR= -0.0% DM/M= 0.0000E+00
 ELAPSED TIME=         22.92 s  REMAINING TIME=         34.97 s
 NC=  158500 T= 3.9625E+00 DT= 2.5000E-05 ERR=  0.0% DM/M= 0.0000E+00
 ELAPSED TIME=         22.94 s  REMAINING TIME=         34.95 s
 NC=  158600 T= 3.9650E+00 DT= 2.5000E-05 ERR= -0.0% DM/M= 0.0000E+00
 ELAPSED TIME=         22.95 s  REMAINING TIME=         34.94 s
 NC=  158700 T= 3.9675E+00 DT= 2.5000E-05 ERR=  0.0% DM/M= 0.0000E+00
 ELAPSED TIME=         22.97 s  REMAINING TIME=         34.92 s
 NC=  158800 T= 3.9700E+00 DT= 2.5000E-05 ERR= -0.0% DM/M= 0.0000E+00
 ELAPSED TIME=         22.98 s  REMAINING TIME=         34.91 s
 NC=  158900 T= 3.9725E+00 DT= 2.5000E-05 ERR=  0.0% DM/M= 0.0000E+00
 ELAPSED TIME=         23.00 s  REMAINING TIME=         34.90 s
 NC=  159000 T= 3.9750E+00 DT= 2.5000E-05 ERR= -0.0% DM/M= 0.0000E+00
 ELAPSED TIME=         23.01 s  REMAINING TIME=         34.88 s
 NC=  159100 T= 3.9775E+00 DT= 2.5000E-05 ERR=  0.0% DM/M= 0.0000E+00
 ELAPSED TIME=         23.03 s  REMAINING TIME=         34.87 s
 NC=  159200 T= 3.9800E+00 DT= 2.5000E-05 ERR= -0.0% DM/M= 0.0000E+00
 ELAPSED TIME=         23.04 s  REMAINING TIME=         34.85 s
 NC=  159300 T= 3.9825E+00 DT= 2.5000E-05 ERR=  0.0% DM/M= 0.0000E+00
 ELAPSED TIME=         23.05 s  REMAINING TIME=         34.84 s
 NC=  159400 T= 3.9850E+00 DT= 2.5000E-05 ERR= -0.0% DM/M= 0.0000E+00
 ELAPSED TIME=         23.07 s  REMAINING TIME=         34.82 s
 NC=  159500 T= 3.9875E+00 DT= 2.5000E-05 ERR=  0.0% DM/M= 0.0000E+00
 ELAPSED TIME=         23.08 s  REMAINING TIME=         34.81 s
 NC=  159600 T= 3.9900E+00 DT= 2.5000E-05 ERR= -0.0% DM/M= 0.0000E+00
 ELAPSED TIME=         23.10 s  REMAINING TIME=         34.79 s
 NC=  159700 T= 3.9925E+00 DT= 2.5000E-05 ERR=  0.0% DM/M= 0.0000E+00
 ELAPSED TIME=         23.11 s  REMAINING TIME=         34.78 s
 NC=  159800 T= 3.9950E+00 DT= 2.5000E-05 ERR= -0.0% DM/M= 0.0000E+00
 ELAPSED TIME=         23.13 s  REMAINING TIME=         34.76 s
 NC=  159900 T= 3.9975E+00 DT= 2.5000E-05 ERR=  0.0% DM/M= 0.0000E+00
 ELAPSED TIME=         23.14 s  REMAINING TIME=         34.75 s
 NC=  160000 T= 4.0000E+00 DT= 2.5000E-05 ERR= -0.0% DM/M= 0.0000E+00
 ELAPSED TIME=         23.15 s  REMAINING TIME=         34.73 s
     ANIMATION FILE: A23_w1_REFERENCE_ROTATION_YA017 WRITTEN
 NC=  160100 T= 4.0025E+00 DT= 2.5000E-05 ERR=  0.0% DM/M= 0.0000E+00
 ELAPSED TIME=         23.17 s  REMAINING TIME=         34.72 s
 NC=  160200 T= 4.0050E+00 DT= 2.5000E-05 ERR= -0.0% DM/M= 0.0000E+00
 ELAPSED TIME=         23.19 s  REMAINING TIME=         34.71 s
 NC=  160300 T= 4.0075E+00 DT= 2.5000E-05 ERR=  0.0% DM/M= 0.0000E+00
 ELAPSED TIME=         23.20 s  REMAINING TIME=         34.69 s
 NC=  160400 T= 4.0100E+00 DT= 2.5000E-05 ERR= -0.0% DM/M= 0.0000E+00
 ELAPSED TIME=         23.21 s  REMAINING TIME=         34.68 s
 NC=  160500 T= 4.0125E+00 DT= 2.5000E-05 ERR=  0.0% DM/M= 0.0000E+00
 ELAPSED TIME=         23.23 s  REMAINING TIME=         34.66 s
 NC=  160600 T= 4.0150E+00 DT= 2.5000E-05 ERR= -0.0% DM/M= 0.0000E+00
 ELAPSED TIME=         23.24 s  REMAINING TIME=         34.65 s
 NC=  160700 T= 4.0175E+00 DT= 2.5000E-05 ERR=  0.0% DM/M= 0.0000E+00
 ELAPSED TIME=         23.26 s  REMAINING TIME=         34.63 s
 NC=  160800 T= 4.0200E+00 DT= 2.5000E-05 ERR= -0.0% DM/M= 0.0000E+00
 ELAPSED TIME=         23.27 s  REMAINING TIME=         34.62 s
 NC=  160900 T= 4.0225E+00 DT= 2.5000E-05 ERR=  0.0% DM/M= 0.0000E+00
 ELAPSED TIME=         23.29 s  REMAINING TIME=         34.60 s
 NC=  161000 T= 4.0250E+00 DT= 2.5000E-05 ERR= -0.0% DM/M= 0.0000E+00
 ELAPSED TIME=         23.30 s  REMAINING TIME=         34.59 s
 NC=  161100 T= 4.0275E+00 DT= 2.5000E-05 ERR=  0.0% DM/M= 0.0000E+00
 ELAPSED TIME=         23.32 s  REMAINING TIME=         34.58 s
 NC=  161200 T= 4.0300E+00 DT= 2.5000E-05 ERR= -0.0% DM/M= 0.0000E+00
 ELAPSED TIME=         23.33 s  REMAINING TIME=         34.56 s
 NC=  161300 T= 4.0325E+00 DT= 2.5000E-05 ERR=  0.0% DM/M= 0.0000E+00
 ELAPSED TIME=         23.34 s  REMAINING TIME=         34.55 s
 NC=  161400 T= 4.0350E+00 DT= 2.5000E-05 ERR= -0.0% DM/M= 0.0000E+00
 ELAPSED TIME=         23.36 s  REMAINING TIME=         34.53 s
 NC=  161500 T= 4.0375E+00 DT= 2.5000E-05 ERR=  0.0% DM/M= 0.0000E+00
 ELAPSED TIME=         23.37 s  REMAINING TIME=         34.52 s
 NC=  161600 T= 4.0400E+00 DT= 2.5000E-05 ERR= -0.0% DM/M= 0.0000E+00
 ELAPSED TIME=         23.39 s  REMAINING TIME=         34.51 s
 NC=  161700 T= 4.0425E+00 DT= 2.5000E-05 ERR=  0.0% DM/M= 0.0000E+00
 ELAPSED TIME=         23.41 s  REMAINING TIME=         34.50 s
 NC=  161800 T= 4.0450E+00 DT= 2.5000E-05 ERR= -0.0% DM/M= 0.0000E+00
 ELAPSED TIME=         23.43 s  REMAINING TIME=         34.49 s
 NC=  161900 T= 4.0475E+00 DT= 2.5000E-05 ERR=  0.0% DM/M= 0.0000E+00
 ELAPSED TIME=         23.44 s  REMAINING TIME=         34.47 s
 NC=  162000 T= 4.0500E+00 DT= 2.5000E-05 ERR= -0.0% DM/M= 0.0000E+00
 ELAPSED TIME=         23.45 s  REMAINING TIME=         34.46 s
 NC=  162100 T= 4.0525E+00 DT= 2.5000E-05 ERR=  0.0% DM/M= 0.0000E+00
 ELAPSED TIME=         23.47 s  REMAINING TIME=         34.44 s
 NC=  162200 T= 4.0550E+00 DT= 2.5000E-05 ERR= -0.0% DM/M= 0.0000E+00
 ELAPSED TIME=         23.48 s  REMAINING TIME=         34.43 s
 NC=  162300 T= 4.0575E+00 DT= 2.5000E-05 ERR=  0.0% DM/M= 0.0000E+00
 ELAPSED TIME=         23.50 s  REMAINING TIME=         34.41 s
 NC=  162400 T= 4.0600E+00 DT= 2.5000E-05 ERR= -0.0% DM/M= 0.0000E+00
 ELAPSED TIME=         23.51 s  REMAINING TIME=         34.40 s
 NC=  162500 T= 4.0625E+00 DT= 2.5000E-05 ERR=  0.0% DM/M= 0.0000E+00
 ELAPSED TIME=         23.52 s  REMAINING TIME=         34.38 s
 NC=  162600 T= 4.0650E+00 DT= 2.5000E-05 ERR= -0.0% DM/M= 0.0000E+00
 ELAPSED TIME=         23.54 s  REMAINING TIME=         34.37 s
 NC=  162700 T= 4.0675E+00 DT= 2.5000E-05 ERR=  0.0% DM/M= 0.0000E+00
 ELAPSED TIME=         23.55 s  REMAINING TIME=         34.35 s
 NC=  162800 T= 4.0700E+00 DT= 2.5000E-05 ERR= -0.0% DM/M= 0.0000E+00
 ELAPSED TIME=         23.57 s  REMAINING TIME=         34.34 s
 NC=  162900 T= 4.0725E+00 DT= 2.5000E-05 ERR=  0.0% DM/M= 0.0000E+00
 ELAPSED TIME=         23.58 s  REMAINING TIME=         34.33 s
 NC=  163000 T= 4.0750E+00 DT= 2.5000E-05 ERR= -0.0% DM/M= 0.0000E+00
 ELAPSED TIME=         23.60 s  REMAINING TIME=         34.31 s
 NC=  163100 T= 4.0775E+00 DT= 2.5000E-05 ERR=  0.0% DM/M= 0.0000E+00
 ELAPSED TIME=         23.61 s  REMAINING TIME=         34.30 s
 NC=  163200 T= 4.0800E+00 DT= 2.5000E-05 ERR= -0.0% DM/M= 0.0000E+00
 ELAPSED TIME=         23.63 s  REMAINING TIME=         34.28 s
 NC=  163300 T= 4.0825E+00 DT= 2.5000E-05 ERR=  0.0% DM/M= 0.0000E+00
 ELAPSED TIME=         23.64 s  REMAINING TIME=         34.27 s
 NC=  163400 T= 4.0850E+00 DT= 2.5000E-05 ERR= -0.0% DM/M= 0.0000E+00
 ELAPSED TIME=         23.66 s  REMAINING TIME=         34.25 s
 NC=  163500 T= 4.0875E+00 DT= 2.5000E-05 ERR=  0.0% DM/M= 0.0000E+00
 ELAPSED TIME=         23.67 s  REMAINING TIME=         34.24 s
 NC=  163600 T= 4.0900E+00 DT= 2.5000E-05 ERR= -0.0% DM/M= 0.0000E+00
 ELAPSED TIME=         23.68 s  REMAINING TIME=         34.22 s
 NC=  163700 T= 4.0925E+00 DT= 2.5000E-05 ERR=  0.0% DM/M= 0.0000E+00
 ELAPSED TIME=         23.70 s  REMAINING TIME=         34.21 s
 NC=  163800 T= 4.0950E+00 DT= 2.5000E-05 ERR= -0.0% DM/M= 0.0000E+00
 ELAPSED TIME=         23.71 s  REMAINING TIME=         34.19 s
 NC=  163900 T= 4.0975E+00 DT= 2.5000E-05 ERR=  0.0% DM/M= 0.0000E+00
 ELAPSED TIME=         23.73 s  REMAINING TIME=         34.18 s
 NC=  164000 T= 4.1000E+00 DT= 2.5000E-05 ERR= -0.0% DM/M= 0.0000E+00
 ELAPSED TIME=         23.74 s  REMAINING TIME=         34.16 s
 NC=  164100 T= 4.1025E+00 DT= 2.5000E-05 ERR=  0.0% DM/M= 0.0000E+00
 ELAPSED TIME=         23.75 s  REMAINING TIME=         34.15 s
 NC=  164200 T= 4.1050E+00 DT= 2.5000E-05 ERR= -0.0% DM/M= 0.0000E+00
 ELAPSED TIME=         23.77 s  REMAINING TIME=         34.13 s
 NC=  164300 T= 4.1075E+00 DT= 2.5000E-05 ERR=  0.0% DM/M= 0.0000E+00
 ELAPSED TIME=         23.78 s  REMAINING TIME=         34.12 s
 NC=  164400 T= 4.1100E+00 DT= 2.5000E-05 ERR= -0.0% DM/M= 0.0000E+00
 ELAPSED TIME=         23.80 s  REMAINING TIME=         34.10 s
 NC=  164500 T= 4.1125E+00 DT= 2.5000E-05 ERR=  0.0% DM/M= 0.0000E+00
 ELAPSED TIME=         23.81 s  REMAINING TIME=         34.09 s
 NC=  164600 T= 4.1150E+00 DT= 2.5000E-05 ERR= -0.0% DM/M= 0.0000E+00
 ELAPSED TIME=         23.83 s  REMAINING TIME=         34.07 s
 NC=  164700 T= 4.1175E+00 DT= 2.5000E-05 ERR=  0.0% DM/M= 0.0000E+00
 ELAPSED TIME=         23.84 s  REMAINING TIME=         34.06 s
 NC=  164800 T= 4.1200E+00 DT= 2.5000E-05 ERR= -0.0% DM/M= 0.0000E+00
 ELAPSED TIME=         23.85 s  REMAINING TIME=         34.04 s
 NC=  164900 T= 4.1225E+00 DT= 2.5000E-05 ERR=  0.0% DM/M= 0.0000E+00
 ELAPSED TIME=         23.87 s  REMAINING TIME=         34.03 s
 NC=  165000 T= 4.1250E+00 DT= 2.5000E-05 ERR= -0.0% DM/M= 0.0000E+00
 ELAPSED TIME=         23.88 s  REMAINING TIME=         34.01 s
 NC=  165100 T= 4.1275E+00 DT= 2.5000E-05 ERR=  0.0% DM/M= 0.0000E+00
 ELAPSED TIME=         23.90 s  REMAINING TIME=         34.00 s
 NC=  165200 T= 4.1300E+00 DT= 2.5000E-05 ERR= -0.0% DM/M= 0.0000E+00
 ELAPSED TIME=         23.91 s  REMAINING TIME=         33.99 s
 NC=  165300 T= 4.1325E+00 DT= 2.5000E-05 ERR=  0.0% DM/M= 0.0000E+00
 ELAPSED TIME=         23.93 s  REMAINING TIME=         33.97 s
 NC=  165400 T= 4.1350E+00 DT= 2.5000E-05 ERR= -0.0% DM/M= 0.0000E+00
 ELAPSED TIME=         23.94 s  REMAINING TIME=         33.96 s
 NC=  165500 T= 4.1375E+00 DT= 2.5000E-05 ERR=  0.0% DM/M= 0.0000E+00
 ELAPSED TIME=         23.96 s  REMAINING TIME=         33.94 s
 NC=  165600 T= 4.1400E+00 DT= 2.5000E-05 ERR= -0.0% DM/M= 0.0000E+00
 ELAPSED TIME=         23.97 s  REMAINING TIME=         33.93 s
 NC=  165700 T= 4.1425E+00 DT= 2.5000E-05 ERR=  0.0% DM/M= 0.0000E+00
 ELAPSED TIME=         23.98 s  REMAINING TIME=         33.91 s
 NC=  165800 T= 4.1450E+00 DT= 2.5000E-05 ERR= -0.0% DM/M= 0.0000E+00
 ELAPSED TIME=         24.00 s  REMAINING TIME=         33.90 s
 NC=  165900 T= 4.1475E+00 DT= 2.5000E-05 ERR=  0.0% DM/M= 0.0000E+00
 ELAPSED TIME=         24.01 s  REMAINING TIME=         33.88 s
 NC=  166000 T= 4.1500E+00 DT= 2.5000E-05 ERR= -0.0% DM/M= 0.0000E+00
 ELAPSED TIME=         24.03 s  REMAINING TIME=         33.87 s
 NC=  166100 T= 4.1525E+00 DT= 2.5000E-05 ERR=  0.0% DM/M= 0.0000E+00
 ELAPSED TIME=         24.04 s  REMAINING TIME=         33.85 s
 NC=  166200 T= 4.1550E+00 DT= 2.5000E-05 ERR= -0.0% DM/M= 0.0000E+00
 ELAPSED TIME=         24.06 s  REMAINING TIME=         33.84 s
 NC=  166300 T= 4.1575E+00 DT= 2.5000E-05 ERR=  0.0% DM/M= 0.0000E+00
 ELAPSED TIME=         24.07 s  REMAINING TIME=         33.82 s
 NC=  166400 T= 4.1600E+00 DT= 2.5000E-05 ERR= -0.0% DM/M= 0.0000E+00
 ELAPSED TIME=         24.08 s  REMAINING TIME=         33.81 s
 NC=  166500 T= 4.1625E+00 DT= 2.5000E-05 ERR=  0.0% DM/M= 0.0000E+00
 ELAPSED TIME=         24.10 s  REMAINING TIME=         33.80 s
 NC=  166600 T= 4.1650E+00 DT= 2.5000E-05 ERR= -0.0% DM/M= 0.0000E+00
 ELAPSED TIME=         24.11 s  REMAINING TIME=         33.78 s
 NC=  166700 T= 4.1675E+00 DT= 2.5000E-05 ERR=  0.0% DM/M= 0.0000E+00
 ELAPSED TIME=         24.13 s  REMAINING TIME=         33.77 s
 NC=  166800 T= 4.1700E+00 DT= 2.5000E-05 ERR= -0.0% DM/M= 0.0000E+00
 ELAPSED TIME=         24.14 s  REMAINING TIME=         33.75 s
 NC=  166900 T= 4.1725E+00 DT= 2.5000E-05 ERR=  0.0% DM/M= 0.0000E+00
 ELAPSED TIME=         24.16 s  REMAINING TIME=         33.74 s
 NC=  167000 T= 4.1750E+00 DT= 2.5000E-05 ERR= -0.0% DM/M= 0.0000E+00
 ELAPSED TIME=         24.17 s  REMAINING TIME=         33.72 s
 NC=  167100 T= 4.1775E+00 DT= 2.5000E-05 ERR=  0.0% DM/M= 0.0000E+00
 ELAPSED TIME=         24.18 s  REMAINING TIME=         33.71 s
 NC=  167200 T= 4.1800E+00 DT= 2.5000E-05 ERR= -0.0% DM/M= 0.0000E+00
 ELAPSED TIME=         24.20 s  REMAINING TIME=         33.69 s
 NC=  167300 T= 4.1825E+00 DT= 2.5000E-05 ERR=  0.0% DM/M= 0.0000E+00
 ELAPSED TIME=         24.21 s  REMAINING TIME=         33.68 s
 NC=  167400 T= 4.1850E+00 DT= 2.5000E-05 ERR= -0.0% DM/M= 0.0000E+00
 ELAPSED TIME=         24.23 s  REMAINING TIME=         33.66 s
 NC=  167500 T= 4.1875E+00 DT= 2.5000E-05 ERR=  0.0% DM/M= 0.0000E+00
 ELAPSED TIME=         24.24 s  REMAINING TIME=         33.65 s
 NC=  167600 T= 4.1900E+00 DT= 2.5000E-05 ERR= -0.0% DM/M= 0.0000E+00
 ELAPSED TIME=         24.26 s  REMAINING TIME=         33.64 s
 NC=  167700 T= 4.1925E+00 DT= 2.5000E-05 ERR=  0.0% DM/M= 0.0000E+00
 ELAPSED TIME=         24.27 s  REMAINING TIME=         33.62 s
 NC=  167800 T= 4.1950E+00 DT= 2.5000E-05 ERR= -0.0% DM/M= 0.0000E+00
 ELAPSED TIME=         24.29 s  REMAINING TIME=         33.61 s
 NC=  167900 T= 4.1975E+00 DT= 2.5000E-05 ERR=  0.0% DM/M= 0.0000E+00
 ELAPSED TIME=         24.30 s  REMAINING TIME=         33.59 s
 NC=  168000 T= 4.2000E+00 DT= 2.5000E-05 ERR= -0.0% DM/M= 0.0000E+00
 ELAPSED TIME=         24.31 s  REMAINING TIME=         33.58 s
 NC=  168100 T= 4.2025E+00 DT= 2.5000E-05 ERR=  0.0% DM/M= 0.0000E+00
 ELAPSED TIME=         24.33 s  REMAINING TIME=         33.56 s
 NC=  168200 T= 4.2050E+00 DT= 2.5000E-05 ERR= -0.0% DM/M= 0.0000E+00
 ELAPSED TIME=         24.34 s  REMAINING TIME=         33.55 s
 NC=  168300 T= 4.2075E+00 DT= 2.5000E-05 ERR=  0.0% DM/M= 0.0000E+00
 ELAPSED TIME=         24.36 s  REMAINING TIME=         33.54 s
 NC=  168400 T= 4.2100E+00 DT= 2.5000E-05 ERR= -0.0% DM/M= 0.0000E+00
 ELAPSED TIME=         24.37 s  REMAINING TIME=         33.52 s
 NC=  168500 T= 4.2125E+00 DT= 2.5000E-05 ERR=  0.0% DM/M= 0.0000E+00
 ELAPSED TIME=         24.39 s  REMAINING TIME=         33.51 s
 NC=  168600 T= 4.2150E+00 DT= 2.5000E-05 ERR= -0.0% DM/M= 0.0000E+00
 ELAPSED TIME=         24.40 s  REMAINING TIME=         33.49 s
 NC=  168700 T= 4.2175E+00 DT= 2.5000E-05 ERR=  0.0% DM/M= 0.0000E+00
 ELAPSED TIME=         24.42 s  REMAINING TIME=         33.48 s
 NC=  168800 T= 4.2200E+00 DT= 2.5000E-05 ERR= -0.0% DM/M= 0.0000E+00
 ELAPSED TIME=         24.43 s  REMAINING TIME=         33.46 s
 NC=  168900 T= 4.2225E+00 DT= 2.5000E-05 ERR=  0.0% DM/M= 0.0000E+00
 ELAPSED TIME=         24.45 s  REMAINING TIME=         33.45 s
 NC=  169000 T= 4.2250E+00 DT= 2.5000E-05 ERR= -0.0% DM/M= 0.0000E+00
 ELAPSED TIME=         24.46 s  REMAINING TIME=         33.44 s
 NC=  169100 T= 4.2275E+00 DT= 2.5000E-05 ERR=  0.0% DM/M= 0.0000E+00
 ELAPSED TIME=         24.48 s  REMAINING TIME=         33.42 s
 NC=  169200 T= 4.2300E+00 DT= 2.5000E-05 ERR= -0.0% DM/M= 0.0000E+00
 ELAPSED TIME=         24.49 s  REMAINING TIME=         33.41 s
 NC=  169300 T= 4.2325E+00 DT= 2.5000E-05 ERR=  0.0% DM/M= 0.0000E+00
 ELAPSED TIME=         24.50 s  REMAINING TIME=         33.39 s
 NC=  169400 T= 4.2350E+00 DT= 2.5000E-05 ERR= -0.0% DM/M= 0.0000E+00
 ELAPSED TIME=         24.52 s  REMAINING TIME=         33.38 s
 NC=  169500 T= 4.2375E+00 DT= 2.5000E-05 ERR=  0.0% DM/M= 0.0000E+00
 ELAPSED TIME=         24.53 s  REMAINING TIME=         33.36 s
 NC=  169600 T= 4.2400E+00 DT= 2.5000E-05 ERR= -0.0% DM/M= 0.0000E+00
 ELAPSED TIME=         24.55 s  REMAINING TIME=         33.35 s
 NC=  169700 T= 4.2425E+00 DT= 2.5000E-05 ERR=  0.0% DM/M= 0.0000E+00
 ELAPSED TIME=         24.56 s  REMAINING TIME=         33.33 s
 NC=  169800 T= 4.2450E+00 DT= 2.5000E-05 ERR= -0.0% DM/M= 0.0000E+00
 ELAPSED TIME=         24.58 s  REMAINING TIME=         33.32 s
 NC=  169900 T= 4.2475E+00 DT= 2.5000E-05 ERR=  0.0% DM/M= 0.0000E+00
 ELAPSED TIME=         24.59 s  REMAINING TIME=         33.31 s
 NC=  170000 T= 4.2500E+00 DT= 2.5000E-05 ERR= -0.0% DM/M= 0.0000E+00
 ELAPSED TIME=         24.61 s  REMAINING TIME=         33.29 s
     ANIMATION FILE: A23_w1_REFERENCE_ROTATION_YA018 WRITTEN
 NC=  170100 T= 4.2525E+00 DT= 2.5000E-05 ERR=  0.0% DM/M= 0.0000E+00
 ELAPSED TIME=         24.62 s  REMAINING TIME=         33.28 s
 NC=  170200 T= 4.2550E+00 DT= 2.5000E-05 ERR= -0.0% DM/M= 0.0000E+00
 ELAPSED TIME=         24.64 s  REMAINING TIME=         33.26 s
 NC=  170300 T= 4.2575E+00 DT= 2.5000E-05 ERR=  0.0% DM/M= 0.0000E+00
 ELAPSED TIME=         24.65 s  REMAINING TIME=         33.25 s
 NC=  170400 T= 4.2600E+00 DT= 2.5000E-05 ERR= -0.0% DM/M= 0.0000E+00
 ELAPSED TIME=         24.67 s  REMAINING TIME=         33.24 s
 NC=  170500 T= 4.2625E+00 DT= 2.5000E-05 ERR=  0.0% DM/M= 0.0000E+00
 ELAPSED TIME=         24.68 s  REMAINING TIME=         33.22 s
 NC=  170600 T= 4.2650E+00 DT= 2.5000E-05 ERR= -0.0% DM/M= 0.0000E+00
 ELAPSED TIME=         24.69 s  REMAINING TIME=         33.21 s
 NC=  170700 T= 4.2675E+00 DT= 2.5000E-05 ERR=  0.0% DM/M= 0.0000E+00
 ELAPSED TIME=         24.71 s  REMAINING TIME=         33.19 s
 NC=  170800 T= 4.2700E+00 DT= 2.5000E-05 ERR= -0.0% DM/M= 0.0000E+00
 ELAPSED TIME=         24.72 s  REMAINING TIME=         33.18 s
 NC=  170900 T= 4.2725E+00 DT= 2.5000E-05 ERR=  0.0% DM/M= 0.0000E+00
 ELAPSED TIME=         24.74 s  REMAINING TIME=         33.16 s
 NC=  171000 T= 4.2750E+00 DT= 2.5000E-05 ERR= -0.0% DM/M= 0.0000E+00
 ELAPSED TIME=         24.75 s  REMAINING TIME=         33.15 s
 NC=  171100 T= 4.2775E+00 DT= 2.5000E-05 ERR=  0.0% DM/M= 0.0000E+00
 ELAPSED TIME=         24.77 s  REMAINING TIME=         33.13 s
 NC=  171200 T= 4.2800E+00 DT= 2.5000E-05 ERR= -0.0% DM/M= 0.0000E+00
 ELAPSED TIME=         24.78 s  REMAINING TIME=         33.12 s
 NC=  171300 T= 4.2825E+00 DT= 2.5000E-05 ERR=  0.0% DM/M= 0.0000E+00
 ELAPSED TIME=         24.80 s  REMAINING TIME=         33.10 s
 NC=  171400 T= 4.2850E+00 DT= 2.5000E-05 ERR= -0.0% DM/M= 0.0000E+00
 ELAPSED TIME=         24.81 s  REMAINING TIME=         33.09 s
 NC=  171500 T= 4.2875E+00 DT= 2.5000E-05 ERR=  0.0% DM/M= 0.0000E+00
 ELAPSED TIME=         24.82 s  REMAINING TIME=         33.08 s
 NC=  171600 T= 4.2900E+00 DT= 2.5000E-05 ERR= -0.0% DM/M= 0.0000E+00
 ELAPSED TIME=         24.84 s  REMAINING TIME=         33.06 s
 NC=  171700 T= 4.2925E+00 DT= 2.5000E-05 ERR=  0.0% DM/M= 0.0000E+00
 ELAPSED TIME=         24.85 s  REMAINING TIME=         33.05 s
 NC=  171800 T= 4.2950E+00 DT= 2.5000E-05 ERR= -0.0% DM/M= 0.0000E+00
 ELAPSED TIME=         24.87 s  REMAINING TIME=         33.03 s
 NC=  171900 T= 4.2975E+00 DT= 2.5000E-05 ERR=  0.0% DM/M= 0.0000E+00
 ELAPSED TIME=         24.88 s  REMAINING TIME=         33.02 s
 NC=  172000 T= 4.3000E+00 DT= 2.5000E-05 ERR= -0.0% DM/M= 0.0000E+00
 ELAPSED TIME=         24.90 s  REMAINING TIME=         33.00 s
 NC=  172100 T= 4.3025E+00 DT= 2.5000E-05 ERR=  0.0% DM/M= 0.0000E+00
 ELAPSED TIME=         24.91 s  REMAINING TIME=         32.99 s
 NC=  172200 T= 4.3050E+00 DT= 2.5000E-05 ERR= -0.0% DM/M= 0.0000E+00
 ELAPSED TIME=         24.93 s  REMAINING TIME=         32.97 s
 NC=  172300 T= 4.3075E+00 DT= 2.5000E-05 ERR=  0.0% DM/M= 0.0000E+00
 ELAPSED TIME=         24.94 s  REMAINING TIME=         32.96 s
 NC=  172400 T= 4.3100E+00 DT= 2.5000E-05 ERR= -0.0% DM/M= 0.0000E+00
 ELAPSED TIME=         24.96 s  REMAINING TIME=         32.95 s
 NC=  172500 T= 4.3125E+00 DT= 2.5000E-05 ERR=  0.0% DM/M= 0.0000E+00
 ELAPSED TIME=         24.97 s  REMAINING TIME=         32.93 s
 NC=  172600 T= 4.3150E+00 DT= 2.5000E-05 ERR= -0.0% DM/M= 0.0000E+00
 ELAPSED TIME=         24.99 s  REMAINING TIME=         32.92 s
 NC=  172700 T= 4.3175E+00 DT= 2.5000E-05 ERR=  0.0% DM/M= 0.0000E+00
 ELAPSED TIME=         25.00 s  REMAINING TIME=         32.91 s
 NC=  172800 T= 4.3200E+00 DT= 2.5000E-05 ERR= -0.0% DM/M= 0.0000E+00
 ELAPSED TIME=         25.02 s  REMAINING TIME=         32.89 s
 NC=  172900 T= 4.3225E+00 DT= 2.5000E-05 ERR=  0.0% DM/M= 0.0000E+00
 ELAPSED TIME=         25.03 s  REMAINING TIME=         32.88 s
 NC=  173000 T= 4.3250E+00 DT= 2.5000E-05 ERR= -0.0% DM/M= 0.0000E+00
 ELAPSED TIME=         25.04 s  REMAINING TIME=         32.86 s
 NC=  173100 T= 4.3275E+00 DT= 2.5000E-05 ERR=  0.0% DM/M= 0.0000E+00
 ELAPSED TIME=         25.06 s  REMAINING TIME=         32.85 s
 NC=  173200 T= 4.3300E+00 DT= 2.5000E-05 ERR= -0.0% DM/M= 0.0000E+00
 ELAPSED TIME=         25.07 s  REMAINING TIME=         32.83 s
 NC=  173300 T= 4.3325E+00 DT= 2.5000E-05 ERR=  0.0% DM/M= 0.0000E+00
 ELAPSED TIME=         25.09 s  REMAINING TIME=         32.82 s
 NC=  173400 T= 4.3350E+00 DT= 2.5000E-05 ERR= -0.0% DM/M= 0.0000E+00
 ELAPSED TIME=         25.10 s  REMAINING TIME=         32.80 s
 NC=  173500 T= 4.3375E+00 DT= 2.5000E-05 ERR=  0.0% DM/M= 0.0000E+00
 ELAPSED TIME=         25.12 s  REMAINING TIME=         32.79 s
 NC=  173600 T= 4.3400E+00 DT= 2.5000E-05 ERR= -0.0% DM/M= 0.0000E+00
 ELAPSED TIME=         25.13 s  REMAINING TIME=         32.77 s
 NC=  173700 T= 4.3425E+00 DT= 2.5000E-05 ERR=  0.0% DM/M= 0.0000E+00
 ELAPSED TIME=         25.15 s  REMAINING TIME=         32.76 s
 NC=  173800 T= 4.3450E+00 DT= 2.5000E-05 ERR= -0.0% DM/M= 0.0000E+00
 ELAPSED TIME=         25.16 s  REMAINING TIME=         32.75 s
 NC=  173900 T= 4.3475E+00 DT= 2.5000E-05 ERR=  0.0% DM/M= 0.0000E+00
 ELAPSED TIME=         25.17 s  REMAINING TIME=         32.73 s
 NC=  174000 T= 4.3500E+00 DT= 2.5000E-05 ERR= -0.0% DM/M= 0.0000E+00
 ELAPSED TIME=         25.19 s  REMAINING TIME=         32.72 s
 NC=  174100 T= 4.3525E+00 DT= 2.5000E-05 ERR=  0.0% DM/M= 0.0000E+00
 ELAPSED TIME=         25.20 s  REMAINING TIME=         32.70 s
 NC=  174200 T= 4.3550E+00 DT= 2.5000E-05 ERR= -0.0% DM/M= 0.0000E+00
 ELAPSED TIME=         25.22 s  REMAINING TIME=         32.69 s
 NC=  174300 T= 4.3575E+00 DT= 2.5000E-05 ERR=  0.0% DM/M= 0.0000E+00
 ELAPSED TIME=         25.23 s  REMAINING TIME=         32.67 s
 NC=  174400 T= 4.3600E+00 DT= 2.5000E-05 ERR= -0.0% DM/M= 0.0000E+00
 ELAPSED TIME=         25.25 s  REMAINING TIME=         32.66 s
 NC=  174500 T= 4.3625E+00 DT= 2.5000E-05 ERR=  0.0% DM/M= 0.0000E+00
 ELAPSED TIME=         25.26 s  REMAINING TIME=         32.64 s
 NC=  174600 T= 4.3650E+00 DT= 2.5000E-05 ERR= -0.0% DM/M= 0.0000E+00
 ELAPSED TIME=         25.28 s  REMAINING TIME=         32.63 s
 NC=  174700 T= 4.3675E+00 DT= 2.5000E-05 ERR=  0.0% DM/M= 0.0000E+00
 ELAPSED TIME=         25.29 s  REMAINING TIME=         32.61 s
 NC=  174800 T= 4.3700E+00 DT= 2.5000E-05 ERR= -0.0% DM/M= 0.0000E+00
 ELAPSED TIME=         25.30 s  REMAINING TIME=         32.60 s
 NC=  174900 T= 4.3725E+00 DT= 2.5000E-05 ERR=  0.0% DM/M= 0.0000E+00
 ELAPSED TIME=         25.32 s  REMAINING TIME=         32.59 s
 NC=  175000 T= 4.3750E+00 DT= 2.5000E-05 ERR= -0.0% DM/M= 0.0000E+00
 ELAPSED TIME=         25.33 s  REMAINING TIME=         32.57 s
 NC=  175100 T= 4.3775E+00 DT= 2.5000E-05 ERR=  0.0% DM/M= 0.0000E+00
 ELAPSED TIME=         25.35 s  REMAINING TIME=         32.56 s
 NC=  175200 T= 4.3800E+00 DT= 2.5000E-05 ERR= -0.0% DM/M= 0.0000E+00
 ELAPSED TIME=         25.36 s  REMAINING TIME=         32.54 s
 NC=  175300 T= 4.3825E+00 DT= 2.5000E-05 ERR=  0.0% DM/M= 0.0000E+00
 ELAPSED TIME=         25.38 s  REMAINING TIME=         32.53 s
 NC=  175400 T= 4.3850E+00 DT= 2.5000E-05 ERR= -0.0% DM/M= 0.0000E+00
 ELAPSED TIME=         25.39 s  REMAINING TIME=         32.51 s
 NC=  175500 T= 4.3875E+00 DT= 2.5000E-05 ERR=  0.0% DM/M= 0.0000E+00
 ELAPSED TIME=         25.41 s  REMAINING TIME=         32.50 s
 NC=  175600 T= 4.3900E+00 DT= 2.5000E-05 ERR= -0.0% DM/M= 0.0000E+00
 ELAPSED TIME=         25.42 s  REMAINING TIME=         32.48 s
 NC=  175700 T= 4.3925E+00 DT= 2.5000E-05 ERR=  0.0% DM/M= 0.0000E+00
 ELAPSED TIME=         25.43 s  REMAINING TIME=         32.47 s
 NC=  175800 T= 4.3950E+00 DT= 2.5000E-05 ERR= -0.0% DM/M= 0.0000E+00
 ELAPSED TIME=         25.45 s  REMAINING TIME=         32.46 s
 NC=  175900 T= 4.3975E+00 DT= 2.5000E-05 ERR=  0.0% DM/M= 0.0000E+00
 ELAPSED TIME=         25.46 s  REMAINING TIME=         32.44 s
 NC=  176000 T= 4.4000E+00 DT= 2.5000E-05 ERR= -0.0% DM/M= 0.0000E+00
 ELAPSED TIME=         25.48 s  REMAINING TIME=         32.43 s
 NC=  176100 T= 4.4025E+00 DT= 2.5000E-05 ERR=  0.0% DM/M= 0.0000E+00
 ELAPSED TIME=         25.49 s  REMAINING TIME=         32.41 s
 NC=  176200 T= 4.4050E+00 DT= 2.5000E-05 ERR= -0.0% DM/M= 0.0000E+00
 ELAPSED TIME=         25.51 s  REMAINING TIME=         32.40 s
 NC=  176300 T= 4.4075E+00 DT= 2.5000E-05 ERR=  0.0% DM/M= 0.0000E+00
 ELAPSED TIME=         25.52 s  REMAINING TIME=         32.38 s
 NC=  176400 T= 4.4100E+00 DT= 2.5000E-05 ERR= -0.0% DM/M= 0.0000E+00
 ELAPSED TIME=         25.54 s  REMAINING TIME=         32.37 s
 NC=  176500 T= 4.4125E+00 DT= 2.5000E-05 ERR=  0.0% DM/M= 0.0000E+00
 ELAPSED TIME=         25.55 s  REMAINING TIME=         32.35 s
 NC=  176600 T= 4.4150E+00 DT= 2.5000E-05 ERR= -0.0% DM/M= 0.0000E+00
 ELAPSED TIME=         25.57 s  REMAINING TIME=         32.34 s
 NC=  176700 T= 4.4175E+00 DT= 2.5000E-05 ERR=  0.0% DM/M= 0.0000E+00
 ELAPSED TIME=         25.58 s  REMAINING TIME=         32.33 s
 NC=  176800 T= 4.4200E+00 DT= 2.5000E-05 ERR= -0.0% DM/M= 0.0000E+00
 ELAPSED TIME=         25.59 s  REMAINING TIME=         32.31 s
 NC=  176900 T= 4.4225E+00 DT= 2.5000E-05 ERR=  0.0% DM/M= 0.0000E+00
 ELAPSED TIME=         25.61 s  REMAINING TIME=         32.30 s
 NC=  177000 T= 4.4250E+00 DT= 2.5000E-05 ERR= -0.0% DM/M= 0.0000E+00
 ELAPSED TIME=         25.62 s  REMAINING TIME=         32.28 s
 NC=  177100 T= 4.4275E+00 DT= 2.5000E-05 ERR=  0.0% DM/M= 0.0000E+00
 ELAPSED TIME=         25.64 s  REMAINING TIME=         32.27 s
 NC=  177200 T= 4.4300E+00 DT= 2.5000E-05 ERR= -0.0% DM/M= 0.0000E+00
 ELAPSED TIME=         25.65 s  REMAINING TIME=         32.25 s
 NC=  177300 T= 4.4325E+00 DT= 2.5000E-05 ERR=  0.0% DM/M= 0.0000E+00
 ELAPSED TIME=         25.67 s  REMAINING TIME=         32.24 s
 NC=  177400 T= 4.4350E+00 DT= 2.5000E-05 ERR= -0.0% DM/M= 0.0000E+00
 ELAPSED TIME=         25.68 s  REMAINING TIME=         32.22 s
 NC=  177500 T= 4.4375E+00 DT= 2.5000E-05 ERR=  0.0% DM/M= 0.0000E+00
 ELAPSED TIME=         25.70 s  REMAINING TIME=         32.21 s
 NC=  177600 T= 4.4400E+00 DT= 2.5000E-05 ERR= -0.0% DM/M= 0.0000E+00
 ELAPSED TIME=         25.71 s  REMAINING TIME=         32.20 s
 NC=  177700 T= 4.4425E+00 DT= 2.5000E-05 ERR=  0.0% DM/M= 0.0000E+00
 ELAPSED TIME=         25.72 s  REMAINING TIME=         32.18 s
 NC=  177800 T= 4.4450E+00 DT= 2.5000E-05 ERR= -0.0% DM/M= 0.0000E+00
 ELAPSED TIME=         25.74 s  REMAINING TIME=         32.17 s
 NC=  177900 T= 4.4475E+00 DT= 2.5000E-05 ERR=  0.0% DM/M= 0.0000E+00
 ELAPSED TIME=         25.75 s  REMAINING TIME=         32.15 s
 NC=  178000 T= 4.4500E+00 DT= 2.5000E-05 ERR= -0.0% DM/M= 0.0000E+00
 ELAPSED TIME=         25.77 s  REMAINING TIME=         32.14 s
 NC=  178100 T= 4.4525E+00 DT= 2.5000E-05 ERR=  0.0% DM/M= 0.0000E+00
 ELAPSED TIME=         25.78 s  REMAINING TIME=         32.12 s
 NC=  178200 T= 4.4550E+00 DT= 2.5000E-05 ERR= -0.0% DM/M= 0.0000E+00
 ELAPSED TIME=         25.80 s  REMAINING TIME=         32.11 s
 NC=  178300 T= 4.4575E+00 DT= 2.5000E-05 ERR=  0.0% DM/M= 0.0000E+00
 ELAPSED TIME=         25.81 s  REMAINING TIME=         32.09 s
 NC=  178400 T= 4.4600E+00 DT= 2.5000E-05 ERR= -0.0% DM/M= 0.0000E+00
 ELAPSED TIME=         25.82 s  REMAINING TIME=         32.08 s
 NC=  178500 T= 4.4625E+00 DT= 2.5000E-05 ERR=  0.0% DM/M= 0.0000E+00
 ELAPSED TIME=         25.84 s  REMAINING TIME=         32.06 s
 NC=  178600 T= 4.4650E+00 DT= 2.5000E-05 ERR= -0.0% DM/M= 0.0000E+00
 ELAPSED TIME=         25.85 s  REMAINING TIME=         32.05 s
 NC=  178700 T= 4.4675E+00 DT= 2.5000E-05 ERR=  0.0% DM/M= 0.0000E+00
 ELAPSED TIME=         25.87 s  REMAINING TIME=         32.04 s
 NC=  178800 T= 4.4700E+00 DT= 2.5000E-05 ERR= -0.0% DM/M= 0.0000E+00
 ELAPSED TIME=         25.88 s  REMAINING TIME=         32.02 s
 NC=  178900 T= 4.4725E+00 DT= 2.5000E-05 ERR=  0.0% DM/M= 0.0000E+00
 ELAPSED TIME=         25.90 s  REMAINING TIME=         32.01 s
 NC=  179000 T= 4.4750E+00 DT= 2.5000E-05 ERR= -0.0% DM/M= 0.0000E+00
 ELAPSED TIME=         25.91 s  REMAINING TIME=         31.99 s
 NC=  179100 T= 4.4775E+00 DT= 2.5000E-05 ERR=  0.0% DM/M= 0.0000E+00
 ELAPSED TIME=         25.93 s  REMAINING TIME=         31.98 s
 NC=  179200 T= 4.4800E+00 DT= 2.5000E-05 ERR= -0.0% DM/M= 0.0000E+00
 ELAPSED TIME=         25.94 s  REMAINING TIME=         31.96 s
 NC=  179300 T= 4.4825E+00 DT= 2.5000E-05 ERR=  0.0% DM/M= 0.0000E+00
 ELAPSED TIME=         25.96 s  REMAINING TIME=         31.95 s
 NC=  179400 T= 4.4850E+00 DT= 2.5000E-05 ERR= -0.0% DM/M= 0.0000E+00
 ELAPSED TIME=         25.97 s  REMAINING TIME=         31.94 s
 NC=  179500 T= 4.4875E+00 DT= 2.5000E-05 ERR=  0.0% DM/M= 0.0000E+00
 ELAPSED TIME=         25.99 s  REMAINING TIME=         31.92 s
 NC=  179600 T= 4.4900E+00 DT= 2.5000E-05 ERR= -0.0% DM/M= 0.0000E+00
 ELAPSED TIME=         26.00 s  REMAINING TIME=         31.91 s
 NC=  179700 T= 4.4925E+00 DT= 2.5000E-05 ERR=  0.0% DM/M= 0.0000E+00
 ELAPSED TIME=         26.02 s  REMAINING TIME=         31.89 s
 NC=  179800 T= 4.4950E+00 DT= 2.5000E-05 ERR= -0.0% DM/M= 0.0000E+00
 ELAPSED TIME=         26.03 s  REMAINING TIME=         31.88 s
 NC=  179900 T= 4.4975E+00 DT= 2.5000E-05 ERR=  0.0% DM/M= 0.0000E+00
 ELAPSED TIME=         26.05 s  REMAINING TIME=         31.87 s
 NC=  180000 T= 4.5000E+00 DT= 2.5000E-05 ERR= -0.0% DM/M= 0.0000E+00
 ELAPSED TIME=         26.06 s  REMAINING TIME=         31.85 s
     ANIMATION FILE: A23_w1_REFERENCE_ROTATION_YA019 WRITTEN
 NC=  180100 T= 4.5025E+00 DT= 2.5000E-05 ERR=  0.0% DM/M= 0.0000E+00
 ELAPSED TIME=         26.07 s  REMAINING TIME=         31.84 s
 NC=  180200 T= 4.5050E+00 DT= 2.5000E-05 ERR= -0.0% DM/M= 0.0000E+00
 ELAPSED TIME=         26.09 s  REMAINING TIME=         31.82 s
 NC=  180300 T= 4.5075E+00 DT= 2.5000E-05 ERR=  0.0% DM/M= 0.0000E+00
 ELAPSED TIME=         26.10 s  REMAINING TIME=         31.81 s
 NC=  180400 T= 4.5100E+00 DT= 2.5000E-05 ERR= -0.0% DM/M= 0.0000E+00
 ELAPSED TIME=         26.12 s  REMAINING TIME=         31.79 s
 NC=  180500 T= 4.5125E+00 DT= 2.5000E-05 ERR=  0.0% DM/M= 0.0000E+00
 ELAPSED TIME=         26.13 s  REMAINING TIME=         31.78 s
 NC=  180600 T= 4.5150E+00 DT= 2.5000E-05 ERR= -0.0% DM/M= 0.0000E+00
 ELAPSED TIME=         26.15 s  REMAINING TIME=         31.76 s
 NC=  180700 T= 4.5175E+00 DT= 2.5000E-05 ERR=  0.0% DM/M= 0.0000E+00
 ELAPSED TIME=         26.16 s  REMAINING TIME=         31.75 s
 NC=  180800 T= 4.5200E+00 DT= 2.5000E-05 ERR= -0.0% DM/M= 0.0000E+00
 ELAPSED TIME=         26.18 s  REMAINING TIME=         31.74 s
 NC=  180900 T= 4.5225E+00 DT= 2.5000E-05 ERR=  0.0% DM/M= 0.0000E+00
 ELAPSED TIME=         26.19 s  REMAINING TIME=         31.72 s
 NC=  181000 T= 4.5250E+00 DT= 2.5000E-05 ERR= -0.0% DM/M= 0.0000E+00
 ELAPSED TIME=         26.20 s  REMAINING TIME=         31.71 s
 NC=  181100 T= 4.5275E+00 DT= 2.5000E-05 ERR=  0.0% DM/M= 0.0000E+00
 ELAPSED TIME=         26.22 s  REMAINING TIME=         31.69 s
 NC=  181200 T= 4.5300E+00 DT= 2.5000E-05 ERR= -0.0% DM/M= 0.0000E+00
 ELAPSED TIME=         26.23 s  REMAINING TIME=         31.68 s
 NC=  181300 T= 4.5325E+00 DT= 2.5000E-05 ERR=  0.0% DM/M= 0.0000E+00
 ELAPSED TIME=         26.25 s  REMAINING TIME=         31.66 s
 NC=  181400 T= 4.5350E+00 DT= 2.5000E-05 ERR= -0.0% DM/M= 0.0000E+00
 ELAPSED TIME=         26.26 s  REMAINING TIME=         31.65 s
 NC=  181500 T= 4.5375E+00 DT= 2.5000E-05 ERR=  0.0% DM/M= 0.0000E+00
 ELAPSED TIME=         26.28 s  REMAINING TIME=         31.63 s
 NC=  181600 T= 4.5400E+00 DT= 2.5000E-05 ERR= -0.0% DM/M= 0.0000E+00
 ELAPSED TIME=         26.29 s  REMAINING TIME=         31.62 s
 NC=  181700 T= 4.5425E+00 DT= 2.5000E-05 ERR=  0.0% DM/M= 0.0000E+00
 ELAPSED TIME=         26.31 s  REMAINING TIME=         31.60 s
 NC=  181800 T= 4.5450E+00 DT= 2.5000E-05 ERR= -0.0% DM/M= 0.0000E+00
 ELAPSED TIME=         26.32 s  REMAINING TIME=         31.59 s
 NC=  181900 T= 4.5475E+00 DT= 2.5000E-05 ERR=  0.0% DM/M= 0.0000E+00
 ELAPSED TIME=         26.33 s  REMAINING TIME=         31.57 s
 NC=  182000 T= 4.5500E+00 DT= 2.5000E-05 ERR= -0.0% DM/M= 0.0000E+00
 ELAPSED TIME=         26.35 s  REMAINING TIME=         31.56 s
 NC=  182100 T= 4.5525E+00 DT= 2.5000E-05 ERR=  0.0% DM/M= 0.0000E+00
 ELAPSED TIME=         26.36 s  REMAINING TIME=         31.55 s
 NC=  182200 T= 4.5550E+00 DT= 2.5000E-05 ERR= -0.0% DM/M= 0.0000E+00
 ELAPSED TIME=         26.38 s  REMAINING TIME=         31.53 s
 NC=  182300 T= 4.5575E+00 DT= 2.5000E-05 ERR=  0.0% DM/M= 0.0000E+00
 ELAPSED TIME=         26.39 s  REMAINING TIME=         31.52 s
 NC=  182400 T= 4.5600E+00 DT= 2.5000E-05 ERR= -0.0% DM/M= 0.0000E+00
 ELAPSED TIME=         26.41 s  REMAINING TIME=         31.50 s
 NC=  182500 T= 4.5625E+00 DT= 2.5000E-05 ERR=  0.0% DM/M= 0.0000E+00
 ELAPSED TIME=         26.42 s  REMAINING TIME=         31.49 s
 NC=  182600 T= 4.5650E+00 DT= 2.5000E-05 ERR= -0.0% DM/M= 0.0000E+00
 ELAPSED TIME=         26.44 s  REMAINING TIME=         31.47 s
 NC=  182700 T= 4.5675E+00 DT= 2.5000E-05 ERR=  0.0% DM/M= 0.0000E+00
 ELAPSED TIME=         26.45 s  REMAINING TIME=         31.46 s
 NC=  182800 T= 4.5700E+00 DT= 2.5000E-05 ERR= -0.0% DM/M= 0.0000E+00
 ELAPSED TIME=         26.46 s  REMAINING TIME=         31.44 s
 NC=  182900 T= 4.5725E+00 DT= 2.5000E-05 ERR=  0.0% DM/M= 0.0000E+00
 ELAPSED TIME=         26.48 s  REMAINING TIME=         31.43 s
 NC=  183000 T= 4.5750E+00 DT= 2.5000E-05 ERR= -0.0% DM/M= 0.0000E+00
 ELAPSED TIME=         26.49 s  REMAINING TIME=         31.42 s
 NC=  183100 T= 4.5775E+00 DT= 2.5000E-05 ERR=  0.0% DM/M= 0.0000E+00
 ELAPSED TIME=         26.51 s  REMAINING TIME=         31.40 s
 NC=  183200 T= 4.5800E+00 DT= 2.5000E-05 ERR= -0.0% DM/M= 0.0000E+00
 ELAPSED TIME=         26.52 s  REMAINING TIME=         31.39 s
 NC=  183300 T= 4.5825E+00 DT= 2.5000E-05 ERR=  0.0% DM/M= 0.0000E+00
 ELAPSED TIME=         26.54 s  REMAINING TIME=         31.37 s
 NC=  183400 T= 4.5850E+00 DT= 2.5000E-05 ERR= -0.0% DM/M= 0.0000E+00
 ELAPSED TIME=         26.55 s  REMAINING TIME=         31.36 s
 NC=  183500 T= 4.5875E+00 DT= 2.5000E-05 ERR=  0.0% DM/M= 0.0000E+00
 ELAPSED TIME=         26.57 s  REMAINING TIME=         31.34 s
 NC=  183600 T= 4.5900E+00 DT= 2.5000E-05 ERR= -0.0% DM/M= 0.0000E+00
 ELAPSED TIME=         26.58 s  REMAINING TIME=         31.33 s
 NC=  183700 T= 4.5925E+00 DT= 2.5000E-05 ERR=  0.0% DM/M= 0.0000E+00
 ELAPSED TIME=         26.59 s  REMAINING TIME=         31.31 s
 NC=  183800 T= 4.5950E+00 DT= 2.5000E-05 ERR= -0.0% DM/M= 0.0000E+00
 ELAPSED TIME=         26.61 s  REMAINING TIME=         31.30 s
 NC=  183900 T= 4.5975E+00 DT= 2.5000E-05 ERR=  0.0% DM/M= 0.0000E+00
 ELAPSED TIME=         26.62 s  REMAINING TIME=         31.28 s
 NC=  184000 T= 4.6000E+00 DT= 2.5000E-05 ERR= -0.0% DM/M= 0.0000E+00
 ELAPSED TIME=         26.64 s  REMAINING TIME=         31.27 s
 NC=  184100 T= 4.6025E+00 DT= 2.5000E-05 ERR=  0.0% DM/M= 0.0000E+00
 ELAPSED TIME=         26.65 s  REMAINING TIME=         31.26 s
 NC=  184200 T= 4.6050E+00 DT= 2.5000E-05 ERR= -0.0% DM/M= 0.0000E+00
 ELAPSED TIME=         26.67 s  REMAINING TIME=         31.24 s
 NC=  184300 T= 4.6075E+00 DT= 2.5000E-05 ERR=  0.0% DM/M= 0.0000E+00
 ELAPSED TIME=         26.68 s  REMAINING TIME=         31.23 s
 NC=  184400 T= 4.6100E+00 DT= 2.5000E-05 ERR= -0.0% DM/M= 0.0000E+00
 ELAPSED TIME=         26.70 s  REMAINING TIME=         31.21 s
 NC=  184500 T= 4.6125E+00 DT= 2.5000E-05 ERR=  0.0% DM/M= 0.0000E+00
 ELAPSED TIME=         26.71 s  REMAINING TIME=         31.20 s
 NC=  184600 T= 4.6150E+00 DT= 2.5000E-05 ERR= -0.0% DM/M= 0.0000E+00
 ELAPSED TIME=         26.72 s  REMAINING TIME=         31.18 s
 NC=  184700 T= 4.6175E+00 DT= 2.5000E-05 ERR=  0.0% DM/M= 0.0000E+00
 ELAPSED TIME=         26.74 s  REMAINING TIME=         31.17 s
 NC=  184800 T= 4.6200E+00 DT= 2.5000E-05 ERR= -0.0% DM/M= 0.0000E+00
 ELAPSED TIME=         26.75 s  REMAINING TIME=         31.15 s
 NC=  184900 T= 4.6225E+00 DT= 2.5000E-05 ERR=  0.0% DM/M= 0.0000E+00
 ELAPSED TIME=         26.77 s  REMAINING TIME=         31.14 s
 NC=  185000 T= 4.6250E+00 DT= 2.5000E-05 ERR= -0.0% DM/M= 0.0000E+00
 ELAPSED TIME=         26.78 s  REMAINING TIME=         31.12 s
 NC=  185100 T= 4.6275E+00 DT= 2.5000E-05 ERR=  0.0% DM/M= 0.0000E+00
 ELAPSED TIME=         26.80 s  REMAINING TIME=         31.11 s
 NC=  185200 T= 4.6300E+00 DT= 2.5000E-05 ERR= -0.0% DM/M= 0.0000E+00
 ELAPSED TIME=         26.81 s  REMAINING TIME=         31.10 s
 NC=  185300 T= 4.6325E+00 DT= 2.5000E-05 ERR=  0.0% DM/M= 0.0000E+00
 ELAPSED TIME=         26.82 s  REMAINING TIME=         31.08 s
 NC=  185400 T= 4.6350E+00 DT= 2.5000E-05 ERR= -0.0% DM/M= 0.0000E+00
 ELAPSED TIME=         26.84 s  REMAINING TIME=         31.07 s
 NC=  185500 T= 4.6375E+00 DT= 2.5000E-05 ERR=  0.0% DM/M= 0.0000E+00
 ELAPSED TIME=         26.85 s  REMAINING TIME=         31.05 s
 NC=  185600 T= 4.6400E+00 DT= 2.5000E-05 ERR= -0.0% DM/M= 0.0000E+00
 ELAPSED TIME=         26.87 s  REMAINING TIME=         31.04 s
 NC=  185700 T= 4.6425E+00 DT= 2.5000E-05 ERR=  0.0% DM/M= 0.0000E+00
 ELAPSED TIME=         26.88 s  REMAINING TIME=         31.02 s
 NC=  185800 T= 4.6450E+00 DT= 2.5000E-05 ERR= -0.0% DM/M= 0.0000E+00
 ELAPSED TIME=         26.90 s  REMAINING TIME=         31.01 s
 NC=  185900 T= 4.6475E+00 DT= 2.5000E-05 ERR=  0.0% DM/M= 0.0000E+00
 ELAPSED TIME=         26.91 s  REMAINING TIME=         30.99 s
 NC=  186000 T= 4.6500E+00 DT= 2.5000E-05 ERR= -0.0% DM/M= 0.0000E+00
 ELAPSED TIME=         26.93 s  REMAINING TIME=         30.98 s
 NC=  186100 T= 4.6525E+00 DT= 2.5000E-05 ERR=  0.0% DM/M= 0.0000E+00
 ELAPSED TIME=         26.94 s  REMAINING TIME=         30.96 s
 NC=  186200 T= 4.6550E+00 DT= 2.5000E-05 ERR= -0.0% DM/M= 0.0000E+00
 ELAPSED TIME=         26.96 s  REMAINING TIME=         30.95 s
 NC=  186300 T= 4.6575E+00 DT= 2.5000E-05 ERR=  0.0% DM/M= 0.0000E+00
 ELAPSED TIME=         26.97 s  REMAINING TIME=         30.94 s
 NC=  186400 T= 4.6600E+00 DT= 2.5000E-05 ERR= -0.0% DM/M= 0.0000E+00
 ELAPSED TIME=         26.99 s  REMAINING TIME=         30.93 s
 NC=  186500 T= 4.6625E+00 DT= 2.5000E-05 ERR=  0.0% DM/M= 0.0000E+00
 ELAPSED TIME=         27.01 s  REMAINING TIME=         30.92 s
 NC=  186600 T= 4.6650E+00 DT= 2.5000E-05 ERR= -0.0% DM/M= 0.0000E+00
 ELAPSED TIME=         27.03 s  REMAINING TIME=         30.91 s
 NC=  186700 T= 4.6675E+00 DT= 2.5000E-05 ERR=  0.0% DM/M= 0.0000E+00
 ELAPSED TIME=         27.05 s  REMAINING TIME=         30.90 s
 NC=  186800 T= 4.6700E+00 DT= 2.5000E-05 ERR= -0.0% DM/M= 0.0000E+00
 ELAPSED TIME=         27.07 s  REMAINING TIME=         30.90 s
 NC=  186900 T= 4.6725E+00 DT= 2.5000E-05 ERR=  0.0% DM/M= 0.0000E+00
 ELAPSED TIME=         27.10 s  REMAINING TIME=         30.90 s
 NC=  187000 T= 4.6750E+00 DT= 2.5000E-05 ERR= -0.0% DM/M= 0.0000E+00
 ELAPSED TIME=         27.12 s  REMAINING TIME=         30.90 s
 NC=  187100 T= 4.6775E+00 DT= 2.5000E-05 ERR=  0.0% DM/M= 0.0000E+00
 ELAPSED TIME=         27.15 s  REMAINING TIME=         30.89 s
 NC=  187200 T= 4.6800E+00 DT= 2.5000E-05 ERR= -0.0% DM/M= 0.0000E+00
 ELAPSED TIME=         27.18 s  REMAINING TIME=         30.89 s
 NC=  187300 T= 4.6825E+00 DT= 2.5000E-05 ERR=  0.0% DM/M= 0.0000E+00
 ELAPSED TIME=         27.20 s  REMAINING TIME=         30.89 s
 NC=  187400 T= 4.6850E+00 DT= 2.5000E-05 ERR= -0.0% DM/M= 0.0000E+00
 ELAPSED TIME=         27.23 s  REMAINING TIME=         30.89 s
 NC=  187500 T= 4.6875E+00 DT= 2.5000E-05 ERR=  0.0% DM/M= 0.0000E+00
 ELAPSED TIME=         27.25 s  REMAINING TIME=         30.89 s
 NC=  187600 T= 4.6900E+00 DT= 2.5000E-05 ERR= -0.0% DM/M= 0.0000E+00
 ELAPSED TIME=         27.28 s  REMAINING TIME=         30.88 s
 NC=  187700 T= 4.6925E+00 DT= 2.5000E-05 ERR=  0.0% DM/M= 0.0000E+00
 ELAPSED TIME=         27.30 s  REMAINING TIME=         30.88 s
 NC=  187800 T= 4.6950E+00 DT= 2.5000E-05 ERR= -0.0% DM/M= 0.0000E+00
 ELAPSED TIME=         27.33 s  REMAINING TIME=         30.88 s
 NC=  187900 T= 4.6975E+00 DT= 2.5000E-05 ERR=  0.0% DM/M= 0.0000E+00
 ELAPSED TIME=         27.35 s  REMAINING TIME=         30.88 s
 NC=  188000 T= 4.7000E+00 DT= 2.5000E-05 ERR= -0.0% DM/M= 0.0000E+00
 ELAPSED TIME=         27.38 s  REMAINING TIME=         30.88 s
 NC=  188100 T= 4.7025E+00 DT= 2.5000E-05 ERR=  0.0% DM/M= 0.0000E+00
 ELAPSED TIME=         27.41 s  REMAINING TIME=         30.87 s
 NC=  188200 T= 4.7050E+00 DT= 2.5000E-05 ERR= -0.0% DM/M= 0.0000E+00
 ELAPSED TIME=         27.43 s  REMAINING TIME=         30.87 s
 NC=  188300 T= 4.7075E+00 DT= 2.5000E-05 ERR=  0.0% DM/M= 0.0000E+00
 ELAPSED TIME=         27.46 s  REMAINING TIME=         30.87 s
 NC=  188400 T= 4.7100E+00 DT= 2.5000E-05 ERR= -0.0% DM/M= 0.0000E+00
 ELAPSED TIME=         27.48 s  REMAINING TIME=         30.87 s
 NC=  188500 T= 4.7125E+00 DT= 2.5000E-05 ERR=  0.0% DM/M= 0.0000E+00
 ELAPSED TIME=         27.51 s  REMAINING TIME=         30.87 s
 NC=  188600 T= 4.7150E+00 DT= 2.5000E-05 ERR= -0.0% DM/M= 0.0000E+00
 ELAPSED TIME=         27.53 s  REMAINING TIME=         30.86 s
 NC=  188700 T= 4.7175E+00 DT= 2.5000E-05 ERR=  0.0% DM/M= 0.0000E+00
 ELAPSED TIME=         27.56 s  REMAINING TIME=         30.86 s
 NC=  188800 T= 4.7200E+00 DT= 2.5000E-05 ERR= -0.0% DM/M= 0.0000E+00
 ELAPSED TIME=         27.59 s  REMAINING TIME=         30.86 s
 NC=  188900 T= 4.7225E+00 DT= 2.5000E-05 ERR=  0.0% DM/M= 0.0000E+00
 ELAPSED TIME=         27.61 s  REMAINING TIME=         30.86 s
 NC=  189000 T= 4.7250E+00 DT= 2.5000E-05 ERR= -0.0% DM/M= 0.0000E+00
 ELAPSED TIME=         27.64 s  REMAINING TIME=         30.85 s
 NC=  189100 T= 4.7275E+00 DT= 2.5000E-05 ERR=  0.0% DM/M= 0.0000E+00
 ELAPSED TIME=         27.66 s  REMAINING TIME=         30.85 s
 NC=  189200 T= 4.7300E+00 DT= 2.5000E-05 ERR= -0.0% DM/M= 0.0000E+00
 ELAPSED TIME=         27.69 s  REMAINING TIME=         30.85 s
 NC=  189300 T= 4.7325E+00 DT= 2.5000E-05 ERR=  0.0% DM/M= 0.0000E+00
 ELAPSED TIME=         27.71 s  REMAINING TIME=         30.84 s
 NC=  189400 T= 4.7350E+00 DT= 2.5000E-05 ERR= -0.0% DM/M= 0.0000E+00
 ELAPSED TIME=         27.73 s  REMAINING TIME=         30.84 s
 NC=  189500 T= 4.7375E+00 DT= 2.5000E-05 ERR=  0.0% DM/M= 0.0000E+00
 ELAPSED TIME=         27.76 s  REMAINING TIME=         30.83 s
 NC=  189600 T= 4.7400E+00 DT= 2.5000E-05 ERR= -0.0% DM/M= 0.0000E+00
 ELAPSED TIME=         27.78 s  REMAINING TIME=         30.83 s
 NC=  189700 T= 4.7425E+00 DT= 2.5000E-05 ERR=  0.0% DM/M= 0.0000E+00
 ELAPSED TIME=         27.81 s  REMAINING TIME=         30.83 s
 NC=  189800 T= 4.7450E+00 DT= 2.5000E-05 ERR= -0.0% DM/M= 0.0000E+00
 ELAPSED TIME=         27.83 s  REMAINING TIME=         30.83 s
 NC=  189900 T= 4.7475E+00 DT= 2.5000E-05 ERR=  0.0% DM/M= 0.0000E+00
 ELAPSED TIME=         27.86 s  REMAINING TIME=         30.82 s
 NC=  190000 T= 4.7500E+00 DT= 2.5000E-05 ERR= -0.0% DM/M= 0.0000E+00
 ELAPSED TIME=         27.89 s  REMAINING TIME=         30.82 s
     ANIMATION FILE: A23_w1_REFERENCE_ROTATION_YA020 WRITTEN
 NC=  190100 T= 4.7525E+00 DT= 2.5000E-05 ERR=  0.0% DM/M= 0.0000E+00
 ELAPSED TIME=         27.91 s  REMAINING TIME=         30.82 s
 NC=  190200 T= 4.7550E+00 DT= 2.5000E-05 ERR= -0.0% DM/M= 0.0000E+00
 ELAPSED TIME=         27.94 s  REMAINING TIME=         30.82 s
 NC=  190300 T= 4.7575E+00 DT= 2.5000E-05 ERR=  0.0% DM/M= 0.0000E+00
 ELAPSED TIME=         27.96 s  REMAINING TIME=         30.81 s
 NC=  190400 T= 4.7600E+00 DT= 2.5000E-05 ERR= -0.0% DM/M= 0.0000E+00
 ELAPSED TIME=         27.99 s  REMAINING TIME=         30.81 s
 NC=  190500 T= 4.7625E+00 DT= 2.5000E-05 ERR=  0.0% DM/M= 0.0000E+00
 ELAPSED TIME=         28.01 s  REMAINING TIME=         30.81 s
 NC=  190600 T= 4.7650E+00 DT= 2.5000E-05 ERR= -0.0% DM/M= 0.0000E+00
 ELAPSED TIME=         28.04 s  REMAINING TIME=         30.81 s
 NC=  190700 T= 4.7675E+00 DT= 2.5000E-05 ERR=  0.0% DM/M= 0.0000E+00
 ELAPSED TIME=         28.07 s  REMAINING TIME=         30.80 s
 NC=  190800 T= 4.7700E+00 DT= 2.5000E-05 ERR= -0.0% DM/M= 0.0000E+00
 ELAPSED TIME=         28.09 s  REMAINING TIME=         30.80 s
 NC=  190900 T= 4.7725E+00 DT= 2.5000E-05 ERR=  0.0% DM/M= 0.0000E+00
 ELAPSED TIME=         28.12 s  REMAINING TIME=         30.80 s
 NC=  191000 T= 4.7750E+00 DT= 2.5000E-05 ERR= -0.0% DM/M= 0.0000E+00
 ELAPSED TIME=         28.14 s  REMAINING TIME=         30.79 s
 NC=  191100 T= 4.7775E+00 DT= 2.5000E-05 ERR=  0.0% DM/M= 0.0000E+00
 ELAPSED TIME=         28.17 s  REMAINING TIME=         30.79 s
 NC=  191200 T= 4.7800E+00 DT= 2.5000E-05 ERR= -0.0% DM/M= 0.0000E+00
 ELAPSED TIME=         28.19 s  REMAINING TIME=         30.79 s
 NC=  191300 T= 4.7825E+00 DT= 2.5000E-05 ERR=  0.0% DM/M= 0.0000E+00
 ELAPSED TIME=         28.22 s  REMAINING TIME=         30.79 s
 NC=  191400 T= 4.7850E+00 DT= 2.5000E-05 ERR= -0.0% DM/M= 0.0000E+00
 ELAPSED TIME=         28.24 s  REMAINING TIME=         30.78 s
 NC=  191500 T= 4.7875E+00 DT= 2.5000E-05 ERR=  0.0% DM/M= 0.0000E+00
 ELAPSED TIME=         28.27 s  REMAINING TIME=         30.78 s
 NC=  191600 T= 4.7900E+00 DT= 2.5000E-05 ERR= -0.0% DM/M= 0.0000E+00
 ELAPSED TIME=         28.30 s  REMAINING TIME=         30.78 s
 NC=  191700 T= 4.7925E+00 DT= 2.5000E-05 ERR=  0.0% DM/M= 0.0000E+00
 ELAPSED TIME=         28.32 s  REMAINING TIME=         30.77 s
 NC=  191800 T= 4.7950E+00 DT= 2.5000E-05 ERR= -0.0% DM/M= 0.0000E+00
 ELAPSED TIME=         28.35 s  REMAINING TIME=         30.77 s
 NC=  191900 T= 4.7975E+00 DT= 2.5000E-05 ERR=  0.0% DM/M= 0.0000E+00
 ELAPSED TIME=         28.37 s  REMAINING TIME=         30.77 s
 NC=  192000 T= 4.8000E+00 DT= 2.5000E-05 ERR= -0.0% DM/M= 0.0000E+00
 ELAPSED TIME=         28.39 s  REMAINING TIME=         30.76 s
 NC=  192100 T= 4.8025E+00 DT= 2.5000E-05 ERR=  0.0% DM/M= 0.0000E+00
 ELAPSED TIME=         28.41 s  REMAINING TIME=         30.74 s
 NC=  192200 T= 4.8050E+00 DT= 2.5000E-05 ERR= -0.0% DM/M= 0.0000E+00
 ELAPSED TIME=         28.43 s  REMAINING TIME=         30.73 s
 NC=  192300 T= 4.8075E+00 DT= 2.5000E-05 ERR=  0.0% DM/M= 0.0000E+00
 ELAPSED TIME=         28.45 s  REMAINING TIME=         30.72 s
 NC=  192400 T= 4.8100E+00 DT= 2.5000E-05 ERR= -0.0% DM/M= 0.0000E+00
 ELAPSED TIME=         28.47 s  REMAINING TIME=         30.72 s
 NC=  192500 T= 4.8125E+00 DT= 2.5000E-05 ERR=  0.0% DM/M= 0.0000E+00
 ELAPSED TIME=         28.50 s  REMAINING TIME=         30.72 s
 NC=  192600 T= 4.8150E+00 DT= 2.5000E-05 ERR= -0.0% DM/M= 0.0000E+00
 ELAPSED TIME=         28.52 s  REMAINING TIME=         30.71 s
 NC=  192700 T= 4.8175E+00 DT= 2.5000E-05 ERR=  0.0% DM/M= 0.0000E+00
 ELAPSED TIME=         28.55 s  REMAINING TIME=         30.71 s
 NC=  192800 T= 4.8200E+00 DT= 2.5000E-05 ERR= -0.0% DM/M= 0.0000E+00
 ELAPSED TIME=         28.57 s  REMAINING TIME=         30.71 s
 NC=  192900 T= 4.8225E+00 DT= 2.5000E-05 ERR=  0.0% DM/M= 0.0000E+00
 ELAPSED TIME=         28.60 s  REMAINING TIME=         30.70 s
 NC=  193000 T= 4.8250E+00 DT= 2.5000E-05 ERR= -0.0% DM/M= 0.0000E+00
 ELAPSED TIME=         28.62 s  REMAINING TIME=         30.70 s
 NC=  193100 T= 4.8275E+00 DT= 2.5000E-05 ERR=  0.0% DM/M= 0.0000E+00
 ELAPSED TIME=         28.65 s  REMAINING TIME=         30.69 s
 NC=  193200 T= 4.8300E+00 DT= 2.5000E-05 ERR= -0.0% DM/M= 0.0000E+00
 ELAPSED TIME=         28.67 s  REMAINING TIME=         30.69 s
 NC=  193300 T= 4.8325E+00 DT= 2.5000E-05 ERR=  0.0% DM/M= 0.0000E+00
 ELAPSED TIME=         28.70 s  REMAINING TIME=         30.69 s
 NC=  193400 T= 4.8350E+00 DT= 2.5000E-05 ERR= -0.0% DM/M= 0.0000E+00
 ELAPSED TIME=         28.72 s  REMAINING TIME=         30.68 s
 NC=  193500 T= 4.8375E+00 DT= 2.5000E-05 ERR=  0.0% DM/M= 0.0000E+00
 ELAPSED TIME=         28.75 s  REMAINING TIME=         30.68 s
 NC=  193600 T= 4.8400E+00 DT= 2.5000E-05 ERR= -0.0% DM/M= 0.0000E+00
 ELAPSED TIME=         28.77 s  REMAINING TIME=         30.68 s
 NC=  193700 T= 4.8425E+00 DT= 2.5000E-05 ERR=  0.0% DM/M= 0.0000E+00
 ELAPSED TIME=         28.80 s  REMAINING TIME=         30.67 s
 NC=  193800 T= 4.8450E+00 DT= 2.5000E-05 ERR= -0.0% DM/M= 0.0000E+00
 ELAPSED TIME=         28.82 s  REMAINING TIME=         30.67 s
 NC=  193900 T= 4.8475E+00 DT= 2.5000E-05 ERR=  0.0% DM/M= 0.0000E+00
 ELAPSED TIME=         28.85 s  REMAINING TIME=         30.66 s
 NC=  194000 T= 4.8500E+00 DT= 2.5000E-05 ERR= -0.0% DM/M= 0.0000E+00
 ELAPSED TIME=         28.88 s  REMAINING TIME=         30.66 s
 NC=  194100 T= 4.8525E+00 DT= 2.5000E-05 ERR=  0.0% DM/M= 0.0000E+00
 ELAPSED TIME=         28.90 s  REMAINING TIME=         30.66 s
 NC=  194200 T= 4.8550E+00 DT= 2.5000E-05 ERR= -0.0% DM/M= 0.0000E+00
 ELAPSED TIME=         28.93 s  REMAINING TIME=         30.65 s
 NC=  194300 T= 4.8575E+00 DT= 2.5000E-05 ERR=  0.0% DM/M= 0.0000E+00
 ELAPSED TIME=         28.95 s  REMAINING TIME=         30.65 s
 NC=  194400 T= 4.8600E+00 DT= 2.5000E-05 ERR= -0.0% DM/M= 0.0000E+00
 ELAPSED TIME=         28.98 s  REMAINING TIME=         30.65 s
 NC=  194500 T= 4.8625E+00 DT= 2.5000E-05 ERR=  0.0% DM/M= 0.0000E+00
 ELAPSED TIME=         29.00 s  REMAINING TIME=         30.64 s
 NC=  194600 T= 4.8650E+00 DT= 2.5000E-05 ERR= -0.0% DM/M= 0.0000E+00
 ELAPSED TIME=         29.03 s  REMAINING TIME=         30.64 s
 NC=  194700 T= 4.8675E+00 DT= 2.5000E-05 ERR=  0.0% DM/M= 0.0000E+00
 ELAPSED TIME=         29.05 s  REMAINING TIME=         30.63 s
 NC=  194800 T= 4.8700E+00 DT= 2.5000E-05 ERR= -0.0% DM/M= 0.0000E+00
 ELAPSED TIME=         29.08 s  REMAINING TIME=         30.63 s
 NC=  194900 T= 4.8725E+00 DT= 2.5000E-05 ERR=  0.0% DM/M= 0.0000E+00
 ELAPSED TIME=         29.10 s  REMAINING TIME=         30.63 s
 NC=  195000 T= 4.8750E+00 DT= 2.5000E-05 ERR= -0.0% DM/M= 0.0000E+00
 ELAPSED TIME=         29.13 s  REMAINING TIME=         30.62 s
 NC=  195100 T= 4.8775E+00 DT= 2.5000E-05 ERR=  0.0% DM/M= 0.0000E+00
 ELAPSED TIME=         29.15 s  REMAINING TIME=         30.62 s
 NC=  195200 T= 4.8800E+00 DT= 2.5000E-05 ERR= -0.0% DM/M= 0.0000E+00
 ELAPSED TIME=         29.18 s  REMAINING TIME=         30.61 s
 NC=  195300 T= 4.8825E+00 DT= 2.5000E-05 ERR=  0.0% DM/M= 0.0000E+00
 ELAPSED TIME=         29.20 s  REMAINING TIME=         30.60 s
 NC=  195400 T= 4.8850E+00 DT= 2.5000E-05 ERR= -0.0% DM/M= 0.0000E+00
 ELAPSED TIME=         29.21 s  REMAINING TIME=         30.59 s
 NC=  195500 T= 4.8875E+00 DT= 2.5000E-05 ERR=  0.0% DM/M= 0.0000E+00
 ELAPSED TIME=         29.23 s  REMAINING TIME=         30.57 s
 NC=  195600 T= 4.8900E+00 DT= 2.5000E-05 ERR= -0.0% DM/M= 0.0000E+00
 ELAPSED TIME=         29.24 s  REMAINING TIME=         30.56 s
 NC=  195700 T= 4.8925E+00 DT= 2.5000E-05 ERR=  0.0% DM/M= 0.0000E+00
 ELAPSED TIME=         29.26 s  REMAINING TIME=         30.54 s
 NC=  195800 T= 4.8950E+00 DT= 2.5000E-05 ERR= -0.0% DM/M= 0.0000E+00
 ELAPSED TIME=         29.27 s  REMAINING TIME=         30.53 s
 NC=  195900 T= 4.8975E+00 DT= 2.5000E-05 ERR=  0.0% DM/M= 0.0000E+00
 ELAPSED TIME=         29.29 s  REMAINING TIME=         30.51 s
 NC=  196000 T= 4.9000E+00 DT= 2.5000E-05 ERR= -0.0% DM/M= 0.0000E+00
 ELAPSED TIME=         29.30 s  REMAINING TIME=         30.50 s
 NC=  196100 T= 4.9025E+00 DT= 2.5000E-05 ERR=  0.0% DM/M= 0.0000E+00
 ELAPSED TIME=         29.31 s  REMAINING TIME=         30.48 s
 NC=  196200 T= 4.9050E+00 DT= 2.5000E-05 ERR= -0.0% DM/M= 0.0000E+00
 ELAPSED TIME=         29.33 s  REMAINING TIME=         30.47 s
 NC=  196300 T= 4.9075E+00 DT= 2.5000E-05 ERR=  0.0% DM/M= 0.0000E+00
 ELAPSED TIME=         29.34 s  REMAINING TIME=         30.45 s
 NC=  196400 T= 4.9100E+00 DT= 2.5000E-05 ERR= -0.0% DM/M= 0.0000E+00
 ELAPSED TIME=         29.36 s  REMAINING TIME=         30.43 s
 NC=  196500 T= 4.9125E+00 DT= 2.5000E-05 ERR=  0.0% DM/M= 0.0000E+00
 ELAPSED TIME=         29.37 s  REMAINING TIME=         30.42 s
 NC=  196600 T= 4.9150E+00 DT= 2.5000E-05 ERR= -0.0% DM/M= 0.0000E+00
 ELAPSED TIME=         29.39 s  REMAINING TIME=         30.40 s
 NC=  196700 T= 4.9175E+00 DT= 2.5000E-05 ERR=  0.0% DM/M= 0.0000E+00
 ELAPSED TIME=         29.40 s  REMAINING TIME=         30.39 s
 NC=  196800 T= 4.9200E+00 DT= 2.5000E-05 ERR= -0.0% DM/M= 0.0000E+00
 ELAPSED TIME=         29.42 s  REMAINING TIME=         30.37 s
 NC=  196900 T= 4.9225E+00 DT= 2.5000E-05 ERR=  0.0% DM/M= 0.0000E+00
 ELAPSED TIME=         29.43 s  REMAINING TIME=         30.36 s
 NC=  197000 T= 4.9250E+00 DT= 2.5000E-05 ERR= -0.0% DM/M= 0.0000E+00
 ELAPSED TIME=         29.45 s  REMAINING TIME=         30.34 s
 NC=  197100 T= 4.9275E+00 DT= 2.5000E-05 ERR=  0.0% DM/M= 0.0000E+00
 ELAPSED TIME=         29.46 s  REMAINING TIME=         30.33 s
 NC=  197200 T= 4.9300E+00 DT= 2.5000E-05 ERR= -0.0% DM/M= 0.0000E+00
 ELAPSED TIME=         29.47 s  REMAINING TIME=         30.31 s
 NC=  197300 T= 4.9325E+00 DT= 2.5000E-05 ERR=  0.0% DM/M= 0.0000E+00
 ELAPSED TIME=         29.49 s  REMAINING TIME=         30.30 s
 NC=  197400 T= 4.9350E+00 DT= 2.5000E-05 ERR= -0.0% DM/M= 0.0000E+00
 ELAPSED TIME=         29.50 s  REMAINING TIME=         30.28 s
 NC=  197500 T= 4.9375E+00 DT= 2.5000E-05 ERR=  0.0% DM/M= 0.0000E+00
 ELAPSED TIME=         29.52 s  REMAINING TIME=         30.27 s
 NC=  197600 T= 4.9400E+00 DT= 2.5000E-05 ERR= -0.0% DM/M= 0.0000E+00
 ELAPSED TIME=         29.53 s  REMAINING TIME=         30.25 s
 NC=  197700 T= 4.9425E+00 DT= 2.5000E-05 ERR=  0.0% DM/M= 0.0000E+00
 ELAPSED TIME=         29.55 s  REMAINING TIME=         30.23 s
 NC=  197800 T= 4.9450E+00 DT= 2.5000E-05 ERR= -0.0% DM/M= 0.0000E+00
 ELAPSED TIME=         29.56 s  REMAINING TIME=         30.22 s
 NC=  197900 T= 4.9475E+00 DT= 2.5000E-05 ERR=  0.0% DM/M= 0.0000E+00
 ELAPSED TIME=         29.58 s  REMAINING TIME=         30.20 s
 NC=  198000 T= 4.9500E+00 DT= 2.5000E-05 ERR= -0.0% DM/M= 0.0000E+00
 ELAPSED TIME=         29.59 s  REMAINING TIME=         30.19 s
 NC=  198100 T= 4.9525E+00 DT= 2.5000E-05 ERR=  0.0% DM/M= 0.0000E+00
 ELAPSED TIME=         29.60 s  REMAINING TIME=         30.17 s
 NC=  198200 T= 4.9550E+00 DT= 2.5000E-05 ERR= -0.0% DM/M= 0.0000E+00
 ELAPSED TIME=         29.62 s  REMAINING TIME=         30.16 s
 NC=  198300 T= 4.9575E+00 DT= 2.5000E-05 ERR=  0.0% DM/M= 0.0000E+00
 ELAPSED TIME=         29.63 s  REMAINING TIME=         30.14 s
 NC=  198400 T= 4.9600E+00 DT= 2.5000E-05 ERR= -0.0% DM/M= 0.0000E+00
 ELAPSED TIME=         29.65 s  REMAINING TIME=         30.13 s
 NC=  198500 T= 4.9625E+00 DT= 2.5000E-05 ERR=  0.0% DM/M= 0.0000E+00
 ELAPSED TIME=         29.66 s  REMAINING TIME=         30.11 s
 NC=  198600 T= 4.9650E+00 DT= 2.5000E-05 ERR= -0.0% DM/M= 0.0000E+00
 ELAPSED TIME=         29.68 s  REMAINING TIME=         30.10 s
 NC=  198700 T= 4.9675E+00 DT= 2.5000E-05 ERR=  0.0% DM/M= 0.0000E+00
 ELAPSED TIME=         29.69 s  REMAINING TIME=         30.08 s
 NC=  198800 T= 4.9700E+00 DT= 2.5000E-05 ERR= -0.0% DM/M= 0.0000E+00
 ELAPSED TIME=         29.71 s  REMAINING TIME=         30.06 s
 NC=  198900 T= 4.9725E+00 DT= 2.5000E-05 ERR=  0.0% DM/M= 0.0000E+00
 ELAPSED TIME=         29.72 s  REMAINING TIME=         30.05 s
 NC=  199000 T= 4.9750E+00 DT= 2.5000E-05 ERR= -0.0% DM/M= 0.0000E+00
 ELAPSED TIME=         29.74 s  REMAINING TIME=         30.03 s
 NC=  199100 T= 4.9775E+00 DT= 2.5000E-05 ERR=  0.0% DM/M= 0.0000E+00
 ELAPSED TIME=         29.75 s  REMAINING TIME=         30.02 s
 NC=  199200 T= 4.9800E+00 DT= 2.5000E-05 ERR= -0.0% DM/M= 0.0000E+00
 ELAPSED TIME=         29.76 s  REMAINING TIME=         30.00 s
 NC=  199300 T= 4.9825E+00 DT= 2.5000E-05 ERR=  0.0% DM/M= 0.0000E+00
 ELAPSED TIME=         29.78 s  REMAINING TIME=         29.99 s
 NC=  199400 T= 4.9850E+00 DT= 2.5000E-05 ERR= -0.0% DM/M= 0.0000E+00
 ELAPSED TIME=         29.79 s  REMAINING TIME=         29.97 s
 NC=  199500 T= 4.9875E+00 DT= 2.5000E-05 ERR=  0.0% DM/M= 0.0000E+00
 ELAPSED TIME=         29.81 s  REMAINING TIME=         29.96 s
 NC=  199600 T= 4.9900E+00 DT= 2.5000E-05 ERR= -0.0% DM/M= 0.0000E+00
 ELAPSED TIME=         29.82 s  REMAINING TIME=         29.94 s
 NC=  199700 T= 4.9925E+00 DT= 2.5000E-05 ERR=  0.0% DM/M= 0.0000E+00
 ELAPSED TIME=         29.85 s  REMAINING TIME=         29.94 s
 NC=  199800 T= 4.9950E+00 DT= 2.5000E-05 ERR= -0.0% DM/M= 0.0000E+00
 ELAPSED TIME=         29.87 s  REMAINING TIME=         29.93 s
 NC=  199900 T= 4.9975E+00 DT= 2.5000E-05 ERR=  0.0% DM/M= 0.0000E+00
 ELAPSED TIME=         29.89 s  REMAINING TIME=         29.92 s
 NC=  200000 T= 5.0000E+00 DT= 2.5000E-05 ERR= -0.0% DM/M= 0.0000E+00
 ELAPSED TIME=         29.91 s  REMAINING TIME=         29.91 s
     ANIMATION FILE: A23_w1_REFERENCE_ROTATION_YA021 WRITTEN
 NC=  200100 T= 5.0025E+00 DT= 2.5000E-05 ERR=  0.0% DM/M= 0.0000E+00
 ELAPSED TIME=         29.94 s  REMAINING TIME=         29.91 s
 NC=  200200 T= 5.0050E+00 DT= 2.5000E-05 ERR= -0.0% DM/M= 0.0000E+00
 ELAPSED TIME=         29.96 s  REMAINING TIME=         29.90 s
 NC=  200300 T= 5.0075E+00 DT= 2.5000E-05 ERR=  0.0% DM/M= 0.0000E+00
 ELAPSED TIME=         29.98 s  REMAINING TIME=         29.89 s
 NC=  200400 T= 5.0100E+00 DT= 2.5000E-05 ERR= -0.0% DM/M= 0.0000E+00
 ELAPSED TIME=         30.01 s  REMAINING TIME=         29.89 s
 NC=  200500 T= 5.0125E+00 DT= 2.5000E-05 ERR=  0.0% DM/M= 0.0000E+00
 ELAPSED TIME=         30.04 s  REMAINING TIME=         29.89 s
 NC=  200600 T= 5.0150E+00 DT= 2.5000E-05 ERR= -0.0% DM/M= 0.0000E+00
 ELAPSED TIME=         30.06 s  REMAINING TIME=         29.88 s
 NC=  200700 T= 5.0175E+00 DT= 2.5000E-05 ERR=  0.0% DM/M= 0.0000E+00
 ELAPSED TIME=         30.09 s  REMAINING TIME=         29.88 s
 NC=  200800 T= 5.0200E+00 DT= 2.5000E-05 ERR= -0.0% DM/M= 0.0000E+00
 ELAPSED TIME=         30.11 s  REMAINING TIME=         29.87 s
 NC=  200900 T= 5.0225E+00 DT= 2.5000E-05 ERR=  0.0% DM/M= 0.0000E+00
 ELAPSED TIME=         30.14 s  REMAINING TIME=         29.87 s
 NC=  201000 T= 5.0250E+00 DT= 2.5000E-05 ERR= -0.0% DM/M= 0.0000E+00
 ELAPSED TIME=         30.16 s  REMAINING TIME=         29.86 s
 NC=  201100 T= 5.0275E+00 DT= 2.5000E-05 ERR=  0.0% DM/M= 0.0000E+00
 ELAPSED TIME=         30.19 s  REMAINING TIME=         29.86 s
 NC=  201200 T= 5.0300E+00 DT= 2.5000E-05 ERR= -0.0% DM/M= 0.0000E+00
 ELAPSED TIME=         30.21 s  REMAINING TIME=         29.85 s
 NC=  201300 T= 5.0325E+00 DT= 2.5000E-05 ERR=  0.0% DM/M= 0.0000E+00
 ELAPSED TIME=         30.24 s  REMAINING TIME=         29.85 s
 NC=  201400 T= 5.0350E+00 DT= 2.5000E-05 ERR= -0.0% DM/M= 0.0000E+00
 ELAPSED TIME=         30.26 s  REMAINING TIME=         29.84 s
 NC=  201500 T= 5.0375E+00 DT= 2.5000E-05 ERR=  0.0% DM/M= 0.0000E+00
 ELAPSED TIME=         30.29 s  REMAINING TIME=         29.84 s
 NC=  201600 T= 5.0400E+00 DT= 2.5000E-05 ERR= -0.0% DM/M= 0.0000E+00
 ELAPSED TIME=         30.31 s  REMAINING TIME=         29.83 s
 NC=  201700 T= 5.0425E+00 DT= 2.5000E-05 ERR=  0.0% DM/M= 0.0000E+00
 ELAPSED TIME=         30.34 s  REMAINING TIME=         29.83 s
 NC=  201800 T= 5.0450E+00 DT= 2.5000E-05 ERR= -0.0% DM/M= 0.0000E+00
 ELAPSED TIME=         30.36 s  REMAINING TIME=         29.82 s
 NC=  201900 T= 5.0475E+00 DT= 2.5000E-05 ERR=  0.0% DM/M= 0.0000E+00
 ELAPSED TIME=         30.39 s  REMAINING TIME=         29.82 s
 NC=  202000 T= 5.0500E+00 DT= 2.5000E-05 ERR= -0.0% DM/M= 0.0000E+00
 ELAPSED TIME=         30.41 s  REMAINING TIME=         29.81 s
 NC=  202100 T= 5.0525E+00 DT= 2.5000E-05 ERR=  0.0% DM/M= 0.0000E+00
 ELAPSED TIME=         30.44 s  REMAINING TIME=         29.81 s
 NC=  202200 T= 5.0550E+00 DT= 2.5000E-05 ERR= -0.0% DM/M= 0.0000E+00
 ELAPSED TIME=         30.47 s  REMAINING TIME=         29.80 s
 NC=  202300 T= 5.0575E+00 DT= 2.5000E-05 ERR=  0.0% DM/M= 0.0000E+00
 ELAPSED TIME=         30.49 s  REMAINING TIME=         29.80 s
 NC=  202400 T= 5.0600E+00 DT= 2.5000E-05 ERR= -0.0% DM/M= 0.0000E+00
 ELAPSED TIME=         30.52 s  REMAINING TIME=         29.79 s
 NC=  202500 T= 5.0625E+00 DT= 2.5000E-05 ERR=  0.0% DM/M= 0.0000E+00
 ELAPSED TIME=         30.54 s  REMAINING TIME=         29.79 s
 NC=  202600 T= 5.0650E+00 DT= 2.5000E-05 ERR= -0.0% DM/M= 0.0000E+00
 ELAPSED TIME=         30.57 s  REMAINING TIME=         29.78 s
 NC=  202700 T= 5.0675E+00 DT= 2.5000E-05 ERR=  0.0% DM/M= 0.0000E+00
 ELAPSED TIME=         30.59 s  REMAINING TIME=         29.78 s
 NC=  202800 T= 5.0700E+00 DT= 2.5000E-05 ERR= -0.0% DM/M= 0.0000E+00
 ELAPSED TIME=         30.62 s  REMAINING TIME=         29.77 s
 NC=  202900 T= 5.0725E+00 DT= 2.5000E-05 ERR=  0.0% DM/M= 0.0000E+00
 ELAPSED TIME=         30.64 s  REMAINING TIME=         29.77 s
 NC=  203000 T= 5.0750E+00 DT= 2.5000E-05 ERR= -0.0% DM/M= 0.0000E+00
 ELAPSED TIME=         30.67 s  REMAINING TIME=         29.76 s
 NC=  203100 T= 5.0775E+00 DT= 2.5000E-05 ERR=  0.0% DM/M= 0.0000E+00
 ELAPSED TIME=         30.69 s  REMAINING TIME=         29.76 s
 NC=  203200 T= 5.0800E+00 DT= 2.5000E-05 ERR= -0.0% DM/M= 0.0000E+00
 ELAPSED TIME=         30.72 s  REMAINING TIME=         29.75 s
 NC=  203300 T= 5.0825E+00 DT= 2.5000E-05 ERR=  0.0% DM/M= 0.0000E+00
 ELAPSED TIME=         30.74 s  REMAINING TIME=         29.75 s
 NC=  203400 T= 5.0850E+00 DT= 2.5000E-05 ERR= -0.0% DM/M= 0.0000E+00
 ELAPSED TIME=         30.77 s  REMAINING TIME=         29.74 s
 NC=  203500 T= 5.0875E+00 DT= 2.5000E-05 ERR=  0.0% DM/M= 0.0000E+00
 ELAPSED TIME=         30.79 s  REMAINING TIME=         29.73 s
 NC=  203600 T= 5.0900E+00 DT= 2.5000E-05 ERR= -0.0% DM/M= 0.0000E+00
 ELAPSED TIME=         30.82 s  REMAINING TIME=         29.73 s
 NC=  203700 T= 5.0925E+00 DT= 2.5000E-05 ERR=  0.0% DM/M= 0.0000E+00
 ELAPSED TIME=         30.84 s  REMAINING TIME=         29.72 s
 NC=  203800 T= 5.0950E+00 DT= 2.5000E-05 ERR= -0.0% DM/M= 0.0000E+00
 ELAPSED TIME=         30.87 s  REMAINING TIME=         29.72 s
 NC=  203900 T= 5.0975E+00 DT= 2.5000E-05 ERR=  0.0% DM/M= 0.0000E+00
 ELAPSED TIME=         30.89 s  REMAINING TIME=         29.71 s
 NC=  204000 T= 5.1000E+00 DT= 2.5000E-05 ERR= -0.0% DM/M= 0.0000E+00
 ELAPSED TIME=         30.92 s  REMAINING TIME=         29.71 s
 NC=  204100 T= 5.1025E+00 DT= 2.5000E-05 ERR=  0.0% DM/M= 0.0000E+00
 ELAPSED TIME=         30.95 s  REMAINING TIME=         29.70 s
 NC=  204200 T= 5.1050E+00 DT= 2.5000E-05 ERR= -0.0% DM/M= 0.0000E+00
 ELAPSED TIME=         30.97 s  REMAINING TIME=         29.70 s
 NC=  204300 T= 5.1075E+00 DT= 2.5000E-05 ERR=  0.0% DM/M= 0.0000E+00
 ELAPSED TIME=         31.00 s  REMAINING TIME=         29.69 s
 NC=  204400 T= 5.1100E+00 DT= 2.5000E-05 ERR= -0.0% DM/M= 0.0000E+00
 ELAPSED TIME=         31.02 s  REMAINING TIME=         29.68 s
 NC=  204500 T= 5.1125E+00 DT= 2.5000E-05 ERR=  0.0% DM/M= 0.0000E+00
 ELAPSED TIME=         31.05 s  REMAINING TIME=         29.68 s
 NC=  204600 T= 5.1150E+00 DT= 2.5000E-05 ERR= -0.0% DM/M= 0.0000E+00
 ELAPSED TIME=         31.07 s  REMAINING TIME=         29.67 s
 NC=  204700 T= 5.1175E+00 DT= 2.5000E-05 ERR=  0.0% DM/M= 0.0000E+00
 ELAPSED TIME=         31.10 s  REMAINING TIME=         29.67 s
 NC=  204800 T= 5.1200E+00 DT= 2.5000E-05 ERR= -0.0% DM/M= 0.0000E+00
 ELAPSED TIME=         31.12 s  REMAINING TIME=         29.66 s
 NC=  204900 T= 5.1225E+00 DT= 2.5000E-05 ERR=  0.0% DM/M= 0.0000E+00
 ELAPSED TIME=         31.15 s  REMAINING TIME=         29.66 s
 NC=  205000 T= 5.1250E+00 DT= 2.5000E-05 ERR= -0.0% DM/M= 0.0000E+00
 ELAPSED TIME=         31.17 s  REMAINING TIME=         29.65 s
 NC=  205100 T= 5.1275E+00 DT= 2.5000E-05 ERR=  0.0% DM/M= 0.0000E+00
 ELAPSED TIME=         31.20 s  REMAINING TIME=         29.65 s
 NC=  205200 T= 5.1300E+00 DT= 2.5000E-05 ERR= -0.0% DM/M= 0.0000E+00
 ELAPSED TIME=         31.22 s  REMAINING TIME=         29.64 s
 NC=  205300 T= 5.1325E+00 DT= 2.5000E-05 ERR=  0.0% DM/M= 0.0000E+00
 ELAPSED TIME=         31.25 s  REMAINING TIME=         29.63 s
 NC=  205400 T= 5.1350E+00 DT= 2.5000E-05 ERR= -0.0% DM/M= 0.0000E+00
 ELAPSED TIME=         31.27 s  REMAINING TIME=         29.63 s
 NC=  205500 T= 5.1375E+00 DT= 2.5000E-05 ERR=  0.0% DM/M= 0.0000E+00
 ELAPSED TIME=         31.30 s  REMAINING TIME=         29.62 s
 NC=  205600 T= 5.1400E+00 DT= 2.5000E-05 ERR= -0.0% DM/M= 0.0000E+00
 ELAPSED TIME=         31.32 s  REMAINING TIME=         29.62 s
 NC=  205700 T= 5.1425E+00 DT= 2.5000E-05 ERR=  0.0% DM/M= 0.0000E+00
 ELAPSED TIME=         31.35 s  REMAINING TIME=         29.61 s
 NC=  205800 T= 5.1450E+00 DT= 2.5000E-05 ERR= -0.0% DM/M= 0.0000E+00
 ELAPSED TIME=         31.37 s  REMAINING TIME=         29.61 s
 NC=  205900 T= 5.1475E+00 DT= 2.5000E-05 ERR=  0.0% DM/M= 0.0000E+00
 ELAPSED TIME=         31.40 s  REMAINING TIME=         29.60 s
 NC=  206000 T= 5.1500E+00 DT= 2.5000E-05 ERR= -0.0% DM/M= 0.0000E+00
 ELAPSED TIME=         31.42 s  REMAINING TIME=         29.59 s
 NC=  206100 T= 5.1525E+00 DT= 2.5000E-05 ERR=  0.0% DM/M= 0.0000E+00
 ELAPSED TIME=         31.45 s  REMAINING TIME=         29.59 s
 NC=  206200 T= 5.1550E+00 DT= 2.5000E-05 ERR= -0.0% DM/M= 0.0000E+00
 ELAPSED TIME=         31.48 s  REMAINING TIME=         29.58 s
 NC=  206300 T= 5.1575E+00 DT= 2.5000E-05 ERR=  0.0% DM/M= 0.0000E+00
 ELAPSED TIME=         31.50 s  REMAINING TIME=         29.58 s
 NC=  206400 T= 5.1600E+00 DT= 2.5000E-05 ERR= -0.0% DM/M= 0.0000E+00
 ELAPSED TIME=         31.53 s  REMAINING TIME=         29.57 s
 NC=  206500 T= 5.1625E+00 DT= 2.5000E-05 ERR=  0.0% DM/M= 0.0000E+00
 ELAPSED TIME=         31.55 s  REMAINING TIME=         29.56 s
 NC=  206600 T= 5.1650E+00 DT= 2.5000E-05 ERR= -0.0% DM/M= 0.0000E+00
 ELAPSED TIME=         31.58 s  REMAINING TIME=         29.56 s
 NC=  206700 T= 5.1675E+00 DT= 2.5000E-05 ERR=  0.0% DM/M= 0.0000E+00
 ELAPSED TIME=         31.60 s  REMAINING TIME=         29.55 s
 NC=  206800 T= 5.1700E+00 DT= 2.5000E-05 ERR= -0.0% DM/M= 0.0000E+00
 ELAPSED TIME=         31.63 s  REMAINING TIME=         29.55 s
 NC=  206900 T= 5.1725E+00 DT= 2.5000E-05 ERR=  0.0% DM/M= 0.0000E+00
 ELAPSED TIME=         31.65 s  REMAINING TIME=         29.54 s
 NC=  207000 T= 5.1750E+00 DT= 2.5000E-05 ERR= -0.0% DM/M= 0.0000E+00
 ELAPSED TIME=         31.68 s  REMAINING TIME=         29.54 s
 NC=  207100 T= 5.1775E+00 DT= 2.5000E-05 ERR=  0.0% DM/M= 0.0000E+00
 ELAPSED TIME=         31.70 s  REMAINING TIME=         29.53 s
 NC=  207200 T= 5.1800E+00 DT= 2.5000E-05 ERR= -0.0% DM/M= 0.0000E+00
 ELAPSED TIME=         31.73 s  REMAINING TIME=         29.52 s
 NC=  207300 T= 5.1825E+00 DT= 2.5000E-05 ERR=  0.0% DM/M= 0.0000E+00
 ELAPSED TIME=         31.75 s  REMAINING TIME=         29.52 s
 NC=  207400 T= 5.1850E+00 DT= 2.5000E-05 ERR= -0.0% DM/M= 0.0000E+00
 ELAPSED TIME=         31.78 s  REMAINING TIME=         29.51 s
 NC=  207500 T= 5.1875E+00 DT= 2.5000E-05 ERR=  0.0% DM/M= 0.0000E+00
 ELAPSED TIME=         31.80 s  REMAINING TIME=         29.50 s
 NC=  207600 T= 5.1900E+00 DT= 2.5000E-05 ERR= -0.0% DM/M= 0.0000E+00
 ELAPSED TIME=         31.83 s  REMAINING TIME=         29.50 s
 NC=  207700 T= 5.1925E+00 DT= 2.5000E-05 ERR=  0.0% DM/M= 0.0000E+00
 ELAPSED TIME=         31.85 s  REMAINING TIME=         29.49 s
 NC=  207800 T= 5.1950E+00 DT= 2.5000E-05 ERR= -0.0% DM/M= 0.0000E+00
 ELAPSED TIME=         31.88 s  REMAINING TIME=         29.49 s
 NC=  207900 T= 5.1975E+00 DT= 2.5000E-05 ERR=  0.0% DM/M= 0.0000E+00
 ELAPSED TIME=         31.90 s  REMAINING TIME=         29.48 s
 NC=  208000 T= 5.2000E+00 DT= 2.5000E-05 ERR= -0.0% DM/M= 0.0000E+00
 ELAPSED TIME=         31.93 s  REMAINING TIME=         29.47 s
 NC=  208100 T= 5.2025E+00 DT= 2.5000E-05 ERR=  0.0% DM/M= 0.0000E+00
 ELAPSED TIME=         31.95 s  REMAINING TIME=         29.47 s
 NC=  208200 T= 5.2050E+00 DT= 2.5000E-05 ERR= -0.0% DM/M= 0.0000E+00
 ELAPSED TIME=         31.98 s  REMAINING TIME=         29.46 s
 NC=  208300 T= 5.2075E+00 DT= 2.5000E-05 ERR=  0.0% DM/M= 0.0000E+00
 ELAPSED TIME=         32.01 s  REMAINING TIME=         29.45 s
 NC=  208400 T= 5.2100E+00 DT= 2.5000E-05 ERR= -0.0% DM/M= 0.0000E+00
 ELAPSED TIME=         32.03 s  REMAINING TIME=         29.45 s
 NC=  208500 T= 5.2125E+00 DT= 2.5000E-05 ERR=  0.0% DM/M= 0.0000E+00
 ELAPSED TIME=         32.06 s  REMAINING TIME=         29.44 s
 NC=  208600 T= 5.2150E+00 DT= 2.5000E-05 ERR= -0.0% DM/M= 0.0000E+00
 ELAPSED TIME=         32.08 s  REMAINING TIME=         29.44 s
 NC=  208700 T= 5.2175E+00 DT= 2.5000E-05 ERR=  0.0% DM/M= 0.0000E+00
 ELAPSED TIME=         32.11 s  REMAINING TIME=         29.43 s
 NC=  208800 T= 5.2200E+00 DT= 2.5000E-05 ERR= -0.0% DM/M= 0.0000E+00
 ELAPSED TIME=         32.13 s  REMAINING TIME=         29.42 s
 NC=  208900 T= 5.2225E+00 DT= 2.5000E-05 ERR=  0.0% DM/M= 0.0000E+00
 ELAPSED TIME=         32.16 s  REMAINING TIME=         29.42 s
 NC=  209000 T= 5.2250E+00 DT= 2.5000E-05 ERR= -0.0% DM/M= 0.0000E+00
 ELAPSED TIME=         32.18 s  REMAINING TIME=         29.41 s
 NC=  209100 T= 5.2275E+00 DT= 2.5000E-05 ERR=  0.0% DM/M= 0.0000E+00
 ELAPSED TIME=         32.21 s  REMAINING TIME=         29.40 s
 NC=  209200 T= 5.2300E+00 DT= 2.5000E-05 ERR= -0.0% DM/M= 0.0000E+00
 ELAPSED TIME=         32.23 s  REMAINING TIME=         29.40 s
 NC=  209300 T= 5.2325E+00 DT= 2.5000E-05 ERR=  0.0% DM/M= 0.0000E+00
 ELAPSED TIME=         32.26 s  REMAINING TIME=         29.39 s
 NC=  209400 T= 5.2350E+00 DT= 2.5000E-05 ERR= -0.0% DM/M= 0.0000E+00
 ELAPSED TIME=         32.28 s  REMAINING TIME=         29.38 s
 NC=  209500 T= 5.2375E+00 DT= 2.5000E-05 ERR=  0.0% DM/M= 0.0000E+00
 ELAPSED TIME=         32.31 s  REMAINING TIME=         29.38 s
 NC=  209600 T= 5.2400E+00 DT= 2.5000E-05 ERR= -0.0% DM/M= 0.0000E+00
 ELAPSED TIME=         32.33 s  REMAINING TIME=         29.37 s
 NC=  209700 T= 5.2425E+00 DT= 2.5000E-05 ERR=  0.0% DM/M= 0.0000E+00
 ELAPSED TIME=         32.36 s  REMAINING TIME=         29.36 s
 NC=  209800 T= 5.2450E+00 DT= 2.5000E-05 ERR= -0.0% DM/M= 0.0000E+00
 ELAPSED TIME=         32.38 s  REMAINING TIME=         29.36 s
 NC=  209900 T= 5.2475E+00 DT= 2.5000E-05 ERR=  0.0% DM/M= 0.0000E+00
 ELAPSED TIME=         32.41 s  REMAINING TIME=         29.35 s
 NC=  210000 T= 5.2500E+00 DT= 2.5000E-05 ERR= -0.0% DM/M= 0.0000E+00
 ELAPSED TIME=         32.43 s  REMAINING TIME=         29.34 s
     ANIMATION FILE: A23_w1_REFERENCE_ROTATION_YA022 WRITTEN
 NC=  210100 T= 5.2525E+00 DT= 2.5000E-05 ERR=  0.0% DM/M= 0.0000E+00
 ELAPSED TIME=         32.46 s  REMAINING TIME=         29.34 s
 NC=  210200 T= 5.2550E+00 DT= 2.5000E-05 ERR= -0.0% DM/M= 0.0000E+00
 ELAPSED TIME=         32.49 s  REMAINING TIME=         29.33 s
 NC=  210300 T= 5.2575E+00 DT= 2.5000E-05 ERR=  0.0% DM/M= 0.0000E+00
 ELAPSED TIME=         32.51 s  REMAINING TIME=         29.33 s
 NC=  210400 T= 5.2600E+00 DT= 2.5000E-05 ERR= -0.0% DM/M= 0.0000E+00
 ELAPSED TIME=         32.54 s  REMAINING TIME=         29.32 s
 NC=  210500 T= 5.2625E+00 DT= 2.5000E-05 ERR=  0.0% DM/M= 0.0000E+00
 ELAPSED TIME=         32.56 s  REMAINING TIME=         29.31 s
 NC=  210600 T= 5.2650E+00 DT= 2.5000E-05 ERR= -0.0% DM/M= 0.0000E+00
 ELAPSED TIME=         32.59 s  REMAINING TIME=         29.31 s
 NC=  210700 T= 5.2675E+00 DT= 2.5000E-05 ERR=  0.0% DM/M= 0.0000E+00
 ELAPSED TIME=         32.61 s  REMAINING TIME=         29.30 s
 NC=  210800 T= 5.2700E+00 DT= 2.5000E-05 ERR= -0.0% DM/M= 0.0000E+00
 ELAPSED TIME=         32.64 s  REMAINING TIME=         29.29 s
 NC=  210900 T= 5.2725E+00 DT= 2.5000E-05 ERR=  0.0% DM/M= 0.0000E+00
 ELAPSED TIME=         32.66 s  REMAINING TIME=         29.29 s
 NC=  211000 T= 5.2750E+00 DT= 2.5000E-05 ERR= -0.0% DM/M= 0.0000E+00
 ELAPSED TIME=         32.69 s  REMAINING TIME=         29.28 s
 NC=  211100 T= 5.2775E+00 DT= 2.5000E-05 ERR=  0.0% DM/M= 0.0000E+00
 ELAPSED TIME=         32.71 s  REMAINING TIME=         29.27 s
 NC=  211200 T= 5.2800E+00 DT= 2.5000E-05 ERR= -0.0% DM/M= 0.0000E+00
 ELAPSED TIME=         32.74 s  REMAINING TIME=         29.27 s
 NC=  211300 T= 5.2825E+00 DT= 2.5000E-05 ERR=  0.0% DM/M= 0.0000E+00
 ELAPSED TIME=         32.76 s  REMAINING TIME=         29.26 s
 NC=  211400 T= 5.2850E+00 DT= 2.5000E-05 ERR= -0.0% DM/M= 0.0000E+00
 ELAPSED TIME=         32.79 s  REMAINING TIME=         29.25 s
 NC=  211500 T= 5.2875E+00 DT= 2.5000E-05 ERR=  0.0% DM/M= 0.0000E+00
 ELAPSED TIME=         32.81 s  REMAINING TIME=         29.24 s
 NC=  211600 T= 5.2900E+00 DT= 2.5000E-05 ERR= -0.0% DM/M= 0.0000E+00
 ELAPSED TIME=         32.84 s  REMAINING TIME=         29.24 s
 NC=  211700 T= 5.2925E+00 DT= 2.5000E-05 ERR=  0.0% DM/M= 0.0000E+00
 ELAPSED TIME=         32.86 s  REMAINING TIME=         29.23 s
 NC=  211800 T= 5.2950E+00 DT= 2.5000E-05 ERR= -0.0% DM/M= 0.0000E+00
 ELAPSED TIME=         32.89 s  REMAINING TIME=         29.22 s
 NC=  211900 T= 5.2975E+00 DT= 2.5000E-05 ERR=  0.0% DM/M= 0.0000E+00
 ELAPSED TIME=         32.91 s  REMAINING TIME=         29.22 s
 NC=  212000 T= 5.3000E+00 DT= 2.5000E-05 ERR= -0.0% DM/M= 0.0000E+00
 ELAPSED TIME=         32.94 s  REMAINING TIME=         29.21 s
 NC=  212100 T= 5.3025E+00 DT= 2.5000E-05 ERR=  0.0% DM/M= 0.0000E+00
 ELAPSED TIME=         32.96 s  REMAINING TIME=         29.20 s
 NC=  212200 T= 5.3050E+00 DT= 2.5000E-05 ERR= -0.0% DM/M= 0.0000E+00
 ELAPSED TIME=         32.99 s  REMAINING TIME=         29.20 s
 NC=  212300 T= 5.3075E+00 DT= 2.5000E-05 ERR=  0.0% DM/M= 0.0000E+00
 ELAPSED TIME=         33.02 s  REMAINING TIME=         29.19 s
 NC=  212400 T= 5.3100E+00 DT= 2.5000E-05 ERR= -0.0% DM/M= 0.0000E+00
 ELAPSED TIME=         33.04 s  REMAINING TIME=         29.18 s
 NC=  212500 T= 5.3125E+00 DT= 2.5000E-05 ERR=  0.0% DM/M= 0.0000E+00
 ELAPSED TIME=         33.07 s  REMAINING TIME=         29.18 s
 NC=  212600 T= 5.3150E+00 DT= 2.5000E-05 ERR= -0.0% DM/M= 0.0000E+00
 ELAPSED TIME=         33.09 s  REMAINING TIME=         29.17 s
 NC=  212700 T= 5.3175E+00 DT= 2.5000E-05 ERR=  0.0% DM/M= 0.0000E+00
 ELAPSED TIME=         33.12 s  REMAINING TIME=         29.16 s
 NC=  212800 T= 5.3200E+00 DT= 2.5000E-05 ERR= -0.0% DM/M= 0.0000E+00
 ELAPSED TIME=         33.14 s  REMAINING TIME=         29.15 s
 NC=  212900 T= 5.3225E+00 DT= 2.5000E-05 ERR=  0.0% DM/M= 0.0000E+00
 ELAPSED TIME=         33.17 s  REMAINING TIME=         29.15 s
 NC=  213000 T= 5.3250E+00 DT= 2.5000E-05 ERR= -0.0% DM/M= 0.0000E+00
 ELAPSED TIME=         33.19 s  REMAINING TIME=         29.14 s
 NC=  213100 T= 5.3275E+00 DT= 2.5000E-05 ERR=  0.0% DM/M= 0.0000E+00
 ELAPSED TIME=         33.22 s  REMAINING TIME=         29.13 s
 NC=  213200 T= 5.3300E+00 DT= 2.5000E-05 ERR= -0.0% DM/M= 0.0000E+00
 ELAPSED TIME=         33.24 s  REMAINING TIME=         29.13 s
 NC=  213300 T= 5.3325E+00 DT= 2.5000E-05 ERR=  0.0% DM/M= 0.0000E+00
 ELAPSED TIME=         33.27 s  REMAINING TIME=         29.12 s
 NC=  213400 T= 5.3350E+00 DT= 2.5000E-05 ERR= -0.0% DM/M= 0.0000E+00
 ELAPSED TIME=         33.29 s  REMAINING TIME=         29.11 s
 NC=  213500 T= 5.3375E+00 DT= 2.5000E-05 ERR=  0.0% DM/M= 0.0000E+00
 ELAPSED TIME=         33.32 s  REMAINING TIME=         29.11 s
 NC=  213600 T= 5.3400E+00 DT= 2.5000E-05 ERR= -0.0% DM/M= 0.0000E+00
 ELAPSED TIME=         33.34 s  REMAINING TIME=         29.10 s
 NC=  213700 T= 5.3425E+00 DT= 2.5000E-05 ERR=  0.0% DM/M= 0.0000E+00
 ELAPSED TIME=         33.37 s  REMAINING TIME=         29.09 s
 NC=  213800 T= 5.3450E+00 DT= 2.5000E-05 ERR= -0.0% DM/M= 0.0000E+00
 ELAPSED TIME=         33.39 s  REMAINING TIME=         29.08 s
 NC=  213900 T= 5.3475E+00 DT= 2.5000E-05 ERR=  0.0% DM/M= 0.0000E+00
 ELAPSED TIME=         33.42 s  REMAINING TIME=         29.08 s
 NC=  214000 T= 5.3500E+00 DT= 2.5000E-05 ERR= -0.0% DM/M= 0.0000E+00
 ELAPSED TIME=         33.45 s  REMAINING TIME=         29.07 s
 NC=  214100 T= 5.3525E+00 DT= 2.5000E-05 ERR=  0.0% DM/M= 0.0000E+00
 ELAPSED TIME=         33.47 s  REMAINING TIME=         29.06 s
 NC=  214200 T= 5.3550E+00 DT= 2.5000E-05 ERR= -0.0% DM/M= 0.0000E+00
 ELAPSED TIME=         33.50 s  REMAINING TIME=         29.05 s
 NC=  214300 T= 5.3575E+00 DT= 2.5000E-05 ERR=  0.0% DM/M= 0.0000E+00
 ELAPSED TIME=         33.52 s  REMAINING TIME=         29.05 s
 NC=  214400 T= 5.3600E+00 DT= 2.5000E-05 ERR= -0.0% DM/M= 0.0000E+00
 ELAPSED TIME=         33.55 s  REMAINING TIME=         29.04 s
 NC=  214500 T= 5.3625E+00 DT= 2.5000E-05 ERR=  0.0% DM/M= 0.0000E+00
 ELAPSED TIME=         33.57 s  REMAINING TIME=         29.03 s
 NC=  214600 T= 5.3650E+00 DT= 2.5000E-05 ERR= -0.0% DM/M= 0.0000E+00
 ELAPSED TIME=         33.60 s  REMAINING TIME=         29.03 s
 NC=  214700 T= 5.3675E+00 DT= 2.5000E-05 ERR=  0.0% DM/M= 0.0000E+00
 ELAPSED TIME=         33.61 s  REMAINING TIME=         29.01 s
 NC=  214800 T= 5.3700E+00 DT= 2.5000E-05 ERR= -0.0% DM/M= 0.0000E+00
 ELAPSED TIME=         33.63 s  REMAINING TIME=         29.00 s
 NC=  214900 T= 5.3725E+00 DT= 2.5000E-05 ERR=  0.0% DM/M= 0.0000E+00
 ELAPSED TIME=         33.64 s  REMAINING TIME=         28.98 s
 NC=  215000 T= 5.3750E+00 DT= 2.5000E-05 ERR= -0.0% DM/M= 0.0000E+00
 ELAPSED TIME=         33.66 s  REMAINING TIME=         28.96 s
 NC=  215100 T= 5.3775E+00 DT= 2.5000E-05 ERR=  0.0% DM/M= 0.0000E+00
 ELAPSED TIME=         33.67 s  REMAINING TIME=         28.94 s
 NC=  215200 T= 5.3800E+00 DT= 2.5000E-05 ERR= -0.0% DM/M= 0.0000E+00
 ELAPSED TIME=         33.69 s  REMAINING TIME=         28.93 s
 NC=  215300 T= 5.3825E+00 DT= 2.5000E-05 ERR=  0.0% DM/M= 0.0000E+00
 ELAPSED TIME=         33.71 s  REMAINING TIME=         28.92 s
 NC=  215400 T= 5.3850E+00 DT= 2.5000E-05 ERR= -0.0% DM/M= 0.0000E+00
 ELAPSED TIME=         33.72 s  REMAINING TIME=         28.90 s
 NC=  215500 T= 5.3875E+00 DT= 2.5000E-05 ERR=  0.0% DM/M= 0.0000E+00
 ELAPSED TIME=         33.74 s  REMAINING TIME=         28.88 s
 NC=  215600 T= 5.3900E+00 DT= 2.5000E-05 ERR= -0.0% DM/M= 0.0000E+00
 ELAPSED TIME=         33.75 s  REMAINING TIME=         28.87 s
 NC=  215700 T= 5.3925E+00 DT= 2.5000E-05 ERR=  0.0% DM/M= 0.0000E+00
 ELAPSED TIME=         33.76 s  REMAINING TIME=         28.85 s
 NC=  215800 T= 5.3950E+00 DT= 2.5000E-05 ERR= -0.0% DM/M= 0.0000E+00
 ELAPSED TIME=         33.78 s  REMAINING TIME=         28.83 s
 NC=  215900 T= 5.3975E+00 DT= 2.5000E-05 ERR=  0.0% DM/M= 0.0000E+00
 ELAPSED TIME=         33.79 s  REMAINING TIME=         28.82 s
 NC=  216000 T= 5.4000E+00 DT= 2.5000E-05 ERR= -0.0% DM/M= 0.0000E+00
 ELAPSED TIME=         33.81 s  REMAINING TIME=         28.80 s
 NC=  216100 T= 5.4025E+00 DT= 2.5000E-05 ERR=  0.0% DM/M= 0.0000E+00
 ELAPSED TIME=         33.82 s  REMAINING TIME=         28.78 s
 NC=  216200 T= 5.4050E+00 DT= 2.5000E-05 ERR= -0.0% DM/M= 0.0000E+00
 ELAPSED TIME=         33.84 s  REMAINING TIME=         28.77 s
 NC=  216300 T= 5.4075E+00 DT= 2.5000E-05 ERR=  0.0% DM/M= 0.0000E+00
 ELAPSED TIME=         33.85 s  REMAINING TIME=         28.75 s
 NC=  216400 T= 5.4100E+00 DT= 2.5000E-05 ERR= -0.0% DM/M= 0.0000E+00
 ELAPSED TIME=         33.87 s  REMAINING TIME=         28.73 s
 NC=  216500 T= 5.4125E+00 DT= 2.5000E-05 ERR=  0.0% DM/M= 0.0000E+00
 ELAPSED TIME=         33.88 s  REMAINING TIME=         28.72 s
 NC=  216600 T= 5.4150E+00 DT= 2.5000E-05 ERR= -0.0% DM/M= 0.0000E+00
 ELAPSED TIME=         33.90 s  REMAINING TIME=         28.70 s
 NC=  216700 T= 5.4175E+00 DT= 2.5000E-05 ERR=  0.0% DM/M= 0.0000E+00
 ELAPSED TIME=         33.92 s  REMAINING TIME=         28.69 s
 NC=  216800 T= 5.4200E+00 DT= 2.5000E-05 ERR= -0.0% DM/M= 0.0000E+00
 ELAPSED TIME=         33.95 s  REMAINING TIME=         28.69 s
 NC=  216900 T= 5.4225E+00 DT= 2.5000E-05 ERR=  0.0% DM/M= 0.0000E+00
 ELAPSED TIME=         33.97 s  REMAINING TIME=         28.68 s
 NC=  217000 T= 5.4250E+00 DT= 2.5000E-05 ERR= -0.0% DM/M= 0.0000E+00
 ELAPSED TIME=         34.00 s  REMAINING TIME=         28.67 s
 NC=  217100 T= 5.4275E+00 DT= 2.5000E-05 ERR=  0.0% DM/M= 0.0000E+00
 ELAPSED TIME=         34.02 s  REMAINING TIME=         28.66 s
 NC=  217200 T= 5.4300E+00 DT= 2.5000E-05 ERR= -0.0% DM/M= 0.0000E+00
 ELAPSED TIME=         34.05 s  REMAINING TIME=         28.66 s
 NC=  217300 T= 5.4325E+00 DT= 2.5000E-05 ERR=  0.0% DM/M= 0.0000E+00
 ELAPSED TIME=         34.07 s  REMAINING TIME=         28.65 s
 NC=  217400 T= 5.4350E+00 DT= 2.5000E-05 ERR= -0.0% DM/M= 0.0000E+00
 ELAPSED TIME=         34.10 s  REMAINING TIME=         28.64 s
 NC=  217500 T= 5.4375E+00 DT= 2.5000E-05 ERR=  0.0% DM/M= 0.0000E+00
 ELAPSED TIME=         34.12 s  REMAINING TIME=         28.63 s
 NC=  217600 T= 5.4400E+00 DT= 2.5000E-05 ERR= -0.0% DM/M= 0.0000E+00
 ELAPSED TIME=         34.15 s  REMAINING TIME=         28.62 s
 NC=  217700 T= 5.4425E+00 DT= 2.5000E-05 ERR=  0.0% DM/M= 0.0000E+00
 ELAPSED TIME=         34.17 s  REMAINING TIME=         28.62 s
 NC=  217800 T= 5.4450E+00 DT= 2.5000E-05 ERR= -0.0% DM/M= 0.0000E+00
 ELAPSED TIME=         34.20 s  REMAINING TIME=         28.61 s
 NC=  217900 T= 5.4475E+00 DT= 2.5000E-05 ERR=  0.0% DM/M= 0.0000E+00
 ELAPSED TIME=         34.22 s  REMAINING TIME=         28.60 s
 NC=  218000 T= 5.4500E+00 DT= 2.5000E-05 ERR= -0.0% DM/M= 0.0000E+00
 ELAPSED TIME=         34.25 s  REMAINING TIME=         28.59 s
 NC=  218100 T= 5.4525E+00 DT= 2.5000E-05 ERR=  0.0% DM/M= 0.0000E+00
 ELAPSED TIME=         34.28 s  REMAINING TIME=         28.59 s
 NC=  218200 T= 5.4550E+00 DT= 2.5000E-05 ERR= -0.0% DM/M= 0.0000E+00
 ELAPSED TIME=         34.30 s  REMAINING TIME=         28.58 s
 NC=  218300 T= 5.4575E+00 DT= 2.5000E-05 ERR=  0.0% DM/M= 0.0000E+00
 ELAPSED TIME=         34.33 s  REMAINING TIME=         28.57 s
 NC=  218400 T= 5.4600E+00 DT= 2.5000E-05 ERR= -0.0% DM/M= 0.0000E+00
 ELAPSED TIME=         34.35 s  REMAINING TIME=         28.56 s
 NC=  218500 T= 5.4625E+00 DT= 2.5000E-05 ERR=  0.0% DM/M= 0.0000E+00
 ELAPSED TIME=         34.38 s  REMAINING TIME=         28.55 s
 NC=  218600 T= 5.4650E+00 DT= 2.5000E-05 ERR= -0.0% DM/M= 0.0000E+00
 ELAPSED TIME=         34.40 s  REMAINING TIME=         28.55 s
 NC=  218700 T= 5.4675E+00 DT= 2.5000E-05 ERR=  0.0% DM/M= 0.0000E+00
 ELAPSED TIME=         34.43 s  REMAINING TIME=         28.54 s
 NC=  218800 T= 5.4700E+00 DT= 2.5000E-05 ERR= -0.0% DM/M= 0.0000E+00
 ELAPSED TIME=         34.45 s  REMAINING TIME=         28.53 s
 NC=  218900 T= 5.4725E+00 DT= 2.5000E-05 ERR=  0.0% DM/M= 0.0000E+00
 ELAPSED TIME=         34.48 s  REMAINING TIME=         28.52 s
 NC=  219000 T= 5.4750E+00 DT= 2.5000E-05 ERR= -0.0% DM/M= 0.0000E+00
 ELAPSED TIME=         34.50 s  REMAINING TIME=         28.52 s
 NC=  219100 T= 5.4775E+00 DT= 2.5000E-05 ERR=  0.0% DM/M= 0.0000E+00
 ELAPSED TIME=         34.53 s  REMAINING TIME=         28.51 s
 NC=  219200 T= 5.4800E+00 DT= 2.5000E-05 ERR= -0.0% DM/M= 0.0000E+00
 ELAPSED TIME=         34.55 s  REMAINING TIME=         28.50 s
 NC=  219300 T= 5.4825E+00 DT= 2.5000E-05 ERR=  0.0% DM/M= 0.0000E+00
 ELAPSED TIME=         34.57 s  REMAINING TIME=         28.49 s
 NC=  219400 T= 5.4850E+00 DT= 2.5000E-05 ERR= -0.0% DM/M= 0.0000E+00
 ELAPSED TIME=         34.59 s  REMAINING TIME=         28.47 s
 NC=  219500 T= 5.4875E+00 DT= 2.5000E-05 ERR=  0.0% DM/M= 0.0000E+00
 ELAPSED TIME=         34.60 s  REMAINING TIME=         28.45 s
 NC=  219600 T= 5.4900E+00 DT= 2.5000E-05 ERR= -0.0% DM/M= 0.0000E+00
 ELAPSED TIME=         34.61 s  REMAINING TIME=         28.44 s
 NC=  219700 T= 5.4925E+00 DT= 2.5000E-05 ERR=  0.0% DM/M= 0.0000E+00
 ELAPSED TIME=         34.63 s  REMAINING TIME=         28.42 s
 NC=  219800 T= 5.4950E+00 DT= 2.5000E-05 ERR= -0.0% DM/M= 0.0000E+00
 ELAPSED TIME=         34.64 s  REMAINING TIME=         28.40 s
 NC=  219900 T= 5.4975E+00 DT= 2.5000E-05 ERR=  0.0% DM/M= 0.0000E+00
 ELAPSED TIME=         34.66 s  REMAINING TIME=         28.38 s
 NC=  220000 T= 5.5000E+00 DT= 2.5000E-05 ERR= -0.0% DM/M= 0.0000E+00
 ELAPSED TIME=         34.67 s  REMAINING TIME=         28.37 s
     ANIMATION FILE: A23_w1_REFERENCE_ROTATION_YA023 WRITTEN
 NC=  220100 T= 5.5025E+00 DT= 2.5000E-05 ERR=  0.0% DM/M= 0.0000E+00
 ELAPSED TIME=         34.69 s  REMAINING TIME=         28.35 s
 NC=  220200 T= 5.5050E+00 DT= 2.5000E-05 ERR= -0.0% DM/M= 0.0000E+00
 ELAPSED TIME=         34.70 s  REMAINING TIME=         28.33 s
 NC=  220300 T= 5.5075E+00 DT= 2.5000E-05 ERR=  0.0% DM/M= 0.0000E+00
 ELAPSED TIME=         34.72 s  REMAINING TIME=         28.32 s
 NC=  220400 T= 5.5100E+00 DT= 2.5000E-05 ERR= -0.0% DM/M= 0.0000E+00
 ELAPSED TIME=         34.73 s  REMAINING TIME=         28.30 s
 NC=  220500 T= 5.5125E+00 DT= 2.5000E-05 ERR=  0.0% DM/M= 0.0000E+00
 ELAPSED TIME=         34.74 s  REMAINING TIME=         28.28 s
 NC=  220600 T= 5.5150E+00 DT= 2.5000E-05 ERR= -0.0% DM/M= 0.0000E+00
 ELAPSED TIME=         34.76 s  REMAINING TIME=         28.27 s
 NC=  220700 T= 5.5175E+00 DT= 2.5000E-05 ERR=  0.0% DM/M= 0.0000E+00
 ELAPSED TIME=         34.77 s  REMAINING TIME=         28.25 s
 NC=  220800 T= 5.5200E+00 DT= 2.5000E-05 ERR= -0.0% DM/M= 0.0000E+00
 ELAPSED TIME=         34.79 s  REMAINING TIME=         28.23 s
 NC=  220900 T= 5.5225E+00 DT= 2.5000E-05 ERR=  0.0% DM/M= 0.0000E+00
 ELAPSED TIME=         34.80 s  REMAINING TIME=         28.22 s
 NC=  221000 T= 5.5250E+00 DT= 2.5000E-05 ERR= -0.0% DM/M= 0.0000E+00
 ELAPSED TIME=         34.82 s  REMAINING TIME=         28.20 s
 NC=  221100 T= 5.5275E+00 DT= 2.5000E-05 ERR=  0.0% DM/M= 0.0000E+00
 ELAPSED TIME=         34.83 s  REMAINING TIME=         28.18 s
 NC=  221200 T= 5.5300E+00 DT= 2.5000E-05 ERR= -0.0% DM/M= 0.0000E+00
 ELAPSED TIME=         34.85 s  REMAINING TIME=         28.17 s
 NC=  221300 T= 5.5325E+00 DT= 2.5000E-05 ERR=  0.0% DM/M= 0.0000E+00
 ELAPSED TIME=         34.86 s  REMAINING TIME=         28.15 s
 NC=  221400 T= 5.5350E+00 DT= 2.5000E-05 ERR= -0.0% DM/M= 0.0000E+00
 ELAPSED TIME=         34.87 s  REMAINING TIME=         28.13 s
 NC=  221500 T= 5.5375E+00 DT= 2.5000E-05 ERR=  0.0% DM/M= 0.0000E+00
 ELAPSED TIME=         34.89 s  REMAINING TIME=         28.12 s
 NC=  221600 T= 5.5400E+00 DT= 2.5000E-05 ERR= -0.0% DM/M= 0.0000E+00
 ELAPSED TIME=         34.90 s  REMAINING TIME=         28.10 s
 NC=  221700 T= 5.5425E+00 DT= 2.5000E-05 ERR=  0.0% DM/M= 0.0000E+00
 ELAPSED TIME=         34.92 s  REMAINING TIME=         28.08 s
 NC=  221800 T= 5.5450E+00 DT= 2.5000E-05 ERR= -0.0% DM/M= 0.0000E+00
 ELAPSED TIME=         34.93 s  REMAINING TIME=         28.07 s
 NC=  221900 T= 5.5475E+00 DT= 2.5000E-05 ERR=  0.0% DM/M= 0.0000E+00
 ELAPSED TIME=         34.95 s  REMAINING TIME=         28.05 s
 NC=  222000 T= 5.5500E+00 DT= 2.5000E-05 ERR= -0.0% DM/M= 0.0000E+00
 ELAPSED TIME=         34.97 s  REMAINING TIME=         28.04 s
 NC=  222100 T= 5.5525E+00 DT= 2.5000E-05 ERR=  0.0% DM/M= 0.0000E+00
 ELAPSED TIME=         35.00 s  REMAINING TIME=         28.03 s
 NC=  222200 T= 5.5550E+00 DT= 2.5000E-05 ERR= -0.0% DM/M= 0.0000E+00
 ELAPSED TIME=         35.02 s  REMAINING TIME=         28.03 s
 NC=  222300 T= 5.5575E+00 DT= 2.5000E-05 ERR=  0.0% DM/M= 0.0000E+00
 ELAPSED TIME=         35.05 s  REMAINING TIME=         28.02 s
 NC=  222400 T= 5.5600E+00 DT= 2.5000E-05 ERR= -0.0% DM/M= 0.0000E+00
 ELAPSED TIME=         35.07 s  REMAINING TIME=         28.01 s
 NC=  222500 T= 5.5625E+00 DT= 2.5000E-05 ERR=  0.0% DM/M= 0.0000E+00
 ELAPSED TIME=         35.10 s  REMAINING TIME=         28.00 s
 NC=  222600 T= 5.5650E+00 DT= 2.5000E-05 ERR= -0.0% DM/M= 0.0000E+00
 ELAPSED TIME=         35.12 s  REMAINING TIME=         27.99 s
 NC=  222700 T= 5.5675E+00 DT= 2.5000E-05 ERR=  0.0% DM/M= 0.0000E+00
 ELAPSED TIME=         35.15 s  REMAINING TIME=         27.98 s
 NC=  222800 T= 5.5700E+00 DT= 2.5000E-05 ERR= -0.0% DM/M= 0.0000E+00
 ELAPSED TIME=         35.17 s  REMAINING TIME=         27.98 s
 NC=  222900 T= 5.5725E+00 DT= 2.5000E-05 ERR=  0.0% DM/M= 0.0000E+00
 ELAPSED TIME=         35.20 s  REMAINING TIME=         27.97 s
 NC=  223000 T= 5.5750E+00 DT= 2.5000E-05 ERR= -0.0% DM/M= 0.0000E+00
 ELAPSED TIME=         35.23 s  REMAINING TIME=         27.96 s
 NC=  223100 T= 5.5775E+00 DT= 2.5000E-05 ERR=  0.0% DM/M= 0.0000E+00
 ELAPSED TIME=         35.25 s  REMAINING TIME=         27.95 s
 NC=  223200 T= 5.5800E+00 DT= 2.5000E-05 ERR= -0.0% DM/M= 0.0000E+00
 ELAPSED TIME=         35.28 s  REMAINING TIME=         27.94 s
 NC=  223300 T= 5.5825E+00 DT= 2.5000E-05 ERR=  0.0% DM/M= 0.0000E+00
 ELAPSED TIME=         35.30 s  REMAINING TIME=         27.93 s
 NC=  223400 T= 5.5850E+00 DT= 2.5000E-05 ERR= -0.0% DM/M= 0.0000E+00
 ELAPSED TIME=         35.33 s  REMAINING TIME=         27.93 s
 NC=  223500 T= 5.5875E+00 DT= 2.5000E-05 ERR=  0.0% DM/M= 0.0000E+00
 ELAPSED TIME=         35.35 s  REMAINING TIME=         27.92 s
 NC=  223600 T= 5.5900E+00 DT= 2.5000E-05 ERR= -0.0% DM/M= 0.0000E+00
 ELAPSED TIME=         35.38 s  REMAINING TIME=         27.91 s
 NC=  223700 T= 5.5925E+00 DT= 2.5000E-05 ERR=  0.0% DM/M= 0.0000E+00
 ELAPSED TIME=         35.40 s  REMAINING TIME=         27.90 s
 NC=  223800 T= 5.5950E+00 DT= 2.5000E-05 ERR= -0.0% DM/M= 0.0000E+00
 ELAPSED TIME=         35.43 s  REMAINING TIME=         27.89 s
 NC=  223900 T= 5.5975E+00 DT= 2.5000E-05 ERR=  0.0% DM/M= 0.0000E+00
 ELAPSED TIME=         35.45 s  REMAINING TIME=         27.88 s
 NC=  224000 T= 5.6000E+00 DT= 2.5000E-05 ERR= -0.0% DM/M= 0.0000E+00
 ELAPSED TIME=         35.48 s  REMAINING TIME=         27.87 s
 NC=  224100 T= 5.6025E+00 DT= 2.5000E-05 ERR=  0.0% DM/M= 0.0000E+00
 ELAPSED TIME=         35.50 s  REMAINING TIME=         27.87 s
 NC=  224200 T= 5.6050E+00 DT= 2.5000E-05 ERR= -0.0% DM/M= 0.0000E+00
 ELAPSED TIME=         35.53 s  REMAINING TIME=         27.86 s
 NC=  224300 T= 5.6075E+00 DT= 2.5000E-05 ERR=  0.0% DM/M= 0.0000E+00
 ELAPSED TIME=         35.55 s  REMAINING TIME=         27.85 s
 NC=  224400 T= 5.6100E+00 DT= 2.5000E-05 ERR= -0.0% DM/M= 0.0000E+00
 ELAPSED TIME=         35.58 s  REMAINING TIME=         27.84 s
 NC=  224500 T= 5.6125E+00 DT= 2.5000E-05 ERR=  0.0% DM/M= 0.0000E+00
 ELAPSED TIME=         35.60 s  REMAINING TIME=         27.83 s
 NC=  224600 T= 5.6150E+00 DT= 2.5000E-05 ERR= -0.0% DM/M= 0.0000E+00
 ELAPSED TIME=         35.63 s  REMAINING TIME=         27.82 s
 NC=  224700 T= 5.6175E+00 DT= 2.5000E-05 ERR=  0.0% DM/M= 0.0000E+00
 ELAPSED TIME=         35.65 s  REMAINING TIME=         27.81 s
 NC=  224800 T= 5.6200E+00 DT= 2.5000E-05 ERR= -0.0% DM/M= 0.0000E+00
 ELAPSED TIME=         35.68 s  REMAINING TIME=         27.81 s
 NC=  224900 T= 5.6225E+00 DT= 2.5000E-05 ERR=  0.0% DM/M= 0.0000E+00
 ELAPSED TIME=         35.70 s  REMAINING TIME=         27.80 s
 NC=  225000 T= 5.6250E+00 DT= 2.5000E-05 ERR= -0.0% DM/M= 0.0000E+00
 ELAPSED TIME=         35.73 s  REMAINING TIME=         27.79 s
 NC=  225100 T= 5.6275E+00 DT= 2.5000E-05 ERR=  0.0% DM/M= 0.0000E+00
 ELAPSED TIME=         35.75 s  REMAINING TIME=         27.78 s
 NC=  225200 T= 5.6300E+00 DT= 2.5000E-05 ERR= -0.0% DM/M= 0.0000E+00
 ELAPSED TIME=         35.78 s  REMAINING TIME=         27.77 s
 NC=  225300 T= 5.6325E+00 DT= 2.5000E-05 ERR=  0.0% DM/M= 0.0000E+00
 ELAPSED TIME=         35.80 s  REMAINING TIME=         27.76 s
 NC=  225400 T= 5.6350E+00 DT= 2.5000E-05 ERR= -0.0% DM/M= 0.0000E+00
 ELAPSED TIME=         35.83 s  REMAINING TIME=         27.75 s
 NC=  225500 T= 5.6375E+00 DT= 2.5000E-05 ERR=  0.0% DM/M= 0.0000E+00
 ELAPSED TIME=         35.85 s  REMAINING TIME=         27.74 s
 NC=  225600 T= 5.6400E+00 DT= 2.5000E-05 ERR= -0.0% DM/M= 0.0000E+00
 ELAPSED TIME=         35.88 s  REMAINING TIME=         27.74 s
 NC=  225700 T= 5.6425E+00 DT= 2.5000E-05 ERR=  0.0% DM/M= 0.0000E+00
 ELAPSED TIME=         35.90 s  REMAINING TIME=         27.73 s
 NC=  225800 T= 5.6450E+00 DT= 2.5000E-05 ERR= -0.0% DM/M= 0.0000E+00
 ELAPSED TIME=         35.93 s  REMAINING TIME=         27.72 s
 NC=  225900 T= 5.6475E+00 DT= 2.5000E-05 ERR=  0.0% DM/M= 0.0000E+00
 ELAPSED TIME=         35.95 s  REMAINING TIME=         27.71 s
 NC=  226000 T= 5.6500E+00 DT= 2.5000E-05 ERR= -0.0% DM/M= 0.0000E+00
 ELAPSED TIME=         35.98 s  REMAINING TIME=         27.70 s
 NC=  226100 T= 5.6525E+00 DT= 2.5000E-05 ERR=  0.0% DM/M= 0.0000E+00
 ELAPSED TIME=         36.00 s  REMAINING TIME=         27.69 s
 NC=  226200 T= 5.6550E+00 DT= 2.5000E-05 ERR= -0.0% DM/M= 0.0000E+00
 ELAPSED TIME=         36.03 s  REMAINING TIME=         27.68 s
 NC=  226300 T= 5.6575E+00 DT= 2.5000E-05 ERR=  0.0% DM/M= 0.0000E+00
 ELAPSED TIME=         36.05 s  REMAINING TIME=         27.67 s
 NC=  226400 T= 5.6600E+00 DT= 2.5000E-05 ERR= -0.0% DM/M= 0.0000E+00
 ELAPSED TIME=         36.08 s  REMAINING TIME=         27.67 s
 NC=  226500 T= 5.6625E+00 DT= 2.5000E-05 ERR=  0.0% DM/M= 0.0000E+00
 ELAPSED TIME=         36.10 s  REMAINING TIME=         27.66 s
 NC=  226600 T= 5.6650E+00 DT= 2.5000E-05 ERR= -0.0% DM/M= 0.0000E+00
 ELAPSED TIME=         36.13 s  REMAINING TIME=         27.65 s
 NC=  226700 T= 5.6675E+00 DT= 2.5000E-05 ERR=  0.0% DM/M= 0.0000E+00
 ELAPSED TIME=         36.16 s  REMAINING TIME=         27.64 s
 NC=  226800 T= 5.6700E+00 DT= 2.5000E-05 ERR= -0.0% DM/M= 0.0000E+00
 ELAPSED TIME=         36.18 s  REMAINING TIME=         27.63 s
 NC=  226900 T= 5.6725E+00 DT= 2.5000E-05 ERR=  0.0% DM/M= 0.0000E+00
 ELAPSED TIME=         36.21 s  REMAINING TIME=         27.62 s
 NC=  227000 T= 5.6750E+00 DT= 2.5000E-05 ERR= -0.0% DM/M= 0.0000E+00
 ELAPSED TIME=         36.23 s  REMAINING TIME=         27.61 s
 NC=  227100 T= 5.6775E+00 DT= 2.5000E-05 ERR=  0.0% DM/M= 0.0000E+00
 ELAPSED TIME=         36.26 s  REMAINING TIME=         27.60 s
 NC=  227200 T= 5.6800E+00 DT= 2.5000E-05 ERR= -0.0% DM/M= 0.0000E+00
 ELAPSED TIME=         36.28 s  REMAINING TIME=         27.59 s
 NC=  227300 T= 5.6825E+00 DT= 2.5000E-05 ERR=  0.0% DM/M= 0.0000E+00
 ELAPSED TIME=         36.31 s  REMAINING TIME=         27.58 s
 NC=  227400 T= 5.6850E+00 DT= 2.5000E-05 ERR= -0.0% DM/M= 0.0000E+00
 ELAPSED TIME=         36.33 s  REMAINING TIME=         27.58 s
 NC=  227500 T= 5.6875E+00 DT= 2.5000E-05 ERR=  0.0% DM/M= 0.0000E+00
 ELAPSED TIME=         36.36 s  REMAINING TIME=         27.57 s
 NC=  227600 T= 5.6900E+00 DT= 2.5000E-05 ERR= -0.0% DM/M= 0.0000E+00
 ELAPSED TIME=         36.38 s  REMAINING TIME=         27.56 s
 NC=  227700 T= 5.6925E+00 DT= 2.5000E-05 ERR=  0.0% DM/M= 0.0000E+00
 ELAPSED TIME=         36.41 s  REMAINING TIME=         27.55 s
 NC=  227800 T= 5.6950E+00 DT= 2.5000E-05 ERR= -0.0% DM/M= 0.0000E+00
 ELAPSED TIME=         36.43 s  REMAINING TIME=         27.54 s
 NC=  227900 T= 5.6975E+00 DT= 2.5000E-05 ERR=  0.0% DM/M= 0.0000E+00
 ELAPSED TIME=         36.46 s  REMAINING TIME=         27.53 s
 NC=  228000 T= 5.7000E+00 DT= 2.5000E-05 ERR= -0.0% DM/M= 0.0000E+00
 ELAPSED TIME=         36.48 s  REMAINING TIME=         27.52 s
 NC=  228100 T= 5.7025E+00 DT= 2.5000E-05 ERR=  0.0% DM/M= 0.0000E+00
 ELAPSED TIME=         36.51 s  REMAINING TIME=         27.51 s
 NC=  228200 T= 5.7050E+00 DT= 2.5000E-05 ERR= -0.0% DM/M= 0.0000E+00
 ELAPSED TIME=         36.53 s  REMAINING TIME=         27.50 s
 NC=  228300 T= 5.7075E+00 DT= 2.5000E-05 ERR=  0.0% DM/M= 0.0000E+00
 ELAPSED TIME=         36.56 s  REMAINING TIME=         27.49 s
 NC=  228400 T= 5.7100E+00 DT= 2.5000E-05 ERR= -0.0% DM/M= 0.0000E+00
 ELAPSED TIME=         36.58 s  REMAINING TIME=         27.48 s
 NC=  228500 T= 5.7125E+00 DT= 2.5000E-05 ERR=  0.0% DM/M= 0.0000E+00
 ELAPSED TIME=         36.61 s  REMAINING TIME=         27.48 s
 NC=  228600 T= 5.7150E+00 DT= 2.5000E-05 ERR= -0.0% DM/M= 0.0000E+00
 ELAPSED TIME=         36.63 s  REMAINING TIME=         27.47 s
 NC=  228700 T= 5.7175E+00 DT= 2.5000E-05 ERR=  0.0% DM/M= 0.0000E+00
 ELAPSED TIME=         36.66 s  REMAINING TIME=         27.46 s
 NC=  228800 T= 5.7200E+00 DT= 2.5000E-05 ERR= -0.0% DM/M= 0.0000E+00
 ELAPSED TIME=         36.68 s  REMAINING TIME=         27.45 s
 NC=  228900 T= 5.7225E+00 DT= 2.5000E-05 ERR=  0.0% DM/M= 0.0000E+00
 ELAPSED TIME=         36.71 s  REMAINING TIME=         27.44 s
 NC=  229000 T= 5.7250E+00 DT= 2.5000E-05 ERR= -0.0% DM/M= 0.0000E+00
 ELAPSED TIME=         36.73 s  REMAINING TIME=         27.43 s
 NC=  229100 T= 5.7275E+00 DT= 2.5000E-05 ERR=  0.0% DM/M= 0.0000E+00
 ELAPSED TIME=         36.76 s  REMAINING TIME=         27.42 s
 NC=  229200 T= 5.7300E+00 DT= 2.5000E-05 ERR= -0.0% DM/M= 0.0000E+00
 ELAPSED TIME=         36.78 s  REMAINING TIME=         27.41 s
 NC=  229300 T= 5.7325E+00 DT= 2.5000E-05 ERR=  0.0% DM/M= 0.0000E+00
 ELAPSED TIME=         36.81 s  REMAINING TIME=         27.40 s
 NC=  229400 T= 5.7350E+00 DT= 2.5000E-05 ERR= -0.0% DM/M= 0.0000E+00
 ELAPSED TIME=         36.83 s  REMAINING TIME=         27.39 s
 NC=  229500 T= 5.7375E+00 DT= 2.5000E-05 ERR=  0.0% DM/M= 0.0000E+00
 ELAPSED TIME=         36.86 s  REMAINING TIME=         27.38 s
 NC=  229600 T= 5.7400E+00 DT= 2.5000E-05 ERR= -0.0% DM/M= 0.0000E+00
 ELAPSED TIME=         36.88 s  REMAINING TIME=         27.37 s
 NC=  229700 T= 5.7425E+00 DT= 2.5000E-05 ERR=  0.0% DM/M= 0.0000E+00
 ELAPSED TIME=         36.91 s  REMAINING TIME=         27.36 s
 NC=  229800 T= 5.7450E+00 DT= 2.5000E-05 ERR= -0.0% DM/M= 0.0000E+00
 ELAPSED TIME=         36.93 s  REMAINING TIME=         27.35 s
 NC=  229900 T= 5.7475E+00 DT= 2.5000E-05 ERR=  0.0% DM/M= 0.0000E+00
 ELAPSED TIME=         36.96 s  REMAINING TIME=         27.35 s
 NC=  230000 T= 5.7500E+00 DT= 2.5000E-05 ERR= -0.0% DM/M= 0.0000E+00
 ELAPSED TIME=         36.98 s  REMAINING TIME=         27.33 s
     ANIMATION FILE: A23_w1_REFERENCE_ROTATION_YA024 WRITTEN
 NC=  230100 T= 5.7525E+00 DT= 2.5000E-05 ERR=  0.0% DM/M= 0.0000E+00
 ELAPSED TIME=         37.00 s  REMAINING TIME=         27.32 s
 NC=  230200 T= 5.7550E+00 DT= 2.5000E-05 ERR= -0.0% DM/M= 0.0000E+00
 ELAPSED TIME=         37.01 s  REMAINING TIME=         27.30 s
 NC=  230300 T= 5.7575E+00 DT= 2.5000E-05 ERR=  0.0% DM/M= 0.0000E+00
 ELAPSED TIME=         37.03 s  REMAINING TIME=         27.28 s
 NC=  230400 T= 5.7600E+00 DT= 2.5000E-05 ERR= -0.0% DM/M= 0.0000E+00
 ELAPSED TIME=         37.04 s  REMAINING TIME=         27.27 s
 NC=  230500 T= 5.7625E+00 DT= 2.5000E-05 ERR=  0.0% DM/M= 0.0000E+00
 ELAPSED TIME=         37.06 s  REMAINING TIME=         27.25 s
 NC=  230600 T= 5.7650E+00 DT= 2.5000E-05 ERR= -0.0% DM/M= 0.0000E+00
 ELAPSED TIME=         37.07 s  REMAINING TIME=         27.23 s
 NC=  230700 T= 5.7675E+00 DT= 2.5000E-05 ERR=  0.0% DM/M= 0.0000E+00
 ELAPSED TIME=         37.08 s  REMAINING TIME=         27.21 s
 NC=  230800 T= 5.7700E+00 DT= 2.5000E-05 ERR= -0.0% DM/M= 0.0000E+00
 ELAPSED TIME=         37.10 s  REMAINING TIME=         27.20 s
 NC=  230900 T= 5.7725E+00 DT= 2.5000E-05 ERR=  0.0% DM/M= 0.0000E+00
 ELAPSED TIME=         37.11 s  REMAINING TIME=         27.18 s
 NC=  231000 T= 5.7750E+00 DT= 2.5000E-05 ERR= -0.0% DM/M= 0.0000E+00
 ELAPSED TIME=         37.13 s  REMAINING TIME=         27.16 s
 NC=  231100 T= 5.7775E+00 DT= 2.5000E-05 ERR=  0.0% DM/M= 0.0000E+00
 ELAPSED TIME=         37.14 s  REMAINING TIME=         27.15 s
 NC=  231200 T= 5.7800E+00 DT= 2.5000E-05 ERR= -0.0% DM/M= 0.0000E+00
 ELAPSED TIME=         37.16 s  REMAINING TIME=         27.13 s
 NC=  231300 T= 5.7825E+00 DT= 2.5000E-05 ERR=  0.0% DM/M= 0.0000E+00
 ELAPSED TIME=         37.17 s  REMAINING TIME=         27.11 s
 NC=  231400 T= 5.7850E+00 DT= 2.5000E-05 ERR= -0.0% DM/M= 0.0000E+00
 ELAPSED TIME=         37.19 s  REMAINING TIME=         27.09 s
 NC=  231500 T= 5.7875E+00 DT= 2.5000E-05 ERR=  0.0% DM/M= 0.0000E+00
 ELAPSED TIME=         37.20 s  REMAINING TIME=         27.08 s
 NC=  231600 T= 5.7900E+00 DT= 2.5000E-05 ERR= -0.0% DM/M= 0.0000E+00
 ELAPSED TIME=         37.22 s  REMAINING TIME=         27.06 s
 NC=  231700 T= 5.7925E+00 DT= 2.5000E-05 ERR=  0.0% DM/M= 0.0000E+00
 ELAPSED TIME=         37.23 s  REMAINING TIME=         27.04 s
 NC=  231800 T= 5.7950E+00 DT= 2.5000E-05 ERR= -0.0% DM/M= 0.0000E+00
 ELAPSED TIME=         37.24 s  REMAINING TIME=         27.03 s
 NC=  231900 T= 5.7975E+00 DT= 2.5000E-05 ERR=  0.0% DM/M= 0.0000E+00
 ELAPSED TIME=         37.26 s  REMAINING TIME=         27.01 s
 NC=  232000 T= 5.8000E+00 DT= 2.5000E-05 ERR= -0.0% DM/M= 0.0000E+00
 ELAPSED TIME=         37.27 s  REMAINING TIME=         26.99 s
 NC=  232100 T= 5.8025E+00 DT= 2.5000E-05 ERR=  0.0% DM/M= 0.0000E+00
 ELAPSED TIME=         37.29 s  REMAINING TIME=         26.97 s
 NC=  232200 T= 5.8050E+00 DT= 2.5000E-05 ERR= -0.0% DM/M= 0.0000E+00
 ELAPSED TIME=         37.30 s  REMAINING TIME=         26.96 s
 NC=  232300 T= 5.8075E+00 DT= 2.5000E-05 ERR=  0.0% DM/M= 0.0000E+00
 ELAPSED TIME=         37.32 s  REMAINING TIME=         26.94 s
 NC=  232400 T= 5.8100E+00 DT= 2.5000E-05 ERR= -0.0% DM/M= 0.0000E+00
 ELAPSED TIME=         37.33 s  REMAINING TIME=         26.92 s
 NC=  232500 T= 5.8125E+00 DT= 2.5000E-05 ERR=  0.0% DM/M= 0.0000E+00
 ELAPSED TIME=         37.35 s  REMAINING TIME=         26.90 s
 NC=  232600 T= 5.8150E+00 DT= 2.5000E-05 ERR= -0.0% DM/M= 0.0000E+00
 ELAPSED TIME=         37.36 s  REMAINING TIME=         26.89 s
 NC=  232700 T= 5.8175E+00 DT= 2.5000E-05 ERR=  0.0% DM/M= 0.0000E+00
 ELAPSED TIME=         37.37 s  REMAINING TIME=         26.87 s
 NC=  232800 T= 5.8200E+00 DT= 2.5000E-05 ERR= -0.0% DM/M= 0.0000E+00
 ELAPSED TIME=         37.39 s  REMAINING TIME=         26.85 s
 NC=  232900 T= 5.8225E+00 DT= 2.5000E-05 ERR=  0.0% DM/M= 0.0000E+00
 ELAPSED TIME=         37.40 s  REMAINING TIME=         26.84 s
 NC=  233000 T= 5.8250E+00 DT= 2.5000E-05 ERR= -0.0% DM/M= 0.0000E+00
 ELAPSED TIME=         37.42 s  REMAINING TIME=         26.82 s
 NC=  233100 T= 5.8275E+00 DT= 2.5000E-05 ERR=  0.0% DM/M= 0.0000E+00
 ELAPSED TIME=         37.43 s  REMAINING TIME=         26.80 s
 NC=  233200 T= 5.8300E+00 DT= 2.5000E-05 ERR= -0.0% DM/M= 0.0000E+00
 ELAPSED TIME=         37.45 s  REMAINING TIME=         26.78 s
 NC=  233300 T= 5.8325E+00 DT= 2.5000E-05 ERR=  0.0% DM/M= 0.0000E+00
 ELAPSED TIME=         37.46 s  REMAINING TIME=         26.77 s
 NC=  233400 T= 5.8350E+00 DT= 2.5000E-05 ERR= -0.0% DM/M= 0.0000E+00
 ELAPSED TIME=         37.48 s  REMAINING TIME=         26.75 s
 NC=  233500 T= 5.8375E+00 DT= 2.5000E-05 ERR=  0.0% DM/M= 0.0000E+00
 ELAPSED TIME=         37.49 s  REMAINING TIME=         26.73 s
 NC=  233600 T= 5.8400E+00 DT= 2.5000E-05 ERR= -0.0% DM/M= 0.0000E+00
 ELAPSED TIME=         37.50 s  REMAINING TIME=         26.72 s
 NC=  233700 T= 5.8425E+00 DT= 2.5000E-05 ERR=  0.0% DM/M= 0.0000E+00
 ELAPSED TIME=         37.52 s  REMAINING TIME=         26.70 s
 NC=  233800 T= 5.8450E+00 DT= 2.5000E-05 ERR= -0.0% DM/M= 0.0000E+00
 ELAPSED TIME=         37.53 s  REMAINING TIME=         26.68 s
 NC=  233900 T= 5.8475E+00 DT= 2.5000E-05 ERR=  0.0% DM/M= 0.0000E+00
 ELAPSED TIME=         37.55 s  REMAINING TIME=         26.66 s
 NC=  234000 T= 5.8500E+00 DT= 2.5000E-05 ERR= -0.0% DM/M= 0.0000E+00
 ELAPSED TIME=         37.56 s  REMAINING TIME=         26.65 s
 NC=  234100 T= 5.8525E+00 DT= 2.5000E-05 ERR=  0.0% DM/M= 0.0000E+00
 ELAPSED TIME=         37.58 s  REMAINING TIME=         26.63 s
 NC=  234200 T= 5.8550E+00 DT= 2.5000E-05 ERR= -0.0% DM/M= 0.0000E+00
 ELAPSED TIME=         37.59 s  REMAINING TIME=         26.61 s
 NC=  234300 T= 5.8575E+00 DT= 2.5000E-05 ERR=  0.0% DM/M= 0.0000E+00
 ELAPSED TIME=         37.61 s  REMAINING TIME=         26.60 s
 NC=  234400 T= 5.8600E+00 DT= 2.5000E-05 ERR= -0.0% DM/M= 0.0000E+00
 ELAPSED TIME=         37.62 s  REMAINING TIME=         26.58 s
 NC=  234500 T= 5.8625E+00 DT= 2.5000E-05 ERR=  0.0% DM/M= 0.0000E+00
 ELAPSED TIME=         37.64 s  REMAINING TIME=         26.56 s
 NC=  234600 T= 5.8650E+00 DT= 2.5000E-05 ERR= -0.0% DM/M= 0.0000E+00
 ELAPSED TIME=         37.65 s  REMAINING TIME=         26.54 s
 NC=  234700 T= 5.8675E+00 DT= 2.5000E-05 ERR=  0.0% DM/M= 0.0000E+00
 ELAPSED TIME=         37.66 s  REMAINING TIME=         26.53 s
 NC=  234800 T= 5.8700E+00 DT= 2.5000E-05 ERR= -0.0% DM/M= 0.0000E+00
 ELAPSED TIME=         37.68 s  REMAINING TIME=         26.51 s
 NC=  234900 T= 5.8725E+00 DT= 2.5000E-05 ERR=  0.0% DM/M= 0.0000E+00
 ELAPSED TIME=         37.69 s  REMAINING TIME=         26.49 s
 NC=  235000 T= 5.8750E+00 DT= 2.5000E-05 ERR= -0.0% DM/M= 0.0000E+00
 ELAPSED TIME=         37.71 s  REMAINING TIME=         26.48 s
 NC=  235100 T= 5.8775E+00 DT= 2.5000E-05 ERR=  0.0% DM/M= 0.0000E+00
 ELAPSED TIME=         37.72 s  REMAINING TIME=         26.46 s
 NC=  235200 T= 5.8800E+00 DT= 2.5000E-05 ERR= -0.0% DM/M= 0.0000E+00
 ELAPSED TIME=         37.74 s  REMAINING TIME=         26.44 s
 NC=  235300 T= 5.8825E+00 DT= 2.5000E-05 ERR=  0.0% DM/M= 0.0000E+00
 ELAPSED TIME=         37.75 s  REMAINING TIME=         26.42 s
 NC=  235400 T= 5.8850E+00 DT= 2.5000E-05 ERR= -0.0% DM/M= 0.0000E+00
 ELAPSED TIME=         37.77 s  REMAINING TIME=         26.41 s
 NC=  235500 T= 5.8875E+00 DT= 2.5000E-05 ERR=  0.0% DM/M= 0.0000E+00
 ELAPSED TIME=         37.78 s  REMAINING TIME=         26.39 s
 NC=  235600 T= 5.8900E+00 DT= 2.5000E-05 ERR= -0.0% DM/M= 0.0000E+00
 ELAPSED TIME=         37.79 s  REMAINING TIME=         26.37 s
 NC=  235700 T= 5.8925E+00 DT= 2.5000E-05 ERR=  0.0% DM/M= 0.0000E+00
 ELAPSED TIME=         37.81 s  REMAINING TIME=         26.36 s
 NC=  235800 T= 5.8950E+00 DT= 2.5000E-05 ERR= -0.0% DM/M= 0.0000E+00
 ELAPSED TIME=         37.82 s  REMAINING TIME=         26.34 s
 NC=  235900 T= 5.8975E+00 DT= 2.5000E-05 ERR=  0.0% DM/M= 0.0000E+00
 ELAPSED TIME=         37.84 s  REMAINING TIME=         26.32 s
 NC=  236000 T= 5.9000E+00 DT= 2.5000E-05 ERR= -0.0% DM/M= 0.0000E+00
 ELAPSED TIME=         37.85 s  REMAINING TIME=         26.30 s
 NC=  236100 T= 5.9025E+00 DT= 2.5000E-05 ERR=  0.0% DM/M= 0.0000E+00
 ELAPSED TIME=         37.87 s  REMAINING TIME=         26.29 s
 NC=  236200 T= 5.9050E+00 DT= 2.5000E-05 ERR= -0.0% DM/M= 0.0000E+00
 ELAPSED TIME=         37.88 s  REMAINING TIME=         26.27 s
 NC=  236300 T= 5.9075E+00 DT= 2.5000E-05 ERR=  0.0% DM/M= 0.0000E+00
 ELAPSED TIME=         37.90 s  REMAINING TIME=         26.25 s
 NC=  236400 T= 5.9100E+00 DT= 2.5000E-05 ERR= -0.0% DM/M= 0.0000E+00
 ELAPSED TIME=         37.91 s  REMAINING TIME=         26.24 s
 NC=  236500 T= 5.9125E+00 DT= 2.5000E-05 ERR=  0.0% DM/M= 0.0000E+00
 ELAPSED TIME=         37.93 s  REMAINING TIME=         26.22 s
 NC=  236600 T= 5.9150E+00 DT= 2.5000E-05 ERR= -0.0% DM/M= 0.0000E+00
 ELAPSED TIME=         37.94 s  REMAINING TIME=         26.20 s
 NC=  236700 T= 5.9175E+00 DT= 2.5000E-05 ERR=  0.0% DM/M= 0.0000E+00
 ELAPSED TIME=         37.96 s  REMAINING TIME=         26.19 s
 NC=  236800 T= 5.9200E+00 DT= 2.5000E-05 ERR= -0.0% DM/M= 0.0000E+00
 ELAPSED TIME=         37.98 s  REMAINING TIME=         26.17 s
 NC=  236900 T= 5.9225E+00 DT= 2.5000E-05 ERR=  0.0% DM/M= 0.0000E+00
 ELAPSED TIME=         38.00 s  REMAINING TIME=         26.17 s
 NC=  237000 T= 5.9250E+00 DT= 2.5000E-05 ERR= -0.0% DM/M= 0.0000E+00
 ELAPSED TIME=         38.03 s  REMAINING TIME=         26.16 s
 NC=  237100 T= 5.9275E+00 DT= 2.5000E-05 ERR=  0.0% DM/M= 0.0000E+00
 ELAPSED TIME=         38.05 s  REMAINING TIME=         26.15 s
 NC=  237200 T= 5.9300E+00 DT= 2.5000E-05 ERR= -0.0% DM/M= 0.0000E+00
 ELAPSED TIME=         38.08 s  REMAINING TIME=         26.14 s
 NC=  237300 T= 5.9325E+00 DT= 2.5000E-05 ERR=  0.0% DM/M= 0.0000E+00
 ELAPSED TIME=         38.11 s  REMAINING TIME=         26.13 s
 NC=  237400 T= 5.9350E+00 DT= 2.5000E-05 ERR= -0.0% DM/M= 0.0000E+00
 ELAPSED TIME=         38.13 s  REMAINING TIME=         26.12 s
 NC=  237500 T= 5.9375E+00 DT= 2.5000E-05 ERR=  0.0% DM/M= 0.0000E+00
 ELAPSED TIME=         38.16 s  REMAINING TIME=         26.11 s
 NC=  237600 T= 5.9400E+00 DT= 2.5000E-05 ERR= -0.0% DM/M= 0.0000E+00
 ELAPSED TIME=         38.18 s  REMAINING TIME=         26.10 s
 NC=  237700 T= 5.9425E+00 DT= 2.5000E-05 ERR=  0.0% DM/M= 0.0000E+00
 ELAPSED TIME=         38.21 s  REMAINING TIME=         26.09 s
 NC=  237800 T= 5.9450E+00 DT= 2.5000E-05 ERR= -0.0% DM/M= 0.0000E+00
 ELAPSED TIME=         38.23 s  REMAINING TIME=         26.08 s
 NC=  237900 T= 5.9475E+00 DT= 2.5000E-05 ERR=  0.0% DM/M= 0.0000E+00
 ELAPSED TIME=         38.26 s  REMAINING TIME=         26.07 s
 NC=  238000 T= 5.9500E+00 DT= 2.5000E-05 ERR= -0.0% DM/M= 0.0000E+00
 ELAPSED TIME=         38.28 s  REMAINING TIME=         26.06 s
 NC=  238100 T= 5.9525E+00 DT= 2.5000E-05 ERR=  0.0% DM/M= 0.0000E+00
 ELAPSED TIME=         38.30 s  REMAINING TIME=         26.04 s
 NC=  238200 T= 5.9550E+00 DT= 2.5000E-05 ERR= -0.0% DM/M= 0.0000E+00
 ELAPSED TIME=         38.31 s  REMAINING TIME=         26.03 s
 NC=  238300 T= 5.9575E+00 DT= 2.5000E-05 ERR=  0.0% DM/M= 0.0000E+00
 ELAPSED TIME=         38.33 s  REMAINING TIME=         26.01 s
 NC=  238400 T= 5.9600E+00 DT= 2.5000E-05 ERR= -0.0% DM/M= 0.0000E+00
 ELAPSED TIME=         38.34 s  REMAINING TIME=         25.99 s
 NC=  238500 T= 5.9625E+00 DT= 2.5000E-05 ERR=  0.0% DM/M= 0.0000E+00
 ELAPSED TIME=         38.36 s  REMAINING TIME=         25.97 s
 NC=  238600 T= 5.9650E+00 DT= 2.5000E-05 ERR= -0.0% DM/M= 0.0000E+00
 ELAPSED TIME=         38.37 s  REMAINING TIME=         25.96 s
 NC=  238700 T= 5.9675E+00 DT= 2.5000E-05 ERR=  0.0% DM/M= 0.0000E+00
 ELAPSED TIME=         38.39 s  REMAINING TIME=         25.94 s
 NC=  238800 T= 5.9700E+00 DT= 2.5000E-05 ERR= -0.0% DM/M= 0.0000E+00
 ELAPSED TIME=         38.40 s  REMAINING TIME=         25.92 s
 NC=  238900 T= 5.9725E+00 DT= 2.5000E-05 ERR=  0.0% DM/M= 0.0000E+00
 ELAPSED TIME=         38.42 s  REMAINING TIME=         25.91 s
 NC=  239000 T= 5.9750E+00 DT= 2.5000E-05 ERR= -0.0% DM/M= 0.0000E+00
 ELAPSED TIME=         38.43 s  REMAINING TIME=         25.89 s
 NC=  239100 T= 5.9775E+00 DT= 2.5000E-05 ERR=  0.0% DM/M= 0.0000E+00
 ELAPSED TIME=         38.44 s  REMAINING TIME=         25.87 s
 NC=  239200 T= 5.9800E+00 DT= 2.5000E-05 ERR= -0.0% DM/M= 0.0000E+00
 ELAPSED TIME=         38.46 s  REMAINING TIME=         25.85 s
 NC=  239300 T= 5.9825E+00 DT= 2.5000E-05 ERR=  0.0% DM/M= 0.0000E+00
 ELAPSED TIME=         38.47 s  REMAINING TIME=         25.84 s
 NC=  239400 T= 5.9850E+00 DT= 2.5000E-05 ERR= -0.0% DM/M= 0.0000E+00
 ELAPSED TIME=         38.49 s  REMAINING TIME=         25.82 s
 NC=  239500 T= 5.9875E+00 DT= 2.5000E-05 ERR=  0.0% DM/M= 0.0000E+00
 ELAPSED TIME=         38.50 s  REMAINING TIME=         25.80 s
 NC=  239600 T= 5.9900E+00 DT= 2.5000E-05 ERR= -0.0% DM/M= 0.0000E+00
 ELAPSED TIME=         38.52 s  REMAINING TIME=         25.79 s
 NC=  239700 T= 5.9925E+00 DT= 2.5000E-05 ERR=  0.0% DM/M= 0.0000E+00
 ELAPSED TIME=         38.53 s  REMAINING TIME=         25.77 s
 NC=  239800 T= 5.9950E+00 DT= 2.5000E-05 ERR= -0.0% DM/M= 0.0000E+00
 ELAPSED TIME=         38.55 s  REMAINING TIME=         25.75 s
 NC=  239900 T= 5.9975E+00 DT= 2.5000E-05 ERR=  0.0% DM/M= 0.0000E+00
 ELAPSED TIME=         38.56 s  REMAINING TIME=         25.73 s
 NC=  240000 T= 6.0000E+00 DT= 2.5000E-05 ERR= -0.0% DM/M= 0.0000E+00
 ELAPSED TIME=         38.58 s  REMAINING TIME=         25.72 s
     ANIMATION FILE: A23_w1_REFERENCE_ROTATION_YA025 WRITTEN
 NC=  240100 T= 6.0025E+00 DT= 2.5000E-05 ERR=  0.0% DM/M= 0.0000E+00
 ELAPSED TIME=         38.60 s  REMAINING TIME=         25.71 s
 NC=  240200 T= 6.0050E+00 DT= 2.5000E-05 ERR= -0.0% DM/M= 0.0000E+00
 ELAPSED TIME=         38.62 s  REMAINING TIME=         25.69 s
 NC=  240300 T= 6.0075E+00 DT= 2.5000E-05 ERR=  0.0% DM/M= 0.0000E+00
 ELAPSED TIME=         38.64 s  REMAINING TIME=         25.68 s
 NC=  240400 T= 6.0100E+00 DT= 2.5000E-05 ERR= -0.0% DM/M= 0.0000E+00
 ELAPSED TIME=         38.67 s  REMAINING TIME=         25.67 s
 NC=  240500 T= 6.0125E+00 DT= 2.5000E-05 ERR=  0.0% DM/M= 0.0000E+00
 ELAPSED TIME=         38.69 s  REMAINING TIME=         25.66 s
 NC=  240600 T= 6.0150E+00 DT= 2.5000E-05 ERR= -0.0% DM/M= 0.0000E+00
 ELAPSED TIME=         38.72 s  REMAINING TIME=         25.65 s
 NC=  240700 T= 6.0175E+00 DT= 2.5000E-05 ERR=  0.0% DM/M= 0.0000E+00
 ELAPSED TIME=         38.75 s  REMAINING TIME=         25.64 s
 NC=  240800 T= 6.0200E+00 DT= 2.5000E-05 ERR= -0.0% DM/M= 0.0000E+00
 ELAPSED TIME=         38.77 s  REMAINING TIME=         25.63 s
 NC=  240900 T= 6.0225E+00 DT= 2.5000E-05 ERR=  0.0% DM/M= 0.0000E+00
 ELAPSED TIME=         38.80 s  REMAINING TIME=         25.62 s
 NC=  241000 T= 6.0250E+00 DT= 2.5000E-05 ERR= -0.0% DM/M= 0.0000E+00
 ELAPSED TIME=         38.82 s  REMAINING TIME=         25.61 s
 NC=  241100 T= 6.0275E+00 DT= 2.5000E-05 ERR=  0.0% DM/M= 0.0000E+00
 ELAPSED TIME=         38.85 s  REMAINING TIME=         25.60 s
 NC=  241200 T= 6.0300E+00 DT= 2.5000E-05 ERR= -0.0% DM/M= 0.0000E+00
 ELAPSED TIME=         38.87 s  REMAINING TIME=         25.59 s
 NC=  241300 T= 6.0325E+00 DT= 2.5000E-05 ERR=  0.0% DM/M= 0.0000E+00
 ELAPSED TIME=         38.90 s  REMAINING TIME=         25.58 s
 NC=  241400 T= 6.0350E+00 DT= 2.5000E-05 ERR= -0.0% DM/M= 0.0000E+00
 ELAPSED TIME=         38.92 s  REMAINING TIME=         25.57 s
 NC=  241500 T= 6.0375E+00 DT= 2.5000E-05 ERR=  0.0% DM/M= 0.0000E+00
 ELAPSED TIME=         38.95 s  REMAINING TIME=         25.56 s
 NC=  241600 T= 6.0400E+00 DT= 2.5000E-05 ERR= -0.0% DM/M= 0.0000E+00
 ELAPSED TIME=         38.97 s  REMAINING TIME=         25.55 s
 NC=  241700 T= 6.0425E+00 DT= 2.5000E-05 ERR=  0.0% DM/M= 0.0000E+00
 ELAPSED TIME=         39.00 s  REMAINING TIME=         25.54 s
 NC=  241800 T= 6.0450E+00 DT= 2.5000E-05 ERR= -0.0% DM/M= 0.0000E+00
 ELAPSED TIME=         39.02 s  REMAINING TIME=         25.53 s
 NC=  241900 T= 6.0475E+00 DT= 2.5000E-05 ERR=  0.0% DM/M= 0.0000E+00
 ELAPSED TIME=         39.05 s  REMAINING TIME=         25.52 s
 NC=  242000 T= 6.0500E+00 DT= 2.5000E-05 ERR= -0.0% DM/M= 0.0000E+00
 ELAPSED TIME=         39.07 s  REMAINING TIME=         25.51 s
 NC=  242100 T= 6.0525E+00 DT= 2.5000E-05 ERR=  0.0% DM/M= 0.0000E+00
 ELAPSED TIME=         39.10 s  REMAINING TIME=         25.50 s
 NC=  242200 T= 6.0550E+00 DT= 2.5000E-05 ERR= -0.0% DM/M= 0.0000E+00
 ELAPSED TIME=         39.12 s  REMAINING TIME=         25.49 s
 NC=  242300 T= 6.0575E+00 DT= 2.5000E-05 ERR=  0.0% DM/M= 0.0000E+00
 ELAPSED TIME=         39.15 s  REMAINING TIME=         25.48 s
 NC=  242400 T= 6.0600E+00 DT= 2.5000E-05 ERR= -0.0% DM/M= 0.0000E+00
 ELAPSED TIME=         39.17 s  REMAINING TIME=         25.47 s
 NC=  242500 T= 6.0625E+00 DT= 2.5000E-05 ERR=  0.0% DM/M= 0.0000E+00
 ELAPSED TIME=         39.20 s  REMAINING TIME=         25.46 s
 NC=  242600 T= 6.0650E+00 DT= 2.5000E-05 ERR= -0.0% DM/M= 0.0000E+00
 ELAPSED TIME=         39.22 s  REMAINING TIME=         25.45 s
 NC=  242700 T= 6.0675E+00 DT= 2.5000E-05 ERR=  0.0% DM/M= 0.0000E+00
 ELAPSED TIME=         39.25 s  REMAINING TIME=         25.44 s
 NC=  242800 T= 6.0700E+00 DT= 2.5000E-05 ERR= -0.0% DM/M= 0.0000E+00
 ELAPSED TIME=         39.27 s  REMAINING TIME=         25.43 s
 NC=  242900 T= 6.0725E+00 DT= 2.5000E-05 ERR=  0.0% DM/M= 0.0000E+00
 ELAPSED TIME=         39.30 s  REMAINING TIME=         25.42 s
 NC=  243000 T= 6.0750E+00 DT= 2.5000E-05 ERR= -0.0% DM/M= 0.0000E+00
 ELAPSED TIME=         39.32 s  REMAINING TIME=         25.41 s
 NC=  243100 T= 6.0775E+00 DT= 2.5000E-05 ERR=  0.0% DM/M= 0.0000E+00
 ELAPSED TIME=         39.35 s  REMAINING TIME=         25.40 s
 NC=  243200 T= 6.0800E+00 DT= 2.5000E-05 ERR= -0.0% DM/M= 0.0000E+00
 ELAPSED TIME=         39.37 s  REMAINING TIME=         25.39 s
 NC=  243300 T= 6.0825E+00 DT= 2.5000E-05 ERR=  0.0% DM/M= 0.0000E+00
 ELAPSED TIME=         39.40 s  REMAINING TIME=         25.38 s
 NC=  243400 T= 6.0850E+00 DT= 2.5000E-05 ERR= -0.0% DM/M= 0.0000E+00
 ELAPSED TIME=         39.42 s  REMAINING TIME=         25.36 s
 NC=  243500 T= 6.0875E+00 DT= 2.5000E-05 ERR=  0.0% DM/M= 0.0000E+00
 ELAPSED TIME=         39.45 s  REMAINING TIME=         25.35 s
 NC=  243600 T= 6.0900E+00 DT= 2.5000E-05 ERR= -0.0% DM/M= 0.0000E+00
 ELAPSED TIME=         39.47 s  REMAINING TIME=         25.34 s
 NC=  243700 T= 6.0925E+00 DT= 2.5000E-05 ERR=  0.0% DM/M= 0.0000E+00
 ELAPSED TIME=         39.50 s  REMAINING TIME=         25.33 s
 NC=  243800 T= 6.0950E+00 DT= 2.5000E-05 ERR= -0.0% DM/M= 0.0000E+00
 ELAPSED TIME=         39.52 s  REMAINING TIME=         25.32 s
 NC=  243900 T= 6.0975E+00 DT= 2.5000E-05 ERR=  0.0% DM/M= 0.0000E+00
 ELAPSED TIME=         39.55 s  REMAINING TIME=         25.31 s
 NC=  244000 T= 6.1000E+00 DT= 2.5000E-05 ERR= -0.0% DM/M= 0.0000E+00
 ELAPSED TIME=         39.57 s  REMAINING TIME=         25.30 s
 NC=  244100 T= 6.1025E+00 DT= 2.5000E-05 ERR=  0.0% DM/M= 0.0000E+00
 ELAPSED TIME=         39.60 s  REMAINING TIME=         25.29 s
 NC=  244200 T= 6.1050E+00 DT= 2.5000E-05 ERR= -0.0% DM/M= 0.0000E+00
 ELAPSED TIME=         39.62 s  REMAINING TIME=         25.28 s
 NC=  244300 T= 6.1075E+00 DT= 2.5000E-05 ERR=  0.0% DM/M= 0.0000E+00
 ELAPSED TIME=         39.64 s  REMAINING TIME=         25.26 s
 NC=  244400 T= 6.1100E+00 DT= 2.5000E-05 ERR= -0.0% DM/M= 0.0000E+00
 ELAPSED TIME=         39.66 s  REMAINING TIME=         25.25 s
 NC=  244500 T= 6.1125E+00 DT= 2.5000E-05 ERR=  0.0% DM/M= 0.0000E+00
 ELAPSED TIME=         39.69 s  REMAINING TIME=         25.24 s
 NC=  244600 T= 6.1150E+00 DT= 2.5000E-05 ERR= -0.0% DM/M= 0.0000E+00
 ELAPSED TIME=         39.71 s  REMAINING TIME=         25.23 s
 NC=  244700 T= 6.1175E+00 DT= 2.5000E-05 ERR=  0.0% DM/M= 0.0000E+00
 ELAPSED TIME=         39.74 s  REMAINING TIME=         25.22 s
 NC=  244800 T= 6.1200E+00 DT= 2.5000E-05 ERR= -0.0% DM/M= 0.0000E+00
 ELAPSED TIME=         39.76 s  REMAINING TIME=         25.21 s
 NC=  244900 T= 6.1225E+00 DT= 2.5000E-05 ERR=  0.0% DM/M= 0.0000E+00
 ELAPSED TIME=         39.79 s  REMAINING TIME=         25.20 s
 NC=  245000 T= 6.1250E+00 DT= 2.5000E-05 ERR= -0.0% DM/M= 0.0000E+00
 ELAPSED TIME=         39.81 s  REMAINING TIME=         25.19 s
 NC=  245100 T= 6.1275E+00 DT= 2.5000E-05 ERR=  0.0% DM/M= 0.0000E+00
 ELAPSED TIME=         39.84 s  REMAINING TIME=         25.18 s
 NC=  245200 T= 6.1300E+00 DT= 2.5000E-05 ERR= -0.0% DM/M= 0.0000E+00
 ELAPSED TIME=         39.86 s  REMAINING TIME=         25.17 s
 NC=  245300 T= 6.1325E+00 DT= 2.5000E-05 ERR=  0.0% DM/M= 0.0000E+00
 ELAPSED TIME=         39.89 s  REMAINING TIME=         25.16 s
 NC=  245400 T= 6.1350E+00 DT= 2.5000E-05 ERR= -0.0% DM/M= 0.0000E+00
 ELAPSED TIME=         39.91 s  REMAINING TIME=         25.15 s
 NC=  245500 T= 6.1375E+00 DT= 2.5000E-05 ERR=  0.0% DM/M= 0.0000E+00
 ELAPSED TIME=         39.94 s  REMAINING TIME=         25.13 s
 NC=  245600 T= 6.1400E+00 DT= 2.5000E-05 ERR= -0.0% DM/M= 0.0000E+00
 ELAPSED TIME=         39.96 s  REMAINING TIME=         25.12 s
 NC=  245700 T= 6.1425E+00 DT= 2.5000E-05 ERR=  0.0% DM/M= 0.0000E+00
 ELAPSED TIME=         39.99 s  REMAINING TIME=         25.11 s
 NC=  245800 T= 6.1450E+00 DT= 2.5000E-05 ERR= -0.0% DM/M= 0.0000E+00
 ELAPSED TIME=         40.01 s  REMAINING TIME=         25.10 s
 NC=  245900 T= 6.1475E+00 DT= 2.5000E-05 ERR=  0.0% DM/M= 0.0000E+00
 ELAPSED TIME=         40.03 s  REMAINING TIME=         25.09 s
 NC=  246000 T= 6.1500E+00 DT= 2.5000E-05 ERR= -0.0% DM/M= 0.0000E+00
 ELAPSED TIME=         40.04 s  REMAINING TIME=         25.07 s
 NC=  246100 T= 6.1525E+00 DT= 2.5000E-05 ERR=  0.0% DM/M= 0.0000E+00
 ELAPSED TIME=         40.06 s  REMAINING TIME=         25.05 s
 NC=  246200 T= 6.1550E+00 DT= 2.5000E-05 ERR= -0.0% DM/M= 0.0000E+00
 ELAPSED TIME=         40.07 s  REMAINING TIME=         25.03 s
 NC=  246300 T= 6.1575E+00 DT= 2.5000E-05 ERR=  0.0% DM/M= 0.0000E+00
 ELAPSED TIME=         40.09 s  REMAINING TIME=         25.02 s
 NC=  246400 T= 6.1600E+00 DT= 2.5000E-05 ERR= -0.0% DM/M= 0.0000E+00
 ELAPSED TIME=         40.10 s  REMAINING TIME=         25.00 s
 NC=  246500 T= 6.1625E+00 DT= 2.5000E-05 ERR=  0.0% DM/M= 0.0000E+00
 ELAPSED TIME=         40.12 s  REMAINING TIME=         24.98 s
 NC=  246600 T= 6.1650E+00 DT= 2.5000E-05 ERR= -0.0% DM/M= 0.0000E+00
 ELAPSED TIME=         40.13 s  REMAINING TIME=         24.96 s
 NC=  246700 T= 6.1675E+00 DT= 2.5000E-05 ERR=  0.0% DM/M= 0.0000E+00
 ELAPSED TIME=         40.15 s  REMAINING TIME=         24.95 s
 NC=  246800 T= 6.1700E+00 DT= 2.5000E-05 ERR= -0.0% DM/M= 0.0000E+00
 ELAPSED TIME=         40.16 s  REMAINING TIME=         24.93 s
 NC=  246900 T= 6.1725E+00 DT= 2.5000E-05 ERR=  0.0% DM/M= 0.0000E+00
 ELAPSED TIME=         40.17 s  REMAINING TIME=         24.91 s
 NC=  247000 T= 6.1750E+00 DT= 2.5000E-05 ERR= -0.0% DM/M= 0.0000E+00
 ELAPSED TIME=         40.19 s  REMAINING TIME=         24.89 s
 NC=  247100 T= 6.1775E+00 DT= 2.5000E-05 ERR=  0.0% DM/M= 0.0000E+00
 ELAPSED TIME=         40.20 s  REMAINING TIME=         24.88 s
 NC=  247200 T= 6.1800E+00 DT= 2.5000E-05 ERR= -0.0% DM/M= 0.0000E+00
 ELAPSED TIME=         40.22 s  REMAINING TIME=         24.86 s
 NC=  247300 T= 6.1825E+00 DT= 2.5000E-05 ERR=  0.0% DM/M= 0.0000E+00
 ELAPSED TIME=         40.23 s  REMAINING TIME=         24.84 s
 NC=  247400 T= 6.1850E+00 DT= 2.5000E-05 ERR= -0.0% DM/M= 0.0000E+00
 ELAPSED TIME=         40.25 s  REMAINING TIME=         24.82 s
 NC=  247500 T= 6.1875E+00 DT= 2.5000E-05 ERR=  0.0% DM/M= 0.0000E+00
 ELAPSED TIME=         40.26 s  REMAINING TIME=         24.81 s
 NC=  247600 T= 6.1900E+00 DT= 2.5000E-05 ERR= -0.0% DM/M= 0.0000E+00
 ELAPSED TIME=         40.28 s  REMAINING TIME=         24.79 s
 NC=  247700 T= 6.1925E+00 DT= 2.5000E-05 ERR=  0.0% DM/M= 0.0000E+00
 ELAPSED TIME=         40.29 s  REMAINING TIME=         24.77 s
 NC=  247800 T= 6.1950E+00 DT= 2.5000E-05 ERR= -0.0% DM/M= 0.0000E+00
 ELAPSED TIME=         40.30 s  REMAINING TIME=         24.76 s
 NC=  247900 T= 6.1975E+00 DT= 2.5000E-05 ERR=  0.0% DM/M= 0.0000E+00
 ELAPSED TIME=         40.32 s  REMAINING TIME=         24.74 s
 NC=  248000 T= 6.2000E+00 DT= 2.5000E-05 ERR= -0.0% DM/M= 0.0000E+00
 ELAPSED TIME=         40.33 s  REMAINING TIME=         24.72 s
 NC=  248100 T= 6.2025E+00 DT= 2.5000E-05 ERR=  0.0% DM/M= 0.0000E+00
 ELAPSED TIME=         40.35 s  REMAINING TIME=         24.70 s
 NC=  248200 T= 6.2050E+00 DT= 2.5000E-05 ERR= -0.0% DM/M= 0.0000E+00
 ELAPSED TIME=         40.36 s  REMAINING TIME=         24.69 s
 NC=  248300 T= 6.2075E+00 DT= 2.5000E-05 ERR=  0.0% DM/M= 0.0000E+00
 ELAPSED TIME=         40.38 s  REMAINING TIME=         24.67 s
 NC=  248400 T= 6.2100E+00 DT= 2.5000E-05 ERR= -0.0% DM/M= 0.0000E+00
 ELAPSED TIME=         40.39 s  REMAINING TIME=         24.65 s
 NC=  248500 T= 6.2125E+00 DT= 2.5000E-05 ERR=  0.0% DM/M= 0.0000E+00
 ELAPSED TIME=         40.41 s  REMAINING TIME=         24.63 s
 NC=  248600 T= 6.2150E+00 DT= 2.5000E-05 ERR= -0.0% DM/M= 0.0000E+00
 ELAPSED TIME=         40.42 s  REMAINING TIME=         24.62 s
 NC=  248700 T= 6.2175E+00 DT= 2.5000E-05 ERR=  0.0% DM/M= 0.0000E+00
 ELAPSED TIME=         40.43 s  REMAINING TIME=         24.60 s
 NC=  248800 T= 6.2200E+00 DT= 2.5000E-05 ERR= -0.0% DM/M= 0.0000E+00
 ELAPSED TIME=         40.45 s  REMAINING TIME=         24.58 s
 NC=  248900 T= 6.2225E+00 DT= 2.5000E-05 ERR=  0.0% DM/M= 0.0000E+00
 ELAPSED TIME=         40.46 s  REMAINING TIME=         24.56 s
 NC=  249000 T= 6.2250E+00 DT= 2.5000E-05 ERR= -0.0% DM/M= 0.0000E+00
 ELAPSED TIME=         40.48 s  REMAINING TIME=         24.55 s
 NC=  249100 T= 6.2275E+00 DT= 2.5000E-05 ERR=  0.0% DM/M= 0.0000E+00
 ELAPSED TIME=         40.49 s  REMAINING TIME=         24.53 s
 NC=  249200 T= 6.2300E+00 DT= 2.5000E-05 ERR= -0.0% DM/M= 0.0000E+00
 ELAPSED TIME=         40.51 s  REMAINING TIME=         24.51 s
 NC=  249300 T= 6.2325E+00 DT= 2.5000E-05 ERR=  0.0% DM/M= 0.0000E+00
 ELAPSED TIME=         40.52 s  REMAINING TIME=         24.49 s
 NC=  249400 T= 6.2350E+00 DT= 2.5000E-05 ERR= -0.0% DM/M= 0.0000E+00
 ELAPSED TIME=         40.53 s  REMAINING TIME=         24.48 s
 NC=  249500 T= 6.2375E+00 DT= 2.5000E-05 ERR=  0.0% DM/M= 0.0000E+00
 ELAPSED TIME=         40.55 s  REMAINING TIME=         24.46 s
 NC=  249600 T= 6.2400E+00 DT= 2.5000E-05 ERR= -0.0% DM/M= 0.0000E+00
 ELAPSED TIME=         40.56 s  REMAINING TIME=         24.44 s
 NC=  249700 T= 6.2425E+00 DT= 2.5000E-05 ERR=  0.0% DM/M= 0.0000E+00
 ELAPSED TIME=         40.58 s  REMAINING TIME=         24.43 s
 NC=  249800 T= 6.2450E+00 DT= 2.5000E-05 ERR= -0.0% DM/M= 0.0000E+00
 ELAPSED TIME=         40.59 s  REMAINING TIME=         24.41 s
 NC=  249900 T= 6.2475E+00 DT= 2.5000E-05 ERR=  0.0% DM/M= 0.0000E+00
 ELAPSED TIME=         40.61 s  REMAINING TIME=         24.39 s
 NC=  250000 T= 6.2500E+00 DT= 2.5000E-05 ERR= -0.0% DM/M= 0.0000E+00
 ELAPSED TIME=         40.62 s  REMAINING TIME=         24.37 s
     ANIMATION FILE: A23_w1_REFERENCE_ROTATION_YA026 WRITTEN
 NC=  250100 T= 6.2525E+00 DT= 2.5000E-05 ERR=  0.0% DM/M= 0.0000E+00
 ELAPSED TIME=         40.65 s  REMAINING TIME=         24.36 s
 NC=  250200 T= 6.2550E+00 DT= 2.5000E-05 ERR= -0.0% DM/M= 0.0000E+00
 ELAPSED TIME=         40.68 s  REMAINING TIME=         24.35 s
 NC=  250300 T= 6.2575E+00 DT= 2.5000E-05 ERR=  0.0% DM/M= 0.0000E+00
 ELAPSED TIME=         40.70 s  REMAINING TIME=         24.34 s
 NC=  250400 T= 6.2600E+00 DT= 2.5000E-05 ERR= -0.0% DM/M= 0.0000E+00
 ELAPSED TIME=         40.73 s  REMAINING TIME=         24.33 s
 NC=  250500 T= 6.2625E+00 DT= 2.5000E-05 ERR=  0.0% DM/M= 0.0000E+00
 ELAPSED TIME=         40.75 s  REMAINING TIME=         24.32 s
 NC=  250600 T= 6.2650E+00 DT= 2.5000E-05 ERR= -0.0% DM/M= 0.0000E+00
 ELAPSED TIME=         40.78 s  REMAINING TIME=         24.31 s
 NC=  250700 T= 6.2675E+00 DT= 2.5000E-05 ERR=  0.0% DM/M= 0.0000E+00
 ELAPSED TIME=         40.80 s  REMAINING TIME=         24.30 s
 NC=  250800 T= 6.2700E+00 DT= 2.5000E-05 ERR= -0.0% DM/M= 0.0000E+00
 ELAPSED TIME=         40.83 s  REMAINING TIME=         24.29 s
 NC=  250900 T= 6.2725E+00 DT= 2.5000E-05 ERR=  0.0% DM/M= 0.0000E+00
 ELAPSED TIME=         40.85 s  REMAINING TIME=         24.28 s
 NC=  251000 T= 6.2750E+00 DT= 2.5000E-05 ERR= -0.0% DM/M= 0.0000E+00
 ELAPSED TIME=         40.88 s  REMAINING TIME=         24.27 s
 NC=  251100 T= 6.2775E+00 DT= 2.5000E-05 ERR=  0.0% DM/M= 0.0000E+00
 ELAPSED TIME=         40.90 s  REMAINING TIME=         24.25 s
 NC=  251200 T= 6.2800E+00 DT= 2.5000E-05 ERR= -0.0% DM/M= 0.0000E+00
 ELAPSED TIME=         40.93 s  REMAINING TIME=         24.24 s
 NC=  251300 T= 6.2825E+00 DT= 2.5000E-05 ERR=  0.0% DM/M= 0.0000E+00
 ELAPSED TIME=         40.95 s  REMAINING TIME=         24.23 s
 NC=  251400 T= 6.2850E+00 DT= 2.5000E-05 ERR= -0.0% DM/M= 0.0000E+00
 ELAPSED TIME=         40.98 s  REMAINING TIME=         24.22 s
 NC=  251500 T= 6.2875E+00 DT= 2.5000E-05 ERR=  0.0% DM/M= 0.0000E+00
 ELAPSED TIME=         41.00 s  REMAINING TIME=         24.21 s
 NC=  251600 T= 6.2900E+00 DT= 2.5000E-05 ERR= -0.0% DM/M= 0.0000E+00
 ELAPSED TIME=         41.03 s  REMAINING TIME=         24.20 s
 NC=  251700 T= 6.2925E+00 DT= 2.5000E-05 ERR=  0.0% DM/M= 0.0000E+00
 ELAPSED TIME=         41.05 s  REMAINING TIME=         24.19 s
 NC=  251800 T= 6.2950E+00 DT= 2.5000E-05 ERR= -0.0% DM/M= 0.0000E+00
 ELAPSED TIME=         41.08 s  REMAINING TIME=         24.18 s
 NC=  251900 T= 6.2975E+00 DT= 2.5000E-05 ERR=  0.0% DM/M= 0.0000E+00
 ELAPSED TIME=         41.10 s  REMAINING TIME=         24.17 s
 NC=  252000 T= 6.3000E+00 DT= 2.5000E-05 ERR= -0.0% DM/M= 0.0000E+00
 ELAPSED TIME=         41.13 s  REMAINING TIME=         24.16 s
 NC=  252100 T= 6.3025E+00 DT= 2.5000E-05 ERR=  0.0% DM/M= 0.0000E+00
 ELAPSED TIME=         41.16 s  REMAINING TIME=         24.14 s
 NC=  252200 T= 6.3050E+00 DT= 2.5000E-05 ERR= -0.0% DM/M= 0.0000E+00
 ELAPSED TIME=         41.18 s  REMAINING TIME=         24.13 s
 NC=  252300 T= 6.3075E+00 DT= 2.5000E-05 ERR=  0.0% DM/M= 0.0000E+00
 ELAPSED TIME=         41.21 s  REMAINING TIME=         24.12 s
 NC=  252400 T= 6.3100E+00 DT= 2.5000E-05 ERR= -0.0% DM/M= 0.0000E+00
 ELAPSED TIME=         41.23 s  REMAINING TIME=         24.11 s
 NC=  252500 T= 6.3125E+00 DT= 2.5000E-05 ERR=  0.0% DM/M= 0.0000E+00
 ELAPSED TIME=         41.26 s  REMAINING TIME=         24.10 s
 NC=  252600 T= 6.3150E+00 DT= 2.5000E-05 ERR= -0.0% DM/M= 0.0000E+00
 ELAPSED TIME=         41.28 s  REMAINING TIME=         24.09 s
 NC=  252700 T= 6.3175E+00 DT= 2.5000E-05 ERR=  0.0% DM/M= 0.0000E+00
 ELAPSED TIME=         41.31 s  REMAINING TIME=         24.08 s
 NC=  252800 T= 6.3200E+00 DT= 2.5000E-05 ERR= -0.0% DM/M= 0.0000E+00
 ELAPSED TIME=         41.33 s  REMAINING TIME=         24.07 s
 NC=  252900 T= 6.3225E+00 DT= 2.5000E-05 ERR=  0.0% DM/M= 0.0000E+00
 ELAPSED TIME=         41.36 s  REMAINING TIME=         24.06 s
 NC=  253000 T= 6.3250E+00 DT= 2.5000E-05 ERR= -0.0% DM/M= 0.0000E+00
 ELAPSED TIME=         41.38 s  REMAINING TIME=         24.04 s
 NC=  253100 T= 6.3275E+00 DT= 2.5000E-05 ERR=  0.0% DM/M= 0.0000E+00
 ELAPSED TIME=         41.41 s  REMAINING TIME=         24.03 s
 NC=  253200 T= 6.3300E+00 DT= 2.5000E-05 ERR= -0.0% DM/M= 0.0000E+00
 ELAPSED TIME=         41.43 s  REMAINING TIME=         24.02 s
 NC=  253300 T= 6.3325E+00 DT= 2.5000E-05 ERR=  0.0% DM/M= 0.0000E+00
 ELAPSED TIME=         41.46 s  REMAINING TIME=         24.01 s
 NC=  253400 T= 6.3350E+00 DT= 2.5000E-05 ERR= -0.0% DM/M= 0.0000E+00
 ELAPSED TIME=         41.48 s  REMAINING TIME=         24.00 s
 NC=  253500 T= 6.3375E+00 DT= 2.5000E-05 ERR=  0.0% DM/M= 0.0000E+00
 ELAPSED TIME=         41.51 s  REMAINING TIME=         23.99 s
 NC=  253600 T= 6.3400E+00 DT= 2.5000E-05 ERR= -0.0% DM/M= 0.0000E+00
 ELAPSED TIME=         41.53 s  REMAINING TIME=         23.98 s
 NC=  253700 T= 6.3425E+00 DT= 2.5000E-05 ERR=  0.0% DM/M= 0.0000E+00
 ELAPSED TIME=         41.55 s  REMAINING TIME=         23.96 s
 NC=  253800 T= 6.3450E+00 DT= 2.5000E-05 ERR= -0.0% DM/M= 0.0000E+00
 ELAPSED TIME=         41.57 s  REMAINING TIME=         23.95 s
 NC=  253900 T= 6.3475E+00 DT= 2.5000E-05 ERR=  0.0% DM/M= 0.0000E+00
 ELAPSED TIME=         41.58 s  REMAINING TIME=         23.93 s
 NC=  254000 T= 6.3500E+00 DT= 2.5000E-05 ERR= -0.0% DM/M= 0.0000E+00
 ELAPSED TIME=         41.60 s  REMAINING TIME=         23.91 s
 NC=  254100 T= 6.3525E+00 DT= 2.5000E-05 ERR=  0.0% DM/M= 0.0000E+00
 ELAPSED TIME=         41.61 s  REMAINING TIME=         23.89 s
 NC=  254200 T= 6.3550E+00 DT= 2.5000E-05 ERR= -0.0% DM/M= 0.0000E+00
 ELAPSED TIME=         41.63 s  REMAINING TIME=         23.88 s
 NC=  254300 T= 6.3575E+00 DT= 2.5000E-05 ERR=  0.0% DM/M= 0.0000E+00
 ELAPSED TIME=         41.64 s  REMAINING TIME=         23.86 s
 NC=  254400 T= 6.3600E+00 DT= 2.5000E-05 ERR= -0.0% DM/M= 0.0000E+00
 ELAPSED TIME=         41.66 s  REMAINING TIME=         23.84 s
 NC=  254500 T= 6.3625E+00 DT= 2.5000E-05 ERR=  0.0% DM/M= 0.0000E+00
 ELAPSED TIME=         41.67 s  REMAINING TIME=         23.82 s
 NC=  254600 T= 6.3650E+00 DT= 2.5000E-05 ERR= -0.0% DM/M= 0.0000E+00
 ELAPSED TIME=         41.68 s  REMAINING TIME=         23.81 s
 NC=  254700 T= 6.3675E+00 DT= 2.5000E-05 ERR=  0.0% DM/M= 0.0000E+00
 ELAPSED TIME=         41.70 s  REMAINING TIME=         23.79 s
 NC=  254800 T= 6.3700E+00 DT= 2.5000E-05 ERR= -0.0% DM/M= 0.0000E+00
 ELAPSED TIME=         41.71 s  REMAINING TIME=         23.77 s
 NC=  254900 T= 6.3725E+00 DT= 2.5000E-05 ERR=  0.0% DM/M= 0.0000E+00
 ELAPSED TIME=         41.73 s  REMAINING TIME=         23.75 s
 NC=  255000 T= 6.3750E+00 DT= 2.5000E-05 ERR= -0.0% DM/M= 0.0000E+00
 ELAPSED TIME=         41.74 s  REMAINING TIME=         23.74 s
 NC=  255100 T= 6.3775E+00 DT= 2.5000E-05 ERR=  0.0% DM/M= 0.0000E+00
 ELAPSED TIME=         41.76 s  REMAINING TIME=         23.72 s
 NC=  255200 T= 6.3800E+00 DT= 2.5000E-05 ERR= -0.0% DM/M= 0.0000E+00
 ELAPSED TIME=         41.77 s  REMAINING TIME=         23.70 s
 NC=  255300 T= 6.3825E+00 DT= 2.5000E-05 ERR=  0.0% DM/M= 0.0000E+00
 ELAPSED TIME=         41.79 s  REMAINING TIME=         23.68 s
 NC=  255400 T= 6.3850E+00 DT= 2.5000E-05 ERR= -0.0% DM/M= 0.0000E+00
 ELAPSED TIME=         41.80 s  REMAINING TIME=         23.67 s
 NC=  255500 T= 6.3875E+00 DT= 2.5000E-05 ERR=  0.0% DM/M= 0.0000E+00
 ELAPSED TIME=         41.81 s  REMAINING TIME=         23.65 s
 NC=  255600 T= 6.3900E+00 DT= 2.5000E-05 ERR= -0.0% DM/M= 0.0000E+00
 ELAPSED TIME=         41.83 s  REMAINING TIME=         23.63 s
 NC=  255700 T= 6.3925E+00 DT= 2.5000E-05 ERR=  0.0% DM/M= 0.0000E+00
 ELAPSED TIME=         41.84 s  REMAINING TIME=         23.61 s
 NC=  255800 T= 6.3950E+00 DT= 2.5000E-05 ERR= -0.0% DM/M= 0.0000E+00
 ELAPSED TIME=         41.86 s  REMAINING TIME=         23.60 s
 NC=  255900 T= 6.3975E+00 DT= 2.5000E-05 ERR=  0.0% DM/M= 0.0000E+00
 ELAPSED TIME=         41.87 s  REMAINING TIME=         23.58 s
 NC=  256000 T= 6.4000E+00 DT= 2.5000E-05 ERR= -0.0% DM/M= 0.0000E+00
 ELAPSED TIME=         41.89 s  REMAINING TIME=         23.56 s
 NC=  256100 T= 6.4025E+00 DT= 2.5000E-05 ERR=  0.0% DM/M= 0.0000E+00
 ELAPSED TIME=         41.90 s  REMAINING TIME=         23.54 s
 NC=  256200 T= 6.4050E+00 DT= 2.5000E-05 ERR= -0.0% DM/M= 0.0000E+00
 ELAPSED TIME=         41.92 s  REMAINING TIME=         23.53 s
 NC=  256300 T= 6.4075E+00 DT= 2.5000E-05 ERR=  0.0% DM/M= 0.0000E+00
 ELAPSED TIME=         41.93 s  REMAINING TIME=         23.51 s
 NC=  256400 T= 6.4100E+00 DT= 2.5000E-05 ERR= -0.0% DM/M= 0.0000E+00
 ELAPSED TIME=         41.94 s  REMAINING TIME=         23.49 s
 NC=  256500 T= 6.4125E+00 DT= 2.5000E-05 ERR=  0.0% DM/M= 0.0000E+00
 ELAPSED TIME=         41.96 s  REMAINING TIME=         23.47 s
 NC=  256600 T= 6.4150E+00 DT= 2.5000E-05 ERR= -0.0% DM/M= 0.0000E+00
 ELAPSED TIME=         41.97 s  REMAINING TIME=         23.46 s
 NC=  256700 T= 6.4175E+00 DT= 2.5000E-05 ERR=  0.0% DM/M= 0.0000E+00
 ELAPSED TIME=         42.00 s  REMAINING TIME=         23.45 s
 NC=  256800 T= 6.4200E+00 DT= 2.5000E-05 ERR= -0.0% DM/M= 0.0000E+00
 ELAPSED TIME=         42.03 s  REMAINING TIME=         23.43 s
 NC=  256900 T= 6.4225E+00 DT= 2.5000E-05 ERR=  0.0% DM/M= 0.0000E+00
 ELAPSED TIME=         42.05 s  REMAINING TIME=         23.42 s
 NC=  257000 T= 6.4250E+00 DT= 2.5000E-05 ERR= -0.0% DM/M= 0.0000E+00
 ELAPSED TIME=         42.08 s  REMAINING TIME=         23.41 s
 NC=  257100 T= 6.4275E+00 DT= 2.5000E-05 ERR=  0.0% DM/M= 0.0000E+00
 ELAPSED TIME=         42.10 s  REMAINING TIME=         23.40 s
 NC=  257200 T= 6.4300E+00 DT= 2.5000E-05 ERR= -0.0% DM/M= 0.0000E+00
 ELAPSED TIME=         42.13 s  REMAINING TIME=         23.39 s
 NC=  257300 T= 6.4325E+00 DT= 2.5000E-05 ERR=  0.0% DM/M= 0.0000E+00
 ELAPSED TIME=         42.15 s  REMAINING TIME=         23.38 s
 NC=  257400 T= 6.4350E+00 DT= 2.5000E-05 ERR= -0.0% DM/M= 0.0000E+00
 ELAPSED TIME=         42.18 s  REMAINING TIME=         23.37 s
 NC=  257500 T= 6.4375E+00 DT= 2.5000E-05 ERR=  0.0% DM/M= 0.0000E+00
 ELAPSED TIME=         42.20 s  REMAINING TIME=         23.35 s
 NC=  257600 T= 6.4400E+00 DT= 2.5000E-05 ERR= -0.0% DM/M= 0.0000E+00
 ELAPSED TIME=         42.23 s  REMAINING TIME=         23.34 s
 NC=  257700 T= 6.4425E+00 DT= 2.5000E-05 ERR=  0.0% DM/M= 0.0000E+00
 ELAPSED TIME=         42.25 s  REMAINING TIME=         23.33 s
 NC=  257800 T= 6.4450E+00 DT= 2.5000E-05 ERR= -0.0% DM/M= 0.0000E+00
 ELAPSED TIME=         42.28 s  REMAINING TIME=         23.32 s
 NC=  257900 T= 6.4475E+00 DT= 2.5000E-05 ERR=  0.0% DM/M= 0.0000E+00
 ELAPSED TIME=         42.30 s  REMAINING TIME=         23.31 s
 NC=  258000 T= 6.4500E+00 DT= 2.5000E-05 ERR= -0.0% DM/M= 0.0000E+00
 ELAPSED TIME=         42.33 s  REMAINING TIME=         23.30 s
 NC=  258100 T= 6.4525E+00 DT= 2.5000E-05 ERR=  0.0% DM/M= 0.0000E+00
 ELAPSED TIME=         42.35 s  REMAINING TIME=         23.29 s
 NC=  258200 T= 6.4550E+00 DT= 2.5000E-05 ERR= -0.0% DM/M= 0.0000E+00
 ELAPSED TIME=         42.38 s  REMAINING TIME=         23.27 s
 NC=  258300 T= 6.4575E+00 DT= 2.5000E-05 ERR=  0.0% DM/M= 0.0000E+00
 ELAPSED TIME=         42.40 s  REMAINING TIME=         23.26 s
 NC=  258400 T= 6.4600E+00 DT= 2.5000E-05 ERR= -0.0% DM/M= 0.0000E+00
 ELAPSED TIME=         42.43 s  REMAINING TIME=         23.25 s
 NC=  258500 T= 6.4625E+00 DT= 2.5000E-05 ERR=  0.0% DM/M= 0.0000E+00
 ELAPSED TIME=         42.45 s  REMAINING TIME=         23.24 s
 NC=  258600 T= 6.4650E+00 DT= 2.5000E-05 ERR= -0.0% DM/M= 0.0000E+00
 ELAPSED TIME=         42.48 s  REMAINING TIME=         23.23 s
 NC=  258700 T= 6.4675E+00 DT= 2.5000E-05 ERR=  0.0% DM/M= 0.0000E+00
 ELAPSED TIME=         42.50 s  REMAINING TIME=         23.22 s
 NC=  258800 T= 6.4700E+00 DT= 2.5000E-05 ERR= -0.0% DM/M= 0.0000E+00
 ELAPSED TIME=         42.53 s  REMAINING TIME=         23.20 s
 NC=  258900 T= 6.4725E+00 DT= 2.5000E-05 ERR=  0.0% DM/M= 0.0000E+00
 ELAPSED TIME=         42.56 s  REMAINING TIME=         23.19 s
 NC=  259000 T= 6.4750E+00 DT= 2.5000E-05 ERR= -0.0% DM/M= 0.0000E+00
 ELAPSED TIME=         42.58 s  REMAINING TIME=         23.18 s
 NC=  259100 T= 6.4775E+00 DT= 2.5000E-05 ERR=  0.0% DM/M= 0.0000E+00
 ELAPSED TIME=         42.61 s  REMAINING TIME=         23.17 s
 NC=  259200 T= 6.4800E+00 DT= 2.5000E-05 ERR= -0.0% DM/M= 0.0000E+00
 ELAPSED TIME=         42.63 s  REMAINING TIME=         23.16 s
 NC=  259300 T= 6.4825E+00 DT= 2.5000E-05 ERR=  0.0% DM/M= 0.0000E+00
 ELAPSED TIME=         42.66 s  REMAINING TIME=         23.15 s
 NC=  259400 T= 6.4850E+00 DT= 2.5000E-05 ERR= -0.0% DM/M= 0.0000E+00
 ELAPSED TIME=         42.68 s  REMAINING TIME=         23.13 s
 NC=  259500 T= 6.4875E+00 DT= 2.5000E-05 ERR=  0.0% DM/M= 0.0000E+00
 ELAPSED TIME=         42.71 s  REMAINING TIME=         23.12 s
 NC=  259600 T= 6.4900E+00 DT= 2.5000E-05 ERR= -0.0% DM/M= 0.0000E+00
 ELAPSED TIME=         42.73 s  REMAINING TIME=         23.11 s
 NC=  259700 T= 6.4925E+00 DT= 2.5000E-05 ERR=  0.0% DM/M= 0.0000E+00
 ELAPSED TIME=         42.76 s  REMAINING TIME=         23.10 s
 NC=  259800 T= 6.4950E+00 DT= 2.5000E-05 ERR= -0.0% DM/M= 0.0000E+00
 ELAPSED TIME=         42.78 s  REMAINING TIME=         23.09 s
 NC=  259900 T= 6.4975E+00 DT= 2.5000E-05 ERR=  0.0% DM/M= 0.0000E+00
 ELAPSED TIME=         42.81 s  REMAINING TIME=         23.08 s
 NC=  260000 T= 6.5000E+00 DT= 2.5000E-05 ERR= -0.0% DM/M= 0.0000E+00
 ELAPSED TIME=         42.83 s  REMAINING TIME=         23.06 s
     ANIMATION FILE: A23_w1_REFERENCE_ROTATION_YA027 WRITTEN
 NC=  260100 T= 6.5025E+00 DT= 2.5000E-05 ERR=  0.0% DM/M= 0.0000E+00
 ELAPSED TIME=         42.86 s  REMAINING TIME=         23.05 s
 NC=  260200 T= 6.5050E+00 DT= 2.5000E-05 ERR= -0.0% DM/M= 0.0000E+00
 ELAPSED TIME=         42.89 s  REMAINING TIME=         23.04 s
 NC=  260300 T= 6.5075E+00 DT= 2.5000E-05 ERR=  0.0% DM/M= 0.0000E+00
 ELAPSED TIME=         42.91 s  REMAINING TIME=         23.03 s
 NC=  260400 T= 6.5100E+00 DT= 2.5000E-05 ERR= -0.0% DM/M= 0.0000E+00
 ELAPSED TIME=         42.94 s  REMAINING TIME=         23.02 s
 NC=  260500 T= 6.5125E+00 DT= 2.5000E-05 ERR=  0.0% DM/M= 0.0000E+00
 ELAPSED TIME=         42.96 s  REMAINING TIME=         23.01 s
 NC=  260600 T= 6.5150E+00 DT= 2.5000E-05 ERR= -0.0% DM/M= 0.0000E+00
 ELAPSED TIME=         42.99 s  REMAINING TIME=         22.99 s
 NC=  260700 T= 6.5175E+00 DT= 2.5000E-05 ERR=  0.0% DM/M= 0.0000E+00
 ELAPSED TIME=         43.01 s  REMAINING TIME=         22.98 s
 NC=  260800 T= 6.5200E+00 DT= 2.5000E-05 ERR= -0.0% DM/M= 0.0000E+00
 ELAPSED TIME=         43.04 s  REMAINING TIME=         22.97 s
 NC=  260900 T= 6.5225E+00 DT= 2.5000E-05 ERR=  0.0% DM/M= 0.0000E+00
 ELAPSED TIME=         43.06 s  REMAINING TIME=         22.96 s
 NC=  261000 T= 6.5250E+00 DT= 2.5000E-05 ERR= -0.0% DM/M= 0.0000E+00
 ELAPSED TIME=         43.09 s  REMAINING TIME=         22.95 s
 NC=  261100 T= 6.5275E+00 DT= 2.5000E-05 ERR=  0.0% DM/M= 0.0000E+00
 ELAPSED TIME=         43.11 s  REMAINING TIME=         22.94 s
 NC=  261200 T= 6.5300E+00 DT= 2.5000E-05 ERR= -0.0% DM/M= 0.0000E+00
 ELAPSED TIME=         43.14 s  REMAINING TIME=         22.92 s
 NC=  261300 T= 6.5325E+00 DT= 2.5000E-05 ERR=  0.0% DM/M= 0.0000E+00
 ELAPSED TIME=         43.16 s  REMAINING TIME=         22.91 s
 NC=  261400 T= 6.5350E+00 DT= 2.5000E-05 ERR= -0.0% DM/M= 0.0000E+00
 ELAPSED TIME=         43.19 s  REMAINING TIME=         22.90 s
 NC=  261500 T= 6.5375E+00 DT= 2.5000E-05 ERR=  0.0% DM/M= 0.0000E+00
 ELAPSED TIME=         43.21 s  REMAINING TIME=         22.89 s
 NC=  261600 T= 6.5400E+00 DT= 2.5000E-05 ERR= -0.0% DM/M= 0.0000E+00
 ELAPSED TIME=         43.24 s  REMAINING TIME=         22.88 s
 NC=  261700 T= 6.5425E+00 DT= 2.5000E-05 ERR=  0.0% DM/M= 0.0000E+00
 ELAPSED TIME=         43.26 s  REMAINING TIME=         22.86 s
 NC=  261800 T= 6.5450E+00 DT= 2.5000E-05 ERR= -0.0% DM/M= 0.0000E+00
 ELAPSED TIME=         43.29 s  REMAINING TIME=         22.85 s
 NC=  261900 T= 6.5475E+00 DT= 2.5000E-05 ERR=  0.0% DM/M= 0.0000E+00
 ELAPSED TIME=         43.31 s  REMAINING TIME=         22.84 s
 NC=  262000 T= 6.5500E+00 DT= 2.5000E-05 ERR= -0.0% DM/M= 0.0000E+00
 ELAPSED TIME=         43.34 s  REMAINING TIME=         22.83 s
 NC=  262100 T= 6.5525E+00 DT= 2.5000E-05 ERR=  0.0% DM/M= 0.0000E+00
 ELAPSED TIME=         43.37 s  REMAINING TIME=         22.82 s
 NC=  262200 T= 6.5550E+00 DT= 2.5000E-05 ERR= -0.0% DM/M= 0.0000E+00
 ELAPSED TIME=         43.39 s  REMAINING TIME=         22.80 s
 NC=  262300 T= 6.5575E+00 DT= 2.5000E-05 ERR=  0.0% DM/M= 0.0000E+00
 ELAPSED TIME=         43.42 s  REMAINING TIME=         22.79 s
 NC=  262400 T= 6.5600E+00 DT= 2.5000E-05 ERR= -0.0% DM/M= 0.0000E+00
 ELAPSED TIME=         43.44 s  REMAINING TIME=         22.78 s
 NC=  262500 T= 6.5625E+00 DT= 2.5000E-05 ERR=  0.0% DM/M= 0.0000E+00
 ELAPSED TIME=         43.45 s  REMAINING TIME=         22.76 s
 NC=  262600 T= 6.5650E+00 DT= 2.5000E-05 ERR= -0.0% DM/M= 0.0000E+00
 ELAPSED TIME=         43.47 s  REMAINING TIME=         22.74 s
 NC=  262700 T= 6.5675E+00 DT= 2.5000E-05 ERR=  0.0% DM/M= 0.0000E+00
 ELAPSED TIME=         43.48 s  REMAINING TIME=         22.73 s
 NC=  262800 T= 6.5700E+00 DT= 2.5000E-05 ERR= -0.0% DM/M= 0.0000E+00
 ELAPSED TIME=         43.49 s  REMAINING TIME=         22.71 s
 NC=  262900 T= 6.5725E+00 DT= 2.5000E-05 ERR=  0.0% DM/M= 0.0000E+00
 ELAPSED TIME=         43.51 s  REMAINING TIME=         22.69 s
 NC=  263000 T= 6.5750E+00 DT= 2.5000E-05 ERR= -0.0% DM/M= 0.0000E+00
 ELAPSED TIME=         43.52 s  REMAINING TIME=         22.67 s
 NC=  263100 T= 6.5775E+00 DT= 2.5000E-05 ERR=  0.0% DM/M= 0.0000E+00
 ELAPSED TIME=         43.54 s  REMAINING TIME=         22.65 s
 NC=  263200 T= 6.5800E+00 DT= 2.5000E-05 ERR= -0.0% DM/M= 0.0000E+00
 ELAPSED TIME=         43.55 s  REMAINING TIME=         22.64 s
 NC=  263300 T= 6.5825E+00 DT= 2.5000E-05 ERR=  0.0% DM/M= 0.0000E+00
 ELAPSED TIME=         43.57 s  REMAINING TIME=         22.62 s
 NC=  263400 T= 6.5850E+00 DT= 2.5000E-05 ERR= -0.0% DM/M= 0.0000E+00
 ELAPSED TIME=         43.58 s  REMAINING TIME=         22.60 s
 NC=  263500 T= 6.5875E+00 DT= 2.5000E-05 ERR=  0.0% DM/M= 0.0000E+00
 ELAPSED TIME=         43.60 s  REMAINING TIME=         22.58 s
 NC=  263600 T= 6.5900E+00 DT= 2.5000E-05 ERR= -0.0% DM/M= 0.0000E+00
 ELAPSED TIME=         43.61 s  REMAINING TIME=         22.57 s
 NC=  263700 T= 6.5925E+00 DT= 2.5000E-05 ERR=  0.0% DM/M= 0.0000E+00
 ELAPSED TIME=         43.62 s  REMAINING TIME=         22.55 s
 NC=  263800 T= 6.5950E+00 DT= 2.5000E-05 ERR= -0.0% DM/M= 0.0000E+00
 ELAPSED TIME=         43.64 s  REMAINING TIME=         22.53 s
 NC=  263900 T= 6.5975E+00 DT= 2.5000E-05 ERR=  0.0% DM/M= 0.0000E+00
 ELAPSED TIME=         43.65 s  REMAINING TIME=         22.51 s
 NC=  264000 T= 6.6000E+00 DT= 2.5000E-05 ERR= -0.0% DM/M= 0.0000E+00
 ELAPSED TIME=         43.67 s  REMAINING TIME=         22.50 s
 NC=  264100 T= 6.6025E+00 DT= 2.5000E-05 ERR=  0.0% DM/M= 0.0000E+00
 ELAPSED TIME=         43.68 s  REMAINING TIME=         22.48 s
 NC=  264200 T= 6.6050E+00 DT= 2.5000E-05 ERR= -0.0% DM/M= 0.0000E+00
 ELAPSED TIME=         43.71 s  REMAINING TIME=         22.47 s
 NC=  264300 T= 6.6075E+00 DT= 2.5000E-05 ERR=  0.0% DM/M= 0.0000E+00
 ELAPSED TIME=         43.73 s  REMAINING TIME=         22.45 s
 NC=  264400 T= 6.6100E+00 DT= 2.5000E-05 ERR= -0.0% DM/M= 0.0000E+00
 ELAPSED TIME=         43.76 s  REMAINING TIME=         22.44 s
 NC=  264500 T= 6.6125E+00 DT= 2.5000E-05 ERR=  0.0% DM/M= 0.0000E+00
 ELAPSED TIME=         43.78 s  REMAINING TIME=         22.43 s
 NC=  264600 T= 6.6150E+00 DT= 2.5000E-05 ERR= -0.0% DM/M= 0.0000E+00
 ELAPSED TIME=         43.81 s  REMAINING TIME=         22.42 s
 NC=  264700 T= 6.6175E+00 DT= 2.5000E-05 ERR=  0.0% DM/M= 0.0000E+00
 ELAPSED TIME=         43.83 s  REMAINING TIME=         22.40 s
 NC=  264800 T= 6.6200E+00 DT= 2.5000E-05 ERR= -0.0% DM/M= 0.0000E+00
 ELAPSED TIME=         43.86 s  REMAINING TIME=         22.39 s
 NC=  264900 T= 6.6225E+00 DT= 2.5000E-05 ERR=  0.0% DM/M= 0.0000E+00
 ELAPSED TIME=         43.88 s  REMAINING TIME=         22.38 s
 NC=  265000 T= 6.6250E+00 DT= 2.5000E-05 ERR= -0.0% DM/M= 0.0000E+00
 ELAPSED TIME=         43.91 s  REMAINING TIME=         22.37 s
 NC=  265100 T= 6.6275E+00 DT= 2.5000E-05 ERR=  0.0% DM/M= 0.0000E+00
 ELAPSED TIME=         43.93 s  REMAINING TIME=         22.36 s
 NC=  265200 T= 6.6300E+00 DT= 2.5000E-05 ERR= -0.0% DM/M= 0.0000E+00
 ELAPSED TIME=         43.96 s  REMAINING TIME=         22.34 s
 NC=  265300 T= 6.6325E+00 DT= 2.5000E-05 ERR=  0.0% DM/M= 0.0000E+00
 ELAPSED TIME=         43.98 s  REMAINING TIME=         22.33 s
 NC=  265400 T= 6.6350E+00 DT= 2.5000E-05 ERR= -0.0% DM/M= 0.0000E+00
 ELAPSED TIME=         44.01 s  REMAINING TIME=         22.32 s
 NC=  265500 T= 6.6375E+00 DT= 2.5000E-05 ERR=  0.0% DM/M= 0.0000E+00
 ELAPSED TIME=         44.03 s  REMAINING TIME=         22.31 s
 NC=  265600 T= 6.6400E+00 DT= 2.5000E-05 ERR= -0.0% DM/M= 0.0000E+00
 ELAPSED TIME=         44.06 s  REMAINING TIME=         22.29 s
 NC=  265700 T= 6.6425E+00 DT= 2.5000E-05 ERR=  0.0% DM/M= 0.0000E+00
 ELAPSED TIME=         44.08 s  REMAINING TIME=         22.28 s
 NC=  265800 T= 6.6450E+00 DT= 2.5000E-05 ERR= -0.0% DM/M= 0.0000E+00
 ELAPSED TIME=         44.11 s  REMAINING TIME=         22.27 s
 NC=  265900 T= 6.6475E+00 DT= 2.5000E-05 ERR=  0.0% DM/M= 0.0000E+00
 ELAPSED TIME=         44.13 s  REMAINING TIME=         22.26 s
 NC=  266000 T= 6.6500E+00 DT= 2.5000E-05 ERR= -0.0% DM/M= 0.0000E+00
 ELAPSED TIME=         44.16 s  REMAINING TIME=         22.25 s
 NC=  266100 T= 6.6525E+00 DT= 2.5000E-05 ERR=  0.0% DM/M= 0.0000E+00
 ELAPSED TIME=         44.19 s  REMAINING TIME=         22.23 s
 NC=  266200 T= 6.6550E+00 DT= 2.5000E-05 ERR= -0.0% DM/M= 0.0000E+00
 ELAPSED TIME=         44.21 s  REMAINING TIME=         22.22 s
 NC=  266300 T= 6.6575E+00 DT= 2.5000E-05 ERR=  0.0% DM/M= 0.0000E+00
 ELAPSED TIME=         44.24 s  REMAINING TIME=         22.21 s
 NC=  266400 T= 6.6600E+00 DT= 2.5000E-05 ERR= -0.0% DM/M= 0.0000E+00
 ELAPSED TIME=         44.26 s  REMAINING TIME=         22.20 s
 NC=  266500 T= 6.6625E+00 DT= 2.5000E-05 ERR=  0.0% DM/M= 0.0000E+00
 ELAPSED TIME=         44.29 s  REMAINING TIME=         22.19 s
 NC=  266600 T= 6.6650E+00 DT= 2.5000E-05 ERR= -0.0% DM/M= 0.0000E+00
 ELAPSED TIME=         44.31 s  REMAINING TIME=         22.17 s
 NC=  266700 T= 6.6675E+00 DT= 2.5000E-05 ERR=  0.0% DM/M= 0.0000E+00
 ELAPSED TIME=         44.34 s  REMAINING TIME=         22.16 s
 NC=  266800 T= 6.6700E+00 DT= 2.5000E-05 ERR= -0.0% DM/M= 0.0000E+00
 ELAPSED TIME=         44.36 s  REMAINING TIME=         22.15 s
 NC=  266900 T= 6.6725E+00 DT= 2.5000E-05 ERR=  0.0% DM/M= 0.0000E+00
 ELAPSED TIME=         44.39 s  REMAINING TIME=         22.14 s
 NC=  267000 T= 6.6750E+00 DT= 2.5000E-05 ERR= -0.0% DM/M= 0.0000E+00
 ELAPSED TIME=         44.41 s  REMAINING TIME=         22.12 s
 NC=  267100 T= 6.6775E+00 DT= 2.5000E-05 ERR=  0.0% DM/M= 0.0000E+00
 ELAPSED TIME=         44.44 s  REMAINING TIME=         22.11 s
 NC=  267200 T= 6.6800E+00 DT= 2.5000E-05 ERR= -0.0% DM/M= 0.0000E+00
 ELAPSED TIME=         44.46 s  REMAINING TIME=         22.10 s
 NC=  267300 T= 6.6825E+00 DT= 2.5000E-05 ERR=  0.0% DM/M= 0.0000E+00
 ELAPSED TIME=         44.49 s  REMAINING TIME=         22.09 s
 NC=  267400 T= 6.6850E+00 DT= 2.5000E-05 ERR= -0.0% DM/M= 0.0000E+00
 ELAPSED TIME=         44.51 s  REMAINING TIME=         22.07 s
 NC=  267500 T= 6.6875E+00 DT= 2.5000E-05 ERR=  0.0% DM/M= 0.0000E+00
 ELAPSED TIME=         44.54 s  REMAINING TIME=         22.06 s
 NC=  267600 T= 6.6900E+00 DT= 2.5000E-05 ERR= -0.0% DM/M= 0.0000E+00
 ELAPSED TIME=         44.57 s  REMAINING TIME=         22.05 s
 NC=  267700 T= 6.6925E+00 DT= 2.5000E-05 ERR=  0.0% DM/M= 0.0000E+00
 ELAPSED TIME=         44.59 s  REMAINING TIME=         22.04 s
 NC=  267800 T= 6.6950E+00 DT= 2.5000E-05 ERR= -0.0% DM/M= 0.0000E+00
 ELAPSED TIME=         44.62 s  REMAINING TIME=         22.02 s
 NC=  267900 T= 6.6975E+00 DT= 2.5000E-05 ERR=  0.0% DM/M= 0.0000E+00
 ELAPSED TIME=         44.64 s  REMAINING TIME=         22.01 s
 NC=  268000 T= 6.7000E+00 DT= 2.5000E-05 ERR= -0.0% DM/M= 0.0000E+00
 ELAPSED TIME=         44.67 s  REMAINING TIME=         22.00 s
 NC=  268100 T= 6.7025E+00 DT= 2.5000E-05 ERR=  0.0% DM/M= 0.0000E+00
 ELAPSED TIME=         44.69 s  REMAINING TIME=         21.99 s
 NC=  268200 T= 6.7050E+00 DT= 2.5000E-05 ERR= -0.0% DM/M= 0.0000E+00
 ELAPSED TIME=         44.71 s  REMAINING TIME=         21.97 s
 NC=  268300 T= 6.7075E+00 DT= 2.5000E-05 ERR=  0.0% DM/M= 0.0000E+00
 ELAPSED TIME=         44.73 s  REMAINING TIME=         21.96 s
 NC=  268400 T= 6.7100E+00 DT= 2.5000E-05 ERR= -0.0% DM/M= 0.0000E+00
 ELAPSED TIME=         44.75 s  REMAINING TIME=         21.94 s
 NC=  268500 T= 6.7125E+00 DT= 2.5000E-05 ERR=  0.0% DM/M= 0.0000E+00
 ELAPSED TIME=         44.78 s  REMAINING TIME=         21.93 s
 NC=  268600 T= 6.7150E+00 DT= 2.5000E-05 ERR= -0.0% DM/M= 0.0000E+00
 ELAPSED TIME=         44.80 s  REMAINING TIME=         21.91 s
 NC=  268700 T= 6.7175E+00 DT= 2.5000E-05 ERR=  0.0% DM/M= 0.0000E+00
 ELAPSED TIME=         44.81 s  REMAINING TIME=         21.90 s
 NC=  268800 T= 6.7200E+00 DT= 2.5000E-05 ERR= -0.0% DM/M= 0.0000E+00
 ELAPSED TIME=         44.82 s  REMAINING TIME=         21.88 s
 NC=  268900 T= 6.7225E+00 DT= 2.5000E-05 ERR=  0.0% DM/M= 0.0000E+00
 ELAPSED TIME=         44.84 s  REMAINING TIME=         21.86 s
 NC=  269000 T= 6.7250E+00 DT= 2.5000E-05 ERR= -0.0% DM/M= 0.0000E+00
 ELAPSED TIME=         44.85 s  REMAINING TIME=         21.84 s
 NC=  269100 T= 6.7275E+00 DT= 2.5000E-05 ERR=  0.0% DM/M= 0.0000E+00
 ELAPSED TIME=         44.87 s  REMAINING TIME=         21.83 s
 NC=  269200 T= 6.7300E+00 DT= 2.5000E-05 ERR= -0.0% DM/M= 0.0000E+00
 ELAPSED TIME=         44.88 s  REMAINING TIME=         21.81 s
 NC=  269300 T= 6.7325E+00 DT= 2.5000E-05 ERR=  0.0% DM/M= 0.0000E+00
 ELAPSED TIME=         44.90 s  REMAINING TIME=         21.79 s
 NC=  269400 T= 6.7350E+00 DT= 2.5000E-05 ERR= -0.0% DM/M= 0.0000E+00
 ELAPSED TIME=         44.91 s  REMAINING TIME=         21.77 s
 NC=  269500 T= 6.7375E+00 DT= 2.5000E-05 ERR=  0.0% DM/M= 0.0000E+00
 ELAPSED TIME=         44.93 s  REMAINING TIME=         21.75 s
 NC=  269600 T= 6.7400E+00 DT= 2.5000E-05 ERR= -0.0% DM/M= 0.0000E+00
 ELAPSED TIME=         44.94 s  REMAINING TIME=         21.74 s
 NC=  269700 T= 6.7425E+00 DT= 2.5000E-05 ERR=  0.0% DM/M= 0.0000E+00
 ELAPSED TIME=         44.96 s  REMAINING TIME=         21.72 s
 NC=  269800 T= 6.7450E+00 DT= 2.5000E-05 ERR= -0.0% DM/M= 0.0000E+00
 ELAPSED TIME=         44.99 s  REMAINING TIME=         21.71 s
 NC=  269900 T= 6.7475E+00 DT= 2.5000E-05 ERR=  0.0% DM/M= 0.0000E+00
 ELAPSED TIME=         45.01 s  REMAINING TIME=         21.70 s
 NC=  270000 T= 6.7500E+00 DT= 2.5000E-05 ERR= -0.0% DM/M= 0.0000E+00
 ELAPSED TIME=         45.04 s  REMAINING TIME=         21.69 s
     ANIMATION FILE: A23_w1_REFERENCE_ROTATION_YA028 WRITTEN
 NC=  270100 T= 6.7525E+00 DT= 2.5000E-05 ERR=  0.0% DM/M= 0.0000E+00
 ELAPSED TIME=         45.07 s  REMAINING TIME=         21.67 s
 NC=  270200 T= 6.7550E+00 DT= 2.5000E-05 ERR= -0.0% DM/M= 0.0000E+00
 ELAPSED TIME=         45.09 s  REMAINING TIME=         21.66 s
 NC=  270300 T= 6.7575E+00 DT= 2.5000E-05 ERR=  0.0% DM/M= 0.0000E+00
 ELAPSED TIME=         45.12 s  REMAINING TIME=         21.65 s
 NC=  270400 T= 6.7600E+00 DT= 2.5000E-05 ERR= -0.0% DM/M= 0.0000E+00
 ELAPSED TIME=         45.14 s  REMAINING TIME=         21.64 s
 NC=  270500 T= 6.7625E+00 DT= 2.5000E-05 ERR=  0.0% DM/M= 0.0000E+00
 ELAPSED TIME=         45.17 s  REMAINING TIME=         21.62 s
 NC=  270600 T= 6.7650E+00 DT= 2.5000E-05 ERR= -0.0% DM/M= 0.0000E+00
 ELAPSED TIME=         45.19 s  REMAINING TIME=         21.61 s
 NC=  270700 T= 6.7675E+00 DT= 2.5000E-05 ERR=  0.0% DM/M= 0.0000E+00
 ELAPSED TIME=         45.22 s  REMAINING TIME=         21.60 s
 NC=  270800 T= 6.7700E+00 DT= 2.5000E-05 ERR= -0.0% DM/M= 0.0000E+00
 ELAPSED TIME=         45.24 s  REMAINING TIME=         21.59 s
 NC=  270900 T= 6.7725E+00 DT= 2.5000E-05 ERR=  0.0% DM/M= 0.0000E+00
 ELAPSED TIME=         45.27 s  REMAINING TIME=         21.57 s
 NC=  271000 T= 6.7750E+00 DT= 2.5000E-05 ERR= -0.0% DM/M= 0.0000E+00
 ELAPSED TIME=         45.29 s  REMAINING TIME=         21.56 s
 NC=  271100 T= 6.7775E+00 DT= 2.5000E-05 ERR=  0.0% DM/M= 0.0000E+00
 ELAPSED TIME=         45.32 s  REMAINING TIME=         21.55 s
 NC=  271200 T= 6.7800E+00 DT= 2.5000E-05 ERR= -0.0% DM/M= 0.0000E+00
 ELAPSED TIME=         45.34 s  REMAINING TIME=         21.53 s
 NC=  271300 T= 6.7825E+00 DT= 2.5000E-05 ERR=  0.0% DM/M= 0.0000E+00
 ELAPSED TIME=         45.37 s  REMAINING TIME=         21.52 s
 NC=  271400 T= 6.7850E+00 DT= 2.5000E-05 ERR= -0.0% DM/M= 0.0000E+00
 ELAPSED TIME=         45.39 s  REMAINING TIME=         21.51 s
 NC=  271500 T= 6.7875E+00 DT= 2.5000E-05 ERR=  0.0% DM/M= 0.0000E+00
 ELAPSED TIME=         45.42 s  REMAINING TIME=         21.50 s
 NC=  271600 T= 6.7900E+00 DT= 2.5000E-05 ERR= -0.0% DM/M= 0.0000E+00
 ELAPSED TIME=         45.44 s  REMAINING TIME=         21.48 s
 NC=  271700 T= 6.7925E+00 DT= 2.5000E-05 ERR=  0.0% DM/M= 0.0000E+00
 ELAPSED TIME=         45.47 s  REMAINING TIME=         21.47 s
 NC=  271800 T= 6.7950E+00 DT= 2.5000E-05 ERR= -0.0% DM/M= 0.0000E+00
 ELAPSED TIME=         45.49 s  REMAINING TIME=         21.46 s
 NC=  271900 T= 6.7975E+00 DT= 2.5000E-05 ERR=  0.0% DM/M= 0.0000E+00
 ELAPSED TIME=         45.51 s  REMAINING TIME=         21.44 s
 NC=  272000 T= 6.8000E+00 DT= 2.5000E-05 ERR= -0.0% DM/M= 0.0000E+00
 ELAPSED TIME=         45.54 s  REMAINING TIME=         21.43 s
 NC=  272100 T= 6.8025E+00 DT= 2.5000E-05 ERR=  0.0% DM/M= 0.0000E+00
 ELAPSED TIME=         45.57 s  REMAINING TIME=         21.42 s
 NC=  272200 T= 6.8050E+00 DT= 2.5000E-05 ERR= -0.0% DM/M= 0.0000E+00
 ELAPSED TIME=         45.59 s  REMAINING TIME=         21.41 s
 NC=  272300 T= 6.8075E+00 DT= 2.5000E-05 ERR=  0.0% DM/M= 0.0000E+00
 ELAPSED TIME=         45.62 s  REMAINING TIME=         21.39 s
 NC=  272400 T= 6.8100E+00 DT= 2.5000E-05 ERR= -0.0% DM/M= 0.0000E+00
 ELAPSED TIME=         45.65 s  REMAINING TIME=         21.38 s
 NC=  272500 T= 6.8125E+00 DT= 2.5000E-05 ERR=  0.0% DM/M= 0.0000E+00
 ELAPSED TIME=         45.67 s  REMAINING TIME=         21.37 s
 NC=  272600 T= 6.8150E+00 DT= 2.5000E-05 ERR= -0.0% DM/M= 0.0000E+00
 ELAPSED TIME=         45.70 s  REMAINING TIME=         21.36 s
 NC=  272700 T= 6.8175E+00 DT= 2.5000E-05 ERR=  0.0% DM/M= 0.0000E+00
 ELAPSED TIME=         45.71 s  REMAINING TIME=         21.34 s
 NC=  272800 T= 6.8200E+00 DT= 2.5000E-05 ERR= -0.0% DM/M= 0.0000E+00
 ELAPSED TIME=         45.73 s  REMAINING TIME=         21.32 s
 NC=  272900 T= 6.8225E+00 DT= 2.5000E-05 ERR=  0.0% DM/M= 0.0000E+00
 ELAPSED TIME=         45.74 s  REMAINING TIME=         21.30 s
 NC=  273000 T= 6.8250E+00 DT= 2.5000E-05 ERR= -0.0% DM/M= 0.0000E+00
 ELAPSED TIME=         45.76 s  REMAINING TIME=         21.29 s
 NC=  273100 T= 6.8275E+00 DT= 2.5000E-05 ERR=  0.0% DM/M= 0.0000E+00
 ELAPSED TIME=         45.77 s  REMAINING TIME=         21.27 s
 NC=  273200 T= 6.8300E+00 DT= 2.5000E-05 ERR= -0.0% DM/M= 0.0000E+00
 ELAPSED TIME=         45.79 s  REMAINING TIME=         21.25 s
 NC=  273300 T= 6.8325E+00 DT= 2.5000E-05 ERR=  0.0% DM/M= 0.0000E+00
 ELAPSED TIME=         45.80 s  REMAINING TIME=         21.23 s
 NC=  273400 T= 6.8350E+00 DT= 2.5000E-05 ERR= -0.0% DM/M= 0.0000E+00
 ELAPSED TIME=         45.82 s  REMAINING TIME=         21.22 s
 NC=  273500 T= 6.8375E+00 DT= 2.5000E-05 ERR=  0.0% DM/M= 0.0000E+00
 ELAPSED TIME=         45.83 s  REMAINING TIME=         21.20 s
 NC=  273600 T= 6.8400E+00 DT= 2.5000E-05 ERR= -0.0% DM/M= 0.0000E+00
 ELAPSED TIME=         45.84 s  REMAINING TIME=         21.18 s
 NC=  273700 T= 6.8425E+00 DT= 2.5000E-05 ERR=  0.0% DM/M= 0.0000E+00
 ELAPSED TIME=         45.87 s  REMAINING TIME=         21.16 s
 NC=  273800 T= 6.8450E+00 DT= 2.5000E-05 ERR= -0.0% DM/M= 0.0000E+00
 ELAPSED TIME=         45.89 s  REMAINING TIME=         21.15 s
 NC=  273900 T= 6.8475E+00 DT= 2.5000E-05 ERR=  0.0% DM/M= 0.0000E+00
 ELAPSED TIME=         45.92 s  REMAINING TIME=         21.14 s
 NC=  274000 T= 6.8500E+00 DT= 2.5000E-05 ERR= -0.0% DM/M= 0.0000E+00
 ELAPSED TIME=         45.94 s  REMAINING TIME=         21.13 s
 NC=  274100 T= 6.8525E+00 DT= 2.5000E-05 ERR=  0.0% DM/M= 0.0000E+00
 ELAPSED TIME=         45.97 s  REMAINING TIME=         21.11 s
 NC=  274200 T= 6.8550E+00 DT= 2.5000E-05 ERR= -0.0% DM/M= 0.0000E+00
 ELAPSED TIME=         45.99 s  REMAINING TIME=         21.10 s
 NC=  274300 T= 6.8575E+00 DT= 2.5000E-05 ERR=  0.0% DM/M= 0.0000E+00
 ELAPSED TIME=         46.02 s  REMAINING TIME=         21.09 s
 NC=  274400 T= 6.8600E+00 DT= 2.5000E-05 ERR= -0.0% DM/M= 0.0000E+00
 ELAPSED TIME=         46.04 s  REMAINING TIME=         21.07 s
 NC=  274500 T= 6.8625E+00 DT= 2.5000E-05 ERR=  0.0% DM/M= 0.0000E+00
 ELAPSED TIME=         46.07 s  REMAINING TIME=         21.06 s
 NC=  274600 T= 6.8650E+00 DT= 2.5000E-05 ERR= -0.0% DM/M= 0.0000E+00
 ELAPSED TIME=         46.09 s  REMAINING TIME=         21.05 s
 NC=  274700 T= 6.8675E+00 DT= 2.5000E-05 ERR=  0.0% DM/M= 0.0000E+00
 ELAPSED TIME=         46.11 s  REMAINING TIME=         21.03 s
 NC=  274800 T= 6.8700E+00 DT= 2.5000E-05 ERR= -0.0% DM/M= 0.0000E+00
 ELAPSED TIME=         46.14 s  REMAINING TIME=         21.02 s
 NC=  274900 T= 6.8725E+00 DT= 2.5000E-05 ERR=  0.0% DM/M= 0.0000E+00
 ELAPSED TIME=         46.16 s  REMAINING TIME=         21.01 s
 NC=  275000 T= 6.8750E+00 DT= 2.5000E-05 ERR= -0.0% DM/M= 0.0000E+00
 ELAPSED TIME=         46.19 s  REMAINING TIME=         21.00 s
 NC=  275100 T= 6.8775E+00 DT= 2.5000E-05 ERR=  0.0% DM/M= 0.0000E+00
 ELAPSED TIME=         46.20 s  REMAINING TIME=         20.98 s
 NC=  275200 T= 6.8800E+00 DT= 2.5000E-05 ERR= -0.0% DM/M= 0.0000E+00
 ELAPSED TIME=         46.22 s  REMAINING TIME=         20.96 s
 NC=  275300 T= 6.8825E+00 DT= 2.5000E-05 ERR=  0.0% DM/M= 0.0000E+00
 ELAPSED TIME=         46.23 s  REMAINING TIME=         20.94 s
 NC=  275400 T= 6.8850E+00 DT= 2.5000E-05 ERR= -0.0% DM/M= 0.0000E+00
 ELAPSED TIME=         46.25 s  REMAINING TIME=         20.92 s
 NC=  275500 T= 6.8875E+00 DT= 2.5000E-05 ERR=  0.0% DM/M= 0.0000E+00
 ELAPSED TIME=         46.26 s  REMAINING TIME=         20.91 s
 NC=  275600 T= 6.8900E+00 DT= 2.5000E-05 ERR= -0.0% DM/M= 0.0000E+00
 ELAPSED TIME=         46.28 s  REMAINING TIME=         20.89 s
 NC=  275700 T= 6.8925E+00 DT= 2.5000E-05 ERR=  0.0% DM/M= 0.0000E+00
 ELAPSED TIME=         46.29 s  REMAINING TIME=         20.87 s
 NC=  275800 T= 6.8950E+00 DT= 2.5000E-05 ERR= -0.0% DM/M= 0.0000E+00
 ELAPSED TIME=         46.31 s  REMAINING TIME=         20.85 s
 NC=  275900 T= 6.8975E+00 DT= 2.5000E-05 ERR=  0.0% DM/M= 0.0000E+00
 ELAPSED TIME=         46.32 s  REMAINING TIME=         20.84 s
 NC=  276000 T= 6.9000E+00 DT= 2.5000E-05 ERR= -0.0% DM/M= 0.0000E+00
 ELAPSED TIME=         46.34 s  REMAINING TIME=         20.82 s
 NC=  276100 T= 6.9025E+00 DT= 2.5000E-05 ERR=  0.0% DM/M= 0.0000E+00
 ELAPSED TIME=         46.35 s  REMAINING TIME=         20.80 s
 NC=  276200 T= 6.9050E+00 DT= 2.5000E-05 ERR= -0.0% DM/M= 0.0000E+00
 ELAPSED TIME=         46.37 s  REMAINING TIME=         20.79 s
 NC=  276300 T= 6.9075E+00 DT= 2.5000E-05 ERR=  0.0% DM/M= 0.0000E+00
 ELAPSED TIME=         46.40 s  REMAINING TIME=         20.77 s
 NC=  276400 T= 6.9100E+00 DT= 2.5000E-05 ERR= -0.0% DM/M= 0.0000E+00
 ELAPSED TIME=         46.42 s  REMAINING TIME=         20.76 s
 NC=  276500 T= 6.9125E+00 DT= 2.5000E-05 ERR=  0.0% DM/M= 0.0000E+00
 ELAPSED TIME=         46.45 s  REMAINING TIME=         20.75 s
 NC=  276600 T= 6.9150E+00 DT= 2.5000E-05 ERR= -0.0% DM/M= 0.0000E+00
 ELAPSED TIME=         46.47 s  REMAINING TIME=         20.73 s
 NC=  276700 T= 6.9175E+00 DT= 2.5000E-05 ERR=  0.0% DM/M= 0.0000E+00
 ELAPSED TIME=         46.50 s  REMAINING TIME=         20.72 s
 NC=  276800 T= 6.9200E+00 DT= 2.5000E-05 ERR= -0.0% DM/M= 0.0000E+00
 ELAPSED TIME=         46.52 s  REMAINING TIME=         20.71 s
 NC=  276900 T= 6.9225E+00 DT= 2.5000E-05 ERR=  0.0% DM/M= 0.0000E+00
 ELAPSED TIME=         46.55 s  REMAINING TIME=         20.69 s
 NC=  277000 T= 6.9250E+00 DT= 2.5000E-05 ERR= -0.0% DM/M= 0.0000E+00
 ELAPSED TIME=         46.57 s  REMAINING TIME=         20.68 s
 NC=  277100 T= 6.9275E+00 DT= 2.5000E-05 ERR=  0.0% DM/M= 0.0000E+00
 ELAPSED TIME=         46.60 s  REMAINING TIME=         20.67 s
 NC=  277200 T= 6.9300E+00 DT= 2.5000E-05 ERR= -0.0% DM/M= 0.0000E+00
 ELAPSED TIME=         46.62 s  REMAINING TIME=         20.65 s
 NC=  277300 T= 6.9325E+00 DT= 2.5000E-05 ERR=  0.0% DM/M= 0.0000E+00
 ELAPSED TIME=         46.65 s  REMAINING TIME=         20.64 s
 NC=  277400 T= 6.9350E+00 DT= 2.5000E-05 ERR= -0.0% DM/M= 0.0000E+00
 ELAPSED TIME=         46.67 s  REMAINING TIME=         20.63 s
 NC=  277500 T= 6.9375E+00 DT= 2.5000E-05 ERR=  0.0% DM/M= 0.0000E+00
 ELAPSED TIME=         46.70 s  REMAINING TIME=         20.61 s
 NC=  277600 T= 6.9400E+00 DT= 2.5000E-05 ERR= -0.0% DM/M= 0.0000E+00
 ELAPSED TIME=         46.72 s  REMAINING TIME=         20.60 s
 NC=  277700 T= 6.9425E+00 DT= 2.5000E-05 ERR=  0.0% DM/M= 0.0000E+00
 ELAPSED TIME=         46.75 s  REMAINING TIME=         20.59 s
 NC=  277800 T= 6.9450E+00 DT= 2.5000E-05 ERR= -0.0% DM/M= 0.0000E+00
 ELAPSED TIME=         46.77 s  REMAINING TIME=         20.57 s
 NC=  277900 T= 6.9475E+00 DT= 2.5000E-05 ERR=  0.0% DM/M= 0.0000E+00
 ELAPSED TIME=         46.80 s  REMAINING TIME=         20.56 s
 NC=  278000 T= 6.9500E+00 DT= 2.5000E-05 ERR= -0.0% DM/M= 0.0000E+00
 ELAPSED TIME=         46.82 s  REMAINING TIME=         20.55 s
 NC=  278100 T= 6.9525E+00 DT= 2.5000E-05 ERR=  0.0% DM/M= 0.0000E+00
 ELAPSED TIME=         46.85 s  REMAINING TIME=         20.53 s
 NC=  278200 T= 6.9550E+00 DT= 2.5000E-05 ERR= -0.0% DM/M= 0.0000E+00
 ELAPSED TIME=         46.87 s  REMAINING TIME=         20.52 s
 NC=  278300 T= 6.9575E+00 DT= 2.5000E-05 ERR=  0.0% DM/M= 0.0000E+00
 ELAPSED TIME=         46.90 s  REMAINING TIME=         20.51 s
 NC=  278400 T= 6.9600E+00 DT= 2.5000E-05 ERR= -0.0% DM/M= 0.0000E+00
 ELAPSED TIME=         46.92 s  REMAINING TIME=         20.49 s
 NC=  278500 T= 6.9625E+00 DT= 2.5000E-05 ERR=  0.0% DM/M= 0.0000E+00
 ELAPSED TIME=         46.95 s  REMAINING TIME=         20.48 s
 NC=  278600 T= 6.9650E+00 DT= 2.5000E-05 ERR= -0.0% DM/M= 0.0000E+00
 ELAPSED TIME=         46.97 s  REMAINING TIME=         20.47 s
 NC=  278700 T= 6.9675E+00 DT= 2.5000E-05 ERR=  0.0% DM/M= 0.0000E+00
 ELAPSED TIME=         47.00 s  REMAINING TIME=         20.45 s
 NC=  278800 T= 6.9700E+00 DT= 2.5000E-05 ERR= -0.0% DM/M= 0.0000E+00
 ELAPSED TIME=         47.02 s  REMAINING TIME=         20.44 s
 NC=  278900 T= 6.9725E+00 DT= 2.5000E-05 ERR=  0.0% DM/M= 0.0000E+00
 ELAPSED TIME=         47.05 s  REMAINING TIME=         20.43 s
 NC=  279000 T= 6.9750E+00 DT= 2.5000E-05 ERR= -0.0% DM/M= 0.0000E+00
 ELAPSED TIME=         47.07 s  REMAINING TIME=         20.41 s
 NC=  279100 T= 6.9775E+00 DT= 2.5000E-05 ERR=  0.0% DM/M= 0.0000E+00
 ELAPSED TIME=         47.10 s  REMAINING TIME=         20.40 s
 NC=  279200 T= 6.9800E+00 DT= 2.5000E-05 ERR= -0.0% DM/M= 0.0000E+00
 ELAPSED TIME=         47.12 s  REMAINING TIME=         20.39 s
 NC=  279300 T= 6.9825E+00 DT= 2.5000E-05 ERR=  0.0% DM/M= 0.0000E+00
 ELAPSED TIME=         47.15 s  REMAINING TIME=         20.37 s
 NC=  279400 T= 6.9850E+00 DT= 2.5000E-05 ERR= -0.0% DM/M= 0.0000E+00
 ELAPSED TIME=         47.17 s  REMAINING TIME=         20.36 s
 NC=  279500 T= 6.9875E+00 DT= 2.5000E-05 ERR=  0.0% DM/M= 0.0000E+00
 ELAPSED TIME=         47.18 s  REMAINING TIME=         20.34 s
 NC=  279600 T= 6.9900E+00 DT= 2.5000E-05 ERR= -0.0% DM/M= 0.0000E+00
 ELAPSED TIME=         47.20 s  REMAINING TIME=         20.32 s
 NC=  279700 T= 6.9925E+00 DT= 2.5000E-05 ERR=  0.0% DM/M= 0.0000E+00
 ELAPSED TIME=         47.21 s  REMAINING TIME=         20.31 s
 NC=  279800 T= 6.9950E+00 DT= 2.5000E-05 ERR= -0.0% DM/M= 0.0000E+00
 ELAPSED TIME=         47.23 s  REMAINING TIME=         20.29 s
 NC=  279900 T= 6.9975E+00 DT= 2.5000E-05 ERR=  0.0% DM/M= 0.0000E+00
 ELAPSED TIME=         47.24 s  REMAINING TIME=         20.27 s
 NC=  280000 T= 7.0000E+00 DT= 2.5000E-05 ERR= -0.0% DM/M= 0.0000E+00
 ELAPSED TIME=         47.26 s  REMAINING TIME=         20.25 s
     ANIMATION FILE: A23_w1_REFERENCE_ROTATION_YA029 WRITTEN
 NC=  280100 T= 7.0025E+00 DT= 2.5000E-05 ERR=  0.0% DM/M= 0.0000E+00
 ELAPSED TIME=         47.27 s  REMAINING TIME=         20.24 s
 NC=  280200 T= 7.0050E+00 DT= 2.5000E-05 ERR= -0.0% DM/M= 0.0000E+00
 ELAPSED TIME=         47.29 s  REMAINING TIME=         20.22 s
 NC=  280300 T= 7.0075E+00 DT= 2.5000E-05 ERR=  0.0% DM/M= 0.0000E+00
 ELAPSED TIME=         47.30 s  REMAINING TIME=         20.20 s
 NC=  280400 T= 7.0100E+00 DT= 2.5000E-05 ERR= -0.0% DM/M= 0.0000E+00
 ELAPSED TIME=         47.31 s  REMAINING TIME=         20.18 s
 NC=  280500 T= 7.0125E+00 DT= 2.5000E-05 ERR=  0.0% DM/M= 0.0000E+00
 ELAPSED TIME=         47.33 s  REMAINING TIME=         20.16 s
 NC=  280600 T= 7.0150E+00 DT= 2.5000E-05 ERR= -0.0% DM/M= 0.0000E+00
 ELAPSED TIME=         47.34 s  REMAINING TIME=         20.15 s
 NC=  280700 T= 7.0175E+00 DT= 2.5000E-05 ERR=  0.0% DM/M= 0.0000E+00
 ELAPSED TIME=         47.36 s  REMAINING TIME=         20.13 s
 NC=  280800 T= 7.0200E+00 DT= 2.5000E-05 ERR= -0.0% DM/M= 0.0000E+00
 ELAPSED TIME=         47.37 s  REMAINING TIME=         20.11 s
 NC=  280900 T= 7.0225E+00 DT= 2.5000E-05 ERR=  0.0% DM/M= 0.0000E+00
 ELAPSED TIME=         47.39 s  REMAINING TIME=         20.09 s
 NC=  281000 T= 7.0250E+00 DT= 2.5000E-05 ERR= -0.0% DM/M= 0.0000E+00
 ELAPSED TIME=         47.40 s  REMAINING TIME=         20.07 s
 NC=  281100 T= 7.0275E+00 DT= 2.5000E-05 ERR=  0.0% DM/M= 0.0000E+00
 ELAPSED TIME=         47.42 s  REMAINING TIME=         20.06 s
 NC=  281200 T= 7.0300E+00 DT= 2.5000E-05 ERR= -0.0% DM/M= 0.0000E+00
 ELAPSED TIME=         47.43 s  REMAINING TIME=         20.04 s
 NC=  281300 T= 7.0325E+00 DT= 2.5000E-05 ERR=  0.0% DM/M= 0.0000E+00
 ELAPSED TIME=         47.44 s  REMAINING TIME=         20.02 s
 NC=  281400 T= 7.0350E+00 DT= 2.5000E-05 ERR= -0.0% DM/M= 0.0000E+00
 ELAPSED TIME=         47.46 s  REMAINING TIME=         20.00 s
 NC=  281500 T= 7.0375E+00 DT= 2.5000E-05 ERR=  0.0% DM/M= 0.0000E+00
 ELAPSED TIME=         47.47 s  REMAINING TIME=         19.98 s
 NC=  281600 T= 7.0400E+00 DT= 2.5000E-05 ERR= -0.0% DM/M= 0.0000E+00
 ELAPSED TIME=         47.49 s  REMAINING TIME=         19.97 s
 NC=  281700 T= 7.0425E+00 DT= 2.5000E-05 ERR=  0.0% DM/M= 0.0000E+00
 ELAPSED TIME=         47.50 s  REMAINING TIME=         19.95 s
 NC=  281800 T= 7.0450E+00 DT= 2.5000E-05 ERR= -0.0% DM/M= 0.0000E+00
 ELAPSED TIME=         47.52 s  REMAINING TIME=         19.93 s
 NC=  281900 T= 7.0475E+00 DT= 2.5000E-05 ERR=  0.0% DM/M= 0.0000E+00
 ELAPSED TIME=         47.53 s  REMAINING TIME=         19.91 s
 NC=  282000 T= 7.0500E+00 DT= 2.5000E-05 ERR= -0.0% DM/M= 0.0000E+00
 ELAPSED TIME=         47.55 s  REMAINING TIME=         19.90 s
 NC=  282100 T= 7.0525E+00 DT= 2.5000E-05 ERR= -0.0% DM/M= 0.0000E+00
 ELAPSED TIME=         47.56 s  REMAINING TIME=         19.88 s
 NC=  282200 T= 7.0550E+00 DT= 2.5000E-05 ERR= -0.0% DM/M= 0.0000E+00
 ELAPSED TIME=         47.57 s  REMAINING TIME=         19.86 s
 NC=  282300 T= 7.0575E+00 DT= 2.5000E-05 ERR= -0.0% DM/M= 0.0000E+00
 ELAPSED TIME=         47.59 s  REMAINING TIME=         19.84 s
 NC=  282400 T= 7.0600E+00 DT= 2.5000E-05 ERR= -0.0% DM/M= 0.0000E+00
 ELAPSED TIME=         47.60 s  REMAINING TIME=         19.82 s
 NC=  282500 T= 7.0625E+00 DT= 2.5000E-05 ERR= -0.0% DM/M= 0.0000E+00
 ELAPSED TIME=         47.62 s  REMAINING TIME=         19.81 s
 NC=  282600 T= 7.0650E+00 DT= 2.5000E-05 ERR= -0.0% DM/M= 0.0000E+00
 ELAPSED TIME=         47.63 s  REMAINING TIME=         19.79 s
 NC=  282700 T= 7.0675E+00 DT= 2.5000E-05 ERR= -0.0% DM/M= 0.0000E+00
 ELAPSED TIME=         47.65 s  REMAINING TIME=         19.77 s
 NC=  282800 T= 7.0700E+00 DT= 2.5000E-05 ERR= -0.0% DM/M= 0.0000E+00
 ELAPSED TIME=         47.66 s  REMAINING TIME=         19.75 s
 NC=  282900 T= 7.0725E+00 DT= 2.5000E-05 ERR= -0.0% DM/M= 0.0000E+00
 ELAPSED TIME=         47.68 s  REMAINING TIME=         19.73 s
 NC=  283000 T= 7.0750E+00 DT= 2.5000E-05 ERR= -0.0% DM/M= 0.0000E+00
 ELAPSED TIME=         47.69 s  REMAINING TIME=         19.72 s
 NC=  283100 T= 7.0775E+00 DT= 2.5000E-05 ERR= -0.0% DM/M= 0.0000E+00
 ELAPSED TIME=         47.70 s  REMAINING TIME=         19.70 s
 NC=  283200 T= 7.0800E+00 DT= 2.5000E-05 ERR= -0.0% DM/M= 0.0000E+00
 ELAPSED TIME=         47.72 s  REMAINING TIME=         19.68 s
 NC=  283300 T= 7.0825E+00 DT= 2.5000E-05 ERR= -0.0% DM/M= 0.0000E+00
 ELAPSED TIME=         47.73 s  REMAINING TIME=         19.66 s
 NC=  283400 T= 7.0850E+00 DT= 2.5000E-05 ERR= -0.0% DM/M= 0.0000E+00
 ELAPSED TIME=         47.75 s  REMAINING TIME=         19.64 s
 NC=  283500 T= 7.0875E+00 DT= 2.5000E-05 ERR= -0.0% DM/M= 0.0000E+00
 ELAPSED TIME=         47.76 s  REMAINING TIME=         19.63 s
 NC=  283600 T= 7.0900E+00 DT= 2.5000E-05 ERR= -0.0% DM/M= 0.0000E+00
 ELAPSED TIME=         47.78 s  REMAINING TIME=         19.61 s
 NC=  283700 T= 7.0925E+00 DT= 2.5000E-05 ERR= -0.0% DM/M= 0.0000E+00
 ELAPSED TIME=         47.79 s  REMAINING TIME=         19.59 s
 NC=  283800 T= 7.0950E+00 DT= 2.5000E-05 ERR= -0.0% DM/M= 0.0000E+00
 ELAPSED TIME=         47.80 s  REMAINING TIME=         19.57 s
 NC=  283900 T= 7.0975E+00 DT= 2.5000E-05 ERR= -0.0% DM/M= 0.0000E+00
 ELAPSED TIME=         47.82 s  REMAINING TIME=         19.56 s
 NC=  284000 T= 7.1000E+00 DT= 2.5000E-05 ERR= -0.0% DM/M= 0.0000E+00
 ELAPSED TIME=         47.83 s  REMAINING TIME=         19.54 s
 NC=  284100 T= 7.1025E+00 DT= 2.5000E-05 ERR= -0.0% DM/M= 0.0000E+00
 ELAPSED TIME=         47.85 s  REMAINING TIME=         19.52 s
 NC=  284200 T= 7.1050E+00 DT= 2.5000E-05 ERR= -0.0% DM/M= 0.0000E+00
 ELAPSED TIME=         47.86 s  REMAINING TIME=         19.50 s
 NC=  284300 T= 7.1075E+00 DT= 2.5000E-05 ERR= -0.0% DM/M= 0.0000E+00
 ELAPSED TIME=         47.88 s  REMAINING TIME=         19.48 s
 NC=  284400 T= 7.1100E+00 DT= 2.5000E-05 ERR= -0.0% DM/M= 0.0000E+00
 ELAPSED TIME=         47.89 s  REMAINING TIME=         19.47 s
 NC=  284500 T= 7.1125E+00 DT= 2.5000E-05 ERR= -0.0% DM/M= 0.0000E+00
 ELAPSED TIME=         47.91 s  REMAINING TIME=         19.45 s
 NC=  284600 T= 7.1150E+00 DT= 2.5000E-05 ERR= -0.0% DM/M= 0.0000E+00
 ELAPSED TIME=         47.92 s  REMAINING TIME=         19.43 s
 NC=  284700 T= 7.1175E+00 DT= 2.5000E-05 ERR= -0.0% DM/M= 0.0000E+00
 ELAPSED TIME=         47.93 s  REMAINING TIME=         19.41 s
 NC=  284800 T= 7.1200E+00 DT= 2.5000E-05 ERR= -0.0% DM/M= 0.0000E+00
 ELAPSED TIME=         47.95 s  REMAINING TIME=         19.40 s
 NC=  284900 T= 7.1225E+00 DT= 2.5000E-05 ERR= -0.0% DM/M= 0.0000E+00
 ELAPSED TIME=         47.96 s  REMAINING TIME=         19.38 s
 NC=  285000 T= 7.1250E+00 DT= 2.5000E-05 ERR= -0.0% DM/M= 0.0000E+00
 ELAPSED TIME=         47.98 s  REMAINING TIME=         19.36 s
 NC=  285100 T= 7.1275E+00 DT= 2.5000E-05 ERR= -0.0% DM/M= 0.0000E+00
 ELAPSED TIME=         47.99 s  REMAINING TIME=         19.34 s
 NC=  285200 T= 7.1300E+00 DT= 2.5000E-05 ERR= -0.0% DM/M= 0.0000E+00
 ELAPSED TIME=         48.01 s  REMAINING TIME=         19.32 s
 NC=  285300 T= 7.1325E+00 DT= 2.5000E-05 ERR= -0.0% DM/M= 0.0000E+00
 ELAPSED TIME=         48.02 s  REMAINING TIME=         19.31 s
 NC=  285400 T= 7.1350E+00 DT= 2.5000E-05 ERR= -0.0% DM/M= 0.0000E+00
 ELAPSED TIME=         48.04 s  REMAINING TIME=         19.29 s
 NC=  285500 T= 7.1375E+00 DT= 2.5000E-05 ERR= -0.0% DM/M= 0.0000E+00
 ELAPSED TIME=         48.05 s  REMAINING TIME=         19.27 s
 NC=  285600 T= 7.1400E+00 DT= 2.5000E-05 ERR= -0.0% DM/M= 0.0000E+00
 ELAPSED TIME=         48.07 s  REMAINING TIME=         19.25 s
 NC=  285700 T= 7.1425E+00 DT= 2.5000E-05 ERR= -0.0% DM/M= 0.0000E+00
 ELAPSED TIME=         48.08 s  REMAINING TIME=         19.24 s
 NC=  285800 T= 7.1450E+00 DT= 2.5000E-05 ERR= -0.0% DM/M= 0.0000E+00
 ELAPSED TIME=         48.09 s  REMAINING TIME=         19.22 s
 NC=  285900 T= 7.1475E+00 DT= 2.5000E-05 ERR= -0.0% DM/M= 0.0000E+00
 ELAPSED TIME=         48.11 s  REMAINING TIME=         19.20 s
 NC=  286000 T= 7.1500E+00 DT= 2.5000E-05 ERR= -0.0% DM/M= 0.0000E+00
 ELAPSED TIME=         48.12 s  REMAINING TIME=         19.18 s
 NC=  286100 T= 7.1525E+00 DT= 2.5000E-05 ERR= -0.0% DM/M= 0.0000E+00
 ELAPSED TIME=         48.14 s  REMAINING TIME=         19.16 s
 NC=  286200 T= 7.1550E+00 DT= 2.5000E-05 ERR= -0.0% DM/M= 0.0000E+00
 ELAPSED TIME=         48.15 s  REMAINING TIME=         19.15 s
 NC=  286300 T= 7.1575E+00 DT= 2.5000E-05 ERR= -0.0% DM/M= 0.0000E+00
 ELAPSED TIME=         48.17 s  REMAINING TIME=         19.13 s
 NC=  286400 T= 7.1600E+00 DT= 2.5000E-05 ERR= -0.0% DM/M= 0.0000E+00
 ELAPSED TIME=         48.18 s  REMAINING TIME=         19.11 s
 NC=  286500 T= 7.1625E+00 DT= 2.5000E-05 ERR= -0.0% DM/M= 0.0000E+00
 ELAPSED TIME=         48.20 s  REMAINING TIME=         19.09 s
 NC=  286600 T= 7.1650E+00 DT= 2.5000E-05 ERR= -0.0% DM/M= 0.0000E+00
 ELAPSED TIME=         48.22 s  REMAINING TIME=         19.08 s
 NC=  286700 T= 7.1675E+00 DT= 2.5000E-05 ERR= -0.0% DM/M= 0.0000E+00
 ELAPSED TIME=         48.25 s  REMAINING TIME=         19.07 s
 NC=  286800 T= 7.1700E+00 DT= 2.5000E-05 ERR= -0.0% DM/M= 0.0000E+00
 ELAPSED TIME=         48.27 s  REMAINING TIME=         19.05 s
 NC=  286900 T= 7.1725E+00 DT= 2.5000E-05 ERR= -0.0% DM/M= 0.0000E+00
 ELAPSED TIME=         48.30 s  REMAINING TIME=         19.04 s
 NC=  287000 T= 7.1750E+00 DT= 2.5000E-05 ERR= -0.0% DM/M= 0.0000E+00
 ELAPSED TIME=         48.32 s  REMAINING TIME=         19.03 s
 NC=  287100 T= 7.1775E+00 DT= 2.5000E-05 ERR= -0.0% DM/M= 0.0000E+00
 ELAPSED TIME=         48.35 s  REMAINING TIME=         19.01 s
 NC=  287200 T= 7.1800E+00 DT= 2.5000E-05 ERR= -0.0% DM/M= 0.0000E+00
 ELAPSED TIME=         48.37 s  REMAINING TIME=         19.00 s
 NC=  287300 T= 7.1825E+00 DT= 2.5000E-05 ERR= -0.0% DM/M= 0.0000E+00
 ELAPSED TIME=         48.40 s  REMAINING TIME=         18.98 s
 NC=  287400 T= 7.1850E+00 DT= 2.5000E-05 ERR= -0.0% DM/M= 0.0000E+00
 ELAPSED TIME=         48.42 s  REMAINING TIME=         18.97 s
 NC=  287500 T= 7.1875E+00 DT= 2.5000E-05 ERR= -0.0% DM/M= 0.0000E+00
 ELAPSED TIME=         48.45 s  REMAINING TIME=         18.96 s
 NC=  287600 T= 7.1900E+00 DT= 2.5000E-05 ERR= -0.0% DM/M= 0.0000E+00
 ELAPSED TIME=         48.47 s  REMAINING TIME=         18.94 s
 NC=  287700 T= 7.1925E+00 DT= 2.5000E-05 ERR= -0.0% DM/M= 0.0000E+00
 ELAPSED TIME=         48.50 s  REMAINING TIME=         18.93 s
 NC=  287800 T= 7.1950E+00 DT= 2.5000E-05 ERR= -0.0% DM/M= 0.0000E+00
 ELAPSED TIME=         48.52 s  REMAINING TIME=         18.92 s
 NC=  287900 T= 7.1975E+00 DT= 2.5000E-05 ERR= -0.0% DM/M= 0.0000E+00
 ELAPSED TIME=         48.55 s  REMAINING TIME=         18.90 s
 NC=  288000 T= 7.2000E+00 DT= 2.5000E-05 ERR= -0.0% DM/M= 0.0000E+00
 ELAPSED TIME=         48.57 s  REMAINING TIME=         18.89 s
 NC=  288100 T= 7.2025E+00 DT= 2.5000E-05 ERR= -0.0% DM/M= 0.0000E+00
 ELAPSED TIME=         48.60 s  REMAINING TIME=         18.87 s
 NC=  288200 T= 7.2050E+00 DT= 2.5000E-05 ERR= -0.0% DM/M= 0.0000E+00
 ELAPSED TIME=         48.62 s  REMAINING TIME=         18.86 s
 NC=  288300 T= 7.2075E+00 DT= 2.5000E-05 ERR= -0.0% DM/M= 0.0000E+00
 ELAPSED TIME=         48.65 s  REMAINING TIME=         18.85 s
 NC=  288400 T= 7.2100E+00 DT= 2.5000E-05 ERR= -0.0% DM/M= 0.0000E+00
 ELAPSED TIME=         48.67 s  REMAINING TIME=         18.83 s
 NC=  288500 T= 7.2125E+00 DT= 2.5000E-05 ERR= -0.0% DM/M= 0.0000E+00
 ELAPSED TIME=         48.70 s  REMAINING TIME=         18.82 s
 NC=  288600 T= 7.2150E+00 DT= 2.5000E-05 ERR= -0.0% DM/M= 0.0000E+00
 ELAPSED TIME=         48.72 s  REMAINING TIME=         18.81 s
 NC=  288700 T= 7.2175E+00 DT= 2.5000E-05 ERR= -0.0% DM/M= 0.0000E+00
 ELAPSED TIME=         48.75 s  REMAINING TIME=         18.79 s
 NC=  288800 T= 7.2200E+00 DT= 2.5000E-05 ERR= -0.0% DM/M= 0.0000E+00
 ELAPSED TIME=         48.77 s  REMAINING TIME=         18.78 s
 NC=  288900 T= 7.2225E+00 DT= 2.5000E-05 ERR= -0.0% DM/M= 0.0000E+00
 ELAPSED TIME=         48.80 s  REMAINING TIME=         18.76 s
 NC=  289000 T= 7.2250E+00 DT= 2.5000E-05 ERR= -0.0% DM/M= 0.0000E+00
 ELAPSED TIME=         48.82 s  REMAINING TIME=         18.75 s
 NC=  289100 T= 7.2275E+00 DT= 2.5000E-05 ERR= -0.0% DM/M= 0.0000E+00
 ELAPSED TIME=         48.85 s  REMAINING TIME=         18.74 s
 NC=  289200 T= 7.2300E+00 DT= 2.5000E-05 ERR= -0.0% DM/M= 0.0000E+00
 ELAPSED TIME=         48.87 s  REMAINING TIME=         18.72 s
 NC=  289300 T= 7.2325E+00 DT= 2.5000E-05 ERR= -0.0% DM/M= 0.0000E+00
 ELAPSED TIME=         48.90 s  REMAINING TIME=         18.71 s
 NC=  289400 T= 7.2350E+00 DT= 2.5000E-05 ERR= -0.0% DM/M= 0.0000E+00
 ELAPSED TIME=         48.92 s  REMAINING TIME=         18.70 s
 NC=  289500 T= 7.2375E+00 DT= 2.5000E-05 ERR= -0.0% DM/M= 0.0000E+00
 ELAPSED TIME=         48.95 s  REMAINING TIME=         18.68 s
 NC=  289600 T= 7.2400E+00 DT= 2.5000E-05 ERR= -0.0% DM/M= 0.0000E+00
 ELAPSED TIME=         48.97 s  REMAINING TIME=         18.67 s
 NC=  289700 T= 7.2425E+00 DT= 2.5000E-05 ERR= -0.0% DM/M= 0.0000E+00
 ELAPSED TIME=         49.00 s  REMAINING TIME=         18.65 s
 NC=  289800 T= 7.2450E+00 DT= 2.5000E-05 ERR= -0.0% DM/M= 0.0000E+00
 ELAPSED TIME=         49.02 s  REMAINING TIME=         18.64 s
 NC=  289900 T= 7.2475E+00 DT= 2.5000E-05 ERR= -0.0% DM/M= 0.0000E+00
 ELAPSED TIME=         49.05 s  REMAINING TIME=         18.63 s
 NC=  290000 T= 7.2500E+00 DT= 2.5000E-05 ERR= -0.0% DM/M= 0.0000E+00
 ELAPSED TIME=         49.07 s  REMAINING TIME=         18.61 s
     ANIMATION FILE: A23_w1_REFERENCE_ROTATION_YA030 WRITTEN
 NC=  290100 T= 7.2525E+00 DT= 2.5000E-05 ERR= -0.0% DM/M= 0.0000E+00
 ELAPSED TIME=         49.10 s  REMAINING TIME=         18.60 s
 NC=  290200 T= 7.2550E+00 DT= 2.5000E-05 ERR= -0.0% DM/M= 0.0000E+00
 ELAPSED TIME=         49.12 s  REMAINING TIME=         18.59 s
 NC=  290300 T= 7.2575E+00 DT= 2.5000E-05 ERR= -0.0% DM/M= 0.0000E+00
 ELAPSED TIME=         49.15 s  REMAINING TIME=         18.57 s
 NC=  290400 T= 7.2600E+00 DT= 2.5000E-05 ERR= -0.0% DM/M= 0.0000E+00
 ELAPSED TIME=         49.17 s  REMAINING TIME=         18.56 s
 NC=  290500 T= 7.2625E+00 DT= 2.5000E-05 ERR= -0.0% DM/M= 0.0000E+00
 ELAPSED TIME=         49.20 s  REMAINING TIME=         18.54 s
 NC=  290600 T= 7.2650E+00 DT= 2.5000E-05 ERR= -0.0% DM/M= 0.0000E+00
 ELAPSED TIME=         49.22 s  REMAINING TIME=         18.53 s
 NC=  290700 T= 7.2675E+00 DT= 2.5000E-05 ERR= -0.0% DM/M= 0.0000E+00
 ELAPSED TIME=         49.25 s  REMAINING TIME=         18.52 s
 NC=  290800 T= 7.2700E+00 DT= 2.5000E-05 ERR= -0.0% DM/M= 0.0000E+00
 ELAPSED TIME=         49.27 s  REMAINING TIME=         18.50 s
 NC=  290900 T= 7.2725E+00 DT= 2.5000E-05 ERR= -0.0% DM/M= 0.0000E+00
 ELAPSED TIME=         49.30 s  REMAINING TIME=         18.49 s
 NC=  291000 T= 7.2750E+00 DT= 2.5000E-05 ERR= -0.0% DM/M= 0.0000E+00
 ELAPSED TIME=         49.32 s  REMAINING TIME=         18.47 s
 NC=  291100 T= 7.2775E+00 DT= 2.5000E-05 ERR= -0.0% DM/M= 0.0000E+00
 ELAPSED TIME=         49.35 s  REMAINING TIME=         18.46 s
 NC=  291200 T= 7.2800E+00 DT= 2.5000E-05 ERR= -0.0% DM/M= 0.0000E+00
 ELAPSED TIME=         49.37 s  REMAINING TIME=         18.45 s
 NC=  291300 T= 7.2825E+00 DT= 2.5000E-05 ERR= -0.0% DM/M= 0.0000E+00
 ELAPSED TIME=         49.40 s  REMAINING TIME=         18.43 s
 NC=  291400 T= 7.2850E+00 DT= 2.5000E-05 ERR= -0.0% DM/M= 0.0000E+00
 ELAPSED TIME=         49.42 s  REMAINING TIME=         18.42 s
 NC=  291500 T= 7.2875E+00 DT= 2.5000E-05 ERR= -0.0% DM/M= 0.0000E+00
 ELAPSED TIME=         49.45 s  REMAINING TIME=         18.40 s
 NC=  291600 T= 7.2900E+00 DT= 2.5000E-05 ERR= -0.0% DM/M= 0.0000E+00
 ELAPSED TIME=         49.47 s  REMAINING TIME=         18.39 s
 NC=  291700 T= 7.2925E+00 DT= 2.5000E-05 ERR= -0.0% DM/M= 0.0000E+00
 ELAPSED TIME=         49.49 s  REMAINING TIME=         18.38 s
 NC=  291800 T= 7.2950E+00 DT= 2.5000E-05 ERR= -0.0% DM/M= 0.0000E+00
 ELAPSED TIME=         49.52 s  REMAINING TIME=         18.36 s
 NC=  291900 T= 7.2975E+00 DT= 2.5000E-05 ERR= -0.0% DM/M= 0.0000E+00
 ELAPSED TIME=         49.54 s  REMAINING TIME=         18.35 s
 NC=  292000 T= 7.3000E+00 DT= 2.5000E-05 ERR= -0.0% DM/M= 0.0000E+00
 ELAPSED TIME=         49.57 s  REMAINING TIME=         18.33 s
 NC=  292100 T= 7.3025E+00 DT= 2.5000E-05 ERR= -0.0% DM/M= 0.0000E+00
 ELAPSED TIME=         49.59 s  REMAINING TIME=         18.32 s
 NC=  292200 T= 7.3050E+00 DT= 2.5000E-05 ERR= -0.0% DM/M= 0.0000E+00
 ELAPSED TIME=         49.62 s  REMAINING TIME=         18.31 s
 NC=  292300 T= 7.3075E+00 DT= 2.5000E-05 ERR= -0.0% DM/M= 0.0000E+00
 ELAPSED TIME=         49.64 s  REMAINING TIME=         18.29 s
 NC=  292400 T= 7.3100E+00 DT= 2.5000E-05 ERR= -0.0% DM/M= 0.0000E+00
 ELAPSED TIME=         49.67 s  REMAINING TIME=         18.28 s
 NC=  292500 T= 7.3125E+00 DT= 2.5000E-05 ERR= -0.0% DM/M= 0.0000E+00
 ELAPSED TIME=         49.69 s  REMAINING TIME=         18.26 s
 NC=  292600 T= 7.3150E+00 DT= 2.5000E-05 ERR= -0.0% DM/M= 0.0000E+00
 ELAPSED TIME=         49.72 s  REMAINING TIME=         18.25 s
 NC=  292700 T= 7.3175E+00 DT= 2.5000E-05 ERR= -0.0% DM/M= 0.0000E+00
 ELAPSED TIME=         49.74 s  REMAINING TIME=         18.24 s
 NC=  292800 T= 7.3200E+00 DT= 2.5000E-05 ERR= -0.0% DM/M= 0.0000E+00
 ELAPSED TIME=         49.77 s  REMAINING TIME=         18.22 s
 NC=  292900 T= 7.3225E+00 DT= 2.5000E-05 ERR= -0.0% DM/M= 0.0000E+00
 ELAPSED TIME=         49.79 s  REMAINING TIME=         18.21 s
 NC=  293000 T= 7.3250E+00 DT= 2.5000E-05 ERR= -0.0% DM/M= 0.0000E+00
 ELAPSED TIME=         49.81 s  REMAINING TIME=         18.19 s
 NC=  293100 T= 7.3275E+00 DT= 2.5000E-05 ERR= -0.0% DM/M= 0.0000E+00
 ELAPSED TIME=         49.83 s  REMAINING TIME=         18.17 s
 NC=  293200 T= 7.3300E+00 DT= 2.5000E-05 ERR= -0.0% DM/M= 0.0000E+00
 ELAPSED TIME=         49.84 s  REMAINING TIME=         18.16 s
 NC=  293300 T= 7.3325E+00 DT= 2.5000E-05 ERR= -0.0% DM/M= 0.0000E+00
 ELAPSED TIME=         49.86 s  REMAINING TIME=         18.14 s
 NC=  293400 T= 7.3350E+00 DT= 2.5000E-05 ERR= -0.0% DM/M= 0.0000E+00
 ELAPSED TIME=         49.87 s  REMAINING TIME=         18.12 s
 NC=  293500 T= 7.3375E+00 DT= 2.5000E-05 ERR= -0.0% DM/M= 0.0000E+00
 ELAPSED TIME=         49.89 s  REMAINING TIME=         18.10 s
 NC=  293600 T= 7.3400E+00 DT= 2.5000E-05 ERR= -0.0% DM/M= 0.0000E+00
 ELAPSED TIME=         49.90 s  REMAINING TIME=         18.08 s
 NC=  293700 T= 7.3425E+00 DT= 2.5000E-05 ERR= -0.0% DM/M= 0.0000E+00
 ELAPSED TIME=         49.91 s  REMAINING TIME=         18.07 s
 NC=  293800 T= 7.3450E+00 DT= 2.5000E-05 ERR= -0.0% DM/M= 0.0000E+00
 ELAPSED TIME=         49.93 s  REMAINING TIME=         18.05 s
 NC=  293900 T= 7.3475E+00 DT= 2.5000E-05 ERR= -0.0% DM/M= 0.0000E+00
 ELAPSED TIME=         49.95 s  REMAINING TIME=         18.03 s
 NC=  294000 T= 7.3500E+00 DT= 2.5000E-05 ERR= -0.0% DM/M= 0.0000E+00
 ELAPSED TIME=         49.98 s  REMAINING TIME=         18.02 s
 NC=  294100 T= 7.3525E+00 DT= 2.5000E-05 ERR= -0.0% DM/M= 0.0000E+00
 ELAPSED TIME=         50.00 s  REMAINING TIME=         18.01 s
 NC=  294200 T= 7.3550E+00 DT= 2.5000E-05 ERR= -0.0% DM/M= 0.0000E+00
 ELAPSED TIME=         50.03 s  REMAINING TIME=         17.99 s
 NC=  294300 T= 7.3575E+00 DT= 2.5000E-05 ERR= -0.0% DM/M= 0.0000E+00
 ELAPSED TIME=         50.05 s  REMAINING TIME=         17.98 s
 NC=  294400 T= 7.3600E+00 DT= 2.5000E-05 ERR= -0.0% DM/M= 0.0000E+00
 ELAPSED TIME=         50.08 s  REMAINING TIME=         17.96 s
 NC=  294500 T= 7.3625E+00 DT= 2.5000E-05 ERR= -0.0% DM/M= 0.0000E+00
 ELAPSED TIME=         50.10 s  REMAINING TIME=         17.95 s
 NC=  294600 T= 7.3650E+00 DT= 2.5000E-05 ERR= -0.0% DM/M= 0.0000E+00
 ELAPSED TIME=         50.13 s  REMAINING TIME=         17.93 s
 NC=  294700 T= 7.3675E+00 DT= 2.5000E-05 ERR= -0.0% DM/M= 0.0000E+00
 ELAPSED TIME=         50.15 s  REMAINING TIME=         17.92 s
 NC=  294800 T= 7.3700E+00 DT= 2.5000E-05 ERR= -0.0% DM/M= 0.0000E+00
 ELAPSED TIME=         50.16 s  REMAINING TIME=         17.90 s
 NC=  294900 T= 7.3725E+00 DT= 2.5000E-05 ERR= -0.0% DM/M= 0.0000E+00
 ELAPSED TIME=         50.18 s  REMAINING TIME=         17.88 s
 NC=  295000 T= 7.3750E+00 DT= 2.5000E-05 ERR= -0.0% DM/M= 0.0000E+00
 ELAPSED TIME=         50.19 s  REMAINING TIME=         17.87 s
 NC=  295100 T= 7.3775E+00 DT= 2.5000E-05 ERR= -0.0% DM/M= 0.0000E+00
 ELAPSED TIME=         50.21 s  REMAINING TIME=         17.85 s
 NC=  295200 T= 7.3800E+00 DT= 2.5000E-05 ERR= -0.0% DM/M= 0.0000E+00
 ELAPSED TIME=         50.22 s  REMAINING TIME=         17.83 s
 NC=  295300 T= 7.3825E+00 DT= 2.5000E-05 ERR= -0.0% DM/M= 0.0000E+00
 ELAPSED TIME=         50.24 s  REMAINING TIME=         17.81 s
 NC=  295400 T= 7.3850E+00 DT= 2.5000E-05 ERR= -0.0% DM/M= 0.0000E+00
 ELAPSED TIME=         50.25 s  REMAINING TIME=         17.79 s
 NC=  295500 T= 7.3875E+00 DT= 2.5000E-05 ERR= -0.0% DM/M= 0.0000E+00
 ELAPSED TIME=         50.27 s  REMAINING TIME=         17.78 s
 NC=  295600 T= 7.3900E+00 DT= 2.5000E-05 ERR= -0.0% DM/M= 0.0000E+00
 ELAPSED TIME=         50.28 s  REMAINING TIME=         17.76 s
 NC=  295700 T= 7.3925E+00 DT= 2.5000E-05 ERR= -0.0% DM/M= 0.0000E+00
 ELAPSED TIME=         50.29 s  REMAINING TIME=         17.74 s
 NC=  295800 T= 7.3950E+00 DT= 2.5000E-05 ERR= -0.0% DM/M= 0.0000E+00
 ELAPSED TIME=         50.31 s  REMAINING TIME=         17.72 s
 NC=  295900 T= 7.3975E+00 DT= 2.5000E-05 ERR= -0.0% DM/M= 0.0000E+00
 ELAPSED TIME=         50.32 s  REMAINING TIME=         17.70 s
 NC=  296000 T= 7.4000E+00 DT= 2.5000E-05 ERR= -0.0% DM/M= 0.0000E+00
 ELAPSED TIME=         50.34 s  REMAINING TIME=         17.69 s
 NC=  296100 T= 7.4025E+00 DT= 2.5000E-05 ERR= -0.0% DM/M= 0.0000E+00
 ELAPSED TIME=         50.35 s  REMAINING TIME=         17.67 s
 NC=  296200 T= 7.4050E+00 DT= 2.5000E-05 ERR= -0.0% DM/M= 0.0000E+00
 ELAPSED TIME=         50.37 s  REMAINING TIME=         17.65 s
 NC=  296300 T= 7.4075E+00 DT= 2.5000E-05 ERR= -0.0% DM/M= 0.0000E+00
 ELAPSED TIME=         50.38 s  REMAINING TIME=         17.63 s
 NC=  296400 T= 7.4100E+00 DT= 2.5000E-05 ERR= -0.0% DM/M= 0.0000E+00
 ELAPSED TIME=         50.40 s  REMAINING TIME=         17.61 s
 NC=  296500 T= 7.4125E+00 DT= 2.5000E-05 ERR= -0.0% DM/M= 0.0000E+00
 ELAPSED TIME=         50.41 s  REMAINING TIME=         17.60 s
 NC=  296600 T= 7.4150E+00 DT= 2.5000E-05 ERR= -0.0% DM/M= 0.0000E+00
 ELAPSED TIME=         50.42 s  REMAINING TIME=         17.58 s
 NC=  296700 T= 7.4175E+00 DT= 2.5000E-05 ERR= -0.0% DM/M= 0.0000E+00
 ELAPSED TIME=         50.44 s  REMAINING TIME=         17.56 s
 NC=  296800 T= 7.4200E+00 DT= 2.5000E-05 ERR= -0.0% DM/M= 0.0000E+00
 ELAPSED TIME=         50.45 s  REMAINING TIME=         17.54 s
 NC=  296900 T= 7.4225E+00 DT= 2.5000E-05 ERR= -0.0% DM/M= 0.0000E+00
 ELAPSED TIME=         50.47 s  REMAINING TIME=         17.53 s
 NC=  297000 T= 7.4250E+00 DT= 2.5000E-05 ERR= -0.0% DM/M= 0.0000E+00
 ELAPSED TIME=         50.48 s  REMAINING TIME=         17.51 s
 NC=  297100 T= 7.4275E+00 DT= 2.5000E-05 ERR= -0.0% DM/M= 0.0000E+00
 ELAPSED TIME=         50.50 s  REMAINING TIME=         17.49 s
 NC=  297200 T= 7.4300E+00 DT= 2.5000E-05 ERR= -0.0% DM/M= 0.0000E+00
 ELAPSED TIME=         50.51 s  REMAINING TIME=         17.47 s
 NC=  297300 T= 7.4325E+00 DT= 2.5000E-05 ERR= -0.0% DM/M= 0.0000E+00
 ELAPSED TIME=         50.53 s  REMAINING TIME=         17.45 s
 NC=  297400 T= 7.4350E+00 DT= 2.5000E-05 ERR= -0.0% DM/M= 0.0000E+00
 ELAPSED TIME=         50.54 s  REMAINING TIME=         17.44 s
 NC=  297500 T= 7.4375E+00 DT= 2.5000E-05 ERR= -0.0% DM/M= 0.0000E+00
 ELAPSED TIME=         50.56 s  REMAINING TIME=         17.42 s
 NC=  297600 T= 7.4400E+00 DT= 2.5000E-05 ERR= -0.0% DM/M= 0.0000E+00
 ELAPSED TIME=         50.57 s  REMAINING TIME=         17.40 s
 NC=  297700 T= 7.4425E+00 DT= 2.5000E-05 ERR= -0.0% DM/M= 0.0000E+00
 ELAPSED TIME=         50.58 s  REMAINING TIME=         17.38 s
 NC=  297800 T= 7.4450E+00 DT= 2.5000E-05 ERR= -0.0% DM/M= 0.0000E+00
 ELAPSED TIME=         50.60 s  REMAINING TIME=         17.36 s
 NC=  297900 T= 7.4475E+00 DT= 2.5000E-05 ERR= -0.0% DM/M= 0.0000E+00
 ELAPSED TIME=         50.61 s  REMAINING TIME=         17.35 s
 NC=  298000 T= 7.4500E+00 DT= 2.5000E-05 ERR= -0.0% DM/M= 0.0000E+00
 ELAPSED TIME=         50.63 s  REMAINING TIME=         17.33 s
 NC=  298100 T= 7.4525E+00 DT= 2.5000E-05 ERR= -0.0% DM/M= 0.0000E+00
 ELAPSED TIME=         50.64 s  REMAINING TIME=         17.31 s
 NC=  298200 T= 7.4550E+00 DT= 2.5000E-05 ERR= -0.0% DM/M= 0.0000E+00
 ELAPSED TIME=         50.66 s  REMAINING TIME=         17.29 s
 NC=  298300 T= 7.4575E+00 DT= 2.5000E-05 ERR= -0.0% DM/M= 0.0000E+00
 ELAPSED TIME=         50.67 s  REMAINING TIME=         17.28 s
 NC=  298400 T= 7.4600E+00 DT= 2.5000E-05 ERR= -0.0% DM/M= 0.0000E+00
 ELAPSED TIME=         50.69 s  REMAINING TIME=         17.26 s
 NC=  298500 T= 7.4625E+00 DT= 2.5000E-05 ERR= -0.0% DM/M= 0.0000E+00
 ELAPSED TIME=         50.70 s  REMAINING TIME=         17.24 s
 NC=  298600 T= 7.4650E+00 DT= 2.5000E-05 ERR= -0.0% DM/M= 0.0000E+00
 ELAPSED TIME=         50.71 s  REMAINING TIME=         17.22 s
 NC=  298700 T= 7.4675E+00 DT= 2.5000E-05 ERR= -0.0% DM/M= 0.0000E+00
 ELAPSED TIME=         50.73 s  REMAINING TIME=         17.20 s
 NC=  298800 T= 7.4700E+00 DT= 2.5000E-05 ERR= -0.0% DM/M= 0.0000E+00
 ELAPSED TIME=         50.75 s  REMAINING TIME=         17.19 s
 NC=  298900 T= 7.4725E+00 DT= 2.5000E-05 ERR= -0.0% DM/M= 0.0000E+00
 ELAPSED TIME=         50.77 s  REMAINING TIME=         17.17 s
 NC=  299000 T= 7.4750E+00 DT= 2.5000E-05 ERR= -0.0% DM/M= 0.0000E+00
 ELAPSED TIME=         50.79 s  REMAINING TIME=         17.16 s
 NC=  299100 T= 7.4775E+00 DT= 2.5000E-05 ERR= -0.0% DM/M= 0.0000E+00
 ELAPSED TIME=         50.80 s  REMAINING TIME=         17.14 s
 NC=  299200 T= 7.4800E+00 DT= 2.5000E-05 ERR= -0.0% DM/M= 0.0000E+00
 ELAPSED TIME=         50.82 s  REMAINING TIME=         17.12 s
 NC=  299300 T= 7.4825E+00 DT= 2.5000E-05 ERR= -0.0% DM/M= 0.0000E+00
 ELAPSED TIME=         50.83 s  REMAINING TIME=         17.10 s
 NC=  299400 T= 7.4850E+00 DT= 2.5000E-05 ERR= -0.0% DM/M= 0.0000E+00
 ELAPSED TIME=         50.84 s  REMAINING TIME=         17.08 s
 NC=  299500 T= 7.4875E+00 DT= 2.5000E-05 ERR= -0.0% DM/M= 0.0000E+00
 ELAPSED TIME=         50.87 s  REMAINING TIME=         17.07 s
 NC=  299600 T= 7.4900E+00 DT= 2.5000E-05 ERR= -0.0% DM/M= 0.0000E+00
 ELAPSED TIME=         50.89 s  REMAINING TIME=         17.05 s
 NC=  299700 T= 7.4925E+00 DT= 2.5000E-05 ERR= -0.0% DM/M= 0.0000E+00
 ELAPSED TIME=         50.91 s  REMAINING TIME=         17.04 s
 NC=  299800 T= 7.4950E+00 DT= 2.5000E-05 ERR= -0.0% DM/M= 0.0000E+00
 ELAPSED TIME=         50.94 s  REMAINING TIME=         17.02 s
 NC=  299900 T= 7.4975E+00 DT= 2.5000E-05 ERR= -0.0% DM/M= 0.0000E+00
 ELAPSED TIME=         50.96 s  REMAINING TIME=         17.01 s
 NC=  300000 T= 7.5000E+00 DT= 2.5000E-05 ERR= -0.0% DM/M= 0.0000E+00
 ELAPSED TIME=         50.99 s  REMAINING TIME=         17.00 s
     ANIMATION FILE: A23_w1_REFERENCE_ROTATION_YA031 WRITTEN
 NC=  300100 T= 7.5025E+00 DT= 2.5000E-05 ERR= -0.0% DM/M= 0.0000E+00
 ELAPSED TIME=         51.01 s  REMAINING TIME=         16.98 s
 NC=  300200 T= 7.5050E+00 DT= 2.5000E-05 ERR= -0.0% DM/M= 0.0000E+00
 ELAPSED TIME=         51.04 s  REMAINING TIME=         16.97 s
 NC=  300300 T= 7.5075E+00 DT= 2.5000E-05 ERR= -0.0% DM/M= 0.0000E+00
 ELAPSED TIME=         51.06 s  REMAINING TIME=         16.95 s
 NC=  300400 T= 7.5100E+00 DT= 2.5000E-05 ERR= -0.0% DM/M= 0.0000E+00
 ELAPSED TIME=         51.08 s  REMAINING TIME=         16.94 s
 NC=  300500 T= 7.5125E+00 DT= 2.5000E-05 ERR= -0.0% DM/M= 0.0000E+00
 ELAPSED TIME=         51.11 s  REMAINING TIME=         16.92 s
 NC=  300600 T= 7.5150E+00 DT= 2.5000E-05 ERR= -0.0% DM/M= 0.0000E+00
 ELAPSED TIME=         51.13 s  REMAINING TIME=         16.91 s
 NC=  300700 T= 7.5175E+00 DT= 2.5000E-05 ERR= -0.0% DM/M= 0.0000E+00
 ELAPSED TIME=         51.16 s  REMAINING TIME=         16.89 s
 NC=  300800 T= 7.5200E+00 DT= 2.5000E-05 ERR= -0.0% DM/M= 0.0000E+00
 ELAPSED TIME=         51.18 s  REMAINING TIME=         16.88 s
 NC=  300900 T= 7.5225E+00 DT= 2.5000E-05 ERR= -0.0% DM/M= 0.0000E+00
 ELAPSED TIME=         51.21 s  REMAINING TIME=         16.86 s
 NC=  301000 T= 7.5250E+00 DT= 2.5000E-05 ERR= -0.0% DM/M= 0.0000E+00
 ELAPSED TIME=         51.23 s  REMAINING TIME=         16.85 s
 NC=  301100 T= 7.5275E+00 DT= 2.5000E-05 ERR= -0.0% DM/M= 0.0000E+00
 ELAPSED TIME=         51.25 s  REMAINING TIME=         16.83 s
 NC=  301200 T= 7.5300E+00 DT= 2.5000E-05 ERR= -0.0% DM/M= 0.0000E+00
 ELAPSED TIME=         51.28 s  REMAINING TIME=         16.82 s
 NC=  301300 T= 7.5325E+00 DT= 2.5000E-05 ERR= -0.0% DM/M= 0.0000E+00
 ELAPSED TIME=         51.30 s  REMAINING TIME=         16.81 s
 NC=  301400 T= 7.5350E+00 DT= 2.5000E-05 ERR= -0.0% DM/M= 0.0000E+00
 ELAPSED TIME=         51.33 s  REMAINING TIME=         16.79 s
 NC=  301500 T= 7.5375E+00 DT= 2.5000E-05 ERR= -0.0% DM/M= 0.0000E+00
 ELAPSED TIME=         51.35 s  REMAINING TIME=         16.78 s
 NC=  301600 T= 7.5400E+00 DT= 2.5000E-05 ERR= -0.0% DM/M= 0.0000E+00
 ELAPSED TIME=         51.37 s  REMAINING TIME=         16.76 s
 NC=  301700 T= 7.5425E+00 DT= 2.5000E-05 ERR= -0.0% DM/M= 0.0000E+00
 ELAPSED TIME=         51.40 s  REMAINING TIME=         16.75 s
 NC=  301800 T= 7.5450E+00 DT= 2.5000E-05 ERR= -0.0% DM/M= 0.0000E+00
 ELAPSED TIME=         51.42 s  REMAINING TIME=         16.73 s
 NC=  301900 T= 7.5475E+00 DT= 2.5000E-05 ERR= -0.0% DM/M= 0.0000E+00
 ELAPSED TIME=         51.45 s  REMAINING TIME=         16.72 s
 NC=  302000 T= 7.5500E+00 DT= 2.5000E-05 ERR= -0.0% DM/M= 0.0000E+00
 ELAPSED TIME=         51.47 s  REMAINING TIME=         16.70 s
 NC=  302100 T= 7.5525E+00 DT= 2.5000E-05 ERR= -0.0% DM/M= 0.0000E+00
 ELAPSED TIME=         51.49 s  REMAINING TIME=         16.69 s
 NC=  302200 T= 7.5550E+00 DT= 2.5000E-05 ERR= -0.0% DM/M= 0.0000E+00
 ELAPSED TIME=         51.52 s  REMAINING TIME=         16.67 s
 NC=  302300 T= 7.5575E+00 DT= 2.5000E-05 ERR= -0.0% DM/M= 0.0000E+00
 ELAPSED TIME=         51.54 s  REMAINING TIME=         16.66 s
 NC=  302400 T= 7.5600E+00 DT= 2.5000E-05 ERR= -0.0% DM/M= 0.0000E+00
 ELAPSED TIME=         51.57 s  REMAINING TIME=         16.64 s
 NC=  302500 T= 7.5625E+00 DT= 2.5000E-05 ERR= -0.0% DM/M= 0.0000E+00
 ELAPSED TIME=         51.59 s  REMAINING TIME=         16.63 s
 NC=  302600 T= 7.5650E+00 DT= 2.5000E-05 ERR= -0.0% DM/M= 0.0000E+00
 ELAPSED TIME=         51.62 s  REMAINING TIME=         16.61 s
 NC=  302700 T= 7.5675E+00 DT= 2.5000E-05 ERR= -0.0% DM/M= 0.0000E+00
 ELAPSED TIME=         51.64 s  REMAINING TIME=         16.60 s
 NC=  302800 T= 7.5700E+00 DT= 2.5000E-05 ERR= -0.0% DM/M= 0.0000E+00
 ELAPSED TIME=         51.66 s  REMAINING TIME=         16.58 s
 NC=  302900 T= 7.5725E+00 DT= 2.5000E-05 ERR= -0.0% DM/M= 0.0000E+00
 ELAPSED TIME=         51.69 s  REMAINING TIME=         16.57 s
 NC=  303000 T= 7.5750E+00 DT= 2.5000E-05 ERR= -0.0% DM/M= 0.0000E+00
 ELAPSED TIME=         51.71 s  REMAINING TIME=         16.55 s
 NC=  303100 T= 7.5775E+00 DT= 2.5000E-05 ERR= -0.0% DM/M= 0.0000E+00
 ELAPSED TIME=         51.74 s  REMAINING TIME=         16.54 s
 NC=  303200 T= 7.5800E+00 DT= 2.5000E-05 ERR= -0.0% DM/M= 0.0000E+00
 ELAPSED TIME=         51.76 s  REMAINING TIME=         16.52 s
 NC=  303300 T= 7.5825E+00 DT= 2.5000E-05 ERR= -0.0% DM/M= 0.0000E+00
 ELAPSED TIME=         51.78 s  REMAINING TIME=         16.51 s
 NC=  303400 T= 7.5850E+00 DT= 2.5000E-05 ERR= -0.0% DM/M= 0.0000E+00
 ELAPSED TIME=         51.81 s  REMAINING TIME=         16.50 s
 NC=  303500 T= 7.5875E+00 DT= 2.5000E-05 ERR= -0.0% DM/M= 0.0000E+00
 ELAPSED TIME=         51.83 s  REMAINING TIME=         16.48 s
 NC=  303600 T= 7.5900E+00 DT= 2.5000E-05 ERR= -0.0% DM/M= 0.0000E+00
 ELAPSED TIME=         51.86 s  REMAINING TIME=         16.47 s
 NC=  303700 T= 7.5925E+00 DT= 2.5000E-05 ERR= -0.0% DM/M= 0.0000E+00
 ELAPSED TIME=         51.88 s  REMAINING TIME=         16.45 s
 NC=  303800 T= 7.5950E+00 DT= 2.5000E-05 ERR= -0.0% DM/M= 0.0000E+00
 ELAPSED TIME=         51.90 s  REMAINING TIME=         16.44 s
 NC=  303900 T= 7.5975E+00 DT= 2.5000E-05 ERR= -0.0% DM/M= 0.0000E+00
 ELAPSED TIME=         51.93 s  REMAINING TIME=         16.42 s
 NC=  304000 T= 7.6000E+00 DT= 2.5000E-05 ERR= -0.0% DM/M= 0.0000E+00
 ELAPSED TIME=         51.95 s  REMAINING TIME=         16.41 s
 NC=  304100 T= 7.6025E+00 DT= 2.5000E-05 ERR= -0.0% DM/M= 0.0000E+00
 ELAPSED TIME=         51.98 s  REMAINING TIME=         16.39 s
 NC=  304200 T= 7.6050E+00 DT= 2.5000E-05 ERR= -0.0% DM/M= 0.0000E+00
 ELAPSED TIME=         52.00 s  REMAINING TIME=         16.38 s
 NC=  304300 T= 7.6075E+00 DT= 2.5000E-05 ERR= -0.0% DM/M= 0.0000E+00
 ELAPSED TIME=         52.02 s  REMAINING TIME=         16.36 s
 NC=  304400 T= 7.6100E+00 DT= 2.5000E-05 ERR= -0.0% DM/M= 0.0000E+00
 ELAPSED TIME=         52.05 s  REMAINING TIME=         16.35 s
 NC=  304500 T= 7.6125E+00 DT= 2.5000E-05 ERR= -0.0% DM/M= 0.0000E+00
 ELAPSED TIME=         52.07 s  REMAINING TIME=         16.33 s
 NC=  304600 T= 7.6150E+00 DT= 2.5000E-05 ERR= -0.0% DM/M= 0.0000E+00
 ELAPSED TIME=         52.10 s  REMAINING TIME=         16.32 s
 NC=  304700 T= 7.6175E+00 DT= 2.5000E-05 ERR= -0.0% DM/M= 0.0000E+00
 ELAPSED TIME=         52.12 s  REMAINING TIME=         16.30 s
 NC=  304800 T= 7.6200E+00 DT= 2.5000E-05 ERR= -0.0% DM/M= 0.0000E+00
 ELAPSED TIME=         52.15 s  REMAINING TIME=         16.29 s
 NC=  304900 T= 7.6225E+00 DT= 2.5000E-05 ERR= -0.0% DM/M= 0.0000E+00
 ELAPSED TIME=         52.17 s  REMAINING TIME=         16.27 s
 NC=  305000 T= 7.6250E+00 DT= 2.5000E-05 ERR= -0.0% DM/M= 0.0000E+00
 ELAPSED TIME=         52.19 s  REMAINING TIME=         16.26 s
 NC=  305100 T= 7.6275E+00 DT= 2.5000E-05 ERR= -0.0% DM/M= 0.0000E+00
 ELAPSED TIME=         52.22 s  REMAINING TIME=         16.24 s
 NC=  305200 T= 7.6300E+00 DT= 2.5000E-05 ERR= -0.0% DM/M= 0.0000E+00
 ELAPSED TIME=         52.24 s  REMAINING TIME=         16.23 s
 NC=  305300 T= 7.6325E+00 DT= 2.5000E-05 ERR= -0.0% DM/M= 0.0000E+00
 ELAPSED TIME=         52.27 s  REMAINING TIME=         16.21 s
 NC=  305400 T= 7.6350E+00 DT= 2.5000E-05 ERR= -0.0% DM/M= 0.0000E+00
 ELAPSED TIME=         52.29 s  REMAINING TIME=         16.20 s
 NC=  305500 T= 7.6375E+00 DT= 2.5000E-05 ERR= -0.0% DM/M= 0.0000E+00
 ELAPSED TIME=         52.31 s  REMAINING TIME=         16.18 s
 NC=  305600 T= 7.6400E+00 DT= 2.5000E-05 ERR= -0.0% DM/M= 0.0000E+00
 ELAPSED TIME=         52.34 s  REMAINING TIME=         16.17 s
 NC=  305700 T= 7.6425E+00 DT= 2.5000E-05 ERR= -0.0% DM/M= 0.0000E+00
 ELAPSED TIME=         52.36 s  REMAINING TIME=         16.15 s
 NC=  305800 T= 7.6450E+00 DT= 2.5000E-05 ERR= -0.0% DM/M= 0.0000E+00
 ELAPSED TIME=         52.39 s  REMAINING TIME=         16.14 s
 NC=  305900 T= 7.6475E+00 DT= 2.5000E-05 ERR= -0.0% DM/M= 0.0000E+00
 ELAPSED TIME=         52.41 s  REMAINING TIME=         16.12 s
 NC=  306000 T= 7.6500E+00 DT= 2.5000E-05 ERR= -0.0% DM/M= 0.0000E+00
 ELAPSED TIME=         52.43 s  REMAINING TIME=         16.11 s
 NC=  306100 T= 7.6525E+00 DT= 2.5000E-05 ERR= -0.0% DM/M= 0.0000E+00
 ELAPSED TIME=         52.46 s  REMAINING TIME=         16.09 s
 NC=  306200 T= 7.6550E+00 DT= 2.5000E-05 ERR= -0.0% DM/M= 0.0000E+00
 ELAPSED TIME=         52.48 s  REMAINING TIME=         16.08 s
 NC=  306300 T= 7.6575E+00 DT= 2.5000E-05 ERR= -0.0% DM/M= 0.0000E+00
 ELAPSED TIME=         52.51 s  REMAINING TIME=         16.06 s
 NC=  306400 T= 7.6600E+00 DT= 2.5000E-05 ERR= -0.0% DM/M= 0.0000E+00
 ELAPSED TIME=         52.53 s  REMAINING TIME=         16.05 s
 NC=  306500 T= 7.6625E+00 DT= 2.5000E-05 ERR= -0.0% DM/M= 0.0000E+00
 ELAPSED TIME=         52.55 s  REMAINING TIME=         16.03 s
 NC=  306600 T= 7.6650E+00 DT= 2.5000E-05 ERR= -0.0% DM/M= 0.0000E+00
 ELAPSED TIME=         52.58 s  REMAINING TIME=         16.02 s
 NC=  306700 T= 7.6675E+00 DT= 2.5000E-05 ERR= -0.0% DM/M= 0.0000E+00
 ELAPSED TIME=         52.60 s  REMAINING TIME=         16.00 s
 NC=  306800 T= 7.6700E+00 DT= 2.5000E-05 ERR= -0.0% DM/M= 0.0000E+00
 ELAPSED TIME=         52.63 s  REMAINING TIME=         15.99 s
 NC=  306900 T= 7.6725E+00 DT= 2.5000E-05 ERR= -0.0% DM/M= 0.0000E+00
 ELAPSED TIME=         52.65 s  REMAINING TIME=         15.97 s
 NC=  307000 T= 7.6750E+00 DT= 2.5000E-05 ERR= -0.0% DM/M= 0.0000E+00
 ELAPSED TIME=         52.68 s  REMAINING TIME=         15.96 s
 NC=  307100 T= 7.6775E+00 DT= 2.5000E-05 ERR= -0.0% DM/M= 0.0000E+00
 ELAPSED TIME=         52.70 s  REMAINING TIME=         15.94 s
 NC=  307200 T= 7.6800E+00 DT= 2.5000E-05 ERR= -0.0% DM/M= 0.0000E+00
 ELAPSED TIME=         52.72 s  REMAINING TIME=         15.93 s
 NC=  307300 T= 7.6825E+00 DT= 2.5000E-05 ERR= -0.0% DM/M= 0.0000E+00
 ELAPSED TIME=         52.75 s  REMAINING TIME=         15.91 s
 NC=  307400 T= 7.6850E+00 DT= 2.5000E-05 ERR= -0.0% DM/M= 0.0000E+00
 ELAPSED TIME=         52.77 s  REMAINING TIME=         15.90 s
 NC=  307500 T= 7.6875E+00 DT= 2.5000E-05 ERR= -0.0% DM/M= 0.0000E+00
 ELAPSED TIME=         52.80 s  REMAINING TIME=         15.88 s
 NC=  307600 T= 7.6900E+00 DT= 2.5000E-05 ERR= -0.0% DM/M= 0.0000E+00
 ELAPSED TIME=         52.82 s  REMAINING TIME=         15.87 s
 NC=  307700 T= 7.6925E+00 DT= 2.5000E-05 ERR= -0.0% DM/M= 0.0000E+00
 ELAPSED TIME=         52.84 s  REMAINING TIME=         15.85 s
 NC=  307800 T= 7.6950E+00 DT= 2.5000E-05 ERR= -0.0% DM/M= 0.0000E+00
 ELAPSED TIME=         52.87 s  REMAINING TIME=         15.84 s
 NC=  307900 T= 7.6975E+00 DT= 2.5000E-05 ERR= -0.0% DM/M= 0.0000E+00
 ELAPSED TIME=         52.89 s  REMAINING TIME=         15.82 s
 NC=  308000 T= 7.7000E+00 DT= 2.5000E-05 ERR= -0.0% DM/M= 0.0000E+00
 ELAPSED TIME=         52.92 s  REMAINING TIME=         15.81 s
 NC=  308100 T= 7.7025E+00 DT= 2.5000E-05 ERR= -0.0% DM/M= 0.0000E+00
 ELAPSED TIME=         52.94 s  REMAINING TIME=         15.79 s
 NC=  308200 T= 7.7050E+00 DT= 2.5000E-05 ERR= -0.0% DM/M= 0.0000E+00
 ELAPSED TIME=         52.96 s  REMAINING TIME=         15.78 s
 NC=  308300 T= 7.7075E+00 DT= 2.5000E-05 ERR= -0.0% DM/M= 0.0000E+00
 ELAPSED TIME=         52.99 s  REMAINING TIME=         15.76 s
 NC=  308400 T= 7.7100E+00 DT= 2.5000E-05 ERR= -0.0% DM/M= 0.0000E+00
 ELAPSED TIME=         53.01 s  REMAINING TIME=         15.75 s
 NC=  308500 T= 7.7125E+00 DT= 2.5000E-05 ERR= -0.0% DM/M= 0.0000E+00
 ELAPSED TIME=         53.04 s  REMAINING TIME=         15.73 s
 NC=  308600 T= 7.7150E+00 DT= 2.5000E-05 ERR= -0.0% DM/M= 0.0000E+00
 ELAPSED TIME=         53.06 s  REMAINING TIME=         15.72 s
 NC=  308700 T= 7.7175E+00 DT= 2.5000E-05 ERR= -0.0% DM/M= 0.0000E+00
 ELAPSED TIME=         53.08 s  REMAINING TIME=         15.70 s
 NC=  308800 T= 7.7200E+00 DT= 2.5000E-05 ERR= -0.0% DM/M= 0.0000E+00
 ELAPSED TIME=         53.11 s  REMAINING TIME=         15.68 s
 NC=  308900 T= 7.7225E+00 DT= 2.5000E-05 ERR= -0.0% DM/M= 0.0000E+00
 ELAPSED TIME=         53.13 s  REMAINING TIME=         15.67 s
 NC=  309000 T= 7.7250E+00 DT= 2.5000E-05 ERR= -0.0% DM/M= 0.0000E+00
 ELAPSED TIME=         53.16 s  REMAINING TIME=         15.65 s
 NC=  309100 T= 7.7275E+00 DT= 2.5000E-05 ERR= -0.0% DM/M= 0.0000E+00
 ELAPSED TIME=         53.18 s  REMAINING TIME=         15.64 s
 NC=  309200 T= 7.7300E+00 DT= 2.5000E-05 ERR= -0.0% DM/M= 0.0000E+00
 ELAPSED TIME=         53.20 s  REMAINING TIME=         15.62 s
 NC=  309300 T= 7.7325E+00 DT= 2.5000E-05 ERR= -0.0% DM/M= 0.0000E+00
 ELAPSED TIME=         53.23 s  REMAINING TIME=         15.61 s
 NC=  309400 T= 7.7350E+00 DT= 2.5000E-05 ERR= -0.0% DM/M= 0.0000E+00
 ELAPSED TIME=         53.25 s  REMAINING TIME=         15.59 s
 NC=  309500 T= 7.7375E+00 DT= 2.5000E-05 ERR= -0.0% DM/M= 0.0000E+00
 ELAPSED TIME=         53.28 s  REMAINING TIME=         15.58 s
 NC=  309600 T= 7.7400E+00 DT= 2.5000E-05 ERR= -0.0% DM/M= 0.0000E+00
 ELAPSED TIME=         53.30 s  REMAINING TIME=         15.56 s
 NC=  309700 T= 7.7425E+00 DT= 2.5000E-05 ERR= -0.0% DM/M= 0.0000E+00
 ELAPSED TIME=         53.33 s  REMAINING TIME=         15.55 s
 NC=  309800 T= 7.7450E+00 DT= 2.5000E-05 ERR= -0.0% DM/M= 0.0000E+00
 ELAPSED TIME=         53.35 s  REMAINING TIME=         15.53 s
 NC=  309900 T= 7.7475E+00 DT= 2.5000E-05 ERR= -0.0% DM/M= 0.0000E+00
 ELAPSED TIME=         53.37 s  REMAINING TIME=         15.52 s
 NC=  310000 T= 7.7500E+00 DT= 2.5000E-05 ERR= -0.0% DM/M= 0.0000E+00
 ELAPSED TIME=         53.40 s  REMAINING TIME=         15.50 s
     ANIMATION FILE: A23_w1_REFERENCE_ROTATION_YA032 WRITTEN
 NC=  310100 T= 7.7525E+00 DT= 2.5000E-05 ERR= -0.0% DM/M= 0.0000E+00
 ELAPSED TIME=         53.42 s  REMAINING TIME=         15.49 s
 NC=  310200 T= 7.7550E+00 DT= 2.5000E-05 ERR= -0.0% DM/M= 0.0000E+00
 ELAPSED TIME=         53.45 s  REMAINING TIME=         15.47 s
 NC=  310300 T= 7.7575E+00 DT= 2.5000E-05 ERR= -0.0% DM/M= 0.0000E+00
 ELAPSED TIME=         53.47 s  REMAINING TIME=         15.46 s
 NC=  310400 T= 7.7600E+00 DT= 2.5000E-05 ERR= -0.0% DM/M= 0.0000E+00
 ELAPSED TIME=         53.50 s  REMAINING TIME=         15.44 s
 NC=  310500 T= 7.7625E+00 DT= 2.5000E-05 ERR= -0.0% DM/M= 0.0000E+00
 ELAPSED TIME=         53.52 s  REMAINING TIME=         15.43 s
 NC=  310600 T= 7.7650E+00 DT= 2.5000E-05 ERR= -0.0% DM/M= 0.0000E+00
 ELAPSED TIME=         53.54 s  REMAINING TIME=         15.41 s
 NC=  310700 T= 7.7675E+00 DT= 2.5000E-05 ERR= -0.0% DM/M= 0.0000E+00
 ELAPSED TIME=         53.57 s  REMAINING TIME=         15.40 s
 NC=  310800 T= 7.7700E+00 DT= 2.5000E-05 ERR= -0.0% DM/M= 0.0000E+00
 ELAPSED TIME=         53.59 s  REMAINING TIME=         15.38 s
 NC=  310900 T= 7.7725E+00 DT= 2.5000E-05 ERR= -0.0% DM/M= 0.0000E+00
 ELAPSED TIME=         53.62 s  REMAINING TIME=         15.37 s
 NC=  311000 T= 7.7750E+00 DT= 2.5000E-05 ERR= -0.0% DM/M= 0.0000E+00
 ELAPSED TIME=         53.64 s  REMAINING TIME=         15.35 s
 NC=  311100 T= 7.7775E+00 DT= 2.5000E-05 ERR= -0.0% DM/M= 0.0000E+00
 ELAPSED TIME=         53.66 s  REMAINING TIME=         15.34 s
 NC=  311200 T= 7.7800E+00 DT= 2.5000E-05 ERR= -0.0% DM/M= 0.0000E+00
 ELAPSED TIME=         53.69 s  REMAINING TIME=         15.32 s
 NC=  311300 T= 7.7825E+00 DT= 2.5000E-05 ERR= -0.0% DM/M= 0.0000E+00
 ELAPSED TIME=         53.71 s  REMAINING TIME=         15.30 s
 NC=  311400 T= 7.7850E+00 DT= 2.5000E-05 ERR= -0.0% DM/M= 0.0000E+00
 ELAPSED TIME=         53.74 s  REMAINING TIME=         15.29 s
 NC=  311500 T= 7.7875E+00 DT= 2.5000E-05 ERR= -0.0% DM/M= 0.0000E+00
 ELAPSED TIME=         53.76 s  REMAINING TIME=         15.27 s
 NC=  311600 T= 7.7900E+00 DT= 2.5000E-05 ERR= -0.0% DM/M= 0.0000E+00
 ELAPSED TIME=         53.78 s  REMAINING TIME=         15.26 s
 NC=  311700 T= 7.7925E+00 DT= 2.5000E-05 ERR= -0.0% DM/M= 0.0000E+00
 ELAPSED TIME=         53.81 s  REMAINING TIME=         15.24 s
 NC=  311800 T= 7.7950E+00 DT= 2.5000E-05 ERR= -0.0% DM/M= 0.0000E+00
 ELAPSED TIME=         53.83 s  REMAINING TIME=         15.23 s
 NC=  311900 T= 7.7975E+00 DT= 2.5000E-05 ERR= -0.0% DM/M= 0.0000E+00
 ELAPSED TIME=         53.86 s  REMAINING TIME=         15.21 s
 NC=  312000 T= 7.8000E+00 DT= 2.5000E-05 ERR= -0.0% DM/M= 0.0000E+00
 ELAPSED TIME=         53.88 s  REMAINING TIME=         15.20 s
 NC=  312100 T= 7.8025E+00 DT= 2.5000E-05 ERR= -0.0% DM/M= 0.0000E+00
 ELAPSED TIME=         53.91 s  REMAINING TIME=         15.18 s
 NC=  312200 T= 7.8050E+00 DT= 2.5000E-05 ERR= -0.0% DM/M= 0.0000E+00
 ELAPSED TIME=         53.93 s  REMAINING TIME=         15.17 s
 NC=  312300 T= 7.8075E+00 DT= 2.5000E-05 ERR= -0.0% DM/M= 0.0000E+00
 ELAPSED TIME=         53.95 s  REMAINING TIME=         15.15 s
 NC=  312400 T= 7.8100E+00 DT= 2.5000E-05 ERR= -0.0% DM/M= 0.0000E+00
 ELAPSED TIME=         53.98 s  REMAINING TIME=         15.14 s
 NC=  312500 T= 7.8125E+00 DT= 2.5000E-05 ERR= -0.0% DM/M= 0.0000E+00
 ELAPSED TIME=         54.00 s  REMAINING TIME=         15.12 s
 NC=  312600 T= 7.8150E+00 DT= 2.5000E-05 ERR= -0.0% DM/M= 0.0000E+00
 ELAPSED TIME=         54.03 s  REMAINING TIME=         15.11 s
 NC=  312700 T= 7.8175E+00 DT= 2.5000E-05 ERR= -0.0% DM/M= 0.0000E+00
 ELAPSED TIME=         54.05 s  REMAINING TIME=         15.09 s
 NC=  312800 T= 7.8200E+00 DT= 2.5000E-05 ERR= -0.0% DM/M= 0.0000E+00
 ELAPSED TIME=         54.07 s  REMAINING TIME=         15.07 s
 NC=  312900 T= 7.8225E+00 DT= 2.5000E-05 ERR= -0.0% DM/M= 0.0000E+00
 ELAPSED TIME=         54.10 s  REMAINING TIME=         15.06 s
 NC=  313000 T= 7.8250E+00 DT= 2.5000E-05 ERR= -0.0% DM/M= 0.0000E+00
 ELAPSED TIME=         54.12 s  REMAINING TIME=         15.04 s
 NC=  313100 T= 7.8275E+00 DT= 2.5000E-05 ERR= -0.0% DM/M= 0.0000E+00
 ELAPSED TIME=         54.15 s  REMAINING TIME=         15.03 s
 NC=  313200 T= 7.8300E+00 DT= 2.5000E-05 ERR= -0.0% DM/M= 0.0000E+00
 ELAPSED TIME=         54.17 s  REMAINING TIME=         15.01 s
 NC=  313300 T= 7.8325E+00 DT= 2.5000E-05 ERR= -0.0% DM/M= 0.0000E+00
 ELAPSED TIME=         54.19 s  REMAINING TIME=         15.00 s
 NC=  313400 T= 7.8350E+00 DT= 2.5000E-05 ERR= -0.0% DM/M= 0.0000E+00
 ELAPSED TIME=         54.22 s  REMAINING TIME=         14.98 s
 NC=  313500 T= 7.8375E+00 DT= 2.5000E-05 ERR= -0.0% DM/M= 0.0000E+00
 ELAPSED TIME=         54.24 s  REMAINING TIME=         14.97 s
 NC=  313600 T= 7.8400E+00 DT= 2.5000E-05 ERR= -0.0% DM/M= 0.0000E+00
 ELAPSED TIME=         54.27 s  REMAINING TIME=         14.95 s
 NC=  313700 T= 7.8425E+00 DT= 2.5000E-05 ERR= -0.0% DM/M= 0.0000E+00
 ELAPSED TIME=         54.29 s  REMAINING TIME=         14.94 s
 NC=  313800 T= 7.8450E+00 DT= 2.5000E-05 ERR= -0.0% DM/M= 0.0000E+00
 ELAPSED TIME=         54.32 s  REMAINING TIME=         14.92 s
 NC=  313900 T= 7.8475E+00 DT= 2.5000E-05 ERR= -0.0% DM/M= 0.0000E+00
 ELAPSED TIME=         54.34 s  REMAINING TIME=         14.90 s
 NC=  314000 T= 7.8500E+00 DT= 2.5000E-05 ERR= -0.0% DM/M= 0.0000E+00
 ELAPSED TIME=         54.36 s  REMAINING TIME=         14.89 s
 NC=  314100 T= 7.8525E+00 DT= 2.5000E-05 ERR= -0.0% DM/M= 0.0000E+00
 ELAPSED TIME=         54.39 s  REMAINING TIME=         14.87 s
 NC=  314200 T= 7.8550E+00 DT= 2.5000E-05 ERR= -0.0% DM/M= 0.0000E+00
 ELAPSED TIME=         54.41 s  REMAINING TIME=         14.86 s
 NC=  314300 T= 7.8575E+00 DT= 2.5000E-05 ERR= -0.0% DM/M= 0.0000E+00
 ELAPSED TIME=         54.44 s  REMAINING TIME=         14.84 s
 NC=  314400 T= 7.8600E+00 DT= 2.5000E-05 ERR= -0.0% DM/M= 0.0000E+00
 ELAPSED TIME=         54.46 s  REMAINING TIME=         14.83 s
 NC=  314500 T= 7.8625E+00 DT= 2.5000E-05 ERR= -0.0% DM/M= 0.0000E+00
 ELAPSED TIME=         54.48 s  REMAINING TIME=         14.81 s
 NC=  314600 T= 7.8650E+00 DT= 2.5000E-05 ERR= -0.0% DM/M= 0.0000E+00
 ELAPSED TIME=         54.51 s  REMAINING TIME=         14.80 s
 NC=  314700 T= 7.8675E+00 DT= 2.5000E-05 ERR= -0.0% DM/M= 0.0000E+00
 ELAPSED TIME=         54.53 s  REMAINING TIME=         14.78 s
 NC=  314800 T= 7.8700E+00 DT= 2.5000E-05 ERR= -0.0% DM/M= 0.0000E+00
 ELAPSED TIME=         54.56 s  REMAINING TIME=         14.77 s
 NC=  314900 T= 7.8725E+00 DT= 2.5000E-05 ERR= -0.0% DM/M= 0.0000E+00
 ELAPSED TIME=         54.58 s  REMAINING TIME=         14.75 s
 NC=  315000 T= 7.8750E+00 DT= 2.5000E-05 ERR= -0.0% DM/M= 0.0000E+00
 ELAPSED TIME=         54.61 s  REMAINING TIME=         14.73 s
 NC=  315100 T= 7.8775E+00 DT= 2.5000E-05 ERR= -0.0% DM/M= 0.0000E+00
 ELAPSED TIME=         54.63 s  REMAINING TIME=         14.72 s
 NC=  315200 T= 7.8800E+00 DT= 2.5000E-05 ERR= -0.0% DM/M= 0.0000E+00
 ELAPSED TIME=         54.65 s  REMAINING TIME=         14.70 s
 NC=  315300 T= 7.8825E+00 DT= 2.5000E-05 ERR= -0.0% DM/M= 0.0000E+00
 ELAPSED TIME=         54.66 s  REMAINING TIME=         14.68 s
 NC=  315400 T= 7.8850E+00 DT= 2.5000E-05 ERR= -0.0% DM/M= 0.0000E+00
 ELAPSED TIME=         54.67 s  REMAINING TIME=         14.67 s
 NC=  315500 T= 7.8875E+00 DT= 2.5000E-05 ERR= -0.0% DM/M= 0.0000E+00
 ELAPSED TIME=         54.69 s  REMAINING TIME=         14.65 s
 NC=  315600 T= 7.8900E+00 DT= 2.5000E-05 ERR= -0.0% DM/M= 0.0000E+00
 ELAPSED TIME=         54.71 s  REMAINING TIME=         14.63 s
 NC=  315700 T= 7.8925E+00 DT= 2.5000E-05 ERR= -0.0% DM/M= 0.0000E+00
 ELAPSED TIME=         54.73 s  REMAINING TIME=         14.61 s
 NC=  315800 T= 7.8950E+00 DT= 2.5000E-05 ERR= -0.0% DM/M= 0.0000E+00
 ELAPSED TIME=         54.75 s  REMAINING TIME=         14.60 s
 NC=  315900 T= 7.8975E+00 DT= 2.5000E-05 ERR= -0.0% DM/M= 0.0000E+00
 ELAPSED TIME=         54.78 s  REMAINING TIME=         14.58 s
 NC=  316000 T= 7.9000E+00 DT= 2.5000E-05 ERR= -0.0% DM/M= 0.0000E+00
 ELAPSED TIME=         54.80 s  REMAINING TIME=         14.57 s
 NC=  316100 T= 7.9025E+00 DT= 2.5000E-05 ERR= -0.0% DM/M= 0.0000E+00
 ELAPSED TIME=         54.83 s  REMAINING TIME=         14.55 s
 NC=  316200 T= 7.9050E+00 DT= 2.5000E-05 ERR= -0.0% DM/M= 0.0000E+00
 ELAPSED TIME=         54.85 s  REMAINING TIME=         14.54 s
 NC=  316300 T= 7.9075E+00 DT= 2.5000E-05 ERR= -0.0% DM/M= 0.0000E+00
 ELAPSED TIME=         54.87 s  REMAINING TIME=         14.52 s
 NC=  316400 T= 7.9100E+00 DT= 2.5000E-05 ERR= -0.0% DM/M= 0.0000E+00
 ELAPSED TIME=         54.90 s  REMAINING TIME=         14.51 s
 NC=  316500 T= 7.9125E+00 DT= 2.5000E-05 ERR= -0.0% DM/M= 0.0000E+00
 ELAPSED TIME=         54.92 s  REMAINING TIME=         14.49 s
 NC=  316600 T= 7.9150E+00 DT= 2.5000E-05 ERR= -0.0% DM/M= 0.0000E+00
 ELAPSED TIME=         54.95 s  REMAINING TIME=         14.47 s
 NC=  316700 T= 7.9175E+00 DT= 2.5000E-05 ERR= -0.0% DM/M= 0.0000E+00
 ELAPSED TIME=         54.97 s  REMAINING TIME=         14.46 s
 NC=  316800 T= 7.9200E+00 DT= 2.5000E-05 ERR= -0.0% DM/M= 0.0000E+00
 ELAPSED TIME=         55.00 s  REMAINING TIME=         14.44 s
 NC=  316900 T= 7.9225E+00 DT= 2.5000E-05 ERR= -0.0% DM/M= 0.0000E+00
 ELAPSED TIME=         55.02 s  REMAINING TIME=         14.43 s
 NC=  317000 T= 7.9250E+00 DT= 2.5000E-05 ERR= -0.0% DM/M= 0.0000E+00
 ELAPSED TIME=         55.04 s  REMAINING TIME=         14.41 s
 NC=  317100 T= 7.9275E+00 DT= 2.5000E-05 ERR= -0.0% DM/M= 0.0000E+00
 ELAPSED TIME=         55.07 s  REMAINING TIME=         14.40 s
 NC=  317200 T= 7.9300E+00 DT= 2.5000E-05 ERR= -0.0% DM/M= 0.0000E+00
 ELAPSED TIME=         55.09 s  REMAINING TIME=         14.38 s
 NC=  317300 T= 7.9325E+00 DT= 2.5000E-05 ERR= -0.0% DM/M= 0.0000E+00
 ELAPSED TIME=         55.12 s  REMAINING TIME=         14.37 s
 NC=  317400 T= 7.9350E+00 DT= 2.5000E-05 ERR= -0.0% DM/M= 0.0000E+00
 ELAPSED TIME=         55.14 s  REMAINING TIME=         14.35 s
 NC=  317500 T= 7.9375E+00 DT= 2.5000E-05 ERR= -0.0% DM/M= 0.0000E+00
 ELAPSED TIME=         55.29 s  REMAINING TIME=         14.37 s
 NC=  317600 T= 7.9400E+00 DT= 2.5000E-05 ERR= -0.0% DM/M= 0.0000E+00
 ELAPSED TIME=         55.31 s  REMAINING TIME=         14.35 s
 NC=  317700 T= 7.9425E+00 DT= 2.5000E-05 ERR= -0.0% DM/M= 0.0000E+00
 ELAPSED TIME=         55.34 s  REMAINING TIME=         14.34 s
 NC=  317800 T= 7.9450E+00 DT= 2.5000E-05 ERR= -0.0% DM/M= 0.0000E+00
 ELAPSED TIME=         55.36 s  REMAINING TIME=         14.32 s
 NC=  317900 T= 7.9475E+00 DT= 2.5000E-05 ERR= -0.0% DM/M= 0.0000E+00
 ELAPSED TIME=         55.39 s  REMAINING TIME=         14.30 s
 NC=  318000 T= 7.9500E+00 DT= 2.5000E-05 ERR= -0.0% DM/M= 0.0000E+00
 ELAPSED TIME=         55.41 s  REMAINING TIME=         14.29 s
 NC=  318100 T= 7.9525E+00 DT= 2.5000E-05 ERR= -0.0% DM/M= 0.0000E+00
 ELAPSED TIME=         55.43 s  REMAINING TIME=         14.27 s
 NC=  318200 T= 7.9550E+00 DT= 2.5000E-05 ERR= -0.0% DM/M= 0.0000E+00
 ELAPSED TIME=         55.46 s  REMAINING TIME=         14.26 s
 NC=  318300 T= 7.9575E+00 DT= 2.5000E-05 ERR= -0.0% DM/M= 0.0000E+00
 ELAPSED TIME=         55.48 s  REMAINING TIME=         14.24 s
 NC=  318400 T= 7.9600E+00 DT= 2.5000E-05 ERR= -0.0% DM/M= 0.0000E+00
 ELAPSED TIME=         55.51 s  REMAINING TIME=         14.23 s
 NC=  318500 T= 7.9625E+00 DT= 2.5000E-05 ERR= -0.0% DM/M= 0.0000E+00
 ELAPSED TIME=         55.53 s  REMAINING TIME=         14.21 s
 NC=  318600 T= 7.9650E+00 DT= 2.5000E-05 ERR= -0.0% DM/M= 0.0000E+00
 ELAPSED TIME=         55.55 s  REMAINING TIME=         14.19 s
 NC=  318700 T= 7.9675E+00 DT= 2.5000E-05 ERR= -0.0% DM/M= 0.0000E+00
 ELAPSED TIME=         55.58 s  REMAINING TIME=         14.18 s
 NC=  318800 T= 7.9700E+00 DT= 2.5000E-05 ERR= -0.0% DM/M= 0.0000E+00
 ELAPSED TIME=         55.60 s  REMAINING TIME=         14.16 s
 NC=  318900 T= 7.9725E+00 DT= 2.5000E-05 ERR= -0.0% DM/M= 0.0000E+00
 ELAPSED TIME=         55.63 s  REMAINING TIME=         14.15 s
 NC=  319000 T= 7.9750E+00 DT= 2.5000E-05 ERR= -0.0% DM/M= 0.0000E+00
 ELAPSED TIME=         55.65 s  REMAINING TIME=         14.13 s
 NC=  319100 T= 7.9775E+00 DT= 2.5000E-05 ERR= -0.0% DM/M= 0.0000E+00
 ELAPSED TIME=         55.67 s  REMAINING TIME=         14.11 s
 NC=  319200 T= 7.9800E+00 DT= 2.5000E-05 ERR= -0.0% DM/M= 0.0000E+00
 ELAPSED TIME=         55.70 s  REMAINING TIME=         14.10 s
 NC=  319300 T= 7.9825E+00 DT= 2.5000E-05 ERR= -0.0% DM/M= 0.0000E+00
 ELAPSED TIME=         55.72 s  REMAINING TIME=         14.08 s
 NC=  319400 T= 7.9850E+00 DT= 2.5000E-05 ERR= -0.0% DM/M= 0.0000E+00
 ELAPSED TIME=         55.75 s  REMAINING TIME=         14.07 s
 NC=  319500 T= 7.9875E+00 DT= 2.5000E-05 ERR= -0.0% DM/M= 0.0000E+00
 ELAPSED TIME=         55.77 s  REMAINING TIME=         14.05 s
 NC=  319600 T= 7.9900E+00 DT= 2.5000E-05 ERR= -0.0% DM/M= 0.0000E+00
 ELAPSED TIME=         55.79 s  REMAINING TIME=         14.04 s
 NC=  319700 T= 7.9925E+00 DT= 2.5000E-05 ERR= -0.0% DM/M= 0.0000E+00
 ELAPSED TIME=         55.82 s  REMAINING TIME=         14.02 s
 NC=  319800 T= 7.9950E+00 DT= 2.5000E-05 ERR= -0.0% DM/M= 0.0000E+00
 ELAPSED TIME=         55.84 s  REMAINING TIME=         14.00 s
 NC=  319900 T= 7.9975E+00 DT= 2.5000E-05 ERR= -0.0% DM/M= 0.0000E+00
 ELAPSED TIME=         55.87 s  REMAINING TIME=         13.99 s
 NC=  320000 T= 8.0000E+00 DT= 2.5000E-05 ERR= -0.0% DM/M= 0.0000E+00
 ELAPSED TIME=         55.89 s  REMAINING TIME=         13.97 s
     ANIMATION FILE: A23_w1_REFERENCE_ROTATION_YA033 WRITTEN
 NC=  320100 T= 8.0025E+00 DT= 2.5000E-05 ERR= -0.0% DM/M= 0.0000E+00
 ELAPSED TIME=         58.87 s  REMAINING TIME=         14.70 s
 NC=  320200 T= 8.0050E+00 DT= 2.5000E-05 ERR= -0.0% DM/M= 0.0000E+00
 ELAPSED TIME=         58.90 s  REMAINING TIME=         14.68 s
 NC=  320300 T= 8.0075E+00 DT= 2.5000E-05 ERR= -0.0% DM/M= 0.0000E+00
 ELAPSED TIME=         58.92 s  REMAINING TIME=         14.66 s
 NC=  320400 T= 8.0100E+00 DT= 2.5000E-05 ERR= -0.0% DM/M= 0.0000E+00
 ELAPSED TIME=         58.95 s  REMAINING TIME=         14.64 s
 NC=  320500 T= 8.0125E+00 DT= 2.5000E-05 ERR= -0.0% DM/M= 0.0000E+00
 ELAPSED TIME=         58.97 s  REMAINING TIME=         14.63 s
 NC=  320600 T= 8.0150E+00 DT= 2.5000E-05 ERR= -0.0% DM/M= 0.0000E+00
 ELAPSED TIME=         58.99 s  REMAINING TIME=         14.61 s
 NC=  320700 T= 8.0175E+00 DT= 2.5000E-05 ERR= -0.0% DM/M= 0.0000E+00
 ELAPSED TIME=         59.01 s  REMAINING TIME=         14.59 s
 NC=  320800 T= 8.0200E+00 DT= 2.5000E-05 ERR= -0.0% DM/M= 0.0000E+00
 ELAPSED TIME=         59.03 s  REMAINING TIME=         14.57 s
 NC=  320900 T= 8.0225E+00 DT= 2.5000E-05 ERR= -0.0% DM/M= 0.0000E+00
 ELAPSED TIME=         59.05 s  REMAINING TIME=         14.55 s
 NC=  321000 T= 8.0250E+00 DT= 2.5000E-05 ERR= -0.0% DM/M= 0.0000E+00
 ELAPSED TIME=         59.07 s  REMAINING TIME=         14.54 s
 NC=  321100 T= 8.0275E+00 DT= 2.5000E-05 ERR= -0.0% DM/M= 0.0000E+00
 ELAPSED TIME=         59.09 s  REMAINING TIME=         14.52 s
 NC=  321200 T= 8.0300E+00 DT= 2.5000E-05 ERR= -0.0% DM/M= 0.0000E+00
 ELAPSED TIME=         59.12 s  REMAINING TIME=         14.50 s
 NC=  321300 T= 8.0325E+00 DT= 2.5000E-05 ERR= -0.0% DM/M= 0.0000E+00
 ELAPSED TIME=         59.14 s  REMAINING TIME=         14.49 s
 NC=  321400 T= 8.0350E+00 DT= 2.5000E-05 ERR= -0.0% DM/M= 0.0000E+00
 ELAPSED TIME=         59.17 s  REMAINING TIME=         14.47 s
 NC=  321500 T= 8.0375E+00 DT= 2.5000E-05 ERR= -0.0% DM/M= 0.0000E+00
 ELAPSED TIME=         59.19 s  REMAINING TIME=         14.45 s
 NC=  321600 T= 8.0400E+00 DT= 2.5000E-05 ERR= -0.0% DM/M= 0.0000E+00
 ELAPSED TIME=         59.21 s  REMAINING TIME=         14.44 s
 NC=  321700 T= 8.0425E+00 DT= 2.5000E-05 ERR= -0.0% DM/M= 0.0000E+00
 ELAPSED TIME=         59.24 s  REMAINING TIME=         14.42 s
 NC=  321800 T= 8.0450E+00 DT= 2.5000E-05 ERR= -0.0% DM/M= 0.0000E+00
 ELAPSED TIME=         59.26 s  REMAINING TIME=         14.40 s
 NC=  321900 T= 8.0475E+00 DT= 2.5000E-05 ERR= -0.0% DM/M= 0.0000E+00
 ELAPSED TIME=         59.29 s  REMAINING TIME=         14.38 s
 NC=  322000 T= 8.0500E+00 DT= 2.5000E-05 ERR= -0.0% DM/M= 0.0000E+00
 ELAPSED TIME=         59.31 s  REMAINING TIME=         14.37 s
 NC=  322100 T= 8.0525E+00 DT= 2.5000E-05 ERR= -0.0% DM/M= 0.0000E+00
 ELAPSED TIME=         59.33 s  REMAINING TIME=         14.35 s
 NC=  322200 T= 8.0550E+00 DT= 2.5000E-05 ERR= -0.0% DM/M= 0.0000E+00
 ELAPSED TIME=         59.36 s  REMAINING TIME=         14.33 s
 NC=  322300 T= 8.0575E+00 DT= 2.5000E-05 ERR= -0.0% DM/M= 0.0000E+00
 ELAPSED TIME=         59.38 s  REMAINING TIME=         14.32 s
 NC=  322400 T= 8.0600E+00 DT= 2.5000E-05 ERR= -0.0% DM/M= 0.0000E+00
 ELAPSED TIME=         59.41 s  REMAINING TIME=         14.30 s
 NC=  322500 T= 8.0625E+00 DT= 2.5000E-05 ERR= -0.0% DM/M= 0.0000E+00
 ELAPSED TIME=         59.43 s  REMAINING TIME=         14.28 s
 NC=  322600 T= 8.0650E+00 DT= 2.5000E-05 ERR= -0.0% DM/M= 0.0000E+00
 ELAPSED TIME=         59.46 s  REMAINING TIME=         14.26 s
 NC=  322700 T= 8.0675E+00 DT= 2.5000E-05 ERR= -0.0% DM/M= 0.0000E+00
 ELAPSED TIME=         59.48 s  REMAINING TIME=         14.25 s
 NC=  322800 T= 8.0700E+00 DT= 2.5000E-05 ERR= -0.0% DM/M= 0.0000E+00
 ELAPSED TIME=         59.50 s  REMAINING TIME=         14.23 s
 NC=  322900 T= 8.0725E+00 DT= 2.5000E-05 ERR= -0.0% DM/M= 0.0000E+00
 ELAPSED TIME=         59.53 s  REMAINING TIME=         14.21 s
 NC=  323000 T= 8.0750E+00 DT= 2.5000E-05 ERR= -0.0% DM/M= 0.0000E+00
 ELAPSED TIME=         59.55 s  REMAINING TIME=         14.20 s
 NC=  323100 T= 8.0775E+00 DT= 2.5000E-05 ERR= -0.0% DM/M= 0.0000E+00
 ELAPSED TIME=         59.58 s  REMAINING TIME=         14.18 s
 NC=  323200 T= 8.0800E+00 DT= 2.5000E-05 ERR= -0.0% DM/M= 0.0000E+00
 ELAPSED TIME=         59.60 s  REMAINING TIME=         14.16 s
 NC=  323300 T= 8.0825E+00 DT= 2.5000E-05 ERR= -0.0% DM/M= 0.0000E+00
 ELAPSED TIME=         59.62 s  REMAINING TIME=         14.15 s
 NC=  323400 T= 8.0850E+00 DT= 2.5000E-05 ERR= -0.0% DM/M= 0.0000E+00
 ELAPSED TIME=         59.65 s  REMAINING TIME=         14.13 s
 NC=  323500 T= 8.0875E+00 DT= 2.5000E-05 ERR= -0.0% DM/M= 0.0000E+00
 ELAPSED TIME=         59.67 s  REMAINING TIME=         14.11 s
 NC=  323600 T= 8.0900E+00 DT= 2.5000E-05 ERR= -0.0% DM/M= 0.0000E+00
 ELAPSED TIME=         59.70 s  REMAINING TIME=         14.09 s
 NC=  323700 T= 8.0925E+00 DT= 2.5000E-05 ERR= -0.0% DM/M= 0.0000E+00
 ELAPSED TIME=         59.72 s  REMAINING TIME=         14.08 s
 NC=  323800 T= 8.0950E+00 DT= 2.5000E-05 ERR= -0.0% DM/M= 0.0000E+00
 ELAPSED TIME=         59.74 s  REMAINING TIME=         14.06 s
 NC=  323900 T= 8.0975E+00 DT= 2.5000E-05 ERR= -0.0% DM/M= 0.0000E+00
 ELAPSED TIME=         59.77 s  REMAINING TIME=         14.04 s
 NC=  324000 T= 8.1000E+00 DT= 2.5000E-05 ERR= -0.0% DM/M= 0.0000E+00
 ELAPSED TIME=         59.79 s  REMAINING TIME=         14.02 s
 NC=  324100 T= 8.1025E+00 DT= 2.5000E-05 ERR= -0.0% DM/M= 0.0000E+00
 ELAPSED TIME=         59.81 s  REMAINING TIME=         14.01 s
 NC=  324200 T= 8.1050E+00 DT= 2.5000E-05 ERR= -0.0% DM/M= 0.0000E+00
 ELAPSED TIME=         59.84 s  REMAINING TIME=         13.99 s
 NC=  324300 T= 8.1075E+00 DT= 2.5000E-05 ERR= -0.0% DM/M= 0.0000E+00
 ELAPSED TIME=         59.86 s  REMAINING TIME=         13.97 s
 NC=  324400 T= 8.1100E+00 DT= 2.5000E-05 ERR= -0.0% DM/M= 0.0000E+00
 ELAPSED TIME=         59.89 s  REMAINING TIME=         13.96 s
 NC=  324500 T= 8.1125E+00 DT= 2.5000E-05 ERR= -0.0% DM/M= 0.0000E+00
 ELAPSED TIME=         59.91 s  REMAINING TIME=         13.94 s
 NC=  324600 T= 8.1150E+00 DT= 2.5000E-05 ERR= -0.0% DM/M= 0.0000E+00
 ELAPSED TIME=         59.93 s  REMAINING TIME=         13.92 s
 NC=  324700 T= 8.1175E+00 DT= 2.5000E-05 ERR= -0.0% DM/M= 0.0000E+00
 ELAPSED TIME=         59.96 s  REMAINING TIME=         13.90 s
 NC=  324800 T= 8.1200E+00 DT= 2.5000E-05 ERR= -0.0% DM/M= 0.0000E+00
 ELAPSED TIME=         59.98 s  REMAINING TIME=         13.89 s
 NC=  324900 T= 8.1225E+00 DT= 2.5000E-05 ERR= -0.0% DM/M= 0.0000E+00
 ELAPSED TIME=         60.01 s  REMAINING TIME=         13.87 s
 NC=  325000 T= 8.1250E+00 DT= 2.5000E-05 ERR= -0.0% DM/M= 0.0000E+00
 ELAPSED TIME=         60.03 s  REMAINING TIME=         13.85 s
 NC=  325100 T= 8.1275E+00 DT= 2.5000E-05 ERR= -0.0% DM/M= 0.0000E+00
 ELAPSED TIME=         60.05 s  REMAINING TIME=         13.84 s
 NC=  325200 T= 8.1300E+00 DT= 2.5000E-05 ERR= -0.0% DM/M= 0.0000E+00
 ELAPSED TIME=         60.08 s  REMAINING TIME=         13.82 s
 NC=  325300 T= 8.1325E+00 DT= 2.5000E-05 ERR= -0.0% DM/M= 0.0000E+00
 ELAPSED TIME=         60.10 s  REMAINING TIME=         13.80 s
 NC=  325400 T= 8.1350E+00 DT= 2.5000E-05 ERR= -0.0% DM/M= 0.0000E+00
 ELAPSED TIME=         60.13 s  REMAINING TIME=         13.78 s
 NC=  325500 T= 8.1375E+00 DT= 2.5000E-05 ERR= -0.0% DM/M= 0.0000E+00
 ELAPSED TIME=         60.15 s  REMAINING TIME=         13.77 s
 NC=  325600 T= 8.1400E+00 DT= 2.5000E-05 ERR= -0.0% DM/M= 0.0000E+00
 ELAPSED TIME=         60.17 s  REMAINING TIME=         13.75 s
 NC=  325700 T= 8.1425E+00 DT= 2.5000E-05 ERR= -0.0% DM/M= 0.0000E+00
 ELAPSED TIME=         60.20 s  REMAINING TIME=         13.73 s
 NC=  325800 T= 8.1450E+00 DT= 2.5000E-05 ERR= -0.0% DM/M= 0.0000E+00
 ELAPSED TIME=         60.22 s  REMAINING TIME=         13.72 s
 NC=  325900 T= 8.1475E+00 DT= 2.5000E-05 ERR= -0.0% DM/M= 0.0000E+00
 ELAPSED TIME=         60.25 s  REMAINING TIME=         13.70 s
 NC=  326000 T= 8.1500E+00 DT= 2.5000E-05 ERR= -0.0% DM/M= 0.0000E+00
 ELAPSED TIME=         60.27 s  REMAINING TIME=         13.68 s
 NC=  326100 T= 8.1525E+00 DT= 2.5000E-05 ERR= -0.0% DM/M= 0.0000E+00
 ELAPSED TIME=         60.29 s  REMAINING TIME=         13.66 s
 NC=  326200 T= 8.1550E+00 DT= 2.5000E-05 ERR= -0.0% DM/M= 0.0000E+00
 ELAPSED TIME=         60.32 s  REMAINING TIME=         13.65 s
 NC=  326300 T= 8.1575E+00 DT= 2.5000E-05 ERR= -0.0% DM/M= 0.0000E+00
 ELAPSED TIME=         60.34 s  REMAINING TIME=         13.63 s
 NC=  326400 T= 8.1600E+00 DT= 2.5000E-05 ERR= -0.0% DM/M= 0.0000E+00
 ELAPSED TIME=         60.36 s  REMAINING TIME=         13.61 s
 NC=  326500 T= 8.1625E+00 DT= 2.5000E-05 ERR= -0.0% DM/M= 0.0000E+00
 ELAPSED TIME=         60.39 s  REMAINING TIME=         13.59 s
 NC=  326600 T= 8.1650E+00 DT= 2.5000E-05 ERR= -0.0% DM/M= 0.0000E+00
 ELAPSED TIME=         60.41 s  REMAINING TIME=         13.58 s
 NC=  326700 T= 8.1675E+00 DT= 2.5000E-05 ERR= -0.0% DM/M= 0.0000E+00
 ELAPSED TIME=         60.44 s  REMAINING TIME=         13.56 s
 NC=  326800 T= 8.1700E+00 DT= 2.5000E-05 ERR= -0.0% DM/M= 0.0000E+00
 ELAPSED TIME=         60.46 s  REMAINING TIME=         13.54 s
 NC=  326900 T= 8.1725E+00 DT= 2.5000E-05 ERR= -0.0% DM/M= 0.0000E+00
 ELAPSED TIME=         60.48 s  REMAINING TIME=         13.53 s
 NC=  327000 T= 8.1750E+00 DT= 2.5000E-05 ERR= -0.0% DM/M= 0.0000E+00
 ELAPSED TIME=         60.51 s  REMAINING TIME=         13.51 s
 NC=  327100 T= 8.1775E+00 DT= 2.5000E-05 ERR= -0.0% DM/M= 0.0000E+00
 ELAPSED TIME=         60.53 s  REMAINING TIME=         13.49 s
 NC=  327200 T= 8.1800E+00 DT= 2.5000E-05 ERR= -0.0% DM/M= 0.0000E+00
 ELAPSED TIME=         60.56 s  REMAINING TIME=         13.47 s
 NC=  327300 T= 8.1825E+00 DT= 2.5000E-05 ERR= -0.0% DM/M= 0.0000E+00
 ELAPSED TIME=         60.58 s  REMAINING TIME=         13.46 s
 NC=  327400 T= 8.1850E+00 DT= 2.5000E-05 ERR= -0.0% DM/M= 0.0000E+00
 ELAPSED TIME=         60.60 s  REMAINING TIME=         13.44 s
 NC=  327500 T= 8.1875E+00 DT= 2.5000E-05 ERR= -0.0% DM/M= 0.0000E+00
 ELAPSED TIME=         60.63 s  REMAINING TIME=         13.42 s
 NC=  327600 T= 8.1900E+00 DT= 2.5000E-05 ERR= -0.0% DM/M= 0.0000E+00
 ELAPSED TIME=         60.65 s  REMAINING TIME=         13.40 s
 NC=  327700 T= 8.1925E+00 DT= 2.5000E-05 ERR= -0.0% DM/M= 0.0000E+00
 ELAPSED TIME=         60.68 s  REMAINING TIME=         13.39 s
 NC=  327800 T= 8.1950E+00 DT= 2.5000E-05 ERR= -0.0% DM/M= 0.0000E+00
 ELAPSED TIME=         60.70 s  REMAINING TIME=         13.37 s
 NC=  327900 T= 8.1975E+00 DT= 2.5000E-05 ERR= -0.0% DM/M= 0.0000E+00
 ELAPSED TIME=         60.72 s  REMAINING TIME=         13.35 s
 NC=  328000 T= 8.2000E+00 DT= 2.5000E-05 ERR= -0.0% DM/M= 0.0000E+00
 ELAPSED TIME=         60.75 s  REMAINING TIME=         13.33 s
 NC=  328100 T= 8.2025E+00 DT= 2.5000E-05 ERR= -0.0% DM/M= 0.0000E+00
 ELAPSED TIME=         60.77 s  REMAINING TIME=         13.32 s
 NC=  328200 T= 8.2050E+00 DT= 2.5000E-05 ERR= -0.0% DM/M= 0.0000E+00
 ELAPSED TIME=         60.80 s  REMAINING TIME=         13.30 s
 NC=  328300 T= 8.2075E+00 DT= 2.5000E-05 ERR= -0.0% DM/M= 0.0000E+00
 ELAPSED TIME=         60.82 s  REMAINING TIME=         13.28 s
 NC=  328400 T= 8.2100E+00 DT= 2.5000E-05 ERR= -0.0% DM/M= 0.0000E+00
 ELAPSED TIME=         60.84 s  REMAINING TIME=         13.27 s
 NC=  328500 T= 8.2125E+00 DT= 2.5000E-05 ERR= -0.0% DM/M= 0.0000E+00
 ELAPSED TIME=         60.87 s  REMAINING TIME=         13.25 s
 NC=  328600 T= 8.2150E+00 DT= 2.5000E-05 ERR= -0.0% DM/M= 0.0000E+00
 ELAPSED TIME=         60.90 s  REMAINING TIME=         13.23 s
 NC=  328700 T= 8.2175E+00 DT= 2.5000E-05 ERR= -0.0% DM/M= 0.0000E+00
 ELAPSED TIME=         60.92 s  REMAINING TIME=         13.21 s
 NC=  328800 T= 8.2200E+00 DT= 2.5000E-05 ERR= -0.0% DM/M= 0.0000E+00
 ELAPSED TIME=         60.95 s  REMAINING TIME=         13.20 s
 NC=  328900 T= 8.2225E+00 DT= 2.5000E-05 ERR= -0.0% DM/M= 0.0000E+00
 ELAPSED TIME=         60.97 s  REMAINING TIME=         13.18 s
 NC=  329000 T= 8.2250E+00 DT= 2.5000E-05 ERR= -0.0% DM/M= 0.0000E+00
 ELAPSED TIME=         60.99 s  REMAINING TIME=         13.16 s
 NC=  329100 T= 8.2275E+00 DT= 2.5000E-05 ERR= -0.0% DM/M= 0.0000E+00
 ELAPSED TIME=         61.02 s  REMAINING TIME=         13.15 s
 NC=  329200 T= 8.2300E+00 DT= 2.5000E-05 ERR= -0.0% DM/M= 0.0000E+00
 ELAPSED TIME=         61.04 s  REMAINING TIME=         13.13 s
 NC=  329300 T= 8.2325E+00 DT= 2.5000E-05 ERR= -0.0% DM/M= 0.0000E+00
 ELAPSED TIME=         61.07 s  REMAINING TIME=         13.11 s
 NC=  329400 T= 8.2350E+00 DT= 2.5000E-05 ERR= -0.0% DM/M= 0.0000E+00
 ELAPSED TIME=         61.09 s  REMAINING TIME=         13.09 s
 NC=  329500 T= 8.2375E+00 DT= 2.5000E-05 ERR= -0.0% DM/M= 0.0000E+00
 ELAPSED TIME=         61.11 s  REMAINING TIME=         13.08 s
 NC=  329600 T= 8.2400E+00 DT= 2.5000E-05 ERR= -0.0% DM/M= 0.0000E+00
 ELAPSED TIME=         61.14 s  REMAINING TIME=         13.06 s
 NC=  329700 T= 8.2425E+00 DT= 2.5000E-05 ERR= -0.0% DM/M= 0.0000E+00
 ELAPSED TIME=         61.15 s  REMAINING TIME=         13.04 s
 NC=  329800 T= 8.2450E+00 DT= 2.5000E-05 ERR= -0.0% DM/M= 0.0000E+00
 ELAPSED TIME=         61.17 s  REMAINING TIME=         13.02 s
 NC=  329900 T= 8.2475E+00 DT= 2.5000E-05 ERR= -0.0% DM/M= 0.0000E+00
 ELAPSED TIME=         61.18 s  REMAINING TIME=         13.00 s
 NC=  330000 T= 8.2500E+00 DT= 2.5000E-05 ERR= -0.0% DM/M= 0.0000E+00
 ELAPSED TIME=         61.20 s  REMAINING TIME=         12.98 s
     ANIMATION FILE: A23_w1_REFERENCE_ROTATION_YA034 WRITTEN
 NC=  330100 T= 8.2525E+00 DT= 2.5000E-05 ERR= -0.0% DM/M= 0.0000E+00
 ELAPSED TIME=         61.21 s  REMAINING TIME=         12.96 s
 NC=  330200 T= 8.2550E+00 DT= 2.5000E-05 ERR= -0.0% DM/M= 0.0000E+00
 ELAPSED TIME=         61.23 s  REMAINING TIME=         12.94 s
 NC=  330300 T= 8.2575E+00 DT= 2.5000E-05 ERR= -0.0% DM/M= 0.0000E+00
 ELAPSED TIME=         61.24 s  REMAINING TIME=         12.92 s
 NC=  330400 T= 8.2600E+00 DT= 2.5000E-05 ERR= -0.0% DM/M= 0.0000E+00
 ELAPSED TIME=         61.26 s  REMAINING TIME=         12.90 s
 NC=  330500 T= 8.2625E+00 DT= 2.5000E-05 ERR= -0.0% DM/M= 0.0000E+00
 ELAPSED TIME=         61.27 s  REMAINING TIME=         12.88 s
 NC=  330600 T= 8.2650E+00 DT= 2.5000E-05 ERR= -0.0% DM/M= 0.0000E+00
 ELAPSED TIME=         61.28 s  REMAINING TIME=         12.86 s
 NC=  330700 T= 8.2675E+00 DT= 2.5000E-05 ERR= -0.0% DM/M= 0.0000E+00
 ELAPSED TIME=         61.30 s  REMAINING TIME=         12.85 s
 NC=  330800 T= 8.2700E+00 DT= 2.5000E-05 ERR= -0.0% DM/M= 0.0000E+00
 ELAPSED TIME=         61.31 s  REMAINING TIME=         12.83 s
 NC=  330900 T= 8.2725E+00 DT= 2.5000E-05 ERR= -0.0% DM/M= 0.0000E+00
 ELAPSED TIME=         61.33 s  REMAINING TIME=         12.81 s
 NC=  331000 T= 8.2750E+00 DT= 2.5000E-05 ERR= -0.0% DM/M= 0.0000E+00
 ELAPSED TIME=         61.34 s  REMAINING TIME=         12.79 s
 NC=  331100 T= 8.2775E+00 DT= 2.5000E-05 ERR= -0.0% DM/M= 0.0000E+00
 ELAPSED TIME=         61.36 s  REMAINING TIME=         12.77 s
 NC=  331200 T= 8.2800E+00 DT= 2.5000E-05 ERR= -0.0% DM/M= 0.0000E+00
 ELAPSED TIME=         61.37 s  REMAINING TIME=         12.75 s
 NC=  331300 T= 8.2825E+00 DT= 2.5000E-05 ERR= -0.0% DM/M= 0.0000E+00
 ELAPSED TIME=         61.38 s  REMAINING TIME=         12.73 s
 NC=  331400 T= 8.2850E+00 DT= 2.5000E-05 ERR= -0.0% DM/M= 0.0000E+00
 ELAPSED TIME=         61.40 s  REMAINING TIME=         12.71 s
 NC=  331500 T= 8.2875E+00 DT= 2.5000E-05 ERR= -0.0% DM/M= 0.0000E+00
 ELAPSED TIME=         61.41 s  REMAINING TIME=         12.69 s
 NC=  331600 T= 8.2900E+00 DT= 2.5000E-05 ERR= -0.0% DM/M= 0.0000E+00
 ELAPSED TIME=         61.43 s  REMAINING TIME=         12.67 s
 NC=  331700 T= 8.2925E+00 DT= 2.5000E-05 ERR= -0.0% DM/M= 0.0000E+00
 ELAPSED TIME=         61.44 s  REMAINING TIME=         12.65 s
 NC=  331800 T= 8.2950E+00 DT= 2.5000E-05 ERR= -0.0% DM/M= 0.0000E+00
 ELAPSED TIME=         61.46 s  REMAINING TIME=         12.63 s
 NC=  331900 T= 8.2975E+00 DT= 2.5000E-05 ERR= -0.0% DM/M= 0.0000E+00
 ELAPSED TIME=         61.47 s  REMAINING TIME=         12.61 s
 NC=  332000 T= 8.3000E+00 DT= 2.5000E-05 ERR= -0.0% DM/M= 0.0000E+00
 ELAPSED TIME=         61.49 s  REMAINING TIME=         12.59 s
 NC=  332100 T= 8.3025E+00 DT= 2.5000E-05 ERR= -0.0% DM/M= 0.0000E+00
 ELAPSED TIME=         61.50 s  REMAINING TIME=         12.57 s
 NC=  332200 T= 8.3050E+00 DT= 2.5000E-05 ERR= -0.0% DM/M= 0.0000E+00
 ELAPSED TIME=         61.51 s  REMAINING TIME=         12.55 s
 NC=  332300 T= 8.3075E+00 DT= 2.5000E-05 ERR= -0.0% DM/M= 0.0000E+00
 ELAPSED TIME=         61.53 s  REMAINING TIME=         12.54 s
 NC=  332400 T= 8.3100E+00 DT= 2.5000E-05 ERR= -0.0% DM/M= 0.0000E+00
 ELAPSED TIME=         61.54 s  REMAINING TIME=         12.52 s
 NC=  332500 T= 8.3125E+00 DT= 2.5000E-05 ERR= -0.0% DM/M= 0.0000E+00
 ELAPSED TIME=         61.56 s  REMAINING TIME=         12.50 s
 NC=  332600 T= 8.3150E+00 DT= 2.5000E-05 ERR= -0.0% DM/M= 0.0000E+00
 ELAPSED TIME=         61.57 s  REMAINING TIME=         12.48 s
 NC=  332700 T= 8.3175E+00 DT= 2.5000E-05 ERR= -0.0% DM/M= 0.0000E+00
 ELAPSED TIME=         61.59 s  REMAINING TIME=         12.46 s
 NC=  332800 T= 8.3200E+00 DT= 2.5000E-05 ERR= -0.0% DM/M= 0.0000E+00
 ELAPSED TIME=         61.60 s  REMAINING TIME=         12.44 s
 NC=  332900 T= 8.3225E+00 DT= 2.5000E-05 ERR= -0.0% DM/M= 0.0000E+00
 ELAPSED TIME=         61.61 s  REMAINING TIME=         12.42 s
 NC=  333000 T= 8.3250E+00 DT= 2.5000E-05 ERR= -0.0% DM/M= 0.0000E+00
 ELAPSED TIME=         61.63 s  REMAINING TIME=         12.40 s
 NC=  333100 T= 8.3275E+00 DT= 2.5000E-05 ERR= -0.0% DM/M= 0.0000E+00
 ELAPSED TIME=         61.64 s  REMAINING TIME=         12.38 s
 NC=  333200 T= 8.3300E+00 DT= 2.5000E-05 ERR= -0.0% DM/M= 0.0000E+00
 ELAPSED TIME=         61.66 s  REMAINING TIME=         12.36 s
 NC=  333300 T= 8.3325E+00 DT= 2.5000E-05 ERR= -0.0% DM/M= 0.0000E+00
 ELAPSED TIME=         61.67 s  REMAINING TIME=         12.34 s
 NC=  333400 T= 8.3350E+00 DT= 2.5000E-05 ERR= -0.0% DM/M= 0.0000E+00
 ELAPSED TIME=         61.69 s  REMAINING TIME=         12.32 s
 NC=  333500 T= 8.3375E+00 DT= 2.5000E-05 ERR= -0.0% DM/M= 0.0000E+00
 ELAPSED TIME=         61.70 s  REMAINING TIME=         12.30 s
 NC=  333600 T= 8.3400E+00 DT= 2.5000E-05 ERR= -0.0% DM/M= 0.0000E+00
 ELAPSED TIME=         61.71 s  REMAINING TIME=         12.28 s
 NC=  333700 T= 8.3425E+00 DT= 2.5000E-05 ERR= -0.0% DM/M= 0.0000E+00
 ELAPSED TIME=         61.73 s  REMAINING TIME=         12.26 s
 NC=  333800 T= 8.3450E+00 DT= 2.5000E-05 ERR= -0.0% DM/M= 0.0000E+00
 ELAPSED TIME=         61.74 s  REMAINING TIME=         12.25 s
 NC=  333900 T= 8.3475E+00 DT= 2.5000E-05 ERR= -0.0% DM/M= 0.0000E+00
 ELAPSED TIME=         61.76 s  REMAINING TIME=         12.23 s
 NC=  334000 T= 8.3500E+00 DT= 2.5000E-05 ERR= -0.0% DM/M= 0.0000E+00
 ELAPSED TIME=         61.77 s  REMAINING TIME=         12.21 s
 NC=  334100 T= 8.3525E+00 DT= 2.5000E-05 ERR= -0.0% DM/M= 0.0000E+00
 ELAPSED TIME=         61.79 s  REMAINING TIME=         12.19 s
 NC=  334200 T= 8.3550E+00 DT= 2.5000E-05 ERR= -0.0% DM/M= 0.0000E+00
 ELAPSED TIME=         61.80 s  REMAINING TIME=         12.17 s
 NC=  334300 T= 8.3575E+00 DT= 2.5000E-05 ERR= -0.0% DM/M= 0.0000E+00
 ELAPSED TIME=         61.82 s  REMAINING TIME=         12.15 s
 NC=  334400 T= 8.3600E+00 DT= 2.5000E-05 ERR= -0.0% DM/M= 0.0000E+00
 ELAPSED TIME=         61.83 s  REMAINING TIME=         12.13 s
 NC=  334500 T= 8.3625E+00 DT= 2.5000E-05 ERR= -0.0% DM/M= 0.0000E+00
 ELAPSED TIME=         61.84 s  REMAINING TIME=         12.11 s
 NC=  334600 T= 8.3650E+00 DT= 2.5000E-05 ERR= -0.0% DM/M= 0.0000E+00
 ELAPSED TIME=         61.86 s  REMAINING TIME=         12.09 s
 NC=  334700 T= 8.3675E+00 DT= 2.5000E-05 ERR= -0.0% DM/M= 0.0000E+00
 ELAPSED TIME=         61.87 s  REMAINING TIME=         12.07 s
 NC=  334800 T= 8.3700E+00 DT= 2.5000E-05 ERR= -0.0% DM/M= 0.0000E+00
 ELAPSED TIME=         61.89 s  REMAINING TIME=         12.05 s
 NC=  334900 T= 8.3725E+00 DT= 2.5000E-05 ERR= -0.0% DM/M= 0.0000E+00
 ELAPSED TIME=         61.90 s  REMAINING TIME=         12.03 s
 NC=  335000 T= 8.3750E+00 DT= 2.5000E-05 ERR= -0.0% DM/M= 0.0000E+00
 ELAPSED TIME=         61.92 s  REMAINING TIME=         12.01 s
 NC=  335100 T= 8.3775E+00 DT= 2.5000E-05 ERR= -0.0% DM/M= 0.0000E+00
 ELAPSED TIME=         61.93 s  REMAINING TIME=         11.99 s
 NC=  335200 T= 8.3800E+00 DT= 2.5000E-05 ERR= -0.0% DM/M= 0.0000E+00
 ELAPSED TIME=         61.95 s  REMAINING TIME=         11.98 s
 NC=  335300 T= 8.3825E+00 DT= 2.5000E-05 ERR= -0.0% DM/M= 0.0000E+00
 ELAPSED TIME=         61.97 s  REMAINING TIME=         11.96 s
 NC=  335400 T= 8.3850E+00 DT= 2.5000E-05 ERR= -0.0% DM/M= 0.0000E+00
 ELAPSED TIME=         61.98 s  REMAINING TIME=         11.94 s
 NC=  335500 T= 8.3875E+00 DT= 2.5000E-05 ERR= -0.0% DM/M= 0.0000E+00
 ELAPSED TIME=         62.00 s  REMAINING TIME=         11.92 s
 NC=  335600 T= 8.3900E+00 DT= 2.5000E-05 ERR= -0.0% DM/M= 0.0000E+00
 ELAPSED TIME=         62.01 s  REMAINING TIME=         11.90 s
 NC=  335700 T= 8.3925E+00 DT= 2.5000E-05 ERR= -0.0% DM/M= 0.0000E+00
 ELAPSED TIME=         62.03 s  REMAINING TIME=         11.88 s
 NC=  335800 T= 8.3950E+00 DT= 2.5000E-05 ERR= -0.0% DM/M= 0.0000E+00
 ELAPSED TIME=         62.04 s  REMAINING TIME=         11.86 s
 NC=  335900 T= 8.3975E+00 DT= 2.5000E-05 ERR= -0.0% DM/M= 0.0000E+00
 ELAPSED TIME=         62.06 s  REMAINING TIME=         11.84 s
 NC=  336000 T= 8.4000E+00 DT= 2.5000E-05 ERR= -0.0% DM/M= 0.0000E+00
 ELAPSED TIME=         62.09 s  REMAINING TIME=         11.83 s
 NC=  336100 T= 8.4025E+00 DT= 2.5000E-05 ERR= -0.0% DM/M= 0.0000E+00
 ELAPSED TIME=         62.11 s  REMAINING TIME=         11.81 s
 NC=  336200 T= 8.4050E+00 DT= 2.5000E-05 ERR= -0.0% DM/M= 0.0000E+00
 ELAPSED TIME=         62.13 s  REMAINING TIME=         11.79 s
 NC=  336300 T= 8.4075E+00 DT= 2.5000E-05 ERR= -0.0% DM/M= 0.0000E+00
 ELAPSED TIME=         62.16 s  REMAINING TIME=         11.77 s
 NC=  336400 T= 8.4100E+00 DT= 2.5000E-05 ERR= -0.0% DM/M= 0.0000E+00
 ELAPSED TIME=         62.18 s  REMAINING TIME=         11.76 s
 NC=  336500 T= 8.4125E+00 DT= 2.5000E-05 ERR= -0.0% DM/M= 0.0000E+00
 ELAPSED TIME=         62.21 s  REMAINING TIME=         11.74 s
 NC=  336600 T= 8.4150E+00 DT= 2.5000E-05 ERR= -0.0% DM/M= 0.0000E+00
 ELAPSED TIME=         62.23 s  REMAINING TIME=         11.72 s
 NC=  336700 T= 8.4175E+00 DT= 2.5000E-05 ERR= -0.0% DM/M= 0.0000E+00
 ELAPSED TIME=         62.25 s  REMAINING TIME=         11.70 s
 NC=  336800 T= 8.4200E+00 DT= 2.5000E-05 ERR= -0.0% DM/M= 0.0000E+00
 ELAPSED TIME=         62.28 s  REMAINING TIME=         11.69 s
 NC=  336900 T= 8.4225E+00 DT= 2.5000E-05 ERR= -0.0% DM/M= 0.0000E+00
 ELAPSED TIME=         62.30 s  REMAINING TIME=         11.67 s
 NC=  337000 T= 8.4250E+00 DT= 2.5000E-05 ERR= -0.0% DM/M= 0.0000E+00
 ELAPSED TIME=         62.33 s  REMAINING TIME=         11.65 s
 NC=  337100 T= 8.4275E+00 DT= 2.5000E-05 ERR= -0.0% DM/M= 0.0000E+00
 ELAPSED TIME=         62.35 s  REMAINING TIME=         11.63 s
 NC=  337200 T= 8.4300E+00 DT= 2.5000E-05 ERR= -0.0% DM/M= 0.0000E+00
 ELAPSED TIME=         62.37 s  REMAINING TIME=         11.62 s
 NC=  337300 T= 8.4325E+00 DT= 2.5000E-05 ERR= -0.0% DM/M= 0.0000E+00
 ELAPSED TIME=         62.40 s  REMAINING TIME=         11.60 s
 NC=  337400 T= 8.4350E+00 DT= 2.5000E-05 ERR= -0.0% DM/M= 0.0000E+00
 ELAPSED TIME=         62.42 s  REMAINING TIME=         11.58 s
 NC=  337500 T= 8.4375E+00 DT= 2.5000E-05 ERR= -0.0% DM/M= 0.0000E+00
 ELAPSED TIME=         62.45 s  REMAINING TIME=         11.56 s
 NC=  337600 T= 8.4400E+00 DT= 2.5000E-05 ERR= -0.0% DM/M= 0.0000E+00
 ELAPSED TIME=         62.47 s  REMAINING TIME=         11.55 s
 NC=  337700 T= 8.4425E+00 DT= 2.5000E-05 ERR= -0.0% DM/M= 0.0000E+00
 ELAPSED TIME=         62.49 s  REMAINING TIME=         11.53 s
 NC=  337800 T= 8.4450E+00 DT= 2.5000E-05 ERR= -0.0% DM/M= 0.0000E+00
 ELAPSED TIME=         62.52 s  REMAINING TIME=         11.51 s
 NC=  337900 T= 8.4475E+00 DT= 2.5000E-05 ERR= -0.0% DM/M= 0.0000E+00
 ELAPSED TIME=         62.54 s  REMAINING TIME=         11.49 s
 NC=  338000 T= 8.4500E+00 DT= 2.5000E-05 ERR= -0.0% DM/M= 0.0000E+00
 ELAPSED TIME=         62.57 s  REMAINING TIME=         11.48 s
 NC=  338100 T= 8.4525E+00 DT= 2.5000E-05 ERR= -0.0% DM/M= 0.0000E+00
 ELAPSED TIME=         62.59 s  REMAINING TIME=         11.46 s
 NC=  338200 T= 8.4550E+00 DT= 2.5000E-05 ERR= -0.0% DM/M= 0.0000E+00
 ELAPSED TIME=         62.61 s  REMAINING TIME=         11.44 s
 NC=  338300 T= 8.4575E+00 DT= 2.5000E-05 ERR= -0.0% DM/M= 0.0000E+00
 ELAPSED TIME=         62.64 s  REMAINING TIME=         11.42 s
 NC=  338400 T= 8.4600E+00 DT= 2.5000E-05 ERR= -0.0% DM/M= 0.0000E+00
 ELAPSED TIME=         62.66 s  REMAINING TIME=         11.41 s
 NC=  338500 T= 8.4625E+00 DT= 2.5000E-05 ERR= -0.0% DM/M= 0.0000E+00
 ELAPSED TIME=         62.69 s  REMAINING TIME=         11.39 s
 NC=  338600 T= 8.4650E+00 DT= 2.5000E-05 ERR= -0.0% DM/M= 0.0000E+00
 ELAPSED TIME=         62.71 s  REMAINING TIME=         11.37 s
 NC=  338700 T= 8.4675E+00 DT= 2.5000E-05 ERR= -0.0% DM/M= 0.0000E+00
 ELAPSED TIME=         62.73 s  REMAINING TIME=         11.35 s
 NC=  338800 T= 8.4700E+00 DT= 2.5000E-05 ERR= -0.0% DM/M= 0.0000E+00
 ELAPSED TIME=         62.76 s  REMAINING TIME=         11.34 s
 NC=  338900 T= 8.4725E+00 DT= 2.5000E-05 ERR= -0.0% DM/M= 0.0000E+00
 ELAPSED TIME=         62.78 s  REMAINING TIME=         11.32 s
 NC=  339000 T= 8.4750E+00 DT= 2.5000E-05 ERR= -0.0% DM/M= 0.0000E+00
 ELAPSED TIME=         62.81 s  REMAINING TIME=         11.30 s
 NC=  339100 T= 8.4775E+00 DT= 2.5000E-05 ERR= -0.0% DM/M= 0.0000E+00
 ELAPSED TIME=         62.83 s  REMAINING TIME=         11.28 s
 NC=  339200 T= 8.4800E+00 DT= 2.5000E-05 ERR= -0.0% DM/M= 0.0000E+00
 ELAPSED TIME=         62.85 s  REMAINING TIME=         11.27 s
 NC=  339300 T= 8.4825E+00 DT= 2.5000E-05 ERR= -0.0% DM/M= 0.0000E+00
 ELAPSED TIME=         62.88 s  REMAINING TIME=         11.25 s
 NC=  339400 T= 8.4850E+00 DT= 2.5000E-05 ERR= -0.0% DM/M= 0.0000E+00
 ELAPSED TIME=         62.90 s  REMAINING TIME=         11.23 s
 NC=  339500 T= 8.4875E+00 DT= 2.5000E-05 ERR= -0.0% DM/M= 0.0000E+00
 ELAPSED TIME=         62.93 s  REMAINING TIME=         11.21 s
 NC=  339600 T= 8.4900E+00 DT= 2.5000E-05 ERR= -0.0% DM/M= 0.0000E+00
 ELAPSED TIME=         62.95 s  REMAINING TIME=         11.20 s
 NC=  339700 T= 8.4925E+00 DT= 2.5000E-05 ERR= -0.0% DM/M= 0.0000E+00
 ELAPSED TIME=         62.97 s  REMAINING TIME=         11.18 s
 NC=  339800 T= 8.4950E+00 DT= 2.5000E-05 ERR= -0.0% DM/M= 0.0000E+00
 ELAPSED TIME=         63.00 s  REMAINING TIME=         11.16 s
 NC=  339900 T= 8.4975E+00 DT= 2.5000E-05 ERR= -0.0% DM/M= 0.0000E+00
 ELAPSED TIME=         63.02 s  REMAINING TIME=         11.14 s
 NC=  340000 T= 8.5000E+00 DT= 2.5000E-05 ERR= -0.0% DM/M= 0.0000E+00
 ELAPSED TIME=         63.05 s  REMAINING TIME=         11.13 s
     ANIMATION FILE: A23_w1_REFERENCE_ROTATION_YA035 WRITTEN
 NC=  340100 T= 8.5025E+00 DT= 2.5000E-05 ERR= -0.0% DM/M= 0.0000E+00
 ELAPSED TIME=         63.07 s  REMAINING TIME=         11.11 s
 NC=  340200 T= 8.5050E+00 DT= 2.5000E-05 ERR= -0.0% DM/M= 0.0000E+00
 ELAPSED TIME=         63.10 s  REMAINING TIME=         11.09 s
 NC=  340300 T= 8.5075E+00 DT= 2.5000E-05 ERR= -0.0% DM/M= 0.0000E+00
 ELAPSED TIME=         63.12 s  REMAINING TIME=         11.07 s
 NC=  340400 T= 8.5100E+00 DT= 2.5000E-05 ERR= -0.0% DM/M= 0.0000E+00
 ELAPSED TIME=         63.14 s  REMAINING TIME=         11.06 s
 NC=  340500 T= 8.5125E+00 DT= 2.5000E-05 ERR= -0.0% DM/M= 0.0000E+00
 ELAPSED TIME=         63.17 s  REMAINING TIME=         11.04 s
 NC=  340600 T= 8.5150E+00 DT= 2.5000E-05 ERR= -0.0% DM/M= 0.0000E+00
 ELAPSED TIME=         63.19 s  REMAINING TIME=         11.02 s
 NC=  340700 T= 8.5175E+00 DT= 2.5000E-05 ERR= -0.0% DM/M= 0.0000E+00
 ELAPSED TIME=         63.22 s  REMAINING TIME=         11.00 s
 NC=  340800 T= 8.5200E+00 DT= 2.5000E-05 ERR= -0.0% DM/M= 0.0000E+00
 ELAPSED TIME=         63.24 s  REMAINING TIME=         10.99 s
 NC=  340900 T= 8.5225E+00 DT= 2.5000E-05 ERR= -0.0% DM/M= 0.0000E+00
 ELAPSED TIME=         63.26 s  REMAINING TIME=         10.97 s
 NC=  341000 T= 8.5250E+00 DT= 2.5000E-05 ERR= -0.0% DM/M= 0.0000E+00
 ELAPSED TIME=         63.29 s  REMAINING TIME=         10.95 s
 NC=  341100 T= 8.5275E+00 DT= 2.5000E-05 ERR= -0.0% DM/M= 0.0000E+00
 ELAPSED TIME=         63.31 s  REMAINING TIME=         10.93 s
 NC=  341200 T= 8.5300E+00 DT= 2.5000E-05 ERR= -0.0% DM/M= 0.0000E+00
 ELAPSED TIME=         63.34 s  REMAINING TIME=         10.91 s
 NC=  341300 T= 8.5325E+00 DT= 2.5000E-05 ERR= -0.0% DM/M= 0.0000E+00
 ELAPSED TIME=         63.36 s  REMAINING TIME=         10.90 s
 NC=  341400 T= 8.5350E+00 DT= 2.5000E-05 ERR= -0.0% DM/M= 0.0000E+00
 ELAPSED TIME=         63.38 s  REMAINING TIME=         10.88 s
 NC=  341500 T= 8.5375E+00 DT= 2.5000E-05 ERR= -0.0% DM/M= 0.0000E+00
 ELAPSED TIME=         63.41 s  REMAINING TIME=         10.86 s
 NC=  341600 T= 8.5400E+00 DT= 2.5000E-05 ERR= -0.0% DM/M= 0.0000E+00
 ELAPSED TIME=         63.43 s  REMAINING TIME=         10.84 s
 NC=  341700 T= 8.5425E+00 DT= 2.5000E-05 ERR= -0.0% DM/M= 0.0000E+00
 ELAPSED TIME=         63.46 s  REMAINING TIME=         10.83 s
 NC=  341800 T= 8.5450E+00 DT= 2.5000E-05 ERR= -0.0% DM/M= 0.0000E+00
 ELAPSED TIME=         63.48 s  REMAINING TIME=         10.81 s
 NC=  341900 T= 8.5475E+00 DT= 2.5000E-05 ERR= -0.0% DM/M= 0.0000E+00
 ELAPSED TIME=         63.50 s  REMAINING TIME=         10.79 s
 NC=  342000 T= 8.5500E+00 DT= 2.5000E-05 ERR= -0.0% DM/M= 0.0000E+00
 ELAPSED TIME=         63.53 s  REMAINING TIME=         10.77 s
 NC=  342100 T= 8.5525E+00 DT= 2.5000E-05 ERR= -0.0% DM/M= 0.0000E+00
 ELAPSED TIME=         63.55 s  REMAINING TIME=         10.76 s
 NC=  342200 T= 8.5550E+00 DT= 2.5000E-05 ERR= -0.0% DM/M= 0.0000E+00
 ELAPSED TIME=         63.58 s  REMAINING TIME=         10.74 s
 NC=  342300 T= 8.5575E+00 DT= 2.5000E-05 ERR= -0.0% DM/M= 0.0000E+00
 ELAPSED TIME=         63.60 s  REMAINING TIME=         10.72 s
 NC=  342400 T= 8.5600E+00 DT= 2.5000E-05 ERR= -0.0% DM/M= 0.0000E+00
 ELAPSED TIME=         63.62 s  REMAINING TIME=         10.70 s
 NC=  342500 T= 8.5625E+00 DT= 2.5000E-05 ERR= -0.0% DM/M= 0.0000E+00
 ELAPSED TIME=         63.65 s  REMAINING TIME=         10.69 s
 NC=  342600 T= 8.5650E+00 DT= 2.5000E-05 ERR= -0.0% DM/M= 0.0000E+00
 ELAPSED TIME=         63.67 s  REMAINING TIME=         10.67 s
 NC=  342700 T= 8.5675E+00 DT= 2.5000E-05 ERR= -0.0% DM/M= 0.0000E+00
 ELAPSED TIME=         63.70 s  REMAINING TIME=         10.65 s
 NC=  342800 T= 8.5700E+00 DT= 2.5000E-05 ERR= -0.0% DM/M= 0.0000E+00
 ELAPSED TIME=         63.72 s  REMAINING TIME=         10.63 s
 NC=  342900 T= 8.5725E+00 DT= 2.5000E-05 ERR= -0.0% DM/M= 0.0000E+00
 ELAPSED TIME=         63.74 s  REMAINING TIME=         10.61 s
 NC=  343000 T= 8.5750E+00 DT= 2.5000E-05 ERR= -0.0% DM/M= 0.0000E+00
 ELAPSED TIME=         63.77 s  REMAINING TIME=         10.60 s
 NC=  343100 T= 8.5775E+00 DT= 2.5000E-05 ERR= -0.0% DM/M= 0.0000E+00
 ELAPSED TIME=         63.79 s  REMAINING TIME=         10.58 s
 NC=  343200 T= 8.5800E+00 DT= 2.5000E-05 ERR= -0.0% DM/M= 0.0000E+00
 ELAPSED TIME=         63.82 s  REMAINING TIME=         10.56 s
 NC=  343300 T= 8.5825E+00 DT= 2.5000E-05 ERR= -0.0% DM/M= 0.0000E+00
 ELAPSED TIME=         63.84 s  REMAINING TIME=         10.54 s
 NC=  343400 T= 8.5850E+00 DT= 2.5000E-05 ERR= -0.0% DM/M= 0.0000E+00
 ELAPSED TIME=         63.86 s  REMAINING TIME=         10.53 s
 NC=  343500 T= 8.5875E+00 DT= 2.5000E-05 ERR= -0.0% DM/M= 0.0000E+00
 ELAPSED TIME=         63.89 s  REMAINING TIME=         10.51 s
 NC=  343600 T= 8.5900E+00 DT= 2.5000E-05 ERR= -0.0% DM/M= 0.0000E+00
 ELAPSED TIME=         63.91 s  REMAINING TIME=         10.49 s
 NC=  343700 T= 8.5925E+00 DT= 2.5000E-05 ERR= -0.0% DM/M= 0.0000E+00
 ELAPSED TIME=         63.94 s  REMAINING TIME=         10.47 s
 NC=  343800 T= 8.5950E+00 DT= 2.5000E-05 ERR= -0.0% DM/M= 0.0000E+00
 ELAPSED TIME=         63.96 s  REMAINING TIME=         10.46 s
 NC=  343900 T= 8.5975E+00 DT= 2.5000E-05 ERR= -0.0% DM/M= 0.0000E+00
 ELAPSED TIME=         63.98 s  REMAINING TIME=         10.44 s
 NC=  344000 T= 8.6000E+00 DT= 2.5000E-05 ERR= -0.0% DM/M= 0.0000E+00
 ELAPSED TIME=         64.01 s  REMAINING TIME=         10.42 s
 NC=  344100 T= 8.6025E+00 DT= 2.5000E-05 ERR= -0.0% DM/M= 0.0000E+00
 ELAPSED TIME=         64.03 s  REMAINING TIME=         10.40 s
 NC=  344200 T= 8.6050E+00 DT= 2.5000E-05 ERR= -0.0% DM/M= 0.0000E+00
 ELAPSED TIME=         64.06 s  REMAINING TIME=         10.38 s
 NC=  344300 T= 8.6075E+00 DT= 2.5000E-05 ERR= -0.0% DM/M= 0.0000E+00
 ELAPSED TIME=         64.08 s  REMAINING TIME=         10.37 s
 NC=  344400 T= 8.6100E+00 DT= 2.5000E-05 ERR= -0.0% DM/M= 0.0000E+00
 ELAPSED TIME=         64.10 s  REMAINING TIME=         10.35 s
 NC=  344500 T= 8.6125E+00 DT= 2.5000E-05 ERR= -0.0% DM/M= 0.0000E+00
 ELAPSED TIME=         64.13 s  REMAINING TIME=         10.33 s
 NC=  344600 T= 8.6150E+00 DT= 2.5000E-05 ERR= -0.0% DM/M= 0.0000E+00
 ELAPSED TIME=         64.15 s  REMAINING TIME=         10.31 s
 NC=  344700 T= 8.6175E+00 DT= 2.5000E-05 ERR= -0.0% DM/M= 0.0000E+00
 ELAPSED TIME=         64.18 s  REMAINING TIME=         10.30 s
 NC=  344800 T= 8.6200E+00 DT= 2.5000E-05 ERR= -0.0% DM/M= 0.0000E+00
 ELAPSED TIME=         64.20 s  REMAINING TIME=         10.28 s
 NC=  344900 T= 8.6225E+00 DT= 2.5000E-05 ERR= -0.0% DM/M= 0.0000E+00
 ELAPSED TIME=         64.22 s  REMAINING TIME=         10.26 s
 NC=  345000 T= 8.6250E+00 DT= 2.5000E-05 ERR= -0.0% DM/M= 0.0000E+00
 ELAPSED TIME=         64.25 s  REMAINING TIME=         10.24 s
 NC=  345100 T= 8.6275E+00 DT= 2.5000E-05 ERR= -0.0% DM/M= 0.0000E+00
 ELAPSED TIME=         64.27 s  REMAINING TIME=         10.22 s
 NC=  345200 T= 8.6300E+00 DT= 2.5000E-05 ERR= -0.0% DM/M= 0.0000E+00
 ELAPSED TIME=         64.30 s  REMAINING TIME=         10.21 s
 NC=  345300 T= 8.6325E+00 DT= 2.5000E-05 ERR= -0.0% DM/M= 0.0000E+00
 ELAPSED TIME=         64.32 s  REMAINING TIME=         10.19 s
 NC=  345400 T= 8.6350E+00 DT= 2.5000E-05 ERR= -0.0% DM/M= 0.0000E+00
 ELAPSED TIME=         64.34 s  REMAINING TIME=         10.17 s
 NC=  345500 T= 8.6375E+00 DT= 2.5000E-05 ERR= -0.0% DM/M= 0.0000E+00
 ELAPSED TIME=         64.37 s  REMAINING TIME=         10.15 s
 NC=  345600 T= 8.6400E+00 DT= 2.5000E-05 ERR= -0.0% DM/M= 0.0000E+00
 ELAPSED TIME=         64.39 s  REMAINING TIME=         10.14 s
 NC=  345700 T= 8.6425E+00 DT= 2.5000E-05 ERR= -0.0% DM/M= 0.0000E+00
 ELAPSED TIME=         64.42 s  REMAINING TIME=         10.12 s
 NC=  345800 T= 8.6450E+00 DT= 2.5000E-05 ERR= -0.0% DM/M= 0.0000E+00
 ELAPSED TIME=         64.44 s  REMAINING TIME=         10.10 s
 NC=  345900 T= 8.6475E+00 DT= 2.5000E-05 ERR= -0.0% DM/M= 0.0000E+00
 ELAPSED TIME=         64.46 s  REMAINING TIME=         10.08 s
 NC=  346000 T= 8.6500E+00 DT= 2.5000E-05 ERR= -0.0% DM/M= 0.0000E+00
 ELAPSED TIME=         64.49 s  REMAINING TIME=         10.06 s
 NC=  346100 T= 8.6525E+00 DT= 2.5000E-05 ERR= -0.0% DM/M= 0.0000E+00
 ELAPSED TIME=         64.51 s  REMAINING TIME=         10.05 s
 NC=  346200 T= 8.6550E+00 DT= 2.5000E-05 ERR= -0.0% DM/M= 0.0000E+00
 ELAPSED TIME=         64.54 s  REMAINING TIME=         10.03 s
 NC=  346300 T= 8.6575E+00 DT= 2.5000E-05 ERR= -0.0% DM/M= 0.0000E+00
 ELAPSED TIME=         64.56 s  REMAINING TIME=         10.01 s
 NC=  346400 T= 8.6600E+00 DT= 2.5000E-05 ERR= -0.0% DM/M= 0.0000E+00
 ELAPSED TIME=         64.58 s  REMAINING TIME=          9.99 s
 NC=  346500 T= 8.6625E+00 DT= 2.5000E-05 ERR= -0.0% DM/M= 0.0000E+00
 ELAPSED TIME=         64.61 s  REMAINING TIME=          9.98 s
 NC=  346600 T= 8.6650E+00 DT= 2.5000E-05 ERR= -0.0% DM/M= 0.0000E+00
 ELAPSED TIME=         64.63 s  REMAINING TIME=          9.96 s
 NC=  346700 T= 8.6675E+00 DT= 2.5000E-05 ERR= -0.0% DM/M= 0.0000E+00
 ELAPSED TIME=         64.66 s  REMAINING TIME=          9.94 s
 NC=  346800 T= 8.6700E+00 DT= 2.5000E-05 ERR= -0.0% DM/M= 0.0000E+00
 ELAPSED TIME=         64.68 s  REMAINING TIME=          9.92 s
 NC=  346900 T= 8.6725E+00 DT= 2.5000E-05 ERR= -0.0% DM/M= 0.0000E+00
 ELAPSED TIME=         64.71 s  REMAINING TIME=          9.90 s
 NC=  347000 T= 8.6750E+00 DT= 2.5000E-05 ERR= -0.0% DM/M= 0.0000E+00
 ELAPSED TIME=         64.73 s  REMAINING TIME=          9.89 s
 NC=  347100 T= 8.6775E+00 DT= 2.5000E-05 ERR= -0.0% DM/M= 0.0000E+00
 ELAPSED TIME=         64.75 s  REMAINING TIME=          9.87 s
 NC=  347200 T= 8.6800E+00 DT= 2.5000E-05 ERR= -0.0% DM/M= 0.0000E+00
 ELAPSED TIME=         64.78 s  REMAINING TIME=          9.85 s
 NC=  347300 T= 8.6825E+00 DT= 2.5000E-05 ERR= -0.0% DM/M= 0.0000E+00
 ELAPSED TIME=         64.80 s  REMAINING TIME=          9.83 s
 NC=  347400 T= 8.6850E+00 DT= 2.5000E-05 ERR= -0.0% DM/M= 0.0000E+00
 ELAPSED TIME=         64.82 s  REMAINING TIME=          9.82 s
 NC=  347500 T= 8.6875E+00 DT= 2.5000E-05 ERR= -0.0% DM/M= 0.0000E+00
 ELAPSED TIME=         64.85 s  REMAINING TIME=          9.80 s
 NC=  347600 T= 8.6900E+00 DT= 2.5000E-05 ERR= -0.0% DM/M= 0.0000E+00
 ELAPSED TIME=         64.87 s  REMAINING TIME=          9.78 s
 NC=  347700 T= 8.6925E+00 DT= 2.5000E-05 ERR= -0.0% DM/M= 0.0000E+00
 ELAPSED TIME=         64.90 s  REMAINING TIME=          9.76 s
 NC=  347800 T= 8.6950E+00 DT= 2.5000E-05 ERR= -0.0% DM/M= 0.0000E+00
 ELAPSED TIME=         64.92 s  REMAINING TIME=          9.74 s
 NC=  347900 T= 8.6975E+00 DT= 2.5000E-05 ERR= -0.0% DM/M= 0.0000E+00
 ELAPSED TIME=         64.94 s  REMAINING TIME=          9.73 s
 NC=  348000 T= 8.7000E+00 DT= 2.5000E-05 ERR= -0.0% DM/M= 0.0000E+00
 ELAPSED TIME=         64.97 s  REMAINING TIME=          9.71 s
 NC=  348100 T= 8.7025E+00 DT= 2.5000E-05 ERR= -0.0% DM/M= 0.0000E+00
 ELAPSED TIME=         64.99 s  REMAINING TIME=          9.69 s
 NC=  348200 T= 8.7050E+00 DT= 2.5000E-05 ERR= -0.0% DM/M= 0.0000E+00
 ELAPSED TIME=         65.02 s  REMAINING TIME=          9.67 s
 NC=  348300 T= 8.7075E+00 DT= 2.5000E-05 ERR= -0.0% DM/M= 0.0000E+00
 ELAPSED TIME=         65.04 s  REMAINING TIME=          9.65 s
 NC=  348400 T= 8.7100E+00 DT= 2.5000E-05 ERR= -0.0% DM/M= 0.0000E+00
 ELAPSED TIME=         65.06 s  REMAINING TIME=          9.64 s
 NC=  348500 T= 8.7125E+00 DT= 2.5000E-05 ERR= -0.0% DM/M= 0.0000E+00
 ELAPSED TIME=         65.09 s  REMAINING TIME=          9.62 s
 NC=  348600 T= 8.7150E+00 DT= 2.5000E-05 ERR= -0.0% DM/M= 0.0000E+00
 ELAPSED TIME=         65.11 s  REMAINING TIME=          9.60 s
 NC=  348700 T= 8.7175E+00 DT= 2.5000E-05 ERR= -0.0% DM/M= 0.0000E+00
 ELAPSED TIME=         65.14 s  REMAINING TIME=          9.58 s
 NC=  348800 T= 8.7200E+00 DT= 2.5000E-05 ERR= -0.0% DM/M= 0.0000E+00
 ELAPSED TIME=         65.16 s  REMAINING TIME=          9.56 s
 NC=  348900 T= 8.7225E+00 DT= 2.5000E-05 ERR= -0.0% DM/M= 0.0000E+00
 ELAPSED TIME=         65.18 s  REMAINING TIME=          9.55 s
 NC=  349000 T= 8.7250E+00 DT= 2.5000E-05 ERR= -0.0% DM/M= 0.0000E+00
 ELAPSED TIME=         65.21 s  REMAINING TIME=          9.53 s
 NC=  349100 T= 8.7275E+00 DT= 2.5000E-05 ERR= -0.0% DM/M= 0.0000E+00
 ELAPSED TIME=         65.23 s  REMAINING TIME=          9.51 s
 NC=  349200 T= 8.7300E+00 DT= 2.5000E-05 ERR= -0.0% DM/M= 0.0000E+00
 ELAPSED TIME=         65.26 s  REMAINING TIME=          9.49 s
 NC=  349300 T= 8.7325E+00 DT= 2.5000E-05 ERR= -0.0% DM/M= 0.0000E+00
 ELAPSED TIME=         65.28 s  REMAINING TIME=          9.48 s
 NC=  349400 T= 8.7350E+00 DT= 2.5000E-05 ERR= -0.0% DM/M= 0.0000E+00
 ELAPSED TIME=         65.30 s  REMAINING TIME=          9.46 s
 NC=  349500 T= 8.7375E+00 DT= 2.5000E-05 ERR= -0.0% DM/M= 0.0000E+00
 ELAPSED TIME=         65.33 s  REMAINING TIME=          9.44 s
 NC=  349600 T= 8.7400E+00 DT= 2.5000E-05 ERR= -0.0% DM/M= 0.0000E+00
 ELAPSED TIME=         65.35 s  REMAINING TIME=          9.42 s
 NC=  349700 T= 8.7425E+00 DT= 2.5000E-05 ERR= -0.0% DM/M= 0.0000E+00
 ELAPSED TIME=         65.38 s  REMAINING TIME=          9.40 s
 NC=  349800 T= 8.7450E+00 DT= 2.5000E-05 ERR= -0.0% DM/M= 0.0000E+00
 ELAPSED TIME=         65.40 s  REMAINING TIME=          9.39 s
 NC=  349900 T= 8.7475E+00 DT= 2.5000E-05 ERR= -0.0% DM/M= 0.0000E+00
 ELAPSED TIME=         65.42 s  REMAINING TIME=          9.37 s
 NC=  350000 T= 8.7500E+00 DT= 2.5000E-05 ERR= -0.0% DM/M= 0.0000E+00
 ELAPSED TIME=         65.45 s  REMAINING TIME=          9.35 s
     ANIMATION FILE: A23_w1_REFERENCE_ROTATION_YA036 WRITTEN
 NC=  350100 T= 8.7525E+00 DT= 2.5000E-05 ERR= -0.0% DM/M= 0.0000E+00
 ELAPSED TIME=         65.47 s  REMAINING TIME=          9.33 s
 NC=  350200 T= 8.7550E+00 DT= 2.5000E-05 ERR= -0.0% DM/M= 0.0000E+00
 ELAPSED TIME=         65.50 s  REMAINING TIME=          9.31 s
 NC=  350300 T= 8.7575E+00 DT= 2.5000E-05 ERR= -0.0% DM/M= 0.0000E+00
 ELAPSED TIME=         65.52 s  REMAINING TIME=          9.30 s
 NC=  350400 T= 8.7600E+00 DT= 2.5000E-05 ERR= -0.0% DM/M= 0.0000E+00
 ELAPSED TIME=         65.55 s  REMAINING TIME=          9.28 s
 NC=  350500 T= 8.7625E+00 DT= 2.5000E-05 ERR= -0.0% DM/M= 0.0000E+00
 ELAPSED TIME=         65.57 s  REMAINING TIME=          9.26 s
 NC=  350600 T= 8.7650E+00 DT= 2.5000E-05 ERR= -0.0% DM/M= 0.0000E+00
 ELAPSED TIME=         65.59 s  REMAINING TIME=          9.24 s
 NC=  350700 T= 8.7675E+00 DT= 2.5000E-05 ERR= -0.0% DM/M= 0.0000E+00
 ELAPSED TIME=         65.62 s  REMAINING TIME=          9.22 s
 NC=  350800 T= 8.7700E+00 DT= 2.5000E-05 ERR= -0.0% DM/M= 0.0000E+00
 ELAPSED TIME=         65.64 s  REMAINING TIME=          9.21 s
 NC=  350900 T= 8.7725E+00 DT= 2.5000E-05 ERR= -0.0% DM/M= 0.0000E+00
 ELAPSED TIME=         65.67 s  REMAINING TIME=          9.19 s
 NC=  351000 T= 8.7750E+00 DT= 2.5000E-05 ERR= -0.0% DM/M= 0.0000E+00
 ELAPSED TIME=         65.69 s  REMAINING TIME=          9.17 s
 NC=  351100 T= 8.7775E+00 DT= 2.5000E-05 ERR= -0.0% DM/M= 0.0000E+00
 ELAPSED TIME=         65.71 s  REMAINING TIME=          9.15 s
 NC=  351200 T= 8.7800E+00 DT= 2.5000E-05 ERR= -0.0% DM/M= 0.0000E+00
 ELAPSED TIME=         65.74 s  REMAINING TIME=          9.13 s
 NC=  351300 T= 8.7825E+00 DT= 2.5000E-05 ERR= -0.0% DM/M= 0.0000E+00
 ELAPSED TIME=         65.76 s  REMAINING TIME=          9.12 s
 NC=  351400 T= 8.7850E+00 DT= 2.5000E-05 ERR= -0.0% DM/M= 0.0000E+00
 ELAPSED TIME=         65.79 s  REMAINING TIME=          9.10 s
 NC=  351500 T= 8.7875E+00 DT= 2.5000E-05 ERR= -0.0% DM/M= 0.0000E+00
 ELAPSED TIME=         65.81 s  REMAINING TIME=          9.08 s
 NC=  351600 T= 8.7900E+00 DT= 2.5000E-05 ERR= -0.0% DM/M= 0.0000E+00
 ELAPSED TIME=         65.83 s  REMAINING TIME=          9.06 s
 NC=  351700 T= 8.7925E+00 DT= 2.5000E-05 ERR= -0.0% DM/M= 0.0000E+00
 ELAPSED TIME=         65.86 s  REMAINING TIME=          9.04 s
 NC=  351800 T= 8.7950E+00 DT= 2.5000E-05 ERR= -0.0% DM/M= 0.0000E+00
 ELAPSED TIME=         65.88 s  REMAINING TIME=          9.03 s
 NC=  351900 T= 8.7975E+00 DT= 2.5000E-05 ERR= -0.0% DM/M= 0.0000E+00
 ELAPSED TIME=         65.91 s  REMAINING TIME=          9.01 s
 NC=  352000 T= 8.8000E+00 DT= 2.5000E-05 ERR= -0.0% DM/M= 0.0000E+00
 ELAPSED TIME=         65.93 s  REMAINING TIME=          8.99 s
 NC=  352100 T= 8.8025E+00 DT= 2.5000E-05 ERR= -0.0% DM/M= 0.0000E+00
 ELAPSED TIME=         65.96 s  REMAINING TIME=          8.97 s
 NC=  352200 T= 8.8050E+00 DT= 2.5000E-05 ERR= -0.0% DM/M= 0.0000E+00
 ELAPSED TIME=         65.98 s  REMAINING TIME=          8.95 s
 NC=  352300 T= 8.8075E+00 DT= 2.5000E-05 ERR= -0.0% DM/M= 0.0000E+00
 ELAPSED TIME=         66.00 s  REMAINING TIME=          8.94 s
 NC=  352400 T= 8.8100E+00 DT= 2.5000E-05 ERR= -0.0% DM/M= 0.0000E+00
 ELAPSED TIME=         66.03 s  REMAINING TIME=          8.92 s
 NC=  352500 T= 8.8125E+00 DT= 2.5000E-05 ERR= -0.0% DM/M= 0.0000E+00
 ELAPSED TIME=         66.05 s  REMAINING TIME=          8.90 s
 NC=  352600 T= 8.8150E+00 DT= 2.5000E-05 ERR= -0.0% DM/M= 0.0000E+00
 ELAPSED TIME=         66.08 s  REMAINING TIME=          8.88 s
 NC=  352700 T= 8.8175E+00 DT= 2.5000E-05 ERR= -0.0% DM/M= 0.0000E+00
 ELAPSED TIME=         66.10 s  REMAINING TIME=          8.86 s
 NC=  352800 T= 8.8200E+00 DT= 2.5000E-05 ERR= -0.0% DM/M= 0.0000E+00
 ELAPSED TIME=         66.12 s  REMAINING TIME=          8.85 s
 NC=  352900 T= 8.8225E+00 DT= 2.5000E-05 ERR= -0.0% DM/M= 0.0000E+00
 ELAPSED TIME=         66.15 s  REMAINING TIME=          8.83 s
 NC=  353000 T= 8.8250E+00 DT= 2.5000E-05 ERR= -0.0% DM/M= 0.0000E+00
 ELAPSED TIME=         66.17 s  REMAINING TIME=          8.81 s
 NC=  353100 T= 8.8275E+00 DT= 2.5000E-05 ERR= -0.0% DM/M= 0.0000E+00
 ELAPSED TIME=         66.20 s  REMAINING TIME=          8.79 s
 NC=  353200 T= 8.8300E+00 DT= 2.5000E-05 ERR= -0.0% DM/M= 0.0000E+00
 ELAPSED TIME=         66.22 s  REMAINING TIME=          8.77 s
 NC=  353300 T= 8.8325E+00 DT= 2.5000E-05 ERR= -0.0% DM/M= 0.0000E+00
 ELAPSED TIME=         66.24 s  REMAINING TIME=          8.76 s
 NC=  353400 T= 8.8350E+00 DT= 2.5000E-05 ERR= -0.0% DM/M= 0.0000E+00
 ELAPSED TIME=         66.27 s  REMAINING TIME=          8.74 s
 NC=  353500 T= 8.8375E+00 DT= 2.5000E-05 ERR= -0.0% DM/M= 0.0000E+00
 ELAPSED TIME=         66.29 s  REMAINING TIME=          8.72 s
 NC=  353600 T= 8.8400E+00 DT= 2.5000E-05 ERR= -0.0% DM/M= 0.0000E+00
 ELAPSED TIME=         66.32 s  REMAINING TIME=          8.70 s
 NC=  353700 T= 8.8425E+00 DT= 2.5000E-05 ERR= -0.0% DM/M= 0.0000E+00
 ELAPSED TIME=         66.34 s  REMAINING TIME=          8.68 s
 NC=  353800 T= 8.8450E+00 DT= 2.5000E-05 ERR= -0.0% DM/M= 0.0000E+00
 ELAPSED TIME=         66.36 s  REMAINING TIME=          8.67 s
 NC=  353900 T= 8.8475E+00 DT= 2.5000E-05 ERR= -0.0% DM/M= 0.0000E+00
 ELAPSED TIME=         66.39 s  REMAINING TIME=          8.65 s
 NC=  354000 T= 8.8500E+00 DT= 2.5000E-05 ERR= -0.0% DM/M= 0.0000E+00
 ELAPSED TIME=         66.41 s  REMAINING TIME=          8.63 s
 NC=  354100 T= 8.8525E+00 DT= 2.5000E-05 ERR= -0.0% DM/M= 0.0000E+00
 ELAPSED TIME=         66.43 s  REMAINING TIME=          8.61 s
 NC=  354200 T= 8.8550E+00 DT= 2.5000E-05 ERR= -0.0% DM/M= 0.0000E+00
 ELAPSED TIME=         66.46 s  REMAINING TIME=          8.59 s
 NC=  354300 T= 8.8575E+00 DT= 2.5000E-05 ERR= -0.0% DM/M= 0.0000E+00
 ELAPSED TIME=         66.48 s  REMAINING TIME=          8.58 s
 NC=  354400 T= 8.8600E+00 DT= 2.5000E-05 ERR= -0.0% DM/M= 0.0000E+00
 ELAPSED TIME=         66.51 s  REMAINING TIME=          8.56 s
 NC=  354500 T= 8.8625E+00 DT= 2.5000E-05 ERR= -0.0% DM/M= 0.0000E+00
 ELAPSED TIME=         66.53 s  REMAINING TIME=          8.54 s
 NC=  354600 T= 8.8650E+00 DT= 2.5000E-05 ERR= -0.0% DM/M= 0.0000E+00
 ELAPSED TIME=         66.55 s  REMAINING TIME=          8.52 s
 NC=  354700 T= 8.8675E+00 DT= 2.5000E-05 ERR= -0.0% DM/M= 0.0000E+00
 ELAPSED TIME=         66.58 s  REMAINING TIME=          8.50 s
 NC=  354800 T= 8.8700E+00 DT= 2.5000E-05 ERR= -0.0% DM/M= 0.0000E+00
 ELAPSED TIME=         66.60 s  REMAINING TIME=          8.48 s
 NC=  354900 T= 8.8725E+00 DT= 2.5000E-05 ERR= -0.0% DM/M= 0.0000E+00
 ELAPSED TIME=         66.63 s  REMAINING TIME=          8.47 s
 NC=  355000 T= 8.8750E+00 DT= 2.5000E-05 ERR= -0.0% DM/M= 0.0000E+00
 ELAPSED TIME=         66.65 s  REMAINING TIME=          8.45 s
 NC=  355100 T= 8.8775E+00 DT= 2.5000E-05 ERR= -0.0% DM/M= 0.0000E+00
 ELAPSED TIME=         66.67 s  REMAINING TIME=          8.43 s
 NC=  355200 T= 8.8800E+00 DT= 2.5000E-05 ERR= -0.0% DM/M= 0.0000E+00
 ELAPSED TIME=         66.70 s  REMAINING TIME=          8.41 s
 NC=  355300 T= 8.8825E+00 DT= 2.5000E-05 ERR= -0.0% DM/M= 0.0000E+00
 ELAPSED TIME=         66.72 s  REMAINING TIME=          8.39 s
 NC=  355400 T= 8.8850E+00 DT= 2.5000E-05 ERR= -0.0% DM/M= 0.0000E+00
 ELAPSED TIME=         66.75 s  REMAINING TIME=          8.38 s
 NC=  355500 T= 8.8875E+00 DT= 2.5000E-05 ERR= -0.0% DM/M= 0.0000E+00
 ELAPSED TIME=         66.77 s  REMAINING TIME=          8.36 s
 NC=  355600 T= 8.8900E+00 DT= 2.5000E-05 ERR= -0.0% DM/M= 0.0000E+00
 ELAPSED TIME=         66.79 s  REMAINING TIME=          8.34 s
 NC=  355700 T= 8.8925E+00 DT= 2.5000E-05 ERR= -0.0% DM/M= 0.0000E+00
 ELAPSED TIME=         66.82 s  REMAINING TIME=          8.32 s
 NC=  355800 T= 8.8950E+00 DT= 2.5000E-05 ERR= -0.0% DM/M= 0.0000E+00
 ELAPSED TIME=         66.84 s  REMAINING TIME=          8.30 s
 NC=  355900 T= 8.8975E+00 DT= 2.5000E-05 ERR= -0.0% DM/M= 0.0000E+00
 ELAPSED TIME=         66.86 s  REMAINING TIME=          8.29 s
 NC=  356000 T= 8.9000E+00 DT= 2.5000E-05 ERR= -0.0% DM/M= 0.0000E+00
 ELAPSED TIME=         66.89 s  REMAINING TIME=          8.27 s
 NC=  356100 T= 8.9025E+00 DT= 2.5000E-05 ERR= -0.0% DM/M= 0.0000E+00
 ELAPSED TIME=         66.91 s  REMAINING TIME=          8.25 s
 NC=  356200 T= 8.9050E+00 DT= 2.5000E-05 ERR= -0.0% DM/M= 0.0000E+00
 ELAPSED TIME=         66.94 s  REMAINING TIME=          8.23 s
 NC=  356300 T= 8.9075E+00 DT= 2.5000E-05 ERR= -0.0% DM/M= 0.0000E+00
 ELAPSED TIME=         66.96 s  REMAINING TIME=          8.21 s
 NC=  356400 T= 8.9100E+00 DT= 2.5000E-05 ERR= -0.0% DM/M= 0.0000E+00
 ELAPSED TIME=         66.98 s  REMAINING TIME=          8.19 s
 NC=  356500 T= 8.9125E+00 DT= 2.5000E-05 ERR= -0.0% DM/M= 0.0000E+00
 ELAPSED TIME=         67.01 s  REMAINING TIME=          8.18 s
 NC=  356600 T= 8.9150E+00 DT= 2.5000E-05 ERR= -0.0% DM/M= 0.0000E+00
 ELAPSED TIME=         67.03 s  REMAINING TIME=          8.16 s
 NC=  356700 T= 8.9175E+00 DT= 2.5000E-05 ERR= -0.0% DM/M= 0.0000E+00
 ELAPSED TIME=         67.06 s  REMAINING TIME=          8.14 s
 NC=  356800 T= 8.9200E+00 DT= 2.5000E-05 ERR= -0.0% DM/M= 0.0000E+00
 ELAPSED TIME=         67.08 s  REMAINING TIME=          8.12 s
 NC=  356900 T= 8.9225E+00 DT= 2.5000E-05 ERR= -0.0% DM/M= 0.0000E+00
 ELAPSED TIME=         67.10 s  REMAINING TIME=          8.10 s
 NC=  357000 T= 8.9250E+00 DT= 2.5000E-05 ERR= -0.0% DM/M= 0.0000E+00
 ELAPSED TIME=         67.13 s  REMAINING TIME=          8.09 s
 NC=  357100 T= 8.9275E+00 DT= 2.5000E-05 ERR= -0.0% DM/M= 0.0000E+00
 ELAPSED TIME=         67.15 s  REMAINING TIME=          8.07 s
 NC=  357200 T= 8.9300E+00 DT= 2.5000E-05 ERR= -0.0% DM/M= 0.0000E+00
 ELAPSED TIME=         67.18 s  REMAINING TIME=          8.05 s
 NC=  357300 T= 8.9325E+00 DT= 2.5000E-05 ERR= -0.0% DM/M= 0.0000E+00
 ELAPSED TIME=         67.20 s  REMAINING TIME=          8.03 s
 NC=  357400 T= 8.9350E+00 DT= 2.5000E-05 ERR= -0.0% DM/M= 0.0000E+00
 ELAPSED TIME=         67.22 s  REMAINING TIME=          8.01 s
 NC=  357500 T= 8.9375E+00 DT= 2.5000E-05 ERR= -0.0% DM/M= 0.0000E+00
 ELAPSED TIME=         67.25 s  REMAINING TIME=          7.99 s
 NC=  357600 T= 8.9400E+00 DT= 2.5000E-05 ERR= -0.0% DM/M= 0.0000E+00
 ELAPSED TIME=         67.27 s  REMAINING TIME=          7.98 s
 NC=  357700 T= 8.9425E+00 DT= 2.5000E-05 ERR= -0.0% DM/M= 0.0000E+00
 ELAPSED TIME=         67.29 s  REMAINING TIME=          7.96 s
 NC=  357800 T= 8.9450E+00 DT= 2.5000E-05 ERR= -0.0% DM/M= 0.0000E+00
 ELAPSED TIME=         67.32 s  REMAINING TIME=          7.94 s
 NC=  357900 T= 8.9475E+00 DT= 2.5000E-05 ERR= -0.0% DM/M= 0.0000E+00
 ELAPSED TIME=         67.34 s  REMAINING TIME=          7.92 s
 NC=  358000 T= 8.9500E+00 DT= 2.5000E-05 ERR= -0.0% DM/M= 0.0000E+00
 ELAPSED TIME=         67.37 s  REMAINING TIME=          7.90 s
 NC=  358100 T= 8.9525E+00 DT= 2.5000E-05 ERR= -0.0% DM/M= 0.0000E+00
 ELAPSED TIME=         67.39 s  REMAINING TIME=          7.89 s
 NC=  358200 T= 8.9550E+00 DT= 2.5000E-05 ERR= -0.0% DM/M= 0.0000E+00
 ELAPSED TIME=         67.41 s  REMAINING TIME=          7.87 s
 NC=  358300 T= 8.9575E+00 DT= 2.5000E-05 ERR= -0.0% DM/M= 0.0000E+00
 ELAPSED TIME=         67.44 s  REMAINING TIME=          7.85 s
 NC=  358400 T= 8.9600E+00 DT= 2.5000E-05 ERR= -0.0% DM/M= 0.0000E+00
 ELAPSED TIME=         67.46 s  REMAINING TIME=          7.83 s
 NC=  358500 T= 8.9625E+00 DT= 2.5000E-05 ERR= -0.0% DM/M= 0.0000E+00
 ELAPSED TIME=         67.49 s  REMAINING TIME=          7.81 s
 NC=  358600 T= 8.9650E+00 DT= 2.5000E-05 ERR= -0.0% DM/M= 0.0000E+00
 ELAPSED TIME=         67.51 s  REMAINING TIME=          7.79 s
 NC=  358700 T= 8.9675E+00 DT= 2.5000E-05 ERR= -0.0% DM/M= 0.0000E+00
 ELAPSED TIME=         67.53 s  REMAINING TIME=          7.78 s
 NC=  358800 T= 8.9700E+00 DT= 2.5000E-05 ERR= -0.0% DM/M= 0.0000E+00
 ELAPSED TIME=         67.56 s  REMAINING TIME=          7.76 s
 NC=  358900 T= 8.9725E+00 DT= 2.5000E-05 ERR= -0.0% DM/M= 0.0000E+00
 ELAPSED TIME=         67.58 s  REMAINING TIME=          7.74 s
 NC=  359000 T= 8.9750E+00 DT= 2.5000E-05 ERR= -0.0% DM/M= 0.0000E+00
 ELAPSED TIME=         67.60 s  REMAINING TIME=          7.72 s
 NC=  359100 T= 8.9775E+00 DT= 2.5000E-05 ERR= -0.0% DM/M= 0.0000E+00
 ELAPSED TIME=         67.63 s  REMAINING TIME=          7.70 s
 NC=  359200 T= 8.9800E+00 DT= 2.5000E-05 ERR= -0.0% DM/M= 0.0000E+00
 ELAPSED TIME=         67.65 s  REMAINING TIME=          7.68 s
 NC=  359300 T= 8.9825E+00 DT= 2.5000E-05 ERR= -0.0% DM/M= 0.0000E+00
 ELAPSED TIME=         67.68 s  REMAINING TIME=          7.67 s
 NC=  359400 T= 8.9850E+00 DT= 2.5000E-05 ERR= -0.0% DM/M= 0.0000E+00
 ELAPSED TIME=         67.70 s  REMAINING TIME=          7.65 s
 NC=  359500 T= 8.9875E+00 DT= 2.5000E-05 ERR= -0.0% DM/M= 0.0000E+00
 ELAPSED TIME=         67.72 s  REMAINING TIME=          7.63 s
 NC=  359600 T= 8.9900E+00 DT= 2.5000E-05 ERR= -0.0% DM/M= 0.0000E+00
 ELAPSED TIME=         67.75 s  REMAINING TIME=          7.61 s
 NC=  359700 T= 8.9925E+00 DT= 2.5000E-05 ERR= -0.0% DM/M= 0.0000E+00
 ELAPSED TIME=         67.77 s  REMAINING TIME=          7.59 s
 NC=  359800 T= 8.9950E+00 DT= 2.5000E-05 ERR= -0.0% DM/M= 0.0000E+00
 ELAPSED TIME=         67.80 s  REMAINING TIME=          7.57 s
 NC=  359900 T= 8.9975E+00 DT= 2.5000E-05 ERR= -0.0% DM/M= 0.0000E+00
 ELAPSED TIME=         67.82 s  REMAINING TIME=          7.56 s
 NC=  360000 T= 9.0000E+00 DT= 2.5000E-05 ERR= -0.0% DM/M= 0.0000E+00
 ELAPSED TIME=         67.84 s  REMAINING TIME=          7.54 s
     ANIMATION FILE: A23_w1_REFERENCE_ROTATION_YA037 WRITTEN
 NC=  360100 T= 9.0025E+00 DT= 2.5000E-05 ERR= -0.0% DM/M= 0.0000E+00
 ELAPSED TIME=         67.87 s  REMAINING TIME=          7.52 s
 NC=  360200 T= 9.0050E+00 DT= 2.5000E-05 ERR= -0.0% DM/M= 0.0000E+00
 ELAPSED TIME=         67.89 s  REMAINING TIME=          7.50 s
 NC=  360300 T= 9.0075E+00 DT= 2.5000E-05 ERR= -0.0% DM/M= 0.0000E+00
 ELAPSED TIME=         67.92 s  REMAINING TIME=          7.48 s
 NC=  360400 T= 9.0100E+00 DT= 2.5000E-05 ERR= -0.0% DM/M= 0.0000E+00
 ELAPSED TIME=         67.94 s  REMAINING TIME=          7.47 s
 NC=  360500 T= 9.0125E+00 DT= 2.5000E-05 ERR= -0.0% DM/M= 0.0000E+00
 ELAPSED TIME=         67.96 s  REMAINING TIME=          7.45 s
 NC=  360600 T= 9.0150E+00 DT= 2.5000E-05 ERR= -0.0% DM/M= 0.0000E+00
 ELAPSED TIME=         67.99 s  REMAINING TIME=          7.43 s
 NC=  360700 T= 9.0175E+00 DT= 2.5000E-05 ERR= -0.0% DM/M= 0.0000E+00
 ELAPSED TIME=         68.01 s  REMAINING TIME=          7.41 s
 NC=  360800 T= 9.0200E+00 DT= 2.5000E-05 ERR= -0.0% DM/M= 0.0000E+00
 ELAPSED TIME=         68.04 s  REMAINING TIME=          7.39 s
 NC=  360900 T= 9.0225E+00 DT= 2.5000E-05 ERR= -0.0% DM/M= 0.0000E+00
 ELAPSED TIME=         68.06 s  REMAINING TIME=          7.37 s
 NC=  361000 T= 9.0250E+00 DT= 2.5000E-05 ERR= -0.0% DM/M= 0.0000E+00
 ELAPSED TIME=         68.08 s  REMAINING TIME=          7.36 s
 NC=  361100 T= 9.0275E+00 DT= 2.5000E-05 ERR= -0.0% DM/M= 0.0000E+00
 ELAPSED TIME=         68.11 s  REMAINING TIME=          7.34 s
 NC=  361200 T= 9.0300E+00 DT= 2.5000E-05 ERR= -0.0% DM/M= 0.0000E+00
 ELAPSED TIME=         68.13 s  REMAINING TIME=          7.32 s
 NC=  361300 T= 9.0325E+00 DT= 2.5000E-05 ERR= -0.0% DM/M= 0.0000E+00
 ELAPSED TIME=         68.16 s  REMAINING TIME=          7.30 s
 NC=  361400 T= 9.0350E+00 DT= 2.5000E-05 ERR= -0.0% DM/M= 0.0000E+00
 ELAPSED TIME=         68.18 s  REMAINING TIME=          7.28 s
 NC=  361500 T= 9.0375E+00 DT= 2.5000E-05 ERR= -0.0% DM/M= 0.0000E+00
 ELAPSED TIME=         68.20 s  REMAINING TIME=          7.26 s
 NC=  361600 T= 9.0400E+00 DT= 2.5000E-05 ERR= -0.0% DM/M= 0.0000E+00
 ELAPSED TIME=         68.23 s  REMAINING TIME=          7.25 s
 NC=  361700 T= 9.0425E+00 DT= 2.5000E-05 ERR= -0.0% DM/M= 0.0000E+00
 ELAPSED TIME=         68.25 s  REMAINING TIME=          7.23 s
 NC=  361800 T= 9.0450E+00 DT= 2.5000E-05 ERR= -0.0% DM/M= 0.0000E+00
 ELAPSED TIME=         68.28 s  REMAINING TIME=          7.21 s
 NC=  361900 T= 9.0475E+00 DT= 2.5000E-05 ERR= -0.0% DM/M= 0.0000E+00
 ELAPSED TIME=         68.30 s  REMAINING TIME=          7.19 s
 NC=  362000 T= 9.0500E+00 DT= 2.5000E-05 ERR= -0.0% DM/M= 0.0000E+00
 ELAPSED TIME=         68.32 s  REMAINING TIME=          7.17 s
 NC=  362100 T= 9.0525E+00 DT= 2.5000E-05 ERR= -0.0% DM/M= 0.0000E+00
 ELAPSED TIME=         68.35 s  REMAINING TIME=          7.15 s
 NC=  362200 T= 9.0550E+00 DT= 2.5000E-05 ERR= -0.0% DM/M= 0.0000E+00
 ELAPSED TIME=         68.37 s  REMAINING TIME=          7.14 s
 NC=  362300 T= 9.0575E+00 DT= 2.5000E-05 ERR= -0.0% DM/M= 0.0000E+00
 ELAPSED TIME=         68.39 s  REMAINING TIME=          7.12 s
 NC=  362400 T= 9.0600E+00 DT= 2.5000E-05 ERR= -0.0% DM/M= 0.0000E+00
 ELAPSED TIME=         68.42 s  REMAINING TIME=          7.10 s
 NC=  362500 T= 9.0625E+00 DT= 2.5000E-05 ERR= -0.0% DM/M= 0.0000E+00
 ELAPSED TIME=         68.44 s  REMAINING TIME=          7.08 s
 NC=  362600 T= 9.0650E+00 DT= 2.5000E-05 ERR= -0.0% DM/M= 0.0000E+00
 ELAPSED TIME=         68.47 s  REMAINING TIME=          7.06 s
 NC=  362700 T= 9.0675E+00 DT= 2.5000E-05 ERR= -0.0% DM/M= 0.0000E+00
 ELAPSED TIME=         68.49 s  REMAINING TIME=          7.04 s
 NC=  362800 T= 9.0700E+00 DT= 2.5000E-05 ERR= -0.0% DM/M= 0.0000E+00
 ELAPSED TIME=         68.51 s  REMAINING TIME=          7.03 s
 NC=  362900 T= 9.0725E+00 DT= 2.5000E-05 ERR= -0.0% DM/M= 0.0000E+00
 ELAPSED TIME=         68.54 s  REMAINING TIME=          7.01 s
 NC=  363000 T= 9.0750E+00 DT= 2.5000E-05 ERR= -0.0% DM/M= 0.0000E+00
 ELAPSED TIME=         68.56 s  REMAINING TIME=          6.99 s
 NC=  363100 T= 9.0775E+00 DT= 2.5000E-05 ERR= -0.0% DM/M= 0.0000E+00
 ELAPSED TIME=         68.59 s  REMAINING TIME=          6.97 s
 NC=  363200 T= 9.0800E+00 DT= 2.5000E-05 ERR= -0.0% DM/M= 0.0000E+00
 ELAPSED TIME=         68.61 s  REMAINING TIME=          6.95 s
 NC=  363300 T= 9.0825E+00 DT= 2.5000E-05 ERR= -0.0% DM/M= 0.0000E+00
 ELAPSED TIME=         68.63 s  REMAINING TIME=          6.93 s
 NC=  363400 T= 9.0850E+00 DT= 2.5000E-05 ERR= -0.0% DM/M= 0.0000E+00
 ELAPSED TIME=         68.66 s  REMAINING TIME=          6.91 s
 NC=  363500 T= 9.0875E+00 DT= 2.5000E-05 ERR= -0.0% DM/M= 0.0000E+00
 ELAPSED TIME=         68.68 s  REMAINING TIME=          6.90 s
 NC=  363600 T= 9.0900E+00 DT= 2.5000E-05 ERR= -0.0% DM/M= 0.0000E+00
 ELAPSED TIME=         68.70 s  REMAINING TIME=          6.88 s
 NC=  363700 T= 9.0925E+00 DT= 2.5000E-05 ERR= -0.0% DM/M= 0.0000E+00
 ELAPSED TIME=         68.73 s  REMAINING TIME=          6.86 s
 NC=  363800 T= 9.0950E+00 DT= 2.5000E-05 ERR= -0.0% DM/M= 0.0000E+00
 ELAPSED TIME=         68.75 s  REMAINING TIME=          6.84 s
 NC=  363900 T= 9.0975E+00 DT= 2.5000E-05 ERR= -0.0% DM/M= 0.0000E+00
 ELAPSED TIME=         68.78 s  REMAINING TIME=          6.82 s
 NC=  364000 T= 9.1000E+00 DT= 2.5000E-05 ERR= -0.0% DM/M= 0.0000E+00
 ELAPSED TIME=         68.80 s  REMAINING TIME=          6.80 s
 NC=  364100 T= 9.1025E+00 DT= 2.5000E-05 ERR= -0.0% DM/M= 0.0000E+00
 ELAPSED TIME=         68.82 s  REMAINING TIME=          6.79 s
 NC=  364200 T= 9.1050E+00 DT= 2.5000E-05 ERR= -0.0% DM/M= 0.0000E+00
 ELAPSED TIME=         68.85 s  REMAINING TIME=          6.77 s
 NC=  364300 T= 9.1075E+00 DT= 2.5000E-05 ERR= -0.0% DM/M= 0.0000E+00
 ELAPSED TIME=         68.87 s  REMAINING TIME=          6.75 s
 NC=  364400 T= 9.1100E+00 DT= 2.5000E-05 ERR= -0.0% DM/M= 0.0000E+00
 ELAPSED TIME=         68.90 s  REMAINING TIME=          6.73 s
 NC=  364500 T= 9.1125E+00 DT= 2.5000E-05 ERR= -0.0% DM/M= 0.0000E+00
 ELAPSED TIME=         68.92 s  REMAINING TIME=          6.71 s
 NC=  364600 T= 9.1150E+00 DT= 2.5000E-05 ERR= -0.0% DM/M= 0.0000E+00
 ELAPSED TIME=         68.94 s  REMAINING TIME=          6.69 s
 NC=  364700 T= 9.1175E+00 DT= 2.5000E-05 ERR= -0.0% DM/M= 0.0000E+00
 ELAPSED TIME=         68.97 s  REMAINING TIME=          6.68 s
 NC=  364800 T= 9.1200E+00 DT= 2.5000E-05 ERR= -0.0% DM/M= 0.0000E+00
 ELAPSED TIME=         68.99 s  REMAINING TIME=          6.66 s
 NC=  364900 T= 9.1225E+00 DT= 2.5000E-05 ERR= -0.0% DM/M= 0.0000E+00
 ELAPSED TIME=         69.02 s  REMAINING TIME=          6.64 s
 NC=  365000 T= 9.1250E+00 DT= 2.5000E-05 ERR= -0.0% DM/M= 0.0000E+00
 ELAPSED TIME=         69.04 s  REMAINING TIME=          6.62 s
 NC=  365100 T= 9.1275E+00 DT= 2.5000E-05 ERR= -0.0% DM/M= 0.0000E+00
 ELAPSED TIME=         69.06 s  REMAINING TIME=          6.60 s
 NC=  365200 T= 9.1300E+00 DT= 2.5000E-05 ERR= -0.0% DM/M= 0.0000E+00
 ELAPSED TIME=         69.09 s  REMAINING TIME=          6.58 s
 NC=  365300 T= 9.1325E+00 DT= 2.5000E-05 ERR= -0.0% DM/M= 0.0000E+00
 ELAPSED TIME=         69.11 s  REMAINING TIME=          6.56 s
 NC=  365400 T= 9.1350E+00 DT= 2.5000E-05 ERR= -0.0% DM/M= 0.0000E+00
 ELAPSED TIME=         69.13 s  REMAINING TIME=          6.55 s
 NC=  365500 T= 9.1375E+00 DT= 2.5000E-05 ERR= -0.0% DM/M= 0.0000E+00
 ELAPSED TIME=         69.16 s  REMAINING TIME=          6.53 s
 NC=  365600 T= 9.1400E+00 DT= 2.5000E-05 ERR= -0.0% DM/M= 0.0000E+00
 ELAPSED TIME=         69.18 s  REMAINING TIME=          6.51 s
 NC=  365700 T= 9.1425E+00 DT= 2.5000E-05 ERR= -0.0% DM/M= 0.0000E+00
 ELAPSED TIME=         69.21 s  REMAINING TIME=          6.49 s
 NC=  365800 T= 9.1450E+00 DT= 2.5000E-05 ERR= -0.0% DM/M= 0.0000E+00
 ELAPSED TIME=         69.23 s  REMAINING TIME=          6.47 s
 NC=  365900 T= 9.1475E+00 DT= 2.5000E-05 ERR= -0.0% DM/M= 0.0000E+00
 ELAPSED TIME=         69.25 s  REMAINING TIME=          6.45 s
 NC=  366000 T= 9.1500E+00 DT= 2.5000E-05 ERR= -0.0% DM/M= 0.0000E+00
 ELAPSED TIME=         69.28 s  REMAINING TIME=          6.44 s
 NC=  366100 T= 9.1525E+00 DT= 2.5000E-05 ERR= -0.0% DM/M= 0.0000E+00
 ELAPSED TIME=         69.30 s  REMAINING TIME=          6.42 s
 NC=  366200 T= 9.1550E+00 DT= 2.5000E-05 ERR= -0.0% DM/M= 0.0000E+00
 ELAPSED TIME=         69.33 s  REMAINING TIME=          6.40 s
 NC=  366300 T= 9.1575E+00 DT= 2.5000E-05 ERR= -0.0% DM/M= 0.0000E+00
 ELAPSED TIME=         69.35 s  REMAINING TIME=          6.38 s
 NC=  366400 T= 9.1600E+00 DT= 2.5000E-05 ERR= -0.0% DM/M= 0.0000E+00
 ELAPSED TIME=         69.37 s  REMAINING TIME=          6.36 s
 NC=  366500 T= 9.1625E+00 DT= 2.5000E-05 ERR= -0.0% DM/M= 0.0000E+00
 ELAPSED TIME=         69.40 s  REMAINING TIME=          6.34 s
 NC=  366600 T= 9.1650E+00 DT= 2.5000E-05 ERR= -0.0% DM/M= 0.0000E+00
 ELAPSED TIME=         69.42 s  REMAINING TIME=          6.32 s
 NC=  366700 T= 9.1675E+00 DT= 2.5000E-05 ERR= -0.0% DM/M= 0.0000E+00
 ELAPSED TIME=         69.45 s  REMAINING TIME=          6.31 s
 NC=  366800 T= 9.1700E+00 DT= 2.5000E-05 ERR= -0.0% DM/M= 0.0000E+00
 ELAPSED TIME=         69.47 s  REMAINING TIME=          6.29 s
 NC=  366900 T= 9.1725E+00 DT= 2.5000E-05 ERR= -0.0% DM/M= 0.0000E+00
 ELAPSED TIME=         69.49 s  REMAINING TIME=          6.27 s
 NC=  367000 T= 9.1750E+00 DT= 2.5000E-05 ERR= -0.0% DM/M= 0.0000E+00
 ELAPSED TIME=         69.52 s  REMAINING TIME=          6.25 s
 NC=  367100 T= 9.1775E+00 DT= 2.5000E-05 ERR= -0.0% DM/M= 0.0000E+00
 ELAPSED TIME=         69.54 s  REMAINING TIME=          6.23 s
 NC=  367200 T= 9.1800E+00 DT= 2.5000E-05 ERR= -0.0% DM/M= 0.0000E+00
 ELAPSED TIME=         69.57 s  REMAINING TIME=          6.21 s
 NC=  367300 T= 9.1825E+00 DT= 2.5000E-05 ERR= -0.0% DM/M= 0.0000E+00
 ELAPSED TIME=         69.59 s  REMAINING TIME=          6.20 s
 NC=  367400 T= 9.1850E+00 DT= 2.5000E-05 ERR= -0.0% DM/M= 0.0000E+00
 ELAPSED TIME=         69.61 s  REMAINING TIME=          6.18 s
 NC=  367500 T= 9.1875E+00 DT= 2.5000E-05 ERR= -0.0% DM/M= 0.0000E+00
 ELAPSED TIME=         69.64 s  REMAINING TIME=          6.16 s
 NC=  367600 T= 9.1900E+00 DT= 2.5000E-05 ERR= -0.0% DM/M= 0.0000E+00
 ELAPSED TIME=         69.66 s  REMAINING TIME=          6.14 s
 NC=  367700 T= 9.1925E+00 DT= 2.5000E-05 ERR= -0.0% DM/M= 0.0000E+00
 ELAPSED TIME=         69.68 s  REMAINING TIME=          6.12 s
 NC=  367800 T= 9.1950E+00 DT= 2.5000E-05 ERR= -0.0% DM/M= 0.0000E+00
 ELAPSED TIME=         69.71 s  REMAINING TIME=          6.10 s
 NC=  367900 T= 9.1975E+00 DT= 2.5000E-05 ERR= -0.0% DM/M= 0.0000E+00
 ELAPSED TIME=         69.73 s  REMAINING TIME=          6.08 s
 NC=  368000 T= 9.2000E+00 DT= 2.5000E-05 ERR= -0.0% DM/M= 0.0000E+00
 ELAPSED TIME=         69.76 s  REMAINING TIME=          6.07 s
 NC=  368100 T= 9.2025E+00 DT= 2.5000E-05 ERR= -0.0% DM/M= 0.0000E+00
 ELAPSED TIME=         69.78 s  REMAINING TIME=          6.05 s
 NC=  368200 T= 9.2050E+00 DT= 2.5000E-05 ERR= -0.0% DM/M= 0.0000E+00
 ELAPSED TIME=         69.80 s  REMAINING TIME=          6.03 s
 NC=  368300 T= 9.2075E+00 DT= 2.5000E-05 ERR= -0.0% DM/M= 0.0000E+00
 ELAPSED TIME=         69.83 s  REMAINING TIME=          6.01 s
 NC=  368400 T= 9.2100E+00 DT= 2.5000E-05 ERR= -0.0% DM/M= 0.0000E+00
 ELAPSED TIME=         69.85 s  REMAINING TIME=          5.99 s
 NC=  368500 T= 9.2125E+00 DT= 2.5000E-05 ERR= -0.0% DM/M= 0.0000E+00
 ELAPSED TIME=         69.88 s  REMAINING TIME=          5.97 s
 NC=  368600 T= 9.2150E+00 DT= 2.5000E-05 ERR= -0.0% DM/M= 0.0000E+00
 ELAPSED TIME=         69.90 s  REMAINING TIME=          5.95 s
 NC=  368700 T= 9.2175E+00 DT= 2.5000E-05 ERR= -0.0% DM/M= 0.0000E+00
 ELAPSED TIME=         69.92 s  REMAINING TIME=          5.94 s
 NC=  368800 T= 9.2200E+00 DT= 2.5000E-05 ERR= -0.0% DM/M= 0.0000E+00
 ELAPSED TIME=         69.95 s  REMAINING TIME=          5.92 s
 NC=  368900 T= 9.2225E+00 DT= 2.5000E-05 ERR= -0.0% DM/M= 0.0000E+00
 ELAPSED TIME=         69.97 s  REMAINING TIME=          5.90 s
 NC=  369000 T= 9.2250E+00 DT= 2.5000E-05 ERR= -0.0% DM/M= 0.0000E+00
 ELAPSED TIME=         69.99 s  REMAINING TIME=          5.88 s
 NC=  369100 T= 9.2275E+00 DT= 2.5000E-05 ERR= -0.0% DM/M= 0.0000E+00
 ELAPSED TIME=         70.02 s  REMAINING TIME=          5.86 s
 NC=  369200 T= 9.2300E+00 DT= 2.5000E-05 ERR= -0.0% DM/M= 0.0000E+00
 ELAPSED TIME=         70.04 s  REMAINING TIME=          5.84 s
 NC=  369300 T= 9.2325E+00 DT= 2.5000E-05 ERR= -0.0% DM/M= 0.0000E+00
 ELAPSED TIME=         70.07 s  REMAINING TIME=          5.82 s
 NC=  369400 T= 9.2350E+00 DT= 2.5000E-05 ERR= -0.0% DM/M= 0.0000E+00
 ELAPSED TIME=         70.09 s  REMAINING TIME=          5.81 s
 NC=  369500 T= 9.2375E+00 DT= 2.5000E-05 ERR= -0.0% DM/M= 0.0000E+00
 ELAPSED TIME=         70.11 s  REMAINING TIME=          5.79 s
 NC=  369600 T= 9.2400E+00 DT= 2.5000E-05 ERR= -0.0% DM/M= 0.0000E+00
 ELAPSED TIME=         70.14 s  REMAINING TIME=          5.77 s
 NC=  369700 T= 9.2425E+00 DT= 2.5000E-05 ERR= -0.0% DM/M= 0.0000E+00
 ELAPSED TIME=         70.16 s  REMAINING TIME=          5.75 s
 NC=  369800 T= 9.2450E+00 DT= 2.5000E-05 ERR= -0.0% DM/M= 0.0000E+00
 ELAPSED TIME=         70.19 s  REMAINING TIME=          5.73 s
 NC=  369900 T= 9.2475E+00 DT= 2.5000E-05 ERR= -0.0% DM/M= 0.0000E+00
 ELAPSED TIME=         70.21 s  REMAINING TIME=          5.71 s
 NC=  370000 T= 9.2500E+00 DT= 2.5000E-05 ERR= -0.0% DM/M= 0.0000E+00
 ELAPSED TIME=         70.23 s  REMAINING TIME=          5.69 s
     ANIMATION FILE: A23_w1_REFERENCE_ROTATION_YA038 WRITTEN
 NC=  370100 T= 9.2525E+00 DT= 2.5000E-05 ERR= -0.0% DM/M= 0.0000E+00
 ELAPSED TIME=         70.25 s  REMAINING TIME=          5.68 s
 NC=  370200 T= 9.2550E+00 DT= 2.5000E-05 ERR= -0.0% DM/M= 0.0000E+00
 ELAPSED TIME=         70.27 s  REMAINING TIME=          5.66 s
 NC=  370300 T= 9.2575E+00 DT= 2.5000E-05 ERR= -0.0% DM/M= 0.0000E+00
 ELAPSED TIME=         70.28 s  REMAINING TIME=          5.64 s
 NC=  370400 T= 9.2600E+00 DT= 2.5000E-05 ERR= -0.0% DM/M= 0.0000E+00
 ELAPSED TIME=         70.29 s  REMAINING TIME=          5.62 s
 NC=  370500 T= 9.2625E+00 DT= 2.5000E-05 ERR= -0.0% DM/M= 0.0000E+00
 ELAPSED TIME=         70.31 s  REMAINING TIME=          5.60 s
 NC=  370600 T= 9.2650E+00 DT= 2.5000E-05 ERR= -0.0% DM/M= 0.0000E+00
 ELAPSED TIME=         70.32 s  REMAINING TIME=          5.58 s
 NC=  370700 T= 9.2675E+00 DT= 2.5000E-05 ERR= -0.0% DM/M= 0.0000E+00
 ELAPSED TIME=         70.34 s  REMAINING TIME=          5.56 s
 NC=  370800 T= 9.2700E+00 DT= 2.5000E-05 ERR= -0.0% DM/M= 0.0000E+00
 ELAPSED TIME=         70.35 s  REMAINING TIME=          5.54 s
 NC=  370900 T= 9.2725E+00 DT= 2.5000E-05 ERR= -0.0% DM/M= 0.0000E+00
 ELAPSED TIME=         70.37 s  REMAINING TIME=          5.52 s
 NC=  371000 T= 9.2750E+00 DT= 2.5000E-05 ERR= -0.0% DM/M= 0.0000E+00
 ELAPSED TIME=         70.38 s  REMAINING TIME=          5.50 s
 NC=  371100 T= 9.2775E+00 DT= 2.5000E-05 ERR= -0.0% DM/M= 0.0000E+00
 ELAPSED TIME=         70.39 s  REMAINING TIME=          5.48 s
 NC=  371200 T= 9.2800E+00 DT= 2.5000E-05 ERR= -0.0% DM/M= 0.0000E+00
 ELAPSED TIME=         70.41 s  REMAINING TIME=          5.46 s
 NC=  371300 T= 9.2825E+00 DT= 2.5000E-05 ERR= -0.0% DM/M= 0.0000E+00
 ELAPSED TIME=         70.42 s  REMAINING TIME=          5.44 s
 NC=  371400 T= 9.2850E+00 DT= 2.5000E-05 ERR= -0.0% DM/M= 0.0000E+00
 ELAPSED TIME=         70.44 s  REMAINING TIME=          5.42 s
 NC=  371500 T= 9.2875E+00 DT= 2.5000E-05 ERR= -0.0% DM/M= 0.0000E+00
 ELAPSED TIME=         70.45 s  REMAINING TIME=          5.40 s
 NC=  371600 T= 9.2900E+00 DT= 2.5000E-05 ERR= -0.0% DM/M= 0.0000E+00
 ELAPSED TIME=         70.47 s  REMAINING TIME=          5.39 s
 NC=  371700 T= 9.2925E+00 DT= 2.5000E-05 ERR= -0.0% DM/M= 0.0000E+00
 ELAPSED TIME=         70.48 s  REMAINING TIME=          5.37 s
 NC=  371800 T= 9.2950E+00 DT= 2.5000E-05 ERR= -0.0% DM/M= 0.0000E+00
 ELAPSED TIME=         70.49 s  REMAINING TIME=          5.35 s
 NC=  371900 T= 9.2975E+00 DT= 2.5000E-05 ERR= -0.0% DM/M= 0.0000E+00
 ELAPSED TIME=         70.51 s  REMAINING TIME=          5.33 s
 NC=  372000 T= 9.3000E+00 DT= 2.5000E-05 ERR= -0.0% DM/M= 0.0000E+00
 ELAPSED TIME=         70.52 s  REMAINING TIME=          5.31 s
 NC=  372100 T= 9.3025E+00 DT= 2.5000E-05 ERR= -0.0% DM/M= 0.0000E+00
 ELAPSED TIME=         70.54 s  REMAINING TIME=          5.29 s
 NC=  372200 T= 9.3050E+00 DT= 2.5000E-05 ERR= -0.0% DM/M= 0.0000E+00
 ELAPSED TIME=         70.55 s  REMAINING TIME=          5.27 s
 NC=  372300 T= 9.3075E+00 DT= 2.5000E-05 ERR= -0.0% DM/M= 0.0000E+00
 ELAPSED TIME=         70.57 s  REMAINING TIME=          5.25 s
 NC=  372400 T= 9.3100E+00 DT= 2.5000E-05 ERR= -0.0% DM/M= 0.0000E+00
 ELAPSED TIME=         70.58 s  REMAINING TIME=          5.23 s
 NC=  372500 T= 9.3125E+00 DT= 2.5000E-05 ERR= -0.0% DM/M= 0.0000E+00
 ELAPSED TIME=         70.59 s  REMAINING TIME=          5.21 s
 NC=  372600 T= 9.3150E+00 DT= 2.5000E-05 ERR= -0.0% DM/M= 0.0000E+00
 ELAPSED TIME=         70.61 s  REMAINING TIME=          5.19 s
 NC=  372700 T= 9.3175E+00 DT= 2.5000E-05 ERR= -0.0% DM/M= 0.0000E+00
 ELAPSED TIME=         70.62 s  REMAINING TIME=          5.17 s
 NC=  372800 T= 9.3200E+00 DT= 2.5000E-05 ERR= -0.0% DM/M= 0.0000E+00
 ELAPSED TIME=         70.64 s  REMAINING TIME=          5.15 s
 NC=  372900 T= 9.3225E+00 DT= 2.5000E-05 ERR= -0.0% DM/M= 0.0000E+00
 ELAPSED TIME=         70.65 s  REMAINING TIME=          5.13 s
 NC=  373000 T= 9.3250E+00 DT= 2.5000E-05 ERR= -0.0% DM/M= 0.0000E+00
 ELAPSED TIME=         70.67 s  REMAINING TIME=          5.12 s
 NC=  373100 T= 9.3275E+00 DT= 2.5000E-05 ERR= -0.0% DM/M= 0.0000E+00
 ELAPSED TIME=         70.68 s  REMAINING TIME=          5.10 s
 NC=  373200 T= 9.3300E+00 DT= 2.5000E-05 ERR= -0.0% DM/M= 0.0000E+00
 ELAPSED TIME=         70.69 s  REMAINING TIME=          5.08 s
 NC=  373300 T= 9.3325E+00 DT= 2.5000E-05 ERR= -0.0% DM/M= 0.0000E+00
 ELAPSED TIME=         70.71 s  REMAINING TIME=          5.06 s
 NC=  373400 T= 9.3350E+00 DT= 2.5000E-05 ERR= -0.0% DM/M= 0.0000E+00
 ELAPSED TIME=         70.72 s  REMAINING TIME=          5.04 s
 NC=  373500 T= 9.3375E+00 DT= 2.5000E-05 ERR= -0.0% DM/M= 0.0000E+00
 ELAPSED TIME=         70.74 s  REMAINING TIME=          5.02 s
 NC=  373600 T= 9.3400E+00 DT= 2.5000E-05 ERR= -0.0% DM/M= 0.0000E+00
 ELAPSED TIME=         70.75 s  REMAINING TIME=          5.00 s
 NC=  373700 T= 9.3425E+00 DT= 2.5000E-05 ERR= -0.0% DM/M= 0.0000E+00
 ELAPSED TIME=         70.77 s  REMAINING TIME=          4.98 s
 NC=  373800 T= 9.3450E+00 DT= 2.5000E-05 ERR= -0.0% DM/M= 0.0000E+00
 ELAPSED TIME=         70.78 s  REMAINING TIME=          4.96 s
 NC=  373900 T= 9.3475E+00 DT= 2.5000E-05 ERR= -0.0% DM/M= 0.0000E+00
 ELAPSED TIME=         70.80 s  REMAINING TIME=          4.94 s
 NC=  374000 T= 9.3500E+00 DT= 2.5000E-05 ERR= -0.0% DM/M= 0.0000E+00
 ELAPSED TIME=         70.81 s  REMAINING TIME=          4.92 s
 NC=  374100 T= 9.3525E+00 DT= 2.5000E-05 ERR= -0.0% DM/M= 0.0000E+00
 ELAPSED TIME=         70.82 s  REMAINING TIME=          4.90 s
 NC=  374200 T= 9.3550E+00 DT= 2.5000E-05 ERR= -0.0% DM/M= 0.0000E+00
 ELAPSED TIME=         70.84 s  REMAINING TIME=          4.88 s
 NC=  374300 T= 9.3575E+00 DT= 2.5000E-05 ERR= -0.0% DM/M= 0.0000E+00
 ELAPSED TIME=         70.85 s  REMAINING TIME=          4.86 s
 NC=  374400 T= 9.3600E+00 DT= 2.5000E-05 ERR= -0.0% DM/M= 0.0000E+00
 ELAPSED TIME=         70.87 s  REMAINING TIME=          4.85 s
 NC=  374500 T= 9.3625E+00 DT= 2.5000E-05 ERR= -0.0% DM/M= 0.0000E+00
 ELAPSED TIME=         70.88 s  REMAINING TIME=          4.83 s
 NC=  374600 T= 9.3650E+00 DT= 2.5000E-05 ERR= -0.0% DM/M= 0.0000E+00
 ELAPSED TIME=         70.90 s  REMAINING TIME=          4.81 s
 NC=  374700 T= 9.3675E+00 DT= 2.5000E-05 ERR= -0.0% DM/M= 0.0000E+00
 ELAPSED TIME=         70.91 s  REMAINING TIME=          4.79 s
 NC=  374800 T= 9.3700E+00 DT= 2.5000E-05 ERR= -0.0% DM/M= 0.0000E+00
 ELAPSED TIME=         70.92 s  REMAINING TIME=          4.77 s
 NC=  374900 T= 9.3725E+00 DT= 2.5000E-05 ERR= -0.0% DM/M= 0.0000E+00
 ELAPSED TIME=         70.94 s  REMAINING TIME=          4.75 s
 NC=  375000 T= 9.3750E+00 DT= 2.5000E-05 ERR= -0.0% DM/M= 0.0000E+00
 ELAPSED TIME=         70.95 s  REMAINING TIME=          4.73 s
 NC=  375100 T= 9.3775E+00 DT= 2.5000E-05 ERR= -0.0% DM/M= 0.0000E+00
 ELAPSED TIME=         70.97 s  REMAINING TIME=          4.71 s
 NC=  375200 T= 9.3800E+00 DT= 2.5000E-05 ERR= -0.0% DM/M= 0.0000E+00
 ELAPSED TIME=         70.98 s  REMAINING TIME=          4.69 s
 NC=  375300 T= 9.3825E+00 DT= 2.5000E-05 ERR= -0.0% DM/M= 0.0000E+00
 ELAPSED TIME=         71.00 s  REMAINING TIME=          4.67 s
 NC=  375400 T= 9.3850E+00 DT= 2.5000E-05 ERR= -0.0% DM/M= 0.0000E+00
 ELAPSED TIME=         71.01 s  REMAINING TIME=          4.65 s
 NC=  375500 T= 9.3875E+00 DT= 2.5000E-05 ERR= -0.0% DM/M= 0.0000E+00
 ELAPSED TIME=         71.03 s  REMAINING TIME=          4.63 s
 NC=  375600 T= 9.3900E+00 DT= 2.5000E-05 ERR= -0.0% DM/M= 0.0000E+00
 ELAPSED TIME=         71.04 s  REMAINING TIME=          4.62 s
 NC=  375700 T= 9.3925E+00 DT= 2.5000E-05 ERR= -0.0% DM/M= 0.0000E+00
 ELAPSED TIME=         71.06 s  REMAINING TIME=          4.60 s
 NC=  375800 T= 9.3950E+00 DT= 2.5000E-05 ERR= -0.0% DM/M= 0.0000E+00
 ELAPSED TIME=         71.07 s  REMAINING TIME=          4.58 s
 NC=  375900 T= 9.3975E+00 DT= 2.5000E-05 ERR= -0.0% DM/M= 0.0000E+00
 ELAPSED TIME=         71.08 s  REMAINING TIME=          4.56 s
 NC=  376000 T= 9.4000E+00 DT= 2.5000E-05 ERR= -0.0% DM/M= 0.0000E+00
 ELAPSED TIME=         71.10 s  REMAINING TIME=          4.54 s
 NC=  376100 T= 9.4025E+00 DT= 2.5000E-05 ERR= -0.0% DM/M= 0.0000E+00
 ELAPSED TIME=         71.11 s  REMAINING TIME=          4.52 s
 NC=  376200 T= 9.4050E+00 DT= 2.5000E-05 ERR= -0.0% DM/M= 0.0000E+00
 ELAPSED TIME=         71.13 s  REMAINING TIME=          4.50 s
 NC=  376300 T= 9.4075E+00 DT= 2.5000E-05 ERR= -0.0% DM/M= 0.0000E+00
 ELAPSED TIME=         71.14 s  REMAINING TIME=          4.48 s
 NC=  376400 T= 9.4100E+00 DT= 2.5000E-05 ERR= -0.0% DM/M= 0.0000E+00
 ELAPSED TIME=         71.16 s  REMAINING TIME=          4.46 s
 NC=  376500 T= 9.4125E+00 DT= 2.5000E-05 ERR= -0.0% DM/M= 0.0000E+00
 ELAPSED TIME=         71.17 s  REMAINING TIME=          4.44 s
 NC=  376600 T= 9.4150E+00 DT= 2.5000E-05 ERR= -0.0% DM/M= 0.0000E+00
 ELAPSED TIME=         71.19 s  REMAINING TIME=          4.42 s
 NC=  376700 T= 9.4175E+00 DT= 2.5000E-05 ERR= -0.0% DM/M= 0.0000E+00
 ELAPSED TIME=         71.20 s  REMAINING TIME=          4.40 s
 NC=  376800 T= 9.4200E+00 DT= 2.5000E-05 ERR= -0.0% DM/M= 0.0000E+00
 ELAPSED TIME=         71.21 s  REMAINING TIME=          4.38 s
 NC=  376900 T= 9.4225E+00 DT= 2.5000E-05 ERR= -0.0% DM/M= 0.0000E+00
 ELAPSED TIME=         71.23 s  REMAINING TIME=          4.37 s
 NC=  377000 T= 9.4250E+00 DT= 2.5000E-05 ERR= -0.0% DM/M= 0.0000E+00
 ELAPSED TIME=         71.24 s  REMAINING TIME=          4.35 s
 NC=  377100 T= 9.4275E+00 DT= 2.5000E-05 ERR= -0.0% DM/M= 0.0000E+00
 ELAPSED TIME=         71.26 s  REMAINING TIME=          4.33 s
 NC=  377200 T= 9.4300E+00 DT= 2.5000E-05 ERR= -0.0% DM/M= 0.0000E+00
 ELAPSED TIME=         71.27 s  REMAINING TIME=          4.31 s
 NC=  377300 T= 9.4325E+00 DT= 2.5000E-05 ERR= -0.0% DM/M= 0.0000E+00
 ELAPSED TIME=         71.29 s  REMAINING TIME=          4.29 s
 NC=  377400 T= 9.4350E+00 DT= 2.5000E-05 ERR= -0.0% DM/M= 0.0000E+00
 ELAPSED TIME=         71.30 s  REMAINING TIME=          4.27 s
 NC=  377500 T= 9.4375E+00 DT= 2.5000E-05 ERR= -0.0% DM/M= 0.0000E+00
 ELAPSED TIME=         71.31 s  REMAINING TIME=          4.25 s
 NC=  377600 T= 9.4400E+00 DT= 2.5000E-05 ERR= -0.0% DM/M= 0.0000E+00
 ELAPSED TIME=         71.33 s  REMAINING TIME=          4.23 s
 NC=  377700 T= 9.4425E+00 DT= 2.5000E-05 ERR= -0.0% DM/M= 0.0000E+00
 ELAPSED TIME=         71.34 s  REMAINING TIME=          4.21 s
 NC=  377800 T= 9.4450E+00 DT= 2.5000E-05 ERR= -0.0% DM/M= 0.0000E+00
 ELAPSED TIME=         71.36 s  REMAINING TIME=          4.19 s
 NC=  377900 T= 9.4475E+00 DT= 2.5000E-05 ERR= -0.0% DM/M= 0.0000E+00
 ELAPSED TIME=         71.37 s  REMAINING TIME=          4.17 s
 NC=  378000 T= 9.4500E+00 DT= 2.5000E-05 ERR= -0.0% DM/M= 0.0000E+00
 ELAPSED TIME=         71.40 s  REMAINING TIME=          4.16 s
 NC=  378100 T= 9.4525E+00 DT= 2.5000E-05 ERR= -0.0% DM/M= 0.0000E+00
 ELAPSED TIME=         71.42 s  REMAINING TIME=          4.14 s
 NC=  378200 T= 9.4550E+00 DT= 2.5000E-05 ERR= -0.0% DM/M= 0.0000E+00
 ELAPSED TIME=         71.45 s  REMAINING TIME=          4.12 s
 NC=  378300 T= 9.4575E+00 DT= 2.5000E-05 ERR= -0.0% DM/M= 0.0000E+00
 ELAPSED TIME=         71.47 s  REMAINING TIME=          4.10 s
 NC=  378400 T= 9.4600E+00 DT= 2.5000E-05 ERR= -0.0% DM/M= 0.0000E+00
 ELAPSED TIME=         71.49 s  REMAINING TIME=          4.08 s
 NC=  378500 T= 9.4625E+00 DT= 2.5000E-05 ERR= -0.0% DM/M= 0.0000E+00
 ELAPSED TIME=         71.52 s  REMAINING TIME=          4.06 s
 NC=  378600 T= 9.4650E+00 DT= 2.5000E-05 ERR= -0.0% DM/M= 0.0000E+00
 ELAPSED TIME=         71.54 s  REMAINING TIME=          4.04 s
 NC=  378700 T= 9.4675E+00 DT= 2.5000E-05 ERR= -0.0% DM/M= 0.0000E+00
 ELAPSED TIME=         71.57 s  REMAINING TIME=          4.03 s
 NC=  378800 T= 9.4700E+00 DT= 2.5000E-05 ERR= -0.0% DM/M= 0.0000E+00
 ELAPSED TIME=         71.59 s  REMAINING TIME=          4.01 s
 NC=  378900 T= 9.4725E+00 DT= 2.5000E-05 ERR= -0.0% DM/M= 0.0000E+00
 ELAPSED TIME=         71.61 s  REMAINING TIME=          3.99 s
 NC=  379000 T= 9.4750E+00 DT= 2.5000E-05 ERR= -0.0% DM/M= 0.0000E+00
 ELAPSED TIME=         71.64 s  REMAINING TIME=          3.97 s
 NC=  379100 T= 9.4775E+00 DT= 2.5000E-05 ERR= -0.0% DM/M= 0.0000E+00
 ELAPSED TIME=         71.66 s  REMAINING TIME=          3.95 s
 NC=  379200 T= 9.4800E+00 DT= 2.5000E-05 ERR= -0.0% DM/M= 0.0000E+00
 ELAPSED TIME=         71.69 s  REMAINING TIME=          3.93 s
 NC=  379300 T= 9.4825E+00 DT= 2.5000E-05 ERR= -0.0% DM/M= 0.0000E+00
 ELAPSED TIME=         71.71 s  REMAINING TIME=          3.91 s
 NC=  379400 T= 9.4850E+00 DT= 2.5000E-05 ERR= -0.0% DM/M= 0.0000E+00
 ELAPSED TIME=         71.73 s  REMAINING TIME=          3.89 s
 NC=  379500 T= 9.4875E+00 DT= 2.5000E-05 ERR= -0.0% DM/M= 0.0000E+00
 ELAPSED TIME=         71.76 s  REMAINING TIME=          3.88 s
 NC=  379600 T= 9.4900E+00 DT= 2.5000E-05 ERR= -0.0% DM/M= 0.0000E+00
 ELAPSED TIME=         71.78 s  REMAINING TIME=          3.86 s
 NC=  379700 T= 9.4925E+00 DT= 2.5000E-05 ERR= -0.0% DM/M= 0.0000E+00
 ELAPSED TIME=         71.81 s  REMAINING TIME=          3.84 s
 NC=  379800 T= 9.4950E+00 DT= 2.5000E-05 ERR= -0.0% DM/M= 0.0000E+00
 ELAPSED TIME=         71.83 s  REMAINING TIME=          3.82 s
 NC=  379900 T= 9.4975E+00 DT= 2.5000E-05 ERR= -0.0% DM/M= 0.0000E+00
 ELAPSED TIME=         71.85 s  REMAINING TIME=          3.80 s
 NC=  380000 T= 9.5000E+00 DT= 2.5000E-05 ERR= -0.0% DM/M= 0.0000E+00
 ELAPSED TIME=         71.88 s  REMAINING TIME=          3.78 s
     ANIMATION FILE: A23_w1_REFERENCE_ROTATION_YA039 WRITTEN
 NC=  380100 T= 9.5025E+00 DT= 2.5000E-05 ERR= -0.0% DM/M= 0.0000E+00
 ELAPSED TIME=         71.90 s  REMAINING TIME=          3.76 s
 NC=  380200 T= 9.5050E+00 DT= 2.5000E-05 ERR= -0.0% DM/M= 0.0000E+00
 ELAPSED TIME=         71.93 s  REMAINING TIME=          3.75 s
 NC=  380300 T= 9.5075E+00 DT= 2.5000E-05 ERR= -0.0% DM/M= 0.0000E+00
 ELAPSED TIME=         71.95 s  REMAINING TIME=          3.73 s
 NC=  380400 T= 9.5100E+00 DT= 2.5000E-05 ERR= -0.0% DM/M= 0.0000E+00
 ELAPSED TIME=         71.98 s  REMAINING TIME=          3.71 s
 NC=  380500 T= 9.5125E+00 DT= 2.5000E-05 ERR= -0.0% DM/M= 0.0000E+00
 ELAPSED TIME=         72.00 s  REMAINING TIME=          3.69 s
 NC=  380600 T= 9.5150E+00 DT= 2.5000E-05 ERR= -0.0% DM/M= 0.0000E+00
 ELAPSED TIME=         72.03 s  REMAINING TIME=          3.67 s
 NC=  380700 T= 9.5175E+00 DT= 2.5000E-05 ERR= -0.0% DM/M= 0.0000E+00
 ELAPSED TIME=         72.05 s  REMAINING TIME=          3.65 s
 NC=  380800 T= 9.5200E+00 DT= 2.5000E-05 ERR= -0.0% DM/M= 0.0000E+00
 ELAPSED TIME=         72.07 s  REMAINING TIME=          3.63 s
 NC=  380900 T= 9.5225E+00 DT= 2.5000E-05 ERR= -0.0% DM/M= 0.0000E+00
 ELAPSED TIME=         72.10 s  REMAINING TIME=          3.62 s
 NC=  381000 T= 9.5250E+00 DT= 2.5000E-05 ERR= -0.0% DM/M= 0.0000E+00
 ELAPSED TIME=         72.12 s  REMAINING TIME=          3.60 s
 NC=  381100 T= 9.5275E+00 DT= 2.5000E-05 ERR= -0.0% DM/M= 0.0000E+00
 ELAPSED TIME=         72.15 s  REMAINING TIME=          3.58 s
 NC=  381200 T= 9.5300E+00 DT= 2.5000E-05 ERR= -0.0% DM/M= 0.0000E+00
 ELAPSED TIME=         72.17 s  REMAINING TIME=          3.56 s
 NC=  381300 T= 9.5325E+00 DT= 2.5000E-05 ERR= -0.0% DM/M= 0.0000E+00
 ELAPSED TIME=         72.19 s  REMAINING TIME=          3.54 s
 NC=  381400 T= 9.5350E+00 DT= 2.5000E-05 ERR= -0.0% DM/M= 0.0000E+00
 ELAPSED TIME=         72.22 s  REMAINING TIME=          3.52 s
 NC=  381500 T= 9.5375E+00 DT= 2.5000E-05 ERR= -0.0% DM/M= 0.0000E+00
 ELAPSED TIME=         72.24 s  REMAINING TIME=          3.50 s
 NC=  381600 T= 9.5400E+00 DT= 2.5000E-05 ERR= -0.0% DM/M= 0.0000E+00
 ELAPSED TIME=         72.27 s  REMAINING TIME=          3.48 s
 NC=  381700 T= 9.5425E+00 DT= 2.5000E-05 ERR= -0.0% DM/M= 0.0000E+00
 ELAPSED TIME=         72.29 s  REMAINING TIME=          3.47 s
 NC=  381800 T= 9.5450E+00 DT= 2.5000E-05 ERR= -0.0% DM/M= 0.0000E+00
 ELAPSED TIME=         72.31 s  REMAINING TIME=          3.45 s
 NC=  381900 T= 9.5475E+00 DT= 2.5000E-05 ERR= -0.0% DM/M= 0.0000E+00
 ELAPSED TIME=         72.34 s  REMAINING TIME=          3.43 s
 NC=  382000 T= 9.5500E+00 DT= 2.5000E-05 ERR= -0.0% DM/M= 0.0000E+00
 ELAPSED TIME=         72.36 s  REMAINING TIME=          3.41 s
 NC=  382100 T= 9.5525E+00 DT= 2.5000E-05 ERR= -0.0% DM/M= 0.0000E+00
 ELAPSED TIME=         72.39 s  REMAINING TIME=          3.39 s
 NC=  382200 T= 9.5550E+00 DT= 2.5000E-05 ERR= -0.0% DM/M= 0.0000E+00
 ELAPSED TIME=         72.41 s  REMAINING TIME=          3.37 s
 NC=  382300 T= 9.5575E+00 DT= 2.5000E-05 ERR= -0.0% DM/M= 0.0000E+00
 ELAPSED TIME=         72.43 s  REMAINING TIME=          3.35 s
 NC=  382400 T= 9.5600E+00 DT= 2.5000E-05 ERR= -0.0% DM/M= 0.0000E+00
 ELAPSED TIME=         72.46 s  REMAINING TIME=          3.33 s
 NC=  382500 T= 9.5625E+00 DT= 2.5000E-05 ERR= -0.0% DM/M= 0.0000E+00
 ELAPSED TIME=         72.48 s  REMAINING TIME=          3.32 s
 NC=  382600 T= 9.5650E+00 DT= 2.5000E-05 ERR= -0.0% DM/M= 0.0000E+00
 ELAPSED TIME=         72.51 s  REMAINING TIME=          3.30 s
 NC=  382700 T= 9.5675E+00 DT= 2.5000E-05 ERR= -0.0% DM/M= 0.0000E+00
 ELAPSED TIME=         72.53 s  REMAINING TIME=          3.28 s
 NC=  382800 T= 9.5700E+00 DT= 2.5000E-05 ERR= -0.0% DM/M= 0.0000E+00
 ELAPSED TIME=         72.55 s  REMAINING TIME=          3.26 s
 NC=  382900 T= 9.5725E+00 DT= 2.5000E-05 ERR= -0.0% DM/M= 0.0000E+00
 ELAPSED TIME=         72.58 s  REMAINING TIME=          3.24 s
 NC=  383000 T= 9.5750E+00 DT= 2.5000E-05 ERR= -0.0% DM/M= 0.0000E+00
 ELAPSED TIME=         72.60 s  REMAINING TIME=          3.22 s
 NC=  383100 T= 9.5775E+00 DT= 2.5000E-05 ERR= -0.0% DM/M= 0.0000E+00
 ELAPSED TIME=         72.63 s  REMAINING TIME=          3.20 s
 NC=  383200 T= 9.5800E+00 DT= 2.5000E-05 ERR= -0.0% DM/M= 0.0000E+00
 ELAPSED TIME=         72.65 s  REMAINING TIME=          3.19 s
 NC=  383300 T= 9.5825E+00 DT= 2.5000E-05 ERR= -0.0% DM/M= 0.0000E+00
 ELAPSED TIME=         72.67 s  REMAINING TIME=          3.17 s
 NC=  383400 T= 9.5850E+00 DT= 2.5000E-05 ERR= -0.0% DM/M= 0.0000E+00
 ELAPSED TIME=         72.70 s  REMAINING TIME=          3.15 s
 NC=  383500 T= 9.5875E+00 DT= 2.5000E-05 ERR= -0.0% DM/M= 0.0000E+00
 ELAPSED TIME=         72.72 s  REMAINING TIME=          3.13 s
 NC=  383600 T= 9.5900E+00 DT= 2.5000E-05 ERR= -0.0% DM/M= 0.0000E+00
 ELAPSED TIME=         72.75 s  REMAINING TIME=          3.11 s
 NC=  383700 T= 9.5925E+00 DT= 2.5000E-05 ERR= -0.0% DM/M= 0.0000E+00
 ELAPSED TIME=         72.77 s  REMAINING TIME=          3.09 s
 NC=  383800 T= 9.5950E+00 DT= 2.5000E-05 ERR= -0.0% DM/M= 0.0000E+00
 ELAPSED TIME=         72.80 s  REMAINING TIME=          3.07 s
 NC=  383900 T= 9.5975E+00 DT= 2.5000E-05 ERR= -0.0% DM/M= 0.0000E+00
 ELAPSED TIME=         72.82 s  REMAINING TIME=          3.05 s
 NC=  384000 T= 9.6000E+00 DT= 2.5000E-05 ERR= -0.0% DM/M= 0.0000E+00
 ELAPSED TIME=         72.84 s  REMAINING TIME=          3.04 s
 NC=  384100 T= 9.6025E+00 DT= 2.5000E-05 ERR= -0.0% DM/M= 0.0000E+00
 ELAPSED TIME=         72.87 s  REMAINING TIME=          3.02 s
 NC=  384200 T= 9.6050E+00 DT= 2.5000E-05 ERR= -0.0% DM/M= 0.0000E+00
 ELAPSED TIME=         72.89 s  REMAINING TIME=          3.00 s
 NC=  384300 T= 9.6075E+00 DT= 2.5000E-05 ERR= -0.0% DM/M= 0.0000E+00
 ELAPSED TIME=         72.92 s  REMAINING TIME=          2.98 s
 NC=  384400 T= 9.6100E+00 DT= 2.5000E-05 ERR= -0.0% DM/M= 0.0000E+00
 ELAPSED TIME=         72.94 s  REMAINING TIME=          2.96 s
 NC=  384500 T= 9.6125E+00 DT= 2.5000E-05 ERR= -0.0% DM/M= 0.0000E+00
 ELAPSED TIME=         72.96 s  REMAINING TIME=          2.94 s
 NC=  384600 T= 9.6150E+00 DT= 2.5000E-05 ERR= -0.0% DM/M= 0.0000E+00
 ELAPSED TIME=         72.99 s  REMAINING TIME=          2.92 s
 NC=  384700 T= 9.6175E+00 DT= 2.5000E-05 ERR= -0.0% DM/M= 0.0000E+00
 ELAPSED TIME=         73.01 s  REMAINING TIME=          2.90 s
 NC=  384800 T= 9.6200E+00 DT= 2.5000E-05 ERR= -0.0% DM/M= 0.0000E+00
 ELAPSED TIME=         73.04 s  REMAINING TIME=          2.88 s
 NC=  384900 T= 9.6225E+00 DT= 2.5000E-05 ERR= -0.0% DM/M= 0.0000E+00
 ELAPSED TIME=         73.06 s  REMAINING TIME=          2.87 s
 NC=  385000 T= 9.6250E+00 DT= 2.5000E-05 ERR= -0.0% DM/M= 0.0000E+00
 ELAPSED TIME=         73.08 s  REMAINING TIME=          2.85 s
 NC=  385100 T= 9.6275E+00 DT= 2.5000E-05 ERR= -0.0% DM/M= 0.0000E+00
 ELAPSED TIME=         73.11 s  REMAINING TIME=          2.83 s
 NC=  385200 T= 9.6300E+00 DT= 2.5000E-05 ERR= -0.0% DM/M= 0.0000E+00
 ELAPSED TIME=         73.13 s  REMAINING TIME=          2.81 s
 NC=  385300 T= 9.6325E+00 DT= 2.5000E-05 ERR= -0.0% DM/M= 0.0000E+00
 ELAPSED TIME=         73.16 s  REMAINING TIME=          2.79 s
 NC=  385400 T= 9.6350E+00 DT= 2.5000E-05 ERR= -0.0% DM/M= 0.0000E+00
 ELAPSED TIME=         73.18 s  REMAINING TIME=          2.77 s
 NC=  385500 T= 9.6375E+00 DT= 2.5000E-05 ERR= -0.0% DM/M= 0.0000E+00
 ELAPSED TIME=         73.20 s  REMAINING TIME=          2.75 s
 NC=  385600 T= 9.6400E+00 DT= 2.5000E-05 ERR= -0.0% DM/M= 0.0000E+00
 ELAPSED TIME=         73.23 s  REMAINING TIME=          2.73 s
 NC=  385700 T= 9.6425E+00 DT= 2.5000E-05 ERR= -0.0% DM/M= 0.0000E+00
 ELAPSED TIME=         73.25 s  REMAINING TIME=          2.72 s
 NC=  385800 T= 9.6450E+00 DT= 2.5000E-05 ERR= -0.0% DM/M= 0.0000E+00
 ELAPSED TIME=         73.28 s  REMAINING TIME=          2.70 s
 NC=  385900 T= 9.6475E+00 DT= 2.5000E-05 ERR= -0.0% DM/M= 0.0000E+00
 ELAPSED TIME=         73.30 s  REMAINING TIME=          2.68 s
 NC=  386000 T= 9.6500E+00 DT= 2.5000E-05 ERR= -0.0% DM/M= 0.0000E+00
 ELAPSED TIME=         73.32 s  REMAINING TIME=          2.66 s
 NC=  386100 T= 9.6525E+00 DT= 2.5000E-05 ERR= -0.0% DM/M= 0.0000E+00
 ELAPSED TIME=         73.35 s  REMAINING TIME=          2.64 s
 NC=  386200 T= 9.6550E+00 DT= 2.5000E-05 ERR= -0.0% DM/M= 0.0000E+00
 ELAPSED TIME=         73.37 s  REMAINING TIME=          2.62 s
 NC=  386300 T= 9.6575E+00 DT= 2.5000E-05 ERR= -0.0% DM/M= 0.0000E+00
 ELAPSED TIME=         73.40 s  REMAINING TIME=          2.60 s
 NC=  386400 T= 9.6600E+00 DT= 2.5000E-05 ERR= -0.0% DM/M= 0.0000E+00
 ELAPSED TIME=         73.42 s  REMAINING TIME=          2.58 s
 NC=  386500 T= 9.6625E+00 DT= 2.5000E-05 ERR= -0.0% DM/M= 0.0000E+00
 ELAPSED TIME=         73.44 s  REMAINING TIME=          2.57 s
 NC=  386600 T= 9.6650E+00 DT= 2.5000E-05 ERR= -0.0% DM/M= 0.0000E+00
 ELAPSED TIME=         73.47 s  REMAINING TIME=          2.55 s
 NC=  386700 T= 9.6675E+00 DT= 2.5000E-05 ERR= -0.0% DM/M= 0.0000E+00
 ELAPSED TIME=         73.49 s  REMAINING TIME=          2.53 s
 NC=  386800 T= 9.6700E+00 DT= 2.5000E-05 ERR= -0.0% DM/M= 0.0000E+00
 ELAPSED TIME=         73.52 s  REMAINING TIME=          2.51 s
 NC=  386900 T= 9.6725E+00 DT= 2.5000E-05 ERR= -0.0% DM/M= 0.0000E+00
 ELAPSED TIME=         73.54 s  REMAINING TIME=          2.49 s
 NC=  387000 T= 9.6750E+00 DT= 2.5000E-05 ERR= -0.0% DM/M= 0.0000E+00
 ELAPSED TIME=         73.56 s  REMAINING TIME=          2.47 s
 NC=  387100 T= 9.6775E+00 DT= 2.5000E-05 ERR= -0.0% DM/M= 0.0000E+00
 ELAPSED TIME=         73.59 s  REMAINING TIME=          2.45 s
 NC=  387200 T= 9.6800E+00 DT= 2.5000E-05 ERR= -0.0% DM/M= 0.0000E+00
 ELAPSED TIME=         73.61 s  REMAINING TIME=          2.43 s
 NC=  387300 T= 9.6825E+00 DT= 2.5000E-05 ERR= -0.0% DM/M= 0.0000E+00
 ELAPSED TIME=         73.64 s  REMAINING TIME=          2.41 s
 NC=  387400 T= 9.6850E+00 DT= 2.5000E-05 ERR= -0.0% DM/M= 0.0000E+00
 ELAPSED TIME=         73.66 s  REMAINING TIME=          2.40 s
 NC=  387500 T= 9.6875E+00 DT= 2.5000E-05 ERR= -0.0% DM/M= 0.0000E+00
 ELAPSED TIME=         73.68 s  REMAINING TIME=          2.38 s
 NC=  387600 T= 9.6900E+00 DT= 2.5000E-05 ERR= -0.0% DM/M= 0.0000E+00
 ELAPSED TIME=         73.71 s  REMAINING TIME=          2.36 s
 NC=  387700 T= 9.6925E+00 DT= 2.5000E-05 ERR= -0.0% DM/M= 0.0000E+00
 ELAPSED TIME=         73.73 s  REMAINING TIME=          2.34 s
 NC=  387800 T= 9.6950E+00 DT= 2.5000E-05 ERR= -0.0% DM/M= 0.0000E+00
 ELAPSED TIME=         73.76 s  REMAINING TIME=          2.32 s
 NC=  387900 T= 9.6975E+00 DT= 2.5000E-05 ERR= -0.0% DM/M= 0.0000E+00
 ELAPSED TIME=         73.78 s  REMAINING TIME=          2.30 s
 NC=  388000 T= 9.7000E+00 DT= 2.5000E-05 ERR= -0.0% DM/M= 0.0000E+00
 ELAPSED TIME=         73.80 s  REMAINING TIME=          2.28 s
 NC=  388100 T= 9.7025E+00 DT= 2.5000E-05 ERR= -0.0% DM/M= 0.0000E+00
 ELAPSED TIME=         73.83 s  REMAINING TIME=          2.26 s
 NC=  388200 T= 9.7050E+00 DT= 2.5000E-05 ERR= -0.0% DM/M= 0.0000E+00
 ELAPSED TIME=         73.85 s  REMAINING TIME=          2.24 s
 NC=  388300 T= 9.7075E+00 DT= 2.5000E-05 ERR= -0.0% DM/M= 0.0000E+00
 ELAPSED TIME=         73.88 s  REMAINING TIME=          2.23 s
 NC=  388400 T= 9.7100E+00 DT= 2.5000E-05 ERR= -0.0% DM/M= 0.0000E+00
 ELAPSED TIME=         73.90 s  REMAINING TIME=          2.21 s
 NC=  388500 T= 9.7125E+00 DT= 2.5000E-05 ERR= -0.0% DM/M= 0.0000E+00
 ELAPSED TIME=         73.92 s  REMAINING TIME=          2.19 s
 NC=  388600 T= 9.7150E+00 DT= 2.5000E-05 ERR= -0.0% DM/M= 0.0000E+00
 ELAPSED TIME=         73.95 s  REMAINING TIME=          2.17 s
 NC=  388700 T= 9.7175E+00 DT= 2.5000E-05 ERR= -0.0% DM/M= 0.0000E+00
 ELAPSED TIME=         73.97 s  REMAINING TIME=          2.15 s
 NC=  388800 T= 9.7200E+00 DT= 2.5000E-05 ERR= -0.0% DM/M= 0.0000E+00
 ELAPSED TIME=         74.00 s  REMAINING TIME=          2.13 s
 NC=  388900 T= 9.7225E+00 DT= 2.5000E-05 ERR= -0.0% DM/M= 0.0000E+00
 ELAPSED TIME=         74.02 s  REMAINING TIME=          2.11 s
 NC=  389000 T= 9.7250E+00 DT= 2.5000E-05 ERR= -0.0% DM/M= 0.0000E+00
 ELAPSED TIME=         74.04 s  REMAINING TIME=          2.09 s
 NC=  389100 T= 9.7275E+00 DT= 2.5000E-05 ERR= -0.0% DM/M= 0.0000E+00
 ELAPSED TIME=         74.07 s  REMAINING TIME=          2.07 s
 NC=  389200 T= 9.7300E+00 DT= 2.5000E-05 ERR= -0.0% DM/M= 0.0000E+00
 ELAPSED TIME=         74.09 s  REMAINING TIME=          2.06 s
 NC=  389300 T= 9.7325E+00 DT= 2.5000E-05 ERR= -0.0% DM/M= 0.0000E+00
 ELAPSED TIME=         74.12 s  REMAINING TIME=          2.04 s
 NC=  389400 T= 9.7350E+00 DT= 2.5000E-05 ERR= -0.0% DM/M= 0.0000E+00
 ELAPSED TIME=         74.14 s  REMAINING TIME=          2.02 s
 NC=  389500 T= 9.7375E+00 DT= 2.5000E-05 ERR= -0.0% DM/M= 0.0000E+00
 ELAPSED TIME=         74.16 s  REMAINING TIME=          2.00 s
 NC=  389600 T= 9.7400E+00 DT= 2.5000E-05 ERR= -0.0% DM/M= 0.0000E+00
 ELAPSED TIME=         74.19 s  REMAINING TIME=          1.98 s
 NC=  389700 T= 9.7425E+00 DT= 2.5000E-05 ERR= -0.0% DM/M= 0.0000E+00
 ELAPSED TIME=         74.21 s  REMAINING TIME=          1.96 s
 NC=  389800 T= 9.7450E+00 DT= 2.5000E-05 ERR= -0.0% DM/M= 0.0000E+00
 ELAPSED TIME=         74.24 s  REMAINING TIME=          1.94 s
 NC=  389900 T= 9.7475E+00 DT= 2.5000E-05 ERR= -0.0% DM/M= 0.0000E+00
 ELAPSED TIME=         74.26 s  REMAINING TIME=          1.92 s
 NC=  390000 T= 9.7500E+00 DT= 2.5000E-05 ERR= -0.0% DM/M= 0.0000E+00
 ELAPSED TIME=         74.28 s  REMAINING TIME=          1.90 s
     ANIMATION FILE: A23_w1_REFERENCE_ROTATION_YA040 WRITTEN
 NC=  390100 T= 9.7525E+00 DT= 2.5000E-05 ERR= -0.0% DM/M= 0.0000E+00
 ELAPSED TIME=         74.31 s  REMAINING TIME=          1.89 s
 NC=  390200 T= 9.7550E+00 DT= 2.5000E-05 ERR= -0.0% DM/M= 0.0000E+00
 ELAPSED TIME=         74.33 s  REMAINING TIME=          1.87 s
 NC=  390300 T= 9.7575E+00 DT= 2.5000E-05 ERR= -0.0% DM/M= 0.0000E+00
 ELAPSED TIME=         74.36 s  REMAINING TIME=          1.85 s
 NC=  390400 T= 9.7600E+00 DT= 2.5000E-05 ERR= -0.0% DM/M= 0.0000E+00
 ELAPSED TIME=         74.38 s  REMAINING TIME=          1.83 s
 NC=  390500 T= 9.7625E+00 DT= 2.5000E-05 ERR= -0.0% DM/M= 0.0000E+00
 ELAPSED TIME=         74.40 s  REMAINING TIME=          1.81 s
 NC=  390600 T= 9.7650E+00 DT= 2.5000E-05 ERR= -0.0% DM/M= 0.0000E+00
 ELAPSED TIME=         74.43 s  REMAINING TIME=          1.79 s
 NC=  390700 T= 9.7675E+00 DT= 2.5000E-05 ERR= -0.0% DM/M= 0.0000E+00
 ELAPSED TIME=         74.45 s  REMAINING TIME=          1.77 s
 NC=  390800 T= 9.7700E+00 DT= 2.5000E-05 ERR= -0.0% DM/M= 0.0000E+00
 ELAPSED TIME=         74.48 s  REMAINING TIME=          1.75 s
 NC=  390900 T= 9.7725E+00 DT= 2.5000E-05 ERR= -0.0% DM/M= 0.0000E+00
 ELAPSED TIME=         74.50 s  REMAINING TIME=          1.73 s
 NC=  391000 T= 9.7750E+00 DT= 2.5000E-05 ERR= -0.0% DM/M= 0.0000E+00
 ELAPSED TIME=         74.52 s  REMAINING TIME=          1.72 s
 NC=  391100 T= 9.7775E+00 DT= 2.5000E-05 ERR= -0.0% DM/M= 0.0000E+00
 ELAPSED TIME=         74.55 s  REMAINING TIME=          1.70 s
 NC=  391200 T= 9.7800E+00 DT= 2.5000E-05 ERR= -0.0% DM/M= 0.0000E+00
 ELAPSED TIME=         74.57 s  REMAINING TIME=          1.68 s
 NC=  391300 T= 9.7825E+00 DT= 2.5000E-05 ERR= -0.0% DM/M= 0.0000E+00
 ELAPSED TIME=         74.60 s  REMAINING TIME=          1.66 s
 NC=  391400 T= 9.7850E+00 DT= 2.5000E-05 ERR= -0.0% DM/M= 0.0000E+00
 ELAPSED TIME=         74.62 s  REMAINING TIME=          1.64 s
 NC=  391500 T= 9.7875E+00 DT= 2.5000E-05 ERR= -0.0% DM/M= 0.0000E+00
 ELAPSED TIME=         74.65 s  REMAINING TIME=          1.62 s
 NC=  391600 T= 9.7900E+00 DT= 2.5000E-05 ERR= -0.0% DM/M= 0.0000E+00
 ELAPSED TIME=         74.67 s  REMAINING TIME=          1.60 s
 NC=  391700 T= 9.7925E+00 DT= 2.5000E-05 ERR= -0.0% DM/M= 0.0000E+00
 ELAPSED TIME=         74.69 s  REMAINING TIME=          1.58 s
 NC=  391800 T= 9.7950E+00 DT= 2.5000E-05 ERR= -0.0% DM/M= 0.0000E+00
 ELAPSED TIME=         74.72 s  REMAINING TIME=          1.56 s
 NC=  391900 T= 9.7975E+00 DT= 2.5000E-05 ERR= -0.0% DM/M= 0.0000E+00
 ELAPSED TIME=         74.74 s  REMAINING TIME=          1.54 s
 NC=  392000 T= 9.8000E+00 DT= 2.5000E-05 ERR= -0.0% DM/M= 0.0000E+00
 ELAPSED TIME=         74.77 s  REMAINING TIME=          1.53 s
 NC=  392100 T= 9.8025E+00 DT= 2.5000E-05 ERR= -0.0% DM/M= 0.0000E+00
 ELAPSED TIME=         74.79 s  REMAINING TIME=          1.51 s
 NC=  392200 T= 9.8050E+00 DT= 2.5000E-05 ERR= -0.0% DM/M= 0.0000E+00
 ELAPSED TIME=         74.81 s  REMAINING TIME=          1.49 s
 NC=  392300 T= 9.8075E+00 DT= 2.5000E-05 ERR= -0.0% DM/M= 0.0000E+00
 ELAPSED TIME=         74.84 s  REMAINING TIME=          1.47 s
 NC=  392400 T= 9.8100E+00 DT= 2.5000E-05 ERR= -0.0% DM/M= 0.0000E+00
 ELAPSED TIME=         74.86 s  REMAINING TIME=          1.45 s
 NC=  392500 T= 9.8125E+00 DT= 2.5000E-05 ERR= -0.0% DM/M= 0.0000E+00
 ELAPSED TIME=         74.89 s  REMAINING TIME=          1.43 s
 NC=  392600 T= 9.8150E+00 DT= 2.5000E-05 ERR= -0.0% DM/M= 0.0000E+00
 ELAPSED TIME=         74.91 s  REMAINING TIME=          1.41 s
 NC=  392700 T= 9.8175E+00 DT= 2.5000E-05 ERR= -0.0% DM/M= 0.0000E+00
 ELAPSED TIME=         74.93 s  REMAINING TIME=          1.39 s
 NC=  392800 T= 9.8200E+00 DT= 2.5000E-05 ERR= -0.0% DM/M= 0.0000E+00
 ELAPSED TIME=         74.96 s  REMAINING TIME=          1.37 s
 NC=  392900 T= 9.8225E+00 DT= 2.5000E-05 ERR= -0.0% DM/M= 0.0000E+00
 ELAPSED TIME=         74.98 s  REMAINING TIME=          1.35 s
 NC=  393000 T= 9.8250E+00 DT= 2.5000E-05 ERR= -0.0% DM/M= 0.0000E+00
 ELAPSED TIME=         75.01 s  REMAINING TIME=          1.34 s
 NC=  393100 T= 9.8275E+00 DT= 2.5000E-05 ERR= -0.0% DM/M= 0.0000E+00
 ELAPSED TIME=         75.03 s  REMAINING TIME=          1.32 s
 NC=  393200 T= 9.8300E+00 DT= 2.5000E-05 ERR= -0.0% DM/M= 0.0000E+00
 ELAPSED TIME=         75.05 s  REMAINING TIME=          1.30 s
 NC=  393300 T= 9.8325E+00 DT= 2.5000E-05 ERR= -0.0% DM/M= 0.0000E+00
 ELAPSED TIME=         75.08 s  REMAINING TIME=          1.28 s
 NC=  393400 T= 9.8350E+00 DT= 2.5000E-05 ERR= -0.0% DM/M= 0.0000E+00
 ELAPSED TIME=         75.10 s  REMAINING TIME=          1.26 s
 NC=  393500 T= 9.8375E+00 DT= 2.5000E-05 ERR= -0.0% DM/M= 0.0000E+00
 ELAPSED TIME=         75.13 s  REMAINING TIME=          1.24 s
 NC=  393600 T= 9.8400E+00 DT= 2.5000E-05 ERR= -0.0% DM/M= 0.0000E+00
 ELAPSED TIME=         75.15 s  REMAINING TIME=          1.22 s
 NC=  393700 T= 9.8425E+00 DT= 2.5000E-05 ERR= -0.0% DM/M= 0.0000E+00
 ELAPSED TIME=         75.17 s  REMAINING TIME=          1.20 s
 NC=  393800 T= 9.8450E+00 DT= 2.5000E-05 ERR= -0.0% DM/M= 0.0000E+00
 ELAPSED TIME=         75.20 s  REMAINING TIME=          1.18 s
 NC=  393900 T= 9.8475E+00 DT= 2.5000E-05 ERR= -0.0% DM/M= 0.0000E+00
 ELAPSED TIME=         75.22 s  REMAINING TIME=          1.16 s
 NC=  394000 T= 9.8500E+00 DT= 2.5000E-05 ERR= -0.0% DM/M= 0.0000E+00
 ELAPSED TIME=         75.25 s  REMAINING TIME=          1.15 s
 NC=  394100 T= 9.8525E+00 DT= 2.5000E-05 ERR= -0.0% DM/M= 0.0000E+00
 ELAPSED TIME=         75.27 s  REMAINING TIME=          1.13 s
 NC=  394200 T= 9.8550E+00 DT= 2.5000E-05 ERR= -0.0% DM/M= 0.0000E+00
 ELAPSED TIME=         75.29 s  REMAINING TIME=          1.11 s
 NC=  394300 T= 9.8575E+00 DT= 2.5000E-05 ERR= -0.0% DM/M= 0.0000E+00
 ELAPSED TIME=         75.32 s  REMAINING TIME=          1.09 s
 NC=  394400 T= 9.8600E+00 DT= 2.5000E-05 ERR= -0.0% DM/M= 0.0000E+00
 ELAPSED TIME=         75.34 s  REMAINING TIME=          1.07 s
 NC=  394500 T= 9.8625E+00 DT= 2.5000E-05 ERR= -0.0% DM/M= 0.0000E+00
 ELAPSED TIME=         75.37 s  REMAINING TIME=          1.05 s
 NC=  394600 T= 9.8650E+00 DT= 2.5000E-05 ERR= -0.0% DM/M= 0.0000E+00
 ELAPSED TIME=         75.39 s  REMAINING TIME=          1.03 s
 NC=  394700 T= 9.8675E+00 DT= 2.5000E-05 ERR= -0.0% DM/M= 0.0000E+00
 ELAPSED TIME=         75.41 s  REMAINING TIME=          1.01 s
 NC=  394800 T= 9.8700E+00 DT= 2.5000E-05 ERR= -0.0% DM/M= 0.0000E+00
 ELAPSED TIME=         75.44 s  REMAINING TIME=          0.99 s
 NC=  394900 T= 9.8725E+00 DT= 2.5000E-05 ERR= -0.0% DM/M= 0.0000E+00
 ELAPSED TIME=         75.46 s  REMAINING TIME=          0.97 s
 NC=  395000 T= 9.8750E+00 DT= 2.5000E-05 ERR= -0.0% DM/M= 0.0000E+00
 ELAPSED TIME=         75.49 s  REMAINING TIME=          0.96 s
 NC=  395100 T= 9.8775E+00 DT= 2.5000E-05 ERR= -0.0% DM/M= 0.0000E+00
 ELAPSED TIME=         75.51 s  REMAINING TIME=          0.94 s
 NC=  395200 T= 9.8800E+00 DT= 2.5000E-05 ERR= -0.0% DM/M= 0.0000E+00
 ELAPSED TIME=         75.53 s  REMAINING TIME=          0.92 s
 NC=  395300 T= 9.8825E+00 DT= 2.5000E-05 ERR= -0.0% DM/M= 0.0000E+00
 ELAPSED TIME=         75.56 s  REMAINING TIME=          0.90 s
 NC=  395400 T= 9.8850E+00 DT= 2.5000E-05 ERR= -0.0% DM/M= 0.0000E+00
 ELAPSED TIME=         75.58 s  REMAINING TIME=          0.88 s
 NC=  395500 T= 9.8875E+00 DT= 2.5000E-05 ERR= -0.0% DM/M= 0.0000E+00
 ELAPSED TIME=         75.61 s  REMAINING TIME=          0.86 s
 NC=  395600 T= 9.8900E+00 DT= 2.5000E-05 ERR= -0.0% DM/M= 0.0000E+00
 ELAPSED TIME=         75.63 s  REMAINING TIME=          0.84 s
 NC=  395700 T= 9.8925E+00 DT= 2.5000E-05 ERR= -0.0% DM/M= 0.0000E+00
 ELAPSED TIME=         75.65 s  REMAINING TIME=          0.82 s
 NC=  395800 T= 9.8950E+00 DT= 2.5000E-05 ERR= -0.0% DM/M= 0.0000E+00
 ELAPSED TIME=         75.68 s  REMAINING TIME=          0.80 s
 NC=  395900 T= 9.8975E+00 DT= 2.5000E-05 ERR= -0.0% DM/M= 0.0000E+00
 ELAPSED TIME=         75.70 s  REMAINING TIME=          0.78 s
 NC=  396000 T= 9.9000E+00 DT= 2.5000E-05 ERR= -0.0% DM/M= 0.0000E+00
 ELAPSED TIME=         75.73 s  REMAINING TIME=          0.76 s
 NC=  396100 T= 9.9025E+00 DT= 2.5000E-05 ERR= -0.0% DM/M= 0.0000E+00
 ELAPSED TIME=         75.75 s  REMAINING TIME=          0.75 s
 NC=  396200 T= 9.9050E+00 DT= 2.5000E-05 ERR= -0.0% DM/M= 0.0000E+00
 ELAPSED TIME=         75.77 s  REMAINING TIME=          0.73 s
 NC=  396300 T= 9.9075E+00 DT= 2.5000E-05 ERR= -0.0% DM/M= 0.0000E+00
 ELAPSED TIME=         75.80 s  REMAINING TIME=          0.71 s
 NC=  396400 T= 9.9100E+00 DT= 2.5000E-05 ERR= -0.0% DM/M= 0.0000E+00
 ELAPSED TIME=         75.82 s  REMAINING TIME=          0.69 s
 NC=  396500 T= 9.9125E+00 DT= 2.5000E-05 ERR= -0.0% DM/M= 0.0000E+00
 ELAPSED TIME=         75.85 s  REMAINING TIME=          0.67 s
 NC=  396600 T= 9.9150E+00 DT= 2.5000E-05 ERR= -0.0% DM/M= 0.0000E+00
 ELAPSED TIME=         75.87 s  REMAINING TIME=          0.65 s
 NC=  396700 T= 9.9175E+00 DT= 2.5000E-05 ERR= -0.0% DM/M= 0.0000E+00
 ELAPSED TIME=         75.89 s  REMAINING TIME=          0.63 s
 NC=  396800 T= 9.9200E+00 DT= 2.5000E-05 ERR= -0.0% DM/M= 0.0000E+00
 ELAPSED TIME=         75.92 s  REMAINING TIME=          0.61 s
 NC=  396900 T= 9.9225E+00 DT= 2.5000E-05 ERR= -0.0% DM/M= 0.0000E+00
 ELAPSED TIME=         75.94 s  REMAINING TIME=          0.59 s
 NC=  397000 T= 9.9250E+00 DT= 2.5000E-05 ERR= -0.0% DM/M= 0.0000E+00
 ELAPSED TIME=         75.97 s  REMAINING TIME=          0.57 s
 NC=  397100 T= 9.9275E+00 DT= 2.5000E-05 ERR= -0.0% DM/M= 0.0000E+00
 ELAPSED TIME=         75.99 s  REMAINING TIME=          0.55 s
 NC=  397200 T= 9.9300E+00 DT= 2.5000E-05 ERR= -0.0% DM/M= 0.0000E+00
 ELAPSED TIME=         76.01 s  REMAINING TIME=          0.54 s
 NC=  397300 T= 9.9325E+00 DT= 2.5000E-05 ERR= -0.0% DM/M= 0.0000E+00
 ELAPSED TIME=         76.04 s  REMAINING TIME=          0.52 s
 NC=  397400 T= 9.9350E+00 DT= 2.5000E-05 ERR= -0.0% DM/M= 0.0000E+00
 ELAPSED TIME=         76.06 s  REMAINING TIME=          0.50 s
 NC=  397500 T= 9.9375E+00 DT= 2.5000E-05 ERR= -0.0% DM/M= 0.0000E+00
 ELAPSED TIME=         76.09 s  REMAINING TIME=          0.48 s
 NC=  397600 T= 9.9400E+00 DT= 2.5000E-05 ERR= -0.0% DM/M= 0.0000E+00
 ELAPSED TIME=         76.11 s  REMAINING TIME=          0.46 s
 NC=  397700 T= 9.9425E+00 DT= 2.5000E-05 ERR= -0.0% DM/M= 0.0000E+00
 ELAPSED TIME=         76.13 s  REMAINING TIME=          0.44 s
 NC=  397800 T= 9.9450E+00 DT= 2.5000E-05 ERR= -0.0% DM/M= 0.0000E+00
 ELAPSED TIME=         76.16 s  REMAINING TIME=          0.42 s
 NC=  397900 T= 9.9475E+00 DT= 2.5000E-05 ERR= -0.0% DM/M= 0.0000E+00
 ELAPSED TIME=         76.18 s  REMAINING TIME=          0.40 s
 NC=  398000 T= 9.9500E+00 DT= 2.5000E-05 ERR= -0.0% DM/M= 0.0000E+00
 ELAPSED TIME=         76.21 s  REMAINING TIME=          0.38 s
 NC=  398100 T= 9.9525E+00 DT= 2.5000E-05 ERR= -0.0% DM/M= 0.0000E+00
 ELAPSED TIME=         76.23 s  REMAINING TIME=          0.36 s
 NC=  398200 T= 9.9550E+00 DT= 2.5000E-05 ERR= -0.0% DM/M= 0.0000E+00
 ELAPSED TIME=         76.25 s  REMAINING TIME=          0.34 s
 NC=  398300 T= 9.9575E+00 DT= 2.5000E-05 ERR= -0.0% DM/M= 0.0000E+00
 ELAPSED TIME=         76.28 s  REMAINING TIME=          0.33 s
 NC=  398400 T= 9.9600E+00 DT= 2.5000E-05 ERR= -0.0% DM/M= 0.0000E+00
 ELAPSED TIME=         76.30 s  REMAINING TIME=          0.31 s
 NC=  398500 T= 9.9625E+00 DT= 2.5000E-05 ERR= -0.0% DM/M= 0.0000E+00
 ELAPSED TIME=         76.33 s  REMAINING TIME=          0.29 s
 NC=  398600 T= 9.9650E+00 DT= 2.5000E-05 ERR= -0.0% DM/M= 0.0000E+00
 ELAPSED TIME=         76.35 s  REMAINING TIME=          0.27 s
 NC=  398700 T= 9.9675E+00 DT= 2.5000E-05 ERR= -0.0% DM/M= 0.0000E+00
 ELAPSED TIME=         76.37 s  REMAINING TIME=          0.25 s
 NC=  398800 T= 9.9700E+00 DT= 2.5000E-05 ERR= -0.0% DM/M= 0.0000E+00
 ELAPSED TIME=         76.40 s  REMAINING TIME=          0.23 s
 NC=  398900 T= 9.9725E+00 DT= 2.5000E-05 ERR= -0.0% DM/M= 0.0000E+00
 ELAPSED TIME=         76.42 s  REMAINING TIME=          0.21 s
 NC=  399000 T= 9.9750E+00 DT= 2.5000E-05 ERR= -0.0% DM/M= 0.0000E+00
 ELAPSED TIME=         76.45 s  REMAINING TIME=          0.19 s
 NC=  399100 T= 9.9775E+00 DT= 2.5000E-05 ERR= -0.0% DM/M= 0.0000E+00
 ELAPSED TIME=         76.47 s  REMAINING TIME=          0.17 s
 NC=  399200 T= 9.9800E+00 DT= 2.5000E-05 ERR= -0.1% DM/M= 0.0000E+00
 ELAPSED TIME=         76.49 s  REMAINING TIME=          0.15 s
 NC=  399300 T= 9.9825E+00 DT= 2.5000E-05 ERR= -0.0% DM/M= 0.0000E+00
 ELAPSED TIME=         76.52 s  REMAINING TIME=          0.13 s
 NC=  399400 T= 9.9850E+00 DT= 2.5000E-05 ERR= -0.1% DM/M= 0.0000E+00
 ELAPSED TIME=         76.54 s  REMAINING TIME=          0.11 s
 NC=  399500 T= 9.9875E+00 DT= 2.5000E-05 ERR= -0.0% DM/M= 0.0000E+00
 ELAPSED TIME=         76.57 s  REMAINING TIME=          0.10 s
 NC=  399600 T= 9.9900E+00 DT= 2.5000E-05 ERR= -0.2% DM/M= 0.0000E+00
 ELAPSED TIME=         76.59 s  REMAINING TIME=          0.08 s
 NC=  399700 T= 9.9925E+00 DT= 2.5000E-05 ERR= -0.0% DM/M= 0.0000E+00
 ELAPSED TIME=         76.61 s  REMAINING TIME=          0.06 s
 NC=  399800 T= 9.9950E+00 DT= 2.5000E-05 ERR= -1.0% DM/M= 0.0000E+00
 ELAPSED TIME=         76.64 s  REMAINING TIME=          0.04 s
 NC=  399900 T= 9.9975E+00 DT= 2.5000E-05 ERR= -0.0% DM/M= 0.0000E+00
 ELAPSED TIME=         76.66 s  REMAINING TIME=          0.02 s
     RESTART FILES: A23_w1_REFERENCE_ROTATION_Y_0001_[0001-0001].rst WRITTEN
 NC=  400000 T= 1.0000E+01 DT= 2.5000E-05 ERR= -0.0% DM/M= 0.0000E+00
 ELAPSED TIME=         76.78 s  REMAINING TIME=         -0.00 s
     ANIMATION FILE: A23_w1_REFERENCE_ROTATION_YA041 WRITTEN
  
                           ** CPU USER TIME **
  
  
                        ** SUMMARY **
  
 #PROC  CONTSORT  CONTFOR   ELEMENT   KINCOND   INTEG     IO        T0        ASM       RESOL    
   1   .4484E+01 .1016E+01 .3888E+02 .3453E+01 .1844E+01 .7234E+01 .9672E+01 .1000E+01 .7636E+02
 
                   ** CUMULATIVE CPU TIME SUMMARY **
  
 CONTACT SORTING.............: .4484E+01     5.87 % 
 CONTACT FORCES..............: .1016E+01     1.33 % 
 ELEMENT FORCES..............: .3888E+02    50.91 % 
 KINEMATIC COND..............: .3453E+01     4.52 % 
 INTEGRATION.................: .1844E+01     2.41 % 
 ASSEMBLING..................: .1000E+01     1.31 % 
 OTHERS (including I/O)......: .2569E+02    33.64 % 
 TOTAL.......................: .7636E+02   100.00 % 
  
                   ** MEMORY USAGE STATISTICS **
  
 TOTAL MEMORY USED .........................:       81 MB
 MAXIMUM MEMORY PER PROCESSOR...............:       81 MB
 MINIMUM MEMORY PER PROCESSOR...............:       81 MB
 AVERAGE MEMORY PER PROCESSOR...............:       81 MB
  
                   ** DISK USAGE STATISTICS **
  
 TOTAL DISK SPACE USED .....................:         23 MB
 ANIMATION/H3D/TH/OUTP SIZE ................:          0 MB
 RESTART FILE SIZE .........................:         22 MB
  
 ELAPSED TIME     =         76.78 s
                          0:01:16
  
     NORMAL TERMINATION      
     TOTAL NUMBER OF CYCLES  :  400001
