"time","INTERNAL ENERGY","KINETIC ENERGY","X-MOMENTUM","Y-MOMENTUM","Z-MOMENTUM","MASS","TIME STEP","ROTATION ENERGY","EXTERNAL WORK","SPRING ENERGY","CONTACT ENERGY","HOURGLASS ENERGY","ELASTIC CONTACT ENERGY","FRICTIONAL CONTACT ENERGY","DAMPING CONTACT ENERGY ","PLASTIC WORK","ADDED MASS","PERCENTAGE ADDED MASS","INLET MASS","OUTLET MASS","INLET ENERGY","OUTLET ENERGY","DEFORMABLE_ENGINE_CORE_EQUIVALENT         IE ","DEFORMABLE_ENGINE_CORE_EQUIVALENT         KE ","DEFORMABLE_ENGINE_CORE_EQUIVALENT         ZMOM ","DEFORMABLE_ENGINE_CORE_EQUIVALENT         MASS ","DEFORMABLE_ENGINE_CORE_EQUIVALENT         HE ","DEFORMABLE_ENGINE_CORE_EQUIVALENT         ERODED ","DEFORMABLE_ENGINE_CORE_EQUIVALENT         VZ ","DEFORMABLE_COWLING_EQUIVALENT             IE ","DEFORMABLE_COWLING_EQUIVALENT             KE ","DEFORMABLE_COWLING_EQUIVALENT             ZMOM ","DEFORMABLE_COWLING_EQUIVALENT             MASS ","DEFORMABLE_COWLING_EQUIVALENT             HE ","DEFORMABLE_COWLING_EQUIVALENT             ERODED ","DEFORMABLE_COWLING_EQUIVALENT             VZ ","TH_FACADE_CONTACT                        1 PROJECTILE_TO_FACADE_DEFORMABLE_CONTACT  var 37","TH_CORE_TO_COWLING_CONTACT               2 CORE_NODES_TO_COWLING_SURFACE            var 38","TH_COWLING_TO_CORE_CONTACT               3 COWLING_NODES_TO_CORE_SURFACE            var 39"
0.000000e+00,0.000000e+00,8.938580e+10,0.000000e+00,0.000000e+00,-9.027455e+08,8.368966e+06,3.440544e-03,0.000000e+00,0.000000e+00,0.000000e+00,0.000000e+00,0.000000e+00,0.000000e+00,0.000000e+00,0.000000e+00,0.000000e+00,5.587935e-09,6.676972e-14,0.000000e+00,0.000000e+00,0.000000e+00,0.000000e+00,0.000000e+00,7.058934e+10,-7.129120e+08,3.600002e+06,0.000000e+00,0.000000e+00,-1.980310e+02,0.000000e+00,1.879645e+10,-1.898334e+08,9.586046e+05,0.000000e+00,0.000000e+00,-1.980310e+02,0.000000e+00,0.000000e+00,0.000000e+00
2.064326e-02,0.000000e+00,8.938580e+10,0.000000e+00,0.000000e+00,-9.027455e+08,8.368966e+06,3.440544e-03,0.000000e+00,0.000000e+00,0.000000e+00,0.000000e+00,0.000000e+00,0.000000e+00,0.000000e+00,0.000000e+00,0.000000e+00,5.587935e-09,6.676972e-14,0.000000e+00,0.000000e+00,0.000000e+00,0.000000e+00,0.000000e+00,7.058934e+10,-7.129120e+08,3.600002e+06,0.000000e+00,0.000000e+00,-1.980310e+02,0.000000e+00,1.879645e+10,-1.898334e+08,9.586046e+05,0.000000e+00,0.000000e+00,-1.980310e+02,0.000000e+00,0.000000e+00,0.000000e+00
4.128652e-02,0.000000e+00,8.938580e+10,0.000000e+00,0.000000e+00,-9.027455e+08,8.368966e+06,3.440544e-03,0.000000e+00,0.000000e+00,0.000000e+00,0.000000e+00,0.000000e+00,0.000000e+00,0.000000e+00,0.000000e+00,0.000000e+00,5.587935e-09,6.676972e-14,0.000000e+00,0.000000e+00,0.000000e+00,0.000000e+00,0.000000e+00,7.058934e+10,-7.129120e+08,3.600002e+06,0.000000e+00,0.000000e+00,-1.980310e+02,0.000000e+00,1.879645e+10,-1.898334e+08,9.586046e+05,0.000000e+00,0.000000e+00,-1.980310e+02,0.000000e+00,0.000000e+00,0.000000e+00
6.192978e-02,0.000000e+00,8.938580e+10,0.000000e+00,0.000000e+00,-9.027455e+08,8.368966e+06,3.440544e-03,0.000000e+00,0.000000e+00,0.000000e+00,0.000000e+00,0.000000e+00,0.000000e+00,0.000000e+00,0.000000e+00,0.000000e+00,5.587935e-09,6.676972e-14,0.000000e+00,0.000000e+00,0.000000e+00,0.000000e+00,0.000000e+00,7.058934e+10,-7.129120e+08,3.600002e+06,0.000000e+00,0.000000e+00,-1.980310e+02,0.000000e+00,1.879645e+10,-1.898334e+08,9.586046e+05,0.000000e+00,0.000000e+00,-1.980310e+02,0.000000e+00,0.000000e+00,0.000000e+00
8.257304e-02,0.000000e+00,8.938580e+10,0.000000e+00,0.000000e+00,-9.027455e+08,8.368966e+06,3.440544e-03,0.000000e+00,0.000000e+00,0.000000e+00,0.000000e+00,0.000000e+00,0.000000e+00,0.000000e+00,0.000000e+00,0.000000e+00,5.587935e-09,6.676972e-14,0.000000e+00,0.000000e+00,0.000000e+00,0.000000e+00,0.000000e+00,7.058934e+10,-7.129120e+08,3.600002e+06,0.000000e+00,0.000000e+00,-1.980310e+02,0.000000e+00,1.879645e+10,-1.898334e+08,9.586046e+05,0.000000e+00,0.000000e+00,-1.980310e+02,0.000000e+00,0.000000e+00,0.000000e+00
1.032163e-01,0.000000e+00,8.938580e+10,0.000000e+00,0.000000e+00,-9.027455e+08,8.368966e+06,3.440544e-03,0.000000e+00,0.000000e+00,0.000000e+00,0.000000e+00,0.000000e+00,0.000000e+00,0.000000e+00,0.000000e+00,0.000000e+00,5.587935e-09,6.676972e-14,0.000000e+00,0.000000e+00,0.000000e+00,0.000000e+00,0.000000e+00,7.058934e+10,-7.129120e+08,3.600002e+06,0.000000e+00,0.000000e+00,-1.980310e+02,0.000000e+00,1.879645e+10,-1.898334e+08,9.586046e+05,0.000000e+00,0.000000e+00,-1.980310e+02,0.000000e+00,0.000000e+00,0.000000e+00
1.204190e-01,0.000000e+00,8.938580e+10,0.000000e+00,0.000000e+00,-9.027455e+08,8.368966e+06,3.440544e-03,0.000000e+00,0.000000e+00,0.000000e+00,0.000000e+00,0.000000e+00,0.000000e+00,0.000000e+00,0.000000e+00,0.000000e+00,5.587935e-09,6.676972e-14,0.000000e+00,0.000000e+00,0.000000e+00,0.000000e+00,0.000000e+00,7.058934e+10,-7.129120e+08,3.600002e+06,0.000000e+00,0.000000e+00,-1.980310e+02,0.000000e+00,1.879645e+10,-1.898334e+08,9.586046e+05,0.000000e+00,0.000000e+00,-1.980310e+02,0.000000e+00,0.000000e+00,0.000000e+00
1.410623e-01,0.000000e+00,8.938580e+10,0.000000e+00,0.000000e+00,-9.027455e+08,8.368966e+06,3.440544e-03,0.000000e+00,0.000000e+00,0.000000e+00,0.000000e+00,0.000000e+00,0.000000e+00,0.000000e+00,0.000000e+00,0.000000e+00,5.587935e-09,6.676972e-14,0.000000e+00,0.000000e+00,0.000000e+00,0.000000e+00,0.000000e+00,7.058934e+10,-7.129120e+08,3.600002e+06,0.000000e+00,0.000000e+00,-1.980310e+02,0.000000e+00,1.879645e+10,-1.898334e+08,9.586046e+05,0.000000e+00,0.000000e+00,-1.980310e+02,0.000000e+00,0.000000e+00,0.000000e+00
1.617055e-01,0.000000e+00,8.938580e+10,0.000000e+00,0.000000e+00,-9.027455e+08,8.368966e+06,3.440544e-03,0.000000e+00,0.000000e+00,0.000000e+00,0.000000e+00,0.000000e+00,0.000000e+00,0.000000e+00,0.000000e+00,0.000000e+00,5.587935e-09,6.676972e-14,0.000000e+00,0.000000e+00,0.000000e+00,0.000000e+00,0.000000e+00,7.058934e+10,-7.129120e+08,3.600002e+06,0.000000e+00,0.000000e+00,-1.980310e+02,0.000000e+00,1.879645e+10,-1.898334e+08,9.586046e+05,0.000000e+00,0.000000e+00,-1.980310e+02,0.000000e+00,0.000000e+00,0.000000e+00
1.823488e-01,0.000000e+00,8.938580e+10,0.000000e+00,0.000000e+00,-9.027455e+08,8.368966e+06,3.440544e-03,0.000000e+00,0.000000e+00,0.000000e+00,0.000000e+00,0.000000e+00,0.000000e+00,0.000000e+00,0.000000e+00,0.000000e+00,5.587935e-09,6.676972e-14,0.000000e+00,0.000000e+00,0.000000e+00,0.000000e+00,0.000000e+00,7.058934e+10,-7.129120e+08,3.600002e+06,0.000000e+00,0.000000e+00,-1.980310e+02,0.000000e+00,1.879645e+10,-1.898334e+08,9.586046e+05,0.000000e+00,0.000000e+00,-1.980310e+02,0.000000e+00,0.000000e+00,0.000000e+00
2.029921e-01,0.000000e+00,8.938580e+10,0.000000e+00,0.000000e+00,-9.027455e+08,8.368966e+06,3.440544e-03,0.000000e+00,0.000000e+00,0.000000e+00,0.000000e+00,0.000000e+00,0.000000e+00,0.000000e+00,0.000000e+00,0.000000e+00,5.587935e-09,6.676972e-14,0.000000e+00,0.000000e+00,0.000000e+00,0.000000e+00,0.000000e+00,7.058934e+10,-7.129120e+08,3.600002e+06,0.000000e+00,0.000000e+00,-1.980310e+02,0.000000e+00,1.879645e+10,-1.898334e+08,9.586046e+05,0.000000e+00,0.000000e+00,-1.980310e+02,0.000000e+00,0.000000e+00,0.000000e+00
2.201948e-01,0.000000e+00,8.938580e+10,0.000000e+00,0.000000e+00,-9.027455e+08,8.368966e+06,3.440544e-03,0.000000e+00,0.000000e+00,0.000000e+00,0.000000e+00,0.000000e+00,0.000000e+00,0.000000e+00,0.000000e+00,0.000000e+00,5.587935e-09,6.676972e-14,0.000000e+00,0.000000e+00,0.000000e+00,0.000000e+00,0.000000e+00,7.058934e+10,-7.129120e+08,3.600002e+06,0.000000e+00,0.000000e+00,-1.980310e+02,0.000000e+00,1.879645e+10,-1.898334e+08,9.586046e+05,0.000000e+00,0.000000e+00,-1.980310e+02,0.000000e+00,0.000000e+00,0.000000e+00
2.408380e-01,0.000000e+00,8.938580e+10,0.000000e+00,0.000000e+00,-9.027455e+08,8.368966e+06,3.440544e-03,0.000000e+00,0.000000e+00,0.000000e+00,0.000000e+00,0.000000e+00,0.000000e+00,0.000000e+00,0.000000e+00,0.000000e+00,5.587935e-09,6.676972e-14,0.000000e+00,0.000000e+00,0.000000e+00,0.000000e+00,0.000000e+00,7.058934e+10,-7.129120e+08,3.600002e+06,0.000000e+00,0.000000e+00,-1.980310e+02,0.000000e+00,1.879645e+10,-1.898334e+08,9.586046e+05,0.000000e+00,0.000000e+00,-1.980310e+02,0.000000e+00,0.000000e+00,0.000000e+00
2.614813e-01,0.000000e+00,8.938580e+10,0.000000e+00,0.000000e+00,-9.027455e+08,8.368966e+06,3.440544e-03,0.000000e+00,0.000000e+00,0.000000e+00,0.000000e+00,0.000000e+00,0.000000e+00,0.000000e+00,0.000000e+00,0.000000e+00,5.587935e-09,6.676972e-14,0.000000e+00,0.000000e+00,0.000000e+00,0.000000e+00,0.000000e+00,7.058934e+10,-7.129120e+08,3.600002e+06,0.000000e+00,0.000000e+00,-1.980310e+02,0.000000e+00,1.879645e+10,-1.898334e+08,9.586046e+05,0.000000e+00,0.000000e+00,-1.980310e+02,0.000000e+00,0.000000e+00,0.000000e+00
2.821245e-01,0.000000e+00,8.938580e+10,0.000000e+00,0.000000e+00,-9.027455e+08,8.368966e+06,3.440544e-03,0.000000e+00,0.000000e+00,0.000000e+00,0.000000e+00,0.000000e+00,0.000000e+00,0.000000e+00,0.000000e+00,0.000000e+00,5.587935e-09,6.676972e-14,0.000000e+00,0.000000e+00,0.000000e+00,0.000000e+00,0.000000e+00,7.058934e+10,-7.129120e+08,3.600002e+06,0.000000e+00,0.000000e+00,-1.980310e+02,0.000000e+00,1.879645e+10,-1.898334e+08,9.586046e+05,0.000000e+00,0.000000e+00,-1.980310e+02,0.000000e+00,0.000000e+00,0.000000e+00
3.027678e-01,0.000000e+00,8.938580e+10,0.000000e+00,0.000000e+00,-9.027455e+08,8.368966e+06,3.440544e-03,0.000000e+00,0.000000e+00,0.000000e+00,0.000000e+00,0.000000e+00,0.000000e+00,0.000000e+00,0.000000e+00,0.000000e+00,5.587935e-09,6.676972e-14,0.000000e+00,0.000000e+00,0.000000e+00,0.000000e+00,0.000000e+00,7.058934e+10,-7.129120e+08,3.600002e+06,0.000000e+00,0.000000e+00,-1.980310e+02,0.000000e+00,1.879645e+10,-1.898334e+08,9.586046e+05,0.000000e+00,0.000000e+00,-1.980310e+02,0.000000e+00,0.000000e+00,0.000000e+00
3.234111e-01,0.000000e+00,8.938580e+10,0.000000e+00,0.000000e+00,-9.027455e+08,8.368966e+06,3.440544e-03,0.000000e+00,0.000000e+00,0.000000e+00,0.000000e+00,0.000000e+00,0.000000e+00,0.000000e+00,0.000000e+00,0.000000e+00,5.587935e-09,6.676972e-14,0.000000e+00,0.000000e+00,0.000000e+00,0.000000e+00,0.000000e+00,7.058934e+10,-7.129120e+08,3.600002e+06,0.000000e+00,0.000000e+00,-1.980310e+02,0.000000e+00,1.879645e+10,-1.898334e+08,9.586046e+05,0.000000e+00,0.000000e+00,-1.980310e+02,0.000000e+00,0.000000e+00,0.000000e+00
3.406138e-01,0.000000e+00,8.938580e+10,0.000000e+00,0.000000e+00,-9.027455e+08,8.368966e+06,3.440544e-03,0.000000e+00,0.000000e+00,0.000000e+00,0.000000e+00,0.000000e+00,0.000000e+00,0.000000e+00,0.000000e+00,0.000000e+00,5.587935e-09,6.676972e-14,0.000000e+00,0.000000e+00,0.000000e+00,0.000000e+00,0.000000e+00,7.058934e+10,-7.129120e+08,3.600002e+06,0.000000e+00,0.000000e+00,-1.980310e+02,0.000000e+00,1.879645e+10,-1.898334e+08,9.586046e+05,0.000000e+00,0.000000e+00,-1.980310e+02,0.000000e+00,0.000000e+00,0.000000e+00
3.612571e-01,0.000000e+00,8.938580e+10,0.000000e+00,0.000000e+00,-9.027455e+08,8.368966e+06,3.440544e-03,0.000000e+00,0.000000e+00,0.000000e+00,0.000000e+00,0.000000e+00,0.000000e+00,0.000000e+00,0.000000e+00,0.000000e+00,5.587935e-09,6.676972e-14,0.000000e+00,0.000000e+00,0.000000e+00,0.000000e+00,0.000000e+00,7.058934e+10,-7.129120e+08,3.600002e+06,0.000000e+00,0.000000e+00,-1.980310e+02,0.000000e+00,1.879645e+10,-1.898334e+08,9.586046e+05,0.000000e+00,0.000000e+00,-1.980310e+02,0.000000e+00,0.000000e+00,0.000000e+00
3.819003e-01,0.000000e+00,8.938580e+10,0.000000e+00,0.000000e+00,-9.027455e+08,8.368966e+06,3.440544e-03,0.000000e+00,0.000000e+00,0.000000e+00,0.000000e+00,0.000000e+00,0.000000e+00,0.000000e+00,0.000000e+00,0.000000e+00,5.587935e-09,6.676972e-14,0.000000e+00,0.000000e+00,0.000000e+00,0.000000e+00,0.000000e+00,7.058934e+10,-7.129120e+08,3.600002e+06,0.000000e+00,0.000000e+00,-1.980310e+02,0.000000e+00,1.879645e+10,-1.898334e+08,9.586046e+05,0.000000e+00,0.000000e+00,-1.980310e+02,0.000000e+00,0.000000e+00,0.000000e+00
4.025436e-01,0.000000e+00,8.938580e+10,0.000000e+00,0.000000e+00,-9.027455e+08,8.368966e+06,3.440544e-03,0.000000e+00,0.000000e+00,0.000000e+00,0.000000e+00,0.000000e+00,0.000000e+00,0.000000e+00,0.000000e+00,0.000000e+00,5.587935e-09,6.676972e-14,0.000000e+00,0.000000e+00,0.000000e+00,0.000000e+00,0.000000e+00,7.058934e+10,-7.129120e+08,3.600002e+06,0.000000e+00,0.000000e+00,-1.980310e+02,0.000000e+00,1.879645e+10,-1.898334e+08,9.586046e+05,0.000000e+00,0.000000e+00,-1.980310e+02,0.000000e+00,0.000000e+00,0.000000e+00
4.231868e-01,0.000000e+00,8.938580e+10,0.000000e+00,0.000000e+00,-9.027455e+08,8.368966e+06,3.440544e-03,0.000000e+00,0.000000e+00,0.000000e+00,0.000000e+00,0.000000e+00,0.000000e+00,0.000000e+00,0.000000e+00,0.000000e+00,5.587935e-09,6.676972e-14,0.000000e+00,0.000000e+00,0.000000e+00,0.000000e+00,0.000000e+00,7.058934e+10,-7.129120e+08,3.600002e+06,0.000000e+00,0.000000e+00,-1.980310e+02,0.000000e+00,1.879645e+10,-1.898334e+08,9.586046e+05,0.000000e+00,0.000000e+00,-1.980310e+02,0.000000e+00,0.000000e+00,0.000000e+00
4.421221e-01,1.310898e+06,8.893864e+10,-4.746425e-12,1.046274e-12,-9.027455e+08,8.368966e+06,2.551381e-03,1.334567e+05,0.000000e+00,0.000000e+00,3.030987e+08,0.000000e+00,3.030987e+08,0.000000e+00,0.000000e+00,0.000000e+00,5.587935e-09,6.676972e-14,0.000000e+00,0.000000e+00,0.000000e+00,0.000000e+00,0.000000e+00,7.058934e+10,-7.129120e+08,3.600002e+06,0.000000e+00,0.000000e+00,-1.980310e+02,7.339744e+05,1.841544e+10,-1.876174e+08,9.586046e+05,3.487540e+03,0.000000e+00,-1.957193e+02,-4.288966e+06,0.000000e+00,0.000000e+00
4.606020e-01,1.103066e+08,8.878408e+10,-1.926887e-11,1.577406e-11,-9.027455e+08,8.368966e+06,3.008707e-03,6.746901e+07,0.000000e+00,0.000000e+00,1.909969e+08,0.000000e+00,1.909969e+08,0.000000e+00,0.000000e+00,5.012360e+07,5.587935e-09,6.676972e-14,0.000000e+00,0.000000e+00,0.000000e+00,0.000000e+00,0.000000e+00,7.058934e+10,-7.129120e+08,3.600002e+06,0.000000e+00,0.000000e+00,-1.980310e+02,7.246312e+07,1.737449e+10,-1.761725e+08,9.586046e+05,9.391223e+04,0.000000e+00,-1.837802e+02,-1.468444e+07,0.000000e+00,0.000000e+00
4.827117e-01,3.690372e+08,8.870220e+10,2.547573e-11,-3.548879e-11,-9.027455e+08,8.368966e+06,3.261948e-03,5.063079e+07,0.000000e+00,0.000000e+00,3.179582e+05,0.000000e+00,3.179582e+05,0.000000e+00,0.000000e+00,2.448761e+08,5.587935e-09,6.676972e-14,0.000000e+00,0.000000e+00,0.000000e+00,0.000000e+00,0.000000e+00,7.058934e+10,-7.129120e+08,3.600002e+06,0.000000e+00,0.000000e+00,-1.980310e+02,2.549602e+08,1.718375e+10,-1.743567e+08,9.586046e+05,3.920363e+05,0.000000e+00,-1.818860e+02,-1.567318e+07,0.000000e+00,0.000000e+00
5.022199e-01,5.320227e+08,8.852856e+10,6.049029e-11,2.856699e-11,-9.027455e+08,8.368966e+06,3.229852e-03,6.016234e+07,0.000000e+00,0.000000e+00,8.452199e+05,0.000000e+00,8.452199e+05,0.000000e+00,0.000000e+00,3.663583e+08,5.587935e-09,6.676972e-14,0.000000e+00,0.000000e+00,0.000000e+00,0.000000e+00,0.000000e+00,7.058934e+10,-7.129120e+08,3.600002e+06,0.000000e+00,0.000000e+00,-1.980310e+02,3.592996e+08,1.705592e+10,-1.743226e+08,9.586046e+05,7.267767e+05,0.000000e+00,-1.818504e+02,-1.571265e+07,0.000000e+00,0.000000e+00
5.215213e-01,6.334642e+08,8.840204e+10,1.222867e-10,1.096529e-10,-9.027455e+08,8.368966e+06,3.207038e-03,8.195802e+07,0.000000e+00,0.000000e+00,3.084586e+06,0.000000e+00,3.084586e+06,0.000000e+00,0.000000e+00,4.496046e+08,5.587935e-09,6.676972e-14,0.000000e+00,0.000000e+00,0.000000e+00,0.000000e+00,0.000000e+00,7.058934e+10,-7.129120e+08,3.600002e+06,0.000000e+00,0.000000e+00,-1.980310e+02,4.145090e+08,1.698549e+10,-1.742347e+08,9.586046e+05,1.086866e+06,0.000000e+00,-1.817587e+02,-1.580948e+07,0.000000e+00,0.000000e+00
5.407376e-01,7.085468e+08,8.835555e+10,-1.065632e-10,1.180389e-10,-9.027455e+08,8.368966e+06,3.198921e-03,5.080382e+07,0.000000e+00,0.000000e+00,4.470534e+06,0.000000e+00,4.470534e+06,0.000000e+00,0.000000e+00,5.111392e+08,5.587935e-09,6.676972e-14,0.000000e+00,0.000000e+00,0.000000e+00,0.000000e+00,0.000000e+00,7.058934e+10,-7.129120e+08,3.600002e+06,0.000000e+00,0.000000e+00,-1.980310e+02,4.516401e+08,1.694606e+10,-1.741003e+08,9.490588e+05,1.486391e+06,7.600000e+01,-1.834452e+02,-1.595147e+07,0.000000e+00,0.000000e+00
5.631087e-01,7.796108e+08,8.827384e+10,1.702163e-10,-1.897233e-10,-9.027455e+08,8.368966e+06,3.193441e-03,6.302400e+07,0.000000e+00,0.000000e+00,2.308314e+06,0.000000e+00,2.308314e+06,0.000000e+00,0.000000e+00,5.681847e+08,5.587935e-09,6.676972e-14,0.000000e+00,0.000000e+00,0.000000e+00,0.000000e+00,0.000000e+00,7.058934e+10,-7.129120e+08,3.600002e+06,0.000000e+00,0.000000e+00,-1.980310e+02,4.852666e+08,1.688789e+10,-1.739398e+08,9.480539e+05,1.950556e+06,8.400000e+01,-1.834703e+02,-1.610148e+07,0.000000e+00,0.000000e+00
5.813749e-01,8.231154e+08,8.822932e+10,-8.813689e-11,9.945331e-11,-9.027455e+08,8.368966e+06,3.023828e-03,6.014759e+07,0.000000e+00,0.000000e+00,4.484448e+06,0.000000e+00,4.484448e+06,0.000000e+00,0.000000e+00,6.051652e+08,5.587935e-09,6.676972e-14,0.000000e+00,0.000000e+00,0.000000e+00,0.000000e+00,0.000000e+00,7.058934e+10,-7.129120e+08,3.600002e+06,0.000000e+00,0.000000e+00,-1.980310e+02,5.035783e+08,1.686308e+10,-1.737573e+08,9.480539e+05,2.313606e+06,8.400000e+01,-1.832779e+02,-1.633204e+07,0.000000e+00,0.000000e+00
6.025965e-01,8.701031e+08,8.819414e+10,1.642200e-10,2.643511e-10,-9.027455e+08,8.368966e+06,3.142871e-03,4.888612e+07,0.000000e+00,0.000000e+00,3.055126e+06,0.000000e+00,3.055126e+06,0.000000e+00,0.000000e+00,6.482233e+08,5.587935e-09,6.676972e-14,0.000000e+00,0.000000e+00,0.000000e+00,0.000000e+00,0.000000e+00,7.058934e+10,-7.129120e+08,3.600002e+06,0.000000e+00,0.000000e+00,-1.980310e+02,5.197307e+08,1.680855e+10,-1.733103e+08,9.465467e+05,2.742521e+06,9.600000e+01,-1.830975e+02,-1.675772e+07,0.000000e+00,0.000000e+00
6.215302e-01,9.141924e+08,8.814427e+10,-1.849145e-10,1.216936e-10,-9.027455e+08,8.368966e+06,3.162366e-03,5.626936e+07,0.000000e+00,0.000000e+00,8.778571e+05,0.000000e+00,8.778571e+05,0.000000e+00,0.000000e+00,6.867453e+08,5.587935e-09,6.676972e-14,0.000000e+00,0.000000e+00,0.000000e+00,0.000000e+00,0.000000e+00,7.058934e+10,-7.129120e+08,3.600002e+06,0.000000e+00,0.000000e+00,-1.980310e+02,5.334606e+08,1.677970e+10,-1.731444e+08,9.465467e+05,3.127296e+06,9.600000e+01,-1.829222e+02,-1.689570e+07,0.000000e+00,0.000000e+00
6.404862e-01,9.600111e+08,8.811225e+10,-3.894293e-10,-6.211089e-11,-9.027455e+08,8.368966e+06,3.159693e-03,4.249391e+07,0.000000e+00,0.000000e+00,5.688303e+05,0.000000e+00,5.688303e+05,0.000000e+00,0.000000e+00,7.242812e+08,5.587935e-09,6.676972e-14,0.000000e+00,0.000000e+00,0.000000e+00,0.000000e+00,0.000000e+00,7.058934e+10,-7.129120e+08,3.600002e+06,0.000000e+00,0.000000e+00,-1.980310e+02,5.491603e+08,1.676822e+10,-1.730685e+08,9.465467e+05,3.465672e+06,9.600000e+01,-1.828421e+02,-1.696629e+07,0.000000e+00,0.000000e+00
6.625847e-01,1.007992e+09,8.806562e+10,1.824487e-10,1.788148e-10,-9.027455e+08,8.368966e+06,3.148272e-03,4.007249e+07,0.000000e+00,0.000000e+00,7.709202e+05,0.000000e+00,7.709202e+05,0.000000e+00,0.000000e+00,7.662996e+08,5.587935e-09,6.676972e-14,0.000000e+00,0.000000e+00,0.000000e+00,0.000000e+00,0.000000e+00,7.058934e+10,-7.129120e+08,3.600002e+06,0.000000e+00,0.000000e+00,-1.980310e+02,5.623444e+08,1.674492e+10,-1.729910e+08,9.465467e+05,3.853810e+06,9.600000e+01,-1.827601e+02,-1.704679e+07,0.000000e+00,0.000000e+00
6.808419e-01,1.048948e+09,8.802375e+10,-3.908884e-11,3.982190e-11,-9.027455e+08,8.368966e+06,2.912039e-03,3.902209e+07,0.000000e+00,0.000000e+00,2.055374e+06,0.000000e+00,2.055374e+06,0.000000e+00,0.000000e+00,8.002548e+08,5.587935e-09,6.676972e-14,0.000000e+00,0.000000e+00,0.000000e+00,0.000000e+00,0.000000e+00,7.058934e+10,-7.129120e+08,3.600002e+06,0.000000e+00,0.000000e+00,-1.980310e+02,5.744753e+08,1.672712e+10,-1.728755e+08,9.460442e+05,4.167352e+06,1.000000e+02,-1.827351e+02,-1.717367e+07,0.000000e+00,0.000000e+00
7.012210e-01,1.096165e+09,8.798209e+10,-4.647611e-10,3.288345e-10,-9.027455e+08,8.368966e+06,2.910242e-03,3.245813e+07,0.000000e+00,0.000000e+00,2.435601e+06,0.000000e+00,2.435601e+06,0.000000e+00,0.000000e+00,8.391645e+08,5.587935e-09,6.676972e-14,0.000000e+00,0.000000e+00,0.000000e+00,0.000000e+00,0.000000e+00,7.058934e+10,-7.129120e+08,3.600002e+06,0.000000e+00,0.000000e+00,-1.980310e+02,5.910599e+08,1.670333e+10,-1.727135e+08,9.460442e+05,4.499504e+06,1.000000e+02,-1.825638e+02,-1.733464e+07,0.000000e+00,0.000000e+00
7.221208e-01,1.141438e+09,8.793885e+10,1.815441e-10,-6.640326e-10,-9.027455e+08,8.368966e+06,3.032199e-03,3.090814e+07,0.000000e+00,0.000000e+00,1.388108e+06,0.000000e+00,1.388108e+06,0.000000e+00,0.000000e+00,8.754547e+08,5.587935e-09,6.676972e-14,0.000000e+00,0.000000e+00,0.000000e+00,0.000000e+00,0.000000e+00,7.058934e+10,-7.129120e+08,3.600002e+06,0.000000e+00,0.000000e+00,-1.980310e+02,6.074330e+08,1.668049e+10,-1.725771e+08,9.460442e+05,4.816566e+06,1.000000e+02,-1.824196e+02,-1.746297e+07,0.000000e+00,0.000000e+00
7.401921e-01,1.174835e+09,8.790593e+10,-8.413087e-10,1.769345e-10,-9.027455e+08,8.368966e+06,2.900364e-03,3.028666e+07,0.000000e+00,0.000000e+00,9.233926e+05,0.000000e+00,9.233926e+05,0.000000e+00,0.000000e+00,9.041158e+08,5.587935e-09,6.676972e-14,0.000000e+00,0.000000e+00,0.000000e+00,0.000000e+00,0.000000e+00,7.058934e+10,-7.129120e+08,3.600002e+06,0.000000e+00,0.000000e+00,-1.980310e+02,6.173596e+08,1.666696e+10,-1.725008e+08,9.455418e+05,5.078364e+06,1.040000e+02,-1.824360e+02,-1.753580e+07,0.000000e+00,0.000000e+00
7.604778e-01,1.208571e+09,8.787251e+10,-6.510777e-10,-2.351570e-10,-9.027455e+08,8.368966e+06,2.895411e-03,2.862361e+07,0.000000e+00,0.000000e+00,1.540352e+06,0.000000e+00,1.540352e+06,0.000000e+00,0.000000e+00,9.329730e+08,5.587935e-09,6.676972e-14,0.000000e+00,0.000000e+00,0.000000e+00,0.000000e+00,0.000000e+00,7.058934e+10,-7.129120e+08,3.600002e+06,0.000000e+00,0.000000e+00,-1.980310e+02,6.266246e+08,1.665394e+10,-1.724129e+08,9.455418e+05,5.349784e+06,1.040000e+02,-1.823429e+02,-1.762971e+07,0.000000e+00,0.000000e+00
7.807294e-01,1.241074e+09,8.783743e+10,1.625346e-09,4.128340e-10,-9.027455e+08,8.368966e+06,2.888505e-03,3.057789e+07,0.000000e+00,0.000000e+00,1.332169e+06,0.000000e+00,1.332169e+06,0.000000e+00,0.000000e+00,9.611304e+08,5.587935e-09,6.676972e-14,0.000000e+00,0.000000e+00,0.000000e+00,0.000000e+00,0.000000e+00,7.058934e+10,-7.129120e+08,3.600002e+06,0.000000e+00,0.000000e+00,-1.980310e+02,6.377578e+08,1.663507e+10,-1.722951e+08,9.450394e+05,5.616462e+06,1.080000e+02,-1.823153e+02,-1.774327e+07,0.000000e+00,0.000000e+00
8.009237e-01,1.268771e+09,8.781105e+10,2.411152e-10,6.142236e-10,-9.027455e+08,8.368966e+06,2.880959e-03,2.881144e+07,0.000000e+00,0.000000e+00,1.280536e+06,0.000000e+00,1.280536e+06,0.000000e+00,0.000000e+00,9.863597e+08,5.587935e-09,6.676972e-14,0.000000e+00,0.000000e+00,0.000000e+00,0.000000e+00,0.000000e+00,7.058934e+10,-7.129120e+08,3.600002e+06,0.000000e+00,0.000000e+00,-1.980310e+02,6.475235e+08,1.662258e+10,-1.721648e+08,9.440346e+05,5.854792e+06,1.160000e+02,-1.823713e+02,-1.788733e+07,0.000000e+00,0.000000e+00
8.210371e-01,1.293096e+09,8.778620e+10,-4.190100e-10,1.020012e-09,-9.027455e+08,8.368966e+06,2.933787e-03,2.529838e+07,0.000000e+00,0.000000e+00,3.477145e+06,0.000000e+00,3.477145e+06,0.000000e+00,0.000000e+00,1.009871e+09,5.587935e-09,6.676972e-14,0.000000e+00,0.000000e+00,0.000000e+00,0.000000e+00,0.000000e+00,7.058934e+10,-7.129120e+08,3.600002e+06,0.000000e+00,0.000000e+00,-1.980310e+02,6.535793e+08,1.660324e+10,-1.719227e+08,9.440346e+05,6.086258e+06,1.160000e+02,-1.821148e+02,-1.814408e+07,0.000000e+00,0.000000e+00
8.416821e-01,1.323950e+09,8.774933e+10,-7.940774e-10,4.658220e-10,-9.027455e+08,8.368966e+06,2.951062e-03,3.050696e+07,0.000000e+00,0.000000e+00,2.644376e+06,0.000000e+00,2.644376e+06,0.000000e+00,0.000000e+00,1.036141e+09,5.587935e-09,6.676972e-14,0.000000e+00,0.000000e+00,0.000000e+00,0.000000e+00,0.000000e+00,7.058934e+10,-7.129120e+08,3.600002e+06,0.000000e+00,0.000000e+00,-1.980310e+02,6.653812e+08,1.657686e+10,-1.717289e+08,9.435322e+05,6.354078e+06,1.200000e+02,-1.820065e+02,-1.832064e+07,0.000000e+00,0.000000e+00
8.621882e-01,1.357510e+09,8.772189e+10,-3.900356e-10,5.423573e-10,-9.027455e+08,8.368966e+06,2.954032e-03,2.471680e+07,0.000000e+00,0.000000e+00,1.659810e+06,0.000000e+00,1.659810e+06,0.000000e+00,0.000000e+00,1.064707e+09,5.587935e-09,6.676972e-14,0.000000e+00,0.000000e+00,0.000000e+00,0.000000e+00,0.000000e+00,7.058934e+10,-7.129120e+08,3.600002e+06,0.000000e+00,0.000000e+00,-1.980310e+02,6.795510e+08,1.655827e+10,-1.715662e+08,9.435322e+05,6.622822e+06,1.200000e+02,-1.818340e+02,-1.847520e+07,0.000000e+00,0.000000e+00
8.829577e-01,1.384239e+09,8.769368e+10,1.899600e-09,3.239805e-09,-9.027455e+08,8.368966e+06,2.950258e-03,2.499521e+07,0.000000e+00,0.000000e+00,1.740265e+06,0.000000e+00,1.740265e+06,0.000000e+00,0.000000e+00,1.091673e+09,5.587935e-09,6.676972e-14,0.000000e+00,0.000000e+00,0.000000e+00,0.000000e+00,0.000000e+00,7.058934e+10,-7.129120e+08,3.600002e+06,0.000000e+00,0.000000e+00,-1.980310e+02,6.899085e+08,1.653806e+10,-1.714736e+08,9.435322e+05,6.858758e+06,1.200000e+02,-1.817359e+02,-1.857879e+07,0.000000e+00,0.000000e+00
9.007608e-01,1.407272e+09,8.760095e+10,5.486029e-10,1.088466e-09,-9.027455e+08,8.368966e+06,3.003650e-03,3.064165e+07,0.000000e+00,0.000000e+00,5.256542e+07,0.000000e+00,5.256542e+07,0.000000e+00,0.000000e+00,1.114100e+09,5.587935e-09,6.676972e-14,0.000000e+00,0.000000e+00,0.000000e+00,0.000000e+00,0.000000e+00,7.058934e+10,-7.129120e+08,3.600002e+06,0.000000e+00,0.000000e+00,-1.980310e+02,6.988534e+08,1.643236e+10,-1.708391e+08,9.435322e+05,7.043418e+06,1.200000e+02,-1.810634e+02,-1.939996e+07,0.000000e+00,0.000000e+00
9.217039e-01,1.499746e+09,8.753543e+10,-1.030855e-10,2.499405e-09,-9.027455e+08,8.368966e+06,2.937867e-03,3.519481e+07,0.000000e+00,0.000000e+00,1.807086e+07,0.000000e+00,1.807086e+07,0.000000e+00,0.000000e+00,1.190642e+09,5.587935e-09,6.676972e-14,0.000000e+00,0.000000e+00,0.000000e+00,0.000000e+00,0.000000e+00,7.058934e+10,-7.129120e+08,3.600002e+06,0.000000e+00,0.000000e+00,-1.980310e+02,7.656347e+08,1.626089e+10,-1.694535e+08,9.425274e+05,7.276367e+06,1.280000e+02,-1.797862e+02,-2.067828e+07,0.000000e+00,0.000000e+00
9.422688e-01,1.612797e+09,8.743642e+10,-2.336492e-09,-3.682317e-09,-9.027455e+08,8.368966e+06,2.937647e-03,3.147209e+07,0.000000e+00,0.000000e+00,4.732984e+06,0.000000e+00,4.732984e+06,0.000000e+00,0.000000e+00,1.278325e+09,5.587935e-09,6.676972e-14,0.000000e+00,0.000000e+00,0.000000e+00,0.000000e+00,0.000000e+00,7.058934e+10,-7.129120e+08,3.600002e+06,0.000000e+00,0.000000e+00,-1.980310e+02,8.492218e+08,1.614347e+10,-1.690657e+08,9.425274e+05,7.527370e+06,1.280000e+02,-1.793748e+02,-2.098561e+07,0.000000e+00,0.000000e+00
9.628348e-01,1.685429e+09,8.736227e+10,3.461196e-10,1.095884e-09,-9.027455e+08,8.368966e+06,2.936276e-03,3.397916e+07,0.000000e+00,0.000000e+00,2.387142e+06,0.000000e+00,2.387142e+06,0.000000e+00,0.000000e+00,1.332710e+09,5.587935e-09,6.676972e-14,0.000000e+00,0.000000e+00,0.000000e+00,0.000000e+00,0.000000e+00,7.058934e+10,-7.129120e+08,3.600002e+06,0.000000e+00,0.000000e+00,-1.980310e+02,8.949058e+08,1.608382e+10,-1.689306e+08,9.415225e+05,7.790178e+06,1.360000e+02,-1.794228e+02,-2.111519e+07,0.000000e+00,0.000000e+00
9.804362e-01,1.729458e+09,8.731217e+10,1.480316e-09,5.603056e-10,-9.027455e+08,8.368966e+06,2.933879e-03,2.885337e+07,0.000000e+00,0.000000e+00,1.058958e+07,0.000000e+00,1.058958e+07,0.000000e+00,0.000000e+00,1.364547e+09,5.587935e-09,6.676972e-14,0.000000e+00,0.000000e+00,0.000000e+00,0.000000e+00,0.000000e+00,7.058934e+10,-7.129120e+08,3.600002e+06,0.000000e+00,0.000000e+00,-1.980310e+02,9.175399e+08,1.602281e+10,-1.686296e+08,9.375032e+05,7.980637e+06,1.680000e+02,-1.798709e+02,-2.146915e+07,0.000000e+00,0.000000e+00
1.000965e+00,1.779965e+09,8.725837e+10,-2.874856e-09,4.147296e-10,-9.027455e+08,8.368966e+06,2.930543e-03,3.357578e+07,0.000000e+00,0.000000e+00,3.616754e+06,0.000000e+00,3.616754e+06,0.000000e+00,0.000000e+00,1.404887e+09,5.587935e-09,6.676972e-14,0.000000e+00,0.000000e+00,0.000000e+00,0.000000e+00,0.000000e+00,7.058934e+10,-7.129120e+08,3.600002e+06,0.000000e+00,0.000000e+00,-1.980310e+02,9.445834e+08,1.593127e+10,-1.681162e+08,9.370008e+05,8.159109e+06,1.720000e+02,-1.794195e+02,-2.193628e+07,0.000000e+00,0.000000e+00
1.021475e+00,1.821462e+09,8.721830e+10,-2.631850e-11,2.951424e-09,-9.027455e+08,8.368966e+06,2.717859e-03,3.150663e+07,0.000000e+00,0.000000e+00,1.952730e+06,0.000000e+00,1.952730e+06,0.000000e+00,0.000000e+00,1.440726e+09,5.587935e-09,6.676972e-14,0.000000e+00,0.000000e+00,0.000000e+00,0.000000e+00,0.000000e+00,7.058934e+10,-7.129120e+08,3.600002e+06,0.000000e+00,0.000000e+00,-1.980310e+02,9.642117e+08,1.590032e+10,-1.679769e+08,9.334839e+05,8.353936e+06,2.000000e+02,-1.799462e+02,-2.206732e+07,0.000000e+00,0.000000e+00
1.042022e+00,1.855530e+09,8.718421e+10,-1.523503e-09,-5.263416e-10,-9.027455e+08,8.368966e+06,2.595052e-03,3.034891e+07,0.000000e+00,0.000000e+00,1.782024e+06,0.000000e+00,1.782024e+06,0.000000e+00,0.000000e+00,1.469942e+09,5.587935e-09,6.676972e-14,0.000000e+00,0.000000e+00,0.000000e+00,0.000000e+00,0.000000e+00,7.058934e+10,-7.129120e+08,3.600002e+06,0.000000e+00,0.000000e+00,-1.980310e+02,9.784569e+08,1.586328e+10,-1.678008e+08,9.324791e+05,8.561093e+06,2.080000e+02,-1.799513e+02,-2.224582e+07,0.000000e+00,0.000000e+00
1.062145e+00,1.883765e+09,8.715259e+10,-4.086473e-10,-3.143896e-09,-9.027455e+08,8.368966e+06,2.934931e-03,3.089430e+07,0.000000e+00,0.000000e+00,3.232995e+06,0.000000e+00,3.232995e+06,0.000000e+00,0.000000e+00,1.494684e+09,5.587935e-09,6.676972e-14,0.000000e+00,0.000000e+00,0.000000e+00,0.000000e+00,0.000000e+00,7.058934e+10,-7.129120e+08,3.600002e+06,0.000000e+00,0.000000e+00,-1.980310e+02,9.908994e+08,1.582443e+10,-1.676305e+08,9.324791e+05,8.739201e+06,2.080000e+02,-1.797686e+02,-2.242353e+07,0.000000e+00,0.000000e+00
1.082717e+00,1.910951e+09,8.712753e+10,-1.056719e-10,-2.318757e-09,-9.027455e+08,8.368966e+06,2.946212e-03,2.939975e+07,0.000000e+00,0.000000e+00,1.472934e+06,0.000000e+00,1.472934e+06,0.000000e+00,0.000000e+00,1.516825e+09,5.587935e-09,6.676972e-14,0.000000e+00,0.000000e+00,0.000000e+00,0.000000e+00,0.000000e+00,7.058934e+10,-7.129120e+08,3.600002e+06,0.000000e+00,0.000000e+00,-1.980310e+02,1.001260e+09,1.579567e+10,-1.674603e+08,9.324791e+05,8.914039e+06,2.080000e+02,-1.795861e+02,-2.258266e+07,0.000000e+00,0.000000e+00
1.100368e+00,1.929663e+09,8.710573e+10,-7.690062e-10,1.742194e-09,-9.027455e+08,8.368966e+06,2.935760e-03,3.171158e+07,0.000000e+00,0.000000e+00,1.351836e+06,0.000000e+00,1.351836e+06,0.000000e+00,0.000000e+00,1.534844e+09,5.587935e-09,6.676972e-14,0.000000e+00,0.000000e+00,0.000000e+00,0.000000e+00,0.000000e+00,7.058934e+10,-7.129120e+08,3.600002e+06,0.000000e+00,0.000000e+00,-1.980310e+02,1.006406e+09,1.577122e+10,-1.673511e+08,9.324791e+05,9.070061e+06,2.080000e+02,-1.794690e+02,-2.269311e+07,0.000000e+00,0.000000e+00
1.120926e+00,1.942353e+09,8.709494e+10,-6.755705e-09,-2.192451e-10,-9.027455e+08,8.368966e+06,2.936828e-03,2.899476e+07,0.000000e+00,0.000000e+00,1.522601e+06,0.000000e+00,1.522601e+06,0.000000e+00,0.000000e+00,1.554076e+09,5.587935e-09,6.676972e-14,0.000000e+00,0.000000e+00,0.000000e+00,0.000000e+00,0.000000e+00,7.058934e+10,-7.129120e+08,3.600002e+06,0.000000e+00,0.000000e+00,-1.980310e+02,1.003254e+09,1.575128e+10,-1.672078e+08,9.324791e+05,9.236876e+06,2.080000e+02,-1.793154e+02,-2.283579e+07,0.000000e+00,0.000000e+00
1.141474e+00,1.950283e+09,8.708369e+10,-1.052513e-09,-1.385189e-09,-9.027455e+08,8.368966e+06,2.934164e-03,3.198962e+07,0.000000e+00,0.000000e+00,1.124005e+06,0.000000e+00,1.124005e+06,0.000000e+00,0.000000e+00,1.572356e+09,5.587935e-09,6.676972e-14,0.000000e+00,0.000000e+00,0.000000e+00,0.000000e+00,0.000000e+00,7.058934e+10,-7.129120e+08,3.600002e+06,0.000000e+00,0.000000e+00,-1.980310e+02,9.956430e+08,1.573916e+10,-1.670780e+08,9.324791e+05,9.383811e+06,2.080000e+02,-1.791761e+02,-2.296187e+07,0.000000e+00,0.000000e+00
1.162015e+00,1.967730e+09,8.706359e+10,5.698553e-10,-1.819558e-10,-9.027455e+08,8.368966e+06,2.934823e-03,3.185798e+07,0.000000e+00,0.000000e+00,2.637770e+06,0.000000e+00,2.637770e+06,0.000000e+00,0.000000e+00,1.591273e+09,5.587935e-09,6.676972e-14,0.000000e+00,0.000000e+00,0.000000e+00,0.000000e+00,0.000000e+00,7.058934e+10,-7.129120e+08,3.600002e+06,0.000000e+00,0.000000e+00,-1.980310e+02,9.997453e+08,1.571601e+10,-1.669457e+08,9.324791e+05,9.537715e+06,2.080000e+02,-1.790342e+02,-2.309864e+07,0.000000e+00,0.000000e+00
1.182558e+00,1.994003e+09,8.704060e+10,9.474377e-11,9.339374e-11,-9.027455e+08,8.368966e+06,2.935483e-03,2.804623e+07,0.000000e+00,0.000000e+00,5.689252e+05,0.000000e+00,5.689252e+05,0.000000e+00,0.000000e+00,1.609975e+09,5.587935e-09,6.676972e-14,0.000000e+00,0.000000e+00,0.000000e+00,0.000000e+00,0.000000e+00,7.058934e+10,-7.129120e+08,3.600002e+06,0.000000e+00,0.000000e+00,-1.980310e+02,1.011609e+09,1.569471e+10,-1.668706e+08,9.314742e+05,9.678352e+06,2.160000e+02,-1.791467e+02,-2.316251e+07,0.000000e+00,0.000000e+00
1.200191e+00,2.012460e+09,8.701961e+10,2.134893e-09,1.277613e-09,-9.027455e+08,8.368966e+06,2.942150e-03,2.906175e+07,0.000000e+00,0.000000e+00,1.438655e+06,0.000000e+00,1.438655e+06,0.000000e+00,0.000000e+00,1.624376e+09,5.587935e-09,6.676972e-14,0.000000e+00,0.000000e+00,0.000000e+00,0.000000e+00,0.000000e+00,7.058934e+10,-7.129120e+08,3.600002e+06,0.000000e+00,0.000000e+00,-1.980310e+02,1.017514e+09,1.568185e+10,-1.668128e+08,9.304694e+05,9.787457e+06,2.240000e+02,-1.792781e+02,-2.322342e+07,0.000000e+00,0.000000e+00
1.220818e+00,2.035748e+09,8.699669e+10,-2.513104e-09,-3.381331e-10,-9.027455e+08,8.368966e+06,2.934964e-03,2.876569e+07,0.000000e+00,0.000000e+00,9.543088e+05,0.000000e+00,9.543088e+05,0.000000e+00,0.000000e+00,1.642678e+09,5.587935e-09,6.676972e-14,0.000000e+00,0.000000e+00,0.000000e+00,0.000000e+00,0.000000e+00,7.058934e+10,-7.129120e+08,3.600002e+06,0.000000e+00,0.000000e+00,-1.980310e+02,1.024384e+09,1.566534e+10,-1.667355e+08,9.304694e+05,9.920378e+06,2.240000e+02,-1.791950e+02,-2.329894e+07,0.000000e+00,0.000000e+00
1.241367e+00,2.059578e+09,8.697353e+10,2.316824e-09,1.970221e-09,-9.027455e+08,8.368966e+06,2.936067e-03,2.679222e+07,0.000000e+00,0.000000e+00,1.809072e+06,0.000000e+00,1.809072e+06,0.000000e+00,0.000000e+00,1.661310e+09,5.587935e-09,6.676972e-14,0.000000e+00,0.000000e+00,0.000000e+00,0.000000e+00,0.000000e+00,7.058934e+10,-7.129120e+08,3.600002e+06,0.000000e+00,0.000000e+00,-1.980310e+02,1.032812e+09,1.564821e+10,-1.666573e+08,9.304694e+05,1.004156e+07,2.240000e+02,-1.791110e+02,-2.338319e+07,0.000000e+00,0.000000e+00
1.261913e+00,2.086256e+09,8.694346e+10,1.523915e-09,2.302642e-09,-9.027455e+08,8.368966e+06,2.935097e-03,2.920635e+07,0.000000e+00,0.000000e+00,2.221767e+06,0.000000e+00,2.221767e+06,0.000000e+00,0.000000e+00,1.680456e+09,5.587935e-09,6.676972e-14,0.000000e+00,0.000000e+00,0.000000e+00,0.000000e+00,0.000000e+00,7.058934e+10,-7.129120e+08,3.600002e+06,0.000000e+00,0.000000e+00,-1.980310e+02,1.041894e+09,1.562323e+10,-1.665320e+08,9.304694e+05,1.016573e+07,2.240000e+02,-1.789763e+02,-2.350931e+07,0.000000e+00,0.000000e+00
1.282489e+00,2.113535e+09,8.691397e+10,3.811181e-09,7.632366e-10,-9.027455e+08,8.368966e+06,2.945351e-03,3.151778e+07,0.000000e+00,0.000000e+00,1.826832e+06,0.000000e+00,1.826832e+06,0.000000e+00,0.000000e+00,1.699363e+09,5.587935e-09,6.676972e-14,0.000000e+00,0.000000e+00,0.000000e+00,0.000000e+00,0.000000e+00,7.058934e+10,-7.129120e+08,3.600002e+06,0.000000e+00,0.000000e+00,-1.980310e+02,1.050796e+09,1.560060e+10,-1.664295e+08,9.299670e+05,1.028419e+07,2.280000e+02,-1.789628e+02,-2.360773e+07,0.000000e+00,0.000000e+00
1.300142e+00,2.133853e+09,8.689596e+10,-4.356480e-10,1.858780e-11,-9.027455e+08,8.368966e+06,2.936899e-03,2.843085e+07,0.000000e+00,0.000000e+00,2.102276e+06,0.000000e+00,2.102276e+06,0.000000e+00,0.000000e+00,1.716218e+09,5.587935e-09,6.676972e-14,0.000000e+00,0.000000e+00,0.000000e+00,0.000000e+00,0.000000e+00,7.058934e+10,-7.129120e+08,3.600002e+06,0.000000e+00,0.000000e+00,-1.980310e+02,1.056938e+09,1.558604e+10,-1.663489e+08,9.299670e+05,1.038530e+07,2.280000e+02,-1.788761e+02,-2.369045e+07,0.000000e+00,0.000000e+00
1.320667e+00,2.156214e+09,8.686935e+10,-2.415902e-09,3.037371e-09,-9.027455e+08,8.368966e+06,2.927526e-03,3.063556e+07,0.000000e+00,0.000000e+00,3.126587e+06,0.000000e+00,3.126587e+06,0.000000e+00,0.000000e+00,1.736329e+09,5.587935e-09,6.676972e-14,0.000000e+00,0.000000e+00,0.000000e+00,0.000000e+00,0.000000e+00,7.058934e+10,-7.129120e+08,3.600002e+06,0.000000e+00,0.000000e+00,-1.980310e+02,1.063456e+09,1.556425e+10,-1.662270e+08,9.299670e+05,1.050504e+07,2.280000e+02,-1.787450e+02,-2.381950e+07,0.000000e+00,0.000000e+00
1.342349e+00,2.174997e+09,8.684416e+10,-3.075229e-10,1.485205e-09,-9.027457e+08,8.368966e+06,2.576160e-03,3.136838e+07,0.000000e+00,0.000000e+00,7.305526e+06,0.000000e+00,7.305526e+06,0.000000e+00,0.000000e+00,1.758659e+09,5.587935e-09,6.676972e-14,0.000000e+00,0.000000e+00,0.000000e+00,0.000000e+00,0.000000e+00,7.058934e+10,-7.129120e+08,3.600002e+06,0.000000e+00,0.000000e+00,-1.980310e+02,1.064744e+09,1.553465e+10,-1.659913e+08,9.299670e+05,1.062900e+07,2.280000e+02,-1.784916e+02,-2.407330e+07,0.000000e+00,0.000000e+00
1.360369e+00,2.195323e+09,8.682462e+10,4.558501e-09,2.855302e-09,-9.027458e+08,8.368966e+06,2.571575e-03,3.102955e+07,0.000000e+00,0.000000e+00,5.205044e+06,0.000000e+00,5.205044e+06,0.000000e+00,0.000000e+00,1.779420e+09,5.587935e-09,6.676972e-14,0.000000e+00,0.000000e+00,0.000000e+00,0.000000e+00,0.000000e+00,7.058934e+10,-7.129120e+08,3.600002e+06,0.000000e+00,0.000000e+00,-1.980310e+02,1.070247e+09,1.550583e+10,-1.657516e+08,9.289622e+05,1.073259e+07,2.360000e+02,-1.784267e+02,-2.431783e+07,0.000000e+00,0.000000e+00
1.380367e+00,2.240847e+09,8.661287e+10,-3.329376e-09,1.342300e-09,-9.027459e+08,8.368966e+06,2.499912e-03,3.416748e+07,0.000000e+00,0.000000e+00,8.201355e+07,0.000000e+00,8.201355e+07,0.000000e+00,0.000000e+00,1.805787e+09,5.587935e-09,6.676972e-14,0.000000e+00,0.000000e+00,0.000000e+00,0.000000e+00,8.127158e+05,7.041263e+10,-7.119891e+08,3.600002e+06,4.948860e+03,0.000000e+00,-1.977746e+02,1.094191e+09,1.542261e+10,-1.652831e+08,9.289622e+05,1.085202e+07,2.360000e+02,-1.779223e+02,-2.617953e+07,0.000000e+00,0.000000e+00
1.401119e+00,2.326518e+09,8.628133e+10,-2.307210e-09,-1.942567e-09,-9.027459e+08,8.368966e+06,2.670114e-03,7.962591e+07,0.000000e+00,0.000000e+00,1.939089e+08,0.000000e+00,1.939089e+08,0.000000e+00,0.000000e+00,1.850425e+09,5.587935e-09,6.676972e-14,0.000000e+00,0.000000e+00,0.000000e+00,0.000000e+00,1.592900e+07,6.955670e+10,-7.072648e+08,3.600002e+06,4.162463e+04,0.000000e+00,-1.964623e+02,1.136196e+09,1.531687e+10,-1.646830e+08,9.289622e+05,1.097220e+07,2.360000e+02,-1.772763e+02,-3.163688e+07,0.000000e+00,0.000000e+00
1.420098e+00,2.432088e+09,8.618898e+10,2.637989e-09,-7.383960e-10,-9.027457e+08,8.368966e+06,2.737175e-03,8.791330e+07,0.000000e+00,0.000000e+00,1.014347e+08,0.000000e+00,1.014347e+08,0.000000e+00,0.000000e+00,1.910006e+09,5.587935e-09,6.676972e-14,0.000000e+00,0.000000e+00,0.000000e+00,0.000000e+00,5.336722e+07,6.887840e+10,-7.034522e+08,3.600002e+06,1.163749e+05,0.000000e+00,-1.954033e+02,1.168781e+09,1.524507e+10,-1.643385e+08,9.279574e+05,1.108432e+07,2.440000e+02,-1.770971e+02,-3.557884e+07,0.000000e+00,0.000000e+00
1.442738e+00,2.540020e+09,8.610220e+10,-5.444917e-09,4.789229e-09,-9.027452e+08,8.368966e+06,2.861400e-03,7.551350e+07,0.000000e+00,0.000000e+00,6.433465e+07,0.000000e+00,6.433465e+07,0.000000e+00,0.000000e+00,1.990853e+09,5.587935e-09,6.676972e-14,0.000000e+00,0.000000e+00,0.000000e+00,0.000000e+00,8.082598e+07,6.831301e+10,-7.001533e+08,3.600002e+06,2.477862e+05,0.000000e+00,-1.944869e+02,1.190973e+09,1.518235e+10,-1.640353e+08,9.279574e+05,1.121407e+07,2.440000e+02,-1.767703e+02,-3.901834e+07,0.000000e+00,0.000000e+00
1.462713e+00,2.644431e+09,8.601212e+10,5.203162e-10,-1.248850e-10,-9.027444e+08,8.368966e+06,2.847949e-03,7.270645e+07,0.000000e+00,0.000000e+00,3.610616e+07,0.000000e+00,3.610616e+07,0.000000e+00,0.000000e+00,2.070374e+09,5.587935e-09,6.676972e-14,0.000000e+00,0.000000e+00,0.000000e+00,0.000000e+00,1.037381e+08,6.804466e+10,-6.986417e+08,3.600002e+06,3.946887e+05,0.000000e+00,-1.940670e+02,1.205180e+09,1.512190e+10,-1.637062e+08,9.279574e+05,1.131940e+07,2.440000e+02,-1.764157e+02,-4.071609e+07,0.000000e+00,0.000000e+00
1.482446e+00,2.755933e+09,8.589540e+10,1.596050e-09,2.975241e-09,-9.027434e+08,8.368966e+06,2.786204e-03,8.162354e+07,0.000000e+00,0.000000e+00,2.804525e+07,0.000000e+00,2.804525e+07,0.000000e+00,0.000000e+00,2.151818e+09,5.587935e-09,6.676972e-14,0.000000e+00,0.000000e+00,0.000000e+00,0.000000e+00,1.364647e+08,6.781622e+10,-6.975009e+08,3.600002e+06,5.685246e+05,0.000000e+00,-1.937501e+02,1.216269e+09,1.507805e+10,-1.634756e+08,9.274549e+05,1.142966e+07,2.480000e+02,-1.762625e+02,-4.205595e+07,0.000000e+00,0.000000e+00
1.502229e+00,2.848518e+09,8.582070e+10,4.468461e-10,5.503580e-10,-9.027423e+08,8.368966e+06,2.849770e-03,7.811074e+07,0.000000e+00,0.000000e+00,9.893890e+06,0.000000e+00,9.893890e+06,0.000000e+00,0.000000e+00,2.220277e+09,5.587935e-09,6.676972e-14,0.000000e+00,0.000000e+00,0.000000e+00,0.000000e+00,1.529880e+08,6.765933e+10,-6.967543e+08,3.600002e+06,7.218423e+05,0.000000e+00,-1.935427e+02,1.225777e+09,1.505045e+10,-1.633435e+08,9.269526e+05,1.153798e+07,2.520000e+02,-1.762155e+02,-4.282630e+07,0.000000e+00,0.000000e+00
1.521991e+00,2.925923e+09,8.572499e+10,7.094059e-10,1.385047e-09,-9.027414e+08,8.368966e+06,3.000280e-03,9.163125e+07,0.000000e+00,0.000000e+00,9.851696e+06,0.000000e+00,9.851696e+06,0.000000e+00,0.000000e+00,2.281209e+09,5.587935e-09,6.676972e-14,0.000000e+00,0.000000e+00,0.000000e+00,0.000000e+00,1.675278e+08,6.757215e+10,-6.963535e+08,3.600002e+06,8.708562e+05,0.000000e+00,-1.934314e+02,1.233713e+09,1.503468e+10,-1.632866e+08,9.269526e+05,1.164540e+07,2.520000e+02,-1.761543e+02,-4.329648e+07,0.000000e+00,0.000000e+00
1.542616e+00,2.995545e+09,8.566265e+10,-8.819541e-10,-9.089263e-10,-9.027403e+08,8.368966e+06,2.867636e-03,7.226017e+07,0.000000e+00,0.000000e+00,2.055829e+07,0.000000e+00,2.055829e+07,0.000000e+00,0.000000e+00,2.330591e+09,5.587935e-09,6.676972e-14,0.000000e+00,0.000000e+00,0.000000e+00,0.000000e+00,1.916334e+08,6.742027e+10,-6.956754e+08,3.600002e+06,1.013797e+06,0.000000e+00,-1.932430e+02,1.239184e+09,1.501924e+10,-1.632223e+08,9.269526e+05,1.175278e+07,2.520000e+02,-1.760849e+02,-4.407883e+07,0.000000e+00,0.000000e+00
1.562230e+00,3.033121e+09,8.562497e+10,1.325418e-09,-2.469790e-09,-9.027395e+08,8.368966e+06,2.709724e-03,7.857178e+07,0.000000e+00,0.000000e+00,1.163243e+07,0.000000e+00,1.163243e+07,0.000000e+00,0.000000e+00,2.374572e+09,5.587935e-09,6.676972e-14,0.000000e+00,0.000000e+00,0.000000e+00,0.000000e+00,1.974173e+08,6.729470e+10,-6.950521e+08,3.600002e+06,1.144335e+06,0.000000e+00,-1.930699e+02,1.237804e+09,1.499805e+10,-1.630977e+08,9.264501e+05,1.185517e+07,2.560000e+02,-1.760458e+02,-4.479764e+07,0.000000e+00,0.000000e+00
1.582929e+00,3.078437e+09,8.558660e+10,2.786692e-09,-9.242171e-10,-9.027395e+08,8.368966e+06,2.955179e-03,7.337225e+07,0.000000e+00,0.000000e+00,7.342200e+06,0.000000e+00,7.342200e+06,0.000000e+00,0.000000e+00,2.419678e+09,5.587935e-09,6.676972e-14,0.000000e+00,0.000000e+00,0.000000e+00,0.000000e+00,2.108127e+08,6.722811e+10,-6.947751e+08,3.600002e+06,1.264229e+06,0.000000e+00,-1.929930e+02,1.235298e+09,1.495374e+10,-1.628555e+08,9.264501e+05,1.196472e+07,2.560000e+02,-1.757844e+02,-4.527847e+07,0.000000e+00,0.000000e+00
1.600877e+00,3.122101e+09,8.554838e+10,1.873730e-09,3.342620e-09,-9.027405e+08,8.368966e+06,3.056502e-03,7.124683e+07,0.000000e+00,0.000000e+00,2.240645e+06,0.000000e+00,2.240645e+06,0.000000e+00,0.000000e+00,2.462219e+09,5.587935e-09,6.676972e-14,0.000000e+00,0.000000e+00,0.000000e+00,0.000000e+00,2.211638e+08,6.719935e+10,-6.946765e+08,3.600002e+06,1.378677e+06,0.000000e+00,-1.929656e+02,1.236504e+09,1.493410e+10,-1.627449e+08,9.264501e+05,1.205862e+07,2.560000e+02,-1.756651e+02,-4.545116e+07,0.000000e+00,0.000000e+00
1.622890e+00,3.169289e+09,8.550917e+10,1.229978e-09,-3.342393e-11,-9.027429e+08,8.368966e+06,3.180480e-03,6.421711e+07,0.000000e+00,0.000000e+00,2.580082e+05,0.000000e+00,2.580082e+05,0.000000e+00,0.000000e+00,2.503764e+09,5.587935e-09,6.676972e-14,0.000000e+00,0.000000e+00,0.000000e+00,0.000000e+00,2.245041e+08,6.718262e+10,-6.946185e+08,3.600002e+06,1.506181e+06,0.000000e+00,-1.929495e+02,1.244254e+09,1.492517e+10,-1.627364e+08,9.264501e+05,1.216833e+07,2.560000e+02,-1.756559e+02,-4.550503e+07,0.000000e+00,0.000000e+00
1.641966e+00,3.210813e+09,8.546382e+10,-9.970336e-11,6.103846e-10,-9.027456e+08,8.368966e+06,3.177333e-03,6.735012e+07,0.000000e+00,0.000000e+00,1.658949e+03,0.000000e+00,1.658949e+03,0.000000e+00,0.000000e+00,2.536638e+09,5.587935e-09,6.676972e-14,0.000000e+00,0.000000e+00,0.000000e+00,0.000000e+00,2.322088e+08,6.717449e+10,-6.946081e+08,3.600002e+06,1.619659e+06,0.000000e+00,-1.929466e+02,1.251122e+09,1.491731e+10,-1.627351e+08,9.264501e+05,1.226552e+07,2.560000e+02,-1.756545e+02,-4.551285e+07,0.000000e+00,0.000000e+00
1.660866e+00,3.253810e+09,8.543031e+10,4.483041e-09,1.737590e-09,-9.027485e+08,8.368966e+06,3.011166e-03,5.737921e+07,0.000000e+00,0.000000e+00,8.149640e+03,0.000000e+00,8.149640e+03,0.000000e+00,0.000000e+00,2.568980e+09,5.587935e-09,6.676972e-14,0.000000e+00,0.000000e+00,0.000000e+00,0.000000e+00,2.404877e+08,6.716629e+10,-6.946081e+08,3.600002e+06,1.723745e+06,0.000000e+00,-1.929466e+02,1.256247e+09,1.491232e+10,-1.627334e+08,9.264501e+05,1.235937e+07,2.560000e+02,-1.756526e+02,-4.551536e+07,0.000000e+00,0.000000e+00
1.681981e+00,3.292811e+09,8.539193e+10,-7.740084e-10,1.687084e-09,-9.027518e+08,8.368966e+06,3.024730e-03,5.506968e+07,0.000000e+00,0.000000e+00,7.632006e+05,0.000000e+00,7.632006e+05,0.000000e+00,0.000000e+00,2.602912e+09,5.587935e-09,6.676972e-14,0.000000e+00,0.000000e+00,0.000000e+00,0.000000e+00,2.408660e+08,6.716486e+10,-6.946067e+08,3.600002e+06,1.843369e+06,0.000000e+00,-1.929462e+02,1.260859e+09,1.490596e+10,-1.627142e+08,9.264501e+05,1.246369e+07,2.560000e+02,-1.756319e+02,-4.554512e+07,0.000000e+00,0.000000e+00
1.700127e+00,3.334364e+09,8.534867e+10,-9.090968e-10,-1.343196e-09,-9.027545e+08,8.368966e+06,3.022375e-03,5.521886e+07,0.000000e+00,0.000000e+00,1.578989e+06,0.000000e+00,1.578989e+06,0.000000e+00,0.000000e+00,2.633082e+09,5.587935e-09,6.676972e-14,0.000000e+00,0.000000e+00,0.000000e+00,0.000000e+00,2.460329e+08,6.715714e+10,-6.945932e+08,3.600002e+06,1.937734e+06,0.000000e+00,-1.929424e+02,1.270936e+09,1.488921e+10,-1.626488e+08,9.264501e+05,1.255718e+07,2.560000e+02,-1.755613e+02,-4.562825e+07,0.000000e+00,0.000000e+00
1.721289e+00,3.379960e+09,8.530842e+10,-6.519940e-10,-8.786358e-10,-9.027567e+08,8.368966e+06,3.024693e-03,4.977797e+07,0.000000e+00,0.000000e+00,8.380041e+05,0.000000e+00,8.380041e+05,0.000000e+00,0.000000e+00,2.668933e+09,5.587935e-09,6.676972e-14,0.000000e+00,0.000000e+00,0.000000e+00,0.000000e+00,2.520026e+08,6.714452e+10,-6.945638e+08,3.600002e+06,2.054263e+06,0.000000e+00,-1.929343e+02,1.282226e+09,1.487120e+10,-1.625905e+08,9.264501e+05,1.266635e+07,2.560000e+02,-1.754984e+02,-4.571159e+07,0.000000e+00,0.000000e+00
1.742366e+00,3.412471e+09,8.527255e+10,3.216655e-09,7.920846e-10,-9.027573e+08,8.368966e+06,2.925625e-03,5.203129e+07,0.000000e+00,0.000000e+00,1.114943e+06,0.000000e+00,1.114943e+06,0.000000e+00,0.000000e+00,2.702561e+09,5.587935e-09,6.676972e-14,0.000000e+00,0.000000e+00,0.000000e+00,0.000000e+00,2.542175e+08,6.713755e+10,-6.945351e+08,3.600002e+06,2.168046e+06,0.000000e+00,-1.929263e+02,1.285657e+09,1.485956e+10,-1.625464e+08,9.264501e+05,1.276780e+07,2.560000e+02,-1.754508e+02,-4.578692e+07,0.000000e+00,0.000000e+00
1.762855e+00,3.447904e+09,8.523624e+10,-1.330136e-09,7.792238e-10,-9.027563e+08,8.368966e+06,2.930014e-03,5.203565e+07,0.000000e+00,0.000000e+00,1.357326e+06,0.000000e+00,1.357326e+06,0.000000e+00,0.000000e+00,2.734014e+09,5.587935e-09,6.676972e-14,0.000000e+00,0.000000e+00,0.000000e+00,0.000000e+00,2.622672e+08,6.712307e+10,-6.945059e+08,3.600002e+06,2.270112e+06,0.000000e+00,-1.929182e+02,1.287616e+09,1.485090e+10,-1.624834e+08,9.264501e+05,1.286737e+07,2.560000e+02,-1.753828e+02,-4.587992e+07,0.000000e+00,0.000000e+00
1.780449e+00,3.473647e+09,8.521641e+10,-1.601620e-09,4.335874e-10,-9.027542e+08,8.368966e+06,2.936211e-03,4.578742e+07,0.000000e+00,0.000000e+00,1.089346e+06,0.000000e+00,1.089346e+06,0.000000e+00,0.000000e+00,2.761295e+09,5.587935e-09,6.676972e-14,0.000000e+00,0.000000e+00,0.000000e+00,0.000000e+00,2.662345e+08,6.711590e+10,-6.944852e+08,3.600002e+06,2.351273e+06,0.000000e+00,-1.929124e+02,1.287913e+09,1.484281e+10,-1.624221e+08,9.264501e+05,1.294709e+07,2.560000e+02,-1.753166e+02,-4.596672e+07,0.000000e+00,0.000000e+00
1.800980e+00,3.502339e+09,8.517921e+10,2.736897e-09,9.804921e-10,-9.027504e+08,8.368966e+06,2.898348e-03,4.862374e+07,0.000000e+00,0.000000e+00,4.381165e+06,0.000000e+00,4.381165e+06,0.000000e+00,0.000000e+00,2.792927e+09,5.587935e-09,6.676972e-14,0.000000e+00,0.000000e+00,0.000000e+00,0.000000e+00,2.724628e+08,6.709613e+10,-6.944177e+08,3.600002e+06,2.451607e+06,0.000000e+00,-1.928937e+02,1.287852e+09,1.483374e+10,-1.623489e+08,9.264501e+05,1.303789e+07,2.560000e+02,-1.752376e+02,-4.611498e+07,0.000000e+00,0.000000e+00
1.821691e+00,3.534437e+09,8.514392e+10,5.013248e-09,-9.436008e-12,-9.027453e+08,8.368966e+06,3.020572e-03,4.939642e+07,0.000000e+00,0.000000e+00,4.878848e+06,0.000000e+00,4.878848e+06,0.000000e+00,0.000000e+00,2.825511e+09,5.587935e-09,6.676972e-14,0.000000e+00,0.000000e+00,0.000000e+00,0.000000e+00,2.786621e+08,6.706560e+10,-6.942833e+08,3.600002e+06,2.551903e+06,0.000000e+00,-1.928563e+02,1.290081e+09,1.482291e+10,-1.622862e+08,9.264501e+05,1.312246e+07,2.560000e+02,-1.751700e+02,-4.631539e+07,0.000000e+00,0.000000e+00
1.841702e+00,3.564884e+09,8.510090e+10,3.148841e-09,6.870096e-10,-9.027395e+08,8.368966e+06,2.741433e-03,4.958864e+07,0.000000e+00,0.000000e+00,1.129272e+07,0.000000e+00,1.129272e+07,0.000000e+00,0.000000e+00,2.855646e+09,5.587935e-09,6.676972e-14,0.000000e+00,0.000000e+00,0.000000e+00,0.000000e+00,2.801457e+08,6.702729e+10,-6.940964e+08,3.600002e+06,2.652076e+06,0.000000e+00,-1.928044e+02,1.294211e+09,1.481426e+10,-1.622464e+08,9.264501e+05,1.320429e+07,2.560000e+02,-1.751270e+02,-4.655268e+07,0.000000e+00,0.000000e+00
1.860974e+00,3.602915e+09,8.505168e+10,-3.935838e-09,-5.289849e-10,-9.027334e+08,8.368966e+06,2.761930e-03,5.074252e+07,0.000000e+00,0.000000e+00,1.749550e+07,0.000000e+00,1.749550e+07,0.000000e+00,0.000000e+00,2.889127e+09,5.587935e-09,6.676972e-14,0.000000e+00,0.000000e+00,0.000000e+00,0.000000e+00,2.819765e+08,6.697832e+10,-6.938426e+08,3.600002e+06,2.751608e+06,0.000000e+00,-1.927339e+02,1.300635e+09,1.480317e+10,-1.622077e+08,9.264501e+05,1.328128e+07,2.560000e+02,-1.750852e+02,-4.685350e+07,0.000000e+00,0.000000e+00
1.881868e+00,3.652805e+09,8.500474e+10,-1.429044e-09,1.174385e-10,-9.027264e+08,8.368966e+06,3.022913e-03,5.212221e+07,0.000000e+00,0.000000e+00,9.343452e+06,0.000000e+00,9.343452e+06,0.000000e+00,0.000000e+00,2.929532e+09,5.587935e-09,6.676972e-14,0.000000e+00,0.000000e+00,0.000000e+00,0.000000e+00,2.906511e+08,6.691867e+10,-6.935608e+08,3.600002e+06,2.871195e+06,0.000000e+00,-1.926556e+02,1.307264e+09,1.479221e+10,-1.621730e+08,9.264501e+05,1.336337e+07,2.560000e+02,-1.750477e+02,-4.716404e+07,0.000000e+00,0.000000e+00
1.902345e+00,3.699457e+09,8.495348e+10,-4.485400e-09,-2.843535e-09,-9.027187e+08,8.368966e+06,2.763642e-03,4.911459e+07,0.000000e+00,0.000000e+00,8.991303e+06,0.000000e+00,8.991303e+06,0.000000e+00,0.000000e+00,2.967608e+09,5.587935e-09,6.676972e-14,0.000000e+00,0.000000e+00,0.000000e+00,0.000000e+00,2.969380e+08,6.686806e+10,-6.933136e+08,3.600002e+06,3.002022e+06,0.000000e+00,-1.925870e+02,1.313231e+09,1.478149e+10,-1.621387e+08,9.264501e+05,1.344253e+07,2.560000e+02,-1.750107e+02,-4.743938e+07,0.000000e+00,0.000000e+00
1.921420e+00,3.736789e+09,8.490575e+10,-2.750994e-09,1.454509e-09,-9.027098e+08,8.368966e+06,2.703055e-03,4.806455e+07,0.000000e+00,0.000000e+00,1.465536e+07,0.000000e+00,1.465536e+07,0.000000e+00,0.000000e+00,2.998452e+09,5.587935e-09,6.676972e-14,0.000000e+00,0.000000e+00,0.000000e+00,0.000000e+00,3.021742e+08,6.681675e+10,-6.930474e+08,3.600002e+06,3.131065e+06,0.000000e+00,-1.925131e+02,1.318486e+09,1.477119e+10,-1.620984e+08,9.264501e+05,1.351302e+07,2.560000e+02,-1.749672e+02,-4.775953e+07,0.000000e+00,0.000000e+00
1.941590e+00,3.775784e+09,8.486580e+10,-1.605827e-09,2.552127e-10,-9.026975e+08,8.368966e+06,2.965972e-03,4.940722e+07,0.000000e+00,0.000000e+00,9.266145e+06,0.000000e+00,9.266145e+06,0.000000e+00,0.000000e+00,3.032749e+09,5.587935e-09,6.676972e-14,0.000000e+00,0.000000e+00,0.000000e+00,0.000000e+00,3.111894e+08,6.676163e+10,-6.927816e+08,3.600002e+06,3.280963e+06,0.000000e+00,-1.924392e+02,1.320232e+09,1.476141e+10,-1.620498e+08,9.259477e+05,1.358441e+07,2.600000e+02,-1.750096e+02,-4.806005e+07,0.000000e+00,0.000000e+00
1.961537e+00,3.805916e+09,8.483415e+10,-5.304287e-09,-3.996711e-09,-9.026817e+08,8.368966e+06,2.683519e-03,4.915288e+07,0.000000e+00,0.000000e+00,6.769048e+06,0.000000e+00,6.769048e+06,0.000000e+00,0.000000e+00,3.065139e+09,5.587935e-09,6.676972e-14,0.000000e+00,0.000000e+00,0.000000e+00,0.000000e+00,3.173123e+08,6.672986e+10,-6.926185e+08,3.600002e+06,3.427284e+06,0.000000e+00,-1.923939e+02,1.319303e+09,1.475231e+10,-1.619994e+08,9.259477e+05,1.365488e+07,2.600000e+02,-1.749553e+02,-4.826179e+07,0.000000e+00,0.000000e+00
1.981544e+00,3.831760e+09,8.480450e+10,3.216201e-09,-3.827306e-09,-9.026609e+08,8.368966e+06,2.791286e-03,4.972489e+07,0.000000e+00,0.000000e+00,6.432132e+06,0.000000e+00,6.432132e+06,0.000000e+00,0.000000e+00,3.096490e+09,5.587935e-09,6.676972e-14,0.000000e+00,0.000000e+00,0.000000e+00,0.000000e+00,3.230605e+08,6.670120e+10,-6.924840e+08,3.600002e+06,3.591495e+06,0.000000e+00,-1.923566e+02,1.316397e+09,1.474638e+10,-1.619507e+08,9.259477e+05,1.372409e+07,2.600000e+02,-1.749026e+02,-4.844877e+07,0.000000e+00,0.000000e+00
2.002312e+00,3.863165e+09,8.476883e+10,-1.671879e-09,1.500482e-09,-9.026328e+08,8.368966e+06,2.987699e-03,4.747117e+07,0.000000e+00,0.000000e+00,9.198976e+06,0.000000e+00,9.198976e+06,0.000000e+00,0.000000e+00,3.129447e+09,5.587935e-09,6.676972e-14,0.000000e+00,0.000000e+00,0.000000e+00,0.000000e+00,3.329061e+08,6.666286e+10,-6.923055e+08,3.600002e+06,3.763004e+06,0.000000e+00,-1.923070e+02,1.313650e+09,1.474048e+10,-1.619017e+08,9.259477e+05,1.379737e+07,2.600000e+02,-1.748497e+02,-4.868515e+07,0.000000e+00,0.000000e+00
2.022592e+00,3.898293e+09,8.472988e+10,-7.123163e-09,-7.480452e-10,-9.025986e+08,8.368966e+06,2.983149e-03,4.737553e+07,0.000000e+00,0.000000e+00,6.828232e+06,0.000000e+00,6.828232e+06,0.000000e+00,0.000000e+00,3.160316e+09,5.587935e-09,6.676972e-14,0.000000e+00,0.000000e+00,0.000000e+00,0.000000e+00,3.419219e+08,6.662121e+10,-6.921014e+08,3.600002e+06,3.910723e+06,0.000000e+00,-1.922503e+02,1.314775e+09,1.473245e+10,-1.618577e+08,9.259477e+05,1.386710e+07,2.600000e+02,-1.748022e+02,-4.892542e+07,0.000000e+00,0.000000e+00
2.040192e+00,3.929030e+09,8.470114e+10,-3.808736e-09,-1.410058e-09,-9.025636e+08,8.368966e+06,2.863735e-03,4.626050e+07,0.000000e+00,0.000000e+00,4.281561e+06,0.000000e+00,4.281561e+06,0.000000e+00,0.000000e+00,3.186157e+09,5.587935e-09,6.676972e-14,0.000000e+00,0.000000e+00,0.000000e+00,0.000000e+00,3.484466e+08,6.659354e+10,-6.919708e+08,3.600002e+06,4.064389e+06,0.000000e+00,-1.922140e+02,1.319358e+09,1.472449e+10,-1.618358e+08,9.254453e+05,1.392762e+07,2.640000e+02,-1.748734e+02,-4.906839e+07,0.000000e+00,0.000000e+00
2.060003e+00,3.967960e+09,8.465656e+10,-2.043976e-09,-5.317020e-09,-9.025190e+08,8.368966e+06,2.780370e-03,4.613349e+07,0.000000e+00,0.000000e+00,4.264558e+06,0.000000e+00,4.264558e+06,0.000000e+00,0.000000e+00,3.212284e+09,5.587935e-09,6.676972e-14,0.000000e+00,0.000000e+00,0.000000e+00,0.000000e+00,3.598206e+08,6.656381e+10,-6.918647e+08,3.600002e+06,4.216002e+06,0.000000e+00,-1.921845e+02,1.325887e+09,1.471338e+10,-1.618067e+08,9.254453e+05,1.399719e+07,2.640000e+02,-1.748420e+02,-4.921241e+07,0.000000e+00,0.000000e+00
2.082231e+00,4.012743e+09,8.460261e+10,-2.004867e-10,-6.928360e-10,-9.024638e+08,8.368966e+06,2.787235e-03,4.740380e+07,0.000000e+00,0.000000e+00,9.823593e+06,0.000000e+00,9.823593e+06,0.000000e+00,0.000000e+00,3.242521e+09,5.587935e-09,6.676972e-14,0.000000e+00,0.000000e+00,0.000000e+00,0.000000e+00,3.699722e+08,6.651034e+10,-6.916266e+08,3.600002e+06,4.393095e+06,0.000000e+00,-1.921184e+02,1.335991e+09,1.469800e+10,-1.617629e+08,9.254453e+05,1.407524e+07,2.640000e+02,-1.747946e+02,-4.950944e+07,0.000000e+00,0.000000e+00
2.102594e+00,4.054255e+09,8.455816e+10,-3.753257e-09,4.181118e-09,-9.024104e+08,8.368966e+06,3.028171e-03,4.957961e+07,0.000000e+00,0.000000e+00,8.483634e+06,0.000000e+00,8.483634e+06,0.000000e+00,0.000000e+00,3.272448e+09,5.587935e-09,6.676972e-14,0.000000e+00,0.000000e+00,0.000000e+00,0.000000e+00,3.758817e+08,6.644971e+10,-6.913297e+08,3.600002e+06,4.555254e+06,0.000000e+00,-1.920359e+02,1.344109e+09,1.468522e+10,-1.617375e+08,9.254453e+05,1.414456e+07,2.640000e+02,-1.747673e+02,-4.982757e+07,0.000000e+00,0.000000e+00
2.120907e+00,4.092094e+09,8.451723e+10,-3.694367e-09,-3.097455e-09,-9.023624e+08,8.368966e+06,3.062686e-03,5.196571e+07,0.000000e+00,0.000000e+00,4.436908e+06,0.000000e+00,4.436908e+06,0.000000e+00,0.000000e+00,3.301186e+09,5.587935e-09,6.676972e-14,0.000000e+00,0.000000e+00,0.000000e+00,0.000000e+00,3.799586e+08,6.640760e+10,-6.911256e+08,3.600002e+06,4.696680e+06,0.000000e+00,-1.919792e+02,1.351574e+09,1.467391e+10,-1.617200e+08,9.254453e+05,1.420522e+07,2.640000e+02,-1.747483e+02,-5.003581e+07,0.000000e+00,0.000000e+00
2.141228e+00,4.133759e+09,8.447775e+10,-3.382866e-09,-3.927539e-09,-9.023117e+08,8.368966e+06,2.786038e-03,4.921083e+07,0.000000e+00,0.000000e+00,4.101782e+06,0.000000e+00,4.101782e+06,0.000000e+00,0.000000e+00,3.331326e+09,5.587935e-09,6.676972e-14,0.000000e+00,0.000000e+00,0.000000e+00,0.000000e+00,3.863181e+08,6.637144e+10,-6.909569e+08,3.600002e+06,4.868818e+06,0.000000e+00,-1.919324e+02,1.360344e+09,1.466307e+10,-1.616975e+08,9.254453e+05,1.427218e+07,2.640000e+02,-1.747240e+02,-5.022095e+07,0.000000e+00,0.000000e+00
2.160789e+00,4.164161e+09,8.444731e+10,-1.259650e-09,-1.072522e-09,-9.022675e+08,8.368966e+06,2.803181e-03,5.032896e+07,0.000000e+00,0.000000e+00,2.184604e+06,0.000000e+00,2.184604e+06,0.000000e+00,0.000000e+00,3.358526e+09,5.587935e-09,6.676972e-14,0.000000e+00,0.000000e+00,0.000000e+00,0.000000e+00,3.916890e+08,6.634713e+10,-6.908600e+08,3.600002e+06,5.010122e+06,0.000000e+00,-1.919054e+02,1.362770e+09,1.465763e+10,-1.616740e+08,9.254453e+05,1.433400e+07,2.640000e+02,-1.746986e+02,-5.033123e+07,0.000000e+00,0.000000e+00
2.181232e+00,4.188027e+09,8.442313e+10,1.107253e-09,9.030998e-10,-9.022279e+08,8.368966e+06,3.002657e-03,4.975197e+07,0.000000e+00,0.000000e+00,1.845154e+06,0.000000e+00,1.845154e+06,0.000000e+00,0.000000e+00,3.384649e+09,5.587935e-09,6.676972e-14,0.000000e+00,0.000000e+00,0.000000e+00,0.000000e+00,3.970474e+08,6.632489e+10,-6.907669e+08,3.600002e+06,5.159631e+06,0.000000e+00,-1.918796e+02,1.359799e+09,1.465992e+10,-1.616713e+08,9.254453e+05,1.439687e+07,2.640000e+02,-1.746957e+02,-5.042800e+07,0.000000e+00,0.000000e+00
2.201615e+00,4.208113e+09,8.440047e+10,-6.562004e-10,-1.691319e-09,-9.021962e+08,8.368966e+06,2.843176e-03,4.874802e+07,0.000000e+00,0.000000e+00,3.319539e+06,0.000000e+00,3.319539e+06,0.000000e+00,0.000000e+00,3.409071e+09,5.587935e-09,6.676972e-14,0.000000e+00,0.000000e+00,0.000000e+00,0.000000e+00,4.028608e+08,6.630290e+10,-6.906772e+08,3.600002e+06,5.294046e+06,0.000000e+00,-1.918546e+02,1.355649e+09,1.466299e+10,-1.616691e+08,9.254453e+05,1.445864e+07,2.640000e+02,-1.746933e+02,-5.052627e+07,0.000000e+00,0.000000e+00
2.221418e+00,4.227213e+09,8.437789e+10,5.468337e-10,2.273509e-09,-9.021723e+08,8.368966e+06,2.853269e-03,4.897388e+07,0.000000e+00,0.000000e+00,1.403172e+06,0.000000e+00,1.403172e+06,0.000000e+00,0.000000e+00,3.432064e+09,5.587935e-09,6.676972e-14,0.000000e+00,0.000000e+00,0.000000e+00,0.000000e+00,4.057318e+08,6.627872e+10,-6.905644e+08,3.600002e+06,5.418941e+06,0.000000e+00,-1.918233e+02,1.353830e+09,1.466421e+10,-1.616594e+08,9.254453e+05,1.451648e+07,2.640000e+02,-1.746829e+02,-5.063817e+07,0.000000e+00,0.000000e+00
2.241400e+00,4.248168e+09,8.435728e+10,3.636387e-09,-1.455817e-09,-9.021537e+08,8.368966e+06,2.857114e-03,4.693898e+07,0.000000e+00,0.000000e+00,1.770758e+06,0.000000e+00,1.770758e+06,0.000000e+00,0.000000e+00,3.451761e+09,5.587935e-09,6.676972e-14,0.000000e+00,0.000000e+00,0.000000e+00,0.000000e+00,4.076663e+08,6.626544e+10,-6.905064e+08,3.600002e+06,5.537948e+06,0.000000e+00,-1.918072e+02,1.355102e+09,1.466305e+10,-1.616476e+08,9.254453e+05,1.457507e+07,2.640000e+02,-1.746701e+02,-5.071396e+07,0.000000e+00,0.000000e+00
2.261714e+00,4.267107e+09,8.433772e+10,5.237098e-09,-3.538545e-09,-9.021395e+08,8.368966e+06,2.917357e-03,4.546048e+07,0.000000e+00,0.000000e+00,3.149202e+06,0.000000e+00,3.149202e+06,0.000000e+00,0.000000e+00,3.470040e+09,5.587935e-09,6.676972e-14,0.000000e+00,0.000000e+00,0.000000e+00,0.000000e+00,4.080876e+08,6.625158e+10,-6.904307e+08,3.600002e+06,5.648243e+06,0.000000e+00,-1.917862e+02,1.356991e+09,1.465906e+10,-1.616271e+08,9.254453e+05,1.463695e+07,2.640000e+02,-1.746479e+02,-5.080762e+07,0.000000e+00,0.000000e+00
2.281878e+00,4.285257e+09,8.431863e+10,-1.386979e-10,7.757421e-10,-9.021292e+08,8.368966e+06,2.875377e-03,4.749309e+07,0.000000e+00,0.000000e+00,1.742934e+06,0.000000e+00,1.742934e+06,0.000000e+00,0.000000e+00,3.487390e+09,5.587935e-09,6.676972e-14,0.000000e+00,0.000000e+00,0.000000e+00,0.000000e+00,4.076375e+08,6.623850e+10,-6.903595e+08,3.600002e+06,5.762376e+06,0.000000e+00,-1.917664e+02,1.359440e+09,1.465642e+10,-1.616195e+08,9.249429e+05,1.469459e+07,2.680000e+02,-1.747346e+02,-5.088348e+07,0.000000e+00,0.000000e+00
2.302010e+00,4.306068e+09,8.429765e+10,-3.225523e-09,-3.698801e-09,-9.021215e+08,8.368966e+06,2.878990e-03,4.699347e+07,0.000000e+00,0.000000e+00,1.460656e+06,0.000000e+00,1.460656e+06,0.000000e+00,0.000000e+00,3.505094e+09,5.587935e-09,6.676972e-14,0.000000e+00,0.000000e+00,0.000000e+00,0.000000e+00,4.051449e+08,6.622537e+10,-6.902813e+08,3.600002e+06,5.874354e+06,0.000000e+00,-1.917447e+02,1.366979e+09,1.464818e+10,-1.616105e+08,9.249429e+05,1.475072e+07,2.680000e+02,-1.747248e+02,-5.097474e+07,0.000000e+00,0.000000e+00
2.322203e+00,4.325899e+09,8.427572e+10,3.618467e-09,-1.160117e-09,-9.021156e+08,8.368966e+06,2.750894e-03,4.784453e+07,0.000000e+00,0.000000e+00,2.113613e+06,0.000000e+00,2.113613e+06,0.000000e+00,0.000000e+00,3.522909e+09,5.587935e-09,6.676972e-14,0.000000e+00,0.000000e+00,0.000000e+00,0.000000e+00,4.000741e+08,6.621429e+10,-6.901965e+08,3.600002e+06,5.983692e+06,0.000000e+00,-1.917211e+02,1.376188e+09,1.463757e+10,-1.616027e+08,9.249429e+05,1.480745e+07,2.680000e+02,-1.747164e+02,-5.106956e+07,0.000000e+00,0.000000e+00
2.341422e+00,4.343852e+09,8.425532e+10,9.156906e-10,-2.214520e-09,-9.021108e+08,8.368966e+06,2.748068e-03,4.959826e+07,0.000000e+00,0.000000e+00,2.140845e+06,0.000000e+00,2.140845e+06,0.000000e+00,0.000000e+00,3.539899e+09,5.587935e-09,6.676972e-14,0.000000e+00,0.000000e+00,0.000000e+00,0.000000e+00,3.951053e+08,6.619914e+10,-6.900909e+08,3.600002e+06,6.089818e+06,0.000000e+00,-1.916918e+02,1.383644e+09,1.462957e+10,-1.615969e+08,9.249429e+05,1.485838e+07,2.680000e+02,-1.747101e+02,-5.118030e+07,0.000000e+00,0.000000e+00
2.360610e+00,4.360497e+09,8.423821e+10,6.433311e-09,1.609006e-09,-9.021075e+08,8.368966e+06,2.738327e-03,5.002225e+07,0.000000e+00,0.000000e+00,1.431673e+06,0.000000e+00,1.431673e+06,0.000000e+00,0.000000e+00,3.557193e+09,5.587935e-09,6.676972e-14,0.000000e+00,0.000000e+00,0.000000e+00,0.000000e+00,3.927229e+08,6.618649e+10,-6.900115e+08,3.600002e+06,6.193148e+06,0.000000e+00,-1.916697e+02,1.387415e+09,1.462463e+10,-1.615931e+08,9.249429e+05,1.490808e+07,2.680000e+02,-1.747060e+02,-5.126132e+07,0.000000e+00,0.000000e+00
2.382620e+00,4.378092e+09,8.421931e+10,-1.867875e-09,1.856358e-08,-9.021078e+08,8.368966e+06,2.736239e-03,4.867937e+07,0.000000e+00,0.000000e+00,2.850668e+06,0.000000e+00,2.850668e+06,0.000000e+00,0.000000e+00,3.575163e+09,5.587935e-09,6.676972e-14,0.000000e+00,0.000000e+00,0.000000e+00,0.000000e+00,3.932188e+08,6.616430e+10,-6.898945e+08,3.600002e+06,6.307958e+06,0.000000e+00,-1.916373e+02,1.388335e+09,1.462331e+10,-1.615849e+08,9.249429e+05,1.496456e+07,2.680000e+02,-1.746972e+02,-5.139572e+07,0.000000e+00,0.000000e+00
2.401871e+00,4.392741e+09,8.419899e+10,1.603894e-09,5.305924e-08,-9.021136e+08,8.368966e+06,2.758975e-03,5.184036e+07,0.000000e+00,0.000000e+00,3.550074e+06,0.000000e+00,3.550074e+06,0.000000e+00,0.000000e+00,3.591077e+09,5.587935e-09,6.676972e-14,0.000000e+00,0.000000e+00,0.000000e+00,0.000000e+00,3.942617e+08,6.613689e+10,-6.897526e+08,3.600002e+06,6.405936e+06,0.000000e+00,-1.915978e+02,1.386415e+09,1.462326e+10,-1.615751e+08,9.249429e+05,1.501284e+07,2.680000e+02,-1.746866e+02,-5.155069e+07,0.000000e+00,0.000000e+00
2.421177e+00,4.409044e+09,8.417803e+10,6.326218e-09,4.934293e-08,-9.021254e+08,8.368966e+06,2.759751e-03,5.094184e+07,0.000000e+00,0.000000e+00,6.339140e+06,0.000000e+00,6.339140e+06,0.000000e+00,0.000000e+00,3.608408e+09,5.587935e-09,6.676972e-14,0.000000e+00,0.000000e+00,0.000000e+00,0.000000e+00,3.979782e+08,6.610273e+10,-6.895860e+08,3.600002e+06,6.511766e+06,0.000000e+00,-1.915515e+02,1.382123e+09,1.462612e+10,-1.615655e+08,9.249429e+05,1.506022e+07,2.680000e+02,-1.746762e+02,-5.173491e+07,0.000000e+00,0.000000e+00
2.440499e+00,4.426518e+09,8.416006e+10,7.707058e-09,-1.720284e-08,-9.021425e+08,8.368966e+06,2.760696e-03,5.071816e+07,0.000000e+00,0.000000e+00,3.309245e+06,0.000000e+00,3.309245e+06,0.000000e+00,0.000000e+00,3.626473e+09,5.587935e-09,6.676972e-14,0.000000e+00,0.000000e+00,0.000000e+00,0.000000e+00,4.029939e+08,6.605893e+10,-6.893720e+08,3.600002e+06,6.620611e+06,0.000000e+00,-1.914921e+02,1.377630e+09,1.462929e+10,-1.615586e+08,9.249429e+05,1.510472e+07,2.680000e+02,-1.746687e+02,-5.194565e+07,0.000000e+00,0.000000e+00
2.462594e+00,4.449499e+09,8.413487e+10,7.613835e-09,-9.622346e-08,-9.021684e+08,8.368966e+06,2.763322e-03,5.372666e+07,0.000000e+00,0.000000e+00,2.187612e+06,0.000000e+00,2.187612e+06,0.000000e+00,0.000000e+00,3.646884e+09,5.587935e-09,6.676972e-14,0.000000e+00,0.000000e+00,0.000000e+00,0.000000e+00,4.079589e+08,6.602568e+10,-6.892212e+08,3.600002e+06,6.768678e+06,0.000000e+00,-1.914502e+02,1.375998e+09,1.463063e+10,-1.615479e+08,9.249429e+05,1.515895e+07,2.680000e+02,-1.746571e+02,-5.210173e+07,0.000000e+00,0.000000e+00
2.481946e+00,4.466593e+09,8.411614e+10,-4.405820e-09,-9.315804e-08,-9.021978e+08,8.368966e+06,2.766778e-03,5.345782e+07,0.000000e+00,0.000000e+00,1.996124e+06,0.000000e+00,1.996124e+06,0.000000e+00,0.000000e+00,3.663351e+09,5.587935e-09,6.676972e-14,0.000000e+00,0.000000e+00,0.000000e+00,0.000000e+00,4.102815e+08,6.600488e+10,-6.891251e+08,3.600002e+06,6.887790e+06,0.000000e+00,-1.914235e+02,1.375769e+09,1.463040e+10,-1.615394e+08,9.249429e+05,1.520609e+07,2.680000e+02,-1.746480e+02,-5.220389e+07,0.000000e+00,0.000000e+00
2.501318e+00,4.487801e+09,8.409310e+10,-8.179541e-09,-1.673311e-07,-9.022355e+08,8.368966e+06,2.768934e-03,5.251985e+07,0.000000e+00,0.000000e+00,3.936239e+06,0.000000e+00,3.936239e+06,0.000000e+00,0.000000e+00,3.679375e+09,5.587935e-09,6.676972e-14,0.000000e+00,0.000000e+00,0.000000e+00,0.000000e+00,4.134382e+08,6.598385e+10,-6.890310e+08,3.600002e+06,7.015943e+06,0.000000e+00,-1.913974e+02,1.379014e+09,1.462572e+10,-1.615275e+08,9.249429e+05,1.525105e+07,2.680000e+02,-1.746351e+02,-5.231062e+07,0.000000e+00,0.000000e+00
2.522035e+00,4.518883e+09,8.406046e+10,-2.505089e-10,-2.877761e-07,-9.022858e+08,8.368966e+06,3.147289e-03,5.077820e+07,0.000000e+00,0.000000e+00,4.692930e+06,0.000000e+00,4.692930e+06,0.000000e+00,0.000000e+00,3.697716e+09,5.587935e-09,6.676972e-14,0.000000e+00,0.000000e+00,0.000000e+00,0.000000e+00,4.178325e+08,6.595881e+10,-6.889180e+08,3.600002e+06,7.144182e+06,0.000000e+00,-1.913660e+02,1.387945e+09,1.461771e+10,-1.615060e+08,9.249429e+05,1.529823e+07,2.680000e+02,-1.746119e+02,-5.244891e+07,0.000000e+00,0.000000e+00
2.540587e+00,4.548118e+09,8.403552e+10,-2.493721e-09,-1.995143e-07,-9.023400e+08,8.368966e+06,2.875479e-03,4.875174e+07,0.000000e+00,0.000000e+00,1.615008e+06,0.000000e+00,1.615008e+06,0.000000e+00,0.000000e+00,3.714756e+09,5.587935e-09,6.676972e-14,0.000000e+00,0.000000e+00,0.000000e+00,0.000000e+00,4.191204e+08,6.594205e+10,-6.888376e+08,3.600002e+06,7.257656e+06,0.000000e+00,-1.913437e+02,1.398516e+09,1.460618e+10,-1.614891e+08,9.249429e+05,1.534526e+07,2.680000e+02,-1.745936e+02,-5.253209e+07,0.000000e+00,0.000000e+00
2.561006e+00,4.573702e+09,8.400219e+10,4.144452e-09,-1.945799e-07,-9.024075e+08,8.368966e+06,2.631133e-03,5.032260e+07,0.000000e+00,0.000000e+00,5.018921e+06,0.000000e+00,5.018921e+06,0.000000e+00,0.000000e+00,3.732524e+09,5.587935e-09,6.676972e-14,0.000000e+00,0.000000e+00,0.000000e+00,0.000000e+00,4.155870e+08,6.592019e+10,-6.887130e+08,3.600002e+06,7.387615e+06,0.000000e+00,-1.913090e+02,1.410493e+09,1.459199e+10,-1.614771e+08,9.244405e+05,1.539487e+07,2.720000e+02,-1.746755e+02,-5.269342e+07,0.000000e+00,0.000000e+00
2.582449e+00,4.605636e+09,8.396554e+10,4.527351e-09,-5.727012e-07,-9.024863e+08,8.368966e+06,3.023056e-03,5.264086e+07,0.000000e+00,0.000000e+00,5.030302e+06,0.000000e+00,5.030302e+06,0.000000e+00,0.000000e+00,3.753492e+09,5.587935e-09,6.676972e-14,0.000000e+00,0.000000e+00,0.000000e+00,0.000000e+00,4.162472e+08,6.587433e+10,-6.884829e+08,3.600002e+06,7.517514e+06,0.000000e+00,-1.912451e+02,1.419723e+09,1.458208e+10,-1.614679e+08,9.244405e+05,1.544583e+07,2.720000e+02,-1.746655e+02,-5.292750e+07,0.000000e+00,0.000000e+00
2.600408e+00,4.628177e+09,8.394402e+10,3.231753e-08,-3.627282e-07,-9.025565e+08,8.368966e+06,2.952323e-03,5.304128e+07,0.000000e+00,0.000000e+00,2.598786e+06,0.000000e+00,2.598786e+06,0.000000e+00,0.000000e+00,3.770372e+09,5.587935e-09,6.676972e-14,0.000000e+00,0.000000e+00,0.000000e+00,0.000000e+00,4.185299e+08,6.584517e+10,-6.883464e+08,3.600002e+06,7.634665e+06,0.000000e+00,-1.912072e+02,1.423348e+09,1.457666e+10,-1.614554e+08,9.244405e+05,1.548742e+07,2.720000e+02,-1.746521e+02,-5.306980e+07,0.000000e+00,0.000000e+00
2.621178e+00,4.646875e+09,8.392954e+10,-2.639001e-08,-5.543068e-07,-9.026408e+08,8.368966e+06,2.941811e-03,4.958727e+07,0.000000e+00,0.000000e+00,1.027251e+06,0.000000e+00,1.027251e+06,0.000000e+00,0.000000e+00,3.788639e+09,5.587935e-09,6.676972e-14,0.000000e+00,0.000000e+00,0.000000e+00,0.000000e+00,4.176694e+08,6.582808e+10,-6.882542e+08,3.600002e+06,7.760412e+06,0.000000e+00,-1.911816e+02,1.425726e+09,1.457542e+10,-1.614406e+08,9.244405e+05,1.553278e+07,2.720000e+02,-1.746360e+02,-5.316977e+07,0.000000e+00,0.000000e+00
2.642602e+00,4.656940e+09,8.391700e+10,2.413628e-09,-6.062364e-07,-9.027272e+08,8.368966e+06,2.917294e-03,5.173746e+07,0.000000e+00,0.000000e+00,5.488264e+05,0.000000e+00,5.488264e+05,0.000000e+00,0.000000e+00,3.806471e+09,5.587935e-09,6.676972e-14,0.000000e+00,0.000000e+00,0.000000e+00,0.000000e+00,4.145184e+08,6.581939e+10,-6.881960e+08,3.600002e+06,7.892644e+06,0.000000e+00,-1.911654e+02,1.422970e+09,1.457514e+10,-1.614312e+08,9.244405e+05,1.557962e+07,2.720000e+02,-1.746259e+02,-5.323279e+07,0.000000e+00,0.000000e+00
2.660134e+00,4.663190e+09,8.390759e+10,-1.534721e-08,7.591323e-07,-9.027953e+08,8.368966e+06,2.926869e-03,5.067034e+07,0.000000e+00,0.000000e+00,1.466192e+06,0.000000e+00,1.466192e+06,0.000000e+00,0.000000e+00,3.819915e+09,5.587935e-09,6.676972e-14,0.000000e+00,0.000000e+00,0.000000e+00,0.000000e+00,4.107352e+08,6.580604e+10,-6.881069e+08,3.600002e+06,7.990598e+06,0.000000e+00,-1.911407e+02,1.420450e+09,1.457730e+10,-1.614263e+08,9.244405e+05,1.561664e+07,2.720000e+02,-1.746205e+02,-5.332930e+07,0.000000e+00,0.000000e+00
2.680976e+00,4.667989e+09,8.390556e+10,-6.045175e-07,1.017848e-06,-9.028731e+08,8.368966e+06,2.963951e-03,4.862419e+07,0.000000e+00,0.000000e+00,6.678880e+05,0.000000e+00,6.678880e+05,0.000000e+00,0.000000e+00,3.835107e+09,5.587935e-09,6.676972e-14,0.000000e+00,0.000000e+00,0.000000e+00,0.000000e+00,4.031271e+08,6.580174e+10,-6.880473e+08,3.600002e+06,8.116275e+06,0.000000e+00,-1.911241e+02,1.418696e+09,1.457992e+10,-1.614207e+08,9.244405e+05,1.565724e+07,2.720000e+02,-1.746145e+02,-5.339148e+07,0.000000e+00,0.000000e+00
2.702780e+00,4.674328e+09,8.389640e+10,9.355670e-07,-5.141934e-06,-9.029498e+08,8.368966e+06,3.222214e-03,5.069988e+07,0.000000e+00,0.000000e+00,6.296211e+05,0.000000e+00,6.296211e+05,0.000000e+00,0.000000e+00,3.850102e+09,5.587935e-09,6.676972e-14,0.000000e+00,0.000000e+00,0.000000e+00,0.000000e+00,3.990918e+08,6.579630e+10,-6.879982e+08,3.600002e+06,8.238794e+06,0.000000e+00,-1.911105e+02,1.415150e+09,1.458101e+10,-1.614146e+08,9.244405e+05,1.570226e+07,2.720000e+02,-1.746079e+02,-5.344796e+07,0.000000e+00,0.000000e+00
2.721991e+00,4.681022e+09,8.388749e+10,-6.360619e-06,2.104128e-05,-9.030157e+08,8.368966e+06,3.162817e-03,5.100474e+07,0.000000e+00,0.000000e+00,1.597331e+06,0.000000e+00,1.597331e+06,0.000000e+00,0.000000e+00,3.863011e+09,5.587935e-09,6.676972e-14,0.000000e+00,0.000000e+00,0.000000e+00,0.000000e+00,3.930437e+08,6.578915e+10,-6.879313e+08,3.600002e+06,8.349272e+06,0.000000e+00,-1.910919e+02,1.415702e+09,1.458055e+10,-1.614059e+08,9.244405e+05,1.574340e+07,2.720000e+02,-1.745984e+02,-5.353082e+07,0.000000e+00,0.000000e+00
2.740847e+00,4.692580e+09,8.387407e+10,1.665897e-06,-2.640449e-06,-9.030783e+08,8.368966e+06,3.000920e-03,5.117927e+07,0.000000e+00,0.000000e+00,2.323720e+06,0.000000e+00,2.323720e+06,0.000000e+00,0.000000e+00,3.875412e+09,5.587935e-09,6.676972e-14,0.000000e+00,0.000000e+00,0.000000e+00,0.000000e+00,3.867583e+08,6.577807e+10,-6.878401e+08,3.600002e+06,8.458930e+06,0.000000e+00,-1.910666e+02,1.421773e+09,1.457350e+10,-1.613929e+08,9.244405e+05,1.578170e+07,2.720000e+02,-1.745844e+02,-5.364838e+07,0.000000e+00,0.000000e+00
2.762225e+00,4.713885e+09,8.384606e+10,1.042848e-06,-1.696038e-06,-9.031499e+08,8.368966e+06,3.068668e-03,5.172583e+07,0.000000e+00,0.000000e+00,4.498510e+06,0.000000e+00,4.498510e+06,0.000000e+00,0.000000e+00,3.891657e+09,5.587935e-09,6.676972e-14,0.000000e+00,0.000000e+00,0.000000e+00,0.000000e+00,3.828124e+08,6.573084e+10,-6.875718e+08,3.600002e+06,8.576545e+06,0.000000e+00,-1.909921e+02,1.431875e+09,1.456405e+10,-1.613845e+08,9.239381e+05,1.582221e+07,2.760000e+02,-1.746702e+02,-5.393213e+07,0.000000e+00,0.000000e+00
2.780485e+00,4.732533e+09,8.382704e+10,2.051413e-07,2.137982e-08,-9.032092e+08,8.368966e+06,3.008340e-03,5.275516e+07,0.000000e+00,0.000000e+00,3.112856e+06,0.000000e+00,3.112856e+06,0.000000e+00,0.000000e+00,3.908355e+09,5.587935e-09,6.676972e-14,0.000000e+00,0.000000e+00,0.000000e+00,0.000000e+00,3.780786e+08,6.569915e+10,-6.873899e+08,3.600002e+06,8.693526e+06,0.000000e+00,-1.909415e+02,1.438807e+09,1.455675e+10,-1.613812e+08,9.239381e+05,1.585680e+07,2.760000e+02,-1.746667e+02,-5.410574e+07,0.000000e+00,0.000000e+00
2.802581e+00,4.751507e+09,8.380207e+10,-1.061893e-06,-7.984989e-07,-9.032799e+08,8.368966e+06,3.164804e-03,5.509782e+07,0.000000e+00,0.000000e+00,4.107152e+06,0.000000e+00,4.107152e+06,0.000000e+00,0.000000e+00,3.928652e+09,5.587935e-09,6.676972e-14,0.000000e+00,0.000000e+00,0.000000e+00,0.000000e+00,3.723252e+08,6.566662e+10,-6.871985e+08,3.600002e+06,8.820393e+06,0.000000e+00,-1.908884e+02,1.444027e+09,1.454924e+10,-1.613774e+08,9.239381e+05,1.590305e+07,2.760000e+02,-1.746626e+02,-5.430688e+07,0.000000e+00,0.000000e+00
2.821353e+00,4.771032e+09,8.377464e+10,-6.565812e-07,-1.511626e-06,-9.033372e+08,8.368966e+06,3.078512e-03,5.576694e+07,0.000000e+00,0.000000e+00,9.636743e+06,0.000000e+00,9.636743e+06,0.000000e+00,0.000000e+00,3.946254e+09,5.587935e-09,6.676972e-14,0.000000e+00,0.000000e+00,0.000000e+00,0.000000e+00,3.691948e+08,6.563614e+10,-6.870216e+08,3.600002e+06,8.962011e+06,0.000000e+00,-1.908392e+02,1.448810e+09,1.454486e+10,-1.613712e+08,9.239381e+05,1.594038e+07,2.760000e+02,-1.746559e+02,-5.448788e+07,0.000000e+00,0.000000e+00
2.842562e+00,4.795308e+09,8.374990e+10,-1.451302e-06,-9.614047e-06,-9.033987e+08,8.368966e+06,2.962822e-03,5.576632e+07,0.000000e+00,0.000000e+00,8.957074e+06,0.000000e+00,8.957074e+06,0.000000e+00,0.000000e+00,3.967227e+09,5.587935e-09,6.676972e-14,0.000000e+00,0.000000e+00,0.000000e+00,0.000000e+00,3.681405e+08,6.560078e+10,-6.868291e+08,3.600002e+06,9.089136e+06,0.000000e+00,-1.907857e+02,1.452624e+09,1.454082e+10,-1.613617e+08,9.234356e+05,1.597938e+07,2.800000e+02,-1.747406e+02,-5.469953e+07,0.000000e+00,0.000000e+00
2.860072e+00,4.811151e+09,8.373530e+10,-9.658633e-06,-6.227697e-05,-9.034446e+08,8.368966e+06,2.855930e-03,5.716810e+07,0.000000e+00,0.000000e+00,5.027422e+06,0.000000e+00,5.027422e+06,0.000000e+00,0.000000e+00,3.984821e+09,5.587935e-09,6.676972e-14,0.000000e+00,0.000000e+00,0.000000e+00,0.000000e+00,3.675995e+08,6.555898e+10,-6.866146e+08,3.600002e+06,9.225951e+06,0.000000e+00,-1.907262e+02,1.451803e+09,1.454146e+10,-1.613561e+08,9.234356e+05,1.601007e+07,2.800000e+02,-1.747345e+02,-5.491410e+07,0.000000e+00,0.000000e+00
2.880292e+00,4.826761e+09,8.371643e+10,-1.276430e-05,-4.056079e-04,-9.034911e+08,8.368966e+06,3.114303e-03,6.098578e+07,0.000000e+00,0.000000e+00,2.798054e+06,0.000000e+00,2.798054e+06,0.000000e+00,0.000000e+00,4.004616e+09,5.587935e-09,6.676972e-14,0.000000e+00,0.000000e+00,0.000000e+00,0.000000e+00,3.685600e+08,6.551775e+10,-6.864159e+08,3.600002e+06,9.368606e+06,0.000000e+00,-1.906710e+02,1.447241e+09,1.454257e+10,-1.613523e+08,9.234356e+05,1.604768e+07,2.800000e+02,-1.747305e+02,-5.511248e+07,0.000000e+00,0.000000e+00
2.901820e+00,4.842225e+09,8.370347e+10,-8.561863e-06,-1.592480e-03,-9.035350e+08,8.368966e+06,3.040101e-03,5.855235e+07,0.000000e+00,0.000000e+00,2.249456e+06,0.000000e+00,2.249456e+06,0.000000e+00,0.000000e+00,4.025427e+09,5.587935e-09,6.676972e-14,0.000000e+00,0.000000e+00,0.000000e+00,0.000000e+00,3.678791e+08,6.548192e+10,-6.862347e+08,3.600002e+06,9.515589e+06,0.000000e+00,-1.906206e+02,1.443433e+09,1.454800e+10,-1.613583e+08,9.234356e+05,1.608986e+07,2.800000e+02,-1.747369e+02,-5.528262e+07,0.000000e+00,0.000000e+00
2.920067e+00,4.856445e+09,8.368871e+10,-4.160512e-05,-3.587985e-03,-9.035668e+08,8.368966e+06,3.040175e-03,5.923895e+07,0.000000e+00,0.000000e+00,1.783014e+06,0.000000e+00,1.783014e+06,0.000000e+00,0.000000e+00,4.042637e+09,5.587935e-09,6.676972e-14,0.000000e+00,0.000000e+00,0.000000e+00,0.000000e+00,3.684262e+08,6.545636e+10,-6.861085e+08,3.600002e+06,9.636470e+06,0.000000e+00,-1.905856e+02,1.440455e+09,1.455049e+10,-1.613641e+08,9.234356e+05,1.612394e+07,2.800000e+02,-1.747432e+02,-5.539654e+07,0.000000e+00,0.000000e+00
2.941323e+00,4.871690e+09,8.366887e+10,-1.818944e-05,-4.189049e-03,-9.036004e+08,8.368966e+06,3.032983e-03,6.227648e+07,0.000000e+00,0.000000e+00,2.544608e+06,0.000000e+00,2.544608e+06,0.000000e+00,0.000000e+00,4.060706e+09,5.587935e-09,6.676972e-14,0.000000e+00,0.000000e+00,0.000000e+00,0.000000e+00,3.687455e+08,6.542741e+10,-6.859631e+08,3.600002e+06,9.773734e+06,0.000000e+00,-1.905452e+02,1.438732e+09,1.455056e+10,-1.613795e+08,9.234356e+05,1.616468e+07,2.800000e+02,-1.747599e+02,-5.553340e+07,0.000000e+00,0.000000e+00
2.962507e+00,4.891160e+09,8.364878e+10,-1.001396e-04,-4.461300e-03,-9.036286e+08,8.368966e+06,3.009919e-03,6.108694e+07,0.000000e+00,0.000000e+00,3.648615e+06,0.000000e+00,3.648615e+06,0.000000e+00,0.000000e+00,4.078070e+09,5.587935e-09,6.676972e-14,0.000000e+00,0.000000e+00,0.000000e+00,0.000000e+00,3.668955e+08,6.538676e+10,-6.857484e+08,3.600002e+06,9.902321e+06,0.000000e+00,-1.904855e+02,1.443643e+09,1.454758e+10,-1.613987e+08,9.234356e+05,1.620793e+07,2.800000e+02,-1.747806e+02,-5.574539e+07,0.000000e+00,0.000000e+00
2.980663e+00,4.915706e+09,8.362411e+10,-1.739653e-03,-4.449917e-03,-9.036502e+08,8.368966e+06,3.027483e-03,6.144858e+07,0.000000e+00,0.000000e+00,2.827250e+06,0.000000e+00,2.827250e+06,0.000000e+00,0.000000e+00,4.093283e+09,5.587935e-09,6.676972e-14,0.000000e+00,0.000000e+00,0.000000e+00,0.000000e+00,3.684388e+08,6.533865e+10,-6.855070e+08,3.600002e+06,1.001155e+07,0.000000e+00,-1.904185e+02,1.452381e+09,1.454003e+10,-1.614162e+08,9.234356e+05,1.624076e+07,2.800000e+02,-1.747997e+02,-5.596088e+07,0.000000e+00,0.000000e+00
3.001851e+00,4.942439e+09,8.359642e+10,-3.311039e-03,2.385858e-03,-9.036720e+08,8.368966e+06,3.029158e-03,6.112712e+07,0.000000e+00,0.000000e+00,3.124574e+06,0.000000e+00,3.124574e+06,0.000000e+00,0.000000e+00,4.111014e+09,5.587935e-09,6.676972e-14,0.000000e+00,0.000000e+00,0.000000e+00,0.000000e+00,3.691323e+08,6.529495e+10,-6.852851e+08,3.600002e+06,1.013197e+07,0.000000e+00,-1.903568e+02,1.463099e+09,1.453089e+10,-1.614359e+08,9.234356e+05,1.627705e+07,2.800000e+02,-1.748210e+02,-5.616177e+07,0.000000e+00,0.000000e+00
3.020031e+00,4.960223e+09,8.357617e+10,-8.576524e-03,-2.383529e-03,-9.036899e+08,8.368966e+06,3.032017e-03,6.122277e+07,0.000000e+00,0.000000e+00,4.601100e+06,0.000000e+00,4.601100e+06,0.000000e+00,0.000000e+00,4.125640e+09,5.587935e-09,6.676972e-14,0.000000e+00,0.000000e+00,0.000000e+00,0.000000e+00,3.681111e+08,6.526091e+10,-6.851058e+08,3.600002e+06,1.024198e+07,0.000000e+00,-1.903071e+02,1.468808e+09,1.452514e+10,-1.614524e+08,9.234356e+05,1.630894e+07,2.800000e+02,-1.748388e+02,-5.631619e+07,0.000000e+00,0.000000e+00
3.041253e+00,4.981332e+09,8.355011e+10,1.409047e-02,-1.381053e-02,-9.037091e+08,8.368966e+06,3.028684e-03,6.416993e+07,0.000000e+00,0.000000e+00,4.277708e+06,0.000000e+00,4.277708e+06,0.000000e+00,0.000000e+00,4.145447e+09,5.587935e-09,6.676972e-14,0.000000e+00,0.000000e+00,0.000000e+00,0.000000e+00,3.663311e+08,6.524044e+10,-6.849915e+08,3.600002e+06,1.036211e+07,0.000000e+00,-1.902753e+02,1.474433e+09,1.451316e+10,-1.614116e+08,9.229332e+05,1.636455e+07,2.840000e+02,-1.748898e+02,-5.646815e+07,0.000000e+00,0.000000e+00
3.062477e+00,5.008164e+09,8.352480e+10,2.443572e-02,-1.499174e-02,-9.037280e+08,8.368966e+06,2.958858e-03,6.216868e+07,0.000000e+00,0.000000e+00,3.079569e+06,0.000000e+00,3.079569e+06,0.000000e+00,0.000000e+00,4.169947e+09,5.587935e-09,6.676972e-14,0.000000e+00,0.000000e+00,0.000000e+00,0.000000e+00,3.626337e+08,6.523858e+10,-6.849623e+08,3.600002e+06,1.049169e+07,0.000000e+00,-1.902672e+02,1.487200e+09,1.449609e+10,-1.613197e+08,9.229332e+05,1.643049e+07,2.840000e+02,-1.747902e+02,-5.658227e+07,0.000000e+00,0.000000e+00
3.080209e+00,5.026953e+09,8.350473e+10,-2.281124e-02,-3.212171e-02,-9.037444e+08,8.368966e+06,2.956262e-03,6.196633e+07,0.000000e+00,0.000000e+00,3.838410e+06,0.000000e+00,3.838410e+06,0.000000e+00,0.000000e+00,4.190051e+09,5.587935e-09,6.676972e-14,0.000000e+00,0.000000e+00,0.000000e+00,0.000000e+00,3.612971e+08,6.523305e+10,-6.849247e+08,3.600002e+06,1.059626e+07,0.000000e+00,-1.902567e+02,1.494463e+09,1.448502e+10,-1.612779e+08,9.229332e+05,1.649393e+07,2.840000e+02,-1.747449e+02,-5.666846e+07,0.000000e+00,0.000000e+00
3.100920e+00,5.046404e+09,8.348317e+10,-3.614487e-02,-4.083778e-02,-9.037655e+08,8.368966e+06,2.961925e-03,6.206434e+07,0.000000e+00,0.000000e+00,4.845306e+06,0.000000e+00,4.845306e+06,0.000000e+00,0.000000e+00,4.211261e+09,5.587935e-09,6.676972e-14,0.000000e+00,0.000000e+00,0.000000e+00,0.000000e+00,3.617193e+08,6.521796e+10,-6.848465e+08,3.600002e+06,1.071064e+07,0.000000e+00,-1.902350e+02,1.496974e+09,1.447645e+10,-1.612119e+08,9.224308e+05,1.655792e+07,2.880000e+02,-1.747686e+02,-5.682322e+07,0.000000e+00,0.000000e+00
3.121677e+00,5.065657e+09,8.346418e+10,-4.529331e-02,-4.824613e-02,-9.037891e+08,8.368966e+06,2.966984e-03,6.207502e+07,0.000000e+00,0.000000e+00,4.271288e+06,0.000000e+00,4.271288e+06,0.000000e+00,0.000000e+00,4.232660e+09,5.587935e-09,6.676972e-14,0.000000e+00,0.000000e+00,0.000000e+00,0.000000e+00,3.613239e+08,6.519713e+10,-6.847384e+08,3.600002e+06,1.081851e+07,0.000000e+00,-1.902050e+02,1.499808e+09,1.446563e+10,-1.610974e+08,9.224308e+05,1.663150e+07,2.880000e+02,-1.746444e+02,-5.704747e+07,0.000000e+00,0.000000e+00
3.142821e+00,5.084184e+09,8.344850e+10,2.213185e-02,-1.733725e-01,-9.038160e+08,8.368966e+06,3.093645e-03,6.166033e+07,0.000000e+00,0.000000e+00,8.766162e+05,0.000000e+00,8.766162e+05,0.000000e+00,0.000000e+00,4.253260e+09,5.587935e-09,6.676972e-14,0.000000e+00,0.000000e+00,0.000000e+00,0.000000e+00,3.599129e+08,6.518203e+10,-6.846513e+08,3.600002e+06,1.093507e+07,0.000000e+00,-1.901808e+02,1.503698e+09,1.445787e+10,-1.610369e+08,9.224308e+05,1.669881e+07,2.880000e+02,-1.745788e+02,-5.717610e+07,0.000000e+00,0.000000e+00
3.161374e+00,5.095739e+09,8.343266e+10,-2.461373e-03,-1.550370e-01,-9.038419e+08,8.368966e+06,3.070910e-03,6.074956e+07,0.000000e+00,0.000000e+00,3.896599e+06,0.000000e+00,3.896599e+06,0.000000e+00,0.000000e+00,4.267417e+09,5.587935e-09,6.676972e-14,0.000000e+00,0.000000e+00,0.000000e+00,0.000000e+00,3.591531e+08,6.517534e+10,-6.846106e+08,3.600002e+06,1.102845e+07,0.000000e+00,-1.901695e+02,1.503263e+09,1.445278e+10,-1.609958e+08,9.209236e+05,1.674612e+07,3.000000e+02,-1.748199e+02,-5.727894e+07,0.000000e+00,0.000000e+00
3.182974e+00,5.116865e+09,8.340055e+10,-1.922099e-02,-3.605981e-02,-9.038735e+08,8.368966e+06,3.036780e-03,6.521563e+07,0.000000e+00,0.000000e+00,6.173328e+06,0.000000e+00,6.173328e+06,0.000000e+00,0.000000e+00,4.287844e+09,5.587935e-09,6.676972e-14,0.000000e+00,0.000000e+00,0.000000e+00,0.000000e+00,3.564953e+08,6.516916e+10,-6.845658e+08,3.600002e+06,1.113090e+07,0.000000e+00,-1.901570e+02,1.512531e+09,1.441907e+10,-1.607225e+08,9.204212e+05,1.683173e+07,3.040000e+02,-1.746184e+02,-5.760157e+07,0.000000e+00,0.000000e+00
3.201407e+00,5.139834e+09,8.338186e+10,3.755208e-02,5.659908e-02,-9.039011e+08,8.368966e+06,3.111972e-03,6.436304e+07,0.000000e+00,0.000000e+00,1.957362e+06,0.000000e+00,1.957362e+06,0.000000e+00,0.000000e+00,4.308679e+09,5.587935e-09,6.676972e-14,0.000000e+00,0.000000e+00,0.000000e+00,0.000000e+00,3.537571e+08,6.515818e+10,-6.844923e+08,3.600002e+06,1.122027e+07,0.000000e+00,-1.901366e+02,1.525652e+09,1.440230e+10,-1.606384e+08,9.204212e+05,1.690100e+07,3.040000e+02,-1.745271e+02,-5.773450e+07,0.000000e+00,0.000000e+00
3.222822e+00,5.161347e+09,8.335957e+10,-4.535644e-03,1.677461e-01,-9.039306e+08,8.368966e+06,3.038628e-03,6.292518e+07,0.000000e+00,0.000000e+00,2.738335e+06,0.000000e+00,2.738335e+06,0.000000e+00,0.000000e+00,4.328118e+09,5.587935e-09,6.676972e-14,0.000000e+00,0.000000e+00,0.000000e+00,0.000000e+00,3.504830e+08,6.514606e+10,-6.844118e+08,3.600002e+06,1.133071e+07,0.000000e+00,-1.901143e+02,1.535106e+09,1.439150e+10,-1.606255e+08,9.189139e+05,1.696654e+07,3.160000e+02,-1.747993e+02,-5.784267e+07,0.000000e+00,0.000000e+00
3.241386e+00,5.180159e+09,8.332807e+10,5.763992e-02,6.886353e-02,-9.039542e+08,8.368966e+06,3.123395e-03,6.465860e+07,0.000000e+00,0.000000e+00,1.057563e+07,0.000000e+00,1.057563e+07,0.000000e+00,0.000000e+00,4.344841e+09,5.587935e-09,6.676972e-14,0.000000e+00,0.000000e+00,0.000000e+00,0.000000e+00,3.494430e+08,6.513788e+10,-6.843613e+08,3.600002e+06,1.142017e+07,0.000000e+00,-1.901003e+02,1.541845e+09,1.435939e+10,-1.604152e+08,9.184115e+05,1.702544e+07,3.200000e+02,-1.746659e+02,-5.813292e+07,0.000000e+00,0.000000e+00
3.262420e+00,5.211401e+09,8.328221e+10,4.536141e-02,4.573381e-02,-9.039788e+08,8.368966e+06,2.854520e-03,6.908032e+07,0.000000e+00,0.000000e+00,1.429547e+07,0.000000e+00,1.429547e+07,0.000000e+00,0.000000e+00,4.370303e+09,5.587935e-09,6.676972e-14,0.000000e+00,0.000000e+00,0.000000e+00,0.000000e+00,3.493820e+08,6.512643e+10,-6.843014e+08,3.600002e+06,1.151734e+07,0.000000e+00,-1.900836e+02,1.558980e+09,1.430428e+10,-1.600402e+08,9.184115e+05,1.711172e+07,3.200000e+02,-1.742576e+02,-5.860793e+07,0.000000e+00,0.000000e+00
3.282667e+00,5.262712e+09,8.321783e+10,-1.498816e-01,3.716242e-03,-9.040019e+08,8.368966e+06,2.930121e-03,7.487210e+07,0.000000e+00,0.000000e+00,1.591208e+07,0.000000e+00,1.591208e+07,0.000000e+00,0.000000e+00,4.403837e+09,5.587935e-09,6.676972e-14,0.000000e+00,0.000000e+00,0.000000e+00,0.000000e+00,3.523982e+08,6.510575e+10,-6.842037e+08,3.600002e+06,1.161078e+07,0.000000e+00,-1.900565e+02,1.589597e+09,1.421719e+10,-1.594653e+08,9.179091e+05,1.719336e+07,3.240000e+02,-1.737267e+02,-5.926528e+07,0.000000e+00,0.000000e+00
3.300709e+00,5.306920e+09,8.318678e+10,-9.357049e-02,-1.397279e-01,-9.040220e+08,8.368966e+06,3.056223e-03,7.176610e+07,0.000000e+00,0.000000e+00,4.073846e+06,0.000000e+00,4.073846e+06,0.000000e+00,0.000000e+00,4.437928e+09,5.587935e-09,6.676972e-14,0.000000e+00,0.000000e+00,0.000000e+00,0.000000e+00,3.556818e+08,6.508588e+10,-6.841161e+08,3.600002e+06,1.169511e+07,0.000000e+00,-1.900321e+02,1.616295e+09,1.417091e+10,-1.591727e+08,9.164019e+05,1.725795e+07,3.360000e+02,-1.736931e+02,-5.960144e+07,0.000000e+00,0.000000e+00
3.322118e+00,5.337397e+09,8.315677e+10,1.382450e-01,1.492469e-01,-9.040468e+08,8.368966e+06,3.060882e-03,7.312122e+07,0.000000e+00,0.000000e+00,1.204065e+06,0.000000e+00,1.204065e+06,0.000000e+00,0.000000e+00,4.467675e+09,5.587935e-09,6.676972e-14,0.000000e+00,0.000000e+00,0.000000e+00,0.000000e+00,3.570140e+08,6.507129e+10,-6.840453e+08,3.600002e+06,1.178693e+07,0.000000e+00,-1.900125e+02,1.627543e+09,1.414882e+10,-1.590891e+08,9.158994e+05,1.733634e+07,3.400000e+02,-1.736971e+02,-5.973376e+07,0.000000e+00,0.000000e+00
3.340488e+00,5.351038e+09,8.314262e+10,3.220063e-01,1.979833e-02,-9.040705e+08,8.368966e+06,3.060463e-03,6.925759e+07,0.000000e+00,0.000000e+00,3.751282e+06,0.000000e+00,3.751282e+06,0.000000e+00,0.000000e+00,4.487063e+09,5.587935e-09,6.676972e-14,0.000000e+00,0.000000e+00,0.000000e+00,0.000000e+00,3.590855e+08,6.506029e+10,-6.839982e+08,3.600002e+06,1.186639e+07,0.000000e+00,-1.899994e+02,1.625212e+09,1.414266e+10,-1.590100e+08,9.148946e+05,1.740208e+07,3.480000e+02,-1.738014e+02,-5.987383e+07,0.000000e+00,0.000000e+00
3.361891e+00,5.370860e+09,8.312088e+10,5.439772e-01,6.904269e-01,-9.041027e+08,8.368966e+06,3.056033e-03,6.952315e+07,0.000000e+00,0.000000e+00,4.570806e+06,0.000000e+00,4.570806e+06,0.000000e+00,0.000000e+00,4.508070e+09,5.587935e-09,6.676972e-14,0.000000e+00,0.000000e+00,0.000000e+00,0.000000e+00,3.634929e+08,6.504033e+10,-6.839126e+08,3.600002e+06,1.196150e+07,0.000000e+00,-1.899756e+02,1.622885e+09,1.412505e+10,-1.588612e+08,9.143922e+05,1.747707e+07,3.520000e+02,-1.737342e+02,-6.011617e+07,0.000000e+00,0.000000e+00
3.380231e+00,5.389831e+09,8.310229e+10,3.479943e-01,6.312601e-01,-9.041356e+08,8.368966e+06,3.057841e-03,7.051219e+07,0.000000e+00,0.000000e+00,2.072184e+06,0.000000e+00,2.072184e+06,0.000000e+00,0.000000e+00,4.525722e+09,5.587935e-09,6.676972e-14,0.000000e+00,0.000000e+00,0.000000e+00,0.000000e+00,3.672632e+08,6.502287e+10,-6.838390e+08,3.600002e+06,1.204567e+07,0.000000e+00,-1.899552e+02,1.623225e+09,1.410891e+10,-1.587307e+08,9.143922e+05,1.753773e+07,3.520000e+02,-1.735914e+02,-6.031086e+07,0.000000e+00,0.000000e+00
3.401616e+00,5.414750e+09,8.307903e+10,-2.509470e-01,1.918973e-01,-9.041791e+08,8.368966e+06,2.764967e-03,6.837339e+07,0.000000e+00,0.000000e+00,1.304038e+06,0.000000e+00,1.304038e+06,0.000000e+00,0.000000e+00,4.543903e+09,5.587935e-09,6.676972e-14,0.000000e+00,0.000000e+00,0.000000e+00,0.000000e+00,3.714212e+08,6.500321e+10,-6.837548e+08,3.600002e+06,1.213377e+07,0.000000e+00,-1.899318e+02,1.628417e+09,1.409392e+10,-1.586578e+08,9.138898e+05,1.760932e+07,3.560000e+02,-1.736071e+02,-6.046787e+07,0.000000e+00,0.000000e+00
3.421096e+00,5.440036e+09,8.304348e+10,-9.453719e-01,3.744470e-01,-9.042230e+08,8.368966e+06,2.834206e-03,7.212987e+07,0.000000e+00,0.000000e+00,5.227427e+06,0.000000e+00,5.227427e+06,0.000000e+00,0.000000e+00,4.559782e+09,5.587935e-09,6.676972e-14,0.000000e+00,0.000000e+00,0.000000e+00,0.000000e+00,3.730971e+08,6.497342e+10,-6.835997e+08,3.600002e+06,1.222938e+07,0.000000e+00,-1.898887e+02,1.636596e+09,1.407982e+10,-1.586200e+08,9.133874e+05,1.767072e+07,3.600000e+02,-1.736612e+02,-6.066396e+07,0.000000e+00,0.000000e+00
3.440832e+00,5.465708e+09,8.301580e+10,-3.944600e-01,9.593716e-01,-9.042680e+08,8.368966e+06,2.619575e-03,7.250708e+07,0.000000e+00,0.000000e+00,6.019156e+06,0.000000e+00,6.019156e+06,0.000000e+00,0.000000e+00,4.577712e+09,5.587935e-09,6.676972e-14,0.000000e+00,0.000000e+00,0.000000e+00,0.000000e+00,3.754103e+08,6.493675e+10,-6.834117e+08,3.600002e+06,1.231675e+07,0.000000e+00,-1.898365e+02,1.645965e+09,1.406921e+10,-1.585877e+08,9.133874e+05,1.773405e+07,3.600000e+02,-1.736259e+02,-6.089132e+07,0.000000e+00,0.000000e+00
3.461655e+00,5.493020e+09,8.298588e+10,-3.337029e-01,1.536868e+00,-9.043151e+08,8.368966e+06,2.539808e-03,7.581638e+07,0.000000e+00,0.000000e+00,2.472634e+06,0.000000e+00,2.472634e+06,0.000000e+00,0.000000e+00,4.598656e+09,5.587935e-09,6.676972e-14,0.000000e+00,0.000000e+00,0.000000e+00,0.000000e+00,3.794575e+08,6.489770e+10,-6.832217e+08,3.600002e+06,1.241964e+07,0.000000e+00,-1.897837e+02,1.653161e+09,1.405529e+10,-1.585363e+08,9.128849e+05,1.779874e+07,3.640000e+02,-1.736651e+02,-6.112770e+07,0.000000e+00,0.000000e+00
3.480769e+00,5.522401e+09,8.295329e+10,-3.575320e-01,1.254093e+00,-9.043577e+08,8.368966e+06,2.593357e-03,7.618422e+07,0.000000e+00,0.000000e+00,4.127869e+06,0.000000e+00,4.127869e+06,0.000000e+00,0.000000e+00,4.618771e+09,5.587935e-09,6.676972e-14,0.000000e+00,0.000000e+00,0.000000e+00,0.000000e+00,3.861488e+08,6.486557e+10,-6.830791e+08,3.600002e+06,1.254122e+07,0.000000e+00,-1.897441e+02,1.660142e+09,1.403802e+10,-1.584701e+08,9.128849e+05,1.785479e+07,3.640000e+02,-1.735926e+02,-6.134145e+07,0.000000e+00,0.000000e+00
3.501566e+00,5.556815e+09,8.291329e+10,-2.013626e-02,1.358781e+00,-9.044032e+08,8.368966e+06,2.563109e-03,7.878762e+07,0.000000e+00,0.000000e+00,4.042108e+06,0.000000e+00,4.042108e+06,0.000000e+00,0.000000e+00,4.640847e+09,5.587935e-09,6.676972e-14,0.000000e+00,0.000000e+00,0.000000e+00,0.000000e+00,3.957668e+08,6.481532e+10,-6.828580e+08,3.600002e+06,1.266070e+07,0.000000e+00,-1.896827e+02,1.669549e+09,1.401644e+10,-1.583898e+08,9.128849e+05,1.791705e+07,3.640000e+02,-1.735046e+02,-6.165884e+07,0.000000e+00,0.000000e+00
3.522134e+00,5.590212e+09,8.287234e+10,-6.784173e-01,1.690504e+00,-9.044442e+08,8.368966e+06,2.503916e-03,7.998118e+07,0.000000e+00,0.000000e+00,6.758853e+06,0.000000e+00,6.758853e+06,0.000000e+00,0.000000e+00,4.665189e+09,5.587935e-09,6.676972e-14,0.000000e+00,0.000000e+00,0.000000e+00,0.000000e+00,3.998372e+08,6.475889e+10,-6.825823e+08,3.600002e+06,1.282934e+07,0.000000e+00,-1.896061e+02,1.680400e+09,1.399154e+10,-1.582719e+08,9.123826e+05,1.797907e+07,3.680000e+02,-1.734709e+02,-6.206273e+07,0.000000e+00,0.000000e+00
3.542069e+00,5.614795e+09,8.283386e+10,-1.082381e+00,1.753291e+00,-9.044778e+08,8.368966e+06,2.508855e-03,8.382014e+07,0.000000e+00,0.000000e+00,1.007040e+07,0.000000e+00,1.007040e+07,0.000000e+00,0.000000e+00,4.691061e+09,5.587935e-09,6.676972e-14,0.000000e+00,0.000000e+00,0.000000e+00,0.000000e+00,4.006937e+08,6.468040e+10,-6.821807e+08,3.600002e+06,1.296349e+07,0.000000e+00,-1.894945e+02,1.685917e+09,1.397469e+10,-1.581637e+08,9.123826e+05,1.805305e+07,3.680000e+02,-1.733524e+02,-6.259324e+07,0.000000e+00,0.000000e+00
3.560237e+00,5.638406e+09,8.280333e+10,-1.179510e+00,1.040734e+00,-9.045048e+08,8.368966e+06,2.634379e-03,9.142961e+07,0.000000e+00,0.000000e+00,7.275134e+06,0.000000e+00,7.275134e+06,0.000000e+00,0.000000e+00,4.718964e+09,5.587935e-09,6.676972e-14,0.000000e+00,0.000000e+00,0.000000e+00,0.000000e+00,4.000296e+08,6.462366e+10,-6.818867e+08,3.600002e+06,1.310156e+07,0.000000e+00,-1.894128e+02,1.690344e+09,1.395220e+10,-1.579935e+08,9.123826e+05,1.815195e+07,3.680000e+02,-1.731658e+02,-6.302852e+07,0.000000e+00,0.000000e+00
3.581619e+00,5.667699e+09,8.277783e+10,-1.309455e+00,8.057699e-02,-9.045332e+08,8.368966e+06,2.926447e-03,8.998403e+07,0.000000e+00,0.000000e+00,2.505567e+06,0.000000e+00,2.505567e+06,0.000000e+00,0.000000e+00,4.754944e+09,5.587935e-09,6.676972e-14,0.000000e+00,0.000000e+00,0.000000e+00,0.000000e+00,3.973798e+08,6.459053e+10,-6.817001e+08,3.600002e+06,1.326538e+07,0.000000e+00,-1.893610e+02,1.700468e+09,1.393071e+10,-1.578585e+08,9.123826e+05,1.828299e+07,3.680000e+02,-1.730179e+02,-6.333977e+07,0.000000e+00,0.000000e+00
3.600953e+00,5.697499e+09,8.274520e+10,-6.708437e-01,-2.212642e-02,-9.045578e+08,8.368966e+06,2.643271e-03,8.733260e+07,0.000000e+00,0.000000e+00,5.480954e+06,0.000000e+00,5.480954e+06,0.000000e+00,0.000000e+00,4.784233e+09,5.587935e-09,6.676972e-14,0.000000e+00,0.000000e+00,0.000000e+00,0.000000e+00,3.986009e+08,6.455104e+10,-6.814946e+08,3.600002e+06,1.342698e+07,0.000000e+00,-1.893039e+02,1.707797e+09,1.390294e+10,-1.576983e+08,9.113778e+05,1.839316e+07,3.760000e+02,-1.730329e+02,-6.372385e+07,0.000000e+00,0.000000e+00
3.622011e+00,5.734742e+09,8.270112e+10,-2.236844e-01,9.749792e-01,-9.045847e+08,8.368966e+06,2.618780e-03,8.906774e+07,0.000000e+00,0.000000e+00,7.517545e+06,0.000000e+00,7.517545e+06,0.000000e+00,0.000000e+00,4.814993e+09,5.587935e-09,6.676972e-14,0.000000e+00,0.000000e+00,0.000000e+00,0.000000e+00,4.009175e+08,6.450058e+10,-6.812376e+08,3.600002e+06,1.361554e+07,0.000000e+00,-1.892326e+02,1.717973e+09,1.385617e+10,-1.574180e+08,9.108753e+05,1.849676e+07,3.800000e+02,-1.728206e+02,-6.427280e+07,0.000000e+00,0.000000e+00
3.640383e+00,5.766642e+09,8.266623e+10,-6.494069e-01,1.538630e+00,-9.046097e+08,8.368966e+06,2.620517e-03,9.223574e+07,0.000000e+00,0.000000e+00,5.992024e+06,0.000000e+00,5.992024e+06,0.000000e+00,0.000000e+00,4.842822e+09,5.587935e-09,6.676972e-14,0.000000e+00,0.000000e+00,0.000000e+00,0.000000e+00,4.013828e+08,6.445890e+10,-6.810151e+08,3.600002e+06,1.379850e+07,0.000000e+00,-1.891708e+02,1.729714e+09,1.381368e+10,-1.571965e+08,9.108753e+05,1.858522e+07,3.800000e+02,-1.725774e+02,-6.470729e+07,0.000000e+00,0.000000e+00
3.661469e+00,5.802412e+09,8.263249e+10,-1.055017e+00,1.885346e+00,-9.046408e+08,8.368966e+06,2.650886e-03,9.033861e+07,0.000000e+00,0.000000e+00,3.900444e+06,0.000000e+00,3.900444e+06,0.000000e+00,0.000000e+00,4.875939e+09,5.587935e-09,6.676972e-14,0.000000e+00,0.000000e+00,0.000000e+00,0.000000e+00,3.979012e+08,6.442267e+10,-6.808111e+08,3.600002e+06,1.399405e+07,0.000000e+00,-1.891141e+02,1.743379e+09,1.376813e+10,-1.569673e+08,9.103729e+05,1.868485e+07,3.840000e+02,-1.724208e+02,-6.512242e+07,0.000000e+00,0.000000e+00
3.682587e+00,5.837324e+09,8.259795e+10,-8.709959e-01,1.602319e+00,-9.046735e+08,8.368966e+06,2.647426e-03,8.815673e+07,0.000000e+00,0.000000e+00,4.132260e+06,0.000000e+00,4.132260e+06,0.000000e+00,0.000000e+00,4.907501e+09,5.587935e-09,6.676972e-14,0.000000e+00,0.000000e+00,0.000000e+00,0.000000e+00,3.951792e+08,6.439870e+10,-6.806705e+08,3.600002e+06,1.419676e+07,0.000000e+00,-1.890750e+02,1.755468e+09,1.372901e+10,-1.567640e+08,9.103729e+05,1.878829e+07,3.840000e+02,-1.721975e+02,-6.547195e+07,0.000000e+00,0.000000e+00
3.701061e+00,5.863204e+09,8.256888e+10,-9.271075e-01,7.714322e-01,-9.047027e+08,8.368966e+06,2.639921e-03,8.932783e+07,0.000000e+00,0.000000e+00,4.625092e+06,0.000000e+00,4.625092e+06,0.000000e+00,0.000000e+00,4.934757e+09,5.587935e-09,6.676972e-14,0.000000e+00,0.000000e+00,0.000000e+00,0.000000e+00,3.923644e+08,6.437539e+10,-6.805338e+08,3.600002e+06,1.436263e+07,0.000000e+00,-1.890370e+02,1.762103e+09,1.369492e+10,-1.565626e+08,9.093681e+05,1.888639e+07,3.920000e+02,-1.721664e+02,-6.581291e+07,0.000000e+00,0.000000e+00
3.722916e+00,5.894646e+09,8.253682e+10,-2.554702e-01,1.010439e+00,-9.047382e+08,8.368966e+06,2.946481e-03,8.821895e+07,0.000000e+00,0.000000e+00,4.679644e+06,0.000000e+00,4.679644e+06,0.000000e+00,0.000000e+00,4.968716e+09,5.587935e-09,6.676972e-14,0.000000e+00,0.000000e+00,0.000000e+00,0.000000e+00,3.898415e+08,6.434276e+10,-6.803505e+08,3.600002e+06,1.455078e+07,0.000000e+00,-1.889861e+02,1.770226e+09,1.366049e+10,-1.563495e+08,9.093681e+05,1.900742e+07,3.920000e+02,-1.719320e+02,-6.620826e+07,0.000000e+00,0.000000e+00
3.740315e+00,5.921793e+09,8.250692e+10,7.061847e-02,1.563965e+00,-9.047676e+08,8.368966e+06,2.624266e-03,8.960350e+07,0.000000e+00,0.000000e+00,4.985288e+06,0.000000e+00,4.985288e+06,0.000000e+00,0.000000e+00,4.994622e+09,5.587935e-09,6.676972e-14,0.000000e+00,0.000000e+00,0.000000e+00,0.000000e+00,3.904964e+08,6.431807e+10,-6.802237e+08,3.600002e+06,1.470096e+07,0.000000e+00,-1.889509e+02,1.776567e+09,1.362860e+10,-1.561467e+08,9.093681e+05,1.910028e+07,3.920000e+02,-1.717090e+02,-6.653807e+07,0.000000e+00,0.000000e+00
3.761299e+00,5.950629e+09,8.247511e+10,-3.002664e-01,2.002106e+00,-9.048052e+08,8.368966e+06,2.596271e-03,8.925791e+07,0.000000e+00,0.000000e+00,5.802612e+06,0.000000e+00,5.802612e+06,0.000000e+00,0.000000e+00,5.026045e+09,5.587935e-09,6.676972e-14,0.000000e+00,0.000000e+00,0.000000e+00,0.000000e+00,3.899232e+08,6.428398e+10,-6.800476e+08,3.600002e+06,1.487703e+07,0.000000e+00,-1.889020e+02,1.781408e+09,1.360399e+10,-1.559680e+08,9.083632e+05,1.922051e+07,4.000000e+02,-1.717022e+02,-6.689434e+07,0.000000e+00,0.000000e+00
3.782185e+00,5.976172e+09,8.244582e+10,-6.531246e-01,2.107137e+00,-9.048458e+08,8.368966e+06,2.612932e-03,8.836704e+07,0.000000e+00,0.000000e+00,8.186848e+06,0.000000e+00,8.186848e+06,0.000000e+00,0.000000e+00,5.056119e+09,5.587935e-09,6.676972e-14,0.000000e+00,0.000000e+00,0.000000e+00,0.000000e+00,3.892748e+08,6.422792e+10,-6.797511e+08,3.600002e+06,1.507866e+07,0.000000e+00,-1.888196e+02,1.781984e+09,1.358384e+10,-1.558119e+08,9.083632e+05,1.932489e+07,4.000000e+02,-1.715304e+02,-6.736240e+07,0.000000e+00,0.000000e+00
3.800479e+00,6.005726e+09,8.241125e+10,-3.058894e-01,1.918635e+00,-9.048851e+08,8.368966e+06,2.612857e-03,9.341476e+07,0.000000e+00,0.000000e+00,6.265524e+06,0.000000e+00,6.265524e+06,0.000000e+00,0.000000e+00,5.084781e+09,5.587935e-09,6.676972e-14,0.000000e+00,0.000000e+00,0.000000e+00,0.000000e+00,3.917971e+08,6.417139e+10,-6.794646e+08,3.600002e+06,1.523536e+07,0.000000e+00,-1.887401e+02,1.784590e+09,1.355414e+10,-1.556383e+08,9.073584e+05,1.941605e+07,4.080000e+02,-1.715291e+02,-6.781801e+07,0.000000e+00,0.000000e+00
3.821269e+00,6.046326e+09,8.237111e+10,-1.215055e-01,1.995088e+00,-9.049343e+08,8.368966e+06,2.588405e-03,9.172268e+07,0.000000e+00,0.000000e+00,4.994840e+06,0.000000e+00,4.994840e+06,0.000000e+00,0.000000e+00,5.118498e+09,5.587935e-09,6.676972e-14,0.000000e+00,0.000000e+00,0.000000e+00,0.000000e+00,3.939008e+08,6.410682e+10,-6.791348e+08,3.600002e+06,1.542815e+07,0.000000e+00,-1.886484e+02,1.793147e+09,1.352760e+10,-1.555067e+08,9.063536e+05,1.951927e+07,4.160000e+02,-1.715740e+02,-6.827777e+07,0.000000e+00,0.000000e+00
3.842285e+00,6.085445e+09,8.233356e+10,-1.460860e-01,1.953181e+00,-9.049881e+08,8.368966e+06,2.641807e-03,9.068660e+07,0.000000e+00,0.000000e+00,3.279696e+06,0.000000e+00,3.279696e+06,0.000000e+00,0.000000e+00,5.150703e+09,5.587935e-09,6.676972e-14,0.000000e+00,0.000000e+00,0.000000e+00,0.000000e+00,3.941716e+08,6.405410e+10,-6.788497e+08,3.600002e+06,1.559703e+07,0.000000e+00,-1.885692e+02,1.802100e+09,1.350184e+10,-1.553816e+08,9.058512e+05,1.962242e+07,4.200000e+02,-1.715310e+02,-6.866700e+07,0.000000e+00,0.000000e+00
3.860768e+00,6.115425e+09,8.230100e+10,8.727331e-02,2.447747e+00,-9.050380e+08,8.368966e+06,2.641593e-03,9.154578e+07,0.000000e+00,0.000000e+00,3.929943e+06,0.000000e+00,3.929943e+06,0.000000e+00,0.000000e+00,5.177787e+09,5.587935e-09,6.676972e-14,0.000000e+00,0.000000e+00,0.000000e+00,0.000000e+00,3.967519e+08,6.402102e+10,-6.786835e+08,3.600002e+06,1.575742e+07,0.000000e+00,-1.885231e+02,1.806871e+09,1.347859e+10,-1.552578e+08,9.053488e+05,1.970985e+07,4.240000e+02,-1.714894e+02,-6.896080e+07,0.000000e+00,0.000000e+00
3.881901e+00,6.147834e+09,8.226819e+10,2.419489e-01,1.914560e+00,-9.050977e+08,8.368966e+06,2.638486e-03,9.220076e+07,0.000000e+00,0.000000e+00,2.947842e+06,0.000000e+00,2.947842e+06,0.000000e+00,0.000000e+00,5.206965e+09,5.587935e-09,6.676972e-14,0.000000e+00,0.000000e+00,0.000000e+00,0.000000e+00,3.996896e+08,6.398592e+10,-6.785138e+08,3.600002e+06,1.592811e+07,0.000000e+00,-1.884759e+02,1.810643e+09,1.345525e+10,-1.551195e+08,9.048464e+05,1.981679e+07,4.280000e+02,-1.714319e+02,-6.926313e+07,0.000000e+00,0.000000e+00
3.900377e+00,6.177752e+09,8.223760e+10,-1.084490e-01,1.177168e+00,-9.051518e+08,8.368966e+06,2.642571e-03,9.218751e+07,0.000000e+00,0.000000e+00,3.577740e+06,0.000000e+00,3.577740e+06,0.000000e+00,0.000000e+00,5.231207e+09,5.587935e-09,6.676972e-14,0.000000e+00,0.000000e+00,0.000000e+00,0.000000e+00,4.017941e+08,6.395325e+10,-6.783503e+08,3.600002e+06,1.606440e+07,0.000000e+00,-1.884305e+02,1.815294e+09,1.343179e+10,-1.550059e+08,9.048464e+05,1.989911e+07,4.280000e+02,-1.713063e+02,-6.954502e+07,0.000000e+00,0.000000e+00
3.921719e+00,6.213687e+09,8.220144e+10,-5.377676e-01,8.910310e-01,-9.052147e+08,8.368966e+06,2.823323e-03,9.187895e+07,0.000000e+00,0.000000e+00,2.506199e+06,0.000000e+00,2.506199e+06,0.000000e+00,0.000000e+00,5.259491e+09,5.587935e-09,6.676972e-14,0.000000e+00,0.000000e+00,0.000000e+00,0.000000e+00,4.017147e+08,6.393050e+10,-6.782292e+08,3.600002e+06,1.623035e+07,0.000000e+00,-1.883969e+02,1.824678e+09,1.340240e+10,-1.548553e+08,9.048464e+05,1.999419e+07,4.280000e+02,-1.711399e+02,-6.980474e+07,0.000000e+00,0.000000e+00
3.942888e+00,6.245958e+09,8.217041e+10,-4.337015e-01,1.123398e+00,-9.052744e+08,8.368966e+06,3.179145e-03,9.030646e+07,0.000000e+00,0.000000e+00,2.013482e+06,0.000000e+00,2.013482e+06,0.000000e+00,0.000000e+00,5.287691e+09,5.587935e-09,6.676972e-14,0.000000e+00,0.000000e+00,0.000000e+00,0.000000e+00,4.029644e+08,6.391199e+10,-6.781378e+08,3.600002e+06,1.637499e+07,0.000000e+00,-1.883715e+02,1.829963e+09,1.337831e+10,-1.547289e+08,9.043439e+05,2.007832e+07,4.320000e+02,-1.710952e+02,-7.002000e+07,0.000000e+00,0.000000e+00
3.961993e+00,6.268292e+09,8.214447e+10,-2.759296e-01,1.548673e+00,-9.053246e+08,8.368966e+06,3.187447e-03,9.163208e+07,0.000000e+00,0.000000e+00,3.311662e+06,0.000000e+00,3.311662e+06,0.000000e+00,0.000000e+00,5.311995e+09,5.587935e-09,6.676972e-14,0.000000e+00,0.000000e+00,0.000000e+00,0.000000e+00,4.022634e+08,6.389500e+10,-6.780447e+08,3.600002e+06,1.651312e+07,0.000000e+00,-1.883456e+02,1.830653e+09,1.335828e+10,-1.546003e+08,9.043439e+05,2.015146e+07,4.320000e+02,-1.709530e+02,-7.025485e+07,0.000000e+00,0.000000e+00
3.981130e+00,6.292485e+09,8.211663e+10,-5.139881e-01,1.898090e+00,-9.053720e+08,8.368966e+06,3.193422e-03,9.134138e+07,0.000000e+00,0.000000e+00,6.088196e+06,0.000000e+00,6.088196e+06,0.000000e+00,0.000000e+00,5.337546e+09,5.587935e-09,6.676972e-14,0.000000e+00,0.000000e+00,0.000000e+00,0.000000e+00,4.010494e+08,6.387816e+10,-6.779508e+08,3.600002e+06,1.663925e+07,0.000000e+00,-1.883196e+02,1.834375e+09,1.332481e+10,-1.543771e+08,9.043439e+05,2.022453e+07,4.320000e+02,-1.707062e+02,-7.058834e+07,0.000000e+00,0.000000e+00
4.000314e+00,6.324518e+09,8.208078e+10,-2.125829e-01,1.915995e+00,-9.054200e+08,8.368966e+06,3.022148e-03,9.249672e+07,0.000000e+00,0.000000e+00,7.533944e+06,0.000000e+00,7.533944e+06,0.000000e+00,0.000000e+00,5.367813e+09,5.587935e-09,6.676972e-14,0.000000e+00,0.000000e+00,0.000000e+00,0.000000e+00,3.991299e+08,6.386183e+10,-6.778534e+08,3.600002e+06,1.676292e+07,0.000000e+00,-1.882925e+02,1.846761e+09,1.327732e+10,-1.540740e+08,9.043439e+05,2.031968e+07,4.320000e+02,-1.703710e+02,-7.099294e+07,0.000000e+00,0.000000e+00
4.021450e+00,6.368861e+09,8.203690e+10,-5.849148e-02,2.443713e+00,-9.054780e+08,8.368966e+06,3.027701e-03,9.462067e+07,0.000000e+00,0.000000e+00,3.958443e+06,0.000000e+00,3.958443e+06,0.000000e+00,0.000000e+00,5.404006e+09,5.587935e-09,6.676972e-14,0.000000e+00,0.000000e+00,0.000000e+00,0.000000e+00,3.993929e+08,6.384048e+10,-6.777391e+08,3.600002e+06,1.688991e+07,0.000000e+00,-1.882608e+02,1.866203e+09,1.322600e+10,-1.537672e+08,9.033391e+05,2.045455e+07,4.400000e+02,-1.702210e+02,-7.140022e+07,0.000000e+00,0.000000e+00
4.042654e+00,6.408919e+09,8.199524e+10,-3.145806e-01,2.454251e+00,-9.055451e+08,8.368966e+06,3.023703e-03,9.579678e+07,0.000000e+00,0.000000e+00,3.671961e+06,0.000000e+00,3.671961e+06,0.000000e+00,0.000000e+00,5.437459e+09,5.587935e-09,6.676972e-14,0.000000e+00,0.000000e+00,0.000000e+00,0.000000e+00,3.988418e+08,6.381446e+10,-6.775956e+08,3.600002e+06,1.701319e+07,0.000000e+00,-1.882209e+02,1.883529e+09,1.318525e+10,-1.535833e+08,9.028367e+05,2.058641e+07,4.440000e+02,-1.701119e+02,-7.172954e+07,0.000000e+00,0.000000e+00
4.060243e+00,6.440061e+09,8.196210e+10,-2.062265e-01,2.631895e+00,-9.056064e+08,8.368966e+06,2.778656e-03,9.542850e+07,0.000000e+00,0.000000e+00,4.699480e+06,0.000000e+00,4.699480e+06,0.000000e+00,0.000000e+00,5.462100e+09,5.587935e-09,6.676972e-14,0.000000e+00,0.000000e+00,0.000000e+00,0.000000e+00,3.977137e+08,6.379351e+10,-6.774735e+08,3.600002e+06,1.711022e+07,0.000000e+00,-1.881870e+02,1.896017e+09,1.314885e+10,-1.533820e+08,9.028367e+05,2.070526e+07,4.440000e+02,-1.698890e+02,-7.206571e+07,0.000000e+00,0.000000e+00
4.080847e+00,6.476312e+09,8.192063e+10,-1.166293e-01,3.257410e+00,-9.056818e+08,8.368966e+06,2.494231e-03,9.686731e+07,0.000000e+00,0.000000e+00,6.224468e+06,0.000000e+00,6.224468e+06,0.000000e+00,0.000000e+00,5.493449e+09,5.587935e-09,6.676972e-14,0.000000e+00,0.000000e+00,0.000000e+00,0.000000e+00,3.923697e+08,6.376460e+10,-6.772856e+08,3.600002e+06,1.721660e+07,0.000000e+00,-1.881348e+02,1.913468e+09,1.309641e+10,-1.530729e+08,9.018319e+05,2.085353e+07,4.520000e+02,-1.697355e+02,-7.256805e+07,0.000000e+00,0.000000e+00
4.100934e+00,6.507860e+09,8.188948e+10,-5.567190e-01,4.059650e+00,-9.057565e+08,8.368966e+06,2.575153e-03,9.955366e+07,0.000000e+00,0.000000e+00,2.026973e+06,0.000000e+00,2.026973e+06,0.000000e+00,0.000000e+00,5.524508e+09,5.587935e-09,6.676972e-14,0.000000e+00,0.000000e+00,0.000000e+00,0.000000e+00,3.876976e+08,6.373478e+10,-6.770916e+08,3.600002e+06,1.732119e+07,0.000000e+00,-1.880809e+02,1.925767e+09,1.306282e+10,-1.528868e+08,9.008271e+05,2.100596e+07,4.600000e+02,-1.697182e+02,-7.292748e+07,0.000000e+00,0.000000e+00
4.121573e+00,6.531905e+09,8.186325e+10,-9.806429e-01,4.616104e+00,-9.058336e+08,8.368966e+06,2.585520e-03,9.835172e+07,0.000000e+00,0.000000e+00,3.593889e+06,0.000000e+00,3.593889e+06,0.000000e+00,0.000000e+00,5.551561e+09,5.587935e-09,6.676972e-14,0.000000e+00,0.000000e+00,0.000000e+00,0.000000e+00,3.857784e+08,6.370402e+10,-6.769132e+08,3.600002e+06,1.742172e+07,0.000000e+00,-1.880313e+02,1.929156e+09,1.304300e+10,-1.527630e+08,8.998222e+05,2.115307e+07,4.680000e+02,-1.697702e+02,-7.322586e+07,0.000000e+00,0.000000e+00
4.140809e+00,6.555907e+09,8.183784e+10,-7.834321e-01,4.787960e+00,-9.059059e+08,8.368966e+06,3.015847e-03,9.734358e+07,0.000000e+00,0.000000e+00,4.344222e+06,0.000000e+00,4.344222e+06,0.000000e+00,0.000000e+00,5.576203e+09,5.587935e-09,6.676972e-14,0.000000e+00,0.000000e+00,0.000000e+00,0.000000e+00,3.853477e+08,6.368464e+10,-6.768061e+08,3.600002e+06,1.751857e+07,0.000000e+00,-1.880016e+02,1.933894e+09,1.302485e+10,-1.526053e+08,8.988174e+05,2.131196e+07,4.760000e+02,-1.697846e+02,-7.349467e+07,0.000000e+00,0.000000e+00
4.162094e+00,6.585956e+09,8.180342e+10,-5.760448e-01,4.415450e+00,-9.059879e+08,8.368966e+06,3.085463e-03,9.600483e+07,0.000000e+00,0.000000e+00,7.131698e+06,0.000000e+00,7.131698e+06,0.000000e+00,0.000000e+00,5.606619e+09,5.587935e-09,6.676972e-14,0.000000e+00,0.000000e+00,0.000000e+00,0.000000e+00,3.856265e+08,6.366747e+10,-6.767110e+08,3.600002e+06,1.762026e+07,0.000000e+00,-1.879752e+02,1.941991e+09,1.299392e+10,-1.523826e+08,8.988174e+05,2.150721e+07,4.760000e+02,-1.695368e+02,-7.380762e+07,0.000000e+00,0.000000e+00
4.180598e+00,6.612304e+09,8.177560e+10,-7.624184e-02,5.453344e+00,-9.060626e+08,8.368966e+06,3.079598e-03,9.951007e+07,0.000000e+00,0.000000e+00,3.245902e+06,0.000000e+00,3.245902e+06,0.000000e+00,0.000000e+00,5.635020e+09,5.587935e-09,6.676972e-14,0.000000e+00,0.000000e+00,0.000000e+00,0.000000e+00,3.870811e+08,6.365727e+10,-6.766618e+08,3.600002e+06,1.770645e+07,0.000000e+00,-1.879615e+02,1.948441e+09,1.297088e+10,-1.522260e+08,8.988174e+05,2.168844e+07,4.760000e+02,-1.693625e+02,-7.399918e+07,0.000000e+00,0.000000e+00
4.201863e+00,6.638703e+09,8.174880e+10,5.260533e-01,4.631076e+00,-9.061535e+08,8.368966e+06,3.020481e-03,9.773840e+07,0.000000e+00,0.000000e+00,3.534964e+06,0.000000e+00,3.534964e+06,0.000000e+00,0.000000e+00,5.662929e+09,5.587935e-09,6.676972e-14,0.000000e+00,0.000000e+00,0.000000e+00,0.000000e+00,3.890019e+08,6.364806e+10,-6.766227e+08,3.600002e+06,1.780711e+07,0.000000e+00,-1.879506e+02,1.952361e+09,1.294771e+10,-1.520736e+08,8.983150e+05,2.189910e+07,4.800000e+02,-1.692876e+02,-7.419782e+07,0.000000e+00,0.000000e+00
4.222968e+00,6.664255e+09,8.172177e+10,5.231096e-01,-4.616806e-01,-9.062482e+08,8.368966e+06,2.988768e-03,9.776354e+07,0.000000e+00,0.000000e+00,4.367349e+06,0.000000e+00,4.367349e+06,0.000000e+00,0.000000e+00,5.688274e+09,5.587935e-09,6.676972e-14,0.000000e+00,0.000000e+00,0.000000e+00,0.000000e+00,3.899054e+08,6.364056e+10,-6.765872e+08,3.600002e+06,1.790087e+07,0.000000e+00,-1.879408e+02,1.957384e+09,1.291589e+10,-1.518469e+08,8.973101e+05,2.212497e+07,4.880000e+02,-1.692245e+02,-7.446279e+07,0.000000e+00,0.000000e+00
4.240997e+00,6.690433e+09,8.169733e+10,5.764548e-01,-1.713345e+00,-9.063315e+08,8.368966e+06,3.021715e-03,9.833007e+07,0.000000e+00,0.000000e+00,1.691369e+06,0.000000e+00,1.691369e+06,0.000000e+00,0.000000e+00,5.711298e+09,5.587935e-09,6.676972e-14,0.000000e+00,0.000000e+00,0.000000e+00,0.000000e+00,3.901381e+08,6.363615e+10,-6.765633e+08,3.600002e+06,1.797836e+07,0.000000e+00,-1.879341e+02,1.967166e+09,1.288954e+10,-1.516921e+08,8.973101e+05,2.234216e+07,4.880000e+02,-1.690520e+02,-7.462493e+07,0.000000e+00,0.000000e+00
4.262107e+00,6.720531e+09,8.166931e+10,8.402597e-01,1.509926e-02,-9.064307e+08,8.368966e+06,3.186235e-03,9.664120e+07,0.000000e+00,0.000000e+00,9.143394e+05,0.000000e+00,9.143394e+05,0.000000e+00,0.000000e+00,5.736335e+09,5.587935e-09,6.676972e-14,0.000000e+00,0.000000e+00,0.000000e+00,0.000000e+00,3.898592e+08,6.363129e+10,-6.765357e+08,3.600002e+06,1.806994e+07,0.000000e+00,-1.879265e+02,1.979774e+09,1.286563e+10,-1.516083e+08,8.968078e+05,2.257342e+07,4.920000e+02,-1.690533e+02,-7.472936e+07,0.000000e+00,0.000000e+00
4.281231e+00,6.744736e+09,8.164486e+10,1.218658e+00,-2.032072e+00,-9.065220e+08,8.368966e+06,3.183364e-03,9.456196e+07,0.000000e+00,0.000000e+00,2.564828e+06,0.000000e+00,2.564828e+06,0.000000e+00,0.000000e+00,5.756010e+09,5.587935e-09,6.676972e-14,0.000000e+00,0.000000e+00,0.000000e+00,0.000000e+00,3.892840e+08,6.362605e+10,-6.765050e+08,3.600002e+06,1.814966e+07,0.000000e+00,-1.879179e+02,1.989961e+09,1.284951e+10,-1.515638e+08,8.968078e+05,2.276322e+07,4.920000e+02,-1.690037e+02,-7.480536e+07,0.000000e+00,0.000000e+00
4.300037e+00,6.770304e+09,8.161574e+10,1.707892e+00,-5.471117e+00,-9.066124e+08,8.368966e+06,2.968472e-03,9.338615e+07,0.000000e+00,0.000000e+00,6.295706e+06,0.000000e+00,6.295706e+06,0.000000e+00,0.000000e+00,5.776270e+09,5.587935e-09,6.676972e-14,0.000000e+00,0.000000e+00,0.000000e+00,0.000000e+00,3.891865e+08,6.361625e+10,-6.764516e+08,3.600002e+06,1.822904e+07,0.000000e+00,-1.879031e+02,2.001394e+09,1.283076e+10,-1.514892e+08,8.968078e+05,2.294943e+07,4.920000e+02,-1.689205e+02,-7.495102e+07,0.000000e+00,0.000000e+00
4.321800e+00,6.802167e+09,8.158251e+10,2.384689e+00,-8.980398e+00,-9.067149e+08,8.368966e+06,2.896730e-03,9.345034e+07,0.000000e+00,0.000000e+00,5.538342e+06,0.000000e+00,5.538342e+06,0.000000e+00,0.000000e+00,5.801495e+09,5.587935e-09,6.676972e-14,0.000000e+00,0.000000e+00,0.000000e+00,0.000000e+00,3.908780e+08,6.359633e+10,-6.763512e+08,3.600002e+06,1.832118e+07,0.000000e+00,-1.878752e+02,2.013759e+09,1.281077e+10,-1.514162e+08,8.968078e+05,2.314999e+07,4.920000e+02,-1.688391e+02,-7.511364e+07,0.000000e+00,0.000000e+00
4.342818e+00,6.829394e+09,8.155628e+10,2.629791e+00,-9.423657e+00,-9.068095e+08,8.368966e+06,3.046507e-03,9.303090e+07,0.000000e+00,0.000000e+00,1.611210e+06,0.000000e+00,1.611210e+06,0.000000e+00,0.000000e+00,5.823572e+09,5.587935e-09,6.676972e-14,0.000000e+00,0.000000e+00,0.000000e+00,0.000000e+00,3.952523e+08,6.357613e+10,-6.762653e+08,3.600002e+06,1.840449e+07,0.000000e+00,-1.878514e+02,2.020517e+09,1.279845e+10,-1.513763e+08,8.958029e+05,2.334222e+07,5.000000e+02,-1.689839e+02,-7.523766e+07,0.000000e+00,0.000000e+00
4.361106e+00,6.847061e+09,8.153993e+10,2.703368e+00,-5.507868e+00,-9.068868e+08,8.368966e+06,3.050679e-03,9.179586e+07,0.000000e+00,0.000000e+00,1.149486e+06,0.000000e+00,1.149486e+06,0.000000e+00,0.000000e+00,5.839216e+09,5.587935e-09,6.676972e-14,0.000000e+00,0.000000e+00,0.000000e+00,0.000000e+00,3.978554e+08,6.356205e+10,-6.762041e+08,3.600002e+06,1.847956e+07,0.000000e+00,-1.878344e+02,2.023515e+09,1.279138e+10,-1.513401e+08,8.958029e+05,2.349510e+07,5.000000e+02,-1.689436e+02,-7.533544e+07,0.000000e+00,0.000000e+00
4.382487e+00,6.863733e+09,8.152240e+10,2.851364e+00,2.102427e-01,-9.069693e+08,8.368966e+06,3.059758e-03,8.921273e+07,0.000000e+00,0.000000e+00,3.403730e+06,0.000000e+00,3.403730e+06,0.000000e+00,0.000000e+00,5.855492e+09,5.587935e-09,6.676972e-14,0.000000e+00,0.000000e+00,0.000000e+00,0.000000e+00,4.005072e+08,6.355153e+10,-6.761631e+08,3.600002e+06,1.855707e+07,0.000000e+00,-1.878230e+02,2.024169e+09,1.277997e+10,-1.512439e+08,8.953005e+05,2.367730e+07,5.040000e+02,-1.689308e+02,-7.548537e+07,0.000000e+00,0.000000e+00
4.400867e+00,6.878331e+09,8.150484e+10,3.012265e+00,2.273275e+00,-9.070336e+08,8.368966e+06,3.069147e-03,9.063398e+07,0.000000e+00,0.000000e+00,4.121597e+06,0.000000e+00,4.121597e+06,0.000000e+00,0.000000e+00,5.872013e+09,5.587935e-09,6.676972e-14,0.000000e+00,0.000000e+00,0.000000e+00,0.000000e+00,4.015608e+08,6.354083e+10,-6.761135e+08,3.600002e+06,1.863186e+07,0.000000e+00,-1.878092e+02,2.025763e+09,1.276210e+10,-1.510853e+08,8.953005e+05,2.385584e+07,5.040000e+02,-1.687537e+02,-7.569888e+07,0.000000e+00,0.000000e+00
4.422742e+00,6.905327e+09,8.148061e+10,2.729878e+00,8.612994e-01,-9.071029e+08,8.368966e+06,3.195854e-03,8.946877e+07,0.000000e+00,0.000000e+00,1.855050e+06,0.000000e+00,1.855050e+06,0.000000e+00,0.000000e+00,5.894109e+09,5.587935e-09,6.676972e-14,0.000000e+00,0.000000e+00,0.000000e+00,0.000000e+00,4.066852e+08,6.352077e+10,-6.760326e+08,3.600002e+06,1.871051e+07,0.000000e+00,-1.877867e+02,2.032747e+09,1.274451e+10,-1.509612e+08,8.947981e+05,2.410521e+07,5.080000e+02,-1.687098e+02,-7.588793e+07,0.000000e+00,0.000000e+00
4.441904e+00,6.926463e+09,8.145879e+10,2.384944e+00,3.201082e+00,-9.071586e+08,8.368966e+06,3.189662e-03,8.790092e+07,0.000000e+00,0.000000e+00,3.471166e+06,0.000000e+00,3.471166e+06,0.000000e+00,0.000000e+00,5.911977e+09,5.587935e-09,6.676972e-14,0.000000e+00,0.000000e+00,0.000000e+00,0.000000e+00,4.067448e+08,6.350786e+10,-6.759673e+08,3.600002e+06,1.878763e+07,0.000000e+00,-1.877686e+02,2.041539e+09,1.272917e+10,-1.508919e+08,8.947981e+05,2.428948e+07,5.080000e+02,-1.686324e+02,-7.602756e+07,0.000000e+00,0.000000e+00
4.460941e+00,6.947258e+09,8.143692e+10,2.093629e+00,8.700418e+00,-9.072110e+08,8.368966e+06,3.084598e-03,8.813355e+07,0.000000e+00,0.000000e+00,2.358012e+06,0.000000e+00,2.358012e+06,0.000000e+00,0.000000e+00,5.929316e+09,5.587935e-09,6.676972e-14,0.000000e+00,0.000000e+00,0.000000e+00,0.000000e+00,4.037067e+08,6.350260e+10,-6.759247e+08,3.600002e+06,1.885491e+07,0.000000e+00,-1.877567e+02,2.053551e+09,1.270874e+10,-1.507923e+08,8.942957e+05,2.445506e+07,5.120000e+02,-1.686157e+02,-7.616514e+07,0.000000e+00,0.000000e+00
4.482641e+00,6.973584e+09,8.141056e+10,2.462597e+00,1.467340e+01,-9.072684e+08,8.368966e+06,3.123897e-03,8.898911e+07,0.000000e+00,0.000000e+00,7.412126e+05,0.000000e+00,7.412126e+05,0.000000e+00,0.000000e+00,5.948400e+09,5.587935e-09,6.676972e-14,0.000000e+00,0.000000e+00,0.000000e+00,0.000000e+00,4.015372e+08,6.349768e+10,-6.758868e+08,3.600002e+06,1.893623e+07,0.000000e+00,-1.877462e+02,2.069209e+09,1.268467e+10,-1.506957e+08,8.927884e+05,2.466005e+07,5.240000e+02,-1.687922e+02,-7.629333e+07,0.000000e+00,0.000000e+00
4.501415e+00,6.995889e+09,8.138805e+10,2.746665e+00,1.730707e+01,-9.073167e+08,8.368966e+06,3.130627e-03,8.865310e+07,0.000000e+00,0.000000e+00,1.128920e+06,0.000000e+00,1.128920e+06,0.000000e+00,0.000000e+00,5.964200e+09,5.587935e-09,6.676972e-14,0.000000e+00,0.000000e+00,0.000000e+00,0.000000e+00,4.022409e+08,6.349022e+10,-6.758514e+08,3.600002e+06,1.900299e+07,0.000000e+00,-1.877364e+02,2.080411e+09,1.266771e+10,-1.506429e+08,8.922860e+05,2.482710e+07,5.280000e+02,-1.688281e+02,-7.638498e+07,0.000000e+00,0.000000e+00
4.520192e+00,7.014952e+09,8.136860e+10,2.437181e+00,1.764351e+01,-9.073636e+08,8.368966e+06,3.071673e-03,8.722730e+07,0.000000e+00,0.000000e+00,1.931931e+06,0.000000e+00,1.931931e+06,0.000000e+00,0.000000e+00,5.979037e+09,5.587935e-09,6.676972e-14,0.000000e+00,0.000000e+00,0.000000e+00,0.000000e+00,4.027403e+08,6.348165e+10,-6.758088e+08,3.600002e+06,1.907316e+07,0.000000e+00,-1.877246e+02,2.088152e+09,1.265210e+10,-1.505521e+08,8.915324e+05,2.497974e+07,5.340000e+02,-1.688689e+02,-7.652311e+07,0.000000e+00,0.000000e+00
4.542011e+00,7.034386e+09,8.134948e+10,2.301711e+00,1.956566e+01,-9.074155e+08,8.368966e+06,3.214086e-03,8.723662e+07,0.000000e+00,0.000000e+00,1.082800e+06,0.000000e+00,1.082800e+06,0.000000e+00,0.000000e+00,5.995094e+09,5.587935e-09,6.676972e-14,0.000000e+00,0.000000e+00,0.000000e+00,0.000000e+00,4.028820e+08,6.347368e+10,-6.757690e+08,3.600002e+06,1.914719e+07,0.000000e+00,-1.877135e+02,2.094834e+09,1.263957e+10,-1.504804e+08,8.906532e+05,2.516027e+07,5.410000e+02,-1.689551e+02,-7.662318e+07,0.000000e+00,0.000000e+00
4.561540e+00,7.045966e+09,8.133699e+10,2.314473e+00,2.268258e+01,-9.074602e+08,8.368966e+06,3.264499e-03,8.776409e+07,0.000000e+00,0.000000e+00,1.004958e+06,0.000000e+00,1.004958e+06,0.000000e+00,0.000000e+00,6.008100e+09,5.587935e-09,6.676972e-14,0.000000e+00,0.000000e+00,0.000000e+00,0.000000e+00,4.020540e+08,6.346889e+10,-6.757409e+08,3.600002e+06,1.921670e+07,0.000000e+00,-1.877057e+02,2.096815e+09,1.263315e+10,-1.504364e+08,8.901508e+05,2.531635e+07,5.450000e+02,-1.690011e+02,-7.669618e+07,0.000000e+00,0.000000e+00
4.580925e+00,7.056390e+09,8.132498e+10,2.028815e+00,2.604684e+01,-9.075047e+08,8.368966e+06,3.217067e-03,8.731779e+07,0.000000e+00,0.000000e+00,2.206540e+06,0.000000e+00,2.206540e+06,0.000000e+00,0.000000e+00,6.019946e+09,5.587935e-09,6.676972e-14,0.000000e+00,0.000000e+00,0.000000e+00,0.000000e+00,4.019726e+08,6.346552e+10,-6.757220e+08,3.600002e+06,1.928014e+07,0.000000e+00,-1.877004e+02,2.097789e+09,1.262809e+10,-1.503837e+08,8.897739e+05,2.546527e+07,5.480000e+02,-1.690134e+02,-7.676802e+07,0.000000e+00,0.000000e+00
4.600245e+00,7.066513e+09,8.131013e+10,1.625509e+00,2.947545e+01,-9.075521e+08,8.368966e+06,3.223677e-03,8.801921e+07,0.000000e+00,0.000000e+00,5.741364e+06,0.000000e+00,5.741364e+06,0.000000e+00,0.000000e+00,6.031966e+09,5.587935e-09,6.676972e-14,0.000000e+00,0.000000e+00,0.000000e+00,0.000000e+00,4.012441e+08,6.346539e+10,-6.757184e+08,3.600002e+06,1.934515e+07,0.000000e+00,-1.876994e+02,2.099129e+09,1.261667e+10,-1.502767e+08,8.897739e+05,2.564062e+07,5.480000e+02,-1.688932e+02,-7.689020e+07,0.000000e+00,0.000000e+00
4.622838e+00,7.076905e+09,8.129698e+10,1.820884e+00,3.559881e+01,-9.076131e+08,8.368966e+06,3.219244e-03,9.099334e+07,0.000000e+00,0.000000e+00,3.776052e+06,0.000000e+00,3.776052e+06,0.000000e+00,0.000000e+00,6.049922e+09,5.587935e-09,6.676972e-14,0.000000e+00,0.000000e+00,0.000000e+00,0.000000e+00,3.967512e+08,6.346927e+10,-6.757184e+08,3.600002e+06,1.941416e+07,0.000000e+00,-1.876994e+02,2.102519e+09,1.260311e+10,-1.501225e+08,8.892716e+05,2.592459e+07,5.520000e+02,-1.688152e+02,-7.704913e+07,0.000000e+00,0.000000e+00
4.642121e+00,7.098961e+09,8.126574e+10,1.939196e+00,4.236666e+01,-9.076697e+08,8.368966e+06,3.233531e-03,9.280202e+07,0.000000e+00,0.000000e+00,8.873658e+06,0.000000e+00,8.873658e+06,0.000000e+00,0.000000e+00,6.067782e+09,5.587935e-09,6.676972e-14,0.000000e+00,0.000000e+00,0.000000e+00,0.000000e+00,3.957688e+08,6.347005e+10,-6.757153e+08,3.600002e+06,1.947682e+07,0.000000e+00,-1.876986e+02,2.115181e+09,1.257477e+10,-1.499357e+08,8.892716e+05,2.621291e+07,5.520000e+02,-1.686050e+02,-7.724136e+07,0.000000e+00,0.000000e+00
4.661641e+00,7.120166e+09,8.124388e+10,1.905662e+00,4.511271e+01,-9.077322e+08,8.368966e+06,3.276739e-03,9.946630e+07,0.000000e+00,0.000000e+00,1.478932e+06,0.000000e+00,1.478932e+06,0.000000e+00,0.000000e+00,6.086665e+09,5.587935e-09,6.676972e-14,0.000000e+00,0.000000e+00,0.000000e+00,0.000000e+00,3.993654e+08,6.346525e+10,-6.757071e+08,3.600002e+06,1.953370e+07,0.000000e+00,-1.876963e+02,2.124186e+09,1.255373e+10,-1.497975e+08,8.887691e+05,2.661228e+07,5.560000e+02,-1.685448e+02,-7.737110e+07,0.000000e+00,0.000000e+00
4.681307e+00,7.139095e+09,8.123046e+10,1.862895e+00,4.669847e+01,-9.078001e+08,8.368966e+06,3.279347e-03,9.292850e+07,0.000000e+00,0.000000e+00,1.961369e+06,0.000000e+00,1.961369e+06,0.000000e+00,0.000000e+00,6.103804e+09,5.587935e-09,6.676972e-14,0.000000e+00,0.000000e+00,0.000000e+00,0.000000e+00,3.988674e+08,6.346190e+10,-6.756899e+08,3.600002e+06,1.959199e+07,0.000000e+00,-1.876915e+02,2.134842e+09,1.254185e+10,-1.497164e+08,8.872619e+05,2.695589e+07,5.680000e+02,-1.687398e+02,-7.747151e+07,0.000000e+00,0.000000e+00
4.700421e+00,7.156216e+09,8.121030e+10,1.879014e+00,4.989703e+01,-9.078708e+08,8.368966e+06,3.138171e-03,9.239684e+07,0.000000e+00,0.000000e+00,2.745695e+06,0.000000e+00,2.745695e+06,0.000000e+00,0.000000e+00,6.118050e+09,5.587935e-09,6.676972e-14,0.000000e+00,0.000000e+00,0.000000e+00,0.000000e+00,4.006852e+08,6.345584e+10,-6.756658e+08,3.600002e+06,1.964990e+07,0.000000e+00,-1.876848e+02,2.141753e+09,1.252833e+10,-1.496467e+08,8.867595e+05,2.735669e+07,5.720000e+02,-1.687568e+02,-7.757118e+07,0.000000e+00,0.000000e+00
4.722399e+00,7.183167e+09,8.117950e+10,1.848780e+00,5.064316e+01,-9.079564e+08,8.368966e+06,3.141193e-03,9.243755e+07,0.000000e+00,0.000000e+00,4.550608e+06,0.000000e+00,4.550608e+06,0.000000e+00,0.000000e+00,6.137048e+09,5.587935e-09,6.676972e-14,0.000000e+00,0.000000e+00,0.000000e+00,0.000000e+00,4.066150e+08,6.344614e+10,-6.756448e+08,3.600002e+06,1.971144e+07,0.000000e+00,-1.876790e+02,2.151834e+09,1.249766e+10,-1.494576e+08,8.857546e+05,2.779983e+07,5.800000e+02,-1.687348e+02,-7.778717e+07,0.000000e+00,0.000000e+00
4.741250e+00,7.206387e+09,8.115754e+10,1.764714e+00,5.598322e+01,-9.080318e+08,8.368966e+06,3.142430e-03,9.203493e+07,0.000000e+00,0.000000e+00,2.632920e+06,0.000000e+00,2.632920e+06,0.000000e+00,0.000000e+00,6.154311e+09,5.587935e-09,6.676972e-14,0.000000e+00,0.000000e+00,0.000000e+00,0.000000e+00,4.068322e+08,6.344382e+10,-6.756357e+08,3.600002e+06,1.976338e+07,0.000000e+00,-1.876765e+02,2.165034e+09,1.247839e+10,-1.493541e+08,8.856291e+05,2.815151e+07,5.810000e+02,-1.686419e+02,-7.788470e+07,0.000000e+00,0.000000e+00
4.760107e+00,7.222701e+09,8.113640e+10,1.344465e+00,6.170047e+01,-9.081089e+08,8.368966e+06,3.143437e-03,9.282630e+07,0.000000e+00,0.000000e+00,5.345134e+06,0.000000e+00,5.345134e+06,0.000000e+00,0.000000e+00,6.168520e+09,5.587935e-09,6.676972e-14,0.000000e+00,0.000000e+00,0.000000e+00,0.000000e+00,4.072048e+08,6.344205e+10,-6.756277e+08,3.600002e+06,1.981734e+07,0.000000e+00,-1.876743e+02,2.172295e+09,1.245933e+10,-1.492525e+08,8.842474e+05,2.849428e+07,5.920000e+02,-1.687904e+02,-7.800886e+07,0.000000e+00,0.000000e+00
4.782110e+00,7.246182e+09,8.111233e+10,1.095926e+00,6.414575e+01,-9.081987e+08,8.368966e+06,3.143051e-03,9.390214e+07,0.000000e+00,0.000000e+00,4.580464e+06,0.000000e+00,4.580464e+06,0.000000e+00,0.000000e+00,6.187964e+09,5.587935e-09,6.676972e-14,0.000000e+00,0.000000e+00,0.000000e+00,0.000000e+00,4.101410e+08,6.343567e+10,-6.756096e+08,3.600002e+06,1.988021e+07,0.000000e+00,-1.876692e+02,2.181630e+09,1.244001e+10,-1.490849e+08,8.833682e+05,2.891649e+07,5.990000e+02,-1.687687e+02,-7.819071e+07,0.000000e+00,0.000000e+00
4.800972e+00,7.264166e+09,8.109682e+10,1.814590e+00,5.848287e+01,-9.082744e+08,8.368966e+06,3.145098e-03,9.303487e+07,0.000000e+00,0.000000e+00,2.601729e+06,0.000000e+00,2.601729e+06,0.000000e+00,0.000000e+00,6.205814e+09,5.587935e-09,6.676972e-14,0.000000e+00,0.000000e+00,0.000000e+00,0.000000e+00,4.115763e+08,6.343107e+10,-6.755937e+08,3.600002e+06,1.993157e+07,0.000000e+00,-1.876648e+02,2.188910e+09,1.242837e+10,-1.489687e+08,8.827402e+05,2.929327e+07,6.040000e+02,-1.687571e+02,-7.831746e+07,0.000000e+00,0.000000e+00
4.822900e+00,7.284426e+09,8.107285e+10,2.624428e+00,5.607309e+01,-9.083600e+08,8.368966e+06,3.148682e-03,9.289076e+07,0.000000e+00,0.000000e+00,5.461468e+06,0.000000e+00,5.461468e+06,0.000000e+00,0.000000e+00,6.225623e+09,5.587935e-09,6.676972e-14,0.000000e+00,0.000000e+00,0.000000e+00,0.000000e+00,4.118955e+08,6.342829e+10,-6.755814e+08,3.600002e+06,1.999208e+07,0.000000e+00,-1.876614e+02,2.198695e+09,1.240571e+10,-1.488180e+08,8.827402e+05,2.963429e+07,6.040000e+02,-1.685864e+02,-7.848958e+07,0.000000e+00,0.000000e+00
4.841798e+00,7.303239e+09,8.105200e+10,2.949296e+00,5.297647e+01,-9.084319e+08,8.368966e+06,3.151006e-03,9.273092e+07,0.000000e+00,0.000000e+00,3.748326e+06,0.000000e+00,3.748326e+06,0.000000e+00,0.000000e+00,6.242290e+09,5.587935e-09,6.676972e-14,0.000000e+00,0.000000e+00,0.000000e+00,0.000000e+00,4.133339e+08,6.342595e+10,-6.755757e+08,3.600002e+06,2.004312e+07,0.000000e+00,-1.876598e+02,2.207383e+09,1.238820e+10,-1.486972e+08,8.827402e+05,2.992105e+07,6.040000e+02,-1.684495e+02,-7.860789e+07,0.000000e+00,0.000000e+00
4.860708e+00,7.322032e+09,8.103270e+10,3.102798e+00,5.770473e+01,-9.085025e+08,8.368966e+06,3.152209e-03,9.225998e+07,0.000000e+00,0.000000e+00,2.476816e+06,0.000000e+00,2.476816e+06,0.000000e+00,0.000000e+00,6.258127e+09,5.587935e-09,6.676972e-14,0.000000e+00,0.000000e+00,0.000000e+00,0.000000e+00,4.149196e+08,6.342350e+10,-6.755715e+08,3.600002e+06,2.009224e+07,0.000000e+00,-1.876586e+02,2.216114e+09,1.237568e+10,-1.486065e+08,8.822378e+05,3.018456e+07,6.080000e+02,-1.684427e+02,-7.868674e+07,0.000000e+00,0.000000e+00
4.882780e+00,7.345829e+09,8.100687e+10,3.000199e+00,6.781219e+01,-9.085825e+08,8.368966e+06,3.155254e-03,9.214398e+07,0.000000e+00,0.000000e+00,3.718162e+06,0.000000e+00,3.718162e+06,0.000000e+00,0.000000e+00,6.276046e+09,5.587935e-09,6.676972e-14,0.000000e+00,0.000000e+00,0.000000e+00,0.000000e+00,4.154093e+08,6.342104e+10,-6.755617e+08,3.600002e+06,2.015083e+07,0.000000e+00,-1.876559e+02,2.230328e+09,1.236593e+10,-1.485901e+08,8.816098e+05,3.048293e+07,6.130000e+02,-1.685441e+02,-7.871946e+07,0.000000e+00,0.000000e+00
4.901719e+00,7.368247e+09,8.097857e+10,2.461757e+00,5.944787e+01,-9.086489e+08,8.368966e+06,3.158333e-03,9.174374e+07,0.000000e+00,0.000000e+00,8.690410e+06,0.000000e+00,8.690410e+06,0.000000e+00,0.000000e+00,6.292071e+09,5.587935e-09,6.676972e-14,0.000000e+00,0.000000e+00,0.000000e+00,0.000000e+00,4.160591e+08,6.341839e+10,-6.755512e+08,3.600002e+06,2.019928e+07,0.000000e+00,-1.876530e+02,2.244097e+09,1.234562e+10,-1.484840e+08,8.806049e+05,3.072827e+07,6.210000e+02,-1.686159e+02,-7.885778e+07,0.000000e+00,0.000000e+00
4.920679e+00,7.389466e+09,8.095977e+10,1.793945e+00,5.231386e+01,-9.087132e+08,8.368966e+06,3.161569e-03,9.332470e+07,0.000000e+00,0.000000e+00,3.672612e+06,0.000000e+00,3.672612e+06,0.000000e+00,0.000000e+00,6.310418e+09,5.587935e-09,6.676972e-14,0.000000e+00,0.000000e+00,0.000000e+00,0.000000e+00,4.155572e+08,6.341787e+10,-6.755466e+08,3.600002e+06,2.024570e+07,0.000000e+00,-1.876517e+02,2.257236e+09,1.232512e+10,-1.483295e+08,8.806049e+05,3.101557e+07,6.210000e+02,-1.684404e+02,-7.899970e+07,0.000000e+00,0.000000e+00
4.942646e+00,7.411542e+09,8.093892e+10,8.781151e-01,5.490940e+01,-9.087866e+08,8.368966e+06,3.131074e-03,9.422019e+07,0.000000e+00,0.000000e+00,5.114820e+05,0.000000e+00,5.114820e+05,0.000000e+00,0.000000e+00,6.332306e+09,5.587935e-09,6.676972e-14,0.000000e+00,0.000000e+00,0.000000e+00,0.000000e+00,4.147358e+08,6.341907e+10,-6.755487e+08,3.600002e+06,2.029783e+07,0.000000e+00,-1.876523e+02,2.270464e+09,1.231028e+10,-1.482799e+08,8.796001e+05,3.133830e+07,6.290000e+02,-1.685764e+02,-7.903735e+07,0.000000e+00,0.000000e+00
4.961444e+00,7.425117e+09,8.092607e+10,2.110927e-01,5.788042e+01,-9.088492e+08,8.368966e+06,3.167053e-03,9.275542e+07,0.000000e+00,0.000000e+00,9.389354e+05,0.000000e+00,9.389354e+05,0.000000e+00,0.000000e+00,6.345887e+09,5.587935e-09,6.676972e-14,0.000000e+00,0.000000e+00,0.000000e+00,0.000000e+00,4.128141e+08,6.341866e+10,-6.755381e+08,3.600002e+06,2.034422e+07,0.000000e+00,-1.876494e+02,2.278738e+09,1.230127e+10,-1.482545e+08,8.790977e+05,3.155631e+07,6.330000e+02,-1.686440e+02,-7.907694e+07,0.000000e+00,0.000000e+00
4.980456e+00,7.430708e+09,8.092167e+10,-9.944065e-01,6.100903e+01,-9.089116e+08,8.368966e+06,3.170323e-03,9.095590e+07,0.000000e+00,0.000000e+00,1.303859e+06,0.000000e+00,1.303859e+06,0.000000e+00,0.000000e+00,6.356515e+09,5.587935e-09,6.676972e-14,0.000000e+00,0.000000e+00,0.000000e+00,0.000000e+00,4.076763e+08,6.341930e+10,-6.755160e+08,3.600002e+06,2.038721e+07,0.000000e+00,-1.876432e+02,2.282810e+09,1.229604e+10,-1.482248e+08,8.785952e+05,3.175079e+07,6.370000e+02,-1.687066e+02,-7.912925e+07,0.000000e+00,0.000000e+00
5.002659e+00,7.432303e+09,8.091850e+10,-2.359676e+00,6.349692e+01,-9.089842e+08,8.368966e+06,3.174210e-03,9.243763e+07,0.000000e+00,0.000000e+00,3.605913e+05,0.000000e+00,3.605913e+05,0.000000e+00,0.000000e+00,6.367340e+09,5.587935e-09,6.676972e-14,0.000000e+00,0.000000e+00,0.000000e+00,0.000000e+00,4.027814e+08,6.341861e+10,-6.754859e+08,3.600002e+06,2.043907e+07,0.000000e+00,-1.876349e+02,2.282573e+09,1.229416e+10,-1.482154e+08,8.768368e+05,3.195903e+07,6.510000e+02,-1.690342e+02,-7.916606e+07,0.000000e+00,0.000000e+00
5.021713e+00,7.437014e+09,8.091360e+10,-3.542681e+00,5.432571e+01,-9.090466e+08,8.368966e+06,3.179664e-03,9.212996e+07,0.000000e+00,0.000000e+00,3.396880e+05,0.000000e+00,3.396880e+05,0.000000e+00,0.000000e+00,6.375771e+09,5.587935e-09,6.676972e-14,0.000000e+00,0.000000e+00,0.000000e+00,0.000000e+00,4.018295e+08,6.341753e+10,-6.754742e+08,3.600002e+06,2.048045e+07,0.000000e+00,-1.876316e+02,2.282165e+09,1.229243e+10,-1.481894e+08,8.763344e+05,3.212925e+07,6.550000e+02,-1.691014e+02,-7.920352e+07,0.000000e+00,0.000000e+00
5.040979e+00,7.444443e+09,8.090273e+10,-4.304463e+00,4.611096e+01,-9.091100e+08,8.368966e+06,3.224551e-03,9.109214e+07,0.000000e+00,0.000000e+00,3.623706e+06,0.000000e+00,3.623706e+06,0.000000e+00,0.000000e+00,6.384072e+09,5.587935e-09,6.676972e-14,0.000000e+00,0.000000e+00,0.000000e+00,0.000000e+00,4.002927e+08,6.341810e+10,-6.754704e+08,3.600002e+06,2.052405e+07,0.000000e+00,-1.876306e+02,2.284431e+09,1.228300e+10,-1.481260e+08,8.763344e+05,3.229588e+07,6.550000e+02,-1.690291e+02,-7.928437e+07,0.000000e+00,0.000000e+00
5.062644e+00,7.459440e+09,8.088681e+10,-5.697863e+00,4.380915e+01,-9.091836e+08,8.368966e+06,3.039421e-03,9.225850e+07,0.000000e+00,0.000000e+00,2.771450e+06,0.000000e+00,2.771450e+06,0.000000e+00,0.000000e+00,6.397088e+09,5.587935e-09,6.676972e-14,0.000000e+00,0.000000e+00,0.000000e+00,0.000000e+00,3.974260e+08,6.342094e+10,-6.754705e+08,3.600002e+06,2.057228e+07,0.000000e+00,-1.876306e+02,2.293701e+09,1.226409e+10,-1.479979e+08,8.763344e+05,3.252270e+07,6.550000e+02,-1.688829e+02,-7.940768e+07,0.000000e+00,0.000000e+00
5.080904e+00,7.473218e+09,8.087432e+10,-7.311624e+00,4.370833e+01,-9.092484e+08,8.368966e+06,3.039034e-03,9.231885e+07,0.000000e+00,0.000000e+00,1.246705e+06,0.000000e+00,1.246705e+06,0.000000e+00,0.000000e+00,6.409239e+09,5.587935e-09,6.676972e-14,0.000000e+00,0.000000e+00,0.000000e+00,0.000000e+00,3.971180e+08,6.342134e+10,-6.754705e+08,3.600002e+06,2.061123e+07,0.000000e+00,-1.876306e+02,2.300388e+09,1.225354e+10,-1.479394e+08,8.758320e+05,3.270418e+07,6.590000e+02,-1.689130e+02,-7.945881e+07,0.000000e+00,0.000000e+00
5.102209e+00,7.487180e+09,8.085994e+10,-8.654534e+00,4.364287e+01,-9.093278e+08,8.368966e+06,3.056785e-03,9.288674e+07,0.000000e+00,0.000000e+00,5.153313e+05,0.000000e+00,5.153313e+05,0.000000e+00,0.000000e+00,6.420553e+09,5.587935e-09,6.676972e-14,0.000000e+00,0.000000e+00,0.000000e+00,0.000000e+00,3.981698e+08,6.342029e+10,-6.754705e+08,3.600002e+06,2.065744e+07,0.000000e+00,-1.876306e+02,2.305919e+09,1.224377e+10,-1.478967e+08,8.758320e+05,3.291087e+07,6.590000e+02,-1.688642e+02,-7.950122e+07,0.000000e+00,0.000000e+00
5.120278e+00,7.499064e+09,8.084760e+10,-8.182945e+00,3.491108e+01,-9.093988e+08,8.368966e+06,2.942072e-03,9.107958e+07,0.000000e+00,0.000000e+00,1.506038e+06,0.000000e+00,1.506038e+06,0.000000e+00,0.000000e+00,6.428950e+09,5.587935e-09,6.676972e-14,0.000000e+00,0.000000e+00,0.000000e+00,0.000000e+00,4.001002e+08,6.341801e+10,-6.754676e+08,3.600002e+06,2.069673e+07,0.000000e+00,-1.876298e+02,2.310181e+09,1.223666e+10,-1.478500e+08,8.753296e+05,3.306010e+07,6.630000e+02,-1.689078e+02,-7.956042e+07,0.000000e+00,0.000000e+00
5.141555e+00,7.513764e+09,8.083041e+10,-6.503451e+00,3.552357e+01,-9.094859e+08,8.368966e+06,2.616465e-03,9.167643e+07,0.000000e+00,0.000000e+00,2.536608e+06,0.000000e+00,2.536608e+06,0.000000e+00,0.000000e+00,6.439742e+09,5.587935e-09,6.676972e-14,0.000000e+00,0.000000e+00,0.000000e+00,0.000000e+00,4.001604e+08,6.340278e+10,-6.753903e+08,3.600002e+06,2.073948e+07,0.000000e+00,-1.876083e+02,2.316876e+09,1.222286e+10,-1.477607e+08,8.748272e+05,3.324118e+07,6.670000e+02,-1.689027e+02,-7.973780e+07,0.000000e+00,0.000000e+00
5.162593e+00,7.523918e+09,8.081223e+10,-4.805522e+00,4.932942e+01,-9.095761e+08,8.368966e+06,2.642389e-03,9.486332e+07,0.000000e+00,0.000000e+00,5.564185e+06,0.000000e+00,5.564185e+06,0.000000e+00,0.000000e+00,6.452269e+09,5.587935e-09,6.676972e-14,0.000000e+00,0.000000e+00,0.000000e+00,0.000000e+00,3.977916e+08,6.338677e+10,-6.752964e+08,3.600002e+06,2.078730e+07,0.000000e+00,-1.875822e+02,2.320595e+09,1.220260e+10,-1.476127e+08,8.748272e+05,3.342376e+07,6.670000e+02,-1.687336e+02,-7.998658e+07,0.000000e+00,0.000000e+00
5.181994e+00,7.541791e+09,8.079555e+10,-2.950797e+00,5.632015e+01,-9.096636e+08,8.368966e+06,2.960773e-03,9.432163e+07,0.000000e+00,0.000000e+00,3.161781e+06,0.000000e+00,3.161781e+06,0.000000e+00,0.000000e+00,6.467265e+09,5.587935e-09,6.676972e-14,0.000000e+00,0.000000e+00,0.000000e+00,0.000000e+00,3.994743e+08,6.337728e+10,-6.752547e+08,3.600002e+06,2.083191e+07,0.000000e+00,-1.875706e+02,2.328209e+09,1.218621e+10,-1.474559e+08,8.748272e+05,3.363244e+07,6.670000e+02,-1.685543e+02,-8.017621e+07,0.000000e+00,0.000000e+00
5.202828e+00,7.558929e+09,8.077754e+10,-1.080683e+00,8.908823e+01,-9.097620e+08,8.368966e+06,3.063367e-03,9.466446e+07,0.000000e+00,0.000000e+00,2.346064e+06,0.000000e+00,2.346064e+06,0.000000e+00,0.000000e+00,6.484015e+09,5.587935e-09,6.676972e-14,0.000000e+00,0.000000e+00,0.000000e+00,0.000000e+00,3.988624e+08,6.337433e+10,-6.752381e+08,3.600002e+06,2.087901e+07,0.000000e+00,-1.875660e+02,2.337527e+09,1.216808e+10,-1.473221e+08,8.748272e+05,3.384865e+07,6.670000e+02,-1.684014e+02,-8.032303e+07,0.000000e+00,0.000000e+00
5.221186e+00,7.572341e+09,8.076216e+10,-1.501649e+00,1.510105e+02,-9.098518e+08,8.368966e+06,3.060421e-03,9.302126e+07,0.000000e+00,0.000000e+00,5.046232e+06,0.000000e+00,5.046232e+06,0.000000e+00,0.000000e+00,6.497676e+09,5.587935e-09,6.676972e-14,0.000000e+00,0.000000e+00,0.000000e+00,0.000000e+00,3.988037e+08,6.337335e+10,-6.752322e+08,3.600002e+06,2.092197e+07,0.000000e+00,-1.875644e+02,2.343960e+09,1.215131e+10,-1.471796e+08,8.747016e+05,3.402790e+07,6.680000e+02,-1.682626e+02,-8.047778e+07,0.000000e+00,0.000000e+00
5.242614e+00,7.593274e+09,8.074005e+10,-3.444901e+00,2.366616e+02,-9.099576e+08,8.368966e+06,3.056381e-03,9.370410e+07,0.000000e+00,0.000000e+00,3.411794e+06,0.000000e+00,3.411794e+06,0.000000e+00,0.000000e+00,6.514635e+09,5.587935e-09,6.676972e-14,0.000000e+00,0.000000e+00,0.000000e+00,0.000000e+00,4.031633e+08,6.336878e+10,-6.752295e+08,3.600002e+06,2.097094e+07,0.000000e+00,-1.875636e+02,2.352196e+09,1.213156e+10,-1.470120e+08,8.745759e+05,3.425031e+07,6.690000e+02,-1.680952e+02,-8.063680e+07,0.000000e+00,0.000000e+00
5.260969e+00,7.609113e+09,8.072476e+10,-3.639810e+00,2.843979e+02,-9.100463e+08,8.368966e+06,3.064294e-03,9.460682e+07,0.000000e+00,0.000000e+00,1.425615e+06,0.000000e+00,1.425615e+06,0.000000e+00,0.000000e+00,6.527487e+09,5.587935e-09,6.676972e-14,0.000000e+00,0.000000e+00,0.000000e+00,0.000000e+00,4.049272e+08,6.336606e+10,-6.752252e+08,3.600002e+06,2.101027e+07,0.000000e+00,-1.875624e+02,2.359754e+09,1.212029e+10,-1.469345e+08,8.740736e+05,3.442967e+07,6.730000e+02,-1.681031e+02,-8.070858e+07,0.000000e+00,0.000000e+00
5.282407e+00,7.625467e+09,8.071111e+10,-1.618955e+00,3.236209e+02,-9.101462e+08,8.368966e+06,3.062758e-03,9.231626e+07,0.000000e+00,0.000000e+00,7.263041e+05,0.000000e+00,7.263041e+05,0.000000e+00,0.000000e+00,6.539613e+09,5.587935e-09,6.676972e-14,0.000000e+00,0.000000e+00,0.000000e+00,0.000000e+00,4.052259e+08,6.336449e+10,-6.752194e+08,3.600002e+06,2.105735e+07,0.000000e+00,-1.875608e+02,2.369124e+09,1.211209e+10,-1.469115e+08,8.721895e+05,3.463273e+07,6.880000e+02,-1.684399e+02,-8.073230e+07,0.000000e+00,0.000000e+00
5.300487e+00,7.638133e+09,8.069793e+10,-2.542248e-01,3.947379e+02,-9.102255e+08,8.368966e+06,2.987777e-03,9.286312e+07,0.000000e+00,0.000000e+00,4.533251e+05,0.000000e+00,4.533251e+05,0.000000e+00,0.000000e+00,6.548268e+09,5.587935e-09,6.676972e-14,0.000000e+00,0.000000e+00,0.000000e+00,0.000000e+00,4.072763e+08,6.336128e+10,-6.752125e+08,3.600002e+06,2.109749e+07,0.000000e+00,-1.875589e+02,2.374090e+09,1.210500e+10,-1.469044e+08,8.720639e+05,3.476782e+07,6.890000e+02,-1.684559e+02,-8.074817e+07,0.000000e+00,0.000000e+00
5.321095e+00,7.648057e+09,8.068555e+10,-6.019576e-02,4.960969e+02,-9.103106e+08,8.368966e+06,2.657755e-03,9.331451e+07,0.000000e+00,0.000000e+00,1.444811e+06,0.000000e+00,1.444811e+06,0.000000e+00,0.000000e+00,6.557676e+09,5.587935e-09,6.676972e-14,0.000000e+00,0.000000e+00,0.000000e+00,0.000000e+00,4.080365e+08,6.335755e+10,-6.751979e+08,3.600002e+06,2.113965e+07,0.000000e+00,-1.875549e+02,2.376799e+09,1.209791e+10,-1.468749e+08,8.715615e+05,3.492336e+07,6.930000e+02,-1.685193e+02,-8.080510e+07,0.000000e+00,0.000000e+00
5.342535e+00,7.659533e+09,8.067280e+10,-5.013400e-01,5.312690e+02,-9.103914e+08,8.368966e+06,2.817860e-03,9.202017e+07,0.000000e+00,0.000000e+00,2.917532e+06,0.000000e+00,2.917532e+06,0.000000e+00,0.000000e+00,6.568060e+09,5.587935e-09,6.676972e-14,0.000000e+00,0.000000e+00,0.000000e+00,0.000000e+00,4.068270e+08,6.335028e+10,-6.751556e+08,3.600002e+06,2.118244e+07,0.000000e+00,-1.875431e+02,2.382355e+09,1.208429e+10,-1.467762e+08,8.710591e+05,3.509051e+07,6.970000e+02,-1.685031e+02,-8.095014e+07,0.000000e+00,0.000000e+00
5.362258e+00,7.673552e+09,8.065987e+10,-2.471119e+00,5.504955e+02,-9.104584e+08,8.368966e+06,2.983650e-03,9.200509e+07,0.000000e+00,0.000000e+00,1.232313e+06,0.000000e+00,1.232313e+06,0.000000e+00,0.000000e+00,6.580113e+09,5.587935e-09,6.676972e-14,0.000000e+00,0.000000e+00,0.000000e+00,0.000000e+00,4.060929e+08,6.334357e+10,-6.751174e+08,3.600002e+06,2.122372e+07,0.000000e+00,-1.875325e+02,2.391028e+09,1.207090e+10,-1.466977e+08,8.710591e+05,3.526865e+07,6.970000e+02,-1.684130e+02,-8.105827e+07,0.000000e+00,0.000000e+00
5.380363e+00,7.681768e+09,8.065124e+10,-4.462275e+00,5.733520e+02,-9.105130e+08,8.368966e+06,3.071379e-03,9.284570e+07,0.000000e+00,0.000000e+00,4.615188e+05,0.000000e+00,4.615188e+05,0.000000e+00,0.000000e+00,6.590970e+09,5.587935e-09,6.676972e-14,0.000000e+00,0.000000e+00,0.000000e+00,0.000000e+00,4.043347e+08,6.334067e+10,-6.750942e+08,3.600002e+06,2.125842e+07,0.000000e+00,-1.875261e+02,2.395432e+09,1.206285e+10,-1.466594e+08,8.705566e+05,3.541712e+07,7.010000e+02,-1.684662e+02,-8.111546e+07,0.000000e+00,0.000000e+00
5.402814e+00,7.684061e+09,8.064774e+10,-5.241213e+00,5.594374e+02,-9.105734e+08,8.368966e+06,3.074361e-03,9.377567e+07,0.000000e+00,0.000000e+00,1.212158e+05,0.000000e+00,1.212158e+05,0.000000e+00,0.000000e+00,6.600723e+09,5.587935e-09,6.676972e-14,0.000000e+00,0.000000e+00,0.000000e+00,0.000000e+00,4.015291e+08,6.334084e+10,-6.750813e+08,3.600002e+06,2.130178e+07,0.000000e+00,-1.875225e+02,2.394357e+09,1.205994e+10,-1.466298e+08,8.705566e+05,3.557605e+07,7.010000e+02,-1.684322e+02,-8.115254e+07,0.000000e+00,0.000000e+00
5.421234e+00,7.687054e+09,8.064361e+10,-5.080981e+00,5.255640e+02,-9.106173e+08,8.368966e+06,3.070395e-03,9.401624e+07,0.000000e+00,0.000000e+00,7.572342e+05,0.000000e+00,7.572342e+05,0.000000e+00,0.000000e+00,6.607145e+09,5.587935e-09,6.676972e-14,0.000000e+00,0.000000e+00,0.000000e+00,0.000000e+00,3.996917e+08,6.334143e+10,-6.750749e+08,3.600002e+06,2.133578e+07,0.000000e+00,-1.875207e+02,2.394226e+09,1.205788e+10,-1.466109e+08,8.699286e+05,3.569040e+07,7.060000e+02,-1.685321e+02,-8.118214e+07,0.000000e+00,0.000000e+00
5.442500e+00,7.694312e+09,8.063666e+10,-4.111519e+00,4.971700e+02,-9.106632e+08,8.368966e+06,3.063506e-03,9.321338e+07,0.000000e+00,0.000000e+00,9.671799e+05,0.000000e+00,9.671799e+05,0.000000e+00,0.000000e+00,6.614626e+09,5.587935e-09,6.676972e-14,0.000000e+00,0.000000e+00,0.000000e+00,0.000000e+00,3.981751e+08,6.334137e+10,-6.750664e+08,3.600002e+06,2.137595e+07,0.000000e+00,-1.875183e+02,2.397215e+09,1.205019e+10,-1.465566e+08,8.699286e+05,3.582900e+07,7.060000e+02,-1.684697e+02,-8.124622e+07,0.000000e+00,0.000000e+00
5.460904e+00,7.702391e+09,8.062797e+10,-4.115865e+00,5.132891e+02,-9.107007e+08,8.368966e+06,3.069715e-03,9.272846e+07,0.000000e+00,0.000000e+00,1.504503e+06,0.000000e+00,1.504503e+06,0.000000e+00,0.000000e+00,6.621228e+09,5.587935e-09,6.676972e-14,0.000000e+00,0.000000e+00,0.000000e+00,0.000000e+00,3.987938e+08,6.333982e+10,-6.750602e+08,3.600002e+06,2.141020e+07,0.000000e+00,-1.875166e+02,2.399531e+09,1.204278e+10,-1.465111e+08,8.699286e+05,3.594414e+07,7.060000e+02,-1.684173e+02,-8.130275e+07,0.000000e+00,0.000000e+00
5.482388e+00,7.711980e+09,8.061335e+10,-7.898753e+00,5.648220e+02,-9.107436e+08,8.368966e+06,3.071522e-03,9.444598e+07,0.000000e+00,0.000000e+00,3.727682e+06,0.000000e+00,3.727682e+06,0.000000e+00,0.000000e+00,6.629445e+09,5.587935e-09,6.676972e-14,0.000000e+00,0.000000e+00,0.000000e+00,0.000000e+00,3.978348e+08,6.333686e+10,-6.750396e+08,3.600002e+06,2.144891e+07,0.000000e+00,-1.875109e+02,2.403606e+09,1.202298e+10,-1.463766e+08,8.699286e+05,3.610262e+07,7.060000e+02,-1.682628e+02,-8.147053e+07,0.000000e+00,0.000000e+00
5.501379e+00,7.724152e+09,8.060203e+10,-1.553521e+01,6.144484e+02,-9.107820e+08,8.368966e+06,3.225549e-03,9.554467e+07,0.000000e+00,0.000000e+00,1.400220e+06,0.000000e+00,1.400220e+06,0.000000e+00,0.000000e+00,6.639349e+09,5.587935e-09,6.676972e-14,0.000000e+00,0.000000e+00,0.000000e+00,0.000000e+00,3.947499e+08,6.333352e+10,-6.750075e+08,3.600002e+06,2.148159e+07,0.000000e+00,-1.875020e+02,2.413048e+09,1.200689e+10,-1.462784e+08,8.698030e+05,3.625924e+07,7.070000e+02,-1.681741e+02,-8.159169e+07,0.000000e+00,0.000000e+00
5.520732e+00,7.734853e+09,8.059145e+10,-2.717790e+01,6.865345e+02,-9.108221e+08,8.368966e+06,3.225121e-03,9.489630e+07,0.000000e+00,0.000000e+00,1.760794e+06,0.000000e+00,1.760794e+06,0.000000e+00,0.000000e+00,6.649417e+09,5.587935e-09,6.676972e-14,0.000000e+00,0.000000e+00,0.000000e+00,0.000000e+00,3.909260e+08,6.332972e+10,-6.749692e+08,3.600002e+06,2.151619e+07,0.000000e+00,-1.874913e+02,2.421895e+09,1.199101e+10,-1.462107e+08,8.696774e+05,3.643464e+07,7.080000e+02,-1.681206e+02,-8.169927e+07,0.000000e+00,0.000000e+00
5.542501e+00,7.748145e+09,8.057330e+10,-4.475932e+01,7.786277e+02,-9.108696e+08,8.368966e+06,3.076968e-03,9.709716e+07,0.000000e+00,0.000000e+00,3.527330e+06,0.000000e+00,3.527330e+06,0.000000e+00,0.000000e+00,6.660612e+09,5.587935e-09,6.676972e-14,0.000000e+00,0.000000e+00,0.000000e+00,0.000000e+00,3.901764e+08,6.332221e+10,-6.749254e+08,3.600002e+06,2.155458e+07,0.000000e+00,-1.874792e+02,2.429176e+09,1.196943e+10,-1.460818e+08,8.696774e+05,3.659610e+07,7.080000e+02,-1.679724e+02,-8.188174e+07,0.000000e+00,0.000000e+00
5.561400e+00,7.759067e+09,8.056101e+10,-6.125650e+01,8.485754e+02,-9.109135e+08,8.368966e+06,3.227208e-03,9.713975e+07,0.000000e+00,0.000000e+00,2.926792e+06,0.000000e+00,2.926792e+06,0.000000e+00,0.000000e+00,6.669951e+09,5.587935e-09,6.676972e-14,0.000000e+00,0.000000e+00,0.000000e+00,0.000000e+00,3.898404e+08,6.331558e+10,-6.748911e+08,3.600002e+06,2.158850e+07,0.000000e+00,-1.874696e+02,2.434666e+09,1.195504e+10,-1.459604e+08,8.694262e+05,3.673223e+07,7.100000e+02,-1.678813e+02,-8.203306e+07,0.000000e+00,0.000000e+00
5.580599e+00,7.773970e+09,8.054477e+10,-7.540827e+01,9.371713e+02,-9.109628e+08,8.368966e+06,3.057088e-03,9.730190e+07,0.000000e+00,0.000000e+00,3.383668e+06,0.000000e+00,3.383668e+06,0.000000e+00,0.000000e+00,6.679940e+09,5.587935e-09,6.676972e-14,0.000000e+00,0.000000e+00,0.000000e+00,0.000000e+00,3.912939e+08,6.331044e+10,-6.748704e+08,3.600002e+06,2.162160e+07,0.000000e+00,-1.874639e+02,2.442481e+09,1.193717e+10,-1.458443e+08,8.689238e+05,3.689232e+07,7.140000e+02,-1.678448e+02,-8.216331e+07,0.000000e+00,0.000000e+00
5.602023e+00,7.793774e+09,8.052790e+10,-8.856312e+01,1.126182e+03,-9.110216e+08,8.368966e+06,3.065450e-03,9.624364e+07,0.000000e+00,0.000000e+00,1.165910e+06,0.000000e+00,1.165910e+06,0.000000e+00,0.000000e+00,6.694099e+09,5.587935e-09,6.676972e-14,0.000000e+00,0.000000e+00,0.000000e+00,0.000000e+00,3.945084e+08,6.330587e+10,-6.748639e+08,3.600002e+06,2.165621e+07,0.000000e+00,-1.874621e+02,2.452613e+09,1.192460e+10,-1.457630e+08,8.689238e+05,3.707785e+07,7.140000e+02,-1.677511e+02,-8.224116e+07,0.000000e+00,0.000000e+00
5.620428e+00,7.802497e+09,8.051887e+10,-9.815463e+01,1.309242e+03,-9.110746e+08,8.368966e+06,3.070361e-03,9.618282e+07,0.000000e+00,0.000000e+00,1.106737e+06,0.000000e+00,1.106737e+06,0.000000e+00,0.000000e+00,6.705814e+09,5.587935e-09,6.676972e-14,0.000000e+00,0.000000e+00,0.000000e+00,0.000000e+00,3.942445e+08,6.330515e+10,-6.748608e+08,3.600002e+06,2.168825e+07,0.000000e+00,-1.874612e+02,2.456442e+09,1.191714e+10,-1.457146e+08,8.689238e+05,3.721272e+07,7.140000e+02,-1.676955e+02,-8.229849e+07,0.000000e+00,0.000000e+00
5.641692e+00,7.810250e+09,8.050442e+10,-1.066687e+02,1.455464e+03,-9.111363e+08,8.368966e+06,2.991869e-03,9.824422e+07,0.000000e+00,0.000000e+00,4.778304e+06,0.000000e+00,4.778304e+06,0.000000e+00,0.000000e+00,6.718265e+09,5.587935e-09,6.676972e-14,0.000000e+00,0.000000e+00,0.000000e+00,0.000000e+00,3.933637e+08,6.330405e+10,-6.748511e+08,3.600002e+06,2.172364e+07,0.000000e+00,-1.874585e+02,2.458884e+09,1.189986e+10,-1.455864e+08,8.680446e+05,3.735863e+07,7.210000e+02,-1.677177e+02,-8.244598e+07,0.000000e+00,0.000000e+00
5.663051e+00,7.827382e+09,8.049197e+10,-1.084105e+02,1.587199e+03,-9.111974e+08,8.368966e+06,3.200846e-03,9.564090e+07,0.000000e+00,0.000000e+00,1.948930e+06,0.000000e+00,1.948930e+06,0.000000e+00,0.000000e+00,6.732487e+09,5.587935e-09,6.676972e-14,0.000000e+00,0.000000e+00,0.000000e+00,0.000000e+00,3.941581e+08,6.330160e+10,-6.748414e+08,3.600002e+06,2.176004e+07,0.000000e+00,-1.874558e+02,2.468484e+09,1.188774e+10,-1.454812e+08,8.677934e+05,3.752250e+07,7.230000e+02,-1.676450e+02,-8.254758e+07,0.000000e+00,0.000000e+00
5.682249e+00,7.840371e+09,8.047986e+10,-1.004432e+02,1.718765e+03,-9.112517e+08,8.368966e+06,3.198188e-03,9.615241e+07,0.000000e+00,0.000000e+00,5.413746e+05,0.000000e+00,5.413746e+05,0.000000e+00,0.000000e+00,6.743051e+09,5.587935e-09,6.676972e-14,0.000000e+00,0.000000e+00,0.000000e+00,0.000000e+00,3.958811e+08,6.329888e+10,-6.748355e+08,3.600002e+06,2.179218e+07,0.000000e+00,-1.874542e+02,2.474200e+09,1.187924e+10,-1.454358e+08,8.674166e+05,3.765266e+07,7.260000e+02,-1.676655e+02,-8.259545e+07,0.000000e+00,0.000000e+00
5.700873e+00,7.851191e+09,8.046871e+10,-8.349818e+01,1.793077e+03,-9.113034e+08,8.368966e+06,3.234786e-03,9.647032e+07,0.000000e+00,0.000000e+00,2.118470e+05,0.000000e+00,2.118470e+05,0.000000e+00,0.000000e+00,6.750931e+09,5.587935e-09,6.676972e-14,0.000000e+00,0.000000e+00,0.000000e+00,0.000000e+00,3.990264e+08,6.329489e+10,-6.748303e+08,3.600002e+06,2.182259e+07,0.000000e+00,-1.874527e+02,2.477038e+09,1.187356e+10,-1.454109e+08,8.657838e+05,3.776624e+07,7.390000e+02,-1.679529e+02,-8.262456e+07,0.000000e+00,0.000000e+00
5.720324e+00,7.861349e+09,8.045847e+10,-5.731061e+01,1.879540e+03,-9.113563e+08,8.368966e+06,3.247408e-03,9.624489e+07,0.000000e+00,0.000000e+00,2.638770e+05,0.000000e+00,2.638770e+05,0.000000e+00,0.000000e+00,6.757359e+09,5.587935e-09,6.676972e-14,0.000000e+00,0.000000e+00,0.000000e+00,0.000000e+00,4.018336e+08,6.329036e+10,-6.748223e+08,3.600002e+06,2.185549e+07,0.000000e+00,-1.874505e+02,2.479642e+09,1.186861e+10,-1.453821e+08,8.657838e+05,3.787001e+07,7.390000e+02,-1.679196e+02,-8.266210e+07,0.000000e+00,0.000000e+00
5.743068e+00,7.873184e+09,8.044646e+10,-1.940936e+01,2.150720e+03,-9.114181e+08,8.368966e+06,3.115899e-03,9.573235e+07,0.000000e+00,0.000000e+00,5.867212e+05,0.000000e+00,5.867212e+05,0.000000e+00,0.000000e+00,6.764402e+09,5.587935e-09,6.676972e-14,0.000000e+00,0.000000e+00,0.000000e+00,0.000000e+00,4.033749e+08,6.328693e+10,-6.748122e+08,3.600002e+06,2.188914e+07,0.000000e+00,-1.874477e+02,2.484699e+09,1.186116e+10,-1.453478e+08,8.652813e+05,3.798959e+07,7.430000e+02,-1.679775e+02,-8.271211e+07,0.000000e+00,0.000000e+00
5.761504e+00,7.883033e+09,8.043486e+10,1.297250e+01,2.335951e+03,-9.114691e+08,8.368966e+06,2.986263e-03,9.570775e+07,0.000000e+00,0.000000e+00,1.636068e+06,0.000000e+00,1.636068e+06,0.000000e+00,0.000000e+00,6.770718e+09,5.587935e-09,6.676972e-14,0.000000e+00,0.000000e+00,0.000000e+00,0.000000e+00,4.045168e+08,6.328454e+10,-6.748066e+08,3.600002e+06,2.191912e+07,0.000000e+00,-1.874462e+02,2.488310e+09,1.184929e+10,-1.452603e+08,8.650301e+05,3.808706e+07,7.450000e+02,-1.679252e+02,-8.280642e+07,0.000000e+00,0.000000e+00
5.782431e+00,7.892527e+09,8.042477e+10,4.285979e+01,2.375424e+03,-9.115290e+08,8.368966e+06,2.992314e-03,9.714006e+07,0.000000e+00,0.000000e+00,3.243825e+05,0.000000e+00,3.243825e+05,0.000000e+00,0.000000e+00,6.779786e+09,5.587935e-09,6.676972e-14,0.000000e+00,0.000000e+00,0.000000e+00,0.000000e+00,4.039178e+08,6.328352e+10,-6.748008e+08,3.600002e+06,2.195045e+07,0.000000e+00,-1.874445e+02,2.493082e+09,1.184205e+10,-1.452248e+08,8.647789e+05,3.821317e+07,7.470000e+02,-1.679329e+02,-8.283759e+07,0.000000e+00,0.000000e+00
5.800387e+00,7.899025e+09,8.041810e+10,5.788320e+01,2.394103e+03,-9.115816e+08,8.368966e+06,2.993039e-03,9.662210e+07,0.000000e+00,0.000000e+00,6.911580e+05,0.000000e+00,6.911580e+05,0.000000e+00,0.000000e+00,6.786530e+09,5.587935e-09,6.676972e-14,0.000000e+00,0.000000e+00,0.000000e+00,0.000000e+00,4.033473e+08,6.328373e+10,-6.747983e+08,3.600002e+06,2.197876e+07,0.000000e+00,-1.874438e+02,2.495567e+09,1.183855e+10,-1.452145e+08,8.642765e+05,3.830708e+07,7.510000e+02,-1.680185e+02,-8.285443e+07,0.000000e+00,0.000000e+00
5.821782e+00,7.907022e+09,8.040885e+10,6.364243e+01,2.333687e+03,-9.116440e+08,8.368966e+06,3.104119e-03,9.517415e+07,0.000000e+00,0.000000e+00,2.980215e+06,0.000000e+00,2.980215e+06,0.000000e+00,0.000000e+00,6.794491e+09,5.587935e-09,6.676972e-14,0.000000e+00,0.000000e+00,0.000000e+00,0.000000e+00,4.031929e+08,6.328398e+10,-6.747983e+08,3.600002e+06,2.201068e+07,0.000000e+00,-1.874439e+02,2.497782e+09,1.182917e+10,-1.451302e+08,8.642765e+05,3.841379e+07,7.510000e+02,-1.679210e+02,-8.294978e+07,0.000000e+00,0.000000e+00
5.841145e+00,7.912520e+09,8.040314e+10,6.110799e+01,2.156194e+03,-9.116994e+08,8.368966e+06,3.200744e-03,9.572388e+07,0.000000e+00,0.000000e+00,1.352466e+06,0.000000e+00,1.352466e+06,0.000000e+00,0.000000e+00,6.802091e+09,5.587935e-09,6.676972e-14,0.000000e+00,0.000000e+00,0.000000e+00,0.000000e+00,4.025884e+08,6.328408e+10,-6.747962e+08,3.600002e+06,2.203850e+07,0.000000e+00,-1.874433e+02,2.498138e+09,1.182406e+10,-1.450775e+08,8.642765e+05,3.850915e+07,7.510000e+02,-1.678601e+02,-8.299394e+07,0.000000e+00,0.000000e+00
5.860364e+00,7.915798e+09,8.039897e+10,5.227419e+01,2.108843e+03,-9.117516e+08,8.368966e+06,3.206045e-03,9.699666e+07,0.000000e+00,0.000000e+00,6.178032e+05,0.000000e+00,6.178032e+05,0.000000e+00,0.000000e+00,6.807977e+09,5.587935e-09,6.676972e-14,0.000000e+00,0.000000e+00,0.000000e+00,0.000000e+00,4.018732e+08,6.328291e+10,-6.747871e+08,3.600002e+06,2.206842e+07,0.000000e+00,-1.874407e+02,2.497472e+09,1.182154e+10,-1.450513e+08,8.632716e+05,3.859632e+07,7.590000e+02,-1.680251e+02,-8.302673e+07,0.000000e+00,0.000000e+00
5.882528e+00,7.924033e+09,8.039042e+10,3.682486e+01,2.337518e+03,-9.118080e+08,8.368966e+06,3.066469e-03,9.613984e+07,0.000000e+00,0.000000e+00,1.050329e+06,0.000000e+00,1.050329e+06,0.000000e+00,0.000000e+00,6.814207e+09,5.587935e-09,6.676972e-14,0.000000e+00,0.000000e+00,0.000000e+00,0.000000e+00,4.031998e+08,6.327849e+10,-6.747697e+08,3.600002e+06,2.210358e+07,0.000000e+00,-1.874359e+02,2.499251e+09,1.181847e+10,-1.450360e+08,8.632716e+05,3.869166e+07,7.590000e+02,-1.680074e+02,-8.306860e+07,0.000000e+00,0.000000e+00
5.901051e+00,7.932532e+09,8.037925e+10,1.753233e+01,2.514250e+03,-9.118509e+08,8.368966e+06,3.115475e-03,9.624203e+07,0.000000e+00,0.000000e+00,2.913555e+06,0.000000e+00,2.913555e+06,0.000000e+00,0.000000e+00,6.820671e+09,5.587935e-09,6.676972e-14,0.000000e+00,0.000000e+00,0.000000e+00,0.000000e+00,4.017013e+08,6.327579e+10,-6.747475e+08,3.600002e+06,2.213005e+07,0.000000e+00,-1.874297e+02,2.503515e+09,1.180563e+10,-1.449535e+08,8.632716e+05,3.879254e+07,7.590000e+02,-1.679118e+02,-8.317632e+07,0.000000e+00,0.000000e+00
5.922933e+00,7.945096e+09,8.036593e+10,-1.905455e+01,2.457266e+03,-9.118983e+08,8.368966e+06,3.130983e-03,9.820582e+07,0.000000e+00,0.000000e+00,1.380092e+06,0.000000e+00,1.380092e+06,0.000000e+00,0.000000e+00,6.830917e+09,5.587935e-09,6.676972e-14,0.000000e+00,0.000000e+00,0.000000e+00,0.000000e+00,3.992315e+08,6.327332e+10,-6.747210e+08,3.600002e+06,2.216140e+07,0.000000e+00,-1.874224e+02,2.511789e+09,1.179190e+10,-1.448869e+08,8.632716e+05,3.892400e+07,7.590000e+02,-1.678346e+02,-8.326399e+07,0.000000e+00,0.000000e+00
5.941683e+00,7.958567e+09,8.035128e+10,-5.491283e+01,2.266072e+03,-9.119368e+08,8.368966e+06,3.117045e-03,9.848020e+07,0.000000e+00,0.000000e+00,1.931494e+06,0.000000e+00,1.931494e+06,0.000000e+00,0.000000e+00,6.840138e+09,5.587935e-09,6.676972e-14,0.000000e+00,0.000000e+00,0.000000e+00,0.000000e+00,3.987137e+08,6.326984e+10,-6.747000e+08,3.600002e+06,2.218947e+07,0.000000e+00,-1.874165e+02,2.519644e+09,1.177920e+10,-1.448383e+08,8.632716e+05,3.904440e+07,7.590000e+02,-1.677784e+02,-8.333605e+07,0.000000e+00,0.000000e+00
5.960742e+00,7.975577e+09,8.033276e+10,-8.571992e+01,2.111512e+03,-9.119740e+08,8.368966e+06,3.203358e-03,9.795217e+07,0.000000e+00,0.000000e+00,3.436388e+06,0.000000e+00,3.436388e+06,0.000000e+00,0.000000e+00,6.850097e+09,5.587935e-09,6.676972e-14,0.000000e+00,0.000000e+00,0.000000e+00,0.000000e+00,3.996422e+08,6.326606e+10,-6.746845e+08,3.600002e+06,2.221663e+07,0.000000e+00,-1.874122e+02,2.529332e+09,1.176198e+10,-1.447526e+08,8.632716e+05,3.918411e+07,7.590000e+02,-1.676791e+02,-8.344351e+07,0.000000e+00,0.000000e+00
5.980045e+00,7.989712e+09,8.031854e+10,-1.160532e+02,1.939632e+03,-9.120088e+08,8.368966e+06,3.269525e-03,9.803878e+07,0.000000e+00,0.000000e+00,2.039063e+06,0.000000e+00,2.039063e+06,0.000000e+00,0.000000e+00,6.860739e+09,5.587935e-09,6.676972e-14,0.000000e+00,0.000000e+00,0.000000e+00,0.000000e+00,3.998596e+08,6.326426e+10,-6.746772e+08,3.600002e+06,2.224219e+07,0.000000e+00,-1.874102e+02,2.537263e+09,1.174694e+10,-1.446544e+08,8.632716e+05,3.930488e+07,7.590000e+02,-1.675653e+02,-8.354149e+07,0.000000e+00,0.000000e+00
6.002846e+00,7.999278e+09,8.030652e+10,-1.656543e+02,1.959370e+03,-9.120452e+08,8.368966e+06,3.229585e-03,9.912550e+07,0.000000e+00,0.000000e+00,3.110104e+06,0.000000e+00,3.110104e+06,0.000000e+00,0.000000e+00,6.872194e+09,5.587935e-09,6.676972e-14,0.000000e+00,0.000000e+00,0.000000e+00,0.000000e+00,3.997867e+08,6.326350e+10,-6.746726e+08,3.600002e+06,2.227379e+07,0.000000e+00,-1.874089e+02,2.540351e+09,1.173367e+10,-1.445555e+08,8.630204e+05,3.944341e+07,7.610000e+02,-1.674995e+02,-8.364704e+07,0.000000e+00,0.000000e+00
6.022229e+00,8.008331e+09,8.029834e+10,-2.027216e+02,2.543107e+03,-9.120732e+08,8.368966e+06,3.233032e-03,9.955202e+07,0.000000e+00,0.000000e+00,2.005458e+06,0.000000e+00,2.005458e+06,0.000000e+00,0.000000e+00,6.883153e+09,5.587935e-09,6.676972e-14,0.000000e+00,0.000000e+00,0.000000e+00,0.000000e+00,3.992691e+08,6.326219e+10,-6.746637e+08,3.600002e+06,2.230108e+07,0.000000e+00,-1.874065e+02,2.544630e+09,1.172454e+10,-1.444825e+08,8.627692e+05,3.957231e+07,7.630000e+02,-1.674636e+02,-8.372546e+07,0.000000e+00,0.000000e+00
6.041645e+00,8.017590e+09,8.029016e+10,-2.190004e+02,2.870727e+03,-9.120989e+08,8.368966e+06,3.239369e-03,9.888951e+07,0.000000e+00,0.000000e+00,9.366479e+05,0.000000e+00,9.366479e+05,0.000000e+00,0.000000e+00,6.894005e+09,5.587935e-09,6.676972e-14,0.000000e+00,0.000000e+00,0.000000e+00,0.000000e+00,3.986768e+08,6.326063e+10,-6.746520e+08,3.600002e+06,2.232860e+07,0.000000e+00,-1.874032e+02,2.549152e+09,1.171793e+10,-1.444309e+08,8.626436e+05,3.969138e+07,7.640000e+02,-1.674282e+02,-8.378846e+07,0.000000e+00,0.000000e+00
6.061095e+00,8.026950e+09,8.027785e+10,-2.320790e+02,2.460759e+03,-9.121235e+08,8.368966e+06,3.245431e-03,9.807319e+07,0.000000e+00,0.000000e+00,3.562490e+06,0.000000e+00,3.562490e+06,0.000000e+00,0.000000e+00,6.903378e+09,5.587935e-09,6.676972e-14,0.000000e+00,0.000000e+00,0.000000e+00,0.000000e+00,3.999944e+08,6.325780e+10,-6.746438e+08,3.600002e+06,2.235305e+07,0.000000e+00,-1.874009e+02,2.552094e+09,1.170457e+10,-1.443444e+08,8.612620e+05,3.979833e+07,7.750000e+02,-1.675963e+02,-8.389001e+07,0.000000e+00,0.000000e+00
6.080591e+00,8.038980e+09,8.026443e+10,-2.591843e+02,2.222787e+03,-9.121491e+08,8.368966e+06,3.234110e-03,9.993994e+07,0.000000e+00,0.000000e+00,2.222136e+06,0.000000e+00,2.222136e+06,0.000000e+00,0.000000e+00,6.913821e+09,5.587935e-09,6.676972e-14,0.000000e+00,0.000000e+00,0.000000e+00,0.000000e+00,4.021308e+08,6.325472e+10,-6.746382e+08,3.600002e+06,2.237976e+07,0.000000e+00,-1.873994e+02,2.556790e+09,1.169238e+10,-1.442573e+08,8.607596e+05,3.992091e+07,7.790000e+02,-1.675931e+02,-8.397726e+07,0.000000e+00,0.000000e+00
6.103232e+00,8.058062e+09,8.024654e+10,-2.836707e+02,2.702678e+03,-9.121807e+08,8.368966e+06,3.235012e-03,9.924481e+07,0.000000e+00,0.000000e+00,1.329723e+06,0.000000e+00,1.329723e+06,0.000000e+00,0.000000e+00,6.926459e+09,5.587935e-09,6.676972e-14,0.000000e+00,0.000000e+00,0.000000e+00,0.000000e+00,4.061800e+08,6.324674e+10,-6.746157e+08,3.600002e+06,2.241014e+07,0.000000e+00,-1.873931e+02,2.565373e+09,1.167960e+10,-1.441909e+08,8.607596e+05,4.005616e+07,7.790000e+02,-1.675159e+02,-8.406557e+07,0.000000e+00,0.000000e+00
6.122656e+00,8.074096e+09,8.023231e+10,-2.825911e+02,3.272082e+03,-9.122094e+08,8.368966e+06,3.240254e-03,9.792807e+07,0.000000e+00,0.000000e+00,6.658704e+05,0.000000e+00,6.658704e+05,0.000000e+00,0.000000e+00,6.934915e+09,5.587935e-09,6.676972e-14,0.000000e+00,0.000000e+00,0.000000e+00,0.000000e+00,4.096392e+08,6.323879e+10,-6.745905e+08,3.600002e+06,2.243479e+07,0.000000e+00,-1.873861e+02,2.572621e+09,1.167021e+10,-1.441544e+08,8.606340e+05,4.016444e+07,7.800000e+02,-1.674979e+02,-8.412351e+07,0.000000e+00,0.000000e+00
6.142110e+00,8.087611e+09,8.021932e+10,-2.780056e+02,3.685380e+03,-9.122394e+08,8.368966e+06,3.244540e-03,9.719094e+07,0.000000e+00,0.000000e+00,6.565518e+05,0.000000e+00,6.565518e+05,0.000000e+00,0.000000e+00,6.942270e+09,5.587935e-09,6.676972e-14,0.000000e+00,0.000000e+00,0.000000e+00,0.000000e+00,4.131642e+08,6.322956e+10,-6.745597e+08,3.600002e+06,2.245865e+07,0.000000e+00,-1.873776e+02,2.577800e+09,1.166411e+10,-1.441344e+08,8.598804e+05,4.026370e+07,7.860000e+02,-1.676215e+02,-8.417560e+07,0.000000e+00,0.000000e+00
6.161572e+00,8.096569e+09,8.020813e+10,-2.853697e+02,4.097296e+03,-9.122708e+08,8.368966e+06,3.242113e-03,9.776446e+07,0.000000e+00,0.000000e+00,1.664155e+06,0.000000e+00,1.664155e+06,0.000000e+00,0.000000e+00,6.948847e+09,5.587935e-09,6.676972e-14,0.000000e+00,0.000000e+00,0.000000e+00,0.000000e+00,4.153114e+08,6.322054e+10,-6.745242e+08,3.600002e+06,2.248281e+07,0.000000e+00,-1.873677e+02,2.580346e+09,1.165745e+10,-1.440968e+08,8.598804e+05,4.035123e+07,7.860000e+02,-1.675778e+02,-8.425690e+07,0.000000e+00,0.000000e+00
6.180026e+00,8.100880e+09,8.020124e+10,-3.015430e+02,4.534459e+03,-9.123004e+08,8.368966e+06,3.002233e-03,9.790080e+07,0.000000e+00,0.000000e+00,3.430257e+06,0.000000e+00,3.430257e+06,0.000000e+00,0.000000e+00,6.954841e+09,5.587935e-09,6.676972e-14,0.000000e+00,0.000000e+00,0.000000e+00,0.000000e+00,4.132429e+08,6.321596e+10,-6.744913e+08,3.600002e+06,2.250457e+07,0.000000e+00,-1.873586e+02,2.582305e+09,1.164640e+10,-1.440016e+08,8.593779e+05,4.044155e+07,7.900000e+02,-1.675649e+02,-8.438924e+07,0.000000e+00,0.000000e+00
6.201993e+00,8.109321e+09,8.019492e+10,-3.230722e+02,4.719538e+03,-9.123334e+08,8.368966e+06,3.236298e-03,9.823577e+07,0.000000e+00,0.000000e+00,6.294941e+05,0.000000e+00,6.294941e+05,0.000000e+00,0.000000e+00,6.963935e+09,5.587935e-09,6.676972e-14,0.000000e+00,0.000000e+00,0.000000e+00,0.000000e+00,4.104019e+08,6.321326e+10,-6.744617e+08,3.600002e+06,2.253098e+07,0.000000e+00,-1.873504e+02,2.588030e+09,1.163943e+10,-1.439300e+08,8.593779e+05,4.057652e+07,7.900000e+02,-1.674816e+02,-8.447587e+07,0.000000e+00,0.000000e+00
6.220483e+00,8.117579e+09,8.018513e+10,-3.333667e+02,4.484508e+03,-9.123578e+08,8.368966e+06,1.653307e-03,9.862176e+07,0.000000e+00,0.000000e+00,1.132681e+06,0.000000e+00,1.132681e+06,0.000000e+00,0.000000e+00,6.971285e+09,5.587935e-09,6.676972e-14,0.000000e+00,0.000000e+00,0.000000e+00,0.000000e+00,4.107878e+08,6.320929e+10,-6.744419e+08,3.600002e+06,2.255245e+07,0.000000e+00,-1.873449e+02,2.591260e+09,1.163366e+10,-1.439190e+08,8.593779e+05,4.069054e+07,7.900000e+02,-1.674688e+02,-8.450490e+07,-3.941546e+02,4.712964e+02
6.240469e+00,8.125650e+09,8.017636e+10,-3.393072e+02,4.204146e+03,-9.123804e+08,8.368966e+06,1.671686e-03,9.850163e+07,0.000000e+00,0.000000e+00,1.544878e+06,0.000000e+00,1.544878e+06,0.000000e+00,0.000000e+00,6.979622e+09,5.587935e-09,6.676972e-14,0.000000e+00,0.000000e+00,0.000000e+00,0.000000e+00,4.104572e+08,6.320646e+10,-6.744232e+08,3.600002e+06,2.257871e+07,0.000000e+00,-1.873397e+02,2.595012e+09,1.162681e+10,-1.438954e+08,8.592524e+05,4.080511e+07,7.910000e+02,-1.674658e+02,-8.454962e+07,-3.517716e+02,8.735922e+02
6.260539e+00,8.132360e+09,8.016751e+10,-3.556843e+02,4.209701e+03,-9.123997e+08,8.368966e+06,1.673106e-03,9.864742e+07,0.000000e+00,0.000000e+00,3.092914e+06,0.000000e+00,3.092914e+06,0.000000e+00,0.000000e+00,6.987953e+09,5.587935e-09,6.676972e-14,0.000000e+00,0.000000e+00,0.000000e+00,0.000000e+00,4.084554e+08,6.320452e+10,-6.743993e+08,3.600002e+06,2.260261e+07,0.000000e+00,-1.873330e+02,2.598911e+09,1.161605e+10,-1.438278e+08,8.592524e+05,4.092310e+07,7.910000e+02,-1.673872e+02,-8.464670e+07,3.118957e+01,7.882181e+02
6.281607e+00,8.140863e+09,8.015940e+10,-3.853001e+02,4.385569e+03,-9.124154e+08,8.368966e+06,2.296986e-03,9.926162e+07,0.000000e+00,0.000000e+00,1.746019e+06,0.000000e+00,1.746019e+06,0.000000e+00,0.000000e+00,6.998051e+09,5.587935e-09,6.676972e-14,0.000000e+00,0.000000e+00,0.000000e+00,0.000000e+00,4.052065e+08,6.320183e+10,-6.743647e+08,3.600002e+06,2.262830e+07,0.000000e+00,-1.873234e+02,2.605246e+09,1.160428e+10,-1.437510e+08,8.587499e+05,4.103902e+07,7.950000e+02,-1.673956e+02,-8.475122e+07,-1.228197e+02,9.356985e+02
6.300669e+00,8.147987e+09,8.015279e+10,-4.171076e+02,4.451013e+03,-9.124258e+08,8.368966e+06,1.664412e-03,9.881151e+07,0.000000e+00,0.000000e+00,1.290323e+06,0.000000e+00,1.290323e+06,0.000000e+00,0.000000e+00,7.005335e+09,5.587935e-09,6.676972e-14,0.000000e+00,0.000000e+00,0.000000e+00,0.000000e+00,4.047460e+08,6.319723e+10,-6.743319e+08,3.600002e+06,2.265153e+07,0.000000e+00,-1.873143e+02,2.608204e+09,1.159933e+10,-1.437389e+08,8.582475e+05,4.113689e+07,7.990000e+02,-1.674796e+02,-8.479330e+07,-1.114634e+03,2.872944e+03
6.320692e+00,8.158474e+09,8.013907e+10,-4.546216e+02,4.596525e+03,-9.124332e+08,8.368966e+06,1.673973e-03,9.963457e+07,0.000000e+00,0.000000e+00,2.956522e+06,0.000000e+00,2.956522e+06,0.000000e+00,0.000000e+00,7.011165e+09,5.587935e-09,6.676972e-14,0.000000e+00,0.000000e+00,0.000000e+00,0.000000e+00,4.065580e+08,6.319211e+10,-6.743063e+08,3.600002e+06,2.267458e+07,0.000000e+00,-1.873072e+02,2.612299e+09,1.158831e+10,-1.436997e+08,8.582475e+05,4.124140e+07,7.990000e+02,-1.674339e+02,-8.486204e+07,-1.473697e+03,4.490759e+03
6.340799e+00,8.170682e+09,8.012568e+10,-4.752635e+02,5.048382e+03,-9.124365e+08,8.368966e+06,1.679242e-03,1.005043e+08,0.000000e+00,0.000000e+00,2.810603e+06,0.000000e+00,2.810603e+06,0.000000e+00,0.000000e+00,7.019040e+09,5.587935e-09,6.676972e-14,0.000000e+00,0.000000e+00,0.000000e+00,0.000000e+00,4.054239e+08,6.319100e+10,-6.742886e+08,3.600002e+06,2.269748e+07,0.000000e+00,-1.873023e+02,2.620732e+09,1.157288e+10,-1.436380e+08,8.582475e+05,4.136678e+07,7.990000e+02,-1.673620e+02,-8.494044e+07,-6.639434e+02,4.999330e+03
6.360224e+00,8.182710e+09,8.011470e+10,-4.613126e+02,5.450904e+03,-9.124367e+08,8.368966e+06,2.625632e-03,1.005984e+08,0.000000e+00,0.000000e+00,1.351554e+06,0.000000e+00,1.351554e+06,0.000000e+00,0.000000e+00,7.027201e+09,5.587935e-09,6.676972e-14,0.000000e+00,0.000000e+00,0.000000e+00,0.000000e+00,4.040350e+08,6.319086e+10,-6.742755e+08,3.600002e+06,2.272091e+07,0.000000e+00,-1.872986e+02,2.629271e+09,1.156032e+10,-1.435897e+08,8.577451e+05,4.148855e+07,8.030000e+02,-1.674037e+02,-8.499977e+07,-2.604718e+02,5.173565e+03
6.381527e+00,8.192548e+09,8.010328e+10,-4.442493e+02,5.849241e+03,-9.124338e+08,8.368966e+06,2.678642e-03,1.011051e+08,0.000000e+00,0.000000e+00,1.960153e+06,0.000000e+00,1.960153e+06,0.000000e+00,0.000000e+00,7.036150e+09,5.587935e-09,6.676972e-14,0.000000e+00,0.000000e+00,0.000000e+00,0.000000e+00,4.040544e+08,6.319024e+10,-6.742687e+08,3.600002e+06,2.274595e+07,0.000000e+00,-1.872968e+02,2.633526e+09,1.154967e+10,-1.435364e+08,8.577451e+05,4.164177e+07,8.030000e+02,-1.673416e+02,-8.506178e+07,-2.694910e+02,5.156859e+03
6.400290e+00,8.199284e+09,8.009504e+10,-4.499873e+02,6.780679e+03,-9.124288e+08,8.368966e+06,2.950292e-03,1.012193e+08,0.000000e+00,0.000000e+00,2.812776e+06,0.000000e+00,2.812776e+06,0.000000e+00,0.000000e+00,7.043629e+09,5.587935e-09,6.676972e-14,0.000000e+00,0.000000e+00,0.000000e+00,0.000000e+00,4.026070e+08,6.319131e+10,-6.742671e+08,3.600002e+06,2.276528e+07,0.000000e+00,-1.872963e+02,2.637129e+09,1.153888e+10,-1.434649e+08,8.577451e+05,4.176563e+07,8.030000e+02,-1.672582e+02,-8.513694e+07,-2.694910e+02,5.109249e+03
6.421500e+00,8.207154e+09,8.008758e+10,-4.447357e+02,7.823043e+03,-9.124231e+08,8.368966e+06,3.034398e-03,1.009253e+08,0.000000e+00,0.000000e+00,2.099570e+06,0.000000e+00,2.099570e+06,0.000000e+00,0.000000e+00,7.052771e+09,5.587935e-09,6.676972e-14,0.000000e+00,0.000000e+00,0.000000e+00,0.000000e+00,3.989548e+08,6.319365e+10,-6.742612e+08,3.600002e+06,2.279087e+07,0.000000e+00,-1.872947e+02,2.643617e+09,1.152696e+10,-1.433863e+08,8.577451e+05,4.191728e+07,8.030000e+02,-1.671665e+02,-8.521996e+07,-2.694910e+02,5.003818e+03
6.442344e+00,8.216013e+09,8.007823e+10,-4.207639e+02,8.209002e+03,-9.124192e+08,8.368966e+06,2.677947e-03,1.005999e+08,0.000000e+00,0.000000e+00,2.594699e+06,0.000000e+00,2.594699e+06,0.000000e+00,0.000000e+00,7.061415e+09,5.587935e-09,6.676972e-14,0.000000e+00,0.000000e+00,0.000000e+00,0.000000e+00,3.972535e+08,6.319232e+10,-6.742441e+08,3.600002e+06,2.281557e+07,0.000000e+00,-1.872899e+02,2.648888e+09,1.151559e+10,-1.433164e+08,8.577451e+05,4.204052e+07,8.030000e+02,-1.670851e+02,-8.531024e+07,-2.694910e+02,5.054978e+03
6.461091e+00,8.225155e+09,8.006887e+10,-4.242192e+02,8.735556e+03,-9.124195e+08,8.368966e+06,2.678826e-03,1.010567e+08,0.000000e+00,0.000000e+00,2.083761e+06,0.000000e+00,2.083761e+06,0.000000e+00,0.000000e+00,7.069747e+09,5.587935e-09,6.676972e-14,0.000000e+00,0.000000e+00,0.000000e+00,0.000000e+00,3.974298e+08,6.318779e+10,-6.742205e+08,3.600002e+06,2.283770e+07,0.000000e+00,-1.872834e+02,2.652959e+09,1.150606e+10,-1.432498e+08,8.573683e+05,4.214813e+07,8.060000e+02,-1.670809e+02,-8.539966e+07,-2.694910e+02,5.286208e+03
6.480540e+00,8.234949e+09,8.005917e+10,-4.565250e+02,9.731056e+03,-9.124243e+08,8.368966e+06,2.281059e-03,1.015941e+08,0.000000e+00,0.000000e+00,1.201675e+06,0.000000e+00,1.201675e+06,0.000000e+00,0.000000e+00,7.078775e+09,5.587935e-09,6.676972e-14,0.000000e+00,0.000000e+00,0.000000e+00,0.000000e+00,3.975410e+08,6.318290e+10,-6.741956e+08,3.600002e+06,2.285859e+07,0.000000e+00,-1.872764e+02,2.657570e+09,1.149671e+10,-1.432005e+08,8.568659e+05,4.225400e+07,8.100000e+02,-1.671213e+02,-8.547032e+07,-3.289815e+02,5.314847e+03
6.500348e+00,8.246764e+09,8.004596e+10,-4.902615e+02,1.043040e+04,-9.124337e+08,8.368966e+06,2.553934e-03,1.021771e+08,0.000000e+00,0.000000e+00,1.734605e+06,0.000000e+00,1.734605e+06,0.000000e+00,0.000000e+00,7.086852e+09,5.587935e-09,6.676972e-14,0.000000e+00,0.000000e+00,0.000000e+00,0.000000e+00,3.996155e+08,6.317747e+10,-6.741768e+08,3.600002e+06,2.288198e+07,0.000000e+00,-1.872712e+02,2.662213e+09,1.148658e+10,-1.431444e+08,8.567402e+05,4.235703e+07,8.110000e+02,-1.670803e+02,-8.554765e+07,-3.528752e+02,5.368481e+03
6.522595e+00,8.261790e+09,8.003197e+10,-5.095725e+02,1.029399e+04,-9.124480e+08,8.368966e+06,3.070849e-03,1.009035e+08,0.000000e+00,0.000000e+00,1.772448e+06,0.000000e+00,1.772448e+06,0.000000e+00,0.000000e+00,7.095445e+09,5.587935e-09,6.676972e-14,0.000000e+00,0.000000e+00,0.000000e+00,0.000000e+00,4.023964e+08,6.317156e+10,-6.741596e+08,3.600002e+06,2.290684e+07,0.000000e+00,-1.872664e+02,2.669217e+09,1.147450e+10,-1.430792e+08,8.561122e+05,4.247290e+07,8.160000e+02,-1.671266e+02,-8.562783e+07,-3.530426e+02,5.380582e+03
6.541024e+00,8.270426e+09,8.002372e+10,-5.199316e+02,9.819230e+03,-9.124616e+08,8.368966e+06,3.073705e-03,1.006969e+08,0.000000e+00,0.000000e+00,1.331274e+06,0.000000e+00,1.331274e+06,0.000000e+00,0.000000e+00,7.103299e+09,5.587935e-09,6.676972e-14,0.000000e+00,0.000000e+00,0.000000e+00,0.000000e+00,4.014564e+08,6.317098e+10,-6.741532e+08,3.600002e+06,2.292651e+07,0.000000e+00,-1.872647e+02,2.674434e+09,1.146521e+10,-1.430308e+08,8.561122e+05,4.257396e+07,8.160000e+02,-1.670701e+02,-8.568026e+07,-3.530426e+02,5.381808e+03
6.560029e+00,8.278839e+09,8.001420e+10,-5.336351e+02,9.551433e+03,-9.124772e+08,8.368966e+06,3.185346e-03,1.013229e+08,0.000000e+00,0.000000e+00,1.454619e+06,0.000000e+00,1.454619e+06,0.000000e+00,0.000000e+00,7.111171e+09,5.587935e-09,6.676972e-14,0.000000e+00,0.000000e+00,0.000000e+00,0.000000e+00,4.010776e+08,6.317118e+10,-6.741521e+08,3.600002e+06,2.294766e+07,0.000000e+00,-1.872644e+02,2.678734e+09,1.145721e+10,-1.429960e+08,8.561122e+05,4.266376e+07,8.160000e+02,-1.670295e+02,-8.571160e+07,-3.530426e+02,5.381808e+03
6.581766e+00,8.290947e+09,8.000024e+10,-5.644814e+02,9.951442e+03,-9.124960e+08,8.368966e+06,3.073204e-03,1.018468e+08,0.000000e+00,0.000000e+00,2.001098e+06,0.000000e+00,2.001098e+06,0.000000e+00,0.000000e+00,7.120002e+09,5.587935e-09,6.676972e-14,0.000000e+00,0.000000e+00,0.000000e+00,0.000000e+00,4.034698e+08,6.316879e+10,-6.741508e+08,3.600002e+06,2.297142e+07,0.000000e+00,-1.872640e+02,2.683225e+09,1.144997e+10,-1.429744e+08,8.552331e+05,4.277183e+07,8.230000e+02,-1.671760e+02,-8.573698e+07,-3.530426e+02,5.381081e+03
6.600931e+00,8.301830e+09,7.998758e+10,-5.854733e+02,1.069420e+04,-9.125136e+08,8.368966e+06,3.230583e-03,1.010274e+08,0.000000e+00,0.000000e+00,4.067313e+06,0.000000e+00,4.067313e+06,0.000000e+00,0.000000e+00,7.127722e+09,5.587935e-09,6.676972e-14,0.000000e+00,0.000000e+00,0.000000e+00,0.000000e+00,4.063085e+08,6.316574e+10,-6.741498e+08,3.600002e+06,2.299211e+07,0.000000e+00,-1.872637e+02,2.687102e+09,1.144085e+10,-1.429185e+08,8.544794e+05,4.287570e+07,8.290000e+02,-1.672580e+02,-8.579861e+07,-3.530426e+02,5.381081e+03
6.620296e+00,8.310812e+09,7.997958e+10,-5.809177e+02,1.124658e+04,-9.125318e+08,8.368966e+06,3.223846e-03,1.024016e+08,0.000000e+00,0.000000e+00,1.235968e+06,0.000000e+00,1.235968e+06,0.000000e+00,0.000000e+00,7.136497e+09,5.587935e-09,6.676972e-14,0.000000e+00,0.000000e+00,0.000000e+00,0.000000e+00,4.060966e+08,6.316537e+10,-6.741489e+08,3.600002e+06,2.301167e+07,0.000000e+00,-1.872635e+02,2.692015e+09,1.143411e+10,-1.428783e+08,8.543538e+05,4.300383e+07,8.300000e+02,-1.672355e+02,-8.582971e+07,-3.530426e+02,5.381081e+03
6.642399e+00,8.318858e+09,7.997139e+10,-5.302768e+02,1.170942e+04,-9.125518e+08,8.368966e+06,3.218434e-03,1.030540e+08,0.000000e+00,0.000000e+00,4.265982e+05,0.000000e+00,4.265982e+05,0.000000e+00,0.000000e+00,7.145389e+09,5.587935e-09,6.676972e-14,0.000000e+00,0.000000e+00,0.000000e+00,0.000000e+00,4.057766e+08,6.316540e+10,-6.741481e+08,3.600002e+06,2.303490e+07,0.000000e+00,-1.872632e+02,2.695552e+09,1.142946e+10,-1.428852e+08,8.543538e+05,4.312786e+07,8.300000e+02,-1.672435e+02,-8.582205e+07,-3.530426e+02,5.381075e+03
6.660727e+00,8.324948e+09,7.996627e+10,-4.629310e+02,1.194776e+04,-9.125675e+08,8.368966e+06,3.031749e-03,1.019126e+08,0.000000e+00,0.000000e+00,4.358202e+05,0.000000e+00,4.358202e+05,0.000000e+00,0.000000e+00,7.150888e+09,5.587935e-09,6.676972e-14,0.000000e+00,0.000000e+00,0.000000e+00,0.000000e+00,4.074681e+08,6.316374e+10,-6.741476e+08,3.600002e+06,2.305447e+07,0.000000e+00,-1.872631e+02,2.695937e+09,1.142840e+10,-1.428802e+08,8.537258e+05,4.321180e+07,8.350000e+02,-1.673608e+02,-8.583122e+07,-3.530426e+02,5.381075e+03
6.682471e+00,8.329965e+09,7.996007e+10,-4.074515e+02,1.217464e+04,-9.125841e+08,8.368966e+06,3.030868e-03,1.017830e+08,0.000000e+00,0.000000e+00,1.275373e+06,0.000000e+00,1.275373e+06,0.000000e+00,0.000000e+00,7.156312e+09,5.587935e-09,6.676972e-14,0.000000e+00,0.000000e+00,0.000000e+00,0.000000e+00,4.085379e+08,6.316253e+10,-6.741467e+08,3.600002e+06,2.307638e+07,0.000000e+00,-1.872628e+02,2.695238e+09,1.142490e+10,-1.428476e+08,8.534746e+05,4.331455e+07,8.370000e+02,-1.673718e+02,-8.586874e+07,-3.530426e+02,5.381075e+03
6.700632e+00,8.332705e+09,7.995611e+10,-4.101121e+02,1.310340e+04,-9.125965e+08,8.368966e+06,3.033267e-03,1.031065e+08,0.000000e+00,0.000000e+00,6.778520e+05,0.000000e+00,6.778520e+05,0.000000e+00,0.000000e+00,7.161220e+09,5.587935e-09,6.676972e-14,0.000000e+00,0.000000e+00,0.000000e+00,0.000000e+00,4.067596e+08,6.316333e+10,-6.741432e+08,3.600002e+06,2.309482e+07,0.000000e+00,-1.872619e+02,2.695964e+09,1.141987e+10,-1.428124e+08,8.534746e+05,4.339287e+07,8.370000e+02,-1.673306e+02,-8.590518e+07,-3.530426e+02,5.381075e+03
6.721892e+00,8.336439e+09,7.995150e+10,-4.308113e+02,1.538950e+04,-9.126098e+08,8.368966e+06,3.066001e-03,1.038339e+08,0.000000e+00,0.000000e+00,3.635223e+05,0.000000e+00,3.635223e+05,0.000000e+00,0.000000e+00,7.167005e+09,5.587935e-09,6.676972e-14,0.000000e+00,0.000000e+00,0.000000e+00,0.000000e+00,4.041670e+08,6.316465e+10,-6.741373e+08,3.600002e+06,2.311664e+07,0.000000e+00,-1.872603e+02,2.698023e+09,1.141575e+10,-1.427953e+08,8.533490e+05,4.349349e+07,8.380000e+02,-1.673352e+02,-8.592730e+07,-3.530426e+02,5.381075e+03
6.740282e+00,8.344032e+09,7.994327e+10,-3.877652e+02,1.750444e+04,-9.126202e+08,8.368966e+06,3.063973e-03,1.032074e+08,0.000000e+00,0.000000e+00,1.351055e+06,0.000000e+00,1.351055e+06,0.000000e+00,0.000000e+00,7.172121e+09,5.587935e-09,6.676972e-14,0.000000e+00,0.000000e+00,0.000000e+00,0.000000e+00,4.039925e+08,6.316475e+10,-6.741356e+08,3.600002e+06,2.313646e+07,0.000000e+00,-1.872598e+02,2.701935e+09,1.140939e+10,-1.427673e+08,8.532234e+05,4.357644e+07,8.390000e+02,-1.673270e+02,-8.595894e+07,-3.530426e+02,5.381075e+03
6.761769e+00,8.355144e+09,7.993262e+10,-2.592299e+02,1.930171e+04,-9.126315e+08,8.368966e+06,3.077372e-03,1.032263e+08,0.000000e+00,0.000000e+00,6.836780e+05,0.000000e+00,6.836780e+05,0.000000e+00,0.000000e+00,7.178911e+09,5.587935e-09,6.676972e-14,0.000000e+00,0.000000e+00,0.000000e+00,0.000000e+00,4.048742e+08,6.316405e+10,-6.741353e+08,3.600002e+06,2.315785e+07,0.000000e+00,-1.872597e+02,2.707576e+09,1.140119e+10,-1.427344e+08,8.529722e+05,4.367980e+07,8.410000e+02,-1.673376e+02,-8.599016e+07,-3.530426e+02,5.381075e+03
6.780422e+00,8.361491e+09,7.992584e+10,-1.496650e+02,2.072727e+04,-9.126413e+08,8.368966e+06,3.258343e-03,1.036001e+08,0.000000e+00,0.000000e+00,6.153431e+05,0.000000e+00,6.153431e+05,0.000000e+00,0.000000e+00,7.184266e+09,5.587935e-09,6.676972e-14,0.000000e+00,0.000000e+00,0.000000e+00,0.000000e+00,4.048325e+08,6.316390e+10,-6.741351e+08,3.600002e+06,2.317642e+07,0.000000e+00,-1.872596e+02,2.709903e+09,1.139595e+10,-1.427117e+08,8.529722e+05,4.376204e+07,8.410000e+02,-1.673111e+02,-8.601316e+07,-3.530426e+02,5.381075e+03
6.803162e+00,8.367632e+09,7.991908e+10,-6.244789e+01,2.226985e+04,-9.126547e+08,8.368966e+06,3.190768e-03,1.040209e+08,0.000000e+00,0.000000e+00,5.905051e+05,0.000000e+00,5.905051e+05,0.000000e+00,0.000000e+00,7.190520e+09,5.587935e-09,6.676972e-14,0.000000e+00,0.000000e+00,0.000000e+00,0.000000e+00,4.037377e+08,6.316485e+10,-6.741350e+08,3.600002e+06,2.319860e+07,0.000000e+00,-1.872596e+02,2.712101e+09,1.139067e+10,-1.426856e+08,8.529722e+05,4.386434e+07,8.410000e+02,-1.672805e+02,-8.603826e+07,-3.530426e+02,5.381075e+03
6.822096e+00,8.372330e+09,7.991459e+10,5.125217e+00,2.336919e+04,-9.126685e+08,8.368966e+06,3.000813e-03,1.039773e+08,0.000000e+00,0.000000e+00,2.377036e+05,0.000000e+00,2.377036e+05,0.000000e+00,0.000000e+00,7.195716e+09,5.587935e-09,6.676972e-14,0.000000e+00,0.000000e+00,0.000000e+00,0.000000e+00,4.029845e+08,6.316554e+10,-6.741347e+08,3.600002e+06,2.321830e+07,0.000000e+00,-1.872595e+02,2.713435e+09,1.138772e+10,-1.426715e+08,8.528466e+05,4.394527e+07,8.420000e+02,-1.672886e+02,-8.605170e+07,-3.530426e+02,5.381075e+03
6.840001e+00,8.377121e+09,7.991058e+10,7.751642e+01,2.482107e+04,-9.126847e+08,8.368966e+06,2.980263e-03,1.028796e+08,0.000000e+00,0.000000e+00,4.075322e+05,0.000000e+00,4.075322e+05,0.000000e+00,0.000000e+00,7.200495e+09,5.587935e-09,6.676972e-14,0.000000e+00,0.000000e+00,0.000000e+00,0.000000e+00,4.033903e+08,6.316494e+10,-6.741334e+08,3.600002e+06,2.323623e+07,0.000000e+00,-1.872592e+02,2.714034e+09,1.138690e+10,-1.426620e+08,8.528466e+05,4.402010e+07,8.420000e+02,-1.672774e+02,-8.606246e+07,-3.530426e+02,5.381075e+03
6.860833e+00,8.378720e+09,7.990791e+10,1.350835e+02,2.738497e+04,-9.127054e+08,8.368966e+06,2.969932e-03,1.037245e+08,0.000000e+00,0.000000e+00,4.783569e+05,0.000000e+00,4.783569e+05,0.000000e+00,0.000000e+00,7.205485e+09,5.587935e-09,6.676972e-14,0.000000e+00,0.000000e+00,0.000000e+00,0.000000e+00,4.013269e+08,6.316630e+10,-6.741316e+08,3.600002e+06,2.325380e+07,0.000000e+00,-1.872587e+02,2.713364e+09,1.138568e+10,-1.426517e+08,8.528466e+05,4.410265e+07,8.420000e+02,-1.672654e+02,-8.607437e+07,-3.530426e+02,5.381075e+03
6.881612e+00,8.381700e+09,7.990540e+10,1.651048e+02,3.054921e+04,-9.127274e+08,8.368966e+06,2.965955e-03,1.032647e+08,0.000000e+00,0.000000e+00,3.269591e+05,0.000000e+00,3.269591e+05,0.000000e+00,0.000000e+00,7.210150e+09,5.587935e-09,6.676972e-14,0.000000e+00,0.000000e+00,0.000000e+00,0.000000e+00,3.995655e+08,6.316792e+10,-6.741303e+08,3.600002e+06,2.327479e+07,0.000000e+00,-1.872583e+02,2.714001e+09,1.138474e+10,-1.426423e+08,8.523442e+05,4.417960e+07,8.460000e+02,-1.673530e+02,-8.608461e+07,-3.530426e+02,5.381075e+03
6.902355e+00,8.389971e+09,7.989845e+10,2.180323e+02,3.357229e+04,-9.127505e+08,8.368966e+06,2.959614e-03,1.014293e+08,0.000000e+00,0.000000e+00,5.692035e+05,0.000000e+00,5.692035e+05,0.000000e+00,0.000000e+00,7.214828e+09,5.587935e-09,6.676972e-14,0.000000e+00,0.000000e+00,0.000000e+00,0.000000e+00,4.016685e+08,6.316603e+10,-6.741297e+08,3.600002e+06,2.329298e+07,0.000000e+00,-1.872581e+02,2.716209e+09,1.138250e+10,-1.426317e+08,8.523442e+05,4.425317e+07,8.460000e+02,-1.673405e+02,-8.610026e+07,-3.530426e+02,5.381075e+03
6.920097e+00,8.398149e+09,7.988842e+10,3.439770e+02,3.538123e+04,-9.127706e+08,8.368966e+06,2.952477e-03,1.019200e+08,0.000000e+00,0.000000e+00,1.531508e+06,0.000000e+00,1.531508e+06,0.000000e+00,0.000000e+00,7.218839e+09,5.587935e-09,6.676972e-14,0.000000e+00,0.000000e+00,0.000000e+00,0.000000e+00,4.037232e+08,6.316398e+10,-6.741297e+08,3.600002e+06,2.330863e+07,0.000000e+00,-1.872581e+02,2.718808e+09,1.137518e+10,-1.425830e+08,8.522186e+05,4.432328e+07,8.470000e+02,-1.673080e+02,-8.615415e+07,-3.530426e+02,5.381075e+03
6.940739e+00,8.406524e+09,7.987842e+10,5.530922e+02,3.681798e+04,-9.127946e+08,8.368966e+06,2.944508e-03,1.031014e+08,0.000000e+00,0.000000e+00,1.399918e+06,0.000000e+00,1.399918e+06,0.000000e+00,0.000000e+00,7.223819e+09,5.587935e-09,6.676972e-14,0.000000e+00,0.000000e+00,0.000000e+00,0.000000e+00,4.044459e+08,6.316315e+10,-6.741297e+08,3.600002e+06,2.332841e+07,0.000000e+00,-1.872581e+02,2.722505e+09,1.136450e+10,-1.425130e+08,8.522186e+05,4.440840e+07,8.470000e+02,-1.672259e+02,-8.622174e+07,-3.530426e+02,5.381075e+03
6.961326e+00,8.416475e+09,7.986849e+10,7.130331e+02,3.839317e+04,-9.128179e+08,8.368966e+06,2.936899e-03,1.028044e+08,0.000000e+00,0.000000e+00,1.309940e+06,0.000000e+00,1.309940e+06,0.000000e+00,0.000000e+00,7.228960e+09,5.587935e-09,6.676972e-14,0.000000e+00,0.000000e+00,0.000000e+00,0.000000e+00,4.049645e+08,6.316352e+10,-6.741345e+08,3.600002e+06,2.334764e+07,0.000000e+00,-1.872595e+02,2.727969e+09,1.135419e+10,-1.424569e+08,8.519674e+05,4.448824e+07,8.490000e+02,-1.672093e+02,-8.627000e+07,-3.530426e+02,5.381075e+03
6.981514e+00,8.426460e+09,7.985849e+10,7.886229e+02,4.023501e+04,-9.128401e+08,8.368966e+06,2.752045e-03,1.025579e+08,0.000000e+00,0.000000e+00,1.313877e+06,0.000000e+00,1.313877e+06,0.000000e+00,0.000000e+00,7.233383e+09,5.587935e-09,6.676972e-14,0.000000e+00,0.000000e+00,0.000000e+00,0.000000e+00,4.065406e+08,6.316417e+10,-6.741461e+08,3.600002e+06,2.336735e+07,0.000000e+00,-1.872627e+02,2.732689e+09,1.134599e+10,-1.424197e+08,8.517161e+05,4.455954e+07,8.510000e+02,-1.672150e+02,-8.629268e+07,-3.530426e+02,5.381075e+03
7.001655e+00,8.433228e+09,7.985054e+10,7.757842e+02,4.177624e+04,-9.128602e+08,8.368966e+06,2.930942e-03,1.036098e+08,0.000000e+00,0.000000e+00,1.133415e+06,0.000000e+00,1.133415e+06,0.000000e+00,0.000000e+00,7.237434e+09,5.587935e-09,6.676972e-14,0.000000e+00,0.000000e+00,0.000000e+00,0.000000e+00,4.081869e+08,6.316383e+10,-6.741527e+08,3.600002e+06,2.338914e+07,0.000000e+00,-1.872645e+02,2.733972e+09,1.134047e+10,-1.423993e+08,8.517161e+05,4.462738e+07,8.510000e+02,-1.671910e+02,-8.630558e+07,-3.530426e+02,5.381075e+03
7.022182e+00,8.438005e+09,7.984537e+10,6.477579e+02,4.319435e+04,-9.128787e+08,8.368966e+06,2.935128e-03,1.038677e+08,0.000000e+00,0.000000e+00,1.135486e+06,0.000000e+00,1.135486e+06,0.000000e+00,0.000000e+00,7.241826e+09,5.587935e-09,6.676972e-14,0.000000e+00,0.000000e+00,0.000000e+00,0.000000e+00,4.094115e+08,6.316269e+10,-6.741534e+08,3.600002e+06,2.341067e+07,0.000000e+00,-1.872647e+02,2.733627e+09,1.133873e+10,-1.423923e+08,8.517161e+05,4.469508e+07,8.510000e+02,-1.671828e+02,-8.631119e+07,-3.530426e+02,5.381075e+03
7.042754e+00,8.444265e+09,7.983857e+10,4.265801e+02,4.383229e+04,-9.128961e+08,8.368966e+06,2.941588e-03,1.033010e+08,0.000000e+00,0.000000e+00,2.106985e+06,0.000000e+00,2.106985e+06,0.000000e+00,0.000000e+00,7.246478e+09,5.587935e-09,6.676972e-14,0.000000e+00,0.000000e+00,0.000000e+00,0.000000e+00,4.120925e+08,6.316021e+10,-6.741535e+08,3.600002e+06,2.343342e+07,0.000000e+00,-1.872647e+02,2.733064e+09,1.133700e+10,-1.423703e+08,8.517161e+05,4.476497e+07,8.510000e+02,-1.671570e+02,-8.634038e+07,-3.530426e+02,5.381075e+03
7.060405e+00,8.449997e+09,7.983290e+10,1.853703e+02,4.351977e+04,-9.129101e+08,8.368966e+06,2.943399e-03,1.036660e+08,0.000000e+00,0.000000e+00,1.561348e+06,0.000000e+00,1.561348e+06,0.000000e+00,0.000000e+00,7.250589e+09,5.587935e-09,6.676972e-14,0.000000e+00,0.000000e+00,0.000000e+00,0.000000e+00,4.151682e+08,6.315721e+10,-6.741537e+08,3.600002e+06,2.345181e+07,0.000000e+00,-1.872648e+02,2.731906e+09,1.133398e+10,-1.423256e+08,8.517161e+05,4.482296e+07,8.510000e+02,-1.671045e+02,-8.638094e+07,-3.530426e+02,5.381075e+03
7.081019e+00,8.452304e+09,7.982971e+10,-2.003311e+02,4.295250e+04,-9.129266e+08,8.368966e+06,2.945763e-03,1.045044e+08,0.000000e+00,0.000000e+00,1.061024e+06,0.000000e+00,1.061024e+06,0.000000e+00,0.000000e+00,7.255819e+09,5.587935e-09,6.676972e-14,0.000000e+00,0.000000e+00,0.000000e+00,0.000000e+00,4.161999e+08,6.315608e+10,-6.741542e+08,3.600002e+06,2.347178e+07,0.000000e+00,-1.872649e+02,2.728984e+09,1.133321e+10,-1.423049e+08,8.517161e+05,4.489188e+07,8.510000e+02,-1.670802e+02,-8.640041e+07,-3.530426e+02,5.381070e+03
7.101597e+00,8.456148e+09,7.982287e+10,-6.827196e+02,4.195615e+04,-9.129416e+08,8.368966e+06,2.946233e-03,1.054822e+08,0.000000e+00,0.000000e+00,2.285590e+06,0.000000e+00,2.285590e+06,0.000000e+00,0.000000e+00,7.261568e+09,5.587935e-09,6.676972e-14,0.000000e+00,0.000000e+00,0.000000e+00,0.000000e+00,4.162103e+08,6.315529e+10,-6.741502e+08,3.600002e+06,2.349188e+07,0.000000e+00,-1.872638e+02,2.728201e+09,1.132966e+10,-1.422702e+08,8.517161e+05,4.498129e+07,8.510000e+02,-1.670395e+02,-8.644380e+07,-3.530426e+02,5.381042e+03
7.121562e+00,8.465770e+09,7.981303e+10,-1.252876e+03,4.066428e+04,-9.129550e+08,8.368966e+06,2.670098e-03,1.044819e+08,0.000000e+00,0.000000e+00,3.106115e+06,0.000000e+00,3.106115e+06,0.000000e+00,0.000000e+00,7.268381e+09,5.587935e-09,6.676972e-14,0.000000e+00,0.000000e+00,0.000000e+00,0.000000e+00,4.171318e+08,6.314898e+10,-6.741205e+08,3.600002e+06,2.351259e+07,0.000000e+00,-1.872556e+02,2.731502e+09,1.132459e+10,-1.422344e+08,8.517161e+05,4.506164e+07,8.510000e+02,-1.669974e+02,-8.651166e+07,-3.568445e+02,5.381391e+03
7.140304e+00,8.476309e+09,7.980324e+10,-1.866994e+03,3.996872e+04,-9.129653e+08,8.368966e+06,2.689246e-03,1.044462e+08,0.000000e+00,0.000000e+00,2.149512e+06,0.000000e+00,2.149512e+06,0.000000e+00,0.000000e+00,7.275477e+09,5.587935e-09,6.676972e-14,0.000000e+00,0.000000e+00,0.000000e+00,0.000000e+00,4.182868e+08,6.314254e+10,-6.740924e+08,3.600002e+06,2.353327e+07,0.000000e+00,-1.872478e+02,2.735421e+09,1.131790e+10,-1.422003e+08,8.517161e+05,4.513281e+07,8.510000e+02,-1.669574e+02,-8.657210e+07,-3.588003e+02,5.374444e+03
7.161894e+00,8.484324e+09,7.979471e+10,-2.597167e+03,3.944134e+04,-9.129726e+08,8.368966e+06,2.980194e-03,1.056299e+08,0.000000e+00,0.000000e+00,1.173176e+06,0.000000e+00,1.173176e+06,0.000000e+00,0.000000e+00,7.282796e+09,5.587935e-09,6.676972e-14,0.000000e+00,0.000000e+00,0.000000e+00,0.000000e+00,4.182064e+08,6.313972e+10,-6.740783e+08,3.600002e+06,2.355761e+07,0.000000e+00,-1.872439e+02,2.737716e+09,1.131242e+10,-1.421672e+08,8.514649e+05,4.521094e+07,8.530000e+02,-1.669678e+02,-8.661540e+07,-3.535565e+02,5.329160e+03
7.180212e+00,8.488924e+09,7.978989e+10,-3.120213e+03,3.882830e+04,-9.129761e+08,8.368966e+06,3.068496e-03,1.057804e+08,0.000000e+00,0.000000e+00,9.606854e+05,0.000000e+00,9.606854e+05,0.000000e+00,0.000000e+00,7.288393e+09,5.587935e-09,6.676972e-14,0.000000e+00,0.000000e+00,0.000000e+00,0.000000e+00,4.163003e+08,6.314055e+10,-6.740739e+08,3.600002e+06,2.357552e+07,0.000000e+00,-1.872426e+02,2.740033e+09,1.130896e+10,-1.421500e+08,8.512138e+05,4.527922e+07,8.550000e+02,-1.669968e+02,-8.663581e+07,-3.535565e+02,5.288303e+03
7.201687e+00,8.495223e+09,7.978431e+10,-3.569756e+03,3.780336e+04,-9.129777e+08,8.368966e+06,3.066386e-03,1.043647e+08,0.000000e+00,0.000000e+00,1.412070e+06,0.000000e+00,1.412070e+06,0.000000e+00,0.000000e+00,7.294317e+09,5.587935e-09,6.676972e-14,0.000000e+00,0.000000e+00,0.000000e+00,0.000000e+00,4.139196e+08,6.314169e+10,-6.740677e+08,3.600002e+06,2.359912e+07,0.000000e+00,-1.872409e+02,2.744258e+09,1.130460e+10,-1.421297e+08,8.512138e+05,4.535901e+07,8.550000e+02,-1.669730e+02,-8.666429e+07,-3.535565e+02,5.237836e+03
7.220085e+00,8.500515e+09,7.977857e+10,-3.700167e+03,3.630079e+04,-9.129793e+08,8.368966e+06,3.065388e-03,1.044057e+08,0.000000e+00,0.000000e+00,1.689839e+06,0.000000e+00,1.689839e+06,0.000000e+00,0.000000e+00,7.298857e+09,5.587935e-09,6.676972e-14,0.000000e+00,0.000000e+00,0.000000e+00,0.000000e+00,4.126552e+08,6.314253e+10,-6.740658e+08,3.600002e+06,2.361869e+07,0.000000e+00,-1.872404e+02,2.746994e+09,1.130013e+10,-1.420994e+08,8.512138e+05,4.542754e+07,8.550000e+02,-1.669374e+02,-8.669685e+07,-3.535565e+02,5.175502e+03
7.241506e+00,8.502473e+09,7.977574e+10,-3.553082e+03,3.467132e+04,-9.129844e+08,8.368966e+06,3.035585e-03,1.052743e+08,0.000000e+00,0.000000e+00,1.437188e+06,0.000000e+00,1.437188e+06,0.000000e+00,0.000000e+00,7.304034e+09,5.587935e-09,6.676972e-14,0.000000e+00,0.000000e+00,0.000000e+00,0.000000e+00,4.111340e+08,6.314398e+10,-6.740652e+08,3.600002e+06,2.364157e+07,0.000000e+00,-1.872402e+02,2.746268e+09,1.129623e+10,-1.420582e+08,8.509625e+05,4.550499e+07,8.570000e+02,-1.669383e+02,-8.673902e+07,-3.535565e+02,5.073655e+03
7.262682e+00,8.507438e+09,7.977203e+10,-3.356566e+03,3.390613e+04,-9.129941e+08,8.368966e+06,3.008822e-03,1.044000e+08,0.000000e+00,0.000000e+00,9.002653e+05,0.000000e+00,9.002653e+05,0.000000e+00,0.000000e+00,7.309273e+09,5.587935e-09,6.676972e-14,0.000000e+00,0.000000e+00,0.000000e+00,0.000000e+00,4.119106e+08,6.314298e+10,-6.740630e+08,3.600002e+06,2.366317e+07,0.000000e+00,-1.872396e+02,2.746518e+09,1.129415e+10,-1.420245e+08,8.507113e+05,4.558077e+07,8.590000e+02,-1.669479e+02,-8.677348e+07,-3.535565e+02,4.957414e+03
7.281751e+00,8.513364e+09,7.976594e+10,-3.320356e+03,3.382164e+04,-9.130075e+08,8.368966e+06,2.674276e-03,1.046499e+08,0.000000e+00,0.000000e+00,7.442612e+05,0.000000e+00,7.442612e+05,0.000000e+00,0.000000e+00,7.313927e+09,5.587935e-09,6.676972e-14,0.000000e+00,0.000000e+00,0.000000e+00,0.000000e+00,4.123684e+08,6.314054e+10,-6.740542e+08,3.600002e+06,2.368157e+07,0.000000e+00,-1.872372e+02,2.748420e+09,1.129166e+10,-1.420065e+08,8.505857e+05,4.564272e+07,8.600000e+02,-1.669515e+02,-8.680042e+07,-3.535565e+02,5.428613e+03
7.300465e+00,8.515675e+09,7.976328e+10,-3.341492e+03,3.459091e+04,-9.130231e+08,8.368966e+06,2.673698e-03,1.049702e+08,0.000000e+00,0.000000e+00,6.175248e+05,0.000000e+00,6.175248e+05,0.000000e+00,0.000000e+00,7.318334e+09,5.587935e-09,6.676972e-14,0.000000e+00,0.000000e+00,0.000000e+00,0.000000e+00,4.100267e+08,6.314008e+10,-6.740415e+08,3.600002e+06,2.370095e+07,0.000000e+00,-1.872337e+02,2.749927e+09,1.128850e+10,-1.419894e+08,8.502089e+05,4.570467e+07,8.630000e+02,-1.670053e+02,-8.683045e+07,-3.535565e+02,5.936858e+03
7.321864e+00,8.517132e+09,7.976108e+10,-3.306158e+03,3.605457e+04,-9.130414e+08,8.368966e+06,2.675320e-03,1.056813e+08,0.000000e+00,0.000000e+00,4.335602e+05,0.000000e+00,4.335602e+05,0.000000e+00,0.000000e+00,7.323252e+09,5.587935e-09,6.676972e-14,0.000000e+00,0.000000e+00,0.000000e+00,0.000000e+00,4.072230e+08,6.314015e+10,-6.740278e+08,3.600002e+06,2.372338e+07,0.000000e+00,-1.872299e+02,2.750791e+09,1.128574e+10,-1.419709e+08,8.500833e+05,4.577419e+07,8.640000e+02,-1.670082e+02,-8.686211e+07,-3.535565e+02,5.718815e+03
7.340597e+00,8.521757e+09,7.975641e+10,-3.203359e+03,3.666826e+04,-9.130564e+08,8.368966e+06,2.677110e-03,1.056786e+08,0.000000e+00,0.000000e+00,3.362510e+05,0.000000e+00,3.362510e+05,0.000000e+00,0.000000e+00,7.327655e+09,5.587935e-09,6.676972e-14,0.000000e+00,0.000000e+00,0.000000e+00,0.000000e+00,4.063757e+08,6.313950e+10,-6.740196e+08,3.600002e+06,2.374100e+07,0.000000e+00,-1.872276e+02,2.753389e+09,1.128208e+10,-1.419532e+08,8.500833e+05,4.583426e+07,8.640000e+02,-1.669874e+02,-8.688777e+07,-3.535565e+02,5.142195e+03
7.362646e+00,8.528904e+09,7.975147e+10,-2.959340e+03,3.585012e+04,-9.130714e+08,8.368966e+06,3.044067e-03,1.034418e+08,0.000000e+00,0.000000e+00,2.871034e+05,0.000000e+00,2.871034e+05,0.000000e+00,0.000000e+00,7.332361e+09,5.587935e-09,6.676972e-14,0.000000e+00,0.000000e+00,0.000000e+00,0.000000e+00,4.057851e+08,6.313927e+10,-6.740150e+08,3.600002e+06,2.376193e+07,0.000000e+00,-1.872263e+02,2.757714e+09,1.127815e+10,-1.419342e+08,8.500833e+05,4.590075e+07,8.640000e+02,-1.669651e+02,-8.690998e+07,-3.535565e+02,4.942136e+03
7.380902e+00,8.534002e+09,7.974668e+10,-2.735488e+03,3.475076e+04,-9.130818e+08,8.368966e+06,3.040974e-03,1.030272e+08,0.000000e+00,0.000000e+00,2.904490e+05,0.000000e+00,2.904490e+05,0.000000e+00,0.000000e+00,7.336005e+09,5.587935e-09,6.676972e-14,0.000000e+00,0.000000e+00,0.000000e+00,0.000000e+00,4.066576e+08,6.313826e+10,-6.740136e+08,3.600002e+06,2.378003e+07,0.000000e+00,-1.872259e+02,2.759359e+09,1.127550e+10,-1.419214e+08,8.499577e+05,4.595354e+07,8.650000e+02,-1.669746e+02,-8.692410e+07,-3.535565e+02,4.849919e+03
7.402177e+00,8.540607e+09,7.973897e+10,-2.507313e+03,3.435752e+04,-9.130929e+08,8.368966e+06,3.037168e-03,1.038961e+08,0.000000e+00,0.000000e+00,3.290560e+05,0.000000e+00,3.290560e+05,0.000000e+00,0.000000e+00,7.340213e+09,5.587935e-09,6.676972e-14,0.000000e+00,0.000000e+00,0.000000e+00,0.000000e+00,4.086601e+08,6.313598e+10,-6.740122e+08,3.600002e+06,2.379953e+07,0.000000e+00,-1.872255e+02,2.760915e+09,1.127221e+10,-1.419080e+08,8.499577e+05,4.601362e+07,8.650000e+02,-1.669589e+02,-8.693864e+07,-3.535565e+02,4.753813e+03
7.422011e+00,8.547598e+09,7.973202e+10,-2.206678e+03,3.409980e+04,-9.131025e+08,8.368966e+06,2.676893e-03,1.032999e+08,0.000000e+00,0.000000e+00,6.162355e+05,0.000000e+00,6.162355e+05,0.000000e+00,0.000000e+00,7.343962e+09,5.587935e-09,6.676972e-14,0.000000e+00,0.000000e+00,0.000000e+00,0.000000e+00,4.109177e+08,6.313256e+10,-6.740059e+08,3.600002e+06,2.381780e+07,0.000000e+00,-1.872238e+02,2.762971e+09,1.126951e+10,-1.418960e+08,8.498321e+05,4.606869e+07,8.660000e+02,-1.669695e+02,-8.695934e+07,-3.535565e+02,4.819465e+03
7.440754e+00,8.553049e+09,7.972576e+10,-1.735197e+03,3.318765e+04,-9.131110e+08,8.368966e+06,2.677545e-03,1.037440e+08,0.000000e+00,0.000000e+00,7.682349e+05,0.000000e+00,7.682349e+05,0.000000e+00,0.000000e+00,7.347443e+09,5.587935e-09,6.676972e-14,0.000000e+00,0.000000e+00,0.000000e+00,0.000000e+00,4.129666e+08,6.312678e+10,-6.739847e+08,3.600002e+06,2.383653e+07,0.000000e+00,-1.872179e+02,2.763561e+09,1.126799e+10,-1.418872e+08,8.497065e+05,4.612170e+07,8.670000e+02,-1.669838e+02,-8.698933e+07,-3.535565e+02,5.172915e+03
7.462179e+00,8.556323e+09,7.972155e+10,-1.203464e+03,3.218741e+04,-9.131197e+08,8.368966e+06,2.679444e-03,1.045648e+08,0.000000e+00,0.000000e+00,7.141881e+05,0.000000e+00,7.141881e+05,0.000000e+00,0.000000e+00,7.351561e+09,5.587935e-09,6.676972e-14,0.000000e+00,0.000000e+00,0.000000e+00,0.000000e+00,4.135137e+08,6.312154e+10,-6.739596e+08,3.600002e+06,2.385727e+07,0.000000e+00,-1.872109e+02,2.763429e+09,1.126727e+10,-1.418783e+08,8.495809e+05,4.618367e+07,8.680000e+02,-1.669980e+02,-8.702482e+07,-3.535565e+02,5.204359e+03
7.482247e+00,8.559309e+09,7.971784e+10,-7.829432e+02,3.062478e+04,-9.131267e+08,8.368966e+06,3.027178e-03,1.045612e+08,0.000000e+00,0.000000e+00,1.106416e+06,0.000000e+00,1.106416e+06,0.000000e+00,0.000000e+00,7.355514e+09,5.587935e-09,6.676972e-14,0.000000e+00,0.000000e+00,0.000000e+00,0.000000e+00,4.135745e+08,6.311793e+10,-6.739409e+08,3.600002e+06,2.387641e+07,0.000000e+00,-1.872057e+02,2.763441e+09,1.126395e+10,-1.418472e+08,8.494553e+05,4.623951e+07,8.690000e+02,-1.669861e+02,-8.707665e+07,-3.535565e+02,5.089864e+03
7.500400e+00,8.563182e+09,7.971347e+10,-5.262240e+02,2.815492e+04,-9.131311e+08,8.368966e+06,3.023997e-03,1.049216e+08,0.000000e+00,0.000000e+00,1.165111e+06,0.000000e+00,1.165111e+06,0.000000e+00,0.000000e+00,7.359144e+09,5.587935e-09,6.676972e-14,0.000000e+00,0.000000e+00,0.000000e+00,0.000000e+00,4.134993e+08,6.311476e+10,-6.739249e+08,3.600002e+06,2.389359e+07,0.000000e+00,-1.872012e+02,2.764739e+09,1.125911e+10,-1.418108e+08,8.493297e+05,4.629269e+07,8.700000e+02,-1.669678e+02,-8.712951e+07,-3.535565e+02,4.819537e+03
7.521561e+00,8.570266e+09,7.970662e+10,-5.043636e+02,2.617409e+04,-9.131338e+08,8.368966e+06,3.020631e-03,1.048686e+08,0.000000e+00,0.000000e+00,1.018224e+06,0.000000e+00,1.018224e+06,0.000000e+00,0.000000e+00,7.363602e+09,5.587935e-09,6.676972e-14,0.000000e+00,0.000000e+00,0.000000e+00,0.000000e+00,4.143147e+08,6.311037e+10,-6.739053e+08,3.600002e+06,2.391353e+07,0.000000e+00,-1.871958e+02,2.768100e+09,1.125260e+10,-1.417699e+08,8.493297e+05,4.635091e+07,8.700000e+02,-1.669198e+02,-8.718860e+07,-3.535565e+02,4.675161e+03
7.542695e+00,8.576646e+09,7.969994e+10,-7.798199e+02,2.621427e+04,-9.131342e+08,8.368966e+06,3.014863e-03,1.052205e+08,0.000000e+00,0.000000e+00,6.849058e+05,0.000000e+00,6.849058e+05,0.000000e+00,0.000000e+00,7.368327e+09,5.587935e-09,6.676972e-14,0.000000e+00,0.000000e+00,0.000000e+00,0.000000e+00,4.156712e+08,6.310610e+10,-6.738895e+08,3.600002e+06,2.393369e+07,0.000000e+00,-1.871914e+02,2.769739e+09,1.124728e+10,-1.417383e+08,8.493297e+05,4.641035e+07,8.700000e+02,-1.668825e+02,-8.723402e+07,-3.535565e+02,4.683504e+03
7.560240e+00,8.580448e+09,7.969620e+10,-1.121434e+03,2.653296e+04,-9.131320e+08,8.368966e+06,2.751480e-03,1.052837e+08,0.000000e+00,0.000000e+00,4.117514e+05,0.000000e+00,4.117514e+05,0.000000e+00,0.000000e+00,7.372399e+09,5.587935e-09,6.676972e-14,0.000000e+00,0.000000e+00,0.000000e+00,0.000000e+00,4.152767e+08,6.310415e+10,-6.738778e+08,3.600002e+06,2.394983e+07,0.000000e+00,-1.871882e+02,2.771171e+09,1.124411e+10,-1.417214e+08,8.493297e+05,4.646232e+07,8.700000e+02,-1.668626e+02,-8.726062e+07,-3.678242e+02,4.808692e+03
7.582191e+00,8.581502e+09,7.969545e+10,-1.700060e+03,2.604230e+04,-9.131261e+08,8.368966e+06,2.731118e-03,1.050930e+08,0.000000e+00,0.000000e+00,1.646426e+05,0.000000e+00,1.646426e+05,0.000000e+00,0.000000e+00,7.377548e+09,5.587935e-09,6.676972e-14,0.000000e+00,0.000000e+00,0.000000e+00,0.000000e+00,4.109563e+08,6.310626e+10,-6.738689e+08,3.600002e+06,2.396905e+07,0.000000e+00,-1.871857e+02,2.773470e+09,1.124217e+10,-1.417152e+08,8.492041e+05,4.652862e+07,8.710000e+02,-1.668800e+02,-8.727295e+07,-3.883807e+02,4.824194e+03
7.601531e+00,8.581628e+09,7.969579e+10,-2.209186e+03,2.501629e+04,-9.131183e+08,8.368966e+06,3.019055e-03,1.045027e+08,0.000000e+00,0.000000e+00,1.789669e+05,0.000000e+00,1.789669e+05,0.000000e+00,0.000000e+00,7.381911e+09,5.587935e-09,6.676972e-14,0.000000e+00,0.000000e+00,0.000000e+00,0.000000e+00,4.063520e+08,6.310976e+10,-6.738643e+08,3.600002e+06,2.398688e+07,0.000000e+00,-1.871844e+02,2.775771e+09,1.124081e+10,-1.417202e+08,8.492041e+05,4.658361e+07,8.710000e+02,-1.668859e+02,-8.727201e+07,-3.870084e+02,4.727406e+03
7.622662e+00,8.582959e+09,7.969418e+10,-2.762884e+03,2.332178e+04,-9.131077e+08,8.368966e+06,3.016880e-03,1.043808e+08,0.000000e+00,0.000000e+00,3.833559e+05,0.000000e+00,3.833559e+05,0.000000e+00,0.000000e+00,7.386347e+09,5.587935e-09,6.676972e-14,0.000000e+00,0.000000e+00,0.000000e+00,0.000000e+00,4.045518e+08,6.311026e+10,-6.738564e+08,3.600002e+06,2.400715e+07,0.000000e+00,-1.871822e+02,2.776470e+09,1.123993e+10,-1.417270e+08,8.488272e+05,4.664233e+07,8.740000e+02,-1.669681e+02,-8.727340e+07,-3.870084e+02,4.656859e+03
7.640763e+00,8.584635e+09,7.969198e+10,-3.162426e+03,2.163706e+04,-9.130985e+08,8.368966e+06,3.017179e-03,1.044314e+08,0.000000e+00,0.000000e+00,6.794164e+05,0.000000e+00,6.794164e+05,0.000000e+00,0.000000e+00,7.389753e+09,5.587935e-09,6.676972e-14,0.000000e+00,0.000000e+00,0.000000e+00,0.000000e+00,4.043477e+08,6.310921e+10,-6.738493e+08,3.600002e+06,2.402228e+07,0.000000e+00,-1.871803e+02,2.776278e+09,1.124012e+10,-1.417334e+08,8.485761e+05,4.668986e+07,8.760000e+02,-1.670250e+02,-8.727370e+07,-3.870084e+02,4.639396e+03
7.661886e+00,8.586194e+09,7.969041e+10,-3.415461e+03,1.966622e+04,-9.130887e+08,8.368966e+06,3.018450e-03,1.041760e+08,0.000000e+00,0.000000e+00,7.820574e+05,0.000000e+00,7.820574e+05,0.000000e+00,0.000000e+00,7.393420e+09,5.587935e-09,6.676972e-14,0.000000e+00,0.000000e+00,0.000000e+00,0.000000e+00,4.028467e+08,6.310982e+10,-6.738449e+08,3.600002e+06,2.404074e+07,0.000000e+00,-1.871790e+02,2.776798e+09,1.123997e+10,-1.417419e+08,8.484504e+05,4.674780e+07,8.770000e+02,-1.670597e+02,-8.726895e+07,-3.870084e+02,4.620670e+03
7.682992e+00,8.588719e+09,7.968821e+10,-3.320001e+03,1.741375e+04,-9.130805e+08,8.368966e+06,3.012344e-03,1.037416e+08,0.000000e+00,0.000000e+00,7.636961e+05,0.000000e+00,7.636961e+05,0.000000e+00,0.000000e+00,7.396991e+09,5.587935e-09,6.676972e-14,0.000000e+00,0.000000e+00,0.000000e+00,0.000000e+00,4.016027e+08,6.311042e+10,-6.738416e+08,3.600002e+06,2.405937e+07,0.000000e+00,-1.871781e+02,2.777963e+09,1.123919e+10,-1.417506e+08,8.483249e+05,4.680607e+07,8.780000e+02,-1.670947e+02,-8.726372e+07,-3.870084e+02,4.585079e+03
7.700773e+00,8.590509e+09,7.968563e+10,-3.027718e+03,1.502499e+04,-9.130741e+08,8.368966e+06,2.678569e-03,1.044180e+08,0.000000e+00,0.000000e+00,7.623381e+05,0.000000e+00,7.623381e+05,0.000000e+00,0.000000e+00,7.399889e+09,5.587935e-09,6.676972e-14,0.000000e+00,0.000000e+00,0.000000e+00,0.000000e+00,4.006056e+08,6.311075e+10,-6.738391e+08,3.600002e+06,2.407532e+07,0.000000e+00,-1.871774e+02,2.778489e+09,1.123843e+10,-1.417584e+08,8.483249e+05,4.685536e+07,8.780000e+02,-1.671040e+02,-8.725807e+07,-3.870084e+02,4.591407e+03
7.722198e+00,8.591129e+09,7.968544e+10,-2.479001e+03,1.179675e+04,-9.130662e+08,8.368966e+06,2.677868e-03,1.040185e+08,0.000000e+00,0.000000e+00,5.825321e+05,0.000000e+00,5.825321e+05,0.000000e+00,0.000000e+00,7.403447e+09,5.587935e-09,6.676972e-14,0.000000e+00,0.000000e+00,0.000000e+00,0.000000e+00,3.973920e+08,6.311322e+10,-6.738366e+08,3.600002e+06,2.409380e+07,0.000000e+00,-1.871767e+02,2.779688e+09,1.123775e+10,-1.417679e+08,8.481992e+05,4.691631e+07,8.790000e+02,-1.671399e+02,-8.725110e+07,-3.870084e+02,4.722485e+03
7.740938e+00,8.592751e+09,7.968417e+10,-1.916738e+03,9.386006e+03,-9.130584e+08,8.368966e+06,2.677382e-03,1.036639e+08,0.000000e+00,0.000000e+00,4.696672e+05,0.000000e+00,4.696672e+05,0.000000e+00,0.000000e+00,7.406736e+09,5.587935e-09,6.676972e-14,0.000000e+00,0.000000e+00,0.000000e+00,0.000000e+00,3.945774e+08,6.311523e+10,-6.738334e+08,3.600002e+06,2.411077e+07,0.000000e+00,-1.871758e+02,2.781853e+09,1.123633e+10,-1.417752e+08,8.480736e+05,4.696798e+07,8.800000e+02,-1.671732e+02,-8.724790e+07,-3.870084e+02,4.535836e+03
7.762364e+00,8.596473e+09,7.968017e+10,-1.389745e+03,7.964309e+03,-9.130476e+08,8.368966e+06,2.947032e-03,1.036516e+08,0.000000e+00,0.000000e+00,6.175506e+05,0.000000e+00,6.175506e+05,0.000000e+00,0.000000e+00,7.410489e+09,5.587935e-09,6.676972e-14,0.000000e+00,0.000000e+00,0.000000e+00,0.000000e+00,3.938231e+08,6.311465e+10,-6.738267e+08,3.600002e+06,2.413003e+07,0.000000e+00,-1.871740e+02,2.783722e+09,1.123504e+10,-1.417794e+08,8.479481e+05,4.702202e+07,8.810000e+02,-1.672029e+02,-8.725110e+07,-3.870084e+02,4.387872e+03
7.780642e+00,8.599016e+09,7.967665e+10,-1.047772e+03,7.871837e+03,-9.130367e+08,8.368966e+06,3.067413e-03,1.039914e+08,0.000000e+00,0.000000e+00,9.666929e+05,0.000000e+00,9.666929e+05,0.000000e+00,0.000000e+00,7.413341e+09,5.587935e-09,6.676972e-14,0.000000e+00,0.000000e+00,0.000000e+00,0.000000e+00,3.938033e+08,6.311323e+10,-6.738190e+08,3.600002e+06,2.414572e+07,0.000000e+00,-1.871718e+02,2.784243e+09,1.123406e+10,-1.417807e+08,8.478224e+05,4.706712e+07,8.820000e+02,-1.672293e+02,-8.725909e+07,-3.870084e+02,4.358577e+03
7.802117e+00,8.602659e+09,7.967103e+10,-8.195177e+02,8.251231e+03,-9.130221e+08,8.368966e+06,3.068303e-03,1.045058e+08,0.000000e+00,0.000000e+00,1.488205e+06,0.000000e+00,1.488205e+06,0.000000e+00,0.000000e+00,7.416762e+09,5.587935e-09,6.676972e-14,0.000000e+00,0.000000e+00,0.000000e+00,0.000000e+00,3.932293e+08,6.311239e+10,-6.738108e+08,3.600002e+06,2.416571e+07,0.000000e+00,-1.871695e+02,2.786068e+09,1.122937e+10,-1.417648e+08,8.475712e+05,4.712730e+07,8.840000e+02,-1.672601e+02,-8.728375e+07,-3.870084e+02,4.331386e+03
7.820530e+00,8.607269e+09,7.966514e+10,-7.739318e+02,8.147660e+03,-9.130087e+08,8.368966e+06,3.069780e-03,1.047299e+08,0.000000e+00,0.000000e+00,2.315984e+06,0.000000e+00,2.315984e+06,0.000000e+00,0.000000e+00,7.419820e+09,5.587935e-09,6.676972e-14,0.000000e+00,0.000000e+00,0.000000e+00,0.000000e+00,3.926516e+08,6.311184e+10,-6.738024e+08,3.600002e+06,2.418211e+07,0.000000e+00,-1.871672e+02,2.788837e+09,1.122512e+10,-1.417511e+08,8.475712e+05,4.718038e+07,8.840000e+02,-1.672439e+02,-8.730647e+07,-3.870084e+02,4.328306e+03
7.842020e+00,8.612456e+09,7.966055e+10,-7.142740e+02,7.478608e+03,-9.129938e+08,8.368966e+06,3.070712e-03,1.043779e+08,0.000000e+00,0.000000e+00,1.694230e+06,0.000000e+00,1.694230e+06,0.000000e+00,0.000000e+00,7.423298e+09,5.587935e-09,6.676972e-14,0.000000e+00,0.000000e+00,0.000000e+00,0.000000e+00,3.932988e+08,6.311023e+10,-6.737930e+08,3.600002e+06,2.420212e+07,0.000000e+00,-1.871646e+02,2.790495e+09,1.122313e+10,-1.417470e+08,8.471944e+05,4.724261e+07,8.870000e+02,-1.673134e+02,-8.731784e+07,-3.870084e+02,4.382880e+03
7.860449e+00,8.616507e+09,7.965461e+10,-4.215316e+02,5.897788e+03,-9.129823e+08,8.368966e+06,3.072249e-03,1.047954e+08,0.000000e+00,0.000000e+00,2.446297e+06,0.000000e+00,2.446297e+06,0.000000e+00,0.000000e+00,7.426651e+09,5.587935e-09,6.676972e-14,0.000000e+00,0.000000e+00,0.000000e+00,0.000000e+00,3.948993e+08,6.310731e+10,-6.737847e+08,3.600002e+06,2.422283e+07,0.000000e+00,-1.871623e+02,2.790212e+09,1.122265e+10,-1.417453e+08,8.471944e+05,4.729853e+07,8.870000e+02,-1.673114e+02,-8.732884e+07,-3.870084e+02,4.397687e+03
7.881957e+00,8.621401e+09,7.964665e+10,1.415389e+02,3.832979e+03,-9.129707e+08,8.368966e+06,3.073125e-03,1.062332e+08,0.000000e+00,0.000000e+00,3.658467e+06,0.000000e+00,3.658467e+06,0.000000e+00,0.000000e+00,7.430792e+09,5.587935e-09,6.676972e-14,0.000000e+00,0.000000e+00,0.000000e+00,0.000000e+00,3.963997e+08,6.310266e+10,-6.737659e+08,3.600002e+06,2.424826e+07,0.000000e+00,-1.871571e+02,2.790112e+09,1.122192e+10,-1.417437e+08,8.471944e+05,4.736297e+07,8.870000e+02,-1.673096e+02,-8.734995e+07,-3.870084e+02,4.398956e+03
7.900393e+00,8.625844e+09,7.964339e+10,6.470981e+02,3.420572e+03,-9.129621e+08,8.368966e+06,3.072330e-03,1.065099e+08,0.000000e+00,0.000000e+00,2.014959e+06,0.000000e+00,2.014959e+06,0.000000e+00,0.000000e+00,7.434579e+09,5.587935e-09,6.676972e-14,0.000000e+00,0.000000e+00,0.000000e+00,0.000000e+00,3.971764e+08,6.309931e+10,-6.737498e+08,3.600002e+06,2.427634e+07,0.000000e+00,-1.871526e+02,2.790864e+09,1.122141e+10,-1.417434e+08,8.471944e+05,4.741695e+07,8.870000e+02,-1.673092e+02,-8.736518e+07,-3.870084e+02,4.401966e+03
7.921686e+00,8.631799e+09,7.963844e+10,1.139060e+03,3.259340e+03,-9.129523e+08,8.368966e+06,3.029443e-03,1.062883e+08,0.000000e+00,0.000000e+00,7.197134e+05,0.000000e+00,7.197134e+05,0.000000e+00,0.000000e+00,7.439089e+09,5.587935e-09,6.676972e-14,0.000000e+00,0.000000e+00,0.000000e+00,0.000000e+00,3.988936e+08,6.309593e+10,-6.737404e+08,3.600002e+06,2.430681e+07,0.000000e+00,-1.871500e+02,2.791345e+09,1.122048e+10,-1.417444e+08,8.471944e+05,4.747726e+07,8.870000e+02,-1.673103e+02,-8.737183e+07,-3.870084e+02,4.434091e+03
7.942891e+00,8.638606e+09,7.963164e+10,1.357682e+03,2.231384e+03,-9.129418e+08,8.368966e+06,3.029096e-03,1.062546e+08,0.000000e+00,0.000000e+00,5.072753e+05,0.000000e+00,5.072753e+05,0.000000e+00,0.000000e+00,7.443610e+09,5.587935e-09,6.676972e-14,0.000000e+00,0.000000e+00,0.000000e+00,0.000000e+00,4.013643e+08,6.309323e+10,-6.737393e+08,3.600002e+06,2.433877e+07,0.000000e+00,-1.871497e+02,2.792054e+09,1.121963e+10,-1.417471e+08,8.471944e+05,4.753825e+07,8.870000e+02,-1.673135e+02,-8.736954e+07,-3.870084e+02,4.527142e+03
7.961068e+00,8.646551e+09,7.962463e+10,1.317963e+03,1.338418e+03,-9.129317e+08,8.368966e+06,3.030260e-03,1.052218e+08,0.000000e+00,0.000000e+00,5.200516e+05,0.000000e+00,5.200516e+05,0.000000e+00,0.000000e+00,7.447218e+09,5.587935e-09,6.676972e-14,0.000000e+00,0.000000e+00,0.000000e+00,0.000000e+00,4.041602e+08,6.309076e+10,-6.737393e+08,3.600002e+06,2.436245e+07,0.000000e+00,-1.871497e+02,2.794579e+09,1.121776e+10,-1.417500e+08,8.471944e+05,4.758860e+07,8.870000e+02,-1.673170e+02,-8.736669e+07,-3.870084e+02,4.633362e+03
7.982286e+00,8.653601e+09,7.961827e+10,1.166925e+03,6.553665e+02,-9.129190e+08,8.368966e+06,3.032186e-03,1.042380e+08,0.000000e+00,0.000000e+00,7.072264e+05,0.000000e+00,7.072264e+05,0.000000e+00,0.000000e+00,7.451069e+09,5.587935e-09,6.676972e-14,0.000000e+00,0.000000e+00,0.000000e+00,0.000000e+00,4.052506e+08,6.308971e+10,-6.737387e+08,3.600002e+06,2.439111e+07,0.000000e+00,-1.871495e+02,2.797836e+09,1.121523e+10,-1.417521e+08,8.471944e+05,4.764488e+07,8.870000e+02,-1.673195e+02,-8.736628e+07,-3.870084e+02,4.770417e+03
8.000483e+00,8.656112e+09,7.961462e+10,1.129292e+03,-3.610349e+02,-9.129087e+08,8.368966e+06,3.033092e-03,1.048998e+08,0.000000e+00,0.000000e+00,9.303020e+05,0.000000e+00,9.303020e+05,0.000000e+00,0.000000e+00,7.454253e+09,5.587935e-09,6.676972e-14,0.000000e+00,0.000000e+00,0.000000e+00,0.000000e+00,4.048254e+08,6.308792e+10,-6.737240e+08,3.600002e+06,2.441448e+07,0.000000e+00,-1.871454e+02,2.798442e+09,1.121410e+10,-1.417529e+08,8.470688e+05,4.769010e+07,8.880000e+02,-1.673452e+02,-8.738390e+07,-3.870084e+02,4.850182e+03
8.021713e+00,8.659814e+09,7.960915e+10,1.284457e+03,-1.828349e+03,-9.128977e+08,8.368966e+06,3.032229e-03,1.062649e+08,0.000000e+00,0.000000e+00,9.963966e+05,0.000000e+00,9.963966e+05,0.000000e+00,0.000000e+00,7.457627e+09,5.587935e-09,6.676972e-14,0.000000e+00,0.000000e+00,0.000000e+00,0.000000e+00,4.072248e+08,6.307979e+10,-6.736867e+08,3.600002e+06,2.444384e+07,0.000000e+00,-1.871351e+02,2.797099e+09,1.121369e+10,-1.417541e+08,8.470688e+05,4.774286e+07,8.880000e+02,-1.673466e+02,-8.742102e+07,-3.870084e+02,4.886692e+03
8.042930e+00,8.664407e+09,7.960562e+10,1.550143e+03,-2.349938e+03,-9.128878e+08,8.368966e+06,3.031038e-03,1.054921e+08,0.000000e+00,0.000000e+00,5.185439e+05,0.000000e+00,5.185439e+05,0.000000e+00,0.000000e+00,7.460851e+09,5.587935e-09,6.676972e-14,0.000000e+00,0.000000e+00,0.000000e+00,0.000000e+00,4.098055e+08,6.307158e+10,-6.736527e+08,3.600002e+06,2.447156e+07,0.000000e+00,-1.871256e+02,2.796680e+09,1.121454e+10,-1.417567e+08,8.469432e+05,4.779594e+07,8.890000e+02,-1.673745e+02,-8.744990e+07,-3.870084e+02,4.873081e+03
8.061113e+00,8.664654e+09,7.960540e+10,1.633921e+03,-2.855499e+03,-9.128803e+08,8.368966e+06,3.029811e-03,1.055379e+08,0.000000e+00,0.000000e+00,3.384610e+05,0.000000e+00,3.384610e+05,0.000000e+00,0.000000e+00,7.463484e+09,5.587935e-09,6.676972e-14,0.000000e+00,0.000000e+00,0.000000e+00,0.000000e+00,4.092599e+08,6.306912e+10,-6.736371e+08,3.600002e+06,2.449357e+07,0.000000e+00,-1.871213e+02,2.795257e+09,1.121592e+10,-1.417593e+08,8.469432e+05,4.783903e+07,8.890000e+02,-1.673775e+02,-8.746151e+07,-3.870084e+02,4.985740e+03
8.082319e+00,8.663739e+09,7.960634e+10,1.745429e+03,-4.742729e+03,-9.128721e+08,8.368966e+06,3.029151e-03,1.053178e+08,0.000000e+00,0.000000e+00,3.194193e+05,0.000000e+00,3.194193e+05,0.000000e+00,0.000000e+00,7.466490e+09,5.587935e-09,6.676972e-14,0.000000e+00,0.000000e+00,0.000000e+00,0.000000e+00,4.077867e+08,6.306853e+10,-6.736268e+08,3.600002e+06,2.452093e+07,0.000000e+00,-1.871184e+02,2.793189e+09,1.121782e+10,-1.417613e+08,8.469432e+05,4.788841e+07,8.890000e+02,-1.673799e+02,-8.746937e+07,-3.870084e+02,5.363079e+03
8.102029e+00,8.664841e+09,7.960524e+10,2.120356e+03,-7.125760e+03,-9.128666e+08,8.368966e+06,2.449427e-03,1.051379e+08,0.000000e+00,0.000000e+00,3.200195e+05,0.000000e+00,3.200195e+05,0.000000e+00,0.000000e+00,7.469216e+09,5.587935e-09,6.676972e-14,0.000000e+00,0.000000e+00,0.000000e+00,0.000000e+00,4.079468e+08,6.306734e+10,-6.736211e+08,3.600002e+06,2.454469e+07,0.000000e+00,-1.871169e+02,2.791969e+09,1.121891e+10,-1.417626e+08,8.469432e+05,4.793331e+07,8.890000e+02,-1.673815e+02,-8.747298e+07,-5.497042e+02,6.121509e+03
8.121677e+00,8.666244e+09,7.960427e+10,2.634766e+03,-9.611334e+03,-9.128633e+08,8.368966e+06,2.452204e-03,1.047295e+08,0.000000e+00,0.000000e+00,2.370234e+05,0.000000e+00,2.370234e+05,0.000000e+00,0.000000e+00,7.472040e+09,5.587935e-09,6.676972e-14,0.000000e+00,0.000000e+00,0.000000e+00,0.000000e+00,4.073761e+08,6.306759e+10,-6.736195e+08,3.600002e+06,2.456691e+07,0.000000e+00,-1.871164e+02,2.791960e+09,1.121969e+10,-1.417650e+08,8.468176e+05,4.797815e+07,8.900000e+02,-1.674091e+02,-8.747183e+07,-7.912339e+02,6.796948e+03
8.141322e+00,8.665818e+09,7.960501e+10,3.182742e+03,-1.202928e+04,-9.128627e+08,8.368966e+06,2.459483e-03,1.042387e+08,0.000000e+00,0.000000e+00,3.260288e+05,0.000000e+00,3.260288e+05,0.000000e+00,0.000000e+00,7.474639e+09,5.587935e-09,6.676972e-14,0.000000e+00,0.000000e+00,0.000000e+00,0.000000e+00,4.049694e+08,6.306993e+10,-6.736204e+08,3.600002e+06,2.458835e+07,0.000000e+00,-1.871167e+02,2.792095e+09,1.121996e+10,-1.417674e+08,8.466920e+05,4.802139e+07,8.910000e+02,-1.674368e+02,-8.746818e+07,-8.056582e+02,6.844117e+03
8.161927e+00,8.665788e+09,7.960416e+10,3.835925e+03,-1.283569e+04,-9.128649e+08,8.368966e+06,3.022600e-03,1.048892e+08,0.000000e+00,0.000000e+00,3.711821e+05,0.000000e+00,3.711821e+05,0.000000e+00,0.000000e+00,7.476931e+09,5.587935e-09,6.676972e-14,0.000000e+00,0.000000e+00,0.000000e+00,0.000000e+00,4.026262e+08,6.307253e+10,-6.736222e+08,3.600002e+06,2.461180e+07,0.000000e+00,-1.871172e+02,2.792606e+09,1.121892e+10,-1.417702e+08,8.466920e+05,4.806578e+07,8.910000e+02,-1.674401e+02,-8.746361e+07,-7.976342e+02,6.511555e+03
8.180090e+00,8.668431e+09,7.960127e+10,4.357238e+03,-1.178842e+04,-9.128676e+08,8.368966e+06,3.028622e-03,1.049623e+08,0.000000e+00,0.000000e+00,4.873993e+05,0.000000e+00,4.873993e+05,0.000000e+00,0.000000e+00,7.478836e+09,5.587935e-09,6.676972e-14,0.000000e+00,0.000000e+00,0.000000e+00,0.000000e+00,4.017785e+08,6.307351e+10,-6.736227e+08,3.600002e+06,2.463107e+07,0.000000e+00,-1.871173e+02,2.794701e+09,1.121696e+10,-1.417724e+08,8.466920e+05,4.810634e+07,8.910000e+02,-1.674427e+02,-8.746129e+07,-7.976342e+02,6.412915e+03
8.201292e+00,8.673873e+09,7.959636e+10,4.733310e+03,-9.629127e+03,-9.128728e+08,8.368966e+06,3.028989e-03,1.042896e+08,0.000000e+00,0.000000e+00,6.298957e+05,0.000000e+00,6.298957e+05,0.000000e+00,0.000000e+00,7.481140e+09,5.587935e-09,6.676972e-14,0.000000e+00,0.000000e+00,0.000000e+00,0.000000e+00,4.024279e+08,6.307311e+10,-6.736230e+08,3.600002e+06,2.465420e+07,0.000000e+00,-1.871174e+02,2.798009e+09,1.121418e+10,-1.417738e+08,8.466920e+05,4.815130e+07,8.910000e+02,-1.674443e+02,-8.745966e+07,-7.976342e+02,6.082534e+03
8.222494e+00,8.678849e+09,7.959176e+10,5.004406e+03,-7.542438e+03,-9.128790e+08,8.368966e+06,3.027836e-03,1.038123e+08,0.000000e+00,0.000000e+00,7.191488e+05,0.000000e+00,7.191488e+05,0.000000e+00,0.000000e+00,7.483333e+09,5.587935e-09,6.676972e-14,0.000000e+00,0.000000e+00,0.000000e+00,0.000000e+00,4.040784e+08,6.307168e+10,-6.736238e+08,3.600002e+06,2.467757e+07,0.000000e+00,-1.871176e+02,2.799878e+09,1.121267e+10,-1.417751e+08,8.466920e+05,4.819437e+07,8.910000e+02,-1.674459e+02,-8.745722e+07,-7.976342e+02,5.806270e+03
8.240662e+00,8.681187e+09,7.958926e+10,5.006560e+03,-6.194602e+03,-9.128846e+08,8.368966e+06,3.028209e-03,1.039962e+08,0.000000e+00,0.000000e+00,5.922634e+05,0.000000e+00,5.922634e+05,0.000000e+00,0.000000e+00,7.485230e+09,5.587935e-09,6.676972e-14,0.000000e+00,0.000000e+00,0.000000e+00,0.000000e+00,4.043809e+08,6.307133e+10,-6.736243e+08,3.600002e+06,2.469601e+07,0.000000e+00,-1.871177e+02,2.800332e+09,1.121191e+10,-1.417779e+08,8.466920e+05,4.823093e+07,8.910000e+02,-1.674492e+02,-8.745404e+07,-7.976342e+02,5.852694e+03
8.261859e+00,8.683329e+09,7.958604e+10,4.473023e+03,-4.695134e+03,-9.128909e+08,8.368966e+06,3.028466e-03,1.050257e+08,0.000000e+00,0.000000e+00,4.729123e+05,0.000000e+00,4.729123e+05,0.000000e+00,0.000000e+00,7.487538e+09,5.587935e-09,6.676972e-14,0.000000e+00,0.000000e+00,0.000000e+00,0.000000e+00,4.046948e+08,6.307106e+10,-6.736245e+08,3.600002e+06,2.471853e+07,0.000000e+00,-1.871178e+02,2.800229e+09,1.121093e+10,-1.417800e+08,8.466920e+05,4.827407e+07,8.910000e+02,-1.674516e+02,-8.745208e+07,-7.976342e+02,5.903555e+03
8.280033e+00,8.687454e+09,7.958277e+10,3.822599e+03,-3.116126e+03,-9.128956e+08,8.368966e+06,3.028579e-03,1.041715e+08,0.000000e+00,0.000000e+00,4.098917e+05,0.000000e+00,4.098917e+05,0.000000e+00,0.000000e+00,7.489615e+09,5.587935e-09,6.676972e-14,0.000000e+00,0.000000e+00,0.000000e+00,0.000000e+00,4.068080e+08,6.306900e+10,-6.736245e+08,3.600002e+06,2.473792e+07,0.000000e+00,-1.871178e+02,2.800652e+09,1.121105e+10,-1.417799e+08,8.466920e+05,4.831030e+07,8.910000e+02,-1.674515e+02,-8.745228e+07,-7.976342e+02,5.939161e+03
8.301229e+00,8.693634e+09,7.957684e+10,3.035550e+03,-1.240848e+03,-9.129010e+08,8.368966e+06,3.027493e-03,1.039486e+08,0.000000e+00,0.000000e+00,3.525793e+05,0.000000e+00,3.525793e+05,0.000000e+00,0.000000e+00,7.491984e+09,5.587935e-09,6.676972e-14,0.000000e+00,0.000000e+00,0.000000e+00,0.000000e+00,4.106930e+08,6.306528e+10,-6.736250e+08,3.600002e+06,2.475897e+07,0.000000e+00,-1.871180e+02,2.801284e+09,1.121047e+10,-1.417801e+08,8.466920e+05,4.834992e+07,8.910000e+02,-1.674518e+02,-8.745128e+07,-7.976342e+02,5.965174e+03
8.322422e+00,8.698070e+09,7.957204e+10,2.370007e+03,1.019528e+03,-9.129056e+08,8.368966e+06,3.028238e-03,1.043191e+08,0.000000e+00,0.000000e+00,2.178572e+05,0.000000e+00,2.178572e+05,0.000000e+00,0.000000e+00,7.494230e+09,5.587935e-09,6.676972e-14,0.000000e+00,0.000000e+00,0.000000e+00,0.000000e+00,4.140987e+08,6.306207e+10,-6.736262e+08,3.600002e+06,2.477999e+07,0.000000e+00,-1.871183e+02,2.800538e+09,1.121056e+10,-1.417806e+08,8.466920e+05,4.838984e+07,8.910000e+02,-1.674524e+02,-8.744962e+07,-7.976342e+02,5.979181e+03
8.340592e+00,8.700982e+09,7.956953e+10,1.981662e+03,2.830548e+03,-9.129102e+08,8.368966e+06,3.028601e-03,1.039193e+08,0.000000e+00,0.000000e+00,1.329728e+05,0.000000e+00,1.329728e+05,0.000000e+00,0.000000e+00,7.496087e+09,5.587935e-09,6.676972e-14,0.000000e+00,0.000000e+00,0.000000e+00,0.000000e+00,4.156368e+08,6.306059e+10,-6.736269e+08,3.600002e+06,2.479835e+07,0.000000e+00,-1.871185e+02,2.800554e+09,1.121090e+10,-1.417812e+08,8.466920e+05,4.842468e+07,8.910000e+02,-1.674532e+02,-8.744806e+07,-7.976342e+02,5.989426e+03
8.361794e+00,8.704758e+09,7.956547e+10,1.711253e+03,2.774591e+03,-9.129172e+08,8.368966e+06,3.029351e-03,1.041220e+08,0.000000e+00,0.000000e+00,1.421255e+05,0.000000e+00,1.421255e+05,0.000000e+00,0.000000e+00,7.498229e+09,5.587935e-09,6.676972e-14,0.000000e+00,0.000000e+00,0.000000e+00,0.000000e+00,4.165912e+08,6.305972e+10,-6.736279e+08,3.600002e+06,2.481978e+07,0.000000e+00,-1.871187e+02,2.802024e+09,1.120954e+10,-1.417833e+08,8.466920e+05,4.846632e+07,8.910000e+02,-1.674556e+02,-8.744510e+07,-7.976342e+02,6.004680e+03
8.382992e+00,8.709442e+09,7.956058e+10,1.578535e+03,5.694712e+02,-9.129262e+08,8.368966e+06,3.028486e-03,1.041959e+08,0.000000e+00,0.000000e+00,1.686972e+05,0.000000e+00,1.686972e+05,0.000000e+00,0.000000e+00,7.500605e+09,5.587935e-09,6.676972e-14,0.000000e+00,0.000000e+00,0.000000e+00,0.000000e+00,4.187457e+08,6.305791e+10,-6.736286e+08,3.600002e+06,2.483941e+07,0.000000e+00,-1.871189e+02,2.803194e+09,1.120820e+10,-1.417829e+08,8.466920e+05,4.850582e+07,8.910000e+02,-1.674552e+02,-8.744531e+07,-7.976342e+02,6.023899e+03
8.401167e+00,8.714339e+09,7.955573e+10,1.611079e+03,-1.542016e+03,-9.129347e+08,8.368966e+06,3.027842e-03,1.040663e+08,0.000000e+00,0.000000e+00,1.537850e+05,0.000000e+00,1.537850e+05,0.000000e+00,0.000000e+00,7.502837e+09,5.587935e-09,6.676972e-14,0.000000e+00,0.000000e+00,0.000000e+00,0.000000e+00,4.211644e+08,6.305546e+10,-6.736288e+08,3.600002e+06,2.485631e+07,0.000000e+00,-1.871190e+02,2.804453e+09,1.120665e+10,-1.417811e+08,8.466920e+05,4.853918e+07,8.910000e+02,-1.674530e+02,-8.744706e+07,-7.976342e+02,6.034982e+03
8.422350e+00,8.719982e+09,7.954955e+10,1.687869e+03,-3.626564e+03,-9.129434e+08,8.368966e+06,3.028396e-03,1.045203e+08,0.000000e+00,0.000000e+00,1.307532e+05,0.000000e+00,1.307532e+05,0.000000e+00,0.000000e+00,7.505502e+09,5.587935e-09,6.676972e-14,0.000000e+00,0.000000e+00,0.000000e+00,0.000000e+00,4.232569e+08,6.305321e+10,-6.736288e+08,3.600002e+06,2.487746e+07,0.000000e+00,-1.871190e+02,2.806383e+09,1.120458e+10,-1.417787e+08,8.466920e+05,4.857887e+07,8.910000e+02,-1.674501e+02,-8.744941e+07,-7.976342e+02,6.036207e+03
8.440519e+00,8.724006e+09,7.954676e+10,1.742727e+03,-5.406810e+03,-9.129490e+08,8.368966e+06,3.027668e-03,1.033218e+08,0.000000e+00,0.000000e+00,9.337111e+04,0.000000e+00,9.337111e+04,0.000000e+00,0.000000e+00,7.507715e+09,5.587935e-09,6.676972e-14,0.000000e+00,0.000000e+00,0.000000e+00,0.000000e+00,4.245297e+08,6.305188e+10,-6.736288e+08,3.600002e+06,2.489401e+07,0.000000e+00,-1.871190e+02,2.807608e+09,1.120413e+10,-1.417781e+08,8.466920e+05,4.861158e+07,8.910000e+02,-1.674495e+02,-8.744966e+07,-7.976342e+02,6.036207e+03
8.461708e+00,8.725654e+09,7.954534e+10,1.886212e+03,-8.480942e+03,-9.129524e+08,8.368966e+06,3.026414e-03,1.030783e+08,0.000000e+00,0.000000e+00,9.679090e+04,0.000000e+00,9.679090e+04,0.000000e+00,0.000000e+00,7.510121e+09,5.587935e-09,6.676972e-14,0.000000e+00,0.000000e+00,0.000000e+00,0.000000e+00,4.244643e+08,6.305179e+10,-6.736288e+08,3.600002e+06,2.491238e+07,0.000000e+00,-1.871190e+02,2.807725e+09,1.120405e+10,-1.417794e+08,8.466920e+05,4.864731e+07,8.910000e+02,-1.674509e+02,-8.744818e+07,-7.976342e+02,6.036207e+03
8.482897e+00,8.725639e+09,7.954403e+10,1.698093e+03,-1.265300e+04,-9.129538e+08,8.368966e+06,3.027481e-03,1.042149e+08,0.000000e+00,0.000000e+00,5.740211e+04,0.000000e+00,5.740211e+04,0.000000e+00,0.000000e+00,7.512263e+09,5.587935e-09,6.676972e-14,0.000000e+00,0.000000e+00,0.000000e+00,0.000000e+00,4.248387e+08,6.305156e+10,-6.736288e+08,3.600002e+06,2.493311e+07,0.000000e+00,-1.871190e+02,2.805915e+09,1.120476e+10,-1.417817e+08,8.466920e+05,4.868446e+07,8.910000e+02,-1.674537e+02,-8.744626e+07,-7.976342e+02,6.036207e+03
8.501062e+00,8.727841e+09,7.954274e+10,1.430072e+03,-1.670068e+04,-9.129546e+08,8.368966e+06,3.028259e-03,1.032460e+08,0.000000e+00,0.000000e+00,5.055788e+04,0.000000e+00,5.055788e+04,0.000000e+00,0.000000e+00,7.513931e+09,5.587935e-09,6.676972e-14,0.000000e+00,0.000000e+00,0.000000e+00,0.000000e+00,4.262082e+08,6.305045e+10,-6.736290e+08,3.600002e+06,2.494977e+07,0.000000e+00,-1.871190e+02,2.805453e+09,1.120575e+10,-1.417814e+08,8.466920e+05,4.871662e+07,8.910000e+02,-1.674534e+02,-8.744606e+07,-7.976342e+02,6.036207e+03
8.522264e+00,8.728412e+09,7.954237e+10,1.483028e+03,-2.172357e+04,-9.129564e+08,8.368966e+06,3.029921e-03,1.030425e+08,0.000000e+00,0.000000e+00,4.091193e+04,0.000000e+00,4.091193e+04,0.000000e+00,0.000000e+00,7.515843e+09,5.587935e-09,6.676972e-14,0.000000e+00,0.000000e+00,0.000000e+00,0.000000e+00,4.248643e+08,6.305155e+10,-6.736292e+08,3.600002e+06,2.496747e+07,0.000000e+00,-1.871191e+02,2.805853e+09,1.120563e+10,-1.417829e+08,8.466920e+05,4.875291e+07,8.910000e+02,-1.674552e+02,-8.744411e+07,-7.976342e+02,6.036207e+03
8.540448e+00,8.726528e+09,7.954371e+10,1.892724e+03,-2.592229e+04,-9.129592e+08,8.368966e+06,3.031373e-03,1.034719e+08,0.000000e+00,0.000000e+00,6.388328e+04,0.000000e+00,6.388328e+04,0.000000e+00,0.000000e+00,7.517470e+09,5.587935e-09,6.676972e-14,0.000000e+00,0.000000e+00,0.000000e+00,0.000000e+00,4.218821e+08,6.305424e+10,-6.736292e+08,3.600002e+06,2.498385e+07,0.000000e+00,-1.871191e+02,2.805852e+09,1.120582e+10,-1.417850e+08,8.466920e+05,4.878408e+07,8.910000e+02,-1.674576e+02,-8.744238e+07,-7.976342e+02,6.036207e+03
8.562068e+00,8.726458e+09,7.954373e+10,2.336683e+03,-2.991339e+04,-9.129635e+08,8.368966e+06,3.231834e-03,1.032445e+08,0.000000e+00,0.000000e+00,1.839486e+05,0.000000e+00,1.839486e+05,0.000000e+00,0.000000e+00,7.519567e+09,5.587935e-09,6.676972e-14,0.000000e+00,0.000000e+00,0.000000e+00,0.000000e+00,4.200981e+08,6.305620e+10,-6.736292e+08,3.600002e+06,2.500320e+07,0.000000e+00,-1.871191e+02,2.806420e+09,1.120531e+10,-1.417842e+08,8.466920e+05,4.882021e+07,8.910000e+02,-1.674567e+02,-8.744333e+07,-7.976342e+02,6.036207e+03
8.581465e+00,8.729714e+09,7.954040e+10,2.619522e+03,-3.261103e+04,-9.129680e+08,8.368966e+06,3.235423e-03,1.032501e+08,0.000000e+00,0.000000e+00,3.308532e+05,0.000000e+00,3.308532e+05,0.000000e+00,0.000000e+00,7.521619e+09,5.587935e-09,6.676972e-14,0.000000e+00,0.000000e+00,0.000000e+00,0.000000e+00,4.201533e+08,6.305626e+10,-6.736292e+08,3.600002e+06,2.501899e+07,0.000000e+00,-1.871191e+02,2.808495e+09,1.120306e+10,-1.417830e+08,8.465664e+05,4.885234e+07,8.920000e+02,-1.674800e+02,-8.744478e+07,-7.976342e+02,6.036207e+03
8.600876e+00,8.732225e+09,7.953823e+10,2.850541e+03,-3.514611e+04,-9.129729e+08,8.368966e+06,3.236063e-03,1.029164e+08,0.000000e+00,0.000000e+00,3.164564e+05,0.000000e+00,3.164564e+05,0.000000e+00,0.000000e+00,7.523638e+09,5.587935e-09,6.676972e-14,0.000000e+00,0.000000e+00,0.000000e+00,0.000000e+00,4.193630e+08,6.305693e+10,-6.736292e+08,3.600002e+06,2.503547e+07,0.000000e+00,-1.871191e+02,2.810445e+09,1.120154e+10,-1.417800e+08,8.465664e+05,4.888441e+07,8.920000e+02,-1.674766e+02,-8.744786e+07,-7.976342e+02,6.036207e+03
8.620308e+00,8.732762e+09,7.953770e+10,3.260016e+03,-3.738570e+04,-9.129791e+08,8.368966e+06,3.241422e-03,1.029084e+08,0.000000e+00,0.000000e+00,2.077832e+05,0.000000e+00,2.077832e+05,0.000000e+00,0.000000e+00,7.525668e+09,5.587935e-09,6.676972e-14,0.000000e+00,0.000000e+00,0.000000e+00,0.000000e+00,4.175413e+08,6.305875e+10,-6.736292e+08,3.600002e+06,2.505201e+07,0.000000e+00,-1.871191e+02,2.811338e+09,1.119981e+10,-1.417775e+08,8.465664e+05,4.891491e+07,8.920000e+02,-1.674736e+02,-8.745014e+07,-7.976342e+02,6.036207e+03
8.642994e+00,8.732217e+09,7.953740e+10,4.078275e+03,-3.880915e+04,-9.129877e+08,8.368966e+06,3.295896e-03,1.036118e+08,0.000000e+00,0.000000e+00,1.724788e+05,0.000000e+00,1.724788e+05,0.000000e+00,0.000000e+00,7.528150e+09,5.587935e-09,6.676972e-14,0.000000e+00,0.000000e+00,0.000000e+00,0.000000e+00,4.148132e+08,6.306139e+10,-6.736292e+08,3.600002e+06,2.507149e+07,0.000000e+00,-1.871191e+02,2.811937e+09,1.119823e+10,-1.417753e+08,8.465664e+05,4.895187e+07,8.920000e+02,-1.674710e+02,-8.745245e+07,-7.976342e+02,6.036207e+03
8.662756e+00,8.732650e+09,7.953788e+10,4.875966e+03,-3.924672e+04,-9.129963e+08,8.368966e+06,3.290685e-03,1.026228e+08,0.000000e+00,0.000000e+00,1.762005e+05,0.000000e+00,1.762005e+05,0.000000e+00,0.000000e+00,7.530284e+09,5.587935e-09,6.676972e-14,0.000000e+00,0.000000e+00,0.000000e+00,0.000000e+00,4.124907e+08,6.306367e+10,-6.736292e+08,3.600002e+06,2.508704e+07,0.000000e+00,-1.871191e+02,2.813300e+09,1.119766e+10,-1.417730e+08,8.465664e+05,4.898287e+07,8.920000e+02,-1.674682e+02,-8.745478e+07,-7.976342e+02,6.036207e+03
8.682484e+00,8.731513e+09,7.953890e+10,5.696536e+03,-3.928780e+04,-9.130072e+08,8.368966e+06,3.283220e-03,1.027051e+08,0.000000e+00,0.000000e+00,1.554737e+05,0.000000e+00,1.554737e+05,0.000000e+00,0.000000e+00,7.532325e+09,5.587935e-09,6.676972e-14,0.000000e+00,0.000000e+00,0.000000e+00,0.000000e+00,4.096772e+08,6.306643e+10,-6.736292e+08,3.600002e+06,2.510241e+07,0.000000e+00,-1.871191e+02,2.813490e+09,1.119688e+10,-1.417692e+08,8.465664e+05,4.901233e+07,8.920000e+02,-1.674637e+02,-8.745906e+07,-7.976342e+02,6.036207e+03
8.702168e+00,8.731110e+09,7.953881e+10,6.404054e+03,-3.923486e+04,-9.130204e+08,8.368966e+06,3.276841e-03,1.031399e+08,0.000000e+00,0.000000e+00,9.594510e+04,0.000000e+00,9.594510e+04,0.000000e+00,0.000000e+00,7.534199e+09,5.587935e-09,6.676972e-14,0.000000e+00,0.000000e+00,0.000000e+00,0.000000e+00,4.086667e+08,6.306756e+10,-6.736292e+08,3.600002e+06,2.511811e+07,0.000000e+00,-1.871191e+02,2.812631e+09,1.119667e+10,-1.417641e+08,8.464408e+05,4.904200e+07,8.930000e+02,-1.674826e+02,-8.746414e+07,-7.976342e+02,6.036207e+03
8.721811e+00,8.733356e+09,7.953605e+10,6.440267e+03,-3.900322e+04,-9.130353e+08,8.368966e+06,3.269871e-03,1.035785e+08,0.000000e+00,0.000000e+00,7.639055e+04,0.000000e+00,7.639055e+04,0.000000e+00,0.000000e+00,7.536056e+09,5.587935e-09,6.676972e-14,0.000000e+00,0.000000e+00,0.000000e+00,0.000000e+00,4.098687e+08,6.306649e+10,-6.736292e+08,3.600002e+06,2.513382e+07,0.000000e+00,-1.871191e+02,2.812150e+09,1.119640e+10,-1.417587e+08,8.464408e+05,4.907254e+07,8.930000e+02,-1.674762e+02,-8.746960e+07,-7.976342e+02,6.036207e+03
8.741401e+00,8.737550e+09,7.953234e+10,5.711260e+03,-3.845326e+04,-9.130512e+08,8.368966e+06,3.257640e-03,1.031135e+08,0.000000e+00,0.000000e+00,5.281937e+04,0.000000e+00,5.281937e+04,0.000000e+00,0.000000e+00,7.537987e+09,5.587935e-09,6.676972e-14,0.000000e+00,0.000000e+00,0.000000e+00,0.000000e+00,4.117415e+08,6.306483e+10,-6.736292e+08,3.600002e+06,2.514895e+07,0.000000e+00,-1.871191e+02,2.812962e+09,1.119522e+10,-1.417542e+08,8.464408e+05,4.910289e+07,8.930000e+02,-1.674709e+02,-8.747369e+07,-7.976342e+02,6.036207e+03
8.760708e+00,8.740776e+09,7.952963e+10,4.918252e+03,-3.831447e+04,-9.130673e+08,8.368966e+06,3.032244e-03,1.025836e+08,0.000000e+00,0.000000e+00,4.576530e+04,0.000000e+00,4.576530e+04,0.000000e+00,0.000000e+00,7.539942e+09,5.587935e-09,6.676972e-14,0.000000e+00,0.000000e+00,0.000000e+00,0.000000e+00,4.123526e+08,6.306413e+10,-6.736292e+08,3.600002e+06,2.516306e+07,0.000000e+00,-1.871191e+02,2.814318e+09,1.119414e+10,-1.417514e+08,8.464408e+05,4.913070e+07,8.930000e+02,-1.674676e+02,-8.747648e+07,-7.976342e+02,6.036207e+03
8.781954e+00,8.743086e+09,7.952629e+10,4.422526e+03,-3.866911e+04,-9.130846e+08,8.368966e+06,3.040067e-03,1.034233e+08,0.000000e+00,0.000000e+00,1.183803e+05,0.000000e+00,1.183803e+05,0.000000e+00,0.000000e+00,7.542116e+09,5.587935e-09,6.676972e-14,0.000000e+00,0.000000e+00,0.000000e+00,0.000000e+00,4.123686e+08,6.306410e+10,-6.736292e+08,3.600002e+06,2.517848e+07,0.000000e+00,-1.871191e+02,2.815329e+09,1.119196e+10,-1.417470e+08,8.464408e+05,4.916123e+07,8.930000e+02,-1.674624e+02,-8.748129e+07,-7.976342e+02,6.036207e+03
8.800385e+00,8.746425e+09,7.952296e+10,4.297320e+03,-3.877246e+04,-9.130988e+08,8.368966e+06,3.033957e-03,1.033356e+08,0.000000e+00,0.000000e+00,1.037331e+05,0.000000e+00,1.037331e+05,0.000000e+00,0.000000e+00,7.543959e+09,5.587935e-09,6.676972e-14,0.000000e+00,0.000000e+00,0.000000e+00,0.000000e+00,4.133801e+08,6.306320e+10,-6.736294e+08,3.600002e+06,2.519306e+07,0.000000e+00,-1.871192e+02,2.816387e+09,1.119025e+10,-1.417421e+08,8.464408e+05,4.918971e+07,8.930000e+02,-1.674566e+02,-8.748592e+07,-7.976342e+02,6.036207e+03
8.821644e+00,8.750791e+09,7.951921e+10,4.658879e+03,-3.866434e+04,-9.131148e+08,8.368966e+06,3.041296e-03,1.026004e+08,0.000000e+00,0.000000e+00,1.804914e+05,0.000000e+00,1.804914e+05,0.000000e+00,0.000000e+00,7.546040e+09,5.587935e-09,6.676972e-14,0.000000e+00,0.000000e+00,0.000000e+00,0.000000e+00,4.140187e+08,6.306246e+10,-6.736301e+08,3.600002e+06,2.520856e+07,0.000000e+00,-1.871194e+02,2.818569e+09,1.118797e+10,-1.417355e+08,8.464408e+05,4.922283e+07,8.930000e+02,-1.674488e+02,-8.749194e+07,-7.976342e+02,6.036207e+03
8.840963e+00,8.753037e+09,7.951675e+10,5.426928e+03,-3.880846e+04,-9.131285e+08,8.368966e+06,3.265789e-03,1.028036e+08,0.000000e+00,0.000000e+00,1.311342e+05,0.000000e+00,1.311342e+05,0.000000e+00,0.000000e+00,7.547955e+09,5.587935e-09,6.676972e-14,0.000000e+00,0.000000e+00,0.000000e+00,0.000000e+00,4.136652e+08,6.306277e+10,-6.736304e+08,3.600002e+06,2.522239e+07,0.000000e+00,-1.871194e+02,2.819788e+09,1.118601e+10,-1.417328e+08,8.464408e+05,4.925251e+07,8.930000e+02,-1.674456e+02,-8.749240e+07,-7.976342e+02,6.036207e+03
8.860583e+00,8.754101e+09,7.951544e+10,6.463448e+03,-3.968914e+04,-9.131415e+08,8.368966e+06,3.274868e-03,1.029496e+08,0.000000e+00,0.000000e+00,1.040293e+05,0.000000e+00,1.040293e+05,0.000000e+00,0.000000e+00,7.549978e+09,5.587935e-09,6.676972e-14,0.000000e+00,0.000000e+00,0.000000e+00,0.000000e+00,4.133842e+08,6.306306e+10,-6.736305e+08,3.600002e+06,2.523724e+07,0.000000e+00,-1.871194e+02,2.819554e+09,1.118591e+10,-1.417389e+08,8.464408e+05,4.928239e+07,8.930000e+02,-1.674528e+02,-8.748686e+07,-7.976342e+02,6.036207e+03
8.880255e+00,8.753966e+09,7.951495e+10,7.388713e+03,-4.135775e+04,-9.131532e+08,8.368966e+06,3.284100e-03,1.033468e+08,0.000000e+00,0.000000e+00,2.140634e+05,0.000000e+00,2.140634e+05,0.000000e+00,0.000000e+00,7.552048e+09,5.587935e-09,6.676972e-14,0.000000e+00,0.000000e+00,0.000000e+00,0.000000e+00,4.127316e+08,6.306359e+10,-6.736305e+08,3.600002e+06,2.525129e+07,0.000000e+00,-1.871194e+02,2.818684e+09,1.118613e+10,-1.417409e+08,8.464408e+05,4.931303e+07,8.930000e+02,-1.674552e+02,-8.748514e+07,-7.976342e+02,6.036207e+03
8.903278e+00,8.753717e+09,7.951571e+10,8.393866e+03,-4.317784e+04,-9.131640e+08,8.368966e+06,3.295467e-03,1.029343e+08,0.000000e+00,0.000000e+00,1.146201e+05,0.000000e+00,1.146201e+05,0.000000e+00,0.000000e+00,7.554327e+09,5.587935e-09,6.676972e-14,0.000000e+00,0.000000e+00,0.000000e+00,0.000000e+00,4.106117e+08,6.306570e+10,-6.736305e+08,3.600002e+06,2.526854e+07,0.000000e+00,-1.871194e+02,2.819186e+09,1.118607e+10,-1.417387e+08,8.464408e+05,4.934906e+07,8.930000e+02,-1.674526e+02,-8.748823e+07,-7.976342e+02,6.036207e+03
8.923014e+00,8.753577e+09,7.951546e+10,9.106469e+03,-4.521641e+04,-9.131709e+08,8.368966e+06,3.242195e-03,1.032889e+08,0.000000e+00,0.000000e+00,7.285242e+04,0.000000e+00,7.285242e+04,0.000000e+00,0.000000e+00,7.556089e+09,5.587935e-09,6.676972e-14,0.000000e+00,0.000000e+00,0.000000e+00,0.000000e+00,4.094931e+08,6.306683e+10,-6.736305e+08,3.600002e+06,2.528231e+07,0.000000e+00,-1.871194e+02,2.818824e+09,1.118528e+10,-1.417321e+08,8.461896e+05,4.937872e+07,8.950000e+02,-1.674945e+02,-8.749534e+07,-7.976342e+02,6.036207e+03
8.942464e+00,8.754026e+09,7.951458e+10,9.361065e+03,-4.816732e+04,-9.131767e+08,8.368966e+06,3.241312e-03,1.036382e+08,0.000000e+00,0.000000e+00,2.421733e+04,0.000000e+00,2.421733e+04,0.000000e+00,0.000000e+00,7.557851e+09,5.587935e-09,6.676972e-14,0.000000e+00,0.000000e+00,0.000000e+00,0.000000e+00,4.085318e+08,6.306762e+10,-6.736305e+08,3.600002e+06,2.529614e+07,0.000000e+00,-1.871194e+02,2.818768e+09,1.118463e+10,-1.417254e+08,8.460640e+05,4.940962e+07,8.960000e+02,-1.675115e+02,-8.750166e+07,-7.976342e+02,6.036207e+03
8.961912e+00,8.755804e+09,7.951273e+10,9.168614e+03,-5.144312e+04,-9.131826e+08,8.368966e+06,3.241085e-03,1.036424e+08,0.000000e+00,0.000000e+00,3.543458e+04,0.000000e+00,3.543458e+04,0.000000e+00,0.000000e+00,7.559774e+09,5.587935e-09,6.676972e-14,0.000000e+00,0.000000e+00,0.000000e+00,0.000000e+00,4.080537e+08,6.306811e+10,-6.736305e+08,3.600002e+06,2.531056e+07,0.000000e+00,-1.871194e+02,2.819518e+09,1.118329e+10,-1.417207e+08,8.460640e+05,4.943943e+07,8.960000e+02,-1.675059e+02,-8.750622e+07,-7.976342e+02,6.036207e+03
8.981356e+00,8.758480e+09,7.951024e+10,8.538297e+03,-5.457786e+04,-9.131898e+08,8.368966e+06,3.240079e-03,1.033490e+08,0.000000e+00,0.000000e+00,1.153460e+05,0.000000e+00,1.153460e+05,0.000000e+00,0.000000e+00,7.561787e+09,5.587935e-09,6.676972e-14,0.000000e+00,0.000000e+00,0.000000e+00,0.000000e+00,4.078579e+08,6.306837e+10,-6.736305e+08,3.600002e+06,2.532401e+07,0.000000e+00,-1.871194e+02,2.820857e+09,1.118187e+10,-1.417164e+08,8.460640e+05,4.946727e+07,8.960000e+02,-1.675009e+02,-8.751050e+07,-7.976342e+02,6.036207e+03
9.000795e+00,8.759877e+09,7.950903e+10,7.681205e+03,-5.751126e+04,-9.131985e+08,8.368966e+06,3.239892e-03,1.029686e+08,0.000000e+00,0.000000e+00,2.097222e+05,0.000000e+00,2.097222e+05,0.000000e+00,0.000000e+00,7.563781e+09,5.587935e-09,6.676972e-14,0.000000e+00,0.000000e+00,0.000000e+00,0.000000e+00,4.071527e+08,6.306909e+10,-6.736305e+08,3.600002e+06,2.533809e+07,0.000000e+00,-1.871194e+02,2.821426e+09,1.118068e+10,-1.417122e+08,8.460640e+05,4.949545e+07,8.960000e+02,-1.674958e+02,-8.751466e+07,-7.976342e+02,6.036207e+03
9.020248e+00,8.759589e+09,7.950837e+10,6.903376e+03,-6.011216e+04,-9.132088e+08,8.368966e+06,3.243876e-03,1.038168e+08,0.000000e+00,0.000000e+00,2.128835e+05,0.000000e+00,2.128835e+05,0.000000e+00,0.000000e+00,7.565727e+09,5.587935e-09,6.676972e-14,0.000000e+00,0.000000e+00,0.000000e+00,0.000000e+00,4.055266e+08,6.307064e+10,-6.736305e+08,3.600002e+06,2.535226e+07,0.000000e+00,-1.871194e+02,2.821256e+09,1.117963e+10,-1.417087e+08,8.458128e+05,4.952355e+07,8.980000e+02,-1.675415e+02,-8.751798e+07,-7.976342e+02,6.036207e+03
9.043094e+00,8.758601e+09,7.951078e+10,6.470914e+03,-6.265220e+04,-9.132222e+08,8.368966e+06,3.286000e-03,1.024665e+08,0.000000e+00,0.000000e+00,1.223384e+05,0.000000e+00,1.223384e+05,0.000000e+00,0.000000e+00,7.568030e+09,5.587935e-09,6.676972e-14,0.000000e+00,0.000000e+00,0.000000e+00,0.000000e+00,4.015499e+08,6.307443e+10,-6.736305e+08,3.600002e+06,2.536704e+07,0.000000e+00,-1.871194e+02,2.822388e+09,1.117962e+10,-1.417055e+08,8.458128e+05,4.955744e+07,8.980000e+02,-1.675376e+02,-8.752106e+07,-7.976342e+02,6.036207e+03
9.062793e+00,8.755805e+09,7.951350e+10,6.347981e+03,-6.514918e+04,-9.132339e+08,8.368966e+06,3.279865e-03,1.025497e+08,0.000000e+00,0.000000e+00,5.612063e+04,0.000000e+00,5.612063e+04,0.000000e+00,0.000000e+00,7.569967e+09,5.587935e-09,6.676972e-14,0.000000e+00,0.000000e+00,0.000000e+00,0.000000e+00,3.974351e+08,6.307832e+10,-6.736305e+08,3.600002e+06,2.537979e+07,0.000000e+00,-1.871194e+02,2.822144e+09,1.117934e+10,-1.417042e+08,8.458128e+05,4.958285e+07,8.980000e+02,-1.675361e+02,-8.752206e+07,-7.976342e+02,6.036207e+03
9.082459e+00,8.751878e+09,7.951595e+10,6.200305e+03,-6.671277e+04,-9.132460e+08,8.368966e+06,3.274741e-03,1.039513e+08,0.000000e+00,0.000000e+00,3.132344e+04,0.000000e+00,3.132344e+04,0.000000e+00,0.000000e+00,7.571803e+09,5.587935e-09,6.676972e-14,0.000000e+00,0.000000e+00,0.000000e+00,0.000000e+00,3.938097e+08,6.308184e+10,-6.736305e+08,3.600002e+06,2.539299e+07,0.000000e+00,-1.871194e+02,2.820268e+09,1.118001e+10,-1.417037e+08,8.458128e+05,4.960866e+07,8.980000e+02,-1.675355e+02,-8.752270e+07,-7.976342e+02,6.036207e+03
9.101951e+00,8.749722e+09,7.951841e+10,5.914482e+03,-6.627861e+04,-9.132584e+08,8.368966e+06,3.235548e-03,1.035603e+08,0.000000e+00,0.000000e+00,1.645789e+04,0.000000e+00,1.645789e+04,0.000000e+00,0.000000e+00,7.573642e+09,5.587935e-09,6.676972e-14,0.000000e+00,0.000000e+00,0.000000e+00,0.000000e+00,3.915507e+08,6.308415e+10,-6.736305e+08,3.600002e+06,2.540685e+07,0.000000e+00,-1.871194e+02,2.818868e+09,1.118153e+10,-1.417019e+08,8.458128e+05,4.963539e+07,8.980000e+02,-1.675334e+02,-8.752477e+07,-7.976342e+02,6.036207e+03
9.121365e+00,8.750809e+09,7.951737e+10,5.424791e+03,-6.497623e+04,-9.132712e+08,8.368966e+06,3.235764e-03,1.035203e+08,0.000000e+00,0.000000e+00,1.539976e+04,0.000000e+00,1.539976e+04,0.000000e+00,0.000000e+00,7.575560e+09,5.587935e-09,6.676972e-14,0.000000e+00,0.000000e+00,0.000000e+00,0.000000e+00,3.906932e+08,6.308510e+10,-6.736305e+08,3.600002e+06,2.541968e+07,0.000000e+00,-1.871194e+02,2.819417e+09,1.118063e+10,-1.416987e+08,8.458128e+05,4.966087e+07,8.980000e+02,-1.675296e+02,-8.752809e+07,-7.976342e+02,6.036207e+03
9.140428e+00,8.753454e+09,7.951513e+10,4.883714e+03,-6.434245e+04,-9.132842e+08,8.368966e+06,3.036467e-03,1.029591e+08,0.000000e+00,0.000000e+00,9.397948e+04,0.000000e+00,9.397948e+04,0.000000e+00,0.000000e+00,7.577449e+09,5.587935e-09,6.676972e-14,0.000000e+00,0.000000e+00,0.000000e+00,0.000000e+00,3.905549e+08,6.308526e+10,-6.736305e+08,3.600002e+06,2.543166e+07,0.000000e+00,-1.871194e+02,2.820826e+09,1.117982e+10,-1.416980e+08,8.456872e+05,4.968606e+07,8.990000e+02,-1.675536e+02,-8.752811e+07,-7.976342e+02,6.042040e+03
9.161687e+00,8.757353e+09,7.950984e+10,4.604384e+03,-6.507577e+04,-9.132997e+08,8.368966e+06,3.032688e-03,1.030095e+08,0.000000e+00,0.000000e+00,1.091589e+06,0.000000e+00,1.091589e+06,0.000000e+00,0.000000e+00,7.579589e+09,5.587935e-09,6.676972e-14,0.000000e+00,0.000000e+00,0.000000e+00,0.000000e+00,3.913829e+08,6.308452e+10,-6.736305e+08,3.600002e+06,2.544719e+07,0.000000e+00,-1.871195e+02,2.822353e+09,1.117638e+10,-1.416973e+08,8.456872e+05,4.972311e+07,8.990000e+02,-1.675529e+02,-8.752918e+07,-7.976342e+02,5.986637e+03
9.182909e+00,8.761101e+09,7.950470e+10,4.441638e+03,-6.641690e+04,-9.133161e+08,8.368966e+06,3.034051e-03,1.049286e+08,0.000000e+00,0.000000e+00,2.205494e+05,0.000000e+00,2.205494e+05,0.000000e+00,0.000000e+00,7.581622e+09,5.587935e-09,6.676972e-14,0.000000e+00,0.000000e+00,0.000000e+00,0.000000e+00,3.927161e+08,6.308328e+10,-6.736301e+08,3.600002e+06,2.546476e+07,0.000000e+00,-1.871194e+02,2.823357e+09,1.117328e+10,-1.416930e+08,8.456872e+05,4.978262e+07,8.990000e+02,-1.675478e+02,-8.753426e+07,-7.976342e+02,6.310624e+03
9.201782e+00,8.765654e+09,7.950144e+10,4.204148e+03,-6.771560e+04,-9.133315e+08,8.368966e+06,3.259069e-03,1.037964e+08,0.000000e+00,0.000000e+00,4.960176e+04,0.000000e+00,4.960176e+04,0.000000e+00,0.000000e+00,7.583520e+09,5.587935e-09,6.676972e-14,0.000000e+00,0.000000e+00,0.000000e+00,0.000000e+00,3.940026e+08,6.308201e+10,-6.736301e+08,3.600002e+06,2.548068e+07,0.000000e+00,-1.871194e+02,2.825298e+09,1.117264e+10,-1.416886e+08,8.456872e+05,4.983014e+07,8.990000e+02,-1.675426e+02,-8.753850e+07,-7.976342e+02,6.318114e+03
9.221379e+00,8.769867e+09,7.949685e+10,3.659582e+03,-6.887124e+04,-9.133478e+08,8.368966e+06,3.273827e-03,1.040222e+08,0.000000e+00,0.000000e+00,2.602489e+04,0.000000e+00,2.602489e+04,0.000000e+00,0.000000e+00,7.585335e+09,5.587935e-09,6.676972e-14,0.000000e+00,0.000000e+00,0.000000e+00,0.000000e+00,3.964733e+08,6.307971e+10,-6.736301e+08,3.600002e+06,2.549790e+07,0.000000e+00,-1.871194e+02,2.825577e+09,1.117103e+10,-1.416845e+08,8.456872e+05,4.989283e+07,8.990000e+02,-1.675378e+02,-8.754249e+07,-7.976342e+02,6.318114e+03
9.241045e+00,8.774348e+09,7.949213e+10,2.906983e+03,-6.951253e+04,-9.133637e+08,8.368966e+06,3.282299e-03,1.041588e+08,0.000000e+00,0.000000e+00,9.746990e+03,0.000000e+00,9.746990e+03,0.000000e+00,0.000000e+00,7.587189e+09,5.587935e-09,6.676972e-14,0.000000e+00,0.000000e+00,0.000000e+00,0.000000e+00,3.990621e+08,6.307713e+10,-6.736301e+08,3.600002e+06,2.551453e+07,0.000000e+00,-1.871194e+02,2.826023e+09,1.117019e+10,-1.416811e+08,8.456872e+05,4.992858e+07,8.990000e+02,-1.675337e+02,-8.754580e+07,-7.976342e+02,6.318114e+03
9.260758e+00,8.778358e+09,7.948880e+10,1.825959e+03,-6.967438e+04,-9.133783e+08,8.368966e+06,3.290308e-03,1.034465e+08,0.000000e+00,0.000000e+00,1.294303e+04,0.000000e+00,1.294303e+04,0.000000e+00,0.000000e+00,7.589071e+09,5.587935e-09,6.676972e-14,0.000000e+00,0.000000e+00,0.000000e+00,0.000000e+00,4.010359e+08,6.307505e+10,-6.736301e+08,3.600002e+06,2.553060e+07,0.000000e+00,-1.871194e+02,2.826656e+09,1.117027e+10,-1.416785e+08,8.456872e+05,4.996428e+07,8.990000e+02,-1.675306e+02,-8.754830e+07,-7.976342e+02,6.318114e+03
9.280519e+00,8.781922e+09,7.948506e+10,4.711554e+02,-6.976457e+04,-9.133912e+08,8.368966e+06,3.297879e-03,1.035918e+08,0.000000e+00,0.000000e+00,2.532810e+04,0.000000e+00,2.532810e+04,0.000000e+00,0.000000e+00,7.590949e+09,5.587935e-09,6.676972e-14,0.000000e+00,0.000000e+00,0.000000e+00,0.000000e+00,4.026060e+08,6.307343e+10,-6.736301e+08,3.600002e+06,2.554680e+07,0.000000e+00,-1.871194e+02,2.827319e+09,1.116901e+10,-1.416760e+08,8.454360e+05,5.000810e+07,9.010000e+02,-1.675774e+02,-8.755095e+07,-7.976342e+02,6.318114e+03
9.300046e+00,8.784397e+09,7.948302e+10,-7.383004e+02,-7.017614e+04,-9.134031e+08,8.368966e+06,3.245885e-03,1.030203e+08,0.000000e+00,0.000000e+00,8.422012e+04,0.000000e+00,8.422012e+04,0.000000e+00,0.000000e+00,7.592762e+09,5.587935e-09,6.676972e-14,0.000000e+00,0.000000e+00,0.000000e+00,0.000000e+00,4.039273e+08,6.307208e+10,-6.736301e+08,3.600002e+06,2.556350e+07,0.000000e+00,-1.871194e+02,2.827251e+09,1.116946e+10,-1.416722e+08,8.454360e+05,5.006184e+07,9.010000e+02,-1.675729e+02,-8.755502e+07,-7.976342e+02,6.318114e+03
9.322757e+00,8.787133e+09,7.947913e+10,-1.966241e+03,-7.151837e+04,-9.134172e+08,8.368966e+06,3.244607e-03,1.039544e+08,0.000000e+00,0.000000e+00,1.384274e+05,0.000000e+00,1.384274e+05,0.000000e+00,0.000000e+00,7.595051e+09,5.587935e-09,6.676972e-14,0.000000e+00,0.000000e+00,0.000000e+00,0.000000e+00,4.065137e+08,6.306970e+10,-6.736301e+08,3.600002e+06,2.558192e+07,0.000000e+00,-1.871194e+02,2.825994e+09,1.116919e+10,-1.416654e+08,8.454360e+05,5.010358e+07,9.010000e+02,-1.675649e+02,-8.756213e+07,-7.976342e+02,6.318114e+03
9.342226e+00,8.792314e+09,7.947445e+10,-2.835598e+03,-7.286080e+04,-9.134304e+08,8.368966e+06,3.245711e-03,1.034160e+08,0.000000e+00,0.000000e+00,1.679123e+05,0.000000e+00,1.679123e+05,0.000000e+00,0.000000e+00,7.597173e+09,5.587935e-09,6.676972e-14,0.000000e+00,0.000000e+00,0.000000e+00,0.000000e+00,4.096885e+08,6.306669e+10,-6.736301e+08,3.600002e+06,2.559684e+07,0.000000e+00,-1.871194e+02,2.826601e+09,1.116842e+10,-1.416592e+08,8.454360e+05,5.014152e+07,9.010000e+02,-1.675576e+02,-8.756814e+07,-7.976342e+02,6.318114e+03
9.361706e+00,8.797528e+09,7.946895e+10,-3.628241e+03,-7.394144e+04,-9.134443e+08,8.368966e+06,3.248137e-03,1.036752e+08,0.000000e+00,0.000000e+00,1.142419e+05,0.000000e+00,1.142419e+05,0.000000e+00,0.000000e+00,7.599223e+09,5.587935e-09,6.676972e-14,0.000000e+00,0.000000e+00,0.000000e+00,0.000000e+00,4.122499e+08,6.306409e+10,-6.736301e+08,3.600002e+06,2.561193e+07,0.000000e+00,-1.871194e+02,2.827806e+09,1.116646e+10,-1.416538e+08,8.454360e+05,5.017605e+07,9.010000e+02,-1.675512e+02,-8.757338e+07,-7.976342e+02,6.318114e+03
9.381186e+00,8.799736e+09,7.946697e+10,-4.478009e+03,-7.512058e+04,-9.134588e+08,8.368966e+06,3.246195e-03,1.034591e+08,0.000000e+00,0.000000e+00,2.399323e+04,0.000000e+00,2.399323e+04,0.000000e+00,0.000000e+00,7.601241e+09,5.587935e-09,6.676972e-14,0.000000e+00,0.000000e+00,0.000000e+00,0.000000e+00,4.129107e+08,6.306318e+10,-6.736301e+08,3.600002e+06,2.562601e+07,0.000000e+00,-1.871194e+02,2.827883e+09,1.116615e+10,-1.416502e+08,8.454360e+05,5.021138e+07,9.010000e+02,-1.675470e+02,-8.757665e+07,-7.976342e+02,6.318114e+03
9.400850e+00,8.801545e+09,7.946466e+10,-5.418756e+03,-7.634295e+04,-9.134732e+08,8.368966e+06,3.305492e-03,1.038841e+08,0.000000e+00,0.000000e+00,8.098498e+03,0.000000e+00,8.098498e+03,0.000000e+00,0.000000e+00,7.603246e+09,5.587935e-09,6.676972e-14,0.000000e+00,0.000000e+00,0.000000e+00,0.000000e+00,4.125278e+08,6.306347e+10,-6.736301e+08,3.600002e+06,2.564097e+07,0.000000e+00,-1.871194e+02,2.828531e+09,1.116497e+10,-1.416476e+08,8.454360e+05,5.025342e+07,9.010000e+02,-1.675438e+02,-8.757930e+07,-7.976342e+02,6.318114e+03
9.420409e+00,8.803841e+09,7.946279e+10,-6.208879e+03,-7.774325e+04,-9.134866e+08,8.368966e+06,3.034231e-03,1.033575e+08,0.000000e+00,0.000000e+00,1.550635e+04,0.000000e+00,1.550635e+04,0.000000e+00,0.000000e+00,7.605166e+09,5.587935e-09,6.676972e-14,0.000000e+00,0.000000e+00,0.000000e+00,0.000000e+00,4.125342e+08,6.306347e+10,-6.736301e+08,3.600002e+06,2.565503e+07,0.000000e+00,-1.871194e+02,2.829371e+09,1.116428e+10,-1.416449e+08,8.454360e+05,5.029555e+07,9.010000e+02,-1.675406e+02,-8.758197e+07,-7.976342e+02,6.318114e+03
9.441650e+00,8.805406e+09,7.946146e+10,-6.709240e+03,-7.944563e+04,-9.135000e+08,8.368966e+06,3.034788e-03,1.030900e+08,0.000000e+00,0.000000e+00,3.693000e+04,0.000000e+00,3.693000e+04,0.000000e+00,0.000000e+00,7.607135e+09,5.587935e-09,6.676972e-14,0.000000e+00,0.000000e+00,0.000000e+00,0.000000e+00,4.116372e+08,6.306436e+10,-6.736301e+08,3.600002e+06,2.566854e+07,0.000000e+00,-1.871194e+02,2.830359e+09,1.116324e+10,-1.416418e+08,8.454360e+05,5.032802e+07,9.010000e+02,-1.675370e+02,-8.758534e+07,-7.976342e+02,6.318114e+03
9.462898e+00,8.804983e+09,7.946097e+10,-6.621889e+03,-8.101240e+04,-9.135124e+08,8.368966e+06,3.035722e-03,1.038152e+08,0.000000e+00,0.000000e+00,9.340356e+04,0.000000e+00,9.340356e+04,0.000000e+00,0.000000e+00,7.609110e+09,5.587935e-09,6.676972e-14,0.000000e+00,0.000000e+00,0.000000e+00,0.000000e+00,4.101885e+08,6.306552e+10,-6.736284e+08,3.600002e+06,2.568353e+07,0.000000e+00,-1.871189e+02,2.829790e+09,1.116258e+10,-1.416384e+08,8.454360e+05,5.035793e+07,9.010000e+02,-1.675330e+02,-8.759102e+07,-7.976342e+02,6.318114e+03
9.481339e+00,8.806102e+09,7.945995e+10,-6.192695e+03,-8.195188e+04,-9.135229e+08,8.368966e+06,3.265017e-03,1.031172e+08,0.000000e+00,0.000000e+00,4.730408e+05,0.000000e+00,4.730408e+05,0.000000e+00,0.000000e+00,7.610908e+09,5.587935e-09,6.676972e-14,0.000000e+00,0.000000e+00,0.000000e+00,0.000000e+00,4.101528e+08,6.306543e+10,-6.736268e+08,3.600002e+06,2.569642e+07,0.000000e+00,-1.871185e+02,2.829531e+09,1.116237e+10,-1.416292e+08,8.454360e+05,5.039344e+07,9.010000e+02,-1.675221e+02,-8.760234e+07,-7.976342e+02,6.318114e+03
9.500683e+00,8.810037e+09,7.945590e+10,-5.639343e+03,-8.251116e+04,-9.135340e+08,8.368966e+06,3.033808e-03,1.034885e+08,0.000000e+00,0.000000e+00,2.777404e+05,0.000000e+00,2.777404e+05,0.000000e+00,0.000000e+00,7.612995e+09,5.587935e-09,6.676972e-14,0.000000e+00,0.000000e+00,0.000000e+00,0.000000e+00,4.115781e+08,6.306406e+10,-6.736264e+08,3.600002e+06,2.570873e+07,0.000000e+00,-1.871183e+02,2.830485e+09,1.116075e+10,-1.416210e+08,8.454360e+05,5.043236e+07,9.010000e+02,-1.675123e+02,-8.761016e+07,-7.976342e+02,6.318114e+03
9.521947e+00,8.814213e+09,7.945296e+10,-5.178978e+03,-8.303298e+04,-9.135468e+08,8.368966e+06,3.255449e-03,1.023670e+08,0.000000e+00,0.000000e+00,1.205589e+05,0.000000e+00,1.205589e+05,0.000000e+00,0.000000e+00,7.615299e+09,5.587935e-09,6.676972e-14,0.000000e+00,0.000000e+00,0.000000e+00,0.000000e+00,4.138812e+08,6.306180e+10,-6.736264e+08,3.600002e+06,2.572224e+07,0.000000e+00,-1.871183e+02,2.830680e+09,1.116096e+10,-1.416149e+08,8.454360e+05,5.047119e+07,9.010000e+02,-1.675052e+02,-8.761636e+07,-7.976342e+02,6.318114e+03
9.541483e+00,8.814793e+09,7.945112e+10,-4.844470e+03,-8.357261e+04,-9.135588e+08,8.368966e+06,3.049759e-03,1.034820e+08,0.000000e+00,0.000000e+00,9.836121e+04,0.000000e+00,9.836121e+04,0.000000e+00,0.000000e+00,7.617339e+09,5.587935e-09,6.676972e-14,0.000000e+00,0.000000e+00,0.000000e+00,0.000000e+00,4.141847e+08,6.306126e+10,-6.736264e+08,3.600002e+06,2.573401e+07,0.000000e+00,-1.871183e+02,2.829460e+09,1.116024e+10,-1.416065e+08,8.454360e+05,5.050626e+07,9.010000e+02,-1.674952e+02,-8.762531e+07,-7.976342e+02,6.318114e+03
9.560096e+00,8.815361e+09,7.945021e+10,-4.678403e+03,-8.405584e+04,-9.135699e+08,8.368966e+06,3.217036e-03,1.037017e+08,0.000000e+00,0.000000e+00,1.448592e+05,0.000000e+00,1.448592e+05,0.000000e+00,0.000000e+00,7.619272e+09,5.587935e-09,6.676972e-14,0.000000e+00,0.000000e+00,0.000000e+00,0.000000e+00,4.130564e+08,6.306228e+10,-6.736264e+08,3.600002e+06,2.574621e+07,0.000000e+00,-1.871183e+02,2.829619e+09,1.115917e+10,-1.415968e+08,8.454360e+05,5.053912e+07,9.010000e+02,-1.674837e+02,-8.763514e+07,-7.976342e+02,6.318114e+03
9.582611e+00,8.817646e+09,7.944840e+10,-4.647343e+03,-8.456338e+04,-9.135821e+08,8.368966e+06,3.215729e-03,1.032278e+08,0.000000e+00,0.000000e+00,1.182821e+05,0.000000e+00,1.182821e+05,0.000000e+00,0.000000e+00,7.621621e+09,5.587935e-09,6.676972e-14,0.000000e+00,0.000000e+00,0.000000e+00,0.000000e+00,4.120962e+08,6.306324e+10,-6.736264e+08,3.600002e+06,2.575987e+07,0.000000e+00,-1.871183e+02,2.830853e+09,1.115729e+10,-1.415843e+08,8.454360e+05,5.057614e+07,9.010000e+02,-1.674690e+02,-8.764737e+07,-7.976342e+02,6.318114e+03
9.601900e+00,8.820472e+09,7.944560e+10,-4.492317e+03,-8.508505e+04,-9.135916e+08,8.368966e+06,3.213409e-03,1.032307e+08,0.000000e+00,0.000000e+00,2.487824e+04,0.000000e+00,2.487824e+04,0.000000e+00,0.000000e+00,7.623727e+09,5.587935e-09,6.676972e-14,0.000000e+00,0.000000e+00,0.000000e+00,0.000000e+00,4.121195e+08,6.306327e+10,-6.736264e+08,3.600002e+06,2.577096e+07,0.000000e+00,-1.871183e+02,2.831963e+09,1.115521e+10,-1.415773e+08,8.454360e+05,5.061236e+07,9.010000e+02,-1.674607e+02,-8.765342e+07,-7.976342e+02,6.318114e+03
9.621174e+00,8.825279e+09,7.944048e+10,-4.310218e+03,-8.576629e+04,-9.135999e+08,8.368966e+06,3.210922e-03,1.034621e+08,0.000000e+00,0.000000e+00,4.143849e+04,0.000000e+00,4.143849e+04,0.000000e+00,0.000000e+00,7.625797e+09,5.587935e-09,6.676972e-14,0.000000e+00,0.000000e+00,0.000000e+00,0.000000e+00,4.137662e+08,6.306175e+10,-6.736264e+08,3.600002e+06,2.578306e+07,0.000000e+00,-1.871183e+02,2.833530e+09,1.115374e+10,-1.415759e+08,8.454360e+05,5.064758e+07,9.010000e+02,-1.674591e+02,-8.765406e+07,-7.976342e+02,6.318114e+03
9.640437e+00,8.830901e+09,7.943515e+10,-4.005991e+03,-8.672545e+04,-9.136077e+08,8.368966e+06,3.210055e-03,1.030460e+08,0.000000e+00,0.000000e+00,5.616693e+04,0.000000e+00,5.616693e+04,0.000000e+00,0.000000e+00,7.627874e+09,5.587935e-09,6.676972e-14,0.000000e+00,0.000000e+00,0.000000e+00,0.000000e+00,4.160484e+08,6.305951e+10,-6.736264e+08,3.600002e+06,2.579492e+07,0.000000e+00,-1.871183e+02,2.835361e+09,1.115181e+10,-1.415772e+08,8.454360e+05,5.067880e+07,9.010000e+02,-1.674606e+02,-8.765258e+07,-7.976342e+02,6.318114e+03
9.662903e+00,8.837133e+09,7.942948e+10,-3.496923e+03,-8.784166e+04,-9.136159e+08,8.368966e+06,3.207945e-03,1.024733e+08,0.000000e+00,0.000000e+00,9.408045e+04,0.000000e+00,9.408045e+04,0.000000e+00,0.000000e+00,7.630340e+09,5.587935e-09,6.676972e-14,0.000000e+00,0.000000e+00,0.000000e+00,0.000000e+00,4.182709e+08,6.305730e+10,-6.736264e+08,3.600002e+06,2.580866e+07,0.000000e+00,-1.871183e+02,2.837695e+09,1.115015e+10,-1.415793e+08,8.454360e+05,5.071218e+07,9.010000e+02,-1.674631e+02,-8.765054e+07,-7.976342e+02,6.292285e+03
9.682143e+00,8.839646e+09,7.942635e+10,-3.193735e+03,-8.871390e+04,-9.136220e+08,8.368966e+06,3.205090e-03,1.029997e+08,0.000000e+00,0.000000e+00,7.286421e+04,0.000000e+00,7.286421e+04,0.000000e+00,0.000000e+00,7.632302e+09,5.587935e-09,6.676972e-14,0.000000e+00,0.000000e+00,0.000000e+00,0.000000e+00,4.194345e+08,6.305607e+10,-6.736264e+08,3.600002e+06,2.581983e+07,0.000000e+00,-1.871183e+02,2.837630e+09,1.114951e+10,-1.415802e+08,8.454360e+05,5.074240e+07,9.010000e+02,-1.674641e+02,-8.764991e+07,-7.976342e+02,6.246341e+03
9.700697e+00,8.842019e+09,7.942404e+10,-2.885550e+03,-8.952609e+04,-9.136269e+08,8.368966e+06,2.679900e-03,1.028346e+08,0.000000e+00,0.000000e+00,7.570597e+04,0.000000e+00,7.570597e+04,0.000000e+00,0.000000e+00,7.634029e+09,5.587935e-09,6.676972e-14,0.000000e+00,0.000000e+00,0.000000e+00,0.000000e+00,4.202849e+08,6.305516e+10,-6.736264e+08,3.600002e+06,2.583090e+07,0.000000e+00,-1.871183e+02,2.837732e+09,1.114921e+10,-1.415783e+08,8.454360e+05,5.077246e+07,9.010000e+02,-1.674619e+02,-8.765231e+07,-7.976342e+02,6.234052e+03
9.722133e+00,8.845445e+09,7.942065e+10,-2.345245e+03,-9.037164e+04,-9.136316e+08,8.368966e+06,2.678965e-03,1.027810e+08,0.000000e+00,0.000000e+00,9.196787e+04,0.000000e+00,9.196787e+04,0.000000e+00,0.000000e+00,7.636166e+09,5.587935e-09,6.676972e-14,0.000000e+00,0.000000e+00,0.000000e+00,0.000000e+00,4.214719e+08,6.305400e+10,-6.736264e+08,3.600002e+06,2.584315e+07,0.000000e+00,-1.871183e+02,2.838414e+09,1.114841e+10,-1.415740e+08,8.454360e+05,5.080641e+07,9.010000e+02,-1.674568e+02,-8.765665e+07,-7.976342e+02,6.222992e+03
9.740878e+00,8.848148e+09,7.941811e+10,-1.813110e+03,-9.079670e+04,-9.136351e+08,8.368966e+06,2.678277e-03,1.025526e+08,0.000000e+00,0.000000e+00,9.369936e+04,0.000000e+00,9.369936e+04,0.000000e+00,0.000000e+00,7.638124e+09,5.587935e-09,6.676972e-14,0.000000e+00,0.000000e+00,0.000000e+00,0.000000e+00,4.228354e+08,6.305269e+10,-6.736264e+08,3.600002e+06,2.585396e+07,0.000000e+00,-1.871183e+02,2.838424e+09,1.114816e+10,-1.415698e+08,8.454360e+05,5.083599e+07,9.010000e+02,-1.674518e+02,-8.766098e+07,-7.976342e+02,6.213696e+03
9.762300e+00,8.850947e+09,7.941506e+10,-1.113147e+03,-9.068661e+04,-9.136387e+08,8.368966e+06,2.676764e-03,1.027148e+08,0.000000e+00,0.000000e+00,9.067362e+04,0.000000e+00,9.067362e+04,0.000000e+00,0.000000e+00,7.640309e+09,5.587935e-09,6.676972e-14,0.000000e+00,0.000000e+00,0.000000e+00,0.000000e+00,4.239874e+08,6.305152e+10,-6.736265e+08,3.600002e+06,2.586712e+07,0.000000e+00,-1.871183e+02,2.838455e+09,1.114747e+10,-1.415647e+08,8.454360e+05,5.086935e+07,9.010000e+02,-1.674458e+02,-8.766594e+07,-7.976342e+02,6.203854e+03
9.781042e+00,8.852392e+09,7.941333e+10,-4.382643e+02,-9.022588e+04,-9.136417e+08,8.368966e+06,2.677419e-03,1.029160e+08,0.000000e+00,0.000000e+00,9.845364e+04,0.000000e+00,9.845364e+04,0.000000e+00,0.000000e+00,7.642194e+09,5.587935e-09,6.676972e-14,0.000000e+00,0.000000e+00,0.000000e+00,0.000000e+00,4.240623e+08,6.305128e+10,-6.736265e+08,3.600002e+06,2.587719e+07,0.000000e+00,-1.871183e+02,2.838426e+09,1.114686e+10,-1.415616e+08,8.454360e+05,5.089476e+07,9.010000e+02,-1.674421e+02,-8.766878e+07,-7.976342e+02,6.206653e+03
9.802460e+00,8.853487e+09,7.941176e+10,6.670406e-01,-8.986241e+04,-9.136453e+08,8.368966e+06,2.676852e-03,1.033157e+08,0.000000e+00,0.000000e+00,1.361191e+05,0.000000e+00,1.361191e+05,0.000000e+00,0.000000e+00,7.644497e+09,5.587935e-09,6.676972e-14,0.000000e+00,0.000000e+00,0.000000e+00,0.000000e+00,4.226904e+08,6.305235e+10,-6.736265e+08,3.600002e+06,2.588908e+07,0.000000e+00,-1.871183e+02,2.839356e+09,1.114587e+10,-1.415605e+08,8.454360e+05,5.092676e+07,9.010000e+02,-1.674408e+02,-8.766963e+07,-7.976342e+02,6.199071e+03
9.821196e+00,8.855499e+09,7.941010e+10,1.035841e+02,-8.978021e+04,-9.136490e+08,8.368966e+06,2.676576e-03,1.029150e+08,0.000000e+00,0.000000e+00,1.647481e+05,0.000000e+00,1.647481e+05,0.000000e+00,0.000000e+00,7.646603e+09,5.587935e-09,6.676972e-14,0.000000e+00,0.000000e+00,0.000000e+00,0.000000e+00,4.221210e+08,6.305301e+10,-6.736265e+08,3.600002e+06,2.590109e+07,0.000000e+00,-1.871183e+02,2.840627e+09,1.114476e+10,-1.415603e+08,8.454360e+05,5.095671e+07,9.010000e+02,-1.674406e+02,-8.766982e+07,-7.976342e+02,6.192927e+03
9.842607e+00,8.859143e+09,7.940624e+10,-9.171436e+00,-8.983705e+04,-9.136535e+08,8.368966e+06,2.676798e-03,1.030350e+08,0.000000e+00,0.000000e+00,1.888939e+05,0.000000e+00,1.888939e+05,0.000000e+00,0.000000e+00,7.648901e+09,5.587935e-09,6.676972e-14,0.000000e+00,0.000000e+00,0.000000e+00,0.000000e+00,4.237202e+08,6.305176e+10,-6.736264e+08,3.600002e+06,2.591312e+07,0.000000e+00,-1.871183e+02,2.841174e+09,1.114347e+10,-1.415576e+08,8.454360e+05,5.098626e+07,9.010000e+02,-1.674375e+02,-8.767314e+07,-7.976342e+02,6.249992e+03
9.860357e+00,8.861514e+09,7.940348e+10,-2.549489e+02,-9.005885e+04,-9.136576e+08,8.368966e+06,2.581191e-03,1.032047e+08,0.000000e+00,0.000000e+00,2.671124e+05,0.000000e+00,2.671124e+05,0.000000e+00,0.000000e+00,7.650685e+09,5.587935e-09,6.676972e-14,0.000000e+00,0.000000e+00,0.000000e+00,0.000000e+00,4.242770e+08,6.305110e+10,-6.736263e+08,3.600002e+06,2.592365e+07,0.000000e+00,-1.871183e+02,2.841742e+09,1.114229e+10,-1.415528e+08,8.454360e+05,5.101236e+07,9.010000e+02,-1.674317e+02,-8.767818e+07,-8.617729e+02,6.339787e+03
9.880462e+00,8.863005e+09,7.940248e+10,-6.681233e+02,-9.027902e+04,-9.136628e+08,8.368966e+06,2.294572e-03,1.028031e+08,0.000000e+00,0.000000e+00,1.263785e+05,0.000000e+00,1.263785e+05,0.000000e+00,0.000000e+00,7.652740e+09,5.587935e-09,6.676972e-14,0.000000e+00,0.000000e+00,0.000000e+00,0.000000e+00,4.235648e+08,6.305171e+10,-6.736262e+08,3.600002e+06,2.593640e+07,0.000000e+00,-1.871183e+02,2.842380e+09,1.114173e+10,-1.415489e+08,8.454360e+05,5.104317e+07,9.010000e+02,-1.674272e+02,-8.768185e+07,-9.464787e+02,6.351451e+03
9.900033e+00,8.863247e+09,7.940242e+10,-1.072103e+03,-9.013802e+04,-9.136687e+08,8.368966e+06,2.540836e-03,1.026031e+08,0.000000e+00,0.000000e+00,9.743659e+04,0.000000e+00,9.743659e+04,0.000000e+00,0.000000e+00,7.654777e+09,5.587935e-09,6.676972e-14,0.000000e+00,0.000000e+00,0.000000e+00,0.000000e+00,4.218360e+08,6.305332e+10,-6.736261e+08,3.600002e+06,2.594704e+07,0.000000e+00,-1.871183e+02,2.842804e+09,1.114115e+10,-1.415458e+08,8.454360e+05,5.107333e+07,9.010000e+02,-1.674234e+02,-8.768510e+07,-1.000930e+03,6.345092e+03
9.920086e+00,8.862777e+09,7.940281e+10,-1.409266e+03,-8.954233e+04,-9.136756e+08,8.368966e+06,2.273117e-03,1.026116e+08,0.000000e+00,0.000000e+00,1.209791e+05,0.000000e+00,1.209791e+05,0.000000e+00,0.000000e+00,7.656823e+09,5.587935e-09,6.676972e-14,0.000000e+00,0.000000e+00,0.000000e+00,0.000000e+00,4.199601e+08,6.305519e+10,-6.736262e+08,3.600002e+06,2.595865e+07,0.000000e+00,-1.871183e+02,2.842719e+09,1.114112e+10,-1.415437e+08,8.454360e+05,5.110343e+07,9.010000e+02,-1.674209e+02,-8.768686e+07,-9.729199e+02,6.291927e+03
9.941094e+00,8.862110e+09,7.940313e+10,-1.807187e+03,-8.824301e+04,-9.136835e+08,8.368966e+06,2.676122e-03,1.028463e+08,0.000000e+00,0.000000e+00,1.098535e+05,0.000000e+00,1.098535e+05,0.000000e+00,0.000000e+00,7.658966e+09,5.587935e-09,6.676972e-14,0.000000e+00,0.000000e+00,0.000000e+00,0.000000e+00,4.184269e+08,6.305680e+10,-6.736260e+08,3.600002e+06,2.597083e+07,0.000000e+00,-1.871182e+02,2.842077e+09,1.114101e+10,-1.415427e+08,8.454360e+05,5.113610e+07,9.010000e+02,-1.674197e+02,-8.768802e+07,-9.590189e+02,6.469481e+03
9.962508e+00,8.861703e+09,7.940383e+10,-2.160786e+03,-8.689821e+04,-9.136920e+08,8.368966e+06,2.677845e-03,1.023507e+08,0.000000e+00,0.000000e+00,2.795442e+05,0.000000e+00,2.795442e+05,0.000000e+00,0.000000e+00,7.661130e+09,5.587935e-09,6.676972e-14,0.000000e+00,0.000000e+00,0.000000e+00,0.000000e+00,4.154600e+08,6.305968e+10,-6.736262e+08,3.600002e+06,2.598246e+07,0.000000e+00,-1.871183e+02,2.843071e+09,1.114016e+10,-1.415385e+08,8.454360e+05,5.116910e+07,9.010000e+02,-1.674149e+02,-8.769280e+07,-9.590189e+02,6.273412e+03
9.981842e+00,8.861399e+09,7.940393e+10,-2.215445e+03,-8.604041e+04,-9.136990e+08,8.368966e+06,3.001626e-03,1.021609e+08,0.000000e+00,0.000000e+00,4.988152e+05,0.000000e+00,4.988152e+05,0.000000e+00,0.000000e+00,7.663106e+09,5.587935e-09,6.676972e-14,0.000000e+00,0.000000e+00,0.000000e+00,0.000000e+00,4.121381e+08,6.306283e+10,-6.736263e+08,3.600002e+06,2.599363e+07,0.000000e+00,-1.871183e+02,2.844529e+09,1.113847e+10,-1.415317e+08,8.454360e+05,5.120051e+07,9.010000e+02,-1.674068e+02,-8.769938e+07,-9.677551e+02,6.219852e+03
1.000296e+01,8.861847e+09,7.940238e+10,-1.981701e+03,-8.544411e+04,-9.137055e+08,8.368966e+06,3.044592e-03,1.029237e+08,0.000000e+00,0.000000e+00,6.075793e+05,0.000000e+00,6.075793e+05,0.000000e+00,0.000000e+00,7.665239e+09,5.587935e-09,6.676972e-14,0.000000e+00,0.000000e+00,0.000000e+00,0.000000e+00,4.107091e+08,6.306443e+10,-6.736262e+08,3.600002e+06,2.600607e+07,0.000000e+00,-1.871183e+02,2.844834e+09,1.113647e+10,-1.415264e+08,8.454360e+05,5.123522e+07,9.010000e+02,-1.674005e+02,-8.770431e+07,-9.726701e+02,6.262024e+03
1.002123e+01,8.864086e+09,7.940030e+10,-1.588654e+03,-8.506498e+04,-9.137097e+08,8.368966e+06,3.043822e-03,1.029608e+08,0.000000e+00,0.000000e+00,2.203014e+05,0.000000e+00,2.203014e+05,0.000000e+00,0.000000e+00,7.667212e+09,5.587935e-09,6.676972e-14,0.000000e+00,0.000000e+00,0.000000e+00,0.000000e+00,4.107655e+08,6.306442e+10,-6.736263e+08,3.600002e+06,2.601642e+07,0.000000e+00,-1.871183e+02,2.845480e+09,1.113548e+10,-1.415241e+08,8.453104e+05,5.126765e+07,9.020000e+02,-1.674226e+02,-8.770650e+07,-9.726701e+02,6.197312e+03
1.004253e+01,8.866317e+09,7.939777e+10,-1.045154e+03,-8.413953e+04,-9.137126e+08,8.368966e+06,3.042901e-03,1.032505e+08,0.000000e+00,0.000000e+00,1.545638e+05,0.000000e+00,1.545638e+05,0.000000e+00,0.000000e+00,7.669578e+09,5.587935e-09,6.676972e-14,0.000000e+00,0.000000e+00,0.000000e+00,0.000000e+00,4.102950e+08,6.306487e+10,-6.736264e+08,3.600002e+06,2.602885e+07,0.000000e+00,-1.871183e+02,2.846560e+09,1.113393e+10,-1.415194e+08,8.453104e+05,5.130402e+07,9.020000e+02,-1.674171e+02,-8.771154e+07,-9.726701e+02,6.098819e+03
1.006079e+01,8.867719e+09,7.939666e+10,-4.721754e+02,-8.271733e+04,-9.137142e+08,8.368966e+06,3.042475e-03,1.027899e+08,0.000000e+00,0.000000e+00,2.244072e+05,0.000000e+00,2.244072e+05,0.000000e+00,0.000000e+00,7.671617e+09,5.587935e-09,6.676972e-14,0.000000e+00,0.000000e+00,0.000000e+00,0.000000e+00,4.094168e+08,6.306576e+10,-6.736264e+08,3.600002e+06,2.603915e+07,0.000000e+00,-1.871183e+02,2.847229e+09,1.113284e+10,-1.415121e+08,8.453104e+05,5.134136e+07,9.020000e+02,-1.674084e+02,-8.771935e+07,-9.726701e+02,6.069179e+03
1.008209e+01,8.869185e+09,7.939511e+10,3.362186e+02,-8.078030e+04,-9.137147e+08,8.368966e+06,3.042270e-03,1.028013e+08,0.000000e+00,0.000000e+00,1.761630e+05,0.000000e+00,1.761630e+05,0.000000e+00,0.000000e+00,7.673926e+09,5.587935e-09,6.676972e-14,0.000000e+00,0.000000e+00,0.000000e+00,0.000000e+00,4.088949e+08,6.306638e+10,-6.736264e+08,3.600002e+06,2.605128e+07,0.000000e+00,-1.871183e+02,2.847419e+09,1.113181e+10,-1.415038e+08,8.453104e+05,5.137748e+07,9.020000e+02,-1.673986e+02,-8.772710e+07,-9.726701e+02,6.056778e+03
1.010034e+01,8.871527e+09,7.939216e+10,9.523158e+02,-7.949556e+04,-9.137142e+08,8.368966e+06,3.042207e-03,1.032648e+08,0.000000e+00,0.000000e+00,2.096561e+05,0.000000e+00,2.096561e+05,0.000000e+00,0.000000e+00,7.675804e+09,5.587935e-09,6.676972e-14,0.000000e+00,0.000000e+00,0.000000e+00,0.000000e+00,4.095867e+08,6.306573e+10,-6.736264e+08,3.600002e+06,2.606142e+07,0.000000e+00,-1.871183e+02,2.847542e+09,1.113111e+10,-1.415007e+08,8.453104e+05,5.140676e+07,9.020000e+02,-1.673950e+02,-8.772945e+07,-9.726701e+02,6.048542e+03
1.012164e+01,8.874967e+09,7.938968e+10,1.879361e+03,-7.834673e+04,-9.137130e+08,8.368966e+06,3.041953e-03,1.023720e+08,0.000000e+00,0.000000e+00,9.867810e+04,0.000000e+00,9.867810e+04,0.000000e+00,0.000000e+00,7.677839e+09,5.587935e-09,6.676972e-14,0.000000e+00,0.000000e+00,0.000000e+00,0.000000e+00,4.102437e+08,6.306506e+10,-6.736264e+08,3.600002e+06,2.607328e+07,0.000000e+00,-1.871183e+02,2.848652e+09,1.113051e+10,-1.414997e+08,8.451848e+05,5.143848e+07,9.030000e+02,-1.674187e+02,-8.773061e+07,-9.726701e+02,6.042720e+03
1.014293e+01,8.876727e+09,7.938725e+10,2.820757e+03,-7.654671e+04,-9.137101e+08,8.368966e+06,3.042309e-03,1.027025e+08,0.000000e+00,0.000000e+00,2.831354e+05,0.000000e+00,2.831354e+05,0.000000e+00,0.000000e+00,7.679812e+09,5.587935e-09,6.676972e-14,0.000000e+00,0.000000e+00,0.000000e+00,0.000000e+00,4.096719e+08,6.306554e+10,-6.736264e+08,3.600002e+06,2.608494e+07,0.000000e+00,-1.871183e+02,2.849374e+09,1.112894e+10,-1.414947e+08,8.451848e+05,5.147424e+07,9.030000e+02,-1.674127e+02,-8.773638e+07,-9.726701e+02,6.039863e+03
1.016118e+01,8.878611e+09,7.938499e+10,3.463825e+03,-7.473438e+04,-9.137067e+08,8.368966e+06,3.042812e-03,1.030661e+08,0.000000e+00,0.000000e+00,2.205797e+05,0.000000e+00,2.205797e+05,0.000000e+00,0.000000e+00,7.681608e+09,5.587935e-09,6.676972e-14,0.000000e+00,0.000000e+00,0.000000e+00,0.000000e+00,4.095110e+08,6.306572e+10,-6.736264e+08,3.600002e+06,2.609437e+07,0.000000e+00,-1.871183e+02,2.850056e+09,1.112743e+10,-1.414884e+08,8.451848e+05,5.150104e+07,9.030000e+02,-1.674052e+02,-8.774258e+07,-9.726701e+02,6.049101e+03
1.018249e+01,8.881747e+09,7.938097e+10,4.031878e+03,-7.213073e+04,-9.137019e+08,8.368966e+06,3.043813e-03,1.032554e+08,0.000000e+00,0.000000e+00,6.819902e+05,0.000000e+00,6.819902e+05,0.000000e+00,0.000000e+00,7.683737e+09,5.587935e-09,6.676972e-14,0.000000e+00,0.000000e+00,0.000000e+00,0.000000e+00,4.099237e+08,6.306531e+10,-6.736264e+08,3.600002e+06,2.610614e+07,0.000000e+00,-1.871183e+02,2.851294e+09,1.112494e+10,-1.414774e+08,8.451848e+05,5.153868e+07,9.030000e+02,-1.673923e+02,-8.775484e+07,-9.726701e+02,6.047513e+03
1.020075e+01,8.885069e+09,7.937778e+10,4.508712e+03,-6.937602e+04,-9.136977e+08,8.368966e+06,3.044378e-03,1.032186e+08,0.000000e+00,0.000000e+00,5.334473e+05,0.000000e+00,5.334473e+05,0.000000e+00,0.000000e+00,7.685624e+09,5.587935e-09,6.676972e-14,0.000000e+00,0.000000e+00,0.000000e+00,0.000000e+00,4.100168e+08,6.306517e+10,-6.736264e+08,3.600002e+06,2.611584e+07,0.000000e+00,-1.871183e+02,2.853081e+09,1.112239e+10,-1.414659e+08,8.451848e+05,5.157144e+07,9.030000e+02,-1.673787e+02,-8.776554e+07,-9.726701e+02,6.036110e+03
1.022170e+01,8.888013e+09,7.937491e+10,4.954611e+03,-6.577601e+04,-9.136938e+08,8.368966e+06,2.651687e-03,1.033910e+08,0.000000e+00,0.000000e+00,2.174935e+05,0.000000e+00,2.174935e+05,0.000000e+00,0.000000e+00,7.687695e+09,5.587935e-09,6.676972e-14,0.000000e+00,0.000000e+00,0.000000e+00,0.000000e+00,4.100307e+08,6.306507e+10,-6.736264e+08,3.600002e+06,2.612647e+07,0.000000e+00,-1.871183e+02,2.854494e+09,1.112031e+10,-1.414584e+08,8.451848e+05,5.161409e+07,9.030000e+02,-1.673697e+02,-8.777232e+07,-9.854352e+02,6.041349e+03
1.024022e+01,8.889925e+09,7.937313e+10,5.228593e+03,-6.257943e+04,-9.136913e+08,8.368966e+06,2.636931e-03,1.033218e+08,0.000000e+00,0.000000e+00,6.411054e+04,0.000000e+00,6.411054e+04,0.000000e+00,0.000000e+00,7.689524e+09,5.587935e-09,6.676972e-14,0.000000e+00,0.000000e+00,0.000000e+00,0.000000e+00,4.102171e+08,6.306486e+10,-6.736264e+08,3.600002e+06,2.613630e+07,0.000000e+00,-1.871183e+02,2.854867e+09,1.111946e+10,-1.414550e+08,8.451848e+05,5.164676e+07,9.030000e+02,-1.673658e+02,-8.777570e+07,-1.031600e+03,6.108772e+03
1.026127e+01,8.892000e+09,7.937064e+10,5.576509e+03,-5.927739e+04,-9.136900e+08,8.368966e+06,2.621136e-03,1.036024e+08,0.000000e+00,0.000000e+00,6.072447e+04,0.000000e+00,6.072447e+04,0.000000e+00,0.000000e+00,7.691800e+09,5.587935e-09,6.676972e-14,0.000000e+00,0.000000e+00,0.000000e+00,0.000000e+00,4.104191e+08,6.306463e+10,-6.736263e+08,3.600002e+06,2.614689e+07,0.000000e+00,-1.871183e+02,2.855052e+09,1.111861e+10,-1.414515e+08,8.451848e+05,5.168776e+07,9.030000e+02,-1.673616e+02,-8.777922e+07,-1.045021e+03,6.136353e+03
1.028217e+01,8.894364e+09,7.936885e+10,5.780965e+03,-5.626649e+04,-9.136892e+08,8.368966e+06,2.602001e-03,1.029841e+08,0.000000e+00,0.000000e+00,8.711492e+04,0.000000e+00,8.711492e+04,0.000000e+00,0.000000e+00,7.694050e+09,5.587935e-09,6.676972e-14,0.000000e+00,0.000000e+00,0.000000e+00,0.000000e+00,4.102975e+08,6.306478e+10,-6.736264e+08,3.600002e+06,2.615775e+07,0.000000e+00,-1.871183e+02,2.855883e+09,1.111805e+10,-1.414480e+08,8.451848e+05,5.172342e+07,9.030000e+02,-1.673575e+02,-8.778257e+07,-1.023889e+03,6.062743e+03
1.030120e+01,8.895485e+09,7.936806e+10,5.715177e+03,-5.367214e+04,-9.136878e+08,8.368966e+06,2.678195e-03,1.025599e+08,0.000000e+00,0.000000e+00,1.308092e+05,0.000000e+00,1.308092e+05,0.000000e+00,0.000000e+00,7.696037e+09,5.587935e-09,6.676972e-14,0.000000e+00,0.000000e+00,0.000000e+00,0.000000e+00,4.098278e+08,6.306528e+10,-6.736264e+08,3.600002e+06,2.616744e+07,0.000000e+00,-1.871183e+02,2.855983e+09,1.111775e+10,-1.414444e+08,8.451848e+05,5.175501e+07,9.030000e+02,-1.673533e+02,-8.778628e+07,-1.023679e+03,6.010980e+03
1.032261e+01,8.895111e+09,7.936762e+10,5.402386e+03,-5.086293e+04,-9.136851e+08,8.368966e+06,2.676917e-03,1.032763e+08,0.000000e+00,0.000000e+00,1.237360e+05,0.000000e+00,1.237360e+05,0.000000e+00,0.000000e+00,7.698293e+09,5.587935e-09,6.676972e-14,0.000000e+00,0.000000e+00,0.000000e+00,0.000000e+00,4.073152e+08,6.306753e+10,-6.736263e+08,3.600002e+06,2.617738e+07,0.000000e+00,-1.871183e+02,2.856426e+09,1.111631e+10,-1.414390e+08,8.451848e+05,5.178985e+07,9.030000e+02,-1.673468e+02,-8.779208e+07,-1.023679e+03,6.170422e+03
1.034135e+01,8.894660e+09,7.936860e+10,4.972626e+03,-4.859868e+04,-9.136810e+08,8.368966e+06,2.678085e-03,1.027276e+08,0.000000e+00,0.000000e+00,9.318995e+04,0.000000e+00,9.318995e+04,0.000000e+00,0.000000e+00,7.700269e+09,5.587935e-09,6.676972e-14,0.000000e+00,0.000000e+00,0.000000e+00,0.000000e+00,4.040369e+08,6.307068e+10,-6.736263e+08,3.600002e+06,2.618656e+07,0.000000e+00,-1.871183e+02,2.857778e+09,1.111525e+10,-1.414339e+08,8.451848e+05,5.182082e+07,9.030000e+02,-1.673408e+02,-8.779694e+07,-1.023679e+03,6.167492e+03
1.036010e+01,8.895295e+09,7.936813e+10,4.466899e+03,-4.652535e+04,-9.136756e+08,8.368966e+06,2.948715e-03,1.025744e+08,0.000000e+00,0.000000e+00,4.749925e+04,0.000000e+00,4.749925e+04,0.000000e+00,0.000000e+00,7.702249e+09,5.587935e-09,6.676972e-14,0.000000e+00,0.000000e+00,0.000000e+00,0.000000e+00,4.019525e+08,6.307279e+10,-6.736263e+08,3.600002e+06,2.619596e+07,0.000000e+00,-1.871183e+02,2.859198e+09,1.111366e+10,-1.414308e+08,8.451848e+05,5.184991e+07,9.030000e+02,-1.673371e+02,-8.779981e+07,-1.023679e+03,6.168731e+03
1.038130e+01,8.897954e+09,7.936562e+10,3.833434e+03,-4.465812e+04,-9.136685e+08,8.368966e+06,3.044280e-03,1.023654e+08,0.000000e+00,0.000000e+00,5.031669e+04,0.000000e+00,5.031669e+04,0.000000e+00,0.000000e+00,7.704467e+09,5.587935e-09,6.676972e-14,0.000000e+00,0.000000e+00,0.000000e+00,0.000000e+00,4.018615e+08,6.307302e+10,-6.736262e+08,3.600002e+06,2.620714e+07,0.000000e+00,-1.871183e+02,2.860554e+09,1.111238e+10,-1.414279e+08,8.451848e+05,5.188466e+07,9.030000e+02,-1.673337e+02,-8.780284e+07,-1.023679e+03,6.190929e+03
1.040261e+01,8.899411e+09,7.936369e+10,3.292909e+03,-4.297171e+04,-9.136610e+08,8.368966e+06,3.044737e-03,1.027044e+08,0.000000e+00,0.000000e+00,4.646319e+04,0.000000e+00,4.646319e+04,0.000000e+00,0.000000e+00,7.706675e+09,5.587935e-09,6.676972e-14,0.000000e+00,0.000000e+00,0.000000e+00,0.000000e+00,4.021154e+08,6.307283e+10,-6.736262e+08,3.600002e+06,2.621743e+07,0.000000e+00,-1.871183e+02,2.860439e+09,1.111157e+10,-1.414243e+08,8.451848e+05,5.191892e+07,9.030000e+02,-1.673295e+02,-8.780641e+07,-1.023679e+03,6.177446e+03
1.042088e+01,8.899446e+09,7.936339e+10,3.027216e+03,-4.162958e+04,-9.136549e+08,8.368966e+06,3.044426e-03,1.029367e+08,0.000000e+00,0.000000e+00,4.579604e+04,0.000000e+00,4.579604e+04,0.000000e+00,0.000000e+00,7.708479e+09,5.587935e-09,6.676972e-14,0.000000e+00,0.000000e+00,0.000000e+00,0.000000e+00,4.006116e+08,6.307416e+10,-6.736263e+08,3.600002e+06,2.622538e+07,0.000000e+00,-1.871183e+02,2.860886e+09,1.111063e+10,-1.414208e+08,8.451848e+05,5.194825e+07,9.030000e+02,-1.673253e+02,-8.781010e+07,-1.023679e+03,6.153575e+03
1.044218e+01,8.899594e+09,7.936392e+10,2.751432e+03,-4.049374e+04,-9.136481e+08,8.368966e+06,3.042866e-03,1.022401e+08,0.000000e+00,0.000000e+00,5.294639e+04,0.000000e+00,5.294639e+04,0.000000e+00,0.000000e+00,7.710540e+09,5.587935e-09,6.676972e-14,0.000000e+00,0.000000e+00,0.000000e+00,0.000000e+00,3.986959e+08,6.307603e+10,-6.736264e+08,3.600002e+06,2.623566e+07,0.000000e+00,-1.871183e+02,2.861623e+09,1.111045e+10,-1.414158e+08,8.450592e+05,5.198096e+07,9.040000e+02,-1.673442e+02,-8.781504e+07,-1.023679e+03,6.102992e+03
1.046043e+01,8.900042e+09,7.936339e+10,2.502726e+03,-3.988789e+04,-9.136424e+08,8.368966e+06,3.040579e-03,1.022690e+08,0.000000e+00,0.000000e+00,5.692141e+04,0.000000e+00,5.692141e+04,0.000000e+00,0.000000e+00,7.712308e+09,5.587935e-09,6.676972e-14,0.000000e+00,0.000000e+00,0.000000e+00,0.000000e+00,3.983844e+08,6.307640e+10,-6.736263e+08,3.600002e+06,2.624363e+07,0.000000e+00,-1.871183e+02,2.861183e+09,1.111026e+10,-1.414123e+08,8.450592e+05,5.200940e+07,9.040000e+02,-1.673401e+02,-8.781843e+07,-1.023679e+03,6.140696e+03
1.048171e+01,8.900398e+09,7.936269e+10,2.180248e+03,-3.898425e+04,-9.136356e+08,8.368966e+06,3.038858e-03,1.025099e+08,0.000000e+00,0.000000e+00,6.669334e+04,0.000000e+00,6.669334e+04,0.000000e+00,0.000000e+00,7.714301e+09,5.587935e-09,6.676972e-14,0.000000e+00,0.000000e+00,0.000000e+00,0.000000e+00,3.981185e+08,6.307647e+10,-6.736262e+08,3.600002e+06,2.625291e+07,0.000000e+00,-1.871183e+02,2.860373e+09,1.111066e+10,-1.414090e+08,8.449336e+05,5.204084e+07,9.050000e+02,-1.673611e+02,-8.782162e+07,-1.023679e+03,6.180566e+03
1.050298e+01,8.900954e+09,7.936247e+10,1.696452e+03,-3.767808e+04,-9.136278e+08,8.368966e+06,3.038783e-03,1.021260e+08,0.000000e+00,0.000000e+00,7.469801e+04,0.000000e+00,7.469801e+04,0.000000e+00,0.000000e+00,7.716246e+09,5.587935e-09,6.676972e-14,0.000000e+00,0.000000e+00,0.000000e+00,0.000000e+00,3.976789e+08,6.307687e+10,-6.736263e+08,3.600002e+06,2.626346e+07,0.000000e+00,-1.871183e+02,2.859912e+09,1.111117e+10,-1.414063e+08,8.449336e+05,5.207216e+07,9.050000e+02,-1.673579e+02,-8.782423e+07,-1.023679e+03,6.148506e+03
1.052122e+01,8.903433e+09,7.935979e+10,1.146738e+03,-3.555052e+04,-9.136210e+08,8.368966e+06,3.039039e-03,1.023178e+08,0.000000e+00,0.000000e+00,6.645934e+04,0.000000e+00,6.645934e+04,0.000000e+00,0.000000e+00,7.717812e+09,5.587935e-09,6.676972e-14,0.000000e+00,0.000000e+00,0.000000e+00,0.000000e+00,3.994215e+08,6.307536e+10,-6.736263e+08,3.600002e+06,2.627141e+07,0.000000e+00,-1.871183e+02,2.859454e+09,1.111131e+10,-1.414044e+08,8.449336e+05,5.209846e+07,9.050000e+02,-1.673557e+02,-8.782610e+07,-1.023679e+03,6.110796e+03
1.054249e+01,8.907099e+09,7.935588e+10,5.495794e+02,-3.204170e+04,-9.136127e+08,8.368966e+06,3.039934e-03,1.024346e+08,0.000000e+00,0.000000e+00,8.302507e+04,0.000000e+00,8.302507e+04,0.000000e+00,0.000000e+00,7.719531e+09,5.587935e-09,6.676972e-14,0.000000e+00,0.000000e+00,0.000000e+00,0.000000e+00,4.023227e+08,6.307247e+10,-6.736263e+08,3.600002e+06,2.628003e+07,0.000000e+00,-1.871183e+02,2.858995e+09,1.111124e+10,-1.414018e+08,8.449336e+05,5.212900e+07,9.050000e+02,-1.673525e+02,-8.782886e+07,-1.023679e+03,6.172963e+03
1.056074e+01,8.910691e+09,7.935160e+10,1.117706e+02,-2.856395e+04,-9.136054e+08,8.368966e+06,3.041410e-03,1.030764e+08,0.000000e+00,0.000000e+00,7.400751e+04,0.000000e+00,7.400751e+04,0.000000e+00,0.000000e+00,7.721004e+09,5.587935e-09,6.676972e-14,0.000000e+00,0.000000e+00,0.000000e+00,0.000000e+00,4.045252e+08,6.307031e+10,-6.736262e+08,3.600002e+06,2.628838e+07,0.000000e+00,-1.871183e+02,2.859368e+09,1.111019e+10,-1.413997e+08,8.449336e+05,5.215499e+07,9.050000e+02,-1.673501e+02,-8.783088e+07,-1.023679e+03,6.223301e+03
1.058203e+01,8.916631e+09,7.934648e+10,-5.161985e+02,-2.457401e+04,-9.135962e+08,8.368966e+06,3.043385e-03,1.022257e+08,0.000000e+00,0.000000e+00,6.802742e+04,0.000000e+00,6.802742e+04,0.000000e+00,0.000000e+00,7.722793e+09,5.587935e-09,6.676972e-14,0.000000e+00,0.000000e+00,0.000000e+00,0.000000e+00,4.071402e+08,6.306775e+10,-6.736262e+08,3.600002e+06,2.629811e+07,0.000000e+00,-1.871183e+02,2.861545e+09,1.110880e+10,-1.413978e+08,8.449336e+05,5.218696e+07,9.050000e+02,-1.673479e+02,-8.783266e+07,-1.023679e+03,6.234514e+03
1.060030e+01,8.920700e+09,7.934255e+10,-1.206742e+03,-2.143760e+04,-9.135871e+08,8.368966e+06,3.044270e-03,1.020632e+08,0.000000e+00,0.000000e+00,7.554588e+04,0.000000e+00,7.554588e+04,0.000000e+00,0.000000e+00,7.724300e+09,5.587935e-09,6.676972e-14,0.000000e+00,0.000000e+00,0.000000e+00,0.000000e+00,4.083022e+08,6.306641e+10,-6.736262e+08,3.600002e+06,2.630555e+07,0.000000e+00,-1.871183e+02,2.863513e+09,1.110684e+10,-1.413965e+08,8.449336e+05,5.221286e+07,9.050000e+02,-1.673462e+02,-8.783413e+07,-1.023679e+03,6.216164e+03
1.062194e+01,8.922746e+09,7.933977e+10,-2.020704e+03,-1.786722e+04,-9.135759e+08,8.368966e+06,3.214045e-03,1.026312e+08,0.000000e+00,0.000000e+00,1.125083e+05,0.000000e+00,1.125083e+05,0.000000e+00,0.000000e+00,7.726252e+09,5.587935e-09,6.676972e-14,0.000000e+00,0.000000e+00,0.000000e+00,0.000000e+00,4.080739e+08,6.306644e+10,-6.736262e+08,3.600002e+06,2.631436e+07,0.000000e+00,-1.871183e+02,2.864728e+09,1.110494e+10,-1.413940e+08,8.449336e+05,5.224382e+07,9.050000e+02,-1.673433e+02,-8.783670e+07,-1.023679e+03,6.191167e+03
1.064053e+01,8.924976e+09,7.933727e+10,-2.842079e+03,-1.465023e+04,-9.135658e+08,8.368966e+06,3.035323e-03,1.027543e+08,0.000000e+00,0.000000e+00,1.362804e+05,0.000000e+00,1.362804e+05,0.000000e+00,0.000000e+00,7.728017e+09,5.587935e-09,6.676972e-14,0.000000e+00,0.000000e+00,0.000000e+00,0.000000e+00,4.085864e+08,6.306591e+10,-6.736262e+08,3.600002e+06,2.632335e+07,0.000000e+00,-1.871183e+02,2.865514e+09,1.110378e+10,-1.413904e+08,8.449336e+05,5.226907e+07,9.050000e+02,-1.673391e+02,-8.784053e+07,-1.023679e+03,6.190205e+03
1.066175e+01,8.929661e+09,7.933279e+10,-3.903072e+03,-1.086382e+04,-9.135539e+08,8.368966e+06,3.017517e-03,1.025547e+08,0.000000e+00,0.000000e+00,1.207589e+05,0.000000e+00,1.207589e+05,0.000000e+00,0.000000e+00,7.730084e+09,5.587935e-09,6.676972e-14,0.000000e+00,0.000000e+00,0.000000e+00,0.000000e+00,4.113011e+08,6.306346e+10,-6.736262e+08,3.600002e+06,2.633176e+07,0.000000e+00,-1.871183e+02,2.866362e+09,1.110262e+10,-1.413865e+08,8.449336e+05,5.229698e+07,9.050000e+02,-1.673345e+02,-8.784418e+07,-1.023679e+03,6.189173e+03
1.068046e+01,8.934429e+09,7.932854e+10,-4.714822e+03,-7.707121e+03,-9.135439e+08,8.368966e+06,3.076976e-03,1.020937e+08,0.000000e+00,0.000000e+00,5.920180e+04,0.000000e+00,5.920180e+04,0.000000e+00,0.000000e+00,7.731937e+09,5.587935e-09,6.676972e-14,0.000000e+00,0.000000e+00,0.000000e+00,0.000000e+00,4.141247e+08,6.306071e+10,-6.736262e+08,3.600002e+06,2.633937e+07,0.000000e+00,-1.871183e+02,2.867256e+09,1.110198e+10,-1.413840e+08,8.449336e+05,5.232134e+07,9.050000e+02,-1.673315e+02,-8.784654e+07,-1.023679e+03,6.189011e+03
1.070175e+01,8.938342e+09,7.932435e+10,-5.446541e+03,-4.326411e+03,-9.135335e+08,8.368966e+06,3.018799e-03,1.023325e+08,0.000000e+00,0.000000e+00,2.086677e+04,0.000000e+00,2.086677e+04,0.000000e+00,0.000000e+00,7.733995e+09,5.587935e-09,6.676972e-14,0.000000e+00,0.000000e+00,0.000000e+00,0.000000e+00,4.166406e+08,6.305814e+10,-6.736262e+08,3.600002e+06,2.634900e+07,0.000000e+00,-1.871183e+02,2.867471e+09,1.110128e+10,-1.413824e+08,8.449336e+05,5.234718e+07,9.050000e+02,-1.673296e+02,-8.784803e+07,-1.023679e+03,6.189641e+03
1.072264e+01,8.940062e+09,7.932282e+10,-5.957274e+03,-1.211891e+03,-9.135240e+08,8.368966e+06,2.680121e-03,1.019428e+08,0.000000e+00,0.000000e+00,1.576738e+05,0.000000e+00,1.576738e+05,0.000000e+00,0.000000e+00,7.735893e+09,5.587935e-09,6.676972e-14,0.000000e+00,0.000000e+00,0.000000e+00,0.000000e+00,4.171831e+08,6.305751e+10,-6.736262e+08,3.600002e+06,2.635735e+07,0.000000e+00,-1.871183e+02,2.867596e+09,1.110115e+10,-1.413800e+08,8.449336e+05,5.237355e+07,9.050000e+02,-1.673268e+02,-8.785083e+07,-1.023679e+03,6.198408e+03
1.074140e+01,8.940975e+09,7.932155e+10,-6.303209e+03,1.458774e+03,-9.135158e+08,8.368966e+06,2.679432e-03,1.020786e+08,0.000000e+00,0.000000e+00,3.214881e+05,0.000000e+00,3.214881e+05,0.000000e+00,0.000000e+00,7.737580e+09,5.587935e-09,6.676972e-14,0.000000e+00,0.000000e+00,0.000000e+00,0.000000e+00,4.165428e+08,6.305803e+10,-6.736262e+08,3.600002e+06,2.636528e+07,0.000000e+00,-1.871183e+02,2.868178e+09,1.110036e+10,-1.413749e+08,8.449336e+05,5.239738e+07,9.050000e+02,-1.673207e+02,-8.785646e+07,-1.023679e+03,6.215165e+03
1.076015e+01,8.941784e+09,7.932058e+10,-6.690038e+03,3.740897e+03,-9.135070e+08,8.368966e+06,2.679321e-03,1.021496e+08,0.000000e+00,0.000000e+00,3.702694e+05,0.000000e+00,3.702694e+05,0.000000e+00,0.000000e+00,7.739305e+09,5.587935e-09,6.676972e-14,0.000000e+00,0.000000e+00,0.000000e+00,0.000000e+00,4.162804e+08,6.305830e+10,-6.736262e+08,3.600002e+06,2.637363e+07,0.000000e+00,-1.871183e+02,2.868204e+09,1.109971e+10,-1.413676e+08,8.449336e+05,5.242046e+07,9.050000e+02,-1.673121e+02,-8.786372e+07,-1.023679e+03,6.177468e+03
1.078026e+01,8.943440e+09,7.931851e+10,-7.224187e+03,5.664621e+03,-9.134967e+08,8.368966e+06,2.661163e-03,1.025681e+08,0.000000e+00,0.000000e+00,2.728793e+05,0.000000e+00,2.728793e+05,0.000000e+00,0.000000e+00,7.741240e+09,5.587935e-09,6.676972e-14,0.000000e+00,0.000000e+00,0.000000e+00,0.000000e+00,4.171301e+08,6.305754e+10,-6.736263e+08,3.600002e+06,2.638219e+07,0.000000e+00,-1.871183e+02,2.867843e+09,1.109898e+10,-1.413604e+08,8.448079e+05,5.244642e+07,9.060000e+02,-1.673284e+02,-8.787082e+07,-1.023679e+03,6.176145e+03
1.080154e+01,8.945275e+09,7.931639e+10,-8.022685e+03,7.044253e+03,-9.134844e+08,8.368966e+06,2.660218e-03,1.029008e+08,0.000000e+00,0.000000e+00,1.567704e+05,0.000000e+00,1.567704e+05,0.000000e+00,0.000000e+00,7.743443e+09,5.587935e-09,6.676972e-14,0.000000e+00,0.000000e+00,0.000000e+00,0.000000e+00,4.172646e+08,6.305742e+10,-6.736263e+08,3.600002e+06,2.639089e+07,0.000000e+00,-1.871183e+02,2.868282e+09,1.109752e+10,-1.413531e+08,8.448079e+05,5.247307e+07,9.060000e+02,-1.673198e+02,-8.787806e+07,-1.023679e+03,6.173788e+03
1.082016e+01,8.945827e+09,7.931653e+10,-8.906682e+03,8.590801e+03,-9.134729e+08,8.368966e+06,2.660300e-03,1.022908e+08,0.000000e+00,0.000000e+00,7.615340e+04,0.000000e+00,7.615340e+04,0.000000e+00,0.000000e+00,7.745274e+09,5.587935e-09,6.676972e-14,0.000000e+00,0.000000e+00,0.000000e+00,0.000000e+00,4.160243e+08,6.305863e+10,-6.736262e+08,3.600002e+06,2.639904e+07,0.000000e+00,-1.871183e+02,2.868938e+09,1.109690e+10,-1.413479e+08,8.448079e+05,5.249640e+07,9.060000e+02,-1.673136e+02,-8.788301e+07,-1.023679e+03,6.190673e+03
1.084145e+01,8.944887e+09,7.931788e+10,-9.821956e+03,1.213573e+04,-9.134594e+08,8.368966e+06,2.660666e-03,1.018636e+08,0.000000e+00,0.000000e+00,3.458503e+04,0.000000e+00,3.458503e+04,0.000000e+00,0.000000e+00,7.747193e+09,5.587935e-09,6.676972e-14,0.000000e+00,0.000000e+00,0.000000e+00,0.000000e+00,4.136190e+08,6.306095e+10,-6.736262e+08,3.600002e+06,2.640744e+07,0.000000e+00,-1.871183e+02,2.869112e+09,1.109659e+10,-1.413438e+08,8.448079e+05,5.252317e+07,9.060000e+02,-1.673088e+02,-8.788701e+07,-1.023679e+03,6.217908e+03
1.086007e+01,8.943783e+09,7.931832e+10,-1.051612e+04,1.654107e+04,-9.134474e+08,8.368966e+06,2.661231e-03,1.024307e+08,0.000000e+00,0.000000e+00,3.736250e+04,0.000000e+00,3.736250e+04,0.000000e+00,0.000000e+00,7.748849e+09,5.587935e-09,6.676972e-14,0.000000e+00,0.000000e+00,0.000000e+00,0.000000e+00,4.121087e+08,6.306247e+10,-6.736262e+08,3.600002e+06,2.641607e+07,0.000000e+00,-1.871183e+02,2.868374e+09,1.109671e+10,-1.413411e+08,8.448079e+05,5.254704e+07,9.060000e+02,-1.673056e+02,-8.788974e+07,-1.023679e+03,6.216625e+03
1.088137e+01,8.945392e+09,7.931670e+10,-1.122157e+04,2.209405e+04,-9.134336e+08,8.368966e+06,2.661881e-03,1.022886e+08,0.000000e+00,0.000000e+00,1.164489e+05,0.000000e+00,1.164489e+05,0.000000e+00,0.000000e+00,7.750696e+09,5.587935e-09,6.676972e-14,0.000000e+00,0.000000e+00,0.000000e+00,0.000000e+00,4.131501e+08,6.306165e+10,-6.736262e+08,3.600002e+06,2.642490e+07,0.000000e+00,-1.871183e+02,2.867664e+09,1.109683e+10,-1.413371e+08,8.448079e+05,5.257385e+07,9.060000e+02,-1.673009e+02,-8.789358e+07,-1.023679e+03,6.207361e+03
1.090103e+01,8.948041e+09,7.931423e+10,-1.176310e+04,2.674889e+04,-9.134205e+08,8.368966e+06,3.044247e-03,1.021780e+08,0.000000e+00,0.000000e+00,4.690389e+04,0.000000e+00,4.690389e+04,0.000000e+00,0.000000e+00,7.752303e+09,5.587935e-09,6.676972e-14,0.000000e+00,0.000000e+00,0.000000e+00,0.000000e+00,4.148189e+08,6.306000e+10,-6.736262e+08,3.600002e+06,2.643247e+07,0.000000e+00,-1.871183e+02,2.867588e+09,1.109684e+10,-1.413353e+08,8.446824e+05,5.259823e+07,9.070000e+02,-1.673236e+02,-8.789522e+07,-1.023679e+03,6.206561e+03
1.092234e+01,8.949350e+09,7.931231e+10,-1.232964e+04,3.075159e+04,-9.134052e+08,8.368966e+06,3.044632e-03,1.022634e+08,0.000000e+00,0.000000e+00,4.202263e+05,0.000000e+00,4.202263e+05,0.000000e+00,0.000000e+00,7.753899e+09,5.587935e-09,6.676972e-14,0.000000e+00,0.000000e+00,0.000000e+00,0.000000e+00,4.153187e+08,6.305937e+10,-6.736262e+08,3.600002e+06,2.644164e+07,0.000000e+00,-1.871183e+02,2.867349e+09,1.109631e+10,-1.413280e+08,8.446824e+05,5.262839e+07,9.070000e+02,-1.673150e+02,-8.790374e+07,-1.023679e+03,6.205115e+03
1.094061e+01,8.951474e+09,7.931014e+10,-1.289881e+04,3.375475e+04,-9.133907e+08,8.368966e+06,3.044089e-03,1.024025e+08,0.000000e+00,0.000000e+00,2.569483e+05,0.000000e+00,2.569483e+05,0.000000e+00,0.000000e+00,7.755293e+09,5.587935e-09,6.676972e-14,0.000000e+00,0.000000e+00,0.000000e+00,0.000000e+00,4.161798e+08,6.305854e+10,-6.736262e+08,3.600002e+06,2.644943e+07,0.000000e+00,-1.871183e+02,2.867605e+09,1.109535e+10,-1.413210e+08,8.446824e+05,5.265488e+07,9.070000e+02,-1.673067e+02,-8.791014e+07,-1.023679e+03,6.204089e+03
1.096192e+01,8.955458e+09,7.930617e+10,-1.360505e+04,3.754598e+04,-9.133712e+08,8.368966e+06,3.044418e-03,1.024667e+08,0.000000e+00,0.000000e+00,1.002684e+05,0.000000e+00,1.002684e+05,0.000000e+00,0.000000e+00,7.756908e+09,5.587935e-09,6.676972e-14,0.000000e+00,0.000000e+00,0.000000e+00,0.000000e+00,4.179877e+08,6.305677e+10,-6.736262e+08,3.600002e+06,2.645790e+07,0.000000e+00,-1.871183e+02,2.868652e+09,1.109398e+10,-1.413166e+08,8.446824e+05,5.269063e+07,9.070000e+02,-1.673015e+02,-8.791414e+07,-1.023679e+03,6.204182e+03
1.098018e+01,8.959151e+09,7.930280e+10,-1.405839e+04,4.116164e+04,-9.133523e+08,8.368966e+06,3.044631e-03,1.020944e+08,0.000000e+00,0.000000e+00,1.343127e+05,0.000000e+00,1.343127e+05,0.000000e+00,0.000000e+00,7.758368e+09,5.587935e-09,6.676972e-14,0.000000e+00,0.000000e+00,0.000000e+00,0.000000e+00,4.196092e+08,6.305513e+10,-6.736259e+08,3.600002e+06,2.646540e+07,0.000000e+00,-1.871182e+02,2.869804e+09,1.109303e+10,-1.413151e+08,8.446824e+05,5.271826e+07,9.070000e+02,-1.672997e+02,-8.791566e+07,-1.023679e+03,6.206085e+03
1.100150e+01,8.962339e+09,7.929934e+10,-1.453240e+04,4.514890e+04,-9.133277e+08,8.368966e+06,3.045190e-03,1.022357e+08,0.000000e+00,0.000000e+00,1.386302e+05,0.000000e+00,1.386302e+05,0.000000e+00,0.000000e+00,7.760190e+09,5.587935e-09,6.676972e-14,0.000000e+00,0.000000e+00,0.000000e+00,0.000000e+00,4.206100e+08,6.305376e+10,-6.736247e+08,3.600002e+06,2.647376e+07,0.000000e+00,-1.871179e+02,2.870871e+09,1.109176e+10,-1.413162e+08,8.446824e+05,5.275186e+07,9.070000e+02,-1.673010e+02,-8.791555e+07,-1.023679e+03,6.231723e+03
1.102264e+01,8.963411e+09,7.929761e+10,-1.499743e+04,4.824221e+04,-9.133019e+08,8.368966e+06,3.020197e-03,1.028459e+08,0.000000e+00,0.000000e+00,8.597451e+04,0.000000e+00,8.597451e+04,0.000000e+00,0.000000e+00,7.761939e+09,5.587935e-09,6.676972e-14,0.000000e+00,0.000000e+00,0.000000e+00,0.000000e+00,4.200767e+08,6.305400e+10,-6.736241e+08,3.600002e+06,2.648258e+07,0.000000e+00,-1.871177e+02,2.871402e+09,1.109074e+10,-1.413177e+08,8.446824e+05,5.278332e+07,9.070000e+02,-1.673027e+02,-8.791465e+07,-1.023679e+03,6.263608e+03
1.104087e+01,8.964751e+09,7.929644e+10,-1.524925e+04,5.054862e+04,-9.132794e+08,8.368966e+06,3.021383e-03,1.026944e+08,0.000000e+00,0.000000e+00,4.702879e+04,0.000000e+00,4.702879e+04,0.000000e+00,0.000000e+00,7.763426e+09,5.587935e-09,6.676972e-14,0.000000e+00,0.000000e+00,0.000000e+00,0.000000e+00,4.198005e+08,6.305430e+10,-6.736241e+08,3.600002e+06,2.648979e+07,0.000000e+00,-1.871177e+02,2.872098e+09,1.109041e+10,-1.413183e+08,8.446824e+05,5.281104e+07,9.070000e+02,-1.673034e+02,-8.791430e+07,-1.023679e+03,6.255837e+03
1.106122e+01,8.967700e+09,7.929424e+10,-1.531613e+04,5.294044e+04,-9.132541e+08,8.368966e+06,3.027620e-03,1.019538e+08,0.000000e+00,0.000000e+00,2.208095e+04,0.000000e+00,2.208095e+04,0.000000e+00,0.000000e+00,7.765087e+09,5.587935e-09,6.676972e-14,0.000000e+00,0.000000e+00,0.000000e+00,0.000000e+00,4.206405e+08,6.305362e+10,-6.736241e+08,3.600002e+06,2.649786e+07,0.000000e+00,-1.871177e+02,2.873140e+09,1.108980e+10,-1.413172e+08,8.446824e+05,5.284128e+07,9.070000e+02,-1.673022e+02,-8.791543e+07,-1.023679e+03,6.239621e+03
1.108245e+01,8.971149e+09,7.929065e+10,-1.534762e+04,5.512207e+04,-9.132281e+08,8.368966e+06,3.070304e-03,1.020382e+08,0.000000e+00,0.000000e+00,1.927272e+03,0.000000e+00,1.927272e+03,0.000000e+00,0.000000e+00,7.766721e+09,5.587935e-09,6.676972e-14,0.000000e+00,0.000000e+00,0.000000e+00,0.000000e+00,4.229260e+08,6.305149e+10,-6.736241e+08,3.600002e+06,2.650660e+07,0.000000e+00,-1.871177e+02,2.873249e+09,1.108934e+10,-1.413165e+08,8.446824e+05,5.287109e+07,9.070000e+02,-1.673014e+02,-8.791594e+07,-1.023679e+03,6.240204e+03
1.110103e+01,8.973515e+09,7.928815e+10,-1.547617e+04,5.654000e+04,-9.132057e+08,8.368966e+06,3.225704e-03,1.021023e+08,0.000000e+00,0.000000e+00,1.113376e+04,0.000000e+00,1.113376e+04,0.000000e+00,0.000000e+00,7.768134e+09,5.587935e-09,6.676972e-14,0.000000e+00,0.000000e+00,0.000000e+00,0.000000e+00,4.240802e+08,6.305015e+10,-6.736241e+08,3.600002e+06,2.651320e+07,0.000000e+00,-1.871177e+02,2.873531e+09,1.108902e+10,-1.413163e+08,8.446824e+05,5.289742e+07,9.070000e+02,-1.673011e+02,-8.791645e+07,-1.023679e+03,6.240249e+03
1.112038e+01,8.975169e+09,7.928637e+10,-1.570313e+04,5.754019e+04,-9.131829e+08,8.368966e+06,3.225775e-03,1.021818e+08,0.000000e+00,0.000000e+00,1.106638e+04,0.000000e+00,1.106638e+04,0.000000e+00,0.000000e+00,7.769631e+09,5.587935e-09,6.676972e-14,0.000000e+00,0.000000e+00,0.000000e+00,0.000000e+00,4.242224e+08,6.304985e+10,-6.736241e+08,3.600002e+06,2.652084e+07,0.000000e+00,-1.871177e+02,2.874126e+09,1.108838e+10,-1.413148e+08,8.446824e+05,5.292521e+07,9.070000e+02,-1.672993e+02,-8.791783e+07,-1.023679e+03,6.240249e+03
1.114302e+01,8.977336e+09,7.928435e+10,-1.612838e+04,5.848966e+04,-9.131572e+08,8.368966e+06,3.282644e-03,1.019487e+08,0.000000e+00,0.000000e+00,6.373234e+04,0.000000e+00,6.373234e+04,0.000000e+00,0.000000e+00,7.771329e+09,5.587935e-09,6.676972e-14,0.000000e+00,0.000000e+00,0.000000e+00,0.000000e+00,4.246228e+08,6.304953e+10,-6.736241e+08,3.600002e+06,2.652977e+07,0.000000e+00,-1.871177e+02,2.874899e+09,1.108762e+10,-1.413139e+08,8.446824e+05,5.295598e+07,9.070000e+02,-1.672983e+02,-8.791870e+07,-1.023679e+03,6.240249e+03
1.116274e+01,8.978750e+09,7.928260e+10,-1.685197e+04,5.935338e+04,-9.131356e+08,8.368966e+06,3.292615e-03,1.019888e+08,0.000000e+00,0.000000e+00,2.343140e+05,0.000000e+00,2.343140e+05,0.000000e+00,0.000000e+00,7.772762e+09,5.587935e-09,6.676972e-14,0.000000e+00,0.000000e+00,0.000000e+00,0.000000e+00,4.251179e+08,6.304908e+10,-6.736241e+08,3.600002e+06,2.653763e+07,0.000000e+00,-1.871177e+02,2.874919e+09,1.108736e+10,-1.413121e+08,8.446824e+05,5.298327e+07,9.070000e+02,-1.672961e+02,-8.792096e+07,-1.023679e+03,6.240249e+03
1.118251e+01,8.979418e+09,7.928183e+10,-1.783909e+04,6.018892e+04,-9.131146e+08,8.368966e+06,3.295485e-03,1.019220e+08,0.000000e+00,0.000000e+00,3.571518e+05,0.000000e+00,3.571518e+05,0.000000e+00,0.000000e+00,7.774285e+09,5.587935e-09,6.676972e-14,0.000000e+00,0.000000e+00,0.000000e+00,0.000000e+00,4.245020e+08,6.304956e+10,-6.736241e+08,3.600002e+06,2.654520e+07,0.000000e+00,-1.871177e+02,2.875216e+09,1.108657e+10,-1.413080e+08,8.446824e+05,5.301072e+07,9.070000e+02,-1.672912e+02,-8.792526e+07,-1.023679e+03,6.240249e+03
1.120229e+01,8.979321e+09,7.928208e+10,-1.873885e+04,6.132614e+04,-9.130943e+08,8.368966e+06,3.298454e-03,1.018460e+08,0.000000e+00,0.000000e+00,2.994464e+05,0.000000e+00,2.994464e+05,0.000000e+00,0.000000e+00,7.775923e+09,5.587935e-09,6.676972e-14,0.000000e+00,0.000000e+00,0.000000e+00,0.000000e+00,4.227300e+08,6.305126e+10,-6.736241e+08,3.600002e+06,2.655282e+07,0.000000e+00,-1.871177e+02,2.875901e+09,1.108573e+10,-1.413034e+08,8.446824e+05,5.303715e+07,9.070000e+02,-1.672858e+02,-8.792985e+07,-1.023679e+03,6.240249e+03
1.122207e+01,8.977906e+09,7.928349e+10,-1.925815e+04,6.307682e+04,-9.130739e+08,8.368966e+06,3.296410e-03,1.019305e+08,0.000000e+00,0.000000e+00,1.546205e+05,0.000000e+00,1.546205e+05,0.000000e+00,0.000000e+00,7.777512e+09,5.587935e-09,6.676972e-14,0.000000e+00,0.000000e+00,0.000000e+00,0.000000e+00,4.200698e+08,6.305384e+10,-6.736241e+08,3.600002e+06,2.655966e+07,0.000000e+00,-1.871177e+02,2.876145e+09,1.108496e+10,-1.412987e+08,8.446824e+05,5.306354e+07,9.070000e+02,-1.672802e+02,-8.793450e+07,-1.023679e+03,6.240249e+03
1.124184e+01,8.975769e+09,7.928505e+10,-1.946711e+04,6.525670e+04,-9.130528e+08,8.368966e+06,3.291376e-03,1.025098e+08,0.000000e+00,0.000000e+00,1.980661e+04,0.000000e+00,1.980661e+04,0.000000e+00,0.000000e+00,7.779015e+09,5.587935e-09,6.676972e-14,0.000000e+00,0.000000e+00,0.000000e+00,0.000000e+00,4.169655e+08,6.305688e+10,-6.736241e+08,3.600002e+06,2.656722e+07,0.000000e+00,-1.871177e+02,2.876066e+09,1.108411e+10,-1.412959e+08,8.446824e+05,5.309032e+07,9.070000e+02,-1.672769e+02,-8.793678e+07,-1.023679e+03,6.240249e+03
1.126157e+01,8.975115e+09,7.928552e+10,-1.942859e+04,6.722814e+04,-9.130306e+08,8.368966e+06,3.283508e-03,1.025446e+08,0.000000e+00,0.000000e+00,6.897607e+04,0.000000e+00,6.897607e+04,0.000000e+00,0.000000e+00,7.780583e+09,5.587935e-09,6.676972e-14,0.000000e+00,0.000000e+00,0.000000e+00,0.000000e+00,4.147701e+08,6.305913e+10,-6.736241e+08,3.600002e+06,2.657529e+07,0.000000e+00,-1.871177e+02,2.876589e+09,1.108343e+10,-1.412941e+08,8.446824e+05,5.311727e+07,9.070000e+02,-1.672749e+02,-8.793864e+07,-1.023679e+03,6.240249e+03
1.128124e+01,8.976023e+09,7.928515e+10,-1.912844e+04,6.866899e+04,-9.130073e+08,8.368966e+06,3.270652e-03,1.020318e+08,0.000000e+00,0.000000e+00,4.456247e+04,0.000000e+00,4.456247e+04,0.000000e+00,0.000000e+00,7.782245e+09,5.587935e-09,6.676972e-14,0.000000e+00,0.000000e+00,0.000000e+00,0.000000e+00,4.135709e+08,6.306041e+10,-6.736241e+08,3.600002e+06,2.658290e+07,0.000000e+00,-1.871177e+02,2.877637e+09,1.108269e+10,-1.412922e+08,8.446824e+05,5.314366e+07,9.070000e+02,-1.672725e+02,-8.794077e+07,-1.023679e+03,6.240249e+03
1.130083e+01,8.977484e+09,7.928404e+10,-1.864163e+04,6.950254e+04,-9.129831e+08,8.368966e+06,3.256135e-03,1.015648e+08,0.000000e+00,0.000000e+00,1.442507e+05,0.000000e+00,1.442507e+05,0.000000e+00,0.000000e+00,7.783892e+09,5.587935e-09,6.676972e-14,0.000000e+00,0.000000e+00,0.000000e+00,0.000000e+00,4.131010e+08,6.306100e+10,-6.736241e+08,3.600002e+06,2.658935e+07,0.000000e+00,-1.871177e+02,2.878500e+09,1.108187e+10,-1.412886e+08,8.446824e+05,5.317084e+07,9.070000e+02,-1.672683e+02,-8.794450e+07,-1.023679e+03,6.240249e+03
1.132033e+01,8.977777e+09,7.928341e+10,-1.798244e+04,7.003467e+04,-9.129576e+08,8.368966e+06,3.243166e-03,1.018802e+08,0.000000e+00,0.000000e+00,8.266348e+04,0.000000e+00,8.266348e+04,0.000000e+00,0.000000e+00,7.785473e+09,5.587935e-09,6.676972e-14,0.000000e+00,0.000000e+00,0.000000e+00,0.000000e+00,4.123169e+08,6.306175e+10,-6.736241e+08,3.600002e+06,2.659676e+07,0.000000e+00,-1.871177e+02,2.878570e+09,1.108123e+10,-1.412859e+08,8.446824e+05,5.319847e+07,9.070000e+02,-1.672651e+02,-8.794683e+07,-1.023679e+03,6.240249e+03
1.134298e+01,8.977398e+09,7.928331e+10,-1.717599e+04,7.077617e+04,-9.129263e+08,8.368966e+06,3.226320e-03,1.022259e+08,0.000000e+00,0.000000e+00,9.550369e+04,0.000000e+00,9.550369e+04,0.000000e+00,0.000000e+00,7.787218e+09,5.587935e-09,6.676972e-14,0.000000e+00,0.000000e+00,0.000000e+00,0.000000e+00,4.107838e+08,6.306317e+10,-6.736241e+08,3.600002e+06,2.660546e+07,0.000000e+00,-1.871177e+02,2.878778e+09,1.108068e+10,-1.412840e+08,8.446824e+05,5.323254e+07,9.070000e+02,-1.672629e+02,-8.794866e+07,-1.023679e+03,6.240249e+03
1.136212e+01,8.977272e+09,7.928366e+10,-1.674840e+04,7.136566e+04,-9.128981e+08,8.368966e+06,3.021356e-03,1.019656e+08,0.000000e+00,0.000000e+00,9.369909e+04,0.000000e+00,9.369909e+04,0.000000e+00,0.000000e+00,7.788668e+09,5.587935e-09,6.676972e-14,0.000000e+00,0.000000e+00,0.000000e+00,0.000000e+00,4.094044e+08,6.306451e+10,-6.736241e+08,3.600002e+06,2.661239e+07,0.000000e+00,-1.871177e+02,2.879227e+09,1.108038e+10,-1.412827e+08,8.446824e+05,5.326074e+07,9.070000e+02,-1.672614e+02,-8.795001e+07,-1.023679e+03,6.240249e+03
1.138025e+01,8.977656e+09,7.928318e+10,-1.667426e+04,7.104926e+04,-9.128697e+08,8.368966e+06,3.031046e-03,1.020644e+08,0.000000e+00,0.000000e+00,5.661408e+04,0.000000e+00,5.661408e+04,0.000000e+00,0.000000e+00,7.790097e+09,5.587935e-09,6.676972e-14,0.000000e+00,0.000000e+00,0.000000e+00,0.000000e+00,4.091361e+08,6.306488e+10,-6.736241e+08,3.600002e+06,2.661974e+07,0.000000e+00,-1.871177e+02,2.879061e+09,1.108027e+10,-1.412813e+08,8.446824e+05,5.328759e+07,9.070000e+02,-1.672597e+02,-8.795136e+07,-1.023679e+03,6.240249e+03
1.140221e+01,8.978724e+09,7.928191e+10,-1.687809e+04,6.945785e+04,-9.128335e+08,8.368966e+06,3.024212e-03,1.021709e+08,0.000000e+00,0.000000e+00,5.950090e+04,0.000000e+00,5.950090e+04,0.000000e+00,0.000000e+00,7.791813e+09,5.587935e-09,6.676972e-14,0.000000e+00,0.000000e+00,0.000000e+00,0.000000e+00,4.099066e+08,6.306415e+10,-6.736241e+08,3.600002e+06,2.662760e+07,0.000000e+00,-1.871177e+02,2.878337e+09,1.108067e+10,-1.412807e+08,8.446824e+05,5.331972e+07,9.070000e+02,-1.672589e+02,-8.795193e+07,-1.023679e+03,6.240249e+03
1.142037e+01,8.980010e+09,7.928067e+10,-1.723790e+04,6.805523e+04,-9.128032e+08,8.368966e+06,3.029896e-03,1.021406e+08,0.000000e+00,0.000000e+00,1.310743e+04,0.000000e+00,1.310743e+04,0.000000e+00,0.000000e+00,7.793151e+09,5.587935e-09,6.676972e-14,0.000000e+00,0.000000e+00,0.000000e+00,0.000000e+00,4.105286e+08,6.306349e+10,-6.736241e+08,3.600002e+06,2.663404e+07,0.000000e+00,-1.871177e+02,2.878156e+09,1.108095e+10,-1.412795e+08,8.446824e+05,5.334595e+07,9.070000e+02,-1.672575e+02,-8.795325e+07,-1.023679e+03,6.240249e+03
1.144218e+01,8.982052e+09,7.927919e+10,-1.785794e+04,6.708684e+04,-9.127674e+08,8.368966e+06,3.232396e-03,1.015646e+08,0.000000e+00,0.000000e+00,5.163822e+03,0.000000e+00,5.163822e+03,0.000000e+00,0.000000e+00,7.794692e+09,5.587935e-09,6.676972e-14,0.000000e+00,0.000000e+00,0.000000e+00,0.000000e+00,4.113955e+08,6.306271e+10,-6.736241e+08,3.600002e+06,2.664231e+07,0.000000e+00,-1.871177e+02,2.878406e+09,1.108093e+10,-1.412781e+08,8.446824e+05,5.337632e+07,9.070000e+02,-1.672559e+02,-8.795454e+07,-1.023679e+03,6.240249e+03
1.146171e+01,8.984286e+09,7.927656e+10,-1.854383e+04,6.659525e+04,-9.127363e+08,8.368966e+06,3.223702e-03,1.018737e+08,0.000000e+00,0.000000e+00,5.594781e+03,0.000000e+00,5.594781e+03,0.000000e+00,0.000000e+00,7.796031e+09,5.587935e-09,6.676972e-14,0.000000e+00,0.000000e+00,0.000000e+00,0.000000e+00,4.130412e+08,6.306116e+10,-6.736241e+08,3.600002e+06,2.664944e+07,0.000000e+00,-1.871177e+02,2.878245e+09,1.108079e+10,-1.412768e+08,8.446824e+05,5.340363e+07,9.070000e+02,-1.672544e+02,-8.795590e+07,-1.023679e+03,6.240249e+03
1.148105e+01,8.986442e+09,7.927400e+10,-1.949907e+04,6.598173e+04,-9.127064e+08,8.368966e+06,3.224557e-03,1.021906e+08,0.000000e+00,0.000000e+00,4.701085e+03,0.000000e+00,4.701085e+03,0.000000e+00,0.000000e+00,7.797302e+09,5.587935e-09,6.676972e-14,0.000000e+00,0.000000e+00,0.000000e+00,0.000000e+00,4.143720e+08,6.305972e+10,-6.736241e+08,3.600002e+06,2.665639e+07,0.000000e+00,-1.871177e+02,2.878289e+09,1.108024e+10,-1.412755e+08,8.446824e+05,5.343039e+07,9.070000e+02,-1.672528e+02,-8.795715e+07,-1.023679e+03,6.240249e+03
1.150040e+01,8.987555e+09,7.927301e+10,-2.063557e+04,6.521098e+04,-9.126779e+08,8.368966e+06,3.224409e-03,1.020358e+08,0.000000e+00,0.000000e+00,4.176198e+03,0.000000e+00,4.176198e+03,0.000000e+00,0.000000e+00,7.798608e+09,5.587935e-09,6.676972e-14,0.000000e+00,0.000000e+00,0.000000e+00,0.000000e+00,4.141596e+08,6.305972e+10,-6.736241e+08,3.600002e+06,2.666328e+07,0.000000e+00,-1.871177e+02,2.878825e+09,1.107986e+10,-1.412748e+08,8.446824e+05,5.345616e+07,9.070000e+02,-1.672520e+02,-8.795775e+07,-1.023679e+03,6.240249e+03
1.152297e+01,8.988407e+09,7.927235e+10,-2.198247e+04,6.441462e+04,-9.126458e+08,8.368966e+06,3.221594e-03,1.018492e+08,0.000000e+00,0.000000e+00,7.002274e+03,0.000000e+00,7.002274e+03,0.000000e+00,0.000000e+00,7.800225e+09,5.587935e-09,6.676972e-14,0.000000e+00,0.000000e+00,0.000000e+00,0.000000e+00,4.130055e+08,6.306070e+10,-6.736241e+08,3.600002e+06,2.667123e+07,0.000000e+00,-1.871177e+02,2.879877e+09,1.107923e+10,-1.412746e+08,8.446824e+05,5.348636e+07,9.070000e+02,-1.672517e+02,-8.795786e+07,-1.023679e+03,6.240249e+03
1.154230e+01,8.988879e+09,7.927149e+10,-2.306643e+04,6.434227e+04,-9.126190e+08,8.368966e+06,3.222101e-03,1.021506e+08,0.000000e+00,0.000000e+00,1.133083e+04,0.000000e+00,1.133083e+04,0.000000e+00,0.000000e+00,7.801521e+09,5.587935e-09,6.676972e-14,0.000000e+00,0.000000e+00,0.000000e+00,0.000000e+00,4.124196e+08,6.306125e+10,-6.736241e+08,3.600002e+06,2.667835e+07,0.000000e+00,-1.871177e+02,2.880091e+09,1.107868e+10,-1.412744e+08,8.446824e+05,5.351161e+07,9.070000e+02,-1.672515e+02,-8.795811e+07,-1.023679e+03,6.240249e+03
1.156163e+01,8.991053e+09,7.926945e+10,-2.390400e+04,6.513953e+04,-9.125927e+08,8.368966e+06,3.222422e-03,1.019415e+08,0.000000e+00,0.000000e+00,2.319958e+04,0.000000e+00,2.319958e+04,0.000000e+00,0.000000e+00,7.802811e+09,5.587935e-09,6.676972e-14,0.000000e+00,0.000000e+00,0.000000e+00,0.000000e+00,4.129612e+08,6.306082e+10,-6.736241e+08,3.600002e+06,2.668560e+07,0.000000e+00,-1.871177e+02,2.880900e+09,1.107790e+10,-1.412738e+08,8.446824e+05,5.353669e+07,9.070000e+02,-1.672508e+02,-8.795883e+07,-1.023679e+03,6.240249e+03
1.158097e+01,8.994593e+09,7.926589e+10,-2.435205e+04,6.693545e+04,-9.125661e+08,8.368966e+06,3.222036e-03,1.016367e+08,0.000000e+00,0.000000e+00,2.510997e+05,0.000000e+00,2.510997e+05,0.000000e+00,0.000000e+00,7.804150e+09,5.587935e-09,6.676972e-14,0.000000e+00,0.000000e+00,0.000000e+00,0.000000e+00,4.144685e+08,6.305947e+10,-6.736241e+08,3.600002e+06,2.669269e+07,0.000000e+00,-1.871177e+02,2.882098e+09,1.107678e+10,-1.412712e+08,8.446824e+05,5.356132e+07,9.070000e+02,-1.672478e+02,-8.796254e+07,-1.023679e+03,6.240249e+03
1.160030e+01,8.997330e+09,7.926322e+10,-2.443655e+04,6.904255e+04,-9.125386e+08,8.368966e+06,3.222313e-03,1.013845e+08,0.000000e+00,0.000000e+00,3.880970e+05,0.000000e+00,3.880970e+05,0.000000e+00,0.000000e+00,7.805583e+09,5.587935e-09,6.676972e-14,0.000000e+00,0.000000e+00,0.000000e+00,0.000000e+00,4.150821e+08,6.305874e+10,-6.736241e+08,3.600002e+06,2.669929e+07,0.000000e+00,-1.871177e+02,2.883237e+09,1.107514e+10,-1.412626e+08,8.446824e+05,5.358707e+07,9.070000e+02,-1.672376e+02,-8.797114e+07,-1.023679e+03,6.240249e+03
1.162286e+01,8.997651e+09,7.926189e+10,-2.427617e+04,7.071100e+04,-9.125046e+08,8.368966e+06,3.222958e-03,1.021031e+08,0.000000e+00,0.000000e+00,4.961229e+05,0.000000e+00,4.961229e+05,0.000000e+00,0.000000e+00,7.807297e+09,5.587935e-09,6.676972e-14,0.000000e+00,0.000000e+00,0.000000e+00,0.000000e+00,4.139834e+08,6.305967e+10,-6.736241e+08,3.600002e+06,2.670737e+07,0.000000e+00,-1.871177e+02,2.883487e+09,1.107335e+10,-1.412531e+08,8.446824e+05,5.361794e+07,9.070000e+02,-1.672263e+02,-8.798178e+07,-1.023679e+03,6.240249e+03
1.164220e+01,8.998364e+09,7.926058e+10,-2.403707e+04,7.093799e+04,-9.124735e+08,8.368966e+06,3.223584e-03,1.022880e+08,0.000000e+00,0.000000e+00,7.653694e+05,0.000000e+00,7.653694e+05,0.000000e+00,0.000000e+00,7.808866e+09,5.587935e-09,6.676972e-14,0.000000e+00,0.000000e+00,0.000000e+00,0.000000e+00,4.126210e+08,6.306096e+10,-6.736241e+08,3.600002e+06,2.671496e+07,0.000000e+00,-1.871177e+02,2.884559e+09,1.107113e+10,-1.412368e+08,8.446824e+05,5.364972e+07,9.070000e+02,-1.672069e+02,-8.799802e+07,-1.023679e+03,6.240249e+03
1.166154e+01,8.999325e+09,7.926016e+10,-2.409854e+04,7.052362e+04,-9.124409e+08,8.368966e+06,3.224123e-03,1.021262e+08,0.000000e+00,0.000000e+00,4.103485e+05,0.000000e+00,4.103485e+05,0.000000e+00,0.000000e+00,7.810681e+09,5.587935e-09,6.676972e-14,0.000000e+00,0.000000e+00,0.000000e+00,0.000000e+00,4.111934e+08,6.306236e+10,-6.736241e+08,3.600002e+06,2.672180e+07,0.000000e+00,-1.871177e+02,2.885851e+09,1.106922e+10,-1.412265e+08,8.446824e+05,5.368269e+07,9.070000e+02,-1.671948e+02,-8.800695e+07,-1.023679e+03,6.240249e+03
1.168089e+01,8.999717e+09,7.925993e+10,-2.464763e+04,7.035412e+04,-9.124066e+08,8.368966e+06,3.228770e-03,1.021852e+08,0.000000e+00,0.000000e+00,1.270582e+05,0.000000e+00,1.270582e+05,0.000000e+00,0.000000e+00,7.812502e+09,5.587935e-09,6.676972e-14,0.000000e+00,0.000000e+00,0.000000e+00,0.000000e+00,4.099087e+08,6.306370e+10,-6.736241e+08,3.600002e+06,2.672880e+07,0.000000e+00,-1.871177e+02,2.886410e+09,1.106826e+10,-1.412226e+08,8.446824e+05,5.371842e+07,9.070000e+02,-1.671902e+02,-8.801020e+07,-1.023679e+03,6.240249e+03
1.170029e+01,8.998508e+09,7.926083e+10,-2.544561e+04,7.106410e+04,-9.123708e+08,8.368966e+06,3.229686e-03,1.024471e+08,0.000000e+00,0.000000e+00,3.014467e+04,0.000000e+00,3.014467e+04,0.000000e+00,0.000000e+00,7.814226e+09,5.587935e-09,6.676972e-14,0.000000e+00,0.000000e+00,0.000000e+00,0.000000e+00,4.083066e+08,6.306525e+10,-6.736241e+08,3.600002e+06,2.673544e+07,0.000000e+00,-1.871177e+02,2.885721e+09,1.106822e+10,-1.412210e+08,8.446824e+05,5.375176e+07,9.070000e+02,-1.671883e+02,-8.801170e+07,-1.023679e+03,6.240249e+03
1.172210e+01,8.996574e+09,7.926232e+10,-2.647862e+04,7.212128e+04,-9.123286e+08,8.368966e+06,3.032185e-03,1.027961e+08,0.000000e+00,0.000000e+00,2.683771e+04,0.000000e+00,2.683771e+04,0.000000e+00,0.000000e+00,7.816117e+09,5.587935e-09,6.676972e-14,0.000000e+00,0.000000e+00,0.000000e+00,0.000000e+00,4.058691e+08,6.306768e+10,-6.736241e+08,3.600002e+06,2.674333e+07,0.000000e+00,-1.871177e+02,2.884981e+09,1.106842e+10,-1.412193e+08,8.446824e+05,5.379062e+07,9.070000e+02,-1.671863e+02,-8.801339e+07,-1.023679e+03,6.240249e+03
1.174031e+01,8.995761e+09,7.926362e+10,-2.717251e+04,7.248463e+04,-9.122918e+08,8.368966e+06,3.221762e-03,1.022754e+08,0.000000e+00,0.000000e+00,1.711924e+04,0.000000e+00,1.711924e+04,0.000000e+00,0.000000e+00,7.817653e+09,5.587935e-09,6.676972e-14,0.000000e+00,0.000000e+00,0.000000e+00,0.000000e+00,4.042000e+08,6.306938e+10,-6.736241e+08,3.600002e+06,2.675089e+07,0.000000e+00,-1.871177e+02,2.884784e+09,1.106895e+10,-1.412184e+08,8.446824e+05,5.382092e+07,9.070000e+02,-1.671852e+02,-8.801425e+07,-1.023679e+03,6.240249e+03
1.176174e+01,8.995083e+09,7.926442e+10,-2.773875e+04,7.273252e+04,-9.122472e+08,8.368966e+06,3.037780e-03,1.021037e+08,0.000000e+00,0.000000e+00,2.451578e+04,0.000000e+00,2.451578e+04,0.000000e+00,0.000000e+00,7.819451e+09,5.587935e-09,6.676972e-14,0.000000e+00,0.000000e+00,0.000000e+00,0.000000e+00,4.025276e+08,6.307103e+10,-6.736241e+08,3.600002e+06,2.675804e+07,0.000000e+00,-1.871177e+02,2.884645e+09,1.106916e+10,-1.412177e+08,8.446824e+05,5.385544e+07,9.070000e+02,-1.671844e+02,-8.801481e+07,-1.023679e+03,6.240249e+03
1.178297e+01,8.994387e+09,7.926481e+10,-2.858180e+04,7.288117e+04,-9.122020e+08,8.368966e+06,3.036715e-03,1.023312e+08,0.000000e+00,0.000000e+00,2.399979e+04,0.000000e+00,2.399979e+04,0.000000e+00,0.000000e+00,7.821228e+09,5.587935e-09,6.676972e-14,0.000000e+00,0.000000e+00,0.000000e+00,0.000000e+00,4.008912e+08,6.307261e+10,-6.736241e+08,3.600002e+06,2.676496e+07,0.000000e+00,-1.871177e+02,2.884502e+09,1.106894e+10,-1.412172e+08,8.446824e+05,5.389060e+07,9.070000e+02,-1.671838e+02,-8.801539e+07,-1.023679e+03,6.240249e+03
1.180156e+01,8.994420e+09,7.926496e+10,-2.970685e+04,7.313659e+04,-9.121622e+08,8.368966e+06,3.221749e-03,1.020915e+08,0.000000e+00,0.000000e+00,2.624354e+04,0.000000e+00,2.624354e+04,0.000000e+00,0.000000e+00,7.822721e+09,5.587935e-09,6.676972e-14,0.000000e+00,0.000000e+00,0.000000e+00,0.000000e+00,3.999886e+08,6.307356e+10,-6.736241e+08,3.600002e+06,2.677188e+07,0.000000e+00,-1.871177e+02,2.884552e+09,1.106905e+10,-1.412166e+08,8.446824e+05,5.391950e+07,9.070000e+02,-1.671831e+02,-8.801594e+07,-1.023679e+03,6.240249e+03
1.182089e+01,8.995398e+09,7.926401e+10,-3.095330e+04,7.437606e+04,-9.121206e+08,8.368966e+06,3.220607e-03,1.020328e+08,0.000000e+00,0.000000e+00,2.851886e+04,0.000000e+00,2.851886e+04,0.000000e+00,0.000000e+00,7.824204e+09,5.587935e-09,6.676972e-14,0.000000e+00,0.000000e+00,0.000000e+00,0.000000e+00,3.999215e+08,6.307375e+10,-6.736241e+08,3.600002e+06,2.677822e+07,0.000000e+00,-1.871177e+02,2.884722e+09,1.106886e+10,-1.412155e+08,8.446824e+05,5.395006e+07,9.070000e+02,-1.671818e+02,-8.801748e+07,-1.023679e+03,6.240249e+03
1.184021e+01,8.997720e+09,7.926160e+10,-3.220679e+04,7.696784e+04,-9.120781e+08,8.368966e+06,3.220596e-03,1.020683e+08,0.000000e+00,0.000000e+00,2.037380e+04,0.000000e+00,2.037380e+04,0.000000e+00,0.000000e+00,7.825549e+09,5.587935e-09,6.676972e-14,0.000000e+00,0.000000e+00,0.000000e+00,0.000000e+00,4.015815e+08,6.307228e+10,-6.736241e+08,3.600002e+06,2.678511e+07,0.000000e+00,-1.871177e+02,2.884569e+09,1.106864e+10,-1.412127e+08,8.446824e+05,5.397954e+07,9.070000e+02,-1.671785e+02,-8.802008e+07,-1.023679e+03,6.240249e+03
1.186276e+01,9.000099e+09,7.925897e+10,-3.405725e+04,8.042888e+04,-9.120274e+08,8.368966e+06,3.220472e-03,1.022110e+08,0.000000e+00,0.000000e+00,1.957589e+04,0.000000e+00,1.957589e+04,0.000000e+00,0.000000e+00,7.827023e+09,5.587935e-09,6.676972e-14,0.000000e+00,0.000000e+00,0.000000e+00,0.000000e+00,4.036300e+08,6.307025e+10,-6.736241e+08,3.600002e+06,2.679283e+07,0.000000e+00,-1.871177e+02,2.883958e+09,1.106875e+10,-1.412099e+08,8.446824e+05,5.401313e+07,9.070000e+02,-1.671752e+02,-8.802297e+07,-1.023679e+03,6.240249e+03
1.188208e+01,9.001893e+09,7.925726e+10,-3.617652e+04,8.249533e+04,-9.119835e+08,8.368966e+06,3.219957e-03,1.020258e+08,0.000000e+00,0.000000e+00,4.327836e+04,0.000000e+00,4.327836e+04,0.000000e+00,0.000000e+00,7.828345e+09,5.587935e-09,6.676972e-14,0.000000e+00,0.000000e+00,0.000000e+00,0.000000e+00,4.043247e+08,6.306945e+10,-6.736237e+08,3.600002e+06,2.679885e+07,0.000000e+00,-1.871176e+02,2.884254e+09,1.106872e+10,-1.412084e+08,8.446824e+05,5.404184e+07,9.070000e+02,-1.671733e+02,-8.802503e+07,-1.023679e+03,6.240249e+03
1.190140e+01,9.003699e+09,7.925527e+10,-3.867995e+04,8.366754e+04,-9.119400e+08,8.368966e+06,3.219006e-03,1.018236e+08,0.000000e+00,0.000000e+00,2.834538e+05,0.000000e+00,2.834538e+05,0.000000e+00,0.000000e+00,7.829707e+09,5.587935e-09,6.676972e-14,0.000000e+00,0.000000e+00,0.000000e+00,0.000000e+00,4.054348e+08,6.306763e+10,-6.736189e+08,3.600002e+06,2.680543e+07,0.000000e+00,-1.871162e+02,2.884077e+09,1.106892e+10,-1.412077e+08,8.446824e+05,5.406950e+07,9.070000e+02,-1.671726e+02,-8.803093e+07,-1.023679e+03,6.240249e+03
1.192071e+01,9.005401e+09,7.925323e+10,-4.140143e+04,8.444278e+04,-9.118972e+08,8.368966e+06,3.218433e-03,1.022447e+08,0.000000e+00,0.000000e+00,7.423698e+04,0.000000e+00,7.423698e+04,0.000000e+00,0.000000e+00,7.831079e+09,5.587935e-09,6.676972e-14,0.000000e+00,0.000000e+00,0.000000e+00,0.000000e+00,4.065914e+08,6.306583e+10,-6.736151e+08,3.600002e+06,2.681187e+07,0.000000e+00,-1.871152e+02,2.883719e+09,1.106901e+10,-1.412072e+08,8.446824e+05,5.409783e+07,9.070000e+02,-1.671720e+02,-8.803452e+07,-1.023679e+03,6.240249e+03
1.194002e+01,9.008232e+09,7.924994e+10,-4.410726e+04,8.566144e+04,-9.118546e+08,8.368966e+06,3.217665e-03,1.024545e+08,0.000000e+00,0.000000e+00,1.531071e+05,0.000000e+00,1.531071e+05,0.000000e+00,0.000000e+00,7.832464e+09,5.587935e-09,6.676972e-14,0.000000e+00,0.000000e+00,0.000000e+00,0.000000e+00,4.082230e+08,6.306404e+10,-6.736136e+08,3.600002e+06,2.682053e+07,0.000000e+00,-1.871148e+02,2.884094e+09,1.106841e+10,-1.412066e+08,8.446824e+05,5.412616e+07,9.070000e+02,-1.671713e+02,-8.803684e+07,-1.023679e+03,6.240249e+03
1.196254e+01,9.013311e+09,7.924534e+10,-4.669255e+04,8.802981e+04,-9.118044e+08,8.368966e+06,3.216611e-03,1.018376e+08,0.000000e+00,0.000000e+00,2.845841e+05,0.000000e+00,2.845841e+05,0.000000e+00,0.000000e+00,7.834041e+09,5.587935e-09,6.676972e-14,0.000000e+00,0.000000e+00,0.000000e+00,0.000000e+00,4.106793e+08,6.306127e+10,-6.736116e+08,3.600002e+06,2.682861e+07,0.000000e+00,-1.871142e+02,2.885698e+09,1.106703e+10,-1.412045e+08,8.446824e+05,5.415733e+07,9.070000e+02,-1.671687e+02,-8.804108e+07,-1.023679e+03,6.240249e+03
1.198184e+01,9.017370e+09,7.924119e+10,-4.831854e+04,9.011551e+04,-9.117606e+08,8.368966e+06,3.216310e-03,1.018823e+08,0.000000e+00,0.000000e+00,2.599142e+05,0.000000e+00,2.599142e+05,0.000000e+00,0.000000e+00,7.835397e+09,5.587935e-09,6.676972e-14,0.000000e+00,0.000000e+00,0.000000e+00,0.000000e+00,4.125810e+08,6.305924e+10,-6.736111e+08,3.600002e+06,2.683653e+07,0.000000e+00,-1.871141e+02,2.887021e+09,1.106577e+10,-1.412017e+08,8.446824e+05,5.418443e+07,9.070000e+02,-1.671654e+02,-8.804426e+07,-1.023679e+03,6.240249e+03
1.200113e+01,9.021607e+09,7.923683e+10,-4.950992e+04,9.174151e+04,-9.117152e+08,8.368966e+06,3.216218e-03,1.020311e+08,0.000000e+00,0.000000e+00,1.837467e+05,0.000000e+00,1.837467e+05,0.000000e+00,0.000000e+00,7.836747e+09,5.587935e-09,6.676972e-14,0.000000e+00,0.000000e+00,0.000000e+00,0.000000e+00,4.150657e+08,6.305692e+10,-6.736111e+08,3.600002e+06,2.684399e+07,0.000000e+00,-1.871141e+02,2.887954e+09,1.106432e+10,-1.411987e+08,8.446824e+05,5.421090e+07,9.070000e+02,-1.671619e+02,-8.804723e+07,-1.023679e+03,6.240249e+03
1.202043e+01,9.025401e+09,7.923289e+10,-5.044663e+04,9.332328e+04,-9.116679e+08,8.368966e+06,3.215540e-03,1.021003e+08,0.000000e+00,0.000000e+00,1.651865e+05,0.000000e+00,1.651865e+05,0.000000e+00,0.000000e+00,7.838092e+09,5.587935e-09,6.676972e-14,0.000000e+00,0.000000e+00,0.000000e+00,0.000000e+00,4.171213e+08,6.305480e+10,-6.736111e+08,3.600002e+06,2.685125e+07,0.000000e+00,-1.871141e+02,2.888905e+09,1.106309e+10,-1.411958e+08,8.446824e+05,5.423740e+07,9.070000e+02,-1.671584e+02,-8.805009e+07,-1.023679e+03,6.240249e+03
1.204294e+01,9.027640e+09,7.923085e+10,-5.136328e+04,9.651095e+04,-9.116106e+08,8.368966e+06,3.215307e-03,1.019527e+08,0.000000e+00,0.000000e+00,8.572371e+04,0.000000e+00,8.572371e+04,0.000000e+00,0.000000e+00,7.839745e+09,5.587935e-09,6.676972e-14,0.000000e+00,0.000000e+00,0.000000e+00,0.000000e+00,4.169875e+08,6.305460e+10,-6.736111e+08,3.600002e+06,2.685926e+07,0.000000e+00,-1.871141e+02,2.890356e+09,1.106192e+10,-1.411941e+08,8.446824e+05,5.426913e+07,9.070000e+02,-1.671565e+02,-8.805128e+07,-1.023679e+03,6.240249e+03
1.206205e+01,9.027688e+09,7.923036e+10,-5.199744e+04,1.000339e+05,-9.115606e+08,8.368966e+06,3.033883e-03,1.023467e+08,0.000000e+00,0.000000e+00,5.275870e+04,0.000000e+00,5.275870e+04,0.000000e+00,0.000000e+00,7.841191e+09,5.587935e-09,6.676972e-14,0.000000e+00,0.000000e+00,0.000000e+00,0.000000e+00,4.162062e+08,6.305533e+10,-6.736111e+08,3.600002e+06,2.686715e+07,0.000000e+00,-1.871141e+02,2.890376e+09,1.106161e+10,-1.411944e+08,8.446824e+05,5.429622e+07,9.070000e+02,-1.671568e+02,-8.805105e+07,-1.023679e+03,6.240249e+03
1.208028e+01,9.028268e+09,7.922985e+10,-5.251432e+04,1.031461e+05,-9.115119e+08,8.368966e+06,3.041572e-03,1.022298e+08,0.000000e+00,0.000000e+00,2.353434e+04,0.000000e+00,2.353434e+04,0.000000e+00,0.000000e+00,7.842600e+09,5.587935e-09,6.676972e-14,0.000000e+00,0.000000e+00,0.000000e+00,0.000000e+00,4.160741e+08,6.305553e+10,-6.736111e+08,3.600002e+06,2.687395e+07,0.000000e+00,-1.871141e+02,2.890289e+09,1.106165e+10,-1.411944e+08,8.446824e+05,5.432185e+07,9.070000e+02,-1.671567e+02,-8.805108e+07,-1.023679e+03,6.240249e+03
1.210206e+01,9.029938e+09,7.922820e+10,-5.304502e+04,1.054911e+05,-9.114524e+08,8.368966e+06,3.034635e-03,1.021350e+08,0.000000e+00,0.000000e+00,3.885907e+04,0.000000e+00,3.885907e+04,0.000000e+00,0.000000e+00,7.844289e+09,5.587935e-09,6.676972e-14,0.000000e+00,0.000000e+00,0.000000e+00,0.000000e+00,4.166825e+08,6.305506e+10,-6.736111e+08,3.600002e+06,2.688252e+07,0.000000e+00,-1.871141e+02,2.890367e+09,1.106152e+10,-1.411939e+08,8.446824e+05,5.435365e+07,9.070000e+02,-1.671562e+02,-8.805166e+07,-1.023679e+03,6.240249e+03
1.212026e+01,9.031062e+09,7.922744e+10,-5.336667e+04,1.065288e+05,-9.114020e+08,8.368966e+06,3.033519e-03,1.017787e+08,0.000000e+00,0.000000e+00,3.457824e+04,0.000000e+00,3.457824e+04,0.000000e+00,0.000000e+00,7.845634e+09,5.587935e-09,6.676972e-14,0.000000e+00,0.000000e+00,0.000000e+00,0.000000e+00,4.169264e+08,6.305481e+10,-6.736111e+08,3.600002e+06,2.688846e+07,0.000000e+00,-1.871141e+02,2.890442e+09,1.106166e+10,-1.411933e+08,8.446824e+05,5.437888e+07,9.070000e+02,-1.671555e+02,-8.805215e+07,-1.023679e+03,6.240249e+03
1.214152e+01,9.030324e+09,7.922827e+10,-5.381441e+04,1.081922e+05,-9.113418e+08,8.368966e+06,3.209632e-03,1.016612e+08,0.000000e+00,0.000000e+00,2.412497e+04,0.000000e+00,2.412497e+04,0.000000e+00,0.000000e+00,7.847022e+09,5.587935e-09,6.676972e-14,0.000000e+00,0.000000e+00,0.000000e+00,0.000000e+00,4.152492e+08,6.305629e+10,-6.736111e+08,3.600002e+06,2.689580e+07,0.000000e+00,-1.871141e+02,2.890467e+09,1.106176e+10,-1.411930e+08,8.446824e+05,5.440885e+07,9.070000e+02,-1.671551e+02,-8.805251e+07,-1.023679e+03,6.240249e+03
1.216079e+01,9.028931e+09,7.922928e+10,-5.441790e+04,1.106427e+05,-9.112864e+08,8.368966e+06,3.211151e-03,1.019506e+08,0.000000e+00,0.000000e+00,2.571606e+04,0.000000e+00,2.571606e+04,0.000000e+00,0.000000e+00,7.848265e+09,5.587935e-09,6.676972e-14,0.000000e+00,0.000000e+00,0.000000e+00,0.000000e+00,4.135470e+08,6.305800e+10,-6.736111e+08,3.600002e+06,2.690312e+07,0.000000e+00,-1.871141e+02,2.889938e+09,1.106197e+10,-1.411925e+08,8.446824e+05,5.443522e+07,9.070000e+02,-1.671545e+02,-8.805301e+07,-1.023679e+03,6.240249e+03
1.218005e+01,9.028972e+09,7.922895e+10,-5.517910e+04,1.135135e+05,-9.112300e+08,8.368966e+06,3.210439e-03,1.021843e+08,0.000000e+00,0.000000e+00,2.136727e+04,0.000000e+00,2.136727e+04,0.000000e+00,0.000000e+00,7.849533e+09,5.587935e-09,6.676972e-14,0.000000e+00,0.000000e+00,0.000000e+00,0.000000e+00,4.128385e+08,6.305873e+10,-6.736111e+08,3.600002e+06,2.690968e+07,0.000000e+00,-1.871141e+02,2.889894e+09,1.106188e+10,-1.411921e+08,8.446824e+05,5.446127e+07,9.070000e+02,-1.671541e+02,-8.805328e+07,-1.023679e+03,6.240249e+03
1.220252e+01,9.030569e+09,7.922762e+10,-5.631412e+04,1.163403e+05,-9.111617e+08,8.368966e+06,3.209487e-03,1.019074e+08,0.000000e+00,0.000000e+00,2.630478e+04,0.000000e+00,2.630478e+04,0.000000e+00,0.000000e+00,7.850966e+09,5.587935e-09,6.676972e-14,0.000000e+00,0.000000e+00,0.000000e+00,0.000000e+00,4.124979e+08,6.305901e+10,-6.736111e+08,3.600002e+06,2.691776e+07,0.000000e+00,-1.871141e+02,2.890892e+09,1.106127e+10,-1.411924e+08,8.446824e+05,5.449130e+07,9.070000e+02,-1.671544e+02,-8.805297e+07,-1.023679e+03,6.240249e+03
1.222178e+01,9.032062e+09,7.922622e+10,-5.748178e+04,1.178207e+05,-9.111012e+08,8.368966e+06,3.208846e-03,1.017336e+08,0.000000e+00,0.000000e+00,2.958245e+04,0.000000e+00,2.958245e+04,0.000000e+00,0.000000e+00,7.852209e+09,5.587935e-09,6.676972e-14,0.000000e+00,0.000000e+00,0.000000e+00,0.000000e+00,4.126825e+08,6.305891e+10,-6.736111e+08,3.600002e+06,2.692470e+07,0.000000e+00,-1.871141e+02,2.891383e+09,1.106088e+10,-1.411930e+08,8.446824e+05,5.451676e+07,9.070000e+02,-1.671552e+02,-8.805227e+07,-1.023679e+03,6.240249e+03
1.224103e+01,9.034158e+09,7.922375e+10,-5.886362e+04,1.187883e+05,-9.110397e+08,8.368966e+06,3.208004e-03,1.020330e+08,0.000000e+00,0.000000e+00,3.996716e+04,0.000000e+00,3.996716e+04,0.000000e+00,0.000000e+00,7.853487e+09,5.587935e-09,6.676972e-14,0.000000e+00,0.000000e+00,0.000000e+00,0.000000e+00,4.134459e+08,6.305824e+10,-6.736111e+08,3.600002e+06,2.693159e+07,0.000000e+00,-1.871141e+02,2.891896e+09,1.106017e+10,-1.411935e+08,8.446824e+05,5.454156e+07,9.070000e+02,-1.671558e+02,-8.805185e+07,-1.023679e+03,6.240249e+03
1.226028e+01,9.036035e+09,7.922217e+10,-6.055023e+04,1.198451e+05,-9.109789e+08,8.368966e+06,3.207284e-03,1.017047e+08,0.000000e+00,0.000000e+00,4.112088e+04,0.000000e+00,4.112088e+04,0.000000e+00,0.000000e+00,7.854786e+09,5.587935e-09,6.676972e-14,0.000000e+00,0.000000e+00,0.000000e+00,0.000000e+00,4.137238e+08,6.305790e+10,-6.736111e+08,3.600002e+06,2.693747e+07,0.000000e+00,-1.871141e+02,2.892661e+09,1.105953e+10,-1.411934e+08,8.446824e+05,5.456625e+07,9.070000e+02,-1.671556e+02,-8.805212e+07,-1.023679e+03,6.240249e+03
1.228273e+01,9.036846e+09,7.922151e+10,-6.262677e+04,1.217360e+05,-9.109100e+08,8.368966e+06,3.206913e-03,1.015406e+08,0.000000e+00,0.000000e+00,4.481137e+04,0.000000e+00,4.481137e+04,0.000000e+00,0.000000e+00,7.856300e+09,5.587935e-09,6.676972e-14,0.000000e+00,0.000000e+00,0.000000e+00,0.000000e+00,4.123817e+08,6.305903e+10,-6.736111e+08,3.600002e+06,2.694415e+07,0.000000e+00,-1.871141e+02,2.893814e+09,1.105861e+10,-1.411925e+08,8.446824e+05,5.459352e+07,9.070000e+02,-1.671546e+02,-8.805308e+07,-1.023679e+03,6.240249e+03
1.230197e+01,9.036730e+09,7.922096e+10,-6.435495e+04,1.236898e+05,-9.108531e+08,8.368966e+06,3.206574e-03,1.020879e+08,0.000000e+00,0.000000e+00,8.726935e+04,0.000000e+00,8.726935e+04,0.000000e+00,0.000000e+00,7.857532e+09,5.587935e-09,6.676972e-14,0.000000e+00,0.000000e+00,0.000000e+00,0.000000e+00,4.112384e+08,6.306016e+10,-6.736111e+08,3.600002e+06,2.695050e+07,0.000000e+00,-1.871141e+02,2.894000e+09,1.105779e+10,-1.411913e+08,8.446824e+05,5.461696e+07,9.070000e+02,-1.671531e+02,-8.805436e+07,-1.023679e+03,6.240249e+03
1.232121e+01,9.038087e+09,7.921925e+10,-6.588852e+04,1.258496e+05,-9.107974e+08,8.368966e+06,3.206292e-03,1.021638e+08,0.000000e+00,0.000000e+00,2.201310e+05,0.000000e+00,2.201310e+05,0.000000e+00,0.000000e+00,7.858783e+09,5.587935e-09,6.676972e-14,0.000000e+00,0.000000e+00,0.000000e+00,0.000000e+00,4.117504e+08,6.305980e+10,-6.736111e+08,3.600002e+06,2.695718e+07,0.000000e+00,-1.871141e+02,2.893961e+09,1.105733e+10,-1.411891e+08,8.446824e+05,5.464104e+07,9.070000e+02,-1.671505e+02,-8.805737e+07,-1.023679e+03,6.240249e+03
1.234044e+01,9.041546e+09,7.921562e+10,-6.722062e+04,1.280279e+05,-9.107423e+08,8.368966e+06,3.205939e-03,1.020893e+08,0.000000e+00,0.000000e+00,4.374112e+05,0.000000e+00,4.374112e+05,0.000000e+00,0.000000e+00,7.860149e+09,5.587935e-09,6.676972e-14,0.000000e+00,0.000000e+00,0.000000e+00,0.000000e+00,4.134636e+08,6.305826e+10,-6.736111e+08,3.600002e+06,2.696353e+07,0.000000e+00,-1.871141e+02,2.894734e+09,1.105600e+10,-1.411816e+08,8.446824e+05,5.466792e+07,9.070000e+02,-1.671417e+02,-8.806505e+07,-1.023679e+03,6.240249e+03
1.236288e+01,9.046470e+09,7.921061e+10,-6.858744e+04,1.293640e+05,-9.106779e+08,8.368966e+06,3.204970e-03,1.019014e+08,0.000000e+00,0.000000e+00,6.509183e+05,0.000000e+00,6.509183e+05,0.000000e+00,0.000000e+00,7.861843e+09,5.587935e-09,6.676972e-14,0.000000e+00,0.000000e+00,0.000000e+00,0.000000e+00,4.165440e+08,6.305533e+10,-6.736111e+08,3.600002e+06,2.697159e+07,0.000000e+00,-1.871141e+02,2.895428e+09,1.105463e+10,-1.411709e+08,8.446824e+05,5.469977e+07,9.070000e+02,-1.671289e+02,-8.807698e+07,-1.023679e+03,6.240249e+03
1.238211e+01,9.050361e+09,7.920606e+10,-6.938877e+04,1.295580e+05,-9.106219e+08,8.368966e+06,3.203992e-03,1.022109e+08,0.000000e+00,0.000000e+00,8.271192e+05,0.000000e+00,8.271192e+05,0.000000e+00,0.000000e+00,7.863415e+09,5.587935e-09,6.676972e-14,0.000000e+00,0.000000e+00,0.000000e+00,0.000000e+00,4.193877e+08,6.305251e+10,-6.736111e+08,3.600002e+06,2.697743e+07,0.000000e+00,-1.871141e+02,2.895339e+09,1.105266e+10,-1.411547e+08,8.446824e+05,5.473280e+07,9.070000e+02,-1.671098e+02,-8.809301e+07,-1.023679e+03,6.240249e+03
1.240133e+01,9.052636e+09,7.920322e+10,-6.968916e+04,1.305182e+05,-9.105653e+08,8.368966e+06,3.044947e-03,1.031402e+08,0.000000e+00,0.000000e+00,4.138987e+05,0.000000e+00,4.138987e+05,0.000000e+00,0.000000e+00,7.865009e+09,5.587935e-09,6.676972e-14,0.000000e+00,0.000000e+00,0.000000e+00,0.000000e+00,4.205989e+08,6.305110e+10,-6.736111e+08,3.600002e+06,2.698295e+07,0.000000e+00,-1.871141e+02,2.895162e+09,1.105150e+10,-1.411450e+08,8.446824e+05,5.476794e+07,9.070000e+02,-1.670983e+02,-8.810122e+07,-1.023679e+03,6.240249e+03
1.242259e+01,9.054705e+09,7.920158e+10,-6.967783e+04,1.331614e+05,-9.105024e+08,8.368966e+06,3.039105e-03,1.028979e+08,0.000000e+00,0.000000e+00,1.098915e+05,0.000000e+00,1.098915e+05,0.000000e+00,0.000000e+00,7.866711e+09,5.587935e-09,6.676972e-14,0.000000e+00,0.000000e+00,0.000000e+00,0.000000e+00,4.208610e+08,6.305073e+10,-6.736111e+08,3.600002e+06,2.699101e+07,0.000000e+00,-1.871141e+02,2.895644e+09,1.105090e+10,-1.411424e+08,8.446824e+05,5.480816e+07,9.070000e+02,-1.670952e+02,-8.810303e+07,-1.023679e+03,6.263939e+03
1.244131e+01,9.058242e+09,7.919800e+10,-6.938473e+04,1.354018e+05,-9.104469e+08,8.368966e+06,3.032193e-03,1.029160e+08,0.000000e+00,0.000000e+00,6.685280e+04,0.000000e+00,6.685280e+04,0.000000e+00,0.000000e+00,7.868123e+09,5.587935e-09,6.676972e-14,0.000000e+00,0.000000e+00,0.000000e+00,0.000000e+00,4.224242e+08,6.304922e+10,-6.736109e+08,3.600002e+06,2.699790e+07,0.000000e+00,-1.871140e+02,2.896436e+09,1.104997e+10,-1.411432e+08,8.446824e+05,5.484196e+07,9.070000e+02,-1.670962e+02,-8.810234e+07,-1.023679e+03,6.435053e+03
1.246254e+01,9.063533e+09,7.919289e+10,-6.860889e+04,1.357033e+05,-9.103839e+08,8.368966e+06,3.035102e-03,1.026818e+08,0.000000e+00,0.000000e+00,2.024620e+04,0.000000e+00,2.024620e+04,0.000000e+00,0.000000e+00,7.869667e+09,5.587935e-09,6.676972e-14,0.000000e+00,0.000000e+00,0.000000e+00,0.000000e+00,4.252198e+08,6.304655e+10,-6.736109e+08,3.600002e+06,2.700527e+07,0.000000e+00,-1.871140e+02,2.897555e+09,1.104884e+10,-1.411438e+08,8.446824e+05,5.488089e+07,9.070000e+02,-1.670969e+02,-8.810180e+07,-1.023679e+03,6.439516e+03
1.248077e+01,9.066931e+09,7.918959e+10,-6.744145e+04,1.337879e+05,-9.103299e+08,8.368966e+06,3.042397e-03,1.025473e+08,0.000000e+00,0.000000e+00,8.566348e+03,0.000000e+00,8.566348e+03,0.000000e+00,0.000000e+00,7.870945e+09,5.587935e-09,6.676972e-14,0.000000e+00,0.000000e+00,0.000000e+00,0.000000e+00,4.265100e+08,6.304518e+10,-6.736109e+08,3.600002e+06,2.701104e+07,0.000000e+00,-1.871140e+02,2.898549e+09,1.104767e+10,-1.411441e+08,8.446824e+05,5.491249e+07,9.070000e+02,-1.670973e+02,-8.810146e+07,-1.023679e+03,6.439516e+03
1.250302e+01,9.069130e+09,7.918782e+10,-6.552909e+04,1.307925e+05,-9.102640e+08,8.368966e+06,3.199704e-03,1.020979e+08,0.000000e+00,0.000000e+00,1.642914e+04,0.000000e+00,1.642914e+04,0.000000e+00,0.000000e+00,7.872459e+09,5.587935e-09,6.676972e-14,0.000000e+00,0.000000e+00,0.000000e+00,0.000000e+00,4.258627e+08,6.304562e+10,-6.736109e+08,3.600002e+06,2.701836e+07,0.000000e+00,-1.871140e+02,2.900115e+09,1.104669e+10,-1.411446e+08,8.446824e+05,5.495056e+07,9.070000e+02,-1.670979e+02,-8.810097e+07,-1.023679e+03,6.439516e+03
1.252221e+01,9.070409e+09,7.918655e+10,-6.384570e+04,1.288994e+05,-9.102077e+08,8.368966e+06,3.199259e-03,1.020123e+08,0.000000e+00,0.000000e+00,2.007463e+04,0.000000e+00,2.007463e+04,0.000000e+00,0.000000e+00,7.873817e+09,5.587935e-09,6.676972e-14,0.000000e+00,0.000000e+00,0.000000e+00,0.000000e+00,4.252454e+08,6.304624e+10,-6.736109e+08,3.600002e+06,2.702518e+07,0.000000e+00,-1.871140e+02,2.900941e+09,1.104574e+10,-1.411449e+08,8.446824e+05,5.498235e+07,9.070000e+02,-1.670982e+02,-8.810076e+07,-1.023679e+03,6.439516e+03
1.254141e+01,9.070402e+09,7.918585e+10,-6.230714e+04,1.275776e+05,-9.101528e+08,8.368966e+06,3.198866e-03,1.025867e+08,0.000000e+00,0.000000e+00,4.993723e+04,0.000000e+00,4.993723e+04,0.000000e+00,0.000000e+00,7.875191e+09,5.587935e-09,6.676972e-14,0.000000e+00,0.000000e+00,0.000000e+00,0.000000e+00,4.245303e+08,6.304689e+10,-6.736109e+08,3.600002e+06,2.703131e+07,0.000000e+00,-1.871140e+02,2.900669e+09,1.104532e+10,-1.411446e+08,8.446824e+05,5.501373e+07,9.070000e+02,-1.670979e+02,-8.810116e+07,-1.023679e+03,6.439516e+03
1.256060e+01,9.068928e+09,7.918730e+10,-6.082559e+04,1.265065e+05,-9.100987e+08,8.368966e+06,3.198244e-03,1.025515e+08,0.000000e+00,0.000000e+00,4.905611e+04,0.000000e+00,4.905611e+04,0.000000e+00,0.000000e+00,7.876487e+09,5.587935e-09,6.676972e-14,0.000000e+00,0.000000e+00,0.000000e+00,0.000000e+00,4.223382e+08,6.304887e+10,-6.736109e+08,3.600002e+06,2.703714e+07,0.000000e+00,-1.871140e+02,2.900455e+09,1.104558e+10,-1.411437e+08,8.446824e+05,5.504592e+07,9.070000e+02,-1.670968e+02,-8.810208e+07,-1.023679e+03,6.439516e+03
1.258298e+01,9.067405e+09,7.918928e+10,-5.935440e+04,1.255229e+05,-9.100346e+08,8.368966e+06,3.197396e-03,1.021303e+08,0.000000e+00,0.000000e+00,1.416899e+04,0.000000e+00,1.416899e+04,0.000000e+00,0.000000e+00,7.877926e+09,5.587935e-09,6.676972e-14,0.000000e+00,0.000000e+00,0.000000e+00,0.000000e+00,4.188488e+08,6.305225e+10,-6.736109e+08,3.600002e+06,2.704408e+07,0.000000e+00,-1.871140e+02,2.901353e+09,1.104531e+10,-1.411432e+08,8.446824e+05,5.508216e+07,9.070000e+02,-1.670961e+02,-8.810255e+07,-1.023679e+03,6.439516e+03
1.260217e+01,9.066786e+09,7.918992e+10,-5.853486e+04,1.244020e+05,-9.099774e+08,8.368966e+06,3.196261e-03,1.020512e+08,0.000000e+00,0.000000e+00,7.630350e+03,0.000000e+00,7.630350e+03,0.000000e+00,0.000000e+00,7.879106e+09,5.587935e-09,6.676972e-14,0.000000e+00,0.000000e+00,0.000000e+00,0.000000e+00,4.172577e+08,6.305403e+10,-6.736109e+08,3.600002e+06,2.705032e+07,0.000000e+00,-1.871140e+02,2.901449e+09,1.104523e+10,-1.411428e+08,8.446824e+05,5.511195e+07,9.070000e+02,-1.670957e+02,-8.810298e+07,-1.023679e+03,6.439516e+03
1.262134e+01,9.067153e+09,7.918959e+10,-5.803627e+04,1.230594e+05,-9.099176e+08,8.368966e+06,3.195040e-03,1.019268e+08,0.000000e+00,0.000000e+00,6.420562e+03,0.000000e+00,6.420562e+03,0.000000e+00,0.000000e+00,7.880216e+09,5.587935e-09,6.676972e-14,0.000000e+00,0.000000e+00,0.000000e+00,0.000000e+00,4.168387e+08,6.305464e+10,-6.736109e+08,3.600002e+06,2.705613e+07,0.000000e+00,-1.871140e+02,2.901388e+09,1.104515e+10,-1.411423e+08,8.446824e+05,5.514096e+07,9.070000e+02,-1.670951e+02,-8.810339e+07,-1.023679e+03,6.440156e+03
1.264047e+01,9.066893e+09,7.918954e+10,-5.761305e+04,1.227913e+05,-9.098563e+08,8.368966e+06,3.194237e-03,1.019928e+08,0.000000e+00,0.000000e+00,1.414640e+05,0.000000e+00,1.414640e+05,0.000000e+00,0.000000e+00,7.881291e+09,5.587935e-09,6.676972e-14,0.000000e+00,0.000000e+00,0.000000e+00,0.000000e+00,4.158981e+08,6.305534e+10,-6.736099e+08,3.600002e+06,2.706162e+07,0.000000e+00,-1.871138e+02,2.901242e+09,1.104510e+10,-1.411422e+08,8.446824e+05,5.516956e+07,9.070000e+02,-1.670949e+02,-8.810499e+07,-1.023679e+03,6.457760e+03
1.266282e+01,9.066332e+09,7.919012e+10,-5.704607e+04,1.246337e+05,-9.097836e+08,8.368966e+06,3.193730e-03,1.019837e+08,0.000000e+00,0.000000e+00,8.054076e+04,0.000000e+00,8.054076e+04,0.000000e+00,0.000000e+00,7.882530e+09,5.587935e-09,6.676972e-14,0.000000e+00,0.000000e+00,0.000000e+00,0.000000e+00,4.140948e+08,6.305658e+10,-6.736076e+08,3.600002e+06,2.706930e+07,0.000000e+00,-1.871131e+02,2.901464e+09,1.104515e+10,-1.411418e+08,8.446824e+05,5.520246e+07,9.070000e+02,-1.670945e+02,-8.810750e+07,-1.023679e+03,6.512868e+03
1.268199e+01,9.065774e+09,7.919070e+10,-5.637106e+04,1.275168e+05,-9.097214e+08,8.368966e+06,3.193115e-03,1.019415e+08,0.000000e+00,0.000000e+00,3.968184e+04,0.000000e+00,3.968184e+04,0.000000e+00,0.000000e+00,7.883590e+09,5.587935e-09,6.676972e-14,0.000000e+00,0.000000e+00,0.000000e+00,0.000000e+00,4.126861e+08,6.305775e+10,-6.736067e+08,3.600002e+06,2.707628e+07,0.000000e+00,-1.871128e+02,2.901517e+09,1.104495e+10,-1.411414e+08,8.446824e+05,5.523004e+07,9.070000e+02,-1.670940e+02,-8.810875e+07,-1.023679e+03,6.559613e+03
1.270051e+01,9.065655e+09,7.919051e+10,-5.543154e+04,1.303669e+05,-9.096614e+08,8.368966e+06,3.036443e-03,1.021743e+08,0.000000e+00,0.000000e+00,3.216740e+04,0.000000e+00,3.216740e+04,0.000000e+00,0.000000e+00,7.884644e+09,5.587935e-09,6.676972e-14,0.000000e+00,0.000000e+00,0.000000e+00,0.000000e+00,4.116362e+08,6.305873e+10,-6.736064e+08,3.600002e+06,2.708256e+07,0.000000e+00,-1.871128e+02,2.901634e+09,1.104470e+10,-1.411409e+08,8.446824e+05,5.525661e+07,9.070000e+02,-1.670934e+02,-8.810938e+07,-1.023679e+03,6.566257e+03
1.272211e+01,9.066647e+09,7.918979e+10,-5.389728e+04,1.327070e+05,-9.095915e+08,8.368966e+06,3.202433e-03,1.017514e+08,0.000000e+00,0.000000e+00,1.578464e+05,0.000000e+00,1.578464e+05,0.000000e+00,0.000000e+00,7.885914e+09,5.587935e-09,6.676972e-14,0.000000e+00,0.000000e+00,0.000000e+00,0.000000e+00,4.108239e+08,6.305951e+10,-6.736065e+08,3.600002e+06,2.708956e+07,0.000000e+00,-1.871128e+02,2.902504e+09,1.104410e+10,-1.411394e+08,8.445568e+05,5.528806e+07,9.080000e+02,-1.671165e+02,-8.811112e+07,-1.023679e+03,6.553689e+03
1.274097e+01,9.067598e+09,7.918903e+10,-5.229589e+04,1.334801e+05,-9.095298e+08,8.368966e+06,3.027217e-03,1.014501e+08,0.000000e+00,0.000000e+00,2.209732e+05,0.000000e+00,2.209732e+05,0.000000e+00,0.000000e+00,7.886997e+09,5.587935e-09,6.676972e-14,0.000000e+00,0.000000e+00,0.000000e+00,0.000000e+00,4.107997e+08,6.305959e+10,-6.736064e+08,3.600002e+06,2.709544e+07,0.000000e+00,-1.871128e+02,2.902612e+09,1.104398e+10,-1.411373e+08,8.445568e+05,5.531423e+07,9.080000e+02,-1.671141e+02,-8.811318e+07,-1.023679e+03,6.610778e+03
1.276219e+01,9.068427e+09,7.918745e+10,-5.070912e+04,1.334828e+05,-9.094599e+08,8.368966e+06,3.034929e-03,1.020581e+08,0.000000e+00,0.000000e+00,2.391262e+05,0.000000e+00,2.391262e+05,0.000000e+00,0.000000e+00,7.888271e+09,5.587935e-09,6.676972e-14,0.000000e+00,0.000000e+00,0.000000e+00,0.000000e+00,4.116826e+08,6.305878e+10,-6.736063e+08,3.600002e+06,2.710224e+07,0.000000e+00,-1.871128e+02,2.901511e+09,1.104412e+10,-1.411355e+08,8.445568e+05,5.534514e+07,9.080000e+02,-1.671119e+02,-8.811502e+07,-1.023679e+03,6.663867e+03
1.278057e+01,9.069474e+09,7.918616e+10,-4.967988e+04,1.335764e+05,-9.093998e+08,8.368966e+06,3.198896e-03,1.022922e+08,0.000000e+00,0.000000e+00,1.554607e+05,0.000000e+00,1.554607e+05,0.000000e+00,0.000000e+00,7.889468e+09,5.587935e-09,6.676972e-14,0.000000e+00,0.000000e+00,0.000000e+00,0.000000e+00,4.121231e+08,6.305830e+10,-6.736064e+08,3.600002e+06,2.710766e+07,0.000000e+00,-1.871128e+02,2.901237e+09,1.104410e+10,-1.411339e+08,8.445568e+05,5.537302e+07,9.080000e+02,-1.671101e+02,-8.811645e+07,-1.023679e+03,6.590368e+03
1.280196e+01,9.071074e+09,7.918504e+10,-4.844125e+04,1.336692e+05,-9.093313e+08,8.368966e+06,3.033944e-03,1.018822e+08,0.000000e+00,0.000000e+00,6.611512e+04,0.000000e+00,6.611512e+04,0.000000e+00,0.000000e+00,7.890879e+09,5.587935e-09,6.676972e-14,0.000000e+00,0.000000e+00,0.000000e+00,0.000000e+00,4.116359e+08,6.305866e+10,-6.736064e+08,3.600002e+06,2.711431e+07,0.000000e+00,-1.871128e+02,2.902249e+09,1.104362e+10,-1.411327e+08,8.445568e+05,5.540642e+07,9.080000e+02,-1.671086e+02,-8.811757e+07,-1.023679e+03,6.589760e+03
1.282270e+01,9.073280e+09,7.918282e+10,-4.721372e+04,1.326306e+05,-9.092669e+08,8.368966e+06,2.964145e-03,1.018546e+08,0.000000e+00,0.000000e+00,4.553929e+04,0.000000e+00,4.553929e+04,0.000000e+00,0.000000e+00,7.892182e+09,5.587935e-09,6.676972e-14,0.000000e+00,0.000000e+00,0.000000e+00,0.000000e+00,4.120666e+08,6.305824e+10,-6.736064e+08,3.600002e+06,2.712091e+07,0.000000e+00,-1.871128e+02,2.903119e+09,1.104276e+10,-1.411342e+08,8.444311e+05,5.543864e+07,9.090000e+02,-1.671352e+02,-8.811588e+07,-1.023679e+03,6.589760e+03
1.284115e+01,9.075699e+09,7.918034e+10,-4.660802e+04,1.304254e+05,-9.092114e+08,8.368966e+06,3.184190e-03,1.018829e+08,0.000000e+00,0.000000e+00,1.363019e+04,0.000000e+00,1.363019e+04,0.000000e+00,0.000000e+00,7.893274e+09,5.587935e-09,6.676972e-14,0.000000e+00,0.000000e+00,0.000000e+00,0.000000e+00,4.137893e+08,6.305663e+10,-6.736064e+08,3.600002e+06,2.712664e+07,0.000000e+00,-1.871128e+02,2.903081e+09,1.104269e+10,-1.411342e+08,8.444311e+05,5.546701e+07,9.090000e+02,-1.671352e+02,-8.811606e+07,-1.023679e+03,6.589760e+03
1.286038e+01,9.078625e+09,7.917720e+10,-4.649089e+04,1.278288e+05,-9.091541e+08,8.368966e+06,3.194086e-03,1.020303e+08,0.000000e+00,0.000000e+00,5.154729e+03,0.000000e+00,5.154729e+03,0.000000e+00,0.000000e+00,7.894356e+09,5.587935e-09,6.676972e-14,0.000000e+00,0.000000e+00,0.000000e+00,0.000000e+00,4.158435e+08,6.305463e+10,-6.736064e+08,3.600002e+06,2.713266e+07,0.000000e+00,-1.871128e+02,2.903272e+09,1.104219e+10,-1.411339e+08,8.444311e+05,5.549699e+07,9.090000e+02,-1.671349e+02,-8.811629e+07,-1.023679e+03,6.589760e+03
1.288273e+01,9.082522e+09,7.917353e+10,-4.667082e+04,1.263982e+05,-9.090870e+08,8.368966e+06,3.192427e-03,1.017632e+08,0.000000e+00,0.000000e+00,5.384628e+03,0.000000e+00,5.384628e+03,0.000000e+00,0.000000e+00,7.895638e+09,5.587935e-09,6.676972e-14,0.000000e+00,0.000000e+00,0.000000e+00,0.000000e+00,4.177908e+08,6.305270e+10,-6.736064e+08,3.600002e+06,2.713918e+07,0.000000e+00,-1.871128e+02,2.904430e+09,1.104138e+10,-1.411339e+08,8.443056e+05,5.552896e+07,9.100000e+02,-1.671597e+02,-8.811632e+07,-1.023679e+03,6.589760e+03
1.290171e+01,9.084331e+09,7.917184e+10,-4.713072e+04,1.263602e+05,-9.090300e+08,8.368966e+06,3.014145e-03,1.016165e+08,0.000000e+00,0.000000e+00,1.138661e+04,0.000000e+00,1.138661e+04,0.000000e+00,0.000000e+00,7.896720e+09,5.587935e-09,6.676972e-14,0.000000e+00,0.000000e+00,0.000000e+00,0.000000e+00,4.183538e+08,6.305201e+10,-6.736064e+08,3.600002e+06,2.714423e+07,0.000000e+00,-1.871128e+02,2.904984e+09,1.104082e+10,-1.411339e+08,8.443056e+05,5.555536e+07,9.100000e+02,-1.671597e+02,-8.811626e+07,-1.023679e+03,6.589760e+03
1.292281e+01,9.084459e+09,7.917090e+10,-4.797079e+04,1.258708e+05,-9.089665e+08,8.368966e+06,3.014236e-03,1.023156e+08,0.000000e+00,0.000000e+00,4.049506e+04,0.000000e+00,4.049506e+04,0.000000e+00,0.000000e+00,7.897976e+09,5.587935e-09,6.676972e-14,0.000000e+00,0.000000e+00,0.000000e+00,0.000000e+00,4.174120e+08,6.305277e+10,-6.736064e+08,3.600002e+06,2.715123e+07,0.000000e+00,-1.871128e+02,2.905156e+09,1.103999e+10,-1.411330e+08,8.443056e+05,5.558424e+07,9.100000e+02,-1.671587e+02,-8.811737e+07,-1.023679e+03,6.589760e+03
1.294089e+01,9.085293e+09,7.917051e+10,-4.857462e+04,1.246381e+05,-9.089120e+08,8.368966e+06,3.012714e-03,1.017965e+08,0.000000e+00,0.000000e+00,5.744401e+04,0.000000e+00,5.744401e+04,0.000000e+00,0.000000e+00,7.899101e+09,5.587935e-09,6.676972e-14,0.000000e+00,0.000000e+00,0.000000e+00,0.000000e+00,4.168134e+08,6.305337e+10,-6.736064e+08,3.600002e+06,2.715688e+07,0.000000e+00,-1.871128e+02,2.905747e+09,1.103976e+10,-1.411315e+08,8.443056e+05,5.560930e+07,9.100000e+02,-1.671569e+02,-8.811890e+07,-1.023679e+03,6.589760e+03
1.296198e+01,9.087121e+09,7.916890e+10,-4.882087e+04,1.231507e+05,-9.088477e+08,8.368966e+06,3.012255e-03,1.015862e+08,0.000000e+00,0.000000e+00,6.185580e+04,0.000000e+00,6.185580e+04,0.000000e+00,0.000000e+00,7.900400e+09,5.587935e-09,6.676972e-14,0.000000e+00,0.000000e+00,0.000000e+00,0.000000e+00,4.166083e+08,6.305359e+10,-6.736064e+08,3.600002e+06,2.716255e+07,0.000000e+00,-1.871128e+02,2.906771e+09,1.103895e+10,-1.411307e+08,8.443056e+05,5.563923e+07,9.100000e+02,-1.671560e+02,-8.811936e+07,-1.023679e+03,6.589760e+03
1.298296e+01,9.086921e+09,7.916870e+10,-4.867340e+04,1.218961e+05,-9.087818e+08,8.368966e+06,3.013029e-03,1.019289e+08,0.000000e+00,0.000000e+00,4.426755e+04,0.000000e+00,4.426755e+04,0.000000e+00,0.000000e+00,7.901634e+09,5.587935e-09,6.676972e-14,0.000000e+00,0.000000e+00,0.000000e+00,0.000000e+00,4.155207e+08,6.305448e+10,-6.736064e+08,3.600002e+06,2.716825e+07,0.000000e+00,-1.871128e+02,2.906653e+09,1.103864e+10,-1.411321e+08,8.443056e+05,5.566838e+07,9.100000e+02,-1.671576e+02,-8.811797e+07,-1.023679e+03,6.589760e+03
1.300104e+01,9.085945e+09,7.916954e+10,-4.835496e+04,1.216318e+05,-9.087230e+08,8.368966e+06,3.013909e-03,1.020139e+08,0.000000e+00,0.000000e+00,1.884162e+04,0.000000e+00,1.884162e+04,0.000000e+00,0.000000e+00,7.902701e+09,5.587935e-09,6.676972e-14,0.000000e+00,0.000000e+00,0.000000e+00,0.000000e+00,4.136458e+08,6.305621e+10,-6.736064e+08,3.600002e+06,2.717344e+07,0.000000e+00,-1.871128e+02,2.906676e+09,1.103854e+10,-1.411324e+08,8.443056e+05,5.569295e+07,9.100000e+02,-1.671580e+02,-8.811786e+07,-1.023679e+03,6.589760e+03
1.302214e+01,9.085758e+09,7.916943e+10,-4.775950e+04,1.224752e+05,-9.086527e+08,8.368966e+06,3.014711e-03,1.022717e+08,0.000000e+00,0.000000e+00,6.553440e+03,0.000000e+00,6.553440e+03,0.000000e+00,0.000000e+00,7.903969e+09,5.587935e-09,6.676972e-14,0.000000e+00,0.000000e+00,0.000000e+00,0.000000e+00,4.119051e+08,6.305802e+10,-6.736064e+08,3.600002e+06,2.717955e+07,0.000000e+00,-1.871128e+02,2.907223e+09,1.103774e+10,-1.411324e+08,8.443056e+05,5.572156e+07,9.100000e+02,-1.671580e+02,-8.811767e+07,-1.023679e+03,6.589760e+03
1.304023e+01,9.086631e+09,7.916919e+10,-4.694596e+04,1.236841e+05,-9.085916e+08,8.368966e+06,3.015179e-03,1.015868e+08,0.000000e+00,0.000000e+00,1.764400e+04,0.000000e+00,1.764400e+04,0.000000e+00,0.000000e+00,7.905080e+09,5.587935e-09,6.676972e-14,0.000000e+00,0.000000e+00,0.000000e+00,0.000000e+00,4.111145e+08,6.305887e+10,-6.736064e+08,3.600002e+06,2.718408e+07,0.000000e+00,-1.871128e+02,2.908075e+09,1.103747e+10,-1.411331e+08,8.443056e+05,5.574563e+07,9.100000e+02,-1.671588e+02,-8.811731e+07,-1.023679e+03,6.589760e+03
1.306134e+01,9.087614e+09,7.916801e+10,-4.569834e+04,1.241895e+05,-9.085209e+08,8.368966e+06,3.017275e-03,1.014545e+08,0.000000e+00,0.000000e+00,2.640007e+05,0.000000e+00,2.640007e+05,0.000000e+00,0.000000e+00,7.906378e+09,5.587935e-09,6.676972e-14,0.000000e+00,0.000000e+00,0.000000e+00,0.000000e+00,4.100956e+08,6.305994e+10,-6.736064e+08,3.600002e+06,2.718981e+07,0.000000e+00,-1.871128e+02,2.909188e+09,1.103595e+10,-1.411290e+08,8.443056e+05,5.577442e+07,9.100000e+02,-1.671539e+02,-8.812185e+07,-1.023679e+03,6.589760e+03
1.308247e+01,9.087173e+09,7.916750e+10,-4.496329e+04,1.232783e+05,-9.084519e+08,8.368966e+06,3.019873e-03,1.017626e+08,0.000000e+00,0.000000e+00,6.583369e+05,0.000000e+00,6.583369e+05,0.000000e+00,0.000000e+00,7.907660e+09,5.587935e-09,6.676972e-14,0.000000e+00,0.000000e+00,0.000000e+00,0.000000e+00,4.080697e+08,6.306165e+10,-6.736051e+08,3.600002e+06,2.719547e+07,0.000000e+00,-1.871124e+02,2.909899e+09,1.103430e+10,-1.411216e+08,8.443056e+05,5.580370e+07,9.100000e+02,-1.671451e+02,-8.813229e+07,-1.023679e+03,6.589760e+03
1.310063e+01,9.087074e+09,7.916686e+10,-4.503793e+04,1.220169e+05,-9.083942e+08,8.368966e+06,3.036004e-03,1.018366e+08,0.000000e+00,0.000000e+00,1.159602e+06,0.000000e+00,1.159602e+06,0.000000e+00,0.000000e+00,7.908792e+09,5.587935e-09,6.676972e-14,0.000000e+00,0.000000e+00,0.000000e+00,0.000000e+00,4.061533e+08,6.306278e+10,-6.736010e+08,3.600002e+06,2.720064e+07,0.000000e+00,-1.871113e+02,2.910757e+09,1.103199e+10,-1.411074e+08,8.443056e+05,5.583307e+07,9.100000e+02,-1.671283e+02,-8.815153e+07,-1.023679e+03,6.589760e+03
1.312190e+01,9.088282e+09,7.916520e+10,-4.566217e+04,1.196737e+05,-9.083289e+08,8.368966e+06,3.043080e-03,1.025192e+08,0.000000e+00,0.000000e+00,8.021699e+05,0.000000e+00,8.021699e+05,0.000000e+00,0.000000e+00,7.910267e+09,5.587935e-09,6.676972e-14,0.000000e+00,0.000000e+00,0.000000e+00,0.000000e+00,4.053454e+08,6.306309e+10,-6.735978e+08,3.600002e+06,2.720701e+07,0.000000e+00,-1.871104e+02,2.911431e+09,1.102953e+10,-1.410912e+08,8.441799e+05,5.586945e+07,9.110000e+02,-1.671340e+02,-8.816951e+07,-1.023679e+03,6.589760e+03
1.314070e+01,9.089140e+09,7.916447e+10,-4.633043e+04,1.175344e+05,-9.082730e+08,8.368966e+06,3.034692e-03,1.025960e+08,0.000000e+00,0.000000e+00,3.657420e+05,0.000000e+00,3.657420e+05,0.000000e+00,0.000000e+00,7.911679e+09,5.587935e-09,6.676972e-14,0.000000e+00,0.000000e+00,0.000000e+00,0.000000e+00,4.052501e+08,6.306315e+10,-6.735973e+08,3.600002e+06,2.721252e+07,0.000000e+00,-1.871103e+02,2.911103e+09,1.102863e+10,-1.410831e+08,8.441799e+05,5.590345e+07,9.110000e+02,-1.671244e+02,-8.817696e+07,-1.023679e+03,6.589760e+03
1.316195e+01,9.089221e+09,7.916406e+10,-4.698545e+04,1.159879e+05,-9.082109e+08,8.368966e+06,3.034089e-03,1.029530e+08,0.000000e+00,0.000000e+00,1.759351e+05,0.000000e+00,1.759351e+05,0.000000e+00,0.000000e+00,7.913424e+09,5.587935e-09,6.676972e-14,0.000000e+00,0.000000e+00,0.000000e+00,0.000000e+00,4.044057e+08,6.306377e+10,-6.735967e+08,3.600002e+06,2.721861e+07,0.000000e+00,-1.871101e+02,2.910443e+09,1.102816e+10,-1.410795e+08,8.441799e+05,5.593954e+07,9.110000e+02,-1.671202e+02,-8.818065e+07,-1.023679e+03,6.589760e+03
1.318018e+01,9.090201e+09,7.916309e+10,-4.745766e+04,1.146284e+05,-9.081585e+08,8.368966e+06,3.041876e-03,1.029737e+08,0.000000e+00,0.000000e+00,7.260318e+04,0.000000e+00,7.260318e+04,0.000000e+00,0.000000e+00,7.914977e+09,5.587935e-09,6.676972e-14,0.000000e+00,0.000000e+00,0.000000e+00,0.000000e+00,4.037792e+08,6.306427e+10,-6.735962e+08,3.600002e+06,2.722430e+07,0.000000e+00,-1.871099e+02,2.910607e+09,1.102812e+10,-1.410786e+08,8.440544e+05,5.597086e+07,9.120000e+02,-1.671440e+02,-8.818188e+07,-1.023679e+03,6.589760e+03
1.320208e+01,9.093766e+09,7.916027e+10,-4.802850e+04,1.118709e+05,-9.080966e+08,8.368966e+06,2.986966e-03,1.022319e+08,0.000000e+00,0.000000e+00,2.621735e+04,0.000000e+00,2.621735e+04,0.000000e+00,0.000000e+00,7.916851e+09,5.587935e-09,6.676972e-14,0.000000e+00,0.000000e+00,0.000000e+00,0.000000e+00,4.047548e+08,6.306326e+10,-6.735956e+08,3.600002e+06,2.723145e+07,0.000000e+00,-1.871098e+02,2.911531e+09,1.102756e+10,-1.410785e+08,8.440544e+05,5.600707e+07,9.120000e+02,-1.671439e+02,-8.818236e+07,-1.023679e+03,6.589760e+03
1.322000e+01,9.096827e+09,7.915730e+10,-4.874676e+04,1.087786e+05,-9.080468e+08,8.368966e+06,2.986266e-03,1.020720e+08,0.000000e+00,0.000000e+00,2.075950e+04,0.000000e+00,2.075950e+04,0.000000e+00,0.000000e+00,7.918364e+09,5.587935e-09,6.676972e-14,0.000000e+00,0.000000e+00,0.000000e+00,0.000000e+00,4.062924e+08,6.306177e+10,-6.735956e+08,3.600002e+06,2.723700e+07,0.000000e+00,-1.871098e+02,2.911777e+09,1.102724e+10,-1.410786e+08,8.440544e+05,5.603545e+07,9.120000e+02,-1.671439e+02,-8.818229e+07,-1.023679e+03,6.589760e+03
1.324090e+01,9.099635e+09,7.915425e+10,-4.984392e+04,1.055825e+05,-9.079896e+08,8.368966e+06,2.984921e-03,1.022299e+08,0.000000e+00,0.000000e+00,1.065019e+03,0.000000e+00,1.065019e+03,0.000000e+00,0.000000e+00,7.920050e+09,5.587935e-09,6.676972e-14,0.000000e+00,0.000000e+00,0.000000e+00,0.000000e+00,4.075203e+08,6.306056e+10,-6.735956e+08,3.600002e+06,2.724300e+07,0.000000e+00,-1.871098e+02,2.912063e+09,1.102659e+10,-1.410789e+08,8.440544e+05,5.606806e+07,9.120000e+02,-1.671443e+02,-8.818201e+07,-1.023679e+03,6.589760e+03
1.326180e+01,9.103277e+09,7.915079e+10,-5.090550e+04,1.043028e+05,-9.079331e+08,8.368966e+06,2.984739e-03,1.019866e+08,0.000000e+00,0.000000e+00,1.493849e+04,0.000000e+00,1.493849e+04,0.000000e+00,0.000000e+00,7.921679e+09,5.587935e-09,6.676972e-14,0.000000e+00,0.000000e+00,0.000000e+00,0.000000e+00,4.087762e+08,6.305929e+10,-6.735956e+08,3.600002e+06,2.724906e+07,0.000000e+00,-1.871098e+02,2.913226e+09,1.102562e+10,-1.410791e+08,8.440544e+05,5.610021e+07,9.120000e+02,-1.671445e+02,-8.818194e+07,-1.023679e+03,6.589760e+03
1.328269e+01,9.107227e+09,7.914702e+10,-5.190334e+04,1.049241e+05,-9.078769e+08,8.368966e+06,2.984433e-03,1.017036e+08,0.000000e+00,0.000000e+00,6.388892e+04,0.000000e+00,6.388892e+04,0.000000e+00,0.000000e+00,7.923291e+09,5.587935e-09,6.676972e-14,0.000000e+00,0.000000e+00,0.000000e+00,0.000000e+00,4.111721e+08,6.305689e+10,-6.735956e+08,3.600002e+06,2.725560e+07,0.000000e+00,-1.871098e+02,2.913671e+09,1.102512e+10,-1.410776e+08,8.440544e+05,5.613240e+07,9.120000e+02,-1.671428e+02,-8.818337e+07,-1.023679e+03,6.589760e+03
1.330060e+01,9.109790e+09,7.914404e+10,-5.258650e+04,1.053093e+05,-9.078282e+08,8.368966e+06,2.984399e-03,1.021194e+08,0.000000e+00,0.000000e+00,1.118135e+04,0.000000e+00,1.118135e+04,0.000000e+00,0.000000e+00,7.924624e+09,5.587935e-09,6.676972e-14,0.000000e+00,0.000000e+00,0.000000e+00,0.000000e+00,4.131503e+08,6.305489e+10,-6.735956e+08,3.600002e+06,2.726123e+07,0.000000e+00,-1.871098e+02,2.913383e+09,1.102496e+10,-1.410776e+08,8.440544e+05,5.615963e+07,9.120000e+02,-1.671428e+02,-8.818327e+07,-1.023679e+03,6.589760e+03
1.332149e+01,9.111885e+09,7.914193e+10,-5.331269e+04,1.038882e+05,-9.077699e+08,8.368966e+06,2.984249e-03,1.020687e+08,0.000000e+00,0.000000e+00,1.250770e+04,0.000000e+00,1.250770e+04,0.000000e+00,0.000000e+00,7.926082e+09,5.587935e-09,6.676972e-14,0.000000e+00,0.000000e+00,0.000000e+00,0.000000e+00,4.144980e+08,6.305354e+10,-6.735956e+08,3.600002e+06,2.726750e+07,0.000000e+00,-1.871098e+02,2.913216e+09,1.102502e+10,-1.410774e+08,8.440544e+05,5.619365e+07,9.120000e+02,-1.671425e+02,-8.818359e+07,-1.023679e+03,6.589760e+03
1.334238e+01,9.113970e+09,7.913991e+10,-5.412680e+04,1.005961e+05,-9.077097e+08,8.368966e+06,2.984018e-03,1.019553e+08,0.000000e+00,0.000000e+00,1.115413e+04,0.000000e+00,1.115413e+04,0.000000e+00,0.000000e+00,7.927427e+09,5.587935e-09,6.676972e-14,0.000000e+00,0.000000e+00,0.000000e+00,0.000000e+00,4.153399e+08,6.305273e+10,-6.735956e+08,3.600002e+06,2.727321e+07,0.000000e+00,-1.871098e+02,2.913615e+09,1.102473e+10,-1.410772e+08,8.439288e+05,5.622659e+07,9.130000e+02,-1.671672e+02,-8.818364e+07,-1.023679e+03,6.589760e+03
1.336028e+01,9.115656e+09,7.913819e+10,-5.468224e+04,9.706211e+04,-9.076568e+08,8.368966e+06,2.984113e-03,1.019564e+08,0.000000e+00,0.000000e+00,1.510459e+04,0.000000e+00,1.510459e+04,0.000000e+00,0.000000e+00,7.928488e+09,5.587935e-09,6.676972e-14,0.000000e+00,0.000000e+00,0.000000e+00,0.000000e+00,4.161997e+08,6.305189e+10,-6.735956e+08,3.600002e+06,2.727806e+07,0.000000e+00,-1.871098e+02,2.913672e+09,1.102464e+10,-1.410774e+08,8.439288e+05,5.625492e+07,9.130000e+02,-1.671674e+02,-8.818349e+07,-1.023679e+03,6.589760e+03
1.338117e+01,9.117600e+09,7.913597e+10,-5.482584e+04,9.286938e+04,-9.075939e+08,8.368966e+06,2.984147e-03,1.021168e+08,0.000000e+00,0.000000e+00,2.228889e+04,0.000000e+00,2.228889e+04,0.000000e+00,0.000000e+00,7.929705e+09,5.587935e-09,6.676972e-14,0.000000e+00,0.000000e+00,0.000000e+00,0.000000e+00,4.174099e+08,6.305074e+10,-6.735956e+08,3.600002e+06,2.728408e+07,0.000000e+00,-1.871098e+02,2.913520e+09,1.102442e+10,-1.410776e+08,8.439288e+05,5.628707e+07,9.130000e+02,-1.671676e+02,-8.818332e+07,-1.023679e+03,6.589760e+03
1.340206e+01,9.120683e+09,7.913273e+10,-5.447197e+04,8.952649e+04,-9.075301e+08,8.368966e+06,2.984045e-03,1.021803e+08,0.000000e+00,0.000000e+00,4.351648e+04,0.000000e+00,4.351648e+04,0.000000e+00,0.000000e+00,7.930894e+09,5.587935e-09,6.676972e-14,0.000000e+00,0.000000e+00,0.000000e+00,0.000000e+00,4.186884e+08,6.304953e+10,-6.735956e+08,3.600002e+06,2.729038e+07,0.000000e+00,-1.871098e+02,2.914454e+09,1.102331e+10,-1.410778e+08,8.439288e+05,5.631914e+07,9.130000e+02,-1.671679e+02,-8.818303e+07,-1.023679e+03,6.589760e+03
1.342295e+01,9.124207e+09,7.913001e+10,-5.361484e+04,8.661238e+04,-9.074650e+08,8.368966e+06,2.984353e-03,1.013470e+08,0.000000e+00,0.000000e+00,5.403568e+04,0.000000e+00,5.403568e+04,0.000000e+00,0.000000e+00,7.932060e+09,5.587935e-09,6.676972e-14,0.000000e+00,0.000000e+00,0.000000e+00,0.000000e+00,4.196087e+08,6.304860e+10,-6.735956e+08,3.600002e+06,2.729617e+07,0.000000e+00,-1.871098e+02,2.916259e+09,1.102235e+10,-1.410773e+08,8.439288e+05,5.634956e+07,9.130000e+02,-1.671674e+02,-8.818366e+07,-1.023679e+03,6.589760e+03
1.344096e+01,9.126154e+09,7.912812e+10,-5.255161e+04,8.381061e+04,-9.074072e+08,8.368966e+06,3.172041e-03,1.012801e+08,0.000000e+00,0.000000e+00,4.446845e+04,0.000000e+00,4.446845e+04,0.000000e+00,0.000000e+00,7.933078e+09,5.587935e-09,6.676972e-14,0.000000e+00,0.000000e+00,0.000000e+00,0.000000e+00,4.199646e+08,6.304824e+10,-6.735956e+08,3.600002e+06,2.730085e+07,0.000000e+00,-1.871098e+02,2.917140e+09,1.102137e+10,-1.410769e+08,8.439288e+05,5.637461e+07,9.130000e+02,-1.671668e+02,-8.818419e+07,-1.023679e+03,6.589760e+03
1.346236e+01,9.126643e+09,7.912720e+10,-5.122852e+04,7.969679e+04,-9.073364e+08,8.368966e+06,3.040024e-03,1.016100e+08,0.000000e+00,0.000000e+00,3.775153e+04,0.000000e+00,3.775153e+04,0.000000e+00,0.000000e+00,7.934269e+09,5.587935e-09,6.676972e-14,0.000000e+00,0.000000e+00,0.000000e+00,0.000000e+00,4.190775e+08,6.304898e+10,-6.735956e+08,3.600002e+06,2.730635e+07,0.000000e+00,-1.871098e+02,2.917610e+09,1.102027e+10,-1.410748e+08,8.439288e+05,5.640459e+07,9.130000e+02,-1.671644e+02,-8.818636e+07,-1.023679e+03,6.589760e+03
1.348101e+01,9.126825e+09,7.912704e+10,-5.028688e+04,7.610330e+04,-9.072728e+08,8.368966e+06,3.177017e-03,1.015087e+08,0.000000e+00,0.000000e+00,5.628534e+04,0.000000e+00,5.628534e+04,0.000000e+00,0.000000e+00,7.935282e+09,5.587935e-09,6.676972e-14,0.000000e+00,0.000000e+00,0.000000e+00,0.000000e+00,4.177405e+08,6.305022e+10,-6.735956e+08,3.600002e+06,2.731163e+07,0.000000e+00,-1.871098e+02,2.918313e+09,1.101964e+10,-1.410734e+08,8.439288e+05,5.642989e+07,9.130000e+02,-1.671627e+02,-8.818765e+07,-1.023679e+03,6.589760e+03
1.350270e+01,9.127086e+09,7.912678e+10,-4.959326e+04,7.274293e+04,-9.071982e+08,8.368966e+06,3.030252e-03,1.015392e+08,0.000000e+00,0.000000e+00,3.608566e+04,0.000000e+00,3.608566e+04,0.000000e+00,0.000000e+00,7.936522e+09,5.587935e-09,6.676972e-14,0.000000e+00,0.000000e+00,0.000000e+00,0.000000e+00,4.167038e+08,6.305121e+10,-6.735956e+08,3.600002e+06,2.731717e+07,0.000000e+00,-1.871098e+02,2.918738e+09,1.101904e+10,-1.410725e+08,8.439288e+05,5.645859e+07,9.130000e+02,-1.671616e+02,-8.818858e+07,-1.023679e+03,6.591228e+03
1.352091e+01,9.126310e+09,7.912736e+10,-4.915722e+04,7.122743e+04,-9.071359e+08,8.368966e+06,3.039464e-03,1.016846e+08,0.000000e+00,0.000000e+00,2.291553e+04,0.000000e+00,2.291553e+04,0.000000e+00,0.000000e+00,7.937599e+09,5.587935e-09,6.676972e-14,0.000000e+00,0.000000e+00,0.000000e+00,0.000000e+00,4.157271e+08,6.305212e+10,-6.735956e+08,3.600002e+06,2.732189e+07,0.000000e+00,-1.871098e+02,2.918273e+09,1.101935e+10,-1.410720e+08,8.439288e+05,5.648320e+07,9.130000e+02,-1.671610e+02,-8.818897e+07,-1.023679e+03,6.587254e+03
1.354274e+01,9.125853e+09,7.912747e+10,-4.870107e+04,7.077580e+04,-9.070623e+08,8.368966e+06,3.179731e-03,1.019522e+08,0.000000e+00,0.000000e+00,1.751562e+04,0.000000e+00,1.751562e+04,0.000000e+00,0.000000e+00,7.938885e+09,5.587935e-09,6.676972e-14,0.000000e+00,0.000000e+00,0.000000e+00,0.000000e+00,4.149695e+08,6.305295e+10,-6.735956e+08,3.600002e+06,2.732795e+07,0.000000e+00,-1.871098e+02,2.917783e+09,1.101953e+10,-1.410719e+08,8.439288e+05,5.651321e+07,9.130000e+02,-1.671609e+02,-8.818899e+07,-1.023679e+03,6.585582e+03
1.356182e+01,9.127513e+09,7.912604e+10,-4.850063e+04,7.080850e+04,-9.069990e+08,8.368966e+06,3.180685e-03,1.016790e+08,0.000000e+00,0.000000e+00,2.750343e+04,0.000000e+00,2.750343e+04,0.000000e+00,0.000000e+00,7.940014e+09,5.587935e-09,6.676972e-14,0.000000e+00,0.000000e+00,0.000000e+00,0.000000e+00,4.155643e+08,6.305259e+10,-6.735956e+08,3.600002e+06,2.733283e+07,0.000000e+00,-1.871098e+02,2.918125e+09,1.101935e+10,-1.410720e+08,8.439288e+05,5.653901e+07,9.130000e+02,-1.671610e+02,-8.818885e+07,-1.023679e+03,6.581986e+03
1.358091e+01,9.129942e+09,7.912410e+10,-4.856363e+04,7.115532e+04,-9.069364e+08,8.368966e+06,3.181668e-03,1.011505e+08,0.000000e+00,0.000000e+00,3.472291e+04,0.000000e+00,3.472291e+04,0.000000e+00,0.000000e+00,7.941118e+09,5.587935e-09,6.676972e-14,0.000000e+00,0.000000e+00,0.000000e+00,0.000000e+00,4.165011e+08,6.305174e+10,-6.735956e+08,3.600002e+06,2.733732e+07,0.000000e+00,-1.871098e+02,2.918858e+09,1.101891e+10,-1.410722e+08,8.439288e+05,5.656483e+07,9.130000e+02,-1.671613e+02,-8.818862e+07,-1.023679e+03,6.598635e+03
1.360000e+01,9.130771e+09,7.912297e+10,-4.857688e+04,7.260643e+04,-9.068747e+08,8.368966e+06,3.182630e-03,1.013794e+08,0.000000e+00,0.000000e+00,6.256869e+04,0.000000e+00,6.256869e+04,0.000000e+00,0.000000e+00,7.942248e+09,5.587935e-09,6.676972e-14,0.000000e+00,0.000000e+00,0.000000e+00,0.000000e+00,4.161320e+08,6.305190e+10,-6.735956e+08,3.600002e+06,2.734159e+07,0.000000e+00,-1.871098e+02,2.919312e+09,1.101834e+10,-1.410724e+08,8.439288e+05,5.658953e+07,9.130000e+02,-1.671615e+02,-8.818846e+07,-1.023679e+03,6.590909e+03
1.362228e+01,9.129483e+09,7.912365e+10,-4.811831e+04,7.575113e+04,-9.068036e+08,8.368966e+06,3.183697e-03,1.018635e+08,0.000000e+00,0.000000e+00,7.272521e+04,0.000000e+00,7.272521e+04,0.000000e+00,0.000000e+00,7.943574e+09,5.587935e-09,6.676972e-14,0.000000e+00,0.000000e+00,0.000000e+00,0.000000e+00,4.143291e+08,6.305350e+10,-6.735956e+08,3.600002e+06,2.734690e+07,0.000000e+00,-1.871098e+02,2.918980e+09,1.101817e+10,-1.410725e+08,8.439288e+05,5.661834e+07,9.130000e+02,-1.671616e+02,-8.818837e+07,-1.023679e+03,6.542979e+03
1.364139e+01,9.129885e+09,7.912336e+10,-4.763662e+04,7.842023e+04,-9.067432e+08,8.368966e+06,3.184545e-03,1.017613e+08,0.000000e+00,0.000000e+00,4.879604e+04,0.000000e+00,4.879604e+04,0.000000e+00,0.000000e+00,7.944704e+09,5.587935e-09,6.676972e-14,0.000000e+00,0.000000e+00,0.000000e+00,0.000000e+00,4.135532e+08,6.305433e+10,-6.735957e+08,3.600002e+06,2.735161e+07,0.000000e+00,-1.871098e+02,2.919431e+09,1.101797e+10,-1.410724e+08,8.439288e+05,5.664296e+07,9.130000e+02,-1.671615e+02,-8.818849e+07,-1.023679e+03,6.531310e+03
1.366050e+01,9.131846e+09,7.912181e+10,-4.737889e+04,7.980680e+04,-9.066829e+08,8.368966e+06,3.185424e-03,1.013544e+08,0.000000e+00,0.000000e+00,3.343707e+04,0.000000e+00,3.343707e+04,0.000000e+00,0.000000e+00,7.945861e+09,5.587935e-09,6.676972e-14,0.000000e+00,0.000000e+00,0.000000e+00,0.000000e+00,4.142162e+08,6.305380e+10,-6.735957e+08,3.600002e+06,2.735589e+07,0.000000e+00,-1.871098e+02,2.919985e+09,1.101766e+10,-1.410723e+08,8.439288e+05,5.666664e+07,9.130000e+02,-1.671613e+02,-8.818856e+07,-1.023679e+03,6.527630e+03
1.368298e+01,9.133306e+09,7.912022e+10,-4.706047e+04,7.955437e+04,-9.066122e+08,8.368966e+06,3.231193e-03,1.014340e+08,0.000000e+00,0.000000e+00,1.902096e+04,0.000000e+00,1.902096e+04,0.000000e+00,0.000000e+00,7.947182e+09,5.587935e-09,6.676972e-14,0.000000e+00,0.000000e+00,0.000000e+00,0.000000e+00,4.152388e+08,6.305282e+10,-6.735957e+08,3.600002e+06,2.736064e+07,0.000000e+00,-1.871098e+02,2.919534e+09,1.101775e+10,-1.410724e+08,8.439288e+05,5.669382e+07,9.130000e+02,-1.671616e+02,-8.818837e+07,-1.023679e+03,6.526936e+03
1.370237e+01,9.134408e+09,7.911897e+10,-4.693770e+04,7.771709e+04,-9.065515e+08,8.368966e+06,3.231930e-03,1.015321e+08,0.000000e+00,0.000000e+00,9.656839e+03,0.000000e+00,9.656839e+03,0.000000e+00,0.000000e+00,7.948216e+09,5.587935e-09,6.676972e-14,0.000000e+00,0.000000e+00,0.000000e+00,0.000000e+00,4.165178e+08,6.305164e+10,-6.735957e+08,3.600002e+06,2.736488e+07,0.000000e+00,-1.871098e+02,2.918658e+09,1.101844e+10,-1.410726e+08,8.439288e+05,5.671689e+07,9.130000e+02,-1.671618e+02,-8.818817e+07,-1.023679e+03,6.526936e+03
1.372176e+01,9.136610e+09,7.911674e+10,-4.717343e+04,7.415928e+04,-9.064912e+08,8.368966e+06,3.187509e-03,1.015400e+08,0.000000e+00,0.000000e+00,6.468154e+03,0.000000e+00,6.468154e+03,0.000000e+00,0.000000e+00,7.949224e+09,5.587935e-09,6.676972e-14,0.000000e+00,0.000000e+00,0.000000e+00,0.000000e+00,4.184919e+08,6.304974e+10,-6.735957e+08,3.600002e+06,2.736934e+07,0.000000e+00,-1.871098e+02,2.918251e+09,1.101882e+10,-1.410730e+08,8.439288e+05,5.674044e+07,9.130000e+02,-1.671622e+02,-8.818782e+07,-1.023679e+03,6.526936e+03
1.374088e+01,9.139044e+09,7.911422e+10,-4.712583e+04,6.934416e+04,-9.064324e+08,8.368966e+06,3.186918e-03,1.015724e+08,0.000000e+00,0.000000e+00,3.445833e+04,0.000000e+00,3.445833e+04,0.000000e+00,0.000000e+00,7.950222e+09,5.587935e-09,6.676972e-14,0.000000e+00,0.000000e+00,0.000000e+00,0.000000e+00,4.201509e+08,6.304801e+10,-6.735957e+08,3.600002e+06,2.737353e+07,0.000000e+00,-1.871098e+02,2.918375e+09,1.101877e+10,-1.410732e+08,8.439288e+05,5.676379e+07,9.130000e+02,-1.671624e+02,-8.818774e+07,-1.023679e+03,6.526936e+03
1.376001e+01,9.140676e+09,7.911254e+10,-4.652361e+04,6.456066e+04,-9.063743e+08,8.368966e+06,3.188191e-03,1.015567e+08,0.000000e+00,0.000000e+00,3.091620e+04,0.000000e+00,3.091620e+04,0.000000e+00,0.000000e+00,7.951242e+09,5.587935e-09,6.676972e-14,0.000000e+00,0.000000e+00,0.000000e+00,0.000000e+00,4.208498e+08,6.304715e+10,-6.735957e+08,3.600002e+06,2.737727e+07,0.000000e+00,-1.871098e+02,2.918606e+09,1.101846e+10,-1.410728e+08,8.439288e+05,5.678694e+07,9.130000e+02,-1.671620e+02,-8.818802e+07,-1.023679e+03,6.526936e+03
1.378218e+01,9.142338e+09,7.911049e+10,-4.557269e+04,5.902805e+04,-9.063068e+08,8.368966e+06,3.040022e-03,1.019032e+08,0.000000e+00,0.000000e+00,1.958067e+04,0.000000e+00,1.958067e+04,0.000000e+00,0.000000e+00,7.952412e+09,5.587935e-09,6.676972e-14,0.000000e+00,0.000000e+00,0.000000e+00,0.000000e+00,4.209861e+08,6.304693e+10,-6.735957e+08,3.600002e+06,2.738220e+07,0.000000e+00,-1.871098e+02,2.919245e+09,1.101760e+10,-1.410732e+08,8.439288e+05,5.681477e+07,9.130000e+02,-1.671625e+02,-8.818766e+07,-1.023679e+03,6.526936e+03
1.380041e+01,9.145502e+09,7.910773e+10,-4.493667e+04,5.361185e+04,-9.062506e+08,8.368966e+06,3.035620e-03,1.012821e+08,0.000000e+00,0.000000e+00,1.697814e+05,0.000000e+00,1.697814e+05,0.000000e+00,0.000000e+00,7.953372e+09,5.587935e-09,6.676972e-14,0.000000e+00,0.000000e+00,0.000000e+00,0.000000e+00,4.221564e+08,6.304591e+10,-6.735957e+08,3.600002e+06,2.738685e+07,0.000000e+00,-1.871098e+02,2.920491e+09,1.101669e+10,-1.410716e+08,8.439288e+05,5.683869e+07,9.130000e+02,-1.671606e+02,-8.818948e+07,-1.023679e+03,6.526936e+03
1.382183e+01,9.149601e+09,7.910400e+10,-4.459312e+04,4.751286e+04,-9.061823e+08,8.368966e+06,3.192730e-03,1.009304e+08,0.000000e+00,0.000000e+00,1.215864e+05,0.000000e+00,1.215864e+05,0.000000e+00,0.000000e+00,7.954449e+09,5.587935e-09,6.676972e-14,0.000000e+00,0.000000e+00,0.000000e+00,0.000000e+00,4.239830e+08,6.304423e+10,-6.735957e+08,3.600002e+06,2.739189e+07,0.000000e+00,-1.871098e+02,2.921836e+09,1.101521e+10,-1.410704e+08,8.439288e+05,5.686506e+07,9.130000e+02,-1.671591e+02,-8.819054e+07,-1.023679e+03,6.526936e+03
1.384068e+01,9.150700e+09,7.910225e+10,-4.456314e+04,4.352745e+04,-9.061204e+08,8.368966e+06,3.036360e-03,1.013767e+08,0.000000e+00,0.000000e+00,2.222290e+05,0.000000e+00,2.222290e+05,0.000000e+00,0.000000e+00,7.955405e+09,5.587935e-09,6.676972e-14,0.000000e+00,0.000000e+00,0.000000e+00,0.000000e+00,4.238518e+08,6.304428e+10,-6.735957e+08,3.600002e+06,2.739558e+07,0.000000e+00,-1.871098e+02,2.922251e+09,1.101403e+10,-1.410687e+08,8.439288e+05,5.688951e+07,9.130000e+02,-1.671572e+02,-8.819266e+07,-1.023679e+03,6.526936e+03
1.386190e+01,9.150555e+09,7.910243e+10,-4.426616e+04,3.983094e+04,-9.060495e+08,8.368966e+06,3.032987e-03,1.013670e+08,0.000000e+00,0.000000e+00,1.339562e+05,0.000000e+00,1.339562e+05,0.000000e+00,0.000000e+00,7.956455e+09,5.587935e-09,6.676972e-14,0.000000e+00,0.000000e+00,0.000000e+00,0.000000e+00,4.220564e+08,6.304595e+10,-6.735957e+08,3.600002e+06,2.739997e+07,0.000000e+00,-1.871098e+02,2.922878e+09,1.101322e+10,-1.410659e+08,8.439288e+05,5.691777e+07,9.130000e+02,-1.671538e+02,-8.819512e+07,-1.023679e+03,6.526936e+03
1.388013e+01,9.151233e+09,7.910203e+10,-4.403198e+04,3.741632e+04,-9.059880e+08,8.368966e+06,3.195004e-03,1.011654e+08,0.000000e+00,0.000000e+00,3.407115e+04,0.000000e+00,3.407115e+04,0.000000e+00,0.000000e+00,7.957343e+09,5.587935e-09,6.676972e-14,0.000000e+00,0.000000e+00,0.000000e+00,0.000000e+00,4.212066e+08,6.304689e+10,-6.735957e+08,3.600002e+06,2.740453e+07,0.000000e+00,-1.871098e+02,2.923602e+09,1.101247e+10,-1.410656e+08,8.439288e+05,5.694311e+07,9.130000e+02,-1.671535e+02,-8.819516e+07,-1.023679e+03,6.526936e+03
1.390251e+01,9.152587e+09,7.910077e+10,-4.400949e+04,3.585781e+04,-9.059129e+08,8.368966e+06,3.198476e-03,1.010372e+08,0.000000e+00,0.000000e+00,2.348885e+04,0.000000e+00,2.348885e+04,0.000000e+00,0.000000e+00,7.958457e+09,5.587935e-09,6.676972e-14,0.000000e+00,0.000000e+00,0.000000e+00,0.000000e+00,4.211927e+08,6.304697e+10,-6.735957e+08,3.600002e+06,2.740979e+07,0.000000e+00,-1.871098e+02,2.924022e+09,1.101227e+10,-1.410660e+08,8.439288e+05,5.697284e+07,9.130000e+02,-1.671539e+02,-8.819488e+07,-1.023679e+03,6.526936e+03
1.392170e+01,9.152774e+09,7.910054e+10,-4.368728e+04,3.476561e+04,-9.058492e+08,8.368966e+06,3.199781e-03,1.009988e+08,0.000000e+00,0.000000e+00,2.549721e+04,0.000000e+00,2.549721e+04,0.000000e+00,0.000000e+00,7.959412e+09,5.587935e-09,6.676972e-14,0.000000e+00,0.000000e+00,0.000000e+00,0.000000e+00,4.205056e+08,6.304751e+10,-6.735957e+08,3.600002e+06,2.741385e+07,0.000000e+00,-1.871098e+02,2.924060e+09,1.101204e+10,-1.410663e+08,8.439288e+05,5.699928e+07,9.130000e+02,-1.671543e+02,-8.819444e+07,-1.023679e+03,6.526936e+03
1.394090e+01,9.152550e+09,7.910054e+10,-4.311907e+04,3.327738e+04,-9.057860e+08,8.368966e+06,3.200521e-03,1.011999e+08,0.000000e+00,0.000000e+00,1.656831e+04,0.000000e+00,1.656831e+04,0.000000e+00,0.000000e+00,7.960363e+09,5.587935e-09,6.676972e-14,0.000000e+00,0.000000e+00,0.000000e+00,0.000000e+00,4.189581e+08,6.304890e+10,-6.735957e+08,3.600002e+06,2.741829e+07,0.000000e+00,-1.871098e+02,2.924568e+09,1.101150e+10,-1.410668e+08,8.439288e+05,5.702422e+07,9.130000e+02,-1.671548e+02,-8.819400e+07,-1.023679e+03,6.526936e+03
1.396011e+01,9.151914e+09,7.910112e+10,-4.262036e+04,3.219336e+04,-9.057233e+08,8.368966e+06,3.201496e-03,1.012518e+08,0.000000e+00,0.000000e+00,9.410854e+03,0.000000e+00,9.410854e+03,0.000000e+00,0.000000e+00,7.961342e+09,5.587935e-09,6.676972e-14,0.000000e+00,0.000000e+00,0.000000e+00,0.000000e+00,4.171884e+08,6.305064e+10,-6.735957e+08,3.600002e+06,2.742287e+07,0.000000e+00,-1.871098e+02,2.924937e+09,1.101117e+10,-1.410673e+08,8.439288e+05,5.704932e+07,9.130000e+02,-1.671555e+02,-8.819342e+07,-1.023679e+03,6.526936e+03
1.398252e+01,9.151137e+09,7.910187e+10,-4.168639e+04,3.237195e+04,-9.056512e+08,8.368966e+06,3.203247e-03,1.012038e+08,0.000000e+00,0.000000e+00,1.234210e+04,0.000000e+00,1.234210e+04,0.000000e+00,0.000000e+00,7.962481e+09,5.587935e-09,6.676972e-14,0.000000e+00,0.000000e+00,0.000000e+00,0.000000e+00,4.151968e+08,6.305267e+10,-6.735957e+08,3.600002e+06,2.742798e+07,0.000000e+00,-1.871098e+02,2.925255e+09,1.101058e+10,-1.410679e+08,8.439288e+05,5.707869e+07,9.130000e+02,-1.671562e+02,-8.819292e+07,-1.023679e+03,6.526936e+03
1.400175e+01,9.150279e+09,7.910260e+10,-4.030694e+04,3.382363e+04,-9.055905e+08,8.368966e+06,3.204928e-03,1.012654e+08,0.000000e+00,0.000000e+00,1.851442e+04,0.000000e+00,1.851442e+04,0.000000e+00,0.000000e+00,7.963494e+09,5.587935e-09,6.676972e-14,0.000000e+00,0.000000e+00,0.000000e+00,0.000000e+00,4.133028e+08,6.305458e+10,-6.735957e+08,3.600002e+06,2.743241e+07,0.000000e+00,-1.871098e+02,2.925567e+09,1.101026e+10,-1.410682e+08,8.439288e+05,5.710346e+07,9.130000e+02,-1.671566e+02,-8.819256e+07,-1.023679e+03,6.526936e+03
1.402098e+01,9.149513e+09,7.910334e+10,-3.926876e+04,3.535023e+04,-9.055307e+08,8.368966e+06,3.206662e-03,1.012568e+08,0.000000e+00,0.000000e+00,1.939997e+04,0.000000e+00,1.939997e+04,0.000000e+00,0.000000e+00,7.964524e+09,5.587935e-09,6.676972e-14,0.000000e+00,0.000000e+00,0.000000e+00,0.000000e+00,4.115754e+08,6.305627e+10,-6.735957e+08,3.600002e+06,2.743685e+07,0.000000e+00,-1.871098e+02,2.925872e+09,1.101002e+10,-1.410684e+08,8.439288e+05,5.712780e+07,9.130000e+02,-1.671568e+02,-8.819249e+07,-1.023679e+03,6.526936e+03
1.404023e+01,9.149299e+09,7.910387e+10,-3.907254e+04,3.526007e+04,-9.054711e+08,8.368966e+06,3.208371e-03,1.009397e+08,0.000000e+00,0.000000e+00,2.980954e+04,0.000000e+00,2.980954e+04,0.000000e+00,0.000000e+00,7.965506e+09,5.587935e-09,6.676972e-14,0.000000e+00,0.000000e+00,0.000000e+00,0.000000e+00,4.104778e+08,6.305739e+10,-6.735957e+08,3.600002e+06,2.744129e+07,0.000000e+00,-1.871098e+02,2.926125e+09,1.100996e+10,-1.410678e+08,8.439288e+05,5.715122e+07,9.130000e+02,-1.671561e+02,-8.819313e+07,-1.023679e+03,6.526936e+03
1.406269e+01,9.149180e+09,7.910354e+10,-3.927609e+04,3.298732e+04,-9.054004e+08,8.368966e+06,3.209798e-03,1.012708e+08,0.000000e+00,0.000000e+00,5.763623e+04,0.000000e+00,5.763623e+04,0.000000e+00,0.000000e+00,7.966643e+09,5.587935e-09,6.676972e-14,0.000000e+00,0.000000e+00,0.000000e+00,0.000000e+00,4.102183e+08,6.305777e+10,-6.735957e+08,3.600002e+06,2.744641e+07,0.000000e+00,-1.871098e+02,2.925535e+09,1.100996e+10,-1.410666e+08,8.439288e+05,5.717843e+07,9.130000e+02,-1.671546e+02,-8.819454e+07,-1.023679e+03,6.526936e+03
1.408195e+01,9.150174e+09,7.910239e+10,-3.951423e+04,3.190183e+04,-9.053392e+08,8.368966e+06,3.210440e-03,1.013844e+08,0.000000e+00,0.000000e+00,3.414940e+04,0.000000e+00,3.414940e+04,0.000000e+00,0.000000e+00,7.967607e+09,5.587935e-09,6.676972e-14,0.000000e+00,0.000000e+00,0.000000e+00,0.000000e+00,4.106655e+08,6.305745e+10,-6.735958e+08,3.600002e+06,2.745074e+07,0.000000e+00,-1.871098e+02,2.925445e+09,1.100978e+10,-1.410655e+08,8.439288e+05,5.720208e+07,9.130000e+02,-1.671533e+02,-8.819535e+07,-1.023679e+03,6.526936e+03
1.410071e+01,9.151782e+09,7.910109e+10,-3.990737e+04,3.237864e+04,-9.052796e+08,8.368966e+06,3.040681e-03,1.010756e+08,0.000000e+00,0.000000e+00,2.710001e+04,0.000000e+00,2.710001e+04,0.000000e+00,0.000000e+00,7.968489e+09,5.587935e-09,6.676972e-14,0.000000e+00,0.000000e+00,0.000000e+00,0.000000e+00,4.112302e+08,6.305689e+10,-6.735958e+08,3.600002e+06,2.745485e+07,0.000000e+00,-1.871098e+02,2.925848e+09,1.100957e+10,-1.410657e+08,8.439288e+05,5.722382e+07,9.130000e+02,-1.671535e+02,-8.819506e+07,-1.023679e+03,6.526936e+03
1.412285e+01,9.153231e+09,7.909967e+10,-4.051913e+04,3.299836e+04,-9.052097e+08,8.368966e+06,3.213202e-03,1.010386e+08,0.000000e+00,0.000000e+00,2.945646e+04,0.000000e+00,2.945646e+04,0.000000e+00,0.000000e+00,7.969448e+09,5.587935e-09,6.676972e-14,0.000000e+00,0.000000e+00,0.000000e+00,0.000000e+00,4.113941e+08,6.305663e+10,-6.735958e+08,3.600002e+06,2.745978e+07,0.000000e+00,-1.871098e+02,2.926385e+09,1.100916e+10,-1.410660e+08,8.439288e+05,5.724966e+07,9.130000e+02,-1.671540e+02,-8.819469e+07,-1.023679e+03,6.526936e+03
1.414127e+01,9.153782e+09,7.909861e+10,-4.068237e+04,3.218898e+04,-9.051529e+08,8.368966e+06,3.040327e-03,1.011158e+08,0.000000e+00,0.000000e+00,3.260741e+05,0.000000e+00,3.260741e+05,0.000000e+00,0.000000e+00,7.970234e+09,5.587935e-09,6.676972e-14,0.000000e+00,0.000000e+00,0.000000e+00,0.000000e+00,4.112672e+08,6.305669e+10,-6.735958e+08,3.600002e+06,2.746386e+07,0.000000e+00,-1.871098e+02,2.926428e+09,1.100863e+10,-1.410633e+08,8.439288e+05,5.727223e+07,9.130000e+02,-1.671508e+02,-8.819820e+07,-1.023679e+03,6.526936e+03
1.416267e+01,9.155705e+09,7.909609e+10,-3.983521e+04,2.940577e+04,-9.050886e+08,8.368966e+06,3.034323e-03,1.015429e+08,0.000000e+00,0.000000e+00,3.838842e+05,0.000000e+00,3.838842e+05,0.000000e+00,0.000000e+00,7.971257e+09,5.587935e-09,6.676972e-14,0.000000e+00,0.000000e+00,0.000000e+00,0.000000e+00,4.116249e+08,6.305635e+10,-6.735958e+08,3.600002e+06,2.746864e+07,0.000000e+00,-1.871098e+02,2.927136e+09,1.100717e+10,-1.410582e+08,8.438031e+05,5.729902e+07,9.140000e+02,-1.671695e+02,-8.820371e+07,-1.023679e+03,6.526936e+03
1.418107e+01,9.158715e+09,7.909321e+10,-3.817348e+04,2.667948e+04,-9.050340e+08,8.368966e+06,3.030590e-03,1.013877e+08,0.000000e+00,0.000000e+00,3.510051e+05,0.000000e+00,3.510051e+05,0.000000e+00,0.000000e+00,7.972162e+09,5.587935e-09,6.676972e-14,0.000000e+00,0.000000e+00,0.000000e+00,0.000000e+00,4.126873e+08,6.305533e+10,-6.735958e+08,3.600002e+06,2.747278e+07,0.000000e+00,-1.871098e+02,2.928333e+09,1.100563e+10,-1.410524e+08,8.438031e+05,5.732678e+07,9.140000e+02,-1.671627e+02,-8.820905e+07,-1.023679e+03,6.526936e+03
1.420228e+01,9.160579e+09,7.909113e+10,-3.583338e+04,2.476903e+04,-9.049708e+08,8.368966e+06,3.033175e-03,1.017232e+08,0.000000e+00,0.000000e+00,1.927137e+05,0.000000e+00,1.927137e+05,0.000000e+00,0.000000e+00,7.973189e+09,5.587935e-09,6.676972e-14,0.000000e+00,0.000000e+00,0.000000e+00,0.000000e+00,4.129984e+08,6.305486e+10,-6.735958e+08,3.600002e+06,2.747723e+07,0.000000e+00,-1.871098e+02,2.928989e+09,1.100435e+10,-1.410493e+08,8.438031e+05,5.735703e+07,9.140000e+02,-1.671591e+02,-8.821163e+07,-1.023679e+03,6.526936e+03
1.422048e+01,9.160857e+09,7.909045e+10,-3.358440e+04,2.487507e+04,-9.049162e+08,8.368966e+06,3.033806e-03,1.021334e+08,0.000000e+00,0.000000e+00,1.028816e+05,0.000000e+00,1.028816e+05,0.000000e+00,0.000000e+00,7.974073e+09,5.587935e-09,6.676972e-14,0.000000e+00,0.000000e+00,0.000000e+00,0.000000e+00,4.124228e+08,6.305534e+10,-6.735958e+08,3.600002e+06,2.748117e+07,0.000000e+00,-1.871098e+02,2.929021e+09,1.100371e+10,-1.410488e+08,8.438031e+05,5.738476e+07,9.140000e+02,-1.671584e+02,-8.821206e+07,-1.023679e+03,6.526936e+03
1.424174e+01,9.161552e+09,7.909003e+10,-3.068621e+04,2.616408e+04,-9.048516e+08,8.368966e+06,3.217032e-03,1.018102e+08,0.000000e+00,0.000000e+00,6.703160e+04,0.000000e+00,6.703160e+04,0.000000e+00,0.000000e+00,7.975130e+09,5.587935e-09,6.676972e-14,0.000000e+00,0.000000e+00,0.000000e+00,0.000000e+00,4.121059e+08,6.305570e+10,-6.735958e+08,3.600002e+06,2.748572e+07,0.000000e+00,-1.871098e+02,2.929056e+09,1.100380e+10,-1.410487e+08,8.438031e+05,5.741558e+07,9.140000e+02,-1.671583e+02,-8.821218e+07,-1.023679e+03,6.526936e+03
1.426105e+01,9.163219e+09,7.908855e+10,-2.842245e+04,2.722428e+04,-9.047918e+08,8.368966e+06,3.219644e-03,1.016305e+08,0.000000e+00,0.000000e+00,4.586892e+04,0.000000e+00,4.586892e+04,0.000000e+00,0.000000e+00,7.976113e+09,5.587935e-09,6.676972e-14,0.000000e+00,0.000000e+00,0.000000e+00,0.000000e+00,4.124328e+08,6.305542e+10,-6.735958e+08,3.600002e+06,2.748971e+07,0.000000e+00,-1.871098e+02,2.929547e+09,1.100337e+10,-1.410487e+08,8.438031e+05,5.744288e+07,9.140000e+02,-1.671583e+02,-8.821201e+07,-1.023679e+03,6.526936e+03
1.428037e+01,9.164896e+09,7.908721e+10,-2.682374e+04,2.718477e+04,-9.047304e+08,8.368966e+06,3.219857e-03,1.012860e+08,0.000000e+00,0.000000e+00,8.952024e+03,0.000000e+00,8.952024e+03,0.000000e+00,0.000000e+00,7.977051e+09,5.587935e-09,6.676972e-14,0.000000e+00,0.000000e+00,0.000000e+00,0.000000e+00,4.131643e+08,6.305469e+10,-6.735958e+08,3.600002e+06,2.749400e+07,0.000000e+00,-1.871098e+02,2.929679e+09,1.100363e+10,-1.410497e+08,8.438031e+05,5.746893e+07,9.140000e+02,-1.671595e+02,-8.821096e+07,-1.023679e+03,6.526936e+03
1.430291e+01,9.166509e+09,7.908516e+10,-2.541200e+04,2.620066e+04,-9.046564e+08,8.368966e+06,3.219832e-03,1.016066e+08,0.000000e+00,0.000000e+00,1.506528e+04,0.000000e+00,1.506528e+04,0.000000e+00,0.000000e+00,7.978063e+09,5.587935e-09,6.676972e-14,0.000000e+00,0.000000e+00,0.000000e+00,0.000000e+00,4.146333e+08,6.305328e+10,-6.735958e+08,3.600002e+06,2.749896e+07,0.000000e+00,-1.871098e+02,2.928921e+09,1.100384e+10,-1.410510e+08,8.438031e+05,5.749884e+07,9.140000e+02,-1.671610e+02,-8.820960e+07,-1.023679e+03,6.526936e+03
1.432223e+01,9.168031e+09,7.908339e+10,-2.447742e+04,2.656929e+04,-9.045920e+08,8.368966e+06,3.220011e-03,1.018395e+08,0.000000e+00,0.000000e+00,1.478686e+04,0.000000e+00,1.478686e+04,0.000000e+00,0.000000e+00,7.978939e+09,5.587935e-09,6.676972e-14,0.000000e+00,0.000000e+00,0.000000e+00,0.000000e+00,4.154744e+08,6.305244e+10,-6.735958e+08,3.600002e+06,2.750287e+07,0.000000e+00,-1.871098e+02,2.928873e+09,1.100364e+10,-1.410523e+08,8.438031e+05,5.752315e+07,9.140000e+02,-1.671625e+02,-8.820834e+07,-1.023679e+03,6.526936e+03
1.434155e+01,9.168068e+09,7.908393e+10,-2.347925e+04,2.839123e+04,-9.045276e+08,8.368966e+06,3.220441e-03,1.012472e+08,0.000000e+00,0.000000e+00,1.439981e+04,0.000000e+00,1.439981e+04,0.000000e+00,0.000000e+00,7.979846e+09,5.587935e-09,6.676972e-14,0.000000e+00,0.000000e+00,0.000000e+00,0.000000e+00,4.146438e+08,6.305315e+10,-6.735958e+08,3.600002e+06,2.750674e+07,0.000000e+00,-1.871098e+02,2.929021e+09,1.100401e+10,-1.410532e+08,8.438031e+05,5.754815e+07,9.140000e+02,-1.671637e+02,-8.820742e+07,-1.023679e+03,6.526936e+03
1.436088e+01,9.166358e+09,7.908551e+10,-2.212094e+04,2.952360e+04,-9.044637e+08,8.368966e+06,3.220980e-03,1.013465e+08,0.000000e+00,0.000000e+00,1.589951e+04,0.000000e+00,1.589951e+04,0.000000e+00,0.000000e+00,7.980728e+09,5.587935e-09,6.676972e-14,0.000000e+00,0.000000e+00,0.000000e+00,0.000000e+00,4.117753e+08,6.305584e+10,-6.735958e+08,3.600002e+06,2.751066e+07,0.000000e+00,-1.871098e+02,2.929472e+09,1.100349e+10,-1.410545e+08,8.438031e+05,5.757331e+07,9.140000e+02,-1.671652e+02,-8.820601e+07,-1.023679e+03,6.526936e+03
1.438020e+01,9.164789e+09,7.908690e+10,-2.092228e+04,2.911572e+04,-9.044008e+08,8.368966e+06,3.221251e-03,1.014657e+08,0.000000e+00,0.000000e+00,1.245008e+04,0.000000e+00,1.245008e+04,0.000000e+00,0.000000e+00,7.981544e+09,5.587935e-09,6.676972e-14,0.000000e+00,0.000000e+00,0.000000e+00,0.000000e+00,4.088902e+08,6.305873e+10,-6.735958e+08,3.600002e+06,2.751489e+07,0.000000e+00,-1.871098e+02,2.930107e+09,1.100303e+10,-1.410564e+08,8.438031e+05,5.759714e+07,9.140000e+02,-1.671674e+02,-8.820409e+07,-1.023679e+03,6.526936e+03
1.440275e+01,9.166348e+09,7.908565e+10,-1.991762e+04,2.759400e+04,-9.043290e+08,8.368966e+06,3.221643e-03,1.011067e+08,0.000000e+00,0.000000e+00,1.770186e+04,0.000000e+00,1.770186e+04,0.000000e+00,0.000000e+00,7.982455e+09,5.587935e-09,6.676972e-14,0.000000e+00,0.000000e+00,0.000000e+00,0.000000e+00,4.085498e+08,6.305930e+10,-6.735958e+08,3.600002e+06,2.751970e+07,0.000000e+00,-1.871098e+02,2.931249e+09,1.100213e+10,-1.410572e+08,8.438031e+05,5.762486e+07,9.140000e+02,-1.671684e+02,-8.820380e+07,-1.023679e+03,6.526936e+03
1.442208e+01,9.168660e+09,7.908329e+10,-1.920652e+04,2.511122e+04,-9.042693e+08,8.368966e+06,3.222280e-03,1.011389e+08,0.000000e+00,0.000000e+00,1.620252e+04,0.000000e+00,1.620252e+04,0.000000e+00,0.000000e+00,7.983242e+09,5.587935e-09,6.676972e-14,0.000000e+00,0.000000e+00,0.000000e+00,0.000000e+00,4.091523e+08,6.305878e+10,-6.735958e+08,3.600002e+06,2.752347e+07,0.000000e+00,-1.871098e+02,2.932334e+09,1.100086e+10,-1.410560e+08,8.438031e+05,5.764879e+07,9.140000e+02,-1.671669e+02,-8.820501e+07,-1.023679e+03,6.526936e+03
1.444142e+01,9.169518e+09,7.908250e+10,-1.874856e+04,2.167544e+04,-9.042113e+08,8.368966e+06,3.223054e-03,1.010115e+08,0.000000e+00,0.000000e+00,1.992308e+04,0.000000e+00,1.992308e+04,0.000000e+00,0.000000e+00,7.984036e+09,5.587935e-09,6.676972e-14,0.000000e+00,0.000000e+00,0.000000e+00,0.000000e+00,4.088751e+08,6.305899e+10,-6.735956e+08,3.600002e+06,2.752728e+07,0.000000e+00,-1.871098e+02,2.932901e+09,1.100017e+10,-1.410550e+08,8.438031e+05,5.767169e+07,9.140000e+02,-1.671658e+02,-8.820610e+07,-1.023679e+03,6.526936e+03
1.446083e+01,9.169343e+09,7.908218e+10,-1.856683e+04,1.890793e+04,-9.041556e+08,8.368966e+06,3.258268e-03,1.013803e+08,0.000000e+00,0.000000e+00,4.307623e+04,0.000000e+00,4.307623e+04,0.000000e+00,0.000000e+00,7.984866e+09,5.587935e-09,6.676972e-14,0.000000e+00,0.000000e+00,0.000000e+00,0.000000e+00,4.080313e+08,6.305967e+10,-6.735951e+08,3.600002e+06,2.753108e+07,0.000000e+00,-1.871096e+02,2.932985e+09,1.099970e+10,-1.410545e+08,8.438031e+05,5.769537e+07,9.140000e+02,-1.671651e+02,-8.820723e+07,-1.023679e+03,6.526936e+03
1.448037e+01,9.169837e+09,7.908186e+10,-1.842058e+04,1.875101e+04,-9.041023e+08,8.368966e+06,3.251916e-03,1.011766e+08,0.000000e+00,0.000000e+00,5.478314e+04,0.000000e+00,5.478314e+04,0.000000e+00,0.000000e+00,7.985731e+09,5.587935e-09,6.676972e-14,0.000000e+00,0.000000e+00,0.000000e+00,0.000000e+00,4.075318e+08,6.305997e+10,-6.735939e+08,3.600002e+06,2.753477e+07,0.000000e+00,-1.871093e+02,2.933347e+09,1.099954e+10,-1.410546e+08,8.438031e+05,5.771897e+07,9.140000e+02,-1.671653e+02,-8.820822e+07,-1.023679e+03,6.526936e+03
1.450308e+01,9.171239e+09,7.908087e+10,-1.845425e+04,2.022449e+04,-9.040436e+08,8.368966e+06,3.040313e-03,1.007957e+08,0.000000e+00,0.000000e+00,1.496560e+04,0.000000e+00,1.496560e+04,0.000000e+00,0.000000e+00,7.986726e+09,5.587935e-09,6.676972e-14,0.000000e+00,0.000000e+00,0.000000e+00,0.000000e+00,4.076768e+08,6.305980e+10,-6.735932e+08,3.600002e+06,2.753925e+07,0.000000e+00,-1.871091e+02,2.933937e+09,1.099934e+10,-1.410547e+08,8.438031e+05,5.774440e+07,9.140000e+02,-1.671654e+02,-8.820863e+07,-1.023679e+03,6.526936e+03
1.452131e+01,9.172228e+09,7.907989e+10,-1.871544e+04,1.991279e+04,-9.039987e+08,8.368966e+06,3.040745e-03,1.007212e+08,0.000000e+00,0.000000e+00,1.023463e+04,0.000000e+00,1.023463e+04,0.000000e+00,0.000000e+00,7.987512e+09,5.587935e-09,6.676972e-14,0.000000e+00,0.000000e+00,0.000000e+00,0.000000e+00,4.082514e+08,6.305927e+10,-6.735932e+08,3.600002e+06,2.754293e+07,0.000000e+00,-1.871091e+02,2.933788e+09,1.099936e+10,-1.410548e+08,8.438031e+05,5.776531e+07,9.140000e+02,-1.671655e+02,-8.820859e+07,-1.023679e+03,6.526936e+03
1.454036e+01,9.173026e+09,7.907884e+10,-1.886126e+04,1.820103e+04,-9.039533e+08,8.368966e+06,3.250402e-03,1.009110e+08,0.000000e+00,0.000000e+00,1.481675e+04,0.000000e+00,1.481675e+04,0.000000e+00,0.000000e+00,7.988361e+09,5.587935e-09,6.676972e-14,0.000000e+00,0.000000e+00,0.000000e+00,0.000000e+00,4.088119e+08,6.305874e+10,-6.735932e+08,3.600002e+06,2.754644e+07,0.000000e+00,-1.871091e+02,2.933376e+09,1.099940e+10,-1.410546e+08,8.438031e+05,5.778627e+07,9.140000e+02,-1.671653e+02,-8.820886e+07,-1.023679e+03,6.526936e+03
1.456245e+01,9.174578e+09,7.907715e+10,-1.858535e+04,1.531762e+04,-9.039025e+08,8.368966e+06,3.030965e-03,1.008166e+08,0.000000e+00,0.000000e+00,1.869687e+05,0.000000e+00,1.869687e+05,0.000000e+00,0.000000e+00,7.989395e+09,5.587935e-09,6.676972e-14,0.000000e+00,0.000000e+00,0.000000e+00,0.000000e+00,4.098826e+08,6.305765e+10,-6.735932e+08,3.600002e+06,2.755060e+07,0.000000e+00,-1.871091e+02,2.933043e+09,1.099963e+10,-1.410516e+08,8.438031e+05,5.781019e+07,9.140000e+02,-1.671617e+02,-8.821243e+07,-1.023679e+03,6.526936e+03
1.458063e+01,9.176318e+09,7.907545e+10,-1.781766e+04,1.282882e+04,-9.038620e+08,8.368966e+06,3.034034e-03,1.007623e+08,0.000000e+00,0.000000e+00,1.705377e+05,0.000000e+00,1.705377e+05,0.000000e+00,0.000000e+00,7.990224e+09,5.587935e-09,6.676972e-14,0.000000e+00,0.000000e+00,0.000000e+00,0.000000e+00,4.111721e+08,6.305638e+10,-6.735932e+08,3.600002e+06,2.755415e+07,0.000000e+00,-1.871091e+02,2.932745e+09,1.099962e+10,-1.410484e+08,8.438031e+05,5.783128e+07,9.140000e+02,-1.671579e+02,-8.821530e+07,-1.023679e+03,6.526936e+03
1.460209e+01,9.178628e+09,7.907292e+10,-1.640317e+04,1.123346e+04,-9.038148e+08,8.368966e+06,3.255773e-03,1.010476e+08,0.000000e+00,0.000000e+00,4.142724e+04,0.000000e+00,4.142724e+04,0.000000e+00,0.000000e+00,7.991147e+09,5.587935e-09,6.676972e-14,0.000000e+00,0.000000e+00,0.000000e+00,0.000000e+00,4.131918e+08,6.305443e+10,-6.735932e+08,3.600002e+06,2.755845e+07,0.000000e+00,-1.871091e+02,2.932224e+09,1.099963e+10,-1.410476e+08,8.438031e+05,5.785815e+07,9.140000e+02,-1.671570e+02,-8.821573e+07,-1.023679e+03,6.526936e+03
1.462158e+01,9.181751e+09,7.906994e+10,-1.492178e+04,1.127362e+04,-9.037718e+08,8.368966e+06,3.242181e-03,1.008643e+08,0.000000e+00,0.000000e+00,2.537680e+04,0.000000e+00,2.537680e+04,0.000000e+00,0.000000e+00,7.991924e+09,5.587935e-09,6.676972e-14,0.000000e+00,0.000000e+00,0.000000e+00,0.000000e+00,4.157616e+08,6.305190e+10,-6.735932e+08,3.600002e+06,2.756245e+07,0.000000e+00,-1.871091e+02,2.932066e+09,1.100008e+10,-1.410479e+08,8.438031e+05,5.788225e+07,9.140000e+02,-1.671573e+02,-8.821552e+07,-1.023679e+03,6.526936e+03
1.464102e+01,9.184942e+09,7.906691e+10,-1.360285e+04,1.145565e+04,-9.037280e+08,8.368966e+06,3.235099e-03,1.006801e+08,0.000000e+00,0.000000e+00,2.930685e+04,0.000000e+00,2.930685e+04,0.000000e+00,0.000000e+00,7.992701e+09,5.587935e-09,6.676972e-14,0.000000e+00,0.000000e+00,0.000000e+00,0.000000e+00,4.179258e+08,6.304966e+10,-6.735932e+08,3.600002e+06,2.756619e+07,0.000000e+00,-1.871091e+02,2.932332e+09,1.099981e+10,-1.410480e+08,8.438031e+05,5.790717e+07,9.140000e+02,-1.671574e+02,-8.821543e+07,-1.023679e+03,6.526936e+03
1.466041e+01,9.187223e+09,7.906464e+10,-1.263994e+04,1.094116e+04,-9.036830e+08,8.368966e+06,3.230885e-03,1.006276e+08,0.000000e+00,0.000000e+00,4.313523e+04,0.000000e+00,4.313523e+04,0.000000e+00,0.000000e+00,7.993498e+09,5.587935e-09,6.676972e-14,0.000000e+00,0.000000e+00,0.000000e+00,0.000000e+00,4.190348e+08,6.304841e+10,-6.735932e+08,3.600002e+06,2.756956e+07,0.000000e+00,-1.871091e+02,2.932748e+09,1.099955e+10,-1.410479e+08,8.438031e+05,5.793071e+07,9.140000e+02,-1.671573e+02,-8.821558e+07,-1.023679e+03,6.526936e+03
1.468179e+01,9.188783e+09,7.906249e+10,-1.182303e+04,1.014419e+04,-9.036316e+08,8.368966e+06,3.039247e-03,1.009514e+08,0.000000e+00,0.000000e+00,1.486234e+05,0.000000e+00,1.486234e+05,0.000000e+00,0.000000e+00,7.994450e+09,5.587935e-09,6.676972e-14,0.000000e+00,0.000000e+00,0.000000e+00,0.000000e+00,4.199482e+08,6.304746e+10,-6.735932e+08,3.600002e+06,2.757367e+07,0.000000e+00,-1.871091e+02,2.932568e+09,1.099893e+10,-1.410442e+08,8.438031e+05,5.795797e+07,9.140000e+02,-1.671530e+02,-8.821998e+07,-1.023679e+03,6.526936e+03
1.470057e+01,9.190673e+09,7.906021e+10,-1.125615e+04,9.764397e+03,-9.035850e+08,8.368966e+06,2.996071e-03,1.011612e+08,0.000000e+00,0.000000e+00,2.555893e+05,0.000000e+00,2.555893e+05,0.000000e+00,0.000000e+00,7.995385e+09,5.587935e-09,6.676972e-14,0.000000e+00,0.000000e+00,0.000000e+00,0.000000e+00,4.210370e+08,6.304642e+10,-6.735932e+08,3.600002e+06,2.757752e+07,0.000000e+00,-1.871091e+02,2.932659e+09,1.099776e+10,-1.410385e+08,8.438031e+05,5.798316e+07,9.140000e+02,-1.671462e+02,-8.822658e+07,-1.023679e+03,6.526936e+03
1.472172e+01,9.193245e+09,7.905815e+10,-1.102410e+04,9.421238e+03,-9.035321e+08,8.368966e+06,3.037176e-03,1.008357e+08,0.000000e+00,0.000000e+00,8.162238e+04,0.000000e+00,8.162238e+04,0.000000e+00,0.000000e+00,7.996533e+09,5.587935e-09,6.676972e-14,0.000000e+00,0.000000e+00,0.000000e+00,0.000000e+00,4.218325e+08,6.304560e+10,-6.735932e+08,3.600002e+06,2.758152e+07,0.000000e+00,-1.871091e+02,2.933502e+09,1.099675e+10,-1.410308e+08,8.438031e+05,5.801527e+07,9.140000e+02,-1.671371e+02,-8.823324e+07,-1.023679e+03,6.526936e+03
1.474317e+01,9.193896e+09,7.905743e+10,-1.135700e+04,8.397254e+03,-9.034796e+08,8.368966e+06,3.241204e-03,1.008714e+08,0.000000e+00,0.000000e+00,3.593721e+04,0.000000e+00,3.593721e+04,0.000000e+00,0.000000e+00,7.997696e+09,5.587935e-09,6.676972e-14,0.000000e+00,0.000000e+00,0.000000e+00,0.000000e+00,4.215247e+08,6.304583e+10,-6.735932e+08,3.600002e+06,2.758564e+07,0.000000e+00,-1.871091e+02,2.933649e+09,1.099605e+10,-1.410278e+08,8.438031e+05,5.805218e+07,9.140000e+02,-1.671335e+02,-8.823583e+07,-1.023679e+03,6.526936e+03
1.476262e+01,9.193491e+09,7.905731e+10,-1.194684e+04,5.532726e+03,-9.034337e+08,8.368966e+06,3.244970e-03,1.013179e+08,0.000000e+00,0.000000e+00,3.223510e+04,0.000000e+00,3.223510e+04,0.000000e+00,0.000000e+00,7.998640e+09,5.587935e-09,6.676972e-14,0.000000e+00,0.000000e+00,0.000000e+00,0.000000e+00,4.205005e+08,6.304684e+10,-6.735932e+08,3.600002e+06,2.758930e+07,0.000000e+00,-1.871091e+02,2.933503e+09,1.099557e+10,-1.410268e+08,8.436776e+05,5.808262e+07,9.150000e+02,-1.671572e+02,-8.823682e+07,-1.023679e+03,6.526936e+03
1.478209e+01,9.193653e+09,7.905715e+10,-1.236690e+04,1.601091e+02,-9.033896e+08,8.368966e+06,3.244401e-03,1.012529e+08,0.000000e+00,0.000000e+00,4.733221e+04,0.000000e+00,4.733221e+04,0.000000e+00,0.000000e+00,7.999641e+09,5.587935e-09,6.676972e-14,0.000000e+00,0.000000e+00,0.000000e+00,0.000000e+00,4.196784e+08,6.304767e+10,-6.735932e+08,3.600002e+06,2.759322e+07,0.000000e+00,-1.871091e+02,2.933793e+09,1.099531e+10,-1.410260e+08,8.436776e+05,5.811292e+07,9.150000e+02,-1.671562e+02,-8.823761e+07,-1.023679e+03,6.526936e+03
1.480116e+01,9.194743e+09,7.905586e+10,-1.242050e+04,-6.246031e+03,-9.033485e+08,8.368966e+06,3.037674e-03,1.014037e+08,0.000000e+00,0.000000e+00,6.646245e+04,0.000000e+00,6.646245e+04,0.000000e+00,0.000000e+00,8.000614e+09,5.587935e-09,6.676972e-14,0.000000e+00,0.000000e+00,0.000000e+00,0.000000e+00,4.195544e+08,6.304781e+10,-6.735932e+08,3.600002e+06,2.759727e+07,0.000000e+00,-1.871091e+02,2.934370e+09,1.099457e+10,-1.410252e+08,8.436776e+05,5.814233e+07,9.150000e+02,-1.671554e+02,-8.823833e+07,-1.023679e+03,6.526936e+03
1.482306e+01,9.196359e+09,7.905436e+10,-1.159361e+04,-1.176396e+04,-9.033037e+08,8.368966e+06,3.250916e-03,1.012383e+08,0.000000e+00,0.000000e+00,5.597664e+04,0.000000e+00,5.597664e+04,0.000000e+00,0.000000e+00,8.001761e+09,5.587935e-09,6.676972e-14,0.000000e+00,0.000000e+00,0.000000e+00,0.000000e+00,4.199934e+08,6.304742e+10,-6.735932e+08,3.600002e+06,2.760173e+07,0.000000e+00,-1.871091e+02,2.934824e+09,1.099417e+10,-1.410246e+08,8.436776e+05,5.817303e+07,9.150000e+02,-1.671546e+02,-8.823897e+07,-1.023679e+03,6.526936e+03
1.484214e+01,9.197982e+09,7.905258e+10,-1.004786e+04,-1.404436e+04,-9.032664e+08,8.368966e+06,3.041002e-03,1.013662e+08,0.000000e+00,0.000000e+00,3.031737e+04,0.000000e+00,3.031737e+04,0.000000e+00,0.000000e+00,8.002647e+09,5.587935e-09,6.676972e-14,0.000000e+00,0.000000e+00,0.000000e+00,0.000000e+00,4.204334e+08,6.304699e+10,-6.735932e+08,3.600002e+06,2.760551e+07,0.000000e+00,-1.871091e+02,2.935339e+09,1.099342e+10,-1.410241e+08,8.436776e+05,5.819956e+07,9.150000e+02,-1.671540e+02,-8.823950e+07,-1.023679e+03,6.526936e+03
1.486097e+01,9.199057e+09,7.905177e+10,-8.350422e+03,-1.484739e+04,-9.032301e+08,8.368966e+06,3.038844e-03,1.010710e+08,0.000000e+00,0.000000e+00,2.189737e+04,0.000000e+00,2.189737e+04,0.000000e+00,0.000000e+00,8.003423e+09,5.587935e-09,6.676972e-14,0.000000e+00,0.000000e+00,0.000000e+00,0.000000e+00,4.199320e+08,6.304738e+10,-6.735932e+08,3.600002e+06,2.760920e+07,0.000000e+00,-1.871091e+02,2.936264e+09,1.099274e+10,-1.410234e+08,8.436776e+05,5.822496e+07,9.150000e+02,-1.671532e+02,-8.824015e+07,-1.023679e+03,6.526936e+03
1.488245e+01,9.198454e+09,7.905243e+10,-6.298989e+03,-1.479693e+04,-9.031882e+08,8.368966e+06,3.238147e-03,1.009811e+08,0.000000e+00,0.000000e+00,2.871122e+04,0.000000e+00,2.871122e+04,0.000000e+00,0.000000e+00,8.004317e+09,5.587935e-09,6.676972e-14,0.000000e+00,0.000000e+00,0.000000e+00,0.000000e+00,4.176971e+08,6.304936e+10,-6.735932e+08,3.600002e+06,2.761346e+07,0.000000e+00,-1.871091e+02,2.937219e+09,1.099188e+10,-1.410221e+08,8.436776e+05,5.825237e+07,9.150000e+02,-1.671517e+02,-8.824162e+07,-1.023679e+03,6.526936e+03
1.490166e+01,9.197389e+09,7.905292e+10,-4.143772e+03,-1.475885e+04,-9.031494e+08,8.368966e+06,3.039262e-03,1.012760e+08,0.000000e+00,0.000000e+00,2.038921e+05,0.000000e+00,2.038921e+05,0.000000e+00,0.000000e+00,8.005118e+09,5.587935e-09,6.676972e-14,0.000000e+00,0.000000e+00,0.000000e+00,0.000000e+00,4.159457e+08,6.305114e+10,-6.735932e+08,3.600002e+06,2.761755e+07,0.000000e+00,-1.871091e+02,2.937323e+09,1.099104e+10,-1.410184e+08,8.436776e+05,5.827688e+07,9.150000e+02,-1.671472e+02,-8.824582e+07,-1.023679e+03,6.526936e+03
1.492293e+01,9.197932e+09,7.905223e+10,-1.572526e+03,-1.575413e+04,-9.031055e+08,8.368966e+06,3.028726e-03,1.014217e+08,0.000000e+00,0.000000e+00,1.374811e+05,0.000000e+00,1.374811e+05,0.000000e+00,0.000000e+00,8.006051e+09,5.587935e-09,6.676972e-14,0.000000e+00,0.000000e+00,0.000000e+00,0.000000e+00,4.156315e+08,6.305171e+10,-6.735932e+08,3.600002e+06,2.762177e+07,0.000000e+00,-1.871091e+02,2.937478e+09,1.099043e+10,-1.410149e+08,8.436776e+05,5.830500e+07,9.150000e+02,-1.671431e+02,-8.824890e+07,-1.023679e+03,6.526936e+03
1.494112e+01,9.199169e+09,7.905138e+10,4.080452e+02,-1.727976e+04,-9.030682e+08,8.368966e+06,3.037628e-03,1.010832e+08,0.000000e+00,0.000000e+00,4.845313e+04,0.000000e+00,4.845313e+04,0.000000e+00,0.000000e+00,8.006867e+09,5.587935e-09,6.676972e-14,0.000000e+00,0.000000e+00,0.000000e+00,0.000000e+00,4.156716e+08,6.305175e+10,-6.735932e+08,3.600002e+06,2.762501e+07,0.000000e+00,-1.871091e+02,2.938029e+09,1.098998e+10,-1.410139e+08,8.436776e+05,5.833028e+07,9.150000e+02,-1.671420e+02,-8.824956e+07,-1.023679e+03,6.526936e+03
1.496323e+01,9.199374e+09,7.905152e+10,2.384452e+03,-1.876200e+04,-9.030238e+08,8.368966e+06,3.249527e-03,1.007323e+08,0.000000e+00,0.000000e+00,4.468116e+04,0.000000e+00,4.468116e+04,0.000000e+00,0.000000e+00,8.007859e+09,5.587935e-09,6.676972e-14,0.000000e+00,0.000000e+00,0.000000e+00,0.000000e+00,4.145172e+08,6.305275e+10,-6.735932e+08,3.600002e+06,2.762904e+07,0.000000e+00,-1.871091e+02,2.938517e+09,1.098970e+10,-1.410137e+08,8.436776e+05,5.835821e+07,9.150000e+02,-1.671417e+02,-8.824985e+07,-1.023679e+03,6.526936e+03
1.498272e+01,9.198260e+09,7.905203e+10,3.470362e+03,-1.940643e+04,-9.029854e+08,8.368966e+06,3.248880e-03,1.012603e+08,0.000000e+00,0.000000e+00,4.460949e+04,0.000000e+00,4.460949e+04,0.000000e+00,0.000000e+00,8.008727e+09,5.587935e-09,6.676972e-14,0.000000e+00,0.000000e+00,0.000000e+00,0.000000e+00,4.131879e+08,6.305399e+10,-6.735932e+08,3.600002e+06,2.763265e+07,0.000000e+00,-1.871091e+02,2.937950e+09,1.098972e+10,-1.410131e+08,8.436776e+05,5.838324e+07,9.150000e+02,-1.671409e+02,-8.825058e+07,-1.023679e+03,6.526936e+03
1.500221e+01,9.199026e+09,7.905128e+10,3.660154e+03,-1.987318e+04,-9.029469e+08,8.368966e+06,3.248301e-03,1.011202e+08,0.000000e+00,0.000000e+00,9.447213e+04,0.000000e+00,9.447213e+04,0.000000e+00,0.000000e+00,8.009576e+09,5.587935e-09,6.676972e-14,0.000000e+00,0.000000e+00,0.000000e+00,0.000000e+00,4.133897e+08,6.305391e+10,-6.735932e+08,3.600002e+06,2.763616e+07,0.000000e+00,-1.871091e+02,2.937750e+09,1.098988e+10,-1.410117e+08,8.436776e+05,5.840815e+07,9.150000e+02,-1.671394e+02,-8.825236e+07,-1.023679e+03,6.526936e+03
1.502170e+01,9.201558e+09,7.904884e+10,3.154896e+03,-2.033786e+04,-9.029073e+08,8.368966e+06,3.247730e-03,1.010446e+08,0.000000e+00,0.000000e+00,7.207839e+04,0.000000e+00,7.207839e+04,0.000000e+00,0.000000e+00,8.010413e+09,5.587935e-09,6.676972e-14,0.000000e+00,0.000000e+00,0.000000e+00,0.000000e+00,4.145769e+08,6.305282e+10,-6.735932e+08,3.600002e+06,2.763980e+07,0.000000e+00,-1.871091e+02,2.938339e+09,1.098905e+10,-1.410084e+08,8.436776e+05,5.843340e+07,9.150000e+02,-1.671354e+02,-8.825540e+07,-1.023679e+03,6.526936e+03
1.504119e+01,9.203591e+09,7.904684e+10,2.483382e+03,-1.980104e+04,-9.028659e+08,8.368966e+06,3.247319e-03,1.010182e+08,0.000000e+00,0.000000e+00,2.903648e+04,0.000000e+00,2.903648e+04,0.000000e+00,0.000000e+00,8.011315e+09,5.587935e-09,6.676972e-14,0.000000e+00,0.000000e+00,0.000000e+00,0.000000e+00,4.152270e+08,6.305208e+10,-6.735932e+08,3.600002e+06,2.764360e+07,0.000000e+00,-1.871091e+02,2.939016e+09,1.098839e+10,-1.410073e+08,8.436776e+05,5.845994e+07,9.150000e+02,-1.671342e+02,-8.825627e+07,-1.023679e+03,6.526936e+03
1.506067e+01,9.204707e+09,7.904575e+10,1.929571e+03,-1.701534e+04,-9.028234e+08,8.368966e+06,3.246994e-03,1.009443e+08,0.000000e+00,0.000000e+00,1.242122e+04,0.000000e+00,1.242122e+04,0.000000e+00,0.000000e+00,8.012239e+09,5.587935e-09,6.676972e-14,0.000000e+00,0.000000e+00,0.000000e+00,0.000000e+00,4.155742e+08,6.305169e+10,-6.735932e+08,3.600002e+06,2.764733e+07,0.000000e+00,-1.871091e+02,2.939110e+09,1.098816e+10,-1.410067e+08,8.436776e+05,5.848478e+07,9.150000e+02,-1.671335e+02,-8.825690e+07,-1.023679e+03,6.526936e+03
1.508015e+01,9.206812e+09,7.904321e+10,1.619498e+03,-1.284025e+04,-9.027805e+08,8.368966e+06,3.246715e-03,1.013524e+08,0.000000e+00,0.000000e+00,8.386445e+03,0.000000e+00,8.386445e+03,0.000000e+00,0.000000e+00,8.013092e+09,5.587935e-09,6.676972e-14,0.000000e+00,0.000000e+00,0.000000e+00,0.000000e+00,4.171727e+08,6.305024e+10,-6.735932e+08,3.600002e+06,2.765095e+07,0.000000e+00,-1.871091e+02,2.938984e+09,1.098770e+10,-1.410056e+08,8.436776e+05,5.851038e+07,9.150000e+02,-1.671321e+02,-8.825822e+07,-1.023679e+03,6.526936e+03
1.510288e+01,9.210825e+09,7.903959e+10,1.566079e+03,-9.678688e+03,-9.027310e+08,8.368966e+06,3.246220e-03,1.009215e+08,0.000000e+00,0.000000e+00,2.007153e+04,0.000000e+00,2.007153e+04,0.000000e+00,0.000000e+00,8.014055e+09,5.587935e-09,6.676972e-14,0.000000e+00,0.000000e+00,0.000000e+00,0.000000e+00,4.196772e+08,6.304775e+10,-6.735932e+08,3.600002e+06,2.765495e+07,0.000000e+00,-1.871091e+02,2.939799e+09,1.098716e+10,-1.410018e+08,8.436776e+05,5.854044e+07,9.150000e+02,-1.671276e+02,-8.826225e+07,-1.023679e+03,6.526936e+03
1.512235e+01,9.212850e+09,7.903755e+10,1.632234e+03,-9.377817e+03,-9.026890e+08,8.368966e+06,3.245604e-03,1.008944e+08,0.000000e+00,0.000000e+00,6.240691e+03,0.000000e+00,6.240691e+03,0.000000e+00,0.000000e+00,8.014870e+09,5.587935e-09,6.676972e-14,0.000000e+00,0.000000e+00,0.000000e+00,0.000000e+00,4.206633e+08,6.304666e+10,-6.735932e+08,3.600002e+06,2.765844e+07,0.000000e+00,-1.871091e+02,2.940238e+09,1.098641e+10,-1.409992e+08,8.436776e+05,5.856482e+07,9.150000e+02,-1.671245e+02,-8.826458e+07,-1.023679e+03,6.526936e+03
1.514182e+01,9.213433e+09,7.903636e+10,1.837542e+03,-1.040569e+04,-9.026470e+08,8.368966e+06,3.244839e-03,1.014490e+08,0.000000e+00,0.000000e+00,2.222017e+03,0.000000e+00,2.222017e+03,0.000000e+00,0.000000e+00,8.015676e+09,5.587935e-09,6.676972e-14,0.000000e+00,0.000000e+00,0.000000e+00,0.000000e+00,4.204424e+08,6.304678e+10,-6.735932e+08,3.600002e+06,2.766216e+07,0.000000e+00,-1.871091e+02,2.940420e+09,1.098562e+10,-1.409980e+08,8.436776e+05,5.858805e+07,9.150000e+02,-1.671230e+02,-8.826563e+07,-1.023679e+03,6.526936e+03
1.516089e+01,9.213415e+09,7.903663e+10,2.257772e+03,-1.240173e+04,-9.026066e+08,8.368966e+06,3.039773e-03,1.011609e+08,0.000000e+00,0.000000e+00,2.817970e+03,0.000000e+00,2.817970e+03,0.000000e+00,0.000000e+00,8.016465e+09,5.587935e-09,6.676972e-14,0.000000e+00,0.000000e+00,0.000000e+00,0.000000e+00,4.195320e+08,6.304766e+10,-6.735932e+08,3.600002e+06,2.766550e+07,0.000000e+00,-1.871091e+02,2.940704e+09,1.098552e+10,-1.409978e+08,8.436776e+05,5.861030e+07,9.150000e+02,-1.671228e+02,-8.826573e+07,-1.023679e+03,6.526936e+03
1.518298e+01,9.213228e+09,7.903704e+10,3.029458e+03,-1.587194e+04,-9.025617e+08,8.368966e+06,3.243264e-03,1.009493e+08,0.000000e+00,0.000000e+00,5.949489e+03,0.000000e+00,5.949489e+03,0.000000e+00,0.000000e+00,8.017374e+09,5.587935e-09,6.676972e-14,0.000000e+00,0.000000e+00,0.000000e+00,0.000000e+00,4.179841e+08,6.304921e+10,-6.735932e+08,3.600002e+06,2.766923e+07,0.000000e+00,-1.871091e+02,2.941398e+09,1.098499e+10,-1.409978e+08,8.436776e+05,5.863615e+07,9.150000e+02,-1.671229e+02,-8.826566e+07,-1.023679e+03,6.526936e+03
1.520184e+01,9.212800e+09,7.903739e+10,3.480468e+03,-1.924123e+04,-9.025261e+08,8.368966e+06,3.040863e-03,1.009559e+08,0.000000e+00,0.000000e+00,1.181577e+04,0.000000e+00,1.181577e+04,0.000000e+00,0.000000e+00,8.018142e+09,5.587935e-09,6.676972e-14,0.000000e+00,0.000000e+00,0.000000e+00,0.000000e+00,4.169112e+08,6.305033e+10,-6.735932e+08,3.600002e+06,2.767269e+07,0.000000e+00,-1.871091e+02,2.941453e+09,1.098490e+10,-1.409979e+08,8.436776e+05,5.865809e+07,9.150000e+02,-1.671230e+02,-8.826554e+07,-1.023679e+03,6.526936e+03
1.522085e+01,9.212940e+09,7.903707e+10,3.822132e+03,-2.291094e+04,-9.024927e+08,8.368966e+06,3.227752e-03,1.010697e+08,0.000000e+00,0.000000e+00,2.308371e+04,0.000000e+00,2.308371e+04,0.000000e+00,0.000000e+00,8.018932e+09,5.587935e-09,6.676972e-14,0.000000e+00,0.000000e+00,0.000000e+00,0.000000e+00,4.165788e+08,6.305074e+10,-6.735932e+08,3.600002e+06,2.767604e+07,0.000000e+00,-1.871091e+02,2.941334e+09,1.098477e+10,-1.409980e+08,8.436776e+05,5.868002e+07,9.150000e+02,-1.671231e+02,-8.826554e+07,-1.023679e+03,6.526936e+03
1.524231e+01,9.212913e+09,7.903696e+10,4.415609e+03,-2.815564e+04,-9.024572e+08,8.368966e+06,3.229217e-03,1.011821e+08,0.000000e+00,0.000000e+00,3.275623e+04,0.000000e+00,3.275623e+04,0.000000e+00,0.000000e+00,8.019818e+09,5.587935e-09,6.676972e-14,0.000000e+00,0.000000e+00,0.000000e+00,0.000000e+00,4.157077e+08,6.305152e+10,-6.735932e+08,3.600002e+06,2.767946e+07,0.000000e+00,-1.871091e+02,2.941513e+09,1.098444e+10,-1.409978e+08,8.436776e+05,5.870437e+07,9.150000e+02,-1.671229e+02,-8.826572e+07,-1.023679e+03,6.526936e+03
1.526133e+01,9.211431e+09,7.903864e+10,4.992551e+03,-3.350122e+04,-9.024266e+08,8.368966e+06,3.039350e-03,1.009267e+08,0.000000e+00,0.000000e+00,4.887173e+04,0.000000e+00,4.887173e+04,0.000000e+00,0.000000e+00,8.020609e+09,5.587935e-09,6.676972e-14,0.000000e+00,0.000000e+00,0.000000e+00,0.000000e+00,4.133290e+08,6.305369e+10,-6.735932e+08,3.600002e+06,2.768255e+07,0.000000e+00,-1.871091e+02,2.941802e+09,1.098441e+10,-1.409976e+08,8.436776e+05,5.872564e+07,9.150000e+02,-1.671226e+02,-8.826597e+07,-1.023679e+03,6.526936e+03
1.528281e+01,9.208788e+09,7.904083e+10,5.399403e+03,-3.915534e+04,-9.023914e+08,8.368966e+06,3.036920e-03,1.012860e+08,0.000000e+00,0.000000e+00,5.579239e+04,0.000000e+00,5.579239e+04,0.000000e+00,0.000000e+00,8.021480e+09,5.587935e-09,6.676972e-14,0.000000e+00,0.000000e+00,0.000000e+00,0.000000e+00,4.101552e+08,6.305679e+10,-6.735932e+08,3.600002e+06,2.768643e+07,0.000000e+00,-1.871091e+02,2.941658e+09,1.098415e+10,-1.409972e+08,8.436776e+05,5.874945e+07,9.150000e+02,-1.671221e+02,-8.826650e+07,-1.023679e+03,6.526936e+03
1.530103e+01,9.208276e+09,7.904111e+10,5.579988e+03,-4.195213e+04,-9.023605e+08,8.368966e+06,3.038565e-03,1.013338e+08,0.000000e+00,0.000000e+00,1.569786e+05,0.000000e+00,1.569786e+05,0.000000e+00,0.000000e+00,8.022199e+09,5.587935e-09,6.676972e-14,0.000000e+00,0.000000e+00,0.000000e+00,0.000000e+00,4.090106e+08,6.305805e+10,-6.735932e+08,3.600002e+06,2.768980e+07,0.000000e+00,-1.871091e+02,2.941732e+09,1.098386e+10,-1.409952e+08,8.436776e+05,5.876965e+07,9.150000e+02,-1.671198e+02,-8.826858e+07,-1.023679e+03,6.526936e+03
1.532290e+01,9.209830e+09,7.903983e+10,5.766881e+03,-4.195637e+04,-9.023212e+08,8.368966e+06,3.254483e-03,1.010611e+08,0.000000e+00,0.000000e+00,1.365451e+05,0.000000e+00,1.365451e+05,0.000000e+00,0.000000e+00,8.023111e+09,5.587935e-09,6.676972e-14,0.000000e+00,0.000000e+00,0.000000e+00,0.000000e+00,4.092544e+08,6.305789e+10,-6.735932e+08,3.600002e+06,2.769355e+07,0.000000e+00,-1.871091e+02,2.942370e+09,1.098337e+10,-1.409928e+08,8.436776e+05,5.879506e+07,9.150000e+02,-1.671170e+02,-8.827102e+07,-1.023679e+03,6.526936e+03
1.534248e+01,9.211306e+09,7.903824e+10,5.917724e+03,-3.872571e+04,-9.022843e+08,8.368966e+06,3.274792e-03,1.012404e+08,0.000000e+00,0.000000e+00,1.558851e+04,0.000000e+00,1.558851e+04,0.000000e+00,0.000000e+00,8.023932e+09,5.587935e-09,6.676972e-14,0.000000e+00,0.000000e+00,0.000000e+00,0.000000e+00,4.097795e+08,6.305737e+10,-6.735932e+08,3.600002e+06,2.769684e+07,0.000000e+00,-1.871091e+02,2.942754e+09,1.098283e+10,-1.409916e+08,8.436776e+05,5.882049e+07,9.150000e+02,-1.671156e+02,-8.827186e+07,-1.023679e+03,6.526936e+03
1.536220e+01,9.212501e+09,7.903683e+10,6.204886e+03,-3.385486e+04,-9.022454e+08,8.368966e+06,3.291575e-03,1.012585e+08,0.000000e+00,0.000000e+00,1.133480e+05,0.000000e+00,1.133480e+05,0.000000e+00,0.000000e+00,8.024788e+09,5.587935e-09,6.676972e-14,0.000000e+00,0.000000e+00,0.000000e+00,0.000000e+00,4.102739e+08,6.305693e+10,-6.735932e+08,3.600002e+06,2.770032e+07,0.000000e+00,-1.871091e+02,2.942900e+09,1.098227e+10,-1.409891e+08,8.436776e+05,5.884854e+07,9.150000e+02,-1.671126e+02,-8.827523e+07,-1.023679e+03,6.526936e+03
1.538169e+01,9.213881e+09,7.903524e+10,7.066687e+03,-2.865675e+04,-9.022053e+08,8.368966e+06,3.007203e-03,1.012379e+08,0.000000e+00,0.000000e+00,2.387019e+05,0.000000e+00,2.387019e+05,0.000000e+00,0.000000e+00,8.025648e+09,5.587935e-09,6.676972e-14,0.000000e+00,0.000000e+00,0.000000e+00,0.000000e+00,4.106781e+08,6.305661e+10,-6.735932e+08,3.600002e+06,2.770373e+07,0.000000e+00,-1.871091e+02,2.943233e+09,1.098135e+10,-1.409830e+08,8.436776e+05,5.887590e+07,9.150000e+02,-1.671053e+02,-8.828179e+07,-1.023679e+03,6.526936e+03
1.540286e+01,9.215094e+09,7.903416e+10,8.683636e+03,-2.285468e+04,-9.021600e+08,8.368966e+06,3.233295e-03,1.011171e+08,0.000000e+00,0.000000e+00,1.884968e+05,0.000000e+00,1.884968e+05,0.000000e+00,0.000000e+00,8.026535e+09,5.587935e-09,6.676972e-14,0.000000e+00,0.000000e+00,0.000000e+00,0.000000e+00,4.102467e+08,6.305699e+10,-6.735932e+08,3.600002e+06,2.770699e+07,0.000000e+00,-1.871091e+02,2.944184e+09,1.098008e+10,-1.409761e+08,8.436776e+05,5.890721e+07,9.150000e+02,-1.670971e+02,-8.828804e+07,-1.023679e+03,6.526936e+03
1.542228e+01,9.214942e+09,7.903443e+10,1.043738e+04,-1.739265e+04,-9.021169e+08,8.368966e+06,3.234264e-03,1.010436e+08,0.000000e+00,0.000000e+00,9.158451e+04,0.000000e+00,9.158451e+04,0.000000e+00,0.000000e+00,8.027389e+09,5.587935e-09,6.676972e-14,0.000000e+00,0.000000e+00,0.000000e+00,0.000000e+00,4.090512e+08,6.305806e+10,-6.735932e+08,3.600002e+06,2.771011e+07,0.000000e+00,-1.871091e+02,2.944629e+09,1.097950e+10,-1.409736e+08,8.436776e+05,5.893546e+07,9.150000e+02,-1.670942e+02,-8.829011e+07,-1.023679e+03,6.526936e+03
1.544075e+01,9.215402e+09,7.903362e+10,1.199060e+04,-1.255379e+04,-9.020747e+08,8.368966e+06,3.013922e-03,1.012014e+08,0.000000e+00,0.000000e+00,1.609179e+05,0.000000e+00,1.609179e+05,0.000000e+00,0.000000e+00,8.028188e+09,5.587935e-09,6.676972e-14,0.000000e+00,0.000000e+00,0.000000e+00,0.000000e+00,4.088484e+08,6.305832e+10,-6.735932e+08,3.600002e+06,2.771343e+07,0.000000e+00,-1.871091e+02,2.944672e+09,1.097897e+10,-1.409698e+08,8.436776e+05,5.896336e+07,9.150000e+02,-1.670896e+02,-8.829458e+07,-1.023679e+03,6.526936e+03
1.546196e+01,9.218109e+09,7.903075e+10,1.377225e+04,-8.715171e+03,-9.020255e+08,8.368966e+06,3.037710e-03,1.013803e+08,0.000000e+00,0.000000e+00,6.828940e+04,0.000000e+00,6.828940e+04,0.000000e+00,0.000000e+00,8.029114e+09,5.587935e-09,6.676972e-14,0.000000e+00,0.000000e+00,0.000000e+00,0.000000e+00,4.107163e+08,6.305665e+10,-6.735932e+08,3.600002e+06,2.771720e+07,0.000000e+00,-1.871091e+02,2.944730e+09,1.097851e+10,-1.409673e+08,8.436776e+05,5.899848e+07,9.150000e+02,-1.670867e+02,-8.829651e+07,-1.023679e+03,6.526936e+03
1.548046e+01,9.220997e+09,7.902824e+10,1.538244e+04,-7.448657e+03,-9.019821e+08,8.368966e+06,3.167660e-03,1.009780e+08,0.000000e+00,0.000000e+00,5.254858e+04,0.000000e+00,5.254858e+04,0.000000e+00,0.000000e+00,8.029976e+09,5.587935e-09,6.676972e-14,0.000000e+00,0.000000e+00,0.000000e+00,0.000000e+00,4.127905e+08,6.305464e+10,-6.735932e+08,3.600002e+06,2.772039e+07,0.000000e+00,-1.871091e+02,2.944921e+09,1.097851e+10,-1.409662e+08,8.436776e+05,5.903081e+07,9.150000e+02,-1.670854e+02,-8.829756e+07,-1.023679e+03,6.526936e+03
1.550179e+01,9.223245e+09,7.902589e+10,1.702751e+04,-8.680391e+03,-9.019324e+08,8.368966e+06,2.977348e-03,1.010336e+08,0.000000e+00,0.000000e+00,3.966740e+04,0.000000e+00,3.966740e+04,0.000000e+00,0.000000e+00,8.030990e+09,5.587935e-09,6.676972e-14,0.000000e+00,0.000000e+00,0.000000e+00,0.000000e+00,4.145836e+08,6.305276e+10,-6.735932e+08,3.600002e+06,2.772408e+07,0.000000e+00,-1.871091e+02,2.944572e+09,1.097859e+10,-1.409645e+08,8.436776e+05,5.906654e+07,9.150000e+02,-1.670835e+02,-8.829930e+07,-1.023679e+03,6.526936e+03
1.552266e+01,9.225077e+09,7.902356e+10,1.785048e+04,-1.169988e+04,-9.018846e+08,8.368966e+06,2.991000e-03,1.014751e+08,0.000000e+00,0.000000e+00,1.929733e+04,0.000000e+00,1.929733e+04,0.000000e+00,0.000000e+00,8.032009e+09,5.587935e-09,6.676972e-14,0.000000e+00,0.000000e+00,0.000000e+00,0.000000e+00,4.163449e+08,6.305094e+10,-6.735932e+08,3.600002e+06,2.772743e+07,0.000000e+00,-1.871091e+02,2.943885e+09,1.097872e+10,-1.409631e+08,8.436776e+05,5.910054e+07,9.150000e+02,-1.670817e+02,-8.830069e+07,-1.023679e+03,6.526936e+03
1.554154e+01,9.227021e+09,7.902201e+10,1.784311e+04,-1.441476e+04,-9.018422e+08,8.368966e+06,3.188368e-03,1.010592e+08,0.000000e+00,0.000000e+00,1.790459e+04,0.000000e+00,1.790459e+04,0.000000e+00,0.000000e+00,8.032998e+09,5.587935e-09,6.676972e-14,0.000000e+00,0.000000e+00,0.000000e+00,0.000000e+00,4.176520e+08,6.304956e+10,-6.735932e+08,3.600002e+06,2.773036e+07,0.000000e+00,-1.871091e+02,2.943886e+09,1.097905e+10,-1.409621e+08,8.436776e+05,5.912982e+07,9.150000e+02,-1.670805e+02,-8.830170e+07,-1.023679e+03,6.526936e+03
1.556092e+01,9.228899e+09,7.902025e+10,1.738569e+04,-1.575037e+04,-9.017994e+08,8.368966e+06,3.046197e-03,1.009046e+08,0.000000e+00,0.000000e+00,2.197335e+04,0.000000e+00,2.197335e+04,0.000000e+00,0.000000e+00,8.034001e+09,5.587935e-09,6.676972e-14,0.000000e+00,0.000000e+00,0.000000e+00,0.000000e+00,4.184924e+08,6.304867e+10,-6.735932e+08,3.600002e+06,2.773378e+07,0.000000e+00,-1.871091e+02,2.944282e+09,1.097873e+10,-1.409611e+08,8.436776e+05,5.915784e+07,9.150000e+02,-1.670793e+02,-8.830265e+07,-1.023679e+03,6.526936e+03
1.558260e+01,9.229972e+09,7.901916e+10,1.669452e+04,-1.549159e+04,-9.017526e+08,8.368966e+06,3.235414e-03,1.008681e+08,0.000000e+00,0.000000e+00,3.709089e+04,0.000000e+00,3.709089e+04,0.000000e+00,0.000000e+00,8.035133e+09,5.587935e-09,6.676972e-14,0.000000e+00,0.000000e+00,0.000000e+00,0.000000e+00,4.190452e+08,6.304807e+10,-6.735932e+08,3.600002e+06,2.773741e+07,0.000000e+00,-1.871091e+02,2.944087e+09,1.097878e+10,-1.409602e+08,8.436776e+05,5.918773e+07,9.150000e+02,-1.670783e+02,-8.830346e+07,-1.023679e+03,6.526936e+03
1.560103e+01,9.230594e+09,7.901834e+10,1.621446e+04,-1.461519e+04,-9.017138e+08,8.368966e+06,3.037295e-03,1.009906e+08,0.000000e+00,0.000000e+00,4.957890e+04,0.000000e+00,4.957890e+04,0.000000e+00,0.000000e+00,8.036089e+09,5.587935e-09,6.676972e-14,0.000000e+00,0.000000e+00,0.000000e+00,0.000000e+00,4.194691e+08,6.304765e+10,-6.735932e+08,3.600002e+06,2.774026e+07,0.000000e+00,-1.871091e+02,2.943734e+09,1.097889e+10,-1.409597e+08,8.436776e+05,5.921254e+07,9.150000e+02,-1.670777e+02,-8.830401e+07,-1.023679e+03,6.526936e+03
1.562005e+01,9.231828e+09,7.901671e+10,1.617758e+04,-1.375688e+04,-9.016748e+08,8.368966e+06,3.240324e-03,1.013263e+08,0.000000e+00,0.000000e+00,5.357675e+04,0.000000e+00,5.357675e+04,0.000000e+00,0.000000e+00,8.037058e+09,5.587935e-09,6.676972e-14,0.000000e+00,0.000000e+00,0.000000e+00,0.000000e+00,4.202148e+08,6.304697e+10,-6.735932e+08,3.600002e+06,2.774334e+07,0.000000e+00,-1.871091e+02,2.943666e+09,1.097856e+10,-1.409589e+08,8.436776e+05,5.923786e+07,9.150000e+02,-1.670768e+02,-8.830487e+07,-1.023679e+03,6.526936e+03
1.564195e+01,9.233456e+09,7.901563e+10,1.687303e+04,-1.355714e+04,-9.016319e+08,8.368966e+06,3.247222e-03,1.007693e+08,0.000000e+00,0.000000e+00,4.842773e+04,0.000000e+00,4.842773e+04,0.000000e+00,0.000000e+00,8.038103e+09,5.587935e-09,6.676972e-14,0.000000e+00,0.000000e+00,0.000000e+00,0.000000e+00,4.207395e+08,6.304641e+10,-6.735932e+08,3.600002e+06,2.774668e+07,0.000000e+00,-1.871091e+02,2.944120e+09,1.097849e+10,-1.409575e+08,8.436776e+05,5.926636e+07,9.150000e+02,-1.670751e+02,-8.830630e+07,-1.023679e+03,6.526936e+03
1.566061e+01,9.233681e+09,7.901507e+10,1.764404e+04,-1.370434e+04,-9.015979e+08,8.368966e+06,3.039385e-03,1.010271e+08,0.000000e+00,0.000000e+00,7.997763e+04,0.000000e+00,7.997763e+04,0.000000e+00,0.000000e+00,8.038929e+09,5.587935e-09,6.676972e-14,0.000000e+00,0.000000e+00,0.000000e+00,0.000000e+00,4.202731e+08,6.304678e+10,-6.735932e+08,3.600002e+06,2.774933e+07,0.000000e+00,-1.871091e+02,2.944247e+09,1.097793e+10,-1.409557e+08,8.436776e+05,5.928995e+07,9.150000e+02,-1.670730e+02,-8.830836e+07,-1.023679e+03,6.526936e+03
1.568178e+01,9.233883e+09,7.901473e+10,1.827427e+04,-1.257975e+04,-9.015626e+08,8.368966e+06,3.026381e-03,1.011081e+08,0.000000e+00,0.000000e+00,5.434036e+04,0.000000e+00,5.434036e+04,0.000000e+00,0.000000e+00,8.039818e+09,5.587935e-09,6.676972e-14,0.000000e+00,0.000000e+00,0.000000e+00,0.000000e+00,4.195027e+08,6.304755e+10,-6.735932e+08,3.600002e+06,2.775265e+07,0.000000e+00,-1.871091e+02,2.944539e+09,1.097734e+10,-1.409520e+08,8.436776e+05,5.931759e+07,9.150000e+02,-1.670686e+02,-8.831194e+07,-1.023679e+03,6.526936e+03
1.570038e+01,9.234159e+09,7.901449e+10,1.874222e+04,-1.023455e+04,-9.015339e+08,8.368966e+06,3.209031e-03,1.010603e+08,0.000000e+00,0.000000e+00,3.611843e+04,0.000000e+00,3.611843e+04,0.000000e+00,0.000000e+00,8.040539e+09,5.587935e-09,6.676972e-14,0.000000e+00,0.000000e+00,0.000000e+00,0.000000e+00,4.188304e+08,6.304822e+10,-6.735932e+08,3.600002e+06,2.775582e+07,0.000000e+00,-1.871091e+02,2.944941e+09,1.097682e+10,-1.409503e+08,8.436776e+05,5.934269e+07,9.150000e+02,-1.670665e+02,-8.831348e+07,-1.023679e+03,6.526936e+03
1.572284e+01,9.234502e+09,7.901389e+10,1.924830e+04,-7.640200e+03,-9.015015e+08,8.368966e+06,3.207697e-03,1.012152e+08,0.000000e+00,0.000000e+00,8.129026e+04,0.000000e+00,8.129026e+04,0.000000e+00,0.000000e+00,8.041377e+09,5.587935e-09,6.676972e-14,0.000000e+00,0.000000e+00,0.000000e+00,0.000000e+00,4.179857e+08,6.304904e+10,-6.735932e+08,3.600002e+06,2.775971e+07,0.000000e+00,-1.871091e+02,2.945457e+09,1.097608e+10,-1.409491e+08,8.436776e+05,5.937180e+07,9.150000e+02,-1.670651e+02,-8.831475e+07,-1.023679e+03,6.526936e+03
1.574208e+01,9.235120e+09,7.901312e+10,1.952304e+04,-7.132279e+03,-9.014746e+08,8.368966e+06,3.206438e-03,1.011858e+08,0.000000e+00,0.000000e+00,1.861154e+05,0.000000e+00,1.861154e+05,0.000000e+00,0.000000e+00,8.042094e+09,5.587935e-09,6.676972e-14,0.000000e+00,0.000000e+00,0.000000e+00,0.000000e+00,4.176966e+08,6.304936e+10,-6.735932e+08,3.600002e+06,2.776264e+07,0.000000e+00,-1.871091e+02,2.945740e+09,1.097556e+10,-1.409474e+08,8.436776e+05,5.939661e+07,9.150000e+02,-1.670631e+02,-8.831658e+07,-1.023679e+03,6.526936e+03
1.576131e+01,9.236177e+09,7.901187e+10,1.951987e+04,-8.357328e+03,-9.014474e+08,8.368966e+06,3.204642e-03,1.012775e+08,0.000000e+00,0.000000e+00,2.407626e+05,0.000000e+00,2.407626e+05,0.000000e+00,0.000000e+00,8.042820e+09,5.587935e-09,6.676972e-14,0.000000e+00,0.000000e+00,0.000000e+00,0.000000e+00,4.179279e+08,6.304919e+10,-6.735932e+08,3.600002e+06,2.776552e+07,0.000000e+00,-1.871091e+02,2.945947e+09,1.097489e+10,-1.409450e+08,8.436776e+05,5.942043e+07,9.150000e+02,-1.670602e+02,-8.831902e+07,-1.023679e+03,6.527018e+03
1.578054e+01,9.237029e+09,7.901119e+10,1.932709e+04,-1.100988e+04,-9.014191e+08,8.368966e+06,3.203276e-03,1.011119e+08,0.000000e+00,0.000000e+00,2.053684e+05,0.000000e+00,2.053684e+05,0.000000e+00,0.000000e+00,8.043518e+09,5.587935e-09,6.676972e-14,0.000000e+00,0.000000e+00,0.000000e+00,0.000000e+00,4.178157e+08,6.304931e+10,-6.735932e+08,3.600002e+06,2.776871e+07,0.000000e+00,-1.871091e+02,2.946309e+09,1.097437e+10,-1.409425e+08,8.436776e+05,5.944374e+07,9.150000e+02,-1.670573e+02,-8.832149e+07,-1.023679e+03,6.530111e+03
1.580241e+01,9.236982e+09,7.901154e+10,1.959191e+04,-1.412575e+04,-9.013851e+08,8.368966e+06,3.030869e-03,1.008401e+08,0.000000e+00,0.000000e+00,1.452294e+05,0.000000e+00,1.452294e+05,0.000000e+00,0.000000e+00,8.044340e+09,5.587935e-09,6.676972e-14,0.000000e+00,0.000000e+00,0.000000e+00,0.000000e+00,4.163382e+08,6.305069e+10,-6.735932e+08,3.600002e+06,2.777245e+07,0.000000e+00,-1.871091e+02,2.947056e+09,1.097353e+10,-1.409396e+08,8.436776e+05,5.947006e+07,9.150000e+02,-1.670538e+02,-8.832440e+07,-1.023679e+03,6.534813e+03
1.582096e+01,9.236216e+09,7.901200e+10,2.046477e+04,-1.587960e+04,-9.013549e+08,8.368966e+06,3.200884e-03,1.011684e+08,0.000000e+00,0.000000e+00,5.682884e+04,0.000000e+00,5.682884e+04,0.000000e+00,0.000000e+00,8.045074e+09,5.587935e-09,6.676972e-14,0.000000e+00,0.000000e+00,0.000000e+00,0.000000e+00,4.148470e+08,6.305211e+10,-6.735932e+08,3.600002e+06,2.777560e+07,0.000000e+00,-1.871091e+02,2.947160e+09,1.097304e+10,-1.409384e+08,8.436776e+05,5.949217e+07,9.150000e+02,-1.670524e+02,-8.832534e+07,-1.023679e+03,6.542162e+03
1.584016e+01,9.236198e+09,7.901167e+10,2.166784e+04,-1.725004e+04,-9.013220e+08,8.368966e+06,3.199459e-03,1.014790e+08,0.000000e+00,0.000000e+00,1.432778e+04,0.000000e+00,1.432778e+04,0.000000e+00,0.000000e+00,8.045875e+09,5.587935e-09,6.676972e-14,0.000000e+00,0.000000e+00,0.000000e+00,0.000000e+00,4.143316e+08,6.305268e+10,-6.735932e+08,3.600002e+06,2.777870e+07,0.000000e+00,-1.871091e+02,2.947047e+09,1.097272e+10,-1.409381e+08,8.436776e+05,5.951624e+07,9.150000e+02,-1.670521e+02,-8.832550e+07,-1.023679e+03,6.542595e+03
1.586255e+01,9.238259e+09,7.900973e+10,2.322216e+04,-2.025057e+04,-9.012809e+08,8.368966e+06,3.197688e-03,1.013428e+08,0.000000e+00,0.000000e+00,1.109204e+04,0.000000e+00,1.109204e+04,0.000000e+00,0.000000e+00,8.046905e+09,5.587935e-09,6.676972e-14,0.000000e+00,0.000000e+00,0.000000e+00,0.000000e+00,4.152422e+08,6.305194e+10,-6.735932e+08,3.600002e+06,2.778228e+07,0.000000e+00,-1.871091e+02,2.947433e+09,1.097246e+10,-1.409382e+08,8.436776e+05,5.954416e+07,9.150000e+02,-1.670522e+02,-8.832541e+07,-1.023679e+03,6.542595e+03
1.588173e+01,9.240699e+09,7.900766e+10,2.468777e+04,-2.441964e+04,-9.012426e+08,8.368966e+06,3.195973e-03,1.009385e+08,0.000000e+00,0.000000e+00,7.782899e+03,0.000000e+00,7.782899e+03,0.000000e+00,0.000000e+00,8.047771e+09,5.587935e-09,6.676972e-14,0.000000e+00,0.000000e+00,0.000000e+00,0.000000e+00,4.166280e+08,6.305070e+10,-6.735932e+08,3.600002e+06,2.778534e+07,0.000000e+00,-1.871091e+02,2.947827e+09,1.097224e+10,-1.409382e+08,8.436776e+05,5.956705e+07,9.150000e+02,-1.670522e+02,-8.832544e+07,-1.023679e+03,6.542595e+03
1.590076e+01,9.243177e+09,7.900493e+10,2.585026e+04,-2.871231e+04,-9.012017e+08,8.368966e+06,3.041089e-03,1.011306e+08,0.000000e+00,0.000000e+00,1.732003e+04,0.000000e+00,1.732003e+04,0.000000e+00,0.000000e+00,8.048614e+09,5.587935e-09,6.676972e-14,0.000000e+00,0.000000e+00,0.000000e+00,0.000000e+00,4.183021e+08,6.304908e+10,-6.735932e+08,3.600002e+06,2.778840e+07,0.000000e+00,-1.871091e+02,2.948006e+09,1.097176e+10,-1.409381e+08,8.436776e+05,5.958939e+07,9.150000e+02,-1.670521e+02,-8.832553e+07,-1.023679e+03,6.542397e+03
1.592250e+01,9.245961e+09,7.900226e+10,2.630142e+04,-3.258617e+04,-9.011516e+08,8.368966e+06,3.192267e-03,1.009737e+08,0.000000e+00,0.000000e+00,9.925592e+03,0.000000e+00,9.925592e+03,0.000000e+00,0.000000e+00,8.049600e+09,5.587935e-09,6.676972e-14,0.000000e+00,0.000000e+00,0.000000e+00,0.000000e+00,4.203096e+08,6.304706e+10,-6.735932e+08,3.600002e+06,2.779187e+07,0.000000e+00,-1.871091e+02,2.948053e+09,1.097190e+10,-1.409380e+08,8.436776e+05,5.961419e+07,9.150000e+02,-1.670520e+02,-8.832562e+07,-1.023679e+03,6.541720e+03
1.594120e+01,9.248106e+09,7.900017e+10,2.628693e+04,-3.558227e+04,-9.011064e+08,8.368966e+06,3.039238e-03,1.009002e+08,0.000000e+00,0.000000e+00,1.990105e+04,0.000000e+00,1.990105e+04,0.000000e+00,0.000000e+00,8.050372e+09,5.587935e-09,6.676972e-14,0.000000e+00,0.000000e+00,0.000000e+00,0.000000e+00,4.218745e+08,6.304547e+10,-6.735932e+08,3.600002e+06,2.779474e+07,0.000000e+00,-1.871091e+02,2.947998e+09,1.097189e+10,-1.409379e+08,8.436776e+05,5.963476e+07,9.150000e+02,-1.670518e+02,-8.832578e+07,-1.023679e+03,6.541298e+03
1.596278e+01,9.249970e+09,7.899807e+10,2.645935e+04,-3.805963e+04,-9.010536e+08,8.368966e+06,3.038845e-03,1.010694e+08,0.000000e+00,0.000000e+00,3.470668e+04,0.000000e+00,3.470668e+04,0.000000e+00,0.000000e+00,8.051257e+09,5.587935e-09,6.676972e-14,0.000000e+00,0.000000e+00,0.000000e+00,0.000000e+00,4.231617e+08,6.304416e+10,-6.735932e+08,3.600002e+06,2.779804e+07,0.000000e+00,-1.871091e+02,2.947852e+09,1.097179e+10,-1.409376e+08,8.436776e+05,5.965814e+07,9.150000e+02,-1.670516e+02,-8.832602e+07,-1.023679e+03,6.541044e+03
1.598132e+01,9.251313e+09,7.899675e+10,2.684058e+04,-3.839068e+04,-9.010086e+08,8.368966e+06,3.023067e-03,1.009698e+08,0.000000e+00,0.000000e+00,5.736788e+04,0.000000e+00,5.736788e+04,0.000000e+00,0.000000e+00,8.052046e+09,5.587935e-09,6.676972e-14,0.000000e+00,0.000000e+00,0.000000e+00,0.000000e+00,4.239238e+08,6.304339e+10,-6.735932e+08,3.600002e+06,2.780102e+07,0.000000e+00,-1.871091e+02,2.947820e+09,1.097179e+10,-1.409374e+08,8.435519e+05,5.967724e+07,9.160000e+02,-1.670761e+02,-8.832633e+07,-1.023679e+03,6.541210e+03
1.600247e+01,9.253090e+09,7.899479e+10,2.733667e+04,-3.624618e+04,-9.009591e+08,8.368966e+06,3.019751e-03,1.010742e+08,0.000000e+00,0.000000e+00,9.929051e+04,0.000000e+00,9.929051e+04,0.000000e+00,0.000000e+00,8.052914e+09,5.587935e-09,6.676972e-14,0.000000e+00,0.000000e+00,0.000000e+00,0.000000e+00,4.247216e+08,6.304251e+10,-6.735932e+08,3.600002e+06,2.780442e+07,0.000000e+00,-1.871091e+02,2.948103e+09,1.097133e+10,-1.409367e+08,8.435519e+05,5.969931e+07,9.160000e+02,-1.670753e+02,-8.832707e+07,-1.023679e+03,6.540965e+03
1.602058e+01,9.254958e+09,7.899310e+10,2.774938e+04,-3.181833e+04,-9.009192e+08,8.368966e+06,3.017160e-03,1.008382e+08,0.000000e+00,0.000000e+00,1.238845e+05,0.000000e+00,1.238845e+05,0.000000e+00,0.000000e+00,8.053697e+09,5.587935e-09,6.676972e-14,0.000000e+00,0.000000e+00,0.000000e+00,0.000000e+00,4.255684e+08,6.304163e+10,-6.735932e+08,3.600002e+06,2.780742e+07,0.000000e+00,-1.871091e+02,2.948554e+09,1.097108e+10,-1.409357e+08,8.435519e+05,5.971802e+07,9.160000e+02,-1.670741e+02,-8.832814e+07,-1.023679e+03,6.540577e+03
1.604169e+01,9.257658e+09,7.899047e+10,2.831239e+04,-2.404041e+04,-9.008758e+08,8.368966e+06,3.013976e-03,1.007689e+08,0.000000e+00,0.000000e+00,8.308622e+04,0.000000e+00,8.308622e+04,0.000000e+00,0.000000e+00,8.054668e+09,5.587935e-09,6.676972e-14,0.000000e+00,0.000000e+00,0.000000e+00,0.000000e+00,4.270804e+08,6.304018e+10,-6.735932e+08,3.600002e+06,2.781077e+07,0.000000e+00,-1.871091e+02,2.949077e+09,1.097035e+10,-1.409342e+08,8.435519e+05,5.973921e+07,9.160000e+02,-1.670724e+02,-8.832964e+07,-1.023679e+03,6.540581e+03
1.606278e+01,9.259744e+09,7.898794e+10,2.879627e+04,-1.514850e+04,-9.008353e+08,8.368966e+06,3.010942e-03,1.011541e+08,0.000000e+00,0.000000e+00,5.656494e+04,0.000000e+00,5.656494e+04,0.000000e+00,0.000000e+00,8.055710e+09,5.587935e-09,6.676972e-14,0.000000e+00,0.000000e+00,0.000000e+00,0.000000e+00,4.283244e+08,6.303892e+10,-6.735932e+08,3.600002e+06,2.781406e+07,0.000000e+00,-1.871091e+02,2.949276e+09,1.096965e+10,-1.409330e+08,8.435519e+05,5.976148e+07,9.160000e+02,-1.670709e+02,-8.833081e+07,-1.023679e+03,6.540581e+03
1.608084e+01,9.260728e+09,7.898701e+10,2.907098e+04,-8.082999e+03,-9.008022e+08,8.368966e+06,3.008504e-03,1.009675e+08,0.000000e+00,0.000000e+00,1.432401e+05,0.000000e+00,1.432401e+05,0.000000e+00,0.000000e+00,8.056539e+09,5.587935e-09,6.676972e-14,0.000000e+00,0.000000e+00,0.000000e+00,0.000000e+00,4.280560e+08,6.303901e+10,-6.735930e+08,3.600002e+06,2.781680e+07,0.000000e+00,-1.871091e+02,2.949975e+09,1.096891e+10,-1.409307e+08,8.435519e+05,5.978117e+07,9.160000e+02,-1.670682e+02,-8.833353e+07,-1.023679e+03,6.540581e+03
1.610189e+01,9.259859e+09,7.898767e+10,2.941531e+04,-1.703620e+03,-9.007643e+08,8.368966e+06,3.005556e-03,1.013092e+08,0.000000e+00,0.000000e+00,2.814812e+03,0.000000e+00,2.814812e+03,0.000000e+00,0.000000e+00,8.057468e+09,5.587935e-09,6.676972e-14,0.000000e+00,0.000000e+00,0.000000e+00,0.000000e+00,4.258846e+08,6.304092e+10,-6.735929e+08,3.600002e+06,2.781990e+07,0.000000e+00,-1.871090e+02,2.950660e+09,1.096804e+10,-1.409293e+08,8.435519e+05,5.980497e+07,9.160000e+02,-1.670666e+02,-8.833459e+07,-1.023679e+03,6.540581e+03
1.612290e+01,9.258777e+09,7.898831e+10,3.025986e+04,2.824967e+03,-9.007269e+08,8.368966e+06,3.002914e-03,1.014393e+08,0.000000e+00,0.000000e+00,1.600804e+05,0.000000e+00,1.600804e+05,0.000000e+00,0.000000e+00,8.058456e+09,5.587935e-09,6.676972e-14,0.000000e+00,0.000000e+00,0.000000e+00,0.000000e+00,4.241452e+08,6.304270e+10,-6.735929e+08,3.600002e+06,2.782346e+07,0.000000e+00,-1.871090e+02,2.950679e+09,1.096759e+10,-1.409257e+08,8.435519e+05,5.983380e+07,9.160000e+02,-1.670622e+02,-8.833934e+07,-1.023679e+03,6.540581e+03
1.614091e+01,9.259145e+09,7.898804e+10,3.142190e+04,5.934000e+03,-9.006951e+08,8.368966e+06,3.000510e-03,1.014428e+08,0.000000e+00,0.000000e+00,2.259517e+04,0.000000e+00,2.259517e+04,0.000000e+00,0.000000e+00,8.059250e+09,5.587935e-09,6.676972e-14,0.000000e+00,0.000000e+00,0.000000e+00,0.000000e+00,4.238433e+08,6.304314e+10,-6.735929e+08,3.600002e+06,2.782630e+07,0.000000e+00,-1.871090e+02,2.950685e+09,1.096707e+10,-1.409220e+08,8.435519e+05,5.985915e+07,9.160000e+02,-1.670579e+02,-8.834216e+07,-1.023679e+03,6.540581e+03
1.616190e+01,9.259093e+09,7.898819e+10,3.284614e+04,9.600944e+03,-9.006573e+08,8.368966e+06,2.997419e-03,1.013174e+08,0.000000e+00,0.000000e+00,7.123672e+03,0.000000e+00,7.123672e+03,0.000000e+00,0.000000e+00,8.060289e+09,5.587935e-09,6.676972e-14,0.000000e+00,0.000000e+00,0.000000e+00,0.000000e+00,4.229392e+08,6.304401e+10,-6.735928e+08,3.600002e+06,2.782949e+07,0.000000e+00,-1.871090e+02,2.950925e+09,1.096697e+10,-1.409213e+08,8.435519e+05,5.989170e+07,9.160000e+02,-1.670570e+02,-8.834274e+07,-1.023679e+03,6.542697e+03
1.618286e+01,9.257144e+09,7.899020e+10,3.419009e+04,1.335998e+04,-9.006179e+08,8.368966e+06,2.994538e-03,1.012153e+08,0.000000e+00,0.000000e+00,1.438354e+04,0.000000e+00,1.438354e+04,0.000000e+00,0.000000e+00,8.061338e+09,5.587935e-09,6.676972e-14,0.000000e+00,0.000000e+00,0.000000e+00,0.000000e+00,4.200924e+08,6.304663e+10,-6.735928e+08,3.600002e+06,2.783274e+07,0.000000e+00,-1.871090e+02,2.951025e+09,1.096683e+10,-1.409206e+08,8.435519e+05,5.992114e+07,9.160000e+02,-1.670562e+02,-8.834373e+07,-1.020196e+03,6.537269e+03
1.620082e+01,9.254497e+09,7.899270e+10,3.510901e+04,1.660711e+04,-9.005824e+08,8.368966e+06,2.992056e-03,1.012813e+08,0.000000e+00,0.000000e+00,1.528195e+04,0.000000e+00,1.528195e+04,0.000000e+00,0.000000e+00,8.062114e+09,5.587935e-09,6.676972e-14,0.000000e+00,0.000000e+00,0.000000e+00,0.000000e+00,4.167777e+08,6.304980e+10,-6.735928e+08,3.600002e+06,2.783561e+07,0.000000e+00,-1.871090e+02,2.951120e+09,1.096652e+10,-1.409192e+08,8.435519e+05,5.994682e+07,9.160000e+02,-1.670546e+02,-8.834510e+07,-1.020196e+03,6.535829e+03
1.622176e+01,9.251623e+09,7.899501e+10,3.593883e+04,1.966442e+04,-9.005393e+08,8.368966e+06,2.989198e-03,1.017848e+08,0.000000e+00,0.000000e+00,1.586432e+04,0.000000e+00,1.586432e+04,0.000000e+00,0.000000e+00,8.063048e+09,5.587935e-09,6.676972e-14,0.000000e+00,0.000000e+00,0.000000e+00,0.000000e+00,4.132572e+08,6.305327e+10,-6.735928e+08,3.600002e+06,2.783922e+07,0.000000e+00,-1.871090e+02,2.951036e+09,1.096624e+10,-1.409183e+08,8.435519e+05,5.997696e+07,9.160000e+02,-1.670535e+02,-8.834580e+07,-1.020196e+03,6.535433e+03
1.624267e+01,9.250679e+09,7.899628e+10,3.689948e+04,2.153021e+04,-9.004950e+08,8.368966e+06,2.986540e-03,1.014225e+08,0.000000e+00,0.000000e+00,1.066125e+04,0.000000e+00,1.066125e+04,0.000000e+00,0.000000e+00,8.063985e+09,5.587935e-09,6.676972e-14,0.000000e+00,0.000000e+00,0.000000e+00,0.000000e+00,4.109639e+08,6.305558e+10,-6.735928e+08,3.600002e+06,2.784297e+07,0.000000e+00,-1.871090e+02,2.951688e+09,1.096599e+10,-1.409182e+08,8.435519e+05,6.000634e+07,9.160000e+02,-1.670534e+02,-8.834587e+07,-1.020196e+03,6.535614e+03
1.626059e+01,9.250695e+09,7.899646e+10,3.787048e+04,2.232546e+04,-9.004570e+08,8.368966e+06,2.984507e-03,1.011867e+08,0.000000e+00,0.000000e+00,1.976150e+04,0.000000e+00,1.976150e+04,0.000000e+00,0.000000e+00,8.064777e+09,5.587935e-09,6.676972e-14,0.000000e+00,0.000000e+00,0.000000e+00,0.000000e+00,4.099571e+08,6.305665e+10,-6.735928e+08,3.600002e+06,2.784584e+07,0.000000e+00,-1.871090e+02,2.952112e+09,1.096564e+10,-1.409181e+08,8.434263e+05,6.003076e+07,9.170000e+02,-1.670781e+02,-8.834601e+07,-1.020196e+03,6.535747e+03
1.628147e+01,9.251207e+09,7.899574e+10,3.886924e+04,2.313012e+04,-9.004124e+08,8.368966e+06,2.982125e-03,1.013275e+08,0.000000e+00,0.000000e+00,2.479307e+04,0.000000e+00,2.479307e+04,0.000000e+00,0.000000e+00,8.065739e+09,5.587935e-09,6.676972e-14,0.000000e+00,0.000000e+00,0.000000e+00,0.000000e+00,4.094022e+08,6.305727e+10,-6.735928e+08,3.600002e+06,2.784890e+07,0.000000e+00,-1.871090e+02,2.952466e+09,1.096507e+10,-1.409178e+08,8.434263e+05,6.005835e+07,9.170000e+02,-1.670778e+02,-8.834629e+07,-1.020196e+03,6.538512e+03
1.630234e+01,9.252176e+09,7.899490e+10,3.960863e+04,2.446859e+04,-9.003677e+08,8.368966e+06,2.979881e-03,1.011328e+08,0.000000e+00,0.000000e+00,3.204453e+04,0.000000e+00,3.204453e+04,0.000000e+00,0.000000e+00,8.066739e+09,5.587935e-09,6.676972e-14,0.000000e+00,0.000000e+00,0.000000e+00,0.000000e+00,4.092701e+08,6.305752e+10,-6.735927e+08,3.600002e+06,2.785200e+07,0.000000e+00,-1.871090e+02,2.952824e+09,1.096456e+10,-1.409172e+08,8.434263e+05,6.008563e+07,9.170000e+02,-1.670771e+02,-8.834701e+07,-1.020196e+03,6.536374e+03
1.632022e+01,9.253244e+09,7.899338e+10,4.009617e+04,2.611113e+04,-9.003290e+08,8.368966e+06,2.978328e-03,1.009749e+08,0.000000e+00,0.000000e+00,4.847029e+05,0.000000e+00,4.847029e+05,0.000000e+00,0.000000e+00,8.067639e+09,5.587935e-09,6.676972e-14,0.000000e+00,0.000000e+00,0.000000e+00,0.000000e+00,4.091947e+08,6.305760e+10,-6.735924e+08,3.600002e+06,2.785483e+07,0.000000e+00,-1.871089e+02,2.953296e+09,1.096340e+10,-1.409119e+08,8.434263e+05,6.010983e+07,9.170000e+02,-1.670708e+02,-8.835480e+07,-1.020196e+03,6.532206e+03
1.634106e+01,9.255105e+09,7.899048e+10,4.043511e+04,2.783913e+04,-9.002830e+08,8.368966e+06,2.976597e-03,1.013292e+08,0.000000e+00,0.000000e+00,9.997951e+05,0.000000e+00,9.997951e+05,0.000000e+00,0.000000e+00,8.068887e+09,5.587935e-09,6.676972e-14,0.000000e+00,0.000000e+00,0.000000e+00,0.000000e+00,4.090805e+08,6.305767e+10,-6.735922e+08,3.600002e+06,2.785795e+07,0.000000e+00,-1.871088e+02,2.954189e+09,1.095999e+10,-1.408900e+08,8.434263e+05,6.014691e+07,9.170000e+02,-1.670448e+02,-8.837842e+07,-1.020196e+03,6.537215e+03
1.636189e+01,9.257497e+09,7.898811e+10,4.045266e+04,2.898461e+04,-9.002361e+08,8.368966e+06,2.975294e-03,1.014690e+08,0.000000e+00,0.000000e+00,7.336079e+05,0.000000e+00,7.336079e+05,0.000000e+00,0.000000e+00,8.070675e+09,5.587935e-09,6.676972e-14,0.000000e+00,0.000000e+00,0.000000e+00,0.000000e+00,4.093273e+08,6.305744e+10,-6.735921e+08,3.600002e+06,2.786102e+07,0.000000e+00,-1.871088e+02,2.954755e+09,1.095684e+10,-1.408656e+08,8.434263e+05,6.019020e+07,9.170000e+02,-1.670159e+02,-8.840185e+07,-1.020196e+03,6.542498e+03
1.638272e+01,9.260996e+09,7.898477e+10,3.999329e+04,2.905795e+04,-9.001885e+08,8.368966e+06,2.974660e-03,1.016784e+08,0.000000e+00,0.000000e+00,2.400103e+05,0.000000e+00,2.400103e+05,0.000000e+00,0.000000e+00,8.072784e+09,5.587935e-09,6.676972e-14,0.000000e+00,0.000000e+00,0.000000e+00,0.000000e+00,4.105116e+08,6.305630e+10,-6.735921e+08,3.600002e+06,2.786428e+07,0.000000e+00,-1.871088e+02,2.955469e+09,1.095474e+10,-1.408520e+08,8.434263e+05,6.023327e+07,9.170000e+02,-1.669997e+02,-8.841376e+07,-1.020196e+03,6.542666e+03
1.640056e+01,9.263667e+09,7.898220e+10,3.901889e+04,2.854885e+04,-9.001479e+08,8.368966e+06,2.974513e-03,1.016543e+08,0.000000e+00,0.000000e+00,8.801612e+04,0.000000e+00,8.801612e+04,0.000000e+00,0.000000e+00,8.074303e+09,5.587935e-09,6.676972e-14,0.000000e+00,0.000000e+00,0.000000e+00,0.000000e+00,4.119047e+08,6.305491e+10,-6.735921e+08,3.600002e+06,2.786681e+07,0.000000e+00,-1.871088e+02,2.955761e+09,1.095417e+10,-1.408484e+08,8.434263e+05,6.026872e+07,9.170000e+02,-1.669955e+02,-8.841658e+07,-1.020196e+03,6.542091e+03
1.642138e+01,9.265646e+09,7.898022e+10,3.697156e+04,2.872825e+04,-9.001016e+08,8.368966e+06,2.974156e-03,1.016122e+08,0.000000e+00,0.000000e+00,4.821116e+04,0.000000e+00,4.821116e+04,0.000000e+00,0.000000e+00,8.075565e+09,5.587935e-09,6.676972e-14,0.000000e+00,0.000000e+00,0.000000e+00,0.000000e+00,4.131862e+08,6.305359e+10,-6.735921e+08,3.600002e+06,2.786978e+07,0.000000e+00,-1.871088e+02,2.955718e+09,1.095401e+10,-1.408469e+08,8.434263e+05,6.030673e+07,9.170000e+02,-1.669937e+02,-8.841789e+07,-1.020196e+03,6.540615e+03
1.644249e+01,9.266584e+09,7.897870e+10,3.405521e+04,3.068223e+04,-9.000557e+08,8.368966e+06,3.021797e-03,1.021234e+08,0.000000e+00,0.000000e+00,1.125551e+04,0.000000e+00,1.125551e+04,0.000000e+00,0.000000e+00,8.076626e+09,5.587935e-09,6.676972e-14,0.000000e+00,0.000000e+00,0.000000e+00,0.000000e+00,4.141340e+08,6.305264e+10,-6.735921e+08,3.600002e+06,2.787314e+07,0.000000e+00,-1.871088e+02,2.954978e+09,1.095416e+10,-1.408467e+08,8.434263e+05,6.034494e+07,9.170000e+02,-1.669935e+02,-8.841805e+07,-1.020196e+03,6.540380e+03
1.646066e+01,9.267432e+09,7.897797e+10,3.146513e+04,3.285112e+04,-9.000163e+08,8.368966e+06,3.036583e-03,1.019475e+08,0.000000e+00,0.000000e+00,1.644363e+04,0.000000e+00,1.644363e+04,0.000000e+00,0.000000e+00,8.077456e+09,5.587935e-09,6.676972e-14,0.000000e+00,0.000000e+00,0.000000e+00,0.000000e+00,4.147592e+08,6.305203e+10,-6.735921e+08,3.600002e+06,2.787587e+07,0.000000e+00,-1.871088e+02,2.954578e+09,1.095463e+10,-1.408468e+08,8.434263e+05,6.037542e+07,9.170000e+02,-1.669935e+02,-8.841788e+07,-1.020196e+03,6.540269e+03
1.648194e+01,9.268078e+09,7.897744e+10,2.888073e+04,3.529623e+04,-8.999699e+08,8.368966e+06,3.042109e-03,1.017830e+08,0.000000e+00,0.000000e+00,3.290313e+04,0.000000e+00,3.290313e+04,0.000000e+00,0.000000e+00,8.078363e+09,5.587935e-09,6.676972e-14,0.000000e+00,0.000000e+00,0.000000e+00,0.000000e+00,4.146138e+08,6.305210e+10,-6.735921e+08,3.600002e+06,2.787866e+07,0.000000e+00,-1.871088e+02,2.954674e+09,1.095473e+10,-1.408477e+08,8.434263e+05,6.040940e+07,9.170000e+02,-1.669947e+02,-8.841684e+07,-1.020196e+03,6.540061e+03
1.650054e+01,9.268102e+09,7.897751e+10,2.690139e+04,3.641161e+04,-8.999283e+08,8.368966e+06,3.159059e-03,1.016560e+08,0.000000e+00,0.000000e+00,4.338361e+04,0.000000e+00,4.338361e+04,0.000000e+00,0.000000e+00,8.079140e+09,5.587935e-09,6.676972e-14,0.000000e+00,0.000000e+00,0.000000e+00,0.000000e+00,4.139853e+08,6.305266e+10,-6.735923e+08,3.600002e+06,2.788133e+07,0.000000e+00,-1.871088e+02,2.954712e+09,1.095504e+10,-1.408488e+08,8.434263e+05,6.043756e+07,9.170000e+02,-1.669959e+02,-8.841560e+07,-1.020196e+03,6.540191e+03
1.652265e+01,9.268749e+09,7.897643e+10,2.475642e+04,3.525077e+04,-8.998776e+08,8.368966e+06,3.159181e-03,1.017690e+08,0.000000e+00,0.000000e+00,2.599571e+05,0.000000e+00,2.599571e+05,0.000000e+00,0.000000e+00,8.080097e+09,5.587935e-09,6.676972e-14,0.000000e+00,0.000000e+00,0.000000e+00,0.000000e+00,4.138490e+08,6.305288e+10,-6.735923e+08,3.600002e+06,2.788484e+07,0.000000e+00,-1.871089e+02,2.954749e+09,1.095465e+10,-1.408484e+08,8.434263e+05,6.047111e+07,9.170000e+02,-1.669955e+02,-8.841651e+07,-1.020196e+03,6.540926e+03
1.654115e+01,9.270345e+09,7.897470e+10,2.324091e+04,3.297441e+04,-8.998344e+08,8.368966e+06,3.021132e-03,1.019418e+08,0.000000e+00,0.000000e+00,1.762258e+05,0.000000e+00,1.762258e+05,0.000000e+00,0.000000e+00,8.080949e+09,5.587935e-09,6.676972e-14,0.000000e+00,0.000000e+00,0.000000e+00,0.000000e+00,4.140090e+08,6.305275e+10,-6.735923e+08,3.600002e+06,2.788778e+07,0.000000e+00,-1.871089e+02,2.955350e+09,1.095361e+10,-1.408451e+08,8.434263e+05,6.050115e+07,9.170000e+02,-1.669915e+02,-8.841993e+07,-1.020196e+03,6.541441e+03
1.656286e+01,9.271706e+09,7.897367e+10,2.165411e+04,3.002864e+04,-8.997833e+08,8.368966e+06,3.158427e-03,1.016971e+08,0.000000e+00,0.000000e+00,4.678292e+04,0.000000e+00,4.678292e+04,0.000000e+00,0.000000e+00,8.081964e+09,5.587935e-09,6.676972e-14,0.000000e+00,0.000000e+00,0.000000e+00,0.000000e+00,4.137250e+08,6.305299e+10,-6.735923e+08,3.600002e+06,2.789101e+07,0.000000e+00,-1.871089e+02,2.956078e+09,1.095310e+10,-1.408442e+08,8.434263e+05,6.054165e+07,9.170000e+02,-1.669905e+02,-8.842039e+07,-1.020196e+03,6.541545e+03
1.658181e+01,9.272264e+09,7.897290e+10,2.015580e+04,2.692160e+04,-8.997388e+08,8.368966e+06,3.158324e-03,1.018518e+08,0.000000e+00,0.000000e+00,4.144612e+04,0.000000e+00,4.144612e+04,0.000000e+00,0.000000e+00,8.082875e+09,5.587935e-09,6.676972e-14,0.000000e+00,0.000000e+00,0.000000e+00,0.000000e+00,4.134875e+08,6.305324e+10,-6.735921e+08,3.600002e+06,2.789404e+07,0.000000e+00,-1.871088e+02,2.956227e+09,1.095265e+10,-1.408442e+08,8.434263e+05,6.057693e+07,9.170000e+02,-1.669905e+02,-8.842061e+07,-1.020196e+03,6.541548e+03
1.660076e+01,9.272616e+09,7.897233e+10,1.839143e+04,2.299168e+04,-8.996944e+08,8.368966e+06,3.158169e-03,1.019764e+08,0.000000e+00,0.000000e+00,5.031611e+04,0.000000e+00,5.031611e+04,0.000000e+00,0.000000e+00,8.083754e+09,5.587935e-09,6.676972e-14,0.000000e+00,0.000000e+00,0.000000e+00,0.000000e+00,4.134392e+08,6.305327e+10,-6.735919e+08,3.600002e+06,2.789717e+07,0.000000e+00,-1.871087e+02,2.955978e+09,1.095264e+10,-1.408438e+08,8.434263e+05,6.061131e+07,9.170000e+02,-1.669901e+02,-8.842126e+07,-1.020196e+03,6.541427e+03
1.662287e+01,9.273230e+09,7.897196e+10,1.633122e+04,1.872643e+04,-8.996421e+08,8.368966e+06,3.157257e-03,1.017030e+08,0.000000e+00,0.000000e+00,4.544387e+04,0.000000e+00,4.544387e+04,0.000000e+00,0.000000e+00,8.084737e+09,5.587935e-09,6.676972e-14,0.000000e+00,0.000000e+00,0.000000e+00,0.000000e+00,4.130583e+08,6.305362e+10,-6.735917e+08,3.600002e+06,2.790085e+07,0.000000e+00,-1.871087e+02,2.956143e+09,1.095266e+10,-1.408431e+08,8.434263e+05,6.065069e+07,9.170000e+02,-1.669892e+02,-8.842215e+07,-1.020196e+03,6.541871e+03
1.664157e+01,9.273455e+09,7.897183e+10,1.490307e+04,1.577998e+04,-8.995969e+08,8.368966e+06,3.037503e-03,1.015685e+08,0.000000e+00,0.000000e+00,5.081198e+04,0.000000e+00,5.081198e+04,0.000000e+00,0.000000e+00,8.085544e+09,5.587935e-09,6.676972e-14,0.000000e+00,0.000000e+00,0.000000e+00,0.000000e+00,4.123776e+08,6.305430e+10,-6.735917e+08,3.600002e+06,2.790381e+07,0.000000e+00,-1.871087e+02,2.956355e+09,1.095241e+10,-1.408424e+08,8.434263e+05,6.068212e+07,9.170000e+02,-1.669884e+02,-8.842290e+07,-1.020196e+03,6.542862e+03
1.666003e+01,9.273186e+09,7.897209e+10,1.367871e+04,1.328138e+04,-8.995507e+08,8.368966e+06,3.154998e-03,1.015214e+08,0.000000e+00,0.000000e+00,5.154530e+04,0.000000e+00,5.154530e+04,0.000000e+00,0.000000e+00,8.086342e+09,5.587935e-09,6.676972e-14,0.000000e+00,0.000000e+00,0.000000e+00,0.000000e+00,4.114377e+08,6.305523e+10,-6.735917e+08,3.600002e+06,2.790668e+07,0.000000e+00,-1.871087e+02,2.956390e+09,1.095218e+10,-1.408416e+08,8.434263e+05,6.071180e+07,9.170000e+02,-1.669875e+02,-8.842366e+07,-1.020196e+03,6.543729e+03
1.668220e+01,9.272310e+09,7.897247e+10,1.243496e+04,1.111216e+04,-8.994926e+08,8.368966e+06,3.178987e-03,1.018262e+08,0.000000e+00,0.000000e+00,1.242160e+05,0.000000e+00,1.242160e+05,0.000000e+00,0.000000e+00,8.087364e+09,5.587935e-09,6.676972e-14,0.000000e+00,0.000000e+00,0.000000e+00,0.000000e+00,4.100257e+08,6.305663e+10,-6.735918e+08,3.600002e+06,2.791012e+07,0.000000e+00,-1.871087e+02,2.956065e+09,1.095191e+10,-1.408397e+08,8.434263e+05,6.074661e+07,9.170000e+02,-1.669852e+02,-8.842578e+07,-1.020196e+03,6.545253e+03
1.670051e+01,9.272208e+09,7.897252e+10,1.178494e+04,1.045769e+04,-8.994429e+08,8.368966e+06,3.026790e-03,1.017678e+08,0.000000e+00,0.000000e+00,1.863537e+05,0.000000e+00,1.863537e+05,0.000000e+00,0.000000e+00,8.088220e+09,5.587935e-09,6.676972e-14,0.000000e+00,0.000000e+00,0.000000e+00,0.000000e+00,4.087347e+08,6.305796e+10,-6.735924e+08,3.600002e+06,2.791308e+07,0.000000e+00,-1.871089e+02,2.956491e+09,1.095121e+10,-1.408362e+08,8.434263e+05,6.077395e+07,9.170000e+02,-1.669810e+02,-8.842891e+07,-1.020196e+03,6.551098e+03
1.672161e+01,9.273014e+09,7.897195e+10,1.129379e+04,1.071457e+04,-8.993850e+08,8.368966e+06,3.007799e-03,1.015799e+08,0.000000e+00,0.000000e+00,1.040163e+05,0.000000e+00,1.040163e+05,0.000000e+00,0.000000e+00,8.089226e+09,5.587935e-09,6.676972e-14,0.000000e+00,0.000000e+00,0.000000e+00,0.000000e+00,4.079182e+08,6.305892e+10,-6.735930e+08,3.600002e+06,2.791679e+07,0.000000e+00,-1.871091e+02,2.957227e+09,1.095028e+10,-1.408320e+08,8.434263e+05,6.080418e+07,9.170000e+02,-1.669761e+02,-8.843218e+07,-1.020196e+03,6.559201e+03
1.674026e+01,9.274541e+09,7.897054e+10,1.063857e+04,1.144578e+04,-8.993343e+08,8.368966e+06,3.158324e-03,1.014333e+08,0.000000e+00,0.000000e+00,7.173791e+04,0.000000e+00,7.173791e+04,0.000000e+00,0.000000e+00,8.090118e+09,5.587935e-09,6.676972e-14,0.000000e+00,0.000000e+00,0.000000e+00,0.000000e+00,4.083145e+08,6.305868e+10,-6.735932e+08,3.600002e+06,2.791985e+07,0.000000e+00,-1.871091e+02,2.957637e+09,1.094978e+10,-1.408303e+08,8.434263e+05,6.083068e+07,9.170000e+02,-1.669741e+02,-8.843361e+07,-1.020196e+03,6.562189e+03
1.676160e+01,9.276871e+09,7.896800e+10,9.208165e+03,1.236783e+04,-8.992774e+08,8.368966e+06,3.034401e-03,1.015120e+08,0.000000e+00,0.000000e+00,9.566247e+04,0.000000e+00,9.566247e+04,0.000000e+00,0.000000e+00,8.091187e+09,5.587935e-09,6.676972e-14,0.000000e+00,0.000000e+00,0.000000e+00,0.000000e+00,4.094514e+08,6.305763e+10,-6.735932e+08,3.600002e+06,2.792300e+07,0.000000e+00,-1.871091e+02,2.958001e+09,1.094898e+10,-1.408286e+08,8.434263e+05,6.086059e+07,9.170000e+02,-1.669721e+02,-8.843533e+07,-1.020196e+03,6.562590e+03
1.678283e+01,9.279360e+09,7.896557e+10,7.347335e+03,1.284234e+04,-8.992218e+08,8.368966e+06,3.035580e-03,1.014604e+08,0.000000e+00,0.000000e+00,5.158837e+04,0.000000e+00,5.158837e+04,0.000000e+00,0.000000e+00,8.092203e+09,5.587935e-09,6.676972e-14,0.000000e+00,0.000000e+00,0.000000e+00,0.000000e+00,4.106887e+08,6.305642e+10,-6.735932e+08,3.600002e+06,2.792645e+07,0.000000e+00,-1.871091e+02,2.958409e+09,1.094852e+10,-1.408277e+08,8.434263e+05,6.088979e+07,9.170000e+02,-1.669709e+02,-8.843609e+07,-1.020196e+03,6.562724e+03
1.680117e+01,9.281758e+09,7.896319e+10,5.997934e+03,1.271340e+04,-8.991741e+08,8.368966e+06,3.155885e-03,1.014464e+08,0.000000e+00,0.000000e+00,3.296145e+03,0.000000e+00,3.296145e+03,0.000000e+00,0.000000e+00,8.093044e+09,5.587935e-09,6.676972e-14,0.000000e+00,0.000000e+00,0.000000e+00,0.000000e+00,4.123939e+08,6.305480e+10,-6.735932e+08,3.600002e+06,2.792970e+07,0.000000e+00,-1.871091e+02,2.958446e+09,1.094845e+10,-1.408279e+08,8.434263e+05,6.091483e+07,9.170000e+02,-1.669712e+02,-8.843578e+07,-1.020196e+03,6.563665e+03
1.682011e+01,9.284730e+09,7.895995e+10,5.131482e+03,1.250978e+04,-8.991252e+08,8.368966e+06,3.155077e-03,1.016533e+08,0.000000e+00,0.000000e+00,3.868124e+03,0.000000e+00,3.868124e+03,0.000000e+00,0.000000e+00,8.093922e+09,5.587935e-09,6.676972e-14,0.000000e+00,0.000000e+00,0.000000e+00,0.000000e+00,4.147244e+08,6.305257e+10,-6.735932e+08,3.600002e+06,2.793282e+07,0.000000e+00,-1.871091e+02,2.958465e+09,1.094809e+10,-1.408281e+08,8.434263e+05,6.094037e+07,9.170000e+02,-1.669715e+02,-8.843564e+07,-1.020196e+03,6.565201e+03
1.684178e+01,9.287351e+09,7.895737e+10,4.601716e+03,1.309329e+04,-8.990694e+08,8.368966e+06,3.025753e-03,1.015032e+08,0.000000e+00,0.000000e+00,4.627582e+04,0.000000e+00,4.627582e+04,0.000000e+00,0.000000e+00,8.094916e+09,5.587935e-09,6.676972e-14,0.000000e+00,0.000000e+00,0.000000e+00,0.000000e+00,4.164693e+08,6.305073e+10,-6.735930e+08,3.600002e+06,2.793598e+07,0.000000e+00,-1.871091e+02,2.958547e+09,1.094801e+10,-1.408271e+08,8.434263e+05,6.096942e+07,9.170000e+02,-1.669703e+02,-8.843710e+07,-1.020196e+03,6.566837e+03
1.686024e+01,9.289010e+09,7.895568e+10,4.391035e+03,1.391266e+04,-8.990221e+08,8.368966e+06,3.295123e-03,1.015407e+08,0.000000e+00,0.000000e+00,1.298184e+04,0.000000e+00,1.298184e+04,0.000000e+00,0.000000e+00,8.095739e+09,5.587935e-09,6.676972e-14,0.000000e+00,0.000000e+00,0.000000e+00,0.000000e+00,4.170917e+08,6.304998e+10,-6.735930e+08,3.600002e+06,2.793883e+07,0.000000e+00,-1.871091e+02,2.958807e+09,1.094762e+10,-1.408260e+08,8.434263e+05,6.099459e+07,9.170000e+02,-1.669690e+02,-8.843789e+07,-1.020196e+03,6.568038e+03
1.688003e+01,9.291557e+09,7.895341e+10,4.337154e+03,1.396998e+04,-8.989720e+08,8.368966e+06,3.301101e-03,1.012300e+08,0.000000e+00,0.000000e+00,1.276140e+04,0.000000e+00,1.276140e+04,0.000000e+00,0.000000e+00,8.096602e+09,5.587935e-09,6.676972e-14,0.000000e+00,0.000000e+00,0.000000e+00,0.000000e+00,4.184176e+08,6.304871e+10,-6.735930e+08,3.600002e+06,2.794237e+07,0.000000e+00,-1.871091e+02,2.959208e+09,1.094763e+10,-1.408260e+08,8.434263e+05,6.102173e+07,9.170000e+02,-1.669690e+02,-8.843786e+07,-1.020196e+03,6.569540e+03
1.690316e+01,9.295473e+09,7.894939e+10,4.114129e+03,1.239867e+04,-8.989139e+08,8.368966e+06,3.356872e-03,1.012421e+08,0.000000e+00,0.000000e+00,1.161157e+04,0.000000e+00,1.161157e+04,0.000000e+00,0.000000e+00,8.097568e+09,5.587935e-09,6.676972e-14,0.000000e+00,0.000000e+00,0.000000e+00,0.000000e+00,4.216728e+08,6.304567e+10,-6.735930e+08,3.600002e+06,2.794602e+07,0.000000e+00,-1.871091e+02,2.958930e+09,1.094753e+10,-1.408258e+08,8.434263e+05,6.105217e+07,9.170000e+02,-1.669686e+02,-8.843811e+07,-1.020196e+03,6.574262e+03
1.692288e+01,9.299004e+09,7.894588e+10,3.384617e+03,9.540076e+03,-8.988639e+08,8.368966e+06,3.142606e-03,1.011958e+08,0.000000e+00,0.000000e+00,3.505154e+03,0.000000e+00,3.505154e+03,0.000000e+00,0.000000e+00,8.098406e+09,5.587935e-09,6.676972e-14,0.000000e+00,0.000000e+00,0.000000e+00,0.000000e+00,4.241159e+08,6.304319e+10,-6.735930e+08,3.600002e+06,2.794873e+07,0.000000e+00,-1.871091e+02,2.959272e+09,1.094707e+10,-1.408257e+08,8.434263e+05,6.107714e+07,9.170000e+02,-1.669686e+02,-8.843823e+07,-1.020196e+03,6.578286e+03
1.694186e+01,9.301092e+09,7.894400e+10,2.465757e+03,5.714832e+03,-8.988150e+08,8.368966e+06,3.184098e-03,1.009718e+08,0.000000e+00,0.000000e+00,7.981200e+03,0.000000e+00,7.981200e+03,0.000000e+00,0.000000e+00,8.099268e+09,5.587935e-09,6.676972e-14,0.000000e+00,0.000000e+00,0.000000e+00,0.000000e+00,4.252387e+08,6.304189e+10,-6.735930e+08,3.600002e+06,2.795170e+07,0.000000e+00,-1.871090e+02,2.959565e+09,1.094720e+10,-1.408255e+08,8.434263e+05,6.110036e+07,9.170000e+02,-1.669683e+02,-8.843853e+07,-1.020196e+03,6.580771e+03
1.696096e+01,9.302183e+09,7.894275e+10,1.620976e+03,1.806634e+03,-8.987646e+08,8.368966e+06,3.183749e-03,1.011062e+08,0.000000e+00,0.000000e+00,4.493448e+03,0.000000e+00,4.493448e+03,0.000000e+00,0.000000e+00,8.100152e+09,5.587935e-09,6.676972e-14,0.000000e+00,0.000000e+00,0.000000e+00,0.000000e+00,4.257772e+08,6.304124e+10,-6.735929e+08,3.600002e+06,2.795491e+07,0.000000e+00,-1.871090e+02,2.959498e+09,1.094708e+10,-1.408253e+08,8.434263e+05,6.112357e+07,9.170000e+02,-1.669681e+02,-8.843870e+07,-1.020196e+03,6.580817e+03
1.698006e+01,9.303621e+09,7.894104e+10,8.131306e+02,-1.988660e+03,-8.987129e+08,8.368966e+06,3.183453e-03,1.013277e+08,0.000000e+00,0.000000e+00,2.217287e+03,0.000000e+00,2.217287e+03,0.000000e+00,0.000000e+00,8.101076e+09,5.587935e-09,6.676972e-14,0.000000e+00,0.000000e+00,0.000000e+00,0.000000e+00,4.268115e+08,6.304026e+10,-6.735928e+08,3.600002e+06,2.795827e+07,0.000000e+00,-1.871090e+02,2.959316e+09,1.094710e+10,-1.408252e+08,8.434263e+05,6.114667e+07,9.170000e+02,-1.669680e+02,-8.843891e+07,-1.020196e+03,6.578805e+03
1.700235e+01,9.306556e+09,7.893827e+10,6.101478e+01,-7.398649e+03,-8.986513e+08,8.368966e+06,3.183189e-03,1.010527e+08,0.000000e+00,0.000000e+00,5.493549e+04,0.000000e+00,5.493549e+04,0.000000e+00,0.000000e+00,8.102181e+09,5.587935e-09,6.676972e-14,0.000000e+00,0.000000e+00,0.000000e+00,0.000000e+00,4.286237e+08,6.303850e+10,-6.735923e+08,3.600002e+06,2.796204e+07,0.000000e+00,-1.871089e+02,2.959717e+09,1.094688e+10,-1.408249e+08,8.434263e+05,6.117336e+07,9.170000e+02,-1.669677e+02,-8.843981e+07,-1.020196e+03,6.578537e+03
1.702144e+01,9.308513e+09,7.893647e+10,-1.575784e+02,-1.269447e+04,-8.985972e+08,8.368966e+06,3.183062e-03,1.009028e+08,0.000000e+00,0.000000e+00,2.133720e+04,0.000000e+00,2.133720e+04,0.000000e+00,0.000000e+00,8.103147e+09,5.587935e-09,6.676972e-14,0.000000e+00,0.000000e+00,0.000000e+00,0.000000e+00,4.293033e+08,6.303780e+10,-6.735921e+08,3.600002e+06,2.796489e+07,0.000000e+00,-1.871088e+02,2.960256e+09,1.094622e+10,-1.408245e+08,8.434263e+05,6.119529e+07,9.170000e+02,-1.669672e+02,-8.844029e+07,-1.020196e+03,6.577885e+03
1.704041e+01,9.308534e+09,7.893633e+10,-1.336519e+02,-1.844778e+04,-8.985424e+08,8.368966e+06,3.136949e-03,1.009949e+08,0.000000e+00,0.000000e+00,5.011961e+03,0.000000e+00,5.011961e+03,0.000000e+00,0.000000e+00,8.104139e+09,5.587935e-09,6.676972e-14,0.000000e+00,0.000000e+00,0.000000e+00,0.000000e+00,4.283859e+08,6.303860e+10,-6.735922e+08,3.600002e+06,2.796797e+07,0.000000e+00,-1.871088e+02,2.960439e+09,1.094593e+10,-1.408242e+08,8.434263e+05,6.121695e+07,9.170000e+02,-1.669669e+02,-8.844046e+07,-1.020196e+03,6.577399e+03
1.706237e+01,9.306882e+09,7.893761e+10,-4.389182e+02,-2.593609e+04,-8.984785e+08,8.368966e+06,3.136990e-03,1.012963e+08,0.000000e+00,0.000000e+00,9.014613e+03,0.000000e+00,9.014613e+03,0.000000e+00,0.000000e+00,8.105293e+09,5.587935e-09,6.676972e-14,0.000000e+00,0.000000e+00,0.000000e+00,0.000000e+00,4.257165e+08,6.304108e+10,-6.735922e+08,3.600002e+06,2.797163e+07,0.000000e+00,-1.871088e+02,2.960611e+09,1.094550e+10,-1.408241e+08,8.434263e+05,6.124192e+07,9.170000e+02,-1.669667e+02,-8.844062e+07,-1.020196e+03,6.582937e+03
1.708119e+01,9.305578e+09,7.893903e+10,-1.349516e+03,-3.194100e+04,-8.984241e+08,8.368966e+06,3.137117e-03,1.011578e+08,0.000000e+00,0.000000e+00,5.429914e+03,0.000000e+00,5.429914e+03,0.000000e+00,0.000000e+00,8.106250e+09,5.587935e-09,6.676972e-14,0.000000e+00,0.000000e+00,0.000000e+00,0.000000e+00,4.230322e+08,6.304367e+10,-6.735922e+08,3.600002e+06,2.797461e+07,0.000000e+00,-1.871088e+02,2.961229e+09,1.094498e+10,-1.408241e+08,8.434263e+05,6.126292e+07,9.170000e+02,-1.669667e+02,-8.844062e+07,-1.020196e+03,6.596463e+03
1.710001e+01,9.304800e+09,7.893979e+10,-2.860527e+03,-3.584841e+04,-8.983706e+08,8.368966e+06,3.137071e-03,1.011176e+08,0.000000e+00,0.000000e+00,5.051511e+04,0.000000e+00,5.051511e+04,0.000000e+00,0.000000e+00,8.107141e+09,5.587935e-09,6.676972e-14,0.000000e+00,0.000000e+00,0.000000e+00,0.000000e+00,4.210121e+08,6.304573e+10,-6.735922e+08,3.600002e+06,2.797789e+07,0.000000e+00,-1.871088e+02,2.961696e+09,1.094447e+10,-1.408227e+08,8.434263e+05,6.128379e+07,9.170000e+02,-1.669650e+02,-8.844276e+07,-1.020196e+03,6.599047e+03
1.712099e+01,9.304322e+09,7.894037e+10,-4.997820e+03,-3.824920e+04,-8.983130e+08,8.368966e+06,2.940247e-03,1.009944e+08,0.000000e+00,0.000000e+00,2.113825e+04,0.000000e+00,2.113825e+04,0.000000e+00,0.000000e+00,8.108056e+09,5.587935e-09,6.676972e-14,0.000000e+00,0.000000e+00,0.000000e+00,0.000000e+00,4.199435e+08,6.304692e+10,-6.735922e+08,3.600002e+06,2.798163e+07,0.000000e+00,-1.871088e+02,2.961547e+09,1.094398e+10,-1.408180e+08,8.434263e+05,6.130660e+07,9.170000e+02,-1.669595e+02,-8.844714e+07,-1.020196e+03,6.599477e+03
1.714157e+01,9.303757e+09,7.894045e+10,-7.309845e+03,-4.053149e+04,-8.982588e+08,8.368966e+06,2.940742e-03,1.013612e+08,0.000000e+00,0.000000e+00,6.134723e+04,0.000000e+00,6.134723e+04,0.000000e+00,0.000000e+00,8.108913e+09,5.587935e-09,6.676972e-14,0.000000e+00,0.000000e+00,0.000000e+00,0.000000e+00,4.191169e+08,6.304768e+10,-6.735919e+08,3.600002e+06,2.798472e+07,0.000000e+00,-1.871087e+02,2.961146e+09,1.094385e+10,-1.408167e+08,8.434263e+05,6.132996e+07,9.170000e+02,-1.669579e+02,-8.844861e+07,-1.020196e+03,6.600427e+03
1.716216e+01,9.303984e+09,7.894009e+10,-9.747923e+03,-4.284448e+04,-8.982060e+08,8.368966e+06,2.941288e-03,1.014903e+08,0.000000e+00,0.000000e+00,2.410146e+04,0.000000e+00,2.410146e+04,0.000000e+00,0.000000e+00,8.109711e+09,5.587935e-09,6.676972e-14,0.000000e+00,0.000000e+00,0.000000e+00,0.000000e+00,4.181997e+08,6.304844e+10,-6.735913e+08,3.600002e+06,2.798776e+07,0.000000e+00,-1.871086e+02,2.961586e+09,1.094347e+10,-1.408161e+08,8.434263e+05,6.135366e+07,9.170000e+02,-1.669572e+02,-8.844966e+07,-1.020196e+03,6.607823e+03
1.718275e+01,9.305207e+09,7.893903e+10,-1.219697e+04,-4.501710e+04,-8.981537e+08,8.368966e+06,2.942202e-03,1.011642e+08,0.000000e+00,0.000000e+00,1.146391e+05,0.000000e+00,1.146391e+05,0.000000e+00,0.000000e+00,8.110496e+09,5.587935e-09,6.676972e-14,0.000000e+00,0.000000e+00,0.000000e+00,0.000000e+00,4.179545e+08,6.304863e+10,-6.735906e+08,3.600002e+06,2.799120e+07,0.000000e+00,-1.871084e+02,2.962292e+09,1.094271e+10,-1.408131e+08,8.434263e+05,6.138226e+07,9.170000e+02,-1.669536e+02,-8.845389e+07,-1.020196e+03,6.608257e+03
1.720041e+01,9.306686e+09,7.893727e+10,-1.411416e+04,-4.758334e+04,-8.981082e+08,8.368966e+06,2.943398e-03,1.014503e+08,0.000000e+00,0.000000e+00,9.549226e+04,0.000000e+00,9.549226e+04,0.000000e+00,0.000000e+00,8.111220e+09,5.587935e-09,6.676972e-14,0.000000e+00,0.000000e+00,0.000000e+00,0.000000e+00,4.181538e+08,6.304843e+10,-6.735903e+08,3.600002e+06,2.799418e+07,0.000000e+00,-1.871083e+02,2.962806e+09,1.094164e+10,-1.408107e+08,8.434263e+05,6.140596e+07,9.170000e+02,-1.669509e+02,-8.845626e+07,-1.020196e+03,6.608797e+03
1.722102e+01,9.307599e+09,7.893661e+10,-1.615646e+04,-5.071093e+04,-8.980532e+08,8.368966e+06,2.945246e-03,1.011776e+08,0.000000e+00,0.000000e+00,5.478197e+04,0.000000e+00,5.478197e+04,0.000000e+00,0.000000e+00,8.112080e+09,5.587935e-09,6.676972e-14,0.000000e+00,0.000000e+00,0.000000e+00,0.000000e+00,4.178638e+08,6.304866e+10,-6.735902e+08,3.600002e+06,2.799752e+07,0.000000e+00,-1.871083e+02,2.963205e+09,1.094135e+10,-1.408092e+08,8.434263e+05,6.143559e+07,9.170000e+02,-1.669490e+02,-8.845764e+07,-1.020196e+03,6.609377e+03
1.724164e+01,9.308367e+09,7.893602e+10,-1.808610e+04,-5.272534e+04,-8.979953e+08,8.368966e+06,2.946746e-03,1.009942e+08,0.000000e+00,0.000000e+00,2.978662e+04,0.000000e+00,2.978662e+04,0.000000e+00,0.000000e+00,8.113087e+09,5.587935e-09,6.676972e-14,0.000000e+00,0.000000e+00,0.000000e+00,0.000000e+00,4.174517e+08,6.304913e+10,-6.735906e+08,3.600002e+06,2.800082e+07,0.000000e+00,-1.871084e+02,2.963508e+09,1.094103e+10,-1.408083e+08,8.434263e+05,6.146164e+07,9.170000e+02,-1.669479e+02,-8.845806e+07,-1.020196e+03,6.609736e+03
1.726227e+01,9.309942e+09,7.893429e+10,-1.987935e+04,-5.490942e+04,-8.979343e+08,8.368966e+06,2.948538e-03,1.010914e+08,0.000000e+00,0.000000e+00,2.409464e+04,0.000000e+00,2.409464e+04,0.000000e+00,0.000000e+00,8.114151e+09,5.587935e-09,6.676972e-14,0.000000e+00,0.000000e+00,0.000000e+00,0.000000e+00,4.181289e+08,6.304865e+10,-6.735910e+08,3.600002e+06,2.800403e+07,0.000000e+00,-1.871085e+02,2.963569e+09,1.094080e+10,-1.408080e+08,8.434263e+05,6.148769e+07,9.170000e+02,-1.669476e+02,-8.845817e+07,-1.020196e+03,6.609985e+03
1.728292e+01,9.312413e+09,7.893178e+10,-2.168375e+04,-5.869805e+04,-8.978703e+08,8.368966e+06,2.950681e-03,1.009982e+08,0.000000e+00,0.000000e+00,7.222893e+04,0.000000e+00,7.222893e+04,0.000000e+00,0.000000e+00,8.115183e+09,5.587935e-09,6.676972e-14,0.000000e+00,0.000000e+00,0.000000e+00,0.000000e+00,4.199160e+08,6.304703e+10,-6.735911e+08,3.600002e+06,2.800721e+07,0.000000e+00,-1.871085e+02,2.963374e+09,1.094066e+10,-1.408059e+08,8.434263e+05,6.151460e+07,9.170000e+02,-1.669451e+02,-8.846010e+07,-1.020196e+03,6.610449e+03
1.730062e+01,9.314413e+09,7.892949e+10,-2.337167e+04,-6.270574e+04,-8.978139e+08,8.368966e+06,2.952641e-03,1.013138e+08,0.000000e+00,0.000000e+00,4.094659e+03,0.000000e+00,4.094659e+03,0.000000e+00,0.000000e+00,8.115939e+09,5.587935e-09,6.676972e-14,0.000000e+00,0.000000e+00,0.000000e+00,0.000000e+00,4.214836e+08,6.304549e+10,-6.735912e+08,3.600002e+06,2.800989e+07,0.000000e+00,-1.871085e+02,2.963201e+09,1.094048e+10,-1.408054e+08,8.434263e+05,6.153774e+07,9.170000e+02,-1.669445e+02,-8.846053e+07,-1.020196e+03,6.611213e+03
1.732130e+01,9.316578e+09,7.892772e+10,-2.553441e+04,-6.657088e+04,-8.977473e+08,8.368966e+06,2.954795e-03,1.008918e+08,0.000000e+00,0.000000e+00,1.028202e+04,0.000000e+00,1.028202e+04,0.000000e+00,0.000000e+00,8.116796e+09,5.587935e-09,6.676972e-14,0.000000e+00,0.000000e+00,0.000000e+00,0.000000e+00,4.227250e+08,6.304424e+10,-6.735914e+08,3.600002e+06,2.801313e+07,0.000000e+00,-1.871086e+02,2.963421e+09,1.094055e+10,-1.408038e+08,8.434263e+05,6.156648e+07,9.170000e+02,-1.669426e+02,-8.846197e+07,-1.020196e+03,6.615287e+03
1.734237e+01,9.318370e+09,7.892598e+10,-2.778447e+04,-6.907372e+04,-8.976794e+08,8.368966e+06,3.147156e-03,1.008045e+08,0.000000e+00,0.000000e+00,5.706878e+03,0.000000e+00,5.706878e+03,0.000000e+00,0.000000e+00,8.117670e+09,5.587935e-09,6.676972e-14,0.000000e+00,0.000000e+00,0.000000e+00,0.000000e+00,4.236871e+08,6.304327e+10,-6.735916e+08,3.600002e+06,2.801663e+07,0.000000e+00,-1.871087e+02,2.963544e+09,1.094028e+10,-1.408025e+08,8.434263e+05,6.159452e+07,9.170000e+02,-1.669411e+02,-8.846290e+07,-1.020196e+03,6.625757e+03
1.736125e+01,9.319435e+09,7.892459e+10,-2.991876e+04,-7.034831e+04,-8.976185e+08,8.368966e+06,3.146796e-03,1.010821e+08,0.000000e+00,0.000000e+00,2.884000e+03,0.000000e+00,2.884000e+03,0.000000e+00,0.000000e+00,8.118490e+09,5.587935e-09,6.676972e-14,0.000000e+00,0.000000e+00,0.000000e+00,0.000000e+00,4.242561e+08,6.304264e+10,-6.735917e+08,3.600002e+06,2.801950e+07,0.000000e+00,-1.871087e+02,2.963377e+09,1.094021e+10,-1.408023e+08,8.434263e+05,6.161915e+07,9.170000e+02,-1.669409e+02,-8.846296e+07,-1.020196e+03,6.632130e+03
1.738013e+01,9.319470e+09,7.892462e+10,-3.213755e+04,-7.184227e+04,-8.975574e+08,8.368966e+06,3.146325e-03,1.009605e+08,0.000000e+00,0.000000e+00,2.495292e+03,0.000000e+00,2.495292e+03,0.000000e+00,0.000000e+00,8.119308e+09,5.587935e-09,6.676972e-14,0.000000e+00,0.000000e+00,0.000000e+00,0.000000e+00,4.236853e+08,6.304306e+10,-6.735917e+08,3.600002e+06,2.802202e+07,0.000000e+00,-1.871087e+02,2.963302e+09,1.094034e+10,-1.408021e+08,8.434263e+05,6.164322e+07,9.170000e+02,-1.669406e+02,-8.846335e+07,-1.020196e+03,6.630282e+03
1.740215e+01,9.318409e+09,7.892561e+10,-3.461503e+04,-7.436787e+04,-8.974855e+08,8.368966e+06,3.145686e-03,1.010108e+08,0.000000e+00,0.000000e+00,5.023837e+03,0.000000e+00,5.023837e+03,0.000000e+00,0.000000e+00,8.120265e+09,5.587935e-09,6.676972e-14,0.000000e+00,0.000000e+00,0.000000e+00,0.000000e+00,4.218460e+08,6.304481e+10,-6.735917e+08,3.600002e+06,2.802537e+07,0.000000e+00,-1.871087e+02,2.963205e+09,1.094031e+10,-1.408009e+08,8.434263e+05,6.166978e+07,9.170000e+02,-1.669392e+02,-8.846445e+07,-1.020196e+03,6.626790e+03
1.742102e+01,9.317712e+09,7.892635e+10,-3.644733e+04,-7.751085e+04,-8.974237e+08,8.368966e+06,3.145397e-03,1.009059e+08,0.000000e+00,0.000000e+00,1.974253e+04,0.000000e+00,1.974253e+04,0.000000e+00,0.000000e+00,8.121043e+09,5.587935e-09,6.676972e-14,0.000000e+00,0.000000e+00,0.000000e+00,0.000000e+00,4.208598e+08,6.304589e+10,-6.735917e+08,3.600002e+06,2.802856e+07,0.000000e+00,-1.871087e+02,2.962715e+09,1.094086e+10,-1.408004e+08,8.433008e+05,6.169243e+07,9.180000e+02,-1.669635e+02,-8.846482e+07,-1.020196e+03,6.621244e+03
1.744293e+01,9.317727e+09,7.892621e+10,-3.825814e+04,-8.148242e+04,-8.973526e+08,8.368966e+06,3.031280e-03,1.009264e+08,0.000000e+00,0.000000e+00,6.340401e+04,0.000000e+00,6.340401e+04,0.000000e+00,0.000000e+00,8.121954e+09,5.587935e-09,6.676972e-14,0.000000e+00,0.000000e+00,0.000000e+00,0.000000e+00,4.204562e+08,6.304633e+10,-6.735916e+08,3.600002e+06,2.803197e+07,0.000000e+00,-1.871087e+02,2.962276e+09,1.094107e+10,-1.407999e+08,8.433008e+05,6.171820e+07,9.180000e+02,-1.669628e+02,-8.846563e+07,-1.020196e+03,6.617565e+03
1.746114e+01,9.318118e+09,7.892581e+10,-3.979988e+04,-8.277120e+04,-8.972947e+08,8.368966e+06,3.040148e-03,1.009144e+08,0.000000e+00,0.000000e+00,6.383863e+04,0.000000e+00,6.383863e+04,0.000000e+00,0.000000e+00,8.122747e+09,5.587935e-09,6.676972e-14,0.000000e+00,0.000000e+00,0.000000e+00,0.000000e+00,4.200014e+08,6.304671e+10,-6.735914e+08,3.600002e+06,2.803461e+07,0.000000e+00,-1.871086e+02,2.962402e+09,1.094097e+10,-1.407990e+08,8.433008e+05,6.173873e+07,9.180000e+02,-1.669618e+02,-8.846682e+07,-1.020196e+03,6.616464e+03
1.748313e+01,9.318494e+09,7.892555e+10,-4.186188e+04,-8.166945e+04,-8.972273e+08,8.368966e+06,3.182221e-03,1.007599e+08,0.000000e+00,0.000000e+00,7.170501e+04,0.000000e+00,7.170501e+04,0.000000e+00,0.000000e+00,8.123696e+09,5.587935e-09,6.676972e-14,0.000000e+00,0.000000e+00,0.000000e+00,0.000000e+00,4.192602e+08,6.304728e+10,-6.735907e+08,3.600002e+06,2.803791e+07,0.000000e+00,-1.871084e+02,2.962689e+09,1.094069e+10,-1.407979e+08,8.433008e+05,6.176286e+07,9.180000e+02,-1.669605e+02,-8.846858e+07,-1.020196e+03,6.616373e+03
1.750233e+01,9.318371e+09,7.892525e+10,-4.347065e+04,-8.096158e+04,-8.971713e+08,8.368966e+06,3.039340e-03,1.010750e+08,0.000000e+00,0.000000e+00,1.047428e+05,0.000000e+00,1.047428e+05,0.000000e+00,0.000000e+00,8.124455e+09,5.587935e-09,6.676972e-14,0.000000e+00,0.000000e+00,0.000000e+00,0.000000e+00,4.185427e+08,6.304791e+10,-6.735905e+08,3.600002e+06,2.804089e+07,0.000000e+00,-1.871084e+02,2.962537e+09,1.094028e+10,-1.407961e+08,8.433008e+05,6.178398e+07,9.180000e+02,-1.669584e+02,-8.847063e+07,-1.020196e+03,6.616373e+03
1.752056e+01,9.317692e+09,7.892576e+10,-4.466134e+04,-8.201798e+04,-8.971202e+08,8.368966e+06,3.035218e-03,1.012105e+08,0.000000e+00,0.000000e+00,9.021043e+04,0.000000e+00,9.021043e+04,0.000000e+00,0.000000e+00,8.125162e+09,5.587935e-09,6.676972e-14,0.000000e+00,0.000000e+00,0.000000e+00,0.000000e+00,4.172623e+08,6.304913e+10,-6.735904e+08,3.600002e+06,2.804367e+07,0.000000e+00,-1.871083e+02,2.962448e+09,1.094016e+10,-1.407950e+08,8.433008e+05,6.180448e+07,9.180000e+02,-1.669570e+02,-8.847174e+07,-1.020196e+03,6.616280e+03
1.754202e+01,9.316540e+09,7.892700e+10,-4.586066e+04,-8.519311e+04,-8.970619e+08,8.368966e+06,3.226930e-03,1.011407e+08,0.000000e+00,0.000000e+00,4.525573e+04,0.000000e+00,4.525573e+04,0.000000e+00,0.000000e+00,8.125960e+09,5.587935e-09,6.676972e-14,0.000000e+00,0.000000e+00,0.000000e+00,0.000000e+00,4.148626e+08,6.305150e+10,-6.735905e+08,3.600002e+06,2.804677e+07,0.000000e+00,-1.871084e+02,2.962888e+09,1.093975e+10,-1.407943e+08,8.433008e+05,6.182830e+07,9.180000e+02,-1.669563e+02,-8.847212e+07,-1.020196e+03,6.615613e+03
1.756138e+01,9.315953e+09,7.892777e+10,-4.681246e+04,-8.950983e+04,-8.970100e+08,8.368966e+06,3.224034e-03,1.009534e+08,0.000000e+00,0.000000e+00,2.224549e+04,0.000000e+00,2.224549e+04,0.000000e+00,0.000000e+00,8.126684e+09,5.587935e-09,6.676972e-14,0.000000e+00,0.000000e+00,0.000000e+00,0.000000e+00,4.128386e+08,6.305355e+10,-6.735905e+08,3.600002e+06,2.804960e+07,0.000000e+00,-1.871084e+02,2.963517e+09,1.093931e+10,-1.407942e+08,8.433008e+05,6.184923e+07,9.180000e+02,-1.669561e+02,-8.847218e+07,-1.020196e+03,6.615223e+03
1.758072e+01,9.316024e+09,7.892770e+10,-4.759148e+04,-9.401677e+04,-8.969580e+08,8.368966e+06,3.234523e-03,1.008819e+08,0.000000e+00,0.000000e+00,3.756795e+04,0.000000e+00,3.756795e+04,0.000000e+00,0.000000e+00,8.127415e+09,5.587935e-09,6.676972e-14,0.000000e+00,0.000000e+00,0.000000e+00,0.000000e+00,4.117029e+08,6.305475e+10,-6.735906e+08,3.600002e+06,2.805251e+07,0.000000e+00,-1.871084e+02,2.963854e+09,1.093885e+10,-1.407938e+08,8.433008e+05,6.187028e+07,9.180000e+02,-1.669557e+02,-8.847304e+07,-1.020196e+03,6.615146e+03
1.760015e+01,9.315569e+09,7.892781e+10,-4.833182e+04,-9.767295e+04,-8.969056e+08,8.368966e+06,3.276139e-03,1.008764e+08,0.000000e+00,0.000000e+00,2.774476e+05,0.000000e+00,2.774476e+05,0.000000e+00,0.000000e+00,8.128152e+09,5.587935e-09,6.676972e-14,0.000000e+00,0.000000e+00,0.000000e+00,0.000000e+00,4.102030e+08,6.305618e+10,-6.735906e+08,3.600002e+06,2.805502e+07,0.000000e+00,-1.871084e+02,2.963995e+09,1.093796e+10,-1.407875e+08,8.433008e+05,6.189366e+07,9.180000e+02,-1.669482e+02,-8.848012e+07,-1.020196e+03,6.615187e+03
1.762317e+01,9.314179e+09,7.892910e+10,-4.929979e+04,-1.004972e+05,-8.968431e+08,8.368966e+06,3.299418e-03,1.010246e+08,0.000000e+00,0.000000e+00,2.093366e+05,0.000000e+00,2.093366e+05,0.000000e+00,0.000000e+00,8.129155e+09,5.587935e-09,6.676972e-14,0.000000e+00,0.000000e+00,0.000000e+00,0.000000e+00,4.071935e+08,6.305910e+10,-6.735909e+08,3.600002e+06,2.805807e+07,0.000000e+00,-1.871085e+02,2.964453e+09,1.093697e+10,-1.407802e+08,8.433008e+05,6.192198e+07,9.180000e+02,-1.669395e+02,-8.848646e+07,-1.020196e+03,6.615274e+03
1.764299e+01,9.313647e+09,7.892966e+10,-5.037447e+04,-1.020397e+05,-8.967892e+08,8.368966e+06,3.306123e-03,1.010771e+08,0.000000e+00,0.000000e+00,8.807034e+04,0.000000e+00,8.807034e+04,0.000000e+00,0.000000e+00,8.130096e+09,5.587935e-09,6.676972e-14,0.000000e+00,0.000000e+00,0.000000e+00,0.000000e+00,4.053197e+08,6.306103e+10,-6.735912e+08,3.600002e+06,2.806095e+07,0.000000e+00,-1.871086e+02,2.964921e+09,1.093646e+10,-1.407770e+08,8.433008e+05,6.194623e+07,9.180000e+02,-1.669358e+02,-8.848890e+07,-1.020196e+03,6.615352e+03
1.766244e+01,9.314371e+09,7.892899e+10,-5.192691e+04,-1.032580e+05,-8.967360e+08,8.368966e+06,3.175247e-03,1.010226e+08,0.000000e+00,0.000000e+00,2.259155e+04,0.000000e+00,2.259155e+04,0.000000e+00,0.000000e+00,8.131006e+09,5.587935e-09,6.676972e-14,0.000000e+00,0.000000e+00,0.000000e+00,0.000000e+00,4.050111e+08,6.306145e+10,-6.735914e+08,3.600002e+06,2.806359e+07,0.000000e+00,-1.871086e+02,2.965206e+09,1.093624e+10,-1.407761e+08,8.433008e+05,6.196852e+07,9.180000e+02,-1.669347e+02,-8.848947e+07,-1.020196e+03,6.615414e+03
1.768149e+01,9.316231e+09,7.892697e+10,-5.375982e+04,-1.056320e+05,-8.966840e+08,8.368966e+06,3.174420e-03,1.011744e+08,0.000000e+00,0.000000e+00,1.719861e+04,0.000000e+00,1.719861e+04,0.000000e+00,0.000000e+00,8.131771e+09,5.587935e-09,6.676972e-14,0.000000e+00,0.000000e+00,0.000000e+00,0.000000e+00,4.059012e+08,6.306070e+10,-6.735914e+08,3.600002e+06,2.806599e+07,0.000000e+00,-1.871086e+02,2.965625e+09,1.093563e+10,-1.407761e+08,8.433008e+05,6.199045e+07,9.180000e+02,-1.669346e+02,-8.848946e+07,-1.020196e+03,6.615164e+03
1.770053e+01,9.318613e+09,7.892503e+10,-5.566556e+04,-1.098145e+05,-8.966320e+08,8.368966e+06,3.173770e-03,1.007068e+08,0.000000e+00,0.000000e+00,2.296490e+04,0.000000e+00,2.296490e+04,0.000000e+00,0.000000e+00,8.132483e+09,5.587935e-09,6.676972e-14,0.000000e+00,0.000000e+00,0.000000e+00,0.000000e+00,4.072500e+08,6.305941e+10,-6.735914e+08,3.600002e+06,2.806866e+07,0.000000e+00,-1.871086e+02,2.966115e+09,1.093559e+10,-1.407762e+08,8.433008e+05,6.201136e+07,9.180000e+02,-1.669347e+02,-8.848937e+07,-1.020196e+03,6.614079e+03
1.772275e+01,9.320922e+09,7.892256e+10,-5.790040e+04,-1.153237e+05,-8.965716e+08,8.368966e+06,3.173026e-03,1.008162e+08,0.000000e+00,0.000000e+00,3.181477e+04,0.000000e+00,3.181477e+04,0.000000e+00,0.000000e+00,8.133345e+09,5.587935e-09,6.676972e-14,0.000000e+00,0.000000e+00,0.000000e+00,0.000000e+00,4.086369e+08,6.305798e+10,-6.735914e+08,3.600002e+06,2.807199e+07,0.000000e+00,-1.871086e+02,2.966211e+09,1.093533e+10,-1.407763e+08,8.433008e+05,6.203490e+07,9.180000e+02,-1.669348e+02,-8.848927e+07,-1.020196e+03,6.609567e+03
1.774178e+01,9.321931e+09,7.892107e+10,-5.960334e+04,-1.194970e+05,-8.965201e+08,8.368966e+06,3.172338e-03,1.012524e+08,0.000000e+00,0.000000e+00,2.659259e+04,0.000000e+00,2.659259e+04,0.000000e+00,0.000000e+00,8.134026e+09,5.587935e-09,6.676972e-14,0.000000e+00,0.000000e+00,0.000000e+00,0.000000e+00,4.094435e+08,6.305714e+10,-6.735914e+08,3.600002e+06,2.807455e+07,0.000000e+00,-1.871086e+02,2.965698e+09,1.093534e+10,-1.407763e+08,8.433008e+05,6.205511e+07,9.180000e+02,-1.669348e+02,-8.848920e+07,-1.020196e+03,6.606232e+03
1.776284e+01,9.322672e+09,7.892047e+10,-6.121715e+04,-1.239932e+05,-8.964633e+08,8.368966e+06,3.169216e-03,1.010887e+08,0.000000e+00,0.000000e+00,2.271573e+04,0.000000e+00,2.271573e+04,0.000000e+00,0.000000e+00,8.134780e+09,5.587935e-09,6.676972e-14,0.000000e+00,0.000000e+00,0.000000e+00,0.000000e+00,4.096637e+08,6.305683e+10,-6.735915e+08,3.600002e+06,2.807706e+07,0.000000e+00,-1.871086e+02,2.965489e+09,1.093575e+10,-1.407763e+08,8.433008e+05,6.207756e+07,9.180000e+02,-1.669348e+02,-8.848919e+07,-1.020196e+03,6.604739e+03
1.778187e+01,9.323419e+09,7.891953e+10,-6.291867e+04,-1.281676e+05,-8.964118e+08,8.368966e+06,3.171554e-03,1.012228e+08,0.000000e+00,0.000000e+00,6.744198e+04,0.000000e+00,6.744198e+04,0.000000e+00,0.000000e+00,8.135497e+09,5.587935e-09,6.676972e-14,0.000000e+00,0.000000e+00,0.000000e+00,0.000000e+00,4.092957e+08,6.305715e+10,-6.735915e+08,3.600002e+06,2.807964e+07,0.000000e+00,-1.871086e+02,2.965902e+09,1.093518e+10,-1.407758e+08,8.433008e+05,6.209754e+07,9.180000e+02,-1.669343e+02,-8.848978e+07,-1.020196e+03,6.602859e+03
1.780084e+01,9.324824e+09,7.891834e+10,-6.493952e+04,-1.316314e+05,-8.963606e+08,8.368966e+06,3.157498e-03,1.009068e+08,0.000000e+00,0.000000e+00,1.340137e+05,0.000000e+00,1.340137e+05,0.000000e+00,0.000000e+00,8.136229e+09,5.587935e-09,6.676972e-14,0.000000e+00,0.000000e+00,0.000000e+00,0.000000e+00,4.095792e+08,6.305693e+10,-6.735916e+08,3.600002e+06,2.808250e+07,0.000000e+00,-1.871086e+02,2.966268e+09,1.093497e+10,-1.407745e+08,8.433008e+05,6.211696e+07,9.180000e+02,-1.669328e+02,-8.849110e+07,-1.020196e+03,6.594294e+03
1.782184e+01,9.327137e+09,7.891585e+10,-6.713954e+04,-1.336366e+05,-8.963043e+08,8.368966e+06,2.997682e-03,1.009282e+08,0.000000e+00,0.000000e+00,2.155963e+05,0.000000e+00,2.155963e+05,0.000000e+00,0.000000e+00,8.137047e+09,5.587935e-09,6.676972e-14,0.000000e+00,0.000000e+00,0.000000e+00,0.000000e+00,4.111348e+08,6.305548e+10,-6.735916e+08,3.600002e+06,2.808534e+07,0.000000e+00,-1.871087e+02,2.966237e+09,1.093460e+10,-1.407724e+08,8.433008e+05,6.213882e+07,9.180000e+02,-1.669302e+02,-8.849342e+07,-1.020196e+03,6.589471e+03
1.784254e+01,9.330526e+09,7.891215e+10,-6.916904e+04,-1.331065e+05,-8.962504e+08,8.368966e+06,2.995844e-03,1.011778e+08,0.000000e+00,0.000000e+00,2.433089e+05,0.000000e+00,2.433089e+05,0.000000e+00,0.000000e+00,8.137811e+09,5.587935e-09,6.676972e-14,0.000000e+00,0.000000e+00,0.000000e+00,0.000000e+00,4.134128e+08,6.305329e+10,-6.735916e+08,3.600002e+06,2.808812e+07,0.000000e+00,-1.871087e+02,2.966652e+09,1.093358e+10,-1.407689e+08,8.431751e+05,6.215995e+07,9.190000e+02,-1.669510e+02,-8.849698e+07,-1.020196e+03,6.589461e+03
1.786053e+01,9.333438e+09,7.890969e+10,-7.096738e+04,-1.309769e+05,-8.962055e+08,8.368966e+06,2.997601e-03,1.007328e+08,0.000000e+00,0.000000e+00,2.138450e+05,0.000000e+00,2.138450e+05,0.000000e+00,0.000000e+00,8.138504e+09,5.587935e-09,6.676972e-14,0.000000e+00,0.000000e+00,0.000000e+00,0.000000e+00,4.152645e+08,6.305150e+10,-6.735917e+08,3.600002e+06,2.809071e+07,0.000000e+00,-1.871087e+02,2.967098e+09,1.093297e+10,-1.407651e+08,8.431751e+05,6.217742e+07,9.190000e+02,-1.669464e+02,-8.850082e+07,-1.020196e+03,6.589461e+03
1.788166e+01,9.334873e+09,7.890807e+10,-7.334080e+04,-1.270333e+05,-8.961552e+08,8.368966e+06,3.030460e-03,1.009751e+08,0.000000e+00,0.000000e+00,1.119557e+05,0.000000e+00,1.119557e+05,0.000000e+00,0.000000e+00,8.139352e+09,5.587935e-09,6.676972e-14,0.000000e+00,0.000000e+00,0.000000e+00,0.000000e+00,4.158458e+08,6.305081e+10,-6.735917e+08,3.600002e+06,2.809334e+07,0.000000e+00,-1.871087e+02,2.967155e+09,1.093222e+10,-1.407613e+08,8.431751e+05,6.219858e+07,9.190000e+02,-1.669420e+02,-8.850437e+07,-1.020196e+03,6.589461e+03
1.790291e+01,9.334477e+09,7.890819e+10,-7.583159e+04,-1.227736e+05,-8.961065e+08,8.368966e+06,3.041261e-03,1.011832e+08,0.000000e+00,0.000000e+00,1.095942e+05,0.000000e+00,1.095942e+05,0.000000e+00,0.000000e+00,8.140243e+09,5.587935e-09,6.676972e-14,0.000000e+00,0.000000e+00,0.000000e+00,0.000000e+00,4.147874e+08,6.305169e+10,-6.735916e+08,3.600002e+06,2.809592e+07,0.000000e+00,-1.871087e+02,2.966966e+09,1.093194e+10,-1.407586e+08,8.431751e+05,6.222045e+07,9.190000e+02,-1.669387e+02,-8.850752e+07,-1.020196e+03,6.589461e+03
1.792189e+01,9.335105e+09,7.890723e+10,-7.802793e+04,-1.196146e+05,-8.960635e+08,8.368966e+06,3.238398e-03,1.011123e+08,0.000000e+00,0.000000e+00,4.097945e+05,0.000000e+00,4.097945e+05,0.000000e+00,0.000000e+00,8.141082e+09,5.587935e-09,6.676972e-14,0.000000e+00,0.000000e+00,0.000000e+00,0.000000e+00,4.144728e+08,6.305204e+10,-6.735916e+08,3.600002e+06,2.809885e+07,0.000000e+00,-1.871087e+02,2.967097e+09,1.093095e+10,-1.407496e+08,8.431751e+05,6.224253e+07,9.190000e+02,-1.669281e+02,-8.851750e+07,-1.020196e+03,6.589461e+03
1.794135e+01,9.337866e+09,7.890432e+10,-8.025325e+04,-1.174611e+05,-8.960186e+08,8.368966e+06,3.249459e-03,1.011850e+08,0.000000e+00,0.000000e+00,4.334018e+05,0.000000e+00,4.334018e+05,0.000000e+00,0.000000e+00,8.142175e+09,5.587935e-09,6.676972e-14,0.000000e+00,0.000000e+00,0.000000e+00,0.000000e+00,4.158217e+08,6.305088e+10,-6.735915e+08,3.600002e+06,2.810181e+07,0.000000e+00,-1.871086e+02,2.967325e+09,1.092944e+10,-1.407365e+08,8.431751e+05,6.226686e+07,9.190000e+02,-1.669125e+02,-8.853105e+07,-1.020196e+03,6.589439e+03
1.796091e+01,9.341216e+09,7.890121e+10,-8.252802e+04,-1.153827e+05,-8.959722e+08,8.368966e+06,3.290649e-03,1.009393e+08,0.000000e+00,0.000000e+00,3.608976e+05,0.000000e+00,3.608976e+05,0.000000e+00,0.000000e+00,8.143547e+09,5.587935e-09,6.676972e-14,0.000000e+00,0.000000e+00,0.000000e+00,0.000000e+00,4.175653e+08,6.304933e+10,-6.735916e+08,3.600002e+06,2.810435e+07,0.000000e+00,-1.871086e+02,2.967493e+09,1.092793e+10,-1.407224e+08,8.431751e+05,6.229409e+07,9.190000e+02,-1.668958e+02,-8.854506e+07,-1.020196e+03,6.588847e+03
1.798067e+01,9.342854e+09,7.889942e+10,-8.482340e+04,-1.121038e+05,-8.959238e+08,8.368966e+06,3.297284e-03,1.011409e+08,0.000000e+00,0.000000e+00,2.415586e+05,0.000000e+00,2.415586e+05,0.000000e+00,0.000000e+00,8.144939e+09,5.587935e-09,6.676972e-14,0.000000e+00,0.000000e+00,0.000000e+00,0.000000e+00,4.178029e+08,6.304902e+10,-6.735916e+08,3.600002e+06,2.810667e+07,0.000000e+00,-1.871087e+02,2.967559e+09,1.092683e+10,-1.407112e+08,8.431751e+05,6.232027e+07,9.190000e+02,-1.668826e+02,-8.855546e+07,-1.020196e+03,6.588450e+03
