start_ms,end_ms,upper_force_N,lower_force_N,increment_actuator_work_J
0.0,0.008133708,0.0018702923414511568,0.0,1.1862424560563373e-14
0.008133708,0.01612217,0.0018716124205134855,1.4200843666778481e-36,1.1658814663368022e-14
0.01612217,0.02411063,0.0018795326007766185,1.4484824246333508e-25,1.170815363469179e-14
0.02411063,0.0320991,0.00527266618013212,-4.9646443826464066e-20,8.449874639622308e-14
0.0320991,0.04008756,0.013594167586743875,-2.798763619045847e-14,5.91503574542337e-13
0.04008756,0.04807603,0.01297722605204751,-1.8862268046508438e-08,5.646597393140101e-13
0.04807603,0.05606449,0.013213874639167004,-9.627384616233918e-05,5.749555063621149e-13
0.05606449,0.06405295,0.025860156650969014,-0.0019999170991655477,2.100147283891503e-12
0.06405295,0.07204141,0.03623821362315142,-0.002786900591603387,4.269564586151521e-12
0.07204141,0.08002988,0.034844611045669584,-0.004056511935326792,4.1053676821730604e-12
0.08002988,0.08801834,0.03532712562871937,-0.006405898884140373,4.162220745300341e-12
0.08801834,0.0960068,0.06303145161896029,-0.018343699411400932,1.2689788087751703e-11
0.0960068,0.1041405,0.06831743732864513,-0.02112749732594025,1.5920347176137072e-11
0.1041405,0.112129,0.06683194467046363,-0.030512890154597204,1.529602767256304e-11
0.112129,0.1201174,0.07276676681187737,-0.039237201442091044,1.6812179337749763e-11
0.1201174,0.1281059,0.11823515303248425,-0.05696771484008262,4.4503002190508874e-11
0.1281059,0.1360944,0.11396575827752373,-0.0617981636101896,4.2896141586868596e-11
0.1360944,0.1440828,0.11421099719593397,-0.08291182339392107,4.298844828956358e-11
0.1440828,0.1520713,0.14416896789134423,-0.10090007385616874,6.113153494806295e-11
0.1520713,0.1600598,0.19128203041872696,-0.11251496901796312,1.0713821292971137e-10
0.1600598,0.1680482,0.18901033999298955,-0.12941403409944394,1.0586563648177344e-10
0.1680482,0.1760367,0.19705973587031397,-0.15810189522438542,1.1037414335964232e-10
0.1760367,0.1840251,0.2601937183916679,-0.19150598367633018,1.7452909971070536e-10
0.1840251,0.1920136,0.29234480816173125,-0.19228071602929211,2.279494325783311e-10
0.1920136,0.2000021,0.30046155097953475,-0.2323170056956888,2.342779837606189e-10
0.2000021,0.2081358,0.3171568781735233,-0.26501954829905067,2.5179243136635186e-10
0.2081358,0.2161242,0.41632632316859547,-0.313589417154875,4.0609218949246444e-10
0.2161242,0.2241127,0.42778641797584055,-0.31668807661012666,4.4275252580872453e-10
0.2241127,0.2321012,0.4439026100018757,-0.38684100895036655,4.594338745206227e-10
0.2321012,0.2400896,0.4834771919282983,-0.4248029142256271,5.019653597476358e-10
0.2400896,0.2480781,0.6041924766852342,-0.4716934843838016,8.009235890187137e-10
0.2480781,0.2560666,0.6076995180572083,-0.49811451461476186,8.055664811366355e-10
0.2560666,0.264055,0.6268040784136991,-0.5850336362725924,8.308914863452006e-10
0.264055,0.2720435,0.7143069287100198,-0.6382825561745004,1.0064013179981198e-09
0.2720435,0.2800319,0.8250454534074417,-0.6641650643432966,1.362405807666242e-09
0.2800319,0.2880204,0.8444181010202139,-0.7400102272016031,1.3943876102146814e-09
0.2880204,0.2960089,0.8663442448519749,-0.8212036302184379,1.4305942515240625e-09
0.2960089,0.3041426,1.0183145431968268,-0.9005574338861794,1.902496694763768e-09
0.3041426,0.312131,1.0983374643232675,-0.9145077862901237,2.209657277474838e-09
0.312131,0.3201195,1.1375344557801819,-1.046456781623586,2.2885031934831302e-09
0.3201195,0.328108,1.1727125242536132,-1.1106894911435126,2.3592865105439014e-09
0.328108,0.3360964,1.3824384106955125,-1.2128973261228755,3.1979947754619228e-09
0.3360964,0.3440849,1.432640045064774,-1.2469895474744914,3.448164018864609e-09
0.3440849,0.3520734,1.4756278400200398,-1.4118310070726805,3.551629623030632e-09
0.3520734,0.3600618,1.5591805618146264,-1.4841279855790843,3.75792139828e-09
0.3600618,0.3680503,1.7943133254052677,-1.5794915190586416,5.0889776241146645e-09
0.3680503,0.3760388,1.8369801589785335,-1.6663393628340795,5.2099880174901305e-09
0.3760388,0.3840272,1.8717002153122007,-1.835014145510984,5.308478716664163e-09
0.3840272,0.3920157,2.0505422795268133,-1.941736371033359,6.055394889402251e-09
0.3920157,0.4000041,2.2534796705222795,-2.0008442241249886,7.435288568498118e-09
0.4000041,0.4081379,2.3154674321965003,-2.172834591457865,7.778743374441197e-09
0.4081379,0.4161263,2.355547794301742,-2.3160244855039767,7.772059280864754e-09
0.4161263,0.4241148,2.645308380797381,-2.469482130562674,9.405341041757503e-09
0.4241148,0.4321032,2.785053076961597,-2.5145563567172498,1.0573426156153942e-08
0.4321032,0.4400917,2.8665865932278,-2.7600870000626103,1.0882967335323327e-08
0.4400917,0.4480802,2.94372410339862,-2.8794462039181226,1.1175819121311866e-08
0.4480802,0.4560686,3.303146061789587,-3.05635834459966,1.3871462792103535e-08
0.4560686,0.4640571,3.403449583776661,-3.143835638730685,1.4726624245514155e-08
0.4640571,0.4720456,3.4797585278838556,-3.421576891781918,1.5056741162226967e-08
0.4720456,0.480034,3.649917004656731,-3.558116268589461,1.580180468328071e-08
0.480034,0.4880225,4.018255492270153,-3.7105427802466044,1.9651680310496325e-08
0.4880225,0.496011,4.115493772297683,-3.890977780559575,2.012735730761233e-08
0.496011,0.5041447,4.1818414743597465,-4.1614334189851965,2.0823479621574347e-08
0.5041447,0.5121331,4.500004005808427,-4.345551299384085,2.2724570228931974e-08
0.5121331,0.5201216,4.795548601114118,-4.444663203354854,2.6313654729173357e-08
0.5201216,0.52811,4.923401432076497,-4.756036252566243,2.7015688338090188e-08
0.52811,0.5360985,5.004696751580385,-4.9781310634036045,2.7461271545596534e-08
0.5360985,0.544087,5.449488639919919,-5.2064492708268295,3.165662445815888e-08
0.544087,0.5520754,5.6703482549696975,-5.30985303690353,3.468155103187111e-08
0.5520754,0.5600639,5.817322400951375,-5.710162108030315,3.558107073317912e-08
0.5600639,0.5680524,5.964660449396006,-5.900087625962273,3.6481652706640575e-08
0.5680524,0.5760408,6.48133293275247,-6.1451291873216025,4.2884387482850056e-08
0.5760408,0.5840293,6.660540777367506,-6.332405332665732,4.514447933491925e-08
0.5840293,0.5920178,6.790864367528264,-6.750875633723392,4.602779959666983e-08
0.5920178,0.6000062,7.071337188923908,-6.957519653497591,4.7933059135120825e-08
0.6000062,0.6081399,7.586941982123845,-7.177231764141866,5.7716902434808894e-08
0.6081399,0.6161284,7.769523690304772,-7.5098554171621394,5.805077320448108e-08
0.6161284,0.6241168,7.880697010665414,-7.884858044163993,5.888062771518698e-08
0.6241168,0.6321053,8.351417662890485,-8.145830881892838,6.399524326719697e-08
0.6321053,0.6400938,8.775363334793715,-8.321037741753612,7.193165325530381e-08
0.6400938,0.6480823,8.98146210177136,-8.80390436252121,7.362194299442991e-08
0.6480823,0.6560707,9.12210204796951,-9.111541735516507,7.477478269741114e-08
0.6560707,0.6640592,9.746948738812137,-9.423551355072943,8.36453899918639e-08
0.6640592,0.6720476,10.080918581943802,-9.632142857142847,9.026656116644128e-08
0.6720476,0.6800361,10.293803592664316,-10.202593728484668,9.217174674907623e-08
0.6800361,0.6880246,10.537620329223337,-10.468925330162163,9.435490618989808e-08
0.6880246,0.696013,11.2392531670923,-10.80245355765856,1.0730789353813069e-07
0.696013,0.7040015,11.520554547161607,-11.131397634099102,1.1223900267572184e-07
0.7040015,0.7121352,11.708400850781231,-11.70120363426231,1.1614265307940978e-07
0.7121352,0.7201236,12.14460843222678,-11.995281908767813,1.1847308417805857e-07
0.7201236,0.7281121,12.824893284095873,-12.300280403079144,1.3545652286661943e-07
0.7281121,0.7361006,13.093816110658967,-12.805829630093431,1.3829557637917086e-07
0.7361006,0.7440891,13.271063403642827,-13.310065719471892,1.4016764456293513e-07
0.7440891,0.7520775,13.92813579690562,-13.658193130038553,1.5018708829803206e-07
0.7520775,0.760066,14.49650622770216,-13.93506415472228,1.6543702837178293e-07
0.760066,0.7680544,14.783929197336127,-14.611002203194563,1.6871567839291983e-07
0.7680544,0.7760429,15.02291544094643,-15.032699505539194,1.7144301330362513e-07
0.7760429,0.7840313,15.848857092784506,-15.43280131190237,1.8791197412059966e-07
0.7840313,0.7920198,16.305603054390467,-15.769970582712478,2.0044314778731736e-07
0.7920198,0.8000083,16.596561306878872,-16.53503285973608,2.0401820883319927e-07
0.8000083,0.808142,16.98562154984804,-16.90786357992053,2.1259713500436417e-07
0.808142,0.8161305,17.888832697002012,-17.335085435313232,2.3240992551618068e-07
0.8161305,0.8241189,18.277211957338352,-17.841233538631148,2.4132865124230106e-07
0.8241189,0.8321074,18.540891281216343,-18.581405770795378,2.4480836620979956e-07
0.8321074,0.8400958,19.15012893695895,-18.96119998998563,2.530708689148048e-07
0.8400958,0.8480843,20.01509795330779,-19.373281592288517,2.8310955752994694e-07
0.8480843,0.8560728,20.38673718470302,-20.081671152281814,2.8836428145647075e-07
0.8560728,0.8640612,20.660995944119016,-20.74166917029678,2.922415232311848e-07
0.8640612,0.8720497,21.515547349314538,-21.17229517431297,3.09690485436562e-07
0.8720497,0.8800381,22.25244729858273,-21.582052726453572,3.363546418970011e-07
0.8800381,0.8880266,22.63843900607156,-22.48041309382215,3.4218906095236975e-07
0.8880266,0.8960151,22.99790824309941,-23.031978469049506,3.476225822577479e-07
0.8960151,0.9040036,24.03724478938464,-23.51993115102935,3.753800369779021e-07
0.9040036,0.9121373,24.64693681842203,-24.031615377995408,4.044192627850796e-07
0.9121373,0.9201257,25.036163687346164,-25.022381202743976,4.034702959034341e-07
0.9201257,0.9281142,25.58145584277444,-25.493033735995652,4.1226050977981115e-07
0.9281142,0.9361026,26.699151269340657,-26.026050272895453,4.5126371492413963e-07
0.9361026,0.9440911,27.21280590849355,-26.73062527383134,4.6656083602053073e-07
0.9440911,0.9520796,27.579795956687498,-27.67162796519954,4.7285284369781384e-07
0.9520796,0.960068,28.379562866156146,-28.148027139352294,4.868173454934634e-07
0.960068,0.9680565,29.45536709019219,-28.692144958377646,5.361819382161895e-07
0.9680565,0.976045,29.935970457532452,-29.62032922325804,5.44927463835509e-07
0.976045,0.9840334,30.330328977016976,-30.45755094887671,5.521090444344372e-07
0.9840334,0.9920219,31.40767353070038,-30.987669775301704,5.803572730349833e-07
0.9920219,1.00001,32.33332081471153,-31.551996094189853,6.237129918478687e-07
1.00001,1.008144,32.82319891812219,-32.692205556921934,6.446771676309433e-07
1.008144,1.016132,33.34794692037997,-33.39949924887295,6.432885656835165e-07
1.016132,1.024121,34.62961572161679,-33.9960570784827,6.879346311177865e-07
1.024121,1.032109,35.3810090135212,-34.688858287431856,7.219671794253982e-07
1.032109,1.040098,35.876555263486985,-35.9087244961821,7.320826360846141e-07
1.040098,1.048086,36.60903855783637,-36.51125438157184,7.470257362919283e-07
1.048086,1.056075,37.9597822005255,-37.1668293904122,8.07601958272623e-07
1.056075,1.064063,38.608900851277774,-38.084376564847005,8.319870653342628e-07
1.064063,1.072052,39.10569533108022,-39.25149580673443,8.426964498285078e-07
1.072052,1.08004,40.12070605908934,-39.844391587381665,8.648098432448794e-07
1.08004,1.088029,41.41092752534675,-40.52699962448357,9.408562733758955e-07
1.088029,1.096017,42.021194291436885,-41.699899849774795,9.547635554957243e-07
1.096017,1.104006,42.565690324195394,-42.740192765051425,9.67135049856052e-07
1.104006,1.112139,43.89781138571285,-43.39134390753679,1.0296231660518905e-06
1.112139,1.120128,45.0015521341841,-44.11882588559328,1.0763921254975598e-06
1.120128,1.128116,45.631096644969155,-45.53556584877348,1.0914958317476365e-06
1.128116,1.136105,46.31970209037346,-46.39261484541188,1.1079672740017471e-06
1.136105,1.144093,47.85667250876249,-47.11761392088136,1.1747855967451072e-06
1.144093,1.152082,48.760758542996015,-47.992602328200654,1.2261867950807274e-06
1.152082,1.16007,49.41785177766739,-49.49738357536403,1.2426613008012296e-06
1.16007,1.168059,50.33554887970954,-50.22588559268954,1.2657377121291706e-06
1.168059,1.176047,51.94420380570831,-51.03328743114623,1.355535942513755e-06
1.176047,1.184036,52.73111778695639,-52.16888221304259,1.3921015095756589e-06
1.184036,1.192024,53.40040060090189,-53.60110165248014,1.4097705758638175e-06
1.192024,1.200012,54.63362543815642,-54.3091887831741,1.4424369788182093e-06
1.200012,1.208001,56.15628989861129,-55.15567655526299,1.5544622606834277e-06
1.208001,1.216135,56.916523235801044,-56.603184165233245,1.6041352908778306e-06
1.216135,1.224123,57.65369303955809,-57.86847771657385,1.595854223334979e-06
1.224123,1.232111,59.23087130696162,-58.63378818227479,1.6600636301202018e-06
1.232111,1.2401,60.52527224934247,-59.54345975716589,1.7545065919639436e-06
1.2401,1.248088,61.313357536304366,-61.246970455681954,1.7773516082623694e-06
1.248088,1.256077,62.18830892477039,-62.279584428589736,1.802714699111283e-06
1.256077,1.264065,63.99395343014616,-63.149461692539624,1.8985086164121404e-06
1.264065,1.272054,65.0734760295408,-64.23663787708121,1.973092866691699e-06
1.272054,1.280042,65.90192789183942,-66.03000751126693,1.9982782575363296e-06
1.280042,1.288031,67.03413443484733,-66.90741018901014,2.032609024333449e-06
1.288031,1.296019,68.90696044066082,-67.88007010515676,2.159957581972931e-06
1.296019,1.304008,69.8505820503178,-69.25921892602315,2.2129362899361555e-06
1.304008,1.312141,70.71726300258334,-70.97012172630089,2.2811974699373126e-06
1.312141,1.32013,72.21424458630597,-71.82014019276419,2.289480410364245e-06
1.32013,1.328118,73.97959439158825,-72.8644591887847,2.446283247746648e-06
1.328118,1.336107,74.87640505695255,-74.57922142946406,2.475938086018278e-06
1.336107,1.344095,75.81015272909308,-76.06529794692025,2.5068901304456394e-06
1.344095,1.352084,77.65150832394454,-76.96881962698842,2.596278180811094e-06
1.352084,1.360072,79.16785177766785,-78.09287681522316,2.7295491935904352e-06
1.360072,1.368061,80.11310552009068,-80.08231318062205,2.762219765227177e-06
1.368061,1.376049,81.22558838257281,-81.32944416624915,2.8005770618427326e-06
1.376049,1.384037,83.30354281422206,-82.35091387080709,2.9326179212318937e-06
1.384037,1.392026,84.56079609463063,-83.66486418825858,3.0370855525347287e-06
1.392026,1.400015,85.57494054324582,-85.75480035048142,3.073423989610711e-06
1.400015,1.408003,86.9681522283449,-86.81777666499937,3.123461187280933e-06
1.408003,1.416137,89.10358986968068,-87.96049913941486,3.358403405778204e-06
1.416137,1.424125,90.24780921381974,-89.65822483725334,3.373282612794132e-06
1.424125,1.432114,91.2887219927402,-91.59951182876522,3.4120985619226235e-06
1.432114,1.440102,93.06964196294616,-92.61439659489243,3.480432330846351e-06
1.440102,1.448091,95.05871823757599,-93.83489798472911,3.694362025585166e-06
1.448091,1.456079,96.15845017526348,-95.87815473209925,3.7371020076114692e-06
1.456079,1.464067,97.30158988482529,-97.5946795192783,3.7815289892838748e-06
1.464067,1.472056,99.42801351858773,-98.65328576793026,3.902847814645122e-06
1.472056,1.480044,101.16372058087414,-100.00254131196886,4.084586382173315e-06
1.480044,1.488033,102.29992489673255,-102.31190386781903,4.130359467705587e-06
1.488033,1.496021,103.65430645968544,-103.76533550325316,4.1850426233099114e-06
1.496021,1.50401,106.01354362248337,-104.9495556390025,4.362139279434219e-06
1.50401,1.512143,107.50308619205681,-106.56810525021544,4.587479197073684e-06
1.512143,1.520132,108.71514582550996,-108.96488922268236,4.556360476692931e-06
1.520132,1.52812,110.40145217827036,-110.19887330996666,4.627145663695597e-06
1.52812,1.536109,112.79576918262462,-111.52672424583625,4.861948834847895e-06
1.536109,1.544097,114.1074361542302,-113.50912618928511,4.96036435706055e-06
1.544097,1.552086,115.36349981224048,-115.73106771810889,5.0149667003379265e-06
1.552086,1.560074,117.44854782173495,-116.92439909865026,5.1073675505759585e-06
1.560074,1.568063,119.69113781449451,-118.36150957566669,5.392803905369855e-06
1.568063,1.576051,120.97685277916833,-120.72118177265776,5.450612101965374e-06
1.576051,1.58404,122.34457378896035,-122.67435223432454,5.512234772061726e-06
1.58404,1.592028,124.81480971457201,-123.9430520781157,5.6744556940534936e-06
1.592028,1.600016,126.76384576865108,-125.520455683525,5.915181335102599e-06
1.600016,1.608005,128.09181374390351,-128.1542996620383,5.977148304731614e-06
1.608005,1.616139,129.7311531841608,-129.83239488566102,6.163656818932827e-06
1.616139,1.624127,132.4491111667499,-131.25189033550157,6.292127475087567e-06
1.624127,1.632116,134.07121041432106,-133.10383026662177,6.474835035749293e-06
1.632116,1.640104,135.5273910866282,-135.8409364046036,6.5450242977465346e-06
1.640104,1.648093,137.4836650394297,-137.24398548003535,6.6396361194141764e-06
1.648093,1.656081,140.19841011517323,-138.8105282924431,6.94725181643724e-06
1.656081,1.66407,141.66550256602906,-141.06530229064668,7.075908522167992e-06
1.66407,1.672058,143.19917376064012,-143.62518778167149,7.152512330996362e-06
1.672058,1.680046,145.58900851277212,-144.9913620430661,7.273335687281045e-06
1.680046,1.688035,148.0881211666036,-146.6537739391674,7.645049255225922e-06
1.688035,1.696023,149.5721081622436,-149.3487731597362,7.721660083875706e-06
1.696023,1.704012,151.20565777944645,-151.57303792715052,7.805992082863916e-06
1.704012,1.712,154.00701051577113,-153.03304957436296,8.016218904356655e-06
1.712,1.720134,156.18748463240468,-154.87742807966518,8.480199478116496e-06
1.720134,1.728122,157.77403605408384,-157.91437155733843,8.41330047258398e-06
1.728122,1.736111,159.6753035423714,-159.7700588308887,8.514525886093283e-06
1.736111,1.744099,162.70630946419493,-161.3892088132224,8.820309036054083e-06
1.744099,1.752088,164.53398422831063,-163.52972837651336,9.057102229815935e-06
1.752088,1.760076,166.2283425137785,-166.60866299449472,9.150371570355678e-06
1.760076,1.768065,168.4973087995955,-168.21767430216312,9.275271357491505e-06
1.768065,1.776053,171.52015523284882,-170.01464697045807,9.668419630320299e-06
1.776053,1.784042,173.18713230692367,-172.58981099011626,9.835643617974927e-06
1.784042,1.79203,174.9789684526773,-175.4641962944335,9.937405576364427e-06
1.79203,1.800019,177.68168732006478,-177.00863687570612,1.0091609113030455e-05
1.800019,1.808007,180.50225338006882,-178.96419629444708,1.0569850953430338e-05
1.808007,1.816141,182.17174821736455,-181.99889353330968,1.08616261439635e-05
1.816141,1.824129,184.14997496244462,-184.5379318978538,1.0783454233850804e-05
1.824129,1.832118,187.27375140818492,-186.1686068343988,1.1055331366879426e-05
1.832118,1.840106,189.69241362042692,-188.3174762143147,1.1447178392338376e-05
1.840106,1.848095,191.449618225058,-191.6516460132708,1.1553410111027574e-05
1.848095,1.856083,193.7085628442722,-193.79832248372892,1.1689536933400305e-05
1.856083,1.864071,197.056584877312,-195.62155733599926,1.2073459898848145e-05
1.864071,1.87206,199.09913631242918,-198.06321191638702,1.237520591663528e-05
1.87206,1.880048,201.04531797696748,-201.49236354532277,1.2496373829494475e-05
1.880048,1.888037,203.64626361246852,-203.32369508072819,1.2657837161096438e-05
1.888037,1.896025,206.99486730094515,-205.3734351527248,1.3151832883700506e-05
1.896025,1.904014,208.86018275128362,-208.2732507197439,1.3364336513706243e-05
1.904014,1.912002,210.93515272910568,-211.47508763144984,1.3497318552829454e-05
1.912002,1.920136,214.02385050405144,-213.26235554462266,1.395050262355521e-05
1.920136,1.928124,217.13933400099788,-215.51226840260756,1.4296236611292103e-05
1.928124,1.936113,218.99361622230808,-218.87870822380853,1.4418320698460494e-05
1.936113,1.944101,221.2734101151684,-221.68740610916197,1.4568641321982621e-05
1.944101,1.95209,224.746276129677,-223.53661284265726,1.4907195749405502e-05
1.95209,1.960078,227.42613920882073,-225.98910866299735,1.5399478738107407e-05
1.960078,1.968067,229.41719864814038,-229.67943422205238,1.5534297354862925e-05
1.968067,1.976055,232.00976464697092,-232.08975963946406,1.5709845183775917e-05
1.976055,1.984044,235.6721742395785,-234.12341970209346,1.618384387720595e-05
1.984044,1.992032,238.00375563344846,-236.94441662493287,1.656625141086617e-05
1.992032,2.000021,240.16322443359945,-240.67342596069895,1.6716561236700747e-05
2.000021,2.008009,243.165247871804,-242.79293940911418,1.6925760243364994e-05
2.008009,2.016143,246.80981067125467,-245.08679616424348,1.7854715323579743e-05
2.016143,2.024131,248.97208312468692,-248.4369053580343,1.780623441299424e-05
2.024131,2.03212,251.29215170860297,-251.87445237201786,1.7972414690199534e-05
2.03212,2.040108,254.7822984476682,-253.92013019529244,1.8228399542438453e-05
2.040108,2.048097,258.10940042559236,-256.40205282262997,1.895890978946104e-05
2.048097,2.056085,260.2580120180219,-260.1881572358577,1.9116731756759714e-05
2.056085,2.064074,262.797346351233,-263.2273125547552,1.930325348153661e-05
2.064074,2.072062,266.69616925388164,-265.3825738607959,1.9724048589510195e-05
2.072062,2.08005,269.6160490736109,-268.13157235853254,2.0330937412493316e-05
2.08005,2.088039,271.8553010389203,-272.17661784953833,2.0499520830140848e-05
2.088039,2.096027,274.79444166250397,-274.8536554832421,2.0721424462444648e-05
2.096027,2.104016,278.8129928651786,-277.1553385905454,2.130103384190684e-05
2.104016,2.112004,281.3915873810655,-280.32373560340875,2.1773799639959628e-05
2.112004,2.120138,283.85812638310153,-284.426358495218,2.2364330203345056e-05
2.120138,2.128126,287.2726589884796,-286.8027040560684,2.2229158352528532e-05
2.128126,2.136115,291.2019026160888,-289.37914632619584,2.2977286125922384e-05
2.136115,2.144104,293.54187007135374,-293.0352985354973,2.3299005311303726e-05
2.144104,2.152092,296.2479969954942,-296.8631697546275,2.3514092265522878e-05
2.152092,2.16008,300.07648973461716,-299.1273159739745,2.3823972749500144e-05
2.16008,2.168069,303.70421830015175,-301.9270246588924,2.4716664102139785e-05
2.168069,2.176057,306.10353029543194,-306.08562844265884,2.491192970956413e-05
2.176057,2.184046,308.97696833146904,-309.4119414194626,2.5145781590687916e-05
2.184046,2.192034,313.25776164245036,-311.8378818227262,2.565643719404067e-05
2.192034,2.200023,316.40881211667664,-314.8938540493309,2.6393241062711855e-05
2.200023,2.208011,318.9961191787658,-319.3729344015916,2.6609061281296588e-05
2.208011,2.216145,322.27096139659665,-322.2785837226582,2.737079502237486e-05
2.216145,2.224133,326.7492488732985,-324.9733350024858,2.7602469547821392e-05
2.224133,2.232122,329.4711478282695,-328.444861684827,2.815825164914326e-05
2.232122,2.24011,332.30345518277966,-332.92601402103077,2.8399982493740333e-05
2.24011,2.248099,335.9959944924381,-335.4602578545475,2.871589766929591e-05
2.248099,2.256087,340.3421382073051,-338.43878317475486,2.962337970956397e-05
2.256087,2.264076,342.88959819750573,-342.4149455501364,3.001415519902242e-05
2.264076,2.272064,345.9317726590005,-346.574862293451,3.02800999243883e-05
2.272064,2.280052,350.14822233350384,-349.10515773660194,3.065407627240787e-05
2.280052,2.288041,354.07735636499734,-352.24996870695645,3.173205860007444e-05
2.288041,2.296029,356.7484977466273,-356.78117175765385,3.197108687105781e-05
2.296029,2.304018,359.96883214418267,-360.39304043057984,3.225968679909763e-05
2.304018,2.312006,364.63495242866435,-363.1201802704194,3.287111169153869e-05
2.312006,2.32014,368.10019670518324,-366.5784361937517,3.437687737029731e-05
2.32014,2.328129,370.96132181749334,-371.41669795968113,3.402568532106548e-05
2.328129,2.336117,374.6668753129578,-374.61467200801474,3.436519513745532e-05
2.336117,2.344105,379.4477966950644,-377.57961942916063,3.5218067802455206e-05
2.344105,2.352094,382.4300913756242,-381.41970209035367,3.588915192514616e-05
2.352094,2.360082,385.5883825738783,-386.25137706561077,3.6185541762645636e-05
2.360082,2.368071,389.6581549630617,-389.05244711477695,3.6567079894353304e-05
2.368071,2.376059,394.3559088632861,-392.3773159739592,3.7647975551451694e-05
2.376059,2.384048,397.16485167105935,-396.73200650896564,3.812266261734997e-05
2.384048,2.392036,400.5574611917803,-401.2170756134054,3.844550512518698e-05
2.392036,2.400025,405.1207910877676,-403.9828514207132,3.888754473651388e-05
2.400025,2.408013,409.45343014521217,-407.5866299449105,4.018375963445111e-05
2.408013,2.416002,412.31405682811686,-412.3960445612635,4.0468624677680595e-05
2.416002,2.424135,416.05311693102396,-416.44928070824113,4.157202744374797e-05
2.424135,2.432124,421.04706471399857,-419.408061083983,4.156576622856527e-05
2.432124,2.440112,424.83149724586247,-423.30483224837093,4.261484748873303e-05
2.440112,2.448101,427.92777569158903,-428.43447239956396,4.292971445737956e-05
2.448101,2.456089,432.0307961942759,-431.93202303454376,4.333700916624855e-05
2.456089,2.464077,437.1816474712091,-435.2324737105579,4.434770631947914e-05
2.464077,2.472066,440.4396044561286,-439.44060583303235,4.514505945675428e-05
2.472066,2.480055,443.8852171736074,-444.58392790085065,4.5502673612465726e-05
2.480055,2.488043,448.45305458189955,-447.7696544817384,4.5970922625189066e-05
2.488043,2.496032,453.3931656026843,-451.356239829745,4.722996606083247e-05
2.496032,2.50402,456.5885077616412,-456.1976715072715,4.780938264772133e-05
2.50402,2.512008,460.29982473711743,-460.966825237864,4.8202597646471304e-05
2.512008,2.520142,465.30317187114895,-464.0713056306912,4.962458328005838e-05
2.520142,2.528131,469.92126674175836,-468.02891475776966,5.025338026536332e-05
2.528131,2.536119,473.19379068606474,-473.3602904356816,5.060334397596593e-05
2.536119,2.544107,477.2223335002362,-477.5868803204712,5.1034156344516794e-05
2.544107,2.552096,482.5704093127831,-480.84491175364127,5.188597040931112e-05
2.552096,2.560084,486.6667501252017,-485.139709564366,5.31342757786696e-05
2.560084,2.568073,490.09175115782074,-490.64000500687354,5.350821739141175e-05
2.568073,2.576061,494.5908863294992,-494.43665498244826,5.3994487060590385e-05
2.576061,2.58405,500.04631368131606,-498.0276630367031,5.516510932532404e-05
2.58405,2.592038,503.72421131697706,-502.7474962443577,5.6135026109162437e-05
2.592038,2.600027,507.46050819878593,-508.1797471523527,5.6546324428591336e-05
2.600027,2.608015,512.4308963445034,-511.6791437155651,5.7105299088631624e-05
2.608015,2.616004,517.7162348228788,-515.6316184753848,5.857441480785875e-05
2.616004,2.624137,521.2818148284632,-520.940735276059,6.034879570269365e-05
2.624137,2.632126,525.3208161221985,-525.9809738390077,5.973423000125296e-05
2.632126,2.640114,530.808963445158,-529.4692038057156,6.0374211502252196e-05
2.640114,2.648103,535.6622856427572,-533.7512830141577,6.213146851170603e-05
2.648103,2.656091,539.2676514772195,-539.4719579368842,6.254965489484144e-05
2.656091,2.66408,543.6029540618503,-543.9434222055492,6.305794267117421e-05
2.66408,2.672068,549.4809714571919,-547.6763895843847,6.405849165247777e-05
2.672068,2.680057,553.7686819376476,-552.2392039053583,6.551083507322365e-05
2.680057,2.688045,557.6672508763342,-558.2446169254231,6.597203577867092e-05
2.688045,2.696033,562.4878567851782,-562.2946920380258,6.653668857911787e-05
2.696033,2.704022,568.322818875906,-566.2392039053597,6.789752717110811e-05
2.704022,2.71201,572.3257386079623,-571.3684276414816,6.90282073335033e-05
2.71201,2.720144,576.4825424145399,-577.2098598475528,7.079782103393042e-05
2.720144,2.728132,581.8983475212697,-581.0439409113771,7.01827596945409e-05
2.728132,2.736121,587.5177118538104,-585.3925397421432,7.191216793090678e-05
2.736121,2.744109,591.3554081121679,-591.0724837255693,7.270714742739014e-05
2.744109,2.752098,595.7569157591503,-596.4050569533065,7.324831279258765e-05
2.752098,2.760086,601.6379569354133,-600.2319729594482,7.398341956434977e-05
2.760086,2.768075,606.8357741895043,-604.9048691951383,7.603652250594342e-05
2.768075,2.776063,610.7933149724475,-611.0225338007019,7.652629443289845e-05
2.776063,2.784052,615.5159594442488,-615.8270121416908,7.712414971836465e-05
2.784052,2.79204,621.7774161241886,-619.9208813219759,7.827555891587173e-05
2.79204,2.800029,626.4046814369694,-624.8769558142744,7.996682163224735e-05
2.800029,2.808017,630.6735102654053,-631.2657736604614,8.05117803204785e-05
2.808017,2.816005,635.8895843765674,-635.6462193289843,8.117130544566743e-05
2.816005,2.824139,642.1573641504416,-640.0277846078187,8.425746775018542e-05
2.824139,2.832128,646.4378520465968,-645.539867317592,8.405631390161664e-05
2.832128,2.840116,651.0826239358819,-651.8228592889212,8.466678441662266e-05
2.840116,2.848105,656.7126048316917,-655.8008511703755,8.53923400062603e-05
2.848105,2.856093,662.8596644967199,-660.7095643465149,8.74046753605405e-05
2.856093,2.864082,666.8902240580896,-666.6256102140534,8.830960346977382e-05
2.864082,2.87207,671.8342513770607,-672.4714571857589,8.897100990986298e-05
2.87207,2.880059,677.9515583927767,-676.4911753661023,8.978790439353916e-05
2.880059,2.888047,683.67376064099,-681.7324737105998,9.217289640961648e-05
2.888047,2.896035,687.9131196794807,-688.1611166750167,9.275132592639005e-05
2.896035,2.904024,693.0167730629711,-693.3017899611696,9.343945151207554e-05
2.904024,2.912012,699.6844016024437,-697.7700300450877,9.476525535303404e-05
2.912012,2.920001,704.6552760044598,-703.1371886343734,9.670689007885579e-05
2.920001,2.928134,709.3837452354899,-709.9845075617657,9.91292845592034e-05
2.928134,2.936123,714.9491801226711,-714.6173488547042,9.812677497183759e-05
2.936123,2.944111,721.6964196294467,-719.5225338006986,9.994773715448127e-05
2.944111,2.9521,726.2072850168547,-725.3271998998351,0.00010143663357115712
2.9521,2.960088,731.2538808212682,-731.9833500250825,0.00010214154207311388
2.960088,2.968077,737.2659907372621,-736.3133057954107,0.00010297394092627115
2.968077,2.976065,743.8088382573501,-741.6345768653148,0.00010527870296694857
2.976065,2.984054,748.1851295531714,-747.9345349856333,0.00010633207061209345
2.984054,2.992042,753.5424386579692,-754.1577366048874,0.00010709345138207116
2.992042,3.000031,760.0401802478723,-758.5332331956522,0.00010802451081862887
3.000031,3.008019,766.1453430145219,-764.1972959439244,0.0001107692936930393
3.008019,3.016007,770.7536304456331,-771.019028542806,0.00011143555988983205
3.016007,3.024141,776.3535775756086,-776.5674944676437,0.00011427924661912849
3.024141,3.03213,783.3433471022488,-781.3844035549074,0.00011377278773313704
3.03213,3.040118,788.831997997016,-787.3522784176113,0.00011599774530545566
3.040118,3.048107,793.7138565527729,-794.327199899892,0.00011671562260608585
3.048107,3.056095,799.8472709063644,-799.475463194768,0.00011761754118677834
3.056095,3.064084,806.7843284516347,-804.5913130554945,0.00011965418375266429
3.064084,3.072072,811.8627941912843,-810.9914872308232,0.00012139784361542047
3.072072,3.08006,817.2220831246739,-817.9444166249081,0.000122207390310464
3.08006,3.088049,823.6224809112612,-822.6160971335888,0.00012315626957066445
3.088049,3.096037,830.544566850271,-828.3650475713475,0.00012575275286679646
3.096037,3.104026,835.3060458129421,-835.0644636374774,0.0001269915781449463
3.104026,3.112014,841.0778668002484,-841.671256885344,0.00012786906808964047
3.112014,3.120003,847.959694580039,-846.407560395555,0.00012890683277005423
3.120003,3.128136,854.5075617853086,-852.590679945892,0.0001344567648469214
3.128136,3.136125,859.4555013143093,-859.7433971711256,0.00013281165861810316
3.136125,3.144113,865.5921382073439,-865.7749123685227,0.00013375995311717376
3.144113,3.152102,872.8389034922775,-870.8348979847125,0.00013546459782200223
3.152102,3.16009,878.714321482236,-877.250876314493,0.0001380020841887877
3.16009,3.168079,883.9979972462053,-884.6025785455022,0.0001388407254474867
3.168079,3.176067,890.5445668502581,-890.1326990485564,0.0001398600242238331
3.176067,3.184056,897.8608086118606,-895.6402553511124,0.00014215830182751755
3.184056,3.192044,903.3212318477748,-902.4649474211477,0.00014416103539058192
3.192044,3.200032,909.1011517275612,-909.813470205301,0.00014507436179268674
3.200032,3.208021,915.8981099011171,-914.856677932185,0.0001461681793591231
3.208021,3.216009,923.2160741111512,-921.0240360540779,0.00014909016380821078
3.216009,3.224143,928.4349643472116,-928.2173592328112,0.00015325675956478788
3.224143,3.232132,934.5612717486549,-935.1070221555094,0.00015152041898861297
3.232132,3.24012,942.0706059088511,-940.473209814701,0.0001527661694541808
3.24012,3.248109,948.6994617599579,-946.7643009137706,0.00015623182736262768
3.248109,3.256097,954.2363545317687,-954.5317976965526,0.00015714364286429483
3.256097,3.264086,960.5607710602542,-960.6997121041234,0.00015818514777819572
3.264086,3.272074,968.4251377065583,-966.4121181773086,0.00016012909651977938
3.272074,3.280062,974.5918878317323,-973.1284426639467,0.00016299074732097882
3.280062,3.288051,980.2766303667729,-980.8724496182621,0.00016395126642884425
3.288051,3.296039,987.233350025014,-986.8002003004391,0.00016510490545818435
3.296039,3.304028,994.9480535736417,-992.6987107272006,0.00016768854494930154
3.304028,3.312016,1000.8062093139631,-999.9511767652065,0.00016995691046570367
3.312016,3.320005,1006.889473025421,-1007.5841782450518,0.00017098997030917085
3.320005,3.328138,1014.4264109184825,-1013.3321037747421,0.00017540447071191768
3.328138,3.336127,1021.9063712605038,-1019.7246213544124,0.00017556351458255468
3.336127,3.344115,1027.6852779168503,-1027.4962443665038,0.0001771832187656441
3.344115,3.352104,1034.0893728877338,-1034.6213543621705,0.0001782873487795677
3.352104,3.360092,1042.0205307962265,-1040.3818227342144,0.00017967560012519627
3.360092,3.368081,1049.0173989234966,-1047.0922518462592,0.00018358853498560008
3.368081,3.376069,1054.983725588319,-1055.2704056083937,0.00018462215197796215
3.376069,3.384058,1061.7236199775282,-1061.848792089136,0.00018580163349606345
3.384058,3.392046,1069.9912368552718,-1067.9556835252783,0.00018796536057836437
3.392046,3.400034,1076.5648472709531,-1075.0813720581361,0.000191208682523795
3.400034,3.408023,1082.65740393036,-1083.2557266240901,0.00019229078151207146
3.408023,3.416011,1090.0363044566889,-1089.5731096644602,0.00019360134803455132
3.416011,3.424145,1098.2308827144882,-1095.9822965330861,0.00020009766683058193
3.424145,3.432133,1104.529293940976,-1103.7093139709991,0.00019906931464697963
3.432133,3.440122,1111.0439354111406,-1111.729878582992,0.00020024344847915267
3.440122,3.44811,1118.9146219329373,-1117.7841762644848,0.00020165079316475682
3.44811,3.456099,1126.7643009137048,-1124.5525097007644,0.00020534152619851702
3.456099,3.464087,1132.9444166249577,-1132.7641462193064,0.00020715888657986544
3.464087,3.472076,1139.7759419201582,-1140.2828889723844,0.00020841942873952196
3.472076,3.480064,1148.1259389083377,-1146.4672008011805,0.00020995779044817058
3.480064,3.488053,1155.5075729128148,-1153.5824258356056,0.0002143350996995935
3.488053,3.496041,1161.9266399599403,-1162.1957936903975,0.0002155257724461656
3.496041,3.50403,1169.0436850668543,-1169.1550882463432,0.00021685760357991415
3.50403,3.512018,1177.7616424637458,-1175.7048072108787,0.00021925210736105155
3.512018,3.520007,1184.5800475653966,-1183.095506321177,0.000222855044348475
3.520007,3.52814,1191.486536333471,-1192.0754948973133,0.00022824116090003845
3.52814,3.536129,1199.0524471148476,-1198.530479409261,0.00022558972740018015
3.536129,3.544117,1207.8442663995754,-1205.567100650895,0.00022889856692538208
3.544117,3.552106,1214.2157967204275,-1213.3909125046926,0.00023166023185629958
3.552106,3.560094,1221.4421632449078,-1222.1244366550368,0.0002330389503254969
3.560094,3.568083,1229.4492427087075,-1228.298911002613,0.0002345789155088147
3.568083,3.576071,1238.007010515795,-1235.792438657935,0.00023871251176765332
3.576071,3.584059,1244.4616925387982,-1244.2676514772404,0.00024074111442163955
3.584059,3.592048,1251.7123544873468,-1252.2055326073541,0.0002421562720991279
3.592048,3.600036,1260.474461692663,-1258.8057085629403,0.00024386399410366772
3.600036,3.608025,1268.280135185843,-1266.3374640129045,0.00024874778291400257
3.608025,3.616013,1275.1089133699934,-1275.3855783675597,0.00025009986226839573
3.616013,3.624002,1282.6636625360784,-1282.7600450619789,0.00025156882413318425
3.624002,3.632135,1291.9181113979716,-1289.8340095905824,0.00025891330870528225
3.632135,3.640124,1299.137564150687,-1297.691826261039,0.0002582945305044306
3.640124,3.648112,1306.4133700551026,-1306.9942413620768,0.0002597280421006624
3.648112,3.656101,1314.348479158841,-1313.8377769433032,0.00026130562114156253
3.656101,3.664089,1323.5816224336318,-1321.2856785177764,0.0002649810408112196
3.664089,3.672078,1330.3542370759974,-1329.5218425334967,0.0002680663787708164
3.672078,3.680066,1338.0433149724474,-1338.6930395593097,0.0002696291084000902
3.680066,3.688055,1346.4413568657062,-1345.2897734385265,0.0002713079334084441
3.688055,3.696043,1355.4168753129006,-1353.1960440661153,0.0002758951049699556
3.696043,3.704031,1362.3247371057114,-1362.1169253880335,0.00027818671131696527
3.704031,3.71202,1369.9799724622058,-1370.464388534277,0.00027974991037677693
3.71202,3.720008,1379.187531296864,-1377.4974962442825,0.0002816438857661504
3.720008,3.728142,1387.4821735923613,-1385.559380378709,0.0002923147443324242
3.728142,3.73613,1394.8084626940577,-1395.1001502253011,0.0002885998190160175
3.73613,3.744119,1402.807610464342,-1402.845162097914,0.0002902549226811998
3.744119,3.752107,1412.3698047070864,-1410.279168753111,0.00029325034255132465
3.752107,3.760096,1419.9574414820952,-1418.4941794968884,0.00029765147888347163
3.760096,3.768084,1427.684026039017,-1428.259889834623,0.0002992854023785582
3.768084,3.776073,1436.0520715984558,-1435.5075729128855,0.00030103959576919306
3.776073,3.784061,1445.6810215323048,-1443.4101151727778,0.0003050386955433149
3.784061,3.79205,1452.8977343846675,-1452.0352985353607,0.0003085373628739353
3.79205,3.800038,1461.0378067101487,-1461.6700050076213,0.00031025137825489523
3.800038,3.808027,1469.8272624858967,-1468.6794342220005,0.0003121178191888747
3.808027,3.816015,1479.255132698998,-1477.035553329941,0.0003171523004506782
3.816015,3.824003,1486.587381071743,-1486.3595393090482,0.00031973521392089426
3.824003,3.832137,1494.795918367279,-1495.2606343742202,0.000327345358163265
3.832137,3.840126,1504.2908999874528,-1502.5710351732926,0.00032360305840529514
3.840126,3.848114,1513.2749123685999,-1511.3194792189447,0.0003296215414121334
3.848114,3.856103,1520.6045812993077,-1520.89873576152,0.00033121808989859116
3.856103,3.864091,1529.3965948922735,-1529.4441662495021,0.0003331331662994454
3.864091,3.87208,1539.0599574415262,-1536.9520590811383,0.00033633077249969765
3.87208,3.880068,1547.3973460189734,-1545.9389083625845,0.00034129395863795493
3.880068,3.888057,1555.2309425460305,-1555.7754412317431,0.00034302173668795694
3.888057,3.896045,1564.4153730596058,-1563.8232348522245,0.00034504745468202
3.896045,3.904033,1574.268903354992,-1572.0217826740081,0.00034942472578866857
3.904033,3.912022,1581.8838402804336,-1581.0151458255884,0.000353250480373029
3.912022,3.92001,1590.5045067601259,-1591.1116675011563,0.0003551914664496684
3.92001,3.928144,1599.8352594049495,-1598.6943693139747,0.00036375454293089923
3.928144,3.936132,1609.7145718577747,-1607.496244366588,0.0003628779559339045
3.936132,3.944121,1617.316309926163,-1617.0972587307817,0.0003656266981850061
3.944121,3.952109,1626.234351527299,-1626.6337005507653,0.00036765906219329
3.952109,3.960098,1635.8880961322395,-1634.209538114963,0.0003698906574164595
3.960098,3.968086,1645.3104656984694,-1643.3738107159895,0.00037649639386579256
3.968086,3.976075,1653.128051070355,-1653.3846538991945,0.0003783018232069082
3.976075,3.984063,1662.3522784174456,-1662.3698047071202,0.0003804126953930873
3.984063,3.992052,1672.393290774799,-1670.3079233945657,0.0003838978798973503
3.992052,4.00004,1681.246870305507,-1679.749624436613,0.0003893935876314417
4.00004,4.008029,1689.4605081988864,-1689.9974965578904,0.0003912959483039502
4.008029,4.016017,1699.042313470213,-1698.5302954431843,0.0003935151902228297
4.016017,4.024005,1709.4041061592443,-1707.1156735102418,0.00039829115673509094
4.024005,4.032139,1717.554708630382,-1716.6830587657212,0.0004098944312146514
4.032139,4.040128,1726.4801602202838,-1727.050945049349,0.0004046696847540257
4.040128,4.048116,1736.5197796694488,-1735.3392588882405,0.00040702287115673263
4.048116,4.056105,1746.3887845788538,-1744.20202778838,0.0004130384114407675
4.056105,4.064093,1754.8297446169531,-1754.5768652979584,0.00041621051882823176
4.064093,4.072082,1763.7564150707653,-1764.2045312303496,0.0004183101089623128
4.072082,4.08007,1774.2926890333972,-1772.5726089133757,0.0004208444829118582
4.08007,4.088058,1783.9571857787646,-1782.0067601401645,0.00042809620587130193
4.088058,4.096047,1792.17298785821,-1792.4333458505034,0.0004300498301664731
4.096047,4.104035,1801.8615423136218,-1801.8703054584023,0.0004323746956935778
4.104035,4.112024,1812.3231943922356,-1810.251595944278,0.00043617182319437373
4.112024,4.120012,1821.644967451163,-1820.142714071043,0.00044220431584876985
4.120012,4.128001,1830.2878958567303,-1830.7835774189646,0.0004443206895981866
4.128001,4.136134,1840.4844460838121,-1839.9385220705694,0.0004549125405385429
4.136134,4.144123,1851.0476905747407,-1848.7632995371107,0.00045202584603833997
4.144123,4.152111,1859.9661992988758,-1859.1261892837824,0.0004567332998998546
4.152111,4.1601,1869.053698835942,-1869.6282388283187,0.0004589648262861263
4.1601,4.168088,1879.5693540310372,-1878.3600400601167,0.0004615470505758575
4.168088,4.176076,1890.1101652477212,-1887.8843264896816,0.00046816138683024
4.176076,4.184065,1898.486669170179,-1898.2638628112584,0.0004715081491550685
4.184065,4.192053,1908.3725588383797,-1908.7856785180516,0.0004739824924387128
4.192053,4.200042,1918.894730254044,-1917.2036550255768,0.00047661507310049685
4.200042,4.20803,1929.2150726088316,-1927.2383575362892,0.00048456094978716535
4.20803,4.216019,1937.8583051696019,-1938.0861184128053,0.0004867318705094399
4.216019,4.224007,1947.9944917375612,-1948.0345518275951,0.0004892972564346516
4.224007,4.232141,1959.0422916154325,-1956.9559872142502,0.000502494347799356
4.232141,4.240129,1968.858287431474,-1967.3297446171553,0.0005000703164246777
4.240129,4.248118,1977.8845913128848,-1978.4391037675045,0.000502362907347592
4.248118,4.256106,1988.4852278416747,-1987.8743114672322,0.0005050553630195252
4.256106,4.264095,1999.4091876330106,-1997.144824133138,0.0005107290828889512
4.264095,4.272083,2008.7681522282808,-2007.899349023447,0.0005158717491737594
4.272083,4.280072,2018.3076730505559,-2018.8784578797918,0.0005183215935161178
4.280072,4.28806,2029.283925888893,-2028.0871306960514,0.0005211404050075117
4.28806,4.296049,2039.9949931154806,-2037.7894605081926,0.0005282771034171727
4.296049,4.304037,2049.3377566349054,-2049.0898848270795,0.0005320695617551345
4.304037,4.312026,2059.1237952182887,-2059.54562523472,0.0005346309021904905
4.312026,4.320014,2070.625938908567,-2068.908362543973,0.0005376173187782171
4.320014,4.328002,2081.1479719580166,-2079.1825237857106,0.0005462389081997938
4.328002,4.336136,2090.381116301834,-2090.6147037126716,0.0005586334495205312
4.336136,4.344124,2101.004006009144,-2100.9939909864647,0.000551450521457178
4.344124,4.352113,2112.3619977466283,-2110.2378270122504,0.0005559948014269446
4.352113,4.360101,2122.5826239358917,-2121.0640961441386,0.0005631211701301806
4.360101,4.36809,2132.0816122170077,-2132.5985730378848,0.0005656625725372941
4.36809,4.376078,2143.047070605892,-2142.51752628953,0.000568550387831731
4.376078,4.384067,2154.4799098760814,-2152.171736137155,0.0005746859711603315
4.384067,4.392055,2164.307711567197,-2163.4238858287713,0.0005803374697796603
4.392055,4.400043,2174.4904857286892,-2175.076364546747,0.0005830678788432572
4.400043,4.408032,2185.4086869443595,-2184.1882588557737,0.0005859954853172935
4.408032,4.41602,2197.1281922887465,-2194.921131697768,0.0005938398078117719
4.41602,4.424009,2206.376267367582,-2206.062085367413,0.0005978838409312716
4.424009,4.432143,2217.0703221047597,-2217.463732480804,0.0006117118725719066
4.432143,4.440131,2228.985978968415,-2227.339759639394,0.000604122069879809
4.440131,4.44812,2239.7258730753315,-2237.7231192890363,0.0006133041358242462
4.44812,4.456108,2249.7646469702745,-2249.9724586880093,0.0006160305556334441
4.456108,4.464097,2260.299161347096,-2260.3241957694204,0.0006189377193516638
4.464097,4.472085,2272.6076614922517,-2270.5483224837294,0.0006239898856159029
4.472085,4.480073,2283.033299950031,-2281.470956434433,0.000631669653430143
4.480073,4.488062,2292.950306671509,-2293.4534985606797,0.0006343905613468304
4.488062,4.49605,2304.429143715543,-2303.8783174760947,0.0006375894554832177
4.49605,4.504039,2316.262360746061,-2313.9604456128436,0.0006441757251471258
4.504039,4.512027,2326.552328492871,-2325.6284426639554,0.0006503411723835658
4.512027,4.520016,2336.904493678638,-2337.511578420304,0.0006532349131180166
4.520016,4.528004,2348.8382573861895,-2347.6427140710193,0.0006565707580871238
4.528004,4.536138,2360.5827391195608,-2358.3784116057045,0.0006770151295795439
4.536138,4.544126,2370.9213820733694,-2370.6497245870005,0.0006695244890836182
4.544126,4.552114,2381.837756634749,-2382.2383575359436,0.0006725833457185656
4.552114,4.560103,2393.6825635249756,-2391.99023657548,0.0006760238295907368
4.560103,4.568091,2405.413119679569,-2403.4213820732066,0.0006861200382573781
4.568091,4.57608,2415.3548629364414,-2415.528852171684,0.000688979974652627
4.57608,4.584068,2426.897846770271,-2426.9491737605986,0.0006922483418127052
4.584068,4.592057,2439.071222931509,-2436.9608211292925,0.0006975011976217956
4.592057,4.600045,2450.2403605409704,-2448.7180771154635,0.0007059387502753887
4.600045,4.608034,2460.6208536735744,-2461.0889973713424,0.0007089048679434167
4.608034,4.616022,2472.530045067531,-2471.957936905394,0.00071233590598395
4.616022,4.624011,2484.7653022905115,-2482.5309800974733,0.0007194637932782344
4.624011,4.632144,2495.8047460961902,-2494.8395426041366,0.0007393821560310169
4.632144,4.640133,2506.569032419967,-2507.137313806805,0.0007293363913631556
4.640133,4.648121,2518.995993990845,-2517.817976965349,0.0007329270744116223
4.648121,4.65611,2530.968832144209,-2528.747027162305,0.0007420041325196795
4.65611,4.664098,2541.747621432005,-2541.4709564347236,0.0007468162861291847
4.664098,4.672087,2552.833896607799,-2553.239454249557,0.000750124712179231
4.672087,4.680075,2565.721081622563,-2564.0210315471313,0.0007539627970455424
4.680075,4.688064,2577.2912755038788,-2575.304794092143,0.0007646823214420716
4.688064,4.696052,2588.321231847798,-2588.4564346520615,0.0007679549094892154
4.696052,4.704041,2599.6582801351537,-2599.710852421859,0.0007713186117160821
4.704041,4.712029,2612.9168753128074,-2610.840010015066,0.0007771598662243268
4.712029,4.720017,2624.2714071106425,-2622.701552328391,0.0007861529854281286
4.720017,4.728006,2635.0644636376796,-2635.523845287455,0.0007894126120166065
4.728006,4.736139,2647.617115455675,-2647.0945530554704,0.0008075761725562284
4.736139,4.744128,2660.378019777005,-2658.0973839029143,0.0008009068028539253
4.744128,4.752116,2671.6149223837415,-2670.663495242757,0.0008080032171256463
4.752116,4.760105,2682.850168982204,-2683.464764050664,0.000811428033608715
4.760105,4.768093,2695.6484727088955,-2694.4929894840434,0.0008152719240861213
4.768093,4.776082,2708.1875078234198,-2705.950682188212,0.0008250222423833283
4.776082,4.78407,2719.4354031045773,-2719.0435653478785,0.0008302708229218779
4.78407,4.792058,2731.2068102153826,-2731.6850275413594,0.0008339193753630145
4.792058,4.800047,2743.9379146325828,-2742.22305670299,0.0008378065634747728
4.800047,4.808035,2756.629944917293,-2754.6269404105233,0.0008495657827240717
4.808035,4.816024,2767.4239579424275,-2767.547878332851,0.0008529200638378317
4.816024,4.824012,2779.8647971958553,-2779.979969954988,0.0008567265318477624
4.824012,4.832001,2792.9690824883105,-2790.848666916732,0.0008628040089623081
4.832001,4.840135,2804.945906073144,-2803.3968527170273,0.0008884105168305782
4.840135,4.848123,2816.8865798697298,-2817.337255883808,0.0008762489084000785
4.848123,4.856112,2828.992364501173,-2828.5004381023928,0.0008800146548253501
4.856112,4.8641,2842.9056084129206,-2840.612168252607,0.0008885501479094764
4.8641,4.872088,2854.307711567184,-2853.3274912368574,0.0008961099060465353
4.872088,4.880076,2866.244366549892,-2866.836504757046,0.0008998574188783301
4.880076,4.888065,2878.902240580653,-2877.731881336716,0.000903831358430291
4.888065,4.896053,2892.5463194793156,-2890.2854281421546,0.000914420667976952
4.896053,4.904042,2903.484791588505,-2903.1856302418673,0.000919911086519047
4.904042,4.91203,2916.1417125688677,-2916.562343515136,0.000923921178793185
4.91203,4.920019,2929.2301915133094,-2927.6229815997513,0.0009280972938790617
4.920019,4.928007,2942.512518778066,-2940.42689033543,0.0009407506773785524
4.928007,4.936141,2953.8836980574606,-2954.066879764003,0.0009615482213916677
4.936141,4.944129,2966.8477716575126,-2966.870305458043,0.0009485309010766037
4.944129,4.952118,2980.3755163351807,-2978.2388283893843,0.0009551507454750984
4.952118,4.960106,2992.9707060591695,-2991.4083625437993,0.0009654724903605401
4.960106,4.968095,3004.5775441230016,-3005.0819877329727,0.0009692767157341215
4.968095,4.976083,3017.9694541811714,-3017.4511767651034,0.0009735667662243137
4.976083,4.984072,3031.5283514831267,-3029.203905369755,0.0009823970775816482
4.984072,4.99206,3043.7844266400652,-3042.8217325987303,0.0009906605173384795
4.99206,5.000049,3055.801727375394,-3056.4138190015137,0.000994602346226152
5.000049,5.008037,3069.635703555239,-3068.438908362625,0.0009990743324361227
5.008037,5.016026,3082.979096257184,-3080.718487920794,0.0010101381008886842
5.016026,5.024014,3095.1877816724877,-3094.8723084625585,0.0010163049081121642
5.024014,5.032002,3107.8918377565333,-3108.327491236792,0.001020507363845762
5.032002,5.040136,3121.6166707646803,-3119.9913941478085,0.0010437749662035802
5.040136,5.048124,3135.4256384581545,-3133.3412618933608,0.0010385783884828124
5.048124,5.056113,3146.99712104106,-3147.1836274876077,0.001042411326373722
5.056113,5.064101,3160.385578367787,-3160.4631947922844,0.001046814515122673
5.064101,5.07209,3174.3935411187417,-3172.2593566152295,0.0010538986556514853
5.07209,5.080078,3187.511266900642,-3185.9188783173477,0.001065011264496759
5.080078,5.088067,3199.5193390912546,-3200.0300413069913,0.0010690234015772334
5.088067,5.096055,3213.2861792688755,-3212.777916875373,0.0010736231782173292
5.096055,5.104043,3227.8204807210773,-3225.517025538198,0.0010831919969203753
5.104043,5.112032,3239.70083865298,-3238.6819376641315,0.0010917791826260482
5.112032,5.12002,3252.960691036553,-3253.5665999000257,0.001096247752879314
5.12002,5.128009,3266.372512204531,-3265.2922768809276,0.0011008002003380542
5.128009,5.136143,3280.8986968281624,-3278.5701991638216,0.0011330583649496078
5.136143,5.144131,3293.537806709831,-3293.2724086128997,0.0011194076297445998
5.144131,5.15212,3306.3074227062602,-3306.7693077979775,0.0011237808299035703
5.15212,5.160108,3321.1079118677826,-3319.4379068603316,0.0011289110014020666
5.160108,5.168097,3334.487420202679,-3332.398297659248,0.001142928908148706
5.168097,5.176085,3347.3698047073162,-3347.5550826242934,0.0011474114216575477
5.176085,5.184073,3360.829994992318,-3360.8925888831673,0.0011519580890836602
5.184073,5.192062,3375.2084115660195,-3373.0942546000933,0.0011594178414569365
5.192062,5.20005,3388.8607911865724,-3387.2621432149217,0.0011713597324737029
5.20005,5.208038,3401.680020029921,-3402.215823735493,0.001175756682123195
5.208038,5.216027,3415.113280761391,-3414.668919764634,0.0011804680566278216
5.216027,5.224015,3430.4882323486872,-3428.0996494744854,0.0011906881605659478
5.224015,5.232004,3442.840155213345,-3441.8437852044804,0.0011999330792964971
5.232004,5.240138,3456.3449717235967,-3456.9682812882943,0.0012265531401155706
5.240138,5.248126,3471.1517275911465,-3469.9812218328166,0.0012098005116174058
5.248126,5.256114,3485.8637956936145,-3483.529043565083,0.0012225621504256255
5.256114,5.264103,3498.0998873449935,-3497.8082363250364,0.001229302262410741
5.264103,5.272091,3512.114421632873,-3512.6126690036394,0.0012341921289060179
5.272091,5.28008,3526.576542746051,-3524.871698585593,0.0012393447944172862
5.28008,5.288068,3541.2593890837124,-3539.183775663528,0.0012546327889583957
5.288068,5.296057,3553.702591062447,-3553.8941043935615,0.0012590057539616573
5.296057,5.304045,3568.067100650841,-3568.177265898776,0.0012641304930896403
5.304045,5.312034,3582.911503317589,-3580.779822255677,0.0012720052419077164
5.312034,5.320022,3596.9967451175685,-3595.36930395595,0.0012847393274536762
5.320022,5.328011,3609.864814119087,-3610.385530103959,0.0012893354156589593
5.328011,5.336144,3624.880118037713,-3624.378458133208,0.001318187654924412
5.336144,5.344132,3640.2491236853502,-3637.9268903356947,0.001305611750701026
5.344132,5.352121,3653.0266616598274,-3652.0778570530997,0.0013152357192639714
5.352121,5.360109,3667.2771657490985,-3667.8693039565937,0.0013203297979845938
5.360109,5.368098,3681.5709100010636,-3680.4656402549654,0.0013255496061459079
5.368098,5.376086,3697.213319979915,-3694.8760640962687,0.001339241580896296
5.376086,5.384075,3709.8422831393,-3709.521842533365,0.0013463759613968895
5.384075,5.392063,3724.4278918375617,-3724.887330996307,0.0013516321262268508
5.392063,5.400052,3739.24396044609,-3737.57291275538,0.0013571212030042115
5.400052,5.40804,3754.4253880823053,-3752.3485227841084,0.0013732937184526492
5.40804,5.416028,3767.8117175760813,-3767.960691036607,0.0013782278481722623
5.416028,5.424017,3781.6485167103465,-3781.8124921764547,0.0013832892109274938
5.424017,5.432005,3797.9168753128483,-3795.78993490245,0.0013919745139709392
5.432005,5.440139,3811.7297762480266,-3810.118023112718,0.0014307708888123423
5.440139,5.448127,3826.040310465477,-3826.572358538035,0.0014105080208563002
5.448127,5.456116,3840.281637251534,-3839.798472900234,0.0014157966312055266
5.456116,5.464104,3856.6236855284487,-3854.268903355356,0.0014274521247245504
5.464104,5.472093,3869.814745274016,-3868.8459131303853,0.0014377522723118602
5.472093,5.480081,3884.479218828576,-3885.1527290935833,0.0014432005641712802
5.480081,5.48807,3899.2840155218,-3898.1386906999596,0.0014486619974466
5.48807,5.496058,3915.401852778597,-3913.0708562844457,0.0014632248264020784
5.496058,5.504046,3928.957185779168,-3928.606659989662,0.001471001570355505
5.504046,5.512035,3942.9640756032145,-3943.4948053573344,0.0014762063202653235
5.512035,5.520023,3959.2951927894287,-3957.5588382574324,0.0014823997131321483
5.520023,5.528012,3973.89285267246,-3971.826261108671,0.0014993497733133054
5.528012,5.536,3988.218577866991,-3988.435152729734,0.001504356047571484
5.536,5.544134,4002.7907548561784,-4002.8891074500916,0.0015374719289402304
5.544134,5.552123,4019.0136437599294,-4016.83564901742,0.001519589058705689
5.552123,5.560111,4034.013520280425,-4032.461191787392,0.0015333285390585415
5.560111,5.568099,4048.2974461693443,-4048.873309965064,0.0015387578592889505
5.568099,5.576088,4063.0116410059977,-4062.5234697709275,0.0015443507247464602
5.576088,5.584076,4079.844767151321,-4077.403605408323,0.0015568687631448527
5.584076,5.592065,4093.3783952935446,-4092.47715608941,0.001567763925397403
5.592065,5.600053,4108.475212818872,-4109.138708061826,0.0015735460065097273
5.600053,5.608041,4124.2989484227455,-4123.109664497069,0.0015796064972458774
5.608041,5.61603,4139.842283139394,-4137.564150707131,0.0015942532632368966
5.61603,5.624018,4154.369053580618,-4154.056084126032,0.00160275558087126
5.624018,5.632007,4168.832144197911,-4169.458004757103,0.0016087523244462706
5.632007,5.640141,4185.296287189651,-4183.5013523478565,0.0016444029112367144
5.640141,5.648129,4201.464697045551,-4199.38657986991,0.001633109327741614
5.648129,5.656117,4215.773660490969,-4215.911367050518,0.001638671221832758
5.656117,5.664106,4230.466891976107,-4230.604581299545,0.0016443824809111633
5.664106,5.672094,4247.596394591931,-4245.455683524759,0.0016540140360540546
5.672094,5.680083,4262.122919013921,-4260.558267617933,0.0016690473350859008
5.680083,5.688071,4277.3410115173665,-4277.804206309467,0.0016745790060090045
5.688071,5.69606,4292.45212166708,-4292.014019276546,0.0016809242508448272
5.69606,5.704048,4309.752128192242,-4307.323485228006,0.0016933016111667328
5.704048,5.712037,4323.795218425362,-4322.831393165958,0.0017053048341471046
5.712037,5.720025,4339.283925889087,-4340.0600901352045,0.001711413580370544
5.720025,5.728014,4355.075729127526,-4353.899111277425,0.0017176418675678656
5.728014,5.736002,4372.0956434648715,-4369.792188282448,0.0017339731321982608
5.736002,5.744135,4386.831427517561,-4386.524037870606,0.0017740346292880924
5.744135,5.752124,4401.677306296131,-4402.278132431917,0.0017487863937914268
5.752124,5.760112,4419.016024035904,-4417.163244867161,0.0017552331647470941
5.760112,5.768101,4434.422330705162,-4432.50719739686,0.0017742123745151058
5.768101,5.776089,4449.7496244366175,-4449.87481221843,0.0017803448247370203
5.776089,5.784078,4464.8016022029515,-4465.01439479251,0.0017863671210413797
5.784078,5.792066,4482.598898347208,-4480.383074611905,0.0017966256384576963
5.792066,5.800055,4497.421454499924,-4495.769182625829,0.0018120111040179564
5.800055,5.808043,4513.10716074164,-4513.695543315666,0.00181833087506276
5.808043,5.816031,4529.256384576652,-4528.805708562744,0.001824837397345984
5.816031,5.82402,4545.888096132409,-4543.509826010736,0.0018383571460758577
5.82402,5.832008,4561.429644466095,-4560.46569854743,0.0018505720067600992
5.832008,5.840142,4576.641258913325,-4577.378903368736,0.0018910681681829147
5.840142,5.84813,4593.9659489231235,-4592.7265898849055,0.0018637719854781762
5.84813,5.856119,4610.201527100579,-4607.960946301319,0.0018805012029041593
5.856119,5.864107,4625.87631447132,-4625.5257886831805,0.0018901330620930909
5.864107,5.872096,4641.094004255914,-4641.607209913366,0.0018963510101389237
5.872096,5.880084,4658.850776164178,-4657.048072108318,0.0019036064271406618
5.880084,5.888072,4675.212819228737,-4673.247371056261,0.0019233825538306879
5.888072,5.896061,4689.848541744761,-4690.111403179423,0.0019294036900738133
5.896061,5.904049,4706.57235853835,-4706.747621432363,0.0019362838683026733
5.904049,5.912038,4723.60746025758,-4721.354362247813,0.001947070995118175
5.912038,5.920026,4740.072608913292,-4738.470205308058,0.001963338074611908
5.920026,5.928015,4755.000625860485,-4755.676555263301,0.0019695212592313986
5.928015,5.936003,4772.2083124685,-4771.670005007358,0.0019766486830245194
5.936003,5.944137,4789.562330956981,-4787.177280551483,0.0020274217346940913
5.944137,5.952125,4805.545818728258,-4804.619429143489,0.0020039126064095893
5.952125,5.960114,4821.003880335126,-4821.767430216391,0.0020108407184878147
5.960114,5.968102,4838.670505758516,-4837.443665498148,0.00201772560090134
5.968102,5.97609,4856.07160741101,-4853.768152228586,0.0020356652178267435
5.97609,5.984079,4870.772311928937,-4870.534484916542,0.0020452372937788906
5.984079,5.992067,4887.719078618161,-4888.345017526993,0.002051864469204002
5.992067,6.000056,4904.806609087495,-4902.979096256845,0.002059528295155775
6.000056,6.008044,4922.270906359665,-4920.217826739954,0.002080643912118129
6.008044,6.016033,4937.226186005418,-4937.426461384468,0.002086471786206024
6.016033,6.024021,4954.456685027642,-4954.719579368662,0.0020942488407610957
6.024021,6.03201,4971.886343722924,-4969.633245713498,0.002105096677932279
6.03201,6.040143,4989.118406492006,-4987.483093569281,0.0021612860936923487
6.040143,6.048131,5005.120180270398,-5005.796194291659,0.0021296786367050197
6.048131,6.05612,5021.542120415124,-5021.00388033495,0.0021361640180248076
6.05612,6.064108,5040.247871807938,-5037.881822734437,0.0021516818164745975
6.064108,6.072097,5055.451245462232,-5054.562523469629,0.002165249768431618
6.072097,6.080085,5072.5212819230355,-5073.272408612541,0.0021725608650475063
6.080085,6.088074,5089.585680310881,-5088.271373138479,0.002179869546877099
6.088074,6.096062,5107.924386579673,-5105.608412618715,0.0021984506559839315
6.096062,6.104051,5123.019151332633,-5122.944048066399,0.002208021254224564
6.104051,6.112039,5140.573360040093,-5140.998998497502,0.0022161011755131932
6.112039,6.120028,5157.87958442921,-5156.13969207678,0.0022230461008889576
6.120028,6.128016,5175.851276915033,-5173.810716074084,0.0022458018690534867
6.128016,6.136004,5191.8753129691895,-5192.275913870897,0.0022527546982973505
6.136004,6.144138,5208.765674945031,-5208.777969018976,0.0023007117986231407
6.144138,6.152126,5227.791687531154,-5225.6134201302,0.002271998267401102
6.152126,6.160115,5243.847790712439,-5242.308173738605,0.0022894639454247943
6.160115,6.168103,5260.916374561525,-5261.529794691936,0.0022974421807711877
6.168103,6.176092,5277.806984603984,-5277.331330579877,0.0023042905294782747
6.176092,6.18408,5296.982974461799,-5294.541812718688,0.002320608241111619
6.18408,6.192069,5312.604831643563,-5311.816247340713,0.0023343585630239663
6.192069,6.200057,5330.120180270477,-5330.8212318472115,0.0023420548072108183
6.200057,6.208045,5348.159739609198,-5346.995493239908,0.002349981389584383
6.208045,6.216034,5365.740393040975,-5363.42470897514,0.002368974383527607
6.216034,6.224022,5382.674011016098,-5382.461191787622,0.002380218447671348
6.224022,6.232011,5399.148829640769,-5399.787207410013,0.0023875036124670823
6.232011,6.240144,5418.689290544745,-5416.869543833935,0.002440035787532366
6.240144,6.248133,5435.77418950999,-5433.746401301428,0.0024183759369131746
6.248133,6.256121,5452.916875313326,-5453.217325989037,0.0024265480095142502
6.256121,6.26411,5469.758417825077,-5469.871072725224,0.002433495520090304
6.26411,6.272098,5489.334001001171,-5487.155733600445,0.0024465961642463037
6.272098,6.280087,5505.8205031922735,-5504.230817374132,0.002464955839278899
6.280087,6.288075,5523.372558837892,-5524.011016524689,0.002472813894591842
6.288075,6.296063,5541.399599398762,-5540.936404606434,0.002480884600651053
6.296063,6.304052,5559.581925146573,-5557.128551758438,0.002496808242583368
6.304052,6.31204,5576.940410616708,-5576.201802704826,0.002512411654982837
6.31204,6.320029,5593.666291150122,-5594.3046689195935,0.0025199466641630916
6.320029,6.328017,5612.781672508895,-5611.680020030226,0.0025279968652978714
6.328017,6.336006,5630.792339466514,-5628.426586556146,0.0025484966128425683
6.336006,6.344139,5648.395426042201,-5648.321652526296,0.0026061696495758187
6.344139,6.352128,5665.427462761314,-5665.828013518505,0.0025681382688697205
6.352128,6.360116,5685.102653981257,-5683.312468703932,0.002576488522784348
6.360116,6.368104,5703.267401101955,-5701.251877816709,0.0026006899349023914
6.368104,6.376093,5719.464263361581,-5719.752159218625,0.0026075037576665967
6.376093,6.384081,5738.094641962873,-5738.257386079034,0.0026165711567351455
6.384081,6.39207,5756.67793215665,-5754.512454625332,0.0026290748116159124
6.39207,6.400058,5775.03755633522,-5773.510265398686,0.002649009727090935
6.400058,6.408047,5791.676054574499,-5792.3019151328945,0.0026566418062333656
6.408047,6.416035,5810.741111667609,-5810.227841762511,0.002665386947921884
6.416035,6.424024,5829.41544623821,-5827.012141694611,0.0026815311052697534
6.424024,6.432012,5847.195793690374,-5846.482223335105,0.002697896139208618
6.432012,6.440001,5864.363499813087,-5864.9893603708,0.002706403755163601
6.440001,6.448134,5884.224763309858,-5883.068978236822,0.002764408793803147
6.448134,6.456122,5903.3800701050095,-5901.1016524785155,0.002736216662493581
6.456122,6.464111,5919.75215921879,-5919.60195268473,0.0027473569770935465
6.464111,6.472099,5938.570355532943,-5939.008512769114,0.0027566843590385174
6.472099,6.480088,5957.141068970073,-5955.376142195718,0.0027653048842156934
6.480088,6.488076,5976.53980971439,-5974.586880319992,0.0027898487831746607
6.488076,6.496065,5993.0654650144215,-5993.453498561446,0.002798162265615407
6.496065,6.504053,6012.318477716576,-6012.393590385504,0.0028071514972459618
6.504053,6.512042,6031.330579546564,-6029.12755038156,0.002819647045937968
6.512042,6.52003,6049.974962444461,-6048.522784175489,0.0028410682423636053
6.52003,6.528018,6067.801702553339,-6068.402603906355,0.002849439679519148
6.528018,6.536007,6085.880585805756,-6085.367380147507,0.00285732093503597
6.536007,6.54414,6106.725685479086,-6104.426410919034,0.002928174966187114
6.54414,6.552129,6123.51983977972,-6122.818875954409,0.0028921384203279233
6.552129,6.560117,6142.61392088095,-6143.2273410115895,0.0029011565548320815
6.560117,6.568106,6161.096507698294,-6159.919889847737,0.0029098858805857867
6.568106,6.576094,6181.271907861053,-6179.06860290508,0.002931777265898864
6.576094,6.584083,6198.109901114546,-6197.9221429468,0.0029441022030294263
6.584083,6.592071,6217.501251877717,-6218.0145217819045,0.002952691344516732
6.592071,6.60006,6236.487670547495,-6234.660157717528,0.002962331643509747
6.60006,6.608048,6256.234351526748,-6254.318978467269,0.002988603149724537
6.608048,6.616036,6273.960941411451,-6274.361542313158,0.002996443745618359
6.616036,6.624025,6292.151708600744,-6292.1016397552985,0.003005760871198131
6.624025,6.632013,6312.9694541814015,-6310.8788182272265,0.0030194932899347705
6.632013,6.640002,6330.60458129855,-6329.265239704222,0.0030412224408562197
6.640002,6.648135,6350.0799213083965,-6350.6209270875215,0.003105189081519692
6.648135,6.656124,6368.556765552389,-6367.880836149458,0.0030594546701713304
6.656124,6.664112,6389.3715573359395,-6387.255883825607,0.0030777602791687195
6.664112,6.672101,6406.659156340317,-6405.795468770096,0.0030944163725125395
6.672101,6.680089,6426.064096144476,-6426.80270405613,0.0031037889584375005
6.680089,6.688077,6445.906359538829,-6444.616925388068,0.0031133727716575075
6.688077,6.696066,6464.9267743145765,-6462.748779571271,0.0031354894855426083
6.696066,6.704054,6483.612919379257,-6483.562844266031,0.003149090794942228
6.704054,6.712043,6502.015270997512,-6502.3282012767095,0.0031580288171234915
6.712043,6.720031,6522.871807711506,-6521.2068102161065,0.0031681588370058435
6.720031,6.728019,6542.300951427397,-6540.348022032999,0.003194605554581815
6.728019,6.736008,6559.657028413633,-6560.070096382811,0.003203080526974477
6.736008,6.744142,6579.444307844025,-6579.456601917524,0.003271957654290636
6.744142,6.75213,6600.788683024457,-6598.585378066891,0.0032277856659988858
6.75213,6.760118,6619.404106159126,-6618.189784676837,0.003250127416124272
6.760118,6.768107,6637.4514958074,-6637.977218676725,0.003258988684441324
6.768107,6.776095,6657.899349023294,-6657.348522783504,0.0032683627904355316
6.776095,6.784084,6677.594192013517,-6675.403680060045,0.0032880473801476366
6.784084,6.792072,6696.882824236176,-6695.993990985983,0.0033055813620430845
6.792072,6.80006,6716.0741111670195,-6716.7250876316675,0.0033150541812717285
6.80006,6.808049,6735.311052697987,-6734.159469271405,0.003324549535611824
6.808049,6.816037,6756.359539308513,-6754.218828241341,0.003349127423635502
6.816037,6.824026,6773.951683565311,-6773.889097509016,0.0033612348253846407
6.824026,6.832014,6794.341512268039,-6794.717075613133,0.0033720316925387995
6.832014,6.840003,6813.93165602703,-6812.254349730895,0.0033810728877205105
6.840003,6.848136,6835.067010943036,-6833.173490716992,0.00347221404155917
6.848136,6.856125,6852.810113907462,-6853.185630241817,0.003418866965828258
6.856125,6.864113,6873.447671506935,-6873.510265398468,0.0034284756985477334
6.864113,6.872101,6894.366549825394,-6892.163244867373,0.0034444255282925144
6.872101,6.88009,6912.654900487827,-6911.390662160187,0.00346669643259463
6.88009,6.888078,6932.699048572262,-6933.274912367981,0.003476748572859148
6.888078,6.896067,6951.883840279699,-6951.345600200208,0.0034863697459006308
6.896067,6.904055,6973.785678518855,-6971.532298448747,0.0035064194391590813
6.904055,6.912044,6991.676054575037,-6990.9125046941135,0.0035245038991111926
6.912044,6.920032,7012.218327490944,-7012.819228843049,0.003534859258888158
6.920032,6.92802,7032.636454681472,-7031.53480220303,0.0035451520368052106
6.92802,6.936009,7052.497183627441,-7050.294154461982,0.003569268824633804
6.936009,6.944142,7072.433296446589,-7072.4824787897805,0.0036486683376367244
6.944142,6.952131,7091.588434097345,-7091.901364376999,0.0035933078595571794
6.952131,6.960119,7113.445167751598,-7111.6800200297475,0.0036050940110164964
6.960119,6.968108,7132.657403930383,-7130.879959944951,0.003632662415821775
6.968108,6.976096,7152.741612418497,-7153.042063094208,0.0036421760290434057
6.976096,6.984085,7171.861309300785,-7171.973964200932,0.003653346150957418
6.984085,6.992073,7194.203805708044,-7192.088132197711,0.003668324520530803
6.992073,7.000062,7212.892727500362,-7211.56590311711,0.0036922797872077804
7.000062,7.00805,7233.312468703533,-7233.938407611341,0.0037027326527289167
7.00805,7.016038,7253.918377566381,-7253.279919880495,0.0037125554256384552
7.016038,7.024027,7274.21454499868,-7272.086619101047,0.003733126904493501
7.024027,7.032015,7294.441662494103,-7293.778167249782,0.003752990235352973
7.032015,7.040004,7313.518588058053,-7314.106896984585,0.00376207396169783
7.040004,7.048137,7335.8293372688595,-7334.575187507652,0.0038425074068608976
7.048137,7.056126,7355.889347853075,-7353.7614219554425,0.0037985812592313227
7.056126,7.064114,7376.001502253051,-7375.9263895843505,0.003813392776664879
7.064114,7.072103,7395.3811490800645,-7395.819251470713,0.003824151592189072
7.072103,7.080091,7417.789183775376,-7416.036554831604,0.003834997008012108
7.080091,7.088079,7438.24486730165,-7436.517275914946,0.0038649120330500183
7.088079,7.096068,7456.890724745338,-7457.2912755041225,0.0038738547315055453
7.096068,7.104056,7478.405107661985,-7478.3425137697695,0.003885779293940921
7.104056,7.112044,7500.087631447572,-7498.034551828088,0.003901545585878771
7.112044,7.120033,7519.188884715737,-7517.899611966399,0.003925768516710315
7.120033,7.128021,7540.2228342516655,-7540.7986980462465,0.003936750341762583
7.128021,7.13601,7559.794717737146,-7559.3566153467245,0.003947724801602518
7.13601,7.144144,7582.530120481746,-7579.923776739749,0.004040730301204805
7.144144,7.152132,7602.428642964746,-7602.065598397276,0.003988234066099196
7.152132,7.16012,7623.184777165677,-7623.760640961169,0.003999885052578738
7.16012,7.168109,7643.547377644026,-7642.508449116908,0.004009804954311951
7.168109,7.176097,7666.074111166899,-7663.745618428773,0.00403695462694049
7.176097,7.184085,7685.415623435314,-7685.603405107633,0.004051751116675437
7.184085,7.192074,7705.595193391067,-7705.870572037034,0.004061619226436244
7.192074,7.200062,7727.97946920313,-7726.326990485126,0.004074190776164036
7.200062,7.208051,7748.103642508519,-7746.288646889629,0.004104170499436757
7.208051,7.216039,7768.978467701486,-7769.316474711889,0.00411522789434143
7.216039,7.224028,7788.8847164857125,-7789.2852672429035,0.004125772234322435
7.224028,7.232016,7812.068102153562,-7809.714571857685,0.00414273971457195
7.232016,7.240005,7831.468268869215,-7830.3542370754085,0.004167907412692139
7.240005,7.248138,7853.289069223827,-7853.8054838313565,0.004255697346612686
7.248138,7.256126,7874.586880320432,-7873.923385078389,0.004190855137706374
7.256126,7.264115,7895.7942170481765,-7893.741394416094,0.0042124062147953605
7.264115,7.272103,7916.700050075537,-7915.861291938114,0.004233059516775099
7.272103,7.280092,7936.67542871514,-7937.038427839328,0.004243740351733966
7.280092,7.28808,7958.950926389051,-7958.187280921013,0.004255651060340447
7.28808,7.296069,7980.085117035616,-7978.057328826826,0.004281315665289613
7.296069,7.304057,8001.314471707779,-8000.938908362913,0.00429830613420115
7.304057,7.312046,8021.266741770253,-8021.8926023286485,0.004309024493679266
7.312046,7.320034,8044.166249374765,-8042.538808212235,0.004321326109163608
7.320034,7.328022,8066.049073609839,-8064.133700550816,0.00435324668502751
7.328022,7.33601,8085.966449674031,-8086.467200801278,0.004363187496244335
7.33601,7.344144,8106.84779936107,-8106.921563806086,0.004454712865748741
7.344144,7.352133,8129.503066716854,-8127.300037550939,0.004392370506946833
7.352133,7.360121,8150.951427140397,-8149.974962443882,0.0044186307686528425
7.360121,7.36811,8170.822380774492,-8171.335586431602,0.004429402812617848
7.36811,7.376098,8193.753129694158,-8193.014521782732,0.004442652946920243
7.376098,7.384087,8215.02065339802,-8213.2056577789,0.004463220720991223
7.384087,7.392075,8236.517275913453,-8235.766149223722,0.004485607308462706
7.392075,7.400063,8257.674011016774,-8258.35002503758,0.004497129266399598
7.400063,7.408051,8279.982473710168,-8278.743114671493,0.004509278455182733
7.408051,7.41604,8300.876204782142,-8299.073726374329,0.00453559875829284
7.41604,7.424028,8322.60891337037,-8322.521281923591,0.004552467075613497
7.424028,7.432017,8343.234447364383,-8343.297033419994,0.004563749242708498
7.432017,7.440005,8366.512268403256,-8364.909864797339,0.004577318862043008
7.440005,7.448139,8387.718219816501,-8386.19375461012,0.00469208957216629
7.448139,7.456127,8409.514271408098,-8409.551827741194,0.004621028092137931
7.456127,7.464116,8430.128927274955,-8430.204030542782,0.004631512832645342
7.464116,7.472104,8453.930896344258,-8452.178267400943,0.0046505073860790315
7.472104,7.480093,8474.189510578202,-8472.987858305263,0.0046769051908872586
7.480093,7.488081,8496.594892338015,-8496.970455684019,0.004689270721081731
7.488081,7.496069,8518.640460690616,-8517.714071106871,0.004701437670255322
7.496069,7.504058,8539.867317562152,-8538.665665289669,0.0047234006133437196
7.504058,7.512046,8562.293440160562,-8561.454682022228,0.0047460792538807925
7.512046,7.520035,8582.838903491456,-8583.289523094321,0.004757467604205476
7.520035,7.528023,8606.24687030576,-8604.969954933078,0.004770442640210336
7.528023,7.536011,8628.993490235325,-8627.078117174935,0.004798583279919824
7.536011,7.544145,8648.979591837111,-8649.028768133789,0.0049022416326530835
7.544145,7.552134,8671.035173363152,-8671.44824133165,0.0048271652810117135
7.552134,7.560122,8695.01752628974,-8693.07711567456,0.004840516256885187
7.560122,7.56811,8716.975463194198,-8715.373059589647,0.004873660981472234
7.56811,7.576099,8737.025910627346,-8737.526599072697,0.004884871186631506
7.576099,7.584087,8760.165247871357,-8760.202804206732,0.004897808390084882
7.584087,7.592075,8783.7506259388,-8781.459689533316,0.004916265225338165
7.592075,7.600064,8803.767680561281,-8803.054199525575,0.004943315552635218
7.600064,7.608052,8826.60240360533,-8827.265898847829,0.004956137249624272
7.608052,7.616041,8848.116159719026,-8847.402678682865,0.004967332412066374
7.616041,7.624029,8872.358537806162,-8870.192789184654,0.0049924761492239865
7.624029,7.632018,8892.552259358248,-8891.776192263744,0.005013620963824877
7.632018,7.640006,8915.38557836724,-8916.161742614497,0.005027385927642055
7.640006,7.648139,8939.099963113926,-8937.735153080315,0.0051319372888232895
7.648139,7.656128,8960.645888095696,-8958.693203153594,0.005068141314306999
7.656128,7.664116,8982.8117175755,-8982.849273911785,0.005086067994491816
7.664116,7.672105,9004.080610840121,-9004.744023030607,0.005098110441857274
7.672105,7.680093,9028.58037055646,-9026.702553830533,0.005112885063845912
7.680093,7.688082,9049.843534860413,-9048.40405557724,0.00514483604956854
7.688082,7.69607,9072.784176265055,-9072.884326489684,0.005157877804206249
7.69607,7.704059,9093.854049317006,-9094.016773061689,0.005170765412441718
7.704059,7.712047,9118.39008512712,-9116.38708062223,0.005189275797446253
7.712047,7.720036,9139.441732381216,-9138.29014895395,0.0052177072850166034
7.720036,7.728024,9162.268402604866,-9163.069604407368,0.005230739031047201
7.728024,7.736012,9185.753630446205,-9184.814722083696,0.005244146747621226
7.736012,7.744,9208.637956935318,-9207.073109663865,0.0052673409113671325
7.744,7.752134,9229.972953036133,-9229.345955250144,0.00538661221539205
7.752134,7.760123,9252.009012392711,-9252.209287769485,0.005303251565902915
7.760123,7.768111,9276.602403604913,-9275.538307460707,0.005318276157986907
7.768111,7.776099,9299.84977466127,-9298.222333500107,0.00534648363545325
7.776099,7.784088,9320.202778822088,-9320.0275378661,0.005363776699211894
7.784088,7.792076,9344.016024035402,-9344.404106157892,0.005377481221832497
7.792076,7.800065,9366.516460133636,-9364.713981725368,0.0053913668744522735
7.800065,7.808053,9390.410615923029,-9389.14621932911,0.0054257792538806564
7.808053,7.816041,9412.4812218327,-9412.831747621636,0.005438531649975044
7.816041,7.82403,9434.334710227078,-9433.88409062467,0.005451158595569249
7.82403,7.832018,9459.063595393103,-9457.386079118713,0.005471122383575345
7.832018,7.840007,9480.322944047886,-9479.32156715491,0.005499535339842124
7.840007,7.84814,9504.27886388775,-9504.696913807109,0.005614177524898623
7.84814,7.856129,9526.26110902498,-9525.685317311347,0.005526184069345149
7.856129,7.864117,9551.48973460157,-9549.436654982997,0.005552280982724067
7.864117,7.872106,9572.024033046238,-9571.886343722801,0.0055737895944426375
7.872106,7.880094,9596.281922885104,-9596.40711066589,0.005588874591887829
7.880094,7.888083,9618.437852045465,-9617.411440731245,0.0056017782050318855
7.888083,7.89607,9644.53486916217,-9642.719419055606,0.0056333728170775465
7.89607,7.904059,9663.775190887227,-9663.95043184458,0.005649442976592818
7.904059,7.912047,9688.507761642946,-9688.695543313443,0.00566487048823218
7.912047,7.920036,9711.02766303689,-9709.525597697653,0.0056770667718116265
7.920036,7.928024,9735.553329995677,-9733.888332499138,0.005713796249374007
7.928024,7.936013,9756.477656776582,-9756.615346101842,0.005726076736762903
7.936013,7.944001,9781.059088633112,-9781.38457686407,0.0057405035791185735
7.944001,7.952135,9804.2906319154,-9802.569461518733,0.005864926656011699
7.952135,7.960123,9828.242363544481,-9827.278417626727,0.005789817576364532
7.960123,7.968112,9850.10639629628,-9850.106396295825,0.00580368268869753
7.968112,7.9761,9874.561842763636,-9873.973460190065,0.0058171043815721
7.9761,7.984088,9898.610415624316,-9896.995493239183,0.0058431497283423055
7.984088,7.992077,9919.914882963592,-9919.526849419073,0.005865645670296675
7.992077,8.000065,9944.266399599803,-9944.67951927845,0.005881039148723835
8.000065,8.008054,9967.154837902695,-9965.928151208513,0.005894575371134814
8.008054,8.016042,9992.138207308066,-9990.285428141942,0.00592533795693475
8.016042,8.024031,10013.042934034569,-10013.418450367784,0.005943742285642839
8.024031,8.032019,10037.931897847866,-10037.994491738487,0.005958516374562136
8.032019,8.040008,10060.80861184163,-10059.58192514745,0.0059710899111279
8.040008,8.048141,10086.204352637249,-10084.54444854315,0.006119300180745381
8.048141,8.056129,10109.013520280276,-10109.038557835067,0.006021939354030642
8.056129,8.064117,10132.223335003508,-10132.686529796292,0.006036778662994887
8.064117,8.072106,10155.82676179682,-10153.636249844485,0.006056935080735772
8.072106,8.080094,10179.844767150156,-10179.106159236453,0.006086529186279074
8.080094,8.088083,10201.940167731256,-10202.002753788234,0.0061007602203040035
8.088083,8.096071,10226.777666499946,-10226.715072608413,0.006115613044565922
8.096071,8.104059,10251.74011016652,-10249.749624437658,0.006141817500000782
8.104059,8.112048,10272.95030666988,-10272.161722367713,0.0061647974790334315
8.112048,8.120036,10297.621432146765,-10298.272408611867,0.006180632383574521
8.120036,8.128025,10320.45312304867,-10319.42671172944,0.0061933039191399515
8.128025,8.136013,10346.144216320976,-10344.679519278252,0.006226309589383129
8.136013,8.144002,10367.943422205191,-10367.530354236242,0.006244612323194167
8.144002,8.152135,10393.139063077888,-10393.64318209895,0.006373072873479546
8.152135,8.160124,10416.209788457601,-10414.657654274057,0.006274724776567667
8.160124,8.168112,10441.775162744456,-10440.510766148713,0.006311008908361781
8.168112,8.176101,10463.587432720647,-10463.474777821639,0.006325238603079963
8.176101,8.184089,10488.332498748696,-10488.60791186597,0.006340196995492516
8.184089,8.192078,10512.229315307135,-10510.489422955843,0.006359898735761676
8.192078,8.200066,10536.504757136769,-10535.678517777198,0.006391443785679331
8.200066,8.208055,10558.905995743908,-10559.281512079855,0.006405032377017694
8.208055,8.216043,10584.551827740735,-10583.93840761055,0.006420589138707461
8.216043,8.22403,10611.017904094477,-10609.077250531815,0.0064483155803179175
8.22403,8.232019,10630.729753413303,-10630.241582176981,0.006470925200902686
8.232019,8.240007,10656.384576861921,-10656.847771657438,0.006486541291937289
8.240007,8.248141,10680.034423409146,-10678.940250798465,0.006619485335628182
8.248141,8.256129,10705.633450176643,-10704.243865800114,0.006534718657987138
8.256129,8.264118,10727.550381773943,-10727.675553886533,0.006552387773188165
8.264118,8.272106,10753.24236354258,-10753.179769652868,0.006568080435652898
8.272106,8.280095,10776.442608589878,-10775.253473527331,0.006583328789586624
8.280095,8.288083,10802.441161741239,-10800.575863793165,0.00662081618803148
8.288083,8.296072,10824.170734759262,-10824.608837152187,0.006634134243334125
8.296072,8.30406,10849.712068104072,-10849.737105659318,0.006650873497747578
8.30406,8.312049,10873.425960696532,-10871.723619976421,0.006670846826886656
8.312049,8.320037,10898.673009514465,-10897.608913371625,0.006702683900851679
8.320037,8.328025,10922.383575361633,-10923.259889833065,0.006717265898847794
8.328025,8.336014,10945.875578921503,-10944.961822507203,0.0067317134810359405
8.336014,8.344002,10972.020530797083,-10970.605908864396,0.006759861849024303
8.344002,8.352136,10995.156134742552,-10994.209491025482,0.006908256599459275
8.352136,8.360124,11020.005007510787,-11020.655983973613,0.006800445090134168
8.360124,8.368113,11043.747653024702,-11042.445863063149,0.006815096676681529
8.368113,8.376101,11069.91737606335,-11068.515272908513,0.006847850888832678
8.376101,8.384089,11093.590385579122,-11093.778167250986,0.00686915116675065
8.384089,8.392077,11117.776664995972,-11118.239859789212,0.006883015533298832
8.392077,8.400066,11141.8074852921,-11139.792214294843,0.006899007194893286
8.400066,8.408054,11167.451176765473,-11166.412118177424,0.006937220671007096
8.408054,8.416043,11189.861058955978,-11190.224058079255,0.00695114168982315
8.416043,8.424031,11216.061592389662,-11215.836254383334,0.0069674174611923
8.424031,8.432019,11241.424636954993,-11240.085127689867,0.006988793696794389
8.432019,8.440008,11264.263362120319,-11262.84891726249,0.0070198889272746565
8.440008,8.448142,11288.82468650278,-11289.193508727409,0.007163888146054027
8.448142,8.45613,11314.634451677828,-11314.509263897042,0.007051280190285987
8.45613,8.464118,11340.44817225968,-11338.607911869129,0.007079841793941196
8.464118,8.472107,11362.798848416558,-11362.147953436008,0.007104021840029735
8.472107,8.480095,11388.395092636561,-11389.258888331051,0.00712002461191756
8.480095,8.488084,11412.467142320045,-11411.378144948392,0.0071362157040928825
8.488084,8.496072,11439.246369556451,-11437.656484727475,0.007168975699800091
8.496072,8.504061,11461.22167980878,-11461.071473275402,0.007189624359744445
8.504061,8.512049,11487.81922884481,-11487.881822735886,0.007205160220331174
8.512049,8.520038,11511.528351483334,-11510.251595943479,0.007221181734885177
8.520038,8.528026,11537.84426639821,-11536.554832246766,0.007259611612417695
8.528026,8.536014,11561.905358037944,-11562.49374061197,0.007274750851277581
8.536014,8.544003,11585.692827636532,-11585.304794092466,0.0072908764964323735
8.544003,8.552136,11613.205459239753,-11611.55785073123,0.007446387340464137
8.552136,8.560124,11637.631447171458,-11636.692538809406,0.00734567296945483
8.560124,8.568112,11661.529794694286,-11662.255883826494,0.007360757606410344
8.568112,8.576101,11685.868068592259,-11685.279759668689,0.007376119924896493
8.576101,8.584089,11712.83174762124,-11711.542313467973,0.0074048522308456394
8.584089,8.592078,11735.774189510079,-11734.635123295484,0.007431092216797858
8.592078,8.600066,11761.792689035148,-11762.318477718098,0.007447567130696781
8.600066,8.608055,11785.5926899474,-11784.87920891124,0.007461458732006279
8.608055,8.616043,11812.856785179161,-11811.254381573699,0.007497620201552893
8.616043,8.624032,11835.423707598302,-11835.498810864763,0.007516677596695219
8.624032,8.63202,11862.105658486598,-11861.980470703078,0.007533623303704601
8.63202,8.640008,11887.769153730043,-11886.667501254562,0.007549922189535056
8.640008,8.648142,11911.888369807333,-11910.769609046525,0.007727241985492952
8.648142,8.656131,11936.437601700958,-11936.462636125845,0.00760351075228414
8.656131,8.664119,11963.119679520742,-11962.881822733374,0.007621703547822466
8.664119,8.672107,11988.745618426241,-11987.618928391414,0.007642825331746854
8.672107,8.680096,12012.429590687312,-12011.415696583486,0.0076759425084488905
8.680096,8.688084,12038.26990485808,-12039.083625438889,0.007691250642214034
8.688084,8.696073,12062.836400049115,-12061.47202403286,0.007708152459631764
8.696073,8.704061,12089.834752130251,-12088.683024538812,0.0077362852578872566
8.704061,8.712049,12114.584376563382,-12113.733099647652,0.0077642371269394566
8.712049,8.720037,12139.371557335908,-12140.147721583166,0.007780123231097383
8.720037,8.728025,12165.448172257667,-12164.221331996845,0.00779683573359945
8.728025,8.736014,12189.3478532981,-12188.221304291623,0.007829218126173699
8.736014,8.744002,12215.498247372496,-12215.598397598493,0.00785090072358609
8.744002,8.752136,12240.263093188234,-12240.422916155341,0.008011252194492195
8.752136,8.760124,12267.513770656868,-12266.274411617283,0.007885557851778458
8.760124,8.768113,12291.450744774687,-12290.011265490606,0.007923069150081034
8.768113,8.776101,12317.526289431786,-12317.826740108409,0.007939877446168222
8.776101,8.78409,12341.406934534993,-12341.557141067004,0.007956505050694477
8.78409,8.792078,12369.679519280267,-12368.102153232785,0.007979680257887608
8.792078,8.800067,12393.015396169278,-12392.076605331913,0.008012084453623525
8.800067,8.808055,12419.379068603908,-12419.942413620867,0.00802912856785246
8.808055,8.816043,12445.493239857338,-12444.754631948188,0.008046011379568322
8.816043,8.824032,12469.896107147779,-12468.506696705728,0.008073010739767256
8.824032,8.83202,12496.494742114863,-12496.11917876977,0.008101477541312551
8.83202,8.840009,12520.31543372134,-12520.553260734305,0.008118172527224658
8.840009,8.848142,12548.727406862254,-12547.522439445578,0.008283414961269834
8.848142,8.856131,12572.224308423292,-12571.310552007624,0.008168174133182462
8.856131,8.864119,12599.461692537054,-12599.123685525514,0.008192169992488365
8.864119,8.872108,12623.282012766555,-12623.682563526021,0.008207657964701045
8.872108,8.880095,12652.673093777845,-12651.458620258538,0.008226768045573962
8.880095,8.888084,12675.165853051902,-12674.264613846173,0.008264208136188604
8.888084,8.896072,12702.065598395237,-12702.115673508917,0.008280476563594853
8.896072,8.904061,12726.248591812222,-12725.823006633334,0.00829751408186216
8.904061,8.912049,12754.068602905947,-12753.505257888079,0.008322029763395902
8.912049,8.920037,12779.757135701893,-12778.530295441526,0.008355405215321706
8.920037,8.928026,12803.44223307345,-12803.667542873289,0.008370890531982892
8.928026,8.936014,12831.071607410202,-12830.320480720924,0.008387671509764123
8.936014,8.944003,12855.65152083931,-12854.700212792006,0.008416595050694408
8.944003,8.952136,12883.72064429143,-12882.810770934795,0.008599883530063612
8.952136,8.960125,12906.9720866186,-12907.585429965691,0.008461810899986941
8.960125,8.968113,12935.052578865696,-12934.188783171205,0.008480220470705376
8.968113,8.976102,12960.057579173306,-12958.643134312746,0.008513461823758842
8.976102,8.98409,12986.554832248145,-12986.654982473685,0.00853606249123619
8.98409,8.992079,13010.814870446933,-13011.05269745762,0.008553309695831117
8.992079,9.000067,13039.321482224681,-13038.032048073237,0.008570746010266594
9.000067,9.008055,13065.197796693794,-13063.8958437645,0.008611271867800223
9.008055,9.016044,13088.546751780934,-13089.034923018624,0.00862666116410067
9.016044,9.024032,13116.80020030288,-13116.549824737662,0.008645283012019223
9.024032,9.032021,13141.40693453292,-13140.380523220523,0.008666757873325196
9.032021,9.040009,13169.253880822966,-13168.014521782015,0.008703559889835961
9.040009,9.048142,13195.081765645886,-13195.598180253415,0.008878970520102045
9.048142,9.05613,13221.369554332878,-13220.91887831749,0.008736681001503347
9.05613,9.064119,13246.726749279704,-13245.224683939556,0.008765359089998249
9.064119,9.072107,13273.622934400753,-13272.93440160073,0.008795102556333579
9.072107,9.080095,13299.424136203152,-13300.112669004995,0.008810868490236384
9.080095,9.088084,13324.809112531142,-13323.720115159946,0.00882901851796143
9.088084,9.096072,13352.704056086908,-13351.602403605963,0.008864860222835015
9.096072,9.104061,13376.630366751686,-13376.492677430524,0.00888475788959789
9.104061,9.112049,13404.318978466137,-13404.531797695068,0.00890448909739503
9.112049,9.120038,13429.177619229054,-13428.351483292063,0.008921002692454022
9.120038,9.128026,13457.699048570868,-13456.634952427117,0.008962827566348357
9.128026,9.136014,13483.262393592317,-13483.062093141236,0.008978504427892808
9.136014,9.144003,13507.735636499792,-13507.535361121652,0.008996151933908758
9.144003,9.152137,13535.320875337628,-13534.275879024519,0.009183715213917117
9.152137,9.160125,13563.294942412862,-13562.318477715891,0.009054855703554101
9.160125,9.168113,13588.620430646966,-13589.158738108223,0.00907312186154304
9.168113,9.176102,13613.593691324017,-13613.305795468112,0.009088435148328635
9.176102,9.18409,13642.388582876933,-13641.099148723666,0.009119936767652539
9.18409,9.192079,13666.879459254893,-13666.065840531484,0.009147242422079933
9.192079,9.200067,13693.940911365931,-13694.792188279836,0.009165354651976609
9.200067,9.208055,13721.294441664757,-13720.305458189934,0.00918366236980603
9.208055,9.216043,13748.27240861193,-13746.807711566018,0.009219591477214278
9.216043,9.224031,13773.710565850379,-13773.673009514094,0.009242159789685912
9.224031,9.23202,13798.748278883013,-13798.79834772823,0.009257580220302262
9.23202,9.240008,13827.115673510825,-13826.139208812943,0.009277994616926768
9.240008,9.248142,13852.79075485503,-13851.758052619445,0.009486391108925147
9.248142,9.25613,13880.55833750447,-13879.98247370875,0.009334675481972077
9.25613,9.264119,13904.80660908811,-13905.244711478757,0.009352372925271545
9.264119,9.272107,13934.32648973661,-13933.137205809797,0.009379195160241051
9.272107,9.280096,13956.965828010687,-13956.365001878998,0.009408390664663679
9.280096,9.288084,13984.551827743657,-13984.864797196307,0.009429783297447333
9.288084,9.296072,14010.240360539328,-14010.015022531634,0.009444303027039563
9.296072,9.304061,14036.312429591586,-14034.91050193914,0.009475914521216251
9.304061,9.312049,14063.995993991826,-14063.670505759503,0.009504448492740139
9.312049,9.320038,14089.3979221425,-14089.42295656511,0.009521615115783916
9.320038,9.328026,14117.38858287442,-14116.812719082343,0.009540531204307402
9.328026,9.336014,14144.178768151009,-14143.13970956114,0.009575609026037673
9.336014,9.344003,14167.868318937548,-14167.780698458871,0.009595897212416554
9.344003,9.352137,14194.516842881698,-14194.357019915931,0.009789958266535722
9.352137,9.360125,14222.3335002527,-14221.36955433267,0.009634208713070476
9.360125,9.368113,14248.647971958611,-14247.633950929909,0.009674831972960148
9.368113,9.376101,14275.976464693695,-14276.264396592465,0.009691960421882188
9.376101,9.384089,14303.067100655047,-14302.904356534786,0.009711782561342723
9.384089,9.392078,14328.213793965131,-14327.23745149704,0.009733155630241217
9.392078,9.400066,14355.595893839047,-14354.744616923319,0.009768983005757759
9.400066,9.408054,14382.035553332125,-14382.336004006014,0.009786975194041668
9.408054,9.416043,14405.908123668407,-14405.344849168356,0.009803220478157558
9.416043,9.424031,14435.077616428516,-14433.725588384174,0.009834618380071049
9.424031,9.432019,14460.841261889373,-14460.653480217054,0.009862293740609115
9.432019,9.440008,14485.442483412953,-14485.930654651553,0.009880520317937106
9.440008,9.448141,14516.42690274484,-14515.504733800843,0.010080206841264958
9.448141,9.45613,14541.169107522253,-14540.305419953627,0.009934526734259236
9.45613,9.464118,14569.303955935353,-14568.778167251037,0.009959576184277464
9.464118,9.472107,14593.077982224204,-14593.0028789582,0.009974368800850937
9.472107,9.480095,14621.331997994324,-14620.818728090593,0.00999514255382954
9.480095,9.488083,14647.8467701573,-14646.98297446281,0.010033775037557232
9.488083,9.496072,14673.012892726854,-14672.962823881635,0.010052481132807243
9.496072,9.50406,14701.427140710766,-14701.339509262167,0.010071947734099843
9.50406,9.512048,14729.531797697273,-14728.24236354765,0.010095621094142086
9.512048,9.520037,14754.2495931906,-14753.62373263175,0.01012879234572559
9.520037,9.528025,14782.54882323705,-14783.274912371537,0.010149698022033863
9.528025,9.536013,14809.013520277524,-14808.775663491979,0.01016638778167093
9.536013,9.544002,14834.059331580203,-14832.444611340592,0.010195448978595303
9.544002,9.552135,14862.092708720684,-14861.674658797747,0.010410895942458512
9.552135,9.560123,14888.9584376552,-14889.521782673979,0.010243603405105935
9.560123,9.568111,14917.000500750672,-14916.387080621398,0.010264388044568168
9.568111,9.576099,14944.02854281595,-14943.264897347,0.010297930068854336
9.576099,9.584088,14968.757040931267,-14968.681937666172,0.010319461104017682
9.584088,9.592076,14997.859288931835,-14997.471206807524,0.010341023979717624
9.592076,9.600064,15024.962443666644,-15023.785678519502,0.010359711604908546
9.600064,9.608053,15049.367880835252,-15048.404055575278,0.010397608268869329
9.608053,9.616041,15076.352028043892,-15076.952929396224,0.010416251616175978
9.616041,9.624029,15104.318978465586,-15104.106159234832,0.010435573982221957
9.624029,9.632018,15130.391788710009,-15128.852171736404,0.010459639843534702
9.632018,9.640006,15159.33900851316,-15159.288933403577,0.010494810395594013
9.640006,9.64814,15185.12417014906,-15185.456110152749,0.010703994027538782
9.64814,9.656128,15213.607911870176,-15213.069604404367,0.010532380757384463
9.656128,9.664116,15240.786179267585,-15239.73460190624,0.010563388900852311
9.664116,9.672104,15267.338507763596,-15266.649974965396,0.010590952722835648
9.672104,9.680093,15291.500813618515,-15292.026536484198,0.010607714114406336
9.680093,9.688081,15320.968953427418,-15320.393089631698,0.010629688259888886
9.688081,9.696069,15348.497746621075,-15347.158237357315,0.010662601384577803
9.696069,9.704058,15373.788959820002,-15374.302165479388,0.010687858084866574
9.704058,9.712046,15403.304957432929,-15403.455182772606,0.010706837275912503
9.712046,9.720034,15431.1467200829,-15429.869804709306,0.01072619008512882
9.720034,9.728023,15455.438728249967,-15454.086869444562,0.010764713074226613
9.728023,9.736011,15483.212318479586,-15483.713069603644,0.010784057379820518
9.736011,9.744143,15513.145597637655,-15513.21938022668,0.011000371543286312
9.744143,9.752132,15537.113531105273,-15535.674051822101,0.01082781441982691
9.752132,9.76012,15565.573360038266,-15565.51076614719,0.010861657090634165
9.76012,9.768108,15593.227341014132,-15592.93940911445,0.010882513361293507
9.768108,9.776097,15619.589435472228,-15619.12629866079,0.010899349508072814
9.776097,9.784085,15649.198798200525,-15648.197295944208,0.010930965360542593
9.784085,9.792073,15674.787180765732,-15674.799699549047,0.010959811196793106
9.792073,9.800061,15701.176765154987,-15701.489734603994,0.010978262794192539
9.800061,9.80805,15726.96207284836,-15726.148454119486,0.01099629188133673
9.80805,9.816038,15756.760140206277,-15755.783675513861,0.011031307774159395
9.816038,9.824026,15784.088632950772,-15784.001001505814,0.011056754087382178
9.824026,9.832015,15808.77456502665,-15809.250219050757,0.011074046582801794
9.832015,9.840003,15839.947421133773,-15838.708062093732,0.01109588316850367
9.840003,9.848136,15867.453584162911,-15866.851100452785,0.01133888233124206
9.848136,9.856125,15892.201777441818,-15892.464638876938,0.011153147207409482
9.856125,9.864113,15920.555833752143,-15920.568352532728,0.011173046084126809
9.864113,9.872101,15948.259889835137,-15947.145718574518,0.011197273268652172
9.872101,9.880089,15975.363044565604,-15974.23635453442,0.011232277756636287
9.880089,9.888078,16001.226686693753,-16001.426962070072,0.011250462483413673
9.888078,9.896066,16031.009013521494,-16031.497245871346,0.011271402437407495
9.896066,9.904054,16059.351527290348,-16058.087130694606,0.011300965669753691
9.904054,9.912042,16085.816224335864,-16085.428142217019,0.011330848948423601
9.912042,9.920031,16111.265490049971,-16111.4657654272,0.011348775411189898
9.920031,9.928019,16140.811216823518,-16140.135202800437,0.011367973340008473
9.928019,9.936007,16167.751627441965,-16166.64997496284,0.011403115222835747
9.936007,9.94414,16194.762080411414,-16195.25390384869,0.011635936554774871
9.94414,9.952128,16223.24737105818,-16223.134702054787,0.011447123345019043
9.952128,9.960116,16251.990485730033,-16250.650976465364,0.011467404486730842
9.960116,9.968104,16279.519278915752,-16279.256384574504,0.011506364226338177
9.968104,9.976093,16304.631368133652,-16304.143196894143,0.01152574391413175
9.976093,9.984081,16333.587881822315,-16333.738107163816,0.011544579914873522
9.984081,9.992069,16361.19178768332,-16360.75363044214,0.011570634832247349
9.992069,10.00006,16382.430234011765,-16381.366537358042,0.011600398848706298
10.00006,10.00805,16411.539424280367,-16411.839799746667,0.01161936991238854
10.00805,10.01603,16459.83709273075,-16459.661654135045,0.011655210645363406
10.01603,10.02402,16468.322903631157,-16467.13391739653,0.01167110044180304
10.02402,10.03201,16495.331664582114,-16495.682102629926,0.011698489216521802
10.03201,10.04014,16534.661746616774,-16534.735547356497,0.011941332713407892
10.04014,10.04813,16551.088861073353,-16550.750938671597,0.011739687329159072
10.04813,10.05612,16578.573216521836,-16577.334167712983,0.011772444841051895
10.05612,10.06411,16605.469336671908,-16605.481852315235,0.011798185963705448
10.06411,10.0721,16633.19148935994,-16633.341677093547,0.011817882553189545
10.0721,10.08008,16682.844611528868,-16681.704260651306,0.011851492812030354
10.08008,10.08807,16689.31163955334,-16688.66082603194,0.011876114162704716
10.08807,10.09606,16717.196495618366,-16717.772215271594,0.011897628745932906
10.09606,10.10405,16745.982478094964,-16745.644555688657,0.011916441131411902
10.10405,10.11204,16773.46683354349,-16772.440550693085,0.011941031038800072
10.11204,10.12003,16800.187734668743,-16799.186483104084,0.011973493798498103
10.12003,10.12801,16847.94486215511,-16848.508771929886,0.012009215097744694
10.12801,10.136,16854.90613266628,-16855.219023781377,0.012014177091365343
10.136,10.14413,16895.412054117944,-16893.96063960198,0.012271137774905893
10.14413,10.15212,16911.852315395827,-16911.439299125905,0.012073371367960446
10.15212,10.16011,16940.075093867155,-16940.55068836374,0.012093519609512637
10.16011,10.1681,16968.16020024899,-16967.62202753303,0.012113569566956405
10.1681,10.17609,16996.48310387983,-16995.38172715943,0.012149086122654475
10.17609,10.18408,17023.116395497225,-17023.254067582948,0.012171528222779542
10.18408,10.19206,17071.140350876933,-17071.691729322796,0.012205865350876833
10.19206,10.20005,17078.710888611564,-17077.346683357584,0.012211278285357802
10.20005,10.20804,17106.420525654343,-17106.332916142845,0.012249907738421049
10.20804,10.21603,17134.956195245482,-17134.95619524457,0.01227034213141511
10.21603,10.22402,17163.354192740717,-17163.103879849554,0.012290677937422325
10.22402,10.232,17213.14536340875,-17212.355889726245,0.012331497338346238
10.232,10.24014,17209.287469286177,-17208.636363631857,0.012567942638819513
10.24014,10.24813,17246.508135170763,-17246.971214019464,0.012369195634543473
10.24813,10.25611,17296.127819548954,-17295.651629074764,0.012404782872181188
10.25611,10.2641,17302.578222778953,-17301.576971216116,0.012418060390488633
10.2641,10.27209,17330.02503128719,-17329.762202750873,0.012448156979973046
10.27209,10.28008,17358.560700878377,-17359.073842303125,0.012466918295369991
10.28008,10.28807,17387.934918648883,-17387.133917396608,0.012489753652066022
10.28807,10.29605,17437.60651628818,-17437.24310776876,0.012537639085212854
10.29605,10.30404,17442.853566958573,-17442.47809762137,0.012546644570710797
10.30404,10.31203,17470.425531914203,-17470.425531915113,0.012566477085107757
10.31203,10.32002,17498.748435547644,-17497.78473091479,0.012586849749687608
10.32002,10.32801,17526.33291614338,-17526.095118892812,0.01262421759949753
10.32801,10.33614,17566.17466174609,-17566.03936039828,0.012884789114391748
10.33614,10.34413,17583.642052567964,-17583.554443056466,0.012665497370464008
10.34413,10.35212,17612.02753441623,-17611.764705881735,0.012691227041302669
10.35212,10.3601,17663.057644111857,-17662.631578946035,0.012740363478696694
10.3601,10.36809,17668.285356693188,-17668.035043802935,0.01274413422778233
10.36809,10.37608,17695.40675844623,-17695.193992492335,0.012765466435545878
10.37608,10.38407,17723.75469336906,-17723.041301628284,0.012793006137672787
10.38407,10.39206,17751.20150187629,-17750.888610758466,0.012821692844804142
10.39206,10.40005,17779.749687110903,-17780.33792240564,0.012844091173967537
10.40005,10.40803,17831.37844611542,-17830.363408519726,0.012879604651629458
10.40803,10.41602,17837.171464328832,-17837.058823530675,0.012898058685858612
10.41602,10.42401,17865.356695869847,-17864.780976218437,0.012922012498120318
10.42401,10.43214,17904.969249692633,-17905.52275522892,0.013185219355474821
10.43214,10.44013,17922.21526908731,-17920.976220276636,0.012963138304130765
10.44013,10.44812,17949.311639550673,-17948.886107637423,0.013000686420526587
10.44812,10.45611,17977.04630788265,-17977.284105126844,0.013020774640798044
10.45611,10.4641,18005.419274091582,-18005.306633291606,0.013039524638298819
10.4641,10.47208,18058.157894736727,-18057.055137845913,0.01308313539473745
10.47208,10.48007,18062.966207761016,-18062.853566960126,0.01309926309386774
10.48007,10.48806,18091.41426783374,-18091.589486854915,0.013119893627032456
10.48806,10.49605,18119.64956195151,-18119.29912390643,0.013140369862328362
10.49605,10.50403,18170.58897243454,-18170.162907268717,0.013186396417293356
10.50403,10.51202,18175.168961203144,-18175.031289111044,0.013196990182729417
10.51202,10.52001,18203.391739672654,-18203.266583232078,0.013217482742178679
10.52001,10.52814,18243.554735545877,-18243.038130376764,0.013487460015987884
10.52814,10.53613,18261.78973717132,-18261.201501882042,0.013272668780976701
10.53613,10.54412,18290.00000000296,-18290.30037546653,0.013298659000001324
10.54412,10.55211,18318.285356691416,-18318.1852315375,0.0133173934543154
10.55211,10.5601,18346.58322904045,-18345.769712143938,0.013337966007510757
10.5601,10.56808,18397.293233080523,-18397.33082706727,0.013391389744360199
10.56808,10.57607,18402.778473093767,-18402.540675845932,0.013395382450564264
10.57607,10.58406,18430.413016270362,-18430.025031287096,0.013415497634543938
10.58406,10.59205,18459.12390487659,-18458.823529409376,0.013440088115141977
10.59205,10.60004,18487.722152691957,-18487.38423028929,0.013473851904882556
10.60004,10.60802,18539.98746867354,-18539.88721804586,0.013511942867167602
10.60802,10.61601,18545.394242804694,-18545.269086359567,0.013515883324156595
10.61601,10.624,18574.205256568453,-18573.37922402679,0.013544310473088907
10.624,10.63213,18613.148831486666,-18613.308733088805,0.013827708266913364
10.63213,10.64012,18630.137672093228,-18629.799749690566,0.013592548445557772
10.64012,10.64811,18658.573216517947,-18657.571964952374,0.013613295018771175
10.64811,10.6561,18686.98372966157,-18686.98372966157,0.013645235519400395
10.6561,10.66409,18715.143929913524,-18715.39424280651,0.013671412640801251
10.66409,10.67207,18767.79448621672,-18767.794486213985,0.013709873872181056
10.67207,10.68006,18773.09136420773,-18773.091364205906,0.013711865932416837
10.68006,10.68805,18802.878598243064,-18801.877346679314,0.013750545118896248
10.68805,10.69604,18829.41176470799,-18829.03629537352,0.013769948823529988
10.69604,10.70403,18857.071339175793,-18857.69712140052,0.013788290563204774
10.70403,10.71201,18910.02506265352,-18909.273182958677,0.013832683333333394
10.71201,10.72,18914.64330413041,-18913.64205256211,0.013845518898621406
10.72,10.72814,18933.16953317174,-18933.29238329506,0.014112784570026042
10.72814,10.73612,18996.115288219928,-18996.74185463655,0.013907056002506813
10.73612,10.74411,19002.503128914374,-19000.876095119525,0.013917433291614814
10.74411,10.7521,19029.161451809643,-19030.538172715147,0.01394647242803325
10.7521,10.76009,19058.19774718536,-19058.448060075614,0.013965847309136817
10.76009,10.76807,19110.90225564089,-19109.77443609133,0.014004469172933326
10.76807,10.77606,19114.518147682895,-19113.7672090094,0.014020499061327386
10.77606,10.78405,19143.17897371474,-19143.178973717473,0.01404343609511678
10.78405,10.79204,19172.966207763067,-19173.091364204553,0.014063370713392557
10.79204,10.80003,19201.00125156443,-19200.75093867509,0.014087774618273805
10.80003,10.80801,19254.63659147923,-19254.636591476494,0.014138679649122554
10.80801,10.816,19259.07384229948,-19257.44680851192,0.01414193792240106
10.816,10.82414,19275.675675678867,-19276.289926291007,0.01441242270270335
10.82414,10.83212,19339.348370927786,-19339.724310777943,0.014204751378446883
10.83212,10.84011,19344.05506883649,-19342.803504381576,0.014219814881102216
10.84011,10.8481,19373.091364200936,-19373.091364200027,0.014241159461824639
10.8481,10.85609,19401.25156445902,-19401.12640801025,0.014259919899876567
10.85609,10.86408,19430.91364205341,-19430.53817271803,0.014291436983730572
10.86408,10.87206,19484.586466164015,-19485.087719297862,0.014334810263158323
10.87206,10.88005,19488.110137669784,-19487.85982477862,0.014339351439295883
10.88005,10.88804,19516.14518147912,-19515.64455569406,0.014358028010013398
10.88804,10.89603,19544.93116395489,-19544.18022528595,0.014390932816021499
10.89603,10.90402,19573.21652065288,-19573.967459325468,0.01441567396745976
10.90402,10.912,19627.192982451164,-19625.939849617007,0.014453464912278172
10.912,10.92014,19619.533169534494,-19619.041769045674,0.014712687923833836
10.92014,10.92813,19659.94993742194,-19660.951188988423,0.01449134909887441
10.92813,10.93611,19715.037593985384,-19714.160401003206,0.014531954210527352
10.93611,10.9441,19718.147684602016,-19718.02252815598,0.014534246658319263
10.9441,10.95209,19746.808510639774,-19746.307884857444,0.014559321914895812
10.95209,10.96008,19774.8435544466,-19774.593241554525,0.014589879574469129
10.96008,10.96806,19826.817042607832,-19827.81954887005,0.014628225614035283
10.96806,10.97605,19832.540675843407,-19831.539424278748,0.01463046525656758
10.97605,10.98404,19861.57697121384,-19861.326658323585,0.014659829962455495
10.98404,10.99203,19890.613266583503,-19891.36420525973,0.014687228836044258
10.99203,11.00002,19919.399249061094,-19918.648310384866,0.0147084844055082
11.00002,11.008,19973.18295739362,-19973.30827067731,0.014748198295740408
11.008,11.01614,19965.970515968376,-19965.35626535713,0.015020399619161554
11.01614,11.02413,20005.757196495684,-20004.88110137524,0.014784254568211945
11.02413,11.03211,20057.51879699384,-20058.521303256064,0.014822506390978561
11.03211,11.0401,20062.828535669534,-20061.70212766066,0.014826430287856147
11.0401,11.04809,20092.490613266564,-20091.989987484234,0.014860406057574304
11.04809,11.05608,20121.0262828539,-20121.902377974344,0.01488151103879842
11.05608,11.06406,20175.689223060745,-20174.561403507538,0.01492193974937496
11.06406,11.07205,20178.848560694845,-20179.474342926856,0.014928312165203001
11.07205,11.08004,20207.25907384245,-20207.008760952198,0.01495741316645844
11.08004,11.08803,20235.544430539532,-20236.295369213938,0.014976326433042886
11.08803,11.09602,20264.330413017124,-20263.329161452464,0.014999657371714676
11.09602,11.104,20318.67167919968,-20318.546365914168,0.015045976378447116
11.104,11.11214,20310.93366093025,-20310.810810808718,0.01531850616707524
11.11214,11.12013,20352.065081356308,-20352.440550692598,0.015074774605756843
11.12013,11.12811,20407.017543859733,-20407.39348370533,0.015117518596490888
11.12811,11.1361,20410.638297864323,-20408.635794742288,0.015126324042552004
11.1361,11.14409,20438.67334168115,-20439.173967456194,0.015151188548184896
11.14409,11.15208,20466.95869837459,-20466.95869837641,0.015172156483106058
11.15208,11.16006,20521.55388470876,-20521.052631581293,0.015212627894736085
11.16006,11.16805,20524.780976223665,-20524.280350437693,0.015225282528161448
11.16805,11.17604,20553.19148935675,-20553.942428032977,0.015246357446806372
11.17604,11.18403,20583.47934918954,-20582.47809762124,0.01526882498122775
11.18403,11.19202,20612.265331670773,-20612.765957453103,0.01529223964956215
11.19202,11.2,20667.418546363435,-20666.165413533836,0.015341424786969367
11.2,11.20814,20657.985257979664,-20658.476658472955,0.015613305257982798
11.20814,11.21613,20698.12265332121,-20697.872340427315,0.015364216445557318
11.21613,11.22411,20753.75939849722,-20753.007518795082,0.015409666353383325
11.22411,11.2321,20756.070087600783,-20757.321652062983,0.01541760886107474
11.2321,11.24009,20785.607008764677,-20785.35669587078,0.01543954888610964
11.24009,11.24808,20814.64330413252,-20813.516896121822,0.015461117046307548
11.24808,11.25606,20870.551378447184,-20870.676691730874,0.015510993784462617
11.25606,11.26405,20873.466833542614,-20872.966207760284,0.015513160550688012
11.26405,11.27204,20901.752190233226,-20902.753441801528,0.015534182227783282
11.27204,11.28003,20929.662077598663,-20929.411764704764,0.015557017822278824
11.28003,11.28802,20958.57321652229,-20957.57196495581,0.01558689090112792
11.28802,11.296,21014.285714290083,-21014.78696742119,0.015628324285712418
11.296,11.30414,21005.036855032653,-21004.545454541152,0.01590501390663243
11.30414,11.31212,21073.684210525462,-21073.18295739435,0.01567671368421098
11.31212,11.32011,21075.844806009827,-21076.846057572664,0.015682536120151927
11.32011,11.3281,21105.506883602393,-21105.506883606038,0.015704607672091603
11.3281,11.33609,21133.917396746278,-21133.66708384874,0.0157257479349142
11.33609,11.34408,21162.453066329206,-21161.827284109946,0.015753330062581106
11.34408,11.35206,21217.669172937563,-21217.41854636471,0.015796554699246696
11.35206,11.36005,21219.39924906148,-21219.39924906512,0.015797842740927926
11.36005,11.36804,21249.687108883158,-21249.436795992904,0.01582251702127383
11.36804,11.37603,21278.723404253902,-21278.97371714598,0.01584839319149
11.37603,11.38402,21308.886107636088,-21308.510638299795,0.015872989261579224
11.38402,11.392,21363.533834586768,-21363.283208015742,0.015915832706767153
11.392,11.40014,21353.808353806788,-21354.05405405343,0.01619472825552502
11.40014,11.40812,21421.679197996196,-21421.303258146952,0.01596557750626726
11.40812,11.41611,21423.279098875682,-21423.904881100407,0.015966769912390207
11.41611,11.4241,21452.56570713378,-21452.31539424717,0.015990742478098847
11.4241,11.43209,21481.852315392567,-21481.476846054455,0.016010424530662114
11.43209,11.44007,21538.84711779358,-21538.596491228025,0.01606151829573867
11.44007,11.44806,21540.425531917183,-21540.175219025106,0.0160605412765972
11.44806,11.45605,21570.337922405466,-21570.463078847864,0.016085000988736102
11.45605,11.46404,21597.99749686756,-21597.872340426984,0.01610778653316412
11.46404,11.47203,21626.65832290391,-21626.533166454232,0.016133487108887883
11.47203,11.48001,21682.330827067275,-21683.082706771238,0.016175018796993203
11.48001,11.488,21684.981226533495,-21684.23028785909,0.01617699599499281
11.488,11.49613,21728.782287821043,-21727.552275519774,0.01650952878228692
11.49613,11.50412,21743.053817271004,-21744.30538172774,0.016226841063830464
11.50412,11.51211,21773.341677099226,-21773.09136420715,0.016249444893617467
11.51211,11.5201,21802.628285359144,-21802.002503128955,0.016271301489362285
11.5201,11.52809,21831.289111384023,-21831.163954943448,0.016299240450561445
11.52809,11.53607,21886.466165413247,-21886.716791975156,0.016340435639098976
11.53607,11.54406,21888.235294122973,-21887.108886110454,0.016341756470587818
11.54406,11.55205,21916.7709637012,-21917.647058825285,0.016365252878599117
11.55205,11.56004,21946.182728407744,-21946.433041299817,0.01639160387984704
11.56004,11.56802,22004.010025063522,-22003.508771934237,0.01643479508771948
11.56802,11.57601,22005.006257822715,-22005.131414263287,0.016435539173968287
11.57601,11.58415,22022.235872243367,-22021.49877150165,0.016750112604424484
11.58415,11.59213,22091.353383452235,-22091.979949876153,0.01650445011278201
11.59213,11.60012,22092.11514392862,-22092.49061326309,0.01650722843554319
11.60012,11.60811,22121.27659574741,-22120.52565707301,0.016526805744681752
11.60811,11.6161,22148.936170214303,-22148.81101377009,0.016551900000001337
11.6161,11.62408,22207.894736843937,-22206.892230574424,0.016598180526315176
11.62408,11.63207,22208.635794738082,-22209.887359194818,0.016598734392989912
11.63207,11.64006,22237.672090116328,-22237.296620776393,0.016620436120150163
11.64006,11.64805,22268.0851063833,-22267.2090112665,0.01664762042553202
11.64805,11.65603,22322.43107769114,-22324.56140351021,0.01668824947368593
11.65603,11.66402,22325.907384225593,-22324.906132660934,0.016690848360447316
11.66402,11.67201,22353.69211515077,-22352.690863580647,0.016713855594494377
11.67201,11.68014,22396.555965561274,-22395.94095941243,0.01705273771217875
11.68014,11.68813,22411.51439299074,-22412.14017521911,0.01675933046307905
11.68813,11.69612,22441.80225281215,-22442.302878598122,0.01678197972465225
11.69612,11.70411,22471.58948685939,-22470.337922402654,0.01680650177722313
11.70411,11.71209,22528.571428567022,-22529.32330827098,0.01685362428571512
11.71209,11.72008,22528.28535670505,-22528.535669588022,0.01684890461827449
11.72008,11.72807,22557.571964949027,-22556.821026278267,0.016873063829783964
11.72807,11.73606,22587.108886111502,-22586.983729663643,0.016899674868586224
11.73606,11.74405,22614.893617024434,-22615.269086360724,0.01691820191489537
11.74405,11.75203,22672.807017541032,-22672.807017542855,0.01696379421052596
11.75203,11.76002,22674.21777220999,-22674.46808510753,0.016964849737168202
11.76002,11.76801,22703.75469336885,-22703.504380467668,0.016989219637048372
11.76801,11.77614,22748.21648216606,-22747.847478479976,0.017331866137761998
11.77614,11.78413,22762.077596998435,-22761.451814768247,0.017035138873592592
11.78413,11.79212,22791.23904880725,-22791.239048812713,0.01705468418022331
11.79212,11.8001,22847.619047622204,-22847.744360902245,0.017099158095238
11.8001,11.80809,22848.060075094912,-22849.061326659572,0.017101772966209607
11.80809,11.81608,22877.84730913716,-22877.346683353007,0.01712406871088822
11.81608,11.82407,22907.13391739563,-22907.50938673192,0.017145989737169774
11.82407,11.83205,22965.413533834388,-22964.661654137723,0.01718961203007624
11.83205,11.84004,22965.957446803528,-22966.458072589503,0.01719231574468162
11.84004,11.84803,22995.118898628338,-22995.369211516772,0.017211846495619076
11.84803,11.85602,23024.0300375465,-23023.279098873918,0.01723809128911342
11.85602,11.86401,23051.68961201009,-23051.68961201009,0.017256494843551722
11.86401,11.87214,23096.309963102896,-23096.555965562075,0.017606317084871502
11.87214,11.88013,23110.763454324668,-23111.01376720946,0.017300717521903274
11.88013,11.88811,23169.298245607508,-23169.799498749562,0.017349170526315818
11.88811,11.8961,23170.588235288807,-23168.836045051565,0.017347819411763173
11.8961,11.90409,23198.748435548645,-23199.74968710784,0.017368902953694348
11.90409,11.91208,23228.66082603511,-23227.409261578374,0.017391298360450155
11.91208,11.92006,23285.463659148143,-23287.218045116148,0.017436155187969992
11.92006,11.92805,23285.73216520096,-23284.48060074787,0.01743635624530366
11.92805,11.93604,23313.892365460822,-23314.643304133406,0.0174574426032548
11.93604,11.94403,23343.429286607352,-23342.928660823203,0.017479559849813555
11.94403,11.95201,23402.130325814418,-23403.007518796596,0.017523515187969897
11.95201,11.96,23403.003754692112,-23402.753441798217,0.01752416921151139
11.96,11.96813,23448.339483397343,-23447.47847478574,0.01787701402214271
11.96813,11.97612,23460.826032542747,-23460.826032546393,0.017569812615769325
11.97612,11.98411,23489.48685857248,-23490.48811014078,0.0175889277597032
11.98411,11.9921,23519.399249055536,-23519.64956194397,0.01761132615769414
11.9921,12.00008,23576.817042610077,-23576.06516290794,0.017656678283207015
12.00008,12.00807,23576.345431787577,-23575.844806012534,0.017653967459325074
12.00807,12.01606,23604.25531915383,-23605.38172715542,0.01767722680851288
12.01606,12.02405,23633.917396742967,-23634.042553190826,0.017697077346680433
12.02405,12.03204,23663.454317898395,-23663.454317898395,0.01771919459324266
12.03204,12.04002,23723.05764410853,-23722.305764408215,0.017763825563909756
12.04002,12.04801,23721.276595743828,-23721.026282855393,0.01776249191489468
12.04801,12.05614,23765.190651909164,-23765.190651912744,0.01812095787207994
12.05614,12.06413,23778.22277847264,-23779.724655815982,0.01780513321651744
12.06413,12.07212,23808.760951190936,-23806.758448063436,0.01782800020025111
12.07212,12.08011,23835.79474342946,-23837.296620772806,0.01784824310388098
12.08011,12.08809,23895.363408517736,-23895.363408523208,0.017890458583961332
12.08809,12.09608,23895.118898622033,-23894.868585726315,0.017892665031286174
12.09608,12.10407,23923.779724655255,-23923.779724655255,0.01791173387984938
12.10407,12.11206,23953.06633292246,-23952.816020032205,0.017933660763456434
12.11206,12.12004,24011.15288220548,-24011.15288220548,0.0179771501629061
12.12004,12.12803,24009.637046302178,-24009.637046302178,0.01797601525656875
12.12803,12.13602,24038.79849812504,-24039.424280349765,0.017997848435546936
12.13602,12.14401,24067.209011268158,-24066.58322903797,0.01801671266583304
12.14401,12.15214,24113.038130377867,-24113.530135306966,0.01837895766297609
12.15214,12.16013,24126.40801000736,-24125.907384223206,0.018061029036292284
12.16013,12.16812,24154.693366709802,-24154.693366707983,0.018082203454321336
12.16812,12.1761,24214.536340856605,-24214.53634085296,0.01812458045112655
12.1761,12.18409,24213.26658322782,-24214.01752190951,0.01812363003754886
12.18409,12.19208,24241.80225281705,-24241.30162703108,0.018144988986228374
12.19208,12.20007,24269.962453062555,-24269.461827282048,0.01816363989987826
12.20007,12.20805,24328.696741860032,-24328.947368418292,0.01820759664160387
12.20805,12.21604,24328.285356697605,-24328.410513147282,0.018207288760951852
12.21604,12.22403,24356.32040049173,-24357.822277842362,0.018225834555692683
12.22403,12.23202,24386.357947436933,-24385.35669586863,0.01824831165206413
12.23202,12.24,24445.989974939283,-24445.614035088216,0.018292934298246775
12.24,12.24814,24430.2211302247,-24429.975429979848,0.018610942457005418
12.24814,12.25612,24503.007518795504,-24503.884711774037,0.018333150225563526
12.25612,12.26411,24502.002503125994,-24501.627033793346,0.01832994807258859
12.26411,12.2721,24529.411764702618,-24529.912390486767,0.018350452941175648
12.2721,12.28009,24559.19899875397,-24558.448060077746,0.018370280851067046
12.28009,12.28808,24587.984981222453,-24588.986232790754,0.018391812765953794
12.28808,12.29606,24649.49874686863,-24648.87218044836,0.01843782506265621
12.29606,12.30405,24645.556946181277,-24645.932415524854,0.01843241204005165
12.30405,12.31204,24672.715894871304,-24673.466833542065,0.018450256946183047
12.31204,12.32003,24702.503128915374,-24701.752190237326,0.01847253183980288
12.32003,12.32801,24762.280701747786,-24762.03007518223,0.01851723350876739
12.32801,12.336,24759.073842307713,-24759.32415519797,0.01851235951189146
12.336,12.34413,24804.674046737917,-24804.42804427874,0.018881317884380317
12.34413,12.35212,24818.022528163845,-24817.39674594094,0.018553953642052704
12.35212,12.36011,24847.183979972204,-24847.809762195106,0.018575754743425182
12.36011,12.3681,24875.344180225125,-24876.345431787966,0.018591832240303353
12.3681,12.37609,24904.130162699075,-24903.62953692403,0.01861334688360441
12.37609,12.38407,24963.1578947434,-24962.90726817055,0.018657464210528007
12.38407,12.39206,24959.57446807699,-24959.3241551922,0.01865228999999462
12.39206,12.40005,24987.859824790547,-24989.8623279144,0.018670928861079038
12.40005,12.40804,25019.399249053648,-25017.897371712123,0.0186919931789748
12.40804,12.41602,25078.070175443492,-25078.446115294562,0.018738334035086998
12.41602,12.42401,25075.46933666537,-25075.594493105942,0.018728868047556062
12.42401,12.43215,25090.049140056257,-25090.909090910573,0.019080982371010774
12.43215,12.44013,25164.786967411936,-25164.661654137362,0.018795579385965103
12.44013,12.44812,25162.453066339363,-25161.827284109175,0.01879383619524523
12.44812,12.45611,25188.735919894243,-25189.612015011044,0.018808429111385746
12.45611,12.4641,25217.77221527497,-25217.271589490818,0.018827588735922097
12.4641,12.47208,25278.82205513532,-25279.448621551943,0.0188731685463646
12.47208,12.48007,25276.59574467778,-25276.470588237204,0.018871506382980883
12.48007,12.48806,25305.25657071281,-25305.13141426495,0.018885312978719856
12.48806,12.49605,25334.042553194206,-25333.792240300307,0.018906795957447296
12.49605,12.50403,25393.609022551722,-25393.609022562665,0.018951250413536548
12.50403,12.51202,25390.863579480443,-25390.61326658108,0.018949201489362015
12.51202,12.52001,25418.64831038973,-25418.773466833947,0.018962311639551584
12.52001,12.52814,25461.86961869268,-25463.714637141,0.0193382899753942
12.52814,12.53613,25476.470588235163,-25475.844806008616,0.01900544705882553
12.53613,12.54412,25505.381727164255,-25505.381727164255,0.019024464230288075
12.54412,12.55211,25534.418022520957,-25534.4180225246,0.019038462077594354
12.55211,12.56009,25595.11278195845,-25595.739348365958,0.019086275601505734
12.56009,12.56808,25590.738423032362,-25590.36295369061,0.019080454568212033
12.56808,12.57607,25619.39924905663,-25618.898623283407,0.019096700200251664
12.57607,12.58406,25646.433041300617,-25647.934918656712,0.01911428654568207
12.58406,12.59205,25677.471839799357,-25675.969962446903,0.019137419762198325
12.59205,12.60003,25736.34085213303,-25736.21553884387,0.019181294837094676
12.60003,12.60802,25733.29161451936,-25734.167709643443,0.01917130225281715
12.60802,12.61601,25761.201501876505,-25762.077596993306,0.01918951899875064
12.61601,12.62414,25809.47109470929,-25808.610086101264,0.01957648382533494
12.62414,12.63213,25819.77471839452,-25821.026282849434,0.01923056821026401
12.63213,12.64012,25847.684605764418,-25847.05882353605,0.019246185957447308
12.64012,12.64811,25876.095118887213,-25876.720901124685,0.01926475281601528
12.64811,12.6561,25903.754693374427,-25903.629536921104,0.019287935744684494
12.6561,12.66408,25966.791979951664,-25966.29072681508,0.019327083270674852
12.66408,12.67207,25961.576971214396,-25962.578222779055,0.019320605581980867
12.67207,12.68006,25990.488110138023,-25990.488110139846,0.019339522202752334
12.68006,12.68805,26020.40050062235,-26019.649561949765,0.01936178001251307
12.68805,12.69604,26047.30913642062,-26048.560700875532,0.01937659326658513
12.69604,12.70402,26109.649122808736,-26109.022556393935,0.01941513508771857
12.70402,12.71201,26103.50438047667,-26103.37922403245,0.019415786558200913
12.71201,12.72014,26148.708487081567,-26148.46248461702,0.019799802066417776
12.72014,12.72813,26160.075093867188,-26161.576971215996,0.019444783817272753
12.72813,12.73612,26189.987484353653,-26190.237797247548,0.019464398698372767
12.73612,12.74411,26219.148936173,-26218.14768460834,0.019488693404256862
12.74411,12.7521,26246.683354195302,-26247.183979972167,0.019506535068834086
12.7521,12.76008,26309.02255639274,-26309.02255639274,0.019542341954885804
12.76008,12.76807,26303.504380470982,-26304.005006256957,0.01953824305381957
12.76807,12.77606,26331.91489362321,-26331.66458072749,0.01955671319149041
12.77606,12.78405,26358.948685846768,-26359.198998744305,0.019574155294115183
12.78405,12.79204,26386.8585732207,-26387.35919900303,0.01958696511889949
12.79204,12.80002,26449.624060154347,-26449.373433590616,0.019633555939849168
12.80002,12.80801,26446.182728411302,-26445.932415515585,0.019631001439299623
12.80801,12.816,26474.21777221042,-26475.21902377326,0.019643869586981225
12.816,12.82413,26519.680196799432,-26519.311193116926,0.020030314452645883
12.82413,12.83212,26531.539424286697,-26530.913642051044,0.019681095944932753
12.83212,12.84011,26558.197747185284,-26559.32415519416,0.01970087108886296
12.84011,12.8481,26586.60826031885,-26586.733416764888,0.01970865270337452
12.8481,12.85609,26614.14267835108,-26615.01877346788,0.019729063967461966
12.85609,12.86407,26676.691729322483,-26676.81704260982,0.01977543157894653
12.86407,12.87206,26672.090112638907,-26671.839799752295,0.019769353191490254
12.87206,12.88005,26700.500625779732,-26702.00250312672,0.019777060813514668
12.88005,12.88804,26731.038798507787,-26730.413016270315,0.01980235354192836
12.88804,12.89603,26757.82227784149,-26757.697121400914,0.019822194743430235
12.89603,12.90401,26818.42105263182,-26818.17042606809,0.01985635894736796
12.90401,12.912,26812.265331661616,-26813.266583228098,0.019849120025028998
12.912,12.92014,26825.921375923885,-26825.921375922095,0.02021601434889681
12.92014,12.92812,26904.010025063468,-26903.508771932356,0.019914348220550927
12.92812,12.93611,26899.1239048845,-26898.8735919906,0.019899971864834186
12.93611,12.9441,26927.284105125913,-26927.659574464025,0.01991541932415078
12.9441,12.95209,26956.070087616772,-26956.320400503384,0.019936709436795784
12.95209,12.96008,26984.98122652947,-26985.60700875966,0.019958092115146913
12.96008,12.96807,27012.515644551608,-27012.140175215314,0.019964950312887603
12.96807,12.97605,27072.055137847292,-27072.681704258444,0.02000624874686902
12.97605,12.98404,27067.334167709065,-27067.70963704536,0.02000275994993667
12.98404,12.99203,27095.369211515892,-27096.12015019212,0.020020768310388914
12.99203,13.00002,27124.906132664244,-27124.405506883737,0.020029030688362478
13.00002,13.00801,27153.066332914717,-27153.066332912895,0.020052539486854693
13.00801,13.01614,27200.49200491977,-27199.876998772717,0.020449329889302374
13.01614,13.02413,27209.386733419196,-27210.76345432197,0.02008324834793506
13.02413,13.03212,27238.42302877916,-27238.923654556027,0.020096508510635467
13.03212,13.0401,27300.626566421528,-27299.74937344117,0.020142402280702413
13.0401,13.04809,27292.866082605844,-27292.740926159808,0.020136676595746226
13.04809,13.05608,27320.901126405388,-27321.652065081613,0.0201437004005003
13.05608,13.06407,27350.438047561023,-27351.18898623907,0.020160007884858513
13.06407,13.07206,27379.349186482206,-27377.847309131575,0.020184056220272
13.07206,13.08004,27441.60401002508,-27443.107769423885,0.020227206315787925
13.08004,13.08803,27435.168961204407,-27435.91989987153,0.02020600193992708
13.08803,13.09602,27463.20400500577,-27463.454317901487,0.02022664974968898
13.09602,13.10401,27491.239048810126,-27490.98873591441,0.020247297559447062
13.10401,13.11214,27536.654366542534,-27536.900369005292,0.020644229778598002
13.11214,13.12013,27546.683354199704,-27546.68335419788,0.02026609494368102
13.12013,13.12812,27575.219023777932,-27575.469336668186,0.020292603679601055
13.12812,13.13611,27603.629536914916,-27603.128911130763,0.020307990250310035
13.13611,13.1441,27631.539424280018,-27632.290362959888,0.020322997246559314
13.1441,13.15208,27693.107769430597,-27694.110275690997,0.02035720352130336
13.15208,13.16007,27686.60826032537,-27686.10763454122,0.02034965707133845
13.16007,13.16806,27714.518147676354,-27714.518147681818,0.020372942290362378
13.16806,13.17605,27741.426783478648,-27742.428035041485,0.020378852115142856
13.17605,13.18404,27769.586983735153,-27769.46182729276,0.020391207722156066
13.18404,13.19203,27797.246558194045,-27797.87234042241,0.020414297872334914
13.19203,13.20001,27860.02506265757,-27859.52380951734,0.02045761640351122
13.20001,13.208,27853.692115142883,-27854.693366711188,0.02043625390488086
13.208,13.21614,27866.093366098285,-27865.97051597675,0.020815971744475744
13.21614,13.22412,27944.987468668947,-27944.862155388906,0.02050044280701738
13.22412,13.23211,27935.419274091542,-27936.42052565438,0.020487836495616498
13.23211,13.2401,27963.829787231763,-27964.455569465597,0.020494690851062976
13.2401,13.24809,27993.241551945008,-27991.614518144695,0.020516246733418893
13.24809,13.25608,28019.649561947113,-28020.650813511773,0.020532799198994905
13.25608,13.26407,28047.434292869915,-28047.684605763814,0.02054474561952646
13.26407,13.27205,28111.27819549024,-28112.15538846877,0.020580266766918126
13.27205,13.28004,28103.254067584206,-28103.128911139993,0.02057439230288017
13.28004,13.28803,28131.53942428675,-28131.91489361576,0.02059228685857319
13.28803,13.29602,28157.947434288828,-28158.948685849846,0.020600354342926862
13.29602,13.30401,28185.85732164677,-28185.8573216577,0.0206123174593254
13.30401,13.31214,28231.119311194783,-28230.381303813665,0.021018068327182286
13.31214,13.32013,28242.42803504558,-28241.927409257787,0.02065368762202698
13.32013,13.32812,28269.33667083524,-28270.588235299263,0.020650750438047916
13.32812,13.33611,28297.49687109357,-28298.748435548485,0.02067132146433085
13.33611,13.34409,28360.776942353077,-28359.774436090855,0.02071754755639015
13.34409,13.35208,28352.440550682935,-28353.1914893537,0.02070295209010987
13.35208,13.36007,28381.101376722614,-28380.350438044567,0.020709689674595858
13.36007,13.36806,28407.384230290376,-28407.884856076347,0.02072602753441943
13.36806,13.37605,28433.792240302355,-28434.543178971293,0.020748138197747082
13.37605,13.38404,28462.327909887004,-28462.82853566751,0.020754729511886155
13.38404,13.39202,28525.062656640806,-28525.563909775563,0.020789065664163123
13.39202,13.40001,28518.523153943916,-28518.648310393597,0.020784299674593654
13.40001,13.408,28546.683354191315,-28545.807259074514,0.020804822828536195
13.408,13.41613,28591.143911435865,-28592.619926194522,0.02119747409593806
13.41613,13.42412,28601.25156445434,-28601.376720898556,0.020818851013768267
13.42412,13.43211,28627.033792245235,-28627.284105133665,0.02084048060075418
13.43211,13.4401,28655.569461825282,-28656.195244062757,0.020858389011262364
13.4401,13.44809,28681.602002498235,-28681.602002490952,0.020854392816019265
13.44809,13.45608,28709.511889872687,-28710.01251564773,0.02087181514392867
13.45608,13.46407,28738.923654564074,-28738.04755945638,0.020896071389240774
13.46407,13.47205,28801.127819549158,-28801.503759394756,0.0209326596992458
13.47205,13.48004,28792.740926153572,-28794.117647054525,0.020909288460573317
13.48004,13.48803,28821.276595745487,-28820.650813522585,0.020927128936173024
13.48803,13.49602,28846.182728414118,-28847.309136419353,0.020948097897373296
13.49602,13.50401,28873.96745932341,-28873.717146434974,0.020953838185230885
13.50401,13.51214,28919.188191880563,-28920.0492004868,0.021353928560883223
13.51214,13.52013,28929.912390491023,-28930.162703381277,0.020982865456820342
13.52013,13.52812,28956.946182729545,-28956.32040050482,0.020999577371718686
13.52812,13.53611,28983.35419273508,-28984.856070080248,0.020998440112634697
13.53611,13.5441,29012.765957451124,-29012.015018782182,0.021016847659577877
13.5441,13.55208,29077.318295744848,-29077.31829573026,0.021060701641604195
13.55208,13.56007,29065.581977465976,-29066.082603261053,0.021052201026285033
13.56007,13.56806,29091.864831042843,-29094.117647060593,0.02104214583229108
13.56806,13.57605,29120.400500621883,-29118.898623271252,0.02106278568209871
13.57605,13.58404,29147.30913641538,-29147.684605757135,0.021085163429289268
13.58404,13.59203,29174.96871089502,-29174.96871089502,0.021096419874843807
13.59203,13.60002,29201.501877346545,-29203.128911134107,0.021095164956192285
13.60002,13.60801,29230.287859825163,-29229.662077598616,0.021115959949939415
13.60801,13.61614,29276.629766299397,-29277.367773682305,0.021532961193112952
13.61614,13.62413,29285.356695870512,-29285.106382974795,0.021141098998747967
13.62413,13.63212,29311.264080093646,-29311.514392985722,0.021145145907380578
13.63212,13.64011,29337.29662077403,-29338.423028786547,0.02116392578222828
13.64011,13.6481,29365.957446812863,-29364.83103880763,0.021184601702132006
13.6481,13.65608,29428.822055138826,-29429.07268169891,0.021206409172931574
13.65608,13.66407,29419.774718391298,-29421.276595736465,0.02119400570712874
13.66407,13.67206,29446.933667091507,-29447.18397998358,0.021213571013770756
13.67206,13.68005,29474.21777221482,-29473.96745933003,0.021233226483103773
13.68005,13.68804,29501.501877342504,-29502.252816007804,0.021223380450561075
13.68804,13.69603,29528.160200254937,-29528.410513147013,0.021239605632040685
13.69603,13.70402,29554.192740925162,-29554.31789737302,0.021258330838548868
13.70402,13.712,29617.669172931215,-29618.045112776814,0.02130102766917428
13.712,13.72014,29591.154791151803,-29591.400491398446,0.021640011498768895
13.72014,13.72813,29635.919899876386,-29636.92115144469,0.0212874812640828
13.72813,13.73612,29663.829787235354,-29662.828535674336,0.021310495319147766
13.73612,13.74411,29689.36170212871,-29691.113892365953,0.021308054893619303
13.74411,13.75209,29754.511278191923,-29754.260651624547,0.021342910939846298
13.75209,13.76008,29744.055068834128,-29744.055068834128,0.02133243629536986
13.76008,13.76807,29770.212765959495,-29770.713391743644,0.021354173617023485
13.76807,13.77606,29796.99624531687,-29797.246558198018,0.02134656811013742
13.77606,13.78405,29823.40425530947,-29823.279098865252,0.02135952212765813
13.78405,13.79204,29849.687108889324,-29850.93867334606,0.021378345907383748
13.79204,13.80003,29878.973717145604,-29877.346683356216,0.021396333078850048
13.80003,13.80801,29941.478696737417,-29943.23308270907,0.021411151416039
13.80801,13.816,29932.665832290633,-29932.665832283346,0.021404849336670143
13.816,13.82414,29941.277641281864,-29941.523341532084,0.021797250122850793
13.82414,13.83213,29984.730913641375,-29985.607008761817,0.02143308565707274
13.83213,13.84012,30011.138923655788,-30012.14017521316,0.021427953191486337
13.84012,13.8481,30076.691729314964,-30075.939849627415,0.021471750225565377
13.8481,13.85609,30065.832290367875,-30065.957446801163,0.02146399767208937
13.85609,13.86408,30091.239048817017,-30092.615769721608,0.021467089937426135
13.86408,13.87207,30118.77346682571,-30119.77471839037,0.02147167360449923
13.87207,13.88006,30147.55944931546,-30146.93366708709,0.021489180375472438
13.88006,13.88805,30173.466833545106,-30173.717146437182,0.02150764715894916
13.88805,13.89604,30198.122653314378,-30198.498122654313,0.021501063329163902
13.89604,13.90403,30225.15644554618,-30225.907384218768,0.021508221326652394
13.90403,13.91201,30290.601503761358,-30290.100250633892,0.02155782109022905
13.91201,13.92,30278.59824781251,-30279.09887359302,0.021546250513140384
13.92,13.92814,30286.60933660896,-30288.08353808167,0.021912361855034118
13.92814,13.93613,30334.042553194155,-30333.291614514284,0.021552337234045496
13.93613,13.94411,30397.117794488906,-30397.368421052637,0.021597152192981174
13.94411,13.9521,30385.60700876502,-30386.608260329678,0.02157985809762328
13.9521,13.96009,30411.889862327316,-30413.767209016063,0.021571153479351592
13.96009,13.96808,30438.297872330706,-30436.420525652888,0.021589884680848118
13.96808,13.97607,30463.579474353326,-30463.954943678687,0.021607816921153246
13.97607,13.98406,30489.4868585684,-30489.862327908337,0.021607899336672714
13.98406,13.99205,30516.64580725893,-30517.146433039437,0.02160883689611638
13.99205,14.00004,30544.555694621038,-30545.181476845763,0.021628599887359816
14.00004,14.00802,30607.894736833943,-30608.395989975998,0.021673450263158044
14.00802,14.01601,30595.869837307113,-30596.495619528196,0.02164045873592074
14.01601,14.024,30622.77847308685,-30624.03003755087,0.02164724210263112
14.024,14.03214,30631.081081084696,-30629.729729726365,0.022045189054050993
14.03214,14.04012,30712.65664160078,-30712.90726816816,0.02170770571428669
14.04012,14.04811,30699.874843554713,-30701.12640801509,0.021664901677095314
14.04811,14.0561,30725.6570713406,-30725.907384221748,0.02168309619524168
14.0561,14.06409,30753.06633291496,-30752.565707134454,0.021699363604506246
14.06409,14.07208,30778.598247808317,-30780.10012516077,0.021711223204008562
14.07208,14.08007,30806.883604514504,-30807.133917402938,0.02169728812265451
14.08007,14.08806,30830.78848559705,-30831.414267821776,0.021717207409255958
14.08806,14.09604,30896.115288221878,-30895.739348372634,0.021763223609024458
14.09604,14.10403,30881.35168961011,-30883.479349194575,0.0217342953191512
14.10403,14.11202,30909.136420528503,-30908.886107632785,0.021735304730912303
14.11202,14.12001,30934.918648303417,-30933.291614510388,0.021750341301625897
14.12001,14.12815,30941.76904177697,-30943.488943492754,0.022151212457004205
14.12815,14.13613,31025.56390977524,-31026.69172933027,0.021783048421054114
14.13613,14.14412,31013.89236545233,-31013.767209008114,0.021768651051313277
14.14412,14.15211,31040.67584480645,-31040.300375462873,0.021784346307880294
14.15211,14.1601,31065.707133918913,-31066.708385487214,0.02180191326658723
14.1601,14.16809,31090.237797254897,-31090.362953691827,0.021781820600750762
14.16809,14.17608,31115.519399238332,-31117.146433035,0.021796421339170258
14.17608,14.18407,31142.428035043198,-31142.302878606268,0.021815270838549335
14.18407,14.19205,31207.26817042833,-31206.892230564496,0.02185444989975251
14.19205,14.20004,31193.992490617704,-31194.99374218601,0.02180772015018769
14.20004,14.20803,31220.27534416942,-31220.02503128827,0.021832338548180508
14.20803,14.21602,31246.43304130537,-31246.43304130537,0.021847505982479913
14.21602,14.22401,31272.715894874953,-31273.591989984467,0.02184711932415665
14.22401,14.23214,31320.172201720463,-31317.958179586054,0.02225298234932645
14.23214,14.24013,31322.152690865318,-31324.530663323643,0.021856598147679665
14.24013,14.24812,31347.809762195284,-31348.81101377087,0.021880771214018612
14.24812,14.25611,31371.464330418108,-31374.718397993234,0.02185963634543514
14.25611,14.2641,31401.627033791185,-31401.376720910037,0.021871233229036793
14.2641,14.27209,31428.035043808926,-31428.535669578505,0.02188962640800614
14.27209,14.28007,31494.486215532157,-31488.972431079,0.021939059097746315
14.28007,14.28806,31477.847309134962,-31481.60200250881,0.02188025166458041
14.28806,14.29605,31502.127659586153,-31502.127659571583,0.02189712893617018
14.29605,14.30404,31529.036295362523,-31531.289111383918,0.021918986032536943
14.30404,14.31203,31553.94242803088,-31554.19274093024,0.02192367919900056
14.31203,14.32002,31581.852315400774,-31581.47684606084,0.021911489136424312
14.32002,14.32801,31604.13016270105,-31605.13141426571,0.021923785093863994
14.32801,14.33614,31653.25953259542,-31651.783517833184,0.022359862533826463
14.33614,14.34413,31655.319148935363,-31660.826032546454,0.021937136170212472
14.34413,14.35212,31686.608260324603,-31684.230287851708,0.0219398075594518
14.35212,14.36011,31708.1351689632,-31708.260325407413,0.021951541977468104
14.36011,14.36809,31776.315789468343,-31774.060150380166,0.022001921052632867
14.36809,14.37608,31757.07133917614,-31760.075093862833,0.021950487709638637
14.37608,14.38407,31788.360450561737,-31786.107634547625,0.021965757071340384
14.38407,14.39206,31807.008760943263,-31812.015018770202,0.0219754623529356
14.39206,14.40005,31837.546933677917,-31835.04380475716,0.021996561176473608
14.40005,14.40804,31859.44931164164,-31860.4505632063,0.02196709030037722
14.40804,14.41603,31888.485607009483,-31889.737171462577,0.02198711082603449
14.41603,14.42402,31913.141426782586,-31915.39424280034,0.02200411101376035
14.42402,14.432,31978.320802002534,-31975.313283208576,0.022036260864662087
14.432,14.44014,31944.71744471707,-31946.191646196934,0.02238046904177296
14.44014,14.44813,31988.48560701319,-31990.237797239504,0.022008078097619087
14.44813,14.45611,32053.884711777322,-32051.879699256526,0.022053072681705217
14.45611,14.4641,32039.04881100829,-32039.924906128737,0.02202043824780905
14.4641,14.47209,32064.080100128427,-32065.581977473594,0.022015197396747555
14.47209,14.48008,32089.361702129707,-32087.484355444605,0.022029346808512443
14.48008,14.48807,32116.020025032085,-32119.89987483922,0.0220508593491825
14.48807,14.49606,32142.678347926885,-32140.175219024342,0.022033806007511397
14.49606,14.50405,32164.9561952524,-32168.21026283117,0.022032994993744517
14.50405,14.51203,32229.448621553336,-32231.203007514046,0.022080395250627067
14.51203,14.52002,32219.023779722287,-32214.768460571573,0.02207325319148548
14.52002,14.52801,32240.050062576374,-32241.051314155604,0.022036074217772088
14.52801,14.53615,32246.805896816593,-32249.26289925801,0.022443776904180382
14.53615,14.54413,32332.080200499277,-32331.453634086298,0.022105443233081588
14.54413,14.55212,32317.396745925485,-32319.649561950522,0.022076013717144287
14.55212,14.56011,32341.176470588784,-32342.553191478808,0.02205668235294125
14.56011,14.5681,32370.963704640137,-32369.58698374283,0.022080234342930716
14.5681,14.57609,32391.489361692067,-32390.863579467343,0.022090995744675955
14.57609,14.58408,32414.6433041343,-32415.769712143174,0.022084096483108738
14.58408,14.59206,32479.197994985378,-32479.448621541815,0.022102094235588756
14.59206,14.60005,32464.455569464277,-32466.95869839596,0.022092062015019093
14.60005,14.60804,32491.489361691936,-32489.23654567054,0.02211045851063378
14.60804,14.61603,32514.267834797898,-32515.1439299147,0.022090193566959928
14.61603,14.62402,32539.549436799178,-32542.928660825808,0.022094354067585316
14.62402,14.63201,32566.08260325355,-32562.578222779062,0.02210911347935184
14.63201,14.64014,32608.979089789795,-32613.16113160838,0.022542587244770786
14.64014,14.64813,32613.892365457854,-32611.51439299224,0.02209265068836001
14.64813,14.65612,32635.91989987308,-32638.297872345975,0.022107572140178014
14.65612,14.66411,32661.451814759173,-32661.451814759173,0.022124867459318763
14.66411,14.67209,32727.192982464003,-32728.57142856817,0.02215630964912458
14.67209,14.68008,32711.264080103698,-32712.14017522414,0.022106272265333248
14.68008,14.68807,32737.922403009572,-32736.670838552836,0.02212428795995153
14.68807,14.69606,32762.327909883126,-32760.826032534314,0.022140781201502927
14.69606,14.70405,32784.981226530355,-32787.35919901054,0.022129862327905994
14.70405,14.71204,32808.88610763433,-32808.135168958106,0.022119751013767047
14.71204,14.72003,32833.917396750825,-32833.166458070955,0.02213662710888977
14.72003,14.72801,32898.99749373298,-32902.00501253788,0.02218050411027474
14.72801,14.736,32879.97496870693,-32880.72590737223,0.022128223153940422
14.736,14.74414,32887.22358722225,-32887.46928747605,0.02252117071253026
14.74414,14.75212,32972.43107770146,-32971.80451127754,0.022177257142858595
14.75212,14.76011,32959.07384229685,-32959.44931164043,0.022168273066334832
14.76011,14.7681,32980.9762202751,-32984.48060074594,0.022126936946180495
14.7681,14.77609,33006.25782228371,-33004.505632046465,0.022143898372965175
14.77609,14.78408,33025.03128911652,-33027.90988735536,0.022159795994997813
14.78408,14.79207,33053.31664578987,-33053.81727158494,0.022165554142673537
14.79207,14.80006,33076.72090113161,-33076.97121402368,0.02213824929912488
14.80006,14.80804,33143.48370927559,-33142.35588971692,0.022182933646616484
14.80804,14.81603,33123.77972465968,-33122.52816020659,0.02216974576971264
14.81603,14.82402,33149.5619524341,-33153.066332919516,0.022157167209008424
14.82402,14.83201,33176.97121401629,-33174.34292865496,0.022152263679602498
14.83201,14.84014,33222.38622386394,-33222.63222632492,0.02258457815498305
14.84014,14.84813,33224.65581978001,-33224.90613267209,0.022180780225282817
14.84813,14.85612,33242.428035037134,-33248.68585730988,0.022152754042547823
14.85612,14.86411,33270.21276595927,-33267.45932416101,0.022154634680852804
14.86411,14.8721,33293.867334174814,-33293.86733416753,0.022173715644558625
14.8721,14.88008,33360.65162906509,-33361.90476190563,0.022218193984960923
14.88008,14.88807,33344.43053818089,-33345.18147683891,0.022147370763450944
14.88807,14.89606,33364.70588234443,-33367.459324149975,0.0221641741176505
14.89606,14.90405,33395.61952440831,-33390.613266588654,0.022184710050062537
14.90405,14.91204,33416.14518147108,-33418.648310391836,0.022181637171465197
14.91204,14.92003,33437.42177722086,-33440.8010012402,0.022155635669585772
14.92003,14.92801,33506.39097744337,-33503.258145367545,0.022197984022553918
14.92801,14.936,33483.72966207285,-33487.35919900249,0.022182970901127787
14.936,14.94414,33492.38329238627,-33490.90909089925,0.022563818624076165
14.94414,14.95212,33576.441102765,-33579.94987470101,0.02219066992481488
14.95212,14.96011,33561.4518147618,-33557.57196496195,0.02217740735919712
14.96011,14.9681,33582.72841051901,-33583.354192729166,0.022194825206512104
14.9681,14.97609,33605.7571964989,-33606.007509390976,0.022162996871091446
14.97609,14.98408,33630.16270337226,-33633.91739674611,0.02216564023779058
14.98408,14.99207,33656.57071339718,-33653.066332915405,0.022179680100129388
14.99207,15.00005,33716.16541353713,-33719.67418546585,0.022222324624057207
15.00005,15.00804,33700.12515643255,-33701.50187734808,0.022154462277850038
15.00804,15.01603,33723.404255322515,-33723.02878597529,0.02216639361701674
15.01603,15.02402,33746.433041306256,-33746.4330413099,0.022184905081354168
15.02402,15.03201,33771.214017527025,-33774.468085102155,0.022180933366709937
15.03201,15.04014,33820.295202954316,-33818.81918819924,0.02257504704797331
15.04014,15.04813,33821.77722151843,-33821.27659574156,0.022173557146428942
15.04813,15.05612,33841.927409266995,-33841.80225281185,0.022183383416773183
15.05612,15.06411,33865.70713391218,-33866.332916144194,0.02217187846057375
15.06411,15.07209,33928.9473684212,-33933.08270676654,0.02218274578947525
15.07209,15.08008,33913.3917396793,-33910.63829787375,0.02216918418022089
15.08008,15.08807,33932.29036295294,-33932.29036296387,0.02218493143930227
15.08807,15.09606,33957.57196495787,-33958.322903623164,0.022157315707133456
15.09606,15.10405,33981.476846043355,-33984.48060074097,0.02215252475594198
15.10405,15.11204,34006.13266584204,-34006.38297872318,0.0221719984981237
15.11204,15.12002,34073.684210522675,-34073.9348370937,0.02221604210526361
15.12002,15.12801,34051.68961201765,-34052.6908635896,0.022137003416771467
15.12801,15.136,34076.59574468629,-34073.59198998138,0.022156602553194633
15.136,15.14413,34117.09717096303,-34120.29520294848,0.02258551832718159
15.14413,15.15212,34119.14893617522,-34122.40300376127,0.02216379914893484
15.15212,15.16011,34143.05381727554,-34141.92740927031,0.022134941789739772
15.16011,15.1681,34166.4580725732,-34165.70713391154,0.022153531414263867
15.1681,15.17609,34189.98748437761,-34188.23529410394,0.022165368886111002
15.17609,15.18408,34214.14267833724,-34217.27158950457,0.02215023596996258
15.18408,15.19206,34278.070175437846,-34278.69674184353,0.022160772368420966
15.19206,15.20005,34261.70212766039,-34261.451814782886,0.022150190425533154
15.20005,15.20804,34279.974968716,-34280.10012515293,0.02216200381726786
15.20804,15.21603,34300.50062578639,-34301.6270337807,0.022123822903631286
15.21603,15.22402,34325.657071332535,-34328.16020026057,0.022129751113895757
15.22402,15.232,34392.2305764358,-34390.47619047874,0.022169231829573734
15.232,15.24014,34352.70270270163,-34355.15970514662,0.022545678783779836
15.24014,15.24813,34392.86608261623,-34393.8673341736,0.022107734317900453
15.24813,15.25611,34462.15538847192,-34462.15538847192,0.022148827268170503
15.25611,15.2641,34439.924906133376,-34440.675844816884,0.022137983729661567
15.2641,15.27209,34461.32665831257,-34464.33041299927,0.02213106397997289
15.27209,15.28008,34482.352941178084,-34483.22903629853,0.022099739999999108
15.28008,15.28807,34505.75719650155,-34502.00250313134,0.02211128921151579
15.28807,15.29606,34523.15394241845,-34524.15519399404,0.02212243704630408
15.29606,15.30404,34588.34586465665,-34592.10526315639,0.02213654135338684
15.30404,15.31203,34570.71339175292,-34570.33792240206,0.022087228785983886
15.31203,15.32002,34594.24280350239,-34592.36545683186,0.022105721151438794
15.32002,15.32801,34615.76971214398,-34619.023779711824,0.022116015269082828
15.32801,15.33614,34659.65559655031,-34660.516605161916,0.02249758244772418
15.33614,15.34413,34662.2027534441,-34660.07509387056,0.022083289374221205
15.34413,15.35212,34684.48060074776,-34684.48060075504,0.02209401414267976
15.35212,15.36011,34698.49812265256,-34700.37546934131,0.02210294330412649
15.36011,15.3681,34720.400500624004,-34722.15269085396,0.02205092635794888
15.3681,15.37608,34787.46867167145,-34788.972431086666,0.022093521353383713
15.37608,15.38407,34768.9612015191,-34767.20901125636,0.02208524415519358
15.38407,15.39206,34791.23904880045,-34790.23779723944,0.02207504117647028
15.39206,15.40005,34810.38798498822,-34813.39173967492,0.022041937672091446
15.40005,15.40804,34837.672090107895,-34836.92115143895,0.022059213967460918
15.40804,15.41602,34897.99498746247,-34902.1303258224,0.022093920626564626
15.41602,15.42401,34878.09762203739,-34875.969962449286,0.02204993331664128
15.42401,15.432,34897.622027535974,-34898.62327910427,0.022027379023783055
15.432,15.44014,34895.945945951375,-34897.42014741694,0.02242762445946138
15.44014,15.44812,34984.33583958714,-34985.33834587124,0.02207861434837128
15.44812,15.45611,34962.57822277957,-34960.07509385882,0.022019431764703147
15.45611,15.4641,34985.356695875154,-34988.9862327975,0.022012786433042077
15.4641,15.47209,35012.891113890546,-35007.13391740559,0.022030111088862527
15.47209,15.48008,35028.91113892874,-35033.41677095696,0.02204019088861216
15.48008,15.48806,35094.11027567915,-35094.486215524754,0.022014535375935153
15.48806,15.49605,35070.963704629874,-35071.33917397345,0.02199650843554761
15.49605,15.50404,35093.11639548932,-35092.866082611814,0.02201040260325323
15.50404,15.51203,35109.136420538445,-35112.39048811357,0.022006406708388142
15.51203,15.52002,35131.03879849436,-35132.290362954736,0.02196392545681766
15.52002,15.52801,35152.440550689025,-35152.19023778967,0.021980821076344376
15.52801,15.53614,35200.00000000288,-35200.73800737863,0.02240480000000288
15.53614,15.54413,35198.74843554816,-35199.24906133959,0.021971058773466928
15.54413,15.55212,35220.15018772719,-35222.65331663701,0.021949197596994378
15.55212,15.5601,35286.21553884069,-35284.711779443714,0.021993898145363334
15.5601,15.56809,35260.075093873544,-35262.202753436155,0.0219740787985011
15.56809,15.57608,35281.22653317197,-35279.724655834085,0.02193433853566917
15.57608,15.58407,35297.7471839719,-35301.75219023782,0.021926960550684816
15.58407,15.59206,35324.78097622191,-35323.27909886946,0.02194375394242853
15.59206,15.60005,35339.549436803376,-35338.548185220505,0.021949394155196957
15.60005,15.60803,35405.1378446079,-35405.76441103912,0.021922861353385278
15.60803,15.61602,35385.85732164007,-35385.481852303776,0.021907384267830662
15.61602,15.62401,35407.75969963716,-35410.51314143178,0.021924484806006537
15.62401,15.63214,35451.783517829856,-35449.815498152835,0.022327533259534422
15.63214,15.64013,35446.433041308024,-35452.94117648377,0.021873993829790047
15.64013,15.64812,35471.08886106941,-35467.83479347971,0.02188920893616366
15.64812,15.65611,35485.982478102975,-35487.48435544814,0.021898399787237042
15.65611,15.6641,35507.634543181906,-35508.010012514555,0.021872702878601845
15.6641,15.67209,35526.40800999225,-35524.15519398907,0.021848740926151355
15.67209,15.68007,35589.0977443747,-35593.73433584386,0.02188729511278339
15.68007,15.68806,35568.08510637592,-35566.833541922824,0.021874372340427894
15.68806,15.69605,35585.85732166229,-35589.2365456962,0.02183192346683262
15.69605,15.70404,35609.88735919527,-35607.6345431666,0.02182529996245037
15.70404,15.71203,35627.53441801256,-35629.787234041236,0.02183967859824858
15.71203,15.72002,35648.435544437125,-35648.81101376249,0.021848926145183755
15.72002,15.72801,35666.20775970892,-35664.83103881525,0.021784919699627005
15.72801,15.73614,35708.85608855808,-35712.17712176507,0.02221090848708148
15.73614,15.74413,35707.133917397536,-35704.50563203985,0.021809917396748438
15.74413,15.75212,35725.65707133099,-35726.03254068185,0.021803368510637626
15.75212,15.7601,35786.09022556496,-35792.60651628763,0.021782993120301682
15.7601,15.76809,35766.58322903351,-35763.8297872316,0.021771119211511807
15.76809,15.77608,35784.35544430597,-35784.35544430233,0.02178551559449295
15.77608,15.78407,35806.13266584005,-35807.634543177934,0.02175580620776234
15.78407,15.79206,35823.153942424695,-35823.40425532405,0.021730325181474577
15.79206,15.80005,35841.80225281625,-35844.05506882672,0.021741637246555794
15.80005,15.80803,35907.518796991375,-35904.7619047648,0.021781500902255956
15.80803,15.81602,35878.222778470044,-35882.478097628045,0.021706324780980463
15.81602,15.82401,35899.874843559905,-35897.8723404233,0.021697884355444185
15.82401,15.83214,35941.574415736824,-35942.06642066592,0.022118444895446943
15.83214,15.84013,35939.42428036214,-35940.05006257958,0.02172178803504318
15.84013,15.84812,35955.06883603855,-35957.82227784409,0.021655737959953843
15.84812,15.85611,35979.72465583331,-35977.22152690163,0.021670588160199133
15.85611,15.8641,35993.241551931824,-35995.99499375194,0.021678729386732005
15.8641,15.87208,36061.02756891828,-36059.52380951766,0.02169792028821832
15.87208,15.88007,36030.78848561274,-36034.29286608359,0.021622076170213778
15.88007,15.88806,36051.18898623494,-36048.18523154096,0.021637923629540243
15.88806,15.89605,36067.08385480633,-36070.713391739606,0.021643857021272722
15.89605,15.90404,36088.73591990786,-36092.36545681927,0.021617152816022122
15.90404,15.91202,36150.7518796898,-36150.250626569636,0.02161453454886969
15.91202,15.92001,36126.65832290249,-36127.40926158236,0.02160012901126668
15.92001,15.92814,36170.47970480096,-36169.00369002082,0.022020588044275678
15.92814,15.93613,36169.83729662343,-36169.71214019014,0.0215680739799763
15.93613,15.94412,36194.6182728442,-36195.118898617424,0.021561134105135906
15.94412,15.95211,36217.77221527194,-36217.772215268305,0.021578548685856274
15.95211,15.9601,36229.53692115502,-36233.29161451793,0.02157831219023526
15.9601,15.96808,36293.107769417584,-36292.48120301555,0.021543588771929023
15.96808,15.97607,36265.20650813267,-36266.08260324947,0.021523400062580505
15.97607,15.98406,36286.98372965946,-36287.73466833933,0.021536324843556783
15.98406,15.99205,36306.63329161922,-36304.38047559418,0.021529833541922297
15.99205,16.00003,36367.16791980349,-36371.42857143434,0.021503906390985067
16.00003,16.00802,36346.307884862814,-36346.5581977476,0.02149157185231548
16.00802,16.01601,36371.21401751163,-36371.339173952205,0.021506298848550966
16.01601,16.02414,36417.09717097417,-36415.8671586729,0.021883033690043366
16.02414,16.03213,36408.760951186145,-36413.76720901673,0.02144840107634735
16.03213,16.04012,36428.0350437942,-36425.53191488073,0.02145611264079518
16.04012,16.04811,36442.30287860042,-36445.05632040961,0.021468160625779702
16.04811,16.05609,36507.51879699144,-36506.015037594465,0.021444516541354243
16.05609,16.06408,36481.3516896185,-36484.85607008207,0.021407257171465546
16.06408,16.07207,36502.753441801724,-36500.37546933975,0.02142346599499715
16.07207,16.08006,36520.275344196016,-36523.654568211714,0.021430097571966622
16.08006,16.08804,36588.095238091926,-36589.724310774414,0.02138574166666645
16.08804,16.09603,36567.08385481744,-36563.704630801745,0.021377117221529962
16.09603,16.10402,36585.10638297403,-36587.609511894785,0.02138765319148804
16.10402,16.11201,36605.13141426187,-36603.50438045428,0.02137739674592568
16.11201,16.12014,36641.820418205505,-36645.75645757386,0.021724935325959475
16.12014,16.12813,36633.541927417624,-36632.540675842036,0.021331711464328978
16.12813,16.13611,36699.49874686695,-36699.749373437975,0.021370118120302116
16.13611,16.1441,36674.092615753645,-36678.22277846378,0.02131131521901577
16.1441,16.15209,36697.87234043699,-36693.241551939056,0.021284765957449308
16.15209,16.16007,36758.77192981317,-36760.776942359495,0.02132376359649022
16.16007,16.16806,36735.79474343162,-36737.79724655366,0.021306760951191432
16.16806,16.17605,36755.819774721174,-36760.20025032339,0.021255890575722164
16.17605,16.18404,36779.09887359314,-36774.96871089028,0.021250963329160995
16.18404,16.19202,36837.719298249394,-36839.72431077384,0.021281150438597587
16.19202,16.20001,36806.00750938745,-36805.38172716272,0.021262830538174876
16.20001,16.20814,36846.986469857766,-36850.430504311335,0.021588649372687264
16.20814,16.21613,36843.67959951186,-36840.67584479967,0.02119985324155322
16.21613,16.22412,36864.455569455786,-36868.21026282963,0.021215494180228965
16.22412,16.23211,36888.23529411918,-36885.48185232092,0.021203357647059537
16.23211,16.24009,36949.49874687002,-36954.13533834647,0.021175757731829354
16.24009,16.24808,36926.533166440975,-36927.65957444985,0.021162596157688937
16.24808,16.25607,36942.92866082824,-36943.05381727974,0.021171992415520636
16.25607,16.26405,37009.02255639456,-37010.90225563349,0.021169160902256647
16.26405,16.27204,36977.34668335932,-36977.47183979625,0.02110297175219274
16.27204,16.28003,36995.61952440798,-36991.11389237976,0.021117099624531628
16.28003,16.28802,37007.50938672875,-37013.266583224635,0.021123886357947888
16.28802,16.296,37075.93984962577,-37074.68671678888,0.02109620977443777
16.296,16.30413,37073.67773677675,-37075.89175891474,0.02145824467404338
16.30413,16.31212,37071.83979975175,-37071.58948685968,0.021071633742179845
16.31212,16.32011,37092.866082605964,-37094.11764705541,0.021083585081349766
16.32011,16.32809,37154.511278198166,-37155.388471189464,0.021033168834587397
16.32809,16.33608,37125.78222778095,-37126.032540665736,0.021016905319150722
16.33608,16.34407,37144.68085106526,-37144.30538172533,0.021027603829789018
16.34407,16.35205,37206.390977445,-37207.518797007324,0.021040214097744692
16.35205,16.36004,37170.0876095088,-37173.591989976005,0.020952778385471747
16.36004,16.36803,37190.738423021394,-37188.48560701457,0.020964419249064503
16.36803,16.37602,37212.89111388448,-37210.01251563471,0.020980628010014452
16.37602,16.384,37277.81954888904,-37281.20300752495,0.020968773496241665
16.384,16.39214,37230.22113021021,-37230.71253071423,0.02128079439803194
16.39214,16.40012,37318.54636591122,-37319.1729323242,0.020946900075187427
16.40012,16.40811,37287.234042565,-37288.11013767088,0.02093305319148844
16.40811,16.4161,37299.24906132271,-37303.754693372786,0.020868929849815566
16.4161,16.42408,37365.162907268634,-37361.65413535086,0.02088712606516227
16.42408,16.43207,37321.40175219308,-37324.655819764565,0.020862663579474538
16.43207,16.44006,37336.795994999266,-37334.7934918663,0.020871268961206287
16.44006,16.44804,37394.73684210263,-37398.370927316864,0.020813910526312537
16.44804,16.45603,37366.70838548755,-37369.83729662211,0.020794573216524545
16.45603,16.46402,37388.9862327673,-37385.85732164368,0.02081070973716422
16.46402,16.472,37454.88721805474,-37456.14035088069,0.020824917293233623
16.472,16.48013,37453.259532601536,-37453.99753997729,0.02113112902829646
16.48013,16.48812,37442.67834793561,-37444.80600752008,0.020750732340424793
16.48812,16.49611,37461.82728409535,-37460.70087608283,0.020761344680841624
16.49611,16.50409,37520.551378460004,-37523.55889723572,0.020745112857146062
16.50409,16.51208,37484.730913629464,-37484.981226543394,0.020680326045055007
16.51208,16.52007,37493.8673341629,-37494.36795994705,0.02068911599499478
16.52007,16.52805,37553.884711790095,-37554.63659148129,0.020722233583963984
16.52805,16.53604,37521.27659575593,-37522.15269085816,0.02063295000000088
16.53604,16.54403,37540.80100124311,-37538.2978723515,0.020621161989987678
16.54403,16.55201,37610.902255640845,-37611.152882200935,0.020663429699249645
16.55201,16.56014,37601.35301352686,-37607.25707256149,0.021026676605162265
16.56014,16.56813,37598.998748441234,-37597.99749687293,0.020562892415521467
16.56813,16.57612,37610.513141432995,-37610.262828551844,0.02056918963704395
16.57612,16.5841,37668.54636590458,-37670.92731829285,0.02060092800751971
16.5841,16.59209,37635.41927410162,-37634.16770963396,0.02055646600751283
16.59209,16.60008,37637.29662077216,-37640.92615769451,0.020493508010012103
16.60008,16.60806,37692.481203003554,-37690.10025062987,0.020519786766917292
16.60806,16.61605,37655.31914892293,-37658.32290361327,0.020503321276590197
16.61605,16.62404,37666.95869838294,-37666.95869837565,0.020460691964955913
16.62404,16.63202,37725.18796992432,-37726.190476193835,0.020447051879701354
16.63202,16.64001,37687.108886109425,-37686.85857322099,0.02042641301626921
16.64001,16.64814,37723.86223861362,-37725.09225091847,0.020816027183267954
16.64814,16.65613,37713.01627033907,-37712.14017522591,0.020368800087612538
16.65613,16.66411,37770.05012532102,-37772.55639097657,0.020376942042607874
16.66411,16.6721,37738.04755943735,-37737.54693366777,0.02036345046307873
16.6721,16.68009,37742.92866083828,-37746.933667082354,0.020358535719649754
16.68009,16.68807,37799.624060147726,-37800.62656641724,0.020302178082709756
16.68807,16.69606,37757.32165207617,-37757.32165206888,0.02027568172716069
16.69606,16.70405,37764.831038798366,-37764.330413021504,0.020283490750938594
16.70405,16.71203,37813.03258144961,-37812.28070175112,0.020279129373431067
16.71203,16.72002,37768.585732151776,-37771.33917395004,0.020191085932409775
16.72002,16.728,37813.40852129521,-37813.65914786988,0.020215048195490973
16.728,16.73614,37742.014742034225,-37739.06633908522,0.020558075429976487
16.73614,16.74412,37803.63408522214,-37808.52130325138,0.02014933696742283
16.74412,16.75211,37752.3153942383,-37755.31914894685,0.020084231789737714
16.75211,16.7601,37752.56570712088,-37747.058823506144,0.020084364956186644
16.7601,16.76808,37789.223057643445,-37792.35588972656,0.02010386666666626
16.76808,16.77607,37732.41551939297,-37736.545682103104,0.0199981802252881
16.77607,16.78405,37773.558897257026,-37772.556390980215,0.020019986215536054
16.78405,16.79204,37718.0225281478,-37716.77096370563,0.01995283391739826
16.79204,16.80003,37705.757196508945,-37706.00750939374,0.019984051314140452
16.80003,16.80801,37735.9649122742,-37738.721804500776,0.019886853508779067
16.80801,16.81614,37694.09594095801,-37695.817958181215,0.020204035424345682
16.81614,16.82413,37638.79849812461,-37638.79849812461,0.019835646808509806
16.82413,16.83212,37598.623279101295,-37599.37421777752,0.019814474468092844
16.83212,16.8401,37595.488721807225,-37599.12280701416,0.019700036090224603
16.8401,16.84809,37479.97496871645,-37477.47183980298,0.01967698685856998
16.84809,16.85607,37424.060150372905,-37423.684210530955,0.01961020751879627
16.85607,16.86406,37224.15519399873,-37228.535669582736,0.01950545732166021
16.86406,16.87205,36987.484355422755,-36987.35919899311,0.019307466833531628
16.87205,16.88004,36606.25782228338,-36603.87984980684,0.01910846658322714
16.88004,16.88804,36099.25000001055,-36099.75000000156,0.018843808500006595
16.88804,16.89603,35830.538172713605,-35831.91489363277,0.01866771038798608
16.89603,16.90403,35176.37500000297,-35176.8749999867,0.018291715000004396
16.90403,16.91203,34569.999999984524,-34572.6250000037,0.017976399999988974
16.91203,16.91667,33799.78448277131,-33794.827586209954,0.01020753491379753
