 I02D_LAP_ELASTIC_H025_R2_0001.out
************************************************************************
**                                                                    **
**                                                                    **
**                         OpenRadioss Engine                         **
**                                                                    **
**            Non-linear Finite Element Analysis Software             **
**                                                                    **
**                                                                    **
**                                                                    **
**                  Windows 64 bits, Intel compiler                   **
**                      Double Precision Version                      **
**                                                                    **
**                                                                    **
**                                                                    **
************************************************************************
** OpenRadioss Software                                               **
** COPYRIGHT (C) 2026 Siemens                                         **
** Licensed under GNU Affero General Public License.                  **
** See License file.                                                  **
************************************************************************
 
 NUMBER OF SPMD DOMAINS           1
 NUMBER OF THREADS PER DOMAIN     1
 NUMBER OF HMPP PROCESSES         1
  
 COMPUTATION HARDWARE DESCRIPTION
  
 HOSTNAME     CPU TYPE, FREQUENCY AND MEMORY
 jeux   AMD Ryzen 5 5600 6-Core Processor               (x86_64), 3700 MHz,   6460 MB RAM,  18090 MB swap
  
 STACKSIZE  . . . . . . . . . . . . . . . . . . . . 1430 MB
 THREAD STACKSIZE . . . . . . . . . . . . . . . . . 400 MB
 
************************************************************************


 I02D_LAP_ELASTIC_H025_R2D01                                                     


 FINAL TIME . . . . . . . . . . . . . . . . . . .   5.000000    

 TIME INTERVAL FOR TIME HISTORY PLOTS . . . . . .  0.2000000E-02

 TIME STEP SCALE FACTOR . . . . . . . . . . . . .  0.2000000    

 MINIMUM TIME STEP  . . . . . . . . . . . . . . .   0.000000    


 BRICK TIME STEP SCALE FACTOR . . . . . . . . . .  0.2000000    
 BRICK MINIMUM TIME STEP. . . . . . . . . . . . .   0.000000    
 MIN. TIME STEP FLAG (1:STOP RUN, 2:DELETE BRICK)     1

 QUAD TIME STEP SCALE FACTOR. . . . . . . . . . .  0.2000000    
 QUAD MINIMUM TIME STEP . . . . . . . . . . . . .   0.000000    
 MIN. TIME STEP FLAG (1:STOP RUN, 2:DELETE QUAD).     1

 SHELL TIME STEP SCALE FACTOR . . . . . . . . . .  0.2000000    
 SHELL MINIMUM TIME STEP. . . . . . . . . . . . .   0.000000    
 MIN. TIME FLAG (1:STOP, 2:DELETE, 3:SMALL STRAIN)    2

 TRUSS TIME STEP SCALE FACTOR . . . . . . . . . .  0.2000000    
 TRUSS MINIMUM TIME STEP. . . . . . . . . . . . .   0.000000    
 MIN. TIME FLAG (1:STOP, 2:DELETE). . . . . . . .     0

 BEAM TIME STEP SCALE FACTOR. . . . . . . . . . .  0.2000000    
 BEAM MINIMUM TIME STEP . . . . . . . . . . . . .   0.000000    
 MIN. TIME FLAG (1:STOP, 2:DELETE). . . . . . . .     0

 SPRING TIME STEP SCALE FACTOR. . . . . . . . . .  0.2000000    
 SPRING MINIMUM TIME STEP . . . . . . . . . . . .   0.000000    
 MIN. TIME FLAG (1:STOP, 2:DELETE). . . . . . . .     0

 AIRBAG TIME STEP SCALE FACTOR. . . . . . . . . .  0.2000000    
 AIRBAG MINIMUM TIME STEP . . . . . . . . . . . .   0.000000    
 MIN. TIME FLAG (1:STOP). . . . . . . . . . . . .     0

 CONTACT TIME STEP SCALE FACTOR . . . . . . . . .  0.2000000    
 CONTACT MINIMUM TIME STEP. . . . . . . . . . . .   0.000000    
 MIN. TIME FLAG(1:STOP, 2:REMOVE NODE FROM INTERF)    0

 PRINTOUT CYCLE FREQUENCY . . . . . . . . . . . .  -100

 RESTART CYCLE FREQUENCY. . . . . . . . . . . . .   10000000

 MAXIMUM RESTART WRITE BEFORE OVERWRITE . . . . .     0

 INVERS: INPUT DECK VERSION . . . . . . . . . . .  2026
 ITTYP : FLAG FOR TYPE OF T-FILE. . . . . . . . .     4

 INITIAL TIME STEP. . . . . . . . . . . . . . . .  0.5000000E-04
 MAXIMUM TIME STEP. . . . . . . . . . . . . . . .  0.5000000E-04

 PARALLEL ARITHMETIC ON
 NUMBER OF INTERFACES TO BE ELIMINATED. . . . . .        0

 NUMBER OF PARTS TO BE ELIMINATED . . . . . . . .        0

 NUMBER OF SOLID  ELEMENT BLOCKS TO BE ELIMINATED        0

 NUMBER OF QUAD   ELEMENT BLOCKS TO BE ELIMINATED        0

 NUMBER OF SHELL  ELEMENT BLOCKS TO BE ELIMINATED        0

 NUMBER OF TRUSS  ELEMENT BLOCKS TO BE ELIMINATED        0

 NUMBER OF BEAM   ELEMENT BLOCKS TO BE ELIMINATED        0

 NUMBER OF SPRING ELEMENT BLOCKS TO BE ELIMINATED        0

 NUMBER OF SH_3N  ELEMENT BLOCKS TO BE ELIMINATED        0

 NUMBER OF  SPH PARTICLES BLOCKS TO BE ELIMINATED        0

 NUMBER OF RIGID LINKS. . . . . . . . . . . . . .        0

 NUMBER OF NEW BOUNDARY CONDITIONS. . . . . . . .        0


 TIME FOR FIRST ANIMATION-FILE PLOT . . . . . . .   0.000000    
 TIME INTERVAL FOR ANIMATION-FILE PLOTS . . . . .  0.1666667    
 TIME TO STOP ANIMATION-FILE PLOTS. . . . . . . .  0.1000000E+21
 SENSOR FOR ANIMATION-FILE PLOTS. . . . . . . . .          0
 TIME INTERVAL FOR SENSOR ANIMATION-FILE PLOTS. .   0.000000    

 VARIABLE SAVED ON ANIMATION FILES (1: YES) :
      PLASTIC STRAIN. . . . . .     0
      DENSITY     (SOLID ONLY).     0
      SPECIFIC ENERGY . . . . .     0
      HOURGLASS ENERGY. . . . .     0
      TEMPERATURE (SOLID ONLY).     0
      THICKNESS   (SHELL ONLY).     0
      PRESSURE    (SOLID ONLY).     0
      VON MISES . . . . . . . .     0
      TURBULENT ENERGY (FLUID).     0
      TURBULENT VISCOSITY(FLUID)    0
      VORTICITY (FLUID) . . . .     0
 NODAL VALUES SAVED ON ANIMATION FILES (1: YES) :
      PRESSURE. . . . . . . . .     0
      DENSITY . . . . . . . . .     0
      TEMPERATURE . . . . . . .     0
 VECTOR SAVED ON ANIMATION FILES (1: YES) :
      VELOCITY VECTOR . . . . .     1
      DISPLACEMENT VECTOR . . .     1
      ACCELERATION VECTOR . . .     0
      CONTACT FORCES. . . . . .     0
      INTERNAL FORCES . . . . .     0
      EXTERNAL FORCES . . . . .     0
      SECTION RBY RWALL FORCES.     0
      ROTATIONAL VELOCITY VECTOR    0
      CONTACT PRESSURE (VECTORS)    0
 SHELL TENSOR SAVED ON ANIMATION FILES (1: YES) :
      MEMBRANE STRESS . . . . .     0
      BENDING STRESS(MOMENT/T^2)    0
      UPPER LAYER STRESS. . . .     0
      LOWER LAYER STRESS. . . .     0
      MEMBRANE STRAIN . . . . .     0
      CURVATURE . . . . . . . .     0
      UPPER LAYER STRAIN. . . .     0
      LOWER LAYER STRAIN. . . .     0
 NODAL MASS SAVED ON ANIMATION FILES (1: YES) :    0
 KEEP DELETED ELEMENT (1: YES) :    0


 13/09/2026
   CYCLE    TIME      TIME-STEP  ELEMENT          ERROR  I-ENERGY    K-ENERGY T  K-ENERGY R  EXT-WORK     MAS.ERR     TOTAL MASS  MASS ADDED
       0   0.000      0.5000E-04 NODE         183   0.0%   0.000       0.000       0.000       0.000       0.000       15.43       0.000    
     ANIMATION FILE: I02D_LAP_ELASTIC_H025_R2A001 WRITTEN
     100  0.5000E-02  0.5000E-04 NODE         207  -0.0%  0.1580E-10  0.1937E-10  0.2508E-12  0.3542E-10   0.000       15.43       0.000    
     200  0.1000E-01  0.5000E-04 NODE         193  -0.1%  0.1103E-09  0.1334E-09  0.7352E-12  0.2448E-09   0.000       15.43       0.000    
     300  0.1500E-01  0.5000E-04 NODE         196  -0.2%  0.3492E-09  0.4538E-09  0.1343E-11  0.8060E-09   0.000       15.43       0.000    
     400  0.2000E-01  0.5000E-04 NODE         202  -0.6%  0.7313E-09  0.1082E-08  0.2201E-11  0.1826E-08   0.000       15.43       0.000    
     500  0.2500E-01  0.5000E-04 NODE         193  -1.2%  0.1414E-08  0.1931E-08  0.4091E-11  0.3390E-08   0.000       15.43       0.000    
     600  0.3000E-01  0.5000E-04 NODE         193  -2.2%  0.2635E-08  0.2730E-08  0.6534E-11  0.5496E-08   0.000       15.43       0.000    
     700  0.3500E-01  0.5000E-04 NODE         202  -3.4%  0.4681E-08  0.3283E-08  0.8928E-11  0.8252E-08   0.000       15.43       0.000    
     800  0.4000E-01  0.5000E-04 NODE         202  -4.2%  0.7801E-08  0.3765E-08  0.1043E-10  0.1209E-07   0.000       15.43       0.000    
     900  0.4500E-01  0.5000E-04 NODE         195  -4.4%  0.1244E-07  0.4774E-08  0.1140E-10  0.1801E-07   0.000       15.43       0.000    
    1000  0.5000E-01  0.5000E-04 NODE         202  -4.3%  0.1890E-07  0.6275E-08  0.1264E-10  0.2631E-07   0.000       15.43       0.000    
    1100  0.5500E-01  0.5000E-04 NODE         195  -4.1%  0.2760E-07  0.8078E-08  0.1345E-10  0.3722E-07   0.000       15.43       0.000    
    1200  0.6000E-01  0.5000E-04 NODE         202  -4.0%  0.3890E-07  0.1000E-07  0.1491E-10  0.5096E-07   0.000       15.43       0.000    
    1300  0.6500E-01  0.5000E-04 NODE         202  -4.0%  0.5348E-07  0.1164E-07  0.1738E-10  0.6782E-07   0.000       15.43       0.000    
    1400  0.7000E-01  0.5000E-04 NODE         195  -4.0%  0.7178E-07  0.1281E-07  0.2031E-10  0.8814E-07   0.000       15.43       0.000    
    1500  0.7500E-01  0.5000E-04 NODE         202  -4.1%  0.9450E-07  0.1381E-07  0.2278E-10  0.1129E-06   0.000       15.43       0.000    
    1600  0.8000E-01  0.5000E-04 NODE         195  -4.1%  0.1221E-06  0.1567E-07  0.2585E-10  0.1437E-06   0.000       15.43       0.000    
    1700  0.8500E-01  0.5000E-04 NODE         202  -4.1%  0.1554E-06  0.1866E-07  0.3059E-10  0.1815E-06   0.000       15.43       0.000    
    1800  0.9000E-01  0.5000E-04 NODE         202  -4.3%  0.1944E-06  0.2197E-07  0.3510E-10  0.2261E-06   0.000       15.43       0.000    
    1900  0.9500E-01  0.5000E-04 NODE         202  -4.5%  0.2403E-06  0.2539E-07  0.4102E-10  0.2781E-06   0.000       15.43       0.000    
    2000  0.1000      0.5000E-04 NODE         195  -4.7%  0.2934E-06  0.2824E-07  0.4639E-10  0.3375E-06   0.000       15.43       0.000    
    2100  0.1050      0.5000E-04 NODE         202  -4.9%  0.3550E-06  0.3041E-07  0.5079E-10  0.4053E-06   0.000       15.43       0.000    
    2200  0.1100      0.5000E-04 NODE         195  -5.0%  0.4257E-06  0.3219E-07  0.5402E-10  0.4822E-06   0.000       15.43       0.000    
    2300  0.1150      0.5000E-04 NODE         202  -5.2%  0.5065E-06  0.3503E-07  0.5597E-10  0.5711E-06   0.000       15.43       0.000    
    2400  0.1200      0.5000E-04 NODE         195  -5.3%  0.5981E-06  0.3964E-07  0.5774E-10  0.6732E-06   0.000       15.43       0.000    
    2500  0.1250      0.5000E-04 NODE         202  -5.3%  0.7019E-06  0.4498E-07  0.5902E-10  0.7887E-06   0.000       15.43       0.000    
    2600  0.1300      0.5000E-04 NODE         202  -5.3%  0.8184E-06  0.5040E-07  0.6290E-10  0.9176E-06   0.000       15.43       0.000    
    2700  0.1350      0.5000E-04 NODE         195  -5.3%  0.9488E-06  0.5566E-07  0.6887E-10  0.1061E-05   0.000       15.43       0.000    
    2800  0.1400      0.5000E-04 NODE         202  -5.4%  0.1093E-05  0.6032E-07  0.7869E-10  0.1220E-05   0.000       15.43       0.000    
    2900  0.1450      0.5000E-04 NODE         195  -5.5%  0.1253E-05  0.6503E-07  0.8848E-10  0.1395E-05   0.000       15.43       0.000    
    3000  0.1500      0.5000E-04 NODE         202  -5.6%  0.1428E-05  0.7104E-07  0.9650E-10  0.1589E-05   0.000       15.43       0.000    
    3100  0.1550      0.5000E-04 NODE         195  -5.7%  0.1622E-05  0.7938E-07  0.1009E-09  0.1805E-05   0.000       15.43       0.000    
    3200  0.1600      0.5000E-04 NODE         202  -5.8%  0.1834E-05  0.8859E-07  0.1041E-09  0.2041E-05   0.000       15.43       0.000    
    3300  0.1650      0.5000E-04 NODE         195  -5.9%  0.2066E-05  0.9729E-07  0.1036E-09  0.2299E-05   0.000       15.43       0.000    
     ANIMATION FILE: I02D_LAP_ELASTIC_H025_R2A002 WRITTEN
    3400  0.1700      0.5000E-04 NODE         195  -5.9%  0.2320E-05  0.1056E-06  0.1073E-09  0.2578E-05   0.000       15.43       0.000    
    3500  0.1750      0.5000E-04 NODE         202  -5.9%  0.2597E-05  0.1134E-06  0.1111E-09  0.2882E-05   0.000       15.43       0.000    
    3600  0.1800      0.5000E-04 NODE         195  -6.0%  0.2897E-05  0.1215E-06  0.1215E-09  0.3210E-05   0.000       15.43       0.000    
    3700  0.1850      0.5000E-04 NODE         202  -6.0%  0.3222E-05  0.1317E-06  0.1316E-09  0.3568E-05   0.000       15.43       0.000    
    3800  0.1900      0.5000E-04 NODE         195  -6.0%  0.3572E-05  0.1449E-06  0.1509E-09  0.3956E-05   0.000       15.43       0.000    
    3900  0.1950      0.5000E-04 NODE         195  -6.1%  0.3948E-05  0.1602E-06  0.1642E-09  0.4376E-05   0.000       15.43       0.000    
    4000  0.2000      0.5000E-04 NODE         202  -6.2%  0.4351E-05  0.1748E-06  0.1856E-09  0.4825E-05   0.000       15.43       0.000    
    4100  0.2050      0.5000E-04 NODE         202  -6.3%  0.4783E-05  0.1889E-06  0.2001E-09  0.5307E-05   0.000       15.43       0.000    
    4200  0.2100      0.5000E-04 NODE         195  -6.4%  0.5245E-05  0.2026E-06  0.2196E-09  0.5821E-05   0.000       15.43       0.000    
    4300  0.2150      0.5000E-04 NODE         202  -6.5%  0.5740E-05  0.2164E-06  0.2297E-09  0.6371E-05   0.000       15.43       0.000    
    4400  0.2200      0.5000E-04 NODE         195  -6.6%  0.6268E-05  0.2321E-06  0.2463E-09  0.6958E-05   0.000       15.43       0.000    
    4500  0.2250      0.5000E-04 NODE         202  -6.6%  0.6832E-05  0.2514E-06  0.2565E-09  0.7588E-05   0.000       15.43       0.000    
    4600  0.2300      0.5000E-04 NODE         195  -6.7%  0.7431E-05  0.2732E-06  0.2764E-09  0.8260E-05   0.000       15.43       0.000    
    4700  0.2350      0.5000E-04 NODE         195  -6.8%  0.8069E-05  0.2949E-06  0.2884E-09  0.8973E-05   0.000       15.43       0.000    
    4800  0.2400      0.5000E-04 NODE         202  -6.9%  0.8746E-05  0.3154E-06  0.3078E-09  0.9728E-05   0.000       15.43       0.000    
    4900  0.2450      0.5000E-04 NODE         202  -6.9%  0.9465E-05  0.3363E-06  0.3238E-09  0.1053E-04   0.000       15.43       0.000    
    5000  0.2500      0.5000E-04 NODE         202  -7.0%  0.1023E-04  0.3572E-06  0.3525E-09  0.1137E-04   0.000       15.43       0.000    
    5100  0.2550      0.5000E-04 NODE         202  -7.0%  0.1103E-04  0.3804E-06  0.3784E-09  0.1227E-04   0.000       15.43       0.000    
    5200  0.2600      0.5000E-04 NODE         202  -7.1%  0.1188E-04  0.4073E-06  0.4125E-09  0.1322E-04   0.000       15.43       0.000    
    5300  0.2650      0.5000E-04 NODE         195  -7.2%  0.1277E-04  0.4370E-06  0.4386E-09  0.1423E-04   0.000       15.43       0.000    
    5400  0.2700      0.5000E-04 NODE         202  -7.2%  0.1371E-04  0.4661E-06  0.4651E-09  0.1529E-04   0.000       15.43       0.000    
    5500  0.2750      0.5000E-04 NODE         195  -7.3%  0.1470E-04  0.4926E-06  0.4870E-09  0.1640E-04   0.000       15.43       0.000    
    5600  0.2800      0.5000E-04 NODE         202  -7.4%  0.1575E-04  0.5184E-06  0.5135E-09  0.1756E-04   0.000       15.43       0.000    
    5700  0.2850      0.5000E-04 NODE         202  -7.4%  0.1685E-04  0.5440E-06  0.5357E-09  0.1879E-04   0.000       15.43       0.000    
    5800  0.2900      0.5000E-04 NODE         195  -7.5%  0.1800E-04  0.5713E-06  0.5653E-09  0.2008E-04   0.000       15.43       0.000    
    5900  0.2950      0.5000E-04 NODE         202  -7.5%  0.1922E-04  0.6030E-06  0.5968E-09  0.2143E-04   0.000       15.43       0.000    
    6000  0.3000      0.5000E-04 NODE         196  -7.6%  0.2049E-04  0.6379E-06  0.6403E-09  0.2286E-04   0.000       15.43       0.000    
    6100  0.3050      0.5000E-04 NODE         201  -7.6%  0.2182E-04  0.6727E-06  0.6833E-09  0.2435E-04   0.000       15.43       0.000    
    6200  0.3100      0.5000E-04 NODE         196  -7.7%  0.2321E-04  0.7045E-06  0.7332E-09  0.2591E-04   0.000       15.43       0.000    
    6300  0.3150      0.5000E-04 NODE         201  -7.8%  0.2466E-04  0.7348E-06  0.7731E-09  0.2753E-04   0.000       15.43       0.000    
    6400  0.3200      0.5000E-04 NODE         196  -7.8%  0.2617E-04  0.7649E-06  0.8143E-09  0.2923E-04   0.000       15.43       0.000    
    6500  0.3250      0.5000E-04 NODE         201  -7.9%  0.2776E-04  0.7955E-06  0.8386E-09  0.3101E-04   0.000       15.43       0.000    
    6600  0.3300      0.5000E-04 NODE         201  -8.0%  0.2941E-04  0.8290E-06  0.8626E-09  0.3286E-04   0.000       15.43       0.000    
     ANIMATION FILE: I02D_LAP_ELASTIC_H025_R2A003 WRITTEN
    6700  0.3350      0.5000E-04 NODE         196  -8.0%  0.3115E-04  0.8654E-06  0.8808E-09  0.3480E-04   0.000       15.43       0.000    
    6800  0.3400      0.5000E-04 NODE         201  -8.1%  0.3295E-04  0.9009E-06  0.9093E-09  0.3682E-04   0.000       15.43       0.000    
    6900  0.3450      0.5000E-04 NODE         196  -8.1%  0.3483E-04  0.9331E-06  0.9320E-09  0.3892E-04   0.000       15.43       0.000    
    7000  0.3500      0.5000E-04 NODE         201  -8.1%  0.3680E-04  0.9630E-06  0.9670E-09  0.4110E-04   0.000       15.43       0.000    
    7100  0.3550      0.5000E-04 NODE         196  -8.2%  0.3884E-04  0.9932E-06  0.9948E-09  0.4337E-04   0.000       15.43       0.000    
    7200  0.3600      0.5000E-04 NODE         201  -8.2%  0.4096E-04  0.1024E-05  0.1034E-08  0.4574E-04   0.000       15.43       0.000    
    7300  0.3650      0.5000E-04 NODE         196  -8.2%  0.4317E-04  0.1056E-05  0.1069E-08  0.4819E-04   0.000       15.43       0.000    
    7400  0.3700      0.5000E-04 NODE         201  -8.3%  0.4546E-04  0.1091E-05  0.1116E-08  0.5075E-04   0.000       15.43       0.000    
    7500  0.3750      0.5000E-04 NODE         201  -8.3%  0.4784E-04  0.1125E-05  0.1146E-08  0.5340E-04   0.000       15.43       0.000    
    7600  0.3800      0.5000E-04 NODE         196  -8.3%  0.5031E-04  0.1154E-05  0.1181E-08  0.5615E-04   0.000       15.43       0.000    
    7700  0.3850      0.5000E-04 NODE         201  -8.4%  0.5288E-04  0.1179E-05  0.1205E-08  0.5899E-04   0.000       15.43       0.000    
    7800  0.3900      0.5000E-04 NODE         196  -8.4%  0.5553E-04  0.1203E-05  0.1238E-08  0.6194E-04   0.000       15.43       0.000    
    7900  0.3950      0.5000E-04 NODE         201  -8.4%  0.5829E-04  0.1228E-05  0.1262E-08  0.6500E-04   0.000       15.43       0.000    
    8000  0.4000      0.5000E-04 NODE         201  -8.5%  0.6115E-04  0.1253E-05  0.1290E-08  0.6817E-04   0.000       15.43       0.000    
    8100  0.4050      0.5000E-04 NODE         196  -8.5%  0.6411E-04  0.1282E-05  0.1307E-08  0.7145E-04   0.000       15.43       0.000    
    8200  0.4100      0.5000E-04 NODE         201  -8.5%  0.6717E-04  0.1310E-05  0.1341E-08  0.7484E-04   0.000       15.43       0.000    
    8300  0.4150      0.5000E-04 NODE         196  -8.5%  0.7034E-04  0.1333E-05  0.1367E-08  0.7835E-04   0.000       15.43       0.000    
    8400  0.4200      0.5000E-04 NODE         201  -8.5%  0.7362E-04  0.1352E-05  0.1407E-08  0.8198E-04   0.000       15.43       0.000    
    8500  0.4250      0.5000E-04 NODE         196  -8.6%  0.7701E-04  0.1370E-05  0.1433E-08  0.8572E-04   0.000       15.43       0.000    
    8600  0.4300      0.5000E-04 NODE         201  -8.6%  0.8050E-04  0.1389E-05  0.1468E-08  0.8959E-04   0.000       15.43       0.000    
    8700  0.4350      0.5000E-04 NODE         196  -8.6%  0.8411E-04  0.1409E-05  0.1472E-08  0.9359E-04   0.000       15.43       0.000    
    8800  0.4400      0.5000E-04 NODE         201  -8.6%  0.8784E-04  0.1430E-05  0.1483E-08  0.9771E-04   0.000       15.43       0.000    
    8900  0.4450      0.5000E-04 NODE         201  -8.6%  0.9170E-04  0.1451E-05  0.1470E-08  0.1020E-03   0.000       15.43       0.000    
    9000  0.4500      0.5000E-04 NODE         196  -8.7%  0.9569E-04  0.1465E-05  0.1471E-08  0.1064E-03   0.000       15.43       0.000    
    9100  0.4550      0.5000E-04 NODE         201  -8.7%  0.9981E-04  0.1474E-05  0.1465E-08  0.1109E-03   0.000       15.43       0.000    
    9200  0.4600      0.5000E-04 NODE         196  -8.7%  0.1041E-03  0.1483E-05  0.1481E-08  0.1155E-03   0.000       15.43       0.000    
    9300  0.4650      0.5000E-04 NODE         201  -8.7%  0.1084E-03  0.1495E-05  0.1489E-08  0.1203E-03   0.000       15.43       0.000    
    9400  0.4700      0.5000E-04 NODE         196  -8.7%  0.1129E-03  0.1508E-05  0.1514E-08  0.1253E-03   0.000       15.43       0.000    
    9500  0.4750      0.5000E-04 NODE         201  -8.7%  0.1176E-03  0.1523E-05  0.1531E-08  0.1304E-03   0.000       15.43       0.000    
    9600  0.4800      0.5000E-04 NODE         196  -8.7%  0.1224E-03  0.1537E-05  0.1561E-08  0.1356E-03   0.000       15.43       0.000    
    9700  0.4850      0.5000E-04 NODE         201  -8.7%  0.1273E-03  0.1546E-05  0.1576E-08  0.1410E-03   0.000       15.43       0.000    
    9800  0.4900      0.5000E-04 NODE         196  -8.7%  0.1323E-03  0.1548E-05  0.1587E-08  0.1466E-03   0.000       15.43       0.000    
    9900  0.4950      0.5000E-04 NODE         196  -8.7%  0.1375E-03  0.1550E-05  0.1579E-08  0.1523E-03   0.000       15.43       0.000    
   CYCLE    TIME      TIME-STEP  ELEMENT          ERROR  I-ENERGY    K-ENERGY T  K-ENERGY R  EXT-WORK     MAS.ERR     TOTAL MASS  MASS ADDED
   10000  0.5000      0.5000E-04 NODE         201  -8.7%  0.1429E-03  0.1554E-05  0.1583E-08  0.1582E-03   0.000       15.43       0.000    
     ANIMATION FILE: I02D_LAP_ELASTIC_H025_R2A004 WRITTEN
   10100  0.5050      0.5000E-04 NODE         196  -8.7%  0.1484E-03  0.1560E-05  0.1578E-08  0.1642E-03   0.000       15.43       0.000    
   10200  0.5100      0.5000E-04 NODE         201  -8.7%  0.1541E-03  0.1568E-05  0.1583E-08  0.1704E-03   0.000       15.43       0.000    
   10300  0.5150      0.5000E-04 NODE         196  -8.7%  0.1599E-03  0.1578E-05  0.1580E-08  0.1768E-03   0.000       15.43       0.000    
   10400  0.5200      0.5000E-04 NODE         201  -8.6%  0.1659E-03  0.1583E-05  0.1584E-08  0.1833E-03   0.000       15.43       0.000    
   10500  0.5250      0.5000E-04 NODE         201  -8.6%  0.1721E-03  0.1583E-05  0.1582E-08  0.1900E-03   0.000       15.43       0.000    
   10600  0.5300      0.5000E-04 NODE         196  -8.6%  0.1784E-03  0.1582E-05  0.1590E-08  0.1969E-03   0.000       15.43       0.000    
   10700  0.5350      0.5000E-04 NODE         201  -8.6%  0.1849E-03  0.1584E-05  0.1597E-08  0.2040E-03   0.000       15.43       0.000    
   10800  0.5400      0.5000E-04 NODE         196  -8.6%  0.1915E-03  0.1590E-05  0.1604E-08  0.2113E-03   0.000       15.43       0.000    
   10900  0.5450      0.5000E-04 NODE         201  -8.6%  0.1983E-03  0.1598E-05  0.1602E-08  0.2187E-03   0.000       15.43       0.000    
   11000  0.5500      0.5000E-04 NODE         201  -8.6%  0.2053E-03  0.1606E-05  0.1601E-08  0.2264E-03   0.000       15.43       0.000    
   11100  0.5550      0.5000E-04 NODE         201  -8.6%  0.2125E-03  0.1611E-05  0.1587E-08  0.2342E-03   0.000       15.43       0.000    
   11200  0.5600      0.5000E-04 NODE         196  -8.6%  0.2199E-03  0.1609E-05  0.1579E-08  0.2422E-03   0.000       15.43       0.000    
   11300  0.5650      0.5000E-04 NODE         201  -8.5%  0.2274E-03  0.1605E-05  0.1561E-08  0.2504E-03   0.000       15.43       0.000    
   11400  0.5700      0.5000E-04 NODE         196  -8.5%  0.2352E-03  0.1606E-05  0.1566E-08  0.2588E-03   0.000       15.43       0.000    
   11500  0.5750      0.5000E-04 NODE         201  -8.5%  0.2431E-03  0.1612E-05  0.1568E-08  0.2675E-03   0.000       15.43       0.000    
   11600  0.5800      0.5000E-04 NODE         201  -8.5%  0.2513E-03  0.1621E-05  0.1590E-08  0.2763E-03   0.000       15.43       0.000    
   11700  0.5850      0.5000E-04 NODE         196  -8.5%  0.2596E-03  0.1632E-05  0.1609E-08  0.2854E-03   0.000       15.43       0.000    
   11800  0.5900      0.5000E-04 NODE         201  -8.4%  0.2681E-03  0.1641E-05  0.1648E-08  0.2946E-03   0.000       15.43       0.000    
   11900  0.5950      0.5000E-04 NODE         196  -8.4%  0.2768E-03  0.1643E-05  0.1674E-08  0.3041E-03   0.000       15.43       0.000    
   12000  0.6000      0.5000E-04 NODE         196  -8.4%  0.2857E-03  0.1643E-05  0.1693E-08  0.3138E-03   0.000       15.43       0.000    
   12100  0.6050      0.5000E-04 NODE         201  -8.4%  0.2949E-03  0.1648E-05  0.1693E-08  0.3237E-03   0.000       15.43       0.000    
   12200  0.6100      0.5000E-04 NODE         201  -8.4%  0.3042E-03  0.1657E-05  0.1685E-08  0.3339E-03   0.000       15.43       0.000    
   12300  0.6150      0.5000E-04 NODE         201  -8.4%  0.3137E-03  0.1669E-05  0.1673E-08  0.3443E-03   0.000       15.43       0.000    
   12400  0.6200      0.5000E-04 NODE         196  -8.4%  0.3235E-03  0.1683E-05  0.1676E-08  0.3549E-03   0.000       15.43       0.000    
   12500  0.6250      0.5000E-04 NODE         196  -8.3%  0.3335E-03  0.1696E-05  0.1680E-08  0.3657E-03   0.000       15.43       0.000    
   12600  0.6300      0.5000E-04 NODE         201  -8.3%  0.3437E-03  0.1704E-05  0.1692E-08  0.3768E-03   0.000       15.43       0.000    
   12700  0.6350      0.5000E-04 NODE         201  -8.3%  0.3541E-03  0.1711E-05  0.1704E-08  0.3881E-03   0.000       15.43       0.000    
   12800  0.6400      0.5000E-04 NODE         196  -8.3%  0.3648E-03  0.1724E-05  0.1728E-08  0.3997E-03   0.000       15.43       0.000    
   12900  0.6450      0.5000E-04 NODE         201  -8.3%  0.3757E-03  0.1742E-05  0.1748E-08  0.4115E-03   0.000       15.43       0.000    
   13000  0.6500      0.5000E-04 NODE         201  -8.3%  0.3868E-03  0.1763E-05  0.1769E-08  0.4236E-03   0.000       15.43       0.000    
   13100  0.6550      0.5000E-04 NODE         201  -8.3%  0.3981E-03  0.1785E-05  0.1779E-08  0.4359E-03   0.000       15.43       0.000    
   13200  0.6600      0.5000E-04 NODE         201  -8.2%  0.4097E-03  0.1805E-05  0.1791E-08  0.4485E-03   0.000       15.43       0.000    
   13300  0.6650      0.5000E-04 NODE         196  -8.2%  0.4215E-03  0.1820E-05  0.1803E-08  0.4613E-03   0.000       15.43       0.000    
     ANIMATION FILE: I02D_LAP_ELASTIC_H025_R2A005 WRITTEN
   13400  0.6700      0.5000E-04 NODE         201  -8.2%  0.4336E-03  0.1833E-05  0.1815E-08  0.4744E-03   0.000       15.43       0.000    
   13500  0.6750      0.5000E-04 NODE         196  -8.2%  0.4459E-03  0.1850E-05  0.1829E-08  0.4877E-03   0.000       15.43       0.000    
   13600  0.6800      0.5000E-04 NODE         201  -8.2%  0.4585E-03  0.1875E-05  0.1854E-08  0.5014E-03   0.000       15.43       0.000    
   13700  0.6850      0.5000E-04 NODE         201  -8.2%  0.4713E-03  0.1904E-05  0.1876E-08  0.5153E-03   0.000       15.43       0.000    
   13800  0.6900      0.5000E-04 NODE         196  -8.2%  0.4844E-03  0.1934E-05  0.1912E-08  0.5295E-03   0.000       15.43       0.000    
   13900  0.6950      0.5000E-04 NODE         201  -8.1%  0.4977E-03  0.1963E-05  0.1948E-08  0.5439E-03   0.000       15.43       0.000    
   14000  0.7000      0.5000E-04 NODE         201  -8.1%  0.5113E-03  0.1989E-05  0.2000E-08  0.5587E-03   0.000       15.43       0.000    
   14100  0.7050      0.5000E-04 NODE         201  -8.1%  0.5251E-03  0.2013E-05  0.2042E-08  0.5737E-03   0.000       15.43       0.000    
   14200  0.7100      0.5000E-04 NODE         196  -8.1%  0.5392E-03  0.2040E-05  0.2098E-08  0.5890E-03   0.000       15.43       0.000    
   14300  0.7150      0.5000E-04 NODE         201  -8.1%  0.5535E-03  0.2076E-05  0.2125E-08  0.6046E-03   0.000       15.43       0.000    
   14400  0.7200      0.5000E-04 NODE         196  -8.1%  0.5681E-03  0.2116E-05  0.2148E-08  0.6205E-03   0.000       15.43       0.000    
   14500  0.7250      0.5000E-04 NODE         196  -8.1%  0.5830E-03  0.2155E-05  0.2148E-08  0.6367E-03   0.000       15.43       0.000    
   14600  0.7300      0.5000E-04 NODE         201  -8.1%  0.5982E-03  0.2192E-05  0.2164E-08  0.6532E-03   0.000       15.43       0.000    
   14700  0.7350      0.5000E-04 NODE         196  -8.1%  0.6136E-03  0.2226E-05  0.2179E-08  0.6700E-03   0.000       15.43       0.000    
   14800  0.7400      0.5000E-04 NODE         201  -8.1%  0.6293E-03  0.2259E-05  0.2216E-08  0.6870E-03   0.000       15.43       0.000    
   14900  0.7450      0.5000E-04 NODE         196  -8.1%  0.6454E-03  0.2296E-05  0.2250E-08  0.7044E-03   0.000       15.43       0.000    
   15000  0.7500      0.5000E-04 NODE         201  -8.1%  0.6616E-03  0.2343E-05  0.2311E-08  0.7222E-03   0.000       15.43       0.000    
   15100  0.7550      0.5000E-04 NODE         201  -8.0%  0.6782E-03  0.2396E-05  0.2370E-08  0.7402E-03   0.000       15.43       0.000    
   15200  0.7600      0.5000E-04 NODE         196  -8.0%  0.6951E-03  0.2446E-05  0.2439E-08  0.7585E-03   0.000       15.43       0.000    
   15300  0.7650      0.5000E-04 NODE         201  -8.0%  0.7122E-03  0.2495E-05  0.2489E-08  0.7772E-03   0.000       15.43       0.000    
   15400  0.7700      0.5000E-04 NODE         196  -8.0%  0.7296E-03  0.2538E-05  0.2541E-08  0.7962E-03   0.000       15.43       0.000    
   15500  0.7750      0.5000E-04 NODE         201  -8.0%  0.7473E-03  0.2579E-05  0.2572E-08  0.8155E-03   0.000       15.43       0.000    
   15600  0.7800      0.5000E-04 NODE         201  -8.0%  0.7653E-03  0.2622E-05  0.2614E-08  0.8351E-03   0.000       15.43       0.000    
   15700  0.7850      0.5000E-04 NODE         196  -8.0%  0.7837E-03  0.2674E-05  0.2658E-08  0.8551E-03   0.000       15.43       0.000    
   15800  0.7900      0.5000E-04 NODE         201  -8.0%  0.8023E-03  0.2732E-05  0.2715E-08  0.8754E-03   0.000       15.43       0.000    
   15900  0.7950      0.5000E-04 NODE         201  -8.0%  0.8212E-03  0.2790E-05  0.2773E-08  0.8961E-03   0.000       15.43       0.000    
   16000  0.8000      0.5000E-04 NODE         196  -8.0%  0.8404E-03  0.2846E-05  0.2845E-08  0.9171E-03   0.000       15.43       0.000    
   16100  0.8050      0.5000E-04 NODE         201  -8.0%  0.8599E-03  0.2899E-05  0.2911E-08  0.9384E-03   0.000       15.43       0.000    
   16200  0.8100      0.5000E-04 NODE         201  -8.1%  0.8798E-03  0.2949E-05  0.2980E-08  0.9600E-03   0.000       15.43       0.000    
   16300  0.8150      0.5000E-04 NODE         196  -8.1%  0.8999E-03  0.3000E-05  0.3041E-08  0.9821E-03   0.000       15.43       0.000    
   16400  0.8200      0.5000E-04 NODE         201  -8.1%  0.9204E-03  0.3059E-05  0.3106E-08  0.1004E-02   0.000       15.43       0.000    
   16500  0.8250      0.5000E-04 NODE         196  -8.1%  0.9412E-03  0.3125E-05  0.3161E-08  0.1027E-02   0.000       15.43       0.000    
   16600  0.8300      0.5000E-04 NODE         196  -8.1%  0.9623E-03  0.3189E-05  0.3207E-08  0.1050E-02   0.000       15.43       0.000    
     ANIMATION FILE: I02D_LAP_ELASTIC_H025_R2A006 WRITTEN
   16700  0.8350      0.5000E-04 NODE         201  -8.1%  0.9837E-03  0.3248E-05  0.3237E-08  0.1074E-02   0.000       15.43       0.000    
   16800  0.8400      0.5000E-04 NODE         196  -8.1%  0.1005E-02  0.3302E-05  0.3273E-08  0.1097E-02   0.000       15.43       0.000    
   16900  0.8450      0.5000E-04 NODE         201  -8.1%  0.1028E-02  0.3353E-05  0.3313E-08  0.1122E-02   0.000       15.43       0.000    
   17000  0.8500      0.5000E-04 NODE         201  -8.1%  0.1050E-02  0.3404E-05  0.3357E-08  0.1146E-02   0.000       15.43       0.000    
   17100  0.8550      0.5000E-04 NODE         196  -8.1%  0.1073E-02  0.3463E-05  0.3414E-08  0.1171E-02   0.000       15.43       0.000    
   17200  0.8600      0.5000E-04 NODE         201  -8.1%  0.1096E-02  0.3529E-05  0.3480E-08  0.1196E-02   0.000       15.43       0.000    
   17300  0.8650      0.5000E-04 NODE         201  -8.1%  0.1119E-02  0.3594E-05  0.3558E-08  0.1222E-02   0.000       15.43       0.000    
   17400  0.8700      0.5000E-04 NODE         196  -8.1%  0.1143E-02  0.3653E-05  0.3648E-08  0.1248E-02   0.000       15.43       0.000    
   17500  0.8750      0.5000E-04 NODE         201  -8.1%  0.1167E-02  0.3706E-05  0.3740E-08  0.1274E-02   0.000       15.43       0.000    
   17600  0.8800      0.5000E-04 NODE         196  -8.1%  0.1192E-02  0.3755E-05  0.3811E-08  0.1301E-02   0.000       15.43       0.000    
   17700  0.8850      0.5000E-04 NODE         196  -8.1%  0.1217E-02  0.3801E-05  0.3861E-08  0.1328E-02   0.000       15.43       0.000    
   17800  0.8900      0.5000E-04 NODE         201  -8.1%  0.1242E-02  0.3853E-05  0.3901E-08  0.1356E-02   0.000       15.43       0.000    
   17900  0.8950      0.5000E-04 NODE         196  -8.2%  0.1267E-02  0.3910E-05  0.3935E-08  0.1384E-02   0.000       15.43       0.000    
   18000  0.9000      0.5000E-04 NODE         201  -8.2%  0.1293E-02  0.3965E-05  0.3980E-08  0.1412E-02   0.000       15.43       0.000    
   18100  0.9050      0.5000E-04 NODE         201  -8.2%  0.1319E-02  0.4015E-05  0.4025E-08  0.1441E-02   0.000       15.43       0.000    
   18200  0.9100      0.5000E-04 NODE         196  -8.2%  0.1346E-02  0.4059E-05  0.4083E-08  0.1470E-02   0.000       15.43       0.000    
   18300  0.9150      0.5000E-04 NODE         201  -8.2%  0.1373E-02  0.4101E-05  0.4145E-08  0.1500E-02   0.000       15.43       0.000    
   18400  0.9200      0.5000E-04 NODE         201  -8.2%  0.1400E-02  0.4142E-05  0.4211E-08  0.1530E-02   0.000       15.43       0.000    
   18500  0.9250      0.5000E-04 NODE         196  -8.2%  0.1428E-02  0.4186E-05  0.4257E-08  0.1560E-02   0.000       15.43       0.000    
   18600  0.9300      0.5000E-04 NODE         201  -8.2%  0.1456E-02  0.4235E-05  0.4307E-08  0.1591E-02   0.000       15.43       0.000    
   18700  0.9350      0.5000E-04 NODE         196  -8.2%  0.1485E-02  0.4281E-05  0.4332E-08  0.1622E-02   0.000       15.43       0.000    
   18800  0.9400      0.5000E-04 NODE         196  -8.2%  0.1514E-02  0.4318E-05  0.4358E-08  0.1654E-02   0.000       15.43       0.000    
   18900  0.9450      0.5000E-04 NODE         201  -8.2%  0.1543E-02  0.4348E-05  0.4359E-08  0.1686E-02   0.000       15.43       0.000    
   19000  0.9500      0.5000E-04 NODE         196  -8.2%  0.1572E-02  0.4374E-05  0.4380E-08  0.1718E-02   0.000       15.43       0.000    
   19100  0.9550      0.5000E-04 NODE         201  -8.2%  0.1602E-02  0.4398E-05  0.4385E-08  0.1751E-02   0.000       15.43       0.000    
   19200  0.9600      0.5000E-04 NODE         196  -8.3%  0.1633E-02  0.4425E-05  0.4426E-08  0.1785E-02   0.000       15.43       0.000    
   19300  0.9650      0.5000E-04 NODE         196  -8.3%  0.1664E-02  0.4458E-05  0.4453E-08  0.1818E-02   0.000       15.43       0.000    
   19400  0.9700      0.5000E-04 NODE         201  -8.3%  0.1695E-02  0.4490E-05  0.4495E-08  0.1853E-02   0.000       15.43       0.000    
   19500  0.9750      0.5000E-04 NODE         201  -8.3%  0.1727E-02  0.4514E-05  0.4524E-08  0.1887E-02   0.000       15.43       0.000    
   19600  0.9800      0.5000E-04 NODE         196  -8.3%  0.1759E-02  0.4529E-05  0.4573E-08  0.1922E-02   0.000       15.43       0.000    
   19700  0.9850      0.5000E-04 NODE         201  -8.3%  0.1791E-02  0.4540E-05  0.4614E-08  0.1958E-02   0.000       15.43       0.000    
   19800  0.9900      0.5000E-04 NODE         196  -8.3%  0.1824E-02  0.4551E-05  0.4658E-08  0.1994E-02   0.000       15.43       0.000    
   19900  0.9950      0.5000E-04 NODE         196  -8.3%  0.1857E-02  0.4563E-05  0.4670E-08  0.2030E-02   0.000       15.43       0.000    
   CYCLE    TIME      TIME-STEP  ELEMENT          ERROR  I-ENERGY    K-ENERGY T  K-ENERGY R  EXT-WORK     MAS.ERR     TOTAL MASS  MASS ADDED
   20000   1.000      0.5000E-04 NODE         201  -8.3%  0.1891E-02  0.4580E-05  0.4666E-08  0.2067E-02   0.000       15.43       0.000    
     ANIMATION FILE: I02D_LAP_ELASTIC_H025_R2A007 WRITTEN
   20100   1.005      0.5000E-04 NODE         196  -8.3%  0.1925E-02  0.4597E-05  0.4645E-08  0.2104E-02   0.000       15.43       0.000    
   20200   1.010      0.5000E-04 NODE         201  -8.3%  0.1960E-02  0.4604E-05  0.4629E-08  0.2142E-02   0.000       15.43       0.000    
   20300   1.015      0.5000E-04 NODE         201  -8.3%  0.1995E-02  0.4603E-05  0.4601E-08  0.2180E-02   0.000       15.43       0.000    
   20400   1.020      0.5000E-04 NODE         196  -8.3%  0.2030E-02  0.4599E-05  0.4596E-08  0.2219E-02   0.000       15.43       0.000    
   20500   1.025      0.5000E-04 NODE         201  -8.3%  0.2066E-02  0.4598E-05  0.4591E-08  0.2258E-02   0.000       15.43       0.000    
   20600   1.030      0.5000E-04 NODE         196  -8.3%  0.2102E-02  0.4600E-05  0.4603E-08  0.2298E-02   0.000       15.43       0.000    
   20700   1.035      0.5000E-04 NODE         201  -8.3%  0.2139E-02  0.4608E-05  0.4613E-08  0.2338E-02   0.000       15.43       0.000    
   20800   1.040      0.5000E-04 NODE         201  -8.3%  0.2176E-02  0.4616E-05  0.4627E-08  0.2379E-02   0.000       15.43       0.000    
   20900   1.045      0.5000E-04 NODE         196  -8.3%  0.2214E-02  0.4616E-05  0.4620E-08  0.2420E-02   0.000       15.43       0.000    
   21000   1.050      0.5000E-04 NODE         196  -8.3%  0.2252E-02  0.4605E-05  0.4605E-08  0.2461E-02   0.000       15.43       0.000    
   21100   1.055      0.5000E-04 NODE         201  -8.3%  0.2290E-02  0.4590E-05  0.4573E-08  0.2503E-02   0.000       15.43       0.000    
   21200   1.060      0.5000E-04 NODE         196  -8.3%  0.2329E-02  0.4576E-05  0.4541E-08  0.2546E-02   0.000       15.43       0.000    
   21300   1.065      0.5000E-04 NODE         201  -8.3%  0.2369E-02  0.4566E-05  0.4511E-08  0.2589E-02   0.000       15.43       0.000    
   21400   1.070      0.5000E-04 NODE         201  -8.3%  0.2408E-02  0.4561E-05  0.4504E-08  0.2632E-02   0.000       15.43       0.000    
   21500   1.075      0.5000E-04 NODE         196  -8.3%  0.2449E-02  0.4562E-05  0.4511E-08  0.2676E-02   0.000       15.43       0.000    
   21600   1.080      0.5000E-04 NODE         201  -8.3%  0.2490E-02  0.4556E-05  0.4535E-08  0.2721E-02   0.000       15.43       0.000    
   21700   1.085      0.5000E-04 NODE         196  -8.3%  0.2531E-02  0.4542E-05  0.4545E-08  0.2766E-02   0.000       15.43       0.000    
   21800   1.090      0.5000E-04 NODE         196  -8.3%  0.2573E-02  0.4525E-05  0.4556E-08  0.2811E-02   0.000       15.43       0.000    
   21900   1.095      0.5000E-04 NODE         201  -8.3%  0.2615E-02  0.4510E-05  0.4561E-08  0.2857E-02   0.000       15.43       0.000    
   22000   1.100      0.5000E-04 NODE         201  -8.3%  0.2657E-02  0.4499E-05  0.4566E-08  0.2904E-02   0.000       15.43       0.000    
   22100   1.105      0.5000E-04 NODE         201  -8.3%  0.2700E-02  0.4494E-05  0.4548E-08  0.2951E-02   0.000       15.43       0.000    
   22200   1.110      0.5000E-04 NODE         201  -8.3%  0.2744E-02  0.4492E-05  0.4524E-08  0.2998E-02   0.000       15.43       0.000    
   22300   1.115      0.5000E-04 NODE         196  -8.3%  0.2788E-02  0.4487E-05  0.4487E-08  0.3046E-02   0.000       15.43       0.000    
   22400   1.120      0.5000E-04 NODE         201  -8.3%  0.2833E-02  0.4473E-05  0.4450E-08  0.3095E-02   0.000       15.43       0.000    
   22500   1.125      0.5000E-04 NODE         201  -8.3%  0.2878E-02  0.4455E-05  0.4422E-08  0.3144E-02   0.000       15.43       0.000    
   22600   1.130      0.5000E-04 NODE         196  -8.3%  0.2923E-02  0.4442E-05  0.4399E-08  0.3193E-02   0.000       15.43       0.000    
   22700   1.135      0.5000E-04 NODE         201  -8.3%  0.2970E-02  0.4435E-05  0.4380E-08  0.3243E-02   0.000       15.43       0.000    
   22800   1.140      0.5000E-04 NODE         201  -8.3%  0.3016E-02  0.4435E-05  0.4375E-08  0.3294E-02   0.000       15.43       0.000    
   22900   1.145      0.5000E-04 NODE         196  -8.3%  0.3063E-02  0.4441E-05  0.4382E-08  0.3345E-02   0.000       15.43       0.000    
   23000   1.150      0.5000E-04 NODE         201  -8.3%  0.3111E-02  0.4444E-05  0.4405E-08  0.3397E-02   0.000       15.43       0.000    
   23100   1.155      0.5000E-04 NODE         196  -8.3%  0.3159E-02  0.4438E-05  0.4420E-08  0.3449E-02   0.000       15.43       0.000    
   23200   1.160      0.5000E-04 NODE         201  -8.3%  0.3207E-02  0.4427E-05  0.4431E-08  0.3502E-02   0.000       15.43       0.000    
   23300   1.165      0.5000E-04 NODE         196  -8.3%  0.3256E-02  0.4420E-05  0.4420E-08  0.3555E-02   0.000       15.43       0.000    
     ANIMATION FILE: I02D_LAP_ELASTIC_H025_R2A008 WRITTEN
   23400   1.170      0.5000E-04 NODE         201  -8.3%  0.3306E-02  0.4418E-05  0.4411E-08  0.3609E-02   0.000       15.43       0.000    
   23500   1.175      0.5000E-04 NODE         196  -8.3%  0.3356E-02  0.4423E-05  0.4382E-08  0.3663E-02   0.000       15.43       0.000    
   23600   1.180      0.5000E-04 NODE         201  -8.3%  0.3407E-02  0.4432E-05  0.4373E-08  0.3718E-02   0.000       15.43       0.000    
   23700   1.185      0.5000E-04 NODE         196  -8.3%  0.3458E-02  0.4442E-05  0.4379E-08  0.3774E-02   0.000       15.43       0.000    
   23800   1.190      0.5000E-04 NODE         201  -8.3%  0.3509E-02  0.4445E-05  0.4410E-08  0.3830E-02   0.000       15.43       0.000    
   23900   1.195      0.5000E-04 NODE         196  -8.2%  0.3562E-02  0.4446E-05  0.4440E-08  0.3886E-02   0.000       15.43       0.000    
   24000   1.200      0.5000E-04 NODE         196  -8.2%  0.3614E-02  0.4453E-05  0.4483E-08  0.3944E-02   0.000       15.43       0.000    
   24100   1.205      0.5000E-04 NODE         201  -8.2%  0.3667E-02  0.4468E-05  0.4509E-08  0.4001E-02   0.000       15.43       0.000    
   24200   1.210      0.5000E-04 NODE         196  -8.2%  0.3721E-02  0.4488E-05  0.4532E-08  0.4060E-02   0.000       15.43       0.000    
   24300   1.215      0.5000E-04 NODE         201  -8.2%  0.3775E-02  0.4511E-05  0.4535E-08  0.4118E-02   0.000       15.43       0.000    
   24400   1.220      0.5000E-04 NODE         196  -8.2%  0.3830E-02  0.4532E-05  0.4531E-08  0.4178E-02   0.000       15.43       0.000    
   24500   1.225      0.5000E-04 NODE         201  -8.2%  0.3885E-02  0.4548E-05  0.4505E-08  0.4238E-02   0.000       15.43       0.000    
   24600   1.230      0.5000E-04 NODE         196  -8.2%  0.3941E-02  0.4558E-05  0.4496E-08  0.4298E-02   0.000       15.43       0.000    
   24700   1.235      0.5000E-04 NODE         201  -8.2%  0.3997E-02  0.4575E-05  0.4497E-08  0.4359E-02   0.000       15.43       0.000    
   24800   1.240      0.5000E-04 NODE         196  -8.2%  0.4054E-02  0.4601E-05  0.4528E-08  0.4421E-02   0.000       15.43       0.000    
   24900   1.245      0.5000E-04 NODE         201  -8.2%  0.4111E-02  0.4634E-05  0.4561E-08  0.4483E-02   0.000       15.43       0.000    
   25000   1.250      0.5000E-04 NODE         201  -8.2%  0.4169E-02  0.4672E-05  0.4601E-08  0.4546E-02   0.000       15.43       0.000    
   25100   1.255      0.5000E-04 NODE         196  -8.2%  0.4227E-02  0.4709E-05  0.4646E-08  0.4610E-02   0.000       15.43       0.000    
   25200   1.260      0.5000E-04 NODE         201  -8.2%  0.4286E-02  0.4740E-05  0.4705E-08  0.4674E-02   0.000       15.43       0.000    
   25300   1.265      0.5000E-04 NODE         196  -8.2%  0.4346E-02  0.4765E-05  0.4759E-08  0.4738E-02   0.000       15.43       0.000    
   25400   1.270      0.5000E-04 NODE         201  -8.2%  0.4406E-02  0.4793E-05  0.4814E-08  0.4803E-02   0.000       15.43       0.000    
   25500   1.275      0.5000E-04 NODE         196  -8.2%  0.4466E-02  0.4832E-05  0.4862E-08  0.4869E-02   0.000       15.43       0.000    
   25600   1.280      0.5000E-04 NODE         196  -8.2%  0.4527E-02  0.4877E-05  0.4902E-08  0.4936E-02   0.000       15.43       0.000    
   25700   1.285      0.5000E-04 NODE         201  -8.2%  0.4589E-02  0.4924E-05  0.4924E-08  0.5002E-02   0.000       15.43       0.000    
   25800   1.290      0.5000E-04 NODE         196  -8.2%  0.4651E-02  0.4971E-05  0.4957E-08  0.5070E-02   0.000       15.43       0.000    
   25900   1.295      0.5000E-04 NODE         196  -8.2%  0.4714E-02  0.5013E-05  0.4981E-08  0.5138E-02   0.000       15.43       0.000    
   26000   1.300      0.5000E-04 NODE         201  -8.2%  0.4777E-02  0.5050E-05  0.5029E-08  0.5207E-02   0.000       15.43       0.000    
   26100   1.305      0.5000E-04 NODE         196  -8.2%  0.4840E-02  0.5091E-05  0.5082E-08  0.5276E-02   0.000       15.43       0.000    
   26200   1.310      0.5000E-04 NODE         201  -8.2%  0.4905E-02  0.5144E-05  0.5154E-08  0.5346E-02   0.000       15.43       0.000    
   26300   1.315      0.5000E-04 NODE         196  -8.2%  0.4970E-02  0.5205E-05  0.5216E-08  0.5417E-02   0.000       15.43       0.000    
   26400   1.320      0.5000E-04 NODE         201  -8.2%  0.5035E-02  0.5268E-05  0.5284E-08  0.5488E-02   0.000       15.43       0.000    
   26500   1.325      0.5000E-04 NODE         201  -8.2%  0.5101E-02  0.5329E-05  0.5335E-08  0.5559E-02   0.000       15.43       0.000    
   26600   1.330      0.5000E-04 NODE         201  -8.2%  0.5167E-02  0.5382E-05  0.5380E-08  0.5632E-02   0.000       15.43       0.000    
     ANIMATION FILE: I02D_LAP_ELASTIC_H025_R2A009 WRITTEN
   26700   1.335      0.5000E-04 NODE         196  -8.2%  0.5234E-02  0.5428E-05  0.5398E-08  0.5705E-02   0.000       15.43       0.000    
   26800   1.340      0.5000E-04 NODE         201  -8.2%  0.5301E-02  0.5474E-05  0.5409E-08  0.5778E-02   0.000       15.43       0.000    
   26900   1.345      0.5000E-04 NODE         196  -8.2%  0.5370E-02  0.5531E-05  0.5432E-08  0.5852E-02   0.000       15.43       0.000    
   27000   1.350      0.5000E-04 NODE         201  -8.2%  0.5438E-02  0.5596E-05  0.5490E-08  0.5927E-02   0.000       15.43       0.000    
   27100   1.355      0.5000E-04 NODE         201  -8.2%  0.5508E-02  0.5664E-05  0.5563E-08  0.6002E-02   0.000       15.43       0.000    
   27200   1.360      0.5000E-04 NODE         196  -8.2%  0.5577E-02  0.5730E-05  0.5656E-08  0.6078E-02   0.000       15.43       0.000    
   27300   1.365      0.5000E-04 NODE         201  -8.2%  0.5648E-02  0.5792E-05  0.5755E-08  0.6155E-02   0.000       15.43       0.000    
   27400   1.370      0.5000E-04 NODE         196  -8.2%  0.5718E-02  0.5845E-05  0.5846E-08  0.6232E-02   0.000       15.43       0.000    
   27500   1.375      0.5000E-04 NODE         196  -8.2%  0.5790E-02  0.5897E-05  0.5934E-08  0.6310E-02   0.000       15.43       0.000    
   27600   1.380      0.5000E-04 NODE         201  -8.2%  0.5862E-02  0.5957E-05  0.6013E-08  0.6389E-02   0.000       15.43       0.000    
   27700   1.385      0.5000E-04 NODE         196  -8.2%  0.5934E-02  0.6024E-05  0.6075E-08  0.6468E-02   0.000       15.43       0.000    
   27800   1.390      0.5000E-04 NODE         196  -8.2%  0.6007E-02  0.6091E-05  0.6120E-08  0.6547E-02   0.000       15.43       0.000    
   27900   1.395      0.5000E-04 NODE         201  -8.2%  0.6080E-02  0.6154E-05  0.6166E-08  0.6628E-02   0.000       15.43       0.000    
   28000   1.400      0.5000E-04 NODE         196  -8.2%  0.6155E-02  0.6212E-05  0.6212E-08  0.6709E-02   0.000       15.43       0.000    
   28100   1.405      0.5000E-04 NODE         196  -8.2%  0.6229E-02  0.6263E-05  0.6259E-08  0.6790E-02   0.000       15.43       0.000    
   28200   1.410      0.5000E-04 NODE         201  -8.2%  0.6305E-02  0.6312E-05  0.6313E-08  0.6872E-02   0.000       15.43       0.000    
   28300   1.415      0.5000E-04 NODE         196  -8.2%  0.6380E-02  0.6368E-05  0.6366E-08  0.6955E-02   0.000       15.43       0.000    
   28400   1.420      0.5000E-04 NODE         201  -8.2%  0.6457E-02  0.6433E-05  0.6435E-08  0.7038E-02   0.000       15.43       0.000    
   28500   1.425      0.5000E-04 NODE         196  -8.2%  0.6534E-02  0.6498E-05  0.6495E-08  0.7123E-02   0.000       15.43       0.000    
   28600   1.430      0.5000E-04 NODE         196  -8.2%  0.6611E-02  0.6557E-05  0.6560E-08  0.7207E-02   0.000       15.43       0.000    
   28700   1.435      0.5000E-04 NODE         201  -8.2%  0.6689E-02  0.6609E-05  0.6621E-08  0.7293E-02   0.000       15.43       0.000    
   28800   1.440      0.5000E-04 NODE         196  -8.2%  0.6768E-02  0.6652E-05  0.6686E-08  0.7378E-02   0.000       15.43       0.000    
   28900   1.445      0.5000E-04 NODE         201  -8.2%  0.6847E-02  0.6689E-05  0.6721E-08  0.7465E-02   0.000       15.43       0.000    
   29000   1.450      0.5000E-04 NODE         196  -8.2%  0.6927E-02  0.6731E-05  0.6748E-08  0.7552E-02   0.000       15.43       0.000    
   29100   1.455      0.5000E-04 NODE         201  -8.2%  0.7007E-02  0.6780E-05  0.6761E-08  0.7640E-02   0.000       15.43       0.000    
   29200   1.460      0.5000E-04 NODE         196  -8.2%  0.7088E-02  0.6828E-05  0.6789E-08  0.7729E-02   0.000       15.43       0.000    
   29300   1.465      0.5000E-04 NODE         201  -8.2%  0.7170E-02  0.6869E-05  0.6834E-08  0.7818E-02   0.000       15.43       0.000    
   29400   1.470      0.5000E-04 NODE         196  -8.2%  0.7252E-02  0.6904E-05  0.6909E-08  0.7907E-02   0.000       15.43       0.000    
   29500   1.475      0.5000E-04 NODE         196  -8.2%  0.7335E-02  0.6932E-05  0.6975E-08  0.7998E-02   0.000       15.43       0.000    
   29600   1.480      0.5000E-04 NODE         201  -8.2%  0.7418E-02  0.6957E-05  0.7050E-08  0.8089E-02   0.000       15.43       0.000    
   29700   1.485      0.5000E-04 NODE         196  -8.2%  0.7502E-02  0.6985E-05  0.7108E-08  0.8181E-02   0.000       15.43       0.000    
   29800   1.490      0.5000E-04 NODE         201  -8.2%  0.7586E-02  0.7019E-05  0.7159E-08  0.8273E-02   0.000       15.43       0.000    
   29900   1.495      0.5000E-04 NODE         196  -8.2%  0.7671E-02  0.7051E-05  0.7175E-08  0.8366E-02   0.000       15.43       0.000    
   CYCLE    TIME      TIME-STEP  ELEMENT          ERROR  I-ENERGY    K-ENERGY T  K-ENERGY R  EXT-WORK     MAS.ERR     TOTAL MASS  MASS ADDED
   30000   1.500      0.5000E-04 NODE         201  -8.2%  0.7756E-02  0.7074E-05  0.7168E-08  0.8459E-02   0.000       15.43       0.000    
     ANIMATION FILE: I02D_LAP_ELASTIC_H025_R2A010 WRITTEN
   30100   1.505      0.5000E-04 NODE         201  -8.2%  0.7843E-02  0.7087E-05  0.7135E-08  0.8554E-02   0.000       15.43       0.000    
   30200   1.510      0.5000E-04 NODE         196  -8.2%  0.7929E-02  0.7095E-05  0.7112E-08  0.8648E-02   0.000       15.43       0.000    
   30300   1.515      0.5000E-04 NODE         201  -8.2%  0.8017E-02  0.7098E-05  0.7096E-08  0.8744E-02   0.000       15.43       0.000    
   30400   1.520      0.5000E-04 NODE         196  -8.2%  0.8105E-02  0.7105E-05  0.7094E-08  0.8840E-02   0.000       15.43       0.000    
   30500   1.525      0.5000E-04 NODE         201  -8.2%  0.8193E-02  0.7120E-05  0.7103E-08  0.8937E-02   0.000       15.43       0.000    
   30600   1.530      0.5000E-04 NODE         196  -8.2%  0.8283E-02  0.7136E-05  0.7125E-08  0.9034E-02   0.000       15.43       0.000    
   30700   1.535      0.5000E-04 NODE         201  -8.2%  0.8372E-02  0.7144E-05  0.7130E-08  0.9133E-02   0.000       15.43       0.000    
   30800   1.540      0.5000E-04 NODE         196  -8.2%  0.8463E-02  0.7140E-05  0.7144E-08  0.9231E-02   0.000       15.43       0.000    
   30900   1.545      0.5000E-04 NODE         201  -8.3%  0.8554E-02  0.7130E-05  0.7138E-08  0.9331E-02   0.000       15.43       0.000    
   31000   1.550      0.5000E-04 NODE         196  -8.3%  0.8645E-02  0.7114E-05  0.7140E-08  0.9431E-02   0.000       15.43       0.000    
   31100   1.555      0.5000E-04 NODE         196  -8.3%  0.8737E-02  0.7100E-05  0.7128E-08  0.9531E-02   0.000       15.43       0.000    
   31200   1.560      0.5000E-04 NODE         201  -8.3%  0.8830E-02  0.7093E-05  0.7119E-08  0.9633E-02   0.000       15.43       0.000    
   31300   1.565      0.5000E-04 NODE         196  -8.3%  0.8924E-02  0.7089E-05  0.7088E-08  0.9735E-02   0.000       15.43       0.000    
   31400   1.570      0.5000E-04 NODE         201  -8.3%  0.9018E-02  0.7076E-05  0.7061E-08  0.9837E-02   0.000       15.43       0.000    
   31500   1.575      0.5000E-04 NODE         196  -8.3%  0.9112E-02  0.7054E-05  0.7041E-08  0.9941E-02   0.000       15.43       0.000    
   31600   1.580      0.5000E-04 NODE         196  -8.3%  0.9208E-02  0.7026E-05  0.7035E-08  0.1004E-01   0.000       15.43       0.000    
   31700   1.585      0.5000E-04 NODE         196  -8.3%  0.9303E-02  0.6997E-05  0.7039E-08  0.1015E-01   0.000       15.43       0.000    
   31800   1.590      0.5000E-04 NODE         201  -8.3%  0.9400E-02  0.6971E-05  0.7035E-08  0.1025E-01   0.000       15.43       0.000    
   31900   1.595      0.5000E-04 NODE         196  -8.3%  0.9497E-02  0.6954E-05  0.7028E-08  0.1036E-01   0.000       15.43       0.000    
   32000   1.600      0.5000E-04 NODE         201  -8.3%  0.9595E-02  0.6942E-05  0.7021E-08  0.1047E-01   0.000       15.43       0.000    
   32100   1.605      0.5000E-04 NODE         196  -8.3%  0.9693E-02  0.6922E-05  0.7000E-08  0.1057E-01   0.000       15.43       0.000    
   32200   1.610      0.5000E-04 NODE         196  -8.3%  0.9792E-02  0.6890E-05  0.6949E-08  0.1068E-01   0.000       15.43       0.000    
   32300   1.615      0.5000E-04 NODE         201  -8.3%  0.9891E-02  0.6852E-05  0.6877E-08  0.1079E-01   0.000       15.43       0.000    
   32400   1.620      0.5000E-04 NODE         196  -8.3%  0.9991E-02  0.6813E-05  0.6795E-08  0.1090E-01   0.000       15.43       0.000    
   32500   1.625      0.5000E-04 NODE         201  -8.3%  0.1009E-01  0.6777E-05  0.6718E-08  0.1101E-01   0.000       15.43       0.000    
   32600   1.630      0.5000E-04 NODE         196  -8.3%  0.1019E-01  0.6750E-05  0.6666E-08  0.1112E-01   0.000       15.43       0.000    
   32700   1.635      0.5000E-04 NODE         201  -8.3%  0.1030E-01  0.6730E-05  0.6641E-08  0.1123E-01   0.000       15.43       0.000    
   32800   1.640      0.5000E-04 NODE         201  -8.3%  0.1040E-01  0.6707E-05  0.6630E-08  0.1134E-01   0.000       15.43       0.000    
   32900   1.645      0.5000E-04 NODE         196  -8.3%  0.1050E-01  0.6675E-05  0.6635E-08  0.1146E-01   0.000       15.43       0.000    
   33000   1.650      0.5000E-04 NODE         201  -8.3%  0.1061E-01  0.6638E-05  0.6636E-08  0.1157E-01   0.000       15.43       0.000    
   33100   1.655      0.5000E-04 NODE         201  -8.3%  0.1071E-01  0.6600E-05  0.6624E-08  0.1168E-01   0.000       15.43       0.000    
   33200   1.660      0.5000E-04 NODE         196  -8.3%  0.1082E-01  0.6565E-05  0.6600E-08  0.1180E-01   0.000       15.43       0.000    
   33300   1.665      0.5000E-04 NODE         201  -8.3%  0.1092E-01  0.6536E-05  0.6558E-08  0.1191E-01   0.000       15.43       0.000    
     ANIMATION FILE: I02D_LAP_ELASTIC_H025_R2A011 WRITTEN
   33400   1.670      0.5000E-04 NODE         201  -8.3%  0.1103E-01  0.6514E-05  0.6519E-08  0.1203E-01   0.000       15.43       0.000    
   33500   1.675      0.5000E-04 NODE         196  -8.3%  0.1113E-01  0.6491E-05  0.6472E-08  0.1214E-01   0.000       15.43       0.000    
   33600   1.680      0.5000E-04 NODE         201  -8.3%  0.1124E-01  0.6459E-05  0.6435E-08  0.1226E-01   0.000       15.43       0.000    
   33700   1.685      0.5000E-04 NODE         201  -8.3%  0.1135E-01  0.6424E-05  0.6395E-08  0.1238E-01   0.000       15.43       0.000    
   33800   1.690      0.5000E-04 NODE         196  -8.3%  0.1146E-01  0.6392E-05  0.6388E-08  0.1250E-01   0.000       15.43       0.000    
   33900   1.695      0.5000E-04 NODE         201  -8.3%  0.1157E-01  0.6365E-05  0.6374E-08  0.1262E-01   0.000       15.43       0.000    
   34000   1.700      0.5000E-04 NODE         196  -8.3%  0.1168E-01  0.6347E-05  0.6363E-08  0.1274E-01   0.000       15.43       0.000    
   34100   1.705      0.5000E-04 NODE         196  -8.3%  0.1179E-01  0.6337E-05  0.6342E-08  0.1286E-01   0.000       15.43       0.000    
   34200   1.710      0.5000E-04 NODE         201  -8.2%  0.1190E-01  0.6327E-05  0.6323E-08  0.1298E-01   0.000       15.43       0.000    
   34300   1.715      0.5000E-04 NODE         196  -8.2%  0.1201E-01  0.6308E-05  0.6300E-08  0.1310E-01   0.000       15.43       0.000    
   34400   1.720      0.5000E-04 NODE         201  -8.2%  0.1213E-01  0.6283E-05  0.6283E-08  0.1322E-01   0.000       15.43       0.000    
   34500   1.725      0.5000E-04 NODE         201  -8.2%  0.1224E-01  0.6260E-05  0.6250E-08  0.1335E-01   0.000       15.43       0.000    
   34600   1.730      0.5000E-04 NODE         196  -8.2%  0.1235E-01  0.6244E-05  0.6205E-08  0.1347E-01   0.000       15.43       0.000    
   34700   1.735      0.5000E-04 NODE         201  -8.2%  0.1247E-01  0.6234E-05  0.6159E-08  0.1359E-01   0.000       15.43       0.000    
   34800   1.740      0.5000E-04 NODE         201  -8.2%  0.1258E-01  0.6232E-05  0.6133E-08  0.1372E-01   0.000       15.43       0.000    
   34900   1.745      0.5000E-04 NODE         196  -8.2%  0.1270E-01  0.6232E-05  0.6126E-08  0.1384E-01   0.000       15.43       0.000    
   35000   1.750      0.5000E-04 NODE         201  -8.2%  0.1282E-01  0.6225E-05  0.6147E-08  0.1397E-01   0.000       15.43       0.000    
   35100   1.755      0.5000E-04 NODE         196  -8.2%  0.1293E-01  0.6214E-05  0.6176E-08  0.1410E-01   0.000       15.43       0.000    
   35200   1.760      0.5000E-04 NODE         196  -8.2%  0.1305E-01  0.6208E-05  0.6223E-08  0.1423E-01   0.000       15.43       0.000    
   35300   1.765      0.5000E-04 NODE         201  -8.2%  0.1317E-01  0.6208E-05  0.6271E-08  0.1435E-01   0.000       15.43       0.000    
   35400   1.770      0.5000E-04 NODE         196  -8.2%  0.1329E-01  0.6216E-05  0.6301E-08  0.1448E-01   0.000       15.43       0.000    
   35500   1.775      0.5000E-04 NODE         201  -8.2%  0.1341E-01  0.6228E-05  0.6306E-08  0.1461E-01   0.000       15.43       0.000    
   35600   1.780      0.5000E-04 NODE         201  -8.2%  0.1353E-01  0.6242E-05  0.6301E-08  0.1474E-01   0.000       15.43       0.000    
   35700   1.785      0.5000E-04 NODE         196  -8.2%  0.1365E-01  0.6248E-05  0.6278E-08  0.1487E-01   0.000       15.43       0.000    
   35800   1.790      0.5000E-04 NODE         201  -8.2%  0.1377E-01  0.6248E-05  0.6255E-08  0.1501E-01   0.000       15.43       0.000    
   35900   1.795      0.5000E-04 NODE         201  -8.2%  0.1389E-01  0.6253E-05  0.6244E-08  0.1514E-01   0.000       15.43       0.000    
   36000   1.800      0.5000E-04 NODE         196  -8.2%  0.1401E-01  0.6268E-05  0.6259E-08  0.1527E-01   0.000       15.43       0.000    
   36100   1.805      0.5000E-04 NODE         201  -8.2%  0.1414E-01  0.6293E-05  0.6289E-08  0.1540E-01   0.000       15.43       0.000    
   36200   1.810      0.5000E-04 NODE         196  -8.2%  0.1426E-01  0.6324E-05  0.6337E-08  0.1554E-01   0.000       15.43       0.000    
   36300   1.815      0.5000E-04 NODE         201  -8.2%  0.1438E-01  0.6358E-05  0.6370E-08  0.1567E-01   0.000       15.43       0.000    
   36400   1.820      0.5000E-04 NODE         201  -8.2%  0.1451E-01  0.6384E-05  0.6394E-08  0.1581E-01   0.000       15.43       0.000    
   36500   1.825      0.5000E-04 NODE         196  -8.2%  0.1463E-01  0.6402E-05  0.6406E-08  0.1595E-01   0.000       15.43       0.000    
   36600   1.830      0.5000E-04 NODE         196  -8.2%  0.1476E-01  0.6421E-05  0.6421E-08  0.1608E-01   0.000       15.43       0.000    
     ANIMATION FILE: I02D_LAP_ELASTIC_H025_R2A012 WRITTEN
   36700   1.835      0.5000E-04 NODE         201  -8.2%  0.1489E-01  0.6448E-05  0.6440E-08  0.1622E-01   0.000       15.43       0.000    
   36800   1.840      0.5000E-04 NODE         196  -8.2%  0.1501E-01  0.6482E-05  0.6456E-08  0.1636E-01   0.000       15.43       0.000    
   36900   1.845      0.5000E-04 NODE         201  -8.2%  0.1514E-01  0.6523E-05  0.6470E-08  0.1650E-01   0.000       15.43       0.000    
   37000   1.850      0.5000E-04 NODE         201  -8.2%  0.1527E-01  0.6566E-05  0.6497E-08  0.1664E-01   0.000       15.43       0.000    
   37100   1.855      0.5000E-04 NODE         196  -8.2%  0.1540E-01  0.6603E-05  0.6550E-08  0.1678E-01   0.000       15.43       0.000    
   37200   1.860      0.5000E-04 NODE         201  -8.2%  0.1553E-01  0.6632E-05  0.6605E-08  0.1692E-01   0.000       15.43       0.000    
   37300   1.865      0.5000E-04 NODE         196  -8.2%  0.1566E-01  0.6662E-05  0.6672E-08  0.1706E-01   0.000       15.43       0.000    
   37400   1.870      0.5000E-04 NODE         201  -8.2%  0.1579E-01  0.6702E-05  0.6746E-08  0.1720E-01   0.000       15.43       0.000    
   37500   1.875      0.5000E-04 NODE         201  -8.2%  0.1592E-01  0.6751E-05  0.6820E-08  0.1734E-01   0.000       15.43       0.000    
   37600   1.880      0.5000E-04 NODE         196  -8.2%  0.1605E-01  0.6804E-05  0.6887E-08  0.1749E-01   0.000       15.43       0.000    
   37700   1.885      0.5000E-04 NODE         196  -8.2%  0.1618E-01  0.6857E-05  0.6947E-08  0.1763E-01   0.000       15.43       0.000    
   37800   1.890      0.5000E-04 NODE         201  -8.2%  0.1631E-01  0.6904E-05  0.6984E-08  0.1777E-01   0.000       15.43       0.000    
   37900   1.895      0.5000E-04 NODE         196  -8.2%  0.1645E-01  0.6941E-05  0.7001E-08  0.1792E-01   0.000       15.43       0.000    
   38000   1.900      0.5000E-04 NODE         201  -8.2%  0.1658E-01  0.6976E-05  0.7009E-08  0.1807E-01   0.000       15.43       0.000    
   38100   1.905      0.5000E-04 NODE         196  -8.2%  0.1672E-01  0.7019E-05  0.7018E-08  0.1821E-01   0.000       15.43       0.000    
   38200   1.910      0.5000E-04 NODE         196  -8.2%  0.1685E-01  0.7071E-05  0.7039E-08  0.1836E-01   0.000       15.43       0.000    
   38300   1.915      0.5000E-04 NODE         201  -8.2%  0.1699E-01  0.7127E-05  0.7087E-08  0.1851E-01   0.000       15.43       0.000    
   38400   1.920      0.5000E-04 NODE         196  -8.2%  0.1712E-01  0.7185E-05  0.7161E-08  0.1866E-01   0.000       15.43       0.000    
   38500   1.925      0.5000E-04 NODE         201  -8.2%  0.1726E-01  0.7238E-05  0.7248E-08  0.1880E-01   0.000       15.43       0.000    
   38600   1.930      0.5000E-04 NODE         196  -8.2%  0.1740E-01  0.7282E-05  0.7330E-08  0.1895E-01   0.000       15.43       0.000    
   38700   1.935      0.5000E-04 NODE         201  -8.2%  0.1753E-01  0.7320E-05  0.7386E-08  0.1910E-01   0.000       15.43       0.000    
   38800   1.940      0.5000E-04 NODE         201  -8.2%  0.1767E-01  0.7362E-05  0.7439E-08  0.1925E-01   0.000       15.43       0.000    
   38900   1.945      0.5000E-04 NODE         201  -8.2%  0.1781E-01  0.7410E-05  0.7481E-08  0.1941E-01   0.000       15.43       0.000    
   39000   1.950      0.5000E-04 NODE         201  -8.2%  0.1795E-01  0.7460E-05  0.7513E-08  0.1956E-01   0.000       15.43       0.000    
   39100   1.955      0.5000E-04 NODE         196  -8.2%  0.1809E-01  0.7507E-05  0.7539E-08  0.1971E-01   0.000       15.43       0.000    
   39200   1.960      0.5000E-04 NODE         201  -8.2%  0.1823E-01  0.7551E-05  0.7579E-08  0.1986E-01   0.000       15.43       0.000    
   39300   1.965      0.5000E-04 NODE         196  -8.2%  0.1837E-01  0.7585E-05  0.7634E-08  0.2002E-01   0.000       15.43       0.000    
   39400   1.970      0.5000E-04 NODE         201  -8.2%  0.1851E-01  0.7615E-05  0.7704E-08  0.2017E-01   0.000       15.43       0.000    
   39500   1.975      0.5000E-04 NODE         196  -8.2%  0.1866E-01  0.7649E-05  0.7786E-08  0.2033E-01   0.000       15.43       0.000    
   39600   1.980      0.5000E-04 NODE         201  -8.2%  0.1880E-01  0.7692E-05  0.7847E-08  0.2048E-01   0.000       15.43       0.000    
   39700   1.985      0.5000E-04 NODE         196  -8.2%  0.1894E-01  0.7736E-05  0.7896E-08  0.2064E-01   0.000       15.43       0.000    
   39800   1.990      0.5000E-04 NODE         201  -8.2%  0.1908E-01  0.7775E-05  0.7931E-08  0.2080E-01   0.000       15.43       0.000    
   39900   1.995      0.5000E-04 NODE         201  -8.2%  0.1923E-01  0.7807E-05  0.7958E-08  0.2095E-01   0.000       15.43       0.000    
   CYCLE    TIME      TIME-STEP  ELEMENT          ERROR  I-ENERGY    K-ENERGY T  K-ENERGY R  EXT-WORK     MAS.ERR     TOTAL MASS  MASS ADDED
   40000   2.000      0.5000E-04 NODE         196  -8.2%  0.1937E-01  0.7829E-05  0.7973E-08  0.2111E-01   0.000       15.43       0.000    
     ANIMATION FILE: I02D_LAP_ELASTIC_H025_R2A013 WRITTEN
   40100   2.005      0.5000E-04 NODE         201  -8.2%  0.1952E-01  0.7843E-05  0.7971E-08  0.2127E-01   0.000       15.43       0.000    
   40200   2.010      0.5000E-04 NODE         196  -8.2%  0.1966E-01  0.7860E-05  0.7961E-08  0.2143E-01   0.000       15.43       0.000    
   40300   2.015      0.5000E-04 NODE         196  -8.2%  0.1981E-01  0.7885E-05  0.7948E-08  0.2159E-01   0.000       15.43       0.000    
   40400   2.020      0.5000E-04 NODE         201  -8.2%  0.1996E-01  0.7910E-05  0.7943E-08  0.2175E-01   0.000       15.43       0.000    
   40500   2.025      0.5000E-04 NODE         196  -8.2%  0.2010E-01  0.7931E-05  0.7943E-08  0.2191E-01   0.000       15.43       0.000    
   40600   2.030      0.5000E-04 NODE         201  -8.2%  0.2025E-01  0.7944E-05  0.7970E-08  0.2207E-01   0.000       15.43       0.000    
   40700   2.035      0.5000E-04 NODE         201  -8.2%  0.2040E-01  0.7949E-05  0.8014E-08  0.2223E-01   0.000       15.43       0.000    
   40800   2.040      0.5000E-04 NODE         196  -8.2%  0.2055E-01  0.7946E-05  0.8059E-08  0.2240E-01   0.000       15.43       0.000    
   40900   2.045      0.5000E-04 NODE         201  -8.2%  0.2070E-01  0.7945E-05  0.8095E-08  0.2256E-01   0.000       15.43       0.000    
   41000   2.050      0.5000E-04 NODE         201  -8.2%  0.2085E-01  0.7950E-05  0.8122E-08  0.2272E-01   0.000       15.43       0.000    
   41100   2.055      0.5000E-04 NODE         196  -8.2%  0.2100E-01  0.7955E-05  0.8125E-08  0.2289E-01   0.000       15.43       0.000    
   41200   2.060      0.5000E-04 NODE         201  -8.2%  0.2115E-01  0.7952E-05  0.8118E-08  0.2305E-01   0.000       15.43       0.000    
   41300   2.065      0.5000E-04 NODE         196  -8.2%  0.2130E-01  0.7940E-05  0.8090E-08  0.2322E-01   0.000       15.43       0.000    
   41400   2.070      0.5000E-04 NODE         196  -8.2%  0.2145E-01  0.7920E-05  0.8055E-08  0.2338E-01   0.000       15.43       0.000    
   41500   2.075      0.5000E-04 NODE         201  -8.2%  0.2161E-01  0.7894E-05  0.8019E-08  0.2355E-01   0.000       15.43       0.000    
   41600   2.080      0.5000E-04 NODE         201  -8.2%  0.2176E-01  0.7870E-05  0.8013E-08  0.2372E-01   0.000       15.43       0.000    
   41700   2.085      0.5000E-04 NODE         196  -8.2%  0.2191E-01  0.7856E-05  0.8023E-08  0.2389E-01   0.000       15.43       0.000    
   41800   2.090      0.5000E-04 NODE         201  -8.2%  0.2207E-01  0.7845E-05  0.8036E-08  0.2405E-01   0.000       15.43       0.000    
   41900   2.095      0.5000E-04 NODE         196  -8.2%  0.2222E-01  0.7828E-05  0.8032E-08  0.2422E-01   0.000       15.43       0.000    
   42000   2.100      0.5000E-04 NODE         201  -8.2%  0.2238E-01  0.7802E-05  0.7998E-08  0.2439E-01   0.000       15.43       0.000    
   42100   2.105      0.5000E-04 NODE         201  -8.2%  0.2253E-01  0.7766E-05  0.7961E-08  0.2456E-01   0.000       15.43       0.000    
   42200   2.110      0.5000E-04 NODE         196  -8.2%  0.2269E-01  0.7723E-05  0.7898E-08  0.2473E-01   0.000       15.43       0.000    
   42300   2.115      0.5000E-04 NODE         201  -8.2%  0.2285E-01  0.7679E-05  0.7831E-08  0.2490E-01   0.000       15.43       0.000    
   42400   2.120      0.5000E-04 NODE         196  -8.2%  0.2300E-01  0.7643E-05  0.7759E-08  0.2508E-01   0.000       15.43       0.000    
   42500   2.125      0.5000E-04 NODE         201  -8.2%  0.2316E-01  0.7613E-05  0.7700E-08  0.2525E-01   0.000       15.43       0.000    
   42600   2.130      0.5000E-04 NODE         201  -8.2%  0.2332E-01  0.7578E-05  0.7646E-08  0.2542E-01   0.000       15.43       0.000    
   42700   2.135      0.5000E-04 NODE         196  -8.2%  0.2348E-01  0.7536E-05  0.7611E-08  0.2559E-01   0.000       15.43       0.000    
   42800   2.140      0.5000E-04 NODE         201  -8.2%  0.2364E-01  0.7486E-05  0.7588E-08  0.2577E-01   0.000       15.43       0.000    
   42900   2.145      0.5000E-04 NODE         201  -8.2%  0.2380E-01  0.7432E-05  0.7569E-08  0.2594E-01   0.000       15.43       0.000    
   43000   2.150      0.5000E-04 NODE         201  -8.2%  0.2396E-01  0.7378E-05  0.7556E-08  0.2612E-01   0.000       15.43       0.000    
   43100   2.155      0.5000E-04 NODE         201  -8.2%  0.2412E-01  0.7332E-05  0.7540E-08  0.2629E-01   0.000       15.43       0.000    
   43200   2.160      0.5000E-04 NODE         201  -8.2%  0.2428E-01  0.7293E-05  0.7506E-08  0.2647E-01   0.000       15.43       0.000    
   43300   2.165      0.5000E-04 NODE         196  -8.2%  0.2444E-01  0.7250E-05  0.7466E-08  0.2664E-01   0.000       15.43       0.000    
     ANIMATION FILE: I02D_LAP_ELASTIC_H025_R2A014 WRITTEN
   43400   2.170      0.5000E-04 NODE         201  -8.2%  0.2460E-01  0.7199E-05  0.7412E-08  0.2682E-01   0.000       15.43       0.000    
   43500   2.175      0.5000E-04 NODE         196  -8.2%  0.2476E-01  0.7141E-05  0.7350E-08  0.2700E-01   0.000       15.43       0.000    
   43600   2.180      0.5000E-04 NODE         196  -8.2%  0.2493E-01  0.7079E-05  0.7272E-08  0.2718E-01   0.000       15.43       0.000    
   43700   2.185      0.5000E-04 NODE         201  -8.2%  0.2509E-01  0.7020E-05  0.7185E-08  0.2735E-01   0.000       15.43       0.000    
   43800   2.190      0.5000E-04 NODE         201  -8.2%  0.2526E-01  0.6969E-05  0.7106E-08  0.2753E-01   0.000       15.43       0.000    
   43900   2.195      0.5000E-04 NODE         196  -8.2%  0.2542E-01  0.6928E-05  0.7056E-08  0.2771E-01   0.000       15.43       0.000    
   44000   2.200      0.5000E-04 NODE         201  -8.2%  0.2559E-01  0.6887E-05  0.7029E-08  0.2789E-01   0.000       15.43       0.000    
   44100   2.205      0.5000E-04 NODE         201  -8.2%  0.2575E-01  0.6841E-05  0.7001E-08  0.2807E-01   0.000       15.43       0.000    
   44200   2.210      0.5000E-04 NODE         196  -8.2%  0.2592E-01  0.6788E-05  0.6971E-08  0.2825E-01   0.000       15.43       0.000    
   44300   2.215      0.5000E-04 NODE         201  -8.2%  0.2608E-01  0.6734E-05  0.6930E-08  0.2843E-01   0.000       15.43       0.000    
   44400   2.220      0.5000E-04 NODE         196  -8.2%  0.2625E-01  0.6680E-05  0.6872E-08  0.2862E-01   0.000       15.43       0.000    
   44500   2.225      0.5000E-04 NODE         201  -8.2%  0.2642E-01  0.6631E-05  0.6811E-08  0.2880E-01   0.000       15.43       0.000    
   44600   2.230      0.5000E-04 NODE         201  -8.2%  0.2659E-01  0.6591E-05  0.6735E-08  0.2898E-01   0.000       15.43       0.000    
   44700   2.235      0.5000E-04 NODE         196  -8.2%  0.2675E-01  0.6551E-05  0.6667E-08  0.2916E-01   0.000       15.43       0.000    
   44800   2.240      0.5000E-04 NODE         201  -8.2%  0.2692E-01  0.6507E-05  0.6613E-08  0.2935E-01   0.000       15.43       0.000    
   44900   2.245      0.5000E-04 NODE         196  -8.2%  0.2709E-01  0.6458E-05  0.6593E-08  0.2953E-01   0.000       15.43       0.000    
   45000   2.250      0.5000E-04 NODE         196  -8.2%  0.2726E-01  0.6411E-05  0.6588E-08  0.2972E-01   0.000       15.43       0.000    
   45100   2.255      0.5000E-04 NODE         201  -8.2%  0.2743E-01  0.6367E-05  0.6600E-08  0.2990E-01   0.000       15.43       0.000    
   45200   2.260      0.5000E-04 NODE         196  -8.2%  0.2760E-01  0.6331E-05  0.6608E-08  0.3009E-01   0.000       15.43       0.000    
   45300   2.265      0.5000E-04 NODE         196  -8.2%  0.2778E-01  0.6305E-05  0.6601E-08  0.3027E-01   0.000       15.43       0.000    
   45400   2.270      0.5000E-04 NODE         201  -8.2%  0.2795E-01  0.6280E-05  0.6586E-08  0.3046E-01   0.000       15.43       0.000    
   45500   2.275      0.5000E-04 NODE         196  -8.2%  0.2812E-01  0.6248E-05  0.6546E-08  0.3065E-01   0.000       15.43       0.000    
   45600   2.280      0.5000E-04 NODE         201  -8.2%  0.2829E-01  0.6210E-05  0.6502E-08  0.3083E-01   0.000       15.43       0.000    
   45700   2.285      0.5000E-04 NODE         201  -8.2%  0.2846E-01  0.6173E-05  0.6461E-08  0.3102E-01   0.000       15.43       0.000    
   45800   2.290      0.5000E-04 NODE         196  -8.2%  0.2864E-01  0.6141E-05  0.6421E-08  0.3121E-01   0.000       15.43       0.000    
   45900   2.295      0.5000E-04 NODE         201  -8.2%  0.2881E-01  0.6117E-05  0.6373E-08  0.3140E-01   0.000       15.43       0.000    
   46000   2.300      0.5000E-04 NODE         196  -8.2%  0.2898E-01  0.6104E-05  0.6332E-08  0.3159E-01   0.000       15.43       0.000    
   46100   2.305      0.5000E-04 NODE         201  -8.2%  0.2916E-01  0.6094E-05  0.6306E-08  0.3178E-01   0.000       15.43       0.000    
   46200   2.310      0.5000E-04 NODE         196  -8.2%  0.2933E-01  0.6078E-05  0.6295E-08  0.3197E-01   0.000       15.43       0.000    
   46300   2.315      0.5000E-04 NODE         201  -8.2%  0.2951E-01  0.6058E-05  0.6304E-08  0.3216E-01   0.000       15.43       0.000    
   46400   2.320      0.5000E-04 NODE         196  -8.2%  0.2969E-01  0.6038E-05  0.6314E-08  0.3235E-01   0.000       15.43       0.000    
   46500   2.325      0.5000E-04 NODE         201  -8.2%  0.2986E-01  0.6024E-05  0.6320E-08  0.3254E-01   0.000       15.43       0.000    
   46600   2.330      0.5000E-04 NODE         196  -8.2%  0.3004E-01  0.6016E-05  0.6324E-08  0.3273E-01   0.000       15.43       0.000    
     ANIMATION FILE: I02D_LAP_ELASTIC_H025_R2A015 WRITTEN
   46700   2.335      0.5000E-04 NODE         201  -8.2%  0.3021E-01  0.6016E-05  0.6325E-08  0.3292E-01   0.000       15.43       0.000    
   46800   2.340      0.5000E-04 NODE         201  -8.2%  0.3039E-01  0.6017E-05  0.6316E-08  0.3311E-01   0.000       15.43       0.000    
   46900   2.345      0.5000E-04 NODE         196  -8.2%  0.3057E-01  0.6013E-05  0.6302E-08  0.3331E-01   0.000       15.43       0.000    
   47000   2.350      0.5000E-04 NODE         201  -8.2%  0.3075E-01  0.6003E-05  0.6276E-08  0.3350E-01   0.000       15.43       0.000    
   47100   2.355      0.5000E-04 NODE         201  -8.2%  0.3093E-01  0.5994E-05  0.6276E-08  0.3369E-01   0.000       15.43       0.000    
   47200   2.360      0.5000E-04 NODE         196  -8.2%  0.3110E-01  0.5993E-05  0.6298E-08  0.3389E-01   0.000       15.43       0.000    
   47300   2.365      0.5000E-04 NODE         201  -8.2%  0.3128E-01  0.5999E-05  0.6346E-08  0.3408E-01   0.000       15.43       0.000    
   47400   2.370      0.5000E-04 NODE         201  -8.2%  0.3146E-01  0.6016E-05  0.6393E-08  0.3428E-01   0.000       15.43       0.000    
   47500   2.375      0.5000E-04 NODE         196  -8.2%  0.3164E-01  0.6036E-05  0.6449E-08  0.3447E-01   0.000       15.43       0.000    
   47600   2.380      0.5000E-04 NODE         201  -8.2%  0.3182E-01  0.6052E-05  0.6478E-08  0.3467E-01   0.000       15.43       0.000    
   47700   2.385      0.5000E-04 NODE         196  -8.2%  0.3200E-01  0.6058E-05  0.6486E-08  0.3486E-01   0.000       15.43       0.000    
   47800   2.390      0.5000E-04 NODE         201  -8.2%  0.3218E-01  0.6063E-05  0.6474E-08  0.3506E-01   0.000       15.43       0.000    
   47900   2.395      0.5000E-04 NODE         201  -8.2%  0.3236E-01  0.6072E-05  0.6458E-08  0.3525E-01   0.000       15.43       0.000    
   48000   2.400      0.5000E-04 NODE         196  -8.2%  0.3254E-01  0.6088E-05  0.6444E-08  0.3545E-01   0.000       15.43       0.000    
   48100   2.405      0.5000E-04 NODE         201  -8.2%  0.3272E-01  0.6113E-05  0.6448E-08  0.3565E-01   0.000       15.43       0.000    
   48200   2.410      0.5000E-04 NODE         196  -8.2%  0.3291E-01  0.6143E-05  0.6462E-08  0.3585E-01   0.000       15.43       0.000    
   48300   2.415      0.5000E-04 NODE         201  -8.2%  0.3309E-01  0.6169E-05  0.6492E-08  0.3604E-01   0.000       15.43       0.000    
   48400   2.420      0.5000E-04 NODE         196  -8.2%  0.3327E-01  0.6187E-05  0.6538E-08  0.3624E-01   0.000       15.43       0.000    
   48500   2.425      0.5000E-04 NODE         201  -8.2%  0.3345E-01  0.6203E-05  0.6599E-08  0.3644E-01   0.000       15.43       0.000    
   48600   2.430      0.5000E-04 NODE         196  -8.2%  0.3364E-01  0.6223E-05  0.6659E-08  0.3664E-01   0.000       15.43       0.000    
   48700   2.435      0.5000E-04 NODE         201  -8.2%  0.3382E-01  0.6249E-05  0.6714E-08  0.3684E-01   0.000       15.43       0.000    
   48800   2.440      0.5000E-04 NODE         196  -8.2%  0.3400E-01  0.6281E-05  0.6750E-08  0.3704E-01   0.000       15.43       0.000    
   48900   2.445      0.5000E-04 NODE         201  -8.2%  0.3419E-01  0.6314E-05  0.6793E-08  0.3724E-01   0.000       15.43       0.000    
   49000   2.450      0.5000E-04 NODE         201  -8.2%  0.3437E-01  0.6344E-05  0.6836E-08  0.3744E-01   0.000       15.43       0.000    
   49100   2.455      0.5000E-04 NODE         196  -8.2%  0.3455E-01  0.6363E-05  0.6871E-08  0.3764E-01   0.000       15.43       0.000    
   49200   2.460      0.5000E-04 NODE         201  -8.2%  0.3474E-01  0.6379E-05  0.6892E-08  0.3784E-01   0.000       15.43       0.000    
   49300   2.465      0.5000E-04 NODE         196  -8.2%  0.3492E-01  0.6401E-05  0.6917E-08  0.3804E-01   0.000       15.43       0.000    
   49400   2.470      0.5000E-04 NODE         201  -8.2%  0.3511E-01  0.6428E-05  0.6943E-08  0.3824E-01   0.000       15.43       0.000    
   49500   2.475      0.5000E-04 NODE         201  -8.2%  0.3529E-01  0.6461E-05  0.6989E-08  0.3844E-01   0.000       15.43       0.000    
   49600   2.480      0.5000E-04 NODE         201  -8.2%  0.3548E-01  0.6496E-05  0.7042E-08  0.3864E-01   0.000       15.43       0.000    
   49700   2.485      0.5000E-04 NODE         201  -8.2%  0.3566E-01  0.6529E-05  0.7103E-08  0.3885E-01   0.000       15.43       0.000    
   49800   2.490      0.5000E-04 NODE         201  -8.2%  0.3585E-01  0.6552E-05  0.7148E-08  0.3905E-01   0.000       15.43       0.000    
   49900   2.495      0.5000E-04 NODE         201  -8.2%  0.3603E-01  0.6569E-05  0.7189E-08  0.3925E-01   0.000       15.43       0.000    
   CYCLE    TIME      TIME-STEP  ELEMENT          ERROR  I-ENERGY    K-ENERGY T  K-ENERGY R  EXT-WORK     MAS.ERR     TOTAL MASS  MASS ADDED
   50000   2.500      0.5000E-04 NODE         196  -8.2%  0.3622E-01  0.6588E-05  0.7201E-08  0.3945E-01   0.000       15.43       0.000    
     ANIMATION FILE: I02D_LAP_ELASTIC_H025_R2A016 WRITTEN
   50100   2.505      0.5000E-04 NODE         201  -8.2%  0.3640E-01  0.6610E-05  0.7203E-08  0.3966E-01   0.000       15.43       0.000    
   50200   2.510      0.5000E-04 NODE         196  -8.2%  0.3659E-01  0.6634E-05  0.7191E-08  0.3986E-01   0.000       15.43       0.000    
   50300   2.515      0.5000E-04 NODE         201  -8.2%  0.3678E-01  0.6658E-05  0.7185E-08  0.4006E-01   0.000       15.43       0.000    
   50400   2.520      0.5000E-04 NODE         196  -8.2%  0.3696E-01  0.6678E-05  0.7196E-08  0.4027E-01   0.000       15.43       0.000    
   50500   2.525      0.5000E-04 NODE         201  -8.2%  0.3715E-01  0.6691E-05  0.7225E-08  0.4047E-01   0.000       15.43       0.000    
   50600   2.530      0.5000E-04 NODE         201  -8.2%  0.3734E-01  0.6697E-05  0.7271E-08  0.4068E-01   0.000       15.43       0.000    
   50700   2.535      0.5000E-04 NODE         196  -8.2%  0.3753E-01  0.6705E-05  0.7337E-08  0.4088E-01   0.000       15.43       0.000    
   50800   2.540      0.5000E-04 NODE         201  -8.2%  0.3771E-01  0.6718E-05  0.7412E-08  0.4108E-01   0.000       15.43       0.000    
   50900   2.545      0.5000E-04 NODE         196  -8.2%  0.3790E-01  0.6732E-05  0.7465E-08  0.4129E-01   0.000       15.43       0.000    
   51000   2.550      0.5000E-04 NODE         201  -8.2%  0.3809E-01  0.6744E-05  0.7489E-08  0.4149E-01   0.000       15.43       0.000    
   51100   2.555      0.5000E-04 NODE         201  -8.2%  0.3828E-01  0.6750E-05  0.7501E-08  0.4170E-01   0.000       15.43       0.000    
   51200   2.560      0.5000E-04 NODE         201  -8.2%  0.3846E-01  0.6745E-05  0.7498E-08  0.4190E-01   0.000       15.43       0.000    
   51300   2.565      0.5000E-04 NODE         201  -8.2%  0.3865E-01  0.6733E-05  0.7501E-08  0.4211E-01   0.000       15.43       0.000    
   51400   2.570      0.5000E-04 NODE         201  -8.2%  0.3884E-01  0.6721E-05  0.7496E-08  0.4232E-01   0.000       15.43       0.000    
   51500   2.575      0.5000E-04 NODE         196  -8.2%  0.3903E-01  0.6716E-05  0.7490E-08  0.4252E-01   0.000       15.43       0.000    
   51600   2.580      0.5000E-04 NODE         201  -8.2%  0.3922E-01  0.6713E-05  0.7477E-08  0.4273E-01   0.000       15.43       0.000    
   51700   2.585      0.5000E-04 NODE         201  -8.2%  0.3941E-01  0.6708E-05  0.7480E-08  0.4293E-01   0.000       15.43       0.000    
   51800   2.590      0.5000E-04 NODE         201  -8.2%  0.3960E-01  0.6699E-05  0.7484E-08  0.4314E-01   0.000       15.43       0.000    
   51900   2.595      0.5000E-04 NODE         201  -8.2%  0.3978E-01  0.6679E-05  0.7493E-08  0.4335E-01   0.000       15.43       0.000    
   52000   2.600      0.5000E-04 NODE         201  -8.2%  0.3997E-01  0.6652E-05  0.7488E-08  0.4355E-01   0.000       15.43       0.000    
   52100   2.605      0.5000E-04 NODE         196  -8.2%  0.4016E-01  0.6624E-05  0.7478E-08  0.4376E-01   0.000       15.43       0.000    
   52200   2.610      0.5000E-04 NODE         201  -8.2%  0.4035E-01  0.6600E-05  0.7457E-08  0.4397E-01   0.000       15.43       0.000    
   52300   2.615      0.5000E-04 NODE         201  -8.2%  0.4054E-01  0.6578E-05  0.7437E-08  0.4418E-01   0.000       15.43       0.000    
   52400   2.620      0.5000E-04 NODE         201  -8.2%  0.4073E-01  0.6552E-05  0.7391E-08  0.4438E-01   0.000       15.43       0.000    
   52500   2.625      0.5000E-04 NODE         201  -8.2%  0.4092E-01  0.6519E-05  0.7356E-08  0.4459E-01   0.000       15.43       0.000    
   52600   2.630      0.5000E-04 NODE         201  -8.2%  0.4111E-01  0.6478E-05  0.7314E-08  0.4480E-01   0.000       15.43       0.000    
   52700   2.635      0.5000E-04 NODE         201  -8.2%  0.4130E-01  0.6430E-05  0.7284E-08  0.4501E-01   0.000       15.43       0.000    
   52800   2.640      0.5000E-04 NODE         201  -8.2%  0.4149E-01  0.6381E-05  0.7261E-08  0.4521E-01   0.000       15.43       0.000    
   52900   2.645      0.5000E-04 NODE         201  -8.2%  0.4168E-01  0.6340E-05  0.7265E-08  0.4542E-01   0.000       15.43       0.000    
   53000   2.650      0.5000E-04 NODE         201  -8.2%  0.4187E-01  0.6302E-05  0.7273E-08  0.4563E-01   0.000       15.43       0.000    
   53100   2.655      0.5000E-04 NODE         201  -8.2%  0.4206E-01  0.6263E-05  0.7281E-08  0.4584E-01   0.000       15.43       0.000    
   53200   2.660      0.5000E-04 NODE         196  -8.2%  0.4225E-01  0.6218E-05  0.7269E-08  0.4605E-01   0.000       15.43       0.000    
   53300   2.665      0.5000E-04 NODE         201  -8.2%  0.4245E-01  0.6165E-05  0.7223E-08  0.4625E-01   0.000       15.43       0.000    
     ANIMATION FILE: I02D_LAP_ELASTIC_H025_R2A017 WRITTEN
   53400   2.670      0.5000E-04 NODE         196  -8.2%  0.4264E-01  0.6103E-05  0.7152E-08  0.4646E-01   0.000       15.43       0.000    
   53500   2.675      0.5000E-04 NODE         201  -8.2%  0.4283E-01  0.6039E-05  0.7077E-08  0.4667E-01   0.000       15.43       0.000    
   53600   2.680      0.5000E-04 NODE         201  -8.2%  0.4302E-01  0.5981E-05  0.6997E-08  0.4688E-01   0.000       15.43       0.000    
   53700   2.685      0.5000E-04 NODE         196  -8.2%  0.4321E-01  0.5930E-05  0.6930E-08  0.4709E-01   0.000       15.43       0.000    
   53800   2.690      0.5000E-04 NODE         201  -8.2%  0.4340E-01  0.5879E-05  0.6859E-08  0.4730E-01   0.000       15.43       0.000    
   53900   2.695      0.5000E-04 NODE         201  -8.2%  0.4359E-01  0.5825E-05  0.6813E-08  0.4751E-01   0.000       15.43       0.000    
   54000   2.700      0.5000E-04 NODE         201  -8.2%  0.4378E-01  0.5765E-05  0.6776E-08  0.4771E-01   0.000       15.43       0.000    
   54100   2.705      0.5000E-04 NODE         201  -8.2%  0.4398E-01  0.5700E-05  0.6758E-08  0.4792E-01   0.000       15.43       0.000    
   54200   2.710      0.5000E-04 NODE         201  -8.2%  0.4417E-01  0.5632E-05  0.6717E-08  0.4813E-01   0.000       15.43       0.000    
   54300   2.715      0.5000E-04 NODE         201  -8.2%  0.4436E-01  0.5571E-05  0.6677E-08  0.4834E-01   0.000       15.43       0.000    
   54400   2.720      0.5000E-04 NODE         201  -8.2%  0.4455E-01  0.5515E-05  0.6621E-08  0.4855E-01   0.000       15.43       0.000    
   54500   2.725      0.5000E-04 NODE         196  -8.2%  0.4474E-01  0.5459E-05  0.6569E-08  0.4876E-01   0.000       15.43       0.000    
   54600   2.730      0.5000E-04 NODE         201  -8.2%  0.4493E-01  0.5398E-05  0.6514E-08  0.4897E-01   0.000       15.43       0.000    
   54700   2.735      0.5000E-04 NODE         201  -8.2%  0.4513E-01  0.5332E-05  0.6469E-08  0.4918E-01   0.000       15.43       0.000    
   54800   2.740      0.5000E-04 NODE         196  -8.2%  0.4532E-01  0.5263E-05  0.6417E-08  0.4939E-01   0.000       15.43       0.000    
   54900   2.745      0.5000E-04 NODE         201  -8.2%  0.4551E-01  0.5193E-05  0.6380E-08  0.4959E-01   0.000       15.43       0.000    
   55000   2.750      0.5000E-04 NODE         201  -8.2%  0.4570E-01  0.5132E-05  0.6342E-08  0.4980E-01   0.000       15.43       0.000    
   55100   2.755      0.5000E-04 NODE         201  -8.2%  0.4589E-01  0.5078E-05  0.6317E-08  0.5001E-01   0.000       15.43       0.000    
   55200   2.760      0.5000E-04 NODE         201  -8.2%  0.4609E-01  0.5027E-05  0.6292E-08  0.5022E-01   0.000       15.43       0.000    
   55300   2.765      0.5000E-04 NODE         196  -8.2%  0.4628E-01  0.4972E-05  0.6281E-08  0.5043E-01   0.000       15.43       0.000    
   55400   2.770      0.5000E-04 NODE         201  -8.2%  0.4647E-01  0.4914E-05  0.6260E-08  0.5064E-01   0.000       15.43       0.000    
   55500   2.775      0.5000E-04 NODE         196  -8.2%  0.4666E-01  0.4854E-05  0.6230E-08  0.5085E-01   0.000       15.43       0.000    
   55600   2.780      0.5000E-04 NODE         201  -8.2%  0.4685E-01  0.4793E-05  0.6176E-08  0.5106E-01   0.000       15.43       0.000    
   55700   2.785      0.5000E-04 NODE         196  -8.2%  0.4704E-01  0.4738E-05  0.6109E-08  0.5126E-01   0.000       15.43       0.000    
   55800   2.790      0.5000E-04 NODE         201  -8.2%  0.4724E-01  0.4689E-05  0.6044E-08  0.5147E-01   0.000       15.43       0.000    
   55900   2.795      0.5000E-04 NODE         196  -8.2%  0.4743E-01  0.4644E-05  0.5980E-08  0.5168E-01   0.000       15.43       0.000    
   56000   2.800      0.5000E-04 NODE         201  -8.2%  0.4762E-01  0.4596E-05  0.5920E-08  0.5189E-01   0.000       15.43       0.000    
   56100   2.805      0.5000E-04 NODE         201  -8.2%  0.4781E-01  0.4547E-05  0.5882E-08  0.5210E-01   0.000       15.43       0.000    
   56200   2.810      0.5000E-04 NODE         196  -8.2%  0.4800E-01  0.4497E-05  0.5867E-08  0.5231E-01   0.000       15.43       0.000    
   56300   2.815      0.5000E-04 NODE         201  -8.2%  0.4820E-01  0.4448E-05  0.5877E-08  0.5252E-01   0.000       15.43       0.000    
   56400   2.820      0.5000E-04 NODE         196  -8.2%  0.4839E-01  0.4406E-05  0.5888E-08  0.5272E-01   0.000       15.43       0.000    
   56500   2.825      0.5000E-04 NODE         201  -8.2%  0.4858E-01  0.4371E-05  0.5897E-08  0.5293E-01   0.000       15.43       0.000    
   56600   2.830      0.5000E-04 NODE         201  -8.2%  0.4877E-01  0.4339E-05  0.5875E-08  0.5314E-01   0.000       15.43       0.000    
     ANIMATION FILE: I02D_LAP_ELASTIC_H025_R2A018 WRITTEN
   56700   2.835      0.5000E-04 NODE         201  -8.2%  0.4896E-01  0.4302E-05  0.5853E-08  0.5335E-01   0.000       15.43       0.000    
   56800   2.840      0.5000E-04 NODE         201  -8.2%  0.4915E-01  0.4261E-05  0.5819E-08  0.5355E-01   0.000       15.43       0.000    
   56900   2.845      0.5000E-04 NODE         201  -8.2%  0.4935E-01  0.4219E-05  0.5798E-08  0.5376E-01   0.000       15.43       0.000    
   57000   2.850      0.5000E-04 NODE         201  -8.2%  0.4954E-01  0.4179E-05  0.5776E-08  0.5397E-01   0.000       15.43       0.000    
   57100   2.855      0.5000E-04 NODE         201  -8.2%  0.4973E-01  0.4147E-05  0.5770E-08  0.5418E-01   0.000       15.43       0.000    
   57200   2.860      0.5000E-04 NODE         201  -8.2%  0.4992E-01  0.4124E-05  0.5767E-08  0.5438E-01   0.000       15.43       0.000    
   57300   2.865      0.5000E-04 NODE         196  -8.2%  0.5011E-01  0.4107E-05  0.5781E-08  0.5459E-01   0.000       15.43       0.000    
   57400   2.870      0.5000E-04 NODE         201  -8.2%  0.5030E-01  0.4086E-05  0.5786E-08  0.5480E-01   0.000       15.43       0.000    
   57500   2.875      0.5000E-04 NODE         196  -8.2%  0.5049E-01  0.4061E-05  0.5796E-08  0.5500E-01   0.000       15.43       0.000    
   57600   2.880      0.5000E-04 NODE         201  -8.2%  0.5068E-01  0.4036E-05  0.5801E-08  0.5521E-01   0.000       15.43       0.000    
   57700   2.885      0.5000E-04 NODE         201  -8.2%  0.5087E-01  0.4012E-05  0.5804E-08  0.5542E-01   0.000       15.43       0.000    
   57800   2.890      0.5000E-04 NODE         196  -8.2%  0.5106E-01  0.3993E-05  0.5789E-08  0.5562E-01   0.000       15.43       0.000    
   57900   2.895      0.5000E-04 NODE         201  -8.2%  0.5125E-01  0.3981E-05  0.5781E-08  0.5583E-01   0.000       15.43       0.000    
   58000   2.900      0.5000E-04 NODE         196  -8.2%  0.5144E-01  0.3974E-05  0.5767E-08  0.5604E-01   0.000       15.43       0.000    
   58100   2.905      0.5000E-04 NODE         201  -8.2%  0.5163E-01  0.3964E-05  0.5764E-08  0.5624E-01   0.000       15.43       0.000    
   58200   2.910      0.5000E-04 NODE         201  -8.2%  0.5182E-01  0.3949E-05  0.5762E-08  0.5645E-01   0.000       15.43       0.000    
   58300   2.915      0.5000E-04 NODE         196  -8.2%  0.5201E-01  0.3934E-05  0.5771E-08  0.5665E-01   0.000       15.43       0.000    
   58400   2.920      0.5000E-04 NODE         201  -8.2%  0.5220E-01  0.3921E-05  0.5787E-08  0.5686E-01   0.000       15.43       0.000    
   58500   2.925      0.5000E-04 NODE         196  -8.2%  0.5239E-01  0.3913E-05  0.5830E-08  0.5706E-01   0.000       15.43       0.000    
   58600   2.930      0.5000E-04 NODE         201  -8.2%  0.5257E-01  0.3913E-05  0.5885E-08  0.5727E-01   0.000       15.43       0.000    
   58700   2.935      0.5000E-04 NODE         201  -8.2%  0.5276E-01  0.3918E-05  0.5950E-08  0.5747E-01   0.000       15.43       0.000    
   58800   2.940      0.5000E-04 NODE         196  -8.2%  0.5295E-01  0.3921E-05  0.5995E-08  0.5767E-01   0.000       15.43       0.000    
   58900   2.945      0.5000E-04 NODE         201  -8.2%  0.5314E-01  0.3916E-05  0.6027E-08  0.5788E-01   0.000       15.43       0.000    
   59000   2.950      0.5000E-04 NODE         201  -8.2%  0.5332E-01  0.3909E-05  0.6034E-08  0.5808E-01   0.000       15.43       0.000    
   59100   2.955      0.5000E-04 NODE         201  -8.2%  0.5351E-01  0.3903E-05  0.6049E-08  0.5828E-01   0.000       15.43       0.000    
   59200   2.960      0.5000E-04 NODE         201  -8.2%  0.5370E-01  0.3901E-05  0.6048E-08  0.5849E-01   0.000       15.43       0.000    
   59300   2.965      0.5000E-04 NODE         201  -8.2%  0.5389E-01  0.3906E-05  0.6062E-08  0.5869E-01   0.000       15.43       0.000    
   59400   2.970      0.5000E-04 NODE         201  -8.2%  0.5407E-01  0.3917E-05  0.6081E-08  0.5889E-01   0.000       15.43       0.000    
   59500   2.975      0.5000E-04 NODE         201  -8.2%  0.5426E-01  0.3928E-05  0.6123E-08  0.5910E-01   0.000       15.43       0.000    
   59600   2.980      0.5000E-04 NODE         196  -8.2%  0.5444E-01  0.3933E-05  0.6166E-08  0.5930E-01   0.000       15.43       0.000    
   59700   2.985      0.5000E-04 NODE         201  -8.2%  0.5463E-01  0.3936E-05  0.6220E-08  0.5950E-01   0.000       15.43       0.000    
   59800   2.990      0.5000E-04 NODE         196  -8.2%  0.5481E-01  0.3939E-05  0.6259E-08  0.5970E-01   0.000       15.43       0.000    
   59900   2.995      0.5000E-04 NODE         201  -8.2%  0.5500E-01  0.3944E-05  0.6292E-08  0.5990E-01   0.000       15.43       0.000    
   CYCLE    TIME      TIME-STEP  ELEMENT          ERROR  I-ENERGY    K-ENERGY T  K-ENERGY R  EXT-WORK     MAS.ERR     TOTAL MASS  MASS ADDED
   60000   3.000      0.5000E-04 NODE         201  -8.2%  0.5518E-01  0.3954E-05  0.6310E-08  0.6010E-01   0.000       15.43       0.000    
     ANIMATION FILE: I02D_LAP_ELASTIC_H025_R2A019 WRITTEN
   60100   3.005      0.5000E-04 NODE         196  -8.2%  0.5537E-01  0.3966E-05  0.6327E-08  0.6030E-01   0.000       15.43       0.000    
   60200   3.010      0.5000E-04 NODE         201  -8.2%  0.5555E-01  0.3977E-05  0.6337E-08  0.6050E-01   0.000       15.43       0.000    
   60300   3.015      0.5000E-04 NODE         196  -8.2%  0.5573E-01  0.3980E-05  0.6368E-08  0.6070E-01   0.000       15.43       0.000    
   60400   3.020      0.5000E-04 NODE         201  -8.2%  0.5592E-01  0.3980E-05  0.6402E-08  0.6090E-01   0.000       15.43       0.000    
   60500   3.025      0.5000E-04 NODE         201  -8.2%  0.5610E-01  0.3982E-05  0.6452E-08  0.6110E-01   0.000       15.43       0.000    
   60600   3.030      0.5000E-04 NODE         201  -8.2%  0.5628E-01  0.3987E-05  0.6499E-08  0.6130E-01   0.000       15.43       0.000    
   60700   3.035      0.5000E-04 NODE         201  -8.2%  0.5646E-01  0.3995E-05  0.6552E-08  0.6150E-01   0.000       15.43       0.000    
   60800   3.040      0.5000E-04 NODE         201  -8.2%  0.5664E-01  0.4006E-05  0.6610E-08  0.6169E-01   0.000       15.43       0.000    
   60900   3.045      0.5000E-04 NODE         196  -8.2%  0.5682E-01  0.4015E-05  0.6680E-08  0.6189E-01   0.000       15.43       0.000    
   61000   3.050      0.5000E-04 NODE         201  -8.2%  0.5700E-01  0.4017E-05  0.6735E-08  0.6209E-01   0.000       15.43       0.000    
   61100   3.055      0.5000E-04 NODE         201  -8.2%  0.5718E-01  0.4013E-05  0.6776E-08  0.6228E-01   0.000       15.43       0.000    
   61200   3.060      0.5000E-04 NODE         201  -8.2%  0.5736E-01  0.4010E-05  0.6800E-08  0.6248E-01   0.000       15.43       0.000    
   61300   3.065      0.5000E-04 NODE         201  -8.2%  0.5754E-01  0.4008E-05  0.6822E-08  0.6268E-01   0.000       15.43       0.000    
   61400   3.070      0.5000E-04 NODE         201  -8.2%  0.5772E-01  0.4008E-05  0.6827E-08  0.6287E-01   0.000       15.43       0.000    
   61500   3.075      0.5000E-04 NODE         201  -8.2%  0.5790E-01  0.4009E-05  0.6842E-08  0.6307E-01   0.000       15.43       0.000    
   61600   3.080      0.5000E-04 NODE         201  -8.2%  0.5808E-01  0.4009E-05  0.6843E-08  0.6326E-01   0.000       15.43       0.000    
   61700   3.085      0.5000E-04 NODE         201  -8.2%  0.5825E-01  0.4002E-05  0.6868E-08  0.6345E-01   0.000       15.43       0.000    
   61800   3.090      0.5000E-04 NODE         196  -8.2%  0.5843E-01  0.3991E-05  0.6896E-08  0.6365E-01   0.000       15.43       0.000    
   61900   3.095      0.5000E-04 NODE         201  -8.2%  0.5861E-01  0.3979E-05  0.6948E-08  0.6384E-01   0.000       15.43       0.000    
   62000   3.100      0.5000E-04 NODE         196  -8.2%  0.5878E-01  0.3969E-05  0.6991E-08  0.6403E-01   0.000       15.43       0.000    
   62100   3.105      0.5000E-04 NODE         201  -8.2%  0.5896E-01  0.3960E-05  0.7035E-08  0.6422E-01   0.000       15.43       0.000    
   62200   3.110      0.5000E-04 NODE         201  -8.2%  0.5914E-01  0.3950E-05  0.7054E-08  0.6442E-01   0.000       15.43       0.000    
   62300   3.115      0.5000E-04 NODE         196  -8.2%  0.5931E-01  0.3937E-05  0.7067E-08  0.6461E-01   0.000       15.43       0.000    
   62400   3.120      0.5000E-04 NODE         201  -8.2%  0.5948E-01  0.3915E-05  0.7065E-08  0.6480E-01   0.000       15.43       0.000    
   62500   3.125      0.5000E-04 NODE         201  -8.2%  0.5966E-01  0.3887E-05  0.7066E-08  0.6499E-01   0.000       15.43       0.000    
   62600   3.130      0.5000E-04 NODE         196  -8.2%  0.5983E-01  0.3857E-05  0.7072E-08  0.6518E-01   0.000       15.43       0.000    
   62700   3.135      0.5000E-04 NODE         201  -8.2%  0.6000E-01  0.3831E-05  0.7100E-08  0.6537E-01   0.000       15.43       0.000    
   62800   3.140      0.5000E-04 NODE         201  -8.2%  0.6018E-01  0.3808E-05  0.7120E-08  0.6556E-01   0.000       15.43       0.000    
   62900   3.145      0.5000E-04 NODE         201  -8.2%  0.6035E-01  0.3785E-05  0.7151E-08  0.6574E-01   0.000       15.43       0.000    
   63000   3.150      0.5000E-04 NODE         201  -8.2%  0.6052E-01  0.3759E-05  0.7173E-08  0.6593E-01   0.000       15.43       0.000    
   63100   3.155      0.5000E-04 NODE         196  -8.2%  0.6069E-01  0.3727E-05  0.7200E-08  0.6612E-01   0.000       15.43       0.000    
   63200   3.160      0.5000E-04 NODE         201  -8.2%  0.6086E-01  0.3687E-05  0.7208E-08  0.6630E-01   0.000       15.43       0.000    
   63300   3.165      0.5000E-04 NODE         201  -8.2%  0.6103E-01  0.3645E-05  0.7208E-08  0.6649E-01   0.000       15.43       0.000    
     ANIMATION FILE: I02D_LAP_ELASTIC_H025_R2A020 WRITTEN
   63400   3.170      0.5000E-04 NODE         196  -8.2%  0.6120E-01  0.3606E-05  0.7182E-08  0.6668E-01   0.000       15.43       0.000    
   63500   3.175      0.5000E-04 NODE         201  -8.2%  0.6137E-01  0.3569E-05  0.7156E-08  0.6686E-01   0.000       15.43       0.000    
   63600   3.180      0.5000E-04 NODE         196  -8.2%  0.6154E-01  0.3531E-05  0.7128E-08  0.6704E-01   0.000       15.43       0.000    
   63700   3.185      0.5000E-04 NODE         201  -8.2%  0.6171E-01  0.3492E-05  0.7111E-08  0.6723E-01   0.000       15.43       0.000    
   63800   3.190      0.5000E-04 NODE         201  -8.2%  0.6187E-01  0.3447E-05  0.7087E-08  0.6741E-01   0.000       15.43       0.000    
   63900   3.195      0.5000E-04 NODE         196  -8.2%  0.6204E-01  0.3395E-05  0.7073E-08  0.6759E-01   0.000       15.43       0.000    
   64000   3.200      0.5000E-04 NODE         201  -8.2%  0.6221E-01  0.3343E-05  0.7055E-08  0.6778E-01   0.000       15.43       0.000    
   64100   3.205      0.5000E-04 NODE         201  -8.2%  0.6237E-01  0.3294E-05  0.7065E-08  0.6796E-01   0.000       15.43       0.000    
   64200   3.210      0.5000E-04 NODE         196  -8.2%  0.6254E-01  0.3248E-05  0.7070E-08  0.6814E-01   0.000       15.43       0.000    
   64300   3.215      0.5000E-04 NODE         201  -8.2%  0.6270E-01  0.3202E-05  0.7087E-08  0.6832E-01   0.000       15.43       0.000    
   64400   3.220      0.5000E-04 NODE         196  -8.2%  0.6287E-01  0.3154E-05  0.7085E-08  0.6850E-01   0.000       15.43       0.000    
   64500   3.225      0.5000E-04 NODE         201  -8.2%  0.6303E-01  0.3101E-05  0.7087E-08  0.6868E-01   0.000       15.43       0.000    
   64600   3.230      0.5000E-04 NODE         201  -8.2%  0.6319E-01  0.3042E-05  0.7063E-08  0.6885E-01   0.000       15.43       0.000    
   64700   3.235      0.5000E-04 NODE         196  -8.2%  0.6336E-01  0.2981E-05  0.7042E-08  0.6903E-01   0.000       15.43       0.000    
   64800   3.240      0.5000E-04 NODE         201  -8.2%  0.6352E-01  0.2923E-05  0.7013E-08  0.6921E-01   0.000       15.43       0.000    
   64900   3.245      0.5000E-04 NODE         201  -8.2%  0.6368E-01  0.2870E-05  0.6997E-08  0.6938E-01   0.000       15.43       0.000    
   65000   3.250      0.5000E-04 NODE         196  -8.2%  0.6384E-01  0.2819E-05  0.6985E-08  0.6956E-01   0.000       15.43       0.000    
   65100   3.255      0.5000E-04 NODE         201  -8.2%  0.6400E-01  0.2768E-05  0.6987E-08  0.6973E-01   0.000       15.43       0.000    
   65200   3.260      0.5000E-04 NODE         201  -8.2%  0.6416E-01  0.2715E-05  0.6988E-08  0.6991E-01   0.000       15.43       0.000    
   65300   3.265      0.5000E-04 NODE         201  -8.2%  0.6432E-01  0.2658E-05  0.6997E-08  0.7008E-01   0.000       15.43       0.000    
   65400   3.270      0.5000E-04 NODE         201  -8.2%  0.6448E-01  0.2599E-05  0.6995E-08  0.7025E-01   0.000       15.43       0.000    
   65500   3.275      0.5000E-04 NODE         201  -8.2%  0.6463E-01  0.2544E-05  0.6987E-08  0.7043E-01   0.000       15.43       0.000    
   65600   3.280      0.5000E-04 NODE         201  -8.2%  0.6479E-01  0.2493E-05  0.6958E-08  0.7060E-01   0.000       15.43       0.000    
   65700   3.285      0.5000E-04 NODE         196  -8.2%  0.6495E-01  0.2442E-05  0.6926E-08  0.7077E-01   0.000       15.43       0.000    
   65800   3.290      0.5000E-04 NODE         201  -8.2%  0.6510E-01  0.2392E-05  0.6888E-08  0.7094E-01   0.000       15.43       0.000    
   65900   3.295      0.5000E-04 NODE         201  -8.2%  0.6526E-01  0.2339E-05  0.6874E-08  0.7111E-01   0.000       15.43       0.000    
   66000   3.300      0.5000E-04 NODE         201  -8.2%  0.6541E-01  0.2284E-05  0.6865E-08  0.7127E-01   0.000       15.43       0.000    
   66100   3.305      0.5000E-04 NODE         201  -8.2%  0.6557E-01  0.2229E-05  0.6868E-08  0.7144E-01   0.000       15.43       0.000    
   66200   3.310      0.5000E-04 NODE         201  -8.2%  0.6572E-01  0.2179E-05  0.6872E-08  0.7161E-01   0.000       15.43       0.000    
   66300   3.315      0.5000E-04 NODE         201  -8.2%  0.6587E-01  0.2133E-05  0.6890E-08  0.7177E-01   0.000       15.43       0.000    
   66400   3.320      0.5000E-04 NODE         201  -8.2%  0.6603E-01  0.2091E-05  0.6904E-08  0.7194E-01   0.000       15.43       0.000    
   66500   3.325      0.5000E-04 NODE         201  -8.2%  0.6618E-01  0.2047E-05  0.6928E-08  0.7210E-01   0.000       15.43       0.000    
   66600   3.330      0.5000E-04 NODE         201  -8.2%  0.6633E-01  0.2001E-05  0.6940E-08  0.7227E-01   0.000       15.43       0.000    
     ANIMATION FILE: I02D_LAP_ELASTIC_H025_R2A021 WRITTEN
   66700   3.335      0.5000E-04 NODE         201  -8.2%  0.6648E-01  0.1954E-05  0.6953E-08  0.7243E-01   0.000       15.43       0.000    
   66800   3.340      0.5000E-04 NODE         196  -8.2%  0.6663E-01  0.1906E-05  0.6954E-08  0.7259E-01   0.000       15.43       0.000    
   66900   3.345      0.5000E-04 NODE         201  -8.2%  0.6678E-01  0.1862E-05  0.6963E-08  0.7275E-01   0.000       15.43       0.000    
   67000   3.350      0.5000E-04 NODE         201  -8.2%  0.6693E-01  0.1823E-05  0.6958E-08  0.7292E-01   0.000       15.43       0.000    
   67100   3.355      0.5000E-04 NODE         201  -8.2%  0.6707E-01  0.1787E-05  0.6963E-08  0.7307E-01   0.000       15.43       0.000    
   67200   3.360      0.5000E-04 NODE         201  -8.2%  0.6722E-01  0.1752E-05  0.6964E-08  0.7323E-01   0.000       15.43       0.000    
   67300   3.365      0.5000E-04 NODE         201  -8.2%  0.6736E-01  0.1716E-05  0.6979E-08  0.7339E-01   0.000       15.43       0.000    
   67400   3.370      0.5000E-04 NODE         201  -8.2%  0.6751E-01  0.1679E-05  0.6998E-08  0.7355E-01   0.000       15.43       0.000    
   67500   3.375      0.5000E-04 NODE         201  -8.2%  0.6765E-01  0.1643E-05  0.7028E-08  0.7371E-01   0.000       15.43       0.000    
   67600   3.380      0.5000E-04 NODE         201  -8.2%  0.6780E-01  0.1610E-05  0.7058E-08  0.7386E-01   0.000       15.43       0.000    
   67700   3.385      0.5000E-04 NODE         196  -8.2%  0.6794E-01  0.1582E-05  0.7095E-08  0.7402E-01   0.000       15.43       0.000    
   67800   3.390      0.5000E-04 NODE         201  -8.2%  0.6808E-01  0.1557E-05  0.7118E-08  0.7417E-01   0.000       15.43       0.000    
   67900   3.395      0.5000E-04 NODE         201  -8.2%  0.6822E-01  0.1530E-05  0.7131E-08  0.7432E-01   0.000       15.43       0.000    
   68000   3.400      0.5000E-04 NODE         201  -8.2%  0.6836E-01  0.1502E-05  0.7136E-08  0.7447E-01   0.000       15.43       0.000    
   68100   3.405      0.5000E-04 NODE         201  -8.2%  0.6850E-01  0.1471E-05  0.7153E-08  0.7463E-01   0.000       15.43       0.000    
   68200   3.410      0.5000E-04 NODE         196  -8.2%  0.6864E-01  0.1442E-05  0.7174E-08  0.7478E-01   0.000       15.43       0.000    
   68300   3.415      0.5000E-04 NODE         201  -8.2%  0.6878E-01  0.1415E-05  0.7217E-08  0.7493E-01   0.000       15.43       0.000    
   68400   3.420      0.5000E-04 NODE         196  -8.2%  0.6892E-01  0.1395E-05  0.7261E-08  0.7507E-01   0.000       15.43       0.000    
   68500   3.425      0.5000E-04 NODE         201  -8.2%  0.6906E-01  0.1379E-05  0.7317E-08  0.7522E-01   0.000       15.43       0.000    
   68600   3.430      0.5000E-04 NODE         201  -8.2%  0.6919E-01  0.1362E-05  0.7372E-08  0.7537E-01   0.000       15.43       0.000    
   68700   3.435      0.5000E-04 NODE         201  -8.2%  0.6933E-01  0.1343E-05  0.7433E-08  0.7551E-01   0.000       15.43       0.000    
   68800   3.440      0.5000E-04 NODE         201  -8.2%  0.6946E-01  0.1323E-05  0.7478E-08  0.7566E-01   0.000       15.43       0.000    
   68900   3.445      0.5000E-04 NODE         201  -8.2%  0.6959E-01  0.1302E-05  0.7520E-08  0.7580E-01   0.000       15.43       0.000    
   69000   3.450      0.5000E-04 NODE         201  -8.2%  0.6972E-01  0.1283E-05  0.7547E-08  0.7595E-01   0.000       15.43       0.000    
   69100   3.455      0.5000E-04 NODE         201  -8.2%  0.6985E-01  0.1269E-05  0.7580E-08  0.7609E-01   0.000       15.43       0.000    
   69200   3.460      0.5000E-04 NODE         201  -8.2%  0.6998E-01  0.1259E-05  0.7610E-08  0.7623E-01   0.000       15.43       0.000    
   69300   3.465      0.5000E-04 NODE         201  -8.2%  0.7011E-01  0.1248E-05  0.7652E-08  0.7637E-01   0.000       15.43       0.000    
   69400   3.470      0.5000E-04 NODE         201  -8.2%  0.7024E-01  0.1236E-05  0.7688E-08  0.7651E-01   0.000       15.43       0.000    
   69500   3.475      0.5000E-04 NODE         201  -8.2%  0.7037E-01  0.1223E-05  0.7738E-08  0.7665E-01   0.000       15.43       0.000    
   69600   3.480      0.5000E-04 NODE         201  -8.2%  0.7050E-01  0.1210E-05  0.7783E-08  0.7678E-01   0.000       15.43       0.000    
   69700   3.485      0.5000E-04 NODE         201  -8.2%  0.7062E-01  0.1199E-05  0.7838E-08  0.7692E-01   0.000       15.43       0.000    
   69800   3.490      0.5000E-04 NODE         201  -8.2%  0.7075E-01  0.1192E-05  0.7891E-08  0.7705E-01   0.000       15.43       0.000    
   69900   3.495      0.5000E-04 NODE         201  -8.2%  0.7087E-01  0.1187E-05  0.7954E-08  0.7719E-01   0.000       15.43       0.000    
   CYCLE    TIME      TIME-STEP  ELEMENT          ERROR  I-ENERGY    K-ENERGY T  K-ENERGY R  EXT-WORK     MAS.ERR     TOTAL MASS  MASS ADDED
   70000   3.500      0.5000E-04 NODE         201  -8.2%  0.7099E-01  0.1183E-05  0.8011E-08  0.7732E-01   0.000       15.43       0.000    
     ANIMATION FILE: I02D_LAP_ELASTIC_H025_R2A022 WRITTEN
   70100   3.505      0.5000E-04 NODE         196  -8.2%  0.7112E-01  0.1175E-05  0.8069E-08  0.7745E-01   0.000       15.43       0.000    
   70200   3.510      0.5000E-04 NODE         201  -8.2%  0.7124E-01  0.1166E-05  0.8116E-08  0.7758E-01   0.000       15.43       0.000    
   70300   3.515      0.5000E-04 NODE         201  -8.2%  0.7136E-01  0.1156E-05  0.8165E-08  0.7771E-01   0.000       15.43       0.000    
   70400   3.520      0.5000E-04 NODE         201  -8.2%  0.7147E-01  0.1147E-05  0.8213E-08  0.7784E-01   0.000       15.43       0.000    
   70500   3.525      0.5000E-04 NODE         201  -8.2%  0.7159E-01  0.1141E-05  0.8273E-08  0.7797E-01   0.000       15.43       0.000    
   70600   3.530      0.5000E-04 NODE         201  -8.2%  0.7171E-01  0.1139E-05  0.8335E-08  0.7810E-01   0.000       15.43       0.000    
   70700   3.535      0.5000E-04 NODE         201  -8.2%  0.7183E-01  0.1138E-05  0.8409E-08  0.7822E-01   0.000       15.43       0.000    
   70800   3.540      0.5000E-04 NODE         201  -8.2%  0.7194E-01  0.1135E-05  0.8480E-08  0.7835E-01   0.000       15.43       0.000    
   70900   3.545      0.5000E-04 NODE         201  -8.2%  0.7205E-01  0.1129E-05  0.8561E-08  0.7847E-01   0.000       15.43       0.000    
   71000   3.550      0.5000E-04 NODE         201  -8.2%  0.7217E-01  0.1123E-05  0.8634E-08  0.7859E-01   0.000       15.43       0.000    
   71100   3.555      0.5000E-04 NODE         201  -8.2%  0.7228E-01  0.1118E-05  0.8703E-08  0.7872E-01   0.000       15.43       0.000    
   71200   3.560      0.5000E-04 NODE         201  -8.2%  0.7239E-01  0.1114E-05  0.8751E-08  0.7884E-01   0.000       15.43       0.000    
   71300   3.565      0.5000E-04 NODE         201  -8.2%  0.7250E-01  0.1113E-05  0.8800E-08  0.7896E-01   0.000       15.43       0.000    
   71400   3.570      0.5000E-04 NODE         201  -8.2%  0.7261E-01  0.1111E-05  0.8844E-08  0.7907E-01   0.000       15.43       0.000    
   71500   3.575      0.5000E-04 NODE         201  -8.2%  0.7271E-01  0.1106E-05  0.8899E-08  0.7919E-01   0.000       15.43       0.000    
   71600   3.580      0.5000E-04 NODE         201  -8.2%  0.7282E-01  0.1099E-05  0.8956E-08  0.7931E-01   0.000       15.43       0.000    
   71700   3.585      0.5000E-04 NODE         196  -8.2%  0.7292E-01  0.1093E-05  0.9026E-08  0.7942E-01   0.000       15.43       0.000    
   71800   3.590      0.5000E-04 NODE         201  -8.2%  0.7303E-01  0.1087E-05  0.9094E-08  0.7954E-01   0.000       15.43       0.000    
   71900   3.595      0.5000E-04 NODE         201  -8.2%  0.7313E-01  0.1083E-05  0.9174E-08  0.7965E-01   0.000       15.43       0.000    
   72000   3.600      0.5000E-04 NODE         201  -8.2%  0.7323E-01  0.1080E-05  0.9245E-08  0.7976E-01   0.000       15.43       0.000    
   72100   3.605      0.5000E-04 NODE         201  -8.2%  0.7333E-01  0.1077E-05  0.9322E-08  0.7987E-01   0.000       15.43       0.000    
   72200   3.610      0.5000E-04 NODE         201  -8.2%  0.7343E-01  0.1069E-05  0.9389E-08  0.7998E-01   0.000       15.43       0.000    
   72300   3.615      0.5000E-04 NODE         201  -8.2%  0.7353E-01  0.1059E-05  0.9460E-08  0.8009E-01   0.000       15.43       0.000    
   72400   3.620      0.5000E-04 NODE         201  -8.2%  0.7363E-01  0.1048E-05  0.9521E-08  0.8019E-01   0.000       15.43       0.000    
   72500   3.625      0.5000E-04 NODE         201  -8.2%  0.7373E-01  0.1037E-05  0.9585E-08  0.8030E-01   0.000       15.43       0.000    
   72600   3.630      0.5000E-04 NODE         201  -8.2%  0.7382E-01  0.1028E-05  0.9643E-08  0.8040E-01   0.000       15.43       0.000    
   72700   3.635      0.5000E-04 NODE         201  -8.2%  0.7391E-01  0.1019E-05  0.9709E-08  0.8051E-01   0.000       15.43       0.000    
   72800   3.640      0.5000E-04 NODE         201  -8.2%  0.7401E-01  0.1010E-05  0.9774E-08  0.8061E-01   0.000       15.43       0.000    
   72900   3.645      0.5000E-04 NODE         201  -8.2%  0.7410E-01  0.9980E-06  0.9841E-08  0.8071E-01   0.000       15.43       0.000    
   73000   3.650      0.5000E-04 NODE         201  -8.2%  0.7419E-01  0.9835E-06  0.9902E-08  0.8081E-01   0.000       15.43       0.000    
   73100   3.655      0.5000E-04 NODE         196  -8.2%  0.7428E-01  0.9682E-06  0.9972E-08  0.8091E-01   0.000       15.43       0.000    
   73200   3.660      0.5000E-04 NODE         201  -8.2%  0.7437E-01  0.9533E-06  0.1004E-07  0.8100E-01   0.000       15.43       0.000    
   73300   3.665      0.5000E-04 NODE         201  -8.2%  0.7445E-01  0.9387E-06  0.1010E-07  0.8110E-01   0.000       15.43       0.000    
     ANIMATION FILE: I02D_LAP_ELASTIC_H025_R2A023 WRITTEN
   73400   3.670      0.5000E-04 NODE         201  -8.2%  0.7454E-01  0.9246E-06  0.1016E-07  0.8119E-01   0.000       15.43       0.000    
   73500   3.675      0.5000E-04 NODE         201  -8.2%  0.7463E-01  0.9093E-06  0.1021E-07  0.8129E-01   0.000       15.43       0.000    
   73600   3.680      0.5000E-04 NODE         201  -8.2%  0.7471E-01  0.8912E-06  0.1024E-07  0.8138E-01   0.000       15.43       0.000    
   73700   3.685      0.5000E-04 NODE         201  -8.2%  0.7479E-01  0.8695E-06  0.1029E-07  0.8147E-01   0.000       15.43       0.000    
   73800   3.690      0.5000E-04 NODE         201  -8.2%  0.7487E-01  0.8471E-06  0.1034E-07  0.8156E-01   0.000       15.43       0.000    
   73900   3.695      0.5000E-04 NODE         201  -8.2%  0.7495E-01  0.8253E-06  0.1040E-07  0.8165E-01   0.000       15.43       0.000    
   74000   3.700      0.5000E-04 NODE         196  -8.2%  0.7503E-01  0.8046E-06  0.1046E-07  0.8174E-01   0.000       15.43       0.000    
   74100   3.705      0.5000E-04 NODE         201  -8.2%  0.7511E-01  0.7848E-06  0.1053E-07  0.8182E-01   0.000       15.43       0.000    
   74200   3.710      0.5000E-04 NODE         201  -8.2%  0.7519E-01  0.7647E-06  0.1060E-07  0.8191E-01   0.000       15.43       0.000    
   74300   3.715      0.5000E-04 NODE         201  -8.2%  0.7526E-01  0.7421E-06  0.1067E-07  0.8199E-01   0.000       15.43       0.000    
   74400   3.720      0.5000E-04 NODE         201  -8.2%  0.7534E-01  0.7165E-06  0.1073E-07  0.8207E-01   0.000       15.43       0.000    
   74500   3.725      0.5000E-04 NODE         201  -8.2%  0.7541E-01  0.6895E-06  0.1079E-07  0.8215E-01   0.000       15.43       0.000    
   74600   3.730      0.5000E-04 NODE         201  -8.2%  0.7548E-01  0.6632E-06  0.1083E-07  0.8223E-01   0.000       15.43       0.000    
   74700   3.735      0.5000E-04 NODE         201  -8.2%  0.7555E-01  0.6377E-06  0.1089E-07  0.8231E-01   0.000       15.43       0.000    
   74800   3.740      0.5000E-04 NODE         201  -8.2%  0.7562E-01  0.6133E-06  0.1093E-07  0.8239E-01   0.000       15.43       0.000    
   74900   3.745      0.5000E-04 NODE         201  -8.2%  0.7569E-01  0.5891E-06  0.1099E-07  0.8246E-01   0.000       15.43       0.000    
   75000   3.750      0.5000E-04 NODE         201  -8.2%  0.7576E-01  0.5640E-06  0.1104E-07  0.8254E-01   0.000       15.43       0.000    
   75100   3.755      0.5000E-04 NODE         201  -8.2%  0.7582E-01  0.5371E-06  0.1110E-07  0.8261E-01   0.000       15.43       0.000    
   75200   3.760      0.5000E-04 NODE         201  -8.2%  0.7589E-01  0.5098E-06  0.1115E-07  0.8268E-01   0.000       15.43       0.000    
   75300   3.765      0.5000E-04 NODE         201  -8.2%  0.7595E-01  0.4836E-06  0.1121E-07  0.8275E-01   0.000       15.43       0.000    
   75400   3.770      0.5000E-04 NODE         201  -8.2%  0.7602E-01  0.4587E-06  0.1127E-07  0.8282E-01   0.000       15.43       0.000    
   75500   3.775      0.5000E-04 NODE         201  -8.2%  0.7608E-01  0.4347E-06  0.1133E-07  0.8289E-01   0.000       15.43       0.000    
   75600   3.780      0.5000E-04 NODE         196  -8.2%  0.7614E-01  0.4111E-06  0.1138E-07  0.8295E-01   0.000       15.43       0.000    
   75700   3.785      0.5000E-04 NODE         201  -8.2%  0.7620E-01  0.3869E-06  0.1144E-07  0.8302E-01   0.000       15.43       0.000    
   75800   3.790      0.5000E-04 NODE         201  -8.2%  0.7625E-01  0.3616E-06  0.1149E-07  0.8308E-01   0.000       15.43       0.000    
   75900   3.795      0.5000E-04 NODE         201  -8.2%  0.7631E-01  0.3359E-06  0.1155E-07  0.8314E-01   0.000       15.43       0.000    
   76000   3.800      0.5000E-04 NODE         201  -8.2%  0.7636E-01  0.3117E-06  0.1161E-07  0.8320E-01   0.000       15.43       0.000    
   76100   3.805      0.5000E-04 NODE         201  -8.2%  0.7642E-01  0.2891E-06  0.1168E-07  0.8326E-01   0.000       15.43       0.000    
   76200   3.810      0.5000E-04 NODE         201  -8.2%  0.7647E-01  0.2682E-06  0.1174E-07  0.8332E-01   0.000       15.43       0.000    
   76300   3.815      0.5000E-04 NODE         201  -8.2%  0.7652E-01  0.2484E-06  0.1181E-07  0.8337E-01   0.000       15.43       0.000    
   76400   3.820      0.5000E-04 NODE         201  -8.2%  0.7657E-01  0.2291E-06  0.1189E-07  0.8343E-01   0.000       15.43       0.000    
   76500   3.825      0.5000E-04 NODE         201  -8.2%  0.7662E-01  0.2093E-06  0.1196E-07  0.8348E-01   0.000       15.43       0.000    
   76600   3.830      0.5000E-04 NODE         201  -8.2%  0.7667E-01  0.1897E-06  0.1204E-07  0.8353E-01   0.000       15.43       0.000    
     ANIMATION FILE: I02D_LAP_ELASTIC_H025_R2A024 WRITTEN
   76700   3.835      0.5000E-04 NODE         201  -8.2%  0.7672E-01  0.1715E-06  0.1211E-07  0.8358E-01   0.000       15.43       0.000    
   76800   3.840      0.5000E-04 NODE         201  -8.2%  0.7676E-01  0.1551E-06  0.1218E-07  0.8363E-01   0.000       15.43       0.000    
   76900   3.845      0.5000E-04 NODE         201  -8.2%  0.7680E-01  0.1399E-06  0.1225E-07  0.8368E-01   0.000       15.43       0.000    
   77000   3.850      0.5000E-04 NODE         196  -8.2%  0.7685E-01  0.1258E-06  0.1232E-07  0.8373E-01   0.000       15.43       0.000    
   77100   3.855      0.5000E-04 NODE         201  -8.2%  0.7689E-01  0.1123E-06  0.1239E-07  0.8377E-01   0.000       15.43       0.000    
   77200   3.860      0.5000E-04 NODE         201  -8.2%  0.7693E-01  0.9902E-07  0.1247E-07  0.8382E-01   0.000       15.43       0.000    
   77300   3.865      0.5000E-04 NODE         201  -8.2%  0.7697E-01  0.8636E-07  0.1255E-07  0.8386E-01   0.000       15.43       0.000    
   77400   3.870      0.5000E-04 NODE         201  -8.2%  0.7701E-01  0.7542E-07  0.1263E-07  0.8390E-01   0.000       15.43       0.000    
   77500   3.875      0.5000E-04 NODE         196  -8.2%  0.7704E-01  0.6627E-07  0.1272E-07  0.8394E-01   0.000       15.43       0.000    
   77600   3.880      0.5000E-04 NODE         201  -8.2%  0.7708E-01  0.5838E-07  0.1281E-07  0.8397E-01   0.000       15.43       0.000    
   77700   3.885      0.5000E-04 NODE         201  -8.2%  0.7711E-01  0.5108E-07  0.1289E-07  0.8401E-01   0.000       15.43       0.000    
   77800   3.890      0.5000E-04 NODE         196  -8.2%  0.7714E-01  0.4410E-07  0.1298E-07  0.8404E-01   0.000       15.43       0.000    
   77900   3.895      0.5000E-04 NODE         201  -8.2%  0.7717E-01  0.3720E-07  0.1307E-07  0.8408E-01   0.000       15.43       0.000    
   78000   3.900      0.5000E-04 NODE         201  -8.2%  0.7720E-01  0.3069E-07  0.1316E-07  0.8411E-01   0.000       15.43       0.000    
   78100   3.905      0.5000E-04 NODE         196  -8.2%  0.7723E-01  0.2536E-07  0.1325E-07  0.8414E-01   0.000       15.43       0.000    
   78200   3.910      0.5000E-04 NODE         201  -8.2%  0.7726E-01  0.2151E-07  0.1334E-07  0.8417E-01   0.000       15.43       0.000    
   78300   3.915      0.5000E-04 NODE         201  -8.2%  0.7728E-01  0.1868E-07  0.1343E-07  0.8419E-01   0.000       15.43       0.000    
   78400   3.920      0.5000E-04 NODE         201  -8.2%  0.7731E-01  0.1648E-07  0.1353E-07  0.8422E-01   0.000       15.43       0.000    
   78500   3.925      0.5000E-04 NODE         201  -8.2%  0.7733E-01  0.1458E-07  0.1362E-07  0.8424E-01   0.000       15.43       0.000    
   78600   3.930      0.5000E-04 NODE         201  -8.2%  0.7735E-01  0.1293E-07  0.1372E-07  0.8427E-01   0.000       15.43       0.000    
   78700   3.935      0.5000E-04 NODE         201  -8.2%  0.7737E-01  0.1150E-07  0.1382E-07  0.8429E-01   0.000       15.43       0.000    
   78800   3.940      0.5000E-04 NODE         201  -8.2%  0.7739E-01  0.1079E-07  0.1392E-07  0.8431E-01   0.000       15.43       0.000    
   78900   3.945      0.5000E-04 NODE         196  -8.2%  0.7741E-01  0.1087E-07  0.1401E-07  0.8433E-01   0.000       15.43       0.000    
   79000   3.950      0.5000E-04 NODE         201  -8.2%  0.7742E-01  0.1151E-07  0.1411E-07  0.8434E-01   0.000       15.43       0.000    
   79100   3.955      0.5000E-04 NODE         201  -8.2%  0.7744E-01  0.1235E-07  0.1421E-07  0.8436E-01   0.000       15.43       0.000    
   79200   3.960      0.5000E-04 NODE         201  -8.2%  0.7745E-01  0.1327E-07  0.1431E-07  0.8437E-01   0.000       15.43       0.000    
   79300   3.965      0.5000E-04 NODE         201  -8.2%  0.7746E-01  0.1422E-07  0.1441E-07  0.8438E-01   0.000       15.43       0.000    
   79400   3.970      0.5000E-04 NODE         201  -8.2%  0.7747E-01  0.1531E-07  0.1451E-07  0.8439E-01   0.000       15.43       0.000    
   79500   3.975      0.5000E-04 NODE         196  -8.2%  0.7748E-01  0.1673E-07  0.1461E-07  0.8440E-01   0.000       15.43       0.000    
   79600   3.980      0.5000E-04 NODE         201  -8.2%  0.7749E-01  0.1853E-07  0.1471E-07  0.8441E-01   0.000       15.43       0.000    
   79700   3.985      0.5000E-04 NODE         196  -8.2%  0.7750E-01  0.2052E-07  0.1481E-07  0.8441E-01   0.000       15.43       0.000    
   79800   3.990      0.5000E-04 NODE         201  -8.2%  0.7750E-01  0.2253E-07  0.1492E-07  0.8442E-01   0.000       15.43       0.000    
   79900   3.995      0.5000E-04 NODE         201  -8.2%  0.7750E-01  0.2449E-07  0.1502E-07  0.8442E-01   0.000       15.43       0.000    
   CYCLE    TIME      TIME-STEP  ELEMENT          ERROR  I-ENERGY    K-ENERGY T  K-ENERGY R  EXT-WORK     MAS.ERR     TOTAL MASS  MASS ADDED
   80000   4.000      0.5000E-04 NODE         201  -8.2%  0.7750E-01  0.2645E-07  0.1512E-07  0.8442E-01   0.000       15.43       0.000    
     ANIMATION FILE: I02D_LAP_ELASTIC_H025_R2A025 WRITTEN
   80100   4.005      0.5000E-04 NODE         201  -8.2%  0.7751E-01  0.2846E-07  0.1522E-07  0.8442E-01   0.000       15.43       0.000    
   80200   4.010      0.5000E-04 NODE         201  -8.2%  0.7751E-01  0.3041E-07  0.1533E-07  0.8442E-01   0.000       15.43       0.000    
   80300   4.015      0.5000E-04 NODE         201  -8.2%  0.7751E-01  0.3213E-07  0.1543E-07  0.8442E-01   0.000       15.43       0.000    
   80400   4.020      0.5000E-04 NODE         201  -8.2%  0.7751E-01  0.3369E-07  0.1554E-07  0.8442E-01   0.000       15.43       0.000    
   80500   4.025      0.5000E-04 NODE         201  -8.2%  0.7751E-01  0.3514E-07  0.1564E-07  0.8442E-01   0.000       15.43       0.000    
   80600   4.030      0.5000E-04 NODE         201  -8.2%  0.7751E-01  0.3630E-07  0.1574E-07  0.8442E-01   0.000       15.43       0.000    
   80700   4.035      0.5000E-04 NODE         201  -8.2%  0.7751E-01  0.3716E-07  0.1585E-07  0.8442E-01   0.000       15.43       0.000    
   80800   4.040      0.5000E-04 NODE         196  -8.2%  0.7751E-01  0.3789E-07  0.1595E-07  0.8442E-01   0.000       15.43       0.000    
   80900   4.045      0.5000E-04 NODE         201  -8.2%  0.7751E-01  0.3840E-07  0.1606E-07  0.8442E-01   0.000       15.43       0.000    
   81000   4.050      0.5000E-04 NODE         201  -8.2%  0.7751E-01  0.3855E-07  0.1616E-07  0.8442E-01   0.000       15.43       0.000    
   81100   4.055      0.5000E-04 NODE         201  -8.2%  0.7751E-01  0.3847E-07  0.1627E-07  0.8442E-01   0.000       15.43       0.000    
   81200   4.060      0.5000E-04 NODE         201  -8.2%  0.7752E-01  0.3823E-07  0.1637E-07  0.8442E-01   0.000       15.43       0.000    
   81300   4.065      0.5000E-04 NODE         201  -8.2%  0.7752E-01  0.3770E-07  0.1648E-07  0.8442E-01   0.000       15.43       0.000    
   81400   4.070      0.5000E-04 NODE         201  -8.2%  0.7752E-01  0.3688E-07  0.1659E-07  0.8442E-01   0.000       15.43       0.000    
   81500   4.075      0.5000E-04 NODE         201  -8.2%  0.7752E-01  0.3593E-07  0.1669E-07  0.8442E-01   0.000       15.43       0.000    
   81600   4.080      0.5000E-04 NODE         201  -8.2%  0.7752E-01  0.3474E-07  0.1680E-07  0.8442E-01   0.000       15.43       0.000    
   81700   4.085      0.5000E-04 NODE         201  -8.2%  0.7752E-01  0.3322E-07  0.1690E-07  0.8442E-01   0.000       15.43       0.000    
   81800   4.090      0.5000E-04 NODE         201  -8.2%  0.7752E-01  0.3154E-07  0.1700E-07  0.8442E-01   0.000       15.43       0.000    
   81900   4.095      0.5000E-04 NODE         201  -8.2%  0.7752E-01  0.2982E-07  0.1710E-07  0.8442E-01   0.000       15.43       0.000    
   82000   4.100      0.5000E-04 NODE         201  -8.2%  0.7752E-01  0.2790E-07  0.1721E-07  0.8442E-01   0.000       15.43       0.000    
   82100   4.105      0.5000E-04 NODE         201  -8.2%  0.7752E-01  0.2580E-07  0.1731E-07  0.8442E-01   0.000       15.43       0.000    
   82200   4.110      0.5000E-04 NODE         201  -8.2%  0.7752E-01  0.2371E-07  0.1741E-07  0.8442E-01   0.000       15.43       0.000    
   82300   4.115      0.5000E-04 NODE         201  -8.2%  0.7753E-01  0.2160E-07  0.1752E-07  0.8442E-01   0.000       15.43       0.000    
   82400   4.120      0.5000E-04 NODE         201  -8.2%  0.7753E-01  0.1936E-07  0.1762E-07  0.8442E-01   0.000       15.43       0.000    
   82500   4.125      0.5000E-04 NODE         201  -8.2%  0.7753E-01  0.1713E-07  0.1773E-07  0.8442E-01   0.000       15.43       0.000    
   82600   4.130      0.5000E-04 NODE         201  -8.2%  0.7753E-01  0.1504E-07  0.1783E-07  0.8442E-01   0.000       15.43       0.000    
   82700   4.135      0.5000E-04 NODE         201  -8.2%  0.7753E-01  0.1293E-07  0.1794E-07  0.8442E-01   0.000       15.43       0.000    
   82800   4.140      0.5000E-04 NODE         201  -8.2%  0.7753E-01  0.1078E-07  0.1805E-07  0.8442E-01   0.000       15.43       0.000    
   82900   4.145      0.5000E-04 NODE         201  -8.2%  0.7753E-01  0.8838E-08  0.1815E-07  0.8442E-01   0.000       15.43       0.000    
   83000   4.150      0.5000E-04 NODE         201  -8.2%  0.7753E-01  0.7109E-08  0.1826E-07  0.8442E-01   0.000       15.43       0.000    
   83100   4.155      0.5000E-04 NODE         196  -8.2%  0.7753E-01  0.5460E-08  0.1837E-07  0.8442E-01   0.000       15.43       0.000    
   83200   4.160      0.5000E-04 NODE         201  -8.2%  0.7753E-01  0.4001E-08  0.1848E-07  0.8442E-01   0.000       15.43       0.000    
   83300   4.165      0.5000E-04 NODE         196  -8.2%  0.7753E-01  0.2832E-08  0.1859E-07  0.8442E-01   0.000       15.43       0.000    
     ANIMATION FILE: I02D_LAP_ELASTIC_H025_R2A026 WRITTEN
   83400   4.170      0.5000E-04 NODE         201  -8.2%  0.7753E-01  0.1830E-08  0.1870E-07  0.8442E-01   0.000       15.43       0.000    
   83500   4.175      0.5000E-04 NODE         201  -8.2%  0.7753E-01  0.9856E-09  0.1881E-07  0.8442E-01   0.000       15.43       0.000    
   83600   4.180      0.5000E-04 NODE         201  -8.2%  0.7753E-01  0.4594E-09  0.1892E-07  0.8442E-01   0.000       15.43       0.000    
   83700   4.185      0.5000E-04 NODE         201  -8.2%  0.7753E-01  0.2184E-09  0.1903E-07  0.8442E-01   0.000       15.43       0.000    
   83800   4.190      0.5000E-04 NODE         201  -8.2%  0.7753E-01  0.1193E-09  0.1915E-07  0.8442E-01   0.000       15.43       0.000    
   83900   4.195      0.5000E-04 NODE         196  -8.2%  0.7753E-01  0.2618E-09  0.1926E-07  0.8442E-01   0.000       15.43       0.000    
   84000   4.200      0.5000E-04 NODE         201  -8.2%  0.7753E-01  0.7579E-09  0.1937E-07  0.8442E-01   0.000       15.43       0.000    
   84100   4.205      0.5000E-04 NODE         201  -8.2%  0.7753E-01  0.1481E-08  0.1949E-07  0.8442E-01   0.000       15.43       0.000    
   84200   4.210      0.5000E-04 NODE         196  -8.2%  0.7753E-01  0.2387E-08  0.1961E-07  0.8442E-01   0.000       15.43       0.000    
   84300   4.215      0.5000E-04 NODE         201  -8.2%  0.7753E-01  0.3604E-08  0.1972E-07  0.8442E-01   0.000       15.43       0.000    
   84400   4.220      0.5000E-04 NODE         196  -8.2%  0.7753E-01  0.5045E-08  0.1984E-07  0.8442E-01   0.000       15.43       0.000    
   84500   4.225      0.5000E-04 NODE         201  -8.2%  0.7753E-01  0.6551E-08  0.1996E-07  0.8442E-01   0.000       15.43       0.000    
   84600   4.230      0.5000E-04 NODE         201  -8.2%  0.7753E-01  0.8232E-08  0.2008E-07  0.8442E-01   0.000       15.43       0.000    
   84700   4.235      0.5000E-04 NODE         201  -8.2%  0.7753E-01  0.1017E-07  0.2020E-07  0.8442E-01   0.000       15.43       0.000    
   84800   4.240      0.5000E-04 NODE         201  -8.2%  0.7753E-01  0.1217E-07  0.2032E-07  0.8442E-01   0.000       15.43       0.000    
   84900   4.245      0.5000E-04 NODE         201  -8.2%  0.7753E-01  0.1418E-07  0.2043E-07  0.8442E-01   0.000       15.43       0.000    
   85000   4.250      0.5000E-04 NODE         201  -8.2%  0.7753E-01  0.1634E-07  0.2056E-07  0.8442E-01   0.000       15.43       0.000    
   85100   4.255      0.5000E-04 NODE         201  -8.2%  0.7753E-01  0.1860E-07  0.2068E-07  0.8442E-01   0.000       15.43       0.000    
   85200   4.260      0.5000E-04 NODE         201  -8.2%  0.7753E-01  0.2079E-07  0.2080E-07  0.8442E-01   0.000       15.43       0.000    
   85300   4.265      0.5000E-04 NODE         201  -8.2%  0.7752E-01  0.2297E-07  0.2092E-07  0.8442E-01   0.000       15.43       0.000    
   85400   4.270      0.5000E-04 NODE         201  -8.2%  0.7752E-01  0.2520E-07  0.2104E-07  0.8442E-01   0.000       15.43       0.000    
   85500   4.275      0.5000E-04 NODE         196  -8.2%  0.7752E-01  0.2730E-07  0.2116E-07  0.8442E-01   0.000       15.43       0.000    
   85600   4.280      0.5000E-04 NODE         201  -8.2%  0.7752E-01  0.2917E-07  0.2128E-07  0.8442E-01   0.000       15.43       0.000    
   85700   4.285      0.5000E-04 NODE         201  -8.2%  0.7752E-01  0.3098E-07  0.2141E-07  0.8442E-01   0.000       15.43       0.000    
   85800   4.290      0.5000E-04 NODE         201  -8.2%  0.7752E-01  0.3270E-07  0.2153E-07  0.8442E-01   0.000       15.43       0.000    
   85900   4.295      0.5000E-04 NODE         201  -8.2%  0.7752E-01  0.3417E-07  0.2165E-07  0.8442E-01   0.000       15.43       0.000    
   86000   4.300      0.5000E-04 NODE         196  -8.2%  0.7752E-01  0.3544E-07  0.2178E-07  0.8442E-01   0.000       15.43       0.000    
   86100   4.305      0.5000E-04 NODE         201  -8.2%  0.7752E-01  0.3658E-07  0.2190E-07  0.8442E-01   0.000       15.43       0.000    
   86200   4.310      0.5000E-04 NODE         201  -8.2%  0.7752E-01  0.3747E-07  0.2203E-07  0.8442E-01   0.000       15.43       0.000    
   86300   4.315      0.5000E-04 NODE         201  -8.2%  0.7752E-01  0.3806E-07  0.2215E-07  0.8442E-01   0.000       15.43       0.000    
   86400   4.320      0.5000E-04 NODE         201  -8.2%  0.7752E-01  0.3848E-07  0.2227E-07  0.8442E-01   0.000       15.43       0.000    
   86500   4.325      0.5000E-04 NODE         201  -8.2%  0.7751E-01  0.3867E-07  0.2240E-07  0.8442E-01   0.000       15.43       0.000    
   86600   4.330      0.5000E-04 NODE         201  -8.2%  0.7751E-01  0.3850E-07  0.2252E-07  0.8442E-01   0.000       15.43       0.000    
     ANIMATION FILE: I02D_LAP_ELASTIC_H025_R2A027 WRITTEN
   86700   4.335      0.5000E-04 NODE         201  -8.2%  0.7751E-01  0.3804E-07  0.2264E-07  0.8442E-01   0.000       15.43       0.000    
   86800   4.340      0.5000E-04 NODE         201  -8.2%  0.7751E-01  0.3744E-07  0.2276E-07  0.8442E-01   0.000       15.43       0.000    
   86900   4.345      0.5000E-04 NODE         196  -8.2%  0.7751E-01  0.3659E-07  0.2288E-07  0.8442E-01   0.000       15.43       0.000    
   87000   4.350      0.5000E-04 NODE         201  -8.2%  0.7751E-01  0.3545E-07  0.2300E-07  0.8442E-01   0.000       15.43       0.000    
   87100   4.355      0.5000E-04 NODE         196  -8.2%  0.7751E-01  0.3418E-07  0.2312E-07  0.8442E-01   0.000       15.43       0.000    
   87200   4.360      0.5000E-04 NODE         201  -8.2%  0.7751E-01  0.3275E-07  0.2324E-07  0.8442E-01   0.000       15.43       0.000    
   87300   4.365      0.5000E-04 NODE         201  -8.2%  0.7751E-01  0.3104E-07  0.2337E-07  0.8442E-01   0.000       15.43       0.000    
   87400   4.370      0.5000E-04 NODE         201  -8.2%  0.7751E-01  0.2916E-07  0.2349E-07  0.8442E-01   0.000       15.43       0.000    
   87500   4.375      0.5000E-04 NODE         201  -8.2%  0.7751E-01  0.2727E-07  0.2361E-07  0.8442E-01   0.000       15.43       0.000    
   87600   4.380      0.5000E-04 NODE         201  -8.2%  0.7750E-01  0.2523E-07  0.2374E-07  0.8442E-01   0.000       15.43       0.000    
   87700   4.385      0.5000E-04 NODE         201  -8.2%  0.7750E-01  0.2300E-07  0.2386E-07  0.8442E-01   0.000       15.43       0.000    
   87800   4.390      0.5000E-04 NODE         201  -8.2%  0.7750E-01  0.2078E-07  0.2398E-07  0.8442E-01   0.000       15.43       0.000    
   87900   4.395      0.5000E-04 NODE         201  -8.2%  0.7750E-01  0.1861E-07  0.2411E-07  0.8442E-01   0.000       15.43       0.000    
   88000   4.400      0.5000E-04 NODE         201  -8.2%  0.7750E-01  0.1639E-07  0.2423E-07  0.8442E-01   0.000       15.43       0.000    
   88100   4.405      0.5000E-04 NODE         201  -8.2%  0.7750E-01  0.1420E-07  0.2436E-07  0.8442E-01   0.000       15.43       0.000    
   88200   4.410      0.5000E-04 NODE         196  -8.2%  0.7750E-01  0.1218E-07  0.2448E-07  0.8442E-01   0.000       15.43       0.000    
   88300   4.415      0.5000E-04 NODE         201  -8.2%  0.7750E-01  0.1022E-07  0.2461E-07  0.8442E-01   0.000       15.43       0.000    
   88400   4.420      0.5000E-04 NODE         201  -8.2%  0.7750E-01  0.8279E-08  0.2474E-07  0.8442E-01   0.000       15.43       0.000    
   88500   4.425      0.5000E-04 NODE         201  -8.2%  0.7750E-01  0.6525E-08  0.2486E-07  0.8442E-01   0.000       15.43       0.000    
   88600   4.430      0.5000E-04 NODE         201  -8.2%  0.7750E-01  0.5020E-08  0.2499E-07  0.8442E-01   0.000       15.43       0.000    
   88700   4.435      0.5000E-04 NODE         196  -8.2%  0.7750E-01  0.3619E-08  0.2512E-07  0.8442E-01   0.000       15.43       0.000    
   88800   4.440      0.5000E-04 NODE         201  -8.2%  0.7750E-01  0.2392E-08  0.2525E-07  0.8442E-01   0.000       15.43       0.000    
   88900   4.445      0.5000E-04 NODE         201  -8.2%  0.7750E-01  0.1473E-08  0.2537E-07  0.8442E-01   0.000       15.43       0.000    
   89000   4.450      0.5000E-04 NODE         201  -8.2%  0.7750E-01  0.7807E-09  0.2550E-07  0.8442E-01   0.000       15.43       0.000    
   89100   4.455      0.5000E-04 NODE         201  -8.2%  0.7750E-01  0.2798E-09  0.2563E-07  0.8442E-01   0.000       15.43       0.000    
   89200   4.460      0.5000E-04 NODE         201  -8.2%  0.7750E-01  0.9903E-10  0.2577E-07  0.8442E-01   0.000       15.43       0.000    
   89300   4.465      0.5000E-04 NODE         201  -8.2%  0.7750E-01  0.2225E-09  0.2590E-07  0.8442E-01   0.000       15.43       0.000    
   89400   4.470      0.5000E-04 NODE         201  -8.2%  0.7750E-01  0.4970E-09  0.2603E-07  0.8442E-01   0.000       15.43       0.000    
   89500   4.475      0.5000E-04 NODE         201  -8.2%  0.7750E-01  0.9732E-09  0.2617E-07  0.8442E-01   0.000       15.43       0.000    
   89600   4.480      0.5000E-04 NODE         201  -8.2%  0.7750E-01  0.1775E-08  0.2630E-07  0.8442E-01   0.000       15.43       0.000    
   89700   4.485      0.5000E-04 NODE         201  -8.2%  0.7750E-01  0.2809E-08  0.2644E-07  0.8442E-01   0.000       15.43       0.000    
   89800   4.490      0.5000E-04 NODE         201  -8.2%  0.7750E-01  0.3982E-08  0.2657E-07  0.8442E-01   0.000       15.43       0.000    
   89900   4.495      0.5000E-04 NODE         201  -8.2%  0.7750E-01  0.5419E-08  0.2671E-07  0.8442E-01   0.000       15.43       0.000    
   CYCLE    TIME      TIME-STEP  ELEMENT          ERROR  I-ENERGY    K-ENERGY T  K-ENERGY R  EXT-WORK     MAS.ERR     TOTAL MASS  MASS ADDED
   90000   4.500      0.5000E-04 NODE         201  -8.2%  0.7750E-01  0.7108E-08  0.2684E-07  0.8442E-01   0.000       15.43       0.000    
     ANIMATION FILE: I02D_LAP_ELASTIC_H025_R2A028 WRITTEN
   90100   4.505      0.5000E-04 NODE         201  -8.2%  0.7750E-01  0.8869E-08  0.2698E-07  0.8442E-01   0.000       15.43       0.000    
   90200   4.510      0.5000E-04 NODE         201  -8.2%  0.7750E-01  0.1075E-07  0.2712E-07  0.8442E-01   0.000       15.43       0.000    
   90300   4.515      0.5000E-04 NODE         201  -8.2%  0.7750E-01  0.1286E-07  0.2726E-07  0.8442E-01   0.000       15.43       0.000    
   90400   4.520      0.5000E-04 NODE         196  -8.2%  0.7750E-01  0.1503E-07  0.2740E-07  0.8442E-01   0.000       15.43       0.000    
   90500   4.525      0.5000E-04 NODE         201  -8.2%  0.7750E-01  0.1714E-07  0.2754E-07  0.8442E-01   0.000       15.43       0.000    
   90600   4.530      0.5000E-04 NODE         201  -8.2%  0.7750E-01  0.1930E-07  0.2768E-07  0.8442E-01   0.000       15.43       0.000    
   90700   4.535      0.5000E-04 NODE         201  -8.2%  0.7750E-01  0.2154E-07  0.2782E-07  0.8442E-01   0.000       15.43       0.000    
   90800   4.540      0.5000E-04 NODE         201  -8.2%  0.7750E-01  0.2370E-07  0.2796E-07  0.8442E-01   0.000       15.43       0.000    
   90900   4.545      0.5000E-04 NODE         201  -8.2%  0.7750E-01  0.2578E-07  0.2810E-07  0.8442E-01   0.000       15.43       0.000    
   91000   4.550      0.5000E-04 NODE         201  -8.2%  0.7750E-01  0.2786E-07  0.2824E-07  0.8442E-01   0.000       15.43       0.000    
   91100   4.555      0.5000E-04 NODE         201  -8.2%  0.7751E-01  0.2983E-07  0.2838E-07  0.8442E-01   0.000       15.43       0.000    
   91200   4.560      0.5000E-04 NODE         201  -8.2%  0.7751E-01  0.3157E-07  0.2853E-07  0.8442E-01   0.000       15.43       0.000    
   91300   4.565      0.5000E-04 NODE         201  -8.2%  0.7751E-01  0.3318E-07  0.2867E-07  0.8442E-01   0.000       15.43       0.000    
   91400   4.570      0.5000E-04 NODE         201  -8.2%  0.7751E-01  0.3469E-07  0.2881E-07  0.8442E-01   0.000       15.43       0.000    
   91500   4.575      0.5000E-04 NODE         201  -8.2%  0.7751E-01  0.3592E-07  0.2895E-07  0.8442E-01   0.000       15.43       0.000    
   91600   4.580      0.5000E-04 NODE         201  -8.2%  0.7751E-01  0.3688E-07  0.2909E-07  0.8442E-01   0.000       15.43       0.000    
   91700   4.585      0.5000E-04 NODE         201  -8.2%  0.7751E-01  0.3767E-07  0.2923E-07  0.8442E-01   0.000       15.43       0.000    
   91800   4.590      0.5000E-04 NODE         201  -8.2%  0.7751E-01  0.3822E-07  0.2937E-07  0.8442E-01   0.000       15.43       0.000    
   91900   4.595      0.5000E-04 NODE         201  -8.2%  0.7751E-01  0.3846E-07  0.2951E-07  0.8442E-01   0.000       15.43       0.000    
   92000   4.600      0.5000E-04 NODE         201  -8.2%  0.7752E-01  0.3853E-07  0.2965E-07  0.8442E-01   0.000       15.43       0.000    
   92100   4.605      0.5000E-04 NODE         201  -8.2%  0.7752E-01  0.3840E-07  0.2979E-07  0.8442E-01   0.000       15.43       0.000    
   92200   4.610      0.5000E-04 NODE         201  -8.2%  0.7752E-01  0.3794E-07  0.2993E-07  0.8442E-01   0.000       15.43       0.000    
   92300   4.615      0.5000E-04 NODE         201  -8.2%  0.7752E-01  0.3718E-07  0.3007E-07  0.8442E-01   0.000       15.43       0.000    
   92400   4.620      0.5000E-04 NODE         201  -8.2%  0.7752E-01  0.3627E-07  0.3021E-07  0.8442E-01   0.000       15.43       0.000    
   92500   4.625      0.5000E-04 NODE         201  -8.2%  0.7752E-01  0.3513E-07  0.3035E-07  0.8442E-01   0.000       15.43       0.000    
   92600   4.630      0.5000E-04 NODE         201  -8.2%  0.7752E-01  0.3369E-07  0.3049E-07  0.8442E-01   0.000       15.43       0.000    
   92700   4.635      0.5000E-04 NODE         201  -8.2%  0.7752E-01  0.3210E-07  0.3063E-07  0.8442E-01   0.000       15.43       0.000    
   92800   4.640      0.5000E-04 NODE         201  -8.2%  0.7752E-01  0.3042E-07  0.3078E-07  0.8442E-01   0.000       15.43       0.000    
   92900   4.645      0.5000E-04 NODE         201  -8.2%  0.7752E-01  0.2851E-07  0.3092E-07  0.8442E-01   0.000       15.43       0.000    
   93000   4.650      0.5000E-04 NODE         201  -8.2%  0.7752E-01  0.2646E-07  0.3106E-07  0.8442E-01   0.000       15.43       0.000    
   93100   4.655      0.5000E-04 NODE         201  -8.2%  0.7752E-01  0.2444E-07  0.3120E-07  0.8442E-01   0.000       15.43       0.000    
   93200   4.660      0.5000E-04 NODE         201  -8.2%  0.7752E-01  0.2235E-07  0.3134E-07  0.8442E-01   0.000       15.43       0.000    
   93300   4.665      0.5000E-04 NODE         201  -8.2%  0.7753E-01  0.2010E-07  0.3148E-07  0.8442E-01   0.000       15.43       0.000    
     ANIMATION FILE: I02D_LAP_ELASTIC_H025_R2A029 WRITTEN
   93400   4.670      0.5000E-04 NODE         201  -8.2%  0.7753E-01  0.1785E-07  0.3162E-07  0.8442E-01   0.000       15.43       0.000    
   93500   4.675      0.5000E-04 NODE         201  -8.2%  0.7753E-01  0.1569E-07  0.3176E-07  0.8442E-01   0.000       15.43       0.000    
   93600   4.680      0.5000E-04 NODE         196  -8.2%  0.7753E-01  0.1353E-07  0.3190E-07  0.8442E-01   0.000       15.43       0.000    
   93700   4.685      0.5000E-04 NODE         201  -8.2%  0.7753E-01  0.1141E-07  0.3205E-07  0.8442E-01   0.000       15.43       0.000    
   93800   4.690      0.5000E-04 NODE         201  -8.2%  0.7753E-01  0.9477E-08  0.3219E-07  0.8442E-01   0.000       15.43       0.000    
   93900   4.695      0.5000E-04 NODE         201  -8.2%  0.7753E-01  0.7689E-08  0.3233E-07  0.8442E-01   0.000       15.43       0.000    
   94000   4.700      0.5000E-04 NODE         201  -8.2%  0.7753E-01  0.5970E-08  0.3247E-07  0.8442E-01   0.000       15.43       0.000    
   94100   4.705      0.5000E-04 NODE         201  -8.2%  0.7753E-01  0.4459E-08  0.3262E-07  0.8442E-01   0.000       15.43       0.000    
   94200   4.710      0.5000E-04 NODE         201  -8.2%  0.7753E-01  0.3233E-08  0.3276E-07  0.8442E-01   0.000       15.43       0.000    
   94300   4.715      0.5000E-04 NODE         201  -8.2%  0.7753E-01  0.2154E-08  0.3291E-07  0.8442E-01   0.000       15.43       0.000    
   94400   4.720      0.5000E-04 NODE         201  -8.2%  0.7753E-01  0.1231E-08  0.3306E-07  0.8442E-01   0.000       15.43       0.000    
   94500   4.725      0.5000E-04 NODE         201  -8.2%  0.7753E-01  0.6001E-09  0.3321E-07  0.8442E-01   0.000       15.43       0.000    
   94600   4.730      0.5000E-04 NODE         201  -8.2%  0.7753E-01  0.2245E-09  0.3335E-07  0.8442E-01   0.000       15.43       0.000    
   94700   4.735      0.5000E-04 NODE         201  -8.2%  0.7753E-01  0.3868E-10  0.3350E-07  0.8442E-01   0.000       15.43       0.000    
   94800   4.740      0.5000E-04 NODE         201  -8.2%  0.7753E-01  0.1624E-09  0.3365E-07  0.8442E-01   0.000       15.43       0.000    
   94900   4.745      0.5000E-04 NODE         201  -8.2%  0.7753E-01  0.6176E-09  0.3380E-07  0.8442E-01   0.000       15.43       0.000    
   95000   4.750      0.5000E-04 NODE         201  -8.2%  0.7753E-01  0.1248E-08  0.3395E-07  0.8442E-01   0.000       15.43       0.000    
   95100   4.755      0.5000E-04 NODE         201  -8.2%  0.7753E-01  0.2063E-08  0.3410E-07  0.8442E-01   0.000       15.43       0.000    
   95200   4.760      0.5000E-04 NODE         201  -8.2%  0.7753E-01  0.3193E-08  0.3426E-07  0.8442E-01   0.000       15.43       0.000    
   95300   4.765      0.5000E-04 NODE         201  -8.2%  0.7753E-01  0.4560E-08  0.3441E-07  0.8442E-01   0.000       15.43       0.000    
   95400   4.770      0.5000E-04 NODE         201  -8.2%  0.7753E-01  0.6018E-08  0.3456E-07  0.8442E-01   0.000       15.43       0.000    
   95500   4.775      0.5000E-04 NODE         201  -8.2%  0.7753E-01  0.7650E-08  0.3472E-07  0.8442E-01   0.000       15.43       0.000    
   95600   4.780      0.5000E-04 NODE         201  -8.2%  0.7753E-01  0.9513E-08  0.3487E-07  0.8442E-01   0.000       15.43       0.000    
   95700   4.785      0.5000E-04 NODE         201  -8.2%  0.7753E-01  0.1145E-07  0.3503E-07  0.8442E-01   0.000       15.43       0.000    
   95800   4.790      0.5000E-04 NODE         201  -8.2%  0.7753E-01  0.1346E-07  0.3519E-07  0.8442E-01   0.000       15.43       0.000    
   95900   4.795      0.5000E-04 NODE         201  -8.2%  0.7753E-01  0.1565E-07  0.3534E-07  0.8442E-01   0.000       15.43       0.000    
   96000   4.800      0.5000E-04 NODE         201  -8.2%  0.7753E-01  0.1792E-07  0.3550E-07  0.8442E-01   0.000       15.43       0.000    
   96100   4.805      0.5000E-04 NODE         201  -8.2%  0.7753E-01  0.2010E-07  0.3566E-07  0.8442E-01   0.000       15.43       0.000    
   96200   4.810      0.5000E-04 NODE         201  -8.2%  0.7753E-01  0.2227E-07  0.3582E-07  0.8442E-01   0.000       15.43       0.000    
   96300   4.815      0.5000E-04 NODE         201  -8.2%  0.7752E-01  0.2447E-07  0.3598E-07  0.8442E-01   0.000       15.43       0.000    
   96400   4.820      0.5000E-04 NODE         201  -8.2%  0.7752E-01  0.2657E-07  0.3614E-07  0.8442E-01   0.000       15.43       0.000    
   96500   4.825      0.5000E-04 NODE         201  -8.2%  0.7752E-01  0.2852E-07  0.3630E-07  0.8442E-01   0.000       15.43       0.000    
   96600   4.830      0.5000E-04 NODE         201  -8.2%  0.7752E-01  0.3039E-07  0.3645E-07  0.8442E-01   0.000       15.43       0.000    
     ANIMATION FILE: I02D_LAP_ELASTIC_H025_R2A030 WRITTEN
   96700   4.835      0.5000E-04 NODE         201  -8.2%  0.7752E-01  0.3215E-07  0.3661E-07  0.8442E-01   0.000       15.43       0.000    
   96800   4.840      0.5000E-04 NODE         201  -8.2%  0.7752E-01  0.3367E-07  0.3676E-07  0.8442E-01   0.000       15.43       0.000    
   96900   4.845      0.5000E-04 NODE         201  -8.2%  0.7752E-01  0.3503E-07  0.3692E-07  0.8442E-01   0.000       15.43       0.000    
   97000   4.850      0.5000E-04 NODE         201  -8.2%  0.7752E-01  0.3628E-07  0.3708E-07  0.8442E-01   0.000       15.43       0.000    
   97100   4.855      0.5000E-04 NODE         201  -8.2%  0.7752E-01  0.3725E-07  0.3724E-07  0.8442E-01   0.000       15.43       0.000    
   97200   4.860      0.5000E-04 NODE         201  -8.2%  0.7752E-01  0.3791E-07  0.3740E-07  0.8442E-01   0.000       15.43       0.000    
   97300   4.865      0.5000E-04 NODE         201  -8.2%  0.7752E-01  0.3838E-07  0.3756E-07  0.8442E-01   0.000       15.43       0.000    
   97400   4.870      0.5000E-04 NODE         201  -8.2%  0.7752E-01  0.3861E-07  0.3772E-07  0.8442E-01   0.000       15.43       0.000    
   97500   4.875      0.5000E-04 NODE         201  -8.2%  0.7751E-01  0.3851E-07  0.3788E-07  0.8442E-01   0.000       15.43       0.000    
   97600   4.880      0.5000E-04 NODE         201  -8.2%  0.7751E-01  0.3819E-07  0.3804E-07  0.8442E-01   0.000       15.43       0.000    
   97700   4.885      0.5000E-04 NODE         201  -8.2%  0.7751E-01  0.3770E-07  0.3820E-07  0.8442E-01   0.000       15.43       0.000    
   97800   4.890      0.5000E-04 NODE         201  -8.2%  0.7751E-01  0.3691E-07  0.3835E-07  0.8442E-01   0.000       15.43       0.000    
   97900   4.895      0.5000E-04 NODE         201  -8.2%  0.7751E-01  0.3583E-07  0.3851E-07  0.8442E-01   0.000       15.43       0.000    
   98000   4.900      0.5000E-04 NODE         201  -8.2%  0.7751E-01  0.3463E-07  0.3867E-07  0.8442E-01   0.000       15.43       0.000    
   98100   4.905      0.5000E-04 NODE         201  -8.2%  0.7751E-01  0.3326E-07  0.3883E-07  0.8442E-01   0.000       15.43       0.000    
   98200   4.910      0.5000E-04 NODE         201  -8.2%  0.7751E-01  0.3162E-07  0.3899E-07  0.8442E-01   0.000       15.43       0.000    
   98300   4.915      0.5000E-04 NODE         201  -8.2%  0.7751E-01  0.2979E-07  0.3915E-07  0.8442E-01   0.000       15.43       0.000    
   98400   4.920      0.5000E-04 NODE         201  -8.2%  0.7751E-01  0.2790E-07  0.3931E-07  0.8442E-01   0.000       15.43       0.000    
   98500   4.925      0.5000E-04 NODE         201  -8.2%  0.7750E-01  0.2585E-07  0.3947E-07  0.8442E-01   0.000       15.43       0.000    
   98600   4.930      0.5000E-04 NODE         201  -8.2%  0.7750E-01  0.2365E-07  0.3962E-07  0.8442E-01   0.000       15.43       0.000    
   98700   4.935      0.5000E-04 NODE         201  -8.2%  0.7750E-01  0.2150E-07  0.3978E-07  0.8442E-01   0.000       15.43       0.000    
   98800   4.940      0.5000E-04 NODE         201  -8.2%  0.7750E-01  0.1936E-07  0.3994E-07  0.8442E-01   0.000       15.43       0.000    
   98900   4.945      0.5000E-04 NODE         201  -8.2%  0.7750E-01  0.1713E-07  0.4010E-07  0.8442E-01   0.000       15.43       0.000    
   99000   4.950      0.5000E-04 NODE         201  -8.2%  0.7750E-01  0.1493E-07  0.4026E-07  0.8442E-01   0.000       15.43       0.000    
   99100   4.955      0.5000E-04 NODE         201  -8.2%  0.7750E-01  0.1286E-07  0.4042E-07  0.8442E-01   0.000       15.43       0.000    
   99200   4.960      0.5000E-04 NODE         201  -8.2%  0.7750E-01  0.1085E-07  0.4058E-07  0.8442E-01   0.000       15.43       0.000    
   99300   4.965      0.5000E-04 NODE         201  -8.2%  0.7750E-01  0.8888E-08  0.4075E-07  0.8442E-01   0.000       15.43       0.000    
   99400   4.970      0.5000E-04 NODE         201  -8.2%  0.7750E-01  0.7093E-08  0.4091E-07  0.8442E-01   0.000       15.43       0.000    
   99500   4.975      0.5000E-04 NODE         201  -8.2%  0.7750E-01  0.5481E-08  0.4107E-07  0.8442E-01   0.000       15.43       0.000    
   99600   4.980      0.5000E-04 NODE         201  -8.2%  0.7750E-01  0.3989E-08  0.4124E-07  0.8442E-01   0.000       15.43       0.000    
   99700   4.985      0.5000E-04 NODE         201  -8.2%  0.7750E-01  0.2716E-08  0.4140E-07  0.8442E-01   0.000       15.43       0.000    
   99800   4.990      0.5000E-04 NODE         201  -8.2%  0.7750E-01  0.1769E-08  0.4157E-07  0.8442E-01   0.000       15.43       0.000    
   99900   4.995      0.5000E-04 NODE         201  -8.2%  0.7750E-01  0.1022E-08  0.4173E-07  0.8442E-01   0.000       15.43       0.000    
   CYCLE    TIME      TIME-STEP  ELEMENT          ERROR  I-ENERGY    K-ENERGY T  K-ENERGY R  EXT-WORK     MAS.ERR     TOTAL MASS  MASS ADDED
  100000   5.000      0.5000E-04 NODE         201  -8.2%  0.7750E-01  0.4392E-09  0.4190E-07  0.8442E-01   0.000       15.43       0.000    

     RESTART FILES: I02D_LAP_ELASTIC_H025_R2_0001_[0001-0001].rst WRITTEN
     -------------

     ANIMATION FILE: I02D_LAP_ELASTIC_H025_R2A031 WRITTEN
  
                           ** CPU USER TIME **
  
  
                        ** SUMMARY **
  
 #PROC  CONTSORT  CONTFOR   ELEMENT   KINCOND   INTEG     IO        T0        ASM       RESOL    
   1   .9844E+00 .2938E+01 .1378E+02 .7500E+00 .8750E+00 .1781E+02 .1391E+01 .1531E+01 .4245E+02
  
 
                   ** CUMULATIVE CPU TIME SUMMARY **
  
 CONTACT SORTING.............: .9844E+00     2.32 % 
 CONTACT FORCES..............: .2938E+01     6.92 % 
 ELEMENT FORCES..............: .1378E+02    32.46 % 
 KINEMATIC COND..............: .7500E+00     1.77 % 
 INTEGRATION.................: .8750E+00     2.06 % 
 ASSEMBLING..................: .1531E+01     3.61 % 
 OTHERS (including I/O)......: .2159E+02    50.86 % 
 TOTAL.......................: .4245E+02   100.00 % 
  
  
                           ** ELAPSED TIME **
  
  
                        ** SUMMARY **
  
 #PROC  CONTSORT  CONTFOR   ELEMENT   KINCOND   INTEG     IO        T0        ASM       RESOL    
   1   .1199E+01 .2935E+01 .1416E+02 .7733E+00 .7866E+00 .1679E+02 .1800E+01 .1607E+01 .4257E+02
  
                   ** MEMORY USAGE STATISTICS **
  
 TOTAL MEMORY USED .........................:       53 MB
 MAXIMUM MEMORY PER PROCESSOR...............:       53 MB
 MINIMUM MEMORY PER PROCESSOR...............:       53 MB
 AVERAGE MEMORY PER PROCESSOR...............:       53 MB
  
                   ** DISK USAGE STATISTICS **
  
 TOTAL DISK SPACE USED .....................:         70 MB
 ANIMATION/H3D/TH/OUTP SIZE ................:         69 MB
 RESTART FILE SIZE .........................:          0 MB
  
                   ** COMPUTE TIME INFORMATION **
                        ** CURRENT ENGINE **
  
 EXECUTION STARTED .........................:      2026/09/13  20:01:25
 EXECUTION COMPLETED .......................:      2026/09/13  20:02:07
  
 ELAPSED TIME     =         42.61 s
                          0:00:42



     NORMAL TERMINATION      



     TOTAL NUMBER OF CYCLES  :  100002

  
                   ** COMPUTE RUNTIME INFORMATION SUMMARY **
  
        STARTER RUNTIME =          0.82s (00:00:00)
 # 001   ENGINE RUNTIME =         42.61s (00:00:42)
 ------------------------------ 
 STARTER+ENGINE RUNTIME =         43.43s (00:00:43)
  
