"time","INTERNAL ENERGY","KINETIC ENERGY","X-MOMENTUM","Y-MOMENTUM","Z-MOMENTUM","MASS","TIME STEP","ROTATION ENERGY","EXTERNAL WORK","SPRING ENERGY","CONTACT ENERGY","HOURGLASS ENERGY","ELASTIC CONTACT ENERGY","FRICTIONAL CONTACT ENERGY","DAMPING CONTACT ENERGY ","PLASTIC WORK","ADDED MASS","PERCENTAGE ADDED MASS","INLET MASS","OUTLET MASS","INLET ENERGY","OUTLET ENERGY","DEFORMABLE_ENGINE_CORE_EQUIVALENT         IE ","DEFORMABLE_ENGINE_CORE_EQUIVALENT         KE ","DEFORMABLE_ENGINE_CORE_EQUIVALENT         ZMOM ","DEFORMABLE_ENGINE_CORE_EQUIVALENT         MASS ","DEFORMABLE_ENGINE_CORE_EQUIVALENT         HE ","DEFORMABLE_ENGINE_CORE_EQUIVALENT         ERODED ","DEFORMABLE_ENGINE_CORE_EQUIVALENT         VZ ","DEFORMABLE_COWLING_EQUIVALENT             IE ","DEFORMABLE_COWLING_EQUIVALENT             KE ","DEFORMABLE_COWLING_EQUIVALENT             ZMOM ","DEFORMABLE_COWLING_EQUIVALENT             MASS ","DEFORMABLE_COWLING_EQUIVALENT             HE ","DEFORMABLE_COWLING_EQUIVALENT             ERODED ","DEFORMABLE_COWLING_EQUIVALENT             VZ ","TH_FACADE_CONTACT                        1 PROJECTILE_TO_FACADE_DEFORMABLE_CONTACT  var 37","TH_CORE_TO_COWLING_CONTACT               2 CORE_NODES_TO_COWLING_SURFACE            var 38","TH_COWLING_TO_CORE_CONTACT               3 COWLING_NODES_TO_CORE_SURFACE            var 39"
0.000000e+00,0.000000e+00,8.938580e+10,0.000000e+00,0.000000e+00,-9.027455e+08,8.368966e+06,1.213448e-03,0.000000e+00,0.000000e+00,0.000000e+00,0.000000e+00,0.000000e+00,0.000000e+00,0.000000e+00,0.000000e+00,0.000000e+00,5.587935e-09,6.676972e-14,0.000000e+00,0.000000e+00,0.000000e+00,0.000000e+00,0.000000e+00,7.058934e+10,-7.129120e+08,3.600002e+06,0.000000e+00,0.000000e+00,-1.980310e+02,0.000000e+00,1.879645e+10,-1.898334e+08,9.586046e+05,0.000000e+00,0.000000e+00,-1.980310e+02,0.000000e+00,0.000000e+00,0.000000e+00
2.062862e-02,0.000000e+00,8.938580e+10,0.000000e+00,0.000000e+00,-9.027455e+08,8.368966e+06,1.213448e-03,0.000000e+00,0.000000e+00,0.000000e+00,0.000000e+00,0.000000e+00,0.000000e+00,0.000000e+00,0.000000e+00,0.000000e+00,5.587935e-09,6.676972e-14,0.000000e+00,0.000000e+00,0.000000e+00,0.000000e+00,0.000000e+00,7.058934e+10,-7.129120e+08,3.600002e+06,0.000000e+00,0.000000e+00,-1.980310e+02,0.000000e+00,1.879645e+10,-1.898334e+08,9.586046e+05,0.000000e+00,0.000000e+00,-1.980310e+02,0.000000e+00,0.000000e+00,0.000000e+00
4.004380e-02,0.000000e+00,8.938580e+10,0.000000e+00,0.000000e+00,-9.027455e+08,8.368966e+06,1.213448e-03,0.000000e+00,0.000000e+00,0.000000e+00,0.000000e+00,0.000000e+00,0.000000e+00,0.000000e+00,0.000000e+00,0.000000e+00,5.587935e-09,6.676972e-14,0.000000e+00,0.000000e+00,0.000000e+00,0.000000e+00,0.000000e+00,7.058934e+10,-7.129120e+08,3.600002e+06,0.000000e+00,0.000000e+00,-1.980310e+02,0.000000e+00,1.879645e+10,-1.898334e+08,9.586046e+05,0.000000e+00,0.000000e+00,-1.980310e+02,0.000000e+00,0.000000e+00,0.000000e+00
6.067242e-02,0.000000e+00,8.938580e+10,0.000000e+00,0.000000e+00,-9.027455e+08,8.368966e+06,1.213448e-03,0.000000e+00,0.000000e+00,0.000000e+00,0.000000e+00,0.000000e+00,0.000000e+00,0.000000e+00,0.000000e+00,0.000000e+00,5.587935e-09,6.676972e-14,0.000000e+00,0.000000e+00,0.000000e+00,0.000000e+00,0.000000e+00,7.058934e+10,-7.129120e+08,3.600002e+06,0.000000e+00,0.000000e+00,-1.980310e+02,0.000000e+00,1.879645e+10,-1.898334e+08,9.586046e+05,0.000000e+00,0.000000e+00,-1.980310e+02,0.000000e+00,0.000000e+00,0.000000e+00
8.008759e-02,0.000000e+00,8.938580e+10,0.000000e+00,0.000000e+00,-9.027455e+08,8.368966e+06,1.213448e-03,0.000000e+00,0.000000e+00,0.000000e+00,0.000000e+00,0.000000e+00,0.000000e+00,0.000000e+00,0.000000e+00,0.000000e+00,5.587935e-09,6.676972e-14,0.000000e+00,0.000000e+00,0.000000e+00,0.000000e+00,0.000000e+00,7.058934e+10,-7.129120e+08,3.600002e+06,0.000000e+00,0.000000e+00,-1.980310e+02,0.000000e+00,1.879645e+10,-1.898334e+08,9.586046e+05,0.000000e+00,0.000000e+00,-1.980310e+02,0.000000e+00,0.000000e+00,0.000000e+00
1.007162e-01,0.000000e+00,8.938580e+10,0.000000e+00,0.000000e+00,-9.027455e+08,8.368966e+06,1.213448e-03,0.000000e+00,0.000000e+00,0.000000e+00,0.000000e+00,0.000000e+00,0.000000e+00,0.000000e+00,0.000000e+00,0.000000e+00,5.587935e-09,6.676972e-14,0.000000e+00,0.000000e+00,0.000000e+00,0.000000e+00,0.000000e+00,7.058934e+10,-7.129120e+08,3.600002e+06,0.000000e+00,0.000000e+00,-1.980310e+02,0.000000e+00,1.879645e+10,-1.898334e+08,9.586046e+05,0.000000e+00,0.000000e+00,-1.980310e+02,0.000000e+00,0.000000e+00,0.000000e+00
1.201314e-01,0.000000e+00,8.938580e+10,0.000000e+00,0.000000e+00,-9.027455e+08,8.368966e+06,1.213448e-03,0.000000e+00,0.000000e+00,0.000000e+00,0.000000e+00,0.000000e+00,0.000000e+00,0.000000e+00,0.000000e+00,0.000000e+00,5.587935e-09,6.676972e-14,0.000000e+00,0.000000e+00,0.000000e+00,0.000000e+00,0.000000e+00,7.058934e+10,-7.129120e+08,3.600002e+06,0.000000e+00,0.000000e+00,-1.980310e+02,0.000000e+00,1.879645e+10,-1.898334e+08,9.586046e+05,0.000000e+00,0.000000e+00,-1.980310e+02,0.000000e+00,0.000000e+00,0.000000e+00
1.407600e-01,0.000000e+00,8.938580e+10,0.000000e+00,0.000000e+00,-9.027455e+08,8.368966e+06,1.213448e-03,0.000000e+00,0.000000e+00,0.000000e+00,0.000000e+00,0.000000e+00,0.000000e+00,0.000000e+00,0.000000e+00,0.000000e+00,5.587935e-09,6.676972e-14,0.000000e+00,0.000000e+00,0.000000e+00,0.000000e+00,0.000000e+00,7.058934e+10,-7.129120e+08,3.600002e+06,0.000000e+00,0.000000e+00,-1.980310e+02,0.000000e+00,1.879645e+10,-1.898334e+08,9.586046e+05,0.000000e+00,0.000000e+00,-1.980310e+02,0.000000e+00,0.000000e+00,0.000000e+00
1.601752e-01,0.000000e+00,8.938580e+10,0.000000e+00,0.000000e+00,-9.027455e+08,8.368966e+06,1.213448e-03,0.000000e+00,0.000000e+00,0.000000e+00,0.000000e+00,0.000000e+00,0.000000e+00,0.000000e+00,0.000000e+00,0.000000e+00,5.587935e-09,6.676972e-14,0.000000e+00,0.000000e+00,0.000000e+00,0.000000e+00,0.000000e+00,7.058934e+10,-7.129120e+08,3.600002e+06,0.000000e+00,0.000000e+00,-1.980310e+02,0.000000e+00,1.879645e+10,-1.898334e+08,9.586046e+05,0.000000e+00,0.000000e+00,-1.980310e+02,0.000000e+00,0.000000e+00,0.000000e+00
1.808038e-01,0.000000e+00,8.938580e+10,0.000000e+00,0.000000e+00,-9.027455e+08,8.368966e+06,1.213448e-03,0.000000e+00,0.000000e+00,0.000000e+00,0.000000e+00,0.000000e+00,0.000000e+00,0.000000e+00,0.000000e+00,0.000000e+00,5.587935e-09,6.676972e-14,0.000000e+00,0.000000e+00,0.000000e+00,0.000000e+00,0.000000e+00,7.058934e+10,-7.129120e+08,3.600002e+06,0.000000e+00,0.000000e+00,-1.980310e+02,0.000000e+00,1.879645e+10,-1.898334e+08,9.586046e+05,0.000000e+00,0.000000e+00,-1.980310e+02,0.000000e+00,0.000000e+00,0.000000e+00
2.002190e-01,0.000000e+00,8.938580e+10,0.000000e+00,0.000000e+00,-9.027455e+08,8.368966e+06,1.213448e-03,0.000000e+00,0.000000e+00,0.000000e+00,0.000000e+00,0.000000e+00,0.000000e+00,0.000000e+00,0.000000e+00,0.000000e+00,5.587935e-09,6.676972e-14,0.000000e+00,0.000000e+00,0.000000e+00,0.000000e+00,0.000000e+00,7.058934e+10,-7.129120e+08,3.600002e+06,0.000000e+00,0.000000e+00,-1.980310e+02,0.000000e+00,1.879645e+10,-1.898334e+08,9.586046e+05,0.000000e+00,0.000000e+00,-1.980310e+02,0.000000e+00,0.000000e+00,0.000000e+00
2.208476e-01,0.000000e+00,8.938580e+10,0.000000e+00,0.000000e+00,-9.027455e+08,8.368966e+06,1.213448e-03,0.000000e+00,0.000000e+00,0.000000e+00,0.000000e+00,0.000000e+00,0.000000e+00,0.000000e+00,0.000000e+00,0.000000e+00,5.587935e-09,6.676972e-14,0.000000e+00,0.000000e+00,0.000000e+00,0.000000e+00,0.000000e+00,7.058934e+10,-7.129120e+08,3.600002e+06,0.000000e+00,0.000000e+00,-1.980310e+02,0.000000e+00,1.879645e+10,-1.898334e+08,9.586046e+05,0.000000e+00,0.000000e+00,-1.980310e+02,0.000000e+00,0.000000e+00,0.000000e+00
2.402628e-01,0.000000e+00,8.938580e+10,0.000000e+00,0.000000e+00,-9.027455e+08,8.368966e+06,1.213448e-03,0.000000e+00,0.000000e+00,0.000000e+00,0.000000e+00,0.000000e+00,0.000000e+00,0.000000e+00,0.000000e+00,0.000000e+00,5.587935e-09,6.676972e-14,0.000000e+00,0.000000e+00,0.000000e+00,0.000000e+00,0.000000e+00,7.058934e+10,-7.129120e+08,3.600002e+06,0.000000e+00,0.000000e+00,-1.980310e+02,0.000000e+00,1.879645e+10,-1.898334e+08,9.586046e+05,0.000000e+00,0.000000e+00,-1.980310e+02,0.000000e+00,0.000000e+00,0.000000e+00
2.608914e-01,0.000000e+00,8.938580e+10,0.000000e+00,0.000000e+00,-9.027455e+08,8.368966e+06,1.213448e-03,0.000000e+00,0.000000e+00,0.000000e+00,0.000000e+00,0.000000e+00,0.000000e+00,0.000000e+00,0.000000e+00,0.000000e+00,5.587935e-09,6.676972e-14,0.000000e+00,0.000000e+00,0.000000e+00,0.000000e+00,0.000000e+00,7.058934e+10,-7.129120e+08,3.600002e+06,0.000000e+00,0.000000e+00,-1.980310e+02,0.000000e+00,1.879645e+10,-1.898334e+08,9.586046e+05,0.000000e+00,0.000000e+00,-1.980310e+02,0.000000e+00,0.000000e+00,0.000000e+00
2.803066e-01,0.000000e+00,8.938580e+10,0.000000e+00,0.000000e+00,-9.027455e+08,8.368966e+06,1.213448e-03,0.000000e+00,0.000000e+00,0.000000e+00,0.000000e+00,0.000000e+00,0.000000e+00,0.000000e+00,0.000000e+00,0.000000e+00,5.587935e-09,6.676972e-14,0.000000e+00,0.000000e+00,0.000000e+00,0.000000e+00,0.000000e+00,7.058934e+10,-7.129120e+08,3.600002e+06,0.000000e+00,0.000000e+00,-1.980310e+02,0.000000e+00,1.879645e+10,-1.898334e+08,9.586046e+05,0.000000e+00,0.000000e+00,-1.980310e+02,0.000000e+00,0.000000e+00,0.000000e+00
3.009352e-01,0.000000e+00,8.938580e+10,0.000000e+00,0.000000e+00,-9.027455e+08,8.368966e+06,1.213448e-03,0.000000e+00,0.000000e+00,0.000000e+00,0.000000e+00,0.000000e+00,0.000000e+00,0.000000e+00,0.000000e+00,0.000000e+00,5.587935e-09,6.676972e-14,0.000000e+00,0.000000e+00,0.000000e+00,0.000000e+00,0.000000e+00,7.058934e+10,-7.129120e+08,3.600002e+06,0.000000e+00,0.000000e+00,-1.980310e+02,0.000000e+00,1.879645e+10,-1.898334e+08,9.586046e+05,0.000000e+00,0.000000e+00,-1.980310e+02,0.000000e+00,0.000000e+00,0.000000e+00
3.203504e-01,0.000000e+00,8.938580e+10,0.000000e+00,0.000000e+00,-9.027455e+08,8.368966e+06,1.213448e-03,0.000000e+00,0.000000e+00,0.000000e+00,0.000000e+00,0.000000e+00,0.000000e+00,0.000000e+00,0.000000e+00,0.000000e+00,5.587935e-09,6.676972e-14,0.000000e+00,0.000000e+00,0.000000e+00,0.000000e+00,0.000000e+00,7.058934e+10,-7.129120e+08,3.600002e+06,0.000000e+00,0.000000e+00,-1.980310e+02,0.000000e+00,1.879645e+10,-1.898334e+08,9.586046e+05,0.000000e+00,0.000000e+00,-1.980310e+02,0.000000e+00,0.000000e+00,0.000000e+00
3.409790e-01,0.000000e+00,8.938580e+10,0.000000e+00,0.000000e+00,-9.027455e+08,8.368966e+06,1.213448e-03,0.000000e+00,0.000000e+00,0.000000e+00,0.000000e+00,0.000000e+00,0.000000e+00,0.000000e+00,0.000000e+00,0.000000e+00,5.587935e-09,6.676972e-14,0.000000e+00,0.000000e+00,0.000000e+00,0.000000e+00,0.000000e+00,7.058934e+10,-7.129120e+08,3.600002e+06,0.000000e+00,0.000000e+00,-1.980310e+02,0.000000e+00,1.879645e+10,-1.898334e+08,9.586046e+05,0.000000e+00,0.000000e+00,-1.980310e+02,0.000000e+00,0.000000e+00,0.000000e+00
3.603942e-01,0.000000e+00,8.938580e+10,0.000000e+00,0.000000e+00,-9.027455e+08,8.368966e+06,1.213448e-03,0.000000e+00,0.000000e+00,0.000000e+00,0.000000e+00,0.000000e+00,0.000000e+00,0.000000e+00,0.000000e+00,0.000000e+00,5.587935e-09,6.676972e-14,0.000000e+00,0.000000e+00,0.000000e+00,0.000000e+00,0.000000e+00,7.058934e+10,-7.129120e+08,3.600002e+06,0.000000e+00,0.000000e+00,-1.980310e+02,0.000000e+00,1.879645e+10,-1.898334e+08,9.586046e+05,0.000000e+00,0.000000e+00,-1.980310e+02,0.000000e+00,0.000000e+00,0.000000e+00
3.810228e-01,0.000000e+00,8.938580e+10,0.000000e+00,0.000000e+00,-9.027455e+08,8.368966e+06,1.213448e-03,0.000000e+00,0.000000e+00,0.000000e+00,0.000000e+00,0.000000e+00,0.000000e+00,0.000000e+00,0.000000e+00,0.000000e+00,5.587935e-09,6.676972e-14,0.000000e+00,0.000000e+00,0.000000e+00,0.000000e+00,0.000000e+00,7.058934e+10,-7.129120e+08,3.600002e+06,0.000000e+00,0.000000e+00,-1.980310e+02,0.000000e+00,1.879645e+10,-1.898334e+08,9.586046e+05,0.000000e+00,0.000000e+00,-1.980310e+02,0.000000e+00,0.000000e+00,0.000000e+00
4.004380e-01,0.000000e+00,8.938580e+10,0.000000e+00,0.000000e+00,-9.027455e+08,8.368966e+06,1.213448e-03,0.000000e+00,0.000000e+00,0.000000e+00,0.000000e+00,0.000000e+00,0.000000e+00,0.000000e+00,0.000000e+00,0.000000e+00,5.587935e-09,6.676972e-14,0.000000e+00,0.000000e+00,0.000000e+00,0.000000e+00,0.000000e+00,7.058934e+10,-7.129120e+08,3.600002e+06,0.000000e+00,0.000000e+00,-1.980310e+02,0.000000e+00,1.879645e+10,-1.898334e+08,9.586046e+05,0.000000e+00,0.000000e+00,-1.980310e+02,0.000000e+00,0.000000e+00,0.000000e+00
4.210666e-01,0.000000e+00,8.938580e+10,0.000000e+00,0.000000e+00,-9.027455e+08,8.368966e+06,1.213448e-03,0.000000e+00,0.000000e+00,0.000000e+00,0.000000e+00,0.000000e+00,0.000000e+00,0.000000e+00,0.000000e+00,0.000000e+00,5.587935e-09,6.676972e-14,0.000000e+00,0.000000e+00,0.000000e+00,0.000000e+00,0.000000e+00,7.058934e+10,-7.129120e+08,3.600002e+06,0.000000e+00,0.000000e+00,-1.980310e+02,0.000000e+00,1.879645e+10,-1.898334e+08,9.586046e+05,0.000000e+00,0.000000e+00,-1.980310e+02,0.000000e+00,0.000000e+00,0.000000e+00
4.404818e-01,4.720184e+05,8.905794e+10,6.797369e-12,1.841722e-12,-9.027455e+08,8.368966e+06,1.213447e-03,4.085718e+04,0.000000e+00,0.000000e+00,1.961598e+08,0.000000e+00,1.961598e+08,0.000000e+00,0.000000e+00,0.000000e+00,5.587935e-09,6.676972e-14,0.000000e+00,0.000000e+00,0.000000e+00,0.000000e+00,0.000000e+00,7.058934e+10,-7.129120e+08,3.600002e+06,0.000000e+00,0.000000e+00,-1.980310e+02,2.515575e+05,1.849434e+10,-1.881336e+08,9.586046e+05,1.458650e+03,0.000000e+00,-1.962578e+02,-2.371941e+06,0.000000e+00,0.000000e+00
4.611048e-01,1.148452e+08,8.877598e+10,-6.849538e-11,1.724408e-11,-9.027455e+08,8.368966e+06,1.212446e-03,6.694015e+07,0.000000e+00,0.000000e+00,1.839818e+08,0.000000e+00,1.839818e+08,0.000000e+00,0.000000e+00,5.296244e+07,5.587935e-09,6.676972e-14,0.000000e+00,0.000000e+00,0.000000e+00,0.000000e+00,0.000000e+00,7.058934e+10,-7.129120e+08,3.600002e+06,0.000000e+00,0.000000e+00,-1.980310e+02,7.577695e+07,1.735075e+10,-1.758758e+08,9.586046e+05,8.854741e+04,0.000000e+00,-1.834707e+02,-1.427840e+07,0.000000e+00,0.000000e+00
4.805050e-01,3.419536e+08,8.871361e+10,-2.224509e-11,-6.132037e-12,-9.027455e+08,8.368966e+06,1.213018e-03,5.233776e+07,0.000000e+00,0.000000e+00,5.762846e+05,0.000000e+00,5.762846e+05,0.000000e+00,0.000000e+00,2.265686e+08,5.587935e-09,6.676972e-14,0.000000e+00,0.000000e+00,0.000000e+00,0.000000e+00,0.000000e+00,7.058934e+10,-7.129120e+08,3.600002e+06,0.000000e+00,0.000000e+00,-1.980310e+02,2.376440e+08,1.718368e+10,-1.743757e+08,9.586046e+05,3.281751e+05,0.000000e+00,-1.819058e+02,-1.546087e+07,0.000000e+00,0.000000e+00
5.011213e-01,5.276513e+08,8.851696e+10,4.379425e-11,1.006056e-10,-9.027455e+08,8.368966e+06,1.212325e-03,6.273638e+07,0.000000e+00,0.000000e+00,6.886068e+05,0.000000e+00,6.886068e+05,0.000000e+00,0.000000e+00,3.631423e+08,5.587935e-09,6.676972e-14,0.000000e+00,0.000000e+00,0.000000e+00,0.000000e+00,0.000000e+00,7.058934e+10,-7.129120e+08,3.600002e+06,0.000000e+00,0.000000e+00,-1.980310e+02,3.576480e+08,1.704524e+10,-1.743385e+08,9.586046e+05,6.560302e+05,0.000000e+00,-1.818670e+02,-1.549899e+07,0.000000e+00,0.000000e+00
5.205224e-01,6.376022e+08,8.838921e+10,9.349594e-11,-6.282569e-12,-9.027455e+08,8.368966e+06,1.212570e-03,7.730369e+07,0.000000e+00,0.000000e+00,3.235781e+06,0.000000e+00,3.235781e+06,0.000000e+00,0.000000e+00,4.517619e+08,5.587935e-09,6.676972e-14,0.000000e+00,0.000000e+00,0.000000e+00,0.000000e+00,0.000000e+00,7.058934e+10,-7.129120e+08,3.600002e+06,0.000000e+00,0.000000e+00,-1.980310e+02,4.203508e+08,1.697075e+10,-1.742501e+08,9.586046e+05,9.973501e+05,0.000000e+00,-1.817747e+02,-1.559138e+07,0.000000e+00,0.000000e+00
5.411325e-01,7.332890e+08,8.831520e+10,1.685830e-11,2.308101e-11,-9.027455e+08,8.368966e+06,1.211978e-03,5.046267e+07,0.000000e+00,0.000000e+00,7.299696e+06,0.000000e+00,7.299696e+06,0.000000e+00,0.000000e+00,5.307481e+08,5.587935e-09,6.676972e-14,0.000000e+00,0.000000e+00,0.000000e+00,0.000000e+00,0.000000e+00,7.058934e+10,-7.129120e+08,3.600002e+06,0.000000e+00,0.000000e+00,-1.980310e+02,4.759784e+08,1.690483e+10,-1.740676e+08,9.586046e+05,1.395480e+06,0.000000e+00,-1.815844e+02,-1.577957e+07,0.000000e+00,0.000000e+00
5.605228e-01,8.142164e+08,8.820183e+10,-4.534141e-11,-3.809653e-10,-9.027455e+08,8.368966e+06,1.211817e-03,7.727806e+07,0.000000e+00,0.000000e+00,1.078239e+07,0.000000e+00,1.078239e+07,0.000000e+00,0.000000e+00,5.957725e+08,5.587935e-09,6.676972e-14,0.000000e+00,0.000000e+00,0.000000e+00,0.000000e+00,0.000000e+00,7.058934e+10,-7.129120e+08,3.600002e+06,0.000000e+00,0.000000e+00,-1.980310e+02,5.231542e+08,1.680567e+10,-1.737668e+08,9.586046e+05,1.747922e+06,0.000000e+00,-1.812706e+02,-1.610435e+07,0.000000e+00,0.000000e+00
5.811229e-01,9.120699e+08,8.810735e+10,4.737528e-10,2.211877e-10,-9.027455e+08,8.368966e+06,1.211644e-03,6.252480e+07,0.000000e+00,0.000000e+00,2.046189e+07,0.000000e+00,2.046189e+07,0.000000e+00,0.000000e+00,6.663512e+08,5.587935e-09,6.676972e-14,0.000000e+00,0.000000e+00,0.000000e+00,0.000000e+00,0.000000e+00,7.058934e+10,-7.129120e+08,3.600002e+06,0.000000e+00,0.000000e+00,-1.980310e+02,5.813768e+08,1.665470e+10,-1.728848e+08,9.586046e+05,2.139172e+06,0.000000e+00,-1.803505e+02,-1.701125e+07,0.000000e+00,0.000000e+00
6.005077e-01,1.003918e+09,8.800562e+10,1.751333e-11,-1.376038e-10,-9.027455e+08,8.368966e+06,1.211446e-03,7.753186e+07,0.000000e+00,0.000000e+00,1.450626e+07,0.000000e+00,1.450626e+07,0.000000e+00,0.000000e+00,7.429187e+08,5.587935e-09,6.676972e-14,0.000000e+00,0.000000e+00,0.000000e+00,0.000000e+00,0.000000e+00,7.058934e+10,-7.129120e+08,3.600002e+06,0.000000e+00,0.000000e+00,-1.980310e+02,6.314535e+08,1.648149e+10,-1.719467e+08,9.586046e+05,2.533714e+06,0.000000e+00,-1.793719e+02,-1.793619e+07,0.000000e+00,0.000000e+00
6.210982e-01,1.109171e+09,8.789944e+10,5.614546e-10,2.204288e-10,-9.027455e+08,8.368966e+06,1.210905e-03,8.513894e+07,0.000000e+00,0.000000e+00,6.856216e+06,0.000000e+00,6.856216e+06,0.000000e+00,0.000000e+00,8.233553e+08,5.587935e-09,6.676972e-14,0.000000e+00,0.000000e+00,0.000000e+00,0.000000e+00,0.000000e+00,7.058934e+10,-7.129120e+08,3.600002e+06,0.000000e+00,0.000000e+00,-1.980310e+02,6.831727e+08,1.634794e+10,-1.713340e+08,9.586046e+05,2.917295e+06,0.000000e+00,-1.787327e+02,-1.852477e+07,0.000000e+00,0.000000e+00
6.404688e-01,1.204099e+09,8.781881e+10,1.888033e-10,4.470873e-10,-9.027455e+08,8.368966e+06,1.210424e-03,6.920558e+07,0.000000e+00,0.000000e+00,7.719596e+06,0.000000e+00,7.719596e+06,0.000000e+00,0.000000e+00,8.974522e+08,5.587935e-09,6.676972e-14,0.000000e+00,0.000000e+00,0.000000e+00,0.000000e+00,0.000000e+00,7.058934e+10,-7.129120e+08,3.600002e+06,0.000000e+00,0.000000e+00,-1.980310e+02,7.249657e+08,1.626203e+10,-1.709599e+08,9.586046e+05,3.249380e+06,0.000000e+00,-1.783425e+02,-1.889968e+07,0.000000e+00,0.000000e+00
6.610413e-01,1.304262e+09,8.770825e+10,-4.518153e-10,7.809489e-10,-9.027455e+08,8.368966e+06,1.209771e-03,7.519049e+07,0.000000e+00,0.000000e+00,1.107136e+07,0.000000e+00,1.107136e+07,0.000000e+00,0.000000e+00,9.781776e+08,5.587935e-09,6.676972e-14,0.000000e+00,0.000000e+00,0.000000e+00,0.000000e+00,0.000000e+00,7.058934e+10,-7.129120e+08,3.600002e+06,0.000000e+00,0.000000e+00,-1.980310e+02,7.625721e+08,1.614107e+10,-1.704398e+08,9.586046e+05,3.563197e+06,0.000000e+00,-1.777999e+02,-1.943069e+07,0.000000e+00,0.000000e+00
6.803925e-01,1.406493e+09,8.761542e+10,-6.018262e-10,-2.556192e-10,-9.027455e+08,8.368966e+06,1.209044e-03,6.460015e+07,0.000000e+00,0.000000e+00,1.137819e+07,0.000000e+00,1.137819e+07,0.000000e+00,0.000000e+00,1.059661e+09,5.587935e-09,6.676972e-14,0.000000e+00,0.000000e+00,0.000000e+00,0.000000e+00,0.000000e+00,7.058934e+10,-7.129120e+08,3.600002e+06,0.000000e+00,0.000000e+00,-1.980310e+02,7.982052e+08,1.603018e+10,-1.698153e+08,9.586046e+05,3.851180e+06,0.000000e+00,-1.771485e+02,-2.005733e+07,0.000000e+00,0.000000e+00
7.009380e-01,1.517805e+09,8.750317e+10,-6.931176e-10,1.251315e-11,-9.027455e+08,8.368966e+06,1.208045e-03,6.516436e+07,0.000000e+00,0.000000e+00,1.101616e+07,0.000000e+00,1.101616e+07,0.000000e+00,0.000000e+00,1.151949e+09,5.587935e-09,6.676972e-14,0.000000e+00,0.000000e+00,0.000000e+00,0.000000e+00,0.000000e+00,7.058934e+10,-7.129120e+08,3.600002e+06,0.000000e+00,0.000000e+00,-1.980310e+02,8.352397e+08,1.590897e+10,-1.691998e+08,9.586046e+05,4.134982e+06,0.000000e+00,-1.765063e+02,-2.066905e+07,0.000000e+00,0.000000e+00
7.202610e-01,1.623922e+09,8.740018e+10,4.138148e-10,-4.720681e-10,-9.027455e+08,8.368966e+06,1.207254e-03,6.289910e+07,0.000000e+00,0.000000e+00,9.603330e+06,0.000000e+00,9.603330e+06,0.000000e+00,0.000000e+00,1.236331e+09,5.587935e-09,6.676972e-14,0.000000e+00,0.000000e+00,0.000000e+00,0.000000e+00,0.000000e+00,7.058934e+10,-7.129120e+08,3.600002e+06,0.000000e+00,0.000000e+00,-1.980310e+02,8.703178e+08,1.580198e+10,-1.686581e+08,9.586046e+05,4.382812e+06,0.000000e+00,-1.759413e+02,-2.120809e+07,0.000000e+00,0.000000e+00
7.407734e-01,1.733947e+09,8.729689e+10,-5.323639e-11,2.487730e-10,-9.027455e+08,8.368966e+06,1.205795e-03,5.406645e+07,0.000000e+00,0.000000e+00,1.092743e+07,0.000000e+00,1.092743e+07,0.000000e+00,0.000000e+00,1.325839e+09,5.587935e-09,6.676972e-14,0.000000e+00,0.000000e+00,0.000000e+00,0.000000e+00,0.000000e+00,7.058934e+10,-7.129120e+08,3.600002e+06,0.000000e+00,0.000000e+00,-1.980310e+02,9.059875e+08,1.569804e+10,-1.681090e+08,9.586046e+05,4.645776e+06,0.000000e+00,-1.753685e+02,-2.176031e+07,0.000000e+00,0.000000e+00
7.600536e-01,1.837801e+09,8.719131e+10,1.547612e-09,-2.763978e-10,-9.027455e+08,8.368966e+06,1.204056e-03,5.553958e+07,0.000000e+00,0.000000e+00,1.101736e+07,0.000000e+00,1.101736e+07,0.000000e+00,0.000000e+00,1.408894e+09,5.587935e-09,6.676972e-14,0.000000e+00,0.000000e+00,0.000000e+00,0.000000e+00,0.000000e+00,7.058934e+10,-7.129120e+08,3.600002e+06,0.000000e+00,0.000000e+00,-1.980310e+02,9.413336e+08,1.558849e+10,-1.675236e+08,9.586046e+05,4.932342e+06,0.000000e+00,-1.747577e+02,-2.234658e+07,0.000000e+00,0.000000e+00
7.805055e-01,1.943117e+09,8.708615e+10,3.718679e-09,1.211474e-09,-9.027455e+08,8.368966e+06,1.201878e-03,5.432916e+07,0.000000e+00,0.000000e+00,1.162901e+07,0.000000e+00,1.162901e+07,0.000000e+00,0.000000e+00,1.497397e+09,5.587935e-09,6.676972e-14,0.000000e+00,0.000000e+00,0.000000e+00,0.000000e+00,0.000000e+00,7.058934e+10,-7.129120e+08,3.600002e+06,0.000000e+00,0.000000e+00,-1.980310e+02,9.779493e+08,1.547164e+10,-1.669033e+08,9.586046e+05,5.206939e+06,0.000000e+00,-1.741107e+02,-2.296859e+07,0.000000e+00,0.000000e+00
8.009183e-01,2.044882e+09,8.699072e+10,-2.452267e-09,1.376757e-09,-9.027455e+08,8.368966e+06,1.199417e-03,4.953857e+07,0.000000e+00,0.000000e+00,9.742088e+06,0.000000e+00,9.742088e+06,0.000000e+00,0.000000e+00,1.583573e+09,5.587935e-09,6.676972e-14,0.000000e+00,0.000000e+00,0.000000e+00,0.000000e+00,0.000000e+00,7.058934e+10,-7.129120e+08,3.600002e+06,0.000000e+00,0.000000e+00,-1.980310e+02,1.015122e+09,1.536197e+10,-1.662944e+08,9.586046e+05,5.457520e+06,0.000000e+00,-1.734755e+02,-2.357318e+07,0.000000e+00,0.000000e+00
8.200886e-01,2.132578e+09,8.689909e+10,1.498383e-09,-4.706600e-10,-9.027455e+08,8.368966e+06,1.196615e-03,5.247765e+07,0.000000e+00,0.000000e+00,1.027546e+07,0.000000e+00,1.027546e+07,0.000000e+00,0.000000e+00,1.658213e+09,5.587935e-09,6.676972e-14,0.000000e+00,0.000000e+00,0.000000e+00,0.000000e+00,0.000000e+00,7.058934e+10,-7.129120e+08,3.600002e+06,0.000000e+00,0.000000e+00,-1.980310e+02,1.046726e+09,1.526003e+10,-1.657652e+08,9.586046e+05,5.669542e+06,0.000000e+00,-1.729234e+02,-2.410441e+07,0.000000e+00,0.000000e+00
8.404043e-01,2.222135e+09,8.680840e+10,2.381422e-09,1.882587e-09,-9.027455e+08,8.368966e+06,1.193217e-03,5.060633e+07,0.000000e+00,0.000000e+00,1.229602e+07,0.000000e+00,1.229602e+07,0.000000e+00,0.000000e+00,1.733196e+09,5.587935e-09,6.676972e-14,0.000000e+00,0.000000e+00,0.000000e+00,0.000000e+00,0.000000e+00,7.058934e+10,-7.129120e+08,3.600002e+06,0.000000e+00,0.000000e+00,-1.980310e+02,1.080508e+09,1.514316e+10,-1.651402e+08,9.586046e+05,5.876534e+06,0.000000e+00,-1.722714e+02,-2.473508e+07,0.000000e+00,0.000000e+00
8.606591e-01,2.311396e+09,8.671848e+10,-3.852264e-09,-4.804264e-10,-9.027455e+08,8.368966e+06,1.189403e-03,4.917374e+07,0.000000e+00,0.000000e+00,1.328194e+07,0.000000e+00,1.328194e+07,0.000000e+00,0.000000e+00,1.808590e+09,5.587935e-09,6.676972e-14,0.000000e+00,0.000000e+00,0.000000e+00,0.000000e+00,0.000000e+00,7.058934e+10,-7.129120e+08,3.600002e+06,0.000000e+00,0.000000e+00,-1.980310e+02,1.114928e+09,1.501811e+10,-1.644903e+08,9.586046e+05,6.082796e+06,0.000000e+00,-1.715934e+02,-2.537836e+07,0.000000e+00,0.000000e+00
8.808466e-01,2.396768e+09,8.662567e+10,3.475557e-09,-1.129138e-09,-9.027455e+08,8.368966e+06,1.185336e-03,5.488695e+07,0.000000e+00,0.000000e+00,1.396319e+07,0.000000e+00,1.396319e+07,0.000000e+00,0.000000e+00,1.882345e+09,5.587935e-09,6.676972e-14,0.000000e+00,0.000000e+00,0.000000e+00,0.000000e+00,0.000000e+00,7.058934e+10,-7.129120e+08,3.600002e+06,0.000000e+00,0.000000e+00,-1.980310e+02,1.149257e+09,1.489358e+10,-1.639039e+08,9.586046e+05,6.273464e+06,0.000000e+00,-1.709818e+02,-2.596572e+07,0.000000e+00,0.000000e+00
9.009634e-01,2.475593e+09,8.654837e+10,-5.344035e-09,-3.813028e-09,-9.027455e+08,8.368966e+06,1.181011e-03,5.480061e+07,0.000000e+00,0.000000e+00,1.148504e+07,0.000000e+00,1.148504e+07,0.000000e+00,0.000000e+00,1.954035e+09,5.587935e-09,6.676972e-14,0.000000e+00,0.000000e+00,0.000000e+00,0.000000e+00,0.000000e+00,7.058934e+10,-7.129120e+08,3.600002e+06,0.000000e+00,0.000000e+00,-1.980310e+02,1.177583e+09,1.479020e+10,-1.633598e+08,9.586046e+05,6.460685e+06,0.000000e+00,-1.704142e+02,-2.650384e+07,0.000000e+00,0.000000e+00
9.210034e-01,2.543028e+09,8.648440e+10,-3.524264e-09,-8.610641e-10,-9.027455e+08,8.368966e+06,1.176342e-03,5.151684e+07,0.000000e+00,0.000000e+00,1.031316e+07,0.000000e+00,1.031316e+07,0.000000e+00,0.000000e+00,2.020132e+09,5.587935e-09,6.676972e-14,0.000000e+00,0.000000e+00,0.000000e+00,0.000000e+00,0.000000e+00,7.058934e+10,-7.129120e+08,3.600002e+06,0.000000e+00,0.000000e+00,-1.980310e+02,1.197513e+09,1.470116e+10,-1.628925e+08,9.586046e+05,6.631808e+06,0.000000e+00,-1.699267e+02,-2.696856e+07,0.000000e+00,0.000000e+00
9.409638e-01,2.607685e+09,8.640930e+10,-7.013483e-09,1.170008e-09,-9.027455e+08,8.368966e+06,1.171668e-03,6.008005e+07,0.000000e+00,0.000000e+00,1.108196e+07,0.000000e+00,1.108196e+07,0.000000e+00,0.000000e+00,2.081626e+09,5.587935e-09,6.676972e-14,0.000000e+00,0.000000e+00,0.000000e+00,0.000000e+00,0.000000e+00,7.058934e+10,-7.129120e+08,3.600002e+06,0.000000e+00,0.000000e+00,-1.980310e+02,1.217502e+09,1.460873e+10,-1.624263e+08,9.586046e+05,6.804352e+06,0.000000e+00,-1.694404e+02,-2.743757e+07,0.000000e+00,0.000000e+00
9.608440e-01,2.673364e+09,8.635236e+10,-5.307129e-09,-2.080981e-09,-9.027455e+08,8.368966e+06,1.166890e-03,5.214388e+07,0.000000e+00,0.000000e+00,9.905369e+06,0.000000e+00,9.905369e+06,0.000000e+00,0.000000e+00,2.143481e+09,5.587935e-09,6.676972e-14,0.000000e+00,0.000000e+00,0.000000e+00,0.000000e+00,0.000000e+00,7.058934e+10,-7.129120e+08,3.600002e+06,0.000000e+00,0.000000e+00,-1.980310e+02,1.238778e+09,1.452875e+10,-1.619628e+08,9.586046e+05,6.980966e+06,0.000000e+00,-1.689569e+02,-2.789806e+07,0.000000e+00,0.000000e+00
9.806425e-01,2.732725e+09,8.629144e+10,9.054702e-09,-6.350547e-10,-9.027455e+08,8.368966e+06,1.161802e-03,5.483728e+07,0.000000e+00,0.000000e+00,8.756883e+06,0.000000e+00,8.756883e+06,0.000000e+00,0.000000e+00,2.202935e+09,5.587935e-09,6.676972e-14,0.000000e+00,0.000000e+00,0.000000e+00,0.000000e+00,0.000000e+00,7.058934e+10,-7.129120e+08,3.600002e+06,0.000000e+00,0.000000e+00,-1.980310e+02,1.257241e+09,1.444756e+10,-1.615458e+08,9.586046e+05,7.145802e+06,0.000000e+00,-1.685218e+02,-2.831241e+07,0.000000e+00,0.000000e+00
1.000340e+00,2.790915e+09,8.623512e+10,3.322327e-09,-2.939714e-09,-9.027455e+08,8.368966e+06,1.155160e-03,5.407179e+07,0.000000e+00,0.000000e+00,8.030016e+06,0.000000e+00,8.030016e+06,0.000000e+00,0.000000e+00,2.260587e+09,5.587935e-09,6.676972e-14,0.000000e+00,0.000000e+00,0.000000e+00,0.000000e+00,0.000000e+00,7.058934e+10,-7.129120e+08,3.600002e+06,0.000000e+00,0.000000e+00,-1.980310e+02,1.276989e+09,1.437755e+10,-1.611744e+08,9.586046e+05,7.300784e+06,0.000000e+00,-1.681343e+02,-2.868262e+07,0.000000e+00,0.000000e+00
1.021076e+00,2.849240e+09,8.618208e+10,-4.407525e-09,1.058993e-09,-9.027455e+08,8.368966e+06,1.148701e-03,4.988868e+07,0.000000e+00,0.000000e+00,7.529086e+06,0.000000e+00,7.529086e+06,0.000000e+00,0.000000e+00,2.316244e+09,5.587935e-09,6.676972e-14,0.000000e+00,0.000000e+00,0.000000e+00,0.000000e+00,0.000000e+00,7.058934e+10,-7.129120e+08,3.600002e+06,0.000000e+00,0.000000e+00,-1.980310e+02,1.296508e+09,1.430744e+10,-1.607866e+08,9.581022e+05,7.451278e+06,4.000000e+00,-1.678178e+02,-2.906980e+07,0.000000e+00,0.000000e+00
1.040561e+00,2.900577e+09,8.613079e+10,-8.507172e-09,4.862102e-10,-9.027455e+08,8.368966e+06,1.143442e-03,5.076343e+07,0.000000e+00,0.000000e+00,6.992768e+06,0.000000e+00,6.992768e+06,0.000000e+00,0.000000e+00,2.367447e+09,5.587935e-09,6.676972e-14,0.000000e+00,0.000000e+00,0.000000e+00,0.000000e+00,0.000000e+00,7.058934e+10,-7.129120e+08,3.600002e+06,0.000000e+00,0.000000e+00,-1.980310e+02,1.313101e+09,1.424201e+10,-1.604469e+08,9.581022e+05,7.586300e+06,4.000000e+00,-1.674633e+02,-2.940810e+07,0.000000e+00,0.000000e+00
1.061099e+00,2.953621e+09,8.608339e+10,-4.870500e-09,2.786251e-10,-9.027455e+08,8.368966e+06,1.138255e-03,4.647878e+07,0.000000e+00,0.000000e+00,5.606868e+06,0.000000e+00,5.606868e+06,0.000000e+00,0.000000e+00,2.420052e+09,5.587935e-09,6.676972e-14,0.000000e+00,0.000000e+00,0.000000e+00,0.000000e+00,0.000000e+00,7.058934e+10,-7.129120e+08,3.600002e+06,0.000000e+00,0.000000e+00,-1.980310e+02,1.331112e+09,1.418353e+10,-1.601006e+08,9.575998e+05,7.725960e+06,8.000000e+00,-1.671895e+02,-2.975344e+07,0.000000e+00,0.000000e+00
1.080411e+00,2.999970e+09,8.603925e+10,-6.961017e-09,-7.981384e-10,-9.027455e+08,8.368966e+06,1.133653e-03,4.530764e+07,0.000000e+00,0.000000e+00,4.384414e+06,0.000000e+00,4.384414e+06,0.000000e+00,0.000000e+00,2.467361e+09,5.587935e-09,6.676972e-14,0.000000e+00,0.000000e+00,0.000000e+00,0.000000e+00,0.000000e+00,7.058934e+10,-7.129120e+08,3.600002e+06,0.000000e+00,0.000000e+00,-1.980310e+02,1.346933e+09,1.412975e+10,-1.598068e+08,9.575998e+05,7.852660e+06,8.000000e+00,-1.668827e+02,-3.004581e+07,0.000000e+00,0.000000e+00
1.100782e+00,3.043807e+09,8.599295e+10,3.915488e-09,2.049333e-09,-9.027455e+08,8.368966e+06,1.129548e-03,4.655474e+07,0.000000e+00,0.000000e+00,5.427108e+06,0.000000e+00,5.427108e+06,0.000000e+00,0.000000e+00,2.515841e+09,5.587935e-09,6.676972e-14,0.000000e+00,0.000000e+00,0.000000e+00,0.000000e+00,0.000000e+00,7.058934e+10,-7.129120e+08,3.600002e+06,0.000000e+00,0.000000e+00,-1.980310e+02,1.360203e+09,1.407075e+10,-1.594892e+08,9.570973e+05,7.977838e+06,1.200000e+01,-1.666384e+02,-3.036458e+07,0.000000e+00,0.000000e+00
1.121078e+00,3.090111e+09,8.595146e+10,5.114487e-10,2.024322e-09,-9.027455e+08,8.368966e+06,1.125097e-03,4.197001e+07,0.000000e+00,0.000000e+00,4.931185e+06,0.000000e+00,4.931185e+06,0.000000e+00,0.000000e+00,2.564125e+09,5.587935e-09,6.676972e-14,0.000000e+00,0.000000e+00,0.000000e+00,0.000000e+00,0.000000e+00,7.058934e+10,-7.129120e+08,3.600002e+06,0.000000e+00,0.000000e+00,-1.980310e+02,1.376513e+09,1.401954e+10,-1.591730e+08,9.570973e+05,8.108902e+06,1.200000e+01,-1.663080e+02,-3.068081e+07,0.000000e+00,0.000000e+00
1.140167e+00,3.134599e+09,8.590734e+10,-1.040564e-08,-2.340514e-09,-9.027455e+08,8.368966e+06,1.120417e-03,4.135032e+07,0.000000e+00,0.000000e+00,4.957661e+06,0.000000e+00,4.957661e+06,0.000000e+00,0.000000e+00,2.609708e+09,5.587935e-09,6.676972e-14,0.000000e+00,0.000000e+00,0.000000e+00,0.000000e+00,0.000000e+00,7.058934e+10,-7.129120e+08,3.600002e+06,0.000000e+00,0.000000e+00,-1.980310e+02,1.395017e+09,1.396143e+10,-1.588623e+08,9.570973e+05,8.228742e+06,1.200000e+01,-1.659834e+02,-3.099237e+07,0.000000e+00,0.000000e+00
1.160284e+00,3.179165e+09,8.586164e+10,4.933895e-09,3.270770e-09,-9.027455e+08,8.368966e+06,1.114258e-03,4.187320e+07,0.000000e+00,0.000000e+00,4.883108e+06,0.000000e+00,4.883108e+06,0.000000e+00,0.000000e+00,2.656867e+09,5.587935e-09,6.676972e-14,0.000000e+00,0.000000e+00,0.000000e+00,0.000000e+00,0.000000e+00,7.058934e+10,-7.129120e+08,3.600002e+06,0.000000e+00,0.000000e+00,-1.980310e+02,1.411851e+09,1.389992e+10,-1.585101e+08,9.560925e+05,8.349814e+06,2.000000e+01,-1.657895e+02,-3.134563e+07,0.000000e+00,0.000000e+00
1.180284e+00,3.225080e+09,8.582132e+10,1.760549e-08,1.484182e-09,-9.027455e+08,8.368966e+06,1.107620e-03,3.754593e+07,0.000000e+00,0.000000e+00,3.238952e+06,0.000000e+00,3.238952e+06,0.000000e+00,0.000000e+00,2.705251e+09,5.587935e-09,6.676972e-14,0.000000e+00,0.000000e+00,0.000000e+00,0.000000e+00,0.000000e+00,7.058934e+10,-7.129120e+08,3.600002e+06,0.000000e+00,0.000000e+00,-1.980310e+02,1.428436e+09,1.385481e+10,-1.582316e+08,9.555901e+05,8.495281e+06,2.400000e+01,-1.655852e+02,-3.161851e+07,0.000000e+00,0.000000e+00
1.200168e+00,3.270628e+09,8.577443e+10,-8.573537e-09,-3.811920e-10,-9.027455e+08,8.368966e+06,1.101086e-03,3.904549e+07,0.000000e+00,0.000000e+00,2.786573e+06,0.000000e+00,2.786573e+06,0.000000e+00,0.000000e+00,2.751658e+09,5.587935e-09,6.676972e-14,0.000000e+00,0.000000e+00,0.000000e+00,0.000000e+00,0.000000e+00,7.058934e+10,-7.129120e+08,3.600002e+06,0.000000e+00,0.000000e+00,-1.980310e+02,1.445898e+09,1.380395e+10,-1.579758e+08,9.550877e+05,8.634365e+06,2.800000e+01,-1.654045e+02,-3.187313e+07,0.000000e+00,0.000000e+00
1.221021e+00,3.318087e+09,8.572993e+10,-8.553656e-09,-3.097966e-09,-9.027455e+08,8.368966e+06,1.093891e-03,3.619183e+07,0.000000e+00,0.000000e+00,2.396090e+06,0.000000e+00,2.396090e+06,0.000000e+00,0.000000e+00,2.797103e+09,5.587935e-09,6.676972e-14,0.000000e+00,0.000000e+00,0.000000e+00,0.000000e+00,0.000000e+00,7.058934e+10,-7.129120e+08,3.600002e+06,0.000000e+00,0.000000e+00,-1.980310e+02,1.465350e+09,1.376193e+10,-1.577681e+08,9.540829e+05,8.772303e+06,3.600000e+01,-1.653610e+02,-3.207822e+07,0.000000e+00,0.000000e+00
1.240661e+00,3.359472e+09,8.569251e+10,-7.024425e-10,-5.914217e-09,-9.027455e+08,8.368966e+06,1.087880e-03,3.232531e+07,0.000000e+00,0.000000e+00,2.072163e+06,0.000000e+00,2.072163e+06,0.000000e+00,0.000000e+00,2.838414e+09,5.587935e-09,6.676972e-14,0.000000e+00,0.000000e+00,0.000000e+00,0.000000e+00,0.000000e+00,7.058934e+10,-7.129120e+08,3.600002e+06,0.000000e+00,0.000000e+00,-1.980310e+02,1.480532e+09,1.373137e+10,-1.575956e+08,9.480539e+05,8.895123e+06,8.400000e+01,-1.662306e+02,-3.224906e+07,0.000000e+00,0.000000e+00
1.260191e+00,3.396303e+09,8.565247e+10,3.098119e-09,5.633581e-09,-9.027455e+08,8.368966e+06,1.081881e-03,3.545795e+07,0.000000e+00,0.000000e+00,1.878091e+06,0.000000e+00,1.878091e+06,0.000000e+00,0.000000e+00,2.875145e+09,5.587935e-09,6.676972e-14,0.000000e+00,0.000000e+00,0.000000e+00,0.000000e+00,0.000000e+00,7.058934e+10,-7.129120e+08,3.600002e+06,0.000000e+00,0.000000e+00,-1.980310e+02,1.493223e+09,1.370035e+10,-1.574699e+08,9.475515e+05,9.021069e+06,8.800000e+01,-1.661862e+02,-3.237272e+07,0.000000e+00,0.000000e+00
1.280691e+00,3.436049e+09,8.562083e+10,-5.366132e-09,-5.462368e-09,-9.027455e+08,8.368966e+06,1.075633e-03,2.739475e+07,0.000000e+00,0.000000e+00,1.596162e+06,0.000000e+00,1.596162e+06,0.000000e+00,0.000000e+00,2.912772e+09,5.587935e-09,6.676972e-14,0.000000e+00,0.000000e+00,0.000000e+00,0.000000e+00,0.000000e+00,7.058934e+10,-7.129120e+08,3.600002e+06,0.000000e+00,0.000000e+00,-1.980310e+02,1.509177e+09,1.367965e+10,-1.573550e+08,9.475515e+05,9.143759e+06,8.800000e+01,-1.660649e+02,-3.248741e+07,0.000000e+00,0.000000e+00
1.300003e+00,3.472562e+09,8.558250e+10,6.842640e-09,-7.000949e-09,-9.027455e+08,8.368966e+06,1.069924e-03,2.878339e+07,0.000000e+00,0.000000e+00,1.858937e+06,0.000000e+00,1.858937e+06,0.000000e+00,0.000000e+00,2.946750e+09,5.587935e-09,6.676972e-14,0.000000e+00,0.000000e+00,0.000000e+00,0.000000e+00,0.000000e+00,7.058934e+10,-7.129120e+08,3.600002e+06,0.000000e+00,0.000000e+00,-1.980310e+02,1.524340e+09,1.365051e+10,-1.572408e+08,9.470491e+05,9.256352e+06,9.200000e+01,-1.660323e+02,-3.260239e+07,0.000000e+00,0.000000e+00
1.320279e+00,3.507561e+09,8.554866e+10,4.188848e-09,1.349207e-09,-9.027455e+08,8.368966e+06,1.064136e-03,2.749162e+07,0.000000e+00,0.000000e+00,1.738059e+06,0.000000e+00,1.738059e+06,0.000000e+00,0.000000e+00,2.979325e+09,5.587935e-09,6.676972e-14,0.000000e+00,0.000000e+00,0.000000e+00,0.000000e+00,0.000000e+00,7.058934e+10,-7.129120e+08,3.600002e+06,0.000000e+00,0.000000e+00,-1.980310e+02,1.537397e+09,1.362563e+10,-1.571208e+08,9.470491e+05,9.380550e+06,9.200000e+01,-1.659057e+02,-3.272151e+07,0.000000e+00,0.000000e+00
1.340448e+00,3.539812e+09,8.551956e+10,-7.670280e-09,4.879183e-09,-9.027457e+08,8.368966e+06,1.058787e-03,2.387890e+07,0.000000e+00,0.000000e+00,1.721989e+06,0.000000e+00,1.721989e+06,0.000000e+00,0.000000e+00,3.008176e+09,5.587935e-09,6.676972e-14,0.000000e+00,0.000000e+00,0.000000e+00,0.000000e+00,0.000000e+00,7.058934e+10,-7.129120e+08,3.600002e+06,0.000000e+00,0.000000e+00,-1.980310e+02,1.548433e+09,1.360564e+10,-1.570099e+08,9.470491e+05,9.497889e+06,9.200000e+01,-1.657886e+02,-3.283292e+07,0.000000e+00,0.000000e+00
1.360525e+00,3.569253e+09,8.548406e+10,1.145537e-08,4.061476e-09,-9.027458e+08,8.368966e+06,1.054403e-03,2.703304e+07,0.000000e+00,0.000000e+00,3.808644e+06,0.000000e+00,3.808644e+06,0.000000e+00,0.000000e+00,3.034348e+09,5.587935e-09,6.676972e-14,0.000000e+00,0.000000e+00,0.000000e+00,0.000000e+00,0.000000e+00,7.058934e+10,-7.129120e+08,3.600002e+06,0.000000e+00,0.000000e+00,-1.980310e+02,1.558036e+09,1.357386e+10,-1.568444e+08,9.470491e+05,9.613766e+06,9.200000e+01,-1.656138e+02,-3.300430e+07,0.000000e+00,0.000000e+00
1.380525e+00,3.608410e+09,8.521757e+10,1.365504e-08,-1.528150e-09,-9.027459e+08,8.368966e+06,1.050821e-03,2.859633e+07,0.000000e+00,0.000000e+00,1.216375e+08,0.000000e+00,1.216375e+08,0.000000e+00,0.000000e+00,3.061241e+09,5.587935e-09,6.676972e-14,0.000000e+00,0.000000e+00,0.000000e+00,0.000000e+00,2.191967e+06,7.024911e+10,-7.111100e+08,3.600002e+06,8.457468e+03,0.000000e+00,-1.975304e+02,1.568750e+09,1.354392e+10,-1.566343e+08,9.470491e+05,9.744240e+06,9.200000e+01,-1.653919e+02,-3.522548e+07,0.000000e+00,0.000000e+00
1.400465e+00,3.668209e+09,8.501538e+10,-3.804416e-09,2.421160e-09,-9.027459e+08,8.368966e+06,1.048241e-03,8.486448e+07,0.000000e+00,0.000000e+00,1.532191e+08,0.000000e+00,1.532191e+08,0.000000e+00,0.000000e+00,3.093124e+09,5.587935e-09,6.676972e-14,0.000000e+00,0.000000e+00,0.000000e+00,0.000000e+00,2.251732e+07,6.948980e+10,-7.068558e+08,3.600002e+06,5.474194e+04,0.000000e+00,-1.963487e+02,1.578047e+09,1.351529e+10,-1.564805e+08,9.470491e+05,9.879690e+06,9.200000e+01,-1.652296e+02,-3.963451e+07,0.000000e+00,0.000000e+00
1.420365e+00,3.757079e+09,8.496819e+10,5.460379e-10,-6.680011e-09,-9.027457e+08,8.368966e+06,1.046406e-03,8.123929e+07,0.000000e+00,0.000000e+00,6.408162e+07,0.000000e+00,6.408162e+07,0.000000e+00,0.000000e+00,3.143638e+09,5.587935e-09,6.676972e-14,0.000000e+00,0.000000e+00,0.000000e+00,0.000000e+00,6.419401e+07,6.897977e+10,-7.040143e+08,3.600002e+06,1.549883e+05,0.000000e+00,-1.955594e+02,1.586465e+09,1.348873e+10,-1.563355e+08,9.470491e+05,1.003219e+07,9.200000e+01,-1.650765e+02,-4.254078e+07,0.000000e+00,0.000000e+00
1.440234e+00,3.836998e+09,8.484005e+10,-6.194284e-09,-3.995524e-09,-9.027453e+08,8.368966e+06,1.045175e-03,7.017690e+07,0.000000e+00,0.000000e+00,9.366841e+07,0.000000e+00,9.366841e+07,0.000000e+00,0.000000e+00,3.209412e+09,5.587935e-09,6.676972e-14,0.000000e+00,0.000000e+00,0.000000e+00,0.000000e+00,1.019198e+08,6.845539e+10,-7.010579e+08,3.600002e+06,3.090288e+05,0.000000e+00,-1.947382e+02,1.598137e+09,1.345445e+10,-1.561438e+08,9.470491e+05,1.018778e+07,9.200000e+01,-1.648741e+02,-4.571670e+07,0.000000e+00,0.000000e+00
1.460084e+00,3.922009e+09,8.478334e+10,9.137125e-09,4.119727e-09,-9.027445e+08,8.368966e+06,1.044147e-03,7.454140e+07,0.000000e+00,0.000000e+00,4.845728e+07,0.000000e+00,4.845728e+07,0.000000e+00,0.000000e+00,3.279546e+09,5.587935e-09,6.676972e-14,0.000000e+00,0.000000e+00,0.000000e+00,0.000000e+00,1.234420e+08,6.805242e+10,-6.986954e+08,3.600002e+06,5.136078e+05,0.000000e+00,-1.940820e+02,1.611465e+09,1.341362e+10,-1.559308e+08,9.470491e+05,1.035027e+07,9.200000e+01,-1.646491e+02,-4.822034e+07,0.000000e+00,0.000000e+00
1.480952e+00,4.039965e+09,8.468569e+10,5.878974e-09,7.842687e-10,-9.027434e+08,8.368966e+06,1.042579e-03,7.038300e+07,0.000000e+00,0.000000e+00,2.337335e+07,0.000000e+00,2.337335e+07,0.000000e+00,0.000000e+00,3.368049e+09,5.587935e-09,6.676972e-14,0.000000e+00,0.000000e+00,0.000000e+00,0.000000e+00,1.602359e+08,6.782793e+10,-6.975466e+08,3.600002e+06,7.497385e+05,0.000000e+00,-1.937628e+02,1.623956e+09,1.337245e+10,-1.556960e+08,9.470491e+05,1.053559e+07,9.200000e+01,-1.644012e+02,-4.955995e+07,0.000000e+00,0.000000e+00
1.500749e+00,4.138707e+09,8.456539e+10,3.016339e-09,3.063462e-09,-9.027423e+08,8.368966e+06,1.041223e-03,7.703160e+07,0.000000e+00,0.000000e+00,2.753512e+07,0.000000e+00,2.753512e+07,0.000000e+00,0.000000e+00,3.441843e+09,5.587935e-09,6.676972e-14,0.000000e+00,0.000000e+00,0.000000e+00,0.000000e+00,1.726590e+08,6.767392e+10,-6.968056e+08,3.600002e+06,9.563526e+05,0.000000e+00,-1.935570e+02,1.639769e+09,1.329276e+10,-1.552085e+08,9.465467e+05,1.072892e+07,9.600000e+01,-1.639734e+02,-5.080964e+07,0.000000e+00,0.000000e+00
1.520515e+00,4.243375e+09,8.444074e+10,-5.145353e-09,3.774659e-09,-9.027413e+08,8.368966e+06,1.039320e-03,9.379502e+07,0.000000e+00,0.000000e+00,3.012045e+07,0.000000e+00,3.012045e+07,0.000000e+00,0.000000e+00,3.525743e+09,5.587935e-09,6.676972e-14,0.000000e+00,0.000000e+00,0.000000e+00,0.000000e+00,1.972612e+08,6.745110e+10,-6.957094e+08,3.600002e+06,1.159965e+06,0.000000e+00,-1.932525e+02,1.653921e+09,1.324821e+10,-1.549798e+08,9.465467e+05,1.092261e+07,9.600000e+01,-1.637318e+02,-5.212482e+07,0.000000e+00,0.000000e+00
1.540245e+00,4.340710e+09,8.437944e+10,1.116973e-10,-8.134977e-10,-9.027402e+08,8.368966e+06,1.043022e-03,7.427720e+07,0.000000e+00,0.000000e+00,1.197727e+07,0.000000e+00,1.197727e+07,0.000000e+00,0.000000e+00,3.603932e+09,5.587935e-09,6.676972e-14,0.000000e+00,0.000000e+00,0.000000e+00,0.000000e+00,2.217258e+08,6.727598e+10,-6.948986e+08,3.600002e+06,1.355505e+06,0.000000e+00,-1.930273e+02,1.667192e+09,1.322184e+10,-1.548111e+08,9.410201e+05,1.109476e+07,1.400000e+02,-1.645141e+02,-5.307602e+07,0.000000e+00,0.000000e+00
1.560047e+00,4.419120e+09,8.429379e+10,-6.028770e-09,6.676402e-09,-9.027393e+08,8.368966e+06,1.041662e-03,8.477191e+07,0.000000e+00,0.000000e+00,4.793082e+06,0.000000e+00,4.793082e+06,0.000000e+00,0.000000e+00,3.675933e+09,5.587935e-09,6.676972e-14,0.000000e+00,0.000000e+00,0.000000e+00,0.000000e+00,2.300727e+08,6.721768e+10,-6.946386e+08,3.600002e+06,1.527965e+06,0.000000e+00,-1.929550e+02,1.674394e+09,1.319916e+10,-1.546834e+08,9.405177e+05,1.125530e+07,1.440000e+02,-1.644662e+02,-5.344234e+07,0.000000e+00,0.000000e+00
1.580866e+00,4.505034e+09,8.421065e+10,-4.892655e-09,2.532772e-09,-9.027389e+08,8.368966e+06,1.040032e-03,8.101663e+07,0.000000e+00,0.000000e+00,4.243651e+06,0.000000e+00,4.243651e+06,0.000000e+00,0.000000e+00,3.752419e+09,5.587935e-09,6.676972e-14,0.000000e+00,0.000000e+00,0.000000e+00,0.000000e+00,2.435570e+08,6.717862e+10,-6.945107e+08,3.600002e+06,1.720128e+06,0.000000e+00,-1.929195e+02,1.680205e+09,1.317319e+10,-1.545431e+08,9.405177e+05,1.143049e+07,1.440000e+02,-1.643171e+02,-5.371101e+07,0.000000e+00,0.000000e+00
1.600617e+00,4.586010e+09,8.413141e+10,5.493867e-09,-2.513161e-08,-9.027398e+08,8.368966e+06,1.039278e-03,7.442846e+07,0.000000e+00,0.000000e+00,6.888672e+06,0.000000e+00,6.888672e+06,0.000000e+00,0.000000e+00,3.823987e+09,5.587935e-09,6.676972e-14,0.000000e+00,0.000000e+00,0.000000e+00,0.000000e+00,2.549240e+08,6.713507e+10,-6.943407e+08,3.600002e+06,1.883673e+06,0.000000e+00,-1.928723e+02,1.687862e+09,1.315268e+10,-1.543886e+08,9.405177e+05,1.159824e+07,1.440000e+02,-1.641528e+02,-5.404156e+07,0.000000e+00,0.000000e+00
1.620358e+00,4.660074e+09,8.404984e+10,-2.987576e-09,-1.397515e-07,-9.027418e+08,8.368966e+06,1.038551e-03,7.694327e+07,0.000000e+00,0.000000e+00,1.096693e+07,0.000000e+00,1.096693e+07,0.000000e+00,0.000000e+00,3.896084e+09,5.587935e-09,6.676972e-14,0.000000e+00,0.000000e+00,0.000000e+00,0.000000e+00,2.574701e+08,6.708251e+10,-6.940767e+08,3.600002e+06,2.039985e+06,0.000000e+00,-1.927990e+02,1.694249e+09,1.312923e+10,-1.542451e+08,9.400153e+05,1.175825e+07,1.480000e+02,-1.640878e+02,-5.445126e+07,0.000000e+00,0.000000e+00
1.640082e+00,4.745761e+09,8.396726e+10,-9.064735e-09,-6.056665e-07,-9.027447e+08,8.368966e+06,1.037733e-03,6.749585e+07,0.000000e+00,0.000000e+00,1.491526e+07,0.000000e+00,1.491526e+07,0.000000e+00,0.000000e+00,3.966778e+09,5.587935e-09,6.676972e-14,0.000000e+00,0.000000e+00,0.000000e+00,0.000000e+00,2.670616e+08,6.699412e+10,-6.936259e+08,3.600002e+06,2.188435e+06,0.000000e+00,-1.926738e+02,1.701944e+09,1.310895e+10,-1.541328e+08,9.400153e+05,1.190830e+07,1.480000e+02,-1.639684e+02,-5.502764e+07,0.000000e+00,0.000000e+00
1.660838e+00,4.842630e+09,8.387754e+10,-8.403134e-09,-2.160602e-06,-9.027481e+08,8.368966e+06,1.037906e-03,6.203724e+07,0.000000e+00,0.000000e+00,1.111468e+07,0.000000e+00,1.111468e+07,0.000000e+00,0.000000e+00,4.046017e+09,5.587935e-09,6.676972e-14,0.000000e+00,0.000000e+00,0.000000e+00,0.000000e+00,2.755621e+08,6.689070e+10,-6.930553e+08,3.600002e+06,2.343784e+06,0.000000e+00,-1.925152e+02,1.711602e+09,1.308973e+10,-1.540274e+08,9.395129e+05,1.206263e+07,1.520000e+02,-1.639439e+02,-5.569526e+07,0.000000e+00,0.000000e+00
1.680550e+00,4.939401e+09,8.378087e+10,2.775814e-08,-6.208373e-06,-9.027515e+08,8.368966e+06,1.036904e-03,6.440390e+07,0.000000e+00,0.000000e+00,6.744541e+06,0.000000e+00,6.744541e+06,0.000000e+00,0.000000e+00,4.125334e+09,5.587935e-09,6.676972e-14,0.000000e+00,0.000000e+00,0.000000e+00,0.000000e+00,2.836737e+08,6.683009e+10,-6.927546e+08,3.600002e+06,2.481454e+06,0.000000e+00,-1.924317e+02,1.722518e+09,1.306173e+10,-1.538903e+08,9.395129e+05,1.221465e+07,1.520000e+02,-1.637980e+02,-5.612466e+07,0.000000e+00,0.000000e+00
1.700248e+00,5.035941e+09,8.369450e+10,9.767393e-08,-1.780086e-05,-9.027547e+08,8.368966e+06,1.036864e-03,5.465461e+07,0.000000e+00,0.000000e+00,5.117152e+06,0.000000e+00,5.117152e+06,0.000000e+00,0.000000e+00,4.203635e+09,5.587935e-09,6.676972e-14,0.000000e+00,0.000000e+00,0.000000e+00,0.000000e+00,2.921974e+08,6.679306e+10,-6.925919e+08,3.600002e+06,2.614324e+06,0.000000e+00,-1.923865e+02,1.734987e+09,1.303698e+10,-1.537373e+08,9.390104e+05,1.235924e+07,1.560000e+02,-1.637227e+02,-5.643528e+07,0.000000e+00,0.000000e+00
1.720986e+00,5.130020e+09,8.359703e+10,9.614996e-07,-6.429277e-05,-9.027574e+08,8.368966e+06,1.036815e-03,5.686769e+07,0.000000e+00,0.000000e+00,5.402678e+06,0.000000e+00,5.402678e+06,0.000000e+00,0.000000e+00,4.285640e+09,5.587935e-09,6.676972e-14,0.000000e+00,0.000000e+00,0.000000e+00,0.000000e+00,2.962588e+08,6.676623e+10,-6.924832e+08,3.600002e+06,2.751436e+06,0.000000e+00,-1.923563e+02,1.748481e+09,1.300384e+10,-1.535507e+08,9.390104e+05,1.251310e+07,1.560000e+02,-1.635240e+02,-5.673128e+07,0.000000e+00,0.000000e+00
1.740686e+00,5.221104e+09,8.350264e+10,5.530588e-06,-2.620234e-04,-9.027588e+08,8.368966e+06,1.037061e-03,6.002092e+07,0.000000e+00,0.000000e+00,4.604272e+06,0.000000e+00,4.604272e+06,0.000000e+00,0.000000e+00,4.360275e+09,5.587935e-09,6.676972e-14,0.000000e+00,0.000000e+00,0.000000e+00,0.000000e+00,3.007861e+08,6.674662e+10,-6.924039e+08,3.600002e+06,2.871108e+06,0.000000e+00,-1.923343e+02,1.764317e+09,1.296664e+10,-1.533652e+08,9.385081e+05,1.266578e+07,1.600000e+02,-1.634138e+02,-5.699491e+07,0.000000e+00,0.000000e+00
1.760396e+00,5.312373e+09,8.341989e+10,2.255085e-05,-1.056210e-03,-9.027588e+08,8.368966e+06,1.037383e-03,5.185149e+07,0.000000e+00,0.000000e+00,3.465454e+06,0.000000e+00,3.465454e+06,0.000000e+00,0.000000e+00,4.432684e+09,5.587935e-09,6.676972e-14,0.000000e+00,0.000000e+00,0.000000e+00,0.000000e+00,3.064707e+08,6.672844e+10,-6.923418e+08,3.600002e+06,2.979816e+06,0.000000e+00,-1.923170e+02,1.782381e+09,1.293331e+10,-1.531830e+08,9.385081e+05,1.281539e+07,1.600000e+02,-1.632197e+02,-5.723748e+07,0.000000e+00,0.000000e+00
1.780100e+00,5.393936e+09,8.333122e+10,5.924728e-05,-3.221536e-03,-9.027572e+08,8.368966e+06,1.036739e-03,5.899884e+07,0.000000e+00,0.000000e+00,3.025061e+06,0.000000e+00,3.025061e+06,0.000000e+00,0.000000e+00,4.502183e+09,5.587935e-09,6.676972e-14,0.000000e+00,0.000000e+00,0.000000e+00,0.000000e+00,3.091839e+08,6.671265e+10,-6.922808e+08,3.600002e+06,3.085147e+06,0.000000e+00,-1.923001e+02,1.799465e+09,1.289847e+10,-1.530237e+08,9.380056e+05,1.297162e+07,1.640000e+02,-1.631373e+02,-5.745809e+07,0.000000e+00,0.000000e+00
1.800829e+00,5.476592e+09,8.324737e+10,8.391899e-05,-5.003897e-03,-9.027540e+08,8.368966e+06,1.036230e-03,5.732970e+07,0.000000e+00,0.000000e+00,4.768432e+06,0.000000e+00,4.768432e+06,0.000000e+00,0.000000e+00,4.571021e+09,5.587935e-09,6.676972e-14,0.000000e+00,0.000000e+00,0.000000e+00,0.000000e+00,3.167504e+08,6.668990e+10,-6.922008e+08,3.600002e+06,3.192457e+06,0.000000e+00,-1.922779e+02,1.814114e+09,1.286367e+10,-1.528333e+08,9.375032e+05,1.312910e+07,1.680000e+02,-1.630216e+02,-5.773632e+07,0.000000e+00,0.000000e+00
1.820517e+00,5.557417e+09,8.316189e+10,3.362189e-05,4.783008e-03,-9.027496e+08,8.368966e+06,1.036098e-03,5.167969e+07,0.000000e+00,0.000000e+00,1.294890e+07,0.000000e+00,1.294890e+07,0.000000e+00,0.000000e+00,4.637055e+09,5.587935e-09,6.676972e-14,0.000000e+00,0.000000e+00,0.000000e+00,0.000000e+00,3.213034e+08,6.666652e+10,-6.921018e+08,3.600002e+06,3.291912e+06,0.000000e+00,-1.922504e+02,1.834329e+09,1.277610e+10,-1.523200e+08,9.375032e+05,1.327290e+07,1.680000e+02,-1.624741e+02,-5.836439e+07,0.000000e+00,0.000000e+00
1.840199e+00,5.631428e+09,8.307779e+10,8.859191e-05,3.409044e-02,-9.027441e+08,8.368966e+06,1.035700e-03,6.584174e+07,0.000000e+00,0.000000e+00,8.174278e+06,0.000000e+00,8.174278e+06,0.000000e+00,0.000000e+00,4.705396e+09,5.587935e-09,6.676972e-14,0.000000e+00,0.000000e+00,0.000000e+00,0.000000e+00,3.204422e+08,6.663778e+10,-6.919507e+08,3.600002e+06,3.382986e+06,0.000000e+00,-1.922084e+02,1.859499e+09,1.269455e+10,-1.518557e+08,9.375032e+05,1.340613e+07,1.680000e+02,-1.619789e+02,-5.897335e+07,0.000000e+00,0.000000e+00
1.860907e+00,5.703079e+09,8.301681e+10,5.949442e-04,7.248051e-02,-9.027376e+08,8.368966e+06,1.035085e-03,5.534028e+07,0.000000e+00,0.000000e+00,7.383363e+06,0.000000e+00,7.383363e+06,0.000000e+00,0.000000e+00,4.773233e+09,5.587935e-09,6.676972e-14,0.000000e+00,0.000000e+00,0.000000e+00,0.000000e+00,3.218598e+08,6.659459e+10,-6.917363e+08,3.600002e+06,3.480260e+06,0.000000e+00,-1.921489e+02,1.877481e+09,1.264236e+10,-1.515383e+08,9.375032e+05,1.354092e+07,1.680000e+02,-1.616403e+02,-5.949958e+07,0.000000e+00,0.000000e+00
1.880570e+00,5.772288e+09,8.294465e+10,4.796856e-04,1.927658e-01,-9.027309e+08,8.368966e+06,1.034705e-03,5.855105e+07,0.000000e+00,0.000000e+00,6.779106e+06,0.000000e+00,6.779106e+06,0.000000e+00,0.000000e+00,4.835718e+09,5.587935e-09,6.676972e-14,0.000000e+00,0.000000e+00,0.000000e+00,0.000000e+00,3.278502e+08,6.654792e+10,-6.915246e+08,3.600002e+06,3.564694e+06,0.000000e+00,-1.920901e+02,1.893752e+09,1.260137e+10,-1.513305e+08,9.370008e+05,1.367338e+07,1.720000e+02,-1.615052e+02,-5.991625e+07,0.000000e+00,0.000000e+00
1.900229e+00,5.840259e+09,8.287391e+10,-6.856148e-04,5.356021e-01,-9.027235e+08,8.368966e+06,1.034651e-03,6.057593e+07,0.000000e+00,0.000000e+00,6.945378e+06,0.000000e+00,6.945378e+06,0.000000e+00,0.000000e+00,4.896578e+09,5.587935e-09,6.676972e-14,0.000000e+00,0.000000e+00,0.000000e+00,0.000000e+00,3.361260e+08,6.650647e+10,-6.913492e+08,3.600002e+06,3.650973e+06,0.000000e+00,-1.920414e+02,1.909322e+09,1.255962e+10,-1.511080e+08,9.364984e+05,1.380372e+07,1.760000e+02,-1.613543e+02,-6.031425e+07,0.000000e+00,0.000000e+00
1.920916e+00,5.908999e+09,8.280765e+10,5.082812e-03,7.205803e-01,-9.027141e+08,8.368966e+06,1.033980e-03,5.757106e+07,0.000000e+00,0.000000e+00,7.060150e+06,0.000000e+00,7.060150e+06,0.000000e+00,0.000000e+00,4.957869e+09,5.587935e-09,6.676972e-14,0.000000e+00,0.000000e+00,0.000000e+00,0.000000e+00,3.437495e+08,6.646772e+10,-6.911889e+08,3.600002e+06,3.739874e+06,0.000000e+00,-1.919968e+02,1.925631e+09,1.251233e+10,-1.508311e+08,9.364984e+05,1.394395e+07,1.760000e+02,-1.610586e+02,-6.075370e+07,0.000000e+00,0.000000e+00
1.940557e+00,5.973714e+09,8.274061e+10,2.227256e-02,3.083690e-01,-9.027023e+08,8.368966e+06,1.033445e-03,5.986402e+07,0.000000e+00,0.000000e+00,6.817763e+06,0.000000e+00,6.817763e+06,0.000000e+00,0.000000e+00,5.017272e+09,5.587935e-09,6.676972e-14,0.000000e+00,0.000000e+00,0.000000e+00,0.000000e+00,3.505179e+08,6.643459e+10,-6.910513e+08,3.600002e+06,3.817224e+06,0.000000e+00,-1.919586e+02,1.942254e+09,1.245477e+10,-1.505175e+08,9.359960e+05,1.406671e+07,1.800000e+02,-1.608100e+02,-6.120589e+07,0.000000e+00,0.000000e+00
1.960190e+00,6.033328e+09,8.267912e+10,3.336764e-02,6.173782e-02,-9.026866e+08,8.368966e+06,1.033262e-03,6.229146e+07,0.000000e+00,0.000000e+00,5.969238e+06,0.000000e+00,5.969238e+06,0.000000e+00,0.000000e+00,5.074636e+09,5.587935e-09,6.676972e-14,0.000000e+00,0.000000e+00,0.000000e+00,0.000000e+00,3.549889e+08,6.640468e+10,-6.909176e+08,3.600002e+06,3.892589e+06,0.000000e+00,-1.919215e+02,1.956488e+09,1.240002e+10,-1.502068e+08,9.354936e+05,1.418532e+07,1.840000e+02,-1.605642e+02,-6.164870e+07,0.000000e+00,0.000000e+00
1.980853e+00,6.094055e+09,8.262051e+10,3.056477e-02,2.191485e-01,-9.026648e+08,8.368966e+06,1.033082e-03,6.068960e+07,0.000000e+00,0.000000e+00,5.479226e+06,0.000000e+00,5.479226e+06,0.000000e+00,0.000000e+00,5.134957e+09,5.587935e-09,6.676972e-14,0.000000e+00,0.000000e+00,0.000000e+00,0.000000e+00,3.600299e+08,6.637164e+10,-6.907717e+08,3.600002e+06,3.968334e+06,0.000000e+00,-1.918809e+02,1.968882e+09,1.234855e+10,-1.499050e+08,9.354936e+05,1.430171e+07,1.840000e+02,-1.602417e+02,-6.209615e+07,0.000000e+00,0.000000e+00
2.000481e+00,6.153397e+09,8.256080e+10,2.694311e-02,5.260901e-01,-9.026384e+08,8.368966e+06,1.032904e-03,6.105608e+07,0.000000e+00,0.000000e+00,5.319297e+06,0.000000e+00,5.319297e+06,0.000000e+00,0.000000e+00,5.190160e+09,5.587935e-09,6.676972e-14,0.000000e+00,0.000000e+00,0.000000e+00,0.000000e+00,3.667568e+08,6.633643e+10,-6.906227e+08,3.600002e+06,4.037993e+06,0.000000e+00,-1.918395e+02,1.980562e+09,1.229808e+10,-1.496287e+08,9.349911e+05,1.440650e+07,1.880000e+02,-1.600322e+02,-6.252206e+07,0.000000e+00,0.000000e+00
2.020100e+00,6.210910e+09,8.250277e+10,5.559980e-03,1.022769e+00,-9.026060e+08,8.368966e+06,1.032327e-03,6.135502e+07,0.000000e+00,0.000000e+00,5.305665e+06,0.000000e+00,5.305665e+06,0.000000e+00,0.000000e+00,5.241669e+09,5.587935e-09,6.676972e-14,0.000000e+00,0.000000e+00,0.000000e+00,0.000000e+00,3.747127e+08,6.629665e+10,-6.904582e+08,3.600002e+06,4.106010e+06,0.000000e+00,-1.917938e+02,1.988698e+09,1.225588e+10,-1.493579e+08,9.344888e+05,1.450830e+07,1.920000e+02,-1.598285e+02,-6.295873e+07,0.000000e+00,0.000000e+00
2.040745e+00,6.269273e+09,8.244276e+10,-2.902698e-02,5.784245e-01,-9.025648e+08,8.368966e+06,1.032016e-03,6.029640e+07,0.000000e+00,0.000000e+00,6.833116e+06,0.000000e+00,6.833116e+06,0.000000e+00,0.000000e+00,5.296724e+09,5.587935e-09,6.676972e-14,0.000000e+00,0.000000e+00,0.000000e+00,0.000000e+00,3.823482e+08,6.625737e+10,-6.902925e+08,3.600002e+06,4.172618e+06,0.000000e+00,-1.917478e+02,1.994674e+09,1.219900e+10,-1.489832e+08,9.339863e+05,1.462660e+07,1.960000e+02,-1.595132e+02,-6.350362e+07,0.000000e+00,0.000000e+00
2.060349e+00,6.327437e+09,8.238252e+10,-4.376725e-02,-3.822033e-01,-9.025192e+08,8.368966e+06,1.031757e-03,6.336514e+07,0.000000e+00,0.000000e+00,5.289846e+06,0.000000e+00,5.289846e+06,0.000000e+00,0.000000e+00,5.348769e+09,5.587935e-09,6.676972e-14,0.000000e+00,0.000000e+00,0.000000e+00,0.000000e+00,3.900506e+08,6.622362e+10,-6.901546e+08,3.600002e+06,4.238154e+06,0.000000e+00,-1.917095e+02,2.002350e+09,1.213821e+10,-1.486113e+08,9.339863e+05,1.474694e+07,1.960000e+02,-1.591151e+02,-6.400989e+07,0.000000e+00,0.000000e+00
2.080984e+00,6.385334e+09,8.232309e+10,-5.624960e-02,-1.028022e+00,-9.024660e+08,8.368966e+06,1.031419e-03,6.451739e+07,0.000000e+00,0.000000e+00,5.106921e+06,0.000000e+00,5.106921e+06,0.000000e+00,0.000000e+00,5.403604e+09,5.587935e-09,6.676972e-14,0.000000e+00,0.000000e+00,0.000000e+00,0.000000e+00,3.965172e+08,6.619123e+10,-6.900166e+08,3.600002e+06,4.304372e+06,0.000000e+00,-1.916712e+02,2.008402e+09,1.208301e+10,-1.482368e+08,9.339863e+05,1.487989e+07,1.960000e+02,-1.587141e+02,-6.452387e+07,0.000000e+00,0.000000e+00
2.100920e+00,6.441063e+09,8.226895e+10,-7.091950e-02,-1.869097e+00,-9.024117e+08,8.368966e+06,1.057124e-03,6.142340e+07,0.000000e+00,0.000000e+00,5.907165e+06,0.000000e+00,5.907165e+06,0.000000e+00,0.000000e+00,5.456035e+09,5.587935e-09,6.676972e-14,0.000000e+00,0.000000e+00,0.000000e+00,0.000000e+00,4.009310e+08,6.616527e+10,-6.898988e+08,3.600002e+06,4.363124e+06,0.000000e+00,-1.916384e+02,2.015234e+09,1.201734e+10,-1.478228e+08,9.339863e+05,1.500521e+07,1.960000e+02,-1.582708e+02,-6.505681e+07,0.000000e+00,0.000000e+00
2.120998e+00,6.499072e+09,8.220585e+10,-9.161447e-02,-2.753963e+00,-9.023565e+08,8.368966e+06,1.056541e-03,6.568736e+07,0.000000e+00,0.000000e+00,6.048890e+06,0.000000e+00,6.048890e+06,0.000000e+00,0.000000e+00,5.509821e+09,5.587935e-09,6.676972e-14,0.000000e+00,0.000000e+00,0.000000e+00,0.000000e+00,4.065801e+08,6.613629e+10,-6.897745e+08,3.600002e+06,4.417873e+06,0.000000e+00,-1.916039e+02,2.022596e+09,1.194990e+10,-1.474023e+08,9.334839e+05,1.513377e+07,2.000000e+02,-1.579056e+02,-6.560272e+07,0.000000e+00,0.000000e+00
2.140011e+00,6.551115e+09,8.215327e+10,-9.664827e-02,-2.683964e+00,-9.023060e+08,8.368966e+06,1.055896e-03,6.654591e+07,0.000000e+00,0.000000e+00,5.228987e+06,0.000000e+00,5.228987e+06,0.000000e+00,0.000000e+00,5.561773e+09,5.587935e-09,6.676972e-14,0.000000e+00,0.000000e+00,0.000000e+00,0.000000e+00,4.111329e+08,6.610998e+10,-6.896565e+08,3.600002e+06,4.468840e+06,0.000000e+00,-1.915711e+02,2.027041e+09,1.189197e+10,-1.470111e+08,9.334839e+05,1.525654e+07,2.000000e+02,-1.574865e+02,-6.610861e+07,0.000000e+00,0.000000e+00
2.160074e+00,6.607605e+09,8.209861e+10,-4.266147e-02,-1.171777e+00,-9.022568e+08,8.368966e+06,1.056182e-03,6.501677e+07,0.000000e+00,0.000000e+00,4.432068e+06,0.000000e+00,4.432068e+06,0.000000e+00,0.000000e+00,5.616381e+09,5.587935e-09,6.676972e-14,0.000000e+00,0.000000e+00,0.000000e+00,0.000000e+00,4.152976e+08,6.608573e+10,-6.895520e+08,3.600002e+06,4.523787e+06,0.000000e+00,-1.915421e+02,2.034267e+09,1.183447e+10,-1.466448e+08,9.329815e+05,1.537834e+07,2.040000e+02,-1.571787e+02,-6.657722e+07,0.000000e+00,0.000000e+00
2.180142e+00,6.664128e+09,8.204309e+10,4.237001e-02,-5.601882e-01,-9.022136e+08,8.368966e+06,1.056204e-03,6.242309e+07,0.000000e+00,0.000000e+00,5.362648e+06,0.000000e+00,5.362648e+06,0.000000e+00,0.000000e+00,5.670593e+09,5.587935e-09,6.676972e-14,0.000000e+00,0.000000e+00,0.000000e+00,0.000000e+00,4.191562e+08,6.606666e+10,-6.894671e+08,3.600002e+06,4.575235e+06,0.000000e+00,-1.915185e+02,2.042575e+09,1.177509e+10,-1.462416e+08,9.329815e+05,1.550509e+07,2.040000e+02,-1.567465e+02,-6.706820e+07,0.000000e+00,0.000000e+00
2.200209e+00,6.721404e+09,8.198671e+10,7.839128e-02,-1.763999e+00,-9.021779e+08,8.368966e+06,1.055934e-03,6.235754e+07,0.000000e+00,0.000000e+00,4.051304e+06,0.000000e+00,4.051304e+06,0.000000e+00,0.000000e+00,5.724532e+09,5.587935e-09,6.676972e-14,0.000000e+00,0.000000e+00,0.000000e+00,0.000000e+00,4.253910e+08,6.604356e+10,-6.893775e+08,3.600002e+06,4.626241e+06,0.000000e+00,-1.914936e+02,2.050370e+09,1.171823e+10,-1.458632e+08,9.329815e+05,1.563333e+07,2.040000e+02,-1.563409e+02,-6.753128e+07,0.000000e+00,0.000000e+00
2.220268e+00,6.772170e+09,8.193749e+10,5.895635e-02,-1.086998e+00,-9.021498e+08,8.368966e+06,1.055684e-03,6.072796e+07,0.000000e+00,0.000000e+00,3.629154e+06,0.000000e+00,3.629154e+06,0.000000e+00,0.000000e+00,5.776095e+09,5.587935e-09,6.676972e-14,0.000000e+00,0.000000e+00,0.000000e+00,0.000000e+00,4.299599e+08,6.602698e+10,-6.893117e+08,3.600002e+06,4.675786e+06,0.000000e+00,-1.914754e+02,2.056222e+09,1.166912e+10,-1.455310e+08,9.329815e+05,1.575194e+07,2.040000e+02,-1.559849e+02,-6.792701e+07,0.000000e+00,0.000000e+00
2.240323e+00,6.818892e+09,8.189347e+10,7.307986e-02,-1.570856e-01,-9.021280e+08,8.368966e+06,1.055233e-03,5.769423e+07,0.000000e+00,0.000000e+00,3.506658e+06,0.000000e+00,3.506658e+06,0.000000e+00,0.000000e+00,5.822002e+09,5.587935e-09,6.676972e-14,0.000000e+00,0.000000e+00,0.000000e+00,0.000000e+00,4.304039e+08,6.601846e+10,-6.892705e+08,3.600002e+06,4.722282e+06,0.000000e+00,-1.914639e+02,2.063976e+09,1.162444e+10,-1.452279e+08,9.329815e+05,1.586989e+07,2.040000e+02,-1.556600e+02,-6.826829e+07,0.000000e+00,0.000000e+00
2.260373e+00,6.863100e+09,8.185242e+10,1.282033e-01,-1.017940e+00,-9.021115e+08,8.368966e+06,1.055411e-03,5.450610e+07,0.000000e+00,0.000000e+00,3.247906e+06,0.000000e+00,3.247906e+06,0.000000e+00,0.000000e+00,5.864791e+09,5.587935e-09,6.676972e-14,0.000000e+00,0.000000e+00,0.000000e+00,0.000000e+00,4.297722e+08,6.601463e+10,-6.892459e+08,3.600002e+06,4.770014e+06,0.000000e+00,-1.914571e+02,2.073765e+09,1.158124e+10,-1.449396e+08,9.329815e+05,1.597828e+07,2.040000e+02,-1.553509e+02,-6.858106e+07,0.000000e+00,0.000000e+00
2.280426e+00,6.903406e+09,8.181593e+10,1.167400e-01,-7.263067e-01,-9.020993e+08,8.368966e+06,1.055334e-03,5.018206e+07,0.000000e+00,0.000000e+00,3.304338e+06,0.000000e+00,3.304338e+06,0.000000e+00,0.000000e+00,5.903985e+09,5.587935e-09,6.676972e-14,0.000000e+00,0.000000e+00,0.000000e+00,0.000000e+00,4.316170e+08,6.600819e+10,-6.892200e+08,3.600002e+06,4.819250e+06,0.000000e+00,-1.914499e+02,2.081789e+09,1.153756e+10,-1.446384e+08,9.319767e+05,1.608476e+07,2.120000e+02,-1.551953e+02,-6.890824e+07,0.000000e+00,0.000000e+00
2.300475e+00,6.933470e+09,8.178496e+10,1.209838e-02,4.332682e-01,-9.020906e+08,8.368966e+06,1.055116e-03,5.079756e+07,0.000000e+00,0.000000e+00,3.298813e+06,0.000000e+00,3.298813e+06,0.000000e+00,0.000000e+00,5.940477e+09,5.587935e-09,6.676972e-14,0.000000e+00,0.000000e+00,0.000000e+00,0.000000e+00,4.270706e+08,6.600570e+10,-6.891856e+08,3.600002e+06,4.865088e+06,0.000000e+00,-1.914403e+02,2.088646e+09,1.149754e+10,-1.443508e+08,9.319767e+05,1.619366e+07,2.120000e+02,-1.548867e+02,-6.923124e+07,0.000000e+00,0.000000e+00
2.320523e+00,6.961159e+09,8.176017e+10,-7.156907e-02,-9.868472e-01,-9.020842e+08,8.368966e+06,1.055168e-03,4.793268e+07,0.000000e+00,0.000000e+00,2.663330e+06,0.000000e+00,2.663330e+06,0.000000e+00,0.000000e+00,5.975835e+09,5.587935e-09,6.676972e-14,0.000000e+00,0.000000e+00,0.000000e+00,0.000000e+00,4.185769e+08,6.600514e+10,-6.891388e+08,3.600002e+06,4.908813e+06,0.000000e+00,-1.914273e+02,2.099442e+09,1.145547e+10,-1.440613e+08,9.319767e+05,1.629665e+07,2.120000e+02,-1.545761e+02,-6.956611e+07,0.000000e+00,0.000000e+00
2.340567e+00,6.989956e+09,8.173320e+10,-8.733208e-02,-2.846120e+00,-9.020792e+08,8.368966e+06,1.054768e-03,4.607675e+07,0.000000e+00,0.000000e+00,2.374408e+06,0.000000e+00,2.374408e+06,0.000000e+00,0.000000e+00,6.008742e+09,5.587935e-09,6.676972e-14,0.000000e+00,0.000000e+00,0.000000e+00,0.000000e+00,4.122361e+08,6.600068e+10,-6.890831e+08,3.600002e+06,4.952292e+06,0.000000e+00,-1.914119e+02,2.112142e+09,1.141874e+10,-1.438405e+08,9.319767e+05,1.640542e+07,2.120000e+02,-1.543392e+02,-6.984021e+07,0.000000e+00,0.000000e+00
2.360607e+00,7.017386e+09,8.170480e+10,-2.096014e-01,-3.095035e+00,-9.020749e+08,8.368966e+06,1.054572e-03,4.705721e+07,0.000000e+00,0.000000e+00,2.062442e+06,0.000000e+00,2.062442e+06,0.000000e+00,0.000000e+00,6.040742e+09,5.587935e-09,6.676972e-14,0.000000e+00,0.000000e+00,0.000000e+00,0.000000e+00,4.072220e+08,6.599423e+10,-6.890247e+08,3.600002e+06,4.997006e+06,0.000000e+00,-1.913956e+02,2.122606e+09,1.138725e+10,-1.436598e+08,9.319767e+05,1.651218e+07,2.120000e+02,-1.541453e+02,-7.007694e+07,0.000000e+00,0.000000e+00
2.380638e+00,7.045647e+09,8.167573e+10,-2.417943e-01,-1.303791e+00,-9.020721e+08,8.368966e+06,1.054060e-03,4.715581e+07,0.000000e+00,0.000000e+00,2.395545e+06,0.000000e+00,2.395545e+06,0.000000e+00,0.000000e+00,6.072074e+09,5.587935e-09,6.676972e-14,0.000000e+00,0.000000e+00,0.000000e+00,0.000000e+00,4.035002e+08,6.598820e+10,-6.889734e+08,3.600002e+06,5.039798e+06,0.000000e+00,-1.913814e+02,2.132111e+09,1.135760e+10,-1.434973e+08,9.319767e+05,1.661520e+07,2.120000e+02,-1.539709e+02,-7.029054e+07,0.000000e+00,0.000000e+00
2.400662e+00,7.080210e+09,8.164238e+10,1.570332e-01,8.021758e-01,-9.020723e+08,8.368966e+06,1.053663e-03,4.445468e+07,0.000000e+00,0.000000e+00,3.074570e+06,0.000000e+00,3.074570e+06,0.000000e+00,0.000000e+00,6.104193e+09,5.587935e-09,6.676972e-14,0.000000e+00,0.000000e+00,0.000000e+00,0.000000e+00,4.011628e+08,6.597914e+10,-6.889155e+08,3.600002e+06,5.080681e+06,0.000000e+00,-1.913653e+02,2.146085e+09,1.132359e+10,-1.433038e+08,9.319767e+05,1.674345e+07,2.120000e+02,-1.537633e+02,-7.054437e+07,0.000000e+00,0.000000e+00
2.420680e+00,7.120987e+09,8.159956e+10,7.622973e-01,1.120829e+00,-9.020758e+08,8.368966e+06,1.053520e-03,4.518029e+07,0.000000e+00,0.000000e+00,3.958402e+06,0.000000e+00,3.958402e+06,0.000000e+00,0.000000e+00,6.136399e+09,5.587935e-09,6.676972e-14,0.000000e+00,0.000000e+00,0.000000e+00,0.000000e+00,4.039840e+08,6.596354e+10,-6.888461e+08,3.600002e+06,5.122637e+06,0.000000e+00,-1.913460e+02,2.160111e+09,1.128556e+10,-1.431099e+08,9.319767e+05,1.686422e+07,2.120000e+02,-1.535552e+02,-7.080957e+07,0.000000e+00,0.000000e+00
2.440694e+00,7.159750e+09,8.156049e+10,1.220027e+00,2.924731e-01,-9.020824e+08,8.368966e+06,1.053181e-03,4.458055e+07,0.000000e+00,0.000000e+00,4.393548e+06,0.000000e+00,4.393548e+06,0.000000e+00,0.000000e+00,6.169542e+09,5.587935e-09,6.676972e-14,0.000000e+00,0.000000e+00,0.000000e+00,0.000000e+00,4.068556e+08,6.594783e+10,-6.887784e+08,3.600002e+06,5.163742e+06,0.000000e+00,-1.913272e+02,2.171618e+09,1.124653e+10,-1.428799e+08,9.319767e+05,1.698836e+07,2.120000e+02,-1.533085e+02,-7.110661e+07,0.000000e+00,0.000000e+00
2.460706e+00,7.192637e+09,8.152739e+10,2.263022e+00,4.896498e-01,-9.020925e+08,8.368966e+06,1.053375e-03,4.519730e+07,0.000000e+00,0.000000e+00,3.429457e+06,0.000000e+00,3.429457e+06,0.000000e+00,0.000000e+00,6.203026e+09,5.587935e-09,6.676972e-14,0.000000e+00,0.000000e+00,0.000000e+00,0.000000e+00,4.049106e+08,6.593766e+10,-6.887155e+08,3.600002e+06,5.202738e+06,0.000000e+00,-1.913097e+02,2.184097e+09,1.121042e+10,-1.426640e+08,9.319767e+05,1.711569e+07,2.120000e+02,-1.530768e+02,-7.138554e+07,0.000000e+00,0.000000e+00
2.480719e+00,7.229435e+09,8.148894e+10,3.227500e+00,1.450593e+00,-9.021078e+08,8.368966e+06,1.053222e-03,4.632322e+07,0.000000e+00,0.000000e+00,3.650706e+06,0.000000e+00,3.650706e+06,0.000000e+00,0.000000e+00,6.236057e+09,5.587935e-09,6.676972e-14,0.000000e+00,0.000000e+00,0.000000e+00,0.000000e+00,4.063575e+08,6.592432e+10,-6.886525e+08,3.600002e+06,5.242661e+06,0.000000e+00,-1.912923e+02,2.196805e+09,1.117215e+10,-1.424428e+08,9.319767e+05,1.723233e+07,2.120000e+02,-1.528394e+02,-7.167015e+07,0.000000e+00,0.000000e+00
2.500731e+00,7.265858e+09,8.145493e+10,3.509018e+00,-2.821657e-01,-9.021310e+08,8.368966e+06,1.053397e-03,4.297823e+07,0.000000e+00,0.000000e+00,4.350523e+06,0.000000e+00,4.350523e+06,0.000000e+00,0.000000e+00,6.268006e+09,5.587935e-09,6.676972e-14,0.000000e+00,0.000000e+00,0.000000e+00,0.000000e+00,4.088433e+08,6.591169e+10,-6.885996e+08,3.600002e+06,5.283717e+06,0.000000e+00,-1.912776e+02,2.206580e+09,1.113511e+10,-1.421948e+08,9.314742e+05,1.733481e+07,2.160000e+02,-1.526556e+02,-7.197157e+07,0.000000e+00,0.000000e+00
2.520743e+00,7.296785e+09,8.142248e+10,3.855321e+00,-2.290287e+00,-9.021647e+08,8.368966e+06,1.053036e-03,4.453409e+07,0.000000e+00,0.000000e+00,4.072346e+06,0.000000e+00,4.072346e+06,0.000000e+00,0.000000e+00,6.298149e+09,5.587935e-09,6.676972e-14,0.000000e+00,0.000000e+00,0.000000e+00,0.000000e+00,4.089318e+08,6.590142e+10,-6.885437e+08,3.600002e+06,5.321861e+06,0.000000e+00,-1.912620e+02,2.213415e+09,1.109961e+10,-1.419542e+08,9.314742e+05,1.744420e+07,2.160000e+02,-1.523973e+02,-7.226731e+07,0.000000e+00,0.000000e+00
2.540751e+00,7.326563e+09,8.139096e+10,4.151789e+00,-4.256161e+00,-9.022091e+08,8.368966e+06,1.053048e-03,4.665144e+07,0.000000e+00,0.000000e+00,3.423687e+06,0.000000e+00,3.423687e+06,0.000000e+00,0.000000e+00,6.328180e+09,5.587935e-09,6.676972e-14,0.000000e+00,0.000000e+00,0.000000e+00,0.000000e+00,4.074983e+08,6.588933e+10,-6.884760e+08,3.600002e+06,5.360194e+06,0.000000e+00,-1.912432e+02,2.221539e+09,1.106614e+10,-1.417480e+08,9.314742e+05,1.754939e+07,2.160000e+02,-1.521759e+02,-7.253978e+07,0.000000e+00,0.000000e+00
2.560759e+00,7.353513e+09,8.136721e+10,3.686446e+00,-7.686240e+00,-9.022628e+08,8.368966e+06,1.053147e-03,4.318853e+07,0.000000e+00,0.000000e+00,3.171135e+06,0.000000e+00,3.171135e+06,0.000000e+00,0.000000e+00,6.357501e+09,5.587935e-09,6.676972e-14,0.000000e+00,0.000000e+00,0.000000e+00,0.000000e+00,4.031203e+08,6.587736e+10,-6.883962e+08,3.600002e+06,5.398183e+06,0.000000e+00,-1.912211e+02,2.230418e+09,1.103865e+10,-1.415718e+08,9.314742e+05,1.764570e+07,2.160000e+02,-1.519868e+02,-7.279543e+07,0.000000e+00,0.000000e+00
2.580770e+00,7.383057e+09,8.133626e+10,2.343703e+00,-8.659035e+00,-9.023233e+08,8.368966e+06,1.053185e-03,4.428987e+07,0.000000e+00,0.000000e+00,3.004269e+06,0.000000e+00,3.004269e+06,0.000000e+00,0.000000e+00,6.384729e+09,5.587935e-09,6.676972e-14,0.000000e+00,0.000000e+00,0.000000e+00,0.000000e+00,4.033955e+08,6.585798e+10,-6.883002e+08,3.600002e+06,5.434752e+06,0.000000e+00,-1.911944e+02,2.238688e+09,1.101179e+10,-1.414123e+08,9.314742e+05,1.773925e+07,2.160000e+02,-1.518156e+02,-7.305048e+07,0.000000e+00,0.000000e+00
2.600778e+00,7.411672e+09,8.130808e+10,6.202239e-01,-5.118181e+00,-9.023891e+08,8.368966e+06,1.052800e-03,4.393276e+07,0.000000e+00,0.000000e+00,2.524472e+06,0.000000e+00,2.524472e+06,0.000000e+00,0.000000e+00,6.411884e+09,5.587935e-09,6.676972e-14,0.000000e+00,0.000000e+00,0.000000e+00,0.000000e+00,4.055411e+08,6.583880e+10,-6.882142e+08,3.600002e+06,5.471106e+06,0.000000e+00,-1.911705e+02,2.244695e+09,1.098992e+10,-1.412816e+08,9.314742e+05,1.783136e+07,2.160000e+02,-1.516752e+02,-7.326398e+07,0.000000e+00,0.000000e+00
2.620776e+00,7.438080e+09,8.128278e+10,-7.618359e-01,-2.065991e+00,-9.024573e+08,8.368966e+06,1.052425e-03,4.278321e+07,0.000000e+00,0.000000e+00,2.298262e+06,0.000000e+00,2.298262e+06,0.000000e+00,0.000000e+00,6.439039e+09,5.587935e-09,6.676972e-14,0.000000e+00,0.000000e+00,0.000000e+00,0.000000e+00,4.055459e+08,6.582429e+10,-6.881423e+08,3.600002e+06,5.506748e+06,0.000000e+00,-1.911505e+02,2.250705e+09,1.097244e+10,-1.411858e+08,9.314742e+05,1.791586e+07,2.160000e+02,-1.515724e+02,-7.343003e+07,0.000000e+00,0.000000e+00
2.640773e+00,7.464728e+09,8.125591e+10,-1.389986e+00,-5.391346e-01,-9.025268e+08,8.368966e+06,1.052417e-03,4.288913e+07,0.000000e+00,0.000000e+00,2.240878e+06,0.000000e+00,2.240878e+06,0.000000e+00,0.000000e+00,6.465224e+09,5.587935e-09,6.676972e-14,0.000000e+00,0.000000e+00,0.000000e+00,0.000000e+00,4.055177e+08,6.580917e+10,-6.880648e+08,3.600002e+06,5.542661e+06,0.000000e+00,-1.911290e+02,2.258364e+09,1.095687e+10,-1.411160e+08,9.314742e+05,1.800091e+07,2.160000e+02,-1.514975e+02,-7.357650e+07,0.000000e+00,0.000000e+00
2.660767e+00,7.486775e+09,8.123694e+10,-1.986145e+00,2.778168e+00,-9.025945e+08,8.368966e+06,1.052243e-03,3.980394e+07,0.000000e+00,0.000000e+00,2.121434e+06,0.000000e+00,2.121434e+06,0.000000e+00,0.000000e+00,6.490826e+09,5.587935e-09,6.676972e-14,0.000000e+00,0.000000e+00,0.000000e+00,0.000000e+00,4.008294e+08,6.579929e+10,-6.879917e+08,3.600002e+06,5.576028e+06,0.000000e+00,-1.911087e+02,2.265852e+09,1.094402e+10,-1.410517e+08,9.314742e+05,1.807841e+07,2.160000e+02,-1.514284e+02,-7.371373e+07,0.000000e+00,0.000000e+00
2.680756e+00,7.504022e+09,8.121931e+10,-2.751065e+00,6.663517e+00,-9.026604e+08,8.368966e+06,1.051781e-03,4.035484e+07,0.000000e+00,0.000000e+00,1.896263e+06,0.000000e+00,1.896263e+06,0.000000e+00,0.000000e+00,6.515867e+09,5.587935e-09,6.676972e-14,0.000000e+00,0.000000e+00,0.000000e+00,0.000000e+00,3.943184e+08,6.578934e+10,-6.879110e+08,3.600002e+06,5.610374e+06,0.000000e+00,-1.910863e+02,2.270221e+09,1.093290e+10,-1.409968e+08,9.314742e+05,1.815143e+07,2.160000e+02,-1.513695e+02,-7.384983e+07,0.000000e+00,0.000000e+00
2.700736e+00,7.523065e+09,8.119924e+10,-2.711151e+00,6.599673e+00,-9.027245e+08,8.368966e+06,1.051416e-03,4.112676e+07,0.000000e+00,0.000000e+00,2.046745e+06,0.000000e+00,2.046745e+06,0.000000e+00,0.000000e+00,6.539946e+09,5.587935e-09,6.676972e-14,0.000000e+00,0.000000e+00,0.000000e+00,0.000000e+00,3.901641e+08,6.577811e+10,-6.878327e+08,3.600002e+06,5.646054e+06,0.000000e+00,-1.910645e+02,2.273895e+09,1.092210e+10,-1.409298e+08,9.314742e+05,1.822459e+07,2.160000e+02,-1.512976e+02,-7.399454e+07,0.000000e+00,0.000000e+00
2.720710e+00,7.538785e+09,8.118605e+10,-2.162422e+00,3.096297e+00,-9.027879e+08,8.368966e+06,1.051191e-03,3.860169e+07,0.000000e+00,0.000000e+00,1.970722e+06,0.000000e+00,1.970722e+06,0.000000e+00,0.000000e+00,6.563219e+09,5.587935e-09,6.676972e-14,0.000000e+00,0.000000e+00,0.000000e+00,0.000000e+00,3.821034e+08,6.577311e+10,-6.877678e+08,3.600002e+06,5.679821e+06,0.000000e+00,-1.910465e+02,2.279039e+09,1.091302e+10,-1.408706e+08,9.309719e+05,1.829780e+07,2.200000e+02,-1.513156e+02,-7.411807e+07,0.000000e+00,0.000000e+00
2.740681e+00,7.553389e+09,8.117039e+10,-1.506833e+00,-5.135703e-02,-9.028512e+08,8.368966e+06,1.050918e-03,3.820407e+07,0.000000e+00,0.000000e+00,2.974173e+06,0.000000e+00,2.974173e+06,0.000000e+00,0.000000e+00,6.585872e+09,5.587935e-09,6.676972e-14,0.000000e+00,0.000000e+00,0.000000e+00,0.000000e+00,3.732756e+08,6.576298e+10,-6.876744e+08,3.600002e+06,5.715604e+06,0.000000e+00,-1.910205e+02,2.283907e+09,1.090221e+10,-1.408073e+08,9.299670e+05,1.837453e+07,2.280000e+02,-1.514111e+02,-7.427824e+07,0.000000e+00,0.000000e+00
2.760645e+00,7.571480e+09,8.115031e+10,-9.180496e-01,6.140176e-01,-9.029138e+08,8.368966e+06,1.050578e-03,3.929324e+07,0.000000e+00,0.000000e+00,3.685446e+06,0.000000e+00,3.685446e+06,0.000000e+00,0.000000e+00,6.607971e+09,5.587935e-09,6.676972e-14,0.000000e+00,0.000000e+00,0.000000e+00,0.000000e+00,3.683030e+08,6.574177e+10,-6.875404e+08,3.600002e+06,5.752537e+06,0.000000e+00,-1.909833e+02,2.287649e+09,1.089096e+10,-1.407447e+08,9.299670e+05,1.844762e+07,2.280000e+02,-1.513437e+02,-7.447552e+07,0.000000e+00,0.000000e+00
2.780603e+00,7.591344e+09,8.113018e+10,-8.274130e-01,-2.174500e+00,-9.029759e+08,8.368966e+06,1.050235e-03,4.016034e+07,0.000000e+00,0.000000e+00,3.075030e+06,0.000000e+00,3.075030e+06,0.000000e+00,0.000000e+00,6.630546e+09,5.587935e-09,6.676972e-14,0.000000e+00,0.000000e+00,0.000000e+00,0.000000e+00,3.636421e+08,6.572079e+10,-6.874142e+08,3.600002e+06,5.787692e+06,0.000000e+00,-1.909483e+02,2.292925e+09,1.087842e+10,-1.406707e+08,9.299670e+05,1.851566e+07,2.280000e+02,-1.512641e+02,-7.467519e+07,0.000000e+00,0.000000e+00
2.800557e+00,7.611871e+09,8.111083e+10,-1.394645e+00,-9.828494e+00,-9.030353e+08,8.368966e+06,1.050204e-03,3.986525e+07,0.000000e+00,0.000000e+00,2.123924e+06,0.000000e+00,2.123924e+06,0.000000e+00,0.000000e+00,6.652660e+09,5.587935e-09,6.676972e-14,0.000000e+00,0.000000e+00,0.000000e+00,0.000000e+00,3.590190e+08,6.570335e+10,-6.873049e+08,3.600002e+06,5.823658e+06,0.000000e+00,-1.909179e+02,2.299040e+09,1.086585e+10,-1.406011e+08,9.299670e+05,1.858408e+07,2.280000e+02,-1.511893e+02,-7.485353e+07,0.000000e+00,0.000000e+00
2.820511e+00,7.633568e+09,8.108997e+10,-1.442948e+00,-1.504448e+01,-9.030934e+08,8.368966e+06,1.050225e-03,3.955494e+07,0.000000e+00,0.000000e+00,1.506033e+06,0.000000e+00,1.506033e+06,0.000000e+00,0.000000e+00,6.675061e+09,5.587935e-09,6.676972e-14,0.000000e+00,0.000000e+00,0.000000e+00,0.000000e+00,3.548141e+08,6.569109e+10,-6.872241e+08,3.600002e+06,5.856663e+06,0.000000e+00,-1.908954e+02,2.305683e+09,1.085302e+10,-1.405231e+08,9.299670e+05,1.865128e+07,2.280000e+02,-1.511054e+02,-7.501012e+07,0.000000e+00,0.000000e+00
2.840464e+00,7.653695e+09,8.106896e+10,-1.997815e-01,-1.878946e+01,-9.031487e+08,8.368966e+06,1.050057e-03,4.027981e+07,0.000000e+00,0.000000e+00,1.491433e+06,0.000000e+00,1.491433e+06,0.000000e+00,0.000000e+00,6.697597e+09,5.587935e-09,6.676972e-14,0.000000e+00,0.000000e+00,0.000000e+00,0.000000e+00,3.508257e+08,6.568135e+10,-6.871554e+08,3.600002e+06,5.891724e+06,0.000000e+00,-1.908764e+02,2.311312e+09,1.083999e+10,-1.404503e+08,9.299670e+05,1.871869e+07,2.280000e+02,-1.510271e+02,-7.515250e+07,0.000000e+00,0.000000e+00
2.860412e+00,7.680220e+09,8.104121e+10,-4.574151e-02,-1.917270e+01,-9.032010e+08,8.368966e+06,1.049717e-03,4.096607e+07,0.000000e+00,0.000000e+00,1.827728e+06,0.000000e+00,1.827728e+06,0.000000e+00,0.000000e+00,6.720035e+09,5.587935e-09,6.676972e-14,0.000000e+00,0.000000e+00,0.000000e+00,0.000000e+00,3.522111e+08,6.566508e+10,-6.870804e+08,3.600002e+06,5.926492e+06,0.000000e+00,-1.908555e+02,2.317610e+09,1.082315e+10,-1.403732e+08,9.299670e+05,1.878411e+07,2.280000e+02,-1.509443e+02,-7.530491e+07,0.000000e+00,0.000000e+00
2.880354e+00,7.710552e+09,8.101268e+10,-1.254227e+00,-1.341445e+01,-9.032485e+08,8.368966e+06,1.049384e-03,3.850812e+07,0.000000e+00,0.000000e+00,2.162680e+06,0.000000e+00,2.162680e+06,0.000000e+00,0.000000e+00,6.742725e+09,5.587935e-09,6.676972e-14,0.000000e+00,0.000000e+00,0.000000e+00,0.000000e+00,3.559922e+08,6.564157e+10,-6.869807e+08,3.600002e+06,5.958862e+06,0.000000e+00,-1.908279e+02,2.324803e+09,1.081001e+10,-1.403015e+08,9.299670e+05,1.884511e+07,2.280000e+02,-1.508672e+02,-7.547667e+07,0.000000e+00,0.000000e+00
2.900290e+00,7.737410e+09,8.098527e+10,-2.247256e+00,-5.985298e+00,-9.032926e+08,8.368966e+06,1.049146e-03,3.892804e+07,0.000000e+00,0.000000e+00,2.110254e+06,0.000000e+00,2.110254e+06,0.000000e+00,0.000000e+00,6.765533e+09,5.587935e-09,6.676972e-14,0.000000e+00,0.000000e+00,0.000000e+00,0.000000e+00,3.581757e+08,6.562087e+10,-6.868874e+08,3.600002e+06,5.992632e+06,0.000000e+00,-1.908019e+02,2.330912e+09,1.079651e+10,-1.402319e+08,9.299670e+05,1.890605e+07,2.280000e+02,-1.507924e+02,-7.563926e+07,0.000000e+00,0.000000e+00
2.920222e+00,7.759413e+09,8.096217e+10,-3.210867e+00,-4.640635e+00,-9.033341e+08,8.368966e+06,1.048983e-03,4.015652e+07,0.000000e+00,0.000000e+00,1.652732e+06,0.000000e+00,1.652732e+06,0.000000e+00,0.000000e+00,6.788023e+09,5.587935e-09,6.676972e-14,0.000000e+00,0.000000e+00,0.000000e+00,0.000000e+00,3.582971e+08,6.560137e+10,-6.867924e+08,3.600002e+06,6.028202e+06,0.000000e+00,-1.907756e+02,2.334640e+09,1.078443e+10,-1.401645e+08,9.299670e+05,1.896249e+07,2.280000e+02,-1.507199e+02,-7.580214e+07,0.000000e+00,0.000000e+00
2.940151e+00,7.778983e+09,8.094173e+10,-5.281681e+00,-5.918592e+00,-9.033717e+08,8.368966e+06,1.048781e-03,4.034051e+07,0.000000e+00,0.000000e+00,1.886445e+06,0.000000e+00,1.886445e+06,0.000000e+00,0.000000e+00,6.809827e+09,5.587935e-09,6.676972e-14,0.000000e+00,0.000000e+00,0.000000e+00,0.000000e+00,3.561675e+08,6.558119e+10,-6.866813e+08,3.600002e+06,6.064285e+06,0.000000e+00,-1.907447e+02,2.338143e+09,1.077494e+10,-1.400999e+08,9.299670e+05,1.902104e+07,2.280000e+02,-1.506504e+02,-7.597782e+07,0.000000e+00,0.000000e+00
2.960076e+00,7.801550e+09,8.091838e+10,-6.541821e+00,-5.772071e+00,-9.034055e+08,8.368966e+06,1.048604e-03,4.121287e+07,0.000000e+00,0.000000e+00,1.597363e+06,0.000000e+00,1.597363e+06,0.000000e+00,0.000000e+00,6.831458e+09,5.587935e-09,6.676972e-14,0.000000e+00,0.000000e+00,0.000000e+00,0.000000e+00,3.560634e+08,6.556131e+10,-6.865805e+08,3.600002e+06,6.098896e+06,0.000000e+00,-1.907167e+02,2.342776e+09,1.076312e+10,-1.400294e+08,9.299670e+05,1.907786e+07,2.280000e+02,-1.505746e+02,-7.614822e+07,0.000000e+00,0.000000e+00
2.981048e+00,7.830996e+09,8.088959e+10,-7.284658e+00,-7.921885e+00,-9.034353e+08,8.368966e+06,1.048596e-03,3.882982e+07,0.000000e+00,0.000000e+00,2.750965e+06,0.000000e+00,2.750965e+06,0.000000e+00,0.000000e+00,6.854310e+09,5.587935e-09,6.676972e-14,0.000000e+00,0.000000e+00,0.000000e+00,0.000000e+00,3.609972e+08,6.554119e+10,-6.865016e+08,3.600002e+06,6.136154e+06,0.000000e+00,-1.906948e+02,2.348165e+09,1.074973e+10,-1.399489e+08,9.299670e+05,1.914356e+07,2.280000e+02,-1.504881e+02,-7.630918e+07,0.000000e+00,0.000000e+00
3.000970e+00,7.860412e+09,8.085994e+10,-7.469221e+00,-9.486987e+00,-9.034603e+08,8.368966e+06,1.048360e-03,3.868064e+07,0.000000e+00,0.000000e+00,2.767477e+06,0.000000e+00,2.767477e+06,0.000000e+00,0.000000e+00,6.878215e+09,5.587935e-09,6.676972e-14,0.000000e+00,0.000000e+00,0.000000e+00,0.000000e+00,3.636869e+08,6.552381e+10,-6.864268e+08,3.600002e+06,6.170054e+06,0.000000e+00,-1.906740e+02,2.355920e+09,1.072946e+10,-1.398183e+08,9.299670e+05,1.923526e+07,2.280000e+02,-1.503476e+02,-7.651699e+07,0.000000e+00,0.000000e+00
3.020886e+00,7.885429e+09,8.083257e+10,-7.191270e+00,-1.354216e+01,-9.034827e+08,8.368966e+06,1.048079e-03,3.982152e+07,0.000000e+00,0.000000e+00,3.785247e+06,0.000000e+00,3.785247e+06,0.000000e+00,0.000000e+00,6.901645e+09,5.587935e-09,6.676972e-14,0.000000e+00,0.000000e+00,0.000000e+00,0.000000e+00,3.637536e+08,6.550206e+10,-6.863159e+08,3.600002e+06,6.202956e+06,0.000000e+00,-1.906432e+02,2.362791e+09,1.071011e+10,-1.396923e+08,9.299670e+05,1.931722e+07,2.280000e+02,-1.502121e+02,-7.675451e+07,0.000000e+00,0.000000e+00
3.040797e+00,7.912155e+09,8.080806e+10,-7.604500e+00,-1.902012e+01,-9.035053e+08,8.368966e+06,1.047777e-03,3.838746e+07,0.000000e+00,0.000000e+00,2.842854e+06,0.000000e+00,2.842854e+06,0.000000e+00,0.000000e+00,6.925173e+09,5.587935e-09,6.676972e-14,0.000000e+00,0.000000e+00,0.000000e+00,0.000000e+00,3.650421e+08,6.547671e+10,-6.861904e+08,3.600002e+06,6.237048e+06,0.000000e+00,-1.906083e+02,2.370015e+09,1.069353e+10,-1.395902e+08,9.299670e+05,1.939085e+07,2.280000e+02,-1.501023e+02,-7.698062e+07,0.000000e+00,0.000000e+00
3.060704e+00,7.939636e+09,8.078085e+10,-8.761285e+00,-2.286109e+01,-9.035292e+08,8.368966e+06,1.047720e-03,3.816702e+07,0.000000e+00,0.000000e+00,2.675338e+06,0.000000e+00,2.675338e+06,0.000000e+00,0.000000e+00,6.947674e+09,5.587935e-09,6.676972e-14,0.000000e+00,0.000000e+00,0.000000e+00,0.000000e+00,3.687604e+08,6.544971e+10,-6.860713e+08,3.600002e+06,6.270684e+06,0.000000e+00,-1.905752e+02,2.375427e+09,1.067884e+10,-1.394962e+08,9.299670e+05,1.945954e+07,2.280000e+02,-1.500012e+02,-7.719419e+07,0.000000e+00,0.000000e+00
3.080609e+00,7.962999e+09,8.075537e+10,-9.069084e+00,-2.228536e+01,-9.035548e+08,8.368966e+06,1.047538e-03,4.015680e+07,0.000000e+00,0.000000e+00,2.644074e+06,0.000000e+00,2.644074e+06,0.000000e+00,0.000000e+00,6.969065e+09,5.587935e-09,6.676972e-14,0.000000e+00,0.000000e+00,0.000000e+00,0.000000e+00,3.700587e+08,6.542427e+10,-6.859478e+08,3.600002e+06,6.302187e+06,0.000000e+00,-1.905409e+02,2.379587e+09,1.066215e+10,-1.393950e+08,9.299670e+05,1.952595e+07,2.280000e+02,-1.498924e+02,-7.741966e+07,0.000000e+00,0.000000e+00
3.100511e+00,7.985965e+09,8.073190e+10,-8.713757e+00,-1.597125e+01,-9.035822e+08,8.368966e+06,1.047383e-03,3.997747e+07,0.000000e+00,0.000000e+00,3.015126e+06,0.000000e+00,3.015126e+06,0.000000e+00,0.000000e+00,6.990252e+09,5.587935e-09,6.676972e-14,0.000000e+00,0.000000e+00,0.000000e+00,0.000000e+00,3.698924e+08,6.539624e+10,-6.858045e+08,3.600002e+06,6.334233e+06,0.000000e+00,-1.905011e+02,2.385001e+09,1.064481e+10,-1.392984e+08,9.299670e+05,1.958905e+07,2.280000e+02,-1.497885e+02,-7.766027e+07,0.000000e+00,0.000000e+00
3.120408e+00,8.012631e+09,8.070613e+10,-8.449393e+00,-3.836755e+00,-9.036108e+08,8.368966e+06,1.047031e-03,3.893427e+07,0.000000e+00,0.000000e+00,2.968753e+06,0.000000e+00,2.968753e+06,0.000000e+00,0.000000e+00,7.011654e+09,5.587935e-09,6.676972e-14,0.000000e+00,0.000000e+00,0.000000e+00,0.000000e+00,3.716951e+08,6.536420e+10,-6.856527e+08,3.600002e+06,6.367800e+06,0.000000e+00,-1.904590e+02,2.391146e+09,1.062872e+10,-1.392010e+08,9.299670e+05,1.965102e+07,2.280000e+02,-1.496838e+02,-7.790897e+07,0.000000e+00,0.000000e+00
3.140299e+00,8.038266e+09,8.068148e+10,-7.252145e+00,9.428875e+00,-9.036406e+08,8.368966e+06,1.046729e-03,3.849370e+07,0.000000e+00,0.000000e+00,2.188456e+06,0.000000e+00,2.188456e+06,0.000000e+00,0.000000e+00,7.032776e+09,5.587935e-09,6.676972e-14,0.000000e+00,0.000000e+00,0.000000e+00,0.000000e+00,3.728169e+08,6.533757e+10,-6.855235e+08,3.600002e+06,6.403422e+06,0.000000e+00,-1.904231e+02,2.396927e+09,1.061388e+10,-1.391159e+08,9.299670e+05,1.971088e+07,2.280000e+02,-1.495923e+02,-7.812014e+07,0.000000e+00,0.000000e+00
3.160184e+00,8.058491e+09,8.066248e+10,-5.993765e+00,2.557900e+01,-9.036711e+08,8.368966e+06,1.046479e-03,3.704731e+07,0.000000e+00,0.000000e+00,2.233839e+06,0.000000e+00,2.233839e+06,0.000000e+00,0.000000e+00,7.053655e+09,5.587935e-09,6.676972e-14,0.000000e+00,0.000000e+00,0.000000e+00,0.000000e+00,3.715138e+08,6.531716e+10,-6.854123e+08,3.600002e+06,6.436292e+06,0.000000e+00,-1.903922e+02,2.401109e+09,1.060377e+10,-1.390661e+08,9.294646e+05,1.977088e+07,2.320000e+02,-1.496196e+02,-7.827931e+07,0.000000e+00,0.000000e+00
3.180064e+00,8.078341e+09,8.064057e+10,-6.230787e+00,4.866323e+01,-9.037023e+08,8.368966e+06,1.046099e-03,3.888517e+07,0.000000e+00,0.000000e+00,2.334138e+06,0.000000e+00,2.334138e+06,0.000000e+00,0.000000e+00,7.074025e+09,5.587935e-09,6.676972e-14,0.000000e+00,0.000000e+00,0.000000e+00,0.000000e+00,3.705340e+08,6.529817e+10,-6.853106e+08,3.600002e+06,6.467825e+06,0.000000e+00,-1.903639e+02,2.405388e+09,1.059460e+10,-1.390318e+08,9.289622e+05,1.983197e+07,2.360000e+02,-1.496636e+02,-7.841448e+07,0.000000e+00,0.000000e+00
3.200984e+00,8.101489e+09,8.061826e+10,-6.131345e+00,7.103088e+01,-9.037363e+08,8.368966e+06,1.045840e-03,3.754677e+07,0.000000e+00,0.000000e+00,2.644382e+06,0.000000e+00,2.644382e+06,0.000000e+00,0.000000e+00,7.095106e+09,5.587935e-09,6.676972e-14,0.000000e+00,0.000000e+00,0.000000e+00,0.000000e+00,3.698787e+08,6.527995e+10,-6.852124e+08,3.600002e+06,6.502660e+06,0.000000e+00,-1.903367e+02,2.412385e+09,1.058364e+10,-1.389859e+08,9.288366e+05,1.989455e+07,2.370000e+02,-1.496344e+02,-7.855954e+07,0.000000e+00,0.000000e+00
3.220850e+00,8.120293e+09,8.060101e+10,-5.131752e+00,8.578777e+01,-9.037694e+08,8.368966e+06,1.045354e-03,3.587590e+07,0.000000e+00,0.000000e+00,2.643753e+06,0.000000e+00,2.643753e+06,0.000000e+00,0.000000e+00,7.114897e+09,5.587935e-09,6.676972e-14,0.000000e+00,0.000000e+00,0.000000e+00,0.000000e+00,3.669968e+08,6.526539e+10,-6.851215e+08,3.600002e+06,6.533872e+06,0.000000e+00,-1.903114e+02,2.418573e+09,1.057188e+10,-1.389272e+08,9.284598e+05,1.995928e+07,2.400000e+02,-1.496320e+02,-7.870954e+07,0.000000e+00,0.000000e+00
3.240709e+00,8.136964e+09,8.058163e+10,-3.864312e+00,9.619395e+01,-9.038026e+08,8.368966e+06,1.044981e-03,3.743673e+07,0.000000e+00,0.000000e+00,3.407017e+06,0.000000e+00,3.407017e+06,0.000000e+00,0.000000e+00,7.135227e+09,5.587935e-09,6.676972e-14,0.000000e+00,0.000000e+00,0.000000e+00,0.000000e+00,3.641465e+08,6.525231e+10,-6.850371e+08,3.600002e+06,6.564304e+06,0.000000e+00,-1.902880e+02,2.422833e+09,1.055564e+10,-1.388219e+08,9.284598e+05,2.002777e+07,2.400000e+02,-1.495185e+02,-7.890175e+07,0.000000e+00,0.000000e+00
3.260559e+00,8.157516e+09,8.056167e+10,-2.454469e+00,1.011570e+02,-9.038353e+08,8.368966e+06,1.044474e-03,3.753285e+07,0.000000e+00,0.000000e+00,2.410477e+06,0.000000e+00,2.410477e+06,0.000000e+00,0.000000e+00,7.156138e+09,5.587935e-09,6.676972e-14,0.000000e+00,0.000000e+00,0.000000e+00,0.000000e+00,3.634963e+08,6.523832e+10,-6.849585e+08,3.600002e+06,6.593618e+06,0.000000e+00,-1.902661e+02,2.428664e+09,1.054066e+10,-1.387305e+08,9.279574e+05,2.009836e+07,2.440000e+02,-1.495009e+02,-7.906862e+07,0.000000e+00,0.000000e+00
3.280401e+00,8.181081e+09,8.054002e+10,-8.363798e-01,1.090032e+02,-9.038676e+08,8.368966e+06,1.044098e-03,3.557001e+07,0.000000e+00,0.000000e+00,2.228499e+06,0.000000e+00,2.228499e+06,0.000000e+00,0.000000e+00,7.176484e+09,5.587935e-09,6.676972e-14,0.000000e+00,0.000000e+00,0.000000e+00,0.000000e+00,3.667801e+08,6.521768e+10,-6.848648e+08,3.600002e+06,6.624476e+06,0.000000e+00,-1.902401e+02,2.434524e+09,1.053078e+10,-1.386827e+08,9.279574e+05,2.016932e+07,2.440000e+02,-1.494495e+02,-7.920977e+07,0.000000e+00,0.000000e+00
3.300234e+00,8.205155e+09,8.051539e+10,6.471332e-01,1.203910e+02,-9.039000e+08,8.368966e+06,1.043571e-03,3.573440e+07,0.000000e+00,0.000000e+00,2.329689e+06,0.000000e+00,2.329689e+06,0.000000e+00,0.000000e+00,7.195855e+09,5.587935e-09,6.676972e-14,0.000000e+00,0.000000e+00,0.000000e+00,0.000000e+00,3.728978e+08,6.519394e+10,-6.847694e+08,3.600002e+06,6.652700e+06,0.000000e+00,-1.902136e+02,2.438555e+09,1.052219e+10,-1.386406e+08,9.279574e+05,2.024565e+07,2.440000e+02,-1.494041e+02,-7.934807e+07,0.000000e+00,0.000000e+00
3.320057e+00,8.226722e+09,8.049242e+10,1.640694e+00,1.295828e+02,-9.039313e+08,8.368966e+06,1.043143e-03,3.601547e+07,0.000000e+00,0.000000e+00,3.159698e+06,0.000000e+00,3.159698e+06,0.000000e+00,0.000000e+00,7.216206e+09,5.587935e-09,6.676972e-14,0.000000e+00,0.000000e+00,0.000000e+00,0.000000e+00,3.770183e+08,6.517420e+10,-6.846846e+08,3.600002e+06,6.681626e+06,0.000000e+00,-1.901901e+02,2.441780e+09,1.050908e+10,-1.385612e+08,9.274549e+05,2.031700e+07,2.480000e+02,-1.493994e+02,-7.951323e+07,0.000000e+00,0.000000e+00
3.340918e+00,8.247591e+09,8.047207e+10,2.242862e+00,1.402915e+02,-9.039647e+08,8.368966e+06,1.042877e-03,3.591044e+07,0.000000e+00,0.000000e+00,2.626074e+06,0.000000e+00,2.626074e+06,0.000000e+00,0.000000e+00,7.237425e+09,5.587935e-09,6.676972e-14,0.000000e+00,0.000000e+00,0.000000e+00,0.000000e+00,3.776436e+08,6.515650e+10,-6.845933e+08,3.600002e+06,6.712339e+06,0.000000e+00,-1.901647e+02,2.446729e+09,1.049489e+10,-1.384846e+08,9.274549e+05,2.038641e+07,2.480000e+02,-1.493168e+02,-7.967972e+07,0.000000e+00,0.000000e+00
3.360729e+00,8.268322e+09,8.045217e+10,1.842390e+00,1.635091e+02,-9.039972e+08,8.368966e+06,1.042431e-03,3.547766e+07,0.000000e+00,0.000000e+00,2.085513e+06,0.000000e+00,2.085513e+06,0.000000e+00,0.000000e+00,7.256493e+09,5.587935e-09,6.676972e-14,0.000000e+00,0.000000e+00,0.000000e+00,0.000000e+00,3.778365e+08,6.514013e+10,-6.845073e+08,3.600002e+06,6.739777e+06,0.000000e+00,-1.901408e+02,2.452831e+09,1.048525e+10,-1.384435e+08,9.274549e+05,2.044896e+07,2.480000e+02,-1.492724e+02,-7.980523e+07,0.000000e+00,0.000000e+00
3.380531e+00,8.289967e+09,8.043137e+10,6.133268e-01,1.967043e+02,-9.040313e+08,8.368966e+06,1.042000e-03,3.464756e+07,0.000000e+00,0.000000e+00,1.931875e+06,0.000000e+00,1.931875e+06,0.000000e+00,0.000000e+00,7.274573e+09,5.587935e-09,6.676972e-14,0.000000e+00,0.000000e+00,0.000000e+00,0.000000e+00,3.808005e+08,6.512218e+10,-6.844285e+08,3.600002e+06,6.767896e+06,0.000000e+00,-1.901189e+02,2.457105e+09,1.047737e+10,-1.384096e+08,9.274549e+05,2.050609e+07,2.480000e+02,-1.492359e+02,-7.991826e+07,0.000000e+00,0.000000e+00
3.400324e+00,8.310486e+09,8.040999e+10,1.201851e-01,2.318922e+02,-9.040674e+08,8.368966e+06,1.041391e-03,3.539324e+07,0.000000e+00,0.000000e+00,1.772225e+06,0.000000e+00,1.772225e+06,0.000000e+00,0.000000e+00,7.292687e+09,5.587935e-09,6.676972e-14,0.000000e+00,0.000000e+00,0.000000e+00,0.000000e+00,3.854770e+08,6.510589e+10,-6.843660e+08,3.600002e+06,6.796376e+06,0.000000e+00,-1.901015e+02,2.459282e+09,1.046713e+10,-1.383524e+08,9.274549e+05,2.057103e+07,2.480000e+02,-1.491742e+02,-8.003766e+07,0.000000e+00,0.000000e+00
3.420104e+00,8.330159e+09,8.038919e+10,-6.202503e-01,2.704453e+02,-9.041046e+08,8.368966e+06,1.040712e-03,3.637801e+07,0.000000e+00,0.000000e+00,1.557133e+06,0.000000e+00,1.557133e+06,0.000000e+00,0.000000e+00,7.311604e+09,5.587935e-09,6.676972e-14,0.000000e+00,0.000000e+00,0.000000e+00,0.000000e+00,3.875877e+08,6.509224e+10,-6.843049e+08,3.600002e+06,6.823452e+06,0.000000e+00,-1.900846e+02,2.463165e+09,1.045660e+10,-1.382932e+08,9.274549e+05,2.063215e+07,2.480000e+02,-1.491104e+02,-8.015860e+07,0.000000e+00,0.000000e+00
3.440912e+00,8.351772e+09,8.036876e+10,-1.211803e+00,3.160633e+02,-9.041448e+08,8.368966e+06,1.040028e-03,3.509232e+07,0.000000e+00,0.000000e+00,1.394594e+06,0.000000e+00,1.394594e+06,0.000000e+00,0.000000e+00,7.330237e+09,5.587935e-09,6.676972e-14,0.000000e+00,0.000000e+00,0.000000e+00,0.000000e+00,3.890246e+08,6.507526e+10,-6.842223e+08,3.600002e+06,6.852880e+06,0.000000e+00,-1.900616e+02,2.468998e+09,1.044626e+10,-1.382427e+08,9.274549e+05,2.068847e+07,2.480000e+02,-1.490559e+02,-8.029206e+07,0.000000e+00,0.000000e+00
3.460668e+00,8.373921e+09,8.034693e+10,3.403447e-01,3.614687e+02,-9.041835e+08,8.368966e+06,1.039587e-03,3.441818e+07,0.000000e+00,0.000000e+00,1.479802e+06,0.000000e+00,1.479802e+06,0.000000e+00,0.000000e+00,7.348213e+09,5.587935e-09,6.676972e-14,0.000000e+00,0.000000e+00,0.000000e+00,0.000000e+00,3.948875e+08,6.505285e+10,-6.841299e+08,3.600002e+06,6.880509e+06,0.000000e+00,-1.900360e+02,2.472237e+09,1.043830e+10,-1.382007e+08,9.268269e+05,2.074267e+07,2.530000e+02,-1.491117e+02,-8.042742e+07,0.000000e+00,0.000000e+00
3.480415e+00,8.397136e+09,8.032120e+10,3.524278e+00,4.080442e+02,-9.042226e+08,8.368966e+06,1.039016e-03,3.576616e+07,0.000000e+00,0.000000e+00,2.302118e+06,0.000000e+00,2.302118e+06,0.000000e+00,0.000000e+00,7.366664e+09,5.587935e-09,6.676972e-14,0.000000e+00,0.000000e+00,0.000000e+00,0.000000e+00,4.038647e+08,6.501826e+10,-6.839908e+08,3.600002e+06,6.909402e+06,0.000000e+00,-1.899973e+02,2.473635e+09,1.043166e+10,-1.381651e+08,9.264501e+05,2.079761e+07,2.560000e+02,-1.491339e+02,-8.060508e+07,0.000000e+00,0.000000e+00
3.500152e+00,8.419753e+09,8.029821e+10,6.120465e+00,4.474045e+02,-9.042619e+08,8.368966e+06,1.038468e-03,3.510180e+07,0.000000e+00,0.000000e+00,2.974442e+06,0.000000e+00,2.974442e+06,0.000000e+00,0.000000e+00,7.385771e+09,5.587935e-09,6.676972e-14,0.000000e+00,0.000000e+00,0.000000e+00,0.000000e+00,4.103220e+08,6.498007e+10,-6.838218e+08,3.600002e+06,6.936885e+06,0.000000e+00,-1.899504e+02,2.476429e+09,1.042257e+10,-1.381082e+08,9.264501e+05,2.085587e+07,2.560000e+02,-1.490725e+02,-8.083155e+07,0.000000e+00,0.000000e+00
3.520914e+00,8.441488e+09,8.027772e+10,7.942550e+00,4.723461e+02,-9.043024e+08,8.368966e+06,1.037781e-03,3.440814e+07,0.000000e+00,0.000000e+00,2.155004e+06,0.000000e+00,2.155004e+06,0.000000e+00,0.000000e+00,7.406597e+09,5.587935e-09,6.676972e-14,0.000000e+00,0.000000e+00,0.000000e+00,0.000000e+00,4.123929e+08,6.494827e+10,-6.836664e+08,3.600002e+06,6.965177e+06,0.000000e+00,-1.899072e+02,2.481879e+09,1.041302e+10,-1.380603e+08,9.264501e+05,2.091835e+07,2.560000e+02,-1.490208e+02,-8.103271e+07,0.000000e+00,0.000000e+00
3.540627e+00,8.460004e+09,8.025936e+10,9.683284e+00,4.844515e+02,-9.043404e+08,8.368966e+06,1.037163e-03,3.396803e+07,0.000000e+00,0.000000e+00,2.196154e+06,0.000000e+00,2.196154e+06,0.000000e+00,0.000000e+00,7.425696e+09,5.587935e-09,6.676972e-14,0.000000e+00,0.000000e+00,0.000000e+00,0.000000e+00,4.142416e+08,6.492349e+10,-6.835453e+08,3.600002e+06,6.993315e+06,0.000000e+00,-1.898736e+02,2.484811e+09,1.040406e+10,-1.379987e+08,9.264501e+05,2.098258e+07,2.560000e+02,-1.489543e+02,-8.121563e+07,0.000000e+00,0.000000e+00
3.560328e+00,8.476139e+09,8.023953e+10,1.222221e+01,5.008905e+02,-9.043791e+08,8.368966e+06,1.036607e-03,3.500900e+07,0.000000e+00,0.000000e+00,3.314600e+06,0.000000e+00,3.314600e+06,0.000000e+00,0.000000e+00,7.444281e+09,5.587935e-09,6.676972e-14,0.000000e+00,0.000000e+00,0.000000e+00,0.000000e+00,4.152138e+08,6.489632e+10,-6.834067e+08,3.600002e+06,7.020681e+06,0.000000e+00,-1.898351e+02,2.486024e+09,1.039533e+10,-1.379377e+08,9.264501e+05,2.105190e+07,2.560000e+02,-1.488884e+02,-8.141929e+07,0.000000e+00,0.000000e+00
3.580591e+00,8.494767e+09,8.021600e+10,1.625532e+01,5.212099e+02,-9.044205e+08,8.368966e+06,1.070313e-03,3.688113e+07,0.000000e+00,0.000000e+00,5.758602e+06,0.000000e+00,5.758602e+06,0.000000e+00,0.000000e+00,7.462729e+09,5.587935e-09,6.676972e-14,0.000000e+00,0.000000e+00,0.000000e+00,0.000000e+00,4.154986e+08,6.485251e+10,-6.831725e+08,3.600002e+06,7.058250e+06,0.000000e+00,-1.897700e+02,2.488405e+09,1.038818e+10,-1.378897e+08,9.260733e+05,2.111304e+07,2.590000e+02,-1.488971e+02,-8.170330e+07,0.000000e+00,0.000000e+00
3.600930e+00,8.513456e+09,8.019570e+10,2.015867e+01,5.312244e+02,-9.044652e+08,8.368966e+06,1.070503e-03,3.923836e+07,0.000000e+00,0.000000e+00,4.155654e+06,0.000000e+00,4.155654e+06,0.000000e+00,0.000000e+00,7.483034e+09,5.587935e-09,6.676972e-14,0.000000e+00,0.000000e+00,0.000000e+00,0.000000e+00,4.146285e+08,6.480345e+10,-6.829057e+08,3.600002e+06,7.099458e+06,0.000000e+00,-1.896959e+02,2.492628e+09,1.038001e+10,-1.378381e+08,9.256965e+05,2.117736e+07,2.620000e+02,-1.489020e+02,-8.202274e+07,0.000000e+00,0.000000e+00
3.620199e+00,8.530364e+09,8.017613e+10,2.480264e+01,5.321698e+02,-9.045105e+08,8.368966e+06,1.070364e-03,4.122594e+07,0.000000e+00,0.000000e+00,3.461993e+06,0.000000e+00,3.461993e+06,0.000000e+00,0.000000e+00,7.502194e+09,5.587935e-09,6.676972e-14,0.000000e+00,0.000000e+00,0.000000e+00,0.000000e+00,4.129821e+08,6.476526e+10,-6.826904e+08,3.600002e+06,7.151133e+06,0.000000e+00,-1.896361e+02,2.494916e+09,1.037224e+10,-1.377888e+08,9.254453e+05,2.123693e+07,2.640000e+02,-1.488892e+02,-8.228456e+07,0.000000e+00,0.000000e+00
3.640531e+00,8.546766e+09,8.015852e+10,3.058176e+01,5.334856e+02,-9.045626e+08,8.368966e+06,1.069801e-03,4.133824e+07,0.000000e+00,0.000000e+00,3.350156e+06,0.000000e+00,3.350156e+06,0.000000e+00,0.000000e+00,7.522231e+09,5.587935e-09,6.676972e-14,0.000000e+00,0.000000e+00,0.000000e+00,0.000000e+00,4.106844e+08,6.472946e+10,-6.824787e+08,3.600002e+06,7.206992e+06,0.000000e+00,-1.895773e+02,2.496626e+09,1.036396e+10,-1.377325e+08,9.254453e+05,2.129829e+07,2.640000e+02,-1.488284e+02,-8.255297e+07,0.000000e+00,0.000000e+00
3.660853e+00,8.566342e+09,8.013373e+10,3.398101e+01,5.433332e+02,-9.046170e+08,8.368966e+06,1.069390e-03,4.426299e+07,0.000000e+00,0.000000e+00,3.797764e+06,0.000000e+00,3.797764e+06,0.000000e+00,0.000000e+00,7.543361e+09,5.587935e-09,6.676972e-14,0.000000e+00,0.000000e+00,0.000000e+00,0.000000e+00,4.098796e+08,6.469014e+10,-6.822579e+08,3.600002e+06,7.276240e+06,0.000000e+00,-1.895160e+02,2.499416e+09,1.035422e+10,-1.376700e+08,9.254453e+05,2.135819e+07,2.640000e+02,-1.487609e+02,-8.283691e+07,0.000000e+00,0.000000e+00
3.680099e+00,8.587041e+09,8.011055e+10,3.689201e+01,5.563732e+02,-9.046685e+08,8.368966e+06,1.069079e-03,4.417838e+07,0.000000e+00,0.000000e+00,4.193914e+06,0.000000e+00,4.193914e+06,0.000000e+00,0.000000e+00,7.564317e+09,5.587935e-09,6.676972e-14,0.000000e+00,0.000000e+00,0.000000e+00,0.000000e+00,4.096750e+08,6.464809e+10,-6.820241e+08,3.600002e+06,7.338524e+06,0.000000e+00,-1.894510e+02,2.502840e+09,1.034568e+10,-1.376164e+08,9.254453e+05,2.141819e+07,2.640000e+02,-1.487029e+02,-8.312682e+07,0.000000e+00,0.000000e+00
3.700412e+00,8.607572e+09,8.008913e+10,4.185509e+01,5.705911e+02,-9.047210e+08,8.368966e+06,1.069097e-03,4.514885e+07,0.000000e+00,0.000000e+00,3.126146e+06,0.000000e+00,3.126146e+06,0.000000e+00,0.000000e+00,7.586932e+09,5.587935e-09,6.676972e-14,0.000000e+00,0.000000e+00,0.000000e+00,0.000000e+00,4.087260e+08,6.461103e+10,-6.818087e+08,3.600002e+06,7.413292e+06,0.000000e+00,-1.893912e+02,2.505157e+09,1.033479e+10,-1.375358e+08,9.254453e+05,2.148031e+07,2.640000e+02,-1.486158e+02,-8.341859e+07,0.000000e+00,0.000000e+00
3.720725e+00,8.623560e+09,8.007329e+10,4.752607e+01,5.926168e+02,-9.047705e+08,8.368966e+06,1.069132e-03,4.551925e+07,0.000000e+00,0.000000e+00,1.924587e+06,0.000000e+00,1.924587e+06,0.000000e+00,0.000000e+00,7.608382e+09,5.587935e-09,6.676972e-14,0.000000e+00,0.000000e+00,0.000000e+00,0.000000e+00,4.063234e+08,6.459004e+10,-6.816821e+08,3.600002e+06,7.492102e+06,0.000000e+00,-1.893560e+02,2.506231e+09,1.032187e+10,-1.374441e+08,9.254453e+05,2.154161e+07,2.640000e+02,-1.485167e+02,-8.363296e+07,0.000000e+00,0.000000e+00
3.741037e+00,8.639904e+09,8.005598e+10,5.104269e+01,6.195920e+02,-9.048170e+08,8.368966e+06,1.068889e-03,4.422507e+07,0.000000e+00,0.000000e+00,2.852373e+06,0.000000e+00,2.852373e+06,0.000000e+00,0.000000e+00,7.629351e+09,5.587935e-09,6.676972e-14,0.000000e+00,0.000000e+00,0.000000e+00,0.000000e+00,4.031854e+08,6.456326e+10,-6.815290e+08,3.600002e+06,7.570903e+06,0.000000e+00,-1.893135e+02,2.508758e+09,1.031374e+10,-1.373896e+08,9.254453e+05,2.160512e+07,2.640000e+02,-1.484578e+02,-8.384521e+07,0.000000e+00,0.000000e+00
3.760274e+00,8.660794e+09,8.003411e+10,5.360601e+01,6.421323e+02,-9.048588e+08,8.368966e+06,1.068536e-03,4.246357e+07,0.000000e+00,0.000000e+00,4.701057e+06,0.000000e+00,4.701057e+06,0.000000e+00,0.000000e+00,7.650162e+09,5.587935e-09,6.676972e-14,0.000000e+00,0.000000e+00,0.000000e+00,0.000000e+00,4.017485e+08,6.452229e+10,-6.813073e+08,3.600002e+06,7.652747e+06,0.000000e+00,-1.892519e+02,2.513328e+09,1.030404e+10,-1.373356e+08,9.254453e+05,2.166350e+07,2.640000e+02,-1.483994e+02,-8.412534e+07,0.000000e+00,0.000000e+00
3.780574e+00,8.686502e+09,8.000120e+10,5.556589e+01,6.633923e+02,-9.049025e+08,8.368966e+06,1.068309e-03,4.391353e+07,0.000000e+00,0.000000e+00,8.879554e+06,0.000000e+00,8.879554e+06,0.000000e+00,0.000000e+00,7.673796e+09,5.587935e-09,6.676972e-14,0.000000e+00,0.000000e+00,0.000000e+00,0.000000e+00,4.016667e+08,6.448196e+10,-6.810994e+08,3.600002e+06,7.738268e+06,0.000000e+00,-1.891942e+02,2.519828e+09,1.026905e+10,-1.370913e+08,9.254453e+05,2.172559e+07,2.640000e+02,-1.481355e+02,-8.458802e+07,0.000000e+00,0.000000e+00
3.800871e+00,8.713281e+09,7.997107e+10,5.755287e+01,6.811616e+02,-9.049472e+08,8.368966e+06,1.068329e-03,4.702970e+07,0.000000e+00,0.000000e+00,6.914304e+06,0.000000e+00,6.914304e+06,0.000000e+00,0.000000e+00,7.701017e+09,5.587935e-09,6.676972e-14,0.000000e+00,0.000000e+00,0.000000e+00,0.000000e+00,3.994731e+08,6.444385e+10,-6.808938e+08,3.600002e+06,7.829978e+06,0.000000e+00,-1.891371e+02,2.528637e+09,1.022177e+10,-1.367292e+08,9.254453e+05,2.182296e+07,2.640000e+02,-1.477442e+02,-8.515246e+07,0.000000e+00,0.000000e+00
3.820102e+00,8.743724e+09,7.993949e+10,6.106003e+01,6.957971e+02,-9.049920e+08,8.368966e+06,1.068356e-03,4.774047e+07,0.000000e+00,0.000000e+00,5.866346e+06,0.000000e+00,5.866346e+06,0.000000e+00,0.000000e+00,7.728024e+09,5.587935e-09,6.676972e-14,0.000000e+00,0.000000e+00,0.000000e+00,0.000000e+00,3.992004e+08,6.440978e+10,-6.807146e+08,3.600002e+06,7.909495e+06,0.000000e+00,-1.890873e+02,2.540075e+09,1.018669e+10,-1.364957e+08,9.254453e+05,2.195336e+07,2.640000e+02,-1.474919e+02,-8.556293e+07,0.000000e+00,0.000000e+00
3.840400e+00,8.777773e+09,7.990768e+10,6.399956e+01,7.032485e+02,-9.050417e+08,8.368966e+06,1.068286e-03,4.689600e+07,0.000000e+00,0.000000e+00,3.650461e+06,0.000000e+00,3.650461e+06,0.000000e+00,0.000000e+00,7.756045e+09,5.587935e-09,6.676972e-14,0.000000e+00,0.000000e+00,0.000000e+00,0.000000e+00,4.001662e+08,6.437396e+10,-6.805350e+08,3.600002e+06,7.998294e+06,0.000000e+00,-1.890374e+02,2.552040e+09,1.015642e+10,-1.362927e+08,9.254453e+05,2.213036e+07,2.640000e+02,-1.472725e+02,-8.593763e+07,0.000000e+00,0.000000e+00
3.860693e+00,8.810214e+09,7.987635e+10,6.470872e+01,6.909152e+02,-9.050944e+08,8.368966e+06,1.067692e-03,4.584232e+07,0.000000e+00,0.000000e+00,2.777724e+06,0.000000e+00,2.777724e+06,0.000000e+00,0.000000e+00,7.783299e+09,5.587935e-09,6.676972e-14,0.000000e+00,0.000000e+00,0.000000e+00,0.000000e+00,4.017780e+08,6.434721e+10,-6.804028e+08,3.600002e+06,8.094633e+06,0.000000e+00,-1.890007e+02,2.561083e+09,1.013281e+10,-1.361533e+08,9.254453e+05,2.234555e+07,2.640000e+02,-1.471220e+02,-8.620621e+07,0.000000e+00,0.000000e+00
3.880975e+00,8.842275e+09,7.984360e+10,6.366570e+01,6.706255e+02,-9.051495e+08,8.368966e+06,1.067311e-03,4.672829e+07,0.000000e+00,0.000000e+00,2.089054e+06,0.000000e+00,2.089054e+06,0.000000e+00,0.000000e+00,7.809412e+09,5.587935e-09,6.676972e-14,0.000000e+00,0.000000e+00,0.000000e+00,0.000000e+00,4.048723e+08,6.432524e+10,-6.803015e+08,3.600002e+06,8.188992e+06,0.000000e+00,-1.889725e+02,2.568692e+09,1.011026e+10,-1.360360e+08,9.254453e+05,2.258531e+07,2.640000e+02,-1.469952e+02,-8.642415e+07,0.000000e+00,0.000000e+00
3.900183e+00,8.870110e+09,7.981504e+10,6.082454e+01,6.683656e+02,-9.052035e+08,8.368966e+06,1.066944e-03,4.742590e+07,0.000000e+00,0.000000e+00,1.548063e+06,0.000000e+00,1.548063e+06,0.000000e+00,0.000000e+00,7.833541e+09,5.587935e-09,6.676972e-14,0.000000e+00,0.000000e+00,0.000000e+00,0.000000e+00,4.060954e+08,6.429893e+10,-6.801679e+08,3.600002e+06,8.273532e+06,0.000000e+00,-1.889354e+02,2.576110e+09,1.009328e+10,-1.359520e+08,9.254453e+05,2.281263e+07,2.640000e+02,-1.469044e+02,-8.664118e+07,0.000000e+00,0.000000e+00
3.920454e+00,8.899321e+09,7.978770e+10,5.550039e+01,6.677386e+02,-9.052622e+08,8.368966e+06,1.066461e-03,4.486879e+07,0.000000e+00,0.000000e+00,1.537559e+06,0.000000e+00,1.537559e+06,0.000000e+00,0.000000e+00,7.857674e+09,5.587935e-09,6.676972e-14,0.000000e+00,0.000000e+00,0.000000e+00,0.000000e+00,4.076049e+08,6.426971e+10,-6.800215e+08,3.600002e+06,8.358533e+06,0.000000e+00,-1.888947e+02,2.583400e+09,1.008074e+10,-1.358953e+08,9.254453e+05,2.303318e+07,2.640000e+02,-1.468432e+02,-8.684344e+07,0.000000e+00,0.000000e+00
3.940703e+00,8.927743e+09,7.975831e+10,4.787732e+01,6.610250e+02,-9.053218e+08,8.368966e+06,1.064988e-03,4.434715e+07,0.000000e+00,0.000000e+00,2.382006e+06,0.000000e+00,2.382006e+06,0.000000e+00,0.000000e+00,7.880718e+09,5.587935e-09,6.676972e-14,0.000000e+00,0.000000e+00,0.000000e+00,0.000000e+00,4.094441e+08,6.423982e+10,-6.798709e+08,3.600002e+06,8.430048e+06,0.000000e+00,-1.888529e+02,2.589385e+09,1.006915e+10,-1.358406e+08,9.254453e+05,2.324495e+07,2.640000e+02,-1.467841e+02,-8.705138e+07,0.000000e+00,0.000000e+00
3.960924e+00,8.954212e+09,7.972952e+10,3.665632e+01,6.712539e+02,-9.053832e+08,8.368966e+06,1.063390e-03,4.591876e+07,0.000000e+00,0.000000e+00,2.621323e+06,0.000000e+00,2.621323e+06,0.000000e+00,0.000000e+00,7.904031e+09,5.587935e-09,6.676972e-14,0.000000e+00,0.000000e+00,0.000000e+00,0.000000e+00,4.111019e+08,6.420646e+10,-6.796974e+08,3.600002e+06,8.508551e+06,0.000000e+00,-1.888047e+02,2.593692e+09,1.005499e+10,-1.357596e+08,9.254453e+05,2.345633e+07,2.640000e+02,-1.466965e+02,-8.730583e+07,0.000000e+00,0.000000e+00
3.980053e+00,8.979841e+09,7.970373e+10,2.338032e+01,6.923712e+02,-9.054430e+08,8.368966e+06,1.062154e-03,4.507576e+07,0.000000e+00,0.000000e+00,2.912536e+06,0.000000e+00,2.912536e+06,0.000000e+00,0.000000e+00,7.926024e+09,5.587935e-09,6.676972e-14,0.000000e+00,0.000000e+00,0.000000e+00,0.000000e+00,4.124756e+08,6.416799e+10,-6.794931e+08,3.600002e+06,8.573010e+06,0.000000e+00,-1.887480e+02,2.598667e+09,1.004199e+10,-1.356918e+08,9.254453e+05,2.362632e+07,2.640000e+02,-1.466233e+02,-8.757858e+07,0.000000e+00,0.000000e+00
4.000227e+00,9.006250e+09,7.967686e+10,8.273723e+00,7.193557e+02,-9.055096e+08,8.368966e+06,1.061347e-03,4.434168e+07,0.000000e+00,0.000000e+00,3.324834e+06,0.000000e+00,3.324834e+06,0.000000e+00,0.000000e+00,7.949670e+09,5.587935e-09,6.676972e-14,0.000000e+00,0.000000e+00,0.000000e+00,0.000000e+00,4.131366e+08,6.413775e+10,-6.793313e+08,3.600002e+06,8.643894e+06,0.000000e+00,-1.887030e+02,2.604211e+09,1.002894e+10,-1.356137e+08,9.254453e+05,2.379652e+07,2.640000e+02,-1.465388e+02,-8.781842e+07,0.000000e+00,0.000000e+00
4.020383e+00,9.032467e+09,7.965133e+10,-5.378314e+00,7.527661e+02,-9.055798e+08,8.368966e+06,1.060319e-03,4.411990e+07,0.000000e+00,0.000000e+00,2.310648e+06,0.000000e+00,2.310648e+06,0.000000e+00,0.000000e+00,7.974382e+09,5.587935e-09,6.676972e-14,0.000000e+00,0.000000e+00,0.000000e+00,0.000000e+00,4.122427e+08,6.411832e+10,-6.792213e+08,3.600002e+06,8.705986e+06,0.000000e+00,-1.886725e+02,2.610628e+09,1.001167e+10,-1.355043e+08,9.249429e+05,2.396499e+07,2.680000e+02,-1.465002e+02,-8.803339e+07,0.000000e+00,0.000000e+00
4.040520e+00,9.055130e+09,7.962916e+10,-1.621651e+01,7.856036e+02,-9.056538e+08,8.368966e+06,1.059077e-03,4.343590e+07,0.000000e+00,0.000000e+00,2.097712e+06,0.000000e+00,2.097712e+06,0.000000e+00,0.000000e+00,7.998509e+09,5.587935e-09,6.676972e-14,0.000000e+00,0.000000e+00,0.000000e+00,0.000000e+00,4.108312e+08,6.410420e+10,-6.791379e+08,3.600002e+06,8.767291e+06,0.000000e+00,-1.886493e+02,2.614653e+09,9.997020e+09,-1.354239e+08,9.248173e+05,2.411247e+07,2.690000e+02,-1.464331e+02,-8.819649e+07,0.000000e+00,0.000000e+00
4.060625e+00,9.071887e+09,7.961139e+10,-2.201210e+01,8.065157e+02,-9.057302e+08,8.368966e+06,1.057170e-03,4.427226e+07,0.000000e+00,0.000000e+00,1.975851e+06,0.000000e+00,1.975851e+06,0.000000e+00,0.000000e+00,8.021384e+09,5.587935e-09,6.676972e-14,0.000000e+00,0.000000e+00,0.000000e+00,0.000000e+00,4.052523e+08,6.409438e+10,-6.790584e+08,3.600002e+06,8.826421e+06,0.000000e+00,-1.886272e+02,2.616234e+09,9.985107e+09,-1.353449e+08,9.244405e+05,2.424099e+07,2.720000e+02,-1.464073e+02,-8.835468e+07,0.000000e+00,0.000000e+00
4.080699e+00,9.089330e+09,7.959582e+10,-2.118443e+01,8.076230e+02,-9.058077e+08,8.368966e+06,1.055904e-03,4.254962e+07,0.000000e+00,0.000000e+00,1.609310e+06,0.000000e+00,1.609310e+06,0.000000e+00,0.000000e+00,8.044239e+09,5.587935e-09,6.676972e-14,0.000000e+00,0.000000e+00,0.000000e+00,0.000000e+00,4.000506e+08,6.408580e+10,-6.789846e+08,3.600002e+06,8.881984e+06,0.000000e+00,-1.886067e+02,2.618163e+09,9.974794e+09,-1.352715e+08,9.244405e+05,2.436333e+07,2.720000e+02,-1.463279e+02,-8.850128e+07,0.000000e+00,0.000000e+00
4.100749e+00,9.108675e+09,7.957764e+10,-1.350395e+01,7.971181e+02,-9.058854e+08,8.368966e+06,1.054502e-03,4.101741e+07,0.000000e+00,0.000000e+00,1.534339e+06,0.000000e+00,1.534339e+06,0.000000e+00,0.000000e+00,8.067314e+09,5.587935e-09,6.676972e-14,0.000000e+00,0.000000e+00,0.000000e+00,0.000000e+00,3.981200e+08,6.407189e+10,-6.789000e+08,3.600002e+06,8.940286e+06,0.000000e+00,-1.885832e+02,2.618841e+09,9.965037e+09,-1.352038e+08,9.244405e+05,2.447626e+07,2.720000e+02,-1.462548e+02,-8.865462e+07,0.000000e+00,0.000000e+00
4.120771e+00,9.125693e+09,7.955900e+10,-1.512387e+00,7.838334e+02,-9.059639e+08,8.368966e+06,1.053064e-03,4.241243e+07,0.000000e+00,0.000000e+00,1.483610e+06,0.000000e+00,1.483610e+06,0.000000e+00,0.000000e+00,8.090440e+09,5.587935e-09,6.676972e-14,0.000000e+00,0.000000e+00,0.000000e+00,0.000000e+00,3.944435e+08,6.405678e+10,-6.788004e+08,3.600002e+06,8.989031e+06,0.000000e+00,-1.885556e+02,2.618511e+09,9.956771e+09,-1.351424e+08,9.244405e+05,2.458531e+07,2.720000e+02,-1.461883e+02,-8.881574e+07,0.000000e+00,0.000000e+00
4.140766e+00,9.145933e+09,7.953900e+10,1.377678e+01,7.700424e+02,-9.060429e+08,8.368966e+06,1.051401e-03,4.191100e+07,0.000000e+00,0.000000e+00,1.422569e+06,0.000000e+00,1.422569e+06,0.000000e+00,0.000000e+00,8.113663e+09,5.587935e-09,6.676972e-14,0.000000e+00,0.000000e+00,0.000000e+00,0.000000e+00,3.922272e+08,6.404304e+10,-6.787138e+08,3.600002e+06,9.049031e+06,0.000000e+00,-1.885315e+02,2.619987e+09,9.945952e+09,-1.350650e+08,9.244405e+05,2.469532e+07,2.720000e+02,-1.461046e+02,-8.897935e+07,0.000000e+00,0.000000e+00
4.160952e+00,9.170816e+09,7.951630e+10,2.918168e+01,7.632472e+02,-9.061240e+08,8.368966e+06,1.068984e-03,3.909967e+07,0.000000e+00,0.000000e+00,1.668688e+06,0.000000e+00,1.668688e+06,0.000000e+00,0.000000e+00,8.136744e+09,5.587935e-09,6.676972e-14,0.000000e+00,0.000000e+00,0.000000e+00,0.000000e+00,3.930177e+08,6.402845e+10,-6.786394e+08,3.600002e+06,9.096450e+06,0.000000e+00,-1.885108e+02,2.623582e+09,9.934041e+09,-1.349843e+08,9.244405e+05,2.481086e+07,2.720000e+02,-1.460173e+02,-8.913384e+07,0.000000e+00,0.000000e+00
4.180204e+00,9.192783e+09,7.949409e+10,4.025150e+01,7.606378e+02,-9.062026e+08,8.368966e+06,1.070286e-03,3.883955e+07,0.000000e+00,0.000000e+00,1.794262e+06,0.000000e+00,1.794262e+06,0.000000e+00,0.000000e+00,8.158269e+09,5.587935e-09,6.676972e-14,0.000000e+00,0.000000e+00,0.000000e+00,0.000000e+00,3.940363e+08,6.401624e+10,-6.785792e+08,3.600002e+06,9.146422e+06,0.000000e+00,-1.884941e+02,2.626107e+09,9.922480e+09,-1.349068e+08,9.244405e+05,2.491651e+07,2.720000e+02,-1.459334e+02,-8.927150e+07,0.000000e+00,0.000000e+00
4.200540e+00,9.214691e+09,7.947100e+10,4.432345e+01,7.364289e+02,-9.062867e+08,8.368966e+06,1.070309e-03,3.994438e+07,0.000000e+00,0.000000e+00,1.455660e+06,0.000000e+00,1.455660e+06,0.000000e+00,0.000000e+00,8.179743e+09,5.587935e-09,6.676972e-14,0.000000e+00,0.000000e+00,0.000000e+00,0.000000e+00,3.963465e+08,6.400104e+10,-6.785084e+08,3.600002e+06,9.195533e+06,0.000000e+00,-1.884744e+02,2.626823e+09,9.910717e+09,-1.348240e+08,9.244405e+05,2.503128e+07,2.720000e+02,-1.458439e+02,-8.942603e+07,0.000000e+00,0.000000e+00
4.220882e+00,9.234982e+09,7.945173e+10,4.551728e+01,6.851102e+02,-9.063709e+08,8.368966e+06,1.070794e-03,3.859953e+07,0.000000e+00,0.000000e+00,1.473529e+06,0.000000e+00,1.473529e+06,0.000000e+00,0.000000e+00,8.200453e+09,5.587935e-09,6.676972e-14,0.000000e+00,0.000000e+00,0.000000e+00,0.000000e+00,3.955835e+08,6.398211e+10,-6.784017e+08,3.600002e+06,9.240562e+06,0.000000e+00,-1.884448e+02,2.629151e+09,9.901615e+09,-1.347613e+08,9.244405e+05,2.513702e+07,2.720000e+02,-1.457761e+02,-8.959590e+07,0.000000e+00,0.000000e+00
4.240151e+00,9.256477e+09,7.943071e+10,4.980871e+01,6.407802e+02,-9.064506e+08,8.368966e+06,1.070173e-03,3.759895e+07,0.000000e+00,0.000000e+00,1.669632e+06,0.000000e+00,1.669632e+06,0.000000e+00,0.000000e+00,8.220496e+09,5.587935e-09,6.676972e-14,0.000000e+00,0.000000e+00,0.000000e+00,0.000000e+00,3.952838e+08,6.396036e+10,-6.782806e+08,3.600002e+06,9.286033e+06,0.000000e+00,-1.884112e+02,2.633225e+09,9.892734e+09,-1.347146e+08,9.240637e+05,2.523307e+07,2.750000e+02,-1.457849e+02,-8.976427e+07,0.000000e+00,0.000000e+00
4.260481e+00,9.279541e+09,7.940735e+10,5.569968e+01,6.305820e+02,-9.065357e+08,8.368966e+06,1.070033e-03,3.742496e+07,0.000000e+00,0.000000e+00,1.823954e+06,0.000000e+00,1.823954e+06,0.000000e+00,0.000000e+00,8.241697e+09,5.587935e-09,6.676972e-14,0.000000e+00,0.000000e+00,0.000000e+00,0.000000e+00,3.969144e+08,6.393428e+10,-6.781475e+08,3.600002e+06,9.328876e+06,0.000000e+00,-1.883742e+02,2.635673e+09,9.883603e+09,-1.346588e+08,9.239381e+05,2.532623e+07,2.760000e+02,-1.457444e+02,-8.995306e+07,0.000000e+00,0.000000e+00
4.280815e+00,9.298000e+09,7.938630e+10,6.308854e+01,6.477307e+02,-9.066222e+08,8.368966e+06,1.070324e-03,3.795728e+07,0.000000e+00,0.000000e+00,3.183890e+06,0.000000e+00,3.183890e+06,0.000000e+00,0.000000e+00,8.262667e+09,5.587935e-09,6.676972e-14,0.000000e+00,0.000000e+00,0.000000e+00,0.000000e+00,3.952049e+08,6.391199e+10,-6.780185e+08,3.600002e+06,9.374871e+06,0.000000e+00,-1.883383e+02,2.636845e+09,9.872975e+09,-1.345865e+08,9.239381e+05,2.541783e+07,2.760000e+02,-1.456661e+02,-9.015658e+07,0.000000e+00,0.000000e+00
4.300083e+00,9.322551e+09,7.936066e+10,7.355137e+01,6.383192e+02,-9.067056e+08,8.368966e+06,1.070570e-03,3.923438e+07,0.000000e+00,0.000000e+00,2.620236e+06,0.000000e+00,2.620236e+06,0.000000e+00,0.000000e+00,8.284353e+09,5.587935e-09,6.676972e-14,0.000000e+00,0.000000e+00,0.000000e+00,0.000000e+00,3.947644e+08,6.389015e+10,-6.778980e+08,3.600002e+06,9.414887e+06,0.000000e+00,-1.883049e+02,2.642875e+09,9.858072e+09,-1.345018e+08,9.234356e+05,2.553228e+07,2.800000e+02,-1.456537e+02,-9.036193e+07,0.000000e+00,0.000000e+00
4.320424e+00,9.351903e+09,7.933115e+10,8.664051e+01,5.934391e+02,-9.067928e+08,8.368966e+06,1.070439e-03,3.818461e+07,0.000000e+00,0.000000e+00,3.517522e+06,0.000000e+00,3.517522e+06,0.000000e+00,0.000000e+00,8.307490e+09,5.587935e-09,6.676972e-14,0.000000e+00,0.000000e+00,0.000000e+00,0.000000e+00,3.958832e+08,6.386199e+10,-6.777511e+08,3.600002e+06,9.459944e+06,0.000000e+00,-1.882641e+02,2.651975e+09,9.840401e+09,-1.344048e+08,9.234356e+05,2.567803e+07,2.800000e+02,-1.455486e+02,-9.060738e+07,0.000000e+00,0.000000e+00
4.340757e+00,9.383725e+09,7.930114e+10,1.002422e+02,5.712253e+02,-9.068785e+08,8.368966e+06,1.069915e-03,3.710205e+07,0.000000e+00,0.000000e+00,2.616350e+06,0.000000e+00,2.616350e+06,0.000000e+00,0.000000e+00,8.332262e+09,5.587935e-09,6.676972e-14,0.000000e+00,0.000000e+00,0.000000e+00,0.000000e+00,3.990382e+08,6.382756e+10,-6.775789e+08,3.600002e+06,9.498736e+06,0.000000e+00,-1.882163e+02,2.661032e+09,9.826937e+09,-1.343478e+08,9.231844e+05,2.580249e+07,2.820000e+02,-1.455265e+02,-9.083419e+07,0.000000e+00,0.000000e+00
4.360014e+00,9.413223e+09,7.927004e+10,1.153352e+02,6.041230e+02,-9.069581e+08,8.368966e+06,1.069790e-03,3.799274e+07,0.000000e+00,0.000000e+00,2.859135e+06,0.000000e+00,2.859135e+06,0.000000e+00,0.000000e+00,8.355386e+09,5.587935e-09,6.676972e-14,0.000000e+00,0.000000e+00,0.000000e+00,0.000000e+00,4.046922e+08,6.379354e+10,-6.774204e+08,3.600002e+06,9.539349e+06,0.000000e+00,-1.881722e+02,2.666528e+09,9.815947e+09,-1.343003e+08,9.229332e+05,2.593398e+07,2.840000e+02,-1.455146e+02,-9.104245e+07,0.000000e+00,0.000000e+00
4.380340e+00,9.443256e+09,7.923774e+10,1.315488e+02,6.686445e+02,-9.070412e+08,8.368966e+06,1.069708e-03,3.913274e+07,0.000000e+00,0.000000e+00,3.541465e+06,0.000000e+00,3.541465e+06,0.000000e+00,0.000000e+00,8.379526e+09,5.587935e-09,6.676972e-14,0.000000e+00,0.000000e+00,0.000000e+00,0.000000e+00,4.087122e+08,6.374901e+10,-6.771926e+08,3.600002e+06,9.579744e+06,0.000000e+00,-1.881089e+02,2.672855e+09,9.802602e+09,-1.342312e+08,9.225564e+05,2.605276e+07,2.870000e+02,-1.454992e+02,-9.134374e+07,0.000000e+00,0.000000e+00
4.400663e+00,9.477674e+09,7.920474e+10,1.389037e+02,7.175010e+02,-9.071235e+08,8.368966e+06,1.069569e-03,3.673483e+07,0.000000e+00,0.000000e+00,4.132486e+06,0.000000e+00,4.132486e+06,0.000000e+00,0.000000e+00,8.404612e+09,5.587935e-09,6.676972e-14,0.000000e+00,0.000000e+00,0.000000e+00,0.000000e+00,4.123921e+08,6.369996e+10,-6.769349e+08,3.600002e+06,9.620596e+06,0.000000e+00,-1.880374e+02,2.682730e+09,9.781392e+09,-1.340957e+08,9.225564e+05,2.617499e+07,2.870000e+02,-1.453523e+02,-9.173985e+07,0.000000e+00,0.000000e+00
4.420983e+00,9.512803e+09,7.916863e+10,1.348614e+02,7.680940e+02,-9.072057e+08,8.368966e+06,1.069448e-03,3.792325e+07,0.000000e+00,0.000000e+00,3.772980e+06,0.000000e+00,3.772980e+06,0.000000e+00,0.000000e+00,8.430424e+09,5.587935e-09,6.676972e-14,0.000000e+00,0.000000e+00,0.000000e+00,0.000000e+00,4.181295e+08,6.365453e+10,-6.767119e+08,3.600002e+06,9.661663e+06,0.000000e+00,-1.879754e+02,2.692049e+09,9.757434e+09,-1.339487e+08,9.225564e+05,2.627701e+07,2.870000e+02,-1.451929e+02,-9.210728e+07,0.000000e+00,0.000000e+00
4.440233e+00,9.542775e+09,7.913829e+10,1.289474e+02,8.619127e+02,-9.072838e+08,8.368966e+06,1.069285e-03,3.912856e+07,0.000000e+00,0.000000e+00,2.643576e+06,0.000000e+00,2.643576e+06,0.000000e+00,0.000000e+00,8.455136e+09,5.587935e-09,6.676972e-14,0.000000e+00,0.000000e+00,0.000000e+00,0.000000e+00,4.220455e+08,6.361880e+10,-6.765355e+08,3.600002e+06,9.699942e+06,0.000000e+00,-1.879264e+02,2.698918e+09,9.738255e+09,-1.338303e+08,9.225564e+05,2.637372e+07,2.870000e+02,-1.450646e+02,-9.239843e+07,0.000000e+00,0.000000e+00
4.460545e+00,9.570180e+09,7.911089e+10,1.283576e+02,9.762867e+02,-9.073668e+08,8.368966e+06,1.068900e-03,3.760928e+07,0.000000e+00,0.000000e+00,3.570462e+06,0.000000e+00,3.570462e+06,0.000000e+00,0.000000e+00,8.480975e+09,5.587935e-09,6.676972e-14,0.000000e+00,0.000000e+00,0.000000e+00,0.000000e+00,4.222975e+08,6.358498e+10,-6.763544e+08,3.600002e+06,9.740440e+06,0.000000e+00,-1.878761e+02,2.705737e+09,9.720526e+09,-1.337200e+08,9.225564e+05,2.647848e+07,2.870000e+02,-1.449451e+02,-9.269218e+07,0.000000e+00,0.000000e+00
4.480854e+00,9.595890e+09,7.908349e+10,1.212532e+02,1.034984e+03,-9.074506e+08,8.368966e+06,1.068836e-03,3.766106e+07,0.000000e+00,0.000000e+00,4.753768e+06,0.000000e+00,4.753768e+06,0.000000e+00,0.000000e+00,8.505863e+09,5.587935e-09,6.676972e-14,0.000000e+00,0.000000e+00,0.000000e+00,0.000000e+00,4.197519e+08,6.355581e+10,-6.761859e+08,3.600002e+06,9.779145e+06,0.000000e+00,-1.878293e+02,2.714351e+09,9.694250e+09,-1.335553e+08,9.225564e+05,2.658926e+07,2.870000e+02,-1.447666e+02,-9.302693e+07,0.000000e+00,0.000000e+00
4.500091e+00,9.619883e+09,7.906003e+10,1.046985e+02,1.042321e+03,-9.075311e+08,8.368966e+06,1.068614e-03,3.807074e+07,0.000000e+00,0.000000e+00,3.422496e+06,0.000000e+00,3.422496e+06,0.000000e+00,0.000000e+00,8.530270e+09,5.587935e-09,6.676972e-14,0.000000e+00,0.000000e+00,0.000000e+00,0.000000e+00,4.182284e+08,6.353293e+10,-6.760564e+08,3.600002e+06,9.815471e+06,0.000000e+00,-1.877933e+02,2.721352e+09,9.666847e+09,-1.333741e+08,9.219284e+05,2.671247e+07,2.920000e+02,-1.446686e+02,-9.333384e+07,0.000000e+00,0.000000e+00
4.520392e+00,9.646722e+09,7.903401e+10,8.276965e+01,1.057544e+03,-9.076153e+08,8.368966e+06,1.068327e-03,3.776232e+07,0.000000e+00,0.000000e+00,2.571652e+06,0.000000e+00,2.571652e+06,0.000000e+00,0.000000e+00,8.556759e+09,5.587935e-09,6.676972e-14,0.000000e+00,0.000000e+00,0.000000e+00,0.000000e+00,4.194844e+08,6.351190e+10,-6.759495e+08,3.600002e+06,9.851970e+06,0.000000e+00,-1.877636e+02,2.727102e+09,9.648013e+09,-1.332557e+08,9.219284e+05,2.683517e+07,2.920000e+02,-1.445401e+02,-9.355572e+07,0.000000e+00,0.000000e+00
4.540689e+00,9.673023e+09,7.900595e+10,6.639128e+01,1.115781e+03,-9.076981e+08,8.368966e+06,1.068222e-03,3.755058e+07,0.000000e+00,0.000000e+00,3.941434e+06,0.000000e+00,3.941434e+06,0.000000e+00,0.000000e+00,8.582227e+09,5.587935e-09,6.676972e-14,0.000000e+00,0.000000e+00,0.000000e+00,0.000000e+00,4.204898e+08,6.349251e+10,-6.758531e+08,3.600002e+06,9.887949e+06,0.000000e+00,-1.877368e+02,2.732820e+09,9.626870e+09,-1.331030e+08,9.214260e+05,2.697341e+07,2.960000e+02,-1.444533e+02,-9.380946e+07,0.000000e+00,0.000000e+00
4.560984e+00,9.701301e+09,7.897838e+10,5.565953e+01,1.131055e+03,-9.077794e+08,8.368966e+06,1.068043e-03,3.667130e+07,0.000000e+00,0.000000e+00,3.640314e+06,0.000000e+00,3.640314e+06,0.000000e+00,0.000000e+00,8.609117e+09,5.587935e-09,6.676972e-14,0.000000e+00,0.000000e+00,0.000000e+00,0.000000e+00,4.201346e+08,6.347231e+10,-6.757434e+08,3.600002e+06,9.925005e+06,0.000000e+00,-1.877064e+02,2.741597e+09,9.599773e+09,-1.329026e+08,9.214260e+05,2.711562e+07,2.960000e+02,-1.442358e+02,-9.412057e+07,0.000000e+00,0.000000e+00
4.580207e+00,9.726719e+09,7.895183e+10,4.320051e+01,1.052341e+03,-9.078549e+08,8.368966e+06,1.067844e-03,3.694537e+07,0.000000e+00,0.000000e+00,3.878697e+06,0.000000e+00,3.878697e+06,0.000000e+00,0.000000e+00,8.633662e+09,5.587935e-09,6.676972e-14,0.000000e+00,0.000000e+00,0.000000e+00,0.000000e+00,4.196445e+08,6.345182e+10,-6.756310e+08,3.600002e+06,9.956248e+06,0.000000e+00,-1.876752e+02,2.748130e+09,9.571196e+09,-1.326952e+08,9.209236e+05,2.726167e+07,3.000000e+02,-1.440892e+02,-9.443910e+07,0.000000e+00,0.000000e+00
4.600494e+00,9.753022e+09,7.892496e+10,2.453002e+01,9.646779e+02,-9.079338e+08,8.368966e+06,1.067593e-03,3.775605e+07,0.000000e+00,0.000000e+00,3.279624e+06,0.000000e+00,3.279624e+06,0.000000e+00,0.000000e+00,8.659883e+09,5.587935e-09,6.676972e-14,0.000000e+00,0.000000e+00,0.000000e+00,0.000000e+00,4.198668e+08,6.343100e+10,-6.755191e+08,3.600002e+06,9.992590e+06,0.000000e+00,-1.876441e+02,2.753758e+09,9.550401e+09,-1.325461e+08,9.209236e+05,2.740664e+07,3.000000e+02,-1.439273e+02,-9.469631e+07,0.000000e+00,0.000000e+00
4.620776e+00,9.779931e+09,7.889754e+10,4.535488e+00,9.304086e+02,-9.080120e+08,8.368966e+06,1.067363e-03,3.800089e+07,0.000000e+00,0.000000e+00,3.133606e+06,0.000000e+00,3.133606e+06,0.000000e+00,0.000000e+00,8.685755e+09,5.587935e-09,6.676972e-14,0.000000e+00,0.000000e+00,0.000000e+00,0.000000e+00,4.197084e+08,6.340933e+10,-6.754031e+08,3.600002e+06,1.002478e+07,0.000000e+00,-1.876119e+02,2.760600e+09,9.534379e+09,-1.324553e+08,9.209236e+05,2.754518e+07,3.000000e+02,-1.438288e+02,-9.490289e+07,0.000000e+00,0.000000e+00
4.641055e+00,9.803496e+09,7.887537e+10,-7.228648e+00,9.465126e+02,-9.080892e+08,8.368966e+06,1.067237e-03,3.615198e+07,0.000000e+00,0.000000e+00,2.775594e+06,0.000000e+00,2.775594e+06,0.000000e+00,0.000000e+00,8.709552e+09,5.587935e-09,6.676972e-14,0.000000e+00,0.000000e+00,0.000000e+00,0.000000e+00,4.176299e+08,6.338635e+10,-6.752708e+08,3.600002e+06,1.005964e+07,0.000000e+00,-1.875751e+02,2.765953e+09,9.523635e+09,-1.323904e+08,9.204212e+05,2.767296e+07,3.040000e+02,-1.438367e+02,-9.509852e+07,0.000000e+00,0.000000e+00
4.660264e+00,9.824506e+09,7.885438e+10,-1.280137e+01,1.011272e+03,-9.081613e+08,8.368966e+06,1.067066e-03,3.559476e+07,0.000000e+00,0.000000e+00,3.059714e+06,0.000000e+00,3.059714e+06,0.000000e+00,0.000000e+00,8.730428e+09,5.587935e-09,6.676972e-14,0.000000e+00,0.000000e+00,0.000000e+00,0.000000e+00,4.165466e+08,6.336077e+10,-6.751301e+08,3.600002e+06,1.008842e+07,0.000000e+00,-1.875360e+02,2.769195e+09,9.515356e+09,-1.323415e+08,9.204212e+05,2.778453e+07,3.040000e+02,-1.437836e+02,-9.528942e+07,0.000000e+00,0.000000e+00
4.680536e+00,9.845129e+09,7.883233e+10,-1.739050e+01,1.103858e+03,-9.082367e+08,8.368966e+06,1.066910e-03,3.683985e+07,0.000000e+00,0.000000e+00,2.985889e+06,0.000000e+00,2.985889e+06,0.000000e+00,0.000000e+00,8.751763e+09,5.587935e-09,6.676972e-14,0.000000e+00,0.000000e+00,0.000000e+00,0.000000e+00,4.158004e+08,6.333130e+10,-6.749722e+08,3.600002e+06,1.012205e+07,0.000000e+00,-1.874921e+02,2.771032e+09,9.506726e+09,-1.322885e+08,9.204212e+05,2.789476e+07,3.040000e+02,-1.437260e+02,-9.549991e+07,0.000000e+00,0.000000e+00
4.700949e+00,9.866890e+09,7.881121e+10,-1.860129e+01,1.200421e+03,-9.083117e+08,8.368966e+06,1.078624e-03,3.641339e+07,0.000000e+00,0.000000e+00,2.431135e+06,0.000000e+00,2.431135e+06,0.000000e+00,0.000000e+00,8.773410e+09,5.587935e-09,6.676972e-14,0.000000e+00,0.000000e+00,0.000000e+00,0.000000e+00,4.145405e+08,6.330509e+10,-6.748283e+08,3.600002e+06,1.015125e+07,0.000000e+00,-1.874522e+02,2.774308e+09,9.497923e+09,-1.322357e+08,9.204212e+05,2.800992e+07,3.040000e+02,-1.436687e+02,-9.569518e+07,0.000000e+00,0.000000e+00
4.720363e+00,9.891534e+09,7.878835e+10,-2.080664e+01,1.351071e+03,-9.083832e+08,8.368966e+06,1.078525e-03,3.490065e+07,0.000000e+00,0.000000e+00,1.912288e+06,0.000000e+00,1.912288e+06,0.000000e+00,0.000000e+00,8.793131e+09,5.587935e-09,6.676972e-14,0.000000e+00,0.000000e+00,0.000000e+00,0.000000e+00,4.153189e+08,6.328202e+10,-6.747108e+08,3.600002e+06,1.018116e+07,0.000000e+00,-1.874196e+02,2.779455e+09,9.489550e+09,-1.321943e+08,9.204212e+05,2.810977e+07,3.040000e+02,-1.436237e+02,-9.585274e+07,0.000000e+00,0.000000e+00
4.740855e+00,9.917243e+09,7.876283e+10,-3.011421e+01,1.608206e+03,-9.084592e+08,8.368966e+06,1.078585e-03,3.489624e+07,0.000000e+00,0.000000e+00,1.426859e+06,0.000000e+00,1.426859e+06,0.000000e+00,0.000000e+00,8.813968e+09,5.587935e-09,6.676972e-14,0.000000e+00,0.000000e+00,0.000000e+00,0.000000e+00,4.179897e+08,6.325799e+10,-6.745970e+08,3.600002e+06,1.021059e+07,0.000000e+00,-1.873879e+02,2.783273e+09,9.481366e+09,-1.321536e+08,9.200444e+05,2.821630e+07,3.070000e+02,-1.436383e+02,-9.600721e+07,0.000000e+00,0.000000e+00
4.760270e+00,9.940395e+09,7.873842e+10,-4.964981e+01,1.932779e+03,-9.085315e+08,8.368966e+06,1.078655e-03,3.467267e+07,0.000000e+00,0.000000e+00,2.144123e+06,0.000000e+00,2.144123e+06,0.000000e+00,0.000000e+00,8.833229e+09,5.587935e-09,6.676972e-14,0.000000e+00,0.000000e+00,0.000000e+00,0.000000e+00,4.214759e+08,6.323501e+10,-6.744920e+08,3.600002e+06,1.023920e+07,0.000000e+00,-1.873588e+02,2.785125e+09,9.473247e+09,-1.321029e+08,9.199188e+05,2.832119e+07,3.080000e+02,-1.436028e+02,-9.616772e+07,0.000000e+00,0.000000e+00
4.780765e+00,9.970161e+09,7.870729e+10,-7.483801e+01,2.313891e+03,-9.086075e+08,8.368966e+06,1.078682e-03,3.523824e+07,0.000000e+00,0.000000e+00,2.335979e+06,0.000000e+00,2.335979e+06,0.000000e+00,0.000000e+00,8.854738e+09,5.587935e-09,6.676972e-14,0.000000e+00,0.000000e+00,0.000000e+00,0.000000e+00,4.255390e+08,6.320647e+10,-6.743609e+08,3.600002e+06,1.026740e+07,0.000000e+00,-1.873224e+02,2.790373e+09,9.454622e+09,-1.319781e+08,9.199188e+05,2.845259e+07,3.080000e+02,-1.434672e+02,-9.642438e+07,0.000000e+00,0.000000e+00
4.800181e+00,9.996876e+09,7.868082e+10,-9.869453e+01,2.713222e+03,-9.086781e+08,8.368966e+06,1.078633e-03,3.507899e+07,0.000000e+00,0.000000e+00,2.026756e+06,0.000000e+00,2.026756e+06,0.000000e+00,0.000000e+00,8.875808e+09,5.587935e-09,6.676972e-14,0.000000e+00,0.000000e+00,0.000000e+00,0.000000e+00,4.270342e+08,6.317783e+10,-6.742166e+08,3.600002e+06,1.029340e+07,0.000000e+00,-1.872823e+02,2.796626e+09,9.439108e+09,-1.318876e+08,9.199188e+05,2.856534e+07,3.080000e+02,-1.433687e+02,-9.665719e+07,0.000000e+00,0.000000e+00
4.820674e+00,1.002548e+10,7.865299e+10,-1.243355e+02,3.255914e+03,-9.087508e+08,8.368966e+06,1.078571e-03,3.384674e+07,0.000000e+00,0.000000e+00,2.222514e+06,0.000000e+00,2.222514e+06,0.000000e+00,0.000000e+00,8.898391e+09,5.587935e-09,6.676972e-14,0.000000e+00,0.000000e+00,0.000000e+00,0.000000e+00,4.298778e+08,6.315076e+10,-6.740882e+08,3.600002e+06,1.032115e+07,0.000000e+00,-1.872466e+02,2.803204e+09,9.424032e+09,-1.317958e+08,9.199188e+05,2.867828e+07,3.080000e+02,-1.432689e+02,-9.687667e+07,0.000000e+00,0.000000e+00
4.840089e+00,1.005229e+10,7.862483e+10,-1.555652e+02,3.886026e+03,-9.088174e+08,8.368966e+06,1.078606e-03,3.429295e+07,0.000000e+00,0.000000e+00,2.754758e+06,0.000000e+00,2.754758e+06,0.000000e+00,0.000000e+00,8.919380e+09,5.587935e-09,6.676972e-14,0.000000e+00,0.000000e+00,0.000000e+00,0.000000e+00,4.340954e+08,6.312622e+10,-6.739817e+08,3.600002e+06,1.034669e+07,0.000000e+00,-1.872170e+02,2.807882e+09,9.408771e+09,-1.316994e+08,9.199188e+05,2.877413e+07,3.080000e+02,-1.431642e+02,-9.708158e+07,0.000000e+00,0.000000e+00
4.860583e+00,1.007979e+10,7.859654e+10,-1.908269e+02,4.578067e+03,-9.088855e+08,8.368966e+06,1.078625e-03,3.457726e+07,0.000000e+00,0.000000e+00,2.893742e+06,0.000000e+00,2.893742e+06,0.000000e+00,0.000000e+00,8.940966e+09,5.587935e-09,6.676972e-14,0.000000e+00,0.000000e+00,0.000000e+00,0.000000e+00,4.376381e+08,6.310254e+10,-6.738762e+08,3.600002e+06,1.037378e+07,0.000000e+00,-1.871877e+02,2.813458e+09,9.389685e+09,-1.315591e+08,9.199188e+05,2.887649e+07,3.080000e+02,-1.430116e+02,-9.732673e+07,0.000000e+00,0.000000e+00
4.881076e+00,1.010739e+10,7.857076e+10,-2.177357e+02,5.268074e+03,-9.089515e+08,8.368966e+06,1.078566e-03,3.307176e+07,0.000000e+00,0.000000e+00,2.399421e+06,0.000000e+00,2.399421e+06,0.000000e+00,0.000000e+00,8.963131e+09,5.587935e-09,6.676972e-14,0.000000e+00,0.000000e+00,0.000000e+00,0.000000e+00,4.402531e+08,6.308177e+10,-6.737789e+08,3.600002e+06,1.040001e+07,0.000000e+00,-1.871607e+02,2.819778e+09,9.372677e+09,-1.314383e+08,9.199188e+05,2.897679e+07,3.080000e+02,-1.428804e+02,-9.754311e+07,0.000000e+00,0.000000e+00
4.900490e+00,1.012812e+10,7.854920e+10,-2.308396e+02,5.941177e+03,-9.090125e+08,8.368966e+06,1.078512e-03,3.365938e+07,0.000000e+00,0.000000e+00,2.394604e+06,0.000000e+00,2.394604e+06,0.000000e+00,0.000000e+00,8.983928e+09,5.587935e-09,6.676972e-14,0.000000e+00,0.000000e+00,0.000000e+00,0.000000e+00,4.397192e+08,6.306479e+10,-6.736869e+08,3.600002e+06,1.042438e+07,0.000000e+00,-1.871351e+02,2.823777e+09,9.358567e+09,-1.313383e+08,9.199188e+05,2.907225e+07,3.080000e+02,-1.427717e+02,-9.773492e+07,0.000000e+00,0.000000e+00
4.920981e+00,1.014866e+10,7.852650e+10,-2.285997e+02,6.641656e+03,-9.090765e+08,8.368966e+06,1.078527e-03,3.437110e+07,0.000000e+00,0.000000e+00,3.386419e+06,0.000000e+00,3.386419e+06,0.000000e+00,0.000000e+00,9.006362e+09,5.587935e-09,6.676972e-14,0.000000e+00,0.000000e+00,0.000000e+00,0.000000e+00,4.387364e+08,6.304755e+10,-6.735901e+08,3.600002e+06,1.044933e+07,0.000000e+00,-1.871082e+02,2.827249e+09,9.344468e+09,-1.312420e+08,9.199188e+05,2.916871e+07,3.080000e+02,-1.426669e+02,-9.792756e+07,0.000000e+00,0.000000e+00
4.940395e+00,1.016987e+10,7.850308e+10,-2.139657e+02,7.255426e+03,-9.091370e+08,8.368966e+06,1.078555e-03,3.544022e+07,0.000000e+00,0.000000e+00,3.740160e+06,0.000000e+00,3.740160e+06,0.000000e+00,0.000000e+00,9.028133e+09,5.587935e-09,6.676972e-14,0.000000e+00,0.000000e+00,0.000000e+00,0.000000e+00,4.385424e+08,6.303593e+10,-6.735283e+08,3.600002e+06,1.047233e+07,0.000000e+00,-1.870911e+02,2.831588e+09,9.328001e+09,-1.311289e+08,9.199188e+05,2.926809e+07,3.080000e+02,-1.425440e+02,-9.810126e+07,0.000000e+00,0.000000e+00
4.960888e+00,1.019458e+10,7.847867e+10,-1.892235e+02,7.884695e+03,-9.092008e+08,8.368966e+06,1.078574e-03,3.554184e+07,0.000000e+00,0.000000e+00,2.977952e+06,0.000000e+00,2.977952e+06,0.000000e+00,0.000000e+00,9.052835e+09,5.587935e-09,6.676972e-14,0.000000e+00,0.000000e+00,0.000000e+00,0.000000e+00,4.374082e+08,6.303232e+10,-6.735035e+08,3.600002e+06,1.049799e+07,0.000000e+00,-1.870842e+02,2.839234e+09,9.308841e+09,-1.309995e+08,9.199188e+05,2.937965e+07,3.080000e+02,-1.424034e+02,-9.825442e+07,0.000000e+00,0.000000e+00
4.980302e+00,1.021533e+10,7.845765e+10,-1.598094e+02,8.465166e+03,-9.092614e+08,8.368966e+06,1.078616e-03,3.555663e+07,0.000000e+00,0.000000e+00,2.874809e+06,0.000000e+00,2.874809e+06,0.000000e+00,0.000000e+00,9.076763e+09,5.587935e-09,6.676972e-14,0.000000e+00,0.000000e+00,0.000000e+00,0.000000e+00,4.350746e+08,6.303180e+10,-6.734879e+08,3.600002e+06,1.052078e+07,0.000000e+00,-1.870798e+02,2.845097e+09,9.290511e+09,-1.308740e+08,9.199188e+05,2.949282e+07,3.080000e+02,-1.422669e+02,-9.839630e+07,0.000000e+00,0.000000e+00
5.000796e+00,1.023420e+10,7.843557e+10,-1.161211e+02,9.027916e+03,-9.093252e+08,8.368966e+06,1.078577e-03,3.746186e+07,0.000000e+00,0.000000e+00,3.683867e+06,0.000000e+00,3.683867e+06,0.000000e+00,0.000000e+00,9.100823e+09,5.587935e-09,6.676972e-14,0.000000e+00,0.000000e+00,0.000000e+00,0.000000e+00,4.315274e+08,6.302870e+10,-6.734532e+08,3.600002e+06,1.054348e+07,0.000000e+00,-1.870702e+02,2.848923e+09,9.270062e+09,-1.307349e+08,9.197931e+05,2.961119e+07,3.090000e+02,-1.421351e+02,-9.857191e+07,0.000000e+00,0.000000e+00
5.020211e+00,1.025476e+10,7.841319e+10,-7.249589e+01,9.534985e+03,-9.093860e+08,8.368966e+06,1.078618e-03,3.763283e+07,0.000000e+00,0.000000e+00,4.697460e+06,0.000000e+00,4.697460e+06,0.000000e+00,0.000000e+00,9.124176e+09,5.587935e-09,6.676972e-14,0.000000e+00,0.000000e+00,0.000000e+00,0.000000e+00,4.294244e+08,6.302067e+10,-6.733990e+08,3.600002e+06,1.056754e+07,0.000000e+00,-1.870552e+02,2.853644e+09,9.247624e+09,-1.305808e+08,9.196676e+05,2.971717e+07,3.100000e+02,-1.419869e+02,-9.878200e+07,0.000000e+00,0.000000e+00
5.040704e+00,1.028364e+10,7.838688e+10,-2.242371e+01,1.000150e+04,-9.094504e+08,8.368966e+06,1.078573e-03,3.605853e+07,0.000000e+00,0.000000e+00,3.236448e+06,0.000000e+00,3.236448e+06,0.000000e+00,0.000000e+00,9.150373e+09,5.587935e-09,6.676972e-14,0.000000e+00,0.000000e+00,0.000000e+00,0.000000e+00,4.301039e+08,6.300701e+10,-6.733268e+08,3.600002e+06,1.059154e+07,0.000000e+00,-1.870351e+02,2.861968e+09,9.226010e+09,-1.304523e+08,9.195419e+05,2.984310e+07,3.110000e+02,-1.418667e+02,-9.897963e+07,0.000000e+00,0.000000e+00
5.060119e+00,1.030543e+10,7.836588e+10,3.097863e+01,1.030372e+04,-9.095121e+08,8.368966e+06,1.078571e-03,3.517276e+07,0.000000e+00,0.000000e+00,3.086076e+06,0.000000e+00,3.086076e+06,0.000000e+00,0.000000e+00,9.174162e+09,5.587935e-09,6.676972e-14,0.000000e+00,0.000000e+00,0.000000e+00,0.000000e+00,4.280375e+08,6.299685e+10,-6.732608e+08,3.600002e+06,1.061306e+07,0.000000e+00,-1.870168e+02,2.867871e+09,9.209389e+09,-1.303585e+08,9.194163e+05,2.994039e+07,3.120000e+02,-1.417839e+02,-9.913922e+07,0.000000e+00,0.000000e+00
5.080611e+00,1.032664e+10,7.834359e+10,7.824884e+01,1.065507e+04,-9.095784e+08,8.368966e+06,1.078519e-03,3.626327e+07,0.000000e+00,0.000000e+00,2.822536e+06,0.000000e+00,2.822536e+06,0.000000e+00,0.000000e+00,9.198354e+09,5.587935e-09,6.676972e-14,0.000000e+00,0.000000e+00,0.000000e+00,0.000000e+00,4.246852e+08,6.298952e+10,-6.732020e+08,3.600002e+06,1.063624e+07,0.000000e+00,-1.870004e+02,2.873228e+09,9.192577e+09,-1.302573e+08,9.194163e+05,3.004271e+07,3.120000e+02,-1.416739e+02,-9.929858e+07,0.000000e+00,0.000000e+00
5.100025e+00,1.035005e+10,7.832026e+10,9.481326e+01,1.099762e+04,-9.096429e+08,8.368966e+06,1.078551e-03,3.574342e+07,0.000000e+00,0.000000e+00,3.138444e+06,0.000000e+00,3.138444e+06,0.000000e+00,0.000000e+00,9.220994e+09,5.587935e-09,6.676972e-14,0.000000e+00,0.000000e+00,0.000000e+00,0.000000e+00,4.243773e+08,6.298030e+10,-6.731494e+08,3.600002e+06,1.065746e+07,0.000000e+00,-1.869858e+02,2.878794e+09,9.178081e+09,-1.301717e+08,9.189139e+05,3.013364e+07,3.160000e+02,-1.416582e+02,-9.943557e+07,0.000000e+00,0.000000e+00
5.120516e+00,1.037509e+10,7.829642e+10,7.728632e+01,1.124055e+04,-9.097130e+08,8.368966e+06,1.078484e-03,3.460844e+07,0.000000e+00,0.000000e+00,3.294661e+06,0.000000e+00,3.294661e+06,0.000000e+00,0.000000e+00,9.244380e+09,5.587935e-09,6.676972e-14,0.000000e+00,0.000000e+00,0.000000e+00,0.000000e+00,4.233307e+08,6.297054e+10,-6.730903e+08,3.600002e+06,1.067912e+07,0.000000e+00,-1.869694e+02,2.885988e+09,9.164829e+09,-1.301012e+08,9.187883e+05,3.022325e+07,3.170000e+02,-1.416008e+02,-9.956472e+07,0.000000e+00,0.000000e+00
5.141007e+00,1.039844e+10,7.827268e+10,6.458608e+01,1.145923e+04,-9.097853e+08,8.368966e+06,1.078445e-03,3.455108e+07,0.000000e+00,0.000000e+00,3.671972e+06,0.000000e+00,3.671972e+06,0.000000e+00,0.000000e+00,9.267367e+09,5.587935e-09,6.676972e-14,0.000000e+00,0.000000e+00,0.000000e+00,0.000000e+00,4.218927e+08,6.296091e+10,-6.730303e+08,3.600002e+06,1.070009e+07,0.000000e+00,-1.869528e+02,2.892657e+09,9.150752e+09,-1.300270e+08,9.187883e+05,3.030992e+07,3.170000e+02,-1.415201e+02,-9.969942e+07,0.000000e+00,0.000000e+00
5.160419e+00,1.042122e+10,7.824913e+10,7.129524e+01,1.169288e+04,-9.098561e+08,8.368966e+06,1.078504e-03,3.487662e+07,0.000000e+00,0.000000e+00,3.934200e+06,0.000000e+00,3.934200e+06,0.000000e+00,0.000000e+00,9.288995e+09,5.587935e-09,6.676972e-14,0.000000e+00,0.000000e+00,0.000000e+00,0.000000e+00,4.217026e+08,6.294900e+10,-6.729652e+08,3.600002e+06,1.072029e+07,0.000000e+00,-1.869347e+02,2.898386e+09,9.138180e+09,-1.299636e+08,9.186628e+05,3.039053e+07,3.180000e+02,-1.414704e+02,-9.982863e+07,0.000000e+00,0.000000e+00
5.180913e+00,1.044427e+10,7.822456e+10,8.249807e+01,1.188180e+04,-9.099327e+08,8.368966e+06,1.078682e-03,3.533518e+07,0.000000e+00,0.000000e+00,4.732978e+06,0.000000e+00,4.732978e+06,0.000000e+00,0.000000e+00,9.311736e+09,5.587935e-09,6.676972e-14,0.000000e+00,0.000000e+00,0.000000e+00,0.000000e+00,4.200832e+08,6.293352e+10,-6.728746e+08,3.600002e+06,1.074088e+07,0.000000e+00,-1.869095e+02,2.904775e+09,9.123480e+09,-1.298893e+08,9.184115e+05,3.047430e+07,3.200000e+02,-1.414282e+02,-9.999546e+07,0.000000e+00,0.000000e+00
5.200329e+00,1.046775e+10,7.820063e+10,8.675428e+01,1.201844e+04,-9.100071e+08,8.368966e+06,1.078653e-03,3.511957e+07,0.000000e+00,0.000000e+00,5.101209e+06,0.000000e+00,5.101209e+06,0.000000e+00,0.000000e+00,9.333178e+09,5.587935e-09,6.676972e-14,0.000000e+00,0.000000e+00,0.000000e+00,0.000000e+00,4.190810e+08,6.291443e+10,-6.727675e+08,3.600002e+06,1.076139e+07,0.000000e+00,-1.868797e+02,2.911810e+09,9.108465e+09,-1.298121e+08,9.184115e+05,3.055733e+07,3.200000e+02,-1.413442e+02,-1.001810e+08,0.000000e+00,0.000000e+00
5.220822e+00,1.049331e+10,7.817462e+10,9.893834e+01,1.220902e+04,-9.100877e+08,8.368966e+06,1.078480e-03,3.558382e+07,0.000000e+00,0.000000e+00,4.536090e+06,0.000000e+00,4.536090e+06,0.000000e+00,0.000000e+00,9.356094e+09,5.587935e-09,6.676972e-14,0.000000e+00,0.000000e+00,0.000000e+00,0.000000e+00,4.184242e+08,6.289273e+10,-6.726487e+08,3.600002e+06,1.078154e+07,0.000000e+00,-1.868468e+02,2.919248e+09,9.092004e+09,-1.297287e+08,9.184115e+05,3.064740e+07,3.200000e+02,-1.412534e+02,-1.003827e+08,0.000000e+00,0.000000e+00
5.240233e+00,1.051924e+10,7.814650e+10,1.136559e+02,1.246277e+04,-9.101660e+08,8.368966e+06,1.078269e-03,3.637816e+07,0.000000e+00,0.000000e+00,4.991151e+06,0.000000e+00,4.991151e+06,0.000000e+00,0.000000e+00,9.378246e+09,5.587935e-09,6.676972e-14,0.000000e+00,0.000000e+00,0.000000e+00,0.000000e+00,4.195312e+08,6.287299e+10,-6.725496e+08,3.600002e+06,1.080118e+07,0.000000e+00,-1.868192e+02,2.925878e+09,9.072109e+09,-1.296137e+08,9.184115e+05,3.074034e+07,3.200000e+02,-1.411281e+02,-1.005997e+08,0.000000e+00,0.000000e+00
5.260720e+00,1.055135e+10,7.811441e+10,1.140155e+02,1.276035e+04,-9.102501e+08,8.368966e+06,1.078355e-03,3.584564e+07,0.000000e+00,0.000000e+00,4.671646e+06,0.000000e+00,4.671646e+06,0.000000e+00,0.000000e+00,9.402424e+09,5.587935e-09,6.676972e-14,0.000000e+00,0.000000e+00,0.000000e+00,0.000000e+00,4.246112e+08,6.284590e+10,-6.724308e+08,3.600002e+06,1.082226e+07,0.000000e+00,-1.867862e+02,2.933677e+09,9.050982e+09,-1.294740e+08,9.184115e+05,3.083429e+07,3.200000e+02,-1.409760e+02,-1.008586e+08,0.000000e+00,0.000000e+00
5.280132e+00,1.057930e+10,7.808726e+10,1.097677e+02,1.307217e+04,-9.103313e+08,8.368966e+06,1.078500e-03,3.555288e+07,0.000000e+00,0.000000e+00,3.593000e+06,0.000000e+00,3.593000e+06,0.000000e+00,0.000000e+00,9.424738e+09,5.587935e-09,6.676972e-14,0.000000e+00,0.000000e+00,0.000000e+00,0.000000e+00,4.278219e+08,6.282134e+10,-6.723172e+08,3.600002e+06,1.084118e+07,0.000000e+00,-1.867547e+02,2.940567e+09,9.032126e+09,-1.293489e+08,9.179091e+05,3.092670e+07,3.240000e+02,-1.409169e+02,-1.010963e+08,0.000000e+00,0.000000e+00
5.300622e+00,1.060422e+10,7.806331e+10,9.451349e+01,1.337283e+04,-9.104182e+08,8.368966e+06,1.078377e-03,3.482352e+07,0.000000e+00,0.000000e+00,2.813736e+06,0.000000e+00,2.813736e+06,0.000000e+00,0.000000e+00,9.447514e+09,5.587935e-09,6.676972e-14,0.000000e+00,0.000000e+00,0.000000e+00,0.000000e+00,4.282758e+08,6.279907e+10,-6.722014e+08,3.600002e+06,1.086100e+07,0.000000e+00,-1.867225e+02,2.946642e+09,9.015521e+09,-1.292336e+08,9.179091e+05,3.101621e+07,3.240000e+02,-1.407913e+02,-1.013264e+08,0.000000e+00,0.000000e+00
5.320034e+00,1.062657e+10,7.804083e+10,7.418273e+01,1.353025e+04,-9.105019e+08,8.368966e+06,1.078481e-03,3.466416e+07,0.000000e+00,0.000000e+00,2.842933e+06,0.000000e+00,2.842933e+06,0.000000e+00,0.000000e+00,9.468890e+09,5.587935e-09,6.676972e-14,0.000000e+00,0.000000e+00,0.000000e+00,0.000000e+00,4.280387e+08,6.277817e+10,-6.720887e+08,3.600002e+06,1.087925e+07,0.000000e+00,-1.866912e+02,2.952014e+09,8.999322e+09,-1.291327e+08,9.179091e+05,3.110676e+07,3.240000e+02,-1.406814e+02,-1.015402e+08,0.000000e+00,0.000000e+00
5.340524e+00,1.064828e+10,7.801857e+10,4.392598e+01,1.365915e+04,-9.105911e+08,8.368966e+06,1.078301e-03,3.489420e+07,0.000000e+00,0.000000e+00,2.899354e+06,0.000000e+00,2.899354e+06,0.000000e+00,0.000000e+00,9.491475e+09,5.587935e-09,6.676972e-14,0.000000e+00,0.000000e+00,0.000000e+00,0.000000e+00,4.252543e+08,6.275980e+10,-6.719780e+08,3.600002e+06,1.089738e+07,0.000000e+00,-1.866604e+02,2.958391e+09,8.981778e+09,-1.290265e+08,9.179091e+05,3.119081e+07,3.240000e+02,-1.405657e+02,-1.017557e+08,0.000000e+00,0.000000e+00
5.361012e+00,1.067105e+10,7.799683e+10,2.180914e+01,1.391091e+04,-9.106808e+08,8.368966e+06,1.078366e-03,3.384911e+07,0.000000e+00,0.000000e+00,2.445056e+06,0.000000e+00,2.445056e+06,0.000000e+00,0.000000e+00,9.513926e+09,5.587935e-09,6.676972e-14,0.000000e+00,0.000000e+00,0.000000e+00,0.000000e+00,4.228898e+08,6.274705e+10,-6.718969e+08,3.600002e+06,1.091786e+07,0.000000e+00,-1.866379e+02,2.965574e+09,8.965725e+09,-1.289297e+08,9.179091e+05,3.127095e+07,3.240000e+02,-1.404602e+02,-1.019309e+08,0.000000e+00,0.000000e+00
5.380423e+00,1.069251e+10,7.797552e+10,3.210671e+01,1.411353e+04,-9.107658e+08,8.368966e+06,1.078401e-03,3.367846e+07,0.000000e+00,0.000000e+00,2.109636e+06,0.000000e+00,2.109636e+06,0.000000e+00,0.000000e+00,9.534379e+09,5.587935e-09,6.676972e-14,0.000000e+00,0.000000e+00,0.000000e+00,0.000000e+00,4.219065e+08,6.274013e+10,-6.718538e+08,3.600002e+06,1.093546e+07,0.000000e+00,-1.866259e+02,2.971970e+09,8.950963e+09,-1.288485e+08,9.179091e+05,3.134425e+07,3.240000e+02,-1.403717e+02,-1.020542e+08,0.000000e+00,0.000000e+00
5.400914e+00,1.071316e+10,7.795505e+10,7.844770e+01,1.413791e+04,-9.108554e+08,8.368966e+06,1.078498e-03,3.351738e+07,0.000000e+00,0.000000e+00,1.985789e+06,0.000000e+00,1.985789e+06,0.000000e+00,0.000000e+00,9.555519e+09,5.587935e-09,6.676972e-14,0.000000e+00,0.000000e+00,0.000000e+00,0.000000e+00,4.206230e+08,6.273251e+10,-6.718056e+08,3.600002e+06,1.095330e+07,0.000000e+00,-1.866125e+02,2.977409e+09,8.937504e+09,-1.287666e+08,9.179091e+05,3.141781e+07,3.240000e+02,-1.402825e+02,-1.021852e+08,0.000000e+00,0.000000e+00
5.420326e+00,1.073344e+10,7.793377e+10,1.241967e+02,1.424392e+04,-9.109394e+08,8.368966e+06,1.078431e-03,3.391326e+07,0.000000e+00,0.000000e+00,2.363345e+06,0.000000e+00,2.363345e+06,0.000000e+00,0.000000e+00,9.575073e+09,5.587935e-09,6.676972e-14,0.000000e+00,0.000000e+00,0.000000e+00,0.000000e+00,4.205688e+08,6.271658e+10,-6.717217e+08,3.600002e+06,1.097085e+07,0.000000e+00,-1.865892e+02,2.982351e+09,8.923750e+09,-1.286830e+08,9.179091e+05,3.148274e+07,3.240000e+02,-1.401914e+02,-1.023557e+08,0.000000e+00,0.000000e+00
5.440815e+00,1.075507e+10,7.791234e+10,1.498392e+02,1.451063e+04,-9.110270e+08,8.368966e+06,1.078311e-03,3.329410e+07,0.000000e+00,0.000000e+00,2.643337e+06,0.000000e+00,2.643337e+06,0.000000e+00,0.000000e+00,9.595569e+09,5.587935e-09,6.676972e-14,0.000000e+00,0.000000e+00,0.000000e+00,0.000000e+00,4.197946e+08,6.269325e+10,-6.715974e+08,3.600002e+06,1.098893e+07,0.000000e+00,-1.865547e+02,2.988538e+09,8.908845e+09,-1.285879e+08,9.179091e+05,3.155030e+07,3.240000e+02,-1.400878e+02,-1.025764e+08,0.000000e+00,0.000000e+00
5.460224e+00,1.077263e+10,7.789452e+10,1.654846e+02,1.477119e+04,-9.111091e+08,8.368966e+06,1.078248e-03,3.284054e+07,0.000000e+00,0.000000e+00,2.264514e+06,0.000000e+00,2.264514e+06,0.000000e+00,0.000000e+00,9.614427e+09,5.587935e-09,6.676972e-14,0.000000e+00,0.000000e+00,0.000000e+00,0.000000e+00,4.177136e+08,6.266958e+10,-6.714651e+08,3.600002e+06,1.100665e+07,0.000000e+00,-1.865180e+02,2.992788e+09,8.896442e+09,-1.285038e+08,9.171555e+05,3.161167e+07,3.300000e+02,-1.401112e+02,-1.027932e+08,0.000000e+00,0.000000e+00
5.480711e+00,1.079072e+10,7.787487e+10,1.798240e+02,1.505462e+04,-9.111945e+08,8.368966e+06,1.078234e-03,3.384359e+07,0.000000e+00,0.000000e+00,2.551888e+06,0.000000e+00,2.551888e+06,0.000000e+00,0.000000e+00,9.634467e+09,5.587935e-09,6.676972e-14,0.000000e+00,0.000000e+00,0.000000e+00,0.000000e+00,4.156377e+08,6.264402e+10,-6.713223e+08,3.600002e+06,1.102538e+07,0.000000e+00,-1.864783e+02,2.996218e+09,8.882590e+09,-1.284105e+08,9.170299e+05,3.169108e+07,3.310000e+02,-1.400287e+02,-1.030287e+08,0.000000e+00,0.000000e+00
5.500119e+00,1.080810e+10,7.785696e+10,1.913610e+02,1.535675e+04,-9.112742e+08,8.368966e+06,1.078317e-03,3.423184e+07,0.000000e+00,0.000000e+00,2.557911e+06,0.000000e+00,2.557911e+06,0.000000e+00,0.000000e+00,9.654105e+09,5.587935e-09,6.676972e-14,0.000000e+00,0.000000e+00,0.000000e+00,0.000000e+00,4.119961e+08,6.262299e+10,-6.711972e+08,3.600002e+06,1.104168e+07,0.000000e+00,-1.864436e+02,3.001172e+09,8.869108e+09,-1.283244e+08,9.169042e+05,3.176164e+07,3.320000e+02,-1.399540e+02,-1.032398e+08,0.000000e+00,0.000000e+00
5.520608e+00,1.082754e+10,7.783739e+10,2.076898e+02,1.573369e+04,-9.113571e+08,8.368966e+06,1.078423e-03,3.359350e+07,0.000000e+00,0.000000e+00,3.105239e+06,0.000000e+00,3.105239e+06,0.000000e+00,0.000000e+00,9.675860e+09,5.587935e-09,6.676972e-14,0.000000e+00,0.000000e+00,0.000000e+00,0.000000e+00,4.081179e+08,6.260303e+10,-6.710749e+08,3.600002e+06,1.106003e+07,0.000000e+00,-1.864096e+02,3.007120e+09,8.853790e+09,-1.282291e+08,9.169042e+05,3.184451e+07,3.320000e+02,-1.398500e+02,-1.034566e+08,0.000000e+00,0.000000e+00
5.540020e+00,1.084645e+10,7.781841e+10,2.178013e+02,1.606381e+04,-9.114332e+08,8.368966e+06,1.078475e-03,3.373621e+07,0.000000e+00,0.000000e+00,2.868470e+06,0.000000e+00,2.868470e+06,0.000000e+00,0.000000e+00,9.696852e+09,5.587935e-09,6.676972e-14,0.000000e+00,0.000000e+00,0.000000e+00,0.000000e+00,4.054336e+08,6.258830e+10,-6.709849e+08,3.600002e+06,1.107533e+07,0.000000e+00,-1.863846e+02,3.011884e+09,8.839816e+09,-1.281422e+08,9.169042e+05,3.191389e+07,3.320000e+02,-1.397552e+02,-1.036312e+08,0.000000e+00,0.000000e+00
5.560512e+00,1.086584e+10,7.779959e+10,2.263597e+02,1.640023e+04,-9.115105e+08,8.368966e+06,1.078481e-03,3.349556e+07,0.000000e+00,0.000000e+00,2.292463e+06,0.000000e+00,2.292463e+06,0.000000e+00,0.000000e+00,9.718725e+09,5.587935e-09,6.676972e-14,0.000000e+00,0.000000e+00,0.000000e+00,0.000000e+00,4.024894e+08,6.257648e+10,-6.709088e+08,3.600002e+06,1.109268e+07,0.000000e+00,-1.863634e+02,3.016680e+09,8.827617e+09,-1.280687e+08,9.167787e+05,3.199144e+07,3.330000e+02,-1.396942e+02,-1.037795e+08,0.000000e+00,0.000000e+00
5.581003e+00,1.088790e+10,7.777727e+10,2.405835e+02,1.686821e+04,-9.115848e+08,8.368966e+06,1.078494e-03,3.333933e+07,0.000000e+00,0.000000e+00,2.257215e+06,0.000000e+00,2.257215e+06,0.000000e+00,0.000000e+00,9.740137e+09,5.587935e-09,6.676972e-14,0.000000e+00,0.000000e+00,0.000000e+00,0.000000e+00,4.023497e+08,6.256261e+10,-6.708354e+08,3.600002e+06,1.110971e+07,0.000000e+00,-1.863431e+02,3.021543e+09,8.816239e+09,-1.280102e+08,9.164019e+05,3.206286e+07,3.360000e+02,-1.396879e+02,-1.039115e+08,0.000000e+00,0.000000e+00
5.600416e+00,1.090783e+10,7.775728e+10,2.530105e+02,1.727949e+04,-9.116525e+08,8.368966e+06,1.078464e-03,3.276019e+07,0.000000e+00,0.000000e+00,2.381342e+06,0.000000e+00,2.381342e+06,0.000000e+00,0.000000e+00,9.760138e+09,5.587935e-09,6.676972e-14,0.000000e+00,0.000000e+00,0.000000e+00,0.000000e+00,4.006789e+08,6.254981e+10,-6.707613e+08,3.600002e+06,1.112465e+07,0.000000e+00,-1.863225e+02,3.027065e+09,8.804436e+09,-1.279406e+08,9.164019e+05,3.213087e+07,3.360000e+02,-1.396119e+02,-1.040563e+08,0.000000e+00,0.000000e+00
5.620907e+00,1.092702e+10,7.773845e+10,2.489471e+02,1.757181e+04,-9.117217e+08,8.368966e+06,1.078518e-03,3.238820e+07,0.000000e+00,0.000000e+00,1.899538e+06,0.000000e+00,1.899538e+06,0.000000e+00,0.000000e+00,9.780366e+09,5.587935e-09,6.676972e-14,0.000000e+00,0.000000e+00,0.000000e+00,0.000000e+00,3.987534e+08,6.253640e+10,-6.706825e+08,3.600002e+06,1.114189e+07,0.000000e+00,-1.863006e+02,3.031807e+09,8.792880e+09,-1.278637e+08,9.161506e+05,3.219550e+07,3.380000e+02,-1.395662e+02,-1.042112e+08,0.000000e+00,0.000000e+00
5.640320e+00,1.094561e+10,7.771920e+10,2.347141e+02,1.784394e+04,-9.117855e+08,8.368966e+06,1.078461e-03,3.299578e+07,0.000000e+00,0.000000e+00,1.502040e+06,0.000000e+00,1.502040e+06,0.000000e+00,0.000000e+00,9.798061e+09,5.587935e-09,6.676972e-14,0.000000e+00,0.000000e+00,0.000000e+00,0.000000e+00,3.997430e+08,6.251889e+10,-6.705969e+08,3.600002e+06,1.115723e+07,0.000000e+00,-1.862768e+02,3.034749e+09,8.784355e+09,-1.278167e+08,9.158994e+05,3.225121e+07,3.400000e+02,-1.395532e+02,-1.043433e+08,0.000000e+00,0.000000e+00
5.660811e+00,1.096695e+10,7.769778e+10,2.178426e+02,1.817020e+04,-9.118511e+08,8.368966e+06,1.078502e-03,3.236499e+07,0.000000e+00,0.000000e+00,1.882778e+06,0.000000e+00,1.882778e+06,0.000000e+00,0.000000e+00,9.816523e+09,5.587935e-09,6.676972e-14,0.000000e+00,0.000000e+00,0.000000e+00,0.000000e+00,4.020946e+08,6.249590e+10,-6.704913e+08,3.600002e+06,1.117409e+07,0.000000e+00,-1.862475e+02,3.038582e+09,8.774768e+09,-1.277652e+08,9.158994e+05,3.231438e+07,3.400000e+02,-1.394969e+02,-1.045022e+08,0.000000e+00,0.000000e+00
5.680224e+00,1.098799e+10,7.767664e+10,2.115486e+02,1.842540e+04,-9.119130e+08,8.368966e+06,1.078532e-03,3.195874e+07,0.000000e+00,0.000000e+00,2.305502e+06,0.000000e+00,2.305502e+06,0.000000e+00,0.000000e+00,9.833788e+09,5.587935e-09,6.676972e-14,0.000000e+00,0.000000e+00,0.000000e+00,0.000000e+00,4.047865e+08,6.247067e+10,-6.703753e+08,3.600002e+06,1.118932e+07,0.000000e+00,-1.862153e+02,3.042329e+09,8.765558e+09,-1.277175e+08,9.158994e+05,3.237320e+07,3.400000e+02,-1.394449e+02,-1.046665e+08,0.000000e+00,0.000000e+00
5.700716e+00,1.100699e+10,7.765752e+10,2.388459e+02,1.869837e+04,-9.119774e+08,8.368966e+06,1.078519e-03,3.228785e+07,0.000000e+00,0.000000e+00,2.015551e+06,0.000000e+00,2.015551e+06,0.000000e+00,0.000000e+00,9.851458e+09,5.587935e-09,6.676972e-14,0.000000e+00,0.000000e+00,0.000000e+00,0.000000e+00,4.059752e+08,6.244736e+10,-6.702601e+08,3.600002e+06,1.120444e+07,0.000000e+00,-1.861832e+02,3.044710e+09,8.757462e+09,-1.276667e+08,9.158994e+05,3.243312e+07,3.400000e+02,-1.393895e+02,-1.048308e+08,0.000000e+00,0.000000e+00
5.720129e+00,1.102287e+10,7.764104e+10,2.823371e+02,1.901848e+04,-9.120385e+08,8.368966e+06,1.078488e-03,3.251397e+07,0.000000e+00,0.000000e+00,2.058267e+06,0.000000e+00,2.058267e+06,0.000000e+00,0.000000e+00,9.867612e+09,5.587935e-09,6.676972e-14,0.000000e+00,0.000000e+00,0.000000e+00,0.000000e+00,4.061084e+08,6.243011e+10,-6.701715e+08,3.600002e+06,1.122018e+07,0.000000e+00,-1.861586e+02,3.046229e+09,8.750158e+09,-1.276136e+08,9.157738e+05,3.249073e+07,3.410000e+02,-1.393506e+02,-1.049726e+08,0.000000e+00,0.000000e+00
5.740620e+00,1.104314e+10,7.761936e+10,3.131830e+02,1.936311e+04,-9.121035e+08,8.368966e+06,1.078475e-03,3.316878e+07,0.000000e+00,0.000000e+00,2.456544e+06,0.000000e+00,2.456544e+06,0.000000e+00,0.000000e+00,9.884499e+09,5.587935e-09,6.676972e-14,0.000000e+00,0.000000e+00,0.000000e+00,0.000000e+00,4.082322e+08,6.241150e+10,-6.700849e+08,3.600002e+06,1.123617e+07,0.000000e+00,-1.861346e+02,3.049235e+09,8.738726e+09,-1.275358e+08,9.157738e+05,3.255836e+07,3.410000e+02,-1.392657e+02,-1.051383e+08,0.000000e+00,0.000000e+00
5.760034e+00,1.106473e+10,7.759777e+10,3.192055e+02,1.965915e+04,-9.121661e+08,8.368966e+06,1.078541e-03,3.298937e+07,0.000000e+00,0.000000e+00,2.451219e+06,0.000000e+00,2.451219e+06,0.000000e+00,0.000000e+00,9.901445e+09,5.587935e-09,6.676972e-14,0.000000e+00,0.000000e+00,0.000000e+00,0.000000e+00,4.109638e+08,6.239328e+10,-6.700040e+08,3.600002e+06,1.125157e+07,0.000000e+00,-1.861121e+02,3.053832e+09,8.726077e+09,-1.274444e+08,9.157738e+05,3.262913e+07,3.410000e+02,-1.391658e+02,-1.053107e+08,0.000000e+00,0.000000e+00
5.780526e+00,1.108822e+10,7.757473e+10,2.909253e+02,1.995403e+04,-9.122338e+08,8.368966e+06,1.078492e-03,3.267511e+07,0.000000e+00,0.000000e+00,2.230136e+06,0.000000e+00,2.230136e+06,0.000000e+00,0.000000e+00,9.920105e+09,5.587935e-09,6.676972e-14,0.000000e+00,0.000000e+00,0.000000e+00,0.000000e+00,4.141828e+08,6.237341e+10,-6.699166e+08,3.600002e+06,1.126851e+07,0.000000e+00,-1.860878e+02,3.059180e+09,8.713349e+09,-1.273573e+08,9.157738e+05,3.270692e+07,3.410000e+02,-1.390707e+02,-1.054850e+08,0.000000e+00,0.000000e+00
5.801016e+00,1.111003e+10,7.755232e+10,2.190061e+02,2.030874e+04,-9.123025e+08,8.368966e+06,1.078402e-03,3.297652e+07,0.000000e+00,0.000000e+00,2.514385e+06,0.000000e+00,2.514385e+06,0.000000e+00,0.000000e+00,9.938372e+09,5.587935e-09,6.676972e-14,0.000000e+00,0.000000e+00,0.000000e+00,0.000000e+00,4.167089e+08,6.235246e+10,-6.698197e+08,3.600002e+06,1.128380e+07,0.000000e+00,-1.860609e+02,3.063686e+09,8.700274e+09,-1.272688e+08,9.156482e+05,3.277946e+07,3.420000e+02,-1.389931e+02,-1.056715e+08,0.000000e+00,0.000000e+00
5.820427e+00,1.112829e+10,7.753352e+10,1.261241e+02,2.076534e+04,-9.123686e+08,8.368966e+06,1.078405e-03,3.307680e+07,0.000000e+00,0.000000e+00,2.744514e+06,0.000000e+00,2.744514e+06,0.000000e+00,0.000000e+00,9.954796e+09,5.587935e-09,6.676972e-14,0.000000e+00,0.000000e+00,0.000000e+00,0.000000e+00,4.178137e+08,6.233326e+10,-6.697244e+08,3.600002e+06,1.129862e+07,0.000000e+00,-1.860345e+02,3.068385e+09,8.687404e+09,-1.271770e+08,9.156482e+05,3.285021e+07,3.420000e+02,-1.388929e+02,-1.058591e+08,0.000000e+00,0.000000e+00
5.840917e+00,1.114752e+10,7.751205e+10,2.995394e+01,2.127921e+04,-9.124384e+08,8.368966e+06,1.078465e-03,3.316489e+07,0.000000e+00,0.000000e+00,4.377745e+06,0.000000e+00,4.377745e+06,0.000000e+00,0.000000e+00,9.972585e+09,5.587935e-09,6.676972e-14,0.000000e+00,0.000000e+00,0.000000e+00,0.000000e+00,4.173588e+08,6.231485e+10,-6.696247e+08,3.600002e+06,1.131382e+07,0.000000e+00,-1.860068e+02,3.074730e+09,8.667339e+09,-1.270459e+08,9.156482e+05,3.292770e+07,3.420000e+02,-1.387497e+02,-1.060921e+08,0.000000e+00,0.000000e+00
5.860330e+00,1.116651e+10,7.749367e+10,-5.087192e+01,2.173600e+04,-9.125032e+08,8.368966e+06,1.078475e-03,3.340580e+07,0.000000e+00,0.000000e+00,3.234047e+06,0.000000e+00,3.234047e+06,0.000000e+00,0.000000e+00,9.990512e+09,5.587935e-09,6.676972e-14,0.000000e+00,0.000000e+00,0.000000e+00,0.000000e+00,4.154393e+08,6.229845e+10,-6.695276e+08,3.600002e+06,1.132872e+07,0.000000e+00,-1.859798e+02,3.082278e+09,8.648897e+09,-1.269171e+08,9.155226e+05,3.301279e+07,3.430000e+02,-1.386280e+02,-1.063164e+08,0.000000e+00,0.000000e+00
5.880821e+00,1.118578e+10,7.747364e+10,-1.100140e+02,2.217649e+04,-9.125699e+08,8.368966e+06,1.078481e-03,3.434568e+07,0.000000e+00,0.000000e+00,2.819920e+06,0.000000e+00,2.819920e+06,0.000000e+00,0.000000e+00,1.000949e+10,5.587935e-09,6.676972e-14,0.000000e+00,0.000000e+00,0.000000e+00,0.000000e+00,4.148654e+08,6.228181e+10,-6.694351e+08,3.600002e+06,1.134463e+07,0.000000e+00,-1.859541e+02,3.088324e+09,8.633040e+09,-1.268112e+08,9.155226e+05,3.310239e+07,3.430000e+02,-1.385123e+02,-1.065133e+08,0.000000e+00,0.000000e+00
5.900233e+00,1.120407e+10,7.745490e+10,-1.286416e+02,2.249401e+04,-9.126311e+08,8.368966e+06,1.078426e-03,3.419199e+07,0.000000e+00,0.000000e+00,3.296485e+06,0.000000e+00,3.296485e+06,0.000000e+00,0.000000e+00,1.002733e+10,5.587935e-09,6.676972e-14,0.000000e+00,0.000000e+00,0.000000e+00,0.000000e+00,4.147575e+08,6.226975e+10,-6.693688e+08,3.600002e+06,1.135902e+07,0.000000e+00,-1.859357e+02,3.093731e+09,8.616744e+09,-1.266970e+08,9.155226e+05,3.320400e+07,3.430000e+02,-1.383876e+02,-1.066938e+08,0.000000e+00,0.000000e+00
5.920722e+00,1.122358e+10,7.743649e+10,-1.407247e+02,2.271488e+04,-9.126941e+08,8.368966e+06,1.078307e-03,3.341360e+07,0.000000e+00,0.000000e+00,2.844350e+06,0.000000e+00,2.844350e+06,0.000000e+00,0.000000e+00,1.004678e+10,5.587935e-09,6.676972e-14,0.000000e+00,0.000000e+00,0.000000e+00,0.000000e+00,4.136179e+08,6.226063e+10,-6.693142e+08,3.600002e+06,1.137396e+07,0.000000e+00,-1.859205e+02,3.100332e+09,8.599733e+09,-1.265730e+08,9.151458e+05,3.328260e+07,3.460000e+02,-1.383092e+02,-1.068713e+08,0.000000e+00,0.000000e+00
5.940132e+00,1.124112e+10,7.741843e+10,-1.587612e+02,2.289899e+04,-9.127522e+08,8.368966e+06,1.078340e-03,3.394395e+07,0.000000e+00,0.000000e+00,2.509642e+06,0.000000e+00,2.509642e+06,0.000000e+00,0.000000e+00,1.006470e+10,5.587935e-09,6.676972e-14,0.000000e+00,0.000000e+00,0.000000e+00,0.000000e+00,4.127999e+08,6.225286e+10,-6.692682e+08,3.600002e+06,1.138818e+07,0.000000e+00,-1.859077e+02,3.105535e+09,8.584263e+09,-1.264650e+08,9.146434e+05,3.336602e+07,3.500000e+02,-1.382670e+02,-1.070249e+08,0.000000e+00,0.000000e+00
5.960621e+00,1.125941e+10,7.739910e+10,-1.867896e+02,2.302496e+04,-9.128120e+08,8.368966e+06,1.078423e-03,3.458753e+07,0.000000e+00,0.000000e+00,2.412585e+06,0.000000e+00,2.412585e+06,0.000000e+00,0.000000e+00,1.008290e+10,5.587935e-09,6.676972e-14,0.000000e+00,0.000000e+00,0.000000e+00,0.000000e+00,4.129210e+08,6.224488e+10,-6.692258e+08,3.600002e+06,1.140282e+07,0.000000e+00,-1.858959e+02,3.110081e+09,8.567719e+09,-1.263501e+08,9.141410e+05,3.343032e+07,3.540000e+02,-1.382173e+02,-1.071813e+08,0.000000e+00,0.000000e+00
5.980033e+00,1.127635e+10,7.738183e+10,-2.110366e+02,2.295329e+04,-9.128668e+08,8.368966e+06,1.078413e-03,3.482254e+07,0.000000e+00,0.000000e+00,2.007476e+06,0.000000e+00,2.007476e+06,0.000000e+00,0.000000e+00,1.010011e+10,5.587935e-09,6.676972e-14,0.000000e+00,0.000000e+00,0.000000e+00,0.000000e+00,4.127311e+08,6.223759e+10,-6.691859e+08,3.600002e+06,1.141692e+07,0.000000e+00,-1.858849e+02,3.114137e+09,8.555165e+09,-1.262644e+08,9.138898e+05,3.349357e+07,3.560000e+02,-1.381615e+02,-1.073063e+08,0.000000e+00,0.000000e+00
6.000522e+00,1.129433e+10,7.736429e+10,-2.163757e+02,2.276645e+04,-9.129235e+08,8.368966e+06,1.078291e-03,3.418407e+07,0.000000e+00,0.000000e+00,1.932937e+06,0.000000e+00,1.932937e+06,0.000000e+00,0.000000e+00,1.011796e+10,5.587935e-09,6.676972e-14,0.000000e+00,0.000000e+00,0.000000e+00,0.000000e+00,4.119062e+08,6.222968e+10,-6.691388e+08,3.600002e+06,1.143111e+07,0.000000e+00,-1.858717e+02,3.119166e+09,8.542950e+09,-1.261848e+08,9.138898e+05,3.355620e+07,3.560000e+02,-1.380744e+02,-1.074329e+08,0.000000e+00,0.000000e+00
6.021008e+00,1.131113e+10,7.734762e+10,-1.670891e+02,2.265674e+04,-9.129787e+08,8.368966e+06,1.078165e-03,3.364154e+07,0.000000e+00,0.000000e+00,2.128873e+06,0.000000e+00,2.128873e+06,0.000000e+00,0.000000e+00,1.013511e+10,5.587935e-09,6.676972e-14,0.000000e+00,0.000000e+00,0.000000e+00,0.000000e+00,4.104875e+08,6.222095e+10,-6.690844e+08,3.600002e+06,1.144530e+07,0.000000e+00,-1.858567e+02,3.124039e+09,8.530511e+09,-1.261064e+08,9.138898e+05,3.362218e+07,3.560000e+02,-1.379886e+02,-1.075660e+08,0.000000e+00,0.000000e+00
6.040415e+00,1.132541e+10,7.733305e+10,-9.548278e+01,2.266240e+04,-9.130296e+08,8.368966e+06,1.078247e-03,3.372335e+07,0.000000e+00,0.000000e+00,2.026298e+06,0.000000e+00,2.026298e+06,0.000000e+00,0.000000e+00,1.015005e+10,5.587935e-09,6.676972e-14,0.000000e+00,0.000000e+00,0.000000e+00,0.000000e+00,4.095215e+08,6.221266e+10,-6.690350e+08,3.600002e+06,1.145894e+07,0.000000e+00,-1.858429e+02,3.127759e+09,8.520194e+09,-1.260344e+08,9.138898e+05,3.368313e+07,3.560000e+02,-1.379098e+02,-1.076867e+08,0.000000e+00,0.000000e+00
6.060904e+00,1.134048e+10,7.731698e+10,-1.546870e+01,2.268919e+04,-9.130821e+08,8.368966e+06,1.078382e-03,3.397054e+07,0.000000e+00,0.000000e+00,2.557391e+06,0.000000e+00,2.557391e+06,0.000000e+00,0.000000e+00,1.016489e+10,5.587935e-09,6.676972e-14,0.000000e+00,0.000000e+00,0.000000e+00,0.000000e+00,4.102606e+08,6.220285e+10,-6.689855e+08,3.600002e+06,1.147280e+07,0.000000e+00,-1.858292e+02,3.130878e+09,8.509119e+09,-1.259550e+08,9.138898e+05,3.374754e+07,3.560000e+02,-1.378229e+02,-1.078168e+08,0.000000e+00,0.000000e+00
6.080314e+00,1.135684e+10,7.729943e+10,4.144876e+01,2.268260e+04,-9.131309e+08,8.368966e+06,1.078373e-03,3.381482e+07,0.000000e+00,0.000000e+00,3.586950e+06,0.000000e+00,3.586950e+06,0.000000e+00,0.000000e+00,1.017948e+10,5.587935e-09,6.676972e-14,0.000000e+00,0.000000e+00,0.000000e+00,0.000000e+00,4.116498e+08,6.219213e+10,-6.689347e+08,3.600002e+06,1.148669e+07,0.000000e+00,-1.858151e+02,3.135050e+09,8.493450e+09,-1.258465e+08,9.138898e+05,3.381658e+07,3.560000e+02,-1.377042e+02,-1.079779e+08,0.000000e+00,0.000000e+00
6.100803e+00,1.137644e+10,7.728147e+10,7.008909e+01,2.264707e+04,-9.131815e+08,8.368966e+06,1.078358e-03,3.365866e+07,0.000000e+00,0.000000e+00,1.996685e+06,0.000000e+00,1.996685e+06,0.000000e+00,0.000000e+00,1.019534e+10,5.587935e-09,6.676972e-14,0.000000e+00,0.000000e+00,0.000000e+00,0.000000e+00,4.140540e+08,6.218061e+10,-6.688848e+08,3.600002e+06,1.150043e+07,0.000000e+00,-1.858012e+02,3.140739e+09,8.478623e+09,-1.257340e+08,9.138898e+05,3.389689e+07,3.560000e+02,-1.375811e+02,-1.081388e+08,0.000000e+00,0.000000e+00
6.120213e+00,1.139431e+10,7.726236e+10,6.832917e+01,2.275265e+04,-9.132292e+08,8.368966e+06,1.078247e-03,3.486538e+07,0.000000e+00,0.000000e+00,1.968667e+06,0.000000e+00,1.968667e+06,0.000000e+00,0.000000e+00,1.021033e+10,5.587935e-09,6.676972e-14,0.000000e+00,0.000000e+00,0.000000e+00,0.000000e+00,4.169758e+08,6.216975e+10,-6.688415e+08,3.600002e+06,1.151297e+07,0.000000e+00,-1.857892e+02,3.145536e+09,8.463162e+09,-1.256344e+08,9.138898e+05,3.399346e+07,3.560000e+02,-1.374722e+02,-1.082816e+08,0.000000e+00,0.000000e+00
6.140699e+00,1.141408e+10,7.724232e+10,6.091766e+01,2.305933e+04,-9.132792e+08,8.368966e+06,1.078191e-03,3.395450e+07,0.000000e+00,0.000000e+00,2.842718e+06,0.000000e+00,2.842718e+06,0.000000e+00,0.000000e+00,1.022459e+10,5.587935e-09,6.676972e-14,0.000000e+00,0.000000e+00,0.000000e+00,0.000000e+00,4.215455e+08,6.215793e+10,-6.688020e+08,3.600002e+06,1.152708e+07,0.000000e+00,-1.857782e+02,3.151379e+09,8.444778e+09,-1.255079e+08,9.138898e+05,3.409238e+07,3.560000e+02,-1.373337e+02,-1.084496e+08,0.000000e+00,0.000000e+00
6.160107e+00,1.143295e+10,7.722415e+10,6.919542e+01,2.332202e+04,-9.133258e+08,8.368966e+06,1.078234e-03,3.363209e+07,0.000000e+00,0.000000e+00,2.254388e+06,0.000000e+00,2.254388e+06,0.000000e+00,0.000000e+00,1.023779e+10,5.587935e-09,6.676972e-14,0.000000e+00,0.000000e+00,0.000000e+00,0.000000e+00,4.261499e+08,6.214685e+10,-6.687665e+08,3.600002e+06,1.153999e+07,0.000000e+00,-1.857684e+02,3.156627e+09,8.428734e+09,-1.253898e+08,9.138898e+05,3.420257e+07,3.560000e+02,-1.372046e+02,-1.086011e+08,0.000000e+00,0.000000e+00
6.180593e+00,1.144837e+10,7.720804e+10,7.223352e+01,2.345472e+04,-9.133741e+08,8.368966e+06,1.078308e-03,3.420086e+07,0.000000e+00,0.000000e+00,2.253186e+06,0.000000e+00,2.253186e+06,0.000000e+00,0.000000e+00,1.025192e+10,5.587935e-09,6.676972e-14,0.000000e+00,0.000000e+00,0.000000e+00,0.000000e+00,4.272126e+08,6.213757e+10,-6.687224e+08,3.600002e+06,1.155189e+07,0.000000e+00,-1.857561e+02,3.161778e+09,8.411316e+09,-1.252708e+08,9.138898e+05,3.429712e+07,3.560000e+02,-1.370743e+02,-1.087656e+08,0.000000e+00,0.000000e+00
6.200004e+00,1.145910e+10,7.719710e+10,6.726215e+01,2.349160e+04,-9.134188e+08,8.368966e+06,1.078397e-03,3.419621e+07,0.000000e+00,0.000000e+00,2.244100e+06,0.000000e+00,2.244100e+06,0.000000e+00,0.000000e+00,1.026496e+10,5.587935e-09,6.676972e-14,0.000000e+00,0.000000e+00,0.000000e+00,0.000000e+00,4.253500e+08,6.213191e+10,-6.686828e+08,3.600002e+06,1.156414e+07,0.000000e+00,-1.857451e+02,3.166216e+09,8.395450e+09,-1.251500e+08,9.138898e+05,3.439005e+07,3.560000e+02,-1.369421e+02,-1.089255e+08,0.000000e+00,0.000000e+00
6.220493e+00,1.147302e+10,7.718328e+10,1.581862e+01,2.363799e+04,-9.134647e+08,8.368966e+06,1.078373e-03,3.426782e+07,0.000000e+00,0.000000e+00,1.960499e+06,0.000000e+00,1.960499e+06,0.000000e+00,0.000000e+00,1.027806e+10,5.587935e-09,6.676972e-14,0.000000e+00,0.000000e+00,0.000000e+00,0.000000e+00,4.246297e+08,6.212599e+10,-6.686469e+08,3.600002e+06,1.157792e+07,0.000000e+00,-1.857351e+02,3.171664e+09,8.379080e+09,-1.250350e+08,9.138898e+05,3.446542e+07,3.560000e+02,-1.368163e+02,-1.090750e+08,0.000000e+00,0.000000e+00
6.240982e+00,1.148788e+10,7.716860e+10,-9.671397e+01,2.404543e+04,-9.135100e+08,8.368966e+06,1.078297e-03,3.426705e+07,0.000000e+00,0.000000e+00,1.659498e+06,0.000000e+00,1.659498e+06,0.000000e+00,0.000000e+00,1.029036e+10,5.587935e-09,6.676972e-14,0.000000e+00,0.000000e+00,0.000000e+00,0.000000e+00,4.246002e+08,6.212113e+10,-6.686206e+08,3.600002e+06,1.159052e+07,0.000000e+00,-1.857278e+02,3.177663e+09,8.364174e+09,-1.249347e+08,9.133874e+05,3.453666e+07,3.600000e+02,-1.367817e+02,-1.092005e+08,0.000000e+00,0.000000e+00
6.260391e+00,1.149875e+10,7.715893e+10,-2.424040e+02,2.455908e+04,-9.135522e+08,8.368966e+06,1.078233e-03,3.344956e+07,0.000000e+00,0.000000e+00,1.165174e+06,0.000000e+00,1.165174e+06,0.000000e+00,0.000000e+00,1.030187e+10,5.587935e-09,6.676972e-14,0.000000e+00,0.000000e+00,0.000000e+00,0.000000e+00,4.228835e+08,6.211843e+10,-6.685969e+08,3.600002e+06,1.160278e+07,0.000000e+00,-1.857213e+02,3.182342e+09,8.353535e+09,-1.248588e+08,9.133874e+05,3.460185e+07,3.600000e+02,-1.366986e+02,-1.092992e+08,0.000000e+00,0.000000e+00
6.280878e+00,1.150890e+10,7.714738e+10,-3.668051e+02,2.495474e+04,-9.135954e+08,8.368966e+06,1.078291e-03,3.468717e+07,0.000000e+00,0.000000e+00,1.196912e+06,0.000000e+00,1.196912e+06,0.000000e+00,0.000000e+00,1.031401e+10,5.587935e-09,6.676972e-14,0.000000e+00,0.000000e+00,0.000000e+00,0.000000e+00,4.207437e+08,6.211462e+10,-6.685654e+08,3.600002e+06,1.161543e+07,0.000000e+00,-1.857125e+02,3.186427e+09,8.341701e+09,-1.247867e+08,9.133874e+05,3.466340e+07,3.600000e+02,-1.366197e+02,-1.094034e+08,0.000000e+00,0.000000e+00
6.300287e+00,1.151911e+10,7.713744e+10,-4.263917e+02,2.507244e+04,-9.136346e+08,8.368966e+06,1.078332e-03,3.427034e+07,0.000000e+00,0.000000e+00,1.223525e+06,0.000000e+00,1.223525e+06,0.000000e+00,0.000000e+00,1.032505e+10,5.587935e-09,6.676972e-14,0.000000e+00,0.000000e+00,0.000000e+00,0.000000e+00,4.197899e+08,6.210861e+10,-6.685282e+08,3.600002e+06,1.162680e+07,0.000000e+00,-1.857022e+02,3.189814e+09,8.332439e+09,-1.247150e+08,9.133874e+05,3.472776e+07,3.600000e+02,-1.365412e+02,-1.095125e+08,0.000000e+00,0.000000e+00
6.320776e+00,1.153200e+10,7.712517e+10,-4.585063e+02,2.513509e+04,-9.136735e+08,8.368966e+06,1.078391e-03,3.369414e+07,0.000000e+00,0.000000e+00,1.097164e+06,0.000000e+00,1.097164e+06,0.000000e+00,0.000000e+00,1.033677e+10,5.587935e-09,6.676972e-14,0.000000e+00,0.000000e+00,0.000000e+00,0.000000e+00,4.205592e+08,6.210012e+10,-6.684866e+08,3.600002e+06,1.163921e+07,0.000000e+00,-1.856906e+02,3.193761e+09,8.323021e+09,-1.246497e+08,9.133874e+05,3.479306e+07,3.600000e+02,-1.364697e+02,-1.096189e+08,0.000000e+00,0.000000e+00
6.340187e+00,1.154394e+10,7.711257e+10,-4.564252e+02,2.527220e+04,-9.137085e+08,8.368966e+06,1.078406e-03,3.422934e+07,0.000000e+00,0.000000e+00,1.002475e+06,0.000000e+00,1.002475e+06,0.000000e+00,0.000000e+00,1.034743e+10,5.587935e-09,6.676972e-14,0.000000e+00,0.000000e+00,0.000000e+00,0.000000e+00,4.215789e+08,6.209150e+10,-6.684459e+08,3.600002e+06,1.165094e+07,0.000000e+00,-1.856793e+02,3.196929e+09,8.313720e+09,-1.245864e+08,9.131362e+05,3.485756e+07,3.620000e+02,-1.364379e+02,-1.097230e+08,0.000000e+00,0.000000e+00
6.360677e+00,1.155300e+10,7.710391e+10,-4.407916e+02,2.553994e+04,-9.137436e+08,8.368966e+06,1.078381e-03,3.333898e+07,0.000000e+00,0.000000e+00,8.613820e+05,0.000000e+00,8.613820e+05,0.000000e+00,0.000000e+00,1.035837e+10,5.587935e-09,6.676972e-14,0.000000e+00,0.000000e+00,0.000000e+00,0.000000e+00,4.204278e+08,6.208433e+10,-6.684020e+08,3.600002e+06,1.166271e+07,0.000000e+00,-1.856671e+02,3.198915e+09,8.308087e+09,-1.245424e+08,9.128849e+05,3.492002e+07,3.640000e+02,-1.364273e+02,-1.098101e+08,0.000000e+00,0.000000e+00
6.380087e+00,1.156055e+10,7.709479e+10,-3.936917e+02,2.584159e+04,-9.137747e+08,8.368966e+06,1.078338e-03,3.312407e+07,0.000000e+00,0.000000e+00,2.150254e+06,0.000000e+00,2.150254e+06,0.000000e+00,0.000000e+00,1.036853e+10,5.587935e-09,6.676972e-14,0.000000e+00,0.000000e+00,0.000000e+00,0.000000e+00,4.180848e+08,6.207864e+10,-6.683592e+08,3.600002e+06,1.167292e+07,0.000000e+00,-1.856552e+02,3.201546e+09,8.297755e+09,-1.244813e+08,9.128849e+05,3.497883e+07,3.640000e+02,-1.363604e+02,-1.099155e+08,0.000000e+00,0.000000e+00
6.400575e+00,1.156965e+10,7.708665e+10,-3.222482e+02,2.586437e+04,-9.138058e+08,8.368966e+06,1.078300e-03,3.314834e+07,0.000000e+00,0.000000e+00,9.065154e+05,0.000000e+00,9.065154e+05,0.000000e+00,0.000000e+00,1.037917e+10,5.587935e-09,6.676972e-14,0.000000e+00,0.000000e+00,0.000000e+00,0.000000e+00,4.161371e+08,6.207186e+10,-6.683126e+08,3.600002e+06,1.168532e+07,0.000000e+00,-1.856423e+02,3.205324e+09,8.288488e+09,-1.244153e+08,9.128849e+05,3.505414e+07,3.640000e+02,-1.362880e+02,-1.100272e+08,0.000000e+00,0.000000e+00
6.421062e+00,1.157733e+10,7.707933e+10,-2.587562e+02,2.542081e+04,-9.138349e+08,8.368966e+06,1.078213e-03,3.244511e+07,0.000000e+00,0.000000e+00,1.043969e+06,0.000000e+00,1.043969e+06,0.000000e+00,0.000000e+00,1.038931e+10,5.587935e-09,6.676972e-14,0.000000e+00,0.000000e+00,0.000000e+00,0.000000e+00,4.140073e+08,6.206610e+10,-6.682714e+08,3.600002e+06,1.169660e+07,0.000000e+00,-1.856308e+02,3.208502e+09,8.280798e+09,-1.243576e+08,9.128849e+05,3.513528e+07,3.640000e+02,-1.362248e+02,-1.101260e+08,0.000000e+00,0.000000e+00
6.440469e+00,1.158388e+10,7.707189e+10,-2.484159e+02,2.502205e+04,-9.138610e+08,8.368966e+06,1.078138e-03,3.258070e+07,0.000000e+00,0.000000e+00,1.529962e+06,0.000000e+00,1.529962e+06,0.000000e+00,0.000000e+00,1.039842e+10,5.587935e-09,6.676972e-14,0.000000e+00,0.000000e+00,0.000000e+00,0.000000e+00,4.108078e+08,6.206339e+10,-6.682407e+08,3.600002e+06,1.170684e+07,0.000000e+00,-1.856223e+02,3.212291e+09,8.270752e+09,-1.242913e+08,9.128849e+05,3.522061e+07,3.640000e+02,-1.361522e+02,-1.102231e+08,0.000000e+00,0.000000e+00
6.460953e+00,1.158957e+10,7.706510e+10,-3.094480e+02,2.527933e+04,-9.138874e+08,8.368966e+06,1.078094e-03,3.330972e+07,0.000000e+00,0.000000e+00,1.586754e+06,0.000000e+00,1.586754e+06,0.000000e+00,0.000000e+00,1.040819e+10,5.587935e-09,6.676972e-14,0.000000e+00,0.000000e+00,0.000000e+00,0.000000e+00,4.063824e+08,6.206215e+10,-6.682120e+08,3.600002e+06,1.171721e+07,0.000000e+00,-1.856143e+02,3.215833e+09,8.260083e+09,-1.242153e+08,9.128849e+05,3.530510e+07,3.640000e+02,-1.360689e+02,-1.103280e+08,0.000000e+00,0.000000e+00
6.480360e+00,1.159786e+10,7.705711e+10,-3.980873e+02,2.593707e+04,-9.139121e+08,8.368966e+06,1.078181e-03,3.291938e+07,0.000000e+00,0.000000e+00,1.376566e+06,0.000000e+00,1.376566e+06,0.000000e+00,0.000000e+00,1.041792e+10,5.587935e-09,6.676972e-14,0.000000e+00,0.000000e+00,0.000000e+00,0.000000e+00,4.047579e+08,6.205821e+10,-6.681827e+08,3.600002e+06,1.172865e+07,0.000000e+00,-1.856062e+02,3.219342e+09,8.251180e+09,-1.241473e+08,9.128849e+05,3.538800e+07,3.640000e+02,-1.359944e+02,-1.104250e+08,0.000000e+00,0.000000e+00
6.500847e+00,1.161051e+10,7.704396e+10,-5.033948e+02,2.594287e+04,-9.139386e+08,8.368966e+06,1.078350e-03,3.281330e+07,0.000000e+00,0.000000e+00,1.730445e+06,0.000000e+00,1.730445e+06,0.000000e+00,0.000000e+00,1.042779e+10,5.587935e-09,6.676972e-14,0.000000e+00,0.000000e+00,0.000000e+00,0.000000e+00,4.062948e+08,6.205112e+10,-6.681521e+08,3.600002e+06,1.174092e+07,0.000000e+00,-1.855977e+02,3.223371e+09,8.239868e+09,-1.240737e+08,9.128849e+05,3.545948e+07,3.640000e+02,-1.359139e+02,-1.105296e+08,0.000000e+00,0.000000e+00
6.520257e+00,1.162244e+10,7.703201e+10,-5.748884e+02,2.514989e+04,-9.139642e+08,8.368966e+06,1.078404e-03,3.229956e+07,0.000000e+00,0.000000e+00,2.020980e+06,0.000000e+00,2.020980e+06,0.000000e+00,0.000000e+00,1.043715e+10,5.587935e-09,6.676972e-14,0.000000e+00,0.000000e+00,0.000000e+00,0.000000e+00,4.075825e+08,6.204601e+10,-6.681315e+08,3.600002e+06,1.175078e+07,0.000000e+00,-1.855920e+02,3.227035e+09,8.228568e+09,-1.239892e+08,9.128849e+05,3.551713e+07,3.640000e+02,-1.358213e+02,-1.106349e+08,0.000000e+00,0.000000e+00
6.540747e+00,1.163460e+10,7.701905e+10,-6.153065e+02,2.456860e+04,-9.139914e+08,8.368966e+06,1.078325e-03,3.290106e+07,0.000000e+00,0.000000e+00,1.945777e+06,0.000000e+00,1.945777e+06,0.000000e+00,0.000000e+00,1.044729e+10,5.587935e-09,6.676972e-14,0.000000e+00,0.000000e+00,0.000000e+00,0.000000e+00,4.086856e+08,6.204151e+10,-6.681136e+08,3.600002e+06,1.176147e+07,0.000000e+00,-1.855870e+02,3.231097e+09,8.215241e+09,-1.238929e+08,9.128849e+05,3.557825e+07,3.640000e+02,-1.357158e+02,-1.107492e+08,0.000000e+00,0.000000e+00
6.560155e+00,1.164644e+10,7.700709e+10,-6.212086e+02,2.439952e+04,-9.140171e+08,8.368966e+06,1.078209e-03,3.295072e+07,0.000000e+00,0.000000e+00,1.829659e+06,0.000000e+00,1.829659e+06,0.000000e+00,0.000000e+00,1.045686e+10,5.587935e-09,6.676972e-14,0.000000e+00,0.000000e+00,0.000000e+00,0.000000e+00,4.099374e+08,6.203665e+10,-6.680943e+08,3.600002e+06,1.177153e+07,0.000000e+00,-1.855816e+02,3.235374e+09,8.202747e+09,-1.238038e+08,9.128849e+05,3.563573e+07,3.640000e+02,-1.356182e+02,-1.108578e+08,0.000000e+00,0.000000e+00
6.580641e+00,1.165907e+10,7.699452e+10,-6.072408e+02,2.413563e+04,-9.140436e+08,8.368966e+06,1.078168e-03,3.277171e+07,0.000000e+00,0.000000e+00,1.868202e+06,0.000000e+00,1.868202e+06,0.000000e+00,0.000000e+00,1.046700e+10,5.587935e-09,6.676972e-14,0.000000e+00,0.000000e+00,0.000000e+00,0.000000e+00,4.108081e+08,6.203096e+10,-6.680690e+08,3.600002e+06,1.178144e+07,0.000000e+00,-1.855746e+02,3.240274e+09,8.189114e+09,-1.237044e+08,9.128849e+05,3.569478e+07,3.640000e+02,-1.355093e+02,-1.109831e+08,0.000000e+00,0.000000e+00
6.600048e+00,1.166903e+10,7.698427e+10,-5.831086e+02,2.401698e+04,-9.140681e+08,8.368966e+06,1.078162e-03,3.296902e+07,0.000000e+00,0.000000e+00,1.595823e+06,0.000000e+00,1.595823e+06,0.000000e+00,0.000000e+00,1.047643e+10,5.587935e-09,6.676972e-14,0.000000e+00,0.000000e+00,0.000000e+00,0.000000e+00,4.099648e+08,6.202665e+10,-6.680424e+08,3.600002e+06,1.179094e+07,0.000000e+00,-1.855672e+02,3.244507e+09,8.176339e+09,-1.236133e+08,9.122569e+05,3.575018e+07,3.690000e+02,-1.355028e+02,-1.110998e+08,0.000000e+00,0.000000e+00
6.620533e+00,1.167853e+10,7.697469e+10,-5.203053e+02,2.402636e+04,-9.140933e+08,8.368966e+06,1.078215e-03,3.299156e+07,0.000000e+00,0.000000e+00,1.357116e+06,0.000000e+00,1.357116e+06,0.000000e+00,0.000000e+00,1.048606e+10,5.587935e-09,6.676972e-14,0.000000e+00,0.000000e+00,0.000000e+00,0.000000e+00,4.088273e+08,6.202298e+10,-6.680170e+08,3.600002e+06,1.180134e+07,0.000000e+00,-1.855602e+02,3.248041e+09,8.165479e+09,-1.235372e+08,9.118801e+05,3.581036e+07,3.720000e+02,-1.354753e+02,-1.112004e+08,0.000000e+00,0.000000e+00
6.641021e+00,1.169172e+10,7.696121e+10,-4.508767e+02,2.329365e+04,-9.141192e+08,8.368966e+06,1.078336e-03,3.314413e+07,0.000000e+00,0.000000e+00,1.457717e+06,0.000000e+00,1.457717e+06,0.000000e+00,0.000000e+00,1.049588e+10,5.587935e-09,6.676972e-14,0.000000e+00,0.000000e+00,0.000000e+00,0.000000e+00,4.106873e+08,6.201702e+10,-6.679948e+08,3.600002e+06,1.181179e+07,0.000000e+00,-1.855540e+02,3.252328e+09,8.154235e+09,-1.234661e+08,9.118801e+05,3.587128e+07,3.720000e+02,-1.353972e+02,-1.112938e+08,0.000000e+00,0.000000e+00
6.660431e+00,1.170548e+10,7.694739e+10,-4.093065e+02,2.208317e+04,-9.141444e+08,8.368966e+06,1.078372e-03,3.289937e+07,0.000000e+00,0.000000e+00,1.678180e+06,0.000000e+00,1.678180e+06,0.000000e+00,0.000000e+00,1.050521e+10,5.587935e-09,6.676972e-14,0.000000e+00,0.000000e+00,0.000000e+00,0.000000e+00,4.130897e+08,6.201114e+10,-6.679762e+08,3.600002e+06,1.182098e+07,0.000000e+00,-1.855488e+02,3.256901e+09,8.142196e+09,-1.233931e+08,9.118801e+05,3.592403e+07,3.720000e+02,-1.353172e+02,-1.113857e+08,0.000000e+00,0.000000e+00
6.680920e+00,1.171794e+10,7.693491e+10,-3.621981e+02,2.128871e+04,-9.141717e+08,8.368966e+06,1.078343e-03,3.244470e+07,0.000000e+00,0.000000e+00,1.943746e+06,0.000000e+00,1.943746e+06,0.000000e+00,0.000000e+00,1.051532e+10,5.587935e-09,6.676972e-14,0.000000e+00,0.000000e+00,0.000000e+00,0.000000e+00,4.139707e+08,6.200655e+10,-6.679566e+08,3.600002e+06,1.183139e+07,0.000000e+00,-1.855434e+02,3.261358e+09,8.128464e+09,-1.233029e+08,9.118801e+05,3.597745e+07,3.720000e+02,-1.352183e+02,-1.114968e+08,0.000000e+00,0.000000e+00
6.700330e+00,1.172905e+10,7.692268e+10,-2.529871e+02,2.138557e+04,-9.141974e+08,8.368966e+06,1.078295e-03,3.312716e+07,0.000000e+00,0.000000e+00,2.178297e+06,0.000000e+00,2.178297e+06,0.000000e+00,0.000000e+00,1.052468e+10,5.587935e-09,6.676972e-14,0.000000e+00,0.000000e+00,0.000000e+00,0.000000e+00,4.143253e+08,6.200233e+10,-6.679360e+08,3.600002e+06,1.184114e+07,0.000000e+00,-1.855377e+02,3.265190e+09,8.113639e+09,-1.232008e+08,9.118801e+05,3.602806e+07,3.720000e+02,-1.351063e+02,-1.116200e+08,0.000000e+00,0.000000e+00
6.720817e+00,1.174080e+10,7.691049e+10,-1.161672e+02,2.191910e+04,-9.142238e+08,8.368966e+06,1.078279e-03,3.339965e+07,0.000000e+00,0.000000e+00,2.129648e+06,0.000000e+00,2.129648e+06,0.000000e+00,0.000000e+00,1.053481e+10,5.587935e-09,6.676972e-14,0.000000e+00,0.000000e+00,0.000000e+00,0.000000e+00,4.144545e+08,6.199692e+10,-6.679078e+08,3.600002e+06,1.185084e+07,0.000000e+00,-1.855298e+02,3.269096e+09,8.098772e+09,-1.230941e+08,9.118801e+05,3.608657e+07,3.720000e+02,-1.349894e+02,-1.117547e+08,0.000000e+00,0.000000e+00
6.740226e+00,1.175205e+10,7.690012e+10,-7.408837e+01,2.202731e+04,-9.142475e+08,8.368966e+06,1.078275e-03,3.261533e+07,0.000000e+00,0.000000e+00,1.860534e+06,0.000000e+00,1.860534e+06,0.000000e+00,0.000000e+00,1.054479e+10,5.587935e-09,6.676972e-14,0.000000e+00,0.000000e+00,0.000000e+00,0.000000e+00,4.146698e+08,6.199102e+10,-6.678770e+08,3.600002e+06,1.186007e+07,0.000000e+00,-1.855213e+02,3.272803e+09,8.086834e+09,-1.230023e+08,9.118801e+05,3.614617e+07,3.720000e+02,-1.348887e+02,-1.118770e+08,0.000000e+00,0.000000e+00
6.760712e+00,1.176248e+10,7.688962e+10,-1.608043e+02,2.188431e+04,-9.142712e+08,8.368966e+06,1.077723e-03,3.271197e+07,0.000000e+00,0.000000e+00,1.704996e+06,0.000000e+00,1.704996e+06,0.000000e+00,0.000000e+00,1.055527e+10,5.587935e-09,6.676972e-14,0.000000e+00,0.000000e+00,0.000000e+00,0.000000e+00,4.144789e+08,6.198595e+10,-6.678481e+08,3.600002e+06,1.187010e+07,0.000000e+00,-1.855132e+02,3.276001e+09,8.074700e+09,-1.229091e+08,9.117546e+05,3.620662e+07,3.730000e+02,-1.348051e+02,-1.119987e+08,0.000000e+00,0.000000e+00
6.780100e+00,1.177099e+10,7.688123e+10,-3.140684e+02,2.177192e+04,-9.142934e+08,8.368966e+06,1.077199e-03,3.243136e+07,0.000000e+00,0.000000e+00,1.703706e+06,0.000000e+00,1.703706e+06,0.000000e+00,0.000000e+00,1.056497e+10,5.587935e-09,6.676972e-14,0.000000e+00,0.000000e+00,0.000000e+00,0.000000e+00,4.136087e+08,6.198344e+10,-6.678295e+08,3.600002e+06,1.187918e+07,0.000000e+00,-1.855081e+02,3.278454e+09,8.064002e+09,-1.228246e+08,9.116289e+05,3.626412e+07,3.740000e+02,-1.347309e+02,-1.121011e+08,0.000000e+00,0.000000e+00
6.800572e+00,1.178026e+10,7.687234e+10,-4.663189e+02,2.151286e+04,-9.143178e+08,8.368966e+06,1.078230e-03,3.194238e+07,0.000000e+00,0.000000e+00,1.681301e+06,0.000000e+00,1.681301e+06,0.000000e+00,0.000000e+00,1.057538e+10,5.587935e-09,6.676972e-14,0.000000e+00,0.000000e+00,0.000000e+00,0.000000e+00,4.128626e+08,6.198168e+10,-6.678157e+08,3.600002e+06,1.188909e+07,0.000000e+00,-1.855043e+02,3.281445e+09,8.053033e+09,-1.227373e+08,9.113778e+05,3.632234e+07,3.760000e+02,-1.346723e+02,-1.122018e+08,0.000000e+00,0.000000e+00
6.821057e+00,1.178943e+10,7.686280e+10,-6.001064e+02,2.139932e+04,-9.143435e+08,8.368966e+06,1.078230e-03,3.223762e+07,0.000000e+00,0.000000e+00,1.645460e+06,0.000000e+00,1.645460e+06,0.000000e+00,0.000000e+00,1.058579e+10,5.587935e-09,6.676972e-14,0.000000e+00,0.000000e+00,0.000000e+00,0.000000e+00,4.115252e+08,6.198068e+10,-6.678032e+08,3.600002e+06,1.189797e+07,0.000000e+00,-1.855008e+02,3.285230e+09,8.040965e+09,-1.226497e+08,9.113778e+05,3.637880e+07,3.760000e+02,-1.345761e+02,-1.123021e+08,0.000000e+00,0.000000e+00
6.840466e+00,1.179682e+10,7.685593e+10,-7.387452e+02,2.166506e+04,-9.143691e+08,8.368966e+06,1.078267e-03,3.162238e+07,0.000000e+00,0.000000e+00,1.610047e+06,0.000000e+00,1.610047e+06,0.000000e+00,0.000000e+00,1.059560e+10,5.587935e-09,6.676972e-14,0.000000e+00,0.000000e+00,0.000000e+00,0.000000e+00,4.094343e+08,6.198044e+10,-6.677904e+08,3.600002e+06,1.190691e+07,0.000000e+00,-1.854972e+02,3.288434e+09,8.030666e+09,-1.225683e+08,9.113778e+05,3.642792e+07,3.760000e+02,-1.344868e+02,-1.123962e+08,0.000000e+00,0.000000e+00
6.860953e+00,1.180486e+10,7.684760e+10,-8.234043e+02,2.153969e+04,-9.143967e+08,8.368966e+06,1.078277e-03,3.170834e+07,0.000000e+00,0.000000e+00,1.676075e+06,0.000000e+00,1.676075e+06,0.000000e+00,0.000000e+00,1.060555e+10,5.587935e-09,6.676972e-14,0.000000e+00,0.000000e+00,0.000000e+00,0.000000e+00,4.082698e+08,6.197879e+10,-6.677745e+08,3.600002e+06,1.191682e+07,0.000000e+00,-1.854928e+02,3.291048e+09,8.019969e+09,-1.224847e+08,9.113778e+05,3.647815e+07,3.760000e+02,-1.343951e+02,-1.124958e+08,0.000000e+00,0.000000e+00
6.880362e+00,1.181332e+10,7.683786e+10,-7.671904e+02,2.057143e+04,-9.144225e+08,8.368966e+06,1.078276e-03,3.269994e+07,0.000000e+00,0.000000e+00,1.824149e+06,0.000000e+00,1.824149e+06,0.000000e+00,0.000000e+00,1.061494e+10,5.587935e-09,6.676972e-14,0.000000e+00,0.000000e+00,0.000000e+00,0.000000e+00,4.078313e+08,6.197563e+10,-6.677544e+08,3.600002e+06,1.192535e+07,0.000000e+00,-1.854872e+02,3.293770e+09,8.008762e+09,-1.224041e+08,9.113778e+05,3.652535e+07,3.760000e+02,-1.343067e+02,-1.125970e+08,0.000000e+00,0.000000e+00
6.900849e+00,1.182320e+10,7.682902e+10,-6.443625e+02,1.919696e+04,-9.144497e+08,8.368966e+06,1.078263e-03,3.156280e+07,0.000000e+00,0.000000e+00,1.817537e+06,0.000000e+00,1.817537e+06,0.000000e+00,0.000000e+00,1.062483e+10,5.587935e-09,6.676972e-14,0.000000e+00,0.000000e+00,0.000000e+00,0.000000e+00,4.077148e+08,6.197112e+10,-6.677287e+08,3.600002e+06,1.193432e+07,0.000000e+00,-1.854801e+02,3.297224e+09,7.998163e+09,-1.223169e+08,9.113778e+05,3.657511e+07,3.760000e+02,-1.342110e+02,-1.127101e+08,0.000000e+00,0.000000e+00
6.920258e+00,1.183239e+10,7.681942e+10,-5.603678e+02,1.764418e+04,-9.144756e+08,8.368966e+06,1.078229e-03,3.199412e+07,0.000000e+00,0.000000e+00,1.739339e+06,0.000000e+00,1.739339e+06,0.000000e+00,0.000000e+00,1.063429e+10,5.587935e-09,6.676972e-14,0.000000e+00,0.000000e+00,0.000000e+00,0.000000e+00,4.077217e+08,6.196668e+10,-6.677045e+08,3.600002e+06,1.194248e+07,0.000000e+00,-1.854734e+02,3.300034e+09,7.987123e+09,-1.222336e+08,9.113778e+05,3.662226e+07,3.760000e+02,-1.341196e+02,-1.128174e+08,0.000000e+00,0.000000e+00
6.940743e+00,1.184186e+10,7.680952e+10,-4.695134e+02,1.546195e+04,-9.145031e+08,8.368966e+06,1.078214e-03,3.241388e+07,0.000000e+00,0.000000e+00,1.696881e+06,0.000000e+00,1.696881e+06,0.000000e+00,0.000000e+00,1.064441e+10,5.587935e-09,6.676972e-14,0.000000e+00,0.000000e+00,0.000000e+00,0.000000e+00,4.077774e+08,6.196258e+10,-6.676829e+08,3.600002e+06,1.195231e+07,0.000000e+00,-1.854674e+02,3.302653e+09,7.976233e+09,-1.221464e+08,9.113778e+05,3.667094e+07,3.760000e+02,-1.340239e+02,-1.129259e+08,0.000000e+00,0.000000e+00
6.960152e+00,1.185277e+10,7.679930e+10,-3.588785e+02,1.324402e+04,-9.145295e+08,8.368966e+06,1.078250e-03,3.173653e+07,0.000000e+00,0.000000e+00,1.658660e+06,0.000000e+00,1.658660e+06,0.000000e+00,0.000000e+00,1.065407e+10,5.587935e-09,6.676972e-14,0.000000e+00,0.000000e+00,0.000000e+00,0.000000e+00,4.091666e+08,6.195785e+10,-6.676647e+08,3.600002e+06,1.196156e+07,0.000000e+00,-1.854623e+02,3.305722e+09,7.966000e+09,-1.220637e+08,9.113778e+05,3.671570e+07,3.760000e+02,-1.339331e+02,-1.130270e+08,0.000000e+00,0.000000e+00
6.980639e+00,1.186504e+10,7.678689e+10,-2.589094e+02,1.070771e+04,-9.145567e+08,8.368966e+06,1.078256e-03,3.197208e+07,0.000000e+00,0.000000e+00,1.553691e+06,0.000000e+00,1.553691e+06,0.000000e+00,0.000000e+00,1.066411e+10,5.587935e-09,6.676972e-14,0.000000e+00,0.000000e+00,0.000000e+00,0.000000e+00,4.104747e+08,6.195284e+10,-6.676448e+08,3.600002e+06,1.196980e+07,0.000000e+00,-1.854568e+02,3.309822e+09,7.953654e+09,-1.219772e+08,9.113778e+05,3.676047e+07,3.760000e+02,-1.338382e+02,-1.131333e+08,0.000000e+00,0.000000e+00
7.000047e+00,1.187695e+10,7.677577e+10,-1.819835e+02,7.722396e+03,-9.145816e+08,8.368966e+06,1.078222e-03,3.118381e+07,0.000000e+00,0.000000e+00,1.531073e+06,0.000000e+00,1.531073e+06,0.000000e+00,0.000000e+00,1.067350e+10,5.587935e-09,6.676972e-14,0.000000e+00,0.000000e+00,0.000000e+00,0.000000e+00,4.119333e+08,6.194727e+10,-6.676227e+08,3.600002e+06,1.197800e+07,0.000000e+00,-1.854506e+02,3.313858e+09,7.942942e+09,-1.218970e+08,9.113778e+05,3.680210e+07,3.760000e+02,-1.337503e+02,-1.132359e+08,0.000000e+00,0.000000e+00
7.020533e+00,1.189093e+10,7.676161e+10,-7.917688e+01,4.466031e+03,-9.146068e+08,8.368966e+06,1.078177e-03,3.123666e+07,0.000000e+00,0.000000e+00,1.606797e+06,0.000000e+00,1.606797e+06,0.000000e+00,0.000000e+00,1.068322e+10,5.587935e-09,6.676972e-14,0.000000e+00,0.000000e+00,0.000000e+00,0.000000e+00,4.151127e+08,6.193889e+10,-6.675940e+08,3.600002e+06,1.198747e+07,0.000000e+00,-1.854427e+02,3.317815e+09,7.930721e+09,-1.218124e+08,9.112521e+05,3.684364e+07,3.770000e+02,-1.336758e+02,-1.133496e+08,0.000000e+00,0.000000e+00
7.041018e+00,1.190583e+10,7.674654e+10,4.544845e+01,2.115100e+03,-9.146307e+08,8.368966e+06,1.078252e-03,3.144333e+07,0.000000e+00,0.000000e+00,1.554208e+06,0.000000e+00,1.554208e+06,0.000000e+00,0.000000e+00,1.069286e+10,5.587935e-09,6.676972e-14,0.000000e+00,0.000000e+00,0.000000e+00,0.000000e+00,4.189127e+08,6.192961e+10,-6.675641e+08,3.600002e+06,1.199718e+07,0.000000e+00,-1.854344e+02,3.321943e+09,7.918032e+09,-1.217221e+08,9.111265e+05,3.688370e+07,3.780000e+02,-1.335951e+02,-1.134697e+08,0.000000e+00,0.000000e+00
7.060428e+00,1.192095e+10,7.673204e+10,1.490673e+02,8.023492e+02,-9.146525e+08,8.368966e+06,1.078305e-03,3.095508e+07,0.000000e+00,0.000000e+00,1.435260e+06,0.000000e+00,1.435260e+06,0.000000e+00,0.000000e+00,1.070189e+10,5.587935e-09,6.676972e-14,0.000000e+00,0.000000e+00,0.000000e+00,0.000000e+00,4.230498e+08,6.192074e+10,-6.675373e+08,3.600002e+06,1.200550e+07,0.000000e+00,-1.854269e+02,3.326422e+09,7.906797e+09,-1.216418e+08,9.111265e+05,3.692038e+07,3.780000e+02,-1.335071e+02,-1.135763e+08,0.000000e+00,0.000000e+00
7.080915e+00,1.193522e+10,7.671767e+10,2.751602e+02,-7.895557e+01,-9.146745e+08,8.368966e+06,1.078313e-03,3.095112e+07,0.000000e+00,0.000000e+00,1.531010e+06,0.000000e+00,1.531010e+06,0.000000e+00,0.000000e+00,1.071171e+10,5.587935e-09,6.676972e-14,0.000000e+00,0.000000e+00,0.000000e+00,0.000000e+00,4.252820e+08,6.191299e+10,-6.675074e+08,3.600002e+06,1.201339e+07,0.000000e+00,-1.854186e+02,3.331603e+09,7.894128e+09,-1.215606e+08,9.111265e+05,3.696041e+07,3.780000e+02,-1.334180e+02,-1.136876e+08,0.000000e+00,0.000000e+00
7.100325e+00,1.194676e+10,7.670606e+10,4.292765e+02,-8.624027e+02,-9.146941e+08,8.368966e+06,1.078265e-03,3.094238e+07,0.000000e+00,0.000000e+00,1.564612e+06,0.000000e+00,1.564612e+06,0.000000e+00,0.000000e+00,1.072113e+10,5.587935e-09,6.676972e-14,0.000000e+00,0.000000e+00,0.000000e+00,0.000000e+00,4.253950e+08,6.190705e+10,-6.674764e+08,3.600002e+06,1.202140e+07,0.000000e+00,-1.854100e+02,3.336343e+09,7.882457e+09,-1.214840e+08,9.111265e+05,3.699676e+07,3.780000e+02,-1.333338e+02,-1.137953e+08,0.000000e+00,0.000000e+00
7.120811e+00,1.195955e+10,7.669276e+10,5.643317e+02,-2.277953e+03,-9.147127e+08,8.368966e+06,1.078190e-03,3.121545e+07,0.000000e+00,0.000000e+00,1.706524e+06,0.000000e+00,1.706524e+06,0.000000e+00,0.000000e+00,1.073080e+10,5.587935e-09,6.676972e-14,0.000000e+00,0.000000e+00,0.000000e+00,0.000000e+00,4.265304e+08,6.190057e+10,-6.674471e+08,3.600002e+06,1.203109e+07,0.000000e+00,-1.854019e+02,3.340769e+09,7.870340e+09,-1.214031e+08,9.108753e+05,3.703770e+07,3.800000e+02,-1.332818e+02,-1.139051e+08,0.000000e+00,0.000000e+00
7.140218e+00,1.197149e+10,7.668058e+10,5.336005e+02,-3.920707e+03,-9.147285e+08,8.368966e+06,1.078196e-03,3.151839e+07,0.000000e+00,0.000000e+00,1.591099e+06,0.000000e+00,1.591099e+06,0.000000e+00,0.000000e+00,1.073995e+10,5.587935e-09,6.676972e-14,0.000000e+00,0.000000e+00,0.000000e+00,0.000000e+00,4.276151e+08,6.189493e+10,-6.674219e+08,3.600002e+06,1.203930e+07,0.000000e+00,-1.853949e+02,3.344806e+09,7.859385e+09,-1.213304e+08,9.102473e+05,3.707731e+07,3.850000e+02,-1.332939e+02,-1.140029e+08,0.000000e+00,0.000000e+00
7.160702e+00,1.198100e+10,7.667180e+10,3.865478e+02,-4.340447e+03,-9.147434e+08,8.368966e+06,1.077751e-03,3.102802e+07,0.000000e+00,0.000000e+00,1.256703e+06,0.000000e+00,1.256703e+06,0.000000e+00,0.000000e+00,1.074916e+10,5.587935e-09,6.676972e-14,0.000000e+00,0.000000e+00,0.000000e+00,0.000000e+00,4.267508e+08,6.189078e+10,-6.673949e+08,3.600002e+06,1.204721e+07,0.000000e+00,-1.853874e+02,3.348135e+09,7.850118e+09,-1.212591e+08,9.101217e+05,3.712288e+07,3.860000e+02,-1.332339e+02,-1.141006e+08,0.000000e+00,0.000000e+00
7.180095e+00,1.198823e+10,7.666418e+10,3.212960e+02,-2.873868e+03,-9.147564e+08,8.368966e+06,1.077002e-03,3.166517e+07,0.000000e+00,0.000000e+00,9.015458e+05,0.000000e+00,9.015458e+05,0.000000e+00,0.000000e+00,1.075753e+10,5.587935e-09,6.676972e-14,0.000000e+00,0.000000e+00,0.000000e+00,0.000000e+00,4.253220e+08,6.188738e+10,-6.673690e+08,3.600002e+06,1.205503e+07,0.000000e+00,-1.853801e+02,3.350270e+09,7.842270e+09,-1.212021e+08,9.099961e+05,3.716989e+07,3.870000e+02,-1.331897e+02,-1.141829e+08,0.000000e+00,0.000000e+00
7.200555e+00,1.199684e+10,7.665510e+10,3.372071e+02,-5.791844e+02,-9.147695e+08,8.368966e+06,1.076739e-03,3.210224e+07,0.000000e+00,0.000000e+00,8.443632e+05,0.000000e+00,8.443632e+05,0.000000e+00,0.000000e+00,1.076633e+10,5.587935e-09,6.676972e-14,0.000000e+00,0.000000e+00,0.000000e+00,0.000000e+00,4.254106e+08,6.188211e+10,-6.673405e+08,3.600002e+06,1.206390e+07,0.000000e+00,-1.853723e+02,3.352037e+09,7.834913e+09,-1.211510e+08,9.098705e+05,3.721784e+07,3.880000e+02,-1.331519e+02,-1.142624e+08,0.000000e+00,0.000000e+00
7.221011e+00,1.200720e+10,7.664484e+10,3.440253e+02,1.253898e+03,-9.147816e+08,8.368966e+06,1.076527e-03,3.174528e+07,0.000000e+00,0.000000e+00,1.025859e+06,0.000000e+00,1.025859e+06,0.000000e+00,0.000000e+00,1.077510e+10,5.587935e-09,6.676972e-14,0.000000e+00,0.000000e+00,0.000000e+00,0.000000e+00,4.265372e+08,6.187549e+10,-6.673107e+08,3.600002e+06,1.207260e+07,0.000000e+00,-1.853640e+02,3.354396e+09,7.827613e+09,-1.211001e+08,9.098705e+05,3.726632e+07,3.880000e+02,-1.330960e+02,-1.143432e+08,0.000000e+00,0.000000e+00
7.240385e+00,1.201530e+10,7.663629e+10,3.185080e+02,1.543573e+03,-9.147915e+08,8.368966e+06,1.076048e-03,3.184801e+07,0.000000e+00,0.000000e+00,1.265200e+06,0.000000e+00,1.265200e+06,0.000000e+00,0.000000e+00,1.078336e+10,5.587935e-09,6.676972e-14,0.000000e+00,0.000000e+00,0.000000e+00,0.000000e+00,4.258490e+08,6.187076e+10,-6.672828e+08,3.600002e+06,1.207977e+07,0.000000e+00,-1.853562e+02,3.356624e+09,7.818971e+09,-1.210382e+08,9.093681e+05,3.731146e+07,3.920000e+02,-1.331015e+02,-1.144343e+08,0.000000e+00,0.000000e+00
7.260826e+00,1.202089e+10,7.663061e+10,3.560524e+02,1.523159e+02,-9.148001e+08,8.368966e+06,1.075627e-03,3.214668e+07,0.000000e+00,0.000000e+00,9.375258e+05,0.000000e+00,9.375258e+05,0.000000e+00,0.000000e+00,1.079185e+10,5.587935e-09,6.676972e-14,0.000000e+00,0.000000e+00,0.000000e+00,0.000000e+00,4.233091e+08,6.186720e+10,-6.672512e+08,3.600002e+06,1.208833e+07,0.000000e+00,-1.853474e+02,3.357917e+09,7.811130e+09,-1.209731e+08,9.093681e+05,3.736145e+07,3.920000e+02,-1.330298e+02,-1.145301e+08,0.000000e+00,0.000000e+00
7.280185e+00,1.202680e+10,7.662395e+10,4.753693e+02,-1.065650e+03,-9.148067e+08,8.368966e+06,1.075320e-03,3.283383e+07,0.000000e+00,0.000000e+00,9.250602e+05,0.000000e+00,9.250602e+05,0.000000e+00,0.000000e+00,1.080017e+10,5.587935e-09,6.676972e-14,0.000000e+00,0.000000e+00,0.000000e+00,0.000000e+00,4.215192e+08,6.186302e+10,-6.672196e+08,3.600002e+06,1.209634e+07,0.000000e+00,-1.853387e+02,3.359234e+09,7.804378e+09,-1.209215e+08,9.093681e+05,3.741254e+07,3.920000e+02,-1.329731e+02,-1.146132e+08,0.000000e+00,0.000000e+00
7.300611e+00,1.203380e+10,7.661660e+10,6.557167e+02,-1.019335e+03,-9.148129e+08,8.368966e+06,1.074812e-03,3.302496e+07,0.000000e+00,0.000000e+00,9.258343e+05,0.000000e+00,9.258343e+05,0.000000e+00,0.000000e+00,1.080906e+10,5.587935e-09,6.676972e-14,0.000000e+00,0.000000e+00,0.000000e+00,0.000000e+00,4.191365e+08,6.185934e+10,-6.671880e+08,3.600002e+06,1.210400e+07,0.000000e+00,-1.853299e+02,3.361903e+09,7.796335e+09,-1.208648e+08,9.093681e+05,3.747102e+07,3.920000e+02,-1.329108e+02,-1.147019e+08,0.000000e+00,0.000000e+00
7.321028e+00,1.203953e+10,7.661131e+10,8.775421e+02,1.560386e+02,-9.148182e+08,8.368966e+06,1.074379e-03,3.225441e+07,0.000000e+00,0.000000e+00,1.043642e+06,0.000000e+00,1.043642e+06,0.000000e+00,0.000000e+00,1.081792e+10,5.587935e-09,6.676972e-14,0.000000e+00,0.000000e+00,0.000000e+00,0.000000e+00,4.153546e+08,6.185742e+10,-6.671583e+08,3.600002e+06,1.211200e+07,0.000000e+00,-1.853216e+02,3.364699e+09,7.788076e+09,-1.208010e+08,9.093681e+05,3.753116e+07,3.920000e+02,-1.328406e+02,-1.147955e+08,0.000000e+00,0.000000e+00
7.340364e+00,1.204660e+10,7.660342e+10,1.039824e+03,1.345767e+03,-9.148229e+08,8.368966e+06,1.073984e-03,3.275715e+07,0.000000e+00,0.000000e+00,1.209920e+06,0.000000e+00,1.209920e+06,0.000000e+00,0.000000e+00,1.082655e+10,5.587935e-09,6.676972e-14,0.000000e+00,0.000000e+00,0.000000e+00,0.000000e+00,4.139648e+08,6.185345e+10,-6.671295e+08,3.600002e+06,1.212030e+07,0.000000e+00,-1.853136e+02,3.366803e+09,7.779000e+09,-1.207332e+08,9.093681e+05,3.758776e+07,3.920000e+02,-1.327661e+02,-1.148924e+08,0.000000e+00,0.000000e+00
7.360775e+00,1.205477e+10,7.659461e+10,1.057140e+03,1.537763e+03,-9.148275e+08,8.368966e+06,1.074606e-03,3.358645e+07,0.000000e+00,0.000000e+00,8.943049e+05,0.000000e+00,8.943049e+05,0.000000e+00,0.000000e+00,1.083522e+10,5.587935e-09,6.676972e-14,0.000000e+00,0.000000e+00,0.000000e+00,0.000000e+00,4.139828e+08,6.184782e+10,-6.670989e+08,3.600002e+06,1.212836e+07,0.000000e+00,-1.853052e+02,3.368404e+09,7.770271e+09,-1.206646e+08,9.093681e+05,3.765105e+07,3.920000e+02,-1.326906e+02,-1.149912e+08,0.000000e+00,0.000000e+00
7.380117e+00,1.206332e+10,7.658693e+10,9.534590e+02,5.512409e+02,-9.148311e+08,8.368966e+06,1.074480e-03,3.241340e+07,0.000000e+00,0.000000e+00,1.026888e+06,0.000000e+00,1.026888e+06,0.000000e+00,0.000000e+00,1.084354e+10,5.587935e-09,6.676972e-14,0.000000e+00,0.000000e+00,0.000000e+00,0.000000e+00,4.141534e+08,6.184271e+10,-6.670723e+08,3.600002e+06,1.213590e+07,0.000000e+00,-1.852977e+02,3.370774e+09,7.763657e+09,-1.206046e+08,9.093681e+05,3.771388e+07,3.920000e+02,-1.326247e+02,-1.150776e+08,0.000000e+00,0.000000e+00
7.400530e+00,1.207321e+10,7.657649e+10,7.801392e+02,-7.566138e+02,-9.148346e+08,8.368966e+06,1.074171e-03,3.253126e+07,0.000000e+00,0.000000e+00,1.282506e+06,0.000000e+00,1.282506e+06,0.000000e+00,0.000000e+00,1.085238e+10,5.587935e-09,6.676972e-14,0.000000e+00,0.000000e+00,0.000000e+00,0.000000e+00,4.144279e+08,6.183723e+10,-6.670451e+08,3.600002e+06,1.214344e+07,0.000000e+00,-1.852902e+02,3.374241e+09,7.755337e+09,-1.205431e+08,9.093681e+05,3.778005e+07,3.920000e+02,-1.325569e+02,-1.151660e+08,0.000000e+00,0.000000e+00
7.420934e+00,1.208375e+10,7.656545e+10,5.633542e+02,-1.526315e+03,-9.148379e+08,8.368966e+06,1.073688e-03,3.268379e+07,0.000000e+00,0.000000e+00,1.446422e+06,0.000000e+00,1.446422e+06,0.000000e+00,0.000000e+00,1.086155e+10,5.587935e-09,6.676972e-14,0.000000e+00,0.000000e+00,0.000000e+00,0.000000e+00,4.154287e+08,6.183131e+10,-6.670195e+08,3.600002e+06,1.215206e+07,0.000000e+00,-1.852831e+02,3.377271e+09,7.747252e+09,-1.204809e+08,9.093681e+05,3.784923e+07,3.920000e+02,-1.324886e+02,-1.152538e+08,0.000000e+00,0.000000e+00
7.440261e+00,1.209679e+10,7.655203e+10,3.071451e+02,-1.459818e+03,-9.148408e+08,8.368966e+06,1.073740e-03,3.274172e+07,0.000000e+00,0.000000e+00,1.580261e+06,0.000000e+00,1.580261e+06,0.000000e+00,0.000000e+00,1.087060e+10,5.587935e-09,6.676972e-14,0.000000e+00,0.000000e+00,0.000000e+00,0.000000e+00,4.182773e+08,6.182426e+10,-6.669965e+08,3.600002e+06,1.215943e+07,0.000000e+00,-1.852767e+02,3.380926e+09,7.739380e+09,-1.204279e+08,9.093681e+05,3.791024e+07,3.920000e+02,-1.324303e+02,-1.153298e+08,0.000000e+00,0.000000e+00
7.460661e+00,1.211037e+10,7.653803e+10,-2.227980e+01,-5.344269e+02,-9.148438e+08,8.368966e+06,1.073631e-03,3.289374e+07,0.000000e+00,0.000000e+00,1.789528e+06,0.000000e+00,1.789528e+06,0.000000e+00,0.000000e+00,1.088055e+10,5.587935e-09,6.676972e-14,0.000000e+00,0.000000e+00,0.000000e+00,0.000000e+00,4.198881e+08,6.181799e+10,-6.669720e+08,3.600002e+06,1.216657e+07,0.000000e+00,-1.852699e+02,3.385688e+09,7.729020e+09,-1.203582e+08,9.093681e+05,3.797568e+07,3.920000e+02,-1.323537e+02,-1.154247e+08,0.000000e+00,0.000000e+00
7.481061e+00,1.212152e+10,7.652780e+10,-3.378773e+02,6.434150e+02,-9.148463e+08,8.368966e+06,1.073864e-03,3.206323e+07,0.000000e+00,0.000000e+00,1.653246e+06,0.000000e+00,1.653246e+06,0.000000e+00,0.000000e+00,1.089043e+10,5.587935e-09,6.676972e-14,0.000000e+00,0.000000e+00,0.000000e+00,0.000000e+00,4.190590e+08,6.181446e+10,-6.669503e+08,3.600002e+06,1.217461e+07,0.000000e+00,-1.852638e+02,3.390138e+09,7.720017e+09,-1.202928e+08,9.093681e+05,3.803773e+07,3.920000e+02,-1.322817e+02,-1.155107e+08,0.000000e+00,0.000000e+00
7.500393e+00,1.213138e+10,7.651756e+10,-5.987882e+02,1.049183e+03,-9.148473e+08,8.368966e+06,1.073922e-03,3.249470e+07,0.000000e+00,0.000000e+00,1.467757e+06,0.000000e+00,1.467757e+06,0.000000e+00,0.000000e+00,1.089982e+10,5.587935e-09,6.676972e-14,0.000000e+00,0.000000e+00,0.000000e+00,0.000000e+00,4.185125e+08,6.181186e+10,-6.669341e+08,3.600002e+06,1.218230e+07,0.000000e+00,-1.852593e+02,3.393292e+09,7.712445e+09,-1.202478e+08,9.092425e+05,3.809647e+07,3.930000e+02,-1.322505e+02,-1.155709e+08,0.000000e+00,0.000000e+00
7.520794e+00,1.214253e+10,7.650587e+10,-8.230857e+02,-1.006453e+02,-9.148463e+08,8.368966e+06,1.073636e-03,3.321179e+07,0.000000e+00,0.000000e+00,1.210459e+06,0.000000e+00,1.210459e+06,0.000000e+00,0.000000e+00,1.090960e+10,5.587935e-09,6.676972e-14,0.000000e+00,0.000000e+00,0.000000e+00,0.000000e+00,4.189037e+08,6.180881e+10,-6.669203e+08,3.600002e+06,1.218983e+07,0.000000e+00,-1.852555e+02,3.396390e+09,7.704755e+09,-1.202029e+08,9.092425e+05,3.815548e+07,3.930000e+02,-1.322012e+02,-1.156298e+08,0.000000e+00,0.000000e+00
7.540118e+00,1.215483e+10,7.649478e+10,-1.030912e+03,-2.139267e+03,-9.148437e+08,8.368966e+06,1.073482e-03,3.200320e+07,0.000000e+00,0.000000e+00,1.102464e+06,0.000000e+00,1.102464e+06,0.000000e+00,0.000000e+00,1.091861e+10,5.587935e-09,6.676972e-14,0.000000e+00,0.000000e+00,0.000000e+00,0.000000e+00,4.203465e+08,6.180527e+10,-6.669087e+08,3.600002e+06,1.219765e+07,0.000000e+00,-1.852523e+02,3.400031e+09,7.697676e+09,-1.201569e+08,9.092425e+05,3.820872e+07,3.930000e+02,-1.321505e+02,-1.156873e+08,0.000000e+00,0.000000e+00
7.560515e+00,1.216691e+10,7.648279e+10,-1.227405e+03,-3.577591e+03,-9.148402e+08,8.368966e+06,1.073575e-03,3.161274e+07,0.000000e+00,0.000000e+00,1.289375e+06,0.000000e+00,1.289375e+06,0.000000e+00,0.000000e+00,1.092808e+10,5.587935e-09,6.676972e-14,0.000000e+00,0.000000e+00,0.000000e+00,0.000000e+00,4.207965e+08,6.180292e+10,-6.668984e+08,3.600002e+06,1.220487e+07,0.000000e+00,-1.852495e+02,3.404158e+09,7.689414e+09,-1.201097e+08,9.091169e+05,3.826112e+07,3.940000e+02,-1.321169e+02,-1.157445e+08,0.000000e+00,0.000000e+00
7.580911e+00,1.217515e+10,7.647387e+10,-1.382005e+03,-4.193780e+03,-9.148357e+08,8.368966e+06,1.073264e-03,3.206386e+07,0.000000e+00,0.000000e+00,1.368954e+06,0.000000e+00,1.368954e+06,0.000000e+00,0.000000e+00,1.093761e+10,5.587935e-09,6.676972e-14,0.000000e+00,0.000000e+00,0.000000e+00,0.000000e+00,4.186342e+08,6.180307e+10,-6.668887e+08,3.600002e+06,1.221241e+07,0.000000e+00,-1.852467e+02,3.407158e+09,7.682212e+09,-1.200652e+08,9.088657e+05,3.831355e+07,3.960000e+02,-1.321045e+02,-1.157984e+08,0.000000e+00,0.000000e+00
7.600228e+00,1.218336e+10,7.646510e+10,-1.418369e+03,-4.358156e+03,-9.148312e+08,8.368966e+06,1.073122e-03,3.206273e+07,0.000000e+00,0.000000e+00,1.714119e+06,0.000000e+00,1.714119e+06,0.000000e+00,0.000000e+00,1.094633e+10,5.587935e-09,6.676972e-14,0.000000e+00,0.000000e+00,0.000000e+00,0.000000e+00,4.179017e+08,6.180184e+10,-6.668778e+08,3.600002e+06,1.222045e+07,0.000000e+00,-1.852437e+02,3.409042e+09,7.676492e+09,-1.200273e+08,9.082376e+05,3.836308e+07,4.010000e+02,-1.321540e+02,-1.158476e+08,0.000000e+00,0.000000e+00
7.620615e+00,1.219374e+10,7.645361e+10,-1.360688e+03,-4.160912e+03,-9.148261e+08,8.368966e+06,1.072896e-03,3.275503e+07,0.000000e+00,0.000000e+00,1.964304e+06,0.000000e+00,1.964304e+06,0.000000e+00,0.000000e+00,1.095553e+10,5.587935e-09,6.676972e-14,0.000000e+00,0.000000e+00,0.000000e+00,0.000000e+00,4.185653e+08,6.179874e+10,-6.668638e+08,3.600002e+06,1.222779e+07,0.000000e+00,-1.852398e+02,3.411171e+09,7.668615e+09,-1.199782e+08,9.081121e+05,3.841858e+07,4.020000e+02,-1.321183e+02,-1.159113e+08,0.000000e+00,0.000000e+00
7.640999e+00,1.220318e+10,7.644437e+10,-1.234850e+03,-3.374734e+03,-9.148205e+08,8.368966e+06,1.072742e-03,3.243534e+07,0.000000e+00,0.000000e+00,1.905992e+06,0.000000e+00,1.905992e+06,0.000000e+00,0.000000e+00,1.096512e+10,5.587935e-09,6.676972e-14,0.000000e+00,0.000000e+00,0.000000e+00,0.000000e+00,4.178491e+08,6.179672e+10,-6.668490e+08,3.600002e+06,1.223524e+07,0.000000e+00,-1.852357e+02,3.413557e+09,7.660471e+09,-1.199184e+08,9.079864e+05,3.847843e+07,4.030000e+02,-1.320707e+02,-1.159866e+08,0.000000e+00,0.000000e+00
7.660305e+00,1.221090e+10,7.643680e+10,-1.043654e+03,-2.892962e+03,-9.148148e+08,8.368966e+06,1.072141e-03,3.258964e+07,0.000000e+00,0.000000e+00,1.428637e+06,0.000000e+00,1.428637e+06,0.000000e+00,0.000000e+00,1.097451e+10,5.587935e-09,6.676972e-14,0.000000e+00,0.000000e+00,0.000000e+00,0.000000e+00,4.159215e+08,6.179631e+10,-6.668364e+08,3.600002e+06,1.224231e+07,0.000000e+00,-1.852322e+02,3.415566e+09,7.652084e+09,-1.198570e+08,9.074840e+05,3.853815e+07,4.070000e+02,-1.320762e+02,-1.160603e+08,0.000000e+00,0.000000e+00
7.680668e+00,1.221822e+10,7.642829e+10,-7.303939e+02,-3.639588e+03,-9.148077e+08,8.368966e+06,1.071433e-03,3.336771e+07,0.000000e+00,0.000000e+00,1.593149e+06,0.000000e+00,1.593149e+06,0.000000e+00,0.000000e+00,1.098434e+10,5.587935e-09,6.676972e-14,0.000000e+00,0.000000e+00,0.000000e+00,0.000000e+00,4.134019e+08,6.179678e+10,-6.668259e+08,3.600002e+06,1.224993e+07,0.000000e+00,-1.852293e+02,3.417380e+09,7.641965e+09,-1.197844e+08,9.074840e+05,3.860289e+07,4.070000e+02,-1.319961e+02,-1.161441e+08,0.000000e+00,0.000000e+00
7.701020e+00,1.222686e+10,7.642036e+10,-3.763097e+02,-4.258350e+03,-9.148000e+08,8.368966e+06,1.070772e-03,3.284193e+07,0.000000e+00,0.000000e+00,1.250305e+06,0.000000e+00,1.250305e+06,0.000000e+00,0.000000e+00,1.099394e+10,5.587935e-09,6.676972e-14,0.000000e+00,0.000000e+00,0.000000e+00,0.000000e+00,4.113448e+08,6.179729e+10,-6.668173e+08,3.600002e+06,1.225720e+07,0.000000e+00,-1.852269e+02,3.420397e+09,7.632536e+09,-1.197100e+08,9.073584e+05,3.867132e+07,4.080000e+02,-1.319324e+02,-1.162261e+08,0.000000e+00,0.000000e+00
7.720290e+00,1.223445e+10,7.641253e+10,-1.077893e+02,-3.600107e+03,-9.147917e+08,8.368966e+06,1.070345e-03,3.293149e+07,0.000000e+00,0.000000e+00,1.277217e+06,0.000000e+00,1.277217e+06,0.000000e+00,0.000000e+00,1.100260e+10,5.587935e-09,6.676972e-14,0.000000e+00,0.000000e+00,0.000000e+00,0.000000e+00,4.095308e+08,6.179765e+10,-6.668094e+08,3.600002e+06,1.226389e+07,0.000000e+00,-1.852247e+02,3.422814e+09,7.624182e+09,-1.196551e+08,9.073584e+05,3.873971e+07,4.080000e+02,-1.318719e+02,-1.162885e+08,0.000000e+00,0.000000e+00
7.740622e+00,1.224152e+10,7.640517e+10,1.313008e+01,-2.096894e+03,-9.147822e+08,8.368966e+06,1.069881e-03,3.310500e+07,0.000000e+00,0.000000e+00,1.155224e+06,0.000000e+00,1.155224e+06,0.000000e+00,0.000000e+00,1.101164e+10,5.587935e-09,6.676972e-14,0.000000e+00,0.000000e+00,0.000000e+00,0.000000e+00,4.067920e+08,6.179851e+10,-6.667997e+08,3.600002e+06,1.227104e+07,0.000000e+00,-1.852220e+02,3.425314e+09,7.616677e+09,-1.196073e+08,9.072328e+05,3.881638e+07,4.090000e+02,-1.318374e+02,-1.163454e+08,0.000000e+00,0.000000e+00
7.760946e+00,1.224869e+10,7.639750e+10,-1.127746e+02,-1.842476e+02,-9.147726e+08,8.368966e+06,1.069416e-03,3.343425e+07,0.000000e+00,0.000000e+00,1.184301e+06,0.000000e+00,1.184301e+06,0.000000e+00,0.000000e+00,1.102090e+10,5.587935e-09,6.676972e-14,0.000000e+00,0.000000e+00,0.000000e+00,0.000000e+00,4.050247e+08,6.179811e+10,-6.667881e+08,3.600002e+06,1.227827e+07,0.000000e+00,-1.852188e+02,3.427123e+09,7.611206e+09,-1.195711e+08,9.072328e+05,3.890053e+07,4.090000e+02,-1.317975e+02,-1.163931e+08,0.000000e+00,0.000000e+00
7.780190e+00,1.225688e+10,7.638901e+10,-2.885791e+02,1.697912e+03,-9.147634e+08,8.368966e+06,1.068618e-03,3.377035e+07,0.000000e+00,0.000000e+00,1.098630e+06,0.000000e+00,1.098630e+06,0.000000e+00,0.000000e+00,1.102963e+10,5.587935e-09,6.676972e-14,0.000000e+00,0.000000e+00,0.000000e+00,0.000000e+00,4.040312e+08,6.179690e+10,-6.667762e+08,3.600002e+06,1.228476e+07,0.000000e+00,-1.852155e+02,3.429679e+09,7.604948e+09,-1.195365e+08,9.071072e+05,3.896734e+07,4.100000e+02,-1.317776e+02,-1.164397e+08,0.000000e+00,0.000000e+00
7.800486e+00,1.226436e+10,7.638210e+10,-3.974564e+02,3.154836e+03,-9.147540e+08,8.368966e+06,1.067885e-03,3.321803e+07,0.000000e+00,0.000000e+00,9.892734e+05,0.000000e+00,9.892734e+05,0.000000e+00,0.000000e+00,1.103850e+10,5.587935e-09,6.676972e-14,0.000000e+00,0.000000e+00,0.000000e+00,0.000000e+00,4.023139e+08,6.179641e+10,-6.667642e+08,3.600002e+06,1.229174e+07,0.000000e+00,-1.852122e+02,3.432088e+09,7.599584e+09,-1.195018e+08,9.069816e+05,3.904224e+07,4.110000e+02,-1.317576e+02,-1.164860e+08,0.000000e+00,0.000000e+00
7.820778e+00,1.227091e+10,7.637498e+10,-3.999105e+02,4.252689e+03,-9.147446e+08,8.368966e+06,1.068569e-03,3.373500e+07,0.000000e+00,0.000000e+00,8.455924e+05,0.000000e+00,8.455924e+05,0.000000e+00,0.000000e+00,1.104695e+10,5.587935e-09,6.676972e-14,0.000000e+00,0.000000e+00,0.000000e+00,0.000000e+00,4.007446e+08,6.179593e+10,-6.667534e+08,3.600002e+06,1.229868e+07,0.000000e+00,-1.852092e+02,3.433519e+09,7.595263e+09,-1.194782e+08,9.068560e+05,3.910454e+07,4.120000e+02,-1.317499e+02,-1.165198e+08,0.000000e+00,0.000000e+00
7.840013e+00,1.227832e+10,7.636700e+10,-3.637715e+02,5.383286e+03,-9.147356e+08,8.368966e+06,1.068458e-03,3.435504e+07,0.000000e+00,0.000000e+00,7.113675e+05,0.000000e+00,7.113675e+05,0.000000e+00,0.000000e+00,1.105477e+10,5.587935e-09,6.676972e-14,0.000000e+00,0.000000e+00,0.000000e+00,0.000000e+00,4.003161e+08,6.179444e+10,-6.667432e+08,3.600002e+06,1.230554e+07,0.000000e+00,-1.852063e+02,3.435055e+09,7.590968e+09,-1.194585e+08,9.068560e+05,3.916725e+07,4.120000e+02,-1.317281e+02,-1.165498e+08,0.000000e+00,0.000000e+00
7.860313e+00,1.228871e+10,7.635703e+10,-2.872080e+02,6.866948e+03,-9.147264e+08,8.368966e+06,1.068419e-03,3.393280e+07,0.000000e+00,0.000000e+00,6.124832e+05,0.000000e+00,6.124832e+05,0.000000e+00,0.000000e+00,1.106311e+10,5.587935e-09,6.676972e-14,0.000000e+00,0.000000e+00,0.000000e+00,0.000000e+00,4.013131e+08,6.179132e+10,-6.667310e+08,3.600002e+06,1.231275e+07,0.000000e+00,-1.852029e+02,3.437827e+09,7.585984e+09,-1.194359e+08,9.068560e+05,3.922773e+07,4.120000e+02,-1.317032e+02,-1.165848e+08,0.000000e+00,0.000000e+00
7.880608e+00,1.229992e+10,7.634660e+10,-2.021615e+02,8.860454e+03,-9.147170e+08,8.368966e+06,1.067748e-03,3.309651e+07,0.000000e+00,0.000000e+00,6.000506e+05,0.000000e+00,6.000506e+05,0.000000e+00,0.000000e+00,1.107146e+10,5.587935e-09,6.676972e-14,0.000000e+00,0.000000e+00,0.000000e+00,0.000000e+00,4.027178e+08,6.178753e+10,-6.667174e+08,3.600002e+06,1.231948e+07,0.000000e+00,-1.851992e+02,3.441068e+09,7.580895e+09,-1.194100e+08,9.068560e+05,3.928988e+07,4.120000e+02,-1.316747e+02,-1.166245e+08,0.000000e+00,0.000000e+00
7.900892e+00,1.230935e+10,7.633690e+10,-1.539184e+02,1.105630e+04,-9.147074e+08,8.368966e+06,1.067541e-03,3.326484e+07,0.000000e+00,0.000000e+00,6.463649e+05,0.000000e+00,6.463649e+05,0.000000e+00,0.000000e+00,1.107962e+10,5.587935e-09,6.676972e-14,0.000000e+00,0.000000e+00,0.000000e+00,0.000000e+00,4.039227e+08,6.178398e+10,-6.667051e+08,3.600002e+06,1.232656e+07,0.000000e+00,-1.851957e+02,3.442787e+09,7.575589e+09,-1.193755e+08,9.068560e+05,3.934699e+07,4.120000e+02,-1.316367e+02,-1.166717e+08,0.000000e+00,0.000000e+00
7.920107e+00,1.231946e+10,7.632623e+10,-9.399904e+01,1.259067e+04,-9.146981e+08,8.368966e+06,1.067391e-03,3.379695e+07,0.000000e+00,0.000000e+00,5.854056e+05,0.000000e+00,5.854056e+05,0.000000e+00,0.000000e+00,1.108727e+10,5.587935e-09,6.676972e-14,0.000000e+00,0.000000e+00,0.000000e+00,0.000000e+00,4.061926e+08,6.178014e+10,-6.666963e+08,3.600002e+06,1.233396e+07,0.000000e+00,-1.851933e+02,3.444439e+09,7.570150e+09,-1.193411e+08,9.068560e+05,3.940347e+07,4.120000e+02,-1.315988e+02,-1.167144e+08,0.000000e+00,0.000000e+00
7.940385e+00,1.233149e+10,7.631471e+10,-1.254713e+01,1.373966e+04,-9.146880e+08,8.368966e+06,1.067094e-03,3.326886e+07,0.000000e+00,0.000000e+00,5.609322e+05,0.000000e+00,5.609322e+05,0.000000e+00,0.000000e+00,1.109530e+10,5.587935e-09,6.676972e-14,0.000000e+00,0.000000e+00,0.000000e+00,0.000000e+00,4.093204e+08,6.177588e+10,-6.666893e+08,3.600002e+06,1.234058e+07,0.000000e+00,-1.851914e+02,3.446871e+09,7.565220e+09,-1.193114e+08,9.068560e+05,3.945940e+07,4.120000e+02,-1.315659e+02,-1.167508e+08,0.000000e+00,0.000000e+00
7.960657e+00,1.234251e+10,7.630424e+10,5.315103e+01,1.470446e+04,-9.146780e+08,8.368966e+06,1.066779e-03,3.241752e+07,0.000000e+00,0.000000e+00,7.672392e+05,0.000000e+00,7.672392e+05,0.000000e+00,0.000000e+00,1.110317e+10,5.587935e-09,6.676972e-14,0.000000e+00,0.000000e+00,0.000000e+00,0.000000e+00,4.114179e+08,6.177230e+10,-6.666812e+08,3.600002e+06,1.234683e+07,0.000000e+00,-1.851891e+02,3.449447e+09,7.560780e+09,-1.192886e+08,9.068560e+05,3.951498e+07,4.120000e+02,-1.315408e+02,-1.167815e+08,0.000000e+00,0.000000e+00
7.980922e+00,1.235173e+10,7.629428e+10,2.021186e+02,1.536822e+04,-9.146682e+08,8.368966e+06,1.066447e-03,3.288607e+07,0.000000e+00,0.000000e+00,9.445526e+05,0.000000e+00,9.445526e+05,0.000000e+00,0.000000e+00,1.111092e+10,5.587935e-09,6.676972e-14,0.000000e+00,0.000000e+00,0.000000e+00,0.000000e+00,4.129630e+08,6.176847e+10,-6.666691e+08,3.600002e+06,1.235425e+07,0.000000e+00,-1.851857e+02,3.450740e+09,7.556418e+09,-1.192647e+08,9.068560e+05,3.956659e+07,4.120000e+02,-1.315144e+02,-1.168182e+08,0.000000e+00,0.000000e+00
8.000117e+00,1.236059e+10,7.628462e+10,3.510355e+02,1.559421e+04,-9.146595e+08,8.368966e+06,1.066322e-03,3.364531e+07,0.000000e+00,0.000000e+00,9.081847e+05,0.000000e+00,9.081847e+05,0.000000e+00,0.000000e+00,1.111819e+10,5.587935e-09,6.676972e-14,0.000000e+00,0.000000e+00,0.000000e+00,0.000000e+00,4.144709e+08,6.176437e+10,-6.666556e+08,3.600002e+06,1.236140e+07,0.000000e+00,-1.851820e+02,3.451985e+09,7.551753e+09,-1.192370e+08,9.068560e+05,3.961444e+07,4.120000e+02,-1.314840e+02,-1.168596e+08,0.000000e+00,0.000000e+00
8.020374e+00,1.237106e+10,7.627353e+10,4.075692e+02,1.619157e+04,-9.146504e+08,8.368966e+06,1.065990e-03,3.340062e+07,0.000000e+00,0.000000e+00,1.491525e+06,0.000000e+00,1.491525e+06,0.000000e+00,0.000000e+00,1.112590e+10,5.587935e-09,6.676972e-14,0.000000e+00,0.000000e+00,0.000000e+00,0.000000e+00,4.162536e+08,6.176010e+10,-6.666422e+08,3.600002e+06,1.236830e+07,0.000000e+00,-1.851783e+02,3.454201e+09,7.543816e+09,-1.191801e+08,9.068560e+05,3.966564e+07,4.120000e+02,-1.314212e+02,-1.169332e+08,0.000000e+00,0.000000e+00
8.040627e+00,1.238248e+10,7.626054e+10,3.987188e+02,1.772185e+04,-9.146413e+08,8.368966e+06,1.065818e-03,3.357024e+07,0.000000e+00,0.000000e+00,2.455676e+06,0.000000e+00,2.455676e+06,0.000000e+00,0.000000e+00,1.113390e+10,5.587935e-09,6.676972e-14,0.000000e+00,0.000000e+00,0.000000e+00,0.000000e+00,4.178037e+08,6.175593e+10,-6.666277e+08,3.600002e+06,1.237486e+07,0.000000e+00,-1.851743e+02,3.457307e+09,7.528951e+09,-1.190549e+08,9.068560e+05,3.972176e+07,4.120000e+02,-1.312831e+02,-1.170753e+08,0.000000e+00,0.000000e+00
8.060875e+00,1.239300e+10,7.624865e+10,2.913848e+02,2.003455e+04,-9.146317e+08,8.368966e+06,1.065569e-03,3.470607e+07,0.000000e+00,0.000000e+00,2.120582e+06,0.000000e+00,2.120582e+06,0.000000e+00,0.000000e+00,1.114265e+10,5.587935e-09,6.676972e-14,0.000000e+00,0.000000e+00,0.000000e+00,0.000000e+00,4.189328e+08,6.175032e+10,-6.666036e+08,3.600002e+06,1.238148e+07,0.000000e+00,-1.851675e+02,3.459771e+09,7.514905e+09,-1.189346e+08,9.068560e+05,3.979308e+07,4.120000e+02,-1.311504e+02,-1.172189e+08,0.000000e+00,0.000000e+00
8.080053e+00,1.240218e+10,7.623838e+10,9.931758e+01,2.205563e+04,-9.146218e+08,8.368966e+06,1.065392e-03,3.542766e+07,0.000000e+00,0.000000e+00,2.043190e+06,0.000000e+00,2.043190e+06,0.000000e+00,0.000000e+00,1.115116e+10,5.587935e-09,6.676972e-14,0.000000e+00,0.000000e+00,0.000000e+00,0.000000e+00,4.193252e+08,6.174367e+10,-6.665702e+08,3.600002e+06,1.238806e+07,0.000000e+00,-1.851583e+02,3.462105e+09,7.503227e+09,-1.188404e+08,9.068560e+05,3.988800e+07,4.120000e+02,-1.310466e+02,-1.173464e+08,0.000000e+00,0.000000e+00
8.100330e+00,1.241318e+10,7.622634e+10,-1.452022e+02,2.335478e+04,-9.146113e+08,8.368966e+06,1.070297e-03,3.591316e+07,0.000000e+00,0.000000e+00,2.089312e+06,0.000000e+00,2.089312e+06,0.000000e+00,0.000000e+00,1.116024e+10,5.587935e-09,6.676972e-14,0.000000e+00,0.000000e+00,0.000000e+00,0.000000e+00,4.199585e+08,6.173659e+10,-6.665359e+08,3.600002e+06,1.239537e+07,0.000000e+00,-1.851488e+02,3.465571e+09,7.489696e+09,-1.187363e+08,9.068560e+05,4.001605e+07,4.120000e+02,-1.309318e+02,-1.174849e+08,0.000000e+00,0.000000e+00
8.120693e+00,1.242511e+10,7.621418e+10,-3.594514e+02,2.413255e+04,-9.146008e+08,8.368966e+06,1.073435e-03,3.527649e+07,0.000000e+00,0.000000e+00,2.448988e+06,0.000000e+00,2.448988e+06,0.000000e+00,0.000000e+00,1.116949e+10,5.587935e-09,6.676972e-14,0.000000e+00,0.000000e+00,0.000000e+00,0.000000e+00,4.201583e+08,6.173135e+10,-6.665087e+08,3.600002e+06,1.240162e+07,0.000000e+00,-1.851412e+02,3.470316e+09,7.472921e+09,-1.186118e+08,9.068560e+05,4.018566e+07,4.120000e+02,-1.307945e+02,-1.176374e+08,0.000000e+00,0.000000e+00
8.140014e+00,1.243403e+10,7.620483e+10,-5.576375e+02,2.448096e+04,-9.145912e+08,8.368966e+06,1.073232e-03,3.555590e+07,0.000000e+00,0.000000e+00,2.147000e+06,0.000000e+00,2.147000e+06,0.000000e+00,0.000000e+00,1.117858e+10,5.587935e-09,6.676972e-14,0.000000e+00,0.000000e+00,0.000000e+00,0.000000e+00,4.186750e+08,6.172872e+10,-6.664869e+08,3.600002e+06,1.240803e+07,0.000000e+00,-1.851351e+02,3.474056e+09,7.456117e+09,-1.184861e+08,9.068560e+05,4.038594e+07,4.120000e+02,-1.306560e+02,-1.177845e+08,0.000000e+00,0.000000e+00
8.160403e+00,1.244004e+10,7.619751e+10,-6.209067e+02,2.473905e+04,-9.145814e+08,8.368966e+06,1.073063e-03,3.660084e+07,0.000000e+00,0.000000e+00,1.978106e+06,0.000000e+00,1.978106e+06,0.000000e+00,0.000000e+00,1.118808e+10,5.587935e-09,6.676972e-14,0.000000e+00,0.000000e+00,0.000000e+00,0.000000e+00,4.153508e+08,6.172719e+10,-6.664617e+08,3.600002e+06,1.241437e+07,0.000000e+00,-1.851281e+02,3.476303e+09,7.441051e+09,-1.183682e+08,9.067304e+05,4.063005e+07,4.130000e+02,-1.305440e+02,-1.179266e+08,0.000000e+00,0.000000e+00
8.180789e+00,1.244575e+10,7.619242e+10,-5.662872e+02,2.570218e+04,-9.145713e+08,8.368966e+06,1.072718e-03,3.621647e+07,0.000000e+00,0.000000e+00,1.242772e+06,0.000000e+00,1.242772e+06,0.000000e+00,0.000000e+00,1.119703e+10,5.587935e-09,6.676972e-14,0.000000e+00,0.000000e+00,0.000000e+00,0.000000e+00,4.114175e+08,6.172557e+10,-6.664332e+08,3.600002e+06,1.242082e+07,0.000000e+00,-1.851202e+02,3.479227e+09,7.430820e+09,-1.182872e+08,9.066048e+05,4.089540e+07,4.140000e+02,-1.304727e+02,-1.180347e+08,0.000000e+00,0.000000e+00
8.200096e+00,1.245151e+10,7.618650e+10,-5.158815e+02,2.719662e+04,-9.145616e+08,8.368966e+06,1.072550e-03,3.564148e+07,0.000000e+00,0.000000e+00,1.561740e+06,0.000000e+00,1.561740e+06,0.000000e+00,0.000000e+00,1.120489e+10,5.587935e-09,6.676972e-14,0.000000e+00,0.000000e+00,0.000000e+00,0.000000e+00,4.093457e+08,6.172230e+10,-6.664045e+08,3.600002e+06,1.242745e+07,0.000000e+00,-1.851123e+02,3.481297e+09,7.420942e+09,-1.182096e+08,9.064792e+05,4.115013e+07,4.150000e+02,-1.304053e+02,-1.181416e+08,0.000000e+00,0.000000e+00
8.220476e+00,1.245885e+10,7.617860e+10,-4.334385e+02,2.834862e+04,-9.145512e+08,8.368966e+06,1.072733e-03,3.621637e+07,0.000000e+00,0.000000e+00,1.164006e+06,0.000000e+00,1.164006e+06,0.000000e+00,0.000000e+00,1.121296e+10,5.587935e-09,6.676972e-14,0.000000e+00,0.000000e+00,0.000000e+00,0.000000e+00,4.085463e+08,6.171791e+10,-6.663765e+08,3.600002e+06,1.243341e+07,0.000000e+00,-1.851045e+02,3.483373e+09,7.411257e+09,-1.181362e+08,9.064792e+05,4.142481e+07,4.150000e+02,-1.303242e+02,-1.182421e+08,0.000000e+00,0.000000e+00
8.240858e+00,1.246566e+10,7.617094e+10,-3.720683e+02,2.868124e+04,-9.145407e+08,8.368966e+06,1.072778e-03,3.649407e+07,0.000000e+00,0.000000e+00,1.257742e+06,0.000000e+00,1.257742e+06,0.000000e+00,0.000000e+00,1.122070e+10,5.587935e-09,6.676972e-14,0.000000e+00,0.000000e+00,0.000000e+00,0.000000e+00,4.084166e+08,6.171353e+10,-6.663526e+08,3.600002e+06,1.243946e+07,0.000000e+00,-1.850978e+02,3.484241e+09,7.401901e+09,-1.180546e+08,9.062280e+05,4.167285e+07,4.170000e+02,-1.302703e+02,-1.183480e+08,0.000000e+00,0.000000e+00
8.260171e+00,1.247394e+10,7.616137e+10,-4.697321e+02,2.860054e+04,-9.145313e+08,8.368966e+06,1.073076e-03,3.685630e+07,0.000000e+00,0.000000e+00,1.595304e+06,0.000000e+00,1.595304e+06,0.000000e+00,0.000000e+00,1.122763e+10,5.587935e-09,6.676972e-14,0.000000e+00,0.000000e+00,0.000000e+00,0.000000e+00,4.090072e+08,6.170919e+10,-6.663325e+08,3.600002e+06,1.244527e+07,0.000000e+00,-1.850923e+02,3.486149e+09,7.391498e+09,-1.179776e+08,9.061024e+05,4.191154e+07,4.180000e+02,-1.302034e+02,-1.184442e+08,0.000000e+00,0.000000e+00
8.280595e+00,1.248369e+10,7.615301e+10,-7.489199e+02,2.849604e+04,-9.145215e+08,8.368966e+06,1.077993e-03,3.597877e+07,0.000000e+00,0.000000e+00,6.657972e+05,0.000000e+00,6.657972e+05,0.000000e+00,0.000000e+00,1.123505e+10,5.587935e-09,6.676972e-14,0.000000e+00,0.000000e+00,0.000000e+00,0.000000e+00,4.104966e+08,6.170421e+10,-6.663139e+08,3.600002e+06,1.245135e+07,0.000000e+00,-1.850871e+02,3.488454e+09,7.385443e+09,-1.179254e+08,9.061024e+05,4.216119e+07,4.180000e+02,-1.301458e+02,-1.185134e+08,0.000000e+00,0.000000e+00
8.301076e+00,1.249334e+10,7.614332e+10,-1.056529e+03,2.819015e+04,-9.145122e+08,8.368966e+06,1.077645e-03,3.570978e+07,0.000000e+00,0.000000e+00,6.769439e+05,0.000000e+00,6.769439e+05,0.000000e+00,0.000000e+00,1.124217e+10,5.587935e-09,6.676972e-14,0.000000e+00,0.000000e+00,0.000000e+00,0.000000e+00,4.135550e+08,6.169784e+10,-6.662959e+08,3.600002e+06,1.245782e+07,0.000000e+00,-1.850821e+02,3.489592e+09,7.378831e+09,-1.178807e+08,9.061024e+05,4.240332e+07,4.180000e+02,-1.300964e+02,-1.185761e+08,0.000000e+00,0.000000e+00
8.320467e+00,1.250252e+10,7.613381e+10,-1.336035e+03,2.764122e+04,-9.145041e+08,8.368966e+06,1.076919e-03,3.595634e+07,0.000000e+00,0.000000e+00,4.855968e+05,0.000000e+00,4.855968e+05,0.000000e+00,0.000000e+00,1.124862e+10,5.587935e-09,6.676972e-14,0.000000e+00,0.000000e+00,0.000000e+00,0.000000e+00,4.167340e+08,6.169190e+10,-6.662812e+08,3.600002e+06,1.246332e+07,0.000000e+00,-1.850780e+02,3.490417e+09,7.373902e+09,-1.178493e+08,9.061024e+05,4.263138e+07,4.180000e+02,-1.300618e+02,-1.186213e+08,0.000000e+00,0.000000e+00
8.340923e+00,1.251189e+10,7.612519e+10,-1.470417e+03,2.688584e+04,-9.144962e+08,8.368966e+06,1.076298e-03,3.500129e+07,0.000000e+00,0.000000e+00,4.342496e+05,0.000000e+00,4.342496e+05,0.000000e+00,0.000000e+00,1.125530e+10,5.587935e-09,6.676972e-14,0.000000e+00,0.000000e+00,0.000000e+00,0.000000e+00,4.189060e+08,6.168719e+10,-6.662681e+08,3.600002e+06,1.246954e+07,0.000000e+00,-1.850744e+02,3.491993e+09,7.369984e+09,-1.178223e+08,9.059768e+05,4.285527e+07,4.190000e+02,-1.300500e+02,-1.186613e+08,0.000000e+00,0.000000e+00
8.360292e+00,1.251940e+10,7.611789e+10,-1.403254e+03,2.563573e+04,-9.144902e+08,8.368966e+06,1.075851e-03,3.463638e+07,0.000000e+00,0.000000e+00,3.716007e+05,0.000000e+00,3.716007e+05,0.000000e+00,0.000000e+00,1.126123e+10,5.587935e-09,6.676972e-14,0.000000e+00,0.000000e+00,0.000000e+00,0.000000e+00,4.201626e+08,6.168374e+10,-6.662567e+08,3.600002e+06,1.247546e+07,0.000000e+00,-1.850712e+02,3.493304e+09,7.366344e+09,-1.177983e+08,9.059768e+05,4.305177e+07,4.190000e+02,-1.300235e+02,-1.186966e+08,0.000000e+00,0.000000e+00
8.380731e+00,1.252635e+10,7.611051e+10,-1.281073e+03,2.345225e+04,-9.144852e+08,8.368966e+06,1.075527e-03,3.456180e+07,0.000000e+00,0.000000e+00,5.883675e+05,0.000000e+00,5.883675e+05,0.000000e+00,0.000000e+00,1.126745e+10,5.587935e-09,6.676972e-14,0.000000e+00,0.000000e+00,0.000000e+00,0.000000e+00,4.217548e+08,6.167974e+10,-6.662435e+08,3.600002e+06,1.248134e+07,0.000000e+00,-1.850675e+02,3.493572e+09,7.362882e+09,-1.177707e+08,9.059768e+05,4.324052e+07,4.190000e+02,-1.299931e+02,-1.187379e+08,0.000000e+00,0.000000e+00
8.400088e+00,1.253479e+10,7.610183e+10,-1.211519e+03,2.064465e+04,-9.144819e+08,8.368966e+06,1.075348e-03,3.472449e+07,0.000000e+00,0.000000e+00,4.481951e+05,0.000000e+00,4.481951e+05,0.000000e+00,0.000000e+00,1.127374e+10,5.587935e-09,6.676972e-14,0.000000e+00,0.000000e+00,0.000000e+00,0.000000e+00,4.247671e+08,6.167448e+10,-6.662311e+08,3.600002e+06,1.248745e+07,0.000000e+00,-1.850641e+02,3.493947e+09,7.359229e+09,-1.177401e+08,9.059768e+05,4.340622e+07,4.190000e+02,-1.299593e+02,-1.187807e+08,0.000000e+00,0.000000e+00
8.420518e+00,1.254447e+10,7.609195e+10,-1.166059e+03,1.768600e+04,-9.144796e+08,8.368966e+06,1.075101e-03,3.475998e+07,0.000000e+00,0.000000e+00,4.128501e+05,0.000000e+00,4.128501e+05,0.000000e+00,0.000000e+00,1.128021e+10,5.587935e-09,6.676972e-14,0.000000e+00,0.000000e+00,0.000000e+00,0.000000e+00,4.274972e+08,6.166953e+10,-6.662193e+08,3.600002e+06,1.249334e+07,0.000000e+00,-1.850608e+02,3.495683e+09,7.354434e+09,-1.177089e+08,9.059768e+05,4.356866e+07,4.190000e+02,-1.299249e+02,-1.188239e+08,0.000000e+00,0.000000e+00
8.440943e+00,1.255328e+10,7.608370e+10,-1.190997e+03,1.544891e+04,-9.144781e+08,8.368966e+06,1.074937e-03,3.379981e+07,0.000000e+00,0.000000e+00,5.700245e+05,0.000000e+00,5.700245e+05,0.000000e+00,0.000000e+00,1.128641e+10,5.587935e-09,6.676972e-14,0.000000e+00,0.000000e+00,0.000000e+00,0.000000e+00,4.286930e+08,6.166651e+10,-6.662097e+08,3.600002e+06,1.249882e+07,0.000000e+00,-1.850582e+02,3.498021e+09,7.349141e+09,-1.176684e+08,9.059768e+05,4.372339e+07,4.190000e+02,-1.298801e+02,-1.188744e+08,0.000000e+00,0.000000e+00
8.460297e+00,1.256051e+10,7.607593e+10,-1.191951e+03,1.397309e+04,-9.144774e+08,8.368966e+06,1.077935e-03,3.407024e+07,0.000000e+00,0.000000e+00,6.347519e+05,0.000000e+00,6.347519e+05,0.000000e+00,0.000000e+00,1.129239e+10,5.587935e-09,6.676972e-14,0.000000e+00,0.000000e+00,0.000000e+00,0.000000e+00,4.294768e+08,6.166406e+10,-6.662012e+08,3.600002e+06,1.250436e+07,0.000000e+00,-1.850558e+02,3.499276e+09,7.344037e+09,-1.176281e+08,9.058512e+05,4.386617e+07,4.200000e+02,-1.298537e+02,-1.189230e+08,0.000000e+00,0.000000e+00
8.480778e+00,1.256784e+10,7.606752e+10,-1.078479e+03,1.248773e+04,-9.144762e+08,8.368966e+06,1.078014e-03,3.488958e+07,0.000000e+00,0.000000e+00,7.136329e+05,0.000000e+00,7.136329e+05,0.000000e+00,0.000000e+00,1.129900e+10,5.587935e-09,6.676972e-14,0.000000e+00,0.000000e+00,0.000000e+00,0.000000e+00,4.303470e+08,6.166150e+10,-6.661921e+08,3.600002e+06,1.251082e+07,0.000000e+00,-1.850532e+02,3.500078e+09,7.338883e+09,-1.175914e+08,9.058512e+05,4.401261e+07,4.200000e+02,-1.298131e+02,-1.189686e+08,0.000000e+00,0.000000e+00
8.500182e+00,1.257622e+10,7.605936e+10,-8.877225e+02,1.046819e+04,-9.144750e+08,8.368966e+06,1.077922e-03,3.430769e+07,0.000000e+00,0.000000e+00,8.755429e+05,0.000000e+00,8.755429e+05,0.000000e+00,0.000000e+00,1.130526e+10,5.587935e-09,6.676972e-14,0.000000e+00,0.000000e+00,0.000000e+00,0.000000e+00,4.313986e+08,6.165904e+10,-6.661841e+08,3.600002e+06,1.251686e+07,0.000000e+00,-1.850510e+02,3.502192e+09,7.333697e+09,-1.175548e+08,9.058512e+05,4.414660e+07,4.200000e+02,-1.297727e+02,-1.190134e+08,0.000000e+00,0.000000e+00
8.520659e+00,1.258519e+10,7.605069e+10,-6.665859e+02,7.845379e+03,-9.144736e+08,8.368966e+06,1.077607e-03,3.401989e+07,0.000000e+00,0.000000e+00,7.160825e+05,0.000000e+00,7.160825e+05,0.000000e+00,0.000000e+00,1.131200e+10,5.587935e-09,6.676972e-14,0.000000e+00,0.000000e+00,0.000000e+00,0.000000e+00,4.318973e+08,6.165721e+10,-6.661767e+08,3.600002e+06,1.252262e+07,0.000000e+00,-1.850490e+02,3.505219e+09,7.327384e+09,-1.175112e+08,9.058512e+05,4.428056e+07,4.200000e+02,-1.297246e+02,-1.190644e+08,0.000000e+00,0.000000e+00
8.540056e+00,1.259076e+10,7.604450e+10,-4.983157e+02,5.396379e+03,-9.144724e+08,8.368966e+06,1.077624e-03,3.463060e+07,0.000000e+00,0.000000e+00,5.620336e+05,0.000000e+00,5.620336e+05,0.000000e+00,0.000000e+00,1.131852e+10,5.587935e-09,6.676972e-14,0.000000e+00,0.000000e+00,0.000000e+00,0.000000e+00,4.303677e+08,6.165732e+10,-6.661700e+08,3.600002e+06,1.252794e+07,0.000000e+00,-1.850471e+02,3.507099e+09,7.321765e+09,-1.174717e+08,9.058512e+05,4.440049e+07,4.200000e+02,-1.296810e+02,-1.191104e+08,0.000000e+00,0.000000e+00
8.560533e+00,1.259508e+10,7.603950e+10,-6.001955e+02,3.637495e+03,-9.144719e+08,8.368966e+06,1.077735e-03,3.523170e+07,0.000000e+00,0.000000e+00,4.601019e+05,0.000000e+00,4.601019e+05,0.000000e+00,0.000000e+00,1.132522e+10,5.587935e-09,6.676972e-14,0.000000e+00,0.000000e+00,0.000000e+00,0.000000e+00,4.276195e+08,6.165840e+10,-6.661614e+08,3.600002e+06,1.253414e+07,0.000000e+00,-1.850447e+02,3.508662e+09,7.316600e+09,-1.174372e+08,9.058512e+05,4.452226e+07,4.200000e+02,-1.296429e+02,-1.191532e+08,0.000000e+00,0.000000e+00
8.581009e+00,1.260105e+10,7.603380e+10,-7.563674e+02,3.282917e+03,-9.144712e+08,8.368966e+06,1.077710e-03,3.488116e+07,0.000000e+00,0.000000e+00,3.980123e+05,0.000000e+00,3.980123e+05,0.000000e+00,0.000000e+00,1.133192e+10,5.587935e-09,6.676972e-14,0.000000e+00,0.000000e+00,0.000000e+00,0.000000e+00,4.250593e+08,6.165924e+10,-6.661522e+08,3.600002e+06,1.254064e+07,0.000000e+00,-1.850422e+02,3.511782e+09,7.311479e+09,-1.174063e+08,9.058512e+05,4.463843e+07,4.200000e+02,-1.296088e+02,-1.191934e+08,0.000000e+00,0.000000e+00
8.600407e+00,1.260740e+10,7.602787e+10,-7.215015e+02,4.022609e+03,-9.144708e+08,8.368966e+06,1.077550e-03,3.427576e+07,0.000000e+00,0.000000e+00,4.351145e+05,0.000000e+00,4.351145e+05,0.000000e+00,0.000000e+00,1.133837e+10,5.587935e-09,6.676972e-14,0.000000e+00,0.000000e+00,0.000000e+00,0.000000e+00,4.233106e+08,6.165945e+10,-6.661437e+08,3.600002e+06,1.254640e+07,0.000000e+00,-1.850398e+02,3.514784e+09,7.305874e+09,-1.173683e+08,9.058512e+05,4.474151e+07,4.200000e+02,-1.295668e+02,-1.192408e+08,0.000000e+00,0.000000e+00
8.620880e+00,1.261388e+10,7.602101e+10,-6.809259e+02,5.292368e+03,-9.144704e+08,8.368966e+06,1.077568e-03,3.431553e+07,0.000000e+00,0.000000e+00,6.089012e+05,0.000000e+00,6.089012e+05,0.000000e+00,0.000000e+00,1.134535e+10,5.587935e-09,6.676972e-14,0.000000e+00,0.000000e+00,0.000000e+00,0.000000e+00,4.220113e+08,6.165903e+10,-6.661342e+08,3.600002e+06,1.255212e+07,0.000000e+00,-1.850372e+02,3.517087e+09,7.298421e+09,-1.173044e+08,9.058512e+05,4.484566e+07,4.200000e+02,-1.294963e+02,-1.193156e+08,0.000000e+00,0.000000e+00
8.640277e+00,1.261932e+10,7.601522e+10,-7.006874e+02,6.338336e+03,-9.144696e+08,8.368966e+06,1.077569e-03,3.469189e+07,0.000000e+00,0.000000e+00,4.425789e+05,0.000000e+00,4.425789e+05,0.000000e+00,0.000000e+00,1.135193e+10,5.587935e-09,6.676972e-14,0.000000e+00,0.000000e+00,0.000000e+00,0.000000e+00,4.201980e+08,6.165892e+10,-6.661238e+08,3.600002e+06,1.255754e+07,0.000000e+00,-1.850343e+02,3.519138e+09,7.291867e+09,-1.172458e+08,9.058512e+05,4.494177e+07,4.200000e+02,-1.294317e+02,-1.193829e+08,0.000000e+00,0.000000e+00
8.660750e+00,1.262639e+10,7.600862e+10,-6.352569e+02,7.095779e+03,-9.144687e+08,8.368966e+06,1.077585e-03,3.412018e+07,0.000000e+00,0.000000e+00,3.939509e+05,0.000000e+00,3.939509e+05,0.000000e+00,0.000000e+00,1.135891e+10,5.587935e-09,6.676972e-14,0.000000e+00,0.000000e+00,0.000000e+00,0.000000e+00,4.186285e+08,6.165832e+10,-6.661115e+08,3.600002e+06,1.256354e+07,0.000000e+00,-1.850309e+02,3.522305e+09,7.286862e+09,-1.172167e+08,9.058512e+05,4.503996e+07,4.200000e+02,-1.293995e+02,-1.194234e+08,0.000000e+00,0.000000e+00
8.680158e+00,1.263331e+10,7.600252e+10,-5.034456e+02,7.858103e+03,-9.144679e+08,8.368966e+06,1.078324e-03,3.316094e+07,0.000000e+00,0.000000e+00,4.365635e+05,0.000000e+00,4.365635e+05,0.000000e+00,0.000000e+00,1.136551e+10,5.587935e-09,6.676972e-14,0.000000e+00,0.000000e+00,0.000000e+00,0.000000e+00,4.171275e+08,6.165753e+10,-6.660987e+08,3.600002e+06,1.256904e+07,0.000000e+00,-1.850273e+02,3.525506e+09,7.282765e+09,-1.171954e+08,9.057256e+05,4.512833e+07,4.210000e+02,-1.293939e+02,-1.194575e+08,0.000000e+00,0.000000e+00
8.700645e+00,1.263835e+10,7.599715e+10,-4.792046e+02,9.271431e+03,-9.144677e+08,8.368966e+06,1.078282e-03,3.330018e+07,0.000000e+00,0.000000e+00,4.820539e+05,0.000000e+00,4.820539e+05,0.000000e+00,0.000000e+00,1.137236e+10,5.587935e-09,6.676972e-14,0.000000e+00,0.000000e+00,0.000000e+00,0.000000e+00,4.145338e+08,6.165730e+10,-6.660837e+08,3.600002e+06,1.257501e+07,0.000000e+00,-1.850231e+02,3.527764e+09,7.278622e+09,-1.171728e+08,9.057256e+05,4.521691e+07,4.210000e+02,-1.293690e+02,-1.194953e+08,0.000000e+00,0.000000e+00
8.720055e+00,1.264349e+10,7.599117e+10,-5.910676e+02,1.118232e+04,-9.144684e+08,8.368966e+06,1.078259e-03,3.388302e+07,0.000000e+00,0.000000e+00,6.003166e+05,0.000000e+00,6.003166e+05,0.000000e+00,0.000000e+00,1.137879e+10,5.587935e-09,6.676972e-14,0.000000e+00,0.000000e+00,0.000000e+00,0.000000e+00,4.130671e+08,6.165597e+10,-6.660684e+08,3.600002e+06,1.258076e+07,0.000000e+00,-1.850189e+02,3.529375e+09,7.273898e+09,-1.171443e+08,9.057256e+05,4.529841e+07,4.210000e+02,-1.293375e+02,-1.195396e+08,0.000000e+00,0.000000e+00
8.740541e+00,1.265064e+10,7.598445e+10,-7.740889e+02,1.333968e+04,-9.144706e+08,8.368966e+06,1.078249e-03,3.333853e+07,0.000000e+00,0.000000e+00,6.174238e+05,0.000000e+00,6.174238e+05,0.000000e+00,0.000000e+00,1.138557e+10,5.587935e-09,6.676972e-14,0.000000e+00,0.000000e+00,0.000000e+00,0.000000e+00,4.123578e+08,6.165386e+10,-6.660527e+08,3.600002e+06,1.258621e+07,0.000000e+00,-1.850145e+02,3.531910e+09,7.269298e+09,-1.171122e+08,9.057256e+05,4.538081e+07,4.210000e+02,-1.293021e+02,-1.195872e+08,0.000000e+00,0.000000e+00
8.761028e+00,1.265818e+10,7.597727e+10,-9.279975e+02,1.491146e+04,-9.144740e+08,8.368966e+06,1.078275e-03,3.283167e+07,0.000000e+00,0.000000e+00,6.515643e+05,0.000000e+00,6.515643e+05,0.000000e+00,0.000000e+00,1.139218e+10,5.587935e-09,6.676972e-14,0.000000e+00,0.000000e+00,0.000000e+00,0.000000e+00,4.119569e+08,6.165151e+10,-6.660376e+08,3.600002e+06,1.259200e+07,0.000000e+00,-1.850103e+02,3.534594e+09,7.264441e+09,-1.170811e+08,9.056000e+05,4.546039e+07,4.220000e+02,-1.292857e+02,-1.196335e+08,0.000000e+00,0.000000e+00
8.780437e+00,1.266443e+10,7.597063e+10,-9.633453e+02,1.506736e+04,-9.144779e+08,8.368966e+06,1.078273e-03,3.303234e+07,0.000000e+00,0.000000e+00,7.221475e+05,0.000000e+00,7.221475e+05,0.000000e+00,0.000000e+00,1.139821e+10,5.587935e-09,6.676972e-14,0.000000e+00,0.000000e+00,0.000000e+00,0.000000e+00,4.122860e+08,6.164763e+10,-6.660175e+08,3.600002e+06,1.259773e+07,0.000000e+00,-1.850048e+02,3.535553e+09,7.260211e+09,-1.170478e+08,9.054744e+05,4.553353e+07,4.230000e+02,-1.292668e+02,-1.196878e+08,0.000000e+00,0.000000e+00
8.800924e+00,1.267074e+10,7.596316e+10,-8.320734e+02,1.448544e+04,-9.144824e+08,8.368966e+06,1.078251e-03,3.393039e+07,0.000000e+00,0.000000e+00,8.218470e+05,0.000000e+00,8.218470e+05,0.000000e+00,0.000000e+00,1.140444e+10,5.587935e-09,6.676972e-14,0.000000e+00,0.000000e+00,0.000000e+00,0.000000e+00,4.131841e+08,6.164125e+10,-6.659875e+08,3.600002e+06,1.260375e+07,0.000000e+00,-1.849964e+02,3.535666e+09,7.256060e+09,-1.170096e+08,9.053488e+05,4.560838e+07,4.240000e+02,-1.292425e+02,-1.197564e+08,0.000000e+00,0.000000e+00
8.820333e+00,1.267831e+10,7.595568e+10,-5.707057e+02,1.407081e+04,-9.144867e+08,8.368966e+06,1.078258e-03,3.365535e+07,0.000000e+00,0.000000e+00,8.919126e+05,0.000000e+00,8.919126e+05,0.000000e+00,0.000000e+00,1.141028e+10,5.587935e-09,6.676972e-14,0.000000e+00,0.000000e+00,0.000000e+00,0.000000e+00,4.145979e+08,6.163433e+10,-6.659573e+08,3.600002e+06,1.260921e+07,0.000000e+00,-1.849880e+02,3.536724e+09,7.252064e+09,-1.169708e+08,9.049719e+05,4.567773e+07,4.270000e+02,-1.292535e+02,-1.198252e+08,0.000000e+00,0.000000e+00
8.840820e+00,1.268692e+10,7.594743e+10,-3.823931e+02,1.452379e+04,-9.144916e+08,8.368966e+06,1.078269e-03,3.316054e+07,0.000000e+00,0.000000e+00,8.889122e+05,0.000000e+00,8.889122e+05,0.000000e+00,0.000000e+00,1.141659e+10,5.587935e-09,6.676972e-14,0.000000e+00,0.000000e+00,0.000000e+00,0.000000e+00,4.157897e+08,6.162786e+10,-6.659288e+08,3.600002e+06,1.261492e+07,0.000000e+00,-1.849801e+02,3.538661e+09,7.247452e+09,-1.169324e+08,9.048464e+05,4.575019e+07,4.280000e+02,-1.292290e+02,-1.198921e+08,0.000000e+00,0.000000e+00
8.860229e+00,1.269329e+10,7.594027e+10,-4.536013e+02,1.625236e+04,-9.144969e+08,8.368966e+06,1.078273e-03,3.376409e+07,0.000000e+00,0.000000e+00,9.553395e+05,0.000000e+00,9.553395e+05,0.000000e+00,0.000000e+00,1.142277e+10,5.587935e-09,6.676972e-14,0.000000e+00,0.000000e+00,0.000000e+00,0.000000e+00,4.159103e+08,6.162344e+10,-6.659059e+08,3.600002e+06,1.262057e+07,0.000000e+00,-1.849738e+02,3.539639e+09,7.242063e+09,-1.168869e+08,9.047208e+05,4.581764e+07,4.290000e+02,-1.291967e+02,-1.199607e+08,0.000000e+00,0.000000e+00
8.880716e+00,1.269967e+10,7.593341e+10,-9.415322e+02,1.917035e+04,-9.145029e+08,8.368966e+06,1.078311e-03,3.419810e+07,0.000000e+00,0.000000e+00,8.639967e+05,0.000000e+00,8.639967e+05,0.000000e+00,0.000000e+00,1.142950e+10,5.587935e-09,6.676972e-14,0.000000e+00,0.000000e+00,0.000000e+00,0.000000e+00,4.156776e+08,6.161963e+10,-6.658842e+08,3.600002e+06,1.262625e+07,0.000000e+00,-1.849677e+02,3.540523e+09,7.236563e+09,-1.168371e+08,9.047208e+05,4.588801e+07,4.290000e+02,-1.291416e+02,-1.200322e+08,0.000000e+00,0.000000e+00
8.900126e+00,1.270715e+10,7.592547e+10,-1.532294e+03,2.167721e+04,-9.145089e+08,8.368966e+06,1.078298e-03,3.458912e+07,0.000000e+00,0.000000e+00,8.227642e+05,0.000000e+00,8.227642e+05,0.000000e+00,0.000000e+00,1.143589e+10,5.587935e-09,6.676972e-14,0.000000e+00,0.000000e+00,0.000000e+00,0.000000e+00,4.155704e+08,6.161535e+10,-6.658606e+08,3.600002e+06,1.263153e+07,0.000000e+00,-1.849612e+02,3.542612e+09,7.230450e+09,-1.167915e+08,9.047208e+05,4.595134e+07,4.290000e+02,-1.290912e+02,-1.201015e+08,0.000000e+00,0.000000e+00
8.920613e+00,1.271640e+10,7.591723e+10,-2.028837e+03,2.298640e+04,-9.145155e+08,8.368966e+06,1.078234e-03,3.350310e+07,0.000000e+00,0.000000e+00,7.700573e+05,0.000000e+00,7.700573e+05,0.000000e+00,0.000000e+00,1.144273e+10,5.587935e-09,6.676972e-14,0.000000e+00,0.000000e+00,0.000000e+00,0.000000e+00,4.160997e+08,6.160882e+10,-6.658280e+08,3.600002e+06,1.263748e+07,0.000000e+00,-1.849521e+02,3.545599e+09,7.225160e+09,-1.167480e+08,9.047208e+05,4.601526e+07,4.290000e+02,-1.290431e+02,-1.201778e+08,0.000000e+00,0.000000e+00
8.940022e+00,1.272413e+10,7.590948e+10,-2.392692e+03,2.315551e+04,-9.145215e+08,8.368966e+06,1.078262e-03,3.343967e+07,0.000000e+00,0.000000e+00,7.355763e+05,0.000000e+00,7.355763e+05,0.000000e+00,0.000000e+00,1.144925e+10,5.587935e-09,6.676972e-14,0.000000e+00,0.000000e+00,0.000000e+00,0.000000e+00,4.169051e+08,6.160172e+10,-6.657937e+08,3.600002e+06,1.264252e+07,0.000000e+00,-1.849426e+02,3.547133e+09,7.220478e+09,-1.167098e+08,9.045951e+05,4.607314e+07,4.300000e+02,-1.290188e+02,-1.202501e+08,0.000000e+00,0.000000e+00
8.960508e+00,1.273104e+10,7.590131e+10,-2.622721e+03,2.298955e+04,-9.145283e+08,8.368966e+06,1.078292e-03,3.462294e+07,0.000000e+00,0.000000e+00,6.967942e+05,0.000000e+00,6.967942e+05,0.000000e+00,0.000000e+00,1.145604e+10,5.587935e-09,6.676972e-14,0.000000e+00,0.000000e+00,0.000000e+00,0.000000e+00,4.173613e+08,6.159505e+10,-6.657602e+08,3.600002e+06,1.264782e+07,0.000000e+00,-1.849333e+02,3.547733e+09,7.215833e+09,-1.166728e+08,9.045951e+05,4.613324e+07,4.300000e+02,-1.289779e+02,-1.203202e+08,0.000000e+00,0.000000e+00
8.980997e+00,1.273893e+10,7.589422e+10,-2.587908e+03,2.332653e+04,-9.145352e+08,8.368966e+06,1.078402e-03,3.370678e+07,0.000000e+00,0.000000e+00,7.358319e+05,0.000000e+00,7.358319e+05,0.000000e+00,0.000000e+00,1.146283e+10,5.587935e-09,6.676972e-14,0.000000e+00,0.000000e+00,0.000000e+00,0.000000e+00,4.173788e+08,6.158972e+10,-6.657312e+08,3.600002e+06,1.265314e+07,0.000000e+00,-1.849252e+02,3.549584e+09,7.211842e+09,-1.166362e+08,9.045951e+05,4.619070e+07,4.300000e+02,-1.289375e+02,-1.203856e+08,0.000000e+00,0.000000e+00
9.000408e+00,1.274617e+10,7.588720e+10,-2.443997e+03,2.397670e+04,-9.145416e+08,8.368966e+06,1.078406e-03,3.337002e+07,0.000000e+00,0.000000e+00,7.936160e+05,0.000000e+00,7.936160e+05,0.000000e+00,0.000000e+00,1.146928e+10,5.587935e-09,6.676972e-14,0.000000e+00,0.000000e+00,0.000000e+00,0.000000e+00,4.163510e+08,6.158629e+10,-6.657069e+08,3.600002e+06,1.265832e+07,0.000000e+00,-1.849185e+02,3.552051e+09,7.206300e+09,-1.165984e+08,9.044696e+05,4.624310e+07,4.310000e+02,-1.289136e+02,-1.204481e+08,0.000000e+00,0.000000e+00
9.020897e+00,1.275212e+10,7.588073e+10,-2.362036e+03,2.436581e+04,-9.145483e+08,8.368966e+06,1.078349e-03,3.374123e+07,0.000000e+00,0.000000e+00,8.541504e+05,0.000000e+00,8.541504e+05,0.000000e+00,0.000000e+00,1.147631e+10,5.587935e-09,6.676972e-14,0.000000e+00,0.000000e+00,0.000000e+00,0.000000e+00,4.143187e+08,6.158336e+10,-6.656801e+08,3.600002e+06,1.266364e+07,0.000000e+00,-1.849110e+02,3.553933e+09,7.199987e+09,-1.165511e+08,9.043439e+05,4.629891e+07,4.320000e+02,-1.288792e+02,-1.205226e+08,0.000000e+00,0.000000e+00
9.040308e+00,1.275646e+10,7.587557e+10,-2.349440e+03,2.401767e+04,-9.145542e+08,8.368966e+06,1.078362e-03,3.448725e+07,0.000000e+00,0.000000e+00,8.513422e+05,0.000000e+00,8.513422e+05,0.000000e+00,0.000000e+00,1.148310e+10,5.587935e-09,6.676972e-14,0.000000e+00,0.000000e+00,0.000000e+00,0.000000e+00,4.113886e+08,6.158067e+10,-6.656501e+08,3.600002e+06,1.266800e+07,0.000000e+00,-1.849027e+02,3.555287e+09,7.193837e+09,-1.165053e+08,9.042183e+05,4.635258e+07,4.330000e+02,-1.288464e+02,-1.205986e+08,0.000000e+00,0.000000e+00
9.060797e+00,1.276147e+10,7.587071e+10,-2.374228e+03,2.295402e+04,-9.145601e+08,8.368966e+06,1.078362e-03,3.426784e+07,0.000000e+00,0.000000e+00,8.285949e+05,0.000000e+00,8.285949e+05,0.000000e+00,0.000000e+00,1.149009e+10,5.587935e-09,6.676972e-14,0.000000e+00,0.000000e+00,0.000000e+00,0.000000e+00,4.076674e+08,6.157736e+10,-6.656130e+08,3.600002e+06,1.267308e+07,0.000000e+00,-1.848924e+02,3.557536e+09,7.187771e+09,-1.164595e+08,9.040928e+05,4.640898e+07,4.340000e+02,-1.288136e+02,-1.206816e+08,0.000000e+00,0.000000e+00
9.080207e+00,1.276689e+10,7.586565e+10,-2.371944e+03,2.163320e+04,-9.145649e+08,8.368966e+06,1.078404e-03,3.384900e+07,0.000000e+00,0.000000e+00,7.966366e+05,0.000000e+00,7.966366e+05,0.000000e+00,0.000000e+00,1.149675e+10,5.587935e-09,6.676972e-14,0.000000e+00,0.000000e+00,0.000000e+00,0.000000e+00,4.045632e+08,6.157299e+10,-6.655735e+08,3.600002e+06,1.267830e+07,0.000000e+00,-1.848814e+02,3.559868e+09,7.182367e+09,-1.164201e+08,9.040928e+05,4.645836e+07,4.340000e+02,-1.287701e+02,-1.207605e+08,0.000000e+00,0.000000e+00
9.100698e+00,1.277208e+10,7.586022e+10,-2.194156e+03,2.031644e+04,-9.145692e+08,8.368966e+06,1.078388e-03,3.401633e+07,0.000000e+00,0.000000e+00,8.038288e+05,0.000000e+00,8.038288e+05,0.000000e+00,0.000000e+00,1.150407e+10,5.587935e-09,6.676972e-14,0.000000e+00,0.000000e+00,0.000000e+00,0.000000e+00,4.019354e+08,6.156738e+10,-6.655298e+08,3.600002e+06,1.268331e+07,0.000000e+00,-1.848693e+02,3.561053e+09,7.177289e+09,-1.163773e+08,9.040928e+05,4.650749e+07,4.340000e+02,-1.287227e+02,-1.208473e+08,0.000000e+00,0.000000e+00
9.120108e+00,1.277673e+10,7.585505e+10,-1.884875e+03,1.928463e+04,-9.145725e+08,8.368966e+06,1.078337e-03,3.446722e+07,0.000000e+00,0.000000e+00,7.735918e+05,0.000000e+00,7.735918e+05,0.000000e+00,0.000000e+00,1.151105e+10,5.587935e-09,6.676972e-14,0.000000e+00,0.000000e+00,0.000000e+00,0.000000e+00,3.996809e+08,6.156145e+10,-6.654868e+08,3.600002e+06,1.268810e+07,0.000000e+00,-1.848573e+02,3.561532e+09,7.173046e+09,-1.163370e+08,9.038415e+05,4.655451e+07,4.360000e+02,-1.287139e+02,-1.209304e+08,0.000000e+00,0.000000e+00
9.140595e+00,1.278329e+10,7.584829e+10,-1.464536e+03,1.847806e+04,-9.145750e+08,8.368966e+06,1.078243e-03,3.456938e+07,0.000000e+00,0.000000e+00,7.959564e+05,0.000000e+00,7.959564e+05,0.000000e+00,0.000000e+00,1.151853e+10,5.587935e-09,6.676972e-14,0.000000e+00,0.000000e+00,0.000000e+00,0.000000e+00,3.981054e+08,6.155404e+10,-6.654396e+08,3.600002e+06,1.269295e+07,0.000000e+00,-1.848442e+02,3.562671e+09,7.168609e+09,-1.162997e+08,9.038415e+05,4.660350e+07,4.360000e+02,-1.286727e+02,-1.210149e+08,0.000000e+00,0.000000e+00
9.160004e+00,1.279148e+10,7.584065e+10,-9.522836e+02,1.788946e+04,-9.145766e+08,8.368966e+06,1.078286e-03,3.391805e+07,0.000000e+00,0.000000e+00,8.465415e+05,0.000000e+00,8.465415e+05,0.000000e+00,0.000000e+00,1.152577e+10,5.587935e-09,6.676972e-14,0.000000e+00,0.000000e+00,0.000000e+00,0.000000e+00,3.979405e+08,6.154563e+10,-6.653945e+08,3.600002e+06,1.269760e+07,0.000000e+00,-1.848317e+02,3.564196e+09,7.164309e+09,-1.162621e+08,9.037159e+05,4.664766e+07,4.370000e+02,-1.286489e+02,-1.210979e+08,0.000000e+00,0.000000e+00
9.180492e+00,1.280078e+10,7.583116e+10,-4.510190e+02,1.728737e+04,-9.145776e+08,8.368966e+06,1.078357e-03,3.402094e+07,0.000000e+00,0.000000e+00,8.334841e+05,0.000000e+00,8.334841e+05,0.000000e+00,0.000000e+00,1.153375e+10,5.587935e-09,6.676972e-14,0.000000e+00,0.000000e+00,0.000000e+00,0.000000e+00,3.990145e+08,6.153481e+10,-6.653427e+08,3.600002e+06,1.270315e+07,0.000000e+00,-1.848173e+02,3.564988e+09,7.159142e+09,-1.162158e+08,9.037159e+05,4.669305e+07,4.370000e+02,-1.285977e+02,-1.211968e+08,0.000000e+00,0.000000e+00
9.200980e+00,1.280957e+10,7.582150e+10,-1.239374e+02,1.632107e+04,-9.145779e+08,8.368966e+06,1.078317e-03,3.467161e+07,0.000000e+00,0.000000e+00,8.916002e+05,0.000000e+00,8.916002e+05,0.000000e+00,0.000000e+00,1.154196e+10,5.587935e-09,6.676972e-14,0.000000e+00,0.000000e+00,0.000000e+00,0.000000e+00,4.000953e+08,6.152212e+10,-6.652808e+08,3.600002e+06,1.270855e+07,0.000000e+00,-1.848001e+02,3.565112e+09,7.153558e+09,-1.161638e+08,9.037159e+05,4.673802e+07,4.370000e+02,-1.285402e+02,-1.213114e+08,0.000000e+00,0.000000e+00
9.220390e+00,1.281928e+10,7.581181e+10,9.850486e+01,1.507573e+04,-9.145775e+08,8.368966e+06,1.078308e-03,3.452551e+07,0.000000e+00,0.000000e+00,9.129836e+05,0.000000e+00,9.129836e+05,0.000000e+00,0.000000e+00,1.154992e+10,5.587935e-09,6.676972e-14,0.000000e+00,0.000000e+00,0.000000e+00,0.000000e+00,4.010576e+08,6.150943e+10,-6.652179e+08,3.600002e+06,1.271353e+07,0.000000e+00,-1.847827e+02,3.566419e+09,7.147522e+09,-1.161116e+08,9.037159e+05,4.677792e+07,4.370000e+02,-1.284824e+02,-1.214266e+08,0.000000e+00,0.000000e+00
9.240878e+00,1.283147e+10,7.580033e+10,3.060819e+02,1.376866e+04,-9.145765e+08,8.368966e+06,1.078336e-03,3.376519e+07,0.000000e+00,0.000000e+00,8.799911e+05,0.000000e+00,8.799911e+05,0.000000e+00,0.000000e+00,1.155848e+10,5.587935e-09,6.676972e-14,0.000000e+00,0.000000e+00,0.000000e+00,0.000000e+00,4.031402e+08,6.149522e+10,-6.651519e+08,3.600002e+06,1.271852e+07,0.000000e+00,-1.847643e+02,3.568424e+09,7.140946e+09,-1.160572e+08,9.037159e+05,4.681877e+07,4.370000e+02,-1.284222e+02,-1.215468e+08,0.000000e+00,0.000000e+00
9.260288e+00,1.284214e+10,7.578955e+10,4.615967e+02,1.271121e+04,-9.145754e+08,8.368966e+06,1.078372e-03,3.389379e+07,0.000000e+00,0.000000e+00,7.914206e+05,0.000000e+00,7.914206e+05,0.000000e+00,0.000000e+00,1.156670e+10,5.587935e-09,6.676972e-14,0.000000e+00,0.000000e+00,0.000000e+00,0.000000e+00,4.051584e+08,6.148163e+10,-6.650892e+08,3.600002e+06,1.272358e+07,0.000000e+00,-1.847469e+02,3.569234e+09,7.135267e+09,-1.160082e+08,9.037159e+05,4.685673e+07,4.370000e+02,-1.283680e+02,-1.216584e+08,0.000000e+00,0.000000e+00
9.280777e+00,1.285183e+10,7.577881e+10,5.478915e+02,1.150546e+04,-9.145745e+08,8.368966e+06,1.078336e-03,3.489102e+07,0.000000e+00,0.000000e+00,7.712045e+05,0.000000e+00,7.712045e+05,0.000000e+00,0.000000e+00,1.157557e+10,5.587935e-09,6.676972e-14,0.000000e+00,0.000000e+00,0.000000e+00,0.000000e+00,4.063424e+08,6.146759e+10,-6.650201e+08,3.600002e+06,1.272934e+07,0.000000e+00,-1.847277e+02,3.569285e+09,7.129752e+09,-1.159583e+08,9.037159e+05,4.689664e+07,4.370000e+02,-1.283128e+02,-1.217776e+08,0.000000e+00,0.000000e+00
9.300187e+00,1.286272e+10,7.576786e+10,5.409290e+02,9.987855e+03,-9.145744e+08,8.368966e+06,1.078302e-03,3.483093e+07,0.000000e+00,0.000000e+00,7.976872e+05,0.000000e+00,7.976872e+05,0.000000e+00,0.000000e+00,1.158427e+10,5.587935e-09,6.676972e-14,0.000000e+00,0.000000e+00,0.000000e+00,0.000000e+00,4.078097e+08,6.145374e+10,-6.649531e+08,3.600002e+06,1.273442e+07,0.000000e+00,-1.847091e+02,3.570417e+09,7.124366e+09,-1.159109e+08,9.035903e+05,4.693331e+07,4.380000e+02,-1.282781e+02,-1.218920e+08,0.000000e+00,0.000000e+00
9.320675e+00,1.287634e+10,7.575477e+10,4.117214e+02,7.805805e+03,-9.145752e+08,8.368966e+06,1.078273e-03,3.426098e+07,0.000000e+00,0.000000e+00,7.377458e+05,0.000000e+00,7.377458e+05,0.000000e+00,0.000000e+00,1.159354e+10,5.587935e-09,6.676972e-14,0.000000e+00,0.000000e+00,0.000000e+00,0.000000e+00,4.104984e+08,6.143814e+10,-6.648829e+08,3.600002e+06,1.273907e+07,0.000000e+00,-1.846896e+02,3.572393e+09,7.118883e+09,-1.158672e+08,9.035903e+05,4.697075e+07,4.380000e+02,-1.282298e+02,-1.220055e+08,0.000000e+00,0.000000e+00
9.340083e+00,1.288978e+10,7.574124e+10,2.444100e+02,5.176184e+03,-9.145772e+08,8.368966e+06,1.078295e-03,3.428992e+07,0.000000e+00,0.000000e+00,7.490531e+05,0.000000e+00,7.490531e+05,0.000000e+00,0.000000e+00,1.160246e+10,5.587935e-09,6.676972e-14,0.000000e+00,0.000000e+00,0.000000e+00,0.000000e+00,4.139596e+08,6.142251e+10,-6.648168e+08,3.600002e+06,1.274369e+07,0.000000e+00,-1.846712e+02,3.573638e+09,7.113916e+09,-1.158278e+08,9.035903e+05,4.700578e+07,4.380000e+02,-1.281862e+02,-1.221108e+08,0.000000e+00,0.000000e+00
9.360572e+00,1.290362e+10,7.572679e+10,1.185879e+02,2.266811e+03,-9.145806e+08,8.368966e+06,1.078331e-03,3.482068e+07,0.000000e+00,0.000000e+00,7.369356e+05,0.000000e+00,7.369356e+05,0.000000e+00,0.000000e+00,1.161202e+10,5.587935e-09,6.676972e-14,0.000000e+00,0.000000e+00,0.000000e+00,0.000000e+00,4.172736e+08,6.140640e+10,-6.647475e+08,3.600002e+06,1.274898e+07,0.000000e+00,-1.846519e+02,3.574598e+09,7.108378e+09,-1.157854e+08,9.033391e+05,4.704122e+07,4.400000e+02,-1.281749e+02,-1.222228e+08,0.000000e+00,0.000000e+00
9.381060e+00,1.291794e+10,7.571250e+10,1.104876e+02,-3.454229e+02,-9.145853e+08,8.368966e+06,1.078285e-03,3.475733e+07,0.000000e+00,0.000000e+00,7.088031e+05,0.000000e+00,7.088031e+05,0.000000e+00,0.000000e+00,1.162177e+10,5.587935e-09,6.676972e-14,0.000000e+00,0.000000e+00,0.000000e+00,0.000000e+00,4.194961e+08,6.139162e+10,-6.646795e+08,3.600002e+06,1.275432e+07,0.000000e+00,-1.846331e+02,3.576873e+09,7.102284e+09,-1.157410e+08,9.033391e+05,4.707619e+07,4.400000e+02,-1.281258e+02,-1.223350e+08,0.000000e+00,0.000000e+00
9.400469e+00,1.293156e+10,7.569940e+10,3.123682e+02,-2.833266e+03,-9.145909e+08,8.368966e+06,1.078338e-03,3.416042e+07,0.000000e+00,0.000000e+00,7.196201e+05,0.000000e+00,7.196201e+05,0.000000e+00,0.000000e+00,1.163120e+10,5.587935e-09,6.676972e-14,0.000000e+00,0.000000e+00,0.000000e+00,0.000000e+00,4.209086e+08,6.137814e+10,-6.646138e+08,3.600002e+06,1.275888e+07,0.000000e+00,-1.846148e+02,3.579596e+09,7.096607e+09,-1.157008e+08,9.033391e+05,4.710765e+07,4.400000e+02,-1.280812e+02,-1.224410e+08,0.000000e+00,0.000000e+00
9.420957e+00,1.294387e+10,7.568674e+10,7.677075e+02,-5.655131e+03,-9.145980e+08,8.368966e+06,1.078242e-03,3.436682e+07,0.000000e+00,0.000000e+00,7.973277e+05,0.000000e+00,7.973277e+05,0.000000e+00,0.000000e+00,1.164133e+10,5.587935e-09,6.676972e-14,0.000000e+00,0.000000e+00,0.000000e+00,0.000000e+00,4.210433e+08,6.136406e+10,-6.645383e+08,3.600002e+06,1.276326e+07,0.000000e+00,-1.845939e+02,3.581536e+09,7.090679e+09,-1.156588e+08,9.033391e+05,4.714073e+07,4.400000e+02,-1.280347e+02,-1.225592e+08,0.000000e+00,0.000000e+00
9.440365e+00,1.295393e+10,7.567588e+10,1.285512e+03,-8.114591e+03,-9.146053e+08,8.368966e+06,1.078227e-03,3.497428e+07,0.000000e+00,0.000000e+00,9.673564e+05,0.000000e+00,9.673564e+05,0.000000e+00,0.000000e+00,1.165108e+10,5.587935e-09,6.676972e-14,0.000000e+00,0.000000e+00,0.000000e+00,0.000000e+00,4.197617e+08,6.134918e+10,-6.644514e+08,3.600002e+06,1.276789e+07,0.000000e+00,-1.845697e+02,3.582941e+09,7.085164e+09,-1.156184e+08,9.033391e+05,4.717159e+07,4.400000e+02,-1.279901e+02,-1.226874e+08,0.000000e+00,0.000000e+00
9.460852e+00,1.296481e+10,7.566468e+10,1.867754e+03,-9.758466e+03,-9.146135e+08,8.368966e+06,1.078258e-03,3.506320e+07,0.000000e+00,0.000000e+00,1.136194e+06,0.000000e+00,1.136194e+06,0.000000e+00,0.000000e+00,1.166152e+10,5.587935e-09,6.676972e-14,0.000000e+00,0.000000e+00,0.000000e+00,0.000000e+00,4.176991e+08,6.133112e+10,-6.643437e+08,3.600002e+06,1.277323e+07,0.000000e+00,-1.845398e+02,3.585217e+09,7.079091e+09,-1.155755e+08,9.033391e+05,4.720378e+07,4.400000e+02,-1.279425e+02,-1.228387e+08,0.000000e+00,0.000000e+00
9.480260e+00,1.297630e+10,7.565347e+10,2.384649e+03,-1.049617e+04,-9.146217e+08,8.368966e+06,1.078242e-03,3.462502e+07,0.000000e+00,0.000000e+00,1.237479e+06,0.000000e+00,1.237479e+06,0.000000e+00,0.000000e+00,1.167182e+10,5.587935e-09,6.676972e-14,0.000000e+00,0.000000e+00,0.000000e+00,0.000000e+00,4.160226e+08,6.131257e+10,-6.642355e+08,3.600002e+06,1.277804e+07,0.000000e+00,-1.845098e+02,3.587861e+09,7.073065e+09,-1.155320e+08,9.033391e+05,4.723364e+07,4.400000e+02,-1.278944e+02,-1.229906e+08,0.000000e+00,0.000000e+00
9.500747e+00,1.298950e+10,7.564010e+10,2.775986e+03,-1.123001e+04,-9.146303e+08,8.368966e+06,1.078243e-03,3.478989e+07,0.000000e+00,0.000000e+00,1.182669e+06,0.000000e+00,1.182669e+06,0.000000e+00,0.000000e+00,1.168319e+10,5.587935e-09,6.676972e-14,0.000000e+00,0.000000e+00,0.000000e+00,0.000000e+00,4.157309e+08,6.129299e+10,-6.641279e+08,3.600002e+06,1.278338e+07,0.000000e+00,-1.844799e+02,3.589808e+09,7.066510e+09,-1.154836e+08,9.033391e+05,4.726398e+07,4.400000e+02,-1.278408e+02,-1.231462e+08,0.000000e+00,0.000000e+00
9.520155e+00,1.300310e+10,7.562594e+10,2.995616e+03,-1.236240e+04,-9.146385e+08,8.368966e+06,1.078304e-03,3.525188e+07,0.000000e+00,0.000000e+00,1.182854e+06,0.000000e+00,1.182854e+06,0.000000e+00,0.000000e+00,1.169425e+10,5.587935e-09,6.676972e-14,0.000000e+00,0.000000e+00,0.000000e+00,0.000000e+00,4.170791e+08,6.127513e+10,-6.640375e+08,3.600002e+06,1.278797e+07,0.000000e+00,-1.844547e+02,3.590797e+09,7.060518e+09,-1.154359e+08,9.033391e+05,4.729244e+07,4.400000e+02,-1.277880e+02,-1.232837e+08,0.000000e+00,0.000000e+00
9.540644e+00,1.301733e+10,7.561157e+10,3.098771e+03,-1.382915e+04,-9.146468e+08,8.368966e+06,1.078341e-03,3.534222e+07,0.000000e+00,0.000000e+00,1.188426e+06,0.000000e+00,1.188426e+06,0.000000e+00,0.000000e+00,1.170631e+10,5.587935e-09,6.676972e-14,0.000000e+00,0.000000e+00,0.000000e+00,0.000000e+00,4.175378e+08,6.125800e+10,-6.639470e+08,3.600002e+06,1.279261e+07,0.000000e+00,-1.844296e+02,3.592286e+09,7.054650e+09,-1.153868e+08,9.032135e+05,4.732216e+07,4.410000e+02,-1.277514e+02,-1.234232e+08,0.000000e+00,0.000000e+00
9.560054e+00,1.302996e+10,7.559901e+10,3.150892e+03,-1.502687e+04,-9.146544e+08,8.368966e+06,1.078301e-03,3.518461e+07,0.000000e+00,0.000000e+00,1.209113e+06,0.000000e+00,1.209113e+06,0.000000e+00,0.000000e+00,1.171800e+10,5.587935e-09,6.676972e-14,0.000000e+00,0.000000e+00,0.000000e+00,0.000000e+00,4.165740e+08,6.124239e+10,-6.638568e+08,3.600002e+06,1.279766e+07,0.000000e+00,-1.844046e+02,3.594012e+09,7.049352e+09,-1.153430e+08,9.030879e+05,4.734962e+07,4.420000e+02,-1.277207e+02,-1.235575e+08,0.000000e+00,0.000000e+00
9.580542e+00,1.304335e+10,7.558525e+10,3.217436e+03,-1.588433e+04,-9.146624e+08,8.368966e+06,1.078293e-03,3.551548e+07,0.000000e+00,0.000000e+00,1.200064e+06,0.000000e+00,1.200064e+06,0.000000e+00,0.000000e+00,1.173061e+10,5.587935e-09,6.676972e-14,0.000000e+00,0.000000e+00,0.000000e+00,0.000000e+00,4.162023e+08,6.122435e+10,-6.637553e+08,3.600002e+06,1.280288e+07,0.000000e+00,-1.843764e+02,3.595093e+09,7.043874e+09,-1.152960e+08,9.030879e+05,4.737886e+07,4.420000e+02,-1.276687e+02,-1.237063e+08,0.000000e+00,0.000000e+00
9.601029e+00,1.305727e+10,7.557020e+10,3.293843e+03,-1.625438e+04,-9.146701e+08,8.368966e+06,1.078331e-03,3.656028e+07,0.000000e+00,0.000000e+00,1.229983e+06,0.000000e+00,1.229983e+06,0.000000e+00,0.000000e+00,1.174359e+10,5.587935e-09,6.676972e-14,0.000000e+00,0.000000e+00,0.000000e+00,0.000000e+00,4.168006e+08,6.120460e+10,-6.636489e+08,3.600002e+06,1.280805e+07,0.000000e+00,-1.843468e+02,3.595318e+09,7.038881e+09,-1.152513e+08,9.025855e+05,4.740900e+07,4.460000e+02,-1.276901e+02,-1.238575e+08,0.000000e+00,0.000000e+00
9.620440e+00,1.307252e+10,7.555479e+10,3.361607e+03,-1.609219e+04,-9.146773e+08,8.368966e+06,1.078386e-03,3.651334e+07,0.000000e+00,0.000000e+00,1.341383e+06,0.000000e+00,1.341383e+06,0.000000e+00,0.000000e+00,1.175616e+10,5.587935e-09,6.676972e-14,0.000000e+00,0.000000e+00,0.000000e+00,0.000000e+00,4.184569e+08,6.118383e+10,-6.635420e+08,3.600002e+06,1.281282e+07,0.000000e+00,-1.843171e+02,3.595956e+09,7.034846e+09,-1.152136e+08,9.025855e+05,4.744038e+07,4.460000e+02,-1.276485e+02,-1.240022e+08,0.000000e+00,0.000000e+00
9.640929e+00,1.308987e+10,7.553785e+10,3.411634e+03,-1.586440e+04,-9.146850e+08,8.368966e+06,1.078370e-03,3.594295e+07,0.000000e+00,0.000000e+00,1.458519e+06,0.000000e+00,1.458519e+06,0.000000e+00,0.000000e+00,1.176991e+10,5.587935e-09,6.676972e-14,0.000000e+00,0.000000e+00,0.000000e+00,0.000000e+00,4.204032e+08,6.115954e+10,-6.634175e+08,3.600002e+06,1.281777e+07,0.000000e+00,-1.842825e+02,3.597023e+09,7.031096e+09,-1.151801e+08,9.025855e+05,4.747283e+07,4.460000e+02,-1.276113e+02,-1.241607e+08,0.000000e+00,0.000000e+00
9.660339e+00,1.310543e+10,7.552206e+10,3.337792e+03,-1.599401e+04,-9.146920e+08,8.368966e+06,1.078332e-03,3.604906e+07,0.000000e+00,0.000000e+00,1.531351e+06,0.000000e+00,1.531351e+06,0.000000e+00,0.000000e+00,1.178344e+10,5.587935e-09,6.676972e-14,0.000000e+00,0.000000e+00,0.000000e+00,0.000000e+00,4.215625e+08,6.113528e+10,-6.632892e+08,3.600002e+06,1.282259e+07,0.000000e+00,-1.842469e+02,3.597191e+09,7.028296e+09,-1.151512e+08,9.025855e+05,4.750244e+07,4.460000e+02,-1.275793e+02,-1.243181e+08,0.000000e+00,0.000000e+00
9.680827e+00,1.312239e+10,7.550467e+10,3.086343e+03,-1.641545e+04,-9.146992e+08,8.368966e+06,1.078330e-03,3.639054e+07,0.000000e+00,0.000000e+00,1.549978e+06,0.000000e+00,1.549978e+06,0.000000e+00,0.000000e+00,1.179836e+10,5.587935e-09,6.676972e-14,0.000000e+00,0.000000e+00,0.000000e+00,0.000000e+00,4.232024e+08,6.110815e+10,-6.631477e+08,3.600002e+06,1.282741e+07,0.000000e+00,-1.842076e+02,3.596734e+09,7.025741e+09,-1.151218e+08,9.025855e+05,4.753283e+07,4.460000e+02,-1.275467e+02,-1.244892e+08,0.000000e+00,0.000000e+00
9.700237e+00,1.314029e+10,7.548666e+10,2.740350e+03,-1.668689e+04,-9.147060e+08,8.368966e+06,1.078379e-03,3.648508e+07,0.000000e+00,0.000000e+00,1.530043e+06,0.000000e+00,1.530043e+06,0.000000e+00,0.000000e+00,1.181322e+10,5.587935e-09,6.676972e-14,0.000000e+00,0.000000e+00,0.000000e+00,0.000000e+00,4.251467e+08,6.108182e+10,-6.630131e+08,3.600002e+06,1.283174e+07,0.000000e+00,-1.841702e+02,3.597074e+09,7.023103e+09,-1.150954e+08,9.025855e+05,4.756162e+07,4.460000e+02,-1.275174e+02,-1.246500e+08,0.000000e+00,0.000000e+00
9.720727e+00,1.316027e+10,7.546712e+10,2.362192e+03,-1.671375e+04,-9.147128e+08,8.368966e+06,1.078384e-03,3.599714e+07,0.000000e+00,0.000000e+00,1.512336e+06,0.000000e+00,1.512336e+06,0.000000e+00,0.000000e+00,1.182961e+10,5.587935e-09,6.676972e-14,0.000000e+00,0.000000e+00,0.000000e+00,0.000000e+00,4.268961e+08,6.105430e+10,-6.628716e+08,3.600002e+06,1.283622e+07,0.000000e+00,-1.841309e+02,3.598234e+09,7.020391e+09,-1.150684e+08,9.025855e+05,4.759138e+07,4.460000e+02,-1.274876e+02,-1.248186e+08,0.000000e+00,0.000000e+00
9.740138e+00,1.317857e+10,7.544875e+10,2.014389e+03,-1.642153e+04,-9.147192e+08,8.368966e+06,1.078352e-03,3.591375e+07,0.000000e+00,0.000000e+00,1.584974e+06,0.000000e+00,1.584974e+06,0.000000e+00,0.000000e+00,1.184564e+10,5.587935e-09,6.676972e-14,0.000000e+00,0.000000e+00,0.000000e+00,0.000000e+00,4.279960e+08,6.102820e+10,-6.627345e+08,3.600002e+06,1.284057e+07,0.000000e+00,-1.840928e+02,3.598728e+09,7.016968e+09,-1.150380e+08,9.025855e+05,4.761841e+07,4.460000e+02,-1.274539e+02,-1.249868e+08,0.000000e+00,0.000000e+00
9.760626e+00,1.319790e+10,7.542847e+10,1.711259e+03,-1.587555e+04,-9.147258e+08,8.368966e+06,1.078320e-03,3.682410e+07,0.000000e+00,0.000000e+00,1.542039e+06,0.000000e+00,1.542039e+06,0.000000e+00,0.000000e+00,1.186305e+10,5.587935e-09,6.676972e-14,0.000000e+00,0.000000e+00,0.000000e+00,0.000000e+00,4.289720e+08,6.099997e+10,-6.625852e+08,3.600002e+06,1.284548e+07,0.000000e+00,-1.840513e+02,3.598930e+09,7.012879e+09,-1.150029e+08,9.024599e+05,4.764585e+07,4.470000e+02,-1.274327e+02,-1.251712e+08,0.000000e+00,0.000000e+00
9.780036e+00,1.321814e+10,7.540819e+10,1.499568e+03,-1.536434e+04,-9.147320e+08,8.368966e+06,1.078283e-03,3.686848e+07,0.000000e+00,0.000000e+00,1.470487e+06,0.000000e+00,1.470487e+06,0.000000e+00,0.000000e+00,1.188010e+10,5.587935e-09,6.676972e-14,0.000000e+00,0.000000e+00,0.000000e+00,0.000000e+00,4.305548e+08,6.097269e+10,-6.624437e+08,3.600002e+06,1.284975e+07,0.000000e+00,-1.840120e+02,3.599841e+09,7.009989e+09,-1.149753e+08,9.024599e+05,4.767180e+07,4.470000e+02,-1.274021e+02,-1.253398e+08,0.000000e+00,0.000000e+00
9.800523e+00,1.324127e+10,7.538560e+10,1.286937e+03,-1.510179e+04,-9.147383e+08,8.368966e+06,1.078224e-03,3.638619e+07,0.000000e+00,0.000000e+00,1.371105e+06,0.000000e+00,1.371105e+06,0.000000e+00,0.000000e+00,1.189855e+10,5.587935e-09,6.676972e-14,0.000000e+00,0.000000e+00,0.000000e+00,0.000000e+00,4.324804e+08,6.094472e+10,-6.623001e+08,3.600002e+06,1.285388e+07,0.000000e+00,-1.839721e+02,3.601664e+09,7.006593e+09,-1.149497e+08,9.024599e+05,4.769924e+07,4.470000e+02,-1.273738e+02,-1.255085e+08,0.000000e+00,0.000000e+00
9.821009e+00,1.326341e+10,7.536301e+10,1.145555e+03,-1.517884e+04,-9.147444e+08,8.368966e+06,1.078234e-03,3.673431e+07,0.000000e+00,0.000000e+00,1.411102e+06,0.000000e+00,1.411102e+06,0.000000e+00,0.000000e+00,1.191743e+10,5.587935e-09,6.676972e-14,0.000000e+00,0.000000e+00,0.000000e+00,0.000000e+00,4.335772e+08,6.091815e+10,-6.621599e+08,3.600002e+06,1.285815e+07,0.000000e+00,-1.839332e+02,3.602855e+09,7.003395e+09,-1.149272e+08,9.024599e+05,4.772674e+07,4.470000e+02,-1.273488e+02,-1.256712e+08,0.000000e+00,0.000000e+00
9.840417e+00,1.328447e+10,7.534114e+10,1.094208e+03,-1.553071e+04,-9.147501e+08,8.368966e+06,1.078245e-03,3.723178e+07,0.000000e+00,0.000000e+00,1.622308e+06,0.000000e+00,1.622308e+06,0.000000e+00,0.000000e+00,1.193571e+10,5.587935e-09,6.676972e-14,0.000000e+00,0.000000e+00,0.000000e+00,0.000000e+00,4.346220e+08,6.089107e+10,-6.620172e+08,3.600002e+06,1.286262e+07,0.000000e+00,-1.838935e+02,3.603589e+09,7.000614e+09,-1.149074e+08,9.023343e+05,4.775222e+07,4.480000e+02,-1.273446e+02,-1.258346e+08,0.000000e+00,0.000000e+00
9.860904e+00,1.330848e+10,7.531659e+10,1.063579e+03,-1.599554e+04,-9.147561e+08,8.368966e+06,1.078240e-03,3.722491e+07,0.000000e+00,0.000000e+00,2.102458e+06,0.000000e+00,2.102458e+06,0.000000e+00,0.000000e+00,1.195571e+10,5.587935e-09,6.676972e-14,0.000000e+00,0.000000e+00,0.000000e+00,0.000000e+00,4.359780e+08,6.085758e+10,-6.618419e+08,3.600002e+06,1.286724e+07,0.000000e+00,-1.838449e+02,3.605181e+09,6.997163e+09,-1.148875e+08,9.023343e+05,4.778006e+07,4.480000e+02,-1.273225e+02,-1.260314e+08,0.000000e+00,0.000000e+00
9.880312e+00,1.333163e+10,7.529310e+10,1.011921e+03,-1.644552e+04,-9.147619e+08,8.368966e+06,1.078286e-03,3.687871e+07,0.000000e+00,0.000000e+00,2.679141e+06,0.000000e+00,2.679141e+06,0.000000e+00,0.000000e+00,1.197538e+10,5.587935e-09,6.676972e-14,0.000000e+00,0.000000e+00,0.000000e+00,0.000000e+00,4.361965e+08,6.082222e+10,-6.616522e+08,3.600002e+06,1.287117e+07,0.000000e+00,-1.837921e+02,3.607301e+09,6.993861e+09,-1.148652e+08,9.023343e+05,4.780724e+07,4.480000e+02,-1.272979e+02,-1.262446e+08,0.000000e+00,0.000000e+00
9.900800e+00,1.335554e+10,7.526864e+10,1.051460e+03,-1.707129e+04,-9.147682e+08,8.368966e+06,1.078316e-03,3.710079e+07,0.000000e+00,0.000000e+00,2.867306e+06,0.000000e+00,2.867306e+06,0.000000e+00,0.000000e+00,1.199717e+10,5.587935e-09,6.676972e-14,0.000000e+00,0.000000e+00,0.000000e+00,0.000000e+00,4.353333e+08,6.078434e+10,-6.614438e+08,3.600002e+06,1.287547e+07,0.000000e+00,-1.837343e+02,3.609150e+09,6.991128e+09,-1.148427e+08,9.023343e+05,4.783754e+07,4.480000e+02,-1.272729e+02,-1.264750e+08,0.000000e+00,0.000000e+00
9.920210e+00,1.337795e+10,7.524598e+10,1.258375e+03,-1.779181e+04,-9.147745e+08,8.368966e+06,1.078331e-03,3.740380e+07,0.000000e+00,0.000000e+00,2.600423e+06,0.000000e+00,2.600423e+06,0.000000e+00,0.000000e+00,1.201863e+10,5.587935e-09,6.676972e-14,0.000000e+00,0.000000e+00,0.000000e+00,0.000000e+00,4.339286e+08,6.075156e+10,-6.612599e+08,3.600002e+06,1.287950e+07,0.000000e+00,-1.836832e+02,3.610592e+09,6.988747e+09,-1.148227e+08,9.019575e+05,4.786963e+07,4.510000e+02,-1.273038e+02,-1.266778e+08,0.000000e+00,0.000000e+00
9.940698e+00,1.340193e+10,7.522207e+10,1.598465e+03,-1.846965e+04,-9.147820e+08,8.368966e+06,1.078324e-03,3.733434e+07,0.000000e+00,0.000000e+00,2.384525e+06,0.000000e+00,2.384525e+06,0.000000e+00,0.000000e+00,1.204194e+10,5.587935e-09,6.676972e-14,0.000000e+00,0.000000e+00,0.000000e+00,0.000000e+00,4.315545e+08,6.072232e+10,-6.610896e+08,3.600002e+06,1.288412e+07,0.000000e+00,-1.836359e+02,3.612930e+09,6.985967e+09,-1.147998e+08,9.019575e+05,4.791138e+07,4.510000e+02,-1.272785e+02,-1.268700e+08,0.000000e+00,0.000000e+00
9.960108e+00,1.342444e+10,7.519962e+10,1.923871e+03,-1.892499e+04,-9.147900e+08,8.368966e+06,1.078294e-03,3.697852e+07,0.000000e+00,0.000000e+00,2.506198e+06,0.000000e+00,2.506198e+06,0.000000e+00,0.000000e+00,1.206434e+10,5.587935e-09,6.676972e-14,0.000000e+00,0.000000e+00,0.000000e+00,0.000000e+00,4.286112e+08,6.069759e+10,-6.609404e+08,3.600002e+06,1.288846e+07,0.000000e+00,-1.835945e+02,3.615579e+09,6.983254e+09,-1.147772e+08,9.019575e+05,4.795582e+07,4.510000e+02,-1.272534e+02,-1.270417e+08,0.000000e+00,0.000000e+00
9.980595e+00,1.344745e+10,7.517510e+10,2.191112e+03,-1.911743e+04,-9.147995e+08,8.368966e+06,1.078230e-03,3.719759e+07,0.000000e+00,0.000000e+00,3.373976e+06,0.000000e+00,3.373976e+06,0.000000e+00,0.000000e+00,1.208824e+10,5.587935e-09,6.676972e-14,0.000000e+00,0.000000e+00,0.000000e+00,0.000000e+00,4.249282e+08,6.067091e+10,-6.607773e+08,3.600002e+06,1.289244e+07,0.000000e+00,-1.835491e+02,3.617879e+09,6.981162e+09,-1.147498e+08,9.019575e+05,4.801172e+07,4.510000e+02,-1.272231e+02,-1.272331e+08,0.000000e+00,0.000000e+00
1.000000e+01,1.346933e+10,7.515158e+10,2.297136e+03,-1.899156e+04,-9.148093e+08,8.368966e+06,1.078252e-03,3.825547e+07,0.000000e+00,0.000000e+00,3.406886e+06,0.000000e+00,3.406886e+06,0.000000e+00,0.000000e+00,1.211100e+10,5.587935e-09,6.676972e-14,0.000000e+00,0.000000e+00,0.000000e+00,0.000000e+00,4.219751e+08,6.064221e+10,-6.606074e+08,3.600002e+06,1.289673e+07,0.000000e+00,-1.835019e+02,3.619528e+09,6.980895e+09,-1.147164e+08,9.019575e+05,4.807320e+07,4.510000e+02,-1.271860e+02,-1.274377e+08,0.000000e+00,0.000000e+00
1.002049e+01,1.349449e+10,7.512692e+10,2.180202e+03,-1.867023e+04,-9.148204e+08,8.368966e+06,1.078309e-03,3.832266e+07,0.000000e+00,0.000000e+00,2.430986e+06,0.000000e+00,2.430986e+06,0.000000e+00,0.000000e+00,1.213535e+10,5.587935e-09,6.676972e-14,0.000000e+00,0.000000e+00,0.000000e+00,0.000000e+00,4.203059e+08,6.060780e+10,-6.604131e+08,3.600002e+06,1.290119e+07,0.000000e+00,-1.834480e+02,3.621913e+09,6.979085e+09,-1.146905e+08,9.019575e+05,4.814753e+07,4.510000e+02,-1.271573e+02,-1.276576e+08,0.000000e+00,0.000000e+00
1.004098e+01,1.351913e+10,7.510304e+10,1.905134e+03,-1.838517e+04,-9.148323e+08,8.368966e+06,1.078319e-03,3.721005e+07,0.000000e+00,0.000000e+00,2.561598e+06,0.000000e+00,2.561598e+06,0.000000e+00,0.000000e+00,1.215963e+10,5.587935e-09,6.676972e-14,0.000000e+00,0.000000e+00,0.000000e+00,0.000000e+00,4.182427e+08,6.057147e+10,-6.602079e+08,3.600002e+06,1.290542e+07,0.000000e+00,-1.833910e+02,3.624807e+09,6.976904e+09,-1.146764e+08,9.019575e+05,4.822398e+07,4.510000e+02,-1.271417e+02,-1.278770e+08,0.000000e+00,0.000000e+00
1.006039e+01,1.353798e+10,7.508408e+10,1.619578e+03,-1.818500e+04,-9.148440e+08,8.368966e+06,1.078353e-03,3.678145e+07,0.000000e+00,0.000000e+00,2.862965e+06,0.000000e+00,2.862965e+06,0.000000e+00,0.000000e+00,1.218080e+10,5.587935e-09,6.676972e-14,0.000000e+00,0.000000e+00,0.000000e+00,0.000000e+00,4.157213e+08,6.053598e+10,-6.600061e+08,3.600002e+06,1.291006e+07,0.000000e+00,-1.833349e+02,3.626230e+09,6.975432e+09,-1.146642e+08,9.019575e+05,4.829766e+07,4.510000e+02,-1.271282e+02,-1.280915e+08,0.000000e+00,0.000000e+00
1.008088e+01,1.355608e+10,7.506491e+10,1.211336e+03,-1.801947e+04,-9.148564e+08,8.368966e+06,1.078314e-03,3.767425e+07,0.000000e+00,0.000000e+00,2.799110e+06,0.000000e+00,2.799110e+06,0.000000e+00,0.000000e+00,1.220164e+10,5.587935e-09,6.676972e-14,0.000000e+00,0.000000e+00,0.000000e+00,0.000000e+00,4.137196e+08,6.049744e+10,-6.597914e+08,3.600002e+06,1.291445e+07,0.000000e+00,-1.832753e+02,3.626589e+09,6.974031e+09,-1.146504e+08,9.019575e+05,4.837443e+07,4.510000e+02,-1.271129e+02,-1.283196e+08,0.000000e+00,0.000000e+00
1.010029e+01,1.357206e+10,7.505002e+10,6.248881e+02,-1.758180e+04,-9.148684e+08,8.368966e+06,1.078331e-03,3.666146e+07,0.000000e+00,0.000000e+00,2.472444e+06,0.000000e+00,2.472444e+06,0.000000e+00,0.000000e+00,1.221991e+10,5.587935e-09,6.676972e-14,0.000000e+00,0.000000e+00,0.000000e+00,0.000000e+00,4.119045e+08,6.046265e+10,-6.595974e+08,3.600002e+06,1.291808e+07,0.000000e+00,-1.832214e+02,3.627632e+09,6.973944e+09,-1.146430e+08,9.019575e+05,4.844929e+07,4.510000e+02,-1.271047e+02,-1.285198e+08,0.000000e+00,0.000000e+00
1.012077e+01,1.358587e+10,7.503707e+10,-1.954591e+02,-1.684313e+04,-9.148804e+08,8.368966e+06,1.078286e-03,3.603670e+07,0.000000e+00,0.000000e+00,2.031477e+06,0.000000e+00,2.031477e+06,0.000000e+00,0.000000e+00,1.223710e+10,5.587935e-09,6.676972e-14,0.000000e+00,0.000000e+00,0.000000e+00,0.000000e+00,4.092141e+08,6.043068e+10,-6.594130e+08,3.600002e+06,1.292191e+07,0.000000e+00,-1.831702e+02,3.629122e+09,6.972659e+09,-1.146355e+08,9.019575e+05,4.852246e+07,4.510000e+02,-1.270964e+02,-1.287105e+08,0.000000e+00,0.000000e+00
1.014018e+01,1.359579e+10,7.502715e+10,-1.007878e+03,-1.644829e+04,-9.148916e+08,8.368966e+06,1.078316e-03,3.623817e+07,0.000000e+00,0.000000e+00,1.633727e+06,0.000000e+00,1.633727e+06,0.000000e+00,0.000000e+00,1.225158e+10,5.587935e-09,6.676972e-14,0.000000e+00,0.000000e+00,0.000000e+00,0.000000e+00,4.065585e+08,6.040531e+10,-6.592634e+08,3.600002e+06,1.292572e+07,0.000000e+00,-1.831286e+02,3.629822e+09,6.971787e+09,-1.146286e+08,9.019575e+05,4.858879e+07,4.510000e+02,-1.270887e+02,-1.288656e+08,0.000000e+00,0.000000e+00
1.016067e+01,1.360781e+10,7.501523e+10,-1.788543e+03,-1.673386e+04,-9.149032e+08,8.368966e+06,1.078295e-03,3.622107e+07,0.000000e+00,0.000000e+00,1.364562e+06,0.000000e+00,1.364562e+06,0.000000e+00,0.000000e+00,1.226587e+10,5.587935e-09,6.676972e-14,0.000000e+00,0.000000e+00,0.000000e+00,0.000000e+00,4.055100e+08,6.038220e+10,-6.591337e+08,3.600002e+06,1.293025e+07,0.000000e+00,-1.830926e+02,3.631015e+09,6.970338e+09,-1.146202e+08,9.019575e+05,4.865871e+07,4.510000e+02,-1.270794e+02,-1.290022e+08,0.000000e+00,0.000000e+00
1.018008e+01,1.362181e+10,7.500086e+10,-2.445177e+03,-1.751747e+04,-9.149139e+08,8.368966e+06,1.078273e-03,3.655245e+07,0.000000e+00,0.000000e+00,1.287592e+06,0.000000e+00,1.287592e+06,0.000000e+00,0.000000e+00,1.227852e+10,5.587935e-09,6.676972e-14,0.000000e+00,0.000000e+00,0.000000e+00,0.000000e+00,4.067429e+08,6.036210e+10,-6.590316e+08,3.600002e+06,1.293401e+07,0.000000e+00,-1.830642e+02,3.633093e+09,6.967630e+09,-1.146130e+08,9.019575e+05,4.872008e+07,4.510000e+02,-1.270714e+02,-1.291107e+08,0.000000e+00,0.000000e+00
1.020057e+01,1.363716e+10,7.498594e+10,-2.979091e+03,-1.859106e+04,-9.149251e+08,8.368966e+06,1.078217e-03,3.590018e+07,0.000000e+00,0.000000e+00,1.354088e+06,0.000000e+00,1.354088e+06,0.000000e+00,0.000000e+00,1.229094e+10,5.587935e-09,6.676972e-14,0.000000e+00,0.000000e+00,0.000000e+00,0.000000e+00,4.083915e+08,6.034268e+10,-6.589359e+08,3.600002e+06,1.293763e+07,0.000000e+00,-1.830376e+02,3.635880e+09,6.965943e+09,-1.146060e+08,9.019575e+05,4.878144e+07,4.510000e+02,-1.270636e+02,-1.292130e+08,0.000000e+00,0.000000e+00
1.022105e+01,1.365109e+10,7.497232e+10,-3.404375e+03,-1.954691e+04,-9.149357e+08,8.368966e+06,1.078265e-03,3.549994e+07,0.000000e+00,0.000000e+00,1.289375e+06,0.000000e+00,1.289375e+06,0.000000e+00,0.000000e+00,1.230295e+10,5.587935e-09,6.676972e-14,0.000000e+00,0.000000e+00,0.000000e+00,0.000000e+00,4.093361e+08,6.032531e+10,-6.588480e+08,3.600002e+06,1.294152e+07,0.000000e+00,-1.830132e+02,3.637984e+09,6.964458e+09,-1.146017e+08,9.019575e+05,4.884118e+07,4.510000e+02,-1.270589e+02,-1.293046e+08,0.000000e+00,0.000000e+00
1.024046e+01,1.366377e+10,7.495891e+10,-3.639327e+03,-2.003450e+04,-9.149450e+08,8.368966e+06,1.078279e-03,3.613024e+07,0.000000e+00,0.000000e+00,1.246159e+06,0.000000e+00,1.246159e+06,0.000000e+00,0.000000e+00,1.231405e+10,5.587935e-09,6.676972e-14,0.000000e+00,0.000000e+00,0.000000e+00,0.000000e+00,4.099851e+08,6.031066e+10,-6.587734e+08,3.600002e+06,1.294534e+07,0.000000e+00,-1.829925e+02,3.639585e+09,6.962542e+09,-1.145982e+08,9.019575e+05,4.889610e+07,4.510000e+02,-1.270550e+02,-1.293822e+08,0.000000e+00,0.000000e+00
1.026095e+01,1.367725e+10,7.494571e+10,-3.664099e+03,-2.020006e+04,-9.149539e+08,8.368966e+06,1.078341e-03,3.576601e+07,0.000000e+00,0.000000e+00,1.188000e+06,0.000000e+00,1.188000e+06,0.000000e+00,0.000000e+00,1.232529e+10,5.587935e-09,6.676972e-14,0.000000e+00,0.000000e+00,0.000000e+00,0.000000e+00,4.103741e+08,6.029686e+10,-6.587016e+08,3.600002e+06,1.294987e+07,0.000000e+00,-1.829725e+02,3.641980e+09,6.960746e+09,-1.145946e+08,9.019575e+05,4.895229e+07,4.510000e+02,-1.270510e+02,-1.294574e+08,0.000000e+00,0.000000e+00
1.028036e+01,1.368994e+10,7.493344e+10,-3.528462e+03,-2.019010e+04,-9.149613e+08,8.368966e+06,1.078315e-03,3.505802e+07,0.000000e+00,0.000000e+00,1.349853e+06,0.000000e+00,1.349853e+06,0.000000e+00,0.000000e+00,1.233535e+10,5.587935e-09,6.676972e-14,0.000000e+00,0.000000e+00,0.000000e+00,0.000000e+00,4.108642e+08,6.028450e+10,-6.586369e+08,3.600002e+06,1.295414e+07,0.000000e+00,-1.829546e+02,3.644593e+09,6.958334e+09,-1.145881e+08,9.019575e+05,4.900424e+07,4.510000e+02,-1.270438e+02,-1.295286e+08,0.000000e+00,0.000000e+00
1.030085e+01,1.370239e+10,7.492101e+10,-3.297189e+03,-1.996656e+04,-9.149686e+08,8.368966e+06,1.078231e-03,3.486104e+07,0.000000e+00,0.000000e+00,1.388830e+06,0.000000e+00,1.388830e+06,0.000000e+00,0.000000e+00,1.234577e+10,5.587935e-09,6.676972e-14,0.000000e+00,0.000000e+00,0.000000e+00,0.000000e+00,4.112738e+08,6.027219e+10,-6.585709e+08,3.600002e+06,1.295782e+07,0.000000e+00,-1.829362e+02,3.646900e+09,6.956547e+09,-1.145777e+08,9.019575e+05,4.905902e+07,4.510000e+02,-1.270323e+02,-1.296049e+08,0.000000e+00,0.000000e+00
1.032026e+01,1.371157e+10,7.491165e+10,-3.170391e+03,-1.972972e+04,-9.149750e+08,8.368966e+06,1.078135e-03,3.508998e+07,0.000000e+00,0.000000e+00,1.179375e+06,0.000000e+00,1.179375e+06,0.000000e+00,0.000000e+00,1.235562e+10,5.587935e-09,6.676972e-14,0.000000e+00,0.000000e+00,0.000000e+00,0.000000e+00,4.099726e+08,6.026179e+10,-6.585070e+08,3.600002e+06,1.296100e+07,0.000000e+00,-1.829185e+02,3.648468e+09,6.955556e+09,-1.145702e+08,9.019575e+05,4.911079e+07,4.510000e+02,-1.270239e+02,-1.296766e+08,0.000000e+00,0.000000e+00
1.034074e+01,1.371972e+10,7.490353e+10,-3.313516e+03,-1.943519e+04,-9.149814e+08,8.368966e+06,1.078243e-03,3.523088e+07,0.000000e+00,0.000000e+00,9.079691e+05,0.000000e+00,9.079691e+05,0.000000e+00,0.000000e+00,1.236564e+10,5.587935e-09,6.676972e-14,0.000000e+00,0.000000e+00,0.000000e+00,0.000000e+00,4.075332e+08,6.025153e+10,-6.584379e+08,3.600002e+06,1.296477e+07,0.000000e+00,-1.828993e+02,3.650139e+09,6.954095e+09,-1.145623e+08,9.019575e+05,4.916684e+07,4.510000e+02,-1.270152e+02,-1.297535e+08,0.000000e+00,0.000000e+00
1.036015e+01,1.372817e+10,7.489514e+10,-3.760285e+03,-1.893856e+04,-9.149871e+08,8.368966e+06,1.078273e-03,3.523208e+07,0.000000e+00,0.000000e+00,7.221539e+05,0.000000e+00,7.221539e+05,0.000000e+00,0.000000e+00,1.237491e+10,5.587935e-09,6.676972e-14,0.000000e+00,0.000000e+00,0.000000e+00,0.000000e+00,4.059476e+08,6.024142e+10,-6.583734e+08,3.600002e+06,1.296875e+07,0.000000e+00,-1.828814e+02,3.651964e+09,6.952794e+09,-1.145562e+08,9.019575e+05,4.922187e+07,4.510000e+02,-1.270085e+02,-1.298239e+08,0.000000e+00,0.000000e+00
1.038064e+01,1.373787e+10,7.488560e+10,-4.411777e+03,-1.787314e+04,-9.149926e+08,8.368966e+06,1.078171e-03,3.493366e+07,0.000000e+00,0.000000e+00,7.267559e+05,0.000000e+00,7.267559e+05,0.000000e+00,0.000000e+00,1.238427e+10,5.587935e-09,6.676972e-14,0.000000e+00,0.000000e+00,0.000000e+00,0.000000e+00,4.054915e+08,6.022951e+10,-6.583049e+08,3.600002e+06,1.297284e+07,0.000000e+00,-1.828624e+02,3.653655e+09,6.950680e+09,-1.145459e+08,9.019575e+05,4.928032e+07,4.510000e+02,-1.269970e+02,-1.299031e+08,0.000000e+00,0.000000e+00
1.040004e+01,1.374688e+10,7.487613e+10,-5.138993e+03,-1.628961e+04,-9.149974e+08,8.368966e+06,1.078156e-03,3.492556e+07,0.000000e+00,0.000000e+00,1.026177e+06,0.000000e+00,1.026177e+06,0.000000e+00,0.000000e+00,1.239308e+10,5.587935e-09,6.676972e-14,0.000000e+00,0.000000e+00,0.000000e+00,0.000000e+00,4.052973e+08,6.021752e+10,-6.582374e+08,3.600002e+06,1.297651e+07,0.000000e+00,-1.828436e+02,3.654720e+09,6.948822e+09,-1.145345e+08,9.019575e+05,4.933764e+07,4.510000e+02,-1.269844e+02,-1.299822e+08,0.000000e+00,0.000000e+00
1.042053e+01,1.375574e+10,7.486707e+10,-5.873325e+03,-1.429677e+04,-9.150022e+08,8.368966e+06,1.078316e-03,3.529063e+07,0.000000e+00,0.000000e+00,6.835029e+05,0.000000e+00,6.835029e+05,0.000000e+00,0.000000e+00,1.240236e+10,5.587935e-09,6.676972e-14,0.000000e+00,0.000000e+00,0.000000e+00,0.000000e+00,4.040365e+08,6.020539e+10,-6.581640e+08,3.600002e+06,1.298026e+07,0.000000e+00,-1.828232e+02,3.656223e+09,6.947117e+09,-1.145245e+08,9.019575e+05,4.940072e+07,4.510000e+02,-1.269733e+02,-1.300654e+08,0.000000e+00,0.000000e+00
1.044102e+01,1.376413e+10,7.485936e+10,-6.356555e+03,-1.234747e+04,-9.150066e+08,8.368966e+06,1.078339e-03,3.465669e+07,0.000000e+00,0.000000e+00,5.319495e+05,0.000000e+00,5.319495e+05,0.000000e+00,0.000000e+00,1.241126e+10,5.587935e-09,6.676972e-14,0.000000e+00,0.000000e+00,0.000000e+00,0.000000e+00,4.023843e+08,6.019409e+10,-6.580925e+08,3.600002e+06,1.298384e+07,0.000000e+00,-1.828034e+02,3.657947e+09,6.945570e+09,-1.145188e+08,9.019575e+05,4.946821e+07,4.510000e+02,-1.269670e+02,-1.301423e+08,0.000000e+00,0.000000e+00
1.046043e+01,1.377162e+10,7.485220e+10,-6.575314e+03,-1.063273e+04,-9.150107e+08,8.368966e+06,1.078203e-03,3.431396e+07,0.000000e+00,0.000000e+00,4.195231e+05,0.000000e+00,4.195231e+05,0.000000e+00,0.000000e+00,1.241935e+10,5.587935e-09,6.676972e-14,0.000000e+00,0.000000e+00,0.000000e+00,0.000000e+00,4.016614e+08,6.018358e+10,-6.580299e+08,3.600002e+06,1.298765e+07,0.000000e+00,-1.827860e+02,3.658776e+09,6.944105e+09,-1.145126e+08,9.019575e+05,4.952976e+07,4.510000e+02,-1.269601e+02,-1.302110e+08,0.000000e+00,0.000000e+00
1.048091e+01,1.377976e+10,7.484380e+10,-6.707157e+03,-8.844609e+03,-9.150146e+08,8.368966e+06,1.078103e-03,3.454022e+07,0.000000e+00,0.000000e+00,3.150038e+05,0.000000e+00,3.150038e+05,0.000000e+00,0.000000e+00,1.242776e+10,5.587935e-09,6.676972e-14,0.000000e+00,0.000000e+00,0.000000e+00,0.000000e+00,4.018380e+08,6.017262e+10,-6.579695e+08,3.600002e+06,1.299194e+07,0.000000e+00,-1.827692e+02,3.659278e+09,6.942470e+09,-1.145035e+08,9.019575e+05,4.959598e+07,4.510000e+02,-1.269500e+02,-1.302801e+08,0.000000e+00,0.000000e+00
1.050032e+01,1.378740e+10,7.483613e+10,-6.793681e+03,-7.217588e+03,-9.150179e+08,8.368966e+06,1.078155e-03,3.455814e+07,0.000000e+00,0.000000e+00,2.578491e+05,0.000000e+00,2.578491e+05,0.000000e+00,0.000000e+00,1.243563e+10,5.587935e-09,6.676972e-14,0.000000e+00,0.000000e+00,0.000000e+00,0.000000e+00,4.016262e+08,6.016351e+10,-6.579174e+08,3.600002e+06,1.299545e+07,0.000000e+00,-1.827547e+02,3.660186e+09,6.940430e+09,-1.144951e+08,9.019575e+05,4.965170e+07,4.510000e+02,-1.269407e+02,-1.303404e+08,0.000000e+00,0.000000e+00
1.052080e+01,1.379483e+10,7.482936e+10,-6.794220e+03,-5.640523e+03,-9.150209e+08,8.368966e+06,1.078263e-03,3.381602e+07,0.000000e+00,0.000000e+00,2.471064e+05,0.000000e+00,2.471064e+05,0.000000e+00,0.000000e+00,1.244380e+10,5.587935e-09,6.676972e-14,0.000000e+00,0.000000e+00,0.000000e+00,0.000000e+00,4.006191e+08,6.015573e+10,-6.578683e+08,3.600002e+06,1.299872e+07,0.000000e+00,-1.827411e+02,3.661524e+09,6.938504e+09,-1.144845e+08,9.019575e+05,4.970753e+07,4.510000e+02,-1.269289e+02,-1.303999e+08,0.000000e+00,0.000000e+00
1.054021e+01,1.380146e+10,7.482257e+10,-6.610545e+03,-4.250225e+03,-9.150230e+08,8.368966e+06,1.078243e-03,3.388461e+07,0.000000e+00,0.000000e+00,2.357685e+05,0.000000e+00,2.357685e+05,0.000000e+00,0.000000e+00,1.245148e+10,5.587935e-09,6.676972e-14,0.000000e+00,0.000000e+00,0.000000e+00,0.000000e+00,3.999537e+08,6.014922e+10,-6.578285e+08,3.600002e+06,1.300195e+07,0.000000e+00,-1.827301e+02,3.662481e+09,6.936646e+09,-1.144734e+08,9.017062e+05,4.975790e+07,4.530000e+02,-1.269520e+02,-1.304504e+08,0.000000e+00,0.000000e+00
1.056070e+01,1.381016e+10,7.481310e+10,-6.223976e+03,-2.886926e+03,-9.150250e+08,8.368966e+06,1.078161e-03,3.448789e+07,0.000000e+00,0.000000e+00,3.058236e+05,0.000000e+00,3.058236e+05,0.000000e+00,0.000000e+00,1.245962e+10,5.587935e-09,6.676972e-14,0.000000e+00,0.000000e+00,0.000000e+00,0.000000e+00,4.012425e+08,6.014183e+10,-6.577942e+08,3.600002e+06,1.300602e+07,0.000000e+00,-1.827205e+02,3.663234e+09,6.934596e+09,-1.144597e+08,9.017062e+05,4.980971e+07,4.530000e+02,-1.269368e+02,-1.304982e+08,0.000000e+00,0.000000e+00
1.058010e+01,1.382027e+10,7.480326e+10,-5.797237e+03,-1.841473e+03,-9.150265e+08,8.368966e+06,1.078192e-03,3.415130e+07,0.000000e+00,0.000000e+00,2.730809e+05,0.000000e+00,2.730809e+05,0.000000e+00,0.000000e+00,1.246708e+10,5.587935e-09,6.676972e-14,0.000000e+00,0.000000e+00,0.000000e+00,0.000000e+00,4.041333e+08,6.013411e+10,-6.577664e+08,3.600002e+06,1.300970e+07,0.000000e+00,-1.827128e+02,3.664163e+09,6.933432e+09,-1.144461e+08,9.017062e+05,4.985657e+07,4.530000e+02,-1.269217e+02,-1.305393e+08,0.000000e+00,0.000000e+00
1.060059e+01,1.383071e+10,7.479307e+10,-5.289452e+03,-9.662144e+02,-9.150278e+08,8.368966e+06,1.078265e-03,3.376058e+07,0.000000e+00,0.000000e+00,2.949323e+05,0.000000e+00,2.949323e+05,0.000000e+00,0.000000e+00,1.247486e+10,5.587935e-09,6.676972e-14,0.000000e+00,0.000000e+00,0.000000e+00,0.000000e+00,4.062224e+08,6.012782e+10,-6.577428e+08,3.600002e+06,1.301285e+07,0.000000e+00,-1.827062e+02,3.665916e+09,6.931339e+09,-1.144307e+08,9.015807e+05,4.990719e+07,4.540000e+02,-1.269224e+02,-1.305782e+08,0.000000e+00,0.000000e+00
1.062000e+01,1.383958e+10,7.478389e+10,-4.727810e+03,-3.903480e+01,-9.150287e+08,8.368966e+06,1.078301e-03,3.369048e+07,0.000000e+00,0.000000e+00,5.718234e+05,0.000000e+00,5.718234e+05,0.000000e+00,0.000000e+00,1.248214e+10,5.587935e-09,6.676972e-14,0.000000e+00,0.000000e+00,0.000000e+00,0.000000e+00,4.075346e+08,6.012299e+10,-6.577230e+08,3.600002e+06,1.301592e+07,0.000000e+00,-1.827007e+02,3.667428e+09,6.928550e+09,-1.144116e+08,9.015807e+05,4.995582e+07,4.540000e+02,-1.269012e+02,-1.306175e+08,0.000000e+00,0.000000e+00
1.064049e+01,1.384931e+10,7.477359e+10,-4.140073e+03,1.283852e+03,-9.150291e+08,8.368966e+06,1.078302e-03,3.387226e+07,0.000000e+00,0.000000e+00,8.399294e+05,0.000000e+00,8.399294e+05,0.000000e+00,0.000000e+00,1.248976e+10,5.587935e-09,6.676972e-14,0.000000e+00,0.000000e+00,0.000000e+00,0.000000e+00,4.095040e+08,6.011691e+10,-6.577003e+08,3.600002e+06,1.301932e+07,0.000000e+00,-1.826944e+02,3.668931e+09,6.925143e+09,-1.143841e+08,9.015807e+05,5.000612e+07,4.540000e+02,-1.268706e+02,-1.306681e+08,0.000000e+00,0.000000e+00
1.066098e+01,1.385910e+10,7.476353e+10,-3.685528e+03,3.031765e+03,-9.150291e+08,8.368966e+06,1.078366e-03,3.402838e+07,0.000000e+00,0.000000e+00,8.258151e+05,0.000000e+00,8.258151e+05,0.000000e+00,0.000000e+00,1.249731e+10,5.587935e-09,6.676972e-14,0.000000e+00,0.000000e+00,0.000000e+00,0.000000e+00,4.108730e+08,6.011093e+10,-6.576751e+08,3.600002e+06,1.302300e+07,0.000000e+00,-1.826874e+02,3.671063e+09,6.921277e+09,-1.143545e+08,9.014551e+05,5.005557e+07,4.550000e+02,-1.268555e+02,-1.307229e+08,0.000000e+00,0.000000e+00
1.068039e+01,1.386702e+10,7.475584e+10,-3.427079e+03,4.767837e+03,-9.150286e+08,8.368966e+06,1.078371e-03,3.384425e+07,0.000000e+00,0.000000e+00,6.527853e+05,0.000000e+00,6.527853e+05,0.000000e+00,0.000000e+00,1.250401e+10,5.587935e-09,6.676972e-14,0.000000e+00,0.000000e+00,0.000000e+00,0.000000e+00,4.113570e+08,6.010619e+10,-6.576516e+08,3.600002e+06,1.302658e+07,0.000000e+00,-1.826809e+02,3.672454e+09,6.918215e+09,-1.143281e+08,9.014551e+05,5.010251e+07,4.550000e+02,-1.268261e+02,-1.307726e+08,0.000000e+00,0.000000e+00
1.070088e+01,1.387478e+10,7.474826e+10,-3.358317e+03,6.366738e+03,-9.150278e+08,8.368966e+06,1.078293e-03,3.383656e+07,0.000000e+00,0.000000e+00,4.150882e+05,0.000000e+00,4.150882e+05,0.000000e+00,0.000000e+00,1.251116e+10,5.587935e-09,6.676972e-14,0.000000e+00,0.000000e+00,0.000000e+00,0.000000e+00,4.119877e+08,6.010194e+10,-6.576316e+08,3.600002e+06,1.302982e+07,0.000000e+00,-1.826753e+02,3.673090e+09,6.915576e+09,-1.143027e+08,9.013294e+05,5.015109e+07,4.560000e+02,-1.268156e+02,-1.308175e+08,0.000000e+00,0.000000e+00
1.072028e+01,1.388294e+10,7.473980e+10,-3.428703e+03,7.593446e+03,-9.150271e+08,8.368966e+06,1.078244e-03,3.421417e+07,0.000000e+00,0.000000e+00,2.306610e+05,0.000000e+00,2.306610e+05,0.000000e+00,0.000000e+00,1.251794e+10,5.587935e-09,6.676972e-14,0.000000e+00,0.000000e+00,0.000000e+00,0.000000e+00,4.133785e+08,6.009879e+10,-6.576217e+08,3.600002e+06,1.303302e+07,0.000000e+00,-1.826726e+02,3.673705e+09,6.913224e+09,-1.142815e+08,9.013294e+05,5.019894e+07,4.560000e+02,-1.267922e+02,-1.308477e+08,0.000000e+00,0.000000e+00
1.074077e+01,1.389271e+10,7.473015e+10,-3.419912e+03,8.744336e+03,-9.150264e+08,8.368966e+06,1.078326e-03,3.403043e+07,0.000000e+00,0.000000e+00,1.858410e+05,0.000000e+00,1.858410e+05,0.000000e+00,0.000000e+00,1.252493e+10,5.587935e-09,6.676972e-14,0.000000e+00,0.000000e+00,0.000000e+00,0.000000e+00,4.156798e+08,6.009624e+10,-6.576199e+08,3.600002e+06,1.303645e+07,0.000000e+00,-1.826721e+02,3.674786e+09,6.911284e+09,-1.142650e+08,9.012039e+05,5.024790e+07,4.570000e+02,-1.267915e+02,-1.308655e+08,0.000000e+00,0.000000e+00
1.076018e+01,1.390157e+10,7.472154e+10,-3.278321e+03,9.718461e+03,-9.150261e+08,8.368966e+06,1.078399e-03,3.368240e+07,0.000000e+00,0.000000e+00,2.025402e+05,0.000000e+00,2.025402e+05,0.000000e+00,0.000000e+00,1.253144e+10,5.587935e-09,6.676972e-14,0.000000e+00,0.000000e+00,0.000000e+00,0.000000e+00,4.175997e+08,6.009437e+10,-6.576198e+08,3.600002e+06,1.303990e+07,0.000000e+00,-1.826721e+02,3.675885e+09,6.909597e+09,-1.142507e+08,9.010782e+05,5.029624e+07,4.580000e+02,-1.267933e+02,-1.308800e+08,0.000000e+00,0.000000e+00
1.078067e+01,1.391008e+10,7.471297e+10,-3.050629e+03,1.081893e+04,-9.150262e+08,8.368966e+06,1.078374e-03,3.369299e+07,0.000000e+00,0.000000e+00,1.668462e+05,0.000000e+00,1.668462e+05,0.000000e+00,0.000000e+00,1.253818e+10,5.587935e-09,6.676972e-14,0.000000e+00,0.000000e+00,0.000000e+00,0.000000e+00,4.190044e+08,6.009216e+10,-6.576150e+08,3.600002e+06,1.304392e+07,0.000000e+00,-1.826707e+02,3.676894e+09,6.907580e+09,-1.142354e+08,9.010782e+05,5.034637e+07,4.580000e+02,-1.267763e+02,-1.309005e+08,0.000000e+00,0.000000e+00
1.080008e+01,1.391726e+10,7.470533e+10,-2.806066e+03,1.198925e+04,-9.150269e+08,8.368966e+06,1.078351e-03,3.398169e+07,0.000000e+00,0.000000e+00,2.276971e+05,0.000000e+00,2.276971e+05,0.000000e+00,0.000000e+00,1.254470e+10,5.587935e-09,6.676972e-14,0.000000e+00,0.000000e+00,0.000000e+00,0.000000e+00,4.195930e+08,6.008911e+10,-6.576017e+08,3.600002e+06,1.304709e+07,0.000000e+00,-1.826670e+02,3.677775e+09,6.905395e+09,-1.142221e+08,9.010782e+05,5.039385e+07,4.580000e+02,-1.267616e+02,-1.309276e+08,0.000000e+00,0.000000e+00
1.082057e+01,1.392352e+10,7.469923e+10,-2.533065e+03,1.299866e+04,-9.150285e+08,8.368966e+06,1.078341e-03,3.372690e+07,0.000000e+00,0.000000e+00,2.507435e+05,0.000000e+00,2.507435e+05,0.000000e+00,0.000000e+00,1.255174e+10,5.587935e-09,6.676972e-14,0.000000e+00,0.000000e+00,0.000000e+00,0.000000e+00,4.185061e+08,6.008660e+10,-6.575828e+08,3.600002e+06,1.305040e+07,0.000000e+00,-1.826618e+02,3.679183e+09,6.903111e+09,-1.142055e+08,9.008271e+05,5.044244e+07,4.600000e+02,-1.267785e+02,-1.309632e+08,0.000000e+00,0.000000e+00
1.084106e+01,1.392990e+10,7.469314e+10,-2.237969e+03,1.326334e+04,-9.150307e+08,8.368966e+06,1.078326e-03,3.347104e+07,0.000000e+00,0.000000e+00,1.212338e+05,0.000000e+00,1.212338e+05,0.000000e+00,0.000000e+00,1.255872e+10,5.587935e-09,6.676972e-14,0.000000e+00,0.000000e+00,0.000000e+00,0.000000e+00,4.170539e+08,6.008571e+10,-6.575703e+08,3.600002e+06,1.305400e+07,0.000000e+00,-1.826583e+02,3.681106e+09,6.900352e+09,-1.141893e+08,9.008271e+05,5.048980e+07,4.600000e+02,-1.267605e+02,-1.309912e+08,0.000000e+00,0.000000e+00
1.086047e+01,1.393681e+10,7.468637e+10,-1.887659e+03,1.306169e+04,-9.150335e+08,8.368966e+06,1.078339e-03,3.325577e+07,0.000000e+00,0.000000e+00,1.138125e+05,0.000000e+00,1.138125e+05,0.000000e+00,0.000000e+00,1.256517e+10,5.587935e-09,6.676972e-14,0.000000e+00,0.000000e+00,0.000000e+00,0.000000e+00,4.168162e+08,6.008555e+10,-6.575679e+08,3.600002e+06,1.305738e+07,0.000000e+00,-1.826577e+02,3.682682e+09,6.897652e+09,-1.141747e+08,9.007014e+05,5.053278e+07,4.610000e+02,-1.267620e+02,-1.310079e+08,0.000000e+00,0.000000e+00
1.088096e+01,1.394434e+10,7.467880e+10,-1.461185e+03,1.292453e+04,-9.150372e+08,8.368966e+06,1.078207e-03,3.293298e+07,0.000000e+00,0.000000e+00,3.694465e+05,0.000000e+00,3.694465e+05,0.000000e+00,0.000000e+00,1.257170e+10,5.587935e-09,6.676972e-14,0.000000e+00,0.000000e+00,0.000000e+00,0.000000e+00,4.172628e+08,6.008517e+10,-6.575679e+08,3.600002e+06,1.306116e+07,0.000000e+00,-1.826577e+02,3.684007e+09,6.895303e+09,-1.141533e+08,9.007014e+05,5.057715e+07,4.610000e+02,-1.267382e+02,-1.310299e+08,0.000000e+00,0.000000e+00
1.090036e+01,1.395154e+10,7.467083e+10,-1.032120e+03,1.286110e+04,-9.150411e+08,8.368966e+06,1.078167e-03,3.321654e+07,0.000000e+00,0.000000e+00,6.931838e+05,0.000000e+00,6.931838e+05,0.000000e+00,0.000000e+00,1.257799e+10,5.587935e-09,6.676972e-14,0.000000e+00,0.000000e+00,0.000000e+00,0.000000e+00,4.177548e+08,6.008470e+10,-6.575679e+08,3.600002e+06,1.306416e+07,0.000000e+00,-1.826577e+02,3.685418e+09,6.892911e+09,-1.141220e+08,9.007014e+05,5.061935e+07,4.610000e+02,-1.267035e+02,-1.310616e+08,0.000000e+00,0.000000e+00
1.092085e+01,1.395849e+10,7.466385e+10,-5.548227e+02,1.256668e+04,-9.150455e+08,8.368966e+06,1.078138e-03,3.320848e+07,0.000000e+00,0.000000e+00,6.158739e+05,0.000000e+00,6.158739e+05,0.000000e+00,0.000000e+00,1.258484e+10,5.587935e-09,6.676972e-14,0.000000e+00,0.000000e+00,0.000000e+00,0.000000e+00,4.173256e+08,6.008497e+10,-6.575679e+08,3.600002e+06,1.306722e+07,0.000000e+00,-1.826577e+02,3.687239e+09,6.890394e+09,-1.140872e+08,9.007014e+05,5.066459e+07,4.610000e+02,-1.266648e+02,-1.310963e+08,0.000000e+00,0.000000e+00
1.094026e+01,1.396460e+10,7.465781e+10,-1.134037e+02,1.186223e+04,-9.150496e+08,8.368966e+06,1.078223e-03,3.305822e+07,0.000000e+00,0.000000e+00,5.685642e+05,0.000000e+00,5.685642e+05,0.000000e+00,0.000000e+00,1.259142e+10,5.587935e-09,6.676972e-14,0.000000e+00,0.000000e+00,0.000000e+00,0.000000e+00,4.165573e+08,6.008558e+10,-6.575679e+08,3.600002e+06,1.307097e+07,0.000000e+00,-1.826577e+02,3.688886e+09,6.887588e+09,-1.140565e+08,9.007014e+05,5.071110e+07,4.610000e+02,-1.266308e+02,-1.311269e+08,0.000000e+00,0.000000e+00
1.096074e+01,1.397217e+10,7.464967e+10,2.921020e+02,1.062975e+04,-9.150536e+08,8.368966e+06,1.078346e-03,3.363167e+07,0.000000e+00,0.000000e+00,4.581097e+05,0.000000e+00,4.581097e+05,0.000000e+00,0.000000e+00,1.259832e+10,5.587935e-09,6.676972e-14,0.000000e+00,0.000000e+00,0.000000e+00,0.000000e+00,4.174187e+08,6.008474e+10,-6.575679e+08,3.600002e+06,1.307463e+07,0.000000e+00,-1.826577e+02,3.689953e+09,6.884142e+09,-1.140239e+08,9.007014e+05,5.076266e+07,4.610000e+02,-1.265945e+02,-1.311595e+08,0.000000e+00,0.000000e+00
1.098015e+01,1.398022e+10,7.464165e+10,6.574716e+02,9.193723e+03,-9.150568e+08,8.368966e+06,1.078375e-03,3.354771e+07,0.000000e+00,0.000000e+00,4.077634e+05,0.000000e+00,4.077634e+05,0.000000e+00,0.000000e+00,1.260491e+10,5.587935e-09,6.676972e-14,0.000000e+00,0.000000e+00,0.000000e+00,0.000000e+00,4.191074e+08,6.008316e+10,-6.575679e+08,3.600002e+06,1.307769e+07,0.000000e+00,-1.826577e+02,3.690993e+09,6.880886e+09,-1.139942e+08,9.007014e+05,5.081794e+07,4.610000e+02,-1.265615e+02,-1.311892e+08,0.000000e+00,0.000000e+00
1.100064e+01,1.398829e+10,7.463390e+10,1.000283e+03,7.722778e+03,-9.150598e+08,8.368966e+06,1.078260e-03,3.313199e+07,0.000000e+00,0.000000e+00,3.873948e+05,0.000000e+00,3.873948e+05,0.000000e+00,0.000000e+00,1.261179e+10,5.587935e-09,6.676972e-14,0.000000e+00,0.000000e+00,0.000000e+00,0.000000e+00,4.201463e+08,6.008212e+10,-6.575679e+08,3.600002e+06,1.308092e+07,0.000000e+00,-1.826577e+02,3.692606e+09,6.877354e+09,-1.139626e+08,9.007014e+05,5.087528e+07,4.610000e+02,-1.265265e+02,-1.312209e+08,0.000000e+00,0.000000e+00
1.102005e+01,1.399468e+10,7.462701e+10,1.251177e+03,6.535960e+03,-9.150621e+08,8.368966e+06,1.078371e-03,3.345232e+07,0.000000e+00,0.000000e+00,4.563149e+05,0.000000e+00,4.563149e+05,0.000000e+00,0.000000e+00,1.261842e+10,5.587935e-09,6.676972e-14,0.000000e+00,0.000000e+00,0.000000e+00,0.000000e+00,4.202518e+08,6.008198e+10,-6.575679e+08,3.600002e+06,1.308397e+07,0.000000e+00,-1.826577e+02,3.693796e+09,6.873829e+09,-1.139298e+08,9.007014e+05,5.093285e+07,4.610000e+02,-1.264901e+02,-1.312539e+08,0.000000e+00,0.000000e+00
1.104054e+01,1.400075e+10,7.462077e+10,1.326089e+03,5.491026e+03,-9.150641e+08,8.368966e+06,1.078390e-03,3.344066e+07,0.000000e+00,0.000000e+00,4.940956e+05,0.000000e+00,4.940956e+05,0.000000e+00,0.000000e+00,1.262536e+10,5.587935e-09,6.676972e-14,0.000000e+00,0.000000e+00,0.000000e+00,0.000000e+00,4.203307e+08,6.008192e+10,-6.575679e+08,3.600002e+06,1.308753e+07,0.000000e+00,-1.826577e+02,3.694421e+09,6.870874e+09,-1.138916e+08,9.007014e+05,5.099113e+07,4.610000e+02,-1.264476e+02,-1.312922e+08,0.000000e+00,0.000000e+00
1.106103e+01,1.400823e+10,7.461326e+10,1.213575e+03,4.311171e+03,-9.150657e+08,8.368966e+06,1.078281e-03,3.342594e+07,0.000000e+00,0.000000e+00,3.879330e+05,0.000000e+00,3.879330e+05,0.000000e+00,0.000000e+00,1.263199e+10,5.587935e-09,6.676972e-14,0.000000e+00,0.000000e+00,0.000000e+00,0.000000e+00,4.216919e+08,6.008069e+10,-6.575679e+08,3.600002e+06,1.309108e+07,0.000000e+00,-1.826577e+02,3.695153e+09,6.868314e+09,-1.138539e+08,9.007014e+05,5.104679e+07,4.610000e+02,-1.264058e+02,-1.313297e+08,0.000000e+00,0.000000e+00
1.108044e+01,1.401638e+10,7.460504e+10,1.035164e+03,2.755297e+03,-9.150668e+08,8.368966e+06,1.078313e-03,3.346345e+07,0.000000e+00,0.000000e+00,3.094851e+05,0.000000e+00,3.094851e+05,0.000000e+00,0.000000e+00,1.263828e+10,5.587935e-09,6.676972e-14,0.000000e+00,0.000000e+00,0.000000e+00,0.000000e+00,4.235888e+08,6.007882e+10,-6.575679e+08,3.600002e+06,1.309391e+07,0.000000e+00,-1.826577e+02,3.696397e+09,6.865326e+09,-1.138231e+08,9.007014e+05,5.109872e+07,4.610000e+02,-1.263716e+02,-1.313602e+08,0.000000e+00,0.000000e+00
1.110093e+01,1.402425e+10,7.459767e+10,9.027946e+02,6.576434e+02,-9.150677e+08,8.368966e+06,1.078351e-03,3.298435e+07,0.000000e+00,0.000000e+00,2.104757e+05,0.000000e+00,2.104757e+05,0.000000e+00,0.000000e+00,1.264528e+10,5.587935e-09,6.676972e-14,0.000000e+00,0.000000e+00,0.000000e+00,0.000000e+00,4.247737e+08,6.007747e+10,-6.575679e+08,3.600002e+06,1.309699e+07,0.000000e+00,-1.826577e+02,3.697782e+09,6.862242e+09,-1.137970e+08,9.007014e+05,5.115160e+07,4.610000e+02,-1.263427e+02,-1.313859e+08,0.000000e+00,0.000000e+00
1.112034e+01,1.403093e+10,7.459054e+10,9.298121e+02,-1.392125e+03,-9.150683e+08,8.368966e+06,1.078447e-03,3.338656e+07,0.000000e+00,0.000000e+00,1.834289e+05,0.000000e+00,1.834289e+05,0.000000e+00,0.000000e+00,1.265163e+10,5.587935e-09,6.676972e-14,0.000000e+00,0.000000e+00,0.000000e+00,0.000000e+00,4.260967e+08,6.007609e+10,-6.575679e+08,3.600002e+06,1.310021e+07,0.000000e+00,-1.826577e+02,3.698309e+09,6.859408e+09,-1.137758e+08,9.007014e+05,5.120003e+07,4.610000e+02,-1.263191e+02,-1.314070e+08,0.000000e+00,0.000000e+00
1.114083e+01,1.403866e+10,7.458274e+10,1.186197e+03,-3.229869e+03,-9.150690e+08,8.368966e+06,1.078389e-03,3.338062e+07,0.000000e+00,0.000000e+00,1.841424e+05,0.000000e+00,1.841424e+05,0.000000e+00,0.000000e+00,1.265788e+10,5.587935e-09,6.676972e-14,0.000000e+00,0.000000e+00,0.000000e+00,0.000000e+00,4.285366e+08,6.007369e+10,-6.575676e+08,3.600002e+06,1.310368e+07,0.000000e+00,-1.826575e+02,3.698650e+09,6.856999e+09,-1.137546e+08,9.007014e+05,5.125042e+07,4.610000e+02,-1.262955e+02,-1.314287e+08,0.000000e+00,0.000000e+00
1.116024e+01,1.404606e+10,7.457561e+10,1.543317e+03,-4.643730e+03,-9.150697e+08,8.368966e+06,1.078365e-03,3.305508e+07,0.000000e+00,0.000000e+00,1.681094e+05,0.000000e+00,1.681094e+05,0.000000e+00,0.000000e+00,1.266359e+10,5.587935e-09,6.676972e-14,0.000000e+00,0.000000e+00,0.000000e+00,0.000000e+00,4.305320e+08,6.007150e+10,-6.575663e+08,3.600002e+06,1.310700e+07,0.000000e+00,-1.826572e+02,3.699292e+09,6.854406e+09,-1.137347e+08,9.007014e+05,5.129500e+07,4.610000e+02,-1.262735e+02,-1.314499e+08,0.000000e+00,0.000000e+00
1.118073e+01,1.405232e+10,7.456909e+10,1.842048e+03,-6.050248e+03,-9.150703e+08,8.368966e+06,1.078411e-03,3.323235e+07,0.000000e+00,0.000000e+00,1.683028e+05,0.000000e+00,1.683028e+05,0.000000e+00,0.000000e+00,1.266981e+10,5.587935e-09,6.676972e-14,0.000000e+00,0.000000e+00,0.000000e+00,0.000000e+00,4.310399e+08,6.007036e+10,-6.575631e+08,3.600002e+06,1.311031e+07,0.000000e+00,-1.826563e+02,3.700047e+09,6.851248e+09,-1.137121e+08,9.007014e+05,5.134142e+07,4.610000e+02,-1.262484e+02,-1.314760e+08,0.000000e+00,0.000000e+00
1.120014e+01,1.405634e+10,7.456488e+10,2.010663e+03,-7.470761e+03,-9.150707e+08,8.368966e+06,1.078495e-03,3.331564e+07,0.000000e+00,0.000000e+00,2.084875e+05,0.000000e+00,2.084875e+05,0.000000e+00,0.000000e+00,1.267571e+10,5.587935e-09,6.676972e-14,0.000000e+00,0.000000e+00,0.000000e+00,0.000000e+00,4.296883e+08,6.007070e+10,-6.575584e+08,3.600002e+06,1.311347e+07,0.000000e+00,-1.826550e+02,3.700746e+09,6.848338e+09,-1.136882e+08,9.007014e+05,5.138316e+07,4.610000e+02,-1.262218e+02,-1.315048e+08,0.000000e+00,0.000000e+00
1.122063e+01,1.405994e+10,7.456099e+10,2.191059e+03,-9.087609e+03,-9.150707e+08,8.368966e+06,1.078451e-03,3.348849e+07,0.000000e+00,0.000000e+00,2.478181e+05,0.000000e+00,2.478181e+05,0.000000e+00,0.000000e+00,1.268178e+10,5.587935e-09,6.676972e-14,0.000000e+00,0.000000e+00,0.000000e+00,0.000000e+00,4.275105e+08,6.007187e+10,-6.575533e+08,3.600002e+06,1.311709e+07,0.000000e+00,-1.826536e+02,3.701595e+09,6.845062e+09,-1.136613e+08,9.007014e+05,5.142446e+07,4.610000e+02,-1.261920e+02,-1.315368e+08,0.000000e+00,0.000000e+00
1.124004e+01,1.406413e+10,7.455692e+10,2.411429e+03,-1.059568e+04,-9.150703e+08,8.368966e+06,1.078330e-03,3.333513e+07,0.000000e+00,0.000000e+00,2.149352e+05,0.000000e+00,2.149352e+05,0.000000e+00,0.000000e+00,1.268740e+10,5.587935e-09,6.676972e-14,0.000000e+00,0.000000e+00,0.000000e+00,0.000000e+00,4.261064e+08,6.007272e+10,-6.575496e+08,3.600002e+06,1.312053e+07,0.000000e+00,-1.826526e+02,3.702608e+09,6.842298e+09,-1.136350e+08,9.007014e+05,5.146354e+07,4.610000e+02,-1.261628e+02,-1.315666e+08,0.000000e+00,0.000000e+00
1.126053e+01,1.406956e+10,7.455180e+10,2.665258e+03,-1.190759e+04,-9.150696e+08,8.368966e+06,1.078280e-03,3.301476e+07,0.000000e+00,0.000000e+00,1.496991e+05,0.000000e+00,1.496991e+05,0.000000e+00,0.000000e+00,1.269341e+10,5.587935e-09,6.676972e-14,0.000000e+00,0.000000e+00,0.000000e+00,0.000000e+00,4.251352e+08,6.007345e+10,-6.575477e+08,3.600002e+06,1.312395e+07,0.000000e+00,-1.826520e+02,3.704083e+09,6.839046e+09,-1.136110e+08,9.005758e+05,5.150344e+07,4.620000e+02,-1.261537e+02,-1.315922e+08,0.000000e+00,0.000000e+00
1.128102e+01,1.407490e+10,7.454654e+10,2.901629e+03,-1.263219e+04,-9.150688e+08,8.368966e+06,1.078301e-03,3.288453e+07,0.000000e+00,0.000000e+00,1.380224e+05,0.000000e+00,1.380224e+05,0.000000e+00,0.000000e+00,1.269927e+10,5.587935e-09,6.676972e-14,0.000000e+00,0.000000e+00,0.000000e+00,0.000000e+00,4.242979e+08,6.007427e+10,-6.575474e+08,3.600002e+06,1.312707e+07,0.000000e+00,-1.826519e+02,3.705326e+09,6.835924e+09,-1.135892e+08,9.005758e+05,5.154212e+07,4.620000e+02,-1.261295e+02,-1.316142e+08,0.000000e+00,0.000000e+00
1.130043e+01,1.407954e+10,7.454191e+10,3.050856e+03,-1.297678e+04,-9.150678e+08,8.368966e+06,1.078304e-03,3.280943e+07,0.000000e+00,0.000000e+00,1.401572e+05,0.000000e+00,1.401572e+05,0.000000e+00,0.000000e+00,1.270471e+10,5.587935e-09,6.676972e-14,0.000000e+00,0.000000e+00,0.000000e+00,0.000000e+00,4.235946e+08,6.007498e+10,-6.575474e+08,3.600002e+06,1.313003e+07,0.000000e+00,-1.826519e+02,3.706007e+09,6.833469e+09,-1.135687e+08,9.005758e+05,5.157824e+07,4.620000e+02,-1.261068e+02,-1.316349e+08,0.000000e+00,0.000000e+00
1.132091e+01,1.408402e+10,7.453715e+10,3.133688e+03,-1.346884e+04,-9.150662e+08,8.368966e+06,1.078345e-03,3.289288e+07,0.000000e+00,0.000000e+00,2.576216e+05,0.000000e+00,2.576216e+05,0.000000e+00,0.000000e+00,1.271033e+10,5.587935e-09,6.676972e-14,0.000000e+00,0.000000e+00,0.000000e+00,0.000000e+00,4.224248e+08,6.007606e+10,-6.575472e+08,3.600002e+06,1.313325e+07,0.000000e+00,-1.826519e+02,3.706875e+09,6.830405e+09,-1.135423e+08,9.005758e+05,5.161637e+07,4.620000e+02,-1.260775e+02,-1.316616e+08,0.000000e+00,0.000000e+00
1.134032e+01,1.408812e+10,7.453310e+10,3.231035e+03,-1.421744e+04,-9.150639e+08,8.368966e+06,1.078253e-03,3.271459e+07,0.000000e+00,0.000000e+00,3.079467e+05,0.000000e+00,3.079467e+05,0.000000e+00,0.000000e+00,1.271574e+10,5.587935e-09,6.676972e-14,0.000000e+00,0.000000e+00,0.000000e+00,0.000000e+00,4.210730e+08,6.007733e+10,-6.575470e+08,3.600002e+06,1.313636e+07,0.000000e+00,-1.826518e+02,3.707874e+09,6.828216e+09,-1.135169e+08,9.004502e+05,5.165106e+07,4.630000e+02,-1.260668e+02,-1.316870e+08,0.000000e+00,0.000000e+00
1.136081e+01,1.409162e+10,7.452947e+10,3.454141e+03,-1.501749e+04,-9.150607e+08,8.368966e+06,1.078386e-03,3.290462e+07,0.000000e+00,0.000000e+00,1.716382e+05,0.000000e+00,1.716382e+05,0.000000e+00,0.000000e+00,1.272142e+10,5.587935e-09,6.676972e-14,0.000000e+00,0.000000e+00,0.000000e+00,0.000000e+00,4.189284e+08,6.007942e+10,-6.575470e+08,3.600002e+06,1.313962e+07,0.000000e+00,-1.826518e+02,3.708801e+09,6.825956e+09,-1.134961e+08,9.003246e+05,5.168952e+07,4.640000e+02,-1.260613e+02,-1.317075e+08,0.000000e+00,0.000000e+00
1.138022e+01,1.409404e+10,7.452678e+10,3.858284e+03,-1.541817e+04,-9.150570e+08,8.368966e+06,1.078382e-03,3.309937e+07,0.000000e+00,0.000000e+00,1.799950e+05,0.000000e+00,1.799950e+05,0.000000e+00,0.000000e+00,1.272676e+10,5.587935e-09,6.676972e-14,0.000000e+00,0.000000e+00,0.000000e+00,0.000000e+00,4.160604e+08,6.008220e+10,-6.575470e+08,3.600002e+06,1.314266e+07,0.000000e+00,-1.826518e+02,3.709516e+09,6.823489e+09,-1.134778e+08,9.003246e+05,5.172422e+07,4.640000e+02,-1.260410e+02,-1.317259e+08,0.000000e+00,0.000000e+00
1.140071e+01,1.409727e+10,7.452372e+10,4.418547e+03,-1.542332e+04,-9.150523e+08,8.368966e+06,1.078309e-03,3.282088e+07,0.000000e+00,0.000000e+00,2.383698e+05,0.000000e+00,2.383698e+05,0.000000e+00,0.000000e+00,1.273229e+10,5.587935e-09,6.676972e-14,0.000000e+00,0.000000e+00,0.000000e+00,0.000000e+00,4.135748e+08,6.008469e+10,-6.575470e+08,3.600002e+06,1.314594e+07,0.000000e+00,-1.826518e+02,3.710387e+09,6.820855e+09,-1.134570e+08,9.003246e+05,5.176096e+07,4.640000e+02,-1.260178e+02,-1.317468e+08,0.000000e+00,0.000000e+00
1.142012e+01,1.410135e+10,7.451951e+10,4.888068e+03,-1.498735e+04,-9.150474e+08,8.368966e+06,1.078223e-03,3.278511e+07,0.000000e+00,0.000000e+00,3.683534e+05,0.000000e+00,3.683534e+05,0.000000e+00,0.000000e+00,1.273749e+10,5.587935e-09,6.676972e-14,0.000000e+00,0.000000e+00,0.000000e+00,0.000000e+00,4.122038e+08,6.008603e+10,-6.575470e+08,3.600002e+06,1.314914e+07,0.000000e+00,-1.826518e+02,3.711290e+09,6.817838e+09,-1.134347e+08,9.003246e+05,5.179507e+07,4.640000e+02,-1.259931e+02,-1.317692e+08,0.000000e+00,0.000000e+00
1.144061e+01,1.410623e+10,7.451425e+10,5.163631e+03,-1.402989e+04,-9.150419e+08,8.368966e+06,1.078264e-03,3.307978e+07,0.000000e+00,0.000000e+00,3.954594e+05,0.000000e+00,3.954594e+05,0.000000e+00,0.000000e+00,1.274300e+10,5.587935e-09,6.676972e-14,0.000000e+00,0.000000e+00,0.000000e+00,0.000000e+00,4.115589e+08,6.008667e+10,-6.575470e+08,3.600002e+06,1.315272e+07,0.000000e+00,-1.826518e+02,3.712067e+09,6.815229e+09,-1.134125e+08,9.000734e+05,5.183143e+07,4.660000e+02,-1.260036e+02,-1.317913e+08,0.000000e+00,0.000000e+00
1.146002e+01,1.411172e+10,7.450894e+10,5.210815e+03,-1.295200e+04,-9.150365e+08,8.368966e+06,1.078327e-03,3.293531e+07,0.000000e+00,0.000000e+00,3.025732e+05,0.000000e+00,3.025732e+05,0.000000e+00,0.000000e+00,1.274831e+10,5.587935e-09,6.676972e-14,0.000000e+00,0.000000e+00,0.000000e+00,0.000000e+00,4.116533e+08,6.008664e+10,-6.575470e+08,3.600002e+06,1.315611e+07,0.000000e+00,-1.826518e+02,3.712982e+09,6.813039e+09,-1.133933e+08,9.000734e+05,5.186591e+07,4.660000e+02,-1.259823e+02,-1.318104e+08,0.000000e+00,0.000000e+00
1.148050e+01,1.411794e+10,7.450259e+10,5.147484e+03,-1.195621e+04,-9.150307e+08,8.368966e+06,1.078398e-03,3.302646e+07,0.000000e+00,0.000000e+00,2.741209e+05,0.000000e+00,2.741209e+05,0.000000e+00,0.000000e+00,1.275376e+10,5.587935e-09,6.676972e-14,0.000000e+00,0.000000e+00,0.000000e+00,0.000000e+00,4.123587e+08,6.008598e+10,-6.575470e+08,3.600002e+06,1.315924e+07,0.000000e+00,-1.826518e+02,3.713782e+09,6.810493e+09,-1.133740e+08,9.000734e+05,5.190174e+07,4.660000e+02,-1.259608e+02,-1.318298e+08,0.000000e+00,0.000000e+00
1.150099e+01,1.412403e+10,7.449639e+10,5.086496e+03,-1.113204e+04,-9.150248e+08,8.368966e+06,1.078355e-03,3.307654e+07,0.000000e+00,0.000000e+00,2.517948e+05,0.000000e+00,2.517948e+05,0.000000e+00,0.000000e+00,1.275932e+10,5.587935e-09,6.676972e-14,0.000000e+00,0.000000e+00,0.000000e+00,0.000000e+00,4.131413e+08,6.008519e+10,-6.575470e+08,3.600002e+06,1.316226e+07,0.000000e+00,-1.826518e+02,3.714323e+09,6.808113e+09,-1.133510e+08,9.000734e+05,5.193725e+07,4.660000e+02,-1.259352e+02,-1.318528e+08,0.000000e+00,0.000000e+00
1.152040e+01,1.412917e+10,7.449127e+10,5.025807e+03,-1.038450e+04,-9.150194e+08,8.368966e+06,1.078324e-03,3.304395e+07,0.000000e+00,0.000000e+00,2.099703e+05,0.000000e+00,2.099703e+05,0.000000e+00,0.000000e+00,1.276472e+10,5.587935e-09,6.676972e-14,0.000000e+00,0.000000e+00,0.000000e+00,0.000000e+00,4.134525e+08,6.008481e+10,-6.575470e+08,3.600002e+06,1.316541e+07,0.000000e+00,-1.826518e+02,3.714573e+09,6.806262e+09,-1.133335e+08,9.000734e+05,5.197018e+07,4.660000e+02,-1.259159e+02,-1.318703e+08,0.000000e+00,0.000000e+00
1.154089e+01,1.413418e+10,7.448478e+10,4.964899e+03,-9.615654e+03,-9.150138e+08,8.368966e+06,1.078362e-03,3.340101e+07,0.000000e+00,0.000000e+00,1.146941e+06,0.000000e+00,1.146941e+06,0.000000e+00,0.000000e+00,1.277033e+10,5.587935e-09,6.676972e-14,0.000000e+00,0.000000e+00,0.000000e+00,0.000000e+00,4.136619e+08,6.008450e+10,-6.575470e+08,3.600002e+06,1.316889e+07,0.000000e+00,-1.826518e+02,3.714520e+09,6.804049e+09,-1.132956e+08,9.000734e+05,5.200392e+07,4.660000e+02,-1.258737e+02,-1.319102e+08,0.000000e+00,0.000000e+00
1.156030e+01,1.414016e+10,7.447749e+10,4.900693e+03,-9.080456e+03,-9.150086e+08,8.368966e+06,1.078356e-03,3.424572e+07,0.000000e+00,0.000000e+00,1.497429e+06,0.000000e+00,1.497429e+06,0.000000e+00,0.000000e+00,1.277567e+10,5.587935e-09,6.676972e-14,0.000000e+00,0.000000e+00,0.000000e+00,0.000000e+00,4.143180e+08,6.008382e+10,-6.575470e+08,3.600002e+06,1.317236e+07,0.000000e+00,-1.826518e+02,3.715169e+09,6.803247e+09,-1.132402e+08,9.000734e+05,5.203875e+07,4.660000e+02,-1.258122e+02,-1.319653e+08,0.000000e+00,0.000000e+00
1.158079e+01,1.414795e+10,7.447019e+10,4.761257e+03,-8.861598e+03,-9.150033e+08,8.368966e+06,1.078373e-03,3.401385e+07,0.000000e+00,0.000000e+00,1.005644e+06,0.000000e+00,1.005644e+06,0.000000e+00,0.000000e+00,1.278190e+10,5.587935e-09,6.676972e-14,0.000000e+00,0.000000e+00,0.000000e+00,0.000000e+00,4.152960e+08,6.008289e+10,-6.575470e+08,3.600002e+06,1.317605e+07,0.000000e+00,-1.826518e+02,3.716806e+09,6.801923e+09,-1.131922e+08,9.000734e+05,5.207908e+07,4.660000e+02,-1.257589e+02,-1.320126e+08,0.000000e+00,0.000000e+00
1.160020e+01,1.415474e+10,7.446303e+10,4.525116e+03,-8.989438e+03,-9.149985e+08,8.368966e+06,1.078336e-03,3.423729e+07,0.000000e+00,0.000000e+00,9.235542e+05,0.000000e+00,9.235542e+05,0.000000e+00,0.000000e+00,1.278776e+10,5.587935e-09,6.676972e-14,0.000000e+00,0.000000e+00,0.000000e+00,0.000000e+00,4.154365e+08,6.008278e+10,-6.575470e+08,3.600002e+06,1.317918e+07,0.000000e+00,-1.826518e+02,3.718357e+09,6.799083e+09,-1.131560e+08,9.000734e+05,5.212520e+07,4.660000e+02,-1.257186e+02,-1.320486e+08,0.000000e+00,0.000000e+00
1.162069e+01,1.416077e+10,7.445724e+10,4.238654e+03,-9.333743e+03,-9.149936e+08,8.368966e+06,1.078331e-03,3.425914e+07,0.000000e+00,0.000000e+00,5.006728e+05,0.000000e+00,5.006728e+05,0.000000e+00,0.000000e+00,1.279369e+10,5.587935e-09,6.676972e-14,0.000000e+00,0.000000e+00,0.000000e+00,0.000000e+00,4.146918e+08,6.008352e+10,-6.575470e+08,3.600002e+06,1.318228e+07,0.000000e+00,-1.826518e+02,3.719712e+09,6.796184e+09,-1.131244e+08,9.000734e+05,5.217816e+07,4.660000e+02,-1.256835e+02,-1.320795e+08,0.000000e+00,0.000000e+00
1.164010e+01,1.416607e+10,7.445236e+10,4.016926e+03,-9.586837e+03,-9.149891e+08,8.368966e+06,1.078358e-03,3.399186e+07,0.000000e+00,0.000000e+00,2.226244e+05,0.000000e+00,2.226244e+05,0.000000e+00,0.000000e+00,1.279905e+10,5.587935e-09,6.676972e-14,0.000000e+00,0.000000e+00,0.000000e+00,0.000000e+00,4.135744e+08,6.008453e+10,-6.575470e+08,3.600002e+06,1.318553e+07,0.000000e+00,-1.826518e+02,3.721116e+09,6.793110e+09,-1.131050e+08,8.999478e+05,5.222916e+07,4.670000e+02,-1.256795e+02,-1.320987e+08,0.000000e+00,0.000000e+00
1.166059e+01,1.417097e+10,7.444726e+10,3.805553e+03,-9.839043e+03,-9.149838e+08,8.368966e+06,1.078323e-03,3.414636e+07,0.000000e+00,0.000000e+00,1.897635e+05,0.000000e+00,1.897635e+05,0.000000e+00,0.000000e+00,1.280454e+10,5.587935e-09,6.676972e-14,0.000000e+00,0.000000e+00,0.000000e+00,0.000000e+00,4.121447e+08,6.008585e+10,-6.575470e+08,3.600002e+06,1.318920e+07,0.000000e+00,-1.826518e+02,3.722423e+09,6.790005e+09,-1.130888e+08,8.998222e+05,5.228553e+07,4.680000e+02,-1.256791e+02,-1.321147e+08,0.000000e+00,0.000000e+00
1.168108e+01,1.417515e+10,7.444312e+10,3.672663e+03,-1.024911e+04,-9.149780e+08,8.368966e+06,1.078347e-03,3.404276e+07,0.000000e+00,0.000000e+00,1.681607e+05,0.000000e+00,1.681607e+05,0.000000e+00,0.000000e+00,1.281034e+10,5.587935e-09,6.676972e-14,0.000000e+00,0.000000e+00,0.000000e+00,0.000000e+00,4.108498e+08,6.008717e+10,-6.575470e+08,3.600002e+06,1.319258e+07,0.000000e+00,-1.826518e+02,3.723022e+09,6.787357e+09,-1.130706e+08,8.998222e+05,5.234405e+07,4.680000e+02,-1.256588e+02,-1.321332e+08,0.000000e+00,0.000000e+00
1.170049e+01,1.417944e+10,7.443878e+10,3.717186e+03,-1.093037e+04,-9.149719e+08,8.368966e+06,1.078382e-03,3.392924e+07,0.000000e+00,0.000000e+00,2.209136e+05,0.000000e+00,2.209136e+05,0.000000e+00,0.000000e+00,1.281584e+10,5.587935e-09,6.676972e-14,0.000000e+00,0.000000e+00,0.000000e+00,0.000000e+00,4.097575e+08,6.008832e+10,-6.575470e+08,3.600002e+06,1.319551e+07,0.000000e+00,-1.826518e+02,3.723789e+09,6.784488e+09,-1.130464e+08,8.998222e+05,5.239726e+07,4.680000e+02,-1.256319e+02,-1.321578e+08,0.000000e+00,0.000000e+00
1.172098e+01,1.418362e+10,7.443436e+10,3.904598e+03,-1.190251e+04,-9.149651e+08,8.368966e+06,1.078374e-03,3.406288e+07,0.000000e+00,0.000000e+00,2.415328e+05,0.000000e+00,2.415328e+05,0.000000e+00,0.000000e+00,1.282169e+10,5.587935e-09,6.676972e-14,0.000000e+00,0.000000e+00,0.000000e+00,0.000000e+00,4.081019e+08,6.008991e+10,-6.575470e+08,3.600002e+06,1.319862e+07,0.000000e+00,-1.826518e+02,3.724765e+09,6.782148e+09,-1.130200e+08,8.996966e+05,5.245115e+07,4.690000e+02,-1.256201e+02,-1.321838e+08,0.000000e+00,0.000000e+00
1.174039e+01,1.418738e+10,7.443069e+10,4.061371e+03,-1.296611e+04,-9.149585e+08,8.368966e+06,1.078393e-03,3.395204e+07,0.000000e+00,0.000000e+00,1.469057e+05,0.000000e+00,1.469057e+05,0.000000e+00,0.000000e+00,1.282728e+10,5.587935e-09,6.676972e-14,0.000000e+00,0.000000e+00,0.000000e+00,0.000000e+00,4.061501e+08,6.009189e+10,-6.575470e+08,3.600002e+06,1.320197e+07,0.000000e+00,-1.826518e+02,3.725913e+09,6.780297e+09,-1.130030e+08,8.995710e+05,5.250071e+07,4.700000e+02,-1.256188e+02,-1.322003e+08,0.000000e+00,0.000000e+00
1.176088e+01,1.419150e+10,7.442687e+10,4.143704e+03,-1.424431e+04,-9.149517e+08,8.368966e+06,1.078374e-03,3.360367e+07,0.000000e+00,0.000000e+00,1.228748e+05,0.000000e+00,1.228748e+05,0.000000e+00,0.000000e+00,1.283331e+10,5.587935e-09,6.676972e-14,0.000000e+00,0.000000e+00,0.000000e+00,0.000000e+00,4.042622e+08,6.009379e+10,-6.575470e+08,3.600002e+06,1.320554e+07,0.000000e+00,-1.826518e+02,3.727080e+09,6.778766e+09,-1.129924e+08,8.995710e+05,5.254928e+07,4.700000e+02,-1.256070e+02,-1.322108e+08,0.000000e+00,0.000000e+00
1.178029e+01,1.419508e+10,7.442307e+10,4.186945e+03,-1.565361e+04,-9.149456e+08,8.368966e+06,1.078326e-03,3.375932e+07,0.000000e+00,0.000000e+00,1.266679e+05,0.000000e+00,1.266679e+05,0.000000e+00,0.000000e+00,1.283877e+10,5.587935e-09,6.676972e-14,0.000000e+00,0.000000e+00,0.000000e+00,0.000000e+00,4.023931e+08,6.009561e+10,-6.575470e+08,3.600002e+06,1.320848e+07,0.000000e+00,-1.826518e+02,3.727894e+09,6.777412e+09,-1.129834e+08,8.995710e+05,5.259234e+07,4.700000e+02,-1.255969e+02,-1.322198e+08,0.000000e+00,0.000000e+00
1.180078e+01,1.419891e+10,7.441913e+10,4.222829e+03,-1.749795e+04,-9.149392e+08,8.368966e+06,1.078374e-03,3.376107e+07,0.000000e+00,0.000000e+00,1.575962e+05,0.000000e+00,1.575962e+05,0.000000e+00,0.000000e+00,1.284419e+10,5.587935e-09,6.676972e-14,0.000000e+00,0.000000e+00,0.000000e+00,0.000000e+00,4.006826e+08,6.009727e+10,-6.575470e+08,3.600002e+06,1.321172e+07,0.000000e+00,-1.826518e+02,3.728591e+09,6.776389e+09,-1.129751e+08,8.995710e+05,5.263650e+07,4.700000e+02,-1.255878e+02,-1.322279e+08,0.000000e+00,0.000000e+00
1.182019e+01,1.420319e+10,7.441493e+10,4.266767e+03,-1.979205e+04,-9.149333e+08,8.368966e+06,1.078340e-03,3.356254e+07,0.000000e+00,0.000000e+00,2.246731e+05,0.000000e+00,2.246731e+05,0.000000e+00,0.000000e+00,1.284938e+10,5.587935e-09,6.676972e-14,0.000000e+00,0.000000e+00,0.000000e+00,0.000000e+00,3.999194e+08,6.009805e+10,-6.575470e+08,3.600002e+06,1.321512e+07,0.000000e+00,-1.826518e+02,3.729162e+09,6.775853e+09,-1.129702e+08,8.995710e+05,5.267694e+07,4.700000e+02,-1.255823e+02,-1.322326e+08,0.000000e+00,0.000000e+00
1.184068e+01,1.420863e+10,7.440962e+10,4.316828e+03,-2.248210e+04,-9.149271e+08,8.368966e+06,1.078352e-03,3.347086e+07,0.000000e+00,0.000000e+00,1.153099e+05,0.000000e+00,1.153099e+05,0.000000e+00,0.000000e+00,1.285473e+10,5.587935e-09,6.676972e-14,0.000000e+00,0.000000e+00,0.000000e+00,0.000000e+00,4.003171e+08,6.009780e+10,-6.575470e+08,3.600002e+06,1.321859e+07,0.000000e+00,-1.826518e+02,3.729597e+09,6.775564e+09,-1.129683e+08,8.995710e+05,5.271942e+07,4.700000e+02,-1.255802e+02,-1.322344e+08,0.000000e+00,0.000000e+00
1.186009e+01,1.421396e+10,7.440420e+10,4.275482e+03,-2.491442e+04,-9.149213e+08,8.368966e+06,1.078400e-03,3.344902e+07,0.000000e+00,0.000000e+00,1.546152e+05,0.000000e+00,1.546152e+05,0.000000e+00,0.000000e+00,1.285953e+10,5.587935e-09,6.676972e-14,0.000000e+00,0.000000e+00,0.000000e+00,0.000000e+00,4.013804e+08,6.009687e+10,-6.575470e+08,3.600002e+06,1.322133e+07,0.000000e+00,-1.826518e+02,3.729512e+09,6.775262e+09,-1.129657e+08,8.995710e+05,5.275745e+07,4.700000e+02,-1.255773e+02,-1.322372e+08,0.000000e+00,0.000000e+00
1.188058e+01,1.421937e+10,7.439868e+10,4.091715e+03,-2.707705e+04,-9.149151e+08,8.368966e+06,1.078430e-03,3.346022e+07,0.000000e+00,0.000000e+00,1.981967e+05,0.000000e+00,1.981967e+05,0.000000e+00,0.000000e+00,1.286494e+10,5.587935e-09,6.676972e-14,0.000000e+00,0.000000e+00,0.000000e+00,0.000000e+00,4.020668e+08,6.009618e+10,-6.575470e+08,3.600002e+06,1.322415e+07,0.000000e+00,-1.826518e+02,3.729689e+09,6.774787e+09,-1.129597e+08,8.995710e+05,5.279617e+07,4.700000e+02,-1.255706e+02,-1.322433e+08,0.000000e+00,0.000000e+00
1.190107e+01,1.422450e+10,7.439340e+10,3.787603e+03,-2.920418e+04,-9.149088e+08,8.368966e+06,1.078493e-03,3.351698e+07,0.000000e+00,0.000000e+00,2.055475e+05,0.000000e+00,2.055475e+05,0.000000e+00,0.000000e+00,1.287033e+10,5.587935e-09,6.676972e-14,0.000000e+00,0.000000e+00,0.000000e+00,0.000000e+00,4.024769e+08,6.009574e+10,-6.575470e+08,3.600002e+06,1.322726e+07,0.000000e+00,-1.826518e+02,3.729875e+09,6.774317e+09,-1.129534e+08,8.995710e+05,5.283339e+07,4.700000e+02,-1.255636e+02,-1.322497e+08,0.000000e+00,0.000000e+00
1.192048e+01,1.422934e+10,7.438833e+10,3.500346e+03,-3.168179e+04,-9.149026e+08,8.368966e+06,1.078512e-03,3.352501e+07,0.000000e+00,0.000000e+00,3.105448e+05,0.000000e+00,3.105448e+05,0.000000e+00,0.000000e+00,1.287513e+10,5.587935e-09,6.676972e-14,0.000000e+00,0.000000e+00,0.000000e+00,0.000000e+00,4.030563e+08,6.009514e+10,-6.575470e+08,3.600002e+06,1.323014e+07,0.000000e+00,-1.826518e+02,3.729875e+09,6.773930e+09,-1.129461e+08,8.995710e+05,5.286839e+07,4.700000e+02,-1.255555e+02,-1.322568e+08,0.000000e+00,0.000000e+00
1.194097e+01,1.423503e+10,7.438155e+10,3.335869e+03,-3.443707e+04,-9.148958e+08,8.368966e+06,1.078438e-03,3.376565e+07,0.000000e+00,0.000000e+00,9.482238e+05,0.000000e+00,9.482238e+05,0.000000e+00,0.000000e+00,1.288024e+10,5.587935e-09,6.676972e-14,0.000000e+00,0.000000e+00,0.000000e+00,0.000000e+00,4.039592e+08,6.009419e+10,-6.575470e+08,3.600002e+06,1.323315e+07,0.000000e+00,-1.826518e+02,3.730169e+09,6.775023e+09,-1.129477e+08,8.995710e+05,5.290955e+07,4.700000e+02,-1.255573e+02,-1.322548e+08,0.000000e+00,0.000000e+00
1.196038e+01,1.424250e+10,7.437180e+10,3.355318e+03,-3.646118e+04,-9.148891e+08,8.368966e+06,1.078379e-03,3.431594e+07,0.000000e+00,0.000000e+00,2.248778e+06,0.000000e+00,2.248778e+06,0.000000e+00,0.000000e+00,1.288512e+10,5.587935e-09,6.676972e-14,0.000000e+00,0.000000e+00,0.000000e+00,0.000000e+00,4.062570e+08,6.009191e+10,-6.575470e+08,3.600002e+06,1.323618e+07,0.000000e+00,-1.826518e+02,3.730961e+09,6.775249e+09,-1.129371e+08,8.995710e+05,5.294974e+07,4.700000e+02,-1.255455e+02,-1.322672e+08,0.000000e+00,0.000000e+00
1.198087e+01,1.425363e+10,7.436101e+10,3.631565e+03,-3.769937e+04,-9.148818e+08,8.368966e+06,1.078318e-03,3.509546e+07,0.000000e+00,0.000000e+00,8.981049e+05,0.000000e+00,8.981049e+05,0.000000e+00,0.000000e+00,1.289187e+10,5.587935e-09,6.676972e-14,0.000000e+00,0.000000e+00,0.000000e+00,0.000000e+00,4.100155e+08,6.008822e+10,-6.575470e+08,3.600002e+06,1.323941e+07,0.000000e+00,-1.826518e+02,3.733556e+09,6.774890e+09,-1.129055e+08,8.995710e+05,5.299742e+07,4.700000e+02,-1.255104e+02,-1.322986e+08,0.000000e+00,0.000000e+00
1.200028e+01,1.426267e+10,7.435230e+10,4.136643e+03,-3.813404e+04,-9.148748e+08,8.368966e+06,1.078341e-03,3.471530e+07,0.000000e+00,0.000000e+00,6.858518e+05,0.000000e+00,6.858518e+05,0.000000e+00,0.000000e+00,1.289842e+10,5.587935e-09,6.676972e-14,0.000000e+00,0.000000e+00,0.000000e+00,0.000000e+00,4.132985e+08,6.008500e+10,-6.575470e+08,3.600002e+06,1.324216e+07,0.000000e+00,-1.826518e+02,3.734671e+09,6.774535e+09,-1.128865e+08,8.995710e+05,5.304107e+07,4.700000e+02,-1.254893e+02,-1.323165e+08,0.000000e+00,0.000000e+00
1.202077e+01,1.427184e+10,7.434165e+10,4.873346e+03,-3.805328e+04,-9.148676e+08,8.368966e+06,1.078344e-03,3.495876e+07,0.000000e+00,0.000000e+00,1.571766e+06,0.000000e+00,1.571766e+06,0.000000e+00,0.000000e+00,1.290485e+10,5.587935e-09,6.676972e-14,0.000000e+00,0.000000e+00,0.000000e+00,0.000000e+00,4.154687e+08,6.008281e+10,-6.575470e+08,3.600002e+06,1.324494e+07,0.000000e+00,-1.826518e+02,3.736466e+09,6.773847e+09,-1.128752e+08,8.995710e+05,5.309002e+07,4.700000e+02,-1.254767e+02,-1.323283e+08,0.000000e+00,0.000000e+00
1.204018e+01,1.427941e+10,7.433340e+10,5.742218e+03,-3.769777e+04,-9.148613e+08,8.368966e+06,1.078345e-03,3.586158e+07,0.000000e+00,0.000000e+00,1.077055e+06,0.000000e+00,1.077055e+06,0.000000e+00,0.000000e+00,1.291151e+10,5.587935e-09,6.676972e-14,0.000000e+00,0.000000e+00,0.000000e+00,0.000000e+00,4.164109e+08,6.008180e+10,-6.575470e+08,3.600002e+06,1.324798e+07,0.000000e+00,-1.826518e+02,3.738448e+09,6.773594e+09,-1.128665e+08,8.995710e+05,5.313883e+07,4.700000e+02,-1.254670e+02,-1.323360e+08,0.000000e+00,0.000000e+00
1.206067e+01,1.428650e+10,7.432629e+10,6.805069e+03,-3.728244e+04,-9.148554e+08,8.368966e+06,1.078311e-03,3.579619e+07,0.000000e+00,0.000000e+00,9.658276e+05,0.000000e+00,9.658276e+05,0.000000e+00,0.000000e+00,1.291870e+10,5.587935e-09,6.676972e-14,0.000000e+00,0.000000e+00,0.000000e+00,0.000000e+00,4.169113e+08,6.008112e+10,-6.575460e+08,3.600002e+06,1.325108e+07,0.000000e+00,-1.826516e+02,3.739999e+09,6.774914e+09,-1.128735e+08,8.994454e+05,5.319086e+07,4.710000e+02,-1.254923e+02,-1.323298e+08,0.000000e+00,0.000000e+00
1.208008e+01,1.429300e+10,7.432022e+10,7.895583e+03,-3.676189e+04,-9.148506e+08,8.368966e+06,1.078356e-03,3.577774e+07,0.000000e+00,0.000000e+00,4.742292e+05,0.000000e+00,4.742292e+05,0.000000e+00,0.000000e+00,1.292487e+10,5.587935e-09,6.676972e-14,0.000000e+00,0.000000e+00,0.000000e+00,0.000000e+00,4.176322e+08,6.008012e+10,-6.575444e+08,3.600002e+06,1.325354e+07,0.000000e+00,-1.826511e+02,3.741025e+09,6.775971e+09,-1.128796e+08,8.994454e+05,5.323898e+07,4.710000e+02,-1.254991e+02,-1.323255e+08,0.000000e+00,0.000000e+00
1.210057e+01,1.429977e+10,7.431362e+10,8.955403e+03,-3.579016e+04,-9.148465e+08,8.368966e+06,1.078415e-03,3.559793e+07,0.000000e+00,0.000000e+00,2.748284e+05,0.000000e+00,2.748284e+05,0.000000e+00,0.000000e+00,1.293115e+10,5.587935e-09,6.676972e-14,0.000000e+00,0.000000e+00,0.000000e+00,0.000000e+00,4.185894e+08,6.007885e+10,-6.575425e+08,3.600002e+06,1.325636e+07,0.000000e+00,-1.826506e+02,3.741964e+09,6.775967e+09,-1.128828e+08,8.994454e+05,5.329078e+07,4.710000e+02,-1.255027e+02,-1.323240e+08,0.000000e+00,0.000000e+00
1.212106e+01,1.430642e+10,7.430581e+10,9.808009e+03,-3.430721e+04,-9.148435e+08,8.368966e+06,1.078408e-03,3.555453e+07,0.000000e+00,0.000000e+00,1.250561e+06,0.000000e+00,1.250561e+06,0.000000e+00,0.000000e+00,1.293708e+10,5.587935e-09,6.676972e-14,0.000000e+00,0.000000e+00,0.000000e+00,0.000000e+00,4.194785e+08,6.007769e+10,-6.575408e+08,3.600002e+06,1.325940e+07,0.000000e+00,-1.826501e+02,3.742942e+09,6.778395e+09,-1.129001e+08,8.994454e+05,5.334693e+07,4.710000e+02,-1.255219e+02,-1.323078e+08,0.000000e+00,0.000000e+00
1.214047e+01,1.431257e+10,7.429955e+10,1.029437e+04,-3.249199e+04,-9.148412e+08,8.368966e+06,1.078390e-03,3.602736e+07,0.000000e+00,0.000000e+00,7.910838e+05,0.000000e+00,7.910838e+05,0.000000e+00,0.000000e+00,1.294274e+10,5.587935e-09,6.676972e-14,0.000000e+00,0.000000e+00,0.000000e+00,0.000000e+00,4.198740e+08,6.007694e+10,-6.575389e+08,3.600002e+06,1.326214e+07,0.000000e+00,-1.826496e+02,3.744098e+09,6.780974e+09,-1.129173e+08,8.994454e+05,5.340013e+07,4.710000e+02,-1.255410e+02,-1.322928e+08,0.000000e+00,0.000000e+00
1.216096e+01,1.431786e+10,7.429437e+10,1.036762e+04,-3.047571e+04,-9.148393e+08,8.368966e+06,1.078396e-03,3.623136e+07,0.000000e+00,0.000000e+00,3.380811e+05,0.000000e+00,3.380811e+05,0.000000e+00,0.000000e+00,1.294884e+10,5.587935e-09,6.676972e-14,0.000000e+00,0.000000e+00,0.000000e+00,0.000000e+00,4.196322e+08,6.007674e+10,-6.575366e+08,3.600002e+06,1.326502e+07,0.000000e+00,-1.826490e+02,3.744939e+09,6.782819e+09,-1.129320e+08,8.994454e+05,5.345819e+07,4.710000e+02,-1.255574e+02,-1.322806e+08,0.000000e+00,0.000000e+00
1.218037e+01,1.432367e+10,7.428886e+10,1.003619e+04,-2.911376e+04,-9.148377e+08,8.368966e+06,1.078354e-03,3.586683e+07,0.000000e+00,0.000000e+00,2.771057e+05,0.000000e+00,2.771057e+05,0.000000e+00,0.000000e+00,1.295439e+10,5.587935e-09,6.676972e-14,0.000000e+00,0.000000e+00,0.000000e+00,0.000000e+00,4.197100e+08,6.007616e+10,-6.575338e+08,3.600002e+06,1.326767e+07,0.000000e+00,-1.826481e+02,3.746092e+09,6.782598e+09,-1.129353e+08,8.994454e+05,5.350880e+07,4.710000e+02,-1.255610e+02,-1.322810e+08,0.000000e+00,0.000000e+00
1.220086e+01,1.432950e+10,7.428261e+10,9.461437e+03,-2.828077e+04,-9.148362e+08,8.368966e+06,1.078298e-03,3.607052e+07,0.000000e+00,0.000000e+00,3.364047e+05,0.000000e+00,3.364047e+05,0.000000e+00,0.000000e+00,1.295992e+10,5.587935e-09,6.676972e-14,0.000000e+00,0.000000e+00,0.000000e+00,0.000000e+00,4.199755e+08,6.007513e+10,-6.575295e+08,3.600002e+06,1.327039e+07,0.000000e+00,-1.826470e+02,3.746902e+09,6.781963e+09,-1.129340e+08,8.994454e+05,5.356152e+07,4.710000e+02,-1.255596e+02,-1.322862e+08,0.000000e+00,0.000000e+00
1.222027e+01,1.433385e+10,7.427836e+10,8.932070e+03,-2.772466e+04,-9.148347e+08,8.368966e+06,1.078316e-03,3.590515e+07,0.000000e+00,0.000000e+00,2.917527e+05,0.000000e+00,2.917527e+05,0.000000e+00,0.000000e+00,1.296519e+10,5.587935e-09,6.676972e-14,0.000000e+00,0.000000e+00,0.000000e+00,0.000000e+00,4.192605e+08,6.007495e+10,-6.575249e+08,3.600002e+06,1.327303e+07,0.000000e+00,-1.826457e+02,3.747518e+09,6.782908e+09,-1.129413e+08,8.994454e+05,5.361261e+07,4.710000e+02,-1.255677e+02,-1.322833e+08,0.000000e+00,0.000000e+00
1.224076e+01,1.433848e+10,7.427405e+10,8.481828e+03,-2.691721e+04,-9.148327e+08,8.368966e+06,1.078384e-03,3.550834e+07,0.000000e+00,0.000000e+00,2.827654e+05,0.000000e+00,2.827654e+05,0.000000e+00,0.000000e+00,1.297061e+10,5.587935e-09,6.676972e-14,0.000000e+00,0.000000e+00,0.000000e+00,0.000000e+00,4.180128e+08,6.007530e+10,-6.575204e+08,3.600002e+06,1.327600e+07,0.000000e+00,-1.826445e+02,3.748851e+09,6.782868e+09,-1.129468e+08,8.994454e+05,5.366469e+07,4.710000e+02,-1.255738e+02,-1.322825e+08,0.000000e+00,0.000000e+00
1.226017e+01,1.434249e+10,7.426977e+10,8.147249e+03,-2.579709e+04,-9.148301e+08,8.368966e+06,1.078464e-03,3.566740e+07,0.000000e+00,0.000000e+00,2.981255e+05,0.000000e+00,2.981255e+05,0.000000e+00,0.000000e+00,1.297550e+10,5.587935e-09,6.676972e-14,0.000000e+00,0.000000e+00,0.000000e+00,0.000000e+00,4.175393e+08,6.007524e+10,-6.575171e+08,3.600002e+06,1.327888e+07,0.000000e+00,-1.826435e+02,3.749173e+09,6.783039e+09,-1.129472e+08,8.994454e+05,5.371302e+07,4.710000e+02,-1.255743e+02,-1.322856e+08,0.000000e+00,0.000000e+00
1.228066e+01,1.434707e+10,7.426462e+10,7.818298e+03,-2.451752e+04,-9.148264e+08,8.368966e+06,1.078464e-03,3.549435e+07,0.000000e+00,0.000000e+00,7.949465e+05,0.000000e+00,7.949465e+05,0.000000e+00,0.000000e+00,1.298059e+10,5.587935e-09,6.676972e-14,0.000000e+00,0.000000e+00,0.000000e+00,0.000000e+00,4.176119e+08,6.007480e+10,-6.575146e+08,3.600002e+06,1.328159e+07,0.000000e+00,-1.826428e+02,3.749284e+09,6.783598e+09,-1.129433e+08,8.994454e+05,5.376656e+07,4.710000e+02,-1.255700e+02,-1.322922e+08,0.000000e+00,0.000000e+00
1.230007e+01,1.435248e+10,7.425899e+10,7.513741e+03,-2.345786e+04,-9.148219e+08,8.368966e+06,1.078372e-03,3.535746e+07,0.000000e+00,0.000000e+00,9.342782e+05,0.000000e+00,9.342782e+05,0.000000e+00,0.000000e+00,1.298566e+10,5.587935e-09,6.676972e-14,0.000000e+00,0.000000e+00,0.000000e+00,0.000000e+00,4.175613e+08,6.007453e+10,-6.575126e+08,3.600002e+06,1.328401e+07,0.000000e+00,-1.826423e+02,3.750545e+09,6.783412e+09,-1.129315e+08,8.994454e+05,5.382262e+07,4.710000e+02,-1.255568e+02,-1.323068e+08,0.000000e+00,0.000000e+00
1.232056e+01,1.435677e+10,7.425413e+10,7.312057e+03,-2.272911e+04,-9.148161e+08,8.368966e+06,1.078317e-03,3.565917e+07,0.000000e+00,0.000000e+00,1.015054e+06,0.000000e+00,1.015054e+06,0.000000e+00,0.000000e+00,1.299121e+10,5.587935e-09,6.676972e-14,0.000000e+00,0.000000e+00,0.000000e+00,0.000000e+00,4.169285e+08,6.007468e+10,-6.575103e+08,3.600002e+06,1.328707e+07,0.000000e+00,-1.826416e+02,3.751057e+09,6.783308e+09,-1.129019e+08,8.994454e+05,5.388531e+07,4.710000e+02,-1.255239e+02,-1.323393e+08,0.000000e+00,0.000000e+00
1.234105e+01,1.436199e+10,7.424883e+10,7.340153e+03,-2.220135e+04,-9.148094e+08,8.368966e+06,1.078267e-03,3.580420e+07,0.000000e+00,0.000000e+00,7.224029e+05,0.000000e+00,7.224029e+05,0.000000e+00,0.000000e+00,1.299711e+10,5.587935e-09,6.676972e-14,0.000000e+00,0.000000e+00,0.000000e+00,0.000000e+00,4.169710e+08,6.007415e+10,-6.575076e+08,3.600002e+06,1.329023e+07,0.000000e+00,-1.826409e+02,3.751720e+09,6.783042e+09,-1.128686e+08,8.994454e+05,5.395184e+07,4.710000e+02,-1.254869e+02,-1.323757e+08,0.000000e+00,0.000000e+00
1.236045e+01,1.436877e+10,7.424186e+10,7.527688e+03,-2.136847e+04,-9.148027e+08,8.368966e+06,1.078204e-03,3.591953e+07,0.000000e+00,0.000000e+00,6.367929e+05,0.000000e+00,6.367929e+05,0.000000e+00,0.000000e+00,1.300271e+10,5.587935e-09,6.676972e-14,0.000000e+00,0.000000e+00,0.000000e+00,0.000000e+00,4.186511e+08,6.007208e+10,-6.575047e+08,3.600002e+06,1.329276e+07,0.000000e+00,-1.826401e+02,3.752600e+09,6.782060e+09,-1.128323e+08,8.994454e+05,5.401353e+07,4.710000e+02,-1.254466e+02,-1.324146e+08,0.000000e+00,0.000000e+00
1.238094e+01,1.437650e+10,7.423455e+10,7.854604e+03,-2.049351e+04,-9.147956e+08,8.368966e+06,1.078204e-03,3.570358e+07,0.000000e+00,0.000000e+00,2.915951e+05,0.000000e+00,2.915951e+05,0.000000e+00,0.000000e+00,1.300848e+10,5.587935e-09,6.676972e-14,0.000000e+00,0.000000e+00,0.000000e+00,0.000000e+00,4.209121e+08,6.006935e+10,-6.575020e+08,3.600002e+06,1.329528e+07,0.000000e+00,-1.826393e+02,3.753788e+09,6.781188e+09,-1.128049e+08,8.993198e+05,5.407905e+07,4.720000e+02,-1.254336e+02,-1.324439e+08,0.000000e+00,0.000000e+00
1.240035e+01,1.438246e+10,7.422898e+10,8.143993e+03,-2.015181e+04,-9.147894e+08,8.368966e+06,1.078271e-03,3.534546e+07,0.000000e+00,0.000000e+00,1.301059e+05,0.000000e+00,1.301059e+05,0.000000e+00,0.000000e+00,1.301357e+10,5.587935e-09,6.676972e-14,0.000000e+00,0.000000e+00,0.000000e+00,0.000000e+00,4.227159e+08,6.006717e+10,-6.575000e+08,3.600002e+06,1.329798e+07,0.000000e+00,-1.826388e+02,3.754095e+09,6.780650e+09,-1.127915e+08,8.993198e+05,5.414422e+07,4.720000e+02,-1.254187e+02,-1.324588e+08,0.000000e+00,0.000000e+00
1.242084e+01,1.438774e+10,7.422330e+10,8.304341e+03,-1.999441e+04,-9.147836e+08,8.368966e+06,1.078345e-03,3.561895e+07,0.000000e+00,0.000000e+00,1.359268e+05,0.000000e+00,1.359268e+05,0.000000e+00,0.000000e+00,1.301834e+10,5.587935e-09,6.676972e-14,0.000000e+00,0.000000e+00,0.000000e+00,0.000000e+00,4.247176e+08,6.006492e+10,-6.574986e+08,3.600002e+06,1.330091e+07,0.000000e+00,-1.826384e+02,3.753365e+09,6.780476e+09,-1.127798e+08,8.993198e+05,5.421525e+07,4.720000e+02,-1.254057e+02,-1.324719e+08,0.000000e+00,0.000000e+00
1.244024e+01,1.439313e+10,7.421734e+10,8.369644e+03,-1.955381e+04,-9.147788e+08,8.368966e+06,1.078307e-03,3.591155e+07,0.000000e+00,0.000000e+00,2.838773e+05,0.000000e+00,2.838773e+05,0.000000e+00,0.000000e+00,1.302262e+10,5.587935e-09,6.676972e-14,0.000000e+00,0.000000e+00,0.000000e+00,0.000000e+00,4.267774e+08,6.006268e+10,-6.574975e+08,3.600002e+06,1.330353e+07,0.000000e+00,-1.826381e+02,3.753008e+09,6.779869e+09,-1.127655e+08,8.993198e+05,5.428393e+07,4.720000e+02,-1.253898e+02,-1.324877e+08,0.000000e+00,0.000000e+00
1.246073e+01,1.440017e+10,7.421067e+10,8.450443e+03,-1.894701e+04,-9.147745e+08,8.368966e+06,1.078353e-03,3.521948e+07,0.000000e+00,0.000000e+00,4.776788e+05,0.000000e+00,4.776788e+05,0.000000e+00,0.000000e+00,1.302723e+10,5.587935e-09,6.676972e-14,0.000000e+00,0.000000e+00,0.000000e+00,0.000000e+00,4.287145e+08,6.006051e+10,-6.574960e+08,3.600002e+06,1.330625e+07,0.000000e+00,-1.826377e+02,3.754176e+09,6.779069e+09,-1.127469e+08,8.991942e+05,5.435683e+07,4.730000e+02,-1.253866e+02,-1.325080e+08,0.000000e+00,0.000000e+00
1.248014e+01,1.440606e+10,7.420497e+10,8.529420e+03,-1.871779e+04,-9.147711e+08,8.368966e+06,1.078289e-03,3.485094e+07,0.000000e+00,0.000000e+00,5.760528e+05,0.000000e+00,5.760528e+05,0.000000e+00,0.000000e+00,1.303172e+10,5.587935e-09,6.676972e-14,0.000000e+00,0.000000e+00,0.000000e+00,0.000000e+00,4.297969e+08,6.005907e+10,-6.574940e+08,3.600002e+06,1.330887e+07,0.000000e+00,-1.826371e+02,3.755214e+09,6.778018e+09,-1.127283e+08,8.991942e+05,5.442423e+07,4.730000e+02,-1.253659e+02,-1.325284e+08,0.000000e+00,0.000000e+00
1.250063e+01,1.441033e+10,7.420034e+10,8.542362e+03,-1.909749e+04,-9.147677e+08,8.368966e+06,1.078252e-03,3.504573e+07,0.000000e+00,0.000000e+00,6.742538e+05,0.000000e+00,6.742538e+05,0.000000e+00,0.000000e+00,1.303641e+10,5.587935e-09,6.676972e-14,0.000000e+00,0.000000e+00,0.000000e+00,0.000000e+00,4.301568e+08,6.005816e+10,-6.574911e+08,3.600002e+06,1.331161e+07,0.000000e+00,-1.826363e+02,3.755121e+09,6.777354e+09,-1.127148e+08,8.991942e+05,5.449345e+07,4.730000e+02,-1.253509e+02,-1.325446e+08,0.000000e+00,0.000000e+00
1.252004e+01,1.441467e+10,7.419560e+10,8.470143e+03,-1.991705e+04,-9.147647e+08,8.368966e+06,1.078278e-03,3.534870e+07,0.000000e+00,0.000000e+00,6.695552e+05,0.000000e+00,6.695552e+05,0.000000e+00,0.000000e+00,1.304085e+10,5.587935e-09,6.676972e-14,0.000000e+00,0.000000e+00,0.000000e+00,0.000000e+00,4.309068e+08,6.005690e+10,-6.574879e+08,3.600002e+06,1.331419e+07,0.000000e+00,-1.826354e+02,3.754861e+09,6.776350e+09,-1.127035e+08,8.990686e+05,5.455416e+07,4.740000e+02,-1.253558e+02,-1.325591e+08,0.000000e+00,0.000000e+00
1.254053e+01,1.442089e+10,7.418962e+10,8.197078e+03,-2.097096e+04,-9.147612e+08,8.368966e+06,1.078340e-03,3.514664e+07,0.000000e+00,0.000000e+00,5.435516e+05,0.000000e+00,5.435516e+05,0.000000e+00,0.000000e+00,1.304556e+10,5.587935e-09,6.676972e-14,0.000000e+00,0.000000e+00,0.000000e+00,0.000000e+00,4.320633e+08,6.005524e+10,-6.574850e+08,3.600002e+06,1.331689e+07,0.000000e+00,-1.826346e+02,3.755772e+09,6.774423e+09,-1.126910e+08,8.990686e+05,5.461555e+07,4.740000e+02,-1.253419e+02,-1.325744e+08,0.000000e+00,0.000000e+00
1.256102e+01,1.442624e+10,7.418458e+10,7.685728e+03,-2.148468e+04,-9.147571e+08,8.368966e+06,1.078393e-03,3.488662e+07,0.000000e+00,0.000000e+00,4.083883e+05,0.000000e+00,4.083883e+05,0.000000e+00,0.000000e+00,1.305031e+10,5.587935e-09,6.676972e-14,0.000000e+00,0.000000e+00,0.000000e+00,0.000000e+00,4.320621e+08,6.005476e+10,-6.574828e+08,3.600002e+06,1.331969e+07,0.000000e+00,-1.826340e+02,3.756885e+09,6.772240e+09,-1.126805e+08,8.990686e+05,5.467240e+07,4.740000e+02,-1.253302e+02,-1.325870e+08,0.000000e+00,0.000000e+00
1.258043e+01,1.442899e+10,7.418168e+10,7.074286e+03,-2.117670e+04,-9.147528e+08,8.368966e+06,1.078435e-03,3.508512e+07,0.000000e+00,0.000000e+00,2.871584e+05,0.000000e+00,2.871584e+05,0.000000e+00,0.000000e+00,1.305491e+10,5.587935e-09,6.676972e-14,0.000000e+00,0.000000e+00,0.000000e+00,0.000000e+00,4.305806e+08,6.005590e+10,-6.574812e+08,3.600002e+06,1.332231e+07,0.000000e+00,-1.826335e+02,3.756976e+09,6.770813e+09,-1.126722e+08,8.990686e+05,5.472492e+07,4.740000e+02,-1.253211e+02,-1.325968e+08,0.000000e+00,0.000000e+00
1.260092e+01,1.443048e+10,7.418013e+10,6.424646e+03,-2.055670e+04,-9.147476e+08,8.368966e+06,1.078407e-03,3.520695e+07,0.000000e+00,0.000000e+00,1.417410e+05,0.000000e+00,1.417410e+05,0.000000e+00,0.000000e+00,1.305988e+10,5.587935e-09,6.676972e-14,0.000000e+00,0.000000e+00,0.000000e+00,0.000000e+00,4.277778e+08,6.005833e+10,-6.574795e+08,3.600002e+06,1.332486e+07,0.000000e+00,-1.826331e+02,3.756880e+09,6.769720e+09,-1.126648e+08,8.989430e+05,5.477900e+07,4.750000e+02,-1.253303e+02,-1.326058e+08,0.000000e+00,0.000000e+00
1.262033e+01,1.443207e+10,7.417870e+10,5.793560e+03,-2.021059e+04,-9.147418e+08,8.368966e+06,1.078328e-03,3.505495e+07,0.000000e+00,0.000000e+00,5.538139e+04,0.000000e+00,5.538139e+04,0.000000e+00,0.000000e+00,1.306455e+10,5.587935e-09,6.676972e-14,0.000000e+00,0.000000e+00,0.000000e+00,0.000000e+00,4.248755e+08,6.006080e+10,-6.574774e+08,3.600002e+06,1.332721e+07,0.000000e+00,-1.826325e+02,3.757289e+09,6.768703e+09,-1.126604e+08,8.989430e+05,5.482862e+07,4.750000e+02,-1.253254e+02,-1.326122e+08,0.000000e+00,0.000000e+00
1.264082e+01,1.443432e+10,7.417714e+10,5.112271e+03,-2.020506e+04,-9.147352e+08,8.368966e+06,1.078266e-03,3.433263e+07,0.000000e+00,0.000000e+00,2.980743e+04,0.000000e+00,2.980743e+04,0.000000e+00,0.000000e+00,1.306939e+10,5.587935e-09,6.676972e-14,0.000000e+00,0.000000e+00,0.000000e+00,0.000000e+00,4.219919e+08,6.006312e+10,-6.574742e+08,3.600002e+06,1.332995e+07,0.000000e+00,-1.826316e+02,3.758174e+09,6.768002e+09,-1.126581e+08,8.989430e+05,5.487886e+07,4.750000e+02,-1.253228e+02,-1.326176e+08,0.000000e+00,0.000000e+00
1.266022e+01,1.443576e+10,7.417568e+10,4.428293e+03,-2.066212e+04,-9.147287e+08,8.368966e+06,1.078260e-03,3.424052e+07,0.000000e+00,0.000000e+00,5.660211e+04,0.000000e+00,5.660211e+04,0.000000e+00,0.000000e+00,1.307369e+10,5.587935e-09,6.676972e-14,0.000000e+00,0.000000e+00,0.000000e+00,0.000000e+00,4.194853e+08,6.006494e+10,-6.574707e+08,3.600002e+06,1.333271e+07,0.000000e+00,-1.826306e+02,3.758279e+09,6.767429e+09,-1.126553e+08,8.988174e+05,5.492660e+07,4.760000e+02,-1.253373e+02,-1.326241e+08,0.000000e+00,0.000000e+00
1.268071e+01,1.443753e+10,7.417357e+10,3.562995e+03,-2.164307e+04,-9.147216e+08,8.368966e+06,1.078226e-03,3.448084e+07,0.000000e+00,0.000000e+00,9.009330e+04,0.000000e+00,9.009330e+04,0.000000e+00,0.000000e+00,1.307793e+10,5.587935e-09,6.676972e-14,0.000000e+00,0.000000e+00,0.000000e+00,0.000000e+00,4.176262e+08,6.006608e+10,-6.574667e+08,3.600002e+06,1.333552e+07,0.000000e+00,-1.826295e+02,3.758129e+09,6.766499e+09,-1.126489e+08,8.988174e+05,5.497597e+07,4.760000e+02,-1.253301e+02,-1.326347e+08,0.000000e+00,0.000000e+00
1.270012e+01,1.443986e+10,7.417165e+10,2.543904e+03,-2.276514e+04,-9.147148e+08,8.368966e+06,1.078201e-03,3.401636e+07,0.000000e+00,0.000000e+00,9.093916e+04,0.000000e+00,9.093916e+04,0.000000e+00,0.000000e+00,1.308170e+10,5.587935e-09,6.676972e-14,0.000000e+00,0.000000e+00,0.000000e+00,0.000000e+00,4.162789e+08,6.006673e+10,-6.574627e+08,3.600002e+06,1.333800e+07,0.000000e+00,-1.826284e+02,3.758428e+09,6.765775e+09,-1.126429e+08,8.988174e+05,5.502148e+07,4.760000e+02,-1.253234e+02,-1.326446e+08,0.000000e+00,0.000000e+00
1.272060e+01,1.444199e+10,7.416969e+10,1.317730e+03,-2.401517e+04,-9.147074e+08,8.368966e+06,1.078160e-03,3.379950e+07,0.000000e+00,0.000000e+00,7.595037e+04,0.000000e+00,7.595037e+04,0.000000e+00,0.000000e+00,1.308554e+10,5.587935e-09,6.676972e-14,0.000000e+00,0.000000e+00,0.000000e+00,0.000000e+00,4.145418e+08,6.006769e+10,-6.574588e+08,3.600002e+06,1.334055e+07,0.000000e+00,-1.826273e+02,3.758828e+09,6.765016e+09,-1.126380e+08,8.988174e+05,5.506730e+07,4.760000e+02,-1.253180e+02,-1.326532e+08,0.000000e+00,0.000000e+00
1.274001e+01,1.444369e+10,7.416786e+10,2.028477e+02,-2.557710e+04,-9.147003e+08,8.368966e+06,1.078115e-03,3.382136e+07,0.000000e+00,0.000000e+00,1.245923e+05,0.000000e+00,1.245923e+05,0.000000e+00,0.000000e+00,1.308914e+10,5.587935e-09,6.676972e-14,0.000000e+00,0.000000e+00,0.000000e+00,0.000000e+00,4.127596e+08,6.006890e+10,-6.574557e+08,3.600002e+06,1.334287e+07,0.000000e+00,-1.826265e+02,3.759097e+09,6.764525e+09,-1.126352e+08,8.988174e+05,5.511098e+07,4.760000e+02,-1.253149e+02,-1.326591e+08,0.000000e+00,0.000000e+00
1.276050e+01,1.444529e+10,7.416617e+10,-6.660151e+02,-2.771619e+04,-9.146925e+08,8.368966e+06,1.078127e-03,3.380219e+07,0.000000e+00,0.000000e+00,1.610501e+05,0.000000e+00,1.610501e+05,0.000000e+00,0.000000e+00,1.309290e+10,5.587935e-09,6.676972e-14,0.000000e+00,0.000000e+00,0.000000e+00,0.000000e+00,4.110301e+08,6.007022e+10,-6.574532e+08,3.600002e+06,1.334528e+07,0.000000e+00,-1.826258e+02,3.759166e+09,6.764140e+09,-1.126322e+08,8.988174e+05,5.515538e+07,4.760000e+02,-1.253116e+02,-1.326645e+08,0.000000e+00,0.000000e+00
1.278098e+01,1.444700e+10,7.416440e+10,-1.112730e+03,-2.988003e+04,-9.146847e+08,8.368966e+06,1.078220e-03,3.382657e+07,0.000000e+00,0.000000e+00,1.392110e+05,0.000000e+00,1.392110e+05,0.000000e+00,0.000000e+00,1.309662e+10,5.587935e-09,6.676972e-14,0.000000e+00,0.000000e+00,0.000000e+00,0.000000e+00,4.096109e+08,6.007136e+10,-6.574515e+08,3.600002e+06,1.334775e+07,0.000000e+00,-1.826253e+02,3.759059e+09,6.764122e+09,-1.126298e+08,8.988174e+05,5.519939e+07,4.760000e+02,-1.253089e+02,-1.326686e+08,0.000000e+00,0.000000e+00
1.280039e+01,1.444961e+10,7.416187e+10,-1.220657e+03,-3.164759e+04,-9.146771e+08,8.368966e+06,1.078308e-03,3.372433e+07,0.000000e+00,0.000000e+00,9.960157e+04,0.000000e+00,9.960157e+04,0.000000e+00,0.000000e+00,1.310020e+10,5.587935e-09,6.676972e-14,0.000000e+00,0.000000e+00,0.000000e+00,0.000000e+00,4.091686e+08,6.007154e+10,-6.574497e+08,3.600002e+06,1.335013e+07,0.000000e+00,-1.826248e+02,3.759009e+09,6.764189e+09,-1.126283e+08,8.988174e+05,5.524013e+07,4.760000e+02,-1.253072e+02,-1.326718e+08,0.000000e+00,0.000000e+00
1.282088e+01,1.445375e+10,7.415789e+10,-1.083239e+03,-3.307642e+04,-9.146691e+08,8.368966e+06,1.078333e-03,3.351028e+07,0.000000e+00,0.000000e+00,8.587077e+04,0.000000e+00,8.587077e+04,0.000000e+00,0.000000e+00,1.310401e+10,5.587935e-09,6.676972e-14,0.000000e+00,0.000000e+00,0.000000e+00,0.000000e+00,4.096647e+08,6.007058e+10,-6.574470e+08,3.600002e+06,1.335260e+07,0.000000e+00,-1.826241e+02,3.759393e+09,6.763722e+09,-1.126269e+08,8.986918e+05,5.528178e+07,4.770000e+02,-1.253232e+02,-1.326760e+08,0.000000e+00,0.000000e+00
1.284029e+01,1.445756e+10,7.415378e+10,-7.961955e+02,-3.401840e+04,-9.146612e+08,8.368966e+06,1.078329e-03,3.375234e+07,0.000000e+00,0.000000e+00,8.747145e+04,0.000000e+00,8.747145e+04,0.000000e+00,0.000000e+00,1.310769e+10,5.587935e-09,6.676972e-14,0.000000e+00,0.000000e+00,0.000000e+00,0.000000e+00,4.105665e+08,6.006905e+10,-6.574437e+08,3.600002e+06,1.335472e+07,0.000000e+00,-1.826232e+02,3.759216e+09,6.763348e+09,-1.126235e+08,8.986918e+05,5.532075e+07,4.770000e+02,-1.253194e+02,-1.326829e+08,0.000000e+00,0.000000e+00
1.286077e+01,1.446203e+10,7.414894e+10,-4.159913e+02,-3.445512e+04,-9.146526e+08,8.368966e+06,1.078309e-03,3.406227e+07,0.000000e+00,0.000000e+00,8.680841e+04,0.000000e+00,8.680841e+04,0.000000e+00,0.000000e+00,1.311142e+10,5.587935e-09,6.676972e-14,0.000000e+00,0.000000e+00,0.000000e+00,0.000000e+00,4.120945e+08,6.006681e+10,-6.574397e+08,3.600002e+06,1.335713e+07,0.000000e+00,-1.826220e+02,3.758931e+09,6.763014e+09,-1.126194e+08,8.986918e+05,5.536101e+07,4.770000e+02,-1.253148e+02,-1.326910e+08,0.000000e+00,0.000000e+00
1.288018e+01,1.446704e+10,7.414439e+10,-2.004603e+01,-3.455726e+04,-9.146441e+08,8.368966e+06,1.078273e-03,3.355284e+07,0.000000e+00,0.000000e+00,7.207230e+04,0.000000e+00,7.207230e+04,0.000000e+00,0.000000e+00,1.311489e+10,5.587935e-09,6.676972e-14,0.000000e+00,0.000000e+00,0.000000e+00,0.000000e+00,4.136066e+08,6.006464e+10,-6.574364e+08,3.600002e+06,1.335949e+07,0.000000e+00,-1.826211e+02,3.759392e+09,6.762606e+09,-1.126151e+08,8.986918e+05,5.539990e+07,4.770000e+02,-1.253100e+02,-1.326986e+08,0.000000e+00,0.000000e+00
1.290067e+01,1.447185e+10,7.413964e+10,5.241873e+02,-3.441496e+04,-9.146348e+08,8.368966e+06,1.078259e-03,3.345934e+07,0.000000e+00,0.000000e+00,5.408832e+04,0.000000e+00,5.408832e+04,0.000000e+00,0.000000e+00,1.311856e+10,5.587935e-09,6.676972e-14,0.000000e+00,0.000000e+00,0.000000e+00,0.000000e+00,4.147300e+08,6.006302e+10,-6.574339e+08,3.600002e+06,1.336181e+07,0.000000e+00,-1.826204e+02,3.759920e+09,6.761883e+09,-1.126105e+08,8.986918e+05,5.543829e+07,4.770000e+02,-1.253049e+02,-1.327055e+08,0.000000e+00,0.000000e+00
1.292008e+01,1.447543e+10,7.413554e+10,1.093214e+03,-3.381749e+04,-9.146255e+08,8.368966e+06,1.078280e-03,3.392321e+07,0.000000e+00,0.000000e+00,5.998399e+04,0.000000e+00,5.998399e+04,0.000000e+00,0.000000e+00,1.312200e+10,5.587935e-09,6.676972e-14,0.000000e+00,0.000000e+00,0.000000e+00,0.000000e+00,4.153746e+08,6.006212e+10,-6.574326e+08,3.600002e+06,1.336391e+07,0.000000e+00,-1.826201e+02,3.759931e+09,6.761109e+09,-1.126065e+08,8.986918e+05,5.547436e+07,4.770000e+02,-1.253005e+02,-1.327108e+08,0.000000e+00,0.000000e+00
1.294057e+01,1.447927e+10,7.413189e+10,1.732984e+03,-3.275827e+04,-9.146156e+08,8.368966e+06,1.078353e-03,3.369717e+07,0.000000e+00,0.000000e+00,5.905464e+04,0.000000e+00,5.905464e+04,0.000000e+00,0.000000e+00,1.312555e+10,5.587935e-09,6.676972e-14,0.000000e+00,0.000000e+00,0.000000e+00,0.000000e+00,4.157500e+08,6.006155e+10,-6.574317e+08,3.600002e+06,1.336621e+07,0.000000e+00,-1.826198e+02,3.760366e+09,6.760460e+09,-1.126020e+08,8.986918e+05,5.551245e+07,4.770000e+02,-1.252955e+02,-1.327162e+08,0.000000e+00,0.000000e+00
1.296106e+01,1.448378e+10,7.412755e+10,2.425253e+03,-3.143184e+04,-9.146056e+08,8.368966e+06,1.078376e-03,3.349595e+07,0.000000e+00,0.000000e+00,4.749021e+04,0.000000e+00,4.749021e+04,0.000000e+00,0.000000e+00,1.312911e+10,5.587935e-09,6.676972e-14,0.000000e+00,0.000000e+00,0.000000e+00,0.000000e+00,4.161745e+08,6.006092e+10,-6.574307e+08,3.600002e+06,1.336852e+07,0.000000e+00,-1.826195e+02,3.761411e+09,6.759329e+09,-1.125981e+08,8.986918e+05,5.554887e+07,4.770000e+02,-1.252911e+02,-1.327212e+08,0.000000e+00,0.000000e+00
1.298047e+01,1.448673e+10,7.412436e+10,3.151208e+03,-3.005658e+04,-9.145962e+08,8.368966e+06,1.078377e-03,3.367272e+07,0.000000e+00,0.000000e+00,5.244388e+04,0.000000e+00,5.244388e+04,0.000000e+00,0.000000e+00,1.313248e+10,5.587935e-09,6.676972e-14,0.000000e+00,0.000000e+00,0.000000e+00,0.000000e+00,4.158063e+08,6.006084e+10,-6.574287e+08,3.600002e+06,1.337064e+07,0.000000e+00,-1.826190e+02,3.761846e+09,6.758286e+09,-1.125944e+08,8.986918e+05,5.558286e+07,4.770000e+02,-1.252869e+02,-1.327270e+08,0.000000e+00,0.000000e+00
1.300096e+01,1.448843e+10,7.412214e+10,3.968723e+03,-2.862912e+04,-9.145861e+08,8.368966e+06,1.078376e-03,3.406491e+07,0.000000e+00,0.000000e+00,1.112779e+05,0.000000e+00,1.112779e+05,0.000000e+00,0.000000e+00,1.313603e+10,5.587935e-09,6.676972e-14,0.000000e+00,0.000000e+00,0.000000e+00,0.000000e+00,4.141779e+08,6.006183e+10,-6.574259e+08,3.600002e+06,1.337284e+07,0.000000e+00,-1.826182e+02,3.762141e+09,6.757051e+09,-1.125889e+08,8.986918e+05,5.561825e+07,4.770000e+02,-1.252809e+02,-1.327353e+08,0.000000e+00,0.000000e+00
1.302037e+01,1.449068e+10,7.411968e+10,4.829188e+03,-2.728260e+04,-9.145764e+08,8.368966e+06,1.078326e-03,3.411642e+07,0.000000e+00,0.000000e+00,2.114301e+05,0.000000e+00,2.114301e+05,0.000000e+00,0.000000e+00,1.313936e+10,5.587935e-09,6.676972e-14,0.000000e+00,0.000000e+00,0.000000e+00,0.000000e+00,4.127712e+08,6.006270e+10,-6.574231e+08,3.600002e+06,1.337511e+07,0.000000e+00,-1.826174e+02,3.762881e+09,6.755869e+09,-1.125829e+08,8.986918e+05,5.565248e+07,4.770000e+02,-1.252742e+02,-1.327442e+08,0.000000e+00,0.000000e+00
1.304086e+01,1.449400e+10,7.411651e+10,5.815048e+03,-2.570696e+04,-9.145656e+08,8.368966e+06,1.078285e-03,3.366368e+07,0.000000e+00,0.000000e+00,4.476262e+05,0.000000e+00,4.476262e+05,0.000000e+00,0.000000e+00,1.314281e+10,5.587935e-09,6.676972e-14,0.000000e+00,0.000000e+00,0.000000e+00,0.000000e+00,4.120342e+08,6.006309e+10,-6.574209e+08,3.600002e+06,1.337745e+07,0.000000e+00,-1.826168e+02,3.763821e+09,6.754541e+09,-1.125742e+08,8.986918e+05,5.568929e+07,4.770000e+02,-1.252645e+02,-1.327554e+08,0.000000e+00,0.000000e+00
1.306026e+01,1.449631e+10,7.411374e+10,6.593857e+03,-2.398901e+04,-9.145548e+08,8.368966e+06,1.078253e-03,3.384056e+07,0.000000e+00,0.000000e+00,6.585720e+05,0.000000e+00,6.585720e+05,0.000000e+00,0.000000e+00,1.314629e+10,5.587935e-09,6.676972e-14,0.000000e+00,0.000000e+00,0.000000e+00,0.000000e+00,4.110625e+08,6.006392e+10,-6.574201e+08,3.600002e+06,1.337954e+07,0.000000e+00,-1.826166e+02,3.764136e+09,6.753305e+09,-1.125610e+08,8.985662e+05,5.572494e+07,4.780000e+02,-1.252674e+02,-1.327694e+08,0.000000e+00,0.000000e+00
1.308075e+01,1.449862e+10,7.411067e+10,7.144447e+03,-2.226819e+04,-9.145424e+08,8.368966e+06,1.078232e-03,3.444495e+07,0.000000e+00,0.000000e+00,6.754551e+05,0.000000e+00,6.754551e+05,0.000000e+00,0.000000e+00,1.315012e+10,5.587935e-09,6.676972e-14,0.000000e+00,0.000000e+00,0.000000e+00,0.000000e+00,4.098005e+08,6.006512e+10,-6.574200e+08,3.600002e+06,1.338184e+07,0.000000e+00,-1.826165e+02,3.764529e+09,6.751621e+09,-1.125449e+08,8.985662e+05,5.576527e+07,4.780000e+02,-1.252495e+02,-1.327856e+08,0.000000e+00,0.000000e+00
1.310016e+01,1.450147e+10,7.410771e+10,7.333451e+03,-2.088356e+04,-9.145299e+08,8.368966e+06,1.078175e-03,3.440796e+07,0.000000e+00,0.000000e+00,6.533396e+05,0.000000e+00,6.533396e+05,0.000000e+00,0.000000e+00,1.315378e+10,5.587935e-09,6.676972e-14,0.000000e+00,0.000000e+00,0.000000e+00,0.000000e+00,4.087314e+08,6.006617e+10,-6.574200e+08,3.600002e+06,1.338417e+07,0.000000e+00,-1.826165e+02,3.765263e+09,6.749757e+09,-1.125296e+08,8.985662e+05,5.580409e+07,4.780000e+02,-1.252324e+02,-1.328010e+08,0.000000e+00,0.000000e+00
1.312064e+01,1.450529e+10,7.410434e+10,7.186912e+03,-1.964005e+04,-9.145160e+08,8.368966e+06,1.078165e-03,3.387617e+07,0.000000e+00,0.000000e+00,5.828974e+05,0.000000e+00,5.828974e+05,0.000000e+00,0.000000e+00,1.315760e+10,5.587935e-09,6.676972e-14,0.000000e+00,0.000000e+00,0.000000e+00,0.000000e+00,4.077453e+08,6.006719e+10,-6.574200e+08,3.600002e+06,1.338655e+07,0.000000e+00,-1.826165e+02,3.766642e+09,6.747612e+09,-1.125087e+08,8.985662e+05,5.584447e+07,4.780000e+02,-1.252092e+02,-1.328222e+08,0.000000e+00,0.000000e+00
1.314005e+01,1.450827e+10,7.410139e+10,6.705547e+03,-1.866443e+04,-9.145025e+08,8.368966e+06,1.078168e-03,3.389708e+07,0.000000e+00,0.000000e+00,4.244999e+05,0.000000e+00,4.244999e+05,0.000000e+00,0.000000e+00,1.316132e+10,5.587935e-09,6.676972e-14,0.000000e+00,0.000000e+00,0.000000e+00,0.000000e+00,4.066763e+08,6.006828e+10,-6.574200e+08,3.600002e+06,1.338873e+07,0.000000e+00,-1.826165e+02,3.767359e+09,6.745671e+09,-1.124850e+08,8.985662e+05,5.588495e+07,4.780000e+02,-1.251827e+02,-1.328460e+08,0.000000e+00,0.000000e+00
1.316054e+01,1.450990e+10,7.409945e+10,5.898000e+03,-1.783735e+04,-9.144881e+08,8.368966e+06,1.078207e-03,3.425311e+07,0.000000e+00,0.000000e+00,2.409132e+05,0.000000e+00,2.409132e+05,0.000000e+00,0.000000e+00,1.316532e+10,5.587935e-09,6.676972e-14,0.000000e+00,0.000000e+00,0.000000e+00,0.000000e+00,4.047919e+08,6.007005e+10,-6.574197e+08,3.600002e+06,1.339113e+07,0.000000e+00,-1.826165e+02,3.767397e+09,6.744157e+09,-1.124647e+08,8.985662e+05,5.593337e+07,4.780000e+02,-1.251602e+02,-1.328660e+08,0.000000e+00,0.000000e+00
1.318102e+01,1.451225e+10,7.409709e+10,4.892418e+03,-1.680113e+04,-9.144737e+08,8.368966e+06,1.078216e-03,3.429151e+07,0.000000e+00,0.000000e+00,1.065752e+05,0.000000e+00,1.065752e+05,0.000000e+00,0.000000e+00,1.316926e+10,5.587935e-09,6.676972e-14,0.000000e+00,0.000000e+00,0.000000e+00,0.000000e+00,4.030151e+08,6.007162e+10,-6.574188e+08,3.600002e+06,1.339354e+07,0.000000e+00,-1.826162e+02,3.768173e+09,6.742940e+09,-1.124539e+08,8.985662e+05,5.598696e+07,4.780000e+02,-1.251482e+02,-1.328773e+08,0.000000e+00,0.000000e+00
1.320043e+01,1.451613e+10,7.409373e+10,3.922240e+03,-1.529689e+04,-9.144601e+08,8.368966e+06,1.078204e-03,3.375543e+07,0.000000e+00,0.000000e+00,3.881227e+04,0.000000e+00,3.881227e+04,0.000000e+00,0.000000e+00,1.317284e+10,5.587935e-09,6.676972e-14,0.000000e+00,0.000000e+00,0.000000e+00,0.000000e+00,4.026972e+08,6.007176e+10,-6.574176e+08,3.600002e+06,1.339583e+07,0.000000e+00,-1.826159e+02,3.769344e+09,6.742082e+09,-1.124501e+08,8.985662e+05,5.604140e+07,4.780000e+02,-1.251439e+02,-1.328822e+08,0.000000e+00,0.000000e+00
1.322092e+01,1.452049e+10,7.408923e+10,3.146363e+03,-1.323973e+04,-9.144461e+08,8.368966e+06,1.078209e-03,3.382280e+07,0.000000e+00,0.000000e+00,2.963538e+04,0.000000e+00,2.963538e+04,0.000000e+00,0.000000e+00,1.317646e+10,5.587935e-09,6.676972e-14,0.000000e+00,0.000000e+00,0.000000e+00,0.000000e+00,4.037712e+08,6.007056e+10,-6.574163e+08,3.600002e+06,1.339825e+07,0.000000e+00,-1.826155e+02,3.769560e+09,6.741339e+09,-1.124477e+08,8.985662e+05,5.609880e+07,4.780000e+02,-1.251412e+02,-1.328859e+08,0.000000e+00,0.000000e+00
1.324032e+01,1.452436e+10,7.408475e+10,2.738875e+03,-1.115547e+04,-9.144330e+08,8.368966e+06,1.078225e-03,3.436239e+07,0.000000e+00,0.000000e+00,4.074528e+04,0.000000e+00,4.074528e+04,0.000000e+00,0.000000e+00,1.317988e+10,5.587935e-09,6.676972e-14,0.000000e+00,0.000000e+00,0.000000e+00,0.000000e+00,4.054488e+08,6.006877e+10,-6.574153e+08,3.600002e+06,1.340053e+07,0.000000e+00,-1.826153e+02,3.768964e+09,6.741058e+09,-1.124451e+08,8.985662e+05,5.615216e+07,4.780000e+02,-1.251383e+02,-1.328895e+08,0.000000e+00,0.000000e+00
1.326081e+01,1.452926e+10,7.407999e+10,2.610253e+03,-9.123152e+03,-9.144196e+08,8.368966e+06,1.078190e-03,3.413675e+07,0.000000e+00,0.000000e+00,4.979786e+04,0.000000e+00,4.979786e+04,0.000000e+00,0.000000e+00,1.318352e+10,5.587935e-09,6.676972e-14,0.000000e+00,0.000000e+00,0.000000e+00,0.000000e+00,4.069981e+08,6.006703e+10,-6.574144e+08,3.600002e+06,1.340300e+07,0.000000e+00,-1.826150e+02,3.769349e+09,6.740677e+09,-1.124426e+08,8.985662e+05,5.620677e+07,4.780000e+02,-1.251356e+02,-1.328928e+08,0.000000e+00,0.000000e+00
1.328022e+01,1.453373e+10,7.407569e+10,2.603941e+03,-7.465238e+03,-9.144074e+08,8.368966e+06,1.078199e-03,3.387111e+07,0.000000e+00,0.000000e+00,7.264304e+04,0.000000e+00,7.264304e+04,0.000000e+00,0.000000e+00,1.318695e+10,5.587935e-09,6.676972e-14,0.000000e+00,0.000000e+00,0.000000e+00,0.000000e+00,4.078871e+08,6.006586e+10,-6.574132e+08,3.600002e+06,1.340538e+07,0.000000e+00,-1.826147e+02,3.770067e+09,6.739999e+09,-1.124404e+08,8.985662e+05,5.625475e+07,4.780000e+02,-1.251331e+02,-1.328963e+08,0.000000e+00,0.000000e+00
1.330070e+01,1.453767e+10,7.407178e+10,2.725980e+03,-5.810438e+03,-9.143949e+08,8.368966e+06,1.078184e-03,3.375605e+07,0.000000e+00,0.000000e+00,8.957595e+04,0.000000e+00,8.957595e+04,0.000000e+00,0.000000e+00,1.319050e+10,5.587935e-09,6.676972e-14,0.000000e+00,0.000000e+00,0.000000e+00,0.000000e+00,4.090040e+08,6.006438e+10,-6.574113e+08,3.600002e+06,1.340794e+07,0.000000e+00,-1.826141e+02,3.769872e+09,6.739831e+09,-1.124365e+08,8.985662e+05,5.630238e+07,4.780000e+02,-1.251287e+02,-1.329022e+08,0.000000e+00,0.000000e+00
1.332011e+01,1.454070e+10,7.406816e+10,3.004091e+03,-4.122141e+03,-9.143832e+08,8.368966e+06,1.078175e-03,3.425964e+07,0.000000e+00,0.000000e+00,1.061265e+05,0.000000e+00,1.061265e+05,0.000000e+00,0.000000e+00,1.319385e+10,5.587935e-09,6.676972e-14,0.000000e+00,0.000000e+00,0.000000e+00,0.000000e+00,4.103689e+08,6.006245e+10,-6.574078e+08,3.600002e+06,1.341031e+07,0.000000e+00,-1.826132e+02,3.768754e+09,6.740136e+09,-1.124341e+08,8.985662e+05,5.634495e+07,4.780000e+02,-1.251261e+02,-1.329081e+08,0.000000e+00,0.000000e+00
1.334060e+01,1.454481e+10,7.406407e+10,3.514801e+03,-2.393983e+03,-9.143704e+08,8.368966e+06,1.078236e-03,3.417384e+07,0.000000e+00,0.000000e+00,1.250639e+05,0.000000e+00,1.250639e+05,0.000000e+00,0.000000e+00,1.319740e+10,5.587935e-09,6.676972e-14,0.000000e+00,0.000000e+00,0.000000e+00,0.000000e+00,4.117159e+08,6.006020e+10,-6.574027e+08,3.600002e+06,1.341253e+07,0.000000e+00,-1.826117e+02,3.768623e+09,6.740280e+09,-1.124331e+08,8.985662e+05,5.638878e+07,4.780000e+02,-1.251250e+02,-1.329142e+08,0.000000e+00,0.000000e+00
1.336000e+01,1.454959e+10,7.405983e+10,4.197584e+03,-1.172349e+03,-9.143576e+08,8.368966e+06,1.078303e-03,3.358141e+07,0.000000e+00,0.000000e+00,1.241833e+05,0.000000e+00,1.241833e+05,0.000000e+00,0.000000e+00,1.320069e+10,5.587935e-09,6.676972e-14,0.000000e+00,0.000000e+00,0.000000e+00,0.000000e+00,4.130286e+08,6.005805e+10,-6.573979e+08,3.600002e+06,1.341471e+07,0.000000e+00,-1.826104e+02,3.769349e+09,6.739940e+09,-1.124318e+08,8.985662e+05,5.642941e+07,4.780000e+02,-1.251236e+02,-1.329203e+08,0.000000e+00,0.000000e+00
1.338049e+01,1.455389e+10,7.405534e+10,4.980224e+03,-3.615020e+02,-9.143432e+08,8.368966e+06,1.078307e-03,3.376162e+07,0.000000e+00,0.000000e+00,8.652552e+04,0.000000e+00,8.652552e+04,0.000000e+00,0.000000e+00,1.320406e+10,5.587935e-09,6.676972e-14,0.000000e+00,0.000000e+00,0.000000e+00,0.000000e+00,4.145581e+08,6.005582e+10,-6.573940e+08,3.600002e+06,1.341711e+07,0.000000e+00,-1.826093e+02,3.769233e+09,6.739835e+09,-1.124307e+08,8.984406e+05,5.646892e+07,4.790000e+02,-1.251398e+02,-1.329252e+08,0.000000e+00,0.000000e+00
1.340098e+01,1.455805e+10,7.405077e+10,5.472016e+03,1.094247e+02,-9.143278e+08,8.368966e+06,1.078274e-03,3.413002e+07,0.000000e+00,0.000000e+00,7.243955e+04,0.000000e+00,7.243955e+04,0.000000e+00,0.000000e+00,1.320742e+10,5.587935e-09,6.676972e-14,0.000000e+00,0.000000e+00,0.000000e+00,0.000000e+00,4.166764e+08,6.005326e+10,-6.573912e+08,3.600002e+06,1.341966e+07,0.000000e+00,-1.826086e+02,3.768379e+09,6.740127e+09,-1.124295e+08,8.984406e+05,5.650805e+07,4.790000e+02,-1.251385e+02,-1.329292e+08,0.000000e+00,0.000000e+00
1.342039e+01,1.456358e+10,7.404514e+10,5.538187e+03,3.716885e+02,-9.143123e+08,8.368966e+06,1.078263e-03,3.418187e+07,0.000000e+00,0.000000e+00,6.264707e+04,0.000000e+00,6.264707e+04,0.000000e+00,0.000000e+00,1.321060e+10,5.587935e-09,6.676972e-14,0.000000e+00,0.000000e+00,0.000000e+00,0.000000e+00,4.194801e+08,6.005007e+10,-6.573885e+08,3.600002e+06,1.342204e+07,0.000000e+00,-1.826078e+02,3.768423e+09,6.739756e+09,-1.124284e+08,8.984406e+05,5.654582e+07,4.790000e+02,-1.251372e+02,-1.329331e+08,0.000000e+00,0.000000e+00
1.344088e+01,1.457008e+10,7.403905e+10,5.303779e+03,5.118916e+02,-9.142954e+08,8.368966e+06,1.078265e-03,3.372702e+07,0.000000e+00,0.000000e+00,6.531511e+04,0.000000e+00,6.531511e+04,0.000000e+00,0.000000e+00,1.321410e+10,5.587935e-09,6.676972e-14,0.000000e+00,0.000000e+00,0.000000e+00,0.000000e+00,4.220593e+08,6.004679e+10,-6.573847e+08,3.600002e+06,1.342427e+07,0.000000e+00,-1.826068e+02,3.769512e+09,6.739099e+09,-1.124273e+08,8.984406e+05,5.658488e+07,4.790000e+02,-1.251361e+02,-1.329380e+08,0.000000e+00,0.000000e+00
1.346029e+01,1.457472e+10,7.403450e+10,4.909786e+03,2.432603e+02,-9.142790e+08,8.368966e+06,1.078284e-03,3.357876e+07,0.000000e+00,0.000000e+00,6.896110e+04,0.000000e+00,6.896110e+04,0.000000e+00,0.000000e+00,1.321743e+10,5.587935e-09,6.676972e-14,0.000000e+00,0.000000e+00,0.000000e+00,0.000000e+00,4.235618e+08,6.004441e+10,-6.573802e+08,3.600002e+06,1.342637e+07,0.000000e+00,-1.826055e+02,3.769990e+09,6.738553e+09,-1.124264e+08,8.984406e+05,5.661984e+07,4.790000e+02,-1.251350e+02,-1.329434e+08,0.000000e+00,0.000000e+00
1.348077e+01,1.457825e+10,7.403055e+10,4.538349e+03,-4.012350e+02,-9.142614e+08,8.368966e+06,1.078290e-03,3.395711e+07,0.000000e+00,0.000000e+00,5.471349e+04,0.000000e+00,5.471349e+04,0.000000e+00,0.000000e+00,1.322087e+10,5.587935e-09,6.676972e-14,0.000000e+00,0.000000e+00,0.000000e+00,0.000000e+00,4.242043e+08,6.004283e+10,-6.573753e+08,3.600002e+06,1.342889e+07,0.000000e+00,-1.826041e+02,3.770067e+09,6.737989e+09,-1.124255e+08,8.984406e+05,5.665498e+07,4.790000e+02,-1.251341e+02,-1.329491e+08,0.000000e+00,0.000000e+00
1.350018e+01,1.458084e+10,7.402793e+10,4.370464e+03,-1.064344e+03,-9.142444e+08,8.368966e+06,1.078288e-03,3.394091e+07,0.000000e+00,0.000000e+00,4.967548e+04,0.000000e+00,4.967548e+04,0.000000e+00,0.000000e+00,1.322403e+10,5.587935e-09,6.676972e-14,0.000000e+00,0.000000e+00,0.000000e+00,0.000000e+00,4.237473e+08,6.004252e+10,-6.573714e+08,3.600002e+06,1.343138e+07,0.000000e+00,-1.826031e+02,3.770506e+09,6.737641e+09,-1.124250e+08,8.984406e+05,5.668731e+07,4.790000e+02,-1.251334e+02,-1.329536e+08,0.000000e+00,0.000000e+00
1.352067e+01,1.458322e+10,7.402588e+10,4.407218e+03,-1.661392e+03,-9.142263e+08,8.368966e+06,1.078302e-03,3.347626e+07,0.000000e+00,0.000000e+00,1.162687e+05,0.000000e+00,1.162687e+05,0.000000e+00,0.000000e+00,1.322730e+10,5.587935e-09,6.676972e-14,0.000000e+00,0.000000e+00,0.000000e+00,0.000000e+00,4.227602e+08,6.004292e+10,-6.573683e+08,3.600002e+06,1.343399e+07,0.000000e+00,-1.826022e+02,3.771160e+09,6.737130e+09,-1.124210e+08,8.984406e+05,5.672242e+07,4.790000e+02,-1.251290e+02,-1.329608e+08,0.000000e+00,0.000000e+00
1.354008e+01,1.458442e+10,7.402439e+10,4.563835e+03,-2.285623e+03,-9.142093e+08,8.368966e+06,1.078282e-03,3.371740e+07,0.000000e+00,0.000000e+00,1.248825e+05,0.000000e+00,1.248825e+05,0.000000e+00,0.000000e+00,1.323039e+10,5.587935e-09,6.676972e-14,0.000000e+00,0.000000e+00,0.000000e+00,0.000000e+00,4.216222e+08,6.004356e+10,-6.573656e+08,3.600002e+06,1.343623e+07,0.000000e+00,-1.826014e+02,3.770946e+09,6.736999e+09,-1.124182e+08,8.984406e+05,5.675526e+07,4.790000e+02,-1.251259e+02,-1.329662e+08,0.000000e+00,0.000000e+00
1.356057e+01,1.458506e+10,7.402314e+10,4.783625e+03,-3.048181e+03,-9.141914e+08,8.368966e+06,1.078264e-03,3.432580e+07,0.000000e+00,0.000000e+00,6.007526e+04,0.000000e+00,6.007526e+04,0.000000e+00,0.000000e+00,1.323373e+10,5.587935e-09,6.676972e-14,0.000000e+00,0.000000e+00,0.000000e+00,0.000000e+00,4.200971e+08,6.004446e+10,-6.573623e+08,3.600002e+06,1.343839e+07,0.000000e+00,-1.826005e+02,3.770290e+09,6.737011e+09,-1.124164e+08,8.984406e+05,5.679040e+07,4.790000e+02,-1.251240e+02,-1.329712e+08,0.000000e+00,0.000000e+00
1.358105e+01,1.458707e+10,7.402146e+10,5.001977e+03,-4.040463e+03,-9.141736e+08,8.368966e+06,1.078231e-03,3.393754e+07,0.000000e+00,0.000000e+00,7.584909e+04,0.000000e+00,7.584909e+04,0.000000e+00,0.000000e+00,1.323710e+10,5.587935e-09,6.676972e-14,0.000000e+00,0.000000e+00,0.000000e+00,0.000000e+00,4.189628e+08,6.004475e+10,-6.573579e+08,3.600002e+06,1.344091e+07,0.000000e+00,-1.825993e+02,3.770545e+09,6.736894e+09,-1.124153e+08,8.984406e+05,5.682378e+07,4.790000e+02,-1.251227e+02,-1.329767e+08,0.000000e+00,0.000000e+00
1.360046e+01,1.458952e+10,7.401900e+10,5.039201e+03,-5.357967e+03,-9.141569e+08,8.368966e+06,1.078211e-03,3.382870e+07,0.000000e+00,0.000000e+00,1.488141e+05,0.000000e+00,1.488141e+05,0.000000e+00,0.000000e+00,1.324027e+10,5.587935e-09,6.676972e-14,0.000000e+00,0.000000e+00,0.000000e+00,0.000000e+00,4.181143e+08,6.004456e+10,-6.573525e+08,3.600002e+06,1.344348e+07,0.000000e+00,-1.825978e+02,3.771100e+09,6.736352e+09,-1.124142e+08,8.984406e+05,5.685496e+07,4.790000e+02,-1.251215e+02,-1.329834e+08,0.000000e+00,0.000000e+00
1.362095e+01,1.459158e+10,7.401650e+10,4.983086e+03,-7.085286e+03,-9.141390e+08,8.368966e+06,1.078195e-03,3.400684e+07,0.000000e+00,0.000000e+00,3.407091e+05,0.000000e+00,3.407091e+05,0.000000e+00,0.000000e+00,1.324364e+10,5.587935e-09,6.676972e-14,0.000000e+00,0.000000e+00,0.000000e+00,0.000000e+00,4.171784e+08,6.004421e+10,-6.573457e+08,3.600002e+06,1.344582e+07,0.000000e+00,-1.825959e+02,3.771176e+09,6.736008e+09,-1.124106e+08,8.984406e+05,5.688860e+07,4.790000e+02,-1.251174e+02,-1.329941e+08,0.000000e+00,0.000000e+00
1.364035e+01,1.459344e+10,7.401437e+10,4.971592e+03,-8.922855e+03,-9.141219e+08,8.368966e+06,1.078192e-03,3.420763e+07,0.000000e+00,0.000000e+00,3.414914e+05,0.000000e+00,3.414914e+05,0.000000e+00,0.000000e+00,1.324680e+10,5.587935e-09,6.676972e-14,0.000000e+00,0.000000e+00,0.000000e+00,0.000000e+00,4.164338e+08,6.004359e+10,-6.573385e+08,3.600002e+06,1.344782e+07,0.000000e+00,-1.825939e+02,3.770961e+09,6.735999e+09,-1.124060e+08,8.984406e+05,5.692293e+07,4.790000e+02,-1.251124e+02,-1.330057e+08,0.000000e+00,0.000000e+00
1.366084e+01,1.459606e+10,7.401135e+10,4.966293e+03,-1.091995e+04,-9.141032e+08,8.368966e+06,1.078205e-03,3.457049e+07,0.000000e+00,0.000000e+00,2.990398e+05,0.000000e+00,2.990398e+05,0.000000e+00,0.000000e+00,1.325027e+10,5.587935e-09,6.676972e-14,0.000000e+00,0.000000e+00,0.000000e+00,0.000000e+00,4.159491e+08,6.004265e+10,-6.573311e+08,3.600002e+06,1.345023e+07,0.000000e+00,-1.825919e+02,3.771049e+09,6.735660e+09,-1.124014e+08,8.984406e+05,5.696016e+07,4.790000e+02,-1.251073e+02,-1.330178e+08,0.000000e+00,0.000000e+00
1.368025e+01,1.459904e+10,7.400861e+10,4.841898e+03,-1.291061e+04,-9.140847e+08,8.368966e+06,1.078216e-03,3.412482e+07,0.000000e+00,0.000000e+00,4.203850e+05,0.000000e+00,4.203850e+05,0.000000e+00,0.000000e+00,1.325356e+10,5.587935e-09,6.676972e-14,0.000000e+00,0.000000e+00,0.000000e+00,0.000000e+00,4.159271e+08,6.004149e+10,-6.573248e+08,3.600002e+06,1.345265e+07,0.000000e+00,-1.825901e+02,3.771173e+09,6.735886e+09,-1.123945e+08,8.984406e+05,5.699540e+07,4.790000e+02,-1.250996e+02,-1.330311e+08,0.000000e+00,0.000000e+00
1.370073e+01,1.460172e+10,7.400578e+10,4.485115e+03,-1.517559e+04,-9.140645e+08,8.368966e+06,1.078221e-03,3.417648e+07,0.000000e+00,0.000000e+00,4.385018e+05,0.000000e+00,4.385018e+05,0.000000e+00,0.000000e+00,1.325706e+10,5.587935e-09,6.676972e-14,0.000000e+00,0.000000e+00,0.000000e+00,0.000000e+00,4.158396e+08,6.004061e+10,-6.573194e+08,3.600002e+06,1.345488e+07,0.000000e+00,-1.825886e+02,3.770920e+09,6.735930e+09,-1.123853e+08,8.984406e+05,5.703444e+07,4.790000e+02,-1.250893e+02,-1.330458e+08,0.000000e+00,0.000000e+00
1.372014e+01,1.460445e+10,7.400233e+10,3.918612e+03,-1.723676e+04,-9.140449e+08,8.368966e+06,1.078235e-03,3.467849e+07,0.000000e+00,0.000000e+00,5.666062e+05,0.000000e+00,5.666062e+05,0.000000e+00,0.000000e+00,1.326052e+10,5.587935e-09,6.676972e-14,0.000000e+00,0.000000e+00,0.000000e+00,0.000000e+00,4.158997e+08,6.003980e+10,-6.573153e+08,3.600002e+06,1.345684e+07,0.000000e+00,-1.825875e+02,3.770700e+09,6.735505e+09,-1.123696e+08,8.984406e+05,5.707246e+07,4.790000e+02,-1.250719e+02,-1.330661e+08,0.000000e+00,0.000000e+00
1.374063e+01,1.460944e+10,7.399744e+10,3.117332e+03,-1.879349e+04,-9.140239e+08,8.368966e+06,1.078280e-03,3.450656e+07,0.000000e+00,0.000000e+00,5.306607e+05,0.000000e+00,5.306607e+05,0.000000e+00,0.000000e+00,1.326423e+10,5.587935e-09,6.676972e-14,0.000000e+00,0.000000e+00,0.000000e+00,0.000000e+00,4.175864e+08,6.003752e+10,-6.573119e+08,3.600002e+06,1.345912e+07,0.000000e+00,-1.825865e+02,3.770898e+09,6.735294e+09,-1.123444e+08,8.984406e+05,5.711505e+07,4.790000e+02,-1.250437e+02,-1.330948e+08,0.000000e+00,0.000000e+00
1.376004e+01,1.461579e+10,7.399136e+10,2.369880e+03,-1.953115e+04,-9.140042e+08,8.368966e+06,1.078285e-03,3.436306e+07,0.000000e+00,0.000000e+00,3.267679e+05,0.000000e+00,3.267679e+05,0.000000e+00,0.000000e+00,1.326783e+10,5.587935e-09,6.676972e-14,0.000000e+00,0.000000e+00,0.000000e+00,0.000000e+00,4.205787e+08,6.003400e+10,-6.573087e+08,3.600002e+06,1.346149e+07,0.000000e+00,-1.825856e+02,3.771325e+09,6.734791e+09,-1.123265e+08,8.984406e+05,5.715626e+07,4.790000e+02,-1.250238e+02,-1.331154e+08,0.000000e+00,0.000000e+00
1.378052e+01,1.462223e+10,7.398510e+10,1.925288e+03,-1.957924e+04,-9.139840e+08,8.368966e+06,1.078243e-03,3.415934e+07,0.000000e+00,0.000000e+00,2.872307e+05,0.000000e+00,2.872307e+05,0.000000e+00,0.000000e+00,1.327155e+10,5.587935e-09,6.676972e-14,0.000000e+00,0.000000e+00,0.000000e+00,0.000000e+00,4.235968e+08,6.003031e+10,-6.573051e+08,3.600002e+06,1.346389e+07,0.000000e+00,-1.825846e+02,3.771711e+09,6.734248e+09,-1.123155e+08,8.984406e+05,5.720054e+07,4.790000e+02,-1.250116e+02,-1.331298e+08,0.000000e+00,0.000000e+00
1.380101e+01,1.462737e+10,7.397976e+10,1.904098e+03,-1.899251e+04,-9.139645e+08,8.368966e+06,1.078204e-03,3.431404e+07,0.000000e+00,0.000000e+00,2.609512e+05,0.000000e+00,2.609512e+05,0.000000e+00,0.000000e+00,1.327508e+10,5.587935e-09,6.676972e-14,0.000000e+00,0.000000e+00,0.000000e+00,0.000000e+00,4.258114e+08,6.002730e+10,-6.573005e+08,3.600002e+06,1.346607e+07,0.000000e+00,-1.825834e+02,3.771574e+09,6.733777e+09,-1.123085e+08,8.984406e+05,5.724442e+07,4.790000e+02,-1.250039e+02,-1.331412e+08,0.000000e+00,0.000000e+00
1.382042e+01,1.463146e+10,7.397563e+10,2.215154e+03,-1.804312e+04,-9.139469e+08,8.368966e+06,1.078191e-03,3.431623e+07,0.000000e+00,0.000000e+00,2.207869e+05,0.000000e+00,2.207869e+05,0.000000e+00,0.000000e+00,1.327822e+10,5.587935e-09,6.676972e-14,0.000000e+00,0.000000e+00,0.000000e+00,0.000000e+00,4.271058e+08,6.002507e+10,-6.572954e+08,3.600002e+06,1.346831e+07,0.000000e+00,-1.825819e+02,3.771454e+09,6.733431e+09,-1.123029e+08,8.984406e+05,5.728616e+07,4.790000e+02,-1.249976e+02,-1.331521e+08,0.000000e+00,0.000000e+00
1.384090e+01,1.463505e+10,7.397254e+10,2.754056e+03,-1.696194e+04,-9.139293e+08,8.368966e+06,1.078200e-03,3.380408e+07,0.000000e+00,0.000000e+00,1.567163e+05,0.000000e+00,1.567163e+05,0.000000e+00,0.000000e+00,1.328147e+10,5.587935e-09,6.676972e-14,0.000000e+00,0.000000e+00,0.000000e+00,0.000000e+00,4.277410e+08,6.002333e+10,-6.572892e+08,3.600002e+06,1.347088e+07,0.000000e+00,-1.825802e+02,3.771308e+09,6.733697e+09,-1.122966e+08,8.984406e+05,5.732904e+07,4.790000e+02,-1.249906e+02,-1.331644e+08,0.000000e+00,0.000000e+00
1.386031e+01,1.463760e+10,7.396992e+10,3.385580e+03,-1.623453e+04,-9.139134e+08,8.368966e+06,1.078228e-03,3.386939e+07,0.000000e+00,0.000000e+00,1.081855e+05,0.000000e+00,1.081855e+05,0.000000e+00,0.000000e+00,1.328451e+10,5.587935e-09,6.676972e-14,0.000000e+00,0.000000e+00,0.000000e+00,0.000000e+00,4.278711e+08,6.002218e+10,-6.572833e+08,3.600002e+06,1.347309e+07,0.000000e+00,-1.825786e+02,3.770788e+09,6.733785e+09,-1.122913e+08,8.984406e+05,5.736738e+07,4.790000e+02,-1.249847e+02,-1.331756e+08,0.000000e+00,0.000000e+00
1.388080e+01,1.463958e+10,7.396771e+10,4.024747e+03,-1.590988e+04,-9.138973e+08,8.368966e+06,1.078271e-03,3.407476e+07,0.000000e+00,0.000000e+00,6.165106e+04,0.000000e+00,6.165106e+04,0.000000e+00,0.000000e+00,1.328779e+10,5.587935e-09,6.676972e-14,0.000000e+00,0.000000e+00,0.000000e+00,0.000000e+00,4.272192e+08,6.002181e+10,-6.572779e+08,3.600002e+06,1.347510e+07,0.000000e+00,-1.825771e+02,3.770287e+09,6.733787e+09,-1.122875e+08,8.984406e+05,5.740811e+07,4.790000e+02,-1.249805e+02,-1.331846e+08,0.000000e+00,0.000000e+00
1.390021e+01,1.464158e+10,7.396561e+10,4.480417e+03,-1.573379e+04,-9.138822e+08,8.368966e+06,1.078306e-03,3.414216e+07,0.000000e+00,0.000000e+00,4.817348e+04,0.000000e+00,4.817348e+04,0.000000e+00,0.000000e+00,1.329090e+10,5.587935e-09,6.676972e-14,0.000000e+00,0.000000e+00,0.000000e+00,0.000000e+00,4.263303e+08,6.002194e+10,-6.572740e+08,3.600002e+06,1.347708e+07,0.000000e+00,-1.825760e+02,3.770255e+09,6.733674e+09,-1.122863e+08,8.984406e+05,5.744568e+07,4.790000e+02,-1.249791e+02,-1.331896e+08,0.000000e+00,0.000000e+00
1.392070e+01,1.464397e+10,7.396347e+10,4.783915e+03,-1.570176e+04,-9.138663e+08,8.368966e+06,1.078309e-03,3.385523e+07,0.000000e+00,0.000000e+00,4.261141e+04,0.000000e+00,4.261141e+04,0.000000e+00,0.000000e+00,1.329419e+10,5.587935e-09,6.676972e-14,0.000000e+00,0.000000e+00,0.000000e+00,0.000000e+00,4.256495e+08,6.002214e+10,-6.572714e+08,3.600002e+06,1.347942e+07,0.000000e+00,-1.825753e+02,3.770364e+09,6.733751e+09,-1.122854e+08,8.984406e+05,5.748280e+07,4.790000e+02,-1.249780e+02,-1.331931e+08,0.000000e+00,0.000000e+00
1.394011e+01,1.464566e+10,7.396163e+10,4.922361e+03,-1.579935e+04,-9.138509e+08,8.368966e+06,1.078312e-03,3.395302e+07,0.000000e+00,0.000000e+00,4.783820e+04,0.000000e+00,4.783820e+04,0.000000e+00,0.000000e+00,1.329740e+10,5.587935e-09,6.676972e-14,0.000000e+00,0.000000e+00,0.000000e+00,0.000000e+00,4.247924e+08,6.002267e+10,-6.572699e+08,3.600002e+06,1.348149e+07,0.000000e+00,-1.825749e+02,3.770147e+09,6.733825e+09,-1.122846e+08,8.984406e+05,5.751754e+07,4.790000e+02,-1.249772e+02,-1.331953e+08,0.000000e+00,0.000000e+00
1.396059e+01,1.464737e+10,7.395933e+10,4.914335e+03,-1.570091e+04,-9.138338e+08,8.368966e+06,1.078304e-03,3.449383e+07,0.000000e+00,0.000000e+00,3.273607e+04,0.000000e+00,3.273607e+04,0.000000e+00,0.000000e+00,1.330083e+10,5.587935e-09,6.676972e-14,0.000000e+00,0.000000e+00,0.000000e+00,0.000000e+00,4.235694e+08,6.002358e+10,-6.572685e+08,3.600002e+06,1.348358e+07,0.000000e+00,-1.825745e+02,3.770120e+09,6.733355e+09,-1.122839e+08,8.984406e+05,5.755418e+07,4.790000e+02,-1.249764e+02,-1.331974e+08,0.000000e+00,0.000000e+00
1.398000e+01,1.464910e+10,7.395765e+10,4.875007e+03,-1.530661e+04,-9.138166e+08,8.368966e+06,1.078267e-03,3.441344e+07,0.000000e+00,0.000000e+00,3.373818e+04,0.000000e+00,3.373818e+04,0.000000e+00,0.000000e+00,1.330401e+10,5.587935e-09,6.676972e-14,0.000000e+00,0.000000e+00,0.000000e+00,0.000000e+00,4.219808e+08,6.002477e+10,-6.572666e+08,3.600002e+06,1.348570e+07,0.000000e+00,-1.825739e+02,3.770611e+09,6.732955e+09,-1.122839e+08,8.984406e+05,5.758768e+07,4.790000e+02,-1.249764e+02,-1.331994e+08,0.000000e+00,0.000000e+00
1.400049e+01,1.465042e+10,7.395661e+10,4.829480e+03,-1.477872e+04,-9.137976e+08,8.368966e+06,1.078263e-03,3.407197e+07,0.000000e+00,0.000000e+00,4.095379e+04,0.000000e+00,4.095379e+04,0.000000e+00,0.000000e+00,1.330738e+10,5.587935e-09,6.676972e-14,0.000000e+00,0.000000e+00,0.000000e+00,0.000000e+00,4.197939e+08,6.002627e+10,-6.572631e+08,3.600002e+06,1.348794e+07,0.000000e+00,-1.825730e+02,3.771161e+09,6.732705e+09,-1.122840e+08,8.984406e+05,5.762238e+07,4.790000e+02,-1.249766e+02,-1.332028e+08,0.000000e+00,0.000000e+00
1.402098e+01,1.465072e+10,7.395612e+10,4.596965e+03,-1.447311e+04,-9.137777e+08,8.368966e+06,1.078288e-03,3.420541e+07,0.000000e+00,0.000000e+00,4.590281e+04,0.000000e+00,4.590281e+04,0.000000e+00,0.000000e+00,1.331061e+10,5.587935e-09,6.676972e-14,0.000000e+00,0.000000e+00,0.000000e+00,0.000000e+00,4.172766e+08,6.002799e+10,-6.572589e+08,3.600002e+06,1.349010e+07,0.000000e+00,-1.825718e+02,3.771032e+09,6.732673e+09,-1.122840e+08,8.984406e+05,5.765616e+07,4.790000e+02,-1.249766e+02,-1.332070e+08,0.000000e+00,0.000000e+00
1.404039e+01,1.465044e+10,7.395597e+10,4.065468e+03,-1.464991e+04,-9.137581e+08,8.368966e+06,1.078328e-03,3.460100e+07,0.000000e+00,0.000000e+00,4.331970e+04,0.000000e+00,4.331970e+04,0.000000e+00,0.000000e+00,1.331364e+10,5.587935e-09,6.676972e-14,0.000000e+00,0.000000e+00,0.000000e+00,0.000000e+00,4.147647e+08,6.002973e+10,-6.572546e+08,3.600002e+06,1.349223e+07,0.000000e+00,-1.825706e+02,3.770449e+09,6.732805e+09,-1.122839e+08,8.984406e+05,5.768776e+07,4.790000e+02,-1.249764e+02,-1.332114e+08,0.000000e+00,0.000000e+00
1.406087e+01,1.465181e+10,7.395470e+10,3.135572e+03,-1.550028e+04,-9.137367e+08,8.368966e+06,1.078353e-03,3.444209e+07,0.000000e+00,0.000000e+00,4.586891e+04,0.000000e+00,4.586891e+04,0.000000e+00,0.000000e+00,1.331687e+10,5.587935e-09,6.676972e-14,0.000000e+00,0.000000e+00,0.000000e+00,0.000000e+00,4.129394e+08,6.003082e+10,-6.572501e+08,3.600002e+06,1.349467e+07,0.000000e+00,-1.825694e+02,3.770661e+09,6.732646e+09,-1.122837e+08,8.984406e+05,5.772095e+07,4.790000e+02,-1.249762e+02,-1.332161e+08,0.000000e+00,0.000000e+00
1.408029e+01,1.465539e+10,7.395157e+10,1.978024e+03,-1.685527e+04,-9.137156e+08,8.368966e+06,1.078337e-03,3.388203e+07,0.000000e+00,0.000000e+00,1.108010e+05,0.000000e+00,1.108010e+05,0.000000e+00,0.000000e+00,1.331996e+10,5.587935e-09,6.676972e-14,0.000000e+00,0.000000e+00,0.000000e+00,0.000000e+00,4.127017e+08,6.003045e+10,-6.572461e+08,3.600002e+06,1.349684e+07,0.000000e+00,-1.825683e+02,3.771661e+09,6.732010e+09,-1.122823e+08,8.984406e+05,5.775193e+07,4.790000e+02,-1.249746e+02,-1.332216e+08,0.000000e+00,0.000000e+00
1.410077e+01,1.465859e+10,7.394835e+10,7.039092e+02,-1.903304e+04,-9.136925e+08,8.368966e+06,1.078350e-03,3.378620e+07,0.000000e+00,0.000000e+00,1.812463e+05,0.000000e+00,1.812463e+05,0.000000e+00,0.000000e+00,1.332322e+10,5.587935e-09,6.676972e-14,0.000000e+00,0.000000e+00,0.000000e+00,0.000000e+00,4.125781e+08,6.002988e+10,-6.572423e+08,3.600002e+06,1.349873e+07,0.000000e+00,-1.825672e+02,3.771970e+09,6.731539e+09,-1.122801e+08,8.984406e+05,5.778284e+07,4.790000e+02,-1.249722e+02,-1.332276e+08,0.000000e+00,0.000000e+00
1.412018e+01,1.466035e+10,7.394585e+10,-3.030881e+02,-2.185713e+04,-9.136699e+08,8.368966e+06,1.078320e-03,3.437009e+07,0.000000e+00,0.000000e+00,2.684987e+05,0.000000e+00,2.684987e+05,0.000000e+00,0.000000e+00,1.332644e+10,5.587935e-09,6.676972e-14,0.000000e+00,0.000000e+00,0.000000e+00,0.000000e+00,4.119317e+08,6.002984e+10,-6.572390e+08,3.600002e+06,1.350076e+07,0.000000e+00,-1.825663e+02,3.771429e+09,6.731210e+09,-1.122761e+08,8.984406e+05,5.781231e+07,4.790000e+02,-1.249678e+02,-1.332350e+08,0.000000e+00,0.000000e+00
1.414067e+01,1.466370e+10,7.394234e+10,-1.071379e+03,-2.526909e+04,-9.136454e+08,8.368966e+06,1.078241e-03,3.440413e+07,0.000000e+00,0.000000e+00,3.480828e+05,0.000000e+00,3.480828e+05,0.000000e+00,0.000000e+00,1.332994e+10,5.587935e-09,6.676972e-14,0.000000e+00,0.000000e+00,0.000000e+00,0.000000e+00,4.119988e+08,6.002919e+10,-6.572358e+08,3.600002e+06,1.350338e+07,0.000000e+00,-1.825654e+02,3.771505e+09,6.730576e+09,-1.122696e+08,8.984406e+05,5.784326e+07,4.790000e+02,-1.249605e+02,-1.332449e+08,0.000000e+00,0.000000e+00
1.416008e+01,1.466872e+10,7.393770e+10,-1.559038e+03,-2.874369e+04,-9.136216e+08,8.368966e+06,1.078196e-03,3.400296e+07,0.000000e+00,0.000000e+00,3.189135e+05,0.000000e+00,3.189135e+05,0.000000e+00,0.000000e+00,1.333343e+10,5.587935e-09,6.676972e-14,0.000000e+00,0.000000e+00,0.000000e+00,0.000000e+00,4.129618e+08,6.002785e+10,-6.572334e+08,3.600002e+06,1.350571e+07,0.000000e+00,-1.825647e+02,3.772447e+09,6.729311e+09,-1.122618e+08,8.984406e+05,5.787167e+07,4.790000e+02,-1.249519e+02,-1.332550e+08,0.000000e+00,0.000000e+00
1.418056e+01,1.467335e+10,7.393329e+10,-1.777915e+03,-3.246348e+04,-9.135959e+08,8.368966e+06,1.078185e-03,3.382514e+07,0.000000e+00,0.000000e+00,2.256418e+05,0.000000e+00,2.256418e+05,0.000000e+00,0.000000e+00,1.333715e+10,5.587935e-09,6.676972e-14,0.000000e+00,0.000000e+00,0.000000e+00,0.000000e+00,4.137829e+08,6.002676e+10,-6.572316e+08,3.600002e+06,1.350776e+07,0.000000e+00,-1.825642e+02,3.772899e+09,6.728198e+09,-1.122546e+08,8.984406e+05,5.790157e+07,4.790000e+02,-1.249438e+02,-1.332640e+08,0.000000e+00,0.000000e+00
1.420105e+01,1.467579e+10,7.393036e+10,-1.711695e+03,-3.605885e+04,-9.135695e+08,8.368966e+06,1.078152e-03,3.431613e+07,0.000000e+00,0.000000e+00,1.683662e+05,0.000000e+00,1.683662e+05,0.000000e+00,0.000000e+00,1.334087e+10,5.587935e-09,6.676972e-14,0.000000e+00,0.000000e+00,0.000000e+00,0.000000e+00,4.132955e+08,6.002685e+10,-6.572297e+08,3.600002e+06,1.350978e+07,0.000000e+00,-1.825637e+02,3.772400e+09,6.727560e+09,-1.122475e+08,8.984406e+05,5.793132e+07,4.790000e+02,-1.249359e+02,-1.332729e+08,0.000000e+00,0.000000e+00
1.422046e+01,1.467805e+10,7.392776e+10,-1.498396e+03,-3.943610e+04,-9.135438e+08,8.368966e+06,1.078053e-03,3.465936e+07,0.000000e+00,0.000000e+00,1.121854e+05,0.000000e+00,1.121854e+05,0.000000e+00,0.000000e+00,1.334441e+10,5.587935e-09,6.676972e-14,0.000000e+00,0.000000e+00,0.000000e+00,0.000000e+00,4.121739e+08,6.002755e+10,-6.572280e+08,3.600002e+06,1.351208e+07,0.000000e+00,-1.825632e+02,3.772542e+09,6.726680e+09,-1.122422e+08,8.984406e+05,5.795992e+07,4.790000e+02,-1.249300e+02,-1.332798e+08,0.000000e+00,0.000000e+00
1.424094e+01,1.468184e+10,7.392462e+10,-1.367430e+03,-4.298735e+04,-9.135161e+08,8.368966e+06,1.078072e-03,3.405496e+07,0.000000e+00,0.000000e+00,4.344376e+04,0.000000e+00,4.344376e+04,0.000000e+00,0.000000e+00,1.334819e+10,5.587935e-09,6.676972e-14,0.000000e+00,0.000000e+00,0.000000e+00,0.000000e+00,4.117311e+08,6.002762e+10,-6.572262e+08,3.600002e+06,1.351457e+07,0.000000e+00,-1.825627e+02,3.773384e+09,6.726077e+09,-1.122388e+08,8.984406e+05,5.798966e+07,4.790000e+02,-1.249263e+02,-1.332849e+08,0.000000e+00,0.000000e+00
1.426034e+01,1.468543e+10,7.392089e+10,-1.409652e+03,-4.650917e+04,-9.134893e+08,8.368966e+06,1.078119e-03,3.416647e+07,0.000000e+00,0.000000e+00,2.860670e+04,0.000000e+00,2.860670e+04,0.000000e+00,0.000000e+00,1.335172e+10,5.587935e-09,6.676972e-14,0.000000e+00,0.000000e+00,0.000000e+00,0.000000e+00,4.118317e+08,6.002711e+10,-6.572241e+08,3.600002e+06,1.351669e+07,0.000000e+00,-1.825621e+02,3.773686e+09,6.725475e+09,-1.122372e+08,8.984406e+05,5.801694e+07,4.790000e+02,-1.249244e+02,-1.332886e+08,0.000000e+00,0.000000e+00
1.428083e+01,1.468891e+10,7.391685e+10,-1.576613e+03,-5.052973e+04,-9.134604e+08,8.368966e+06,1.078193e-03,3.467067e+07,0.000000e+00,0.000000e+00,3.165990e+04,0.000000e+00,3.165990e+04,0.000000e+00,0.000000e+00,1.335537e+10,5.587935e-09,6.676972e-14,0.000000e+00,0.000000e+00,0.000000e+00,0.000000e+00,4.120634e+08,6.002629e+10,-6.572212e+08,3.600002e+06,1.351908e+07,0.000000e+00,-1.825613e+02,3.773550e+09,6.724947e+09,-1.122362e+08,8.984406e+05,5.804674e+07,4.790000e+02,-1.249233e+02,-1.332925e+08,0.000000e+00,0.000000e+00
1.430024e+01,1.469321e+10,7.391262e+10,-1.903256e+03,-5.438978e+04,-9.134321e+08,8.368966e+06,1.078224e-03,3.454828e+07,0.000000e+00,0.000000e+00,3.726739e+04,0.000000e+00,3.726739e+04,0.000000e+00,0.000000e+00,1.335880e+10,5.587935e-09,6.676972e-14,0.000000e+00,0.000000e+00,0.000000e+00,0.000000e+00,4.127968e+08,6.002495e+10,-6.572177e+08,3.600002e+06,1.352129e+07,0.000000e+00,-1.825604e+02,3.773911e+09,6.724579e+09,-1.122358e+08,8.984406e+05,5.807446e+07,4.790000e+02,-1.249229e+02,-1.332964e+08,0.000000e+00,0.000000e+00
1.432072e+01,1.469895e+10,7.390735e+10,-2.530783e+03,-5.832511e+04,-9.134010e+08,8.368966e+06,1.078256e-03,3.404527e+07,0.000000e+00,0.000000e+00,4.142047e+04,0.000000e+00,4.142047e+04,0.000000e+00,0.000000e+00,1.336236e+10,5.587935e-09,6.676972e-14,0.000000e+00,0.000000e+00,0.000000e+00,0.000000e+00,4.140303e+08,6.002302e+10,-6.572136e+08,3.600002e+06,1.352336e+07,0.000000e+00,-1.825592e+02,3.775047e+09,6.723921e+09,-1.122357e+08,8.984406e+05,5.810312e+07,4.790000e+02,-1.249228e+02,-1.333005e+08,0.000000e+00,0.000000e+00
1.434013e+01,1.470373e+10,7.390282e+10,-3.198785e+03,-6.201853e+04,-9.133706e+08,8.368966e+06,1.078258e-03,3.376262e+07,0.000000e+00,0.000000e+00,4.064375e+04,0.000000e+00,4.064375e+04,0.000000e+00,0.000000e+00,1.336573e+10,5.587935e-09,6.676972e-14,0.000000e+00,0.000000e+00,0.000000e+00,0.000000e+00,4.151971e+08,6.002124e+10,-6.572100e+08,3.600002e+06,1.352554e+07,0.000000e+00,-1.825582e+02,3.775503e+09,6.723584e+09,-1.122355e+08,8.984406e+05,5.813005e+07,4.790000e+02,-1.249226e+02,-1.333043e+08,0.000000e+00,0.000000e+00
1.436062e+01,1.470723e+10,7.389883e+10,-3.652254e+03,-6.589221e+04,-9.133381e+08,8.368966e+06,1.078277e-03,3.421855e+07,0.000000e+00,0.000000e+00,2.901331e+04,0.000000e+00,2.901331e+04,0.000000e+00,0.000000e+00,1.336931e+10,5.587935e-09,6.676972e-14,0.000000e+00,0.000000e+00,0.000000e+00,0.000000e+00,4.158562e+08,6.002000e+10,-6.572067e+08,3.600002e+06,1.352799e+07,0.000000e+00,-1.825573e+02,3.775078e+09,6.723468e+09,-1.122352e+08,8.984406e+05,5.815720e+07,4.790000e+02,-1.249222e+02,-1.333080e+08,0.000000e+00,0.000000e+00
1.438003e+01,1.471013e+10,7.389588e+10,-3.803742e+03,-6.953678e+04,-9.133074e+08,8.368966e+06,1.078268e-03,3.424437e+07,0.000000e+00,0.000000e+00,2.076238e+04,0.000000e+00,2.076238e+04,0.000000e+00,0.000000e+00,1.337265e+10,5.587935e-09,6.676972e-14,0.000000e+00,0.000000e+00,0.000000e+00,0.000000e+00,4.154276e+08,6.001991e+10,-6.572039e+08,3.600002e+06,1.353010e+07,0.000000e+00,-1.825565e+02,3.775358e+09,6.723223e+09,-1.122350e+08,8.984406e+05,5.818321e+07,4.790000e+02,-1.249220e+02,-1.333110e+08,0.000000e+00,0.000000e+00
1.440052e+01,1.471350e+10,7.389297e+10,-3.826926e+03,-7.322830e+04,-9.132751e+08,8.368966e+06,1.078271e-03,3.374293e+07,0.000000e+00,0.000000e+00,2.497652e+04,0.000000e+00,2.497652e+04,0.000000e+00,0.000000e+00,1.337623e+10,5.587935e-09,6.676972e-14,0.000000e+00,0.000000e+00,0.000000e+00,0.000000e+00,4.142320e+08,6.002052e+10,-6.572008e+08,3.600002e+06,1.353212e+07,0.000000e+00,-1.825557e+02,3.776698e+09,6.722286e+09,-1.122347e+08,8.984406e+05,5.821030e+07,4.790000e+02,-1.249217e+02,-1.333143e+08,0.000000e+00,0.000000e+00
1.442100e+01,1.471658e+10,7.388979e+10,-3.894418e+03,-7.643930e+04,-9.132430e+08,8.368966e+06,1.078192e-03,3.378406e+07,0.000000e+00,0.000000e+00,4.186934e+04,0.000000e+00,4.186934e+04,0.000000e+00,0.000000e+00,1.337986e+10,5.587935e-09,6.676972e-14,0.000000e+00,0.000000e+00,0.000000e+00,0.000000e+00,4.132195e+08,6.002082e+10,-6.571970e+08,3.600002e+06,1.353428e+07,0.000000e+00,-1.825546e+02,3.777556e+09,6.721361e+09,-1.122340e+08,8.984406e+05,5.823608e+07,4.790000e+02,-1.249209e+02,-1.333190e+08,0.000000e+00,0.000000e+00
1.444041e+01,1.471969e+10,7.388643e+10,-3.989218e+03,-7.888519e+04,-9.132125e+08,8.368966e+06,1.078111e-03,3.399144e+07,0.000000e+00,0.000000e+00,4.496448e+04,0.000000e+00,4.496448e+04,0.000000e+00,0.000000e+00,1.338335e+10,5.587935e-09,6.676972e-14,0.000000e+00,0.000000e+00,0.000000e+00,0.000000e+00,4.127783e+08,6.002049e+10,-6.571926e+08,3.600002e+06,1.353663e+07,0.000000e+00,-1.825534e+02,3.778040e+09,6.720606e+09,-1.122333e+08,8.984406e+05,5.826112e+07,4.790000e+02,-1.249201e+02,-1.333240e+08,0.000000e+00,0.000000e+00
1.446089e+01,1.472379e+10,7.388220e+10,-3.890630e+03,-8.070977e+04,-9.131804e+08,8.368966e+06,1.077941e-03,3.407775e+07,0.000000e+00,0.000000e+00,4.929370e+04,0.000000e+00,4.929370e+04,0.000000e+00,0.000000e+00,1.338706e+10,5.587935e-09,6.676972e-14,0.000000e+00,0.000000e+00,0.000000e+00,0.000000e+00,4.126639e+08,6.001975e+10,-6.571878e+08,3.600002e+06,1.353892e+07,0.000000e+00,-1.825521e+02,3.779064e+09,6.719374e+09,-1.122331e+08,8.984406e+05,5.828731e+07,4.790000e+02,-1.249199e+02,-1.333290e+08,0.000000e+00,0.000000e+00
1.448029e+01,1.472771e+10,7.387873e+10,-3.457169e+03,-8.169695e+04,-9.131501e+08,8.368966e+06,1.077814e-03,3.359653e+07,0.000000e+00,0.000000e+00,4.552918e+04,0.000000e+00,4.552918e+04,0.000000e+00,0.000000e+00,1.339061e+10,5.587935e-09,6.676972e-14,0.000000e+00,0.000000e+00,0.000000e+00,0.000000e+00,4.122375e+08,6.001941e+10,-6.571839e+08,3.600002e+06,1.354080e+07,0.000000e+00,-1.825510e+02,3.780428e+09,6.718533e+09,-1.122331e+08,8.984406e+05,5.831203e+07,4.790000e+02,-1.249199e+02,-1.333330e+08,0.000000e+00,0.000000e+00
1.450077e+01,1.473072e+10,7.387566e+10,-2.720150e+03,-8.227916e+04,-9.131181e+08,8.368966e+06,1.077732e-03,3.364232e+07,0.000000e+00,0.000000e+00,3.246680e+04,0.000000e+00,3.246680e+04,0.000000e+00,0.000000e+00,1.339432e+10,5.587935e-09,6.676972e-14,0.000000e+00,0.000000e+00,0.000000e+00,0.000000e+00,4.110724e+08,6.001999e+10,-6.571811e+08,3.600002e+06,1.354297e+07,0.000000e+00,-1.825502e+02,3.781422e+09,6.717478e+09,-1.122328e+08,8.984406e+05,5.833777e+07,4.790000e+02,-1.249196e+02,-1.333359e+08,0.000000e+00,0.000000e+00
1.452017e+01,1.473330e+10,7.387265e+10,-1.679400e+03,-8.279268e+04,-9.130877e+08,8.368966e+06,1.077689e-03,3.404325e+07,0.000000e+00,0.000000e+00,1.833920e+04,0.000000e+00,1.833920e+04,0.000000e+00,0.000000e+00,1.339771e+10,5.587935e-09,6.676972e-14,0.000000e+00,0.000000e+00,0.000000e+00,0.000000e+00,4.099827e+08,6.002082e+10,-6.571798e+08,3.600002e+06,1.354508e+07,0.000000e+00,-1.825498e+02,3.782017e+09,6.716438e+09,-1.122327e+08,8.984406e+05,5.836148e+07,4.790000e+02,-1.249194e+02,-1.333372e+08,0.000000e+00,0.000000e+00
1.454064e+01,1.473671e+10,7.386934e+10,-4.054707e+02,-8.329623e+04,-9.130552e+08,8.368966e+06,1.077610e-03,3.391731e+07,0.000000e+00,0.000000e+00,9.171988e+03,0.000000e+00,9.171988e+03,0.000000e+00,0.000000e+00,1.340118e+10,5.587935e-09,6.676972e-14,0.000000e+00,0.000000e+00,0.000000e+00,0.000000e+00,4.092108e+08,6.002147e+10,-6.571793e+08,3.600002e+06,1.354721e+07,0.000000e+00,-1.825497e+02,3.782925e+09,6.715654e+09,-1.122327e+08,8.984406e+05,5.838668e+07,4.790000e+02,-1.249194e+02,-1.333377e+08,0.000000e+00,0.000000e+00
1.456004e+01,1.474040e+10,7.386577e+10,7.495891e+02,-8.362530e+04,-9.130236e+08,8.368966e+06,1.077513e-03,3.377565e+07,0.000000e+00,0.000000e+00,5.895838e+03,0.000000e+00,5.895838e+03,0.000000e+00,0.000000e+00,1.340440e+10,5.587935e-09,6.676972e-14,0.000000e+00,0.000000e+00,0.000000e+00,0.000000e+00,4.087080e+08,6.002181e+10,-6.571788e+08,3.600002e+06,1.354926e+07,0.000000e+00,-1.825495e+02,3.784088e+09,6.714621e+09,-1.122327e+08,8.984406e+05,5.840998e+07,4.790000e+02,-1.249194e+02,-1.333383e+08,0.000000e+00,0.000000e+00
1.458051e+01,1.474453e+10,7.386169e+10,1.796832e+03,-8.379460e+04,-9.129889e+08,8.368966e+06,1.077402e-03,3.368260e+07,0.000000e+00,0.000000e+00,6.545159e+03,0.000000e+00,6.545159e+03,0.000000e+00,0.000000e+00,1.340789e+10,5.587935e-09,6.676972e-14,0.000000e+00,0.000000e+00,0.000000e+00,0.000000e+00,4.087710e+08,6.002155e+10,-6.571775e+08,3.600002e+06,1.355146e+07,0.000000e+00,-1.825492e+02,3.785028e+09,6.713739e+09,-1.122327e+08,8.984406e+05,5.843398e+07,4.790000e+02,-1.249194e+02,-1.333395e+08,0.000000e+00,0.000000e+00
1.460098e+01,1.474832e+10,7.385752e+10,2.675277e+03,-8.352304e+04,-9.129526e+08,8.368966e+06,1.077306e-03,3.403291e+07,0.000000e+00,0.000000e+00,8.302184e+03,0.000000e+00,8.302184e+03,0.000000e+00,0.000000e+00,1.341148e+10,5.587935e-09,6.676972e-14,0.000000e+00,0.000000e+00,0.000000e+00,0.000000e+00,4.093397e+08,6.002067e+10,-6.571757e+08,3.600002e+06,1.355341e+07,0.000000e+00,-1.825487e+02,3.785135e+09,6.713207e+09,-1.122327e+08,8.984406e+05,5.845780e+07,4.790000e+02,-1.249194e+02,-1.333414e+08,0.000000e+00,0.000000e+00
1.462037e+01,1.475253e+10,7.385329e+10,3.276854e+03,-8.263116e+04,-9.129170e+08,8.368966e+06,1.077246e-03,3.402450e+07,0.000000e+00,0.000000e+00,8.155860e+03,0.000000e+00,8.155860e+03,0.000000e+00,0.000000e+00,1.341486e+10,5.587935e-09,6.676972e-14,0.000000e+00,0.000000e+00,0.000000e+00,0.000000e+00,4.102240e+08,6.001947e+10,-6.571738e+08,3.600002e+06,1.355528e+07,0.000000e+00,-1.825482e+02,3.785500e+09,6.712790e+09,-1.122327e+08,8.984406e+05,5.848036e+07,4.790000e+02,-1.249194e+02,-1.333433e+08,0.000000e+00,0.000000e+00
1.464084e+01,1.475835e+10,7.384775e+10,3.631865e+03,-8.141395e+04,-9.128788e+08,8.368966e+06,1.077180e-03,3.370589e+07,0.000000e+00,0.000000e+00,9.266964e+03,0.000000e+00,9.266964e+03,0.000000e+00,0.000000e+00,1.341845e+10,5.587935e-09,6.676972e-14,0.000000e+00,0.000000e+00,0.000000e+00,0.000000e+00,4.120195e+08,6.001739e+10,-6.571724e+08,3.600002e+06,1.355772e+07,0.000000e+00,-1.825478e+02,3.786383e+09,6.712230e+09,-1.122327e+08,8.984406e+05,5.850429e+07,4.790000e+02,-1.249194e+02,-1.333447e+08,0.000000e+00,0.000000e+00
1.466023e+01,1.476441e+10,7.384166e+10,3.707111e+03,-8.061785e+04,-9.128426e+08,8.368966e+06,1.077121e-03,3.369686e+07,0.000000e+00,0.000000e+00,1.834945e+04,0.000000e+00,1.834945e+04,0.000000e+00,0.000000e+00,1.342189e+10,5.587935e-09,6.676972e-14,0.000000e+00,0.000000e+00,0.000000e+00,0.000000e+00,4.145936e+08,6.001463e+10,-6.571714e+08,3.600002e+06,1.356010e+07,0.000000e+00,-1.825475e+02,3.786893e+09,6.711664e+09,-1.122326e+08,8.984406e+05,5.852674e+07,4.790000e+02,-1.249194e+02,-1.333457e+08,0.000000e+00,0.000000e+00
1.468069e+01,1.477079e+10,7.383486e+10,3.511041e+03,-8.038823e+04,-9.128049e+08,8.368966e+06,1.076998e-03,3.404467e+07,0.000000e+00,0.000000e+00,3.843936e+04,0.000000e+00,3.843936e+04,0.000000e+00,0.000000e+00,1.342560e+10,5.587935e-09,6.676972e-14,0.000000e+00,0.000000e+00,0.000000e+00,0.000000e+00,4.175392e+08,6.001155e+10,-6.571704e+08,3.600002e+06,1.356216e+07,0.000000e+00,-1.825472e+02,3.787264e+09,6.710908e+09,-1.122326e+08,8.984406e+05,5.855048e+07,4.790000e+02,-1.249193e+02,-1.333468e+08,0.000000e+00,0.000000e+00
1.470008e+01,1.477671e+10,7.382888e+10,2.991567e+03,-8.083231e+04,-9.127697e+08,8.368966e+06,1.076877e-03,3.399585e+07,0.000000e+00,0.000000e+00,1.347701e+05,0.000000e+00,1.347701e+05,0.000000e+00,0.000000e+00,1.342905e+10,5.587935e-09,6.676972e-14,0.000000e+00,0.000000e+00,0.000000e+00,0.000000e+00,4.197651e+08,6.000916e+10,-6.571693e+08,3.600002e+06,1.356389e+07,0.000000e+00,-1.825469e+02,3.788137e+09,6.709971e+09,-1.122318e+08,8.984406e+05,5.857338e+07,4.790000e+02,-1.249185e+02,-1.333487e+08,0.000000e+00,0.000000e+00
1.472054e+01,1.478255e+10,7.382355e+10,2.146333e+03,-8.186112e+04,-9.127335e+08,8.368966e+06,1.076758e-03,3.338707e+07,0.000000e+00,0.000000e+00,2.182298e+05,0.000000e+00,2.182298e+05,0.000000e+00,0.000000e+00,1.343258e+10,5.587935e-09,6.676972e-14,0.000000e+00,0.000000e+00,0.000000e+00,0.000000e+00,4.212176e+08,6.000741e+10,-6.571677e+08,3.600002e+06,1.356590e+07,0.000000e+00,-1.825465e+02,3.789566e+09,6.709090e+09,-1.122308e+08,8.984406e+05,5.859748e+07,4.790000e+02,-1.249173e+02,-1.333514e+08,0.000000e+00,0.000000e+00
1.474100e+01,1.478746e+10,7.381859e+10,1.321261e+03,-8.307009e+04,-9.126979e+08,8.368966e+06,1.076663e-03,3.337982e+07,0.000000e+00,0.000000e+00,3.088212e+05,0.000000e+00,3.088212e+05,0.000000e+00,0.000000e+00,1.343609e+10,5.587935e-09,6.676972e-14,0.000000e+00,0.000000e+00,0.000000e+00,0.000000e+00,4.222045e+08,6.000603e+10,-6.571657e+08,3.600002e+06,1.356802e+07,0.000000e+00,-1.825459e+02,3.790468e+09,6.708146e+09,-1.122285e+08,8.984406e+05,5.862135e+07,4.790000e+02,-1.249147e+02,-1.333558e+08,0.000000e+00,0.000000e+00
1.476038e+01,1.479149e+10,7.381433e+10,8.303160e+02,-8.426577e+04,-9.126648e+08,8.368966e+06,1.076580e-03,3.352273e+07,0.000000e+00,0.000000e+00,3.820137e+05,0.000000e+00,3.820137e+05,0.000000e+00,0.000000e+00,1.343946e+10,5.587935e-09,6.676972e-14,0.000000e+00,0.000000e+00,0.000000e+00,0.000000e+00,4.228600e+08,6.000501e+10,-6.571638e+08,3.600002e+06,1.356997e+07,0.000000e+00,-1.825454e+02,3.791000e+09,6.707176e+09,-1.122240e+08,8.984406e+05,5.864370e+07,4.790000e+02,-1.249097e+02,-1.333623e+08,0.000000e+00,0.000000e+00
1.478083e+01,1.479568e+10,7.381009e+10,8.394060e+02,-8.542030e+04,-9.126300e+08,8.368966e+06,1.076508e-03,3.344490e+07,0.000000e+00,0.000000e+00,4.735712e+05,0.000000e+00,4.735712e+05,0.000000e+00,0.000000e+00,1.344303e+10,5.587935e-09,6.676972e-14,0.000000e+00,0.000000e+00,0.000000e+00,0.000000e+00,4.230221e+08,6.000454e+10,-6.571624e+08,3.600002e+06,1.357203e+07,0.000000e+00,-1.825450e+02,3.791992e+09,6.705810e+09,-1.122169e+08,8.984406e+05,5.866762e+07,4.790000e+02,-1.249019e+02,-1.333708e+08,0.000000e+00,0.000000e+00
1.480021e+01,1.479947e+10,7.380643e+10,1.238843e+03,-8.619623e+04,-9.125971e+08,8.368966e+06,1.076448e-03,3.332544e+07,0.000000e+00,0.000000e+00,4.371620e+05,0.000000e+00,4.371620e+05,0.000000e+00,0.000000e+00,1.344651e+10,5.587935e-09,6.676972e-14,0.000000e+00,0.000000e+00,0.000000e+00,0.000000e+00,4.227623e+08,6.000466e+10,-6.571619e+08,3.600002e+06,1.357400e+07,0.000000e+00,-1.825449e+02,3.793090e+09,6.704374e+09,-1.122098e+08,8.984406e+05,5.868967e+07,4.790000e+02,-1.248939e+02,-1.333784e+08,0.000000e+00,0.000000e+00
1.482066e+01,1.480279e+10,7.380316e+10,1.801931e+03,-8.647349e+04,-9.125620e+08,8.368966e+06,1.076387e-03,3.331416e+07,0.000000e+00,0.000000e+00,3.576068e+05,0.000000e+00,3.576068e+05,0.000000e+00,0.000000e+00,1.345025e+10,5.587935e-09,6.676972e-14,0.000000e+00,0.000000e+00,0.000000e+00,0.000000e+00,4.222145e+08,6.000508e+10,-6.571617e+08,3.600002e+06,1.357601e+07,0.000000e+00,-1.825448e+02,3.793739e+09,6.703023e+09,-1.122028e+08,8.984406e+05,5.871269e+07,4.790000e+02,-1.248862e+02,-1.333856e+08,0.000000e+00,0.000000e+00
1.484003e+01,1.480575e+10,7.379986e+10,2.260633e+03,-8.623851e+04,-9.125281e+08,8.368966e+06,1.076345e-03,3.372161e+07,0.000000e+00,0.000000e+00,2.574103e+05,0.000000e+00,2.574103e+05,0.000000e+00,0.000000e+00,1.345388e+10,5.587935e-09,6.676972e-14,0.000000e+00,0.000000e+00,0.000000e+00,0.000000e+00,4.215962e+08,6.000554e+10,-6.571613e+08,3.600002e+06,1.357817e+07,0.000000e+00,-1.825447e+02,3.794161e+09,6.701654e+09,-1.121974e+08,8.984406e+05,5.873464e+07,4.790000e+02,-1.248801e+02,-1.333914e+08,0.000000e+00,0.000000e+00
1.486048e+01,1.480933e+10,7.379626e+10,2.516356e+03,-8.548427e+04,-9.124910e+08,8.368966e+06,1.076301e-03,3.380433e+07,0.000000e+00,0.000000e+00,1.486620e+05,0.000000e+00,1.486620e+05,0.000000e+00,0.000000e+00,1.345775e+10,5.587935e-09,6.676972e-14,0.000000e+00,0.000000e+00,0.000000e+00,0.000000e+00,4.211804e+08,6.000588e+10,-6.571607e+08,3.600002e+06,1.358070e+07,0.000000e+00,-1.825445e+02,3.794866e+09,6.700313e+09,-1.121928e+08,8.984406e+05,5.875704e+07,4.790000e+02,-1.248751e+02,-1.333964e+08,0.000000e+00,0.000000e+00
1.488093e+01,1.481320e+10,7.379294e+10,2.469279e+03,-8.435634e+04,-9.124525e+08,8.368966e+06,1.076234e-03,3.333690e+07,0.000000e+00,0.000000e+00,4.957721e+04,0.000000e+00,4.957721e+04,0.000000e+00,0.000000e+00,1.346162e+10,5.587935e-09,6.676972e-14,0.000000e+00,0.000000e+00,0.000000e+00,0.000000e+00,4.204621e+08,6.000652e+10,-6.571601e+08,3.600002e+06,1.358288e+07,0.000000e+00,-1.825444e+02,3.796206e+09,6.698918e+09,-1.121895e+08,8.984406e+05,5.877933e+07,4.790000e+02,-1.248714e+02,-1.334002e+08,0.000000e+00,0.000000e+00
1.490030e+01,1.481562e+10,7.379047e+10,2.311490e+03,-8.314094e+04,-9.124145e+08,8.368966e+06,1.076199e-03,3.334222e+07,0.000000e+00,0.000000e+00,4.432788e+04,0.000000e+00,4.432788e+04,0.000000e+00,0.000000e+00,1.346519e+10,5.587935e-09,6.676972e-14,0.000000e+00,0.000000e+00,0.000000e+00,0.000000e+00,4.190703e+08,6.000782e+10,-6.571596e+08,3.600002e+06,1.358470e+07,0.000000e+00,-1.825442e+02,3.796970e+09,6.697925e+09,-1.121876e+08,8.984406e+05,5.880045e+07,4.790000e+02,-1.248692e+02,-1.334026e+08,0.000000e+00,0.000000e+00
1.492075e+01,1.481713e+10,7.378847e+10,2.234074e+03,-8.194608e+04,-9.123729e+08,8.368966e+06,1.076171e-03,3.381168e+07,0.000000e+00,0.000000e+00,3.457078e+04,0.000000e+00,3.457078e+04,0.000000e+00,0.000000e+00,1.346895e+10,5.587935e-09,6.676972e-14,0.000000e+00,0.000000e+00,0.000000e+00,0.000000e+00,4.172780e+08,6.000954e+10,-6.571592e+08,3.600002e+06,1.358680e+07,0.000000e+00,-1.825441e+02,3.797051e+09,6.697292e+09,-1.121862e+08,8.984406e+05,5.882340e+07,4.790000e+02,-1.248677e+02,-1.334044e+08,0.000000e+00,0.000000e+00
1.494012e+01,1.481935e+10,7.378616e+10,2.243152e+03,-8.107848e+04,-9.123323e+08,8.368966e+06,1.076126e-03,3.387049e+07,0.000000e+00,0.000000e+00,2.722603e+04,0.000000e+00,2.722603e+04,0.000000e+00,0.000000e+00,1.347241e+10,5.587935e-09,6.676972e-14,0.000000e+00,0.000000e+00,0.000000e+00,0.000000e+00,4.158363e+08,6.001090e+10,-6.571587e+08,3.600002e+06,1.358884e+07,0.000000e+00,-1.825440e+02,3.797728e+09,6.696402e+09,-1.121849e+08,8.984406e+05,5.884584e+07,4.790000e+02,-1.248662e+02,-1.334062e+08,0.000000e+00,0.000000e+00
1.496057e+01,1.482304e+10,7.378279e+10,2.365358e+03,-8.032707e+04,-9.122883e+08,8.368966e+06,1.076136e-03,3.346204e+07,0.000000e+00,0.000000e+00,7.534620e+04,0.000000e+00,7.534620e+04,0.000000e+00,0.000000e+00,1.347598e+10,5.587935e-09,6.676972e-14,0.000000e+00,0.000000e+00,0.000000e+00,0.000000e+00,4.150313e+08,6.001162e+10,-6.571582e+08,3.600002e+06,1.359076e+07,0.000000e+00,-1.825438e+02,3.799103e+09,6.695325e+09,-1.121829e+08,8.984406e+05,5.886926e+07,4.790000e+02,-1.248640e+02,-1.334087e+08,0.000000e+00,0.000000e+00
1.498102e+01,1.482695e+10,7.377870e+10,2.785861e+03,-7.966266e+04,-9.122433e+08,8.368966e+06,1.076146e-03,3.350079e+07,0.000000e+00,0.000000e+00,1.344793e+05,0.000000e+00,1.344793e+05,0.000000e+00,0.000000e+00,1.347952e+10,5.587935e-09,6.676972e-14,0.000000e+00,0.000000e+00,0.000000e+00,0.000000e+00,4.148996e+08,6.001166e+10,-6.571577e+08,3.600002e+06,1.359256e+07,0.000000e+00,-1.825437e+02,3.799970e+09,6.694373e+09,-1.121804e+08,8.984406e+05,5.889384e+07,4.790000e+02,-1.248612e+02,-1.334117e+08,0.000000e+00,0.000000e+00
1.500039e+01,1.483095e+10,7.377433e+10,3.513423e+03,-7.915920e+04,-9.122000e+08,8.368966e+06,1.076127e-03,3.379094e+07,0.000000e+00,0.000000e+00,1.224863e+05,0.000000e+00,1.224863e+05,0.000000e+00,0.000000e+00,1.348285e+10,5.587935e-09,6.676972e-14,0.000000e+00,0.000000e+00,0.000000e+00,0.000000e+00,4.152969e+08,6.001116e+10,-6.571574e+08,3.600002e+06,1.359445e+07,0.000000e+00,-1.825436e+02,3.800511e+09,6.693773e+09,-1.121779e+08,8.984406e+05,5.891889e+07,4.790000e+02,-1.248584e+02,-1.334145e+08,0.000000e+00,0.000000e+00
1.502083e+01,1.483580e+10,7.376935e+10,4.503876e+03,-7.882901e+04,-9.121536e+08,8.368966e+06,1.076093e-03,3.387492e+07,0.000000e+00,0.000000e+00,9.082206e+04,0.000000e+00,9.082206e+04,0.000000e+00,0.000000e+00,1.348642e+10,5.587935e-09,6.676972e-14,0.000000e+00,0.000000e+00,0.000000e+00,0.000000e+00,4.160233e+08,6.001040e+10,-6.571574e+08,3.600002e+06,1.359650e+07,0.000000e+00,-1.825436e+02,3.801426e+09,6.693131e+09,-1.121759e+08,8.984406e+05,5.894646e+07,4.790000e+02,-1.248562e+02,-1.334164e+08,0.000000e+00,0.000000e+00
1.504020e+01,1.484098e+10,7.376430e+10,5.370699e+03,-7.880808e+04,-9.121089e+08,8.368966e+06,1.076049e-03,3.355070e+07,0.000000e+00,0.000000e+00,2.121976e+05,0.000000e+00,2.121976e+05,0.000000e+00,0.000000e+00,1.348978e+10,5.587935e-09,6.676972e-14,0.000000e+00,0.000000e+00,0.000000e+00,0.000000e+00,4.167414e+08,6.000967e+10,-6.571574e+08,3.600002e+06,1.359844e+07,0.000000e+00,-1.825436e+02,3.802839e+09,6.692393e+09,-1.121741e+08,8.984406e+05,5.897382e+07,4.790000e+02,-1.248543e+02,-1.334183e+08,0.000000e+00,0.000000e+00
1.506065e+01,1.484623e+10,7.375806e+10,5.916529e+03,-7.922561e+04,-9.120612e+08,8.368966e+06,1.075969e-03,3.381827e+07,0.000000e+00,0.000000e+00,6.958294e+05,0.000000e+00,6.958294e+05,0.000000e+00,0.000000e+00,1.349341e+10,5.587935e-09,6.676972e-14,0.000000e+00,0.000000e+00,0.000000e+00,0.000000e+00,4.175010e+08,6.000886e+10,-6.571574e+08,3.600002e+06,1.360052e+07,0.000000e+00,-1.825436e+02,3.804168e+09,6.692155e+09,-1.121701e+08,8.984406e+05,5.901039e+07,4.790000e+02,-1.248498e+02,-1.334225e+08,0.000000e+00,0.000000e+00
1.508001e+01,1.485119e+10,7.375103e+10,6.077314e+03,-8.002295e+04,-9.120159e+08,8.368966e+06,1.075860e-03,3.497043e+07,0.000000e+00,0.000000e+00,1.290815e+06,0.000000e+00,1.290815e+06,0.000000e+00,0.000000e+00,1.349701e+10,5.587935e-09,6.676972e-14,0.000000e+00,0.000000e+00,0.000000e+00,0.000000e+00,4.182672e+08,6.000806e+10,-6.571573e+08,3.600002e+06,1.360237e+07,0.000000e+00,-1.825436e+02,3.805345e+09,6.693079e+09,-1.121636e+08,8.984406e+05,5.906790e+07,4.790000e+02,-1.248425e+02,-1.334294e+08,0.000000e+00,0.000000e+00
1.510045e+01,1.485701e+10,7.374007e+10,5.919620e+03,-8.108051e+04,-9.119681e+08,8.368966e+06,1.075781e-03,3.579249e+07,0.000000e+00,0.000000e+00,4.193543e+06,0.000000e+00,4.193543e+06,0.000000e+00,0.000000e+00,1.350134e+10,5.587935e-09,6.676972e-14,0.000000e+00,0.000000e+00,0.000000e+00,0.000000e+00,4.188172e+08,6.000747e+10,-6.571572e+08,3.600002e+06,1.360429e+07,0.000000e+00,-1.825436e+02,3.807214e+09,6.695694e+09,-1.121265e+08,8.984406e+05,5.917670e+07,4.790000e+02,-1.248012e+02,-1.334697e+08,0.000000e+00,0.000000e+00
1.512089e+01,1.486455e+10,7.372825e+10,5.523637e+03,-8.206746e+04,-9.119205e+08,8.368966e+06,1.075728e-03,3.742616e+07,0.000000e+00,0.000000e+00,4.525155e+06,0.000000e+00,4.525155e+06,0.000000e+00,0.000000e+00,1.350625e+10,5.587935e-09,6.676972e-14,0.000000e+00,0.000000e+00,0.000000e+00,0.000000e+00,4.191477e+08,6.000710e+10,-6.571571e+08,3.600002e+06,1.360647e+07,0.000000e+00,-1.825435e+02,3.810636e+09,6.700329e+09,-1.120433e+08,8.984406e+05,5.935896e+07,4.790000e+02,-1.247087e+02,-1.335535e+08,0.000000e+00,0.000000e+00
1.514025e+01,1.487226e+10,7.372026e+10,4.995006e+03,-8.284520e+04,-9.118755e+08,8.368966e+06,1.075669e-03,3.800682e+07,0.000000e+00,0.000000e+00,2.341428e+06,0.000000e+00,2.341428e+06,0.000000e+00,0.000000e+00,1.351145e+10,5.587935e-09,6.676972e-14,0.000000e+00,0.000000e+00,0.000000e+00,0.000000e+00,4.196144e+08,6.000662e+10,-6.571569e+08,3.600002e+06,1.360860e+07,0.000000e+00,-1.825435e+02,3.814381e+09,6.704994e+09,-1.119857e+08,8.984406e+05,5.961233e+07,4.790000e+02,-1.246445e+02,-1.336092e+08,0.000000e+00,0.000000e+00
1.516069e+01,1.487943e+10,7.371143e+10,4.277965e+03,-8.347166e+04,-9.118282e+08,8.368966e+06,1.075559e-03,3.823759e+07,0.000000e+00,0.000000e+00,2.077762e+06,0.000000e+00,2.077762e+06,0.000000e+00,0.000000e+00,1.351713e+10,5.587935e-09,6.676972e-14,0.000000e+00,0.000000e+00,0.000000e+00,0.000000e+00,4.198821e+08,6.000635e+10,-6.571569e+08,3.600002e+06,1.361062e+07,0.000000e+00,-1.825435e+02,3.817833e+09,6.708496e+09,-1.119541e+08,8.984406e+05,5.998402e+07,4.790000e+02,-1.246094e+02,-1.336400e+08,0.000000e+00,0.000000e+00
1.518005e+01,1.488655e+10,7.370136e+10,3.437348e+03,-8.381507e+04,-9.117835e+08,8.368966e+06,1.075469e-03,3.882946e+07,0.000000e+00,0.000000e+00,2.713602e+06,0.000000e+00,2.713602e+06,0.000000e+00,0.000000e+00,1.352266e+10,5.587935e-09,6.676972e-14,0.000000e+00,0.000000e+00,0.000000e+00,0.000000e+00,4.199198e+08,6.000631e+10,-6.571569e+08,3.600002e+06,1.361248e+07,0.000000e+00,-1.825435e+02,3.821691e+09,6.711477e+09,-1.119337e+08,8.984406e+05,6.046420e+07,4.790000e+02,-1.245866e+02,-1.336603e+08,0.000000e+00,0.000000e+00
1.520048e+01,1.489484e+10,7.369033e+10,2.552333e+03,-8.381295e+04,-9.117363e+08,8.368966e+06,1.075333e-03,3.948553e+07,0.000000e+00,0.000000e+00,2.688244e+06,0.000000e+00,2.688244e+06,0.000000e+00,0.000000e+00,1.352838e+10,5.587935e-09,6.676972e-14,0.000000e+00,0.000000e+00,0.000000e+00,0.000000e+00,4.202227e+08,6.000564e+10,-6.571548e+08,3.600002e+06,1.361456e+07,0.000000e+00,-1.825429e+02,3.826285e+09,6.714819e+09,-1.119113e+08,8.984406e+05,6.112443e+07,4.790000e+02,-1.245617e+02,-1.336853e+08,0.000000e+00,0.000000e+00
1.522091e+01,1.490339e+10,7.367796e+10,1.827396e+03,-8.351000e+04,-9.116891e+08,8.368966e+06,1.075244e-03,3.988299e+07,0.000000e+00,0.000000e+00,3.661499e+06,0.000000e+00,3.661499e+06,0.000000e+00,0.000000e+00,1.353468e+10,5.587935e-09,6.676972e-14,0.000000e+00,0.000000e+00,0.000000e+00,0.000000e+00,4.204959e+08,6.000398e+10,-6.571473e+08,3.600002e+06,1.361666e+07,0.000000e+00,-1.825408e+02,3.830971e+09,6.718302e+09,-1.118844e+08,8.984406e+05,6.190297e+07,4.790000e+02,-1.245317e+02,-1.337199e+08,0.000000e+00,0.000000e+00
1.524027e+01,1.491181e+10,7.366350e+10,1.288189e+03,-8.326060e+04,-9.116444e+08,8.368966e+06,1.075154e-03,4.192858e+07,0.000000e+00,0.000000e+00,5.031298e+06,0.000000e+00,5.031298e+06,0.000000e+00,0.000000e+00,1.354142e+10,5.587935e-09,6.676972e-14,0.000000e+00,0.000000e+00,0.000000e+00,0.000000e+00,4.201675e+08,6.000325e+10,-6.571421e+08,3.600002e+06,1.361847e+07,0.000000e+00,-1.825394e+02,3.836160e+09,6.721581e+09,-1.118525e+08,8.984406e+05,6.270841e+07,4.790000e+02,-1.244963e+02,-1.337571e+08,0.000000e+00,0.000000e+00
1.526069e+01,1.492013e+10,7.365600e+10,9.099023e+02,-8.321856e+04,-9.115975e+08,8.368966e+06,1.075066e-03,4.340592e+07,0.000000e+00,0.000000e+00,9.797544e+05,0.000000e+00,9.797544e+05,0.000000e+00,0.000000e+00,1.354988e+10,5.587935e-09,6.676972e-14,0.000000e+00,0.000000e+00,0.000000e+00,0.000000e+00,4.189889e+08,6.000417e+10,-6.571412e+08,3.600002e+06,1.362067e+07,0.000000e+00,-1.825391e+02,3.841851e+09,6.724474e+09,-1.118276e+08,8.984406e+05,6.361605e+07,4.790000e+02,-1.244685e+02,-1.337816e+08,0.000000e+00,0.000000e+00
1.528004e+01,1.492767e+10,7.364995e+10,7.094931e+02,-8.345234e+04,-9.115533e+08,8.368966e+06,1.074973e-03,4.106978e+07,0.000000e+00,0.000000e+00,6.127417e+05,0.000000e+00,6.127417e+05,0.000000e+00,0.000000e+00,1.355816e+10,5.587935e-09,6.676972e-14,0.000000e+00,0.000000e+00,0.000000e+00,0.000000e+00,4.174159e+08,6.000568e+10,-6.571412e+08,3.600002e+06,1.362279e+07,0.000000e+00,-1.825391e+02,3.847180e+09,6.724296e+09,-1.118182e+08,8.984406e+05,6.444249e+07,4.790000e+02,-1.244581e+02,-1.337908e+08,0.000000e+00,0.000000e+00
1.530047e+01,1.493427e+10,7.364327e+10,6.229403e+02,-8.388865e+04,-9.115068e+08,8.368966e+06,1.074877e-03,4.014966e+07,0.000000e+00,0.000000e+00,5.085704e+05,0.000000e+00,5.085704e+05,0.000000e+00,0.000000e+00,1.356604e+10,5.587935e-09,6.676972e-14,0.000000e+00,0.000000e+00,0.000000e+00,0.000000e+00,4.158098e+08,6.000726e+10,-6.571412e+08,3.600002e+06,1.362514e+07,0.000000e+00,-1.825391e+02,3.851606e+09,6.723353e+09,-1.118093e+08,8.984406e+05,6.526014e+07,4.790000e+02,-1.244482e+02,-1.337996e+08,0.000000e+00,0.000000e+00
1.532089e+01,1.493957e+10,7.363735e+10,6.209731e+02,-8.442395e+04,-9.114601e+08,8.368966e+06,1.074756e-03,3.980198e+07,0.000000e+00,0.000000e+00,4.386052e+05,0.000000e+00,4.386052e+05,0.000000e+00,0.000000e+00,1.357371e+10,5.587935e-09,6.676972e-14,0.000000e+00,0.000000e+00,0.000000e+00,0.000000e+00,4.144426e+08,6.000860e+10,-6.571412e+08,3.600002e+06,1.362739e+07,0.000000e+00,-1.825391e+02,3.854604e+09,6.722540e+09,-1.118026e+08,8.984406e+05,6.600960e+07,4.790000e+02,-1.244408e+02,-1.338062e+08,0.000000e+00,0.000000e+00
1.534023e+01,1.494496e+10,7.363140e+10,6.401051e+02,-8.509255e+04,-9.114155e+08,8.368966e+06,1.074654e-03,3.914256e+07,0.000000e+00,0.000000e+00,7.590842e+05,0.000000e+00,7.590842e+05,0.000000e+00,0.000000e+00,1.358056e+10,5.587935e-09,6.676972e-14,0.000000e+00,0.000000e+00,0.000000e+00,0.000000e+00,4.133596e+08,6.000950e+10,-6.571404e+08,3.600002e+06,1.362954e+07,0.000000e+00,-1.825389e+02,3.857669e+09,6.721589e+09,-1.117957e+08,8.984406e+05,6.661993e+07,4.790000e+02,-1.244330e+02,-1.338142e+08,0.000000e+00,0.000000e+00
1.536065e+01,1.495185e+10,7.362487e+10,5.937867e+02,-8.606976e+04,-9.113676e+08,8.368966e+06,1.074084e-03,3.827919e+07,0.000000e+00,0.000000e+00,5.084538e+05,0.000000e+00,5.084538e+05,0.000000e+00,0.000000e+00,1.358768e+10,5.587935e-09,6.676972e-14,0.000000e+00,0.000000e+00,0.000000e+00,0.000000e+00,4.126986e+08,6.000967e+10,-6.571378e+08,3.600002e+06,1.363176e+07,0.000000e+00,-1.825382e+02,3.861768e+09,6.720837e+09,-1.117855e+08,8.984406e+05,6.718497e+07,4.790000e+02,-1.244216e+02,-1.338271e+08,0.000000e+00,0.000000e+00
1.538105e+01,1.495829e+10,7.361864e+10,5.444141e+02,-8.730536e+04,-9.113183e+08,8.368966e+06,1.073469e-03,3.752744e+07,0.000000e+00,0.000000e+00,4.157764e+05,0.000000e+00,4.157764e+05,0.000000e+00,0.000000e+00,1.359489e+10,5.587935e-09,6.676972e-14,0.000000e+00,0.000000e+00,0.000000e+00,0.000000e+00,4.126813e+08,6.000867e+10,-6.571318e+08,3.600002e+06,1.363404e+07,0.000000e+00,-1.825365e+02,3.864803e+09,6.718206e+09,-1.117801e+08,8.984406e+05,6.769396e+07,4.790000e+02,-1.244156e+02,-1.338383e+08,0.000000e+00,0.000000e+00
1.540037e+01,1.496409e+10,7.361227e+10,5.061851e+02,-8.842102e+04,-9.112701e+08,8.368966e+06,1.072922e-03,3.759294e+07,0.000000e+00,0.000000e+00,4.227052e+05,0.000000e+00,4.227052e+05,0.000000e+00,0.000000e+00,1.360109e+10,5.587935e-09,6.676972e-14,0.000000e+00,0.000000e+00,0.000000e+00,0.000000e+00,4.129691e+08,6.000773e+10,-6.571279e+08,3.600002e+06,1.363622e+07,0.000000e+00,-1.825354e+02,3.867096e+09,6.714847e+09,-1.117755e+08,8.984406e+05,6.812768e+07,4.790000e+02,-1.244105e+02,-1.338468e+08,0.000000e+00,0.000000e+00
1.542075e+01,1.497020e+10,7.360659e+10,5.072685e+02,-8.926612e+04,-9.112172e+08,8.368966e+06,1.074101e-03,3.676104e+07,0.000000e+00,0.000000e+00,3.309535e+05,0.000000e+00,3.309535e+05,0.000000e+00,0.000000e+00,1.360729e+10,5.587935e-09,6.676972e-14,0.000000e+00,0.000000e+00,0.000000e+00,0.000000e+00,4.129231e+08,6.000750e+10,-6.571263e+08,3.600002e+06,1.363827e+07,0.000000e+00,-1.825350e+02,3.869974e+09,6.711817e+09,-1.117705e+08,8.984406e+05,6.853958e+07,4.790000e+02,-1.244050e+02,-1.338532e+08,0.000000e+00,0.000000e+00
1.544008e+01,1.497530e+10,7.360141e+10,6.933905e+02,-8.971804e+04,-9.111654e+08,8.368966e+06,1.074035e-03,3.653638e+07,0.000000e+00,0.000000e+00,2.284471e+05,0.000000e+00,2.284471e+05,0.000000e+00,0.000000e+00,1.361294e+10,5.587935e-09,6.676972e-14,0.000000e+00,0.000000e+00,0.000000e+00,0.000000e+00,4.121555e+08,6.000781e+10,-6.571242e+08,3.600002e+06,1.364028e+07,0.000000e+00,-1.825344e+02,3.872822e+09,6.708603e+09,-1.117666e+08,8.984406e+05,6.888670e+07,4.790000e+02,-1.244006e+02,-1.338593e+08,0.000000e+00,0.000000e+00
1.546049e+01,1.498018e+10,7.359656e+10,1.198418e+03,-8.980780e+04,-9.111091e+08,8.368966e+06,1.073980e-03,3.614913e+07,0.000000e+00,0.000000e+00,1.662187e+05,0.000000e+00,1.662187e+05,0.000000e+00,0.000000e+00,1.361878e+10,5.587935e-09,6.676972e-14,0.000000e+00,0.000000e+00,0.000000e+00,0.000000e+00,4.112488e+08,6.000766e+10,-6.571189e+08,3.600002e+06,1.364266e+07,0.000000e+00,-1.825329e+02,3.875386e+09,6.705650e+09,-1.117635e+08,8.984406e+05,6.921194e+07,4.790000e+02,-1.243972e+02,-1.338678e+08,0.000000e+00,0.000000e+00
1.548089e+01,1.498525e+10,7.359169e+10,2.012144e+03,-8.921659e+04,-9.110515e+08,8.368966e+06,1.073886e-03,3.565158e+07,0.000000e+00,0.000000e+00,9.805390e+04,0.000000e+00,9.805390e+04,0.000000e+00,0.000000e+00,1.362441e+10,5.587935e-09,6.676972e-14,0.000000e+00,0.000000e+00,0.000000e+00,0.000000e+00,4.110484e+08,6.000607e+10,-6.571096e+08,3.600002e+06,1.364507e+07,0.000000e+00,-1.825303e+02,3.877423e+09,6.703465e+09,-1.117614e+08,8.984406e+05,6.949702e+07,4.790000e+02,-1.243949e+02,-1.338793e+08,0.000000e+00,0.000000e+00
1.550022e+01,1.499042e+10,7.358599e+10,3.037643e+03,-8.814897e+04,-9.109957e+08,8.368966e+06,1.073830e-03,3.591811e+07,0.000000e+00,0.000000e+00,4.335051e+04,0.000000e+00,4.335051e+04,0.000000e+00,0.000000e+00,1.362957e+10,5.587935e-09,6.676972e-14,0.000000e+00,0.000000e+00,0.000000e+00,0.000000e+00,4.112543e+08,6.000402e+10,-6.571002e+08,3.600002e+06,1.364723e+07,0.000000e+00,-1.825277e+02,3.879289e+09,6.700966e+09,-1.117602e+08,8.984406e+05,6.973300e+07,4.790000e+02,-1.243936e+02,-1.338897e+08,0.000000e+00,0.000000e+00
1.552063e+01,1.499661e+10,7.358048e+10,4.289843e+03,-8.674403e+04,-9.109361e+08,8.368966e+06,1.073748e-03,3.499866e+07,0.000000e+00,0.000000e+00,7.917838e+03,0.000000e+00,7.917838e+03,0.000000e+00,0.000000e+00,1.363478e+10,5.587935e-09,6.676972e-14,0.000000e+00,0.000000e+00,0.000000e+00,0.000000e+00,4.119162e+08,6.000211e+10,-6.570938e+08,3.600002e+06,1.364948e+07,0.000000e+00,-1.825259e+02,3.881585e+09,6.699263e+09,-1.117597e+08,8.984406e+05,6.995078e+07,4.790000e+02,-1.243930e+02,-1.338964e+08,0.000000e+00,0.000000e+00
1.554103e+01,1.500322e+10,7.357399e+10,5.430361e+03,-8.512043e+04,-9.108758e+08,8.368966e+06,1.073753e-03,3.462613e+07,0.000000e+00,0.000000e+00,1.950311e+03,0.000000e+00,1.950311e+03,0.000000e+00,0.000000e+00,1.363981e+10,5.587935e-09,6.676972e-14,0.000000e+00,0.000000e+00,0.000000e+00,0.000000e+00,4.135246e+08,6.000025e+10,-6.570922e+08,3.600002e+06,1.365173e+07,0.000000e+00,-1.825255e+02,3.883430e+09,6.697405e+09,-1.117596e+08,8.984406e+05,7.015064e+07,4.790000e+02,-1.243928e+02,-1.338979e+08,0.000000e+00,0.000000e+00
1.556035e+01,1.500920e+10,7.356737e+10,6.223274e+03,-8.334034e+04,-9.108181e+08,8.368966e+06,1.073735e-03,3.500318e+07,0.000000e+00,0.000000e+00,5.898803e+03,0.000000e+00,5.898803e+03,0.000000e+00,0.000000e+00,1.364440e+10,5.587935e-09,6.676972e-14,0.000000e+00,0.000000e+00,0.000000e+00,0.000000e+00,4.156150e+08,5.999819e+10,-6.570922e+08,3.600002e+06,1.365375e+07,0.000000e+00,-1.825255e+02,3.884425e+09,6.695796e+09,-1.117593e+08,8.984406e+05,7.032934e+07,4.790000e+02,-1.243925e+02,-1.338982e+08,0.000000e+00,0.000000e+00
1.558075e+01,1.501545e+10,7.356123e+10,6.714115e+03,-8.118498e+04,-9.107566e+08,8.368966e+06,1.073669e-03,3.465992e+07,0.000000e+00,0.000000e+00,1.656057e+04,0.000000e+00,1.656057e+04,0.000000e+00,0.000000e+00,1.364892e+10,5.587935e-09,6.676972e-14,0.000000e+00,0.000000e+00,0.000000e+00,0.000000e+00,4.175135e+08,5.999612e+10,-6.570912e+08,3.600002e+06,1.365572e+07,0.000000e+00,-1.825252e+02,3.885705e+09,6.694434e+09,-1.117586e+08,8.984406e+05,7.050610e+07,4.790000e+02,-1.243918e+02,-1.339000e+08,0.000000e+00,0.000000e+00
1.560008e+01,1.502117e+10,7.355571e+10,6.875908e+03,-7.909651e+04,-9.106979e+08,8.368966e+06,1.073604e-03,3.425380e+07,0.000000e+00,0.000000e+00,1.493957e+04,0.000000e+00,1.493957e+04,0.000000e+00,0.000000e+00,1.365293e+10,5.587935e-09,6.676972e-14,0.000000e+00,0.000000e+00,0.000000e+00,0.000000e+00,4.186421e+08,5.999433e+10,-6.570880e+08,3.600002e+06,1.365760e+07,0.000000e+00,-1.825243e+02,3.887324e+09,6.692886e+09,-1.117579e+08,8.984406e+05,7.066416e+07,4.790000e+02,-1.243909e+02,-1.339042e+08,0.000000e+00,0.000000e+00
1.562048e+01,1.502661e+10,7.355028e+10,6.774523e+03,-7.705675e+04,-9.106350e+08,8.368966e+06,1.073458e-03,3.403166e+07,0.000000e+00,0.000000e+00,1.923082e+04,0.000000e+00,1.923082e+04,0.000000e+00,0.000000e+00,1.365719e+10,5.587935e-09,6.676972e-14,0.000000e+00,0.000000e+00,0.000000e+00,0.000000e+00,4.196940e+08,5.999157e+10,-6.570792e+08,3.600002e+06,1.365981e+07,0.000000e+00,-1.825219e+02,3.888580e+09,6.691622e+09,-1.117576e+08,8.984406e+05,7.081804e+07,4.790000e+02,-1.243906e+02,-1.339134e+08,0.000000e+00,0.000000e+00
1.564087e+01,1.503178e+10,7.354501e+10,6.530246e+03,-7.512170e+04,-9.105711e+08,8.368966e+06,1.073322e-03,3.393934e+07,0.000000e+00,0.000000e+00,2.436632e+04,0.000000e+00,2.436632e+04,0.000000e+00,0.000000e+00,1.366139e+10,5.587935e-09,6.676972e-14,0.000000e+00,0.000000e+00,0.000000e+00,0.000000e+00,4.210103e+08,5.998808e+10,-6.570679e+08,3.600002e+06,1.366183e+07,0.000000e+00,-1.825187e+02,3.889377e+09,6.690549e+09,-1.117576e+08,8.984406e+05,7.096007e+07,4.790000e+02,-1.243906e+02,-1.339248e+08,0.000000e+00,0.000000e+00
1.566019e+01,1.503641e+10,7.354049e+10,6.396575e+03,-7.327705e+04,-9.105098e+08,8.368966e+06,1.073133e-03,3.368564e+07,0.000000e+00,0.000000e+00,1.494550e+04,0.000000e+00,1.494550e+04,0.000000e+00,0.000000e+00,1.366531e+10,5.587935e-09,6.676972e-14,0.000000e+00,0.000000e+00,0.000000e+00,0.000000e+00,4.217060e+08,5.998549e+10,-6.570582e+08,3.600002e+06,1.366354e+07,0.000000e+00,-1.825161e+02,3.890473e+09,6.689547e+09,-1.117576e+08,8.984406e+05,7.107878e+07,4.790000e+02,-1.243906e+02,-1.339343e+08,0.000000e+00,0.000000e+00
1.568058e+01,1.504009e+10,7.353695e+10,6.503461e+03,-7.131045e+04,-9.104438e+08,8.368966e+06,1.072924e-03,3.339548e+07,0.000000e+00,0.000000e+00,3.444686e+03,0.000000e+00,3.444686e+03,0.000000e+00,0.000000e+00,1.366958e+10,5.587935e-09,6.676972e-14,0.000000e+00,0.000000e+00,0.000000e+00,0.000000e+00,4.214492e+08,5.998459e+10,-6.570527e+08,3.600002e+06,1.366574e+07,0.000000e+00,-1.825145e+02,3.891453e+09,6.688761e+09,-1.117576e+08,8.983150e+05,7.119182e+07,4.800000e+02,-1.244080e+02,-1.339395e+08,0.000000e+00,0.000000e+00
1.570096e+01,1.504308e+10,7.353375e+10,6.785758e+03,-6.937701e+04,-9.103768e+08,8.368966e+06,1.072778e-03,3.337391e+07,0.000000e+00,0.000000e+00,8.011048e+04,0.000000e+00,8.011048e+04,0.000000e+00,0.000000e+00,1.367372e+10,5.587935e-09,6.676972e-14,0.000000e+00,0.000000e+00,0.000000e+00,0.000000e+00,4.211072e+08,5.998451e+10,-6.570506e+08,3.600002e+06,1.366812e+07,0.000000e+00,-1.825139e+02,3.891832e+09,6.688185e+09,-1.117550e+08,8.983150e+05,7.129302e+07,4.800000e+02,-1.244051e+02,-1.339446e+08,0.000000e+00,0.000000e+00
1.572027e+01,1.504586e+10,7.353071e+10,7.106142e+03,-6.763323e+04,-9.103123e+08,8.368966e+06,1.072664e-03,3.346960e+07,0.000000e+00,0.000000e+00,8.403337e+04,0.000000e+00,8.403337e+04,0.000000e+00,0.000000e+00,1.367769e+10,5.587935e-09,6.676972e-14,0.000000e+00,0.000000e+00,0.000000e+00,0.000000e+00,4.209272e+08,5.998444e+10,-6.570491e+08,3.600002e+06,1.367012e+07,0.000000e+00,-1.825135e+02,3.892029e+09,6.687824e+09,-1.117449e+08,8.983150e+05,7.138513e+07,4.800000e+02,-1.243939e+02,-1.339563e+08,0.000000e+00,0.000000e+00
1.574065e+01,1.504887e+10,7.352744e+10,7.331605e+03,-6.603357e+04,-9.102435e+08,8.368966e+06,1.072569e-03,3.367211e+07,0.000000e+00,0.000000e+00,1.107853e+04,0.000000e+00,1.107853e+04,0.000000e+00,0.000000e+00,1.368199e+10,5.587935e-09,6.676972e-14,0.000000e+00,0.000000e+00,0.000000e+00,0.000000e+00,4.205261e+08,5.998442e+10,-6.570468e+08,3.600002e+06,1.367205e+07,0.000000e+00,-1.825129e+02,3.892581e+09,6.687046e+09,-1.117405e+08,8.983150e+05,7.147758e+07,4.800000e+02,-1.243890e+02,-1.339626e+08,0.000000e+00,0.000000e+00
1.576004e+01,1.505164e+10,7.352494e+10,7.240647e+03,-6.470018e+04,-9.101774e+08,8.368966e+06,1.078354e-03,3.326964e+07,0.000000e+00,0.000000e+00,1.849597e+04,0.000000e+00,1.849597e+04,0.000000e+00,0.000000e+00,1.368574e+10,5.587935e-09,6.676972e-14,0.000000e+00,0.000000e+00,0.000000e+00,0.000000e+00,4.197472e+08,5.998436e+10,-6.570426e+08,3.600002e+06,1.367378e+07,0.000000e+00,-1.825117e+02,3.893490e+09,6.686467e+09,-1.117403e+08,8.981894e+05,7.156262e+07,4.810000e+02,-1.244062e+02,-1.339671e+08,0.000000e+00,0.000000e+00
1.578053e+01,1.505375e+10,7.352286e+10,6.782127e+03,-6.331515e+04,-9.101070e+08,8.368966e+06,1.078243e-03,3.311439e+07,0.000000e+00,0.000000e+00,3.157099e+04,0.000000e+00,3.157099e+04,0.000000e+00,0.000000e+00,1.368950e+10,5.587935e-09,6.676972e-14,0.000000e+00,0.000000e+00,0.000000e+00,0.000000e+00,4.183105e+08,5.998457e+10,-6.570365e+08,3.600002e+06,1.367565e+07,0.000000e+00,-1.825100e+02,3.894265e+09,6.685740e+09,-1.117400e+08,8.981894e+05,7.164914e+07,4.810000e+02,-1.244058e+02,-1.339735e+08,0.000000e+00,0.000000e+00
1.580102e+01,1.505524e+10,7.352080e+10,6.067773e+03,-6.169847e+04,-9.100362e+08,8.368966e+06,1.078225e-03,3.355778e+07,0.000000e+00,0.000000e+00,2.726753e+04,0.000000e+00,2.726753e+04,0.000000e+00,0.000000e+00,1.369312e+10,5.587935e-09,6.676972e-14,0.000000e+00,0.000000e+00,0.000000e+00,0.000000e+00,4.163444e+08,5.998537e+10,-6.570307e+08,3.600002e+06,1.367767e+07,0.000000e+00,-1.825084e+02,3.895001e+09,6.684547e+09,-1.117396e+08,8.981894e+05,7.173081e+07,4.810000e+02,-1.244054e+02,-1.339798e+08,0.000000e+00,0.000000e+00
1.582043e+01,1.505715e+10,7.351913e+10,5.342642e+03,-5.973700e+04,-9.099685e+08,8.368966e+06,1.078310e-03,3.320215e+07,0.000000e+00,0.000000e+00,4.561263e+04,0.000000e+00,4.561263e+04,0.000000e+00,0.000000e+00,1.369645e+10,5.587935e-09,6.676972e-14,0.000000e+00,0.000000e+00,0.000000e+00,0.000000e+00,4.146068e+08,5.998656e+10,-6.570278e+08,3.600002e+06,1.367964e+07,0.000000e+00,-1.825076e+02,3.896072e+09,6.683672e+09,-1.117363e+08,8.981894e+05,7.180316e+07,4.810000e+02,-1.244017e+02,-1.339859e+08,0.000000e+00,0.000000e+00
1.584091e+01,1.506008e+10,7.351613e+10,4.593297e+03,-5.740007e+04,-9.098966e+08,8.368966e+06,1.078334e-03,3.312915e+07,0.000000e+00,0.000000e+00,7.300903e+04,0.000000e+00,7.300903e+04,0.000000e+00,0.000000e+00,1.369994e+10,5.587935e-09,6.676972e-14,0.000000e+00,0.000000e+00,0.000000e+00,0.000000e+00,4.134572e+08,5.998747e+10,-6.570263e+08,3.600002e+06,1.368175e+07,0.000000e+00,-1.825072e+02,3.897476e+09,6.682117e+09,-1.117296e+08,8.981894e+05,7.187556e+07,4.810000e+02,-1.243943e+02,-1.339942e+08,0.000000e+00,0.000000e+00
1.586032e+01,1.506338e+10,7.351281e+10,3.991499e+03,-5.511788e+04,-9.098282e+08,8.368966e+06,1.078328e-03,3.306159e+07,0.000000e+00,0.000000e+00,6.439289e+04,0.000000e+00,6.439289e+04,0.000000e+00,0.000000e+00,1.370325e+10,5.587935e-09,6.676972e-14,0.000000e+00,0.000000e+00,0.000000e+00,0.000000e+00,4.130817e+08,5.998754e+10,-6.570243e+08,3.600002e+06,1.368352e+07,0.000000e+00,-1.825067e+02,3.898640e+09,6.680854e+09,-1.117237e+08,8.981894e+05,7.194202e+07,4.810000e+02,-1.243876e+02,-1.340022e+08,0.000000e+00,0.000000e+00
1.588081e+01,1.506658e+10,7.350931e+10,3.535875e+03,-5.262065e+04,-9.097555e+08,8.368966e+06,1.078097e-03,3.324039e+07,0.000000e+00,0.000000e+00,8.073638e+04,0.000000e+00,8.073638e+04,0.000000e+00,0.000000e+00,1.370695e+10,5.587935e-09,6.676972e-14,0.000000e+00,0.000000e+00,0.000000e+00,0.000000e+00,4.127237e+08,5.998742e+10,-6.570214e+08,3.600002e+06,1.368520e+07,0.000000e+00,-1.825058e+02,3.899534e+09,6.679420e+09,-1.117151e+08,8.981894e+05,7.201127e+07,4.810000e+02,-1.243782e+02,-1.340137e+08,0.000000e+00,0.000000e+00
1.590021e+01,1.507007e+10,7.350557e+10,3.291078e+03,-5.018395e+04,-9.096865e+08,8.368966e+06,1.077611e-03,3.338880e+07,0.000000e+00,0.000000e+00,9.154554e+04,0.000000e+00,9.154554e+04,0.000000e+00,0.000000e+00,1.371061e+10,5.587935e-09,6.676972e-14,0.000000e+00,0.000000e+00,0.000000e+00,0.000000e+00,4.122939e+08,5.998714e+10,-6.570176e+08,3.600002e+06,1.368706e+07,0.000000e+00,-1.825048e+02,3.900903e+09,6.677668e+09,-1.117075e+08,8.981894e+05,7.207490e+07,4.810000e+02,-1.243696e+02,-1.340253e+08,0.000000e+00,0.000000e+00
1.592068e+01,1.507521e+10,7.350038e+10,3.232676e+03,-4.778439e+04,-9.096135e+08,8.368966e+06,1.077119e-03,3.294076e+07,0.000000e+00,0.000000e+00,4.075243e+05,0.000000e+00,4.075243e+05,0.000000e+00,0.000000e+00,1.371458e+10,5.587935e-09,6.676972e-14,0.000000e+00,0.000000e+00,0.000000e+00,0.000000e+00,4.126788e+08,5.998572e+10,-6.570119e+08,3.600002e+06,1.368918e+07,0.000000e+00,-1.825032e+02,3.902923e+09,6.675585e+09,-1.116948e+08,8.981894e+05,7.214124e+07,4.810000e+02,-1.243555e+02,-1.340446e+08,0.000000e+00,0.000000e+00
1.594007e+01,1.508085e+10,7.349376e+10,3.311617e+03,-4.580321e+04,-9.095443e+08,8.368966e+06,1.076595e-03,3.318289e+07,0.000000e+00,0.000000e+00,9.637224e+05,0.000000e+00,9.637224e+05,0.000000e+00,0.000000e+00,1.371837e+10,5.587935e-09,6.676972e-14,0.000000e+00,0.000000e+00,0.000000e+00,0.000000e+00,4.140725e+08,5.998333e+10,-6.570063e+08,3.600002e+06,1.369104e+07,0.000000e+00,-1.825017e+02,3.904496e+09,6.672715e+09,-1.116600e+08,8.981894e+05,7.220723e+07,4.810000e+02,-1.243168e+02,-1.340857e+08,0.000000e+00,0.000000e+00
1.596052e+01,1.508688e+10,7.348806e+10,3.398859e+03,-4.411478e+04,-9.094711e+08,8.368966e+06,1.076047e-03,3.342148e+07,0.000000e+00,0.000000e+00,2.860551e+05,0.000000e+00,2.860551e+05,0.000000e+00,0.000000e+00,1.372288e+10,5.587935e-09,6.676972e-14,0.000000e+00,0.000000e+00,0.000000e+00,0.000000e+00,4.160594e+08,5.998079e+10,-6.570031e+08,3.600002e+06,1.369282e+07,0.000000e+00,-1.825007e+02,3.905693e+09,6.671053e+09,-1.116310e+08,8.981894e+05,7.228298e+07,4.810000e+02,-1.242845e+02,-1.341166e+08,0.000000e+00,0.000000e+00
1.598096e+01,1.509297e+10,7.348213e+10,3.418512e+03,-4.282349e+04,-9.093975e+08,8.368966e+06,1.075519e-03,3.328899e+07,0.000000e+00,0.000000e+00,1.611109e+05,0.000000e+00,1.611109e+05,0.000000e+00,0.000000e+00,1.372733e+10,5.587935e-09,6.676972e-14,0.000000e+00,0.000000e+00,0.000000e+00,0.000000e+00,4.178520e+08,5.997880e+10,-6.570017e+08,3.600002e+06,1.369457e+07,0.000000e+00,-1.825004e+02,3.907087e+09,6.669535e+09,-1.116190e+08,8.981894e+05,7.236012e+07,4.810000e+02,-1.242711e+02,-1.341296e+08,0.000000e+00,0.000000e+00
1.600031e+01,1.509772e+10,7.347762e+10,3.334169e+03,-4.189425e+04,-9.093276e+08,8.368966e+06,1.075097e-03,3.296049e+07,0.000000e+00,0.000000e+00,1.676389e+05,0.000000e+00,1.676389e+05,0.000000e+00,0.000000e+00,1.373137e+10,5.587935e-09,6.676972e-14,0.000000e+00,0.000000e+00,0.000000e+00,0.000000e+00,4.187706e+08,5.997760e+10,-6.570005e+08,3.600002e+06,1.369621e+07,0.000000e+00,-1.825000e+02,3.908141e+09,6.668302e+09,-1.116089e+08,8.981894e+05,7.243358e+07,4.810000e+02,-1.242599e+02,-1.341409e+08,0.000000e+00,0.000000e+00
1.602074e+01,1.510160e+10,7.347370e+10,3.115881e+03,-4.133887e+04,-9.092540e+08,8.368966e+06,1.074638e-03,3.289372e+07,0.000000e+00,0.000000e+00,1.771863e+05,0.000000e+00,1.771863e+05,0.000000e+00,0.000000e+00,1.373544e+10,5.587935e-09,6.676972e-14,0.000000e+00,0.000000e+00,0.000000e+00,0.000000e+00,4.191794e+08,5.997685e+10,-6.569991e+08,3.600002e+06,1.369787e+07,0.000000e+00,-1.824996e+02,3.908661e+09,6.667510e+09,-1.116000e+08,8.981894e+05,7.251012e+07,4.810000e+02,-1.242500e+02,-1.341510e+08,0.000000e+00,0.000000e+00
1.604008e+01,1.510540e+10,7.346947e+10,2.801533e+03,-4.138952e+04,-9.091844e+08,8.368966e+06,1.074223e-03,3.327920e+07,0.000000e+00,0.000000e+00,1.390164e+05,0.000000e+00,1.390164e+05,0.000000e+00,0.000000e+00,1.373930e+10,5.587935e-09,6.676972e-14,0.000000e+00,0.000000e+00,0.000000e+00,0.000000e+00,4.200705e+08,5.997573e+10,-6.569979e+08,3.600002e+06,1.369957e+07,0.000000e+00,-1.824993e+02,3.908722e+09,6.666768e+09,-1.115940e+08,8.981894e+05,7.257997e+07,4.810000e+02,-1.242433e+02,-1.341581e+08,0.000000e+00,0.000000e+00
1.606054e+01,1.511031e+10,7.346473e+10,2.300712e+03,-4.210767e+04,-9.091114e+08,8.368966e+06,1.077475e-03,3.303241e+07,0.000000e+00,0.000000e+00,1.289174e+05,0.000000e+00,1.289174e+05,0.000000e+00,0.000000e+00,1.374352e+10,5.587935e-09,6.676972e-14,0.000000e+00,0.000000e+00,0.000000e+00,0.000000e+00,4.214770e+08,5.997412e+10,-6.569967e+08,3.600002e+06,1.370148e+07,0.000000e+00,-1.824990e+02,3.909243e+09,6.665947e+09,-1.115892e+08,8.981894e+05,7.264905e+07,4.810000e+02,-1.242379e+02,-1.341642e+08,0.000000e+00,0.000000e+00
1.608101e+01,1.511495e+10,7.346024e+10,1.616645e+03,-4.308344e+04,-9.090392e+08,8.368966e+06,1.076995e-03,3.283187e+07,0.000000e+00,0.000000e+00,9.478918e+04,0.000000e+00,9.478918e+04,0.000000e+00,0.000000e+00,1.374777e+10,5.587935e-09,6.676972e-14,0.000000e+00,0.000000e+00,0.000000e+00,0.000000e+00,4.223651e+08,5.997298e+10,-6.569953e+08,3.600002e+06,1.370332e+07,0.000000e+00,-1.824986e+02,3.909987e+09,6.664930e+09,-1.115811e+08,8.981894e+05,7.271427e+07,4.810000e+02,-1.242289e+02,-1.341738e+08,0.000000e+00,0.000000e+00
1.610039e+01,1.511839e+10,7.345659e+10,9.341133e+02,-4.358904e+04,-9.089716e+08,8.368966e+06,1.076546e-03,3.300264e+07,0.000000e+00,0.000000e+00,6.502020e+04,0.000000e+00,6.502020e+04,0.000000e+00,0.000000e+00,1.375155e+10,5.587935e-09,6.676972e-14,0.000000e+00,0.000000e+00,0.000000e+00,0.000000e+00,4.223012e+08,5.997268e+10,-6.569937e+08,3.600002e+06,1.370485e+07,0.000000e+00,-1.824981e+02,3.910670e+09,6.663604e+09,-1.115721e+08,8.981894e+05,7.277274e+07,4.810000e+02,-1.242188e+02,-1.341846e+08,0.000000e+00,0.000000e+00
1.612088e+01,1.512123e+10,7.345386e+10,3.561745e+02,-4.340297e+04,-9.089011e+08,8.368966e+06,1.078312e-03,3.282654e+07,0.000000e+00,0.000000e+00,5.352646e+04,0.000000e+00,5.352646e+04,0.000000e+00,0.000000e+00,1.375555e+10,5.587935e-09,6.676972e-14,0.000000e+00,0.000000e+00,0.000000e+00,0.000000e+00,4.215595e+08,5.997287e+10,-6.569910e+08,3.600002e+06,1.370658e+07,0.000000e+00,-1.824974e+02,3.911346e+09,6.662473e+09,-1.115616e+08,8.981894e+05,7.283130e+07,4.810000e+02,-1.242073e+02,-1.341977e+08,0.000000e+00,0.000000e+00
1.614029e+01,1.512362e+10,7.345123e+10,8.037347e+00,-4.256703e+04,-9.088350e+08,8.368966e+06,1.078217e-03,3.300586e+07,0.000000e+00,0.000000e+00,3.571904e+04,0.000000e+00,3.571904e+04,0.000000e+00,0.000000e+00,1.375929e+10,5.587935e-09,6.676972e-14,0.000000e+00,0.000000e+00,0.000000e+00,0.000000e+00,4.205782e+08,5.997330e+10,-6.569880e+08,3.600002e+06,1.370831e+07,0.000000e+00,-1.824966e+02,3.911903e+09,6.661282e+09,-1.115529e+08,8.981894e+05,7.288321e+07,4.810000e+02,-1.241976e+02,-1.342093e+08,0.000000e+00,0.000000e+00
1.616077e+01,1.512526e+10,7.344950e+10,-1.020858e+02,-4.127886e+04,-9.087657e+08,8.368966e+06,1.078291e-03,3.301975e+07,0.000000e+00,0.000000e+00,3.894856e+04,0.000000e+00,3.894856e+04,0.000000e+00,0.000000e+00,1.376301e+10,5.587935e-09,6.676972e-14,0.000000e+00,0.000000e+00,0.000000e+00,0.000000e+00,4.186746e+08,5.997462e+10,-6.569852e+08,3.600002e+06,1.370996e+07,0.000000e+00,-1.824958e+02,3.912491e+09,6.660253e+09,-1.115447e+08,8.980638e+05,7.293594e+07,4.820000e+02,-1.242058e+02,-1.342205e+08,0.000000e+00,0.000000e+00
1.618018e+01,1.512590e+10,7.344907e+10,1.098053e+02,-3.979361e+04,-9.087002e+08,8.368966e+06,1.078358e-03,3.273988e+07,0.000000e+00,0.000000e+00,5.211794e+04,0.000000e+00,5.211794e+04,0.000000e+00,0.000000e+00,1.376642e+10,5.587935e-09,6.676972e-14,0.000000e+00,0.000000e+00,0.000000e+00,0.000000e+00,4.161921e+08,5.997658e+10,-6.569828e+08,3.600002e+06,1.371148e+07,0.000000e+00,-1.824951e+02,3.912819e+09,6.659587e+09,-1.115328e+08,8.980638e+05,7.298382e+07,4.820000e+02,-1.241925e+02,-1.342349e+08,0.000000e+00,0.000000e+00
1.620067e+01,1.512718e+10,7.344710e+10,7.476201e+02,-3.791691e+04,-9.086310e+08,8.368966e+06,1.078320e-03,3.329314e+07,0.000000e+00,0.000000e+00,9.730994e+04,0.000000e+00,9.730994e+04,0.000000e+00,0.000000e+00,1.376995e+10,5.587935e-09,6.676972e-14,0.000000e+00,0.000000e+00,0.000000e+00,0.000000e+00,4.143338e+08,5.997801e+10,-6.569808e+08,3.600002e+06,1.371333e+07,0.000000e+00,-1.824946e+02,3.912954e+09,6.658254e+09,-1.115183e+08,8.980638e+05,7.303259e+07,4.820000e+02,-1.241764e+02,-1.342517e+08,0.000000e+00,0.000000e+00
1.622008e+01,1.512973e+10,7.344448e+10,1.709176e+03,-3.583836e+04,-9.085651e+08,8.368966e+06,1.078248e-03,3.318006e+07,0.000000e+00,0.000000e+00,1.855718e+05,0.000000e+00,1.855718e+05,0.000000e+00,0.000000e+00,1.377342e+10,5.587935e-09,6.676972e-14,0.000000e+00,0.000000e+00,0.000000e+00,0.000000e+00,4.134996e+08,5.997851e+10,-6.569788e+08,3.600002e+06,1.371514e+07,0.000000e+00,-1.824940e+02,3.913395e+09,6.656106e+09,-1.114943e+08,8.980638e+05,7.307689e+07,4.820000e+02,-1.241496e+02,-1.342783e+08,0.000000e+00,0.000000e+00
1.624057e+01,1.513281e+10,7.344144e+10,3.010339e+03,-3.311282e+04,-9.084951e+08,8.368966e+06,1.078182e-03,3.293942e+07,0.000000e+00,0.000000e+00,2.658516e+05,0.000000e+00,2.658516e+05,0.000000e+00,0.000000e+00,1.377712e+10,5.587935e-09,6.676972e-14,0.000000e+00,0.000000e+00,0.000000e+00,0.000000e+00,4.127996e+08,5.997871e+10,-6.569758e+08,3.600002e+06,1.371684e+07,0.000000e+00,-1.824932e+02,3.914047e+09,6.653168e+09,-1.114622e+08,8.979382e+05,7.312357e+07,4.830000e+02,-1.241313e+02,-1.343137e+08,0.000000e+00,0.000000e+00
1.626105e+01,1.513544e+10,7.343842e+10,4.578781e+03,-2.989774e+04,-9.084246e+08,8.368966e+06,1.078196e-03,3.331647e+07,0.000000e+00,0.000000e+00,1.698137e+05,0.000000e+00,1.698137e+05,0.000000e+00,0.000000e+00,1.378074e+10,5.587935e-09,6.676972e-14,0.000000e+00,0.000000e+00,0.000000e+00,0.000000e+00,4.116555e+08,5.997904e+10,-6.569715e+08,3.600002e+06,1.371835e+07,0.000000e+00,-1.824920e+02,3.914608e+09,6.650070e+09,-1.114287e+08,8.979382e+05,7.317160e+07,4.830000e+02,-1.240940e+02,-1.343510e+08,0.000000e+00,0.000000e+00
1.628046e+01,1.513711e+10,7.343694e+10,6.251466e+03,-2.684014e+04,-9.083575e+08,8.368966e+06,1.078308e-03,3.309906e+07,0.000000e+00,0.000000e+00,1.037593e+05,0.000000e+00,1.037593e+05,0.000000e+00,0.000000e+00,1.378416e+10,5.587935e-09,6.676972e-14,0.000000e+00,0.000000e+00,0.000000e+00,0.000000e+00,4.100678e+08,5.997927e+10,-6.569644e+08,3.600002e+06,1.371982e+07,0.000000e+00,-1.824900e+02,3.914831e+09,6.649077e+09,-1.114138e+08,8.979382e+05,7.321842e+07,4.830000e+02,-1.240773e+02,-1.343727e+08,0.000000e+00,0.000000e+00
1.630095e+01,1.513920e+10,7.343460e+10,8.017234e+03,-2.398559e+04,-9.082861e+08,8.368966e+06,1.078406e-03,3.326737e+07,0.000000e+00,0.000000e+00,1.117493e+05,0.000000e+00,1.117493e+05,0.000000e+00,0.000000e+00,1.378769e+10,5.587935e-09,6.676972e-14,0.000000e+00,0.000000e+00,0.000000e+00,0.000000e+00,4.088328e+08,5.997834e+10,-6.569530e+08,3.600002e+06,1.372173e+07,0.000000e+00,-1.824868e+02,3.914932e+09,6.648066e+09,-1.114022e+08,8.979382e+05,7.326666e+07,4.830000e+02,-1.240644e+02,-1.343957e+08,0.000000e+00,0.000000e+00
1.632036e+01,1.514236e+10,7.343157e+10,9.695328e+03,-2.208083e+04,-9.082180e+08,8.368966e+06,1.078411e-03,3.311444e+07,0.000000e+00,0.000000e+00,6.433378e+04,0.000000e+00,6.433378e+04,0.000000e+00,0.000000e+00,1.379108e+10,5.587935e-09,6.676972e-14,0.000000e+00,0.000000e+00,0.000000e+00,0.000000e+00,4.085809e+08,5.997670e+10,-6.569424e+08,3.600002e+06,1.372360e+07,0.000000e+00,-1.824839e+02,3.915310e+09,6.647609e+09,-1.113976e+08,8.979382e+05,7.331343e+07,4.830000e+02,-1.240593e+02,-1.344102e+08,0.000000e+00,0.000000e+00
1.634085e+01,1.514611e+10,7.342816e+10,1.152271e+04,-2.119092e+04,-9.081457e+08,8.368966e+06,1.078297e-03,3.275457e+07,0.000000e+00,0.000000e+00,2.146420e+04,0.000000e+00,2.146420e+04,0.000000e+00,0.000000e+00,1.379454e+10,5.587935e-09,6.676972e-14,0.000000e+00,0.000000e+00,0.000000e+00,0.000000e+00,4.086045e+08,5.997532e+10,-6.569349e+08,3.600002e+06,1.372538e+07,0.000000e+00,-1.824818e+02,3.915799e+09,6.647230e+09,-1.113970e+08,8.979382e+05,7.335938e+07,4.830000e+02,-1.240587e+02,-1.344180e+08,0.000000e+00,0.000000e+00
1.636026e+01,1.514933e+10,7.342484e+10,1.322834e+04,-2.138681e+04,-9.080769e+08,8.368966e+06,1.078214e-03,3.281643e+07,0.000000e+00,0.000000e+00,5.914303e+03,0.000000e+00,5.914303e+03,0.000000e+00,0.000000e+00,1.379779e+10,5.587935e-09,6.676972e-14,0.000000e+00,0.000000e+00,0.000000e+00,0.000000e+00,4.085486e+08,5.997477e+10,-6.569317e+08,3.600002e+06,1.372685e+07,0.000000e+00,-1.824809e+02,3.916057e+09,6.646767e+09,-1.113970e+08,8.979382e+05,7.340115e+07,4.830000e+02,-1.240587e+02,-1.344211e+08,0.000000e+00,0.000000e+00
1.638074e+01,1.515235e+10,7.342168e+10,1.491789e+04,-2.257079e+04,-9.080044e+08,8.368966e+06,1.078249e-03,3.290686e+07,0.000000e+00,0.000000e+00,6.574996e+03,0.000000e+00,6.574996e+03,0.000000e+00,0.000000e+00,1.380110e+10,5.587935e-09,6.676972e-14,0.000000e+00,0.000000e+00,0.000000e+00,0.000000e+00,4.084511e+08,5.997446e+10,-6.569298e+08,3.600002e+06,1.372854e+07,0.000000e+00,-1.824804e+02,3.916103e+09,6.646717e+09,-1.113969e+08,8.979382e+05,7.344290e+07,4.830000e+02,-1.240586e+02,-1.344231e+08,0.000000e+00,0.000000e+00
1.640015e+01,1.515556e+10,7.341849e+10,1.627053e+04,-2.426793e+04,-9.079357e+08,8.368966e+06,1.078328e-03,3.282898e+07,0.000000e+00,0.000000e+00,1.383996e+04,0.000000e+00,1.383996e+04,0.000000e+00,0.000000e+00,1.380411e+10,5.587935e-09,6.676972e-14,0.000000e+00,0.000000e+00,0.000000e+00,0.000000e+00,4.086192e+08,5.997381e+10,-6.569272e+08,3.600002e+06,1.373043e+07,0.000000e+00,-1.824797e+02,3.916366e+09,6.646502e+09,-1.113966e+08,8.979382e+05,7.348138e+07,4.830000e+02,-1.240582e+02,-1.344261e+08,0.000000e+00,0.000000e+00
1.642064e+01,1.515987e+10,7.341430e+10,1.717817e+04,-2.611300e+04,-9.078633e+08,8.368966e+06,1.078432e-03,3.262736e+07,0.000000e+00,0.000000e+00,2.649636e+04,0.000000e+00,2.649636e+04,0.000000e+00,0.000000e+00,1.380719e+10,5.587935e-09,6.676972e-14,0.000000e+00,0.000000e+00,0.000000e+00,0.000000e+00,4.095112e+08,5.997194e+10,-6.569216e+08,3.600002e+06,1.373245e+07,0.000000e+00,-1.824781e+02,3.916901e+09,6.646114e+09,-1.113964e+08,8.979382e+05,7.351950e+07,4.830000e+02,-1.240580e+02,-1.344320e+08,0.000000e+00,0.000000e+00
1.644006e+01,1.516404e+10,7.341002e+10,1.736682e+04,-2.758649e+04,-9.077940e+08,8.368966e+06,1.078485e-03,3.268143e+07,0.000000e+00,0.000000e+00,5.074614e+04,0.000000e+00,5.074614e+04,0.000000e+00,0.000000e+00,1.381009e+10,5.587935e-09,6.676972e-14,0.000000e+00,0.000000e+00,0.000000e+00,0.000000e+00,4.106126e+08,5.996950e+10,-6.569140e+08,3.600002e+06,1.373403e+07,0.000000e+00,-1.824760e+02,3.917215e+09,6.645744e+09,-1.113964e+08,8.979382e+05,7.355382e+07,4.830000e+02,-1.240580e+02,-1.344397e+08,0.000000e+00,0.000000e+00
1.646055e+01,1.516845e+10,7.340561e+10,1.685681e+04,-2.912413e+04,-9.077196e+08,8.368966e+06,1.078406e-03,3.261459e+07,0.000000e+00,0.000000e+00,6.107975e+04,0.000000e+00,6.107975e+04,0.000000e+00,0.000000e+00,1.381310e+10,5.587935e-09,6.676972e-14,0.000000e+00,0.000000e+00,0.000000e+00,0.000000e+00,4.117858e+08,5.996674e+10,-6.569053e+08,3.600002e+06,1.373559e+07,0.000000e+00,-1.824736e+02,3.917561e+09,6.645380e+09,-1.113963e+08,8.979382e+05,7.358888e+07,4.830000e+02,-1.240579e+02,-1.344485e+08,0.000000e+00,0.000000e+00
1.648104e+01,1.517333e+10,7.340080e+10,1.562102e+04,-3.082632e+04,-9.076435e+08,8.368966e+06,1.078300e-03,3.251184e+07,0.000000e+00,0.000000e+00,5.384576e+04,0.000000e+00,5.384576e+04,0.000000e+00,0.000000e+00,1.381613e+10,5.587935e-09,6.676972e-14,0.000000e+00,0.000000e+00,0.000000e+00,0.000000e+00,4.133288e+08,5.996382e+10,-6.568978e+08,3.600002e+06,1.373737e+07,0.000000e+00,-1.824715e+02,3.918022e+09,6.644914e+09,-1.113951e+08,8.979382e+05,7.362258e+07,4.830000e+02,-1.240566e+02,-1.344573e+08,0.000000e+00,0.000000e+00
1.650044e+01,1.517799e+10,7.339613e+10,1.392885e+04,-3.239805e+04,-9.075701e+08,8.368966e+06,1.078261e-03,3.243240e+07,0.000000e+00,0.000000e+00,8.815693e+04,0.000000e+00,8.815693e+04,0.000000e+00,0.000000e+00,1.381899e+10,5.587935e-09,6.676972e-14,0.000000e+00,0.000000e+00,0.000000e+00,0.000000e+00,4.149101e+08,5.996127e+10,-6.568924e+08,3.600002e+06,1.373919e+07,0.000000e+00,-1.824700e+02,3.918424e+09,6.644253e+09,-1.113892e+08,8.979382e+05,7.365375e+07,4.830000e+02,-1.240499e+02,-1.344688e+08,0.000000e+00,0.000000e+00
1.652093e+01,1.518287e+10,7.339119e+10,1.202096e+04,-3.389599e+04,-9.074916e+08,8.368966e+06,1.078202e-03,3.245152e+07,0.000000e+00,0.000000e+00,8.151770e+04,0.000000e+00,8.151770e+04,0.000000e+00,0.000000e+00,1.382200e+10,5.587935e-09,6.676972e-14,0.000000e+00,0.000000e+00,0.000000e+00,0.000000e+00,4.163392e+08,5.995916e+10,-6.568886e+08,3.600002e+06,1.374098e+07,0.000000e+00,-1.824689e+02,3.918994e+09,6.642910e+09,-1.113781e+08,8.979382e+05,7.368586e+07,4.830000e+02,-1.240377e+02,-1.344837e+08,0.000000e+00,0.000000e+00
1.654034e+01,1.518684e+10,7.338720e+10,1.049112e+04,-3.531239e+04,-9.074164e+08,8.368966e+06,1.078194e-03,3.245074e+07,0.000000e+00,0.000000e+00,6.617770e+04,0.000000e+00,6.617770e+04,0.000000e+00,0.000000e+00,1.382480e+10,5.587935e-09,6.676972e-14,0.000000e+00,0.000000e+00,0.000000e+00,0.000000e+00,4.170959e+08,5.995797e+10,-6.568863e+08,3.600002e+06,1.374242e+07,0.000000e+00,-1.824683e+02,3.919464e+09,6.641704e+09,-1.113669e+08,8.979382e+05,7.371598e+07,4.830000e+02,-1.240251e+02,-1.344972e+08,0.000000e+00,0.000000e+00
1.656082e+01,1.519048e+10,7.338353e+10,9.522825e+03,-3.703538e+04,-9.073365e+08,8.368966e+06,1.078278e-03,3.243671e+07,0.000000e+00,0.000000e+00,5.151225e+04,0.000000e+00,5.151225e+04,0.000000e+00,0.000000e+00,1.382774e+10,5.587935e-09,6.676972e-14,0.000000e+00,0.000000e+00,0.000000e+00,0.000000e+00,4.172626e+08,5.995749e+10,-6.568849e+08,3.600002e+06,1.374399e+07,0.000000e+00,-1.824679e+02,3.920045e+09,6.640491e+09,-1.113561e+08,8.979382e+05,7.374748e+07,4.830000e+02,-1.240132e+02,-1.345091e+08,0.000000e+00,0.000000e+00
1.658023e+01,1.519386e+10,7.338010e+10,9.458814e+03,-3.928939e+04,-9.072605e+08,8.368966e+06,1.078362e-03,3.244250e+07,0.000000e+00,0.000000e+00,4.820654e+04,0.000000e+00,4.820654e+04,0.000000e+00,0.000000e+00,1.383056e+10,5.587935e-09,6.676972e-14,0.000000e+00,0.000000e+00,0.000000e+00,0.000000e+00,4.176120e+08,5.995694e+10,-6.568838e+08,3.600002e+06,1.374582e+07,0.000000e+00,-1.824676e+02,3.920348e+09,6.639754e+09,-1.113496e+08,8.979382e+05,7.377638e+07,4.830000e+02,-1.240058e+02,-1.345167e+08,0.000000e+00,0.000000e+00
1.660072e+01,1.519756e+10,7.337648e+10,1.014235e+04,-4.258886e+04,-9.071799e+08,8.368966e+06,1.078420e-03,3.233786e+07,0.000000e+00,0.000000e+00,3.437109e+04,0.000000e+00,3.437109e+04,0.000000e+00,0.000000e+00,1.383346e+10,5.587935e-09,6.676972e-14,0.000000e+00,0.000000e+00,0.000000e+00,0.000000e+00,4.185681e+08,5.995572e+10,-6.568820e+08,3.600002e+06,1.374779e+07,0.000000e+00,-1.824671e+02,3.920205e+09,6.639732e+09,-1.113452e+08,8.979382e+05,7.380616e+07,4.830000e+02,-1.240009e+02,-1.345229e+08,0.000000e+00,0.000000e+00
1.662013e+01,1.520113e+10,7.337279e+10,1.118644e+04,-4.664199e+04,-9.071035e+08,8.368966e+06,1.078357e-03,3.241466e+07,0.000000e+00,0.000000e+00,3.735419e+04,0.000000e+00,3.735419e+04,0.000000e+00,0.000000e+00,1.383618e+10,5.587935e-09,6.676972e-14,0.000000e+00,0.000000e+00,0.000000e+00,0.000000e+00,4.194120e+08,5.995445e+10,-6.568792e+08,3.600002e+06,1.374946e+07,0.000000e+00,-1.824664e+02,3.920211e+09,6.639368e+09,-1.113405e+08,8.979382e+05,7.383458e+07,4.830000e+02,-1.239957e+02,-1.345304e+08,0.000000e+00,0.000000e+00
1.664062e+01,1.520428e+10,7.336970e+10,1.225945e+04,-5.164578e+04,-9.070228e+08,8.368966e+06,1.078260e-03,3.231434e+07,0.000000e+00,0.000000e+00,4.748775e+04,0.000000e+00,4.748775e+04,0.000000e+00,0.000000e+00,1.383908e+10,5.587935e-09,6.676972e-14,0.000000e+00,0.000000e+00,0.000000e+00,0.000000e+00,4.193906e+08,5.995390e+10,-6.568760e+08,3.600002e+06,1.375115e+07,0.000000e+00,-1.824655e+02,3.920516e+09,6.638771e+09,-1.113342e+08,8.979382e+05,7.386345e+07,4.830000e+02,-1.239887e+02,-1.345400e+08,0.000000e+00,0.000000e+00
1.666003e+01,1.520623e+10,7.336798e+10,1.286088e+04,-5.653141e+04,-9.069462e+08,8.368966e+06,1.078149e-03,3.205338e+07,0.000000e+00,0.000000e+00,4.136604e+04,0.000000e+00,4.136604e+04,0.000000e+00,0.000000e+00,1.384188e+10,5.587935e-09,6.676972e-14,0.000000e+00,0.000000e+00,0.000000e+00,0.000000e+00,4.180639e+08,5.995477e+10,-6.568738e+08,3.600002e+06,1.375273e+07,0.000000e+00,-1.824648e+02,3.921090e+09,6.638156e+09,-1.113275e+08,8.979382e+05,7.389039e+07,4.830000e+02,-1.239812e+02,-1.345488e+08,0.000000e+00,0.000000e+00
1.668051e+01,1.520737e+10,7.336652e+10,1.294076e+04,-6.137766e+04,-9.068657e+08,8.368966e+06,1.078071e-03,3.233706e+07,0.000000e+00,0.000000e+00,3.080675e+04,0.000000e+00,3.080675e+04,0.000000e+00,0.000000e+00,1.384494e+10,5.587935e-09,6.676972e-14,0.000000e+00,0.000000e+00,0.000000e+00,0.000000e+00,4.158963e+08,5.995679e+10,-6.568733e+08,3.600002e+06,1.375458e+07,0.000000e+00,-1.824647e+02,3.921540e+09,6.637242e+09,-1.113209e+08,8.979382e+05,7.391832e+07,4.830000e+02,-1.239739e+02,-1.345557e+08,0.000000e+00,0.000000e+00
1.670100e+01,1.520900e+10,7.336485e+10,1.255047e+04,-6.567251e+04,-9.067851e+08,8.368966e+06,1.078103e-03,3.235451e+07,0.000000e+00,0.000000e+00,2.086728e+04,0.000000e+00,2.086728e+04,0.000000e+00,0.000000e+00,1.384797e+10,5.587935e-09,6.676972e-14,0.000000e+00,0.000000e+00,0.000000e+00,0.000000e+00,4.141751e+08,5.995853e+10,-6.568733e+08,3.600002e+06,1.375648e+07,0.000000e+00,-1.824647e+02,3.921981e+09,6.636594e+09,-1.113171e+08,8.979382e+05,7.394561e+07,4.830000e+02,-1.239696e+02,-1.345595e+08,0.000000e+00,0.000000e+00
1.672040e+01,1.521145e+10,7.336259e+10,1.193876e+04,-6.897098e+04,-9.067084e+08,8.368966e+06,1.078138e-03,3.212529e+07,0.000000e+00,0.000000e+00,2.350558e+04,0.000000e+00,2.350558e+04,0.000000e+00,0.000000e+00,1.385089e+10,5.587935e-09,6.676972e-14,0.000000e+00,0.000000e+00,0.000000e+00,0.000000e+00,4.129837e+08,5.995976e+10,-6.568733e+08,3.600002e+06,1.375813e+07,0.000000e+00,-1.824647e+02,3.922844e+09,6.635763e+09,-1.113133e+08,8.979382e+05,7.397089e+07,4.830000e+02,-1.239654e+02,-1.345633e+08,0.000000e+00,0.000000e+00
1.674089e+01,1.521422e+10,7.335974e+10,1.114657e+04,-7.134081e+04,-9.066268e+08,8.368966e+06,1.078194e-03,3.214989e+07,0.000000e+00,0.000000e+00,4.187258e+04,0.000000e+00,4.187258e+04,0.000000e+00,0.000000e+00,1.385393e+10,5.587935e-09,6.676972e-14,0.000000e+00,0.000000e+00,0.000000e+00,0.000000e+00,4.117438e+08,5.996100e+10,-6.568733e+08,3.600002e+06,1.375966e+07,0.000000e+00,-1.824647e+02,3.923947e+09,6.634428e+09,-1.113069e+08,8.979382e+05,7.399681e+07,4.830000e+02,-1.239583e+02,-1.345699e+08,0.000000e+00,0.000000e+00
1.676030e+01,1.521685e+10,7.335711e+10,1.034655e+04,-7.261488e+04,-9.065488e+08,8.368966e+06,1.078181e-03,3.211217e+07,0.000000e+00,0.000000e+00,4.097000e+04,0.000000e+00,4.097000e+04,0.000000e+00,0.000000e+00,1.385680e+10,5.587935e-09,6.676972e-14,0.000000e+00,0.000000e+00,0.000000e+00,0.000000e+00,4.106825e+08,5.996203e+10,-6.568733e+08,3.600002e+06,1.376108e+07,0.000000e+00,-1.824647e+02,3.924878e+09,6.633204e+09,-1.112993e+08,8.979382e+05,7.402067e+07,4.830000e+02,-1.239499e+02,-1.345775e+08,0.000000e+00,0.000000e+00
1.678078e+01,1.522012e+10,7.335354e+10,9.562389e+03,-7.354439e+04,-9.064659e+08,8.368966e+06,1.078169e-03,3.237238e+07,0.000000e+00,0.000000e+00,4.894730e+04,0.000000e+00,4.894730e+04,0.000000e+00,0.000000e+00,1.385982e+10,5.587935e-09,6.676972e-14,0.000000e+00,0.000000e+00,0.000000e+00,0.000000e+00,4.102243e+08,5.996246e+10,-6.568733e+08,3.600002e+06,1.376276e+07,0.000000e+00,-1.824647e+02,3.925660e+09,6.631801e+09,-1.112904e+08,8.979382e+05,7.404634e+07,4.830000e+02,-1.239400e+02,-1.345864e+08,0.000000e+00,0.000000e+00
1.680019e+01,1.522430e+10,7.334924e+10,8.898747e+03,-7.456815e+04,-9.063869e+08,8.368966e+06,1.078226e-03,3.243712e+07,0.000000e+00,0.000000e+00,5.143881e+04,0.000000e+00,5.143881e+04,0.000000e+00,0.000000e+00,1.386266e+10,5.587935e-09,6.676972e-14,0.000000e+00,0.000000e+00,0.000000e+00,0.000000e+00,4.106849e+08,5.996200e+10,-6.568733e+08,3.600002e+06,1.376450e+07,0.000000e+00,-1.824647e+02,3.926595e+09,6.630353e+09,-1.112808e+08,8.979382e+05,7.407039e+07,4.830000e+02,-1.239293e+02,-1.345961e+08,0.000000e+00,0.000000e+00
1.682067e+01,1.522914e+10,7.334465e+10,8.274155e+03,-7.594708e+04,-9.063032e+08,8.368966e+06,1.078288e-03,3.217892e+07,0.000000e+00,0.000000e+00,3.991540e+04,0.000000e+00,3.991540e+04,0.000000e+00,0.000000e+00,1.386565e+10,5.587935e-09,6.676972e-14,0.000000e+00,0.000000e+00,0.000000e+00,0.000000e+00,4.115658e+08,5.996116e+10,-6.568733e+08,3.600002e+06,1.376622e+07,0.000000e+00,-1.824647e+02,3.927574e+09,6.628905e+09,-1.112701e+08,8.979382e+05,7.409540e+07,4.830000e+02,-1.239173e+02,-1.346068e+08,0.000000e+00,0.000000e+00
1.684008e+01,1.523318e+10,7.334053e+10,7.722022e+03,-7.723598e+04,-9.062236e+08,8.368966e+06,1.078297e-03,3.219802e+07,0.000000e+00,0.000000e+00,4.992902e+04,0.000000e+00,4.992902e+04,0.000000e+00,0.000000e+00,1.386851e+10,5.587935e-09,6.676972e-14,0.000000e+00,0.000000e+00,0.000000e+00,0.000000e+00,4.120777e+08,5.996065e+10,-6.568733e+08,3.600002e+06,1.376768e+07,0.000000e+00,-1.824647e+02,3.928250e+09,6.627650e+09,-1.112604e+08,8.979382e+05,7.411920e+07,4.830000e+02,-1.239065e+02,-1.346165e+08,0.000000e+00,0.000000e+00
1.686057e+01,1.523753e+10,7.333600e+10,7.153772e+03,-7.803616e+04,-9.061392e+08,8.368966e+06,1.078196e-03,3.233015e+07,0.000000e+00,0.000000e+00,4.155176e+04,0.000000e+00,4.155176e+04,0.000000e+00,0.000000e+00,1.387152e+10,5.587935e-09,6.676972e-14,0.000000e+00,0.000000e+00,0.000000e+00,0.000000e+00,4.127324e+08,5.995998e+10,-6.568733e+08,3.600002e+06,1.376927e+07,0.000000e+00,-1.824647e+02,3.928946e+09,6.626385e+09,-1.112506e+08,8.979382e+05,7.414397e+07,4.830000e+02,-1.238956e+02,-1.346262e+08,0.000000e+00,0.000000e+00
1.688106e+01,1.524281e+10,7.333098e+10,6.646640e+03,-7.815249e+04,-9.060542e+08,8.368966e+06,1.078091e-03,3.204766e+07,0.000000e+00,0.000000e+00,4.279303e+04,0.000000e+00,4.279303e+04,0.000000e+00,0.000000e+00,1.387463e+10,5.587935e-09,6.676972e-14,0.000000e+00,0.000000e+00,0.000000e+00,0.000000e+00,4.142402e+08,5.995849e+10,-6.568733e+08,3.600002e+06,1.377100e+07,0.000000e+00,-1.824647e+02,3.929731e+09,6.625427e+09,-1.112418e+08,8.979382e+05,7.416747e+07,4.830000e+02,-1.238858e+02,-1.346352e+08,0.000000e+00,0.000000e+00
1.690046e+01,1.524863e+10,7.332517e+10,6.324894e+03,-7.798027e+04,-9.059730e+08,8.368966e+06,1.078098e-03,3.201129e+07,0.000000e+00,0.000000e+00,4.207885e+04,0.000000e+00,4.207885e+04,0.000000e+00,0.000000e+00,1.387759e+10,5.587935e-09,6.676972e-14,0.000000e+00,0.000000e+00,0.000000e+00,0.000000e+00,4.165208e+08,5.995625e+10,-6.568733e+08,3.600002e+06,1.377266e+07,0.000000e+00,-1.824647e+02,3.930433e+09,6.624084e+09,-1.112298e+08,8.979382e+05,7.418967e+07,4.830000e+02,-1.238724e+02,-1.346472e+08,0.000000e+00,0.000000e+00
1.692094e+01,1.525518e+10,7.331870e+10,6.187676e+03,-7.802397e+04,-9.058868e+08,8.368966e+06,1.077559e-03,3.191584e+07,0.000000e+00,0.000000e+00,2.262978e+04,0.000000e+00,2.262978e+04,0.000000e+00,0.000000e+00,1.388069e+10,5.587935e-09,6.676972e-14,0.000000e+00,0.000000e+00,0.000000e+00,0.000000e+00,4.194060e+08,5.995343e+10,-6.568733e+08,3.600002e+06,1.377426e+07,0.000000e+00,-1.824647e+02,3.931108e+09,6.623074e+09,-1.112220e+08,8.979382e+05,7.421325e+07,4.830000e+02,-1.238637e+02,-1.346546e+08,0.000000e+00,0.000000e+00
1.694033e+01,1.526089e+10,7.331295e+10,6.195723e+03,-7.879014e+04,-9.058051e+08,8.368966e+06,1.076971e-03,3.191505e+07,0.000000e+00,0.000000e+00,2.368505e+04,0.000000e+00,2.368505e+04,0.000000e+00,0.000000e+00,1.388362e+10,5.587935e-09,6.676972e-14,0.000000e+00,0.000000e+00,0.000000e+00,0.000000e+00,4.219776e+08,5.995082e+10,-6.568730e+08,3.600002e+06,1.377564e+07,0.000000e+00,-1.824646e+02,3.931443e+09,6.622646e+09,-1.112192e+08,8.979382e+05,7.423566e+07,4.830000e+02,-1.238606e+02,-1.346577e+08,0.000000e+00,0.000000e+00
1.696079e+01,1.526665e+10,7.330706e+10,6.368563e+03,-8.041877e+04,-9.057190e+08,8.368966e+06,1.076345e-03,3.201554e+07,0.000000e+00,0.000000e+00,1.146427e+04,0.000000e+00,1.146427e+04,0.000000e+00,0.000000e+00,1.388676e+10,5.587935e-09,6.676972e-14,0.000000e+00,0.000000e+00,0.000000e+00,0.000000e+00,4.242478e+08,5.994842e+10,-6.568724e+08,3.600002e+06,1.377718e+07,0.000000e+00,-1.824644e+02,3.931974e+09,6.622057e+09,-1.112178e+08,8.979382e+05,7.425947e+07,4.830000e+02,-1.238590e+02,-1.346596e+08,0.000000e+00,0.000000e+00
1.698016e+01,1.527169e+10,7.330227e+10,6.676713e+03,-8.239870e+04,-9.056375e+08,8.368966e+06,1.075757e-03,3.174110e+07,0.000000e+00,0.000000e+00,1.937055e+04,0.000000e+00,1.937055e+04,0.000000e+00,0.000000e+00,1.388975e+10,5.587935e-09,6.676972e-14,0.000000e+00,0.000000e+00,0.000000e+00,0.000000e+00,4.258860e+08,5.994655e+10,-6.568714e+08,3.600002e+06,1.377874e+07,0.000000e+00,-1.824641e+02,3.932601e+09,6.621741e+09,-1.112173e+08,8.979382e+05,7.428120e+07,4.830000e+02,-1.238585e+02,-1.346612e+08,0.000000e+00,0.000000e+00
1.700059e+01,1.527580e+10,7.329801e+10,7.040511e+03,-8.440017e+04,-9.055510e+08,8.368966e+06,1.075158e-03,3.185766e+07,0.000000e+00,0.000000e+00,2.260796e+04,0.000000e+00,2.260796e+04,0.000000e+00,0.000000e+00,1.389282e+10,5.587935e-09,6.676972e-14,0.000000e+00,0.000000e+00,0.000000e+00,0.000000e+00,4.268505e+08,5.994531e+10,-6.568701e+08,3.600002e+06,1.378048e+07,0.000000e+00,-1.824638e+02,3.932837e+09,6.621425e+09,-1.112167e+08,8.979382e+05,7.430374e+07,4.830000e+02,-1.238578e+02,-1.346630e+08,0.000000e+00,0.000000e+00
1.702102e+01,1.527894e+10,7.329468e+10,7.403409e+03,-8.586306e+04,-9.054637e+08,8.368966e+06,1.074571e-03,3.200938e+07,0.000000e+00,0.000000e+00,1.770202e+04,0.000000e+00,1.770202e+04,0.000000e+00,0.000000e+00,1.389581e+10,5.587935e-09,6.676972e-14,0.000000e+00,0.000000e+00,0.000000e+00,0.000000e+00,4.270179e+08,5.994489e+10,-6.568689e+08,3.600002e+06,1.378235e+07,0.000000e+00,-1.824635e+02,3.932886e+09,6.621304e+09,-1.112157e+08,8.979382e+05,7.432620e+07,4.830000e+02,-1.238568e+02,-1.346651e+08,0.000000e+00,0.000000e+00
1.704035e+01,1.528133e+10,7.329227e+10,7.761311e+03,-8.627230e+04,-9.053800e+08,8.368966e+06,1.074032e-03,3.201867e+07,0.000000e+00,0.000000e+00,1.366384e+04,0.000000e+00,1.366384e+04,0.000000e+00,0.000000e+00,1.389860e+10,5.587935e-09,6.676972e-14,0.000000e+00,0.000000e+00,0.000000e+00,0.000000e+00,4.266496e+08,5.994496e+10,-6.568673e+08,3.600002e+06,1.378410e+07,0.000000e+00,-1.824630e+02,3.932873e+09,6.621282e+09,-1.112153e+08,8.979382e+05,7.434704e+07,4.830000e+02,-1.238563e+02,-1.346672e+08,0.000000e+00,0.000000e+00
1.706075e+01,1.528342e+10,7.329007e+10,8.138082e+03,-8.562125e+04,-9.052904e+08,8.368966e+06,1.073444e-03,3.208244e+07,0.000000e+00,0.000000e+00,1.295505e+04,0.000000e+00,1.295505e+04,0.000000e+00,0.000000e+00,1.390152e+10,5.587935e-09,6.676972e-14,0.000000e+00,0.000000e+00,0.000000e+00,0.000000e+00,4.257692e+08,5.994541e+10,-6.568652e+08,3.600002e+06,1.378582e+07,0.000000e+00,-1.824624e+02,3.932944e+09,6.621153e+09,-1.112151e+08,8.979382e+05,7.436916e+07,4.830000e+02,-1.238561e+02,-1.346696e+08,0.000000e+00,0.000000e+00
1.708007e+01,1.528531e+10,7.328819e+10,8.584748e+03,-8.412207e+04,-9.052044e+08,8.368966e+06,1.072887e-03,3.206171e+07,0.000000e+00,0.000000e+00,7.339335e+03,0.000000e+00,7.339335e+03,0.000000e+00,0.000000e+00,1.390426e+10,5.587935e-09,6.676972e-14,0.000000e+00,0.000000e+00,0.000000e+00,0.000000e+00,4.248797e+08,5.994601e+10,-6.568636e+08,3.600002e+06,1.378758e+07,0.000000e+00,-1.824620e+02,3.932982e+09,6.621143e+09,-1.112151e+08,8.979382e+05,7.438998e+07,4.830000e+02,-1.238560e+02,-1.346711e+08,0.000000e+00,0.000000e+00
1.710045e+01,1.528746e+10,7.328592e+10,9.395410e+03,-8.164859e+04,-9.051124e+08,8.368966e+06,1.072274e-03,3.215286e+07,0.000000e+00,0.000000e+00,6.389645e+03,0.000000e+00,6.389645e+03,0.000000e+00,0.000000e+00,1.390716e+10,5.587935e-09,6.676972e-14,0.000000e+00,0.000000e+00,0.000000e+00,0.000000e+00,4.241765e+08,5.994668e+10,-6.568630e+08,3.600002e+06,1.378950e+07,0.000000e+00,-1.824618e+02,3.932985e+09,6.620950e+09,-1.112150e+08,8.979382e+05,7.441135e+07,4.830000e+02,-1.238560e+02,-1.346717e+08,0.000000e+00,0.000000e+00
1.712082e+01,1.528933e+10,7.328399e+10,1.083739e+04,-7.817266e+04,-9.050195e+08,8.368966e+06,1.071683e-03,3.216596e+07,0.000000e+00,0.000000e+00,1.244594e+04,0.000000e+00,1.244594e+04,0.000000e+00,0.000000e+00,1.390999e+10,5.587935e-09,6.676972e-14,0.000000e+00,0.000000e+00,0.000000e+00,0.000000e+00,4.228614e+08,5.994793e+10,-6.568627e+08,3.600002e+06,1.379104e+07,0.000000e+00,-1.824617e+02,3.933343e+09,6.620558e+09,-1.112149e+08,8.979382e+05,7.443298e+07,4.830000e+02,-1.238558e+02,-1.346721e+08,0.000000e+00,0.000000e+00
1.714010e+01,1.529040e+10,7.328299e+10,1.279624e+04,-7.427530e+04,-9.049310e+08,8.368966e+06,1.071131e-03,3.208165e+07,0.000000e+00,0.000000e+00,1.546998e+04,0.000000e+00,1.546998e+04,0.000000e+00,0.000000e+00,1.391266e+10,5.587935e-09,6.676972e-14,0.000000e+00,0.000000e+00,0.000000e+00,0.000000e+00,4.205323e+08,5.995008e+10,-6.568623e+08,3.600002e+06,1.379240e+07,0.000000e+00,-1.824617e+02,3.934051e+09,6.620064e+09,-1.112147e+08,8.979382e+05,7.445347e+07,4.830000e+02,-1.238556e+02,-1.346727e+08,0.000000e+00,0.000000e+00
1.716045e+01,1.529182e+10,7.328153e+10,1.522791e+04,-7.002127e+04,-9.048374e+08,8.368966e+06,1.070580e-03,3.207485e+07,0.000000e+00,0.000000e+00,2.180647e+04,0.000000e+00,2.180647e+04,0.000000e+00,0.000000e+00,1.391556e+10,5.587935e-09,6.676972e-14,0.000000e+00,0.000000e+00,0.000000e+00,0.000000e+00,4.180624e+08,5.995225e+10,-6.568611e+08,3.600002e+06,1.379421e+07,0.000000e+00,-1.824613e+02,3.935090e+09,6.619091e+09,-1.112146e+08,8.979382e+05,7.447387e+07,4.830000e+02,-1.238555e+02,-1.346741e+08,0.000000e+00,0.000000e+00
1.718079e+01,1.529459e+10,7.327875e+10,1.775389e+04,-6.609422e+04,-9.047444e+08,8.368966e+06,1.070038e-03,3.204931e+07,0.000000e+00,0.000000e+00,2.033926e+04,0.000000e+00,2.033926e+04,0.000000e+00,0.000000e+00,1.391852e+10,5.587935e-09,6.676972e-14,0.000000e+00,0.000000e+00,0.000000e+00,0.000000e+00,4.169818e+08,5.995307e+10,-6.568594e+08,3.600002e+06,1.379619e+07,0.000000e+00,-1.824608e+02,3.936067e+09,6.618089e+09,-1.112144e+08,8.979382e+05,7.449434e+07,4.830000e+02,-1.238553e+02,-1.346760e+08,0.000000e+00,0.000000e+00
1.720004e+01,1.529788e+10,7.327557e+10,2.005153e+04,-6.301138e+04,-9.046569e+08,8.368966e+06,1.069526e-03,3.191561e+07,0.000000e+00,0.000000e+00,1.513551e+04,0.000000e+00,1.513551e+04,0.000000e+00,0.000000e+00,1.392129e+10,5.587935e-09,6.676972e-14,0.000000e+00,0.000000e+00,0.000000e+00,0.000000e+00,4.167439e+08,5.995316e+10,-6.568581e+08,3.600002e+06,1.379784e+07,0.000000e+00,-1.824605e+02,3.936868e+09,6.617319e+09,-1.112143e+08,8.979382e+05,7.451345e+07,4.830000e+02,-1.238551e+02,-1.346774e+08,0.000000e+00,0.000000e+00
1.722036e+01,1.530026e+10,7.327307e+10,2.216288e+04,-6.072227e+04,-9.045654e+08,8.368966e+06,1.068993e-03,3.200499e+07,0.000000e+00,0.000000e+00,1.141232e+04,0.000000e+00,1.141232e+04,0.000000e+00,0.000000e+00,1.392424e+10,5.587935e-09,6.676972e-14,0.000000e+00,0.000000e+00,0.000000e+00,0.000000e+00,4.155424e+08,5.995403e+10,-6.568565e+08,3.600002e+06,1.379941e+07,0.000000e+00,-1.824600e+02,3.937578e+09,6.616475e+09,-1.112143e+08,8.979382e+05,7.453332e+07,4.830000e+02,-1.238551e+02,-1.346790e+08,0.000000e+00,0.000000e+00
1.724067e+01,1.530155e+10,7.327189e+10,2.363795e+04,-5.957538e+04,-9.044747e+08,8.368966e+06,1.068446e-03,3.188224e+07,0.000000e+00,0.000000e+00,9.374634e+03,0.000000e+00,9.374634e+03,0.000000e+00,0.000000e+00,1.392721e+10,5.587935e-09,6.676972e-14,0.000000e+00,0.000000e+00,0.000000e+00,0.000000e+00,4.134057e+08,5.995565e+10,-6.568541e+08,3.600002e+06,1.380115e+07,0.000000e+00,-1.824594e+02,3.938172e+09,6.616010e+09,-1.112143e+08,8.979382e+05,7.455388e+07,4.830000e+02,-1.238552e+02,-1.346814e+08,0.000000e+00,0.000000e+00
1.726096e+01,1.530360e+10,7.326971e+10,2.428994e+04,-5.907573e+04,-9.043843e+08,8.368966e+06,1.067901e-03,3.197256e+07,0.000000e+00,0.000000e+00,9.672059e+03,0.000000e+00,9.672059e+03,0.000000e+00,0.000000e+00,1.393016e+10,5.587935e-09,6.676972e-14,0.000000e+00,0.000000e+00,0.000000e+00,0.000000e+00,4.122154e+08,5.995641e+10,-6.568513e+08,3.600002e+06,1.380300e+07,0.000000e+00,-1.824586e+02,3.938631e+09,6.615418e+09,-1.112142e+08,8.979382e+05,7.457422e+07,4.830000e+02,-1.238551e+02,-1.346842e+08,0.000000e+00,0.000000e+00
1.728018e+01,1.530728e+10,7.326604e+10,2.425973e+04,-5.850823e+04,-9.042986e+08,8.368966e+06,1.067401e-03,3.193292e+07,0.000000e+00,0.000000e+00,9.134580e+03,0.000000e+00,9.134580e+03,0.000000e+00,0.000000e+00,1.393304e+10,5.587935e-09,6.676972e-14,0.000000e+00,0.000000e+00,0.000000e+00,0.000000e+00,4.128035e+08,5.995554e+10,-6.568492e+08,3.600002e+06,1.380466e+07,0.000000e+00,-1.824580e+02,3.939089e+09,6.614927e+09,-1.112141e+08,8.979382e+05,7.459308e+07,4.830000e+02,-1.238549e+02,-1.346865e+08,0.000000e+00,0.000000e+00
1.730046e+01,1.531254e+10,7.326115e+10,2.375440e+04,-5.740018e+04,-9.042079e+08,8.368966e+06,1.066853e-03,3.154163e+07,0.000000e+00,0.000000e+00,1.036986e+04,0.000000e+00,1.036986e+04,0.000000e+00,0.000000e+00,1.393614e+10,5.587935e-09,6.676972e-14,0.000000e+00,0.000000e+00,0.000000e+00,0.000000e+00,4.147376e+08,5.995333e+10,-6.568474e+08,3.600002e+06,1.380640e+07,0.000000e+00,-1.824575e+02,3.939648e+09,6.614694e+09,-1.112139e+08,8.979382e+05,7.461238e+07,4.830000e+02,-1.238548e+02,-1.346885e+08,0.000000e+00,0.000000e+00
1.732072e+01,1.531816e+10,7.325547e+10,2.290760e+04,-5.563616e+04,-9.041170e+08,8.368966e+06,1.066312e-03,3.158215e+07,0.000000e+00,0.000000e+00,8.619713e+03,0.000000e+00,8.619713e+03,0.000000e+00,0.000000e+00,1.393912e+10,5.587935e-09,6.676972e-14,0.000000e+00,0.000000e+00,0.000000e+00,0.000000e+00,4.172065e+08,5.995055e+10,-6.568455e+08,3.600002e+06,1.380804e+07,0.000000e+00,-1.824570e+02,3.940029e+09,6.614257e+09,-1.112138e+08,8.979382e+05,7.463096e+07,4.830000e+02,-1.238546e+02,-1.346905e+08,0.000000e+00,0.000000e+00
1.734097e+01,1.532322e+10,7.325025e+10,2.178023e+04,-5.302999e+04,-9.040257e+08,8.368966e+06,1.065760e-03,3.171748e+07,0.000000e+00,0.000000e+00,6.393101e+03,0.000000e+00,6.393101e+03,0.000000e+00,0.000000e+00,1.394207e+10,5.587935e-09,6.676972e-14,0.000000e+00,0.000000e+00,0.000000e+00,0.000000e+00,4.194064e+08,5.994795e+10,-6.568435e+08,3.600002e+06,1.380947e+07,0.000000e+00,-1.824564e+02,3.940118e+09,6.614022e+09,-1.112137e+08,8.979382e+05,7.464984e+07,4.830000e+02,-1.238545e+02,-1.346926e+08,0.000000e+00,0.000000e+00
1.736016e+01,1.532733e+10,7.324624e+10,2.059755e+04,-4.961768e+04,-9.039386e+08,8.368966e+06,1.065237e-03,3.159251e+07,0.000000e+00,0.000000e+00,7.745285e+03,0.000000e+00,7.745285e+03,0.000000e+00,0.000000e+00,1.394485e+10,5.587935e-09,6.676972e-14,0.000000e+00,0.000000e+00,0.000000e+00,0.000000e+00,4.207342e+08,5.994620e+10,-6.568414e+08,3.600002e+06,1.381087e+07,0.000000e+00,-1.824558e+02,3.940291e+09,6.613927e+09,-1.112137e+08,8.979382e+05,7.466774e+07,4.830000e+02,-1.238545e+02,-1.346947e+08,0.000000e+00,0.000000e+00
1.738039e+01,1.533082e+10,7.324257e+10,1.947100e+04,-4.520801e+04,-9.038456e+08,8.368966e+06,1.064691e-03,3.172776e+07,0.000000e+00,0.000000e+00,1.023203e+04,0.000000e+00,1.023203e+04,0.000000e+00,0.000000e+00,1.394779e+10,5.587935e-09,6.676972e-14,0.000000e+00,0.000000e+00,0.000000e+00,0.000000e+00,4.210691e+08,5.994539e+10,-6.568393e+08,3.600002e+06,1.381249e+07,0.000000e+00,-1.824553e+02,3.940688e+09,6.613453e+09,-1.112137e+08,8.979382e+05,7.468646e+07,4.830000e+02,-1.238545e+02,-1.346968e+08,0.000000e+00,0.000000e+00
1.740061e+01,1.533324e+10,7.324039e+10,1.858206e+04,-4.025529e+04,-9.037514e+08,8.368966e+06,1.064138e-03,3.148237e+07,0.000000e+00,0.000000e+00,1.243006e+04,0.000000e+00,1.243006e+04,0.000000e+00,0.000000e+00,1.395070e+10,5.587935e-09,6.676972e-14,0.000000e+00,0.000000e+00,0.000000e+00,0.000000e+00,4.205217e+08,5.994549e+10,-6.568374e+08,3.600002e+06,1.381420e+07,0.000000e+00,-1.824547e+02,3.940890e+09,6.613526e+09,-1.112135e+08,8.979382e+05,7.470484e+07,4.830000e+02,-1.238543e+02,-1.346989e+08,0.000000e+00,0.000000e+00
1.742083e+01,1.533525e+10,7.323821e+10,1.781961e+04,-3.502318e+04,-9.036559e+08,8.368966e+06,1.063579e-03,3.156773e+07,0.000000e+00,0.000000e+00,5.951877e+04,0.000000e+00,5.951877e+04,0.000000e+00,0.000000e+00,1.395356e+10,5.587935e-09,6.676972e-14,0.000000e+00,0.000000e+00,0.000000e+00,0.000000e+00,4.200132e+08,5.994571e+10,-6.568359e+08,3.600002e+06,1.381587e+07,0.000000e+00,-1.824543e+02,3.940675e+09,6.613327e+09,-1.112086e+08,8.979382e+05,7.472318e+07,4.830000e+02,-1.238488e+02,-1.347057e+08,0.000000e+00,0.000000e+00
1.744009e+01,1.533733e+10,7.323587e+10,1.711743e+04,-3.020656e+04,-9.035638e+08,8.368966e+06,1.071762e-03,3.180004e+07,0.000000e+00,0.000000e+00,5.997726e+04,0.000000e+00,5.997726e+04,0.000000e+00,0.000000e+00,1.395627e+10,5.587935e-09,6.676972e-14,0.000000e+00,0.000000e+00,0.000000e+00,0.000000e+00,4.197580e+08,5.994575e+10,-6.568347e+08,3.600002e+06,1.381721e+07,0.000000e+00,-1.824540e+02,3.940487e+09,6.612915e+09,-1.111995e+08,8.979382e+05,7.474109e+07,4.830000e+02,-1.238387e+02,-1.347160e+08,0.000000e+00,0.000000e+00
1.746045e+01,1.533987e+10,7.323355e+10,1.641488e+04,-2.589450e+04,-9.034659e+08,8.368966e+06,1.071251e-03,3.159227e+07,0.000000e+00,0.000000e+00,1.735341e+04,0.000000e+00,1.735341e+04,0.000000e+00,0.000000e+00,1.395919e+10,5.587935e-09,6.676972e-14,0.000000e+00,0.000000e+00,0.000000e+00,0.000000e+00,4.194888e+08,5.994588e+10,-6.568340e+08,3.600002e+06,1.381870e+07,0.000000e+00,-1.824538e+02,3.940616e+09,6.612649e+09,-1.111918e+08,8.979382e+05,7.475999e+07,4.830000e+02,-1.238302e+02,-1.347241e+08,0.000000e+00,0.000000e+00
1.748080e+01,1.534279e+10,7.323068e+10,1.594447e+04,-2.241598e+04,-9.033678e+08,8.368966e+06,1.070737e-03,3.153089e+07,0.000000e+00,0.000000e+00,3.319825e+03,0.000000e+00,3.319825e+03,0.000000e+00,0.000000e+00,1.396218e+10,5.587935e-09,6.676972e-14,0.000000e+00,0.000000e+00,0.000000e+00,0.000000e+00,4.195435e+08,5.994582e+10,-6.568338e+08,3.600002e+06,1.382044e+07,0.000000e+00,-1.824537e+02,3.940810e+09,6.612299e+09,-1.111887e+08,8.979382e+05,7.477786e+07,4.830000e+02,-1.238267e+02,-1.347272e+08,0.000000e+00,0.000000e+00
1.750006e+01,1.534549e+10,7.322783e+10,1.584503e+04,-1.934873e+04,-9.032750e+08,8.368966e+06,1.070239e-03,3.165795e+07,0.000000e+00,0.000000e+00,1.093525e+03,0.000000e+00,1.093525e+03,0.000000e+00,0.000000e+00,1.396503e+10,5.587935e-09,6.676972e-14,0.000000e+00,0.000000e+00,0.000000e+00,0.000000e+00,4.197176e+08,5.994568e+10,-6.568339e+08,3.600002e+06,1.382204e+07,0.000000e+00,-1.824537e+02,3.940840e+09,6.612131e+09,-1.111882e+08,8.978126e+05,7.479498e+07,4.840000e+02,-1.238435e+02,-1.347276e+08,0.000000e+00,0.000000e+00
1.752040e+01,1.534774e+10,7.322554e+10,1.606376e+04,-1.636857e+04,-9.031773e+08,8.368966e+06,1.069730e-03,3.164993e+07,0.000000e+00,0.000000e+00,1.605653e+04,0.000000e+00,1.605653e+04,0.000000e+00,0.000000e+00,1.396799e+10,5.587935e-09,6.676972e-14,0.000000e+00,0.000000e+00,0.000000e+00,0.000000e+00,4.193287e+08,5.994605e+10,-6.568339e+08,3.600002e+06,1.382352e+07,0.000000e+00,-1.824537e+02,3.940896e+09,6.612011e+09,-1.111880e+08,8.978126e+05,7.481332e+07,4.840000e+02,-1.238433e+02,-1.347279e+08,0.000000e+00,0.000000e+00
1.754072e+01,1.534904e+10,7.322409e+10,1.659569e+04,-1.426649e+04,-9.030802e+08,8.368966e+06,1.069317e-03,3.173388e+07,0.000000e+00,0.000000e+00,4.131171e+04,0.000000e+00,4.131171e+04,0.000000e+00,0.000000e+00,1.397086e+10,5.587935e-09,6.676972e-14,0.000000e+00,0.000000e+00,0.000000e+00,0.000000e+00,4.178560e+08,5.994747e+10,-6.568339e+08,3.600002e+06,1.382479e+07,0.000000e+00,-1.824537e+02,3.941078e+09,6.611689e+09,-1.111869e+08,8.978126e+05,7.483218e+07,4.840000e+02,-1.238419e+02,-1.347291e+08,0.000000e+00,0.000000e+00
1.756103e+01,1.534965e+10,7.322344e+10,1.730882e+04,-1.301597e+04,-9.029836e+08,8.368966e+06,1.068969e-03,3.177779e+07,0.000000e+00,0.000000e+00,2.982394e+04,0.000000e+00,2.982394e+04,0.000000e+00,0.000000e+00,1.397370e+10,5.587935e-09,6.676972e-14,0.000000e+00,0.000000e+00,0.000000e+00,0.000000e+00,4.157510e+08,5.994951e+10,-6.568339e+08,3.600002e+06,1.382615e+07,0.000000e+00,-1.824537e+02,3.941181e+09,6.611593e+09,-1.111855e+08,8.978126e+05,7.485066e+07,4.840000e+02,-1.238404e+02,-1.347304e+08,0.000000e+00,0.000000e+00
1.758027e+01,1.535047e+10,7.322259e+10,1.793129e+04,-1.182424e+04,-9.028925e+08,8.368966e+06,1.068643e-03,3.179781e+07,0.000000e+00,0.000000e+00,7.880889e+03,0.000000e+00,7.880889e+03,0.000000e+00,0.000000e+00,1.397643e+10,5.587935e-09,6.676972e-14,0.000000e+00,0.000000e+00,0.000000e+00,0.000000e+00,4.141180e+08,5.995110e+10,-6.568339e+08,3.600002e+06,1.382775e+07,0.000000e+00,-1.824537e+02,3.941119e+09,6.611558e+09,-1.111848e+08,8.978126e+05,7.486799e+07,4.840000e+02,-1.238397e+02,-1.347311e+08,0.000000e+00,0.000000e+00
1.760057e+01,1.535169e+10,7.322113e+10,1.838980e+04,-1.002584e+04,-9.027971e+08,8.368966e+06,1.068202e-03,3.201928e+07,0.000000e+00,0.000000e+00,0.000000e+00,0.000000e+00,0.000000e+00,0.000000e+00,0.000000e+00,1.397935e+10,5.587935e-09,6.676972e-14,0.000000e+00,0.000000e+00,0.000000e+00,0.000000e+00,4.127668e+08,5.995243e+10,-6.568339e+08,3.600002e+06,1.382938e+07,0.000000e+00,-1.824537e+02,3.941011e+09,6.611420e+09,-1.111847e+08,8.978126e+05,7.488621e+07,4.840000e+02,-1.238395e+02,-1.347312e+08,0.000000e+00,0.000000e+00
1.762086e+01,1.535260e+10,7.322037e+10,1.863939e+04,-7.632597e+03,-9.027022e+08,8.368966e+06,1.067696e-03,3.183335e+07,0.000000e+00,0.000000e+00,1.702224e+01,0.000000e+00,1.702224e+01,0.000000e+00,0.000000e+00,1.398227e+10,5.587935e-09,6.676972e-14,0.000000e+00,0.000000e+00,0.000000e+00,0.000000e+00,4.108524e+08,5.995428e+10,-6.568339e+08,3.600002e+06,1.383067e+07,0.000000e+00,-1.824537e+02,3.941189e+09,6.611489e+09,-1.111847e+08,8.978126e+05,7.490394e+07,4.840000e+02,-1.238395e+02,-1.347312e+08,0.000000e+00,0.000000e+00
1.764007e+01,1.535314e+10,7.321975e+10,1.872521e+04,-4.673791e+03,-9.026125e+08,8.368966e+06,1.067126e-03,3.189512e+07,0.000000e+00,0.000000e+00,2.605674e+00,0.000000e+00,2.605674e+00,0.000000e+00,0.000000e+00,1.398493e+10,5.587935e-09,6.676972e-14,0.000000e+00,0.000000e+00,0.000000e+00,0.000000e+00,4.086450e+08,5.995641e+10,-6.568339e+08,3.600002e+06,1.383182e+07,0.000000e+00,-1.824537e+02,3.941445e+09,6.611190e+09,-1.111847e+08,8.978126e+05,7.492017e+07,4.840000e+02,-1.238395e+02,-1.347312e+08,0.000000e+00,0.000000e+00
1.766035e+01,1.535396e+10,7.321871e+10,1.882069e+04,-7.116748e+02,-9.025180e+08,8.368966e+06,1.066523e-03,3.209712e+07,0.000000e+00,0.000000e+00,3.576531e-01,0.000000e+00,3.576531e-01,0.000000e+00,0.000000e+00,1.398769e+10,5.587935e-09,6.676972e-14,0.000000e+00,0.000000e+00,0.000000e+00,0.000000e+00,4.068014e+08,5.995820e+10,-6.568339e+08,3.600002e+06,1.383318e+07,0.000000e+00,-1.824537e+02,3.941479e+09,6.611047e+09,-1.111847e+08,8.978126e+05,7.493730e+07,4.840000e+02,-1.238395e+02,-1.347312e+08,0.000000e+00,0.000000e+00
1.768060e+01,1.535553e+10,7.321708e+10,1.919994e+04,3.763222e+03,-9.024235e+08,8.368966e+06,1.065928e-03,3.213158e+07,0.000000e+00,0.000000e+00,4.175916e+02,0.000000e+00,4.175916e+02,0.000000e+00,0.000000e+00,1.399047e+10,5.587935e-09,6.676972e-14,0.000000e+00,0.000000e+00,0.000000e+00,0.000000e+00,4.058298e+08,5.995915e+10,-6.568339e+08,3.600002e+06,1.383479e+07,0.000000e+00,-1.824537e+02,3.941373e+09,6.611144e+09,-1.111847e+08,8.978126e+05,7.495468e+07,4.840000e+02,-1.238395e+02,-1.347312e+08,0.000000e+00,0.000000e+00
1.770101e+01,1.535811e+10,7.321453e+10,2.007098e+04,8.351744e+03,-9.023279e+08,8.368966e+06,1.077132e-03,3.205887e+07,0.000000e+00,0.000000e+00,1.779998e+03,0.000000e+00,1.779998e+03,0.000000e+00,0.000000e+00,1.399331e+10,5.587935e-09,6.676972e-14,0.000000e+00,0.000000e+00,0.000000e+00,0.000000e+00,4.056333e+08,5.995937e+10,-6.568339e+08,3.600002e+06,1.383646e+07,0.000000e+00,-1.824537e+02,3.941544e+09,6.610973e+09,-1.111847e+08,8.978126e+05,7.497159e+07,4.840000e+02,-1.238395e+02,-1.347312e+08,0.000000e+00,0.000000e+00
1.772040e+01,1.536087e+10,7.321195e+10,2.133496e+04,1.285652e+04,-9.022366e+08,8.368966e+06,1.077160e-03,3.187546e+07,0.000000e+00,0.000000e+00,3.338322e+03,0.000000e+00,3.338322e+03,0.000000e+00,0.000000e+00,1.399603e+10,5.587935e-09,6.676972e-14,0.000000e+00,0.000000e+00,0.000000e+00,0.000000e+00,4.057277e+08,5.995933e+10,-6.568339e+08,3.600002e+06,1.383781e+07,0.000000e+00,-1.824537e+02,3.941708e+09,6.610945e+09,-1.111847e+08,8.978126e+05,7.498721e+07,4.840000e+02,-1.238396e+02,-1.347311e+08,0.000000e+00,0.000000e+00
1.774087e+01,1.536359e+10,7.320921e+10,2.300389e+04,1.774576e+04,-9.021395e+08,8.368966e+06,1.077183e-03,3.187576e+07,0.000000e+00,0.000000e+00,7.583021e+03,0.000000e+00,7.583021e+03,0.000000e+00,0.000000e+00,1.399895e+10,5.587935e-09,6.676972e-14,0.000000e+00,0.000000e+00,0.000000e+00,0.000000e+00,4.057647e+08,5.995930e+10,-6.568339e+08,3.600002e+06,1.383902e+07,0.000000e+00,-1.824537e+02,3.941756e+09,6.610874e+09,-1.111847e+08,8.978126e+05,7.500370e+07,4.840000e+02,-1.238395e+02,-1.347312e+08,0.000000e+00,0.000000e+00
1.776026e+01,1.536616e+10,7.320648e+10,2.476508e+04,2.201787e+04,-9.020470e+08,8.368966e+06,1.077179e-03,3.199652e+07,0.000000e+00,0.000000e+00,8.827503e+03,0.000000e+00,8.827503e+03,0.000000e+00,0.000000e+00,1.400172e+10,5.587935e-09,6.676972e-14,0.000000e+00,0.000000e+00,0.000000e+00,0.000000e+00,4.057625e+08,5.995929e+10,-6.568339e+08,3.600002e+06,1.384030e+07,0.000000e+00,-1.824537e+02,3.941820e+09,6.610658e+09,-1.111847e+08,8.978126e+05,7.501936e+07,4.840000e+02,-1.238395e+02,-1.347312e+08,0.000000e+00,0.000000e+00
1.778072e+01,1.536937e+10,7.320333e+10,2.664954e+04,2.572800e+04,-9.019491e+08,8.368966e+06,1.077214e-03,3.192383e+07,0.000000e+00,0.000000e+00,7.877261e+03,0.000000e+00,7.877261e+03,0.000000e+00,0.000000e+00,1.400465e+10,5.587935e-09,6.676972e-14,0.000000e+00,0.000000e+00,0.000000e+00,0.000000e+00,4.060688e+08,5.995898e+10,-6.568339e+08,3.600002e+06,1.384194e+07,0.000000e+00,-1.824537e+02,3.942061e+09,6.610461e+09,-1.111846e+08,8.978126e+05,7.503598e+07,4.840000e+02,-1.238395e+02,-1.347312e+08,0.000000e+00,0.000000e+00
1.780011e+01,1.537320e+10,7.319967e+10,2.827667e+04,2.841229e+04,-9.018562e+08,8.368966e+06,1.077239e-03,3.173378e+07,0.000000e+00,0.000000e+00,6.894292e+03,0.000000e+00,6.894292e+03,0.000000e+00,0.000000e+00,1.400743e+10,5.587935e-09,6.676972e-14,0.000000e+00,0.000000e+00,0.000000e+00,0.000000e+00,4.070996e+08,5.995799e+10,-6.568339e+08,3.600002e+06,1.384357e+07,0.000000e+00,-1.824537e+02,3.942305e+09,6.610334e+09,-1.111846e+08,8.978126e+05,7.505142e+07,4.840000e+02,-1.238394e+02,-1.347312e+08,0.000000e+00,0.000000e+00
1.782058e+01,1.537805e+10,7.319473e+10,2.966661e+04,3.065666e+04,-9.017582e+08,8.368966e+06,1.077219e-03,3.178853e+07,0.000000e+00,0.000000e+00,5.176386e+03,0.000000e+00,5.176386e+03,0.000000e+00,0.000000e+00,1.401039e+10,5.587935e-09,6.676972e-14,0.000000e+00,0.000000e+00,0.000000e+00,0.000000e+00,4.091099e+08,5.995602e+10,-6.568339e+08,3.600002e+06,1.384501e+07,0.000000e+00,-1.824537e+02,3.942480e+09,6.609982e+09,-1.111846e+08,8.978126e+05,7.506762e+07,4.840000e+02,-1.238394e+02,-1.347313e+08,0.000000e+00,0.000000e+00
1.784105e+01,1.538325e+10,7.318950e+10,3.057854e+04,3.267883e+04,-9.016605e+08,8.368966e+06,1.077193e-03,3.179845e+07,0.000000e+00,0.000000e+00,7.245731e+02,0.000000e+00,7.245731e+02,0.000000e+00,0.000000e+00,1.401334e+10,5.587935e-09,6.676972e-14,0.000000e+00,0.000000e+00,0.000000e+00,0.000000e+00,4.114470e+08,5.995372e+10,-6.568339e+08,3.600002e+06,1.384633e+07,0.000000e+00,-1.824537e+02,3.942738e+09,6.609649e+09,-1.111845e+08,8.978126e+05,7.508362e+07,4.840000e+02,-1.238394e+02,-1.347313e+08,0.000000e+00,0.000000e+00
1.786044e+01,1.538806e+10,7.318489e+10,3.094037e+04,3.457521e+04,-9.015681e+08,8.368966e+06,1.077159e-03,3.158254e+07,0.000000e+00,0.000000e+00,0.000000e+00,0.000000e+00,0.000000e+00,0.000000e+00,0.000000e+00,1.401616e+10,5.587935e-09,6.676972e-14,0.000000e+00,0.000000e+00,0.000000e+00,0.000000e+00,4.134402e+08,5.995177e+10,-6.568339e+08,3.600002e+06,1.384782e+07,0.000000e+00,-1.824537e+02,3.943106e+09,6.609444e+09,-1.111845e+08,8.978126e+05,7.509826e+07,4.840000e+02,-1.238394e+02,-1.347313e+08,0.000000e+00,0.000000e+00
1.788090e+01,1.539254e+10,7.318052e+10,3.086200e+04,3.655982e+04,-9.014706e+08,8.368966e+06,1.077166e-03,3.145361e+07,0.000000e+00,0.000000e+00,0.000000e+00,0.000000e+00,0.000000e+00,0.000000e+00,0.000000e+00,1.401917e+10,5.587935e-09,6.676972e-14,0.000000e+00,0.000000e+00,0.000000e+00,0.000000e+00,4.150674e+08,5.995018e+10,-6.568339e+08,3.600002e+06,1.384945e+07,0.000000e+00,-1.824537e+02,3.943355e+09,6.609228e+09,-1.111845e+08,8.978126e+05,7.511374e+07,4.840000e+02,-1.238394e+02,-1.347313e+08,0.000000e+00,0.000000e+00
1.790029e+01,1.539599e+10,7.317698e+10,3.057222e+04,3.850250e+04,-9.013784e+08,8.368966e+06,1.077131e-03,3.151555e+07,0.000000e+00,0.000000e+00,0.000000e+00,0.000000e+00,0.000000e+00,0.000000e+00,0.000000e+00,1.402204e+10,5.587935e-09,6.676972e-14,0.000000e+00,0.000000e+00,0.000000e+00,0.000000e+00,4.161326e+08,5.994913e+10,-6.568339e+08,3.600002e+06,1.385097e+07,0.000000e+00,-1.824537e+02,3.943237e+09,6.609233e+09,-1.111845e+08,8.978126e+05,7.512854e+07,4.840000e+02,-1.238394e+02,-1.347313e+08,0.000000e+00,0.000000e+00
1.792075e+01,1.539935e+10,7.317350e+10,3.034537e+04,4.064864e+04,-9.012810e+08,8.368966e+06,1.076674e-03,3.161639e+07,0.000000e+00,0.000000e+00,0.000000e+00,0.000000e+00,0.000000e+00,0.000000e+00,0.000000e+00,1.402500e+10,5.587935e-09,6.676972e-14,0.000000e+00,0.000000e+00,0.000000e+00,0.000000e+00,4.170068e+08,5.994829e+10,-6.568339e+08,3.600002e+06,1.385265e+07,0.000000e+00,-1.824537e+02,3.943075e+09,6.609223e+09,-1.111845e+08,8.978126e+05,7.514413e+07,4.840000e+02,-1.238394e+02,-1.347313e+08,0.000000e+00,0.000000e+00
1.794013e+01,1.540263e+10,7.317032e+10,3.028725e+04,4.285035e+04,-9.011890e+08,8.368966e+06,1.076193e-03,3.149692e+07,0.000000e+00,0.000000e+00,0.000000e+00,0.000000e+00,0.000000e+00,0.000000e+00,0.000000e+00,1.402780e+10,5.587935e-09,6.676972e-14,0.000000e+00,0.000000e+00,0.000000e+00,0.000000e+00,4.176005e+08,5.994776e+10,-6.568339e+08,3.600002e+06,1.385413e+07,0.000000e+00,-1.824537e+02,3.943288e+09,6.609017e+09,-1.111845e+08,8.978126e+05,7.515909e+07,4.840000e+02,-1.238394e+02,-1.347313e+08,0.000000e+00,0.000000e+00
1.796057e+01,1.540551e+10,7.316754e+10,3.035535e+04,4.532103e+04,-9.010920e+08,8.368966e+06,1.075686e-03,3.137274e+07,0.000000e+00,0.000000e+00,0.000000e+00,0.000000e+00,0.000000e+00,0.000000e+00,0.000000e+00,1.403074e+10,5.587935e-09,6.676972e-14,0.000000e+00,0.000000e+00,0.000000e+00,0.000000e+00,4.175244e+08,5.994786e+10,-6.568339e+08,3.600002e+06,1.385562e+07,0.000000e+00,-1.824537e+02,3.943679e+09,6.608734e+09,-1.111845e+08,8.978126e+05,7.517418e+07,4.840000e+02,-1.238394e+02,-1.347313e+08,0.000000e+00,0.000000e+00
1.798101e+01,1.540746e+10,7.316541e+10,3.049574e+04,4.789740e+04,-9.009951e+08,8.368966e+06,1.075177e-03,3.152663e+07,0.000000e+00,0.000000e+00,0.000000e+00,0.000000e+00,0.000000e+00,0.000000e+00,0.000000e+00,1.403363e+10,5.587935e-09,6.676972e-14,0.000000e+00,0.000000e+00,0.000000e+00,0.000000e+00,4.167419e+08,5.994861e+10,-6.568339e+08,3.600002e+06,1.385722e+07,0.000000e+00,-1.824537e+02,3.943855e+09,6.608480e+09,-1.111845e+08,8.978126e+05,7.518899e+07,4.840000e+02,-1.238394e+02,-1.347313e+08,0.000000e+00,0.000000e+00
