 I02E_FREE_RUPTURABLE_SHORT_H254_R3_0001.out
************************************************************************
**                                                                    **
**                                                                    **
**                         OpenRadioss Engine                         **
**                                                                    **
**            Non-linear Finite Element Analysis Software             **
**                                                                    **
**                                                                    **
**                                                                    **
**                  Windows 64 bits, Intel compiler                   **
**                      Double Precision Version                      **
**                                                                    **
**                                                                    **
**                                                                    **
************************************************************************
** OpenRadioss Software                                               **
** COPYRIGHT (C) 2026 Siemens                                         **
** Licensed under GNU Affero General Public License.                  **
** See License file.                                                  **
************************************************************************
 
 NUMBER OF SPMD DOMAINS           1
 NUMBER OF THREADS PER DOMAIN     1
 NUMBER OF HMPP PROCESSES         1
  
 COMPUTATION HARDWARE DESCRIPTION
  
 HOSTNAME     CPU TYPE, FREQUENCY AND MEMORY
 jeux   AMD Ryzen 5 5600 6-Core Processor               (x86_64), 3700 MHz,   7238 MB RAM,  18090 MB swap
  
 STACKSIZE  . . . . . . . . . . . . . . . . . . . . 1430 MB
 THREAD STACKSIZE . . . . . . . . . . . . . . . . . 400 MB
 
************************************************************************


 I02E_FREE_RUPTURABLE_SHORT_H254_R3D01                                           


 FINAL TIME . . . . . . . . . . . . . . . . . . .  0.1000000E-02

 TIME INTERVAL FOR TIME HISTORY PLOTS . . . . . .  0.1000000E-02

 TIME STEP SCALE FACTOR . . . . . . . . . . . . .  0.4000000    

 MINIMUM TIME STEP  . . . . . . . . . . . . . . .   0.000000    


 BRICK TIME STEP SCALE FACTOR . . . . . . . . . .  0.4000000    
 BRICK MINIMUM TIME STEP. . . . . . . . . . . . .   0.000000    
 MIN. TIME STEP FLAG (1:STOP RUN, 2:DELETE BRICK)     1

 QUAD TIME STEP SCALE FACTOR. . . . . . . . . . .  0.4000000    
 QUAD MINIMUM TIME STEP . . . . . . . . . . . . .   0.000000    
 MIN. TIME STEP FLAG (1:STOP RUN, 2:DELETE QUAD).     1

 SHELL TIME STEP SCALE FACTOR . . . . . . . . . .  0.4000000    
 SHELL MINIMUM TIME STEP. . . . . . . . . . . . .   0.000000    
 MIN. TIME FLAG (1:STOP, 2:DELETE, 3:SMALL STRAIN)    2

 TRUSS TIME STEP SCALE FACTOR . . . . . . . . . .  0.4000000    
 TRUSS MINIMUM TIME STEP. . . . . . . . . . . . .   0.000000    
 MIN. TIME FLAG (1:STOP, 2:DELETE). . . . . . . .     0

 BEAM TIME STEP SCALE FACTOR. . . . . . . . . . .  0.4000000    
 BEAM MINIMUM TIME STEP . . . . . . . . . . . . .   0.000000    
 MIN. TIME FLAG (1:STOP, 2:DELETE). . . . . . . .     0

 SPRING TIME STEP SCALE FACTOR. . . . . . . . . .  0.4000000    
 SPRING MINIMUM TIME STEP . . . . . . . . . . . .   0.000000    
 MIN. TIME FLAG (1:STOP, 2:DELETE). . . . . . . .     0

 AIRBAG TIME STEP SCALE FACTOR. . . . . . . . . .  0.4000000    
 AIRBAG MINIMUM TIME STEP . . . . . . . . . . . .   0.000000    
 MIN. TIME FLAG (1:STOP). . . . . . . . . . . . .     0

 CONTACT TIME STEP SCALE FACTOR . . . . . . . . .  0.4000000    
 CONTACT MINIMUM TIME STEP. . . . . . . . . . . .   0.000000    
 MIN. TIME FLAG(1:STOP, 2:REMOVE NODE FROM INTERF)    0

 PRINTOUT CYCLE FREQUENCY . . . . . . . . . . . .  -100

 RESTART CYCLE FREQUENCY. . . . . . . . . . . . .   10000000

 MAXIMUM RESTART WRITE BEFORE OVERWRITE . . . . .     0

 INVERS: INPUT DECK VERSION . . . . . . . . . . .  2026
 ITTYP : FLAG FOR TYPE OF T-FILE. . . . . . . . .     4

 INITIAL TIME STEP. . . . . . . . . . . . . . . .   0.000000    
 MAXIMUM TIME STEP. . . . . . . . . . . . . . . .  0.1000000E+21

 PARALLEL ARITHMETIC ON
 NUMBER OF INTERFACES TO BE ELIMINATED. . . . . .        0

 NUMBER OF PARTS TO BE ELIMINATED . . . . . . . .        0

 NUMBER OF SOLID  ELEMENT BLOCKS TO BE ELIMINATED        0

 NUMBER OF QUAD   ELEMENT BLOCKS TO BE ELIMINATED        0

 NUMBER OF SHELL  ELEMENT BLOCKS TO BE ELIMINATED        0

 NUMBER OF TRUSS  ELEMENT BLOCKS TO BE ELIMINATED        0

 NUMBER OF BEAM   ELEMENT BLOCKS TO BE ELIMINATED        0

 NUMBER OF SPRING ELEMENT BLOCKS TO BE ELIMINATED        0

 NUMBER OF SH_3N  ELEMENT BLOCKS TO BE ELIMINATED        0

 NUMBER OF  SPH PARTICLES BLOCKS TO BE ELIMINATED        0

 NUMBER OF RIGID LINKS. . . . . . . . . . . . . .        0

 NUMBER OF NEW BOUNDARY CONDITIONS. . . . . . . .        0


 TIME FOR FIRST ANIMATION-FILE PLOT . . . . . . .   0.000000    
 TIME INTERVAL FOR ANIMATION-FILE PLOTS . . . . .  0.1000000E-02
 TIME TO STOP ANIMATION-FILE PLOTS. . . . . . . .  0.1000000E+21
 SENSOR FOR ANIMATION-FILE PLOTS. . . . . . . . .          0
 TIME INTERVAL FOR SENSOR ANIMATION-FILE PLOTS. .   0.000000    

 VARIABLE SAVED ON ANIMATION FILES (1: YES) :
      PLASTIC STRAIN. . . . . .     0
      DENSITY     (SOLID ONLY).     0
      SPECIFIC ENERGY . . . . .     1
      HOURGLASS ENERGY. . . . .     0
      TEMPERATURE (SOLID ONLY).     0
      THICKNESS   (SHELL ONLY).     0
      PRESSURE    (SOLID ONLY).     0
      VON MISES . . . . . . . .     0
      TURBULENT ENERGY (FLUID).     0
      TURBULENT VISCOSITY(FLUID)    0
      VORTICITY (FLUID) . . . .     0
 NODAL VALUES SAVED ON ANIMATION FILES (1: YES) :
      PRESSURE. . . . . . . . .     0
      DENSITY . . . . . . . . .     0
      TEMPERATURE . . . . . . .     0
 VECTOR SAVED ON ANIMATION FILES (1: YES) :
      VELOCITY VECTOR . . . . .     1
      DISPLACEMENT VECTOR . . .     1
      ACCELERATION VECTOR . . .     0
      CONTACT FORCES. . . . . .     0
      INTERNAL FORCES . . . . .     0
      EXTERNAL FORCES . . . . .     0
      SECTION RBY RWALL FORCES.     0
      ROTATIONAL VELOCITY VECTOR    0
      CONTACT PRESSURE (VECTORS)    0
 SHELL TENSOR SAVED ON ANIMATION FILES (1: YES) :
      MEMBRANE STRESS . . . . .     0
      BENDING STRESS(MOMENT/T^2)    0
      UPPER LAYER STRESS. . . .     0
      LOWER LAYER STRESS. . . .     0
      MEMBRANE STRAIN . . . . .     0
      CURVATURE . . . . . . . .     0
      UPPER LAYER STRAIN. . . .     0
      LOWER LAYER STRAIN. . . .     0
 NODAL MASS SAVED ON ANIMATION FILES (1: YES) :    0
 KEEP DELETED ELEMENT (1: YES) :    0


 14/09/2026
   CYCLE    TIME      TIME-STEP  ELEMENT          ERROR  I-ENERGY    K-ENERGY T  K-ENERGY R  EXT-WORK     MAS.ERR     TOTAL MASS  MASS ADDED
       0   0.000      0.3367E-08 NODE        1818   0.0%   0.000      0.3882E+08   0.000       0.000       0.000      0.4706E+05   0.000    
     ANIMATION FILE: I02E_FREE_RUPTURABLE_SHORT_H254_R3A001 WRITTEN
     100  0.3367E-06  0.3367E-08 NODE        1819   0.0%  0.2454E-04  0.3882E+08  0.4473E-29   0.000       0.000      0.4706E+05   0.000    
     200  0.6735E-06  0.3367E-08 NODE        1819   0.0%  0.3401E-05  0.3882E+08  0.2030E-28   0.000       0.000      0.4706E+05   0.000    
     300  0.1010E-05  0.3367E-08 NODE        1819   0.0%  0.1821E-04  0.3882E+08  0.4946E-28   0.000       0.000      0.4706E+05   0.000    
     400  0.1347E-05  0.3367E-08 NODE        1824   0.0%  0.1178E-04  0.3882E+08  0.8783E-28   0.000       0.000      0.4706E+05   0.000    
     500  0.1684E-05  0.3367E-08 NODE        1819   0.0%  0.8939E-05  0.3882E+08  0.1333E-27   0.000       0.000      0.4706E+05   0.000    
     600  0.2020E-05  0.3367E-08 NODE        1818   0.0%  0.2066E-04  0.3882E+08  0.1932E-27   0.000       0.000      0.4706E+05   0.000    
     700  0.2357E-05  0.3367E-08 NODE        1818   0.0%  0.1684E-05  0.3882E+08  0.2733E-27   0.000       0.000      0.4706E+05   0.000    
     800  0.2694E-05  0.3367E-08 NODE        1818   0.0%  0.2529E-04  0.3882E+08  0.3669E-27   0.000       0.000      0.4706E+05   0.000    
     900  0.3031E-05  0.3367E-08 NODE        1818   0.0%  0.3299E-06  0.3882E+08  0.4648E-27   0.000       0.000      0.4706E+05   0.000    
    1000  0.3367E-05  0.3367E-08 NODE        1824   0.0%  0.2318E-04  0.3882E+08  0.5744E-27   0.000       0.000      0.4706E+05   0.000    
    1100  0.3704E-05  0.3367E-08 NODE        1819   0.0%  0.5602E-05  0.3882E+08  0.7110E-27   0.000       0.000      0.4706E+05   0.000    
    1200  0.4041E-05  0.3367E-08 NODE        1824   0.0%  0.1548E-04  0.3882E+08  0.8732E-27   0.000       0.000      0.4706E+05   0.000    
    1300  0.4378E-05  0.3367E-08 NODE        1819   0.0%  0.1468E-04  0.3882E+08  0.1044E-26   0.000       0.000      0.4706E+05   0.000    
    1400  0.4714E-05  0.3367E-08 NODE        1818   0.0%  0.6289E-05  0.3882E+08  0.1219E-26   0.000       0.000      0.4706E+05   0.000    
    1500  0.5051E-05  0.3367E-08 NODE        1818   0.0%  0.2270E-04  0.3882E+08  0.1421E-26   0.000       0.000      0.4706E+05   0.000    
    1600  0.5388E-05  0.3367E-08 NODE        1818   0.0%  0.5389E-06  0.3882E+08  0.1663E-26   0.000       0.000      0.4706E+05   0.000    
    1700  0.5725E-05  0.3367E-08 NODE        1818   0.0%  0.2538E-04  0.3882E+08  0.1929E-26   0.000       0.000      0.4706E+05   0.000    
    1800  0.6061E-05  0.3367E-08 NODE        1818   0.0%  0.1303E-05  0.3882E+08  0.2197E-26   0.000       0.000      0.4706E+05   0.000    
    1900  0.6398E-05  0.3367E-08 NODE        1819   0.0%  0.2128E-04  0.3882E+08  0.2483E-26   0.000       0.000      0.4706E+05   0.000    
    2000  0.6735E-05  0.3367E-08 NODE        1818   0.0%  0.8171E-05  0.3882E+08  0.2817E-26   0.000       0.000      0.4706E+05   0.000    
    2100  0.7072E-05  0.3367E-08 NODE        1818   0.0%  0.1260E-04  0.3882E+08  0.3198E-26   0.000       0.000      0.4706E+05   0.000    
    2200  0.7408E-05  0.3367E-08 NODE        1819   0.0%  0.1747E-04  0.3882E+08  0.3593E-26   0.000       0.000      0.4706E+05   0.000    
    2300  0.7745E-05  0.3367E-08 NODE        1818   0.0%  0.3973E-05  0.3882E+08  0.3995E-26   0.000       0.000      0.4706E+05   0.000    
    2400  0.8082E-05  0.3367E-08 NODE        1818   0.0%  0.2422E-04  0.3882E+08  0.4439E-26   0.000       0.000      0.4706E+05   0.000    
    2500  0.8418E-05  0.3367E-08 NODE        1818  -0.0%  0.2594E-07  0.3882E+08  0.4951E-26   0.000       0.000      0.4706E+05   0.000    
    2600  0.8755E-05  0.3367E-08 NODE        1819   0.0%  0.2482E-04  0.3882E+08  0.5505E-26   0.000       0.000      0.4706E+05   0.000    
    2700  0.9092E-05  0.3367E-08 NODE        1818   0.0%  0.2867E-05  0.3882E+08  0.6065E-26   0.000       0.000      0.4706E+05   0.000    
    2800  0.9429E-05  0.3367E-08 NODE        1818   0.0%  0.1893E-04  0.3882E+08  0.6653E-26   0.000       0.000      0.4706E+05   0.000    
    2900  0.9765E-05  0.3367E-08 NODE        1819   0.0%  0.1098E-04  0.3882E+08  0.7315E-26   0.000       0.000      0.4706E+05   0.000    
    3000  0.1010E-04  0.3367E-08 NODE        1818   0.0%  0.9722E-05  0.3882E+08  0.8052E-26   0.000       0.000      0.4706E+05   0.000    
    3100  0.1044E-04  0.3367E-08 NODE        1819   0.0%  0.2001E-04  0.3882E+08  0.8818E-26   0.000       0.000      0.4706E+05   0.000    
    3200  0.1078E-04  0.3367E-08 NODE        1818   0.0%  0.2110E-05  0.3882E+08  0.9597E-26   0.000       0.000      0.4706E+05   0.000    
    3300  0.1111E-04  0.3367E-08 NODE        1819   0.0%  0.2514E-04  0.3882E+08  0.1044E-25   0.000       0.000      0.4706E+05   0.000    
    3400  0.1145E-04  0.3367E-08 NODE        1818  -0.0%  0.1714E-06  0.3882E+08  0.1138E-25   0.000       0.000      0.4706E+05   0.000    
    3500  0.1179E-04  0.3367E-08 NODE        1819   0.0%  0.2362E-04  0.3882E+08  0.1239E-25   0.000       0.000      0.4706E+05   0.000    
    3600  0.1212E-04  0.3367E-08 NODE        1818   0.0%  0.4943E-05  0.3882E+08  0.1342E-25   0.000       0.000      0.4706E+05   0.000    
    3700  0.1246E-04  0.3367E-08 NODE        1818   0.0%  0.1626E-04  0.3882E+08  0.1449E-25   0.000       0.000      0.4706E+05   0.000    
    3800  0.1280E-04  0.3367E-08 NODE        1819   0.0%  0.1387E-04  0.3882E+08  0.1566E-25   0.000       0.000      0.4706E+05   0.000    
    3900  0.1313E-04  0.3367E-08 NODE        1824   0.0%  0.7003E-05  0.3882E+08  0.1695E-25   0.000       0.000      0.4706E+05   0.000    
    4000  0.1347E-04  0.3367E-08 NODE        1818   0.0%  0.2218E-04  0.3882E+08  0.1828E-25   0.000       0.000      0.4706E+05   0.000    
    4100  0.1381E-04  0.3367E-08 NODE        1824  -0.0%  0.7976E-06  0.3882E+08  0.1964E-25   0.000       0.000      0.4706E+05   0.000    
    4200  0.1414E-04  0.3367E-08 NODE        1818   0.0%  0.2542E-04  0.3882E+08  0.2109E-25   0.000       0.000      0.4706E+05   0.000    
    4300  0.1448E-04  0.3367E-08 NODE        1818   0.0%  0.9679E-06  0.3882E+08  0.2267E-25   0.000       0.000      0.4706E+05   0.000    
    4400  0.1482E-04  0.3367E-08 NODE        1818   0.0%  0.2186E-04  0.3882E+08  0.2437E-25   0.000       0.000      0.4706E+05   0.000    
    4500  0.1515E-04  0.3367E-08 NODE        1818   0.0%  0.7422E-05  0.3882E+08  0.2609E-25   0.000       0.000      0.4706E+05   0.000    
    4600  0.1549E-04  0.3367E-08 NODE        1819   0.0%  0.1341E-04  0.3882E+08  0.2787E-25   0.000       0.000      0.4706E+05   0.000    
    4700  0.1583E-04  0.3367E-08 NODE        1824   0.0%  0.1671E-04  0.3882E+08  0.2980E-25   0.000       0.000      0.4706E+05   0.000    
    4800  0.1616E-04  0.3367E-08 NODE        1818   0.0%  0.4580E-05  0.3882E+08  0.3187E-25   0.000       0.000      0.4706E+05   0.000    
    4900  0.1650E-04  0.3367E-08 NODE        1818   0.0%  0.2385E-04  0.3882E+08  0.3403E-25   0.000       0.000      0.4706E+05   0.000    
    5000  0.1684E-04  0.3367E-08 NODE        1819   0.0%  0.1037E-06  0.3882E+08  0.3624E-25   0.000       0.000      0.4706E+05   0.000    
    5100  0.1717E-04  0.3367E-08 NODE        1824   0.0%  0.2504E-04  0.3882E+08  0.3855E-25   0.000       0.000      0.4706E+05   0.000    
    5200  0.1751E-04  0.3367E-08 NODE        1819   0.0%  0.2374E-05  0.3882E+08  0.4104E-25   0.000       0.000      0.4706E+05   0.000    
    5300  0.1785E-04  0.3367E-08 NODE        1818   0.0%  0.1963E-04  0.3882E+08  0.4369E-25   0.000       0.000      0.4706E+05   0.000    
    5400  0.1818E-04  0.3367E-08 NODE        1820   0.0%  0.1018E-04  0.3882E+08  0.4640E-25   0.000       0.000      0.4706E+05   0.000    
    5500  0.1852E-04  0.3367E-08 NODE        1820   0.0%  0.1052E-04  0.3882E+08  0.4918E-25   0.000       0.000      0.4706E+05   0.000    
    5600  0.1886E-04  0.3367E-08 NODE        1818   0.0%  0.1934E-04  0.3882E+08  0.5214E-25   0.000       0.000      0.4706E+05   0.000    
    5700  0.1919E-04  0.3367E-08 NODE        1818   0.0%  0.2579E-05  0.3882E+08  0.5531E-25   0.000       0.000      0.4706E+05   0.000    
    5800  0.1953E-04  0.3367E-08 NODE        1818   0.0%  0.2495E-04  0.3882E+08  0.5860E-25   0.000       0.000      0.4706E+05   0.000    
    5900  0.1987E-04  0.3367E-08 NODE        1818  -0.0%  0.6417E-07  0.3882E+08  0.6195E-25   0.000       0.000      0.4706E+05   0.000    
    6000  0.2020E-04  0.3367E-08 NODE        1819   0.0%  0.2402E-04  0.3882E+08  0.6545E-25   0.000       0.000      0.4706E+05   0.000    
    6100  0.2054E-04  0.3367E-08 NODE        1818   0.0%  0.4317E-05  0.3882E+08  0.6917E-25   0.000       0.000      0.4706E+05   0.000    
    6200  0.2088E-04  0.3367E-08 NODE        1818   0.0%  0.1703E-04  0.3882E+08  0.7311E-25   0.000       0.000      0.4706E+05   0.000    
    6300  0.2121E-04  0.3367E-08 NODE        1820   0.0%  0.1306E-04  0.3882E+08  0.7713E-25   0.000       0.000      0.4706E+05   0.000    
    6400  0.2155E-04  0.3367E-08 NODE        1819   0.0%  0.7740E-05  0.3882E+08  0.8126E-25   0.000       0.000      0.4706E+05   0.000    
    6500  0.2189E-04  0.3367E-08 NODE        1819   0.0%  0.2162E-04  0.3882E+08  0.8560E-25   0.000       0.000      0.4706E+05   0.000    
    6600  0.2222E-04  0.3367E-08 NODE        1819  -0.0%  0.1105E-05  0.3882E+08  0.9021E-25   0.000       0.000      0.4706E+05   0.000    
    6700  0.2256E-04  0.3367E-08 NODE        1818   0.0%  0.2541E-04  0.3882E+08  0.9499E-25   0.000       0.000      0.4706E+05   0.000    
    6800  0.2290E-04  0.3367E-08 NODE        1819  -0.0%  0.6812E-06  0.3882E+08  0.9987E-25   0.000       0.000      0.4706E+05   0.000    
    6900  0.2323E-04  0.3367E-08 NODE        1819   0.0%  0.2241E-04  0.3882E+08  0.1049E-24   0.000       0.000      0.4706E+05   0.000    
    7000  0.2357E-04  0.3367E-08 NODE        1818   0.0%  0.6695E-05  0.3882E+08  0.1102E-24   0.000       0.000      0.4706E+05   0.000    
    7100  0.2391E-04  0.3367E-08 NODE        1818   0.0%  0.1422E-04  0.3882E+08  0.1158E-24   0.000       0.000      0.4706E+05   0.000    
    7200  0.2425E-04  0.3367E-08 NODE        1819   0.0%  0.1593E-04  0.3882E+08  0.1216E-24   0.000       0.000      0.4706E+05   0.000    
    7300  0.2458E-04  0.3367E-08 NODE        1818   0.0%  0.5221E-05  0.3882E+08  0.1274E-24   0.000       0.000      0.4706E+05   0.000    
    7400  0.2492E-04  0.3367E-08 NODE        1819   0.0%  0.2344E-04  0.3882E+08  0.1336E-24   0.000       0.000      0.4706E+05   0.000    
    7500  0.2526E-04  0.3367E-08 NODE        1820  -0.0%  0.2329E-06  0.3882E+08  0.1400E-24   0.000       0.000      0.4706E+05   0.000    
    7600  0.2559E-04  0.3367E-08 NODE        1819   0.0%  0.2521E-04  0.3882E+08  0.1467E-24   0.000       0.000      0.4706E+05   0.000    
    7700  0.2593E-04  0.3367E-08 NODE        1820  -0.0%  0.1923E-05  0.3882E+08  0.1535E-24   0.000       0.000      0.4706E+05   0.000    
    7800  0.2627E-04  0.3367E-08 NODE        1818   0.0%  0.2030E-04  0.3882E+08  0.1605E-24   0.000       0.000      0.4706E+05   0.000    
    7900  0.2660E-04  0.3367E-08 NODE        1819   0.0%  0.9386E-05  0.3882E+08  0.1679E-24   0.000       0.000      0.4706E+05   0.000    
    8000  0.2694E-04  0.3367E-08 NODE        1824   0.0%  0.1132E-04  0.3882E+08  0.1756E-24   0.000       0.000      0.4706E+05   0.000    
    8100  0.2728E-04  0.3367E-08 NODE        1818   0.0%  0.1863E-04  0.3882E+08  0.1835E-24   0.000       0.000      0.4706E+05   0.000    
    8200  0.2761E-04  0.3367E-08 NODE        1820  -0.0%  0.3090E-05  0.3882E+08  0.1915E-24   0.000       0.000      0.4706E+05   0.000    
    8300  0.2795E-04  0.3367E-08 NODE        1820   0.0%  0.2471E-04  0.3882E+08  0.1999E-24   0.000       0.000      0.4706E+05   0.000    
    8400  0.2829E-04  0.3367E-08 NODE        1819  -0.0%  0.8524E-08  0.3882E+08  0.2086E-24   0.000       0.000      0.4706E+05   0.000    
    8500  0.2862E-04  0.3367E-08 NODE        1820   0.0%  0.2437E-04  0.3882E+08  0.2177E-24   0.000       0.000      0.4706E+05   0.000    
    8600  0.2896E-04  0.3367E-08 NODE        1820   0.0%  0.3724E-05  0.3882E+08  0.2269E-24   0.000       0.000      0.4706E+05   0.000    
    8700  0.2930E-04  0.3367E-08 NODE        1818   0.0%  0.1779E-04  0.3882E+08  0.2364E-24   0.000       0.000      0.4706E+05   0.000    
    8800  0.2963E-04  0.3367E-08 NODE        1819   0.0%  0.1225E-04  0.3882E+08  0.2463E-24   0.000       0.000      0.4706E+05   0.000    
    8900  0.2997E-04  0.3367E-08 NODE        1820   0.0%  0.8497E-05  0.3882E+08  0.2566E-24   0.000       0.000      0.4706E+05   0.000    
    9000  0.3031E-04  0.3367E-08 NODE        1820   0.0%  0.2102E-04  0.3882E+08  0.2671E-24   0.000       0.000      0.4706E+05   0.000    
    9100  0.3064E-04  0.3367E-08 NODE        1819  -0.0%  0.1460E-05  0.3882E+08  0.2778E-24   0.000       0.000      0.4706E+05   0.000    
    9200  0.3098E-04  0.3367E-08 NODE        1818   0.0%  0.2535E-04  0.3882E+08  0.2889E-24   0.000       0.000      0.4706E+05   0.000    
    9300  0.3132E-04  0.3367E-08 NODE        1819  -0.0%  0.4436E-06  0.3882E+08  0.3005E-24   0.000       0.000      0.4706E+05   0.000    
    9400  0.3165E-04  0.3367E-08 NODE        1819   0.0%  0.2291E-04  0.3882E+08  0.3124E-24   0.000       0.000      0.4706E+05   0.000    
    9500  0.3199E-04  0.3367E-08 NODE        1819   0.0%  0.5992E-05  0.3882E+08  0.3246E-24   0.000       0.000      0.4706E+05   0.000    
    9600  0.3233E-04  0.3367E-08 NODE        1824   0.0%  0.1502E-04  0.3882E+08  0.3371E-24   0.000       0.000      0.4706E+05   0.000    
    9700  0.3266E-04  0.3367E-08 NODE        1819   0.0%  0.1514E-04  0.3882E+08  0.3500E-24   0.000       0.000      0.4706E+05   0.000    
    9800  0.3300E-04  0.3367E-08 NODE        1818   0.0%  0.5892E-05  0.3882E+08  0.3634E-24   0.000       0.000      0.4706E+05   0.000    
    9900  0.3334E-04  0.3367E-08 NODE        1818   0.0%  0.2298E-04  0.3882E+08  0.3772E-24   0.000       0.000      0.4706E+05   0.000    
   CYCLE    TIME      TIME-STEP  ELEMENT          ERROR  I-ENERGY    K-ENERGY T  K-ENERGY R  EXT-WORK     MAS.ERR     TOTAL MASS  MASS ADDED
   10000  0.3367E-04  0.3367E-08 NODE        1818  -0.0%  0.4130E-06  0.3882E+08  0.3911E-24   0.000       0.000      0.4706E+05   0.000    
   10100  0.3401E-04  0.3367E-08 NODE        1818   0.0%  0.2533E-04  0.3882E+08  0.4055E-24   0.000       0.000      0.4706E+05   0.000    
   10200  0.3435E-04  0.3367E-08 NODE        1818  -0.0%  0.1515E-05  0.3882E+08  0.4205E-24   0.000       0.000      0.4706E+05   0.000    
   10300  0.3468E-04  0.3367E-08 NODE        1818   0.0%  0.2093E-04  0.3882E+08  0.4359E-24   0.000       0.000      0.4706E+05   0.000    
   10400  0.3502E-04  0.3367E-08 NODE        1819   0.0%  0.8609E-05  0.3882E+08  0.4516E-24   0.000       0.000      0.4706E+05   0.000    
   10500  0.3536E-04  0.3367E-08 NODE        1819   0.0%  0.1213E-04  0.3882E+08  0.4676E-24   0.000       0.000      0.4706E+05   0.000    
   10600  0.3569E-04  0.3367E-08 NODE        1820   0.0%  0.1790E-04  0.3882E+08  0.4841E-24   0.000       0.000      0.4706E+05   0.000    
   10700  0.3603E-04  0.3367E-08 NODE        1820  -0.0%  0.3641E-05  0.3882E+08  0.5013E-24   0.000       0.000      0.4706E+05   0.000    
   10800  0.3637E-04  0.3367E-08 NODE        1818   0.0%  0.2441E-04  0.3882E+08  0.5188E-24   0.000       0.000      0.4706E+05   0.000    
   10900  0.3670E-04  0.3367E-08 NODE        1818  -0.0%  0.4729E-08  0.3882E+08  0.5367E-24   0.000       0.000      0.4706E+05   0.000    
   11000  0.3704E-04  0.3367E-08 NODE        1820   0.0%  0.2467E-04  0.3882E+08  0.5550E-24   0.000       0.000      0.4706E+05   0.000    
   11100  0.3738E-04  0.3367E-08 NODE        1818  -0.0%  0.3168E-05  0.3882E+08  0.5739E-24   0.000       0.000      0.4706E+05   0.000    
   11200  0.3771E-04  0.3367E-08 NODE        1819   0.0%  0.1852E-04  0.3882E+08  0.5934E-24   0.000       0.000      0.4706E+05   0.000    
   11300  0.3805E-04  0.3367E-08 NODE        1819   0.0%  0.1144E-04  0.3882E+08  0.6133E-24   0.000       0.000      0.4706E+05   0.000    
   11400  0.3839E-04  0.3367E-08 NODE        1818   0.0%  0.9271E-05  0.3882E+08  0.6335E-24   0.000       0.000      0.4706E+05   0.000    
   11500  0.3872E-04  0.3367E-08 NODE        1819   0.0%  0.2039E-04  0.3882E+08  0.6543E-24   0.000       0.000      0.4706E+05   0.000    
   11600  0.3906E-04  0.3367E-08 NODE        1819  -0.0%  0.1860E-05  0.3882E+08  0.6758E-24   0.000       0.000      0.4706E+05   0.000    
   11700  0.3940E-04  0.3367E-08 NODE        1818   0.0%  0.2523E-04  0.3882E+08  0.6979E-24   0.000       0.000      0.4706E+05   0.000    
   11800  0.3974E-04  0.3367E-08 NODE        1819  -0.0%  0.2560E-06  0.3882E+08  0.7202E-24   0.000       0.000      0.4706E+05   0.000    
   11900  0.4007E-04  0.3367E-08 NODE        1819   0.0%  0.2338E-04  0.3882E+08  0.7431E-24   0.000       0.000      0.4706E+05   0.000    
   12000  0.4041E-04  0.3367E-08 NODE        1818   0.0%  0.5317E-05  0.3882E+08  0.7667E-24   0.000       0.000      0.4706E+05   0.000    
   12100  0.4075E-04  0.3367E-08 NODE        1819   0.0%  0.1581E-04  0.3882E+08  0.7910E-24   0.000       0.000      0.4706E+05   0.000    
   12200  0.4108E-04  0.3367E-08 NODE        1818   0.0%  0.1433E-04  0.3882E+08  0.8157E-24   0.000       0.000      0.4706E+05   0.000    
   12300  0.4142E-04  0.3367E-08 NODE        1818   0.0%  0.6591E-05  0.3882E+08  0.8408E-24   0.000       0.000      0.4706E+05   0.000    
   12400  0.4176E-04  0.3367E-08 NODE        1819   0.0%  0.2248E-04  0.3882E+08  0.8666E-24   0.000       0.000      0.4706E+05   0.000    
   12500  0.4209E-04  0.3367E-08 NODE        1819  -0.0%  0.6433E-06  0.3882E+08  0.8932E-24   0.000       0.000      0.4706E+05   0.000    
   12600  0.4243E-04  0.3367E-08 NODE        1818   0.0%  0.2541E-04  0.3882E+08  0.9204E-24   0.000       0.000      0.4706E+05   0.000    
   12700  0.4277E-04  0.3367E-08 NODE        1819  -0.0%  0.1154E-05  0.3882E+08  0.9480E-24   0.000       0.000      0.4706E+05   0.000    
   12800  0.4310E-04  0.3367E-08 NODE        1818   0.0%  0.2153E-04  0.3882E+08  0.9761E-24   0.000       0.000      0.4706E+05   0.000    
   12900  0.4344E-04  0.3367E-08 NODE        1818  -0.0%  0.7849E-05  0.3882E+08  0.1005E-23   0.000       0.000      0.4706E+05   0.000    
   13000  0.4378E-04  0.3367E-08 NODE        1818   0.0%  0.1294E-04  0.3882E+08  0.1035E-23   0.000       0.000      0.4706E+05   0.000    
   13100  0.4411E-04  0.3367E-08 NODE        1819   0.0%  0.1715E-04  0.3882E+08  0.1065E-23   0.000       0.000      0.4706E+05   0.000    
   13200  0.4445E-04  0.3367E-08 NODE        1818  -0.0%  0.4228E-05  0.3882E+08  0.1096E-23   0.000       0.000      0.4706E+05   0.000    
   13300  0.4479E-04  0.3367E-08 NODE        1818   0.0%  0.2407E-04  0.3882E+08  0.1127E-23   0.000       0.000      0.4706E+05   0.000    
   13400  0.4512E-04  0.3367E-08 NODE        1818  -0.0%  0.5280E-07  0.3882E+08  0.1160E-23   0.000       0.000      0.4706E+05   0.000    
   13500  0.4546E-04  0.3367E-08 NODE        1818   0.0%  0.2492E-04  0.3882E+08  0.1193E-23   0.000       0.000      0.4706E+05   0.000    
   13600  0.4580E-04  0.3367E-08 NODE        1818  -0.0%  0.2652E-05  0.3882E+08  0.1227E-23   0.000       0.000      0.4706E+05   0.000    
   13700  0.4613E-04  0.3367E-08 NODE        1822   0.0%  0.1923E-04  0.3882E+08  0.1261E-23   0.000       0.000      0.4706E+05   0.000    
   13800  0.4647E-04  0.3367E-08 NODE        1819   0.0%  0.1063E-04  0.3882E+08  0.1296E-23   0.000       0.000      0.4706E+05   0.000    
   13900  0.4681E-04  0.3367E-08 NODE        1819   0.0%  0.1006E-04  0.3882E+08  0.1332E-23   0.000       0.000      0.4706E+05   0.000    
   14000  0.4714E-04  0.3367E-08 NODE        1819   0.0%  0.1973E-04  0.3882E+08  0.1369E-23   0.000       0.000      0.4706E+05   0.000    
   14100  0.4748E-04  0.3367E-08 NODE        1819  -0.0%  0.2305E-05  0.3882E+08  0.1406E-23   0.000       0.000      0.4706E+05   0.000    
   14200  0.4782E-04  0.3367E-08 NODE        1819   0.0%  0.2507E-04  0.3882E+08  0.1444E-23   0.000       0.000      0.4706E+05   0.000    
   14300  0.4815E-04  0.3367E-08 NODE        1818  -0.0%  0.1194E-06  0.3882E+08  0.1483E-23   0.000       0.000      0.4706E+05   0.000    
   14400  0.4849E-04  0.3367E-08 NODE        1818   0.0%  0.2380E-04  0.3882E+08  0.1523E-23   0.000       0.000      0.4706E+05   0.000    
   14500  0.4883E-04  0.3367E-08 NODE        1819  -0.0%  0.4672E-05  0.3882E+08  0.1563E-23   0.000       0.000      0.4706E+05   0.000    
   14600  0.4916E-04  0.3367E-08 NODE        1818   0.0%  0.1659E-04  0.3882E+08  0.1605E-23   0.000       0.000      0.4706E+05   0.000    
   14700  0.4950E-04  0.3367E-08 NODE        1818   0.0%  0.1353E-04  0.3882E+08  0.1647E-23   0.000       0.000      0.4706E+05   0.000    
   14800  0.4984E-04  0.3367E-08 NODE        1819   0.0%  0.7314E-05  0.3882E+08  0.1690E-23   0.000       0.000      0.4706E+05   0.000    
   14900  0.5017E-04  0.3367E-08 NODE        1819   0.0%  0.2195E-04  0.3882E+08  0.1734E-23   0.000       0.000      0.4706E+05   0.000    
   15000  0.5051E-04  0.3367E-08 NODE        1818  -0.0%  0.9229E-06  0.3882E+08  0.1778E-23   0.000       0.000      0.4706E+05   0.000    
   15100  0.5085E-04  0.3367E-08 NODE        1819   0.0%  0.2542E-04  0.3882E+08  0.1824E-23   0.000       0.000      0.4706E+05   0.000    
   15200  0.5118E-04  0.3367E-08 NODE        1824  -0.0%  0.8396E-06  0.3882E+08  0.1870E-23   0.000       0.000      0.4706E+05   0.000    
   15300  0.5152E-04  0.3367E-08 NODE        1818   0.0%  0.2210E-04  0.3882E+08  0.1918E-23   0.000       0.000      0.4706E+05   0.000    
   15400  0.5186E-04  0.3367E-08 NODE        1818  -0.0%  0.7109E-05  0.3882E+08  0.1966E-23   0.000       0.000      0.4706E+05   0.000    
   15500  0.5219E-04  0.3367E-08 NODE        1818   0.0%  0.1375E-04  0.3882E+08  0.2015E-23   0.000       0.000      0.4706E+05   0.000    
   15600  0.5253E-04  0.3367E-08 NODE        1818   0.0%  0.1638E-04  0.3882E+08  0.2065E-23   0.000       0.000      0.4706E+05   0.000    
   15700  0.5287E-04  0.3367E-08 NODE        1818  -0.0%  0.4849E-05  0.3882E+08  0.2116E-23   0.000       0.000      0.4706E+05   0.000    
   15800  0.5320E-04  0.3367E-08 NODE        1818   0.0%  0.2368E-04  0.3882E+08  0.2168E-23   0.000       0.000      0.4706E+05   0.000    
   15900  0.5354E-04  0.3367E-08 NODE        1820  -0.0%  0.1525E-06  0.3882E+08  0.2221E-23   0.000       0.000      0.4706E+05   0.000    
   16000  0.5388E-04  0.3367E-08 NODE        1818   0.0%  0.2512E-04  0.3882E+08  0.2275E-23   0.000       0.000      0.4706E+05   0.000    
   16100  0.5421E-04  0.3367E-08 NODE        1819  -0.0%  0.2176E-05  0.3882E+08  0.2329E-23   0.000       0.000      0.4706E+05   0.000    
   16200  0.5455E-04  0.3367E-08 NODE        1820   0.0%  0.1992E-04  0.3882E+08  0.2386E-23   0.000       0.000      0.4706E+05   0.000    
   16300  0.5489E-04  0.3367E-08 NODE        1818   0.0%  0.9837E-05  0.3882E+08  0.2442E-23   0.000       0.000      0.4706E+05   0.000    
   16400  0.5523E-04  0.3367E-08 NODE        1818  -0.0%  0.1086E-04  0.3882E+08  0.2500E-23   0.000       0.000      0.4706E+05   0.000    
   16500  0.5556E-04  0.3367E-08 NODE        1818   0.0%  0.1904E-04  0.3882E+08  0.2559E-23   0.000       0.000      0.4706E+05   0.000    
   16600  0.5590E-04  0.3367E-08 NODE        1818  -0.0%  0.2793E-05  0.3882E+08  0.2619E-23   0.000       0.000      0.4706E+05   0.000    
   16700  0.5624E-04  0.3367E-08 NODE        1819   0.0%  0.2485E-04  0.3882E+08  0.2680E-23   0.000       0.000      0.4706E+05   0.000    
   16800  0.5657E-04  0.3367E-08 NODE        1819  -0.0%  0.3409E-07  0.3882E+08  0.2742E-23   0.000       0.000      0.4706E+05   0.000    
   16900  0.5691E-04  0.3367E-08 NODE        1819   0.0%  0.2417E-04  0.3882E+08  0.2805E-23   0.000       0.000      0.4706E+05   0.000    
   17000  0.5725E-04  0.3367E-08 NODE        1818  -0.0%  0.4059E-05  0.3882E+08  0.2869E-23   0.000       0.000      0.4706E+05   0.000    
   17100  0.5758E-04  0.3367E-08 NODE        1818   0.0%  0.1736E-04  0.3882E+08  0.2935E-23   0.000       0.000      0.4706E+05   0.000    
   17200  0.5792E-04  0.3367E-08 NODE        1819   0.0%  0.1271E-04  0.3882E+08  0.3001E-23   0.000       0.000      0.4706E+05   0.000    
   17300  0.5826E-04  0.3367E-08 NODE        1824  -0.0%  0.8060E-05  0.3882E+08  0.3069E-23   0.000       0.000      0.4706E+05   0.000    
   17400  0.5859E-04  0.3367E-08 NODE        1818   0.0%  0.2137E-04  0.3882E+08  0.3137E-23   0.000       0.000      0.4706E+05   0.000    
   17500  0.5893E-04  0.3367E-08 NODE        1819  -0.0%  0.1251E-05  0.3882E+08  0.3207E-23   0.000       0.000      0.4706E+05   0.000    
   17600  0.5927E-04  0.3367E-08 NODE        1820   0.0%  0.2539E-04  0.3882E+08  0.3279E-23   0.000       0.000      0.4706E+05   0.000    
   17700  0.5960E-04  0.3367E-08 NODE        1819  -0.0%  0.5737E-06  0.3882E+08  0.3351E-23   0.000       0.000      0.4706E+05   0.000    
   17800  0.5994E-04  0.3367E-08 NODE        1819   0.0%  0.2263E-04  0.3882E+08  0.3424E-23   0.000       0.000      0.4706E+05   0.000    
   17900  0.6028E-04  0.3367E-08 NODE        1820  -0.0%  0.6392E-05  0.3882E+08  0.3499E-23   0.000       0.000      0.4706E+05   0.000    
   18000  0.6061E-04  0.3367E-08 NODE        1820   0.0%  0.1456E-04  0.3882E+08  0.3575E-23   0.000       0.000      0.4706E+05   0.000    
   18100  0.6095E-04  0.3367E-08 NODE        1820   0.0%  0.1559E-04  0.3882E+08  0.3652E-23   0.000       0.000      0.4706E+05   0.000    
   18200  0.6129E-04  0.3367E-08 NODE        1818  -0.0%  0.5503E-05  0.3882E+08  0.3730E-23   0.000       0.000      0.4706E+05   0.000    
   18300  0.6162E-04  0.3367E-08 NODE        1818   0.0%  0.2325E-04  0.3882E+08  0.3810E-23   0.000       0.000      0.4706E+05   0.000    
   18400  0.6196E-04  0.3367E-08 NODE        1822  -0.0%  0.3036E-06  0.3882E+08  0.3891E-23   0.000       0.000      0.4706E+05   0.000    
   18500  0.6230E-04  0.3367E-08 NODE        1822   0.0%  0.2527E-04  0.3882E+08  0.3973E-23   0.000       0.000      0.4706E+05   0.000    
   18600  0.6263E-04  0.3367E-08 NODE        1818  -0.0%  0.1743E-05  0.3882E+08  0.4057E-23   0.000       0.000      0.4706E+05   0.000    
   18700  0.6297E-04  0.3367E-08 NODE        1822   0.0%  0.2057E-04  0.3882E+08  0.4141E-23   0.000       0.000      0.4706E+05   0.000    
   18800  0.6331E-04  0.3367E-08 NODE        1822  -0.0%  0.9052E-05  0.3882E+08  0.4227E-23   0.000       0.000      0.4706E+05   0.000    
   18900  0.6364E-04  0.3367E-08 NODE        1818   0.0%  0.1167E-04  0.3882E+08  0.4315E-23   0.000       0.000      0.4706E+05   0.000    
   19000  0.6398E-04  0.3367E-08 NODE        1818   0.0%  0.1832E-04  0.3882E+08  0.4404E-23   0.000       0.000      0.4706E+05   0.000    
   19100  0.6432E-04  0.3367E-08 NODE        1819  -0.0%  0.3321E-05  0.3882E+08  0.4494E-23   0.000       0.000      0.4706E+05   0.000    
   19200  0.6465E-04  0.3367E-08 NODE        1818   0.0%  0.2459E-04  0.3882E+08  0.4585E-23   0.000       0.000      0.4706E+05   0.000    
   19300  0.6499E-04  0.3367E-08 NODE        1818  -0.0%  0.5552E-09  0.3882E+08  0.4679E-23   0.000       0.000      0.4706E+05   0.000    
   19400  0.6533E-04  0.3367E-08 NODE        1818   0.0%  0.2450E-04  0.3882E+08  0.4773E-23   0.000       0.000      0.4706E+05   0.000    
   19500  0.6566E-04  0.3367E-08 NODE        1818  -0.0%  0.3482E-05  0.3882E+08  0.4869E-23   0.000       0.000      0.4706E+05   0.000    
   19600  0.6600E-04  0.3367E-08 NODE        1819   0.0%  0.1811E-04  0.3882E+08  0.4966E-23   0.000       0.000      0.4706E+05   0.000    
   19700  0.6634E-04  0.3367E-08 NODE        1819   0.0%  0.1190E-04  0.3882E+08  0.5065E-23   0.000       0.000      0.4706E+05   0.000    
   19800  0.6667E-04  0.3367E-08 NODE        1822  -0.0%  0.8825E-05  0.3882E+08  0.5165E-23   0.000       0.000      0.4706E+05   0.000    
   19900  0.6701E-04  0.3367E-08 NODE        1819   0.0%  0.2076E-04  0.3882E+08  0.5267E-23   0.000       0.000      0.4706E+05   0.000    
   CYCLE    TIME      TIME-STEP  ELEMENT          ERROR  I-ENERGY    K-ENERGY T  K-ENERGY R  EXT-WORK     MAS.ERR     TOTAL MASS  MASS ADDED
   20000  0.6735E-04  0.3367E-08 NODE        1822  -0.0%  0.1625E-05  0.3882E+08  0.5370E-23   0.000       0.000      0.4706E+05   0.000    
   20100  0.6768E-04  0.3367E-08 NODE        1819   0.0%  0.2531E-04  0.3882E+08  0.5475E-23   0.000       0.000      0.4706E+05   0.000    
   20200  0.6802E-04  0.3367E-08 NODE        1819  -0.0%  0.3573E-06  0.3882E+08  0.5581E-23   0.000       0.000      0.4706E+05   0.000    
   20300  0.6836E-04  0.3367E-08 NODE        1818   0.0%  0.2312E-04  0.3882E+08  0.5689E-23   0.000       0.000      0.4706E+05   0.000    
   20400  0.6869E-04  0.3367E-08 NODE        1819  -0.0%  0.5700E-05  0.3882E+08  0.5799E-23   0.000       0.000      0.4706E+05   0.000    
   20500  0.6903E-04  0.3367E-08 NODE        1819   0.0%  0.1536E-04  0.3882E+08  0.5909E-23   0.000       0.000      0.4706E+05   0.000    
   20600  0.6937E-04  0.3367E-08 NODE        1818   0.0%  0.1480E-04  0.3882E+08  0.6022E-23   0.000       0.000      0.4706E+05   0.000    
   20700  0.6970E-04  0.3367E-08 NODE        1818  -0.0%  0.6187E-05  0.3882E+08  0.6136E-23   0.000       0.000      0.4706E+05   0.000    
   20800  0.7004E-04  0.3367E-08 NODE        1819   0.0%  0.2278E-04  0.3882E+08  0.6252E-23   0.000       0.000      0.4706E+05   0.000    
   20900  0.7038E-04  0.3367E-08 NODE        1819  -0.0%  0.5052E-06  0.3882E+08  0.6369E-23   0.000       0.000      0.4706E+05   0.000    
   21000  0.7072E-04  0.3367E-08 NODE        1818   0.0%  0.2537E-04  0.3882E+08  0.6488E-23   0.000       0.000      0.4706E+05   0.000    
   21100  0.7105E-04  0.3367E-08 NODE        1819  -0.0%  0.1355E-05  0.3882E+08  0.6609E-23   0.000       0.000      0.4706E+05   0.000    
   21200  0.7139E-04  0.3367E-08 NODE        1818   0.0%  0.2119E-04  0.3882E+08  0.6732E-23   0.000       0.000      0.4706E+05   0.000    
   21300  0.7173E-04  0.3367E-08 NODE        1818  -0.0%  0.8282E-05  0.3882E+08  0.6856E-23   0.000       0.000      0.4706E+05   0.000    
   21400  0.7206E-04  0.3367E-08 NODE        1818  -0.0%  0.1248E-04  0.3882E+08  0.6982E-23   0.000       0.000      0.4706E+05   0.000    
   21500  0.7240E-04  0.3367E-08 NODE        1818   0.0%  0.1758E-04  0.3882E+08  0.7109E-23   0.000       0.000      0.4706E+05   0.000    
   21600  0.7274E-04  0.3367E-08 NODE        1819  -0.0%  0.3887E-05  0.3882E+08  0.7239E-23   0.000       0.000      0.4706E+05   0.000    
   21700  0.7307E-04  0.3367E-08 NODE        1819   0.0%  0.2427E-04  0.3882E+08  0.7370E-23   0.000       0.000      0.4706E+05   0.000    
   21800  0.7341E-04  0.3367E-08 NODE        1818  -0.0%  0.1891E-07  0.3882E+08  0.7503E-23   0.000       0.000      0.4706E+05   0.000    
   21900  0.7375E-04  0.3367E-08 NODE        1819   0.0%  0.2478E-04  0.3882E+08  0.7637E-23   0.000       0.000      0.4706E+05   0.000    
   22000  0.7408E-04  0.3367E-08 NODE        1818  -0.0%  0.2943E-05  0.3882E+08  0.7774E-23   0.000       0.000      0.4706E+05   0.000    
   22100  0.7442E-04  0.3367E-08 NODE        1818   0.0%  0.1883E-04  0.3882E+08  0.7913E-23   0.000       0.000      0.4706E+05   0.000    
   22200  0.7476E-04  0.3367E-08 NODE        1819  -0.0%  0.1109E-04  0.3882E+08  0.8053E-23   0.000       0.000      0.4706E+05   0.000    
   22300  0.7509E-04  0.3367E-08 NODE        1818  -0.0%  0.9606E-05  0.3882E+08  0.8195E-23   0.000       0.000      0.4706E+05   0.000    
   22400  0.7543E-04  0.3367E-08 NODE        1819   0.0%  0.2011E-04  0.3882E+08  0.8338E-23   0.000       0.000      0.4706E+05   0.000    
   22500  0.7577E-04  0.3367E-08 NODE        1819  -0.0%  0.2045E-05  0.3882E+08  0.8485E-23   0.000       0.000      0.4706E+05   0.000    
   22600  0.7610E-04  0.3367E-08 NODE        1818   0.0%  0.2517E-04  0.3882E+08  0.8633E-23   0.000       0.000      0.4706E+05   0.000    
   22700  0.7644E-04  0.3367E-08 NODE        1818  -0.0%  0.1914E-06  0.3882E+08  0.8782E-23   0.000       0.000      0.4706E+05   0.000    
   22800  0.7678E-04  0.3367E-08 NODE        1818   0.0%  0.2356E-04  0.3882E+08  0.8933E-23   0.000       0.000      0.4706E+05   0.000    
   22900  0.7711E-04  0.3367E-08 NODE        1818  -0.0%  0.5038E-05  0.3882E+08  0.9087E-23   0.000       0.000      0.4706E+05   0.000    
   23000  0.7745E-04  0.3367E-08 NODE        1819  -0.0%  0.1615E-04  0.3882E+08  0.9243E-23   0.000       0.000      0.4706E+05   0.000    
   23100  0.7779E-04  0.3367E-08 NODE        1818  -0.0%  0.1399E-04  0.3882E+08  0.9401E-23   0.000       0.000      0.4706E+05   0.000    
   23200  0.7812E-04  0.3367E-08 NODE        1818  -0.0%  0.6897E-05  0.3882E+08  0.9560E-23   0.000       0.000      0.4706E+05   0.000    
   23300  0.7846E-04  0.3367E-08 NODE        1820   0.0%  0.2226E-04  0.3882E+08  0.9721E-23   0.000       0.000      0.4706E+05   0.000    
   23400  0.7880E-04  0.3367E-08 NODE        1819  -0.0%  0.7567E-06  0.3882E+08  0.9885E-23   0.000       0.000      0.4706E+05   0.000    
   23500  0.7913E-04  0.3367E-08 NODE        1818   0.0%  0.2542E-04  0.3882E+08  0.1005E-22   0.000       0.000      0.4706E+05   0.000    
   23600  0.7947E-04  0.3367E-08 NODE        1818  -0.0%  0.1014E-05  0.3882E+08  0.1022E-22   0.000       0.000      0.4706E+05   0.000    
   23700  0.7981E-04  0.3367E-08 NODE        1819   0.0%  0.2178E-04  0.3882E+08  0.1039E-22   0.000       0.000      0.4706E+05   0.000    
   23800  0.8014E-04  0.3367E-08 NODE        1818  -0.0%  0.7531E-05  0.3882E+08  0.1056E-22   0.000       0.000      0.4706E+05   0.000    
   23900  0.8048E-04  0.3367E-08 NODE        1819  -0.0%  0.1329E-04  0.3882E+08  0.1074E-22   0.000       0.000      0.4706E+05   0.000    
   24000  0.8082E-04  0.3367E-08 NODE        1820   0.0%  0.1682E-04  0.3882E+08  0.1091E-22   0.000       0.000      0.4706E+05   0.000    
   24100  0.8115E-04  0.3367E-08 NODE        1819  -0.0%  0.4489E-05  0.3882E+08  0.1109E-22   0.000       0.000      0.4706E+05   0.000    
   24200  0.8149E-04  0.3367E-08 NODE        1818   0.0%  0.2391E-04  0.3882E+08  0.1127E-22   0.000       0.000      0.4706E+05   0.000    
   24300  0.8183E-04  0.3367E-08 NODE        1818  -0.0%  0.8908E-07  0.3882E+08  0.1145E-22   0.000       0.000      0.4706E+05   0.000    
   24400  0.8216E-04  0.3367E-08 NODE        1819   0.0%  0.2501E-04  0.3882E+08  0.1164E-22   0.000       0.000      0.4706E+05   0.000    
   24500  0.8250E-04  0.3367E-08 NODE        1819  -0.0%  0.2443E-05  0.3882E+08  0.1183E-22   0.000       0.000      0.4706E+05   0.000    
   24600  0.8284E-04  0.3367E-08 NODE        1818   0.0%  0.1953E-04  0.3882E+08  0.1202E-22   0.000       0.000      0.4706E+05   0.000    
   24700  0.8317E-04  0.3367E-08 NODE        1819  -0.0%  0.1029E-04  0.3882E+08  0.1221E-22   0.000       0.000      0.4706E+05   0.000    
   24800  0.8351E-04  0.3367E-08 NODE        1818  -0.0%  0.1040E-04  0.3882E+08  0.1240E-22   0.000       0.000      0.4706E+05   0.000    
   24900  0.8385E-04  0.3367E-08 NODE        1819   0.0%  0.1944E-04  0.3882E+08  0.1260E-22   0.000       0.000      0.4706E+05   0.000    
   25000  0.8418E-04  0.3367E-08 NODE        1819  -0.0%  0.2508E-05  0.3882E+08  0.1280E-22   0.000       0.000      0.4706E+05   0.000    
   25100  0.8452E-04  0.3367E-08 NODE        1824   0.0%  0.2498E-04  0.3882E+08  0.1300E-22   0.000       0.000      0.4706E+05   0.000    
   25200  0.8486E-04  0.3367E-08 NODE        1819  -0.0%  0.7665E-07  0.3882E+08  0.1320E-22   0.000       0.000      0.4706E+05   0.000    
   25300  0.8519E-04  0.3367E-08 NODE        1824   0.0%  0.2396E-04  0.3882E+08  0.1341E-22   0.000       0.000      0.4706E+05   0.000    
   25400  0.8553E-04  0.3367E-08 NODE        1819  -0.0%  0.4406E-05  0.3882E+08  0.1362E-22   0.000       0.000      0.4706E+05   0.000    
   25500  0.8587E-04  0.3367E-08 NODE        1819  -0.0%  0.1692E-04  0.3882E+08  0.1383E-22   0.000       0.000      0.4706E+05   0.000    
   25600  0.8621E-04  0.3367E-08 NODE        1820  -0.0%  0.1318E-04  0.3882E+08  0.1404E-22   0.000       0.000      0.4706E+05   0.000    
   25700  0.8654E-04  0.3367E-08 NODE        1819  -0.0%  0.7630E-05  0.3882E+08  0.1426E-22   0.000       0.000      0.4706E+05   0.000    
   25800  0.8688E-04  0.3367E-08 NODE        1824   0.0%  0.2170E-04  0.3882E+08  0.1448E-22   0.000       0.000      0.4706E+05   0.000    
   25900  0.8722E-04  0.3367E-08 NODE        1819  -0.0%  0.1057E-05  0.3882E+08  0.1470E-22   0.000       0.000      0.4706E+05   0.000    
   26000  0.8755E-04  0.3367E-08 NODE        1820   0.0%  0.2542E-04  0.3882E+08  0.1492E-22   0.000       0.000      0.4706E+05   0.000    
   26100  0.8789E-04  0.3367E-08 NODE        1819  -0.0%  0.7201E-06  0.3882E+08  0.1514E-22   0.000       0.000      0.4706E+05   0.000    
   26200  0.8823E-04  0.3367E-08 NODE        1819   0.0%  0.2233E-04  0.3882E+08  0.1537E-22   0.000       0.000      0.4706E+05   0.000    
   26300  0.8856E-04  0.3367E-08 NODE        1825  -0.0%  0.6800E-05  0.3882E+08  0.1560E-22   0.000       0.000      0.4706E+05   0.000    
   26400  0.8890E-04  0.3367E-08 NODE        1818  -0.0%  0.1410E-04  0.3882E+08  0.1584E-22   0.000       0.000      0.4706E+05   0.000    
   26500  0.8924E-04  0.3367E-08 NODE        1819  -0.0%  0.1604E-04  0.3882E+08  0.1607E-22   0.000       0.000      0.4706E+05   0.000    
   26600  0.8957E-04  0.3367E-08 NODE        1818  -0.0%  0.5125E-05  0.3882E+08  0.1631E-22   0.000       0.000      0.4706E+05   0.000    
   26700  0.8991E-04  0.3367E-08 NODE        1819   0.0%  0.2350E-04  0.3882E+08  0.1655E-22   0.000       0.000      0.4706E+05   0.000    
   26800  0.9025E-04  0.3367E-08 NODE        1818  -0.0%  0.2108E-06  0.3882E+08  0.1680E-22   0.000       0.000      0.4706E+05   0.000    
   26900  0.9058E-04  0.3367E-08 NODE        1825   0.0%  0.2519E-04  0.3882E+08  0.1705E-22   0.000       0.000      0.4706E+05   0.000    
   27000  0.9092E-04  0.3367E-08 NODE        1818  -0.0%  0.1986E-05  0.3882E+08  0.1729E-22   0.000       0.000      0.4706E+05   0.000    
   27100  0.9126E-04  0.3367E-08 NODE        1820  -0.0%  0.2020E-04  0.3882E+08  0.1755E-22   0.000       0.000      0.4706E+05   0.000    
   27200  0.9159E-04  0.3367E-08 NODE        1818  -0.0%  0.9500E-05  0.3882E+08  0.1780E-22   0.000       0.000      0.4706E+05   0.000    
   27300  0.9193E-04  0.3367E-08 NODE        1818  -0.0%  0.1120E-04  0.3882E+08  0.1806E-22   0.000       0.000      0.4706E+05   0.000    
   27400  0.9227E-04  0.3367E-08 NODE        1818  -0.0%  0.1873E-04  0.3882E+08  0.1832E-22   0.000       0.000      0.4706E+05   0.000    
   27500  0.9260E-04  0.3367E-08 NODE        1818  -0.0%  0.3013E-05  0.3882E+08  0.1858E-22   0.000       0.000      0.4706E+05   0.000    
   27600  0.9294E-04  0.3367E-08 NODE        1818   0.0%  0.2474E-04  0.3882E+08  0.1885E-22   0.000       0.000      0.4706E+05   0.000    
   27700  0.9328E-04  0.3367E-08 NODE        1819  -0.0%  0.1343E-07  0.3882E+08  0.1912E-22   0.000       0.000      0.4706E+05   0.000    
   27800  0.9361E-04  0.3367E-08 NODE        1821   0.0%  0.2432E-04  0.3882E+08  0.1939E-22   0.000       0.000      0.4706E+05   0.000    
   27900  0.9395E-04  0.3367E-08 NODE        1818  -0.0%  0.3809E-05  0.3882E+08  0.1967E-22   0.000       0.000      0.4706E+05   0.000    
   28000  0.9429E-04  0.3367E-08 NODE        1819  -0.0%  0.1768E-04  0.3882E+08  0.1995E-22   0.000       0.000      0.4706E+05   0.000    
   28100  0.9462E-04  0.3367E-08 NODE        1819  -0.0%  0.1237E-04  0.3882E+08  0.2023E-22   0.000       0.000      0.4706E+05   0.000    
   28200  0.9496E-04  0.3367E-08 NODE        1819  -0.0%  0.8385E-05  0.3882E+08  0.2051E-22   0.000       0.000      0.4706E+05   0.000    
   28300  0.9530E-04  0.3367E-08 NODE        1821   0.0%  0.2111E-04  0.3882E+08  0.2080E-22   0.000       0.000      0.4706E+05   0.000    
   28400  0.9563E-04  0.3367E-08 NODE        1818  -0.0%  0.1405E-05  0.3882E+08  0.2109E-22   0.000       0.000      0.4706E+05   0.000    
   28500  0.9597E-04  0.3367E-08 NODE        1819   0.0%  0.2536E-04  0.3882E+08  0.2138E-22   0.000       0.000      0.4706E+05   0.000    
   28600  0.9631E-04  0.3367E-08 NODE        1818  -0.0%  0.4752E-06  0.3882E+08  0.2167E-22   0.000       0.000      0.4706E+05   0.000    
   28700  0.9664E-04  0.3367E-08 NODE        1818   0.0%  0.2284E-04  0.3882E+08  0.2197E-22   0.000       0.000      0.4706E+05   0.000    
   28800  0.9698E-04  0.3367E-08 NODE        1818  -0.0%  0.6093E-05  0.3882E+08  0.2228E-22   0.000       0.000      0.4706E+05   0.000    
   28900  0.9732E-04  0.3367E-08 NODE        1819  -0.0%  0.1490E-04  0.3882E+08  0.2258E-22   0.000       0.000      0.4706E+05   0.000    
   29000  0.9765E-04  0.3367E-08 NODE        1819  -0.0%  0.1525E-04  0.3882E+08  0.2289E-22   0.000       0.000      0.4706E+05   0.000    
   29100  0.9799E-04  0.3367E-08 NODE        1821  -0.0%  0.5792E-05  0.3882E+08  0.2320E-22   0.000       0.000      0.4706E+05   0.000    
   29200  0.9833E-04  0.3367E-08 NODE        1825  -0.0%  0.2305E-04  0.3882E+08  0.2351E-22   0.000       0.000      0.4706E+05   0.000    
   29300  0.9866E-04  0.3367E-08 NODE        1825  -0.0%  0.3835E-06  0.3882E+08  0.2383E-22   0.000       0.000      0.4706E+05   0.000    
   29400  0.9900E-04  0.3367E-08 NODE        1818   0.0%  0.2532E-04  0.3882E+08  0.2415E-22   0.000       0.000      0.4706E+05   0.000    
   29500  0.9934E-04  0.3367E-08 NODE        1821  -0.0%  0.1572E-05  0.3882E+08  0.2448E-22   0.000       0.000      0.4706E+05   0.000    
   29600  0.9967E-04  0.3367E-08 NODE        1818  -0.0%  0.2084E-04  0.3882E+08  0.2481E-22   0.000       0.000      0.4706E+05   0.000    
   29700  0.1000E-03  0.3367E-08 NODE        1821  -0.0%  0.8722E-05  0.3882E+08  0.2514E-22   0.000       0.000      0.4706E+05   0.000    
   29800  0.1003E-03  0.3367E-08 NODE        1818  -0.0%  0.1201E-04  0.3882E+08  0.2547E-22   0.000       0.000      0.4706E+05   0.000    
   29900  0.1007E-03  0.3367E-08 NODE        1819  -0.0%  0.1801E-04  0.3882E+08  0.2581E-22   0.000       0.000      0.4706E+05   0.000    
   CYCLE    TIME      TIME-STEP  ELEMENT          ERROR  I-ENERGY    K-ENERGY T  K-ENERGY R  EXT-WORK     MAS.ERR     TOTAL MASS  MASS ADDED
   30000  0.1010E-03  0.3367E-08 NODE        1818  -0.0%  0.3558E-05  0.3882E+08  0.2615E-22   0.000       0.000      0.4706E+05   0.000    
   30100  0.1014E-03  0.3367E-08 NODE        1818  -0.0%  0.2446E-04  0.3882E+08  0.2649E-22   0.000       0.000      0.4706E+05   0.000    
   30200  0.1017E-03  0.3367E-08 NODE        1819  -0.0%  0.2043E-08  0.3882E+08  0.2684E-22   0.000       0.000      0.4706E+05   0.000    
   30300  0.1020E-03  0.3367E-08 NODE        1818  -0.0%  0.2462E-04  0.3882E+08  0.2719E-22   0.000       0.000      0.4706E+05   0.000    
   30400  0.1024E-03  0.3367E-08 NODE        1821  -0.0%  0.3247E-05  0.3882E+08  0.2755E-22   0.000       0.000      0.4706E+05   0.000    
   30500  0.1027E-03  0.3367E-08 NODE        1818  -0.0%  0.1842E-04  0.3882E+08  0.2790E-22   0.000       0.000      0.4706E+05   0.000    
   30600  0.1030E-03  0.3367E-08 NODE        1818  -0.0%  0.1156E-04  0.3882E+08  0.2827E-22   0.000       0.000      0.4706E+05   0.000    
   30700  0.1034E-03  0.3367E-08 NODE        1819  -0.0%  0.9157E-05  0.3882E+08  0.2863E-22   0.000       0.000      0.4706E+05   0.000    
   30800  0.1037E-03  0.3367E-08 NODE        1818  -0.0%  0.2048E-04  0.3882E+08  0.2900E-22   0.000       0.000      0.4706E+05   0.000    
   30900  0.1041E-03  0.3367E-08 NODE        1818  -0.0%  0.1799E-05  0.3882E+08  0.2937E-22   0.000       0.000      0.4706E+05   0.000    
   31000  0.1044E-03  0.3367E-08 NODE        1818  -0.0%  0.2525E-04  0.3882E+08  0.2975E-22   0.000       0.000      0.4706E+05   0.000    
   31100  0.1047E-03  0.3367E-08 NODE        1819  -0.0%  0.2803E-06  0.3882E+08  0.3013E-22   0.000       0.000      0.4706E+05   0.000    
   31200  0.1051E-03  0.3367E-08 NODE        1819  -0.0%  0.2331E-04  0.3882E+08  0.3051E-22   0.000       0.000      0.4706E+05   0.000    
   31300  0.1054E-03  0.3367E-08 NODE        1818  -0.0%  0.5414E-05  0.3882E+08  0.3089E-22   0.000       0.000      0.4706E+05   0.000    
   31400  0.1057E-03  0.3367E-08 NODE        1821  -0.0%  0.1570E-04  0.3882E+08  0.3128E-22   0.000       0.000      0.4706E+05   0.000    
   31500  0.1061E-03  0.3367E-08 NODE        1819  -0.0%  0.1445E-04  0.3882E+08  0.3168E-22   0.000       0.000      0.4706E+05   0.000    
   31600  0.1064E-03  0.3367E-08 NODE        1825  -0.0%  0.6487E-05  0.3882E+08  0.3208E-22   0.000       0.000      0.4706E+05   0.000    
   31700  0.1067E-03  0.3367E-08 NODE        1819  -0.0%  0.2256E-04  0.3882E+08  0.3248E-22   0.000       0.000      0.4706E+05   0.000    
   31800  0.1071E-03  0.3367E-08 NODE        1818  -0.0%  0.6065E-06  0.3882E+08  0.3288E-22   0.000       0.000      0.4706E+05   0.000    
   31900  0.1074E-03  0.3367E-08 NODE        1821  -0.0%  0.2540E-04  0.3882E+08  0.3329E-22   0.000       0.000      0.4706E+05   0.000    
   32000  0.1078E-03  0.3367E-08 NODE        1819  -0.0%  0.1204E-05  0.3882E+08  0.3370E-22   0.000       0.000      0.4706E+05   0.000    
   32100  0.1081E-03  0.3367E-08 NODE        1819  -0.0%  0.2145E-04  0.3882E+08  0.3412E-22   0.000       0.000      0.4706E+05   0.000    
   32200  0.1084E-03  0.3367E-08 NODE        1819  -0.0%  0.7959E-05  0.3882E+08  0.3454E-22   0.000       0.000      0.4706E+05   0.000    
   32300  0.1088E-03  0.3367E-08 NODE        1821  -0.0%  0.1282E-04  0.3882E+08  0.3496E-22   0.000       0.000      0.4706E+05   0.000    
   32400  0.1091E-03  0.3367E-08 NODE        1821  -0.0%  0.1726E-04  0.3882E+08  0.3539E-22   0.000       0.000      0.4706E+05   0.000    
   32500  0.1094E-03  0.3367E-08 NODE        1821  -0.0%  0.4140E-05  0.3882E+08  0.3582E-22   0.000       0.000      0.4706E+05   0.000    
   32600  0.1098E-03  0.3367E-08 NODE        1818  -0.0%  0.2412E-04  0.3882E+08  0.3626E-22   0.000       0.000      0.4706E+05   0.000    
   32700  0.1101E-03  0.3367E-08 NODE        1821  -0.0%  0.4254E-07  0.3882E+08  0.3670E-22   0.000       0.000      0.4706E+05   0.000    
   32800  0.1105E-03  0.3367E-08 NODE        1819  -0.0%  0.2488E-04  0.3882E+08  0.3714E-22   0.000       0.000      0.4706E+05   0.000    
   32900  0.1108E-03  0.3367E-08 NODE        1819  -0.0%  0.2725E-05  0.3882E+08  0.3759E-22   0.000       0.000      0.4706E+05   0.000    
   33000  0.1111E-03  0.3367E-08 NODE        1819  -0.0%  0.1913E-04  0.3882E+08  0.3804E-22   0.000       0.000      0.4706E+05   0.000    
   33100  0.1115E-03  0.3367E-08 NODE        1819  -0.0%  0.1075E-04  0.3882E+08  0.3850E-22   0.000       0.000      0.4706E+05   0.000    
   33200  0.1118E-03  0.3367E-08 NODE        1821  -0.0%  0.9944E-05  0.3882E+08  0.3896E-22   0.000       0.000      0.4706E+05   0.000    
   33300  0.1121E-03  0.3367E-08 NODE        1818  -0.0%  0.1983E-04  0.3882E+08  0.3942E-22   0.000       0.000      0.4706E+05   0.000    
   33400  0.1125E-03  0.3367E-08 NODE        1818  -0.0%  0.2237E-05  0.3882E+08  0.3989E-22   0.000       0.000      0.4706E+05   0.000    
   33500  0.1128E-03  0.3367E-08 NODE        1818  -0.0%  0.2510E-04  0.3882E+08  0.4037E-22   0.000       0.000      0.4706E+05   0.000    
   33600  0.1131E-03  0.3367E-08 NODE        1818  -0.0%  0.1362E-06  0.3882E+08  0.4084E-22   0.000       0.000      0.4706E+05   0.000    
   33700  0.1135E-03  0.3367E-08 NODE        1818  -0.0%  0.2374E-04  0.3882E+08  0.4132E-22   0.000       0.000      0.4706E+05   0.000    
   33800  0.1138E-03  0.3367E-08 NODE        1819  -0.0%  0.4764E-05  0.3882E+08  0.4181E-22   0.000       0.000      0.4706E+05   0.000    
   33900  0.1142E-03  0.3367E-08 NODE        1818  -0.0%  0.1648E-04  0.3882E+08  0.4230E-22   0.000       0.000      0.4706E+05   0.000    
   34000  0.1145E-03  0.3367E-08 NODE        1821  -0.0%  0.1364E-04  0.3882E+08  0.4279E-22   0.000       0.000      0.4706E+05   0.000    
   34100  0.1148E-03  0.3367E-08 NODE        1819  -0.0%  0.7207E-05  0.3882E+08  0.4329E-22   0.000       0.000      0.4706E+05   0.000    
   34200  0.1152E-03  0.3367E-08 NODE        1824  -0.0%  0.2203E-04  0.3882E+08  0.4379E-22   0.000       0.000      0.4706E+05   0.000    
   34300  0.1155E-03  0.3367E-08 NODE        1819  -0.0%  0.8790E-06  0.3882E+08  0.4430E-22   0.000       0.000      0.4706E+05   0.000    
   34400  0.1158E-03  0.3367E-08 NODE        1821  -0.0%  0.2542E-04  0.3882E+08  0.4481E-22   0.000       0.000      0.4706E+05   0.000    
   34500  0.1162E-03  0.3367E-08 NODE        1821  -0.0%  0.8825E-06  0.3882E+08  0.4533E-22   0.000       0.000      0.4706E+05   0.000    
   34600  0.1165E-03  0.3367E-08 NODE        1818  -0.0%  0.2202E-04  0.3882E+08  0.4584E-22   0.000       0.000      0.4706E+05   0.000    
   34700  0.1168E-03  0.3367E-08 NODE        1818  -0.0%  0.7216E-05  0.3882E+08  0.4637E-22   0.000       0.000      0.4706E+05   0.000    
   34800  0.1172E-03  0.3367E-08 NODE        1819  -0.0%  0.1364E-04  0.3882E+08  0.4690E-22   0.000       0.000      0.4706E+05   0.000    
   34900  0.1175E-03  0.3367E-08 NODE        1819  -0.0%  0.1649E-04  0.3882E+08  0.4743E-22   0.000       0.000      0.4706E+05   0.000    
   35000  0.1179E-03  0.3367E-08 NODE        1818  -0.0%  0.4756E-05  0.3882E+08  0.4797E-22   0.000       0.000      0.4706E+05   0.000    
   35100  0.1182E-03  0.3367E-08 NODE        1819  -0.0%  0.2374E-04  0.3882E+08  0.4851E-22   0.000       0.000      0.4706E+05   0.000    
   35200  0.1185E-03  0.3367E-08 NODE        1821  -0.0%  0.1347E-06  0.3882E+08  0.4906E-22   0.000       0.000      0.4706E+05   0.000    
   35300  0.1189E-03  0.3367E-08 NODE        1819  -0.0%  0.2509E-04  0.3882E+08  0.4961E-22   0.000       0.000      0.4706E+05   0.000    
   35400  0.1192E-03  0.3367E-08 NODE        1819  -0.0%  0.2243E-05  0.3882E+08  0.5017E-22   0.000       0.000      0.4706E+05   0.000    
   35500  0.1195E-03  0.3367E-08 NODE        1819  -0.0%  0.1982E-04  0.3882E+08  0.5073E-22   0.000       0.000      0.4706E+05   0.000    
   35600  0.1199E-03  0.3367E-08 NODE        1819  -0.0%  0.9953E-05  0.3882E+08  0.5130E-22   0.000       0.000      0.4706E+05   0.000    
   35700  0.1202E-03  0.3367E-08 NODE        1819  -0.0%  0.1074E-04  0.3882E+08  0.5187E-22   0.000       0.000      0.4706E+05   0.000    
   35800  0.1206E-03  0.3367E-08 NODE        1821  -0.0%  0.1914E-04  0.3882E+08  0.5244E-22   0.000       0.000      0.4706E+05   0.000    
   35900  0.1209E-03  0.3367E-08 NODE        1818  -0.0%  0.2719E-05  0.3882E+08  0.5302E-22   0.000       0.000      0.4706E+05   0.000    
   36000  0.1212E-03  0.3367E-08 NODE        1818  -0.0%  0.2489E-04  0.3882E+08  0.5361E-22   0.000       0.000      0.4706E+05   0.000    
   36100  0.1216E-03  0.3367E-08 NODE        1818  -0.0%  0.4333E-07  0.3882E+08  0.5420E-22   0.000       0.000      0.4706E+05   0.000    
   36200  0.1219E-03  0.3367E-08 NODE        1818  -0.0%  0.2412E-04  0.3882E+08  0.5479E-22   0.000       0.000      0.4706E+05   0.000    
   36300  0.1222E-03  0.3367E-08 NODE        1819  -0.0%  0.4147E-05  0.3882E+08  0.5539E-22   0.000       0.000      0.4706E+05   0.000    
   36400  0.1226E-03  0.3367E-08 NODE        1819  -0.0%  0.1725E-04  0.3882E+08  0.5600E-22   0.000       0.000      0.4706E+05   0.000    
   36500  0.1229E-03  0.3367E-08 NODE        1818  -0.0%  0.1283E-04  0.3882E+08  0.5660E-22   0.000       0.000      0.4706E+05   0.000    
   36600  0.1232E-03  0.3367E-08 NODE        1819  -0.0%  0.7950E-05  0.3882E+08  0.5722E-22   0.000       0.000      0.4706E+05   0.000    
   36700  0.1236E-03  0.3367E-08 NODE        1819  -0.0%  0.2146E-04  0.3882E+08  0.5784E-22   0.000       0.000      0.4706E+05   0.000    
   36800  0.1239E-03  0.3367E-08 NODE        1818  -0.0%  0.1200E-05  0.3882E+08  0.5846E-22   0.000       0.000      0.4706E+05   0.000    
   36900  0.1243E-03  0.3367E-08 NODE        1819  -0.0%  0.2540E-04  0.3882E+08  0.5909E-22   0.000       0.000      0.4706E+05   0.000    
   37000  0.1246E-03  0.3367E-08 NODE        1824  -0.0%  0.6095E-06  0.3882E+08  0.5973E-22   0.000       0.000      0.4706E+05   0.000    
   37100  0.1249E-03  0.3367E-08 NODE        1818  -0.0%  0.2255E-04  0.3882E+08  0.6037E-22   0.000       0.000      0.4706E+05   0.000    
   37200  0.1253E-03  0.3367E-08 NODE        1818  -0.0%  0.6495E-05  0.3882E+08  0.6101E-22   0.000       0.000      0.4706E+05   0.000    
   37300  0.1256E-03  0.3367E-08 NODE        1819  -0.0%  0.1444E-04  0.3882E+08  0.6166E-22   0.000       0.000      0.4706E+05   0.000    
   37400  0.1259E-03  0.3367E-08 NODE        1818  -0.0%  0.1571E-04  0.3882E+08  0.6232E-22   0.000       0.000      0.4706E+05   0.000    
   37500  0.1263E-03  0.3367E-08 NODE        1818  -0.0%  0.5406E-05  0.3882E+08  0.6298E-22   0.000       0.000      0.4706E+05   0.000    
   37600  0.1266E-03  0.3367E-08 NODE        1818  -0.0%  0.2332E-04  0.3882E+08  0.6364E-22   0.000       0.000      0.4706E+05   0.000    
   37700  0.1270E-03  0.3367E-08 NODE        1818  -0.0%  0.2783E-06  0.3882E+08  0.6431E-22   0.000       0.000      0.4706E+05   0.000    
   37800  0.1273E-03  0.3367E-08 NODE        1821  -0.0%  0.2525E-04  0.3882E+08  0.6499E-22   0.000       0.000      0.4706E+05   0.000    
   37900  0.1276E-03  0.3367E-08 NODE        1819  -0.0%  0.1804E-05  0.3882E+08  0.6567E-22   0.000       0.000      0.4706E+05   0.000    
   38000  0.1280E-03  0.3367E-08 NODE        1818  -0.0%  0.2048E-04  0.3882E+08  0.6636E-22   0.000       0.000      0.4706E+05   0.000    
   38100  0.1283E-03  0.3367E-08 NODE        1824  -0.0%  0.9166E-05  0.3882E+08  0.6705E-22   0.000       0.000      0.4706E+05   0.000    
   38200  0.1286E-03  0.3367E-08 NODE        1818  -0.0%  0.1155E-04  0.3882E+08  0.6775E-22   0.000       0.000      0.4706E+05   0.000    
   38300  0.1290E-03  0.3367E-08 NODE        1821  -0.0%  0.1843E-04  0.3882E+08  0.6845E-22   0.000       0.000      0.4706E+05   0.000    
   38400  0.1293E-03  0.3367E-08 NODE        1819  -0.0%  0.3241E-05  0.3882E+08  0.6916E-22   0.000       0.000      0.4706E+05   0.000    
   38500  0.1296E-03  0.3367E-08 NODE        1819  -0.0%  0.2463E-04  0.3882E+08  0.6987E-22   0.000       0.000      0.4706E+05   0.000    
   38600  0.1300E-03  0.3367E-08 NODE        1819  -0.0%  0.2221E-08  0.3882E+08  0.7059E-22   0.000       0.000      0.4706E+05   0.000    
   38700  0.1303E-03  0.3367E-08 NODE        1819  -0.0%  0.2445E-04  0.3882E+08  0.7132E-22   0.000       0.000      0.4706E+05   0.000    
   38800  0.1307E-03  0.3367E-08 NODE        1818  -0.0%  0.3564E-05  0.3882E+08  0.7205E-22   0.000       0.000      0.4706E+05   0.000    
   38900  0.1310E-03  0.3367E-08 NODE        1819  -0.0%  0.1800E-04  0.3882E+08  0.7279E-22   0.000       0.000      0.4706E+05   0.000    
   39000  0.1313E-03  0.3367E-08 NODE        1818  -0.0%  0.1202E-04  0.3882E+08  0.7353E-22   0.000       0.000      0.4706E+05   0.000    
   39100  0.1317E-03  0.3367E-08 NODE        1818  -0.0%  0.8712E-05  0.3882E+08  0.7427E-22   0.000       0.000      0.4706E+05   0.000    
   39200  0.1320E-03  0.3367E-08 NODE        1821  -0.0%  0.2085E-04  0.3882E+08  0.7503E-22   0.000       0.000      0.4706E+05   0.000    
   39300  0.1323E-03  0.3367E-08 NODE        1819  -0.0%  0.1567E-05  0.3882E+08  0.7579E-22   0.000       0.000      0.4706E+05   0.000    
   39400  0.1327E-03  0.3367E-08 NODE        1818  -0.0%  0.2532E-04  0.3882E+08  0.7655E-22   0.000       0.000      0.4706E+05   0.000    
   39500  0.1330E-03  0.3367E-08 NODE        1820  -0.0%  0.3859E-06  0.3882E+08  0.7732E-22   0.000       0.000      0.4706E+05   0.000    
   39600  0.1333E-03  0.3367E-08 NODE        1820  -0.0%  0.2305E-04  0.3882E+08  0.7810E-22   0.000       0.000      0.4706E+05   0.000    
   39700  0.1337E-03  0.3367E-08 NODE        1818  -0.0%  0.5800E-05  0.3882E+08  0.7888E-22   0.000       0.000      0.4706E+05   0.000    
   39800  0.1340E-03  0.3367E-08 NODE        1824  -0.0%  0.1524E-04  0.3882E+08  0.7967E-22   0.000       0.000      0.4706E+05   0.000    
   39900  0.1344E-03  0.3367E-08 NODE        1819  -0.0%  0.1491E-04  0.3882E+08  0.8046E-22   0.000       0.000      0.4706E+05   0.000    
   CYCLE    TIME      TIME-STEP  ELEMENT          ERROR  I-ENERGY    K-ENERGY T  K-ENERGY R  EXT-WORK     MAS.ERR     TOTAL MASS  MASS ADDED
   40000  0.1347E-03  0.3367E-08 NODE        1820  -0.0%  0.6085E-05  0.3882E+08  0.8126E-22   0.000       0.000      0.4706E+05   0.000    
   40100  0.1350E-03  0.3367E-08 NODE        1818  -0.0%  0.2285E-04  0.3882E+08  0.8207E-22   0.000       0.000      0.4706E+05   0.000    
   40200  0.1354E-03  0.3367E-08 NODE        1819  -0.0%  0.4726E-06  0.3882E+08  0.8288E-22   0.000       0.000      0.4706E+05   0.000    
   40300  0.1357E-03  0.3367E-08 NODE        1820  -0.0%  0.2536E-04  0.3882E+08  0.8370E-22   0.000       0.000      0.4706E+05   0.000    
   40400  0.1360E-03  0.3367E-08 NODE        1819  -0.0%  0.1409E-05  0.3882E+08  0.8452E-22   0.000       0.000      0.4706E+05   0.000    
   40500  0.1364E-03  0.3367E-08 NODE        1820  -0.0%  0.2110E-04  0.3882E+08  0.8535E-22   0.000       0.000      0.4706E+05   0.000    
   40600  0.1367E-03  0.3367E-08 NODE        1819  -0.0%  0.8394E-05  0.3882E+08  0.8619E-22   0.000       0.000      0.4706E+05   0.000    
   40700  0.1371E-03  0.3367E-08 NODE        1819  -0.0%  0.1236E-04  0.3882E+08  0.8703E-22   0.000       0.000      0.4706E+05   0.000    
   40800  0.1374E-03  0.3367E-08 NODE        1818  -0.0%  0.1769E-04  0.3882E+08  0.8788E-22   0.000       0.000      0.4706E+05   0.000    
   40900  0.1377E-03  0.3367E-08 NODE        1819  -0.0%  0.3802E-05  0.3882E+08  0.8873E-22   0.000       0.000      0.4706E+05   0.000    
   41000  0.1381E-03  0.3367E-08 NODE        1824  -0.0%  0.2432E-04  0.3882E+08  0.8959E-22   0.000       0.000      0.4706E+05   0.000    
   41100  0.1384E-03  0.3367E-08 NODE        1820  -0.0%  0.1299E-07  0.3882E+08  0.9046E-22   0.000       0.000      0.4706E+05   0.000    
   41200  0.1387E-03  0.3367E-08 NODE        1821  -0.0%  0.2474E-04  0.3882E+08  0.9134E-22   0.000       0.000      0.4706E+05   0.000    
   41300  0.1391E-03  0.3367E-08 NODE        1820  -0.0%  0.3019E-05  0.3882E+08  0.9221E-22   0.000       0.000      0.4706E+05   0.000    
   41400  0.1394E-03  0.3367E-08 NODE        1818  -0.0%  0.1872E-04  0.3882E+08  0.9310E-22   0.000       0.000      0.4706E+05   0.000    
   41500  0.1397E-03  0.3367E-08 NODE        1819  -0.0%  0.1121E-04  0.3882E+08  0.9399E-22   0.000       0.000      0.4706E+05   0.000    
   41600  0.1401E-03  0.3367E-08 NODE        1819  -0.0%  0.9491E-05  0.3882E+08  0.9489E-22   0.000       0.000      0.4706E+05   0.000    
   41700  0.1404E-03  0.3367E-08 NODE        1819  -0.0%  0.2021E-04  0.3882E+08  0.9580E-22   0.000       0.000      0.4706E+05   0.000    
   41800  0.1408E-03  0.3367E-08 NODE        1818  -0.0%  0.1981E-05  0.3882E+08  0.9671E-22   0.000       0.000      0.4706E+05   0.000    
   41900  0.1411E-03  0.3367E-08 NODE        1820  -0.0%  0.2519E-04  0.3882E+08  0.9763E-22   0.000       0.000      0.4706E+05   0.000    
   42000  0.1414E-03  0.3367E-08 NODE        1818  -0.0%  0.2125E-06  0.3882E+08  0.9855E-22   0.000       0.000      0.4706E+05   0.000    
   42100  0.1418E-03  0.3367E-08 NODE        1819  -0.0%  0.2350E-04  0.3882E+08  0.9948E-22   0.000       0.000      0.4706E+05   0.000    
   42200  0.1421E-03  0.3367E-08 NODE        1819  -0.0%  0.5133E-05  0.3882E+08  0.1004E-21   0.000       0.000      0.4706E+05   0.000    
   42300  0.1424E-03  0.3367E-08 NODE        1824  -0.0%  0.1603E-04  0.3882E+08  0.1014E-21   0.000       0.000      0.4706E+05   0.000    
   42400  0.1428E-03  0.3367E-08 NODE        1818  -0.0%  0.1411E-04  0.3882E+08  0.1023E-21   0.000       0.000      0.4706E+05   0.000    
   42500  0.1431E-03  0.3367E-08 NODE        1819  -0.0%  0.6791E-05  0.3882E+08  0.1033E-21   0.000       0.000      0.4706E+05   0.000    
   42600  0.1435E-03  0.3367E-08 NODE        1818  -0.0%  0.2234E-04  0.3882E+08  0.1042E-21   0.000       0.000      0.4706E+05   0.000    
   42700  0.1438E-03  0.3367E-08 NODE        1819  -0.0%  0.7169E-06  0.3882E+08  0.1052E-21   0.000       0.000      0.4706E+05   0.000    
   42800  0.1441E-03  0.3367E-08 NODE        1820  -0.0%  0.2542E-04  0.3882E+08  0.1062E-21   0.000       0.000      0.4706E+05   0.000    
   42900  0.1445E-03  0.3367E-08 NODE        1818  -0.0%  0.1061E-05  0.3882E+08  0.1072E-21   0.000       0.000      0.4706E+05   0.000    
   43000  0.1448E-03  0.3367E-08 NODE        1824  -0.0%  0.2170E-04  0.3882E+08  0.1082E-21   0.000       0.000      0.4706E+05   0.000    
   43100  0.1451E-03  0.3367E-08 NODE        1819  -0.0%  0.7639E-05  0.3882E+08  0.1092E-21   0.000       0.000      0.4706E+05   0.000    
   43200  0.1455E-03  0.3367E-08 NODE        1818  -0.0%  0.1317E-04  0.3882E+08  0.1102E-21   0.000       0.000      0.4706E+05   0.000    
   43300  0.1458E-03  0.3367E-08 NODE        1819  -0.0%  0.1693E-04  0.3882E+08  0.1112E-21   0.000       0.000      0.4706E+05   0.000    
   43400  0.1461E-03  0.3367E-08 NODE        1824  -0.0%  0.4399E-05  0.3882E+08  0.1122E-21   0.000       0.000      0.4706E+05   0.000    
   43500  0.1465E-03  0.3367E-08 NODE        1819  -0.0%  0.2397E-04  0.3882E+08  0.1132E-21   0.000       0.000      0.4706E+05   0.000    
   43600  0.1468E-03  0.3367E-08 NODE        1819  -0.0%  0.7559E-07  0.3882E+08  0.1143E-21   0.000       0.000      0.4706E+05   0.000    
   43700  0.1472E-03  0.3367E-08 NODE        1820  -0.0%  0.2498E-04  0.3882E+08  0.1153E-21   0.000       0.000      0.4706E+05   0.000    
   43800  0.1475E-03  0.3367E-08 NODE        1818  -0.0%  0.2514E-05  0.3882E+08  0.1163E-21   0.000       0.000      0.4706E+05   0.000    
   43900  0.1478E-03  0.3367E-08 NODE        1819  -0.0%  0.1943E-04  0.3882E+08  0.1174E-21   0.000       0.000      0.4706E+05   0.000    
   44000  0.1482E-03  0.3367E-08 NODE        1819  -0.0%  0.1041E-04  0.3882E+08  0.1185E-21   0.000       0.000      0.4706E+05   0.000    
   44100  0.1485E-03  0.3367E-08 NODE        1820  -0.0%  0.1028E-04  0.3882E+08  0.1195E-21   0.000       0.000      0.4706E+05   0.000    
   44200  0.1488E-03  0.3367E-08 NODE        1819  -0.0%  0.1954E-04  0.3882E+08  0.1206E-21   0.000       0.000      0.4706E+05   0.000    
   44300  0.1492E-03  0.3367E-08 NODE        1819  -0.0%  0.2438E-05  0.3882E+08  0.1217E-21   0.000       0.000      0.4706E+05   0.000    
   44400  0.1495E-03  0.3367E-08 NODE        1821  -0.0%  0.2501E-04  0.3882E+08  0.1228E-21   0.000       0.000      0.4706E+05   0.000    
   44500  0.1498E-03  0.3367E-08 NODE        1818  -0.0%  0.9023E-07  0.3882E+08  0.1239E-21   0.000       0.000      0.4706E+05   0.000    
   44600  0.1502E-03  0.3367E-08 NODE        1818  -0.0%  0.2391E-04  0.3882E+08  0.1250E-21   0.000       0.000      0.4706E+05   0.000    
   44700  0.1505E-03  0.3367E-08 NODE        1821  -0.0%  0.4496E-05  0.3882E+08  0.1261E-21   0.000       0.000      0.4706E+05   0.000    
   44800  0.1509E-03  0.3367E-08 NODE        1820  -0.0%  0.1681E-04  0.3882E+08  0.1272E-21   0.000       0.000      0.4706E+05   0.000    
   44900  0.1512E-03  0.3367E-08 NODE        1820  -0.0%  0.1330E-04  0.3882E+08  0.1283E-21   0.000       0.000      0.4706E+05   0.000    
   45000  0.1515E-03  0.3367E-08 NODE        1818  -0.0%  0.7522E-05  0.3882E+08  0.1295E-21   0.000       0.000      0.4706E+05   0.000    
   45100  0.1519E-03  0.3367E-08 NODE        1820  -0.0%  0.2179E-04  0.3882E+08  0.1306E-21   0.000       0.000      0.4706E+05   0.000    
   45200  0.1522E-03  0.3367E-08 NODE        1821  -0.0%  0.1010E-05  0.3882E+08  0.1318E-21   0.000       0.000      0.4706E+05   0.000    
   45300  0.1525E-03  0.3367E-08 NODE        1821  -0.0%  0.2542E-04  0.3882E+08  0.1329E-21   0.000       0.000      0.4706E+05   0.000    
   45400  0.1529E-03  0.3367E-08 NODE        1819  -0.0%  0.7600E-06  0.3882E+08  0.1341E-21   0.000       0.000      0.4706E+05   0.000    
   45500  0.1532E-03  0.3367E-08 NODE        1821  -0.0%  0.2225E-04  0.3882E+08  0.1353E-21   0.000       0.000      0.4706E+05   0.000    
   45600  0.1536E-03  0.3367E-08 NODE        1820  -0.0%  0.6905E-05  0.3882E+08  0.1365E-21   0.000       0.000      0.4706E+05   0.000    
   45700  0.1539E-03  0.3367E-08 NODE        1820  -0.0%  0.1398E-04  0.3882E+08  0.1376E-21   0.000       0.000      0.4706E+05   0.000    
   45800  0.1542E-03  0.3367E-08 NODE        1819  -0.0%  0.1616E-04  0.3882E+08  0.1388E-21   0.000       0.000      0.4706E+05   0.000    
   45900  0.1546E-03  0.3367E-08 NODE        1824  -0.0%  0.5030E-05  0.3882E+08  0.1400E-21   0.000       0.000      0.4706E+05   0.000    
   46000  0.1549E-03  0.3367E-08 NODE        1819  -0.0%  0.2357E-04  0.3882E+08  0.1413E-21   0.000       0.000      0.4706E+05   0.000    
   46100  0.1552E-03  0.3367E-08 NODE        1820  -0.0%  0.1898E-06  0.3882E+08  0.1425E-21   0.000       0.000      0.4706E+05   0.000    
   46200  0.1556E-03  0.3367E-08 NODE        1821  -0.0%  0.2517E-04  0.3882E+08  0.1437E-21   0.000       0.000      0.4706E+05   0.000    
   46300  0.1559E-03  0.3367E-08 NODE        1821  -0.0%  0.2050E-05  0.3882E+08  0.1449E-21   0.000       0.000      0.4706E+05   0.000    
   46400  0.1562E-03  0.3367E-08 NODE        1819  -0.0%  0.2010E-04  0.3882E+08  0.1462E-21   0.000       0.000      0.4706E+05   0.000    
   46500  0.1566E-03  0.3367E-08 NODE        1819  -0.0%  0.9616E-05  0.3882E+08  0.1474E-21   0.000       0.000      0.4706E+05   0.000    
   46600  0.1569E-03  0.3367E-08 NODE        1819  -0.0%  0.1108E-04  0.3882E+08  0.1487E-21   0.000       0.000      0.4706E+05   0.000    
   46700  0.1573E-03  0.3367E-08 NODE        1821  -0.0%  0.1884E-04  0.3882E+08  0.1500E-21   0.000       0.000      0.4706E+05   0.000    
   46800  0.1576E-03  0.3367E-08 NODE        1819  -0.0%  0.2937E-05  0.3882E+08  0.1512E-21   0.000       0.000      0.4706E+05   0.000    
   46900  0.1579E-03  0.3367E-08 NODE        1821  -0.0%  0.2478E-04  0.3882E+08  0.1525E-21   0.000       0.000      0.4706E+05   0.000    
   47000  0.1583E-03  0.3367E-08 NODE        1821  -0.0%  0.1944E-07  0.3882E+08  0.1538E-21   0.000       0.000      0.4706E+05   0.000    
   47100  0.1586E-03  0.3367E-08 NODE        1819  -0.0%  0.2427E-04  0.3882E+08  0.1551E-21   0.000       0.000      0.4706E+05   0.000    
   47200  0.1589E-03  0.3367E-08 NODE        1818  -0.0%  0.3894E-05  0.3882E+08  0.1564E-21   0.000       0.000      0.4706E+05   0.000    
   47300  0.1593E-03  0.3367E-08 NODE        1818  -0.0%  0.1757E-04  0.3882E+08  0.1577E-21   0.000       0.000      0.4706E+05   0.000    
   47400  0.1596E-03  0.3367E-08 NODE        1818  -0.0%  0.1249E-04  0.3882E+08  0.1591E-21   0.000       0.000      0.4706E+05   0.000    
   47500  0.1600E-03  0.3367E-08 NODE        1818  -0.0%  0.8273E-05  0.3882E+08  0.1604E-21   0.000       0.000      0.4706E+05   0.000    
   47600  0.1603E-03  0.3367E-08 NODE        1819  -0.0%  0.2120E-04  0.3882E+08  0.1617E-21   0.000       0.000      0.4706E+05   0.000    
   47700  0.1606E-03  0.3367E-08 NODE        1820  -0.0%  0.1351E-05  0.3882E+08  0.1631E-21   0.000       0.000      0.4706E+05   0.000    
   47800  0.1610E-03  0.3367E-08 NODE        1819  -0.0%  0.2537E-04  0.3882E+08  0.1644E-21   0.000       0.000      0.4706E+05   0.000    
   47900  0.1613E-03  0.3367E-08 NODE        1819  -0.0%  0.5079E-06  0.3882E+08  0.1658E-21   0.000       0.000      0.4706E+05   0.000    
   48000  0.1616E-03  0.3367E-08 NODE        1819  -0.0%  0.2277E-04  0.3882E+08  0.1672E-21   0.000       0.000      0.4706E+05   0.000    
   48100  0.1620E-03  0.3367E-08 NODE        1819  -0.0%  0.6195E-05  0.3882E+08  0.1686E-21   0.000       0.000      0.4706E+05   0.000    
   48200  0.1623E-03  0.3367E-08 NODE        1821  -0.0%  0.1479E-04  0.3882E+08  0.1700E-21   0.000       0.000      0.4706E+05   0.000    
   48300  0.1626E-03  0.3367E-08 NODE        1819  -0.0%  0.1537E-04  0.3882E+08  0.1714E-21   0.000       0.000      0.4706E+05   0.000    
   48400  0.1630E-03  0.3367E-08 NODE        1819  -0.0%  0.5692E-05  0.3882E+08  0.1728E-21   0.000       0.000      0.4706E+05   0.000    
   48500  0.1633E-03  0.3367E-08 NODE        1824  -0.0%  0.2312E-04  0.3882E+08  0.1742E-21   0.000       0.000      0.4706E+05   0.000    
   48600  0.1637E-03  0.3367E-08 NODE        1821  -0.0%  0.3551E-06  0.3882E+08  0.1756E-21   0.000       0.000      0.4706E+05   0.000    
   48700  0.1640E-03  0.3367E-08 NODE        1819  -0.0%  0.2530E-04  0.3882E+08  0.1771E-21   0.000       0.000      0.4706E+05   0.000    
   48800  0.1643E-03  0.3367E-08 NODE        1820  -0.0%  0.1630E-05  0.3882E+08  0.1785E-21   0.000       0.000      0.4706E+05   0.000    
   48900  0.1647E-03  0.3367E-08 NODE        1821  -0.0%  0.2075E-04  0.3882E+08  0.1800E-21   0.000       0.000      0.4706E+05   0.000    
   49000  0.1650E-03  0.3367E-08 NODE        1821  -0.0%  0.8835E-05  0.3882E+08  0.1814E-21   0.000       0.000      0.4706E+05   0.000    
   49100  0.1653E-03  0.3367E-08 NODE        1820  -0.0%  0.1189E-04  0.3882E+08  0.1829E-21   0.000       0.000      0.4706E+05   0.000    
   49200  0.1657E-03  0.3367E-08 NODE        1821  -0.0%  0.1811E-04  0.3882E+08  0.1844E-21   0.000       0.000      0.4706E+05   0.000    
   49300  0.1660E-03  0.3367E-08 NODE        1820  -0.0%  0.3476E-05  0.3882E+08  0.1859E-21   0.000       0.000      0.4706E+05   0.000    
   49400  0.1663E-03  0.3367E-08 NODE        1820  -0.0%  0.2450E-04  0.3882E+08  0.1874E-21   0.000       0.000      0.4706E+05   0.000    
   49500  0.1667E-03  0.3367E-08 NODE        1821  -0.0%  0.4683E-09  0.3882E+08  0.1889E-21   0.000       0.000      0.4706E+05   0.000    
   49600  0.1670E-03  0.3367E-08 NODE        1820  -0.0%  0.2458E-04  0.3882E+08  0.1904E-21   0.000       0.000      0.4706E+05   0.000    
   49700  0.1674E-03  0.3367E-08 NODE        1821  -0.0%  0.3327E-05  0.3882E+08  0.1919E-21   0.000       0.000      0.4706E+05   0.000    
   49800  0.1677E-03  0.3367E-08 NODE        1819  -0.0%  0.1831E-04  0.3882E+08  0.1934E-21   0.000       0.000      0.4706E+05   0.000    
   49900  0.1680E-03  0.3367E-08 NODE        1819  -0.0%  0.1168E-04  0.3882E+08  0.1950E-21   0.000       0.000      0.4706E+05   0.000    
   CYCLE    TIME      TIME-STEP  ELEMENT          ERROR  I-ENERGY    K-ENERGY T  K-ENERGY R  EXT-WORK     MAS.ERR     TOTAL MASS  MASS ADDED
   50000  0.1684E-03  0.3367E-08 NODE        1818  -0.0%  0.9043E-05  0.3882E+08  0.1965E-21   0.000       0.000      0.4706E+05   0.000    
   50100  0.1687E-03  0.3367E-08 NODE        1819  -0.0%  0.2058E-04  0.3882E+08  0.1981E-21   0.000       0.000      0.4706E+05   0.000    
   50200  0.1690E-03  0.3367E-08 NODE        1819  -0.0%  0.1738E-05  0.3882E+08  0.1997E-21   0.000       0.000      0.4706E+05   0.000    
   50300  0.1694E-03  0.3367E-08 NODE        1819  -0.0%  0.2527E-04  0.3882E+08  0.2013E-21   0.000       0.000      0.4706E+05   0.000    
   50400  0.1697E-03  0.3367E-08 NODE        1819  -0.0%  0.3057E-06  0.3882E+08  0.2028E-21   0.000       0.000      0.4706E+05   0.000    
   50500  0.1701E-03  0.3367E-08 NODE        1818  -0.0%  0.2325E-04  0.3882E+08  0.2044E-21   0.000       0.000      0.4706E+05   0.000    
   50600  0.1704E-03  0.3367E-08 NODE        1820  -0.0%  0.5511E-05  0.3882E+08  0.2061E-21   0.000       0.000      0.4706E+05   0.000    
   50700  0.1707E-03  0.3367E-08 NODE        1818  -0.0%  0.1558E-04  0.3882E+08  0.2077E-21   0.000       0.000      0.4706E+05   0.000    
   50800  0.1711E-03  0.3367E-08 NODE        1821  -0.0%  0.1457E-04  0.3882E+08  0.2093E-21   0.000       0.000      0.4706E+05   0.000    
   50900  0.1714E-03  0.3367E-08 NODE        1819  -0.0%  0.6383E-05  0.3882E+08  0.2109E-21   0.000       0.000      0.4706E+05   0.000    
   51000  0.1717E-03  0.3367E-08 NODE        1818  -0.0%  0.2263E-04  0.3882E+08  0.2126E-21   0.000       0.000      0.4706E+05   0.000    
   51100  0.1721E-03  0.3367E-08 NODE        1818  -0.0%  0.5708E-06  0.3882E+08  0.2142E-21   0.000       0.000      0.4706E+05   0.000    
   51200  0.1724E-03  0.3367E-08 NODE        1819  -0.0%  0.2539E-04  0.3882E+08  0.2159E-21   0.000       0.000      0.4706E+05   0.000    
   51300  0.1727E-03  0.3367E-08 NODE        1821  -0.0%  0.1255E-05  0.3882E+08  0.2176E-21   0.000       0.000      0.4706E+05   0.000    
   51400  0.1731E-03  0.3367E-08 NODE        1818  -0.0%  0.2136E-04  0.3882E+08  0.2193E-21   0.000       0.000      0.4706E+05   0.000    
   51500  0.1734E-03  0.3367E-08 NODE        1818  -0.0%  0.8069E-05  0.3882E+08  0.2210E-21   0.000       0.000      0.4706E+05   0.000    
   51600  0.1738E-03  0.3367E-08 NODE        1819  -0.0%  0.1270E-04  0.3882E+08  0.2227E-21   0.000       0.000      0.4706E+05   0.000    
   51700  0.1741E-03  0.3367E-08 NODE        1819  -0.0%  0.1737E-04  0.3882E+08  0.2244E-21   0.000       0.000      0.4706E+05   0.000    
   51800  0.1744E-03  0.3367E-08 NODE        1819  -0.0%  0.4052E-05  0.3882E+08  0.2261E-21   0.000       0.000      0.4706E+05   0.000    
   51900  0.1748E-03  0.3367E-08 NODE        1819  -0.0%  0.2418E-04  0.3882E+08  0.2279E-21   0.000       0.000      0.4706E+05   0.000    
   52000  0.1751E-03  0.3367E-08 NODE        1821  -0.0%  0.3338E-07  0.3882E+08  0.2296E-21   0.000       0.000      0.4706E+05   0.000    
   52100  0.1754E-03  0.3367E-08 NODE        1819  -0.0%  0.2485E-04  0.3882E+08  0.2314E-21   0.000       0.000      0.4706E+05   0.000    
   52200  0.1758E-03  0.3367E-08 NODE        1819  -0.0%  0.2799E-05  0.3882E+08  0.2331E-21   0.000       0.000      0.4706E+05   0.000    
   52300  0.1761E-03  0.3367E-08 NODE        1818  -0.0%  0.1903E-04  0.3882E+08  0.2349E-21   0.000       0.000      0.4706E+05   0.000    
   52400  0.1765E-03  0.3367E-08 NODE        1818  -0.0%  0.1087E-04  0.3882E+08  0.2367E-21   0.000       0.000      0.4706E+05   0.000    
   52500  0.1768E-03  0.3367E-08 NODE        1818  -0.0%  0.9828E-05  0.3882E+08  0.2385E-21   0.000       0.000      0.4706E+05   0.000    
   52600  0.1771E-03  0.3367E-08 NODE        1819  -0.0%  0.1992E-04  0.3882E+08  0.2403E-21   0.000       0.000      0.4706E+05   0.000    
   52700  0.1775E-03  0.3367E-08 NODE        1818  -0.0%  0.2171E-05  0.3882E+08  0.2421E-21   0.000       0.000      0.4706E+05   0.000    
   52800  0.1778E-03  0.3367E-08 NODE        1821  -0.0%  0.2512E-04  0.3882E+08  0.2439E-21   0.000       0.000      0.4706E+05   0.000    
   52900  0.1781E-03  0.3367E-08 NODE        1819  -0.0%  0.1541E-06  0.3882E+08  0.2458E-21   0.000       0.000      0.4706E+05   0.000    
   53000  0.1785E-03  0.3367E-08 NODE        1818  -0.0%  0.2368E-04  0.3882E+08  0.2476E-21   0.000       0.000      0.4706E+05   0.000    
   53100  0.1788E-03  0.3367E-08 NODE        1821  -0.0%  0.4857E-05  0.3882E+08  0.2495E-21   0.000       0.000      0.4706E+05   0.000    
   53200  0.1791E-03  0.3367E-08 NODE        1819  -0.0%  0.1637E-04  0.3882E+08  0.2513E-21   0.000       0.000      0.4706E+05   0.000    
   53300  0.1795E-03  0.3367E-08 NODE        1819  -0.0%  0.1376E-04  0.3882E+08  0.2532E-21   0.000       0.000      0.4706E+05   0.000    
   53400  0.1798E-03  0.3367E-08 NODE        1819  -0.0%  0.7100E-05  0.3882E+08  0.2551E-21   0.000       0.000      0.4706E+05   0.000    
   53500  0.1802E-03  0.3367E-08 NODE        1819  -0.0%  0.2211E-04  0.3882E+08  0.2570E-21   0.000       0.000      0.4706E+05   0.000    
   53600  0.1805E-03  0.3367E-08 NODE        1819  -0.0%  0.8361E-06  0.3882E+08  0.2589E-21   0.000       0.000      0.4706E+05   0.000    
   53700  0.1808E-03  0.3367E-08 NODE        1819  -0.0%  0.2542E-04  0.3882E+08  0.2608E-21   0.000       0.000      0.4706E+05   0.000    
   53800  0.1812E-03  0.3367E-08 NODE        1818  -0.0%  0.9266E-06  0.3882E+08  0.2628E-21   0.000       0.000      0.4706E+05   0.000    
   53900  0.1815E-03  0.3367E-08 NODE        1821  -0.0%  0.2194E-04  0.3882E+08  0.2647E-21   0.000       0.000      0.4706E+05   0.000    
   54000  0.1818E-03  0.3367E-08 NODE        1819  -0.0%  0.7323E-05  0.3882E+08  0.2667E-21   0.000       0.000      0.4706E+05   0.000    
   54100  0.1822E-03  0.3367E-08 NODE        1821  -0.0%  0.1352E-04  0.3882E+08  0.2686E-21   0.000       0.000      0.4706E+05   0.000    
   54200  0.1825E-03  0.3367E-08 NODE        1819  -0.0%  0.1660E-04  0.3882E+08  0.2706E-21   0.000       0.000      0.4706E+05   0.000    
   54300  0.1828E-03  0.3367E-08 NODE        1819  -0.0%  0.4664E-05  0.3882E+08  0.2726E-21   0.000       0.000      0.4706E+05   0.000    
   54400  0.1832E-03  0.3367E-08 NODE        1818  -0.0%  0.2380E-04  0.3882E+08  0.2746E-21   0.000       0.000      0.4706E+05   0.000    
   54500  0.1835E-03  0.3367E-08 NODE        1818  -0.0%  0.1180E-06  0.3882E+08  0.2766E-21   0.000       0.000      0.4706E+05   0.000    
   54600  0.1839E-03  0.3367E-08 NODE        1819  -0.0%  0.2507E-04  0.3882E+08  0.2786E-21   0.000       0.000      0.4706E+05   0.000    
   54700  0.1842E-03  0.3367E-08 NODE        1819  -0.0%  0.2311E-05  0.3882E+08  0.2806E-21   0.000       0.000      0.4706E+05   0.000    
   54800  0.1845E-03  0.3367E-08 NODE        1821  -0.0%  0.1972E-04  0.3882E+08  0.2827E-21   0.000       0.000      0.4706E+05   0.000    
   54900  0.1849E-03  0.3367E-08 NODE        1821  -0.0%  0.1007E-04  0.3882E+08  0.2847E-21   0.000       0.000      0.4706E+05   0.000    
   55000  0.1852E-03  0.3367E-08 NODE        1821  -0.0%  0.1062E-04  0.3882E+08  0.2868E-21   0.000       0.000      0.4706E+05   0.000    
   55100  0.1855E-03  0.3367E-08 NODE        1818  -0.0%  0.1924E-04  0.3882E+08  0.2889E-21   0.000       0.000      0.4706E+05   0.000    
   55200  0.1859E-03  0.3367E-08 NODE        1822  -0.0%  0.2646E-05  0.3882E+08  0.2910E-21   0.000       0.000      0.4706E+05   0.000    
   55300  0.1862E-03  0.3367E-08 NODE        1818  -0.0%  0.2492E-04  0.3882E+08  0.2930E-21   0.000       0.000      0.4706E+05   0.000    
   55400  0.1866E-03  0.3367E-08 NODE        1820  -0.0%  0.5369E-07  0.3882E+08  0.2952E-21   0.000       0.000      0.4706E+05   0.000    
   55500  0.1869E-03  0.3367E-08 NODE        1818  -0.0%  0.2407E-04  0.3882E+08  0.2973E-21   0.000       0.000      0.4706E+05   0.000    
   55600  0.1872E-03  0.3367E-08 NODE        1818  -0.0%  0.4235E-05  0.3882E+08  0.2994E-21   0.000       0.000      0.4706E+05   0.000    
   55700  0.1876E-03  0.3367E-08 NODE        1820  -0.0%  0.1714E-04  0.3882E+08  0.3015E-21   0.000       0.000      0.4706E+05   0.000    
   55800  0.1879E-03  0.3367E-08 NODE        1819  -0.0%  0.1295E-04  0.3882E+08  0.3037E-21   0.000       0.000      0.4706E+05   0.000    
   55900  0.1882E-03  0.3367E-08 NODE        1818  -0.0%  0.7840E-05  0.3882E+08  0.3059E-21   0.000       0.000      0.4706E+05   0.000    
   56000  0.1886E-03  0.3367E-08 NODE        1820  -0.0%  0.2154E-04  0.3882E+08  0.3080E-21   0.000       0.000      0.4706E+05   0.000    
   56100  0.1889E-03  0.3367E-08 NODE        1818  -0.0%  0.1150E-05  0.3882E+08  0.3102E-21   0.000       0.000      0.4706E+05   0.000    
   56200  0.1892E-03  0.3367E-08 NODE        1819  -0.0%  0.2541E-04  0.3882E+08  0.3124E-21   0.000       0.000      0.4706E+05   0.000    
   56300  0.1896E-03  0.3367E-08 NODE        1818  -0.0%  0.6464E-06  0.3882E+08  0.3146E-21   0.000       0.000      0.4706E+05   0.000    
   56400  0.1899E-03  0.3367E-08 NODE        1818  -0.0%  0.2248E-04  0.3882E+08  0.3169E-21   0.000       0.000      0.4706E+05   0.000    
   56500  0.1903E-03  0.3367E-08 NODE        1818  -0.0%  0.6599E-05  0.3882E+08  0.3191E-21   0.000       0.000      0.4706E+05   0.000    
   56600  0.1906E-03  0.3367E-08 NODE        1820  -0.0%  0.1433E-04  0.3882E+08  0.3213E-21   0.000       0.000      0.4706E+05   0.000    
   56700  0.1909E-03  0.3367E-08 NODE        1820  -0.0%  0.1582E-04  0.3882E+08  0.3236E-21   0.000       0.000      0.4706E+05   0.000    
   56800  0.1913E-03  0.3367E-08 NODE        1819  -0.0%  0.5309E-05  0.3882E+08  0.3259E-21   0.000       0.000      0.4706E+05   0.000    
   56900  0.1916E-03  0.3367E-08 NODE        1818  -0.0%  0.2338E-04  0.3882E+08  0.3282E-21   0.000       0.000      0.4706E+05   0.000    
   57000  0.1919E-03  0.3367E-08 NODE        1819  -0.0%  0.2541E-06  0.3882E+08  0.3305E-21   0.000       0.000      0.4706E+05   0.000    
   57100  0.1923E-03  0.3367E-08 NODE        1820  -0.0%  0.2523E-04  0.3882E+08  0.3328E-21   0.000       0.000      0.4706E+05   0.000    
   57200  0.1926E-03  0.3367E-08 NODE        1818  -0.0%  0.1865E-05  0.3882E+08  0.3351E-21   0.000       0.000      0.4706E+05   0.000    
   57300  0.1930E-03  0.3367E-08 NODE        1819  -0.0%  0.2038E-04  0.3882E+08  0.3374E-21   0.000       0.000      0.4706E+05   0.000    
   57400  0.1933E-03  0.3367E-08 NODE        1818  -0.0%  0.9280E-05  0.3882E+08  0.3397E-21   0.000       0.000      0.4706E+05   0.000    
   57500  0.1936E-03  0.3367E-08 NODE        1819  -0.0%  0.1143E-04  0.3882E+08  0.3421E-21   0.000       0.000      0.4706E+05   0.000    
   57600  0.1940E-03  0.3367E-08 NODE        1824  -0.0%  0.1853E-04  0.3882E+08  0.3445E-21   0.000       0.000      0.4706E+05   0.000    
   57700  0.1943E-03  0.3367E-08 NODE        1824  -0.0%  0.3162E-05  0.3882E+08  0.3468E-21   0.000       0.000      0.4706E+05   0.000    
   57800  0.1946E-03  0.3367E-08 NODE        1820  -0.0%  0.2467E-04  0.3882E+08  0.3492E-21   0.000       0.000      0.4706E+05   0.000    
   57900  0.1950E-03  0.3367E-08 NODE        1820  -0.0%  0.4997E-08  0.3882E+08  0.3516E-21   0.000       0.000      0.4706E+05   0.000    
   58000  0.1953E-03  0.3367E-08 NODE        1819  -0.0%  0.2441E-04  0.3882E+08  0.3541E-21   0.000       0.000      0.4706E+05   0.000    
   58100  0.1956E-03  0.3367E-08 NODE        1824  -0.0%  0.3647E-05  0.3882E+08  0.3565E-21   0.000       0.000      0.4706E+05   0.000    
   58200  0.1960E-03  0.3367E-08 NODE        1819  -0.0%  0.1789E-04  0.3882E+08  0.3589E-21   0.000       0.000      0.4706E+05   0.000    
   58300  0.1963E-03  0.3367E-08 NODE        1820  -0.0%  0.1214E-04  0.3882E+08  0.3614E-21   0.000       0.000      0.4706E+05   0.000    
   58400  0.1967E-03  0.3367E-08 NODE        1820  -0.0%  0.8600E-05  0.3882E+08  0.3639E-21   0.000       0.000      0.4706E+05   0.000    
   58500  0.1970E-03  0.3367E-08 NODE        1818  -0.0%  0.2094E-04  0.3882E+08  0.3663E-21   0.000       0.000      0.4706E+05   0.000    
   58600  0.1973E-03  0.3367E-08 NODE        1818  -0.0%  0.1511E-05  0.3882E+08  0.3688E-21   0.000       0.000      0.4706E+05   0.000    
   58700  0.1977E-03  0.3367E-08 NODE        1820  -0.0%  0.2534E-04  0.3882E+08  0.3713E-21   0.000       0.000      0.4706E+05   0.000    
   58800  0.1980E-03  0.3367E-08 NODE        1818  -0.0%  0.4154E-06  0.3882E+08  0.3738E-21   0.000       0.000      0.4706E+05   0.000    
   58900  0.1983E-03  0.3367E-08 NODE        1820  -0.0%  0.2298E-04  0.3882E+08  0.3764E-21   0.000       0.000      0.4706E+05   0.000    
   59000  0.1987E-03  0.3367E-08 NODE        1818  -0.0%  0.5900E-05  0.3882E+08  0.3789E-21   0.000       0.000      0.4706E+05   0.000    
   59100  0.1990E-03  0.3367E-08 NODE        1820  -0.0%  0.1513E-04  0.3882E+08  0.3815E-21   0.000       0.000      0.4706E+05   0.000    
   59200  0.1993E-03  0.3367E-08 NODE        1819  -0.0%  0.1503E-04  0.3882E+08  0.3840E-21   0.000       0.000      0.4706E+05   0.000    
   59300  0.1997E-03  0.3367E-08 NODE        1819  -0.0%  0.5984E-05  0.3882E+08  0.3866E-21   0.000       0.000      0.4706E+05   0.000    
   59400  0.2000E-03  0.3367E-08 NODE        1819  -0.0%  0.2292E-04  0.3882E+08  0.3892E-21   0.000       0.000      0.4706E+05   0.000    
   59500  0.2004E-03  0.3367E-08 NODE        1819  -0.0%  0.4410E-06  0.3882E+08  0.3918E-21   0.000       0.000      0.4706E+05   0.000    
   59600  0.2007E-03  0.3367E-08 NODE        1818  -0.0%  0.2535E-04  0.3882E+08  0.3944E-21   0.000       0.000      0.4706E+05   0.000    
   59700  0.2010E-03  0.3367E-08 NODE        1820  -0.0%  0.1464E-05  0.3882E+08  0.3971E-21   0.000       0.000      0.4706E+05   0.000    
   59800  0.2014E-03  0.3367E-08 NODE        1818  -0.0%  0.2101E-04  0.3882E+08  0.3997E-21   0.000       0.000      0.4706E+05   0.000    
   59900  0.2017E-03  0.3367E-08 NODE        1818  -0.0%  0.8506E-05  0.3882E+08  0.4024E-21   0.000       0.000      0.4706E+05   0.000    
   CYCLE    TIME      TIME-STEP  ELEMENT          ERROR  I-ENERGY    K-ENERGY T  K-ENERGY R  EXT-WORK     MAS.ERR     TOTAL MASS  MASS ADDED
   60000  0.2020E-03  0.3367E-08 NODE        1820  -0.0%  0.1224E-04  0.3882E+08  0.4051E-21   0.000       0.000      0.4706E+05   0.000    
   60100  0.2024E-03  0.3367E-08 NODE        1822  -0.0%  0.1780E-04  0.3882E+08  0.4077E-21   0.000       0.000      0.4706E+05   0.000    
   60200  0.2027E-03  0.3367E-08 NODE        1819  -0.0%  0.3717E-05  0.3882E+08  0.4104E-21   0.000       0.000      0.4706E+05   0.000    
   60300  0.2031E-03  0.3367E-08 NODE        1819  -0.0%  0.2437E-04  0.3882E+08  0.4132E-21   0.000       0.000      0.4706E+05   0.000    
   60400  0.2034E-03  0.3367E-08 NODE        1818  -0.0%  0.8173E-08  0.3882E+08  0.4159E-21   0.000       0.000      0.4706E+05   0.000    
   60500  0.2037E-03  0.3367E-08 NODE        1822  -0.0%  0.2470E-04  0.3882E+08  0.4186E-21   0.000       0.000      0.4706E+05   0.000    
   60600  0.2041E-03  0.3367E-08 NODE        1818  -0.0%  0.3097E-05  0.3882E+08  0.4214E-21   0.000       0.000      0.4706E+05   0.000    
   60700  0.2044E-03  0.3367E-08 NODE        1818  -0.0%  0.1862E-04  0.3882E+08  0.4241E-21   0.000       0.000      0.4706E+05   0.000    
   60800  0.2047E-03  0.3367E-08 NODE        1818  -0.0%  0.1133E-04  0.3882E+08  0.4269E-21   0.000       0.000      0.4706E+05   0.000    
   60900  0.2051E-03  0.3367E-08 NODE        1824  -0.0%  0.9376E-05  0.3882E+08  0.4297E-21   0.000       0.000      0.4706E+05   0.000    
   61000  0.2054E-03  0.3367E-08 NODE        1819  -0.0%  0.2030E-04  0.3882E+08  0.4325E-21   0.000       0.000      0.4706E+05   0.000    
   61100  0.2057E-03  0.3367E-08 NODE        1820  -0.0%  0.1918E-05  0.3882E+08  0.4353E-21   0.000       0.000      0.4706E+05   0.000    
   61200  0.2061E-03  0.3367E-08 NODE        1818  -0.0%  0.2521E-04  0.3882E+08  0.4382E-21   0.000       0.000      0.4706E+05   0.000    
   61300  0.2064E-03  0.3367E-08 NODE        1819  -0.0%  0.2347E-06  0.3882E+08  0.4410E-21   0.000       0.000      0.4706E+05   0.000    
   61400  0.2068E-03  0.3367E-08 NODE        1824  -0.0%  0.2344E-04  0.3882E+08  0.4439E-21   0.000       0.000      0.4706E+05   0.000    
   61500  0.2071E-03  0.3367E-08 NODE        1819  -0.0%  0.5228E-05  0.3882E+08  0.4468E-21   0.000       0.000      0.4706E+05   0.000    
   61600  0.2074E-03  0.3367E-08 NODE        1818  -0.0%  0.1592E-04  0.3882E+08  0.4497E-21   0.000       0.000      0.4706E+05   0.000    
   61700  0.2078E-03  0.3367E-08 NODE        1820  -0.0%  0.1423E-04  0.3882E+08  0.4526E-21   0.000       0.000      0.4706E+05   0.000    
   61800  0.2081E-03  0.3367E-08 NODE        1818  -0.0%  0.6686E-05  0.3882E+08  0.4555E-21   0.000       0.000      0.4706E+05   0.000    
   61900  0.2084E-03  0.3367E-08 NODE        1819  -0.0%  0.2241E-04  0.3882E+08  0.4584E-21   0.000       0.000      0.4706E+05   0.000    
   62000  0.2088E-03  0.3367E-08 NODE        1818  -0.0%  0.6780E-06  0.3882E+08  0.4614E-21   0.000       0.000      0.4706E+05   0.000    
   62100  0.2091E-03  0.3367E-08 NODE        1819  -0.0%  0.2541E-04  0.3882E+08  0.4643E-21   0.000       0.000      0.4706E+05   0.000    
   62200  0.2095E-03  0.3367E-08 NODE        1818  -0.0%  0.1109E-05  0.3882E+08  0.4673E-21   0.000       0.000      0.4706E+05   0.000    
   62300  0.2098E-03  0.3367E-08 NODE        1819  -0.0%  0.2161E-04  0.3882E+08  0.4703E-21   0.000       0.000      0.4706E+05   0.000    
   62400  0.2101E-03  0.3367E-08 NODE        1818  -0.0%  0.7748E-05  0.3882E+08  0.4733E-21   0.000       0.000      0.4706E+05   0.000    
   62500  0.2105E-03  0.3367E-08 NODE        1822  -0.0%  0.1305E-04  0.3882E+08  0.4763E-21   0.000       0.000      0.4706E+05   0.000    
   62600  0.2108E-03  0.3367E-08 NODE        1818  -0.0%  0.1704E-04  0.3882E+08  0.4793E-21   0.000       0.000      0.4706E+05   0.000    
   62700  0.2111E-03  0.3367E-08 NODE        1822  -0.0%  0.4309E-05  0.3882E+08  0.4824E-21   0.000       0.000      0.4706E+05   0.000    
   62800  0.2115E-03  0.3367E-08 NODE        1818  -0.0%  0.2402E-04  0.3882E+08  0.4854E-21   0.000       0.000      0.4706E+05   0.000    
   62900  0.2118E-03  0.3367E-08 NODE        1822  -0.0%  0.6320E-07  0.3882E+08  0.4885E-21   0.000       0.000      0.4706E+05   0.000    
   63000  0.2121E-03  0.3367E-08 NODE        1818  -0.0%  0.2495E-04  0.3882E+08  0.4916E-21   0.000       0.000      0.4706E+05   0.000    
   63100  0.2125E-03  0.3367E-08 NODE        1818  -0.0%  0.2585E-05  0.3882E+08  0.4947E-21   0.000       0.000      0.4706E+05   0.000    
   63200  0.2128E-03  0.3367E-08 NODE        1818  -0.0%  0.1933E-04  0.3882E+08  0.4978E-21   0.000       0.000      0.4706E+05   0.000    
   63300  0.2132E-03  0.3367E-08 NODE        1818  -0.0%  0.1053E-04  0.3882E+08  0.5010E-21   0.000       0.000      0.4706E+05   0.000    
   63400  0.2135E-03  0.3367E-08 NODE        1819  -0.0%  0.1017E-04  0.3882E+08  0.5041E-21   0.000       0.000      0.4706E+05   0.000    
   63500  0.2138E-03  0.3367E-08 NODE        1819  -0.0%  0.1964E-04  0.3882E+08  0.5073E-21   0.000       0.000      0.4706E+05   0.000    
   63600  0.2142E-03  0.3367E-08 NODE        1818  -0.0%  0.2368E-05  0.3882E+08  0.5105E-21   0.000       0.000      0.4706E+05   0.000    
   63700  0.2145E-03  0.3367E-08 NODE        1818  -0.0%  0.2504E-04  0.3882E+08  0.5137E-21   0.000       0.000      0.4706E+05   0.000    
   63800  0.2148E-03  0.3367E-08 NODE        1818  -0.0%  0.1049E-06  0.3882E+08  0.5169E-21   0.000       0.000      0.4706E+05   0.000    
   63900  0.2152E-03  0.3367E-08 NODE        1820  -0.0%  0.2385E-04  0.3882E+08  0.5201E-21   0.000       0.000      0.4706E+05   0.000    
   64000  0.2155E-03  0.3367E-08 NODE        1818  -0.0%  0.4587E-05  0.3882E+08  0.5233E-21   0.000       0.000      0.4706E+05   0.000    
   64100  0.2158E-03  0.3367E-08 NODE        1818  -0.0%  0.1670E-04  0.3882E+08  0.5266E-21   0.000       0.000      0.4706E+05   0.000    
   64200  0.2162E-03  0.3367E-08 NODE        1822  -0.0%  0.1342E-04  0.3882E+08  0.5299E-21   0.000       0.000      0.4706E+05   0.000    
   64300  0.2165E-03  0.3367E-08 NODE        1820  -0.0%  0.7413E-05  0.3882E+08  0.5332E-21   0.000       0.000      0.4706E+05   0.000    
   64400  0.2169E-03  0.3367E-08 NODE        1819  -0.0%  0.2187E-04  0.3882E+08  0.5365E-21   0.000       0.000      0.4706E+05   0.000    
   64500  0.2172E-03  0.3367E-08 NODE        1821  -0.0%  0.9642E-06  0.3882E+08  0.5398E-21   0.000       0.000      0.4706E+05   0.000    
   64600  0.2175E-03  0.3367E-08 NODE        1818  -0.0%  0.2542E-04  0.3882E+08  0.5431E-21   0.000       0.000      0.4706E+05   0.000    
   64700  0.2179E-03  0.3367E-08 NODE        1818  -0.0%  0.8010E-06  0.3882E+08  0.5464E-21   0.000       0.000      0.4706E+05   0.000    
   64800  0.2182E-03  0.3367E-08 NODE        1822  -0.0%  0.2217E-04  0.3882E+08  0.5498E-21   0.000       0.000      0.4706E+05   0.000    
   64900  0.2185E-03  0.3367E-08 NODE        1818  -0.0%  0.7011E-05  0.3882E+08  0.5532E-21   0.000       0.000      0.4706E+05   0.000    
   65000  0.2189E-03  0.3367E-08 NODE        1818  -0.0%  0.1386E-04  0.3882E+08  0.5566E-21   0.000       0.000      0.4706E+05   0.000    
   65100  0.2192E-03  0.3367E-08 NODE        1824  -0.0%  0.1627E-04  0.3882E+08  0.5600E-21   0.000       0.000      0.4706E+05   0.000    
   65200  0.2196E-03  0.3367E-08 NODE        1820  -0.0%  0.4936E-05  0.3882E+08  0.5634E-21   0.000       0.000      0.4706E+05   0.000    
   65300  0.2199E-03  0.3367E-08 NODE        1824  -0.0%  0.2363E-04  0.3882E+08  0.5668E-21   0.000       0.000      0.4706E+05   0.000    
   65400  0.2202E-03  0.3367E-08 NODE        1824  -0.0%  0.1699E-06  0.3882E+08  0.5703E-21   0.000       0.000      0.4706E+05   0.000    
   65500  0.2206E-03  0.3367E-08 NODE        1819  -0.0%  0.2514E-04  0.3882E+08  0.5738E-21   0.000       0.000      0.4706E+05   0.000    
   65600  0.2209E-03  0.3367E-08 NODE        1818  -0.0%  0.2115E-05  0.3882E+08  0.5773E-21   0.000       0.000      0.4706E+05   0.000    
   65700  0.2212E-03  0.3367E-08 NODE        1822  -0.0%  0.2001E-04  0.3882E+08  0.5808E-21   0.000       0.000      0.4706E+05   0.000    
   65800  0.2216E-03  0.3367E-08 NODE        1820  -0.0%  0.9731E-05  0.3882E+08  0.5843E-21   0.000       0.000      0.4706E+05   0.000    
   65900  0.2219E-03  0.3367E-08 NODE        1824  -0.0%  0.1097E-04  0.3882E+08  0.5878E-21   0.000       0.000      0.4706E+05   0.000    
   66000  0.2222E-03  0.3367E-08 NODE        1822  -0.0%  0.1894E-04  0.3882E+08  0.5914E-21   0.000       0.000      0.4706E+05   0.000    
   66100  0.2226E-03  0.3367E-08 NODE        1818  -0.0%  0.2861E-05  0.3882E+08  0.5949E-21   0.000       0.000      0.4706E+05   0.000    
   66200  0.2229E-03  0.3367E-08 NODE        1818  -0.0%  0.2482E-04  0.3882E+08  0.5985E-21   0.000       0.000      0.4706E+05   0.000    
   66300  0.2233E-03  0.3367E-08 NODE        1818  -0.0%  0.2657E-07  0.3882E+08  0.6021E-21   0.000       0.000      0.4706E+05   0.000    
   66400  0.2236E-03  0.3367E-08 NODE        1818  -0.0%  0.2422E-04  0.3882E+08  0.6057E-21   0.000       0.000      0.4706E+05   0.000    
   66500  0.2239E-03  0.3367E-08 NODE        1818  -0.0%  0.3980E-05  0.3882E+08  0.6094E-21   0.000       0.000      0.4706E+05   0.000    
   66600  0.2243E-03  0.3367E-08 NODE        1824  -0.0%  0.1746E-04  0.3882E+08  0.6130E-21   0.000       0.000      0.4706E+05   0.000    
   66700  0.2246E-03  0.3367E-08 NODE        1824  -0.0%  0.1261E-04  0.3882E+08  0.6167E-21   0.000       0.000      0.4706E+05   0.000    
   66800  0.2249E-03  0.3367E-08 NODE        1822  -0.0%  0.8162E-05  0.3882E+08  0.6203E-21   0.000       0.000      0.4706E+05   0.000    
   66900  0.2253E-03  0.3367E-08 NODE        1820  -0.0%  0.2129E-04  0.3882E+08  0.6240E-21   0.000       0.000      0.4706E+05   0.000    
   67000  0.2256E-03  0.3367E-08 NODE        1821  -0.0%  0.1298E-05  0.3882E+08  0.6278E-21   0.000       0.000      0.4706E+05   0.000    
   67100  0.2260E-03  0.3367E-08 NODE        1818  -0.0%  0.2538E-04  0.3882E+08  0.6315E-21   0.000       0.000      0.4706E+05   0.000    
   67200  0.2263E-03  0.3367E-08 NODE        1818  -0.0%  0.5417E-06  0.3882E+08  0.6352E-21   0.000       0.000      0.4706E+05   0.000    
   67300  0.2266E-03  0.3367E-08 NODE        1818  -0.0%  0.2270E-04  0.3882E+08  0.6390E-21   0.000       0.000      0.4706E+05   0.000    
   67400  0.2270E-03  0.3367E-08 NODE        1820  -0.0%  0.6297E-05  0.3882E+08  0.6428E-21   0.000       0.000      0.4706E+05   0.000    
   67500  0.2273E-03  0.3367E-08 NODE        1818  -0.0%  0.1467E-04  0.3882E+08  0.6466E-21   0.000       0.000      0.4706E+05   0.000    
   67600  0.2276E-03  0.3367E-08 NODE        1818  -0.0%  0.1549E-04  0.3882E+08  0.6504E-21   0.000       0.000      0.4706E+05   0.000    
   67700  0.2280E-03  0.3367E-08 NODE        1820  -0.0%  0.5594E-05  0.3882E+08  0.6542E-21   0.000       0.000      0.4706E+05   0.000    
   67800  0.2283E-03  0.3367E-08 NODE        1818  -0.0%  0.2319E-04  0.3882E+08  0.6581E-21   0.000       0.000      0.4706E+05   0.000    
   67900  0.2286E-03  0.3367E-08 NODE        1818  -0.0%  0.3277E-06  0.3882E+08  0.6619E-21   0.000       0.000      0.4706E+05   0.000    
   68000  0.2290E-03  0.3367E-08 NODE        1820  -0.0%  0.2529E-04  0.3882E+08  0.6658E-21   0.000       0.000      0.4706E+05   0.000    
   68100  0.2293E-03  0.3367E-08 NODE        1819  -0.0%  0.1689E-05  0.3882E+08  0.6697E-21   0.000       0.000      0.4706E+05   0.000    
   68200  0.2297E-03  0.3367E-08 NODE        1822  -0.0%  0.2066E-04  0.3882E+08  0.6736E-21   0.000       0.000      0.4706E+05   0.000    
   68300  0.2300E-03  0.3367E-08 NODE        1824  -0.0%  0.8948E-05  0.3882E+08  0.6776E-21   0.000       0.000      0.4706E+05   0.000    
   68400  0.2303E-03  0.3367E-08 NODE        1821  -0.0%  0.1177E-04  0.3882E+08  0.6815E-21   0.000       0.000      0.4706E+05   0.000    
   68500  0.2307E-03  0.3367E-08 NODE        1821  -0.0%  0.1822E-04  0.3882E+08  0.6855E-21   0.000       0.000      0.4706E+05   0.000    
   68600  0.2310E-03  0.3367E-08 NODE        1818  -0.0%  0.3394E-05  0.3882E+08  0.6895E-21   0.000       0.000      0.4706E+05   0.000    
   68700  0.2313E-03  0.3367E-08 NODE        1820  -0.0%  0.2455E-04  0.3882E+08  0.6935E-21   0.000       0.000      0.4706E+05   0.000    
   68800  0.2317E-03  0.3367E-08 NODE        1818  -0.0%  0.3698E-11  0.3882E+08  0.6975E-21   0.000       0.000      0.4706E+05   0.000    
   68900  0.2320E-03  0.3367E-08 NODE        1820  -0.0%  0.2454E-04  0.3882E+08  0.7015E-21   0.000       0.000      0.4706E+05   0.000    
   69000  0.2323E-03  0.3367E-08 NODE        1821  -0.0%  0.3408E-05  0.3882E+08  0.7056E-21   0.000       0.000      0.4706E+05   0.000    
   69100  0.2327E-03  0.3367E-08 NODE        1824  -0.0%  0.1820E-04  0.3882E+08  0.7096E-21   0.000       0.000      0.4706E+05   0.000    
   69200  0.2330E-03  0.3367E-08 NODE        1821  -0.0%  0.1179E-04  0.3882E+08  0.7137E-21   0.000       0.000      0.4706E+05   0.000    
   69300  0.2334E-03  0.3367E-08 NODE        1819  -0.0%  0.8929E-05  0.3882E+08  0.7178E-21   0.000       0.000      0.4706E+05   0.000    
   69400  0.2337E-03  0.3367E-08 NODE        1819  -0.0%  0.2067E-04  0.3882E+08  0.7219E-21   0.000       0.000      0.4706E+05   0.000    
   69500  0.2340E-03  0.3367E-08 NODE        1819  -0.0%  0.1679E-05  0.3882E+08  0.7261E-21   0.000       0.000      0.4706E+05   0.000    
   69600  0.2344E-03  0.3367E-08 NODE        1821  -0.0%  0.2529E-04  0.3882E+08  0.7302E-21   0.000       0.000      0.4706E+05   0.000    
   69700  0.2347E-03  0.3367E-08 NODE        1824  -0.0%  0.3321E-06  0.3882E+08  0.7344E-21   0.000       0.000      0.4706E+05   0.000    
   69800  0.2350E-03  0.3367E-08 NODE        1818  -0.0%  0.2318E-04  0.3882E+08  0.7386E-21   0.000       0.000      0.4706E+05   0.000    
   69900  0.2354E-03  0.3367E-08 NODE        1819  -0.0%  0.5610E-05  0.3882E+08  0.7428E-21   0.000       0.000      0.4706E+05   0.000    
   CYCLE    TIME      TIME-STEP  ELEMENT          ERROR  I-ENERGY    K-ENERGY T  K-ENERGY R  EXT-WORK     MAS.ERR     TOTAL MASS  MASS ADDED
   70000  0.2357E-03  0.3367E-08 NODE        1821  -0.0%  0.1547E-04  0.3882E+08  0.7471E-21   0.000       0.000      0.4706E+05   0.000    
   70100  0.2361E-03  0.3367E-08 NODE        1819  -0.0%  0.1469E-04  0.3882E+08  0.7513E-21   0.000       0.000      0.4706E+05   0.000    
   70200  0.2364E-03  0.3367E-08 NODE        1818  -0.0%  0.6281E-05  0.3882E+08  0.7556E-21   0.000       0.000      0.4706E+05   0.000    
   70300  0.2367E-03  0.3367E-08 NODE        1819  -0.0%  0.2271E-04  0.3882E+08  0.7599E-21   0.000       0.000      0.4706E+05   0.000    
   70400  0.2371E-03  0.3367E-08 NODE        1818  -0.0%  0.5361E-06  0.3882E+08  0.7642E-21   0.000       0.000      0.4706E+05   0.000    
   70500  0.2374E-03  0.3367E-08 NODE        1821  -0.0%  0.2538E-04  0.3882E+08  0.7685E-21   0.000       0.000      0.4706E+05   0.000    
   70600  0.2377E-03  0.3367E-08 NODE        1821  -0.0%  0.1307E-05  0.3882E+08  0.7728E-21   0.000       0.000      0.4706E+05   0.000    
   70700  0.2381E-03  0.3367E-08 NODE        1819  -0.0%  0.2127E-04  0.3882E+08  0.7772E-21   0.000       0.000      0.4706E+05   0.000    
   70800  0.2384E-03  0.3367E-08 NODE        1818  -0.0%  0.8180E-05  0.3882E+08  0.7816E-21   0.000       0.000      0.4706E+05   0.000    
   70900  0.2387E-03  0.3367E-08 NODE        1819  -0.0%  0.1259E-04  0.3882E+08  0.7860E-21   0.000       0.000      0.4706E+05   0.000    
   71000  0.2391E-03  0.3367E-08 NODE        1818  -0.0%  0.1748E-04  0.3882E+08  0.7904E-21   0.000       0.000      0.4706E+05   0.000    
   71100  0.2394E-03  0.3367E-08 NODE        1819  -0.0%  0.3966E-05  0.3882E+08  0.7948E-21   0.000       0.000      0.4706E+05   0.000    
   71200  0.2398E-03  0.3367E-08 NODE        1821  -0.0%  0.2423E-04  0.3882E+08  0.7993E-21   0.000       0.000      0.4706E+05   0.000    
   71300  0.2401E-03  0.3367E-08 NODE        1819  -0.0%  0.2533E-07  0.3882E+08  0.8037E-21   0.000       0.000      0.4706E+05   0.000    
   71400  0.2404E-03  0.3367E-08 NODE        1819  -0.0%  0.2481E-04  0.3882E+08  0.8082E-21   0.000       0.000      0.4706E+05   0.000    
   71500  0.2408E-03  0.3367E-08 NODE        1819  -0.0%  0.2874E-05  0.3882E+08  0.8127E-21   0.000       0.000      0.4706E+05   0.000    
   71600  0.2411E-03  0.3367E-08 NODE        1821  -0.0%  0.1892E-04  0.3882E+08  0.8172E-21   0.000       0.000      0.4706E+05   0.000    
   71700  0.2414E-03  0.3367E-08 NODE        1818  -0.0%  0.1099E-04  0.3882E+08  0.8218E-21   0.000       0.000      0.4706E+05   0.000    
   71800  0.2418E-03  0.3367E-08 NODE        1819  -0.0%  0.9712E-05  0.3882E+08  0.8263E-21   0.000       0.000      0.4706E+05   0.000    
   71900  0.2421E-03  0.3367E-08 NODE        1819  -0.0%  0.2002E-04  0.3882E+08  0.8309E-21   0.000       0.000      0.4706E+05   0.000    
   72000  0.2425E-03  0.3367E-08 NODE        1821  -0.0%  0.2105E-05  0.3882E+08  0.8355E-21   0.000       0.000      0.4706E+05   0.000    
   72100  0.2428E-03  0.3367E-08 NODE        1819  -0.0%  0.2515E-04  0.3882E+08  0.8402E-21   0.000       0.000      0.4706E+05   0.000    
   72200  0.2431E-03  0.3367E-08 NODE        1821  -0.0%  0.1730E-06  0.3882E+08  0.8448E-21   0.000       0.000      0.4706E+05   0.000    
   72300  0.2435E-03  0.3367E-08 NODE        1818  -0.0%  0.2362E-04  0.3882E+08  0.8494E-21   0.000       0.000      0.4706E+05   0.000    
   72400  0.2438E-03  0.3367E-08 NODE        1819  -0.0%  0.4951E-05  0.3882E+08  0.8541E-21   0.000       0.000      0.4706E+05   0.000    
   72500  0.2441E-03  0.3367E-08 NODE        1819  -0.0%  0.1625E-04  0.3882E+08  0.8588E-21   0.000       0.000      0.4706E+05   0.000    
   72600  0.2445E-03  0.3367E-08 NODE        1818  -0.0%  0.1388E-04  0.3882E+08  0.8635E-21   0.000       0.000      0.4706E+05   0.000    
   72700  0.2448E-03  0.3367E-08 NODE        1818  -0.0%  0.6994E-05  0.3882E+08  0.8683E-21   0.000       0.000      0.4706E+05   0.000    
   72800  0.2451E-03  0.3367E-08 NODE        1819  -0.0%  0.2219E-04  0.3882E+08  0.8730E-21   0.000       0.000      0.4706E+05   0.000    
   72900  0.2455E-03  0.3367E-08 NODE        1819  -0.0%  0.7942E-06  0.3882E+08  0.8778E-21   0.000       0.000      0.4706E+05   0.000    
   73000  0.2458E-03  0.3367E-08 NODE        1818  -0.0%  0.2542E-04  0.3882E+08  0.8826E-21   0.000       0.000      0.4706E+05   0.000    
   73100  0.2462E-03  0.3367E-08 NODE        1818  -0.0%  0.9716E-06  0.3882E+08  0.8874E-21   0.000       0.000      0.4706E+05   0.000    
   73200  0.2465E-03  0.3367E-08 NODE        1819  -0.0%  0.2186E-04  0.3882E+08  0.8922E-21   0.000       0.000      0.4706E+05   0.000    
   73300  0.2468E-03  0.3367E-08 NODE        1819  -0.0%  0.7431E-05  0.3882E+08  0.8971E-21   0.000       0.000      0.4706E+05   0.000    
   73400  0.2472E-03  0.3367E-08 NODE        1818  -0.0%  0.1340E-04  0.3882E+08  0.9020E-21   0.000       0.000      0.4706E+05   0.000    
   73500  0.2475E-03  0.3367E-08 NODE        1819  -0.0%  0.1672E-04  0.3882E+08  0.9069E-21   0.000       0.000      0.4706E+05   0.000    
   73600  0.2478E-03  0.3367E-08 NODE        1821  -0.0%  0.4573E-05  0.3882E+08  0.9118E-21   0.000       0.000      0.4706E+05   0.000    
   73700  0.2482E-03  0.3367E-08 NODE        1819  -0.0%  0.2386E-04  0.3882E+08  0.9167E-21   0.000       0.000      0.4706E+05   0.000    
   73800  0.2485E-03  0.3367E-08 NODE        1824  -0.0%  0.1024E-06  0.3882E+08  0.9217E-21   0.000       0.000      0.4706E+05   0.000    
   73900  0.2488E-03  0.3367E-08 NODE        1818  -0.0%  0.2504E-04  0.3882E+08  0.9266E-21   0.000       0.000      0.4706E+05   0.000    
   74000  0.2492E-03  0.3367E-08 NODE        1818  -0.0%  0.2380E-05  0.3882E+08  0.9316E-21   0.000       0.000      0.4706E+05   0.000    
   74100  0.2495E-03  0.3367E-08 NODE        1819  -0.0%  0.1962E-04  0.3882E+08  0.9366E-21   0.000       0.000      0.4706E+05   0.000    
   74200  0.2499E-03  0.3367E-08 NODE        1821  -0.0%  0.1019E-04  0.3882E+08  0.9417E-21   0.000       0.000      0.4706E+05   0.000    
   74300  0.2502E-03  0.3367E-08 NODE        1818  -0.0%  0.1051E-04  0.3882E+08  0.9467E-21   0.000       0.000      0.4706E+05   0.000    
   74400  0.2505E-03  0.3367E-08 NODE        1818  -0.0%  0.1934E-04  0.3882E+08  0.9518E-21   0.000       0.000      0.4706E+05   0.000    
   74500  0.2509E-03  0.3367E-08 NODE        1819  -0.0%  0.2574E-05  0.3882E+08  0.9569E-21   0.000       0.000      0.4706E+05   0.000    
   74600  0.2512E-03  0.3367E-08 NODE        1819  -0.0%  0.2495E-04  0.3882E+08  0.9620E-21   0.000       0.000      0.4706E+05   0.000    
   74700  0.2515E-03  0.3367E-08 NODE        1819  -0.0%  0.6515E-07  0.3882E+08  0.9671E-21   0.000       0.000      0.4706E+05   0.000    
   74800  0.2519E-03  0.3367E-08 NODE        1818  -0.0%  0.2401E-04  0.3882E+08  0.9723E-21   0.000       0.000      0.4706E+05   0.000    
   74900  0.2522E-03  0.3367E-08 NODE        1818  -0.0%  0.4324E-05  0.3882E+08  0.9775E-21   0.000       0.000      0.4706E+05   0.000    
   75000  0.2526E-03  0.3367E-08 NODE        1818  -0.0%  0.1703E-04  0.3882E+08  0.9827E-21   0.000       0.000      0.4706E+05   0.000    
   75100  0.2529E-03  0.3367E-08 NODE        1821  -0.0%  0.1307E-04  0.3882E+08  0.9879E-21   0.000       0.000      0.4706E+05   0.000    
   75200  0.2532E-03  0.3367E-08 NODE        1819  -0.0%  0.7731E-05  0.3882E+08  0.9931E-21   0.000       0.000      0.4706E+05   0.000    
   75300  0.2536E-03  0.3367E-08 NODE        1821  -0.0%  0.2163E-04  0.3882E+08  0.9984E-21   0.000       0.000      0.4706E+05   0.000    
   75400  0.2539E-03  0.3367E-08 NODE        1821  -0.0%  0.1101E-05  0.3882E+08  0.1004E-20   0.000       0.000      0.4706E+05   0.000    
   75500  0.2542E-03  0.3367E-08 NODE        1821  -0.0%  0.2541E-04  0.3882E+08  0.1009E-20   0.000       0.000      0.4706E+05   0.000    
   75600  0.2546E-03  0.3367E-08 NODE        1819  -0.0%  0.6843E-06  0.3882E+08  0.1014E-20   0.000       0.000      0.4706E+05   0.000    
   75700  0.2549E-03  0.3367E-08 NODE        1818  -0.0%  0.2240E-04  0.3882E+08  0.1020E-20   0.000       0.000      0.4706E+05   0.000    
   75800  0.2552E-03  0.3367E-08 NODE        1819  -0.0%  0.6703E-05  0.3882E+08  0.1025E-20   0.000       0.000      0.4706E+05   0.000    
   75900  0.2556E-03  0.3367E-08 NODE        1824  -0.0%  0.1421E-04  0.3882E+08  0.1030E-20   0.000       0.000      0.4706E+05   0.000    
   76000  0.2559E-03  0.3367E-08 NODE        1821  -0.0%  0.1594E-04  0.3882E+08  0.1036E-20   0.000       0.000      0.4706E+05   0.000    
   76100  0.2563E-03  0.3367E-08 NODE        1821  -0.0%  0.5213E-05  0.3882E+08  0.1041E-20   0.000       0.000      0.4706E+05   0.000    
   76200  0.2566E-03  0.3367E-08 NODE        1818  -0.0%  0.2345E-04  0.3882E+08  0.1047E-20   0.000       0.000      0.4706E+05   0.000    
   76300  0.2569E-03  0.3367E-08 NODE        1818  -0.0%  0.2310E-06  0.3882E+08  0.1052E-20   0.000       0.000      0.4706E+05   0.000    
   76400  0.2573E-03  0.3367E-08 NODE        1819  -0.0%  0.2521E-04  0.3882E+08  0.1058E-20   0.000       0.000      0.4706E+05   0.000    
   76500  0.2576E-03  0.3367E-08 NODE        1819  -0.0%  0.1928E-05  0.3882E+08  0.1063E-20   0.000       0.000      0.4706E+05   0.000    
   76600  0.2579E-03  0.3367E-08 NODE        1818  -0.0%  0.2029E-04  0.3882E+08  0.1069E-20   0.000       0.000      0.4706E+05   0.000    
   76700  0.2583E-03  0.3367E-08 NODE        1821  -0.0%  0.9395E-05  0.3882E+08  0.1074E-20   0.000       0.000      0.4706E+05   0.000    
   76800  0.2586E-03  0.3367E-08 NODE        1818  -0.0%  0.1131E-04  0.3882E+08  0.1080E-20   0.000       0.000      0.4706E+05   0.000    
   76900  0.2590E-03  0.3367E-08 NODE        1818  -0.0%  0.1864E-04  0.3882E+08  0.1085E-20   0.000       0.000      0.4706E+05   0.000    
   77000  0.2593E-03  0.3367E-08 NODE        1818  -0.0%  0.3084E-05  0.3882E+08  0.1091E-20   0.000       0.000      0.4706E+05   0.000    
   77100  0.2596E-03  0.3367E-08 NODE        1819  -0.0%  0.2471E-04  0.3882E+08  0.1097E-20   0.000       0.000      0.4706E+05   0.000    
   77200  0.2600E-03  0.3367E-08 NODE        1819  -0.0%  0.8883E-08  0.3882E+08  0.1102E-20   0.000       0.000      0.4706E+05   0.000    
   77300  0.2603E-03  0.3367E-08 NODE        1821  -0.0%  0.2436E-04  0.3882E+08  0.1108E-20   0.000       0.000      0.4706E+05   0.000    
   77400  0.2606E-03  0.3367E-08 NODE        1824  -0.0%  0.3731E-05  0.3882E+08  0.1114E-20   0.000       0.000      0.4706E+05   0.000    
   77500  0.2610E-03  0.3367E-08 NODE        1821  -0.0%  0.1778E-04  0.3882E+08  0.1119E-20   0.000       0.000      0.4706E+05   0.000    
   77600  0.2613E-03  0.3367E-08 NODE        1821  -0.0%  0.1226E-04  0.3882E+08  0.1125E-20   0.000       0.000      0.4706E+05   0.000    
   77700  0.2616E-03  0.3367E-08 NODE        1819  -0.0%  0.8488E-05  0.3882E+08  0.1131E-20   0.000       0.000      0.4706E+05   0.000    
   77800  0.2620E-03  0.3367E-08 NODE        1819  -0.0%  0.2103E-04  0.3882E+08  0.1137E-20   0.000       0.000      0.4706E+05   0.000    
   77900  0.2623E-03  0.3367E-08 NODE        1821  -0.0%  0.1455E-05  0.3882E+08  0.1143E-20   0.000       0.000      0.4706E+05   0.000    
   78000  0.2627E-03  0.3367E-08 NODE        1821  -0.0%  0.2535E-04  0.3882E+08  0.1148E-20   0.000       0.000      0.4706E+05   0.000    
   78100  0.2630E-03  0.3367E-08 NODE        1818  -0.0%  0.4461E-06  0.3882E+08  0.1154E-20   0.000       0.000      0.4706E+05   0.000    
   78200  0.2633E-03  0.3367E-08 NODE        1819  -0.0%  0.2291E-04  0.3882E+08  0.1160E-20   0.000       0.000      0.4706E+05   0.000    
   78300  0.2637E-03  0.3367E-08 NODE        1821  -0.0%  0.6000E-05  0.3882E+08  0.1166E-20   0.000       0.000      0.4706E+05   0.000    
