 I02D_LAP_ELASTIC_H05_R1_0001.out
************************************************************************
**                                                                    **
**                                                                    **
**                         OpenRadioss Engine                         **
**                                                                    **
**            Non-linear Finite Element Analysis Software             **
**                                                                    **
**                                                                    **
**                                                                    **
**                  Windows 64 bits, Intel compiler                   **
**                      Double Precision Version                      **
**                                                                    **
**                                                                    **
**                                                                    **
************************************************************************
** OpenRadioss Software                                               **
** COPYRIGHT (C) 2026 Siemens                                         **
** Licensed under GNU Affero General Public License.                  **
** See License file.                                                  **
************************************************************************
 
 NUMBER OF SPMD DOMAINS           1
 NUMBER OF THREADS PER DOMAIN     1
 NUMBER OF HMPP PROCESSES         1
  
 COMPUTATION HARDWARE DESCRIPTION
  
 HOSTNAME     CPU TYPE, FREQUENCY AND MEMORY
 jeux   AMD Ryzen 5 5600 6-Core Processor               (x86_64), 3700 MHz,   6493 MB RAM,  18090 MB swap
  
 STACKSIZE  . . . . . . . . . . . . . . . . . . . . 1430 MB
 THREAD STACKSIZE . . . . . . . . . . . . . . . . . 400 MB
 
************************************************************************


 I02D_LAP_ELASTIC_H05_R1D01                                                      


 FINAL TIME . . . . . . . . . . . . . . . . . . .   5.000000    

 TIME INTERVAL FOR TIME HISTORY PLOTS . . . . . .  0.2000000E-02

 TIME STEP SCALE FACTOR . . . . . . . . . . . . .  0.2000000    

 MINIMUM TIME STEP  . . . . . . . . . . . . . . .   0.000000    


 BRICK TIME STEP SCALE FACTOR . . . . . . . . . .  0.2000000    
 BRICK MINIMUM TIME STEP. . . . . . . . . . . . .   0.000000    
 MIN. TIME STEP FLAG (1:STOP RUN, 2:DELETE BRICK)     1

 QUAD TIME STEP SCALE FACTOR. . . . . . . . . . .  0.2000000    
 QUAD MINIMUM TIME STEP . . . . . . . . . . . . .   0.000000    
 MIN. TIME STEP FLAG (1:STOP RUN, 2:DELETE QUAD).     1

 SHELL TIME STEP SCALE FACTOR . . . . . . . . . .  0.2000000    
 SHELL MINIMUM TIME STEP. . . . . . . . . . . . .   0.000000    
 MIN. TIME FLAG (1:STOP, 2:DELETE, 3:SMALL STRAIN)    2

 TRUSS TIME STEP SCALE FACTOR . . . . . . . . . .  0.2000000    
 TRUSS MINIMUM TIME STEP. . . . . . . . . . . . .   0.000000    
 MIN. TIME FLAG (1:STOP, 2:DELETE). . . . . . . .     0

 BEAM TIME STEP SCALE FACTOR. . . . . . . . . . .  0.2000000    
 BEAM MINIMUM TIME STEP . . . . . . . . . . . . .   0.000000    
 MIN. TIME FLAG (1:STOP, 2:DELETE). . . . . . . .     0

 SPRING TIME STEP SCALE FACTOR. . . . . . . . . .  0.2000000    
 SPRING MINIMUM TIME STEP . . . . . . . . . . . .   0.000000    
 MIN. TIME FLAG (1:STOP, 2:DELETE). . . . . . . .     0

 AIRBAG TIME STEP SCALE FACTOR. . . . . . . . . .  0.2000000    
 AIRBAG MINIMUM TIME STEP . . . . . . . . . . . .   0.000000    
 MIN. TIME FLAG (1:STOP). . . . . . . . . . . . .     0

 CONTACT TIME STEP SCALE FACTOR . . . . . . . . .  0.2000000    
 CONTACT MINIMUM TIME STEP. . . . . . . . . . . .   0.000000    
 MIN. TIME FLAG(1:STOP, 2:REMOVE NODE FROM INTERF)    0

 PRINTOUT CYCLE FREQUENCY . . . . . . . . . . . .  -100

 RESTART CYCLE FREQUENCY. . . . . . . . . . . . .   10000000

 MAXIMUM RESTART WRITE BEFORE OVERWRITE . . . . .     0

 INVERS: INPUT DECK VERSION . . . . . . . . . . .  2026
 ITTYP : FLAG FOR TYPE OF T-FILE. . . . . . . . .     4

 INITIAL TIME STEP. . . . . . . . . . . . . . . .  0.5000000E-04
 MAXIMUM TIME STEP. . . . . . . . . . . . . . . .  0.5000000E-04

 PARALLEL ARITHMETIC ON
 NUMBER OF INTERFACES TO BE ELIMINATED. . . . . .        0

 NUMBER OF PARTS TO BE ELIMINATED . . . . . . . .        0

 NUMBER OF SOLID  ELEMENT BLOCKS TO BE ELIMINATED        0

 NUMBER OF QUAD   ELEMENT BLOCKS TO BE ELIMINATED        0

 NUMBER OF SHELL  ELEMENT BLOCKS TO BE ELIMINATED        0

 NUMBER OF TRUSS  ELEMENT BLOCKS TO BE ELIMINATED        0

 NUMBER OF BEAM   ELEMENT BLOCKS TO BE ELIMINATED        0

 NUMBER OF SPRING ELEMENT BLOCKS TO BE ELIMINATED        0

 NUMBER OF SH_3N  ELEMENT BLOCKS TO BE ELIMINATED        0

 NUMBER OF  SPH PARTICLES BLOCKS TO BE ELIMINATED        0

 NUMBER OF RIGID LINKS. . . . . . . . . . . . . .        0

 NUMBER OF NEW BOUNDARY CONDITIONS. . . . . . . .        0


 TIME FOR FIRST ANIMATION-FILE PLOT . . . . . . .   0.000000    
 TIME INTERVAL FOR ANIMATION-FILE PLOTS . . . . .  0.1666667    
 TIME TO STOP ANIMATION-FILE PLOTS. . . . . . . .  0.1000000E+21
 SENSOR FOR ANIMATION-FILE PLOTS. . . . . . . . .          0
 TIME INTERVAL FOR SENSOR ANIMATION-FILE PLOTS. .   0.000000    

 VARIABLE SAVED ON ANIMATION FILES (1: YES) :
      PLASTIC STRAIN. . . . . .     0
      DENSITY     (SOLID ONLY).     0
      SPECIFIC ENERGY . . . . .     0
      HOURGLASS ENERGY. . . . .     0
      TEMPERATURE (SOLID ONLY).     0
      THICKNESS   (SHELL ONLY).     0
      PRESSURE    (SOLID ONLY).     0
      VON MISES . . . . . . . .     0
      TURBULENT ENERGY (FLUID).     0
      TURBULENT VISCOSITY(FLUID)    0
      VORTICITY (FLUID) . . . .     0
 NODAL VALUES SAVED ON ANIMATION FILES (1: YES) :
      PRESSURE. . . . . . . . .     0
      DENSITY . . . . . . . . .     0
      TEMPERATURE . . . . . . .     0
 VECTOR SAVED ON ANIMATION FILES (1: YES) :
      VELOCITY VECTOR . . . . .     1
      DISPLACEMENT VECTOR . . .     1
      ACCELERATION VECTOR . . .     0
      CONTACT FORCES. . . . . .     0
      INTERNAL FORCES . . . . .     0
      EXTERNAL FORCES . . . . .     0
      SECTION RBY RWALL FORCES.     0
      ROTATIONAL VELOCITY VECTOR    0
      CONTACT PRESSURE (VECTORS)    0
 SHELL TENSOR SAVED ON ANIMATION FILES (1: YES) :
      MEMBRANE STRESS . . . . .     0
      BENDING STRESS(MOMENT/T^2)    0
      UPPER LAYER STRESS. . . .     0
      LOWER LAYER STRESS. . . .     0
      MEMBRANE STRAIN . . . . .     0
      CURVATURE . . . . . . . .     0
      UPPER LAYER STRAIN. . . .     0
      LOWER LAYER STRAIN. . . .     0
 NODAL MASS SAVED ON ANIMATION FILES (1: YES) :    0
 KEEP DELETED ELEMENT (1: YES) :    0


 13/09/2026
   CYCLE    TIME      TIME-STEP  ELEMENT          ERROR  I-ENERGY    K-ENERGY T  K-ENERGY R  EXT-WORK     MAS.ERR     TOTAL MASS  MASS ADDED
       0   0.000      0.5000E-04 NODE          60   0.0%   0.000       0.000       0.000       0.000       0.000       15.43       0.000    
     ANIMATION FILE: I02D_LAP_ELASTIC_H05_R1A001 WRITTEN
     100  0.5000E-02  0.5000E-04 NODE          60  -0.0%  0.1523E-10  0.1941E-10  0.3922E-12  0.3503E-10   0.000       15.43       0.000    
     200  0.1000E-01  0.5000E-04 NODE          60  -0.2%  0.1089E-09  0.1364E-09  0.1212E-11  0.2469E-09   0.000       15.43       0.000    
     300  0.1500E-01  0.5000E-04 NODE          60  -0.0%  0.3447E-09  0.4584E-09  0.2661E-11  0.8058E-09   0.000       15.43       0.000    
     400  0.2000E-01  0.5000E-04 NODE          59  -0.0%  0.7066E-09  0.1117E-08  0.6006E-11  0.1831E-08   0.000       15.43       0.000    
     500  0.2500E-01  0.5000E-04 NODE          60  -0.0%  0.1339E-08  0.2022E-08  0.1391E-10  0.3375E-08   0.000       15.43       0.000    
     600  0.3000E-01  0.5000E-04 NODE          59  -0.1%  0.2490E-08  0.2906E-08  0.2508E-10  0.5424E-08   0.000       15.43       0.000    
     700  0.3500E-01  0.5000E-04 NODE          60  -0.1%  0.4445E-08  0.3547E-08  0.3847E-10  0.8035E-08   0.000       15.43       0.000    
     800  0.4000E-01  0.5000E-04 NODE          59  -0.1%  0.7432E-08  0.4171E-08  0.5080E-10  0.1166E-07   0.000       15.43       0.000    
     900  0.4500E-01  0.5000E-04 NODE          61  -0.1%  0.1183E-07  0.5261E-08  0.6011E-10  0.1717E-07   0.000       15.43       0.000    
    1000  0.5000E-01  0.5000E-04 NODE          61  -0.1%  0.1790E-07  0.6880E-08  0.7154E-10  0.2488E-07   0.000       15.43       0.000    
    1100  0.5500E-01  0.5000E-04 NODE          61  -0.1%  0.2597E-07  0.8861E-08  0.8499E-10  0.3495E-07   0.000       15.43       0.000    
    1200  0.6000E-01  0.5000E-04 NODE          61  -0.1%  0.3634E-07  0.1113E-07  0.1040E-09  0.4762E-07   0.000       15.43       0.000    
    1300  0.6500E-01  0.5000E-04 NODE          61  -0.1%  0.4961E-07  0.1321E-07  0.1300E-09  0.6302E-07   0.000       15.43       0.000    
    1400  0.7000E-01  0.5000E-04 NODE          59  -0.1%  0.6621E-07  0.1495E-07  0.1619E-09  0.8140E-07   0.000       15.43       0.000    
    1500  0.7500E-01  0.5000E-04 NODE          61  -0.1%  0.8669E-07  0.1687E-07  0.1996E-09  0.1039E-06   0.000       15.43       0.000    
    1600  0.8000E-01  0.5000E-04 NODE          59  -0.1%  0.1115E-06  0.1981E-07  0.2456E-09  0.1317E-06   0.000       15.43       0.000    
    1700  0.8500E-01  0.5000E-04 NODE          59  -0.1%  0.1412E-06  0.2404E-07  0.3047E-09  0.1658E-06   0.000       15.43       0.000    
    1800  0.9000E-01  0.5000E-04 NODE          61  -0.1%  0.1763E-06  0.2885E-07  0.3651E-09  0.2058E-06   0.000       15.43       0.000    
    1900  0.9500E-01  0.5000E-04 NODE          61  -0.1%  0.2176E-06  0.3386E-07  0.4263E-09  0.2521E-06   0.000       15.43       0.000    
    2000  0.1000      0.5000E-04 NODE          61  -0.1%  0.2655E-06  0.3843E-07  0.4819E-09  0.3048E-06   0.000       15.43       0.000    
    2100  0.1050      0.5000E-04 NODE          61  -0.1%  0.3211E-06  0.4217E-07  0.5286E-09  0.3642E-06   0.000       15.43       0.000    
    2200  0.1100      0.5000E-04 NODE          61  -0.1%  0.3847E-06  0.4589E-07  0.5667E-09  0.4317E-06   0.000       15.43       0.000    
    2300  0.1150      0.5000E-04 NODE          61  -0.1%  0.4575E-06  0.5086E-07  0.6007E-09  0.5096E-06   0.000       15.43       0.000    
    2400  0.1200      0.5000E-04 NODE          59  -0.1%  0.5398E-06  0.5765E-07  0.6402E-09  0.5989E-06   0.000       15.43       0.000    
    2500  0.1250      0.5000E-04 NODE          59  -0.1%  0.6327E-06  0.6569E-07  0.6819E-09  0.6999E-06   0.000       15.43       0.000    
    2600  0.1300      0.5000E-04 NODE          59  -0.1%  0.7366E-06  0.7418E-07  0.7404E-09  0.8125E-06   0.000       15.43       0.000    
    2700  0.1350      0.5000E-04 NODE          59  -0.1%  0.8527E-06  0.8292E-07  0.8120E-09  0.9376E-06   0.000       15.43       0.000    
    2800  0.1400      0.5000E-04 NODE          59  -0.1%  0.9815E-06  0.9124E-07  0.8885E-09  0.1075E-05   0.000       15.43       0.000    
    2900  0.1450      0.5000E-04 NODE          59  -0.1%  0.1124E-05  0.9993E-07  0.9604E-09  0.1227E-05   0.000       15.43       0.000    
    3000  0.1500      0.5000E-04 NODE          59  -0.1%  0.1281E-05  0.1105E-06  0.1016E-08  0.1395E-05   0.000       15.43       0.000    
    3100  0.1550      0.5000E-04 NODE          61  -0.1%  0.1454E-05  0.1234E-06  0.1052E-08  0.1581E-05   0.000       15.43       0.000    
    3200  0.1600      0.5000E-04 NODE          61  -0.1%  0.1643E-05  0.1379E-06  0.1075E-08  0.1785E-05   0.000       15.43       0.000    
    3300  0.1650      0.5000E-04 NODE          61  -0.1%  0.1850E-05  0.1530E-06  0.1107E-08  0.2007E-05   0.000       15.43       0.000    
     ANIMATION FILE: I02D_LAP_ELASTIC_H05_R1A002 WRITTEN
    3400  0.1700      0.5000E-04 NODE          59  -0.1%  0.2075E-05  0.1687E-06  0.1152E-08  0.2248E-05   0.000       15.43       0.000    
    3500  0.1750      0.5000E-04 NODE          59  -0.1%  0.2319E-05  0.1850E-06  0.1218E-08  0.2509E-05   0.000       15.43       0.000    
    3600  0.1800      0.5000E-04 NODE          59  -0.1%  0.2584E-05  0.2026E-06  0.1311E-08  0.2792E-05   0.000       15.43       0.000    
    3700  0.1850      0.5000E-04 NODE          59  -0.1%  0.2870E-05  0.2237E-06  0.1427E-08  0.3100E-05   0.000       15.43       0.000    
    3800  0.1900      0.5000E-04 NODE          59  -0.1%  0.3179E-05  0.2488E-06  0.1560E-08  0.3434E-05   0.000       15.43       0.000    
    3900  0.1950      0.5000E-04 NODE          59  -0.1%  0.3511E-05  0.2765E-06  0.1705E-08  0.3795E-05   0.000       15.43       0.000    
    4000  0.2000      0.5000E-04 NODE          59  -0.1%  0.3867E-05  0.3054E-06  0.1858E-08  0.4181E-05   0.000       15.43       0.000    
    4100  0.2050      0.5000E-04 NODE          59  -0.1%  0.4250E-05  0.3348E-06  0.2002E-08  0.4594E-05   0.000       15.43       0.000    
    4200  0.2100      0.5000E-04 NODE          59  -0.1%  0.4660E-05  0.3648E-06  0.2147E-08  0.5034E-05   0.000       15.43       0.000    
    4300  0.2150      0.5000E-04 NODE          59  -0.1%  0.5098E-05  0.3961E-06  0.2298E-08  0.5505E-05   0.000       15.43       0.000    
    4400  0.2200      0.5000E-04 NODE          59  -0.2%  0.5565E-05  0.4309E-06  0.2461E-08  0.6008E-05   0.000       15.43       0.000    
    4500  0.2250      0.5000E-04 NODE          61  -0.2%  0.6064E-05  0.4704E-06  0.2633E-08  0.6547E-05   0.000       15.43       0.000    
    4600  0.2300      0.5000E-04 NODE          61  -0.2%  0.6594E-05  0.5132E-06  0.2833E-08  0.7121E-05   0.000       15.43       0.000    
    4700  0.2350      0.5000E-04 NODE          61  -0.2%  0.7157E-05  0.5578E-06  0.3049E-08  0.7730E-05   0.000       15.43       0.000    
    4800  0.2400      0.5000E-04 NODE          61  -0.2%  0.7755E-05  0.6031E-06  0.3293E-08  0.8374E-05   0.000       15.43       0.000    
    4900  0.2450      0.5000E-04 NODE          61  -0.2%  0.8389E-05  0.6492E-06  0.3567E-08  0.9056E-05   0.000       15.43       0.000    
    5000  0.2500      0.5000E-04 NODE          61  -0.2%  0.9060E-05  0.6968E-06  0.3864E-08  0.9776E-05   0.000       15.43       0.000    
    5100  0.2550      0.5000E-04 NODE          59  -0.2%  0.9771E-05  0.7474E-06  0.4154E-08  0.1054E-04   0.000       15.43       0.000    
    5200  0.2600      0.5000E-04 NODE          59  -0.2%  0.1052E-04  0.8022E-06  0.4420E-08  0.1135E-04   0.000       15.43       0.000    
    5300  0.2650      0.5000E-04 NODE          59  -0.2%  0.1131E-04  0.8593E-06  0.4662E-08  0.1220E-04   0.000       15.43       0.000    
    5400  0.2700      0.5000E-04 NODE          59  -0.2%  0.1215E-04  0.9164E-06  0.4868E-08  0.1309E-04   0.000       15.43       0.000    
    5500  0.2750      0.5000E-04 NODE          59  -0.2%  0.1303E-04  0.9726E-06  0.5066E-08  0.1403E-04   0.000       15.43       0.000    
    5600  0.2800      0.5000E-04 NODE          61  -0.2%  0.1396E-04  0.1028E-05  0.5277E-08  0.1502E-04   0.000       15.43       0.000    
    5700  0.2850      0.5000E-04 NODE          61  -0.2%  0.1493E-04  0.1085E-05  0.5511E-08  0.1605E-04   0.000       15.43       0.000    
    5800  0.2900      0.5000E-04 NODE          61  -0.2%  0.1596E-04  0.1144E-05  0.5757E-08  0.1714E-04   0.000       15.43       0.000    
    5900  0.2950      0.5000E-04 NODE          61  -0.2%  0.1704E-04  0.1208E-05  0.6035E-08  0.1828E-04   0.000       15.43       0.000    
    6000  0.3000      0.5000E-04 NODE          61  -0.2%  0.1817E-04  0.1274E-05  0.6323E-08  0.1948E-04   0.000       15.43       0.000    
    6100  0.3050      0.5000E-04 NODE          59  -0.2%  0.1935E-04  0.1340E-05  0.6599E-08  0.2074E-04   0.000       15.43       0.000    
    6200  0.3100      0.5000E-04 NODE          59  -0.2%  0.2060E-04  0.1403E-05  0.6843E-08  0.2204E-04   0.000       15.43       0.000    
    6300  0.3150      0.5000E-04 NODE          59  -0.2%  0.2190E-04  0.1464E-05  0.7062E-08  0.2341E-04   0.000       15.43       0.000    
    6400  0.3200      0.5000E-04 NODE          59  -0.2%  0.2326E-04  0.1524E-05  0.7238E-08  0.2483E-04   0.000       15.43       0.000    
    6500  0.3250      0.5000E-04 NODE          59  -0.2%  0.2468E-04  0.1584E-05  0.7404E-08  0.2632E-04   0.000       15.43       0.000    
    6600  0.3300      0.5000E-04 NODE          59  -0.2%  0.2617E-04  0.1648E-05  0.7582E-08  0.2787E-04   0.000       15.43       0.000    
     ANIMATION FILE: I02D_LAP_ELASTIC_H05_R1A003 WRITTEN
    6700  0.3350      0.5000E-04 NODE          61  -0.2%  0.2772E-04  0.1714E-05  0.7783E-08  0.2950E-04   0.000       15.43       0.000    
    6800  0.3400      0.5000E-04 NODE          61  -0.2%  0.2934E-04  0.1779E-05  0.8007E-08  0.3118E-04   0.000       15.43       0.000    
    6900  0.3450      0.5000E-04 NODE          61  -0.2%  0.3103E-04  0.1841E-05  0.8265E-08  0.3294E-04   0.000       15.43       0.000    
    7000  0.3500      0.5000E-04 NODE          61  -0.2%  0.3280E-04  0.1900E-05  0.8560E-08  0.3477E-04   0.000       15.43       0.000    
    7100  0.3550      0.5000E-04 NODE          61  -0.2%  0.3463E-04  0.1958E-05  0.8864E-08  0.3666E-04   0.000       15.43       0.000    
    7200  0.3600      0.5000E-04 NODE          61  -0.2%  0.3654E-04  0.2015E-05  0.9196E-08  0.3864E-04   0.000       15.43       0.000    
    7300  0.3650      0.5000E-04 NODE          59  -0.2%  0.3853E-04  0.2075E-05  0.9513E-08  0.4069E-04   0.000       15.43       0.000    
    7400  0.3700      0.5000E-04 NODE          59  -0.2%  0.4060E-04  0.2134E-05  0.9809E-08  0.4282E-04   0.000       15.43       0.000    
    7500  0.3750      0.5000E-04 NODE          59  -0.2%  0.4275E-04  0.2192E-05  0.1006E-07  0.4503E-04   0.000       15.43       0.000    
    7600  0.3800      0.5000E-04 NODE          59  -0.2%  0.4498E-04  0.2243E-05  0.1031E-07  0.4732E-04   0.000       15.43       0.000    
    7700  0.3850      0.5000E-04 NODE          59  -0.2%  0.4730E-04  0.2290E-05  0.1056E-07  0.4969E-04   0.000       15.43       0.000    
    7800  0.3900      0.5000E-04 NODE          60  -0.2%  0.4971E-04  0.2335E-05  0.1081E-07  0.5215E-04   0.000       15.43       0.000    
    7900  0.3950      0.5000E-04 NODE          60  -0.2%  0.5221E-04  0.2378E-05  0.1109E-07  0.5469E-04   0.000       15.43       0.000    
    8000  0.4000      0.5000E-04 NODE          60  -0.2%  0.5479E-04  0.2424E-05  0.1138E-07  0.5733E-04   0.000       15.43       0.000    
    8100  0.4050      0.5000E-04 NODE          60  -0.2%  0.5747E-04  0.2470E-05  0.1169E-07  0.6006E-04   0.000       15.43       0.000    
    8200  0.4100      0.5000E-04 NODE          60  -0.2%  0.6025E-04  0.2514E-05  0.1201E-07  0.6289E-04   0.000       15.43       0.000    
    8300  0.4150      0.5000E-04 NODE          60  -0.2%  0.6312E-04  0.2551E-05  0.1232E-07  0.6581E-04   0.000       15.43       0.000    
    8400  0.4200      0.5000E-04 NODE          60  -0.2%  0.6610E-04  0.2582E-05  0.1258E-07  0.6882E-04   0.000       15.43       0.000    
    8500  0.4250      0.5000E-04 NODE          60  -0.2%  0.6917E-04  0.2609E-05  0.1277E-07  0.7193E-04   0.000       15.43       0.000    
    8600  0.4300      0.5000E-04 NODE          60  -0.2%  0.7235E-04  0.2633E-05  0.1288E-07  0.7514E-04   0.000       15.43       0.000    
    8700  0.4350      0.5000E-04 NODE          60  -0.2%  0.7564E-04  0.2658E-05  0.1295E-07  0.7845E-04   0.000       15.43       0.000    
    8800  0.4400      0.5000E-04 NODE          60  -0.2%  0.7903E-04  0.2682E-05  0.1299E-07  0.8188E-04   0.000       15.43       0.000    
    8900  0.4450      0.5000E-04 NODE          60  -0.2%  0.8253E-04  0.2704E-05  0.1306E-07  0.8541E-04   0.000       15.43       0.000    
    9000  0.4500      0.5000E-04 NODE          60  -0.2%  0.8615E-04  0.2720E-05  0.1315E-07  0.8905E-04   0.000       15.43       0.000    
    9100  0.4550      0.5000E-04 NODE          60  -0.2%  0.8988E-04  0.2732E-05  0.1326E-07  0.9280E-04   0.000       15.43       0.000    
    9200  0.4600      0.5000E-04 NODE          60  -0.2%  0.9372E-04  0.2741E-05  0.1339E-07  0.9666E-04   0.000       15.43       0.000    
    9300  0.4650      0.5000E-04 NODE          60  -0.2%  0.9769E-04  0.2750E-05  0.1352E-07  0.1006E-03   0.000       15.43       0.000    
    9400  0.4700      0.5000E-04 NODE          60  -0.2%  0.1018E-03  0.2760E-05  0.1361E-07  0.1047E-03   0.000       15.43       0.000    
    9500  0.4750      0.5000E-04 NODE          60  -0.2%  0.1060E-03  0.2769E-05  0.1366E-07  0.1090E-03   0.000       15.43       0.000    
    9600  0.4800      0.5000E-04 NODE          60  -0.2%  0.1103E-03  0.2777E-05  0.1368E-07  0.1133E-03   0.000       15.43       0.000    
    9700  0.4850      0.5000E-04 NODE          60  -0.2%  0.1148E-03  0.2779E-05  0.1365E-07  0.1178E-03   0.000       15.43       0.000    
    9800  0.4900      0.5000E-04 NODE          60  -0.2%  0.1194E-03  0.2777E-05  0.1362E-07  0.1224E-03   0.000       15.43       0.000    
    9900  0.4950      0.5000E-04 NODE          60  -0.2%  0.1241E-03  0.2773E-05  0.1361E-07  0.1271E-03   0.000       15.43       0.000    
   CYCLE    TIME      TIME-STEP  ELEMENT          ERROR  I-ENERGY    K-ENERGY T  K-ENERGY R  EXT-WORK     MAS.ERR     TOTAL MASS  MASS ADDED
   10000  0.5000      0.5000E-04 NODE          60  -0.2%  0.1289E-03  0.2770E-05  0.1364E-07  0.1320E-03   0.000       15.43       0.000    
     ANIMATION FILE: I02D_LAP_ELASTIC_H05_R1A004 WRITTEN
   10100  0.5050      0.5000E-04 NODE          60  -0.2%  0.1339E-03  0.2771E-05  0.1369E-07  0.1370E-03   0.000       15.43       0.000    
   10200  0.5100      0.5000E-04 NODE          60  -0.2%  0.1391E-03  0.2774E-05  0.1379E-07  0.1421E-03   0.000       15.43       0.000    
   10300  0.5150      0.5000E-04 NODE          60  -0.2%  0.1443E-03  0.2779E-05  0.1392E-07  0.1474E-03   0.000       15.43       0.000    
   10400  0.5200      0.5000E-04 NODE          60  -0.2%  0.1498E-03  0.2780E-05  0.1409E-07  0.1528E-03   0.000       15.43       0.000    
   10500  0.5250      0.5000E-04 NODE          60  -0.2%  0.1553E-03  0.2777E-05  0.1428E-07  0.1584E-03   0.000       15.43       0.000    
   10600  0.5300      0.5000E-04 NODE          60  -0.2%  0.1610E-03  0.2773E-05  0.1447E-07  0.1641E-03   0.000       15.43       0.000    
   10700  0.5350      0.5000E-04 NODE          60  -0.2%  0.1669E-03  0.2772E-05  0.1461E-07  0.1700E-03   0.000       15.43       0.000    
   10800  0.5400      0.5000E-04 NODE          60  -0.2%  0.1729E-03  0.2773E-05  0.1471E-07  0.1760E-03   0.000       15.43       0.000    
   10900  0.5450      0.5000E-04 NODE          60  -0.2%  0.1791E-03  0.2776E-05  0.1480E-07  0.1822E-03   0.000       15.43       0.000    
   11000  0.5500      0.5000E-04 NODE          60  -0.2%  0.1854E-03  0.2781E-05  0.1488E-07  0.1885E-03   0.000       15.43       0.000    
   11100  0.5550      0.5000E-04 NODE          60  -0.2%  0.1919E-03  0.2784E-05  0.1501E-07  0.1950E-03   0.000       15.43       0.000    
   11200  0.5600      0.5000E-04 NODE          60  -0.2%  0.1985E-03  0.2783E-05  0.1520E-07  0.2017E-03   0.000       15.43       0.000    
   11300  0.5650      0.5000E-04 NODE          60  -0.2%  0.2053E-03  0.2784E-05  0.1545E-07  0.2085E-03   0.000       15.43       0.000    
   11400  0.5700      0.5000E-04 NODE          60  -0.2%  0.2123E-03  0.2789E-05  0.1570E-07  0.2155E-03   0.000       15.43       0.000    
   11500  0.5750      0.5000E-04 NODE          60  -0.2%  0.2194E-03  0.2799E-05  0.1597E-07  0.2227E-03   0.000       15.43       0.000    
   11600  0.5800      0.5000E-04 NODE          60  -0.2%  0.2267E-03  0.2812E-05  0.1619E-07  0.2300E-03   0.000       15.43       0.000    
   11700  0.5850      0.5000E-04 NODE          60  -0.2%  0.2342E-03  0.2825E-05  0.1635E-07  0.2375E-03   0.000       15.43       0.000    
   11800  0.5900      0.5000E-04 NODE          60  -0.2%  0.2419E-03  0.2836E-05  0.1643E-07  0.2452E-03   0.000       15.43       0.000    
   11900  0.5950      0.5000E-04 NODE          60  -0.2%  0.2497E-03  0.2841E-05  0.1646E-07  0.2531E-03   0.000       15.43       0.000    
   12000  0.6000      0.5000E-04 NODE          60  -0.2%  0.2577E-03  0.2847E-05  0.1645E-07  0.2611E-03   0.000       15.43       0.000    
   12100  0.6050      0.5000E-04 NODE          60  -0.2%  0.2660E-03  0.2858E-05  0.1646E-07  0.2693E-03   0.000       15.43       0.000    
   12200  0.6100      0.5000E-04 NODE          60  -0.2%  0.2743E-03  0.2875E-05  0.1652E-07  0.2778E-03   0.000       15.43       0.000    
   12300  0.6150      0.5000E-04 NODE          60  -0.2%  0.2829E-03  0.2897E-05  0.1662E-07  0.2864E-03   0.000       15.43       0.000    
   12400  0.6200      0.5000E-04 NODE          60  -0.2%  0.2917E-03  0.2923E-05  0.1674E-07  0.2952E-03   0.000       15.43       0.000    
   12500  0.6250      0.5000E-04 NODE          60  -0.2%  0.3007E-03  0.2949E-05  0.1689E-07  0.3042E-03   0.000       15.43       0.000    
   12600  0.6300      0.5000E-04 NODE          60  -0.2%  0.3098E-03  0.2971E-05  0.1705E-07  0.3134E-03   0.000       15.43       0.000    
   12700  0.6350      0.5000E-04 NODE          60  -0.2%  0.3192E-03  0.2994E-05  0.1720E-07  0.3228E-03   0.000       15.43       0.000    
   12800  0.6400      0.5000E-04 NODE          60  -0.2%  0.3288E-03  0.3022E-05  0.1734E-07  0.3324E-03   0.000       15.43       0.000    
   12900  0.6450      0.5000E-04 NODE          60  -0.2%  0.3385E-03  0.3056E-05  0.1746E-07  0.3423E-03   0.000       15.43       0.000    
   13000  0.6500      0.5000E-04 NODE          60  -0.2%  0.3485E-03  0.3095E-05  0.1755E-07  0.3523E-03   0.000       15.43       0.000    
   13100  0.6550      0.5000E-04 NODE          60  -0.2%  0.3587E-03  0.3139E-05  0.1765E-07  0.3625E-03   0.000       15.43       0.000    
   13200  0.6600      0.5000E-04 NODE          60  -0.2%  0.3691E-03  0.3182E-05  0.1780E-07  0.3730E-03   0.000       15.43       0.000    
   13300  0.6650      0.5000E-04 NODE          60  -0.2%  0.3797E-03  0.3224E-05  0.1800E-07  0.3836E-03   0.000       15.43       0.000    
     ANIMATION FILE: I02D_LAP_ELASTIC_H05_R1A005 WRITTEN
   13400  0.6700      0.5000E-04 NODE          60  -0.2%  0.3905E-03  0.3268E-05  0.1828E-07  0.3945E-03   0.000       15.43       0.000    
   13500  0.6750      0.5000E-04 NODE          60  -0.2%  0.4015E-03  0.3319E-05  0.1864E-07  0.4056E-03   0.000       15.43       0.000    
   13600  0.6800      0.5000E-04 NODE          60  -0.2%  0.4128E-03  0.3380E-05  0.1905E-07  0.4170E-03   0.000       15.43       0.000    
   13700  0.6850      0.5000E-04 NODE          60  -0.2%  0.4243E-03  0.3447E-05  0.1950E-07  0.4286E-03   0.000       15.43       0.000    
   13800  0.6900      0.5000E-04 NODE          60  -0.2%  0.4360E-03  0.3518E-05  0.1995E-07  0.4404E-03   0.000       15.43       0.000    
   13900  0.6950      0.5000E-04 NODE          60  -0.2%  0.4479E-03  0.3589E-05  0.2039E-07  0.4524E-03   0.000       15.43       0.000    
   14000  0.7000      0.5000E-04 NODE          60  -0.2%  0.4601E-03  0.3655E-05  0.2076E-07  0.4647E-03   0.000       15.43       0.000    
   14100  0.7050      0.5000E-04 NODE          60  -0.2%  0.4725E-03  0.3722E-05  0.2109E-07  0.4771E-03   0.000       15.43       0.000    
   14200  0.7100      0.5000E-04 NODE          60  -0.2%  0.4851E-03  0.3794E-05  0.2140E-07  0.4899E-03   0.000       15.43       0.000    
   14300  0.7150      0.5000E-04 NODE          60  -0.2%  0.4980E-03  0.3874E-05  0.2174E-07  0.5029E-03   0.000       15.43       0.000    
   14400  0.7200      0.5000E-04 NODE          60  -0.2%  0.5111E-03  0.3962E-05  0.2215E-07  0.5161E-03   0.000       15.43       0.000    
   14500  0.7250      0.5000E-04 NODE          60  -0.2%  0.5245E-03  0.4054E-05  0.2264E-07  0.5296E-03   0.000       15.43       0.000    
   14600  0.7300      0.5000E-04 NODE          60  -0.2%  0.5381E-03  0.4147E-05  0.2319E-07  0.5433E-03   0.000       15.43       0.000    
   14700  0.7350      0.5000E-04 NODE          60  -0.2%  0.5519E-03  0.4238E-05  0.2373E-07  0.5572E-03   0.000       15.43       0.000    
   14800  0.7400      0.5000E-04 NODE          60  -0.2%  0.5660E-03  0.4327E-05  0.2428E-07  0.5715E-03   0.000       15.43       0.000    
   14900  0.7450      0.5000E-04 NODE          60  -0.2%  0.5804E-03  0.4421E-05  0.2474E-07  0.5859E-03   0.000       15.43       0.000    
   15000  0.7500      0.5000E-04 NODE          60  -0.2%  0.5950E-03  0.4520E-05  0.2514E-07  0.6007E-03   0.000       15.43       0.000    
   15100  0.7550      0.5000E-04 NODE          60  -0.2%  0.6098E-03  0.4623E-05  0.2547E-07  0.6157E-03   0.000       15.43       0.000    
   15200  0.7600      0.5000E-04 NODE          60  -0.2%  0.6250E-03  0.4729E-05  0.2576E-07  0.6309E-03   0.000       15.43       0.000    
   15300  0.7650      0.5000E-04 NODE          60  -0.2%  0.6404E-03  0.4834E-05  0.2602E-07  0.6464E-03   0.000       15.43       0.000    
   15400  0.7700      0.5000E-04 NODE          60  -0.2%  0.6560E-03  0.4936E-05  0.2631E-07  0.6622E-03   0.000       15.43       0.000    
   15500  0.7750      0.5000E-04 NODE          60  -0.2%  0.6719E-03  0.5036E-05  0.2667E-07  0.6783E-03   0.000       15.43       0.000    
   15600  0.7800      0.5000E-04 NODE          60  -0.2%  0.6881E-03  0.5142E-05  0.2705E-07  0.6946E-03   0.000       15.43       0.000    
   15700  0.7850      0.5000E-04 NODE          60  -0.2%  0.7046E-03  0.5255E-05  0.2746E-07  0.7112E-03   0.000       15.43       0.000    
   15800  0.7900      0.5000E-04 NODE          60  -0.2%  0.7213E-03  0.5373E-05  0.2791E-07  0.7281E-03   0.000       15.43       0.000    
   15900  0.7950      0.5000E-04 NODE          60  -0.2%  0.7383E-03  0.5494E-05  0.2835E-07  0.7452E-03   0.000       15.43       0.000    
   16000  0.8000      0.5000E-04 NODE          60  -0.2%  0.7556E-03  0.5612E-05  0.2878E-07  0.7627E-03   0.000       15.43       0.000    
   16100  0.8050      0.5000E-04 NODE          60  -0.2%  0.7732E-03  0.5725E-05  0.2919E-07  0.7804E-03   0.000       15.43       0.000    
   16200  0.8100      0.5000E-04 NODE          60  -0.2%  0.7910E-03  0.5833E-05  0.2958E-07  0.7984E-03   0.000       15.43       0.000    
   16300  0.8150      0.5000E-04 NODE          60  -0.2%  0.8092E-03  0.5944E-05  0.2990E-07  0.8167E-03   0.000       15.43       0.000    
   16400  0.8200      0.5000E-04 NODE          60  -0.2%  0.8276E-03  0.6060E-05  0.3023E-07  0.8353E-03   0.000       15.43       0.000    
   16500  0.8250      0.5000E-04 NODE          60  -0.2%  0.8463E-03  0.6180E-05  0.3063E-07  0.8542E-03   0.000       15.43       0.000    
   16600  0.8300      0.5000E-04 NODE          60  -0.2%  0.8654E-03  0.6301E-05  0.3109E-07  0.8733E-03   0.000       15.43       0.000    
     ANIMATION FILE: I02D_LAP_ELASTIC_H05_R1A006 WRITTEN
   16700  0.8350      0.5000E-04 NODE          60  -0.2%  0.8847E-03  0.6420E-05  0.3167E-07  0.8928E-03   0.000       15.43       0.000    
   16800  0.8400      0.5000E-04 NODE          60  -0.2%  0.9043E-03  0.6535E-05  0.3234E-07  0.9126E-03   0.000       15.43       0.000    
   16900  0.8450      0.5000E-04 NODE          60  -0.2%  0.9242E-03  0.6645E-05  0.3305E-07  0.9327E-03   0.000       15.43       0.000    
   17000  0.8500      0.5000E-04 NODE          60  -0.2%  0.9444E-03  0.6755E-05  0.3372E-07  0.9530E-03   0.000       15.43       0.000    
   17100  0.8550      0.5000E-04 NODE          60  -0.2%  0.9650E-03  0.6868E-05  0.3437E-07  0.9737E-03   0.000       15.43       0.000    
   17200  0.8600      0.5000E-04 NODE          60  -0.2%  0.9858E-03  0.6981E-05  0.3494E-07  0.9947E-03   0.000       15.43       0.000    
   17300  0.8650      0.5000E-04 NODE          60  -0.2%  0.1007E-02  0.7090E-05  0.3541E-07  0.1016E-02   0.000       15.43       0.000    
   17400  0.8700      0.5000E-04 NODE          60  -0.2%  0.1028E-02  0.7193E-05  0.3583E-07  0.1038E-02   0.000       15.43       0.000    
   17500  0.8750      0.5000E-04 NODE          60  -0.2%  0.1050E-02  0.7287E-05  0.3623E-07  0.1060E-02   0.000       15.43       0.000    
   17600  0.8800      0.5000E-04 NODE          60  -0.2%  0.1072E-02  0.7374E-05  0.3665E-07  0.1082E-02   0.000       15.43       0.000    
   17700  0.8850      0.5000E-04 NODE          60  -0.2%  0.1095E-02  0.7460E-05  0.3710E-07  0.1104E-02   0.000       15.43       0.000    
   17800  0.8900      0.5000E-04 NODE          60  -0.2%  0.1118E-02  0.7549E-05  0.3762E-07  0.1127E-02   0.000       15.43       0.000    
   17900  0.8950      0.5000E-04 NODE          60  -0.2%  0.1141E-02  0.7639E-05  0.3812E-07  0.1150E-02   0.000       15.43       0.000    
   18000  0.9000      0.5000E-04 NODE          60  -0.2%  0.1164E-02  0.7723E-05  0.3858E-07  0.1174E-02   0.000       15.43       0.000    
   18100  0.9050      0.5000E-04 NODE          60  -0.2%  0.1188E-02  0.7799E-05  0.3898E-07  0.1198E-02   0.000       15.43       0.000    
   18200  0.9100      0.5000E-04 NODE          60  -0.2%  0.1212E-02  0.7864E-05  0.3928E-07  0.1222E-02   0.000       15.43       0.000    
   18300  0.9150      0.5000E-04 NODE          60  -0.2%  0.1236E-02  0.7918E-05  0.3949E-07  0.1247E-02   0.000       15.43       0.000    
   18400  0.9200      0.5000E-04 NODE          60  -0.2%  0.1261E-02  0.7967E-05  0.3962E-07  0.1271E-02   0.000       15.43       0.000    
   18500  0.9250      0.5000E-04 NODE          60  -0.2%  0.1286E-02  0.8016E-05  0.3968E-07  0.1297E-02   0.000       15.43       0.000    
   18600  0.9300      0.5000E-04 NODE          60  -0.2%  0.1312E-02  0.8066E-05  0.3970E-07  0.1322E-02   0.000       15.43       0.000    
   18700  0.9350      0.5000E-04 NODE          60  -0.2%  0.1337E-02  0.8111E-05  0.3974E-07  0.1348E-02   0.000       15.43       0.000    
   18800  0.9400      0.5000E-04 NODE          60  -0.2%  0.1363E-02  0.8149E-05  0.3984E-07  0.1374E-02   0.000       15.43       0.000    
   18900  0.9450      0.5000E-04 NODE          60  -0.2%  0.1390E-02  0.8177E-05  0.3999E-07  0.1401E-02   0.000       15.43       0.000    
   19000  0.9500      0.5000E-04 NODE          60  -0.2%  0.1417E-02  0.8199E-05  0.4017E-07  0.1428E-02   0.000       15.43       0.000    
   19100  0.9550      0.5000E-04 NODE          60  -0.2%  0.1444E-02  0.8216E-05  0.4037E-07  0.1455E-02   0.000       15.43       0.000    
   19200  0.9600      0.5000E-04 NODE          60  -0.2%  0.1472E-02  0.8236E-05  0.4053E-07  0.1483E-02   0.000       15.43       0.000    
   19300  0.9650      0.5000E-04 NODE          60  -0.2%  0.1499E-02  0.8257E-05  0.4065E-07  0.1511E-02   0.000       15.43       0.000    
   19400  0.9700      0.5000E-04 NODE          60  -0.2%  0.1528E-02  0.8272E-05  0.4072E-07  0.1539E-02   0.000       15.43       0.000    
   19500  0.9750      0.5000E-04 NODE          60  -0.2%  0.1556E-02  0.8279E-05  0.4073E-07  0.1568E-02   0.000       15.43       0.000    
   19600  0.9800      0.5000E-04 NODE          60  -0.2%  0.1585E-02  0.8276E-05  0.4068E-07  0.1597E-02   0.000       15.43       0.000    
   19700  0.9850      0.5000E-04 NODE          60  -0.2%  0.1615E-02  0.8266E-05  0.4064E-07  0.1626E-02   0.000       15.43       0.000    
   19800  0.9900      0.5000E-04 NODE          60  -0.2%  0.1645E-02  0.8255E-05  0.4067E-07  0.1656E-02   0.000       15.43       0.000    
   19900  0.9950      0.5000E-04 NODE          60  -0.2%  0.1675E-02  0.8247E-05  0.4080E-07  0.1686E-02   0.000       15.43       0.000    
   CYCLE    TIME      TIME-STEP  ELEMENT          ERROR  I-ENERGY    K-ENERGY T  K-ENERGY R  EXT-WORK     MAS.ERR     TOTAL MASS  MASS ADDED
   20000   1.000      0.5000E-04 NODE          60  -0.2%  0.1705E-02  0.8245E-05  0.4104E-07  0.1717E-02   0.000       15.43       0.000    
     ANIMATION FILE: I02D_LAP_ELASTIC_H05_R1A007 WRITTEN
   20100   1.005      0.5000E-04 NODE          60  -0.2%  0.1736E-02  0.8243E-05  0.4136E-07  0.1748E-02   0.000       15.43       0.000    
   20200   1.010      0.5000E-04 NODE          60  -0.2%  0.1767E-02  0.8234E-05  0.4167E-07  0.1779E-02   0.000       15.43       0.000    
   20300   1.015      0.5000E-04 NODE          60  -0.2%  0.1799E-02  0.8217E-05  0.4193E-07  0.1811E-02   0.000       15.43       0.000    
   20400   1.020      0.5000E-04 NODE          60  -0.2%  0.1831E-02  0.8192E-05  0.4213E-07  0.1843E-02   0.000       15.43       0.000    
   20500   1.025      0.5000E-04 NODE          60  -0.2%  0.1863E-02  0.8163E-05  0.4222E-07  0.1875E-02   0.000       15.43       0.000    
   20600   1.030      0.5000E-04 NODE          60  -0.2%  0.1896E-02  0.8137E-05  0.4225E-07  0.1908E-02   0.000       15.43       0.000    
   20700   1.035      0.5000E-04 NODE          60  -0.2%  0.1929E-02  0.8116E-05  0.4225E-07  0.1941E-02   0.000       15.43       0.000    
   20800   1.040      0.5000E-04 NODE          60  -0.2%  0.1963E-02  0.8095E-05  0.4226E-07  0.1975E-02   0.000       15.43       0.000    
   20900   1.045      0.5000E-04 NODE          60  -0.2%  0.1997E-02  0.8070E-05  0.4228E-07  0.2009E-02   0.000       15.43       0.000    
   21000   1.050      0.5000E-04 NODE          60  -0.2%  0.2031E-02  0.8040E-05  0.4236E-07  0.2043E-02   0.000       15.43       0.000    
   21100   1.055      0.5000E-04 NODE          60  -0.2%  0.2066E-02  0.8005E-05  0.4249E-07  0.2078E-02   0.000       15.43       0.000    
   21200   1.060      0.5000E-04 NODE          60  -0.2%  0.2101E-02  0.7971E-05  0.4260E-07  0.2114E-02   0.000       15.43       0.000    
   21300   1.065      0.5000E-04 NODE          60  -0.2%  0.2137E-02  0.7941E-05  0.4266E-07  0.2149E-02   0.000       15.43       0.000    
   21400   1.070      0.5000E-04 NODE          60  -0.2%  0.2173E-02  0.7918E-05  0.4266E-07  0.2185E-02   0.000       15.43       0.000    
   21500   1.075      0.5000E-04 NODE          60  -0.2%  0.2209E-02  0.7896E-05  0.4258E-07  0.2222E-02   0.000       15.43       0.000    
   21600   1.080      0.5000E-04 NODE          60  -0.2%  0.2246E-02  0.7869E-05  0.4241E-07  0.2259E-02   0.000       15.43       0.000    
   21700   1.085      0.5000E-04 NODE          60  -0.2%  0.2284E-02  0.7835E-05  0.4221E-07  0.2296E-02   0.000       15.43       0.000    
   21800   1.090      0.5000E-04 NODE          60  -0.2%  0.2321E-02  0.7799E-05  0.4196E-07  0.2334E-02   0.000       15.43       0.000    
   21900   1.095      0.5000E-04 NODE          60  -0.2%  0.2359E-02  0.7765E-05  0.4169E-07  0.2372E-02   0.000       15.43       0.000    
   22000   1.100      0.5000E-04 NODE          60  -0.2%  0.2398E-02  0.7739E-05  0.4149E-07  0.2410E-02   0.000       15.43       0.000    
   22100   1.105      0.5000E-04 NODE          60  -0.2%  0.2437E-02  0.7723E-05  0.4140E-07  0.2449E-02   0.000       15.43       0.000    
   22200   1.110      0.5000E-04 NODE          60  -0.2%  0.2476E-02  0.7714E-05  0.4141E-07  0.2489E-02   0.000       15.43       0.000    
   22300   1.115      0.5000E-04 NODE          60  -0.2%  0.2516E-02  0.7705E-05  0.4150E-07  0.2528E-02   0.000       15.43       0.000    
   22400   1.120      0.5000E-04 NODE          60  -0.2%  0.2556E-02  0.7692E-05  0.4165E-07  0.2569E-02   0.000       15.43       0.000    
   22500   1.125      0.5000E-04 NODE          60  -0.2%  0.2597E-02  0.7680E-05  0.4177E-07  0.2609E-02   0.000       15.43       0.000    
   22600   1.130      0.5000E-04 NODE          60  -0.2%  0.2638E-02  0.7670E-05  0.4184E-07  0.2650E-02   0.000       15.43       0.000    
   22700   1.135      0.5000E-04 NODE          60  -0.2%  0.2679E-02  0.7667E-05  0.4187E-07  0.2692E-02   0.000       15.43       0.000    
   22800   1.140      0.5000E-04 NODE          60  -0.2%  0.2721E-02  0.7673E-05  0.4188E-07  0.2734E-02   0.000       15.43       0.000    
   22900   1.145      0.5000E-04 NODE          60  -0.2%  0.2763E-02  0.7686E-05  0.4189E-07  0.2777E-02   0.000       15.43       0.000    
   23000   1.150      0.5000E-04 NODE          60  -0.2%  0.2806E-02  0.7700E-05  0.4198E-07  0.2819E-02   0.000       15.43       0.000    
   23100   1.155      0.5000E-04 NODE          60  -0.2%  0.2849E-02  0.7713E-05  0.4217E-07  0.2863E-02   0.000       15.43       0.000    
   23200   1.160      0.5000E-04 NODE          60  -0.2%  0.2893E-02  0.7729E-05  0.4247E-07  0.2907E-02   0.000       15.43       0.000    
   23300   1.165      0.5000E-04 NODE          60  -0.2%  0.2937E-02  0.7752E-05  0.4290E-07  0.2951E-02   0.000       15.43       0.000    
     ANIMATION FILE: I02D_LAP_ELASTIC_H05_R1A008 WRITTEN
   23400   1.170      0.5000E-04 NODE          60  -0.2%  0.2982E-02  0.7784E-05  0.4339E-07  0.2995E-02   0.000       15.43       0.000    
   23500   1.175      0.5000E-04 NODE          60  -0.2%  0.3027E-02  0.7826E-05  0.4384E-07  0.3041E-02   0.000       15.43       0.000    
   23600   1.180      0.5000E-04 NODE          60  -0.2%  0.3072E-02  0.7874E-05  0.4424E-07  0.3086E-02   0.000       15.43       0.000    
   23700   1.185      0.5000E-04 NODE          60  -0.2%  0.3118E-02  0.7922E-05  0.4456E-07  0.3132E-02   0.000       15.43       0.000    
   23800   1.190      0.5000E-04 NODE          60  -0.2%  0.3165E-02  0.7964E-05  0.4482E-07  0.3179E-02   0.000       15.43       0.000    
   23900   1.195      0.5000E-04 NODE          60  -0.2%  0.3212E-02  0.8006E-05  0.4504E-07  0.3226E-02   0.000       15.43       0.000    
   24000   1.200      0.5000E-04 NODE          60  -0.2%  0.3259E-02  0.8052E-05  0.4526E-07  0.3273E-02   0.000       15.43       0.000    
   24100   1.205      0.5000E-04 NODE          60  -0.2%  0.3307E-02  0.8108E-05  0.4551E-07  0.3321E-02   0.000       15.43       0.000    
   24200   1.210      0.5000E-04 NODE          60  -0.2%  0.3355E-02  0.8175E-05  0.4579E-07  0.3370E-02   0.000       15.43       0.000    
   24300   1.215      0.5000E-04 NODE          60  -0.2%  0.3404E-02  0.8249E-05  0.4614E-07  0.3418E-02   0.000       15.43       0.000    
   24400   1.220      0.5000E-04 NODE          60  -0.2%  0.3453E-02  0.8325E-05  0.4654E-07  0.3468E-02   0.000       15.43       0.000    
   24500   1.225      0.5000E-04 NODE          60  -0.2%  0.3502E-02  0.8397E-05  0.4695E-07  0.3518E-02   0.000       15.43       0.000    
   24600   1.230      0.5000E-04 NODE          60  -0.2%  0.3552E-02  0.8469E-05  0.4732E-07  0.3568E-02   0.000       15.43       0.000    
   24700   1.235      0.5000E-04 NODE          60  -0.2%  0.3603E-02  0.8545E-05  0.4766E-07  0.3619E-02   0.000       15.43       0.000    
   24800   1.240      0.5000E-04 NODE          60  -0.2%  0.3654E-02  0.8628E-05  0.4789E-07  0.3670E-02   0.000       15.43       0.000    
   24900   1.245      0.5000E-04 NODE          60  -0.2%  0.3706E-02  0.8718E-05  0.4806E-07  0.3721E-02   0.000       15.43       0.000    
   25000   1.250      0.5000E-04 NODE          60  -0.2%  0.3758E-02  0.8815E-05  0.4818E-07  0.3774E-02   0.000       15.43       0.000    
   25100   1.255      0.5000E-04 NODE          60  -0.2%  0.3810E-02  0.8913E-05  0.4828E-07  0.3826E-02   0.000       15.43       0.000    
   25200   1.260      0.5000E-04 NODE          60  -0.2%  0.3863E-02  0.9006E-05  0.4840E-07  0.3879E-02   0.000       15.43       0.000    
   25300   1.265      0.5000E-04 NODE          60  -0.2%  0.3916E-02  0.9100E-05  0.4861E-07  0.3933E-02   0.000       15.43       0.000    
   25400   1.270      0.5000E-04 NODE          60  -0.2%  0.3970E-02  0.9201E-05  0.4896E-07  0.3987E-02   0.000       15.43       0.000    
   25500   1.275      0.5000E-04 NODE          60  -0.2%  0.4025E-02  0.9313E-05  0.4942E-07  0.4042E-02   0.000       15.43       0.000    
   25600   1.280      0.5000E-04 NODE          60  -0.2%  0.4080E-02  0.9433E-05  0.4997E-07  0.4097E-02   0.000       15.43       0.000    
   25700   1.285      0.5000E-04 NODE          60  -0.2%  0.4135E-02  0.9561E-05  0.5055E-07  0.4152E-02   0.000       15.43       0.000    
   25800   1.290      0.5000E-04 NODE          60  -0.2%  0.4191E-02  0.9688E-05  0.5105E-07  0.4209E-02   0.000       15.43       0.000    
   25900   1.295      0.5000E-04 NODE          60  -0.2%  0.4247E-02  0.9808E-05  0.5150E-07  0.4265E-02   0.000       15.43       0.000    
   26000   1.300      0.5000E-04 NODE          60  -0.2%  0.4304E-02  0.9923E-05  0.5192E-07  0.4322E-02   0.000       15.43       0.000    
   26100   1.305      0.5000E-04 NODE          60  -0.2%  0.4361E-02  0.1004E-04  0.5234E-07  0.4380E-02   0.000       15.43       0.000    
   26200   1.310      0.5000E-04 NODE          60  -0.2%  0.4419E-02  0.1017E-04  0.5280E-07  0.4438E-02   0.000       15.43       0.000    
   26300   1.315      0.5000E-04 NODE          60  -0.2%  0.4477E-02  0.1030E-04  0.5335E-07  0.4496E-02   0.000       15.43       0.000    
   26400   1.320      0.5000E-04 NODE          60  -0.2%  0.4536E-02  0.1044E-04  0.5401E-07  0.4555E-02   0.000       15.43       0.000    
   26500   1.325      0.5000E-04 NODE          60  -0.2%  0.4595E-02  0.1058E-04  0.5474E-07  0.4615E-02   0.000       15.43       0.000    
   26600   1.330      0.5000E-04 NODE          60  -0.2%  0.4655E-02  0.1072E-04  0.5556E-07  0.4675E-02   0.000       15.43       0.000    
     ANIMATION FILE: I02D_LAP_ELASTIC_H05_R1A009 WRITTEN
   26700   1.335      0.5000E-04 NODE          60  -0.2%  0.4715E-02  0.1084E-04  0.5640E-07  0.4735E-02   0.000       15.43       0.000    
   26800   1.340      0.5000E-04 NODE          60  -0.2%  0.4776E-02  0.1097E-04  0.5716E-07  0.4796E-02   0.000       15.43       0.000    
   26900   1.345      0.5000E-04 NODE          60  -0.2%  0.4837E-02  0.1110E-04  0.5783E-07  0.4858E-02   0.000       15.43       0.000    
   27000   1.350      0.5000E-04 NODE          60  -0.2%  0.4899E-02  0.1124E-04  0.5840E-07  0.4920E-02   0.000       15.43       0.000    
   27100   1.355      0.5000E-04 NODE          60  -0.2%  0.4962E-02  0.1137E-04  0.5886E-07  0.4983E-02   0.000       15.43       0.000    
   27200   1.360      0.5000E-04 NODE          60  -0.2%  0.5024E-02  0.1150E-04  0.5926E-07  0.5046E-02   0.000       15.43       0.000    
   27300   1.365      0.5000E-04 NODE          60  -0.2%  0.5088E-02  0.1162E-04  0.5964E-07  0.5109E-02   0.000       15.43       0.000    
   27400   1.370      0.5000E-04 NODE          60  -0.2%  0.5152E-02  0.1172E-04  0.6000E-07  0.5173E-02   0.000       15.43       0.000    
   27500   1.375      0.5000E-04 NODE          60  -0.2%  0.5216E-02  0.1183E-04  0.6037E-07  0.5238E-02   0.000       15.43       0.000    
   27600   1.380      0.5000E-04 NODE          60  -0.2%  0.5281E-02  0.1194E-04  0.6079E-07  0.5303E-02   0.000       15.43       0.000    
   27700   1.385      0.5000E-04 NODE          60  -0.2%  0.5346E-02  0.1205E-04  0.6126E-07  0.5368E-02   0.000       15.43       0.000    
   27800   1.390      0.5000E-04 NODE          60  -0.2%  0.5412E-02  0.1216E-04  0.6171E-07  0.5435E-02   0.000       15.43       0.000    
   27900   1.395      0.5000E-04 NODE          60  -0.2%  0.5478E-02  0.1227E-04  0.6211E-07  0.5501E-02   0.000       15.43       0.000    
   28000   1.400      0.5000E-04 NODE          60  -0.2%  0.5545E-02  0.1236E-04  0.6241E-07  0.5568E-02   0.000       15.43       0.000    
   28100   1.405      0.5000E-04 NODE          60  -0.2%  0.5613E-02  0.1244E-04  0.6258E-07  0.5636E-02   0.000       15.43       0.000    
   28200   1.410      0.5000E-04 NODE          60  -0.2%  0.5681E-02  0.1251E-04  0.6265E-07  0.5704E-02   0.000       15.43       0.000    
   28300   1.415      0.5000E-04 NODE          60  -0.2%  0.5749E-02  0.1258E-04  0.6268E-07  0.5773E-02   0.000       15.43       0.000    
   28400   1.420      0.5000E-04 NODE          60  -0.2%  0.5818E-02  0.1265E-04  0.6270E-07  0.5842E-02   0.000       15.43       0.000    
   28500   1.425      0.5000E-04 NODE          60  -0.2%  0.5888E-02  0.1272E-04  0.6274E-07  0.5912E-02   0.000       15.43       0.000    
   28600   1.430      0.5000E-04 NODE          60  -0.2%  0.5958E-02  0.1278E-04  0.6289E-07  0.5982E-02   0.000       15.43       0.000    
   28700   1.435      0.5000E-04 NODE          60  -0.2%  0.6028E-02  0.1284E-04  0.6315E-07  0.6053E-02   0.000       15.43       0.000    
   28800   1.440      0.5000E-04 NODE          60  -0.2%  0.6099E-02  0.1288E-04  0.6349E-07  0.6124E-02   0.000       15.43       0.000    
   28900   1.445      0.5000E-04 NODE          60  -0.2%  0.6171E-02  0.1292E-04  0.6386E-07  0.6196E-02   0.000       15.43       0.000    
   29000   1.450      0.5000E-04 NODE          60  -0.2%  0.6243E-02  0.1296E-04  0.6419E-07  0.6268E-02   0.000       15.43       0.000    
   29100   1.455      0.5000E-04 NODE          60  -0.2%  0.6316E-02  0.1299E-04  0.6440E-07  0.6341E-02   0.000       15.43       0.000    
   29200   1.460      0.5000E-04 NODE          60  -0.2%  0.6389E-02  0.1303E-04  0.6450E-07  0.6414E-02   0.000       15.43       0.000    
   29300   1.465      0.5000E-04 NODE          60  -0.2%  0.6462E-02  0.1305E-04  0.6457E-07  0.6488E-02   0.000       15.43       0.000    
   29400   1.470      0.5000E-04 NODE          60  -0.2%  0.6537E-02  0.1306E-04  0.6462E-07  0.6562E-02   0.000       15.43       0.000    
   29500   1.475      0.5000E-04 NODE          60  -0.2%  0.6611E-02  0.1306E-04  0.6473E-07  0.6637E-02   0.000       15.43       0.000    
   29600   1.480      0.5000E-04 NODE          60  -0.2%  0.6687E-02  0.1306E-04  0.6492E-07  0.6713E-02   0.000       15.43       0.000    
   29700   1.485      0.5000E-04 NODE          60  -0.2%  0.6763E-02  0.1305E-04  0.6516E-07  0.6789E-02   0.000       15.43       0.000    
   29800   1.490      0.5000E-04 NODE          60  -0.2%  0.6839E-02  0.1305E-04  0.6544E-07  0.6865E-02   0.000       15.43       0.000    
   29900   1.495      0.5000E-04 NODE          60  -0.2%  0.6916E-02  0.1305E-04  0.6577E-07  0.6942E-02   0.000       15.43       0.000    
   CYCLE    TIME      TIME-STEP  ELEMENT          ERROR  I-ENERGY    K-ENERGY T  K-ENERGY R  EXT-WORK     MAS.ERR     TOTAL MASS  MASS ADDED
   30000   1.500      0.5000E-04 NODE          60  -0.2%  0.6993E-02  0.1303E-04  0.6607E-07  0.7020E-02   0.000       15.43       0.000    
     ANIMATION FILE: I02D_LAP_ELASTIC_H05_R1A010 WRITTEN
   30100   1.505      0.5000E-04 NODE          60  -0.2%  0.7071E-02  0.1301E-04  0.6629E-07  0.7098E-02   0.000       15.43       0.000    
   30200   1.510      0.5000E-04 NODE          60  -0.2%  0.7150E-02  0.1297E-04  0.6639E-07  0.7177E-02   0.000       15.43       0.000    
   30300   1.515      0.5000E-04 NODE          60  -0.2%  0.7229E-02  0.1293E-04  0.6638E-07  0.7256E-02   0.000       15.43       0.000    
   30400   1.520      0.5000E-04 NODE          60  -0.2%  0.7309E-02  0.1288E-04  0.6623E-07  0.7336E-02   0.000       15.43       0.000    
   30500   1.525      0.5000E-04 NODE          60  -0.2%  0.7389E-02  0.1284E-04  0.6601E-07  0.7416E-02   0.000       15.43       0.000    
   30600   1.530      0.5000E-04 NODE          60  -0.2%  0.7469E-02  0.1279E-04  0.6576E-07  0.7497E-02   0.000       15.43       0.000    
   30700   1.535      0.5000E-04 NODE          60  -0.2%  0.7551E-02  0.1274E-04  0.6549E-07  0.7578E-02   0.000       15.43       0.000    
   30800   1.540      0.5000E-04 NODE          60  -0.2%  0.7632E-02  0.1268E-04  0.6524E-07  0.7660E-02   0.000       15.43       0.000    
   30900   1.545      0.5000E-04 NODE          60  -0.2%  0.7715E-02  0.1261E-04  0.6506E-07  0.7742E-02   0.000       15.43       0.000    
   31000   1.550      0.5000E-04 NODE          60  -0.2%  0.7797E-02  0.1254E-04  0.6493E-07  0.7825E-02   0.000       15.43       0.000    
   31100   1.555      0.5000E-04 NODE          60  -0.2%  0.7881E-02  0.1247E-04  0.6479E-07  0.7909E-02   0.000       15.43       0.000    
   31200   1.560      0.5000E-04 NODE          60  -0.2%  0.7965E-02  0.1241E-04  0.6459E-07  0.7993E-02   0.000       15.43       0.000    
   31300   1.565      0.5000E-04 NODE          60  -0.2%  0.8049E-02  0.1234E-04  0.6426E-07  0.8077E-02   0.000       15.43       0.000    
   31400   1.570      0.5000E-04 NODE          60  -0.2%  0.8134E-02  0.1228E-04  0.6381E-07  0.8162E-02   0.000       15.43       0.000    
   31500   1.575      0.5000E-04 NODE          60  -0.2%  0.8220E-02  0.1220E-04  0.6328E-07  0.8248E-02   0.000       15.43       0.000    
   31600   1.580      0.5000E-04 NODE          60  -0.2%  0.8306E-02  0.1211E-04  0.6280E-07  0.8334E-02   0.000       15.43       0.000    
   31700   1.585      0.5000E-04 NODE          60  -0.2%  0.8392E-02  0.1203E-04  0.6238E-07  0.8421E-02   0.000       15.43       0.000    
   31800   1.590      0.5000E-04 NODE          60  -0.2%  0.8480E-02  0.1195E-04  0.6207E-07  0.8508E-02   0.000       15.43       0.000    
   31900   1.595      0.5000E-04 NODE          60  -0.2%  0.8567E-02  0.1189E-04  0.6190E-07  0.8596E-02   0.000       15.43       0.000    
   32000   1.600      0.5000E-04 NODE          60  -0.2%  0.8656E-02  0.1183E-04  0.6184E-07  0.8684E-02   0.000       15.43       0.000    
   32100   1.605      0.5000E-04 NODE          60  -0.2%  0.8744E-02  0.1177E-04  0.6185E-07  0.8773E-02   0.000       15.43       0.000    
   32200   1.610      0.5000E-04 NODE          60  -0.2%  0.8834E-02  0.1171E-04  0.6190E-07  0.8863E-02   0.000       15.43       0.000    
   32300   1.615      0.5000E-04 NODE          60  -0.2%  0.8924E-02  0.1164E-04  0.6193E-07  0.8953E-02   0.000       15.43       0.000    
   32400   1.620      0.5000E-04 NODE          60  -0.2%  0.9014E-02  0.1158E-04  0.6186E-07  0.9043E-02   0.000       15.43       0.000    
   32500   1.625      0.5000E-04 NODE          60  -0.2%  0.9105E-02  0.1151E-04  0.6173E-07  0.9134E-02   0.000       15.43       0.000    
   32600   1.630      0.5000E-04 NODE          60  -0.2%  0.9197E-02  0.1146E-04  0.6160E-07  0.9226E-02   0.000       15.43       0.000    
   32700   1.635      0.5000E-04 NODE          60  -0.2%  0.9289E-02  0.1142E-04  0.6148E-07  0.9318E-02   0.000       15.43       0.000    
   32800   1.640      0.5000E-04 NODE          60  -0.2%  0.9381E-02  0.1138E-04  0.6143E-07  0.9411E-02   0.000       15.43       0.000    
   32900   1.645      0.5000E-04 NODE          60  -0.2%  0.9475E-02  0.1133E-04  0.6146E-07  0.9504E-02   0.000       15.43       0.000    
   33000   1.650      0.5000E-04 NODE          60  -0.2%  0.9568E-02  0.1129E-04  0.6157E-07  0.9598E-02   0.000       15.43       0.000    
   33100   1.655      0.5000E-04 NODE          60  -0.2%  0.9663E-02  0.1125E-04  0.6173E-07  0.9693E-02   0.000       15.43       0.000    
   33200   1.660      0.5000E-04 NODE          60  -0.2%  0.9757E-02  0.1122E-04  0.6195E-07  0.9788E-02   0.000       15.43       0.000    
   33300   1.665      0.5000E-04 NODE          60  -0.2%  0.9853E-02  0.1120E-04  0.6217E-07  0.9883E-02   0.000       15.43       0.000    
     ANIMATION FILE: I02D_LAP_ELASTIC_H05_R1A011 WRITTEN
   33400   1.670      0.5000E-04 NODE          60  -0.2%  0.9949E-02  0.1118E-04  0.6231E-07  0.9979E-02   0.000       15.43       0.000    
   33500   1.675      0.5000E-04 NODE          60  -0.2%  0.1005E-01  0.1117E-04  0.6236E-07  0.1008E-01   0.000       15.43       0.000    
   33600   1.680      0.5000E-04 NODE          60  -0.2%  0.1014E-01  0.1115E-04  0.6231E-07  0.1017E-01   0.000       15.43       0.000    
   33700   1.685      0.5000E-04 NODE          60  -0.2%  0.1024E-01  0.1113E-04  0.6215E-07  0.1027E-01   0.000       15.43       0.000    
   33800   1.690      0.5000E-04 NODE          60  -0.2%  0.1034E-01  0.1111E-04  0.6196E-07  0.1037E-01   0.000       15.43       0.000    
   33900   1.695      0.5000E-04 NODE          60  -0.2%  0.1044E-01  0.1110E-04  0.6180E-07  0.1047E-01   0.000       15.43       0.000    
   34000   1.700      0.5000E-04 NODE          60  -0.2%  0.1054E-01  0.1110E-04  0.6170E-07  0.1057E-01   0.000       15.43       0.000    
   34100   1.705      0.5000E-04 NODE          60  -0.2%  0.1064E-01  0.1111E-04  0.6167E-07  0.1067E-01   0.000       15.43       0.000    
   34200   1.710      0.5000E-04 NODE          60  -0.2%  0.1074E-01  0.1113E-04  0.6175E-07  0.1077E-01   0.000       15.43       0.000    
   34300   1.715      0.5000E-04 NODE          60  -0.2%  0.1084E-01  0.1114E-04  0.6187E-07  0.1087E-01   0.000       15.43       0.000    
   34400   1.720      0.5000E-04 NODE          60  -0.2%  0.1094E-01  0.1116E-04  0.6199E-07  0.1097E-01   0.000       15.43       0.000    
   34500   1.725      0.5000E-04 NODE          60  -0.2%  0.1104E-01  0.1118E-04  0.6204E-07  0.1107E-01   0.000       15.43       0.000    
   34600   1.730      0.5000E-04 NODE          60  -0.2%  0.1114E-01  0.1120E-04  0.6198E-07  0.1118E-01   0.000       15.43       0.000    
   34700   1.735      0.5000E-04 NODE          60  -0.2%  0.1125E-01  0.1123E-04  0.6181E-07  0.1128E-01   0.000       15.43       0.000    
   34800   1.740      0.5000E-04 NODE          60  -0.2%  0.1135E-01  0.1128E-04  0.6162E-07  0.1138E-01   0.000       15.43       0.000    
   34900   1.745      0.5000E-04 NODE          60  -0.2%  0.1145E-01  0.1132E-04  0.6153E-07  0.1149E-01   0.000       15.43       0.000    
   35000   1.750      0.5000E-04 NODE          60  -0.2%  0.1156E-01  0.1137E-04  0.6155E-07  0.1159E-01   0.000       15.43       0.000    
   35100   1.755      0.5000E-04 NODE          60  -0.2%  0.1166E-01  0.1142E-04  0.6174E-07  0.1170E-01   0.000       15.43       0.000    
   35200   1.760      0.5000E-04 NODE          60  -0.2%  0.1177E-01  0.1148E-04  0.6206E-07  0.1180E-01   0.000       15.43       0.000    
   35300   1.765      0.5000E-04 NODE          60  -0.2%  0.1187E-01  0.1155E-04  0.6248E-07  0.1191E-01   0.000       15.43       0.000    
   35400   1.770      0.5000E-04 NODE          60  -0.2%  0.1198E-01  0.1162E-04  0.6295E-07  0.1202E-01   0.000       15.43       0.000    
   35500   1.775      0.5000E-04 NODE          60  -0.2%  0.1209E-01  0.1171E-04  0.6345E-07  0.1212E-01   0.000       15.43       0.000    
   35600   1.780      0.5000E-04 NODE          60  -0.2%  0.1220E-01  0.1180E-04  0.6393E-07  0.1223E-01   0.000       15.43       0.000    
   35700   1.785      0.5000E-04 NODE          60  -0.2%  0.1231E-01  0.1189E-04  0.6435E-07  0.1234E-01   0.000       15.43       0.000    
   35800   1.790      0.5000E-04 NODE          60  -0.2%  0.1241E-01  0.1197E-04  0.6474E-07  0.1245E-01   0.000       15.43       0.000    
   35900   1.795      0.5000E-04 NODE          60  -0.2%  0.1252E-01  0.1206E-04  0.6512E-07  0.1256E-01   0.000       15.43       0.000    
   36000   1.800      0.5000E-04 NODE          60  -0.2%  0.1263E-01  0.1215E-04  0.6550E-07  0.1267E-01   0.000       15.43       0.000    
   36100   1.805      0.5000E-04 NODE          60  -0.2%  0.1274E-01  0.1225E-04  0.6593E-07  0.1278E-01   0.000       15.43       0.000    
   36200   1.810      0.5000E-04 NODE          60  -0.2%  0.1286E-01  0.1236E-04  0.6644E-07  0.1289E-01   0.000       15.43       0.000    
   36300   1.815      0.5000E-04 NODE          60  -0.2%  0.1297E-01  0.1247E-04  0.6700E-07  0.1300E-01   0.000       15.43       0.000    
   36400   1.820      0.5000E-04 NODE          60  -0.2%  0.1308E-01  0.1258E-04  0.6760E-07  0.1312E-01   0.000       15.43       0.000    
   36500   1.825      0.5000E-04 NODE          60  -0.2%  0.1319E-01  0.1269E-04  0.6825E-07  0.1323E-01   0.000       15.43       0.000    
   36600   1.830      0.5000E-04 NODE          60  -0.2%  0.1331E-01  0.1279E-04  0.6886E-07  0.1334E-01   0.000       15.43       0.000    
     ANIMATION FILE: I02D_LAP_ELASTIC_H05_R1A012 WRITTEN
   36700   1.835      0.5000E-04 NODE          60  -0.2%  0.1342E-01  0.1290E-04  0.6934E-07  0.1346E-01   0.000       15.43       0.000    
   36800   1.840      0.5000E-04 NODE          60  -0.2%  0.1353E-01  0.1301E-04  0.6969E-07  0.1357E-01   0.000       15.43       0.000    
   36900   1.845      0.5000E-04 NODE          60  -0.2%  0.1365E-01  0.1312E-04  0.6987E-07  0.1369E-01   0.000       15.43       0.000    
   37000   1.850      0.5000E-04 NODE          60  -0.2%  0.1376E-01  0.1324E-04  0.6995E-07  0.1380E-01   0.000       15.43       0.000    
   37100   1.855      0.5000E-04 NODE          60  -0.2%  0.1388E-01  0.1334E-04  0.7003E-07  0.1392E-01   0.000       15.43       0.000    
   37200   1.860      0.5000E-04 NODE          60  -0.2%  0.1400E-01  0.1344E-04  0.7021E-07  0.1404E-01   0.000       15.43       0.000    
   37300   1.865      0.5000E-04 NODE          60  -0.2%  0.1411E-01  0.1354E-04  0.7045E-07  0.1415E-01   0.000       15.43       0.000    
   37400   1.870      0.5000E-04 NODE          60  -0.2%  0.1423E-01  0.1364E-04  0.7078E-07  0.1427E-01   0.000       15.43       0.000    
   37500   1.875      0.5000E-04 NODE          60  -0.2%  0.1435E-01  0.1374E-04  0.7116E-07  0.1439E-01   0.000       15.43       0.000    
   37600   1.880      0.5000E-04 NODE          60  -0.2%  0.1447E-01  0.1386E-04  0.7154E-07  0.1451E-01   0.000       15.43       0.000    
   37700   1.885      0.5000E-04 NODE          60  -0.2%  0.1459E-01  0.1396E-04  0.7186E-07  0.1463E-01   0.000       15.43       0.000    
   37800   1.890      0.5000E-04 NODE          60  -0.2%  0.1471E-01  0.1406E-04  0.7209E-07  0.1475E-01   0.000       15.43       0.000    
   37900   1.895      0.5000E-04 NODE          60  -0.2%  0.1483E-01  0.1414E-04  0.7223E-07  0.1487E-01   0.000       15.43       0.000    
   38000   1.900      0.5000E-04 NODE          60  -0.2%  0.1495E-01  0.1422E-04  0.7226E-07  0.1499E-01   0.000       15.43       0.000    
   38100   1.905      0.5000E-04 NODE          60  -0.2%  0.1507E-01  0.1430E-04  0.7229E-07  0.1511E-01   0.000       15.43       0.000    
   38200   1.910      0.5000E-04 NODE          60  -0.2%  0.1519E-01  0.1438E-04  0.7239E-07  0.1523E-01   0.000       15.43       0.000    
   38300   1.915      0.5000E-04 NODE          60  -0.2%  0.1531E-01  0.1447E-04  0.7260E-07  0.1536E-01   0.000       15.43       0.000    
   38400   1.920      0.5000E-04 NODE          60  -0.2%  0.1543E-01  0.1455E-04  0.7291E-07  0.1548E-01   0.000       15.43       0.000    
   38500   1.925      0.5000E-04 NODE          60  -0.2%  0.1556E-01  0.1462E-04  0.7331E-07  0.1560E-01   0.000       15.43       0.000    
   38600   1.930      0.5000E-04 NODE          60  -0.2%  0.1568E-01  0.1469E-04  0.7375E-07  0.1573E-01   0.000       15.43       0.000    
   38700   1.935      0.5000E-04 NODE          60  -0.2%  0.1581E-01  0.1474E-04  0.7419E-07  0.1585E-01   0.000       15.43       0.000    
   38800   1.940      0.5000E-04 NODE          60  -0.2%  0.1593E-01  0.1480E-04  0.7463E-07  0.1598E-01   0.000       15.43       0.000    
   38900   1.945      0.5000E-04 NODE          60  -0.2%  0.1606E-01  0.1485E-04  0.7500E-07  0.1610E-01   0.000       15.43       0.000    
   39000   1.950      0.5000E-04 NODE          60  -0.2%  0.1618E-01  0.1490E-04  0.7528E-07  0.1623E-01   0.000       15.43       0.000    
   39100   1.955      0.5000E-04 NODE          60  -0.2%  0.1631E-01  0.1494E-04  0.7546E-07  0.1635E-01   0.000       15.43       0.000    
   39200   1.960      0.5000E-04 NODE          60  -0.2%  0.1643E-01  0.1497E-04  0.7559E-07  0.1648E-01   0.000       15.43       0.000    
   39300   1.965      0.5000E-04 NODE          60  -0.2%  0.1656E-01  0.1499E-04  0.7570E-07  0.1661E-01   0.000       15.43       0.000    
   39400   1.970      0.5000E-04 NODE          60  -0.2%  0.1669E-01  0.1500E-04  0.7586E-07  0.1674E-01   0.000       15.43       0.000    
   39500   1.975      0.5000E-04 NODE          60  -0.2%  0.1682E-01  0.1500E-04  0.7608E-07  0.1687E-01   0.000       15.43       0.000    
   39600   1.980      0.5000E-04 NODE          60  -0.2%  0.1695E-01  0.1501E-04  0.7632E-07  0.1699E-01   0.000       15.43       0.000    
   39700   1.985      0.5000E-04 NODE          60  -0.2%  0.1708E-01  0.1501E-04  0.7657E-07  0.1712E-01   0.000       15.43       0.000    
   39800   1.990      0.5000E-04 NODE          60  -0.2%  0.1721E-01  0.1501E-04  0.7678E-07  0.1725E-01   0.000       15.43       0.000    
   39900   1.995      0.5000E-04 NODE          60  -0.2%  0.1734E-01  0.1499E-04  0.7689E-07  0.1738E-01   0.000       15.43       0.000    
   CYCLE    TIME      TIME-STEP  ELEMENT          ERROR  I-ENERGY    K-ENERGY T  K-ENERGY R  EXT-WORK     MAS.ERR     TOTAL MASS  MASS ADDED
   40000   2.000      0.5000E-04 NODE          60  -0.2%  0.1747E-01  0.1496E-04  0.7683E-07  0.1752E-01   0.000       15.43       0.000    
     ANIMATION FILE: I02D_LAP_ELASTIC_H05_R1A013 WRITTEN
   40100   2.005      0.5000E-04 NODE          60  -0.2%  0.1760E-01  0.1492E-04  0.7657E-07  0.1765E-01   0.000       15.43       0.000    
   40200   2.010      0.5000E-04 NODE          60  -0.2%  0.1773E-01  0.1487E-04  0.7615E-07  0.1778E-01   0.000       15.43       0.000    
   40300   2.015      0.5000E-04 NODE          60  -0.2%  0.1786E-01  0.1481E-04  0.7563E-07  0.1791E-01   0.000       15.43       0.000    
   40400   2.020      0.5000E-04 NODE          60  -0.2%  0.1799E-01  0.1476E-04  0.7514E-07  0.1804E-01   0.000       15.43       0.000    
   40500   2.025      0.5000E-04 NODE          60  -0.2%  0.1813E-01  0.1470E-04  0.7475E-07  0.1818E-01   0.000       15.43       0.000    
   40600   2.030      0.5000E-04 NODE          60  -0.2%  0.1826E-01  0.1464E-04  0.7444E-07  0.1831E-01   0.000       15.43       0.000    
   40700   2.035      0.5000E-04 NODE          60  -0.2%  0.1840E-01  0.1456E-04  0.7420E-07  0.1845E-01   0.000       15.43       0.000    
   40800   2.040      0.5000E-04 NODE          60  -0.2%  0.1853E-01  0.1448E-04  0.7395E-07  0.1858E-01   0.000       15.43       0.000    
   40900   2.045      0.5000E-04 NODE          60  -0.2%  0.1867E-01  0.1440E-04  0.7367E-07  0.1872E-01   0.000       15.43       0.000    
   41000   2.050      0.5000E-04 NODE          60  -0.2%  0.1880E-01  0.1431E-04  0.7331E-07  0.1885E-01   0.000       15.43       0.000    
   41100   2.055      0.5000E-04 NODE          60  -0.2%  0.1894E-01  0.1423E-04  0.7291E-07  0.1899E-01   0.000       15.43       0.000    
   41200   2.060      0.5000E-04 NODE          60  -0.2%  0.1907E-01  0.1414E-04  0.7246E-07  0.1913E-01   0.000       15.43       0.000    
   41300   2.065      0.5000E-04 NODE          60  -0.2%  0.1921E-01  0.1404E-04  0.7196E-07  0.1926E-01   0.000       15.43       0.000    
   41400   2.070      0.5000E-04 NODE          60  -0.2%  0.1935E-01  0.1394E-04  0.7148E-07  0.1940E-01   0.000       15.43       0.000    
   41500   2.075      0.5000E-04 NODE          60  -0.2%  0.1949E-01  0.1383E-04  0.7108E-07  0.1954E-01   0.000       15.43       0.000    
   41600   2.080      0.5000E-04 NODE          60  -0.2%  0.1963E-01  0.1372E-04  0.7078E-07  0.1968E-01   0.000       15.43       0.000    
   41700   2.085      0.5000E-04 NODE          60  -0.2%  0.1976E-01  0.1362E-04  0.7058E-07  0.1982E-01   0.000       15.43       0.000    
   41800   2.090      0.5000E-04 NODE          60  -0.2%  0.1990E-01  0.1352E-04  0.7049E-07  0.1996E-01   0.000       15.43       0.000    
   41900   2.095      0.5000E-04 NODE          60  -0.2%  0.2004E-01  0.1343E-04  0.7042E-07  0.2010E-01   0.000       15.43       0.000    
   42000   2.100      0.5000E-04 NODE          60  -0.2%  0.2018E-01  0.1333E-04  0.7037E-07  0.2024E-01   0.000       15.43       0.000    
   42100   2.105      0.5000E-04 NODE          60  -0.2%  0.2032E-01  0.1323E-04  0.7030E-07  0.2038E-01   0.000       15.43       0.000    
   42200   2.110      0.5000E-04 NODE          60  -0.2%  0.2047E-01  0.1312E-04  0.7016E-07  0.2052E-01   0.000       15.43       0.000    
   42300   2.115      0.5000E-04 NODE          60  -0.2%  0.2061E-01  0.1301E-04  0.6990E-07  0.2066E-01   0.000       15.43       0.000    
   42400   2.120      0.5000E-04 NODE          60  -0.2%  0.2075E-01  0.1290E-04  0.6955E-07  0.2080E-01   0.000       15.43       0.000    
   42500   2.125      0.5000E-04 NODE          60  -0.2%  0.2089E-01  0.1280E-04  0.6917E-07  0.2094E-01   0.000       15.43       0.000    
   42600   2.130      0.5000E-04 NODE          60  -0.2%  0.2103E-01  0.1271E-04  0.6880E-07  0.2109E-01   0.000       15.43       0.000    
   42700   2.135      0.5000E-04 NODE          60  -0.2%  0.2118E-01  0.1261E-04  0.6854E-07  0.2123E-01   0.000       15.43       0.000    
   42800   2.140      0.5000E-04 NODE          60  -0.2%  0.2132E-01  0.1251E-04  0.6839E-07  0.2138E-01   0.000       15.43       0.000    
   42900   2.145      0.5000E-04 NODE          60  -0.2%  0.2147E-01  0.1240E-04  0.6831E-07  0.2152E-01   0.000       15.43       0.000    
   43000   2.150      0.5000E-04 NODE          60  -0.2%  0.2161E-01  0.1231E-04  0.6822E-07  0.2167E-01   0.000       15.43       0.000    
   43100   2.155      0.5000E-04 NODE          60  -0.2%  0.2176E-01  0.1222E-04  0.6808E-07  0.2181E-01   0.000       15.43       0.000    
   43200   2.160      0.5000E-04 NODE          60  -0.2%  0.2190E-01  0.1213E-04  0.6782E-07  0.2196E-01   0.000       15.43       0.000    
   43300   2.165      0.5000E-04 NODE          60  -0.2%  0.2205E-01  0.1205E-04  0.6743E-07  0.2210E-01   0.000       15.43       0.000    
     ANIMATION FILE: I02D_LAP_ELASTIC_H05_R1A014 WRITTEN
   43400   2.170      0.5000E-04 NODE          60  -0.2%  0.2219E-01  0.1197E-04  0.6693E-07  0.2225E-01   0.000       15.43       0.000    
   43500   2.175      0.5000E-04 NODE          60  -0.2%  0.2234E-01  0.1187E-04  0.6637E-07  0.2240E-01   0.000       15.43       0.000    
   43600   2.180      0.5000E-04 NODE          60  -0.2%  0.2249E-01  0.1179E-04  0.6579E-07  0.2254E-01   0.000       15.43       0.000    
   43700   2.185      0.5000E-04 NODE          60  -0.2%  0.2264E-01  0.1170E-04  0.6530E-07  0.2269E-01   0.000       15.43       0.000    
   43800   2.190      0.5000E-04 NODE          60  -0.2%  0.2278E-01  0.1163E-04  0.6493E-07  0.2284E-01   0.000       15.43       0.000    
   43900   2.195      0.5000E-04 NODE          60  -0.2%  0.2293E-01  0.1158E-04  0.6466E-07  0.2299E-01   0.000       15.43       0.000    
   44000   2.200      0.5000E-04 NODE          60  -0.2%  0.2308E-01  0.1152E-04  0.6445E-07  0.2314E-01   0.000       15.43       0.000    
   44100   2.205      0.5000E-04 NODE          60  -0.2%  0.2323E-01  0.1147E-04  0.6426E-07  0.2329E-01   0.000       15.43       0.000    
   44200   2.210      0.5000E-04 NODE          60  -0.2%  0.2338E-01  0.1142E-04  0.6406E-07  0.2344E-01   0.000       15.43       0.000    
   44300   2.215      0.5000E-04 NODE          60  -0.2%  0.2353E-01  0.1137E-04  0.6384E-07  0.2359E-01   0.000       15.43       0.000    
   44400   2.220      0.5000E-04 NODE          60  -0.2%  0.2368E-01  0.1132E-04  0.6362E-07  0.2374E-01   0.000       15.43       0.000    
   44500   2.225      0.5000E-04 NODE          60  -0.2%  0.2383E-01  0.1129E-04  0.6339E-07  0.2389E-01   0.000       15.43       0.000    
   44600   2.230      0.5000E-04 NODE          60  -0.2%  0.2398E-01  0.1126E-04  0.6316E-07  0.2404E-01   0.000       15.43       0.000    
   44700   2.235      0.5000E-04 NODE          60  -0.2%  0.2414E-01  0.1125E-04  0.6298E-07  0.2419E-01   0.000       15.43       0.000    
   44800   2.240      0.5000E-04 NODE          60  -0.2%  0.2429E-01  0.1123E-04  0.6289E-07  0.2435E-01   0.000       15.43       0.000    
   44900   2.245      0.5000E-04 NODE          60  -0.2%  0.2444E-01  0.1122E-04  0.6292E-07  0.2450E-01   0.000       15.43       0.000    
   45000   2.250      0.5000E-04 NODE          60  -0.2%  0.2459E-01  0.1121E-04  0.6310E-07  0.2465E-01   0.000       15.43       0.000    
   45100   2.255      0.5000E-04 NODE          60  -0.2%  0.2475E-01  0.1120E-04  0.6341E-07  0.2480E-01   0.000       15.43       0.000    
   45200   2.260      0.5000E-04 NODE          60  -0.2%  0.2490E-01  0.1121E-04  0.6377E-07  0.2496E-01   0.000       15.43       0.000    
   45300   2.265      0.5000E-04 NODE          60  -0.2%  0.2505E-01  0.1124E-04  0.6413E-07  0.2511E-01   0.000       15.43       0.000    
   45400   2.270      0.5000E-04 NODE          60  -0.2%  0.2521E-01  0.1126E-04  0.6445E-07  0.2527E-01   0.000       15.43       0.000    
   45500   2.275      0.5000E-04 NODE          60  -0.2%  0.2536E-01  0.1129E-04  0.6467E-07  0.2542E-01   0.000       15.43       0.000    
   45600   2.280      0.5000E-04 NODE          60  -0.2%  0.2552E-01  0.1131E-04  0.6477E-07  0.2558E-01   0.000       15.43       0.000    
   45700   2.285      0.5000E-04 NODE          60  -0.2%  0.2567E-01  0.1133E-04  0.6481E-07  0.2573E-01   0.000       15.43       0.000    
   45800   2.290      0.5000E-04 NODE          60  -0.2%  0.2583E-01  0.1135E-04  0.6483E-07  0.2589E-01   0.000       15.43       0.000    
   45900   2.295      0.5000E-04 NODE          60  -0.2%  0.2599E-01  0.1139E-04  0.6491E-07  0.2605E-01   0.000       15.43       0.000    
   46000   2.300      0.5000E-04 NODE          60  -0.2%  0.2614E-01  0.1143E-04  0.6511E-07  0.2620E-01   0.000       15.43       0.000    
   46100   2.305      0.5000E-04 NODE          60  -0.2%  0.2630E-01  0.1149E-04  0.6541E-07  0.2636E-01   0.000       15.43       0.000    
   46200   2.310      0.5000E-04 NODE          60  -0.2%  0.2646E-01  0.1154E-04  0.6573E-07  0.2652E-01   0.000       15.43       0.000    
   46300   2.315      0.5000E-04 NODE          60  -0.2%  0.2661E-01  0.1159E-04  0.6600E-07  0.2668E-01   0.000       15.43       0.000    
   46400   2.320      0.5000E-04 NODE          60  -0.2%  0.2677E-01  0.1164E-04  0.6619E-07  0.2683E-01   0.000       15.43       0.000    
   46500   2.325      0.5000E-04 NODE          60  -0.2%  0.2693E-01  0.1169E-04  0.6626E-07  0.2699E-01   0.000       15.43       0.000    
   46600   2.330      0.5000E-04 NODE          60  -0.2%  0.2709E-01  0.1174E-04  0.6624E-07  0.2715E-01   0.000       15.43       0.000    
     ANIMATION FILE: I02D_LAP_ELASTIC_H05_R1A015 WRITTEN
   46700   2.335      0.5000E-04 NODE          60  -0.2%  0.2725E-01  0.1180E-04  0.6618E-07  0.2731E-01   0.000       15.43       0.000    
   46800   2.340      0.5000E-04 NODE          60  -0.2%  0.2741E-01  0.1187E-04  0.6608E-07  0.2747E-01   0.000       15.43       0.000    
   46900   2.345      0.5000E-04 NODE          60  -0.2%  0.2757E-01  0.1193E-04  0.6601E-07  0.2763E-01   0.000       15.43       0.000    
   47000   2.350      0.5000E-04 NODE          60  -0.2%  0.2773E-01  0.1200E-04  0.6602E-07  0.2779E-01   0.000       15.43       0.000    
   47100   2.355      0.5000E-04 NODE          60  -0.2%  0.2789E-01  0.1206E-04  0.6612E-07  0.2795E-01   0.000       15.43       0.000    
   47200   2.360      0.5000E-04 NODE          60  -0.2%  0.2805E-01  0.1212E-04  0.6631E-07  0.2811E-01   0.000       15.43       0.000    
   47300   2.365      0.5000E-04 NODE          60  -0.2%  0.2821E-01  0.1219E-04  0.6657E-07  0.2827E-01   0.000       15.43       0.000    
   47400   2.370      0.5000E-04 NODE          60  -0.2%  0.2837E-01  0.1227E-04  0.6685E-07  0.2844E-01   0.000       15.43       0.000    
   47500   2.375      0.5000E-04 NODE          60  -0.2%  0.2853E-01  0.1235E-04  0.6710E-07  0.2860E-01   0.000       15.43       0.000    
   47600   2.380      0.5000E-04 NODE          60  -0.2%  0.2869E-01  0.1243E-04  0.6733E-07  0.2876E-01   0.000       15.43       0.000    
   47700   2.385      0.5000E-04 NODE          60  -0.2%  0.2885E-01  0.1250E-04  0.6752E-07  0.2892E-01   0.000       15.43       0.000    
   47800   2.390      0.5000E-04 NODE          60  -0.2%  0.2902E-01  0.1256E-04  0.6767E-07  0.2908E-01   0.000       15.43       0.000    
   47900   2.395      0.5000E-04 NODE          60  -0.2%  0.2918E-01  0.1262E-04  0.6778E-07  0.2925E-01   0.000       15.43       0.000    
   48000   2.400      0.5000E-04 NODE          60  -0.2%  0.2934E-01  0.1269E-04  0.6793E-07  0.2941E-01   0.000       15.43       0.000    
   48100   2.405      0.5000E-04 NODE          60  -0.2%  0.2950E-01  0.1276E-04  0.6815E-07  0.2957E-01   0.000       15.43       0.000    
   48200   2.410      0.5000E-04 NODE          60  -0.2%  0.2967E-01  0.1284E-04  0.6849E-07  0.2974E-01   0.000       15.43       0.000    
   48300   2.415      0.5000E-04 NODE          60  -0.2%  0.2983E-01  0.1291E-04  0.6897E-07  0.2990E-01   0.000       15.43       0.000    
   48400   2.420      0.5000E-04 NODE          60  -0.2%  0.3000E-01  0.1297E-04  0.6954E-07  0.3007E-01   0.000       15.43       0.000    
   48500   2.425      0.5000E-04 NODE          60  -0.2%  0.3016E-01  0.1303E-04  0.7009E-07  0.3023E-01   0.000       15.43       0.000    
   48600   2.430      0.5000E-04 NODE          60  -0.2%  0.3033E-01  0.1309E-04  0.7055E-07  0.3040E-01   0.000       15.43       0.000    
   48700   2.435      0.5000E-04 NODE          60  -0.2%  0.3049E-01  0.1314E-04  0.7092E-07  0.3056E-01   0.000       15.43       0.000    
   48800   2.440      0.5000E-04 NODE          60  -0.2%  0.3065E-01  0.1319E-04  0.7114E-07  0.3073E-01   0.000       15.43       0.000    
   48900   2.445      0.5000E-04 NODE          60  -0.2%  0.3082E-01  0.1323E-04  0.7124E-07  0.3089E-01   0.000       15.43       0.000    
   49000   2.450      0.5000E-04 NODE          60  -0.2%  0.3099E-01  0.1327E-04  0.7130E-07  0.3106E-01   0.000       15.43       0.000    
   49100   2.455      0.5000E-04 NODE          60  -0.2%  0.3115E-01  0.1329E-04  0.7134E-07  0.3123E-01   0.000       15.43       0.000    
   49200   2.460      0.5000E-04 NODE          60  -0.2%  0.3132E-01  0.1331E-04  0.7142E-07  0.3139E-01   0.000       15.43       0.000    
   49300   2.465      0.5000E-04 NODE          60  -0.2%  0.3148E-01  0.1333E-04  0.7156E-07  0.3156E-01   0.000       15.43       0.000    
   49400   2.470      0.5000E-04 NODE          60  -0.2%  0.3165E-01  0.1334E-04  0.7174E-07  0.3173E-01   0.000       15.43       0.000    
   49500   2.475      0.5000E-04 NODE          60  -0.2%  0.3182E-01  0.1335E-04  0.7186E-07  0.3189E-01   0.000       15.43       0.000    
   49600   2.480      0.5000E-04 NODE          60  -0.2%  0.3198E-01  0.1336E-04  0.7189E-07  0.3206E-01   0.000       15.43       0.000    
   49700   2.485      0.5000E-04 NODE          60  -0.2%  0.3215E-01  0.1335E-04  0.7179E-07  0.3223E-01   0.000       15.43       0.000    
   49800   2.490      0.5000E-04 NODE          60  -0.2%  0.3232E-01  0.1333E-04  0.7156E-07  0.3239E-01   0.000       15.43       0.000    
   49900   2.495      0.5000E-04 NODE          60  -0.2%  0.3249E-01  0.1330E-04  0.7124E-07  0.3256E-01   0.000       15.43       0.000    
   CYCLE    TIME      TIME-STEP  ELEMENT          ERROR  I-ENERGY    K-ENERGY T  K-ENERGY R  EXT-WORK     MAS.ERR     TOTAL MASS  MASS ADDED
   50000   2.500      0.5000E-04 NODE          60  -0.2%  0.3265E-01  0.1327E-04  0.7088E-07  0.3273E-01   0.000       15.43       0.000    
     ANIMATION FILE: I02D_LAP_ELASTIC_H05_R1A016 WRITTEN
   50100   2.505      0.5000E-04 NODE          60  -0.2%  0.3282E-01  0.1323E-04  0.7049E-07  0.3290E-01   0.000       15.43       0.000    
   50200   2.510      0.5000E-04 NODE          60  -0.2%  0.3299E-01  0.1319E-04  0.7008E-07  0.3307E-01   0.000       15.43       0.000    
   50300   2.515      0.5000E-04 NODE          60  -0.2%  0.3316E-01  0.1315E-04  0.6973E-07  0.3324E-01   0.000       15.43       0.000    
   50400   2.520      0.5000E-04 NODE          60  -0.2%  0.3333E-01  0.1309E-04  0.6946E-07  0.3341E-01   0.000       15.43       0.000    
   50500   2.525      0.5000E-04 NODE          60  -0.2%  0.3350E-01  0.1303E-04  0.6928E-07  0.3357E-01   0.000       15.43       0.000    
   50600   2.530      0.5000E-04 NODE          60  -0.2%  0.3367E-01  0.1297E-04  0.6918E-07  0.3374E-01   0.000       15.43       0.000    
   50700   2.535      0.5000E-04 NODE          60  -0.2%  0.3384E-01  0.1289E-04  0.6910E-07  0.3391E-01   0.000       15.43       0.000    
   50800   2.540      0.5000E-04 NODE          60  -0.2%  0.3400E-01  0.1282E-04  0.6897E-07  0.3408E-01   0.000       15.43       0.000    
   50900   2.545      0.5000E-04 NODE          60  -0.2%  0.3417E-01  0.1274E-04  0.6876E-07  0.3425E-01   0.000       15.43       0.000    
   51000   2.550      0.5000E-04 NODE          60  -0.2%  0.3434E-01  0.1267E-04  0.6848E-07  0.3442E-01   0.000       15.43       0.000    
   51100   2.555      0.5000E-04 NODE          60  -0.2%  0.3451E-01  0.1258E-04  0.6813E-07  0.3459E-01   0.000       15.43       0.000    
   51200   2.560      0.5000E-04 NODE          60  -0.2%  0.3468E-01  0.1248E-04  0.6777E-07  0.3476E-01   0.000       15.43       0.000    
   51300   2.565      0.5000E-04 NODE          60  -0.2%  0.3485E-01  0.1237E-04  0.6745E-07  0.3493E-01   0.000       15.43       0.000    
   51400   2.570      0.5000E-04 NODE          60  -0.2%  0.3503E-01  0.1227E-04  0.6722E-07  0.3511E-01   0.000       15.43       0.000    
   51500   2.575      0.5000E-04 NODE          60  -0.2%  0.3520E-01  0.1216E-04  0.6710E-07  0.3528E-01   0.000       15.43       0.000    
   51600   2.580      0.5000E-04 NODE          60  -0.2%  0.3537E-01  0.1206E-04  0.6708E-07  0.3545E-01   0.000       15.43       0.000    
   51700   2.585      0.5000E-04 NODE          60  -0.2%  0.3554E-01  0.1196E-04  0.6709E-07  0.3562E-01   0.000       15.43       0.000    
   51800   2.590      0.5000E-04 NODE          60  -0.2%  0.3571E-01  0.1185E-04  0.6701E-07  0.3579E-01   0.000       15.43       0.000    
   51900   2.595      0.5000E-04 NODE          60  -0.2%  0.3588E-01  0.1173E-04  0.6682E-07  0.3596E-01   0.000       15.43       0.000    
   52000   2.600      0.5000E-04 NODE          60  -0.2%  0.3605E-01  0.1161E-04  0.6650E-07  0.3613E-01   0.000       15.43       0.000    
   52100   2.605      0.5000E-04 NODE          60  -0.2%  0.3622E-01  0.1148E-04  0.6608E-07  0.3630E-01   0.000       15.43       0.000    
   52200   2.610      0.5000E-04 NODE          60  -0.2%  0.3639E-01  0.1135E-04  0.6561E-07  0.3648E-01   0.000       15.43       0.000    
   52300   2.615      0.5000E-04 NODE          60  -0.2%  0.3657E-01  0.1122E-04  0.6514E-07  0.3665E-01   0.000       15.43       0.000    
   52400   2.620      0.5000E-04 NODE          60  -0.2%  0.3674E-01  0.1110E-04  0.6469E-07  0.3682E-01   0.000       15.43       0.000    
   52500   2.625      0.5000E-04 NODE          60  -0.2%  0.3691E-01  0.1097E-04  0.6426E-07  0.3699E-01   0.000       15.43       0.000    
   52600   2.630      0.5000E-04 NODE          60  -0.2%  0.3708E-01  0.1084E-04  0.6389E-07  0.3716E-01   0.000       15.43       0.000    
   52700   2.635      0.5000E-04 NODE          60  -0.2%  0.3725E-01  0.1071E-04  0.6356E-07  0.3734E-01   0.000       15.43       0.000    
   52800   2.640      0.5000E-04 NODE          60  -0.2%  0.3743E-01  0.1058E-04  0.6321E-07  0.3751E-01   0.000       15.43       0.000    
   52900   2.645      0.5000E-04 NODE          60  -0.2%  0.3760E-01  0.1044E-04  0.6281E-07  0.3768E-01   0.000       15.43       0.000    
   53000   2.650      0.5000E-04 NODE          60  -0.2%  0.3777E-01  0.1032E-04  0.6234E-07  0.3785E-01   0.000       15.43       0.000    
   53100   2.655      0.5000E-04 NODE          60  -0.2%  0.3794E-01  0.1020E-04  0.6177E-07  0.3803E-01   0.000       15.43       0.000    
   53200   2.660      0.5000E-04 NODE          60  -0.2%  0.3811E-01  0.1007E-04  0.6114E-07  0.3820E-01   0.000       15.43       0.000    
   53300   2.665      0.5000E-04 NODE          60  -0.2%  0.3829E-01  0.9943E-05  0.6051E-07  0.3837E-01   0.000       15.43       0.000    
     ANIMATION FILE: I02D_LAP_ELASTIC_H05_R1A017 WRITTEN
   53400   2.670      0.5000E-04 NODE          60  -0.2%  0.3846E-01  0.9813E-05  0.5987E-07  0.3854E-01   0.000       15.43       0.000    
   53500   2.675      0.5000E-04 NODE          60  -0.2%  0.3863E-01  0.9688E-05  0.5927E-07  0.3872E-01   0.000       15.43       0.000    
   53600   2.680      0.5000E-04 NODE          60  -0.2%  0.3881E-01  0.9569E-05  0.5878E-07  0.3889E-01   0.000       15.43       0.000    
   53700   2.685      0.5000E-04 NODE          60  -0.2%  0.3898E-01  0.9460E-05  0.5841E-07  0.3906E-01   0.000       15.43       0.000    
   53800   2.690      0.5000E-04 NODE          60  -0.2%  0.3915E-01  0.9360E-05  0.5816E-07  0.3924E-01   0.000       15.43       0.000    
   53900   2.695      0.5000E-04 NODE          60  -0.2%  0.3932E-01  0.9263E-05  0.5801E-07  0.3941E-01   0.000       15.43       0.000    
   54000   2.700      0.5000E-04 NODE          60  -0.2%  0.3950E-01  0.9165E-05  0.5789E-07  0.3958E-01   0.000       15.43       0.000    
   54100   2.705      0.5000E-04 NODE          60  -0.2%  0.3967E-01  0.9066E-05  0.5771E-07  0.3976E-01   0.000       15.43       0.000    
   54200   2.710      0.5000E-04 NODE          60  -0.2%  0.3984E-01  0.8971E-05  0.5748E-07  0.3993E-01   0.000       15.43       0.000    
   54300   2.715      0.5000E-04 NODE          60  -0.2%  0.4002E-01  0.8880E-05  0.5721E-07  0.4010E-01   0.000       15.43       0.000    
   54400   2.720      0.5000E-04 NODE          60  -0.2%  0.4019E-01  0.8797E-05  0.5693E-07  0.4028E-01   0.000       15.43       0.000    
   54500   2.725      0.5000E-04 NODE          60  -0.2%  0.4036E-01  0.8723E-05  0.5671E-07  0.4045E-01   0.000       15.43       0.000    
   54600   2.730      0.5000E-04 NODE          60  -0.2%  0.4053E-01  0.8653E-05  0.5659E-07  0.4062E-01   0.000       15.43       0.000    
   54700   2.735      0.5000E-04 NODE          60  -0.2%  0.4071E-01  0.8585E-05  0.5659E-07  0.4080E-01   0.000       15.43       0.000    
   54800   2.740      0.5000E-04 NODE          60  -0.2%  0.4088E-01  0.8520E-05  0.5669E-07  0.4097E-01   0.000       15.43       0.000    
   54900   2.745      0.5000E-04 NODE          60  -0.2%  0.4105E-01  0.8460E-05  0.5687E-07  0.4114E-01   0.000       15.43       0.000    
   55000   2.750      0.5000E-04 NODE          60  -0.2%  0.4123E-01  0.8406E-05  0.5704E-07  0.4132E-01   0.000       15.43       0.000    
   55100   2.755      0.5000E-04 NODE          60  -0.2%  0.4140E-01  0.8359E-05  0.5712E-07  0.4149E-01   0.000       15.43       0.000    
   55200   2.760      0.5000E-04 NODE          60  -0.2%  0.4157E-01  0.8317E-05  0.5709E-07  0.4166E-01   0.000       15.43       0.000    
   55300   2.765      0.5000E-04 NODE          60  -0.2%  0.4175E-01  0.8277E-05  0.5698E-07  0.4184E-01   0.000       15.43       0.000    
   55400   2.770      0.5000E-04 NODE          60  -0.2%  0.4192E-01  0.8235E-05  0.5681E-07  0.4201E-01   0.000       15.43       0.000    
   55500   2.775      0.5000E-04 NODE          60  -0.2%  0.4209E-01  0.8193E-05  0.5663E-07  0.4218E-01   0.000       15.43       0.000    
   55600   2.780      0.5000E-04 NODE          60  -0.2%  0.4226E-01  0.8156E-05  0.5648E-07  0.4235E-01   0.000       15.43       0.000    
   55700   2.785      0.5000E-04 NODE          60  -0.2%  0.4244E-01  0.8125E-05  0.5634E-07  0.4253E-01   0.000       15.43       0.000    
   55800   2.790      0.5000E-04 NODE          60  -0.2%  0.4261E-01  0.8103E-05  0.5624E-07  0.4270E-01   0.000       15.43       0.000    
   55900   2.795      0.5000E-04 NODE          60  -0.2%  0.4278E-01  0.8088E-05  0.5619E-07  0.4287E-01   0.000       15.43       0.000    
   56000   2.800      0.5000E-04 NODE          60  -0.2%  0.4296E-01  0.8076E-05  0.5619E-07  0.4305E-01   0.000       15.43       0.000    
   56100   2.805      0.5000E-04 NODE          60  -0.2%  0.4313E-01  0.8064E-05  0.5622E-07  0.4322E-01   0.000       15.43       0.000    
   56200   2.810      0.5000E-04 NODE          60  -0.2%  0.4330E-01  0.8051E-05  0.5624E-07  0.4339E-01   0.000       15.43       0.000    
   56300   2.815      0.5000E-04 NODE          60  -0.2%  0.4347E-01  0.8042E-05  0.5621E-07  0.4357E-01   0.000       15.43       0.000    
   56400   2.820      0.5000E-04 NODE          60  -0.2%  0.4365E-01  0.8037E-05  0.5609E-07  0.4374E-01   0.000       15.43       0.000    
   56500   2.825      0.5000E-04 NODE          60  -0.2%  0.4382E-01  0.8038E-05  0.5592E-07  0.4391E-01   0.000       15.43       0.000    
   56600   2.830      0.5000E-04 NODE          60  -0.2%  0.4399E-01  0.8044E-05  0.5575E-07  0.4408E-01   0.000       15.43       0.000    
     ANIMATION FILE: I02D_LAP_ELASTIC_H05_R1A018 WRITTEN
   56700   2.835      0.5000E-04 NODE          60  -0.2%  0.4416E-01  0.8054E-05  0.5562E-07  0.4426E-01   0.000       15.43       0.000    
   56800   2.840      0.5000E-04 NODE          60  -0.2%  0.4433E-01  0.8063E-05  0.5557E-07  0.4443E-01   0.000       15.43       0.000    
   56900   2.845      0.5000E-04 NODE          60  -0.2%  0.4451E-01  0.8075E-05  0.5565E-07  0.4460E-01   0.000       15.43       0.000    
   57000   2.850      0.5000E-04 NODE          60  -0.2%  0.4468E-01  0.8092E-05  0.5586E-07  0.4477E-01   0.000       15.43       0.000    
   57100   2.855      0.5000E-04 NODE          60  -0.2%  0.4485E-01  0.8115E-05  0.5615E-07  0.4494E-01   0.000       15.43       0.000    
   57200   2.860      0.5000E-04 NODE          60  -0.2%  0.4502E-01  0.8145E-05  0.5650E-07  0.4512E-01   0.000       15.43       0.000    
   57300   2.865      0.5000E-04 NODE          60  -0.2%  0.4519E-01  0.8179E-05  0.5680E-07  0.4529E-01   0.000       15.43       0.000    
   57400   2.870      0.5000E-04 NODE          60  -0.2%  0.4536E-01  0.8213E-05  0.5703E-07  0.4546E-01   0.000       15.43       0.000    
   57500   2.875      0.5000E-04 NODE          60  -0.2%  0.4554E-01  0.8243E-05  0.5719E-07  0.4563E-01   0.000       15.43       0.000    
   57600   2.880      0.5000E-04 NODE          60  -0.2%  0.4571E-01  0.8270E-05  0.5733E-07  0.4580E-01   0.000       15.43       0.000    
   57700   2.885      0.5000E-04 NODE          60  -0.2%  0.4588E-01  0.8297E-05  0.5751E-07  0.4597E-01   0.000       15.43       0.000    
   57800   2.890      0.5000E-04 NODE          60  -0.2%  0.4605E-01  0.8330E-05  0.5776E-07  0.4615E-01   0.000       15.43       0.000    
   57900   2.895      0.5000E-04 NODE          60  -0.2%  0.4622E-01  0.8368E-05  0.5808E-07  0.4632E-01   0.000       15.43       0.000    
   58000   2.900      0.5000E-04 NODE          60  -0.2%  0.4639E-01  0.8411E-05  0.5847E-07  0.4649E-01   0.000       15.43       0.000    
   58100   2.905      0.5000E-04 NODE          60  -0.2%  0.4656E-01  0.8453E-05  0.5891E-07  0.4666E-01   0.000       15.43       0.000    
   58200   2.910      0.5000E-04 NODE          60  -0.2%  0.4673E-01  0.8491E-05  0.5937E-07  0.4683E-01   0.000       15.43       0.000    
   58300   2.915      0.5000E-04 NODE          60  -0.2%  0.4690E-01  0.8523E-05  0.5980E-07  0.4700E-01   0.000       15.43       0.000    
   58400   2.920      0.5000E-04 NODE          60  -0.2%  0.4707E-01  0.8552E-05  0.6015E-07  0.4717E-01   0.000       15.43       0.000    
   58500   2.925      0.5000E-04 NODE          60  -0.2%  0.4724E-01  0.8581E-05  0.6040E-07  0.4734E-01   0.000       15.43       0.000    
   58600   2.930      0.5000E-04 NODE          60  -0.2%  0.4741E-01  0.8610E-05  0.6054E-07  0.4751E-01   0.000       15.43       0.000    
   58700   2.935      0.5000E-04 NODE          60  -0.2%  0.4758E-01  0.8639E-05  0.6060E-07  0.4768E-01   0.000       15.43       0.000    
   58800   2.940      0.5000E-04 NODE          60  -0.2%  0.4775E-01  0.8664E-05  0.6063E-07  0.4785E-01   0.000       15.43       0.000    
   58900   2.945      0.5000E-04 NODE          60  -0.2%  0.4792E-01  0.8682E-05  0.6067E-07  0.4802E-01   0.000       15.43       0.000    
   59000   2.950      0.5000E-04 NODE          60  -0.2%  0.4808E-01  0.8694E-05  0.6070E-07  0.4819E-01   0.000       15.43       0.000    
   59100   2.955      0.5000E-04 NODE          60  -0.2%  0.4825E-01  0.8703E-05  0.6075E-07  0.4835E-01   0.000       15.43       0.000    
   59200   2.960      0.5000E-04 NODE          60  -0.2%  0.4842E-01  0.8713E-05  0.6084E-07  0.4852E-01   0.000       15.43       0.000    
   59300   2.965      0.5000E-04 NODE          60  -0.2%  0.4859E-01  0.8723E-05  0.6097E-07  0.4869E-01   0.000       15.43       0.000    
   59400   2.970      0.5000E-04 NODE          60  -0.2%  0.4876E-01  0.8732E-05  0.6108E-07  0.4886E-01   0.000       15.43       0.000    
   59500   2.975      0.5000E-04 NODE          60  -0.2%  0.4892E-01  0.8736E-05  0.6115E-07  0.4903E-01   0.000       15.43       0.000    
   59600   2.980      0.5000E-04 NODE          60  -0.2%  0.4909E-01  0.8731E-05  0.6113E-07  0.4919E-01   0.000       15.43       0.000    
   59700   2.985      0.5000E-04 NODE          60  -0.2%  0.4926E-01  0.8717E-05  0.6101E-07  0.4936E-01   0.000       15.43       0.000    
   59800   2.990      0.5000E-04 NODE          60  -0.2%  0.4942E-01  0.8696E-05  0.6085E-07  0.4953E-01   0.000       15.43       0.000    
   59900   2.995      0.5000E-04 NODE          60  -0.2%  0.4959E-01  0.8673E-05  0.6070E-07  0.4969E-01   0.000       15.43       0.000    
   CYCLE    TIME      TIME-STEP  ELEMENT          ERROR  I-ENERGY    K-ENERGY T  K-ENERGY R  EXT-WORK     MAS.ERR     TOTAL MASS  MASS ADDED
   60000   3.000      0.5000E-04 NODE          60  -0.2%  0.4976E-01  0.8650E-05  0.6060E-07  0.4986E-01   0.000       15.43       0.000    
     ANIMATION FILE: I02D_LAP_ELASTIC_H05_R1A019 WRITTEN
   60100   3.005      0.5000E-04 NODE          60  -0.2%  0.4992E-01  0.8627E-05  0.6060E-07  0.5003E-01   0.000       15.43       0.000    
   60200   3.010      0.5000E-04 NODE          60  -0.2%  0.5009E-01  0.8602E-05  0.6070E-07  0.5019E-01   0.000       15.43       0.000    
   60300   3.015      0.5000E-04 NODE          60  -0.2%  0.5025E-01  0.8570E-05  0.6087E-07  0.5036E-01   0.000       15.43       0.000    
   60400   3.020      0.5000E-04 NODE          60  -0.2%  0.5042E-01  0.8531E-05  0.6107E-07  0.5052E-01   0.000       15.43       0.000    
   60500   3.025      0.5000E-04 NODE          60  -0.2%  0.5058E-01  0.8485E-05  0.6126E-07  0.5069E-01   0.000       15.43       0.000    
   60600   3.030      0.5000E-04 NODE          60  -0.2%  0.5075E-01  0.8435E-05  0.6138E-07  0.5085E-01   0.000       15.43       0.000    
   60700   3.035      0.5000E-04 NODE          60  -0.2%  0.5091E-01  0.8383E-05  0.6140E-07  0.5102E-01   0.000       15.43       0.000    
   60800   3.040      0.5000E-04 NODE          60  -0.2%  0.5107E-01  0.8327E-05  0.6134E-07  0.5118E-01   0.000       15.43       0.000    
   60900   3.045      0.5000E-04 NODE          60  -0.2%  0.5124E-01  0.8266E-05  0.6127E-07  0.5134E-01   0.000       15.43       0.000    
   61000   3.050      0.5000E-04 NODE          60  -0.2%  0.5140E-01  0.8198E-05  0.6120E-07  0.5151E-01   0.000       15.43       0.000    
   61100   3.055      0.5000E-04 NODE          60  -0.2%  0.5156E-01  0.8123E-05  0.6118E-07  0.5167E-01   0.000       15.43       0.000    
   61200   3.060      0.5000E-04 NODE          60  -0.2%  0.5173E-01  0.8043E-05  0.6121E-07  0.5183E-01   0.000       15.43       0.000    
   61300   3.065      0.5000E-04 NODE          60  -0.2%  0.5189E-01  0.7961E-05  0.6123E-07  0.5200E-01   0.000       15.43       0.000    
   61400   3.070      0.5000E-04 NODE          60  -0.2%  0.5205E-01  0.7878E-05  0.6126E-07  0.5216E-01   0.000       15.43       0.000    
   61500   3.075      0.5000E-04 NODE          60  -0.2%  0.5221E-01  0.7794E-05  0.6129E-07  0.5232E-01   0.000       15.43       0.000    
   61600   3.080      0.5000E-04 NODE          60  -0.2%  0.5237E-01  0.7704E-05  0.6128E-07  0.5248E-01   0.000       15.43       0.000    
   61700   3.085      0.5000E-04 NODE          60  -0.2%  0.5253E-01  0.7607E-05  0.6120E-07  0.5264E-01   0.000       15.43       0.000    
   61800   3.090      0.5000E-04 NODE          60  -0.2%  0.5269E-01  0.7502E-05  0.6103E-07  0.5280E-01   0.000       15.43       0.000    
   61900   3.095      0.5000E-04 NODE          60  -0.2%  0.5285E-01  0.7391E-05  0.6076E-07  0.5296E-01   0.000       15.43       0.000    
   62000   3.100      0.5000E-04 NODE          60  -0.2%  0.5301E-01  0.7278E-05  0.6040E-07  0.5312E-01   0.000       15.43       0.000    
   62100   3.105      0.5000E-04 NODE          60  -0.2%  0.5317E-01  0.7164E-05  0.6003E-07  0.5328E-01   0.000       15.43       0.000    
   62200   3.110      0.5000E-04 NODE          60  -0.2%  0.5333E-01  0.7051E-05  0.5967E-07  0.5344E-01   0.000       15.43       0.000    
   62300   3.115      0.5000E-04 NODE          60  -0.2%  0.5349E-01  0.6936E-05  0.5935E-07  0.5360E-01   0.000       15.43       0.000    
   62400   3.120      0.5000E-04 NODE          60  -0.2%  0.5365E-01  0.6818E-05  0.5908E-07  0.5376E-01   0.000       15.43       0.000    
   62500   3.125      0.5000E-04 NODE          60  -0.2%  0.5380E-01  0.6698E-05  0.5887E-07  0.5391E-01   0.000       15.43       0.000    
   62600   3.130      0.5000E-04 NODE          60  -0.2%  0.5396E-01  0.6575E-05  0.5867E-07  0.5407E-01   0.000       15.43       0.000    
   62700   3.135      0.5000E-04 NODE          60  -0.2%  0.5412E-01  0.6453E-05  0.5844E-07  0.5423E-01   0.000       15.43       0.000    
   62800   3.140      0.5000E-04 NODE          60  -0.2%  0.5427E-01  0.6332E-05  0.5817E-07  0.5438E-01   0.000       15.43       0.000    
   62900   3.145      0.5000E-04 NODE          60  -0.2%  0.5443E-01  0.6213E-05  0.5782E-07  0.5454E-01   0.000       15.43       0.000    
   63000   3.150      0.5000E-04 NODE          60  -0.2%  0.5458E-01  0.6092E-05  0.5741E-07  0.5470E-01   0.000       15.43       0.000    
   63100   3.155      0.5000E-04 NODE          60  -0.2%  0.5474E-01  0.5969E-05  0.5701E-07  0.5485E-01   0.000       15.43       0.000    
   63200   3.160      0.5000E-04 NODE          60  -0.2%  0.5489E-01  0.5846E-05  0.5667E-07  0.5501E-01   0.000       15.43       0.000    
   63300   3.165      0.5000E-04 NODE          60  -0.2%  0.5505E-01  0.5723E-05  0.5642E-07  0.5516E-01   0.000       15.43       0.000    
     ANIMATION FILE: I02D_LAP_ELASTIC_H05_R1A020 WRITTEN
   63400   3.170      0.5000E-04 NODE          60  -0.2%  0.5520E-01  0.5605E-05  0.5628E-07  0.5531E-01   0.000       15.43       0.000    
   63500   3.175      0.5000E-04 NODE          60  -0.2%  0.5535E-01  0.5494E-05  0.5623E-07  0.5547E-01   0.000       15.43       0.000    
   63600   3.180      0.5000E-04 NODE          60  -0.2%  0.5551E-01  0.5387E-05  0.5623E-07  0.5562E-01   0.000       15.43       0.000    
   63700   3.185      0.5000E-04 NODE          60  -0.2%  0.5566E-01  0.5282E-05  0.5625E-07  0.5577E-01   0.000       15.43       0.000    
   63800   3.190      0.5000E-04 NODE          60  -0.2%  0.5581E-01  0.5176E-05  0.5628E-07  0.5592E-01   0.000       15.43       0.000    
   63900   3.195      0.5000E-04 NODE          60  -0.2%  0.5596E-01  0.5069E-05  0.5628E-07  0.5607E-01   0.000       15.43       0.000    
   64000   3.200      0.5000E-04 NODE          60  -0.2%  0.5611E-01  0.4963E-05  0.5622E-07  0.5623E-01   0.000       15.43       0.000    
   64100   3.205      0.5000E-04 NODE          60  -0.2%  0.5626E-01  0.4859E-05  0.5615E-07  0.5638E-01   0.000       15.43       0.000    
   64200   3.210      0.5000E-04 NODE          60  -0.2%  0.5641E-01  0.4762E-05  0.5607E-07  0.5653E-01   0.000       15.43       0.000    
   64300   3.215      0.5000E-04 NODE          60  -0.2%  0.5656E-01  0.4670E-05  0.5602E-07  0.5667E-01   0.000       15.43       0.000    
   64400   3.220      0.5000E-04 NODE          60  -0.2%  0.5671E-01  0.4580E-05  0.5601E-07  0.5682E-01   0.000       15.43       0.000    
   64500   3.225      0.5000E-04 NODE          60  -0.2%  0.5686E-01  0.4492E-05  0.5604E-07  0.5697E-01   0.000       15.43       0.000    
   64600   3.230      0.5000E-04 NODE          60  -0.2%  0.5700E-01  0.4405E-05  0.5609E-07  0.5712E-01   0.000       15.43       0.000    
   64700   3.235      0.5000E-04 NODE          60  -0.2%  0.5715E-01  0.4320E-05  0.5617E-07  0.5727E-01   0.000       15.43       0.000    
   64800   3.240      0.5000E-04 NODE          60  -0.2%  0.5730E-01  0.4238E-05  0.5625E-07  0.5741E-01   0.000       15.43       0.000    
   64900   3.245      0.5000E-04 NODE          60  -0.2%  0.5744E-01  0.4162E-05  0.5632E-07  0.5756E-01   0.000       15.43       0.000    
   65000   3.250      0.5000E-04 NODE          60  -0.2%  0.5759E-01  0.4091E-05  0.5632E-07  0.5770E-01   0.000       15.43       0.000    
   65100   3.255      0.5000E-04 NODE          60  -0.2%  0.5773E-01  0.4021E-05  0.5627E-07  0.5785E-01   0.000       15.43       0.000    
   65200   3.260      0.5000E-04 NODE          60  -0.2%  0.5788E-01  0.3950E-05  0.5614E-07  0.5799E-01   0.000       15.43       0.000    
   65300   3.265      0.5000E-04 NODE          60  -0.2%  0.5802E-01  0.3879E-05  0.5598E-07  0.5814E-01   0.000       15.43       0.000    
   65400   3.270      0.5000E-04 NODE          60  -0.2%  0.5816E-01  0.3809E-05  0.5584E-07  0.5828E-01   0.000       15.43       0.000    
   65500   3.275      0.5000E-04 NODE          60  -0.2%  0.5831E-01  0.3745E-05  0.5577E-07  0.5842E-01   0.000       15.43       0.000    
   65600   3.280      0.5000E-04 NODE          60  -0.2%  0.5845E-01  0.3688E-05  0.5577E-07  0.5857E-01   0.000       15.43       0.000    
   65700   3.285      0.5000E-04 NODE          60  -0.2%  0.5859E-01  0.3638E-05  0.5584E-07  0.5871E-01   0.000       15.43       0.000    
   65800   3.290      0.5000E-04 NODE          60  -0.2%  0.5873E-01  0.3592E-05  0.5597E-07  0.5885E-01   0.000       15.43       0.000    
   65900   3.295      0.5000E-04 NODE          60  -0.2%  0.5887E-01  0.3547E-05  0.5611E-07  0.5899E-01   0.000       15.43       0.000    
   66000   3.300      0.5000E-04 NODE          60  -0.2%  0.5901E-01  0.3501E-05  0.5622E-07  0.5913E-01   0.000       15.43       0.000    
   66100   3.305      0.5000E-04 NODE          60  -0.2%  0.5915E-01  0.3457E-05  0.5631E-07  0.5927E-01   0.000       15.43       0.000    
   66200   3.310      0.5000E-04 NODE          60  -0.2%  0.5929E-01  0.3415E-05  0.5635E-07  0.5941E-01   0.000       15.43       0.000    
   66300   3.315      0.5000E-04 NODE          60  -0.2%  0.5943E-01  0.3379E-05  0.5638E-07  0.5954E-01   0.000       15.43       0.000    
   66400   3.320      0.5000E-04 NODE          60  -0.2%  0.5956E-01  0.3349E-05  0.5644E-07  0.5968E-01   0.000       15.43       0.000    
   66500   3.325      0.5000E-04 NODE          60  -0.2%  0.5970E-01  0.3323E-05  0.5657E-07  0.5982E-01   0.000       15.43       0.000    
   66600   3.330      0.5000E-04 NODE          60  -0.2%  0.5983E-01  0.3299E-05  0.5679E-07  0.5995E-01   0.000       15.43       0.000    
     ANIMATION FILE: I02D_LAP_ELASTIC_H05_R1A021 WRITTEN
   66700   3.335      0.5000E-04 NODE          60  -0.2%  0.5997E-01  0.3276E-05  0.5708E-07  0.6009E-01   0.000       15.43       0.000    
   66800   3.340      0.5000E-04 NODE          60  -0.2%  0.6010E-01  0.3256E-05  0.5742E-07  0.6022E-01   0.000       15.43       0.000    
   66900   3.345      0.5000E-04 NODE          60  -0.2%  0.6024E-01  0.3239E-05  0.5780E-07  0.6036E-01   0.000       15.43       0.000    
   67000   3.350      0.5000E-04 NODE          60  -0.2%  0.6037E-01  0.3227E-05  0.5818E-07  0.6049E-01   0.000       15.43       0.000    
   67100   3.355      0.5000E-04 NODE          60  -0.2%  0.6050E-01  0.3219E-05  0.5858E-07  0.6062E-01   0.000       15.43       0.000    
   67200   3.360      0.5000E-04 NODE          60  -0.2%  0.6063E-01  0.3213E-05  0.5895E-07  0.6075E-01   0.000       15.43       0.000    
   67300   3.365      0.5000E-04 NODE          60  -0.2%  0.6076E-01  0.3206E-05  0.5929E-07  0.6089E-01   0.000       15.43       0.000    
   67400   3.370      0.5000E-04 NODE          60  -0.2%  0.6090E-01  0.3198E-05  0.5960E-07  0.6102E-01   0.000       15.43       0.000    
   67500   3.375      0.5000E-04 NODE          60  -0.2%  0.6102E-01  0.3191E-05  0.5990E-07  0.6115E-01   0.000       15.43       0.000    
   67600   3.380      0.5000E-04 NODE          60  -0.2%  0.6115E-01  0.3185E-05  0.6021E-07  0.6128E-01   0.000       15.43       0.000    
   67700   3.385      0.5000E-04 NODE          60  -0.2%  0.6128E-01  0.3183E-05  0.6056E-07  0.6140E-01   0.000       15.43       0.000    
   67800   3.390      0.5000E-04 NODE          60  -0.2%  0.6141E-01  0.3185E-05  0.6096E-07  0.6153E-01   0.000       15.43       0.000    
   67900   3.395      0.5000E-04 NODE          60  -0.2%  0.6154E-01  0.3189E-05  0.6138E-07  0.6166E-01   0.000       15.43       0.000    
   68000   3.400      0.5000E-04 NODE          60  -0.2%  0.6166E-01  0.3193E-05  0.6181E-07  0.6178E-01   0.000       15.43       0.000    
   68100   3.405      0.5000E-04 NODE          60  -0.2%  0.6179E-01  0.3194E-05  0.6222E-07  0.6191E-01   0.000       15.43       0.000    
   68200   3.410      0.5000E-04 NODE          60  -0.2%  0.6191E-01  0.3195E-05  0.6259E-07  0.6203E-01   0.000       15.43       0.000    
   68300   3.415      0.5000E-04 NODE          60  -0.2%  0.6204E-01  0.3195E-05  0.6290E-07  0.6216E-01   0.000       15.43       0.000    
   68400   3.420      0.5000E-04 NODE          60  -0.2%  0.6216E-01  0.3195E-05  0.6314E-07  0.6228E-01   0.000       15.43       0.000    
   68500   3.425      0.5000E-04 NODE          60  -0.2%  0.6228E-01  0.3197E-05  0.6332E-07  0.6240E-01   0.000       15.43       0.000    
   68600   3.430      0.5000E-04 NODE          60  -0.2%  0.6240E-01  0.3200E-05  0.6349E-07  0.6253E-01   0.000       15.43       0.000    
   68700   3.435      0.5000E-04 NODE          60  -0.2%  0.6252E-01  0.3200E-05  0.6369E-07  0.6265E-01   0.000       15.43       0.000    
   68800   3.440      0.5000E-04 NODE          60  -0.2%  0.6264E-01  0.3199E-05  0.6396E-07  0.6277E-01   0.000       15.43       0.000    
   68900   3.445      0.5000E-04 NODE          60  -0.2%  0.6276E-01  0.3198E-05  0.6428E-07  0.6289E-01   0.000       15.43       0.000    
   69000   3.450      0.5000E-04 NODE          60  -0.2%  0.6288E-01  0.3198E-05  0.6465E-07  0.6301E-01   0.000       15.43       0.000    
   69100   3.455      0.5000E-04 NODE          60  -0.2%  0.6300E-01  0.3199E-05  0.6503E-07  0.6312E-01   0.000       15.43       0.000    
   69200   3.460      0.5000E-04 NODE          60  -0.2%  0.6311E-01  0.3201E-05  0.6540E-07  0.6324E-01   0.000       15.43       0.000    
   69300   3.465      0.5000E-04 NODE          60  -0.2%  0.6323E-01  0.3201E-05  0.6575E-07  0.6336E-01   0.000       15.43       0.000    
   69400   3.470      0.5000E-04 NODE          60  -0.2%  0.6335E-01  0.3198E-05  0.6608E-07  0.6347E-01   0.000       15.43       0.000    
   69500   3.475      0.5000E-04 NODE          60  -0.2%  0.6346E-01  0.3190E-05  0.6639E-07  0.6359E-01   0.000       15.43       0.000    
   69600   3.480      0.5000E-04 NODE          60  -0.2%  0.6357E-01  0.3181E-05  0.6668E-07  0.6370E-01   0.000       15.43       0.000    
   69700   3.485      0.5000E-04 NODE          60  -0.2%  0.6369E-01  0.3171E-05  0.6700E-07  0.6381E-01   0.000       15.43       0.000    
   69800   3.490      0.5000E-04 NODE          60  -0.2%  0.6380E-01  0.3161E-05  0.6736E-07  0.6392E-01   0.000       15.43       0.000    
   69900   3.495      0.5000E-04 NODE          60  -0.2%  0.6391E-01  0.3152E-05  0.6777E-07  0.6404E-01   0.000       15.43       0.000    
   CYCLE    TIME      TIME-STEP  ELEMENT          ERROR  I-ENERGY    K-ENERGY T  K-ENERGY R  EXT-WORK     MAS.ERR     TOTAL MASS  MASS ADDED
   70000   3.500      0.5000E-04 NODE          60  -0.2%  0.6402E-01  0.3142E-05  0.6822E-07  0.6415E-01   0.000       15.43       0.000    
     ANIMATION FILE: I02D_LAP_ELASTIC_H05_R1A022 WRITTEN
   70100   3.505      0.5000E-04 NODE          60  -0.2%  0.6413E-01  0.3129E-05  0.6870E-07  0.6426E-01   0.000       15.43       0.000    
   70200   3.510      0.5000E-04 NODE          60  -0.2%  0.6424E-01  0.3111E-05  0.6918E-07  0.6436E-01   0.000       15.43       0.000    
   70300   3.515      0.5000E-04 NODE          60  -0.2%  0.6435E-01  0.3091E-05  0.6964E-07  0.6447E-01   0.000       15.43       0.000    
   70400   3.520      0.5000E-04 NODE          60  -0.2%  0.6445E-01  0.3067E-05  0.7008E-07  0.6458E-01   0.000       15.43       0.000    
   70500   3.525      0.5000E-04 NODE          60  -0.2%  0.6456E-01  0.3042E-05  0.7048E-07  0.6469E-01   0.000       15.43       0.000    
   70600   3.530      0.5000E-04 NODE          60  -0.2%  0.6466E-01  0.3015E-05  0.7083E-07  0.6479E-01   0.000       15.43       0.000    
   70700   3.535      0.5000E-04 NODE          60  -0.2%  0.6477E-01  0.2985E-05  0.7113E-07  0.6490E-01   0.000       15.43       0.000    
   70800   3.540      0.5000E-04 NODE          60  -0.2%  0.6487E-01  0.2950E-05  0.7142E-07  0.6500E-01   0.000       15.43       0.000    
   70900   3.545      0.5000E-04 NODE          60  -0.2%  0.6497E-01  0.2911E-05  0.7170E-07  0.6510E-01   0.000       15.43       0.000    
   71000   3.550      0.5000E-04 NODE          60  -0.2%  0.6507E-01  0.2868E-05  0.7202E-07  0.6520E-01   0.000       15.43       0.000    
   71100   3.555      0.5000E-04 NODE          60  -0.2%  0.6518E-01  0.2824E-05  0.7237E-07  0.6530E-01   0.000       15.43       0.000    
   71200   3.560      0.5000E-04 NODE          60  -0.2%  0.6527E-01  0.2779E-05  0.7273E-07  0.6540E-01   0.000       15.43       0.000    
   71300   3.565      0.5000E-04 NODE          60  -0.2%  0.6537E-01  0.2732E-05  0.7308E-07  0.6550E-01   0.000       15.43       0.000    
   71400   3.570      0.5000E-04 NODE          60  -0.2%  0.6547E-01  0.2683E-05  0.7339E-07  0.6560E-01   0.000       15.43       0.000    
   71500   3.575      0.5000E-04 NODE          60  -0.2%  0.6557E-01  0.2630E-05  0.7364E-07  0.6570E-01   0.000       15.43       0.000    
   71600   3.580      0.5000E-04 NODE          60  -0.2%  0.6566E-01  0.2570E-05  0.7384E-07  0.6579E-01   0.000       15.43       0.000    
   71700   3.585      0.5000E-04 NODE          60  -0.2%  0.6576E-01  0.2507E-05  0.7400E-07  0.6589E-01   0.000       15.43       0.000    
   71800   3.590      0.5000E-04 NODE          60  -0.2%  0.6585E-01  0.2443E-05  0.7413E-07  0.6598E-01   0.000       15.43       0.000    
   71900   3.595      0.5000E-04 NODE          60  -0.2%  0.6595E-01  0.2378E-05  0.7426E-07  0.6608E-01   0.000       15.43       0.000    
   72000   3.600      0.5000E-04 NODE          60  -0.2%  0.6604E-01  0.2313E-05  0.7442E-07  0.6617E-01   0.000       15.43       0.000    
   72100   3.605      0.5000E-04 NODE          60  -0.2%  0.6613E-01  0.2248E-05  0.7463E-07  0.6626E-01   0.000       15.43       0.000    
   72200   3.610      0.5000E-04 NODE          60  -0.2%  0.6622E-01  0.2182E-05  0.7488E-07  0.6635E-01   0.000       15.43       0.000    
   72300   3.615      0.5000E-04 NODE          60  -0.2%  0.6631E-01  0.2113E-05  0.7514E-07  0.6644E-01   0.000       15.43       0.000    
   72400   3.620      0.5000E-04 NODE          60  -0.2%  0.6640E-01  0.2042E-05  0.7542E-07  0.6653E-01   0.000       15.43       0.000    
   72500   3.625      0.5000E-04 NODE          60  -0.2%  0.6649E-01  0.1971E-05  0.7568E-07  0.6662E-01   0.000       15.43       0.000    
   72600   3.630      0.5000E-04 NODE          60  -0.2%  0.6657E-01  0.1901E-05  0.7593E-07  0.6670E-01   0.000       15.43       0.000    
   72700   3.635      0.5000E-04 NODE          60  -0.2%  0.6666E-01  0.1831E-05  0.7617E-07  0.6679E-01   0.000       15.43       0.000    
   72800   3.640      0.5000E-04 NODE          60  -0.2%  0.6674E-01  0.1761E-05  0.7641E-07  0.6687E-01   0.000       15.43       0.000    
   72900   3.645      0.5000E-04 NODE          60  -0.2%  0.6683E-01  0.1691E-05  0.7666E-07  0.6696E-01   0.000       15.43       0.000    
   73000   3.650      0.5000E-04 NODE          60  -0.2%  0.6691E-01  0.1620E-05  0.7693E-07  0.6704E-01   0.000       15.43       0.000    
   73100   3.655      0.5000E-04 NODE          60  -0.2%  0.6699E-01  0.1549E-05  0.7723E-07  0.6712E-01   0.000       15.43       0.000    
   73200   3.660      0.5000E-04 NODE          60  -0.2%  0.6707E-01  0.1480E-05  0.7758E-07  0.6720E-01   0.000       15.43       0.000    
   73300   3.665      0.5000E-04 NODE          60  -0.2%  0.6715E-01  0.1413E-05  0.7796E-07  0.6728E-01   0.000       15.43       0.000    
     ANIMATION FILE: I02D_LAP_ELASTIC_H05_R1A023 WRITTEN
   73400   3.670      0.5000E-04 NODE          60  -0.2%  0.6723E-01  0.1348E-05  0.7838E-07  0.6736E-01   0.000       15.43       0.000    
   73500   3.675      0.5000E-04 NODE          60  -0.2%  0.6731E-01  0.1286E-05  0.7880E-07  0.6744E-01   0.000       15.43       0.000    
   73600   3.680      0.5000E-04 NODE          60  -0.2%  0.6738E-01  0.1224E-05  0.7922E-07  0.6751E-01   0.000       15.43       0.000    
   73700   3.685      0.5000E-04 NODE          60  -0.2%  0.6746E-01  0.1161E-05  0.7961E-07  0.6759E-01   0.000       15.43       0.000    
   73800   3.690      0.5000E-04 NODE          60  -0.2%  0.6753E-01  0.1099E-05  0.7997E-07  0.6766E-01   0.000       15.43       0.000    
   73900   3.695      0.5000E-04 NODE          60  -0.2%  0.6760E-01  0.1037E-05  0.8032E-07  0.6774E-01   0.000       15.43       0.000    
   74000   3.700      0.5000E-04 NODE          60  -0.2%  0.6768E-01  0.9787E-06  0.8065E-07  0.6781E-01   0.000       15.43       0.000    
   74100   3.705      0.5000E-04 NODE          60  -0.2%  0.6775E-01  0.9228E-06  0.8098E-07  0.6788E-01   0.000       15.43       0.000    
   74200   3.710      0.5000E-04 NODE          60  -0.2%  0.6782E-01  0.8694E-06  0.8134E-07  0.6795E-01   0.000       15.43       0.000    
   74300   3.715      0.5000E-04 NODE          60  -0.2%  0.6789E-01  0.8178E-06  0.8173E-07  0.6802E-01   0.000       15.43       0.000    
   74400   3.720      0.5000E-04 NODE          60  -0.2%  0.6795E-01  0.7674E-06  0.8216E-07  0.6809E-01   0.000       15.43       0.000    
   74500   3.725      0.5000E-04 NODE          60  -0.2%  0.6802E-01  0.7184E-06  0.8260E-07  0.6815E-01   0.000       15.43       0.000    
   74600   3.730      0.5000E-04 NODE          60  -0.2%  0.6809E-01  0.6716E-06  0.8303E-07  0.6822E-01   0.000       15.43       0.000    
   74700   3.735      0.5000E-04 NODE          60  -0.2%  0.6815E-01  0.6273E-06  0.8346E-07  0.6828E-01   0.000       15.43       0.000    
   74800   3.740      0.5000E-04 NODE          60  -0.2%  0.6821E-01  0.5854E-06  0.8385E-07  0.6835E-01   0.000       15.43       0.000    
   74900   3.745      0.5000E-04 NODE          60  -0.2%  0.6828E-01  0.5453E-06  0.8424E-07  0.6841E-01   0.000       15.43       0.000    
   75000   3.750      0.5000E-04 NODE          60  -0.2%  0.6834E-01  0.5067E-06  0.8463E-07  0.6847E-01   0.000       15.43       0.000    
   75100   3.755      0.5000E-04 NODE          60  -0.2%  0.6840E-01  0.4693E-06  0.8503E-07  0.6853E-01   0.000       15.43       0.000    
   75200   3.760      0.5000E-04 NODE          60  -0.2%  0.6846E-01  0.4338E-06  0.8546E-07  0.6859E-01   0.000       15.43       0.000    
   75300   3.765      0.5000E-04 NODE          60  -0.2%  0.6852E-01  0.4008E-06  0.8593E-07  0.6865E-01   0.000       15.43       0.000    
   75400   3.770      0.5000E-04 NODE          60  -0.2%  0.6857E-01  0.3712E-06  0.8643E-07  0.6871E-01   0.000       15.43       0.000    
   75500   3.775      0.5000E-04 NODE          60  -0.2%  0.6863E-01  0.3446E-06  0.8696E-07  0.6876E-01   0.000       15.43       0.000    
   75600   3.780      0.5000E-04 NODE          60  -0.2%  0.6868E-01  0.3201E-06  0.8750E-07  0.6882E-01   0.000       15.43       0.000    
   75700   3.785      0.5000E-04 NODE          60  -0.2%  0.6874E-01  0.2972E-06  0.8806E-07  0.6887E-01   0.000       15.43       0.000    
   75800   3.790      0.5000E-04 NODE          60  -0.2%  0.6879E-01  0.2751E-06  0.8862E-07  0.6892E-01   0.000       15.43       0.000    
   75900   3.795      0.5000E-04 NODE          60  -0.2%  0.6884E-01  0.2539E-06  0.8917E-07  0.6897E-01   0.000       15.43       0.000    
   76000   3.800      0.5000E-04 NODE          60  -0.2%  0.6889E-01  0.2340E-06  0.8974E-07  0.6902E-01   0.000       15.43       0.000    
   76100   3.805      0.5000E-04 NODE          60  -0.2%  0.6894E-01  0.2163E-06  0.9030E-07  0.6907E-01   0.000       15.43       0.000    
   76200   3.810      0.5000E-04 NODE          60  -0.2%  0.6899E-01  0.2006E-06  0.9088E-07  0.6912E-01   0.000       15.43       0.000    
   76300   3.815      0.5000E-04 NODE          60  -0.2%  0.6903E-01  0.1865E-06  0.9147E-07  0.6917E-01   0.000       15.43       0.000    
   76400   3.820      0.5000E-04 NODE          60  -0.2%  0.6908E-01  0.1735E-06  0.9208E-07  0.6921E-01   0.000       15.43       0.000    
   76500   3.825      0.5000E-04 NODE          60  -0.2%  0.6912E-01  0.1613E-06  0.9271E-07  0.6926E-01   0.000       15.43       0.000    
   76600   3.830      0.5000E-04 NODE          60  -0.2%  0.6917E-01  0.1498E-06  0.9337E-07  0.6930E-01   0.000       15.43       0.000    
     ANIMATION FILE: I02D_LAP_ELASTIC_H05_R1A024 WRITTEN
   76700   3.835      0.5000E-04 NODE          60  -0.2%  0.6921E-01  0.1395E-06  0.9405E-07  0.6934E-01   0.000       15.43       0.000    
   76800   3.840      0.5000E-04 NODE          60  -0.2%  0.6925E-01  0.1305E-06  0.9472E-07  0.6938E-01   0.000       15.43       0.000    
   76900   3.845      0.5000E-04 NODE          60  -0.2%  0.6929E-01  0.1226E-06  0.9539E-07  0.6942E-01   0.000       15.43       0.000    
   77000   3.850      0.5000E-04 NODE          60  -0.2%  0.6933E-01  0.1151E-06  0.9604E-07  0.6946E-01   0.000       15.43       0.000    
   77100   3.855      0.5000E-04 NODE          60  -0.2%  0.6936E-01  0.1075E-06  0.9668E-07  0.6950E-01   0.000       15.43       0.000    
   77200   3.860      0.5000E-04 NODE          60  -0.2%  0.6940E-01  0.9981E-07  0.9731E-07  0.6953E-01   0.000       15.43       0.000    
   77300   3.865      0.5000E-04 NODE          60  -0.2%  0.6943E-01  0.9212E-07  0.9794E-07  0.6957E-01   0.000       15.43       0.000    
   77400   3.870      0.5000E-04 NODE          60  -0.2%  0.6947E-01  0.8505E-07  0.9859E-07  0.6960E-01   0.000       15.43       0.000    
   77500   3.875      0.5000E-04 NODE          60  -0.2%  0.6950E-01  0.7906E-07  0.9924E-07  0.6963E-01   0.000       15.43       0.000    
   77600   3.880      0.5000E-04 NODE          60  -0.2%  0.6953E-01  0.7412E-07  0.9991E-07  0.6967E-01   0.000       15.43       0.000    
   77700   3.885      0.5000E-04 NODE          60  -0.2%  0.6956E-01  0.6970E-07  0.1006E-06  0.6970E-01   0.000       15.43       0.000    
   77800   3.890      0.5000E-04 NODE          60  -0.2%  0.6959E-01  0.6537E-07  0.1013E-06  0.6972E-01   0.000       15.43       0.000    
   77900   3.895      0.5000E-04 NODE          60  -0.2%  0.6962E-01  0.6090E-07  0.1020E-06  0.6975E-01   0.000       15.43       0.000    
   78000   3.900      0.5000E-04 NODE          60  -0.2%  0.6964E-01  0.5629E-07  0.1026E-06  0.6978E-01   0.000       15.43       0.000    
   78100   3.905      0.5000E-04 NODE          60  -0.2%  0.6967E-01  0.5184E-07  0.1033E-06  0.6980E-01   0.000       15.43       0.000    
   78200   3.910      0.5000E-04 NODE          60  -0.2%  0.6969E-01  0.4792E-07  0.1040E-06  0.6983E-01   0.000       15.43       0.000    
   78300   3.915      0.5000E-04 NODE          60  -0.2%  0.6971E-01  0.4468E-07  0.1046E-06  0.6985E-01   0.000       15.43       0.000    
   78400   3.920      0.5000E-04 NODE          60  -0.2%  0.6973E-01  0.4193E-07  0.1053E-06  0.6987E-01   0.000       15.43       0.000    
   78500   3.925      0.5000E-04 NODE          60  -0.2%  0.6975E-01  0.3944E-07  0.1060E-06  0.6989E-01   0.000       15.43       0.000    
   78600   3.930      0.5000E-04 NODE          60  -0.2%  0.6977E-01  0.3712E-07  0.1068E-06  0.6991E-01   0.000       15.43       0.000    
   78700   3.935      0.5000E-04 NODE          60  -0.2%  0.6979E-01  0.3495E-07  0.1075E-06  0.6993E-01   0.000       15.43       0.000    
   78800   3.940      0.5000E-04 NODE          60  -0.2%  0.6981E-01  0.3308E-07  0.1082E-06  0.6994E-01   0.000       15.43       0.000    
   78900   3.945      0.5000E-04 NODE          60  -0.2%  0.6982E-01  0.3165E-07  0.1090E-06  0.6996E-01   0.000       15.43       0.000    
   79000   3.950      0.5000E-04 NODE          60  -0.2%  0.6984E-01  0.3061E-07  0.1097E-06  0.6997E-01   0.000       15.43       0.000    
   79100   3.955      0.5000E-04 NODE          60  -0.2%  0.6985E-01  0.2972E-07  0.1105E-06  0.6998E-01   0.000       15.43       0.000    
   79200   3.960      0.5000E-04 NODE          60  -0.2%  0.6986E-01  0.2876E-07  0.1112E-06  0.6999E-01   0.000       15.43       0.000    
   79300   3.965      0.5000E-04 NODE          60  -0.2%  0.6987E-01  0.2771E-07  0.1120E-06  0.7000E-01   0.000       15.43       0.000    
   79400   3.970      0.5000E-04 NODE          60  -0.2%  0.6988E-01  0.2666E-07  0.1127E-06  0.7001E-01   0.000       15.43       0.000    
   79500   3.975      0.5000E-04 NODE          60  -0.2%  0.6988E-01  0.2574E-07  0.1135E-06  0.7002E-01   0.000       15.43       0.000    
   79600   3.980      0.5000E-04 NODE          60  -0.2%  0.6989E-01  0.2501E-07  0.1143E-06  0.7002E-01   0.000       15.43       0.000    
   79700   3.985      0.5000E-04 NODE          60  -0.2%  0.6989E-01  0.2445E-07  0.1150E-06  0.7003E-01   0.000       15.43       0.000    
   79800   3.990      0.5000E-04 NODE          60  -0.2%  0.6990E-01  0.2390E-07  0.1158E-06  0.7003E-01   0.000       15.43       0.000    
   79900   3.995      0.5000E-04 NODE          60  -0.2%  0.6990E-01  0.2329E-07  0.1166E-06  0.7003E-01   0.000       15.43       0.000    
   CYCLE    TIME      TIME-STEP  ELEMENT          ERROR  I-ENERGY    K-ENERGY T  K-ENERGY R  EXT-WORK     MAS.ERR     TOTAL MASS  MASS ADDED
   80000   4.000      0.5000E-04 NODE          60  -0.2%  0.6990E-01  0.2263E-07  0.1174E-06  0.7004E-01   0.000       15.43       0.000    
     ANIMATION FILE: I02D_LAP_ELASTIC_H05_R1A025 WRITTEN
   80100   4.005      0.5000E-04 NODE          60  -0.2%  0.6990E-01  0.2191E-07  0.1182E-06  0.7004E-01   0.000       15.43       0.000    
   80200   4.010      0.5000E-04 NODE          60  -0.2%  0.6990E-01  0.2107E-07  0.1189E-06  0.7004E-01   0.000       15.43       0.000    
   80300   4.015      0.5000E-04 NODE          60  -0.2%  0.6990E-01  0.2003E-07  0.1197E-06  0.7004E-01   0.000       15.43       0.000    
   80400   4.020      0.5000E-04 NODE          60  -0.2%  0.6990E-01  0.1889E-07  0.1205E-06  0.7004E-01   0.000       15.43       0.000    
   80500   4.025      0.5000E-04 NODE          60  -0.2%  0.6990E-01  0.1772E-07  0.1213E-06  0.7004E-01   0.000       15.43       0.000    
   80600   4.030      0.5000E-04 NODE          60  -0.2%  0.6990E-01  0.1643E-07  0.1221E-06  0.7004E-01   0.000       15.43       0.000    
   80700   4.035      0.5000E-04 NODE          60  -0.2%  0.6990E-01  0.1504E-07  0.1229E-06  0.7004E-01   0.000       15.43       0.000    
   80800   4.040      0.5000E-04 NODE          60  -0.2%  0.6990E-01  0.1367E-07  0.1237E-06  0.7004E-01   0.000       15.43       0.000    
   80900   4.045      0.5000E-04 NODE          60  -0.2%  0.6990E-01  0.1231E-07  0.1245E-06  0.7004E-01   0.000       15.43       0.000    
   81000   4.050      0.5000E-04 NODE          60  -0.2%  0.6990E-01  0.1087E-07  0.1253E-06  0.7004E-01   0.000       15.43       0.000    
   81100   4.055      0.5000E-04 NODE          60  -0.2%  0.6990E-01  0.9460E-08  0.1261E-06  0.7004E-01   0.000       15.43       0.000    
   81200   4.060      0.5000E-04 NODE          60  -0.2%  0.6990E-01  0.8149E-08  0.1269E-06  0.7004E-01   0.000       15.43       0.000    
   81300   4.065      0.5000E-04 NODE          60  -0.2%  0.6990E-01  0.6855E-08  0.1277E-06  0.7004E-01   0.000       15.43       0.000    
   81400   4.070      0.5000E-04 NODE          60  -0.2%  0.6990E-01  0.5577E-08  0.1285E-06  0.7004E-01   0.000       15.43       0.000    
   81500   4.075      0.5000E-04 NODE          60  -0.2%  0.6990E-01  0.4443E-08  0.1294E-06  0.7004E-01   0.000       15.43       0.000    
   81600   4.080      0.5000E-04 NODE          60  -0.2%  0.6990E-01  0.3434E-08  0.1302E-06  0.7004E-01   0.000       15.43       0.000    
   81700   4.085      0.5000E-04 NODE          60  -0.2%  0.6990E-01  0.2475E-08  0.1310E-06  0.7004E-01   0.000       15.43       0.000    
   81800   4.090      0.5000E-04 NODE          60  -0.2%  0.6990E-01  0.1646E-08  0.1318E-06  0.7004E-01   0.000       15.43       0.000    
   81900   4.095      0.5000E-04 NODE          60  -0.2%  0.6990E-01  0.1032E-08  0.1327E-06  0.7004E-01   0.000       15.43       0.000    
   82000   4.100      0.5000E-04 NODE          60  -0.2%  0.6990E-01  0.5502E-09  0.1335E-06  0.7004E-01   0.000       15.43       0.000    
   82100   4.105      0.5000E-04 NODE          60  -0.2%  0.6990E-01  0.1822E-09  0.1343E-06  0.7004E-01   0.000       15.43       0.000    
   82200   4.110      0.5000E-04 NODE          60  -0.2%  0.6990E-01  0.3523E-10  0.1352E-06  0.7004E-01   0.000       15.43       0.000    
   82300   4.115      0.5000E-04 NODE          60  -0.2%  0.6990E-01  0.9224E-10  0.1360E-06  0.7004E-01   0.000       15.43       0.000    
   82400   4.120      0.5000E-04 NODE          60  -0.2%  0.6990E-01  0.2626E-09  0.1369E-06  0.7004E-01   0.000       15.43       0.000    
   82500   4.125      0.5000E-04 NODE          60  -0.2%  0.6990E-01  0.6044E-09  0.1377E-06  0.7004E-01   0.000       15.43       0.000    
   82600   4.130      0.5000E-04 NODE          60  -0.2%  0.6990E-01  0.1176E-08  0.1386E-06  0.7004E-01   0.000       15.43       0.000    
   82700   4.135      0.5000E-04 NODE          60  -0.2%  0.6990E-01  0.1871E-08  0.1394E-06  0.7004E-01   0.000       15.43       0.000    
   82800   4.140      0.5000E-04 NODE          60  -0.2%  0.6990E-01  0.2656E-08  0.1403E-06  0.7004E-01   0.000       15.43       0.000    
   82900   4.145      0.5000E-04 NODE          60  -0.2%  0.6990E-01  0.3616E-08  0.1411E-06  0.7004E-01   0.000       15.43       0.000    
   83000   4.150      0.5000E-04 NODE          60  -0.2%  0.6990E-01  0.4720E-08  0.1420E-06  0.7004E-01   0.000       15.43       0.000    
   83100   4.155      0.5000E-04 NODE          60  -0.2%  0.6990E-01  0.5862E-08  0.1429E-06  0.7004E-01   0.000       15.43       0.000    
   83200   4.160      0.5000E-04 NODE          60  -0.2%  0.6990E-01  0.7083E-08  0.1437E-06  0.7004E-01   0.000       15.43       0.000    
   83300   4.165      0.5000E-04 NODE          60  -0.2%  0.6990E-01  0.8431E-08  0.1446E-06  0.7004E-01   0.000       15.43       0.000    
     ANIMATION FILE: I02D_LAP_ELASTIC_H05_R1A026 WRITTEN
   83400   4.170      0.5000E-04 NODE          60  -0.2%  0.6990E-01  0.9799E-08  0.1455E-06  0.7004E-01   0.000       15.43       0.000    
   83500   4.175      0.5000E-04 NODE          60  -0.2%  0.6990E-01  0.1115E-07  0.1464E-06  0.7004E-01   0.000       15.43       0.000    
   83600   4.180      0.5000E-04 NODE          60  -0.2%  0.6990E-01  0.1256E-07  0.1473E-06  0.7004E-01   0.000       15.43       0.000    
   83700   4.185      0.5000E-04 NODE          60  -0.2%  0.6990E-01  0.1400E-07  0.1481E-06  0.7004E-01   0.000       15.43       0.000    
   83800   4.190      0.5000E-04 NODE          60  -0.2%  0.6990E-01  0.1536E-07  0.1490E-06  0.7004E-01   0.000       15.43       0.000    
   83900   4.195      0.5000E-04 NODE          60  -0.2%  0.6990E-01  0.1667E-07  0.1499E-06  0.7004E-01   0.000       15.43       0.000    
   84000   4.200      0.5000E-04 NODE          60  -0.2%  0.6990E-01  0.1798E-07  0.1508E-06  0.7004E-01   0.000       15.43       0.000    
   84100   4.205      0.5000E-04 NODE          60  -0.2%  0.6990E-01  0.1919E-07  0.1517E-06  0.7004E-01   0.000       15.43       0.000    
   84200   4.210      0.5000E-04 NODE          60  -0.2%  0.6990E-01  0.2025E-07  0.1526E-06  0.7004E-01   0.000       15.43       0.000    
   84300   4.215      0.5000E-04 NODE          60  -0.2%  0.6990E-01  0.2123E-07  0.1535E-06  0.7004E-01   0.000       15.43       0.000    
   84400   4.220      0.5000E-04 NODE          60  -0.2%  0.6990E-01  0.2211E-07  0.1544E-06  0.7004E-01   0.000       15.43       0.000    
   84500   4.225      0.5000E-04 NODE          60  -0.2%  0.6990E-01  0.2278E-07  0.1553E-06  0.7004E-01   0.000       15.43       0.000    
   84600   4.230      0.5000E-04 NODE          60  -0.2%  0.6990E-01  0.2329E-07  0.1562E-06  0.7004E-01   0.000       15.43       0.000    
   84700   4.235      0.5000E-04 NODE          60  -0.2%  0.6990E-01  0.2369E-07  0.1571E-06  0.7004E-01   0.000       15.43       0.000    
   84800   4.240      0.5000E-04 NODE          60  -0.2%  0.6990E-01  0.2391E-07  0.1580E-06  0.7004E-01   0.000       15.43       0.000    
   84900   4.245      0.5000E-04 NODE          60  -0.2%  0.6990E-01  0.2390E-07  0.1589E-06  0.7004E-01   0.000       15.43       0.000    
   85000   4.250      0.5000E-04 NODE          60  -0.2%  0.6990E-01  0.2375E-07  0.1598E-06  0.7004E-01   0.000       15.43       0.000    
   85100   4.255      0.5000E-04 NODE          60  -0.2%  0.6990E-01  0.2348E-07  0.1607E-06  0.7004E-01   0.000       15.43       0.000    
   85200   4.260      0.5000E-04 NODE          60  -0.2%  0.6990E-01  0.2299E-07  0.1617E-06  0.7004E-01   0.000       15.43       0.000    
   85300   4.265      0.5000E-04 NODE          60  -0.2%  0.6990E-01  0.2235E-07  0.1626E-06  0.7004E-01   0.000       15.43       0.000    
   85400   4.270      0.5000E-04 NODE          60  -0.2%  0.6990E-01  0.2162E-07  0.1635E-06  0.7004E-01   0.000       15.43       0.000    
   85500   4.275      0.5000E-04 NODE          60  -0.2%  0.6990E-01  0.2074E-07  0.1644E-06  0.7004E-01   0.000       15.43       0.000    
   85600   4.280      0.5000E-04 NODE          60  -0.2%  0.6990E-01  0.1969E-07  0.1653E-06  0.7004E-01   0.000       15.43       0.000    
   85700   4.285      0.5000E-04 NODE          60  -0.2%  0.6990E-01  0.1858E-07  0.1663E-06  0.7004E-01   0.000       15.43       0.000    
   85800   4.290      0.5000E-04 NODE          60  -0.2%  0.6990E-01  0.1741E-07  0.1672E-06  0.7004E-01   0.000       15.43       0.000    
   85900   4.295      0.5000E-04 NODE          60  -0.2%  0.6990E-01  0.1611E-07  0.1681E-06  0.7004E-01   0.000       15.43       0.000    
   86000   4.300      0.5000E-04 NODE          60  -0.2%  0.6990E-01  0.1472E-07  0.1690E-06  0.7004E-01   0.000       15.43       0.000    
   86100   4.305      0.5000E-04 NODE          60  -0.2%  0.6990E-01  0.1335E-07  0.1700E-06  0.7004E-01   0.000       15.43       0.000    
   86200   4.310      0.5000E-04 NODE          60  -0.2%  0.6990E-01  0.1195E-07  0.1709E-06  0.7004E-01   0.000       15.43       0.000    
   86300   4.315      0.5000E-04 NODE          60  -0.2%  0.6990E-01  0.1049E-07  0.1719E-06  0.7004E-01   0.000       15.43       0.000    
   86400   4.320      0.5000E-04 NODE          60  -0.2%  0.6990E-01  0.9083E-08  0.1728E-06  0.7004E-01   0.000       15.43       0.000    
   86500   4.325      0.5000E-04 NODE          60  -0.2%  0.6990E-01  0.7750E-08  0.1737E-06  0.7004E-01   0.000       15.43       0.000    
   86600   4.330      0.5000E-04 NODE          60  -0.2%  0.6990E-01  0.6423E-08  0.1747E-06  0.7004E-01   0.000       15.43       0.000    
     ANIMATION FILE: I02D_LAP_ELASTIC_H05_R1A027 WRITTEN
   86700   4.335      0.5000E-04 NODE          60  -0.2%  0.6990E-01  0.5161E-08  0.1756E-06  0.7004E-01   0.000       15.43       0.000    
   86800   4.340      0.5000E-04 NODE          60  -0.2%  0.6990E-01  0.4061E-08  0.1766E-06  0.7004E-01   0.000       15.43       0.000    
   86900   4.345      0.5000E-04 NODE          60  -0.2%  0.6990E-01  0.3072E-08  0.1775E-06  0.7004E-01   0.000       15.43       0.000    
   87000   4.350      0.5000E-04 NODE          60  -0.2%  0.6990E-01  0.2161E-08  0.1785E-06  0.7004E-01   0.000       15.43       0.000    
   87100   4.355      0.5000E-04 NODE          60  -0.2%  0.6990E-01  0.1426E-08  0.1795E-06  0.7004E-01   0.000       15.43       0.000    
   87200   4.360      0.5000E-04 NODE          60  -0.2%  0.6990E-01  0.8842E-09  0.1804E-06  0.7004E-01   0.000       15.43       0.000    
   87300   4.365      0.5000E-04 NODE          60  -0.2%  0.6990E-01  0.4534E-09  0.1814E-06  0.7004E-01   0.000       15.43       0.000    
   87400   4.370      0.5000E-04 NODE          60  -0.2%  0.6990E-01  0.1690E-09  0.1824E-06  0.7004E-01   0.000       15.43       0.000    
   87500   4.375      0.5000E-04 NODE          60  -0.2%  0.6990E-01  0.1108E-09  0.1833E-06  0.7004E-01   0.000       15.43       0.000    
   87600   4.380      0.5000E-04 NODE          60  -0.2%  0.6990E-01  0.2081E-09  0.1843E-06  0.7004E-01   0.000       15.43       0.000    
   87700   4.385      0.5000E-04 NODE          60  -0.2%  0.6990E-01  0.4048E-09  0.1853E-06  0.7004E-01   0.000       15.43       0.000    
   87800   4.390      0.5000E-04 NODE          60  -0.2%  0.6990E-01  0.7937E-09  0.1863E-06  0.7004E-01   0.000       15.43       0.000    
   87900   4.395      0.5000E-04 NODE          60  -0.2%  0.6990E-01  0.1381E-08  0.1873E-06  0.7004E-01   0.000       15.43       0.000    
   88000   4.400      0.5000E-04 NODE          60  -0.2%  0.6990E-01  0.2067E-08  0.1883E-06  0.7004E-01   0.000       15.43       0.000    
   88100   4.405      0.5000E-04 NODE          60  -0.2%  0.6990E-01  0.2868E-08  0.1892E-06  0.7004E-01   0.000       15.43       0.000    
   88200   4.410      0.5000E-04 NODE          60  -0.2%  0.6990E-01  0.3857E-08  0.1902E-06  0.7004E-01   0.000       15.43       0.000    
   88300   4.415      0.5000E-04 NODE          60  -0.2%  0.6990E-01  0.4960E-08  0.1912E-06  0.7004E-01   0.000       15.43       0.000    
   88400   4.420      0.5000E-04 NODE          60  -0.2%  0.6990E-01  0.6112E-08  0.1922E-06  0.7004E-01   0.000       15.43       0.000    
   88500   4.425      0.5000E-04 NODE          60  -0.2%  0.6990E-01  0.7381E-08  0.1932E-06  0.7004E-01   0.000       15.43       0.000    
   88600   4.430      0.5000E-04 NODE          60  -0.2%  0.6990E-01  0.8770E-08  0.1943E-06  0.7004E-01   0.000       15.43       0.000    
   88700   4.435      0.5000E-04 NODE          60  -0.2%  0.6990E-01  0.1016E-07  0.1953E-06  0.7004E-01   0.000       15.43       0.000    
   88800   4.440      0.5000E-04 NODE          60  -0.2%  0.6990E-01  0.1155E-07  0.1963E-06  0.7004E-01   0.000       15.43       0.000    
   88900   4.445      0.5000E-04 NODE          60  -0.2%  0.6990E-01  0.1301E-07  0.1973E-06  0.7004E-01   0.000       15.43       0.000    
   89000   4.450      0.5000E-04 NODE          60  -0.2%  0.6990E-01  0.1446E-07  0.1983E-06  0.7004E-01   0.000       15.43       0.000    
   89100   4.455      0.5000E-04 NODE          60  -0.2%  0.6990E-01  0.1581E-07  0.1993E-06  0.7004E-01   0.000       15.43       0.000    
   89200   4.460      0.5000E-04 NODE          60  -0.2%  0.6990E-01  0.1713E-07  0.2004E-06  0.7004E-01   0.000       15.43       0.000    
   89300   4.465      0.5000E-04 NODE          60  -0.2%  0.6990E-01  0.1841E-07  0.2014E-06  0.7004E-01   0.000       15.43       0.000    
   89400   4.470      0.5000E-04 NODE          60  -0.2%  0.6990E-01  0.1955E-07  0.2024E-06  0.7004E-01   0.000       15.43       0.000    
   89500   4.475      0.5000E-04 NODE          60  -0.2%  0.6990E-01  0.2055E-07  0.2034E-06  0.7004E-01   0.000       15.43       0.000    
   89600   4.480      0.5000E-04 NODE          60  -0.2%  0.6990E-01  0.2148E-07  0.2045E-06  0.7004E-01   0.000       15.43       0.000    
   89700   4.485      0.5000E-04 NODE          60  -0.2%  0.6990E-01  0.2228E-07  0.2055E-06  0.7004E-01   0.000       15.43       0.000    
   89800   4.490      0.5000E-04 NODE          60  -0.2%  0.6990E-01  0.2289E-07  0.2065E-06  0.7004E-01   0.000       15.43       0.000    
   89900   4.495      0.5000E-04 NODE          60  -0.2%  0.6990E-01  0.2336E-07  0.2076E-06  0.7004E-01   0.000       15.43       0.000    
   CYCLE    TIME      TIME-STEP  ELEMENT          ERROR  I-ENERGY    K-ENERGY T  K-ENERGY R  EXT-WORK     MAS.ERR     TOTAL MASS  MASS ADDED
   90000   4.500      0.5000E-04 NODE          60  -0.2%  0.6990E-01  0.2371E-07  0.2086E-06  0.7004E-01   0.000       15.43       0.000    
     ANIMATION FILE: I02D_LAP_ELASTIC_H05_R1A028 WRITTEN
   90100   4.505      0.5000E-04 NODE          60  -0.2%  0.6990E-01  0.2388E-07  0.2096E-06  0.7004E-01   0.000       15.43       0.000    
   90200   4.510      0.5000E-04 NODE          60  -0.2%  0.6990E-01  0.2385E-07  0.2107E-06  0.7004E-01   0.000       15.43       0.000    
   90300   4.515      0.5000E-04 NODE          60  -0.2%  0.6990E-01  0.2371E-07  0.2117E-06  0.7004E-01   0.000       15.43       0.000    
   90400   4.520      0.5000E-04 NODE          60  -0.2%  0.6990E-01  0.2341E-07  0.2128E-06  0.7004E-01   0.000       15.43       0.000    
   90500   4.525      0.5000E-04 NODE          60  -0.2%  0.6990E-01  0.2289E-07  0.2138E-06  0.7004E-01   0.000       15.43       0.000    
   90600   4.530      0.5000E-04 NODE          60  -0.2%  0.6990E-01  0.2224E-07  0.2149E-06  0.7004E-01   0.000       15.43       0.000    
   90700   4.535      0.5000E-04 NODE          60  -0.2%  0.6990E-01  0.2149E-07  0.2159E-06  0.7004E-01   0.000       15.43       0.000    
   90800   4.540      0.5000E-04 NODE          60  -0.2%  0.6990E-01  0.2055E-07  0.2170E-06  0.7004E-01   0.000       15.43       0.000    
   90900   4.545      0.5000E-04 NODE          60  -0.2%  0.6990E-01  0.1946E-07  0.2180E-06  0.7004E-01   0.000       15.43       0.000    
   91000   4.550      0.5000E-04 NODE          60  -0.2%  0.6990E-01  0.1831E-07  0.2191E-06  0.7004E-01   0.000       15.43       0.000    
   91100   4.555      0.5000E-04 NODE          60  -0.2%  0.6990E-01  0.1707E-07  0.2202E-06  0.7004E-01   0.000       15.43       0.000    
   91200   4.560      0.5000E-04 NODE          60  -0.2%  0.6990E-01  0.1570E-07  0.2212E-06  0.7004E-01   0.000       15.43       0.000    
   91300   4.565      0.5000E-04 NODE          60  -0.2%  0.6990E-01  0.1430E-07  0.2223E-06  0.7004E-01   0.000       15.43       0.000    
   91400   4.570      0.5000E-04 NODE          60  -0.2%  0.6990E-01  0.1291E-07  0.2234E-06  0.7004E-01   0.000       15.43       0.000    
   91500   4.575      0.5000E-04 NODE          60  -0.2%  0.6990E-01  0.1148E-07  0.2244E-06  0.7004E-01   0.000       15.43       0.000    
   91600   4.580      0.5000E-04 NODE          60  -0.2%  0.6990E-01  0.1002E-07  0.2255E-06  0.7004E-01   0.000       15.43       0.000    
   91700   4.585      0.5000E-04 NODE          60  -0.2%  0.6990E-01  0.8658E-08  0.2266E-06  0.7004E-01   0.000       15.43       0.000    
   91800   4.590      0.5000E-04 NODE          60  -0.2%  0.6990E-01  0.7359E-08  0.2277E-06  0.7004E-01   0.000       15.43       0.000    
   91900   4.595      0.5000E-04 NODE          60  -0.2%  0.6990E-01  0.6072E-08  0.2288E-06  0.7004E-01   0.000       15.43       0.000    
   92000   4.600      0.5000E-04 NODE          60  -0.2%  0.6990E-01  0.4883E-08  0.2298E-06  0.7004E-01   0.000       15.43       0.000    
   92100   4.605      0.5000E-04 NODE          60  -0.2%  0.6990E-01  0.3843E-08  0.2309E-06  0.7004E-01   0.000       15.43       0.000    
   92200   4.610      0.5000E-04 NODE          60  -0.2%  0.6990E-01  0.2883E-08  0.2320E-06  0.7004E-01   0.000       15.43       0.000    
   92300   4.615      0.5000E-04 NODE          60  -0.2%  0.6990E-01  0.2016E-08  0.2331E-06  0.7004E-01   0.000       15.43       0.000    
   92400   4.620      0.5000E-04 NODE          60  -0.2%  0.6990E-01  0.1330E-08  0.2342E-06  0.7004E-01   0.000       15.43       0.000    
   92500   4.625      0.5000E-04 NODE          60  -0.2%  0.6990E-01  0.8053E-09  0.2353E-06  0.7004E-01   0.000       15.43       0.000    
   92600   4.630      0.5000E-04 NODE          60  -0.2%  0.6990E-01  0.3769E-09  0.2364E-06  0.7004E-01   0.000       15.43       0.000    
   92700   4.635      0.5000E-04 NODE          60  -0.2%  0.6990E-01  0.1160E-09  0.2375E-06  0.7004E-01   0.000       15.43       0.000    
   92800   4.640      0.5000E-04 NODE          60  -0.2%  0.6990E-01  0.7443E-10  0.2386E-06  0.7004E-01   0.000       15.43       0.000    
   92900   4.645      0.5000E-04 NODE          60  -0.2%  0.6990E-01  0.1782E-09  0.2397E-06  0.7004E-01   0.000       15.43       0.000    
   93000   4.650      0.5000E-04 NODE          60  -0.2%  0.6990E-01  0.4137E-09  0.2409E-06  0.7004E-01   0.000       15.43       0.000    
   93100   4.655      0.5000E-04 NODE          60  -0.2%  0.6990E-01  0.8590E-09  0.2420E-06  0.7004E-01   0.000       15.43       0.000    
   93200   4.660      0.5000E-04 NODE          60  -0.2%  0.6990E-01  0.1485E-08  0.2431E-06  0.7004E-01   0.000       15.43       0.000    
   93300   4.665      0.5000E-04 NODE          60  -0.2%  0.6990E-01  0.2217E-08  0.2442E-06  0.7004E-01   0.000       15.43       0.000    
     ANIMATION FILE: I02D_LAP_ELASTIC_H05_R1A029 WRITTEN
   93400   4.670      0.5000E-04 NODE          60  -0.2%  0.6990E-01  0.3102E-08  0.2454E-06  0.7004E-01   0.000       15.43       0.000    
   93500   4.675      0.5000E-04 NODE          60  -0.2%  0.6990E-01  0.4161E-08  0.2465E-06  0.7004E-01   0.000       15.43       0.000    
   93600   4.680      0.5000E-04 NODE          60  -0.2%  0.6990E-01  0.5305E-08  0.2476E-06  0.7004E-01   0.000       15.43       0.000    
   93700   4.685      0.5000E-04 NODE          60  -0.2%  0.6990E-01  0.6507E-08  0.2488E-06  0.7004E-01   0.000       15.43       0.000    
   93800   4.690      0.5000E-04 NODE          60  -0.2%  0.6990E-01  0.7823E-08  0.2499E-06  0.7004E-01   0.000       15.43       0.000    
   93900   4.695      0.5000E-04 NODE          60  -0.2%  0.6990E-01  0.9213E-08  0.2510E-06  0.7004E-01   0.000       15.43       0.000    
   94000   4.700      0.5000E-04 NODE          60  -0.2%  0.6990E-01  0.1059E-07  0.2522E-06  0.7004E-01   0.000       15.43       0.000    
   94100   4.705      0.5000E-04 NODE          60  -0.2%  0.6990E-01  0.1198E-07  0.2533E-06  0.7004E-01   0.000       15.43       0.000    
   94200   4.710      0.5000E-04 NODE          60  -0.2%  0.6990E-01  0.1341E-07  0.2545E-06  0.7004E-01   0.000       15.43       0.000    
   94300   4.715      0.5000E-04 NODE          60  -0.2%  0.6990E-01  0.1480E-07  0.2556E-06  0.7004E-01   0.000       15.43       0.000    
   94400   4.720      0.5000E-04 NODE          60  -0.2%  0.6990E-01  0.1610E-07  0.2568E-06  0.7004E-01   0.000       15.43       0.000    
   94500   4.725      0.5000E-04 NODE          60  -0.2%  0.6990E-01  0.1740E-07  0.2579E-06  0.7004E-01   0.000       15.43       0.000    
   94600   4.730      0.5000E-04 NODE          60  -0.2%  0.6990E-01  0.1864E-07  0.2591E-06  0.7004E-01   0.000       15.43       0.000    
   94700   4.735      0.5000E-04 NODE          60  -0.2%  0.6990E-01  0.1974E-07  0.2603E-06  0.7004E-01   0.000       15.43       0.000    
   94800   4.740      0.5000E-04 NODE          60  -0.2%  0.6990E-01  0.2074E-07  0.2614E-06  0.7004E-01   0.000       15.43       0.000    
   94900   4.745      0.5000E-04 NODE          60  -0.2%  0.6990E-01  0.2167E-07  0.2626E-06  0.7004E-01   0.000       15.43       0.000    
   95000   4.750      0.5000E-04 NODE          60  -0.2%  0.6990E-01  0.2244E-07  0.2638E-06  0.7004E-01   0.000       15.43       0.000    
   95100   4.755      0.5000E-04 NODE          60  -0.2%  0.6990E-01  0.2304E-07  0.2649E-06  0.7004E-01   0.000       15.43       0.000    
   95200   4.760      0.5000E-04 NODE          60  -0.2%  0.6990E-01  0.2351E-07  0.2661E-06  0.7004E-01   0.000       15.43       0.000    
   95300   4.765      0.5000E-04 NODE          60  -0.2%  0.6990E-01  0.2384E-07  0.2673E-06  0.7004E-01   0.000       15.43       0.000    
   95400   4.770      0.5000E-04 NODE          60  -0.2%  0.6990E-01  0.2394E-07  0.2684E-06  0.7004E-01   0.000       15.43       0.000    
   95500   4.775      0.5000E-04 NODE          60  -0.2%  0.6990E-01  0.2387E-07  0.2696E-06  0.7004E-01   0.000       15.43       0.000    
   95600   4.780      0.5000E-04 NODE          60  -0.2%  0.6990E-01  0.2368E-07  0.2708E-06  0.7004E-01   0.000       15.43       0.000    
   95700   4.785      0.5000E-04 NODE          60  -0.2%  0.6990E-01  0.2329E-07  0.2720E-06  0.7004E-01   0.000       15.43       0.000    
   95800   4.790      0.5000E-04 NODE          60  -0.2%  0.6990E-01  0.2270E-07  0.2731E-06  0.7004E-01   0.000       15.43       0.000    
   95900   4.795      0.5000E-04 NODE          60  -0.2%  0.6990E-01  0.2199E-07  0.2743E-06  0.7004E-01   0.000       15.43       0.000    
   96000   4.800      0.5000E-04 NODE          60  -0.2%  0.6990E-01  0.2116E-07  0.2755E-06  0.7004E-01   0.000       15.43       0.000    
   96100   4.805      0.5000E-04 NODE          60  -0.2%  0.6990E-01  0.2016E-07  0.2767E-06  0.7004E-01   0.000       15.43       0.000    
   96200   4.810      0.5000E-04 NODE          60  -0.2%  0.6990E-01  0.1905E-07  0.2779E-06  0.7004E-01   0.000       15.43       0.000    
   96300   4.815      0.5000E-04 NODE          60  -0.2%  0.6990E-01  0.1788E-07  0.2791E-06  0.7004E-01   0.000       15.43       0.000    
   96400   4.820      0.5000E-04 NODE          60  -0.2%  0.6990E-01  0.1662E-07  0.2803E-06  0.7004E-01   0.000       15.43       0.000    
   96500   4.825      0.5000E-04 NODE          60  -0.2%  0.6990E-01  0.1526E-07  0.2815E-06  0.7004E-01   0.000       15.43       0.000    
   96600   4.830      0.5000E-04 NODE          60  -0.2%  0.6990E-01  0.1390E-07  0.2827E-06  0.7004E-01   0.000       15.43       0.000    
     ANIMATION FILE: I02D_LAP_ELASTIC_H05_R1A030 WRITTEN
   96700   4.835      0.5000E-04 NODE          60  -0.2%  0.6990E-01  0.1253E-07  0.2839E-06  0.7004E-01   0.000       15.43       0.000    
   96800   4.840      0.5000E-04 NODE          60  -0.2%  0.6990E-01  0.1112E-07  0.2851E-06  0.7004E-01   0.000       15.43       0.000    
   96900   4.845      0.5000E-04 NODE          60  -0.2%  0.6990E-01  0.9698E-08  0.2863E-06  0.7004E-01   0.000       15.43       0.000    
   97000   4.850      0.5000E-04 NODE          60  -0.2%  0.6990E-01  0.8354E-08  0.2875E-06  0.7004E-01   0.000       15.43       0.000    
   97100   4.855      0.5000E-04 NODE          60  -0.2%  0.6990E-01  0.7043E-08  0.2887E-06  0.7004E-01   0.000       15.43       0.000    
   97200   4.860      0.5000E-04 NODE          60  -0.2%  0.6990E-01  0.5760E-08  0.2899E-06  0.7004E-01   0.000       15.43       0.000    
   97300   4.865      0.5000E-04 NODE          60  -0.2%  0.6990E-01  0.4591E-08  0.2911E-06  0.7004E-01   0.000       15.43       0.000    
   97400   4.870      0.5000E-04 NODE          60  -0.2%  0.6990E-01  0.3545E-08  0.2923E-06  0.7004E-01   0.000       15.43       0.000    
   97500   4.875      0.5000E-04 NODE          60  -0.2%  0.6990E-01  0.2574E-08  0.2936E-06  0.7004E-01   0.000       15.43       0.000    
   97600   4.880      0.5000E-04 NODE          60  -0.2%  0.6990E-01  0.1732E-08  0.2948E-06  0.7004E-01   0.000       15.43       0.000    
   97700   4.885      0.5000E-04 NODE          60  -0.2%  0.6990E-01  0.1086E-08  0.2960E-06  0.7004E-01   0.000       15.43       0.000    
   97800   4.890      0.5000E-04 NODE          60  -0.2%  0.6990E-01  0.5877E-09  0.2972E-06  0.7004E-01   0.000       15.43       0.000    
   97900   4.895      0.5000E-04 NODE          60  -0.2%  0.6990E-01  0.2179E-09  0.2985E-06  0.7004E-01   0.000       15.43       0.000    
   98000   4.900      0.5000E-04 NODE          60  -0.2%  0.6990E-01  0.4788E-10  0.2997E-06  0.7004E-01   0.000       15.43       0.000    
   98100   4.905      0.5000E-04 NODE          60  -0.2%  0.6990E-01  0.7864E-10  0.3009E-06  0.7004E-01   0.000       15.43       0.000    
   98200   4.910      0.5000E-04 NODE          60  -0.2%  0.6990E-01  0.2395E-09  0.3022E-06  0.7004E-01   0.000       15.43       0.000    
   98300   4.915      0.5000E-04 NODE          60  -0.2%  0.6990E-01  0.5631E-09  0.3034E-06  0.7004E-01   0.000       15.43       0.000    
   98400   4.920      0.5000E-04 NODE          60  -0.2%  0.6990E-01  0.1094E-08  0.3047E-06  0.7004E-01   0.000       15.43       0.000    
   98500   4.925      0.5000E-04 NODE          60  -0.2%  0.6990E-01  0.1760E-08  0.3059E-06  0.7004E-01   0.000       15.43       0.000    
   98600   4.930      0.5000E-04 NODE          60  -0.2%  0.6990E-01  0.2522E-08  0.3072E-06  0.7004E-01   0.000       15.43       0.000    
   98700   4.935      0.5000E-04 NODE          60  -0.2%  0.6990E-01  0.3446E-08  0.3084E-06  0.7004E-01   0.000       15.43       0.000    
   98800   4.940      0.5000E-04 NODE          60  -0.2%  0.6990E-01  0.4515E-08  0.3097E-06  0.7004E-01   0.000       15.43       0.000    
   98900   4.945      0.5000E-04 NODE          60  -0.2%  0.6990E-01  0.5643E-08  0.3110E-06  0.7004E-01   0.000       15.43       0.000    
   99000   4.950      0.5000E-04 NODE          60  -0.2%  0.6990E-01  0.6847E-08  0.3122E-06  0.7004E-01   0.000       15.43       0.000    
   99100   4.955      0.5000E-04 NODE          60  -0.2%  0.6990E-01  0.8167E-08  0.3135E-06  0.7004E-01   0.000       15.43       0.000    
   99200   4.960      0.5000E-04 NODE          60  -0.2%  0.6990E-01  0.9536E-08  0.3148E-06  0.7004E-01   0.000       15.43       0.000    
   99300   4.965      0.5000E-04 NODE          60  -0.2%  0.6990E-01  0.1090E-07  0.3160E-06  0.7004E-01   0.000       15.43       0.000    
   99400   4.970      0.5000E-04 NODE          60  -0.2%  0.6990E-01  0.1232E-07  0.3173E-06  0.7004E-01   0.000       15.43       0.000    
   99500   4.975      0.5000E-04 NODE          60  -0.2%  0.6990E-01  0.1377E-07  0.3186E-06  0.7004E-01   0.000       15.43       0.000    
   99600   4.980      0.5000E-04 NODE          60  -0.2%  0.6990E-01  0.1516E-07  0.3199E-06  0.7004E-01   0.000       15.43       0.000    
   99700   4.985      0.5000E-04 NODE          60  -0.2%  0.6990E-01  0.1649E-07  0.3212E-06  0.7004E-01   0.000       15.43       0.000    
   99800   4.990      0.5000E-04 NODE          60  -0.2%  0.6990E-01  0.1781E-07  0.3224E-06  0.7004E-01   0.000       15.43       0.000    
   99900   4.995      0.5000E-04 NODE          60  -0.2%  0.6990E-01  0.1904E-07  0.3237E-06  0.7004E-01   0.000       15.43       0.000    
   CYCLE    TIME      TIME-STEP  ELEMENT          ERROR  I-ENERGY    K-ENERGY T  K-ENERGY R  EXT-WORK     MAS.ERR     TOTAL MASS  MASS ADDED
  100000   5.000      0.5000E-04 NODE          60  -0.2%  0.6990E-01  0.2012E-07  0.3250E-06  0.7004E-01   0.000       15.43       0.000    

     RESTART FILES: I02D_LAP_ELASTIC_H05_R1_0001_[0001-0001].rst WRITTEN
     -------------

     ANIMATION FILE: I02D_LAP_ELASTIC_H05_R1A031 WRITTEN
  
                           ** CPU USER TIME **
  
  
                        ** SUMMARY **
  
 #PROC  CONTSORT  CONTFOR   ELEMENT   KINCOND   INTEG     IO        T0        ASM       RESOL    
   1   .6719E+00 .1156E+01 .4516E+01 .5781E+00 .4375E+00 .5344E+01 .1469E+01 .5000E+00 .1720E+02
  
 
                   ** CUMULATIVE CPU TIME SUMMARY **
  
 CONTACT SORTING.............: .6719E+00     3.91 % 
 CONTACT FORCES..............: .1156E+01     6.72 % 
 ELEMENT FORCES..............: .4516E+01    26.25 % 
 KINEMATIC COND..............: .5781E+00     3.36 % 
 INTEGRATION.................: .4375E+00     2.54 % 
 ASSEMBLING..................: .5000E+00     2.91 % 
 OTHERS (including I/O)......: .9344E+01    54.31 % 
 TOTAL.......................: .1720E+02   100.00 % 
  
  
                           ** ELAPSED TIME **
  
  
                        ** SUMMARY **
  
 #PROC  CONTSORT  CONTFOR   ELEMENT   KINCOND   INTEG     IO        T0        ASM       RESOL    
   1   .8330E+00 .1062E+01 .4554E+01 .5732E+00 .4618E+00 .5265E+01 .1572E+01 .6279E+00 .1721E+02
  
                   ** MEMORY USAGE STATISTICS **
  
 TOTAL MEMORY USED .........................:       51 MB
 MAXIMUM MEMORY PER PROCESSOR...............:       51 MB
 MINIMUM MEMORY PER PROCESSOR...............:       51 MB
 AVERAGE MEMORY PER PROCESSOR...............:       51 MB
  
                   ** DISK USAGE STATISTICS **
  
 TOTAL DISK SPACE USED .....................:         22 MB
 ANIMATION/H3D/TH/OUTP SIZE ................:         21 MB
 RESTART FILE SIZE .........................:          0 MB
  
                   ** COMPUTE TIME INFORMATION **
                        ** CURRENT ENGINE **
  
 EXECUTION STARTED .........................:      2026/09/13  19:56:14
 EXECUTION COMPLETED .......................:      2026/09/13  19:56:31
  
 ELAPSED TIME     =         17.24 s
                          0:00:17



     NORMAL TERMINATION      



     TOTAL NUMBER OF CYCLES  :  100002

  
                   ** COMPUTE RUNTIME INFORMATION SUMMARY **
  
        STARTER RUNTIME =          0.64s (00:00:00)
 # 001   ENGINE RUNTIME =         17.24s (00:00:17)
 ------------------------------ 
 STARTER+ENGINE RUNTIME =         17.88s (00:00:17)
  
