time_ms,historically_elastic,raw_D_J,lower_J,upper_J,zero_compatible,exact_lower,exact_upper
0.0,True,0.0,-7.006492321624087e-49,7.006492321624087e-49,True,-1374724977614380557435341045773753715363861548236831/1962073052405376998293766887075913044724774356779029796612730480818140067932045915395848352563200000,1/1427247692705959881058285969449495136382746624000
2.499999936844688e-05,True,-5.2154064178466796e-14,-8.214265202532806e-13,7.171183730114902e-13,True,-2174828569/2647623999684608000000,379731963/529524799936921600000
4.999999873689376e-05,True,-8.845142664815581e-13,-3.961254294888304e-12,2.19222568638576e-12,True,-524395597/132381199984230400000,290209467/132381199984230400000
7.500000356230885e-05,True,2.179188138756598e-12,-7.980605494782122e-12,1.233898147013761e-11,True,-264120533/33095299996057600000,2041811467/165476499980288000000
9.999999747378752e-05,True,-8.541793717950136e-12,-2.0843158571826578e-11,3.759570833768594e-12,True,-492721847/23639499997184000000,622120623/165476499980288000000
0.0001250000059371814,True,-1.2006678508650326e-11,-3.96955058771637e-11,1.568214777813845e-11,True,-2627469351/66190599992115200000,5190053853/330952999960576000000
0.0001500000071246177,True,-1.8386497613633567e-11,-5.89879206120674e-11,2.2214924176169433e-11,True,-2440278661/41369124995072000000,5251497/236394999971840000
0.00017499999376013875,True,-1.8644387573870114e-12,-4.672804477325242e-11,4.299916604984757e-11,True,-1798231/38482906972160000,14230703/330952999960576000
0.00019999999494757503,True,3.490552846288179e-11,-1.4210493382928195e-11,8.402154910006094e-11,True,-587875677/41369124995072000000,3475897967/41369124995072000000
0.00022499999613501132,True,3.088247972738579e-11,-3.7375965510128366e-11,9.914092375626912e-11,True,-1546210989/41369124995072000000,4101373267/41369124995072000000
0.0002500000118743628,True,2.305304958984763e-11,-8.736116748735962e-11,1.3346726234015653e-10,True,-1445622023/16547649998028800000,11042847717/82738249990144000000
0.0002749999985098839,True,-3.297581372974422e-11,-1.5134634204242503e-10,8.539471025603819e-11,True,-12522131483/82738249990144000000,1413081777/16547649998028800000
0.0003000000142492354,True,-2.1581616727604323e-11,-1.8338464323100189e-10,1.402214049412699e-10,True,-1896615557/10342281248768000000,1450209207/10342281248768000000
0.00032500000088475645,True,2.7593019096632535e-11,-1.4257574605947343e-10,1.9776177941821517e-10,True,-294911693/2068456249753600000,6795043/34359738368000000
0.0003499999875202775,True,-3.8571512455003106e-11,-2.1706998784890233e-10,1.399269581043728e-10,True,-448999773/2068456249753600000,289432791/2068456249753600000
0.000375000003259629,True,1.4715850066263663e-10,-3.9630929302838806e-11,3.3394792579358874e-10,True,-409874217/10342281248768000000,3453783371/10342281248768000000
0.00039999998989515007,True,6.971219914232031e-11,-1.2532674966216015e-10,2.6475114311227745e-10,True,-1296164493/10342281248768000000,2738130783/10342281248768000000
0.0004250000056345016,True,-2.719749185253566e-11,-2.9004647319539275e-10,2.3565148465579806e-10,True,-2999742201/10342281248768000000,2437173931/10342281248768000000
0.00044999999227002263,True,-2.159982044837651e-10,-4.870057721162817e-10,5.500935831422797e-11,True,-1007350133/2068456249753600000,113784451/2068456249753600000
0.00047500000800937414,False,0.00024630409986676767,0.00024630382836167685,0.0002463043713718536,False,2547343465564743/10342281248768000000,2547349081528711/10342281248768000000
0.0005000000237487257,False,0.0004942619494245602,0.0004942616775509129,0.0004942622212982026,False,5111793279719423/10342281248768000000,5111798903306819/10342281248768000000
0.0005249999812804163,False,0.000739563954774026,0.0007395636825306781,0.000739564227017369,False,177878502467601/240518168576000000,218536606781181/295493749964800000
0.0005499999970197678,False,0.0009822376412598633,0.000982237368645806,0.0009822379138739157,False,10158575119584743/10342281248768000000,47249212830173/48103633715200000
0.0005750000127591193,False,0.001222309853002981,0.0012223095800173594,0.0012223101259885977,False,12641469449603027/10342281248768000000,1805925013741589/1477468749824000000
0.0006000000284984708,False,0.001459806919403776,0.001459806646045861,0.001459807192761686,False,431363740063629/295493749964800000,3019547311303167/2068456249753600000
0.0006249999860301614,False,0.0016947548302165905,0.0016947544137664557,0.0016947552466667186,False,5007893369932463/2954937499648000000,35055270817704777/20684562497536000000
0.0006500000017695129,False,0.0019271796086486126,0.0019271791909128248,0.0019271800263843937,False,5694694059769599/2954937499648000000,7972575139950213/4136912499507200000
0.0006750000175088644,False,0.002157106620899584,0.002157106201881119,0.0021571070399180425,False,44618798046632521/20684562497536000000,356950523048477/165476499980288000
0.000699999975040555,False,0.002384561821035791,0.002384561400737879,0.002384562241333696,False,49323609322774657/20684562497536000000,9864725342026269/4136912499507200000
0.0007249999907799065,False,0.002609569199392949,0.002609568777819073,0.002609569620966818,False,10795557695283453/4136912499507200000,10795561183311893/4136912499507200000
0.000750000006519258,False,0.002832154062122396,0.0028321536392762994,0.002832154484968486,False,58581858954234649/20684562497536000000,58581876447007521/20684562497536000000
0.0007750000222586095,False,0.00305234158908458,0.0030523411649702736,0.0030523420131988795,False,63136341590629473/20684562497536000000,12627271827173413/4136912499507200000
0.0007999999797903001,False,0.003270155342837614,0.0032701549174593506,0.00327015576821587,False,541133790134501/165476499980288000,9663105909191287/2954937499648000000
0.0008249999955296516,False,0.003485619058238545,0.0034856186316008266,0.003485619484876257,False,10299785203989031/2954937499648000000,72098514077552161/20684562497536000000
0.0008500000112690032,False,0.0036987571005708333,0.0036987566726784413,0.0036987575284632185,False,76507163559195529/20684562497536000000,3060287250429169/827382499901440000
0.0008750000270083547,False,0.0039095923324788855,0.003909591903336812,0.003909592761620953,False,3234727922577241/827382499901440000,53733033765889/13743895347200000
0.0008999999845400453,False,0.004118148851406604,0.004118148421020127,0.004118149281793076,False,486754847935543/118197499985920000,85182116193431841/20684562497536000000
0.0009250000002793968,False,0.004324448797279802,0.004324448365654431,0.004324449228905166,False,17889864497349301/4136912499507200000,12778477191815751/2954937499648000000
0.0009500000160187483,False,0.004528515060806276,0.004528514627947763,0.004528515493664782,False,18734068768558301/4136912499507200000,93670361749769257/20684562497536000000
0.0009749999735504389,False,0.004730370087797563,0.004730369653711917,0.004730370521883201,False,97845626738651889/20684562497536000000,97845644696395041/20684562497536000000
0.0010000000474974513,False,0.004930036552159883,0.004930036116853364,0.0049300369874663965,False,101975640174163129/20684562497536000000,101975658182412761/20684562497536000000
0.001025000005029142,False,0.005127536153462615,0.005127535716941713,0.005127536589983509,False,106060832995428953/20684562497536000000,106060851053916513/20684562497536000000
0.0010499999625608325,False,0.00532288981217999,0.005322889136032858,0.005322890488327115,False,110101633001727057/20684562497536000000,110101660973342121/20684562497536000000
0.001075000036507845,False,0.005516120707184171,0.005516120029836369,0.005516121384531966,False,114098529501060537/20684562497536000000,114098557522346241/20684562497536000000
0.0010999999940395355,False,0.005707249016929643,0.0057072483383883875,0.005707249695470892,False,23610386988870621/4136912499507200000,118051963015010953/20684562497536000000
0.0011249999515712261,False,0.00589629583255412,0.005896295152826858,0.005896296512281373,False,24392457118513149/4136912499507200000,121962313712287593/20684562497536000000
0.0011500000255182385,False,0.006083282967701876,0.006083282286796303,0.006083283648607443,False,125830032651391857/20684562497536000000,25166012163971893/4136912499507200000
0.0011749999830499291,False,0.006268229370064913,0.0062682286879889495,0.006268230052140869,False,129655568045555529/20684562497536000000,129655596262441129/20684562497536000000
0.0012000000569969416,False,0.006451156346905439,0.006451155663667243,0.006451157030143629,False,5337573300258337/827382499901440000,133439360771424601/20684562497536000000
0.0012250000145286322,False,0.006632083836370709,0.006632083151978675,0.0066320845207627375,False,137181738445958457/20684562497536000000,137181766758657921/20684562497536000000
0.0012499999720603228,False,0.006811032260376111,0.006811031574838844,0.006811032945913372,False,140883208282445121/20684562497536000000,20126176663217407/2954937499648000000
0.0012750000460073352,False,0.006988020356335194,0.0069880195779529666,0.006988021134717407,False,144544127694173301/20684562497536000000,144544159895164629/20684562497536000000
0.0013000000035390258,False,0.007163068790505129,0.007163068009418123,0.00716306957159212,False,148164927914909981/20684562497536000000,29632992045559121/4136912499507200000
0.0013249999610707164,False,0.0073361955286700715,0.007336194744900126,0.007336196312440002,False,30349195738996369/4136912499507200000,151746011118858357/20684562497536000000
0.0013500000350177288,False,0.007507421619851403,0.007507420833420783,0.007507422406282009,False,4436791869262743/590987499929600000,31057549591628457/4136912499507200000
0.0013749999925494194,False,0.0076767633911276455,0.0076767626020590365,0.007676764180196239,False,31758095164207449/4136912499507200000,31758101692822961/4136912499507200000
0.00139999995008111,False,0.007844241886950973,0.007844241095267511,0.00784424267863442,False,162254695180801109/20684562497536000000,162254727932052853/20684562497536000000
0.0014250000240281224,False,0.008009873178209117,0.008009872383934313,0.008009873972483905,False,165680705922776981/20684562497536000000,165680738781230237/20684562497536000000
0.001449999981559813,False,0.008173677317764489,0.008173676520922327,0.008173678114606635,False,169068922831660549/20684562497536000000,169068955796323141/20684562497536000000
0.0014750000555068254,False,0.008335671799539007,0.008335671000153849,0.008335672598924152,False,172419707761580733/20684562497536000000,172419740831444909/20684562497536000000
0.001500000013038516,False,0.008495874614295646,0.00849587381239229,0.008495875416198985,False,175733432843607813/20684562497536000000,175733466017647557/20684562497536000000
0.0015249999705702066,False,0.00865430274343263,0.008654301939036251,0.008654303547828993,False,179010449330542373/20684562497536000000,179010482607716301/20684562497536000000
0.001550000044517219,False,0.008810974130539481,0.008810973323675676,0.008810974937403269,False,182251128377692069/20684562497536000000,26035880250991603/2954937499648000000
0.0015750000020489097,False,0.008965907201845905,0.008965906392540697,0.008965908011151097,False,185455851123565637/20684562497536000000,185455884603813549/20684562497536000000
0.0015999999595806003,False,0.009119116619580023,0.00911911580785977,0.00911911743130026,False,188624920849943933/20684562497536000000,188624954430100149/20684562497536000000
0.0016250000335276127,False,0.009270620366830138,0.009270619552721637,0.009270621180938625,False,191758709529149957/20684562497536000000,38351748641621193/4136912499507200000
0.0016499999910593033,False,0.009420436185024845,0.009420435368555266,0.00942043700149441,False,194857584134880021/20684562497536000000,194857617911511733/20684562497536000000
0.0016749999485909939,False,0.009568579069179127,0.009568578250376018,0.00956857988798222,False,197921854832466453/20684562497536000000,5654911105875263/590987499929600000
0.0017000000225380063,False,0.009715065072303207,0.009715064251194495,0.009715065893411904,False,200951853671410357/20684562497536000000,200951887639958909/20684562497536000000
0.001724999980069697,False,0.009859912469685428,0.009859911646299423,0.00985991329307142,False,203947958668063517/20684562497536000000,203947992730821709/20684562497536000000
0.0017500000540167093,False,0.01000313510454091,0.010003134278906275,0.010003135930175528,False,5911727318950903/590987499929600000,206910490319063597/20684562497536000000
0.0017750000115484,False,0.010144749481326114,0.010144748653471902,0.010144750309180313,False,41967937508906753/4136912499507200000,209839721792137797/20684562497536000000
0.0017999999690800905,False,0.010284771457321887,0.0102847706272775,0.010284772287366259,False,212735980812743989/20684562497536000000,212736015150953621/20684562497536000000
0.001825000043027103,False,0.010423216703007606,0.010423215870802796,0.010423217535212402,False,215599660104929589/20684562497536000000,43119938906502809/4136912499507200000
0.0018500000005587935,False,0.010560099656742943,0.010560098822407831,0.010560100491078039,False,218431024072251133/20684562497536000000,218431058587964269/20684562497536000000
0.0018749999580904841,False,0.010695435516424946,0.010695434679989981,0.010695436352859895,False,221230387076566733/20684562497536000000,44246084335829793/4136912499507200000
0.0019000000320374966,False,0.010829239448394716,0.010829238609890709,0.01082924028689871,False,44799612565402857/4136912499507200000,44799619503038201/4136912499507200000
0.0019249999895691872,False,0.010961525877972035,0.010961525037430128,0.010961526718513926,False,226734349705029157/20684562497536000000,226734384477511973/20684562497536000000
0.0019499999471008778,False,0.011092310143739391,0.011092309301191063,0.011092310986287705,False,45887912996497289/4136912499507200000,229439599837973181/20684562497536000000
0.0019749999046325684,False,0.011221605317763781,0.011221604473240826,0.011221606162286719,False,33159139864197067/2954937499648000000,232114013986554717/20684562497536000000
0.0020000000949949026,False,0.011349427878563549,0.011349427032098115,0.011349428725028969,False,33536847536665427/2954937499648000000,46951593554838401/4136912499507200000
0.002025000052526593,False,0.011475788317047719,0.011475786991835086,0.011475789642260339,False,5520270540488919/481036337152000000,237371688063910221/20684562497536000000
0.002050000010058284,False,0.011600704214908048,0.011600702887818134,0.011600705541997944,False,47991092779684121/4136912499507200000,47991103759793737/4136912499507200000
0.0020749999675899744,False,0.011724187768072195,0.011724186439138102,0.01172418909700627,False,34644238161873739/2954937499648000000,9700388884398253/827382499901440000
0.002099999925121665,False,0.01184625323596912,0.01184625190522422,0.011846254566714004,False,35004933985023619/2954937499648000000,245034592946917021/20684562497536000000
0.0021250001154839993,False,0.011966913171938631,0.011966911839416582,0.011966914504460665,False,49506067168983161/4136912499507200000,247530390970186637/20684562497536000000
0.00215000007301569,False,0.012086179342117434,0.012086178007852229,0.012086180676382624,False,7142780124564703/590987499929600000,249997359557148269/20684562497536000000
0.0021750000305473804,False,0.012204069388960488,0.012204068052986395,0.012204070724934566,False,50487161673235921/4136912499507200000,50487172726851697/4136912499507200000
0.002199999988079071,False,0.012320591515575893,0.012320590177927464,0.012320592853224309,False,254846017541868861/20684562497536000000,36406581839887651/2954937499648000000
0.0022249999456107616,False,0.0124357618584595,0.01243576051917159,0.012435763197747394,False,257228265663195517/20684562497536000000,51445664213672817/4136912499507200000
0.0022499999031424522,False,0.012549592401483865,0.012549591060591557,0.012549593742376162,False,259582800611325173/20684562497536000000,7416653030939039/590987499929600000
0.0022750000935047865,False,0.012662092781036388,0.012662091438575048,0.012662094123497713,False,261909821710721133/20684562497536000000,261909877247171709/20684562497536000000
0.002300000051036477,False,0.012773280254169534,0.012773278910174834,0.01277328159816422,False,264209685915969909/20684562497536000000,264209741515854293/20684562497536000000
0.0023250000085681677,False,0.012883162279485582,0.012883160933993415,0.012883163624977736,False,266482547505001077/20684562497536000000,266482603166834389/20684562497536000000
0.0023499999660998583,False,0.012991754049469402,0.012991752702515898,0.012991755396422892,False,268728720727722349/20684562497536000000,268728776450009853/20684562497536000000
0.002374999923631549,False,0.013099068253705881,0.01309906690532747,0.013099069602084276,False,38706924008950227/2954937499648000000,270948523843886213/20684562497536000000
0.002400000113993883,False,0.013205112857793523,0.01320511150802684,0.013205114207560192,False,39020279182101867/2954937499648000000,273142010113379333/20684562497536000000
0.0024250000715255737,False,0.01330990301609677,0.013309901664978715,0.01330990436721481,False,11012379713012429/827382499901440000,275309548719882053/20684562497536000000
0.0024500000290572643,False,0.01341345049940946,0.013413449146977159,0.013413451851841746,False,39635903884024291/2954937499648000000,277451383137110549/20684562497536000000
0.002474999986588955,False,0.013515764053876347,0.013515762700167123,0.013515765407585556,False,279567638273472797/20684562497536000000,279567694275238549/20684562497536000000
0.0024999999441206455,False,0.013616855199136982,0.013616853844188394,0.013616856554085554,False,281658664359928229/20684562497536000000,56331744082593057/4136912499507200000
0.002524999901652336,False,0.01371673683587253,0.013716735479722374,0.01371673819202267,False,11348986891699477/827382499901440000,40532104056461691/2954937499648000000
0.0025500000920146704,False,0.013815419207525563,0.01381541785021185,0.01381542056483926,False,11430634958091261/827382499901440000,285765930103161749/20684562497536000000
0.002575000049546361,False,0.013912914802159539,0.013912913443720457,0.013912916160598606,False,287782527649444637/20684562497536000000,287782583846880461/20684562497536000000
0.0026000000070780516,False,0.01400923123869148,0.01400922987916543,0.014009232598217515,False,289774790977946053/20684562497536000000,8279281349152823/590987499929600000
0.002624999964609742,False,0.014104380850549898,0.014104379489975479,0.014104382211124302,False,291742919049362773/20684562497536000000,291742975335135581/20684562497536000000
0.0026499999221414328,False,0.014198372882975584,0.014198371521391563,0.01419837424455959,False,2349496824779673/165476499980288000,293687159424998293/20684562497536000000
0.002675000112503767,False,0.01429121887436632,0.014291217511811661,0.014291220236920964,False,295607581788949253/20684562497536000000,59121527631328577/4136912499507200000
0.0027000000700354576,False,0.01438292979878525,0.014382928435299104,0.014382931162271384,False,59500916423506401/4136912499507200000,59500927704752097/4136912499507200000
0.002725000027567148,False,0.014473515558899065,0.014473514194520748,0.014473516923277367,False,299378308915538877/20684562497536000000,299378365358675629/20684562497536000000
0.002749999985098839,False,0.014562982895575562,0.014562981530344533,0.014562984260806577,False,43032700230696283/2954937499648000000,301228958093286709/20684562497536000000
0.0027749999426305294,False,0.014651347630827182,0.0146513462647831,0.01465134899687125,False,12122267499477869/827382499901440000,281913250231623/19241453486080000
0.00279999990016222,False,0.01473861353237886,0.014738612165561516,0.01473861489919619,False,304861744465501621/20684562497536000000,304861801009538813/20684562497536000000
0.0028250000905245543,False,0.014824793643537837,0.014824792275987158,0.014824795011088502,False,306644342345645373/20684562497536000000,306644398920019957/20684562497536000000
0.002850000048056245,False,0.014909895016609255,0.014909893648365317,0.014909896384853178,False,44057803857318211/2954937499648000000,308404683604281589/20684562497536000000
0.0028750000055879354,False,0.014993931047016759,0.014993929678119819,0.014993932415913685,False,310142875510729253/20684562497536000000,310142932140797517/20684562497536000000
0.002899999963119626,False,0.015076905364190847,0.015076903994681218,0.015076906733700463,False,311859162947333861/20684562497536000000,311859219602748557/20684562497536000000
0.0029249999206513166,False,0.015158832708959511,0.015158831338877703,0.015158834079041306,False,313553794218623213/20684562497536000000,44793407271101203/2954937499648000000
0.002950000111013651,False,0.015239719555641903,0.015239718185028485,0.015239720926255307,False,315226903243057613/20684562497536000000,315226959944135069/20684562497536000000
0.0029750000685453415,False,0.015319574383063712,0.015319573011959398,0.015319575754168011,False,316878665401440021/20684562497536000000,316878722122825397/20684562497536000000
0.003000000026077032,False,0.015398406249723927,0.015398404878169548,0.01539840762127829,False,318509268064861277/20684562497536000000,318509324804865421/20684562497536000000
0.0030249999836087227,False,0.015476224323406569,0.01547622295144303,0.015476225695370093,False,7444625601509871/481036337152000000,320118957621855181/20684562497536000000
0.0030499999411404133,False,0.015553036275946263,0.015553034903614569,0.015553037648277942,False,321707722490174389/20684562497536000000,321707779262335381/20684562497536000000
0.003074999898672104,False,0.015628851278162072,0.01562884990550334,0.01562885265082079,False,64655184526998697/4136912499507200000,64655195884136761/4136912499507200000
0.003100000089034438,False,0.01570367658333841,0.015703675210393807,0.015703677956282996,False,324823651330397581/20684562497536000000,324823708127913949/20684562497536000000
0.0031250000465661287,False,0.015777524135822132,0.01577752276263295,0.0157775255090113,False,104432369804793/6619059999211520,65270242489522529/4136912499507200000
0.0031500000040978193,False,0.015850398236066467,0.01585039686267404,0.015850399609458873,False,327858524516729797/20684562497536000000,327858581332772229/20684562497536000000
0.00317499996162951,False,0.01592230618818933,0.015922304814635056,0.01592230756174359,False,9409883115518207/590987499929600000,329345965865875213/20684562497536000000
0.0031999999191612005,False,0.015993260483476712,0.015993259109802035,0.015993261857151376,False,330813567595987213/20684562497536000000,66162724884741241/4136912499507200000
0.0032250001095235348,False,0.016063264852484393,0.01606326347873085,0.01606326622623792,False,332261577340195893/20684562497536000000,332261634171177469/20684562497536000000
0.0032500000670552254,False,0.016132327493793782,0.016132326120002923,0.016132328867584627,False,66738021571966593/4136912499507200000,47670023527479763/2954937499648000000
0.003275000024586916,False,0.016200457850245934,0.01620045647645937,0.016200459224032484,False,335099354475935741/20684562497536000000,67019882261656689/4136912499507200000
0.0032999999821186066,False,0.01626766369341472,0.01626766231967409,0.016267665067155334,False,9613985084003151/590987499929600000,67297906954111521/4136912499507200000
0.003324999939650297,False,0.016333950524530672,0.01633394915087766,0.016333951898183666,False,2702884736343233/165476499980288000,67572129773945353/4136912499507200000
0.0033499998971819878,False,0.01639932447802031,0.016399323104496603,0.016399325851544,False,339212823672246173/20684562497536000000,339212880493719629/20684562497536000000
0.003375000087544322,False,0.01646379795601924,0.016463796582666577,0.01646379932937189,False,1945979596347923/118197499985920000,340546486175284021/20684562497536000000
0.0034000000450760126,False,0.016527372119426287,0.01652737074628635,0.016527373492566208,False,68372286624301657/4136912499507200000,13674459597084221/827382499901440000
0.003425000002607703,False,0.016590057320688627,0.01659005594780318,0.016590058693574064,False,68631609817990753/4136912499507200000,343158105885023077/20684562497536000000
0.003449999960139394,False,0.01665185971213601,0.016651858339546768,0.016651861084725238,False,344436404524471213/20684562497536000000,344436461307286717/20684562497536000000
0.0034749999176710844,False,0.016712784488791863,0.016712783116540553,0.016712785861043158,False,345696606881847661/20684562497536000000,345696663650683133/20684562497536000000
0.0035000001080334187,False,0.01677284154214239,0.016772840170270736,0.016772842914014027,False,346938860763147469/20684562497536000000,346938917516276893/20684562497536000000
0.0035250000655651093,False,0.016832035686898422,0.01683203431544811,0.01683203705834872,False,348163265758557093/20684562497536000000,348163322494256037/20684562497536000000
0.0035500000230968,False,0.016890373340523387,0.01689037196953608,0.01689037471151068,False,349369954610499373/20684562497536000000,69874002265408833/4136912499507200000
0.0035749999806284904,False,0.016947863060958294,0.01694786169047566,0.016947864431440914,False,50079872048034283/2954937499648000000,350559161031906949/20684562497536000000
0.003599999938160181,False,0.017004508335306843,0.01700450696537046,0.017004509705243212,False,351730787064991589/20684562497536000000,70346168747612129/4136912499507200000
0.0036249998956918716,False,0.01706031425954317,0.017060312890194607,0.017060315628891726,False,70577021640949881/4136912499507200000,352885164853501013/20684562497536000000
0.003650000086054206,False,0.017115292366306094,0.017115290997586873,0.0171152937350253,False,354022306303101029/20684562497536000000,354022362925817101/20684562497536000000
0.0036750000435858965,False,0.01716944281220294,0.01716944144415452,0.017169444180251348,False,355142384599398973/20684562497536000000,355142441194364661/20684562497536000000
0.003700000001117587,False,0.01722277571670336,0.01722277434936714,0.017222777084039565,False,356245552410444581/20684562497536000000,50892229853706739/2954937499648000000
0.0037249999586492777,False,0.01727529608430366,0.01727529471772097,0.017275297450886337,False,10209483235772943/590987499929600000,71466393957276537/4136912499507200000
0.0037499999161809683,False,0.017327006790622563,0.017327005424834667,0.01732700815641044,False,71680305321027617/4136912499507200000,14336063324263509/827382499901440000
0.0037750001065433025,False,0.017377917349418702,0.01737791598446679,0.017377918714370597,False,71890917851526649/4136912499507200000,359454645724498957/20684562497536000000
0.003800000064074993,False,0.01742803277333824,0.017428031409263415,0.01742803413741305,False,72098240978785921/4136912499507200000,72098252264902217/4136912499507200000
0.0038250000216066837,False,0.01747735519039201,0.01747735382723527,0.017477356553548734,False,72302283506199609/4136912499507200000,413155970198399/23639499997184000
0.0038499999791383743,False,0.017525894328703148,0.017525892966505408,0.01752589569090087,False,51787918341543971/2954937499648000000,362515484743735893/20684562497536000000
0.003874999936670065,False,0.017573653400743607,0.01757365203954569,0.017573654761941507,False,72700660784386777/4136912499507200000,72700672046700041/4136912499507200000
0.0038999998942017555,False,0.017620638422290204,0.017620637062132814,0.017620639782447576,False,364475168558085413/20684562497536000000,364475224826605989/20684562497536000000
0.003924999851733446,False,0.01766685353739641,0.01766685217832016,0.01766685489647264,False,365431108017193461/20684562497536000000,365431164240988117/20684562497536000000
0.003949999809265137,False,0.017712304432231568,0.01771230307427692,0.017712305790186202,False,366371239915180037/20684562497536000000,366371296092575213/20684562497536000000
0.003975000232458115,False,0.01775699540559516,0.01775699404880244,0.017756996762387865,False,367295653170828933/20684562497536000000,367295709300156101/20684562497536000000
0.004000000189989805,False,0.01780093346377051,0.017800932108179974,0.01780093481936103,False,368204492706044013/20684562497536000000,73640909757127577/4136912499507200000
0.004025000147521496,False,0.017844119910024842,0.01784411855567655,0.017844121264373118,False,369097785478333453/20684562497536000000,73819568301307361/4136912499507200000
0.004050000105053186,False,0.01788656339737294,0.01788656204430683,0.017886564750439038,False,73995142094304001/4136912499507200000,73995153289336129/4136912499507200000
0.004075000062584877,False,0.017928266238097523,0.0179282648863534,0.017928267589841628,False,370838315514157109/20684562497536000000,370838371434628221/20684562497536000000
0.004100000020116568,False,0.01796923432828508,0.01796923297790257,0.017969235678667577,False,371685722564210669/20684562497536000000,371685778428353157/20684562497536000000
0.004124999977648258,False,0.018009471031823893,0.01800946968284248,0.01800947238080529,False,372518001202235229/20684562497536000000,372518057008415373/20684562497536000000
0.004149999935179949,False,0.01804897950811003,0.018048978160569027,0.01804898085565102,False,74667043355790489/4136912499507200000,10666722072158407/590987499929600000
0.004174999892711639,False,0.018087767397269205,0.01808776605120776,0.018087768743330634,False,14965501093080677/827382499901440000,374137583012400653/20684562497536000000
0.00419999985024333,False,0.01812583689359454,0.018125835549051613,0.018125838238137452,False,374924978234417901/20684562497536000000,374925033856981893/20684562497536000000
0.004224999807775021,False,0.018163193966460624,0.018163192623474995,0.01816319530944624,False,75139538595010689/4136912499507200000,375697748533193413/20684562497536000000
0.0042500002309679985,False,0.018199840496073063,0.018199839154683328,0.01819984183746278,False,53779387205735731/2954937499648000000,75291153186453857/4136912499507200000
0.004275000188499689,False,0.018235781537281368,0.01823578019752594,0.018235782877036782,False,377199135187054757/20684562497536000000,53885598658794867/2954937499648000000
0.00430000014603138,False,0.018271021018292186,0.01827101968020926,0.018271022356375097,False,15117121938759949/827382499901440000,75585620764863617/4136912499507200000
0.00432500010356307,False,0.018305563295928997,0.01830556195955658,0.0183055646323014,False,75728508080993153/4136912499507200000,378642595689522797/20684562497536000000
0.004350000061094761,False,0.018339409883260768,0.018339408548636662,0.018339411217884856,False,54191806041731587/2954937499648000000,379342697504352053/20684562497536000000
0.0043750000186264515,False,0.018372569264812438,0.01837256793197422,0.018372570597650642,False,76005705925829313/4136912499507200000,76005716953499393/4136912499507200000
0.004399999976158142,False,0.018405039824651324,0.01840503849363634,0.018405041155666296,False,76140033798235353/4136912499507200000,380700224054101677/20684562497536000000
0.004424999933689833,False,0.018436827116660393,0.018436825787505745,0.018436828445815026,False,76271535051569209/4136912499507200000,381357730243810381/20684562497536000000
0.004449999891221523,False,0.018467935831999096,0.018467934504741705,0.01846793715925647,False,382001145463731429/20684562497536000000,382001200371207821/20684562497536000000
0.004474999848753214,False,0.01849836846211057,0.0184983671367871,0.018498369787434025,False,15305225245729557/827382499901440000,382630685970710757/20684562497536000000
0.0044999998062849045,False,0.018528127986570907,0.01852812666321779,0.01852812930992401,False,383246193927591557/20684562497536000000,2189978563848867/118197499985920000
0.004525000229477882,False,0.018557220206352386,0.018557218885005788,0.01855722152769897,False,383847953807357581/20684562497536000000,54835429781472819/2954937499648000000
0.004550000187009573,False,0.01858564480091275,0.018585643481608575,0.01858564612021691,False,1788073972801187/96207267430400000,76887191746142817/4136912499507200000
0.004575000144541264,False,0.01861340570609472,0.018613404388868635,0.01861340702332079,False,385010126373464269/20684562497536000000,385010180865954341/20684562497536000000
0.004600000102072954,False,0.01864050581064627,0.01864050449553367,0.018640507125758855,False,385570680223466989/20684562497536000000,385570734628524157/20684562497536000000
0.004625000059604645,False,0.018666950203995083,0.018666948891031102,0.018666951516959046,False,1282782960049313/68719476736000000,386117725291013789/20684562497536000000
0.004650000017136335,False,0.018692741322212332,0.01869274001143184,0.01869274263299281,False,77330229803330753/4136912499507200000,77330240648499073/4136912499507200000
0.004674999974668026,False,0.018717878812844858,0.018717877504282415,0.018717880121407286,False,77434221411710577/4136912499507200000,387171161192635669/20684562497536000000
0.004699999932199717,False,0.01874237088917325,0.01874236958286316,0.018742372195483324,False,77535542997730169/4136912499507200000,2215301537311747/118197499985920000
0.004724999889731407,False,0.018766215152925054,0.018766213848901328,0.018766216456948766,False,55452989028532171/2954937499648000000,77634195429209057/4136912499507200000
0.004749999847263098,False,0.018789416911785504,0.018789415610081857,0.018789418213489135,False,11104309756540479/590987499929600000,77730179065851433/4136912499507200000
0.004774999804794788,False,0.018811977330117743,0.0188119760307676,0.01881197862946787,False,55588213415794531/2954937499648000000,389117547663539733/20684562497536000000
0.004800000227987766,False,0.018833898688015095,0.018833897391051554,0.01883389998497862,False,55652989665340883/2954937499648000000,389570981311632557/20684562497536000000
0.004825000185519457,False,0.018855186460711097,0.018855185166166993,0.018855187755255187,False,15600450238887797/827382499901440000,78002261905270273/4136912499507200000
0.0048500001430511475,False,0.01887583984535397,0.018875838553261762,0.018875841137446163,False,390438462248342493/20684562497536000000,390438515701066069/20684562497536000000
0.004875000100582838,False,0.018895861912256364,0.01889586062264824,0.018895863201864475,False,390852609993897061/20684562497536000000,55836094763408051/2954937499648000000
0.004900000058114529,False,0.018915255173817952,0.01891525388672579,0.0189152564609101,False,391253751176740381/20684562497536000000,15650152176904661/827382499901440000
0.004925000015646219,False,0.01893402217379936,0.018934020889254655,0.01893402345834405,False,3133135507307521/165476499980288000,78328398310786033/4136912499507200000
0.00494999997317791,False,0.01895216395467881,0.01895216267271278,0.018952165236644825,False,392017193267196461/20684562497536000000,392017246301008957/20684562497536000000
0.0049749999307096004,False,0.0189696837076972,0.018969682428340708,0.01896968498705368,False,392379581747423917/20684562497536000000,56054233524754587/2954937499648000000
0.004999999888241291,False,0.018986583216025272,0.01898658193930885,0.01898658449274168,False,392729140738222189/20684562497536000000,392729193554863101/20684562497536000000
0.005024999845772982,False,0.019002861582761894,0.0190028603087157,0.01900286285680807,False,393065851687576213/20684562497536000000,78613180878750393/4136912499507200000
0.005049999803304672,False,0.019018524310981944,0.019018523039635804,0.019018525582328066,False,11239709383547863/590987499929600000,78677976203730409/4136912499507200000
0.00507500022649765,False,0.01903357106845515,0.019033569799838543,0.01903357233707174,False,78740212815194841/4136912499507200000,393701116557532717/20684562497536000000
0.005100000184029341,False,0.01904800525985014,0.01904800399399219,0.019048006525708077,False,56285661295292411/2954937499648000000,393999681434482189/20684562497536000000
0.005125000141561031,False,0.019061826531170275,0.01906182526809975,0.019061827794240784,False,15771420643004813/827382499901440000,78857113665448449/4136912499507200000
0.005150000099092722,False,0.019075037233284953,0.019075035973030213,0.019075038493539677,False,78911754745378193/4136912499507200000,2254621862071579/118197499985920000
0.0051750000566244125,False,0.019087637999271132,0.01908763674186022,0.01908763925668203,False,394819415117272221/20684562497536000000,394819467135260949/20684562497536000000
0.005200000014156103,False,0.019099631271010043,0.019099630016470578,0.01909963252554949,False,395067490755500309/20684562497536000000,395067542654699701/20684562497536000000
0.005224999971687794,False,0.01911101954781891,0.019111018296178194,0.01911102079945962,False,1838618848087683/96207267430400000,79060620823626569/4136912499507200000
0.005249999929219484,False,0.01912180160698446,0.019121800358269343,0.01912180285569956,False,395526074576028581/20684562497536000000,11300746463836567/590987499929600000
0.005274999886751175,False,0.01913197966249262,0.019131978416729613,0.019131980908255613,False,79147320652470729/4136912499507200000,395736654798478717/20684562497536000000
0.0052999998442828655,False,0.019141553350708652,0.019141552107923857,0.019141554593493433,False,395934630876193029/20684562497536000000,395934682289112133/20684562497536000000
0.005324999801814556,False,0.019150526837108012,0.01915052559732715,0.019150528076888856,False,9212098687873871/481036337152000000,396120294867225389/20684562497536000000
0.005350000225007534,False,0.019158899604780153,0.019158898368028518,0.01915890084153177,False,9216126294823871/481036337152000000,396293481840758941/20684562497536000000
0.005375000182539225,False,0.019166672756660667,0.01916667152296319,0.019166673990358127,False,396454214986475701/20684562497536000000,396454266023460349/20684562497536000000
0.005400000140070915,False,0.0191738462594887,0.01917384502886988,0.019173847490107504,False,396602595817729061/20684562497536000000,396602646727352397/20684562497536000000
0.005425000097602606,False,0.019180420974042676,0.019180419746526615,0.019180422201558727,False,396738590976003429/20684562497536000000,396738641757268453/20684562497536000000
0.005450000055134296,False,0.0191863975718375,0.019186396347447867,0.019186398796227116,False,79372442870256377/4136912499507200000,56694609286172739/2954937499648000000
0.005475000012665987,False,0.019191777240595793,0.019191776019355858,0.019191778461835715,False,56710498644439851/2954937499648000000,396973541032706109/20684562497536000000
0.005499999970197678,False,0.019196561458168584,0.019196560240101194,0.01919656267623596,False,15882898000963517/827382499901440000,11344928583270559/590987499929600000
0.005524999927729368,False,0.01920075182186892,0.019200750697134127,0.019200752946603703,False,15886365111779153/827382499901440000,397159174323772713/20684562497536000000
0.005549999885261059,False,0.01920434435189612,0.01920434322877655,0.019204345475015688,False,79446687547952173/4136912499507200000,79446696840446917/4136912499507200000
0.005574999842792749,False,0.019207342868447223,0.01920734174695253,0.019207343989941908,False,397295460776371953/20684562497536000000,397295507171625793/20684562497536000000
0.00559999980032444,False,0.01920974651028662,0.01920974539042627,0.019209747630146958,False,397345179090026369/20684562497536000000,79469045083533757/4136912499507200000
0.005625000223517418,False,0.01921155550632829,0.019211554388111507,0.019211556624545066,False,56768942487957791/2954937499648000000,397382643675354081/20684562497536000000
0.0056500001810491085,False,0.019212769716302022,0.01921276859973783,0.019212770832866207,False,397407712851974473/20684562497536000000,79481551808651549/4136912499507200000
0.005675000138580799,False,0.01921339030853302,0.01921338919363021,0.01921339142343582,False,397420549565126953/20684562497536000000,79484119137536061/4136912499507200000
0.00570000009611249,False,0.019213417280590662,0.019213416167357802,0.01921341839382351,False,11354888785853747/590987499929600000,397421153558350113/20684562497536000000
0.00572500005364418,False,0.01921341789238294,0.019213416780857525,0.01921341900390835,False,79484224038970893/4136912499507200000,397421166177688049/20684562497536000000
0.005750000011175871,False,0.019213419128174494,0.019213418018395163,0.019213420237953815,False,397421145792779121/20684562497536000000,3179369533627029/165476499980288000
0.0057749999687075615,False,0.019213418452898312,0.019213417344903456,0.01921341956089316,False,397421131861897793/20684562497536000000,79484235539735037/4136912499507200000
0.005799999926239252,False,0.019213417472479434,0.019213416366307197,0.019213418578651664,False,397421111620062353/20684562497536000000,397421157381439593/20684562497536000000
0.005824999883770943,False,0.019213418841734185,0.019213417737422443,0.01921341994604592,False,397421139980981289/20684562497536000000,397421185665391569/20684562497536000000
0.005849999841302633,False,0.019213419078721733,0.019213417976308066,0.019213420181135397,False,397421144922225913/20684562497536000000,79484238105622893/4136912499507200000
0.005874999798834324,False,0.019213418874804468,0.019213417774326186,0.019213419975282742,False,56774448677759871/2954937499648000000,397421186270142401/20684562497536000000
0.005900000222027302,False,0.019213417706261535,0.019213416607755628,0.019213418804767436,False,397421116614317449/20684562497536000000,79484232411709077/4136912499507200000
0.005925000179558992,False,0.019213417430460365,0.019213416333963514,0.019213418526957213,False,79484222190209477/4136912499507200000,397421156312162457/20684562497536000000
0.005950000137090683,False,0.01921341773315437,0.019213416638702942,0.019213418827605792,False,397421117254449161/20684562497536000000,15896846501237873/827382499901440000
0.005975000094622374,False,0.01921341754699614,0.019213416454626153,0.019213418639366122,False,397421113446901297/20684562497536000000,397421158637291561/20684562497536000000
0.006000000052154064,False,0.019213417979364777,0.01921341688911191,0.01921341906961764,False,56774446062007007/2954937499648000000,15896846701474241/827382499901440000
0.006025000009685755,False,0.019213418139825682,0.01921341705172526,0.019213419227926097,False,9242351762735699/481036337152000000,79484234162279437/4136912499507200000
0.006049999967217445,False,0.01921341841053584,0.01921341732462281,0.01921341949644886,False,79484226288480309/4136912499507200000,397421176365673073/20684562497536000000
0.006074999924749136,False,0.019213417634086953,0.019213416550395896,0.019213418717778,False,397421115427856553/20684562497536000000,79484232051841397/4136912499507200000
0.006099999882280827,False,0.019213418024955402,0.019213416943520505,0.019213419106390295,False,397421123559467041/20684562497536000000,397421168297482257/20684562497536000000
0.006124999839812517,False,0.019213418121741314,0.019213417042596357,0.01921341920088626,False,397421125608807753/20684562497536000000,15896846810083601/827382499901440000
0.006149999797344208,False,0.019213418161955768,0.01921341708513413,0.019213419238777403,False,9242351778806579/481036337152000000,397421171035851681/20684562497536000000
0.006175000220537186,False,0.019213418790711652,0.019213417738851685,0.019213419842571612,False,198710570005272279/10342281248768000000,39742118352507071/2068456249753600000
0.006200000178068876,False,0.01921341815340784,0.019213417103018198,0.01921341920379748,False,28387223347043361/1477468749824000000,198710585156153663/10342281248768000000
0.006225000135600567,False,0.019213418577655097,0.019213417528764945,0.01921341962654524,False,39742113566499227/2068456249753600000,198710589528329899/10342281248768000000
0.0062500000931322575,False,0.019213418746493124,0.01921341769913132,0.019213419793854925,False,39742113918894619/2068456249753600000,1135489092906821/59098749992960000
0.006275000050663948,False,0.019213418976361297,0.019213417930556347,0.019213420022166243,False,198710571987935831/10342281248768000000,198710593619953547/10342281248768000000
0.006300000008195639,False,0.019213418210486683,0.01921341716626676,0.019213419254706602,False,198710564083437951/10342281248768000000,198710585682670087/10342281248768000000
0.006324999965727329,False,0.019213419006547664,0.01921341796394058,0.019213420049154748,False,39742114466640987/2068456249753600000,198710593899076251/10342281248768000000
0.00634999992325902,False,0.01921341858475973,0.019213417543792927,0.019213419625726525,False,198710567987919739/10342281248768000000,198710589519862503/10342281248768000000
0.0063749998807907104,False,0.019213418180965794,0.019213417141666352,0.019213419220265232,False,4621175903000317/240518168576000000,198710585326467759/10342281248768000000
0.006399999838322401,False,0.01921341736769929,0.01921341636493717,0.019213418370461414,False,317936889273379133/16547649998028800000,227097801757208759/11819749998592000000
0.006424999795854092,False,0.019213417816797883,0.019213416815366053,0.01921341881822971,False,45419556675274091/2363949999718400000,1589684649348026353/82738249990144000000
0.0064500002190470695,False,0.019213417774746087,0.019213416774658397,0.01921341877483377,False,63587379210660521/3309529999605760000,227097806536788927/11819749998592000000
0.00647500017657876,False,0.019213417718990797,0.01921341672026083,0.01921341871772076,False,1589684475765753561/82738249990144000000,1589684641032092097/82738249990144000000
0.006500000134110451,False,0.019213418424980554,0.01921341743285832,0.019213419417102785,False,158968453472482271/8273824999014400000,794842349448868419/41369124995072000000
0.006525000091642141,False,0.019213417302940204,0.01921341631172872,0.01921341829415169,False,794842220982260827/41369124995072000000,794842302993364163/41369124995072000000
0.006550000049173832,False,0.019213418013053162,0.01921341702276454,0.019213419003341784,False,18484703497609081/962072674304000000,6358738658655503/330952999960576000
0.0065750000067055225,False,0.019213418766609033,0.01921341777725516,0.019213419755962906,False,158968456321961463/8273824999014400000,158968472693443011/8273824999014400000
0.006599999964237213,False,0.019213418330046562,0.019213417341639102,0.01921341931845402,False,31793690543550087/1654764999802880000,158968469073571047/8273824999014400000
0.006624999921768904,False,0.01921341801256517,0.019213417025115562,0.019213419000014775,False,31793690019778011/1654764999802880000,158968466438860467/8273824999014400000
0.006649999879300594,False,0.019213417641475987,0.019213416656189697,0.019213418626762273,False,6358737881858479869/330952999960576000000,50869908272203073/2647623999684608000
0.006674999836832285,False,0.01921341773137056,0.0192134167468262,0.019213418715914924,False,6358737911854902437/330952999960576000000,29575528202468467/1539316278886400000
0.0066999997943639755,False,0.019213417378650614,0.019213416394858775,0.01921341836244245,False,1271747559074045537/66190599992115200000,908391206649706403/47278999994368000000
0.006725000217556953,False,0.019213418283153153,0.019213417300364036,0.01921341926594227,False,5086990476039927821/264762399968460800000,25434954982255685361/1323811999842304000000
0.006750000175088644,False,0.019213419102762752,0.01921341812068783,0.019213420084837673,False,20347962772923298941/1059049599873843200000,101739824265276983841/5295247999369216000000
0.006775000132620335,False,0.019213419125667996,0.019213418144197986,0.019213420107138002,False,59532325442769830300367/3098476543630901248000000,416726320674253860042321/21689335805416308736000000
0.006800000090152025,False,0.019213418302633428,0.019213417321658873,0.019213419283607983,False,101739809633560002593/5295247999369216000000,101739820022567077489/5295247999369216000000
0.006825000047683716,False,0.01921341749586532,0.019213416515276548,0.019213418476454094,False,25434951340891404121/1323811999842304000000,25434953937121763009/1323811999842304000000
0.006850000005215406,False,0.01921341822931921,0.01921341724882833,0.019213419209810085,False,1271747615598802673/66190599992115200000,6358738726986805837/330952999960576000000
0.006874999962747097,False,0.019213419172610366,0.01921341819246361,0.019213420152757114,False,1271747678058588201/66190599992115200000,1271747807811590953/66190599992115200000
0.006899999920278788,False,0.01921341774972216,0.01921341676992859,0.01921341872951573,False,10173980671201133/529524799936921600,6358738568031947429/330952999960576000000
0.006924999877810478,False,0.019213418127371568,0.019213417146513482,0.01921341910822965,False,794842255516575983/41369124995072000000,158968467334211399/8273824999014400000
0.006949999835342169,False,0.019213417743030693,0.019213416762305636,0.019213418723755746,False,794842239622233563/41369124995072000000,794842320765708039/41369124995072000000
0.006974999792873859,False,0.019213418729385805,0.01921341774880253,0.01921341970996908,False,794842280432746839/41369124995072000000,794842361564490767/41369124995072000000
0.007000000216066837,False,0.019213418443983554,0.019213417463550653,0.019213419424416452,False,158968453726425267/8273824999014400000,158968469950285671/8273824999014400000
0.007025000173598528,False,0.019213419014597527,0.019213418034323443,0.019213419994871608,False,158968458448899451/8273824999014400000,31793694934026359/1654764999802880000
0.0070500001311302185,False,0.019213418014701007,0.019213417034594032,0.019213418994807982,False,18484703508989913/962072674304000000,158968466395780371/8273824999014400000
0.007075000088661909,False,0.01921341758382003,0.01921341659819012,0.019213418569449938,False,1589684465665836377/82738249990144000000,317936925752884741/16547649998028800000
0.0071000000461936,False,0.019213417305547365,0.019213416319628786,0.01921341829146594,False,1589684442618159249/82738249990144000000,1589684605764514209/82738249990144000000
0.00712500000372529,False,0.019213417776336787,0.019213416790138167,0.019213418762535406,False,1589684481547281937/82738249990144000000,1589684644739977161/82738249990144000000
0.007149999961256981,False,0.01921341873853075,0.019213417752060608,0.01921341972500089,False,36969408398489803/1924145348608000000,63587388974907489/3309529999605760000
0.0071749999187886715,False,0.019213419154608738,0.019213418167875487,0.01921342014134199,False,1589684595538856809/82738249990144000000,1589684758820021001/82738249990144000000
0.007199999876320362,False,0.019213419063848915,0.019213418085469197,0.019213420042228636,False,6358738354882818413/330952999960576000000,1271747800495644441/66190599992115200000
0.007224999833852053,False,0.019213417860725848,0.01921341688175574,0.019213418839695958,False,181678227328863959/9455799998873600000,6358738604496425101/330952999960576000000
0.007249999791383743,False,0.019213417899697445,0.019213416920142126,0.019213418879252764,False,908391138459189867/47278999994368000000,147877642269485327/7696581394432000000
0.007275000214576721,False,0.01921341893757735,0.019213417957442008,0.01921341991771269,False,1271747662502367201/66190599992115200000,50869911690154377/2647623999684608000
0.007300000172108412,False,0.0192134180832874,0.019213417102577224,0.01921341906399758,False,1271747605918354233/66190599992115200000,6358738678729719701/330952999960576000000
0.007325000129640102,False,0.019213417453175535,0.01921341647189571,0.01921341843445536,False,1271747564173166441/66190599992115200000,1271747694076166777/66190599992115200000
0.007350000087171793,False,0.01921341849207606,0.019213417510231777,0.019213419473920346,False,6358738164506268509/330952999960576000000,181678251839853967/9455799998873600000
0.007375000044703484,False,0.01921341820179634,0.019213417219392785,0.01921341918419989,False,1271747613650446361/66190599992115200000,181678249100315311/9455799998873600000
0.007400000002235174,False,0.019213418488327142,0.01921341748187023,0.019213419494784046,False,1271747631023986097/66190599992115200000,1271747764259958777/66190599992115200000
0.007424999959766865,False,0.019213418761504408,0.019213417753586228,0.01921341976942258,False,50869905960361233/2647623999684608000,908391273170320083/47278999994368000000
0.007449999917298555,False,0.019213417855749808,0.01921341684637882,0.019213418865120794,False,6358737944802141013/330952999960576000000,6358738612910850773/330952999960576000000
0.007474999874830246,False,0.019213417681425708,0.019213416670610488,0.019213418692240927,False,50869903093048673/2647623999684608000,908391222242248683/47278999994368000000
0.007499999832361937,False,0.019213417486281043,0.019213416476189935,0.019213418496372144,False,25434951289148077333/1323811999842304000000,25434953963489518741/1323811999842304000000
0.007524999789893627,False,0.019213418045207927,0.01921341703350494,0.019213419056910916,False,5086990405385673017/264762399968460800000,726712991586784839/37823199995494400000
0.007550000213086605,False,0.019213417367907108,0.019213416354600457,0.019213418381213758,False,5086990225637293409/264762399968460800000,5086990762208292617/264762399968460800000
0.007575000170618296,False,0.019213418682993567,0.01921341766809166,0.019213419697895476,False,25434952867001878821/1323811999842304000000,25434955554080522733/1323811999842304000000
0.007600000128149986,False,0.01921341864497085,0.01921341762848225,0.01921341966145945,False,5086990562913293841/264762399968460800000,3633565072263724763/189115999977472000000
0.007625000085681677,False,0.019213417339239848,0.0192134163211733,0.01921341835730639,False,5086990216787039313/264762399968460800000,25434953779392601533/1323811999842304000000
0.0076500000432133675,False,0.019213417933942708,0.019213416914827017,0.019213418953058392,False,4069592299171377317/211809919974768640000,101739818272225014573/5295247999369216000000
0.007675000000745058,False,0.01921341889091239,0.019213417870142604,0.01921341991168217,False,14534258933988196811/756463999909888000000,101739823348375653381/5295247999369216000000
0.007699999958276749,False,0.019213418438667425,0.019213417416252654,0.019213419461082192,False,101739810134457539957/5295247999369216000000,813918567698696217/42361983994953728000
0.007724999915808439,False,0.019213417728591944,0.01921341670466,0.019213418752523886,False,81391845093118364057/4236198399495372800000,406959268841380253781/21180991997476864000000
0.00774999987334013,False,0.019213419180801855,0.019213418155196494,0.019213420206407213,False,406959256189393687253/21180991997476864000000,81391859927214271257/4236198399495372800000
0.0077749998308718204,False,0.01921341870105686,0.019213417673805744,0.019213419728307975,False,6511347935888961797413/338895871959629824000000,6511348632151284162821/338895871959629824000000
0.007799999788403511,False,0.019213348737338033,0.019213347708391778,0.019213349766284284,False,876697483375119061673464459156274329231523419262803474685543019067042735870380269974463444103987/45629605869892488332413183420370070807552892018116972014249546065538141114698742218508101222400000,14193561929561639/738734374912000000
0.007825000211596489,False,0.019213349960447393,0.019213348929810126,0.019213350991084652,False,37697994181642146465412280888137782968690165363541722148061816204981618569583179119098048986847633/1962073052405376998293766887075913044724774356779029796612730480818140067932045915395848352563200000,567742513374551/29549374996480000
0.007849999703466892,False,0.019213348812346622,0.01921334778002869,0.019213349844664555,False,188489959628434852539281394791324722428247940667258332424478179526552652357415233709797850335936469/9810365262026884991468834435379565223623871783895148983063652404090700339660229576979241762816000000,14193561987463839/738734374912000000
0.00787500012665987,False,0.019213350158402025,0.019213349124413987,0.019213351192390062,False,37697994563469133747961734697831320149416394724186426935123950465342394208860588648883873264540049/1962073052405376998293766887075913044724774356779029796612730480818140067932045915395848352563200000,14193562983074999/738734374912000000
0.007899999618530273,False,0.019213350080975262,0.019213349045327913,0.019213351116622604,False,37697994408296482958337958402051647763388704419734621971388393876152606608986967793453182932851089/1962073052405376998293766887075913044724774356779029796612730480818140067932045915395848352563200000,567742517084119/29549374996480000
0.007925000041723251,False,0.019213350158968977,0.019213349121673332,0.019213351196264623,False,188489972790458842906490893390972283349017677836913519290872969550626701477611937318574445559807957/9810365262026884991468834435379565223623871783895148983063652404090700339660229576979241762816000000,14193562985937271/738734374912000000
0.00795000046491623,False,0.019213349220350378,0.019213348181417674,0.01921335025928308,False,188489963566207395186012836145536131101913117466154711247254680986365257943899982704465367250501589/9810365262026884991468834435379565223623871783895148983063652404090700339660229576979241762816000000,14193562293756799/738734374912000000
0.007974999956786633,False,0.01921334981152588,0.019213348770967573,0.019213350852084185,False,188489969349907243010689833145752519906142165221045402030325346309612157037086371157672467418316757/9810365262026884991468834435379565223623871783895148983063652404090700339660229576979241762816000000,14193562731679351/738734374912000000
0.00800000037997961,False,0.019213349133400892,0.019213348091228655,0.019213350175573126,False,37697992536284036761333587196800692553840474521023766611131916875629631309869544300889847067416977/1962073052405376998293766887075913044724774356779029796612730480818140067932045915395848352563200000,113548497855339/5909874999296000
0.008024999871850014,False,0.0192133485688704,0.019213347525096125,0.01921334961264467,False,37697991425490657329533979923164764579983628275247936009299302928539207130465989624239353390274961/1962073052405376998293766887075913044724774356779029796612730480818140067932045915395848352563200000,567742472642511/29549374996480000
0.008050000295042992,False,0.01921335004207561,0.01921334890502153,0.01921335117912968,False,188489970665025564129168065860518857577921549947299359600063210280010006370947091766922100648968149/9810365262026884991468834435379565223623871783895148983063652404090700339660229576979241762816000000,3300828598437/171798691840000
0.008074999786913395,False,0.01921334955639511,0.01921334841618582,0.019213350696604393,False,188489965869368678131871087221302550088637365161106975970664005233955906188765884543626043719679957/9810365262026884991468834435379565223623871783895148983063652404090700339660229576979241762816000000,3548390654205271/184683593728000000
0.008100000210106373,False,0.019213349340221886,0.019213348196882443,0.019213350483561323,False,37697992743584486987020687236965772607134246911224631601015835519954407655423089392670190832556433/1962073052405376998293766887075913044724774356779029796612730480818140067932045915395848352563200000,3548390614859711/184683593728000000
0.008124999701976776,False,0.019213350223652066,0.01921334907720796,0.019213351370096162,False,1507919778833898394249133771493531859022812735067724075168919568192162316885546711176607529743417/78482922096215079931750675483036521788990974271161191864509219232725602717281836615833934102528000,3548390778588151/184683593728000000
0.008150000125169754,False,0.01921334914912905,0.019213347999606185,0.019213350298651902,False,188489961782570301549928163540817778318280170700755781436160937957954384383803723044573310481334229/9810365262026884991468834435379565223623871783895148983063652404090700339660229576979241762816000000,141935623228399/7387343749120000
0.008174999617040157,False,0.01921334906518093,0.019213347912605625,0.019213350217756227,False,188489960929063034047158722068728292111472903749988449538777586230533379623800233533547755864063957/9810365262026884991468834435379565223623871783895148983063652404090700339660229576979241762816000000,3548390565769871/184683593728000000
0.008200000040233135,False,0.019213349379755707,0.019213348224154686,0.019213350535356718,False,188489963985473108446330577451337645094603434815362015701566751920015711736688996560739185459199957/9810365262026884991468834435379565223623871783895148983063652404090700339660229576979241762816000000,3548390624425471/184683593728000000
0.008225000463426113,False,0.01921334935498998,0.019213348196390357,0.019213350513589588,False,37697992742618980547584499888718800039442958014623355402006922177892256887782853962923202208962961/1962073052405376998293766887075913044724774356779029796612730480818140067932045915395848352563200000,3548390620405439/184683593728000000
0.008249999955296516,False,0.019213349730434807,0.01921334856886416,0.019213350892005442,False,37697993473439786748370596372429116247301947224817781838883539891216848391064843016723796611144081/1962073052405376998293766887075913044724774356779029796612730480818140067932045915395848352563200000,3548390690292639/184683593728000000
0.008275000378489494,False,0.019213349428086002,0.019213348263572242,0.019213350592599748,False,188489964372173735958049888040683649217480873115562942358494081014636952199329980045654120225308629/9810365262026884991468834435379565223623871783895148983063652404090700339660229576979241762816000000,3548390634997319/184683593728000000
0.008299999870359898,False,0.019213348815040533,0.019213347647611997,0.01921334998246906,False,37697991665875745301372079419132107195731486463763768815464113784382984499862395230396728649292177/1962073052405376998293766887075913044724774356779029796612730480818140067932045915395848352563200000,3548390522316191/184683593728000000
0.008325000293552876,False,0.01921334995531724,0.01921334878500264,0.019213351125631824,False,188489969487596410660220035968615502130484387568694627279637986812500978909184810584842915127754709/9810365262026884991468834435379565223623871783895148983063652404090700339660229576979241762816000000,3548390733439599/184683593728000000
0.008349999785423279,False,0.01921334938004405,0.0192133482068725,0.01921335055321559,False,37697992763185712567563883292375812081060611504417353730983321392584999273999611926596181265324433/1962073052405376998293766887075913044724774356779029796612730480818140067932045915395848352563200000,3548390627723711/184683593728000000
0.008375000208616257,False,0.019213349965789963,0.019213348789790984,0.01921335114178893,False,7539598781382871344044639214494067173338438283015420167147566827163634367735689336063819940332829/392414610481075399658753377415182608944954871355805959322546096163628013586409183079169670512640000,3548390736423551/184683593728000000
0.00839999970048666,False,0.019213349164025728,0.019213347985229164,0.01921335034282228,False,188489961641526469134052027588718220564433874581933787399603570779068891522978837862783907237199829/9810365262026884991468834435379565223623871783895148983063652404090700339660229576979241762816000000,3548390588867519/184683593728000000
0.008425000123679638,False,0.01921335015476365,0.01921334897319976,0.019213351336327532,False,188489971333878875172126328223906312949185580133550962383999800027004129151826294568211303725268949/9810365262026884991468834435379565223623871783895148983063652404090700339660229576979241762816000000,3548390772351639/184683593728000000
0.008449999615550041,False,0.019213349642767375,0.019213348458466784,0.01921335082706796,False,188489966284160358533577322230177439617367475086322938095498992185238393215369228333367206032179157/9810365262026884991468834435379565223623871783895148983063652404090700339660229576979241762816000000,3548390678299751/184683593728000000
0.008475000038743019,False,0.019213348261933837,0.019213347074927535,0.01921334944894013,False,188489952711135001721501911687610891489337931024467164429097670459084250657598745132371820098355157/9810365262026884991468834435379565223623871783895148983063652404090700339660229576979241762816000000,3548390423782151/184683593728000000
0.008500000461935997,False,0.019213348657469417,0.019213347467788768,0.019213349847150056,False,37697991313049435263392806639408760342135747338686490211088941521829597025838685766605014465878417/1962073052405376998293766887075913044724774356779029796612730480818140067932045915395848352563200000,3548390497324991/184683593728000000
0.0085249999538064,False,0.01921334927594573,0.01921334808362244,0.019213350468269007,False,188489962606800456095603990941548581391934419499037055915181580271629871984561446843895945101311957/9810365262026884991468834435379565223623871783895148983063652404090700339660229576979241762816000000,3548390612035471/184683593728000000
0.008550000376999378,False,0.019213348625684808,0.019213347430750937,0.019213349820618668,False,7539598248075700460366581586537558592794733944753632640464509793272414447258076930192192721093917/392414610481075399658753377415182608944954871355805959322546096163628013586409183079169670512640000,3548390492425079/184683593728000000
0.008574999868869781,False,0.01921335005660509,0.01921334885909308,0.01921335125411709,False,37697994042890130246699697202741814904743456116264050880490491579917920837321356626561589950650769/1962073052405376998293766887075913044724774356779029796612730480818140067932045915395848352563200000,3548390757168719/184683593728000000
0.00860000029206276,False,0.019213349307476087,0.019213348107418687,0.019213350507533478,False,188489962840250309081938150799572190169886215925630927436726262367499738952369727048657811036700629/9810365262026884991468834435379565223623871783895148983063652404090700339660229576979241762816000000,141935624771479/7387343749120000
0.008624999783933163,False,0.01921334882451505,0.01921334762194535,0.019213350027084738,False,188489958077579576624216759460367548459357852764431616483150064116141178772728288543592718429847509/9810365262026884991468834435379565223623871783895148983063652404090700339660229576979241762816000000,141935621222239/7387343749120000
0.00865000020712614,False,0.01921334966961015,0.019213348464561616,0.019213350874658672,False,188489966343952914449752688547539030382904328224347922141692709198807379706793702557073541118820309/9810365262026884991468834435379565223623871783895148983063652404090700339660229576979241762816000000,141935627483559/7387343749120000
0.008674999698996544,False,0.019213350011209742,0.01921334880371616,0.01921335121870331,False,188489969671182870563753176952847288648228100694010353835025598125999989969157569389859004598976469/9810365262026884991468834435379565223623871783895148983063652404090700339660229576979241762816000000,28387126005027/1477468749824000
0.008700000122189522,False,0.019213349391822357,0.019213348181917823,0.01921335060172688,False,7539598542844561444942474379397725329569963490266759381988127531534879507443175400760386320565533/392414610481075399658753377415182608944954871355805959322546096163628013586409183079169670512640000,3548390636682951/184683593728000000
0.008724999614059925,False,0.01921335024570689,0.019213349033425836,0.019213351457987932,False,37697994384943734193258481743882083153156900554350857810184346403529617307964798421301296384022929/1962073052405376998293766887075913044724774356779029796612730480818140067932045915395848352563200000,3548390794820319/184683593728000000
0.008750000037252903,False,0.01921334874103504,0.019213347526412232,0.019213349955657842,False,188489957140364770641138642159496300615801156115281281448276513316220907327760760968877760160202709/9810365262026884991468834435379565223623871783895148983063652404090700339660229576979241762816000000,3548390517364599/184683593728000000
0.008775000460445881,False,0.019213349478028174,0.01921334826109865,0.019213350694957686,False,301583942956651019985299509362069105293431818709182907725558848295871899972922331467221213232549/15696584419243015986350135096607304357798194854232238372901843846545120543456367323166786820505600,3548390653901151/184683593728000000
0.008799999952316284,False,0.019213349014832442,0.019213347795631597,0.01921335023403328,False,188489959781505085965908087019684177741569226899507355678182704594112689203836996729890808163991509/9810365262026884991468834435379565223623871783895148983063652404090700339660229576979241762816000000,141935622751039/7387343749120000
0.008825000375509262,False,0.019213349878432793,0.019213348656996296,0.019213351099869276,False,7539598729272296020161508237916157352412249486478671089916933653584744454934690404406918545900829/392414610481075399658753377415182608944954871355805959322546096163628013586409183079169670512640000,3548390728681679/184683593728000000
0.008849999867379665,False,0.01921334929553833,0.01921334807190216,0.019213350519174492,False,188489962491820198038662820853306119378247511851319582933912361462179163842447353641526571021893589/9810365262026884991468834435379565223623871783895148983063652404090700339660229576979241762816000000,3548390621436879/184683593728000000
0.008875000290572643,False,0.019213350104746584,0.019213348878947014,0.01921335133054614,False,188489970409225001995762482771399508396042227324955434519155061095337842033403696057079747628236757/9810365262026884991468834435379565223623871783895148983063652404090700339660229576979241762816000000,3548390771283911/184683593728000000
0.008899999782443047,False,0.019213349302336227,0.01921334807440984,0.019213350530262602,False,37697992503284297819475550242612411280246016940082972963263546437270337177772997952203458430474641/1962073052405376998293766887075913044724774356779029796612730480818140067932045915395848352563200000,3548390623484671/184683593728000000
0.008925000205636024,False,0.019213350278139113,0.019213349048122753,0.019213351508155462,False,37697994413780164853831265586309379599383921089858251752150822042751168645888854564057197366057361/1962073052405376998293766887075913044724774356779029796612730480818140067932045915395848352563200000,3548390804085439/184683593728000000
0.008949999697506428,False,0.019213349175778847,0.019213347943709633,0.019213350407848048,False,188489961234204714873371013181729459466547724262552875022206382563159857926648407094210247576780757/9810365262026884991468834435379565223623871783895148983063652404090700339660229576979241762816000000,3548390600876711/184683593728000000
0.008975000120699406,False,0.019213350162741404,0.019213348928656768,0.01921335139682603,False,188489970896895845180914061821784545126072060797895456635817341807022032492224229765535394087043029/9810365262026884991468834435379565223623871783895148983063652404090700339660229576979241762816000000,3548390783524719/184683593728000000
0.008999999612569809,False,0.019213350394695218,0.01921334915863284,0.01921335163075758,False,37697994630609028465505143945813802168030395630946350960475161429670841589073504430674600693176721/1962073052405376998293766887075913044724774356779029796612730480818140067932045915395848352563200000,3548390826728039/184683593728000000
0.009025000035762787,False,0.019213350071573303,0.019213348833571113,0.019213351309575483,False,188489969964070863810237271680856618860090634528098635305064422531530465901888582467795080395620309/9810365262026884991468834435379565223623871783895148983063652404090700339660229576979241762816000000,141935630696439/7387343749120000
0.009050000458955765,False,0.019213348977271186,0.01921334773736741,0.019213350217174952,False,188489959209912100096259771132214245067270553123966177043528683772190945907914080374989495176527829/9810365262026884991468834435379565223623871783895148983063652404090700339660229576979241762816000000,3548390565662519/184683593728000000
0.009074999950826168,False,0.01921335012327022,0.0192133488815033,0.01921335136503713,False,37697994086860619370142613101999848170156159519139952426024058262651521157627324899414104423897489/1962073052405376998293766887075913044724774356779029796612730480818140067932045915395848352563200000,3548390777653831/184683593728000000
0.009100000374019146,False,0.01921335037231443,0.019213349128723092,0.01921335161590576,False,1507919782876956609388168292277729486230084989585568158518744188077418656379032573242122391041081/78482922096215079931750675483036521788990974271161191864509219232725602717281836615833934102528000,3548390823985151/184683593728000000
0.00912499986588955,False,0.01921334842792699,0.01921334718255018,0.019213349673303796,False,188489953766952414744687599145587803004592339262633070297508035723269390959189770312256914343329749/9810365262026884991468834435379565223623871783895148983063652404090700339660229576979241762816000000,3548390465218439/184683593728000000
0.009150000289082527,False,0.01921335020065169,0.019213348953528626,0.019213351447774744,False,188489971140897850630998207614808407349597094280610054080597203126811470635769607662219563945164757/9810365262026884991468834435379565223623871783895148983063652404090700339660229576979241762816000000,3548390792934111/184683593728000000
0.00917499978095293,False,0.019213348870169955,0.019213347621340037,0.019213350118999866,False,37697991614328240414219999602953510161861176975324154845489999175166924590196656837654774405503377/1962073052405376998293766887075913044724774356779029796612730480818140067932045915395848352563200000,3548390547531191/184683593728000000
0.009200000204145908,False,0.0192133503952967,0.019213349144799625,0.019213351645793762,False,188489973017336242940118728129915092881550594363344805397137937370986426676512494183310578734333909/9810365262026884991468834435379565223623871783895148983063652404090700339660229576979241762816000000,141935633180199/7387343749120000
0.009224999696016312,False,0.019213348679464375,0.01921334742734,0.01921334993158874,False,188489956168429979132173474362817767241648647216959525633725921198887853304561492601386188983500757/9810365262026884991468834435379565223623871783895148983063652404090700339660229576979241762816000000,3548390512919431/184683593728000000
0.00925000011920929,False,0.019213349815498756,0.019213348561787188,0.01921335106921031,False,37697993459554257299172787567864931102357904664762016080689770766269323596767002934425005556603281/1962073052405376998293766887075913044724774356779029796612730480818140067932045915395848352563200000,3548390723019471/184683593728000000
0.009274999611079693,False,0.019213348861712682,0.019213347606454254,0.0192133501169711,False,37697991585121245662455157940248326356907570208374721798974327922266590035114904702495979902441873/1962073052405376998293766887075913044724774356779029796612730480818140067932045915395848352563200000,3548390547156511/184683593728000000
0.00930000003427267,False,0.019213349481789786,0.019213348225025018,0.01921335073855454,False,188489963994011381061274184934162545107831153349918724060055786633357583754042698257251727459745749/9810365262026884991468834435379565223623871783895148983063652404090700339660229576979241762816000000,141935626478111/7387343749120000
0.009325000457465649,False,0.019213349272364254,0.019213348014133866,0.019213350530594628,False,188489961925092140742370786991686249184111635297737651625954661036352271773613088342850401415987157/9810365262026884991468834435379565223623871783895148983063652404090700339660229576979241762816000000,3548390623545991/184683593728000000
0.009349999949336052,False,0.019213349904413746,0.019213348644758675,0.019213351164068807,False,188489968111751859257753936607850911331858298135680183824416687651537504191672475121946069703851989/9810365262026884991468834435379565223623871783895148983063652404090700339660229576979241762816000000,3548390740538279/184683593728000000
0.00937500037252903,False,0.01921334956351648,0.019213348302477833,0.01921335082455512,False,188489964753851775174128222279267783279819867987537423858693264515141749034004439523447726407679957/9810365262026884991468834435379565223623871783895148983063652404090700339660229576979241762816000000,3548390677835671/184683593728000000
0.009399999864399433,False,0.01921334858173459,0.019213347319353667,0.019213349844115504,False,188489955109044611854803707249963399001774493566881509304541420186483603035933752338686078680563669/9810365262026884991468834435379565223623871783895148983063652404090700339660229576979241762816000000,3548390496764559/184683593728000000
0.009425000287592411,False,0.019213348824016208,0.01921334756033451,0.019213350087697898,False,37697991494630939453343231114384729705668412482415587758147304090676659440685286667771503441451409/1962073052405376998293766887075913044724774356779029796612730480818140067932045915395848352563200000,3548390541750231/184683593728000000
0.009449999779462814,False,0.019213350528328833,0.019213349263388003,0.019213351793269648,False,7539598967229262253265123648539850220563786246414591628490020197478894451612837232362693522588957/392414610481075399658753377415182608944954871355805959322546096163628013586409183079169670512640000,3548390856741351/184683593728000000
0.009475000202655792,False,0.019213350334032243,0.019213349067874114,0.019213351600190363,False,188489972262668872545247397030501050601509969399285672134827705137495642247996433324821486703214549/9810365262026884991468834435379565223623871783895148983063652404090700339660229576979241762816000000,141935632843311/7387343749120000
0.009499999694526196,False,0.01921334956989697,0.019213348302563514,0.01921335083723042,False,37697992950938468744086628485328249590725713864891052053573127426848678523208668334270491011946897/1962073052405376998293766887075913044724774356779029796612730480818140067932045915395848352563200000,3548390680176591/184683593728000000
0.009525000117719173,False,0.01921334849542637,0.019213347226959752,0.019213349763892978,False,188489954202626571569762780586177583367983512734938254437879114940808079007730248352775814755909589/9810365262026884991468834435379565223623871783895148983063652404090700339660229576979241762816000000,141935619277951/7387343749120000
0.009549999609589577,False,0.019213348880001258,0.019213347610443778,0.019213350149558724,False,37697991592948987130067205015384433177714586702826969856080042605710611663606602156694716894779793/1962073052405376998293766887075913044724774356779029796612730480818140067932045915395848352563200000,3548390553174911/184683593728000000
0.009575000032782555,False,0.019213350143364696,0.019213348872758787,0.019213351413970594,False,188489970348516234863291156980965526408699732082585225347493378780058469514236111099863506083643349/9810365262026884991468834435379565223623871783895148983063652404090700339660229576979241762816000000,3548390786691039/184683593728000000
0.009600000455975533,False,0.019213348714939384,0.019213347443327644,0.01921334998655111,False,188489956325274630399773341821307700881013210832889200846141305932595040638273364468409980873080789/9810365262026884991468834435379565223623871783895148983063652404090700339660229576979241762816000000,3548390523070079/184683593728000000
0.009624999947845936,False,0.019213348210425918,0.019213346937851063,0.019213349483000762,False,37697990273272942825329374390181176957446075887496100488800694181420867387150814973453890104170897/1962073052405376998293766887075913044724774356779029796612730480818140067932045915395848352563200000,3548390430072591/184683593728000000
0.009650000371038914,False,0.019213349244133482,0.01921334797063837,0.019213350517628583,False,188489961498385464940615335050527637448987001568425482605075698607632028046703001164356568756518869/9810365262026884991468834435379565223623871783895148983063652404090700339660229576979241762816000000,28387124969211/1477468749824000
0.009674999862909317,False,0.019213348784013456,0.01921334750964106,0.019213350058385842,False,188489956975833464234224621199645786076612634065494262975441575531800611241814479571368259545464789/9810365262026884991468834435379565223623871783895148983063652404090700339660229576979241762816000000,141935621453471/7387343749120000
0.009700000286102295,False,0.019213349687553054,0.019213348412346475,0.019213350962759623,False,188489965831703303023355421183814029141374157074636503546915318505525180401680943150683771415560149/9810365262026884991468834435379565223623871783895148983063652404090700339660229576979241762816000000,141935628134391/7387343749120000
0.009724999777972698,False,0.019213349879346593,0.01921334860334904,0.019213351155344133,False,188489967705508225523855319781188985359074612574519974667479716490563187363609331890902388097155029/9810365262026884991468834435379565223623871783895148983063652404090700339660229576979241762816000000,141935629557079/7387343749120000
0.009750000201165676,False,0.019213349967833783,0.01921334869108855,0.019213351244579003,False,37697993713252973107995895910316354967423356300050522112170945747667105145248512889193148307839377/1962073052405376998293766887075913044724774356779029796612730480818140067932045915395848352563200000,3548390755407191/184683593728000000
0.00977499969303608,False,0.019213349454535907,0.019213348177086424,0.019213350731985383,False,37697992704743250823082516625269781107581515771543009862717120966925983288205871840348553422150033/1962073052405376998293766887075913044724774356779029796612730480818140067932045915395848352563200000,3548390660739559/184683593728000000
0.009800000116229057,False,0.019213349870362578,0.019213348592252353,0.019213351148472793,False,188489967596645674642144498753405773822713318903682771123240566550974592976314265645679866229555157/9810365262026884991468834435379565223623871783895148983063652404090700339660229576979241762816000000,3548390737657951/184683593728000000
0.00982499960809946,False,0.019213349686111127,0.01921334840738374,0.01921335096483851,False,188489965783017045872437430018932468330331949760851991974796403514312844575871589066254525975756757/9810365262026884991468834435379565223623871783895148983063652404090700339660229576979241762816000000,3548390703743711/184683593728000000
0.009850000031292439,False,0.019213348815608315,0.01921334753630747,0.01921335009490915,False,37697991447488132737298581696348681379597490939958468419655313949098888574413492037937796153448849/1962073052405376998293766887075913044724774356779029796612730480818140067932045915395848352563200000,3548390543082031/184683593728000000
0.009875000454485416,False,0.019213349132531584,0.01921334785270101,0.019213350412362145,False,188489960341376857657506702449694604534679022881889907498988200855841544087324625398488670352179157/9810365262026884991468834435379565223623871783895148983063652404090700339660229576979241762816000000,3548390601710391/184683593728000000
0.00989999994635582,False,0.019213348876331412,0.019213347596014948,0.019213350156647865,False,188489957823192852485531332756643303913353934261362535554575829847420060035510184768067368556429269/9810365262026884991468834435379565223623871783895148983063652404090700339660229576979241762816000000,3548390554484159/184683593728000000
0.009925000369548798,False,0.019213350188120853,0.019213348907362402,0.019213351468879293,False,188489970687990338771391465640125546643959072822445911446208314595607993819573114048404171608031189/9810365262026884991468834435379565223623871783895148983063652404090700339660229576979241762816000000,141935631873271/7387343749120000
0.009949999861419201,False,0.019213349561583663,0.019213348280427145,0.01921335084274017,False,188489964537526487764360982127365764977332802488030536048179471919746569338906796252010860720947157/9810365262026884991468834435379565223623871783895148983063652404090700339660229576979241762816000000,3548390681194151/184683593728000000
0.009975000284612179,False,0.01921334939668672,0.01921334811517617,0.01921335067819726,False,188489962916354059392866676882674779203774627918518052480525226215739294508202280717777290638917589/9810365262026884991468834435379565223623871783895148983063652404090700339660229576979241762816000000,141935626032231/7387343749120000
0.009999999776482582,False,0.01921334894616536,0.01921334766434483,0.019213350227985877,False,37697991698706788871584018663637547187864367751054611820231551314178575105312073309605839605701009/1962073052405376998293766887075913044724774356779029796612730480818140067932045915395848352563200000,3548390567659119/184683593728000000
0.01002500019967556,False,0.019213348835127906,0.019213347553041472,0.019213350117214326,False,188489957401607355425697312916595724930539037544788913837506909093519789416360870989169028811980757/9810365262026884991468834435379565223623871783895148983063652404090700339660229576979241762816000000,3548390547201431/184683593728000000
0.010049999691545963,False,0.019213348560012684,0.019213347277704487,0.019213349842320867,False,188489954700450955845340778787823586453580232478342313624488563998394984383464578330133221418729429/9810365262026884991468834435379565223623871783895148983063652404090700339660229576979241762816000000,3548390496433119/184683593728000000
0.010075000114738941,False,0.019213349582812792,0.019213348300326998,0.019213350865298576,False,188489964732751294876009819813375649079302452678143424250687289966985071188211917607414616316444629/9810365262026884991468834435379565223623871783895148983063652404090700339660229576979241762816000000,3548390685360319/184683593728000000
0.010099999606609344,False,0.019213349012143367,0.019213347729524155,0.01921335029476257,False,188489959132966931321385976145269664094989204504639559537565261993809199102113363787340509643538389/9810365262026884991468834435379565223623871783895148983063652404090700339660229576979241762816000000,3548390579991679/184683593728000000
0.010125000029802322,False,0.019213349139101284,0.019213347856392858,0.0192133504218097,False,37697992075519049596665722119903091505456330111548189940742329107547973044968620960549525127797137/1962073052405376998293766887075913044724774356779029796612730480818140067932045915395848352563200000,3548390603455199/184683593728000000
0.0101500004529953,False,0.019213349148828537,0.019213347866075106,0.019213350431581958,False,188489960472581618509885459143888283829125489853260604072669964773826959165062199442543906517942229/9810365262026884991468834435379565223623871783895148983063652404090700339660229576979241762816000000,141935624210399/7387343749120000
0.010174999944865704,False,0.01921335025063703,0.019213348967882817,0.01921335153339123,False,37697994256343545949728489247490206177099478322095135630748018169302530599446855956876030849423761/1962073052405376998293766887075913044724774356779029796612730480818140067932045915395848352563200000,3548390808746071/184683593728000000
0.010200000368058681,False,0.01921334988865826,0.019213348605947474,0.019213351171369034,False,37697993546199961062167114508345446406808730239509994411818890105941878313185525047969461736937873/1962073052405376998293766887075913044724774356779029796612730480818140067932045915395848352563200000,3548390741886511/184683593728000000
0.010224999859929085,False,0.019213350096348326,0.019213348813725193,0.019213351378971448,False,188489969769375130429705534896504956961807452065216640090129710607032887338548290826315180802047957/9810365262026884991468834435379565223623871783895148983063652404090700339660229576979241762816000000,3548390780227271/184683593728000000
0.010250000283122063,False,0.01921334914215351,0.019213347859662232,0.019213350424644775,False,37697992081933802987197961566112620954972177776247249898506214186081496741064287251056036251539857/1962073052405376998293766887075913044724774356779029796612730480818140067932045915395848352563200000,82520711720437/4294967296000000
0.010274999774992466,False,0.019213348568756828,0.01921334728644159,0.01921334985107205,False,4383487320608491857546810898576702785435097226450122276192841452037844070916588275323762328469503/228148029349462441662065917101850354037764460090584860071247730327690705573493711092540506112000000,3548390498049319/184683593728000000
0.010300000198185444,False,0.019213349379264662,0.01921334809716963,0.019213350661359683,False,301583940383525363829439300895775576521092791895482474187279673037807244135939264954009894632869/15696584419243015986350135096607304357798194854232238372901843846545120543456367323166786820505600,3548390647696151/184683593728000000
0.010324999690055847,False,0.019213349474428848,0.01921334819259814,0.019213350756259545,False,37697992735178376565151311384996862236755115897285439482796066673417698001069437528310515672652177/1962073052405376998293766887075913044724774356779029796612730480818140067932045915395848352563200000,3548390665222599/184683593728000000
0.010350000113248825,False,0.01921334943839899,0.01921334815687672,0.019213350719921245,False,37697992665090343312611283586130251930084083138679857516976934370174536048544618341364614836099473/1962073052405376998293766887075913044724774356779029796612730480818140067932045915395848352563200000,3548390658511511/184683593728000000
0.010374999605119228,False,0.019213348603491172,0.01921334732232138,0.019213349884660957,False,37697991027631793116754106891519822193409290755194086514983958507192848357345216095148829960673681/1962073052405376998293766887075913044724774356779029796612730480818140067932045915395848352563200000,3548390504252639/184683593728000000
0.010400000028312206,False,0.01921334964543503,0.01921334836466172,0.01921335092620833,False,7539598614555937390548627033151410992130399235235402562690203922224087204856066481030889508406557/392414610481075399658753377415182608944954871355805959322546096163628013586409183079169670512640000,3548390696609351/184683593728000000
0.010425000451505184,False,0.01921335023836679,0.019213348958033928,0.01921335151869964,False,188489971185096542640874764625866011155876972920050605854505675823932119795082092847824777754181589/9810365262026884991468834435379565223623871783895148983063652404090700339660229576979241762816000000,141935632241311/7387343749120000
0.010449999943375587,False,0.019213350037599372,0.019213348757750843,0.01921335131744789,False,188489969220246317712115201228679154513431715636566598089282545897826555080916802854902121608773589/9810365262026884991468834435379565223623871783895148983063652404090700339660229576979241762816000000,3548390768864879/184683593728000000
0.010475000366568565,False,0.019213349482414942,0.01921334820309458,0.01921335076173529,False,7539598551154631173452440750423054801930506788258817512102256230489702685790360184520228985341213/392414610481075399658753377415182608944954871355805959322546096163628013586409183079169670512640000,3548390666233879/184683593728000000
0.010499999858438969,False,0.019213349745037748,0.019213348466289328,0.019213351023786157,False,188489966360902396992407764421144004354016589509973758936354024624929247386076620741694421951578069/9810365262026884991468834435379565223623871783895148983063652404090700339660229576979241762816000000,28387125717043/1477468749824000
0.010525000281631947,False,0.019213350182277864,0.01921334890414505,0.01921335146041067,False,37697994131285389472351939333685704355842625171341014295827223696557849986123175071210074371889553/1962073052405376998293766887075913044724774356779029796612730480818140067932045915395848352563200000,3548390795267759/184683593728000000
0.01054999977350235,False,0.019213349034385627,0.019213347756912014,0.019213350311859227,False,301583935042642911877853652670444929186533437808845471923185094236261976661256658853590431022501/15696584419243015986350135096607304357798194854232238372901843846545120543456367323166786820505600,3548390583149151/184683593728000000
0.010575000196695328,False,0.01921334910617403,0.01921334782940313,0.019213350382944912,False,37697992022563231179455752835374817055508145885724496162882854104144427376517785642551620048361873/1962073052405376998293766887075913044724774356779029796612730480818140067932045915395848352563200000,3548390596277511/184683593728000000
0.010599999688565731,False,0.019213348885052058,0.019213347609027303,0.019213350161076802,False,37697991590169756446126771363300277987265189967011676571961075503119737534923882213673015487076753/1962073052405376998293766887075913044724774356779029796612730480818140067932045915395848352563200000,3548390555302111/184683593728000000
0.010625000111758709,False,0.019213348887652852,0.019213347612417532,0.019213350162888162,False,876697478995852019960844508470439866413550776936111053825971217720140943797286128104474124956467/45629605869892488332413183420370070807552892018116972014249546065538141114698742218508101222400000,3548390555636639/184683593728000000
0.010649999603629112,False,0.019213349165195102,0.01921334789079245,0.01921335043959774,False,37697992143013559169681519555058753933333376894820326201213134770559926311354198585987559956519313/1962073052405376998293766887075913044724774356779029796612730480818140067932045915395848352563200000,3548390606740359/184683593728000000
0.01067500002682209,False,0.019213348619159895,0.01921334734563299,0.01921334989268679,False,188489955366854379289993750630681201660786040618420343658739244671010454358249609805501918590533589/9810365262026884991468834435379565223623871783895148983063652404090700339660229576979241762816000000,3548390505734879/184683593728000000
0.010700000450015068,False,0.019213349505707883,0.019213348233099715,0.019213350778316037,False,188489964073227104812339682826777713416897077926349487134375116856562425432863563568993213087743957/9810365262026884991468834435379565223623871783895148983063652404090700339660229576979241762816000000,3548390669296071/184683593728000000
0.010724999941885471,False,0.01921334851108457,0.019213347239438003,0.01921334978273112,False,37697990865008551812423044203513016645828993681524907009380544008802066772589364750264320067738001/1962073052405376998293766887075913044724774356779029796612730480818140067932045915395848352563200000,3548390485427871/184683593728000000
0.01075000036507845,False,0.01921334885317148,0.019213347582529225,0.01921335012381372,False,37697991538178594550712640670550448840424059348267602940118428530737794966184021554797321752517009/1962073052405376998293766887075913044724774356779029796612730480818140067932045915395848352563200000,3548390548420231/184683593728000000
0.010774999856948853,False,0.019213348841176627,0.01921334757158129,0.019213350110771955,False,188489957583489730460331197181430345956890995179184254143763471770720726278165784691506674453708757/9810365262026884991468834435379565223623871783895148983063652404090700339660229576979241762816000000,3548390546011631/184683593728000000
0.01080000028014183,False,0.019213348877906454,0.01921334760940048,0.019213350146412414,False,37697991590901960493287225060936516426583891889918366224642570964551553455982036106918641102592401/1962073052405376998293766887075913044724774356779029796612730480818140067932045915395848352563200000,3548390552593839/184683593728000000
0.010824999772012234,False,0.019213349554157513,0.019213348286783227,0.019213350821531788,False,37697992919976394065001604715114264419326234235721869578401288875217409694203424858946615956314513/1962073052405376998293766887075913044724774356779029796612730480818140067932045915395848352563200000,3548390677277311/184683593728000000
0.010850000195205212,False,0.019213349142701626,0.01921334787650115,0.019213350408902086,False,188489960574864956937656556348801940218921407336958301405176721948536056111949640281365513829875669/9810365262026884991468834435379565223623871783895148983063652404090700339660229576979241762816000000,28387124808571/1477468749824000
0.010874999687075615,False,0.019213349905524986,0.019213348640540345,0.019213351170509617,False,188489968070368519431532635398789871460857816036725307586790807776231005048036292630915591648051157/9810365262026884991468834435379565223623871783895148983063652404090700339660229576979241762816000000,3548390741727791/184683593728000000
0.010900000110268593,False,0.019213349275548703,0.019213348011821715,0.01921335053927568,False,37697992380481822759584599996279269665549622179804016269337167466139167248707402304696399670385041/1962073052405376998293766887075913044724774356779029796612730480818140067932045915395848352563200000,82520712212773/4294967296000000
0.010924999602138996,False,0.019213348722379914,0.01921334745995223,0.019213349984807587,False,7539598259534715046368690673456403349747024920481367106254715897456347303516416878751853035881757/392414610481075399658753377415182608944954871355805959322546096163628013586409183079169670512640000,3548390522748079/184683593728000000
0.010950000025331974,False,0.01921335054654262,0.019213349285455757,0.01921335180762947,False,188489974397224277516544036389698144939676073695637920962205103807355431567482945893585327658893269/9810365262026884991468834435379565223623871783895148983063652404090700339660229576979241762816000000,28387126875147/1477468749824000
0.010975000448524952,False,0.01921334975936212,0.019213348499657362,0.019213351019066866,False,37697993337650995102770821665233635417782446218395163452389650876037586336859302607932307680106897/1962073052405376998293766887075913044724774356779029796612730480818140067932045915395848352563200000,3548390713758799/184683593728000000
0.010999999940395355,False,0.019213349178776838,0.019213347920495314,0.019213350437058352,False,4383487465266599039006033733088453183741962036114481661592993830852294800922900538978543320694783/228148029349462441662065917101850354037764460090584860071247730327690705573493711092540506112000000,28387124850171/1477468749824000
0.011025000363588333,False,0.01921335002006755,0.019213348763250194,0.019213351276884894,False,188489969274196964727353389959618592159227306247488701894377877474191146060567370189201831427571669/9810365262026884991468834435379565223623871783895148983063652404090700339660229576979241762816000000,3548390761373559/184683593728000000
0.011049999855458736,False,0.01921334932355927,0.019213348068246826,0.019213350578871705,False,188489962455960047998247913554969508407900058708846567065352875383871684737112289055611238714703829/9810365262026884991468834435379565223623871783895148983063652404090700339660229576979241762816000000,141935625298479/7387343749120000
0.011075000278651714,False,0.01921334889852981,0.019213347644762797,0.019213350152296815,False,37697991660285412021978133747394024392923869635071080260022980415180698695149676445924177881962897/1962073052405376998293766887075913044724774356779029796612730480818140067932045915395848352563200000,3548390553680591/184683593728000000
0.011099999770522118,False,0.019213348911016292,0.01921334765883504,0.019213350163197532,False,188489958439480882267019879432790762911125895756991400910516145014142290561433876353443826124193749/9810365262026884991468834435379565223623871783895148983063652404090700339660229576979241762816000000,141935622227751/7387343749120000
0.011125000193715096,False,0.01921334859546393,0.019213347344908552,0.0192133498460193,False,37697991071949473596279489808171243041482109927666485707784374749990171026754209168222862790203793/1962073052405376998293766887075913044724774356779029796612730480818140067932045915395848352563200000,3548390497116159/184683593728000000
0.011149999685585499,False,0.019213348776404744,0.019213347527515134,0.019213350025294347,False,37697991430236929432319697276416528481081701874144732812803713103582598780243000281520981375818129/1962073052405376998293766887075913044724774356779029796612730480818140067932045915395848352563200000,3548390530225319/184683593728000000
0.011175000108778477,False,0.019213349382089927,0.01921334813490574,0.019213350629274102,False,37697992621981670676482006745958864953085963310763193705417873082556271008509071482036260982856081/1962073052405376998293766887075913044724774356779029796612730480818140067932045915395848352563200000,3548390641770471/184683593728000000
0.01119999960064888,False,0.019213349313137295,0.019213348067697995,0.019213350558576585,False,188489962450575819746638541326849287266769499589155471360492429942002208405245307147647178036477909/9810365262026884991468834435379565223623871783895148983063652404090700339660229576979241762816000000,3548390628713799/184683593728000000
0.011225000023841858,False,0.019213349237785005,0.01921334799412979,0.019213350481440204,False,188489961728844882709382395274038065787306931813072531673968213807334925405407259925839579522793429/9810365262026884991468834435379565223623871783895148983063652404090700339660229576979241762816000000,141935624578719/7387343749120000
0.011250000447034836,False,0.019213349567920122,0.019213348326087943,0.01921335080975229,False,188489964985475580110173078864660564098542144876853265526742655840394951455795954040875609017548757/9810365262026884991468834435379565223623871783895148983063652404090700339660229576979241762816000000,3548390675101831/184683593728000000
0.011274999938905239,False,0.01921335027888398,0.01921334903891358,0.019213351518854366,False,188489971978555429017723864083567199957292564586774481755077631914579290016953616177086036390707157/9810365262026884991468834435379565223623871783895148983063652404090700339660229576979241762816000000,3548390806061351/184683593728000000
0.011300000362098217,False,0.019213348787587202,0.019213347549517045,0.019213350025657345,False,188489957367031430939849376642203810746971106869538194039988327997479836552138830817292164647616469/9810365262026884991468834435379565223623871783895148983063652404090700339660229576979241762816000000,3548390530292359/184683593728000000
0.01132499985396862,False,0.019213348583627558,0.01921334734749585,0.01921334981975925,False,188489955385129733351592886595188708383305353557829623121053645320386684007179330164775354223296469/9810365262026884991468834435379565223623871783895148983063652404090700339660229576979241762816000000,3548390492266359/184683593728000000
0.011350000277161598,False,0.019213349682747537,0.019213348448592252,0.019213350916902815,False,188489966187287595804266408703908349570813410697487674110607325094655750306155853291877755038728149/9810365262026884991468834435379565223623871783895148983063652404090700339660229576979241762816000000,141935627795631/7387343749120000
0.011374999769032001,False,0.019213348295445274,0.01921334706330407,0.019213349527586465,False,188489952597104526627650476952947647648533959417200330666483786737445561426433563103191054986248149/9810365262026884991468834435379565223623871783895148983063652404090700339660229576979241762816000000,3548390438306839/184683593728000000
0.01140000019222498,False,0.019213350303405572,0.019213349073315896,0.019213351533495234,False,7539598892642189971538953483524164837243248404922693149067293901096652315546128743158267792557341/392414610481075399658753377415182608944954871355805959322546096163628013586409183079169670512640000,3548390808765279/184683593728000000
0.011424999684095383,False,0.019213349082440052,0.01921334785443903,0.019213350310441062,False,37697992071685496079872656068610864598263056724118562919941533659157716850037915057491609470474641/1962073052405376998293766887075913044724774356779029796612730480818140067932045915395848352563200000,3548390582887239/184683593728000000
0.01145000010728836,False,0.019213349589341948,0.019213348363466467,0.019213350815217422,False,188489965352172546038644057210748868966857808995357328961950104284686279535355440101032511877939157/9810365262026884991468834435379565223623871783895148983063652404090700339660229576979241762816000000,3548390676111151/184683593728000000
0.011474999599158764,False,0.01921334870707772,0.019213347483364337,0.019213349930791095,False,188489956718049194328245040512983801355128145699605110211006310378490189957376445223295737997033429/9810365262026884991468834435379565223623871783895148983063652404090700339660229576979241762816000000,3548390512772119/184683593728000000
0.011500000022351742,False,0.019213348627325755,0.019213347405810766,0.01921334984884073,False,37697991191444069199933079878996270894334757869660084156514723151309817375136885544096752780024209/1962073052405376998293766887075913044724774356779029796612730480818140067932045915395848352563200000,3548390497637231/184683593728000000
0.01152500044554472,False,0.019213349792392427,0.019213348573111813,0.01921335101167303,False,188489967408869970689332337135803100169273863726124359369864457118616126693015168431136569957547989/9810365262026884991468834435379565223623871783895148983063652404090700339660229576979241762816000000,3548390712393279/184683593728000000
0.011549999937415123,False,0.019213349790661055,0.019213348573650507,0.019213351007671593,False,7539598696566190343080836194284225254161955758871267874986036846749661035086345607040067561030941/392414610481075399658753377415182608944954871355805959322546096163628013586409183079169670512640000,3548390711654279/184683593728000000
0.011575000360608101,False,0.019213349384437098,0.019213348169732008,0.01921335059914218,False,37697992690313349125241329302613882996434770272866542163092710120507677185216508172879915348760977/1962073052405376998293766887075913044724774356779029796612730480818140067932045915395848352563200000,3548390636205599/184683593728000000
0.011599999852478504,False,0.01921334924528072,0.01921334803291617,0.01921335045764526,False,37697992421870687050468168122385736756347633660649656851411601863209226233883779804787930037852561/1962073052405376998293766887075913044724774356779029796612730480818140067932045915395848352563200000,82520711862173/4294967296000000
0.011625000275671482,False,0.019213348938613935,0.01921334772862467,0.01921335014860319,False,188489959124142661420465012110785339549166311046045589347239520115323036826563412775590413354401749/9810365262026884991468834435379565223623871783895148983063652404090700339660229576979241762816000000,3548390552998439/184683593728000000
0.011649999767541885,False,0.019213349520749455,0.019213348313169936,0.019213350728328967,False,188489964858745210675410350599028669207802359592240859929894011895372734191651706950960356662443989/9810365262026884991468834435379565223623871783895148983063652404090700339660229576979241762816000000,3548390660064279/184683593728000000
0.011675000190734863,False,0.01921334855175261,0.019213347346616942,0.019213349756888265,False,188489955376507318890254752221979609176238341360628965516348164814030592864828812176409861629673429/9810365262026884991468834435379565223623871783895148983063652404090700339660229576979241762816000000,3548390480655119/184683593728000000
0.011699999682605267,False,0.019213349799959097,0.019213348597301075,0.019213351002617108,False,188489967646175475051108630713300644733609051067710915290004152749930489221914934575200560796925909/9810365262026884991468834435379565223623871783895148983063652404090700339660229576979241762816000000,3548390710720799/184683593728000000
0.011725000105798244,False,0.01921334938333909,0.019213348183192175,0.019213350583485996,False,188489963583615899654271892758744931641058078475468696036782071039307909091540690524171039315853269/9810365262026884991468834435379565223623871783895148983063652404090700339660229576979241762816000000,3548390633314159/184683593728000000
0.011749999597668648,False,0.01921334864316846,0.019213347445565764,0.019213349840771145,False,188489956347231402720543116429241054150147680335351673843673231354103493922796112788906199272652757/9810365262026884991468834435379565223623871783895148983063652404090700339660229576979241762816000000,3548390496146911/184683593728000000
0.011775000020861626,False,0.019213348940445848,0.01921334774542014,0.01921335013547154,False,37697991857782473945099371852011550360846566361331426136870877529323390753333468066669988129905041/1962073052405376998293766887075913044724774356779029796612730480818140067932045915395848352563200000,3548390550573239/184683593728000000
0.011800000444054604,False,0.019213348329221006,0.01921334713680474,0.019213349521637266,False,37697990663634590572850953467708373276917023802230475409135500583201187455082567924596952947857809/1962073052405376998293766887075913044724774356779029796612730480818140067932045915395848352563200000,3548390437208119/184683593728000000
0.011824999935925007,False,0.019213349660751063,0.019213348470976308,0.019213350850525807,False,37697993281376673258819132749340656398687574055265410766933078914815671238609788385491517846428049/1962073052405376998293766887075913044724774356779029796612730480818140067932045915395848352563200000,3548390682632031/184683593728000000
0.011850000359117985,False,0.01921334869577335,0.019213347508671836,0.019213349882874854,False,188489956966325010632822908207997013540480332541967170126487158265673576283209608206672453888376789/9810365262026884991468834435379565223623871783895148983063652404090700339660229576979241762816000000,141935620156911/7387343749120000
0.011874999850988388,False,0.019213348424201592,0.019213347239804685,0.019213349608598492,False,876697461993674583604145733816775491078701540967598973655366507084317852900200164747402011685683/45629605869892488332413183420370070807552892018116972014249546065538141114698742218508101222400000,3548390453268431/184683593728000000
0.011900000274181366,False,0.019213350477785024,0.019213349296123734,0.019213351659446303,False,188489974501881010954989036032974187680949037168560146275110092062793891206831088702097485790707669/9810365262026884991468834435379565223623871783895148983063652404090700339660229576979241762816000000,28387126656211/1477468749824000
0.01192499976605177,False,0.01921334994702472,0.019213348768129676,0.019213351125919757,False,188489969322066451025896226158245451704819400330961746541102808555437173006357123703220112019423189/9810365262026884991468834435379565223623871783895148983063652404090700339660229576979241762816000000,141935629339711/7387343749120000
0.011950000189244747,False,0.01921335013295944,0.019213348956860898,0.019213351309057974,False,188489971173588657790552602042006848685331152796827648341670564334916696032891258588340423913111509/9810365262026884991468834435379565223623871783895148983063652404090700339660229576979241762816000000,3548390767315399/184683593728000000
0.01197499968111515,False,0.019213348739220804,0.01921334756594865,0.019213349912492947,False,7539598301129259406216657864946468469929976465567772512413795566338941927573900870039484853093661/392414610481075399658753377415182608944954871355805959322546096163628013586409183079169670512640000,3548390509392751/184683593728000000
