scenario_id,variant_id,event_index,floor,event,time_since_trigger_s,time_after_impact_s,downward_displacement_m,velocity_m_s,cluster_mass_kg,unaccreted_mass_kg,diagnostic_omitted_mass_kg,total_mass_kg,kinetic_energy_J
CENTRAL_EXPLORATORY,TIME_ONLY_DIAGNOSTIC,0,96,CAPACITY_TRIGGER_AT_REST,0.0,1730.0,0.0,0.0,46400000.0,304000000.0,1600000.0,352000000.0,0.0
CENTRAL_EXPLORATORY,TIME_ONLY_DIAGNOSTIC,1,96,INTERVAL_COMPLETED_WITHOUT_CAPTURE,0.6107138462969437,1730.610713846297,1.8288,5.989056940787924,46400000.0,304000000.0,1600000.0,352000000.0,832156230.5280001
CENTRAL_EXPLORATORY,TIME_ONLY_DIAGNOSTIC,2,95,INTERVAL_COMPLETED_AND_CAPTURED,1.1484775350989385,1731.148477535099,5.4864,7.122721867867336,49600000.0,300800000.0,1600000.0,352000000.0,1258182536.8134897
CENTRAL_EXPLORATORY,TIME_ONLY_DIAGNOSTIC,3,94,INTERVAL_COMPLETED_AND_CAPTURED,1.617611239073933,1731.617611239074,9.144,7.9569242457092635,52800000.0,297600000.0,1600000.0,352000000.0,1671453787.1316366
CENTRAL_EXPLORATORY,TIME_ONLY_DIAGNOSTIC,4,93,INTERVAL_COMPLETED_AND_CAPTURED,2.060243179797759,1732.0602431797977,12.8016,8.079977799547178,56000000.0,294400000.0,1600000.0,352000000.0,1828009154.752907
CENTRAL_EXPLORATORY,TIME_ONLY_DIAGNOSTIC,5,92,INTERVAL_COMPLETED_AND_CAPTURED,2.510368624178984,1732.510368624179,16.4592,7.729789592355224,59200000.0,291200000.0,1600000.0,352000000.0,1768589555.4056609
CENTRAL_EXPLORATORY,TIME_ONLY_DIAGNOSTIC,6,91,INTERVAL_COMPLETED_AND_CAPTURED,2.975249273339427,1732.9752492733394,20.116799999999998,7.5953051228935955,62400000.0,288000000.0,1600000.0,352000000.0,1799886189.1874354
CENTRAL_EXPLORATORY,TIME_ONLY_DIAGNOSTIC,7,90,INTERVAL_COMPLETED_AND_CAPTURED,3.443196966393637,1733.4431969663935,23.774399999999996,7.645152218852141,65600000.0,284800000.0,1600000.0,352000000.0,1917105960.3409703
CENTRAL_EXPLORATORY,TIME_ONLY_DIAGNOSTIC,8,89,INTERVAL_COMPLETED_AND_CAPTURED,3.9041030916305566,1733.9041030916305,27.431999999999995,7.843578902246826,68800000.0,281600000.0,1600000.0,352000000.0,2116347511.85454
CENTRAL_EXPLORATORY,TIME_ONLY_DIAGNOSTIC,9,88,INTERVAL_COMPLETED_AND_CAPTURED,4.350741725334741,1734.3507417253347,31.089599999999994,8.15543966608294,72000000.0,278400000.0,1600000.0,352000000.0,2394403061.296284
CENTRAL_EXPLORATORY,TIME_ONLY_DIAGNOSTIC,10,87,INTERVAL_COMPLETED_AND_CAPTURED,4.778897521557813,1734.7788975215578,34.74719999999999,8.549932859874897,75200000.0,275200000.0,1600000.0,352000000.0,2748610831.754657
CENTRAL_EXPLORATORY,TIME_ONLY_DIAGNOSTIC,11,86,INTERVAL_COMPLETED_AND_CAPTURED,5.1867660278301075,1735.1867660278301,38.404799999999994,9.002187407282005,78400000.0,272000000.0,1600000.0,352000000.0,3176743622.140407
CENTRAL_EXPLORATORY,TIME_ONLY_DIAGNOSTIC,12,85,INTERVAL_COMPLETED_AND_CAPTURED,5.5741650598879335,1735.574165059888,42.0624,9.49319105351075,81600000.0,268800000.0,1600000.0,352000000.0,3676923596.241028
CENTRAL_EXPLORATORY,TIME_ONLY_DIAGNOSTIC,13,84,INTERVAL_COMPLETED_AND_CAPTURED,5.941862752358248,1735.9418627523582,45.72,10.008906840979336,84800000.0,265600000.0,1600000.0,352000000.0,4247556364.819485
CENTRAL_EXPLORATORY,TIME_ONLY_DIAGNOSTIC,14,83,INTERVAL_COMPLETED_AND_CAPTURED,6.291106951015387,1736.2911069510153,49.3776,10.539190336549163,88000000.0,262400000.0,1600000.0,352000000.0,4887279449.800495
CENTRAL_EXPLORATORY,TIME_ONLY_DIAGNOSTIC,15,82,INTERVAL_COMPLETED_AND_CAPTURED,6.623332289466556,1736.6233322894666,53.0352,11.076806808876816,91200000.0,259200000.0,1600000.0,352000000.0,5594921598.101798
CENTRAL_EXPLORATORY,TIME_ONLY_DIAGNOSTIC,16,81,INTERVAL_COMPLETED_AND_CAPTURED,6.939993195336915,1736.939993195337,56.692800000000005,11.61664349789427,94400000.0,256000000.0,1600000.0,352000000.0,6369470370.618386
CENTRAL_EXPLORATORY,TIME_ONLY_DIAGNOSTIC,17,80,INTERVAL_COMPLETED_AND_CAPTURED,7.242476708639949,1737.24247670864,60.35040000000001,12.15511606106147,97600000.0,252800000.0,1600000.0,352000000.0,7210046107.144277
CENTRAL_EXPLORATORY,TIME_ONLY_DIAGNOSTIC,18,79,INTERVAL_COMPLETED_AND_CAPTURED,7.5320624957465725,1737.5320624957467,64.00800000000001,12.68973529871775,100800000.0,249600000.0,1600000.0,352000000.0,8115880850.356771
CENTRAL_EXPLORATORY,TIME_ONLY_DIAGNOSTIC,19,78,INTERVAL_COMPLETED_AND_CAPTURED,7.80990932347686,1737.8099093234769,67.66560000000001,13.218795738787952,104000000.0,246400000.0,1600000.0,352000000.0,9086301160.757523
CENTRAL_EXPLORATORY,TIME_ONLY_DIAGNOSTIC,20,77,INTERVAL_COMPLETED_AND_CAPTURED,8.077055575209993,1738.07705557521,71.32320000000001,13.74115319842768,107200000.0,243200000.0,1600000.0,352000000.0,10120714009.534536
CENTRAL_EXPLORATORY,TIME_ONLY_DIAGNOSTIC,21,76,INTERVAL_COMPLETED_AND_CAPTURED,8.334426658764336,1738.3344266587644,74.98080000000002,14.25606603969877,110400000.0,240000000.0,1600000.0,352000000.0,11218595124.83954
CENTRAL_EXPLORATORY,TIME_ONLY_DIAGNOSTIC,22,75,INTERVAL_COMPLETED_AND_CAPTURED,8.582845320382186,1738.5828453203821,78.63840000000002,14.763081634979415,113600000.0,236800000.0,1600000.0,352000000.0,12379479307.708574
CENTRAL_EXPLORATORY,TIME_ONLY_DIAGNOSTIC,23,74,INTERVAL_COMPLETED_AND_CAPTURED,8.823042721079556,1738.8230427210794,82.29600000000002,15.2619548582067,116800000.0,233600000.0,1600000.0,352000000.0,13602952339.886044
CENTRAL_EXPLORATORY,TIME_ONLY_DIAGNOSTIC,24,73,INTERVAL_COMPLETED_AND_CAPTURED,9.055669180118615,1739.0556691801187,85.95360000000002,15.752589303771071,120000000.0,230400000.0,1600000.0,352000000.0,14888644186.396965
CENTRAL_EXPLORATORY,TIME_ONLY_DIAGNOSTIC,25,72,INTERVAL_COMPLETED_AND_CAPTURED,9.281304075331064,1739.281304075331,89.61120000000003,16.234994699131278,123200000.0,227200000.0,1600000.0,352000000.0,16236223257.458555
CENTRAL_EXPLORATORY,TIME_ONLY_DIAGNOSTIC,26,71,INTERVAL_COMPLETED_AND_CAPTURED,9.500464708630775,1739.5004647086307,93.26880000000003,16.709255915794003,126400000.0,224000000.0,1600000.0,352000000.0,17645391542.000206
CENTRAL_EXPLORATORY,TIME_ONLY_DIAGNOSTIC,27,70,INTERVAL_COMPLETED_AND_CAPTURED,9.713614112505137,1739.7136141125052,96.92640000000003,17.175510335358073,129600000.0,220800000.0,1600000.0,352000000.0,19115880462.14348
CENTRAL_EXPLORATORY,TIME_ONLY_DIAGNOSTIC,28,69,INTERVAL_COMPLETED_AND_CAPTURED,9.921167856020553,1739.9211678560205,100.58400000000003,17.633931269959344,132800000.0,217600000.0,1600000.0,352000000.0,20647447327.034355
CENTRAL_EXPLORATORY,TIME_ONLY_DIAGNOSTIC,29,68,INTERVAL_COMPLETED_AND_CAPTURED,10.12349994493981,1740.1234999449398,104.24160000000003,18.084715795434327,136000000.0,214400000.0,1600000.0,352000000.0,22239872287.310966
CENTRAL_EXPLORATORY,TIME_ONLY_DIAGNOSTIC,30,67,INTERVAL_COMPLETED_AND_CAPTURED,10.320947921534938,1740.320947921535,107.89920000000004,18.52807581831902,139200000.0,211200000.0,1600000.0,352000000.0,23892955709.644714
CENTRAL_EXPLORATORY,TIME_ONLY_DIAGNOSTIC,31,66,INTERVAL_COMPLETED_AND_CAPTURED,10.513817267769534,1740.5138172677696,111.55680000000004,18.964231524670073,142400000.0,208000000.0,1600000.0,352000000.0,25606515905.27586
CENTRAL_EXPLORATORY,TIME_ONLY_DIAGNOSTIC,32,65,INTERVAL_COMPLETED_AND_CAPTURED,10.702385207507476,1740.7023852075074,115.21440000000004,19.39340659101529,145600000.0,204800000.0,1600000.0,352000000.0,27380387158.082886
CENTRAL_EXPLORATORY,TIME_ONLY_DIAGNOSTIC,33,64,INTERVAL_COMPLETED_AND_CAPTURED,10.886903992991074,1740.8869039929912,118.87200000000004,19.815824703945758,148800000.0,201600000.0,1600000.0,352000000.0,29214418007.09452
CENTRAL_EXPLORATORY,TIME_ONLY_DIAGNOSTIC,34,63,INTERVAL_COMPLETED_AND_CAPTURED,11.067603749986413,1741.0676037499863,122.52960000000004,20.231707054557106,152000000.0,198400000.0,1600000.0,352000000.0,31108469745.947598
CENTRAL_EXPLORATORY,TIME_ONLY_DIAGNOSTIC,35,62,INTERVAL_COMPLETED_AND_CAPTURED,11.244694945698914,1741.244694945699,126.18720000000005,20.641270560712922,155200000.0,195200000.0,1600000.0,352000000.0,33062415107.978985
CENTRAL_EXPLORATORY,TIME_ONLY_DIAGNOSTIC,36,61,INTERVAL_COMPLETED_AND_CAPTURED,11.418370534255027,1741.418370534255,129.84480000000005,21.044726633399154,158400000.0,192000000.0,1600000.0,352000000.0,35076137110.70038
CENTRAL_EXPLORATORY,TIME_ONLY_DIAGNOSTIC,37,60,INTERVAL_COMPLETED_AND_CAPTURED,11.588807826367841,1741.5888078263679,133.50240000000005,21.44228034989525,161600000.0,188800000.0,1600000.0,352000000.0,37149528037.56312
CENTRAL_EXPLORATORY,TIME_ONLY_DIAGNOSTIC,38,59,INTERVAL_COMPLETED_AND_CAPTURED,11.75617012274359,1741.7561701227437,137.16000000000005,21.83412993078438,164800000.0,185600000.0,1600000.0,352000000.0,39282488538.35243
CENTRAL_EXPLORATORY,TIME_ONLY_DIAGNOSTIC,39,58,INTERVAL_COMPLETED_AND_CAPTURED,11.920608144756907,1741.920608144757,140.81760000000006,22.220466443283055,168000000.0,182400000.0,1600000.0,352000000.0,41474926832.39374
CENTRAL_EXPLORATORY,TIME_ONLY_DIAGNOSTIC,40,57,INTERVAL_COMPLETED_AND_CAPTURED,12.082261290810331,1742.0822612908103,144.47520000000006,22.601473672364914,171200000.0,179200000.0,1600000.0,352000000.0,43726758001.118935
CENTRAL_EXPLORATORY,TIME_ONLY_DIAGNOSTIC,41,56,INTERVAL_COMPLETED_AND_CAPTURED,12.24125874247696,1742.241258742477,148.13280000000006,22.977328115392883,174400000.0,176000000.0,1600000.0,352000000.0,46037903358.51539
CENTRAL_EXPLORATORY,TIME_ONLY_DIAGNOSTIC,42,55,INTERVAL_COMPLETED_AND_CAPTURED,12.397720440888877,1742.3977204408889,151.79040000000006,23.348199066695603,177600000.0,172800000.0,1600000.0,352000000.0,48408289889.63443
CENTRAL_EXPLORATORY,TIME_ONLY_DIAGNOSTIC,43,54,INTERVAL_COMPLETED_AND_CAPTURED,12.551757950774231,1742.5517579507741,155.44800000000006,23.71424876662906,180800000.0,169600000.0,1600000.0,352000000.0,50837849748.727325
CENTRAL_EXPLORATORY,TIME_ONLY_DIAGNOSTIC,44,53,INTERVAL_COMPLETED_AND_CAPTURED,12.703475226971195,1742.7034752269712,159.10560000000007,24.075632595813186,184000000.0,166400000.0,1600000.0,352000000.0,53326519809.74957
CENTRAL_EXPLORATORY,TIME_ONLY_DIAGNOSTIC,45,52,INTERVAL_COMPLETED_AND_CAPTURED,12.852969296079477,1742.8529692960794,162.76320000000007,24.43249929991302,187200000.0,163200000.0,1600000.0,352000000.0,55874241262.96742
CENTRAL_EXPLORATORY,TIME_ONLY_DIAGNOSTIC,46,51,INTERVAL_COMPLETED_AND_CAPTURED,13.000330864083171,1743.0003308640833,166.42080000000007,24.784991233904716,190400000.0,160000000.0,1600000.0,352000000.0,58480959252.24264
CENTRAL_EXPLORATORY,TIME_ONLY_DIAGNOSTIC,47,50,INTERVAL_COMPLETED_AND_CAPTURED,13.145644859236615,1743.1456448592367,170.07840000000007,25.1332446174979,193600000.0,156800000.0,1600000.0,352000000.0,61146622548.28916
CENTRAL_EXPLORATORY,TIME_ONLY_DIAGNOSTIC,48,49,INTERVAL_COMPLETED_AND_CAPTURED,13.288990918201156,1743.288990918201,173.73600000000008,25.477389795477894,196800000.0,153600000.0,1600000.0,352000000.0,63871183253.80695
CENTRAL_EXPLORATORY,TIME_ONLY_DIAGNOSTIC,49,48,INTERVAL_COMPLETED_AND_CAPTURED,13.43044382231606,1743.430443822316,177.39360000000008,25.817551498336016,200000000.0,150400000.0,1600000.0,352000000.0,66654596536.923225
CENTRAL_EXPLORATORY,TIME_ONLY_DIAGNOSTIC,50,47,INTERVAL_COMPLETED_AND_CAPTURED,13.570073889949128,1743.570073889949,181.05120000000008,26.153849099787397,203200000.0,147200000.0,1600000.0,352000000.0,69496820389.82013
CENTRAL_EXPLORATORY,TIME_ONLY_DIAGNOSTIC,51,46,INTERVAL_COMPLETED_AND_CAPTURED,13.70794733007486,1743.7079473300748,184.70880000000008,26.486396868720416,206400000.0,144000000.0,1600000.0,352000000.0,72397815409.81583
CENTRAL_EXPLORATORY,TIME_ONLY_DIAGNOSTIC,52,45,INTERVAL_COMPLETED_AND_CAPTURED,13.844126561547709,1743.8441265615477,188.36640000000008,26.815304213845845,209600000.0,140800000.0,1600000.0,352000000.0,75357544600.49916
CENTRAL_EXPLORATORY,TIME_ONLY_DIAGNOSTIC,53,44,INTERVAL_COMPLETED_AND_CAPTURED,13.978670501956765,1743.9786705019567,192.0240000000001,27.140675919867636,212800000.0,137600000.0,1600000.0,352000000.0,78375973190.8069
CENTRAL_EXPLORATORY,TIME_ONLY_DIAGNOSTIC,54,43,INTERVAL_COMPLETED_AND_CAPTURED,14.111634829450269,1744.1116348294502,195.6816000000001,27.462612374419592,216000000.0,134400000.0,1600000.0,352000000.0,81453068470.18341
CENTRAL_EXPLORATORY,TIME_ONLY_DIAGNOSTIC,55,42,INTERVAL_COMPLETED_AND_CAPTURED,14.243072220490902,1744.2430722204908,199.3392000000001,27.78120978533268,219200000.0,131200000.0,1600000.0,352000000.0,84588799638.1784
CENTRAL_EXPLORATORY,TIME_ONLY_DIAGNOSTIC,56,41,INTERVAL_COMPLETED_AND_CAPTURED,14.373032566135048,1744.373032566135,202.9968000000001,28.096560388039553,222400000.0,128000000.0,1600000.0,352000000.0,87783137667.02937
CENTRAL_EXPLORATORY,TIME_ONLY_DIAGNOSTIC,57,40,INTERVAL_COMPLETED_AND_CAPTURED,14.501563169112002,1744.501563169112,206.6544000000001,28.408752643103657,225600000.0,124800000.0,1600000.0,352000000.0,91036055175.93913
CENTRAL_EXPLORATORY,TIME_ONLY_DIAGNOSTIC,58,39,INTERVAL_COMPLETED_AND_CAPTURED,14.628708923705,1744.628708923705,210.3120000000001,28.717871423993607,228800000.0,121600000.0,1600000.0,352000000.0,94347526315.90327
CENTRAL_EXPLORATORY,TIME_ONLY_DIAGNOSTIC,59,38,INTERVAL_COMPLETED_AND_CAPTURED,14.754512480198445,1744.7545124801984,213.9696000000001,29.023998195320672,232000000.0,118400000.0,1600000.0,352000000.0,97717526664.06941
CENTRAL_EXPLORATORY,TIME_ONLY_DIAGNOSTIC,60,37,INTERVAL_COMPLETED_AND_CAPTURED,14.879014395449573,1744.8790143954495,217.6272000000001,29.327211181825675,235200000.0,115200000.0,1600000.0,352000000.0,101146033126.71994
CENTRAL_EXPLORATORY,TIME_ONLY_DIAGNOSTIC,61,36,INTERVAL_COMPLETED_AND_CAPTURED,15.002253270963475,1745.0022532709634,221.2848000000001,29.62758552844866,238400000.0,112000000.0,1600000.0,352000000.0,104633023850.0684
CENTRAL_EXPLORATORY,TIME_ONLY_DIAGNOSTIC,62,35,INTERVAL_COMPLETED_AND_CAPTURED,15.124265879694022,1745.1242658796941,224.9424000000001,29.925193451844862,241600000.0,108800000.0,1600000.0,352000000.0,108178478138.14491
CENTRAL_EXPLORATORY,TIME_ONLY_DIAGNOSTIC,63,34,INTERVAL_COMPLETED_AND_CAPTURED,15.245087282656694,1745.2450872826566,228.6000000000001,30.220104383727936,244800000.0,105600000.0,1600000.0,352000000.0,111782376377.12169
CENTRAL_EXPLORATORY,TIME_ONLY_DIAGNOSTIC,64,33,INTERVAL_COMPLETED_AND_CAPTURED,15.364750936319776,1745.3647509363198,232.2576000000001,30.512385106429242,248000000.0,102400000.0,1600000.0,352000000.0,115444699965.49759
CENTRAL_EXPLORATORY,TIME_ONLY_DIAGNOSTIC,65,32,INTERVAL_COMPLETED_AND_CAPTURED,15.483288791635491,1745.4832887916355,235.9152000000001,30.802099881062517,251200000.0,99200000.0,1600000.0,352000000.0,119165431249.61871
CENTRAL_EXPLORATORY,TIME_ONLY_DIAGNOSTIC,66,31,INTERVAL_COMPLETED_AND_CAPTURED,15.600731385480579,1745.6007313854807,239.57280000000011,31.089310568678318,254400000.0,96000000.0,1600000.0,352000000.0,122944553464.06528
CENTRAL_EXPLORATORY,TIME_ONLY_DIAGNOSTIC,67,30,INTERVAL_COMPLETED_AND_CAPTURED,15.71710792519466,1745.7171079251946,243.23040000000012,31.37407674478393,257600000.0,92800000.0,1600000.0,352000000.0,126782050676.48183
CENTRAL_EXPLORATORY,TIME_ONLY_DIAGNOSTIC,68,29,INTERVAL_COMPLETED_AND_CAPTURED,15.832446366833233,1745.8324463668332,246.88800000000012,31.656455807592792,260800000.0,89600000.0,1600000.0,352000000.0,130677907736.46904
CENTRAL_EXPLORATORY,TIME_ONLY_DIAGNOSTIC,69,28,INTERVAL_COMPLETED_AND_CAPTURED,15.946773487688892,1745.946773487689,250.54560000000012,31.93650308035395,264000000.0,86400000.0,1600000.0,352000000.0,134632110228.19238
CENTRAL_EXPLORATORY,TIME_ONLY_DIAGNOSTIC,70,27,INTERVAL_COMPLETED_AND_CAPTURED,16.060114953578477,1746.0601149535785,254.20320000000012,32.2142719080974,267200000.0,83200000.0,1600000.0,352000000.0,138644644426.39615
CENTRAL_EXPLORATORY,TIME_ONLY_DIAGNOSTIC,71,26,INTERVAL_COMPLETED_AND_CAPTURED,16.172495381344167,1746.172495381344,257.8608000000001,32.48981374911568,270400000.0,80000000.0,1600000.0,352000000.0,142715497255.54102
CENTRAL_EXPLORATORY,TIME_ONLY_DIAGNOSTIC,72,25,INTERVAL_COMPLETED_AND_CAPTURED,16.28393839697257,1746.2839383969726,261.5184000000001,32.76317826148623,273600000.0,76800000.0,1600000.0,352000000.0,146844656251.8088
CENTRAL_EXPLORATORY,TIME_ONLY_DIAGNOSTIC,73,24,INTERVAL_COMPLETED_AND_CAPTURED,16.394466689696568,1746.3944666896966,265.1760000000001,33.03441338492334,276800000.0,73600000.0,1600000.0,352000000.0,151032109527.7427
CENTRAL_EXPLORATORY,TIME_ONLY_DIAGNOSTIC,74,23,INTERVAL_COMPLETED_AND_CAPTURED,16.504102062409842,1746.5041020624099,268.8336000000001,33.303565418232914,280000000.0,70400000.0,1600000.0,352000000.0,155277845739.31268
CENTRAL_EXPLORATORY,TIME_ONLY_DIAGNOSTIC,75,22,INTERVAL_COMPLETED_AND_CAPTURED,16.61286547869279,1746.6128654786928,272.4912000000001,33.57067909262792,283200000.0,67200000.0,1600000.0,352000000.0,159581854055.21307
CENTRAL_EXPLORATORY,TIME_ONLY_DIAGNOSTIC,76,21,INTERVAL_COMPLETED_AND_CAPTURED,16.72077710672067,1746.7207771067206,276.1488000000001,33.835797641147785,286400000.0,64000000.0,1600000.0,352000000.0,163944124128.21893
CENTRAL_EXPLORATORY,TIME_ONLY_DIAGNOSTIC,77,20,INTERVAL_COMPLETED_AND_CAPTURED,16.827856360299975,1746.8278563603,279.8064000000001,34.09896286441074,289600000.0,60800000.0,1600000.0,352000000.0,168364646068.44138
CENTRAL_EXPLORATORY,TIME_ONLY_DIAGNOSTIC,78,19,INTERVAL_COMPLETED_AND_CAPTURED,16.934121937256542,1746.9341219372566,283.4640000000001,34.36021519291447,292800000.0,57600000.0,1600000.0,352000000.0,172843410418.33633
CENTRAL_EXPLORATORY,TIME_ONLY_DIAGNOSTIC,79,18,INTERVAL_COMPLETED_AND_CAPTURED,17.03959185537898,1747.039591855379,287.1216000000001,34.61959374608765,296000000.0,54400000.0,1600000.0,352000000.0,177380408129.33438
CENTRAL_EXPLORATORY,TIME_ONLY_DIAGNOSTIC,80,17,INTERVAL_COMPLETED_AND_CAPTURED,17.144283486102882,1747.144283486103,290.7792000000001,34.87713638828258,299200000.0,51200000.0,1600000.0,352000000.0,181975630539.97098
CENTRAL_EXPLORATORY,TIME_ONLY_DIAGNOSTIC,81,16,INTERVAL_COMPLETED_AND_CAPTURED,17.248213586105074,1747.248213586105,294.4368000000001,35.132879781887326,302400000.0,48000000.0,1600000.0,352000000.0,186629069355.40436
CENTRAL_EXPLORATORY,TIME_ONLY_DIAGNOSTIC,82,15,INTERVAL_COMPLETED_AND_CAPTURED,17.351398326962524,1747.3513983269625,298.0944000000001,35.38685943772515,305600000.0,44800000.0,1600000.0,352000000.0,191340716628.22052
CENTRAL_EXPLORATORY,TIME_ONLY_DIAGNOSTIC,83,14,INTERVAL_COMPLETED_AND_CAPTURED,17.453853323017338,1747.4538533230173,301.7520000000001,35.63910976289837,308800000.0,41600000.0,1600000.0,352000000.0,196110564740.43213
CENTRAL_EXPLORATORY,TIME_ONLY_DIAGNOSTIC,84,13,INTERVAL_COMPLETED_AND_CAPTURED,17.55559365757732,1747.5555936575772,305.4096000000001,35.88966410622413,312000000.0,38400000.0,1600000.0,352000000.0,200938606386.58447
CENTRAL_EXPLORATORY,TIME_ONLY_DIAGNOSTIC,85,12,INTERVAL_COMPLETED_AND_CAPTURED,17.656633907570775,1747.6566339075707,309.0672000000001,36.13855480140051,315200000.0,35200000.0,1600000.0,352000000.0,205824834557.89127
CENTRAL_EXPLORATORY,TIME_ONLY_DIAGNOSTIC,86,11,INTERVAL_COMPLETED_AND_CAPTURED,17.7569881667645,1747.7569881667646,312.72480000000013,36.38581320803259,318400000.0,32000000.0,1600000.0,352000000.0,210769242527.32632
CENTRAL_EXPLORATORY,TIME_ONLY_DIAGNOSTIC,87,10,INTERVAL_COMPLETED_AND_CAPTURED,17.856670067644924,1747.856670067645,316.38240000000013,36.63146975064032,321600000.0,28800000.0,1600000.0,352000000.0,215771823835.60593
CENTRAL_EXPLORATORY,TIME_ONLY_DIAGNOSTIC,88,9,INTERVAL_COMPLETED_AND_CAPTURED,17.955692802054475,1747.9556928020545,320.04000000000013,36.87555395576222,324800000.0,25600000.0,1600000.0,352000000.0,220832572277.99933
CENTRAL_EXPLORATORY,TIME_ONLY_DIAGNOSTIC,89,8,INTERVAL_COMPLETED_AND_CAPTURED,18.054069140667764,1748.0540691406677,323.69760000000014,37.11809448726206,328000000.0,22400000.0,1600000.0,352000000.0,225951481891.91156
CENTRAL_EXPLORATORY,TIME_ONLY_DIAGNOSTIC,90,7,INTERVAL_COMPLETED_AND_CAPTURED,18.1518114513856,1748.1518114513856,327.35520000000014,37.35911917993895,331200000.0,19200000.0,1600000.0,352000000.0,231128546945.18613
CENTRAL_EXPLORATORY,TIME_ONLY_DIAGNOSTIC,91,6,INTERVAL_COMPLETED_AND_CAPTURED,18.248931716718808,1748.2489317167187,331.01280000000014,37.59865507153511,334400000.0,16000000.0,1600000.0,352000000.0,236363761925.07925
CENTRAL_EXPLORATORY,TIME_ONLY_DIAGNOSTIC,92,5,INTERVAL_COMPLETED_AND_CAPTURED,18.345441550228166,1748.345441550228,334.67040000000014,37.83672843322985,337600000.0,12800000.0,1600000.0,352000000.0,241657121527.86136
CENTRAL_EXPLORATORY,TIME_ONLY_DIAGNOSTIC,93,4,INTERVAL_COMPLETED_AND_CAPTURED,18.441352212081892,1748.441352212082,338.32800000000015,38.07336479870267,340800000.0,9600000.0,1600000.0,352000000.0,247008620649.0036
CENTRAL_EXPLORATORY,TIME_ONLY_DIAGNOSTIC,94,3,INTERVAL_COMPLETED_AND_CAPTURED,18.536674623787313,1748.5366746237873,341.98560000000015,38.308588991843685,344000000.0,6400000.0,1600000.0,352000000.0,252418254373.91324
CENTRAL_EXPLORATORY,TIME_ONLY_DIAGNOSTIC,95,2,INTERVAL_COMPLETED_AND_CAPTURED,18.63141938214929,1748.6314193821493,345.64320000000015,38.542425153184496,347200000.0,3200000.0,1600000.0,352000000.0,257886017969.1807
CENTRAL_EXPLORATORY,TIME_ONLY_DIAGNOSTIC,96,1,INTERVAL_COMPLETED_AND_CAPTURED,18.725596772503966,1748.7255967725039,349.30080000000015,38.774896765118335,350400000.0,0.0,1600000.0,352000000.0,263411906874.30637
CENTRAL_EXPLORATORY,TIME_AND_RESISTANCE_DIAGNOSTIC,0,96,CAPACITY_TRIGGER_AT_REST,0.0,1730.0,0.0,0.0,46400000.0,304000000.0,1600000.0,352000000.0,0.0
CENTRAL_EXPLORATORY,TIME_AND_RESISTANCE_DIAGNOSTIC,1,96,INTERVAL_COMPLETED_WITHOUT_CAPTURE,1.0328563562754403,1731.0328563562755,1.8288,3.541247510147091,46400000.0,304000000.0,1600000.0,352000000.0,290938067.13245296
CENTRAL_EXPLORATORY,TIME_AND_RESISTANCE_DIAGNOSTIC,2,95,INTERVAL_COMPLETED_AND_CAPTURED,1.808828395737212,1731.8088283957372,5.4864,5.506161044399423,49600000.0,300800000.0,1600000.0,352000000.0,751881674.2821714
CENTRAL_EXPLORATORY,TIME_AND_RESISTANCE_DIAGNOSTIC,3,94,INTERVAL_COMPLETED_AND_CAPTURED,2.3861617205539263,1732.386161720554,9.144,6.730296228564873,52800000.0,297600000.0,1600000.0,352000000.0,1195837825.3597922
CENTRAL_EXPLORATORY,TIME_AND_RESISTANCE_DIAGNOSTIC,4,93,INTERVAL_COMPLETED_AND_CAPTURED,2.9022253783540948,1732.9022253783542,12.8016,7.01928783511001,56000000.0,294400000.0,1600000.0,352000000.0,1379571247.9394543
CENTRAL_EXPLORATORY,TIME_AND_RESISTANCE_DIAGNOSTIC,5,92,INTERVAL_COMPLETED_AND_CAPTURED,3.419429915414092,1733.4194299154142,16.4592,6.73933475606385,59200000.0,291200000.0,1600000.0,352000000.0,1344391535.4469898
CENTRAL_EXPLORATORY,TIME_AND_RESISTANCE_DIAGNOSTIC,6,91,INTERVAL_COMPLETED_AND_CAPTURED,3.9497623968082616,1733.9497623968082,20.116799999999998,6.692518579042892,62400000.0,288000000.0,1600000.0,352000000.0,1397441913.8420298
CENTRAL_EXPLORATORY,TIME_AND_RESISTANCE_DIAGNOSTIC,7,90,INTERVAL_COMPLETED_AND_CAPTURED,4.476693703398254,1734.4766937033983,23.774399999999996,6.839388061569814,65600000.0,284800000.0,1600000.0,352000000.0,1534293113.0611932
CENTRAL_EXPLORATORY,TIME_AND_RESISTANCE_DIAGNOSTIC,8,89,INTERVAL_COMPLETED_AND_CAPTURED,4.9874373893143495,1734.9874373893144,27.431999999999995,7.135197543926594,68800000.0,281600000.0,1600000.0,352000000.0,1751339913.2854497
CENTRAL_EXPLORATORY,TIME_AND_RESISTANCE_DIAGNOSTIC,9,88,INTERVAL_COMPLETED_AND_CAPTURED,5.474341881370054,1735.47434188137,31.089599999999994,7.538084826517051,72000000.0,278400000.0,1600000.0,352000000.0,2045618022.6635976
CENTRAL_EXPLORATORY,TIME_AND_RESISTANCE_DIAGNOSTIC,10,87,INTERVAL_COMPLETED_AND_CAPTURED,5.934186512884345,1735.9341865128843,34.74719999999999,8.013731084532367,75200000.0,275200000.0,1600000.0,352000000.0,2414667709.6595316
CENTRAL_EXPLORATORY,TIME_AND_RESISTANCE_DIAGNOSTIC,11,86,INTERVAL_COMPLETED_AND_CAPTURED,6.36669921404922,1736.3666992140493,38.404799999999994,8.536283351561565,78400000.0,272000000.0,1600000.0,352000000.0,2856430831.559368
CENTRAL_EXPLORATORY,TIME_AND_RESISTANCE_DIAGNOSTIC,12,85,INTERVAL_COMPLETED_AND_CAPTURED,6.773225223575055,1736.773225223575,42.0624,9.087229904777503,81600000.0,268800000.0,1600000.0,352000000.0,3369172091.565128
CENTRAL_EXPLORATORY,TIME_AND_RESISTANCE_DIAGNOSTIC,13,84,INTERVAL_COMPLETED_AND_CAPTURED,7.1558293513037405,1737.1558293513037,45.72,9.653694820655627,84800000.0,265600000.0,1600000.0,352000000.0,3951418124.4709787
CENTRAL_EXPLORATORY,TIME_AND_RESISTANCE_DIAGNOSTIC,14,83,INTERVAL_COMPLETED_AND_CAPTURED,7.51677997349555,1737.5167799734957,49.3776,10.226869547619721,88000000.0,262400000.0,1600000.0,352000000.0,4601909872.7373905
CENTRAL_EXPLORATORY,TIME_AND_RESISTANCE_DIAGNOSTIC,15,82,INTERVAL_COMPLETED_AND_CAPTURED,7.858285905659832,1737.8582859056598,53.0352,10.800792884977813,91200000.0,259200000.0,1600000.0,352000000.0,5319564988.654943
CENTRAL_EXPLORATORY,TIME_AND_RESISTANCE_DIAGNOSTIC,16,81,INTERVAL_COMPLETED_AND_CAPTURED,8.182379434752491,1738.1823794347524,56.692800000000005,11.37147028819819,94400000.0,256000000.0,1600000.0,352000000.0,6103447883.525663
CENTRAL_EXPLORATORY,TIME_AND_RESISTANCE_DIAGNOSTIC,17,80,INTERVAL_COMPLETED_AND_CAPTURED,8.490876918508091,1738.490876918508,60.35040000000001,11.93625973628177,97600000.0,252800000.0,1600000.0,352000000.0,6952745668.808689
CENTRAL_EXPLORATORY,TIME_AND_RESISTANCE_DIAGNOSTIC,18,79,INTERVAL_COMPLETED_AND_CAPTURED,8.785377607855983,1738.785377607856,64.00800000000001,12.4934496169571,100800000.0,249600000.0,1600000.0,352000000.0,7866748679.904854
CENTRAL_EXPLORATORY,TIME_AND_RESISTANCE_DIAGNOSTIC,19,78,INTERVAL_COMPLETED_AND_CAPTURED,9.067279535600589,1739.0672795356006,67.66560000000001,13.04196967452967,104000000.0,246400000.0,1600000.0,352000000.0,8844834595.55028
CENTRAL_EXPLORATORY,TIME_AND_RESISTANCE_DIAGNOSTIC,20,77,INTERVAL_COMPLETED_AND_CAPTURED,9.3378016231247,1739.3378016231247,71.32320000000001,13.58119268709714,107200000.0,243200000.0,1600000.0,352000000.0,9886455401.497662
CENTRAL_EXPLORATORY,TIME_AND_RESISTANCE_DIAGNOSTIC,21,76,INTERVAL_COMPLETED_AND_CAPTURED,9.598006717156505,1739.5980067171565,74.98080000000002,14.110797734579778,110400000.0,240000000.0,1600000.0,352000000.0,10991126621.383444
CENTRAL_EXPLORATORY,TIME_AND_RESISTANCE_DIAGNOSTIC,22,75,INTERVAL_COMPLETED_AND_CAPTURED,9.848823171498132,1739.8488231714982,78.63840000000002,14.63067535706056,113600000.0,236800000.0,1600000.0,352000000.0,12158418367.730112
CENTRAL_EXPLORATORY,TIME_AND_RESISTANCE_DIAGNOSTIC,23,74,INTERVAL_COMPLETED_AND_CAPTURED,10.091064059859134,1740.091064059859,82.29600000000002,15.140861356046544,116800000.0,233600000.0,1600000.0,352000000.0,13387947864.016579
CENTRAL_EXPLORATORY,TIME_AND_RESISTANCE_DIAGNOSTIC,24,73,INTERVAL_COMPLETED_AND_CAPTURED,10.325443823401605,1740.3254438234017,85.95360000000002,15.641490318603145,120000000.0,230400000.0,1600000.0,352000000.0,14679373163.217354
CENTRAL_EXPLORATORY,TIME_AND_RESISTANCE_DIAGNOSTIC,25,72,INTERVAL_COMPLETED_AND_CAPTURED,10.552592484326926,1740.5525924843269,89.61120000000003,16.132762827525802,123200000.0,227200000.0,1600000.0,352000000.0,16032387845.270618
CENTRAL_EXPLORATORY,TIME_AND_RESISTANCE_DIAGNOSTIC,26,71,INTERVAL_COMPLETED_AND_CAPTURED,10.773067687223982,1740.773067687224,93.26880000000003,16.61492224294623,126400000.0,224000000.0,1600000.0,352000000.0,17446716519.994236
CENTRAL_EXPLORATORY,TIME_AND_RESISTANCE_DIAGNOSTIC,27,70,INTERVAL_COMPLETED_AND_CAPTURED,10.987364863528553,1740.9873648635285,96.92640000000003,17.0882382282197,129600000.0,220800000.0,1600000.0,352000000.0,18922110996.236423
CENTRAL_EXPLORATORY,TIME_AND_RESISTANCE_DIAGNOSTIC,28,69,INTERVAL_COMPLETED_AND_CAPTURED,11.195925803287853,1741.1959258032878,100.58400000000003,17.552995061120605,132800000.0,217600000.0,1600000.0,352000000.0,20458347004.884098
CENTRAL_EXPLORATORY,TIME_AND_RESISTANCE_DIAGNOSTIC,29,68,INTERVAL_COMPLETED_AND_CAPTURED,11.399145888899929,1741.3991458889,104.24160000000003,18.009483361512878,136000000.0,214400000.0,1600000.0,352000000.0,22055221384.505424
CENTRAL_EXPLORATORY,TIME_AND_RESISTANCE_DIAGNOSTIC,30,67,INTERVAL_COMPLETED_AND_CAPTURED,11.59738021065642,1741.5973802106564,107.89920000000004,18.457994271235084,139200000.0,211200000.0,1600000.0,352000000.0,23712549655.179523
CENTRAL_EXPLORATORY,TIME_AND_RESISTANCE_DIAGNOSTIC,31,66,INTERVAL_COMPLETED_AND_CAPTURED,11.790948749878353,1741.7909487498785,111.55680000000004,18.898815401706678,142400000.0,208000000.0,1600000.0,352000000.0,25430163919.45033
CENTRAL_EXPLORATORY,TIME_AND_RESISTANCE_DIAGNOSTIC,32,65,INTERVAL_COMPLETED_AND_CAPTURED,11.9801407847728,1741.9801407847729,115.21440000000004,19.33222805988252,145600000.0,204800000.0,1600000.0,352000000.0,27207911040.077705
CENTRAL_EXPLORATORY,TIME_AND_RESISTANCE_DIAGNOSTIC,33,64,INTERVAL_COMPLETED_AND_CAPTURED,12.165218647662456,1742.1652186476624,118.87200000000004,19.758505400396363,148800000.0,201600000.0,1600000.0,352000000.0,29045651052.917423
CENTRAL_EXPLORATORY,TIME_AND_RESISTANCE_DIAGNOSTIC,34,63,INTERVAL_COMPLETED_AND_CAPTURED,12.346420939921403,1742.3464209399215,122.52960000000004,20.17791124898954,152000000.0,198400000.0,1600000.0,352000000.0,30943255780.27949
CENTRAL_EXPLORATORY,TIME_AND_RESISTANCE_DIAGNOSTIC,35,62,INTERVAL_COMPLETED_AND_CAPTURED,12.523965292399016,1742.523965292399,126.18720000000005,20.59069941176958,155200000.0,195200000.0,1600000.0,352000000.0,32900607615.829815
CENTRAL_EXPLORATORY,TIME_AND_RESISTANCE_DIAGNOSTIC,36,61,INTERVAL_COMPLETED_AND_CAPTURED,12.698050743820117,1742.6980507438202,129.84480000000005,20.99711333478109,158400000.0,192000000.0,1600000.0,352000000.0,34917598456.776436
CENTRAL_EXPLORATORY,TIME_AND_RESISTANCE_DIAGNOSTIC,37,60,INTERVAL_COMPLETED_AND_CAPTURED,12.868859797097592,1742.8688597970977,133.50240000000005,21.397386014511675,161600000.0,188800000.0,1600000.0,352000000.0,36994128762.9248
CENTRAL_EXPLORATORY,TIME_AND_RESISTANCE_DIAGNOSTIC,38,59,INTERVAL_COMPLETED_AND_CAPTURED,13.036560203213291,1743.0365602032132,137.16000000000005,21.79174008626547,164800000.0,185600000.0,1600000.0,352000000.0,39130106725.35759
CENTRAL_EXPLORATORY,TIME_AND_RESISTANCE_DIAGNOSTIC,39,58,INTERVAL_COMPLETED_AND_CAPTURED,13.201306513906662,1743.2013065139067,140.81760000000006,22.180388036593058,168000000.0,182400000.0,1600000.0,352000000.0,41325447530.1226
CENTRAL_EXPLORATORY,TIME_AND_RESISTANCE_DIAGNOSTIC,40,57,INTERVAL_COMPLETED_AND_CAPTURED,13.363241437515235,1743.3632414375152,144.47520000000006,22.563532500127703,171200000.0,179200000.0,1600000.0,352000000.0,43580072704.49771
CENTRAL_EXPLORATORY,TIME_AND_RESISTANCE_DIAGNOSTIC,41,56,INTERVAL_COMPLETED_AND_CAPTURED,13.522497026653516,1743.5224970266536,148.13280000000006,22.94136661163585,174400000.0,176000000.0,1600000.0,352000000.0,45893909535.22667
CENTRAL_EXPLORATORY,TIME_AND_RESISTANCE_DIAGNOSTIC,42,55,INTERVAL_COMPLETED_AND_CAPTURED,13.679195721765309,1743.6791957217654,151.79040000000006,23.314074391840883,177600000.0,172800000.0,1600000.0,352000000.0,48266890549.64823
CENTRAL_EXPLORATORY,TIME_AND_RESISTANCE_DIAGNOSTIC,43,54,INTERVAL_COMPLETED_AND_CAPTURED,13.833451270750837,1743.8334512707509,155.44800000000006,23.681831151340585,180800000.0,169600000.0,1600000.0,352000000.0,50698953051.92672
CENTRAL_EXPLORATORY,TIME_AND_RESISTANCE_DIAGNOSTIC,44,53,INTERVAL_COMPLETED_AND_CAPTURED,13.985369541702,1743.985369541702,159.10560000000007,24.044803901230964,184000000.0,166400000.0,1600000.0,352000000.0,53190038707.675964
CENTRAL_EXPLORATORY,TIME_AND_RESISTANCE_DIAGNOSTIC,45,52,INTERVAL_COMPLETED_AND_CAPTURED,14.135049243153546,1744.1350492431536,162.76320000000007,24.403151762251344,187200000.0,163200000.0,1600000.0,352000000.0,55740093171.18567
CENTRAL_EXPLORATORY,TIME_AND_RESISTANCE_DIAGNOSTIC,46,51,INTERVAL_COMPLETED_AND_CAPTURED,14.282582564075614,1744.2825825640757,166.42080000000007,24.757026366656287,190400000.0,160000000.0,1600000.0,352000000.0,58349065750.238754
CENTRAL_EXPLORATORY,TIME_AND_RESISTANCE_DIAGNOSTIC,47,50,INTERVAL_COMPLETED_AND_CAPTURED,14.428055744013585,1744.4280557440136,170.07840000000007,25.106572248803644,193600000.0,156800000.0,1600000.0,352000000.0,61016909104.169655
CENTRAL_EXPLORATORY,TIME_AND_RESISTANCE_DIAGNOSTIC,48,49,INTERVAL_COMPLETED_AND_CAPTURED,14.57154958225964,1744.5715495822596,173.73600000000008,25.451927221777275,196800000.0,153600000.0,1600000.0,352000000.0,63743578971.38048
CENTRAL_EXPLORATORY,TIME_AND_RESISTANCE_DIAGNOSTIC,49,48,INTERVAL_COMPLETED_AND_CAPTURED,14.713139893664023,1744.713139893664,177.39360000000008,25.793222738350398,200000000.0,150400000.0,1600000.0,352000000.0,66529033923.015594
CENTRAL_EXPLORATORY,TIME_AND_RESISTANCE_DIAGNOSTIC,50,47,INTERVAL_COMPLETED_AND_CAPTURED,14.85289791762013,1744.85289791762,181.05120000000008,26.130584235325454,203200000.0,147200000.0,1600000.0,352000000.0,69373235139.91103
CENTRAL_EXPLORATORY,TIME_AND_RESISTANCE_DIAGNOSTIC,51,46,INTERVAL_COMPLETED_AND_CAPTURED,14.990890685851289,1744.9908906858514,184.70880000000008,26.464131460822713,206400000.0,144000000.0,1600000.0,352000000.0,72276146210.29292
CENTRAL_EXPLORATORY,TIME_AND_RESISTANCE_DIAGNOSTIC,52,45,INTERVAL_COMPLETED_AND_CAPTURED,15.127181353860019,1745.1271813538601,188.36640000000008,26.793978784479197,209600000.0,140800000.0,1600000.0,352000000.0,75237732946.00711
CENTRAL_EXPLORATORY,TIME_AND_RESISTANCE_DIAGNOSTIC,53,44,INTERVAL_COMPLETED_AND_CAPTURED,15.261829500249405,1745.2618295002494,192.0240000000001,27.12023549079926,212800000.0,137600000.0,1600000.0,352000000.0,78257963215.32979
CENTRAL_EXPLORATORY,TIME_AND_RESISTANCE_DIAGNOSTIC,54,43,INTERVAL_COMPLETED_AND_CAPTURED,15.394891397571985,1745.3948913975719,195.6816000000001,27.44300605609393,216000000.0,134400000.0,1600000.0,352000000.0,81336806790.63928
CENTRAL_EXPLORATORY,TIME_AND_RESISTANCE_DIAGNOSTIC,55,42,INTERVAL_COMPLETED_AND_CAPTURED,15.526420257888313,1745.5264202578883,199.3392000000001,27.76239040957979,219200000.0,131200000.0,1600000.0,352000000.0,84474235209.4305
CENTRAL_EXPLORATORY,TIME_AND_RESISTANCE_DIAGNOSTIC,56,41,INTERVAL_COMPLETED_AND_CAPTURED,15.65646645581236,1745.6564664558123,202.9968000000001,28.0784841792948,222400000.0,128000000.0,1600000.0,352000000.0,87670221647.32822
CENTRAL_EXPLORATORY,TIME_AND_RESISTANCE_DIAGNOSTIC,57,40,INTERVAL_COMPLETED_AND_CAPTURED,15.785077731473326,1745.7850777314734,206.6544000000001,28.391378923539992,225600000.0,124800000.0,1600000.0,352000000.0,90924740801.90749
CENTRAL_EXPLORATORY,TIME_AND_RESISTANCE_DIAGNOSTIC,58,39,INTERVAL_COMPLETED_AND_CAPTURED,15.912299375524269,1745.9122993755243,210.3120000000001,28.701162348581764,228800000.0,121600000.0,1600000.0,352000000.0,94237768786.26369
CENTRAL_EXPLORATORY,TIME_AND_RESISTANCE_DIAGNOSTIC,59,38,INTERVAL_COMPLETED_AND_CAPTURED,16.038174398069987,1746.03817439807,213.9696000000001,29.00791851335602,232000000.0,118400000.0,1600000.0,352000000.0,97609283031.39035
CENTRAL_EXPLORATORY,TIME_AND_RESISTANCE_DIAGNOSTIC,60,37,INTERVAL_COMPLETED_AND_CAPTURED,16.162743683163416,1746.1627436831634,217.6272000000001,29.311728021908326,235200000.0,115200000.0,1600000.0,352000000.0,101039262196.5263
CENTRAL_EXPLORATORY,TIME_AND_RESISTANCE_DIAGNOSTIC,61,36,INTERVAL_COMPLETED_AND_CAPTURED,16.286046130326397,1746.2860461303264,221.2848000000001,29.612668204287274,238400000.0,112000000.0,1600000.0,352000000.0,104527686086.72302
CENTRAL_EXPLORATORY,TIME_AND_RESISTANCE_DIAGNOSTIC,62,35,INTERVAL_COMPLETED_AND_CAPTURED,16.408118784382612,1746.4081187843826,224.9424000000001,29.9108132865846,241600000.0,108800000.0,1600000.0,352000000.0,108074535576.96303
CENTRAL_EXPLORATORY,TIME_AND_RESISTANCE_DIAGNOSTIC,63,34,INTERVAL_COMPLETED_AND_CAPTURED,16.52899695474416,1746.5289969547441,228.6000000000001,30.206234550787215,244800000.0,105600000.0,1600000.0,352000000.0,111679792542.22977
CENTRAL_EXPLORATORY,TIME_AND_RESISTANCE_DIAGNOSTIC,64,33,INTERVAL_COMPLETED_AND_CAPTURED,16.64871432516545,1746.6487143251654,232.2576000000001,30.499000485075573,248000000.0,102400000.0,1600000.0,352000000.0,115343439792.99138
CENTRAL_EXPLORATORY,TIME_AND_RESISTANCE_DIAGNOSTIC,65,32,INTERVAL_COMPLETED_AND_CAPTURED,16.76730305486649,1746.7673030548665,235.9152000000001,30.789176925170064,251200000.0,99200000.0,1600000.0,352000000.0,119065461015.61574
CENTRAL_EXPLORATORY,TIME_AND_RESISTANCE_DIAGNOSTIC,66,31,INTERVAL_COMPLETED_AND_CAPTURED,16.884793871829586,1746.8847938718295,239.57280000000011,31.07682718729423,254400000.0,96000000.0,1600000.0,352000000.0,122845840717.28242
CENTRAL_EXPLORATORY,TIME_AND_RESISTANCE_DIAGNOSTIC,67,30,INTERVAL_COMPLETED_AND_CAPTURED,17.00121615898766,1747.0012161589877,243.23040000000012,31.362012193290735,257600000.0,92800000.0,1600000.0,352000000.0,126684564175.00064
CENTRAL_EXPLORATORY,TIME_AND_RESISTANCE_DIAGNOSTIC,68,29,INTERVAL_COMPLETED_AND_CAPTURED,17.116598033946534,1747.1165980339465,246.88800000000012,31.644790588393597,260800000.0,89600000.0,1600000.0,352000000.0,130581617388.38023
CENTRAL_EXPLORATORY,TIME_AND_RESISTANCE_DIAGNOSTIC,69,28,INTERVAL_COMPLETED_AND_CAPTURED,17.230966422816966,1747.230966422817,250.54560000000012,31.925218852129237,264000000.0,86400000.0,1600000.0,352000000.0,134536987035.83795
CENTRAL_EXPLORATORY,TIME_AND_RESISTANCE_DIAGNOSTIC,70,27,INTERVAL_COMPLETED_AND_CAPTURED,17.344347128673217,1747.3443471286732,254.20320000000012,32.203351402788556,267200000.0,83200000.0,1600000.0,352000000.0,138550660433.9502
CENTRAL_EXPLORATORY,TIME_AND_RESISTANCE_DIAGNOSTIC,71,26,INTERVAL_COMPLETED_AND_CAPTURED,17.45676489510277,1747.4567648951029,257.8608000000001,32.4792406958838,270400000.0,80000000.0,1600000.0,352000000.0,142622625499.6921
CENTRAL_EXPLORATORY,TIME_AND_RESISTANCE_DIAGNOSTIC,72,25,INTERVAL_COMPLETED_AND_CAPTURED,17.568243465265624,1747.5682434652656,261.5184000000001,32.75293731697683,273600000.0,76800000.0,1600000.0,352000000.0,146752870715.3265
CENTRAL_EXPLORATORY,TIME_AND_RESISTANCE_DIAGNOSTIC,73,24,INTERVAL_COMPLETED_AND_CAPTURED,17.678805636840522,1747.6788056368405,265.1760000000001,33.02449006923949,276800000.0,73600000.0,1600000.0,352000000.0,150941385095.72842
CENTRAL_EXPLORATORY,TIME_AND_RESISTANCE_DIAGNOSTIC,74,23,INTERVAL_COMPLETED_AND_CAPTURED,17.788473313198914,1747.788473313199,268.8336000000001,33.29394605608287,280000000.0,70400000.0,1600000.0,352000000.0,155188158157.94986
CENTRAL_EXPLORATORY,TIME_AND_RESISTANCE_DIAGNOSTIC,75,22,INTERVAL_COMPLETED_AND_CAPTURED,17.897267551114943,1747.897267551115,272.4912000000001,33.56135075916947,283200000.0,67200000.0,1600000.0,352000000.0,159493179892.84872
CENTRAL_EXPLORATORY,TIME_AND_RESISTANCE_DIAGNOSTIC,76,21,INTERVAL_COMPLETED_AND_CAPTURED,18.005208605290733,1748.0052086052908,276.1488000000001,33.82674811210079,286400000.0,64000000.0,1600000.0,352000000.0,163856440738.61844
CENTRAL_EXPLORATORY,TIME_AND_RESISTANCE_DIAGNOSTIC,77,20,INTERVAL_COMPLETED_AND_CAPTURED,18.11231596995018,1748.1123159699503,279.8064000000001,34.090180570053505,289600000.0,60800000.0,1600000.0,352000000.0,168277931556.07397
CENTRAL_EXPLORATORY,TIME_AND_RESISTANCE_DIAGNOSTIC,78,19,INTERVAL_COMPLETED_AND_CAPTURED,18.21860841773139,1748.2186084177315,283.4640000000001,34.351689175618276,292800000.0,57600000.0,1600000.0,352000000.0,172757643605.55762
CENTRAL_EXPLORATORY,TIME_AND_RESISTANCE_DIAGNOSTIC,79,18,INTERVAL_COMPLETED_AND_CAPTURED,18.324104036086865,1748.324104036087,287.1216000000001,34.61131362107828,296000000.0,54400000.0,1600000.0,352000000.0,177295568525.34256
CENTRAL_EXPLORATORY,TIME_AND_RESISTANCE_DIAGNOSTIC,80,17,INTERVAL_COMPLETED_AND_CAPTURED,18.428820261382036,1748.428820261382,290.7792000000001,34.86909230734848,299200000.0,51200000.0,1600000.0,352000000.0,181891698311.423
CENTRAL_EXPLORATORY,TIME_AND_RESISTANCE_DIAGNOSTIC,81,16,INTERVAL_COMPLETED_AND_CAPTURED,18.53277391086575,1748.5327739108657,294.4368000000001,35.12506239978142,302400000.0,48000000.0,1600000.0,352000000.0,186546025298.58704
CENTRAL_EXPLORATORY,TIME_AND_RESISTANCE_DIAGNOSTIC,82,15,INTERVAL_COMPLETED_AND_CAPTURED,18.635981212671286,1748.6359812126714,298.0944000000001,35.37925988103162,305600000.0,44800000.0,1600000.0,352000000.0,191258542142.67886
CENTRAL_EXPLORATORY,TIME_AND_RESISTANCE_DIAGNOSTIC,83,14,INTERVAL_COMPLETED_AND_CAPTURED,18.73845783399281,1748.738457833993,301.7520000000001,35.63171960115754,308800000.0,41600000.0,1600000.0,352000000.0,196029241803.96344
CENTRAL_EXPLORATORY,TIME_AND_RESISTANCE_DIAGNOSTIC,84,13,INTERVAL_COMPLETED_AND_CAPTURED,18.840218907569792,1748.8402189075698,305.4096000000001,35.88247532512818,312000000.0,38400000.0,1600000.0,352000000.0,200858117531.51556
CENTRAL_EXPLORATORY,TIME_AND_RESISTANCE_DIAGNOSTIC,85,12,INTERVAL_COMPLETED_AND_CAPTURED,18.941279056600827,1748.941279056601,309.0672000000001,36.13155977789006,315200000.0,35200000.0,1600000.0,352000000.0,205745162848.55908
CENTRAL_EXPLORATORY,TIME_AND_RESISTANCE_DIAGNOSTIC,86,11,INTERVAL_COMPLETED_AND_CAPTURED,19.041652418198225,1749.0416524181983,312.72480000000013,36.37900468714,318400000.0,32000000.0,1600000.0,352000000.0,210690371538.69104
CENTRAL_EXPLORATORY,TIME_AND_RESISTANCE_DIAGNOSTIC,87,10,INTERVAL_COMPLETED_AND_CAPTURED,19.14135266548557,1749.1413526654856,316.38240000000013,36.62484082393944,321600000.0,28800000.0,1600000.0,352000000.0,215693737632.92725
CENTRAL_EXPLORATORY,TIME_AND_RESISTANCE_DIAGNOSTIC,88,9,INTERVAL_COMPLETED_AND_CAPTURED,19.240393028432152,1749.2403930284322,320.04000000000013,36.86909804129718,324800000.0,25600000.0,1600000.0,352000000.0,220755255397.51443
CENTRAL_EXPLORATORY,TIME_AND_RESISTANCE_DIAGNOSTIC,89,8,INTERVAL_COMPLETED_AND_CAPTURED,19.33878631351069,1749.3387863135106,323.69760000000014,37.11180531083887,328000000.0,22400000.0,1600000.0,352000000.0,225874919322.4557
CENTRAL_EXPLORATORY,TIME_AND_RESISTANCE_DIAGNOSTIC,90,7,INTERVAL_COMPLETED_AND_CAPTURED,19.436544922257895,1749.4365449222578,327.35520000000014,37.35299075767401,331200000.0,19200000.0,1600000.0,352000000.0,231052724110.7009
CENTRAL_EXPLORATORY,TIME_AND_RESISTANCE_DIAGNOSTIC,91,6,INTERVAL_COMPLETED_AND_CAPTURED,19.533680868811203,1749.5336808688112,331.01280000000014,37.592681693564,334400000.0,16000000.0,1600000.0,352000000.0,236288664667.9576
CENTRAL_EXPLORATORY,TIME_AND_RESISTANCE_DIAGNOSTIC,92,5,INTERVAL_COMPLETED_AND_CAPTURED,19.630205796489285,1749.6302057964892,334.67040000000014,37.83090464848809,337600000.0,12800000.0,1600000.0,352000000.0,241582736093.082
CENTRAL_EXPLORATORY,TIME_AND_RESISTANCE_DIAGNOSTIC,93,4,INTERVAL_COMPLETED_AND_CAPTURED,19.72613099347883,1749.7261309934788,338.32800000000015,38.067685400697734,340800000.0,9600000.0,1600000.0,352000000.0,246934933669.01083
CENTRAL_EXPLORATORY,TIME_AND_RESISTANCE_DIAGNOSTIC,94,3,INTERVAL_COMPLETED_AND_CAPTURED,19.82146740768532,1749.8214674076853,341.98560000000015,38.30304900534435,344000000.0,6400000.0,1600000.0,352000000.0,252345252854.19943
CENTRAL_EXPLORATORY,TIME_AND_RESISTANCE_DIAGNOSTIC,95,2,INTERVAL_COMPLETED_AND_CAPTURED,19.916225660801217,1749.9162256608013,345.64320000000015,38.537019821759756,347200000.0,3200000.0,1600000.0,352000000.0,257813689274.53348
CENTRAL_EXPLORATORY,TIME_AND_RESISTANCE_DIAGNOSTIC,96,1,INTERVAL_COMPLETED_AND_CAPTURED,20.010416061640985,1750.010416061641,349.30080000000015,38.76962153946388,350400000.0,0.0,1600000.0,352000000.0,263340238715.6834
CENTRAL_EXPLORATORY,V11B_CORRECTED,0,96,CAPACITY_TRIGGER_AT_REST,0.0,1730.0,0.0,0.0,46400000.0,305600000.0,0.0,352000000.0,0.0
CENTRAL_EXPLORATORY,V11B_CORRECTED,1,96,INTERVAL_COMPLETED_AND_CAPTURED,1.0328563562754403,1731.0328563562755,1.8288,3.423205926475521,48000000.0,304000000.0,0.0,352000000.0,281240131.56137115
CENTRAL_EXPLORATORY,V11B_CORRECTED,2,95,INTERVAL_COMPLETED_AND_CAPTURED,1.8127789574381925,1731.8127789574382,5.4864,5.583924677167358,51200000.0,300800000.0,0.0,352000000.0,798213498.8871318
CENTRAL_EXPLORATORY,V11B_CORRECTED,3,94,INTERVAL_COMPLETED_AND_CAPTURED,2.3790911594444055,1732.3790911594444,9.144,6.9019594085453955,54400000.0,297600000.0,0.0,352000000.0,1295727588.0200658
CENTRAL_EXPLORATORY,V11B_CORRECTED,4,93,INTERVAL_COMPLETED_AND_CAPTURED,2.8794299011129296,1732.8794299011129,12.8016,7.2897279248193,57600000.0,294400000.0,0.0,352000000.0,1530435836.6752408
CENTRAL_EXPLORATORY,V11B_CORRECTED,5,92,INTERVAL_COMPLETED_AND_CAPTURED,3.3733126067243244,1733.3733126067243,16.4592,7.1259973405360535,60800000.0,291200000.0,0.0,352000000.0,1543707078.1587381
CENTRAL_EXPLORATORY,V11B_CORRECTED,6,91,INTERVAL_COMPLETED_AND_CAPTURED,3.8719954605219495,1733.871995460522,20.116799999999998,7.165892946489851,64000000.0,288000000.0,0.0,352000000.0,1643200695.057696
CENTRAL_EXPLORATORY,V11B_CORRECTED,7,90,INTERVAL_COMPLETED_AND_CAPTURED,4.362815516115157,1734.3628155161152,23.774399999999996,7.369660481566616,67200000.0,284800000.0,0.0,352000000.0,1824879692.6157732
CENTRAL_EXPLORATORY,V11B_CORRECTED,8,89,INTERVAL_COMPLETED_AND_CAPTURED,4.836803631424983,1734.836803631425,27.431999999999995,7.69710887858086,70400000.0,281600000.0,0.0,352000000.0,2085441075.1232362
CENTRAL_EXPLORATORY,V11B_CORRECTED,9,88,INTERVAL_COMPLETED_AND_CAPTURED,5.288950954796021,1735.288950954796,31.089599999999994,8.112919582682723,73600000.0,278400000.0,0.0,352000000.0,2422156280.906827
CENTRAL_EXPLORATORY,V11B_CORRECTED,10,87,INTERVAL_COMPLETED_AND_CAPTURED,5.717359934649105,1735.717359934649,34.74719999999999,8.588921383720624,76800000.0,275200000.0,0.0,352000000.0,2832751508.5721626
CENTRAL_EXPLORATORY,V11B_CORRECTED,11,86,INTERVAL_COMPLETED_AND_CAPTURED,6.122134973873928,1736.122134973874,38.404799999999994,9.104005663646035,80000000.0,272000000.0,0.0,352000000.0,3315316764.947963
CENTRAL_EXPLORATORY,V11B_CORRECTED,12,85,INTERVAL_COMPLETED_AND_CAPTURED,6.504475730387144,1736.5044757303872,42.0624,9.642947679579677,83200000.0,268800000.0,0.0,352000000.0,3868235901.966221
CENTRAL_EXPLORATORY,V11B_CORRECTED,13,84,INTERVAL_COMPLETED_AND_CAPTURED,6.866075984326146,1736.8660759843262,45.72,10.195010808785728,86400000.0,265600000.0,0.0,352000000.0,4490132200.902338
CENTRAL_EXPLORATORY,V11B_CORRECTED,14,83,INTERVAL_COMPLETED_AND_CAPTURED,7.208772741206958,1737.208772741207,49.3776,10.752725585884724,89600000.0,262400000.0,0.0,352000000.0,5179825617.135231
CENTRAL_EXPLORATORY,V11B_CORRECTED,15,82,INTERVAL_COMPLETED_AND_CAPTURED,7.534361113021854,1737.5343611130218,53.0352,11.310944950100568,92800000.0,259200000.0,0.0,352000000.0,5936298870.819138
CENTRAL_EXPLORATORY,V11B_CORRECTED,16,81,INTERVAL_COMPLETED_AND_CAPTURED,7.84450755192122,1737.8445075519212,56.692800000000005,11.866154880777744,96000000.0,256000000.0,0.0,352000000.0,6758670319.421062
CENTRAL_EXPLORATORY,V11B_CORRECTED,17,80,INTERVAL_COMPLETED_AND_CAPTURED,8.140717386105498,1738.1407173861055,60.35040000000001,12.415985469390089,99200000.0,252800000.0,0.0,352000000.0,7646172080.734848
CENTRAL_EXPLORATORY,V11B_CORRECTED,18,79,INTERVAL_COMPLETED_AND_CAPTURED,8.424330517366863,1738.4243305173668,64.00800000000001,12.958868417448507,102400000.0,249600000.0,0.0,352000000.0,8598132257.83011
CENTRAL_EXPLORATORY,V11B_CORRECTED,19,78,INTERVAL_COMPLETED_AND_CAPTURED,8.696530613909617,1738.6965306139095,67.66560000000001,13.49379795514703,105600000.0,246400000.0,0.0,352000000.0,9613960395.828634
CENTRAL_EXPLORATORY,V11B_CORRECTED,20,77,INTERVAL_COMPLETED_AND_CAPTURED,8.958359899319621,1738.9583598993197,71.32320000000001,14.02016372597558,108800000.0,243200000.0,0.0,352000000.0,10693135505.131983
CENTRAL_EXPLORATORY,V11B_CORRECTED,21,76,INTERVAL_COMPLETED_AND_CAPTURED,9.210735453431413,1739.2107354534314,74.98080000000002,14.537633513580564,112000000.0,240000000.0,0.0,352000000.0,11835196137.810123
CENTRAL_EXPLORATORY,V11B_CORRECTED,22,75,INTERVAL_COMPLETED_AND_CAPTURED,9.454465029594264,1739.4544650295943,78.63840000000002,15.04607052218035,115200000.0,236800000.0,0.0,352000000.0,13039732117.925251
CENTRAL_EXPLORATORY,V11B_CORRECTED,23,74,INTERVAL_COMPLETED_AND_CAPTURED,9.690261508846886,1739.6902615088468,82.29600000000002,15.54547471135642,118400000.0,233600000.0,0.0,352000000.0,14306377612.88418
CENTRAL_EXPLORATORY,V11B_CORRECTED,24,73,INTERVAL_COMPLETED_AND_CAPTURED,9.918755691077008,1739.918755691077,85.95360000000002,16.035940974591668,121600000.0,230400000.0,0.0,352000000.0,15634805298.787748
CENTRAL_EXPLORATORY,V11B_CORRECTED,25,72,INTERVAL_COMPLETED_AND_CAPTURED,10.140507411567118,1740.1405074115671,89.61120000000003,16.517629191056724,124800000.0,227200000.0,0.0,352000000.0,17024721423.41875
CENTRAL_EXPLORATORY,V11B_CORRECTED,26,71,INTERVAL_COMPLETED_AND_CAPTURED,10.356015103981166,1740.3560151039812,93.26880000000003,16.990742704568255,128000000.0,224000000.0,0.0,352000000.0,18475861609.781723
CENTRAL_EXPLORATORY,V11B_CORRECTED,27,70,INTERVAL_COMPLETED_AND_CAPTURED,10.565723982025375,1740.5657239820255,96.92640000000003,17.455512824137823,131200000.0,220800000.0,0.0,352000000.0,19987987273.75878
CENTRAL_EXPLORATORY,V11B_CORRECTED,28,69,INTERVAL_COMPLETED_AND_CAPTURED,10.770033021979193,1740.770033021979,100.58400000000003,17.91218765450977,134400000.0,217600000.0,0.0,352000000.0,21560882553.52901
CENTRAL_EXPLORATORY,V11B_CORRECTED,29,68,INTERVAL_COMPLETED_AND_CAPTURED,10.969300918655259,1740.9693009186553,104.24160000000003,18.361024058276737,137600000.0,214400000.0,0.0,352000000.0,23194351667.44086
CENTRAL_EXPLORATORY,V11B_CORRECTED,30,67,INTERVAL_COMPLETED_AND_CAPTURED,11.16385116952661,1741.1638511695267,107.89920000000004,18.802281894341984,140800000.0,211200000.0,0.0,352000000.0,24888216632.174747
CENTRAL_EXPLORATORY,V11B_CORRECTED,31,66,INTERVAL_COMPLETED_AND_CAPTURED,11.353976421619643,1741.3539764216196,111.55680000000004,19.23621991811808,144000000.0,208000000.0,0.0,352000000.0,26642315285.1506
CENTRAL_EXPLORATORY,V11B_CORRECTED,32,65,INTERVAL_COMPLETED_AND_CAPTURED,11.53994219617689,1741.539942196177,115.21440000000004,19.663092898853527,147200000.0,204800000.0,0.0,352000000.0,28456499564.88228
CENTRAL_EXPLORATORY,V11B_CORRECTED,33,64,INTERVAL_COMPLETED_AND_CAPTURED,11.721990088309557,1741.7219900883097,118.87200000000004,20.083149630488762,150400000.0,201600000.0,0.0,352000000.0,30330634010.861187
CENTRAL_EXPLORATORY,V11B_CORRECTED,34,63,INTERVAL_COMPLETED_AND_CAPTURED,11.900340523317746,1741.9003405233177,122.52960000000004,20.496631599203546,153600000.0,198400000.0,0.0,352000000.0,32264594450.954445
CENTRAL_EXPLORATORY,V11B_CORRECTED,35,62,INTERVAL_COMPLETED_AND_CAPTURED,12.075195138072091,1742.075195138072,126.18720000000005,20.903772133451604,156800000.0,195200000.0,0.0,352000000.0,34258266849.529797
CENTRAL_EXPLORATORY,V11B_CORRECTED,36,61,INTERVAL_COMPLETED_AND_CAPTURED,12.246738844648188,1742.2467388446482,129.84480000000005,21.304795907789636,160000000.0,192000000.0,0.0,352000000.0,36311546293.8056
CENTRAL_EXPLORATORY,V11B_CORRECTED,37,60,INTERVAL_COMPLETED_AND_CAPTURED,12.41514162403519,1742.4151416240352,133.50240000000005,21.699918705078826,163200000.0,188800000.0,0.0,352000000.0,38424336099.45364
CENTRAL_EXPLORATORY,V11B_CORRECTED,38,59,INTERVAL_COMPLETED_AND_CAPTURED,12.580560089939864,1742.5805600899398,137.16000000000005,22.089347366097467,166400000.0,185600000.0,0.0,352000000.0,40596547019.40174
CENTRAL_EXPLORATORY,V11B_CORRECTED,39,58,INTERVAL_COMPLETED_AND_CAPTURED,12.743138856230237,1742.7431388562302,140.81760000000006,22.47327987367952,169600000.0,182400000.0,0.0,352000000.0,42828096542.20582
CENTRAL_EXPLORATORY,V11B_CORRECTED,40,57,INTERVAL_COMPLETED_AND_CAPTURED,12.903011736189342,1742.9030117361895,144.47520000000006,22.85190553191549,172800000.0,179200000.0,0.0,352000000.0,45118908268.38057
CENTRAL_EXPLORATORY,V11B_CORRECTED,41,56,INTERVAL_COMPLETED_AND_CAPTURED,13.060302797290657,1743.0603027972907,148.13280000000006,23.225405210959416,176000000.0,176000000.0,0.0,352000000.0,47468911354.76695
CENTRAL_EXPLORATORY,V11B_CORRECTED,42,55,INTERVAL_COMPLETED_AND_CAPTURED,13.215127291503485,1743.2151272915034,151.79040000000006,23.59395163547509,179200000.0,172800000.0,0.0,352000000.0,49878040018.43154
CENTRAL_EXPLORATORY,V11B_CORRECTED,43,54,INTERVAL_COMPLETED_AND_CAPTURED,13.367592478055927,1743.367592478056,155.44800000000006,23.95770970037783,182400000.0,169600000.0,0.0,352000000.0,52346233092.78711
CENTRAL_EXPLORATORY,V11B_CORRECTED,44,53,INTERVAL_COMPLETED_AND_CAPTURED,13.517798353015866,1743.517798353016,159.10560000000007,24.316836801760335,185600000.0,166400000.0,0.0,352000000.0,54873433629.631775
CENTRAL_EXPLORATORY,V11B_CORRECTED,45,52,INTERVAL_COMPLETED_AND_CAPTURED,13.665838297906163,1743.6658382979062,162.76320000000007,24.671483174083722,188800000.0,163200000.0,0.0,352000000.0,57459588541.65868
CENTRAL_EXPLORATORY,V11B_CORRECTED,46,51,INTERVAL_COMPLETED_AND_CAPTURED,13.811799657775081,1743.811799657775,166.42080000000007,25.02179222712565,192000000.0,160000000.0,0.0,352000000.0,60104648280.71479
CENTRAL_EXPLORATORY,V11B_CORRECTED,47,50,INTERVAL_COMPLETED_AND_CAPTURED,13.95576425763638,1743.9557642576365,170.07840000000007,25.367900877999475,195200000.0,156800000.0,0.0,352000000.0,62808566547.70623
CENTRAL_EXPLORATORY,V11B_CORRECTED,48,49,INTERVAL_COMPLETED_AND_CAPTURED,14.09780886492566,1744.0978088649256,173.73600000000008,25.70993987493469,198400000.0,153600000.0,0.0,352000000.0,65571300030.57748
CENTRAL_EXPLORATORY,V11B_CORRECTED,49,48,INTERVAL_COMPLETED_AND_CAPTURED,14.238005604549958,1744.23800560455,177.39360000000008,26.04803411054765,201600000.0,150400000.0,0.0,352000000.0,68392808167.2448
CENTRAL_EXPLORATORY,V11B_CORRECTED,50,47,INTERVAL_COMPLETED_AND_CAPTURED,14.37642233220266,1744.3764223322028,181.05120000000008,26.38230292311308,204800000.0,147200000.0,0.0,352000000.0,71273052930.75465
CENTRAL_EXPLORATORY,V11B_CORRECTED,51,46,INTERVAL_COMPLETED_AND_CAPTURED,14.51312297084837,1744.5131229708484,184.70880000000008,26.71286038493332,208000000.0,144000000.0,0.0,352000000.0,74211998634.27376
CENTRAL_EXPLORATORY,V11B_CORRECTED,52,45,INTERVAL_COMPLETED_AND_CAPTURED,14.64816781462956,1744.6481678146295,188.36640000000008,27.039815577339052,211200000.0,140800000.0,0.0,352000000.0,77209611753.8072
CENTRAL_EXPLORATORY,V11B_CORRECTED,53,44,INTERVAL_COMPLETED_AND_CAPTURED,14.781613803890282,1744.7816138038902,192.0240000000001,27.36327285217846,214400000.0,137600000.0,0.0,352000000.0,80265860766.7926
CENTRAL_EXPLORATORY,V11B_CORRECTED,54,43,INTERVAL_COMPLETED_AND_CAPTURED,14.913514774536393,1744.9135147745365,195.6816000000001,27.683332079888196,217600000.0,134400000.0,0.0,352000000.0,83380716004.93591
CENTRAL_EXPLORATORY,V11B_CORRECTED,55,42,INTERVAL_COMPLETED_AND_CAPTURED,15.043921684543838,1745.0439216845439,199.3392000000001,28.000088884409305,220800000.0,131200000.0,0.0,352000000.0,86554149519.84428
CENTRAL_EXPLORATORY,V11B_CORRECTED,56,41,INTERVAL_COMPLETED_AND_CAPTURED,15.172882820076195,1745.1728828200762,202.9968000000001,28.31363486533094,224000000.0,128000000.0,0.0,352000000.0,89786134960.17578
CENTRAL_EXPLORATORY,V11B_CORRECTED,57,40,INTERVAL_COMPLETED_AND_CAPTURED,15.300443983370757,1745.3004439833708,206.6544000000001,28.624057807725794,227200000.0,124800000.0,0.0,352000000.0,93076647459.17119
CENTRAL_EXPLORATORY,V11B_CORRECTED,58,39,INTERVAL_COMPLETED_AND_CAPTURED,15.426648664291802,1745.4266486642919,210.3120000000001,28.93144188019317,230400000.0,121600000.0,0.0,352000000.0,96425663531.55785
CENTRAL_EXPLORATORY,V11B_CORRECTED,59,38,INTERVAL_COMPLETED_AND_CAPTURED,15.551538197224158,1745.551538197224,213.9696000000001,29.23586782165595,233600000.0,118400000.0,0.0,352000000.0,99833160978.92746
CENTRAL_EXPLORATORY,V11B_CORRECTED,60,37,INTERVAL_COMPLETED_AND_CAPTURED,15.675151904784434,1745.6751519047843,217.6272000000001,29.53741311747147,236800000.0,115200000.0,0.0,352000000.0,103299118802.7856
CENTRAL_EXPLORATORY,V11B_CORRECTED,61,36,INTERVAL_COMPLETED_AND_CAPTURED,15.797527229657211,1745.7975272296571,221.2848000000001,29.836152165418042,240000000.0,112000000.0,0.0,352000000.0,106823517124.55756
CENTRAL_EXPLORATORY,V11B_CORRECTED,62,35,INTERVAL_COMPLETED_AND_CAPTURED,15.918699855715186,1745.9186998557152,224.9424000000001,30.132156432111778,243200000.0,108800000.0,0.0,352000000.0,110406337111.90942
CENTRAL_EXPLORATORY,V11B_CORRECTED,63,34,INTERVAL_COMPLETED_AND_CAPTURED,16.038703819452852,1746.0387038194528,228.6000000000001,30.425494600394835,246400000.0,105600000.0,0.0,352000000.0,114047560910.81032
CENTRAL_EXPLORATORY,V11B_CORRECTED,64,33,INTERVAL_COMPLETED_AND_CAPTURED,16.157571612650006,1746.15757161265,232.2576000000001,30.716232708218346,249600000.0,102400000.0,0.0,352000000.0,117747171582.82074
CENTRAL_EXPLORATORY,V11B_CORRECTED,65,32,INTERVAL_COMPLETED_AND_CAPTURED,16.27533427708207,1746.275334277082,235.9152000000001,31.004434279522417,252800000.0,99200000.0,0.0,352000000.0,121505153047.1436
CENTRAL_EXPLORATORY,V11B_CORRECTED,66,31,INTERVAL_COMPLETED_AND_CAPTURED,16.39202149200693,1746.392021492007,239.57280000000011,31.290160447592907,256000000.0,96000000.0,0.0,352000000.0,125321490027.02176
CENTRAL_EXPLORATORY,V11B_CORRECTED,67,30,INTERVAL_COMPLETED_AND_CAPTURED,16.507661655081204,1746.5076616550812,243.23040000000012,31.573470071350965,259200000.0,92800000.0,0.0,352000000.0,129196168000.10576
CENTRAL_EXPLORATORY,V11B_CORRECTED,68,29,INTERVAL_COMPLETED_AND_CAPTURED,16.622281957291094,1746.622281957291,246.88800000000012,31.85441984500728,262400000.0,89600000.0,0.0,352000000.0,133129173152.45354
CENTRAL_EXPLORATORY,V11B_CORRECTED,69,28,INTERVAL_COMPLETED_AND_CAPTURED,16.73590845242314,1746.7359084524232,250.54560000000012,32.133064401488916,265600000.0,86400000.0,0.0,352000000.0,137120492335.8551
CENTRAL_EXPLORATORY,V11B_CORRECTED,70,27,INTERVAL_COMPLETED_AND_CAPTURED,16.848566121547186,1746.8485661215473,254.20320000000012,32.40945641002325,268800000.0,83200000.0,0.0,352000000.0,141170113028.20572
CENTRAL_EXPLORATORY,V11B_CORRECTED,71,26,INTERVAL_COMPLETED_AND_CAPTURED,16.960278932936927,1746.960278932937,257.8608000000001,32.68364666824043,272000000.0,80000000.0,0.0,352000000.0,145278023296.67618
CENTRAL_EXPLORATORY,V11B_CORRECTED,72,25,INTERVAL_COMPLETED_AND_CAPTURED,17.071069897811633,1747.0710698978116,261.5184000000001,32.95568418913387,275200000.0,76800000.0,0.0,352000000.0,149444211763.45248
CENTRAL_EXPLORATORY,V11B_CORRECTED,73,24,INTERVAL_COMPLETED_AND_CAPTURED,17.180961122245584,1747.1809611222457,265.1760000000001,33.22561628319731,278400000.0,73600000.0,0.0,352000000.0,153668667573.83868
CENTRAL_EXPLORATORY,V11B_CORRECTED,74,23,INTERVAL_COMPLETED_AND_CAPTURED,17.2899738555586,1747.2899738555586,268.8336000000001,33.49348863603664,281600000.0,70400000.0,0.0,352000000.0,157951380366.534
CENTRAL_EXPLORATORY,V11B_CORRECTED,75,22,INTERVAL_COMPLETED_AND_CAPTURED,17.398128535471592,1747.3981285354716,272.4912000000001,33.75934538173585,284800000.0,67200000.0,0.0,352000000.0,162292340245.91412
CENTRAL_EXPLORATORY,V11B_CORRECTED,76,21,INTERVAL_COMPLETED_AND_CAPTURED,17.505444830284596,1747.5054448302847,276.1488000000001,34.023229172238615,288000000.0,64000000.0,0.0,352000000.0,166691537756.16028
CENTRAL_EXPLORATORY,V11B_CORRECTED,77,20,INTERVAL_COMPLETED_AND_CAPTURED,17.61194167831119,1747.6119416783113,279.8064000000001,34.28518124298975,291200000.0,60800000.0,0.0,352000000.0,171148963857.09396
CENTRAL_EXPLORATORY,V11B_CORRECTED,78,19,INTERVAL_COMPLETED_AND_CAPTURED,17.71763732478197,1747.717637324782,283.4640000000001,34.545241475065296,294400000.0,57600000.0,0.0,352000000.0,175664609901.58813
CENTRAL_EXPLORATORY,V11B_CORRECTED,79,18,INTERVAL_COMPLETED_AND_CAPTURED,17.822549356410704,1747.8225493564107,287.1216000000001,34.803448454004645,297600000.0,54400000.0,0.0,352000000.0,180238467614.43506
CENTRAL_EXPLORATORY,V11B_CORRECTED,80,17,INTERVAL_COMPLETED_AND_CAPTURED,17.9266947337998,1747.9266947337999,290.7792000000001,35.05983952554458,300800000.0,51200000.0,0.0,352000000.0,184870529072.56348
CENTRAL_EXPLORATORY,V11B_CORRECTED,81,16,INTERVAL_COMPLETED_AND_CAPTURED,18.030089821846143,1748.030089821846,294.4368000000001,35.31445084844174,304000000.0,48000000.0,0.0,352000000.0,189560786686.5051
CENTRAL_EXPLORATORY,V11B_CORRECTED,82,15,INTERVAL_COMPLETED_AND_CAPTURED,18.13275041829466,1748.1327504182946,298.0944000000001,35.56731744455787,307200000.0,44800000.0,0.0,352000000.0,194309233183.01962
CENTRAL_EXPLORATORY,V11B_CORRECTED,83,14,INTERVAL_COMPLETED_AND_CAPTURED,18.2346917805743,1748.2346917805744,301.7520000000001,35.81847324637097,310400000.0,41600000.0,0.0,352000000.0,199115861588.79413
CENTRAL_EXPLORATORY,V11B_CORRECTED,84,13,INTERVAL_COMPLETED_AND_CAPTURED,18.335928651039854,1748.33592865104,305.4096000000001,36.06795114206456,313600000.0,38400000.0,0.0,352000000.0,203980665215.14062
CENTRAL_EXPLORATORY,V11B_CORRECTED,85,12,INTERVAL_COMPLETED_AND_CAPTURED,18.436475280732775,1748.4364752807328,309.0672000000001,36.31578301833767,316800000.0,35200000.0,0.0,352000000.0,208903637643.62122
CENTRAL_EXPLORATORY,V11B_CORRECTED,86,11,INTERVAL_COMPLETED_AND_CAPTURED,18.536345451764845,1748.5363454517649,312.72480000000013,36.5619998010687,320000000.0,32000000.0,0.0,352000000.0,213884772712.53564
CENTRAL_EXPLORATORY,V11B_CORRECTED,87,10,INTERVAL_COMPLETED_AND_CAPTURED,18.63555249842015,1748.63555249842,316.38240000000013,36.8066314939577,323200000.0,28800000.0,0.0,352000000.0,218924064504.21106
CENTRAL_EXPLORATORY,V11B_CORRECTED,88,9,INTERVAL_COMPLETED_AND_CAPTURED,18.73410932706314,1748.7341093270632,320.04000000000013,37.04970721526376,326400000.0,25600000.0,0.0,352000000.0,224021507333.04044
CENTRAL_EXPLORATORY,V11B_CORRECTED,89,8,INTERVAL_COMPLETED_AND_CAPTURED,18.832028434933587,1748.8320284349336,323.69760000000014,37.29125523274648,329600000.0,22400000.0,0.0,352000000.0,229177095734.21713
CENTRAL_EXPLORATORY,V11B_CORRECTED,90,7,INTERVAL_COMPLETED_AND_CAPTURED,18.929321927902926,1748.929321927903,327.35520000000014,37.531302996913766,332800000.0,19200000.0,0.0,352000000.0,234390824453.11908
CENTRAL_EXPLORATORY,V11B_CORRECTED,91,6,INTERVAL_COMPLETED_AND_CAPTURED,19.026001537260708,1749.0260015372608,331.01280000000014,37.76987717267153,336000000.0,16000000.0,0.0,352000000.0,239662688435.30057
CENTRAL_EXPLORATORY,V11B_CORRECTED,92,5,INTERVAL_COMPLETED_AND_CAPTURED,19.122078635594598,1749.1220786355946,334.67040000000014,38.00700366946487,339200000.0,12800000.0,0.0,352000000.0,244992682817.04947
CENTRAL_EXPLORATORY,V11B_CORRECTED,93,4,INTERVAL_COMPLETED_AND_CAPTURED,19.21756425182255,1749.2175642518225,338.32800000000015,38.24270766999481,342400000.0,9600000.0,0.0,352000000.0,250380802916.47476
CENTRAL_EXPLORATORY,V11B_CORRECTED,94,3,INTERVAL_COMPLETED_AND_CAPTURED,19.312469085431413,1749.3124690854313,341.98560000000015,38.47701365758914,345600000.0,6400000.0,0.0,352000000.0,255827044225.08884
CENTRAL_EXPLORATORY,V11B_CORRECTED,95,2,INTERVAL_COMPLETED_AND_CAPTURED,19.406803519972154,1749.406803519972,345.64320000000015,38.709945442301354,348800000.0,3200000.0,0.0,352000000.0,261331402399.85324
CENTRAL_EXPLORATORY,V11B_CORRECTED,96,1,INTERVAL_COMPLETED_AND_CAPTURED,19.500577635858257,1749.5005776358582,349.30080000000015,38.941526185806765,352000000.0,0.0,0.0,352000000.0,266893873255.6578
VULNERABLE_ENVELOPE,TIME_ONLY_DIAGNOSTIC,0,95,CAPACITY_TRIGGER_AT_REST,0.0,320.0,0.0,0.0,55800000.0,338400000.0,1800000.0,396000000.0,0.0
VULNERABLE_ENVELOPE,TIME_ONLY_DIAGNOSTIC,1,95,INTERVAL_COMPLETED_WITHOUT_CAPTURE,0.747968651140013,320.74796865114,2.7432,7.335066772702209,55800000.0,338400000.0,1800000.0,396000000.0,1501109407.2240002
VULNERABLE_ENVELOPE,TIME_ONLY_DIAGNOSTIC,2,94,INTERVAL_COMPLETED_AND_CAPTURED,1.1802344893219412,321.18023448932195,6.4008,9.006770782610483,59400000.0,334800000.0,1800000.0,396000000.0,2409321021.9354296
VULNERABLE_ENVELOPE,TIME_ONLY_DIAGNOSTIC,3,93,INTERVAL_COMPLETED_AND_CAPTURED,1.550181458450505,321.5501814584505,10.0584,10.151624169405874,63000000.0,331200000.0,1800000.0,396000000.0,3246247408.2212634
VULNERABLE_ENVELOPE,TIME_ONLY_DIAGNOSTIC,4,92,INTERVAL_COMPLETED_AND_CAPTURED,1.887423253880815,321.8874232538808,13.716000000000001,10.91587322515019,66600000.0,327600000.0,1800000.0,396000000.0,3967904399.309442
VULNERABLE_ENVELOPE,TIME_ONLY_DIAGNOSTIC,5,91,INTERVAL_COMPLETED_AND_CAPTURED,2.202701918240707,322.20270191824073,17.3736,11.656383234677602,70200000.0,324000000.0,1800000.0,396000000.0,4769081580.989924
VULNERABLE_ENVELOPE,TIME_ONLY_DIAGNOSTIC,6,90,INTERVAL_COMPLETED_AND_CAPTURED,2.499299241481981,322.499299241482,21.0312,12.372853914101132,73800000.0,320400000.0,1800000.0,396000000.0,5648929265.850475
VULNERABLE_ENVELOPE,TIME_ONLY_DIAGNOSTIC,7,89,INTERVAL_COMPLETED_AND_CAPTURED,2.779832061726025,322.77983206172604,24.688799999999997,13.065879433509433,77400000.0,316800000.0,1800000.0,396000000.0,6606755847.857885
VULNERABLE_ENVELOPE,TIME_ONLY_DIAGNOSTIC,8,88,INTERVAL_COMPLETED_AND_CAPTURED,3.0464085800937077,323.0464085800937,28.346399999999996,13.7364907132472,81000000.0,313200000.0,1800000.0,396000000.0,7641992673.162626
VULNERABLE_ENVELOPE,TIME_ONLY_DIAGNOSTIC,9,87,INTERVAL_COMPLETED_AND_CAPTURED,3.300746182585063,323.30074618258504,32.004,14.38590711097733,84600000.0,309600000.0,1800000.0,396000000.0,8754167880.059761
VULNERABLE_ENVELOPE,TIME_ONLY_DIAGNOSTIC,10,86,INTERVAL_COMPLETED_AND_CAPTURED,3.5442593727337,323.5442593727337,35.6616,15.015401500148414,88200000.0,306000000.0,1800000.0,396000000.0,9942886645.490072
VULNERABLE_ENVELOPE,TIME_ONLY_DIAGNOSTIC,11,85,INTERVAL_COMPLETED_AND_CAPTURED,3.778125492106841,323.7781254921068,39.3192,15.626227937403966,91800000.0,302400000.0,1800000.0,396000000.0,11207816079.423223
VULNERABLE_ENVELOPE,TIME_ONLY_DIAGNOSTIC,12,84,INTERVAL_COMPLETED_AND_CAPTURED,4.0033341700979825,324.00333417009796,42.976800000000004,16.219584364839548,95400000.0,298800000.0,1800000.0,396000000.0,12548673539.380638
VULNERABLE_ENVELOPE,TIME_ONLY_DIAGNOSTIC,13,83,INTERVAL_COMPLETED_AND_CAPTURED,4.22072487226762,324.2207248722676,46.63440000000001,16.796595070127697,99000000.0,295200000.0,1800000.0,396000000.0,13965217494.516985
VULNERABLE_ENVELOPE,TIME_ONLY_DIAGNOSTIC,14,82,INTERVAL_COMPLETED_AND_CAPTURED,4.431015701381819,324.4310157013818,50.29200000000001,17.358304276338743,102600000.0,291600000.0,1800000.0,396000000.0,15457240313.05294
VULNERABLE_ENVELOPE,TIME_ONLY_DIAGNOSTIC,15,81,INTERVAL_COMPLETED_AND_CAPTURED,4.634825718778839,324.6348257187788,53.94960000000001,17.905675917684025,106200000.0,288000000.0,1800000.0,396000000.0,17024562516.670784
VULNERABLE_ENVELOPE,TIME_ONLY_DIAGNOSTIC,16,80,INTERVAL_COMPLETED_AND_CAPTURED,4.8326924211428794,324.8326924211429,57.60720000000001,18.43959674080319,109800000.0,284400000.0,1800000.0,396000000.0,18667028165.192837
VULNERABLE_ENVELOPE,TIME_ONLY_DIAGNOSTIC,17,79,INTERVAL_COMPLETED_AND_CAPTURED,5.02508555939058,325.02508555939056,61.264800000000015,18.960881069751146,113400000.0,280800000.0,1800000.0,396000000.0,20384501120.368725
VULNERABLE_ENVELOPE,TIME_ONLY_DIAGNOSTIC,18,78,INTERVAL_COMPLETED_AND_CAPTURED,5.212418168178035,325.21241816817803,64.92240000000001,19.470276272046835,117000000.0,277200000.0,1800000.0,396000000.0,22176861999.425056
VULNERABLE_ENVELOPE,TIME_ONLY_DIAGNOSTIC,19,77,INTERVAL_COMPLETED_AND_CAPTURED,5.395055447530505,325.3950554475305,68.58000000000001,19.968468375362274,120600000.0,273600000.0,1800000.0,396000000.0,24044005674.247948
VULNERABLE_ENVELOPE,TIME_ONLY_DIAGNOSTIC,20,76,INTERVAL_COMPLETED_AND_CAPTURED,5.573321974944508,325.5733219749445,72.23760000000001,20.45608752906146,124200000.0,270000000.0,1800000.0,396000000.0,25985839205.490334
VULNERABLE_ENVELOPE,TIME_ONLY_DIAGNOSTIC,21,75,INTERVAL_COMPLETED_AND_CAPTURED,5.747507608049362,325.7475076080494,75.89520000000002,20.933713150259408,127800000.0,266400000.0,1800000.0,396000000.0,28002280125.844257
VULNERABLE_ENVELOPE,TIME_ONLY_DIAGNOSTIC,22,74,INTERVAL_COMPLETED_AND_CAPTURED,5.917872351416486,325.91787235141646,79.55280000000002,21.401878680219777,131400000.0,262800000.0,1800000.0,396000000.0,30093255005.514973
VULNERABLE_ENVELOPE,TIME_ONLY_DIAGNOSTIC,23,73,INTERVAL_COMPLETED_AND_CAPTURED,6.084650397257757,326.08465039725775,83.21040000000002,21.861075927308413,135000000.0,259200000.0,1800000.0,396000000.0,32258698247.21918
VULNERABLE_ENVELOPE,TIME_ONLY_DIAGNOSTIC,24,72,INTERVAL_COMPLETED_AND_CAPTURED,6.248053502198523,326.2480535021985,86.86800000000002,22.311759001475192,138600000.0,255600000.0,1800000.0,396000000.0,34498551068.97571
VULNERABLE_ENVELOPE,TIME_ONLY_DIAGNOSTIC,25,71,INTERVAL_COMPLETED_AND_CAPTURED,6.408273826574828,326.4082738265748,90.52560000000003,22.754347860880735,142200000.0,252000000.0,1800000.0,396000000.0,36812760641.4091
VULNERABLE_ENVELOPE,TIME_ONLY_DIAGNOSTIC,26,70,INTERVAL_COMPLETED_AND_CAPTURED,6.565486335619239,326.56548633561925,94.18320000000003,23.18923149902183,145800000.0,248400000.0,1800000.0,396000000.0,39201279352.85999
VULNERABLE_ENVELOPE,TIME_ONLY_DIAGNOSTIC,27,69,INTERVAL_COMPLETED_AND_CAPTURED,6.719850841201335,326.7198508412013,97.84080000000003,23.616770803732788,149400000.0,244800000.0,1800000.0,396000000.0,41664064180.74459
VULNERABLE_ENVELOPE,TIME_ONLY_DIAGNOSTIC,28,68,INTERVAL_COMPLETED_AND_CAPTURED,6.871513746845688,326.87151374684566,101.49840000000003,24.037301119713597,153000000.0,241200000.0,1800000.0,396000000.0,44201076151.66351
VULNERABLE_ENVELOPE,TIME_ONLY_DIAGNOSTIC,29,67,INTERVAL_COMPLETED_AND_CAPTURED,7.020609546376529,327.02060954637653,105.15600000000003,24.45113454496785,156600000.0,237600000.0,1800000.0,396000000.0,46812279875.97821
VULNERABLE_ENVELOPE,TIME_ONLY_DIAGNOSTIC,30,66,INTERVAL_COMPLETED_AND_CAPTURED,7.16726211686529,327.1672621168653,108.81360000000004,24.85856198946422,160200000.0,234000000.0,1800000.0,396000000.0,49497643145.141235
VULNERABLE_ENVELOPE,TIME_ONLY_DIAGNOSTIC,31,65,INTERVAL_COMPLETED_AND_CAPTURED,7.311585838943153,327.31158583894313,112.47120000000004,25.25985502191237,163800000.0,230400000.0,1800000.0,396000000.0,52257136582.125786
VULNERABLE_ENVELOPE,TIME_ONLY_DIAGNOSTIC,32,64,INTERVAL_COMPLETED_AND_CAPTURED,7.453686571507869,327.4536865715079,116.12880000000004,25.655267528034468,167400000.0,226800000.0,1800000.0,396000000.0,55090733336.96116
VULNERABLE_ENVELOPE,TIME_ONLY_DIAGNOSTIC,33,63,INTERVAL_COMPLETED_AND_CAPTURED,7.593662503043877,327.5936625030439,119.78640000000004,26.04503720126961,171000000.0,223200000.0,1800000.0,396000000.0,57998408820.72679
VULNERABLE_ENVELOPE,TIME_ONLY_DIAGNOSTIC,34,62,INTERVAL_COMPLETED_AND_CAPTURED,7.73160489791651,327.7316048979165,123.44400000000005,26.429386884553452,174600000.0,219600000.0,1800000.0,396000000.0,60980140472.45434
VULNERABLE_ENVELOPE,TIME_ONLY_DIAGNOSTIC,35,61,INTERVAL_COMPLETED_AND_CAPTURED,7.8675987528885605,327.86759875288857,127.10160000000005,26.808525779708628,178200000.0,216000000.0,1800000.0,396000000.0,64035907554.28401
VULNERABLE_ENVELOPE,TIME_ONLY_DIAGNOSTIC,36,60,INTERVAL_COMPLETED_AND_CAPTURED,8.001723376582946,328.00172337658296,130.75920000000005,27.18265053907694,181800000.0,212400000.0,1800000.0,396000000.0,67165690970.95881
VULNERABLE_ENVELOPE,TIME_ONLY_DIAGNOSTIC,37,59,INTERVAL_COMPLETED_AND_CAPTURED,8.134052902556839,328.13405290255685,134.41680000000005,27.551946252319556,185400000.0,208800000.0,1800000.0,396000000.0,70369473110.34842
VULNERABLE_ENVELOPE,TIME_ONLY_DIAGNOSTIC,38,58,INTERVAL_COMPLETED_AND_CAPTURED,8.26465674496599,328.264656744966,138.07440000000005,27.91658733979711,189000000.0,205200000.0,1800000.0,396000000.0,73647237702.19917
VULNERABLE_ENVELOPE,TIME_ONLY_DIAGNOSTIC,39,57,INTERVAL_COMPLETED_AND_CAPTURED,8.393600004409363,328.39360000440934,141.73200000000006,28.27673836260205,192600000.0,201600000.0,1800000.0,396000000.0,76998969692.72496
VULNERABLE_ENVELOPE,TIME_ONLY_DIAGNOSTIC,40,56,INTERVAL_COMPLETED_AND_CAPTURED,8.520943830395732,328.5209438303957,145.38960000000006,28.63255475813539,196200000.0,198000000.0,1800000.0,396000000.0,80424655133.00468
VULNERABLE_ENVELOPE,TIME_ONLY_DIAGNOSTIC,41,55,INTERVAL_COMPLETED_AND_CAPTURED,8.64674574591987,328.6467457459199,149.04720000000006,28.984183509081934,199800000.0,194400000.0,1800000.0,396000000.0,83924281079.4449
VULNERABLE_ENVELOPE,TIME_ONLY_DIAGNOSTIC,42,54,INTERVAL_COMPLETED_AND_CAPTURED,8.771059938840214,328.7710599388402,152.70480000000006,29.331763752726328,203400000.0,190800000.0,1800000.0,396000000.0,87497835504.81279
VULNERABLE_ENVELOPE,TIME_ONLY_DIAGNOSTIC,43,53,INTERVAL_COMPLETED_AND_CAPTURED,8.8939375240834,328.8939375240834,156.36240000000006,29.675427336752296,207000000.0,187200000.0,1800000.0,396000000.0,91145307218.55257
VULNERABLE_ENVELOPE,TIME_ONLY_DIAGNOSTIC,44,52,INTERVAL_COMPLETED_AND_CAPTURED,9.01542678014084,329.01542678014084,160.02000000000007,30.015299326965216,210600000.0,183600000.0,1800000.0,396000000.0,94866685795.27464
VULNERABLE_ENVELOPE,TIME_ONLY_DIAGNOSTIC,45,51,INTERVAL_COMPLETED_AND_CAPTURED,9.135573362849641,329.13557336284964,163.67760000000007,30.351498471762184,214200000.0,180000000.0,1800000.0,396000000.0,98661961510.45604
VULNERABLE_ENVELOPE,TIME_ONLY_DIAGNOSTIC,46,50,INTERVAL_COMPLETED_AND_CAPTURED,9.254420499049905,329.2544204990499,167.33520000000007,30.68413762763247,217800000.0,176400000.0,1800000.0,396000000.0,102531125282.51735
VULNERABLE_ENVELOPE,TIME_ONLY_DIAGNOSTIC,47,49,INTERVAL_COMPLETED_AND_CAPTURED,9.372009162370247,329.37200916237026,170.99280000000007,31.013324149496224,221400000.0,172800000.0,1800000.0,396000000.0,106474168620.55104
VULNERABLE_ENVELOPE,TIME_ONLY_DIAGNOSTIC,48,48,INTERVAL_COMPLETED_AND_CAPTURED,9.488378233103369,329.4883782331034,174.65040000000008,31.339160249271046,225000000.0,169200000.0,1800000.0,396000000.0,110491083577.06767
VULNERABLE_ENVELOPE,TIME_ONLY_DIAGNOSTIC,49,47,INTERVAL_COMPLETED_AND_CAPTURED,9.603564643885573,329.6035646438856,178.30800000000008,31.661743325688164,228600000.0,165600000.0,1800000.0,396000000.0,114581862705.20705
VULNERABLE_ENVELOPE,TIME_ONLY_DIAGNOSTIC,50,46,INTERVAL_COMPLETED_AND_CAPTURED,9.717603512681393,329.7176035126814,181.96560000000008,31.981166268055766,232200000.0,162000000.0,1800000.0,396000000.0,118746499019.92975
VULNERABLE_ENVELOPE,TIME_ONLY_DIAGNOSTIC,51,45,INTERVAL_COMPLETED_AND_CAPTURED,9.830528264391505,329.8305282643915,185.62320000000008,32.297517736380875,235800000.0,158400000.0,1800000.0,396000000.0,122984985962.76363
VULNERABLE_ENVELOPE,TIME_ONLY_DIAGNOSTIC,52,44,INTERVAL_COMPLETED_AND_CAPTURED,9.94237074224427,329.9423707422443,189.28080000000008,32.610882420008544,239400000.0,154800000.0,1800000.0,396000000.0,127297317369.7312
VULNERABLE_ENVELOPE,TIME_ONLY_DIAGNOSTIC,53,43,INTERVAL_COMPLETED_AND_CAPTURED,10.05316130999467,330.05316130999466,192.9384000000001,32.9213412767135,243000000.0,151200000.0,1800000.0,396000000.0,131683487442.12755
VULNERABLE_ENVELOPE,TIME_ONLY_DIAGNOSTIC,54,42,INTERVAL_COMPLETED_AND_CAPTURED,10.162928945835988,330.162928945836,196.5960000000001,33.228971753981696,246600000.0,147600000.0,1800000.0,396000000.0,136143490719.85841
VULNERABLE_ENVELOPE,TIME_ONLY_DIAGNOSTIC,55,41,INTERVAL_COMPLETED_AND_CAPTURED,10.271701328826603,330.2717013288266,200.2536000000001,33.53384799404336,250200000.0,144000000.0,1800000.0,396000000.0,140677322057.07953
VULNERABLE_ENVELOPE,TIME_ONLY_DIAGNOSTIC,56,40,INTERVAL_COMPLETED_AND_CAPTURED,10.379504918544482,330.37950491854446,203.9112000000001,33.83604102406348,253800000.0,140400000.0,1800000.0,396000000.0,145284976599.9094
VULNERABLE_ENVELOPE,TIME_ONLY_DIAGNOSTIC,57,39,INTERVAL_COMPLETED_AND_CAPTURED,10.486365028603577,330.4863650286036,207.5688000000001,34.13561893275697,257400000.0,136800000.0,1800000.0,396000000.0,149966449766.0124
VULNERABLE_ENVELOPE,TIME_ONLY_DIAGNOSTIC,58,38,INTERVAL_COMPLETED_AND_CAPTURED,10.59230589459763,330.59230589459764,211.2264000000001,34.432647034572334,261000000.0,133200000.0,1800000.0,396000000.0,154721737225.8713
VULNERABLE_ENVELOPE,TIME_ONLY_DIAGNOSTIC,59,37,INTERVAL_COMPLETED_AND_CAPTURED,10.697350736976594,330.6973507369766,214.8840000000001,34.7271880224777,264600000.0,129600000.0,1800000.0,396000000.0,159550834885.589
VULNERABLE_ENVELOPE,TIME_ONLY_DIAGNOSTIC,60,36,INTERVAL_COMPLETED_AND_CAPTURED,10.801521819307924,330.80152181930794,218.5416000000001,35.019302110284634,268200000.0,126000000.0,1800000.0,396000000.0,164453738871.07486
VULNERABLE_ENVELOPE,TIME_ONLY_DIAGNOSTIC,61,35,INTERVAL_COMPLETED_AND_CAPTURED,10.90484050232821,330.9048405023282,222.1992000000001,35.309047165357576,271800000.0,122400000.0,1800000.0,396000000.0,169430445513.4881
VULNERABLE_ENVELOPE,TIME_ONLY_DIAGNOSTIC,62,34,INTERVAL_COMPLETED_AND_CAPTURED,11.007327294149393,331.0073272941494,225.8568000000001,35.596478832477864,275400000.0,118800000.0,1800000.0,396000000.0,174480951335.82285
VULNERABLE_ENVELOPE,TIME_ONLY_DIAGNOSTIC,63,33,INTERVAL_COMPLETED_AND_CAPTURED,11.109001896947293,331.1090018969473,229.5144000000001,35.88165064956102,279000000.0,115200000.0,1800000.0,396000000.0,179605253040.5314
VULNERABLE_ENVELOPE,TIME_ONLY_DIAGNOSTIC,64,32,INTERVAL_COMPLETED_AND_CAPTURED,11.209883250427787,331.20988325042777,233.1720000000001,36.16461415586265,282600000.0,111600000.0,1800000.0,396000000.0,184803347498.09412
VULNERABLE_ENVELOPE,TIME_ONLY_DIAGNOSTIC,65,31,INTERVAL_COMPLETED_AND_CAPTURED,11.30998957233725,331.30998957233726,236.8296000000001,36.445418993251415,286200000.0,108000000.0,1800000.0,396000000.0,190075231736.45145
VULNERABLE_ENVELOPE,TIME_ONLY_DIAGNOSTIC,66,30,INTERVAL_COMPLETED_AND_CAPTURED,11.40933839625827,331.40933839625825,240.48720000000012,36.72411300107641,289800000.0,104400000.0,1800000.0,396000000.0,195420902931.2237
VULNERABLE_ENVELOPE,TIME_ONLY_DIAGNOSTIC,67,29,INTERVAL_COMPLETED_AND_CAPTURED,11.507946606908877,331.5079466069089,244.14480000000012,37.00074230511036,293400000.0,100800000.0,1800000.0,396000000.0,200840358396.6512
VULNERABLE_ENVELOPE,TIME_ONLY_DIAGNOSTIC,68,28,INTERVAL_COMPLETED_AND_CAPTURED,11.605830473143119,331.6058304731431,247.80240000000012,37.27535140100813,297000000.0,97200000.0,1800000.0,396000000.0,206333595577.19287
VULNERABLE_ENVELOPE,TIME_ONLY_DIAGNOSTIC,69,27,INTERVAL_COMPLETED_AND_CAPTURED,11.703005678832678,331.70300567883265,251.46000000000012,37.547983232682974,300600000.0,93600000.0,1800000.0,396000000.0,211900612039.72882
VULNERABLE_ENVELOPE,TIME_ONLY_DIAGNOSTIC,70,26,INTERVAL_COMPLETED_AND_CAPTURED,11.799487351792878,331.7994873517929,255.11760000000012,37.81867926596852,304200000.0,90000000.0,1800000.0,396000000.0,217541405466.3162
VULNERABLE_ENVELOPE,TIME_ONLY_DIAGNOSTIC,71,25,INTERVAL_COMPLETED_AND_CAPTURED,11.895290090901792,331.89529009090177,258.7752000000001,38.08747955790429,307800000.0,86400000.0,1800000.0,396000000.0,223255973647.45428
VULNERABLE_ENVELOPE,TIME_ONLY_DIAGNOSTIC,72,24,INTERVAL_COMPLETED_AND_CAPTURED,11.990427991548065,331.9904279915481,262.4328000000001,38.354422821954145,311400000.0,82800000.0,1800000.0,396000000.0,229044314475.8154
VULNERABLE_ENVELOPE,TIME_ONLY_DIAGNOSTIC,73,23,INTERVAL_COMPLETED_AND_CAPTURED,12.08491466953121,332.0849146695312,266.0904000000001,38.61954648944242,315000000.0,79200000.0,1800000.0,396000000.0,234906425940.4072
VULNERABLE_ENVELOPE,TIME_ONLY_DIAGNOSTIC,74,22,INTERVAL_COMPLETED_AND_CAPTURED,12.178763283527479,332.1787632835275,269.7480000000001,38.88288676746894,318600000.0,75600000.0,1800000.0,396000000.0,240842306121.12952
VULNERABLE_ENVELOPE,TIME_ONLY_DIAGNOSTIC,75,21,INTERVAL_COMPLETED_AND_CAPTURED,12.271986556224828,332.2719865562248,273.4056000000001,39.144478693543775,322200000.0,72000000.0,1800000.0,396000000.0,246851953183.69666
VULNERABLE_ENVELOPE,TIME_ONLY_DIAGNOSTIC,76,20,INTERVAL_COMPLETED_AND_CAPTURED,12.364596794221784,332.36459679422177,277.0632000000001,39.40435618716336,325800000.0,68400000.0,1800000.0,396000000.0,252935365374.89633
VULNERABLE_ENVELOPE,TIME_ONLY_DIAGNOSTIC,77,19,INTERVAL_COMPLETED_AND_CAPTURED,12.456605906777163,332.45660590677716,280.7208000000001,39.662552098532295,329400000.0,64800000.0,1800000.0,396000000.0,259092541018.1595
VULNERABLE_ENVELOPE,TIME_ONLY_DIAGNOSTIC,78,18,INTERVAL_COMPLETED_AND_CAPTURED,12.548025423490499,332.5480254234905,284.3784000000001,39.919098254619506,333000000.0,61200000.0,1800000.0,396000000.0,265323478509.41736
VULNERABLE_ENVELOPE,TIME_ONLY_DIAGNOSTIC,79,17,INTERVAL_COMPLETED_AND_CAPTURED,12.638866510986551,332.63886651098653,288.0360000000001,40.174025502722905,336600000.0,57600000.0,1800000.0,396000000.0,271628176313.22433
VULNERABLE_ENVELOPE,TIME_ONLY_DIAGNOSTIC,80,16,INTERVAL_COMPLETED_AND_CAPTURED,12.729139988671433,332.7291399886714,291.6936000000001,40.42736375170369,340200000.0,54000000.0,1800000.0,396000000.0,278006632959.1274
VULNERABLE_ENVELOPE,TIME_ONLY_DIAGNOSTIC,81,15,INTERVAL_COMPLETED_AND_CAPTURED,12.81885634362254,332.81885634362254,295.3512000000001,40.67914201103918,343800000.0,50400000.0,1800000.0,396000000.0,284458847038.26294
VULNERABLE_ENVELOPE,TIME_ONLY_DIAGNOSTIC,82,14,INTERVAL_COMPLETED_AND_CAPTURED,12.908025744669628,332.9080257446696,299.0088000000001,40.929388427832315,347400000.0,46800000.0,1800000.0,396000000.0,290984817200.16614
VULNERABLE_ENVELOPE,TIME_ONLY_DIAGNOSTIC,83,13,INTERVAL_COMPLETED_AND_CAPTURED,12.996658055719955,332.99665805571993,302.6664000000001,41.178130321905556,351000000.0,43200000.0,1800000.0,396000000.0,297584542149.7755
VULNERABLE_ENVELOPE,TIME_ONLY_DIAGNOSTIC,84,12,INTERVAL_COMPLETED_AND_CAPTURED,13.084762848376386,333.0847628483764,306.3240000000001,41.42539421909799,354600000.0,39600000.0,1800000.0,396000000.0,304258020644.62115
VULNERABLE_ENVELOPE,TIME_ONLY_DIAGNOSTIC,85,11,INTERVAL_COMPLETED_AND_CAPTURED,13.172349413893656,333.17234941389364,309.9816000000001,41.67120588287562,358200000.0,36000000.0,1800000.0,396000000.0,311005251492.18164
VULNERABLE_ENVELOPE,TIME_ONLY_DIAGNOSTIC,86,10,INTERVAL_COMPLETED_AND_CAPTURED,13.25942677451463,333.2594267745146,313.63920000000013,41.9155903443572,361800000.0,32400000.0,1800000.0,396000000.0,317826233547.39905
VULNERABLE_ENVELOPE,TIME_ONLY_DIAGNOSTIC,87,9,INTERVAL_COMPLETED_AND_CAPTURED,13.346003694225306,333.3460036942253,317.29680000000013,42.15857193085078,365400000.0,28800000.0,1800000.0,396000000.0,324720965710.34106
VULNERABLE_ENVELOPE,TIME_ONLY_DIAGNOSTIC,88,8,INTERVAL_COMPLETED_AND_CAPTURED,13.43208868896451,333.4320886889645,320.95440000000013,42.40017429298937,369000000.0,25200000.0,1800000.0,396000000.0,331689446923.9992
VULNERABLE_ENVELOPE,TIME_ONLY_DIAGNOSTIC,89,7,INTERVAL_COMPLETED_AND_CAPTURED,13.517690036321602,333.5176900363216,324.61200000000014,42.6404204305482,372600000.0,21600000.0,1800000.0,396000000.0,338731676172.2158
VULNERABLE_ENVELOPE,TIME_ONLY_DIAGNOSTIC,90,6,INTERVAL_COMPLETED_AND_CAPTURED,13.602815784753163,333.60281578475315,328.26960000000014,42.879332717020375,376200000.0,18000000.0,1800000.0,396000000.0,345847652477.7293
VULNERABLE_ENVELOPE,TIME_ONLY_DIAGNOSTIC,91,5,INTERVAL_COMPLETED_AND_CAPTURED,13.68747376234746,333.68747376234745,331.92720000000014,43.11693292302245,379800000.0,14400000.0,1800000.0,396000000.0,353037374900.3305
VULNERABLE_ENVELOPE,TIME_ONLY_DIAGNOSTIC,92,4,INTERVAL_COMPLETED_AND_CAPTURED,13.771671585163423,333.7716715851634,335.58480000000014,43.35324223859677,383400000.0,10800000.0,1800000.0,396000000.0,360300842535.1231
VULNERABLE_ENVELOPE,TIME_ONLY_DIAGNOSTIC,93,3,INTERVAL_COMPLETED_AND_CAPTURED,13.855416665169084,333.85541666516906,339.24240000000015,43.58828129447302,387000000.0,7200000.0,1800000.0,396000000.0,367638054510.88165
VULNERABLE_ENVELOPE,TIME_ONLY_DIAGNOSTIC,94,2,INTERVAL_COMPLETED_AND_CAPTURED,13.938716217802696,333.9387162178027,342.90000000000015,43.82207018234718,390600000.0,3600000.0,1800000.0,396000000.0,375049009988.4996
VULNERABLE_ENVELOPE,TIME_ONLY_DIAGNOSTIC,95,1,INTERVAL_COMPLETED_AND_CAPTURED,14.021577269178161,334.0215772691782,346.55760000000015,44.05462847423243,394200000.0,0.0,1800000.0,396000000.0,382533708159.52246
VULNERABLE_ENVELOPE,TIME_AND_RESISTANCE_DIAGNOSTIC,0,95,CAPACITY_TRIGGER_AT_REST,0.0,320.0,0.0,0.0,55800000.0,338400000.0,1800000.0,396000000.0,0.0
VULNERABLE_ENVELOPE,TIME_AND_RESISTANCE_DIAGNOSTIC,1,95,INTERVAL_COMPLETED_WITHOUT_CAPTURE,1.0029516770106255,321.0029516770106,2.7432,5.470253578270726,55800000.0,338400000.0,1800000.0,396000000.0,834870510.4752847
VULNERABLE_ENVELOPE,TIME_AND_RESISTANCE_DIAGNOSTIC,2,94,INTERVAL_COMPLETED_AND_CAPTURED,1.5361552551270452,321.536155255127,6.4008,7.749139715782645,59400000.0,334800000.0,1800000.0,396000000.0,1783460240.1411822
VULNERABLE_ENVELOPE,TIME_AND_RESISTANCE_DIAGNOSTIC,3,93,INTERVAL_COMPLETED_AND_CAPTURED,1.9544443989923883,321.9544443989924,10.0584,9.182713399993789,63000000.0,331200000.0,1800000.0,396000000.0,2656150099.672403
VULNERABLE_ENVELOPE,TIME_AND_RESISTANCE_DIAGNOSTIC,4,92,INTERVAL_COMPLETED_AND_CAPTURED,2.3224138988989753,322.32241389889896,13.716000000000001,10.118968366292043,66600000.0,327600000.0,1800000.0,396000000.0,3409704242.5740347
VULNERABLE_ENVELOPE,TIME_AND_RESISTANCE_DIAGNOSTIC,5,91,INTERVAL_COMPLETED_AND_CAPTURED,2.659470279190497,322.6594702791905,17.3736,10.990162751411074,70200000.0,324000000.0,1800000.0,396000000.0,4239507073.31787
VULNERABLE_ENVELOPE,TIME_AND_RESISTANCE_DIAGNOSTIC,6,90,INTERVAL_COMPLETED_AND_CAPTURED,2.9720319942719624,322.97203199427196,21.0312,11.808301316136653,73800000.0,320400000.0,1800000.0,396000000.0,5145187660.991693
VULNERABLE_ENVELOPE,TIME_AND_RESISTANCE_DIAGNOSTIC,7,89,INTERVAL_COMPLETED_AND_CAPTURED,3.2645928420170076,323.264592842017,24.688799999999997,12.581973164421434,77400000.0,316800000.0,1800000.0,396000000.0,6126444085.085557
VULNERABLE_ENVELOPE,TIME_AND_RESISTANCE_DIAGNOSTIC,8,88,INTERVAL_COMPLETED_AND_CAPTURED,3.5404402831504185,323.5404402831504,28.346399999999996,13.317609339319759,81000000.0,313200000.0,1800000.0,396000000.0,7183028099.846843
VULNERABLE_ENVELOPE,TIME_AND_RESISTANCE_DIAGNOSTIC,9,87,INTERVAL_COMPLETED_AND_CAPTURED,3.8020625580169303,323.8020625580169,32.004,14.020192896120355,84600000.0,309600000.0,1800000.0,396000000.0,8314733714.119121
VULNERABLE_ENVELOPE,TIME_AND_RESISTANCE_DIAGNOSTIC,10,86,INTERVAL_COMPLETED_AND_CAPTURED,4.051394973139058,324.05139497313905,35.6616,14.693689212540205,88200000.0,306000000.0,1800000.0,396000000.0,9521388567.95517
VULNERABLE_ENVELOPE,TIME_AND_RESISTANCE_DIAGNOSTIC,11,85,INTERVAL_COMPLETED_AND_CAPTURED,4.28997673219422,324.28997673219425,39.3192,15.341321688837551,91800000.0,302400000.0,1800000.0,396000000.0,10802847338.262243
VULNERABLE_ENVELOPE,TIME_AND_RESISTANCE_DIAGNOSTIC,12,84,INTERVAL_COMPLETED_AND_CAPTURED,4.519055031399509,324.5190550313995,42.976800000000004,15.965756488224217,95400000.0,298800000.0,1800000.0,396000000.0,12158986637.508755
VULNERABLE_ENVELOPE,TIME_AND_RESISTANCE_DIAGNOSTIC,13,83,INTERVAL_COMPLETED_AND_CAPTURED,4.739656561440011,324.73965656144003,46.63440000000001,16.569230961494938,99000000.0,295200000.0,1800000.0,396000000.0,13589701025.440441
VULNERABLE_ENVELOPE,TIME_AND_RESISTANCE_DIAGNOSTIC,14,82,INTERVAL_COMPLETED_AND_CAPTURED,4.952638058588884,324.9526380585889,50.29200000000001,17.153645695077927,102600000.0,291600000.0,1800000.0,396000000.0,15094899860.43522
VULNERABLE_ENVELOPE,TIME_AND_RESISTANCE_DIAGNOSTIC,15,81,INTERVAL_COMPLETED_AND_CAPTURED,5.1587229350292265,325.15872293502923,53.94960000000001,17.720632208298287,106200000.0,288000000.0,1800000.0,396000000.0,16674504791.260445
VULNERABLE_ENVELOPE,TIME_AND_RESISTANCE_DIAGNOSTIC,16,80,INTERVAL_COMPLETED_AND_CAPTURED,5.358528393163453,325.35852839316345,57.60720000000001,18.271603847087402,109800000.0,284400000.0,1800000.0,396000000.0,18328447742.254963
VULNERABLE_ENVELOPE,TIME_AND_RESISTANCE_DIAGNOSTIC,17,79,INTERVAL_COMPLETED_AND_CAPTURED,5.55258587291662,325.5525858729166,61.264800000000015,18.807794775262607,113400000.0,280800000.0,1800000.0,396000000.0,20056669282.286022
VULNERABLE_ENVELOPE,TIME_AND_RESISTANCE_DIAGNOSTIC,18,78,INTERVAL_COMPLETED_AND_CAPTURED,5.741356726354474,325.74135672635447,64.92240000000001,19.33029034178765,117000000.0,277200000.0,1800000.0,396000000.0,21859117294.821815
VULNERABLE_ENVELOPE,TIME_AND_RESISTANCE_DIAGNOSTIC,19,77,INTERVAL_COMPLETED_AND_CAPTURED,5.925244410053233,325.9252444100532,68.58000000000001,19.840051074450802,120600000.0,273600000.0,1800000.0,396000000.0,23735745886.20003
VULNERABLE_ENVELOPE,TIME_AND_RESISTANCE_DIAGNOSTIC,20,76,INTERVAL_COMPLETED_AND_CAPTURED,6.10460409334047,326.10460409334047,72.23760000000001,20.33793188031862,124200000.0,270000000.0,1800000.0,396000000.0,25686514483.762638
VULNERABLE_ENVELOPE,TIME_AND_RESISTANCE_DIAGNOSTIC,21,75,INTERVAL_COMPLETED_AND_CAPTURED,6.279750319549847,326.27975031954986,75.89520000000002,20.824697585353316,127800000.0,266400000.0,1800000.0,396000000.0,27711387086.418755
VULNERABLE_ENVELOPE,TIME_AND_RESISTANCE_DIAGNOSTIC,22,74,INTERVAL_COMPLETED_AND_CAPTURED,6.450963180116976,326.45096318011696,79.55280000000002,21.301035639282286,131400000.0,262800000.0,1800000.0,396000000.0,29810331638.4025
VULNERABLE_ENVELOPE,TIME_AND_RESISTANCE_DIAGNOSTIC,23,73,INTERVAL_COMPLETED_AND_CAPTURED,6.618493338558427,326.61849333855844,83.21040000000002,21.767566598115714,135000000.0,259200000.0,1800000.0,396000000.0,31983319503.229694
VULNERABLE_ENVELOPE,TIME_AND_RESISTANCE_DIAGNOSTIC,24,72,INTERVAL_COMPLETED_AND_CAPTURED,6.782566154877505,326.7825661548775,86.86800000000002,22.22485284489914,138600000.0,255600000.0,1800000.0,396000000.0,34230325019.6353
VULNERABLE_ENVELOPE,TIME_AND_RESISTANCE_DIAGNOSTIC,25,71,INTERVAL_COMPLETED_AND_CAPTURED,6.943385099045879,326.9433850990459,90.52560000000003,22.673405899663717,142200000.0,252000000.0,1800000.0,396000000.0,36551325124.96337
VULNERABLE_ENVELOPE,TIME_AND_RESISTANCE_DIAGNOSTIC,26,70,INTERVAL_COMPLETED_AND_CAPTURED,7.101134597285071,327.10113459728507,94.18320000000003,23.113692589192627,145800000.0,248400000.0,1800000.0,396000000.0,38946299034.3512
VULNERABLE_ENVELOPE,TIME_AND_RESISTANCE_DIAGNOSTIC,27,69,INTERVAL_COMPLETED_AND_CAPTURED,7.25598242183475,327.25598242183474,97.84080000000003,23.546140287537114,149400000.0,244800000.0,1800000.0,396000000.0,41415227966.29626
VULNERABLE_ENVELOPE,TIME_AND_RESISTANCE_DIAGNOSTIC,28,68,INTERVAL_COMPLETED_AND_CAPTURED,7.408081710305854,327.40808171030585,101.49840000000003,23.971141393327805,153000000.0,241200000.0,1800000.0,396000000.0,43958094906.9669
VULNERABLE_ENVELOPE,TIME_AND_RESISTANCE_DIAGNOSTIC,29,67,INTERVAL_COMPLETED_AND_CAPTURED,7.5575726822109965,327.557572682211,105.15600000000003,24.389057175783766,156600000.0,237600000.0,1800000.0,396000000.0,46574884407.02177
VULNERABLE_ENVELOPE,TIME_AND_RESISTANCE_DIAGNOSTIC,30,66,INTERVAL_COMPLETED_AND_CAPTURED,7.704584106193237,327.70458410619324,108.81360000000004,24.80022109507992,160200000.0,234000000.0,1800000.0,396000000.0,49265582405.82424
VULNERABLE_ENVELOPE,TIME_AND_RESISTANCE_DIAGNOSTIC,31,65,INTERVAL_COMPLETED_AND_CAPTURED,7.849234560671837,327.84923456067185,112.47120000000004,25.204941682370425,163800000.0,230400000.0,1800000.0,396000000.0,52030176078.837746
VULNERABLE_ENVELOPE,TIME_AND_RESISTANCE_DIAGNOSTIC,32,64,INTERVAL_COMPLETED_AND_CAPTURED,7.991633522256361,327.99163352225634,116.12880000000004,25.6035050488226,167400000.0,226800000.0,1800000.0,396000000.0,54868653704.71156
VULNERABLE_ENVELOPE,TIME_AND_RESISTANCE_DIAGNOSTIC,33,63,INTERVAL_COMPLETED_AND_CAPTURED,8.131882309745318,328.1318823097453,119.78640000000004,25.99617708043142,171000000.0,223200000.0,1800000.0,396000000.0,57781004549.15614
VULNERABLE_ENVELOPE,TIME_AND_RESISTANCE_DIAGNOSTIC,34,62,INTERVAL_COMPLETED_AND_CAPTURED,8.270074906381367,328.27007490638135,123.44400000000005,26.383205365373616,174600000.0,219600000.0,1800000.0,396000000.0,60767218763.18413
VULNERABLE_ENVELOPE,TIME_AND_RESISTANCE_DIAGNOSTIC,35,61,INTERVAL_COMPLETED_AND_CAPTURED,8.406298678956096,328.4062986789561,127.10160000000005,26.764820892640138,178200000.0,216000000.0,1800000.0,396000000.0,63827287293.68594
VULNERABLE_ENVELOPE,TIME_AND_RESISTANCE_DIAGNOSTIC,36,60,INTERVAL_COMPLETED_AND_CAPTURED,8.540635009100702,328.5406350091007,130.75920000000005,27.141239554216828,181800000.0,212400000.0,1800000.0,396000000.0,66961201804.630005
VULNERABLE_ENVELOPE,TIME_AND_RESISTANCE_DIAGNOSTIC,37,59,INTERVAL_COMPLETED_AND_CAPTURED,8.673159849481822,328.6731598494818,134.41680000000005,27.51266347783293,185400000.0,208800000.0,1800000.0,396000000.0,70168954607.44348
VULNERABLE_ENVELOPE,TIME_AND_RESISTANCE_DIAGNOSTIC,38,58,INTERVAL_COMPLETED_AND_CAPTURED,8.803944215505789,328.8039442155058,138.07440000000005,27.879282213010683,189000000.0,205200000.0,1800000.0,396000000.0,73450538599.34956
VULNERABLE_ENVELOPE,TIME_AND_RESISTANCE_DIAGNOSTIC,39,57,INTERVAL_COMPLETED_AND_CAPTURED,8.93305462141388,328.9330546214139,141.73200000000006,28.241273789630192,192600000.0,201600000.0,1800000.0,396000000.0,76805947208.62016
VULNERABLE_ENVELOPE,TIME_AND_RESISTANCE_DIAGNOSTIC,40,56,INTERVAL_COMPLETED_AND_CAPTURED,9.060553468244063,329.06055346824405,145.38960000000006,28.59880566531986,196200000.0,198000000.0,1800000.0,396000000.0,80235174345.85593
VULNERABLE_ENVELOPE,TIME_AND_RESISTANCE_DIAGNOSTIC,41,55,INTERVAL_COMPLETED_AND_CAPTURED,9.186499389978332,329.18649938997834,149.04720000000006,28.95203557557395,199800000.0,194400000.0,1800000.0,396000000.0,83738214360.53304
VULNERABLE_ENVELOPE,TIME_AND_RESISTANCE_DIAGNOSTIC,42,54,INTERVAL_COMPLETED_AND_CAPTURED,9.310947563239468,329.3109475632395,152.70480000000006,29.30111229849232,203400000.0,190800000.0,1800000.0,396000000.0,87315062002.16486
VULNERABLE_ENVELOPE,TIME_AND_RESISTANCE_DIAGNOSTIC,43,53,INTERVAL_COMPLETED_AND_CAPTURED,9.433949985108315,329.4339499851083,156.36240000000006,29.646176344357347,207000000.0,187200000.0,1800000.0,396000000.0,90965712385.51588
VULNERABLE_ENVELOPE,TIME_AND_RESISTANCE_DIAGNOSTIC,44,52,INTERVAL_COMPLETED_AND_CAPTURED,9.55555572297187,329.55555572297186,160.02000000000007,29.987360578851835,210600000.0,183600000.0,1800000.0,396000000.0,94690160959.38391
VULNERABLE_ENVELOPE,TIME_AND_RESISTANCE_DIAGNOSTIC,45,51,INTERVAL_COMPLETED_AND_CAPTURED,9.67581113975932,329.67581113975933,163.67760000000007,30.324790787530066,214200000.0,180000000.0,1800000.0,396000000.0,98488403478.52986
VULNERABLE_ENVELOPE,TIME_AND_RESISTANCE_DIAGNOSTIC,46,50,INTERVAL_COMPLETED_AND_CAPTURED,9.7947600974581,329.7947600974581,167.33520000000007,30.658586188145364,217800000.0,176400000.0,1800000.0,396000000.0,102360435978.3916
VULNERABLE_ENVELOPE,TIME_AND_RESISTANCE_DIAGNOSTIC,47,49,INTERVAL_COMPLETED_AND_CAPTURED,9.91244414140979,329.91244414140976,170.99280000000007,30.988859896579534,221400000.0,172800000.0,1800000.0,396000000.0,106306254752.26477
VULNERABLE_ENVELOPE,TIME_AND_RESISTANCE_DIAGNOSTIC,48,48,INTERVAL_COMPLETED_AND_CAPTURED,10.02890266755325,330.02890266755327,174.65040000000008,31.315719351387727,225000000.0,169200000.0,1800000.0,396000000.0,110325856330.67398
VULNERABLE_ENVELOPE,TIME_AND_RESISTANCE_DIAGNOSTIC,49,47,INTERVAL_COMPLETED_AND_CAPTURED,10.144173074500062,330.1441730745001,178.30800000000008,31.63926670134588,228600000.0,165600000.0,1800000.0,396000000.0,114419237462.6936
VULNERABLE_ENVELOPE,TIME_AND_RESISTANCE_DIAGNOSTIC,50,46,INTERVAL_COMPLETED_AND_CAPTURED,10.258290902086314,330.2582909020863,181.96560000000008,31.959599159849834,232200000.0,162000000.0,1800000.0,396000000.0,118586395099.00563
VULNERABLE_ENVELOPE,TIME_AND_RESISTANCE_DIAGNOSTIC,51,45,INTERVAL_COMPLETED_AND_CAPTURED,10.371289957838801,330.3712899578388,185.62320000000008,32.276809329552215,235800000.0,158400000.0,1800000.0,396000000.0,122827326376.51012
VULNERABLE_ENVELOPE,TIME_AND_RESISTANCE_DIAGNOSTIC,52,44,INTERVAL_COMPLETED_AND_CAPTURED,10.483202432616652,330.4832024326167,189.28080000000008,32.590985500222594,239400000.0,154800000.0,1800000.0,396000000.0,127142028604.32362
VULNERABLE_ENVELOPE,TIME_AND_RESISTANCE_DIAGNOSTIC,53,43,INTERVAL_COMPLETED_AND_CAPTURED,10.594059006537195,330.5940590065372,192.9384000000001,32.90221192247005,243000000.0,151200000.0,1800000.0,396000000.0,131530499251.02234
VULNERABLE_ENVELOPE,TIME_AND_RESISTANCE_DIAGNOSTIC,54,42,INTERVAL_COMPLETED_AND_CAPTURED,10.70388894616329,330.70388894616326,196.5960000000001,33.21056905966612,246600000.0,147600000.0,1800000.0,396000000.0,135992735933.00294
VULNERABLE_ENVELOPE,TIME_AND_RESISTANCE_DIAGNOSTIC,55,41,INTERVAL_COMPLETED_AND_CAPTURED,10.812720193815522,330.8127201938155,200.2536000000001,33.51613382014374,250200000.0,144000000.0,1800000.0,396000000.0,140528736403.84787
VULNERABLE_ENVELOPE,TIME_AND_RESISTANCE_DIAGNOSTIC,56,40,INTERVAL_COMPLETED_AND_CAPTURED,10.920579449773824,330.9205794497738,203.9112000000001,33.81897977151904,253800000.0,140400000.0,1800000.0,396000000.0,145138498544.59595
VULNERABLE_ENVELOPE,TIME_AND_RESISTANCE_DIAGNOSTIC,57,39,INTERVAL_COMPLETED_AND_CAPTURED,11.027492248046977,331.027492248047,207.5688000000001,34.119177338782436,257400000.0,136800000.0,1800000.0,396000000.0,149822020354.82916
VULNERABLE_ENVELOPE,TIME_AND_RESISTANCE_DIAGNOSTIC,58,38,INTERVAL_COMPLETED_AND_CAPTURED,11.133483026313481,331.13348302631346,211.2264000000001,34.41679398762985,261000000.0,133200000.0,1800000.0,396000000.0,154579299944.49756
VULNERABLE_ENVELOPE,TIME_AND_RESISTANCE_DIAGNOSTIC,59,37,INTERVAL_COMPLETED_AND_CAPTURED,11.238575190571504,331.2385751905715,214.8840000000001,34.711894394350274,264600000.0,129600000.0,1800000.0,396000000.0,159410335526.4108
VULNERABLE_ENVELOPE,TIME_AND_RESISTANCE_DIAGNOSTIC,60,36,INTERVAL_COMPLETED_AND_CAPTURED,11.342791174978133,331.3427911749781,218.5416000000001,35.00454060344997,268200000.0,126000000.0,1800000.0,396000000.0,164315125409.33524
VULNERABLE_ENVELOPE,TIME_AND_RESISTANCE_DIAGNOSTIC,61,35,INTERVAL_COMPLETED_AND_CAPTURED,11.446152497307528,331.44615249730754,222.1992000000001,35.294792174073365,271800000.0,122400000.0,1800000.0,396000000.0,169293667991.63904
VULNERABLE_ENVELOPE,TIME_AND_RESISTANCE_DIAGNOSTIC,62,34,INTERVAL_COMPLETED_AND_CAPTURED,11.548679810413054,331.54867981041303,225.8568000000001,35.58270631617446,275400000.0,118800000.0,1800000.0,396000000.0,174345961755.43585
VULNERABLE_ENVELOPE,TIME_AND_RESISTANCE_DIAGNOSTIC,63,33,INTERVAL_COMPLETED_AND_CAPTURED,11.650392950039139,331.65039295003913,229.5144000000001,35.86833801729829,279000000.0,115200000.0,1800000.0,396000000.0,179472005261.18164
VULNERABLE_ENVELOPE,TIME_AND_RESISTANCE_DIAGNOSTIC,64,32,INTERVAL_COMPLETED_AND_CAPTURED,11.751310979293885,331.75131097929386,233.1720000000001,36.151740160748616,282600000.0,111600000.0,1800000.0,396000000.0,184671797142.68518
VULNERABLE_ENVELOPE,TIME_AND_RESISTANCE_DIAGNOSTIC,65,31,INTERVAL_COMPLETED_AND_CAPTURED,11.851452230062636,331.85145223006265,236.8296000000001,36.432963635843095,286200000.0,108000000.0,1800000.0,396000000.0,189945336102.4942
VULNERABLE_ENVELOPE,TIME_AND_RESISTANCE_DIAGNOSTIC,66,30,INTERVAL_COMPLETED_AND_CAPTURED,11.950834341615396,331.9508343416154,240.48720000000012,36.71205744089146,289800000.0,104400000.0,1800000.0,396000000.0,195292620907.62622
VULNERABLE_ENVELOPE,TIME_AND_RESISTANCE_DIAGNOSTIC,67,29,INTERVAL_COMPLETED_AND_CAPTURED,12.049474296636687,332.0494742966367,244.14480000000012,36.989068779472554,293400000.0,100800000.0,1800000.0,396000000.0,200713650385.61325
VULNERABLE_ENVELOPE,TIME_AND_RESISTANCE_DIAGNOSTIC,68,28,INTERVAL_COMPLETED_AND_CAPTURED,12.147388454884759,332.1473884548848,247.80240000000012,37.264043150533325,297000000.0,97200000.0,1800000.0,396000000.0,206208423420.83423
VULNERABLE_ENVELOPE,TIME_AND_RESISTANCE_DIAGNOSTIC,69,27,INTERVAL_COMPLETED_AND_CAPTURED,12.244592584667776,332.24459258466777,251.46000000000012,37.53702443278553,300600000.0,93600000.0,1800000.0,396000000.0,211776938951.11093
VULNERABLE_ENVELOPE,TIME_AND_RESISTANCE_DIAGNOSTIC,70,26,INTERVAL_COMPLETED_AND_CAPTURED,12.341101892307314,332.34110189230734,255.11760000000012,37.80805496383318,304200000.0,90000000.0,1800000.0,396000000.0,217419195964.54587
VULNERABLE_ENVELOPE,TIME_AND_RESISTANCE_DIAGNOSTIC,71,25,INTERVAL_COMPLETED_AND_CAPTURED,12.43693104974402,332.43693104974403,258.7752000000001,38.077175614425656,307800000.0,86400000.0,1800000.0,396000000.0,223135193496.58182
VULNERABLE_ENVELOPE,TIME_AND_RESISTANCE_DIAGNOSTIC,72,24,INTERVAL_COMPLETED_AND_CAPTURED,12.532094220426455,332.5320942204265,262.4328000000001,38.344425858197006,311400000.0,82800000.0,1800000.0,396000000.0,228924930627.26526
VULNERABLE_ENVELOPE,TIME_AND_RESISTANCE_DIAGNOSTIC,73,23,INTERVAL_COMPLETED_AND_CAPTURED,12.626605083611638,332.62660508361165,266.0904000000001,38.60984383722094,315000000.0,79200000.0,1800000.0,396000000.0,234788406478.6976
VULNERABLE_ENVELOPE,TIME_AND_RESISTANCE_DIAGNOSTIC,74,22,INTERVAL_COMPLETED_AND_CAPTURED,12.720476857194654,332.7204768571946,269.7480000000001,38.8734664236831,318600000.0,75600000.0,1800000.0,396000000.0,240725620212.6595
VULNERABLE_ENVELOPE,TIME_AND_RESISTANCE_DIAGNOSTIC,75,21,INTERVAL_COMPLETED_AND_CAPTURED,12.813722319174527,332.81372231917453,273.4056000000001,39.1353292779468,322200000.0,72000000.0,1800000.0,396000000.0,246736571028.39386
VULNERABLE_ENVELOPE,TIME_AND_RESISTANCE_DIAGNOSTIC,76,20,INTERVAL_COMPLETED_AND_CAPTURED,12.906353827854526,332.9063538278545,277.0632000000001,39.395466903265806,325800000.0,68400000.0,1800000.0,396000000.0,252821258160.53616
VULNERABLE_ENVELOPE,TIME_AND_RESISTANCE_DIAGNOSTIC,77,19,INTERVAL_COMPLETED_AND_CAPTURED,12.998383340866784,332.9983833408668,280.7208000000001,39.65391269737671,329400000.0,64800000.0,1800000.0,396000000.0,258979680877.18036
VULNERABLE_ENVELOPE,TIME_AND_RESISTANCE_DIAGNOSTIC,78,18,INTERVAL_COMPLETED_AND_CAPTURED,13.089822433103702,333.0898224331037,284.3784000000001,39.91069900118495,333000000.0,61200000.0,1800000.0,396000000.0,265211838478.07037
VULNERABLE_ENVELOPE,TIME_AND_RESISTANCE_DIAGNOSTIC,79,17,INTERVAL_COMPLETED_AND_CAPTURED,13.180682313631852,333.18068231363185,288.0360000000001,40.165857144741274,336600000.0,57600000.0,1800000.0,396000000.0,271517730292.9078
VULNERABLE_ENVELOPE,TIME_AND_RESISTANCE_DIAGNOSTIC,80,16,INTERVAL_COMPLETED_AND_CAPTURED,13.270973841657987,333.27097384165796,291.6936000000001,40.419417490689966,340200000.0,54000000.0,1800000.0,396000000.0,277897355679.76666
VULNERABLE_ENVELOPE,TIME_AND_RESISTANCE_DIAGNOSTIC,81,15,INTERVAL_COMPLETED_AND_CAPTURED,13.360707541611221,333.36070754161125,295.3512000000001,40.6714094753561,343800000.0,50400000.0,1800000.0,396000000.0,284350714023.60754
VULNERABLE_ENVELOPE,TIME_AND_RESISTANCE_DIAGNOSTIC,82,14,INTERVAL_COMPLETED_AND_CAPTURED,13.449893617400363,333.44989361740033,299.0088000000001,40.92186164762616,347400000.0,46800000.0,1800000.0,396000000.0,290877804734.88525
VULNERABLE_ENVELOPE,TIME_AND_RESISTANCE_DIAGNOSTIC,83,13,INTERVAL_COMPLETED_AND_CAPTURED,13.538541965900835,333.53854196590083,302.6664000000001,41.170801705764625,351000000.0,43200000.0,1800000.0,396000000.0,297478627248.2412
VULNERABLE_ENVELOPE,TIME_AND_RESISTANCE_DIAGNOSTIC,84,12,INTERVAL_COMPLETED_AND_CAPTURED,13.6266621897214,333.6266621897214,306.3240000000001,41.41825653229827,354600000.0,39600000.0,1800000.0,396000000.0,304153181021.2751
VULNERABLE_ENVELOPE,TIME_AND_RESISTANCE_DIAGNOSTIC,85,11,INTERVAL_COMPLETED_AND_CAPTURED,13.714263609297088,333.71426360929706,309.9816000000001,41.66425222709046,358200000.0,36000000.0,1800000.0,396000000.0,310901465533.39185
VULNERABLE_ENVELOPE,TIME_AND_RESISTANCE_DIAGNOSTIC,86,10,INTERVAL_COMPLETED_AND_CAPTURED,13.801355274351241,333.80135527435124,313.63920000000013,41.908814138718306,361800000.0,32400000.0,1800000.0,396000000.0,317723480284.7166
VULNERABLE_ENVELOPE,TIME_AND_RESISTANCE_DIAGNOSTIC,87,9,INTERVAL_COMPLETED_AND_CAPTURED,13.887945974766415,333.8879459747664,317.29680000000013,42.15196689425765,365400000.0,28800000.0,1800000.0,396000000.0,324619224795.0741
VULNERABLE_ENVELOPE,TIME_AND_RESISTANCE_DIAGNOSTIC,88,8,INTERVAL_COMPLETED_AND_CAPTURED,13.974044250900928,333.97404425090093,320.95440000000013,42.39373442757309,369000000.0,25200000.0,1800000.0,396000000.0,331588698603.02734
VULNERABLE_ENVELOPE,TIME_AND_RESISTANCE_DIAGNOSTIC,89,7,INTERVAL_COMPLETED_AND_CAPTURED,14.059658403385178,334.0596584033852,324.61200000000014,42.6341400062035,372600000.0,21600000.0,1800000.0,396000000.0,338631901264.9731
VULNERABLE_ENVELOPE,TIME_AND_RESISTANCE_DIAGNOSTIC,90,6,INTERVAL_COMPLETED_AND_CAPTURED,14.144796502429445,334.1447965024295,328.26960000000014,42.87320625692701,376200000.0,18000000.0,1800000.0,396000000.0,345748832354.28796
VULNERABLE_ENVELOPE,TIME_AND_RESISTANCE_DIAGNOSTIC,91,5,INTERVAL_COMPLETED_AND_CAPTURED,14.229466396672544,334.22946639667254,331.92720000000014,43.11095519008351,379800000.0,14400000.0,1800000.0,396000000.0,352939491460.5236
VULNERABLE_ENVELOPE,TIME_AND_RESISTANCE_DIAGNOSTIC,92,4,INTERVAL_COMPLETED_AND_CAPTURED,14.313675721598731,334.3136757215987,335.58480000000014,43.347408222727594,383400000.0,10800000.0,1800000.0,396000000.0,360203878188.6477
VULNERABLE_ENVELOPE,TIME_AND_RESISTANCE_DIAGNOSTIC,93,3,INTERVAL_COMPLETED_AND_CAPTURED,14.397431907548292,334.3974319075483,339.24240000000015,43.58258620067968,387000000.0,7200000.0,1800000.0,396000000.0,367541992158.3271
VULNERABLE_ENVELOPE,TIME_AND_RESISTANCE_DIAGNOSTIC,94,2,INTERVAL_COMPLETED_AND_CAPTURED,14.480742187345513,334.4807421873455,342.90000000000015,43.81650941953834,390600000.0,3600000.0,1800000.0,396000000.0,374953833003.24976
VULNERABLE_ENVELOPE,TIME_AND_RESISTANCE_DIAGNOSTIC,95,1,INTERVAL_COMPLETED_AND_CAPTURED,14.563613603566111,334.5636136035661,346.55760000000015,44.049197644713104,394200000.0,0.0,1800000.0,396000000.0,382439400370.485
VULNERABLE_ENVELOPE,V11B_CORRECTED,0,95,CAPACITY_TRIGGER_AT_REST,0.0,320.0,0.0,0.0,55800000.0,340200000.0,0.0,396000000.0,0.0
VULNERABLE_ENVELOPE,V11B_CORRECTED,1,95,INTERVAL_COMPLETED_AND_CAPTURED,1.0029516770106255,321.0029516770106,2.7432,5.299308153949766,57600000.0,338400000.0,0.0,396000000.0,808780807.022932
VULNERABLE_ENVELOPE,V11B_CORRECTED,2,94,INTERVAL_COMPLETED_AND_CAPTURED,1.5448049569246871,321.5448049569247,6.4008,7.718612113139286,61200000.0,334800000.0,0.0,396000000.0,1823055372.3648756
VULNERABLE_ENVELOPE,V11B_CORRECTED,3,93,INTERVAL_COMPLETED_AND_CAPTURED,1.9630714135768472,321.96307141357687,10.0584,9.22790002705253,64800000.0,331200000.0,0.0,396000000.0,2758994100.660546
VULNERABLE_ENVELOPE,V11B_CORRECTED,4,92,INTERVAL_COMPLETED_AND_CAPTURED,2.328509272529132,322.3285092725291,13.716000000000001,10.221849840809654,68400000.0,327600000.0,0.0,396000000.0,3573428524.5476637
VULNERABLE_ENVELOPE,V11B_CORRECTED,5,91,INTERVAL_COMPLETED_AND_CAPTURED,2.6619128368957234,322.66191283689574,17.3736,11.133170979359894,72000000.0,324000000.0,0.0,396000000.0,4462109858.003808
VULNERABLE_ENVELOPE,V11B_CORRECTED,6,90,INTERVAL_COMPLETED_AND_CAPTURED,2.970414283046869,322.97041428304686,21.0312,11.979879483421305,75600000.0,320400000.0,0.0,396000000.0,5424961970.129891
VULNERABLE_ENVELOPE,V11B_CORRECTED,7,89,INTERVAL_COMPLETED_AND_CAPTURED,3.258841683755012,323.258841683755,24.688799999999997,12.774187368655074,79200000.0,316800000.0,0.0,396000000.0,6461922572.008471
VULNERABLE_ENVELOPE,V11B_CORRECTED,8,88,INTERVAL_COMPLETED_AND_CAPTURED,3.530642853733145,323.5306428537331,28.346399999999996,13.524838670113299,82800000.0,313200000.0,0.0,396000000.0,7572940207.5773115
VULNERABLE_ENVELOPE,V11B_CORRECTED,9,87,INTERVAL_COMPLETED_AND_CAPTURED,3.788381354987551,323.78838135498756,32.004,14.238357814681502,86400000.0,309600000.0,0.0,396000000.0,8757971996.784557
VULNERABLE_ENVELOPE,V11B_CORRECTED,10,86,INTERVAL_COMPLETED_AND_CAPTURED,4.034024481649739,324.03402448164974,35.6616,14.919772056932182,90000000.0,306000000.0,0.0,396000000.0,10016981920.386644
VULNERABLE_ENVELOPE,V11B_CORRECTED,11,85,INTERVAL_COMPLETED_AND_CAPTURED,4.269120853020555,324.2691208530206,39.3192,15.57305605198721,93600000.0,302400000.0,0.0,396000000.0,11349939500.562101
VULNERABLE_ENVELOPE,V11B_CORRECTED,12,84,INTERVAL_COMPLETED_AND_CAPTURED,4.494915309445784,324.4949153094458,42.976800000000004,16.201419166819196,97200000.0,298800000.0,0.0,396000000.0,12756818774.722254
VULNERABLE_ENVELOPE,V11B_CORRECTED,13,83,INTERVAL_COMPLETED_AND_CAPTURED,4.712426210469801,324.7124262104698,46.63440000000001,16.80749873345209,100800000.0,295200000.0,0.0,396000000.0,14237597489.219677
VULNERABLE_ENVELOPE,V11B_CORRECTED,14,82,INTERVAL_COMPLETED_AND_CAPTURED,4.922499158967008,324.922499158967,50.29200000000001,17.393494434892027,104400000.0,291600000.0,0.0,396000000.0,15792256459.875559
VULNERABLE_ENVELOPE,V11B_CORRECTED,15,81,INTERVAL_COMPLETED_AND_CAPTURED,5.125845382963273,325.1258453829633,53.94960000000001,17.961264422001765,108000000.0,288000000.0,0.0,396000000.0,17420779060.401585
VULNERABLE_ENVELOPE,V11B_CORRECTED,16,80,INTERVAL_COMPLETED_AND_CAPTURED,5.323069811403665,325.3230698114037,57.60720000000001,18.512395735701382,111600000.0,284400000.0,0.0,396000000.0,19123150809.836983
VULNERABLE_ENVELOPE,V11B_CORRECTED,17,79,INTERVAL_COMPLETED_AND_CAPTURED,5.514692035834375,325.5146920358344,61.264800000000015,19.048256991081423,115200000.0,280800000.0,0.0,396000000.0,20899359037.341064
VULNERABLE_ENVELOPE,V11B_CORRECTED,18,78,INTERVAL_COMPLETED_AND_CAPTURED,5.701162243657334,325.70116224365734,64.92240000000001,19.570038516593502,118800000.0,277200000.0,0.0,396000000.0,22749392607.93262
VULNERABLE_ENVELOPE,V11B_CORRECTED,19,77,INTERVAL_COMPLETED_AND_CAPTURED,5.882873522457065,325.8828735224571,68.58000000000001,20.078783430839447,122400000.0,273600000.0,0.0,396000000.0,24673241696.628227
VULNERABLE_ENVELOPE,V11B_CORRECTED,20,76,INTERVAL_COMPLETED_AND_CAPTURED,6.060171496716193,326.0601714967162,72.23760000000001,20.575412048681095,126000000.0,270000000.0,0.0,396000000.0,26670897601.299706
VULNERABLE_ENVELOPE,V11B_CORRECTED,21,75,INTERVAL_COMPLETED_AND_CAPTURED,6.23336197110625,326.23336197110626,75.89520000000002,21.06074129438864,129600000.0,266400000.0,0.0,396000000.0,28742352586.72202
VULNERABLE_ENVELOPE,V11B_CORRECTED,22,74,INTERVAL_COMPLETED_AND_CAPTURED,6.402717062029876,326.40271706202986,79.55280000000002,21.535500321161404,133200000.0,262800000.0,0.0,396000000.0,30887599753.91068
VULNERABLE_ENVELOPE,V11B_CORRECTED,23,73,INTERVAL_COMPLETED_AND_CAPTURED,6.5684801673428606,326.56848016734284,83.21040000000002,22.000343209075314,136800000.0,259200000.0,0.0,396000000.0,33106632930.090073
VULNERABLE_ENVELOPE,V11B_CORRECTED,24,72,INTERVAL_COMPLETED_AND_CAPTURED,6.73087003233848,326.7308700323385,86.86800000000002,22.45585938535636,140400000.0,255600000.0,0.0,396000000.0,35399446575.58979
VULNERABLE_ENVELOPE,V11B_CORRECTED,25,71,INTERVAL_COMPLETED_AND_CAPTURED,6.890084104966423,326.89008410496643,90.52560000000003,22.902582249093197,144000000.0,252000000.0,0.0,396000000.0,37766035704.706474
VULNERABLE_ENVELOPE,V11B_CORRECTED,26,70,INTERVAL_COMPLETED_AND_CAPTURED,7.046301326392791,327.0463013263928,94.18320000000003,23.340996365986673,147600000.0,248400000.0,0.0,396000000.0,40206395818.14682
VULNERABLE_ENVELOPE,V11B_CORRECTED,27,69,INTERVAL_COMPLETED_AND_CAPTURED,7.199684468800871,327.19968446880085,97.84080000000003,23.77154351362418,151200000.0,244800000.0,0.0,396000000.0,42720522845.121666
VULNERABLE_ENVELOPE,V11B_CORRECTED,28,68,INTERVAL_COMPLETED_AND_CAPTURED,7.350382107043984,327.35038210704397,101.49840000000003,24.19462779478462,154800000.0,241200000.0,0.0,396000000.0,45308413093.51993
VULNERABLE_ENVELOPE,V11B_CORRECTED,29,67,INTERVAL_COMPLETED_AND_CAPTURED,7.49853029184501,327.498530291845,105.15600000000003,24.610619989111335,158400000.0,237600000.0,0.0,396000000.0,47970063206.87695
VULNERABLE_ENVELOPE,V11B_CORRECTED,30,66,INTERVAL_COMPLETED_AND_CAPTURED,7.64425397793201,327.644253977932,108.81360000000004,25.019861277773284,162000000.0,234000000.0,0.0,396000000.0,50705470127.080536
VULNERABLE_ENVELOPE,V11B_CORRECTED,31,65,INTERVAL_COMPLETED_AND_CAPTURED,7.787668249571686,327.7876682495717,112.47120000000004,25.422666448410094,165600000.0,230400000.0,0.0,396000000.0,53514631061.94124
VULNERABLE_ENVELOPE,V11B_CORRECTED,32,64,INTERVAL_COMPLETED_AND_CAPTURED,7.928879377536238,327.92887937753625,116.12880000000004,25.819326666553817,169200000.0,226800000.0,0.0,396000000.0,56397543456.902756
VULNERABLE_ENVELOPE,V11B_CORRECTED,33,63,INTERVAL_COMPLETED_AND_CAPTURED,8.067985734984736,328.06798573498475,119.78640000000004,26.210111883276937,172800000.0,223200000.0,0.0,396000000.0,59354204970.28853
VULNERABLE_ENVELOPE,V11B_CORRECTED,34,62,INTERVAL_COMPLETED_AND_CAPTURED,8.205078594599845,328.20507859459985,123.44400000000005,26.59527293589806,176400000.0,219600000.0,0.0,396000000.0,62384613451.57922
VULNERABLE_ENVELOPE,V11B_CORRECTED,35,61,INTERVAL_COMPLETED_AND_CAPTURED,8.34024282525856,328.34024282525854,127.10160000000005,26.97504338834881,180000000.0,216000000.0,0.0,396000000.0,65488766922.297066
VULNERABLE_ENVELOPE,V11B_CORRECTED,36,60,INTERVAL_COMPLETED_AND_CAPTURED,8.473557503282244,328.4735575032822,130.75920000000005,27.34964114964923,183600000.0,212400000.0,0.0,396000000.0,68666663559.13904
VULNERABLE_ENVELOPE,V11B_CORRECTED,37,59,INTERVAL_COMPLETED_AND_CAPTURED,8.60509645072019,328.60509645072017,134.41680000000005,27.719269902389925,187200000.0,208800000.0,0.0,396000000.0,71918301679.05614
VULNERABLE_ENVELOPE,V11B_CORRECTED,38,58,INTERVAL_COMPLETED_AND_CAPTURED,8.734928711031273,328.7349287110313,138.07440000000005,28.0841203678273,190800000.0,205200000.0,0.0,396000000.0,75243679726.022
VULNERABLE_ENVELOPE,V11B_CORRECTED,39,57,INTERVAL_COMPLETED_AND_CAPTURED,8.86311897083292,328.86311897083294,141.73200000000006,28.444371429896055,194400000.0,201600000.0,0.0,396000000.0,78642796259.27141
VULNERABLE_ENVELOPE,V11B_CORRECTED,40,56,INTERVAL_COMPLETED_AND_CAPTURED,8.989727935003225,328.9897279350032,145.38960000000006,28.800191136925736,198000000.0,198000000.0,0.0,396000000.0,82115649942.82211
VULNERABLE_ENVELOPE,V11B_CORRECTED,41,55,INTERVAL_COMPLETED_AND_CAPTURED,9.114812661287246,329.11481266128726,149.04720000000006,29.151737596956668,201600000.0,194400000.0,0.0,396000000.0,85662239536.11914
VULNERABLE_ENVELOPE,V11B_CORRECTED,42,54,INTERVAL_COMPLETED_AND_CAPTURED,9.23842685962278,329.2384268596228,152.70480000000006,29.499159780161822,205200000.0,190800000.0,0.0,396000000.0,89282563885.66403
VULNERABLE_ENVELOPE,V11B_CORRECTED,43,53,INTERVAL_COMPLETED_AND_CAPTURED,9.36062116062566,329.36062116062567,156.36240000000006,29.842598239897768,208800000.0,187200000.0,0.0,396000000.0,92976621917.50992
VULNERABLE_ENVELOPE,V11B_CORRECTED,44,52,INTERVAL_COMPLETED_AND_CAPTURED,9.481443357029269,329.48144335702926,160.02000000000007,30.182185762253756,212400000.0,183600000.0,0.0,396000000.0,96744412630.51993
VULNERABLE_ENVELOPE,V11B_CORRECTED,45,51,INTERVAL_COMPLETED_AND_CAPTURED,9.60093862133349,329.6009386213335,163.67760000000007,30.518047952582215,216000000.0,180000000.0,0.0,396000000.0,100585935090.2996
VULNERABLE_ENVELOPE,V11B_CORRECTED,46,50,INTERVAL_COMPLETED_AND_CAPTURED,9.719149702465398,329.7191497024654,167.33520000000007,30.850303766328437,219600000.0,176400000.0,0.0,396000000.0,104501188423.72629
VULNERABLE_ENVELOPE,V11B_CORRECTED,47,49,INTERVAL_COMPLETED_AND_CAPTURED,9.836117103872205,329.8361171038722,170.99280000000007,31.17906599049267,223200000.0,172800000.0,0.0,396000000.0,108490171814.00783
VULNERABLE_ENVELOPE,V11B_CORRECTED,48,48,INTERVAL_COMPLETED_AND_CAPTURED,9.951879245144028,329.951879245144,174.65040000000008,31.504441681223412,226800000.0,169200000.0,0.0,396000000.0,112552884496.21184
VULNERABLE_ENVELOPE,V11B_CORRECTED,49,47,INTERVAL_COMPLETED_AND_CAPTURED,10.066472608989702,330.0664726089897,178.30800000000008,31.826532562330698,230400000.0,165600000.0,0.0,396000000.0,116689325753.2143
VULNERABLE_ENVELOPE,V11B_CORRECTED,50,46,INTERVAL_COMPLETED_AND_CAPTURED,10.179931875155198,330.1799318751552,181.96560000000008,32.14543538890189,234000000.0,162000000.0,0.0,396000000.0,120899494912.02171
VULNERABLE_ENVELOPE,V11B_CORRECTED,51,45,INTERVAL_COMPLETED_AND_CAPTURED,10.292290042674297,330.2922900426743,185.62320000000008,32.461242279683404,237600000.0,158400000.0,0.0,396000000.0,125183391340.42828
VULNERABLE_ENVELOPE,V11B_CORRECTED,52,44,INTERVAL_COMPLETED_AND_CAPTURED,10.403578541669845,330.40357854166984,189.28080000000008,32.77404102144542,241200000.0,154800000.0,0.0,396000000.0,129541014443.97168
VULNERABLE_ENVELOPE,V11B_CORRECTED,53,43,INTERVAL_COMPLETED_AND_CAPTURED,10.513827335776346,330.51382733577634,192.9384000000001,33.083915348162215,244800000.0,151200000.0,0.0,396000000.0,133972363663.15807
VULNERABLE_ENVELOPE,V11B_CORRECTED,54,42,INTERVAL_COMPLETED_AND_CAPTURED,10.62306501612749,330.6230650161275,196.5960000000001,33.39094519750818,248400000.0,147600000.0,0.0,396000000.0,138477438470.92792
VULNERABLE_ENVELOPE,V11B_CORRECTED,55,41,INTERVAL_COMPLETED_AND_CAPTURED,10.731318887741997,330.731318887742,200.2536000000001,33.6952069468815,252000000.0,144000000.0,0.0,396000000.0,143056238370.33957
VULNERABLE_ENVELOPE,V11B_CORRECTED,56,40,INTERVAL_COMPLETED_AND_CAPTURED,10.83861504904564,330.83861504904564,203.9112000000001,33.99677363091679,255600000.0,140400000.0,0.0,396000000.0,147708762892.44794
VULNERABLE_ENVELOPE,V11B_CORRECTED,57,39,INTERVAL_COMPLETED_AND_CAPTURED,10.944978465184182,330.9449784651842,207.5688000000001,34.295715142229916,259200000.0,136800000.0,0.0,396000000.0,152435011594.36038
VULNERABLE_ENVELOPE,V11B_CORRECTED,58,38,INTERVAL_COMPLETED_AND_CAPTURED,11.050433035709393,331.0504330357094,211.2264000000001,34.59209841694728,262800000.0,133200000.0,0.0,396000000.0,157234984057.4525
VULNERABLE_ENVELOPE,V11B_CORRECTED,59,37,INTERVAL_COMPLETED_AND_CAPTURED,11.155001657156943,331.15500165715696,214.8840000000001,34.88598760640489,266400000.0,129600000.0,0.0,396000000.0,162108679885.72818
VULNERABLE_ENVELOPE,V11B_CORRECTED,60,36,INTERVAL_COMPLETED_AND_CAPTURED,11.258706280979377,331.25870628097937,218.5416000000001,35.17744423625596,270000000.0,126000000.0,0.0,396000000.0,167056098704.31116
VULNERABLE_ENVELOPE,V11B_CORRECTED,61,35,INTERVAL_COMPLETED_AND_CAPTURED,11.36156796724857,331.36156796724856,222.1992000000001,35.46652735409662,273600000.0,122400000.0,0.0,396000000.0,172077240158.0553
VULNERABLE_ENVELOPE,V11B_CORRECTED,62,34,INTERVAL_COMPLETED_AND_CAPTURED,11.463606934499051,331.46360693449907,225.8568000000001,35.7532936666059,277200000.0,118800000.0,0.0,396000000.0,177172103910.26382
VULNERABLE_ENVELOPE,V11B_CORRECTED,63,33,INTERVAL_COMPLETED_AND_CAPTURED,11.564842606045715,331.5648426060457,229.5144000000001,36.03779766709516,280800000.0,115200000.0,0.0,396000000.0,182340689641.50635
VULNERABLE_ENVELOPE,V11B_CORRECTED,64,32,INTERVAL_COMPLETED_AND_CAPTURED,11.665293653075887,331.6652936530759,233.1720000000001,36.32009175427373,284400000.0,111600000.0,0.0,396000000.0,187582997048.52628
VULNERABLE_ENVELOPE,V11B_CORRECTED,65,31,INTERVAL_COMPLETED_AND_CAPTURED,11.764978034786,331.764978034786,236.8296000000001,36.600226342958074,288000000.0,108000000.0,0.0,396000000.0,192899025843.22977
VULNERABLE_ENVELOPE,V11B_CORRECTED,66,30,INTERVAL_COMPLETED_AND_CAPTURED,11.863913035806833,331.86391303580683,240.48720000000012,36.878249967382125,291600000.0,104400000.0,0.0,396000000.0,198288775751.74973
VULNERABLE_ENVELOPE,V11B_CORRECTED,67,29,INTERVAL_COMPLETED_AND_CAPTURED,11.962115301137802,331.9621153011378,244.14480000000012,37.15420937770364,295200000.0,100800000.0,0.0,396000000.0,203752246513.57874
VULNERABLE_ENVELOPE,V11B_CORRECTED,68,28,INTERVAL_COMPLETED_AND_CAPTURED,12.05960086878988,332.05960086878986,247.80240000000012,37.428149630245784,298800000.0,97200000.0,0.0,396000000.0,209289437880.7637
VULNERABLE_ENVELOPE,V11B_CORRECTED,69,27,INTERVAL_COMPLETED_AND_CAPTURED,12.156385200318196,332.1563852003182,251.46000000000012,37.700114171963634,302400000.0,93600000.0,0.0,396000000.0,214900349617.1589
VULNERABLE_ENVELOPE,V11B_CORRECTED,70,26,INTERVAL_COMPLETED_AND_CAPTURED,12.252483209408592,332.2524832094086,255.11760000000012,37.97014491958031,306000000.0,90000000.0,0.0,396000000.0,220584981497.7313
VULNERABLE_ENVELOPE,V11B_CORRECTED,71,25,INTERVAL_COMPLETED_AND_CAPTURED,12.347909288667607,332.3479092886676,258.7752000000001,38.23828233379791,309600000.0,86400000.0,0.0,396000000.0,226343333307.91455
VULNERABLE_ENVELOPE,V11B_CORRECTED,72,24,INTERVAL_COMPLETED_AND_CAPTURED,12.442677334751922,332.4426773347519,262.4328000000001,38.50456548895239,313200000.0,82800000.0,0.0,396000000.0,232175404843.00742
VULNERABLE_ENVELOPE,V11B_CORRECTED,73,23,INTERVAL_COMPLETED_AND_CAPTURED,12.536800771961333,332.53680077196134,266.0904000000001,38.76903213844916,316800000.0,79200000.0,0.0,396000000.0,238081195907.61328
VULNERABLE_ENVELOPE,V11B_CORRECTED,74,22,INTERVAL_COMPLETED_AND_CAPTURED,12.630292574408493,332.6302925744085,269.7480000000001,39.03171877628752,320400000.0,75600000.0,0.0,396000000.0,244060706315.11755
VULNERABLE_ENVELOPE,V11B_CORRECTED,75,21,INTERVAL_COMPLETED_AND_CAPTURED,12.72316528686893,332.72316528686895,273.4056000000001,39.292660694955295,324000000.0,72000000.0,0.0,396000000.0,250113935887.19934
VULNERABLE_ENVELOPE,V11B_CORRECTED,76,20,INTERVAL_COMPLETED_AND_CAPTURED,12.8154310444061,332.8154310444061,277.0632000000001,39.55189203995209,327600000.0,68400000.0,0.0,396000000.0,256240884453.37616
VULNERABLE_ENVELOPE,V11B_CORRECTED,77,19,INTERVAL_COMPLETED_AND_CAPTURED,12.907101590858257,332.90710159085825,280.7208000000001,39.80944586117747,331200000.0,64800000.0,0.0,396000000.0,262441551850.57776
VULNERABLE_ENVELOPE,V11B_CORRECTED,78,18,INTERVAL_COMPLETED_AND_CAPTURED,12.998188296266786,332.9981882962668,284.3784000000001,40.0653541614016,334800000.0,61200000.0,0.0,396000000.0,268715937922.74768
VULNERABLE_ENVELOPE,V11B_CORRECTED,79,17,INTERVAL_COMPLETED_AND_CAPTURED,13.088702173319122,333.0887021733191,288.0360000000001,40.31964794201785,338400000.0,57600000.0,0.0,396000000.0,275064042520.47034
VULNERABLE_ENVELOPE,V11B_CORRECTED,80,16,INTERVAL_COMPLETED_AND_CAPTURED,13.178653892873488,333.1786538928735,291.6936000000001,40.5723572462613,342000000.0,54000000.0,0.0,396000000.0,281485865500.62103
VULNERABLE_ENVELOPE,V11B_CORRECTED,81,15,INTERVAL_COMPLETED_AND_CAPTURED,13.268053798627342,333.26805379862736,295.3512000000001,40.82351120006232,345600000.0,50400000.0,0.0,396000000.0,287981406726.0389
VULNERABLE_ENVELOPE,V11B_CORRECTED,82,14,INTERVAL_COMPLETED_AND_CAPTURED,13.356911920986535,333.35691192098653,299.0088000000001,41.07313805069136,349200000.0,46800000.0,0.0,396000000.0,294550666065.2189
VULNERABLE_ENVELOPE,V11B_CORRECTED,83,13,INTERVAL_COMPLETED_AND_CAPTURED,13.44523799018777,333.44523799018776,302.6664000000001,41.321265203338946,352800000.0,43200000.0,0.0,396000000.0,301193643392.0238
VULNERABLE_ENVELOPE,V11B_CORRECTED,84,12,INTERVAL_COMPLETED_AND_CAPTURED,13.533041448722901,333.5330414487229,306.3240000000001,41.56791925576403,356400000.0,39600000.0,0.0,396000000.0,307910338585.4126
VULNERABLE_ENVELOPE,V11B_CORRECTED,85,11,INTERVAL_COMPLETED_AND_CAPTURED,13.62033146310993,333.62033146310995,309.9816000000001,41.81312603113379,360000000.0,36000000.0,0.0,396000000.0,314700751529.1861
VULNERABLE_ENVELOPE,V11B_CORRECTED,86,10,INTERVAL_COMPLETED_AND_CAPTURED,13.707116935052191,333.70711693505217,313.63920000000013,42.05691060916871,363600000.0,32400000.0,0.0,396000000.0,321564882111.7471
VULNERABLE_ENVELOPE,V11B_CORRECTED,87,9,INTERVAL_COMPLETED_AND_CAPTURED,13.793406512024152,333.79340651202415,317.29680000000013,42.29929735569858,367200000.0,28800000.0,0.0,396000000.0,328502730225.87445
VULNERABLE_ENVELOPE,V11B_CORRECTED,88,8,INTERVAL_COMPLETED_AND_CAPTURED,13.879208597319394,333.8792085973194,320.95440000000013,42.54030995072725,370800000.0,25200000.0,0.0,396000000.0,335514295768.51117
VULNERABLE_ENVELOPE,V11B_CORRECTED,89,7,INTERVAL_COMPLETED_AND_CAPTURED,13.964531359593822,333.9645313595938,324.61200000000014,42.77997141509701,374400000.0,21600000.0,0.0,396000000.0,342599578640.564
VULNERABLE_ENVELOPE,V11B_CORRECTED,90,6,INTERVAL_COMPLETED_AND_CAPTURED,14.049382741934727,334.0493827419347,328.26960000000014,43.01830413583685,378000000.0,18000000.0,0.0,396000000.0,349758578746.7146
VULNERABLE_ENVELOPE,V11B_CORRECTED,91,5,INTERVAL_COMPLETED_AND_CAPTURED,14.133770470484183,334.1337704704842,331.92720000000014,43.25532989027319,381600000.0,14400000.0,0.0,396000000.0,356991295995.2417
VULNERABLE_ENVELOPE,V11B_CORRECTED,92,4,INTERVAL_COMPLETED_AND_CAPTURED,14.217702062643246,334.21770206264324,335.58480000000014,43.49106986897592,385200000.0,10800000.0,0.0,396000000.0,364297730297.8528
VULNERABLE_ENVELOPE,V11B_CORRECTED,93,3,INTERVAL_COMPLETED_AND_CAPTURED,14.301184834881592,334.3011848348816,339.24240000000015,43.72554469760778,388800000.0,7200000.0,0.0,396000000.0,371677881569.5252
VULNERABLE_ENVELOPE,V11B_CORRECTED,94,2,INTERVAL_COMPLETED_AND_CAPTURED,14.384225910175543,334.38422591017553,342.90000000000015,43.958774457740354,392400000.0,3600000.0,0.0,396000000.0,379131749728.3565
VULNERABLE_ENVELOPE,V11B_CORRECTED,95,1,INTERVAL_COMPLETED_AND_CAPTURED,14.466832225095843,334.46683222509586,346.55760000000015,44.19077870669577,396000000.0,0.0,0.0,396000000.0,386659334695.4229
GRID-0119,TIME_ONLY_DIAGNOSTIC,0,96,CAPACITY_TRIGGER_AT_REST,0.0,5810.0,0.0,0.0,46400000.0,304000000.0,1600000.0,352000000.0,0.0
GRID-0119,TIME_ONLY_DIAGNOSTIC,1,96,INTERVAL_COMPLETED_WITHOUT_CAPTURE,0.6107138462969437,5810.610713846297,1.8288,5.989056940787924,46400000.0,304000000.0,1600000.0,352000000.0,832156230.5280001
GRID-0119,TIME_ONLY_DIAGNOSTIC,2,95,INTERVAL_COMPLETED_AND_CAPTURED,1.1103025849711816,5811.110302584972,5.4864,8.095103781452723,49600000.0,300800000.0,1600000.0,352000000.0,1625161489.7657564
GRID-0119,TIME_ONLY_DIAGNOSTIC,3,94,INTERVAL_COMPLETED_AND_CAPTURED,1.5107748471926723,5811.510774847193,9.144,9.554885618762347,52800000.0,297600000.0,1600000.0,352000000.0,2410210154.553472
GRID-0119,TIME_ONLY_DIAGNOSTIC,4,93,INTERVAL_COMPLETED_AND_CAPTURED,1.8653440676323256,5811.865344067633,12.8016,10.44341270929558,56000000.0,294400000.0,1600000.0,352000000.0,3053816332.466941
GRID-0119,TIME_ONLY_DIAGNOSTIC,5,92,INTERVAL_COMPLETED_AND_CAPTURED,2.197582745568795,5812.197582745569,16.4592,10.948845060612237,59200000.0,291200000.0,1600000.0,352000000.0,3548365361.574272
GRID-0119,TIME_ONLY_DIAGNOSTIC,6,91,INTERVAL_COMPLETED_AND_CAPTURED,2.514804088336257,5812.514804088336,20.116799999999998,11.49029687375053,62400000.0,288000000.0,1600000.0,352000000.0,4119239974.1039414
GRID-0119,TIME_ONLY_DIAGNOSTIC,7,90,INTERVAL_COMPLETED_AND_CAPTURED,2.817573931416738,5812.8175739314165,23.774399999999996,12.05255036765141,65600000.0,284800000.0,1600000.0,352000000.0,4764658227.964592
GRID-0119,TIME_ONLY_DIAGNOSTIC,8,89,INTERVAL_COMPLETED_AND_CAPTURED,3.1067858471376457,5813.106785847138,27.431999999999995,12.625152203981084,68800000.0,281600000.0,1600000.0,352000000.0,5483169705.174882
GRID-0119,TIME_ONLY_DIAGNOSTIC,9,88,INTERVAL_COMPLETED_AND_CAPTURED,3.3834560630343082,5813.383456063034,31.089599999999994,13.200990955899911,72000000.0,278400000.0,1600000.0,352000000.0,6273581839.839046
GRID-0119,TIME_ONLY_DIAGNOSTIC,10,87,INTERVAL_COMPLETED_AND_CAPTURED,3.6486100503758743,5813.648610050376,34.74719999999999,13.775271801003289,75200000.0,275200000.0,1600000.0,352000000.0,7134905056.001017
GRID-0119,TIME_ONLY_DIAGNOSTIC,11,86,INTERVAL_COMPLETED_AND_CAPTURED,3.9032245959847973,5813.903224595985,38.404799999999994,14.344798656590326,78400000.0,272000000.0,1600000.0,352000000.0,8066311341.126133
GRID-0119,TIME_ONLY_DIAGNOSTIC,12,85,INTERVAL_COMPLETED_AND_CAPTURED,4.14820173621043,5814.1482017362105,42.0624,14.90747819229981,81600000.0,268800000.0,1600000.0,352000000.0,9067102566.998892
GRID-0119,TIME_ONLY_DIAGNOSTIC,13,84,INTERVAL_COMPLETED_AND_CAPTURED,4.3843602178766,5814.384360217877,45.72,15.46197861283494,84800000.0,265600000.0,1600000.0,352000000.0,10136685983.24764
GRID-0119,TIME_ONLY_DIAGNOSTIC,14,83,INTERVAL_COMPLETED_AND_CAPTURED,4.612436143927254,5814.612436143927,49.3776,16.007494734524574,88000000.0,262400000.0,1600000.0,352000000.0,11274555057.736605
GRID-0119,TIME_ONLY_DIAGNOSTIC,15,82,INTERVAL_COMPLETED_AND_CAPTURED,4.833088086215502,5814.833088086216,53.0352,16.5435856749967,91200000.0,259200000.0,1600000.0,352000000.0,12480274350.559593
GRID-0119,TIME_ONLY_DIAGNOSTIC,16,81,INTERVAL_COMPLETED_AND_CAPTURED,5.046904065024602,5815.046904065025,56.692800000000005,17.070062171918668,94400000.0,256000000.0,1600000.0,352000000.0,13753467464.509562
GRID-0119,TIME_ONLY_DIAGNOSTIC,17,80,INTERVAL_COMPLETED_AND_CAPTURED,5.254409005790996,5815.254409005791,60.35040000000001,17.58690795078594,97600000.0,252800000.0,1600000.0,352000000.0,15093807365.947582
GRID-0119,TIME_ONLY_DIAGNOSTIC,18,79,INTERVAL_COMPLETED_AND_CAPTURED,5.456071965446848,5815.456071965446,64.00800000000001,18.094224583553647,100800000.0,249600000.0,1600000.0,352000000.0,16501008549.315887
GRID-0119,TIME_ONLY_DIAGNOSTIC,19,78,INTERVAL_COMPLETED_AND_CAPTURED,5.652312798979538,5815.652312798979,67.66560000000001,18.592192658480162,104000000.0,246400000.0,1600000.0,352000000.0,17974820648.20227
GRID-0119,TIME_ONLY_DIAGNOSTIC,20,77,INTERVAL_COMPLETED_AND_CAPTURED,5.843508142250309,5815.84350814225,71.32320000000001,19.081044351860758,107200000.0,243200000.0,1600000.0,352000000.0,19515023190.691505
GRID-0119,TIME_ONLY_DIAGNOSTIC,21,76,INTERVAL_COMPLETED_AND_CAPTURED,6.029996695114403,5816.029996695114,74.98080000000002,19.561044022231172,110400000.0,240000000.0,1600000.0,352000000.0,21121421266.829556
GRID-0119,TIME_ONLY_DIAGNOSTIC,22,75,INTERVAL_COMPLETED_AND_CAPTURED,6.212083842424129,5816.212083842424,78.63840000000002,20.032474483941744,113600000.0,236800000.0,1600000.0,352000000.0,22793841928.347336
GRID-0119,TIME_ONLY_DIAGNOSTIC,23,74,INTERVAL_COMPLETED_AND_CAPTURED,6.39004567402029,5816.39004567402,82.29600000000002,20.495627323582223,116800000.0,233600000.0,1600000.0,352000000.0,24532131180.21074
GRID-0119,TIME_ONLY_DIAGNOSTIC,24,73,INTERVAL_COMPLETED_AND_CAPTURED,6.56413247217869,5816.564132472178,85.95360000000002,20.950796107993376,120000000.0,230400000.0,1600000.0,352000000.0,26336151453.52262
GRID-0119,TIME_ONLY_DIAGNOSTIC,25,72,INTERVAL_COMPLETED_AND_CAPTURED,6.734571733983922,5816.734571733984,89.61120000000003,21.39827166838021,123200000.0,227200000.0,1600000.0,352000000.0,28205779472.258278
GRID-0119,TIME_ONLY_DIAGNOSTIC,26,71,INTERVAL_COMPLETED_AND_CAPTURED,6.901570791109717,5816.901570791109,93.26880000000003,21.838338879151266,126400000.0,224000000.0,1600000.0,352000000.0,30140904444.041065
GRID-0119,TIME_ONLY_DIAGNOSTIC,27,70,INTERVAL_COMPLETED_AND_CAPTURED,7.065319082885665,5817.065319082885,96.92640000000003,22.271274514547546,129600000.0,220800000.0,1600000.0,352000000.0,32141426518.95131
GRID-0119,TIME_ONLY_DIAGNOSTIC,28,69,INTERVAL_COMPLETED_AND_CAPTURED,7.2259901315988575,5817.225990131599,100.58400000000003,22.69734588245508,132800000.0,217600000.0,1600000.0,352000000.0,34207255471.157955
GRID-0119,TIME_ONLY_DIAGNOSTIC,29,68,INTERVAL_COMPLETED_AND_CAPTURED,7.383743262360015,5817.38374326236,104.24160000000003,23.116810017652707,136000000.0,214400000.0,1600000.0,352000000.0,36338309566.6729
GRID-0119,TIME_ONLY_DIAGNOSTIC,30,67,INTERVAL_COMPLETED_AND_CAPTURED,7.538725103849832,5817.53872510385,107.89920000000004,23.529913276140988,139200000.0,211200000.0,1600000.0,352000000.0,38534514587.27703
GRID-0119,TIME_ONLY_DIAGNOSTIC,31,66,INTERVAL_COMPLETED_AND_CAPTURED,7.691070900953129,5817.6910709009535,111.55680000000004,23.93689121502736,142400000.0,208000000.0,1600000.0,352000000.0,40795802986.05184
GRID-0119,TIME_ONLY_DIAGNOSTIC,32,65,INTERVAL_COMPLETED_AND_CAPTURED,7.840905665686356,5817.8409056656865,115.21440000000004,24.337968673495602,145600000.0,204800000.0,1600000.0,352000000.0,43122113154.269485
GRID-0119,TIME_ONLY_DIAGNOSTIC,33,64,INTERVAL_COMPLETED_AND_CAPTURED,7.9883451888786805,5817.988345188879,118.87200000000004,24.733359993014574,148800000.0,201600000.0,1600000.0,352000000.0,45513388782.87761
GRID-0119,TIME_ONLY_DIAGNOSTIC,34,63,INTERVAL_COMPLETED_AND_CAPTURED,8.133496931708722,5818.133496931709,122.52960000000004,25.12326933150106,152000000.0,198400000.0,1600000.0,352000000.0,47969578304.63877
GRID-0119,TIME_ONLY_DIAGNOSTIC,35,62,INTERVAL_COMPLETED_AND_CAPTURED,8.276460813352998,5818.276460813353,126.18720000000005,25.507891038318455,155200000.0,195200000.0,1600000.0,352000000.0,50490634405.283615
GRID-0119,TIME_ONLY_DIAGNOSTIC,36,61,INTERVAL_COMPLETED_AND_CAPTURED,8.417329908596079,5818.417329908596,129.84480000000005,25.887410065960786,158400000.0,192000000.0,1600000.0,352000000.0,53076513593.91806
GRID-0119,TIME_ONLY_DIAGNOSTIC,37,60,INTERVAL_COMPLETED_AND_CAPTURED,8.556191067220741,5818.55619106722,133.50240000000005,26.26200240089934,161600000.0,188800000.0,1600000.0,352000000.0,55727175824.4713
GRID-0119,TIME_ONLY_DIAGNOSTIC,38,59,INTERVAL_COMPLETED_AND_CAPTURED,8.693125465280936,5818.693125465281,137.16000000000005,26.631835500976194,164800000.0,185600000.0,1600000.0,352000000.0,58442584161.24701
GRID-0119,TIME_ONLY_DIAGNOSTIC,39,58,INTERVAL_COMPLETED_AND_CAPTURED,8.828209096911408,5818.828209096911,140.81760000000006,26.99706873036605,168000000.0,182400000.0,1600000.0,352000000.0,61222704482.697105
GRID-0119,TIME_ONLY_DIAGNOSTIC,40,57,INTERVAL_COMPLETED_AND_CAPTURED,8.961513214102416,5818.9615132141025,144.47520000000006,27.3578537858246,171200000.0,179200000.0,1600000.0,352000000.0,64067505218.417305
GRID-0119,TIME_ONLY_DIAGNOSTIC,41,56,INTERVAL_COMPLETED_AND_CAPTURED,9.093104720830478,5819.0931047208305,148.13280000000006,27.71433510993864,174400000.0,176000000.0,1600000.0,352000000.0,66976957115.09725
GRID-0119,TIME_ONLY_DIAGNOSTIC,42,55,INTERVAL_COMPLETED_AND_CAPTURED,9.223046527055992,5819.223046527056,151.79040000000006,28.066650288569697,177600000.0,172800000.0,1600000.0,352000000.0,69951033027.77321
GRID-0119,TIME_ONLY_DIAGNOSTIC,43,54,INTERVAL_COMPLETED_AND_CAPTURED,9.351397867350757,5819.351397867351,155.44800000000006,28.414930430769946,180800000.0,169600000.0,1600000.0,352000000.0,72989707733.24883
GRID-0119,TIME_ONLY_DIAGNOSTIC,44,53,INTERVAL_COMPLETED_AND_CAPTURED,9.478214588281642,5819.478214588282,159.10560000000007,28.759300530245284,184000000.0,166400000.0,1600000.0,352000000.0,76092957762.98494
GRID-0119,TIME_ONLY_DIAGNOSTIC,45,52,INTERVAL_COMPLETED_AND_CAPTURED,9.603549408133317,5819.603549408133,162.76320000000007,29.099879808018432,187200000.0,163200000.0,1600000.0,352000000.0,79260761253.12872
GRID-0119,TIME_ONLY_DIAGNOSTIC,46,51,INTERVAL_COMPLETED_AND_CAPTURED,9.727452152088361,5819.7274521520885,166.42080000000007,29.43678203635985,190400000.0,160000000.0,1600000.0,352000000.0,82493097809.66624
GRID-0119,TIME_ONLY_DIAGNOSTIC,47,50,INTERVAL_COMPLETED_AND_CAPTURED,9.849969965584878,5819.849969965585,170.07840000000007,29.770115844346797,193600000.0,156800000.0,1600000.0,352000000.0,85789948386.94818
GRID-0119,TIME_ONLY_DIAGNOSTIC,48,49,INTERVAL_COMPLETED_AND_CAPTURED,9.97114750822975,5819.9711475082295,173.73600000000008,30.099985005612123,196800000.0,153600000.0,1600000.0,352000000.0,89151295178.06654
GRID-0119,TIME_ONLY_DIAGNOSTIC,49,48,INTERVAL_COMPLETED_AND_CAPTURED,10.091027130351273,5820.091027130351,177.39360000000008,30.426488708977818,200000000.0,150400000.0,1600000.0,352000000.0,92577121515.75546
GRID-0119,TIME_ONLY_DIAGNOSTIC,50,47,INTERVAL_COMPLETED_AND_CAPTURED,10.209649034020881,5820.209649034021,181.05120000000008,30.749721812750945,203200000.0,147200000.0,1600000.0,352000000.0,96067411782.65564
GRID-0119,TIME_ONLY_DIAGNOSTIC,51,46,INTERVAL_COMPLETED_AND_CAPTURED,10.327051420154081,5820.327051420154,184.70880000000008,31.069775083505103,206400000.0,144000000.0,1600000.0,352000000.0,99622151329.92616
GRID-0119,TIME_ONLY_DIAGNOSTIC,52,45,INTERVAL_COMPLETED_AND_CAPTURED,10.443270623110388,5820.44327062311,188.36640000000008,31.386735420188966,209600000.0,140800000.0,1600000.0,352000000.0,103241326403.3118
GRID-0119,TIME_ONLY_DIAGNOSTIC,53,44,INTERVAL_COMPLETED_AND_CAPTURED,10.558341234046773,5820.558341234047,192.0240000000001,31.700686064401953,212800000.0,137600000.0,1600000.0,352000000.0,106924924075.88094
GRID-0119,TIME_ONLY_DIAGNOSTIC,54,43,INTERVAL_COMPLETED_AND_CAPTURED,10.672296214135303,5820.672296214136,195.6816000000001,32.0117067976618,216000000.0,134400000.0,1600000.0,352000000.0,110672932186.74242
GRID-0119,TIME_ONLY_DIAGNOSTIC,55,42,INTERVAL_COMPLETED_AND_CAPTURED,10.785166998630226,5820.78516699863,199.3392000000001,32.31987412646368,219200000.0,131200000.0,1600000.0,352000000.0,114485339285.13002
GRID-0119,TIME_ONLY_DIAGNOSTIC,56,41,INTERVAL_COMPLETED_AND_CAPTURED,10.89698359266013,5820.89698359266,202.9968000000001,32.625261455899135,222400000.0,128000000.0,1600000.0,352000000.0,118362134579.31448
GRID-0119,TIME_ONLY_DIAGNOSTIC,57,40,INTERVAL_COMPLETED_AND_CAPTURED,11.007774659524811,5821.007774659525,206.6544000000001,32.92793925256747,225600000.0,124800000.0,1600000.0,352000000.0,122303307889.86325
GRID-0119,TIME_ONLY_DIAGNOSTIC,58,39,INTERVAL_COMPLETED_AND_CAPTURED,11.117567602192302,5821.117567602192,210.3120000000001,33.22797519747438,228800000.0,121600000.0,1600000.0,352000000.0,126308849606.82245
GRID-0119,TIME_ONLY_DIAGNOSTIC,59,38,INTERVAL_COMPLETED_AND_CAPTURED,11.226388638617447,5821.226388638617,213.9696000000001,33.52543432957394,232000000.0,118400000.0,1600000.0,352000000.0,130378750650.44269
GRID-0119,TIME_ONLY_DIAGNOSTIC,60,37,INTERVAL_COMPLETED_AND_CAPTURED,11.334262871438241,5821.334262871438,217.6272000000001,33.82037918057108,235200000.0,115200000.0,1600000.0,352000000.0,134513002435.11044
GRID-0119,TIME_ONLY_DIAGNOSTIC,61,36,INTERVAL_COMPLETED_AND_CAPTURED,11.441214352548615,5821.441214352549,221.2848000000001,34.11286990156375,238400000.0,112000000.0,1600000.0,352000000.0,138711596836.18484
GRID-0119,TIME_ONLY_DIAGNOSTIC,62,35,INTERVAL_COMPLETED_AND_CAPTURED,11.547266142995479,5821.547266142996,224.9424000000001,34.40296438206675,241600000.0,108800000.0,1600000.0,352000000.0,142974526159.4694
GRID-0119,TIME_ONLY_DIAGNOSTIC,63,34,INTERVAL_COMPLETED_AND_CAPTURED,11.65244036860285,5821.652440368603,228.6000000000001,34.690718361923985,244800000.0,105600000.0,1600000.0,352000000.0,147301783113.07877
GRID-0119,TIME_ONLY_DIAGNOSTIC,64,33,INTERVAL_COMPLETED_AND_CAPTURED,11.756758271685895,5821.756758271686,232.2576000000001,34.97618553658157,248000000.0,102400000.0,1600000.0,352000000.0,151693360781.48285
GRID-0119,TIME_ONLY_DIAGNOSTIC,65,32,INTERVAL_COMPLETED_AND_CAPTURED,11.860240259182289,5821.860240259182,235.9152000000001,35.259417656162654,251200000.0,99200000.0,1600000.0,352000000.0,156149252601.53537
GRID-0119,TIME_ONLY_DIAGNOSTIC,66,31,INTERVAL_COMPLETED_AND_CAPTURED,11.96290594749665,5821.962905947496,239.57280000000011,35.540464618754086,254400000.0,96000000.0,1600000.0,352000000.0,160669452340.3111
GRID-0119,TIME_ONLY_DIAGNOSTIC,67,30,INTERVAL_COMPLETED_AND_CAPTURED,12.0647742043257,5822.064774204326,243.23040000000012,35.81937455828701,257600000.0,92800000.0,1600000.0,352000000.0,165253954074.5954
GRID-0119,TIME_ONLY_DIAGNOSTIC,68,29,INTERVAL_COMPLETED_AND_CAPTURED,12.165863187706648,5822.165863187706,246.88800000000012,36.09619392736652,260800000.0,89600000.0,1600000.0,352000000.0,169902752171.88354
GRID-0119,TIME_ONLY_DIAGNOSTIC,69,28,INTERVAL_COMPLETED_AND_CAPTURED,12.266190382508807,5822.266190382509,250.54560000000012,36.37096757538092,264000000.0,86400000.0,1600000.0,352000000.0,174615841272.76215
GRID-0119,TIME_ONLY_DIAGNOSTIC,70,27,INTERVAL_COMPLETED_AND_CAPTURED,12.36577263456833,5822.365772634568,254.20320000000012,36.643738822197584,267200000.0,83200000.0,1600000.0,352000000.0,179393216274.55588
GRID-0119,TIME_ONLY_DIAGNOSTIC,71,26,INTERVAL_COMPLETED_AND_CAPTURED,12.464626182647933,5822.464626182648,257.8608000000001,36.91454952773132,270400000.0,80000000.0,1600000.0,352000000.0,184234872316.1364
GRID-0119,TIME_ONLY_DIAGNOSTIC,72,25,INTERVAL_COMPLETED_AND_CAPTURED,12.562766688387192,5822.5627666883875,261.5184000000001,37.18344015765051,273600000.0,76800000.0,1600000.0,352000000.0,189140804763.79645
GRID-0119,TIME_ONLY_DIAGNOSTIC,73,24,INTERVAL_COMPLETED_AND_CAPTURED,12.660209264394501,5822.660209264394,265.1760000000001,37.4504498454681,276800000.0,73600000.0,1600000.0,352000000.0,194111009198.10437
GRID-0119,TIME_ONLY_DIAGNOSTIC,74,23,INTERVAL_COMPLETED_AND_CAPTURED,12.756968500618568,5822.756968500618,268.8336000000001,37.71561645124693,280000000.0,70400000.0,1600000.0,352000000.0,199145481401.65955
GRID-0119,TIME_ONLY_DIAGNOSTIC,75,22,INTERVAL_COMPLETED_AND_CAPTURED,12.853058489125548,5822.853058489126,272.4912000000001,37.97897661713299,283200000.0,67200000.0,1600000.0,352000000.0,204244217347.6784
GRID-0119,TIME_ONLY_DIAGNOSTIC,76,21,INTERVAL_COMPLETED_AND_CAPTURED,12.948492847397187,5822.948492847398,276.1488000000001,38.240565819915275,286400000.0,64000000.0,1600000.0,352000000.0,209407213189.34543
GRID-0119,TIME_ONLY_DIAGNOSTIC,77,20,INTERVAL_COMPLETED_AND_CAPTURED,13.043284740255675,5823.043284740255,279.8064000000001,38.500418420797054,289600000.0,60800000.0,1600000.0,352000000.0,214634465249.86984
GRID-0119,TIME_ONLY_DIAGNOSTIC,78,19,INTERVAL_COMPLETED_AND_CAPTURED,13.137446900512188,5823.137446900512,283.4640000000001,38.75856771255076,292800000.0,57600000.0,1600000.0,352000000.0,219925970013.19516
GRID-0119,TIME_ONLY_DIAGNOSTIC,79,18,INTERVAL_COMPLETED_AND_CAPTURED,13.230991648428136,5823.230991648428,287.1216000000001,39.01504596421662,296000000.0,54400000.0,1600000.0,352000000.0,225281724115.31046
GRID-0119,TIME_ONLY_DIAGNOSTIC,80,17,INTERVAL_COMPLETED_AND_CAPTURED,13.323930910070942,5823.323930910071,290.7792000000001,39.26988446349442,299200000.0,51200000.0,1600000.0,352000000.0,230701724336.11957
GRID-0119,TIME_ONLY_DIAGNOSTIC,81,16,INTERVAL_COMPLETED_AND_CAPTURED,13.416276234639666,5823.41627623464,294.4368000000001,39.523113556967544,302400000.0,48000000.0,1600000.0,352000000.0,236185967591.82712
GRID-0119,TIME_ONLY_DIAGNOSTIC,82,15,INTERVAL_COMPLETED_AND_CAPTURED,13.508038810829794,5823.50803881083,298.0944000000001,39.77476268828887,305600000.0,44800000.0,1600000.0,352000000.0,241734450927.80157
GRID-0119,TIME_ONLY_DIAGNOSTIC,83,14,INTERVAL_COMPLETED_AND_CAPTURED,13.599229482301126,5823.599229482301,301.7520000000001,40.024860434449636,308800000.0,41600000.0,1600000.0,352000000.0,247347171511.88333
GRID-0119,TIME_ONLY_DIAGNOSTIC,84,13,INTERVAL_COMPLETED_AND_CAPTURED,13.68985876230778,5823.689858762308,305.4096000000001,40.273434540244175,312000000.0,38400000.0,1600000.0,352000000.0,253024126628.10388
GRID-0119,TIME_ONLY_DIAGNOSTIC,85,12,INTERVAL_COMPLETED_AND_CAPTURED,13.779936847544755,5823.779936847544,309.0672000000001,40.52051195103579,315200000.0,35200000.0,1600000.0,352000000.0,258765313670.78787
GRID-0119,TIME_ONLY_DIAGNOSTIC,86,11,INTERVAL_COMPLETED_AND_CAPTURED,13.869473631261478,5823.869473631262,312.72480000000013,40.76611884392234,318400000.0,32000000.0,1600000.0,352000000.0,264570730139.01062
GRID-0119,TIME_ONLY_DIAGNOSTIC,87,10,INTERVAL_COMPLETED_AND_CAPTURED,13.958478715688909,5823.958478715689,316.38240000000013,41.01028065739342,321600000.0,28800000.0,1600000.0,352000000.0,270440373631.38687
GRID-0119,TIME_ONLY_DIAGNOSTIC,88,9,INTERVAL_COMPLETED_AND_CAPTURED,14.046961423823392,5824.046961423824,320.04000000000013,41.253022119565195,324800000.0,25600000.0,1600000.0,352000000.0,276374241841.16724
GRID-0119,TIME_ONLY_DIAGNOSTIC,89,8,INTERVAL_COMPLETED_AND_CAPTURED,14.134930810607269,5824.134930810607,323.69760000000014,41.49436727507325,328000000.0,22400000.0,1600000.0,352000000.0,282372332551.6219
GRID-0119,TIME_ONLY_DIAGNOSTIC,90,7,INTERVAL_COMPLETED_AND_CAPTURED,14.222395673543359,5824.222395673543,327.35520000000014,41.73433951069876,331200000.0,19200000.0,1600000.0,352000000.0,288434643631.69135
GRID-0119,TIME_ONLY_DIAGNOSTIC,91,6,INTERVAL_COMPLETED_AND_CAPTURED,14.309364562777787,5824.309364562778,331.01280000000014,41.97296157979844,334400000.0,16000000.0,1600000.0,352000000.0,294561173031.88824
GRID-0119,TIME_ONLY_DIAGNOSTIC,92,5,INTERVAL_COMPLETED_AND_CAPTURED,14.395845790683188,5824.395845790683,334.67040000000014,42.21025562560425,337600000.0,12800000.0,1600000.0,352000000.0,300751918780.4307
GRID-0119,TIME_ONLY_DIAGNOSTIC,93,4,INTERVAL_COMPLETED_AND_CAPTURED,14.481847440972045,5824.481847440972,338.32800000000015,42.446243203454664,340800000.0,9600000.0,1600000.0,352000000.0,307006878979.59436
GRID-0119,TIME_ONLY_DIAGNOSTIC,94,3,INTERVAL_COMPLETED_AND_CAPTURED,14.567377377367913,5824.567377377368,341.98560000000015,42.68094530201564,344000000.0,6400000.0,1600000.0,352000000.0,313326051802.26794
GRID-0119,TIME_ONLY_DIAGNOSTIC,95,2,INTERVAL_COMPLETED_AND_CAPTURED,14.652443251860312,5824.65244325186,345.64320000000015,42.91438236354543,347200000.0,3200000.0,1600000.0,352000000.0,319709435488.6989
GRID-0119,TIME_ONLY_DIAGNOSTIC,96,1,INTERVAL_COMPLETED_AND_CAPTURED,14.737052512567363,5824.737052512567,349.30080000000015,43.14657430325457,350400000.0,0.0,1600000.0,352000000.0,326157028343.418
GRID-0119,TIME_AND_RESISTANCE_DIAGNOSTIC,0,96,CAPACITY_TRIGGER_AT_REST,0.0,5810.0,0.0,0.0,46400000.0,304000000.0,1600000.0,352000000.0,0.0
GRID-0119,TIME_AND_RESISTANCE_DIAGNOSTIC,1,96,INTERVAL_COMPLETED_WITHOUT_CAPTURE,0.8113082549777424,5810.811308254978,1.8288,4.5082741085881635,46400000.0,304000000.0,1600000.0,352000000.0,471529222.16546047
GRID-0119,TIME_AND_RESISTANCE_DIAGNOSTIC,2,95,INTERVAL_COMPLETED_AND_CAPTURED,1.4103592281283241,5811.410359228128,5.4864,7.206070301755375,49600000.0,300800000.0,1600000.0,352000000.0,1287800740.0072517
GRID-0119,TIME_AND_RESISTANCE_DIAGNOSTIC,3,94,INTERVAL_COMPLETED_AND_CAPTURED,1.8487853701417987,5811.848785370142,9.144,8.90457728490032,52800000.0,297600000.0,1600000.0,352000000.0,2093295510.8409367
GRID-0119,TIME_AND_RESISTANCE_DIAGNOSTIC,4,93,INTERVAL_COMPLETED_AND_CAPTURED,2.225370563934063,5812.225370563934,12.8016,9.9193373499993,56000000.0,294400000.0,1600000.0,352000000.0,2755011096.966552
GRID-0119,TIME_AND_RESISTANCE_DIAGNOSTIC,5,92,INTERVAL_COMPLETED_AND_CAPTURED,2.5733278807358317,5812.573327880736,16.4592,10.503718389902062,59200000.0,291200000.0,1600000.0,352000000.0,3265711760.4252563
GRID-0119,TIME_AND_RESISTANCE_DIAGNOSTIC,6,91,INTERVAL_COMPLETED_AND_CAPTURED,2.902629887534922,5812.902629887535,20.116799999999998,11.109999869348627,62400000.0,288000000.0,1600000.0,352000000.0,3851081429.424107
GRID-0119,TIME_AND_RESISTANCE_DIAGNOSTIC,7,90,INTERVAL_COMPLETED_AND_CAPTURED,3.2147543908634173,5813.214754390863,23.774399999999996,11.725494149324021,65600000.0,284800000.0,1600000.0,352000000.0,4509580587.903285
GRID-0119,TIME_AND_RESISTANCE_DIAGNOSTIC,8,89,INTERVAL_COMPLETED_AND_CAPTURED,3.5112823121728827,5813.511282312173,27.431999999999995,12.341973360687325,68800000.0,281600000.0,1600000.0,352000000.0,5239956141.395496
GRID-0119,TIME_AND_RESISTANCE_DIAGNOSTIC,9,88,INTERVAL_COMPLETED_AND_CAPTURED,3.793737060346982,5813.793737060347,31.089599999999994,12.95416896406454,72000000.0,278400000.0,1600000.0,352000000.0,6041177767.783186
GRID-0119,TIME_AND_RESISTANCE_DIAGNOSTIC,10,87,INTERVAL_COMPLETED_AND_CAPTURED,4.063515857857766,5814.063515857858,34.74719999999999,13.55876739883454,75200000.0,275200000.0,1600000.0,352000000.0,6912390518.926258
GRID-0119,TIME_AND_RESISTANCE_DIAGNOSTIC,11,86,INTERVAL_COMPLETED_AND_CAPTURED,4.321868368984711,5814.321868368985,38.404799999999994,14.153746736644042,78400000.0,272000000.0,1600000.0,352000000.0,7852879030.054425
GRID-0119,TIME_AND_RESISTANCE_DIAGNOSTIC,12,85,INTERVAL_COMPLETED_AND_CAPTURED,4.569898129114519,5814.569898129114,42.0624,14.737939694316475,81600000.0,268800000.0,1600000.0,352000000.0,8862040150.479015
GRID-0119,TIME_AND_RESISTANCE_DIAGNOSTIC,13,84,INTERVAL_COMPLETED_AND_CAPTURED,4.80857393278678,5814.808573932787,45.72,15.310744909910108,84800000.0,265600000.0,1600000.0,352000000.0,9939361771.124744
GRID-0119,TIME_AND_RESISTANCE_DIAGNOSTIC,14,83,INTERVAL_COMPLETED_AND_CAPTURED,5.038744697388808,5815.038744697389,49.3776,15.871935116817964,88000000.0,262400000.0,1600000.0,352000000.0,11084406271.509087
GRID-0119,TIME_AND_RESISTANCE_DIAGNOSTIC,15,82,INTERVAL_COMPLETED_AND_CAPTURED,5.261154676659111,5815.261154676659,53.0352,16.42152888071031,91200000.0,259200000.0,1600000.0,352000000.0,12296797451.568127
GRID-0119,TIME_AND_RESISTANCE_DIAGNOSTIC,16,81,INTERVAL_COMPLETED_AND_CAPTURED,5.476457629930453,5815.47645762993,56.692800000000005,16.959704312545817,94400000.0,256000000.0,1600000.0,352000000.0,13576210121.416101
GRID-0119,TIME_AND_RESISTANCE_DIAGNOSTIC,17,80,INTERVAL_COMPLETED_AND_CAPTURED,5.6852294249020146,5815.685229424902,60.35040000000001,17.486740725745587,97600000.0,252800000.0,1600000.0,352000000.0,14922361739.021128
GRID-0119,TIME_AND_RESISTANCE_DIAGNOSTIC,18,79,INTERVAL_COMPLETED_AND_CAPTURED,5.887978975173885,5815.887978975174,64.00800000000001,18.002979052809124,100800000.0,249600000.0,1600000.0,352000000.0,16335005640.704557
GRID-0119,TIME_AND_RESISTANCE_DIAGNOSTIC,19,78,INTERVAL_COMPLETED_AND_CAPTURED,6.085157606414942,5816.085157606415,67.66560000000001,18.508794957966487,104000000.0,246400000.0,1600000.0,352000000.0,17813925521.394375
GRID-0119,TIME_AND_RESISTANCE_DIAGNOSTIC,20,77,INTERVAL_COMPLETED_AND_CAPTURED,6.277167020971237,5816.277167020971,71.32320000000001,19.004580606273123,107200000.0,243200000.0,1600000.0,352000000.0,19358930903.489822
GRID-0119,TIME_AND_RESISTANCE_DIAGNOSTIC,21,76,INTERVAL_COMPLETED_AND_CAPTURED,6.4643660494091515,5816.464366049409,74.98080000000002,19.490732373040625,110400000.0,240000000.0,1600000.0,352000000.0,20969853393.74966
GRID-0119,TIME_AND_RESISTANCE_DIAGNOSTIC,22,75,INTERVAL_COMPLETED_AND_CAPTURED,6.647076369646776,5816.647076369647,78.63840000000002,19.967642651114023,113600000.0,236800000.0,1600000.0,352000000.0,22646543572.81899
GRID-0119,TIME_AND_RESISTANCE_DIAGNOSTIC,23,74,INTERVAL_COMPLETED_AND_CAPTURED,6.825587355604287,5816.8255873556045,82.29600000000002,20.435694495702627,116800000.0,233600000.0,1600000.0,352000000.0,24388868396.066734
GRID-0119,TIME_AND_RESISTANCE_DIAGNOSTIC,24,73,INTERVAL_COMPLETED_AND_CAPTURED,7.000160195457881,5817.000160195458,85.95360000000002,20.8952582381303,120000000.0,230400000.0,1600000.0,352000000.0,26196709010.289127
GRID-0119,TIME_AND_RESISTANCE_DIAGNOSTIC,25,72,INTERVAL_COMPLETED_AND_CAPTURED,7.171031398267883,5817.171031398268,89.61120000000003,21.346689465750774,123200000.0,227200000.0,1600000.0,352000000.0,28069958910.667217
GRID-0119,TIME_AND_RESISTANCE_DIAGNOSTIC,26,71,INTERVAL_COMPLETED_AND_CAPTURED,7.3384157885195975,5817.338415788519,93.26880000000003,21.790327947323355,126400000.0,224000000.0,1600000.0,352000000.0,30008522377.68016
GRID-0119,TIME_AND_RESISTANCE_DIAGNOSTIC,27,70,INTERVAL_COMPLETED_AND_CAPTURED,7.50250907145871,5817.502509071459,96.92640000000003,22.2264972087965,129600000.0,220800000.0,1600000.0,352000000.0,32012313145.586975
GRID-0119,TIME_AND_RESISTANCE_DIAGNOSTIC,28,69,INTERVAL_COMPLETED_AND_CAPTURED,7.663490038010144,5817.66349003801,100.58400000000003,22.65550455181349,132800000.0,217600000.0,1600000.0,352000000.0,34081253263.416855
GRID-0119,TIME_AND_RESISTANCE_DIAGNOSTIC,29,68,INTERVAL_COMPLETED_AND_CAPTURED,7.821522466308544,5817.821522466308,104.24160000000003,23.07764136840761,136000000.0,214400000.0,1600000.0,352000000.0,36215272116.760994
GRID-0119,TIME_AND_RESISTANCE_DIAGNOSTIC,30,67,INTERVAL_COMPLETED_AND_CAPTURED,7.976756767132634,5817.976756767132,107.89920000000004,23.493183648413172,139200000.0,211200000.0,1600000.0,352000000.0,38414305584.48953
GRID-0119,TIME_AND_RESISTANCE_DIAGNOSTIC,31,66,INTERVAL_COMPLETED_AND_CAPTURED,8.129331412511608,5818.129331412511,111.55680000000004,23.902392606594827,142400000.0,208000000.0,1600000.0,352000000.0,40678295309.16969
GRID-0119,TIME_AND_RESISTANCE_DIAGNOSTIC,32,65,INTERVAL_COMPLETED_AND_CAPTURED,8.27937418017203,5818.279374180172,115.21440000000004,24.305515378160017,145600000.0,204800000.0,1600000.0,352000000.0,43007188063.692444
GRID-0119,TIME_AND_RESISTANCE_DIAGNOSTIC,33,64,INTERVAL_COMPLETED_AND_CAPTURED,8.427003241067991,5818.427003241068,118.87200000000004,24.702785746770967,148800000.0,201600000.0,1600000.0,352000000.0,45400935199.624794
GRID-0119,TIME_AND_RESISTANCE_DIAGNOSTIC,34,63,INTERVAL_COMPLETED_AND_CAPTURED,8.57232811277375,5818.572328112774,122.52960000000004,25.094424880219886,152000000.0,198400000.0,1600000.0,352000000.0,47859492165.24391
GRID-0119,TIME_AND_RESISTANCE_DIAGNOSTIC,35,62,INTERVAL_COMPLETED_AND_CAPTURED,8.715450497840921,5818.715450497841,126.18720000000005,25.480642056840185,155200000.0,195200000.0,1600000.0,352000000.0,50382818083.19588
GRID-0119,TIME_AND_RESISTANCE_DIAGNOSTIC,36,61,INTERVAL_COMPLETED_AND_CAPTURED,8.856465023186843,5818.8564650231865,129.84480000000005,25.86163537138878,158400000.0,192000000.0,1600000.0,352000000.0,52970875379.347244
GRID-0119,TIME_AND_RESISTANCE_DIAGNOSTIC,37,60,INTERVAL_COMPLETED_AND_CAPTURED,8.995459894069358,5818.995459894069,133.50240000000005,26.237592413182025,161600000.0,188800000.0,1600000.0,352000000.0,55623629455.733574
GRID-0119,TIME_AND_RESISTANCE_DIAGNOSTIC,38,59,INTERVAL_COMPLETED_AND_CAPTURED,9.132517474119854,5819.13251747412,137.16000000000005,26.608690912150973,164800000.0,185600000.0,1600000.0,352000000.0,58341048401.61099
GRID-0119,TIME_AND_RESISTANCE_DIAGNOSTIC,39,58,INTERVAL_COMPLETED_AND_CAPTURED,9.267714801173353,5819.2677148011735,140.81760000000006,26.97509935052324,168000000.0,182400000.0,1600000.0,352000000.0,61123102737.53034
GRID-0119,TIME_AND_RESISTANCE_DIAGNOSTIC,40,57,INTERVAL_COMPLETED_AND_CAPTURED,9.401124047188668,5819.401124047189,144.47520000000006,27.33697753927149,171200000.0,179200000.0,1600000.0,352000000.0,63969765188.11347
GRID-0119,TIME_AND_RESISTANCE_DIAGNOSTIC,41,56,INTERVAL_COMPLETED_AND_CAPTURED,9.532812929341917,5819.532812929342,148.13280000000006,27.694477159459705,174400000.0,176000000.0,1600000.0,352000000.0,66881010479.84484
GRID-0119,TIME_AND_RESISTANCE_DIAGNOSTIC,42,55,INTERVAL_COMPLETED_AND_CAPTURED,9.662845078361505,5819.662845078362,151.79040000000006,28.047742269290488,177600000.0,172800000.0,1600000.0,352000000.0,69856815160.72354
GRID-0119,TIME_AND_RESISTANCE_DIAGNOSTIC,43,54,INTERVAL_COMPLETED_AND_CAPTURED,9.791280369318194,5819.791280369318,155.44800000000006,28.396909778097953,180800000.0,169600000.0,1600000.0,352000000.0,72897157439.06734
GRID-0119,TIME_AND_RESISTANCE_DIAGNOSTIC,44,53,INTERVAL_COMPLETED_AND_CAPTURED,9.918175219362551,5819.918175219363,159.10560000000007,28.742109888805746,184000000.0,166400000.0,1600000.0,352000000.0,76002017039.13702
GRID-0119,TIME_AND_RESISTANCE_DIAGNOSTIC,45,52,INTERVAL_COMPLETED_AND_CAPTURED,10.043582856291282,5820.043582856291,162.76320000000007,29.083466510526172,187200000.0,163200000.0,1600000.0,352000000.0,79171375071.56879
GRID-0119,TIME_AND_RESISTANCE_DIAGNOSTIC,46,51,INTERVAL_COMPLETED_AND_CAPTURED,10.167553561305446,5820.167553561306,166.42080000000007,29.421097643048007,190400000.0,160000000.0,1600000.0,352000000.0,82405213916.87202
GRID-0119,TIME_AND_RESISTANCE_DIAGNOSTIC,47,50,INTERVAL_COMPLETED_AND_CAPTURED,10.290134888881873,5820.290134888882,170.07840000000007,29.75511573497345,193600000.0,156800000.0,1600000.0,352000000.0,85703517120.48114
GRID-0119,TIME_AND_RESISTANCE_DIAGNOSTIC,48,49,INTERVAL_COMPLETED_AND_CAPTURED,10.41137186630212,5820.411371866302,173.73600000000008,30.085628017236495,196800000.0,153600000.0,1600000.0,352000000.0,89066269298.04611
GRID-0119,TIME_AND_RESISTANCE_DIAGNOSTIC,49,48,INTERVAL_COMPLETED_AND_CAPTURED,10.5313071750604,5820.531307175061,177.39360000000008,30.412736813679786,200000000.0,150400000.0,1600000.0,352000000.0,92493456049.81537
GRID-0119,TIME_AND_RESISTANCE_DIAGNOSTIC,50,47,INTERVAL_COMPLETED_AND_CAPTURED,10.649981316094765,5820.649981316094,181.05120000000008,30.73653983029409,203200000.0,147200000.0,1600000.0,352000000.0,95985063883.10832
GRID-0119,TIME_AND_RESISTANCE_DIAGNOSTIC,51,46,INTERVAL_COMPLETED_AND_CAPTURED,10.7674327605473,5820.767432760547,184.70880000000008,31.057130424641226,206400000.0,144000000.0,1600000.0,352000000.0,99541080141.99973
GRID-0119,TIME_AND_RESISTANCE_DIAGNOSTIC,52,45,INTERVAL_COMPLETED_AND_CAPTURED,10.883698087553162,5820.883698087553,188.36640000000008,31.374597856892603,209600000.0,140800000.0,1600000.0,352000000.0,103161492943.4453
GRID-0119,TIME_AND_RESISTANCE_DIAGNOSTIC,53,44,INTERVAL_COMPLETED_AND_CAPTURED,10.99881211038029,5820.998812110381,192.0240000000001,31.68902752382497,212800000.0,137600000.0,1600000.0,352000000.0,106846291119.17035
GRID-0119,TIME_AND_RESISTANCE_DIAGNOSTIC,54,43,INTERVAL_COMPLETED_AND_CAPTURED,11.11280799208716,5821.112807992087,195.6816000000001,32.000501177024965,216000000.0,134400000.0,1600000.0,352000000.0,110595464162.72382
GRID-0119,TIME_AND_RESISTANCE_DIAGNOSTIC,55,42,INTERVAL_COMPLETED_AND_CAPTURED,11.225717351731753,5821.225717351732,199.3392000000001,32.30909712646678,219200000.0,131200000.0,1600000.0,352000000.0,114409002181.17006
GRID-0119,TIME_AND_RESISTANCE_DIAGNOSTIC,56,41,INTERVAL_COMPLETED_AND_CAPTURED,11.337570362048035,5821.337570362048,202.9968000000001,32.61489043054296,222400000.0,128000000.0,1600000.0,352000000.0,118286895850.95107
GRID-0119,TIME_AND_RESISTANCE_DIAGNOSTIC,57,40,INTERVAL_COMPLETED_AND_CAPTURED,11.448395839404116,5821.448395839404,206.6544000000001,32.917953073548624,225600000.0,124800000.0,1600000.0,352000000.0,122229136377.50499
GRID-0119,TIME_AND_RESISTANCE_DIAGNOSTIC,58,39,INTERVAL_COMPLETED_AND_CAPTURED,11.558221326766972,5821.558221326767,210.3120000000001,33.21835413154426,228800000.0,121600000.0,1600000.0,352000000.0,126235715458.2734
GRID-0119,TIME_AND_RESISTANCE_DIAGNOSTIC,59,38,INTERVAL_COMPLETED_AND_CAPTURED,11.667073170320327,5821.667073170321,213.9696000000001,33.51615992745143,232000000.0,118400000.0,1600000.0,352000000.0,130306625248.77014
GRID-0119,TIME_AND_RESISTANCE_DIAGNOSTIC,60,37,INTERVAL_COMPLETED_AND_CAPTURED,11.774976590313456,5821.774976590314,217.6272000000001,33.811434176170174,235200000.0,115200000.0,1600000.0,352000000.0,134441858331.41985
GRID-0119,TIME_AND_RESISTANCE_DIAGNOSTIC,61,36,INTERVAL_COMPLETED_AND_CAPTURED,11.881955746658111,5821.881955746658,221.2848000000001,34.10423812044565,238400000.0,112000000.0,1600000.0,352000000.0,138641407686.90616
GRID-0119,TIME_AND_RESISTANCE_DIAGNOSTIC,62,35,INTERVAL_COMPLETED_AND_CAPTURED,11.988033799737382,5821.988033799737,224.9424000000001,34.3946306581551,241600000.0,108800000.0,1600000.0,352000000.0,142905266667.79706
GRID-0119,TIME_AND_RESISTANCE_DIAGNOSTIC,63,34,INTERVAL_COMPLETED_AND_CAPTURED,12.093232966843024,5822.093232966843,228.6000000000001,34.68266846163366,244800000.0,105600000.0,1600000.0,352000000.0,147233428974.23883
GRID-0119,TIME_AND_RESISTANCE_DIAGNOSTIC,64,33,INTERVAL_COMPLETED_AND_CAPTURED,12.197574574616047,5822.197574574616,232.2576000000001,34.96840608960942,248000000.0,102400000.0,1600000.0,352000000.0,151625888631.53128
GRID-0119,TIME_AND_RESISTANCE_DIAGNOSTIC,65,32,INTERVAL_COMPLETED_AND_CAPTURED,12.301079107828262,5822.301079107829,235.9152000000001,35.25189609227365,251200000.0,99200000.0,1600000.0,352000000.0,156082639969.4175
GRID-0119,TIME_AND_RESISTANCE_DIAGNOSTIC,66,31,INTERVAL_COMPLETED_AND_CAPTURED,12.403766254809522,5822.40376625481,239.57280000000011,35.53318910997118,254400000.0,96000000.0,1600000.0,352000000.0,160603677602.9368
GRID-0119,TIME_AND_RESISTANCE_DIAGNOSTIC,67,30,INTERVAL_COMPLETED_AND_CAPTURED,12.505654949796128,5822.505654949796,243.23040000000012,35.81233396595811,257600000.0,92800000.0,1600000.0,352000000.0,165188996414.70404
GRID-0119,TIME_AND_RESISTANCE_DIAGNOSTIC,68,29,INTERVAL_COMPLETED_AND_CAPTURED,12.606763412449672,5822.606763412449,246.88800000000012,36.08937775363954,260800000.0,89600000.0,1600000.0,352000000.0,169838591538.49396
GRID-0119,TIME_AND_RESISTANCE_DIAGNOSTIC,69,28,INTERVAL_COMPLETED_AND_CAPTURED,12.707109184772316,5822.707109184772,250.54560000000012,36.36436591866845,264000000.0,86400000.0,1600000.0,352000000.0,174552458344.01962
GRID-0119,TIME_AND_RESISTANCE_DIAGNOSTIC,70,27,INTERVAL_COMPLETED_AND_CAPTURED,12.806709165623596,5822.806709165624,254.20320000000012,36.6373423362572,267200000.0,83200000.0,1600000.0,352000000.0,179330592422.80432
GRID-0119,TIME_AND_RESISTANCE_DIAGNOSTIC,71,26,INTERVAL_COMPLETED_AND_CAPTURED,12.905579643025167,5822.905579643025,257.8608000000001,36.90834938402659,270400000.0,80000000.0,1600000.0,352000000.0,184172989575.0565
GRID-0119,TIME_AND_RESISTANCE_DIAGNOSTIC,72,25,INTERVAL_COMPLETED_AND_CAPTURED,13.003736324423114,5823.003736324423,261.5184000000001,37.17742801069284,273600000.0,76800000.0,1600000.0,352000000.0,189079645797.46603
GRID-0119,TIME_AND_RESISTANCE_DIAGNOSTIC,73,24,INTERVAL_COMPLETED_AND_CAPTURED,13.101194365062454,5823.101194365063,265.1760000000001,37.444617800870006,276800000.0,73600000.0,1600000.0,352000000.0,194050557271.84717
GRID-0119,TIME_AND_RESISTANCE_DIAGNOSTIC,74,23,INTERVAL_COMPLETED_AND_CAPTURED,13.19796839461481,5823.197968394615,268.8336000000001,37.70995703624475,280000000.0,70400000.0,1600000.0,352000000.0,199085720354.5595
GRID-0119,TIME_AND_RESISTANCE_DIAGNOSTIC,75,22,INTERVAL_COMPLETED_AND_CAPTURED,13.294072542188111,5823.294072542188,272.4912000000001,37.97348275336127,283200000.0,67200000.0,1600000.0,352000000.0,204185131566.6473
GRID-0119,TIME_AND_RESISTANCE_DIAGNOSTIC,76,21,INTERVAL_COMPLETED_AND_CAPTURED,13.389520459836149,5823.389520459836,276.1488000000001,38.23523079823638,286400000.0,64000000.0,1600000.0,352000000.0,209348787584.63864
GRID-0119,TIME_AND_RESISTANCE_DIAGNOSTIC,77,20,INTERVAL_COMPLETED_AND_CAPTURED,13.484325344675815,5823.484325344676,279.8064000000001,38.495235878009105,289600000.0,60800000.0,1600000.0,352000000.0,214576685231.9554
GRID-0119,TIME_AND_RESISTANCE_DIAGNOSTIC,78,19,INTERVAL_COMPLETED_AND_CAPTURED,13.578499959710943,5823.578499959711,283.4640000000001,38.75353160981371,292800000.0,57600000.0,1600000.0,352000000.0,219868821470.88638
GRID-0119,TIME_AND_RESISTANCE_DIAGNOSTIC,79,18,INTERVAL_COMPLETED_AND_CAPTURED,13.672056653453453,5823.672056653453,287.1216000000001,39.01015056705189,296000000.0,54400000.0,1600000.0,352000000.0,225225193395.0807
GRID-0119,TIME_AND_RESISTANCE_DIAGNOSTIC,80,17,INTERVAL_COMPLETED_AND_CAPTURED,13.765007378425164,5823.765007378425,290.7792000000001,39.26512432322699,299200000.0,51200000.0,1600000.0,352000000.0,230645798222.5234
GRID-0119,TIME_AND_RESISTANCE_DIAGNOSTIC,81,16,INTERVAL_COMPLETED_AND_CAPTURED,13.8573637086169,5823.8573637086165,294.4368000000001,39.5184834934917,302400000.0,48000000.0,1600000.0,352000000.0,236130633288.95685
GRID-0119,TIME_AND_RESISTANCE_DIAGNOSTIC,82,15,INTERVAL_COMPLETED_AND_CAPTURED,13.949136855975453,5823.949136855976,298.0944000000001,39.77025777404978,305600000.0,44800000.0,1600000.0,352000000.0,241679696041.7153
GRID-0119,TIME_AND_RESISTANCE_DIAGNOSTIC,83,14,INTERVAL_COMPLETED_AND_CAPTURED,14.040337685983399,5824.040337685983,301.7520000000001,40.02047597954282,308800000.0,41600000.0,1600000.0,352000000.0,247292984033.94293
GRID-0119,TIME_AND_RESISTANCE_DIAGNOSTIC,84,13,INTERVAL_COMPLETED_AND_CAPTURED,14.13097673239173,5824.130976732392,305.4096000000001,40.269166078543684,312000000.0,38400000.0,1600000.0,352000000.0,252970494919.168
GRID-0119,TIME_AND_RESISTANCE_DIAGNOSTIC,85,12,INTERVAL_COMPLETED_AND_CAPTURED,14.221064211160648,5824.22106421116,309.0672000000001,40.51635522726997,315200000.0,35200000.0,1600000.0,352000000.0,258712226446.20667
GRID-0119,TIME_AND_RESISTANCE_DIAGNOSTIC,86,11,INTERVAL_COMPLETED_AND_CAPTURED,14.31061003365968,5824.31061003366,312.72480000000013,40.76206980162325,318400000.0,32000000.0,1600000.0,352000000.0,264518176454.37503
GRID-0119,TIME_AND_RESISTANCE_DIAGNOSTIC,87,10,INTERVAL_COMPLETED_AND_CAPTURED,14.399623819174405,5824.399623819175,316.38240000000013,41.006335427652395,321600000.0,28800000.0,1600000.0,352000000.0,270388342868.9865
GRID-0119,TIME_AND_RESISTANCE_DIAGNOSTIC,88,9,INTERVAL_COMPLETED_AND_CAPTURED,14.488114906763611,5824.488114906763,320.04000000000013,41.24917701053294,324800000.0,25600000.0,1600000.0,352000000.0,276322723697.1157
GRID-0119,TIME_AND_RESISTANCE_DIAGNOSTIC,89,8,INTERVAL_COMPLETED_AND_CAPTURED,14.576092366507444,5824.5760923665075,323.69760000000014,41.490618762148074,328000000.0,22400000.0,1600000.0,352000000.0,282321317023.60986
GRID-0119,TIME_AND_RESISTANCE_DIAGNOSTIC,90,7,INTERVAL_COMPLETED_AND_CAPTURED,14.663565010184179,5824.663565010184,327.35520000000014,41.730684227351475,331200000.0,19200000.0,1600000.0,352000000.0,288384121007.3317
GRID-0119,TIME_AND_RESISTANCE_DIAGNOSTIC,91,6,INTERVAL_COMPLETED_AND_CAPTURED,14.750541401410542,5824.75054140141,331.01280000000014,41.96939630898662,334400000.0,16000000.0,1600000.0,352000000.0,294511133877.61835
GRID-0119,TIME_AND_RESISTANCE_DIAGNOSTIC,92,5,INTERVAL_COMPLETED_AND_CAPTURED,14.837029865278026,5824.837029865278,334.67040000000014,42.206777291732585,337600000.0,12800000.0,1600000.0,352000000.0,300702353930.9406
GRID-0119,TIME_AND_RESISTANCE_DIAGNOSTIC,93,4,INTERVAL_COMPLETED_AND_CAPTURED,14.92303849751534,5824.923038497515,338.32800000000015,42.44284886484181,340800000.0,9600000.0,1600000.0,352000000.0,306957779527.7521
GRID-0119,TIME_AND_RESISTANCE_DIAGNOSTIC,94,3,INTERVAL_COMPLETED_AND_CAPTURED,15.008575173205069,5825.008575173205,341.98560000000015,42.677632143830834,344000000.0,6400000.0,1600000.0,352000000.0,313277409089.5126
GRID-0119,TIME_AND_RESISTANCE_DIAGNOSTIC,95,2,INTERVAL_COMPLETED_AND_CAPTURED,15.093647555080656,5825.093647555081,345.64320000000015,42.91114769118166,347200000.0,3200000.0,1600000.0,352000000.0,319661241095.8768
GRID-0119,TIME_AND_RESISTANCE_DIAGNOSTIC,96,1,INTERVAL_COMPLETED_AND_CAPTURED,15.178263101428039,5825.1782631014285,349.30080000000015,43.14341553610721,350400000.0,0.0,1600000.0,352000000.0,326109274082.03723
GRID-0119,V11B_CORRECTED,0,96,CAPACITY_TRIGGER_AT_REST,0.0,5810.0,0.0,0.0,46400000.0,305600000.0,0.0,352000000.0,0.0
GRID-0119,V11B_CORRECTED,1,96,INTERVAL_COMPLETED_AND_CAPTURED,0.8113082549777424,5810.811308254978,1.8288,4.357998304968558,48000000.0,304000000.0,0.0,352000000.0,455811581.4266118
GRID-0119,V11B_CORRECTED,2,95,INTERVAL_COMPLETED_AND_CAPTURED,1.4186134215312283,5811.4186134215315,5.4864,7.206887138474913,51200000.0,300800000.0,0.0,352000000.0,1329644089.0039072
GRID-0119,V11B_CORRECTED,3,94,INTERVAL_COMPLETED_AND_CAPTURED,1.8555467342441367,5811.855546734244,9.144,8.97435845165226,54400000.0,297600000.0,0.0,352000000.0,2190663781.6297913
GRID-0119,V11B_CORRECTED,4,93,INTERVAL_COMPLETED_AND_CAPTURED,2.2285821851457466,5812.228582185146,12.8016,10.044708792329933,57600000.0,294400000.0,0.0,352000000.0,2905809832.0140557
GRID-0119,V11B_CORRECTED,5,92,INTERVAL_COMPLETED_AND_CAPTURED,2.5717187987813785,5812.571718798781,16.4592,10.680550015987846,60800000.0,291200000.0,0.0,352000000.0,3467854118.7781467
GRID-0119,V11B_CORRECTED,6,91,INTERVAL_COMPLETED_AND_CAPTURED,2.895405106483909,5812.895405106484,20.116799999999998,11.323153015191332,64000000.0,288000000.0,0.0,352000000.0,4102841414.57397
GRID-0119,V11B_CORRECTED,7,90,INTERVAL_COMPLETED_AND_CAPTURED,3.201666399098004,5813.201666399098,23.774399999999996,11.964127221038035,67200000.0,284800000.0,0.0,352000000.0,4809515429.415759
GRID-0119,V11B_CORRECTED,8,89,INTERVAL_COMPLETED_AND_CAPTURED,3.4923864493971375,5813.492386449397,27.431999999999995,12.598304685821185,70400000.0,281600000.0,0.0,352000000.0,5586848289.678798
GRID-0119,V11B_CORRECTED,9,88,INTERVAL_COMPLETED_AND_CAPTURED,3.769247537724016,5813.769247537724,31.089599999999994,13.222583286182036,73600000.0,278400000.0,0.0,352000000.0,6433990882.368756
GRID-0119,V11B_CORRECTED,10,87,INTERVAL_COMPLETED_AND_CAPTURED,4.033722780917605,5814.033722780918,34.74719999999999,13.83518650989707,76800000.0,275200000.0,0.0,352000000.0,7350235613.323694
GRID-0119,V11B_CORRECTED,11,86,INTERVAL_COMPLETED_AND_CAPTURED,4.287090746782545,5814.287090746782,38.404799999999994,14.435189731561879,80000000.0,272000000.0,0.0,352000000.0,8334988103.44758
GRID-0119,V11B_CORRECTED,12,85,INTERVAL_COMPLETED_AND_CAPTURED,4.530457853642003,5814.530457853642,42.0624,15.02221545343364,83200000.0,268800000.0,0.0,352000000.0,9387745416.582228
GRID-0119,V11B_CORRECTED,13,84,INTERVAL_COMPLETED_AND_CAPTURED,4.764781903089101,5814.764781903089,45.72,15.59623583921918,86400000.0,265600000.0,0.0,352000000.0,10508079125.629934
GRID-0119,V11B_CORRECTED,14,83,INTERVAL_COMPLETED_AND_CAPTURED,4.99089393922969,5814.99089393923,49.3776,16.157443833595877,89600000.0,262400000.0,0.0,352000000.0,11695622007.364084
GRID-0119,V11B_CORRECTED,15,82,INTERVAL_COMPLETED_AND_CAPTURED,5.20951745654246,5815.209517456542,53.0352,16.706168519311607,92800000.0,259200000.0,0.0,352000000.0,12950057490.037611
GRID-0119,V11B_CORRECTED,16,81,INTERVAL_COMPLETED_AND_CAPTURED,5.421284812091695,5815.4212848120915,56.692800000000005,17.242819285303057,96000000.0,256000000.0,0.0,352000000.0,14271111211.469713
GRID-0119,V11B_CORRECTED,17,80,INTERVAL_COMPLETED_AND_CAPTURED,5.626751048437252,5815.626751048438,60.35040000000001,17.7678489375605,99200000.0,252800000.0,0.0,352000000.0,15658544211.051302
GRID-0119,V11B_CORRECTED,18,79,INTERVAL_COMPLETED_AND_CAPTURED,5.826405455064196,5815.826405455065,64.00800000000001,18.28172937312166,102400000.0,249600000.0,0.0,352000000.0,17112147398.249435
GRID-0119,V11B_CORRECTED,19,78,INTERVAL_COMPLETED_AND_CAPTURED,6.020681213222766,5816.020681213223,67.66560000000001,18.78493564871812,105600000.0,246400000.0,0.0,352000000.0,18631737026.83819
GRID-0119,V11B_CORRECTED,20,77,INTERVAL_COMPLETED_AND_CAPTURED,6.2099634422903,5816.20996344229,71.32320000000001,19.27793569226356,108800000.0,243200000.0,0.0,352000000.0,20217150967.794685
GRID-0119,V11B_CORRECTED,21,76,INTERVAL_COMPLETED_AND_CAPTURED,6.394595923935412,5816.394595923935,74.98080000000002,19.761183823130583,112000000.0,240000000.0,0.0,352000000.0,21868245621.12724
GRID-0119,V11B_CORRECTED,22,75,INTERVAL_COMPLETED_AND_CAPTURED,6.574886736622922,5816.574886736623,78.63840000000002,20.235116848219334,115200000.0,236800000.0,0.0,352000000.0,23584893342.39878
GRID-0119,V11B_CORRECTED,23,74,INTERVAL_COMPLETED_AND_CAPTURED,6.751112992854837,5816.751112992855,82.29600000000002,20.700151898585386,118400000.0,233600000.0,0.0,352000000.0,25366980286.570885
GRID-0119,V11B_CORRECTED,24,73,INTERVAL_COMPLETED_AND_CAPTURED,6.923524836864495,5816.923524836864,85.95360000000002,21.15668543720956,121600000.0,230400000.0,0.0,352000000.0,27214404592.29333
GRID-0119,V11B_CORRECTED,25,72,INTERVAL_COMPLETED_AND_CAPTURED,7.092348831468657,5817.092348831468,89.61120000000003,21.60509304774003,124800000.0,227200000.0,0.0,352000000.0,29127074845.533886
GRID-0119,V11B_CORRECTED,26,71,INTERVAL_COMPLETED_AND_CAPTURED,7.2577908389407835,5817.257790838941,93.26880000000003,22.045729735903354,128000000.0,224000000.0,0.0,352000000.0,31104908773.663574
GRID-0119,V11B_CORRECTED,27,70,INTERVAL_COMPLETED_AND_CAPTURED,7.420038481370991,5817.420038481371,96.92640000000003,22.47893055874337,131200000.0,220800000.0,0.0,352000000.0,33147832130.65131
GRID-0119,V11B_CORRECTED,28,69,INTERVAL_COMPLETED_AND_CAPTURED,7.579263250278073,5817.579263250278,100.58400000000003,22.90501145437282,134400000.0,217600000.0,0.0,352000000.0,35255777741.51664
GRID-0119,V11B_CORRECTED,29,68,INTERVAL_COMPLETED_AND_CAPTURED,7.73562232255959,5817.73562232256,104.24160000000003,23.32427018478448,137600000.0,214400000.0,0.0,352000000.0,37428684680.11445
GRID-0119,V11B_CORRECTED,30,67,INTERVAL_COMPLETED_AND_CAPTURED,7.8892601296285525,5817.889260129628,107.89920000000004,23.736987332009978,140800000.0,211200000.0,0.0,352000000.0,39666497559.04015
GRID-0119,V11B_CORRECTED,31,66,INTERVAL_COMPLETED_AND_CAPTURED,8.040309718310356,5818.040309718311,111.55680000000004,24.143427307278902,144000000.0,208000000.0,0.0,352000000.0,41969165914.21396
GRID-0119,V11B_CORRECTED,32,65,INTERVAL_COMPLETED_AND_CAPTURED,8.188893935371926,5818.188893935372,115.21440000000004,24.54383934637278,147200000.0,204800000.0,0.0,352000000.0,44336643669.73697
GRID-0119,V11B_CORRECTED,33,64,INTERVAL_COMPLETED_AND_CAPTURED,8.33512646211342,5818.335126462113,118.87200000000004,24.93845847383864,150400000.0,201600000.0,0.0,352000000.0,46768888671.06334
GRID-0119,V11B_CORRECTED,34,63,INTERVAL_COMPLETED_AND_CAPTURED,8.479112721021158,5818.479112721021,122.52960000000004,25.327506425339234,153600000.0,198400000.0,0.0,352000000.0,49265862276.52609
GRID-0119,V11B_CORRECTED,35,62,INTERVAL_COMPLETED_AND_CAPTURED,8.620950672859665,5818.62095067286,126.18720000000005,25.711192522014258,156800000.0,195200000.0,0.0,352000000.0,51827528998.88002
GRID-0119,V11B_CORRECTED,36,61,INTERVAL_COMPLETED_AND_CAPTURED,8.76073151961222,5818.760731519612,129.84480000000005,26.089714493900548,160000000.0,192000000.0,0.0,352000000.0,54453856189.85954
GRID-0119,V11B_CORRECTED,37,60,INTERVAL_COMPLETED_AND_CAPTURED,8.898540326237157,5818.898540326237,133.50240000000005,26.463259251625022,163200000.0,188800000.0,0.0,352000000.0,57144813761.847336
GRID-0119,V11B_CORRECTED,38,59,INTERVAL_COMPLETED_AND_CAPTURED,9.034456572190932,5819.034456572191,137.16000000000005,26.832003607036263,166400000.0,185600000.0,0.0,352000000.0,59900373941.65819
GRID-0119,V11B_CORRECTED,39,58,INTERVAL_COMPLETED_AND_CAPTURED,9.168554641998327,5819.1685546419985,140.81760000000006,27.196114944387798,169600000.0,182400000.0,0.0,352000000.0,62720511052.196365
GRID-0119,V11B_CORRECTED,40,57,INTERVAL_COMPLETED_AND_CAPTURED,9.300904262761199,5819.300904262761,144.47520000000006,27.55575184427733,172800000.0,179200000.0,0.0,352000000.0,65605201318.37321
GRID-0119,V11B_CORRECTED,41,56,INTERVAL_COMPLETED_AND_CAPTURED,9.431570895338183,5819.431570895338,148.13280000000006,27.911064662887362,176000000.0,176000000.0,0.0,352000000.0,68554422694.19741
GRID-0119,V11B_CORRECTED,42,55,INTERVAL_COMPLETED_AND_CAPTURED,9.560616084957497,5819.5606160849575,151.79040000000006,28.26219606923979,179200000.0,172800000.0,0.0,352000000.0,71568154708.39131
GRID-0119,V11B_CORRECTED,43,54,INTERVAL_COMPLETED_AND_CAPTURED,9.688097776209895,5819.68809777621,155.44800000000006,28.6092815432247,182400000.0,169600000.0,0.0,352000000.0,74646378326.25818
GRID-0119,V11B_CORRECTED,44,53,INTERVAL_COMPLETED_AND_CAPTURED,9.81407059668191,5819.814070596682,159.10560000000007,28.952449837130196,185600000.0,166400000.0,0.0,352000000.0,77789075825.83894
GRID-0119,V11B_CORRECTED,45,52,INTERVAL_COMPLETED_AND_CAPTURED,9.9385861129087,5819.9385861129085,162.76320000000007,29.291823403313845,188800000.0,163200000.0,0.0,352000000.0,80996230686.66328
GRID-0119,V11B_CORRECTED,46,51,INTERVAL_COMPLETED_AND_CAPTURED,10.06169306183326,5820.0616930618335,166.42080000000007,29.627518790536616,192000000.0,160000000.0,0.0,352000000.0,84267827489.62563
GRID-0119,V11B_CORRECTED,47,50,INTERVAL_COMPLETED_AND_CAPTURED,10.183437560539687,5820.1834375605395,170.07840000000007,29.95964701134098,195200000.0,156800000.0,0.0,352000000.0,87603851826.70929
GRID-0119,V11B_CORRECTED,48,49,INTERVAL_COMPLETED_AND_CAPTURED,10.30386329667069,5820.303863296671,173.73600000000008,30.288313882706117,198400000.0,153600000.0,0.0,352000000.0,91004290219.44695
GRID-0119,V11B_CORRECTED,49,48,INTERVAL_COMPLETED_AND_CAPTURED,10.423011701633547,5820.423011701633,177.39360000000008,30.6136203420616,201600000.0,150400000.0,0.0,352000000.0,94469130045.1471
GRID-0119,V11B_CORRECTED,50,47,INTERVAL_COMPLETED_AND_CAPTURED,10.540922108436265,5820.5409221084365,181.05120000000008,30.935662740590736,204800000.0,147200000.0,0.0,352000000.0,97998359470.03638
GRID-0119,V11B_CORRECTED,51,46,INTERVAL_COMPLETED_AND_CAPTURED,10.657631895769788,5820.65763189577,184.70880000000008,31.25453311560975,208000000.0,144000000.0,0.0,352000000.0,101591967388.57364
GRID-0119,V11B_CORRECTED,52,45,INTERVAL_COMPLETED_AND_CAPTURED,10.773176619757301,5820.773176619758,188.36640000000008,31.570319443670307,211200000.0,140800000.0,0.0,352000000.0,105249943368.28091
GRID-0119,V11B_CORRECTED,53,44,INTERVAL_COMPLETED_AND_CAPTURED,10.88759013462314,5820.887590134623,192.0240000000001,31.88310587590205,214400000.0,137600000.0,0.0,352000000.0,108972277599.51463
GRID-0119,V11B_CORRECTED,54,43,INTERVAL_COMPLETED_AND_CAPTURED,11.000904703387755,5821.000904703388,195.6816000000001,32.19297295698953,217600000.0,134400000.0,0.0,352000000.0,112758960849.66914
GRID-0119,V11B_CORRECTED,55,42,INTERVAL_COMPLETED_AND_CAPTURED,11.113151099568157,5821.113151099568,199.3392000000001,32.499997829063794,220800000.0,131200000.0,0.0,352000000.0,116609984421.3623
GRID-0119,V11B_CORRECTED,56,41,INTERVAL_COMPLETED_AND_CAPTURED,11.224358700752735,5821.224358700752,202.9968000000001,32.80425442168359,224000000.0,128000000.0,0.0,352000000.0,120525340114.20529
GRID-0119,V11B_CORRECTED,57,40,INTERVAL_COMPLETED_AND_CAPTURED,11.334555574822698,5821.334555574823,206.6544000000001,33.10581362898361,227200000.0,124800000.0,0.0,352000000.0,124505020189.80286
GRID-0119,V11B_CORRECTED,58,39,INTERVAL_COMPLETED_AND_CAPTURED,11.443768559507923,5821.443768559508,210.3120000000001,33.40474347497802,230400000.0,121600000.0,0.0,352000000.0,128549017339.67078
GRID-0119,V11B_CORRECTED,59,38,INTERVAL_COMPLETED_AND_CAPTURED,11.552023335890892,5821.552023335891,213.9696000000001,33.70110926792484,233600000.0,118400000.0,0.0,352000000.0,132657324655.78961
GRID-0119,V11B_CORRECTED,60,37,INTERVAL_COMPLETED_AND_CAPTURED,11.659344496407268,5821.659344496407,217.6272000000001,33.99497374458197,236800000.0,115200000.0,0.0,352000000.0,136829935603.54637
GRID-0119,V11B_CORRECTED,61,36,INTERVAL_COMPLETED_AND_CAPTURED,11.765755607834336,5821.765755607835,221.2848000000001,34.2863972051163,240000000.0,112000000.0,0.0,352000000.0,141066843996.84085
GRID-0119,V11B_CORRECTED,62,35,INTERVAL_COMPLETED_AND_CAPTURED,11.871279269707948,5821.871279269708,224.9424000000001,34.57543763936465,243200000.0,108800000.0,0.0,352000000.0,145368043975.157
GRID-0119,V11B_CORRECTED,63,34,INTERVAL_COMPLETED_AND_CAPTURED,11.975937168563904,5821.975937168564,228.6000000000001,34.86215084508737,246400000.0,105600000.0,0.0,352000000.0,149733529982.42114
GRID-0119,V11B_CORRECTED,64,33,INTERVAL_COMPLETED_AND_CAPTURED,12.079750128360097,5822.0797501283605,232.2576000000001,35.146590538803274,249600000.0,102400000.0,0.0,352000000.0,154163296747.4865
GRID-0119,V11B_CORRECTED,65,32,INTERVAL_COMPLETED_AND_CAPTURED,12.182738157400614,5822.1827381574,235.9152000000001,35.42880845974603,252800000.0,99200000.0,0.0,352000000.0,158657339266.0998
GRID-0119,V11B_CORRECTED,66,31,INTERVAL_COMPLETED_AND_CAPTURED,12.284920492051803,5822.284920492052,239.57280000000011,35.70885446743876,256000000.0,96000000.0,0.0,352000000.0,163215652784.2203
GRID-0119,V11B_CORRECTED,67,30,INTERVAL_COMPLETED_AND_CAPTURED,12.386315637512462,5822.386315637513,243.23040000000012,35.98677663334326,259200000.0,92800000.0,0.0,352000000.0,167838232782.575
GRID-0119,V11B_CORRECTED,68,29,INTERVAL_COMPLETED_AND_CAPTURED,12.486941405875575,5822.486941405876,246.88800000000012,36.2626213270037,262400000.0,89600000.0,0.0,352000000.0,172525074962.34308
GRID-0119,V11B_CORRECTED,69,28,INTERVAL_COMPLETED_AND_CAPTURED,12.586814951696855,5822.586814951697,250.54560000000012,36.53643329707147,265600000.0,86400000.0,0.0,352000000.0,177276175231.87564
GRID-0119,V11B_CORRECTED,70,27,INTERVAL_COMPLETED_AND_CAPTURED,12.685952805265554,5822.6859528052655,254.20320000000012,36.8082557475671,268800000.0,83200000.0,0.0,352000000.0,182091529694.3644
GRID-0119,V11B_CORRECTED,71,26,INTERVAL_COMPLETED_AND_CAPTURED,12.784370903755264,5822.784370903755,257.8608000000001,37.078130409707384,272000000.0,80000000.0,0.0,352000000.0,186971134636.38037
GRID-0119,V11B_CORRECTED,72,25,INTERVAL_COMPLETED_AND_CAPTURED,12.882084620416489,5822.882084620416,261.5184000000001,37.34609760960018,275200000.0,76800000.0,0.0,352000000.0,191914986517.2119
GRID-0119,V11B_CORRECTED,73,24,INTERVAL_COMPLETED_AND_CAPTURED,12.97910879195851,5822.979108791958,265.1760000000001,37.61219633208638,278400000.0,73600000.0,0.0,352000000.0,196923081958.93893
GRID-0119,V11B_CORRECTED,74,23,INTERVAL_COMPLETED_AND_CAPTURED,13.075457744255106,5823.075457744255,268.8336000000001,37.876464280986646,281600000.0,70400000.0,0.0,352000000.0,201995417737.1831
GRID-0119,V11B_CORRECTED,75,22,INTERVAL_COMPLETED_AND_CAPTURED,13.171145316497187,5823.171145316497,272.4912000000001,38.13893793599144,284800000.0,67200000.0,0.0,352000000.0,207131990772.482
GRID-0119,V11B_CORRECTED,76,21,INTERVAL_COMPLETED_AND_CAPTURED,13.266184883904849,5823.266184883905,276.1488000000001,38.39965260641456,288000000.0,64000000.0,0.0,352000000.0,212332798122.2382
GRID-0119,V11B_CORRECTED,77,20,INTERVAL_COMPLETED_AND_CAPTURED,13.360589379101945,5823.360589379102,279.8064000000001,38.65864248201419,291200000.0,60800000.0,0.0,352000000.0,217597836973.19916
GRID-0119,V11B_CORRECTED,78,19,INTERVAL_COMPLETED_AND_CAPTURED,13.454371312247675,5823.4543713122475,283.4640000000001,38.91594068107027,294400000.0,57600000.0,0.0,352000000.0,222927104634.42773
GRID-0119,V11B_CORRECTED,79,18,INTERVAL_COMPLETED_AND_CAPTURED,13.54754279001197,5823.547542790012,287.1216000000001,39.171579295893196,297600000.0,54400000.0,0.0,352000000.0,228320598530.72592
GRID-0119,V11B_CORRECTED,80,17,INTERVAL_COMPLETED_AND_CAPTURED,13.640115533474411,5823.640115533474,290.7792000000001,39.42558943592606,300800000.0,51200000.0,0.0,352000000.0,233778316196.47873
GRID-0119,V11B_CORRECTED,81,16,INTERVAL_COMPLETED_AND_CAPTURED,13.732100895020004,5823.73210089502,294.4368000000001,39.67800126859096,304000000.0,48000000.0,0.0,352000000.0,239300255269.8865
GRID-0119,V11B_CORRECTED,82,15,INTERVAL_COMPLETED_AND_CAPTURED,13.823509874299376,5823.8235098743,298.0944000000001,39.92884405801928,307200000.0,44800000.0,0.0,352000000.0,244886413487.5579
GRID-0119,V11B_CORRECTED,83,14,INTERVAL_COMPLETED_AND_CAPTURED,13.914353133315636,5823.914353133316,301.7520000000001,40.17814620179568,310400000.0,41600000.0,0.0,352000000.0,250536788679.43716
GRID-0119,V11B_CORRECTED,84,13,INTERVAL_COMPLETED_AND_CAPTURED,14.00464101069534,5824.004641010695,305.4096000000001,40.42593526583668,313600000.0,38400000.0,0.0,352000000.0,256251378764.04245
GRID-0119,V11B_CORRECTED,85,12,INTERVAL_COMPLETED_AND_CAPTURED,14.094383535196611,5824.094383535196,309.0672000000001,40.672238017516136,316800000.0,35200000.0,0.0,352000000.0,262030181743.992
GRID-0119,V11B_CORRECTED,86,11,INTERVAL_COMPLETED_AND_CAPTURED,14.183590438503465,5824.183590438503,312.72480000000013,40.91708045714219,320000000.0,32000000.0,0.0,352000000.0,267873195701.7996
GRID-0119,V11B_CORRECTED,87,10,INTERVAL_COMPLETED_AND_CAPTURED,14.272271167351683,5824.272271167351,316.38240000000013,41.16048784788313,323200000.0,28800000.0,0.0,352000000.0,273780418795.9188
GRID-0119,V11B_CORRECTED,88,9,INTERVAL_COMPLETED_AND_CAPTURED,14.360434895028272,5824.360434895028,320.04000000000013,41.40248474423305,326400000.0,25600000.0,0.0,352000000.0,279751849257.0207
GRID-0119,V11B_CORRECTED,89,8,INTERVAL_COMPLETED_AND_CAPTURED,14.448090532283446,5824.4480905322835,323.69760000000014,41.64309501910195,329600000.0,22400000.0,0.0,352000000.0,285787485384.48834
GRID-0119,V11B_CORRECTED,90,7,INTERVAL_COMPLETED_AND_CAPTURED,14.535246737691264,5824.5352467376915,327.35520000000014,41.882341889609414,332800000.0,19200000.0,0.0,352000000.0,291887325543.11304
GRID-0119,V11B_CORRECTED,91,6,INTERVAL_COMPLETED_AND_CAPTURED,14.621911927492429,5824.621911927493,331.01280000000014,42.120247941655656,336000000.0,16000000.0,0.0,352000000.0,298051368159.98
GRID-0119,V11B_CORRECTED,92,5,INTERVAL_COMPLETED_AND_CAPTURED,14.708094284950464,5824.708094284951,334.67040000000014,42.35683515333894,339200000.0,12800000.0,0.0,352000000.0,304279611721.5292
GRID-0119,V11B_CORRECTED,93,4,INTERVAL_COMPLETED_AND_CAPTURED,14.793801769250198,5824.79380176925,338.32800000000015,42.592124917283996,342400000.0,9600000.0,0.0,352000000.0,310572054770.78253
GRID-0119,V11B_CORRECTED,94,3,INTERVAL_COMPLETED_AND_CAPTURED,14.879042123965554,5824.8790421239655,341.98560000000015,42.82613806194165,345600000.0,6400000.0,0.0,352000000.0,316928695904.7242
GRID-0119,V11B_CORRECTED,95,2,INTERVAL_COMPLETED_AND_CAPTURED,14.963822885121752,5824.963822885122,345.64320000000015,43.05889487191631,348800000.0,3200000.0,0.0,352000000.0,323349533771.82513
GRID-0119,V11B_CORRECTED,96,1,INTERVAL_COMPLETED_AND_CAPTURED,15.04815138887533,5825.048151388875,349.30080000000015,43.29041510737412,352000000.0,0.0,0.0,352000000.0,329834567069.70276
