 V8W_IM_M050_P050_DT090_FLO_T1_0000.out
************************************************************************
**                                                                    **
**                                                                    **
**                        OpenRadioss Starter                         **
**                                                                    **
**            Non-linear Finite Element Analysis Software             **
**                                                                    **
**                                                                    **
**                                                                    **
**                  Windows 64 bits, Intel compiler                   **
**                      Double Precision Version                      **
**                                                                    **
**                                                                    **
**                                                                    **
************************************************************************
** OpenRadioss Software                                               **
** COPYRIGHT (C) 2026 Siemens                                         **
** Licensed under GNU Affero General Public License.                  **
** See License file.                                                  **
************************************************************************
 
  
 COMPUTATION HARDWARE DESCRIPTION
  
 HOSTNAME     CPU TYPE, FREQUENCY AND MEMORY
 jeux   AMD Ryzen 5 5600 6-Core Processor               (x86_64), 3700 MHz,   5600 MB RAM,  22954 MB swap
  
 STACKSIZE  . . . . . . . . . . . . . . . . . . . . 1430 MB
 THREAD STACKSIZE . . . . . . . . . . . . . . . . . 400 MB
 
************************************************************************


************************************************************************
* INPUT READING PROCESS
************************************************************************

WARNING ID : 100214
** WARNING IN INPUT OPTIONS
DESCRIPTION :  
-- BLOCK: /PROP/SHELL/1
-- LINE: 5         0              7.9375                   0                   0         0
unsupported field exists
SOLUTION :     
    Please check input format and fields description defined in the Reference Guide.

WARNING ID : 100214
** WARNING IN INPUT OPTIONS
DESCRIPTION :  
-- BLOCK: /PROP/SHELL/2
-- LINE: 5         0               9.525                   0                   0         0
unsupported field exists
SOLUTION :     
    Please check input format and fields description defined in the Reference Guide.

WARNING ID : 100214
** WARNING IN INPUT OPTIONS
DESCRIPTION :  
-- BLOCK: /PROP/SHELL/3
-- LINE: 5         0             51.9292                   0                   0         0
unsupported field exists
SOLUTION :     
    Please check input format and fields description defined in the Reference Guide.

WARNING ID : 100214
** WARNING IN INPUT OPTIONS
DESCRIPTION :  
-- BLOCK: /PROP/SHELL/4
-- LINE: 5         0             18.6079                   0                   0         0
unsupported field exists
SOLUTION :     
    Please check input format and fields description defined in the Reference Guide.

 -NO SYNTAX ERROR DETECTED DURING INPUT READING PROCESS




************************************************************************



    UNIT SYSTEMS DEFINITION     
    -----------------------     

                                                          MASS                LENGTH              TIME
    WORK UNIT SYSTEM . . . . . . ( g  , mm , ms  ) 1.0000000000000E-03 1.0000000000000E-03 1.0000000000000E-03
    INPUT UNIT SYSTEM  . . . . . ( g  , mm , ms  ) 1.0000000000000E-03 1.0000000000000E-03 1.0000000000000E-03
V8W_IM_M050_P050_DT090_FLO_T1 facade_impact pairwise core-cowling qualification


    CONTROL  PARAMETERS                                                                  
    -------------------                                                                  

    IPRI  : PRINTOUT FLAG . . . . . . . . . . . . . . . .         0
    INVERS: MANUAL VERSION OF THIS INPUT DECK . . . . . .      2026
    NSUBS:   NUMBER OF SUBSETS. . . . . . . . . . . . . .         1
    NPART:   NUMBER OF PARTS. . . . . . . . . . . . . . .         4
    NUMMAT: NUMBER OF MATERIALS . . . . . . . . . . . . .         3
    NUMGEO: NUMBER OF PROPERTY SETS . . . . . . . . . . .         4
    NUMNOD: NUMBER OF NODAL POINTS. . . . . . . . . . . .     37826
    NUMSKW: NUMBER OF SKEW REFERENCE FRAMES . . . . . . .         0
    NUMBCS: NUMBER OF BOUNDARY CONDITIONS . . . . . . . .         1
    NUMFRAM: NUMBER OF REFERENCE FRAMES . . . . . . . . .         0
    NUMELQ: NUMBER OF 2D QUAD ELEMENTS. . . . . . . . . .         0
    NUMELT3 : NUMBER OF 2D TRIA ELEMENTS. . . . . . . . .         0
    NUMELS: NUMBER OF 3D SOLID ELEMENTS . . . . . . . . .         0
    NUMELC: NUMBER OF 3D SHELL ELEMENTS (4-NODES) . . . .     37590
    NUMELT: NUMBER OF 3D TRUSS ELEMENTS . . . . . . . . .         0
    NUMELP: NUMBER OF 3D BEAM  ELEMENTS . . . . . . . . .         0
    NUMELR: NUMBER OF 3D SPRING ELEMENTS. . . . . . . . .         0
    NUMELTG: NUMBER OF 3D SHELL ELEMENTS (3-NODES). . . .         0
    NUMELX: NUMBER OF MULTIPURPOSE ELEMENTS . . . . . . .         0
    NUMELIG3D: NUMBER OF ISO-GEOMETRIC ELEMENTS . . . . .         0
    NUMSPH : NUMBER OF SMOOTH PARTICLES (SPH CELLS) . . .         0
    NSPHBCS: NUMBER OF SPH SYMMETRY CONDITIONS. . . . . .         0
    NSPHIO : NUMBER OF SPH INLET/OUTLET CONDITIONS. . . .         0

    NFUNCT: NUMBER OF USER'S FUNCTIONS . . . . . . . . .          0
    NGRAV:  NUMBER OF GRAVITY LOADS . . . . . . . . . . .         0
    NFUNC2D:  NUMBER OF USER 2D FUNCTIONS . . . . . . . .         0
    NINIGRV:NUMBER OF INITIAL GRAVITY LOADS . . . . . . .         0
    NCONLD: NUMBER OF CONCENTRATED LOADS. . . . . . . . .         0
    NINVEL: NUMBER OF INITIAL VELOCITIES. . . . . . . . .         1
    NPRELD: NUMBER OF PRESSURE LOADS. . . . . . . . . . .         0
    NINIMAP1D: NUMBER OF INITIAL 1D MAPPING.. . . . . . .         0
    NINIMAP2D: NUMBER OF INITIAL 2D MAPPING.. . . . . . .         0
    NUMBER OF ACCELEROMETERS. . . . . . . . . . . . . . .         0
    NUMBER OF SENSORS . . . . . . . . . . . . . . . . . .         0
    NUMBER OF GAUGES. . . . . . . . . . . . . . . . . . .         0
    NINTER: NUMBER OF INTERFACES. . . . . . . . . . . . .         3
    NRWALL: NUMBER OF RIGID WALLS . . . . . . . . . . . .         0
    NRBODY: NUMBER OF RIGID BODIES. . . . . . . . . . . .         0
    NFXBODY: NUMBER OF FLEXIBLE BODIES. . . . . . . . . .         0
    NCONX : NUMBER OF RIGID LINKS TO MADYMO BODIES. . . .         0
    NODMAS: NUMBER OF ADDED NODAL MASSES. . . . . . . . .         0
    NIMPDISP: NUMBER OF IMPOSED DISPLACEMENTS . . . . . .         0
    NIMPVEL: NUMBER OF IMPOSED VELOCITIES . . . . . . . .         0
    NIMPACC: NUMBER OF IMPOSED ACCELERATIONS . . . . . .          0
    NRIVET: NUMBER OF RIVETS OR SPOT WELDS. . . . . . . .         0
    NSECT : NUMBER OF SECTIONS SAVED (TIME HISTORY PLOTS)         0
    NJOINT: NUMBER OF JOINTS. . . . . . . . . . . . . . .         0
    NACTIV: NUMBER OF ELEMENT DEACTIVATION GROUPS . . . .         0
    NDAMP:  NUMBER OF RAYLEIGH DAMPING GROUPS . . . . . .         0
    NGJOINT: NUMBER OF GEAR TYPE JOINTS . . . . . . . . .         0
    NUMMPC: NUMBER OF MULTI-POINT CONSTRAINTS . . . . . .         0
    NR2RLNK: NUMBER OF EXTERNAL COUPLING LINKS . . . . .          0
    NSUBDOM: NUMBER OF SUBDOMAINS . . . . . .. . . . . .          0
    NVOLU:  NUMBER OF MONITORED VOLUMES . . . . . . . . .         0
    NEIG:   NUMBER OF EIGEN AND STATIC MODES PROBLEMS . .         0
    NBEM:   NUMBER OF BEM SOLVED PROBLEMS . . . . . . . .         0
    NRBE2:  NUMBER OF RBE2 RIGID ELEMENTS . . . . . . . .         0
    NRBE3:  NUMBER OF RBE3 CONSTRAINT ELEMENTS  . . . . .         0
    INITIAL STRESS FILE =
                                          FLAG ISIGI. . .         0


    N2D3D : ANALYSIS TYPE: 0=3D,1=AXISYM,2=PLANE STRAIN .         0


    ANALYSIS OPTIONS
    ----------------

    INTEG8 : 8 GAUSS POINT CONDENSED INTEGRATION . . . . .         0
    IPARITH: PARALLEL ARITHMETIC FLAG (2 OFF, 1 0N). . . .         1
    IUSERW : GENERAL USER WINDOW FLAG. . . . . . . . . . .         0
    ISOLID : DEFAULT BRICK FORMULATION FLAG. . . . . . . .         1
    ITET4  : DEFAULT TETRA4 FORMULATION FLAG . . . . . . .         0
    ITET10 : DEFAULT TETRA10 FORMULATION FLAG. . . . . . .      1000
    ISMSTR : DEFAULT BRICK SMALL STRAIN FLAG . . . . . . .         0
    ICPRE  : DEFAULT SOLID CONSTANT PRESSURE FLAG. . . . .         0
    ISHELL : DEFAULT SHELL FORMULATION FLAG. . . . . . . .         1
    ISST   : DEFAULT SHELL SMALL STRAIN FLAG . . . . . . .         0
    ITHK   : DEFAULT SHELL THICKNESS VARIATION FLAG. . . .         0
    IPLA   : DEFAULT PLANE STRESS PLASTICITY FLAG. . . . .         0
    ISTR   : DEFAULT SHELL STRAIN COMPUTATION FLAG . . . .         1
    ISHEA  : DEFAULT SHELL SHEAR COMPUTATION FLAG. . . . .         0
    INSH   : SHELL INERTIA FLAG. . . . . . . . . . . . . .         0
    ISH3N  : DEFAULT 3 NODE SHELL FORMULATION FLAG . . . .         2
    NPTS   : SHELL PROPERTIES DEFAULT NUMBER OF           
             INTEGRATION POINTS OR LAYERS. . . . . . . . .        -1
    IFRAME : DEFAULT SOLID FRAME FORMULATION FLAG . . . .          1
    IOFFSET: DEFAULT SHELL OFFSET FLAG. . . . . . . . . .          0
    ICONTROL:DEFAULT SOLID DISTORTION CONTROL FLAG. . . .          0
    ISHFRAM: LOCAL SHELL FRAME DEFINITION. . . . . . . . .         0


    LAGRANGE MULTIPLIER OPTIONS
    ---------------------------
    LAGM_TOL:CONVERGENCE CRITERION. . . . . . . . . . . . 1.0000000000000E-11


    NODAL MASS DISTRIBUTION FLAG . . . . . . . . .         0


    SPEED PARAMETERS  
    ----------------  

    STARTER RUNNING ON. . . . . . . . . . . . . . . . . .         1 THREAD              
    NUMBER OF SPMD DOMAINS. . . . . . . . . . . . . . . .         1
    NUMBER OF THREADS PER DOMAIN. . . . . . . . . . . . .         1
    ARCHITECTURE OPTIMIZATION . . . . . . . . . . . . . .        22, win64               
    SIZE OF ELEMENT BUFFER. . . . . . . . . . . . . . . .       128
 
     INFO : OMP_NUM_THREADS SET, DEFAULT SETTING IGNORED
  


    MATERIAL LAWS
    -------------
    NUMBER OF MATERIALS. . . . . . . . . =         3




     NIST-adjacent 60 ksi facade steel; unchanged V8V surrogate
     MATERIAL NUMBER . . . . . . . . . . . .=         1
     MATERIAL LAW  . . . . . . . . . . . . . .= PLAS_JOHNS

       ELASTIC PLASTIC LAW                   
       -------------------                   


     INITIAL DENSITY . . . . . . . . . . . .= 7.8600000000000E-03

     YOUNG MODULUS . . . . . . . . . . . . .=  200000.0000000    
     POISSON  RATIO. . . . . . . . . . . . .= 0.3000000000000    
     SHEAR MODULUS . . . . . . . . . . . . .=  76923.07692308    


     JOHNSON COOK MODEL :
     YIELD STRESS  . . . . . . . . . . . . .=  427.6560000000    
     ULTIMATE STRESS (UTS) . . . . . . . . .=  601.5660000000    
     STRAIN AT UTS (Ag). . . . . . . . . . .= 0.1500000000000    
     YIELD COEFFICIENT A . . . . . . . . . .=  427.6560000000    
     YIELD COEFFICIENT B . . . . . . . . . .=  542.8296280306    
     YIELD COEFFICIENT N . . . . . . . . . .= 0.3660393879302    
     EPS-MAX . . . . . . . . . . . . . . . .= 0.2000000000000    
     SIG-MAX . . . . . . . . . . . . . . . .= 1.0000000000000E+20
     ISO-KINEMATIC HARDENING FACTOR. . . . .=  0.000000000000    


     FLAG FOR STRAIN RATE DEPENDENCY TYPE. .=         2
        VP=1  EQUIVALENT PLASTIC STRAIN RATE
        VP=2  TOTAL STRAIN RATE (DEFAULT)
        VP=3  DEVIATORIC STRAIN RATE
     STRAIN RATE COEFFICIENT CC. . . . . . .= 1.6000000000000E-02
     REFERENCE STRAIN RATE . . . . . . . . .= 1.0000000000000E-03
     FLAG FOR STRAIN RATE ON SIG-MAX . . . .=         1
     SMOOTH STRAIN RATE OPTION . . . . . . .=         1
     STRAIN RATE CUTTING FREQUENCY . . . . .=  1.000000000000    
     TEMPERATURE EXPONENT. . . . . . . . . .=  1.000000000000    
     MELTING TEMPERATURE K . . . . . . . . .= 1.0000000000000E+20
     SPECIFIC HEAT Rho*Cp. . . . . . . . . .=  0.000000000000    
     INITIAL TEMPERATURE K . . . . . . . . .=  300.0000000000    
     MAXIMAL TEMPERATURE K . . . . . . . . .= 1.0000000000000E+20
     PRESSURE CUTOFF IN TENSION. . . . . . .=-1.0000000000000E+20




     Equivalent deformable engine-core steel; unchanged V8V hypothesis
     MATERIAL NUMBER . . . . . . . . . . . .=         2
     MATERIAL LAW  . . . . . . . . . . . . . .= PLAS_JOHNS

       ELASTIC PLASTIC LAW                   
       -------------------                   


     INITIAL DENSITY . . . . . . . . . . . .= 7.8600000000000E-03

     YOUNG MODULUS . . . . . . . . . . . . .=  200000.0000000    
     POISSON  RATIO. . . . . . . . . . . . .= 0.3000000000000    
     SHEAR MODULUS . . . . . . . . . . . . .=  76923.07692308    


     JOHNSON COOK MODEL :
     YIELD STRESS  . . . . . . . . . . . . .=  800.0000000000    
     ULTIMATE STRESS (UTS) . . . . . . . . .=  1000.000000000    
     STRAIN AT UTS (Ag). . . . . . . . . . .= 0.1000000000000    
     YIELD COEFFICIENT A . . . . . . . . . .=  800.0000000000    
     YIELD COEFFICIENT B . . . . . . . . . .=  682.1535137032    
     YIELD COEFFICIENT N . . . . . . . . . .= 0.3494706592825    
     EPS-MAX . . . . . . . . . . . . . . . .= 0.1200000000000    
     SIG-MAX . . . . . . . . . . . . . . . .= 1.0000000000000E+20
     ISO-KINEMATIC HARDENING FACTOR. . . . .=  0.000000000000    


     FLAG FOR STRAIN RATE DEPENDENCY TYPE. .=         2
        VP=1  EQUIVALENT PLASTIC STRAIN RATE
        VP=2  TOTAL STRAIN RATE (DEFAULT)
        VP=3  DEVIATORIC STRAIN RATE
     STRAIN RATE COEFFICIENT CC. . . . . . .= 1.0000000000000E-02
     REFERENCE STRAIN RATE . . . . . . . . .= 1.0000000000000E-03
     FLAG FOR STRAIN RATE ON SIG-MAX . . . .=         1
     SMOOTH STRAIN RATE OPTION . . . . . . .=         1
     STRAIN RATE CUTTING FREQUENCY . . . . .=  1.000000000000    
     TEMPERATURE EXPONENT. . . . . . . . . .=  1.000000000000    
     MELTING TEMPERATURE K . . . . . . . . .= 1.0000000000000E+20
     SPECIFIC HEAT Rho*Cp. . . . . . . . . .=  0.000000000000    
     INITIAL TEMPERATURE K . . . . . . . . .=  300.0000000000    
     MAXIMAL TEMPERATURE K . . . . . . . . .= 1.0000000000000E+20
     PRESSURE CUTOFF IN TENSION. . . . . . .=-1.0000000000000E+20




     Equivalent deformable cowling aluminum; widened-opening V8W hypothesis
     MATERIAL NUMBER . . . . . . . . . . . .=         3
     MATERIAL LAW  . . . . . . . . . . . . . .= PLAS_JOHNS

       ELASTIC PLASTIC LAW                   
       -------------------                   


     INITIAL DENSITY . . . . . . . . . . . .= 2.7000000000000E-03

     YOUNG MODULUS . . . . . . . . . . . . .=  70000.00000000    
     POISSON  RATIO. . . . . . . . . . . . .= 0.3300000000000    
     SHEAR MODULUS . . . . . . . . . . . . .=  26315.78947368    


     JOHNSON COOK MODEL :
     YIELD STRESS  . . . . . . . . . . . . .=  300.0000000000    
     ULTIMATE STRESS (UTS) . . . . . . . . .=  450.0000000000    
     STRAIN AT UTS (Ag). . . . . . . . . . .= 0.1200000000000    
     YIELD COEFFICIENT A . . . . . . . . . .=  300.0000000000    
     YIELD COEFFICIENT B . . . . . . . . . .=  375.3221105950    
     YIELD COEFFICIENT N . . . . . . . . . .= 0.2799885166408    
     EPS-MAX . . . . . . . . . . . . . . . .= 8.0000000000000E-02
     SIG-MAX . . . . . . . . . . . . . . . .= 1.0000000000000E+20
     ISO-KINEMATIC HARDENING FACTOR. . . . .=  0.000000000000    


     FLAG FOR STRAIN RATE DEPENDENCY TYPE. .=         2
        VP=1  EQUIVALENT PLASTIC STRAIN RATE
        VP=2  TOTAL STRAIN RATE (DEFAULT)
        VP=3  DEVIATORIC STRAIN RATE
     STRAIN RATE COEFFICIENT CC. . . . . . .=  0.000000000000    
     REFERENCE STRAIN RATE . . . . . . . . .=  1.000000000000    
     FLAG FOR STRAIN RATE ON SIG-MAX . . . .=         1
     SMOOTH STRAIN RATE OPTION . . . . . . .=         0
     STRAIN RATE CUTTING FREQUENCY . . . . .=  1.000000000000    
     TEMPERATURE EXPONENT. . . . . . . . . .=  1.000000000000    
     MELTING TEMPERATURE K . . . . . . . . .= 1.0000000000000E+20
     SPECIFIC HEAT Rho*Cp. . . . . . . . . .=  0.000000000000    
     INITIAL TEMPERATURE K . . . . . . . . .=  300.0000000000    
     MAXIMAL TEMPERATURE K . . . . . . . . .= 1.0000000000000E+20
     PRESSURE CUTOFF IN TENSION. . . . . . .=-1.0000000000000E+20




         PROPERTY SETS
         -------------


FACADE_COLUMN_5_16_IN_QEPH              
     ISOTROPIC SHELL PROPERTY SET
     PROPERTY SET NUMBER . . . . . . . . . .=         1
     NUMBER OF INTEGRATION POINTS. . . . . .=         5
     POST PROCESSING STRAIN FLAG . . . . . .=         1
     SHELL THICKNESS . . . . . . . . . . . .=  7.937500000000    
     SMALL STRAIN FLAG . . . . . . . . . . .=         2
     SHELL FORMULATION FLAG. . . . . . . . .=        24
     3NODE SHELL FORMULATION FLAG. . . . . .=         2
     DRILLING D.O.F. FLAG  . . . . . . . . .=         0
     PINCHING D.O.F. FLAG  . . . . . . . . .=         0
     SHELL MEMBRANE DAMPING. . . . . . . . .=  0.000000000000    
     SHELL NUMERICAL DAMPING . . . . . . . .= 1.5000000000000E-02
     SHEAR AREA REDUCTION FACTOR . . . . . .= 0.8333333333333    
     ELEMENT DELETION PARAMETER. . . . . . .= 0.9999990000000    
      > 0.0 : FRACTION OF FAILED THICKNESS   
      < 0.0 : FRACTION OF FAILED INTG. POINTS
     SHEAR FORMULATION FLAG. . . . . . . . .=         0
     THICKNESS VARIATION FLAG. . . . . . . .=         0
     PLASTICITY FORMULATION FLAG . . . . . .=         0
     SHELL OFFSET POSITION FLAG . . . . . . =         0


FACADE_SPANDREL_3_8_IN_QEPH             
     ISOTROPIC SHELL PROPERTY SET
     PROPERTY SET NUMBER . . . . . . . . . .=         2
     NUMBER OF INTEGRATION POINTS. . . . . .=         5
     POST PROCESSING STRAIN FLAG . . . . . .=         1
     SHELL THICKNESS . . . . . . . . . . . .=  9.525000000000    
     SMALL STRAIN FLAG . . . . . . . . . . .=         2
     SHELL FORMULATION FLAG. . . . . . . . .=        24
     3NODE SHELL FORMULATION FLAG. . . . . .=         2
     DRILLING D.O.F. FLAG  . . . . . . . . .=         0
     PINCHING D.O.F. FLAG  . . . . . . . . .=         0
     SHELL MEMBRANE DAMPING. . . . . . . . .=  0.000000000000    
     SHELL NUMERICAL DAMPING . . . . . . . .= 1.5000000000000E-02
     SHEAR AREA REDUCTION FACTOR . . . . . .= 0.8333333333333    
     ELEMENT DELETION PARAMETER. . . . . . .= 0.9999990000000    
      > 0.0 : FRACTION OF FAILED THICKNESS   
      < 0.0 : FRACTION OF FAILED INTG. POINTS
     SHEAR FORMULATION FLAG. . . . . . . . .=         0
     THICKNESS VARIATION FLAG. . . . . . . .=         0
     PLASTICITY FORMULATION FLAG . . . . . .=         0
     SHELL OFFSET POSITION FLAG . . . . . . =         0


ENGINE_CORE_EQUIVALENT_MASS_QEPH        
     ISOTROPIC SHELL PROPERTY SET
     PROPERTY SET NUMBER . . . . . . . . . .=         3
     NUMBER OF INTEGRATION POINTS. . . . . .=         5
     POST PROCESSING STRAIN FLAG . . . . . .=         1
     SHELL THICKNESS . . . . . . . . . . . .=  51.92920000000    
     SMALL STRAIN FLAG . . . . . . . . . . .=         2
     SHELL FORMULATION FLAG. . . . . . . . .=        24
     3NODE SHELL FORMULATION FLAG. . . . . .=         2
     DRILLING D.O.F. FLAG  . . . . . . . . .=         0
     PINCHING D.O.F. FLAG  . . . . . . . . .=         0
     SHELL MEMBRANE DAMPING. . . . . . . . .=  0.000000000000    
     SHELL NUMERICAL DAMPING . . . . . . . .= 1.5000000000000E-02
     SHEAR AREA REDUCTION FACTOR . . . . . .= 0.8333333333333    
     ELEMENT DELETION PARAMETER. . . . . . .= 0.9999990000000    
      > 0.0 : FRACTION OF FAILED THICKNESS   
      < 0.0 : FRACTION OF FAILED INTG. POINTS
     SHEAR FORMULATION FLAG. . . . . . . . .=         0
     THICKNESS VARIATION FLAG. . . . . . . .=         0
     PLASTICITY FORMULATION FLAG . . . . . .=         0
     SHELL OFFSET POSITION FLAG . . . . . . =         0


COWLING_EQUIVALENT_MASS_QEPH            
     ISOTROPIC SHELL PROPERTY SET
     PROPERTY SET NUMBER . . . . . . . . . .=         4
     NUMBER OF INTEGRATION POINTS. . . . . .=         5
     POST PROCESSING STRAIN FLAG . . . . . .=         1
     SHELL THICKNESS . . . . . . . . . . . .=  18.60790000000    
     SMALL STRAIN FLAG . . . . . . . . . . .=         2
     SHELL FORMULATION FLAG. . . . . . . . .=        24
     3NODE SHELL FORMULATION FLAG. . . . . .=         2
     DRILLING D.O.F. FLAG  . . . . . . . . .=         0
     PINCHING D.O.F. FLAG  . . . . . . . . .=         0
     SHELL MEMBRANE DAMPING. . . . . . . . .=  0.000000000000    
     SHELL NUMERICAL DAMPING . . . . . . . .= 1.5000000000000E-02
     SHEAR AREA REDUCTION FACTOR . . . . . .= 0.8333333333333    
     ELEMENT DELETION PARAMETER. . . . . . .= 0.9999990000000    
      > 0.0 : FRACTION OF FAILED THICKNESS   
      < 0.0 : FRACTION OF FAILED INTG. POINTS
     SHEAR FORMULATION FLAG. . . . . . . . .=         0
     THICKNESS VARIATION FLAG. . . . . . . .=         0
     PLASTICITY FORMULATION FLAG . . . . . .=         0
     SHELL OFFSET POSITION FLAG . . . . . . =         0




       PARTS
       -----



PART:         1,FACADE_COLUMN_SHELLS
----
     PROPERTY    :         1 (TYPE 01),FACADE_COLUMN_5_16_IN_QEPH
     MATERIAL    :         1 (LAW  02),NIST-adjacent 60 ksi facade steel; unchanged V8V surrogate
     SUBSET      :         0
     FRAMEWORK   :         LAGRANGE
     VIRT. THICKN:         0.000000000000    

PART:         2,FACADE_SPANDREL_SHELLS
----
     PROPERTY    :         2 (TYPE 01),FACADE_SPANDREL_3_8_IN_QEPH
     MATERIAL    :         1 (LAW  02),NIST-adjacent 60 ksi facade steel; unchanged V8V surrogate
     SUBSET      :         0
     FRAMEWORK   :         LAGRANGE
     VIRT. THICKN:         0.000000000000    

PART:         3,DEFORMABLE_ENGINE_CORE_EQUIVALENT
----
     PROPERTY    :         3 (TYPE 01),ENGINE_CORE_EQUIVALENT_MASS_QEPH
     MATERIAL    :         2 (LAW  02),Equivalent deformable engine-core steel; unchanged V8V hypothesis
     SUBSET      :         0
     FRAMEWORK   :         LAGRANGE
     VIRT. THICKN:         0.000000000000    

PART:         4,DEFORMABLE_COWLING_EQUIVALENT
----
     PROPERTY    :         4 (TYPE 01),COWLING_EQUIVALENT_MASS_QEPH
     MATERIAL    :         3 (LAW  02),Equivalent deformable cowling aluminum; widened-opening V8W hypothesis
     SUBSET      :         0
     FRAMEWORK   :         LAGRANGE
     VIRT. THICKN:         0.000000000000    


       HIERARCHICAL SUBSET ORGANIZATION
       --------------------------------


  
  
 SUBSET:         0,GLOBAL MODEL                                                                                                     
 ~~~~~~
  |
  |________Part(s):         1,FACADE_COLUMN_SHELLS                    
                            2,FACADE_SPANDREL_SHELLS                  
                            3,DEFORMABLE_ENGINE_CORE_EQUIVALENT       
                            4,DEFORMABLE_COWLING_EQUIVALENT           

     BOUNDARY CONDITIONS                                                                 
     -------------------                                                                 
       NODE  TRANS. ROTAT.         SKEW

  
 SPMD IS CHECKING FOR ELEMENT DELETION IN : 
 V8W_IM_M050_P050_DT090_FLO_T1_0001.rad                                                                       
 
 DOMAIN DECOMPOSITION USING MULTILEVEL KWAY
 ------------------------------------------
 DOMAIN DECOMPOSITION OPTIMIZED FOR PARALLEL ARITHMETIC ON
 DOMAIN DECOMPOSITION : OPTIMIZED FOR BROADWELL PROCESSOR

    INTERFACES               
  --------------             



   INTERFACE NUMBER :         1 PROJECTILE_TO_FACADE_DEFORMABLE_CONTACT


    TYPE==7   PARALLEL/AUTO IMPACTING           


    BOUND. COND. DELETED AFTER IMPACT . . . . . IN X DIR       0
       SECONDARY NODE  (1:YES 0:NO)                Y DIR       0
                                                   Z DIR       0
    STIFFNESS FACTOR. . . . . . . . . . . . . .   1.000000000000    
    STIFFNESS FORMULATION. .  . . . . . . . . .                4
 2,3,4,5 : STIFFNESS IS COMPUTED FROM STIFFNESS ON MAIN SIDE
                            AND STIFFNESS AT SECONDARY NODES
    1000 : STIFFNESS IS COMPUTED FROM STIFFNESS ON MAIN SIDE
    MINIMUM STIFFNESS. . . .  . . . . . . . . .   0.000000000000    
    MAXIMUM STIFFNESS. . . .  . . . . . . . . .  1.0000000000000E+30
    FRICTION FACTOR . . . . . . . . . . . . . .   0.000000000000    
    VARIABLE GAP FLAG . . . . . . . . . . . . .                2
    MINIMUM GAP . . . . . . . . . . . . . . . .   0.000000000000    
    MAXIMUM GAP (= 0. <=> NO MAXIMUM GAP) . . .  1.0000000000000E+30
    %MESHSIZE TAKEN INTO ACCOUNT FOR            
    CALCULATION OF MAXIMUM GAP(IGAP = 3). . . .   0.000000000000    
    FLAGREMNODE : NOT CONSIDER NEIGHBORING      
    NODES IN CASE OF ELEMENT SIZE < GAP VALUE .                1
    DE-ACTIVATION FLAG IF CONFLICT W/ TYPE2 . .                3
    GAP SCALE FACTOR. . . . . . . . . . . . . .   1.000000000000    
    START TIME. . . . . . . . . . . . . . . . .   0.000000000000    
    STOP TIME . . . . . . . . . . . . . . . . .  1.0000000000000E+30
    BUCKET FACTOR . . . . . . . . . . . . . . .  0.2000000000000    
    DE-ACTIVATION OF INITIAL PENETRATIONS . . .             1000
    MAXIMUM INITIAL PENETRATION FACTOR. . . . .   0.000000000000    
    CRITICAL DAMPING FACTOR . . . . . . . . . .  5.0000000000000E-02
    FRICTION CRITICAL DAMPING FACTOR. . . . . .   0.000000000000    
    QUADRATIC DAMPING FLAG. . . . . . . . . . .                0
    FORMULATION LEVEL . . . . . . . . . . . . .                0
    MEAN POSSIBLE NUMBER OF IMPACT/NODE . . . .                4

    DELETION FLAG ON FAILURE OF MAIN ELEMENT (1:YES-ALL/2:YES-ANY) :     2

    FRICTION FORMULATION: TOTAL (VISCOUS) FORMULATION
    FRICTION FILTERING FLAG. . . . . . . . .          0
    FILTERING FACTOR . . . . . . . . . . . .   0.000000000000    

    FRICTION MODEL 0 (Coulomb Law) :
      FRICTION COEFFICIENT . . . . . . . . .   0.000000000000    

      SECONDARY SURFACE INPUT BY NODES
      MAIN SURFACE INPUT BY SEGMENTS

    INTERFACES               
  --------------             



   INTERFACE NUMBER :         2 CORE_NODES_TO_COWLING_SURFACE


    TYPE==7   PARALLEL/AUTO IMPACTING           


    BOUND. COND. DELETED AFTER IMPACT . . . . . IN X DIR       0
       SECONDARY NODE  (1:YES 0:NO)                Y DIR       0
                                                   Z DIR       0
    STIFFNESS FACTOR. . . . . . . . . . . . . .   1.000000000000    
    STIFFNESS FORMULATION. .  . . . . . . . . .                4
 2,3,4,5 : STIFFNESS IS COMPUTED FROM STIFFNESS ON MAIN SIDE
                            AND STIFFNESS AT SECONDARY NODES
    1000 : STIFFNESS IS COMPUTED FROM STIFFNESS ON MAIN SIDE
    MINIMUM STIFFNESS. . . .  . . . . . . . . .   0.000000000000    
    MAXIMUM STIFFNESS. . . .  . . . . . . . . .  1.0000000000000E+30
    FRICTION FACTOR . . . . . . . . . . . . . .   0.000000000000    
    VARIABLE GAP FLAG . . . . . . . . . . . . .                2
    MINIMUM GAP . . . . . . . . . . . . . . . .   0.000000000000    
    MAXIMUM GAP (= 0. <=> NO MAXIMUM GAP) . . .  1.0000000000000E+30
    %MESHSIZE TAKEN INTO ACCOUNT FOR            
    CALCULATION OF MAXIMUM GAP(IGAP = 3). . . .   0.000000000000    
    FLAGREMNODE : NOT CONSIDER NEIGHBORING      
    NODES IN CASE OF ELEMENT SIZE < GAP VALUE .                1
    DE-ACTIVATION FLAG IF CONFLICT W/ TYPE2 . .                3
    GAP SCALE FACTOR. . . . . . . . . . . . . .   1.000000000000    
    START TIME. . . . . . . . . . . . . . . . .   0.000000000000    
    STOP TIME . . . . . . . . . . . . . . . . .  1.0000000000000E+30
    BUCKET FACTOR . . . . . . . . . . . . . . .  0.2000000000000    
    DE-ACTIVATION OF INITIAL PENETRATIONS . . .             1000
    MAXIMUM INITIAL PENETRATION FACTOR. . . . .   0.000000000000    
    CRITICAL DAMPING FACTOR . . . . . . . . . .  5.0000000000000E-02
    FRICTION CRITICAL DAMPING FACTOR. . . . . .   0.000000000000    
    QUADRATIC DAMPING FLAG. . . . . . . . . . .                0
    FORMULATION LEVEL . . . . . . . . . . . . .                0
    MEAN POSSIBLE NUMBER OF IMPACT/NODE . . . .                4

    DELETION FLAG ON FAILURE OF MAIN ELEMENT (1:YES-ALL/2:YES-ANY) :     2

    FRICTION FORMULATION: TOTAL (VISCOUS) FORMULATION
    FRICTION FILTERING FLAG. . . . . . . . .          0
    FILTERING FACTOR . . . . . . . . . . . .   0.000000000000    

    FRICTION MODEL 0 (Coulomb Law) :
      FRICTION COEFFICIENT . . . . . . . . .   0.000000000000    

      SECONDARY SURFACE INPUT BY NODES
      MAIN SURFACE INPUT BY SEGMENTS

    INTERFACES               
  --------------             



   INTERFACE NUMBER :         3 COWLING_NODES_TO_CORE_SURFACE


    TYPE==7   PARALLEL/AUTO IMPACTING           


    BOUND. COND. DELETED AFTER IMPACT . . . . . IN X DIR       0
       SECONDARY NODE  (1:YES 0:NO)                Y DIR       0
                                                   Z DIR       0
    STIFFNESS FACTOR. . . . . . . . . . . . . .   1.000000000000    
    STIFFNESS FORMULATION. .  . . . . . . . . .                4
 2,3,4,5 : STIFFNESS IS COMPUTED FROM STIFFNESS ON MAIN SIDE
                            AND STIFFNESS AT SECONDARY NODES
    1000 : STIFFNESS IS COMPUTED FROM STIFFNESS ON MAIN SIDE
    MINIMUM STIFFNESS. . . .  . . . . . . . . .   0.000000000000    
    MAXIMUM STIFFNESS. . . .  . . . . . . . . .  1.0000000000000E+30
    FRICTION FACTOR . . . . . . . . . . . . . .   0.000000000000    
    VARIABLE GAP FLAG . . . . . . . . . . . . .                2
    MINIMUM GAP . . . . . . . . . . . . . . . .   0.000000000000    
    MAXIMUM GAP (= 0. <=> NO MAXIMUM GAP) . . .  1.0000000000000E+30
    %MESHSIZE TAKEN INTO ACCOUNT FOR            
    CALCULATION OF MAXIMUM GAP(IGAP = 3). . . .   0.000000000000    
    FLAGREMNODE : NOT CONSIDER NEIGHBORING      
    NODES IN CASE OF ELEMENT SIZE < GAP VALUE .                1
    DE-ACTIVATION FLAG IF CONFLICT W/ TYPE2 . .                3
    GAP SCALE FACTOR. . . . . . . . . . . . . .   1.000000000000    
    START TIME. . . . . . . . . . . . . . . . .   0.000000000000    
    STOP TIME . . . . . . . . . . . . . . . . .  1.0000000000000E+30
    BUCKET FACTOR . . . . . . . . . . . . . . .  0.2000000000000    
    DE-ACTIVATION OF INITIAL PENETRATIONS . . .             1000
    MAXIMUM INITIAL PENETRATION FACTOR. . . . .   0.000000000000    
    CRITICAL DAMPING FACTOR . . . . . . . . . .  5.0000000000000E-02
    FRICTION CRITICAL DAMPING FACTOR. . . . . .   0.000000000000    
    QUADRATIC DAMPING FLAG. . . . . . . . . . .                0
    FORMULATION LEVEL . . . . . . . . . . . . .                0
    MEAN POSSIBLE NUMBER OF IMPACT/NODE . . . .                4

    DELETION FLAG ON FAILURE OF MAIN ELEMENT (1:YES-ALL/2:YES-ANY) :     2

    FRICTION FORMULATION: TOTAL (VISCOUS) FORMULATION
    FRICTION FILTERING FLAG. . . . . . . . .          0
    FILTERING FACTOR . . . . . . . . . . . .   0.000000000000    

    FRICTION MODEL 0 (Coulomb Law) :
      FRICTION COEFFICIENT . . . . . . . . .   0.000000000000    

      SECONDARY SURFACE INPUT BY NODES
      MAIN SURFACE INPUT BY SEGMENTS


 INTERFACE NUMBER. . . . . . . . . . . . . .         1
 INTERFACE TYPE. . . . . . . . . . . . . . .     7

  GAP MIN =   7.937500000000    
  POSSIBLE IMPACT NUMBER:           0  (<=           1 *NSN)


 INTERFACE NUMBER. . . . . . . . . . . . . .         2
 INTERFACE TYPE. . . . . . . . . . . . . . .     7

  GAP MIN =   18.60790000000    
  POSSIBLE IMPACT NUMBER:           0  (<=           1 *NSN)


 INTERFACE NUMBER. . . . . . . . . . . . . .         3
 INTERFACE TYPE. . . . . . . . . . . . . . .     7

  GAP MIN =   25.00000000000    
  POSSIBLE IMPACT NUMBER:           0  (<=           1 *NSN)
 
 --------------------------------------
 NEW DOMAIN DECOMPOSITION FOR OPTIMIZATION
 --------------------------------------
 
 DOMAIN DECOMPOSITION USING MULTILEVEL KWAY
 ------------------------------------------
 DOMAIN DECOMPOSITION OPTIMIZED FOR PARALLEL ARITHMETIC ON
 DOMAIN DECOMPOSITION : OPTIMIZED FOR BROADWELL PROCESSOR

    INTERFACES               
  --------------             



   INTERFACE NUMBER :         1 PROJECTILE_TO_FACADE_DEFORMABLE_CONTACT


    TYPE==7   PARALLEL/AUTO IMPACTING           


    BOUND. COND. DELETED AFTER IMPACT . . . . . IN X DIR       0
       SECONDARY NODE  (1:YES 0:NO)                Y DIR       0
                                                   Z DIR       0
    STIFFNESS FACTOR. . . . . . . . . . . . . .   1.000000000000    
    STIFFNESS FORMULATION. .  . . . . . . . . .                4
 2,3,4,5 : STIFFNESS IS COMPUTED FROM STIFFNESS ON MAIN SIDE
                            AND STIFFNESS AT SECONDARY NODES
    1000 : STIFFNESS IS COMPUTED FROM STIFFNESS ON MAIN SIDE
    MINIMUM STIFFNESS. . . .  . . . . . . . . .   0.000000000000    
    MAXIMUM STIFFNESS. . . .  . . . . . . . . .  1.0000000000000E+30
    FRICTION FACTOR . . . . . . . . . . . . . .   0.000000000000    
    VARIABLE GAP FLAG . . . . . . . . . . . . .                2
    MINIMUM GAP . . . . . . . . . . . . . . . .   0.000000000000    
    MAXIMUM GAP (= 0. <=> NO MAXIMUM GAP) . . .  1.0000000000000E+30
    %MESHSIZE TAKEN INTO ACCOUNT FOR            
    CALCULATION OF MAXIMUM GAP(IGAP = 3). . . .   0.000000000000    
    FLAGREMNODE : NOT CONSIDER NEIGHBORING      
    NODES IN CASE OF ELEMENT SIZE < GAP VALUE .                1
    DE-ACTIVATION FLAG IF CONFLICT W/ TYPE2 . .                3
    GAP SCALE FACTOR. . . . . . . . . . . . . .   1.000000000000    
    START TIME. . . . . . . . . . . . . . . . .   0.000000000000    
    STOP TIME . . . . . . . . . . . . . . . . .  1.0000000000000E+30
    BUCKET FACTOR . . . . . . . . . . . . . . .  0.2000000000000    
    DE-ACTIVATION OF INITIAL PENETRATIONS . . .             1000
    MAXIMUM INITIAL PENETRATION FACTOR. . . . .   0.000000000000    
    CRITICAL DAMPING FACTOR . . . . . . . . . .  5.0000000000000E-02
    FRICTION CRITICAL DAMPING FACTOR. . . . . .   0.000000000000    
    QUADRATIC DAMPING FLAG. . . . . . . . . . .                0
    FORMULATION LEVEL . . . . . . . . . . . . .                0
    MEAN POSSIBLE NUMBER OF IMPACT/NODE . . . .                4

    DELETION FLAG ON FAILURE OF MAIN ELEMENT (1:YES-ALL/2:YES-ANY) :     2

    FRICTION FORMULATION: TOTAL (VISCOUS) FORMULATION
    FRICTION FILTERING FLAG. . . . . . . . .          0
    FILTERING FACTOR . . . . . . . . . . . .   0.000000000000    

    FRICTION MODEL 0 (Coulomb Law) :
      FRICTION COEFFICIENT . . . . . . . . .   0.000000000000    

      SECONDARY SURFACE INPUT BY NODES
      MAIN SURFACE INPUT BY SEGMENTS

    INTERFACES               
  --------------             



   INTERFACE NUMBER :         2 CORE_NODES_TO_COWLING_SURFACE


    TYPE==7   PARALLEL/AUTO IMPACTING           


    BOUND. COND. DELETED AFTER IMPACT . . . . . IN X DIR       0
       SECONDARY NODE  (1:YES 0:NO)                Y DIR       0
                                                   Z DIR       0
    STIFFNESS FACTOR. . . . . . . . . . . . . .   1.000000000000    
    STIFFNESS FORMULATION. .  . . . . . . . . .                4
 2,3,4,5 : STIFFNESS IS COMPUTED FROM STIFFNESS ON MAIN SIDE
                            AND STIFFNESS AT SECONDARY NODES
    1000 : STIFFNESS IS COMPUTED FROM STIFFNESS ON MAIN SIDE
    MINIMUM STIFFNESS. . . .  . . . . . . . . .   0.000000000000    
    MAXIMUM STIFFNESS. . . .  . . . . . . . . .  1.0000000000000E+30
    FRICTION FACTOR . . . . . . . . . . . . . .   0.000000000000    
    VARIABLE GAP FLAG . . . . . . . . . . . . .                2
    MINIMUM GAP . . . . . . . . . . . . . . . .   0.000000000000    
    MAXIMUM GAP (= 0. <=> NO MAXIMUM GAP) . . .  1.0000000000000E+30
    %MESHSIZE TAKEN INTO ACCOUNT FOR            
    CALCULATION OF MAXIMUM GAP(IGAP = 3). . . .   0.000000000000    
    FLAGREMNODE : NOT CONSIDER NEIGHBORING      
    NODES IN CASE OF ELEMENT SIZE < GAP VALUE .                1
    DE-ACTIVATION FLAG IF CONFLICT W/ TYPE2 . .                3
    GAP SCALE FACTOR. . . . . . . . . . . . . .   1.000000000000    
    START TIME. . . . . . . . . . . . . . . . .   0.000000000000    
    STOP TIME . . . . . . . . . . . . . . . . .  1.0000000000000E+30
    BUCKET FACTOR . . . . . . . . . . . . . . .  0.2000000000000    
    DE-ACTIVATION OF INITIAL PENETRATIONS . . .             1000
    MAXIMUM INITIAL PENETRATION FACTOR. . . . .   0.000000000000    
    CRITICAL DAMPING FACTOR . . . . . . . . . .  5.0000000000000E-02
    FRICTION CRITICAL DAMPING FACTOR. . . . . .   0.000000000000    
    QUADRATIC DAMPING FLAG. . . . . . . . . . .                0
    FORMULATION LEVEL . . . . . . . . . . . . .                0
    MEAN POSSIBLE NUMBER OF IMPACT/NODE . . . .                4

    DELETION FLAG ON FAILURE OF MAIN ELEMENT (1:YES-ALL/2:YES-ANY) :     2

    FRICTION FORMULATION: TOTAL (VISCOUS) FORMULATION
    FRICTION FILTERING FLAG. . . . . . . . .          0
    FILTERING FACTOR . . . . . . . . . . . .   0.000000000000    

    FRICTION MODEL 0 (Coulomb Law) :
      FRICTION COEFFICIENT . . . . . . . . .   0.000000000000    

      SECONDARY SURFACE INPUT BY NODES
      MAIN SURFACE INPUT BY SEGMENTS

    INTERFACES               
  --------------             



   INTERFACE NUMBER :         3 COWLING_NODES_TO_CORE_SURFACE


    TYPE==7   PARALLEL/AUTO IMPACTING           


    BOUND. COND. DELETED AFTER IMPACT . . . . . IN X DIR       0
       SECONDARY NODE  (1:YES 0:NO)                Y DIR       0
                                                   Z DIR       0
    STIFFNESS FACTOR. . . . . . . . . . . . . .   1.000000000000    
    STIFFNESS FORMULATION. .  . . . . . . . . .                4
 2,3,4,5 : STIFFNESS IS COMPUTED FROM STIFFNESS ON MAIN SIDE
                            AND STIFFNESS AT SECONDARY NODES
    1000 : STIFFNESS IS COMPUTED FROM STIFFNESS ON MAIN SIDE
    MINIMUM STIFFNESS. . . .  . . . . . . . . .   0.000000000000    
    MAXIMUM STIFFNESS. . . .  . . . . . . . . .  1.0000000000000E+30
    FRICTION FACTOR . . . . . . . . . . . . . .   0.000000000000    
    VARIABLE GAP FLAG . . . . . . . . . . . . .                2
    MINIMUM GAP . . . . . . . . . . . . . . . .   0.000000000000    
    MAXIMUM GAP (= 0. <=> NO MAXIMUM GAP) . . .  1.0000000000000E+30
    %MESHSIZE TAKEN INTO ACCOUNT FOR            
    CALCULATION OF MAXIMUM GAP(IGAP = 3). . . .   0.000000000000    
    FLAGREMNODE : NOT CONSIDER NEIGHBORING      
    NODES IN CASE OF ELEMENT SIZE < GAP VALUE .                1
    DE-ACTIVATION FLAG IF CONFLICT W/ TYPE2 . .                3
    GAP SCALE FACTOR. . . . . . . . . . . . . .   1.000000000000    
    START TIME. . . . . . . . . . . . . . . . .   0.000000000000    
    STOP TIME . . . . . . . . . . . . . . . . .  1.0000000000000E+30
    BUCKET FACTOR . . . . . . . . . . . . . . .  0.2000000000000    
    DE-ACTIVATION OF INITIAL PENETRATIONS . . .             1000
    MAXIMUM INITIAL PENETRATION FACTOR. . . . .   0.000000000000    
    CRITICAL DAMPING FACTOR . . . . . . . . . .  5.0000000000000E-02
    FRICTION CRITICAL DAMPING FACTOR. . . . . .   0.000000000000    
    QUADRATIC DAMPING FLAG. . . . . . . . . . .                0
    FORMULATION LEVEL . . . . . . . . . . . . .                0
    MEAN POSSIBLE NUMBER OF IMPACT/NODE . . . .                4

    DELETION FLAG ON FAILURE OF MAIN ELEMENT (1:YES-ALL/2:YES-ANY) :     2

    FRICTION FORMULATION: TOTAL (VISCOUS) FORMULATION
    FRICTION FILTERING FLAG. . . . . . . . .          0
    FILTERING FACTOR . . . . . . . . . . . .   0.000000000000    

    FRICTION MODEL 0 (Coulomb Law) :
      FRICTION COEFFICIENT . . . . . . . . .   0.000000000000    

      SECONDARY SURFACE INPUT BY NODES
      MAIN SURFACE INPUT BY SEGMENTS


 INTERFACE NUMBER. . . . . . . . . . . . . .         1
 INTERFACE TYPE. . . . . . . . . . . . . . .     7

  GAP MIN =   7.937500000000    

WARNING ID :    477
** WARNING IN INTERFACE GAP
DESCRIPTION :  
   -- INTERFACE ID: 1
   -- INTERFACE TITLE: PROJECTILE_TO_FACADE_DEFORMABLE_CONTACT
   MAXIMUM VARIABLE GAP 30.72710000000 > (MINIMUM MAIN ELEMENT EDGE LENGTH)/2
   FOR SELF CONTACTS WHERE THE VARIABLE GAP IS LARGE AND THE ELEMENT EDGE LENGTH IS SMALL
   ARTIFICIAL STIFFENING CAN OCCUR DURING ELEMENT COMPRESSION
SOLUTION :     
TO PREVENT THIS ISSUE, USE Igap=3 TO AUTOMATICALLY REDUCE THE GAP BASED ON ELEMENT SIZE
  POSSIBLE IMPACT NUMBER:           0  (<=           1 *NSN)


 INTERFACE NUMBER. . . . . . . . . . . . . .         2
 INTERFACE TYPE. . . . . . . . . . . . . . .     7

  GAP MIN =   18.60790000000    

WARNING ID :    477
** WARNING IN INTERFACE GAP
DESCRIPTION :  
   -- INTERFACE ID: 2
   -- INTERFACE TITLE: CORE_NODES_TO_COWLING_SURFACE
   MAXIMUM VARIABLE GAP 35.26855000000 > (MINIMUM MAIN ELEMENT EDGE LENGTH)/2
   FOR SELF CONTACTS WHERE THE VARIABLE GAP IS LARGE AND THE ELEMENT EDGE LENGTH IS SMALL
   ARTIFICIAL STIFFENING CAN OCCUR DURING ELEMENT COMPRESSION
SOLUTION :     
TO PREVENT THIS ISSUE, USE Igap=3 TO AUTOMATICALLY REDUCE THE GAP BASED ON ELEMENT SIZE
  POSSIBLE IMPACT NUMBER:           0  (<=           1 *NSN)


 INTERFACE NUMBER. . . . . . . . . . . . . .         3
 INTERFACE TYPE. . . . . . . . . . . . . . .     7

  GAP MIN =   25.00000000000    

WARNING ID :    477
** WARNING IN INTERFACE GAP
DESCRIPTION :  
   -- INTERFACE ID: 3
   -- INTERFACE TITLE: COWLING_NODES_TO_CORE_SURFACE
   MAXIMUM VARIABLE GAP 35.26855000000 > (MINIMUM MAIN ELEMENT EDGE LENGTH)/2
   FOR SELF CONTACTS WHERE THE VARIABLE GAP IS LARGE AND THE ELEMENT EDGE LENGTH IS SMALL
   ARTIFICIAL STIFFENING CAN OCCUR DURING ELEMENT COMPRESSION
SOLUTION :     
TO PREVENT THIS ISSUE, USE Igap=3 TO AUTOMATICALLY REDUCE THE GAP BASED ON ELEMENT SIZE
  POSSIBLE IMPACT NUMBER:           0  (<=           1 *NSN)



 SHELL GROUP         1 VECTORIZATION CODE =    0
 SHELL GROUP         2 VECTORIZATION CODE =    0
 SHELL GROUP         3 VECTORIZATION CODE =    0
 SHELL GROUP         4 VECTORIZATION CODE =    0
 SHELL GROUP         5 VECTORIZATION CODE =    0
 SHELL GROUP         6 VECTORIZATION CODE =    0
 SHELL GROUP         7 VECTORIZATION CODE =    0
 SHELL GROUP         8 VECTORIZATION CODE =    0
 SHELL GROUP         9 VECTORIZATION CODE =    0
 SHELL GROUP        10 VECTORIZATION CODE =    0
 SHELL GROUP        11 VECTORIZATION CODE =    0
 SHELL GROUP        12 VECTORIZATION CODE =    0
 SHELL GROUP        13 VECTORIZATION CODE =    0
 SHELL GROUP        14 VECTORIZATION CODE =    0
 SHELL GROUP        15 VECTORIZATION CODE =    0
 SHELL GROUP        16 VECTORIZATION CODE =    0
 SHELL GROUP        17 VECTORIZATION CODE =    0
 SHELL GROUP        18 VECTORIZATION CODE =    0
 SHELL GROUP        19 VECTORIZATION CODE =    0
 SHELL GROUP        20 VECTORIZATION CODE =    0
 SHELL GROUP        21 VECTORIZATION CODE =    0
 SHELL GROUP        22 VECTORIZATION CODE =    0
 SHELL GROUP        23 VECTORIZATION CODE =    0
 SHELL GROUP        24 VECTORIZATION CODE =    0
 SHELL GROUP        25 VECTORIZATION CODE =    0
 SHELL GROUP        26 VECTORIZATION CODE =    0
 SHELL GROUP        27 VECTORIZATION CODE =    0
 SHELL GROUP        28 VECTORIZATION CODE =    0
 SHELL GROUP        29 VECTORIZATION CODE =    0
 SHELL GROUP        30 VECTORIZATION CODE =    0
 SHELL GROUP        31 VECTORIZATION CODE =    0
 SHELL GROUP        32 VECTORIZATION CODE =    0
 SHELL GROUP        33 VECTORIZATION CODE =    0
 SHELL GROUP        34 VECTORIZATION CODE =    0
 SHELL GROUP        35 VECTORIZATION CODE =    0
 SHELL GROUP        36 VECTORIZATION CODE =    0
 SHELL GROUP        37 VECTORIZATION CODE =    0
 SHELL GROUP        38 VECTORIZATION CODE =    0
 SHELL GROUP        39 VECTORIZATION CODE =    0
 SHELL GROUP        40 VECTORIZATION CODE =    0
 SHELL GROUP        41 VECTORIZATION CODE =    0
 SHELL GROUP        42 VECTORIZATION CODE =    0
 SHELL GROUP        43 VECTORIZATION CODE =    0
 SHELL GROUP        44 VECTORIZATION CODE =    0
 SHELL GROUP        45 VECTORIZATION CODE =    0
 SHELL GROUP        46 VECTORIZATION CODE =    0
 SHELL GROUP        47 VECTORIZATION CODE =    0
 SHELL GROUP        48 VECTORIZATION CODE =    0
 SHELL GROUP        49 VECTORIZATION CODE =    0
 SHELL GROUP        50 VECTORIZATION CODE =    0
 SHELL GROUP        51 VECTORIZATION CODE =    0
 SHELL GROUP        52 VECTORIZATION CODE =    0
 SHELL GROUP        53 VECTORIZATION CODE =    0
 SHELL GROUP        54 VECTORIZATION CODE =    0
 SHELL GROUP        55 VECTORIZATION CODE =    0
 SHELL GROUP        56 VECTORIZATION CODE =    0
 SHELL GROUP        57 VECTORIZATION CODE =    0
 SHELL GROUP        58 VECTORIZATION CODE =    0
 SHELL GROUP        59 VECTORIZATION CODE =    0
 SHELL GROUP        60 VECTORIZATION CODE =    0
 SHELL GROUP        61 VECTORIZATION CODE =    0
 SHELL GROUP        62 VECTORIZATION CODE =    0
 SHELL GROUP        63 VECTORIZATION CODE =    0
 SHELL GROUP        64 VECTORIZATION CODE =    0
 SHELL GROUP        65 VECTORIZATION CODE =    0
 SHELL GROUP        66 VECTORIZATION CODE =    0
 SHELL GROUP        67 VECTORIZATION CODE =    0
 SHELL GROUP        68 VECTORIZATION CODE =    0
 SHELL GROUP        69 VECTORIZATION CODE =    0
 SHELL GROUP        70 VECTORIZATION CODE =    0
 SHELL GROUP        71 VECTORIZATION CODE =    0
 SHELL GROUP        72 VECTORIZATION CODE =    0
 SHELL GROUP        73 VECTORIZATION CODE =    0
 SHELL GROUP        74 VECTORIZATION CODE =    0
 SHELL GROUP        75 VECTORIZATION CODE =    0
 SHELL GROUP        76 VECTORIZATION CODE =    0
 SHELL GROUP        77 VECTORIZATION CODE =    0
 SHELL GROUP        78 VECTORIZATION CODE =    0
 SHELL GROUP        79 VECTORIZATION CODE =    0
 SHELL GROUP        80 VECTORIZATION CODE =    0
 SHELL GROUP        81 VECTORIZATION CODE =    0
 SHELL GROUP        82 VECTORIZATION CODE =    0
 SHELL GROUP        83 VECTORIZATION CODE =    0
 SHELL GROUP        84 VECTORIZATION CODE =    0
 SHELL GROUP        85 VECTORIZATION CODE =    0
 SHELL GROUP        86 VECTORIZATION CODE =    0
 SHELL GROUP        87 VECTORIZATION CODE =    0
 SHELL GROUP        88 VECTORIZATION CODE =    0
 SHELL GROUP        89 VECTORIZATION CODE =    0
 SHELL GROUP        90 VECTORIZATION CODE =    0
 SHELL GROUP        91 VECTORIZATION CODE =    0
 SHELL GROUP        92 VECTORIZATION CODE =    0
 SHELL GROUP        93 VECTORIZATION CODE =    0
 SHELL GROUP        94 VECTORIZATION CODE =    0
 SHELL GROUP        95 VECTORIZATION CODE =    0
 SHELL GROUP        96 VECTORIZATION CODE =    0
 SHELL GROUP        97 VECTORIZATION CODE =    0
 SHELL GROUP        98 VECTORIZATION CODE =    0
 SHELL GROUP        99 VECTORIZATION CODE =    0
 SHELL GROUP       100 VECTORIZATION CODE =    0
 SHELL GROUP       101 VECTORIZATION CODE =    0
 SHELL GROUP       102 VECTORIZATION CODE =    0
 SHELL GROUP       103 VECTORIZATION CODE =    0
 SHELL GROUP       104 VECTORIZATION CODE =    0
 SHELL GROUP       105 VECTORIZATION CODE =    0
 SHELL GROUP       106 VECTORIZATION CODE =    0
 SHELL GROUP       107 VECTORIZATION CODE =    0
 SHELL GROUP       108 VECTORIZATION CODE =    0
 SHELL GROUP       109 VECTORIZATION CODE =    0
 SHELL GROUP       110 VECTORIZATION CODE =    0
 SHELL GROUP       111 VECTORIZATION CODE =    0
 SHELL GROUP       112 VECTORIZATION CODE =    0
 SHELL GROUP       113 VECTORIZATION CODE =    0
 SHELL GROUP       114 VECTORIZATION CODE =    0
 SHELL GROUP       115 VECTORIZATION CODE =    0
 SHELL GROUP       116 VECTORIZATION CODE =    0
 SHELL GROUP       117 VECTORIZATION CODE =    0
 SHELL GROUP       118 VECTORIZATION CODE =    0
 SHELL GROUP       119 VECTORIZATION CODE =    0
 SHELL GROUP       120 VECTORIZATION CODE =    0
 SHELL GROUP       121 VECTORIZATION CODE =    0
 SHELL GROUP       122 VECTORIZATION CODE =    0
 SHELL GROUP       123 VECTORIZATION CODE =    0
 SHELL GROUP       124 VECTORIZATION CODE =    0
 SHELL GROUP       125 VECTORIZATION CODE =    0
 SHELL GROUP       126 VECTORIZATION CODE =    0
 SHELL GROUP       127 VECTORIZATION CODE =    0
 SHELL GROUP       128 VECTORIZATION CODE =    0
 SHELL GROUP       129 VECTORIZATION CODE =    0
 SHELL GROUP       130 VECTORIZATION CODE =    0
 SHELL GROUP       131 VECTORIZATION CODE =    0
 SHELL GROUP       132 VECTORIZATION CODE =    0
 SHELL GROUP       133 VECTORIZATION CODE =    0
 SHELL GROUP       134 VECTORIZATION CODE =    0
 SHELL GROUP       135 VECTORIZATION CODE =    0
 SHELL GROUP       136 VECTORIZATION CODE =    0
 SHELL GROUP       137 VECTORIZATION CODE =    0
 SHELL GROUP       138 VECTORIZATION CODE =    0
 SHELL GROUP       139 VECTORIZATION CODE =    0
 SHELL GROUP       140 VECTORIZATION CODE =    0
 SHELL GROUP       141 VECTORIZATION CODE =    0
 SHELL GROUP       142 VECTORIZATION CODE =    0
 SHELL GROUP       143 VECTORIZATION CODE =    0
 SHELL GROUP       144 VECTORIZATION CODE =    0
 SHELL GROUP       145 VECTORIZATION CODE =    0
 SHELL GROUP       146 VECTORIZATION CODE =    0
 SHELL GROUP       147 VECTORIZATION CODE =    0
 SHELL GROUP       148 VECTORIZATION CODE =    0
 SHELL GROUP       149 VECTORIZATION CODE =    0
 SHELL GROUP       150 VECTORIZATION CODE =    0
 SHELL GROUP       151 VECTORIZATION CODE =    0
 SHELL GROUP       152 VECTORIZATION CODE =    0
 SHELL GROUP       153 VECTORIZATION CODE =    0
 SHELL GROUP       154 VECTORIZATION CODE =    0
 SHELL GROUP       155 VECTORIZATION CODE =    0
 SHELL GROUP       156 VECTORIZATION CODE =    0
 SHELL GROUP       157 VECTORIZATION CODE =    0
 SHELL GROUP       158 VECTORIZATION CODE =    0
 SHELL GROUP       159 VECTORIZATION CODE =    0
 SHELL GROUP       160 VECTORIZATION CODE =    0
 SHELL GROUP       161 VECTORIZATION CODE =    0
 SHELL GROUP       162 VECTORIZATION CODE =    0
 SHELL GROUP       163 VECTORIZATION CODE =    0
 SHELL GROUP       164 VECTORIZATION CODE =    0
 SHELL GROUP       165 VECTORIZATION CODE =    0
 SHELL GROUP       166 VECTORIZATION CODE =    0
 SHELL GROUP       167 VECTORIZATION CODE =    0
 SHELL GROUP       168 VECTORIZATION CODE =    0
 SHELL GROUP       169 VECTORIZATION CODE =    0
 SHELL GROUP       170 VECTORIZATION CODE =    0
 SHELL GROUP       171 VECTORIZATION CODE =    0
 SHELL GROUP       172 VECTORIZATION CODE =    0
 SHELL GROUP       173 VECTORIZATION CODE =    0
 SHELL GROUP       174 VECTORIZATION CODE =    0
 SHELL GROUP       175 VECTORIZATION CODE =    0
 SHELL GROUP       176 VECTORIZATION CODE =    0
 SHELL GROUP       177 VECTORIZATION CODE =    0
 SHELL GROUP       178 VECTORIZATION CODE =    0
 SHELL GROUP       179 VECTORIZATION CODE =    0
 SHELL GROUP       180 VECTORIZATION CODE =    0
 SHELL GROUP       181 VECTORIZATION CODE =    0
 SHELL GROUP       182 VECTORIZATION CODE =    0
 SHELL GROUP       183 VECTORIZATION CODE =    0
 SHELL GROUP       184 VECTORIZATION CODE =    0
 SHELL GROUP       185 VECTORIZATION CODE =    0
 SHELL GROUP       186 VECTORIZATION CODE =    0
 SHELL GROUP       187 VECTORIZATION CODE =    0
 SHELL GROUP       188 VECTORIZATION CODE =    0
 SHELL GROUP       189 VECTORIZATION CODE =    0
 SHELL GROUP       190 VECTORIZATION CODE =    0
 SHELL GROUP       191 VECTORIZATION CODE =    0
 SHELL GROUP       192 VECTORIZATION CODE =    0
 SHELL GROUP       193 VECTORIZATION CODE =    0
 SHELL GROUP       194 VECTORIZATION CODE =    0
 SHELL GROUP       195 VECTORIZATION CODE =    0
 SHELL GROUP       196 VECTORIZATION CODE =    0
 SHELL GROUP       197 VECTORIZATION CODE =    0
 SHELL GROUP       198 VECTORIZATION CODE =    0
 SHELL GROUP       199 VECTORIZATION CODE =    0
 SHELL GROUP       200 VECTORIZATION CODE =    0
 SHELL GROUP       201 VECTORIZATION CODE =    0
 SHELL GROUP       202 VECTORIZATION CODE =    0
 SHELL GROUP       203 VECTORIZATION CODE =    0
 SHELL GROUP       204 VECTORIZATION CODE =    0
 SHELL GROUP       205 VECTORIZATION CODE =    0
 SHELL GROUP       206 VECTORIZATION CODE =    0
 SHELL GROUP       207 VECTORIZATION CODE =    0
 SHELL GROUP       208 VECTORIZATION CODE =    0
 SHELL GROUP       209 VECTORIZATION CODE =    0
 SHELL GROUP       210 VECTORIZATION CODE =    0
 SHELL GROUP       211 VECTORIZATION CODE =    1
 SHELL GROUP       212 VECTORIZATION CODE =    0
 SHELL GROUP       213 VECTORIZATION CODE =    0
 SHELL GROUP       214 VECTORIZATION CODE =    0
 SHELL GROUP       215 VECTORIZATION CODE =    0
 SHELL GROUP       216 VECTORIZATION CODE =    0
 SHELL GROUP       217 VECTORIZATION CODE =    0
 SHELL GROUP       218 VECTORIZATION CODE =    0
 SHELL GROUP       219 VECTORIZATION CODE =    0
 SHELL GROUP       220 VECTORIZATION CODE =    0
 SHELL GROUP       221 VECTORIZATION CODE =    0
 SHELL GROUP       222 VECTORIZATION CODE =    0
 SHELL GROUP       223 VECTORIZATION CODE =    0
 SHELL GROUP       224 VECTORIZATION CODE =    0
 SHELL GROUP       225 VECTORIZATION CODE =    0
 SHELL GROUP       226 VECTORIZATION CODE =    0
 SHELL GROUP       227 VECTORIZATION CODE =    0
 SHELL GROUP       228 VECTORIZATION CODE =    0
 SHELL GROUP       229 VECTORIZATION CODE =    0
 SHELL GROUP       230 VECTORIZATION CODE =    0
 SHELL GROUP       231 VECTORIZATION CODE =    0
 SHELL GROUP       232 VECTORIZATION CODE =    0
 SHELL GROUP       233 VECTORIZATION CODE =    0
 SHELL GROUP       234 VECTORIZATION CODE =    8
 SHELL GROUP       235 VECTORIZATION CODE =    0
 SHELL GROUP       236 VECTORIZATION CODE =    0
 SHELL GROUP       237 VECTORIZATION CODE =   12
 SHELL GROUP       238 VECTORIZATION CODE =   12
 SHELL GROUP       239 VECTORIZATION CODE =    8
 SHELL GROUP       240 VECTORIZATION CODE =    8
 SHELL GROUP       241 VECTORIZATION CODE =    8
 SHELL GROUP       242 VECTORIZATION CODE =    8
 SHELL GROUP       243 VECTORIZATION CODE =    8
 SHELL GROUP       244 VECTORIZATION CODE =    8
 SHELL GROUP       245 VECTORIZATION CODE =    8
 SHELL GROUP       246 VECTORIZATION CODE =    8
 SHELL GROUP       247 VECTORIZATION CODE =    8
 SHELL GROUP       248 VECTORIZATION CODE =    8
 SHELL GROUP       249 VECTORIZATION CODE =    8
 SHELL GROUP       250 VECTORIZATION CODE =    8
 SHELL GROUP       251 VECTORIZATION CODE =    8
 SHELL GROUP       252 VECTORIZATION CODE =    8
 SHELL GROUP       253 VECTORIZATION CODE =    8
 SHELL GROUP       254 VECTORIZATION CODE =    8
 SHELL GROUP       255 VECTORIZATION CODE =    8
 SHELL GROUP       256 VECTORIZATION CODE =    8
 SHELL GROUP       257 VECTORIZATION CODE =    8
 SHELL GROUP       258 VECTORIZATION CODE =    8
 SHELL GROUP       259 VECTORIZATION CODE =    0
 SHELL GROUP       260 VECTORIZATION CODE =    8
 SHELL GROUP       261 VECTORIZATION CODE =    0
 SHELL GROUP       262 VECTORIZATION CODE =    8
 SHELL GROUP       263 VECTORIZATION CODE =    0
 SHELL GROUP       264 VECTORIZATION CODE =    8
 SHELL GROUP       265 VECTORIZATION CODE =    8
 SHELL GROUP       266 VECTORIZATION CODE =    0
 SHELL GROUP       267 VECTORIZATION CODE =    8
 SHELL GROUP       268 VECTORIZATION CODE =    8
 SHELL GROUP       269 VECTORIZATION CODE =    0
 SHELL GROUP       270 VECTORIZATION CODE =    8
 SHELL GROUP       271 VECTORIZATION CODE =    8
 SHELL GROUP       272 VECTORIZATION CODE =    0
 SHELL GROUP       273 VECTORIZATION CODE =    8
 SHELL GROUP       274 VECTORIZATION CODE =    0
 SHELL GROUP       275 VECTORIZATION CODE =    8
 SHELL GROUP       276 VECTORIZATION CODE =    8
 SHELL GROUP       277 VECTORIZATION CODE =    0
 SHELL GROUP       278 VECTORIZATION CODE =    8
 SHELL GROUP       279 VECTORIZATION CODE =    8
 SHELL GROUP       280 VECTORIZATION CODE =    8
 SHELL GROUP       281 VECTORIZATION CODE =    8
 SHELL GROUP       282 VECTORIZATION CODE =    8
 SHELL GROUP       283 VECTORIZATION CODE =    8
 SHELL GROUP       284 VECTORIZATION CODE =    8
 SHELL GROUP       285 VECTORIZATION CODE =   12
 SHELL GROUP       286 VECTORIZATION CODE =    4
 SHELL GROUP       287 VECTORIZATION CODE =    4
 SHELL GROUP       288 VECTORIZATION CODE =    4
 SHELL GROUP       289 VECTORIZATION CODE =    4
 SHELL GROUP       290 VECTORIZATION CODE =    4
 SHELL GROUP       291 VECTORIZATION CODE =    4
 SHELL GROUP       292 VECTORIZATION CODE =    0
 SHELL GROUP       293 VECTORIZATION CODE =    0
 SHELL GROUP       294 VECTORIZATION CODE =    0
 SHELL GROUP       295 VECTORIZATION CODE =    0
 SHELL GROUP       296 VECTORIZATION CODE =    0


PART MASS & INERTIA
-------------------


PART :          1, FACADE_COLUMN_SHELLS
            Mass             Ixx             Iyy             Izz             Ixy             Iyz             Izx
  2.92123669E+06  2.93740846E+13  2.13495063E+12  3.13843940E+13 -8.13007355E-05 -2.16387911E-04 -2.02396244E-05
               X               Y               Z     Kin. Energy              Vx              Vy              Vz
  5.60808586E-14  1.04370772E-12 -1.77800000E+02  0.00000000E+00  0.00000000E+00  0.00000000E+00  0.00000000E+00

PART :          2, FACADE_SPANDREL_SHELLS
            Mass             Ixx             Iyy             Izz             Ixy             Iyz             Izx
  8.89122436E+05  8.05960276E+12  1.43871350E+12  9.49813424E+12 -2.55584717E-04  0.00000000E+00  0.00000000E+00
               X               Y               Z     Kin. Energy              Vx              Vy              Vz
  1.43567854E-13 -4.77250186E-13  0.00000000E+00  0.00000000E+00  0.00000000E+00  0.00000000E+00  0.00000000E+00

PART :          3, DEFORMABLE_ENGINE_CORE_EQUIVALENT
            Mass             Ixx             Iyy             Izz             Ixy             Iyz             Izx
  3.60000218E+06  2.08585617E+12  2.08585617E+12  8.86069732E+11  6.26780093E-06  5.43007627E-05 -1.60564668E-05
               X               Y               Z     Kin. Energy              Vx              Vy              Vz
  3.71882053E-15  4.46258464E-15  1.30000000E+03  7.05893412E+10  0.00000000E+00  0.00000000E+00 -1.98031000E+02

PART :          4, DEFORMABLE_COWLING_EQUIVALENT
            Mass             Ixx             Iyy             Izz             Ixy             Iyz             Izx
  9.58604576E+05  1.03955076E+12  1.03955076E+12  1.00882709E+12 -2.98023224E-08  2.36151391E-04  4.89453300E-04
               X               Y               Z     Kin. Energy              Vx              Vy              Vz
  4.03401574E-13  2.07575567E-13  1.18679245E+03  1.87964513E+10  0.00000000E+00  0.00000000E+00 -1.98031000E+02


PART ELEMENT/MATERIAL PARAMETER REVIEW:
-----------------------

Part id,name:         1 FACADE_COLUMN_SHELLS   Mat type:   2 Elm type: SHELL-4nodes           
----
  Ishell  Ismstr   Idril     NPT    ITHK   IPLAS    IPOS
      24       2       2       5       0       0       0
--      hm        hf        hr        dm        dn
    0.0000    0.0000    0.0000    0.0150    0.0150

Part id,name:         2 FACADE_SPANDREL_SHEL   Mat type:   2 Elm type: SHELL-4nodes           
----
  Ishell  Ismstr   Idril     NPT    ITHK   IPLAS    IPOS
      24       2       2       5       0       0       0
--      hm        hf        hr        dm        dn
    0.0000    0.0000    0.0000    0.0150    0.0150

Part id,name:         3 DEFORMABLE_ENGINE_CO   Mat type:   2 Elm type: SHELL-4nodes           
----
  Ishell  Ismstr   Idril     NPT    ITHK   IPLAS    IPOS
      24       2       2       5       0       0       0
--      hm        hf        hr        dm        dn
    0.0000    0.0000    0.0000    0.0150    0.0150

Part id,name:         4 DEFORMABLE_COWLING_E   Mat type:   2 Elm type: SHELL-4nodes           
----
  Ishell  Ismstr   Idril     NPT    ITHK   IPLAS    IPOS
      24       2       2       5       0       0       0
--      hm        hf        hr        dm        dn
    0.0000    0.0000    0.0000    0.0150    0.0150



     TOTAL MASS AND MASS CENTER
     --------------------------
                     MASS                    X                    Y                    Z

       8368965.874732     -3.9582535809955E-13 -3.1507398388723E-13   633.0855808889    


     TOTAL INERTIA
     -------------
                      IXX                  IYY                  IZZ                  IXY                  IYZ                  IZX
      4.4731359087157E+13  1.0871335808163E+13  4.2777425105519E+13 -3.2157711684704E-03 -1.3946879476283E-03 -2.0666740810423E-03



      ADDED NODAL NON-STRUCTURAL MASSES 
     -----------------------------------

      TOTAL ADDED MASS =   0.000000000000    




     TOTAL ADDED NON-STRUCTURAL INERTIA
     ------------------

      TOTAL ADDED INERTIA =   0.000000000000    


 

         SHELL ELEMENTS TIME STEP
         ------------------------

      TIME STEP       ELEMENT NUMBER
  8.0148212072619E-03          20930
  8.0148212072619E-03              2
  8.0148212072619E-03           6663
  8.0148212072619E-03          14506
  8.0148212072619E-03          14514
  8.0148212072619E-03          14602
  8.0148212072619E-03          14279
  8.0148212072619E-03           6466
  8.0148212072619E-03          14351
  8.0148212072619E-03          14530
  8.0148212072619E-03          14538
  8.0148212072619E-03           6655
  8.0148212072619E-03          14554
  8.0148212072619E-03            367
  8.0148212072619E-03           6482
  8.0148212072619E-03          14482
  8.0148212072619E-03          20858
  8.0148212072619E-03          14466
  8.0148212072619E-03           6687
  8.0148212072619E-03            319
  8.0148212072619E-03          14415
  8.0148212072619E-03           6490
  8.0148212072619E-03          20922
  8.0148212072619E-03           6679
  8.0148212072619E-03          14562
  8.0148212072619E-03            122
  8.0148212072619E-03          14327
  8.0148212072619E-03             50
  8.0148212072619E-03          20743
  8.0148212072619E-03          14650
  8.0148212072619E-03             74
  8.0148212072619E-03            162
  8.0148212072619E-03            170
  8.0148212072619E-03          20946
  8.0148212072619E-03           6386
  8.0148212072619E-03           6418
  8.0148212072619E-03          20695
  8.0148212072619E-03          20759
  8.0148212072619E-03             66
  8.0148212072619E-03          14447
  8.0148212072619E-03            359
  8.0148212072619E-03           6583
  8.0148212072619E-03          14626
  8.0148212072619E-03           6394
  8.0148212072619E-03           6591
  8.0148212072619E-03          14399
  8.0148212072619E-03          20882
  8.0148212072619E-03          14343
  8.0148212072619E-03          14463
  8.0148212072619E-03           6567
  8.0148212072619E-03           6458
  8.0148212072619E-03          14295
  8.0148212072619E-03          14319
  8.0148212072619E-03           6631
  8.0148212072619E-03          14634
  8.0148212072619E-03           6370
  8.0148212072619E-03          20735
  8.0148212072619E-03           6434
  8.0148212072619E-03          14439
  8.0148212072619E-03          20815
  8.0148212072619E-03           6615
  8.0148212072619E-03          20767
  8.0148212072619E-03          21002
  8.0148212072619E-03          20834
  8.0148212072619E-03            295
  8.0148212072619E-03          20898
  8.0148212072619E-03          20791
  8.0148212072619E-03           6711
  8.0148212072619E-03          20671
  8.0148212072619E-03            186
  8.0148212072619E-03          20831
  8.0148212072619E-03            271
  8.0148212072619E-03           6514
  8.0148212072619E-03            263
  8.0148212072619E-03            247
  8.0148212072619E-03          14375
  8.0148212072619E-03            138
  8.0148212072619E-03           6538
  8.0148212072619E-03             90
  8.0148212072619E-03          20711
  8.0148212072619E-03            383
  8.0148212072619E-03          21018
  8.0148212072619E-03            335
  8.0148212072619E-03          20783
  8.0148212072619E-03             18
  8.0148212072619E-03           6703
  8.0148212072619E-03           6751
  8.0148212072619E-03          20970
  8.0148212072619E-03           6735
  8.0148212072619E-03          20647
  8.0148212072619E-03            239
  8.0148212072619E-03            287
  8.0148212072619E-03           6554
  8.0148212072619E-03            215
  8.0148212072619E-03          14586
  8.0148212072619E-03            199
  8.0148212072619E-03          20663
  8.0148212072619E-03           6506
  8.0148212072619E-03          20850
  8.0148212072619E-03             42
  8.0148212072619E-03          14367
  8.0148212072619E-03          20978
  8.0148212072619E-03          20954
  8.0148212072619E-03             98
  8.0148212072619E-03           6390
  8.0148212072619E-03            192
  8.0148212072619E-03          21024
  8.0148212072619E-03           6561
  8.0148212072619E-03           6563
  8.0148212072619E-03          20862
  8.0148212072619E-03           6392
  8.0148212072619E-03            102
  8.0148212072619E-03          21022
  8.0148212072619E-03            104
  8.0148212072619E-03            361
  8.0148212072619E-03          20641
  8.0148212072619E-03          20643
  8.0148212072619E-03           6579
  8.0148212072619E-03           6577
  8.0148212072619E-03          20825
  8.0148212072619E-03            353
  8.0148212072619E-03          20864
  8.0148212072619E-03           6398
  8.0148212072619E-03            174
  8.0148212072619E-03          14289
  8.0148212072619E-03          20667
  8.0148212072619E-03          20856
  8.0148212072619E-03          20827
  8.0148212072619E-03          14291
  8.0148212072619E-03          20657
  8.0148212072619E-03          20854
  8.0148212072619E-03          20659
  8.0148212072619E-03          14315
  8.0148212072619E-03          14275
  8.0148212072619E-03          14273
  8.0148212072619E-03          20838
  8.0148212072619E-03          14313
  8.0148212072619E-03            176
  8.0148212072619E-03          20665
  8.0148212072619E-03            190
  8.0148212072619E-03          20840
  8.0148212072619E-03             96
  8.0148212072619E-03             94
  8.0148212072619E-03           6376
  8.0148212072619E-03           6374
  8.0148212072619E-03            363
  8.0148212072619E-03            168
  8.0148212072619E-03            355
  8.0148212072619E-03          20958
  8.0148212072619E-03            195
  8.0148212072619E-03           6697
  8.0148212072619E-03           6699
  8.0148212072619E-03           6747
  8.0148212072619E-03           6745
  8.0148212072619E-03           6512
  8.0148212072619E-03           6510
  8.0148212072619E-03            313
  8.0148212072619E-03            281
  8.0148212072619E-03            289
  8.0148212072619E-03          20982
  8.0148212072619E-03            265
  8.0148212072619E-03            257
  8.0148212072619E-03          20960
  8.0148212072619E-03            241
  8.0148212072619E-03            233
  8.0148212072619E-03            209
  8.0148212072619E-03           6681
  8.0148212072619E-03           6518
  8.0148212072619E-03           6520
  8.0148212072619E-03            144
  8.0148212072619E-03          20777
  8.0148212072619E-03            329
  8.0148212072619E-03          20974
  8.0148212072619E-03           6558
  8.0148212072619E-03          20976
  8.0148212072619E-03           6560
  8.0148212072619E-03           6729
  8.0148212072619E-03           6731
  8.0148212072619E-03          20785
  8.0148212072619E-03            142
  8.0148212072619E-03           6683
  8.0148212072619E-03          20787
  8.0148212072619E-03           6544
  8.0148212072619E-03           6542
  8.0148212072619E-03           6705
  8.0148212072619E-03           6707
  8.0148212072619E-03          20779
  8.0148212072619E-03          20984
  8.0148212072619E-03            193
  8.0148212072619E-03            315
  8.0148212072619E-03            291
  8.0148212072619E-03           6496
  8.0148212072619E-03           6438
  8.0148212072619E-03            377
  8.0148212072619E-03           6609
  8.0148212072619E-03           6611
  8.0148212072619E-03           6424
  8.0148212072619E-03          21008
  8.0148212072619E-03           6422
  8.0148212072619E-03            267
  8.0148212072619E-03            283
  8.0148212072619E-03            166
  8.0148212072619E-03            259
  8.0148212072619E-03           6585
  8.0148212072619E-03            243
  8.0148212072619E-03            235
  8.0148212072619E-03           6587
  8.0148212072619E-03          21006
  8.0148212072619E-03            211
  8.0148212072619E-03           6440
  8.0148212072619E-03           6627
  8.0148212072619E-03          20809
  8.0148212072619E-03           6625
  8.0148212072619E-03           6494
  8.0148212072619E-03            128
  8.0148212072619E-03           6673
  8.0148212072619E-03            126
  8.0148212072619E-03           6675
  8.0148212072619E-03           6488
  8.0148212072619E-03           6486
  8.0148212072619E-03           6659
  8.0148212072619E-03           6657
  8.0148212072619E-03           6400
  8.0148212072619E-03          20811
  8.0148212072619E-03           6472
  8.0148212072619E-03           6470
  8.0148212072619E-03           6649
  8.0148212072619E-03           6651
  8.0148212072619E-03           6464
  8.0148212072619E-03           6462
  8.0148212072619E-03            379
  8.0148212072619E-03            331
  8.0148212072619E-03          14510
  8.0148212072619E-03          14459
  8.0148212072619E-03          14542
  8.0148212072619E-03          14534
  8.0148212072619E-03          14518
  8.0148212072619E-03          20729
  8.0148212072619E-03          14363
  8.0148212072619E-03          20731
  8.0148212072619E-03          14486
  8.0148212072619E-03          14470
  8.0148212072619E-03          14361
  8.0148212072619E-03          20950
  8.0148212072619E-03          14472
  8.0148212072619E-03          20952
  8.0148212072619E-03          14632
  8.0148212072619E-03          14558
  8.0148212072619E-03             24
  8.0148212072619E-03          14560
  8.0148212072619E-03          20934
  8.0148212072619E-03              6
  8.0148212072619E-03              8
  8.0148212072619E-03             22
  8.0148212072619E-03             46
  8.0148212072619E-03             54
  8.0148212072619E-03          20761
  8.0148212072619E-03          20936
  8.0148212072619E-03          20928
  8.0148212072619E-03          20739
  8.0148212072619E-03          20926
  8.0148212072619E-03          14608
  8.0148212072619E-03             80
  8.0148212072619E-03             78
  8.0148212072619E-03          14606
  8.0148212072619E-03          20737
  8.0148212072619E-03          20705
  8.0148212072619E-03          14544
  8.0148212072619E-03          14337
  8.0148212072619E-03          20707
  8.0148212072619E-03          14339
  8.0148212072619E-03          14409
  8.0148212072619E-03          14411
  8.0148212072619E-03          14435
  8.0148212072619E-03          20755
  8.0148212072619E-03          14321
  8.0148212072619E-03          14323
  8.0148212072619E-03          14433
  8.0148212072619E-03          14512
  8.0148212072619E-03          14488
  8.0148212072619E-03          20753
  8.0148212072619E-03          20888
  8.0148212072619E-03          20763
  8.0148212072619E-03          14443
  8.0148212072619E-03          20902
  8.0148212072619E-03          14568
  8.0148212072619E-03             72
  8.0148212072619E-03          20904
  8.0148212072619E-03          14592
  8.0148212072619E-03          14566
  8.0148212072619E-03          14654
  8.0148212072619E-03          14345
  8.0148212072619E-03          20886
  8.0148212072619E-03          14393
  8.0148212072619E-03          14640
  8.0148212072619E-03          14656
  8.0148212072619E-03          14638
  8.0148212072619E-03          14395
  8.0148212072619E-03          14457
  8.0148212072619E-03          14441
  8.0148212072619E-03          14347
  8.0148212072619E-03          14536
  8.0148212072619E-03          14369
  8.0148212072619E-03          14520
  8.0148212072619E-03             56
  8.0148212072619E-03          14630
  8.0148212072619E-03          14590
  8.0148212072619E-03          14371
  8.0148212072619E-03          20689
  8.0148212072619E-03          20691
  8.0148212072619E-03             70
  8.0148212072619E-03             48
  8.0148212072619E-03          13511
  8.0148212072619E-03           7787
  8.0148212072619E-03           7562
  8.0148212072619E-03           7538
  8.0148212072619E-03           7202
  8.0148212072619E-03           7570
  8.0148212072619E-03           7763
  8.0148212072619E-03          13891
  8.0148212072619E-03           7779
  8.0148212072619E-03           7335
  8.0148212072619E-03           7598
  8.0148212072619E-03           7755
  8.0148212072619E-03          14732
  8.0148212072619E-03          13506
  8.0148212072619E-03           7731
  8.0148212072619E-03           7595
  8.0148212072619E-03           7596
  8.0148212072619E-03           7588
  8.0148212072619E-03           7207
  8.0148212072619E-03           7590
  8.0148212072619E-03           7587
  8.0148212072619E-03           7586
  8.0148212072619E-03          13894
  8.0148212072619E-03           7210
  8.0148212072619E-03           7594
  8.0148212072619E-03          14731
  8.0148212072619E-03          14730
  8.0148212072619E-03          13892
  8.0148212072619E-03           7715
  8.0148212072619E-03           7215
  8.0148212072619E-03          14734
  8.0148212072619E-03           7563
  8.0148212072619E-03          14851
  8.0148212072619E-03          14755
  8.0148212072619E-03           7571
  8.0148212072619E-03          14949
  8.0148212072619E-03          14947
  8.0148212072619E-03          21174
  8.0148212072619E-03           7133
  8.0148212072619E-03          21172
  8.0148212072619E-03          14754
  8.0148212072619E-03          21171
  8.0148212072619E-03          14756
  8.0148212072619E-03          14870
  8.0148212072619E-03          21170
  8.0148212072619E-03          14758
  8.0148212072619E-03           7134
  8.0148212072619E-03          21078
  8.0148212072619E-03          21363
  8.0148212072619E-03          14941
  8.0148212072619E-03          14854
  8.0148212072619E-03          14894
  8.0148212072619E-03           6939
  8.0148212072619E-03          14902
  8.0148212072619E-03          14927
  8.0148212072619E-03           6942
  8.0148212072619E-03          14919
  8.0148212072619E-03          14903
  8.0148212072619E-03          14895
  8.0148212072619E-03           6940
  8.0148212072619E-03          14855
  8.0148212072619E-03          14871
  8.0148212072619E-03          14925
  8.0148212072619E-03          14950
  8.0148212072619E-03           6938
  8.0148212072619E-03          14942
  8.0148212072619E-03          14926
  8.0148212072619E-03           7131
  8.0148212072619E-03          14918
  8.0148212072619E-03          21365
  8.0148212072619E-03          14901
  8.0148212072619E-03          14917
  8.0148212072619E-03           7539
  8.0148212072619E-03           7135
  8.0148212072619E-03           7143
  8.0148212072619E-03           7159
  8.0148212072619E-03           7183
  8.0148212072619E-03          14923
  8.0148212072619E-03           7523
  8.0148212072619E-03          14915
  8.0148212072619E-03           7186
  8.0148212072619E-03          13890
  8.0148212072619E-03           7566
  8.0148212072619E-03           7574
  8.0148212072619E-03           7572
  8.0148212072619E-03          14899
  8.0148212072619E-03          14891
  8.0148212072619E-03          14867
  8.0148212072619E-03           7191
  8.0148212072619E-03           7564
  8.0148212072619E-03           7178
  8.0148212072619E-03           7542
  8.0148212072619E-03          14750
  8.0148212072619E-03          14893
  8.0148212072619E-03          14869
  8.0148212072619E-03          14853
  8.0148212072619E-03           7138
  8.0148212072619E-03           7154
  8.0148212072619E-03           7526
  8.0148212072619E-03          21366
  8.0148212072619E-03          14939
  8.0148212072619E-03           7522
  8.0148212072619E-03          21367
  8.0148212072619E-03          14746
  8.0148212072619E-03           7524
  8.0148212072619E-03          14747
  8.0148212072619E-03          14748
  8.0148212072619E-03           7540
  8.0148212072619E-03           7686
  8.0148212072619E-03          13910
  8.0148212072619E-03           7351
  8.0148212072619E-03           7837
  8.0148212072619E-03          14083
  8.0148212072619E-03           7643
  8.0148212072619E-03           7642
  8.0148212072619E-03           7835
  8.0148212072619E-03           7710
  8.0148212072619E-03           7322
  8.0148212072619E-03           7455
  8.0148212072619E-03           7838
  8.0148212072619E-03           7644
  8.0148212072619E-03           7498
  8.0148212072619E-03           7839
  8.0148212072619E-03           7450
  8.0148212072619E-03           7887
  8.0148212072619E-03           7886
  8.0148212072619E-03           7885
  8.0148212072619E-03           7708
  8.0148212072619E-03           7258
  8.0148212072619E-03           7646
  8.0148212072619E-03           7370
  8.0148212072619E-03           7426
  8.0148212072619E-03           7330
  8.0148212072619E-03           7902
  8.0148212072619E-03           7901
  8.0148212072619E-03           7519
  8.0148212072619E-03           7899
  8.0148212072619E-03           7346
  8.0148212072619E-03           7378
  8.0148212072619E-03          21212
  8.0148212072619E-03           7706
  8.0148212072619E-03           7394
  8.0148212072619E-03           7707
  8.0148212072619E-03           7402
  8.0148212072619E-03           7418
  8.0148212072619E-03           7327
  8.0148212072619E-03          21214
  8.0148212072619E-03           7883
  8.0148212072619E-03           7503
  8.0148212072619E-03           7471
  8.0148212072619E-03           7690
  8.0148212072619E-03           7279
  8.0148212072619E-03           7875
  8.0148212072619E-03           7682
  8.0148212072619E-03           7659
  8.0148212072619E-03           7658
  8.0148212072619E-03           7851
  8.0148212072619E-03           7683
  8.0148212072619E-03           7662
  8.0148212072619E-03           7853
  8.0148212072619E-03           7854
  8.0148212072619E-03           7303
  8.0148212072619E-03           7855
  8.0148212072619E-03           7466
  8.0148212072619E-03           7298
  8.0148212072619E-03           7660
  8.0148212072619E-03           7274
  8.0148212072619E-03           7495
  8.0148212072619E-03           7306
  8.0148212072619E-03           7877
  8.0148212072619E-03           7691
  8.0148212072619E-03          21211
  8.0148212072619E-03           7311
  8.0148212072619E-03           7692
  8.0148212072619E-03           7694
  8.0148212072619E-03          21210
  8.0148212072619E-03          21403
  8.0148212072619E-03           7815
  8.0148212072619E-03           7490
  8.0148212072619E-03           7879
  8.0148212072619E-03          21405
  8.0148212072619E-03          21406
  8.0148212072619E-03           7878
  8.0148212072619E-03          21407
  8.0148212072619E-03           7903
  8.0148212072619E-03           7791
  8.0148212072619E-03           7807
  8.0148212072619E-03           7231
  8.0148212072619E-03           7514
  8.0148212072619E-03           7383
  8.0148212072619E-03           7399
  8.0148212072619E-03           7407
  8.0148212072619E-03           7226
  8.0148212072619E-03           7614
  8.0148212072619E-03           7612
  8.0148212072619E-03          14722
  8.0148212072619E-03          21390
  8.0148212072619E-03           7611
  8.0148212072619E-03          14723
  8.0148212072619E-03           7610
  8.0148212072619E-03           7803
  8.0148212072619E-03           7423
  8.0148212072619E-03          14724
  8.0148212072619E-03          21391
  8.0148212072619E-03          13906
  8.0148212072619E-03          21389
  8.0148212072619E-03           7375
  8.0148212072619E-03          13907
  8.0148212072619E-03          13703
  8.0148212072619E-03          14085
  8.0148212072619E-03          21196
  8.0148212072619E-03          21195
  8.0148212072619E-03          14086
  8.0148212072619E-03          21194
  8.0148212072619E-03          14087
  8.0148212072619E-03           7717
  8.0148212072619E-03          13698
  8.0148212072619E-03          21387
  8.0148212072619E-03          13522
  8.0148212072619E-03           7684
  8.0148212072619E-03          13908
  8.0148212072619E-03          13527
  8.0148212072619E-03          14726
  8.0148212072619E-03           7757
  8.0148212072619E-03           7733
  8.0148212072619E-03           7806
  8.0148212072619E-03           7765
  8.0148212072619E-03           7734
  8.0148212072619E-03          14710
  8.0148212072619E-03           7758
  8.0148212072619E-03           7766
  8.0148212072619E-03           7782
  8.0148212072619E-03           7790
  8.0148212072619E-03           7814
  8.0148212072619E-03          14708
  8.0148212072619E-03           7719
  8.0148212072619E-03           7735
  8.0148212072619E-03          14699
  8.0148212072619E-03           7759
  8.0148212072619E-03           7767
  8.0148212072619E-03           7783
  8.0148212072619E-03           7718
  8.0148212072619E-03           7431
  8.0148212072619E-03           7813
  8.0148212072619E-03           7234
  8.0148212072619E-03           7811
  8.0148212072619E-03           7781
  8.0148212072619E-03          14706
  8.0148212072619E-03          14698
  8.0148212072619E-03           7789
  8.0148212072619E-03           7805
  8.0148212072619E-03          14674
  8.0148212072619E-03           7622
  8.0148212072619E-03          21198
  8.0148212072619E-03          14658
  8.0148212072619E-03           7620
  8.0148212072619E-03          14707
  8.0148212072619E-03           7239
  8.0148212072619E-03           7619
  8.0148212072619E-03           7618
  8.0148212072619E-03           7263
  8.0148212072619E-03           6868
  8.0148212072619E-03          14795
  8.0148212072619E-03          21358
  8.0148212072619E-03          14798
  8.0148212072619E-03          14796
  8.0148212072619E-03          14987
  8.0148212072619E-03          14794
  8.0148212072619E-03          13791
  8.0148212072619E-03          14989
  8.0148212072619E-03          14990
  8.0148212072619E-03          14171
  8.0148212072619E-03          14173
  8.0148212072619E-03          13988
  8.0148212072619E-03          14174
  8.0148212072619E-03          13987
  8.0148212072619E-03          13607
  8.0148212072619E-03          13602
  8.0148212072619E-03          13990
  8.0148212072619E-03          21335
  8.0148212072619E-03          13786
  8.0148212072619E-03          14175
  8.0148212072619E-03          14991
  8.0148212072619E-03          21334
  8.0148212072619E-03          14830
  8.0148212072619E-03          14822
  8.0148212072619E-03          15014
  8.0148212072619E-03          15015
  8.0148212072619E-03          14827
  8.0148212072619E-03          14828
  8.0148212072619E-03          15011
  8.0148212072619E-03          14826
  8.0148212072619E-03          21076
  8.0148212072619E-03          15013
  8.0148212072619E-03          21142
  8.0148212072619E-03          14818
  8.0148212072619E-03          21140
  8.0148212072619E-03          14820
  8.0148212072619E-03          14819
  8.0148212072619E-03          21331
  8.0148212072619E-03          21333
  8.0148212072619E-03          14179
  8.0148212072619E-03          21138
  8.0148212072619E-03          21139
  8.0148212072619E-03          13986
  8.0148212072619E-03          13799
  8.0148212072619E-03          13818
  8.0148212072619E-03          14181
  8.0148212072619E-03          14030
  8.0148212072619E-03          13642
  8.0148212072619E-03          14206
  8.0148212072619E-03          14207
  8.0148212072619E-03          13647
  8.0148212072619E-03          14205
  8.0148212072619E-03          13823
  8.0148212072619E-03          14028
  8.0148212072619E-03          14027
  8.0148212072619E-03          14222
  8.0148212072619E-03          14026
  8.0148212072619E-03          13834
  8.0148212072619E-03          14223
  8.0148212072619E-03          13839
  8.0148212072619E-03          14221
  8.0148212072619E-03          14010
  8.0148212072619E-03          14219
  8.0148212072619E-03          21030
  8.0148212072619E-03          14203
  8.0148212072619E-03          14011
  8.0148212072619E-03          14006
  8.0148212072619E-03          13631
  8.0148212072619E-03          13623
  8.0148212072619E-03          14004
  8.0148212072619E-03          13794
  8.0148212072619E-03          13618
  8.0148212072619E-03          14002
  8.0148212072619E-03          14183
  8.0148212072619E-03          14182
  8.0148212072619E-03          14003
  8.0148212072619E-03          14195
  8.0148212072619E-03          13626
  8.0148212072619E-03          13815
  8.0148212072619E-03          14012
  8.0148212072619E-03          14014
  8.0148212072619E-03          14199
  8.0148212072619E-03          13810
  8.0148212072619E-03          21074
  8.0148212072619E-03          14198
  8.0148212072619E-03          14197
  8.0148212072619E-03          21075
  8.0148212072619E-03          21269
  8.0148212072619E-03          21267
  8.0148212072619E-03          13942
  8.0148212072619E-03          21270
  8.0148212072619E-03          14150
  8.0148212072619E-03          13554
  8.0148212072619E-03          13559
  8.0148212072619E-03          13940
  8.0148212072619E-03          13762
  8.0148212072619E-03          13939
  8.0148212072619E-03          13938
  8.0148212072619E-03          14151
  8.0148212072619E-03          13722
  8.0148212072619E-03          13914
  8.0148212072619E-03          14111
  8.0148212072619E-03          13535
  8.0148212072619E-03          13915
  8.0148212072619E-03          13727
  8.0148212072619E-03          14107
  8.0148212072619E-03          21287
  8.0148212072619E-03          14109
  8.0148212072619E-03          14110
  8.0148212072619E-03          14149
  8.0148212072619E-03          21286
  8.0148212072619E-03          13570
  8.0148212072619E-03          21285
  8.0148212072619E-03          13767
  8.0148212072619E-03          14147
  8.0148212072619E-03          13956
  8.0148212072619E-03          13958
  8.0148212072619E-03          14135
  8.0148212072619E-03          13575
  8.0148212072619E-03          13955
  8.0148212072619E-03          13746
  8.0148212072619E-03          14134
  8.0148212072619E-03          21091
  8.0148212072619E-03          14133
  8.0148212072619E-03          21283
  8.0148212072619E-03          21090
  8.0148212072619E-03          21094
  8.0148212072619E-03          21092
  8.0148212072619E-03          13918
  8.0148212072619E-03          14131
  8.0148212072619E-03          13751
  8.0148212072619E-03          13916
  8.0148212072619E-03          13530
  8.0148212072619E-03          13978
  8.0148212072619E-03          13714
  8.0148212072619E-03          15038
  8.0148212072619E-03          15039
  8.0148212072619E-03          13599
  8.0148212072619E-03          13979
  8.0148212072619E-03          15035
  8.0148212072619E-03          13980
  8.0148212072619E-03          13982
  8.0148212072619E-03          15037
  8.0148212072619E-03          14842
  8.0148212072619E-03          15021
  8.0148212072619E-03          14843
  8.0148212072619E-03          21271
  8.0148212072619E-03          15019
  8.0148212072619E-03          15023
  8.0148212072619E-03          15022
  8.0148212072619E-03          21318
  8.0148212072619E-03          14846
  8.0148212072619E-03          14844
  8.0148212072619E-03          21319
  8.0148212072619E-03          21317
  8.0148212072619E-03          14099
  8.0148212072619E-03          21315
  8.0148212072619E-03          21116
  8.0148212072619E-03          21118
  8.0148212072619E-03          14101
  8.0148212072619E-03          13719
  8.0148212072619E-03          21114
  8.0148212072619E-03          14102
  8.0148212072619E-03          14103
  8.0148212072619E-03          21115
  8.0148212072619E-03          21307
  8.0148212072619E-03          13594
  8.0148212072619E-03          21309
  8.0148212072619E-03          21122
  8.0148212072619E-03          21123
  8.0148212072619E-03          21126
  8.0148212072619E-03          21124
  8.0148212072619E-03          14038
  8.0148212072619E-03          21311
  8.0148212072619E-03          21310
  8.0148212072619E-03          13650
  8.0148212072619E-03          14036


         NODAL TIME STEP (estimation)
         ---------------

      TIME STEP       NODE NUMBER
  7.6456521419550E-03            314
  7.6456521419550E-03              2
  7.6456521419550E-03            232
  7.6456521419550E-03            233
  7.6456521419550E-03            286
  7.6456521419550E-03            287
  7.6456521419550E-03            313
  7.6456521419550E-03            341
  7.6456521419550E-03            340
  7.6456521419550E-03            191
  7.6456521419550E-03            421
  7.6456521419550E-03            422
  7.6456521419550E-03          20761
  7.6456521419550E-03          20762
  7.6456521419550E-03          20842
  7.6456521419550E-03            192
  7.6456521419550E-03           6830
  7.6456521419550E-03           6831
  7.6456521419550E-03            111
  7.6456521419550E-03           6777
  7.6456521419550E-03             83
  7.6456521419550E-03             84
  7.6456521419550E-03           6609
  7.6456521419550E-03           6610
  7.6456521419550E-03            110
  7.6456521419550E-03           6642
  7.6456521419550E-03           6641
  7.6456521419550E-03          20869
  7.6456521419550E-03           6722
  7.6456521419550E-03           6723
  7.6456521419550E-03           6749
  7.6456521419550E-03           6750
  7.6456521419550E-03           6776
  7.6456521419550E-03          20843
  7.6456521419550E-03          20896
  7.6456521419550E-03          20870
  7.6456521419550E-03          14752
  7.6456521419550E-03          20897
  7.6456521419550E-03          14451
  7.6456521419550E-03          14452
  7.6456521419550E-03          14532
  7.6456521419550E-03          14533
  7.6456521419550E-03          14753
  7.6456521419550E-03          14564
  7.6456521419550E-03          14563
  7.6456521419550E-03          14424
  7.6456521419550E-03          14672
  7.6456521419550E-03          14671
  7.6456521419550E-03          14645
  7.6456521419550E-03          14644
  7.6456521419550E-03          14618
  7.6456521419550E-03          14425
  7.6456521419550E-03          14397
  7.6456521419550E-03          14398
  7.6456521419550E-03          21054
  7.6456521419550E-03          14344
  7.6456521419550E-03          20950
  7.6456521419550E-03          20951
  7.6456521419550E-03          20972
  7.6456521419550E-03          20973
  7.6456521419550E-03          21053
  7.6456521419550E-03          21081
  7.6456521419550E-03          21080
  7.6456521419550E-03           6555
  7.6456521419550E-03          21107
  7.6456521419550E-03          21108
  7.6456521419550E-03          21161
  7.6456521419550E-03          21162
  7.6456521419550E-03          14343
  7.6456521419550E-03           6556
  7.6456521419550E-03          14617
  7.6456521419550E-03           6501
  7.6456521419550E-03           6529
  7.6456521419550E-03           6502
  7.6456521419550E-03           6528
  7.6456521419550E-03             56
  7.6456521419550E-03             57
  7.6456521419550E-03           6421
  7.6456521419550E-03           6420
  7.6456521419550E-03              3
  7.6456521419551E-03          20944
  7.6456521419551E-03          20836
  7.6456521419551E-03          14337
  7.6456521419551E-03           6616
  7.6456521419551E-03          14391
  7.6456521419551E-03           6427
  7.6456521419551E-03              9
  7.6456521419551E-03          20863
  7.6456521419551E-03          14526
  7.6456521419551E-03            117
  7.6456521419551E-03           6562
  7.6456521419551E-03             90
  7.6456521419551E-03            198
  7.6456521419551E-03           6508
  7.6456521419551E-03           6535
  7.6456521419551E-03          14445
  7.6456521419551E-03             63
  7.6456521419551E-03          20890
  7.6456521419551E-03          14418
  7.6456521419551E-03          20755
  7.6456521419551E-03           6505
  7.6456521419551E-03           7798
  7.6456521419551E-03          14080
  7.6456521419551E-03          14079
  7.6456521419551E-03          14101
  7.6456521419551E-03          14100
  7.6456521419551E-03           7799
  7.6456521419551E-03          21166
  7.6456521419551E-03            308
  7.6456521419551E-03          21185
  7.6456521419551E-03          21111
  7.6456521419551E-03          21112
  7.6456521419551E-03          21113
  7.6456521419551E-03          21114
  7.6456521419551E-03            310
  7.6456521419551E-03            309
  7.6456521419551E-03            307
  7.6456521419551E-03           7020
  7.6456521419551E-03           7767
  7.6456521419551E-03           7768
  7.6456521419551E-03          21165
  7.6456521419551E-03          21167
  7.6456521419551E-03          21168
  7.6456521419551E-03          21184
  7.6456521419551E-03            693
  7.6456521419551E-03            281
  7.6456521419551E-03          21460
  7.6456521419551E-03          14121
  7.6456521419551E-03          14188
  7.6456521419551E-03           7862
  7.6456521419551E-03           7882
  7.6456521419551E-03           7883
  7.6456521419551E-03          21290
  7.6456521419551E-03          21461
  7.6456521419551E-03          21331
  7.6456521419551E-03           7861
  7.6456521419551E-03          21332
  7.6456521419551E-03           6954
  7.6456521419551E-03           6953
  7.6456521419551E-03          14250
  7.6456521419551E-03           6933
  7.6456521419551E-03           6932
  7.6456521419551E-03          14187
  7.6456521419551E-03          14164
  7.6456521419551E-03          21247
  7.6456521419551E-03          14163
  7.6456521419551E-03            283
  7.6456521419551E-03            282
  7.6456521419551E-03          14017
  7.6456521419551E-03            280
  7.6456521419551E-03           7019
  7.6456521419551E-03          14122
  7.6456521419551E-03          21248
  7.6456521419551E-03           6506
  7.6456521419551E-03           7840
  7.6456521419551E-03           7841
  7.6456521419551E-03          21268
  7.6456521419551E-03           6996
  7.6456521419551E-03           6995
  7.6456521419551E-03          21269
  7.6456521419551E-03          21087
  7.6456521419551E-03          21060
  7.6456521419551E-03          14016
  7.6456521419551E-03            631
  7.6456521419551E-03          21085
  7.6456521419551E-03            599
  7.6456521419551E-03            600
  7.6456521419551E-03          20864
  7.6456521419551E-03          20865
  7.6456521419551E-03          20866
  7.6456521419551E-03            630
  7.6456521419551E-03          20891
  7.6456521419551E-03          20838
  7.6456521419551E-03          20892
  7.6456521419551E-03           7167
  7.6456521419551E-03           7166
  7.6456521419551E-03          20893
  7.6456521419551E-03           7620
  7.6456521419551E-03           7621
  7.6456521419551E-03          20839
  7.6456521419551E-03          20837
  7.6456521419551E-03            418
  7.6456521419551E-03          20758
  7.6456521419551E-03            452
  7.6456521419551E-03            453
  7.6456521419551E-03            494
  7.6456521419551E-03            495
  7.6456521419551E-03            515
  7.6456521419551E-03            516
  7.6456521419551E-03            417
  7.6456521419551E-03            673
  7.6456521419551E-03            416
  7.6456521419551E-03            415
  7.6456521419551E-03            536
  7.6456521419551E-03            537
  7.6456521419551E-03          20756
  7.6456521419551E-03          20757
  7.6456521419551E-03            672
  7.6456521419551E-03           7125
  7.6456521419551E-03          21059
  7.6456521419551E-03           7124
  7.6456521419551E-03          21057
  7.6456521419551E-03          21058
  7.6456521419551E-03            337
  7.6456521419551E-03            336
  7.6456521419551E-03            335
  7.6456521419551E-03            334
  7.6456521419551E-03          21355
  7.6456521419551E-03           7683
  7.6456521419551E-03            777
  7.6456521419551E-03            778
  7.6456521419551E-03           7704
  7.6456521419551E-03           7705
  7.6456521419551E-03          21502
  7.6456521419551E-03          21084
  7.6456521419551E-03           7684
  7.6456521419551E-03           7663
  7.6456521419551E-03           7103
  7.6456521419551E-03           7662
  7.6456521419551E-03            694
  7.6456521419551E-03          20945
  7.6456521419551E-03          20946
  7.6456521419551E-03          20947
  7.6456521419551E-03            714
  7.6456521419551E-03           7104
  7.6456521419551E-03            715
  7.6456521419551E-03          21086
  7.6456521419551E-03          20976
  7.6456521419551E-03          20977
  7.6456521419551E-03          20978
  7.6456521419551E-03          20979
  7.6456521419551E-03           7083
  7.6456521419551E-03           7082
  7.6456521419551E-03          14251
  7.6456521419551E-03          21289
  7.6456521419551E-03           6743
  7.6456521419551E-03          14448
  7.6456521419551E-03          14447
  7.6456521419551E-03           6746
  7.6456521419551E-03              6
  7.6456521419551E-03           6745
  7.6456521419551E-03           6744
  7.6456521419551E-03             60
  7.6456521419551E-03          21356
  7.6456521419551E-03          14936
  7.6456521419551E-03             61
  7.6456521419551E-03           6424
  7.6456521419551E-03          14935
  7.6456521419551E-03           6719
  7.6456521419551E-03              7
  7.6456521419551E-03          14446
  7.6456521419551E-03          14650
  7.6456521419551E-03          14651
  7.6456521419551E-03          14967
  7.6456521419551E-03          14649
  7.6456521419551E-03          14419
  7.6456521419551E-03          14420
  7.6456521419551E-03          14421
  7.6456521419551E-03           6426
  7.6456521419551E-03           6425
  7.6456521419551E-03             88
  7.6456521419551E-03          14966
  7.6456521419551E-03          14873
  7.6456521419551E-03             89
  7.6456521419551E-03           6773
  7.6456521419551E-03           6772
  7.6456521419551E-03           6771
  7.6456521419551E-03           6770
  7.6456521419551E-03          14675
  7.6456521419551E-03          14872
  7.6456521419551E-03          14676
  7.6456521419551E-03           6638
  7.6456521419551E-03          14677
  7.6456521419551E-03          14528
  7.6456521419551E-03             62
  7.6456521419551E-03           6614
  7.6456521419551E-03           6615
  7.6456521419551E-03          14529
  7.6456521419551E-03           6636
  7.6456521419551E-03           6635
  7.6456521419551E-03          14756
  7.6456521419551E-03            116
  7.6456521419551E-03            115
  7.6456521419551E-03           6637
  7.6456521419551E-03            114
  7.6456521419551E-03              8
  7.6456521419551E-03          14527
  7.6456521419551E-03          14569
  7.6456521419551E-03           6613
  7.6456521419551E-03          14678
  7.6456521419551E-03          14757
  7.6456521419551E-03           6718
  7.6456521419551E-03           6717
  7.6456521419551E-03          14852
  7.6456521419551E-03          14851
  7.6456521419551E-03           6716
  7.6456521419551E-03          14830
  7.6456521419551E-03          14831
  7.6456521419551E-03          15008
  7.6456521419551E-03          14789
  7.6456521419551E-03          14570
  7.6456521419551E-03          14788
  7.6456521419551E-03          14759
  7.6456521419551E-03          14758
  7.6456521419551E-03          14568
  7.6456521419551E-03          14567
  7.6456521419551E-03          14334
  7.6456521419551E-03          14394
  7.6456521419551E-03          15114
  7.6456521419551E-03          15113
  7.6456521419551E-03           6561
  7.6456521419551E-03          15009
  7.6456521419551E-03          14622
  7.6456521419551E-03           6560
  7.6456521419551E-03           6532
  7.6456521419551E-03          14335
  7.6456521419551E-03          14338
  7.6456521419551E-03          14623
  7.6456521419551E-03          21419
  7.6456521419551E-03          21418
  7.6456521419551E-03          14293
  7.6456521419551E-03            229
  7.6456521419551E-03           6912
  7.6456521419551E-03           6911
  7.6456521419551E-03          14621
  7.6456521419551E-03          14292
  7.6456521419551E-03           7945
  7.6456521419551E-03          14340
  7.6456521419551E-03           6559
  7.6456521419551E-03           7946
  7.6456521419551E-03            227
  7.6456521419551E-03            228
  7.6456521419551E-03          14339
  7.6456521419551E-03          14624
  7.6456521419551E-03          21503
  7.6456521419551E-03          14271
  7.6456521419551E-03           6849
  7.6456521419551E-03             87
  7.6456521419551E-03          14392
  7.6456521419551E-03          14272
  7.6456521419551E-03           6827
  7.6456521419551E-03           6507
  7.6456521419551E-03          21439
  7.6456521419551E-03           6826
  7.6456521419551E-03           6825
  7.6456521419551E-03           6824
  7.6456521419551E-03          14393
  7.6456521419551E-03          14648
  7.6456521419551E-03          15029
  7.6456521419551E-03          15030
  7.6456521419551E-03            226
  7.6456521419551E-03           6848
  7.6456521419551E-03          21440
  7.6456521419551E-03            197
  7.6456521419551E-03            196
  7.6456521419551E-03            195
  7.6456521419551E-03          15051
  7.6456521419551E-03           6533
  7.6456521419551E-03           6534
  7.6456521419551E-03          15050
  7.6456521419551E-03            627
  7.6456521419551E-03            456
  7.6456521419551E-03           7585
  7.6456521419551E-03          13782
  7.6456521419551E-03            519
  7.6456521419551E-03           7360
  7.6456521419551E-03          13589
  7.6456521419551E-03          13805
  7.6456521419551E-03           7481
  7.6456521419551E-03            540
  7.6456521419551E-03           7508
  7.6456521419551E-03           7477
  7.6456521419551E-03           7454
  7.6456521419551E-03           7450
  7.6456521419551E-03           7364
  7.6456521419551E-03           7400
  7.6456521419551E-03          13809
  7.6456521419551E-03            498
  7.6456521419551E-03            603
  7.6456521419551E-03           7396
  7.6456521419551E-03           7504
  7.6456521419551E-03          14268
  7.6456521419551E-03          21251
  7.6456521419551E-03           7624
  7.6456521419551E-03          15110
  7.6456521419551E-03          14331
  7.6456521419551E-03           7837
  7.6456521419551E-03          21436
  7.6456521419551E-03          14125
  7.6456521419551E-03          21415
  7.6456521419551E-03          14104
  7.6456521419551E-03          14083
  7.6456521419551E-03          15047
  7.6456521419551E-03          21272
  7.6456521419551E-03           7858
  7.6456521419551E-03          14167
  7.6456521419551E-03          21335
  7.6456521419551E-03          14184
  7.6456521419551E-03          14247
  7.6456521419551E-03          21352
  7.6456521419551E-03          21457
  7.6456521419551E-03          21293
  7.6456521419551E-03           7942
  7.6456521419551E-03          21188
  7.6456521419551E-03          14289
  7.6456521419551E-03           7283
  7.6456521419551E-03           7879
  7.6456521419551E-03          15026
  7.6456521419551E-03           7795
  7.6456521419551E-03          13940
  7.6456521419551E-03           7771
  7.6456521419551E-03          14792
  7.6456521419551E-03            711
  7.6456521419551E-03          13944
  7.6456521419551E-03          13917
  7.6456521419551E-03            690
  7.6456521419551E-03          14855
  7.6456521419551E-03          13913
  7.6456521419551E-03          13890
  7.6456521419551E-03            669
  7.6456521419551E-03          14834
  7.6456521419551E-03          14876
  7.6456521419551E-03           7666
  7.6456521419551E-03          14963
  7.6456521419551E-03           7687
  7.6456521419551E-03          15005
  7.6456521419551E-03          14020
  7.6456521419551E-03          21499
  7.6456521419551E-03          14939
  7.6456521419551E-03          13998
  7.6456521419551E-03           7589
  7.6456521419551E-03          13994
  7.6456521419551E-03           7708
  7.6456521419551E-03            774
  7.6456521419551E-03          13778
  7.6456521419551E-03          13886
  7.6456521419551E-03           7252
  7.6456521419551E-03           6915
  7.6456521419551E-03           7016
  7.6456521419551E-03           6999
  7.6456521419551E-03           7256
  7.6456521419551E-03          13670
  7.6456521419551E-03           7175
  7.6456521419551E-03          13701
  7.6456521419551E-03           6852
  7.6456521419551E-03           7171
  7.6456521419551E-03           6957
  7.6456521419551E-03           7121
  7.6456521419551E-03          13724
  7.6456521419551E-03           6936
  7.6456521419551E-03           7225
  7.6456521419551E-03           7229
  7.6456521419551E-03          13697
  7.6456521419551E-03          13728
  7.6456521419551E-03          13674
  7.6456521419551E-03           7279
  7.6456521419551E-03           7163
  7.6456521419551E-03           7100
  7.6456521419551E-03          13593
  7.6456521419551E-03           7079
  7.6456521419551E-03          21459
  7.6456521419551E-03          21292
  7.6456521419551E-03          13588
  7.6456521419551E-03          21334
  7.6456521419551E-03          13912
  7.6456521419551E-03          21333
  7.6456521419551E-03          21458
  7.6456521419551E-03           7880
  7.6456521419551E-03           6955
  7.6456521419551E-03          21291
  7.6456521419551E-03           6956
  7.6456521419551E-03          13918
  7.6456521419551E-03           7881
  7.6456521419551E-03          13675
  7.6456521419551E-03          13723
  7.6456521419551E-03           7170
  7.6456521419551E-03          13939
  7.6456521419551E-03           6934
  7.6456521419551E-03          14186
  7.6456521419551E-03           7623
  7.6456521419551E-03          14082
  7.6456521419551E-03           7482
  7.6456521419551E-03          21354
  7.6456521419551E-03           7503
  7.6456521419551E-03           7622
  7.6456521419551E-03            692
  7.6456521419551E-03           7224
  7.6456521419551E-03          14019
  7.6456521419551E-03           7509
  7.6456521419551E-03          14249
  7.6456521419551E-03          14248
  7.6456521419551E-03           6935
  7.6456521419551E-03          21353
  7.6456521419551E-03            691
  7.6456521419551E-03          14018
  7.6456521419551E-03           7081
  7.6456521419551E-03           7860
  7.6456521419551E-03          14185
  7.6456521419551E-03          14103
  7.6456521419551E-03          21187
  7.6456521419551E-03           7838
  7.6456521419551E-03          14102
  7.6456521419551E-03           7796
  7.6456521419551E-03           7797
  7.6456521419551E-03          21250
  7.6456521419551E-03          21249
  7.6456521419551E-03           7584
  7.6456521419551E-03          21186
  7.6456521419551E-03           6998
  7.6456521419551E-03           7017
  7.6456521419551E-03            628
  7.6456521419551E-03            629
  7.6456521419551E-03          14124
  7.6456521419551E-03           7165
  7.6456521419551E-03          14123
  7.6456521419551E-03           7018
  7.6456521419551E-03           7839
  7.6456521419551E-03            670
  7.6456521419551E-03           6997
  7.6456521419551E-03          14166
  7.6456521419551E-03          21270
  7.6456521419551E-03           7590
  7.6456521419551E-03           7859
  7.6456521419551E-03          13891
  7.6456521419551E-03           7164
  7.6456521419551E-03           7769
  7.6456521419551E-03           7176
  7.6456521419551E-03           7770
  7.6456521419551E-03          21500
  7.6456521419551E-03          13702
  7.6456521419551E-03          13669
  7.6456521419551E-03            601
  7.6456521419551E-03            602
  7.6456521419551E-03          13696
  7.6456521419551E-03            671
  7.6456521419551E-03          13885
  7.6456521419551E-03          21271
  7.6456521419551E-03          14165
  7.6456521419551E-03           7080
  7.6456521419551E-03          14269
  7.6456521419551E-03            776
  7.6456521419551E-03            538
  7.6456521419551E-03          15027
  7.6456521419551E-03          13783
  7.6456521419551E-03          15006
  7.6456521419551E-03          15007
  7.6456521419551E-03          15028
  7.6456521419551E-03            775
  7.6456521419551E-03          14965
  7.6456521419551E-03          13804
  7.6456521419551E-03           7365
  7.6456521419551E-03           7102
  7.6456521419551E-03            712
  7.6456521419551E-03          15048
  7.6456521419551E-03          21438
  7.6456521419551E-03           6850
  7.6456521419551E-03           7706
  7.6456521419551E-03            713
  7.6456521419551E-03           7359
  7.6456521419551E-03            539
  7.6456521419551E-03          15049
  7.6456521419551E-03           7257
  7.6456521419551E-03          14938
  7.6456521419551E-03          14964
  7.6456521419551E-03          13777
  7.6456521419551E-03          14937
  7.6456521419551E-03           7101
  7.6456521419551E-03          14791
  7.6456521419551E-03          13594
  7.6456521419551E-03          14790
  7.6456521419551E-03          14832
  7.6456521419551E-03           7664
  7.6456521419551E-03           7284
  7.6456521419551E-03           7665
  7.6456521419551E-03           7278
  7.6456521419551E-03          14833
  7.6456521419551E-03          14875
  7.6456521419551E-03            454
  7.6456521419551E-03           7686
  7.6456521419551E-03           7685
  7.6456521419551E-03          14854
  7.6456521419551E-03          14874
  7.6456521419551E-03            497
  7.6456521419551E-03          14853
  7.6456521419551E-03            455
  7.6456521419551E-03            496
  7.6456521419551E-03           7395
  7.6456521419551E-03           7251
  7.6456521419551E-03          13729
  7.6456521419551E-03          14081
  7.6456521419551E-03           7449
  7.6456521419551E-03          13945
  7.6456521419551E-03            518
  7.6456521419551E-03          21437
  7.6456521419551E-03          14290
  7.6456521419551E-03            517
  7.6456521419551E-03          21416
  7.6456521419551E-03          14291
  7.6456521419551E-03          13999
  7.6456521419551E-03           6913
  7.6456521419551E-03           6914
  7.6456521419551E-03           7455
  7.6456521419551E-03          14270
  7.6456521419551E-03          21501
  7.6456521419551E-03           7476
  7.6456521419551E-03           7230
  7.6456521419551E-03           7122
  7.6456521419551E-03           7943
  7.6456521419551E-03           7944
  7.6456521419551E-03          21417
  7.6456521419551E-03           7123
  7.6456521419551E-03          15112
  7.6456521419551E-03          13810
  7.6456521419551E-03           7401
  7.6456521419551E-03          14333
  7.6456521419551E-03           6851
  7.6456521419551E-03          15111
  7.6456521419551E-03          14332
  7.6456521419551E-03           7707
  7.6456521419551E-03          13993
  7.6456521419551E-03           7282
  7.6456521419551E-03           7794
  7.6456521419551E-03           7766
  7.6456521419551E-03          13700
  7.6456521419551E-03          14078
  7.6456521419551E-03           7709
  7.6456521419551E-03          13726
  7.6456521419551E-03          13722
  7.6456521419551E-03          14021
  7.6456521419551E-03          14015
  7.6456521419551E-03          13695
  7.6456521419551E-03          13727
  7.6456521419551E-03           7021
  7.6456521419551E-03           7703
  7.6456521419551E-03          13592
  7.6456521419551E-03          13730
  7.6456521419551E-03            773
  7.6456521419551E-03           7772
  7.6456521419551E-03          21183
  7.6456521419551E-03            779
  7.6456521419551E-03           7688
  7.6456521419551E-03          13698
  7.6456521419551E-03          13725
  7.6456521419551E-03          13996
  7.6456521419551E-03           7667
  7.6456521419551E-03          13995
  7.6456521419551E-03          21498
  7.6456521419551E-03          13997
  7.6456521419551E-03           7078
  7.6456521419551E-03           7682
  7.6456521419551E-03          13699
  7.6456521419551E-03          13703
  7.6456521419551E-03           7863
  7.6456521419551E-03          15115
  7.6456521419551E-03          14084
  7.6456521419551E-03           6847
  7.6456521419551E-03          21435
  7.6456521419551E-03          21420
  7.6456521419551E-03          15109
  7.6456521419551E-03           6853
  7.6456521419551E-03          14336
  7.6456521419551E-03          14330
  7.6456521419551E-03          21414
  7.6456521419551E-03          15052
  7.6456521419551E-03           7947
  7.6456521419551E-03          21504
  7.6456521419551E-03          14294
  7.6456521419551E-03           6910
  7.6456521419551E-03          14288
  7.6456521419551E-03          14273
  7.6456521419551E-03          14267
  7.6456521419551E-03          21441
  7.6456521419551E-03          15046
  7.6456521419551E-03          14871
  7.6456521419551E-03          15031
  7.6456521419551E-03          13595
  7.6456521419551E-03          14787
  7.6456521419551E-03          14793
  7.6456521419551E-03          14829
  7.6456521419551E-03          14835
  7.6456521419551E-03          14850
  7.6456521419551E-03          14856
  7.6456521419551E-03          14877
  7.6456521419551E-03          21357
  7.6456521419551E-03          14934
  7.6456521419551E-03          14940
  7.6456521419551E-03          14962
  7.6456521419551E-03          14968
  7.6456521419551E-03          15004
  7.6456521419551E-03          15010
  7.6456521419551E-03          15025
  7.6456521419551E-03           7941
  7.6456521419551E-03          14252
  7.6456521419551E-03           6916
  7.6456521419551E-03           7000
  7.6456521419551E-03           6931
  7.6456521419551E-03          14162
  7.6456521419551E-03          13671
  7.6456521419551E-03          13672
  7.6456521419551E-03          21267
  7.6456521419551E-03           7842
  7.6456521419551E-03           7836
  7.6456521419551E-03          21252
  7.6456521419551E-03           7015
  7.6456521419551E-03           6994
  7.6456521419551E-03          21246
  7.6456521419551E-03          14126
  7.6456521419551E-03          14120
  7.6456521419551E-03          14105
  7.6456521419551E-03          13673
  7.6456521419551E-03          14099
  7.6456521419551E-03           7800
  7.6456521419551E-03          13668
  7.6456521419551E-03          14168
  7.6456521419551E-03           6958
  7.6456521419551E-03          21273
  7.6456521419551E-03          14246
  7.6456521419551E-03          21351
  7.6456521419551E-03          21456
  7.6456521419551E-03           6937
  7.6456521419551E-03          21336
  7.6456521419551E-03           6952
  7.6456521419551E-03          21330
  7.6456521419551E-03          21462
  7.6456521419551E-03          13676
  7.6456521419551E-03          21294
  7.6456521419551E-03          21288
  7.6456521419551E-03           7884
  7.6456521419551E-03           7878
  7.6456521419551E-03          14189
  7.6456521419551E-03          14183
  7.6456521419551E-03           7857
  7.6456521419551E-03           7281
  7.6456521419551E-03          21189
  7.6456521419551E-03           7452
  7.6456521419551E-03           7451
  7.6456521419551E-03           7250
  7.6456521419551E-03           7173
  7.6456521419551E-03           7231
  7.6456521419551E-03           7453
  7.6456521419551E-03            520
  7.6456521419551E-03            626
  7.6456521419551E-03           7586
  7.6456521419551E-03           7172
  7.6456521419551E-03          13591
  7.6456521419551E-03           7120
  7.6456521419551E-03            514
  7.6456521419551E-03           7399
  7.6456521419551E-03           7105
  7.6456521419551E-03            710
  7.6456521419551E-03           7587
  7.6456521419551E-03            535
  7.6456521419551E-03          13590
  7.6456521419551E-03            632
  7.6456521419551E-03           7478
  7.6456521419551E-03           7227


         NODAL TIME STEP DISTRIBUTION 
         ----------------------------


            % OF NODES
                   ^
                   |                                                            
          31.217 --|#                                                           
                   |#                                                           
                   |#                                                           
                   |#                                                           
                   |#                                                           
                   |#                                                           
                   |#  #                                                        
                   |#  #                                                        
                   |#  #                                                    #   
                   |#  #                                                    #   
                   |#  #                                                    #   
                   |#  #                                                    #   
                   |#  #                                                    #   
                   |#  #                                                    #   
                   |#  #                                                    #   
                   |#  #                                                    #   
                   |#  #                                                    #   
                   |#  #                                                    #   
                   |#  #                                                    #   
                   |#  #                                #                   #   
                   |#  #                                #                   #   
                   |#  #                                #                   #   
           0.000 --|#  #   #  #  #   #  #  #  #   #  #  #  #   #  #  #   #  # # 
                    -------------------------------------------------------------> NODAL TIME STEP
                    |                                                          |
                7.646E-03                                                  8.169E-03
  
  


     INITIAL ADDED MASS ESTIMATION for /DT/NODA/CST
     ----------------------------------------------


            DM/M - at first cycle - scaling factor = 0.9
                   ^
                   |                                                            
           0.100 --|                                                          * 
                   |                                                            
                   |                                                        *   
                   |                                                      *     
                   |                                                     *      
                   |                                                   *        
                   |                                                            
                   |                                                 *          
                   |                                               *            
                   |                                            *               
                   |                                         *                  
                   |                                       *                    
                   |                                                            
                   |                                    *                       
                   |                                *                           
                   |                            *                               
                   |                         *                                  
                   |                     *                                      
                   |                                                            
                   |                *                                           
                   |            *                                               
                   |        *                                                   
           0.005 --|*  *                                                        
                    -------------------------------------------------------------> TARGET TIME STEP
                    |                                                          |
                6.955E-03                                                  7.589E-03
  
  
              DM/M at first cycle          |  Target time step - scaling factor = 0.9  |  Target time step - scaling factor = 0.67
    -------------------------------------  |  ---------------------------------------  |  ---------------------------------------
                 1.000E-02                 |                 7.005E-03                 |                 5.215E-03
                 2.000E-02                 |                 7.101E-03                 |                 5.286E-03
                 3.000E-02                 |                 7.193E-03                 |                 5.355E-03
                 4.000E-02                 |                 7.276E-03                 |                 5.417E-03
                 5.000E-02                 |                 7.358E-03                 |                 5.477E-03


    WARNING : These added mass estimations are valid at first cycle only.
    Because of element deformation or contacts the added mass can increase during the run


 SUMMARY OF POSSIBLE INCOMPATIBLE KINEMATIC CONDITIONS :
 -----------------------------------------------------
                                  
 NO TRUE INCOMPATIBLE KINEMATIC CONDITION

 
    STARTER STORAGE 
    --------------- 
 
    STARTER MEMORY USAGE        271 MB


     LOCAL ENGINE STORAGE EVALUATION FOR SPMD PROCESSOR     1
     --------------------------------------------------------
        RESTART FILE SIZE        57 MB
 

     RESTART FILES V8W_IM_M050_P050_DT090_FLO_T1_0000 WRITTEN
     -------------

  
------------------------------------------------------------------------
  
                   ** COMPUTE TIME INFORMATION **
  
 EXECUTION STARTED      :      2026/08/24  19:01:50
 EXECUTION COMPLETED    :      2026/08/24  19:01:51
  
 ELAPSED TIME...........=          1.00 s
                               00:00:00
  
------------------------------------------------------------------------



     TERMINATION WITH WARNING           
     ------------------                                                                  


------------------------------------------------------------------------------------------------------------------------
|            ERROR(S) SUMMARY                               |             WARNING(S) SUMMARY                           |
------------------------------------------------------------------------------------------------------------------------
|                                                           |                                                          |
|                                                           |  --- GLOBAL UNITS                           4 WARNING(S) |
|                                                           |       |                                                  |
|                                                           |       |                                                  |
|                                                           |       |---     4 WARNING ID :       100214               |
|                                                           |       | ** WARNING IN INPUT OPTIONS                      |
|                                                           |       |                                                  |
|                                                           |                                                          |
|                                                           |                                                          |
|                                                           |  --- INTERFACES                             3 WARNING(S) |
|                                                           |       |                                                  |
|                                                           |       |                                                  |
|                                                           |       |---     3 WARNING ID :          477               |
|                                                           |       | ** WARNING IN INTERFACE GAP                      |
|                                                           |       |                                                  |
|                                                           |                                                          |
|                                                           |                                                          |
------------------------------------------------------------------------------------------------------------------------




              0 ERROR(S)            
              7 WARNING(S)          


