start_ms,end_ms,upper_force_N,lower_force_N,increment_actuator_work_J
0.0,0.004066854,0.00011931835222016815,0.0,2.522609511702441e-17
0.004066854,0.008133708,0.0002757775607385955,0.0,1.126790158984762e-16
0.008133708,0.01205532,0.00091293561933205,0.0,1.3000340159631294e-15
0.01205532,0.01612217,0.001350780193515865,4.719072500829879e-36,2.9347631319808903e-15
0.01612217,0.02004378,0.002474629272161181,4.619305586838026e-31,9.541940332931201e-15
0.02004378,0.02411063,0.0033724999692636816,1.896345111556081e-26,1.851984750621365e-14
0.02411063,0.02803224,0.00474116574570138,1.4534889184041207e-24,3.551322790160165e-14
0.02803224,0.0320991,0.0063481388835612785,-6.5059486040833775e-21,6.571631461095932e-14
0.0320991,0.03602071,0.00774171500990664,-6.3240212553007505e-18,9.536523250943366e-14
0.03602071,0.04008756,0.010280329739233063,-3.658046722155965e-15,1.7210999078872323e-13
0.04008756,0.04400917,0.01151082081084046,-3.5476769403102314e-12,2.1100151814548117e-13
0.04400917,0.04807603,0.015125642141603094,-2.4668347799235793e-09,3.7280911342874116e-13
0.04807603,0.05214288,0.016022476609661055,-3.8908389559487037e-07,4.2401080975976484e-13
0.05214288,0.05606449,0.021015601245406863,-1.270137814826054e-05,6.958580806372895e-13
0.05606449,0.06013134,0.021989025904569873,-0.00010046085948584294,7.79407619895251e-13
0.06013134,0.06405295,0.026818362611274446,-0.0002771166204696541,1.1634717525099637e-12
0.06405295,0.0681198,0.02821861391494645,-0.0008597082779055049,1.3170981607573444e-12
0.0681198,0.07204141,0.03375502918444213,-0.0015063885215510961,1.8242129157060454e-12
0.07204141,0.07610827,0.035459019981017255,-0.002861712525142243,2.10550696384483e-12
0.07610827,0.08002988,0.041017084819755245,-0.004083943992390889,2.700614085034469e-12
0.08002988,0.08409673,0.043709185241649004,-0.006528622521115856,3.2145483194118304e-12
0.08409673,0.08801834,0.04866918689007817,-0.008535504295429684,3.833671851331463e-12
0.08801834,0.0920852,0.05291226646602044,-0.012163507964375434,4.717562436030741e-12
0.0920852,0.0960068,0.05693529681762537,-0.014893641115871102,5.284745637671364e-12
0.0960068,0.1000737,0.06318089699771336,-0.01953759103985835,6.7103672530507276e-12
0.1000737,0.1041405,0.06592106324382807,-0.023097122799252485,7.38197909627669e-12
0.1041405,0.1080621,0.07472480365157093,-0.028383429467564288,9.018088203886172e-12
0.1080621,0.112129,0.07561165998672169,-0.032857823649462645,9.742562389289112e-12
0.112129,0.1160506,0.08680028049775593,-0.038586870155038776,1.2149174860429431e-11
0.1160506,0.1201174,0.08757815235566085,-0.04441072341890433,1.2909632704290862e-11
0.1201174,0.124039,0.09847881986944097,-0.050264012137902984,1.5762125993023244e-11
0.124039,0.1281059,0.10018100027047659,-0.05757529567975618,1.6930689226710774e-11
0.1281059,0.1320275,0.11252876886984924,-0.06331426713586298,2.020780378487864e-11
0.1320275,0.1360944,0.11531004942339332,-0.0721406943863873,2.2136877358154795e-11
0.1360944,0.140016,0.12788061760505898,-0.07769273510811922,2.5597991106622325e-11
0.140016,0.1440828,0.13331996655847292,-0.08804072735320143,2.884030844579518e-11
0.1440828,0.1480044,0.1452601489188093,-0.0935889432884535,3.222189675346799e-11
0.1480044,0.1520713,0.15424758415500833,-0.1053738916619542,3.733238854545242e-11
0.1520713,0.1561382,0.16486397501782546,-0.11165534190661185,4.1806206785020454e-11
0.1561382,0.1600598,0.17844316095471252,-0.12441060026519782,4.6399147597766213e-11
0.1600598,0.1641266,0.1869128799055768,-0.1315010524245102,5.1999910841251046e-11
0.1641266,0.1680482,0.20471815075479513,-0.1445542941656469,5.886179101392284e-11
0.1680482,0.1721151,0.2113187194177387,-0.15328525904251494,6.421933619361213e-11
0.1721151,0.1760367,0.23331298449612384,-0.16601280089759266,7.379993006492259e-11
0.1760367,0.1801035,0.24006358807907852,-0.17710551293400156,7.954819073664767e-11
0.1801035,0.1840251,0.26175887392900893,-0.1890386066911463,9.048035763892304e-11
0.1840251,0.188092,0.2697428016425289,-0.2030963141459094,9.78265429004889e-11
0.188092,0.1920136,0.2934528763769888,-0.21412915646674785,1.0960083443941263e-10
0.1920136,0.1960805,0.3025330104010439,-0.23158685977034374,1.1957950022412698e-10
0.1960805,0.2000021,0.32615190228478036,-0.24213548041615535,1.3121449796009278e-10
0.2000021,0.2040689,0.33801804858856954,-0.2630856693223169,1.45056389335202e-10
0.2040689,0.2081358,0.36015102412156647,-0.27417949789766044,1.6139375813754895e-10
0.2081358,0.2120574,0.37663387392900904,-0.2979839096287231,1.6883705637102198e-10
0.2120574,0.2161242,0.3959529113799571,-0.30970234582472883,1.900823424957958e-10
0.2161242,0.2200458,0.4173819614443083,-0.33512443900448563,2.0182129101874116e-10
0.2200458,0.2241127,0.4340202365438028,-0.3489623300302447,2.2265541948862888e-10
0.2241127,0.2280343,0.4606395348837232,-0.3748693390452895,2.3953900709302353e-10
0.2280343,0.2321012,0.4746853131377682,-0.3919654036243786,2.596291320207028e-10
0.2321012,0.2360228,0.5064164116687074,-0.41720461036312034,2.824183044594047e-10
0.2360228,0.2400896,0.5205909068555183,-0.4383548982000602,3.033327036975032e-10
0.2400896,0.2440112,0.5517571909424694,-0.46198875458996114,3.2870382893206616e-10
0.2440112,0.2480781,0.5674199267255113,-0.48772529445031876,3.5353098534633423e-10
0.2480781,0.252145,0.6016561508765905,-0.5097002385109056,3.939042819789012e-10
0.252145,0.2560666,0.6189430589555318,-0.5405181303549585,3.968910471246466e-10
0.2560666,0.2601334,0.6534492229762909,-0.5600510966853496,4.525462593722289e-10
0.2601334,0.264055,0.6747506629946995,-0.5948324663402745,4.606252875999626e-10
0.264055,0.2681219,0.7081958002409608,-0.613648749661898,5.179460804642319e-10
0.2681219,0.2720435,0.7349434159526832,-0.6513441962464338,5.330030135513609e-10
0.2720435,0.2761104,0.7664915045858025,-0.6708687698246857,5.910569290162046e-10
0.2761104,0.2800319,0.7993740660461548,-0.7100415657274012,6.14654706864207e-10
0.2800319,0.2840988,0.8286525363298861,-0.7319298728761477,6.727249885686911e-10
0.2840988,0.2880204,0.8676713586291259,-0.7710888667890545,7.060588913708655e-10
0.2880204,0.2920873,0.8945388379355322,-0.7969888858836008,7.634531166244578e-10
0.2920873,0.2960089,0.9396662076703317,-0.8347025958792313,8.078122454100315e-10
0.2960089,0.3000757,0.9672049277072898,-0.8658308743975582,8.673990512171788e-10
0.3000757,0.3041426,1.0123710934618566,-0.9014337701935259,9.510922711746067e-10
0.3041426,0.3080642,1.0417997756017872,-0.9392643308853417,9.50194321333126e-10
0.3080642,0.312131,1.0898782826792626,-0.9714392151077094,1.0722658496311628e-09
0.312131,0.3160526,1.1205602305181412,-1.0153131374948976,1.0761972509919343e-09
0.3160526,0.3201195,1.1690166957633663,-1.045664019277584,1.2030350816100763e-09
0.3201195,0.3240411,1.203364188086487,-1.0949431354549168,1.21520529169726e-09
0.3240411,0.328108,1.2504138287147566,-1.1249143081954287,1.3445074693255356e-09
0.328108,0.3320296,1.2899071807425588,-1.1782726438188615,1.3677143818849528e-09
0.3320296,0.3360964,1.3347833677584215,-1.2097526310612565,1.4980006779679214e-09
0.3360964,0.340018,1.3802608629131057,-1.2653455222358347,1.5346568430385714e-09
0.340018,0.3440849,1.4227777914381814,-1.3001317957166223,1.6649061159851268e-09
0.3440849,0.3480065,1.4746197980416402,-1.3559470624235144,1.7170915314336133e-09
0.3480065,0.3520734,1.5146017851434743,-1.3957734392288992,1.8462238460006449e-09
0.3520734,0.3561402,1.5737744664109115,-1.4504416248647458,1.9882279721402423e-09
0.3561402,0.3600618,1.6145846083231516,-1.497483680130581,1.9762999981257844e-09
0.3600618,0.3641287,1.6721901202389935,-1.548242641815608,2.205635490496423e-09
0.3641287,0.3680503,1.7153944818441562,-1.602388565891498,2.1937493870512154e-09
0.3680503,0.3721171,1.7772307465329102,-1.650058276777812,2.4353748365889815e-09
0.3721171,0.3760388,1.8218736772317958,-1.7107810388351976,2.4316365782645095e-09
0.3760388,0.3801056,1.885076227008979,-1.7560226713878166,2.681407828346621e-09
0.3801056,0.3840272,1.9340396776825464,-1.8223610261117842,2.6912742326856267e-09
0.3840272,0.3880941,1.996610440384571,-1.8664806117681878,2.9457790776389914e-09
0.3880941,0.3920157,2.0517051713586056,-1.9366679416564456,2.973618373056903e-09
0.3920157,0.3960825,2.1129170355070506,-1.981911330776054,3.2309670848455983e-09
0.3960825,0.4000041,2.1747679518563983,-2.053885148918835,3.279811043553679e-09
0.4000041,0.404071,2.234044603998118,-2.1025855073888793,3.5380787797978393e-09
0.404071,0.4081379,2.304216233494824,-2.1750702008901257,3.747623366480619e-09
0.4081379,0.4120595,2.360996787025673,-2.2302001733986057,3.73160264182985e-09
0.4120595,0.4161263,2.437603521196048,-2.29952247467297,4.11742923575786e-09
0.4161263,0.4200479,2.4960625764994293,-2.361942319461452,4.081886013226786e-09
0.4200479,0.4241148,2.5714930290884404,-2.4280670781184472,4.505590081056784e-09
0.4241148,0.4280364,2.6325821093431405,-2.4984386474908704,4.467913052692794e-09
0.4280364,0.4321032,2.712718353496588,-2.5613715943739055,4.909504803341645e-09
0.4321032,0.4360248,2.774975010199923,-2.6392883006936256,4.883734019951092e-09
0.4360248,0.4400917,2.8563884039440626,-2.699932135041435,5.33650476343653e-09
0.4400917,0.4440133,2.922681303549566,-2.7845241738065596,5.3297431715268895e-09
0.4440133,0.4480802,3.003122033981631,-2.844878654503475,5.788427626838656e-09
0.4480802,0.4520018,3.075197113423097,-2.9342893206854197,5.806464181680917e-09
0.4520018,0.4560686,3.1537213533982813,-2.996649945903443,6.2678004293843e-09
0.4560686,0.4601355,3.2340377191472625,-3.0892918439105848,6.554650628036113e-09
0.4601355,0.4640571,3.3097931966543963,-3.1564876580986927,6.536742269596567e-09
0.4640571,0.4681239,3.396327333530024,-3.247773187764358,7.116358625218905e-09
0.4681239,0.4720456,3.469534640589567,-3.32166840910828,7.057727365887154e-09
0.4720456,0.4761124,3.5639920822268176,-3.4108987410248957,7.715116220079699e-09
0.4761124,0.480034,3.6392717258261325,-3.4930439106486677,7.623036913219056e-09
0.480034,0.4841009,3.7324077307040224,-3.578750399567282,8.340251694644626e-09
0.4841009,0.4880225,3.8106752345981096,-3.669573643410823,8.242109464912245e-09
0.4880225,0.4920893,3.9093953476935086,-3.751779285925074,8.984220542487954e-09
0.4920893,0.496011,3.9888828824235008,-3.8504911135477387,8.903186593569186e-09
0.496011,0.5000778,4.089763942165783,-3.930075243434593,9.661372053496506e-09
0.5000778,0.5041447,4.176170793479063,-4.036982222331511,9.975619174383478e-09
0.5041447,0.5080662,4.276035955629201,-4.115291342598517,1.0008489757745748e-08
0.5080662,0.5121331,4.367656937716721,-4.225115198308274,1.07518610835772e-08
0.5121331,0.5160547,4.466033761729935,-4.305282792737684,1.0736345163198778e-08
0.5160547,0.5201216,4.56543804863663,-4.416852885490174,1.1576581259927735e-08
0.5201216,0.5240432,4.6620410036718765,-4.501802580579319,1.1504984788861462e-08
0.5240432,0.52811,4.769728041703582,-4.612865151962311,1.2451375052867349e-08
0.52811,0.5320317,4.863681566667448,-4.7048601371853485,1.231678719942871e-08
0.5320317,0.5360985,4.980038359398022,-4.813585620143541,1.3376881037178989e-08
0.5360985,0.5400201,5.076180640554908,-4.914621583027431,1.3187917304161692e-08
0.5400201,0.544087,5.191071823747912,-5.019506257837676,1.4338259484373869e-08
0.544087,0.5480086,5.290292227662161,-5.130204508363954,1.4136189861536278e-08
0.5480086,0.5520754,5.4114586407002685,-5.231484213632279,1.5320380557686466e-08
0.5520754,0.5561423,5.514155745162178,-5.353227273844955,1.571810095158478e-08
0.5561423,0.5600639,5.636798755610015,-5.451300489596152,1.576668979931673e-08
0.5600639,0.5641307,5.742197796793444,-5.579300678666151,1.6817174687469076e-08
0.5641307,0.5680524,5.863505622561682,-5.676938572557881,1.6797184556952297e-08
0.5680524,0.5721192,5.975622110750414,-5.810061965181393,1.797287862250394e-08
0.5721192,0.5760408,6.095019889840821,-5.910500815993415,1.7876693336903563e-08
0.5760408,0.5801077,6.214377043940159,-6.045656396764194,1.9186267685460608e-08
0.5801077,0.5840293,6.331545797633715,-6.151853835169353,1.900603417533679e-08
0.5840293,0.5880961,6.459491492082214,-6.2868496114881545,2.0463023097767117e-08
0.5880961,0.5920178,6.573631333350218,-6.4007241757400655,2.0188936550985475e-08
0.5920178,0.5960846,6.710888167601174,-6.533171043572409,2.180434674535295e-08
0.5960846,0.6000062,6.8274734802119825,-6.656882394940758,2.144782519073796e-08
0.6000062,0.604073,6.963502016327366,-6.7851529458051445,2.3194032515983596e-08
0.604073,0.6081399,7.085657380314365,-6.9217143278665,2.3683809793700405e-08
0.6081399,0.6120616,7.228676339342751,-7.044577606650069,2.3731744422061686e-08
0.6120616,0.6161284,7.350368840365768,-7.189244614930636,2.5177218388905147e-08
0.6161284,0.62005,7.4953794369646145,-7.309123827009377,2.5144749397185032e-08
0.62005,0.6241168,7.622332054686535,-7.461183239893772,2.6745238713484517e-08
0.6241168,0.6280385,7.766797562281647,-7.5800851671469145,2.661681524593903e-08
0.6280385,0.6321053,7.901381921904264,-7.737179108881708,2.8389665245402336e-08
0.6321053,0.6360269,8.044642492860184,-7.858386882905004,2.8154639796511777e-08
0.6360269,0.6400938,8.18736629865481,-8.016971157392328,3.0112314509822546e-08
0.6400938,0.6440154,8.328812219502336,-8.14373725010216,2.9758846060281637e-08
0.6440154,0.6480823,8.480545378543912,-8.301526961567731,3.191653253214998e-08
0.6480823,0.6520038,8.619520591610335,-8.436822644396237,3.1434529645543696e-08
0.6520038,0.6560707,8.780724876441525,-8.591509503553146,3.3803156556836923e-08
0.6560707,0.6601375,8.924188551194776,-8.740469164945358,3.446343134700471e-08
0.6601375,0.6640592,9.085774026570487,-8.88983349057827,3.449050678226362e-08
0.6640592,0.668126,9.229580997344389,-9.047806629290685,3.64457694423131e-08
0.668126,0.6720476,9.397378620971088,-9.193178804569788,3.638195133108965e-08
0.6720476,0.6761145,9.542700828640944,-9.361122722466762,3.851911189480939e-08
0.6761145,0.6800361,9.71259434924493,-9.503822419420416,3.8339494934209706e-08
0.6800361,0.684103,9.863045562959329,-9.680348668519093,4.0682104033539083e-08
0.684103,0.6880246,10.032310791514059,-9.822529069767556,4.036801216289329e-08
0.6880246,0.6920914,10.190068358414226,-10.005217861709244,4.29378910418507e-08
0.6920914,0.696013,10.357160342717476,-10.149989800081695,4.247057170134652e-08
0.696013,0.7000799,10.522813445130256,-10.334925864909412,4.528177081708449e-08
0.7000799,0.7040015,10.687665748673938,-10.486049061607645,4.465199873138539e-08
0.7040015,0.7080683,10.862631553063837,-10.670812432379076,4.7723885465230534e-08
0.7080683,0.7121352,11.026612407484963,-10.834257050825027,4.8663748537952674e-08
0.7121352,0.7160568,11.213550591594743,-11.014843431252395,4.851542663453566e-08
0.7160568,0.7201236,11.376384380840227,-11.18680289170874,5.1158462922200526e-08
0.7201236,0.7240453,11.561292296708086,-11.3620572710812,5.101535838845381e-08
0.7240453,0.7281121,11.728953968722132,-11.545854234287248,5.381595949468791e-08
0.7281121,0.7320337,11.921052631579167,-11.716768665850951,5.354460000000046e-08
0.7320337,0.7361006,12.090405468538838,-11.910762497233836,5.65879337549487e-08
0.7361006,0.7400222,12.285342717258061,-12.078508771929778,5.615998716340343e-08
0.7400222,0.7440891,12.460389977624486,-12.281177309498815,5.947219532420267e-08
0.7440891,0.7480106,12.655652173912962,-12.448198393471847,5.886523495652127e-08
0.7480106,0.7520775,12.838230593326614,-12.656192677469175,6.247211389018677e-08
0.7520775,0.7561443,13.034808694796507,-12.829177731877524,6.396050278449877e-08
0.7561443,0.760066,13.227426881199548,-13.038977994237257,6.328662391309823e-08
0.760066,0.7641328,13.41818874791009,-13.214561817645276,6.696749640307018e-08
0.7641328,0.7680544,13.621182680538325,-13.423352713178312,6.641280039550004e-08
0.7680544,0.7721213,13.808192972534396,-13.60763480783864,7.007657933561212e-08
0.7721213,0.7760429,14.022223072215573,-13.813300693594652,6.965679533353824e-08
0.7760429,0.7801098,14.211743588482747,-14.009233076790798,7.335959922938849e-08
0.7801098,0.7840313,14.424467678184222,-14.210399081984056,7.295174528241698e-08
0.7840313,0.7880982,14.617782586245093,-14.41841451719967,7.68515301689254e-08
0.7880982,0.7920198,14.837232252141497,-14.614700632395008,7.626189005278321e-08
0.7920198,0.7960867,15.032798937766305,-14.834591457866905,8.047357927364862e-08
0.7960867,0.8000083,15.254689412484623,-15.027713178294425,7.967066639458452e-08
0.8000083,0.8040751,15.45620881282579,-15.257568604308297,8.423015554637428e-08
0.8040751,0.808142,15.680459317908154,-15.453706754530343,8.628172739678926e-08
0.808142,0.8120636,15.890322827417398,-15.6901876784988,8.501163809440106e-08
0.8120636,0.8161305,16.108721630726098,-15.885310678895605,9.003325606629172e-08
0.8161305,0.8200521,16.327476030191647,-16.12399020807864,8.888841225596742e-08
0.8200521,0.8241189,16.543547752533,-16.326357332546202,9.390448575292513e-08
0.8241189,0.8280405,16.771664626682796,-16.563790289677964,9.289489603427196e-08
0.8280405,0.8321074,16.984009933856058,-16.775406329144328,9.788903965477212e-08
0.8321074,0.836029,17.223487862097087,-17.009621073031603,9.703540826626967e-08
0.836029,0.8400958,17.438974131995987,-17.233768564965697,1.0207903508163839e-07
0.8400958,0.8440174,17.676685536515507,-17.462329151365925,1.0123968107328456e-07
0.8440174,0.8480843,17.89632398141093,-17.69846320293136,1.0652428923455241e-07
0.8480843,0.8520059,18.142242962056542,-17.92244747042036,1.0545541566554588e-07
0.8520059,0.8560728,18.364154515724227,-18.170218102240174,1.1112884463645557e-07
0.8560728,0.8601396,18.617414183141662,-18.395005901445565,1.1387899907543856e-07
0.8601396,0.8640612,18.845555385557226,-18.653049775601584,1.1180314188035571e-07
0.8640612,0.8681281,19.094059357250156,-18.871324596129963,1.1849773237109456e-07
0.8681281,0.8720497,19.33118880048902,-19.13556201550386,1.1655546975366901e-07
0.8720497,0.8761166,19.57802011360003,-19.356709041284443,1.2325342562516898e-07
0.8761166,0.8800381,19.825454545454125,-19.623432360066094,1.214646123636373e-07
0.8800381,0.884105,20.069446015392657,-19.850448744744316,1.2814943364208483e-07
0.884105,0.8880266,20.32672888616949,-20.115401876785054,1.2651965860618201e-07
0.8880266,0.8920935,20.568034620964063,-20.352782217413687,1.3318625138459467e-07
0.8920935,0.8960151,20.836518257854134,-20.613869339045838,1.3173471938163098e-07
0.8960151,0.9000819,21.08104898200091,-20.86408970197697,1.3845400539908378e-07
0.9000819,0.9040036,21.34663793762848,-21.118938215569454,1.3702193425784598e-07
0.9040036,0.9080704,21.5959452149108,-21.383107111242015,1.4403199701632547e-07
0.9080704,0.9121373,21.87435393051197,-21.63782979665059,1.4759939058152635e-07
0.9121373,0.9160588,22.125421394874646,-21.915672574271017,1.4448785187708992e-07
0.9160588,0.9201257,22.40192038161722,-22.161557943395348,1.5320673348987871e-07
0.9201257,0.9240474,22.657640819033176,-22.44812453782934,1.5021109557386042e-07
0.9240474,0.9281142,22.935494737877153,-22.6952395003439,1.5895444628085814e-07
0.9281142,0.9320358,23.199563953488802,-22.988242044063764,1.561098658430251e-07
0.9320358,0.9361026,23.47469755090017,-23.238253663814213,1.6485106355119426e-07
0.9361026,0.9400243,23.747586505851025,-23.533182038401247,1.621698934898106e-07
0.9400243,0.9440911,24.020539490509478,-23.79082079276197,1.7089653025917478e-07
0.9440911,0.9480127,24.304238066094573,-24.085572215421312,1.6840163513616526e-07
0.9480127,0.9520796,24.572475349775235,-24.351914234429355,1.7709382984583109e-07
0.9520796,0.9560012,24.868344553243766,-24.643665850673166,1.7480954120257147e-07
0.9560012,0.960068,25.139987213533516,-24.92298613160235,1.8355458864217222e-07
0.960068,0.9641349,25.438392879097766,-25.212741891858993,1.8805586319801497e-07
0.9641349,0.9680565,25.714478784169653,-25.506986944103883,1.8363480734139293e-07
0.9680565,0.9721234,26.016671174605296,-25.785733605449558,1.947555970788581e-07
0.9721234,0.976045,26.29526213790191,-26.092054263565565,1.9044080650754396e-07
0.976045,0.9801118,26.601603226123707,-26.367709255434153,2.0161887117143852e-07
0.9801118,0.9840334,26.88591391268924,-26.683573031416202,1.9744208600061547e-07
0.9840334,0.9881003,27.191939806732073,-26.957387690869258,2.0864103494307204e-07
0.9881003,0.9920219,27.48561811505529,-27.280166258670615,2.0464142111383086e-07
0.9920219,0.9960887,27.790719976394275,-27.557858758729058,2.1583940576866368e-07
0.9960887,1.00001,28.096014076963534,-27.88422206921096,2.1204904704307126e-07
1.00001,1.004077,28.394885665109356,-28.165060240963754,2.2320367774772255e-07
1.004077,1.008144,28.7148758298513,-28.49294320137803,2.2781521037129144e-07
1.008144,1.012066,29.01165221825589,-28.786511983682832,2.22542581835797e-07
1.012066,1.016132,29.346655189374,-29.113674372846276,2.3592949972945933e-07
1.016132,1.020054,29.63906170321353,-29.413156552779526,2.3009692772054983e-07
1.020054,1.024121,29.965355298746033,-29.72756331448256,2.44040850088515e-07
1.024121,1.028043,30.269224885262705,-30.047781744007523,2.3809772294747752e-07
1.028043,1.032109,30.610895228726385,-30.364977865225462,2.5220316578947784e-07
1.032109,1.036031,30.909153493115934,-30.690591534930764,2.4631195327129187e-07
1.036031,1.040098,31.246520776985182,-30.996754364396214,2.6041162880747367e-07
1.040098,1.04402,31.558082610913168,-31.340540540540484,2.5473684283529105e-07
1.04402,1.048086,31.90344318740612,-31.654058042301774,2.6892688400392445e-07
1.048086,1.052008,32.215425803162255,-31.997042325343166,2.6337077056858897e-07
1.052008,1.056075,32.55146299483634,-32.30609786083143,2.7749471173838056e-07
1.056075,1.060142,32.88905827391298,-32.66690435210379,2.8241176558643823e-07
1.060142,1.064063,33.22606477939317,-32.98811527671442,2.7619166347870224e-07
1.064063,1.06813,33.562158839438666,-33.33560363904543,2.9178940895008103e-07
1.06813,1.072052,33.88712391636959,-33.65940846506904,2.8481111037990833e-07
1.072052,1.076119,34.24339808212408,-34.0110892549794,3.013898438800085e-07
1.076119,1.08004,34.58023463402306,-34.356490691150206,2.9386974996685604e-07
1.08004,1.084107,34.92586673223551,-34.69358249323876,3.1111962085074946e-07
1.084107,1.088029,35.258694543599574,-35.04403365629736,3.033093939418657e-07
1.088029,1.092095,35.630693556319386,-35.39274471224708,3.208258909198142e-07
1.092095,1.096017,35.956603773583915,-35.746965833759106,3.130633620754713e-07
1.096017,1.100084,36.32434226702814,-36.082985001229105,3.305660443668543e-07
1.100084,1.104006,36.66522182559977,-36.45652728199837,3.230646025497183e-07
1.104006,1.108073,37.03334152938221,-36.791467912466246,3.405956420457328e-07
1.108073,1.112139,37.40159862272563,-37.18903098868771,3.4588250374324224e-07
1.112139,1.116061,37.75402855685888,-37.51346251912258,3.3833650231514746e-07
1.116061,1.120128,38.11885910990865,-37.90034423407859,3.566400458323048e-07
1.120128,1.124049,38.48814078041207,-38.25110941086293,3.485062659525596e-07
1.124049,1.128116,38.85409392673019,-38.62665355299063,3.677268011507429e-07
1.128116,1.132038,39.210453850073556,-38.97850586435262,3.587089949566345e-07
1.132038,1.136105,39.597836242932594,-39.35947873125261,3.7908196570446726e-07
1.136105,1.140026,39.96740627390892,-39.734659525631464,3.693787687834686e-07
1.140026,1.144093,40.34268502581699,-40.099778706662356,3.905575337349306e-07
1.144093,1.148015,40.70596634370359,-40.47881183069913,3.804786674145882e-07
1.148015,1.152082,41.10034423407841,-40.848807474795954,4.018791659208218e-07
1.152082,1.156003,41.47518490181284,-41.25151747003499,3.9206492287683246e-07
1.156003,1.16007,41.86287189574541,-41.60764691418666,4.1339585997049467e-07
1.16007,1.164137,42.24315220063827,-42.020555692156805,4.1884085406932937e-07
1.164137,1.168059,42.63523712391655,-42.38064762876064,4.099804401835841e-07
1.168059,1.172125,43.03066896212362,-42.80718150516301,4.3133942567632545e-07
1.172125,1.176047,43.410810810811924,-43.1608618052025,4.2151897297297564e-07
1.176047,1.180114,43.80501598229439,-43.57946889599234,4.438324219326219e-07
1.180114,1.184036,44.19342172361271,-43.95096889342146,4.3331650000000617e-07
1.184036,1.188102,44.60924741761109,-44.37973438268766,4.568433028037505e-07
1.188102,1.192024,44.98342682304834,-44.75135135135071,4.452459586945429e-07
1.192024,1.196091,45.39995082370227,-45.1645930661418,4.6993489097614563e-07
1.196091,1.200012,45.79974496301847,-45.57179290997122,4.5767685141544935e-07
1.200012,1.204079,46.203171871160606,-45.96769117285613,4.832851777723291e-07
1.204079,1.208001,46.59523202447544,-46.37679755226741,4.7051865298315145e-07
1.208001,1.212068,47.01954757806798,-46.77885419228128,4.964323833292539e-07
1.212068,1.216135,47.42473567740459,-47.211703958690926,5.01990827145311e-07
1.216135,1.220056,47.859270594233394,-47.613797500638,4.917540053557748e-07
1.220056,1.224123,48.25382345709419,-48.04152938283535,5.160263880501484e-07
1.224123,1.228045,48.67651708312233,-48.43069862315314,5.04726805634888e-07
1.228045,1.232112,49.092107204325714,-48.87671502335828,5.303911262355422e-07
1.232112,1.236033,49.527059423617644,-49.28268298903566,5.182016227493232e-07
1.236033,1.2401,49.93956233095734,-49.718613228422306,5.449904437177202e-07
1.2401,1.244022,50.35930647628849,-50.11866394696627,5.316935577766546e-07
1.244022,1.248088,50.80873093949583,-50.5792670929654,5.600646411460724e-07
1.248088,1.25201,51.2131310555857,-50.97776644569062,5.455222720040766e-07
1.25201,1.256077,51.66038849274541,-51.420137693631446,5.75083444701251e-07
1.256077,1.260144,52.09070567986379,-51.85716744529177,5.807071869191236e-07
1.260144,1.264065,52.54600867125656,-52.29956643713217,5.695987339964224e-07
1.264065,1.268132,52.962257192032425,-52.7324563560378,5.961961292107123e-07
1.268132,1.272054,53.41004589495245,-53.156603773584344,5.840388518613047e-07
1.272054,1.276121,53.84202114580606,-53.615908532086856,6.12022254364389e-07
1.276121,1.280042,54.30782963529859,-54.05034429992593,5.989610530477199e-07
1.280042,1.284109,54.73112859601703,-54.50754856159362,6.28149162896476e-07
1.284109,1.288031,55.18357980622314,-54.927052524221075,6.138069581846048e-07
1.288031,1.292098,55.62908777969022,-55.40508974674071,6.445186110154762e-07
1.292098,1.296019,56.0933180311114,-55.842922723795944,6.292548416730385e-07
1.296019,1.300086,56.53506269977952,-56.30949102532517,6.612340933365955e-07
1.300086,1.304008,56.98416624171254,-56.74077001529835,6.446048885262708e-07
1.304008,1.308075,57.44966805999534,-57.22082616178994,6.781933314482295e-07
1.308075,1.312141,57.92063453025132,-57.68937530742793,6.851431858583587e-07
1.312141,1.316063,58.37904130545827,-58.14209586945552,6.70891942682302e-07
1.316063,1.32013,58.83329235308501,-58.60663880009919,7.018811777723095e-07
1.32013,1.324051,59.31805661820659,-59.08171384850659,6.877335484315096e-07
1.324051,1.328118,59.76304401278915,-59.544086550284185,7.195470499139754e-07
1.328118,1.33204,60.240387557369544,-59.99931157572655,7.041498901580905e-07
1.33204,1.336107,60.703565281533535,-60.489451684287964,7.374269110400699e-07
1.336107,1.340028,61.20030604437548,-60.95564906911365,7.21123206120878e-07
1.340028,1.344095,61.65303663634033,-61.44140644209472,7.557429230882671e-07
1.344095,1.348017,62.13579806221431,-61.889852116266646,7.38049009382963e-07
1.348017,1.352084,62.61268748462968,-62.398155888862384,7.743311061224465e-07
1.352084,1.356005,63.1109920938563,-62.86720224432785,7.555016863555484e-07
1.356005,1.360072,63.58158347676554,-63.361027784607806,7.932438354561022e-07
1.360072,1.364139,64.07378903368588,-63.83474305384563,8.016912483894617e-07
1.364139,1.368061,64.56473737888521,-64.33480367159815,7.837513470423403e-07
1.368061,1.372128,65.04838947627339,-64.81551512171113,8.202601912957848e-07
1.372128,1.376049,65.5685284366234,-65.3269319051209,8.028210621780025e-07
1.376049,1.380116,66.03769363167031,-65.80390951561729,8.392730483649145e-07
1.380116,1.384038,66.53799082100787,-66.29495155532764,8.215445726669644e-07
1.384038,1.388104,67.04636005902654,-66.81800295130469,8.594002432366278e-07
1.388104,1.392026,67.53753187149688,-67.28513513513596,8.402344340132605e-07
1.392026,1.396093,68.0310548315672,-67.80759773788779,8.794374458077148e-07
1.396093,1.400015,68.5429882712949,-68.2868179500286,8.591178149923565e-07
1.400015,1.404081,69.05784554844895,-68.83622725036814,9.002380745696167e-07
1.404081,1.408003,69.55265170831545,-69.29869964303974,8.783108857725681e-07
1.408003,1.41207,70.0594787312482,-69.83806245389822,9.208617884435668e-07
1.41207,1.416137,70.5829604130802,-70.33634128349959,9.311304137693509e-07
1.416137,1.420058,71.10989543483794,-70.88661055853105,9.089266834480891e-07
1.420058,1.424125,71.60784361937444,-71.36978116547657,9.515966338578603e-07
1.424125,1.428047,72.12758796532154,-71.90043345231935,9.295082261091355e-07
1.428047,1.432114,72.64081632653121,-72.41202360462253,9.722973265305931e-07
1.432114,1.436035,73.18995154297643,-72.95753634277277,9.508838504463591e-07
1.436035,1.440102,73.68832062945742,-73.46358495205178,9.936133153675837e-07
1.440102,1.444024,74.21680265170836,-73.98488016318392,9.717948139214703e-07
1.444024,1.448091,74.73870174575825,-74.52308827145163,1.0158484341283388e-06
1.448091,1.452012,75.29500127518153,-75.05679673552669,9.929151818158475e-07
1.452012,1.456079,75.79840177035176,-75.58905827391482,1.0384381042537957e-06
1.456079,1.460001,76.34069352370895,-76.09859765425348,1.013728069301331e-06
1.460001,1.464067,76.88846532218727,-76.68027545499379,1.0616759291687393e-06
1.464067,1.468134,77.42633390705255,-77.18470617162502,1.0736709722891556e-06
1.468134,1.472056,77.95456399795951,-77.74362570117373,1.0462282034166233e-06
1.472056,1.476123,78.50504057044837,-78.26530612244522,1.0961658814851227e-06
1.476123,1.480044,79.06363172660139,-78.84695230809056,1.0692565554705858e-06
1.480044,1.484111,79.59213179247571,-79.35677403491175,1.1189857808703972e-06
1.484111,1.488033,80.14117797042354,-79.9154258031652,1.0921639733809221e-06
1.488033,1.4921,80.68709122203074,-80.4562576837944,1.1420450891566308e-06
1.4921,1.496021,81.26786534047463,-81.03251721499699,1.1158890589900313e-06
1.496021,1.500088,81.79591836734113,-81.56619129579204,1.1657554285714294e-06
1.500088,1.50401,82.35402855685864,-82.1148138704759,1.1392032770270313e-06
1.50401,1.508077,82.90781903123504,-82.68401770347154,1.1904733734694216e-06
1.508077,1.512143,83.50964092473868,-83.26219872109752,1.2058792149532466e-06
1.512143,1.516065,84.0317695053527,-83.81412544620302,1.1722431845996965e-06
1.516065,1.520132,84.61384312761147,-84.3635603638999,1.2298622098598338e-06
1.520132,1.524054,85.16142274349961,-84.94566547679946,1.1966883123916452e-06
1.524054,1.52812,85.76328086572006,-85.51672405312645,1.2548025623462972e-06
1.52812,1.532042,86.3000764915833,-86.08386027537128,1.2215775827384146e-06
1.532042,1.536109,86.87833784116116,-86.63754610277796,1.2791966463732538e-06
1.536109,1.54003,87.46689619994564,-87.25052282580758,1.2471030060188221e-06
1.54003,1.544097,88.02338332923777,-87.78920580279785,1.3044185175559322e-06
1.544097,1.548019,88.59882712901296,-88.37947475778121,1.2722791575726872e-06
1.548019,1.552086,89.17378903368459,-88.95079911482627,1.3299378896483763e-06
1.552086,1.556007,89.78446824790029,-89.55842897220226,1.2984629798011072e-06
1.556007,1.560074,90.34012785836846,-90.12176051143382,1.3559149790263214e-06
1.560074,1.564141,90.94238996804114,-90.71612982541865,1.3734119732972437e-06
1.564141,1.568063,91.51302906680304,-91.30436002040358,1.3338023986486352e-06
1.568063,1.572129,92.14200688636915,-91.91094441711336,1.4000977946384197e-06
1.572129,1.576051,92.69201937786696,-92.48850076491478,1.3604407684090047e-06
1.576051,1.580118,93.30216375707508,-93.0688468158379,1.4264034795181367e-06
1.580118,1.58404,93.8805711371764,-93.67845486996447,1.3873670802651813e-06
1.58404,1.588107,94.49208261617329,-94.25704450455333,1.4534772148020469e-06
1.588107,1.592028,95.10142820709063,-94.8980617189472,1.4150141502932459e-06
1.592028,1.596095,95.68841898204869,-95.45492992377515,1.4807782837472213e-06
1.596095,1.600017,96.28391126976457,-96.07417134115508,1.4423329908210131e-06
1.600017,1.604083,96.91652729956088,-96.68666994589265,1.508796496999552e-06
1.604083,1.608005,97.49862315145104,-97.28008669046238,1.4703767357470872e-06
1.608005,1.612072,98.10344234079115,-97.88013277600017,1.5362999070567618e-06
1.612072,1.616139,98.7388738627946,-98.50983525940667,1.5544460912220528e-06
1.616139,1.62006,99.3594746238212,-99.1372098954368,1.509469138485037e-06
1.62006,1.624127,99.96272436685197,-99.73056306859442,1.5839093675928047e-06
1.624127,1.628049,100.56190719020573,-100.3464813870539,1.5377926847526943e-06
1.628049,1.632116,101.1971477747817,-100.95940496680599,1.6127789440865927e-06
1.632116,1.636037,101.82527416474979,-101.61326192297435,1.5671927946697014e-06
1.636037,1.640104,102.43862798131681,-102.19852471108953,1.6419887679124827e-06
1.640104,1.644026,103.044059153495,-102.83533911269528,1.5961524762876088e-06
1.644026,1.648093,103.68433734939335,-103.44588148512692,1.6714952024096247e-06
1.648093,1.652014,104.32374394286944,-104.11634787043994,1.6263028443253849e-06
1.652014,1.656081,104.93511187607945,-104.70339316449677,1.701208033735e-06
1.656081,1.660003,105.55849056604163,-105.34933707292926,1.6560016000000368e-06
1.660003,1.66407,106.19397590360963,-105.96955987213488,1.7312803891566161e-06
1.66407,1.668136,106.87134776193007,-106.65993605508982,1.7496977055582e-06
1.668136,1.672058,107.46489036205872,-107.25183579806567,1.6988049868434579e-06
1.672058,1.676125,108.12316203589924,-107.90558150970524,1.7812209713793991e-06
1.676125,1.680046,108.77322111706508,-108.56355521551643,1.7290591228768939e-06
1.680046,1.684113,109.40044258666778,-109.18539463977918,1.813093534988896e-06
1.684113,1.688035,110.02822539521152,-109.82860785313822,1.7597914369709485e-06
1.688035,1.692102,110.69375461027904,-110.47108433734289,1.8446007268256515e-06
1.692102,1.696023,111.35021678142553,-111.15473093599128,1.7917363382300336e-06
1.696023,1.70009,111.9898696828133,-111.76683058765389,1.8761662867961398e-06
1.70009,1.704012,112.62394186639864,-112.42993370729174,1.8231563709331962e-06
1.704012,1.708079,113.29368084583547,-113.06973198918791,1.9082054664864277e-06
1.708079,1.712,113.9631726600339,-113.7677123182835,1.8558902667686482e-06
1.712,1.716067,114.60336857634377,-114.37991148266174,1.9404642367346653e-06
1.716067,1.720134,115.27334644701429,-115.07088763216092,1.9583788827882976e-06
1.720134,1.724056,115.9249617542036,-115.7056858745514,1.9026763972717884e-06
1.724056,1.728122,116.62793900639831,-116.4188391539682,1.9930548496803377e-06
1.728122,1.732044,117.24943906170415,-117.03434472207888,1.934381245640011e-06
1.732044,1.736111,117.93417752643046,-117.7170149987678,2.0269347091467316e-06
1.736111,1.740033,118.5870729219746,-118.37223355431264,1.9666480173381084e-06
1.740033,1.744099,119.29943433349976,-119.0793900639343,2.0620907224544536e-06
1.744099,1.748021,119.92623661396694,-119.71998980113197,2.000249700484449e-06
1.748021,1.752088,120.61750676174333,-120.39073026800654,2.095487944971725e-06
1.752088,1.756009,121.30515174701127,-121.10369803622116,2.034772615404286e-06
1.756009,1.760076,121.96916646176282,-121.74061962133865,2.129581646422402e-06
1.760076,1.764143,122.65207769854828,-122.45296287189848,2.1459207514138083e-06
1.764143,1.768065,123.33120856705654,-123.10351861294842,2.0867640489546325e-06
1.768065,1.772132,124.01426112613352,-123.81706417506564,2.181782895992082e-06
1.772132,1.776053,124.72532517215257,-124.50446314715663,2.120829429227227e-06
1.776053,1.78012,125.38505040570942,-125.18686992869827,2.218061541676992e-06
1.78012,1.784042,126.06425293217681,-125.85058643549102,2.1540598898521036e-06
1.784042,1.788108,126.79439252336246,-126.59517953762852,2.2551650654205093e-06
1.788108,1.79203,127.43753187149206,-127.23635900051032,2.1882298597654726e-06
1.79203,1.796097,128.15146299483845,-127.94541431030048,2.2916044612736287e-06
1.796097,1.800019,128.82687404385095,-128.62978072412096,2.2226500578786475e-06
1.800019,1.804085,129.5713231677356,-129.3669454008908,2.3294332479095686e-06
1.804085,1.808007,130.2202957674725,-130.03034166241446,2.258801250382421e-06
1.808007,1.812074,130.93902139168702,-130.73100565527653,2.3650206043766845e-06
1.812074,1.816141,131.64420949102472,-131.45930661420297,2.381048817064142e-06
1.816141,1.820062,132.38332058147876,-132.17214996174653,2.3165757268553244e-06
1.820062,1.824129,133.05458568970045,-132.86992869437367,2.4190654224245465e-06
1.824129,1.828051,133.76211116776753,-133.54844467108174,2.3515379143292666e-06
1.828051,1.832118,134.47233833292853,-134.28841898206227,2.4576164553726514e-06
1.832118,1.836039,135.21346595256284,-135.00153022187334,2.3880050221881794e-06
1.836039,1.840106,135.89820506515179,-135.70912220310396,2.496450027046895e-06
1.840106,1.844028,136.60351861296016,-136.39571647118052,2.4236196272310555e-06
1.844028,1.848095,137.33194000491446,-137.13474305384307,2.5355596083107433e-06
1.848095,1.852016,138.07064524355863,-137.8666156592694,2.460833110175957e-06
1.852016,1.856083,138.77231374477677,-138.56823211213577,2.574920281534405e-06
1.856083,1.860005,139.4790922998521,-139.2763895971394,2.4970941894441965e-06
1.860005,1.864071,140.24840137727102,-140.04279390064085,2.6154924372847002e-06
1.864071,1.868138,140.9456601917839,-140.74895500368152,2.630186964838938e-06
1.868138,1.87206,141.6728709841946,-141.4597144314137,2.5588953957164443e-06
1.87206,1.876127,142.39881976887474,-142.20973690680944,2.6704050671256448e-06
1.876127,1.880049,143.13003569606414,-142.9143294237697,2.5965219775624397e-06
1.880049,1.884115,143.89424495819475,-143.70954254796155,2.7116870462372197e-06
1.884115,1.888037,144.59331973483216,-144.38016318204762,2.6343456922488423e-06
1.888037,1.892104,145.32874354560718,-145.14162773543188,2.7519450877796303e-06
1.892104,1.896025,146.0961489415957,-145.88905891354258,2.6732673333333408e-06
1.896025,1.900092,146.80329481191373,-146.6188836980575,2.793226290386105e-06
1.900092,1.904014,147.53085160630758,-147.33401325853728,2.7108793982660642e-06
1.904014,1.908081,148.28571428572343,-148.09958200148267,2.8347780000001272e-06
1.908081,1.912002,149.0492221372084,-148.85998469777542,2.75055434532005e-06
1.912002,1.916069,149.77403491516705,-149.58446029013624,2.8765601145807263e-06
1.916069,1.920136,150.52716990410872,-150.34398819768896,2.893132205556878e-06
1.920136,1.924058,151.26874043854602,-151.07776644569273,2.814657453340123e-06
1.924058,1.928124,152.06025577963766,-151.8844072798872,2.935979418593291e-06
1.928124,1.932046,152.7710351861354,-152.57751147373597,2.8543740214176828e-06
1.932046,1.936113,153.52741578558033,-153.35308581263416,2.977971283993078e-06
1.936113,1.940035,154.2789393166785,-154.08363080062284,2.8941186226415503e-06
1.940035,1.944101,155.0752582390559,-154.90555828823236,3.0216414067879144e-06
1.944101,1.948023,155.79500254972507,-155.59433962263915,2.9345546680264475e-06
1.948023,1.95209,156.55593803785717,-156.38578805016505,3.064112819277184e-06
1.95209,1.956012,157.3123406425375,-157.11473737888087,2.974933673890886e-06
1.956012,1.960078,158.1229709788557,-157.94786030497298,3.108697609444159e-06
1.960078,1.964145,158.86181460536164,-158.6697811654823,3.1278302677648734e-06
1.964145,1.968067,159.61983681793697,-159.4365119836823,3.03964055252435e-06
1.968067,1.972134,160.39291861322874,-160.20457339561347,3.17032642930905e-06
1.972134,1.976055,161.2014792144953,-161.01096659017824,3.0833006929355646e-06
1.976055,1.980122,161.93557905089546,-161.74747971476816,3.2136115662650466e-06
1.980122,1.984044,162.70244773075484,-162.50968893421998,3.1250259135644306e-06
1.984044,1.988111,163.47873125153117,-163.29702483402892,3.2582945925743236e-06
1.988111,1.992032,164.2940576383563,-164.0974241264934,3.1677537253251905e-06
1.992032,1.996099,165.03171871157147,-164.85517580525078,3.303109850012245e-06
1.996099,2.000021,165.8069862315283,-165.6086180520361,3.20902841152494e-06
2.000021,2.004087,166.63182488931258,-166.45892769303657,3.349299680275227e-06
2.004087,2.008009,167.36664966854391,-167.17057623663092,3.2514319031108293e-06
2.008009,2.012076,168.15588886156823,-167.98672239980013,3.394058460781778e-06
2.012076,2.016143,168.95524956970485,-168.76567494468455,3.416275146299529e-06
2.016143,2.020064,169.77403723539973,-169.6046926804319,3.3182335577658392e-06
2.020064,2.024131,170.5249569707403,-170.3442340791691,3.4608040017211477e-06
2.024131,2.028053,171.3077511473882,-171.13742988272975,3.3620859240185684e-06
2.028053,2.03212,172.10204081632136,-171.9304155397117,3.5053743673468534e-06
2.03212,2.036041,172.93751593981273,-172.7617954603302,3.407906689109798e-06
2.036041,2.040108,173.68822227686047,-173.5215146299479,3.550882016228237e-06
2.040108,2.04403,174.47985721571246,-174.304691483954,3.45156053544121e-06
2.04403,2.048097,175.27809195966714,-175.1185148758261,3.597758115564379e-06
2.048097,2.052018,176.12012241775537,-175.9428717163909,3.496512790359443e-06
2.052018,2.056085,176.87853454634939,-176.72043275141536,3.644935961396674e-06
2.056085,2.060007,177.6766955634723,-177.4969403365518,3.5396751290155274e-06
2.060007,2.064074,178.48389476272519,-178.32776001966718,3.692474814851289e-06
2.064074,2.068141,179.30784361939112,-179.12933366119088,3.717230906073562e-06
2.068141,2.072062,180.14639122672614,-179.98801326192606,3.6077917770977346e-06
2.072062,2.076129,180.92205556920692,-180.7423162035807,3.7637215220063028e-06
2.076129,2.08005,181.7638357561983,-181.60443764346124,3.6541801540422817e-06
2.08005,2.084117,182.54093926726534,-182.36292107204116,3.810359566264966e-06
2.084117,2.088039,183.3416624171205,-183.1769505354339,3.699834747577554e-06
2.088039,2.092106,184.16203589870443,-183.99041062208778,3.857273841898667e-06
2.092106,2.096027,185.02218821729483,-184.84901810762398,3.747809444529349e-06
2.096027,2.100094,185.79763953774838,-185.62478485370923,3.904537394885643e-06
2.100094,2.104016,186.60351861294293,-186.4296277409286,3.7936495334011027e-06
2.104016,2.108083,187.42980083599795,-187.26604376690287,3.953456789033605e-06
2.108083,2.112004,188.29533282325488,-188.1162968630469,3.840659903595975e-06
2.112004,2.116071,189.07327268258675,-188.91099090240917,4.002681182690356e-06
2.116071,2.120138,189.91664617653365,-189.73690681090744,4.030221148512395e-06
2.120138,2.12406,190.7225905150365,-190.56756756756081,3.907715157062572e-06
2.12406,2.128127,191.56503565281986,-191.3897221539182,4.078036478976992e-06
2.128127,2.132048,192.42489160926888,-192.27467482784155,3.956640621270019e-06
2.132048,2.136115,193.22178509958263,-193.04794688960897,4.126444442586654e-06
2.136115,2.140037,194.034421213679,-193.8829678735411,4.0039002817442205e-06
2.140037,2.144104,194.87902630931444,-194.7150233587384,4.1748933806245764e-06
2.144104,2.148025,195.749553685277,-195.59755164499163,4.053581757714692e-06
2.148025,2.152092,196.5424145561868,-196.38726333906683,4.223499946397887e-06
2.152092,2.156013,197.42234123947486,-197.26574853352557,4.1024362509562755e-06
2.156013,2.16008,198.2161298254439,-198.06565035654344,4.272746894517239e-06
2.16008,2.164002,199.04360020397007,-198.88934217235533,4.1500590642527445e-06
2.164002,2.168069,199.8905827391252,-199.74747971477734,4.323633304647112e-06
2.168069,2.172136,200.75510204080197,-200.59577083845244,4.353575142857062e-06
2.172136,2.176057,201.6294312675298,-201.48865085437376,4.2199023669982185e-06
2.176057,2.180124,202.4408655028375,-202.2815343004635,4.403291265552045e-06
2.180124,2.184046,203.26644569096948,-203.12850586436892,4.268392093064988e-06
2.184046,2.188112,204.18421052633826,-204.02238071814818,4.454074368421192e-06
2.188112,2.192034,204.96379398263534,-204.8240693523641,4.318177211626487e-06
2.192034,2.196101,205.8296041308203,-205.6692894025048,4.503345908777902e-06
2.196101,2.200023,206.66573176951692,-206.52141764407273,4.3682935724122934e-06
2.200023,2.20409,207.53208753380554,-207.37423162034906,4.553461532579279e-06
2.20409,2.208011,208.42667686812692,-208.2779903086105,4.419687682988931e-06
2.208011,2.212078,209.2385050405778,-209.08359970492836,4.604084064912658e-06
2.212078,2.216145,210.11458077207166,-209.96090484387267,4.635337766412595e-06
2.216145,2.220067,210.9533401325987,-210.80137684855228,4.488876124681556e-06
2.220067,2.224133,211.8802262665885,-211.72405312343918,4.688485646826897e-06
2.224133,2.228055,212.67108618053743,-212.5242223355616,4.539889676695763e-06
2.228055,2.232122,213.54979100071992,-213.39070567986187,4.738456312515442e-06
2.232122,2.236043,214.4458046416719,-214.3042591175731,4.591713568987303e-06
2.236043,2.24011,215.27563314481685,-215.11605606096884,4.789882837472407e-06
2.24011,2.244032,216.1200917899233,-215.98113207549488,4.64182733146384e-06
2.244032,2.248099,217.0019670518758,-216.84656995327833,4.841313884927291e-06
2.248099,2.25202,217.90742157612218,-217.77301708746273,4.694379583014574e-06
2.25202,2.256087,218.73690681092032,-218.58667322350442,4.893144605360137e-06
2.256087,2.260009,219.58949515553033,-219.45563488015802,4.74467022182533e-06
2.260009,2.264076,220.47086304400588,-220.3292353085895,4.944940987214107e-06
2.264076,2.268142,221.41687161829805,-221.28381701917684,4.975901355878218e-06
2.268142,2.272064,222.2185109638096,-222.0798062213191,4.818586191739033e-06
2.272064,2.276131,223.1089254979095,-222.97516597000424,5.028652071797366e-06
2.276131,2.280053,223.96940336562008,-223.83579806220743,4.869318798572002e-06
2.280053,2.284119,224.91957697984577,-224.78283325135442,5.083857198475181e-06
2.284119,2.288041,225.71825599180718,-225.59612442630512,4.92133513538984e-06
2.288041,2.292108,226.61101549055613,-226.47750184414232,5.1350056110159895e-06
2.292108,2.29603,227.47832738398145,-227.35900050992726,4.9735861499234164e-06
2.29603,2.300096,228.44097393015232,-228.29881947860528,5.189265163797415e-06
2.300096,2.304018,229.24094849567288,-229.12187659358563,5.026337036715567e-06
2.304018,2.308085,230.14826653550713,-230.00172117037275,5.240936325547201e-06
2.308085,2.312006,231.0749808722577,-230.95562356543059,5.080414529457239e-06
2.312006,2.316073,231.91418736168993,-231.77255962625958,5.2939051549052174e-06
2.316073,2.32014,232.8232112121911,-232.70248340300643,5.323037077944465e-06
2.32014,2.324062,233.69709331970927,-233.55354411012965,5.156526364099659e-06
2.324062,2.328129,234.60265552005652,-234.46643717727127,5.378031275141285e-06
2.328129,2.33205,235.53022188215755,-235.402448355007,5.209221917367996e-06
2.33205,2.336117,236.38209982788,-236.25399557413928,5.433006182443851e-06
2.336117,2.340039,237.26109127998427,-237.1236613972705,5.260078393677035e-06
2.340039,2.344105,238.2314313821923,-238.09173635021605,5.48980510477139e-06
2.344105,2.348027,239.04283528811092,-238.92248852623973,5.313205099948844e-06
2.348027,2.352094,239.96951069584821,-239.8241947381573,5.542335819031041e-06
2.352094,2.356015,240.89722009691033,-240.7755674572513,5.368153652639534e-06
2.356015,2.360082,241.75608556675567,-241.6210966314698,5.596411624785405e-06
2.360082,2.364004,242.63309535950404,-242.52141764403757,5.420423350331215e-06
2.364004,2.368071,243.55692156382338,-243.4184902876776,5.650520580280283e-06
2.368071,2.372138,244.4661912957881,-244.35603639045104,5.6782162252272945e-06
2.372138,2.376059,245.42438153531987,-245.287426676885,5.502414634021964e-06
2.376059,2.380126,246.27169904106677,-246.1649864765058,5.734190240472097e-06
2.380126,2.384048,247.16598674144893,-247.0385007649166,5.5535725560940965e-06
2.384048,2.388115,248.080403245644,-247.974674207042,5.789948531349794e-06
2.388115,2.392036,249.0362152512156,-248.92068349909877,5.607797495026692e-06
2.392036,2.396103,249.90484386525043,-249.78534546348126,5.84627391738384e-06
2.396103,2.400025,250.79041305457105,-250.67797042329073,5.659085670576486e-06
2.400025,2.404092,251.71551512171766,-251.60486845338366,5.902728829604172e-06
2.404092,2.408013,252.6755929609716,-252.5651619484854,5.715016561591176e-06
2.408013,2.41208,253.53552987460301,-253.42685025817298,5.957577880993364e-06
2.41208,2.416002,254.43676695561777,-254.32942376337905,5.768081506883908e-06
2.416002,2.420069,255.36833046474536,-255.24637324811022,6.012647340792507e-06
2.420069,2.424135,256.3595671421413,-256.26094441708085,6.040856840137047e-06
2.424135,2.428057,257.19760326364656,-257.07368689448464,5.851245474248253e-06
2.428057,2.432124,258.12146545364124,-258.0275387263233,6.096054649618837e-06
2.432124,2.436045,259.09869931139787,-258.98010711553894,5.9061548508032555e-06
2.436045,2.440112,259.9722153921594,-259.86525694614187,6.153022393902112e-06
2.440112,2.444034,260.8656297807666,-260.7534421213663,5.957910118562364e-06
2.444034,2.448101,261.81017949347637,-261.6958446029098,6.210137457585277e-06
2.448101,2.452022,262.77633256822037,-262.6676868145922,6.013110818158661e-06
2.452022,2.456089,263.6565035652805,-263.5443816080464,6.266851433243089e-06
2.456089,2.460011,264.55379908209954,-264.44620091788664,6.065424951554998e-06
2.460011,2.464078,265.50676174080866,-265.3882468650265,6.324105557904858e-06
2.464078,2.468144,266.50762420070106,-266.39818002952217,6.350077161830126e-06
2.468144,2.472066,267.3493115757412,-267.2373788883223,6.151707659357716e-06
2.472066,2.476133,268.29432013769565,-268.19449225472175,6.4057951876074905e-06
2.476133,2.480055,269.207802141745,-269.08567057622116,6.20577825497164e-06
2.480055,2.484121,270.211264141677,-270.11829808165027,6.464534283325491e-06
2.484121,2.488043,271.0688424273414,-270.9584395716661,6.259792778174763e-06
2.488043,2.49211,271.9995082370415,-271.9082862060671,6.520100211949606e-06
2.49211,2.496032,272.92172361039104,-272.81438041813783,6.313771154002808e-06
2.496032,2.500098,273.94441711756514,-273.8465322183969,6.579323065912693e-06
2.500098,2.50402,274.7835288118068,-274.6858745537971,6.3678334966850114e-06
2.50402,2.508087,275.7383820998341,-275.64470125398674,6.635092688467964e-06
2.508087,2.512008,276.71716398882387,-276.62968630453406,6.423435527672177e-06
2.512008,2.516075,277.6097860830715,-277.5143840668816,6.692616722891507e-06
2.516075,2.520142,278.5554462748965,-278.46840422915164,6.7173645869190506e-06
2.520142,2.524064,279.4857215706086,-279.38857725649655,6.509222455379696e-06
2.524064,2.528131,280.4310302434333,-280.34792230144757,6.774933259650564e-06
2.528131,2.532052,281.43050242285307,-281.3412394797052,6.56521076052028e-06
2.532052,2.536119,282.3093189083236,-282.2249815589432,6.832450136219033e-06
2.536119,2.540041,283.23610402854797,-283.146098929097,6.617811570626913e-06
2.540041,2.544107,284.2621741268855,-284.18273487456787,6.8922206738809555e-06
2.544107,2.548029,285.1160122386378,-285.0216726160026,6.671999802396449e-06
2.548029,2.552096,286.08237029752223,-285.99852471108295,6.948082527415813e-06
2.552096,2.556018,287.0058643549199,-286.9138194798783,6.726843448751e-06
2.556018,2.560084,288.0457452041561,-287.95376291195765,7.007864935071498e-06
2.560084,2.564006,288.89189189186476,-288.80622131562706,6.7808704864861635e-06
2.564006,2.568073,289.86525694616677,-289.77182198182487,7.064016311777691e-06
2.568073,2.57214,290.8190312269314,-290.73739857387363,7.08958634325028e-06
2.57214,2.576061,291.8342259627754,-291.73705687324906,6.869194010711467e-06
2.576061,2.580128,292.72239980327305,-292.6319154167452,7.146817391197572e-06
2.580128,2.58405,293.65400305969024,-293.55813360531135,6.923186776135063e-06
2.58405,2.588117,294.6124907794515,-294.53823457096377,7.2041592370296265e-06
2.588117,2.592038,295.62637082373783,-295.5345575108363,6.979442988778226e-06
2.592038,2.596105,296.5188099336282,-296.43963609539446,7.262338692893947e-06
2.596105,2.600027,297.46277409486953,-297.36409994903556,7.032317442376667e-06
2.600027,2.604094,298.4182444061828,-298.3437423161826,7.319901117039672e-06
2.604094,2.608015,299.43483805152545,-299.35016577404156,7.08852092119348e-06
2.608015,2.612082,300.3240717973695,-300.24956970740425,7.378061471846402e-06
2.612082,2.616004,301.2649158592295,-301.1853646098649,7.141183565527494e-06
2.616004,2.62007,302.3076733891029,-302.2378258730973,7.437373380718162e-06
2.62007,2.624137,303.2085074993815,-303.13154659452226,7.463174203589811e-06
2.624137,2.628059,304.1415094339909,-304.07598164206127,7.225793981132667e-06
2.628059,2.632126,305.11654782393566,-305.0513892303815,7.51959732112095e-06
2.632126,2.636047,306.1423106350479,-306.0683499107194,7.28373785462904e-06
2.636047,2.640114,307.0324563560289,-306.9697565773338,7.576639925497772e-06
2.640114,2.644036,307.9734829168931,-307.9036206017647,7.337160257012055e-06
2.644036,2.648103,308.9577083845613,-308.8950086058452,7.634344974182536e-06
2.648103,2.652024,309.97985207854515,-309.9048712063123,7.39363943177731e-06
2.652024,2.656091,310.874846324063,-310.819522989931,7.691976322596692e-06
2.656091,2.660013,311.8131055583695,-311.7460479346817,7.446096960733554e-06
2.660013,2.66408,312.80378657490405,-312.7322350627459,7.749713812393535e-06
2.66408,2.668001,313.816628411125,-313.7556745728201,7.502414135424549e-06
2.668001,2.672068,314.7312515367558,-314.6658470616892,7.807538156872253e-06
2.672068,2.676135,315.70322104745054,-315.63191541677685,7.835753946397786e-06
2.676135,2.680057,316.6534931157424,-316.59306476288333,7.584167813614978e-06
2.680057,2.684124,317.635357757549,-317.56528153425586,7.892285734201966e-06
2.684124,2.688045,318.6641162968941,-318.60622290236756,7.641565508799451e-06
2.688045,2.692112,319.5704450454824,-319.4949594295582,7.948675679616295e-06
2.692112,2.696033,320.5970415710281,-320.52894669725487,7.69657317699538e-06
2.696033,2.7001,321.49741824441327,-321.43422670272815,8.005285714286088e-06
2.7001,2.704022,322.453085160613,-322.3875573687051,7.75015990183497e-06
2.704022,2.708089,323.43791492500577,-323.3730022129152,8.062660343250617e-06
2.708089,2.71201,324.46799285897043,-324.40219331807265,7.806050972201824e-06
2.71201,2.716077,325.3749692648432,-325.3142365379612,8.11973235800338e-06
2.716077,2.720144,326.36390459798963,-326.29997541183707,8.15061215343012e-06
2.720144,2.724066,327.30800611928225,-327.25522692503995,7.884522559408005e-06
2.724066,2.728133,328.30194246373713,-328.2375215146295,8.206563655765443e-06
2.728133,2.732054,329.3330782963325,-329.2838561591309,7.941867183116964e-06
2.732054,2.736121,330.2355544627856,-330.1903122695112,8.26216333710413e-06
2.736121,2.740043,331.19479857215464,-331.1338602753762,7.994711242732685e-06
2.740043,2.74411,332.1777723137615,-332.1389230390842,8.318063596508352e-06
2.74411,2.748031,333.21958684005887,-333.17163988778486,8.051251657230604e-06
2.748031,2.752098,334.13080895009165,-334.0860585197583,8.374320464715494e-06
2.752098,2.75602,335.0859255482129,-335.0362060173854,8.104388195309211e-06
2.75602,2.760087,336.0703221047322,-336.0319645930798,8.429651889353432e-06
2.760087,2.764008,337.1168069369914,-337.0721754654102,8.160586545523937e-06
2.764008,2.768075,338.0213916892142,-337.9854929923649,8.486703081140838e-06
2.768075,2.772142,339.0211458077208,-338.9783624292914,8.517228246127326e-06
2.772142,2.776063,340.06018872737116,-340.01351695998125,8.239658372863898e-06
2.776063,2.78013,340.9697565773159,-340.92721908041295,8.57266161986678e-06
2.78013,2.784052,341.9265680775114,-341.8906170321447,8.292403129016503e-06
2.784052,2.788119,342.929186132313,-342.871895746242,8.628098323088162e-06
2.788119,2.79204,343.96761030347795,-343.94108645752925,8.3484378696757e-06
2.79204,2.796107,344.8834521760237,-344.8271453159327,8.683475558888767e-06
2.796107,2.800029,345.83528811835214,-345.7988271290515,8.400339148394123e-06
2.800029,2.804096,346.8345217604918,-346.7902630931973,8.73849577575609e-06
2.804096,2.808017,347.8859984697851,-347.84213210915755,8.456064964804613e-06
2.808017,2.812084,348.801327760024,-348.75288910745104,8.793630274157957e-06
2.812084,2.816006,349.7480877103449,-349.70525242221885,8.507971981642481e-06
2.816006,2.820073,350.75043029260206,-350.71625276618624,8.848381104991019e-06
2.820073,2.824139,351.84112149529835,-351.8017707820402,8.881525429906232e-06
2.824139,2.828061,352.7131565527795,-352.66879143296774,8.58609636996469e-06
2.828061,2.832128,353.7142857143113,-353.67666584708445,8.933761714285297e-06
2.832128,2.83605,354.6680265170356,-354.6259561447958,8.63935845792968e-06
2.83605,2.840116,355.76856861784,-355.7299557304531,8.990627497540372e-06
2.840116,2.844038,356.627231004607,-356.59969403365636,8.692432128506566e-06
2.844038,2.848105,357.6356036390387,-357.6016719941493,9.042458602409712e-06
2.848105,2.852026,358.68477429226954,-358.6574853353382,8.74760427543983e-06
2.852026,2.856093,359.60831079418506,-359.5709368084427,9.097371046471537e-06
2.856093,2.860015,360.5499745027912,-360.53595104537794,8.797419377867595e-06
2.860015,2.864082,361.56626506028664,-361.5296287189978,9.151242168675855e-06
2.864082,2.868003,362.61438408568426,-362.5962764600663,8.85286757306809e-06
2.868003,2.87207,363.5279075485349,-363.5111876075747,9.204163091221716e-06
2.87207,2.876137,364.52839931156484,-364.5136464224108,9.233868882960294e-06
2.876137,2.880059,365.4877613461923,-365.46047934726664,8.927769546404588e-06
2.880059,2.884125,366.58952287263315,-366.5688637481688,9.289745099114852e-06
2.884125,2.888047,367.4510453850475,-367.4413564507823,8.979768647119291e-06
2.888047,2.892114,368.4713548069565,-368.44824194741324,9.341117315711617e-06
2.892114,2.896035,369.51491966333185,-369.5065034429722,9.033900755929451e-06
2.896035,2.900102,370.4401278584067,-370.414802065419,9.394361642488313e-06
2.900102,2.904024,371.3924018357587,-371.384497705233,9.083515364099424e-06
2.904024,2.908091,372.41185148758706,-372.3865256945854,9.447343848536718e-06
2.908091,2.912013,373.36741458441236,-373.35007649160286,9.13480716522265e-06
2.912013,2.916079,374.4763895721016,-374.45302508613736,9.502338385391115e-06
2.916079,2.920001,375.33426823041634,-375.318204997398,9.186306214940648e-06
2.920001,2.924068,376.3449717236685,-376.3277600197113,9.552388072289408e-06
2.924068,2.928135,377.35800344231023,-377.3331694123055,9.58036499139383e-06
2.928135,2.932056,378.4169854629257,-378.3896965059654,9.264404638102753e-06
2.932056,2.936123,379.3245635603854,-379.31251536763074,9.632567967052774e-06
2.936123,2.940045,380.2822539520311,-380.26695563487016,9.31235183477752e-06
2.940045,2.944112,381.29776247848724,-381.28571428576055,9.684963166953445e-06
2.944112,2.948033,382.3611323641409,-382.33129303741237,9.365553576128386e-06
2.948033,2.9521,383.26874846324205,-383.2611261371945,9.73655928595991e-06
2.9521,2.956022,384.2355940846936,-384.218765935789,9.413003583886857e-06
2.956022,2.960088,385.3315297590263,-385.32833251354236,9.79050350811602e-06
2.960088,2.96401,386.2024477306819,-386.19250382458017,9.462732374298068e-06
2.96401,2.968077,387.2180968773147,-387.2144086549912,9.839986277846208e-06
2.968077,2.972144,388.22203098105774,-388.20358986969205,9.865886473321808e-06
2.972144,2.976065,389.27697016068754,-389.2749298648498,9.539232153786913e-06
2.976065,2.980132,390.18859109916207,-390.18883698057664,9.916643042784702e-06
2.980132,2.984054,391.1598674144935,-391.15986741458045,9.586937190463143e-06
2.984054,2.988121,392.16056060982623,-392.16301942462934,9.967544969019433e-06
2.988121,2.992042,393.22239224684483,-393.2336138740249,9.63709438918602e-06
2.992042,2.996109,394.13793951313613,-394.1369559871981,1.0018198146544987e-05
2.996109,3.000031,395.10173380931184,-395.1065782764517,9.683153292198927e-06
3.000031,3.004098,396.10105729038685,-396.11040078677,1.0068888876321519e-05
3.004098,3.008019,397.1818413669736,-397.186432032623,9.734926931904332e-06
3.008019,3.012086,398.0853208753887,-398.0895008605973,1.011932885665102e-05
3.012086,3.016008,399.0481896991284,-399.04997450283895,9.780671129526376e-06
3.016008,3.020075,400.06171625274663,-400.0715515121687,1.0165568209982677e-05
3.020075,3.024141,401.1635514018864,-401.17560255775527,1.0197577476634661e-05
3.024141,3.028063,402.0270270270238,-402.0372259051649,9.849662162162826e-06
3.028063,3.03213,403.04327514135406,-403.03934103758803,1.0245360054093793e-05
3.03213,3.036052,404.00101988780887,-404.00917899031595,9.898024987250962e-06
3.036052,3.040118,405.11313330055646,-405.118298081697,1.0293924717166988e-05
3.040118,3.04404,405.9813870474385,-405.9818969912999,9.946543982662644e-06
3.04404,3.048107,406.99188591098715,-406.9857388739165,1.0337593902139113e-05
3.048107,3.052028,408.04437643460506,-408.0642693190086,9.997087222647175e-06
3.052028,3.056095,408.97074010323206,-408.966805999508,1.0387856798622997e-05
3.056095,3.060017,409.919683834774,-409.9319224885202,1.0043032253951627e-05
3.060017,3.064084,410.92648143597853,-410.93754610282315,1.0433423363659803e-05
3.064084,3.068005,412.00102014791344,-412.0045906656295,1.0089904983421876e-05
3.068005,3.072072,412.90804032460596,-412.9210720432567,1.0483735143840558e-05
3.072072,3.076139,413.9070567985751,-413.91812146544765,1.0504961101548974e-05
3.076139,3.080061,414.868944416093,-414.88296787350623,1.0155991759306183e-05
3.080061,3.084127,415.98057058534897,-415.993605509116,1.0557586881456268e-05
3.084127,3.088049,416.8350331463581,-416.8561958184977,1.0199953261092064e-05
3.088049,3.092116,417.8586181460502,-417.8694369313963,1.060107314236536e-05
3.092116,3.096038,418.7995920448432,-418.83350331463384,1.0243838021416648e-05
3.096038,3.100104,419.92203639944756,-419.94048204621436,1.0653422063453327e-05
3.100104,3.104026,420.77995920448484,-420.79882712898,1.0288070002549405e-05
3.104026,3.108093,421.78337841158867,-421.8123924268579,1.0692208642734261e-05
3.108093,3.112015,422.7437531871932,-422.77562468130634,1.0336084765425899e-05
3.112015,3.116081,423.8561239547779,-423.8844072798977,1.0740514181013741e-05
3.116081,3.120003,424.71443141249273,-424.74171341153436,1.0380020703722325e-05
3.120003,3.12407,425.71969510696863,-425.74403737400434,1.0783479877059346e-05
3.12407,3.128137,426.7275633144638,-426.7619867223502,1.0809009178755191e-05
3.128137,3.132058,427.78015812295325,-427.8158633002298,1.0446391461363175e-05
3.132058,3.136125,428.7010081140636,-428.7228915662822,1.0850422515367809e-05
3.136125,3.140047,429.6460989291222,-429.6759306475724,1.04876612748588e-05
3.140047,3.144114,430.65429063192016,-430.6941234324796,1.0895553552987585e-05
3.144114,3.148035,431.72558020910554,-431.75082887022813,1.0534104157102273e-05
3.148035,3.152102,432.62060486844143,-432.65232358001225,1.0940975097123382e-05
3.152102,3.156024,433.57470678228754,-433.6101478837639,1.0570551351351653e-05
3.156024,3.16009,434.699458927693,-434.7164289227593,1.0984855327103383e-05
3.16009,3.164012,435.5420703722331,-435.5777664456909,1.0614160254971086e-05
3.164012,3.168079,436.5544627489904,-436.57757560854765,1.1027365729038903e-05
3.168079,3.172001,437.50586435488515,-437.53442121367453,1.0657642855686228e-05
3.172001,3.176067,438.61387112642325,-438.65518937529606,1.1070614107229411e-05
3.176067,3.180134,439.51635111878767,-439.5343004672263,1.109778786575027e-05
3.180134,3.184056,440.45563488015233,-440.4951555328677,1.0711881040284827e-05
3.184056,3.188123,441.4716006884303,-441.4986476517956,1.113832848537041e-05
3.188123,3.192044,442.53532262179044,-442.5738332057859,1.075803369293509e-05
3.192044,3.196111,443.4261126137653,-443.4536513401275,1.1178772298991542e-05
3.196111,3.200033,444.3742988271447,-444.4263131055152,1.0793851718511503e-05
3.200033,3.2041,445.38726333904214,-445.41308089501285,1.1219305163510832e-05
3.2041,3.208021,446.44095893905364,-446.4886508544204,1.0839586483040568e-05
3.208021,3.212088,447.34423407916626,-447.38259159081866,1.1259654371772565e-05
3.212088,3.21601,448.2776644569262,-448.33222845486455,1.0875216139725282e-05
3.21601,3.220077,449.29505778214985,-449.3297270715627,1.129977070322085e-05
3.220077,3.224144,450.2773543152287,-450.34374231624025,1.131997268748444e-05
3.224144,3.228065,451.34404488647397,-451.38918643197104,1.0936066207599983e-05
3.228065,3.232132,452.2382591590769,-452.2925989673478,1.1360225070076096e-05
3.232132,3.236053,453.293292527433,-453.3407294057476,1.0974230612088672e-05
3.236053,3.24012,454.1866240471875,-454.236783870152,1.1400084263584889e-05
3.24012,3.244042,455.1318204997765,-455.18510963799616,1.1009638737889688e-05
3.244042,3.248109,456.12466191294897,-456.1900663879806,1.1439606520776172e-05
3.248109,3.25203,457.20122417747024,-457.2445804641093,1.105055358837033e-05
3.25203,3.256097,458.07105974923945,-458.1386771576316,1.1479260757315012e-05
3.256097,3.260019,459.02090770019225,-459.0734319225546,1.1080764711882654e-05
3.260019,3.264086,460.0351610523303,-460.0776985492472,1.1519280432750709e-05
3.264086,3.268007,461.082376944666,-461.1372098954359,1.1121306931905226e-05
3.268007,3.272074,461.9700024587932,-462.0299975411937,1.1553869761495123e-05
3.272074,3.276141,462.9604130809026,-463.00614703715996,1.156938072289106e-05
3.276141,3.280063,463.89367669553843,-463.95130035687714,1.1175198671595982e-05
3.280063,3.284129,465.0213969503483,-465.0681259222908,1.1616234495818866e-05
3.284129,3.288051,465.83681795003145,-465.8895971443462,1.1208033839878021e-05
3.288051,3.292118,466.837718219834,-466.89771330217866,1.1647601069584698e-05
3.292118,3.29604,467.7827638959538,-467.83146353900054,1.1240819816419462e-05
3.29604,3.300107,468.7752643225845,-468.82444061962497,1.1686567339561879e-05
3.300107,3.304028,469.8270849273098,-469.8882938025871,1.128054830910542e-05
3.304028,3.308095,470.7074010327274,-470.76247848542386,1.1715907211704886e-05
3.308095,3.312016,471.767151236941,-471.82478959447326,1.1317693958173722e-05
3.312016,3.316083,472.6397836242519,-472.6983034177454,1.1754551418735818e-05
3.316083,3.320005,473.5678225395207,-473.6432942376028,1.1346685028046367e-05
3.320005,3.324072,474.5674944676782,-474.62650602411276,1.1783510887632023e-05
3.324072,3.328139,475.5517580525632,-475.61298254237227,1.1803194634865913e-05
3.328139,3.33206,476.60137719978985,-476.66998214747906,1.1400304942617894e-05
3.33206,3.336127,477.47283009587994,-477.5495451192686,1.1841326186378027e-05
3.336127,3.340049,478.4008159102366,-478.4739928607322,1.1424211483936472e-05
3.340049,3.344115,479.5255779636101,-479.58878504674664,1.1877848566158777e-05
3.344115,3.348037,480.3197348291514,-480.39622641505775,1.1460428873022874e-05
3.348037,3.352104,481.3243176788686,-481.3990656504092,1.1903150376198712e-05
3.352104,3.356026,482.2417134115212,-482.32712901579197,1.1491820030597e-05
3.356026,3.360092,483.3612887358859,-483.43433349730554,1.193902383177635e-05
3.360092,3.364014,484.15323814378957,-484.2355940846311,1.1522847067821489e-05
3.364014,3.368081,485.16695352838724,-485.2330956478305,1.1969068743545912e-05
3.368081,3.372003,486.07700152988485,-486.16853646107216,1.155405032636447e-05
3.372003,3.376069,487.18986719126946,-487.25700934577515,1.1999486428922274e-05
3.376069,3.380136,488.0398328006739,-488.1231866241162,1.2015540683551646e-05
3.380136,3.384058,488.97756246807893,-489.0405405404769,1.1598547781743176e-05
3.384058,3.388125,489.9535283993184,-490.03442340791565,1.2043057728054789e-05
3.388125,3.392046,490.99974496300985,-491.0790614638762,1.1631783958173658e-05
3.392046,3.396113,491.86525694611214,-491.9444307844018,1.2075292058027865e-05
3.396113,3.400035,492.78786333507173,-492.8587455379664,1.1654432967874253e-05
3.400035,3.404102,493.7696090484268,-493.84607819035887,1.2107230813867662e-05
3.404102,3.408023,494.8212190767921,-494.88166284110133,1.1682728982402354e-05
3.408023,3.41209,495.6656011801844,-495.75928202603177,1.2138850572903929e-05
3.41209,3.416012,496.594594594646,-496.66649668540845,1.1709700540541447e-05
3.416012,3.420079,497.57511679375745,-497.6537988689383,1.2160735854437487e-05
3.420079,3.424,498.61540423351255,-498.6947207344659,1.174239276970171e-05
3.424,3.428067,499.4674207032755,-499.54782394887576,1.2187005065158878e-05
3.428067,3.432134,500.43004671748224,-500.51217113353,1.2200484538971709e-05
3.432134,3.436055,501.47232848759387,-501.55521550626327,1.1784599719458743e-05
3.436055,3.440122,502.32677649374926,-502.4179985246957,1.2226633739857781e-05
3.440122,3.444044,503.23278939321324,-503.3161652218065,1.1805841239164168e-05
3.444044,3.448111,504.21194984010486,-504.29800835998856,1.2257392500614377e-05
3.448111,3.452032,505.25554705433143,-505.3407294057313,1.1833084912012824e-05
3.452032,3.456099,506.0858126382852,-506.1903122695066,1.2277641814605132e-05
3.456099,3.460021,507.0071392147695,-507.1002039776135,1.1853826914840126e-05
3.460021,3.464088,507.97541185150163,-508.07769854922276,1.2308244229161483e-05
3.464088,3.468009,509.016067329729,-509.10737056878713,1.1880435011475595e-05
3.468009,3.472076,509.8593557904906,-509.9609048438421,1.2333497816572385e-05
3.472076,3.476143,510.8079665601366,-510.9107450209106,1.234112047209263e-05
3.476143,3.480065,511.7269250382396,-511.8133605303491,1.191812008414044e-05
3.480065,3.484132,512.6879763953737,-512.7875583968771,1.2360907110893253e-05
3.484132,3.488053,513.7204794694994,-513.8242795205057,1.1944001147666519e-05
3.488053,3.49212,514.5564298008668,-514.6678141135425,1.2385373265305704e-05
3.49212,3.496042,515.4612442631171,-515.5606833248592,1.1958700866904506e-05
3.496042,3.500108,516.5624692572559,-516.6591244466389,1.2412996136251864e-05
3.500108,3.50403,517.3363080060382,-517.4184089750141,1.1981508893420907e-05
3.50403,3.508097,518.2788296042124,-518.3993115318707,1.2433509122204117e-05
3.508097,3.512018,519.3190512624235,-519.4287171639922,1.2006656465188138e-05
3.512018,3.516085,520.18686992871,-520.2557167445107,1.2458475534792008e-05
3.516085,3.520007,521.0428352880706,-521.132075471686,1.2015247781742674e-05
3.520007,3.524074,522.0211458077175,-522.1367101056857,1.2481525596262518e-05
3.524074,3.528141,522.9505778214884,-523.0563068601602,1.2482830292599077e-05
3.528141,3.532062,523.9938791124899,-524.0856924253625,1.2057099158379326e-05
3.532062,3.536129,524.8119006639031,-524.912712072801,1.2506267592819614e-05
3.536129,3.540051,525.7164711881483,-525.7980622131034,1.2070450178480105e-05
3.540051,3.544117,526.7904574520264,-526.8912936547636,1.252707707820953e-05
3.544117,3.548039,527.5522692503932,-527.6772055074084,1.2091498011218639e-05
3.548039,3.552106,528.4976641258613,-528.6009343496322,1.2541249569706998e-05
3.552106,3.556028,529.4186639470781,-529.497705252422,1.2107804844467632e-05
3.556028,3.560095,530.3270223751508,-530.452421932583,1.2563447160069431e-05
3.560095,3.564016,531.3695485845255,-531.489415965341,1.2125853098699083e-05
3.564016,3.568083,532.1735923284673,-532.2817801819004,1.2580583722645638e-05
3.568083,3.572005,533.0749617542482,-533.1896991331367,1.213811687914404e-05
3.572005,3.576072,534.0078682075587,-534.133267764963,1.2597245611014608e-05
3.576072,3.580138,535.0934579439457,-535.194294146599,1.260680186915947e-05
3.580138,3.58406,535.8133605302785,-535.953595104498,1.2168321417643727e-05
3.58406,3.588127,536.7641996557741,-536.8945168428962,1.2619326333906425e-05
3.588127,3.592048,537.8219841876919,-537.9112471307961,1.2187046161693642e-05
3.592048,3.596115,538.6009343495986,-538.7140398328336,1.2630191910498819e-05
3.596115,3.600037,539.4492605814588,-539.5920448750579,1.21969477817444e-05
3.600037,3.604104,540.4327514137611,-540.5556921564321,1.264612638308402e-05
3.604104,3.608025,541.4384085692298,-541.5480744707405,1.2214850497321706e-05
3.608025,3.612092,542.2350626997832,-542.3530858126243,1.2661188714039795e-05
3.612092,3.616014,543.1157572666975,-543.2406935237996,1.2225535696074103e-05
3.616014,3.62008,544.1785538612678,-544.3039842596007,1.2679360304967121e-05
3.62008,3.624002,544.9235084141162,-545.0331463539559,1.2233532763895882e-05
3.624002,3.628069,545.8568969756587,-545.9872141628089,1.2691172854684269e-05
3.628069,3.632136,546.7863289894016,-546.8797639537645,1.2696378559133949e-05
3.632136,3.636057,547.7811782708274,-547.9367508288614,1.2253864957919094e-05
3.636057,3.640124,548.5665109417624,-548.6869928694207,1.2710286058519319e-05
3.640124,3.644046,549.4620091789656,-549.5716471188342,1.226399204487641e-05
3.644046,3.648113,550.3614457831376,-550.4917629702039,1.2718853012047955e-05
3.648113,3.652034,551.3823004335821,-551.4970670747452,1.2279283830654997e-05
3.652034,3.656101,552.1858864027371,-552.2965330709872,1.2727884681583437e-05
3.656101,3.660023,553.0265170831698,-553.1489036207764,1.2288249209587655e-05
3.660023,3.66409,553.9611507252961,-554.0816326529822,1.2735566855175923e-05
3.66409,3.668011,554.9502677888865,-555.0803366488038,1.2297697934200462e-05
3.668011,3.672078,555.743791492418,-555.8839439390881,1.2748762576837237e-05
3.672078,3.676145,556.6535529875684,-556.7617408408618,1.2758499434472922e-05
3.676145,3.680067,557.5063742986915,-557.6466088729402,1.2304165680774035e-05
3.680067,3.684134,558.4214408656812,-558.5443816081565,1.2765514138187318e-05
3.684134,3.688055,559.4083142054662,-559.5664371333844,1.2312576995663886e-05
3.688055,3.692122,560.2065404474755,-560.3294811900067,1.2772709122202934e-05
3.692122,3.696043,561.1757204794078,-561.3134404488906,1.232341882172874e-05
3.696043,3.70011,561.9695106958932,-562.0998278829315,1.2773566978116621e-05
3.70011,3.704032,562.8021417645234,-562.9653238144048,1.2330994926057477e-05
3.704032,3.708099,563.7373985738948,-563.8505040572136,1.2779926825671651e-05
3.708099,3.71202,564.7181841366245,-564.8584544757014,1.2339092323385851e-05
3.71202,3.716087,565.4708630439428,-565.630686009457,1.2785296213425584e-05
3.716087,3.720009,566.3360530341733,-566.4813870473548,1.234612595614351e-05
3.720009,3.724076,567.2362921072055,-567.3666092942439,1.278550602409722e-05
3.724076,3.728143,568.1288418982449,-568.2837472338175,1.2805624096385126e-05
3.728143,3.732064,569.1277735271511,-569.2629431268077,1.2338690130069902e-05
3.732064,3.736131,569.8770592574526,-570.019670518856,1.2805137521514579e-05
3.736131,3.740053,570.7139214686363,-570.8592554818757,1.2344542121365952e-05
3.740053,3.74412,571.6351118760684,-571.7580526185997,1.280462650602423e-05
3.74412,3.748041,572.5860749808223,-572.7416475389723,1.2356407498086252e-05
3.748041,3.752108,573.3611999016708,-573.5062699777794,1.2803155593804145e-05
3.752108,3.75603,574.1891891892317,-574.3294237634514,1.2356551351352377e-05
3.75603,3.760097,575.0971231865416,-575.2225227440296,1.2807412933365806e-05
3.760097,3.764018,576.0724305024429,-576.2229023208827,1.2356753634276274e-05
3.764018,3.768085,576.8182935825098,-576.946151954703,1.2811134300467067e-05
3.768085,3.772007,577.6466088731206,-577.7944926058844,1.2355860963795552e-05
3.772007,3.776073,578.6965076241592,-578.8243974421747,1.2812340678799265e-05
3.776073,3.78014,579.4172608802236,-579.5623309565278,1.2822503983280138e-05
3.78014,3.784062,580.2345741968576,-580.3952065272434,1.2341589393166313e-05
3.784062,3.788129,581.1335136464179,-581.2687484631184,1.2819805311039437e-05
3.788129,3.79205,582.1091558275667,-582.2621780158906,1.2352356286661754e-05
3.79205,3.796117,582.8399311531482,-582.9727071550876,1.2816650086058026e-05
3.796117,3.800039,583.6588475268788,-583.8245792963426,1.2350221213667867e-05
3.800039,3.804106,584.5463486599065,-584.688959921254,1.2807410499139229e-05
3.804106,3.808027,585.4934965569232,-585.6694720735087,1.235391277735237e-05
3.808027,3.812094,586.2552249815936,-586.392918613251,1.280967666584711e-05
3.812094,3.816016,587.0397756246874,-587.2055073941222,1.2345446481387795e-05
3.816016,3.820082,588.0742744712369,-588.2439744221513,1.2808257697981657e-05
3.820082,3.824004,588.7506374299464,-588.9061703212836,1.2346100866905533e-05
3.824004,3.828071,589.6238013277319,-589.7787066633324,1.279483648881295e-05
3.828071,3.832138,590.4893041553921,-590.6417506761476,1.2807713007130237e-05
3.832138,3.83606,591.2876083631159,-591.4456909739774,1.2328346634370522e-05
3.83606,3.840126,592.3044761435307,-592.4717166748463,1.2805622774224192e-05
3.840126,3.844048,592.9627740949172,-593.128505864352,1.232769607343253e-05
3.844048,3.848115,593.830833538207,-593.9955741333274,1.2797054462749033e-05
3.848115,3.852036,594.7870441213993,-594.9604692680716,1.2323987554195257e-05
3.852036,3.856103,595.522498155895,-595.6601917874965,1.2785868035407295e-05
3.856103,3.860025,596.3003569607818,-596.481387047421,1.2319565374808815e-05
3.860025,3.864092,597.192033439866,-597.3174329974379,1.2773937595279655e-05
3.864092,3.868013,598.1076256057391,-598.2836011220057,1.2321017087477085e-05
3.868013,3.87208,598.8320629455848,-598.991885911043,1.2767099582001235e-05
3.87208,3.876002,599.6200917899075,-599.7883732788957,1.2310200484445823e-05
3.876002,3.880069,600.4917629702314,-600.6245389721987,1.2754445045488154e-05
3.880069,3.884135,601.4658140679223,-601.6502705361776,1.2763104574521212e-05
3.884135,3.888057,602.1188169301917,-602.2667006629555,1.2289245053544943e-05
3.888057,3.892124,602.9677895254141,-603.1226948610705,1.2758798426357891e-05
3.892124,3.896045,603.9224687579283,-604.0933435348323,1.2277743789849702e-05
3.896045,3.900112,604.5979837718645,-604.7528891073812,1.27449254979097e-05
3.900112,3.904034,605.3773584906255,-605.5430902601472,1.2270999056604141e-05
3.904034,3.908101,606.2478485369354,-606.41750676169,1.2731204819277074e-05
3.908101,3.912022,607.1741902576282,-607.3374139250539,1.226491864320294e-05
3.912022,3.916089,607.895254487329,-608.0181952299162,1.2717168723875443e-05
3.916089,3.920011,608.6180520142035,-608.8347781743585,1.2251481387046815e-05
3.920011,3.924078,609.4934841406263,-609.6557659207898,1.27079391443319e-05
3.924078,3.928145,610.312269486147,-610.4819277108177,1.2694495205310657e-05
3.928145,3.932066,611.2369293547571,-611.4103545015164,1.2236963325683862e-05
3.932066,3.936133,611.9154167691622,-612.1121219571843,1.2685006589623778e-05
3.936133,3.940055,612.6848546659344,-612.8454869963782,1.2223062850585467e-05
3.940055,3.944122,613.5333169412197,-613.7300221293535,1.2675598328006139e-05
3.944122,3.948043,614.4529456771693,-614.6085182351163,1.2209180030604197e-05
3.948043,3.95211,615.1389230390633,-615.3110400788028,1.2665710425375586e-05
3.95211,3.956032,615.8847526771614,-616.0734319224027,1.2182200407954905e-05
3.956032,3.960099,616.7150233588559,-616.9068109171319,1.2654992279320917e-05
3.960099,3.96402,617.643458301331,-617.8143330782931,1.217375256312199e-05
3.96402,3.968087,618.3157118270261,-618.490287681275,1.2632189992623576e-05
3.968087,3.972008,619.2195868400199,-619.4057638358231,1.216147268553774e-05
3.972008,3.976075,619.9114826654062,-620.0860585198789,1.2615198672242722e-05
3.976075,3.980142,620.695844602861,-620.892549790939,1.2600125645439375e-05
3.980142,3.984064,621.4584395716181,-621.6088730239643,1.2143297909228315e-05
3.984064,3.988131,622.267027292835,-622.4661912957858,1.2582239291862046e-05
3.988131,3.992052,623.1981637337145,-623.3486355521252,1.2127436266257767e-05
3.992052,3.996119,623.835751167908,-624.0275387263517,1.2564052028521027e-05
3.996119,4.000041,624.5920448750944,-624.7552269250338,1.2110839750127568e-05
4.000041,4.004107,625.5607476636302,-625.740285292632,1.255500420560808e-05
4.004107,4.008029,626.1499235084794,-626.3233044366034,1.2078432024478373e-05
4.008029,4.012096,626.9633636587017,-627.1477747726384,1.2539267273175806e-05
4.012096,4.016017,627.8576893649094,-628.0234634020743,1.2061146212699852e-05
4.016017,4.020084,628.5124170150424,-628.6968281289511,1.2519967346938419e-05
4.020084,4.024006,629.2350841407051,-629.4288628250243,1.2043559510453657e-05
4.024006,4.028073,630.0590115564263,-630.2040816326187,1.2494070199162983e-05
4.028073,4.03214,630.8384558641749,-631.0327022374636,1.2465367887878235e-05
4.03214,4.036061,631.7214996175569,-631.8974751339395,1.2027977352716884e-05
4.036061,4.040128,632.3678387016994,-632.564543889861,1.245132274403684e-05
4.040128,4.04405,633.0902600713588,-633.2661907189781,1.2003391330951908e-05
4.04405,4.048117,633.8849274649707,-634.0939267273296,1.243048342758985e-05
4.048117,4.052038,634.7640907933359,-634.96301963798,1.1977998393267815e-05
4.052038,4.056105,635.4143103023554,-635.6036390458983,1.2409641480206489e-05
4.056105,4.060027,636.1295257521998,-636.310555838897,1.195287378888337e-05
4.060027,4.064094,636.9191049913736,-637.1305630685777,1.2388076592082908e-05
4.064094,4.068015,637.7964804896095,-637.972456006108,1.192679418515671e-05
4.068015,4.072082,638.4534054585882,-638.642734202103,1.2373226997786485e-05
4.072082,4.076004,639.1177970423207,-639.3192248851262,1.1893982202956237e-05
4.076004,4.08007,640.0811608460032,-640.2828332514495,1.235356640432882e-05
4.08007,4.084137,640.7056798623696,-640.8950086057727,1.2307956110156173e-05
4.084137,4.088059,641.3972463028573,-641.5910249872925,1.1878677001527679e-05
4.088059,4.092126,642.1760511432778,-642.4047209245368,1.229124961888402e-05
4.092126,4.096047,643.0604437643603,-643.2211170619598,1.185160397857664e-05
4.096047,4.100114,643.6660929433665,-643.8603393165714,1.2268275731500825e-05
4.100114,4.104036,644.3702192758027,-644.5563488015198,1.1817749821518156e-05
4.104036,4.108103,645.1413818539639,-645.3380870420978,1.224478342758895e-05
4.108103,4.112024,646.0010201478763,-646.2024993624336,1.1795978627900196e-05
4.112024,4.116091,646.6265060241101,-646.8059995082169,1.2214774698795455e-05
4.116091,4.120013,647.3151453338637,-647.4834268229678,1.1761716190716978e-05
4.120013,4.12408,648.0919596756079,-648.296041308081,1.2190609761495579e-05
4.12408,4.128001,648.9313950522325,-649.122672787572,1.1732679622545104e-05
4.128001,4.132068,649.5377428079539,-649.7270715514409,1.2165841922794163e-05
4.132068,4.136135,650.2655520038729,-650.4622571921186,1.213395520039333e-05
4.136135,4.140057,650.9714431413256,-651.1652218257319,1.1704466547680307e-05
4.140057,4.144124,651.7137939513995,-651.9252520285477,1.2102325153677334e-05
4.144124,4.148045,652.5886253506992,-652.7518490179798,1.1674810507523026e-05
4.148045,4.152112,653.1472830094925,-653.3661175313714,1.2070161790015592e-05
4.152112,4.156034,653.8500764916333,-654.0362060173504,1.1638531361550986e-05
4.156034,4.1601,654.7540580422672,-654.9704869650822,1.2047474667977594e-05
4.1601,4.164022,655.2702702702394,-655.4513003568786,1.160483648648615e-05
4.164022,4.168089,655.9995082370834,-656.2281780182027,1.2017910990903734e-05
4.168089,4.17201,656.8630451414758,-657.061973986265,1.157392685539354e-05
4.17201,4.176077,657.4428325547522,-657.6395377428022,1.1985182837470563e-05
4.176077,4.180144,658.1534300466442,-658.3673469387212,1.1965229358248912e-05
4.180144,4.184066,658.8271290159032,-659.0362060174559,1.1529474757778806e-05
4.184066,4.188133,659.5549545119474,-659.7737890336585,1.192475357757554e-05
4.188133,4.192054,660.4182606478524,-660.609538383076,1.1504486100484946e-05
4.192054,4.196121,660.9589377919558,-661.1679370543148,1.1884041701500141e-05
4.196121,4.200043,661.6267210606335,-661.8306986231373,1.147260734319251e-05
4.200043,4.20411,662.360462257231,-662.5743791492802,1.1849628669780626e-05
4.20411,4.208031,663.1803111450726,-663.3843407293691,1.143322856414052e-05
4.208031,4.212098,663.7546102778035,-663.9808212441616,1.1821469609048272e-05
4.212098,4.21602,664.4033656297931,-664.5894951554523,1.1394517720550498e-05
4.21602,4.220087,665.1118760757004,-665.3405458569035,1.1785782444061018e-05
4.220087,4.224008,665.9704157102358,-666.1438408569081,1.1354795587860855e-05
4.224008,4.228075,666.4961888371221,-666.7346938776495,1.1756992771086348e-05
4.228075,4.232142,667.2043275141912,-667.3813621835368,1.1736124120974387e-05
4.232142,4.236063,668.0234634021286,-668.2325937259615,1.1302957000765007e-05
4.236063,4.24013,668.5665109416943,-668.7607573150669,1.1693228276369656e-05
4.24013,4.244052,669.1993880673035,-669.4237633859738,1.126262570117397e-05
4.244052,4.248119,669.9139414801273,-670.1106466682891,1.1656502581753576e-05
4.248119,4.25204,670.7370568732894,-670.9538383064559,1.123484570262857e-05
4.25204,4.256107,671.2662896484179,-671.4556183920446,1.1606194148020338e-05
4.256107,4.260029,671.8995410504409,-672.1086180519067,1.1200565349310843e-05
4.260029,4.264096,672.6235554462869,-672.8374723383639,1.1569125153674917e-05
4.264096,4.268017,673.4047436878109,-673.6087732720493,1.1158316602907445e-05
4.268017,4.272084,673.9316449470875,-674.1455618392763,1.1530970445046018e-05
4.272084,4.276006,674.5716471189626,-674.7705252423308,1.1116940744519551e-05
4.276006,4.280073,675.2667814113512,-675.4954511924983,1.1493040619620718e-05
4.280073,4.28414,675.9429554954127,-676.1372018686735,1.1477511384312626e-05
4.28414,4.288061,676.7202244326144,-676.9701606732021,1.1050841264984472e-05
4.288061,4.292128,677.2535038110583,-677.462503073557,1.1432039144332637e-05
4.292128,4.29605,677.8709841917498,-678.0800611932156,1.1008624783271325e-05
4.29605,4.300117,678.5468404229563,-678.7705925744693,1.1392801450702538e-05
4.300117,4.304038,679.3573068094537,-679.5740882426782,1.0971620504972544e-05
4.304038,4.308105,679.867223997982,-680.0737644455239,1.1346983968526928e-05
4.308105,4.312027,680.4589495157353,-680.6807751149971,1.0934975318716856e-05
4.312027,4.316093,681.3059517951772,-681.5617314312083,1.1296052680764316e-05
4.316093,4.320015,681.7695053545889,-681.9658337583746,1.0894676695566826e-05
4.320015,4.324082,682.4514384066537,-682.6604376690406,1.1253624219324409e-05
4.324082,4.328003,683.2058148430862,-683.4225962764845,1.0849308339711137e-05
4.328003,4.33207,683.7103516105535,-683.9390213916448,1.1206012662894985e-05
4.33207,4.336137,684.3668551758548,-684.593066142157,1.1203085419229093e-05
4.336137,4.340059,684.9566547679525,-685.1835798060891,1.0767518612952193e-05
4.340059,4.344125,685.8066896211878,-686.0083620266621,1.1158074840137011e-05
4.344125,4.348047,686.2264150943572,-686.4431412543962,1.0725718867923379e-05
4.348047,4.352114,686.909269731993,-687.0936808458179,1.110045379886973e-05
4.352114,4.356036,687.4630290669263,-687.7281998982191,1.069005010199036e-05
4.356036,4.360102,688.3251352679373,-688.5046728970509,1.1054501672401937e-05
4.360102,4.364024,688.7251402347581,-688.9520652728369,1.064769066802975e-05
4.364024,4.368091,689.397590361373,-689.6016719942376,1.1002785542167673e-05
4.368091,4.372013,689.9745028046956,-690.2014278428322,1.059800836307887e-05
4.372013,4.376079,690.7919331036658,-691.0009837679082,1.0955960059028354e-05
4.376079,4.380001,691.198368179487,-691.4201937785748,1.0561511065781914e-05
4.380001,4.384068,691.8588640275692,-692.0899926236174,1.0896777108432515e-05
4.384068,4.388134,692.6463354649477,-692.843089030889,1.0902253320216822e-05
4.388134,4.392056,693.0443651196847,-693.276389597218,1.0464969913309285e-05
4.392056,4.396123,693.6955987214498,-693.907056798514,1.0849399164003397e-05
4.396123,4.400044,694.4350930884368,-694.6671767406763,1.0423470747257749e-05
4.400044,4.404111,694.9127120728164,-695.1167937054014,1.0791994418489905e-05
4.404111,4.408033,695.4538500766747,-695.7062723101715,1.0376171443144171e-05
4.408033,4.4121,696.1027784607198,-696.3191541676418,1.074086587165003e-05
4.4121,4.416022,696.6624171340461,-696.9046404895032,1.0331503646096286e-05
4.416022,4.420088,697.4594195770803,-697.6881455977211,1.0692052902115992e-05
4.420088,4.42401,697.8607853135353,-698.0851606322635,1.0286467975521554e-05
4.42401,4.428077,698.4927464961306,-698.7066633881517,1.0631059601671833e-05
4.428077,4.432144,699.08777969025,-699.3312023605793,1.061914337349502e-05
4.432144,4.436065,699.7985207854227,-700.028054067807,1.019606444784368e-05
4.436065,4.440132,700.2655520039843,-700.4917629702306,1.0574009835259745e-05
4.440132,4.444054,700.7929627740322,-701.0351861294313,1.0140474171339884e-05
4.444054,4.448121,701.4384066879726,-701.6523235800496,1.0521576100320282e-05
4.448121,4.452042,702.1474113747597,-702.376944657202,1.008985830145566e-05
4.452042,4.456109,702.6014261126926,-702.8030489303767,1.0461735234816758e-05
4.456109,4.460031,703.1132075471044,-703.365629780659,1.0047487735848722e-05
4.460031,4.464097,703.9104771273164,-704.1342843088717,1.0403796851944642e-05
4.464097,4.468019,704.2911779704563,-704.5053544109708,1.0000934727178858e-05
4.468019,4.472086,704.8782886649523,-705.0995820015644,1.0347613277599757e-05
4.472086,4.476007,705.58786023964,-705.8199438918215,9.955844707983349e-06
4.476007,4.480074,706.0486845340396,-706.2527661666805,1.0287129333660047e-05
4.480074,4.484141,706.5920826161897,-706.8256700270829,1.0266782960412084e-05
4.484141,4.488063,707.1213666496866,-707.3304436511523,9.864343064763864e-06
4.488063,4.49213,707.7280550773906,-707.9542660436928,1.021959311531904e-05
4.49213,4.496051,708.3983677634282,-708.6381025251171,9.80423340984461e-06
4.496051,4.500118,708.8443570198314,-709.0631915415984,1.0164828079666635e-05
4.500118,4.50404,709.3600203979776,-709.5818459968914,9.74660668026356e-06
4.50404,4.508107,709.9631177771171,-710.1696582248267,1.010987479714916e-05
4.508107,4.512028,710.6197398622385,-710.8798775821309,9.699959449120252e-06
4.512028,4.516095,711.0449963117272,-711.2638308334384,1.004706579788358e-05
4.516095,4.520017,711.5425803162675,-711.7975522692886,9.641401963284379e-06
4.520017,4.524084,712.1490041798868,-712.3481681830054,9.984329038603365e-06
4.524084,4.528005,712.8079571537878,-713.0578933945496,9.601523182859974e-06
4.528005,4.532072,713.2259650846952,-713.4595524956443,9.92097317433148e-06
4.532072,4.536139,713.769363167013,-714.0054093926954,9.899981067124838e-06
4.536139,4.540061,714.2707802143352,-714.4849566547919,9.506944084651772e-06
4.540061,4.544127,715.0196753566147,-715.2852926709849,9.845820929660648e-06
4.544127,4.548049,715.3187149413745,-715.5507394186759,9.449360224374537e-06
4.548049,4.552116,715.9306614212206,-716.1593312023679,9.78677214162789e-06
4.552116,4.556037,716.5723029838813,-716.8094873755991,9.394262892119391e-06
4.556037,4.560104,716.9609048438615,-717.2043275141349,9.729159478731805e-06
4.560104,4.564026,717.4502804691762,-717.672106068322,9.326853646097908e-06
4.564026,4.568093,718.0255716743329,-718.2517826408027,9.671804450455778e-06
4.568093,4.572014,718.6636062228479,-718.9186432032039,9.27794715633603e-06
4.572014,4.576081,719.0607327268316,-719.2721908039517,9.606651389230537e-06
4.576081,4.580003,719.5359510454696,-719.7705252424694,9.21725553289442e-06
4.580003,4.58407,720.0958937793301,-720.3171871157186,9.541270592574005e-06
4.58407,4.588137,720.5950331939342,-720.8507499386563,9.511854438161635e-06
4.588137,4.592058,721.2853863810781,-721.4715633766203,9.138685845446951e-06
4.592058,4.596125,721.6400295057572,-721.8859109908196,9.44626798623073e-06
4.596125,4.600047,722.093319734729,-722.3202447730976,9.076713029066228e-06
4.600047,4.604114,722.670272928454,-722.8866486353201,9.394713548069281e-06
4.604114,4.608035,723.2721244579542,-723.5195103290348,9.011970670746245e-06
4.608035,4.612102,723.6660929432643,-723.8873862797647,9.335292598966967e-06
4.612102,4.616024,724.0922998469713,-724.3192248853398,8.949780826108219e-06
4.616024,4.62009,724.8450565667273,-725.0664043285441,9.27801672405364e-06
4.62009,4.624012,725.0841407446254,-725.3340132585978,8.88228072412319e-06
4.624012,4.628079,725.6503565282383,-725.8667322351043,9.215759527908111e-06
4.628079,4.632,726.2586074979354,-726.5161948482046,8.831304667174499e-06
4.632,4.636067,726.6289648388538,-726.8477993608445,9.140992377675067e-06
4.636067,4.640134,727.1133513647231,-727.3493975902378,9.096188025571796e-06
4.640134,4.644056,727.5599184091603,-727.7842937275987,8.752545818459376e-06
4.644056,4.648123,728.0722891564667,-728.3378411606249,9.035377108434304e-06
4.648123,4.652044,728.7095128792324,-728.9135424637029,8.693504488650802e-06
4.652044,4.656111,729.0263093189116,-729.2992377673812,8.974313867714209e-06
4.656111,4.660033,729.4824069353224,-729.6991330951874,8.622482049973509e-06
4.660033,4.6641,729.9926235553579,-730.2483402999122,8.92050985984768e-06
4.6641,4.668021,730.6095383831204,-730.8390716654467,8.555437694466761e-06
4.668021,4.672088,730.9491025326955,-731.1777723138429,8.859103122697392e-06
4.672088,4.67601,731.3437021927826,-731.6012238653861,8.490900382456448e-06
4.67601,4.680077,731.8834521760527,-732.1145807719892,8.79723909515717e-06
4.680077,4.684144,732.3530858125723,-732.5792967790982,8.736972313742364e-06
4.684144,4.688065,732.955878602385,-733.1930629940449,8.414333486356219e-06
4.688065,4.692132,733.2677649371612,-733.5136464224472,8.674557659208733e-06
4.692132,4.696054,733.6919938806813,-733.9240183578088,8.3494148903604e-06
4.696054,4.70012,734.3703885883114,-734.6114117070856,8.61416465814206e-06
4.70012,4.704042,734.6098929117893,-734.8164201936147,8.286399592043607e-06
4.704042,4.708109,735.1020408163084,-735.3356282271458,8.549236734695328e-06
4.708109,4.71203,735.700076511228,-735.9168579444524,8.217769854627246e-06
4.71203,4.716097,735.9995082368703,-736.2429309073113,8.493434325055836e-06
4.716097,4.720019,736.3997960226746,-736.6165221825397,8.144581744009766e-06
4.720019,4.724086,736.8945168427547,-737.1453159577868,8.430073272683574e-06
4.724086,4.728007,737.4776842642713,-737.6817138483938,8.075380642692343e-06
4.728007,4.732074,737.7747725597926,-738.0157364152768,8.366365920825056e-06
4.732074,4.736141,738.2247356773283,-738.4534054584196,8.312410523726803e-06
4.736141,4.740063,738.6129525750329,-738.837327893993,8.006564405916027e-06
4.740063,4.744129,739.2572552876788,-739.5253320215079,8.235325823905676e-06
4.744129,4.748051,739.5155532892263,-739.7042325343808,7.935001886792378e-06
4.748051,4.752118,739.9336119989875,-740.199164002978,8.176266412587836e-06
4.752118,4.75604,740.3518612956047,-740.563488016595,7.869940285570828e-06
4.75604,4.760106,740.9665518933406,-741.2420068863292,8.106174077716814e-06
4.760106,4.764028,741.2009178993799,-741.4150943395467,7.79743365629917e-06
4.764028,4.768095,741.6572412096051,-741.8908286206661,8.054397639536066e-06
4.768095,4.772017,742.0448750637063,-742.2692503823184,7.724687149414977e-06
4.772017,4.776083,742.6586325626103,-742.9414658141436,7.983580300049554e-06
4.776083,4.780005,742.8760836308683,-743.0902600712088,7.659052422232798e-06
4.780005,4.784071,743.5145105756989,-743.7481554355372,7.925864682734446e-06
4.784071,4.788138,743.739857388604,-743.9759036143422,7.86876769117247e-06
4.788138,4.79206,744.1101478835253,-744.3549209585068,7.575041305457484e-06
4.79206,4.796127,744.5611015491374,-744.8094418492685,7.79555473321742e-06
4.796127,4.800049,744.9388067313316,-745.1631820500598,7.508983171851709e-06
4.800049,4.804115,745.545991146193,-745.7993113623738,7.731311928182871e-06
4.804115,4.808037,745.7547169811734,-745.9586945435904,7.435174528304318e-06
4.808037,4.812104,746.1765429062382,-746.4248832063693,7.66323309564755e-06
4.812104,4.816026,746.5247322794646,-746.7644059153392,7.368199107596818e-06
4.816026,4.820092,747.1569109689573,-747.3979340875079,7.598585784555169e-06
4.820092,4.824014,747.3406425293061,-747.5369709332658,7.301518077513141e-06
4.824014,4.828081,747.762478485422,-748.0157364149636,7.529968158345716e-06
4.828081,4.832003,748.1030086689032,-748.3120856707168,7.226675063743834e-06
4.832003,4.836069,748.7309394983325,-748.9818002949426,7.464847466796581e-06
4.836069,4.840136,748.9476272438031,-749.1517088763323,7.422070985986048e-06
4.840136,4.844058,749.2682304944591,-749.5130035695565,7.140526236614104e-06
4.844058,4.848125,749.6975657735471,-749.9237767398494,7.347036144580387e-06
4.848125,4.852046,750.2448355010342,-750.4616169343745,7.067306350420374e-06
4.852046,4.856113,750.4524219325419,-750.676174084055,7.279388492744856e-06
4.856113,4.860034,750.9869931141019,-751.2267278756169,7.006708645754926e-06
4.860034,4.864101,751.207278091924,-751.4531595769864,7.196565724119837e-06
4.864101,4.868023,751.5451300356162,-751.7593064763627,6.93676155022834e-06
4.868023,4.87209,751.9375461027998,-752.1760511432713,7.135887312515888e-06
4.87209,4.876011,752.4662076001789,-752.7033919917808,6.870016475388522e-06
4.876011,4.880078,752.6825670025783,-752.9333661175543,7.0676893041564405e-06
4.880078,4.884,753.013768485447,-753.2330443653003,6.792184191737347e-06
4.884,4.888067,753.4029997541858,-753.6316695351094,6.9991138677173395e-06
4.888067,4.892134,753.7791984262027,-754.0078682075736,6.964919793459924e-06
4.892134,4.896055,754.2846212704379,-754.509053812822,6.690504590665319e-06
4.896055,4.900122,754.4873371033615,-754.7578067373215,6.896014261127033e-06
4.900122,4.904044,754.7679755226499,-755.0076491584666,6.6193151453323136e-06
4.904044,4.908111,755.217605114405,-755.4708630440585,6.8196149741824486e-06
4.908111,4.912032,755.7332313184301,-755.95766386122,6.559764447845197e-06
4.912032,4.916099,755.8691910500162,-756.0880255715597,6.7423531841644595e-06
4.916099,4.920021,756.2340642528983,-756.4227434981688,6.496050611934438e-06
4.920021,4.924088,756.5429063191209,-756.8281288420393,6.665143004670169e-06
4.924088,4.928009,757.0874776842712,-757.3246620758731,6.427672685539182e-06
4.928009,4.932076,757.2682567001948,-757.5043029260448,6.595806515860825e-06
4.932076,4.936143,757.6493730022933,-757.7846078191615,6.583973051388156e-06
4.936143,4.940064,758.0923233869684,-758.3907166537607,6.299747207347245e-06
4.940064,4.944131,758.3181706418756,-758.5050405705454,6.50636990410418e-06
4.944131,4.948053,758.4982151960855,-758.7863335032719,6.23485532891601e-06
4.948053,4.95212,758.9918859111478,-759.1394148020736,6.4362511925238125e-06
4.95212,4.956041,759.3955623564622,-759.6761030350222,6.17388592195747e-06
4.956041,4.960108,759.6090484385932,-759.8229653306142,6.357927735431951e-06
4.960108,4.96403,759.8750637428055,-760.1402345742142,6.101796761857807e-06
4.96403,4.968097,760.3098106715522,-760.4696336365353,6.287762134249458e-06
4.968097,4.972018,760.6809487374315,-760.9563886763391,6.039806732977297e-06
4.972018,4.976085,760.9195967542946,-761.1285960166816,6.209103909515614e-06
4.976085,4.980007,761.1397246305077,-761.3742988273915,5.974946838349008e-06
4.980007,4.984074,761.5244652078502,-761.7457585442945,6.130271944921753e-06
4.984074,4.988141,761.8047701006312,-762.0432751414381,6.117292303908787e-06
4.988141,4.992062,762.3718439174866,-762.5554705431737,5.847392042847164e-06
4.992062,4.996129,762.3973444798498,-762.6530612244601,6.045810941725749e-06
4.996129,5.000051,762.7715451301924,-763.0086690463687,5.781808312085416e-06
5.000051,5.004117,763.2341367436262,-763.4776192817476,5.968490949335126e-06
5.004117,5.008039,763.3630800609579,-763.500764915972,5.717589469659819e-06
5.008039,5.012106,763.6906810917478,-763.8898450945869,5.89569205802744e-06
5.012106,5.016027,764.0499872483238,-764.3738842132038,5.653969905634417e-06
5.016027,5.020094,764.2635849519825,-764.4947135480306,5.816045881486375e-06
5.020094,5.024016,764.5028046916748,-764.7679755230255,5.58851550229564e-06
5.024016,5.028083,764.8979591837902,-765.1143348905446,5.7443836734684295e-06
5.028083,5.032004,765.3302728892928,-765.488395817356,5.525684570264283e-06
5.032004,5.036071,765.3651340054089,-765.6478977132587,5.663701991638198e-06
5.036071,5.040138,765.800344234154,-766.009343496429,5.659264543892047e-06
5.040138,5.04406,765.968893421808,-766.1397246302337,5.392421009688497e-06
5.04406,5.048127,766.2503073517455,-766.5453651338763,5.5859647405949805e-06
5.048127,5.052048,766.7712318286441,-766.9523080848819,5.329060061207788e-06
5.052048,5.056115,766.8256700268811,-767.1256454386461,5.505808310793416e-06
5.056115,5.060037,767.1494135646263,-767.2718001019722,5.262644977052914e-06
5.060037,5.064104,767.4207032210005,-767.6247848536974,5.433338578804634e-06
5.064104,5.068025,767.8041315991704,-768.0693700588893,5.198033970926644e-06
5.068025,5.072092,767.9665601180517,-768.1608064912007,5.352726924024088e-06
5.072092,5.076014,768.194798572187,-768.4217236104976,5.139223202447534e-06
5.076014,5.080081,768.5148758298918,-768.7582985001652,5.279697196950389e-06
5.080081,5.084002,768.9033409843076,-769.0563631724865,5.067073017087955e-06
5.084002,5.088069,769.041062208015,-769.3041553972721,5.214098401768681e-06
5.088069,5.092136,769.3016965823153,-769.5082370296336,5.185093434965551e-06
5.092136,5.096057,769.7271104308271,-769.8877837285715,4.949345320069913e-06
5.096057,5.100124,769.8352594050294,-770.0713056308235,5.119404475043331e-06
5.100124,5.104046,769.9949005608873,-770.2371239162284,4.874067720549632e-06
5.104046,5.108113,770.3540693386733,-770.5507745267232,5.053522694863017e-06
5.108113,5.112034,770.7243050240769,-770.9436368272725,4.809319663349335e-06
5.112034,5.116101,770.8704204576405,-771.0646668307895,4.972114211952088e-06
5.116101,5.120023,771.0045894949902,-771.239163691874,4.749388271288487e-06
5.120023,5.12409,771.3228423899646,-771.566265060238,4.8979000491779275e-06
5.12409,5.128011,771.7699566437052,-771.9484825300299,4.684643636827512e-06
5.128011,5.132078,771.8367346939185,-772.0899926234601,4.823979591836167e-06
5.132078,5.136145,772.0088517334622,-772.2768625523536,4.794174969264442e-06
5.136145,5.140067,772.2488526262667,-772.4477307495189,4.571713207546573e-06
5.140067,5.144133,772.7668470240902,-772.9660600098259,4.729333103789009e-06
5.144133,5.148055,772.7460479346869,-772.9245283018597,4.505109459457945e-06
5.148055,5.152122,773.0169658224419,-773.2603884927152,4.661292303909964e-06
5.152122,5.156044,773.1514533403454,-773.4166241714643,4.437889342173553e-06
5.156044,5.16011,773.7260206588704,-773.9006394490102,4.588195302505998e-06
5.16011,5.164032,773.669046405019,-773.8526262112406,4.363493421725255e-06
5.164032,5.168098,774.1047712740005,-774.3138219381871,4.520771864240158e-06
5.168098,5.17202,774.1305456399222,-774.3472717999612,4.304165833759409e-06
5.17202,5.176087,774.4012785837181,-774.60781903126,4.445063339068268e-06
5.176087,5.180009,774.5741968382138,-774.7603263639598,4.244666598675573e-06
5.180009,5.184075,775.056566650517,-775.2557796361408,4.371319035905879e-06
5.184075,5.188142,774.9987705923471,-775.2643225963375,4.332243127614978e-06
5.188142,5.192064,775.2549719532035,-775.3850076491805,4.139861550228882e-06
5.192064,5.196131,775.5077452667226,-775.7634620111652,4.273047676420108e-06
5.196131,5.200052,775.8020913033146,-776.0035705178719,4.072960979340612e-06
5.200052,5.204119,775.9724612735522,-776.1617900172348,4.19801101549113e-06
5.204119,5.208041,776.0198878124426,-776.2774094849882,4.004262621112831e-06
5.208041,5.212108,776.3265306122433,-776.4642242439566,4.137820408161537e-06
5.212108,5.21603,776.5323814380075,-776.7312595613176,3.93701917389289e-06
5.21603,5.220096,776.9576979833081,-777.1569109690437,4.071258337429847e-06
5.220096,5.224018,776.8255991839528,-777.0831208566723,3.868591483937849e-06
5.224018,5.228085,777.147774772665,-777.3075977379276,3.994539562331499e-06
5.228085,5.232007,777.2896481386136,-777.4834268229329,3.80871927587838e-06
5.232007,5.236073,777.7373339893113,-777.9242498771932,3.92757353664505e-06
5.236073,5.24014,777.7329727070689,-777.951807228836,3.880887533808553e-06
5.24014,5.244061,778.115276715042,-778.2963529711637,3.7193910227004515e-06
5.244061,5.248128,778.1239242684356,-778.3427587902027,3.820588468155848e-06
5.248128,5.25205,778.2483426824624,-778.4472208060624,3.6499847271819435e-06
5.25205,5.256117,778.497664125943,-778.6869928692901,3.7523587410860916e-06
5.256117,5.260038,778.8013261923976,-779.0716653915948,3.5824861004848577e-06
5.260038,5.264105,778.8836980575637,-779.085320875136,3.6919087287923626e-06
5.264105,5.268027,778.985211626639,-779.1687914330346,3.5132233044357327e-06
5.268027,5.272094,779.2377673959753,-779.4541431030092,3.631247996065941e-06
5.272094,5.276015,779.5613363937557,-779.7959704157923,3.445661106861619e-06
5.276015,5.280082,779.6041308088917,-779.7983771820966,3.5627908777959254e-06
5.280082,5.284004,779.7577766445656,-779.8674145842314,3.3841487506388576e-06
5.284004,5.288071,779.968035406963,-780.1376936315498,3.4942567986211635e-06
5.288071,5.292138,780.0639291863133,-780.3221047458246,3.440081927711459e-06
5.292138,5.296059,780.4590665646834,-780.6477939301388,3.309146442236074e-06
5.296059,5.300126,780.4499631177637,-780.6835505287128,3.3793483403002135e-06
5.300126,5.304048,780.5915349310781,-780.7317695050948,3.2394548699624972e-06
5.304048,5.308115,780.7941971970747,-781.0400786821372,3.318375338087601e-06
5.308115,5.312036,781.1043101248202,-781.2675337925938,3.171283499107462e-06
5.312036,5.316103,781.1531841654,-781.3203835750301,3.25740877796995e-06
5.316103,5.320024,781.4613618973536,-781.6169344553876,3.1102162203496936e-06
5.320024,5.324091,781.4433243175613,-781.6277354316657,3.1961031964606067e-06
5.324091,5.328013,781.5680775115954,-781.7746047933629,3.0402998215190775e-06
5.328013,5.33208,781.7580526185084,-781.9596754363042,3.1426673715272004e-06
5.33208,5.336001,782.0938536087366,-782.2596276460753,2.971956643711953e-06
5.336001,5.340068,782.0531104009218,-782.2301450702115,3.073468723877803e-06
5.340068,5.344135,782.2104745512245,-782.4194738135556,3.0193324317662176e-06
5.344135,5.348057,782.3559408465526,-782.4655787863923,2.9025405405407774e-06
5.348057,5.352124,782.5178264075246,-782.7219080403333,2.9657425620850856e-06
5.352124,5.356045,782.8156082632528,-783.0094363682446,2.8337925019122122e-06
5.356045,5.360112,782.7981313009766,-783.0268010816766,2.9041810671260335e-06
5.360112,5.364034,782.9270780211808,-783.1183069864394,2.7793911269769985e-06
5.364034,5.368101,783.1153184164891,-783.2948119005121,2.834877452667242e-06
5.368101,5.372022,783.3741392503434,-783.5169599592756,2.718308263196944e-06
5.372022,5.376089,783.3685763461426,-783.5923284976557,2.780958446030126e-06
5.376089,5.380011,783.4880163182946,-783.6894441612451,2.6481894951566266e-06
5.380011,5.384078,783.6488812392032,-783.7890336859292,2.727098106712644e-06
5.384078,5.388144,784.0014756517775,-784.1834727002381,2.681285046729382e-06
5.388144,5.392066,783.890872004134,-784.0821009688709,2.571162060171616e-06
5.392066,5.396133,784.0054093925717,-784.273420211519,2.6185780673722616e-06
5.396133,5.400054,784.381535322782,-784.4707982658574,2.51786472838558e-06
5.400054,5.404121,784.2832554706196,-784.4701253992894,2.5567634128334013e-06
5.404121,5.408043,784.4467108619057,-784.5843957167458,2.455318204997724e-06
5.408043,5.41211,784.5635603639039,-784.7455126627159,2.5027577575609535e-06
5.41211,5.416031,784.873756694624,-784.9885233357871,2.393864957919591e-06
5.416031,5.420098,784.7405950331377,-784.9987705926488,2.4405432505536887e-06
5.420098,5.42402,784.9592044876501,-785.0484446711786,2.339178429372902e-06
5.42402,5.428087,785.0184411113532,-785.2397344480213,2.3864560609780653e-06
5.428087,5.432008,785.3175210405516,-785.4960469267022,2.2774208110175922e-06
5.432008,5.436075,785.2938283747798,-785.4413572658173,2.3323226702740943e-06
5.436075,5.440142,785.3848045242137,-785.5667568233052,2.2933236292106886e-06
5.440142,5.444064,785.4818969912527,-785.6858745538435,2.1993493115734588e-06
5.444064,5.448131,785.6454388984582,-785.7511679369064,2.23908950086221e-06
5.448131,5.452052,785.9372609027746,-786.1081356797077,2.1456087222642657e-06
5.452052,5.456119,785.8544381608451,-785.9700024587294,2.17681679370476e-06
5.456119,5.460041,785.8975012748916,-786.1320754716595,2.0904873533922367e-06
5.460041,5.464108,786.0658962380771,-786.2380132777326,2.1223779198409104e-06
5.464108,5.468029,786.363172660126,-786.4269319053454,2.0288169854649098e-06
5.468029,5.472096,786.2134251288351,-786.4740595031913,2.0677413080894603e-06
5.472096,5.476017,786.5570007651716,-786.674317776074,1.982123641927185e-06
5.476017,5.480084,786.4740595033031,-786.6363412835226,2.005508851733844e-06
5.480084,5.484006,786.5349311575604,-786.6751657316352,1.927010581336802e-06
5.484006,5.488073,786.6560118024506,-786.8895992132319,1.95877346938835e-06
5.488073,5.49214,786.7887878042501,-786.9387755101326,1.9355004179979446e-06
5.49214,5.496061,787.0058658504615,-787.1308339708133,1.841593726090227e-06
5.496061,5.500128,786.9756577331435,-787.1354806984622,1.8808718219801747e-06
5.500128,5.50405,787.0040795510962,-787.1800101986286,1.7864992605829294e-06
5.50405,5.508117,787.1330218834494,-787.3051389232726,1.8261486107696494e-06
5.508117,5.512038,787.3960724304742,-787.5694975770306,1.7401453200705997e-06
5.512038,5.516105,787.3493975904875,-787.4379149251323,1.771536144577727e-06
5.516105,5.520027,787.3610402856157,-787.5905150433927,1.69282623661341e-06
5.520027,5.524094,787.5141381853241,-787.622326038841,1.7089056798644249e-06
5.524094,5.528015,787.7429227237608,-787.9035960212733,1.6463827084924975e-06
5.528015,5.532082,787.6887140398806,-787.7895254488624,1.6620231866237173e-06
5.532082,5.536004,787.6695563486495,-787.8225395205781,1.5910925038232581e-06
5.536004,5.540071,787.8091959676785,-788.0157364151087,1.6071307597751716e-06
5.540071,5.544137,788.1578947367807,-788.2046237086813,1.5999605263158763e-06
5.544137,5.548059,787.9321774605337,-788.1106578275906,1.5049504589501046e-06
5.548059,5.552125,788.2734874568865,-788.4087555338382,1.5450160354146712e-06
5.552125,5.556047,788.1234064253865,-788.2177460477319,1.4659095359505018e-06
5.556047,5.560114,788.1853946398677,-788.3894762727882,1.4896703958701923e-06
5.560114,5.564036,788.2661907189856,-788.3809280978742,1.4188791432939193e-06
5.564036,5.568102,788.6005902606937,-788.6694540087312,1.4352530742742264e-06
5.568102,5.572024,788.3095359510166,-788.5390107088516,1.379541687915611e-06
5.572024,5.576091,788.5492992378228,-788.6894516841575,1.3878467666584285e-06
5.576091,5.580013,788.5339112696868,-788.6257011729715,1.3326223100447754e-06
5.580013,5.584079,788.8391539596736,-789.0039350713625,1.3331381701907586e-06
5.584079,5.588001,788.6206017335749,-788.7735849056195,1.2854515808280174e-06
5.588001,5.592068,788.7755102041808,-788.9279567249084,1.293591836732456e-06
5.592068,5.596135,788.8492746497554,-788.935333169164,1.277935824932999e-06
5.596135,5.600056,789.0665646517459,-789.237439428795,1.2072718439170003e-06
5.600056,5.604123,788.9795918368218,-789.1148266535782,1.230808163266208e-06
5.604123,5.608045,788.9571647120197,-789.0617032129265,1.1676566037750803e-06
5.608045,5.612112,789.1148266534664,-789.2058028029004,1.1836722399787559e-06
5.612112,5.616033,789.2986483040434,-789.4593216016717,1.1208040805932084e-06
5.616033,5.6201,789.195967543632,-789.3361199901904,1.136442193261572e-06
5.6201,5.624022,789.191738908551,-789.3421723608972,1.0811926823053124e-06
5.624022,5.628088,789.4613871127561,-789.6483030004703,1.0973513280869476e-06
5.628088,5.63201,789.3804181539373,-789.4543600203192,1.0419821519625205e-06
5.63201,5.636077,789.3852962872028,-789.5647897713934,1.0419885910983627e-06
5.636077,5.640144,789.4566019177647,-789.5721662159845,1.0420827145336205e-06
5.640144,5.644065,789.7398622800577,-789.785768936407,9.634826319813708e-07
5.644065,5.648132,789.5647897712817,-789.6508482910256,9.948516351114297e-07
5.648132,5.652054,789.553799082472,-789.7424783277424,9.316734829169932e-07
5.652054,5.656121,789.7000245879262,-789.768871403699,9.555370297500754e-07
5.656121,5.660042,789.8750318797142,-790.0204029585595,8.846600357053994e-07
5.660042,5.664109,789.7614949593316,-789.8352594049062,9.161233341529631e-07
5.664109,5.668031,789.7807241204878,-789.8725140234826,8.529631820503636e-07
5.668031,5.672098,789.8254241453025,-790.0098352595186,8.609097123176322e-07
5.672098,5.676019,790.0510073962417,-790.1224177505628,8.216530476925015e-07
5.676019,5.680086,789.9409884434104,-790.0221293336879,8.294380378676482e-07
5.680086,5.684008,789.9286078532516,-790.040795512094,7.820293217740495e-07
5.684008,5.688075,790.0393410374354,-790.1106466684445,7.821389476266955e-07
5.688075,5.692142,790.0319645932406,-790.2163757071213,7.821316449467661e-07
5.692142,5.696063,790.2575873502194,-790.3417495537004,7.191344044884989e-07
5.696063,5.70013,790.1647405951471,-790.2606343741593,7.427548561604033e-07
5.70013,5.704051,790.321346595323,-790.4182606479638,6.796763580705943e-07
5.704051,5.708118,790.1671994098244,-790.2999754117916,7.032488074747323e-07
5.708118,5.71204,790.2167261600322,-790.295767465347,6.479777154528971e-07
5.71204,5.716107,790.2753872632295,-790.3466928942387,6.717340791739518e-07
5.716107,5.720028,790.3953073194992,-790.5916857942882,6.165083397083241e-07
5.720028,5.724095,790.3786574870563,-790.4548807475319,6.243991394152154e-07
5.724095,5.728017,790.3697093321928,-790.4283528809643,5.927772819995418e-07
5.728017,5.732084,790.3639045978744,-790.4425866733627,5.927729284463246e-07
5.732084,5.736005,790.5967865340617,-790.7319561337183,5.534177505761502e-07
5.736005,5.740072,790.469633636714,-790.5335628227966,5.61233439880013e-07
5.740072,5.744139,790.4327514137589,-790.5630686008252,5.453985984764056e-07
5.744139,5.748061,790.5124936257918,-790.6144824071162,5.059279959201506e-07
5.748061,5.752128,790.5409392670522,-790.5925743790774,5.217570199160427e-07
5.752128,5.756049,790.729405764032,-790.8747768424133,4.7443764345821987e-07
5.756049,5.760116,790.5655274156144,-790.6147037128504,4.822449717248827e-07
5.760116,5.764038,790.5864354920578,-790.6705762366533,4.4272840387565485e-07
5.764038,5.768105,790.592574379301,-790.7499385296069,4.585436931399272e-07
5.768105,5.772026,790.8339709256584,-790.8467227748183,4.1914200458953826e-07
5.772026,5.776093,790.6761740840323,-790.7548561591851,4.269651340056095e-07
5.776093,5.780015,790.6884242735613,-790.7776644572057,3.874373278930738e-07
5.780015,5.784081,790.919822921746,-790.9542547959605,3.9545991146129935e-07
5.784081,5.788003,790.7011728708303,-790.7904130545907,3.6372253952121005e-07
5.788003,5.79207,790.7204327515783,-790.8286206047597,3.7163860339233404e-07
5.79207,5.796137,790.8605851980248,-790.9195967543055,3.5588726334107006e-07
5.796137,5.800058,790.9334353480385,-790.9716908950542,3.2428270849217037e-07
5.800058,5.804125,790.7696090482553,-790.9245143842193,3.2421553970930395e-07
5.804125,5.808047,790.8108108110179,-790.8567057623413,3.00508108109051e-07
5.808047,5.812114,790.8900909759415,-790.8999262354334,3.084471354802337e-07
5.812114,5.816035,790.9742412650254,-791.0737056872895,2.7684098444246535e-07
5.816035,5.820102,790.9245143839956,-790.9761494960209,2.847328251793118e-07
5.820102,5.824024,790.8363080062092,-790.8924018359783,2.530676185605002e-07
5.824024,5.828091,790.9146791249509,-790.9958200146693,2.530926973211358e-07
5.828091,5.832012,791.0431012494913,-791.16551900022,2.3731293037348813e-07
5.832012,5.836079,790.9613966069506,-790.9466437176568,2.293788050159906e-07
5.836079,5.840001,790.8771035185367,-790.9790922997452,2.1353681795011848e-07
5.840001,5.844068,790.9392672730659,-790.9736906812317,2.1355360216385793e-07
5.844068,5.848135,790.976149495909,-791.0941726088062,1.977440373741847e-07
5.848135,5.852056,791.1604182606255,-791.1553175210312,1.898785003814225e-07
5.852056,5.856123,791.0056552743849,-791.0302434224998,1.819313007133467e-07
5.856123,5.860044,791.1043101246237,-791.2649834226,1.5822086202679427e-07
5.860044,5.864111,791.0105729039632,-791.0622080159884,1.6611222031019453e-07
5.864111,5.868033,791.002039775702,-791.014788373266,1.502903875551334e-07
5.868033,5.8721,791.0253257929215,-791.0769609049468,1.4238455864462918e-07
5.8721,5.876021,791.196123438018,-791.2241775057291,1.3450334098227045e-07
5.876021,5.880088,791.0523727563847,-791.0745020900458,1.2656837964300325e-07
5.880088,5.88401,790.9433962262874,-791.0938296787496,1.1073207547103602e-07
5.88401,5.888077,791.0966314237071,-791.0917137937934,1.1866449471421268e-07
5.888077,5.892143,791.2543039842656,-791.2739793407198,1.0286305951597355e-07
5.892143,5.896065,791.02243753195,-791.0428352881454,9.492269250600057e-08
5.896065,5.900132,791.0646668303302,-791.1408900909177,8.70171133494738e-08
5.900132,5.904054,791.0989291179144,-791.0632330442247,7.9109892914052e-08
5.904054,5.908121,791.057290385851,-791.145807721055,7.910572903813205e-08
5.908121,5.912042,791.2496812039961,-791.2496812037642,6.329997449593928e-08
5.912042,5.916109,791.0745020901577,-791.101549053509,6.328596016682306e-08
5.916109,5.920031,791.083630800536,-791.1091279956642,5.537585415708362e-08
5.920031,5.924098,791.076960904835,-791.1163019423556,5.5375387261636684e-08
5.924098,5.928019,791.2547819431793,-791.2751849019047,4.747528691631978e-08
5.928019,5.932086,791.0867961643269,-791.1113843127772,3.955433980935042e-08
5.932086,5.936007,791.3108900790653,-791.3159908184277,3.956554450234406e-08
5.936007,5.940074,791.104007868298,-791.1408900913649,3.164416031728514e-08
5.940074,5.944141,791.1507253505214,-791.1310548313139,3.16460290138269e-08
5.944141,5.948063,790.9918408971932,-791.1193268741097,2.3729755225410594e-08
5.948063,5.952129,791.3354648304925,-791.3059517954194,2.374006394614125e-08
5.952129,5.956051,791.1040285566154,-791.0785313612553,1.582208057104251e-08
5.956051,5.960118,791.0867961647233,-791.2146545371123,1.582173592319421e-08
5.960118,5.96404,791.083630800304,-791.0683324831576,1.5821672615917376e-08
5.96404,5.968106,791.2911952779949,-791.3157894737026,7.912911951359847e-09
5.968106,5.972028,791.114227434829,-791.126976032509,7.911142275674669e-09
5.972028,5.976095,791.1015490533971,-791.1261372018474,7.9110154891143e-09
5.976095,5.980017,791.0734319223224,-791.0683324833894,0.0
5.980017,5.984083,791.3403836695221,-791.3453025087755,7.913403838020651e-09
5.984083,5.988005,791.0683324836214,-791.0734319224383,0.0
5.988005,5.992072,791.150725350186,-791.1605606096779,0.0
5.992072,5.996139,791.1212195720456,-791.1163019424673,0.0
