 A21_ROOT_ROTATION_Y_HALF_0001.out
************************************************************************
**                                                                    **
**                                                                    **
**                         OpenRadioss Engine                         **
**                                                                    **
**            Non-linear Finite Element Analysis Software             **
**                                                                    **
**                                                                    **
**                                                                    **
**                  Windows 64 bits, Intel compiler                   **
**                      Double Precision Version                      **
**                                                                    **
**                                                                    **
**                                                                    **
************************************************************************
** OpenRadioss Software                                               **
** COPYRIGHT (C) 2026 Siemens                                         **
** Licensed under GNU Affero General Public License.                  **
** See License file.                                                  **
************************************************************************
 
 NUMBER OF SPMD DOMAINS           1
 NUMBER OF THREADS PER DOMAIN     1
 NUMBER OF HMPP PROCESSES         1
  
 COMPUTATION HARDWARE DESCRIPTION
  
 HOSTNAME     CPU TYPE, FREQUENCY AND MEMORY
 jeux   AMD Ryzen 5 5600 6-Core Processor               (x86_64), 3700 MHz,   3889 MB RAM,  21057 MB swap
  
 STACKSIZE  . . . . . . . . . . . . . . . . . . . . 1430 MB
 THREAD STACKSIZE . . . . . . . . . . . . . . . . . 400 MB
 
************************************************************************


 A21_ROOT_ROTATION_Y_HALFD01                                                     


 FINAL TIME . . . . . . . . . . . . . . . . . . .   1.000000    

 TIME INTERVAL FOR TIME HISTORY PLOTS . . . . . .  0.1000000E-02

 TIME STEP SCALE FACTOR . . . . . . . . . . . . .  0.4000000    

 MINIMUM TIME STEP  . . . . . . . . . . . . . . .   0.000000    


 BRICK TIME STEP SCALE FACTOR . . . . . . . . . .  0.4000000    
 BRICK MINIMUM TIME STEP. . . . . . . . . . . . .   0.000000    
 MIN. TIME STEP FLAG (1:STOP RUN, 2:DELETE BRICK)     1

 QUAD TIME STEP SCALE FACTOR. . . . . . . . . . .  0.4000000    
 QUAD MINIMUM TIME STEP . . . . . . . . . . . . .   0.000000    
 MIN. TIME STEP FLAG (1:STOP RUN, 2:DELETE QUAD).     1

 SHELL TIME STEP SCALE FACTOR . . . . . . . . . .  0.4000000    
 SHELL MINIMUM TIME STEP. . . . . . . . . . . . .   0.000000    
 MIN. TIME FLAG (1:STOP, 2:DELETE, 3:SMALL STRAIN)    2

 TRUSS TIME STEP SCALE FACTOR . . . . . . . . . .  0.4000000    
 TRUSS MINIMUM TIME STEP. . . . . . . . . . . . .   0.000000    
 MIN. TIME FLAG (1:STOP, 2:DELETE). . . . . . . .     0

 BEAM TIME STEP SCALE FACTOR. . . . . . . . . . .  0.4000000    
 BEAM MINIMUM TIME STEP . . . . . . . . . . . . .   0.000000    
 MIN. TIME FLAG (1:STOP, 2:DELETE). . . . . . . .     0

 SPRING TIME STEP SCALE FACTOR. . . . . . . . . .  0.4000000    
 SPRING MINIMUM TIME STEP . . . . . . . . . . . .   0.000000    
 MIN. TIME FLAG (1:STOP, 2:DELETE). . . . . . . .     0

 AIRBAG TIME STEP SCALE FACTOR. . . . . . . . . .  0.4000000    
 AIRBAG MINIMUM TIME STEP . . . . . . . . . . . .   0.000000    
 MIN. TIME FLAG (1:STOP). . . . . . . . . . . . .     0

 CONTACT TIME STEP SCALE FACTOR . . . . . . . . .  0.4000000    
 CONTACT MINIMUM TIME STEP. . . . . . . . . . . .   0.000000    
 MIN. TIME FLAG(1:STOP, 2:REMOVE NODE FROM INTERF)    0

 PRINTOUT CYCLE FREQUENCY . . . . . . . . . . . .  -100

 RESTART CYCLE FREQUENCY. . . . . . . . . . . . .   10000000

 MAXIMUM RESTART WRITE BEFORE OVERWRITE . . . . .     0

 INVERS: INPUT DECK VERSION . . . . . . . . . . .  2026
 ITTYP : FLAG FOR TYPE OF T-FILE. . . . . . . . .     4

 INITIAL TIME STEP. . . . . . . . . . . . . . . .  0.1250000E-04
 MAXIMUM TIME STEP. . . . . . . . . . . . . . . .  0.1250000E-04

 PARALLEL ARITHMETIC ON
 NUMBER OF INTERFACES TO BE ELIMINATED. . . . . .        0

 NUMBER OF PARTS TO BE ELIMINATED . . . . . . . .        0

 NUMBER OF SOLID  ELEMENT BLOCKS TO BE ELIMINATED        0

 NUMBER OF QUAD   ELEMENT BLOCKS TO BE ELIMINATED        0

 NUMBER OF SHELL  ELEMENT BLOCKS TO BE ELIMINATED        0

 NUMBER OF TRUSS  ELEMENT BLOCKS TO BE ELIMINATED        0

 NUMBER OF BEAM   ELEMENT BLOCKS TO BE ELIMINATED        0

 NUMBER OF SPRING ELEMENT BLOCKS TO BE ELIMINATED        0

 NUMBER OF SH_3N  ELEMENT BLOCKS TO BE ELIMINATED        0

 NUMBER OF  SPH PARTICLES BLOCKS TO BE ELIMINATED        0

 NUMBER OF RIGID LINKS. . . . . . . . . . . . . .        0

 NUMBER OF NEW BOUNDARY CONDITIONS. . . . . . . .        0


 TIME FOR FIRST ANIMATION-FILE PLOT . . . . . . .   0.000000    
 TIME INTERVAL FOR ANIMATION-FILE PLOTS . . . . .  0.2500000E-01
 TIME TO STOP ANIMATION-FILE PLOTS. . . . . . . .  0.1000000E+21
 SENSOR FOR ANIMATION-FILE PLOTS. . . . . . . . .          0
 TIME INTERVAL FOR SENSOR ANIMATION-FILE PLOTS. .   0.000000    

 VARIABLE SAVED ON ANIMATION FILES (1: YES) :
      PLASTIC STRAIN. . . . . .     0
      DENSITY     (SOLID ONLY).     0
      SPECIFIC ENERGY . . . . .     0
      HOURGLASS ENERGY. . . . .     0
      TEMPERATURE (SOLID ONLY).     0
      THICKNESS   (SHELL ONLY).     0
      PRESSURE    (SOLID ONLY).     0
      VON MISES . . . . . . . .     0
      TURBULENT ENERGY (FLUID).     0
      TURBULENT VISCOSITY(FLUID)    0
      VORTICITY (FLUID) . . . .     0
 NODAL VALUES SAVED ON ANIMATION FILES (1: YES) :
      PRESSURE. . . . . . . . .     0
      DENSITY . . . . . . . . .     0
      TEMPERATURE . . . . . . .     0
 VECTOR SAVED ON ANIMATION FILES (1: YES) :
      VELOCITY VECTOR . . . . .     1
      DISPLACEMENT VECTOR . . .     1
      ACCELERATION VECTOR . . .     0
      CONTACT FORCES. . . . . .     0
      INTERNAL FORCES . . . . .     0
      EXTERNAL FORCES . . . . .     0
      SECTION RBY RWALL FORCES.     0
      ROTATIONAL VELOCITY VECTOR    0
      CONTACT PRESSURE (VECTORS)    0
 SHELL TENSOR SAVED ON ANIMATION FILES (1: YES) :
      MEMBRANE STRESS . . . . .     0
      BENDING STRESS(MOMENT/T^2)    0
      UPPER LAYER STRESS. . . .     0
      LOWER LAYER STRESS. . . .     0
      MEMBRANE STRAIN . . . . .     0
      CURVATURE . . . . . . . .     0
      UPPER LAYER STRAIN. . . .     0
      LOWER LAYER STRAIN. . . .     0
 NODAL MASS SAVED ON ANIMATION FILES (1: YES) :    1
 KEEP DELETED ELEMENT (1: YES) :    0


 09/10/2026
   CYCLE    TIME      TIME-STEP  ELEMENT          ERROR  I-ENERGY    K-ENERGY T  K-ENERGY R  EXT-WORK     MAS.ERR     TOTAL MASS  MASS ADDED
       0   0.000      0.1250E-04 FIXED          0   0.0%   0.000       0.000       0.000       0.000       0.000       16.00       0.000    
     ANIMATION FILE: A21_ROOT_ROTATION_Y_HALFA001 WRITTEN
     100  0.1250E-02  0.1250E-04 FIXED          0 -99.9%   0.000       0.000       0.000      0.1500E-01   0.000       16.00       0.000    
     200  0.2500E-02  0.1250E-04 FIXED          0 -99.9%   0.000       0.000       0.000      0.5989E-01   0.000       16.00       0.000    
     300  0.3750E-02  0.1250E-04 FIXED          0 -99.9%   0.000       0.000       0.000      0.1344       0.000       16.00       0.000    
     400  0.5000E-02  0.1250E-04 FIXED          0 -99.9%   0.000       0.000       0.000      0.2383       0.000       16.00       0.000    
     500  0.6250E-02  0.1250E-04 FIXED          0 -99.9%   0.000       0.000       0.000      0.3714       0.000       16.00       0.000    
     600  0.7500E-02  0.1250E-04 FIXED          0 -99.9%   0.000       0.000       0.000      0.5334       0.000       16.00       0.000    
     700  0.8750E-02  0.1250E-04 FIXED          0 -99.9%   0.000       0.000       0.000      0.7242       0.000       16.00       0.000    
     800  0.1000E-01  0.1250E-04 FIXED          0 -99.9%   0.000       0.000       0.000      0.9435       0.000       16.00       0.000    
     900  0.1125E-01  0.1250E-04 FIXED          0 -99.9%   0.000       0.000       0.000       1.191       0.000       16.00       0.000    
    1000  0.1250E-01  0.1250E-04 FIXED          0 -99.9%   0.000       0.000       0.000       1.467       0.000       16.00       0.000    
    1100  0.1375E-01  0.1250E-04 FIXED          0 -99.9%   0.000       0.000       0.000       1.770       0.000       16.00       0.000    
    1200  0.1500E-01  0.1250E-04 FIXED          0 -99.9%   0.000       0.000       0.000       2.102       0.000       16.00       0.000    
    1300  0.1625E-01  0.1250E-04 FIXED          0 -99.9%   0.000       0.000       0.000       2.460       0.000       16.00       0.000    
    1400  0.1750E-01  0.1250E-04 FIXED          0 -99.9%   0.000       0.000       0.000       2.846       0.000       16.00       0.000    
    1500  0.1875E-01  0.1250E-04 FIXED          0 -99.9%   0.000       0.000       0.000       3.259       0.000       16.00       0.000    
    1600  0.2000E-01  0.1250E-04 FIXED          0 -99.9%   0.000       0.000       0.000       3.698       0.000       16.00       0.000    
    1700  0.2125E-01  0.1250E-04 FIXED          0 -99.9%   0.000       0.000       0.000       4.164       0.000       16.00       0.000    
    1800  0.2250E-01  0.1250E-04 FIXED          0 -99.9%   0.000       0.000       0.000       4.657       0.000       16.00       0.000    
    1900  0.2375E-01  0.1250E-04 FIXED          0 -99.9%   0.000       0.000       0.000       5.175       0.000       16.00       0.000    
    2000  0.2500E-01  0.1250E-04 FIXED          0 -99.9%   0.000       0.000       0.000       5.720       0.000       16.00       0.000    
     ANIMATION FILE: A21_ROOT_ROTATION_Y_HALFA002 WRITTEN
    2100  0.2625E-01  0.1250E-04 FIXED          0 -99.9%   0.000       0.000       0.000       6.290       0.000       16.00       0.000    
    2200  0.2750E-01  0.1250E-04 FIXED          0 -99.9%   0.000       0.000       0.000       6.885       0.000       16.00       0.000    
    2300  0.2875E-01  0.1250E-04 FIXED          0 -99.9%   0.000       0.000       0.000       7.506       0.000       16.00       0.000    
    2400  0.3000E-01  0.1250E-04 FIXED          0 -99.9%   0.000       0.000       0.000       8.152       0.000       16.00       0.000    
    2500  0.3125E-01  0.1250E-04 FIXED          0 -99.9%   0.000       0.000       0.000       8.823       0.000       16.00       0.000    
    2600  0.3250E-01  0.1250E-04 FIXED          0 -99.9%   0.000       0.000       0.000       9.518       0.000       16.00       0.000    
    2700  0.3375E-01  0.1250E-04 FIXED          0 -99.9%   0.000       0.000       0.000       10.24       0.000       16.00       0.000    
    2800  0.3500E-01  0.1250E-04 FIXED          0 -99.9%   0.000       0.000       0.000       10.98       0.000       16.00       0.000    
    2900  0.3625E-01  0.1250E-04 FIXED          0 -99.9%   0.000       0.000       0.000       11.75       0.000       16.00       0.000    
    3000  0.3750E-01  0.1250E-04 FIXED          0 -99.9%   0.000       0.000       0.000       12.54       0.000       16.00       0.000    
    3100  0.3875E-01  0.1250E-04 FIXED          0 -99.9%   0.000       0.000       0.000       13.36       0.000       16.00       0.000    
    3200  0.4000E-01  0.1250E-04 FIXED          0 -99.9%   0.000       0.000       0.000       14.19       0.000       16.00       0.000    
    3300  0.4125E-01  0.1250E-04 FIXED          0 -99.9%   0.000       0.000       0.000       15.06       0.000       16.00       0.000    
    3400  0.4250E-01  0.1250E-04 FIXED          0 -99.9%   0.000       0.000       0.000       15.94       0.000       16.00       0.000    
    3500  0.4375E-01  0.1250E-04 FIXED          0 -99.9%   0.000       0.000       0.000       16.85       0.000       16.00       0.000    
    3600  0.4500E-01  0.1250E-04 FIXED          0 -99.9%   0.000       0.000       0.000       17.78       0.000       16.00       0.000    
    3700  0.4625E-01  0.1250E-04 FIXED          0 -99.9%   0.000       0.000       0.000       18.73       0.000       16.00       0.000    
    3800  0.4750E-01  0.1250E-04 FIXED          0 -99.9%   0.000       0.000       0.000       19.71       0.000       16.00       0.000    
    3900  0.4875E-01  0.1250E-04 FIXED          0 -99.9%   0.000       0.000       0.000       20.70       0.000       16.00       0.000    
    4000  0.5000E-01  0.1250E-04 FIXED          0 -99.9%   0.000       0.000       0.000       21.72       0.000       16.00       0.000    
     ANIMATION FILE: A21_ROOT_ROTATION_Y_HALFA003 WRITTEN
    4100  0.5125E-01  0.1250E-04 FIXED          0 -99.9%   0.000       0.000       0.000       22.76       0.000       16.00       0.000    
    4200  0.5250E-01  0.1250E-04 FIXED          0 -99.9%   0.000       0.000       0.000       23.82       0.000       16.00       0.000    
    4300  0.5375E-01  0.1250E-04 FIXED          0 -99.9%   0.000       0.000       0.000       24.90       0.000       16.00       0.000    
    4400  0.5500E-01  0.1250E-04 FIXED          0 -99.9%   0.000       0.000       0.000       26.01       0.000       16.00       0.000    
    4500  0.5625E-01  0.1250E-04 FIXED          0 -99.9%   0.000       0.000       0.000       27.13       0.000       16.00       0.000    
    4600  0.5750E-01  0.1250E-04 FIXED          0 -99.9%   0.000       0.000       0.000       28.27       0.000       16.00       0.000    
    4700  0.5875E-01  0.1250E-04 FIXED          0 -99.9%   0.000       0.000       0.000       29.44       0.000       16.00       0.000    
    4800  0.6000E-01  0.1250E-04 FIXED          0 -99.9%   0.000       0.000       0.000       30.62       0.000       16.00       0.000    
    4900  0.6125E-01  0.1250E-04 FIXED          0 -99.9%   0.000       0.000       0.000       31.83       0.000       16.00       0.000    
    5000  0.6250E-01  0.1250E-04 FIXED          0 -99.9%   0.000       0.000       0.000       33.05       0.000       16.00       0.000    
    5100  0.6375E-01  0.1250E-04 FIXED          0 -99.9%   0.000       0.000       0.000       34.29       0.000       16.00       0.000    
    5200  0.6500E-01  0.1250E-04 FIXED          0 -99.9%   0.000       0.000       0.000       35.56       0.000       16.00       0.000    
    5300  0.6625E-01  0.1250E-04 FIXED          0 -99.9%   0.000       0.000       0.000       36.84       0.000       16.00       0.000    
    5400  0.6750E-01  0.1250E-04 FIXED          0 -99.9%   0.000       0.000       0.000       38.14       0.000       16.00       0.000    
    5500  0.6875E-01  0.1250E-04 FIXED          0 -99.9%   0.000       0.000       0.000       39.46       0.000       16.00       0.000    
    5600  0.7000E-01  0.1250E-04 FIXED          0 -99.9%   0.000       0.000       0.000       40.80       0.000       16.00       0.000    
    5700  0.7125E-01  0.1250E-04 FIXED          0 -99.9%   0.000       0.000       0.000       42.15       0.000       16.00       0.000    
    5800  0.7250E-01  0.1250E-04 FIXED          0 -99.9%   0.000       0.000       0.000       43.53       0.000       16.00       0.000    
    5900  0.7375E-01  0.1250E-04 FIXED          0 -99.9%   0.000       0.000       0.000       44.92       0.000       16.00       0.000    
    6000  0.7500E-01  0.1250E-04 FIXED          0 -99.9%   0.000       0.000       0.000       46.33       0.000       16.00       0.000    
     ANIMATION FILE: A21_ROOT_ROTATION_Y_HALFA004 WRITTEN
    6100  0.7625E-01  0.1250E-04 FIXED          0 -99.9%   0.000       0.000       0.000       47.76       0.000       16.00       0.000    
    6200  0.7750E-01  0.1250E-04 FIXED          0 -99.9%   0.000       0.000       0.000       49.20       0.000       16.00       0.000    
    6300  0.7875E-01  0.1250E-04 FIXED          0 -99.9%   0.000       0.000       0.000       50.67       0.000       16.00       0.000    
    6400  0.8000E-01  0.1250E-04 FIXED          0 -99.9%   0.000       0.000       0.000       52.15       0.000       16.00       0.000    
    6500  0.8125E-01  0.1250E-04 FIXED          0 -99.9%   0.000       0.000       0.000       53.64       0.000       16.00       0.000    
    6600  0.8250E-01  0.1250E-04 FIXED          0 -99.9%   0.000       0.000       0.000       55.16       0.000       16.00       0.000    
    6700  0.8375E-01  0.1250E-04 FIXED          0 -99.9%   0.000       0.000       0.000       56.69       0.000       16.00       0.000    
    6800  0.8500E-01  0.1250E-04 FIXED          0 -99.9%   0.000       0.000       0.000       58.23       0.000       16.00       0.000    
    6900  0.8625E-01  0.1250E-04 FIXED          0 -99.9%   0.000       0.000       0.000       59.79       0.000       16.00       0.000    
    7000  0.8750E-01  0.1250E-04 FIXED          0 -99.9%   0.000       0.000       0.000       61.37       0.000       16.00       0.000    
    7100  0.8875E-01  0.1250E-04 FIXED          0 -99.9%   0.000       0.000       0.000       62.96       0.000       16.00       0.000    
    7200  0.9000E-01  0.1250E-04 FIXED          0 -99.9%   0.000       0.000       0.000       64.57       0.000       16.00       0.000    
    7300  0.9125E-01  0.1250E-04 FIXED          0 -99.9%   0.000       0.000       0.000       66.20       0.000       16.00       0.000    
    7400  0.9250E-01  0.1250E-04 FIXED          0 -99.9%   0.000       0.000       0.000       67.83       0.000       16.00       0.000    
    7500  0.9375E-01  0.1250E-04 FIXED          0 -99.9%   0.000       0.000       0.000       69.49       0.000       16.00       0.000    
    7600  0.9500E-01  0.1250E-04 FIXED          0 -99.9%   0.000       0.000       0.000       71.16       0.000       16.00       0.000    
    7700  0.9625E-01  0.1250E-04 FIXED          0 -99.9%   0.000       0.000       0.000       72.84       0.000       16.00       0.000    
    7800  0.9750E-01  0.1250E-04 FIXED          0 -99.9%   0.000       0.000       0.000       74.54       0.000       16.00       0.000    
    7900  0.9875E-01  0.1250E-04 FIXED          0 -99.9%   0.000       0.000       0.000       76.25       0.000       16.00       0.000    
    8000  0.1000      0.1250E-04 FIXED          0 -99.9%   0.000       0.000       0.000       77.98       0.000       16.00       0.000    
     ANIMATION FILE: A21_ROOT_ROTATION_Y_HALFA005 WRITTEN
    8100  0.1012      0.1250E-04 FIXED          0 -99.9%   0.000       0.000       0.000       79.71       0.000       16.00       0.000    
    8200  0.1025      0.1250E-04 FIXED          0 -99.9%   0.000       0.000       0.000       81.47       0.000       16.00       0.000    
    8300  0.1037      0.1250E-04 FIXED          0 -99.9%   0.000       0.000       0.000       83.23       0.000       16.00       0.000    
    8400  0.1050      0.1250E-04 FIXED          0 -99.9%   0.000       0.000       0.000       85.02       0.000       16.00       0.000    
    8500  0.1062      0.1250E-04 FIXED          0 -99.9%   0.000       0.000       0.000       86.81       0.000       16.00       0.000    
    8600  0.1075      0.1250E-04 FIXED          0 -99.9%   0.000       0.000       0.000       88.61       0.000       16.00       0.000    
    8700  0.1087      0.1250E-04 FIXED          0 -99.9%   0.000       0.000       0.000       90.43       0.000       16.00       0.000    
    8800  0.1100      0.1250E-04 FIXED          0 -99.9%   0.000       0.000       0.000       92.26       0.000       16.00       0.000    
    8900  0.1112      0.1250E-04 FIXED          0 -99.9%   0.000       0.000       0.000       94.11       0.000       16.00       0.000    
    9000  0.1125      0.1250E-04 FIXED          0 -99.9%   0.000       0.000       0.000       95.97       0.000       16.00       0.000    
    9100  0.1137      0.1250E-04 FIXED          0 -99.9%   0.000       0.000       0.000       97.83       0.000       16.00       0.000    
    9200  0.1150      0.1250E-04 FIXED          0 -99.9%   0.000       0.000       0.000       99.71       0.000       16.00       0.000    
    9300  0.1162      0.1250E-04 FIXED          0 -99.9%   0.000       0.000       0.000       101.6       0.000       16.00       0.000    
    9400  0.1175      0.1250E-04 FIXED          0 -99.9%   0.000       0.000       0.000       103.5       0.000       16.00       0.000    
    9500  0.1187      0.1250E-04 FIXED          0 -99.9%   0.000       0.000       0.000       105.4       0.000       16.00       0.000    
    9600  0.1200      0.1250E-04 FIXED          0 -99.9%   0.000       0.000       0.000       107.3       0.000       16.00       0.000    
    9700  0.1212      0.1250E-04 FIXED          0 -99.9%   0.000       0.000       0.000       109.3       0.000       16.00       0.000    
    9800  0.1225      0.1250E-04 FIXED          0 -99.9%   0.000       0.000       0.000       111.2       0.000       16.00       0.000    
    9900  0.1237      0.1250E-04 FIXED          0 -99.9%   0.000       0.000       0.000       113.2       0.000       16.00       0.000    
   CYCLE    TIME      TIME-STEP  ELEMENT          ERROR  I-ENERGY    K-ENERGY T  K-ENERGY R  EXT-WORK     MAS.ERR     TOTAL MASS  MASS ADDED
   10000  0.1250      0.1250E-04 FIXED          0 -99.9%   0.000       0.000       0.000       115.2       0.000       16.00       0.000    
     ANIMATION FILE: A21_ROOT_ROTATION_Y_HALFA006 WRITTEN
   10100  0.1262      0.1250E-04 FIXED          0 -99.9%   0.000       0.000       0.000       117.1       0.000       16.00       0.000    
   10200  0.1275      0.1250E-04 FIXED          0 -99.9%   0.000       0.000       0.000       119.1       0.000       16.00       0.000    
   10300  0.1287      0.1250E-04 FIXED          0 -99.9%   0.000       0.000       0.000       121.1       0.000       16.00       0.000    
   10400  0.1300      0.1250E-04 FIXED          0 -99.9%   0.000       0.000       0.000       123.1       0.000       16.00       0.000    
   10500  0.1312      0.1250E-04 FIXED          0 -99.9%   0.000       0.000       0.000       125.2       0.000       16.00       0.000    
   10600  0.1325      0.1250E-04 FIXED          0 -99.9%   0.000       0.000       0.000       127.2       0.000       16.00       0.000    
   10700  0.1337      0.1250E-04 FIXED          0 -99.9%   0.000       0.000       0.000       129.2       0.000       16.00       0.000    
   10800  0.1350      0.1250E-04 FIXED          0 -99.9%   0.000       0.000       0.000       131.3       0.000       16.00       0.000    
   10900  0.1362      0.1250E-04 FIXED          0 -99.9%   0.000       0.000       0.000       133.3       0.000       16.00       0.000    
   11000  0.1375      0.1250E-04 FIXED          0 -99.9%   0.000       0.000       0.000       135.4       0.000       16.00       0.000    
   11100  0.1387      0.1250E-04 FIXED          0 -99.9%   0.000       0.000       0.000       137.5       0.000       16.00       0.000    
   11200  0.1400      0.1250E-04 FIXED          0 -99.9%   0.000       0.000       0.000       139.5       0.000       16.00       0.000    
   11300  0.1412      0.1250E-04 FIXED          0 -99.9%   0.000       0.000       0.000       141.6       0.000       16.00       0.000    
   11400  0.1425      0.1250E-04 FIXED          0 -99.9%   0.000       0.000       0.000       143.7       0.000       16.00       0.000    
   11500  0.1437      0.1250E-04 FIXED          0 -99.9%   0.000       0.000       0.000       145.8       0.000       16.00       0.000    
   11600  0.1450      0.1250E-04 FIXED          0 -99.9%   0.000       0.000       0.000       148.0       0.000       16.00       0.000    
   11700  0.1462      0.1250E-04 FIXED          0 -99.9%   0.000       0.000       0.000       150.1       0.000       16.00       0.000    
   11800  0.1475      0.1250E-04 FIXED          0 -99.9%   0.000       0.000       0.000       152.2       0.000       16.00       0.000    
   11900  0.1487      0.1250E-04 FIXED          0 -99.9%   0.000       0.000       0.000       154.3       0.000       16.00       0.000    
   12000  0.1500      0.1250E-04 FIXED          0 -99.9%   0.000       0.000       0.000       156.5       0.000       16.00       0.000    
     ANIMATION FILE: A21_ROOT_ROTATION_Y_HALFA007 WRITTEN
   12100  0.1512      0.1250E-04 FIXED          0 -99.9%   0.000       0.000       0.000       158.6       0.000       16.00       0.000    
   12200  0.1525      0.1250E-04 FIXED          0 -99.9%   0.000       0.000       0.000       160.8       0.000       16.00       0.000    
   12300  0.1537      0.1250E-04 FIXED          0 -99.9%   0.000       0.000       0.000       163.0       0.000       16.00       0.000    
   12400  0.1550      0.1250E-04 FIXED          0 -99.9%   0.000       0.000       0.000       165.1       0.000       16.00       0.000    
   12500  0.1562      0.1250E-04 FIXED          0 -99.9%   0.000       0.000       0.000       167.3       0.000       16.00       0.000    
   12600  0.1575      0.1250E-04 FIXED          0 -99.9%   0.000       0.000       0.000       169.5       0.000       16.00       0.000    
   12700  0.1587      0.1250E-04 FIXED          0 -99.9%   0.000       0.000       0.000       171.7       0.000       16.00       0.000    
   12800  0.1600      0.1250E-04 FIXED          0 -99.9%   0.000       0.000       0.000       173.9       0.000       16.00       0.000    
   12900  0.1612      0.1250E-04 FIXED          0 -99.9%   0.000       0.000       0.000       176.1       0.000       16.00       0.000    
   13000  0.1625      0.1250E-04 FIXED          0 -99.9%   0.000       0.000       0.000       178.3       0.000       16.00       0.000    
   13100  0.1637      0.1250E-04 FIXED          0 -99.9%   0.000       0.000       0.000       180.5       0.000       16.00       0.000    
   13200  0.1650      0.1250E-04 FIXED          0 -99.9%   0.000       0.000       0.000       182.7       0.000       16.00       0.000    
   13300  0.1662      0.1250E-04 FIXED          0 -99.9%   0.000       0.000       0.000       185.0       0.000       16.00       0.000    
   13400  0.1675      0.1250E-04 FIXED          0 -99.9%   0.000       0.000       0.000       187.2       0.000       16.00       0.000    
   13500  0.1687      0.1250E-04 FIXED          0 -99.9%   0.000       0.000       0.000       189.4       0.000       16.00       0.000    
   13600  0.1700      0.1250E-04 FIXED          0 -99.9%   0.000       0.000       0.000       191.7       0.000       16.00       0.000    
   13700  0.1712      0.1250E-04 FIXED          0 -99.9%   0.000       0.000       0.000       193.9       0.000       16.00       0.000    
   13800  0.1725      0.1250E-04 FIXED          0 -99.9%   0.000       0.000       0.000       196.1       0.000       16.00       0.000    
   13900  0.1737      0.1250E-04 FIXED          0 -99.9%   0.000       0.000       0.000       198.4       0.000       16.00       0.000    
   14000  0.1750      0.1250E-04 FIXED          0 -99.9%   0.000       0.000       0.000       200.7       0.000       16.00       0.000    
     ANIMATION FILE: A21_ROOT_ROTATION_Y_HALFA008 WRITTEN
   14100  0.1762      0.1250E-04 FIXED          0 -99.9%   0.000       0.000       0.000       202.9       0.000       16.00       0.000    
   14200  0.1775      0.1250E-04 FIXED          0 -99.9%   0.000       0.000       0.000       205.2       0.000       16.00       0.000    
   14300  0.1787      0.1250E-04 FIXED          0 -99.9%   0.000       0.000       0.000       207.5       0.000       16.00       0.000    
   14400  0.1800      0.1250E-04 FIXED          0 -99.9%   0.000       0.000       0.000       209.7       0.000       16.00       0.000    
   14500  0.1812      0.1250E-04 FIXED          0 -99.9%   0.000       0.000       0.000       212.0       0.000       16.00       0.000    
   14600  0.1825      0.1250E-04 FIXED          0 -99.9%   0.000       0.000       0.000       214.3       0.000       16.00       0.000    
   14700  0.1837      0.1250E-04 FIXED          0 -99.9%   0.000       0.000       0.000       216.6       0.000       16.00       0.000    
   14800  0.1850      0.1250E-04 FIXED          0 -99.9%   0.000       0.000       0.000       218.8       0.000       16.00       0.000    
   14900  0.1862      0.1250E-04 FIXED          0 -99.9%   0.000       0.000       0.000       221.1       0.000       16.00       0.000    
   15000  0.1875      0.1250E-04 FIXED          0 -99.9%   0.000       0.000       0.000       223.4       0.000       16.00       0.000    
   15100  0.1887      0.1250E-04 FIXED          0 -99.9%   0.000       0.000       0.000       225.7       0.000       16.00       0.000    
   15200  0.1900      0.1250E-04 FIXED          0 -99.9%   0.000       0.000       0.000       228.0       0.000       16.00       0.000    
   15300  0.1912      0.1250E-04 FIXED          0 -99.9%   0.000       0.000       0.000       230.3       0.000       16.00       0.000    
   15400  0.1925      0.1250E-04 FIXED          0 -99.9%   0.000       0.000       0.000       232.6       0.000       16.00       0.000    
   15500  0.1937      0.1250E-04 FIXED          0 -99.9%   0.000       0.000       0.000       234.9       0.000       16.00       0.000    
   15600  0.1950      0.1250E-04 FIXED          0 -99.9%   0.000       0.000       0.000       237.2       0.000       16.00       0.000    
   15700  0.1962      0.1250E-04 FIXED          0 -99.9%   0.000       0.000       0.000       239.5       0.000       16.00       0.000    
   15800  0.1975      0.1250E-04 FIXED          0 -99.9%   0.000       0.000       0.000       241.8       0.000       16.00       0.000    
   15900  0.1987      0.1250E-04 FIXED          0 -99.9%   0.000       0.000       0.000       244.1       0.000       16.00       0.000    
   16000  0.2000      0.1250E-04 FIXED          0 -99.9%   0.000       0.000       0.000       246.4       0.000       16.00       0.000    
     ANIMATION FILE: A21_ROOT_ROTATION_Y_HALFA009 WRITTEN
   16100  0.2012      0.1250E-04 FIXED          0 -99.9%   0.000       0.000       0.000       248.8       0.000       16.00       0.000    
   16200  0.2025      0.1250E-04 FIXED          0 -99.9%   0.000       0.000       0.000       251.1       0.000       16.00       0.000    
   16300  0.2037      0.1250E-04 FIXED          0 -99.9%   0.000       0.000       0.000       253.4       0.000       16.00       0.000    
   16400  0.2050      0.1250E-04 FIXED          0 -99.9%   0.000       0.000       0.000       255.7       0.000       16.00       0.000    
   16500  0.2062      0.1250E-04 FIXED          0 -99.9%   0.000       0.000       0.000       258.0       0.000       16.00       0.000    
   16600  0.2075      0.1250E-04 FIXED          0 -99.9%   0.000       0.000       0.000       260.3       0.000       16.00       0.000    
   16700  0.2087      0.1250E-04 FIXED          0 -99.9%   0.000       0.000       0.000       262.6       0.000       16.00       0.000    
   16800  0.2100      0.1250E-04 FIXED          0 -99.9%   0.000       0.000       0.000       265.0       0.000       16.00       0.000    
   16900  0.2112      0.1250E-04 FIXED          0 -99.9%   0.000       0.000       0.000       267.3       0.000       16.00       0.000    
   17000  0.2125      0.1250E-04 FIXED          0 -99.9%   0.000       0.000       0.000       269.6       0.000       16.00       0.000    
   17100  0.2137      0.1250E-04 FIXED          0 -99.9%   0.000       0.000       0.000       271.9       0.000       16.00       0.000    
   17200  0.2150      0.1250E-04 FIXED          0 -99.9%   0.000       0.000       0.000       274.2       0.000       16.00       0.000    
   17300  0.2162      0.1250E-04 FIXED          0 -99.9%   0.000       0.000       0.000       276.5       0.000       16.00       0.000    
   17400  0.2175      0.1250E-04 FIXED          0 -99.9%   0.000       0.000       0.000       278.8       0.000       16.00       0.000    
   17500  0.2187      0.1250E-04 FIXED          0 -99.9%   0.000       0.000       0.000       281.2       0.000       16.00       0.000    
   17600  0.2200      0.1250E-04 FIXED          0 -99.9%   0.000       0.000       0.000       283.5       0.000       16.00       0.000    
   17700  0.2212      0.1250E-04 FIXED          0 -99.9%   0.000       0.000       0.000       285.8       0.000       16.00       0.000    
   17800  0.2225      0.1250E-04 FIXED          0 -99.9%   0.000       0.000       0.000       288.1       0.000       16.00       0.000    
   17900  0.2237      0.1250E-04 FIXED          0 -99.9%   0.000       0.000       0.000       290.4       0.000       16.00       0.000    
   18000  0.2250      0.1250E-04 FIXED          0 -99.9%   0.000       0.000       0.000       292.7       0.000       16.00       0.000    
     ANIMATION FILE: A21_ROOT_ROTATION_Y_HALFA010 WRITTEN
   18100  0.2262      0.1250E-04 FIXED          0 -99.9%   0.000       0.000       0.000       295.0       0.000       16.00       0.000    
   18200  0.2275      0.1250E-04 FIXED          0 -99.9%   0.000       0.000       0.000       297.3       0.000       16.00       0.000    
   18300  0.2287      0.1250E-04 FIXED          0 -99.9%   0.000       0.000       0.000       299.6       0.000       16.00       0.000    
   18400  0.2300      0.1250E-04 FIXED          0 -99.9%   0.000       0.000       0.000       301.9       0.000       16.00       0.000    
   18500  0.2312      0.1250E-04 FIXED          0 -99.9%   0.000       0.000       0.000       304.2       0.000       16.00       0.000    
   18600  0.2325      0.1250E-04 FIXED          0 -99.9%   0.000       0.000       0.000       306.5       0.000       16.00       0.000    
   18700  0.2337      0.1250E-04 FIXED          0 -99.9%   0.000       0.000       0.000       308.8       0.000       16.00       0.000    
   18800  0.2350      0.1250E-04 FIXED          0 -99.9%   0.000       0.000       0.000       311.1       0.000       16.00       0.000    
   18900  0.2362      0.1250E-04 FIXED          0 -99.9%   0.000       0.000       0.000       313.4       0.000       16.00       0.000    
   19000  0.2375      0.1250E-04 FIXED          0 -99.9%   0.000       0.000       0.000       315.7       0.000       16.00       0.000    
   19100  0.2387      0.1250E-04 FIXED          0 -99.9%   0.000       0.000       0.000       318.0       0.000       16.00       0.000    
   19200  0.2400      0.1250E-04 FIXED          0 -99.9%   0.000       0.000       0.000       320.3       0.000       16.00       0.000    
   19300  0.2412      0.1250E-04 FIXED          0 -99.9%   0.000       0.000       0.000       322.6       0.000       16.00       0.000    
   19400  0.2425      0.1250E-04 FIXED          0 -99.9%   0.000       0.000       0.000       324.8       0.000       16.00       0.000    
   19500  0.2437      0.1250E-04 FIXED          0 -99.9%   0.000       0.000       0.000       327.1       0.000       16.00       0.000    
   19600  0.2450      0.1250E-04 FIXED          0 -99.9%   0.000       0.000       0.000       329.4       0.000       16.00       0.000    
   19700  0.2462      0.1250E-04 FIXED          0 -99.9%   0.000       0.000       0.000       331.6       0.000       16.00       0.000    
   19800  0.2475      0.1250E-04 FIXED          0 -99.9%   0.000       0.000       0.000       333.9       0.000       16.00       0.000    
   19900  0.2487      0.1250E-04 FIXED          0 -99.9%   0.000       0.000       0.000       336.2       0.000       16.00       0.000    
   CYCLE    TIME      TIME-STEP  ELEMENT          ERROR  I-ENERGY    K-ENERGY T  K-ENERGY R  EXT-WORK     MAS.ERR     TOTAL MASS  MASS ADDED
   20000  0.2500      0.1250E-04 FIXED          0 -99.9%   0.000       0.000       0.000       338.4       0.000       16.00       0.000    
     ANIMATION FILE: A21_ROOT_ROTATION_Y_HALFA011 WRITTEN
   20100  0.2512      0.1250E-04 FIXED          0 -99.9%   0.000       0.000       0.000       340.7       0.000       16.00       0.000    
   20200  0.2525      0.1250E-04 FIXED          0 -99.9%   0.000       0.000       0.000       342.9       0.000       16.00       0.000    
   20300  0.2537      0.1250E-04 FIXED          0 -99.9%   0.000       0.000       0.000       345.2       0.000       16.00       0.000    
   20400  0.2550      0.1250E-04 FIXED          0 -99.9%   0.000       0.000       0.000       347.4       0.000       16.00       0.000    
   20500  0.2562      0.1250E-04 FIXED          0 -99.9%   0.000       0.000       0.000       349.7       0.000       16.00       0.000    
   20600  0.2575      0.1250E-04 FIXED          0 -99.9%   0.000       0.000       0.000       351.9       0.000       16.00       0.000    
   20700  0.2587      0.1250E-04 FIXED          0 -99.9%   0.000       0.000       0.000       354.1       0.000       16.00       0.000    
   20800  0.2600      0.1250E-04 FIXED          0 -99.9%   0.000       0.000       0.000       356.4       0.000       16.00       0.000    
   20900  0.2612      0.1250E-04 FIXED          0 -99.9%   0.000       0.000       0.000       358.6       0.000       16.00       0.000    
   21000  0.2625      0.1250E-04 FIXED          0 -99.9%   0.000       0.000       0.000       360.8       0.000       16.00       0.000    
   21100  0.2638      0.1250E-04 FIXED          0 -99.9%   0.000       0.000       0.000       363.0       0.000       16.00       0.000    
   21200  0.2650      0.1250E-04 FIXED          0 -99.9%   0.000       0.000       0.000       365.2       0.000       16.00       0.000    
   21300  0.2663      0.1250E-04 FIXED          0 -99.9%   0.000       0.000       0.000       367.4       0.000       16.00       0.000    
   21400  0.2675      0.1250E-04 FIXED          0 -99.9%   0.000       0.000       0.000       369.6       0.000       16.00       0.000    
   21500  0.2688      0.1250E-04 FIXED          0 -99.9%   0.000       0.000       0.000       371.8       0.000       16.00       0.000    
   21600  0.2700      0.1250E-04 FIXED          0 -99.9%   0.000       0.000       0.000       374.0       0.000       16.00       0.000    
   21700  0.2713      0.1250E-04 FIXED          0 -99.9%   0.000       0.000       0.000       376.2       0.000       16.00       0.000    
   21800  0.2725      0.1250E-04 FIXED          0 -99.9%   0.000       0.000       0.000       378.3       0.000       16.00       0.000    
   21900  0.2738      0.1250E-04 FIXED          0 -99.9%   0.000       0.000       0.000       380.5       0.000       16.00       0.000    
   22000  0.2750      0.1250E-04 FIXED          0 -99.9%   0.000       0.000       0.000       382.7       0.000       16.00       0.000    
     ANIMATION FILE: A21_ROOT_ROTATION_Y_HALFA012 WRITTEN
   22100  0.2763      0.1250E-04 FIXED          0 -99.9%   0.000       0.000       0.000       384.8       0.000       16.00       0.000    
   22200  0.2775      0.1250E-04 FIXED          0 -99.9%   0.000       0.000       0.000       387.0       0.000       16.00       0.000    
   22300  0.2788      0.1250E-04 FIXED          0 -99.9%   0.000       0.000       0.000       389.1       0.000       16.00       0.000    
   22400  0.2800      0.1250E-04 FIXED          0 -99.9%   0.000       0.000       0.000       391.2       0.000       16.00       0.000    
   22500  0.2813      0.1250E-04 FIXED          0 -99.9%   0.000       0.000       0.000       393.4       0.000       16.00       0.000    
   22600  0.2825      0.1250E-04 FIXED          0 -99.9%   0.000       0.000       0.000       395.5       0.000       16.00       0.000    
   22700  0.2838      0.1250E-04 FIXED          0 -99.9%   0.000       0.000       0.000       397.6       0.000       16.00       0.000    
   22800  0.2850      0.1250E-04 FIXED          0 -99.9%   0.000       0.000       0.000       399.7       0.000       16.00       0.000    
   22900  0.2863      0.1250E-04 FIXED          0 -99.9%   0.000       0.000       0.000       401.8       0.000       16.00       0.000    
   23000  0.2875      0.1250E-04 FIXED          0 -99.9%   0.000       0.000       0.000       403.9       0.000       16.00       0.000    
   23100  0.2888      0.1250E-04 FIXED          0 -99.9%   0.000       0.000       0.000       406.0       0.000       16.00       0.000    
   23200  0.2900      0.1250E-04 FIXED          0 -99.9%   0.000       0.000       0.000       408.1       0.000       16.00       0.000    
   23300  0.2913      0.1250E-04 FIXED          0 -99.9%   0.000       0.000       0.000       410.2       0.000       16.00       0.000    
   23400  0.2925      0.1250E-04 FIXED          0 -99.9%   0.000       0.000       0.000       412.3       0.000       16.00       0.000    
   23500  0.2938      0.1250E-04 FIXED          0 -99.9%   0.000       0.000       0.000       414.3       0.000       16.00       0.000    
   23600  0.2950      0.1250E-04 FIXED          0 -99.9%   0.000       0.000       0.000       416.4       0.000       16.00       0.000    
   23700  0.2963      0.1250E-04 FIXED          0 -99.9%   0.000       0.000       0.000       418.4       0.000       16.00       0.000    
   23800  0.2975      0.1250E-04 FIXED          0 -99.9%   0.000       0.000       0.000       420.5       0.000       16.00       0.000    
   23900  0.2988      0.1250E-04 FIXED          0 -99.9%   0.000       0.000       0.000       422.5       0.000       16.00       0.000    
   24000  0.3000      0.1250E-04 FIXED          0 -99.9%   0.000       0.000       0.000       424.5       0.000       16.00       0.000    
     ANIMATION FILE: A21_ROOT_ROTATION_Y_HALFA013 WRITTEN
   24100  0.3013      0.1250E-04 FIXED          0 -99.9%   0.000       0.000       0.000       426.5       0.000       16.00       0.000    
   24200  0.3025      0.1250E-04 FIXED          0 -99.9%   0.000       0.000       0.000       428.6       0.000       16.00       0.000    
   24300  0.3038      0.1250E-04 FIXED          0 -99.9%   0.000       0.000       0.000       430.6       0.000       16.00       0.000    
   24400  0.3050      0.1250E-04 FIXED          0 -99.9%   0.000       0.000       0.000       432.6       0.000       16.00       0.000    
   24500  0.3063      0.1250E-04 FIXED          0 -99.9%   0.000       0.000       0.000       434.5       0.000       16.00       0.000    
   24600  0.3075      0.1250E-04 FIXED          0 -99.9%   0.000       0.000       0.000       436.5       0.000       16.00       0.000    
   24700  0.3088      0.1250E-04 FIXED          0 -99.9%   0.000       0.000       0.000       438.5       0.000       16.00       0.000    
   24800  0.3100      0.1250E-04 FIXED          0 -99.9%   0.000       0.000       0.000       440.4       0.000       16.00       0.000    
   24900  0.3113      0.1250E-04 FIXED          0 -99.9%   0.000       0.000       0.000       442.4       0.000       16.00       0.000    
   25000  0.3125      0.1250E-04 FIXED          0 -99.9%   0.000       0.000       0.000       444.3       0.000       16.00       0.000    
   25100  0.3138      0.1250E-04 FIXED          0 -99.9%   0.000       0.000       0.000       446.3       0.000       16.00       0.000    
   25200  0.3150      0.1250E-04 FIXED          0 -99.9%   0.000       0.000       0.000       448.2       0.000       16.00       0.000    
   25300  0.3163      0.1250E-04 FIXED          0 -99.9%   0.000       0.000       0.000       450.1       0.000       16.00       0.000    
   25400  0.3175      0.1250E-04 FIXED          0 -99.9%   0.000       0.000       0.000       452.0       0.000       16.00       0.000    
   25500  0.3188      0.1250E-04 FIXED          0 -99.9%   0.000       0.000       0.000       453.9       0.000       16.00       0.000    
   25600  0.3200      0.1250E-04 FIXED          0 -99.9%   0.000       0.000       0.000       455.8       0.000       16.00       0.000    
   25700  0.3213      0.1250E-04 FIXED          0 -99.9%   0.000       0.000       0.000       457.7       0.000       16.00       0.000    
   25800  0.3225      0.1250E-04 FIXED          0 -99.9%   0.000       0.000       0.000       459.6       0.000       16.00       0.000    
   25900  0.3238      0.1250E-04 FIXED          0 -99.9%   0.000       0.000       0.000       461.4       0.000       16.00       0.000    
   26000  0.3250      0.1250E-04 FIXED          0 -99.9%   0.000       0.000       0.000       463.3       0.000       16.00       0.000    
     ANIMATION FILE: A21_ROOT_ROTATION_Y_HALFA014 WRITTEN
   26100  0.3263      0.1250E-04 FIXED          0 -99.9%   0.000       0.000       0.000       465.1       0.000       16.00       0.000    
   26200  0.3275      0.1250E-04 FIXED          0 -99.9%   0.000       0.000       0.000       467.0       0.000       16.00       0.000    
   26300  0.3288      0.1250E-04 FIXED          0 -99.9%   0.000       0.000       0.000       468.8       0.000       16.00       0.000    
   26400  0.3300      0.1250E-04 FIXED          0 -99.9%   0.000       0.000       0.000       470.6       0.000       16.00       0.000    
   26500  0.3313      0.1250E-04 FIXED          0 -99.9%   0.000       0.000       0.000       472.4       0.000       16.00       0.000    
   26600  0.3325      0.1250E-04 FIXED          0 -99.9%   0.000       0.000       0.000       474.2       0.000       16.00       0.000    
   26700  0.3338      0.1250E-04 FIXED          0 -99.9%   0.000       0.000       0.000       476.0       0.000       16.00       0.000    
   26800  0.3350      0.1250E-04 FIXED          0 -99.9%   0.000       0.000       0.000       477.8       0.000       16.00       0.000    
   26900  0.3363      0.1250E-04 FIXED          0 -99.9%   0.000       0.000       0.000       479.5       0.000       16.00       0.000    
   27000  0.3375      0.1250E-04 FIXED          0 -99.9%   0.000       0.000       0.000       481.3       0.000       16.00       0.000    
   27100  0.3388      0.1250E-04 FIXED          0 -99.9%   0.000       0.000       0.000       483.0       0.000       16.00       0.000    
   27200  0.3400      0.1250E-04 FIXED          0 -99.9%   0.000       0.000       0.000       484.7       0.000       16.00       0.000    
   27300  0.3413      0.1250E-04 FIXED          0 -99.9%   0.000       0.000       0.000       486.5       0.000       16.00       0.000    
   27400  0.3425      0.1250E-04 FIXED          0 -99.9%   0.000       0.000       0.000       488.2       0.000       16.00       0.000    
   27500  0.3438      0.1250E-04 FIXED          0 -99.9%   0.000       0.000       0.000       489.9       0.000       16.00       0.000    
   27600  0.3450      0.1250E-04 FIXED          0 -99.9%   0.000       0.000       0.000       491.6       0.000       16.00       0.000    
   27700  0.3463      0.1250E-04 FIXED          0 -99.9%   0.000       0.000       0.000       493.3       0.000       16.00       0.000    
   27800  0.3475      0.1250E-04 FIXED          0 -99.9%   0.000       0.000       0.000       494.9       0.000       16.00       0.000    
   27900  0.3488      0.1250E-04 FIXED          0 -99.9%   0.000       0.000       0.000       496.6       0.000       16.00       0.000    
   28000  0.3500      0.1250E-04 FIXED          0 -99.9%   0.000       0.000       0.000       498.2       0.000       16.00       0.000    
     ANIMATION FILE: A21_ROOT_ROTATION_Y_HALFA015 WRITTEN
   28100  0.3513      0.1250E-04 FIXED          0 -99.9%   0.000       0.000       0.000       499.9       0.000       16.00       0.000    
   28200  0.3525      0.1250E-04 FIXED          0 -99.9%   0.000       0.000       0.000       501.5       0.000       16.00       0.000    
   28300  0.3538      0.1250E-04 FIXED          0 -99.9%   0.000       0.000       0.000       503.1       0.000       16.00       0.000    
   28400  0.3550      0.1250E-04 FIXED          0 -99.9%   0.000       0.000       0.000       504.7       0.000       16.00       0.000    
   28500  0.3563      0.1250E-04 FIXED          0 -99.9%   0.000       0.000       0.000       506.3       0.000       16.00       0.000    
   28600  0.3575      0.1250E-04 FIXED          0 -99.9%   0.000       0.000       0.000       507.9       0.000       16.00       0.000    
   28700  0.3588      0.1250E-04 FIXED          0 -99.9%   0.000       0.000       0.000       509.5       0.000       16.00       0.000    
   28800  0.3600      0.1250E-04 FIXED          0 -99.9%   0.000       0.000       0.000       511.0       0.000       16.00       0.000    
   28900  0.3613      0.1250E-04 FIXED          0 -99.9%   0.000       0.000       0.000       512.6       0.000       16.00       0.000    
   29000  0.3625      0.1250E-04 FIXED          0 -99.9%   0.000       0.000       0.000       514.1       0.000       16.00       0.000    
   29100  0.3638      0.1250E-04 FIXED          0 -99.9%   0.000       0.000       0.000       515.6       0.000       16.00       0.000    
   29200  0.3650      0.1250E-04 FIXED          0 -99.9%   0.000       0.000       0.000       517.1       0.000       16.00       0.000    
   29300  0.3663      0.1250E-04 FIXED          0 -99.9%   0.000       0.000       0.000       518.6       0.000       16.00       0.000    
   29400  0.3675      0.1250E-04 FIXED          0 -99.9%   0.000       0.000       0.000       520.1       0.000       16.00       0.000    
   29500  0.3688      0.1250E-04 FIXED          0 -99.9%   0.000       0.000       0.000       521.6       0.000       16.00       0.000    
   29600  0.3700      0.1250E-04 FIXED          0 -99.9%   0.000       0.000       0.000       523.1       0.000       16.00       0.000    
   29700  0.3713      0.1250E-04 FIXED          0 -99.9%   0.000       0.000       0.000       524.5       0.000       16.00       0.000    
   29800  0.3725      0.1250E-04 FIXED          0 -99.9%   0.000       0.000       0.000       526.0       0.000       16.00       0.000    
   29900  0.3738      0.1250E-04 FIXED          0 -99.9%   0.000       0.000       0.000       527.4       0.000       16.00       0.000    
   CYCLE    TIME      TIME-STEP  ELEMENT          ERROR  I-ENERGY    K-ENERGY T  K-ENERGY R  EXT-WORK     MAS.ERR     TOTAL MASS  MASS ADDED
   30000  0.3750      0.1250E-04 FIXED          0 -99.9%   0.000       0.000       0.000       528.8       0.000       16.00       0.000    
     ANIMATION FILE: A21_ROOT_ROTATION_Y_HALFA016 WRITTEN
   30100  0.3763      0.1250E-04 FIXED          0 -99.9%   0.000       0.000       0.000       530.2       0.000       16.00       0.000    
   30200  0.3775      0.1250E-04 FIXED          0 -99.9%   0.000       0.000       0.000       531.6       0.000       16.00       0.000    
   30300  0.3788      0.1250E-04 FIXED          0 -99.9%   0.000       0.000       0.000       533.0       0.000       16.00       0.000    
   30400  0.3800      0.1250E-04 FIXED          0 -99.9%   0.000       0.000       0.000       534.3       0.000       16.00       0.000    
   30500  0.3813      0.1250E-04 FIXED          0 -99.9%   0.000       0.000       0.000       535.7       0.000       16.00       0.000    
   30600  0.3825      0.1250E-04 FIXED          0 -99.9%   0.000       0.000       0.000       537.0       0.000       16.00       0.000    
   30700  0.3838      0.1250E-04 FIXED          0 -99.9%   0.000       0.000       0.000       538.4       0.000       16.00       0.000    
   30800  0.3850      0.1250E-04 FIXED          0 -99.9%   0.000       0.000       0.000       539.7       0.000       16.00       0.000    
   30900  0.3863      0.1250E-04 FIXED          0 -99.9%   0.000       0.000       0.000       541.0       0.000       16.00       0.000    
   31000  0.3875      0.1250E-04 FIXED          0 -99.9%   0.000       0.000       0.000       542.3       0.000       16.00       0.000    
   31100  0.3888      0.1250E-04 FIXED          0 -99.9%   0.000       0.000       0.000       543.6       0.000       16.00       0.000    
   31200  0.3900      0.1250E-04 FIXED          0 -99.9%   0.000       0.000       0.000       544.8       0.000       16.00       0.000    
   31300  0.3913      0.1250E-04 FIXED          0 -99.9%   0.000       0.000       0.000       546.1       0.000       16.00       0.000    
   31400  0.3925      0.1250E-04 FIXED          0 -99.9%   0.000       0.000       0.000       547.3       0.000       16.00       0.000    
   31500  0.3938      0.1250E-04 FIXED          0 -99.9%   0.000       0.000       0.000       548.5       0.000       16.00       0.000    
   31600  0.3950      0.1250E-04 FIXED          0 -99.9%   0.000       0.000       0.000       549.8       0.000       16.00       0.000    
   31700  0.3963      0.1250E-04 FIXED          0 -99.9%   0.000       0.000       0.000       551.0       0.000       16.00       0.000    
   31800  0.3975      0.1250E-04 FIXED          0 -99.9%   0.000       0.000       0.000       552.2       0.000       16.00       0.000    
   31900  0.3988      0.1250E-04 FIXED          0 -99.9%   0.000       0.000       0.000       553.3       0.000       16.00       0.000    
   32000  0.4000      0.1250E-04 FIXED          0 -99.9%   0.000       0.000       0.000       554.5       0.000       16.00       0.000    
     ANIMATION FILE: A21_ROOT_ROTATION_Y_HALFA017 WRITTEN
   32100  0.4013      0.1250E-04 FIXED          0 -99.9%   0.000       0.000       0.000       555.6       0.000       16.00       0.000    
   32200  0.4025      0.1250E-04 FIXED          0 -99.9%   0.000       0.000       0.000       556.8       0.000       16.00       0.000    
   32300  0.4038      0.1250E-04 FIXED          0 -99.9%   0.000       0.000       0.000       557.9       0.000       16.00       0.000    
   32400  0.4050      0.1250E-04 FIXED          0 -99.9%   0.000       0.000       0.000       559.0       0.000       16.00       0.000    
   32500  0.4063      0.1250E-04 FIXED          0 -99.9%   0.000       0.000       0.000       560.1       0.000       16.00       0.000    
   32600  0.4075      0.1250E-04 FIXED          0 -99.9%   0.000       0.000       0.000       561.2       0.000       16.00       0.000    
   32700  0.4088      0.1250E-04 FIXED          0 -99.9%   0.000       0.000       0.000       562.2       0.000       16.00       0.000    
   32800  0.4100      0.1250E-04 FIXED          0 -99.9%   0.000       0.000       0.000       563.3       0.000       16.00       0.000    
   32900  0.4113      0.1250E-04 FIXED          0 -99.9%   0.000       0.000       0.000       564.3       0.000       16.00       0.000    
   33000  0.4125      0.1250E-04 FIXED          0 -99.9%   0.000       0.000       0.000       565.4       0.000       16.00       0.000    
   33100  0.4138      0.1250E-04 FIXED          0 -99.9%   0.000       0.000       0.000       566.4       0.000       16.00       0.000    
   33200  0.4150      0.1250E-04 FIXED          0 -99.9%   0.000       0.000       0.000       567.4       0.000       16.00       0.000    
   33300  0.4163      0.1250E-04 FIXED          0 -99.9%   0.000       0.000       0.000       568.4       0.000       16.00       0.000    
   33400  0.4175      0.1250E-04 FIXED          0 -99.9%   0.000       0.000       0.000       569.3       0.000       16.00       0.000    
   33500  0.4188      0.1250E-04 FIXED          0 -99.9%   0.000       0.000       0.000       570.3       0.000       16.00       0.000    
   33600  0.4200      0.1250E-04 FIXED          0 -99.9%   0.000       0.000       0.000       571.2       0.000       16.00       0.000    
   33700  0.4213      0.1250E-04 FIXED          0 -99.9%   0.000       0.000       0.000       572.2       0.000       16.00       0.000    
   33800  0.4225      0.1250E-04 FIXED          0 -99.9%   0.000       0.000       0.000       573.1       0.000       16.00       0.000    
   33900  0.4238      0.1250E-04 FIXED          0 -99.9%   0.000       0.000       0.000       574.0       0.000       16.00       0.000    
   34000  0.4250      0.1250E-04 FIXED          0 -99.9%   0.000       0.000       0.000       574.9       0.000       16.00       0.000    
     ANIMATION FILE: A21_ROOT_ROTATION_Y_HALFA018 WRITTEN
   34100  0.4263      0.1250E-04 FIXED          0 -99.9%   0.000       0.000       0.000       575.8       0.000       16.00       0.000    
   34200  0.4275      0.1250E-04 FIXED          0 -99.9%   0.000       0.000       0.000       576.6       0.000       16.00       0.000    
   34300  0.4288      0.1250E-04 FIXED          0 -99.9%   0.000       0.000       0.000       577.5       0.000       16.00       0.000    
   34400  0.4300      0.1250E-04 FIXED          0 -99.9%   0.000       0.000       0.000       578.3       0.000       16.00       0.000    
   34500  0.4313      0.1250E-04 FIXED          0 -99.9%   0.000       0.000       0.000       579.1       0.000       16.00       0.000    
   34600  0.4325      0.1250E-04 FIXED          0 -99.9%   0.000       0.000       0.000       579.9       0.000       16.00       0.000    
   34700  0.4338      0.1250E-04 FIXED          0 -99.9%   0.000       0.000       0.000       580.7       0.000       16.00       0.000    
   34800  0.4350      0.1250E-04 FIXED          0 -99.9%   0.000       0.000       0.000       581.5       0.000       16.00       0.000    
   34900  0.4363      0.1250E-04 FIXED          0 -99.9%   0.000       0.000       0.000       582.3       0.000       16.00       0.000    
   35000  0.4375      0.1250E-04 FIXED          0 -99.9%   0.000       0.000       0.000       583.0       0.000       16.00       0.000    
   35100  0.4388      0.1250E-04 FIXED          0 -99.9%   0.000       0.000       0.000       583.7       0.000       16.00       0.000    
   35200  0.4400      0.1250E-04 FIXED          0 -99.9%   0.000       0.000       0.000       584.5       0.000       16.00       0.000    
   35300  0.4413      0.1250E-04 FIXED          0 -99.9%   0.000       0.000       0.000       585.2       0.000       16.00       0.000    
   35400  0.4425      0.1250E-04 FIXED          0 -99.9%   0.000       0.000       0.000       585.9       0.000       16.00       0.000    
   35500  0.4438      0.1250E-04 FIXED          0 -99.9%   0.000       0.000       0.000       586.5       0.000       16.00       0.000    
   35600  0.4450      0.1250E-04 FIXED          0 -99.9%   0.000       0.000       0.000       587.2       0.000       16.00       0.000    
   35700  0.4463      0.1250E-04 FIXED          0 -99.9%   0.000       0.000       0.000       587.8       0.000       16.00       0.000    
   35800  0.4475      0.1250E-04 FIXED          0 -99.9%   0.000       0.000       0.000       588.5       0.000       16.00       0.000    
   35900  0.4488      0.1250E-04 FIXED          0 -99.9%   0.000       0.000       0.000       589.1       0.000       16.00       0.000    
   36000  0.4500      0.1250E-04 FIXED          0 -99.9%   0.000       0.000       0.000       589.7       0.000       16.00       0.000    
     ANIMATION FILE: A21_ROOT_ROTATION_Y_HALFA019 WRITTEN
   36100  0.4513      0.1250E-04 FIXED          0 -99.9%   0.000       0.000       0.000       590.3       0.000       16.00       0.000    
   36200  0.4525      0.1250E-04 FIXED          0 -99.9%   0.000       0.000       0.000       590.8       0.000       16.00       0.000    
   36300  0.4538      0.1250E-04 FIXED          0 -99.9%   0.000       0.000       0.000       591.4       0.000       16.00       0.000    
   36400  0.4550      0.1250E-04 FIXED          0 -99.9%   0.000       0.000       0.000       592.0       0.000       16.00       0.000    
   36500  0.4563      0.1250E-04 FIXED          0 -99.9%   0.000       0.000       0.000       592.5       0.000       16.00       0.000    
   36600  0.4575      0.1250E-04 FIXED          0 -99.9%   0.000       0.000       0.000       593.0       0.000       16.00       0.000    
   36700  0.4588      0.1250E-04 FIXED          0 -99.9%   0.000       0.000       0.000       593.5       0.000       16.00       0.000    
   36800  0.4600      0.1250E-04 FIXED          0 -99.9%   0.000       0.000       0.000       594.0       0.000       16.00       0.000    
   36900  0.4613      0.1250E-04 FIXED          0 -99.9%   0.000       0.000       0.000       594.5       0.000       16.00       0.000    
   37000  0.4625      0.1250E-04 FIXED          0 -99.9%   0.000       0.000       0.000       594.9       0.000       16.00       0.000    
   37100  0.4638      0.1250E-04 FIXED          0 -99.9%   0.000       0.000       0.000       595.4       0.000       16.00       0.000    
   37200  0.4650      0.1250E-04 FIXED          0 -99.9%   0.000       0.000       0.000       595.8       0.000       16.00       0.000    
   37300  0.4663      0.1250E-04 FIXED          0 -99.9%   0.000       0.000       0.000       596.2       0.000       16.00       0.000    
   37400  0.4675      0.1250E-04 FIXED          0 -99.9%   0.000       0.000       0.000       596.6       0.000       16.00       0.000    
   37500  0.4688      0.1250E-04 FIXED          0 -99.9%   0.000       0.000       0.000       597.0       0.000       16.00       0.000    
   37600  0.4700      0.1250E-04 FIXED          0 -99.9%   0.000       0.000       0.000       597.3       0.000       16.00       0.000    
   37700  0.4713      0.1250E-04 FIXED          0 -99.9%   0.000       0.000       0.000       597.7       0.000       16.00       0.000    
   37800  0.4725      0.1250E-04 FIXED          0 -99.9%   0.000       0.000       0.000       598.0       0.000       16.00       0.000    
   37900  0.4738      0.1250E-04 FIXED          0 -99.9%   0.000       0.000       0.000       598.3       0.000       16.00       0.000    
   38000  0.4750      0.1250E-04 FIXED          0 -99.9%   0.000       0.000       0.000       598.7       0.000       16.00       0.000    
     ANIMATION FILE: A21_ROOT_ROTATION_Y_HALFA020 WRITTEN
   38100  0.4763      0.1250E-04 FIXED          0 -99.9%   0.000       0.000       0.000       598.9       0.000       16.00       0.000    
   38200  0.4775      0.1250E-04 FIXED          0 -99.9%   0.000       0.000       0.000       599.2       0.000       16.00       0.000    
   38300  0.4788      0.1250E-04 FIXED          0 -99.9%   0.000       0.000       0.000       599.5       0.000       16.00       0.000    
   38400  0.4800      0.1250E-04 FIXED          0 -99.9%   0.000       0.000       0.000       599.7       0.000       16.00       0.000    
   38500  0.4813      0.1250E-04 FIXED          0 -99.9%   0.000       0.000       0.000       600.0       0.000       16.00       0.000    
   38600  0.4825      0.1250E-04 FIXED          0 -99.9%   0.000       0.000       0.000       600.2       0.000       16.00       0.000    
   38700  0.4838      0.1250E-04 FIXED          0 -99.9%   0.000       0.000       0.000       600.4       0.000       16.00       0.000    
   38800  0.4850      0.1250E-04 FIXED          0 -99.9%   0.000       0.000       0.000       600.6       0.000       16.00       0.000    
   38900  0.4863      0.1250E-04 FIXED          0 -99.9%   0.000       0.000       0.000       600.8       0.000       16.00       0.000    
   39000  0.4875      0.1250E-04 FIXED          0 -99.9%   0.000       0.000       0.000       600.9       0.000       16.00       0.000    
   39100  0.4888      0.1250E-04 FIXED          0 -99.9%   0.000       0.000       0.000       601.1       0.000       16.00       0.000    
   39200  0.4900      0.1250E-04 FIXED          0 -99.9%   0.000       0.000       0.000       601.2       0.000       16.00       0.000    
   39300  0.4913      0.1250E-04 FIXED          0 -99.9%   0.000       0.000       0.000       601.3       0.000       16.00       0.000    
   39400  0.4925      0.1250E-04 FIXED          0 -99.9%   0.000       0.000       0.000       601.4       0.000       16.00       0.000    
   39500  0.4938      0.1250E-04 FIXED          0 -99.9%   0.000       0.000       0.000       601.5       0.000       16.00       0.000    
   39600  0.4950      0.1250E-04 FIXED          0 -99.9%   0.000       0.000       0.000       601.5       0.000       16.00       0.000    
   39700  0.4963      0.1250E-04 FIXED          0 -99.9%   0.000       0.000       0.000       601.6       0.000       16.00       0.000    
   39800  0.4975      0.1250E-04 FIXED          0 -99.9%   0.000       0.000       0.000       601.6       0.000       16.00       0.000    
   39900  0.4988      0.1250E-04 FIXED          0 -99.9%   0.000       0.000       0.000       601.7       0.000       16.00       0.000    
   CYCLE    TIME      TIME-STEP  ELEMENT          ERROR  I-ENERGY    K-ENERGY T  K-ENERGY R  EXT-WORK     MAS.ERR     TOTAL MASS  MASS ADDED
   40000  0.5000      0.1250E-04 FIXED          0 -99.9%   0.000       0.000       0.000       601.7       0.000       16.00       0.000    
     ANIMATION FILE: A21_ROOT_ROTATION_Y_HALFA021 WRITTEN
   40100  0.5013      0.1250E-04 FIXED          0 -99.9%   0.000       0.000       0.000       601.7       0.000       16.00       0.000    
   40200  0.5025      0.1250E-04 FIXED          0 -99.9%   0.000       0.000       0.000       601.6       0.000       16.00       0.000    
   40300  0.5038      0.1250E-04 FIXED          0 -99.9%   0.000       0.000       0.000       601.6       0.000       16.00       0.000    
   40400  0.5050      0.1250E-04 FIXED          0 -99.9%   0.000       0.000       0.000       601.5       0.000       16.00       0.000    
   40500  0.5063      0.1250E-04 FIXED          0 -99.9%   0.000       0.000       0.000       601.5       0.000       16.00       0.000    
   40600  0.5075      0.1250E-04 FIXED          0 -99.9%   0.000       0.000       0.000       601.4       0.000       16.00       0.000    
   40700  0.5088      0.1250E-04 FIXED          0 -99.9%   0.000       0.000       0.000       601.3       0.000       16.00       0.000    
   40800  0.5100      0.1250E-04 FIXED          0 -99.9%   0.000       0.000       0.000       601.2       0.000       16.00       0.000    
   40900  0.5113      0.1250E-04 FIXED          0 -99.9%   0.000       0.000       0.000       601.1       0.000       16.00       0.000    
   41000  0.5125      0.1250E-04 FIXED          0 -99.9%   0.000       0.000       0.000       600.9       0.000       16.00       0.000    
   41100  0.5138      0.1250E-04 FIXED          0 -99.9%   0.000       0.000       0.000       600.8       0.000       16.00       0.000    
   41200  0.5150      0.1250E-04 FIXED          0 -99.9%   0.000       0.000       0.000       600.6       0.000       16.00       0.000    
   41300  0.5163      0.1250E-04 FIXED          0 -99.9%   0.000       0.000       0.000       600.4       0.000       16.00       0.000    
   41400  0.5175      0.1250E-04 FIXED          0 -99.9%   0.000       0.000       0.000       600.2       0.000       16.00       0.000    
   41500  0.5188      0.1250E-04 FIXED          0 -99.9%   0.000       0.000       0.000       600.0       0.000       16.00       0.000    
   41600  0.5200      0.1250E-04 FIXED          0 -99.9%   0.000       0.000       0.000       599.7       0.000       16.00       0.000    
   41700  0.5213      0.1250E-04 FIXED          0 -99.9%   0.000       0.000       0.000       599.5       0.000       16.00       0.000    
   41800  0.5225      0.1250E-04 FIXED          0 -99.9%   0.000       0.000       0.000       599.2       0.000       16.00       0.000    
   41900  0.5238      0.1250E-04 FIXED          0 -99.9%   0.000       0.000       0.000       598.9       0.000       16.00       0.000    
   42000  0.5250      0.1250E-04 FIXED          0 -99.9%   0.000       0.000       0.000       598.7       0.000       16.00       0.000    
     ANIMATION FILE: A21_ROOT_ROTATION_Y_HALFA022 WRITTEN
   42100  0.5263      0.1250E-04 FIXED          0 -99.9%   0.000       0.000       0.000       598.3       0.000       16.00       0.000    
   42200  0.5275      0.1250E-04 FIXED          0 -99.9%   0.000       0.000       0.000       598.0       0.000       16.00       0.000    
   42300  0.5288      0.1250E-04 FIXED          0 -99.9%   0.000       0.000       0.000       597.7       0.000       16.00       0.000    
   42400  0.5300      0.1250E-04 FIXED          0 -99.9%   0.000       0.000       0.000       597.3       0.000       16.00       0.000    
   42500  0.5313      0.1250E-04 FIXED          0 -99.9%   0.000       0.000       0.000       597.0       0.000       16.00       0.000    
   42600  0.5325      0.1250E-04 FIXED          0 -99.9%   0.000       0.000       0.000       596.6       0.000       16.00       0.000    
   42700  0.5338      0.1250E-04 FIXED          0 -99.9%   0.000       0.000       0.000       596.2       0.000       16.00       0.000    
   42800  0.5350      0.1250E-04 FIXED          0 -99.9%   0.000       0.000       0.000       595.8       0.000       16.00       0.000    
   42900  0.5363      0.1250E-04 FIXED          0 -99.9%   0.000       0.000       0.000       595.4       0.000       16.00       0.000    
   43000  0.5375      0.1250E-04 FIXED          0 -99.9%   0.000       0.000       0.000       594.9       0.000       16.00       0.000    
   43100  0.5388      0.1250E-04 FIXED          0 -99.9%   0.000       0.000       0.000       594.5       0.000       16.00       0.000    
   43200  0.5400      0.1250E-04 FIXED          0 -99.9%   0.000       0.000       0.000       594.0       0.000       16.00       0.000    
   43300  0.5413      0.1250E-04 FIXED          0 -99.9%   0.000       0.000       0.000       593.5       0.000       16.00       0.000    
   43400  0.5425      0.1250E-04 FIXED          0 -99.9%   0.000       0.000       0.000       593.0       0.000       16.00       0.000    
   43500  0.5438      0.1250E-04 FIXED          0 -99.9%   0.000       0.000       0.000       592.5       0.000       16.00       0.000    
   43600  0.5450      0.1250E-04 FIXED          0 -99.9%   0.000       0.000       0.000       592.0       0.000       16.00       0.000    
   43700  0.5463      0.1250E-04 FIXED          0 -99.9%   0.000       0.000       0.000       591.4       0.000       16.00       0.000    
   43800  0.5475      0.1250E-04 FIXED          0 -99.9%   0.000       0.000       0.000       590.8       0.000       16.00       0.000    
   43900  0.5488      0.1250E-04 FIXED          0 -99.9%   0.000       0.000       0.000       590.3       0.000       16.00       0.000    
   44000  0.5500      0.1250E-04 FIXED          0 -99.9%   0.000       0.000       0.000       589.7       0.000       16.00       0.000    
     ANIMATION FILE: A21_ROOT_ROTATION_Y_HALFA023 WRITTEN
   44100  0.5513      0.1250E-04 FIXED          0 -99.9%   0.000       0.000       0.000       589.1       0.000       16.00       0.000    
   44200  0.5525      0.1250E-04 FIXED          0 -99.9%   0.000       0.000       0.000       588.5       0.000       16.00       0.000    
   44300  0.5538      0.1250E-04 FIXED          0 -99.9%   0.000       0.000       0.000       587.8       0.000       16.00       0.000    
   44400  0.5550      0.1250E-04 FIXED          0 -99.9%   0.000       0.000       0.000       587.2       0.000       16.00       0.000    
   44500  0.5563      0.1250E-04 FIXED          0 -99.9%   0.000       0.000       0.000       586.5       0.000       16.00       0.000    
   44600  0.5575      0.1250E-04 FIXED          0 -99.9%   0.000       0.000       0.000       585.9       0.000       16.00       0.000    
   44700  0.5588      0.1250E-04 FIXED          0 -99.9%   0.000       0.000       0.000       585.2       0.000       16.00       0.000    
   44800  0.5600      0.1250E-04 FIXED          0 -99.9%   0.000       0.000       0.000       584.5       0.000       16.00       0.000    
   44900  0.5613      0.1250E-04 FIXED          0 -99.9%   0.000       0.000       0.000       583.7       0.000       16.00       0.000    
   45000  0.5625      0.1250E-04 FIXED          0 -99.9%   0.000       0.000       0.000       583.0       0.000       16.00       0.000    
   45100  0.5638      0.1250E-04 FIXED          0 -99.9%   0.000       0.000       0.000       582.3       0.000       16.00       0.000    
   45200  0.5650      0.1250E-04 FIXED          0 -99.9%   0.000       0.000       0.000       581.5       0.000       16.00       0.000    
   45300  0.5663      0.1250E-04 FIXED          0 -99.9%   0.000       0.000       0.000       580.7       0.000       16.00       0.000    
   45400  0.5675      0.1250E-04 FIXED          0 -99.9%   0.000       0.000       0.000       579.9       0.000       16.00       0.000    
   45500  0.5688      0.1250E-04 FIXED          0 -99.9%   0.000       0.000       0.000       579.1       0.000       16.00       0.000    
   45600  0.5700      0.1250E-04 FIXED          0 -99.9%   0.000       0.000       0.000       578.3       0.000       16.00       0.000    
   45700  0.5713      0.1250E-04 FIXED          0 -99.9%   0.000       0.000       0.000       577.5       0.000       16.00       0.000    
   45800  0.5725      0.1250E-04 FIXED          0 -99.9%   0.000       0.000       0.000       576.6       0.000       16.00       0.000    
   45900  0.5738      0.1250E-04 FIXED          0 -99.9%   0.000       0.000       0.000       575.8       0.000       16.00       0.000    
   46000  0.5750      0.1250E-04 FIXED          0 -99.9%   0.000       0.000       0.000       574.9       0.000       16.00       0.000    
     ANIMATION FILE: A21_ROOT_ROTATION_Y_HALFA024 WRITTEN
   46100  0.5763      0.1250E-04 FIXED          0 -99.9%   0.000       0.000       0.000       574.0       0.000       16.00       0.000    
   46200  0.5775      0.1250E-04 FIXED          0 -99.9%   0.000       0.000       0.000       573.1       0.000       16.00       0.000    
   46300  0.5788      0.1250E-04 FIXED          0 -99.9%   0.000       0.000       0.000       572.2       0.000       16.00       0.000    
   46400  0.5800      0.1250E-04 FIXED          0 -99.9%   0.000       0.000       0.000       571.2       0.000       16.00       0.000    
   46500  0.5813      0.1250E-04 FIXED          0 -99.9%   0.000       0.000       0.000       570.3       0.000       16.00       0.000    
   46600  0.5825      0.1250E-04 FIXED          0 -99.9%   0.000       0.000       0.000       569.3       0.000       16.00       0.000    
   46700  0.5838      0.1250E-04 FIXED          0 -99.9%   0.000       0.000       0.000       568.4       0.000       16.00       0.000    
   46800  0.5850      0.1250E-04 FIXED          0 -99.9%   0.000       0.000       0.000       567.4       0.000       16.00       0.000    
   46900  0.5863      0.1250E-04 FIXED          0 -99.9%   0.000       0.000       0.000       566.4       0.000       16.00       0.000    
   47000  0.5875      0.1250E-04 FIXED          0 -99.9%   0.000       0.000       0.000       565.4       0.000       16.00       0.000    
   47100  0.5888      0.1250E-04 FIXED          0 -99.9%   0.000       0.000       0.000       564.3       0.000       16.00       0.000    
   47200  0.5900      0.1250E-04 FIXED          0 -99.9%   0.000       0.000       0.000       563.3       0.000       16.00       0.000    
   47300  0.5913      0.1250E-04 FIXED          0 -99.9%   0.000       0.000       0.000       562.2       0.000       16.00       0.000    
   47400  0.5925      0.1250E-04 FIXED          0 -99.9%   0.000       0.000       0.000       561.2       0.000       16.00       0.000    
   47500  0.5938      0.1250E-04 FIXED          0 -99.9%   0.000       0.000       0.000       560.1       0.000       16.00       0.000    
   47600  0.5950      0.1250E-04 FIXED          0 -99.9%   0.000       0.000       0.000       559.0       0.000       16.00       0.000    
   47700  0.5963      0.1250E-04 FIXED          0 -99.9%   0.000       0.000       0.000       557.9       0.000       16.00       0.000    
   47800  0.5975      0.1250E-04 FIXED          0 -99.9%   0.000       0.000       0.000       556.8       0.000       16.00       0.000    
   47900  0.5988      0.1250E-04 FIXED          0 -99.9%   0.000       0.000       0.000       555.6       0.000       16.00       0.000    
   48000  0.6000      0.1250E-04 FIXED          0 -99.9%   0.000       0.000       0.000       554.5       0.000       16.00       0.000    
     ANIMATION FILE: A21_ROOT_ROTATION_Y_HALFA025 WRITTEN
   48100  0.6013      0.1250E-04 FIXED          0 -99.9%   0.000       0.000       0.000       553.3       0.000       16.00       0.000    
   48200  0.6025      0.1250E-04 FIXED          0 -99.9%   0.000       0.000       0.000       552.2       0.000       16.00       0.000    
   48300  0.6038      0.1250E-04 FIXED          0 -99.9%   0.000       0.000       0.000       551.0       0.000       16.00       0.000    
   48400  0.6050      0.1250E-04 FIXED          0 -99.9%   0.000       0.000       0.000       549.8       0.000       16.00       0.000    
   48500  0.6063      0.1250E-04 FIXED          0 -99.9%   0.000       0.000       0.000       548.5       0.000       16.00       0.000    
   48600  0.6075      0.1250E-04 FIXED          0 -99.9%   0.000       0.000       0.000       547.3       0.000       16.00       0.000    
   48700  0.6088      0.1250E-04 FIXED          0 -99.9%   0.000       0.000       0.000       546.1       0.000       16.00       0.000    
   48800  0.6100      0.1250E-04 FIXED          0 -99.9%   0.000       0.000       0.000       544.8       0.000       16.00       0.000    
   48900  0.6113      0.1250E-04 FIXED          0 -99.9%   0.000       0.000       0.000       543.6       0.000       16.00       0.000    
   49000  0.6125      0.1250E-04 FIXED          0 -99.9%   0.000       0.000       0.000       542.3       0.000       16.00       0.000    
   49100  0.6138      0.1250E-04 FIXED          0 -99.9%   0.000       0.000       0.000       541.0       0.000       16.00       0.000    
   49200  0.6150      0.1250E-04 FIXED          0 -99.9%   0.000       0.000       0.000       539.7       0.000       16.00       0.000    
   49300  0.6163      0.1250E-04 FIXED          0 -99.9%   0.000       0.000       0.000       538.4       0.000       16.00       0.000    
   49400  0.6175      0.1250E-04 FIXED          0 -99.9%   0.000       0.000       0.000       537.0       0.000       16.00       0.000    
   49500  0.6188      0.1250E-04 FIXED          0 -99.9%   0.000       0.000       0.000       535.7       0.000       16.00       0.000    
   49600  0.6200      0.1250E-04 FIXED          0 -99.9%   0.000       0.000       0.000       534.3       0.000       16.00       0.000    
   49700  0.6213      0.1250E-04 FIXED          0 -99.9%   0.000       0.000       0.000       533.0       0.000       16.00       0.000    
   49800  0.6225      0.1250E-04 FIXED          0 -99.9%   0.000       0.000       0.000       531.6       0.000       16.00       0.000    
   49900  0.6238      0.1250E-04 FIXED          0 -99.9%   0.000       0.000       0.000       530.2       0.000       16.00       0.000    
   CYCLE    TIME      TIME-STEP  ELEMENT          ERROR  I-ENERGY    K-ENERGY T  K-ENERGY R  EXT-WORK     MAS.ERR     TOTAL MASS  MASS ADDED
   50000  0.6250      0.1250E-04 FIXED          0 -99.9%   0.000       0.000       0.000       528.8       0.000       16.00       0.000    
     ANIMATION FILE: A21_ROOT_ROTATION_Y_HALFA026 WRITTEN
   50100  0.6263      0.1250E-04 FIXED          0 -99.9%   0.000       0.000       0.000       527.4       0.000       16.00       0.000    
   50200  0.6275      0.1250E-04 FIXED          0 -99.9%   0.000       0.000       0.000       526.0       0.000       16.00       0.000    
   50300  0.6288      0.1250E-04 FIXED          0 -99.9%   0.000       0.000       0.000       524.5       0.000       16.00       0.000    
   50400  0.6300      0.1250E-04 FIXED          0 -99.9%   0.000       0.000       0.000       523.1       0.000       16.00       0.000    
   50500  0.6313      0.1250E-04 FIXED          0 -99.9%   0.000       0.000       0.000       521.6       0.000       16.00       0.000    
   50600  0.6325      0.1250E-04 FIXED          0 -99.9%   0.000       0.000       0.000       520.1       0.000       16.00       0.000    
   50700  0.6338      0.1250E-04 FIXED          0 -99.9%   0.000       0.000       0.000       518.6       0.000       16.00       0.000    
   50800  0.6350      0.1250E-04 FIXED          0 -99.9%   0.000       0.000       0.000       517.1       0.000       16.00       0.000    
   50900  0.6363      0.1250E-04 FIXED          0 -99.9%   0.000       0.000       0.000       515.6       0.000       16.00       0.000    
   51000  0.6375      0.1250E-04 FIXED          0 -99.9%   0.000       0.000       0.000       514.1       0.000       16.00       0.000    
   51100  0.6388      0.1250E-04 FIXED          0 -99.9%   0.000       0.000       0.000       512.6       0.000       16.00       0.000    
   51200  0.6400      0.1250E-04 FIXED          0 -99.9%   0.000       0.000       0.000       511.0       0.000       16.00       0.000    
   51300  0.6413      0.1250E-04 FIXED          0 -99.9%   0.000       0.000       0.000       509.5       0.000       16.00       0.000    
   51400  0.6425      0.1250E-04 FIXED          0 -99.9%   0.000       0.000       0.000       507.9       0.000       16.00       0.000    
   51500  0.6438      0.1250E-04 FIXED          0 -99.9%   0.000       0.000       0.000       506.3       0.000       16.00       0.000    
   51600  0.6450      0.1250E-04 FIXED          0 -99.9%   0.000       0.000       0.000       504.7       0.000       16.00       0.000    
   51700  0.6463      0.1250E-04 FIXED          0 -99.9%   0.000       0.000       0.000       503.1       0.000       16.00       0.000    
   51800  0.6475      0.1250E-04 FIXED          0 -99.9%   0.000       0.000       0.000       501.5       0.000       16.00       0.000    
   51900  0.6488      0.1250E-04 FIXED          0 -99.9%   0.000       0.000       0.000       499.9       0.000       16.00       0.000    
   52000  0.6500      0.1250E-04 FIXED          0 -99.9%   0.000       0.000       0.000       498.2       0.000       16.00       0.000    
     ANIMATION FILE: A21_ROOT_ROTATION_Y_HALFA027 WRITTEN
   52100  0.6513      0.1250E-04 FIXED          0 -99.9%   0.000       0.000       0.000       496.6       0.000       16.00       0.000    
   52200  0.6525      0.1250E-04 FIXED          0 -99.9%   0.000       0.000       0.000       494.9       0.000       16.00       0.000    
   52300  0.6538      0.1250E-04 FIXED          0 -99.9%   0.000       0.000       0.000       493.3       0.000       16.00       0.000    
   52400  0.6550      0.1250E-04 FIXED          0 -99.9%   0.000       0.000       0.000       491.6       0.000       16.00       0.000    
   52500  0.6563      0.1250E-04 FIXED          0 -99.9%   0.000       0.000       0.000       489.9       0.000       16.00       0.000    
   52600  0.6575      0.1250E-04 FIXED          0 -99.9%   0.000       0.000       0.000       488.2       0.000       16.00       0.000    
   52700  0.6588      0.1250E-04 FIXED          0 -99.9%   0.000       0.000       0.000       486.5       0.000       16.00       0.000    
   52800  0.6600      0.1250E-04 FIXED          0 -99.9%   0.000       0.000       0.000       484.7       0.000       16.00       0.000    
   52900  0.6613      0.1250E-04 FIXED          0 -99.9%   0.000       0.000       0.000       483.0       0.000       16.00       0.000    
   53000  0.6625      0.1250E-04 FIXED          0 -99.9%   0.000       0.000       0.000       481.3       0.000       16.00       0.000    
   53100  0.6638      0.1250E-04 FIXED          0 -99.9%   0.000       0.000       0.000       479.5       0.000       16.00       0.000    
   53200  0.6650      0.1250E-04 FIXED          0 -99.9%   0.000       0.000       0.000       477.8       0.000       16.00       0.000    
   53300  0.6663      0.1250E-04 FIXED          0 -99.9%   0.000       0.000       0.000       476.0       0.000       16.00       0.000    
   53400  0.6675      0.1250E-04 FIXED          0 -99.9%   0.000       0.000       0.000       474.2       0.000       16.00       0.000    
   53500  0.6688      0.1250E-04 FIXED          0 -99.9%   0.000       0.000       0.000       472.4       0.000       16.00       0.000    
   53600  0.6700      0.1250E-04 FIXED          0 -99.9%   0.000       0.000       0.000       470.6       0.000       16.00       0.000    
   53700  0.6713      0.1250E-04 FIXED          0 -99.9%   0.000       0.000       0.000       468.8       0.000       16.00       0.000    
   53800  0.6725      0.1250E-04 FIXED          0 -99.9%   0.000       0.000       0.000       467.0       0.000       16.00       0.000    
   53900  0.6738      0.1250E-04 FIXED          0 -99.9%   0.000       0.000       0.000       465.1       0.000       16.00       0.000    
   54000  0.6750      0.1250E-04 FIXED          0 -99.9%   0.000       0.000       0.000       463.3       0.000       16.00       0.000    
     ANIMATION FILE: A21_ROOT_ROTATION_Y_HALFA028 WRITTEN
   54100  0.6763      0.1250E-04 FIXED          0 -99.9%   0.000       0.000       0.000       461.4       0.000       16.00       0.000    
   54200  0.6775      0.1250E-04 FIXED          0 -99.9%   0.000       0.000       0.000       459.6       0.000       16.00       0.000    
   54300  0.6788      0.1250E-04 FIXED          0 -99.9%   0.000       0.000       0.000       457.7       0.000       16.00       0.000    
   54400  0.6800      0.1250E-04 FIXED          0 -99.9%   0.000       0.000       0.000       455.8       0.000       16.00       0.000    
   54500  0.6813      0.1250E-04 FIXED          0 -99.9%   0.000       0.000       0.000       453.9       0.000       16.00       0.000    
   54600  0.6825      0.1250E-04 FIXED          0 -99.9%   0.000       0.000       0.000       452.0       0.000       16.00       0.000    
   54700  0.6838      0.1250E-04 FIXED          0 -99.9%   0.000       0.000       0.000       450.1       0.000       16.00       0.000    
   54800  0.6850      0.1250E-04 FIXED          0 -99.9%   0.000       0.000       0.000       448.2       0.000       16.00       0.000    
   54900  0.6863      0.1250E-04 FIXED          0 -99.9%   0.000       0.000       0.000       446.3       0.000       16.00       0.000    
   55000  0.6875      0.1250E-04 FIXED          0 -99.9%   0.000       0.000       0.000       444.3       0.000       16.00       0.000    
   55100  0.6888      0.1250E-04 FIXED          0 -99.9%   0.000       0.000       0.000       442.4       0.000       16.00       0.000    
   55200  0.6900      0.1250E-04 FIXED          0 -99.9%   0.000       0.000       0.000       440.4       0.000       16.00       0.000    
   55300  0.6913      0.1250E-04 FIXED          0 -99.9%   0.000       0.000       0.000       438.5       0.000       16.00       0.000    
   55400  0.6925      0.1250E-04 FIXED          0 -99.9%   0.000       0.000       0.000       436.5       0.000       16.00       0.000    
   55500  0.6938      0.1250E-04 FIXED          0 -99.9%   0.000       0.000       0.000       434.5       0.000       16.00       0.000    
   55600  0.6950      0.1250E-04 FIXED          0 -99.9%   0.000       0.000       0.000       432.6       0.000       16.00       0.000    
   55700  0.6963      0.1250E-04 FIXED          0 -99.9%   0.000       0.000       0.000       430.6       0.000       16.00       0.000    
   55800  0.6975      0.1250E-04 FIXED          0 -99.9%   0.000       0.000       0.000       428.6       0.000       16.00       0.000    
   55900  0.6988      0.1250E-04 FIXED          0 -99.9%   0.000       0.000       0.000       426.5       0.000       16.00       0.000    
   56000  0.7000      0.1250E-04 FIXED          0 -99.9%   0.000       0.000       0.000       424.5       0.000       16.00       0.000    
     ANIMATION FILE: A21_ROOT_ROTATION_Y_HALFA029 WRITTEN
   56100  0.7013      0.1250E-04 FIXED          0 -99.9%   0.000       0.000       0.000       422.5       0.000       16.00       0.000    
   56200  0.7025      0.1250E-04 FIXED          0 -99.9%   0.000       0.000       0.000       420.5       0.000       16.00       0.000    
   56300  0.7038      0.1250E-04 FIXED          0 -99.9%   0.000       0.000       0.000       418.4       0.000       16.00       0.000    
   56400  0.7050      0.1250E-04 FIXED          0 -99.9%   0.000       0.000       0.000       416.4       0.000       16.00       0.000    
   56500  0.7063      0.1250E-04 FIXED          0 -99.9%   0.000       0.000       0.000       414.3       0.000       16.00       0.000    
   56600  0.7075      0.1250E-04 FIXED          0 -99.9%   0.000       0.000       0.000       412.3       0.000       16.00       0.000    
   56700  0.7088      0.1250E-04 FIXED          0 -99.9%   0.000       0.000       0.000       410.2       0.000       16.00       0.000    
   56800  0.7100      0.1250E-04 FIXED          0 -99.9%   0.000       0.000       0.000       408.1       0.000       16.00       0.000    
   56900  0.7113      0.1250E-04 FIXED          0 -99.9%   0.000       0.000       0.000       406.0       0.000       16.00       0.000    
   57000  0.7125      0.1250E-04 FIXED          0 -99.9%   0.000       0.000       0.000       403.9       0.000       16.00       0.000    
   57100  0.7138      0.1250E-04 FIXED          0 -99.9%   0.000       0.000       0.000       401.8       0.000       16.00       0.000    
   57200  0.7150      0.1250E-04 FIXED          0 -99.9%   0.000       0.000       0.000       399.7       0.000       16.00       0.000    
   57300  0.7162      0.1250E-04 FIXED          0 -99.9%   0.000       0.000       0.000       397.6       0.000       16.00       0.000    
   57400  0.7175      0.1250E-04 FIXED          0 -99.9%   0.000       0.000       0.000       395.5       0.000       16.00       0.000    
   57500  0.7187      0.1250E-04 FIXED          0 -99.9%   0.000       0.000       0.000       393.4       0.000       16.00       0.000    
   57600  0.7200      0.1250E-04 FIXED          0 -99.9%   0.000       0.000       0.000       391.2       0.000       16.00       0.000    
   57700  0.7212      0.1250E-04 FIXED          0 -99.9%   0.000       0.000       0.000       389.1       0.000       16.00       0.000    
   57800  0.7225      0.1250E-04 FIXED          0 -99.9%   0.000       0.000       0.000       387.0       0.000       16.00       0.000    
   57900  0.7237      0.1250E-04 FIXED          0 -99.9%   0.000       0.000       0.000       384.8       0.000       16.00       0.000    
   58000  0.7250      0.1250E-04 FIXED          0 -99.9%   0.000       0.000       0.000       382.7       0.000       16.00       0.000    
     ANIMATION FILE: A21_ROOT_ROTATION_Y_HALFA030 WRITTEN
   58100  0.7262      0.1250E-04 FIXED          0 -99.9%   0.000       0.000       0.000       380.5       0.000       16.00       0.000    
   58200  0.7275      0.1250E-04 FIXED          0 -99.9%   0.000       0.000       0.000       378.3       0.000       16.00       0.000    
   58300  0.7287      0.1250E-04 FIXED          0 -99.9%   0.000       0.000       0.000       376.2       0.000       16.00       0.000    
   58400  0.7300      0.1250E-04 FIXED          0 -99.9%   0.000       0.000       0.000       374.0       0.000       16.00       0.000    
   58500  0.7312      0.1250E-04 FIXED          0 -99.9%   0.000       0.000       0.000       371.8       0.000       16.00       0.000    
   58600  0.7325      0.1250E-04 FIXED          0 -99.9%   0.000       0.000       0.000       369.6       0.000       16.00       0.000    
   58700  0.7337      0.1250E-04 FIXED          0 -99.9%   0.000       0.000       0.000       367.4       0.000       16.00       0.000    
   58800  0.7350      0.1250E-04 FIXED          0 -99.9%   0.000       0.000       0.000       365.2       0.000       16.00       0.000    
   58900  0.7362      0.1250E-04 FIXED          0 -99.9%   0.000       0.000       0.000       363.0       0.000       16.00       0.000    
   59000  0.7375      0.1250E-04 FIXED          0 -99.9%   0.000       0.000       0.000       360.8       0.000       16.00       0.000    
   59100  0.7387      0.1250E-04 FIXED          0 -99.9%   0.000       0.000       0.000       358.6       0.000       16.00       0.000    
   59200  0.7400      0.1250E-04 FIXED          0 -99.9%   0.000       0.000       0.000       356.4       0.000       16.00       0.000    
   59300  0.7412      0.1250E-04 FIXED          0 -99.9%   0.000       0.000       0.000       354.1       0.000       16.00       0.000    
   59400  0.7425      0.1250E-04 FIXED          0 -99.9%   0.000       0.000       0.000       351.9       0.000       16.00       0.000    
   59500  0.7437      0.1250E-04 FIXED          0 -99.9%   0.000       0.000       0.000       349.7       0.000       16.00       0.000    
   59600  0.7450      0.1250E-04 FIXED          0 -99.9%   0.000       0.000       0.000       347.4       0.000       16.00       0.000    
   59700  0.7462      0.1250E-04 FIXED          0 -99.9%   0.000       0.000       0.000       345.2       0.000       16.00       0.000    
   59800  0.7475      0.1250E-04 FIXED          0 -99.9%   0.000       0.000       0.000       342.9       0.000       16.00       0.000    
   59900  0.7487      0.1250E-04 FIXED          0 -99.9%   0.000       0.000       0.000       340.7       0.000       16.00       0.000    
   CYCLE    TIME      TIME-STEP  ELEMENT          ERROR  I-ENERGY    K-ENERGY T  K-ENERGY R  EXT-WORK     MAS.ERR     TOTAL MASS  MASS ADDED
   60000  0.7500      0.1250E-04 FIXED          0 -99.9%   0.000       0.000       0.000       338.4       0.000       16.00       0.000    
     ANIMATION FILE: A21_ROOT_ROTATION_Y_HALFA031 WRITTEN
   60100  0.7512      0.1250E-04 FIXED          0 -99.9%   0.000       0.000       0.000       336.2       0.000       16.00       0.000    
   60200  0.7525      0.1250E-04 FIXED          0 -99.9%   0.000       0.000       0.000       333.9       0.000       16.00       0.000    
   60300  0.7537      0.1250E-04 FIXED          0 -99.9%   0.000       0.000       0.000       331.6       0.000       16.00       0.000    
   60400  0.7550      0.1250E-04 FIXED          0 -99.9%   0.000       0.000       0.000       329.4       0.000       16.00       0.000    
   60500  0.7562      0.1250E-04 FIXED          0 -99.9%   0.000       0.000       0.000       327.1       0.000       16.00       0.000    
   60600  0.7575      0.1250E-04 FIXED          0 -99.9%   0.000       0.000       0.000       324.8       0.000       16.00       0.000    
   60700  0.7587      0.1250E-04 FIXED          0 -99.9%   0.000       0.000       0.000       322.6       0.000       16.00       0.000    
   60800  0.7600      0.1250E-04 FIXED          0 -99.9%   0.000       0.000       0.000       320.3       0.000       16.00       0.000    
   60900  0.7612      0.1250E-04 FIXED          0 -99.9%   0.000       0.000       0.000       318.0       0.000       16.00       0.000    
   61000  0.7625      0.1250E-04 FIXED          0 -99.9%   0.000       0.000       0.000       315.7       0.000       16.00       0.000    
   61100  0.7637      0.1250E-04 FIXED          0 -99.9%   0.000       0.000       0.000       313.4       0.000       16.00       0.000    
   61200  0.7650      0.1250E-04 FIXED          0 -99.9%   0.000       0.000       0.000       311.1       0.000       16.00       0.000    
   61300  0.7662      0.1250E-04 FIXED          0 -99.9%   0.000       0.000       0.000       308.8       0.000       16.00       0.000    
   61400  0.7675      0.1250E-04 FIXED          0 -99.9%   0.000       0.000       0.000       306.5       0.000       16.00       0.000    
   61500  0.7687      0.1250E-04 FIXED          0 -99.9%   0.000       0.000       0.000       304.2       0.000       16.00       0.000    
   61600  0.7700      0.1250E-04 FIXED          0 -99.9%   0.000       0.000       0.000       301.9       0.000       16.00       0.000    
   61700  0.7712      0.1250E-04 FIXED          0 -99.9%   0.000       0.000       0.000       299.6       0.000       16.00       0.000    
   61800  0.7725      0.1250E-04 FIXED          0 -99.9%   0.000       0.000       0.000       297.3       0.000       16.00       0.000    
   61900  0.7737      0.1250E-04 FIXED          0 -99.9%   0.000       0.000       0.000       295.0       0.000       16.00       0.000    
   62000  0.7750      0.1250E-04 FIXED          0 -99.9%   0.000       0.000       0.000       292.7       0.000       16.00       0.000    
     ANIMATION FILE: A21_ROOT_ROTATION_Y_HALFA032 WRITTEN
   62100  0.7762      0.1250E-04 FIXED          0 -99.9%   0.000       0.000       0.000       290.4       0.000       16.00       0.000    
   62200  0.7775      0.1250E-04 FIXED          0 -99.9%   0.000       0.000       0.000       288.1       0.000       16.00       0.000    
   62300  0.7787      0.1250E-04 FIXED          0 -99.9%   0.000       0.000       0.000       285.8       0.000       16.00       0.000    
   62400  0.7800      0.1250E-04 FIXED          0 -99.9%   0.000       0.000       0.000       283.5       0.000       16.00       0.000    
   62500  0.7812      0.1250E-04 FIXED          0 -99.9%   0.000       0.000       0.000       281.2       0.000       16.00       0.000    
   62600  0.7825      0.1250E-04 FIXED          0 -99.9%   0.000       0.000       0.000       278.8       0.000       16.00       0.000    
   62700  0.7837      0.1250E-04 FIXED          0 -99.9%   0.000       0.000       0.000       276.5       0.000       16.00       0.000    
   62800  0.7850      0.1250E-04 FIXED          0 -99.9%   0.000       0.000       0.000       274.2       0.000       16.00       0.000    
   62900  0.7862      0.1250E-04 FIXED          0 -99.9%   0.000       0.000       0.000       271.9       0.000       16.00       0.000    
   63000  0.7875      0.1250E-04 FIXED          0 -99.9%   0.000       0.000       0.000       269.6       0.000       16.00       0.000    
   63100  0.7887      0.1250E-04 FIXED          0 -99.9%   0.000       0.000       0.000       267.3       0.000       16.00       0.000    
   63200  0.7900      0.1250E-04 FIXED          0 -99.9%   0.000       0.000       0.000       265.0       0.000       16.00       0.000    
   63300  0.7912      0.1250E-04 FIXED          0 -99.9%   0.000       0.000       0.000       262.6       0.000       16.00       0.000    
   63400  0.7925      0.1250E-04 FIXED          0 -99.9%   0.000       0.000       0.000       260.3       0.000       16.00       0.000    
   63500  0.7937      0.1250E-04 FIXED          0 -99.9%   0.000       0.000       0.000       258.0       0.000       16.00       0.000    
   63600  0.7950      0.1250E-04 FIXED          0 -99.9%   0.000       0.000       0.000       255.7       0.000       16.00       0.000    
   63700  0.7962      0.1250E-04 FIXED          0 -99.9%   0.000       0.000       0.000       253.4       0.000       16.00       0.000    
   63800  0.7975      0.1250E-04 FIXED          0 -99.9%   0.000       0.000       0.000       251.1       0.000       16.00       0.000    
   63900  0.7987      0.1250E-04 FIXED          0 -99.9%   0.000       0.000       0.000       248.8       0.000       16.00       0.000    
   64000  0.8000      0.1250E-04 FIXED          0 -99.9%   0.000       0.000       0.000       246.4       0.000       16.00       0.000    
     ANIMATION FILE: A21_ROOT_ROTATION_Y_HALFA033 WRITTEN
   64100  0.8012      0.1250E-04 FIXED          0 -99.9%   0.000       0.000       0.000       244.1       0.000       16.00       0.000    
   64200  0.8025      0.1250E-04 FIXED          0 -99.9%   0.000       0.000       0.000       241.8       0.000       16.00       0.000    
   64300  0.8037      0.1250E-04 FIXED          0 -99.9%   0.000       0.000       0.000       239.5       0.000       16.00       0.000    
   64400  0.8050      0.1250E-04 FIXED          0 -99.9%   0.000       0.000       0.000       237.2       0.000       16.00       0.000    
   64500  0.8062      0.1250E-04 FIXED          0 -99.9%   0.000       0.000       0.000       234.9       0.000       16.00       0.000    
   64600  0.8075      0.1250E-04 FIXED          0 -99.9%   0.000       0.000       0.000       232.6       0.000       16.00       0.000    
   64700  0.8087      0.1250E-04 FIXED          0 -99.9%   0.000       0.000       0.000       230.3       0.000       16.00       0.000    
   64800  0.8100      0.1250E-04 FIXED          0 -99.9%   0.000       0.000       0.000       228.0       0.000       16.00       0.000    
   64900  0.8112      0.1250E-04 FIXED          0 -99.9%   0.000       0.000       0.000       225.7       0.000       16.00       0.000    
   65000  0.8125      0.1250E-04 FIXED          0 -99.9%   0.000       0.000       0.000       223.4       0.000       16.00       0.000    
   65100  0.8137      0.1250E-04 FIXED          0 -99.9%   0.000       0.000       0.000       221.1       0.000       16.00       0.000    
   65200  0.8150      0.1250E-04 FIXED          0 -99.9%   0.000       0.000       0.000       218.8       0.000       16.00       0.000    
   65300  0.8162      0.1250E-04 FIXED          0 -99.9%   0.000       0.000       0.000       216.6       0.000       16.00       0.000    
   65400  0.8175      0.1250E-04 FIXED          0 -99.9%   0.000       0.000       0.000       214.3       0.000       16.00       0.000    
   65500  0.8187      0.1250E-04 FIXED          0 -99.9%   0.000       0.000       0.000       212.0       0.000       16.00       0.000    
   65600  0.8200      0.1250E-04 FIXED          0 -99.9%   0.000       0.000       0.000       209.7       0.000       16.00       0.000    
   65700  0.8212      0.1250E-04 FIXED          0 -99.9%   0.000       0.000       0.000       207.5       0.000       16.00       0.000    
   65800  0.8225      0.1250E-04 FIXED          0 -99.9%   0.000       0.000       0.000       205.2       0.000       16.00       0.000    
   65900  0.8237      0.1250E-04 FIXED          0 -99.9%   0.000       0.000       0.000       202.9       0.000       16.00       0.000    
   66000  0.8250      0.1250E-04 FIXED          0 -99.9%   0.000       0.000       0.000       200.7       0.000       16.00       0.000    
     ANIMATION FILE: A21_ROOT_ROTATION_Y_HALFA034 WRITTEN
   66100  0.8262      0.1250E-04 FIXED          0 -99.9%   0.000       0.000       0.000       198.4       0.000       16.00       0.000    
   66200  0.8275      0.1250E-04 FIXED          0 -99.9%   0.000       0.000       0.000       196.1       0.000       16.00       0.000    
   66300  0.8287      0.1250E-04 FIXED          0 -99.9%   0.000       0.000       0.000       193.9       0.000       16.00       0.000    
   66400  0.8300      0.1250E-04 FIXED          0 -99.9%   0.000       0.000       0.000       191.7       0.000       16.00       0.000    
   66500  0.8312      0.1250E-04 FIXED          0 -99.9%   0.000       0.000       0.000       189.4       0.000       16.00       0.000    
   66600  0.8325      0.1250E-04 FIXED          0 -99.9%   0.000       0.000       0.000       187.2       0.000       16.00       0.000    
   66700  0.8337      0.1250E-04 FIXED          0 -99.9%   0.000       0.000       0.000       185.0       0.000       16.00       0.000    
   66800  0.8350      0.1250E-04 FIXED          0 -99.9%   0.000       0.000       0.000       182.7       0.000       16.00       0.000    
   66900  0.8362      0.1250E-04 FIXED          0 -99.9%   0.000       0.000       0.000       180.5       0.000       16.00       0.000    
   67000  0.8375      0.1250E-04 FIXED          0 -99.9%   0.000       0.000       0.000       178.3       0.000       16.00       0.000    
   67100  0.8387      0.1250E-04 FIXED          0 -99.9%   0.000       0.000       0.000       176.1       0.000       16.00       0.000    
   67200  0.8400      0.1250E-04 FIXED          0 -99.9%   0.000       0.000       0.000       173.9       0.000       16.00       0.000    
   67300  0.8412      0.1250E-04 FIXED          0 -99.9%   0.000       0.000       0.000       171.7       0.000       16.00       0.000    
   67400  0.8425      0.1250E-04 FIXED          0 -99.9%   0.000       0.000       0.000       169.5       0.000       16.00       0.000    
   67500  0.8437      0.1250E-04 FIXED          0 -99.9%   0.000       0.000       0.000       167.3       0.000       16.00       0.000    
   67600  0.8450      0.1250E-04 FIXED          0 -99.9%   0.000       0.000       0.000       165.1       0.000       16.00       0.000    
   67700  0.8462      0.1250E-04 FIXED          0 -99.9%   0.000       0.000       0.000       163.0       0.000       16.00       0.000    
   67800  0.8475      0.1250E-04 FIXED          0 -99.9%   0.000       0.000       0.000       160.8       0.000       16.00       0.000    
   67900  0.8487      0.1250E-04 FIXED          0 -99.9%   0.000       0.000       0.000       158.6       0.000       16.00       0.000    
   68000  0.8500      0.1250E-04 FIXED          0 -99.9%   0.000       0.000       0.000       156.5       0.000       16.00       0.000    
     ANIMATION FILE: A21_ROOT_ROTATION_Y_HALFA035 WRITTEN
   68100  0.8512      0.1250E-04 FIXED          0 -99.9%   0.000       0.000       0.000       154.3       0.000       16.00       0.000    
   68200  0.8525      0.1250E-04 FIXED          0 -99.9%   0.000       0.000       0.000       152.2       0.000       16.00       0.000    
   68300  0.8537      0.1250E-04 FIXED          0 -99.9%   0.000       0.000       0.000       150.1       0.000       16.00       0.000    
   68400  0.8550      0.1250E-04 FIXED          0 -99.9%   0.000       0.000       0.000       148.0       0.000       16.00       0.000    
   68500  0.8562      0.1250E-04 FIXED          0 -99.9%   0.000       0.000       0.000       145.8       0.000       16.00       0.000    
   68600  0.8575      0.1250E-04 FIXED          0 -99.9%   0.000       0.000       0.000       143.7       0.000       16.00       0.000    
   68700  0.8587      0.1250E-04 FIXED          0 -99.9%   0.000       0.000       0.000       141.6       0.000       16.00       0.000    
   68800  0.8600      0.1250E-04 FIXED          0 -99.9%   0.000       0.000       0.000       139.5       0.000       16.00       0.000    
   68900  0.8612      0.1250E-04 FIXED          0 -99.9%   0.000       0.000       0.000       137.5       0.000       16.00       0.000    
   69000  0.8625      0.1250E-04 FIXED          0 -99.9%   0.000       0.000       0.000       135.4       0.000       16.00       0.000    
   69100  0.8637      0.1250E-04 FIXED          0 -99.9%   0.000       0.000       0.000       133.3       0.000       16.00       0.000    
   69200  0.8650      0.1250E-04 FIXED          0 -99.9%   0.000       0.000       0.000       131.3       0.000       16.00       0.000    
   69300  0.8662      0.1250E-04 FIXED          0 -99.9%   0.000       0.000       0.000       129.2       0.000       16.00       0.000    
   69400  0.8675      0.1250E-04 FIXED          0 -99.9%   0.000       0.000       0.000       127.2       0.000       16.00       0.000    
   69500  0.8687      0.1250E-04 FIXED          0 -99.9%   0.000       0.000       0.000       125.2       0.000       16.00       0.000    
   69600  0.8700      0.1250E-04 FIXED          0 -99.9%   0.000       0.000       0.000       123.1       0.000       16.00       0.000    
   69700  0.8712      0.1250E-04 FIXED          0 -99.9%   0.000       0.000       0.000       121.1       0.000       16.00       0.000    
   69800  0.8725      0.1250E-04 FIXED          0 -99.9%   0.000       0.000       0.000       119.1       0.000       16.00       0.000    
   69900  0.8737      0.1250E-04 FIXED          0 -99.9%   0.000       0.000       0.000       117.1       0.000       16.00       0.000    
   CYCLE    TIME      TIME-STEP  ELEMENT          ERROR  I-ENERGY    K-ENERGY T  K-ENERGY R  EXT-WORK     MAS.ERR     TOTAL MASS  MASS ADDED
   70000  0.8750      0.1250E-04 FIXED          0 -99.9%   0.000       0.000       0.000       115.2       0.000       16.00       0.000    
     ANIMATION FILE: A21_ROOT_ROTATION_Y_HALFA036 WRITTEN
   70100  0.8762      0.1250E-04 FIXED          0 -99.9%   0.000       0.000       0.000       113.2       0.000       16.00       0.000    
   70200  0.8775      0.1250E-04 FIXED          0 -99.9%   0.000       0.000       0.000       111.2       0.000       16.00       0.000    
   70300  0.8787      0.1250E-04 FIXED          0 -99.9%   0.000       0.000       0.000       109.3       0.000       16.00       0.000    
   70400  0.8800      0.1250E-04 FIXED          0 -99.9%   0.000       0.000       0.000       107.3       0.000       16.00       0.000    
   70500  0.8812      0.1250E-04 FIXED          0 -99.9%   0.000       0.000       0.000       105.4       0.000       16.00       0.000    
   70600  0.8825      0.1250E-04 FIXED          0 -99.9%   0.000       0.000       0.000       103.5       0.000       16.00       0.000    
   70700  0.8837      0.1250E-04 FIXED          0 -99.9%   0.000       0.000       0.000       101.6       0.000       16.00       0.000    
   70800  0.8850      0.1250E-04 FIXED          0 -99.9%   0.000       0.000       0.000       99.71       0.000       16.00       0.000    
   70900  0.8862      0.1250E-04 FIXED          0 -99.9%   0.000       0.000       0.000       97.83       0.000       16.00       0.000    
   71000  0.8875      0.1250E-04 FIXED          0 -99.9%   0.000       0.000       0.000       95.97       0.000       16.00       0.000    
   71100  0.8887      0.1250E-04 FIXED          0 -99.9%   0.000       0.000       0.000       94.11       0.000       16.00       0.000    
   71200  0.8900      0.1250E-04 FIXED          0 -99.9%   0.000       0.000       0.000       92.26       0.000       16.00       0.000    
   71300  0.8912      0.1250E-04 FIXED          0 -99.9%   0.000       0.000       0.000       90.43       0.000       16.00       0.000    
   71400  0.8925      0.1250E-04 FIXED          0 -99.9%   0.000       0.000       0.000       88.61       0.000       16.00       0.000    
   71500  0.8937      0.1250E-04 FIXED          0 -99.9%   0.000       0.000       0.000       86.81       0.000       16.00       0.000    
   71600  0.8950      0.1250E-04 FIXED          0 -99.9%   0.000       0.000       0.000       85.02       0.000       16.00       0.000    
   71700  0.8962      0.1250E-04 FIXED          0 -99.9%   0.000       0.000       0.000       83.23       0.000       16.00       0.000    
   71800  0.8975      0.1250E-04 FIXED          0 -99.9%   0.000       0.000       0.000       81.47       0.000       16.00       0.000    
   71900  0.8987      0.1250E-04 FIXED          0 -99.9%   0.000       0.000       0.000       79.71       0.000       16.00       0.000    
   72000  0.9000      0.1250E-04 FIXED          0 -99.9%   0.000       0.000       0.000       77.98       0.000       16.00       0.000    
     ANIMATION FILE: A21_ROOT_ROTATION_Y_HALFA037 WRITTEN
   72100  0.9012      0.1250E-04 FIXED          0 -99.9%   0.000       0.000       0.000       76.25       0.000       16.00       0.000    
   72200  0.9025      0.1250E-04 FIXED          0 -99.9%   0.000       0.000       0.000       74.54       0.000       16.00       0.000    
   72300  0.9037      0.1250E-04 FIXED          0 -99.9%   0.000       0.000       0.000       72.84       0.000       16.00       0.000    
   72400  0.9050      0.1250E-04 FIXED          0 -99.9%   0.000       0.000       0.000       71.16       0.000       16.00       0.000    
   72500  0.9062      0.1250E-04 FIXED          0 -99.9%   0.000       0.000       0.000       69.49       0.000       16.00       0.000    
   72600  0.9075      0.1250E-04 FIXED          0 -99.9%   0.000       0.000       0.000       67.83       0.000       16.00       0.000    
   72700  0.9087      0.1250E-04 FIXED          0 -99.9%   0.000       0.000       0.000       66.20       0.000       16.00       0.000    
   72800  0.9100      0.1250E-04 FIXED          0 -99.9%   0.000       0.000       0.000       64.57       0.000       16.00       0.000    
   72900  0.9112      0.1250E-04 FIXED          0 -99.9%   0.000       0.000       0.000       62.96       0.000       16.00       0.000    
   73000  0.9125      0.1250E-04 FIXED          0 -99.9%   0.000       0.000       0.000       61.37       0.000       16.00       0.000    
   73100  0.9137      0.1250E-04 FIXED          0 -99.9%   0.000       0.000       0.000       59.79       0.000       16.00       0.000    
   73200  0.9150      0.1250E-04 FIXED          0 -99.9%   0.000       0.000       0.000       58.23       0.000       16.00       0.000    
   73300  0.9162      0.1250E-04 FIXED          0 -99.9%   0.000       0.000       0.000       56.69       0.000       16.00       0.000    
   73400  0.9175      0.1250E-04 FIXED          0 -99.9%   0.000       0.000       0.000       55.16       0.000       16.00       0.000    
   73500  0.9187      0.1250E-04 FIXED          0 -99.9%   0.000       0.000       0.000       53.64       0.000       16.00       0.000    
   73600  0.9200      0.1250E-04 FIXED          0 -99.9%   0.000       0.000       0.000       52.15       0.000       16.00       0.000    
   73700  0.9212      0.1250E-04 FIXED          0 -99.9%   0.000       0.000       0.000       50.67       0.000       16.00       0.000    
   73800  0.9225      0.1250E-04 FIXED          0 -99.9%   0.000       0.000       0.000       49.20       0.000       16.00       0.000    
   73900  0.9237      0.1250E-04 FIXED          0 -99.9%   0.000       0.000       0.000       47.76       0.000       16.00       0.000    
   74000  0.9250      0.1250E-04 FIXED          0 -99.9%   0.000       0.000       0.000       46.33       0.000       16.00       0.000    
     ANIMATION FILE: A21_ROOT_ROTATION_Y_HALFA038 WRITTEN
   74100  0.9262      0.1250E-04 FIXED          0 -99.9%   0.000       0.000       0.000       44.92       0.000       16.00       0.000    
   74200  0.9275      0.1250E-04 FIXED          0 -99.9%   0.000       0.000       0.000       43.53       0.000       16.00       0.000    
   74300  0.9287      0.1250E-04 FIXED          0 -99.9%   0.000       0.000       0.000       42.15       0.000       16.00       0.000    
   74400  0.9300      0.1250E-04 FIXED          0 -99.9%   0.000       0.000       0.000       40.80       0.000       16.00       0.000    
   74500  0.9312      0.1250E-04 FIXED          0 -99.9%   0.000       0.000       0.000       39.46       0.000       16.00       0.000    
   74600  0.9325      0.1250E-04 FIXED          0 -99.9%   0.000       0.000       0.000       38.14       0.000       16.00       0.000    
   74700  0.9337      0.1250E-04 FIXED          0 -99.9%   0.000       0.000       0.000       36.84       0.000       16.00       0.000    
   74800  0.9350      0.1250E-04 FIXED          0 -99.9%   0.000       0.000       0.000       35.56       0.000       16.00       0.000    
   74900  0.9362      0.1250E-04 FIXED          0 -99.9%   0.000       0.000       0.000       34.29       0.000       16.00       0.000    
   75000  0.9375      0.1250E-04 FIXED          0 -99.9%   0.000       0.000       0.000       33.05       0.000       16.00       0.000    
   75100  0.9387      0.1250E-04 FIXED          0 -99.9%   0.000       0.000       0.000       31.83       0.000       16.00       0.000    
   75200  0.9400      0.1250E-04 FIXED          0 -99.9%   0.000       0.000       0.000       30.62       0.000       16.00       0.000    
   75300  0.9412      0.1250E-04 FIXED          0 -99.9%   0.000       0.000       0.000       29.44       0.000       16.00       0.000    
   75400  0.9425      0.1250E-04 FIXED          0 -99.9%   0.000       0.000       0.000       28.27       0.000       16.00       0.000    
   75500  0.9437      0.1250E-04 FIXED          0 -99.9%   0.000       0.000       0.000       27.13       0.000       16.00       0.000    
   75600  0.9450      0.1250E-04 FIXED          0 -99.9%   0.000       0.000       0.000       26.01       0.000       16.00       0.000    
   75700  0.9462      0.1250E-04 FIXED          0 -99.9%   0.000       0.000       0.000       24.90       0.000       16.00       0.000    
   75800  0.9475      0.1250E-04 FIXED          0 -99.9%   0.000       0.000       0.000       23.82       0.000       16.00       0.000    
   75900  0.9487      0.1250E-04 FIXED          0 -99.9%   0.000       0.000       0.000       22.76       0.000       16.00       0.000    
   76000  0.9500      0.1250E-04 FIXED          0 -99.9%   0.000       0.000       0.000       21.72       0.000       16.00       0.000    
     ANIMATION FILE: A21_ROOT_ROTATION_Y_HALFA039 WRITTEN
   76100  0.9512      0.1250E-04 FIXED          0 -99.9%   0.000       0.000       0.000       20.70       0.000       16.00       0.000    
   76200  0.9525      0.1250E-04 FIXED          0 -99.9%   0.000       0.000       0.000       19.71       0.000       16.00       0.000    
   76300  0.9537      0.1250E-04 FIXED          0 -99.9%   0.000       0.000       0.000       18.73       0.000       16.00       0.000    
   76400  0.9550      0.1250E-04 FIXED          0 -99.9%   0.000       0.000       0.000       17.78       0.000       16.00       0.000    
   76500  0.9562      0.1250E-04 FIXED          0 -99.9%   0.000       0.000       0.000       16.85       0.000       16.00       0.000    
   76600  0.9575      0.1250E-04 FIXED          0 -99.9%   0.000       0.000       0.000       15.94       0.000       16.00       0.000    
   76700  0.9587      0.1250E-04 FIXED          0 -99.9%   0.000       0.000       0.000       15.06       0.000       16.00       0.000    
   76800  0.9600      0.1250E-04 FIXED          0 -99.9%   0.000       0.000       0.000       14.19       0.000       16.00       0.000    
   76900  0.9612      0.1250E-04 FIXED          0 -99.9%   0.000       0.000       0.000       13.36       0.000       16.00       0.000    
   77000  0.9625      0.1250E-04 FIXED          0 -99.9%   0.000       0.000       0.000       12.54       0.000       16.00       0.000    
   77100  0.9637      0.1250E-04 FIXED          0 -99.9%   0.000       0.000       0.000       11.75       0.000       16.00       0.000    
   77200  0.9650      0.1250E-04 FIXED          0 -99.9%   0.000       0.000       0.000       10.98       0.000       16.00       0.000    
   77300  0.9662      0.1250E-04 FIXED          0 -99.9%   0.000       0.000       0.000       10.24       0.000       16.00       0.000    
   77400  0.9675      0.1250E-04 FIXED          0 -99.9%   0.000       0.000       0.000       9.518       0.000       16.00       0.000    
   77500  0.9687      0.1250E-04 FIXED          0 -99.9%   0.000       0.000       0.000       8.823       0.000       16.00       0.000    
   77600  0.9700      0.1250E-04 FIXED          0 -99.9%   0.000       0.000       0.000       8.152       0.000       16.00       0.000    
   77700  0.9712      0.1250E-04 FIXED          0 -99.9%   0.000       0.000       0.000       7.506       0.000       16.00       0.000    
   77800  0.9725      0.1250E-04 FIXED          0 -99.9%   0.000       0.000       0.000       6.885       0.000       16.00       0.000    
   77900  0.9737      0.1250E-04 FIXED          0 -99.9%   0.000       0.000       0.000       6.290       0.000       16.00       0.000    
   78000  0.9750      0.1250E-04 FIXED          0 -99.9%   0.000       0.000       0.000       5.720       0.000       16.00       0.000    
     ANIMATION FILE: A21_ROOT_ROTATION_Y_HALFA040 WRITTEN
   78100  0.9762      0.1250E-04 FIXED          0 -99.9%   0.000       0.000       0.000       5.175       0.000       16.00       0.000    
   78200  0.9775      0.1250E-04 FIXED          0 -99.9%   0.000       0.000       0.000       4.657       0.000       16.00       0.000    
   78300  0.9787      0.1250E-04 FIXED          0 -99.9%   0.000       0.000       0.000       4.164       0.000       16.00       0.000    
   78400  0.9800      0.1250E-04 FIXED          0 -99.9%   0.000       0.000       0.000       3.698       0.000       16.00       0.000    
   78500  0.9812      0.1250E-04 FIXED          0 -99.9%   0.000       0.000       0.000       3.259       0.000       16.00       0.000    
   78600  0.9825      0.1250E-04 FIXED          0 -99.9%   0.000       0.000       0.000       2.846       0.000       16.00       0.000    
   78700  0.9837      0.1250E-04 FIXED          0 -99.9%   0.000       0.000       0.000       2.460       0.000       16.00       0.000    
   78800  0.9850      0.1250E-04 FIXED          0 -99.9%   0.000       0.000       0.000       2.102       0.000       16.00       0.000    
   78900  0.9862      0.1250E-04 FIXED          0 -99.9%   0.000       0.000       0.000       1.770       0.000       16.00       0.000    
   79000  0.9875      0.1250E-04 FIXED          0 -99.9%   0.000       0.000       0.000       1.467       0.000       16.00       0.000    
   79100  0.9887      0.1250E-04 FIXED          0 -99.9%   0.000       0.000       0.000       1.191       0.000       16.00       0.000    
   79200  0.9900      0.1250E-04 FIXED          0 -99.9%   0.000       0.000       0.000      0.9435       0.000       16.00       0.000    
   79300  0.9912      0.1250E-04 FIXED          0 -99.9%   0.000       0.000       0.000      0.7242       0.000       16.00       0.000    
   79400  0.9925      0.1250E-04 FIXED          0 -99.9%   0.000       0.000       0.000      0.5334       0.000       16.00       0.000    
   79500  0.9937      0.1250E-04 FIXED          0 -99.9%   0.000       0.000       0.000      0.3714       0.000       16.00       0.000    
   79600  0.9950      0.1250E-04 FIXED          0 -99.9%   0.000       0.000       0.000      0.2383       0.000       16.00       0.000    
   79700  0.9962      0.1250E-04 FIXED          0 -99.9%   0.000       0.000       0.000      0.1344       0.000       16.00       0.000    
   79800  0.9975      0.1250E-04 FIXED          0 -99.9%   0.000       0.000       0.000      0.5989E-01   0.000       16.00       0.000    
   79900  0.9987      0.1250E-04 FIXED          0 -99.9%   0.000       0.000       0.000      0.1500E-01   0.000       16.00       0.000    
   CYCLE    TIME      TIME-STEP  ELEMENT          ERROR  I-ENERGY    K-ENERGY T  K-ENERGY R  EXT-WORK     MAS.ERR     TOTAL MASS  MASS ADDED
   80000   1.000      0.1250E-04 FIXED          0 -99.9%   0.000       0.000       0.000      0.2406E-04   0.000       16.00       0.000    

     RESTART FILES: A21_ROOT_ROTATION_Y_HALF_0001_[0001-0001].rst WRITTEN
     -------------

     ANIMATION FILE: A21_ROOT_ROTATION_Y_HALFA041 WRITTEN
  
                           ** CPU USER TIME **
  
  
                        ** SUMMARY **
  
 #PROC  ELEMENT   KINCOND   INTEG     IO        T0        ASM       RESOL    
   1   .4062E+00 .5156E+00 .3594E+00 .8594E+00 .1734E+01 .1406E+00 .5766E+01
  
 
                   ** CUMULATIVE CPU TIME SUMMARY **
  
 CONTACT SORTING.............: .0000E+00     0.00 % 
 CONTACT FORCES..............: .4688E-01     0.81 % 
 ELEMENT FORCES..............: .4062E+00     7.05 % 
 KINEMATIC COND..............: .5156E+00     8.94 % 
 INTEGRATION.................: .3594E+00     6.23 % 
 ASSEMBLING..................: .1406E+00     2.44 % 
 OTHERS (including I/O)......: .4297E+01    74.53 % 
 TOTAL.......................: .5766E+01   100.00 % 
  
  
                           ** ELAPSED TIME **
  
  
                        ** SUMMARY **
  
 #PROC  ELEMENT   KINCOND   INTEG     IO        T0        ASM       RESOL    
   1   .3519E+00 .5406E+00 .3071E+00 .9619E+00 .1978E+01 .1841E+00 .5900E+01
  
                   ** MEMORY USAGE STATISTICS **
  
 TOTAL MEMORY USED .........................:       52 MB
 MAXIMUM MEMORY PER PROCESSOR...............:       52 MB
 MINIMUM MEMORY PER PROCESSOR...............:       52 MB
 AVERAGE MEMORY PER PROCESSOR...............:       52 MB
  
                   ** DISK USAGE STATISTICS **
  
 TOTAL DISK SPACE USED .....................:          2 MB
 ANIMATION/H3D/TH/OUTP SIZE ................:          0 MB
 RESTART FILE SIZE .........................:          2 MB
  
                   ** COMPUTE TIME INFORMATION **
                        ** CURRENT ENGINE **
  
 EXECUTION STARTED .........................:      2026/10/09  15:12:01
 EXECUTION COMPLETED .......................:      2026/10/09  15:12:07
  
 ELAPSED TIME     =          5.94 s
                          0:00:05



     NORMAL TERMINATION      



     TOTAL NUMBER OF CYCLES  :   80002

  
                   ** COMPUTE RUNTIME INFORMATION SUMMARY **
  
        STARTER RUNTIME =          1.53s (00:00:01)
 # 001   ENGINE RUNTIME =          5.94s (00:00:05)
 ------------------------------ 
 STARTER+ENGINE RUNTIME =          7.47s (00:00:07)
  
