 A17_SHEAR_L10_0000.out
************************************************************************
**                                                                    **
**                                                                    **
**                        OpenRadioss Starter                         **
**                                                                    **
**            Non-linear Finite Element Analysis Software             **
**                                                                    **
**                                                                    **
**                                                                    **
**                  Windows 64 bits, Intel compiler                   **
**                      Double Precision Version                      **
**                                                                    **
**                                                                    **
**                                                                    **
************************************************************************
** OpenRadioss Software                                               **
** COPYRIGHT (C) 2026 Siemens                                         **
** Licensed under GNU Affero General Public License.                  **
** See License file.                                                  **
************************************************************************
 
  
 COMPUTATION HARDWARE DESCRIPTION
  
 HOSTNAME     CPU TYPE, FREQUENCY AND MEMORY
 jeux   AMD Ryzen 5 5600 6-Core Processor               (x86_64), 3700 MHz,   6826 MB RAM,  18985 MB swap
  
 STACKSIZE  . . . . . . . . . . . . . . . . . . . . 1430 MB
 THREAD STACKSIZE . . . . . . . . . . . . . . . . . 400 MB
 
************************************************************************


************************************************************************
* INPUT READING PROCESS
************************************************************************

 -NO SYNTAX ERROR DETECTED DURING INPUT READING PROCESS




************************************************************************



    UNIT SYSTEMS DEFINITION     
    -----------------------     

                                                          MASS                LENGTH              TIME
    WORK UNIT SYSTEM . . . . . . ( g  , mm , ms  ) 1.0000000000000E-03 1.0000000000000E-03 1.0000000000000E-03
    INPUT UNIT SYSTEM  . . . . . ( g  , mm , ms  ) 1.0000000000000E-03 1.0000000000000E-03 1.0000000000000E-03
A17_SHEAR_L10


    CONTROL  PARAMETERS                                                                  
    -------------------                                                                  

    IPRI  : PRINTOUT FLAG . . . . . . . . . . . . . . . .         0
    INVERS: MANUAL VERSION OF THIS INPUT DECK . . . . . .      2026
    NSUBS:   NUMBER OF SUBSETS. . . . . . . . . . . . . .         1
    NPART:   NUMBER OF PARTS. . . . . . . . . . . . . . .         1
    NUMMAT: NUMBER OF MATERIALS . . . . . . . . . . . . .         1
    NUMGEO: NUMBER OF PROPERTY SETS . . . . . . . . . . .         1
    NUMNOD: NUMBER OF NODAL POINTS. . . . . . . . . . . .         8
    NUMSKW: NUMBER OF SKEW REFERENCE FRAMES . . . . . . .         0
    NUMBCS: NUMBER OF BOUNDARY CONDITIONS . . . . . . . .         2
    NUMFRAM: NUMBER OF REFERENCE FRAMES . . . . . . . . .         0
    NUMELQ: NUMBER OF 2D QUAD ELEMENTS. . . . . . . . . .         0
    NUMELT3 : NUMBER OF 2D TRIA ELEMENTS. . . . . . . . .         0
    NUMELS: NUMBER OF 3D SOLID ELEMENTS . . . . . . . . .         1
    NUMELC: NUMBER OF 3D SHELL ELEMENTS (4-NODES) . . . .         0
    NUMELT: NUMBER OF 3D TRUSS ELEMENTS . . . . . . . . .         0
    NUMELP: NUMBER OF 3D BEAM  ELEMENTS . . . . . . . . .         0
    NUMELR: NUMBER OF 3D SPRING ELEMENTS. . . . . . . . .         0
    NUMELTG: NUMBER OF 3D SHELL ELEMENTS (3-NODES). . . .         0
    NUMELX: NUMBER OF MULTIPURPOSE ELEMENTS . . . . . . .         0
    NUMELIG3D: NUMBER OF ISO-GEOMETRIC ELEMENTS . . . . .         0
    NUMSPH : NUMBER OF SMOOTH PARTICLES (SPH CELLS) . . .         0
    NSPHBCS: NUMBER OF SPH SYMMETRY CONDITIONS. . . . . .         0
    NSPHIO : NUMBER OF SPH INLET/OUTLET CONDITIONS. . . .         0

    NFUNCT: NUMBER OF USER'S FUNCTIONS . . . . . . . . .          1
    NGRAV:  NUMBER OF GRAVITY LOADS . . . . . . . . . . .         0
    NFUNC2D:  NUMBER OF USER 2D FUNCTIONS . . . . . . . .         0
    NINIGRV:NUMBER OF INITIAL GRAVITY LOADS . . . . . . .         0
    NCONLD: NUMBER OF CONCENTRATED LOADS. . . . . . . . .         0
    NINVEL: NUMBER OF INITIAL VELOCITIES. . . . . . . . .         0
    NPRELD: NUMBER OF PRESSURE LOADS. . . . . . . . . . .         0
    NINIMAP1D: NUMBER OF INITIAL 1D MAPPING.. . . . . . .         0
    NINIMAP2D: NUMBER OF INITIAL 2D MAPPING.. . . . . . .         0
    NUMBER OF ACCELEROMETERS. . . . . . . . . . . . . . .         0
    NUMBER OF SENSORS . . . . . . . . . . . . . . . . . .         0
    NUMBER OF GAUGES. . . . . . . . . . . . . . . . . . .         0
    NINTER: NUMBER OF INTERFACES. . . . . . . . . . . . .         0
    NRWALL: NUMBER OF RIGID WALLS . . . . . . . . . . . .         0
    NRBODY: NUMBER OF RIGID BODIES. . . . . . . . . . . .         0
    NFXBODY: NUMBER OF FLEXIBLE BODIES. . . . . . . . . .         0
    NCONX : NUMBER OF RIGID LINKS TO MADYMO BODIES. . . .         0
    NODMAS: NUMBER OF ADDED NODAL MASSES. . . . . . . . .         1
    NIMPDISP: NUMBER OF IMPOSED DISPLACEMENTS . . . . . .         1
    NIMPVEL: NUMBER OF IMPOSED VELOCITIES . . . . . . . .         0
    NIMPACC: NUMBER OF IMPOSED ACCELERATIONS . . . . . .          0
    NRIVET: NUMBER OF RIVETS OR SPOT WELDS. . . . . . . .         0
    NSECT : NUMBER OF SECTIONS SAVED (TIME HISTORY PLOTS)         0
    NJOINT: NUMBER OF JOINTS. . . . . . . . . . . . . . .         0
    NACTIV: NUMBER OF ELEMENT DEACTIVATION GROUPS . . . .         0
    NDAMP:  NUMBER OF RAYLEIGH DAMPING GROUPS . . . . . .         0
    NGJOINT: NUMBER OF GEAR TYPE JOINTS . . . . . . . . .         0
    NUMMPC: NUMBER OF MULTI-POINT CONSTRAINTS . . . . . .         0
    NR2RLNK: NUMBER OF EXTERNAL COUPLING LINKS . . . . .          0
    NSUBDOM: NUMBER OF SUBDOMAINS . . . . . .. . . . . .          0
    NVOLU:  NUMBER OF MONITORED VOLUMES . . . . . . . . .         0
    NEIG:   NUMBER OF EIGEN AND STATIC MODES PROBLEMS . .         0
    NBEM:   NUMBER OF BEM SOLVED PROBLEMS . . . . . . . .         0
    NRBE2:  NUMBER OF RBE2 RIGID ELEMENTS . . . . . . . .         0
    NRBE3:  NUMBER OF RBE3 CONSTRAINT ELEMENTS  . . . . .         0
    INITIAL STRESS FILE =
                                          FLAG ISIGI. . .         0


    N2D3D : ANALYSIS TYPE: 0=3D,1=AXISYM,2=PLANE STRAIN .         0


    ANALYSIS OPTIONS
    ----------------

    INTEG8 : 8 GAUSS POINT CONDENSED INTEGRATION . . . . .         0
    IPARITH: PARALLEL ARITHMETIC FLAG (2 OFF, 1 0N). . . .         1
    IUSERW : GENERAL USER WINDOW FLAG. . . . . . . . . . .         0
    ISOLID : DEFAULT BRICK FORMULATION FLAG. . . . . . . .         1
    ITET4  : DEFAULT TETRA4 FORMULATION FLAG . . . . . . .         0
    ITET10 : DEFAULT TETRA10 FORMULATION FLAG. . . . . . .      1000
    ISMSTR : DEFAULT BRICK SMALL STRAIN FLAG . . . . . . .         0
    ICPRE  : DEFAULT SOLID CONSTANT PRESSURE FLAG. . . . .         0
    ISHELL : DEFAULT SHELL FORMULATION FLAG. . . . . . . .         1
    ISST   : DEFAULT SHELL SMALL STRAIN FLAG . . . . . . .         0
    ITHK   : DEFAULT SHELL THICKNESS VARIATION FLAG. . . .         0
    IPLA   : DEFAULT PLANE STRESS PLASTICITY FLAG. . . . .         0
    ISTR   : DEFAULT SHELL STRAIN COMPUTATION FLAG . . . .         1
    ISHEA  : DEFAULT SHELL SHEAR COMPUTATION FLAG. . . . .         0
    INSH   : SHELL INERTIA FLAG. . . . . . . . . . . . . .         0
    ISH3N  : DEFAULT 3 NODE SHELL FORMULATION FLAG . . . .         2
    NPTS   : SHELL PROPERTIES DEFAULT NUMBER OF           
             INTEGRATION POINTS OR LAYERS. . . . . . . . .        -1
    IFRAME : DEFAULT SOLID FRAME FORMULATION FLAG . . . .          1
    IOFFSET: DEFAULT SHELL OFFSET FLAG. . . . . . . . . .          0
    ICONTROL:DEFAULT SOLID DISTORTION CONTROL FLAG. . . .          0
    ISHFRAM: LOCAL SHELL FRAME DEFINITION. . . . . . . . .         0


    LAGRANGE MULTIPLIER OPTIONS
    ---------------------------
    LAGM_TOL:CONVERGENCE CRITERION. . . . . . . . . . . . 1.0000000000000E-11


    NODAL MASS DISTRIBUTION FLAG . . . . . . . . .         0


    SPEED PARAMETERS  
    ----------------  

    STARTER RUNNING ON. . . . . . . . . . . . . . . . . .         2 THREADS             
    NUMBER OF SPMD DOMAINS. . . . . . . . . . . . . . . .         1
    NUMBER OF THREADS PER DOMAIN. . . . . . . . . . . . .         2
    ARCHITECTURE OPTIMIZATION . . . . . . . . . . . . . .        22, win64               
    SIZE OF ELEMENT BUFFER. . . . . . . . . . . . . . . .       128
 
     INFO : OMP_NUM_THREADS SET, DEFAULT SETTING IGNORED
  


    LOAD CURVES
    -----------
    NUMBER OF LOAD CURVES. . . . . . . . =         1


    LOAD CURVE ID . . . . . . . . . . . =        90

    X                     Y               
     0.000000000000        0.000000000000    
    1.0000000000000E-04   2.6992800000000E-07
    2.0000000000000E-04   1.0794240000000E-06
    3.0000000000000E-04   2.4280560000000E-06
    4.0000000000000E-04   4.3153920000000E-06
    5.0000000000000E-04   6.7410000000000E-06
    6.0000000000000E-04   9.7044480000000E-06
    7.0000000000000E-04   1.3205304000000E-05
    8.0000000000000E-04   1.7243136000000E-05
    9.0000000000000E-04   2.1817512000000E-05
    1.0000000000000E-03   2.6928000000000E-05
    1.1000000000000E-03   3.2574168000000E-05
    1.2000000000000E-03   3.8755584000000E-05
    1.3000000000000E-03   4.5471816000000E-05
    1.4000000000000E-03   5.2722432000000E-05
    1.5000000000000E-03   6.0507000000000E-05
    1.6000000000000E-03   6.8825088000000E-05
    1.7000000000000E-03   7.7676264000000E-05
    1.8000000000000E-03   8.7060096000000E-05
    1.9000000000000E-03   9.6976152000000E-05
    2.0000000000000E-03   1.0742400000000E-04
    2.1000000000000E-03   1.1840320800000E-04
    2.2000000000000E-03   1.2991334400000E-04
    2.3000000000000E-03   1.4195397600000E-04
    2.4000000000000E-03   1.5452467200000E-04
    2.5000000000000E-03   1.6762500000000E-04
    2.6000000000000E-03   1.8125452800000E-04
    2.7000000000000E-03   1.9541282400000E-04
    2.8000000000000E-03   2.1009945600000E-04
    2.9000000000000E-03   2.2531399200000E-04
    3.0000000000000E-03   2.4105600000000E-04
    3.1000000000000E-03   2.5732504800000E-04
    3.2000000000000E-03   2.7412070400000E-04
    3.3000000000000E-03   2.9144253600000E-04
    3.4000000000000E-03   3.0929011200000E-04
    3.5000000000000E-03   3.2766300000000E-04
    3.6000000000000E-03   3.4656076800000E-04
    3.7000000000000E-03   3.6598298400000E-04
    3.8000000000000E-03   3.8592921600000E-04
    3.9000000000000E-03   4.0639903200000E-04
    4.0000000000000E-03   4.2739200000000E-04
    4.1000000000000E-03   4.4890768800000E-04
    4.2000000000000E-03   4.7094566400000E-04
    4.3000000000000E-03   4.9350549600000E-04
    4.4000000000000E-03   5.1658675200000E-04
    4.5000000000000E-03   5.4018900000000E-04
    4.6000000000000E-03   5.6431180800000E-04
    4.7000000000000E-03   5.8895474400000E-04
    4.8000000000000E-03   6.1411737600000E-04
    4.9000000000000E-03   6.3979927200000E-04
    5.0000000000000E-03   6.6600000000000E-04
    5.1000000000000E-03   6.9271912800000E-04
    5.2000000000000E-03   7.1995622400000E-04
    5.3000000000000E-03   7.4771085600000E-04
    5.4000000000000E-03   7.7598259200000E-04
    5.5000000000000E-03   8.0477100000000E-04
    5.6000000000000E-03   8.3407564800000E-04
    5.7000000000000E-03   8.6389610400000E-04
    5.8000000000000E-03   8.9423193600000E-04
    5.9000000000000E-03   9.2508271200000E-04
    6.0000000000000E-03   9.5644800000000E-04
    6.1000000000000E-03   9.8832736800000E-04
    6.2000000000000E-03   1.0207203840000E-03
    6.3000000000000E-03   1.0536266160000E-03
    6.4000000000000E-03   1.0870456320000E-03
    6.5000000000000E-03   1.1209770000000E-03
    6.6000000000000E-03   1.1554202880000E-03
    6.7000000000000E-03   1.1903750640000E-03
    6.8000000000000E-03   1.2258408960000E-03
    6.9000000000000E-03   1.2618173520000E-03
    7.0000000000000E-03   1.2983040000000E-03
    7.1000000000000E-03   1.3353004080000E-03
    7.2000000000000E-03   1.3728061440000E-03
    7.3000000000000E-03   1.4108207760000E-03
    7.4000000000000E-03   1.4493438720000E-03
    7.5000000000000E-03   1.4883750000000E-03
    7.6000000000000E-03   1.5279137280000E-03
    7.7000000000000E-03   1.5679596240000E-03
    7.8000000000000E-03   1.6085122560000E-03
    7.9000000000000E-03   1.6495711920000E-03
    8.0000000000000E-03   1.6911360000000E-03
    8.1000000000000E-03   1.7332062480000E-03
    8.2000000000000E-03   1.7757815040000E-03
    8.3000000000000E-03   1.8188613360000E-03
    8.4000000000000E-03   1.8624453120000E-03
    8.5000000000000E-03   1.9065330000000E-03
    8.6000000000000E-03   1.9511239680000E-03
    8.7000000000000E-03   1.9962177840000E-03
    8.8000000000000E-03   2.0418140160000E-03
    8.9000000000000E-03   2.0879122320000E-03
    9.0000000000000E-03   2.1345120000000E-03
    9.1000000000000E-03   2.1816128880000E-03
    9.2000000000000E-03   2.2292144640000E-03
    9.3000000000000E-03   2.2773162960000E-03
    9.4000000000000E-03   2.3259179520000E-03
    9.5000000000000E-03   2.3750190000000E-03
    9.6000000000000E-03   2.4246190080000E-03
    9.7000000000000E-03   2.4747175440000E-03
    9.8000000000000E-03   2.5253141760000E-03
    9.9000000000000E-03   2.5764084720000E-03
    1.0000000000000E-02   2.6280000000000E-03
    1.0100000000000E-02   2.6800883280000E-03
    1.0200000000000E-02   2.7326730240000E-03
    1.0300000000000E-02   2.7857536560000E-03
    1.0400000000000E-02   2.8393297920000E-03
    1.0500000000000E-02   2.8934010000000E-03
    1.0600000000000E-02   2.9479668480000E-03
    1.0700000000000E-02   3.0030269040000E-03
    1.0800000000000E-02   3.0585807360000E-03
    1.0900000000000E-02   3.1146279120000E-03
    1.1000000000000E-02   3.1711680000000E-03
    1.1100000000000E-02   3.2282005680000E-03
    1.1200000000000E-02   3.2857251840000E-03
    1.1300000000000E-02   3.3437414160000E-03
    1.1400000000000E-02   3.4022488320000E-03
    1.1500000000000E-02   3.4612470000000E-03
    1.1600000000000E-02   3.5207354880000E-03
    1.1700000000000E-02   3.5807138640000E-03
    1.1800000000000E-02   3.6411816960000E-03
    1.1900000000000E-02   3.7021385520000E-03
    1.2000000000000E-02   3.7635840000000E-03
    1.2100000000000E-02   3.8255176080000E-03
    1.2200000000000E-02   3.8879389440000E-03
    1.2300000000000E-02   3.9508475760000E-03
    1.2400000000000E-02   4.0142430720000E-03
    1.2500000000000E-02   4.0781250000000E-03
    1.2600000000000E-02   4.1424929280000E-03
    1.2700000000000E-02   4.2073464240000E-03
    1.2800000000000E-02   4.2726850560000E-03
    1.2900000000000E-02   4.3385083920000E-03
    1.3000000000000E-02   4.4048160000000E-03
    1.3100000000000E-02   4.4716074480000E-03
    1.3200000000000E-02   4.5388823040000E-03
    1.3300000000000E-02   4.6066401360000E-03
    1.3400000000000E-02   4.6748805120000E-03
    1.3500000000000E-02   4.7436030000000E-03
    1.3600000000000E-02   4.8128071680000E-03
    1.3700000000000E-02   4.8824925840000E-03
    1.3800000000000E-02   4.9526588160000E-03
    1.3900000000000E-02   5.0233054320000E-03
    1.4000000000000E-02   5.0944320000000E-03
    1.4100000000000E-02   5.1660380880000E-03
    1.4200000000000E-02   5.2381232640000E-03
    1.4300000000000E-02   5.3106870960000E-03
    1.4400000000000E-02   5.3837291520000E-03
    1.4500000000000E-02   5.4572490000000E-03
    1.4600000000000E-02   5.5312462080000E-03
    1.4700000000000E-02   5.6057203440000E-03
    1.4800000000000E-02   5.6806709760000E-03
    1.4900000000000E-02   5.7560976720000E-03
    1.5000000000000E-02   5.8320000000000E-03
    1.5100000000000E-02   5.9083775280000E-03
    1.5200000000000E-02   5.9852298240000E-03
    1.5300000000000E-02   6.0625564560000E-03
    1.5400000000000E-02   6.1403569920000E-03
    1.5500000000000E-02   6.2186310000000E-03
    1.5600000000000E-02   6.2973780480000E-03
    1.5700000000000E-02   6.3765977040000E-03
    1.5800000000000E-02   6.4562895360000E-03
    1.5900000000000E-02   6.5364531120000E-03
    1.6000000000000E-02   6.6170880000000E-03
    1.6100000000000E-02   6.6981937680000E-03
    1.6200000000000E-02   6.7797699840000E-03
    1.6300000000000E-02   6.8618162160000E-03
    1.6400000000000E-02   6.9443320320000E-03
    1.6500000000000E-02   7.0273170000000E-03
    1.6600000000000E-02   7.1107706880000E-03
    1.6700000000000E-02   7.1946926640000E-03
    1.6800000000000E-02   7.2790824960000E-03
    1.6900000000000E-02   7.3639397520000E-03
    1.7000000000000E-02   7.4492640000000E-03
    1.7100000000000E-02   7.5350548080000E-03
    1.7200000000000E-02   7.6213117440000E-03
    1.7300000000000E-02   7.7080343760000E-03
    1.7400000000000E-02   7.7952222720000E-03
    1.7500000000000E-02   7.8828750000000E-03
    1.7600000000000E-02   7.9709921280000E-03
    1.7700000000000E-02   8.0595732240000E-03
    1.7800000000000E-02   8.1486178560000E-03
    1.7900000000000E-02   8.2381255920000E-03
    1.8000000000000E-02   8.3280960000000E-03
    1.8100000000000E-02   8.4185286480000E-03
    1.8200000000000E-02   8.5094231040000E-03
    1.8300000000000E-02   8.6007789360000E-03
    1.8400000000000E-02   8.6925957120000E-03
    1.8500000000000E-02   8.7848730000000E-03
    1.8600000000000E-02   8.8776103680000E-03
    1.8700000000000E-02   8.9708073840000E-03
    1.8800000000000E-02   9.0644636160000E-03
    1.8900000000000E-02   9.1585786320000E-03
    1.9000000000000E-02   9.2531520000000E-03
    1.9100000000000E-02   9.3481832880000E-03
    1.9200000000000E-02   9.4436720640000E-03
    1.9300000000000E-02   9.5396178960000E-03
    1.9400000000000E-02   9.6360203520000E-03
    1.9500000000000E-02   9.7328790000000E-03
    1.9600000000000E-02   9.8301934080000E-03
    1.9700000000000E-02   9.9279631440000E-03
    1.9800000000000E-02   1.0026187776000E-02
    1.9900000000000E-02   1.0124866872000E-02
    2.0000000000000E-02   1.0224000000000E-02
    2.0100000000000E-02   1.0323586728000E-02
    2.0200000000000E-02   1.0423626624000E-02
    2.0300000000000E-02   1.0524119256000E-02
    2.0400000000000E-02   1.0625064192000E-02
    2.0500000000000E-02   1.0726461000000E-02
    2.0600000000000E-02   1.0828309248000E-02
    2.0700000000000E-02   1.0930608504000E-02
    2.0800000000000E-02   1.1033358336000E-02
    2.0900000000000E-02   1.1136558312000E-02
    2.1000000000000E-02   1.1240208000000E-02
    2.1100000000000E-02   1.1344306968000E-02
    2.1200000000000E-02   1.1448854784000E-02
    2.1300000000000E-02   1.1553851016000E-02
    2.1400000000000E-02   1.1659295232000E-02
    2.1500000000000E-02   1.1765187000000E-02
    2.1600000000000E-02   1.1871525888000E-02
    2.1700000000000E-02   1.1978311464000E-02
    2.1800000000000E-02   1.2085543296000E-02
    2.1900000000000E-02   1.2193220952000E-02
    2.2000000000000E-02   1.2301344000000E-02
    2.2100000000000E-02   1.2409912008000E-02
    2.2200000000000E-02   1.2518924544000E-02
    2.2300000000000E-02   1.2628381176000E-02
    2.2400000000000E-02   1.2738281472000E-02
    2.2500000000000E-02   1.2848625000000E-02
    2.2600000000000E-02   1.2959411328000E-02
    2.2700000000000E-02   1.3070640024000E-02
    2.2800000000000E-02   1.3182310656000E-02
    2.2900000000000E-02   1.3294422792000E-02
    2.3000000000000E-02   1.3406976000000E-02
    2.3100000000000E-02   1.3519969848000E-02
    2.3200000000000E-02   1.3633403904000E-02
    2.3300000000000E-02   1.3747277736000E-02
    2.3400000000000E-02   1.3861590912000E-02
    2.3500000000000E-02   1.3976343000000E-02
    2.3600000000000E-02   1.4091533568000E-02
    2.3700000000000E-02   1.4207162184000E-02
    2.3800000000000E-02   1.4323228416000E-02
    2.3900000000000E-02   1.4439731832000E-02
    2.4000000000000E-02   1.4556672000000E-02
    2.4100000000000E-02   1.4674048488000E-02
    2.4200000000000E-02   1.4791860864000E-02
    2.4300000000000E-02   1.4910108696000E-02
    2.4400000000000E-02   1.5028791552000E-02
    2.4500000000000E-02   1.5147909000000E-02
    2.4600000000000E-02   1.5267460608000E-02
    2.4700000000000E-02   1.5387445944000E-02
    2.4800000000000E-02   1.5507864576000E-02
    2.4900000000000E-02   1.5628716072000E-02
    2.5000000000000E-02   1.5750000000000E-02
    2.5100000000000E-02   1.5871715928000E-02
    2.5200000000000E-02   1.5993863424000E-02
    2.5300000000000E-02   1.6116442056000E-02
    2.5400000000000E-02   1.6239451392000E-02
    2.5500000000000E-02   1.6362891000000E-02
    2.5600000000000E-02   1.6486760448000E-02
    2.5700000000000E-02   1.6611059304000E-02
    2.5800000000000E-02   1.6735787136000E-02
    2.5900000000000E-02   1.6860943512000E-02
    2.6000000000000E-02   1.6986528000000E-02
    2.6100000000000E-02   1.7112540168000E-02
    2.6200000000000E-02   1.7238979584000E-02
    2.6300000000000E-02   1.7365845816000E-02
    2.6400000000000E-02   1.7493138432000E-02
    2.6500000000000E-02   1.7620857000000E-02
    2.6600000000000E-02   1.7749001088000E-02
    2.6700000000000E-02   1.7877570264000E-02
    2.6800000000000E-02   1.8006564096000E-02
    2.6900000000000E-02   1.8135982152000E-02
    2.7000000000000E-02   1.8265824000000E-02
    2.7100000000000E-02   1.8396089208000E-02
    2.7200000000000E-02   1.8526777344000E-02
    2.7300000000000E-02   1.8657887976000E-02
    2.7400000000000E-02   1.8789420672000E-02
    2.7500000000000E-02   1.8921375000000E-02
    2.7600000000000E-02   1.9053750528000E-02
    2.7700000000000E-02   1.9186546824000E-02
    2.7800000000000E-02   1.9319763456000E-02
    2.7900000000000E-02   1.9453399992000E-02
    2.8000000000000E-02   1.9587456000000E-02
    2.8100000000000E-02   1.9721931048000E-02
    2.8200000000000E-02   1.9856824704000E-02
    2.8300000000000E-02   1.9992136536000E-02
    2.8400000000000E-02   2.0127866112000E-02
    2.8500000000000E-02   2.0264013000000E-02
    2.8600000000000E-02   2.0400576768000E-02
    2.8700000000000E-02   2.0537556984000E-02
    2.8800000000000E-02   2.0674953216000E-02
    2.8900000000000E-02   2.0812765032000E-02
    2.9000000000000E-02   2.0950992000000E-02
    2.9100000000000E-02   2.1089633688000E-02
    2.9200000000000E-02   2.1228689664000E-02
    2.9300000000000E-02   2.1368159496000E-02
    2.9400000000000E-02   2.1508042752000E-02
    2.9500000000000E-02   2.1648339000000E-02
    2.9600000000000E-02   2.1789047808000E-02
    2.9700000000000E-02   2.1930168744000E-02
    2.9800000000000E-02   2.2071701376000E-02
    2.9900000000000E-02   2.2213645272000E-02
    3.0000000000000E-02   2.2356000000000E-02
    3.0100000000000E-02   2.2498765128000E-02
    3.0200000000000E-02   2.2641940224000E-02
    3.0300000000000E-02   2.2785524856000E-02
    3.0400000000000E-02   2.2929518592000E-02
    3.0500000000000E-02   2.3073921000000E-02
    3.0600000000000E-02   2.3218731648000E-02
    3.0700000000000E-02   2.3363950104000E-02
    3.0800000000000E-02   2.3509575936000E-02
    3.0900000000000E-02   2.3655608712000E-02
    3.1000000000000E-02   2.3802048000000E-02
    3.1100000000000E-02   2.3948893368000E-02
    3.1200000000000E-02   2.4096144384000E-02
    3.1300000000000E-02   2.4243800616000E-02
    3.1400000000000E-02   2.4391861632000E-02
    3.1500000000000E-02   2.4540327000000E-02
    3.1600000000000E-02   2.4689196288000E-02
    3.1700000000000E-02   2.4838469064000E-02
    3.1800000000000E-02   2.4988144896000E-02
    3.1900000000000E-02   2.5138223352000E-02
    3.2000000000000E-02   2.5288704000000E-02
    3.2100000000000E-02   2.5439586408000E-02
    3.2200000000000E-02   2.5590870144000E-02
    3.2300000000000E-02   2.5742554776000E-02
    3.2400000000000E-02   2.5894639872000E-02
    3.2500000000000E-02   2.6047125000000E-02
    3.2600000000000E-02   2.6200009728000E-02
    3.2700000000000E-02   2.6353293624000E-02
    3.2800000000000E-02   2.6506976256000E-02
    3.2900000000000E-02   2.6661057192000E-02
    3.3000000000000E-02   2.6815536000000E-02
    3.3100000000000E-02   2.6970412248000E-02
    3.3200000000000E-02   2.7125685504000E-02
    3.3300000000000E-02   2.7281355336000E-02
    3.3400000000000E-02   2.7437421312000E-02
    3.3500000000000E-02   2.7593883000000E-02
    3.3600000000000E-02   2.7750739968000E-02
    3.3700000000000E-02   2.7907991784000E-02
    3.3800000000000E-02   2.8065638016000E-02
    3.3900000000000E-02   2.8223678232000E-02
    3.4000000000000E-02   2.8382112000000E-02
    3.4100000000000E-02   2.8540938888000E-02
    3.4200000000000E-02   2.8700158464000E-02
    3.4300000000000E-02   2.8859770296000E-02
    3.4400000000000E-02   2.9019773952000E-02
    3.4500000000000E-02   2.9180169000000E-02
    3.4600000000000E-02   2.9340955008000E-02
    3.4700000000000E-02   2.9502131544000E-02
    3.4800000000000E-02   2.9663698176000E-02
    3.4900000000000E-02   2.9825654472000E-02
    3.5000000000000E-02   2.9988000000000E-02
    3.5100000000000E-02   3.0150734328000E-02
    3.5200000000000E-02   3.0313857024000E-02
    3.5300000000000E-02   3.0477367656000E-02
    3.5400000000000E-02   3.0641265792000E-02
    3.5500000000000E-02   3.0805551000000E-02
    3.5600000000000E-02   3.0970222848000E-02
    3.5700000000000E-02   3.1135280904000E-02
    3.5800000000000E-02   3.1300724736000E-02
    3.5900000000000E-02   3.1466553912000E-02
    3.6000000000000E-02   3.1632768000000E-02
    3.6100000000000E-02   3.1799366568000E-02
    3.6200000000000E-02   3.1966349184000E-02
    3.6300000000000E-02   3.2133715416000E-02
    3.6400000000000E-02   3.2301464832000E-02
    3.6500000000000E-02   3.2469597000000E-02
    3.6600000000000E-02   3.2638111488000E-02
    3.6700000000000E-02   3.2807007864000E-02
    3.6800000000000E-02   3.2976285696000E-02
    3.6900000000000E-02   3.3145944552000E-02
    3.7000000000000E-02   3.3315984000000E-02
    3.7100000000000E-02   3.3486403608000E-02
    3.7200000000000E-02   3.3657202944000E-02
    3.7300000000000E-02   3.3828381576000E-02
    3.7400000000000E-02   3.3999939072000E-02
    3.7500000000000E-02   3.4171875000000E-02
    3.7600000000000E-02   3.4344188928000E-02
    3.7700000000000E-02   3.4516880424000E-02
    3.7800000000000E-02   3.4689949056000E-02
    3.7900000000000E-02   3.4863394392000E-02
    3.8000000000000E-02   3.5037216000000E-02
    3.8100000000000E-02   3.5211413448000E-02
    3.8200000000000E-02   3.5385986304000E-02
    3.8300000000000E-02   3.5560934136000E-02
    3.8400000000000E-02   3.5736256512000E-02
    3.8500000000000E-02   3.5911953000000E-02
    3.8600000000000E-02   3.6088023168000E-02
    3.8700000000000E-02   3.6264466584000E-02
    3.8800000000000E-02   3.6441282816000E-02
    3.8900000000000E-02   3.6618471432000E-02
    3.9000000000000E-02   3.6796032000000E-02
    3.9100000000000E-02   3.6973964088000E-02
    3.9200000000000E-02   3.7152267264000E-02
    3.9300000000000E-02   3.7330941096000E-02
    3.9400000000000E-02   3.7509985152000E-02
    3.9500000000000E-02   3.7689399000000E-02
    3.9600000000000E-02   3.7869182208000E-02
    3.9700000000000E-02   3.8049334344000E-02
    3.9800000000000E-02   3.8229854976000E-02
    3.9900000000000E-02   3.8410743672000E-02
    4.0000000000000E-02   3.8592000000000E-02
    4.0100000000000E-02   3.8773623528000E-02
    4.0200000000000E-02   3.8955613824000E-02
    4.0300000000000E-02   3.9137970456000E-02
    4.0400000000000E-02   3.9320692992000E-02
    4.0500000000000E-02   3.9503781000000E-02
    4.0600000000000E-02   3.9687234048000E-02
    4.0700000000000E-02   3.9871051704000E-02
    4.0800000000000E-02   4.0055233536000E-02
    4.0900000000000E-02   4.0239779112000E-02
    4.1000000000000E-02   4.0424688000000E-02
    4.1100000000000E-02   4.0609959768000E-02
    4.1200000000000E-02   4.0795593984000E-02
    4.1300000000000E-02   4.0981590216000E-02
    4.1400000000000E-02   4.1167948032000E-02
    4.1500000000000E-02   4.1354667000000E-02
    4.1600000000000E-02   4.1541746688000E-02
    4.1700000000000E-02   4.1729186664000E-02
    4.1800000000000E-02   4.1916986496000E-02
    4.1900000000000E-02   4.2105145752000E-02
    4.2000000000000E-02   4.2293664000000E-02
    4.2100000000000E-02   4.2482540808000E-02
    4.2200000000000E-02   4.2671775744000E-02
    4.2300000000000E-02   4.2861368376000E-02
    4.2400000000000E-02   4.3051318272000E-02
    4.2500000000000E-02   4.3241625000000E-02
    4.2600000000000E-02   4.3432288128000E-02
    4.2700000000000E-02   4.3623307224000E-02
    4.2800000000000E-02   4.3814681856000E-02
    4.2900000000000E-02   4.4006411592000E-02
    4.3000000000000E-02   4.4198496000000E-02
    4.3100000000000E-02   4.4390934648000E-02
    4.3200000000000E-02   4.4583727104000E-02
    4.3300000000000E-02   4.4776872936000E-02
    4.3400000000000E-02   4.4970371712000E-02
    4.3500000000000E-02   4.5164223000000E-02
    4.3600000000000E-02   4.5358426368000E-02
    4.3700000000000E-02   4.5552981384000E-02
    4.3800000000000E-02   4.5747887616000E-02
    4.3900000000000E-02   4.5943144632000E-02
    4.4000000000000E-02   4.6138752000000E-02
    4.4100000000000E-02   4.6334709288000E-02
    4.4200000000000E-02   4.6531016064000E-02
    4.4300000000000E-02   4.6727671896000E-02
    4.4400000000000E-02   4.6924676352000E-02
    4.4500000000000E-02   4.7122029000000E-02
    4.4600000000000E-02   4.7319729408000E-02
    4.4700000000000E-02   4.7517777144000E-02
    4.4800000000000E-02   4.7716171776000E-02
    4.4900000000000E-02   4.7914912872000E-02
    4.5000000000000E-02   4.8114000000000E-02
    4.5100000000000E-02   4.8313432728000E-02
    4.5200000000000E-02   4.8513210624000E-02
    4.5300000000000E-02   4.8713333256000E-02
    4.5400000000000E-02   4.8913800192000E-02
    4.5500000000000E-02   4.9114611000000E-02
    4.5600000000000E-02   4.9315765248000E-02
    4.5700000000000E-02   4.9517262504000E-02
    4.5800000000000E-02   4.9719102336000E-02
    4.5900000000000E-02   4.9921284312000E-02
    4.6000000000000E-02   5.0123808000000E-02
    4.6100000000000E-02   5.0326672968000E-02
    4.6200000000000E-02   5.0529878784000E-02
    4.6300000000000E-02   5.0733425016000E-02
    4.6400000000000E-02   5.0937311232000E-02
    4.6500000000000E-02   5.1141537000000E-02
    4.6600000000000E-02   5.1346101888000E-02
    4.6700000000000E-02   5.1551005464000E-02
    4.6800000000000E-02   5.1756247296000E-02
    4.6900000000000E-02   5.1961826952000E-02
    4.7000000000000E-02   5.2167744000000E-02
    4.7100000000000E-02   5.2373998008000E-02
    4.7200000000000E-02   5.2580588544000E-02
    4.7300000000000E-02   5.2787515176000E-02
    4.7400000000000E-02   5.2994777472000E-02
    4.7500000000000E-02   5.3202375000000E-02
    4.7600000000000E-02   5.3410307328000E-02
    4.7700000000000E-02   5.3618574024000E-02
    4.7800000000000E-02   5.3827174656000E-02
    4.7900000000000E-02   5.4036108792000E-02
    4.8000000000000E-02   5.4245376000000E-02
    4.8100000000000E-02   5.4454975848000E-02
    4.8200000000000E-02   5.4664907904000E-02
    4.8300000000000E-02   5.4875171736000E-02
    4.8400000000000E-02   5.5085766912000E-02
    4.8500000000000E-02   5.5296693000000E-02
    4.8600000000000E-02   5.5507949568000E-02
    4.8700000000000E-02   5.5719536184000E-02
    4.8800000000000E-02   5.5931452416000E-02
    4.8900000000000E-02   5.6143697832000E-02
    4.9000000000000E-02   5.6356272000000E-02
    4.9100000000000E-02   5.6569174488000E-02
    4.9200000000000E-02   5.6782404864000E-02
    4.9300000000000E-02   5.6995962696000E-02
    4.9400000000000E-02   5.7209847552000E-02
    4.9500000000000E-02   5.7424059000000E-02
    4.9600000000000E-02   5.7638596608000E-02
    4.9700000000000E-02   5.7853459944000E-02
    4.9800000000000E-02   5.8068648576000E-02
    4.9900000000000E-02   5.8284162072000E-02
    5.0000000000000E-02   5.8500000000000E-02
    5.0100000000000E-02   5.8716161928000E-02
    5.0200000000000E-02   5.8932647424000E-02
    5.0300000000000E-02   5.9149456056000E-02
    5.0400000000000E-02   5.9366587392000E-02
    5.0500000000000E-02   5.9584041000000E-02
    5.0600000000000E-02   5.9801816448000E-02
    5.0700000000000E-02   6.0019913304000E-02
    5.0800000000000E-02   6.0238331136000E-02
    5.0900000000000E-02   6.0457069512000E-02
    5.1000000000000E-02   6.0676128000000E-02
    5.1100000000000E-02   6.0895506168000E-02
    5.1200000000000E-02   6.1115203584000E-02
    5.1300000000000E-02   6.1335219816000E-02
    5.1400000000000E-02   6.1555554432000E-02
    5.1500000000000E-02   6.1776207000000E-02
    5.1600000000000E-02   6.1997177088000E-02
    5.1700000000000E-02   6.2218464264000E-02
    5.1800000000000E-02   6.2440068096000E-02
    5.1900000000000E-02   6.2661988152000E-02
    5.2000000000000E-02   6.2884224000000E-02
    5.2100000000000E-02   6.3106775208000E-02
    5.2200000000000E-02   6.3329641344000E-02
    5.2300000000000E-02   6.3552821976000E-02
    5.2400000000000E-02   6.3776316672000E-02
    5.2500000000000E-02   6.4000125000000E-02
    5.2600000000000E-02   6.4224246528000E-02
    5.2700000000000E-02   6.4448680824000E-02
    5.2800000000000E-02   6.4673427456000E-02
    5.2900000000000E-02   6.4898485992000E-02
    5.3000000000000E-02   6.5123856000000E-02
    5.3100000000000E-02   6.5349537048000E-02
    5.3200000000000E-02   6.5575528704000E-02
    5.3300000000000E-02   6.5801830536000E-02
    5.3400000000000E-02   6.6028442112000E-02
    5.3500000000000E-02   6.6255363000000E-02
    5.3600000000000E-02   6.6482592768000E-02
    5.3700000000000E-02   6.6710130984000E-02
    5.3800000000000E-02   6.6937977216000E-02
    5.3900000000000E-02   6.7166131032000E-02
    5.4000000000000E-02   6.7394592000000E-02
    5.4100000000000E-02   6.7623359688000E-02
    5.4200000000000E-02   6.7852433664000E-02
    5.4300000000000E-02   6.8081813496000E-02
    5.4400000000000E-02   6.8311498752000E-02
    5.4500000000000E-02   6.8541489000000E-02
    5.4600000000000E-02   6.8771783808000E-02
    5.4700000000000E-02   6.9002382744000E-02
    5.4800000000000E-02   6.9233285376000E-02
    5.4900000000000E-02   6.9464491272000E-02
    5.5000000000000E-02   6.9696000000000E-02
    5.5100000000000E-02   6.9927811128000E-02
    5.5200000000000E-02   7.0159924224000E-02
    5.5300000000000E-02   7.0392338856000E-02
    5.5400000000000E-02   7.0625054592000E-02
    5.5500000000000E-02   7.0858071000000E-02
    5.5600000000000E-02   7.1091387648000E-02
    5.5700000000000E-02   7.1325004104000E-02
    5.5800000000000E-02   7.1558919936000E-02
    5.5900000000000E-02   7.1793134712000E-02
    5.6000000000000E-02   7.2027648000000E-02
    5.6100000000000E-02   7.2262459368000E-02
    5.6200000000000E-02   7.2497568384000E-02
    5.6300000000000E-02   7.2732974616000E-02
    5.6400000000000E-02   7.2968677632000E-02
    5.6500000000000E-02   7.3204677000000E-02
    5.6600000000000E-02   7.3440972288000E-02
    5.6700000000000E-02   7.3677563064000E-02
    5.6800000000000E-02   7.3914448896000E-02
    5.6900000000000E-02   7.4151629352000E-02
    5.7000000000000E-02   7.4389104000000E-02
    5.7100000000000E-02   7.4626872408000E-02
    5.7200000000000E-02   7.4864934144000E-02
    5.7300000000000E-02   7.5103288776000E-02
    5.7400000000000E-02   7.5341935872000E-02
    5.7500000000000E-02   7.5580875000000E-02
    5.7600000000000E-02   7.5820105728000E-02
    5.7700000000000E-02   7.6059627624000E-02
    5.7800000000000E-02   7.6299440256000E-02
    5.7900000000000E-02   7.6539543192000E-02
    5.8000000000000E-02   7.6779936000000E-02
    5.8100000000000E-02   7.7020618248000E-02
    5.8200000000000E-02   7.7261589504000E-02
    5.8300000000000E-02   7.7502849336000E-02
    5.8400000000000E-02   7.7744397312000E-02
    5.8500000000000E-02   7.7986233000000E-02
    5.8600000000000E-02   7.8228355968000E-02
    5.8700000000000E-02   7.8470765784000E-02
    5.8800000000000E-02   7.8713462016000E-02
    5.8900000000000E-02   7.8956444232000E-02
    5.9000000000000E-02   7.9199712000000E-02
    5.9100000000000E-02   7.9443264888000E-02
    5.9200000000000E-02   7.9687102464000E-02
    5.9300000000000E-02   7.9931224296000E-02
    5.9400000000000E-02   8.0175629952000E-02
    5.9500000000000E-02   8.0420319000000E-02
    5.9600000000000E-02   8.0665291008000E-02
    5.9700000000000E-02   8.0910545544000E-02
    5.9800000000000E-02   8.1156082176000E-02
    5.9900000000000E-02   8.1401900472000E-02
    6.0000000000000E-02   8.1648000000000E-02
    6.0100000000000E-02   8.1894380328000E-02
    6.0200000000000E-02   8.2141041024000E-02
    6.0300000000000E-02   8.2387981656000E-02
    6.0400000000000E-02   8.2635201792000E-02
    6.0500000000000E-02   8.2882701000000E-02
    6.0600000000000E-02   8.3130478848000E-02
    6.0700000000000E-02   8.3378534904000E-02
    6.0800000000000E-02   8.3626868736000E-02
    6.0900000000000E-02   8.3875479912000E-02
    6.1000000000000E-02   8.4124368000000E-02
    6.1100000000000E-02   8.4373532568000E-02
    6.1200000000000E-02   8.4622973184000E-02
    6.1300000000000E-02   8.4872689416000E-02
    6.1400000000000E-02   8.5122680832000E-02
    6.1500000000000E-02   8.5372947000000E-02
    6.1600000000000E-02   8.5623487488000E-02
    6.1700000000000E-02   8.5874301864000E-02
    6.1800000000000E-02   8.6125389696000E-02
    6.1900000000000E-02   8.6376750552000E-02
    6.2000000000000E-02   8.6628384000000E-02
    6.2100000000000E-02   8.6880289608000E-02
    6.2200000000000E-02   8.7132466944000E-02
    6.2300000000000E-02   8.7384915576000E-02
    6.2400000000000E-02   8.7637635072000E-02
    6.2500000000000E-02   8.7890625000000E-02
    6.2600000000000E-02   8.8143884928000E-02
    6.2700000000000E-02   8.8397414424000E-02
    6.2800000000000E-02   8.8651213056000E-02
    6.2900000000000E-02   8.8905280392000E-02
    6.3000000000000E-02   8.9159616000000E-02
    6.3100000000000E-02   8.9414219448000E-02
    6.3200000000000E-02   8.9669090304000E-02
    6.3300000000000E-02   8.9924228136000E-02
    6.3400000000000E-02   9.0179632512000E-02
    6.3500000000000E-02   9.0435303000000E-02
    6.3600000000000E-02   9.0691239168000E-02
    6.3700000000000E-02   9.0947440584000E-02
    6.3800000000000E-02   9.1203906816000E-02
    6.3900000000000E-02   9.1460637432000E-02
    6.4000000000000E-02   9.1717632000000E-02
    6.4100000000000E-02   9.1974890088000E-02
    6.4200000000000E-02   9.2232411264000E-02
    6.4300000000000E-02   9.2490195096000E-02
    6.4400000000000E-02   9.2748241152000E-02
    6.4500000000000E-02   9.3006549000000E-02
    6.4600000000000E-02   9.3265118208000E-02
    6.4700000000000E-02   9.3523948344000E-02
    6.4800000000000E-02   9.3783038976000E-02
    6.4900000000000E-02   9.4042389672000E-02
    6.5000000000000E-02   9.4302000000000E-02
    6.5100000000000E-02   9.4561869528000E-02
    6.5200000000000E-02   9.4821997824000E-02
    6.5300000000000E-02   9.5082384456000E-02
    6.5400000000000E-02   9.5343028992000E-02
    6.5500000000000E-02   9.5603931000000E-02
    6.5600000000000E-02   9.5865090048000E-02
    6.5700000000000E-02   9.6126505704000E-02
    6.5800000000000E-02   9.6388177536000E-02
    6.5900000000000E-02   9.6650105112000E-02
    6.6000000000000E-02   9.6912288000000E-02
    6.6100000000000E-02   9.7174725768000E-02
    6.6200000000000E-02   9.7437417984000E-02
    6.6300000000000E-02   9.7700364216000E-02
    6.6400000000000E-02   9.7963564032000E-02
    6.6500000000000E-02   9.8227017000000E-02
    6.6600000000000E-02   9.8490722688000E-02
    6.6700000000000E-02   9.8754680664000E-02
    6.6800000000000E-02   9.9018890496000E-02
    6.6900000000000E-02   9.9283351752000E-02
    6.7000000000000E-02   9.9548064000000E-02
    6.7100000000000E-02   9.9813026808000E-02
    6.7200000000000E-02   0.1000782397440    
    6.7300000000000E-02   0.1003437023760    
    6.7400000000000E-02   0.1006094142720    
    6.7500000000000E-02   0.1008753750000    
    6.7600000000000E-02   0.1011415841280    
    6.7700000000000E-02   0.1014080412240    
    6.7800000000000E-02   0.1016747458560    
    6.7900000000000E-02   0.1019416975920    
    6.8000000000000E-02   0.1022088960000    
    6.8100000000000E-02   0.1024763406480    
    6.8200000000000E-02   0.1027440311040    
    6.8300000000000E-02   0.1030119669360    
    6.8400000000000E-02   0.1032801477120    
    6.8500000000000E-02   0.1035485730000    
    6.8600000000000E-02   0.1038172423680    
    6.8700000000000E-02   0.1040861553840    
    6.8800000000000E-02   0.1043553116160    
    6.8900000000000E-02   0.1046247106320    
    6.9000000000000E-02   0.1048943520000    
    6.9100000000000E-02   0.1051642352880    
    6.9200000000000E-02   0.1054343600640    
    6.9300000000000E-02   0.1057047258960    
    6.9400000000000E-02   0.1059753323520    
    6.9500000000000E-02   0.1062461790000    
    6.9600000000000E-02   0.1065172654080    
    6.9700000000000E-02   0.1067885911440    
    6.9800000000000E-02   0.1070601557760    
    6.9900000000000E-02   0.1073319588720    
    7.0000000000000E-02   0.1076040000000    
    7.0100000000000E-02   0.1078762787280    
    7.0200000000000E-02   0.1081487946240    
    7.0300000000000E-02   0.1084215472560    
    7.0400000000000E-02   0.1086945361920    
    7.0500000000000E-02   0.1089677610000    
    7.0600000000000E-02   0.1092412212480    
    7.0700000000000E-02   0.1095149165040    
    7.0800000000000E-02   0.1097888463360    
    7.0900000000000E-02   0.1100630103120    
    7.1000000000000E-02   0.1103374080000    
    7.1100000000000E-02   0.1106120389680    
    7.1200000000000E-02   0.1108869027840    
    7.1300000000000E-02   0.1111619990160    
    7.1400000000000E-02   0.1114373272320    
    7.1500000000000E-02   0.1117128870000    
    7.1600000000000E-02   0.1119886778880    
    7.1700000000000E-02   0.1122646994640    
    7.1800000000000E-02   0.1125409512960    
    7.1900000000000E-02   0.1128174329520    
    7.2000000000000E-02   0.1130941440000    
    7.2100000000000E-02   0.1133710840080    
    7.2200000000000E-02   0.1136482525440    
    7.2300000000000E-02   0.1139256491760    
    7.2400000000000E-02   0.1142032734720    
    7.2500000000000E-02   0.1144811250000    
    7.2600000000000E-02   0.1147592033280    
    7.2700000000000E-02   0.1150375080240    
    7.2800000000000E-02   0.1153160386560    
    7.2900000000000E-02   0.1155947947920    
    7.3000000000000E-02   0.1158737760000    
    7.3100000000000E-02   0.1161529818480    
    7.3200000000000E-02   0.1164324119040    
    7.3300000000000E-02   0.1167120657360    
    7.3400000000000E-02   0.1169919429120    
    7.3500000000000E-02   0.1172720430000    
    7.3600000000000E-02   0.1175523655680    
    7.3700000000000E-02   0.1178329101840    
    7.3800000000000E-02   0.1181136764160    
    7.3900000000000E-02   0.1183946638320    
    7.4000000000000E-02   0.1186758720000    
    7.4100000000000E-02   0.1189573004880    
    7.4200000000000E-02   0.1192389488640    
    7.4300000000000E-02   0.1195208166960    
    7.4400000000000E-02   0.1198029035520    
    7.4500000000000E-02   0.1200852090000    
    7.4600000000000E-02   0.1203677326080    
    7.4700000000000E-02   0.1206504739440    
    7.4800000000000E-02   0.1209334325760    
    7.4900000000000E-02   0.1212166080720    
    7.5000000000000E-02   0.1215000000000    
    7.5100000000000E-02   0.1217836079280    
    7.5200000000000E-02   0.1220674314240    
    7.5300000000000E-02   0.1223514700560    
    7.5400000000000E-02   0.1226357233920    
    7.5500000000000E-02   0.1229201910000    
    7.5600000000000E-02   0.1232048724480    
    7.5700000000000E-02   0.1234897673040    
    7.5800000000000E-02   0.1237748751360    
    7.5900000000000E-02   0.1240601955120    
    7.6000000000000E-02   0.1243457280000    
    7.6100000000000E-02   0.1246314721680    
    7.6200000000000E-02   0.1249174275840    
    7.6300000000000E-02   0.1252035938160    
    7.6400000000000E-02   0.1254899704320    
    7.6500000000000E-02   0.1257765570000    
    7.6600000000000E-02   0.1260633530880    
    7.6700000000000E-02   0.1263503582640    
    7.6800000000000E-02   0.1266375720960    
    7.6900000000000E-02   0.1269249941520    
    7.7000000000000E-02   0.1272126240000    
    7.7100000000000E-02   0.1275004612080    
    7.7200000000000E-02   0.1277885053440    
    7.7300000000000E-02   0.1280767559760    
    7.7400000000000E-02   0.1283652126720    
    7.7500000000000E-02   0.1286538750000    
    7.7600000000000E-02   0.1289427425280    
    7.7700000000000E-02   0.1292318148240    
    7.7800000000000E-02   0.1295210914560    
    7.7900000000000E-02   0.1298105719920    
    7.8000000000000E-02   0.1301002560000    
    7.8100000000000E-02   0.1303901430480    
    7.8200000000000E-02   0.1306802327040    
    7.8300000000000E-02   0.1309705245360    
    7.8400000000000E-02   0.1312610181120    
    7.8500000000000E-02   0.1315517130000    
    7.8600000000000E-02   0.1318426087680    
    7.8700000000000E-02   0.1321337049840    
    7.8800000000000E-02   0.1324250012160    
    7.8900000000000E-02   0.1327164970320    
    7.9000000000000E-02   0.1330081920000    
    7.9100000000000E-02   0.1333000856880    
    7.9200000000000E-02   0.1335921776640    
    7.9300000000000E-02   0.1338844674960    
    7.9400000000000E-02   0.1341769547520    
    7.9500000000000E-02   0.1344696390000    
    7.9600000000000E-02   0.1347625198080    
    7.9700000000000E-02   0.1350555967440    
    7.9800000000000E-02   0.1353488693760    
    7.9900000000000E-02   0.1356423372720    
    8.0000000000000E-02   0.1359360000000    
    8.0100000000000E-02   0.1362298571280    
    8.0200000000000E-02   0.1365239082240    
    8.0300000000000E-02   0.1368181528560    
    8.0400000000000E-02   0.1371125905920    
    8.0500000000000E-02   0.1374072210000    
    8.0600000000000E-02   0.1377020436480    
    8.0700000000000E-02   0.1379970581040    
    8.0800000000000E-02   0.1382922639360    
    8.0900000000000E-02   0.1385876607120    
    8.1000000000000E-02   0.1388832480000    
    8.1100000000000E-02   0.1391790253680    
    8.1200000000000E-02   0.1394749923840    
    8.1300000000000E-02   0.1397711486160    
    8.1400000000000E-02   0.1400674936320    
    8.1500000000000E-02   0.1403640270000    
    8.1600000000000E-02   0.1406607482880    
    8.1700000000000E-02   0.1409576570640    
    8.1800000000000E-02   0.1412547528960    
    8.1900000000000E-02   0.1415520353520    
    8.2000000000000E-02   0.1418495040000    
    8.2100000000000E-02   0.1421471584080    
    8.2200000000000E-02   0.1424449981440    
    8.2300000000000E-02   0.1427430227760    
    8.2400000000000E-02   0.1430412318720    
    8.2500000000000E-02   0.1433396250000    
    8.2600000000000E-02   0.1436382017280    
    8.2700000000000E-02   0.1439369616240    
    8.2800000000000E-02   0.1442359042560    
    8.2900000000000E-02   0.1445350291920    
    8.3000000000000E-02   0.1448343360000    
    8.3100000000000E-02   0.1451338242480    
    8.3200000000000E-02   0.1454334935040    
    8.3300000000000E-02   0.1457333433360    
    8.3400000000000E-02   0.1460333733120    
    8.3500000000000E-02   0.1463335830000    
    8.3600000000000E-02   0.1466339719680    
    8.3700000000000E-02   0.1469345397840    
    8.3800000000000E-02   0.1472352860160    
    8.3900000000000E-02   0.1475362102320    
    8.4000000000000E-02   0.1478373120000    
    8.4100000000000E-02   0.1481385908880    
    8.4200000000000E-02   0.1484400464640    
    8.4300000000000E-02   0.1487416782960    
    8.4400000000000E-02   0.1490434859520    
    8.4500000000000E-02   0.1493454690000    
    8.4600000000000E-02   0.1496476270080    
    8.4700000000000E-02   0.1499499595440    
    8.4800000000000E-02   0.1502524661760    
    8.4900000000000E-02   0.1505551464720    
    8.5000000000000E-02   0.1508580000000    
    8.5100000000000E-02   0.1511610263280    
    8.5200000000000E-02   0.1514642250240    
    8.5300000000000E-02   0.1517675956560    
    8.5400000000000E-02   0.1520711377920    
    8.5500000000000E-02   0.1523748510000    
    8.5600000000000E-02   0.1526787348480    
    8.5700000000000E-02   0.1529827889040    
    8.5800000000000E-02   0.1532870127360    
    8.5900000000000E-02   0.1535914059120    
    8.6000000000000E-02   0.1538959680000    
    8.6100000000000E-02   0.1542006985680    
    8.6200000000000E-02   0.1545055971840    
    8.6300000000000E-02   0.1548106634160    
    8.6400000000000E-02   0.1551158968320    
    8.6500000000000E-02   0.1554212970000    
    8.6600000000000E-02   0.1557268634880    
    8.6700000000000E-02   0.1560325958640    
    8.6800000000000E-02   0.1563384936960    
    8.6900000000000E-02   0.1566445565520    
    8.7000000000000E-02   0.1569507840000    
    8.7100000000000E-02   0.1572571756080    
    8.7200000000000E-02   0.1575637309440    
    8.7300000000000E-02   0.1578704495760    
    8.7400000000000E-02   0.1581773310720    
    8.7500000000000E-02   0.1584843750000    
    8.7600000000000E-02   0.1587915809280    
    8.7700000000000E-02   0.1590989484240    
    8.7800000000000E-02   0.1594064770560    
    8.7900000000000E-02   0.1597141663920    
    8.8000000000000E-02   0.1600220160000    
    8.8100000000000E-02   0.1603300254480    
    8.8200000000000E-02   0.1606381943040    
    8.8300000000000E-02   0.1609465221360    
    8.8400000000000E-02   0.1612550085120    
    8.8500000000000E-02   0.1615636530000    
    8.8600000000000E-02   0.1618724551680    
    8.8700000000000E-02   0.1621814145840    
    8.8800000000000E-02   0.1624905308160    
    8.8900000000000E-02   0.1627998034320    
    8.9000000000000E-02   0.1631092320000    
    8.9100000000000E-02   0.1634188160880    
    8.9200000000000E-02   0.1637285552640    
    8.9300000000000E-02   0.1640384490960    
    8.9400000000000E-02   0.1643484971520    
    8.9500000000000E-02   0.1646586990000    
    8.9600000000000E-02   0.1649690542080    
    8.9700000000000E-02   0.1652795623440    
    8.9800000000000E-02   0.1655902229760    
    8.9900000000000E-02   0.1659010356720    
    9.0000000000000E-02   0.1662120000000    
    9.0100000000000E-02   0.1665231155280    
    9.0200000000000E-02   0.1668343818240    
    9.0300000000000E-02   0.1671457984560    
    9.0400000000000E-02   0.1674573649920    
    9.0500000000000E-02   0.1677690810000    
    9.0600000000000E-02   0.1680809460480    
    9.0700000000000E-02   0.1683929597040    
    9.0800000000000E-02   0.1687051215360    
    9.0900000000000E-02   0.1690174311120    
    9.1000000000000E-02   0.1693298880000    
    9.1100000000000E-02   0.1696424917680    
    9.1200000000000E-02   0.1699552419840    
    9.1300000000000E-02   0.1702681382160    
    9.1400000000000E-02   0.1705811800320    
    9.1500000000000E-02   0.1708943670000    
    9.1600000000000E-02   0.1712076986880    
    9.1700000000000E-02   0.1715211746640    
    9.1800000000000E-02   0.1718347944960    
    9.1900000000000E-02   0.1721485577520    
    9.2000000000000E-02   0.1724624640000    
    9.2100000000000E-02   0.1727765128080    
    9.2200000000000E-02   0.1730907037440    
    9.2300000000000E-02   0.1734050363760    
    9.2400000000000E-02   0.1737195102720    
    9.2500000000000E-02   0.1740341250000    
    9.2600000000000E-02   0.1743488801280    
    9.2700000000000E-02   0.1746637752240    
    9.2800000000000E-02   0.1749788098560    
    9.2900000000000E-02   0.1752939835920    
    9.3000000000000E-02   0.1756092960000    
    9.3100000000000E-02   0.1759247466480    
    9.3200000000000E-02   0.1762403351040    
    9.3300000000000E-02   0.1765560609360    
    9.3400000000000E-02   0.1768719237120    
    9.3500000000000E-02   0.1771879230000    
    9.3600000000000E-02   0.1775040583680    
    9.3700000000000E-02   0.1778203293840    
    9.3800000000000E-02   0.1781367356160    
    9.3900000000000E-02   0.1784532766320    
    9.4000000000000E-02   0.1787699520000    
    9.4100000000000E-02   0.1790867612880    
    9.4200000000000E-02   0.1794037040640    
    9.4300000000000E-02   0.1797207798960    
    9.4400000000000E-02   0.1800379883520    
    9.4500000000000E-02   0.1803553290000    
    9.4600000000000E-02   0.1806728014080    
    9.4700000000000E-02   0.1809904051440    
    9.4800000000000E-02   0.1813081397760    
    9.4900000000000E-02   0.1816260048720    
    9.5000000000000E-02   0.1819440000000    
    9.5100000000000E-02   0.1822621247280    
    9.5200000000000E-02   0.1825803786240    
    9.5300000000000E-02   0.1828987612560    
    9.5400000000000E-02   0.1832172721920    
    9.5500000000000E-02   0.1835359110000    
    9.5600000000000E-02   0.1838546772480    
    9.5700000000000E-02   0.1841735705040    
    9.5800000000000E-02   0.1844925903360    
    9.5900000000000E-02   0.1848117363120    
    9.6000000000000E-02   0.1851310080000    
    9.6100000000000E-02   0.1854504049680    
    9.6200000000000E-02   0.1857699267840    
    9.6300000000000E-02   0.1860895730160    
    9.6400000000000E-02   0.1864093432320    
    9.6500000000000E-02   0.1867292370000    
    9.6600000000000E-02   0.1870492538880    
    9.6700000000000E-02   0.1873693934640    
    9.6800000000000E-02   0.1876896552960    
    9.6900000000000E-02   0.1880100389520    
    9.7000000000000E-02   0.1883305440000    
    9.7100000000000E-02   0.1886511700080    
    9.7200000000000E-02   0.1889719165440    
    9.7300000000000E-02   0.1892927831760    
    9.7400000000000E-02   0.1896137694720    
    9.7500000000000E-02   0.1899348750000    
    9.7600000000000E-02   0.1902560993280    
    9.7700000000000E-02   0.1905774420240    
    9.7800000000000E-02   0.1908989026560    
    9.7900000000000E-02   0.1912204807920    
    9.8000000000000E-02   0.1915421760000    
    9.8100000000000E-02   0.1918639878480    
    9.8200000000000E-02   0.1921859159040    
    9.8300000000000E-02   0.1925079597360    
    9.8400000000000E-02   0.1928301189120    
    9.8500000000000E-02   0.1931523930000    
    9.8600000000000E-02   0.1934747815680    
    9.8700000000000E-02   0.1937972841840    
    9.8800000000000E-02   0.1941199004160    
    9.8900000000000E-02   0.1944426298320    
    9.9000000000000E-02   0.1947654720000    
    9.9100000000000E-02   0.1950884264880    
    9.9200000000000E-02   0.1954114928640    
    9.9300000000000E-02   0.1957346706960    
    9.9400000000000E-02   0.1960579595520    
    9.9500000000000E-02   0.1963813590000    
    9.9600000000000E-02   0.1967048686080    
    9.9700000000000E-02   0.1970284879440    
    9.9800000000000E-02   0.1973522165760    
    9.9900000000000E-02   0.1976760540720    
    0.1000000000000       0.1980000000000    
    0.1001000000000       0.1983240539280    
    0.1002000000000       0.1986482154240    
    0.1003000000000       0.1989724840560    
    0.1004000000000       0.1992968593920    
    0.1005000000000       0.1996213410000    
    0.1006000000000       0.1999459284480    
    0.1007000000000       0.2002706213040    
    0.1008000000000       0.2005954191360    
    0.1009000000000       0.2009203215120    
    0.1010000000000       0.2012453280000    
    0.1011000000000       0.2015704381680    
    0.1012000000000       0.2018956515840    
    0.1013000000000       0.2022209678160    
    0.1014000000000       0.2025463864320    
    0.1015000000000       0.2028719070000    
    0.1016000000000       0.2031975290880    
    0.1017000000000       0.2035232522640    
    0.1018000000000       0.2038490760960    
    0.1019000000000       0.2041750001520    
    0.1020000000000       0.2045010240000    
    0.1021000000000       0.2048271472080    
    0.1022000000000       0.2051533693440    
    0.1023000000000       0.2054796899760    
    0.1024000000000       0.2058061086720    
    0.1025000000000       0.2061326250000    
    0.1026000000000       0.2064592385280    
    0.1027000000000       0.2067859488240    
    0.1028000000000       0.2071127554560    
    0.1029000000000       0.2074396579920    
    0.1030000000000       0.2077666560000    
    0.1031000000000       0.2080937490480    
    0.1032000000000       0.2084209367040    
    0.1033000000000       0.2087482185360    
    0.1034000000000       0.2090755941120    
    0.1035000000000       0.2094030630000    
    0.1036000000000       0.2097306247680    
    0.1037000000000       0.2100582789840    
    0.1038000000000       0.2103860252160    
    0.1039000000000       0.2107138630320    
    0.1040000000000       0.2110417920000    
    0.1041000000000       0.2113698116880    
    0.1042000000000       0.2116979216640    
    0.1043000000000       0.2120261214960    
    0.1044000000000       0.2123544107520    
    0.1045000000000       0.2126827890000    
    0.1046000000000       0.2130112558080    
    0.1047000000000       0.2133398107440    
    0.1048000000000       0.2136684533760    
    0.1049000000000       0.2139971832720    
    0.1050000000000       0.2143260000000    
    0.1051000000000       0.2146549031280    
    0.1052000000000       0.2149838922240    
    0.1053000000000       0.2153129668560    
    0.1054000000000       0.2156421265920    
    0.1055000000000       0.2159713710000    
    0.1056000000000       0.2163006996480    
    0.1057000000000       0.2166301121040    
    0.1058000000000       0.2169596079360    
    0.1059000000000       0.2172891867120    
    0.1060000000000       0.2176188480000    
    0.1061000000000       0.2179485913680    
    0.1062000000000       0.2182784163840    
    0.1063000000000       0.2186083226160    
    0.1064000000000       0.2189383096320    
    0.1065000000000       0.2192683770000    
    0.1066000000000       0.2195985242880    
    0.1067000000000       0.2199287510640    
    0.1068000000000       0.2202590568960    
    0.1069000000000       0.2205894413520    
    0.1070000000000       0.2209199040000    
    0.1071000000000       0.2212504444080    
    0.1072000000000       0.2215810621440    
    0.1073000000000       0.2219117567760    
    0.1074000000000       0.2222425278720    
    0.1075000000000       0.2225733750000    
    0.1076000000000       0.2229042977280    
    0.1077000000000       0.2232352956240    
    0.1078000000000       0.2235663682560    
    0.1079000000000       0.2238975151920    
    0.1080000000000       0.2242287360000    
    0.1081000000000       0.2245600302480    
    0.1082000000000       0.2248913975040    
    0.1083000000000       0.2252228373360    
    0.1084000000000       0.2255543493120    
    0.1085000000000       0.2258859330000    
    0.1086000000000       0.2262175879680    
    0.1087000000000       0.2265493137840    
    0.1088000000000       0.2268811100160    
    0.1089000000000       0.2272129762320    
    0.1090000000000       0.2275449120000    
    0.1091000000000       0.2278769168880    
    0.1092000000000       0.2282089904640    
    0.1093000000000       0.2285411322960    
    0.1094000000000       0.2288733419520    
    0.1095000000000       0.2292056190000    
    0.1096000000000       0.2295379630080    
    0.1097000000000       0.2298703735440    
    0.1098000000000       0.2302028501760    
    0.1099000000000       0.2305353924720    
    0.1100000000000       0.2308680000000    
    0.1101000000000       0.2312006723280    
    0.1102000000000       0.2315334090240    
    0.1103000000000       0.2318662096560    
    0.1104000000000       0.2321990737920    
    0.1105000000000       0.2325320010000    
    0.1106000000000       0.2328649908480    
    0.1107000000000       0.2331980429040    
    0.1108000000000       0.2335311567360    
    0.1109000000000       0.2338643319120    
    0.1110000000000       0.2341975680000    
    0.1111000000000       0.2345308645680    
    0.1112000000000       0.2348642211840    
    0.1113000000000       0.2351976374160    
    0.1114000000000       0.2355311128320    
    0.1115000000000       0.2358646470000    
    0.1116000000000       0.2361982394880    
    0.1117000000000       0.2365318898640    
    0.1118000000000       0.2368655976960    
    0.1119000000000       0.2371993625520    
    0.1120000000000       0.2375331840000    
    0.1121000000000       0.2378670616080    
    0.1122000000000       0.2382009949440    
    0.1123000000000       0.2385349835760    
    0.1124000000000       0.2388690270720    
    0.1125000000000       0.2392031250000    
    0.1126000000000       0.2395372769280    
    0.1127000000000       0.2398714824240    
    0.1128000000000       0.2402057410560    
    0.1129000000000       0.2405400523920    
    0.1130000000000       0.2408744160000    
    0.1131000000000       0.2412088314480    
    0.1132000000000       0.2415432983040    
    0.1133000000000       0.2418778161360    
    0.1134000000000       0.2422123845120    
    0.1135000000000       0.2425470030000    
    0.1136000000000       0.2428816711680    
    0.1137000000000       0.2432163885840    
    0.1138000000000       0.2435511548160    
    0.1139000000000       0.2438859694320    
    0.1140000000000       0.2442208320000    
    0.1141000000000       0.2445557420880    
    0.1142000000000       0.2448906992640    
    0.1143000000000       0.2452257030960    
    0.1144000000000       0.2455607531520    
    0.1145000000000       0.2458958490000    
    0.1146000000000       0.2462309902080    
    0.1147000000000       0.2465661763440    
    0.1148000000000       0.2469014069760    
    0.1149000000000       0.2472366816720    
    0.1150000000000       0.2475720000000    
    0.1151000000000       0.2479073615280    
    0.1152000000000       0.2482427658240    
    0.1153000000000       0.2485782124560    
    0.1154000000000       0.2489137009920    
    0.1155000000000       0.2492492310000    
    0.1156000000000       0.2495848020480    
    0.1157000000000       0.2499204137040    
    0.1158000000000       0.2502560655360    
    0.1159000000000       0.2505917571120    
    0.1160000000000       0.2509274880000    
    0.1161000000000       0.2512632577680    
    0.1162000000000       0.2515990659840    
    0.1163000000000       0.2519349122160    
    0.1164000000000       0.2522707960320    
    0.1165000000000       0.2526067170000    
    0.1166000000000       0.2529426746880    
    0.1167000000000       0.2532786686640    
    0.1168000000000       0.2536146984960    
    0.1169000000000       0.2539507637520    
    0.1170000000000       0.2542868640000    
    0.1171000000000       0.2546229988080    
    0.1172000000000       0.2549591677440    
    0.1173000000000       0.2552953703760    
    0.1174000000000       0.2556316062720    
    0.1175000000000       0.2559678750000    
    0.1176000000000       0.2563041761280    
    0.1177000000000       0.2566405092240    
    0.1178000000000       0.2569768738560    
    0.1179000000000       0.2573132695920    
    0.1180000000000       0.2576496960000    
    0.1181000000000       0.2579861526480    
    0.1182000000000       0.2583226391040    
    0.1183000000000       0.2586591549360    
    0.1184000000000       0.2589956997120    
    0.1185000000000       0.2593322730000    
    0.1186000000000       0.2596688743680    
    0.1187000000000       0.2600055033840    
    0.1188000000000       0.2603421596160    
    0.1189000000000       0.2606788426320    
    0.1190000000000       0.2610155520000    
    0.1191000000000       0.2613522872880    
    0.1192000000000       0.2616890480640    
    0.1193000000000       0.2620258338960    
    0.1194000000000       0.2623626443520    
    0.1195000000000       0.2626994790000    
    0.1196000000000       0.2630363374080    
    0.1197000000000       0.2633732191440    
    0.1198000000000       0.2637101237760    
    0.1199000000000       0.2640470508720    
    0.1200000000000       0.2643840000000    
    0.1201000000000       0.2647209707280    
    0.1202000000000       0.2650579626240    
    0.1203000000000       0.2653949752560    
    0.1204000000000       0.2657320081920    
    0.1205000000000       0.2660690610000    
    0.1206000000000       0.2664061332480    
    0.1207000000000       0.2667432245040    
    0.1208000000000       0.2670803343360    
    0.1209000000000       0.2674174623120    
    0.1210000000000       0.2677546080000    
    0.1211000000000       0.2680917709680    
    0.1212000000000       0.2684289507840    
    0.1213000000000       0.2687661470160    
    0.1214000000000       0.2691033592320    
    0.1215000000000       0.2694405870000    
    0.1216000000000       0.2697778298880    
    0.1217000000000       0.2701150874640    
    0.1218000000000       0.2704523592960    
    0.1219000000000       0.2707896449520    
    0.1220000000000       0.2711269440000    
    0.1221000000000       0.2714642560080    
    0.1222000000000       0.2718015805440    
    0.1223000000000       0.2721389171760    
    0.1224000000000       0.2724762654720    
    0.1225000000000       0.2728136250000    
    0.1226000000000       0.2731509953280    
    0.1227000000000       0.2734883760240    
    0.1228000000000       0.2738257666560    
    0.1229000000000       0.2741631667920    
    0.1230000000000       0.2745005760000    
    0.1231000000000       0.2748379938480    
    0.1232000000000       0.2751754199040    
    0.1233000000000       0.2755128537360    
    0.1234000000000       0.2758502949120    
    0.1235000000000       0.2761877430000    
    0.1236000000000       0.2765251975680    
    0.1237000000000       0.2768626581840    
    0.1238000000000       0.2772001244160    
    0.1239000000000       0.2775375958320    
    0.1240000000000       0.2778750720000    
    0.1241000000000       0.2782125524880    
    0.1242000000000       0.2785500368640    
    0.1243000000000       0.2788875246960    
    0.1244000000000       0.2792250155520    
    0.1245000000000       0.2795625090000    
    0.1246000000000       0.2799000046080    
    0.1247000000000       0.2802375019440    
    0.1248000000000       0.2805750005760    
    0.1249000000000       0.2809125000720    
    0.1250000000000       0.2812500000000    
    0.1251000000000       0.2815874999280    
    0.1252000000000       0.2819249994240    
    0.1253000000000       0.2822624980560    
    0.1254000000000       0.2825999953920    
    0.1255000000000       0.2829374910000    
    0.1256000000000       0.2832749844480    
    0.1257000000000       0.2836124753040    
    0.1258000000000       0.2839499631360    
    0.1259000000000       0.2842874475120    
    0.1260000000000       0.2846249280000    
    0.1261000000000       0.2849624041680    
    0.1262000000000       0.2852998755840    
    0.1263000000000       0.2856373418160    
    0.1264000000000       0.2859748024320    
    0.1265000000000       0.2863122570000    
    0.1266000000000       0.2866497050880    
    0.1267000000000       0.2869871462640    
    0.1268000000000       0.2873245800960    
    0.1269000000000       0.2876620061520    
    0.1270000000000       0.2879994240000    
    0.1271000000000       0.2883368332080    
    0.1272000000000       0.2886742333440    
    0.1273000000000       0.2890116239760    
    0.1274000000000       0.2893490046720    
    0.1275000000000       0.2896863750000    
    0.1276000000000       0.2900237345280    
    0.1277000000000       0.2903610828240    
    0.1278000000000       0.2906984194560    
    0.1279000000000       0.2910357439920    
    0.1280000000000       0.2913730560000    
    0.1281000000000       0.2917103550480    
    0.1282000000000       0.2920476407040    
    0.1283000000000       0.2923849125360    
    0.1284000000000       0.2927221701120    
    0.1285000000000       0.2930594130000    
    0.1286000000000       0.2933966407680    
    0.1287000000000       0.2937338529840    
    0.1288000000000       0.2940710492160    
    0.1289000000000       0.2944082290320    
    0.1290000000000       0.2947453920000    
    0.1291000000000       0.2950825376880    
    0.1292000000000       0.2954196656640    
    0.1293000000000       0.2957567754960    
    0.1294000000000       0.2960938667520    
    0.1295000000000       0.2964309390000    
    0.1296000000000       0.2967679918080    
    0.1297000000000       0.2971050247440    
    0.1298000000000       0.2974420373760    
    0.1299000000000       0.2977790292720    
    0.1300000000000       0.2981160000000    
    0.1301000000000       0.2984529491280    
    0.1302000000000       0.2987898762240    
    0.1303000000000       0.2991267808560    
    0.1304000000000       0.2994636625920    
    0.1305000000000       0.2998005210000    
    0.1306000000000       0.3001373556480    
    0.1307000000000       0.3004741661040    
    0.1308000000000       0.3008109519360    
    0.1309000000000       0.3011477127120    
    0.1310000000000       0.3014844480000    
    0.1311000000000       0.3018211573680    
    0.1312000000000       0.3021578403840    
    0.1313000000000       0.3024944966160    
    0.1314000000000       0.3028311256320    
    0.1315000000000       0.3031677270000    
    0.1316000000000       0.3035043002880    
    0.1317000000000       0.3038408450640    
    0.1318000000000       0.3041773608960    
    0.1319000000000       0.3045138473520    
    0.1320000000000       0.3048503040000    
    0.1321000000000       0.3051867304080    
    0.1322000000000       0.3055231261440    
    0.1323000000000       0.3058594907760    
    0.1324000000000       0.3061958238720    
    0.1325000000000       0.3065321250000    
    0.1326000000000       0.3068683937280    
    0.1327000000000       0.3072046296240    
    0.1328000000000       0.3075408322560    
    0.1329000000000       0.3078770011920    
    0.1330000000000       0.3082131360000    
    0.1331000000000       0.3085492362480    
    0.1332000000000       0.3088853015040    
    0.1333000000000       0.3092213313360    
    0.1334000000000       0.3095573253120    
    0.1335000000000       0.3098932830000    
    0.1336000000000       0.3102292039680    
    0.1337000000000       0.3105650877840    
    0.1338000000000       0.3109009340160    
    0.1339000000000       0.3112367422320    
    0.1340000000000       0.3115725120000    
    0.1341000000000       0.3119082428880    
    0.1342000000000       0.3122439344640    
    0.1343000000000       0.3125795862960    
    0.1344000000000       0.3129151979520    
    0.1345000000000       0.3132507690000    
    0.1346000000000       0.3135862990080    
    0.1347000000000       0.3139217875440    
    0.1348000000000       0.3142572341760    
    0.1349000000000       0.3145926384720    
    0.1350000000000       0.3149280000000    
    0.1351000000000       0.3152633183280    
    0.1352000000000       0.3155985930240    
    0.1353000000000       0.3159338236560    
    0.1354000000000       0.3162690097920    
    0.1355000000000       0.3166041510000    
    0.1356000000000       0.3169392468480    
    0.1357000000000       0.3172742969040    
    0.1358000000000       0.3176093007360    
    0.1359000000000       0.3179442579120    
    0.1360000000000       0.3182791680000    
    0.1361000000000       0.3186140305680    
    0.1362000000000       0.3189488451840    
    0.1363000000000       0.3192836114160    
    0.1364000000000       0.3196183288320    
    0.1365000000000       0.3199529970000    
    0.1366000000000       0.3202876154880    
    0.1367000000000       0.3206221838640    
    0.1368000000000       0.3209567016960    
    0.1369000000000       0.3212911685520    
    0.1370000000000       0.3216255840000    
    0.1371000000000       0.3219599476080    
    0.1372000000000       0.3222942589440    
    0.1373000000000       0.3226285175760    
    0.1374000000000       0.3229627230720    
    0.1375000000000       0.3232968750000    
    0.1376000000000       0.3236309729280    
    0.1377000000000       0.3239650164240    
    0.1378000000000       0.3242990050560    
    0.1379000000000       0.3246329383920    
    0.1380000000000       0.3249668160000    
    0.1381000000000       0.3253006374480    
    0.1382000000000       0.3256344023040    
    0.1383000000000       0.3259681101360    
    0.1384000000000       0.3263017605120    
    0.1385000000000       0.3266353530000    
    0.1386000000000       0.3269688871680    
    0.1387000000000       0.3273023625840    
    0.1388000000000       0.3276357788160    
    0.1389000000000       0.3279691354320    
    0.1390000000000       0.3283024320000    
    0.1391000000000       0.3286356680880    
    0.1392000000000       0.3289688432640    
    0.1393000000000       0.3293019570960    
    0.1394000000000       0.3296350091520    
    0.1395000000000       0.3299679990000    
    0.1396000000000       0.3303009262080    
    0.1397000000000       0.3306337903440    
    0.1398000000000       0.3309665909760    
    0.1399000000000       0.3312993276720    
    0.1400000000000       0.3316320000000    
    0.1401000000000       0.3319646075280    
    0.1402000000000       0.3322971498240    
    0.1403000000000       0.3326296264560    
    0.1404000000000       0.3329620369920    
    0.1405000000000       0.3332943810000    
    0.1406000000000       0.3336266580480    
    0.1407000000000       0.3339588677040    
    0.1408000000000       0.3342910095360    
    0.1409000000000       0.3346230831120    
    0.1410000000000       0.3349550880000    
    0.1411000000000       0.3352870237680    
    0.1412000000000       0.3356188899840    
    0.1413000000000       0.3359506862160    
    0.1414000000000       0.3362824120320    
    0.1415000000000       0.3366140670000    
    0.1416000000000       0.3369456506880    
    0.1417000000000       0.3372771626640    
    0.1418000000000       0.3376086024960    
    0.1419000000000       0.3379399697520    
    0.1420000000000       0.3382712640000    
    0.1421000000000       0.3386024848080    
    0.1422000000000       0.3389336317440    
    0.1423000000000       0.3392647043760    
    0.1424000000000       0.3395957022720    
    0.1425000000000       0.3399266250000    
    0.1426000000000       0.3402574721280    
    0.1427000000000       0.3405882432240    
    0.1428000000000       0.3409189378560    
    0.1429000000000       0.3412495555920    
    0.1430000000000       0.3415800960000    
    0.1431000000000       0.3419105586480    
    0.1432000000000       0.3422409431040    
    0.1433000000000       0.3425712489360    
    0.1434000000000       0.3429014757120    
    0.1435000000000       0.3432316230000    
    0.1436000000000       0.3435616903680    
    0.1437000000000       0.3438916773840    
    0.1438000000000       0.3442215836160    
    0.1439000000000       0.3445514086320    
    0.1440000000000       0.3448811520000    
    0.1441000000000       0.3452108132880    
    0.1442000000000       0.3455403920640    
    0.1443000000000       0.3458698878960    
    0.1444000000000       0.3461993003520    
    0.1445000000000       0.3465286290000    
    0.1446000000000       0.3468578734080    
    0.1447000000000       0.3471870331440    
    0.1448000000000       0.3475161077760    
    0.1449000000000       0.3478450968720    
    0.1450000000000       0.3481740000000    
    0.1451000000000       0.3485028167280    
    0.1452000000000       0.3488315466240    
    0.1453000000000       0.3491601892560    
    0.1454000000000       0.3494887441920    
    0.1455000000000       0.3498172110000    
    0.1456000000000       0.3501455892480    
    0.1457000000000       0.3504738785040    
    0.1458000000000       0.3508020783360    
    0.1459000000000       0.3511301883120    
    0.1460000000000       0.3514582080000    
    0.1461000000000       0.3517861369680    
    0.1462000000000       0.3521139747840    
    0.1463000000000       0.3524417210160    
    0.1464000000000       0.3527693752320    
    0.1465000000000       0.3530969370000    
    0.1466000000000       0.3534244058880    
    0.1467000000000       0.3537517814640    
    0.1468000000000       0.3540790632960    
    0.1469000000000       0.3544062509520    
    0.1470000000000       0.3547333440000    
    0.1471000000000       0.3550603420080    
    0.1472000000000       0.3553872445440    
    0.1473000000000       0.3557140511760    
    0.1474000000000       0.3560407614720    
    0.1475000000000       0.3563673750000    
    0.1476000000000       0.3566938913280    
    0.1477000000000       0.3570203100240    
    0.1478000000000       0.3573466306560    
    0.1479000000000       0.3576728527920    
    0.1480000000000       0.3579989760000    
    0.1481000000000       0.3583249998480    
    0.1482000000000       0.3586509239040    
    0.1483000000000       0.3589767477360    
    0.1484000000000       0.3593024709120    
    0.1485000000000       0.3596280930000    
    0.1486000000000       0.3599536135680    
    0.1487000000000       0.3602790321840    
    0.1488000000000       0.3606043484160    
    0.1489000000000       0.3609295618320    
    0.1490000000000       0.3612546720000    
    0.1491000000000       0.3615796784880    
    0.1492000000000       0.3619045808640    
    0.1493000000000       0.3622293786960    
    0.1494000000000       0.3625540715520    
    0.1495000000000       0.3628786590000    
    0.1496000000000       0.3632031406080    
    0.1497000000000       0.3635275159440    
    0.1498000000000       0.3638517845760    
    0.1499000000000       0.3641759460720    
    0.1500000000000       0.3645000000000    
    0.1501000000000       0.3648239459280    
    0.1502000000000       0.3651477834240    
    0.1503000000000       0.3654715120560    
    0.1504000000000       0.3657951313920    
    0.1505000000000       0.3661186410000    
    0.1506000000000       0.3664420404480    
    0.1507000000000       0.3667653293040    
    0.1508000000000       0.3670885071360    
    0.1509000000000       0.3674115735120    
    0.1510000000000       0.3677345280000    
    0.1511000000000       0.3680573701680    
    0.1512000000000       0.3683800995840    
    0.1513000000000       0.3687027158160    
    0.1514000000000       0.3690252184320    
    0.1515000000000       0.3693476070000    
    0.1516000000000       0.3696698810880    
    0.1517000000000       0.3699920402640    
    0.1518000000000       0.3703140840960    
    0.1519000000000       0.3706360121520    
    0.1520000000000       0.3709578240000    
    0.1521000000000       0.3712795192080    
    0.1522000000000       0.3716010973440    
    0.1523000000000       0.3719225579760    
    0.1524000000000       0.3722439006720    
    0.1525000000000       0.3725651250000    
    0.1526000000000       0.3728862305280    
    0.1527000000000       0.3732072168240    
    0.1528000000000       0.3735280834560    
    0.1529000000000       0.3738488299920    
    0.1530000000000       0.3741694560000    
    0.1531000000000       0.3744899610480    
    0.1532000000000       0.3748103447040    
    0.1533000000000       0.3751306065360    
    0.1534000000000       0.3754507461120    
    0.1535000000000       0.3757707630000    
    0.1536000000000       0.3760906567680    
    0.1537000000000       0.3764104269840    
    0.1538000000000       0.3767300732160    
    0.1539000000000       0.3770495950320    
    0.1540000000000       0.3773689920000    
    0.1541000000000       0.3776882636880    
    0.1542000000000       0.3780074096640    
    0.1543000000000       0.3783264294960    
    0.1544000000000       0.3786453227520    
    0.1545000000000       0.3789640890000    
    0.1546000000000       0.3792827278080    
    0.1547000000000       0.3796012387440    
    0.1548000000000       0.3799196213760    
    0.1549000000000       0.3802378752720    
    0.1550000000000       0.3805560000000    
    0.1551000000000       0.3808739951280    
    0.1552000000000       0.3811918602240    
    0.1553000000000       0.3815095948560    
    0.1554000000000       0.3818271985920    
    0.1555000000000       0.3821446710000    
    0.1556000000000       0.3824620116480    
    0.1557000000000       0.3827792201040    
    0.1558000000000       0.3830962959360    
    0.1559000000000       0.3834132387120    
    0.1560000000000       0.3837300480000    
    0.1561000000000       0.3840467233680    
    0.1562000000000       0.3843632643840    
    0.1563000000000       0.3846796706160    
    0.1564000000000       0.3849959416320    
    0.1565000000000       0.3853120770000    
    0.1566000000000       0.3856280762880    
    0.1567000000000       0.3859439390640    
    0.1568000000000       0.3862596648960    
    0.1569000000000       0.3865752533520    
    0.1570000000000       0.3868907040000    
    0.1571000000000       0.3872060164080    
    0.1572000000000       0.3875211901440    
    0.1573000000000       0.3878362247760    
    0.1574000000000       0.3881511198720    
    0.1575000000000       0.3884658750000    
    0.1576000000000       0.3887804897280    
    0.1577000000000       0.3890949636240    
    0.1578000000000       0.3894092962560    
    0.1579000000000       0.3897234871920    
    0.1580000000000       0.3900375360000    
    0.1581000000000       0.3903514422480    
    0.1582000000000       0.3906652055040    
    0.1583000000000       0.3909788253360    
    0.1584000000000       0.3912923013120    
    0.1585000000000       0.3916056330000    
    0.1586000000000       0.3919188199680    
    0.1587000000000       0.3922318617840    
    0.1588000000000       0.3925447580160    
    0.1589000000000       0.3928575082320    
    0.1590000000000       0.3931701120000    
    0.1591000000000       0.3934825688880    
    0.1592000000000       0.3937948784640    
    0.1593000000000       0.3941070402960    
    0.1594000000000       0.3944190539520    
    0.1595000000000       0.3947309190000    
    0.1596000000000       0.3950426350080    
    0.1597000000000       0.3953542015440    
    0.1598000000000       0.3956656181760    
    0.1599000000000       0.3959768844720    
    0.1600000000000       0.3962880000000    
    0.1601000000000       0.3965989643280    
    0.1602000000000       0.3969097770240    
    0.1603000000000       0.3972204376560    
    0.1604000000000       0.3975309457920    
    0.1605000000000       0.3978413010000    
    0.1606000000000       0.3981515028480    
    0.1607000000000       0.3984615509040    
    0.1608000000000       0.3987714447360    
    0.1609000000000       0.3990811839120    
    0.1610000000000       0.3993907680000    
    0.1611000000000       0.3997001965680    
    0.1612000000000       0.4000094691840    
    0.1613000000000       0.4003185854160    
    0.1614000000000       0.4006275448320    
    0.1615000000000       0.4009363470000    
    0.1616000000000       0.4012449914880    
    0.1617000000000       0.4015534778640    
    0.1618000000000       0.4018618056960    
    0.1619000000000       0.4021699745520    
    0.1620000000000       0.4024779840000    
    0.1621000000000       0.4027858336080    
    0.1622000000000       0.4030935229440    
    0.1623000000000       0.4034010515760    
    0.1624000000000       0.4037084190720    
    0.1625000000000       0.4040156250000    
    0.1626000000000       0.4043226689280    
    0.1627000000000       0.4046295504240    
    0.1628000000000       0.4049362690560    
    0.1629000000000       0.4052428243920    
    0.1630000000000       0.4055492160000    
    0.1631000000000       0.4058554434480    
    0.1632000000000       0.4061615063040    
    0.1633000000000       0.4064674041360    
    0.1634000000000       0.4067731365120    
    0.1635000000000       0.4070787030000    
    0.1636000000000       0.4073841031680    
    0.1637000000000       0.4076893365840    
    0.1638000000000       0.4079944028160    
    0.1639000000000       0.4082993014320    
    0.1640000000000       0.4086040320000    
    0.1641000000000       0.4089085940880    
    0.1642000000000       0.4092129872640    
    0.1643000000000       0.4095172110960    
    0.1644000000000       0.4098212651520    
    0.1645000000000       0.4101251490000    
    0.1646000000000       0.4104288622080    
    0.1647000000000       0.4107324043440    
    0.1648000000000       0.4110357749760    
    0.1649000000000       0.4113389736720    
    0.1650000000000       0.4116420000000    
    0.1651000000000       0.4119448535280    
    0.1652000000000       0.4122475338240    
    0.1653000000000       0.4125500404560    
    0.1654000000000       0.4128523729920    
    0.1655000000000       0.4131545310000    
    0.1656000000000       0.4134565140480    
    0.1657000000000       0.4137583217040    
    0.1658000000000       0.4140599535360    
    0.1659000000000       0.4143614091120    
    0.1660000000000       0.4146626880000    
    0.1661000000000       0.4149637897680    
    0.1662000000000       0.4152647139840    
    0.1663000000000       0.4155654602160    
    0.1664000000000       0.4158660280320    
    0.1665000000000       0.4161664170000    
    0.1666000000000       0.4164666266880    
    0.1667000000000       0.4167666566640    
    0.1668000000000       0.4170665064960    
    0.1669000000000       0.4173661757520    
    0.1670000000000       0.4176656640000    
    0.1671000000000       0.4179649708080    
    0.1672000000000       0.4182640957440    
    0.1673000000000       0.4185630383760    
    0.1674000000000       0.4188617982720    
    0.1675000000000       0.4191603750000    
    0.1676000000000       0.4194587681280    
    0.1677000000000       0.4197569772240    
    0.1678000000000       0.4200550018560    
    0.1679000000000       0.4203528415920    
    0.1680000000000       0.4206504960000    
    0.1681000000000       0.4209479646480    
    0.1682000000000       0.4212452471040    
    0.1683000000000       0.4215423429360    
    0.1684000000000       0.4218392517120    
    0.1685000000000       0.4221359730000    
    0.1686000000000       0.4224325063680    
    0.1687000000000       0.4227288513840    
    0.1688000000000       0.4230250076160    
    0.1689000000000       0.4233209746320    
    0.1690000000000       0.4236167520000    
    0.1691000000000       0.4239123392880    
    0.1692000000000       0.4242077360640    
    0.1693000000000       0.4245029418960    
    0.1694000000000       0.4247979563520    
    0.1695000000000       0.4250927790000    
    0.1696000000000       0.4253874094080    
    0.1697000000000       0.4256818471440    
    0.1698000000000       0.4259760917760    
    0.1699000000000       0.4262701428720    
    0.1700000000000       0.4265640000000    
    0.1701000000000       0.4268576627280    
    0.1702000000000       0.4271511306240    
    0.1703000000000       0.4274444032560    
    0.1704000000000       0.4277374801920    
    0.1705000000000       0.4280303610000    
    0.1706000000000       0.4283230452480    
    0.1707000000000       0.4286155325040    
    0.1708000000000       0.4289078223360    
    0.1709000000000       0.4291999143120    
    0.1710000000000       0.4294918080000    
    0.1711000000000       0.4297835029680    
    0.1712000000000       0.4300749987840    
    0.1713000000000       0.4303662950160    
    0.1714000000000       0.4306573912320    
    0.1715000000000       0.4309482870000    
    0.1716000000000       0.4312389818880    
    0.1717000000000       0.4315294754640    
    0.1718000000000       0.4318197672960    
    0.1719000000000       0.4321098569520    
    0.1720000000000       0.4323997440000    
    0.1721000000000       0.4326894280080    
    0.1722000000000       0.4329789085440    
    0.1723000000000       0.4332681851760    
    0.1724000000000       0.4335572574720    
    0.1725000000000       0.4338461250000    
    0.1726000000000       0.4341347873280    
    0.1727000000000       0.4344232440240    
    0.1728000000000       0.4347114946560    
    0.1729000000000       0.4349995387920    
    0.1730000000000       0.4352873760000    
    0.1731000000000       0.4355750058480    
    0.1732000000000       0.4358624279040    
    0.1733000000000       0.4361496417360    
    0.1734000000000       0.4364366469120    
    0.1735000000000       0.4367234430000    
    0.1736000000000       0.4370100295680    
    0.1737000000000       0.4372964061840    
    0.1738000000000       0.4375825724160    
    0.1739000000000       0.4378685278320    
    0.1740000000000       0.4381542720000    
    0.1741000000000       0.4384398044880    
    0.1742000000000       0.4387251248640    
    0.1743000000000       0.4390102326960    
    0.1744000000000       0.4392951275520    
    0.1745000000000       0.4395798090000    
    0.1746000000000       0.4398642766080    
    0.1747000000000       0.4401485299440    
    0.1748000000000       0.4404325685760    
    0.1749000000000       0.4407163920720    
    0.1750000000000       0.4410000000000    
    0.1751000000000       0.4412833919280    
    0.1752000000000       0.4415665674240    
    0.1753000000000       0.4418495260560    
    0.1754000000000       0.4421322673920    
    0.1755000000000       0.4424147910000    
    0.1756000000000       0.4426970964480    
    0.1757000000000       0.4429791833040    
    0.1758000000000       0.4432610511360    
    0.1759000000000       0.4435426995120    
    0.1760000000000       0.4438241280000    
    0.1761000000000       0.4441053361680    
    0.1762000000000       0.4443863235840    
    0.1763000000000       0.4446670898160    
    0.1764000000000       0.4449476344320    
    0.1765000000000       0.4452279570000    
    0.1766000000000       0.4455080570880    
    0.1767000000000       0.4457879342640    
    0.1768000000000       0.4460675880960    
    0.1769000000000       0.4463470181520    
    0.1770000000000       0.4466262240000    
    0.1771000000000       0.4469052052080    
    0.1772000000000       0.4471839613440    
    0.1773000000000       0.4474624919760    
    0.1774000000000       0.4477407966720    
    0.1775000000000       0.4480188750000    
    0.1776000000000       0.4482967265280    
    0.1777000000000       0.4485743508240    
    0.1778000000000       0.4488517474560    
    0.1779000000000       0.4491289159920    
    0.1780000000000       0.4494058560000    
    0.1781000000000       0.4496825670480    
    0.1782000000000       0.4499590487040    
    0.1783000000000       0.4502353005360    
    0.1784000000000       0.4505113221120    
    0.1785000000000       0.4507871130000    
    0.1786000000000       0.4510626727680    
    0.1787000000000       0.4513380009840    
    0.1788000000000       0.4516130972160    
    0.1789000000000       0.4518879610320    
    0.1790000000000       0.4521625920000    
    0.1791000000000       0.4524369896880    
    0.1792000000000       0.4527111536640    
    0.1793000000000       0.4529850834960    
    0.1794000000000       0.4532587787520    
    0.1795000000000       0.4535322390000    
    0.1796000000000       0.4538054638080    
    0.1797000000000       0.4540784527440    
    0.1798000000000       0.4543512053760    
    0.1799000000000       0.4546237212720    
    0.1800000000000       0.4548960000000    
    0.1801000000000       0.4551680411280    
    0.1802000000000       0.4554398442240    
    0.1803000000000       0.4557114088560    
    0.1804000000000       0.4559827345920    
    0.1805000000000       0.4562538210000    
    0.1806000000000       0.4565246676480    
    0.1807000000000       0.4567952741040    
    0.1808000000000       0.4570656399360    
    0.1809000000000       0.4573357647120    
    0.1810000000000       0.4576056480000    
    0.1811000000000       0.4578752893680    
    0.1812000000000       0.4581446883840    
    0.1813000000000       0.4584138446160    
    0.1814000000000       0.4586827576320    
    0.1815000000000       0.4589514270000    
    0.1816000000000       0.4592198522880    
    0.1817000000000       0.4594880330640    
    0.1818000000000       0.4597559688960    
    0.1819000000000       0.4600236593520    
    0.1820000000000       0.4602911040000    
    0.1821000000000       0.4605583024080    
    0.1822000000000       0.4608252541440    
    0.1823000000000       0.4610919587760    
    0.1824000000000       0.4613584158720    
    0.1825000000000       0.4616246250000    
    0.1826000000000       0.4618905857280    
    0.1827000000000       0.4621562976240    
    0.1828000000000       0.4624217602560    
    0.1829000000000       0.4626869731920    
    0.1830000000000       0.4629519360000    
    0.1831000000000       0.4632166482480    
    0.1832000000000       0.4634811095040    
    0.1833000000000       0.4637453193360    
    0.1834000000000       0.4640092773120    
    0.1835000000000       0.4642729830000    
    0.1836000000000       0.4645364359680    
    0.1837000000000       0.4647996357840    
    0.1838000000000       0.4650625820160    
    0.1839000000000       0.4653252742320    
    0.1840000000000       0.4655877120000    
    0.1841000000000       0.4658498948880    
    0.1842000000000       0.4661118224640    
    0.1843000000000       0.4663734942960    
    0.1844000000000       0.4666349099520    
    0.1845000000000       0.4668960690000    
    0.1846000000000       0.4671569710080    
    0.1847000000000       0.4674176155440    
    0.1848000000000       0.4676780021760    
    0.1849000000000       0.4679381304720    
    0.1850000000000       0.4681980000000    
    0.1851000000000       0.4684576103280    
    0.1852000000000       0.4687169610240    
    0.1853000000000       0.4689760516560    
    0.1854000000000       0.4692348817920    
    0.1855000000000       0.4694934510000    
    0.1856000000000       0.4697517588480    
    0.1857000000000       0.4700098049040    
    0.1858000000000       0.4702675887360    
    0.1859000000000       0.4705251099120    
    0.1860000000000       0.4707823680000    
    0.1861000000000       0.4710393625680    
    0.1862000000000       0.4712960931840    
    0.1863000000000       0.4715525594160    
    0.1864000000000       0.4718087608320    
    0.1865000000000       0.4720646970000    
    0.1866000000000       0.4723203674880    
    0.1867000000000       0.4725757718640    
    0.1868000000000       0.4728309096960    
    0.1869000000000       0.4730857805520    
    0.1870000000000       0.4733403840000    
    0.1871000000000       0.4735947196080    
    0.1872000000000       0.4738487869440    
    0.1873000000000       0.4741025855760    
    0.1874000000000       0.4743561150720    
    0.1875000000000       0.4746093750000    
    0.1876000000000       0.4748623649280    
    0.1877000000000       0.4751150844240    
    0.1878000000000       0.4753675330560    
    0.1879000000000       0.4756197103920    
    0.1880000000000       0.4758716160000    
    0.1881000000000       0.4761232494480    
    0.1882000000000       0.4763746103040    
    0.1883000000000       0.4766256981360    
    0.1884000000000       0.4768765125120    
    0.1885000000000       0.4771270530000    
    0.1886000000000       0.4773773191680    
    0.1887000000000       0.4776273105840    
    0.1888000000000       0.4778770268160    
    0.1889000000000       0.4781264674320    
    0.1890000000000       0.4783756320000    
    0.1891000000000       0.4786245200880    
    0.1892000000000       0.4788731312640    
    0.1893000000000       0.4791214650960    
    0.1894000000000       0.4793695211520    
    0.1895000000000       0.4796172990000    
    0.1896000000000       0.4798647982080    
    0.1897000000000       0.4801120183440    
    0.1898000000000       0.4803589589760    
    0.1899000000000       0.4806056196720    
    0.1900000000000       0.4808520000000    
    0.1901000000000       0.4810980995280    
    0.1902000000000       0.4813439178240    
    0.1903000000000       0.4815894544560    
    0.1904000000000       0.4818347089920    
    0.1905000000000       0.4820796810000    
    0.1906000000000       0.4823243700480    
    0.1907000000000       0.4825687757040    
    0.1908000000000       0.4828128975360    
    0.1909000000000       0.4830567351120    
    0.1910000000000       0.4833002880000    
    0.1911000000000       0.4835435557680    
    0.1912000000000       0.4837865379840    
    0.1913000000000       0.4840292342160    
    0.1914000000000       0.4842716440320    
    0.1915000000000       0.4845137670000    
    0.1916000000000       0.4847556026880    
    0.1917000000000       0.4849971506640    
    0.1918000000000       0.4852384104960    
    0.1919000000000       0.4854793817520    
    0.1920000000000       0.4857200640000    
    0.1921000000000       0.4859604568080    
    0.1922000000000       0.4862005597440    
    0.1923000000000       0.4864403723760    
    0.1924000000000       0.4866798942720    
    0.1925000000000       0.4869191250000    
    0.1926000000000       0.4871580641280    
    0.1927000000000       0.4873967112240    
    0.1928000000000       0.4876350658560    
    0.1929000000000       0.4878731275920    
    0.1930000000000       0.4881108960000    
    0.1931000000000       0.4883483706480    
    0.1932000000000       0.4885855511040    
    0.1933000000000       0.4888224369360    
    0.1934000000000       0.4890590277120    
    0.1935000000000       0.4892953230000    
    0.1936000000000       0.4895313223680    
    0.1937000000000       0.4897670253840    
    0.1938000000000       0.4900024316160    
    0.1939000000000       0.4902375406320    
    0.1940000000000       0.4904723520000    
    0.1941000000000       0.4907068652880    
    0.1942000000000       0.4909410800640    
    0.1943000000000       0.4911749958960    
    0.1944000000000       0.4914086123520    
    0.1945000000000       0.4916419290000    
    0.1946000000000       0.4918749454080    
    0.1947000000000       0.4921076611440    
    0.1948000000000       0.4923400757760    
    0.1949000000000       0.4925721888720    
    0.1950000000000       0.4928040000000    
    0.1951000000000       0.4930355087280    
    0.1952000000000       0.4932667146240    
    0.1953000000000       0.4934976172560    
    0.1954000000000       0.4937282161920    
    0.1955000000000       0.4939585110000    
    0.1956000000000       0.4941885012480    
    0.1957000000000       0.4944181865040    
    0.1958000000000       0.4946475663360    
    0.1959000000000       0.4948766403120    
    0.1960000000000       0.4951054080000    
    0.1961000000000       0.4953338689680    
    0.1962000000000       0.4955620227840    
    0.1963000000000       0.4957898690160    
    0.1964000000000       0.4960174072320    
    0.1965000000000       0.4962446370000    
    0.1966000000000       0.4964715578880    
    0.1967000000000       0.4966981694640    
    0.1968000000000       0.4969244712960    
    0.1969000000000       0.4971504629520    
    0.1970000000000       0.4973761440000    
    0.1971000000000       0.4976015140080    
    0.1972000000000       0.4978265725440    
    0.1973000000000       0.4980513191760    
    0.1974000000000       0.4982757534720    
    0.1975000000000       0.4984998750000    
    0.1976000000000       0.4987236833280    
    0.1977000000000       0.4989471780240    
    0.1978000000000       0.4991703586560    
    0.1979000000000       0.4993932247920    
    0.1980000000000       0.4996157760000    
    0.1981000000000       0.4998380118480    
    0.1982000000000       0.5000599319040    
    0.1983000000000       0.5002815357360    
    0.1984000000000       0.5005028229120    
    0.1985000000000       0.5007237930000    
    0.1986000000000       0.5009444455680    
    0.1987000000000       0.5011647801840    
    0.1988000000000       0.5013847964160    
    0.1989000000000       0.5016044938320    
    0.1990000000000       0.5018238720000    
    0.1991000000000       0.5020429304880    
    0.1992000000000       0.5022616688640    
    0.1993000000000       0.5024800866960    
    0.1994000000000       0.5026981835520    
    0.1995000000000       0.5029159590000    
    0.1996000000000       0.5031334126080    
    0.1997000000000       0.5033505439440    
    0.1998000000000       0.5035673525760    
    0.1999000000000       0.5037838380720    
    0.2000000000000       0.5040000000000    
    0.2001000000000       0.5042158379280    
    0.2002000000000       0.5044313514240    
    0.2003000000000       0.5046465400560    
    0.2004000000000       0.5048614033920    
    0.2005000000000       0.5050759410000    
    0.2006000000000       0.5052901524480    
    0.2007000000000       0.5055040373040    
    0.2008000000000       0.5057175951360    
    0.2009000000000       0.5059308255120    
    0.2010000000000       0.5061437280000    
    0.2011000000000       0.5063563021680    
    0.2012000000000       0.5065685475840    
    0.2013000000000       0.5067804638160    
    0.2014000000000       0.5069920504320    
    0.2015000000000       0.5072033070000    
    0.2016000000000       0.5074142330880    
    0.2017000000000       0.5076248282640    
    0.2018000000000       0.5078350920960    
    0.2019000000000       0.5080450241520    
    0.2020000000000       0.5082546240000    
    0.2021000000000       0.5084638912080    
    0.2022000000000       0.5086728253440    
    0.2023000000000       0.5088814259760    
    0.2024000000000       0.5090896926720    
    0.2025000000000       0.5092976250000    
    0.2026000000000       0.5095052225280    
    0.2027000000000       0.5097124848240    
    0.2028000000000       0.5099194114560    
    0.2029000000000       0.5101260019920    
    0.2030000000000       0.5103322560000    
    0.2031000000000       0.5105381730480    
    0.2032000000000       0.5107437527040    
    0.2033000000000       0.5109489945360    
    0.2034000000000       0.5111538981120    
    0.2035000000000       0.5113584630000    
    0.2036000000000       0.5115626887680    
    0.2037000000000       0.5117665749840    
    0.2038000000000       0.5119701212160    
    0.2039000000000       0.5121733270320    
    0.2040000000000       0.5123761920000    
    0.2041000000000       0.5125787156880    
    0.2042000000000       0.5127808976640    
    0.2043000000000       0.5129827374960    
    0.2044000000000       0.5131842347520    
    0.2045000000000       0.5133853890000    
    0.2046000000000       0.5135861998080    
    0.2047000000000       0.5137866667440    
    0.2048000000000       0.5139867893760    
    0.2049000000000       0.5141865672720    
    0.2050000000000       0.5143860000000    
    0.2051000000000       0.5145850871280    
    0.2052000000000       0.5147838282240    
    0.2053000000000       0.5149822228560    
    0.2054000000000       0.5151802705920    
    0.2055000000000       0.5153779710000    
    0.2056000000000       0.5155753236480    
    0.2057000000000       0.5157723281040    
    0.2058000000000       0.5159689839360    
    0.2059000000000       0.5161652907120    
    0.2060000000000       0.5163612480000    
    0.2061000000000       0.5165568553680    
    0.2062000000000       0.5167521123840    
    0.2063000000000       0.5169470186160    
    0.2064000000000       0.5171415736320    
    0.2065000000000       0.5173357770000    
    0.2066000000000       0.5175296282880    
    0.2067000000000       0.5177231270640    
    0.2068000000000       0.5179162728960    
    0.2069000000000       0.5181090653520    
    0.2070000000000       0.5183015040000    
    0.2071000000000       0.5184935884080    
    0.2072000000000       0.5186853181440    
    0.2073000000000       0.5188766927760    
    0.2074000000000       0.5190677118720    
    0.2075000000000       0.5192583750000    
    0.2076000000000       0.5194486817280    
    0.2077000000000       0.5196386316240    
    0.2078000000000       0.5198282242560    
    0.2079000000000       0.5200174591920    
    0.2080000000000       0.5202063360000    
    0.2081000000000       0.5203948542480    
    0.2082000000000       0.5205830135040    
    0.2083000000000       0.5207708133360    
    0.2084000000000       0.5209582533120    
    0.2085000000000       0.5211453330000    
    0.2086000000000       0.5213320519680    
    0.2087000000000       0.5215184097840    
    0.2088000000000       0.5217044060160    
    0.2089000000000       0.5218900402320    
    0.2090000000000       0.5220753120000    
    0.2091000000000       0.5222602208880    
    0.2092000000000       0.5224447664640    
    0.2093000000000       0.5226289482960    
    0.2094000000000       0.5228127659520    
    0.2095000000000       0.5229962190000    
    0.2096000000000       0.5231793070080    
    0.2097000000000       0.5233620295440    
    0.2098000000000       0.5235443861760    
    0.2099000000000       0.5237263764720    
    0.2100000000000       0.5239080000000    
    0.2101000000000       0.5240892563280    
    0.2102000000000       0.5242701450240    
    0.2103000000000       0.5244506656560    
    0.2104000000000       0.5246308177920    
    0.2105000000000       0.5248106010000    
    0.2106000000000       0.5249900148480    
    0.2107000000000       0.5251690589040    
    0.2108000000000       0.5253477327360    
    0.2109000000000       0.5255260359120    
    0.2110000000000       0.5257039680000    
    0.2111000000000       0.5258815285680    
    0.2112000000000       0.5260587171840    
    0.2113000000000       0.5262355334160    
    0.2114000000000       0.5264119768320    
    0.2115000000000       0.5265880470000    
    0.2116000000000       0.5267637434880    
    0.2117000000000       0.5269390658640    
    0.2118000000000       0.5271140136960    
    0.2119000000000       0.5272885865520    
    0.2120000000000       0.5274627840000    
    0.2121000000000       0.5276366056080    
    0.2122000000000       0.5278100509440    
    0.2123000000000       0.5279831195760    
    0.2124000000000       0.5281558110720    
    0.2125000000000       0.5283281250000    
    0.2126000000000       0.5285000609280    
    0.2127000000000       0.5286716184240    
    0.2128000000000       0.5288427970560    
    0.2129000000000       0.5290135963920    
    0.2130000000000       0.5291840160000    
    0.2131000000000       0.5293540554480    
    0.2132000000000       0.5295237143040    
    0.2133000000000       0.5296929921360    
    0.2134000000000       0.5298618885120    
    0.2135000000000       0.5300304030000    
    0.2136000000000       0.5301985351680    
    0.2137000000000       0.5303662845840    
    0.2138000000000       0.5305336508160    
    0.2139000000000       0.5307006334320    
    0.2140000000000       0.5308672320000    
    0.2141000000000       0.5310334460880    
    0.2142000000000       0.5311992752640    
    0.2143000000000       0.5313647190960    
    0.2144000000000       0.5315297771520    
    0.2145000000000       0.5316944490000    
    0.2146000000000       0.5318587342080    
    0.2147000000000       0.5320226323440    
    0.2148000000000       0.5321861429760    
    0.2149000000000       0.5323492656720    
    0.2150000000000       0.5325120000000    
    0.2151000000000       0.5326743455280    
    0.2152000000000       0.5328363018240    
    0.2153000000000       0.5329978684560    
    0.2154000000000       0.5331590449920    
    0.2155000000000       0.5333198310000    
    0.2156000000000       0.5334802260480    
    0.2157000000000       0.5336402297040    
    0.2158000000000       0.5337998415360    
    0.2159000000000       0.5339590611120    
    0.2160000000000       0.5341178880000    
    0.2161000000000       0.5342763217680    
    0.2162000000000       0.5344343619840    
    0.2163000000000       0.5345920082160    
    0.2164000000000       0.5347492600320    
    0.2165000000000       0.5349061170000    
    0.2166000000000       0.5350625786880    
    0.2167000000000       0.5352186446640    
    0.2168000000000       0.5353743144960    
    0.2169000000000       0.5355295877520    
    0.2170000000000       0.5356844640000    
    0.2171000000000       0.5358389428080    
    0.2172000000000       0.5359930237440    
    0.2173000000000       0.5361467063760    
    0.2174000000000       0.5362999902720    
    0.2175000000000       0.5364528750000    
    0.2176000000000       0.5366053601280    
    0.2177000000000       0.5367574452240    
    0.2178000000000       0.5369091298560    
    0.2179000000000       0.5370604135920    
    0.2180000000000       0.5372112960000    
    0.2181000000000       0.5373617766480    
    0.2182000000000       0.5375118551040    
    0.2183000000000       0.5376615309360    
    0.2184000000000       0.5378108037120    
    0.2185000000000       0.5379596730000    
    0.2186000000000       0.5381081383680    
    0.2187000000000       0.5382561993840    
    0.2188000000000       0.5384038556160    
    0.2189000000000       0.5385511066320    
    0.2190000000000       0.5386979520000    
    0.2191000000000       0.5388443912880    
    0.2192000000000       0.5389904240640    
    0.2193000000000       0.5391360498960    
    0.2194000000000       0.5392812683520    
    0.2195000000000       0.5394260790000    
    0.2196000000000       0.5395704814080    
    0.2197000000000       0.5397144751440    
    0.2198000000000       0.5398580597760    
    0.2199000000000       0.5400012348720    
    0.2200000000000       0.5401440000000    
    0.2201000000000       0.5402863547280    
    0.2202000000000       0.5404282986240    
    0.2203000000000       0.5405698312560    
    0.2204000000000       0.5407109521920    
    0.2205000000000       0.5408516610000    
    0.2206000000000       0.5409919572480    
    0.2207000000000       0.5411318405040    
    0.2208000000000       0.5412713103360    
    0.2209000000000       0.5414103663120    
    0.2210000000000       0.5415490080000    
    0.2211000000000       0.5416872349680    
    0.2212000000000       0.5418250467840    
    0.2213000000000       0.5419624430160    
    0.2214000000000       0.5420994232320    
    0.2215000000000       0.5422359870000    
    0.2216000000000       0.5423721338880    
    0.2217000000000       0.5425078634640    
    0.2218000000000       0.5426431752960    
    0.2219000000000       0.5427780689520    
    0.2220000000000       0.5429125440000    
    0.2221000000000       0.5430466000080    
    0.2222000000000       0.5431802365440    
    0.2223000000000       0.5433134531760    
    0.2224000000000       0.5434462494720    
    0.2225000000000       0.5435786250000    
    0.2226000000000       0.5437105793280    
    0.2227000000000       0.5438421120240    
    0.2228000000000       0.5439732226560    
    0.2229000000000       0.5441039107920    
    0.2230000000000       0.5442341760000    
    0.2231000000000       0.5443640178480    
    0.2232000000000       0.5444934359040    
    0.2233000000000       0.5446224297360    
    0.2234000000000       0.5447509989120    
    0.2235000000000       0.5448791430000    
    0.2236000000000       0.5450068615680    
    0.2237000000000       0.5451341541840    
    0.2238000000000       0.5452610204160    
    0.2239000000000       0.5453874598320    
    0.2240000000000       0.5455134720000    
    0.2241000000000       0.5456390564880    
    0.2242000000000       0.5457642128640    
    0.2243000000000       0.5458889406960    
    0.2244000000000       0.5460132395520    
    0.2245000000000       0.5461371090000    
    0.2246000000000       0.5462605486080    
    0.2247000000000       0.5463835579440    
    0.2248000000000       0.5465061365760    
    0.2249000000000       0.5466282840720    
    0.2250000000000       0.5467500000000    
    0.2251000000000       0.5468712839280    
    0.2252000000000       0.5469921354240    
    0.2253000000000       0.5471125540560    
    0.2254000000000       0.5472325393920    
    0.2255000000000       0.5473520910000    
    0.2256000000000       0.5474712084480    
    0.2257000000000       0.5475898913040    
    0.2258000000000       0.5477081391360    
    0.2259000000000       0.5478259515120    
    0.2260000000000       0.5479433280000    
    0.2261000000000       0.5480602681680    
    0.2262000000000       0.5481767715840    
    0.2263000000000       0.5482928378160    
    0.2264000000000       0.5484084664320    
    0.2265000000000       0.5485236570000    
    0.2266000000000       0.5486384090880    
    0.2267000000000       0.5487527222640    
    0.2268000000000       0.5488665960960    
    0.2269000000000       0.5489800301520    
    0.2270000000000       0.5490930240000    
    0.2271000000000       0.5492055772080    
    0.2272000000000       0.5493176893440    
    0.2273000000000       0.5494293599760    
    0.2274000000000       0.5495405886720    
    0.2275000000000       0.5496513750000    
    0.2276000000000       0.5497617185280    
    0.2277000000000       0.5498716188240    
    0.2278000000000       0.5499810754560    
    0.2279000000000       0.5500900879920    
    0.2280000000000       0.5501986560000    
    0.2281000000000       0.5503067790480    
    0.2282000000000       0.5504144567040    
    0.2283000000000       0.5505216885360    
    0.2284000000000       0.5506284741120    
    0.2285000000000       0.5507348130000    
    0.2286000000000       0.5508407047680    
    0.2287000000000       0.5509461489840    
    0.2288000000000       0.5510511452160    
    0.2289000000000       0.5511556930320    
    0.2290000000000       0.5512597920000    
    0.2291000000000       0.5513634416880    
    0.2292000000000       0.5514666416640    
    0.2293000000000       0.5515693914960    
    0.2294000000000       0.5516716907520    
    0.2295000000000       0.5517735390000    
    0.2296000000000       0.5518749358080    
    0.2297000000000       0.5519758807440    
    0.2298000000000       0.5520763733760    
    0.2299000000000       0.5521764132720    
    0.2300000000000       0.5522760000000    
    0.2301000000000       0.5523751331280    
    0.2302000000000       0.5524738122240    
    0.2303000000000       0.5525720368560    
    0.2304000000000       0.5526698065920    
    0.2305000000000       0.5527671210000    
    0.2306000000000       0.5528639796480    
    0.2307000000000       0.5529603821040    
    0.2308000000000       0.5530563279360    
    0.2309000000000       0.5531518167120    
    0.2310000000000       0.5532468480000    
    0.2311000000000       0.5533414213680    
    0.2312000000000       0.5534355363840    
    0.2313000000000       0.5535291926160    
    0.2314000000000       0.5536223896320    
    0.2315000000000       0.5537151270000    
    0.2316000000000       0.5538074042880    
    0.2317000000000       0.5538992210640    
    0.2318000000000       0.5539905768960    
    0.2319000000000       0.5540814713520    
    0.2320000000000       0.5541719040000    
    0.2321000000000       0.5542618744080    
    0.2322000000000       0.5543513821440    
    0.2323000000000       0.5544404267760    
    0.2324000000000       0.5545290078720    
    0.2325000000000       0.5546171250000    
    0.2326000000000       0.5547047777280    
    0.2327000000000       0.5547919656240    
    0.2328000000000       0.5548786882560    
    0.2329000000000       0.5549649451920    
    0.2330000000000       0.5550507360000    
    0.2331000000000       0.5551360602480    
    0.2332000000000       0.5552209175040    
    0.2333000000000       0.5553053073360    
    0.2334000000000       0.5553892293120    
    0.2335000000000       0.5554726830000    
    0.2336000000000       0.5555556679680    
    0.2337000000000       0.5556381837840    
    0.2338000000000       0.5557202300160    
    0.2339000000000       0.5558018062320    
    0.2340000000000       0.5558829120000    
    0.2341000000000       0.5559635468880    
    0.2342000000000       0.5560437104640    
    0.2343000000000       0.5561234022960    
    0.2344000000000       0.5562026219520    
    0.2345000000000       0.5562813690000    
    0.2346000000000       0.5563596430080    
    0.2347000000000       0.5564374435440    
    0.2348000000000       0.5565147701760    
    0.2349000000000       0.5565916224720    
    0.2350000000000       0.5566680000000    
    0.2351000000000       0.5567439023280    
    0.2352000000000       0.5568193290240    
    0.2353000000000       0.5568942796560    
    0.2354000000000       0.5569687537920    
    0.2355000000000       0.5570427510000    
    0.2356000000000       0.5571162708480    
    0.2357000000000       0.5571893129040    
    0.2358000000000       0.5572618767360    
    0.2359000000000       0.5573339619120    
    0.2360000000000       0.5574055680000    
    0.2361000000000       0.5574766945680    
    0.2362000000000       0.5575473411840    
    0.2363000000000       0.5576175074160    
    0.2364000000000       0.5576871928320    
    0.2365000000000       0.5577563970000    
    0.2366000000000       0.5578251194880    
    0.2367000000000       0.5578933598640    
    0.2368000000000       0.5579611176960    
    0.2369000000000       0.5580283925520    
    0.2370000000000       0.5580951840000    
    0.2371000000000       0.5581614916080    
    0.2372000000000       0.5582273149440    
    0.2373000000000       0.5582926535760    
    0.2374000000000       0.5583575070720    
    0.2375000000000       0.5584218750000    
    0.2376000000000       0.5584857569280    
    0.2377000000000       0.5585491524240    
    0.2378000000000       0.5586120610560    
    0.2379000000000       0.5586744823920    
    0.2380000000000       0.5587364160000    
    0.2381000000000       0.5587978614480    
    0.2382000000000       0.5588588183040    
    0.2383000000000       0.5589192861360    
    0.2384000000000       0.5589792645120    
    0.2385000000000       0.5590387530000    
    0.2386000000000       0.5590977511680    
    0.2387000000000       0.5591562585840    
    0.2388000000000       0.5592142748160    
    0.2389000000000       0.5592717994320    
    0.2390000000000       0.5593288320000    
    0.2391000000000       0.5593853720880    
    0.2392000000000       0.5594414192640    
    0.2393000000000       0.5594969730960    
    0.2394000000000       0.5595520331520    
    0.2395000000000       0.5596065990000    
    0.2396000000000       0.5596606702080    
    0.2397000000000       0.5597142463440    
    0.2398000000000       0.5597673269760    
    0.2399000000000       0.5598199116720    
    0.2400000000000       0.5598720000000    
    0.2401000000000       0.5599235915280    
    0.2402000000000       0.5599746858240    
    0.2403000000000       0.5600252824560    
    0.2404000000000       0.5600753809920    
    0.2405000000000       0.5601249810000    
    0.2406000000000       0.5601740820480    
    0.2407000000000       0.5602226837040    
    0.2408000000000       0.5602707855360    
    0.2409000000000       0.5603183871120    
    0.2410000000000       0.5603654880000    
    0.2411000000000       0.5604120877680    
    0.2412000000000       0.5604581859840    
    0.2413000000000       0.5605037822160    
    0.2414000000000       0.5605488760320    
    0.2415000000000       0.5605934670000    
    0.2416000000000       0.5606375546880    
    0.2417000000000       0.5606811386640    
    0.2418000000000       0.5607242184960    
    0.2419000000000       0.5607667937520    
    0.2420000000000       0.5608088640000    
    0.2421000000000       0.5608504288080    
    0.2422000000000       0.5608914877440    
    0.2423000000000       0.5609320403760    
    0.2424000000000       0.5609720862720    
    0.2425000000000       0.5610116250000    
    0.2426000000000       0.5610506561280    
    0.2427000000000       0.5610891792240    
    0.2428000000000       0.5611271938560    
    0.2429000000000       0.5611646995920    
    0.2430000000000       0.5612016960000    
    0.2431000000000       0.5612381826480    
    0.2432000000000       0.5612741591040    
    0.2433000000000       0.5613096249360    
    0.2434000000000       0.5613445797120    
    0.2435000000000       0.5613790230000    
    0.2436000000000       0.5614129543680    
    0.2437000000000       0.5614463733840    
    0.2438000000000       0.5614792796160    
    0.2439000000000       0.5615116726320    
    0.2440000000000       0.5615435520000    
    0.2441000000000       0.5615749172880    
    0.2442000000000       0.5616057680640    
    0.2443000000000       0.5616361038960    
    0.2444000000000       0.5616659243520    
    0.2445000000000       0.5616952290000    
    0.2446000000000       0.5617240174080    
    0.2447000000000       0.5617522891440    
    0.2448000000000       0.5617800437760    
    0.2449000000000       0.5618072808720    
    0.2450000000000       0.5618340000000    
    0.2451000000000       0.5618602007280    
    0.2452000000000       0.5618858826240    
    0.2453000000000       0.5619110452560    
    0.2454000000000       0.5619356881920    
    0.2455000000000       0.5619598110000    
    0.2456000000000       0.5619834132480    
    0.2457000000000       0.5620064945040    
    0.2458000000000       0.5620290543360    
    0.2459000000000       0.5620510923120    
    0.2460000000000       0.5620726080000    
    0.2461000000000       0.5620936009680    
    0.2462000000000       0.5621140707840    
    0.2463000000000       0.5621340170160    
    0.2464000000000       0.5621534392320    
    0.2465000000000       0.5621723370000    
    0.2466000000000       0.5621907098880    
    0.2467000000000       0.5622085574640    
    0.2468000000000       0.5622258792960    
    0.2469000000000       0.5622426749520    
    0.2470000000000       0.5622589440000    
    0.2471000000000       0.5622746860080    
    0.2472000000000       0.5622899005440    
    0.2473000000000       0.5623045871760    
    0.2474000000000       0.5623187454720    
    0.2475000000000       0.5623323750000    
    0.2476000000000       0.5623454753280    
    0.2477000000000       0.5623580460240    
    0.2478000000000       0.5623700866560    
    0.2479000000000       0.5623815967920    
    0.2480000000000       0.5623925760000    
    0.2481000000000       0.5624030238480    
    0.2482000000000       0.5624129399040    
    0.2483000000000       0.5624223237360    
    0.2484000000000       0.5624311749120    
    0.2485000000000       0.5624394930000    
    0.2486000000000       0.5624472775680    
    0.2487000000000       0.5624545281840    
    0.2488000000000       0.5624612444160    
    0.2489000000000       0.5624674258320    
    0.2490000000000       0.5624730720000    
    0.2491000000000       0.5624781824880    
    0.2492000000000       0.5624827568640    
    0.2493000000000       0.5624867946960    
    0.2494000000000       0.5624902955520    
    0.2495000000000       0.5624932590000    
    0.2496000000000       0.5624956846080    
    0.2497000000000       0.5624975719440    
    0.2498000000000       0.5624989205760    
    0.2499000000000       0.5624997300720    
    0.2500000000000       0.5625000000000    
    0.2501000000000       0.5624997300720    
    0.2502000000000       0.5624989205760    
    0.2503000000000       0.5624975719440    
    0.2504000000000       0.5624956846080    
    0.2505000000000       0.5624932590000    
    0.2506000000000       0.5624902955520    
    0.2507000000000       0.5624867946960    
    0.2508000000000       0.5624827568640    
    0.2509000000000       0.5624781824880    
    0.2510000000000       0.5624730720000    
    0.2511000000000       0.5624674258320    
    0.2512000000000       0.5624612444160    
    0.2513000000000       0.5624545281840    
    0.2514000000000       0.5624472775680    
    0.2515000000000       0.5624394930000    
    0.2516000000000       0.5624311749120    
    0.2517000000000       0.5624223237360    
    0.2518000000000       0.5624129399040    
    0.2519000000000       0.5624030238480    
    0.2520000000000       0.5623925760000    
    0.2521000000000       0.5623815967920    
    0.2522000000000       0.5623700866560    
    0.2523000000000       0.5623580460240    
    0.2524000000000       0.5623454753280    
    0.2525000000000       0.5623323750000    
    0.2526000000000       0.5623187454720    
    0.2527000000000       0.5623045871760    
    0.2528000000000       0.5622899005440    
    0.2529000000000       0.5622746860080    
    0.2530000000000       0.5622589440000    
    0.2531000000000       0.5622426749520    
    0.2532000000000       0.5622258792960    
    0.2533000000000       0.5622085574640    
    0.2534000000000       0.5621907098880    
    0.2535000000000       0.5621723370000    
    0.2536000000000       0.5621534392320    
    0.2537000000000       0.5621340170160    
    0.2538000000000       0.5621140707840    
    0.2539000000000       0.5620936009680    
    0.2540000000000       0.5620726080000    
    0.2541000000000       0.5620510923120    
    0.2542000000000       0.5620290543360    
    0.2543000000000       0.5620064945040    
    0.2544000000000       0.5619834132480    
    0.2545000000000       0.5619598110000    
    0.2546000000000       0.5619356881920    
    0.2547000000000       0.5619110452560    
    0.2548000000000       0.5618858826240    
    0.2549000000000       0.5618602007280    
    0.2550000000000       0.5618340000000    
    0.2551000000000       0.5618072808720    
    0.2552000000000       0.5617800437760    
    0.2553000000000       0.5617522891440    
    0.2554000000000       0.5617240174080    
    0.2555000000000       0.5616952290000    
    0.2556000000000       0.5616659243520    
    0.2557000000000       0.5616361038960    
    0.2558000000000       0.5616057680640    
    0.2559000000000       0.5615749172880    
    0.2560000000000       0.5615435520000    
    0.2561000000000       0.5615116726320    
    0.2562000000000       0.5614792796160    
    0.2563000000000       0.5614463733840    
    0.2564000000000       0.5614129543680    
    0.2565000000000       0.5613790230000    
    0.2566000000000       0.5613445797120    
    0.2567000000000       0.5613096249360    
    0.2568000000000       0.5612741591040    
    0.2569000000000       0.5612381826480    
    0.2570000000000       0.5612016960000    
    0.2571000000000       0.5611646995920    
    0.2572000000000       0.5611271938560    
    0.2573000000000       0.5610891792240    
    0.2574000000000       0.5610506561280    
    0.2575000000000       0.5610116250000    
    0.2576000000000       0.5609720862720    
    0.2577000000000       0.5609320403760    
    0.2578000000000       0.5608914877440    
    0.2579000000000       0.5608504288080    
    0.2580000000000       0.5608088640000    
    0.2581000000000       0.5607667937520    
    0.2582000000000       0.5607242184960    
    0.2583000000000       0.5606811386640    
    0.2584000000000       0.5606375546880    
    0.2585000000000       0.5605934670000    
    0.2586000000000       0.5605488760320    
    0.2587000000000       0.5605037822160    
    0.2588000000000       0.5604581859840    
    0.2589000000000       0.5604120877680    
    0.2590000000000       0.5603654880000    
    0.2591000000000       0.5603183871120    
    0.2592000000000       0.5602707855360    
    0.2593000000000       0.5602226837040    
    0.2594000000000       0.5601740820480    
    0.2595000000000       0.5601249810000    
    0.2596000000000       0.5600753809920    
    0.2597000000000       0.5600252824560    
    0.2598000000000       0.5599746858240    
    0.2599000000000       0.5599235915280    
    0.2600000000000       0.5598720000000    
    0.2601000000000       0.5598199116720    
    0.2602000000000       0.5597673269760    
    0.2603000000000       0.5597142463440    
    0.2604000000000       0.5596606702080    
    0.2605000000000       0.5596065990000    
    0.2606000000000       0.5595520331520    
    0.2607000000000       0.5594969730960    
    0.2608000000000       0.5594414192640    
    0.2609000000000       0.5593853720880    
    0.2610000000000       0.5593288320000    
    0.2611000000000       0.5592717994320    
    0.2612000000000       0.5592142748160    
    0.2613000000000       0.5591562585840    
    0.2614000000000       0.5590977511680    
    0.2615000000000       0.5590387530000    
    0.2616000000000       0.5589792645120    
    0.2617000000000       0.5589192861360    
    0.2618000000000       0.5588588183040    
    0.2619000000000       0.5587978614480    
    0.2620000000000       0.5587364160000    
    0.2621000000000       0.5586744823920    
    0.2622000000000       0.5586120610560    
    0.2623000000000       0.5585491524240    
    0.2624000000000       0.5584857569280    
    0.2625000000000       0.5584218750000    
    0.2626000000000       0.5583575070720    
    0.2627000000000       0.5582926535760    
    0.2628000000000       0.5582273149440    
    0.2629000000000       0.5581614916080    
    0.2630000000000       0.5580951840000    
    0.2631000000000       0.5580283925520    
    0.2632000000000       0.5579611176960    
    0.2633000000000       0.5578933598640    
    0.2634000000000       0.5578251194880    
    0.2635000000000       0.5577563970000    
    0.2636000000000       0.5576871928320    
    0.2637000000000       0.5576175074160    
    0.2638000000000       0.5575473411840    
    0.2639000000000       0.5574766945680    
    0.2640000000000       0.5574055680000    
    0.2641000000000       0.5573339619120    
    0.2642000000000       0.5572618767360    
    0.2643000000000       0.5571893129040    
    0.2644000000000       0.5571162708480    
    0.2645000000000       0.5570427510000    
    0.2646000000000       0.5569687537920    
    0.2647000000000       0.5568942796560    
    0.2648000000000       0.5568193290240    
    0.2649000000000       0.5567439023280    
    0.2650000000000       0.5566680000000    
    0.2651000000000       0.5565916224720    
    0.2652000000000       0.5565147701760    
    0.2653000000000       0.5564374435440    
    0.2654000000000       0.5563596430080    
    0.2655000000000       0.5562813690000    
    0.2656000000000       0.5562026219520    
    0.2657000000000       0.5561234022960    
    0.2658000000000       0.5560437104640    
    0.2659000000000       0.5559635468880    
    0.2660000000000       0.5558829120000    
    0.2661000000000       0.5558018062320    
    0.2662000000000       0.5557202300160    
    0.2663000000000       0.5556381837840    
    0.2664000000000       0.5555556679680    
    0.2665000000000       0.5554726830000    
    0.2666000000000       0.5553892293120    
    0.2667000000000       0.5553053073360    
    0.2668000000000       0.5552209175040    
    0.2669000000000       0.5551360602480    
    0.2670000000000       0.5550507360000    
    0.2671000000000       0.5549649451920    
    0.2672000000000       0.5548786882560    
    0.2673000000000       0.5547919656240    
    0.2674000000000       0.5547047777280    
    0.2675000000000       0.5546171250000    
    0.2676000000000       0.5545290078720    
    0.2677000000000       0.5544404267760    
    0.2678000000000       0.5543513821440    
    0.2679000000000       0.5542618744080    
    0.2680000000000       0.5541719040000    
    0.2681000000000       0.5540814713520    
    0.2682000000000       0.5539905768960    
    0.2683000000000       0.5538992210640    
    0.2684000000000       0.5538074042880    
    0.2685000000000       0.5537151270000    
    0.2686000000000       0.5536223896320    
    0.2687000000000       0.5535291926160    
    0.2688000000000       0.5534355363840    
    0.2689000000000       0.5533414213680    
    0.2690000000000       0.5532468480000    
    0.2691000000000       0.5531518167120    
    0.2692000000000       0.5530563279360    
    0.2693000000000       0.5529603821040    
    0.2694000000000       0.5528639796480    
    0.2695000000000       0.5527671210000    
    0.2696000000000       0.5526698065920    
    0.2697000000000       0.5525720368560    
    0.2698000000000       0.5524738122240    
    0.2699000000000       0.5523751331280    
    0.2700000000000       0.5522760000000    
    0.2701000000000       0.5521764132720    
    0.2702000000000       0.5520763733760    
    0.2703000000000       0.5519758807440    
    0.2704000000000       0.5518749358080    
    0.2705000000000       0.5517735390000    
    0.2706000000000       0.5516716907520    
    0.2707000000000       0.5515693914960    
    0.2708000000000       0.5514666416640    
    0.2709000000000       0.5513634416880    
    0.2710000000000       0.5512597920000    
    0.2711000000000       0.5511556930320    
    0.2712000000000       0.5510511452160    
    0.2713000000000       0.5509461489840    
    0.2714000000000       0.5508407047680    
    0.2715000000000       0.5507348130000    
    0.2716000000000       0.5506284741120    
    0.2717000000000       0.5505216885360    
    0.2718000000000       0.5504144567040    
    0.2719000000000       0.5503067790480    
    0.2720000000000       0.5501986560000    
    0.2721000000000       0.5500900879920    
    0.2722000000000       0.5499810754560    
    0.2723000000000       0.5498716188240    
    0.2724000000000       0.5497617185280    
    0.2725000000000       0.5496513750000    
    0.2726000000000       0.5495405886720    
    0.2727000000000       0.5494293599760    
    0.2728000000000       0.5493176893440    
    0.2729000000000       0.5492055772080    
    0.2730000000000       0.5490930240000    
    0.2731000000000       0.5489800301520    
    0.2732000000000       0.5488665960960    
    0.2733000000000       0.5487527222640    
    0.2734000000000       0.5486384090880    
    0.2735000000000       0.5485236570000    
    0.2736000000000       0.5484084664320    
    0.2737000000000       0.5482928378160    
    0.2738000000000       0.5481767715840    
    0.2739000000000       0.5480602681680    
    0.2740000000000       0.5479433280000    
    0.2741000000000       0.5478259515120    
    0.2742000000000       0.5477081391360    
    0.2743000000000       0.5475898913040    
    0.2744000000000       0.5474712084480    
    0.2745000000000       0.5473520910000    
    0.2746000000000       0.5472325393920    
    0.2747000000000       0.5471125540560    
    0.2748000000000       0.5469921354240    
    0.2749000000000       0.5468712839280    
    0.2750000000000       0.5467500000000    
    0.2751000000000       0.5466282840720    
    0.2752000000000       0.5465061365760    
    0.2753000000000       0.5463835579440    
    0.2754000000000       0.5462605486080    
    0.2755000000000       0.5461371090000    
    0.2756000000000       0.5460132395520    
    0.2757000000000       0.5458889406960    
    0.2758000000000       0.5457642128640    
    0.2759000000000       0.5456390564880    
    0.2760000000000       0.5455134720000    
    0.2761000000000       0.5453874598320    
    0.2762000000000       0.5452610204160    
    0.2763000000000       0.5451341541840    
    0.2764000000000       0.5450068615680    
    0.2765000000000       0.5448791430000    
    0.2766000000000       0.5447509989120    
    0.2767000000000       0.5446224297360    
    0.2768000000000       0.5444934359040    
    0.2769000000000       0.5443640178480    
    0.2770000000000       0.5442341760000    
    0.2771000000000       0.5441039107920    
    0.2772000000000       0.5439732226560    
    0.2773000000000       0.5438421120240    
    0.2774000000000       0.5437105793280    
    0.2775000000000       0.5435786250000    
    0.2776000000000       0.5434462494720    
    0.2777000000000       0.5433134531760    
    0.2778000000000       0.5431802365440    
    0.2779000000000       0.5430466000080    
    0.2780000000000       0.5429125440000    
    0.2781000000000       0.5427780689520    
    0.2782000000000       0.5426431752960    
    0.2783000000000       0.5425078634640    
    0.2784000000000       0.5423721338880    
    0.2785000000000       0.5422359870000    
    0.2786000000000       0.5420994232320    
    0.2787000000000       0.5419624430160    
    0.2788000000000       0.5418250467840    
    0.2789000000000       0.5416872349680    
    0.2790000000000       0.5415490080000    
    0.2791000000000       0.5414103663120    
    0.2792000000000       0.5412713103360    
    0.2793000000000       0.5411318405040    
    0.2794000000000       0.5409919572480    
    0.2795000000000       0.5408516610000    
    0.2796000000000       0.5407109521920    
    0.2797000000000       0.5405698312560    
    0.2798000000000       0.5404282986240    
    0.2799000000000       0.5402863547280    
    0.2800000000000       0.5401440000000    
    0.2801000000000       0.5400012348720    
    0.2802000000000       0.5398580597760    
    0.2803000000000       0.5397144751440    
    0.2804000000000       0.5395704814080    
    0.2805000000000       0.5394260790000    
    0.2806000000000       0.5392812683520    
    0.2807000000000       0.5391360498960    
    0.2808000000000       0.5389904240640    
    0.2809000000000       0.5388443912880    
    0.2810000000000       0.5386979520000    
    0.2811000000000       0.5385511066320    
    0.2812000000000       0.5384038556160    
    0.2813000000000       0.5382561993840    
    0.2814000000000       0.5381081383680    
    0.2815000000000       0.5379596730000    
    0.2816000000000       0.5378108037120    
    0.2817000000000       0.5376615309360    
    0.2818000000000       0.5375118551040    
    0.2819000000000       0.5373617766480    
    0.2820000000000       0.5372112960000    
    0.2821000000000       0.5370604135920    
    0.2822000000000       0.5369091298560    
    0.2823000000000       0.5367574452240    
    0.2824000000000       0.5366053601280    
    0.2825000000000       0.5364528750000    
    0.2826000000000       0.5362999902720    
    0.2827000000000       0.5361467063760    
    0.2828000000000       0.5359930237440    
    0.2829000000000       0.5358389428080    
    0.2830000000000       0.5356844640000    
    0.2831000000000       0.5355295877520    
    0.2832000000000       0.5353743144960    
    0.2833000000000       0.5352186446640    
    0.2834000000000       0.5350625786880    
    0.2835000000000       0.5349061170000    
    0.2836000000000       0.5347492600320    
    0.2837000000000       0.5345920082160    
    0.2838000000000       0.5344343619840    
    0.2839000000000       0.5342763217680    
    0.2840000000000       0.5341178880000    
    0.2841000000000       0.5339590611120    
    0.2842000000000       0.5337998415360    
    0.2843000000000       0.5336402297040    
    0.2844000000000       0.5334802260480    
    0.2845000000000       0.5333198310000    
    0.2846000000000       0.5331590449920    
    0.2847000000000       0.5329978684560    
    0.2848000000000       0.5328363018240    
    0.2849000000000       0.5326743455280    
    0.2850000000000       0.5325120000000    
    0.2851000000000       0.5323492656720    
    0.2852000000000       0.5321861429760    
    0.2853000000000       0.5320226323440    
    0.2854000000000       0.5318587342080    
    0.2855000000000       0.5316944490000    
    0.2856000000000       0.5315297771520    
    0.2857000000000       0.5313647190960    
    0.2858000000000       0.5311992752640    
    0.2859000000000       0.5310334460880    
    0.2860000000000       0.5308672320000    
    0.2861000000000       0.5307006334320    
    0.2862000000000       0.5305336508160    
    0.2863000000000       0.5303662845840    
    0.2864000000000       0.5301985351680    
    0.2865000000000       0.5300304030000    
    0.2866000000000       0.5298618885120    
    0.2867000000000       0.5296929921360    
    0.2868000000000       0.5295237143040    
    0.2869000000000       0.5293540554480    
    0.2870000000000       0.5291840160000    
    0.2871000000000       0.5290135963920    
    0.2872000000000       0.5288427970560    
    0.2873000000000       0.5286716184240    
    0.2874000000000       0.5285000609280    
    0.2875000000000       0.5283281250000    
    0.2876000000000       0.5281558110720    
    0.2877000000000       0.5279831195760    
    0.2878000000000       0.5278100509440    
    0.2879000000000       0.5276366056080    
    0.2880000000000       0.5274627840000    
    0.2881000000000       0.5272885865520    
    0.2882000000000       0.5271140136960    
    0.2883000000000       0.5269390658640    
    0.2884000000000       0.5267637434880    
    0.2885000000000       0.5265880470000    
    0.2886000000000       0.5264119768320    
    0.2887000000000       0.5262355334160    
    0.2888000000000       0.5260587171840    
    0.2889000000000       0.5258815285680    
    0.2890000000000       0.5257039680000    
    0.2891000000000       0.5255260359120    
    0.2892000000000       0.5253477327360    
    0.2893000000000       0.5251690589040    
    0.2894000000000       0.5249900148480    
    0.2895000000000       0.5248106010000    
    0.2896000000000       0.5246308177920    
    0.2897000000000       0.5244506656560    
    0.2898000000000       0.5242701450240    
    0.2899000000000       0.5240892563280    
    0.2900000000000       0.5239080000000    
    0.2901000000000       0.5237263764720    
    0.2902000000000       0.5235443861760    
    0.2903000000000       0.5233620295440    
    0.2904000000000       0.5231793070080    
    0.2905000000000       0.5229962190000    
    0.2906000000000       0.5228127659520    
    0.2907000000000       0.5226289482960    
    0.2908000000000       0.5224447664640    
    0.2909000000000       0.5222602208880    
    0.2910000000000       0.5220753120000    
    0.2911000000000       0.5218900402320    
    0.2912000000000       0.5217044060160    
    0.2913000000000       0.5215184097840    
    0.2914000000000       0.5213320519680    
    0.2915000000000       0.5211453330000    
    0.2916000000000       0.5209582533120    
    0.2917000000000       0.5207708133360    
    0.2918000000000       0.5205830135040    
    0.2919000000000       0.5203948542480    
    0.2920000000000       0.5202063360000    
    0.2921000000000       0.5200174591920    
    0.2922000000000       0.5198282242560    
    0.2923000000000       0.5196386316240    
    0.2924000000000       0.5194486817280    
    0.2925000000000       0.5192583750000    
    0.2926000000000       0.5190677118720    
    0.2927000000000       0.5188766927760    
    0.2928000000000       0.5186853181440    
    0.2929000000000       0.5184935884080    
    0.2930000000000       0.5183015040000    
    0.2931000000000       0.5181090653520    
    0.2932000000000       0.5179162728960    
    0.2933000000000       0.5177231270640    
    0.2934000000000       0.5175296282880    
    0.2935000000000       0.5173357770000    
    0.2936000000000       0.5171415736320    
    0.2937000000000       0.5169470186160    
    0.2938000000000       0.5167521123840    
    0.2939000000000       0.5165568553680    
    0.2940000000000       0.5163612480000    
    0.2941000000000       0.5161652907120    
    0.2942000000000       0.5159689839360    
    0.2943000000000       0.5157723281040    
    0.2944000000000       0.5155753236480    
    0.2945000000000       0.5153779710000    
    0.2946000000000       0.5151802705920    
    0.2947000000000       0.5149822228560    
    0.2948000000000       0.5147838282240    
    0.2949000000000       0.5145850871280    
    0.2950000000000       0.5143860000000    
    0.2951000000000       0.5141865672720    
    0.2952000000000       0.5139867893760    
    0.2953000000000       0.5137866667440    
    0.2954000000000       0.5135861998080    
    0.2955000000000       0.5133853890000    
    0.2956000000000       0.5131842347520    
    0.2957000000000       0.5129827374960    
    0.2958000000000       0.5127808976640    
    0.2959000000000       0.5125787156880    
    0.2960000000000       0.5123761920000    
    0.2961000000000       0.5121733270320    
    0.2962000000000       0.5119701212160    
    0.2963000000000       0.5117665749840    
    0.2964000000000       0.5115626887680    
    0.2965000000000       0.5113584630000    
    0.2966000000000       0.5111538981120    
    0.2967000000000       0.5109489945360    
    0.2968000000000       0.5107437527040    
    0.2969000000000       0.5105381730480    
    0.2970000000000       0.5103322560000    
    0.2971000000000       0.5101260019920    
    0.2972000000000       0.5099194114560    
    0.2973000000000       0.5097124848240    
    0.2974000000000       0.5095052225280    
    0.2975000000000       0.5092976250000    
    0.2976000000000       0.5090896926720    
    0.2977000000000       0.5088814259760    
    0.2978000000000       0.5086728253440    
    0.2979000000000       0.5084638912080    
    0.2980000000000       0.5082546240000    
    0.2981000000000       0.5080450241520    
    0.2982000000000       0.5078350920960    
    0.2983000000000       0.5076248282640    
    0.2984000000000       0.5074142330880    
    0.2985000000000       0.5072033070000    
    0.2986000000000       0.5069920504320    
    0.2987000000000       0.5067804638160    
    0.2988000000000       0.5065685475840    
    0.2989000000000       0.5063563021680    
    0.2990000000000       0.5061437280000    
    0.2991000000000       0.5059308255120    
    0.2992000000000       0.5057175951360    
    0.2993000000000       0.5055040373040    
    0.2994000000000       0.5052901524480    
    0.2995000000000       0.5050759410000    
    0.2996000000000       0.5048614033920    
    0.2997000000000       0.5046465400560    
    0.2998000000000       0.5044313514240    
    0.2999000000000       0.5042158379280    
    0.3000000000000       0.5040000000000    
    0.3001000000000       0.5037838380720    
    0.3002000000000       0.5035673525760    
    0.3003000000000       0.5033505439440    
    0.3004000000000       0.5031334126080    
    0.3005000000000       0.5029159590000    
    0.3006000000000       0.5026981835520    
    0.3007000000000       0.5024800866960    
    0.3008000000000       0.5022616688640    
    0.3009000000000       0.5020429304880    
    0.3010000000000       0.5018238720000    
    0.3011000000000       0.5016044938320    
    0.3012000000000       0.5013847964160    
    0.3013000000000       0.5011647801840    
    0.3014000000000       0.5009444455680    
    0.3015000000000       0.5007237930000    
    0.3016000000000       0.5005028229120    
    0.3017000000000       0.5002815357360    
    0.3018000000000       0.5000599319040    
    0.3019000000000       0.4998380118480    
    0.3020000000000       0.4996157760000    
    0.3021000000000       0.4993932247920    
    0.3022000000000       0.4991703586560    
    0.3023000000000       0.4989471780240    
    0.3024000000000       0.4987236833280    
    0.3025000000000       0.4984998750000    
    0.3026000000000       0.4982757534720    
    0.3027000000000       0.4980513191760    
    0.3028000000000       0.4978265725440    
    0.3029000000000       0.4976015140080    
    0.3030000000000       0.4973761440000    
    0.3031000000000       0.4971504629520    
    0.3032000000000       0.4969244712960    
    0.3033000000000       0.4966981694640    
    0.3034000000000       0.4964715578880    
    0.3035000000000       0.4962446370000    
    0.3036000000000       0.4960174072320    
    0.3037000000000       0.4957898690160    
    0.3038000000000       0.4955620227840    
    0.3039000000000       0.4953338689680    
    0.3040000000000       0.4951054080000    
    0.3041000000000       0.4948766403120    
    0.3042000000000       0.4946475663360    
    0.3043000000000       0.4944181865040    
    0.3044000000000       0.4941885012480    
    0.3045000000000       0.4939585110000    
    0.3046000000000       0.4937282161920    
    0.3047000000000       0.4934976172560    
    0.3048000000000       0.4932667146240    
    0.3049000000000       0.4930355087280    
    0.3050000000000       0.4928040000000    
    0.3051000000000       0.4925721888720    
    0.3052000000000       0.4923400757760    
    0.3053000000000       0.4921076611440    
    0.3054000000000       0.4918749454080    
    0.3055000000000       0.4916419290000    
    0.3056000000000       0.4914086123520    
    0.3057000000000       0.4911749958960    
    0.3058000000000       0.4909410800640    
    0.3059000000000       0.4907068652880    
    0.3060000000000       0.4904723520000    
    0.3061000000000       0.4902375406320    
    0.3062000000000       0.4900024316160    
    0.3063000000000       0.4897670253840    
    0.3064000000000       0.4895313223680    
    0.3065000000000       0.4892953230000    
    0.3066000000000       0.4890590277120    
    0.3067000000000       0.4888224369360    
    0.3068000000000       0.4885855511040    
    0.3069000000000       0.4883483706480    
    0.3070000000000       0.4881108960000    
    0.3071000000000       0.4878731275920    
    0.3072000000000       0.4876350658560    
    0.3073000000000       0.4873967112240    
    0.3074000000000       0.4871580641280    
    0.3075000000000       0.4869191250000    
    0.3076000000000       0.4866798942720    
    0.3077000000000       0.4864403723760    
    0.3078000000000       0.4862005597440    
    0.3079000000000       0.4859604568080    
    0.3080000000000       0.4857200640000    
    0.3081000000000       0.4854793817520    
    0.3082000000000       0.4852384104960    
    0.3083000000000       0.4849971506640    
    0.3084000000000       0.4847556026880    
    0.3085000000000       0.4845137670000    
    0.3086000000000       0.4842716440320    
    0.3087000000000       0.4840292342160    
    0.3088000000000       0.4837865379840    
    0.3089000000000       0.4835435557680    
    0.3090000000000       0.4833002880000    
    0.3091000000000       0.4830567351120    
    0.3092000000000       0.4828128975360    
    0.3093000000000       0.4825687757040    
    0.3094000000000       0.4823243700480    
    0.3095000000000       0.4820796810000    
    0.3096000000000       0.4818347089920    
    0.3097000000000       0.4815894544560    
    0.3098000000000       0.4813439178240    
    0.3099000000000       0.4810980995280    
    0.3100000000000       0.4808520000000    
    0.3101000000000       0.4806056196720    
    0.3102000000000       0.4803589589760    
    0.3103000000000       0.4801120183440    
    0.3104000000000       0.4798647982080    
    0.3105000000000       0.4796172990000    
    0.3106000000000       0.4793695211520    
    0.3107000000000       0.4791214650960    
    0.3108000000000       0.4788731312640    
    0.3109000000000       0.4786245200880    
    0.3110000000000       0.4783756320000    
    0.3111000000000       0.4781264674320    
    0.3112000000000       0.4778770268160    
    0.3113000000000       0.4776273105840    
    0.3114000000000       0.4773773191680    
    0.3115000000000       0.4771270530000    
    0.3116000000000       0.4768765125120    
    0.3117000000000       0.4766256981360    
    0.3118000000000       0.4763746103040    
    0.3119000000000       0.4761232494480    
    0.3120000000000       0.4758716160000    
    0.3121000000000       0.4756197103920    
    0.3122000000000       0.4753675330560    
    0.3123000000000       0.4751150844240    
    0.3124000000000       0.4748623649280    
    0.3125000000000       0.4746093750000    
    0.3126000000000       0.4743561150720    
    0.3127000000000       0.4741025855760    
    0.3128000000000       0.4738487869440    
    0.3129000000000       0.4735947196080    
    0.3130000000000       0.4733403840000    
    0.3131000000000       0.4730857805520    
    0.3132000000000       0.4728309096960    
    0.3133000000000       0.4725757718640    
    0.3134000000000       0.4723203674880    
    0.3135000000000       0.4720646970000    
    0.3136000000000       0.4718087608320    
    0.3137000000000       0.4715525594160    
    0.3138000000000       0.4712960931840    
    0.3139000000000       0.4710393625680    
    0.3140000000000       0.4707823680000    
    0.3141000000000       0.4705251099120    
    0.3142000000000       0.4702675887360    
    0.3143000000000       0.4700098049040    
    0.3144000000000       0.4697517588480    
    0.3145000000000       0.4694934510000    
    0.3146000000000       0.4692348817920    
    0.3147000000000       0.4689760516560    
    0.3148000000000       0.4687169610240    
    0.3149000000000       0.4684576103280    
    0.3150000000000       0.4681980000000    
    0.3151000000000       0.4679381304720    
    0.3152000000000       0.4676780021760    
    0.3153000000000       0.4674176155440    
    0.3154000000000       0.4671569710080    
    0.3155000000000       0.4668960690000    
    0.3156000000000       0.4666349099520    
    0.3157000000000       0.4663734942960    
    0.3158000000000       0.4661118224640    
    0.3159000000000       0.4658498948880    
    0.3160000000000       0.4655877120000    
    0.3161000000000       0.4653252742320    
    0.3162000000000       0.4650625820160    
    0.3163000000000       0.4647996357840    
    0.3164000000000       0.4645364359680    
    0.3165000000000       0.4642729830000    
    0.3166000000000       0.4640092773120    
    0.3167000000000       0.4637453193360    
    0.3168000000000       0.4634811095040    
    0.3169000000000       0.4632166482480    
    0.3170000000000       0.4629519360000    
    0.3171000000000       0.4626869731920    
    0.3172000000000       0.4624217602560    
    0.3173000000000       0.4621562976240    
    0.3174000000000       0.4618905857280    
    0.3175000000000       0.4616246250000    
    0.3176000000000       0.4613584158720    
    0.3177000000000       0.4610919587760    
    0.3178000000000       0.4608252541440    
    0.3179000000000       0.4605583024080    
    0.3180000000000       0.4602911040000    
    0.3181000000000       0.4600236593520    
    0.3182000000000       0.4597559688960    
    0.3183000000000       0.4594880330640    
    0.3184000000000       0.4592198522880    
    0.3185000000000       0.4589514270000    
    0.3186000000000       0.4586827576320    
    0.3187000000000       0.4584138446160    
    0.3188000000000       0.4581446883840    
    0.3189000000000       0.4578752893680    
    0.3190000000000       0.4576056480000    
    0.3191000000000       0.4573357647120    
    0.3192000000000       0.4570656399360    
    0.3193000000000       0.4567952741040    
    0.3194000000000       0.4565246676480    
    0.3195000000000       0.4562538210000    
    0.3196000000000       0.4559827345920    
    0.3197000000000       0.4557114088560    
    0.3198000000000       0.4554398442240    
    0.3199000000000       0.4551680411280    
    0.3200000000000       0.4548960000000    
    0.3201000000000       0.4546237212720    
    0.3202000000000       0.4543512053760    
    0.3203000000000       0.4540784527440    
    0.3204000000000       0.4538054638080    
    0.3205000000000       0.4535322390000    
    0.3206000000000       0.4532587787520    
    0.3207000000000       0.4529850834960    
    0.3208000000000       0.4527111536640    
    0.3209000000000       0.4524369896880    
    0.3210000000000       0.4521625920000    
    0.3211000000000       0.4518879610320    
    0.3212000000000       0.4516130972160    
    0.3213000000000       0.4513380009840    
    0.3214000000000       0.4510626727680    
    0.3215000000000       0.4507871130000    
    0.3216000000000       0.4505113221120    
    0.3217000000000       0.4502353005360    
    0.3218000000000       0.4499590487040    
    0.3219000000000       0.4496825670480    
    0.3220000000000       0.4494058560000    
    0.3221000000000       0.4491289159920    
    0.3222000000000       0.4488517474560    
    0.3223000000000       0.4485743508240    
    0.3224000000000       0.4482967265280    
    0.3225000000000       0.4480188750000    
    0.3226000000000       0.4477407966720    
    0.3227000000000       0.4474624919760    
    0.3228000000000       0.4471839613440    
    0.3229000000000       0.4469052052080    
    0.3230000000000       0.4466262240000    
    0.3231000000000       0.4463470181520    
    0.3232000000000       0.4460675880960    
    0.3233000000000       0.4457879342640    
    0.3234000000000       0.4455080570880    
    0.3235000000000       0.4452279570000    
    0.3236000000000       0.4449476344320    
    0.3237000000000       0.4446670898160    
    0.3238000000000       0.4443863235840    
    0.3239000000000       0.4441053361680    
    0.3240000000000       0.4438241280000    
    0.3241000000000       0.4435426995120    
    0.3242000000000       0.4432610511360    
    0.3243000000000       0.4429791833040    
    0.3244000000000       0.4426970964480    
    0.3245000000000       0.4424147910000    
    0.3246000000000       0.4421322673920    
    0.3247000000000       0.4418495260560    
    0.3248000000000       0.4415665674240    
    0.3249000000000       0.4412833919280    
    0.3250000000000       0.4410000000000    
    0.3251000000000       0.4407163920720    
    0.3252000000000       0.4404325685760    
    0.3253000000000       0.4401485299440    
    0.3254000000000       0.4398642766080    
    0.3255000000000       0.4395798090000    
    0.3256000000000       0.4392951275520    
    0.3257000000000       0.4390102326960    
    0.3258000000000       0.4387251248640    
    0.3259000000000       0.4384398044880    
    0.3260000000000       0.4381542720000    
    0.3261000000000       0.4378685278320    
    0.3262000000000       0.4375825724160    
    0.3263000000000       0.4372964061840    
    0.3264000000000       0.4370100295680    
    0.3265000000000       0.4367234430000    
    0.3266000000000       0.4364366469120    
    0.3267000000000       0.4361496417360    
    0.3268000000000       0.4358624279040    
    0.3269000000000       0.4355750058480    
    0.3270000000000       0.4352873760000    
    0.3271000000000       0.4349995387920    
    0.3272000000000       0.4347114946560    
    0.3273000000000       0.4344232440240    
    0.3274000000000       0.4341347873280    
    0.3275000000000       0.4338461250000    
    0.3276000000000       0.4335572574720    
    0.3277000000000       0.4332681851760    
    0.3278000000000       0.4329789085440    
    0.3279000000000       0.4326894280080    
    0.3280000000000       0.4323997440000    
    0.3281000000000       0.4321098569520    
    0.3282000000000       0.4318197672960    
    0.3283000000000       0.4315294754640    
    0.3284000000000       0.4312389818880    
    0.3285000000000       0.4309482870000    
    0.3286000000000       0.4306573912320    
    0.3287000000000       0.4303662950160    
    0.3288000000000       0.4300749987840    
    0.3289000000000       0.4297835029680    
    0.3290000000000       0.4294918080000    
    0.3291000000000       0.4291999143120    
    0.3292000000000       0.4289078223360    
    0.3293000000000       0.4286155325040    
    0.3294000000000       0.4283230452480    
    0.3295000000000       0.4280303610000    
    0.3296000000000       0.4277374801920    
    0.3297000000000       0.4274444032560    
    0.3298000000000       0.4271511306240    
    0.3299000000000       0.4268576627280    
    0.3300000000000       0.4265640000000    
    0.3301000000000       0.4262701428720    
    0.3302000000000       0.4259760917760    
    0.3303000000000       0.4256818471440    
    0.3304000000000       0.4253874094080    
    0.3305000000000       0.4250927790000    
    0.3306000000000       0.4247979563520    
    0.3307000000000       0.4245029418960    
    0.3308000000000       0.4242077360640    
    0.3309000000000       0.4239123392880    
    0.3310000000000       0.4236167520000    
    0.3311000000000       0.4233209746320    
    0.3312000000000       0.4230250076160    
    0.3313000000000       0.4227288513840    
    0.3314000000000       0.4224325063680    
    0.3315000000000       0.4221359730000    
    0.3316000000000       0.4218392517120    
    0.3317000000000       0.4215423429360    
    0.3318000000000       0.4212452471040    
    0.3319000000000       0.4209479646480    
    0.3320000000000       0.4206504960000    
    0.3321000000000       0.4203528415920    
    0.3322000000000       0.4200550018560    
    0.3323000000000       0.4197569772240    
    0.3324000000000       0.4194587681280    
    0.3325000000000       0.4191603750000    
    0.3326000000000       0.4188617982720    
    0.3327000000000       0.4185630383760    
    0.3328000000000       0.4182640957440    
    0.3329000000000       0.4179649708080    
    0.3330000000000       0.4176656640000    
    0.3331000000000       0.4173661757520    
    0.3332000000000       0.4170665064960    
    0.3333000000000       0.4167666566640    
    0.3334000000000       0.4164666266880    
    0.3335000000000       0.4161664170000    
    0.3336000000000       0.4158660280320    
    0.3337000000000       0.4155654602160    
    0.3338000000000       0.4152647139840    
    0.3339000000000       0.4149637897680    
    0.3340000000000       0.4146626880000    
    0.3341000000000       0.4143614091120    
    0.3342000000000       0.4140599535360    
    0.3343000000000       0.4137583217040    
    0.3344000000000       0.4134565140480    
    0.3345000000000       0.4131545310000    
    0.3346000000000       0.4128523729920    
    0.3347000000000       0.4125500404560    
    0.3348000000000       0.4122475338240    
    0.3349000000000       0.4119448535280    
    0.3350000000000       0.4116420000000    
    0.3351000000000       0.4113389736720    
    0.3352000000000       0.4110357749760    
    0.3353000000000       0.4107324043440    
    0.3354000000000       0.4104288622080    
    0.3355000000000       0.4101251490000    
    0.3356000000000       0.4098212651520    
    0.3357000000000       0.4095172110960    
    0.3358000000000       0.4092129872640    
    0.3359000000000       0.4089085940880    
    0.3360000000000       0.4086040320000    
    0.3361000000000       0.4082993014320    
    0.3362000000000       0.4079944028160    
    0.3363000000000       0.4076893365840    
    0.3364000000000       0.4073841031680    
    0.3365000000000       0.4070787030000    
    0.3366000000000       0.4067731365120    
    0.3367000000000       0.4064674041360    
    0.3368000000000       0.4061615063040    
    0.3369000000000       0.4058554434480    
    0.3370000000000       0.4055492160000    
    0.3371000000000       0.4052428243920    
    0.3372000000000       0.4049362690560    
    0.3373000000000       0.4046295504240    
    0.3374000000000       0.4043226689280    
    0.3375000000000       0.4040156250000    
    0.3376000000000       0.4037084190720    
    0.3377000000000       0.4034010515760    
    0.3378000000000       0.4030935229440    
    0.3379000000000       0.4027858336080    
    0.3380000000000       0.4024779840000    
    0.3381000000000       0.4021699745520    
    0.3382000000000       0.4018618056960    
    0.3383000000000       0.4015534778640    
    0.3384000000000       0.4012449914880    
    0.3385000000000       0.4009363470000    
    0.3386000000000       0.4006275448320    
    0.3387000000000       0.4003185854160    
    0.3388000000000       0.4000094691840    
    0.3389000000000       0.3997001965680    
    0.3390000000000       0.3993907680000    
    0.3391000000000       0.3990811839120    
    0.3392000000000       0.3987714447360    
    0.3393000000000       0.3984615509040    
    0.3394000000000       0.3981515028480    
    0.3395000000000       0.3978413010000    
    0.3396000000000       0.3975309457920    
    0.3397000000000       0.3972204376560    
    0.3398000000000       0.3969097770240    
    0.3399000000000       0.3965989643280    
    0.3400000000000       0.3962880000000    
    0.3401000000000       0.3959768844720    
    0.3402000000000       0.3956656181760    
    0.3403000000000       0.3953542015440    
    0.3404000000000       0.3950426350080    
    0.3405000000000       0.3947309190000    
    0.3406000000000       0.3944190539520    
    0.3407000000000       0.3941070402960    
    0.3408000000000       0.3937948784640    
    0.3409000000000       0.3934825688880    
    0.3410000000000       0.3931701120000    
    0.3411000000000       0.3928575082320    
    0.3412000000000       0.3925447580160    
    0.3413000000000       0.3922318617840    
    0.3414000000000       0.3919188199680    
    0.3415000000000       0.3916056330000    
    0.3416000000000       0.3912923013120    
    0.3417000000000       0.3909788253360    
    0.3418000000000       0.3906652055040    
    0.3419000000000       0.3903514422480    
    0.3420000000000       0.3900375360000    
    0.3421000000000       0.3897234871920    
    0.3422000000000       0.3894092962560    
    0.3423000000000       0.3890949636240    
    0.3424000000000       0.3887804897280    
    0.3425000000000       0.3884658750000    
    0.3426000000000       0.3881511198720    
    0.3427000000000       0.3878362247760    
    0.3428000000000       0.3875211901440    
    0.3429000000000       0.3872060164080    
    0.3430000000000       0.3868907040000    
    0.3431000000000       0.3865752533520    
    0.3432000000000       0.3862596648960    
    0.3433000000000       0.3859439390640    
    0.3434000000000       0.3856280762880    
    0.3435000000000       0.3853120770000    
    0.3436000000000       0.3849959416320    
    0.3437000000000       0.3846796706160    
    0.3438000000000       0.3843632643840    
    0.3439000000000       0.3840467233680    
    0.3440000000000       0.3837300480000    
    0.3441000000000       0.3834132387120    
    0.3442000000000       0.3830962959360    
    0.3443000000000       0.3827792201040    
    0.3444000000000       0.3824620116480    
    0.3445000000000       0.3821446710000    
    0.3446000000000       0.3818271985920    
    0.3447000000000       0.3815095948560    
    0.3448000000000       0.3811918602240    
    0.3449000000000       0.3808739951280    
    0.3450000000000       0.3805560000000    
    0.3451000000000       0.3802378752720    
    0.3452000000000       0.3799196213760    
    0.3453000000000       0.3796012387440    
    0.3454000000000       0.3792827278080    
    0.3455000000000       0.3789640890000    
    0.3456000000000       0.3786453227520    
    0.3457000000000       0.3783264294960    
    0.3458000000000       0.3780074096640    
    0.3459000000000       0.3776882636880    
    0.3460000000000       0.3773689920000    
    0.3461000000000       0.3770495950320    
    0.3462000000000       0.3767300732160    
    0.3463000000000       0.3764104269840    
    0.3464000000000       0.3760906567680    
    0.3465000000000       0.3757707630000    
    0.3466000000000       0.3754507461120    
    0.3467000000000       0.3751306065360    
    0.3468000000000       0.3748103447040    
    0.3469000000000       0.3744899610480    
    0.3470000000000       0.3741694560000    
    0.3471000000000       0.3738488299920    
    0.3472000000000       0.3735280834560    
    0.3473000000000       0.3732072168240    
    0.3474000000000       0.3728862305280    
    0.3475000000000       0.3725651250000    
    0.3476000000000       0.3722439006720    
    0.3477000000000       0.3719225579760    
    0.3478000000000       0.3716010973440    
    0.3479000000000       0.3712795192080    
    0.3480000000000       0.3709578240000    
    0.3481000000000       0.3706360121520    
    0.3482000000000       0.3703140840960    
    0.3483000000000       0.3699920402640    
    0.3484000000000       0.3696698810880    
    0.3485000000000       0.3693476070000    
    0.3486000000000       0.3690252184320    
    0.3487000000000       0.3687027158160    
    0.3488000000000       0.3683800995840    
    0.3489000000000       0.3680573701680    
    0.3490000000000       0.3677345280000    
    0.3491000000000       0.3674115735120    
    0.3492000000000       0.3670885071360    
    0.3493000000000       0.3667653293040    
    0.3494000000000       0.3664420404480    
    0.3495000000000       0.3661186410000    
    0.3496000000000       0.3657951313920    
    0.3497000000000       0.3654715120560    
    0.3498000000000       0.3651477834240    
    0.3499000000000       0.3648239459280    
    0.3500000000000       0.3645000000000    
    0.3501000000000       0.3641759460720    
    0.3502000000000       0.3638517845760    
    0.3503000000000       0.3635275159440    
    0.3504000000000       0.3632031406080    
    0.3505000000000       0.3628786590000    
    0.3506000000000       0.3625540715520    
    0.3507000000000       0.3622293786960    
    0.3508000000000       0.3619045808640    
    0.3509000000000       0.3615796784880    
    0.3510000000000       0.3612546720000    
    0.3511000000000       0.3609295618320    
    0.3512000000000       0.3606043484160    
    0.3513000000000       0.3602790321840    
    0.3514000000000       0.3599536135680    
    0.3515000000000       0.3596280930000    
    0.3516000000000       0.3593024709120    
    0.3517000000000       0.3589767477360    
    0.3518000000000       0.3586509239040    
    0.3519000000000       0.3583249998480    
    0.3520000000000       0.3579989760000    
    0.3521000000000       0.3576728527920    
    0.3522000000000       0.3573466306560    
    0.3523000000000       0.3570203100240    
    0.3524000000000       0.3566938913280    
    0.3525000000000       0.3563673750000    
    0.3526000000000       0.3560407614720    
    0.3527000000000       0.3557140511760    
    0.3528000000000       0.3553872445440    
    0.3529000000000       0.3550603420080    
    0.3530000000000       0.3547333440000    
    0.3531000000000       0.3544062509520    
    0.3532000000000       0.3540790632960    
    0.3533000000000       0.3537517814640    
    0.3534000000000       0.3534244058880    
    0.3535000000000       0.3530969370000    
    0.3536000000000       0.3527693752320    
    0.3537000000000       0.3524417210160    
    0.3538000000000       0.3521139747840    
    0.3539000000000       0.3517861369680    
    0.3540000000000       0.3514582080000    
    0.3541000000000       0.3511301883120    
    0.3542000000000       0.3508020783360    
    0.3543000000000       0.3504738785040    
    0.3544000000000       0.3501455892480    
    0.3545000000000       0.3498172110000    
    0.3546000000000       0.3494887441920    
    0.3547000000000       0.3491601892560    
    0.3548000000000       0.3488315466240    
    0.3549000000000       0.3485028167280    
    0.3550000000000       0.3481740000000    
    0.3551000000000       0.3478450968720    
    0.3552000000000       0.3475161077760    
    0.3553000000000       0.3471870331440    
    0.3554000000000       0.3468578734080    
    0.3555000000000       0.3465286290000    
    0.3556000000000       0.3461993003520    
    0.3557000000000       0.3458698878960    
    0.3558000000000       0.3455403920640    
    0.3559000000000       0.3452108132880    
    0.3560000000000       0.3448811520000    
    0.3561000000000       0.3445514086320    
    0.3562000000000       0.3442215836160    
    0.3563000000000       0.3438916773840    
    0.3564000000000       0.3435616903680    
    0.3565000000000       0.3432316230000    
    0.3566000000000       0.3429014757120    
    0.3567000000000       0.3425712489360    
    0.3568000000000       0.3422409431040    
    0.3569000000000       0.3419105586480    
    0.3570000000000       0.3415800960000    
    0.3571000000000       0.3412495555920    
    0.3572000000000       0.3409189378560    
    0.3573000000000       0.3405882432240    
    0.3574000000000       0.3402574721280    
    0.3575000000000       0.3399266250000    
    0.3576000000000       0.3395957022720    
    0.3577000000000       0.3392647043760    
    0.3578000000000       0.3389336317440    
    0.3579000000000       0.3386024848080    
    0.3580000000000       0.3382712640000    
    0.3581000000000       0.3379399697520    
    0.3582000000000       0.3376086024960    
    0.3583000000000       0.3372771626640    
    0.3584000000000       0.3369456506880    
    0.3585000000000       0.3366140670000    
    0.3586000000000       0.3362824120320    
    0.3587000000000       0.3359506862160    
    0.3588000000000       0.3356188899840    
    0.3589000000000       0.3352870237680    
    0.3590000000000       0.3349550880000    
    0.3591000000000       0.3346230831120    
    0.3592000000000       0.3342910095360    
    0.3593000000000       0.3339588677040    
    0.3594000000000       0.3336266580480    
    0.3595000000000       0.3332943810000    
    0.3596000000000       0.3329620369920    
    0.3597000000000       0.3326296264560    
    0.3598000000000       0.3322971498240    
    0.3599000000000       0.3319646075280    
    0.3600000000000       0.3316320000000    
    0.3601000000000       0.3312993276720    
    0.3602000000000       0.3309665909760    
    0.3603000000000       0.3306337903440    
    0.3604000000000       0.3303009262080    
    0.3605000000000       0.3299679990000    
    0.3606000000000       0.3296350091520    
    0.3607000000000       0.3293019570960    
    0.3608000000000       0.3289688432640    
    0.3609000000000       0.3286356680880    
    0.3610000000000       0.3283024320000    
    0.3611000000000       0.3279691354320    
    0.3612000000000       0.3276357788160    
    0.3613000000000       0.3273023625840    
    0.3614000000000       0.3269688871680    
    0.3615000000000       0.3266353530000    
    0.3616000000000       0.3263017605120    
    0.3617000000000       0.3259681101360    
    0.3618000000000       0.3256344023040    
    0.3619000000000       0.3253006374480    
    0.3620000000000       0.3249668160000    
    0.3621000000000       0.3246329383920    
    0.3622000000000       0.3242990050560    
    0.3623000000000       0.3239650164240    
    0.3624000000000       0.3236309729280    
    0.3625000000000       0.3232968750000    
    0.3626000000000       0.3229627230720    
    0.3627000000000       0.3226285175760    
    0.3628000000000       0.3222942589440    
    0.3629000000000       0.3219599476080    
    0.3630000000000       0.3216255840000    
    0.3631000000000       0.3212911685520    
    0.3632000000000       0.3209567016960    
    0.3633000000000       0.3206221838640    
    0.3634000000000       0.3202876154880    
    0.3635000000000       0.3199529970000    
    0.3636000000000       0.3196183288320    
    0.3637000000000       0.3192836114160    
    0.3638000000000       0.3189488451840    
    0.3639000000000       0.3186140305680    
    0.3640000000000       0.3182791680000    
    0.3641000000000       0.3179442579120    
    0.3642000000000       0.3176093007360    
    0.3643000000000       0.3172742969040    
    0.3644000000000       0.3169392468480    
    0.3645000000000       0.3166041510000    
    0.3646000000000       0.3162690097920    
    0.3647000000000       0.3159338236560    
    0.3648000000000       0.3155985930240    
    0.3649000000000       0.3152633183280    
    0.3650000000000       0.3149280000000    
    0.3651000000000       0.3145926384720    
    0.3652000000000       0.3142572341760    
    0.3653000000000       0.3139217875440    
    0.3654000000000       0.3135862990080    
    0.3655000000000       0.3132507690000    
    0.3656000000000       0.3129151979520    
    0.3657000000000       0.3125795862960    
    0.3658000000000       0.3122439344640    
    0.3659000000000       0.3119082428880    
    0.3660000000000       0.3115725120000    
    0.3661000000000       0.3112367422320    
    0.3662000000000       0.3109009340160    
    0.3663000000000       0.3105650877840    
    0.3664000000000       0.3102292039680    
    0.3665000000000       0.3098932830000    
    0.3666000000000       0.3095573253120    
    0.3667000000000       0.3092213313360    
    0.3668000000000       0.3088853015040    
    0.3669000000000       0.3085492362480    
    0.3670000000000       0.3082131360000    
    0.3671000000000       0.3078770011920    
    0.3672000000000       0.3075408322560    
    0.3673000000000       0.3072046296240    
    0.3674000000000       0.3068683937280    
    0.3675000000000       0.3065321250000    
    0.3676000000000       0.3061958238720    
    0.3677000000000       0.3058594907760    
    0.3678000000000       0.3055231261440    
    0.3679000000000       0.3051867304080    
    0.3680000000000       0.3048503040000    
    0.3681000000000       0.3045138473520    
    0.3682000000000       0.3041773608960    
    0.3683000000000       0.3038408450640    
    0.3684000000000       0.3035043002880    
    0.3685000000000       0.3031677270000    
    0.3686000000000       0.3028311256320    
    0.3687000000000       0.3024944966160    
    0.3688000000000       0.3021578403840    
    0.3689000000000       0.3018211573680    
    0.3690000000000       0.3014844480000    
    0.3691000000000       0.3011477127120    
    0.3692000000000       0.3008109519360    
    0.3693000000000       0.3004741661040    
    0.3694000000000       0.3001373556480    
    0.3695000000000       0.2998005210000    
    0.3696000000000       0.2994636625920    
    0.3697000000000       0.2991267808560    
    0.3698000000000       0.2987898762240    
    0.3699000000000       0.2984529491280    
    0.3700000000000       0.2981160000000    
    0.3701000000000       0.2977790292720    
    0.3702000000000       0.2974420373760    
    0.3703000000000       0.2971050247440    
    0.3704000000000       0.2967679918080    
    0.3705000000000       0.2964309390000    
    0.3706000000000       0.2960938667520    
    0.3707000000000       0.2957567754960    
    0.3708000000000       0.2954196656640    
    0.3709000000000       0.2950825376880    
    0.3710000000000       0.2947453920000    
    0.3711000000000       0.2944082290320    
    0.3712000000000       0.2940710492160    
    0.3713000000000       0.2937338529840    
    0.3714000000000       0.2933966407680    
    0.3715000000000       0.2930594130000    
    0.3716000000000       0.2927221701120    
    0.3717000000000       0.2923849125360    
    0.3718000000000       0.2920476407040    
    0.3719000000000       0.2917103550480    
    0.3720000000000       0.2913730560000    
    0.3721000000000       0.2910357439920    
    0.3722000000000       0.2906984194560    
    0.3723000000000       0.2903610828240    
    0.3724000000000       0.2900237345280    
    0.3725000000000       0.2896863750000    
    0.3726000000000       0.2893490046720    
    0.3727000000000       0.2890116239760    
    0.3728000000000       0.2886742333440    
    0.3729000000000       0.2883368332080    
    0.3730000000000       0.2879994240000    
    0.3731000000000       0.2876620061520    
    0.3732000000000       0.2873245800960    
    0.3733000000000       0.2869871462640    
    0.3734000000000       0.2866497050880    
    0.3735000000000       0.2863122570000    
    0.3736000000000       0.2859748024320    
    0.3737000000000       0.2856373418160    
    0.3738000000000       0.2852998755840    
    0.3739000000000       0.2849624041680    
    0.3740000000000       0.2846249280000    
    0.3741000000000       0.2842874475120    
    0.3742000000000       0.2839499631360    
    0.3743000000000       0.2836124753040    
    0.3744000000000       0.2832749844480    
    0.3745000000000       0.2829374910000    
    0.3746000000000       0.2825999953920    
    0.3747000000000       0.2822624980560    
    0.3748000000000       0.2819249994240    
    0.3749000000000       0.2815874999280    
    0.3750000000000       0.2812500000000    
    0.3751000000000       0.2809125000720    
    0.3752000000000       0.2805750005760    
    0.3753000000000       0.2802375019440    
    0.3754000000000       0.2799000046080    
    0.3755000000000       0.2795625090000    
    0.3756000000000       0.2792250155520    
    0.3757000000000       0.2788875246960    
    0.3758000000000       0.2785500368640    
    0.3759000000000       0.2782125524880    
    0.3760000000000       0.2778750720000    
    0.3761000000000       0.2775375958320    
    0.3762000000000       0.2772001244160    
    0.3763000000000       0.2768626581840    
    0.3764000000000       0.2765251975680    
    0.3765000000000       0.2761877430000    
    0.3766000000000       0.2758502949120    
    0.3767000000000       0.2755128537360    
    0.3768000000000       0.2751754199040    
    0.3769000000000       0.2748379938480    
    0.3770000000000       0.2745005760000    
    0.3771000000000       0.2741631667920    
    0.3772000000000       0.2738257666560    
    0.3773000000000       0.2734883760240    
    0.3774000000000       0.2731509953280    
    0.3775000000000       0.2728136250000    
    0.3776000000000       0.2724762654720    
    0.3777000000000       0.2721389171760    
    0.3778000000000       0.2718015805440    
    0.3779000000000       0.2714642560080    
    0.3780000000000       0.2711269440000    
    0.3781000000000       0.2707896449520    
    0.3782000000000       0.2704523592960    
    0.3783000000000       0.2701150874640    
    0.3784000000000       0.2697778298880    
    0.3785000000000       0.2694405870000    
    0.3786000000000       0.2691033592320    
    0.3787000000000       0.2687661470160    
    0.3788000000000       0.2684289507840    
    0.3789000000000       0.2680917709680    
    0.3790000000000       0.2677546080000    
    0.3791000000000       0.2674174623120    
    0.3792000000000       0.2670803343360    
    0.3793000000000       0.2667432245040    
    0.3794000000000       0.2664061332480    
    0.3795000000000       0.2660690610000    
    0.3796000000000       0.2657320081920    
    0.3797000000000       0.2653949752560    
    0.3798000000000       0.2650579626240    
    0.3799000000000       0.2647209707280    
    0.3800000000000       0.2643840000000    
    0.3801000000000       0.2640470508720    
    0.3802000000000       0.2637101237760    
    0.3803000000000       0.2633732191440    
    0.3804000000000       0.2630363374080    
    0.3805000000000       0.2626994790000    
    0.3806000000000       0.2623626443520    
    0.3807000000000       0.2620258338960    
    0.3808000000000       0.2616890480640    
    0.3809000000000       0.2613522872880    
    0.3810000000000       0.2610155520000    
    0.3811000000000       0.2606788426320    
    0.3812000000000       0.2603421596160    
    0.3813000000000       0.2600055033840    
    0.3814000000000       0.2596688743680    
    0.3815000000000       0.2593322730000    
    0.3816000000000       0.2589956997120    
    0.3817000000000       0.2586591549360    
    0.3818000000000       0.2583226391040    
    0.3819000000000       0.2579861526480    
    0.3820000000000       0.2576496960000    
    0.3821000000000       0.2573132695920    
    0.3822000000000       0.2569768738560    
    0.3823000000000       0.2566405092240    
    0.3824000000000       0.2563041761280    
    0.3825000000000       0.2559678750000    
    0.3826000000000       0.2556316062720    
    0.3827000000000       0.2552953703760    
    0.3828000000000       0.2549591677440    
    0.3829000000000       0.2546229988080    
    0.3830000000000       0.2542868640000    
    0.3831000000000       0.2539507637520    
    0.3832000000000       0.2536146984960    
    0.3833000000000       0.2532786686640    
    0.3834000000000       0.2529426746880    
    0.3835000000000       0.2526067170000    
    0.3836000000000       0.2522707960320    
    0.3837000000000       0.2519349122160    
    0.3838000000000       0.2515990659840    
    0.3839000000000       0.2512632577680    
    0.3840000000000       0.2509274880000    
    0.3841000000000       0.2505917571120    
    0.3842000000000       0.2502560655360    
    0.3843000000000       0.2499204137040    
    0.3844000000000       0.2495848020480    
    0.3845000000000       0.2492492310000    
    0.3846000000000       0.2489137009920    
    0.3847000000000       0.2485782124560    
    0.3848000000000       0.2482427658240    
    0.3849000000000       0.2479073615280    
    0.3850000000000       0.2475720000000    
    0.3851000000000       0.2472366816720    
    0.3852000000000       0.2469014069760    
    0.3853000000000       0.2465661763440    
    0.3854000000000       0.2462309902080    
    0.3855000000000       0.2458958490000    
    0.3856000000000       0.2455607531520    
    0.3857000000000       0.2452257030960    
    0.3858000000000       0.2448906992640    
    0.3859000000000       0.2445557420880    
    0.3860000000000       0.2442208320000    
    0.3861000000000       0.2438859694320    
    0.3862000000000       0.2435511548160    
    0.3863000000000       0.2432163885840    
    0.3864000000000       0.2428816711680    
    0.3865000000000       0.2425470030000    
    0.3866000000000       0.2422123845120    
    0.3867000000000       0.2418778161360    
    0.3868000000000       0.2415432983040    
    0.3869000000000       0.2412088314480    
    0.3870000000000       0.2408744160000    
    0.3871000000000       0.2405400523920    
    0.3872000000000       0.2402057410560    
    0.3873000000000       0.2398714824240    
    0.3874000000000       0.2395372769280    
    0.3875000000000       0.2392031250000    
    0.3876000000000       0.2388690270720    
    0.3877000000000       0.2385349835760    
    0.3878000000000       0.2382009949440    
    0.3879000000000       0.2378670616080    
    0.3880000000000       0.2375331840000    
    0.3881000000000       0.2371993625520    
    0.3882000000000       0.2368655976960    
    0.3883000000000       0.2365318898640    
    0.3884000000000       0.2361982394880    
    0.3885000000000       0.2358646470000    
    0.3886000000000       0.2355311128320    
    0.3887000000000       0.2351976374160    
    0.3888000000000       0.2348642211840    
    0.3889000000000       0.2345308645680    
    0.3890000000000       0.2341975680000    
    0.3891000000000       0.2338643319120    
    0.3892000000000       0.2335311567360    
    0.3893000000000       0.2331980429040    
    0.3894000000000       0.2328649908480    
    0.3895000000000       0.2325320010000    
    0.3896000000000       0.2321990737920    
    0.3897000000000       0.2318662096560    
    0.3898000000000       0.2315334090240    
    0.3899000000000       0.2312006723280    
    0.3900000000000       0.2308680000000    
    0.3901000000000       0.2305353924720    
    0.3902000000000       0.2302028501760    
    0.3903000000000       0.2298703735440    
    0.3904000000000       0.2295379630080    
    0.3905000000000       0.2292056190000    
    0.3906000000000       0.2288733419520    
    0.3907000000000       0.2285411322960    
    0.3908000000000       0.2282089904640    
    0.3909000000000       0.2278769168880    
    0.3910000000000       0.2275449120000    
    0.3911000000000       0.2272129762320    
    0.3912000000000       0.2268811100160    
    0.3913000000000       0.2265493137840    
    0.3914000000000       0.2262175879680    
    0.3915000000000       0.2258859330000    
    0.3916000000000       0.2255543493120    
    0.3917000000000       0.2252228373360    
    0.3918000000000       0.2248913975040    
    0.3919000000000       0.2245600302480    
    0.3920000000000       0.2242287360000    
    0.3921000000000       0.2238975151920    
    0.3922000000000       0.2235663682560    
    0.3923000000000       0.2232352956240    
    0.3924000000000       0.2229042977280    
    0.3925000000000       0.2225733750000    
    0.3926000000000       0.2222425278720    
    0.3927000000000       0.2219117567760    
    0.3928000000000       0.2215810621440    
    0.3929000000000       0.2212504444080    
    0.3930000000000       0.2209199040000    
    0.3931000000000       0.2205894413520    
    0.3932000000000       0.2202590568960    
    0.3933000000000       0.2199287510640    
    0.3934000000000       0.2195985242880    
    0.3935000000000       0.2192683770000    
    0.3936000000000       0.2189383096320    
    0.3937000000000       0.2186083226160    
    0.3938000000000       0.2182784163840    
    0.3939000000000       0.2179485913680    
    0.3940000000000       0.2176188480000    
    0.3941000000000       0.2172891867120    
    0.3942000000000       0.2169596079360    
    0.3943000000000       0.2166301121040    
    0.3944000000000       0.2163006996480    
    0.3945000000000       0.2159713710000    
    0.3946000000000       0.2156421265920    
    0.3947000000000       0.2153129668560    
    0.3948000000000       0.2149838922240    
    0.3949000000000       0.2146549031280    
    0.3950000000000       0.2143260000000    
    0.3951000000000       0.2139971832720    
    0.3952000000000       0.2136684533760    
    0.3953000000000       0.2133398107440    
    0.3954000000000       0.2130112558080    
    0.3955000000000       0.2126827890000    
    0.3956000000000       0.2123544107520    
    0.3957000000000       0.2120261214960    
    0.3958000000000       0.2116979216640    
    0.3959000000000       0.2113698116880    
    0.3960000000000       0.2110417920000    
    0.3961000000000       0.2107138630320    
    0.3962000000000       0.2103860252160    
    0.3963000000000       0.2100582789840    
    0.3964000000000       0.2097306247680    
    0.3965000000000       0.2094030630000    
    0.3966000000000       0.2090755941120    
    0.3967000000000       0.2087482185360    
    0.3968000000000       0.2084209367040    
    0.3969000000000       0.2080937490480    
    0.3970000000000       0.2077666560000    
    0.3971000000000       0.2074396579920    
    0.3972000000000       0.2071127554560    
    0.3973000000000       0.2067859488240    
    0.3974000000000       0.2064592385280    
    0.3975000000000       0.2061326250000    
    0.3976000000000       0.2058061086720    
    0.3977000000000       0.2054796899760    
    0.3978000000000       0.2051533693440    
    0.3979000000000       0.2048271472080    
    0.3980000000000       0.2045010240000    
    0.3981000000000       0.2041750001520    
    0.3982000000000       0.2038490760960    
    0.3983000000000       0.2035232522640    
    0.3984000000000       0.2031975290880    
    0.3985000000000       0.2028719070000    
    0.3986000000000       0.2025463864320    
    0.3987000000000       0.2022209678160    
    0.3988000000000       0.2018956515840    
    0.3989000000000       0.2015704381680    
    0.3990000000000       0.2012453280000    
    0.3991000000000       0.2009203215120    
    0.3992000000000       0.2005954191360    
    0.3993000000000       0.2002706213040    
    0.3994000000000       0.1999459284480    
    0.3995000000000       0.1996213410000    
    0.3996000000000       0.1992968593920    
    0.3997000000000       0.1989724840560    
    0.3998000000000       0.1986482154240    
    0.3999000000000       0.1983240539280    
    0.4000000000000       0.1980000000000    
    0.4001000000000       0.1976760540720    
    0.4002000000000       0.1973522165760    
    0.4003000000000       0.1970284879440    
    0.4004000000000       0.1967048686080    
    0.4005000000000       0.1963813590000    
    0.4006000000000       0.1960579595520    
    0.4007000000000       0.1957346706960    
    0.4008000000000       0.1954114928640    
    0.4009000000000       0.1950884264880    
    0.4010000000000       0.1947654720000    
    0.4011000000000       0.1944426298320    
    0.4012000000000       0.1941199004160    
    0.4013000000000       0.1937972841840    
    0.4014000000000       0.1934747815680    
    0.4015000000000       0.1931523930000    
    0.4016000000000       0.1928301189120    
    0.4017000000000       0.1925079597360    
    0.4018000000000       0.1921859159040    
    0.4019000000000       0.1918639878480    
    0.4020000000000       0.1915421760000    
    0.4021000000000       0.1912204807920    
    0.4022000000000       0.1908989026560    
    0.4023000000000       0.1905774420240    
    0.4024000000000       0.1902560993280    
    0.4025000000000       0.1899348750000    
    0.4026000000000       0.1896137694720    
    0.4027000000000       0.1892927831760    
    0.4028000000000       0.1889719165440    
    0.4029000000000       0.1886511700080    
    0.4030000000000       0.1883305440000    
    0.4031000000000       0.1880100389520    
    0.4032000000000       0.1876896552960    
    0.4033000000000       0.1873693934640    
    0.4034000000000       0.1870492538880    
    0.4035000000000       0.1867292370000    
    0.4036000000000       0.1864093432320    
    0.4037000000000       0.1860895730160    
    0.4038000000000       0.1857699267840    
    0.4039000000000       0.1854504049680    
    0.4040000000000       0.1851310080000    
    0.4041000000000       0.1848117363120    
    0.4042000000000       0.1844925903360    
    0.4043000000000       0.1841735705040    
    0.4044000000000       0.1838546772480    
    0.4045000000000       0.1835359110000    
    0.4046000000000       0.1832172721920    
    0.4047000000000       0.1828987612560    
    0.4048000000000       0.1825803786240    
    0.4049000000000       0.1822621247280    
    0.4050000000000       0.1819440000000    
    0.4051000000000       0.1816260048720    
    0.4052000000000       0.1813081397760    
    0.4053000000000       0.1809904051440    
    0.4054000000000       0.1806728014080    
    0.4055000000000       0.1803553290000    
    0.4056000000000       0.1800379883520    
    0.4057000000000       0.1797207798960    
    0.4058000000000       0.1794037040640    
    0.4059000000000       0.1790867612880    
    0.4060000000000       0.1787699520000    
    0.4061000000000       0.1784532766320    
    0.4062000000000       0.1781367356160    
    0.4063000000000       0.1778203293840    
    0.4064000000000       0.1775040583680    
    0.4065000000000       0.1771879230000    
    0.4066000000000       0.1768719237120    
    0.4067000000000       0.1765560609360    
    0.4068000000000       0.1762403351040    
    0.4069000000000       0.1759247466480    
    0.4070000000000       0.1756092960000    
    0.4071000000000       0.1752939835920    
    0.4072000000000       0.1749788098560    
    0.4073000000000       0.1746637752240    
    0.4074000000000       0.1743488801280    
    0.4075000000000       0.1740341250000    
    0.4076000000000       0.1737195102720    
    0.4077000000000       0.1734050363760    
    0.4078000000000       0.1730907037440    
    0.4079000000000       0.1727765128080    
    0.4080000000000       0.1724624640000    
    0.4081000000000       0.1721485577520    
    0.4082000000000       0.1718347944960    
    0.4083000000000       0.1715211746640    
    0.4084000000000       0.1712076986880    
    0.4085000000000       0.1708943670000    
    0.4086000000000       0.1705811800320    
    0.4087000000000       0.1702681382160    
    0.4088000000000       0.1699552419840    
    0.4089000000000       0.1696424917680    
    0.4090000000000       0.1693298880000    
    0.4091000000000       0.1690174311120    
    0.4092000000000       0.1687051215360    
    0.4093000000000       0.1683929597040    
    0.4094000000000       0.1680809460480    
    0.4095000000000       0.1677690810000    
    0.4096000000000       0.1674573649920    
    0.4097000000000       0.1671457984560    
    0.4098000000000       0.1668343818240    
    0.4099000000000       0.1665231155280    
    0.4100000000000       0.1662120000000    
    0.4101000000000       0.1659010356720    
    0.4102000000000       0.1655902229760    
    0.4103000000000       0.1652795623440    
    0.4104000000000       0.1649690542080    
    0.4105000000000       0.1646586990000    
    0.4106000000000       0.1643484971520    
    0.4107000000000       0.1640384490960    
    0.4108000000000       0.1637285552640    
    0.4109000000000       0.1634188160880    
    0.4110000000000       0.1631092320000    
    0.4111000000000       0.1627998034320    
    0.4112000000000       0.1624905308160    
    0.4113000000000       0.1621814145840    
    0.4114000000000       0.1618724551680    
    0.4115000000000       0.1615636530000    
    0.4116000000000       0.1612550085120    
    0.4117000000000       0.1609465221360    
    0.4118000000000       0.1606381943040    
    0.4119000000000       0.1603300254480    
    0.4120000000000       0.1600220160000    
    0.4121000000000       0.1597141663920    
    0.4122000000000       0.1594064770560    
    0.4123000000000       0.1590989484240    
    0.4124000000000       0.1587915809280    
    0.4125000000000       0.1584843750000    
    0.4126000000000       0.1581773310720    
    0.4127000000000       0.1578704495760    
    0.4128000000000       0.1575637309440    
    0.4129000000000       0.1572571756080    
    0.4130000000000       0.1569507840000    
    0.4131000000000       0.1566445565520    
    0.4132000000000       0.1563384936960    
    0.4133000000000       0.1560325958640    
    0.4134000000000       0.1557268634880    
    0.4135000000000       0.1554212970000    
    0.4136000000000       0.1551158968320    
    0.4137000000000       0.1548106634160    
    0.4138000000000       0.1545055971840    
    0.4139000000000       0.1542006985680    
    0.4140000000000       0.1538959680000    
    0.4141000000000       0.1535914059120    
    0.4142000000000       0.1532870127360    
    0.4143000000000       0.1529827889040    
    0.4144000000000       0.1526787348480    
    0.4145000000000       0.1523748510000    
    0.4146000000000       0.1520711377920    
    0.4147000000000       0.1517675956560    
    0.4148000000000       0.1514642250240    
    0.4149000000000       0.1511610263280    
    0.4150000000000       0.1508580000000    
    0.4151000000000       0.1505551464720    
    0.4152000000000       0.1502524661760    
    0.4153000000000       0.1499499595440    
    0.4154000000000       0.1496476270080    
    0.4155000000000       0.1493454690000    
    0.4156000000000       0.1490434859520    
    0.4157000000000       0.1487416782960    
    0.4158000000000       0.1484400464640    
    0.4159000000000       0.1481385908880    
    0.4160000000000       0.1478373120000    
    0.4161000000000       0.1475362102320    
    0.4162000000000       0.1472352860160    
    0.4163000000000       0.1469345397840    
    0.4164000000000       0.1466339719680    
    0.4165000000000       0.1463335830000    
    0.4166000000000       0.1460333733120    
    0.4167000000000       0.1457333433360    
    0.4168000000000       0.1454334935040    
    0.4169000000000       0.1451338242480    
    0.4170000000000       0.1448343360000    
    0.4171000000000       0.1445350291920    
    0.4172000000000       0.1442359042560    
    0.4173000000000       0.1439369616240    
    0.4174000000000       0.1436382017280    
    0.4175000000000       0.1433396250000    
    0.4176000000000       0.1430412318720    
    0.4177000000000       0.1427430227760    
    0.4178000000000       0.1424449981440    
    0.4179000000000       0.1421471584080    
    0.4180000000000       0.1418495040000    
    0.4181000000000       0.1415520353520    
    0.4182000000000       0.1412547528960    
    0.4183000000000       0.1409576570640    
    0.4184000000000       0.1406607482880    
    0.4185000000000       0.1403640270000    
    0.4186000000000       0.1400674936320    
    0.4187000000000       0.1397711486160    
    0.4188000000000       0.1394749923840    
    0.4189000000000       0.1391790253680    
    0.4190000000000       0.1388832480000    
    0.4191000000000       0.1385876607120    
    0.4192000000000       0.1382922639360    
    0.4193000000000       0.1379970581040    
    0.4194000000000       0.1377020436480    
    0.4195000000000       0.1374072210000    
    0.4196000000000       0.1371125905920    
    0.4197000000000       0.1368181528560    
    0.4198000000000       0.1365239082240    
    0.4199000000000       0.1362298571280    
    0.4200000000000       0.1359360000000    
    0.4201000000000       0.1356423372720    
    0.4202000000000       0.1353488693760    
    0.4203000000000       0.1350555967440    
    0.4204000000000       0.1347625198080    
    0.4205000000000       0.1344696390000    
    0.4206000000000       0.1341769547520    
    0.4207000000000       0.1338844674960    
    0.4208000000000       0.1335921776640    
    0.4209000000000       0.1333000856880    
    0.4210000000000       0.1330081920000    
    0.4211000000000       0.1327164970320    
    0.4212000000000       0.1324250012160    
    0.4213000000000       0.1321337049840    
    0.4214000000000       0.1318426087680    
    0.4215000000000       0.1315517130000    
    0.4216000000000       0.1312610181120    
    0.4217000000000       0.1309705245360    
    0.4218000000000       0.1306802327040    
    0.4219000000000       0.1303901430480    
    0.4220000000000       0.1301002560000    
    0.4221000000000       0.1298105719920    
    0.4222000000000       0.1295210914560    
    0.4223000000000       0.1292318148240    
    0.4224000000000       0.1289427425280    
    0.4225000000000       0.1286538750000    
    0.4226000000000       0.1283652126720    
    0.4227000000000       0.1280767559760    
    0.4228000000000       0.1277885053440    
    0.4229000000000       0.1275004612080    
    0.4230000000000       0.1272126240000    
    0.4231000000000       0.1269249941520    
    0.4232000000000       0.1266375720960    
    0.4233000000000       0.1263503582640    
    0.4234000000000       0.1260633530880    
    0.4235000000000       0.1257765570000    
    0.4236000000000       0.1254899704320    
    0.4237000000000       0.1252035938160    
    0.4238000000000       0.1249174275840    
    0.4239000000000       0.1246314721680    
    0.4240000000000       0.1243457280000    
    0.4241000000000       0.1240601955120    
    0.4242000000000       0.1237748751360    
    0.4243000000000       0.1234897673040    
    0.4244000000000       0.1232048724480    
    0.4245000000000       0.1229201910000    
    0.4246000000000       0.1226357233920    
    0.4247000000000       0.1223514700560    
    0.4248000000000       0.1220674314240    
    0.4249000000000       0.1217836079280    
    0.4250000000000       0.1215000000000    
    0.4251000000000       0.1212166080720    
    0.4252000000000       0.1209334325760    
    0.4253000000000       0.1206504739440    
    0.4254000000000       0.1203677326080    
    0.4255000000000       0.1200852090000    
    0.4256000000000       0.1198029035520    
    0.4257000000000       0.1195208166960    
    0.4258000000000       0.1192389488640    
    0.4259000000000       0.1189573004880    
    0.4260000000000       0.1186758720000    
    0.4261000000000       0.1183946638320    
    0.4262000000000       0.1181136764160    
    0.4263000000000       0.1178329101840    
    0.4264000000000       0.1175523655680    
    0.4265000000000       0.1172720430000    
    0.4266000000000       0.1169919429120    
    0.4267000000000       0.1167120657360    
    0.4268000000000       0.1164324119040    
    0.4269000000000       0.1161529818480    
    0.4270000000000       0.1158737760000    
    0.4271000000000       0.1155947947920    
    0.4272000000000       0.1153160386560    
    0.4273000000000       0.1150375080240    
    0.4274000000000       0.1147592033280    
    0.4275000000000       0.1144811250000    
    0.4276000000000       0.1142032734720    
    0.4277000000000       0.1139256491760    
    0.4278000000000       0.1136482525440    
    0.4279000000000       0.1133710840080    
    0.4280000000000       0.1130941440000    
    0.4281000000000       0.1128174329520    
    0.4282000000000       0.1125409512960    
    0.4283000000000       0.1122646994640    
    0.4284000000000       0.1119886778880    
    0.4285000000000       0.1117128870000    
    0.4286000000000       0.1114373272320    
    0.4287000000000       0.1111619990160    
    0.4288000000000       0.1108869027840    
    0.4289000000000       0.1106120389680    
    0.4290000000000       0.1103374080000    
    0.4291000000000       0.1100630103120    
    0.4292000000000       0.1097888463360    
    0.4293000000000       0.1095149165040    
    0.4294000000000       0.1092412212480    
    0.4295000000000       0.1089677610000    
    0.4296000000000       0.1086945361920    
    0.4297000000000       0.1084215472560    
    0.4298000000000       0.1081487946240    
    0.4299000000000       0.1078762787280    
    0.4300000000000       0.1076040000000    
    0.4301000000000       0.1073319588720    
    0.4302000000000       0.1070601557760    
    0.4303000000000       0.1067885911440    
    0.4304000000000       0.1065172654080    
    0.4305000000000       0.1062461790000    
    0.4306000000000       0.1059753323520    
    0.4307000000000       0.1057047258960    
    0.4308000000000       0.1054343600640    
    0.4309000000000       0.1051642352880    
    0.4310000000000       0.1048943520000    
    0.4311000000000       0.1046247106320    
    0.4312000000000       0.1043553116160    
    0.4313000000000       0.1040861553840    
    0.4314000000000       0.1038172423680    
    0.4315000000000       0.1035485730000    
    0.4316000000000       0.1032801477120    
    0.4317000000000       0.1030119669360    
    0.4318000000000       0.1027440311040    
    0.4319000000000       0.1024763406480    
    0.4320000000000       0.1022088960000    
    0.4321000000000       0.1019416975920    
    0.4322000000000       0.1016747458560    
    0.4323000000000       0.1014080412240    
    0.4324000000000       0.1011415841280    
    0.4325000000000       0.1008753750000    
    0.4326000000000       0.1006094142720    
    0.4327000000000       0.1003437023760    
    0.4328000000000       0.1000782397440    
    0.4329000000000       9.9813026808000E-02
    0.4330000000000       9.9548064000000E-02
    0.4331000000000       9.9283351752000E-02
    0.4332000000000       9.9018890496000E-02
    0.4333000000000       9.8754680664000E-02
    0.4334000000000       9.8490722688000E-02
    0.4335000000000       9.8227017000000E-02
    0.4336000000000       9.7963564032000E-02
    0.4337000000000       9.7700364216000E-02
    0.4338000000000       9.7437417984000E-02
    0.4339000000000       9.7174725768000E-02
    0.4340000000000       9.6912288000000E-02
    0.4341000000000       9.6650105112000E-02
    0.4342000000000       9.6388177536000E-02
    0.4343000000000       9.6126505704000E-02
    0.4344000000000       9.5865090048000E-02
    0.4345000000000       9.5603931000000E-02
    0.4346000000000       9.5343028992000E-02
    0.4347000000000       9.5082384456000E-02
    0.4348000000000       9.4821997824000E-02
    0.4349000000000       9.4561869528000E-02
    0.4350000000000       9.4302000000000E-02
    0.4351000000000       9.4042389672000E-02
    0.4352000000000       9.3783038976000E-02
    0.4353000000000       9.3523948344000E-02
    0.4354000000000       9.3265118208000E-02
    0.4355000000000       9.3006549000000E-02
    0.4356000000000       9.2748241152000E-02
    0.4357000000000       9.2490195096000E-02
    0.4358000000000       9.2232411264000E-02
    0.4359000000000       9.1974890088000E-02
    0.4360000000000       9.1717632000000E-02
    0.4361000000000       9.1460637432000E-02
    0.4362000000000       9.1203906816000E-02
    0.4363000000000       9.0947440584000E-02
    0.4364000000000       9.0691239168000E-02
    0.4365000000000       9.0435303000000E-02
    0.4366000000000       9.0179632512000E-02
    0.4367000000000       8.9924228136000E-02
    0.4368000000000       8.9669090304000E-02
    0.4369000000000       8.9414219448000E-02
    0.4370000000000       8.9159616000000E-02
    0.4371000000000       8.8905280392000E-02
    0.4372000000000       8.8651213056000E-02
    0.4373000000000       8.8397414424000E-02
    0.4374000000000       8.8143884928000E-02
    0.4375000000000       8.7890625000000E-02
    0.4376000000000       8.7637635072000E-02
    0.4377000000000       8.7384915576000E-02
    0.4378000000000       8.7132466944000E-02
    0.4379000000000       8.6880289608000E-02
    0.4380000000000       8.6628384000000E-02
    0.4381000000000       8.6376750552000E-02
    0.4382000000000       8.6125389696000E-02
    0.4383000000000       8.5874301864000E-02
    0.4384000000000       8.5623487488000E-02
    0.4385000000000       8.5372947000000E-02
    0.4386000000000       8.5122680832000E-02
    0.4387000000000       8.4872689416000E-02
    0.4388000000000       8.4622973184000E-02
    0.4389000000000       8.4373532568000E-02
    0.4390000000000       8.4124368000000E-02
    0.4391000000000       8.3875479912000E-02
    0.4392000000000       8.3626868736000E-02
    0.4393000000000       8.3378534904000E-02
    0.4394000000000       8.3130478848000E-02
    0.4395000000000       8.2882701000000E-02
    0.4396000000000       8.2635201792000E-02
    0.4397000000000       8.2387981656000E-02
    0.4398000000000       8.2141041024000E-02
    0.4399000000000       8.1894380328000E-02
    0.4400000000000       8.1648000000000E-02
    0.4401000000000       8.1401900472000E-02
    0.4402000000000       8.1156082176000E-02
    0.4403000000000       8.0910545544000E-02
    0.4404000000000       8.0665291008000E-02
    0.4405000000000       8.0420319000000E-02
    0.4406000000000       8.0175629952000E-02
    0.4407000000000       7.9931224296000E-02
    0.4408000000000       7.9687102464000E-02
    0.4409000000000       7.9443264888000E-02
    0.4410000000000       7.9199712000000E-02
    0.4411000000000       7.8956444232000E-02
    0.4412000000000       7.8713462016000E-02
    0.4413000000000       7.8470765784000E-02
    0.4414000000000       7.8228355968000E-02
    0.4415000000000       7.7986233000000E-02
    0.4416000000000       7.7744397312000E-02
    0.4417000000000       7.7502849336000E-02
    0.4418000000000       7.7261589504000E-02
    0.4419000000000       7.7020618248000E-02
    0.4420000000000       7.6779936000000E-02
    0.4421000000000       7.6539543192000E-02
    0.4422000000000       7.6299440256000E-02
    0.4423000000000       7.6059627624000E-02
    0.4424000000000       7.5820105728000E-02
    0.4425000000000       7.5580875000000E-02
    0.4426000000000       7.5341935872000E-02
    0.4427000000000       7.5103288776000E-02
    0.4428000000000       7.4864934144000E-02
    0.4429000000000       7.4626872408000E-02
    0.4430000000000       7.4389104000000E-02
    0.4431000000000       7.4151629352000E-02
    0.4432000000000       7.3914448896000E-02
    0.4433000000000       7.3677563064000E-02
    0.4434000000000       7.3440972288000E-02
    0.4435000000000       7.3204677000000E-02
    0.4436000000000       7.2968677632000E-02
    0.4437000000000       7.2732974616000E-02
    0.4438000000000       7.2497568384000E-02
    0.4439000000000       7.2262459368000E-02
    0.4440000000000       7.2027648000000E-02
    0.4441000000000       7.1793134712000E-02
    0.4442000000000       7.1558919936000E-02
    0.4443000000000       7.1325004104000E-02
    0.4444000000000       7.1091387648000E-02
    0.4445000000000       7.0858071000000E-02
    0.4446000000000       7.0625054592000E-02
    0.4447000000000       7.0392338856000E-02
    0.4448000000000       7.0159924224000E-02
    0.4449000000000       6.9927811128000E-02
    0.4450000000000       6.9696000000000E-02
    0.4451000000000       6.9464491272000E-02
    0.4452000000000       6.9233285376000E-02
    0.4453000000000       6.9002382744000E-02
    0.4454000000000       6.8771783808000E-02
    0.4455000000000       6.8541489000000E-02
    0.4456000000000       6.8311498752000E-02
    0.4457000000000       6.8081813496000E-02
    0.4458000000000       6.7852433664000E-02
    0.4459000000000       6.7623359688000E-02
    0.4460000000000       6.7394592000000E-02
    0.4461000000000       6.7166131032000E-02
    0.4462000000000       6.6937977216000E-02
    0.4463000000000       6.6710130984000E-02
    0.4464000000000       6.6482592768000E-02
    0.4465000000000       6.6255363000000E-02
    0.4466000000000       6.6028442112000E-02
    0.4467000000000       6.5801830536000E-02
    0.4468000000000       6.5575528704000E-02
    0.4469000000000       6.5349537048000E-02
    0.4470000000000       6.5123856000000E-02
    0.4471000000000       6.4898485992000E-02
    0.4472000000000       6.4673427456000E-02
    0.4473000000000       6.4448680824000E-02
    0.4474000000000       6.4224246528000E-02
    0.4475000000000       6.4000125000000E-02
    0.4476000000000       6.3776316672000E-02
    0.4477000000000       6.3552821976000E-02
    0.4478000000000       6.3329641344000E-02
    0.4479000000000       6.3106775208000E-02
    0.4480000000000       6.2884224000000E-02
    0.4481000000000       6.2661988152000E-02
    0.4482000000000       6.2440068096000E-02
    0.4483000000000       6.2218464264000E-02
    0.4484000000000       6.1997177088000E-02
    0.4485000000000       6.1776207000000E-02
    0.4486000000000       6.1555554432000E-02
    0.4487000000000       6.1335219816000E-02
    0.4488000000000       6.1115203584000E-02
    0.4489000000000       6.0895506168000E-02
    0.4490000000000       6.0676128000000E-02
    0.4491000000000       6.0457069512000E-02
    0.4492000000000       6.0238331136000E-02
    0.4493000000000       6.0019913304000E-02
    0.4494000000000       5.9801816448000E-02
    0.4495000000000       5.9584041000000E-02
    0.4496000000000       5.9366587392000E-02
    0.4497000000000       5.9149456056000E-02
    0.4498000000000       5.8932647424000E-02
    0.4499000000000       5.8716161928000E-02
    0.4500000000000       5.8500000000000E-02
    0.4501000000000       5.8284162072000E-02
    0.4502000000000       5.8068648576000E-02
    0.4503000000000       5.7853459944000E-02
    0.4504000000000       5.7638596608000E-02
    0.4505000000000       5.7424059000000E-02
    0.4506000000000       5.7209847552000E-02
    0.4507000000000       5.6995962696000E-02
    0.4508000000000       5.6782404864000E-02
    0.4509000000000       5.6569174488000E-02
    0.4510000000000       5.6356272000000E-02
    0.4511000000000       5.6143697832000E-02
    0.4512000000000       5.5931452416000E-02
    0.4513000000000       5.5719536184000E-02
    0.4514000000000       5.5507949568000E-02
    0.4515000000000       5.5296693000000E-02
    0.4516000000000       5.5085766912000E-02
    0.4517000000000       5.4875171736000E-02
    0.4518000000000       5.4664907904000E-02
    0.4519000000000       5.4454975848000E-02
    0.4520000000000       5.4245376000000E-02
    0.4521000000000       5.4036108792000E-02
    0.4522000000000       5.3827174656000E-02
    0.4523000000000       5.3618574024000E-02
    0.4524000000000       5.3410307328000E-02
    0.4525000000000       5.3202375000000E-02
    0.4526000000000       5.2994777472000E-02
    0.4527000000000       5.2787515176000E-02
    0.4528000000000       5.2580588544000E-02
    0.4529000000000       5.2373998008000E-02
    0.4530000000000       5.2167744000000E-02
    0.4531000000000       5.1961826952000E-02
    0.4532000000000       5.1756247296000E-02
    0.4533000000000       5.1551005464000E-02
    0.4534000000000       5.1346101888000E-02
    0.4535000000000       5.1141537000000E-02
    0.4536000000000       5.0937311232000E-02
    0.4537000000000       5.0733425016000E-02
    0.4538000000000       5.0529878784000E-02
    0.4539000000000       5.0326672968000E-02
    0.4540000000000       5.0123808000000E-02
    0.4541000000000       4.9921284312000E-02
    0.4542000000000       4.9719102336000E-02
    0.4543000000000       4.9517262504000E-02
    0.4544000000000       4.9315765248000E-02
    0.4545000000000       4.9114611000000E-02
    0.4546000000000       4.8913800192000E-02
    0.4547000000000       4.8713333256000E-02
    0.4548000000000       4.8513210624000E-02
    0.4549000000000       4.8313432728000E-02
    0.4550000000000       4.8114000000000E-02
    0.4551000000000       4.7914912872000E-02
    0.4552000000000       4.7716171776000E-02
    0.4553000000000       4.7517777144000E-02
    0.4554000000000       4.7319729408000E-02
    0.4555000000000       4.7122029000000E-02
    0.4556000000000       4.6924676352000E-02
    0.4557000000000       4.6727671896000E-02
    0.4558000000000       4.6531016064000E-02
    0.4559000000000       4.6334709288000E-02
    0.4560000000000       4.6138752000000E-02
    0.4561000000000       4.5943144632000E-02
    0.4562000000000       4.5747887616000E-02
    0.4563000000000       4.5552981384000E-02
    0.4564000000000       4.5358426368000E-02
    0.4565000000000       4.5164223000000E-02
    0.4566000000000       4.4970371712000E-02
    0.4567000000000       4.4776872936000E-02
    0.4568000000000       4.4583727104000E-02
    0.4569000000000       4.4390934648000E-02
    0.4570000000000       4.4198496000000E-02
    0.4571000000000       4.4006411592000E-02
    0.4572000000000       4.3814681856000E-02
    0.4573000000000       4.3623307224000E-02
    0.4574000000000       4.3432288128000E-02
    0.4575000000000       4.3241625000000E-02
    0.4576000000000       4.3051318272000E-02
    0.4577000000000       4.2861368376000E-02
    0.4578000000000       4.2671775744000E-02
    0.4579000000000       4.2482540808000E-02
    0.4580000000000       4.2293664000000E-02
    0.4581000000000       4.2105145752000E-02
    0.4582000000000       4.1916986496000E-02
    0.4583000000000       4.1729186664000E-02
    0.4584000000000       4.1541746688000E-02
    0.4585000000000       4.1354667000000E-02
    0.4586000000000       4.1167948032000E-02
    0.4587000000000       4.0981590216000E-02
    0.4588000000000       4.0795593984000E-02
    0.4589000000000       4.0609959768000E-02
    0.4590000000000       4.0424688000000E-02
    0.4591000000000       4.0239779112000E-02
    0.4592000000000       4.0055233536000E-02
    0.4593000000000       3.9871051704000E-02
    0.4594000000000       3.9687234048000E-02
    0.4595000000000       3.9503781000000E-02
    0.4596000000000       3.9320692992000E-02
    0.4597000000000       3.9137970456000E-02
    0.4598000000000       3.8955613824000E-02
    0.4599000000000       3.8773623528000E-02
    0.4600000000000       3.8592000000000E-02
    0.4601000000000       3.8410743672000E-02
    0.4602000000000       3.8229854976000E-02
    0.4603000000000       3.8049334344000E-02
    0.4604000000000       3.7869182208000E-02
    0.4605000000000       3.7689399000000E-02
    0.4606000000000       3.7509985152000E-02
    0.4607000000000       3.7330941096000E-02
    0.4608000000000       3.7152267264000E-02
    0.4609000000000       3.6973964088000E-02
    0.4610000000000       3.6796032000000E-02
    0.4611000000000       3.6618471432000E-02
    0.4612000000000       3.6441282816000E-02
    0.4613000000000       3.6264466584000E-02
    0.4614000000000       3.6088023168000E-02
    0.4615000000000       3.5911953000000E-02
    0.4616000000000       3.5736256512000E-02
    0.4617000000000       3.5560934136000E-02
    0.4618000000000       3.5385986304000E-02
    0.4619000000000       3.5211413448000E-02
    0.4620000000000       3.5037216000000E-02
    0.4621000000000       3.4863394392000E-02
    0.4622000000000       3.4689949056000E-02
    0.4623000000000       3.4516880424000E-02
    0.4624000000000       3.4344188928000E-02
    0.4625000000000       3.4171875000000E-02
    0.4626000000000       3.3999939072000E-02
    0.4627000000000       3.3828381576000E-02
    0.4628000000000       3.3657202944000E-02
    0.4629000000000       3.3486403608000E-02
    0.4630000000000       3.3315984000000E-02
    0.4631000000000       3.3145944552000E-02
    0.4632000000000       3.2976285696000E-02
    0.4633000000000       3.2807007864000E-02
    0.4634000000000       3.2638111488000E-02
    0.4635000000000       3.2469597000000E-02
    0.4636000000000       3.2301464832000E-02
    0.4637000000000       3.2133715416000E-02
    0.4638000000000       3.1966349184000E-02
    0.4639000000000       3.1799366568000E-02
    0.4640000000000       3.1632768000000E-02
    0.4641000000000       3.1466553912000E-02
    0.4642000000000       3.1300724736000E-02
    0.4643000000000       3.1135280904000E-02
    0.4644000000000       3.0970222848000E-02
    0.4645000000000       3.0805551000000E-02
    0.4646000000000       3.0641265792000E-02
    0.4647000000000       3.0477367656000E-02
    0.4648000000000       3.0313857024000E-02
    0.4649000000000       3.0150734328000E-02
    0.4650000000000       2.9988000000000E-02
    0.4651000000000       2.9825654472000E-02
    0.4652000000000       2.9663698176000E-02
    0.4653000000000       2.9502131544000E-02
    0.4654000000000       2.9340955008000E-02
    0.4655000000000       2.9180169000000E-02
    0.4656000000000       2.9019773952000E-02
    0.4657000000000       2.8859770296000E-02
    0.4658000000000       2.8700158464000E-02
    0.4659000000000       2.8540938888000E-02
    0.4660000000000       2.8382112000000E-02
    0.4661000000000       2.8223678232000E-02
    0.4662000000000       2.8065638016000E-02
    0.4663000000000       2.7907991784000E-02
    0.4664000000000       2.7750739968000E-02
    0.4665000000000       2.7593883000000E-02
    0.4666000000000       2.7437421312000E-02
    0.4667000000000       2.7281355336000E-02
    0.4668000000000       2.7125685504000E-02
    0.4669000000000       2.6970412248000E-02
    0.4670000000000       2.6815536000000E-02
    0.4671000000000       2.6661057192000E-02
    0.4672000000000       2.6506976256000E-02
    0.4673000000000       2.6353293624000E-02
    0.4674000000000       2.6200009728000E-02
    0.4675000000000       2.6047125000000E-02
    0.4676000000000       2.5894639872000E-02
    0.4677000000000       2.5742554776000E-02
    0.4678000000000       2.5590870144000E-02
    0.4679000000000       2.5439586408000E-02
    0.4680000000000       2.5288704000000E-02
    0.4681000000000       2.5138223352000E-02
    0.4682000000000       2.4988144896000E-02
    0.4683000000000       2.4838469064000E-02
    0.4684000000000       2.4689196288000E-02
    0.4685000000000       2.4540327000000E-02
    0.4686000000000       2.4391861632000E-02
    0.4687000000000       2.4243800616000E-02
    0.4688000000000       2.4096144384000E-02
    0.4689000000000       2.3948893368000E-02
    0.4690000000000       2.3802048000000E-02
    0.4691000000000       2.3655608712000E-02
    0.4692000000000       2.3509575936000E-02
    0.4693000000000       2.3363950104000E-02
    0.4694000000000       2.3218731648000E-02
    0.4695000000000       2.3073921000000E-02
    0.4696000000000       2.2929518592000E-02
    0.4697000000000       2.2785524856000E-02
    0.4698000000000       2.2641940224000E-02
    0.4699000000000       2.2498765128000E-02
    0.4700000000000       2.2356000000000E-02
    0.4701000000000       2.2213645272000E-02
    0.4702000000000       2.2071701376000E-02
    0.4703000000000       2.1930168744000E-02
    0.4704000000000       2.1789047808000E-02
    0.4705000000000       2.1648339000000E-02
    0.4706000000000       2.1508042752000E-02
    0.4707000000000       2.1368159496000E-02
    0.4708000000000       2.1228689664000E-02
    0.4709000000000       2.1089633688000E-02
    0.4710000000000       2.0950992000000E-02
    0.4711000000000       2.0812765032000E-02
    0.4712000000000       2.0674953216000E-02
    0.4713000000000       2.0537556984000E-02
    0.4714000000000       2.0400576768000E-02
    0.4715000000000       2.0264013000000E-02
    0.4716000000000       2.0127866112000E-02
    0.4717000000000       1.9992136536000E-02
    0.4718000000000       1.9856824704000E-02
    0.4719000000000       1.9721931048000E-02
    0.4720000000000       1.9587456000000E-02
    0.4721000000000       1.9453399992000E-02
    0.4722000000000       1.9319763456000E-02
    0.4723000000000       1.9186546824000E-02
    0.4724000000000       1.9053750528000E-02
    0.4725000000000       1.8921375000000E-02
    0.4726000000000       1.8789420672000E-02
    0.4727000000000       1.8657887976000E-02
    0.4728000000000       1.8526777344000E-02
    0.4729000000000       1.8396089208000E-02
    0.4730000000000       1.8265824000000E-02
    0.4731000000000       1.8135982152000E-02
    0.4732000000000       1.8006564096000E-02
    0.4733000000000       1.7877570264000E-02
    0.4734000000000       1.7749001088000E-02
    0.4735000000000       1.7620857000000E-02
    0.4736000000000       1.7493138432000E-02
    0.4737000000000       1.7365845816000E-02
    0.4738000000000       1.7238979584000E-02
    0.4739000000000       1.7112540168000E-02
    0.4740000000000       1.6986528000000E-02
    0.4741000000000       1.6860943512000E-02
    0.4742000000000       1.6735787136000E-02
    0.4743000000000       1.6611059304000E-02
    0.4744000000000       1.6486760448000E-02
    0.4745000000000       1.6362891000000E-02
    0.4746000000000       1.6239451392000E-02
    0.4747000000000       1.6116442056000E-02
    0.4748000000000       1.5993863424000E-02
    0.4749000000000       1.5871715928000E-02
    0.4750000000000       1.5750000000000E-02
    0.4751000000000       1.5628716072000E-02
    0.4752000000000       1.5507864576000E-02
    0.4753000000000       1.5387445944000E-02
    0.4754000000000       1.5267460608000E-02
    0.4755000000000       1.5147909000000E-02
    0.4756000000000       1.5028791552000E-02
    0.4757000000000       1.4910108696000E-02
    0.4758000000000       1.4791860864000E-02
    0.4759000000000       1.4674048488000E-02
    0.4760000000000       1.4556672000000E-02
    0.4761000000000       1.4439731832000E-02
    0.4762000000000       1.4323228416000E-02
    0.4763000000000       1.4207162184000E-02
    0.4764000000000       1.4091533568000E-02
    0.4765000000000       1.3976343000000E-02
    0.4766000000000       1.3861590912000E-02
    0.4767000000000       1.3747277736000E-02
    0.4768000000000       1.3633403904000E-02
    0.4769000000000       1.3519969848000E-02
    0.4770000000000       1.3406976000000E-02
    0.4771000000000       1.3294422792000E-02
    0.4772000000000       1.3182310656000E-02
    0.4773000000000       1.3070640024000E-02
    0.4774000000000       1.2959411328000E-02
    0.4775000000000       1.2848625000000E-02
    0.4776000000000       1.2738281472000E-02
    0.4777000000000       1.2628381176000E-02
    0.4778000000000       1.2518924544000E-02
    0.4779000000000       1.2409912008000E-02
    0.4780000000000       1.2301344000000E-02
    0.4781000000000       1.2193220952000E-02
    0.4782000000000       1.2085543296000E-02
    0.4783000000000       1.1978311464000E-02
    0.4784000000000       1.1871525888000E-02
    0.4785000000000       1.1765187000000E-02
    0.4786000000000       1.1659295232000E-02
    0.4787000000000       1.1553851016000E-02
    0.4788000000000       1.1448854784000E-02
    0.4789000000000       1.1344306968000E-02
    0.4790000000000       1.1240208000000E-02
    0.4791000000000       1.1136558312000E-02
    0.4792000000000       1.1033358336000E-02
    0.4793000000000       1.0930608504000E-02
    0.4794000000000       1.0828309248000E-02
    0.4795000000000       1.0726461000000E-02
    0.4796000000000       1.0625064192000E-02
    0.4797000000000       1.0524119256000E-02
    0.4798000000000       1.0423626624000E-02
    0.4799000000000       1.0323586728000E-02
    0.4800000000000       1.0224000000000E-02
    0.4801000000000       1.0124866872000E-02
    0.4802000000000       1.0026187776000E-02
    0.4803000000000       9.9279631440000E-03
    0.4804000000000       9.8301934080000E-03
    0.4805000000000       9.7328790000000E-03
    0.4806000000000       9.6360203520000E-03
    0.4807000000000       9.5396178960000E-03
    0.4808000000000       9.4436720640000E-03
    0.4809000000000       9.3481832880000E-03
    0.4810000000000       9.2531520000000E-03
    0.4811000000000       9.1585786320000E-03
    0.4812000000000       9.0644636160000E-03
    0.4813000000000       8.9708073840000E-03
    0.4814000000000       8.8776103680000E-03
    0.4815000000000       8.7848730000000E-03
    0.4816000000000       8.6925957120000E-03
    0.4817000000000       8.6007789360000E-03
    0.4818000000000       8.5094231040000E-03
    0.4819000000000       8.4185286480000E-03
    0.4820000000000       8.3280960000000E-03
    0.4821000000000       8.2381255920000E-03
    0.4822000000000       8.1486178560000E-03
    0.4823000000000       8.0595732240000E-03
    0.4824000000000       7.9709921280000E-03
    0.4825000000000       7.8828750000000E-03
    0.4826000000000       7.7952222720000E-03
    0.4827000000000       7.7080343760000E-03
    0.4828000000000       7.6213117440000E-03
    0.4829000000000       7.5350548080000E-03
    0.4830000000000       7.4492640000000E-03
    0.4831000000000       7.3639397520000E-03
    0.4832000000000       7.2790824960000E-03
    0.4833000000000       7.1946926640000E-03
    0.4834000000000       7.1107706880000E-03
    0.4835000000000       7.0273170000000E-03
    0.4836000000000       6.9443320320000E-03
    0.4837000000000       6.8618162160000E-03
    0.4838000000000       6.7797699840000E-03
    0.4839000000000       6.6981937680000E-03
    0.4840000000000       6.6170880000000E-03
    0.4841000000000       6.5364531120000E-03
    0.4842000000000       6.4562895360000E-03
    0.4843000000000       6.3765977040000E-03
    0.4844000000000       6.2973780480000E-03
    0.4845000000000       6.2186310000000E-03
    0.4846000000000       6.1403569920000E-03
    0.4847000000000       6.0625564560000E-03
    0.4848000000000       5.9852298240000E-03
    0.4849000000000       5.9083775280000E-03
    0.4850000000000       5.8320000000000E-03
    0.4851000000000       5.7560976720000E-03
    0.4852000000000       5.6806709760000E-03
    0.4853000000000       5.6057203440000E-03
    0.4854000000000       5.5312462080000E-03
    0.4855000000000       5.4572490000000E-03
    0.4856000000000       5.3837291520000E-03
    0.4857000000000       5.3106870960000E-03
    0.4858000000000       5.2381232640000E-03
    0.4859000000000       5.1660380880000E-03
    0.4860000000000       5.0944320000000E-03
    0.4861000000000       5.0233054320000E-03
    0.4862000000000       4.9526588160000E-03
    0.4863000000000       4.8824925840000E-03
    0.4864000000000       4.8128071680000E-03
    0.4865000000000       4.7436030000000E-03
    0.4866000000000       4.6748805120000E-03
    0.4867000000000       4.6066401360000E-03
    0.4868000000000       4.5388823040000E-03
    0.4869000000000       4.4716074480000E-03
    0.4870000000000       4.4048160000000E-03
    0.4871000000000       4.3385083920000E-03
    0.4872000000000       4.2726850560000E-03
    0.4873000000000       4.2073464240000E-03
    0.4874000000000       4.1424929280000E-03
    0.4875000000000       4.0781250000000E-03
    0.4876000000000       4.0142430720000E-03
    0.4877000000000       3.9508475760000E-03
    0.4878000000000       3.8879389440000E-03
    0.4879000000000       3.8255176080000E-03
    0.4880000000000       3.7635840000000E-03
    0.4881000000000       3.7021385520000E-03
    0.4882000000000       3.6411816960000E-03
    0.4883000000000       3.5807138640000E-03
    0.4884000000000       3.5207354880000E-03
    0.4885000000000       3.4612470000000E-03
    0.4886000000000       3.4022488320000E-03
    0.4887000000000       3.3437414160000E-03
    0.4888000000000       3.2857251840000E-03
    0.4889000000000       3.2282005680000E-03
    0.4890000000000       3.1711680000000E-03
    0.4891000000000       3.1146279120000E-03
    0.4892000000000       3.0585807360000E-03
    0.4893000000000       3.0030269040000E-03
    0.4894000000000       2.9479668480000E-03
    0.4895000000000       2.8934010000000E-03
    0.4896000000000       2.8393297920000E-03
    0.4897000000000       2.7857536560000E-03
    0.4898000000000       2.7326730240000E-03
    0.4899000000000       2.6800883280000E-03
    0.4900000000000       2.6280000000000E-03
    0.4901000000000       2.5764084720000E-03
    0.4902000000000       2.5253141760000E-03
    0.4903000000000       2.4747175440000E-03
    0.4904000000000       2.4246190080000E-03
    0.4905000000000       2.3750190000000E-03
    0.4906000000000       2.3259179520000E-03
    0.4907000000000       2.2773162960000E-03
    0.4908000000000       2.2292144640000E-03
    0.4909000000000       2.1816128880000E-03
    0.4910000000000       2.1345120000000E-03
    0.4911000000000       2.0879122320000E-03
    0.4912000000000       2.0418140160000E-03
    0.4913000000000       1.9962177840000E-03
    0.4914000000000       1.9511239680000E-03
    0.4915000000000       1.9065330000000E-03
    0.4916000000000       1.8624453120000E-03
    0.4917000000000       1.8188613360000E-03
    0.4918000000000       1.7757815040000E-03
    0.4919000000000       1.7332062480000E-03
    0.4920000000000       1.6911360000000E-03
    0.4921000000000       1.6495711920000E-03
    0.4922000000000       1.6085122560000E-03
    0.4923000000000       1.5679596240000E-03
    0.4924000000000       1.5279137280000E-03
    0.4925000000000       1.4883750000000E-03
    0.4926000000000       1.4493438720000E-03
    0.4927000000000       1.4108207760000E-03
    0.4928000000000       1.3728061440000E-03
    0.4929000000000       1.3353004080000E-03
    0.4930000000000       1.2983040000000E-03
    0.4931000000000       1.2618173520000E-03
    0.4932000000000       1.2258408960000E-03
    0.4933000000000       1.1903750640000E-03
    0.4934000000000       1.1554202880000E-03
    0.4935000000000       1.1209770000000E-03
    0.4936000000000       1.0870456320000E-03
    0.4937000000000       1.0536266160000E-03
    0.4938000000000       1.0207203840000E-03
    0.4939000000000       9.8832736800000E-04
    0.4940000000000       9.5644800000000E-04
    0.4941000000000       9.2508271200000E-04
    0.4942000000000       8.9423193600000E-04
    0.4943000000000       8.6389610400000E-04
    0.4944000000000       8.3407564800000E-04
    0.4945000000000       8.0477100000000E-04
    0.4946000000000       7.7598259200000E-04
    0.4947000000000       7.4771085600000E-04
    0.4948000000000       7.1995622400000E-04
    0.4949000000000       6.9271912800000E-04
    0.4950000000000       6.6600000000000E-04
    0.4951000000000       6.3979927200000E-04
    0.4952000000000       6.1411737600000E-04
    0.4953000000000       5.8895474400000E-04
    0.4954000000000       5.6431180800000E-04
    0.4955000000000       5.4018900000000E-04
    0.4956000000000       5.1658675200000E-04
    0.4957000000000       4.9350549600000E-04
    0.4958000000000       4.7094566400000E-04
    0.4959000000000       4.4890768800000E-04
    0.4960000000000       4.2739200000000E-04
    0.4961000000000       4.0639903200000E-04
    0.4962000000000       3.8592921600000E-04
    0.4963000000000       3.6598298400000E-04
    0.4964000000000       3.4656076800000E-04
    0.4965000000000       3.2766300000000E-04
    0.4966000000000       3.0929011200000E-04
    0.4967000000000       2.9144253600000E-04
    0.4968000000000       2.7412070400000E-04
    0.4969000000000       2.5732504800000E-04
    0.4970000000000       2.4105600000000E-04
    0.4971000000000       2.2531399200000E-04
    0.4972000000000       2.1009945600000E-04
    0.4973000000000       1.9541282400000E-04
    0.4974000000000       1.8125452800000E-04
    0.4975000000000       1.6762500000000E-04
    0.4976000000000       1.5452467200000E-04
    0.4977000000000       1.4195397600000E-04
    0.4978000000000       1.2991334400000E-04
    0.4979000000000       1.1840320800000E-04
    0.4980000000000       1.0742400000000E-04
    0.4981000000000       9.6976151999900E-05
    0.4982000000000       8.7060095999900E-05
    0.4983000000000       7.7676263999800E-05
    0.4984000000000       6.8825087999900E-05
    0.4985000000000       6.0506999999700E-05
    0.4986000000000       5.2722432000200E-05
    0.4987000000000       4.5471816000100E-05
    0.4988000000000       3.8755583999900E-05
    0.4989000000000       3.2574168000000E-05
    0.4990000000000       2.6927999999900E-05
    0.4991000000000       2.1817511999900E-05
    0.4992000000000       1.7243136000200E-05
    0.4993000000000       1.3205304000200E-05
    0.4994000000000       9.7044480000800E-06
    0.4995000000000       6.7410000000900E-06
    0.4996000000000       4.3153919999700E-06
    0.4997000000000       2.4280560000400E-06
    0.4998000000000       1.0794240000700E-06
    0.4999000000000       2.6992799995200E-07
    0.5000000000000        0.000000000000    
    0.5001000000000       2.6992800000000E-07
    0.5002000000000       1.0794240000000E-06
    0.5003000000000       2.4280560000000E-06
    0.5004000000000       4.3153920000000E-06
    0.5005000000000       6.7410000000000E-06
    0.5006000000000       9.7044480000000E-06
    0.5007000000000       1.3205304000000E-05
    0.5008000000000       1.7243136000000E-05
    0.5009000000000       2.1817512000000E-05
    0.5010000000000       2.6928000000000E-05
    0.5011000000000       3.2574168000000E-05
    0.5012000000000       3.8755584000000E-05
    0.5013000000000       4.5471816000000E-05
    0.5014000000000       5.2722432000000E-05
    0.5015000000000       6.0507000000000E-05
    0.5016000000000       6.8825088000000E-05
    0.5017000000000       7.7676264000000E-05
    0.5018000000000       8.7060096000000E-05
    0.5019000000000       9.6976152000000E-05
    0.5020000000000       1.0742400000000E-04
    0.5021000000000       1.1840320800000E-04
    0.5022000000000       1.2991334400000E-04
    0.5023000000000       1.4195397600000E-04
    0.5024000000000       1.5452467200000E-04
    0.5025000000000       1.6762500000000E-04
    0.5026000000000       1.8125452800000E-04
    0.5027000000000       1.9541282400000E-04
    0.5028000000000       2.1009945600000E-04
    0.5029000000000       2.2531399200000E-04
    0.5030000000000       2.4105600000000E-04
    0.5031000000000       2.5732504800000E-04
    0.5032000000000       2.7412070400000E-04
    0.5033000000000       2.9144253600000E-04
    0.5034000000000       3.0929011200000E-04
    0.5035000000000       3.2766300000000E-04
    0.5036000000000       3.4656076800000E-04
    0.5037000000000       3.6598298400000E-04
    0.5038000000000       3.8592921600000E-04
    0.5039000000000       4.0639903200000E-04
    0.5040000000000       4.2739200000000E-04
    0.5041000000000       4.4890768800000E-04
    0.5042000000000       4.7094566400000E-04
    0.5043000000000       4.9350549600000E-04
    0.5044000000000       5.1658675200000E-04
    0.5045000000000       5.4018900000000E-04
    0.5046000000000       5.6431180800000E-04
    0.5047000000000       5.8895474400000E-04
    0.5048000000000       6.1411737600000E-04
    0.5049000000000       6.3979927200000E-04
    0.5050000000000       6.6600000000000E-04
    0.5051000000000       6.9271912800000E-04
    0.5052000000000       7.1995622400000E-04
    0.5053000000000       7.4771085600000E-04
    0.5054000000000       7.7598259200000E-04
    0.5055000000000       8.0477100000000E-04
    0.5056000000000       8.3407564800000E-04
    0.5057000000000       8.6389610400000E-04
    0.5058000000000       8.9423193600000E-04
    0.5059000000000       9.2508271200000E-04
    0.5060000000000       9.5644800000000E-04
    0.5061000000000       9.8832736800000E-04
    0.5062000000000       1.0207203840000E-03
    0.5063000000000       1.0536266160000E-03
    0.5064000000000       1.0870456320000E-03
    0.5065000000000       1.1209770000000E-03
    0.5066000000000       1.1554202880000E-03
    0.5067000000000       1.1903750640000E-03
    0.5068000000000       1.2258408960000E-03
    0.5069000000000       1.2618173520000E-03
    0.5070000000000       1.2983040000000E-03
    0.5071000000000       1.3353004080000E-03
    0.5072000000000       1.3728061440000E-03
    0.5073000000000       1.4108207760000E-03
    0.5074000000000       1.4493438720000E-03
    0.5075000000000       1.4883750000000E-03
    0.5076000000000       1.5279137280000E-03
    0.5077000000000       1.5679596240000E-03
    0.5078000000000       1.6085122560000E-03
    0.5079000000000       1.6495711920000E-03
    0.5080000000000       1.6911360000000E-03
    0.5081000000000       1.7332062480000E-03
    0.5082000000000       1.7757815040000E-03
    0.5083000000000       1.8188613360000E-03
    0.5084000000000       1.8624453120000E-03
    0.5085000000000       1.9065330000000E-03
    0.5086000000000       1.9511239680000E-03
    0.5087000000000       1.9962177840000E-03
    0.5088000000000       2.0418140160000E-03
    0.5089000000000       2.0879122320000E-03
    0.5090000000000       2.1345120000000E-03
    0.5091000000000       2.1816128880000E-03
    0.5092000000000       2.2292144640000E-03
    0.5093000000000       2.2773162960000E-03
    0.5094000000000       2.3259179520000E-03
    0.5095000000000       2.3750190000000E-03
    0.5096000000000       2.4246190080000E-03
    0.5097000000000       2.4747175440000E-03
    0.5098000000000       2.5253141760000E-03
    0.5099000000000       2.5764084720000E-03
    0.5100000000000       2.6280000000000E-03
    0.5101000000000       2.6800883280000E-03
    0.5102000000000       2.7326730240000E-03
    0.5103000000000       2.7857536560000E-03
    0.5104000000000       2.8393297920000E-03
    0.5105000000000       2.8934010000000E-03
    0.5106000000000       2.9479668480000E-03
    0.5107000000000       3.0030269040000E-03
    0.5108000000000       3.0585807360000E-03
    0.5109000000000       3.1146279120000E-03
    0.5110000000000       3.1711680000000E-03
    0.5111000000000       3.2282005680000E-03
    0.5112000000000       3.2857251840000E-03
    0.5113000000000       3.3437414160000E-03
    0.5114000000000       3.4022488320000E-03
    0.5115000000000       3.4612470000000E-03
    0.5116000000000       3.5207354880000E-03
    0.5117000000000       3.5807138640000E-03
    0.5118000000000       3.6411816960000E-03
    0.5119000000000       3.7021385520000E-03
    0.5120000000000       3.7635840000000E-03
    0.5121000000000       3.8255176080000E-03
    0.5122000000000       3.8879389440000E-03
    0.5123000000000       3.9508475760000E-03
    0.5124000000000       4.0142430720000E-03
    0.5125000000000       4.0781250000000E-03
    0.5126000000000       4.1424929280000E-03
    0.5127000000000       4.2073464240000E-03
    0.5128000000000       4.2726850560000E-03
    0.5129000000000       4.3385083920000E-03
    0.5130000000000       4.4048160000000E-03
    0.5131000000000       4.4716074480000E-03
    0.5132000000000       4.5388823040000E-03
    0.5133000000000       4.6066401360000E-03
    0.5134000000000       4.6748805120000E-03
    0.5135000000000       4.7436030000000E-03
    0.5136000000000       4.8128071680000E-03
    0.5137000000000       4.8824925840000E-03
    0.5138000000000       4.9526588160000E-03
    0.5139000000000       5.0233054320000E-03
    0.5140000000000       5.0944320000000E-03
    0.5141000000000       5.1660380880000E-03
    0.5142000000000       5.2381232640000E-03
    0.5143000000000       5.3106870960000E-03
    0.5144000000000       5.3837291520000E-03
    0.5145000000000       5.4572490000000E-03
    0.5146000000000       5.5312462080000E-03
    0.5147000000000       5.6057203440000E-03
    0.5148000000000       5.6806709760000E-03
    0.5149000000000       5.7560976720000E-03
    0.5150000000000       5.8320000000000E-03
    0.5151000000000       5.9083775280000E-03
    0.5152000000000       5.9852298240000E-03
    0.5153000000000       6.0625564560000E-03
    0.5154000000000       6.1403569920000E-03
    0.5155000000000       6.2186310000000E-03
    0.5156000000000       6.2973780480000E-03
    0.5157000000000       6.3765977040000E-03
    0.5158000000000       6.4562895360000E-03
    0.5159000000000       6.5364531120000E-03
    0.5160000000000       6.6170880000000E-03
    0.5161000000000       6.6981937680000E-03
    0.5162000000000       6.7797699840000E-03
    0.5163000000000       6.8618162160000E-03
    0.5164000000000       6.9443320320000E-03
    0.5165000000000       7.0273170000000E-03
    0.5166000000000       7.1107706880000E-03
    0.5167000000000       7.1946926640000E-03
    0.5168000000000       7.2790824960000E-03
    0.5169000000000       7.3639397520000E-03
    0.5170000000000       7.4492640000000E-03
    0.5171000000000       7.5350548080000E-03
    0.5172000000000       7.6213117440000E-03
    0.5173000000000       7.7080343760000E-03
    0.5174000000000       7.7952222720000E-03
    0.5175000000000       7.8828750000000E-03
    0.5176000000000       7.9709921280000E-03
    0.5177000000000       8.0595732240000E-03
    0.5178000000000       8.1486178560000E-03
    0.5179000000000       8.2381255920000E-03
    0.5180000000000       8.3280960000000E-03
    0.5181000000000       8.4185286480000E-03
    0.5182000000000       8.5094231040000E-03
    0.5183000000000       8.6007789360000E-03
    0.5184000000000       8.6925957120000E-03
    0.5185000000000       8.7848730000000E-03
    0.5186000000000       8.8776103680000E-03
    0.5187000000000       8.9708073840000E-03
    0.5188000000000       9.0644636160000E-03
    0.5189000000000       9.1585786320000E-03
    0.5190000000000       9.2531520000000E-03
    0.5191000000000       9.3481832880000E-03
    0.5192000000000       9.4436720640000E-03
    0.5193000000000       9.5396178960000E-03
    0.5194000000000       9.6360203520000E-03
    0.5195000000000       9.7328790000000E-03
    0.5196000000000       9.8301934080000E-03
    0.5197000000000       9.9279631440000E-03
    0.5198000000000       1.0026187776000E-02
    0.5199000000000       1.0124866872000E-02
    0.5200000000000       1.0224000000000E-02
    0.5201000000000       1.0323586728000E-02
    0.5202000000000       1.0423626624000E-02
    0.5203000000000       1.0524119256000E-02
    0.5204000000000       1.0625064192000E-02
    0.5205000000000       1.0726461000000E-02
    0.5206000000000       1.0828309248000E-02
    0.5207000000000       1.0930608504000E-02
    0.5208000000000       1.1033358336000E-02
    0.5209000000000       1.1136558312000E-02
    0.5210000000000       1.1240208000000E-02
    0.5211000000000       1.1344306968000E-02
    0.5212000000000       1.1448854784000E-02
    0.5213000000000       1.1553851016000E-02
    0.5214000000000       1.1659295232000E-02
    0.5215000000000       1.1765187000000E-02
    0.5216000000000       1.1871525888000E-02
    0.5217000000000       1.1978311464000E-02
    0.5218000000000       1.2085543296000E-02
    0.5219000000000       1.2193220952000E-02
    0.5220000000000       1.2301344000000E-02
    0.5221000000000       1.2409912008000E-02
    0.5222000000000       1.2518924544000E-02
    0.5223000000000       1.2628381176000E-02
    0.5224000000000       1.2738281472000E-02
    0.5225000000000       1.2848625000000E-02
    0.5226000000000       1.2959411328000E-02
    0.5227000000000       1.3070640024000E-02
    0.5228000000000       1.3182310656000E-02
    0.5229000000000       1.3294422792000E-02
    0.5230000000000       1.3406976000000E-02
    0.5231000000000       1.3519969848000E-02
    0.5232000000000       1.3633403904000E-02
    0.5233000000000       1.3747277736000E-02
    0.5234000000000       1.3861590912000E-02
    0.5235000000000       1.3976343000000E-02
    0.5236000000000       1.4091533568000E-02
    0.5237000000000       1.4207162184000E-02
    0.5238000000000       1.4323228416000E-02
    0.5239000000000       1.4439731832000E-02
    0.5240000000000       1.4556672000000E-02
    0.5241000000000       1.4674048488000E-02
    0.5242000000000       1.4791860864000E-02
    0.5243000000000       1.4910108696000E-02
    0.5244000000000       1.5028791552000E-02
    0.5245000000000       1.5147909000000E-02
    0.5246000000000       1.5267460608000E-02
    0.5247000000000       1.5387445944000E-02
    0.5248000000000       1.5507864576000E-02
    0.5249000000000       1.5628716072000E-02
    0.5250000000000       1.5750000000000E-02
    0.5251000000000       1.5871715928000E-02
    0.5252000000000       1.5993863424000E-02
    0.5253000000000       1.6116442056000E-02
    0.5254000000000       1.6239451392000E-02
    0.5255000000000       1.6362891000000E-02
    0.5256000000000       1.6486760448000E-02
    0.5257000000000       1.6611059304000E-02
    0.5258000000000       1.6735787136000E-02
    0.5259000000000       1.6860943512000E-02
    0.5260000000000       1.6986528000000E-02
    0.5261000000000       1.7112540168000E-02
    0.5262000000000       1.7238979584000E-02
    0.5263000000000       1.7365845816000E-02
    0.5264000000000       1.7493138432000E-02
    0.5265000000000       1.7620857000000E-02
    0.5266000000000       1.7749001088000E-02
    0.5267000000000       1.7877570264000E-02
    0.5268000000000       1.8006564096000E-02
    0.5269000000000       1.8135982152000E-02
    0.5270000000000       1.8265824000000E-02
    0.5271000000000       1.8396089208000E-02
    0.5272000000000       1.8526777344000E-02
    0.5273000000000       1.8657887976000E-02
    0.5274000000000       1.8789420672000E-02
    0.5275000000000       1.8921375000000E-02
    0.5276000000000       1.9053750528000E-02
    0.5277000000000       1.9186546824000E-02
    0.5278000000000       1.9319763456000E-02
    0.5279000000000       1.9453399992000E-02
    0.5280000000000       1.9587456000000E-02
    0.5281000000000       1.9721931048000E-02
    0.5282000000000       1.9856824704000E-02
    0.5283000000000       1.9992136536000E-02
    0.5284000000000       2.0127866112000E-02
    0.5285000000000       2.0264013000000E-02
    0.5286000000000       2.0400576768000E-02
    0.5287000000000       2.0537556984000E-02
    0.5288000000000       2.0674953216000E-02
    0.5289000000000       2.0812765032000E-02
    0.5290000000000       2.0950992000000E-02
    0.5291000000000       2.1089633688000E-02
    0.5292000000000       2.1228689664000E-02
    0.5293000000000       2.1368159496000E-02
    0.5294000000000       2.1508042752000E-02
    0.5295000000000       2.1648339000000E-02
    0.5296000000000       2.1789047808000E-02
    0.5297000000000       2.1930168744000E-02
    0.5298000000000       2.2071701376000E-02
    0.5299000000000       2.2213645272000E-02
    0.5300000000000       2.2356000000000E-02
    0.5301000000000       2.2498765128000E-02
    0.5302000000000       2.2641940224000E-02
    0.5303000000000       2.2785524856000E-02
    0.5304000000000       2.2929518592000E-02
    0.5305000000000       2.3073921000000E-02
    0.5306000000000       2.3218731648000E-02
    0.5307000000000       2.3363950104000E-02
    0.5308000000000       2.3509575936000E-02
    0.5309000000000       2.3655608712000E-02
    0.5310000000000       2.3802048000000E-02
    0.5311000000000       2.3948893368000E-02
    0.5312000000000       2.4096144384000E-02
    0.5313000000000       2.4243800616000E-02
    0.5314000000000       2.4391861632000E-02
    0.5315000000000       2.4540327000000E-02
    0.5316000000000       2.4689196288000E-02
    0.5317000000000       2.4838469064000E-02
    0.5318000000000       2.4988144896000E-02
    0.5319000000000       2.5138223352000E-02
    0.5320000000000       2.5288704000000E-02
    0.5321000000000       2.5439586408000E-02
    0.5322000000000       2.5590870144000E-02
    0.5323000000000       2.5742554776000E-02
    0.5324000000000       2.5894639872000E-02
    0.5325000000000       2.6047125000000E-02
    0.5326000000000       2.6200009728000E-02
    0.5327000000000       2.6353293624000E-02
    0.5328000000000       2.6506976256000E-02
    0.5329000000000       2.6661057192000E-02
    0.5330000000000       2.6815536000000E-02
    0.5331000000000       2.6970412248000E-02
    0.5332000000000       2.7125685504000E-02
    0.5333000000000       2.7281355336000E-02
    0.5334000000000       2.7437421312000E-02
    0.5335000000000       2.7593883000000E-02
    0.5336000000000       2.7750739968000E-02
    0.5337000000000       2.7907991784000E-02
    0.5338000000000       2.8065638016000E-02
    0.5339000000000       2.8223678232000E-02
    0.5340000000000       2.8382112000000E-02
    0.5341000000000       2.8540938888000E-02
    0.5342000000000       2.8700158464000E-02
    0.5343000000000       2.8859770296000E-02
    0.5344000000000       2.9019773952000E-02
    0.5345000000000       2.9180169000000E-02
    0.5346000000000       2.9340955008000E-02
    0.5347000000000       2.9502131544000E-02
    0.5348000000000       2.9663698176000E-02
    0.5349000000000       2.9825654472000E-02
    0.5350000000000       2.9988000000000E-02
    0.5351000000000       3.0150734328000E-02
    0.5352000000000       3.0313857024000E-02
    0.5353000000000       3.0477367656000E-02
    0.5354000000000       3.0641265792000E-02
    0.5355000000000       3.0805551000000E-02
    0.5356000000000       3.0970222848000E-02
    0.5357000000000       3.1135280904000E-02
    0.5358000000000       3.1300724736000E-02
    0.5359000000000       3.1466553912000E-02
    0.5360000000000       3.1632768000000E-02
    0.5361000000000       3.1799366568000E-02
    0.5362000000000       3.1966349184000E-02
    0.5363000000000       3.2133715416000E-02
    0.5364000000000       3.2301464832000E-02
    0.5365000000000       3.2469597000000E-02
    0.5366000000000       3.2638111488000E-02
    0.5367000000000       3.2807007864000E-02
    0.5368000000000       3.2976285696000E-02
    0.5369000000000       3.3145944552000E-02
    0.5370000000000       3.3315984000000E-02
    0.5371000000000       3.3486403608000E-02
    0.5372000000000       3.3657202944000E-02
    0.5373000000000       3.3828381576000E-02
    0.5374000000000       3.3999939072000E-02
    0.5375000000000       3.4171875000000E-02
    0.5376000000000       3.4344188928000E-02
    0.5377000000000       3.4516880424000E-02
    0.5378000000000       3.4689949056000E-02
    0.5379000000000       3.4863394392000E-02
    0.5380000000000       3.5037216000000E-02
    0.5381000000000       3.5211413448000E-02
    0.5382000000000       3.5385986304000E-02
    0.5383000000000       3.5560934136000E-02
    0.5384000000000       3.5736256512000E-02
    0.5385000000000       3.5911953000000E-02
    0.5386000000000       3.6088023168000E-02
    0.5387000000000       3.6264466584000E-02
    0.5388000000000       3.6441282816000E-02
    0.5389000000000       3.6618471432000E-02
    0.5390000000000       3.6796032000000E-02
    0.5391000000000       3.6973964088000E-02
    0.5392000000000       3.7152267264000E-02
    0.5393000000000       3.7330941096000E-02
    0.5394000000000       3.7509985152000E-02
    0.5395000000000       3.7689399000000E-02
    0.5396000000000       3.7869182208000E-02
    0.5397000000000       3.8049334344000E-02
    0.5398000000000       3.8229854976000E-02
    0.5399000000000       3.8410743672000E-02
    0.5400000000000       3.8592000000000E-02
    0.5401000000000       3.8773623528000E-02
    0.5402000000000       3.8955613824000E-02
    0.5403000000000       3.9137970456000E-02
    0.5404000000000       3.9320692992000E-02
    0.5405000000000       3.9503781000000E-02
    0.5406000000000       3.9687234048000E-02
    0.5407000000000       3.9871051704000E-02
    0.5408000000000       4.0055233536000E-02
    0.5409000000000       4.0239779112000E-02
    0.5410000000000       4.0424688000000E-02
    0.5411000000000       4.0609959768000E-02
    0.5412000000000       4.0795593984000E-02
    0.5413000000000       4.0981590216000E-02
    0.5414000000000       4.1167948032000E-02
    0.5415000000000       4.1354667000000E-02
    0.5416000000000       4.1541746688000E-02
    0.5417000000000       4.1729186664000E-02
    0.5418000000000       4.1916986496000E-02
    0.5419000000000       4.2105145752000E-02
    0.5420000000000       4.2293664000000E-02
    0.5421000000000       4.2482540808000E-02
    0.5422000000000       4.2671775744000E-02
    0.5423000000000       4.2861368376000E-02
    0.5424000000000       4.3051318272000E-02
    0.5425000000000       4.3241625000000E-02
    0.5426000000000       4.3432288128000E-02
    0.5427000000000       4.3623307224000E-02
    0.5428000000000       4.3814681856000E-02
    0.5429000000000       4.4006411592000E-02
    0.5430000000000       4.4198496000000E-02
    0.5431000000000       4.4390934648000E-02
    0.5432000000000       4.4583727104000E-02
    0.5433000000000       4.4776872936000E-02
    0.5434000000000       4.4970371712000E-02
    0.5435000000000       4.5164223000000E-02
    0.5436000000000       4.5358426368000E-02
    0.5437000000000       4.5552981384000E-02
    0.5438000000000       4.5747887616000E-02
    0.5439000000000       4.5943144632000E-02
    0.5440000000000       4.6138752000000E-02
    0.5441000000000       4.6334709288000E-02
    0.5442000000000       4.6531016064000E-02
    0.5443000000000       4.6727671896000E-02
    0.5444000000000       4.6924676352000E-02
    0.5445000000000       4.7122029000000E-02
    0.5446000000000       4.7319729408000E-02
    0.5447000000000       4.7517777144000E-02
    0.5448000000000       4.7716171776000E-02
    0.5449000000000       4.7914912872000E-02
    0.5450000000000       4.8114000000000E-02
    0.5451000000000       4.8313432728000E-02
    0.5452000000000       4.8513210624000E-02
    0.5453000000000       4.8713333256000E-02
    0.5454000000000       4.8913800192000E-02
    0.5455000000000       4.9114611000000E-02
    0.5456000000000       4.9315765248000E-02
    0.5457000000000       4.9517262504000E-02
    0.5458000000000       4.9719102336000E-02
    0.5459000000000       4.9921284312000E-02
    0.5460000000000       5.0123808000000E-02
    0.5461000000000       5.0326672968000E-02
    0.5462000000000       5.0529878784000E-02
    0.5463000000000       5.0733425016000E-02
    0.5464000000000       5.0937311232000E-02
    0.5465000000000       5.1141537000000E-02
    0.5466000000000       5.1346101888000E-02
    0.5467000000000       5.1551005464000E-02
    0.5468000000000       5.1756247296000E-02
    0.5469000000000       5.1961826952000E-02
    0.5470000000000       5.2167744000000E-02
    0.5471000000000       5.2373998008000E-02
    0.5472000000000       5.2580588544000E-02
    0.5473000000000       5.2787515176000E-02
    0.5474000000000       5.2994777472000E-02
    0.5475000000000       5.3202375000000E-02
    0.5476000000000       5.3410307328000E-02
    0.5477000000000       5.3618574024000E-02
    0.5478000000000       5.3827174656000E-02
    0.5479000000000       5.4036108792000E-02
    0.5480000000000       5.4245376000000E-02
    0.5481000000000       5.4454975848000E-02
    0.5482000000000       5.4664907904000E-02
    0.5483000000000       5.4875171736000E-02
    0.5484000000000       5.5085766912000E-02
    0.5485000000000       5.5296693000000E-02
    0.5486000000000       5.5507949568000E-02
    0.5487000000000       5.5719536184000E-02
    0.5488000000000       5.5931452416000E-02
    0.5489000000000       5.6143697832000E-02
    0.5490000000000       5.6356272000000E-02
    0.5491000000000       5.6569174488000E-02
    0.5492000000000       5.6782404864000E-02
    0.5493000000000       5.6995962696000E-02
    0.5494000000000       5.7209847552000E-02
    0.5495000000000       5.7424059000000E-02
    0.5496000000000       5.7638596608000E-02
    0.5497000000000       5.7853459944000E-02
    0.5498000000000       5.8068648576000E-02
    0.5499000000000       5.8284162072000E-02
    0.5500000000000       5.8500000000000E-02
    0.5501000000000       5.8716161928000E-02
    0.5502000000000       5.8932647424000E-02
    0.5503000000000       5.9149456056000E-02
    0.5504000000000       5.9366587392000E-02
    0.5505000000000       5.9584041000000E-02
    0.5506000000000       5.9801816448000E-02
    0.5507000000000       6.0019913304000E-02
    0.5508000000000       6.0238331136000E-02
    0.5509000000000       6.0457069512000E-02
    0.5510000000000       6.0676128000000E-02
    0.5511000000000       6.0895506168000E-02
    0.5512000000000       6.1115203584000E-02
    0.5513000000000       6.1335219816000E-02
    0.5514000000000       6.1555554432000E-02
    0.5515000000000       6.1776207000000E-02
    0.5516000000000       6.1997177088000E-02
    0.5517000000000       6.2218464264000E-02
    0.5518000000000       6.2440068096000E-02
    0.5519000000000       6.2661988152000E-02
    0.5520000000000       6.2884224000000E-02
    0.5521000000000       6.3106775208000E-02
    0.5522000000000       6.3329641344000E-02
    0.5523000000000       6.3552821976000E-02
    0.5524000000000       6.3776316672000E-02
    0.5525000000000       6.4000125000000E-02
    0.5526000000000       6.4224246528000E-02
    0.5527000000000       6.4448680824000E-02
    0.5528000000000       6.4673427456000E-02
    0.5529000000000       6.4898485992000E-02
    0.5530000000000       6.5123856000000E-02
    0.5531000000000       6.5349537048000E-02
    0.5532000000000       6.5575528704000E-02
    0.5533000000000       6.5801830536000E-02
    0.5534000000000       6.6028442112000E-02
    0.5535000000000       6.6255363000000E-02
    0.5536000000000       6.6482592768000E-02
    0.5537000000000       6.6710130984000E-02
    0.5538000000000       6.6937977216000E-02
    0.5539000000000       6.7166131032000E-02
    0.5540000000000       6.7394592000000E-02
    0.5541000000000       6.7623359688000E-02
    0.5542000000000       6.7852433664000E-02
    0.5543000000000       6.8081813496000E-02
    0.5544000000000       6.8311498752000E-02
    0.5545000000000       6.8541489000000E-02
    0.5546000000000       6.8771783808000E-02
    0.5547000000000       6.9002382744000E-02
    0.5548000000000       6.9233285376000E-02
    0.5549000000000       6.9464491272000E-02
    0.5550000000000       6.9696000000000E-02
    0.5551000000000       6.9927811128000E-02
    0.5552000000000       7.0159924224000E-02
    0.5553000000000       7.0392338856000E-02
    0.5554000000000       7.0625054592000E-02
    0.5555000000000       7.0858071000000E-02
    0.5556000000000       7.1091387648000E-02
    0.5557000000000       7.1325004104000E-02
    0.5558000000000       7.1558919936000E-02
    0.5559000000000       7.1793134712000E-02
    0.5560000000000       7.2027648000000E-02
    0.5561000000000       7.2262459368000E-02
    0.5562000000000       7.2497568384000E-02
    0.5563000000000       7.2732974616000E-02
    0.5564000000000       7.2968677632000E-02
    0.5565000000000       7.3204677000000E-02
    0.5566000000000       7.3440972288000E-02
    0.5567000000000       7.3677563064000E-02
    0.5568000000000       7.3914448896000E-02
    0.5569000000000       7.4151629352000E-02
    0.5570000000000       7.4389104000000E-02
    0.5571000000000       7.4626872408000E-02
    0.5572000000000       7.4864934144000E-02
    0.5573000000000       7.5103288776000E-02
    0.5574000000000       7.5341935872000E-02
    0.5575000000000       7.5580875000000E-02
    0.5576000000000       7.5820105728000E-02
    0.5577000000000       7.6059627624000E-02
    0.5578000000000       7.6299440256000E-02
    0.5579000000000       7.6539543192000E-02
    0.5580000000000       7.6779936000000E-02
    0.5581000000000       7.7020618248000E-02
    0.5582000000000       7.7261589504000E-02
    0.5583000000000       7.7502849336000E-02
    0.5584000000000       7.7744397312000E-02
    0.5585000000000       7.7986233000000E-02
    0.5586000000000       7.8228355968000E-02
    0.5587000000000       7.8470765784000E-02
    0.5588000000000       7.8713462016000E-02
    0.5589000000000       7.8956444232000E-02
    0.5590000000000       7.9199712000000E-02
    0.5591000000000       7.9443264888000E-02
    0.5592000000000       7.9687102464000E-02
    0.5593000000000       7.9931224296000E-02
    0.5594000000000       8.0175629952000E-02
    0.5595000000000       8.0420319000000E-02
    0.5596000000000       8.0665291008000E-02
    0.5597000000000       8.0910545544000E-02
    0.5598000000000       8.1156082176000E-02
    0.5599000000000       8.1401900472000E-02
    0.5600000000000       8.1648000000000E-02
    0.5601000000000       8.1894380328000E-02
    0.5602000000000       8.2141041024000E-02
    0.5603000000000       8.2387981656000E-02
    0.5604000000000       8.2635201792000E-02
    0.5605000000000       8.2882701000000E-02
    0.5606000000000       8.3130478848000E-02
    0.5607000000000       8.3378534904000E-02
    0.5608000000000       8.3626868736000E-02
    0.5609000000000       8.3875479912000E-02
    0.5610000000000       8.4124368000000E-02
    0.5611000000000       8.4373532568000E-02
    0.5612000000000       8.4622973184000E-02
    0.5613000000000       8.4872689416000E-02
    0.5614000000000       8.5122680832000E-02
    0.5615000000000       8.5372947000000E-02
    0.5616000000000       8.5623487488000E-02
    0.5617000000000       8.5874301864000E-02
    0.5618000000000       8.6125389696000E-02
    0.5619000000000       8.6376750552000E-02
    0.5620000000000       8.6628384000000E-02
    0.5621000000000       8.6880289608000E-02
    0.5622000000000       8.7132466944000E-02
    0.5623000000000       8.7384915576000E-02
    0.5624000000000       8.7637635072000E-02
    0.5625000000000       8.7890625000000E-02
    0.5626000000000       8.8143884928000E-02
    0.5627000000000       8.8397414424000E-02
    0.5628000000000       8.8651213056000E-02
    0.5629000000000       8.8905280392000E-02
    0.5630000000000       8.9159616000000E-02
    0.5631000000000       8.9414219448000E-02
    0.5632000000000       8.9669090304000E-02
    0.5633000000000       8.9924228136000E-02
    0.5634000000000       9.0179632512000E-02
    0.5635000000000       9.0435303000000E-02
    0.5636000000000       9.0691239168000E-02
    0.5637000000000       9.0947440584000E-02
    0.5638000000000       9.1203906816000E-02
    0.5639000000000       9.1460637432000E-02
    0.5640000000000       9.1717632000000E-02
    0.5641000000000       9.1974890088000E-02
    0.5642000000000       9.2232411264000E-02
    0.5643000000000       9.2490195096000E-02
    0.5644000000000       9.2748241152000E-02
    0.5645000000000       9.3006549000000E-02
    0.5646000000000       9.3265118208000E-02
    0.5647000000000       9.3523948344000E-02
    0.5648000000000       9.3783038976000E-02
    0.5649000000000       9.4042389672000E-02
    0.5650000000000       9.4302000000000E-02
    0.5651000000000       9.4561869528000E-02
    0.5652000000000       9.4821997824000E-02
    0.5653000000000       9.5082384456000E-02
    0.5654000000000       9.5343028992000E-02
    0.5655000000000       9.5603931000000E-02
    0.5656000000000       9.5865090048000E-02
    0.5657000000000       9.6126505704000E-02
    0.5658000000000       9.6388177536000E-02
    0.5659000000000       9.6650105112000E-02
    0.5660000000000       9.6912288000000E-02
    0.5661000000000       9.7174725768000E-02
    0.5662000000000       9.7437417984000E-02
    0.5663000000000       9.7700364216000E-02
    0.5664000000000       9.7963564032000E-02
    0.5665000000000       9.8227017000000E-02
    0.5666000000000       9.8490722688000E-02
    0.5667000000000       9.8754680664000E-02
    0.5668000000000       9.9018890496000E-02
    0.5669000000000       9.9283351752000E-02
    0.5670000000000       9.9548064000000E-02
    0.5671000000000       9.9813026808000E-02
    0.5672000000000       0.1000782397440    
    0.5673000000000       0.1003437023760    
    0.5674000000000       0.1006094142720    
    0.5675000000000       0.1008753750000    
    0.5676000000000       0.1011415841280    
    0.5677000000000       0.1014080412240    
    0.5678000000000       0.1016747458560    
    0.5679000000000       0.1019416975920    
    0.5680000000000       0.1022088960000    
    0.5681000000000       0.1024763406480    
    0.5682000000000       0.1027440311040    
    0.5683000000000       0.1030119669360    
    0.5684000000000       0.1032801477120    
    0.5685000000000       0.1035485730000    
    0.5686000000000       0.1038172423680    
    0.5687000000000       0.1040861553840    
    0.5688000000000       0.1043553116160    
    0.5689000000000       0.1046247106320    
    0.5690000000000       0.1048943520000    
    0.5691000000000       0.1051642352880    
    0.5692000000000       0.1054343600640    
    0.5693000000000       0.1057047258960    
    0.5694000000000       0.1059753323520    
    0.5695000000000       0.1062461790000    
    0.5696000000000       0.1065172654080    
    0.5697000000000       0.1067885911440    
    0.5698000000000       0.1070601557760    
    0.5699000000000       0.1073319588720    
    0.5700000000000       0.1076040000000    
    0.5701000000000       0.1078762787280    
    0.5702000000000       0.1081487946240    
    0.5703000000000       0.1084215472560    
    0.5704000000000       0.1086945361920    
    0.5705000000000       0.1089677610000    
    0.5706000000000       0.1092412212480    
    0.5707000000000       0.1095149165040    
    0.5708000000000       0.1097888463360    
    0.5709000000000       0.1100630103120    
    0.5710000000000       0.1103374080000    
    0.5711000000000       0.1106120389680    
    0.5712000000000       0.1108869027840    
    0.5713000000000       0.1111619990160    
    0.5714000000000       0.1114373272320    
    0.5715000000000       0.1117128870000    
    0.5716000000000       0.1119886778880    
    0.5717000000000       0.1122646994640    
    0.5718000000000       0.1125409512960    
    0.5719000000000       0.1128174329520    
    0.5720000000000       0.1130941440000    
    0.5721000000000       0.1133710840080    
    0.5722000000000       0.1136482525440    
    0.5723000000000       0.1139256491760    
    0.5724000000000       0.1142032734720    
    0.5725000000000       0.1144811250000    
    0.5726000000000       0.1147592033280    
    0.5727000000000       0.1150375080240    
    0.5728000000000       0.1153160386560    
    0.5729000000000       0.1155947947920    
    0.5730000000000       0.1158737760000    
    0.5731000000000       0.1161529818480    
    0.5732000000000       0.1164324119040    
    0.5733000000000       0.1167120657360    
    0.5734000000000       0.1169919429120    
    0.5735000000000       0.1172720430000    
    0.5736000000000       0.1175523655680    
    0.5737000000000       0.1178329101840    
    0.5738000000000       0.1181136764160    
    0.5739000000000       0.1183946638320    
    0.5740000000000       0.1186758720000    
    0.5741000000000       0.1189573004880    
    0.5742000000000       0.1192389488640    
    0.5743000000000       0.1195208166960    
    0.5744000000000       0.1198029035520    
    0.5745000000000       0.1200852090000    
    0.5746000000000       0.1203677326080    
    0.5747000000000       0.1206504739440    
    0.5748000000000       0.1209334325760    
    0.5749000000000       0.1212166080720    
    0.5750000000000       0.1215000000000    
    0.5751000000000       0.1217836079280    
    0.5752000000000       0.1220674314240    
    0.5753000000000       0.1223514700560    
    0.5754000000000       0.1226357233920    
    0.5755000000000       0.1229201910000    
    0.5756000000000       0.1232048724480    
    0.5757000000000       0.1234897673040    
    0.5758000000000       0.1237748751360    
    0.5759000000000       0.1240601955120    
    0.5760000000000       0.1243457280000    
    0.5761000000000       0.1246314721680    
    0.5762000000000       0.1249174275840    
    0.5763000000000       0.1252035938160    
    0.5764000000000       0.1254899704320    
    0.5765000000000       0.1257765570000    
    0.5766000000000       0.1260633530880    
    0.5767000000000       0.1263503582640    
    0.5768000000000       0.1266375720960    
    0.5769000000000       0.1269249941520    
    0.5770000000000       0.1272126240000    
    0.5771000000000       0.1275004612080    
    0.5772000000000       0.1277885053440    
    0.5773000000000       0.1280767559760    
    0.5774000000000       0.1283652126720    
    0.5775000000000       0.1286538750000    
    0.5776000000000       0.1289427425280    
    0.5777000000000       0.1292318148240    
    0.5778000000000       0.1295210914560    
    0.5779000000000       0.1298105719920    
    0.5780000000000       0.1301002560000    
    0.5781000000000       0.1303901430480    
    0.5782000000000       0.1306802327040    
    0.5783000000000       0.1309705245360    
    0.5784000000000       0.1312610181120    
    0.5785000000000       0.1315517130000    
    0.5786000000000       0.1318426087680    
    0.5787000000000       0.1321337049840    
    0.5788000000000       0.1324250012160    
    0.5789000000000       0.1327164970320    
    0.5790000000000       0.1330081920000    
    0.5791000000000       0.1333000856880    
    0.5792000000000       0.1335921776640    
    0.5793000000000       0.1338844674960    
    0.5794000000000       0.1341769547520    
    0.5795000000000       0.1344696390000    
    0.5796000000000       0.1347625198080    
    0.5797000000000       0.1350555967440    
    0.5798000000000       0.1353488693760    
    0.5799000000000       0.1356423372720    
    0.5800000000000       0.1359360000000    
    0.5801000000000       0.1362298571280    
    0.5802000000000       0.1365239082240    
    0.5803000000000       0.1368181528560    
    0.5804000000000       0.1371125905920    
    0.5805000000000       0.1374072210000    
    0.5806000000000       0.1377020436480    
    0.5807000000000       0.1379970581040    
    0.5808000000000       0.1382922639360    
    0.5809000000000       0.1385876607120    
    0.5810000000000       0.1388832480000    
    0.5811000000000       0.1391790253680    
    0.5812000000000       0.1394749923840    
    0.5813000000000       0.1397711486160    
    0.5814000000000       0.1400674936320    
    0.5815000000000       0.1403640270000    
    0.5816000000000       0.1406607482880    
    0.5817000000000       0.1409576570640    
    0.5818000000000       0.1412547528960    
    0.5819000000000       0.1415520353520    
    0.5820000000000       0.1418495040000    
    0.5821000000000       0.1421471584080    
    0.5822000000000       0.1424449981440    
    0.5823000000000       0.1427430227760    
    0.5824000000000       0.1430412318720    
    0.5825000000000       0.1433396250000    
    0.5826000000000       0.1436382017280    
    0.5827000000000       0.1439369616240    
    0.5828000000000       0.1442359042560    
    0.5829000000000       0.1445350291920    
    0.5830000000000       0.1448343360000    
    0.5831000000000       0.1451338242480    
    0.5832000000000       0.1454334935040    
    0.5833000000000       0.1457333433360    
    0.5834000000000       0.1460333733120    
    0.5835000000000       0.1463335830000    
    0.5836000000000       0.1466339719680    
    0.5837000000000       0.1469345397840    
    0.5838000000000       0.1472352860160    
    0.5839000000000       0.1475362102320    
    0.5840000000000       0.1478373120000    
    0.5841000000000       0.1481385908880    
    0.5842000000000       0.1484400464640    
    0.5843000000000       0.1487416782960    
    0.5844000000000       0.1490434859520    
    0.5845000000000       0.1493454690000    
    0.5846000000000       0.1496476270080    
    0.5847000000000       0.1499499595440    
    0.5848000000000       0.1502524661760    
    0.5849000000000       0.1505551464720    
    0.5850000000000       0.1508580000000    
    0.5851000000000       0.1511610263280    
    0.5852000000000       0.1514642250240    
    0.5853000000000       0.1517675956560    
    0.5854000000000       0.1520711377920    
    0.5855000000000       0.1523748510000    
    0.5856000000000       0.1526787348480    
    0.5857000000000       0.1529827889040    
    0.5858000000000       0.1532870127360    
    0.5859000000000       0.1535914059120    
    0.5860000000000       0.1538959680000    
    0.5861000000000       0.1542006985680    
    0.5862000000000       0.1545055971840    
    0.5863000000000       0.1548106634160    
    0.5864000000000       0.1551158968320    
    0.5865000000000       0.1554212970000    
    0.5866000000000       0.1557268634880    
    0.5867000000000       0.1560325958640    
    0.5868000000000       0.1563384936960    
    0.5869000000000       0.1566445565520    
    0.5870000000000       0.1569507840000    
    0.5871000000000       0.1572571756080    
    0.5872000000000       0.1575637309440    
    0.5873000000000       0.1578704495760    
    0.5874000000000       0.1581773310720    
    0.5875000000000       0.1584843750000    
    0.5876000000000       0.1587915809280    
    0.5877000000000       0.1590989484240    
    0.5878000000000       0.1594064770560    
    0.5879000000000       0.1597141663920    
    0.5880000000000       0.1600220160000    
    0.5881000000000       0.1603300254480    
    0.5882000000000       0.1606381943040    
    0.5883000000000       0.1609465221360    
    0.5884000000000       0.1612550085120    
    0.5885000000000       0.1615636530000    
    0.5886000000000       0.1618724551680    
    0.5887000000000       0.1621814145840    
    0.5888000000000       0.1624905308160    
    0.5889000000000       0.1627998034320    
    0.5890000000000       0.1631092320000    
    0.5891000000000       0.1634188160880    
    0.5892000000000       0.1637285552640    
    0.5893000000000       0.1640384490960    
    0.5894000000000       0.1643484971520    
    0.5895000000000       0.1646586990000    
    0.5896000000000       0.1649690542080    
    0.5897000000000       0.1652795623440    
    0.5898000000000       0.1655902229760    
    0.5899000000000       0.1659010356720    
    0.5900000000000       0.1662120000000    
    0.5901000000000       0.1665231155280    
    0.5902000000000       0.1668343818240    
    0.5903000000000       0.1671457984560    
    0.5904000000000       0.1674573649920    
    0.5905000000000       0.1677690810000    
    0.5906000000000       0.1680809460480    
    0.5907000000000       0.1683929597040    
    0.5908000000000       0.1687051215360    
    0.5909000000000       0.1690174311120    
    0.5910000000000       0.1693298880000    
    0.5911000000000       0.1696424917680    
    0.5912000000000       0.1699552419840    
    0.5913000000000       0.1702681382160    
    0.5914000000000       0.1705811800320    
    0.5915000000000       0.1708943670000    
    0.5916000000000       0.1712076986880    
    0.5917000000000       0.1715211746640    
    0.5918000000000       0.1718347944960    
    0.5919000000000       0.1721485577520    
    0.5920000000000       0.1724624640000    
    0.5921000000000       0.1727765128080    
    0.5922000000000       0.1730907037440    
    0.5923000000000       0.1734050363760    
    0.5924000000000       0.1737195102720    
    0.5925000000000       0.1740341250000    
    0.5926000000000       0.1743488801280    
    0.5927000000000       0.1746637752240    
    0.5928000000000       0.1749788098560    
    0.5929000000000       0.1752939835920    
    0.5930000000000       0.1756092960000    
    0.5931000000000       0.1759247466480    
    0.5932000000000       0.1762403351040    
    0.5933000000000       0.1765560609360    
    0.5934000000000       0.1768719237120    
    0.5935000000000       0.1771879230000    
    0.5936000000000       0.1775040583680    
    0.5937000000000       0.1778203293840    
    0.5938000000000       0.1781367356160    
    0.5939000000000       0.1784532766320    
    0.5940000000000       0.1787699520000    
    0.5941000000000       0.1790867612880    
    0.5942000000000       0.1794037040640    
    0.5943000000000       0.1797207798960    
    0.5944000000000       0.1800379883520    
    0.5945000000000       0.1803553290000    
    0.5946000000000       0.1806728014080    
    0.5947000000000       0.1809904051440    
    0.5948000000000       0.1813081397760    
    0.5949000000000       0.1816260048720    
    0.5950000000000       0.1819440000000    
    0.5951000000000       0.1822621247280    
    0.5952000000000       0.1825803786240    
    0.5953000000000       0.1828987612560    
    0.5954000000000       0.1832172721920    
    0.5955000000000       0.1835359110000    
    0.5956000000000       0.1838546772480    
    0.5957000000000       0.1841735705040    
    0.5958000000000       0.1844925903360    
    0.5959000000000       0.1848117363120    
    0.5960000000000       0.1851310080000    
    0.5961000000000       0.1854504049680    
    0.5962000000000       0.1857699267840    
    0.5963000000000       0.1860895730160    
    0.5964000000000       0.1864093432320    
    0.5965000000000       0.1867292370000    
    0.5966000000000       0.1870492538880    
    0.5967000000000       0.1873693934640    
    0.5968000000000       0.1876896552960    
    0.5969000000000       0.1880100389520    
    0.5970000000000       0.1883305440000    
    0.5971000000000       0.1886511700080    
    0.5972000000000       0.1889719165440    
    0.5973000000000       0.1892927831760    
    0.5974000000000       0.1896137694720    
    0.5975000000000       0.1899348750000    
    0.5976000000000       0.1902560993280    
    0.5977000000000       0.1905774420240    
    0.5978000000000       0.1908989026560    
    0.5979000000000       0.1912204807920    
    0.5980000000000       0.1915421760000    
    0.5981000000000       0.1918639878480    
    0.5982000000000       0.1921859159040    
    0.5983000000000       0.1925079597360    
    0.5984000000000       0.1928301189120    
    0.5985000000000       0.1931523930000    
    0.5986000000000       0.1934747815680    
    0.5987000000000       0.1937972841840    
    0.5988000000000       0.1941199004160    
    0.5989000000000       0.1944426298320    
    0.5990000000000       0.1947654720000    
    0.5991000000000       0.1950884264880    
    0.5992000000000       0.1954114928640    
    0.5993000000000       0.1957346706960    
    0.5994000000000       0.1960579595520    
    0.5995000000000       0.1963813590000    
    0.5996000000000       0.1967048686080    
    0.5997000000000       0.1970284879440    
    0.5998000000000       0.1973522165760    
    0.5999000000000       0.1976760540720    
    0.6000000000000       0.1980000000000    
    0.6001000000000       0.1983240539280    
    0.6002000000000       0.1986482154240    
    0.6003000000000       0.1989724840560    
    0.6004000000000       0.1992968593920    
    0.6005000000000       0.1996213410000    
    0.6006000000000       0.1999459284480    
    0.6007000000000       0.2002706213040    
    0.6008000000000       0.2005954191360    
    0.6009000000000       0.2009203215120    
    0.6010000000000       0.2012453280000    
    0.6011000000000       0.2015704381680    
    0.6012000000000       0.2018956515840    
    0.6013000000000       0.2022209678160    
    0.6014000000000       0.2025463864320    
    0.6015000000000       0.2028719070000    
    0.6016000000000       0.2031975290880    
    0.6017000000000       0.2035232522640    
    0.6018000000000       0.2038490760960    
    0.6019000000000       0.2041750001520    
    0.6020000000000       0.2045010240000    
    0.6021000000000       0.2048271472080    
    0.6022000000000       0.2051533693440    
    0.6023000000000       0.2054796899760    
    0.6024000000000       0.2058061086720    
    0.6025000000000       0.2061326250000    
    0.6026000000000       0.2064592385280    
    0.6027000000000       0.2067859488240    
    0.6028000000000       0.2071127554560    
    0.6029000000000       0.2074396579920    
    0.6030000000000       0.2077666560000    
    0.6031000000000       0.2080937490480    
    0.6032000000000       0.2084209367040    
    0.6033000000000       0.2087482185360    
    0.6034000000000       0.2090755941120    
    0.6035000000000       0.2094030630000    
    0.6036000000000       0.2097306247680    
    0.6037000000000       0.2100582789840    
    0.6038000000000       0.2103860252160    
    0.6039000000000       0.2107138630320    
    0.6040000000000       0.2110417920000    
    0.6041000000000       0.2113698116880    
    0.6042000000000       0.2116979216640    
    0.6043000000000       0.2120261214960    
    0.6044000000000       0.2123544107520    
    0.6045000000000       0.2126827890000    
    0.6046000000000       0.2130112558080    
    0.6047000000000       0.2133398107440    
    0.6048000000000       0.2136684533760    
    0.6049000000000       0.2139971832720    
    0.6050000000000       0.2143260000000    
    0.6051000000000       0.2146549031280    
    0.6052000000000       0.2149838922240    
    0.6053000000000       0.2153129668560    
    0.6054000000000       0.2156421265920    
    0.6055000000000       0.2159713710000    
    0.6056000000000       0.2163006996480    
    0.6057000000000       0.2166301121040    
    0.6058000000000       0.2169596079360    
    0.6059000000000       0.2172891867120    
    0.6060000000000       0.2176188480000    
    0.6061000000000       0.2179485913680    
    0.6062000000000       0.2182784163840    
    0.6063000000000       0.2186083226160    
    0.6064000000000       0.2189383096320    
    0.6065000000000       0.2192683770000    
    0.6066000000000       0.2195985242880    
    0.6067000000000       0.2199287510640    
    0.6068000000000       0.2202590568960    
    0.6069000000000       0.2205894413520    
    0.6070000000000       0.2209199040000    
    0.6071000000000       0.2212504444080    
    0.6072000000000       0.2215810621440    
    0.6073000000000       0.2219117567760    
    0.6074000000000       0.2222425278720    
    0.6075000000000       0.2225733750000    
    0.6076000000000       0.2229042977280    
    0.6077000000000       0.2232352956240    
    0.6078000000000       0.2235663682560    
    0.6079000000000       0.2238975151920    
    0.6080000000000       0.2242287360000    
    0.6081000000000       0.2245600302480    
    0.6082000000000       0.2248913975040    
    0.6083000000000       0.2252228373360    
    0.6084000000000       0.2255543493120    
    0.6085000000000       0.2258859330000    
    0.6086000000000       0.2262175879680    
    0.6087000000000       0.2265493137840    
    0.6088000000000       0.2268811100160    
    0.6089000000000       0.2272129762320    
    0.6090000000000       0.2275449120000    
    0.6091000000000       0.2278769168880    
    0.6092000000000       0.2282089904640    
    0.6093000000000       0.2285411322960    
    0.6094000000000       0.2288733419520    
    0.6095000000000       0.2292056190000    
    0.6096000000000       0.2295379630080    
    0.6097000000000       0.2298703735440    
    0.6098000000000       0.2302028501760    
    0.6099000000000       0.2305353924720    
    0.6100000000000       0.2308680000000    
    0.6101000000000       0.2312006723280    
    0.6102000000000       0.2315334090240    
    0.6103000000000       0.2318662096560    
    0.6104000000000       0.2321990737920    
    0.6105000000000       0.2325320010000    
    0.6106000000000       0.2328649908480    
    0.6107000000000       0.2331980429040    
    0.6108000000000       0.2335311567360    
    0.6109000000000       0.2338643319120    
    0.6110000000000       0.2341975680000    
    0.6111000000000       0.2345308645680    
    0.6112000000000       0.2348642211840    
    0.6113000000000       0.2351976374160    
    0.6114000000000       0.2355311128320    
    0.6115000000000       0.2358646470000    
    0.6116000000000       0.2361982394880    
    0.6117000000000       0.2365318898640    
    0.6118000000000       0.2368655976960    
    0.6119000000000       0.2371993625520    
    0.6120000000000       0.2375331840000    
    0.6121000000000       0.2378670616080    
    0.6122000000000       0.2382009949440    
    0.6123000000000       0.2385349835760    
    0.6124000000000       0.2388690270720    
    0.6125000000000       0.2392031250000    
    0.6126000000000       0.2395372769280    
    0.6127000000000       0.2398714824240    
    0.6128000000000       0.2402057410560    
    0.6129000000000       0.2405400523920    
    0.6130000000000       0.2408744160000    
    0.6131000000000       0.2412088314480    
    0.6132000000000       0.2415432983040    
    0.6133000000000       0.2418778161360    
    0.6134000000000       0.2422123845120    
    0.6135000000000       0.2425470030000    
    0.6136000000000       0.2428816711680    
    0.6137000000000       0.2432163885840    
    0.6138000000000       0.2435511548160    
    0.6139000000000       0.2438859694320    
    0.6140000000000       0.2442208320000    
    0.6141000000000       0.2445557420880    
    0.6142000000000       0.2448906992640    
    0.6143000000000       0.2452257030960    
    0.6144000000000       0.2455607531520    
    0.6145000000000       0.2458958490000    
    0.6146000000000       0.2462309902080    
    0.6147000000000       0.2465661763440    
    0.6148000000000       0.2469014069760    
    0.6149000000000       0.2472366816720    
    0.6150000000000       0.2475720000000    
    0.6151000000000       0.2479073615280    
    0.6152000000000       0.2482427658240    
    0.6153000000000       0.2485782124560    
    0.6154000000000       0.2489137009920    
    0.6155000000000       0.2492492310000    
    0.6156000000000       0.2495848020480    
    0.6157000000000       0.2499204137040    
    0.6158000000000       0.2502560655360    
    0.6159000000000       0.2505917571120    
    0.6160000000000       0.2509274880000    
    0.6161000000000       0.2512632577680    
    0.6162000000000       0.2515990659840    
    0.6163000000000       0.2519349122160    
    0.6164000000000       0.2522707960320    
    0.6165000000000       0.2526067170000    
    0.6166000000000       0.2529426746880    
    0.6167000000000       0.2532786686640    
    0.6168000000000       0.2536146984960    
    0.6169000000000       0.2539507637520    
    0.6170000000000       0.2542868640000    
    0.6171000000000       0.2546229988080    
    0.6172000000000       0.2549591677440    
    0.6173000000000       0.2552953703760    
    0.6174000000000       0.2556316062720    
    0.6175000000000       0.2559678750000    
    0.6176000000000       0.2563041761280    
    0.6177000000000       0.2566405092240    
    0.6178000000000       0.2569768738560    
    0.6179000000000       0.2573132695920    
    0.6180000000000       0.2576496960000    
    0.6181000000000       0.2579861526480    
    0.6182000000000       0.2583226391040    
    0.6183000000000       0.2586591549360    
    0.6184000000000       0.2589956997120    
    0.6185000000000       0.2593322730000    
    0.6186000000000       0.2596688743680    
    0.6187000000000       0.2600055033840    
    0.6188000000000       0.2603421596160    
    0.6189000000000       0.2606788426320    
    0.6190000000000       0.2610155520000    
    0.6191000000000       0.2613522872880    
    0.6192000000000       0.2616890480640    
    0.6193000000000       0.2620258338960    
    0.6194000000000       0.2623626443520    
    0.6195000000000       0.2626994790000    
    0.6196000000000       0.2630363374080    
    0.6197000000000       0.2633732191440    
    0.6198000000000       0.2637101237760    
    0.6199000000000       0.2640470508720    
    0.6200000000000       0.2643840000000    
    0.6201000000000       0.2647209707280    
    0.6202000000000       0.2650579626240    
    0.6203000000000       0.2653949752560    
    0.6204000000000       0.2657320081920    
    0.6205000000000       0.2660690610000    
    0.6206000000000       0.2664061332480    
    0.6207000000000       0.2667432245040    
    0.6208000000000       0.2670803343360    
    0.6209000000000       0.2674174623120    
    0.6210000000000       0.2677546080000    
    0.6211000000000       0.2680917709680    
    0.6212000000000       0.2684289507840    
    0.6213000000000       0.2687661470160    
    0.6214000000000       0.2691033592320    
    0.6215000000000       0.2694405870000    
    0.6216000000000       0.2697778298880    
    0.6217000000000       0.2701150874640    
    0.6218000000000       0.2704523592960    
    0.6219000000000       0.2707896449520    
    0.6220000000000       0.2711269440000    
    0.6221000000000       0.2714642560080    
    0.6222000000000       0.2718015805440    
    0.6223000000000       0.2721389171760    
    0.6224000000000       0.2724762654720    
    0.6225000000000       0.2728136250000    
    0.6226000000000       0.2731509953280    
    0.6227000000000       0.2734883760240    
    0.6228000000000       0.2738257666560    
    0.6229000000000       0.2741631667920    
    0.6230000000000       0.2745005760000    
    0.6231000000000       0.2748379938480    
    0.6232000000000       0.2751754199040    
    0.6233000000000       0.2755128537360    
    0.6234000000000       0.2758502949120    
    0.6235000000000       0.2761877430000    
    0.6236000000000       0.2765251975680    
    0.6237000000000       0.2768626581840    
    0.6238000000000       0.2772001244160    
    0.6239000000000       0.2775375958320    
    0.6240000000000       0.2778750720000    
    0.6241000000000       0.2782125524880    
    0.6242000000000       0.2785500368640    
    0.6243000000000       0.2788875246960    
    0.6244000000000       0.2792250155520    
    0.6245000000000       0.2795625090000    
    0.6246000000000       0.2799000046080    
    0.6247000000000       0.2802375019440    
    0.6248000000000       0.2805750005760    
    0.6249000000000       0.2809125000720    
    0.6250000000000       0.2812500000000    
    0.6251000000000       0.2815874999280    
    0.6252000000000       0.2819249994240    
    0.6253000000000       0.2822624980560    
    0.6254000000000       0.2825999953920    
    0.6255000000000       0.2829374910000    
    0.6256000000000       0.2832749844480    
    0.6257000000000       0.2836124753040    
    0.6258000000000       0.2839499631360    
    0.6259000000000       0.2842874475120    
    0.6260000000000       0.2846249280000    
    0.6261000000000       0.2849624041680    
    0.6262000000000       0.2852998755840    
    0.6263000000000       0.2856373418160    
    0.6264000000000       0.2859748024320    
    0.6265000000000       0.2863122570000    
    0.6266000000000       0.2866497050880    
    0.6267000000000       0.2869871462640    
    0.6268000000000       0.2873245800960    
    0.6269000000000       0.2876620061520    
    0.6270000000000       0.2879994240000    
    0.6271000000000       0.2883368332080    
    0.6272000000000       0.2886742333440    
    0.6273000000000       0.2890116239760    
    0.6274000000000       0.2893490046720    
    0.6275000000000       0.2896863750000    
    0.6276000000000       0.2900237345280    
    0.6277000000000       0.2903610828240    
    0.6278000000000       0.2906984194560    
    0.6279000000000       0.2910357439920    
    0.6280000000000       0.2913730560000    
    0.6281000000000       0.2917103550480    
    0.6282000000000       0.2920476407040    
    0.6283000000000       0.2923849125360    
    0.6284000000000       0.2927221701120    
    0.6285000000000       0.2930594130000    
    0.6286000000000       0.2933966407680    
    0.6287000000000       0.2937338529840    
    0.6288000000000       0.2940710492160    
    0.6289000000000       0.2944082290320    
    0.6290000000000       0.2947453920000    
    0.6291000000000       0.2950825376880    
    0.6292000000000       0.2954196656640    
    0.6293000000000       0.2957567754960    
    0.6294000000000       0.2960938667520    
    0.6295000000000       0.2964309390000    
    0.6296000000000       0.2967679918080    
    0.6297000000000       0.2971050247440    
    0.6298000000000       0.2974420373760    
    0.6299000000000       0.2977790292720    
    0.6300000000000       0.2981160000000    
    0.6301000000000       0.2984529491280    
    0.6302000000000       0.2987898762240    
    0.6303000000000       0.2991267808560    
    0.6304000000000       0.2994636625920    
    0.6305000000000       0.2998005210000    
    0.6306000000000       0.3001373556480    
    0.6307000000000       0.3004741661040    
    0.6308000000000       0.3008109519360    
    0.6309000000000       0.3011477127120    
    0.6310000000000       0.3014844480000    
    0.6311000000000       0.3018211573680    
    0.6312000000000       0.3021578403840    
    0.6313000000000       0.3024944966160    
    0.6314000000000       0.3028311256320    
    0.6315000000000       0.3031677270000    
    0.6316000000000       0.3035043002880    
    0.6317000000000       0.3038408450640    
    0.6318000000000       0.3041773608960    
    0.6319000000000       0.3045138473520    
    0.6320000000000       0.3048503040000    
    0.6321000000000       0.3051867304080    
    0.6322000000000       0.3055231261440    
    0.6323000000000       0.3058594907760    
    0.6324000000000       0.3061958238720    
    0.6325000000000       0.3065321250000    
    0.6326000000000       0.3068683937280    
    0.6327000000000       0.3072046296240    
    0.6328000000000       0.3075408322560    
    0.6329000000000       0.3078770011920    
    0.6330000000000       0.3082131360000    
    0.6331000000000       0.3085492362480    
    0.6332000000000       0.3088853015040    
    0.6333000000000       0.3092213313360    
    0.6334000000000       0.3095573253120    
    0.6335000000000       0.3098932830000    
    0.6336000000000       0.3102292039680    
    0.6337000000000       0.3105650877840    
    0.6338000000000       0.3109009340160    
    0.6339000000000       0.3112367422320    
    0.6340000000000       0.3115725120000    
    0.6341000000000       0.3119082428880    
    0.6342000000000       0.3122439344640    
    0.6343000000000       0.3125795862960    
    0.6344000000000       0.3129151979520    
    0.6345000000000       0.3132507690000    
    0.6346000000000       0.3135862990080    
    0.6347000000000       0.3139217875440    
    0.6348000000000       0.3142572341760    
    0.6349000000000       0.3145926384720    
    0.6350000000000       0.3149280000000    
    0.6351000000000       0.3152633183280    
    0.6352000000000       0.3155985930240    
    0.6353000000000       0.3159338236560    
    0.6354000000000       0.3162690097920    
    0.6355000000000       0.3166041510000    
    0.6356000000000       0.3169392468480    
    0.6357000000000       0.3172742969040    
    0.6358000000000       0.3176093007360    
    0.6359000000000       0.3179442579120    
    0.6360000000000       0.3182791680000    
    0.6361000000000       0.3186140305680    
    0.6362000000000       0.3189488451840    
    0.6363000000000       0.3192836114160    
    0.6364000000000       0.3196183288320    
    0.6365000000000       0.3199529970000    
    0.6366000000000       0.3202876154880    
    0.6367000000000       0.3206221838640    
    0.6368000000000       0.3209567016960    
    0.6369000000000       0.3212911685520    
    0.6370000000000       0.3216255840000    
    0.6371000000000       0.3219599476080    
    0.6372000000000       0.3222942589440    
    0.6373000000000       0.3226285175760    
    0.6374000000000       0.3229627230720    
    0.6375000000000       0.3232968750000    
    0.6376000000000       0.3236309729280    
    0.6377000000000       0.3239650164240    
    0.6378000000000       0.3242990050560    
    0.6379000000000       0.3246329383920    
    0.6380000000000       0.3249668160000    
    0.6381000000000       0.3253006374480    
    0.6382000000000       0.3256344023040    
    0.6383000000000       0.3259681101360    
    0.6384000000000       0.3263017605120    
    0.6385000000000       0.3266353530000    
    0.6386000000000       0.3269688871680    
    0.6387000000000       0.3273023625840    
    0.6388000000000       0.3276357788160    
    0.6389000000000       0.3279691354320    
    0.6390000000000       0.3283024320000    
    0.6391000000000       0.3286356680880    
    0.6392000000000       0.3289688432640    
    0.6393000000000       0.3293019570960    
    0.6394000000000       0.3296350091520    
    0.6395000000000       0.3299679990000    
    0.6396000000000       0.3303009262080    
    0.6397000000000       0.3306337903440    
    0.6398000000000       0.3309665909760    
    0.6399000000000       0.3312993276720    
    0.6400000000000       0.3316320000000    
    0.6401000000000       0.3319646075280    
    0.6402000000000       0.3322971498240    
    0.6403000000000       0.3326296264560    
    0.6404000000000       0.3329620369920    
    0.6405000000000       0.3332943810000    
    0.6406000000000       0.3336266580480    
    0.6407000000000       0.3339588677040    
    0.6408000000000       0.3342910095360    
    0.6409000000000       0.3346230831120    
    0.6410000000000       0.3349550880000    
    0.6411000000000       0.3352870237680    
    0.6412000000000       0.3356188899840    
    0.6413000000000       0.3359506862160    
    0.6414000000000       0.3362824120320    
    0.6415000000000       0.3366140670000    
    0.6416000000000       0.3369456506880    
    0.6417000000000       0.3372771626640    
    0.6418000000000       0.3376086024960    
    0.6419000000000       0.3379399697520    
    0.6420000000000       0.3382712640000    
    0.6421000000000       0.3386024848080    
    0.6422000000000       0.3389336317440    
    0.6423000000000       0.3392647043760    
    0.6424000000000       0.3395957022720    
    0.6425000000000       0.3399266250000    
    0.6426000000000       0.3402574721280    
    0.6427000000000       0.3405882432240    
    0.6428000000000       0.3409189378560    
    0.6429000000000       0.3412495555920    
    0.6430000000000       0.3415800960000    
    0.6431000000000       0.3419105586480    
    0.6432000000000       0.3422409431040    
    0.6433000000000       0.3425712489360    
    0.6434000000000       0.3429014757120    
    0.6435000000000       0.3432316230000    
    0.6436000000000       0.3435616903680    
    0.6437000000000       0.3438916773840    
    0.6438000000000       0.3442215836160    
    0.6439000000000       0.3445514086320    
    0.6440000000000       0.3448811520000    
    0.6441000000000       0.3452108132880    
    0.6442000000000       0.3455403920640    
    0.6443000000000       0.3458698878960    
    0.6444000000000       0.3461993003520    
    0.6445000000000       0.3465286290000    
    0.6446000000000       0.3468578734080    
    0.6447000000000       0.3471870331440    
    0.6448000000000       0.3475161077760    
    0.6449000000000       0.3478450968720    
    0.6450000000000       0.3481740000000    
    0.6451000000000       0.3485028167280    
    0.6452000000000       0.3488315466240    
    0.6453000000000       0.3491601892560    
    0.6454000000000       0.3494887441920    
    0.6455000000000       0.3498172110000    
    0.6456000000000       0.3501455892480    
    0.6457000000000       0.3504738785040    
    0.6458000000000       0.3508020783360    
    0.6459000000000       0.3511301883120    
    0.6460000000000       0.3514582080000    
    0.6461000000000       0.3517861369680    
    0.6462000000000       0.3521139747840    
    0.6463000000000       0.3524417210160    
    0.6464000000000       0.3527693752320    
    0.6465000000000       0.3530969370000    
    0.6466000000000       0.3534244058880    
    0.6467000000000       0.3537517814640    
    0.6468000000000       0.3540790632960    
    0.6469000000000       0.3544062509520    
    0.6470000000000       0.3547333440000    
    0.6471000000000       0.3550603420080    
    0.6472000000000       0.3553872445440    
    0.6473000000000       0.3557140511760    
    0.6474000000000       0.3560407614720    
    0.6475000000000       0.3563673750000    
    0.6476000000000       0.3566938913280    
    0.6477000000000       0.3570203100240    
    0.6478000000000       0.3573466306560    
    0.6479000000000       0.3576728527920    
    0.6480000000000       0.3579989760000    
    0.6481000000000       0.3583249998480    
    0.6482000000000       0.3586509239040    
    0.6483000000000       0.3589767477360    
    0.6484000000000       0.3593024709120    
    0.6485000000000       0.3596280930000    
    0.6486000000000       0.3599536135680    
    0.6487000000000       0.3602790321840    
    0.6488000000000       0.3606043484160    
    0.6489000000000       0.3609295618320    
    0.6490000000000       0.3612546720000    
    0.6491000000000       0.3615796784880    
    0.6492000000000       0.3619045808640    
    0.6493000000000       0.3622293786960    
    0.6494000000000       0.3625540715520    
    0.6495000000000       0.3628786590000    
    0.6496000000000       0.3632031406080    
    0.6497000000000       0.3635275159440    
    0.6498000000000       0.3638517845760    
    0.6499000000000       0.3641759460720    
    0.6500000000000       0.3645000000000    
    0.6501000000000       0.3648239459280    
    0.6502000000000       0.3651477834240    
    0.6503000000000       0.3654715120560    
    0.6504000000000       0.3657951313920    
    0.6505000000000       0.3661186410000    
    0.6506000000000       0.3664420404480    
    0.6507000000000       0.3667653293040    
    0.6508000000000       0.3670885071360    
    0.6509000000000       0.3674115735120    
    0.6510000000000       0.3677345280000    
    0.6511000000000       0.3680573701680    
    0.6512000000000       0.3683800995840    
    0.6513000000000       0.3687027158160    
    0.6514000000000       0.3690252184320    
    0.6515000000000       0.3693476070000    
    0.6516000000000       0.3696698810880    
    0.6517000000000       0.3699920402640    
    0.6518000000000       0.3703140840960    
    0.6519000000000       0.3706360121520    
    0.6520000000000       0.3709578240000    
    0.6521000000000       0.3712795192080    
    0.6522000000000       0.3716010973440    
    0.6523000000000       0.3719225579760    
    0.6524000000000       0.3722439006720    
    0.6525000000000       0.3725651250000    
    0.6526000000000       0.3728862305280    
    0.6527000000000       0.3732072168240    
    0.6528000000000       0.3735280834560    
    0.6529000000000       0.3738488299920    
    0.6530000000000       0.3741694560000    
    0.6531000000000       0.3744899610480    
    0.6532000000000       0.3748103447040    
    0.6533000000000       0.3751306065360    
    0.6534000000000       0.3754507461120    
    0.6535000000000       0.3757707630000    
    0.6536000000000       0.3760906567680    
    0.6537000000000       0.3764104269840    
    0.6538000000000       0.3767300732160    
    0.6539000000000       0.3770495950320    
    0.6540000000000       0.3773689920000    
    0.6541000000000       0.3776882636880    
    0.6542000000000       0.3780074096640    
    0.6543000000000       0.3783264294960    
    0.6544000000000       0.3786453227520    
    0.6545000000000       0.3789640890000    
    0.6546000000000       0.3792827278080    
    0.6547000000000       0.3796012387440    
    0.6548000000000       0.3799196213760    
    0.6549000000000       0.3802378752720    
    0.6550000000000       0.3805560000000    
    0.6551000000000       0.3808739951280    
    0.6552000000000       0.3811918602240    
    0.6553000000000       0.3815095948560    
    0.6554000000000       0.3818271985920    
    0.6555000000000       0.3821446710000    
    0.6556000000000       0.3824620116480    
    0.6557000000000       0.3827792201040    
    0.6558000000000       0.3830962959360    
    0.6559000000000       0.3834132387120    
    0.6560000000000       0.3837300480000    
    0.6561000000000       0.3840467233680    
    0.6562000000000       0.3843632643840    
    0.6563000000000       0.3846796706160    
    0.6564000000000       0.3849959416320    
    0.6565000000000       0.3853120770000    
    0.6566000000000       0.3856280762880    
    0.6567000000000       0.3859439390640    
    0.6568000000000       0.3862596648960    
    0.6569000000000       0.3865752533520    
    0.6570000000000       0.3868907040000    
    0.6571000000000       0.3872060164080    
    0.6572000000000       0.3875211901440    
    0.6573000000000       0.3878362247760    
    0.6574000000000       0.3881511198720    
    0.6575000000000       0.3884658750000    
    0.6576000000000       0.3887804897280    
    0.6577000000000       0.3890949636240    
    0.6578000000000       0.3894092962560    
    0.6579000000000       0.3897234871920    
    0.6580000000000       0.3900375360000    
    0.6581000000000       0.3903514422480    
    0.6582000000000       0.3906652055040    
    0.6583000000000       0.3909788253360    
    0.6584000000000       0.3912923013120    
    0.6585000000000       0.3916056330000    
    0.6586000000000       0.3919188199680    
    0.6587000000000       0.3922318617840    
    0.6588000000000       0.3925447580160    
    0.6589000000000       0.3928575082320    
    0.6590000000000       0.3931701120000    
    0.6591000000000       0.3934825688880    
    0.6592000000000       0.3937948784640    
    0.6593000000000       0.3941070402960    
    0.6594000000000       0.3944190539520    
    0.6595000000000       0.3947309190000    
    0.6596000000000       0.3950426350080    
    0.6597000000000       0.3953542015440    
    0.6598000000000       0.3956656181760    
    0.6599000000000       0.3959768844720    
    0.6600000000000       0.3962880000000    
    0.6601000000000       0.3965989643280    
    0.6602000000000       0.3969097770240    
    0.6603000000000       0.3972204376560    
    0.6604000000000       0.3975309457920    
    0.6605000000000       0.3978413010000    
    0.6606000000000       0.3981515028480    
    0.6607000000000       0.3984615509040    
    0.6608000000000       0.3987714447360    
    0.6609000000000       0.3990811839120    
    0.6610000000000       0.3993907680000    
    0.6611000000000       0.3997001965680    
    0.6612000000000       0.4000094691840    
    0.6613000000000       0.4003185854160    
    0.6614000000000       0.4006275448320    
    0.6615000000000       0.4009363470000    
    0.6616000000000       0.4012449914880    
    0.6617000000000       0.4015534778640    
    0.6618000000000       0.4018618056960    
    0.6619000000000       0.4021699745520    
    0.6620000000000       0.4024779840000    
    0.6621000000000       0.4027858336080    
    0.6622000000000       0.4030935229440    
    0.6623000000000       0.4034010515760    
    0.6624000000000       0.4037084190720    
    0.6625000000000       0.4040156250000    
    0.6626000000000       0.4043226689280    
    0.6627000000000       0.4046295504240    
    0.6628000000000       0.4049362690560    
    0.6629000000000       0.4052428243920    
    0.6630000000000       0.4055492160000    
    0.6631000000000       0.4058554434480    
    0.6632000000000       0.4061615063040    
    0.6633000000000       0.4064674041360    
    0.6634000000000       0.4067731365120    
    0.6635000000000       0.4070787030000    
    0.6636000000000       0.4073841031680    
    0.6637000000000       0.4076893365840    
    0.6638000000000       0.4079944028160    
    0.6639000000000       0.4082993014320    
    0.6640000000000       0.4086040320000    
    0.6641000000000       0.4089085940880    
    0.6642000000000       0.4092129872640    
    0.6643000000000       0.4095172110960    
    0.6644000000000       0.4098212651520    
    0.6645000000000       0.4101251490000    
    0.6646000000000       0.4104288622080    
    0.6647000000000       0.4107324043440    
    0.6648000000000       0.4110357749760    
    0.6649000000000       0.4113389736720    
    0.6650000000000       0.4116420000000    
    0.6651000000000       0.4119448535280    
    0.6652000000000       0.4122475338240    
    0.6653000000000       0.4125500404560    
    0.6654000000000       0.4128523729920    
    0.6655000000000       0.4131545310000    
    0.6656000000000       0.4134565140480    
    0.6657000000000       0.4137583217040    
    0.6658000000000       0.4140599535360    
    0.6659000000000       0.4143614091120    
    0.6660000000000       0.4146626880000    
    0.6661000000000       0.4149637897680    
    0.6662000000000       0.4152647139840    
    0.6663000000000       0.4155654602160    
    0.6664000000000       0.4158660280320    
    0.6665000000000       0.4161664170000    
    0.6666000000000       0.4164666266880    
    0.6667000000000       0.4167666566640    
    0.6668000000000       0.4170665064960    
    0.6669000000000       0.4173661757520    
    0.6670000000000       0.4176656640000    
    0.6671000000000       0.4179649708080    
    0.6672000000000       0.4182640957440    
    0.6673000000000       0.4185630383760    
    0.6674000000000       0.4188617982720    
    0.6675000000000       0.4191603750000    
    0.6676000000000       0.4194587681280    
    0.6677000000000       0.4197569772240    
    0.6678000000000       0.4200550018560    
    0.6679000000000       0.4203528415920    
    0.6680000000000       0.4206504960000    
    0.6681000000000       0.4209479646480    
    0.6682000000000       0.4212452471040    
    0.6683000000000       0.4215423429360    
    0.6684000000000       0.4218392517120    
    0.6685000000000       0.4221359730000    
    0.6686000000000       0.4224325063680    
    0.6687000000000       0.4227288513840    
    0.6688000000000       0.4230250076160    
    0.6689000000000       0.4233209746320    
    0.6690000000000       0.4236167520000    
    0.6691000000000       0.4239123392880    
    0.6692000000000       0.4242077360640    
    0.6693000000000       0.4245029418960    
    0.6694000000000       0.4247979563520    
    0.6695000000000       0.4250927790000    
    0.6696000000000       0.4253874094080    
    0.6697000000000       0.4256818471440    
    0.6698000000000       0.4259760917760    
    0.6699000000000       0.4262701428720    
    0.6700000000000       0.4265640000000    
    0.6701000000000       0.4268576627280    
    0.6702000000000       0.4271511306240    
    0.6703000000000       0.4274444032560    
    0.6704000000000       0.4277374801920    
    0.6705000000000       0.4280303610000    
    0.6706000000000       0.4283230452480    
    0.6707000000000       0.4286155325040    
    0.6708000000000       0.4289078223360    
    0.6709000000000       0.4291999143120    
    0.6710000000000       0.4294918080000    
    0.6711000000000       0.4297835029680    
    0.6712000000000       0.4300749987840    
    0.6713000000000       0.4303662950160    
    0.6714000000000       0.4306573912320    
    0.6715000000000       0.4309482870000    
    0.6716000000000       0.4312389818880    
    0.6717000000000       0.4315294754640    
    0.6718000000000       0.4318197672960    
    0.6719000000000       0.4321098569520    
    0.6720000000000       0.4323997440000    
    0.6721000000000       0.4326894280080    
    0.6722000000000       0.4329789085440    
    0.6723000000000       0.4332681851760    
    0.6724000000000       0.4335572574720    
    0.6725000000000       0.4338461250000    
    0.6726000000000       0.4341347873280    
    0.6727000000000       0.4344232440240    
    0.6728000000000       0.4347114946560    
    0.6729000000000       0.4349995387920    
    0.6730000000000       0.4352873760000    
    0.6731000000000       0.4355750058480    
    0.6732000000000       0.4358624279040    
    0.6733000000000       0.4361496417360    
    0.6734000000000       0.4364366469120    
    0.6735000000000       0.4367234430000    
    0.6736000000000       0.4370100295680    
    0.6737000000000       0.4372964061840    
    0.6738000000000       0.4375825724160    
    0.6739000000000       0.4378685278320    
    0.6740000000000       0.4381542720000    
    0.6741000000000       0.4384398044880    
    0.6742000000000       0.4387251248640    
    0.6743000000000       0.4390102326960    
    0.6744000000000       0.4392951275520    
    0.6745000000000       0.4395798090000    
    0.6746000000000       0.4398642766080    
    0.6747000000000       0.4401485299440    
    0.6748000000000       0.4404325685760    
    0.6749000000000       0.4407163920720    
    0.6750000000000       0.4410000000000    
    0.6751000000000       0.4412833919280    
    0.6752000000000       0.4415665674240    
    0.6753000000000       0.4418495260560    
    0.6754000000000       0.4421322673920    
    0.6755000000000       0.4424147910000    
    0.6756000000000       0.4426970964480    
    0.6757000000000       0.4429791833040    
    0.6758000000000       0.4432610511360    
    0.6759000000000       0.4435426995120    
    0.6760000000000       0.4438241280000    
    0.6761000000000       0.4441053361680    
    0.6762000000000       0.4443863235840    
    0.6763000000000       0.4446670898160    
    0.6764000000000       0.4449476344320    
    0.6765000000000       0.4452279570000    
    0.6766000000000       0.4455080570880    
    0.6767000000000       0.4457879342640    
    0.6768000000000       0.4460675880960    
    0.6769000000000       0.4463470181520    
    0.6770000000000       0.4466262240000    
    0.6771000000000       0.4469052052080    
    0.6772000000000       0.4471839613440    
    0.6773000000000       0.4474624919760    
    0.6774000000000       0.4477407966720    
    0.6775000000000       0.4480188750000    
    0.6776000000000       0.4482967265280    
    0.6777000000000       0.4485743508240    
    0.6778000000000       0.4488517474560    
    0.6779000000000       0.4491289159920    
    0.6780000000000       0.4494058560000    
    0.6781000000000       0.4496825670480    
    0.6782000000000       0.4499590487040    
    0.6783000000000       0.4502353005360    
    0.6784000000000       0.4505113221120    
    0.6785000000000       0.4507871130000    
    0.6786000000000       0.4510626727680    
    0.6787000000000       0.4513380009840    
    0.6788000000000       0.4516130972160    
    0.6789000000000       0.4518879610320    
    0.6790000000000       0.4521625920000    
    0.6791000000000       0.4524369896880    
    0.6792000000000       0.4527111536640    
    0.6793000000000       0.4529850834960    
    0.6794000000000       0.4532587787520    
    0.6795000000000       0.4535322390000    
    0.6796000000000       0.4538054638080    
    0.6797000000000       0.4540784527440    
    0.6798000000000       0.4543512053760    
    0.6799000000000       0.4546237212720    
    0.6800000000000       0.4548960000000    
    0.6801000000000       0.4551680411280    
    0.6802000000000       0.4554398442240    
    0.6803000000000       0.4557114088560    
    0.6804000000000       0.4559827345920    
    0.6805000000000       0.4562538210000    
    0.6806000000000       0.4565246676480    
    0.6807000000000       0.4567952741040    
    0.6808000000000       0.4570656399360    
    0.6809000000000       0.4573357647120    
    0.6810000000000       0.4576056480000    
    0.6811000000000       0.4578752893680    
    0.6812000000000       0.4581446883840    
    0.6813000000000       0.4584138446160    
    0.6814000000000       0.4586827576320    
    0.6815000000000       0.4589514270000    
    0.6816000000000       0.4592198522880    
    0.6817000000000       0.4594880330640    
    0.6818000000000       0.4597559688960    
    0.6819000000000       0.4600236593520    
    0.6820000000000       0.4602911040000    
    0.6821000000000       0.4605583024080    
    0.6822000000000       0.4608252541440    
    0.6823000000000       0.4610919587760    
    0.6824000000000       0.4613584158720    
    0.6825000000000       0.4616246250000    
    0.6826000000000       0.4618905857280    
    0.6827000000000       0.4621562976240    
    0.6828000000000       0.4624217602560    
    0.6829000000000       0.4626869731920    
    0.6830000000000       0.4629519360000    
    0.6831000000000       0.4632166482480    
    0.6832000000000       0.4634811095040    
    0.6833000000000       0.4637453193360    
    0.6834000000000       0.4640092773120    
    0.6835000000000       0.4642729830000    
    0.6836000000000       0.4645364359680    
    0.6837000000000       0.4647996357840    
    0.6838000000000       0.4650625820160    
    0.6839000000000       0.4653252742320    
    0.6840000000000       0.4655877120000    
    0.6841000000000       0.4658498948880    
    0.6842000000000       0.4661118224640    
    0.6843000000000       0.4663734942960    
    0.6844000000000       0.4666349099520    
    0.6845000000000       0.4668960690000    
    0.6846000000000       0.4671569710080    
    0.6847000000000       0.4674176155440    
    0.6848000000000       0.4676780021760    
    0.6849000000000       0.4679381304720    
    0.6850000000000       0.4681980000000    
    0.6851000000000       0.4684576103280    
    0.6852000000000       0.4687169610240    
    0.6853000000000       0.4689760516560    
    0.6854000000000       0.4692348817920    
    0.6855000000000       0.4694934510000    
    0.6856000000000       0.4697517588480    
    0.6857000000000       0.4700098049040    
    0.6858000000000       0.4702675887360    
    0.6859000000000       0.4705251099120    
    0.6860000000000       0.4707823680000    
    0.6861000000000       0.4710393625680    
    0.6862000000000       0.4712960931840    
    0.6863000000000       0.4715525594160    
    0.6864000000000       0.4718087608320    
    0.6865000000000       0.4720646970000    
    0.6866000000000       0.4723203674880    
    0.6867000000000       0.4725757718640    
    0.6868000000000       0.4728309096960    
    0.6869000000000       0.4730857805520    
    0.6870000000000       0.4733403840000    
    0.6871000000000       0.4735947196080    
    0.6872000000000       0.4738487869440    
    0.6873000000000       0.4741025855760    
    0.6874000000000       0.4743561150720    
    0.6875000000000       0.4746093750000    
    0.6876000000000       0.4748623649280    
    0.6877000000000       0.4751150844240    
    0.6878000000000       0.4753675330560    
    0.6879000000000       0.4756197103920    
    0.6880000000000       0.4758716160000    
    0.6881000000000       0.4761232494480    
    0.6882000000000       0.4763746103040    
    0.6883000000000       0.4766256981360    
    0.6884000000000       0.4768765125120    
    0.6885000000000       0.4771270530000    
    0.6886000000000       0.4773773191680    
    0.6887000000000       0.4776273105840    
    0.6888000000000       0.4778770268160    
    0.6889000000000       0.4781264674320    
    0.6890000000000       0.4783756320000    
    0.6891000000000       0.4786245200880    
    0.6892000000000       0.4788731312640    
    0.6893000000000       0.4791214650960    
    0.6894000000000       0.4793695211520    
    0.6895000000000       0.4796172990000    
    0.6896000000000       0.4798647982080    
    0.6897000000000       0.4801120183440    
    0.6898000000000       0.4803589589760    
    0.6899000000000       0.4806056196720    
    0.6900000000000       0.4808520000000    
    0.6901000000000       0.4810980995280    
    0.6902000000000       0.4813439178240    
    0.6903000000000       0.4815894544560    
    0.6904000000000       0.4818347089920    
    0.6905000000000       0.4820796810000    
    0.6906000000000       0.4823243700480    
    0.6907000000000       0.4825687757040    
    0.6908000000000       0.4828128975360    
    0.6909000000000       0.4830567351120    
    0.6910000000000       0.4833002880000    
    0.6911000000000       0.4835435557680    
    0.6912000000000       0.4837865379840    
    0.6913000000000       0.4840292342160    
    0.6914000000000       0.4842716440320    
    0.6915000000000       0.4845137670000    
    0.6916000000000       0.4847556026880    
    0.6917000000000       0.4849971506640    
    0.6918000000000       0.4852384104960    
    0.6919000000000       0.4854793817520    
    0.6920000000000       0.4857200640000    
    0.6921000000000       0.4859604568080    
    0.6922000000000       0.4862005597440    
    0.6923000000000       0.4864403723760    
    0.6924000000000       0.4866798942720    
    0.6925000000000       0.4869191250000    
    0.6926000000000       0.4871580641280    
    0.6927000000000       0.4873967112240    
    0.6928000000000       0.4876350658560    
    0.6929000000000       0.4878731275920    
    0.6930000000000       0.4881108960000    
    0.6931000000000       0.4883483706480    
    0.6932000000000       0.4885855511040    
    0.6933000000000       0.4888224369360    
    0.6934000000000       0.4890590277120    
    0.6935000000000       0.4892953230000    
    0.6936000000000       0.4895313223680    
    0.6937000000000       0.4897670253840    
    0.6938000000000       0.4900024316160    
    0.6939000000000       0.4902375406320    
    0.6940000000000       0.4904723520000    
    0.6941000000000       0.4907068652880    
    0.6942000000000       0.4909410800640    
    0.6943000000000       0.4911749958960    
    0.6944000000000       0.4914086123520    
    0.6945000000000       0.4916419290000    
    0.6946000000000       0.4918749454080    
    0.6947000000000       0.4921076611440    
    0.6948000000000       0.4923400757760    
    0.6949000000000       0.4925721888720    
    0.6950000000000       0.4928040000000    
    0.6951000000000       0.4930355087280    
    0.6952000000000       0.4932667146240    
    0.6953000000000       0.4934976172560    
    0.6954000000000       0.4937282161920    
    0.6955000000000       0.4939585110000    
    0.6956000000000       0.4941885012480    
    0.6957000000000       0.4944181865040    
    0.6958000000000       0.4946475663360    
    0.6959000000000       0.4948766403120    
    0.6960000000000       0.4951054080000    
    0.6961000000000       0.4953338689680    
    0.6962000000000       0.4955620227840    
    0.6963000000000       0.4957898690160    
    0.6964000000000       0.4960174072320    
    0.6965000000000       0.4962446370000    
    0.6966000000000       0.4964715578880    
    0.6967000000000       0.4966981694640    
    0.6968000000000       0.4969244712960    
    0.6969000000000       0.4971504629520    
    0.6970000000000       0.4973761440000    
    0.6971000000000       0.4976015140080    
    0.6972000000000       0.4978265725440    
    0.6973000000000       0.4980513191760    
    0.6974000000000       0.4982757534720    
    0.6975000000000       0.4984998750000    
    0.6976000000000       0.4987236833280    
    0.6977000000000       0.4989471780240    
    0.6978000000000       0.4991703586560    
    0.6979000000000       0.4993932247920    
    0.6980000000000       0.4996157760000    
    0.6981000000000       0.4998380118480    
    0.6982000000000       0.5000599319040    
    0.6983000000000       0.5002815357360    
    0.6984000000000       0.5005028229120    
    0.6985000000000       0.5007237930000    
    0.6986000000000       0.5009444455680    
    0.6987000000000       0.5011647801840    
    0.6988000000000       0.5013847964160    
    0.6989000000000       0.5016044938320    
    0.6990000000000       0.5018238720000    
    0.6991000000000       0.5020429304880    
    0.6992000000000       0.5022616688640    
    0.6993000000000       0.5024800866960    
    0.6994000000000       0.5026981835520    
    0.6995000000000       0.5029159590000    
    0.6996000000000       0.5031334126080    
    0.6997000000000       0.5033505439440    
    0.6998000000000       0.5035673525760    
    0.6999000000000       0.5037838380720    
    0.7000000000000       0.5040000000000    
    0.7001000000000       0.5042158379280    
    0.7002000000000       0.5044313514240    
    0.7003000000000       0.5046465400560    
    0.7004000000000       0.5048614033920    
    0.7005000000000       0.5050759410000    
    0.7006000000000       0.5052901524480    
    0.7007000000000       0.5055040373040    
    0.7008000000000       0.5057175951360    
    0.7009000000000       0.5059308255120    
    0.7010000000000       0.5061437280000    
    0.7011000000000       0.5063563021680    
    0.7012000000000       0.5065685475840    
    0.7013000000000       0.5067804638160    
    0.7014000000000       0.5069920504320    
    0.7015000000000       0.5072033070000    
    0.7016000000000       0.5074142330880    
    0.7017000000000       0.5076248282640    
    0.7018000000000       0.5078350920960    
    0.7019000000000       0.5080450241520    
    0.7020000000000       0.5082546240000    
    0.7021000000000       0.5084638912080    
    0.7022000000000       0.5086728253440    
    0.7023000000000       0.5088814259760    
    0.7024000000000       0.5090896926720    
    0.7025000000000       0.5092976250000    
    0.7026000000000       0.5095052225280    
    0.7027000000000       0.5097124848240    
    0.7028000000000       0.5099194114560    
    0.7029000000000       0.5101260019920    
    0.7030000000000       0.5103322560000    
    0.7031000000000       0.5105381730480    
    0.7032000000000       0.5107437527040    
    0.7033000000000       0.5109489945360    
    0.7034000000000       0.5111538981120    
    0.7035000000000       0.5113584630000    
    0.7036000000000       0.5115626887680    
    0.7037000000000       0.5117665749840    
    0.7038000000000       0.5119701212160    
    0.7039000000000       0.5121733270320    
    0.7040000000000       0.5123761920000    
    0.7041000000000       0.5125787156880    
    0.7042000000000       0.5127808976640    
    0.7043000000000       0.5129827374960    
    0.7044000000000       0.5131842347520    
    0.7045000000000       0.5133853890000    
    0.7046000000000       0.5135861998080    
    0.7047000000000       0.5137866667440    
    0.7048000000000       0.5139867893760    
    0.7049000000000       0.5141865672720    
    0.7050000000000       0.5143860000000    
    0.7051000000000       0.5145850871280    
    0.7052000000000       0.5147838282240    
    0.7053000000000       0.5149822228560    
    0.7054000000000       0.5151802705920    
    0.7055000000000       0.5153779710000    
    0.7056000000000       0.5155753236480    
    0.7057000000000       0.5157723281040    
    0.7058000000000       0.5159689839360    
    0.7059000000000       0.5161652907120    
    0.7060000000000       0.5163612480000    
    0.7061000000000       0.5165568553680    
    0.7062000000000       0.5167521123840    
    0.7063000000000       0.5169470186160    
    0.7064000000000       0.5171415736320    
    0.7065000000000       0.5173357770000    
    0.7066000000000       0.5175296282880    
    0.7067000000000       0.5177231270640    
    0.7068000000000       0.5179162728960    
    0.7069000000000       0.5181090653520    
    0.7070000000000       0.5183015040000    
    0.7071000000000       0.5184935884080    
    0.7072000000000       0.5186853181440    
    0.7073000000000       0.5188766927760    
    0.7074000000000       0.5190677118720    
    0.7075000000000       0.5192583750000    
    0.7076000000000       0.5194486817280    
    0.7077000000000       0.5196386316240    
    0.7078000000000       0.5198282242560    
    0.7079000000000       0.5200174591920    
    0.7080000000000       0.5202063360000    
    0.7081000000000       0.5203948542480    
    0.7082000000000       0.5205830135040    
    0.7083000000000       0.5207708133360    
    0.7084000000000       0.5209582533120    
    0.7085000000000       0.5211453330000    
    0.7086000000000       0.5213320519680    
    0.7087000000000       0.5215184097840    
    0.7088000000000       0.5217044060160    
    0.7089000000000       0.5218900402320    
    0.7090000000000       0.5220753120000    
    0.7091000000000       0.5222602208880    
    0.7092000000000       0.5224447664640    
    0.7093000000000       0.5226289482960    
    0.7094000000000       0.5228127659520    
    0.7095000000000       0.5229962190000    
    0.7096000000000       0.5231793070080    
    0.7097000000000       0.5233620295440    
    0.7098000000000       0.5235443861760    
    0.7099000000000       0.5237263764720    
    0.7100000000000       0.5239080000000    
    0.7101000000000       0.5240892563280    
    0.7102000000000       0.5242701450240    
    0.7103000000000       0.5244506656560    
    0.7104000000000       0.5246308177920    
    0.7105000000000       0.5248106010000    
    0.7106000000000       0.5249900148480    
    0.7107000000000       0.5251690589040    
    0.7108000000000       0.5253477327360    
    0.7109000000000       0.5255260359120    
    0.7110000000000       0.5257039680000    
    0.7111000000000       0.5258815285680    
    0.7112000000000       0.5260587171840    
    0.7113000000000       0.5262355334160    
    0.7114000000000       0.5264119768320    
    0.7115000000000       0.5265880470000    
    0.7116000000000       0.5267637434880    
    0.7117000000000       0.5269390658640    
    0.7118000000000       0.5271140136960    
    0.7119000000000       0.5272885865520    
    0.7120000000000       0.5274627840000    
    0.7121000000000       0.5276366056080    
    0.7122000000000       0.5278100509440    
    0.7123000000000       0.5279831195760    
    0.7124000000000       0.5281558110720    
    0.7125000000000       0.5283281250000    
    0.7126000000000       0.5285000609280    
    0.7127000000000       0.5286716184240    
    0.7128000000000       0.5288427970560    
    0.7129000000000       0.5290135963920    
    0.7130000000000       0.5291840160000    
    0.7131000000000       0.5293540554480    
    0.7132000000000       0.5295237143040    
    0.7133000000000       0.5296929921360    
    0.7134000000000       0.5298618885120    
    0.7135000000000       0.5300304030000    
    0.7136000000000       0.5301985351680    
    0.7137000000000       0.5303662845840    
    0.7138000000000       0.5305336508160    
    0.7139000000000       0.5307006334320    
    0.7140000000000       0.5308672320000    
    0.7141000000000       0.5310334460880    
    0.7142000000000       0.5311992752640    
    0.7143000000000       0.5313647190960    
    0.7144000000000       0.5315297771520    
    0.7145000000000       0.5316944490000    
    0.7146000000000       0.5318587342080    
    0.7147000000000       0.5320226323440    
    0.7148000000000       0.5321861429760    
    0.7149000000000       0.5323492656720    
    0.7150000000000       0.5325120000000    
    0.7151000000000       0.5326743455280    
    0.7152000000000       0.5328363018240    
    0.7153000000000       0.5329978684560    
    0.7154000000000       0.5331590449920    
    0.7155000000000       0.5333198310000    
    0.7156000000000       0.5334802260480    
    0.7157000000000       0.5336402297040    
    0.7158000000000       0.5337998415360    
    0.7159000000000       0.5339590611120    
    0.7160000000000       0.5341178880000    
    0.7161000000000       0.5342763217680    
    0.7162000000000       0.5344343619840    
    0.7163000000000       0.5345920082160    
    0.7164000000000       0.5347492600320    
    0.7165000000000       0.5349061170000    
    0.7166000000000       0.5350625786880    
    0.7167000000000       0.5352186446640    
    0.7168000000000       0.5353743144960    
    0.7169000000000       0.5355295877520    
    0.7170000000000       0.5356844640000    
    0.7171000000000       0.5358389428080    
    0.7172000000000       0.5359930237440    
    0.7173000000000       0.5361467063760    
    0.7174000000000       0.5362999902720    
    0.7175000000000       0.5364528750000    
    0.7176000000000       0.5366053601280    
    0.7177000000000       0.5367574452240    
    0.7178000000000       0.5369091298560    
    0.7179000000000       0.5370604135920    
    0.7180000000000       0.5372112960000    
    0.7181000000000       0.5373617766480    
    0.7182000000000       0.5375118551040    
    0.7183000000000       0.5376615309360    
    0.7184000000000       0.5378108037120    
    0.7185000000000       0.5379596730000    
    0.7186000000000       0.5381081383680    
    0.7187000000000       0.5382561993840    
    0.7188000000000       0.5384038556160    
    0.7189000000000       0.5385511066320    
    0.7190000000000       0.5386979520000    
    0.7191000000000       0.5388443912880    
    0.7192000000000       0.5389904240640    
    0.7193000000000       0.5391360498960    
    0.7194000000000       0.5392812683520    
    0.7195000000000       0.5394260790000    
    0.7196000000000       0.5395704814080    
    0.7197000000000       0.5397144751440    
    0.7198000000000       0.5398580597760    
    0.7199000000000       0.5400012348720    
    0.7200000000000       0.5401440000000    
    0.7201000000000       0.5402863547280    
    0.7202000000000       0.5404282986240    
    0.7203000000000       0.5405698312560    
    0.7204000000000       0.5407109521920    
    0.7205000000000       0.5408516610000    
    0.7206000000000       0.5409919572480    
    0.7207000000000       0.5411318405040    
    0.7208000000000       0.5412713103360    
    0.7209000000000       0.5414103663120    
    0.7210000000000       0.5415490080000    
    0.7211000000000       0.5416872349680    
    0.7212000000000       0.5418250467840    
    0.7213000000000       0.5419624430160    
    0.7214000000000       0.5420994232320    
    0.7215000000000       0.5422359870000    
    0.7216000000000       0.5423721338880    
    0.7217000000000       0.5425078634640    
    0.7218000000000       0.5426431752960    
    0.7219000000000       0.5427780689520    
    0.7220000000000       0.5429125440000    
    0.7221000000000       0.5430466000080    
    0.7222000000000       0.5431802365440    
    0.7223000000000       0.5433134531760    
    0.7224000000000       0.5434462494720    
    0.7225000000000       0.5435786250000    
    0.7226000000000       0.5437105793280    
    0.7227000000000       0.5438421120240    
    0.7228000000000       0.5439732226560    
    0.7229000000000       0.5441039107920    
    0.7230000000000       0.5442341760000    
    0.7231000000000       0.5443640178480    
    0.7232000000000       0.5444934359040    
    0.7233000000000       0.5446224297360    
    0.7234000000000       0.5447509989120    
    0.7235000000000       0.5448791430000    
    0.7236000000000       0.5450068615680    
    0.7237000000000       0.5451341541840    
    0.7238000000000       0.5452610204160    
    0.7239000000000       0.5453874598320    
    0.7240000000000       0.5455134720000    
    0.7241000000000       0.5456390564880    
    0.7242000000000       0.5457642128640    
    0.7243000000000       0.5458889406960    
    0.7244000000000       0.5460132395520    
    0.7245000000000       0.5461371090000    
    0.7246000000000       0.5462605486080    
    0.7247000000000       0.5463835579440    
    0.7248000000000       0.5465061365760    
    0.7249000000000       0.5466282840720    
    0.7250000000000       0.5467500000000    
    0.7251000000000       0.5468712839280    
    0.7252000000000       0.5469921354240    
    0.7253000000000       0.5471125540560    
    0.7254000000000       0.5472325393920    
    0.7255000000000       0.5473520910000    
    0.7256000000000       0.5474712084480    
    0.7257000000000       0.5475898913040    
    0.7258000000000       0.5477081391360    
    0.7259000000000       0.5478259515120    
    0.7260000000000       0.5479433280000    
    0.7261000000000       0.5480602681680    
    0.7262000000000       0.5481767715840    
    0.7263000000000       0.5482928378160    
    0.7264000000000       0.5484084664320    
    0.7265000000000       0.5485236570000    
    0.7266000000000       0.5486384090880    
    0.7267000000000       0.5487527222640    
    0.7268000000000       0.5488665960960    
    0.7269000000000       0.5489800301520    
    0.7270000000000       0.5490930240000    
    0.7271000000000       0.5492055772080    
    0.7272000000000       0.5493176893440    
    0.7273000000000       0.5494293599760    
    0.7274000000000       0.5495405886720    
    0.7275000000000       0.5496513750000    
    0.7276000000000       0.5497617185280    
    0.7277000000000       0.5498716188240    
    0.7278000000000       0.5499810754560    
    0.7279000000000       0.5500900879920    
    0.7280000000000       0.5501986560000    
    0.7281000000000       0.5503067790480    
    0.7282000000000       0.5504144567040    
    0.7283000000000       0.5505216885360    
    0.7284000000000       0.5506284741120    
    0.7285000000000       0.5507348130000    
    0.7286000000000       0.5508407047680    
    0.7287000000000       0.5509461489840    
    0.7288000000000       0.5510511452160    
    0.7289000000000       0.5511556930320    
    0.7290000000000       0.5512597920000    
    0.7291000000000       0.5513634416880    
    0.7292000000000       0.5514666416640    
    0.7293000000000       0.5515693914960    
    0.7294000000000       0.5516716907520    
    0.7295000000000       0.5517735390000    
    0.7296000000000       0.5518749358080    
    0.7297000000000       0.5519758807440    
    0.7298000000000       0.5520763733760    
    0.7299000000000       0.5521764132720    
    0.7300000000000       0.5522760000000    
    0.7301000000000       0.5523751331280    
    0.7302000000000       0.5524738122240    
    0.7303000000000       0.5525720368560    
    0.7304000000000       0.5526698065920    
    0.7305000000000       0.5527671210000    
    0.7306000000000       0.5528639796480    
    0.7307000000000       0.5529603821040    
    0.7308000000000       0.5530563279360    
    0.7309000000000       0.5531518167120    
    0.7310000000000       0.5532468480000    
    0.7311000000000       0.5533414213680    
    0.7312000000000       0.5534355363840    
    0.7313000000000       0.5535291926160    
    0.7314000000000       0.5536223896320    
    0.7315000000000       0.5537151270000    
    0.7316000000000       0.5538074042880    
    0.7317000000000       0.5538992210640    
    0.7318000000000       0.5539905768960    
    0.7319000000000       0.5540814713520    
    0.7320000000000       0.5541719040000    
    0.7321000000000       0.5542618744080    
    0.7322000000000       0.5543513821440    
    0.7323000000000       0.5544404267760    
    0.7324000000000       0.5545290078720    
    0.7325000000000       0.5546171250000    
    0.7326000000000       0.5547047777280    
    0.7327000000000       0.5547919656240    
    0.7328000000000       0.5548786882560    
    0.7329000000000       0.5549649451920    
    0.7330000000000       0.5550507360000    
    0.7331000000000       0.5551360602480    
    0.7332000000000       0.5552209175040    
    0.7333000000000       0.5553053073360    
    0.7334000000000       0.5553892293120    
    0.7335000000000       0.5554726830000    
    0.7336000000000       0.5555556679680    
    0.7337000000000       0.5556381837840    
    0.7338000000000       0.5557202300160    
    0.7339000000000       0.5558018062320    
    0.7340000000000       0.5558829120000    
    0.7341000000000       0.5559635468880    
    0.7342000000000       0.5560437104640    
    0.7343000000000       0.5561234022960    
    0.7344000000000       0.5562026219520    
    0.7345000000000       0.5562813690000    
    0.7346000000000       0.5563596430080    
    0.7347000000000       0.5564374435440    
    0.7348000000000       0.5565147701760    
    0.7349000000000       0.5565916224720    
    0.7350000000000       0.5566680000000    
    0.7351000000000       0.5567439023280    
    0.7352000000000       0.5568193290240    
    0.7353000000000       0.5568942796560    
    0.7354000000000       0.5569687537920    
    0.7355000000000       0.5570427510000    
    0.7356000000000       0.5571162708480    
    0.7357000000000       0.5571893129040    
    0.7358000000000       0.5572618767360    
    0.7359000000000       0.5573339619120    
    0.7360000000000       0.5574055680000    
    0.7361000000000       0.5574766945680    
    0.7362000000000       0.5575473411840    
    0.7363000000000       0.5576175074160    
    0.7364000000000       0.5576871928320    
    0.7365000000000       0.5577563970000    
    0.7366000000000       0.5578251194880    
    0.7367000000000       0.5578933598640    
    0.7368000000000       0.5579611176960    
    0.7369000000000       0.5580283925520    
    0.7370000000000       0.5580951840000    
    0.7371000000000       0.5581614916080    
    0.7372000000000       0.5582273149440    
    0.7373000000000       0.5582926535760    
    0.7374000000000       0.5583575070720    
    0.7375000000000       0.5584218750000    
    0.7376000000000       0.5584857569280    
    0.7377000000000       0.5585491524240    
    0.7378000000000       0.5586120610560    
    0.7379000000000       0.5586744823920    
    0.7380000000000       0.5587364160000    
    0.7381000000000       0.5587978614480    
    0.7382000000000       0.5588588183040    
    0.7383000000000       0.5589192861360    
    0.7384000000000       0.5589792645120    
    0.7385000000000       0.5590387530000    
    0.7386000000000       0.5590977511680    
    0.7387000000000       0.5591562585840    
    0.7388000000000       0.5592142748160    
    0.7389000000000       0.5592717994320    
    0.7390000000000       0.5593288320000    
    0.7391000000000       0.5593853720880    
    0.7392000000000       0.5594414192640    
    0.7393000000000       0.5594969730960    
    0.7394000000000       0.5595520331520    
    0.7395000000000       0.5596065990000    
    0.7396000000000       0.5596606702080    
    0.7397000000000       0.5597142463440    
    0.7398000000000       0.5597673269760    
    0.7399000000000       0.5598199116720    
    0.7400000000000       0.5598720000000    
    0.7401000000000       0.5599235915280    
    0.7402000000000       0.5599746858240    
    0.7403000000000       0.5600252824560    
    0.7404000000000       0.5600753809920    
    0.7405000000000       0.5601249810000    
    0.7406000000000       0.5601740820480    
    0.7407000000000       0.5602226837040    
    0.7408000000000       0.5602707855360    
    0.7409000000000       0.5603183871120    
    0.7410000000000       0.5603654880000    
    0.7411000000000       0.5604120877680    
    0.7412000000000       0.5604581859840    
    0.7413000000000       0.5605037822160    
    0.7414000000000       0.5605488760320    
    0.7415000000000       0.5605934670000    
    0.7416000000000       0.5606375546880    
    0.7417000000000       0.5606811386640    
    0.7418000000000       0.5607242184960    
    0.7419000000000       0.5607667937520    
    0.7420000000000       0.5608088640000    
    0.7421000000000       0.5608504288080    
    0.7422000000000       0.5608914877440    
    0.7423000000000       0.5609320403760    
    0.7424000000000       0.5609720862720    
    0.7425000000000       0.5610116250000    
    0.7426000000000       0.5610506561280    
    0.7427000000000       0.5610891792240    
    0.7428000000000       0.5611271938560    
    0.7429000000000       0.5611646995920    
    0.7430000000000       0.5612016960000    
    0.7431000000000       0.5612381826480    
    0.7432000000000       0.5612741591040    
    0.7433000000000       0.5613096249360    
    0.7434000000000       0.5613445797120    
    0.7435000000000       0.5613790230000    
    0.7436000000000       0.5614129543680    
    0.7437000000000       0.5614463733840    
    0.7438000000000       0.5614792796160    
    0.7439000000000       0.5615116726320    
    0.7440000000000       0.5615435520000    
    0.7441000000000       0.5615749172880    
    0.7442000000000       0.5616057680640    
    0.7443000000000       0.5616361038960    
    0.7444000000000       0.5616659243520    
    0.7445000000000       0.5616952290000    
    0.7446000000000       0.5617240174080    
    0.7447000000000       0.5617522891440    
    0.7448000000000       0.5617800437760    
    0.7449000000000       0.5618072808720    
    0.7450000000000       0.5618340000000    
    0.7451000000000       0.5618602007280    
    0.7452000000000       0.5618858826240    
    0.7453000000000       0.5619110452560    
    0.7454000000000       0.5619356881920    
    0.7455000000000       0.5619598110000    
    0.7456000000000       0.5619834132480    
    0.7457000000000       0.5620064945040    
    0.7458000000000       0.5620290543360    
    0.7459000000000       0.5620510923120    
    0.7460000000000       0.5620726080000    
    0.7461000000000       0.5620936009680    
    0.7462000000000       0.5621140707840    
    0.7463000000000       0.5621340170160    
    0.7464000000000       0.5621534392320    
    0.7465000000000       0.5621723370000    
    0.7466000000000       0.5621907098880    
    0.7467000000000       0.5622085574640    
    0.7468000000000       0.5622258792960    
    0.7469000000000       0.5622426749520    
    0.7470000000000       0.5622589440000    
    0.7471000000000       0.5622746860080    
    0.7472000000000       0.5622899005440    
    0.7473000000000       0.5623045871760    
    0.7474000000000       0.5623187454720    
    0.7475000000000       0.5623323750000    
    0.7476000000000       0.5623454753280    
    0.7477000000000       0.5623580460240    
    0.7478000000000       0.5623700866560    
    0.7479000000000       0.5623815967920    
    0.7480000000000       0.5623925760000    
    0.7481000000000       0.5624030238480    
    0.7482000000000       0.5624129399040    
    0.7483000000000       0.5624223237360    
    0.7484000000000       0.5624311749120    
    0.7485000000000       0.5624394930000    
    0.7486000000000       0.5624472775680    
    0.7487000000000       0.5624545281840    
    0.7488000000000       0.5624612444160    
    0.7489000000000       0.5624674258320    
    0.7490000000000       0.5624730720000    
    0.7491000000000       0.5624781824880    
    0.7492000000000       0.5624827568640    
    0.7493000000000       0.5624867946960    
    0.7494000000000       0.5624902955520    
    0.7495000000000       0.5624932590000    
    0.7496000000000       0.5624956846080    
    0.7497000000000       0.5624975719440    
    0.7498000000000       0.5624989205760    
    0.7499000000000       0.5624997300720    
    0.7500000000000       0.5625000000000    
    0.7501000000000       0.5625002579310    
    0.7502000000000       0.5625010314500    
    0.7503000000000       0.5625023201420    
    0.7504000000000       0.5625041235970    
    0.7505000000000       0.5625064414000    
    0.7506000000000       0.5625092731390    
    0.7507000000000       0.5625126184020    
    0.7508000000000       0.5625164767740    
    0.7509000000000       0.5625208478450    
    0.7510000000000       0.5625257312000    
    0.7511000000000       0.5625311264270    
    0.7512000000000       0.5625370331140    
    0.7513000000000       0.5625434508460    
    0.7514000000000       0.5625503792130    
    0.7515000000000       0.5625578178000    
    0.7516000000000       0.5625657661950    
    0.7517000000000       0.5625742239860    
    0.7518000000000       0.5625831907580    
    0.7519000000000       0.5625926661010    
    0.7520000000000       0.5626026496000    
    0.7521000000000       0.5626131408430    
    0.7522000000000       0.5626241394180    
    0.7523000000000       0.5626356449100    
    0.7524000000000       0.5626476569090    
    0.7525000000000       0.5626601750000    
    0.7526000000000       0.5626731987710    
    0.7527000000000       0.5626867278100    
    0.7528000000000       0.5627007617020    
    0.7529000000000       0.5627153000370    
    0.7530000000000       0.5627303424000    
    0.7531000000000       0.5627458883790    
    0.7532000000000       0.5627619375620    
    0.7533000000000       0.5627784895340    
    0.7534000000000       0.5627955438850    
    0.7535000000000       0.5628131002000    
    0.7536000000000       0.5628311580670    
    0.7537000000000       0.5628497170740    
    0.7538000000000       0.5628687768060    
    0.7539000000000       0.5628883368530    
    0.7540000000000       0.5629083968000    
    0.7541000000000       0.5629289562350    
    0.7542000000000       0.5629500147460    
    0.7543000000000       0.5629715719180    
    0.7544000000000       0.5629936273410    
    0.7545000000000       0.5630161806000    
    0.7546000000000       0.5630392312830    
    0.7547000000000       0.5630627789780    
    0.7548000000000       0.5630868232700    
    0.7549000000000       0.5631113637490    
    0.7550000000000       0.5631364000000    
    0.7551000000000       0.5631619316110    
    0.7552000000000       0.5631879581700    
    0.7553000000000       0.5632144792620    
    0.7554000000000       0.5632414944770    
    0.7555000000000       0.5632690034000    
    0.7556000000000       0.5632970056190    
    0.7557000000000       0.5633255007220    
    0.7558000000000       0.5633544882940    
    0.7559000000000       0.5633839679250    
    0.7560000000000       0.5634139392000    
    0.7561000000000       0.5634444017070    
    0.7562000000000       0.5634753550340    
    0.7563000000000       0.5635067987660    
    0.7564000000000       0.5635387324930    
    0.7565000000000       0.5635711558000    
    0.7566000000000       0.5636040682750    
    0.7567000000000       0.5636374695060    
    0.7568000000000       0.5636713590780    
    0.7569000000000       0.5637057365810    
    0.7570000000000       0.5637406016000    
    0.7571000000000       0.5637759537230    
    0.7572000000000       0.5638117925380    
    0.7573000000000       0.5638481176300    
    0.7574000000000       0.5638849285890    
    0.7575000000000       0.5639222250000    
    0.7576000000000       0.5639600064510    
    0.7577000000000       0.5639982725300    
    0.7578000000000       0.5640370228220    
    0.7579000000000       0.5640762569170    
    0.7580000000000       0.5641159744000    
    0.7581000000000       0.5641561748590    
    0.7582000000000       0.5641968578820    
    0.7583000000000       0.5642380230540    
    0.7584000000000       0.5642796699650    
    0.7585000000000       0.5643217982000    
    0.7586000000000       0.5643644073470    
    0.7587000000000       0.5644074969940    
    0.7588000000000       0.5644510667260    
    0.7589000000000       0.5644951161330    
    0.7590000000000       0.5645396448000    
    0.7591000000000       0.5645846523150    
    0.7592000000000       0.5646301382660    
    0.7593000000000       0.5646761022380    
    0.7594000000000       0.5647225438210    
    0.7595000000000       0.5647694626000    
    0.7596000000000       0.5648168581630    
    0.7597000000000       0.5648647300980    
    0.7598000000000       0.5649130779900    
    0.7599000000000       0.5649619014290    
    0.7600000000000       0.5650112000000    
    0.7601000000000       0.5650609732910    
    0.7602000000000       0.5651112208900    
    0.7603000000000       0.5651619423820    
    0.7604000000000       0.5652131373570    
    0.7605000000000       0.5652648054000    
    0.7606000000000       0.5653169460990    
    0.7607000000000       0.5653695590420    
    0.7608000000000       0.5654226438140    
    0.7609000000000       0.5654762000050    
    0.7610000000000       0.5655302272000    
    0.7611000000000       0.5655847249870    
    0.7612000000000       0.5656396929540    
    0.7613000000000       0.5656951306860    
    0.7614000000000       0.5657510377730    
    0.7615000000000       0.5658074138000    
    0.7616000000000       0.5658642583550    
    0.7617000000000       0.5659215710260    
    0.7618000000000       0.5659793513980    
    0.7619000000000       0.5660375990610    
    0.7620000000000       0.5660963136000    
    0.7621000000000       0.5661554946030    
    0.7622000000000       0.5662151416580    
    0.7623000000000       0.5662752543500    
    0.7624000000000       0.5663358322690    
    0.7625000000000       0.5663968750000    
    0.7626000000000       0.5664583821310    
    0.7627000000000       0.5665203532500    
    0.7628000000000       0.5665827879420    
    0.7629000000000       0.5666456857970    
    0.7630000000000       0.5667090464000    
    0.7631000000000       0.5667728693390    
    0.7632000000000       0.5668371542020    
    0.7633000000000       0.5669019005740    
    0.7634000000000       0.5669671080450    
    0.7635000000000       0.5670327762000    
    0.7636000000000       0.5670989046270    
    0.7637000000000       0.5671654929140    
    0.7638000000000       0.5672325406460    
    0.7639000000000       0.5673000474130    
    0.7640000000000       0.5673680128000    
    0.7641000000000       0.5674364363950    
    0.7642000000000       0.5675053177860    
    0.7643000000000       0.5675746565580    
    0.7644000000000       0.5676444523010    
    0.7645000000000       0.5677147046000    
    0.7646000000000       0.5677854130430    
    0.7647000000000       0.5678565772180    
    0.7648000000000       0.5679281967100    
    0.7649000000000       0.5680002711090    
    0.7650000000000       0.5680728000000    
    0.7651000000000       0.5681457829710    
    0.7652000000000       0.5682192196100    
    0.7653000000000       0.5682931095020    
    0.7654000000000       0.5683674522370    
    0.7655000000000       0.5684422474000    
    0.7656000000000       0.5685174945790    
    0.7657000000000       0.5685931933620    
    0.7658000000000       0.5686693433340    
    0.7659000000000       0.5687459440850    
    0.7660000000000       0.5688229952000    
    0.7661000000000       0.5689004962670    
    0.7662000000000       0.5689784468740    
    0.7663000000000       0.5690568466060    
    0.7664000000000       0.5691356950530    
    0.7665000000000       0.5692149918000    
    0.7666000000000       0.5692947364350    
    0.7667000000000       0.5693749285460    
    0.7668000000000       0.5694555677180    
    0.7669000000000       0.5695366535410    
    0.7670000000000       0.5696181856000    
    0.7671000000000       0.5697001634830    
    0.7672000000000       0.5697825867780    
    0.7673000000000       0.5698654550700    
    0.7674000000000       0.5699487679490    
    0.7675000000000       0.5700325250000    
    0.7676000000000       0.5701167258110    
    0.7677000000000       0.5702013699700    
    0.7678000000000       0.5702864570620    
    0.7679000000000       0.5703719866770    
    0.7680000000000       0.5704579584000    
    0.7681000000000       0.5705443718190    
    0.7682000000000       0.5706312265220    
    0.7683000000000       0.5707185220940    
    0.7684000000000       0.5708062581250    
    0.7685000000000       0.5708944342000    
    0.7686000000000       0.5709830499070    
    0.7687000000000       0.5710721048340    
    0.7688000000000       0.5711615985660    
    0.7689000000000       0.5712515306930    
    0.7690000000000       0.5713419008000    
    0.7691000000000       0.5714327084750    
    0.7692000000000       0.5715239533060    
    0.7693000000000       0.5716156348780    
    0.7694000000000       0.5717077527810    
    0.7695000000000       0.5718003066000    
    0.7696000000000       0.5718932959230    
    0.7697000000000       0.5719867203380    
    0.7698000000000       0.5720805794300    
    0.7699000000000       0.5721748727890    
    0.7700000000000       0.5722696000000    
    0.7701000000000       0.5723647606510    
    0.7702000000000       0.5724603543300    
    0.7703000000000       0.5725563806220    
    0.7704000000000       0.5726528391170    
    0.7705000000000       0.5727497294000    
    0.7706000000000       0.5728470510590    
    0.7707000000000       0.5729448036820    
    0.7708000000000       0.5730429868540    
    0.7709000000000       0.5731416001650    
    0.7710000000000       0.5732406432000    
    0.7711000000000       0.5733401155470    
    0.7712000000000       0.5734400167940    
    0.7713000000000       0.5735403465260    
    0.7714000000000       0.5736411043330    
    0.7715000000000       0.5737422898000    
    0.7716000000000       0.5738439025150    
    0.7717000000000       0.5739459420660    
    0.7718000000000       0.5740484080380    
    0.7719000000000       0.5741513000210    
    0.7720000000000       0.5742546176000    
    0.7721000000000       0.5743583603630    
    0.7722000000000       0.5744625278980    
    0.7723000000000       0.5745671197900    
    0.7724000000000       0.5746721356290    
    0.7725000000000       0.5747775750000    
    0.7726000000000       0.5748834374910    
    0.7727000000000       0.5749897226900    
    0.7728000000000       0.5750964301820    
    0.7729000000000       0.5752035595570    
    0.7730000000000       0.5753111104000    
    0.7731000000000       0.5754190822990    
    0.7732000000000       0.5755274748420    
    0.7733000000000       0.5756362876140    
    0.7734000000000       0.5757455202050    
    0.7735000000000       0.5758551722000    
    0.7736000000000       0.5759652431870    
    0.7737000000000       0.5760757327540    
    0.7738000000000       0.5761866404860    
    0.7739000000000       0.5762979659730    
    0.7740000000000       0.5764097088000    
    0.7741000000000       0.5765218685550    
    0.7742000000000       0.5766344448260    
    0.7743000000000       0.5767474371980    
    0.7744000000000       0.5768608452610    
    0.7745000000000       0.5769746686000    
    0.7746000000000       0.5770889068030    
    0.7747000000000       0.5772035594580    
    0.7748000000000       0.5773186261500    
    0.7749000000000       0.5774341064690    
    0.7750000000000       0.5775500000000    
    0.7751000000000       0.5776663063310    
    0.7752000000000       0.5777830250500    
    0.7753000000000       0.5779001557420    
    0.7754000000000       0.5780176979970    
    0.7755000000000       0.5781356514000    
    0.7756000000000       0.5782540155390    
    0.7757000000000       0.5783727900020    
    0.7758000000000       0.5784919743740    
    0.7759000000000       0.5786115682450    
    0.7760000000000       0.5787315712000    
    0.7761000000000       0.5788519828270    
    0.7762000000000       0.5789728027140    
    0.7763000000000       0.5790940304460    
    0.7764000000000       0.5792156656130    
    0.7765000000000       0.5793377078000    
    0.7766000000000       0.5794601565950    
    0.7767000000000       0.5795830115860    
    0.7768000000000       0.5797062723580    
    0.7769000000000       0.5798299385010    
    0.7770000000000       0.5799540096000    
    0.7771000000000       0.5800784852430    
    0.7772000000000       0.5802033650180    
    0.7773000000000       0.5803286485100    
    0.7774000000000       0.5804543353090    
    0.7775000000000       0.5805804250000    
    0.7776000000000       0.5807069171710    
    0.7777000000000       0.5808338114100    
    0.7778000000000       0.5809611073020    
    0.7779000000000       0.5810888044370    
    0.7780000000000       0.5812169024000    
    0.7781000000000       0.5813454007790    
    0.7782000000000       0.5814742991620    
    0.7783000000000       0.5816035971340    
    0.7784000000000       0.5817332942850    
    0.7785000000000       0.5818633902000    
    0.7786000000000       0.5819938844670    
    0.7787000000000       0.5821247766740    
    0.7788000000000       0.5822560664060    
    0.7789000000000       0.5823877532530    
    0.7790000000000       0.5825198368000    
    0.7791000000000       0.5826523166350    
    0.7792000000000       0.5827851923460    
    0.7793000000000       0.5829184635180    
    0.7794000000000       0.5830521297410    
    0.7795000000000       0.5831861906000    
    0.7796000000000       0.5833206456830    
    0.7797000000000       0.5834554945780    
    0.7798000000000       0.5835907368700    
    0.7799000000000       0.5837263721490    
    0.7800000000000       0.5838624000000    
    0.7801000000000       0.5839988200110    
    0.7802000000000       0.5841356317700    
    0.7803000000000       0.5842728348620    
    0.7804000000000       0.5844104288770    
    0.7805000000000       0.5845484134000    
    0.7806000000000       0.5846867880190    
    0.7807000000000       0.5848255523220    
    0.7808000000000       0.5849647058940    
    0.7809000000000       0.5851042483250    
    0.7810000000000       0.5852441792000    
    0.7811000000000       0.5853844981070    
    0.7812000000000       0.5855252046340    
    0.7813000000000       0.5856662983660    
    0.7814000000000       0.5858077788930    
    0.7815000000000       0.5859496458000    
    0.7816000000000       0.5860918986750    
    0.7817000000000       0.5862345371060    
    0.7818000000000       0.5863775606780    
    0.7819000000000       0.5865209689810    
    0.7820000000000       0.5866647616000    
    0.7821000000000       0.5868089381230    
    0.7822000000000       0.5869534981380    
    0.7823000000000       0.5870984412300    
    0.7824000000000       0.5872437669890    
    0.7825000000000       0.5873894750000    
    0.7826000000000       0.5875355648510    
    0.7827000000000       0.5876820361300    
    0.7828000000000       0.5878288884220    
    0.7829000000000       0.5879761213170    
    0.7830000000000       0.5881237344000    
    0.7831000000000       0.5882717272590    
    0.7832000000000       0.5884200994820    
    0.7833000000000       0.5885688506540    
    0.7834000000000       0.5887179803650    
    0.7835000000000       0.5888674882000    
    0.7836000000000       0.5890173737470    
    0.7837000000000       0.5891676365940    
    0.7838000000000       0.5893182763260    
    0.7839000000000       0.5894692925330    
    0.7840000000000       0.5896206848000    
    0.7841000000000       0.5897724527150    
    0.7842000000000       0.5899245958660    
    0.7843000000000       0.5900771138380    
    0.7844000000000       0.5902300062210    
    0.7845000000000       0.5903832726000    
    0.7846000000000       0.5905369125630    
    0.7847000000000       0.5906909256980    
    0.7848000000000       0.5908453115900    
    0.7849000000000       0.5910000698290    
    0.7850000000000       0.5911552000000    
    0.7851000000000       0.5913107016910    
    0.7852000000000       0.5914665744900    
    0.7853000000000       0.5916228179820    
    0.7854000000000       0.5917794317570    
    0.7855000000000       0.5919364154000    
    0.7856000000000       0.5920937684990    
    0.7857000000000       0.5922514906420    
    0.7858000000000       0.5924095814140    
    0.7859000000000       0.5925680404050    
    0.7860000000000       0.5927268672000    
    0.7861000000000       0.5928860613870    
    0.7862000000000       0.5930456225540    
    0.7863000000000       0.5932055502860    
    0.7864000000000       0.5933658441730    
    0.7865000000000       0.5935265038000    
    0.7866000000000       0.5936875287550    
    0.7867000000000       0.5938489186260    
    0.7868000000000       0.5940106729980    
    0.7869000000000       0.5941727914610    
    0.7870000000000       0.5943352736000    
    0.7871000000000       0.5944981190030    
    0.7872000000000       0.5946613272580    
    0.7873000000000       0.5948248979500    
    0.7874000000000       0.5949888306690    
    0.7875000000000       0.5951531250000    
    0.7876000000000       0.5953177805310    
    0.7877000000000       0.5954827968500    
    0.7878000000000       0.5956481735420    
    0.7879000000000       0.5958139101970    
    0.7880000000000       0.5959800064000    
    0.7881000000000       0.5961464617390    
    0.7882000000000       0.5963132758020    
    0.7883000000000       0.5964804481740    
    0.7884000000000       0.5966479784450    
    0.7885000000000       0.5968158662000    
    0.7886000000000       0.5969841110270    
    0.7887000000000       0.5971527125140    
    0.7888000000000       0.5973216702460    
    0.7889000000000       0.5974909838130    
    0.7890000000000       0.5976606528000    
    0.7891000000000       0.5978306767950    
    0.7892000000000       0.5980010553860    
    0.7893000000000       0.5981717881580    
    0.7894000000000       0.5983428747010    
    0.7895000000000       0.5985143146000    
    0.7896000000000       0.5986861074430    
    0.7897000000000       0.5988582528180    
    0.7898000000000       0.5990307503100    
    0.7899000000000       0.5992035995090    
    0.7900000000000       0.5993768000000    
    0.7901000000000       0.5995503513710    
    0.7902000000000       0.5997242532100    
    0.7903000000000       0.5998985051020    
    0.7904000000000       0.6000731066370    
    0.7905000000000       0.6002480574000    
    0.7906000000000       0.6004233569790    
    0.7907000000000       0.6005990049620    
    0.7908000000000       0.6007750009340    
    0.7909000000000       0.6009513444850    
    0.7910000000000       0.6011280352000    
    0.7911000000000       0.6013050726670    
    0.7912000000000       0.6014824564740    
    0.7913000000000       0.6016601862060    
    0.7914000000000       0.6018382614530    
    0.7915000000000       0.6020166818000    
    0.7916000000000       0.6021954468350    
    0.7917000000000       0.6023745561460    
    0.7918000000000       0.6025540093180    
    0.7919000000000       0.6027338059410    
    0.7920000000000       0.6029139456000    
    0.7921000000000       0.6030944278830    
    0.7922000000000       0.6032752523780    
    0.7923000000000       0.6034564186700    
    0.7924000000000       0.6036379263490    
    0.7925000000000       0.6038197750000    
    0.7926000000000       0.6040019642110    
    0.7927000000000       0.6041844935700    
    0.7928000000000       0.6043673626620    
    0.7929000000000       0.6045505710770    
    0.7930000000000       0.6047341184000    
    0.7931000000000       0.6049180042190    
    0.7932000000000       0.6051022281220    
    0.7933000000000       0.6052867896940    
    0.7934000000000       0.6054716885250    
    0.7935000000000       0.6056569242000    
    0.7936000000000       0.6058424963070    
    0.7937000000000       0.6060284044340    
    0.7938000000000       0.6062146481660    
    0.7939000000000       0.6064012270930    
    0.7940000000000       0.6065881408000    
    0.7941000000000       0.6067753888750    
    0.7942000000000       0.6069629709060    
    0.7943000000000       0.6071508864780    
    0.7944000000000       0.6073391351810    
    0.7945000000000       0.6075277166000    
    0.7946000000000       0.6077166303230    
    0.7947000000000       0.6079058759380    
    0.7948000000000       0.6080954530300    
    0.7949000000000       0.6082853611890    
    0.7950000000000       0.6084756000000    
    0.7951000000000       0.6086661690510    
    0.7952000000000       0.6088570679300    
    0.7953000000000       0.6090482962220    
    0.7954000000000       0.6092398535170    
    0.7955000000000       0.6094317394000    
    0.7956000000000       0.6096239534590    
    0.7957000000000       0.6098164952820    
    0.7958000000000       0.6100093644540    
    0.7959000000000       0.6102025605650    
    0.7960000000000       0.6103960832000    
    0.7961000000000       0.6105899319470    
    0.7962000000000       0.6107841063940    
    0.7963000000000       0.6109786061260    
    0.7964000000000       0.6111734307330    
    0.7965000000000       0.6113685798000    
    0.7966000000000       0.6115640529150    
    0.7967000000000       0.6117598496660    
    0.7968000000000       0.6119559696380    
    0.7969000000000       0.6121524124210    
    0.7970000000000       0.6123491776000    
    0.7971000000000       0.6125462647630    
    0.7972000000000       0.6127436734980    
    0.7973000000000       0.6129414033900    
    0.7974000000000       0.6131394540290    
    0.7975000000000       0.6133378250000    
    0.7976000000000       0.6135365158910    
    0.7977000000000       0.6137355262900    
    0.7978000000000       0.6139348557820    
    0.7979000000000       0.6141345039570    
    0.7980000000000       0.6143344704000    
    0.7981000000000       0.6145347546990    
    0.7982000000000       0.6147353564420    
    0.7983000000000       0.6149362752140    
    0.7984000000000       0.6151375106050    
    0.7985000000000       0.6153390622000    
    0.7986000000000       0.6155409295870    
    0.7987000000000       0.6157431123540    
    0.7988000000000       0.6159456100860    
    0.7989000000000       0.6161484223730    
    0.7990000000000       0.6163515488000    
    0.7991000000000       0.6165549889550    
    0.7992000000000       0.6167587424260    
    0.7993000000000       0.6169628087980    
    0.7994000000000       0.6171671876610    
    0.7995000000000       0.6173718786000    
    0.7996000000000       0.6175768812030    
    0.7997000000000       0.6177821950580    
    0.7998000000000       0.6179878197500    
    0.7999000000000       0.6181937548690    
    0.8000000000000       0.6184000000000    
    0.8001000000000       0.6186065547310    
    0.8002000000000       0.6188134186500    
    0.8003000000000       0.6190205913420    
    0.8004000000000       0.6192280723970    
    0.8005000000000       0.6194358614000    
    0.8006000000000       0.6196439579390    
    0.8007000000000       0.6198523616020    
    0.8008000000000       0.6200610719740    
    0.8009000000000       0.6202700886450    
    0.8010000000000       0.6204794112000    
    0.8011000000000       0.6206890392270    
    0.8012000000000       0.6208989723140    
    0.8013000000000       0.6211092100460    
    0.8014000000000       0.6213197520130    
    0.8015000000000       0.6215305978000    
    0.8016000000000       0.6217417469950    
    0.8017000000000       0.6219531991860    
    0.8018000000000       0.6221649539580    
    0.8019000000000       0.6223770109010    
    0.8020000000000       0.6225893696000    
    0.8021000000000       0.6228020296430    
    0.8022000000000       0.6230149906180    
    0.8023000000000       0.6232282521100    
    0.8024000000000       0.6234418137090    
    0.8025000000000       0.6236556750000    
    0.8026000000000       0.6238698355710    
    0.8027000000000       0.6240842950100    
    0.8028000000000       0.6242990529020    
    0.8029000000000       0.6245141088370    
    0.8030000000000       0.6247294624000    
    0.8031000000000       0.6249451131790    
    0.8032000000000       0.6251610607620    
    0.8033000000000       0.6253773047340    
    0.8034000000000       0.6255938446850    
    0.8035000000000       0.6258106802000    
    0.8036000000000       0.6260278108670    
    0.8037000000000       0.6262452362740    
    0.8038000000000       0.6264629560060    
    0.8039000000000       0.6266809696530    
    0.8040000000000       0.6268992768000    
    0.8041000000000       0.6271178770350    
    0.8042000000000       0.6273367699460    
    0.8043000000000       0.6275559551180    
    0.8044000000000       0.6277754321410    
    0.8045000000000       0.6279952006000    
    0.8046000000000       0.6282152600830    
    0.8047000000000       0.6284356101780    
    0.8048000000000       0.6286562504700    
    0.8049000000000       0.6288771805490    
    0.8050000000000       0.6290984000000    
    0.8051000000000       0.6293199084110    
    0.8052000000000       0.6295417053700    
    0.8053000000000       0.6297637904620    
    0.8054000000000       0.6299861632770    
    0.8055000000000       0.6302088234000    
    0.8056000000000       0.6304317704190    
    0.8057000000000       0.6306550039220    
    0.8058000000000       0.6308785234940    
    0.8059000000000       0.6311023287250    
    0.8060000000000       0.6313264192000    
    0.8061000000000       0.6315507945070    
    0.8062000000000       0.6317754542340    
    0.8063000000000       0.6320003979660    
    0.8064000000000       0.6322256252930    
    0.8065000000000       0.6324511358000    
    0.8066000000000       0.6326769290750    
    0.8067000000000       0.6329030047060    
    0.8068000000000       0.6331293622780    
    0.8069000000000       0.6333560013810    
    0.8070000000000       0.6335829216000    
    0.8071000000000       0.6338101225230    
    0.8072000000000       0.6340376037380    
    0.8073000000000       0.6342653648300    
    0.8074000000000       0.6344934053890    
    0.8075000000000       0.6347217250000    
    0.8076000000000       0.6349503232510    
    0.8077000000000       0.6351791997300    
    0.8078000000000       0.6354083540220    
    0.8079000000000       0.6356377857170    
    0.8080000000000       0.6358674944000    
    0.8081000000000       0.6360974796590    
    0.8082000000000       0.6363277410820    
    0.8083000000000       0.6365582782540    
    0.8084000000000       0.6367890907650    
    0.8085000000000       0.6370201782000    
    0.8086000000000       0.6372515401470    
    0.8087000000000       0.6374831761940    
    0.8088000000000       0.6377150859260    
    0.8089000000000       0.6379472689330    
    0.8090000000000       0.6381797248000    
    0.8091000000000       0.6384124531150    
    0.8092000000000       0.6386454534660    
    0.8093000000000       0.6388787254380    
    0.8094000000000       0.6391122686210    
    0.8095000000000       0.6393460826000    
    0.8096000000000       0.6395801669630    
    0.8097000000000       0.6398145212980    
    0.8098000000000       0.6400491451900    
    0.8099000000000       0.6402840382290    
    0.8100000000000       0.6405192000000    
    0.8101000000000       0.6407546300910    
    0.8102000000000       0.6409903280900    
    0.8103000000000       0.6412262935820    
    0.8104000000000       0.6414625261570    
    0.8105000000000       0.6416990254000    
    0.8106000000000       0.6419357908990    
    0.8107000000000       0.6421728222420    
    0.8108000000000       0.6424101190140    
    0.8109000000000       0.6426476808050    
    0.8110000000000       0.6428855072000    
    0.8111000000000       0.6431235977870    
    0.8112000000000       0.6433619521540    
    0.8113000000000       0.6436005698860    
    0.8114000000000       0.6438394505730    
    0.8115000000000       0.6440785938000    
    0.8116000000000       0.6443179991550    
    0.8117000000000       0.6445576662260    
    0.8118000000000       0.6447975945980    
    0.8119000000000       0.6450377838610    
    0.8120000000000       0.6452782336000    
    0.8121000000000       0.6455189434030    
    0.8122000000000       0.6457599128580    
    0.8123000000000       0.6460011415500    
    0.8124000000000       0.6462426290690    
    0.8125000000000       0.6464843750000    
    0.8126000000000       0.6467263789310    
    0.8127000000000       0.6469686404500    
    0.8128000000000       0.6472111591420    
    0.8129000000000       0.6474539345970    
    0.8130000000000       0.6476969664000    
    0.8131000000000       0.6479402541390    
    0.8132000000000       0.6481837974020    
    0.8133000000000       0.6484275957740    
    0.8134000000000       0.6486716488450    
    0.8135000000000       0.6489159562000    
    0.8136000000000       0.6491605174270    
    0.8137000000000       0.6494053321140    
    0.8138000000000       0.6496503998460    
    0.8139000000000       0.6498957202130    
    0.8140000000000       0.6501412928000    
    0.8141000000000       0.6503871171950    
    0.8142000000000       0.6506331929860    
    0.8143000000000       0.6508795197580    
    0.8144000000000       0.6511260971010    
    0.8145000000000       0.6513729246000    
    0.8146000000000       0.6516200018430    
    0.8147000000000       0.6518673284180    
    0.8148000000000       0.6521149039100    
    0.8149000000000       0.6523627279090    
    0.8150000000000       0.6526108000000    
    0.8151000000000       0.6528591197710    
    0.8152000000000       0.6531076868100    
    0.8153000000000       0.6533565007020    
    0.8154000000000       0.6536055610370    
    0.8155000000000       0.6538548674000    
    0.8156000000000       0.6541044193790    
    0.8157000000000       0.6543542165620    
    0.8158000000000       0.6546042585340    
    0.8159000000000       0.6548545448850    
    0.8160000000000       0.6551050752000    
    0.8161000000000       0.6553558490670    
    0.8162000000000       0.6556068660740    
    0.8163000000000       0.6558581258060    
    0.8164000000000       0.6561096278530    
    0.8165000000000       0.6563613718000    
    0.8166000000000       0.6566133572350    
    0.8167000000000       0.6568655837460    
    0.8168000000000       0.6571180509180    
    0.8169000000000       0.6573707583410    
    0.8170000000000       0.6576237056000    
    0.8171000000000       0.6578768922830    
    0.8172000000000       0.6581303179780    
    0.8173000000000       0.6583839822700    
    0.8174000000000       0.6586378847490    
    0.8175000000000       0.6588920250000    
    0.8176000000000       0.6591464026110    
    0.8177000000000       0.6594010171700    
    0.8178000000000       0.6596558682620    
    0.8179000000000       0.6599109554770    
    0.8180000000000       0.6601662784000    
    0.8181000000000       0.6604218366190    
    0.8182000000000       0.6606776297220    
    0.8183000000000       0.6609336572940    
    0.8184000000000       0.6611899189250    
    0.8185000000000       0.6614464142000    
    0.8186000000000       0.6617031427070    
    0.8187000000000       0.6619601040340    
    0.8188000000000       0.6622172977660    
    0.8189000000000       0.6624747234930    
    0.8190000000000       0.6627323808000    
    0.8191000000000       0.6629902692750    
    0.8192000000000       0.6632483885060    
    0.8193000000000       0.6635067380780    
    0.8194000000000       0.6637653175810    
    0.8195000000000       0.6640241266000    
    0.8196000000000       0.6642831647230    
    0.8197000000000       0.6645424315380    
    0.8198000000000       0.6648019266300    
    0.8199000000000       0.6650616495890    
    0.8200000000000       0.6653216000000    
    0.8201000000000       0.6655817774510    
    0.8202000000000       0.6658421815300    
    0.8203000000000       0.6661028118220    
    0.8204000000000       0.6663636679170    
    0.8205000000000       0.6666247494000    
    0.8206000000000       0.6668860558590    
    0.8207000000000       0.6671475868820    
    0.8208000000000       0.6674093420540    
    0.8209000000000       0.6676713209650    
    0.8210000000000       0.6679335232000    
    0.8211000000000       0.6681959483470    
    0.8212000000000       0.6684585959940    
    0.8213000000000       0.6687214657260    
    0.8214000000000       0.6689845571330    
    0.8215000000000       0.6692478698000    
    0.8216000000000       0.6695114033150    
    0.8217000000000       0.6697751572660    
    0.8218000000000       0.6700391312380    
    0.8219000000000       0.6703033248210    
    0.8220000000000       0.6705677376000    
    0.8221000000000       0.6708323691630    
    0.8222000000000       0.6710972190980    
    0.8223000000000       0.6713622869900    
    0.8224000000000       0.6716275724290    
    0.8225000000000       0.6718930750000    
    0.8226000000000       0.6721587942910    
    0.8227000000000       0.6724247298900    
    0.8228000000000       0.6726908813820    
    0.8229000000000       0.6729572483570    
    0.8230000000000       0.6732238304000    
    0.8231000000000       0.6734906270990    
    0.8232000000000       0.6737576380420    
    0.8233000000000       0.6740248628140    
    0.8234000000000       0.6742923010050    
    0.8235000000000       0.6745599522000    
    0.8236000000000       0.6748278159870    
    0.8237000000000       0.6750958919540    
    0.8238000000000       0.6753641796860    
    0.8239000000000       0.6756326787730    
    0.8240000000000       0.6759013888000    
    0.8241000000000       0.6761703093550    
    0.8242000000000       0.6764394400260    
    0.8243000000000       0.6767087803980    
    0.8244000000000       0.6769783300610    
    0.8245000000000       0.6772480886000    
    0.8246000000000       0.6775180556030    
    0.8247000000000       0.6777882306580    
    0.8248000000000       0.6780586133500    
    0.8249000000000       0.6783292032690    
    0.8250000000000       0.6786000000000    
    0.8251000000000       0.6788710031310    
    0.8252000000000       0.6791422122500    
    0.8253000000000       0.6794136269420    
    0.8254000000000       0.6796852467970    
    0.8255000000000       0.6799570714000    
    0.8256000000000       0.6802291003390    
    0.8257000000000       0.6805013332020    
    0.8258000000000       0.6807737695740    
    0.8259000000000       0.6810464090450    
    0.8260000000000       0.6813192512000    
    0.8261000000000       0.6815922956270    
    0.8262000000000       0.6818655419140    
    0.8263000000000       0.6821389896460    
    0.8264000000000       0.6824126384130    
    0.8265000000000       0.6826864878000    
    0.8266000000000       0.6829605373950    
    0.8267000000000       0.6832347867860    
    0.8268000000000       0.6835092355580    
    0.8269000000000       0.6837838833010    
    0.8270000000000       0.6840587296000    
    0.8271000000000       0.6843337740430    
    0.8272000000000       0.6846090162180    
    0.8273000000000       0.6848844557100    
    0.8274000000000       0.6851600921090    
    0.8275000000000       0.6854359250000    
    0.8276000000000       0.6857119539710    
    0.8277000000000       0.6859881786100    
    0.8278000000000       0.6862645985020    
    0.8279000000000       0.6865412132370    
    0.8280000000000       0.6868180224000    
    0.8281000000000       0.6870950255790    
    0.8282000000000       0.6873722223620    
    0.8283000000000       0.6876496123340    
    0.8284000000000       0.6879271950850    
    0.8285000000000       0.6882049702000    
    0.8286000000000       0.6884829372670    
    0.8287000000000       0.6887610958740    
    0.8288000000000       0.6890394456060    
    0.8289000000000       0.6893179860530    
    0.8290000000000       0.6895967168000    
    0.8291000000000       0.6898756374350    
    0.8292000000000       0.6901547475460    
    0.8293000000000       0.6904340467180    
    0.8294000000000       0.6907135345410    
    0.8295000000000       0.6909932106000    
    0.8296000000000       0.6912730744830    
    0.8297000000000       0.6915531257780    
    0.8298000000000       0.6918333640700    
    0.8299000000000       0.6921137889490    
    0.8300000000000       0.6923944000000    
    0.8301000000000       0.6926751968110    
    0.8302000000000       0.6929561789700    
    0.8303000000000       0.6932373460620    
    0.8304000000000       0.6935186976770    
    0.8305000000000       0.6938002334000    
    0.8306000000000       0.6940819528190    
    0.8307000000000       0.6943638555220    
    0.8308000000000       0.6946459410940    
    0.8309000000000       0.6949282091250    
    0.8310000000000       0.6952106592000    
    0.8311000000000       0.6954932909070    
    0.8312000000000       0.6957761038340    
    0.8313000000000       0.6960590975660    
    0.8314000000000       0.6963422716930    
    0.8315000000000       0.6966256258000    
    0.8316000000000       0.6969091594750    
    0.8317000000000       0.6971928723060    
    0.8318000000000       0.6974767638780    
    0.8319000000000       0.6977608337810    
    0.8320000000000       0.6980450816000    
    0.8321000000000       0.6983295069230    
    0.8322000000000       0.6986141093380    
    0.8323000000000       0.6988988884300    
    0.8324000000000       0.6991838437890    
    0.8325000000000       0.6994689750000    
    0.8326000000000       0.6997542816510    
    0.8327000000000       0.7000397633300    
    0.8328000000000       0.7003254196220    
    0.8329000000000       0.7006112501170    
    0.8330000000000       0.7008972544000    
    0.8331000000000       0.7011834320590    
    0.8332000000000       0.7014697826820    
    0.8333000000000       0.7017563058540    
    0.8334000000000       0.7020430011650    
    0.8335000000000       0.7023298682000    
    0.8336000000000       0.7026169065470    
    0.8337000000000       0.7029041157940    
    0.8338000000000       0.7031914955260    
    0.8339000000000       0.7034790453330    
    0.8340000000000       0.7037667648000    
    0.8341000000000       0.7040546535150    
    0.8342000000000       0.7043427110660    
    0.8343000000000       0.7046309370380    
    0.8344000000000       0.7049193310210    
    0.8345000000000       0.7052078926000    
    0.8346000000000       0.7054966213630    
    0.8347000000000       0.7057855168980    
    0.8348000000000       0.7060745787900    
    0.8349000000000       0.7063638066290    
    0.8350000000000       0.7066532000000    
    0.8351000000000       0.7069427584910    
    0.8352000000000       0.7072324816900    
    0.8353000000000       0.7075223691820    
    0.8354000000000       0.7078124205570    
    0.8355000000000       0.7081026354000    
    0.8356000000000       0.7083930132990    
    0.8357000000000       0.7086835538420    
    0.8358000000000       0.7089742566140    
    0.8359000000000       0.7092651212050    
    0.8360000000000       0.7095561472000    
    0.8361000000000       0.7098473341870    
    0.8362000000000       0.7101386817540    
    0.8363000000000       0.7104301894860    
    0.8364000000000       0.7107218569730    
    0.8365000000000       0.7110136838000    
    0.8366000000000       0.7113056695550    
    0.8367000000000       0.7115978138260    
    0.8368000000000       0.7118901161980    
    0.8369000000000       0.7121825762610    
    0.8370000000000       0.7124751936000    
    0.8371000000000       0.7127679678030    
    0.8372000000000       0.7130608984580    
    0.8373000000000       0.7133539851500    
    0.8374000000000       0.7136472274690    
    0.8375000000000       0.7139406250000    
    0.8376000000000       0.7142341773310    
    0.8377000000000       0.7145278840500    
    0.8378000000000       0.7148217447420    
    0.8379000000000       0.7151157589970    
    0.8380000000000       0.7154099264000    
    0.8381000000000       0.7157042465390    
    0.8382000000000       0.7159987190020    
    0.8383000000000       0.7162933433740    
    0.8384000000000       0.7165881192450    
    0.8385000000000       0.7168830462000    
    0.8386000000000       0.7171781238270    
    0.8387000000000       0.7174733517140    
    0.8388000000000       0.7177687294460    
    0.8389000000000       0.7180642566130    
    0.8390000000000       0.7183599328000    
    0.8391000000000       0.7186557575950    
    0.8392000000000       0.7189517305860    
    0.8393000000000       0.7192478513580    
    0.8394000000000       0.7195441195010    
    0.8395000000000       0.7198405346000    
    0.8396000000000       0.7201370962430    
    0.8397000000000       0.7204338040180    
    0.8398000000000       0.7207306575100    
    0.8399000000000       0.7210276563090    
    0.8400000000000       0.7213248000000    
    0.8401000000000       0.7216220881710    
    0.8402000000000       0.7219195204100    
    0.8403000000000       0.7222170963020    
    0.8404000000000       0.7225148154370    
    0.8405000000000       0.7228126774000    
    0.8406000000000       0.7231106817790    
    0.8407000000000       0.7234088281620    
    0.8408000000000       0.7237071161340    
    0.8409000000000       0.7240055452850    
    0.8410000000000       0.7243041152000    
    0.8411000000000       0.7246028254670    
    0.8412000000000       0.7249016756740    
    0.8413000000000       0.7252006654060    
    0.8414000000000       0.7254997942530    
    0.8415000000000       0.7257990618000    
    0.8416000000000       0.7260984676350    
    0.8417000000000       0.7263980113460    
    0.8418000000000       0.7266976925180    
    0.8419000000000       0.7269975107410    
    0.8420000000000       0.7272974656000    
    0.8421000000000       0.7275975566830    
    0.8422000000000       0.7278977835780    
    0.8423000000000       0.7281981458700    
    0.8424000000000       0.7284986431490    
    0.8425000000000       0.7287992750000    
    0.8426000000000       0.7291000410110    
    0.8427000000000       0.7294009407700    
    0.8428000000000       0.7297019738620    
    0.8429000000000       0.7300031398770    
    0.8430000000000       0.7303044384000    
    0.8431000000000       0.7306058690190    
    0.8432000000000       0.7309074313220    
    0.8433000000000       0.7312091248940    
    0.8434000000000       0.7315109493250    
    0.8435000000000       0.7318129042000    
    0.8436000000000       0.7321149891070    
    0.8437000000000       0.7324172036340    
    0.8438000000000       0.7327195473660    
    0.8439000000000       0.7330220198930    
    0.8440000000000       0.7333246208000    
    0.8441000000000       0.7336273496750    
    0.8442000000000       0.7339302061060    
    0.8443000000000       0.7342331896780    
    0.8444000000000       0.7345362999810    
    0.8445000000000       0.7348395366000    
    0.8446000000000       0.7351428991230    
    0.8447000000000       0.7354463871380    
    0.8448000000000       0.7357500002300    
    0.8449000000000       0.7360537379890    
    0.8450000000000       0.7363576000000    
    0.8451000000000       0.7366615858510    
    0.8452000000000       0.7369656951300    
    0.8453000000000       0.7372699274220    
    0.8454000000000       0.7375742823170    
    0.8455000000000       0.7378787594000    
    0.8456000000000       0.7381833582590    
    0.8457000000000       0.7384880784820    
    0.8458000000000       0.7387929196540    
    0.8459000000000       0.7390978813650    
    0.8460000000000       0.7394029632000    
    0.8461000000000       0.7397081647470    
    0.8462000000000       0.7400134855940    
    0.8463000000000       0.7403189253260    
    0.8464000000000       0.7406244835330    
    0.8465000000000       0.7409301598000    
    0.8466000000000       0.7412359537150    
    0.8467000000000       0.7415418648660    
    0.8468000000000       0.7418478928380    
    0.8469000000000       0.7421540372210    
    0.8470000000000       0.7424602976000    
    0.8471000000000       0.7427666735630    
    0.8472000000000       0.7430731646980    
    0.8473000000000       0.7433797705900    
    0.8474000000000       0.7436864908290    
    0.8475000000000       0.7439933250000    
    0.8476000000000       0.7443002726910    
    0.8477000000000       0.7446073334900    
    0.8478000000000       0.7449145069820    
    0.8479000000000       0.7452217927570    
    0.8480000000000       0.7455291904000    
    0.8481000000000       0.7458366994990    
    0.8482000000000       0.7461443196420    
    0.8483000000000       0.7464520504140    
    0.8484000000000       0.7467598914050    
    0.8485000000000       0.7470678422000    
    0.8486000000000       0.7473759023870    
    0.8487000000000       0.7476840715540    
    0.8488000000000       0.7479923492860    
    0.8489000000000       0.7483007351730    
    0.8490000000000       0.7486092288000    
    0.8491000000000       0.7489178297550    
    0.8492000000000       0.7492265376260    
    0.8493000000000       0.7495353519980    
    0.8494000000000       0.7498442724610    
    0.8495000000000       0.7501532986000    
    0.8496000000000       0.7504624300030    
    0.8497000000000       0.7507716662580    
    0.8498000000000       0.7510810069500    
    0.8499000000000       0.7513904516690    
    0.8500000000000       0.7517000000000    
    0.8501000000000       0.7520096515310    
    0.8502000000000       0.7523194058500    
    0.8503000000000       0.7526292625420    
    0.8504000000000       0.7529392211970    
    0.8505000000000       0.7532492814000    
    0.8506000000000       0.7535594427390    
    0.8507000000000       0.7538697048020    
    0.8508000000000       0.7541800671740    
    0.8509000000000       0.7544905294450    
    0.8510000000000       0.7548010912000    
    0.8511000000000       0.7551117520270    
    0.8512000000000       0.7554225115140    
    0.8513000000000       0.7557333692460    
    0.8514000000000       0.7560443248130    
    0.8515000000000       0.7563553778000    
    0.8516000000000       0.7566665277950    
    0.8517000000000       0.7569777743860    
    0.8518000000000       0.7572891171580    
    0.8519000000000       0.7576005557010    
    0.8520000000000       0.7579120896000    
    0.8521000000000       0.7582237184430    
    0.8522000000000       0.7585354418180    
    0.8523000000000       0.7588472593100    
    0.8524000000000       0.7591591705090    
    0.8525000000000       0.7594711750000    
    0.8526000000000       0.7597832723710    
    0.8527000000000       0.7600954622100    
    0.8528000000000       0.7604077441020    
    0.8529000000000       0.7607201176370    
    0.8530000000000       0.7610325824000    
    0.8531000000000       0.7613451379790    
    0.8532000000000       0.7616577839620    
    0.8533000000000       0.7619705199340    
    0.8534000000000       0.7622833454850    
    0.8535000000000       0.7625962602000    
    0.8536000000000       0.7629092636670    
    0.8537000000000       0.7632223554740    
    0.8538000000000       0.7635355352060    
    0.8539000000000       0.7638488024530    
    0.8540000000000       0.7641621568000    
    0.8541000000000       0.7644755978350    
    0.8542000000000       0.7647891251460    
    0.8543000000000       0.7651027383180    
    0.8544000000000       0.7654164369410    
    0.8545000000000       0.7657302206000    
    0.8546000000000       0.7660440888830    
    0.8547000000000       0.7663580413780    
    0.8548000000000       0.7666720776700    
    0.8549000000000       0.7669861973490    
    0.8550000000000       0.7673004000000    
    0.8551000000000       0.7676146852110    
    0.8552000000000       0.7679290525700    
    0.8553000000000       0.7682435016620    
    0.8554000000000       0.7685580320770    
    0.8555000000000       0.7688726434000    
    0.8556000000000       0.7691873352190    
    0.8557000000000       0.7695021071220    
    0.8558000000000       0.7698169586940    
    0.8559000000000       0.7701318895250    
    0.8560000000000       0.7704468992000    
    0.8561000000000       0.7707619873070    
    0.8562000000000       0.7710771534340    
    0.8563000000000       0.7713923971660    
    0.8564000000000       0.7717077180930    
    0.8565000000000       0.7720231158000    
    0.8566000000000       0.7723385898750    
    0.8567000000000       0.7726541399060    
    0.8568000000000       0.7729697654780    
    0.8569000000000       0.7732854661810    
    0.8570000000000       0.7736012416000    
    0.8571000000000       0.7739170913230    
    0.8572000000000       0.7742330149380    
    0.8573000000000       0.7745490120300    
    0.8574000000000       0.7748650821890    
    0.8575000000000       0.7751812250000    
    0.8576000000000       0.7754974400510    
    0.8577000000000       0.7758137269300    
    0.8578000000000       0.7761300852220    
    0.8579000000000       0.7764465145170    
    0.8580000000000       0.7767630144000    
    0.8581000000000       0.7770795844590    
    0.8582000000000       0.7773962242820    
    0.8583000000000       0.7777129334540    
    0.8584000000000       0.7780297115650    
    0.8585000000000       0.7783465582000    
    0.8586000000000       0.7786634729470    
    0.8587000000000       0.7789804553940    
    0.8588000000000       0.7792975051260    
    0.8589000000000       0.7796146217330    
    0.8590000000000       0.7799318048000    
    0.8591000000000       0.7802490539150    
    0.8592000000000       0.7805663686660    
    0.8593000000000       0.7808837486380    
    0.8594000000000       0.7812011934210    
    0.8595000000000       0.7815187026000    
    0.8596000000000       0.7818362757630    
    0.8597000000000       0.7821539124980    
    0.8598000000000       0.7824716123900    
    0.8599000000000       0.7827893750290    
    0.8600000000000       0.7831072000000    
    0.8601000000000       0.7834250868910    
    0.8602000000000       0.7837430352900    
    0.8603000000000       0.7840610447820    
    0.8604000000000       0.7843791149570    
    0.8605000000000       0.7846972454000    
    0.8606000000000       0.7850154356990    
    0.8607000000000       0.7853336854420    
    0.8608000000000       0.7856519942140    
    0.8609000000000       0.7859703616050    
    0.8610000000000       0.7862887872000    
    0.8611000000000       0.7866072705870    
    0.8612000000000       0.7869258113540    
    0.8613000000000       0.7872444090860    
    0.8614000000000       0.7875630633730    
    0.8615000000000       0.7878817738000    
    0.8616000000000       0.7882005399550    
    0.8617000000000       0.7885193614260    
    0.8618000000000       0.7888382377980    
    0.8619000000000       0.7891571686610    
    0.8620000000000       0.7894761536000    
    0.8621000000000       0.7897951922030    
    0.8622000000000       0.7901142840580    
    0.8623000000000       0.7904334287500    
    0.8624000000000       0.7907526258690    
    0.8625000000000       0.7910718750000    
    0.8626000000000       0.7913911757310    
    0.8627000000000       0.7917105276500    
    0.8628000000000       0.7920299303420    
    0.8629000000000       0.7923493833970    
    0.8630000000000       0.7926688864000    
    0.8631000000000       0.7929884389390    
    0.8632000000000       0.7933080406020    
    0.8633000000000       0.7936276909740    
    0.8634000000000       0.7939473896450    
    0.8635000000000       0.7942671362000    
    0.8636000000000       0.7945869302270    
    0.8637000000000       0.7949067713140    
    0.8638000000000       0.7952266590460    
    0.8639000000000       0.7955465930130    
    0.8640000000000       0.7958665728000    
    0.8641000000000       0.7961865979950    
    0.8642000000000       0.7965066681860    
    0.8643000000000       0.7968267829580    
    0.8644000000000       0.7971469419010    
    0.8645000000000       0.7974671446000    
    0.8646000000000       0.7977873906430    
    0.8647000000000       0.7981076796180    
    0.8648000000000       0.7984280111100    
    0.8649000000000       0.7987483847090    
    0.8650000000000       0.7990688000000    
    0.8651000000000       0.7993892565710    
    0.8652000000000       0.7997097540100    
    0.8653000000000       0.8000302919020    
    0.8654000000000       0.8003508698370    
    0.8655000000000       0.8006714874000    
    0.8656000000000       0.8009921441790    
    0.8657000000000       0.8013128397620    
    0.8658000000000       0.8016335737340    
    0.8659000000000       0.8019543456850    
    0.8660000000000       0.8022751552000    
    0.8661000000000       0.8025960018670    
    0.8662000000000       0.8029168852740    
    0.8663000000000       0.8032378050060    
    0.8664000000000       0.8035587606530    
    0.8665000000000       0.8038797518000    
    0.8666000000000       0.8042007780350    
    0.8667000000000       0.8045218389460    
    0.8668000000000       0.8048429341180    
    0.8669000000000       0.8051640631410    
    0.8670000000000       0.8054852256000    
    0.8671000000000       0.8058064210830    
    0.8672000000000       0.8061276491780    
    0.8673000000000       0.8064489094700    
    0.8674000000000       0.8067702015490    
    0.8675000000000       0.8070915250000    
    0.8676000000000       0.8074128794110    
    0.8677000000000       0.8077342643700    
    0.8678000000000       0.8080556794620    
    0.8679000000000       0.8083771242770    
    0.8680000000000       0.8086985984000    
    0.8681000000000       0.8090201014190    
    0.8682000000000       0.8093416329220    
    0.8683000000000       0.8096631924940    
    0.8684000000000       0.8099847797250    
    0.8685000000000       0.8103063942000    
    0.8686000000000       0.8106280355070    
    0.8687000000000       0.8109497032340    
    0.8688000000000       0.8112713969660    
    0.8689000000000       0.8115931162930    
    0.8690000000000       0.8119148608000    
    0.8691000000000       0.8122366300750    
    0.8692000000000       0.8125584237060    
    0.8693000000000       0.8128802412780    
    0.8694000000000       0.8132020823810    
    0.8695000000000       0.8135239466000    
    0.8696000000000       0.8138458335230    
    0.8697000000000       0.8141677427380    
    0.8698000000000       0.8144896738300    
    0.8699000000000       0.8148116263890    
    0.8700000000000       0.8151336000000    
    0.8701000000000       0.8154555942510    
    0.8702000000000       0.8157776087300    
    0.8703000000000       0.8160996430220    
    0.8704000000000       0.8164216967170    
    0.8705000000000       0.8167437694000    
    0.8706000000000       0.8170658606590    
    0.8707000000000       0.8173879700820    
    0.8708000000000       0.8177100972540    
    0.8709000000000       0.8180322417650    
    0.8710000000000       0.8183544032000    
    0.8711000000000       0.8186765811470    
    0.8712000000000       0.8189987751940    
    0.8713000000000       0.8193209849260    
    0.8714000000000       0.8196432099330    
    0.8715000000000       0.8199654498000    
    0.8716000000000       0.8202877041150    
    0.8717000000000       0.8206099724660    
    0.8718000000000       0.8209322544380    
    0.8719000000000       0.8212545496210    
    0.8720000000000       0.8215768576000    
    0.8721000000000       0.8218991779630    
    0.8722000000000       0.8222215102980    
    0.8723000000000       0.8225438541900    
    0.8724000000000       0.8228662092290    
    0.8725000000000       0.8231885750000    
    0.8726000000000       0.8235109510910    
    0.8727000000000       0.8238333370900    
    0.8728000000000       0.8241557325820    
    0.8729000000000       0.8244781371570    
    0.8730000000000       0.8248005504000    
    0.8731000000000       0.8251229718990    
    0.8732000000000       0.8254454012420    
    0.8733000000000       0.8257678380140    
    0.8734000000000       0.8260902818050    
    0.8735000000000       0.8264127322000    
    0.8736000000000       0.8267351887870    
    0.8737000000000       0.8270576511540    
    0.8738000000000       0.8273801188860    
    0.8739000000000       0.8277025915730    
    0.8740000000000       0.8280250688000    
    0.8741000000000       0.8283475501550    
    0.8742000000000       0.8286700352260    
    0.8743000000000       0.8289925235980    
    0.8744000000000       0.8293150148610    
    0.8745000000000       0.8296375086000    
    0.8746000000000       0.8299600044030    
    0.8747000000000       0.8302825018580    
    0.8748000000000       0.8306050005500    
    0.8749000000000       0.8309275000690    
    0.8750000000000       0.8312500000000    
    0.8751000000000       0.8315724999310    
    0.8752000000000       0.8318949994500    
    0.8753000000000       0.8322174981420    
    0.8754000000000       0.8325399955970    
    0.8755000000000       0.8328624914000    
    0.8756000000000       0.8331849851390    
    0.8757000000000       0.8335074764020    
    0.8758000000000       0.8338299647740    
    0.8759000000000       0.8341524498450    
    0.8760000000000       0.8344749312000    
    0.8761000000000       0.8347974084270    
    0.8762000000000       0.8351198811140    
    0.8763000000000       0.8354423488460    
    0.8764000000000       0.8357648112130    
    0.8765000000000       0.8360872678000    
    0.8766000000000       0.8364097181950    
    0.8767000000000       0.8367321619860    
    0.8768000000000       0.8370545987580    
    0.8769000000000       0.8373770281010    
    0.8770000000000       0.8376994496000    
    0.8771000000000       0.8380218628430    
    0.8772000000000       0.8383442674180    
    0.8773000000000       0.8386666629100    
    0.8774000000000       0.8389890489090    
    0.8775000000000       0.8393114250000    
    0.8776000000000       0.8396337907710    
    0.8777000000000       0.8399561458100    
    0.8778000000000       0.8402784897020    
    0.8779000000000       0.8406008220370    
    0.8780000000000       0.8409231424000    
    0.8781000000000       0.8412454503790    
    0.8782000000000       0.8415677455620    
    0.8783000000000       0.8418900275340    
    0.8784000000000       0.8422122958850    
    0.8785000000000       0.8425345502000    
    0.8786000000000       0.8428567900670    
    0.8787000000000       0.8431790150740    
    0.8788000000000       0.8435012248060    
    0.8789000000000       0.8438234188530    
    0.8790000000000       0.8441455968000    
    0.8791000000000       0.8444677582350    
    0.8792000000000       0.8447899027460    
    0.8793000000000       0.8451120299180    
    0.8794000000000       0.8454341393410    
    0.8795000000000       0.8457562306000    
    0.8796000000000       0.8460783032830    
    0.8797000000000       0.8464003569780    
    0.8798000000000       0.8467223912700    
    0.8799000000000       0.8470444057490    
    0.8800000000000       0.8473664000000    
    0.8801000000000       0.8476883736110    
    0.8802000000000       0.8480103261700    
    0.8803000000000       0.8483322572620    
    0.8804000000000       0.8486541664770    
    0.8805000000000       0.8489760534000    
    0.8806000000000       0.8492979176190    
    0.8807000000000       0.8496197587220    
    0.8808000000000       0.8499415762940    
    0.8809000000000       0.8502633699250    
    0.8810000000000       0.8505851392000    
    0.8811000000000       0.8509068837070    
    0.8812000000000       0.8512286030340    
    0.8813000000000       0.8515502967660    
    0.8814000000000       0.8518719644930    
    0.8815000000000       0.8521936058000    
    0.8816000000000       0.8525152202750    
    0.8817000000000       0.8528368075060    
    0.8818000000000       0.8531583670780    
    0.8819000000000       0.8534798985810    
    0.8820000000000       0.8538014016000    
    0.8821000000000       0.8541228757230    
    0.8822000000000       0.8544443205380    
    0.8823000000000       0.8547657356300    
    0.8824000000000       0.8550871205890    
    0.8825000000000       0.8554084750000    
    0.8826000000000       0.8557297984510    
    0.8827000000000       0.8560510905300    
    0.8828000000000       0.8563723508220    
    0.8829000000000       0.8566935789170    
    0.8830000000000       0.8570147744000    
    0.8831000000000       0.8573359368590    
    0.8832000000000       0.8576570658820    
    0.8833000000000       0.8579781610540    
    0.8834000000000       0.8582992219650    
    0.8835000000000       0.8586202482000    
    0.8836000000000       0.8589412393470    
    0.8837000000000       0.8592621949940    
    0.8838000000000       0.8595831147260    
    0.8839000000000       0.8599039981330    
    0.8840000000000       0.8602248448000    
    0.8841000000000       0.8605456543150    
    0.8842000000000       0.8608664262660    
    0.8843000000000       0.8611871602380    
    0.8844000000000       0.8615078558210    
    0.8845000000000       0.8618285126000    
    0.8846000000000       0.8621491301630    
    0.8847000000000       0.8624697080980    
    0.8848000000000       0.8627902459900    
    0.8849000000000       0.8631107434290    
    0.8850000000000       0.8634312000000    
    0.8851000000000       0.8637516152910    
    0.8852000000000       0.8640719888900    
    0.8853000000000       0.8643923203820    
    0.8854000000000       0.8647126093570    
    0.8855000000000       0.8650328554000    
    0.8856000000000       0.8653530580990    
    0.8857000000000       0.8656732170420    
    0.8858000000000       0.8659933318140    
    0.8859000000000       0.8663134020050    
    0.8860000000000       0.8666334272000    
    0.8861000000000       0.8669534069870    
    0.8862000000000       0.8672733409540    
    0.8863000000000       0.8675932286860    
    0.8864000000000       0.8679130697730    
    0.8865000000000       0.8682328638000    
    0.8866000000000       0.8685526103550    
    0.8867000000000       0.8688723090260    
    0.8868000000000       0.8691919593980    
    0.8869000000000       0.8695115610610    
    0.8870000000000       0.8698311136000    
    0.8871000000000       0.8701506166030    
    0.8872000000000       0.8704700696580    
    0.8873000000000       0.8707894723500    
    0.8874000000000       0.8711088242690    
    0.8875000000000       0.8714281250000    
    0.8876000000000       0.8717473741310    
    0.8877000000000       0.8720665712500    
    0.8878000000000       0.8723857159420    
    0.8879000000000       0.8727048077970    
    0.8880000000000       0.8730238464000    
    0.8881000000000       0.8733428313390    
    0.8882000000000       0.8736617622020    
    0.8883000000000       0.8739806385740    
    0.8884000000000       0.8742994600450    
    0.8885000000000       0.8746182262000    
    0.8886000000000       0.8749369366270    
    0.8887000000000       0.8752555909140    
    0.8888000000000       0.8755741886460    
    0.8889000000000       0.8758927294130    
    0.8890000000000       0.8762112128000    
    0.8891000000000       0.8765296383950    
    0.8892000000000       0.8768480057860    
    0.8893000000000       0.8771663145580    
    0.8894000000000       0.8774845643010    
    0.8895000000000       0.8778027546000    
    0.8896000000000       0.8781208850430    
    0.8897000000000       0.8784389552180    
    0.8898000000000       0.8787569647100    
    0.8899000000000       0.8790749131090    
    0.8900000000000       0.8793928000000    
    0.8901000000000       0.8797106249710    
    0.8902000000000       0.8800283876100    
    0.8903000000000       0.8803460875020    
    0.8904000000000       0.8806637242370    
    0.8905000000000       0.8809812974000    
    0.8906000000000       0.8812988065790    
    0.8907000000000       0.8816162513620    
    0.8908000000000       0.8819336313340    
    0.8909000000000       0.8822509460850    
    0.8910000000000       0.8825681952000    
    0.8911000000000       0.8828853782670    
    0.8912000000000       0.8832024948740    
    0.8913000000000       0.8835195446060    
    0.8914000000000       0.8838365270530    
    0.8915000000000       0.8841534418000    
    0.8916000000000       0.8844702884350    
    0.8917000000000       0.8847870665460    
    0.8918000000000       0.8851037757180    
    0.8919000000000       0.8854204155410    
    0.8920000000000       0.8857369856000    
    0.8921000000000       0.8860534854830    
    0.8922000000000       0.8863699147780    
    0.8923000000000       0.8866862730700    
    0.8924000000000       0.8870025599490    
    0.8925000000000       0.8873187750000    
    0.8926000000000       0.8876349178110    
    0.8927000000000       0.8879509879700    
    0.8928000000000       0.8882669850620    
    0.8929000000000       0.8885829086770    
    0.8930000000000       0.8888987584000    
    0.8931000000000       0.8892145338190    
    0.8932000000000       0.8895302345220    
    0.8933000000000       0.8898458600940    
    0.8934000000000       0.8901614101250    
    0.8935000000000       0.8904768842000    
    0.8936000000000       0.8907922819070    
    0.8937000000000       0.8911076028340    
    0.8938000000000       0.8914228465660    
    0.8939000000000       0.8917380126930    
    0.8940000000000       0.8920531008000    
    0.8941000000000       0.8923681104750    
    0.8942000000000       0.8926830413060    
    0.8943000000000       0.8929978928780    
    0.8944000000000       0.8933126647810    
    0.8945000000000       0.8936273566000    
    0.8946000000000       0.8939419679230    
    0.8947000000000       0.8942564983380    
    0.8948000000000       0.8945709474300    
    0.8949000000000       0.8948853147890    
    0.8950000000000       0.8951996000000    
    0.8951000000000       0.8955138026510    
    0.8952000000000       0.8958279223300    
    0.8953000000000       0.8961419586220    
    0.8954000000000       0.8964559111170    
    0.8955000000000       0.8967697794000    
    0.8956000000000       0.8970835630590    
    0.8957000000000       0.8973972616820    
    0.8958000000000       0.8977108748540    
    0.8959000000000       0.8980244021650    
    0.8960000000000       0.8983378432000    
    0.8961000000000       0.8986511975470    
    0.8962000000000       0.8989644647940    
    0.8963000000000       0.8992776445260    
    0.8964000000000       0.8995907363330    
    0.8965000000000       0.8999037398000    
    0.8966000000000       0.9002166545150    
    0.8967000000000       0.9005294800660    
    0.8968000000000       0.9008422160380    
    0.8969000000000       0.9011548620210    
    0.8970000000000       0.9014674176000    
    0.8971000000000       0.9017798823630    
    0.8972000000000       0.9020922558980    
    0.8973000000000       0.9024045377900    
    0.8974000000000       0.9027167276290    
    0.8975000000000       0.9030288250000    
    0.8976000000000       0.9033408294910    
    0.8977000000000       0.9036527406900    
    0.8978000000000       0.9039645581820    
    0.8979000000000       0.9042762815570    
    0.8980000000000       0.9045879104000    
    0.8981000000000       0.9048994442990    
    0.8982000000000       0.9052108828420    
    0.8983000000000       0.9055222256140    
    0.8984000000000       0.9058334722050    
    0.8985000000000       0.9061446222000    
    0.8986000000000       0.9064556751870    
    0.8987000000000       0.9067666307540    
    0.8988000000000       0.9070774884860    
    0.8989000000000       0.9073882479730    
    0.8990000000000       0.9076989088000    
    0.8991000000000       0.9080094705550    
    0.8992000000000       0.9083199328260    
    0.8993000000000       0.9086302951980    
    0.8994000000000       0.9089405572610    
    0.8995000000000       0.9092507186000    
    0.8996000000000       0.9095607788030    
    0.8997000000000       0.9098707374580    
    0.8998000000000       0.9101805941500    
    0.8999000000000       0.9104903484690    
    0.9000000000000       0.9108000000000    
    0.9001000000000       0.9111095483310    
    0.9002000000000       0.9114189930500    
    0.9003000000000       0.9117283337420    
    0.9004000000000       0.9120375699970    
    0.9005000000000       0.9123467014000    
    0.9006000000000       0.9126557275390    
    0.9007000000000       0.9129646480020    
    0.9008000000000       0.9132734623740    
    0.9009000000000       0.9135821702450    
    0.9010000000000       0.9138907712000    
    0.9011000000000       0.9141992648270    
    0.9012000000000       0.9145076507140    
    0.9013000000000       0.9148159284460    
    0.9014000000000       0.9151240976130    
    0.9015000000000       0.9154321578000    
    0.9016000000000       0.9157401085950    
    0.9017000000000       0.9160479495860    
    0.9018000000000       0.9163556803580    
    0.9019000000000       0.9166633005010    
    0.9020000000000       0.9169708096000    
    0.9021000000000       0.9172782072430    
    0.9022000000000       0.9175854930180    
    0.9023000000000       0.9178926665100    
    0.9024000000000       0.9181997273090    
    0.9025000000000       0.9185066750000    
    0.9026000000000       0.9188135091710    
    0.9027000000000       0.9191202294100    
    0.9028000000000       0.9194268353020    
    0.9029000000000       0.9197333264370    
    0.9030000000000       0.9200397024000    
    0.9031000000000       0.9203459627790    
    0.9032000000000       0.9206521071620    
    0.9033000000000       0.9209581351340    
    0.9034000000000       0.9212640462850    
    0.9035000000000       0.9215698402000    
    0.9036000000000       0.9218755164670    
    0.9037000000000       0.9221810746740    
    0.9038000000000       0.9224865144060    
    0.9039000000000       0.9227918352530    
    0.9040000000000       0.9230970368000    
    0.9041000000000       0.9234021186350    
    0.9042000000000       0.9237070803460    
    0.9043000000000       0.9240119215180    
    0.9044000000000       0.9243166417410    
    0.9045000000000       0.9246212406000    
    0.9046000000000       0.9249257176830    
    0.9047000000000       0.9252300725780    
    0.9048000000000       0.9255343048700    
    0.9049000000000       0.9258384141490    
    0.9050000000000       0.9261424000000    
    0.9051000000000       0.9264462620110    
    0.9052000000000       0.9267499997700    
    0.9053000000000       0.9270536128620    
    0.9054000000000       0.9273571008770    
    0.9055000000000       0.9276604634000    
    0.9056000000000       0.9279637000190    
    0.9057000000000       0.9282668103220    
    0.9058000000000       0.9285697938940    
    0.9059000000000       0.9288726503250    
    0.9060000000000       0.9291753792000    
    0.9061000000000       0.9294779801070    
    0.9062000000000       0.9297804526340    
    0.9063000000000       0.9300827963660    
    0.9064000000000       0.9303850108930    
    0.9065000000000       0.9306870958000    
    0.9066000000000       0.9309890506750    
    0.9067000000000       0.9312908751060    
    0.9068000000000       0.9315925686780    
    0.9069000000000       0.9318941309810    
    0.9070000000000       0.9321955616000    
    0.9071000000000       0.9324968601230    
    0.9072000000000       0.9327980261380    
    0.9073000000000       0.9330990592300    
    0.9074000000000       0.9333999589890    
    0.9075000000000       0.9337007250000    
    0.9076000000000       0.9340013568510    
    0.9077000000000       0.9343018541300    
    0.9078000000000       0.9346022164220    
    0.9079000000000       0.9349024433170    
    0.9080000000000       0.9352025344000    
    0.9081000000000       0.9355024892590    
    0.9082000000000       0.9358023074820    
    0.9083000000000       0.9361019886540    
    0.9084000000000       0.9364015323650    
    0.9085000000000       0.9367009382000    
    0.9086000000000       0.9370002057470    
    0.9087000000000       0.9372993345940    
    0.9088000000000       0.9375983243260    
    0.9089000000000       0.9378971745330    
    0.9090000000000       0.9381958848000    
    0.9091000000000       0.9384944547150    
    0.9092000000000       0.9387928838660    
    0.9093000000000       0.9390911718380    
    0.9094000000000       0.9393893182210    
    0.9095000000000       0.9396873226000    
    0.9096000000000       0.9399851845630    
    0.9097000000000       0.9402829036980    
    0.9098000000000       0.9405804795900    
    0.9099000000000       0.9408779118290    
    0.9100000000000       0.9411752000000    
    0.9101000000000       0.9414723436910    
    0.9102000000000       0.9417693424900    
    0.9103000000000       0.9420661959820    
    0.9104000000000       0.9423629037570    
    0.9105000000000       0.9426594654000    
    0.9106000000000       0.9429558804990    
    0.9107000000000       0.9432521486420    
    0.9108000000000       0.9435482694140    
    0.9109000000000       0.9438442424050    
    0.9110000000000       0.9441400672000    
    0.9111000000000       0.9444357433870    
    0.9112000000000       0.9447312705540    
    0.9113000000000       0.9450266482860    
    0.9114000000000       0.9453218761730    
    0.9115000000000       0.9456169538000    
    0.9116000000000       0.9459118807550    
    0.9117000000000       0.9462066566260    
    0.9118000000000       0.9465012809980    
    0.9119000000000       0.9467957534610    
    0.9120000000000       0.9470900736000    
    0.9121000000000       0.9473842410030    
    0.9122000000000       0.9476782552580    
    0.9123000000000       0.9479721159500    
    0.9124000000000       0.9482658226690    
    0.9125000000000       0.9485593750000    
    0.9126000000000       0.9488527725310    
    0.9127000000000       0.9491460148500    
    0.9128000000000       0.9494391015420    
    0.9129000000000       0.9497320321970    
    0.9130000000000       0.9500248064000    
    0.9131000000000       0.9503174237390    
    0.9132000000000       0.9506098838020    
    0.9133000000000       0.9509021861740    
    0.9134000000000       0.9511943304450    
    0.9135000000000       0.9514863162000    
    0.9136000000000       0.9517781430270    
    0.9137000000000       0.9520698105140    
    0.9138000000000       0.9523613182460    
    0.9139000000000       0.9526526658130    
    0.9140000000000       0.9529438528000    
    0.9141000000000       0.9532348787950    
    0.9142000000000       0.9535257433860    
    0.9143000000000       0.9538164461580    
    0.9144000000000       0.9541069867010    
    0.9145000000000       0.9543973646000    
    0.9146000000000       0.9546875794430    
    0.9147000000000       0.9549776308180    
    0.9148000000000       0.9552675183100    
    0.9149000000000       0.9555572415090    
    0.9150000000000       0.9558468000000    
    0.9151000000000       0.9561361933710    
    0.9152000000000       0.9564254212100    
    0.9153000000000       0.9567144831020    
    0.9154000000000       0.9570033786370    
    0.9155000000000       0.9572921074000    
    0.9156000000000       0.9575806689790    
    0.9157000000000       0.9578690629620    
    0.9158000000000       0.9581572889340    
    0.9159000000000       0.9584453464850    
    0.9160000000000       0.9587332352000    
    0.9161000000000       0.9590209546670    
    0.9162000000000       0.9593085044740    
    0.9163000000000       0.9595958842060    
    0.9164000000000       0.9598830934530    
    0.9165000000000       0.9601701318000    
    0.9166000000000       0.9604569988350    
    0.9167000000000       0.9607436941460    
    0.9168000000000       0.9610302173180    
    0.9169000000000       0.9613165679410    
    0.9170000000000       0.9616027456000    
    0.9171000000000       0.9618887498830    
    0.9172000000000       0.9621745803780    
    0.9173000000000       0.9624602366700    
    0.9174000000000       0.9627457183490    
    0.9175000000000       0.9630310250000    
    0.9176000000000       0.9633161562110    
    0.9177000000000       0.9636011115700    
    0.9178000000000       0.9638858906620    
    0.9179000000000       0.9641704930770    
    0.9180000000000       0.9644549184000    
    0.9181000000000       0.9647391662190    
    0.9182000000000       0.9650232361220    
    0.9183000000000       0.9653071276940    
    0.9184000000000       0.9655908405250    
    0.9185000000000       0.9658743742000    
    0.9186000000000       0.9661577283070    
    0.9187000000000       0.9664409024340    
    0.9188000000000       0.9667238961660    
    0.9189000000000       0.9670067090930    
    0.9190000000000       0.9672893408000    
    0.9191000000000       0.9675717908750    
    0.9192000000000       0.9678540589060    
    0.9193000000000       0.9681361444780    
    0.9194000000000       0.9684180471810    
    0.9195000000000       0.9686997666000    
    0.9196000000000       0.9689813023230    
    0.9197000000000       0.9692626539380    
    0.9198000000000       0.9695438210300    
    0.9199000000000       0.9698248031890    
    0.9200000000000       0.9701056000000    
    0.9201000000000       0.9703862110510    
    0.9202000000000       0.9706666359300    
    0.9203000000000       0.9709468742220    
    0.9204000000000       0.9712269255170    
    0.9205000000000       0.9715067894000    
    0.9206000000000       0.9717864654590    
    0.9207000000000       0.9720659532820    
    0.9208000000000       0.9723452524540    
    0.9209000000000       0.9726243625650    
    0.9210000000000       0.9729032832000    
    0.9211000000000       0.9731820139470    
    0.9212000000000       0.9734605543940    
    0.9213000000000       0.9737389041260    
    0.9214000000000       0.9740170627330    
    0.9215000000000       0.9742950298000    
    0.9216000000000       0.9745728049150    
    0.9217000000000       0.9748503876660    
    0.9218000000000       0.9751277776380    
    0.9219000000000       0.9754049744210    
    0.9220000000000       0.9756819776000    
    0.9221000000000       0.9759587867630    
    0.9222000000000       0.9762354014980    
    0.9223000000000       0.9765118213900    
    0.9224000000000       0.9767880460290    
    0.9225000000000       0.9770640750000    
    0.9226000000000       0.9773399078910    
    0.9227000000000       0.9776155442900    
    0.9228000000000       0.9778909837820    
    0.9229000000000       0.9781662259570    
    0.9230000000000       0.9784412704000    
    0.9231000000000       0.9787161166990    
    0.9232000000000       0.9789907644420    
    0.9233000000000       0.9792652132140    
    0.9234000000000       0.9795394626050    
    0.9235000000000       0.9798135122000    
    0.9236000000000       0.9800873615870    
    0.9237000000000       0.9803610103540    
    0.9238000000000       0.9806344580860    
    0.9239000000000       0.9809077043730    
    0.9240000000000       0.9811807488000    
    0.9241000000000       0.9814535909550    
    0.9242000000000       0.9817262304260    
    0.9243000000000       0.9819986667980    
    0.9244000000000       0.9822708996610    
    0.9245000000000       0.9825429286000    
    0.9246000000000       0.9828147532030    
    0.9247000000000       0.9830863730580    
    0.9248000000000       0.9833577877500    
    0.9249000000000       0.9836289968690    
    0.9250000000000       0.9839000000000    
    0.9251000000000       0.9841707967310    
    0.9252000000000       0.9844413866500    
    0.9253000000000       0.9847117693420    
    0.9254000000000       0.9849819443970    
    0.9255000000000       0.9852519114000    
    0.9256000000000       0.9855216699390    
    0.9257000000000       0.9857912196020    
    0.9258000000000       0.9860605599740    
    0.9259000000000       0.9863296906450    
    0.9260000000000       0.9865986112000    
    0.9261000000000       0.9868673212270    
    0.9262000000000       0.9871358203140    
    0.9263000000000       0.9874041080460    
    0.9264000000000       0.9876721840130    
    0.9265000000000       0.9879400478000    
    0.9266000000000       0.9882076989950    
    0.9267000000000       0.9884751371860    
    0.9268000000000       0.9887423619580    
    0.9269000000000       0.9890093729010    
    0.9270000000000       0.9892761696000    
    0.9271000000000       0.9895427516430    
    0.9272000000000       0.9898091186180    
    0.9273000000000       0.9900752701100    
    0.9274000000000       0.9903412057090    
    0.9275000000000       0.9906069250000    
    0.9276000000000       0.9908724275710    
    0.9277000000000       0.9911377130100    
    0.9278000000000       0.9914027809020    
    0.9279000000000       0.9916676308370    
    0.9280000000000       0.9919322624000    
    0.9281000000000       0.9921966751790    
    0.9282000000000       0.9924608687620    
    0.9283000000000       0.9927248427340    
    0.9284000000000       0.9929885966850    
    0.9285000000000       0.9932521302000    
    0.9286000000000       0.9935154428670    
    0.9287000000000       0.9937785342740    
    0.9288000000000       0.9940414040060    
    0.9289000000000       0.9943040516530    
    0.9290000000000       0.9945664768000    
    0.9291000000000       0.9948286790350    
    0.9292000000000       0.9950906579460    
    0.9293000000000       0.9953524131180    
    0.9294000000000       0.9956139441410    
    0.9295000000000       0.9958752506000    
    0.9296000000000       0.9961363320830    
    0.9297000000000       0.9963971881780    
    0.9298000000000       0.9966578184700    
    0.9299000000000       0.9969182225490    
    0.9300000000000       0.9971784000000    
    0.9301000000000       0.9974383504110    
    0.9302000000000       0.9976980733700    
    0.9303000000000       0.9979575684620    
    0.9304000000000       0.9982168352770    
    0.9305000000000       0.9984758734000    
    0.9306000000000       0.9987346824190    
    0.9307000000000       0.9989932619220    
    0.9308000000000       0.9992516114940    
    0.9309000000000       0.9995097307250    
    0.9310000000000       0.9997676192000    
    0.9311000000000        1.000025276510    
    0.9312000000000        1.000282702230    
    0.9313000000000        1.000539895970    
    0.9314000000000        1.000796857290    
    0.9315000000000        1.001053585800    
    0.9316000000000        1.001310081080    
    0.9317000000000        1.001566342710    
    0.9318000000000        1.001822370280    
    0.9319000000000        1.002078163380    
    0.9320000000000        1.002333721600    
    0.9321000000000        1.002589044520    
    0.9322000000000        1.002844131740    
    0.9323000000000        1.003098982830    
    0.9324000000000        1.003353597390    
    0.9325000000000        1.003607975000    
    0.9326000000000        1.003862115250    
    0.9327000000000        1.004116017730    
    0.9328000000000        1.004369682020    
    0.9329000000000        1.004623107720    
    0.9330000000000        1.004876294400    
    0.9331000000000        1.005129241660    
    0.9332000000000        1.005381949080    
    0.9333000000000        1.005634416250    
    0.9334000000000        1.005886642760    
    0.9335000000000        1.006138628200    
    0.9336000000000        1.006390372150    
    0.9337000000000        1.006641874190    
    0.9338000000000        1.006893133930    
    0.9339000000000        1.007144150930    
    0.9340000000000        1.007394924800    
    0.9341000000000        1.007645455120    
    0.9342000000000        1.007895741470    
    0.9343000000000        1.008145783440    
    0.9344000000000        1.008395580620    
    0.9345000000000        1.008645132600    
    0.9346000000000        1.008894438960    
    0.9347000000000        1.009143499300    
    0.9348000000000        1.009392313190    
    0.9349000000000        1.009640880230    
    0.9350000000000        1.009889200000    
    0.9351000000000        1.010137272090    
    0.9352000000000        1.010385096090    
    0.9353000000000        1.010632671580    
    0.9354000000000        1.010879998160    
    0.9355000000000        1.011127075400    
    0.9356000000000        1.011373902900    
    0.9357000000000        1.011620480240    
    0.9358000000000        1.011866807010    
    0.9359000000000        1.012112882800    
    0.9360000000000        1.012358707200    
    0.9361000000000        1.012604279790    
    0.9362000000000        1.012849600150    
    0.9363000000000        1.013094667890    
    0.9364000000000        1.013339482570    
    0.9365000000000        1.013584043800    
    0.9366000000000        1.013828351160    
    0.9367000000000        1.014072404230    
    0.9368000000000        1.014316202600    
    0.9369000000000        1.014559745860    
    0.9370000000000        1.014803033600    
    0.9371000000000        1.015046065400    
    0.9372000000000        1.015288840860    
    0.9373000000000        1.015531359550    
    0.9374000000000        1.015773621070    
    0.9375000000000        1.016015625000    
    0.9376000000000        1.016257370930    
    0.9377000000000        1.016498858450    
    0.9378000000000        1.016740087140    
    0.9379000000000        1.016981056600    
    0.9380000000000        1.017221766400    
    0.9381000000000        1.017462216140    
    0.9382000000000        1.017702405400    
    0.9383000000000        1.017942333770    
    0.9384000000000        1.018182000840    
    0.9385000000000        1.018421406200    
    0.9386000000000        1.018660549430    
    0.9387000000000        1.018899430110    
    0.9388000000000        1.019138047850    
    0.9389000000000        1.019376402210    
    0.9390000000000        1.019614492800    
    0.9391000000000        1.019852319200    
    0.9392000000000        1.020089880990    
    0.9393000000000        1.020327177760    
    0.9394000000000        1.020564209100    
    0.9395000000000        1.020800974600    
    0.9396000000000        1.021037473840    
    0.9397000000000        1.021273706420    
    0.9398000000000        1.021509671910    
    0.9399000000000        1.021745369910    
    0.9400000000000        1.021980800000    
    0.9401000000000        1.022215961770    
    0.9402000000000        1.022450854810    
    0.9403000000000        1.022685478700    
    0.9404000000000        1.022919833040    
    0.9405000000000        1.023153917400    
    0.9406000000000        1.023387731380    
    0.9407000000000        1.023621274560    
    0.9408000000000        1.023854546530    
    0.9409000000000        1.024087546880    
    0.9410000000000        1.024320275200    
    0.9411000000000        1.024552731070    
    0.9412000000000        1.024784914070    
    0.9413000000000        1.025016823810    
    0.9414000000000        1.025248459850    
    0.9415000000000        1.025479821800    
    0.9416000000000        1.025710909240    
    0.9417000000000        1.025941721750    
    0.9418000000000        1.026172258920    
    0.9419000000000        1.026402520340    
    0.9420000000000        1.026632505600    
    0.9421000000000        1.026862214280    
    0.9422000000000        1.027091645980    
    0.9423000000000        1.027320800270    
    0.9424000000000        1.027549676750    
    0.9425000000000        1.027778275000    
    0.9426000000000        1.028006594610    
    0.9427000000000        1.028234635170    
    0.9428000000000        1.028462396260    
    0.9429000000000        1.028689877480    
    0.9430000000000        1.028917078400    
    0.9431000000000        1.029143998620    
    0.9432000000000        1.029370637720    
    0.9433000000000        1.029596995290    
    0.9434000000000        1.029823070920    
    0.9435000000000        1.030048864200    
    0.9436000000000        1.030274374710    
    0.9437000000000        1.030499602030    
    0.9438000000000        1.030724545770    
    0.9439000000000        1.030949205490    
    0.9440000000000        1.031173580800    
    0.9441000000000        1.031397671280    
    0.9442000000000        1.031621476510    
    0.9443000000000        1.031844996080    
    0.9444000000000        1.032068229580    
    0.9445000000000        1.032291176600    
    0.9446000000000        1.032513836720    
    0.9447000000000        1.032736209540    
    0.9448000000000        1.032958294630    
    0.9449000000000        1.033180091590    
    0.9450000000000        1.033401600000    
    0.9451000000000        1.033622819450    
    0.9452000000000        1.033843749530    
    0.9453000000000        1.034064389820    
    0.9454000000000        1.034284739920    
    0.9455000000000        1.034504799400    
    0.9456000000000        1.034724567860    
    0.9457000000000        1.034944044880    
    0.9458000000000        1.035163230050    
    0.9459000000000        1.035382122960    
    0.9460000000000        1.035600723200    
    0.9461000000000        1.035819030350    
    0.9462000000000        1.036037043990    
    0.9463000000000        1.036254763730    
    0.9464000000000        1.036472189130    
    0.9465000000000        1.036689319800    
    0.9466000000000        1.036906155320    
    0.9467000000000        1.037122695270    
    0.9468000000000        1.037338939240    
    0.9469000000000        1.037554886820    
    0.9470000000000        1.037770537600    
    0.9471000000000        1.037985891160    
    0.9472000000000        1.038200947100    
    0.9473000000000        1.038415704990    
    0.9474000000000        1.038630164430    
    0.9475000000000        1.038844325000    
    0.9476000000000        1.039058186290    
    0.9477000000000        1.039271747890    
    0.9478000000000        1.039485009380    
    0.9479000000000        1.039697970360    
    0.9480000000000        1.039910630400    
    0.9481000000000        1.040122989100    
    0.9482000000000        1.040335046040    
    0.9483000000000        1.040546800810    
    0.9484000000000        1.040758253000    
    0.9485000000000        1.040969402200    
    0.9486000000000        1.041180247990    
    0.9487000000000        1.041390789950    
    0.9488000000000        1.041601027690    
    0.9489000000000        1.041810960770    
    0.9490000000000        1.042020588800    
    0.9491000000000        1.042229911360    
    0.9492000000000        1.042438928030    
    0.9493000000000        1.042647638400    
    0.9494000000000        1.042856042060    
    0.9495000000000        1.043064138600    
    0.9496000000000        1.043271927600    
    0.9497000000000        1.043479408660    
    0.9498000000000        1.043686581350    
    0.9499000000000        1.043893445270    
    0.9500000000000        1.044100000000    
    0.9501000000000        1.044306245130    
    0.9502000000000        1.044512180250    
    0.9503000000000        1.044717804940    
    0.9504000000000        1.044923118800    
    0.9505000000000        1.045128121400    
    0.9506000000000        1.045332812340    
    0.9507000000000        1.045537191200    
    0.9508000000000        1.045741257570    
    0.9509000000000        1.045945011040    
    0.9510000000000        1.046148451200    
    0.9511000000000        1.046351577630    
    0.9512000000000        1.046554389910    
    0.9513000000000        1.046756887650    
    0.9514000000000        1.046959070410    
    0.9515000000000        1.047160937800    
    0.9516000000000        1.047362489400    
    0.9517000000000        1.047563724790    
    0.9518000000000        1.047764643560    
    0.9519000000000        1.047965245300    
    0.9520000000000        1.048165529600    
    0.9521000000000        1.048365496040    
    0.9522000000000        1.048565144220    
    0.9523000000000        1.048764473710    
    0.9524000000000        1.048963484110    
    0.9525000000000        1.049162175000    
    0.9526000000000        1.049360545970    
    0.9527000000000        1.049558596610    
    0.9528000000000        1.049756326500    
    0.9529000000000        1.049953735240    
    0.9530000000000        1.050150822400    
    0.9531000000000        1.050347587580    
    0.9532000000000        1.050544030360    
    0.9533000000000        1.050740150330    
    0.9534000000000        1.050935947080    
    0.9535000000000        1.051131420200    
    0.9536000000000        1.051326569270    
    0.9537000000000        1.051521393870    
    0.9538000000000        1.051715893610    
    0.9539000000000        1.051910068050    
    0.9540000000000        1.052103916800    
    0.9541000000000        1.052297439440    
    0.9542000000000        1.052490635550    
    0.9543000000000        1.052683504720    
    0.9544000000000        1.052876046540    
    0.9545000000000        1.053068260600    
    0.9546000000000        1.053260146480    
    0.9547000000000        1.053451703780    
    0.9548000000000        1.053642932070    
    0.9549000000000        1.053833830950    
    0.9550000000000        1.054024400000    
    0.9551000000000        1.054214638810    
    0.9552000000000        1.054404546970    
    0.9553000000000        1.054594124060    
    0.9554000000000        1.054783369680    
    0.9555000000000        1.054972283400    
    0.9556000000000        1.055160864820    
    0.9557000000000        1.055349113520    
    0.9558000000000        1.055537029090    
    0.9559000000000        1.055724611120    
    0.9560000000000        1.055911859200    
    0.9561000000000        1.056098772910    
    0.9562000000000        1.056285351830    
    0.9563000000000        1.056471595570    
    0.9564000000000        1.056657503690    
    0.9565000000000        1.056843075800    
    0.9566000000000        1.057028311480    
    0.9567000000000        1.057213210310    
    0.9568000000000        1.057397771880    
    0.9569000000000        1.057581995780    
    0.9570000000000        1.057765881600    
    0.9571000000000        1.057949428920    
    0.9572000000000        1.058132637340    
    0.9573000000000        1.058315506430    
    0.9574000000000        1.058498035790    
    0.9575000000000        1.058680225000    
    0.9576000000000        1.058862073650    
    0.9577000000000        1.059043581330    
    0.9578000000000        1.059224747620    
    0.9579000000000        1.059405572120    
    0.9580000000000        1.059586054400    
    0.9581000000000        1.059766194060    
    0.9582000000000        1.059945990680    
    0.9583000000000        1.060125443850    
    0.9584000000000        1.060304553160    
    0.9585000000000        1.060483318200    
    0.9586000000000        1.060661738550    
    0.9587000000000        1.060839813790    
    0.9588000000000        1.061017543530    
    0.9589000000000        1.061194927330    
    0.9590000000000        1.061371964800    
    0.9591000000000        1.061548655520    
    0.9592000000000        1.061724999070    
    0.9593000000000        1.061900995040    
    0.9594000000000        1.062076643020    
    0.9595000000000        1.062251942600    
    0.9596000000000        1.062426893360    
    0.9597000000000        1.062601494900    
    0.9598000000000        1.062775746790    
    0.9599000000000        1.062949648630    
    0.9600000000000        1.063123200000    
    0.9601000000000        1.063296400490    
    0.9602000000000        1.063469249690    
    0.9603000000000        1.063641747180    
    0.9604000000000        1.063813892560    
    0.9605000000000        1.063985685400    
    0.9606000000000        1.064157125300    
    0.9607000000000        1.064328211840    
    0.9608000000000        1.064498944610    
    0.9609000000000        1.064669323200    
    0.9610000000000        1.064839347200    
    0.9611000000000        1.065009016190    
    0.9612000000000        1.065178329750    
    0.9613000000000        1.065347287490    
    0.9614000000000        1.065515888970    
    0.9615000000000        1.065684133800    
    0.9616000000000        1.065852021560    
    0.9617000000000        1.066019551830    
    0.9618000000000        1.066186724200    
    0.9619000000000        1.066353538260    
    0.9620000000000        1.066519993600    
    0.9621000000000        1.066686089800    
    0.9622000000000        1.066851826460    
    0.9623000000000        1.067017203150    
    0.9624000000000        1.067182219470    
    0.9625000000000        1.067346875000    
    0.9626000000000        1.067511169330    
    0.9627000000000        1.067675102050    
    0.9628000000000        1.067838672740    
    0.9629000000000        1.068001881000    
    0.9630000000000        1.068164726400    
    0.9631000000000        1.068327208540    
    0.9632000000000        1.068489327000    
    0.9633000000000        1.068651081370    
    0.9634000000000        1.068812471240    
    0.9635000000000        1.068973496200    
    0.9636000000000        1.069134155830    
    0.9637000000000        1.069294449710    
    0.9638000000000        1.069454377450    
    0.9639000000000        1.069613938610    
    0.9640000000000        1.069773132800    
    0.9641000000000        1.069931959600    
    0.9642000000000        1.070090418590    
    0.9643000000000        1.070248509360    
    0.9644000000000        1.070406231500    
    0.9645000000000        1.070563584600    
    0.9646000000000        1.070720568240    
    0.9647000000000        1.070877182020    
    0.9648000000000        1.071033425510    
    0.9649000000000        1.071189298310    
    0.9650000000000        1.071344800000    
    0.9651000000000        1.071499930170    
    0.9652000000000        1.071654688410    
    0.9653000000000        1.071809074300    
    0.9654000000000        1.071963087440    
    0.9655000000000        1.072116727400    
    0.9656000000000        1.072269993780    
    0.9657000000000        1.072422886160    
    0.9658000000000        1.072575404130    
    0.9659000000000        1.072727547280    
    0.9660000000000        1.072879315200    
    0.9661000000000        1.073030707470    
    0.9662000000000        1.073181723670    
    0.9663000000000        1.073332363410    
    0.9664000000000        1.073482626250    
    0.9665000000000        1.073632511800    
    0.9666000000000        1.073782019640    
    0.9667000000000        1.073931149350    
    0.9668000000000        1.074079900520    
    0.9669000000000        1.074228272740    
    0.9670000000000        1.074376265600    
    0.9671000000000        1.074523878680    
    0.9672000000000        1.074671111580    
    0.9673000000000        1.074817963870    
    0.9674000000000        1.074964435150    
    0.9675000000000        1.075110525000    
    0.9676000000000        1.075256233010    
    0.9677000000000        1.075401558770    
    0.9678000000000        1.075546501860    
    0.9679000000000        1.075691061880    
    0.9680000000000        1.075835238400    
    0.9681000000000        1.075979031020    
    0.9682000000000        1.076122439320    
    0.9683000000000        1.076265462890    
    0.9684000000000        1.076408101320    
    0.9685000000000        1.076550354200    
    0.9686000000000        1.076692221110    
    0.9687000000000        1.076833701630    
    0.9688000000000        1.076974795370    
    0.9689000000000        1.077115501890    
    0.9690000000000        1.077255820800    
    0.9691000000000        1.077395751680    
    0.9692000000000        1.077535294110    
    0.9693000000000        1.077674447680    
    0.9694000000000        1.077813211980    
    0.9695000000000        1.077951586600    
    0.9696000000000        1.078089571120    
    0.9697000000000        1.078227165140    
    0.9698000000000        1.078364368230    
    0.9699000000000        1.078501179990    
    0.9700000000000        1.078637600000    
    0.9701000000000        1.078773627850    
    0.9702000000000        1.078909263130    
    0.9703000000000        1.079044505420    
    0.9704000000000        1.079179354320    
    0.9705000000000        1.079313809400    
    0.9706000000000        1.079447870260    
    0.9707000000000        1.079581536480    
    0.9708000000000        1.079714807650    
    0.9709000000000        1.079847683360    
    0.9710000000000        1.079980163200    
    0.9711000000000        1.080112246750    
    0.9712000000000        1.080243933590    
    0.9713000000000        1.080375223330    
    0.9714000000000        1.080506115530    
    0.9715000000000        1.080636609800    
    0.9716000000000        1.080766705720    
    0.9717000000000        1.080896402870    
    0.9718000000000        1.081025700840    
    0.9719000000000        1.081154599220    
    0.9720000000000        1.081283097600    
    0.9721000000000        1.081411195560    
    0.9722000000000        1.081538892700    
    0.9723000000000        1.081666188590    
    0.9724000000000        1.081793082830    
    0.9725000000000        1.081919575000    
    0.9726000000000        1.082045664690    
    0.9727000000000        1.082171351490    
    0.9728000000000        1.082296634980    
    0.9729000000000        1.082421514760    
    0.9730000000000        1.082545990400    
    0.9731000000000        1.082670061500    
    0.9732000000000        1.082793727640    
    0.9733000000000        1.082916988410    
    0.9734000000000        1.083039843400    
    0.9735000000000        1.083162292200    
    0.9736000000000        1.083284334390    
    0.9737000000000        1.083405969550    
    0.9738000000000        1.083527197290    
    0.9739000000000        1.083648017170    
    0.9740000000000        1.083768428800    
    0.9741000000000        1.083888431760    
    0.9742000000000        1.084008025630    
    0.9743000000000        1.084127210000    
    0.9744000000000        1.084245984460    
    0.9745000000000        1.084364348600    
    0.9746000000000        1.084482302000    
    0.9747000000000        1.084599844260    
    0.9748000000000        1.084716974950    
    0.9749000000000        1.084833693670    
    0.9750000000000        1.084950000000    
    0.9751000000000        1.085065893530    
    0.9752000000000        1.085181373850    
    0.9753000000000        1.085296440540    
    0.9754000000000        1.085411093200    
    0.9755000000000        1.085525331400    
    0.9756000000000        1.085639154740    
    0.9757000000000        1.085752562800    
    0.9758000000000        1.085865555170    
    0.9759000000000        1.085978131440    
    0.9760000000000        1.086090291200    
    0.9761000000000        1.086202034030    
    0.9762000000000        1.086313359510    
    0.9763000000000        1.086424267250    
    0.9764000000000        1.086534756810    
    0.9765000000000        1.086644827800    
    0.9766000000000        1.086754479800    
    0.9767000000000        1.086863712390    
    0.9768000000000        1.086972525160    
    0.9769000000000        1.087080917700    
    0.9770000000000        1.087188889600    
    0.9771000000000        1.087296440440    
    0.9772000000000        1.087403569820    
    0.9773000000000        1.087510277310    
    0.9774000000000        1.087616562510    
    0.9775000000000        1.087722425000    
    0.9776000000000        1.087827864370    
    0.9777000000000        1.087932880210    
    0.9778000000000        1.088037472100    
    0.9779000000000        1.088141639640    
    0.9780000000000        1.088245382400    
    0.9781000000000        1.088348699980    
    0.9782000000000        1.088451591960    
    0.9783000000000        1.088554057930    
    0.9784000000000        1.088656097480    
    0.9785000000000        1.088757710200    
    0.9786000000000        1.088858895670    
    0.9787000000000        1.088959653470    
    0.9788000000000        1.089059983210    
    0.9789000000000        1.089159884450    
    0.9790000000000        1.089259356800    
    0.9791000000000        1.089358399840    
    0.9792000000000        1.089457013150    
    0.9793000000000        1.089555196320    
    0.9794000000000        1.089652948940    
    0.9795000000000        1.089750270600    
    0.9796000000000        1.089847160880    
    0.9797000000000        1.089943619380    
    0.9798000000000        1.090039645670    
    0.9799000000000        1.090135239350    
    0.9800000000000        1.090230400000    
    0.9801000000000        1.090325127210    
    0.9802000000000        1.090419420570    
    0.9803000000000        1.090513279660    
    0.9804000000000        1.090606704080    
    0.9805000000000        1.090699693400    
    0.9806000000000        1.090792247220    
    0.9807000000000        1.090884365120    
    0.9808000000000        1.090976046690    
    0.9809000000000        1.091067291520    
    0.9810000000000        1.091158099200    
    0.9811000000000        1.091248469310    
    0.9812000000000        1.091338401430    
    0.9813000000000        1.091427895170    
    0.9814000000000        1.091516950090    
    0.9815000000000        1.091605565800    
    0.9816000000000        1.091693741880    
    0.9817000000000        1.091781477910    
    0.9818000000000        1.091868773480    
    0.9819000000000        1.091955628180    
    0.9820000000000        1.092042041600    
    0.9821000000000        1.092128013320    
    0.9822000000000        1.092213542940    
    0.9823000000000        1.092298630030    
    0.9824000000000        1.092383274190    
    0.9825000000000        1.092467475000    
    0.9826000000000        1.092551232050    
    0.9827000000000        1.092634544930    
    0.9828000000000        1.092717413220    
    0.9829000000000        1.092799836520    
    0.9830000000000        1.092881814400    
    0.9831000000000        1.092963346460    
    0.9832000000000        1.093044432280    
    0.9833000000000        1.093125071450    
    0.9834000000000        1.093205263560    
    0.9835000000000        1.093285008200    
    0.9836000000000        1.093364304950    
    0.9837000000000        1.093443153390    
    0.9838000000000        1.093521553130    
    0.9839000000000        1.093599503730    
    0.9840000000000        1.093677004800    
    0.9841000000000        1.093754055920    
    0.9842000000000        1.093830656670    
    0.9843000000000        1.093906806640    
    0.9844000000000        1.093982505420    
    0.9845000000000        1.094057752600    
    0.9846000000000        1.094132547760    
    0.9847000000000        1.094206890500    
    0.9848000000000        1.094280780390    
    0.9849000000000        1.094354217030    
    0.9850000000000        1.094427200000    
    0.9851000000000        1.094499728890    
    0.9852000000000        1.094571803290    
    0.9853000000000        1.094643422780    
    0.9854000000000        1.094714586960    
    0.9855000000000        1.094785295400    
    0.9856000000000        1.094855547700    
    0.9857000000000        1.094925343440    
    0.9858000000000        1.094994682210    
    0.9859000000000        1.095063563600    
    0.9860000000000        1.095131987200    
    0.9861000000000        1.095199952590    
    0.9862000000000        1.095267459350    
    0.9863000000000        1.095334507090    
    0.9864000000000        1.095401095370    
    0.9865000000000        1.095467223800    
    0.9866000000000        1.095532891960    
    0.9867000000000        1.095598099430    
    0.9868000000000        1.095662845800    
    0.9869000000000        1.095727130660    
    0.9870000000000        1.095790953600    
    0.9871000000000        1.095854314200    
    0.9872000000000        1.095917212060    
    0.9873000000000        1.095979646750    
    0.9874000000000        1.096041617870    
    0.9875000000000        1.096103125000    
    0.9876000000000        1.096164167730    
    0.9877000000000        1.096224745650    
    0.9878000000000        1.096284858340    
    0.9879000000000        1.096344505400    
    0.9880000000000        1.096403686400    
    0.9881000000000        1.096462400940    
    0.9882000000000        1.096520648600    
    0.9883000000000        1.096578428970    
    0.9884000000000        1.096635741640    
    0.9885000000000        1.096692586200    
    0.9886000000000        1.096748962230    
    0.9887000000000        1.096804869310    
    0.9888000000000        1.096860307050    
    0.9889000000000        1.096915275010    
    0.9890000000000        1.096969772800    
    0.9891000000000        1.097023800000    
    0.9892000000000        1.097077356190    
    0.9893000000000        1.097130440960    
    0.9894000000000        1.097183053900    
    0.9895000000000        1.097235194600    
    0.9896000000000        1.097286862640    
    0.9897000000000        1.097338057620    
    0.9898000000000        1.097388779110    
    0.9899000000000        1.097439026710    
    0.9900000000000        1.097488800000    
    0.9901000000000        1.097538098570    
    0.9902000000000        1.097586922010    
    0.9903000000000        1.097635269900    
    0.9904000000000        1.097683141840    
    0.9905000000000        1.097730537400    
    0.9906000000000        1.097777456180    
    0.9907000000000        1.097823897760    
    0.9908000000000        1.097869861730    
    0.9909000000000        1.097915347680    
    0.9910000000000        1.097960355200    
    0.9911000000000        1.098004883870    
    0.9912000000000        1.098048933270    
    0.9913000000000        1.098092503010    
    0.9914000000000        1.098135592650    
    0.9915000000000        1.098178201800    
    0.9916000000000        1.098220330040    
    0.9917000000000        1.098261976950    
    0.9918000000000        1.098303142120    
    0.9919000000000        1.098343825140    
    0.9920000000000        1.098384025600    
    0.9921000000000        1.098423743080    
    0.9922000000000        1.098462977180    
    0.9923000000000        1.098501727470    
    0.9924000000000        1.098539993550    
    0.9925000000000        1.098577775000    
    0.9926000000000        1.098615071410    
    0.9927000000000        1.098651882370    
    0.9928000000000        1.098688207460    
    0.9929000000000        1.098724046280    
    0.9930000000000        1.098759398400    
    0.9931000000000        1.098794263420    
    0.9932000000000        1.098828640920    
    0.9933000000000        1.098862530490    
    0.9934000000000        1.098895931720    
    0.9935000000000        1.098928844200    
    0.9936000000000        1.098961267510    
    0.9937000000000        1.098993201230    
    0.9938000000000        1.099024644970    
    0.9939000000000        1.099055598290    
    0.9940000000000        1.099086060800    
    0.9941000000000        1.099116032080    
    0.9942000000000        1.099145511710    
    0.9943000000000        1.099174499280    
    0.9944000000000        1.099202994380    
    0.9945000000000        1.099230996600    
    0.9946000000000        1.099258505520    
    0.9947000000000        1.099285520740    
    0.9948000000000        1.099312041830    
    0.9949000000000        1.099338068390    
    0.9950000000000        1.099363600000    
    0.9951000000000        1.099388636250    
    0.9952000000000        1.099413176730    
    0.9953000000000        1.099437221020    
    0.9954000000000        1.099460768720    
    0.9955000000000        1.099483819400    
    0.9956000000000        1.099506372660    
    0.9957000000000        1.099528428080    
    0.9958000000000        1.099549985250    
    0.9959000000000        1.099571043760    
    0.9960000000000        1.099591603200    
    0.9961000000000        1.099611663150    
    0.9962000000000        1.099631223190    
    0.9963000000000        1.099650282930    
    0.9964000000000        1.099668841930    
    0.9965000000000        1.099686899800    
    0.9966000000000        1.099704456120    
    0.9967000000000        1.099721510470    
    0.9968000000000        1.099738062440    
    0.9969000000000        1.099754111620    
    0.9970000000000        1.099769657600    
    0.9971000000000        1.099784699960    
    0.9972000000000        1.099799238300    
    0.9973000000000        1.099813272190    
    0.9974000000000        1.099826801230    
    0.9975000000000        1.099839825000    
    0.9976000000000        1.099852343090    
    0.9977000000000        1.099864355090    
    0.9978000000000        1.099875860580    
    0.9979000000000        1.099886859160    
    0.9980000000000        1.099897350400    
    0.9981000000000        1.099907333900    
    0.9982000000000        1.099916809240    
    0.9983000000000        1.099925776010    
    0.9984000000000        1.099934233800    
    0.9985000000000        1.099942182200    
    0.9986000000000        1.099949620790    
    0.9987000000000        1.099956549150    
    0.9988000000000        1.099962966890    
    0.9989000000000        1.099968873570    
    0.9990000000000        1.099974268800    
    0.9991000000000        1.099979152160    
    0.9992000000000        1.099983523230    
    0.9993000000000        1.099987381600    
    0.9994000000000        1.099990726860    
    0.9995000000000        1.099993558600    
    0.9996000000000        1.099995876400    
    0.9997000000000        1.099997679860    
    0.9998000000000        1.099998968550    
    0.9999000000000        1.099999742070    
     1.000000000000        1.100000000000    


    TABLES
    ------
    NUMBER OF TABLES . . . . . . . . . . =         0



    MATERIAL LAWS
    -------------
    NUMBER OF MATERIALS. . . . . . . . . =         1



     COHESIVE_REFERENCE_NOT_MEASURED
     MATERIAL NUMBER . . . . . . . . . . . . . . .=         1
     MATERIAL LAW. . . . . . . . . . . . . . . . .=       117

           MIXED MODE COHESIVE LAW 117  
           ---------------------------  

     INITIAL DENSITY . . . . . . . . . . . . . . . . . . . .= 1.0000000000000E-20
     STIFFNESS NORMAL TO THE PLANE OF THE COHESIVE ELEMENT .=  4400.000000000    
     STIFFNESS IN TO THE PLANE OF THE COHESIVE ELEMENT . . .=  800.0000000000    
     PEAK TRACTION IN NORMAL DIRECTION . . . . . . . . . . .=  450.0000000000    
     PEAK TRACTION IN TANGENTIAL DIRECTION . . . . . . . . .=  100.0000000000    
     FUNCTION OF THE PEAK TRACTION IN NORMAL DIRECTION. . . =         0
     FUNCTION OF THE PEAK TRACTION IN TANGENTIAL DIRECTION .=         0
     ABSCISSA SCALE FACTOR FOR THE PEAK TRACTION FUNCTIONS .=  1.000000000000    
     CHOICE OF PROPAGATION CRITERION . . . . . . . . . . . .=         1
                  = 1 => POWER LAW                   
                  = 2 => BENZEGGAGH-KENANE           
     ENERGY RELEASE RATE FOR MODE I. . . . . . . . . . . . .=  50.00000000000    
     ENERGY RELEASE RATE FOR MODE II . . . . . . . . . . . .=  50.00000000000    
     MAXIMUM DISPLACEMENT (FAILURE) FOR MODE I . . . . . . .= 0.2222222222222    
     MAXIMUM DISPLACEMENT (FAILURE) FOR MODE II. . . . . . .=  1.000000000000    
     POWER LAW EXPONENT MU . . . . . . . . . . . . . . . . .=  2.000000000000    
     BENZEGGAGH-KENANE EXPONENT MU . . . . . . . . . . . . .=  2.000000000000    
     BENZEGGAGH-KENANE EXPONENT GAMMA. . . . . . . . . . . .=  1.000000000000    
     CHOICE OF THE FAILURE CRITERION . . . . . . . . . . . .=         1
                  = 1 => DISP-BASED (COHDISP)                   
                  = 2 => ENERGY-BASED (COHENRG)                 
     CHOICE OF THE DAMAGE EVOLUTION. . . . . . . . . . . . .=         1
                  = 1 => LINEAR (LINEAR-LINEAR)                 
                  = 2 => EXPONENTIAL (LINEAR-EXPONENTIAL)       
                  = 3 => XU-NEEDLEMAN EXPONENTIAL (C-INFTY)     
     EXPONENTIAL DAMAGE EXPONENT ALPHA . . . . . . . . . . .=  3.000000000000    
     SYMMETRIC TENSION/COMPRESSION FLAG . . . . . . . . . . =         0
                  = 0:   ASYMMETRIC (ONLY TENSION DAMAGES)   
                  = 1:   SYMMETRIC (TENSION = COMPRESSION)   



         PROPERTY SETS
         -------------


ZERO_HEIGHT_COHESIVE                    
     SOLID SPOTWELD PROPERTY SET
     PROPERTY SET ID . . . . . . . . . . . .=         1
     SMALL STRAIN FLAG . . . . . . . . . . .=         1



       PARTS
       -----



PART:         1,COHESIVE_REFERENCE
----
     PROPERTY    :         1 (TYPE 43),ZERO_HEIGHT_COHESIVE
     MATERIAL    :         1 (LAW 117),COHESIVE_REFERENCE_NOT_MEASURED
     SUBSET      :         0
     FRAMEWORK   :         LAGRANGE


       HIERARCHICAL SUBSET ORGANIZATION
       --------------------------------


  
  
 SUBSET:         0,GLOBAL MODEL                                                                                                     
 ~~~~~~
  |
  |________Part(s):         1,COHESIVE_REFERENCE                      

     BOUNDARY CONDITIONS                                                                 
     -------------------                                                                 
       NODE  TRANS. ROTAT.         SKEW



     IMPOSED DISPLACEMENTS    
     -------------------    
         NODE         SKEW        FRAME  DIRECTION   LOAD_CURVE       SENSOR            FSCALE                ASCALE            START_TIME                 STOP_TIME
            5            0            0          X           90            0    1.000000000000        1.000000000000        0.000000000000       1.0000000000000E+30
            6            0            0          X           90            0    1.000000000000        1.000000000000        0.000000000000       1.0000000000000E+30
            7            0            0          X           90            0    1.000000000000        1.000000000000        0.000000000000       1.0000000000000E+30
            8            0            0          X           90            0    1.000000000000        1.000000000000        0.000000000000       1.0000000000000E+30
  
 SPMD IS CHECKING FOR ELEMENT DELETION IN : 
 A17_SHEAR_L10_0001.rad                                                                                       
 
 DOMAIN DECOMPOSITION USING MULTILEVEL KWAY
 ------------------------------------------
 DOMAIN DECOMPOSITION OPTIMIZED FOR PARALLEL ARITHMETIC ON
 DOMAIN DECOMPOSITION : OPTIMIZED FOR BROADWELL PROCESSOR
** INFO: SIMPLIFIED DOMAIN DECOMPOSITION




  ELEMENT TIME STEP IS NOT COMPUTED FOR MATERIAL LAW NO 117

 BRICK GROUP         1 VECTORIZATION CODE =    0


PART MASS & INERTIA
-------------------


PART :          1, COHESIVE_REFERENCE
            Mass             Ixx             Iyy             Izz             Ixy             Iyz             Izx
  1.00000000E-18  2.50000000E-17  2.50000000E-17  5.00000000E-17  0.00000000E+00  0.00000000E+00  0.00000000E+00
               X               Y               Z     Kin. Energy              Vx              Vy              Vz
  5.00000000E+00  5.00000000E+00  0.00000000E+00  0.00000000E+00  0.00000000E+00  0.00000000E+00  0.00000000E+00


PART ELEMENT/MATERIAL PARAMETER REVIEW:
-----------------------

Part id,name:         1 COHESIVE_REFERENCE     Mat type: 117 Elm type: SOLID-HEXA             
----
  Isolid  Ismstr   Icpre  Iframe    IHKT Itetra4 Itetra10 IMATVIS ICONTROL
       0       1       3       2       0       0       0       0       0
--      qa        qb   lamda_v      mu_v         h        dn
    0.0000    0.0000    0.0000    0.0000    0.0000    0.0000



     TOTAL MASS AND MASS CENTER
     --------------------------
                     MASS                    X                    Y                    Z

       8.000000000000       5.000000000000       5.000000000000       0.000000000000    


     TOTAL INERTIA
     -------------
                      IXX                  IYY                  IZZ                  IXY                  IYZ                  IZX
       200.0000000000       200.0000000000       400.0000000000       0.000000000000       0.000000000000       0.000000000000    



      ADDED NODAL NON-STRUCTURAL MASSES 
     -----------------------------------

      TOTAL ADDED MASS =   8.000000000000    




     TOTAL ADDED NON-STRUCTURAL INERTIA
     ------------------

      TOTAL ADDED INERTIA =   0.000000000000    




         SOLID ELEMENTS TIME STEP
         ------------------------

      TIME STEP       ELEMENT NUMBER
  1.0000000000000E+20              1


         NODAL TIME STEP (estimation)
         ---------------

      TIME STEP       NODE NUMBER
  1.0000000000000E+30              1
  1.0000000000000E+30              2
  1.0000000000000E+30              3
  1.0000000000000E+30              4
  1.0000000000000E+30              5
  1.0000000000000E+30              6
  1.0000000000000E+30              7
  1.0000000000000E+30              8


         NODAL TIME STEP DISTRIBUTION 
         ----------------------------


            % OF NODES
                   ^
                   |                                                            
         100.000 --|                                                         #  
                   |                                                         #  
                   |                                                         #  
                   |                                                         #  
                   |                                                         #  
                   |                                                         #  
                   |                                                         #  
                   |                                                         #  
                   |                                                         #  
                   |                                                         #  
                   |                                                         #  
                   |                                                         #  
                   |                                                         #  
                   |                                                         #  
                   |                                                         #  
                   |                                                         #  
                   |                                                         #  
                   |                                                         #  
                   |                                                         #  
                   |                                                         #  
                   |                                                         #  
                   |                                                         #  
           0.000 --|                                                         ## 
                    -------------------------------------------------------------> NODAL TIME STEP
                    |                                                          |
                1.000E+20                                                  1.000E+30
  
  
 SUMMARY OF POSSIBLE INCOMPATIBLE KINEMATIC CONDITIONS :
 -----------------------------------------------------
                                  
 NO TRUE INCOMPATIBLE KINEMATIC CONDITION

 
    STARTER STORAGE 
    --------------- 
 
    STARTER MEMORY USAGE        163 MB


     LOCAL ENGINE STORAGE EVALUATION FOR SPMD PROCESSOR     1
     --------------------------------------------------------
        RESTART FILE SIZE         0 MB
 

     RESTART FILES A17_SHEAR_L10_0000 WRITTEN
     -------------

  
------------------------------------------------------------------------
  
                   ** COMPUTE TIME INFORMATION **
  
 EXECUTION STARTED      :      2026/10/09  09:17:09
 EXECUTION COMPLETED    :      2026/10/09  09:17:10
  
 ELAPSED TIME...........=          1.16 s
                               00:00:01
  
------------------------------------------------------------------------



     NORMAL TERMINATION                                                                  
     ------------------                                                                  
              0 ERROR(S)            
              0 WARNING(S)          


